[
  {
    "review": "전체관람가는 아닌것 같아요",
    "date": "15.08.25",
    "rating": "10",
    "author": "dhrl****",
    "review_id": "10275182",
    "movie_id": "10001"
  },
  {
    "review": "디렉터스컷으로봐서 거의 3시간짜리인데 참 흡인력있다",
    "date": "15.08.25",
    "rating": "10",
    "author": "yuns****",
    "review_id": "10272934",
    "movie_id": "10001"
  },
  {
    "review": "태어나 처음으로 가슴아리는 영화였다.  20년이상 지났지만.. 생각하면  또 가슴이 아리는.. 황순원의 소나기에서 또 한번 느꼈던 그 느낌!",
    "date": "15.08.23",
    "rating": "10",
    "author": "supe****",
    "review_id": "10265507",
    "movie_id": "10001"
  },
  {
    "review": "어린시절 고딩때 봤던 때랑 또 결혼하고 나서 봤을때의 느낌은 확실히 다르네요. 뭔가 알프레도를 더 이해하게되고.. 토토와 알프레도의 우정이 정말 아름다운것이었음을, 토토의 첫사랑이 참 풋풋했음을 느낍니다~~그리고 언제들어도 사랑스러운 최고의 영화음악!",
    "date": "15.08.14",
    "rating": "10",
    "author": "clai****",
    "review_id": "10228406",
    "movie_id": "10001"
  },
  {
    "review": "토토에게 넓은 세상을 보여주고픈 알프레도.. 그가 토토를 위해 정을 떼려고 했던 장면에 왠지 씁쓸했고, 친구, 스승을 떠나 아버지 같은 느낌을 받게 되었다.. 평생 못잊을 장면이자 추억이다.",
    "date": "15.08.11",
    "rating": "10",
    "author": "dlag****",
    "review_id": "10216349",
    "movie_id": "10001"
  },
  {
    "review": "인생 최고의 영화. 말이 필요없음. 감독판은 감동이 좀 덜함.",
    "date": "15.08.11",
    "rating": "10",
    "author": "data****",
    "review_id": "10215502",
    "movie_id": "10001"
  },
  {
    "review": "아름다운 영화 지금까지 봤던 영화 중 끝까지 감동적이었던 영화",
    "date": "15.08.09",
    "rating": "10",
    "author": "sihj****",
    "review_id": "10210125",
    "movie_id": "10001"
  },
  {
    "review": "전율과 여운이 남는 영화",
    "date": "15.07.28",
    "rating": "10",
    "author": "hoji****",
    "review_id": "10153343",
    "movie_id": "10001"
  },
  {
    "review": "여지껏 내인생에서 젤 감동인 영화~!   영화음악의 거장 '엔리오모리꼬네'의 OST까지 완벽하다...",
    "date": "15.07.26",
    "rating": "10",
    "author": "vers****",
    "review_id": "10144075",
    "movie_id": "10001"
  },
  {
    "review": "내가 죽을때까지 이런 명작은 나오기 힘들것 같다.. 너무 아름답고 감동적인 영화..",
    "date": "15.07.25",
    "rating": "10",
    "author": "2pac****",
    "review_id": "10143317",
    "movie_id": "10001"
  },
  {
    "review": "내인생 최고의 영화!! 아직까지 이 영화를 봤을때의 감동을 잊을수 없다.",
    "date": "15.07.16",
    "rating": "10",
    "author": "juny****",
    "review_id": "10110910",
    "movie_id": "10001"
  },
  {
    "review": "음악을 들으면 자동으로 연상이 되는 정말 최고의 영화..감수성을 자극하고 우리나라에는 소나기가 있지만 외국에는 시네마 천국이 있죠..ㅎㅎ",
    "date": "15.07.16",
    "rating": "10",
    "author": "ando****",
    "review_id": "10108936",
    "movie_id": "10001"
  },
  {
    "review": "추억은 방울방울 추억을 먹고 사는 나이가 되니 이 영화가 눈물나도록 고맙다",
    "date": "15.07.15",
    "rating": "10",
    "author": "tomb****",
    "review_id": "10107833",
    "movie_id": "10001"
  },
  {
    "review": "이 영화에서 나의 향수를 느꼈다. 알베르토와 토토가 함께 자전거를 타며 배경음악이 흘러나오는 장면을 몇번이고 다시돌려봤다.너무사랑스럽다.",
    "date": "15.07.11",
    "rating": "8",
    "author": "rkd0****",
    "review_id": "10090369",
    "movie_id": "10001"
  },
  {
    "review": "정말 잘 만든 영화입니다. 몇 번을 봐도 그대로.",
    "date": "15.07.07",
    "rating": "10",
    "author": "alka****",
    "review_id": "10077060",
    "movie_id": "10001"
  },
  {
    "review": "나이를 먹고 보니 또 다른 맛이 난다.",
    "date": "15.07.02",
    "rating": "10",
    "author": "heod****",
    "review_id": "10062174",
    "movie_id": "10001"
  },
  {
    "review": "영화 자체에 대한 순수한 꿈, 꿈 속에서 자리하는 영화",
    "date": "15.06.28",
    "rating": "8",
    "author": "syoc****",
    "review_id": "10048581",
    "movie_id": "10001"
  },
  {
    "review": "영화의 영화에 의한 영화를 의한 명작",
    "date": "15.06.22",
    "rating": "10",
    "author": "nap3****",
    "review_id": "10021682",
    "movie_id": "10001"
  },
  {
    "review": "3시간짜리 감독판만 봤다. 초반부는 좋다.중반 넘어가서는 대체 뭐하자는 영화인지 모르겠다.검색해봤는데 감독판에  추가된 부분들이 최악이라는 인식을 심어준듯하다 ost를 좋아했고 평가가 좋은 영화라 끝까지 이해하려 했지만...난 영알못이 맞나보다...",
    "date": "15.06.10",
    "rating": "5",
    "author": "dday****",
    "review_id": "9987628",
    "movie_id": "10001"
  },
  {
    "review": "워낙 이름난 작품이라 봤는데, 저는 왠지 별 감흥이 없네요. 나중에 다시 한번 볼께요.",
    "date": "15.06.07",
    "rating": "1",
    "author": "kpcc****",
    "review_id": "9981075",
    "movie_id": "10001"
  },
  {
    "review": "이걸 보지 않고 영화를 봤다고 말하지 말라",
    "date": "15.06.07",
    "rating": "10",
    "author": "yuri****",
    "review_id": "9980954",
    "movie_id": "10001"
  },
  {
    "review": "이보다 완벽한 영화가 또 있을까? 중2때 배트맨을 보러 갔다가 동시상영으로 본 영화가 내 인생 최고이 영화가 되었다! 다른 말이 필요 없다. 그냥 최고다!",
    "date": "15.05.30",
    "rating": "10",
    "author": "horr****",
    "review_id": "9961508",
    "movie_id": "10001"
  },
  {
    "review": "최고의 영화를 지금 다시 볼 수 있어서 좋았습니다.",
    "date": "15.05.27",
    "rating": "9",
    "author": "thek****",
    "review_id": "9953538",
    "movie_id": "10001"
  },
  {
    "review": "아름답고 여운이 남는, 좋은 영화1988년도의 최고의 명작",
    "date": "15.05.22",
    "rating": "8",
    "author": "kenn****",
    "review_id": "9938812",
    "movie_id": "10001"
  },
  {
    "review": "영화의 처음과 끝. 나의 감성을 일깨워준 영화",
    "date": "15.05.13",
    "rating": "10",
    "author": "dong****",
    "review_id": "9914929",
    "movie_id": "10001"
  },
  {
    "review": "순수하게 봤던 극장판, 순수하지 못한 감독판. 뉘앙스가 달라진 알프레도.",
    "date": "15.05.10",
    "rating": "9",
    "author": "jms5****",
    "review_id": "9908566",
    "movie_id": "10001"
  },
  {
    "review": "알프레도의 아바다카다브라와 토토가 받은 키스신장면은 최고로 아름답다",
    "date": "15.05.01",
    "rating": "10",
    "author": "darr****",
    "review_id": "9882704",
    "movie_id": "10001"
  },
  {
    "review": "커서 영화의 관한 직업을 갖고싶다면 꼭 볼것!!",
    "date": "15.04.28",
    "rating": "8",
    "author": "ksa2****",
    "review_id": "9874820",
    "movie_id": "10001"
  },
  {
    "review": "이십대중반 여자친구랑 몇일 전 헤어지고 혼자 보고 펑펑울며 봤습니다. 잊혀지지않네요..",
    "date": "15.04.27",
    "rating": "10",
    "author": "rago****",
    "review_id": "9873951",
    "movie_id": "10001"
  },
  {
    "review": "성매매,스토킹,불륜... 이런 쓰레기 영화가 어떻게 전체관람가냐?",
    "date": "15.04.17",
    "rating": "1",
    "author": "mien****",
    "review_id": "9849698",
    "movie_id": "10001"
  },
  {
    "review": "정말 영화에 어울리는 소재를 표현한 영화이다..대박",
    "date": "15.04.07",
    "rating": "10",
    "author": "ccor****",
    "review_id": "9832944",
    "movie_id": "10001"
  },
  {
    "review": "현실에선 알프레도와 같은 친구를 찾기 어렵다. 아니 불가능하다. 영화의 메세지가 와닿는다. \"현실은 영화와 달라\"",
    "date": "15.04.04",
    "rating": "9",
    "author": "mrlu****",
    "review_id": "9825547",
    "movie_id": "10001"
  },
  {
    "review": "내 인생영화.. 마지막장면에 알프레도가 모은 필름을 상영하는 토토의 모습이 나온다. 너무 멋진 마무리였고 감동적이였다ㅠㅠ",
    "date": "15.04.02",
    "rating": "10",
    "author": "choc****",
    "review_id": "9821094",
    "movie_id": "10001"
  },
  {
    "review": "OST와 함께 진짜 완벽한 영화입니다. 영화가 개봉한 후 10년 후에 태어난 저에게도  너무 슬프고 감동적인 영화입니다.",
    "date": "15.03.27",
    "rating": "10",
    "author": "leej****",
    "review_id": "9810127",
    "movie_id": "10001"
  },
  {
    "review": "나와 당신의 일생이 담겨있는 영화",
    "date": "15.03.22",
    "rating": "10",
    "author": "kty5****",
    "review_id": "9800927",
    "movie_id": "10001"
  },
  {
    "review": "정말정말 좋다. 영화가 좋고 시네마천국 이란 영화가 좋았다. 두시간동안 가슴이뛰었다.",
    "date": "15.03.21",
    "rating": "10",
    "author": "sage****",
    "review_id": "9798340",
    "movie_id": "10001"
  },
  {
    "review": "나이가 들어 다시보면 또 다른 느낌일 것 같은 명작. 마지막 씬에 엔니오 모리꼬네의 러브테마가 흐르니까 더 극적으로 와닿았습니다. 전국을 돌아다니며 영화 상영을 하시던 돌아가신 할아버지가 생각이 납니다.",
    "date": "15.03.19",
    "rating": "10",
    "author": "qlic****",
    "review_id": "9793389",
    "movie_id": "10001"
  },
  {
    "review": "최고입니다 마스터피스",
    "date": "15.03.08",
    "rating": "10",
    "author": "hhpo****",
    "review_id": "9766194",
    "movie_id": "10001"
  },
  {
    "review": "가장 먼저 봐야하는 영화!! 나이가 들어감에따라 또 다른 감동과 여운을 남기는 그야말로시네마천국인 영화!!!",
    "date": "15.03.03",
    "rating": "10",
    "author": "carm****",
    "review_id": "9754068",
    "movie_id": "10001"
  },
  {
    "review": "뜨겁게 사랑한적이 있는 자는 이 영화를 보라. 꺼져버린 불씨가 살아나 당신을 따뜻하게 덥혀줄 것이다.",
    "date": "15.03.01",
    "rating": "10",
    "author": "fama****",
    "review_id": "9749667",
    "movie_id": "10001"
  },
  {
    "review": "알프레도의 장례식후 옛여인 엘레나를 만나 알프레도를 비난했을때는 토토란 인물을 비난했지만...마지막 필름을 보면서 눈물을 흘리는 토토를 보면서 모든게 이해가 됐다.",
    "date": "15.03.01",
    "rating": "9",
    "author": "bdcs****",
    "review_id": "9748967",
    "movie_id": "10001"
  },
  {
    "review": "다들 영화 보기는 하고 쓰는거냐.ㅎ",
    "date": "15.02.27",
    "rating": "9",
    "author": "tria****",
    "review_id": "9742170",
    "movie_id": "10001"
  },
  {
    "review": "슬프지않다...그런데 키스장면에서 가슴이 아프고 눈물이 흐르는 이유를 모르겠다..아..옛사랑이여...",
    "date": "15.02.25",
    "rating": "10",
    "author": "cree****",
    "review_id": "9736642",
    "movie_id": "10001"
  },
  {
    "review": "정말 영화수업때 봤던건데 아직도 기억이 난다. 정말 까먹지 못할정도로 인상적이었다. 정말 명작이다. 이걸보고 영화에 대한 관심이 높아졌던것같다.",
    "date": "15.02.24",
    "rating": "10",
    "author": "rnld****",
    "review_id": "9735565",
    "movie_id": "10001"
  },
  {
    "review": "감동과 웃을 한번에 주는 영화",
    "date": "15.02.24",
    "rating": "10",
    "author": "rbeh****",
    "review_id": "9734541",
    "movie_id": "10001"
  },
  {
    "review": "요즘영화같이 쉽고 가벼운 영화가 아니라서 더 마음이 간다 내 안의 감정까지 들쑤시는 명화 사랑에 대해서...",
    "date": "15.02.23",
    "rating": "10",
    "author": "crea****",
    "review_id": "9731912",
    "movie_id": "10001"
  },
  {
    "review": "내 삶에도 알프레도 아저씨 같은 분이 계셨으면 좋겠다.",
    "date": "15.02.16",
    "rating": "10",
    "author": "rntp****",
    "review_id": "9703767",
    "movie_id": "10001"
  },
  {
    "review": "보는 내내 영화를 위한 명작을 보고 있구나 싶다. 삶이 영화같다.",
    "date": "15.02.13",
    "rating": "10",
    "author": "tpfl****",
    "review_id": "9693232",
    "movie_id": "10001"
  },
  {
    "review": "장황하게 써봤자 내 감동을 온전히 표현할 수 없을테고. 영화도 OST도 분위기깡패다",
    "date": "15.02.10",
    "rating": "10",
    "author": "madf****",
    "review_id": "9684668",
    "movie_id": "10001"
  },
  {
    "review": "영화가 있어서 인생이 아름답고, 그래서 영화를 사랑한다.",
    "date": "15.01.27",
    "rating": "10",
    "author": "kimg****",
    "review_id": "9641056",
    "movie_id": "10001"
  },
  {
    "review": "감독판이 스토리가 제대로예요. 꼭보세요. 명곡이 어우러진 명작입니다. 미션, 러브어페어도 엔리오모리꼬네의 명곡이 들어간 명작이구요. 이런 영화를 점점 쉽게 찾아서 보기힘든게 아쉽네요.",
    "date": "15.01.18",
    "rating": "10",
    "author": "ppog****",
    "review_id": "9608004",
    "movie_id": "10001"
  },
  {
    "review": "변화와 이별, 그러나 필름 속의 영원한 추억들",
    "date": "15.01.10",
    "rating": "10",
    "author": "yjle****",
    "review_id": "9579691",
    "movie_id": "10001"
  },
  {
    "review": "이 영화는 10점을 줘도 부족합니다.",
    "date": "15.01.10",
    "rating": "10",
    "author": "crig****",
    "review_id": "9579516",
    "movie_id": "10001"
  },
  {
    "review": "영화를 해석해서 보면 안된다는 인식을 바꾸어 준 영화이다. 그냥 영화 속의 있는 그대로의 스토리를 받아 드리면 된다 아련한 첫사랑의 기억과 한 아이의 성장이야기로만 해석이 끝난다. 명작이다 시대를 초월한 명작이다. 알프레도의 대사가 너무 와닿는다...",
    "date": "14.12.27",
    "rating": "10",
    "author": "sung****",
    "review_id": "9523375",
    "movie_id": "10001"
  },
  {
    "review": "개노잼인데????왜그렇게 극찬하는거야대체?",
    "date": "14.12.26",
    "rating": "2",
    "author": "rlat****",
    "review_id": "9519711",
    "movie_id": "10001"
  },
  {
    "review": "내 평생 영화가 아름다워서 운건 처음이네...",
    "date": "14.12.25",
    "rating": "10",
    "author": "er10****",
    "review_id": "9516113",
    "movie_id": "10001"
  },
  {
    "review": "사운드 트랙만 들어오 눈물이 난다. 인생영화",
    "date": "14.12.20",
    "rating": "10",
    "author": "sood****",
    "review_id": "9491298",
    "movie_id": "10001"
  },
  {
    "review": "그냥 최고임 그시절 그감동 잊을 수 없다 영화도 좋지만 마지막 키스장면들이 인상적인데 엔니오모리코네의 러브테마가 아니라면 그 장면은 아무것도 아니다",
    "date": "14.12.18",
    "rating": "10",
    "author": "mona****",
    "review_id": "9486953",
    "movie_id": "10001"
  },
  {
    "review": "토토와 아저씨의 아름다운 우정이 안타까우면서도 감동적이고, 마지막 장면에서 정말 가슴이 따뜻해지는 영화",
    "date": "14.12.17",
    "rating": "10",
    "author": "bje0****",
    "review_id": "9481325",
    "movie_id": "10001"
  },
  {
    "review": "영화는 현실이라는걸 깨닫다.",
    "date": "14.12.16",
    "rating": "9",
    "author": "rkfm****",
    "review_id": "9479111",
    "movie_id": "10001"
  },
  {
    "review": "우리는 영화와 어떻게 관계맺고, 영화속 현실을 배우고, 현실에서 영화를 찍어나가고 있는걸까.",
    "date": "14.12.14",
    "rating": "10",
    "author": "seyu****",
    "review_id": "9474639",
    "movie_id": "10001"
  },
  {
    "review": "이걸이제보다니안보신든분들 후회하지말고 꼭 꼭 정말 보세요3시간후딱갑니다",
    "date": "14.12.02",
    "rating": "10",
    "author": "yiju****",
    "review_id": "9442065",
    "movie_id": "10001"
  },
  {
    "review": "이 영화를 보고있으면 추억이 새록새록 떠오름.",
    "date": "14.11.29",
    "rating": "8",
    "author": "phea****",
    "review_id": "9433126",
    "movie_id": "10001"
  },
  {
    "review": "영화를 좋아했던 마을 사람들의 순수했던 모습이 참 보기 좋았네요. 그리고 알프레도의 선물을 확인하는 엔딩신..가슴 뭉클했던 장면이었습니다. OST도 기억에 많이 남는 영화!",
    "date": "14.11.21",
    "rating": "9",
    "author": "qhrt****",
    "review_id": "9406255",
    "movie_id": "10001"
  },
  {
    "review": "내 인생 최고의 영화. 선도야 너무 고맙다. 사랑한다~",
    "date": "14.11.21",
    "rating": "10",
    "author": "pie0****",
    "review_id": "9405573",
    "movie_id": "10001"
  },
  {
    "review": "방심하면 저처럼 웁니다",
    "date": "14.11.18",
    "rating": "10",
    "author": "kick****",
    "review_id": "9397674",
    "movie_id": "10001"
  },
  {
    "review": "원작은 170분  짜리인가요?? 지금 2013년 재개봉한게 장면을 많이 짤라먹어서 그런지는  몰라도 기대에 훨씬 못미치네요",
    "date": "14.11.02",
    "rating": "6",
    "author": "hyun****",
    "review_id": "9337383",
    "movie_id": "10001"
  },
  {
    "review": "고향에 대한 애증.. 이탈리아 영화의 힘!",
    "date": "14.10.31",
    "rating": "10",
    "author": "pont****",
    "review_id": "9330322",
    "movie_id": "10001"
  },
  {
    "review": "음 머 이런영화가 다 있어",
    "date": "14.10.24",
    "rating": "10",
    "author": "simj****",
    "review_id": "9313788",
    "movie_id": "10001"
  },
  {
    "review": "첫사랑과 다시 재회하는 그순간 왜그리도 눈물이 나던지 너무 많이 울었네요 최고입니다.",
    "date": "14.10.23",
    "rating": "10",
    "author": "myjl****",
    "review_id": "9308660",
    "movie_id": "10001"
  },
  {
    "review": "말이 필요있나..일단 봐라..좌경화된 한국영화가 얼마나 쓰레기인지 알수 있다.",
    "date": "14.10.16",
    "rating": "10",
    "author": "snow****",
    "review_id": "9295801",
    "movie_id": "10001"
  },
  {
    "review": "이유없이 눈물이 흐른다",
    "date": "14.10.15",
    "rating": "9",
    "author": "semi****",
    "review_id": "9293997",
    "movie_id": "10001"
  },
  {
    "review": "현명한 친구이자 조언자였던 알프레도. 약속을 담은 마지막 선물로 유종의 미를 거두다.",
    "date": "14.10.07",
    "rating": "7",
    "author": "jiyu****",
    "review_id": "9270923",
    "movie_id": "10001"
  },
  {
    "review": "진짜 최고영화 봐도봐도 마지막 장면은 최고다",
    "date": "14.10.05",
    "rating": "10",
    "author": "jobe****",
    "review_id": "9266368",
    "movie_id": "10001"
  },
  {
    "review": "영화 편집자는 감독보다 위대하다. 이 영화에 대한 추억을 간진하고 싶은 분은 편집본만 보길 바란다. 무편집 본 보는 순간 환상은 깨진다.",
    "date": "14.10.04",
    "rating": "5",
    "author": "uniq****",
    "review_id": "9260583",
    "movie_id": "10001"
  },
  {
    "review": "역시 명작... OST도 하나같이 주옥같다.",
    "date": "14.10.03",
    "rating": "10",
    "author": "shel****",
    "review_id": "9257145",
    "movie_id": "10001"
  },
  {
    "review": "1980년대이런영화를 만들었다는것에 찬사를",
    "date": "14.09.29",
    "rating": "10",
    "author": "char****",
    "review_id": "9249252",
    "movie_id": "10001"
  },
  {
    "review": "마지막 키스장면들을 보며 한 동안 눈물을 흘렸습니다.토토의 젖은 눈시울과 환한 미소는 복잡한 감정을 잘 표현했습니다.좋은 영화를 보여주셔서 감사합니다.",
    "date": "14.09.26",
    "rating": "10",
    "author": "msbr****",
    "review_id": "9241666",
    "movie_id": "10001"
  },
  {
    "review": "그냥 명작이다.말할 필요 없음",
    "date": "14.09.23",
    "rating": "10",
    "author": "woon****",
    "review_id": "9236808",
    "movie_id": "10001"
  },
  {
    "review": "1점을 주던 10점을 주던 취향과 관점의 문제라서 괜찮다, 다만 나도 개인의 취향대로 명작을 못 알아보는 무식한 놈들이 싫다, 1점도 아까운 놈들... 책도 읽고 경험도 쌓고 세상을 바라보는 눈깔 좀 씻고 영화 다시보시길.. 무식한놈들한텐 아까운 영화",
    "date": "14.09.23",
    "rating": "10",
    "author": "tlfw****",
    "review_id": "9236212",
    "movie_id": "10001"
  },
  {
    "review": "내게 인생을 알려준 영화. 삶의 깊이라는 것을 알려준 영화. 그리고 음악의 아름다움을 알게 해준 영화. 이것을 보지 않고 영화를 논하기는 어려울 것이다.",
    "date": "14.09.21",
    "rating": "10",
    "author": "mioh****",
    "review_id": "9230329",
    "movie_id": "10001"
  },
  {
    "review": "가장 좋아하는 영화가 무엇이냐고 물으면 시네마천국이라고 말합니다",
    "date": "14.09.18",
    "rating": "10",
    "author": "kcwj****",
    "review_id": "9222309",
    "movie_id": "10001"
  },
  {
    "review": "인생에 대해서 다시한번 생각하게 해주는 영화",
    "date": "14.09.15",
    "rating": "10",
    "author": "tksw****",
    "review_id": "9217565",
    "movie_id": "10001"
  },
  {
    "review": "20점 주고 싶네요^^",
    "date": "14.09.13",
    "rating": "10",
    "author": "hamp****",
    "review_id": "9209268",
    "movie_id": "10001"
  },
  {
    "review": "기대이하...그시절 그시대에 만든영화치곤 괜찮은것 같다...",
    "date": "14.09.12",
    "rating": "7",
    "author": "wkik****",
    "review_id": "9206269",
    "movie_id": "10001"
  },
  {
    "review": "조금 지루한면이 있지만 괜찮았다  혼자 영화관에서 영화를 보면서 웃는장면이 인상적이다",
    "date": "14.09.10",
    "rating": "8",
    "author": "wjaw****",
    "review_id": "9196296",
    "movie_id": "10001"
  },
  {
    "review": "진짜 옛날에 한 번 봤는데 이 영화 ost만 들어도 가슴이 뭉클. 이런 영화가 진짜 명화 아닌가요? ^^ 엔리오 모리꼬네 진짜 천재입니다",
    "date": "14.09.09",
    "rating": "10",
    "author": "jjk8****",
    "review_id": "9188203",
    "movie_id": "10001"
  },
  {
    "review": "과거, 추억, 향수, 그리고 영화에 대한 경배",
    "date": "14.09.09",
    "rating": "7",
    "author": "breg****",
    "review_id": "9187785",
    "movie_id": "10001"
  },
  {
    "review": "영화도 영화지만 영화의 재미를 배로 해주는 OST는 정말 명곡이다 엔니오모리꼬네를 만난 뵌것은 영광이었다....",
    "date": "14.09.03",
    "rating": "10",
    "author": "lbi1****",
    "review_id": "9158769",
    "movie_id": "10001"
  },
  {
    "review": "감동적임. 아마 건축학개론에 상당한 영감을 준 영화가 아닐까 생각해봅니다.",
    "date": "14.08.21",
    "rating": "10",
    "author": "ksk0****",
    "review_id": "9117685",
    "movie_id": "10001"
  },
  {
    "review": "와진짜 지금의 저한테 딱맞는영화.. 대학여름방학에 고향에 오니까 먼가 과거에 멈춰서 있는느낌?? 방학동안 발전이 없는 느낌?? 이학기부턴 이제 마음먹고 공부운동하면서 과거 고향 생각말고 앞만보고 살아야겟어용",
    "date": "14.08.18",
    "rating": "10",
    "author": "rlae****",
    "review_id": "9105307",
    "movie_id": "10001"
  },
  {
    "review": "어린시절 언젠가, 어디에선가 맡았던 잊을 수 없는 좋은 향기같은.. 보물함이 있다면 그 속에 소중히 담아두고 싶은, 참 아름답고 아련한 영화.",
    "date": "14.08.14",
    "rating": "10",
    "author": "rlae****",
    "review_id": "9083497",
    "movie_id": "10001"
  },
  {
    "review": "내 생에 최고의 영화 다시 없을 명작",
    "date": "14.08.13",
    "rating": "10",
    "author": "vete****",
    "review_id": "9079225",
    "movie_id": "10001"
  },
  {
    "review": "평점에다 엔딩장면 묘사 좀 하지마세요 호감순 상위에 있는 평점도 엄청써놨네.. 님들 감동적인건 알겠는데 그런거 다 써놓으면 아직 안본사람은 감동할거 준비하고 감동하나?? 덕분에 다 알고 봐서 감동 반감됬음 진짜 .. 영화 자체는 청년 토토 빼고 훌륭",
    "date": "14.08.12",
    "rating": "8",
    "author": "love****",
    "review_id": "9071299",
    "movie_id": "10001"
  },
  {
    "review": "사랑의 아름다움과 아픔을 가슴 저리게 느낄 수 있는 영화",
    "date": "14.08.12",
    "rating": "10",
    "author": "jh96****",
    "review_id": "9070900",
    "movie_id": "10001"
  },
  {
    "review": "두눈똑바로떠라!!!",
    "date": "14.08.11",
    "rating": "10",
    "author": "a690****",
    "review_id": "9067707",
    "movie_id": "10001"
  },
  {
    "review": "내 인생에 최고의 영화 중학교때 보고 다시한번 보니최고의 영화고 인생을 다시한번 되돌아 보는 영화인것같습니다",
    "date": "14.08.07",
    "rating": "10",
    "author": "sky8****",
    "review_id": "9041983",
    "movie_id": "10001"
  },
  {
    "review": "내인생 최고의 영화. 다섯번보고 이OO전에 보고도 아직도 그 음악에 마음이 동요되는 내인생에 추억이 된 영화.ㅡ제작한 여러분께 정말... ^^",
    "date": "14.08.04",
    "rating": "10",
    "author": "brow****",
    "review_id": "9022171",
    "movie_id": "10001"
  },
  {
    "review": "어린시절 영화라 정확히 기억은 안나지만 슬펐던걸로 기억. 나중에 꼭 다시 한번 보고픈영화.",
    "date": "14.08.02",
    "rating": "10",
    "author": "jere****",
    "review_id": "9004621",
    "movie_id": "10001"
  },
  {
    "review": "다른영화가 기억이 나질 않을 정도로...♥",
    "date": "14.08.01",
    "rating": "9",
    "author": "call****",
    "review_id": "9003503",
    "movie_id": "10001"
  }
]