[
  {
    "review": "전편보다 더 업그레이드된 대작",
    "date": "15.08.16",
    "rating": "10",
    "author": "trex****",
    "review_id": "10242870",
    "movie_id": "10006"
  },
  {
    "review": "역대급 명대사를 낳은 역대급 명작! 다음편이 기대된다!",
    "date": "15.08.16",
    "rating": "8",
    "author": "cobb****",
    "review_id": "10242311",
    "movie_id": "10006"
  },
  {
    "review": "솔직히 스타워즈 시리즈가 왜 재밌는지 모르겟다 얼름별 눈보라 우주괴물입속에서 탈출",
    "date": "15.08.12",
    "rating": "8",
    "author": "jij4****",
    "review_id": "10220130",
    "movie_id": "10006"
  },
  {
    "review": "꾹꾹 눌러 담은 스토리의 폭발. 79년에 이런 영화 제작이 가능했다는 건 기적.",
    "date": "15.08.12",
    "rating": "9",
    "author": "tear****",
    "review_id": "10218754",
    "movie_id": "10006"
  },
  {
    "review": "I am your father",
    "date": "15.08.11",
    "rating": "10",
    "author": "sml0****",
    "review_id": "10217610",
    "movie_id": "10006"
  },
  {
    "review": "35년의 세월은 너무나도 길다.",
    "date": "15.08.02",
    "rating": "5",
    "author": "soqu****",
    "review_id": "10177651",
    "movie_id": "10006"
  },
  {
    "review": "아날로그 미니어쳐 촬영의 극한을 보여주는 밀레니엄 팔콘의 액션씬은 엄청나다. 물론 지금 본다면 다소 아쉬운 것도 사실이다. 이야기도 아무도 예상 못하는 전개되면서 억지스럽다거나 부자연스럽지 않다는 것이 훌륭하다.",
    "date": "15.07.07",
    "rating": "7",
    "author": "inos****",
    "review_id": "10077012",
    "movie_id": "10006"
  },
  {
    "review": "I'm your father ... ㅎㄷㄷㄷ",
    "date": "15.07.05",
    "rating": "10",
    "author": "huma****",
    "review_id": "10070286",
    "movie_id": "10006"
  },
  {
    "review": "4보다는 낫다. ㅇㅇㅇㅇ",
    "date": "15.07.03",
    "rating": "7",
    "author": "sa2d****",
    "review_id": "10066464",
    "movie_id": "10006"
  },
  {
    "review": "시스의복수가 흥미진진하고 이게 감동적이었는데..",
    "date": "15.06.20",
    "rating": "10",
    "author": "jomi****",
    "review_id": "10016098",
    "movie_id": "10006"
  },
  {
    "review": "완전 재미있다.ㅎㅎ",
    "date": "15.06.18",
    "rating": "10",
    "author": "gun0****",
    "review_id": "10009757",
    "movie_id": "10006"
  },
  {
    "review": "전편보다 더 오락적인 작품..",
    "date": "15.06.10",
    "rating": "8",
    "author": "nine****",
    "review_id": "9988507",
    "movie_id": "10006"
  },
  {
    "review": "애들아 시대를 감안하면 이건 그냥 미친거고 안해도 이건 명작.",
    "date": "15.06.07",
    "rating": "10",
    "author": "kjad****",
    "review_id": "9981859",
    "movie_id": "10006"
  },
  {
    "review": "다스베이더 목소리에 반하겠네",
    "date": "15.06.04",
    "rating": "9",
    "author": "phea****",
    "review_id": "9975856",
    "movie_id": "10006"
  },
  {
    "review": "클래식 중에서 가장 인상깊은 작품이었다. 생각보다 어색하지 않고 시대를 앞서가는 게 뭔지 느끼게 하는 작품.",
    "date": "15.06.02",
    "rating": "10",
    "author": "thel****",
    "review_id": "9970261",
    "movie_id": "10006"
  },
  {
    "review": "시대를 앞서간 천재 조지루카스! 요즘 CG가 난무한 SF 영화와 비교할수 없는 캐릭터의 디테일과 웅장한 스케일의 스토리.앞으로 다시 나올 수 없는 전 영화 통틀어  걸작이다.",
    "date": "15.05.24",
    "rating": "10",
    "author": "ymsh****",
    "review_id": "9943347",
    "movie_id": "10006"
  },
  {
    "review": "최고의 영화~~봐도봐도 질리지 않는 감동!!!",
    "date": "15.05.17",
    "rating": "10",
    "author": "gree****",
    "review_id": "9924548",
    "movie_id": "10006"
  },
  {
    "review": "탄탄한 이야기 전개가 시리즈의 재미를 이어가는군",
    "date": "15.04.21",
    "rating": "7",
    "author": "guev****",
    "review_id": "9855980",
    "movie_id": "10006"
  },
  {
    "review": "7편이 나온다길래 어릴적보고는 다시 보는데 몰아보니 무슨내용인지 확실히 알수가 있어서 흥미로웠다. 이편에서 스타워즈의 가장 유명한대사인  \"내가 너의 아버지다\" 라는 당시도 충격이었다. 그리고 팔목이 날아가버리는것도 어릴적 충격이었다.",
    "date": "15.04.05",
    "rating": "10",
    "author": "next****",
    "review_id": "9828155",
    "movie_id": "10006"
  },
  {
    "review": "스타워즈 시리즈중에 5,6는 정말 재밌음",
    "date": "15.03.12",
    "rating": "10",
    "author": "time****",
    "review_id": "9773931",
    "movie_id": "10006"
  },
  {
    "review": "스타워즈 6편 중에 가장 멋진 영화입니다.",
    "date": "15.02.20",
    "rating": "10",
    "author": "home****",
    "review_id": "9717698",
    "movie_id": "10006"
  },
  {
    "review": "독보적인 성과를 거둔 루카스의 집념과 창대한 역습으로 남을 대중영화.",
    "date": "15.02.14",
    "rating": "10",
    "author": "ogr5****",
    "review_id": "9696402",
    "movie_id": "10006"
  },
  {
    "review": "캐릭터와 기술의 완벽한 조화",
    "date": "15.02.10",
    "rating": "9",
    "author": "jjog****",
    "review_id": "9684442",
    "movie_id": "10006"
  },
  {
    "review": "적어도 나에게는 최고의 SF영화이고 앞으로도 그럴거다 전작보다 훌륭한 발전을 이루엇음은 물론이고 이 영화에서 느껴지는 웅장함 긴장감과 감동은 언제나 봐도 대단하다고 느껴진다 내가 스타워즈 시리즈를 좋아하는 이유의 절반 이상은 이 영화 덕분이다",
    "date": "15.02.09",
    "rating": "10",
    "author": "dlvm****",
    "review_id": "9681097",
    "movie_id": "10006"
  },
  {
    "review": "이게 제일 좋다. 이건 완전 핵꿀잼이다",
    "date": "15.01.27",
    "rating": "10",
    "author": "jhw4****",
    "review_id": "9643374",
    "movie_id": "10006"
  },
  {
    "review": "내 인생 최고의 SF영화라 칭하고 싶다. 비록 스타워즈의 시작은 4편이나 지금의 스타워즈를 만든건 5편이다",
    "date": "15.01.24",
    "rating": "10",
    "author": "dltk****",
    "review_id": "9628678",
    "movie_id": "10006"
  },
  {
    "review": "I'm you father~ 근데 손모가지는 왜 잘랐니? 탄소봉인된 불쌍한 한솔로",
    "date": "15.01.14",
    "rating": "9",
    "author": "ador****",
    "review_id": "9594826",
    "movie_id": "10006"
  },
  {
    "review": "쩌는데?이런영화가이시대때",
    "date": "15.01.11",
    "rating": "10",
    "author": "xx41****",
    "review_id": "9582396",
    "movie_id": "10006"
  },
  {
    "review": "루크는 아버지와 스승을 한솔로는 여인과 배신한친구를 아버지는 부하들을 경쟁시키고 그것도 모자라 외부인력동원하고,루크와 한솔로는 한여인을 두고 경쟁하고 루크는 한솔로를  배신한 친구와 힘을합하고.  근 현대영화의 모든설정이 다 들어간 걸작~",
    "date": "15.01.03",
    "rating": "10",
    "author": "ajho****",
    "review_id": "9555231",
    "movie_id": "10006"
  },
  {
    "review": "SF라는 장르뿐만 아니라 영화 역사에 획을 그은 영화",
    "date": "14.12.24",
    "rating": "10",
    "author": "rcan****",
    "review_id": "9505702",
    "movie_id": "10006"
  },
  {
    "review": "내가 니 xx다 소름..",
    "date": "14.12.23",
    "rating": "9",
    "author": "didr****",
    "review_id": "9503507",
    "movie_id": "10006"
  },
  {
    "review": "명성이 자자해서 기대했지만 만족스럽지 못했다. 가가 가아빠였다는게 좀 놀라웠을뿐 유치했다",
    "date": "14.12.18",
    "rating": "6",
    "author": "zxvt****",
    "review_id": "9484607",
    "movie_id": "10006"
  },
  {
    "review": "부제목 개간지 제국의 역습!",
    "date": "14.11.26",
    "rating": "10",
    "author": "jsga****",
    "review_id": "9424587",
    "movie_id": "10006"
  },
  {
    "review": "프리퀄과 비교가 안되는 위대한 영화",
    "date": "14.11.13",
    "rating": "10",
    "author": "jdss****",
    "review_id": "9377695",
    "movie_id": "10006"
  },
  {
    "review": "사운드 영상미 스토리 무엇하나 빠지지않는 명작오브명작",
    "date": "14.11.02",
    "rating": "10",
    "author": "kpu5****",
    "review_id": "9336489",
    "movie_id": "10006"
  },
  {
    "review": "SF 역사상 길이 남을 불멸의 걸작.",
    "date": "14.11.02",
    "rating": "7",
    "author": "aa45****",
    "review_id": "9336210",
    "movie_id": "10006"
  },
  {
    "review": "에피소드5 제국의 역습",
    "date": "14.11.02",
    "rating": "10",
    "author": "ball****",
    "review_id": "9335790",
    "movie_id": "10006"
  },
  {
    "review": "어린시절 꿈과 환상을 심어준 명작",
    "date": "14.10.24",
    "rating": "10",
    "author": "adiv****",
    "review_id": "9313872",
    "movie_id": "10006"
  },
  {
    "review": "다스베이더의 죽음의 전대등장씬의 웅장함은 그 어떤영화로도 표현할수가 없을정도",
    "date": "14.10.15",
    "rating": "10",
    "author": "ndgu****",
    "review_id": "9294672",
    "movie_id": "10006"
  },
  {
    "review": "와... 말이 안나온다",
    "date": "14.10.11",
    "rating": "10",
    "author": "jsha****",
    "review_id": "9285086",
    "movie_id": "10006"
  },
  {
    "review": "1편의 세계관과 캐릭터를 더욱 확장시키면서 액션도 더 스펙터클 해졌다. 너무나 유명한 명대사는 가장 충격적인 반전이 되지만, 마지막 편에서 해결될 열린 결말은 아쉽다.",
    "date": "14.10.04",
    "rating": "8",
    "author": "zxc1****",
    "review_id": "9262393",
    "movie_id": "10006"
  },
  {
    "review": "영화 역사상 최고의 명대사를 꼽으라면 고민없이 뽑겠다.\"No! I am your father!\"",
    "date": "14.09.20",
    "rating": "10",
    "author": "kkw9****",
    "review_id": "9228149",
    "movie_id": "10006"
  },
  {
    "review": "베이더 천식소리가 멋있어",
    "date": "14.08.12",
    "rating": "10",
    "author": "gusw****",
    "review_id": "9074849",
    "movie_id": "10006"
  },
  {
    "review": "5편 역시 재밌었어요.",
    "date": "14.08.06",
    "rating": "10",
    "author": "jjy3****",
    "review_id": "9038255",
    "movie_id": "10006"
  },
  {
    "review": "최고의 영화,흥미진진하다.",
    "date": "14.08.05",
    "rating": "10",
    "author": "abe3****",
    "review_id": "9029917",
    "movie_id": "10006"
  },
  {
    "review": "다시 봐도 재밌는 명작ㅋㅋ",
    "date": "14.08.03",
    "rating": "10",
    "author": "hkh2****",
    "review_id": "9020094",
    "movie_id": "10006"
  },
  {
    "review": "와진짜시리즈마다날놀라게하는구나ㅎ5편도굿",
    "date": "14.07.24",
    "rating": "10",
    "author": "amls****",
    "review_id": "8953451",
    "movie_id": "10006"
  },
  {
    "review": "너무 유명하기는 하지만 오래 되기도 하고 나와는 안 맞는 코드. 그나마 재미있다고 판단되는 속편.",
    "date": "14.07.18",
    "rating": "1",
    "author": "jjaj****",
    "review_id": "8926729",
    "movie_id": "10006"
  },
  {
    "review": "I'm Your Father!!",
    "date": "14.07.04",
    "rating": "10",
    "author": "west****",
    "review_id": "8882941",
    "movie_id": "10006"
  },
  {
    "review": "30년도 전에 나온 필름이 지금껏 SF영화계에 미쳤던 존재감에 대한 찬사.",
    "date": "14.06.30",
    "rating": "9",
    "author": "floo****",
    "review_id": "8870191",
    "movie_id": "10006"
  },
  {
    "review": "전작 보다 좀 더 화려해진 속편. 지금 눈 높이에는 좀 심플한 듯 하지만 그 게 또, 고전의 매력이지..",
    "date": "14.06.28",
    "rating": "8",
    "author": "hepy****",
    "review_id": "8865834",
    "movie_id": "10006"
  },
  {
    "review": "은하계 홍콩영화의 느낌도 조금 난다;;",
    "date": "14.06.24",
    "rating": "8",
    "author": "imf0****",
    "review_id": "8851847",
    "movie_id": "10006"
  },
  {
    "review": "다스베이더가 에피소드 3  이후 가장 악역으로 보일때",
    "date": "14.05.31",
    "rating": "10",
    "author": "psh0****",
    "review_id": "8780753",
    "movie_id": "10006"
  },
  {
    "review": "스토리가 아주 재밌고 느낌이 매우 웅장하다",
    "date": "14.05.08",
    "rating": "10",
    "author": "1645****",
    "review_id": "8716330",
    "movie_id": "10006"
  },
  {
    "review": "어마어마한 문화 창조의 뒤에 숨겨진 빈약한 뼈대",
    "date": "14.05.04",
    "rating": "7",
    "author": "setm****",
    "review_id": "8700038",
    "movie_id": "10006"
  },
  {
    "review": "시리즈 중 최고! 모든 게 완벽하다",
    "date": "14.04.21",
    "rating": "10",
    "author": "1118****",
    "review_id": "8663460",
    "movie_id": "10006"
  },
  {
    "review": "잘짜여진 스토리에 철학이 더해지면 그래픽 정도는 용서할 수 있다",
    "date": "14.04.17",
    "rating": "9",
    "author": "cont****",
    "review_id": "8656000",
    "movie_id": "10006"
  },
  {
    "review": "i'm your father",
    "date": "14.03.30",
    "rating": "10",
    "author": "smc7****",
    "review_id": "8618206",
    "movie_id": "10006"
  },
  {
    "review": "전설의 명장면 I'm your father!",
    "date": "14.03.27",
    "rating": "9",
    "author": "ykdi****",
    "review_id": "8611030",
    "movie_id": "10006"
  },
  {
    "review": "no.I am your father",
    "date": "14.03.14",
    "rating": "10",
    "author": "gusa****",
    "review_id": "8575119",
    "movie_id": "10006"
  },
  {
    "review": "먼저 전작에 비해서 많이 발전한게 마음에 든다. 그리고, 명대사와 반전이 어울린게 극찬하고 싶다.",
    "date": "14.03.12",
    "rating": "10",
    "author": "xyz2****",
    "review_id": "8569693",
    "movie_id": "10006"
  },
  {
    "review": "시리즈의 출발인 4편이 그 시작이었다면 5편은 그 정점에 달했고 심지어 막장드라마에도 지대한 영향을 미치게 된다",
    "date": "14.03.10",
    "rating": "10",
    "author": "ytse****",
    "review_id": "8567150",
    "movie_id": "10006"
  },
  {
    "review": "어빈 캐쉬너 감독의 갑..",
    "date": "14.02.13",
    "rating": "10",
    "author": "ehpt****",
    "review_id": "8502652",
    "movie_id": "10006"
  },
  {
    "review": "스타워즈 시리즈중 최고의 작품",
    "date": "14.02.01",
    "rating": "10",
    "author": "binc****",
    "review_id": "8461925",
    "movie_id": "10006"
  },
  {
    "review": "재미있어요 하지만 3편이 짱인듯",
    "date": "14.02.01",
    "rating": "10",
    "author": "amy0****",
    "review_id": "8461761",
    "movie_id": "10006"
  },
  {
    "review": "오랫만에 스타워즈 1~6편 다봤는데, 5편이 젤 재밌네요. 쉬어가는편이라 그런지 시간에 짜맞춘 엉성한 전개도 없고, 모든씬이 다 인상적이고 재밌슴.",
    "date": "13.12.30",
    "rating": "10",
    "author": "fros****",
    "review_id": "8326996",
    "movie_id": "10006"
  },
  {
    "review": "다스 베이더 ~ 역시 스타 워즈 ㅎ",
    "date": "13.12.29",
    "rating": "10",
    "author": "pc59****",
    "review_id": "8320263",
    "movie_id": "10006"
  },
  {
    "review": "새로운 희망에서 다져놓은 기틀을제국의 역습이 굳게 다졌으며제다이의 귀환이 완성시켰는데보이지 않는 희망이 지 마음에 안든다고 다 박살내서 다시 지었고클론의 습격이 다시 무너뜨리고 지어서시스의 복수가 (옛날보단 아니지만) 어느정도 복구를 시켰다",
    "date": "13.12.08",
    "rating": "10",
    "author": "zooz****",
    "review_id": "8199315",
    "movie_id": "10006"
  },
  {
    "review": "I'm your father는 언제 봐도 소름;;;",
    "date": "13.11.29",
    "rating": "9",
    "author": "sjzm****",
    "review_id": "8178033",
    "movie_id": "10006"
  },
  {
    "review": "스타워즈 계속 나왔으면 좋겠다",
    "date": "13.10.23",
    "rating": "9",
    "author": "534k****",
    "review_id": "8082745",
    "movie_id": "10006"
  },
  {
    "review": "너무 유명해서 이젠 스포일러도 아닌 대사가 하나 있지.",
    "date": "13.10.01",
    "rating": "10",
    "author": "juny****",
    "review_id": "8025947",
    "movie_id": "10006"
  },
  {
    "review": "7~80 년도 영화 아니었나? ㅋㅋㅋㅋ아님 한국에 97년도에 개봉한거?",
    "date": "13.09.16",
    "rating": "10",
    "author": "john****",
    "review_id": "7985567",
    "movie_id": "10006"
  },
  {
    "review": "이제서야 보다니 대박이다 완전",
    "date": "13.09.14",
    "rating": "10",
    "author": "blue****",
    "review_id": "7977382",
    "movie_id": "10006"
  },
  {
    "review": "사람들 재개봉 년도때문에 헛갈리나봐 ~ 1980년작품이고 1997년에 1980년작품 원본작에 cg리터치 살짝좀해서 재개봉한것임, 1997년작품이라해도 손색없죠 ㅋㅋ",
    "date": "13.09.12",
    "rating": "10",
    "author": "tige****",
    "review_id": "7967850",
    "movie_id": "10006"
  },
  {
    "review": "최고의 영화!!!!",
    "date": "13.09.06",
    "rating": "10",
    "author": "sdr0****",
    "review_id": "7952729",
    "movie_id": "10006"
  },
  {
    "review": "베이더는 자기 아들 루카의 팔도 자기처럼 잘라버리네유. 그러고나서 자기가 아버지라고 하네유. 이 시기의 영화들은 사지를 자르는 게 많네유. 1980년에 이런 CG를 만들었다는 게 믿기지 않을 정도로 대단해유. 드디어 요다 컴백~ 요다 너무 귀여워유.",
    "date": "13.09.01",
    "rating": "10",
    "author": "real****",
    "review_id": "7941786",
    "movie_id": "10006"
  },
  {
    "review": "최고의 sf시리즈",
    "date": "13.08.29",
    "rating": "9",
    "author": "cray****",
    "review_id": "7930896",
    "movie_id": "10006"
  },
  {
    "review": "역시 명작은 거꾸로 바야되 ㅋㅋㅋㅋ",
    "date": "13.08.03",
    "rating": "10",
    "author": "tjrg****",
    "review_id": "7828108",
    "movie_id": "10006"
  },
  {
    "review": "6부작 중 제일 걸작",
    "date": "13.07.11",
    "rating": "10",
    "author": "junk****",
    "review_id": "7725078",
    "movie_id": "10006"
  },
  {
    "review": "걸작 sf, 4편의 출발에 비해 웅장함, 비주얼, 스토리 모든 것이 엄청난 발전을 이뤘다. 과연 sf 최고의 명작이라는 수식어가 아깝지 않다.",
    "date": "13.07.07",
    "rating": "10",
    "author": "jys4****",
    "review_id": "7714480",
    "movie_id": "10006"
  },
  {
    "review": "스타워즈 중 클래식 5는 프리퀄 3에 비견할만한 걸작이다. 스토리와 영상 등 모든 면에서 시종일관 눈을 뗄수 없는 전개가 펼쳐진다. 그런데 성공한 속편이 아니라 성공한 5편이라 해야 한다. 루카스는 첨부터 전무후무한 SF서사극을 기획하고 있었다.",
    "date": "13.07.07",
    "rating": "10",
    "author": "dhka****",
    "review_id": "7712491",
    "movie_id": "10006"
  },
  {
    "review": "부럽다.. 미국은 80년대 부터 이런 영화를 만들어냈구나",
    "date": "13.06.23",
    "rating": "7",
    "author": "hshi****",
    "review_id": "7670962",
    "movie_id": "10006"
  },
  {
    "review": "스타워즈 시리즈의 중심",
    "date": "13.06.12",
    "rating": "9",
    "author": "blue****",
    "review_id": "7631434",
    "movie_id": "10006"
  },
  {
    "review": "그래픽이 딸리는건 맞지만 오래된 작품이라 하지만 명불허전 명작",
    "date": "13.06.10",
    "rating": "10",
    "author": "rjsd****",
    "review_id": "7625651",
    "movie_id": "10006"
  },
  {
    "review": "뭔가 허접하다",
    "date": "13.06.07",
    "rating": "1",
    "author": "mara****",
    "review_id": "7606098",
    "movie_id": "10006"
  },
  {
    "review": "너무 짱  시스의 복수는 감동적 이건 흥미진진",
    "date": "13.06.01",
    "rating": "10",
    "author": "dnst****",
    "review_id": "7569764",
    "movie_id": "10006"
  },
  {
    "review": "짜응!",
    "date": "13.05.26",
    "rating": "10",
    "author": "bost****",
    "review_id": "7556969",
    "movie_id": "10006"
  },
  {
    "review": "말이 필요없이 스타워즈는 어쩔 수 없음",
    "date": "13.05.26",
    "rating": "10",
    "author": "joey****",
    "review_id": "7555493",
    "movie_id": "10006"
  },
  {
    "review": "찜",
    "date": "13.05.17",
    "rating": "10",
    "author": "cmh9****",
    "review_id": "7533250",
    "movie_id": "10006"
  },
  {
    "review": "전편보다 재미는 있으나 인물 구성이 아쉬워졌다.",
    "date": "13.04.14",
    "rating": "10",
    "author": "ajtw****",
    "review_id": "7458856",
    "movie_id": "10006"
  },
  {
    "review": "제국군과 반란군 설원 전투. 어릴적 전투기로 제국군유니트 다리에 케이블 감아서 쓰러트리던 장면은 인상적이었다. 마스터 요다와의 첫만남. 란도에게 속아 솔로는 탄소냉동판이되고 베이다는 다음과 같이 말한다. I AM YOUR FATHER",
    "date": "13.04.06",
    "rating": "9",
    "author": "danz****",
    "review_id": "7438255",
    "movie_id": "10006"
  },
  {
    "review": "밑에분 공감. 영상혁명에다가 시나리오도 이정도면 흥미진진한데 인물들이 좀 미스캐스팅이 있었던 것 같다..",
    "date": "13.03.25",
    "rating": "8",
    "author": "cha1****",
    "review_id": "7409349",
    "movie_id": "10006"
  },
  {
    "review": "걍 좋은거여!",
    "date": "13.03.23",
    "rating": "10",
    "author": "prot****",
    "review_id": "7403153",
    "movie_id": "10006"
  },
  {
    "review": "80년대 나온 다른영화들과 비교해보면 확실히 시나리오등 시대를 넘어섬! 근데주인공은 미스 캐스팅인듯...",
    "date": "13.03.16",
    "rating": "10",
    "author": "shfu****",
    "review_id": "7351758",
    "movie_id": "10006"
  },
  {
    "review": "웬 97 년도 훨씬 오래전영화인데",
    "date": "13.03.11",
    "rating": "9",
    "author": "pinc****",
    "review_id": "7341536",
    "movie_id": "10006"
  },
  {
    "review": "개좋아",
    "date": "13.03.01",
    "rating": "10",
    "author": "gmlr****",
    "review_id": "7315790",
    "movie_id": "10006"
  },
  {
    "review": "정말정말정말 매우매우매우 대단한 영화!!!아니 걍 80년대에 이런 영화를 만들었다는것에 너무나 전율했다...평생 잊을수 없을것이다 다음편을 얼른 보고싶다!!",
    "date": "13.02.22",
    "rating": "10",
    "author": "10ur****",
    "review_id": "7291329",
    "movie_id": "10006"
  },
  {
    "review": "이 영화가 9.11점 밖에 않돼?? 최소 9.2 이상 이어야 함.",
    "date": "13.02.19",
    "rating": "10",
    "author": "tkk4****",
    "review_id": "7282032",
    "movie_id": "10006"
  },
  {
    "review": "jima****  하나도 안붕괴 된다, 잘난척이 심하구나",
    "date": "13.02.16",
    "rating": "10",
    "author": "a_lo****",
    "review_id": "7271698",
    "movie_id": "10006"
  },
  {
    "review": "위대한 시리즈의 시작.",
    "date": "13.02.16",
    "rating": "10",
    "author": "jere****",
    "review_id": "7271023",
    "movie_id": "10006"
  }
]