[
  {
    "review": "최근에 에피소드1 부터  끝까지 다봤지만 아나킨은 다스베이더가 되고도 사랑의힘은 못 이기는거같다 연인 파드메, 아들 루크스카이워커 등",
    "date": "15.08.24",
    "rating": "10",
    "author": "smy3****",
    "review_id": "10270003",
    "movie_id": "10007"
  },
  {
    "review": "터미네이터2와함께 최고의SF영화다",
    "date": "15.08.20",
    "rating": "10",
    "author": "hyeo****",
    "review_id": "10255500",
    "movie_id": "10007"
  },
  {
    "review": "SF계의 전설답게 마무리도 멋졌다...",
    "date": "15.08.16",
    "rating": "10",
    "author": "trex****",
    "review_id": "10242880",
    "movie_id": "10007"
  },
  {
    "review": "전설의 마무리, 혹은 새로운 시작의 발판",
    "date": "15.08.16",
    "rating": "7",
    "author": "soqu****",
    "review_id": "10240203",
    "movie_id": "10007"
  },
  {
    "review": "루크 구출 다스베이더 가 아버지 황제를 베이더가 살해",
    "date": "15.08.12",
    "rating": "8",
    "author": "jij4****",
    "review_id": "10220139",
    "movie_id": "10007"
  },
  {
    "review": "아임 유어 파더로 기억될 전설의 끝이자 또 다른 시작.",
    "date": "15.08.12",
    "rating": "7",
    "author": "tear****",
    "review_id": "10218757",
    "movie_id": "10007"
  },
  {
    "review": "제일 마지막쪽꺼라 제일 잘된듯 갠적으로 진짜 잼나게본듯 .다스베이더는  3편에서 부상이 엄청났는데 점점 잘생겨진듯 3편 즉시보단 낫다고 생각함 마지막에 웃는 요다 캐노비 아나킨은 볼만하다",
    "date": "15.08.08",
    "rating": "9",
    "author": "sara****",
    "review_id": "10204327",
    "movie_id": "10007"
  },
  {
    "review": "스타워즈의 마무리이자 아나킨의 이야기의 끝이였다.",
    "date": "15.07.15",
    "rating": "10",
    "author": "home****",
    "review_id": "10106773",
    "movie_id": "10007"
  },
  {
    "review": "전작에 비해 액션씬의 비중이 많이 늘어났다. 하지만 너무나 단순해진 플롯과 늘어난 액션씬의 무게감이 크게 떨어지고 재미가 없다. 날림으로 마무리 지으려는 모습이 역력해서 많이 아쉽다.",
    "date": "15.07.07",
    "rating": "5",
    "author": "inos****",
    "review_id": "10076970",
    "movie_id": "10007"
  },
  {
    "review": "45편의 힘이 안느껴진다",
    "date": "15.07.06",
    "rating": "5",
    "author": "ccor****",
    "review_id": "10074485",
    "movie_id": "10007"
  },
  {
    "review": "요다{에피소드3에서 시스 로드한테}: 알고보면 자네의 신뢰가 그로 인해 배신으로 돌아올수 있지. 아나킨은 예언의 제다이가 맞았음. 개쩐다...",
    "date": "15.06.22",
    "rating": "10",
    "author": "ratr****",
    "review_id": "10022778",
    "movie_id": "10007"
  },
  {
    "review": "이 작품만 보면 조금은 가벼운 느낌이지만 전체 시리즈의 마무리로는 무난한 작품",
    "date": "15.06.10",
    "rating": "8",
    "author": "nine****",
    "review_id": "9988519",
    "movie_id": "10007"
  },
  {
    "review": "아버지는 역시 아버지..",
    "date": "15.06.06",
    "rating": "9",
    "author": "phea****",
    "review_id": "9980403",
    "movie_id": "10007"
  },
  {
    "review": "빰~빰빠라빰 다스 후오~ 베이더",
    "date": "15.06.06",
    "rating": "10",
    "author": "skal****",
    "review_id": "9980307",
    "movie_id": "10007"
  },
  {
    "review": "ebs 에서 방금 또 봤네요. 몇번을 봐도 명작입니다ㅋ 맨 마지막 장면.. 아나킨과 요다, 오비완이 서서 웃고 있는 장면이 스타워즈 시리즈의 모든것 입니다.",
    "date": "15.05.31",
    "rating": "10",
    "author": "zelo****",
    "review_id": "9964238",
    "movie_id": "10007"
  },
  {
    "review": "모험의 로망 그 자체인 영화",
    "date": "15.05.31",
    "rating": "10",
    "author": "funk****",
    "review_id": "9964034",
    "movie_id": "10007"
  },
  {
    "review": "신이시여 이것이 대체..",
    "date": "15.05.17",
    "rating": "10",
    "author": "woxn****",
    "review_id": "9927393",
    "movie_id": "10007"
  },
  {
    "review": "갑과 을의 차이다그냥 이럴 시간에 한번더 볼란다",
    "date": "15.05.07",
    "rating": "10",
    "author": "john****",
    "review_id": "9900622",
    "movie_id": "10007"
  },
  {
    "review": "유머감 있는 전개가 초반의 흥미를 줄곧 유지 하는군",
    "date": "15.04.20",
    "rating": "7",
    "author": "guev****",
    "review_id": "9854128",
    "movie_id": "10007"
  },
  {
    "review": "당시 어마어마한 미니어쳐 전함들이 왜 그렇게 실제적인 느낌이었지~ 아직도 웅장한 느낌을 가지고 있다. 단지 흠이라  대서사의 이야기 마무리가 아쉽측면이 좀있다. 아무튼 스타워즈는 위대한 영화이다.",
    "date": "15.04.05",
    "rating": "10",
    "author": "next****",
    "review_id": "9828160",
    "movie_id": "10007"
  },
  {
    "review": "제국은 아직 죽지 않았다",
    "date": "15.03.29",
    "rating": "10",
    "author": "jdss****",
    "review_id": "9814003",
    "movie_id": "10007"
  },
  {
    "review": "3를 마지막으로 하기엔 6의 가슴아픈내용인해 무조건 6는 마지막에 시청하길",
    "date": "15.03.12",
    "rating": "10",
    "author": "time****",
    "review_id": "9773934",
    "movie_id": "10007"
  },
  {
    "review": "스타 워즈는 브랜드이자 신드롬.",
    "date": "15.02.15",
    "rating": "8",
    "author": "ogr5****",
    "review_id": "9700331",
    "movie_id": "10007"
  },
  {
    "review": "꿀잼 근데 아나킨은 언제",
    "date": "15.02.12",
    "rating": "10",
    "author": "wolf****",
    "review_id": "9690403",
    "movie_id": "10007"
  },
  {
    "review": "왠지 모를 감격이. ' .",
    "date": "15.02.10",
    "rating": "8",
    "author": "jjog****",
    "review_id": "9684859",
    "movie_id": "10007"
  },
  {
    "review": "이야기가 되게 어설픈데... 10점주신 분들은 8~90년대에 보신분들이죠?",
    "date": "15.02.09",
    "rating": "5",
    "author": "chrh****",
    "review_id": "9681165",
    "movie_id": "10007"
  },
  {
    "review": "아버지와 운명적인 사투, 스펙타클한 별과 우주에서의 전쟁의 해피엔딩, 지금봐도 재밋다. 마지막 아나킨 스카이워커보고 깜놀",
    "date": "15.01.14",
    "rating": "9",
    "author": "ador****",
    "review_id": "9594831",
    "movie_id": "10007"
  },
  {
    "review": "30여년동안 세월을 겨처 방대한 스타워즈 세계관도 결국 천륜이 할 수밖에 없는 부성애로 마무리 하고싶었던 것일까",
    "date": "15.01.13",
    "rating": "8",
    "author": "crem****",
    "review_id": "9589417",
    "movie_id": "10007"
  },
  {
    "review": "아들이야기3부작의종결...훌륭",
    "date": "15.01.11",
    "rating": "10",
    "author": "xx41****",
    "review_id": "9582398",
    "movie_id": "10007"
  },
  {
    "review": "시리즈의 마지막으로 손색이 없다",
    "date": "14.12.25",
    "rating": "8",
    "author": "rcan****",
    "review_id": "9510191",
    "movie_id": "10007"
  },
  {
    "review": "4탄 5탄에 비해 여러 모로 퀄리티가 좋아진거 같다. 제국의 패망이 너무 허무한 감이 있지만 나름 엔딩을 살리기엔 충분했다",
    "date": "14.12.22",
    "rating": "8",
    "author": "zxvt****",
    "review_id": "9501334",
    "movie_id": "10007"
  },
  {
    "review": "이건 전설이다 정말 끝내주는 영화이다 굿",
    "date": "14.12.04",
    "rating": "10",
    "author": "imym****",
    "review_id": "9447021",
    "movie_id": "10007"
  },
  {
    "review": "스타워즈에는 아쉬운 액션장면이 많지만 옛날에 만든것치고 굉장한 CG와 내가 10점주는이유는 엉청난 창의적인 미래상상에 대한 감격입니다",
    "date": "14.11.21",
    "rating": "10",
    "author": "pak7****",
    "review_id": "9407660",
    "movie_id": "10007"
  },
  {
    "review": "영화 한편 하나 굉장히 제미있네",
    "date": "14.11.17",
    "rating": "10",
    "author": "kyun****",
    "review_id": "9395544",
    "movie_id": "10007"
  },
  {
    "review": "다스베이더는 내가 죽을떄까지 잊지못할 캐릭터였건것같다. 특히 츄바카가 나는 스타워즈에서 가장좋다 ㅋㅋ 볼수록 귀여운 캐릭터다 듬직하기도하고, 스타워즈6 결말역시 다시봐도 최고다 ㅎㅎ",
    "date": "14.11.02",
    "rating": "10",
    "author": "kpu5****",
    "review_id": "9336844",
    "movie_id": "10007"
  },
  {
    "review": "에피소드6 제다이의 귀환",
    "date": "14.11.02",
    "rating": "10",
    "author": "ball****",
    "review_id": "9335792",
    "movie_id": "10007"
  },
  {
    "review": "최고의 sf 영화... 말이 필요없다",
    "date": "14.10.26",
    "rating": "10",
    "author": "adiv****",
    "review_id": "9319920",
    "movie_id": "10007"
  },
  {
    "review": "아무래도 옴니버스가 아니라 프리퀄 1,2,3 클래식 4,5,6 두 흐름으로 나뉘다 보니 이야기의 끝인 3편과 6편이 제일 인상 깊었다. 물론 최고는 3편이지만 스타워즈 시리즈는 모두 10점 줘도 안 아깝다.",
    "date": "14.10.05",
    "rating": "10",
    "author": "pant****",
    "review_id": "9265356",
    "movie_id": "10007"
  },
  {
    "review": "클래식 시리즈의 마지막 영화로써 훌륭한 엔딩을 보여준다. 주인공의 갈등과 고뇌는 더 깊어졌고, 다스 베이더의 결말은 감동적이며, 액션의 질과 양은 더 향상되었다.",
    "date": "14.10.05",
    "rating": "8",
    "author": "zxc1****",
    "review_id": "9264894",
    "movie_id": "10007"
  },
  {
    "review": "80년대에 저런우주전투신을 누가 접근하려고 시도나했을라나 조지루카스는 sf의 신이었다.",
    "date": "14.10.04",
    "rating": "10",
    "author": "wolf****",
    "review_id": "9263331",
    "movie_id": "10007"
  },
  {
    "review": "대박 제밌다 ㅋㅋ 레피소드 7의 전작",
    "date": "14.09.20",
    "rating": "10",
    "author": "will****",
    "review_id": "9229376",
    "movie_id": "10007"
  },
  {
    "review": "개인적으로는 프리퀄트롤리지가 더마음에들지만오리지널트롤리지또한 역사에길이남을 명작이란건 누구도 부정할수없는 사실이다",
    "date": "14.09.14",
    "rating": "10",
    "author": "odw0****",
    "review_id": "9213733",
    "movie_id": "10007"
  },
  {
    "review": "결국 다스베이더도 아버지였다",
    "date": "14.09.03",
    "rating": "1",
    "author": "q1ew****",
    "review_id": "9157099",
    "movie_id": "10007"
  },
  {
    "review": "감동해서 울뻔했다.ㅠㅠ 에피소드 6 아나킨이랑 에피소드 3 아나킨이랑 머리스타일때문인진 몰라도 정말 흡사하게 생겨서 깜짝놀랐다. 동일인물인줄 ㅋㅋㅋ",
    "date": "14.09.02",
    "rating": "10",
    "author": "kitt****",
    "review_id": "9155909",
    "movie_id": "10007"
  },
  {
    "review": "기나긴 시리즈의 깔끔한 마무리",
    "date": "14.08.29",
    "rating": "10",
    "author": "kmh0****",
    "review_id": "9143864",
    "movie_id": "10007"
  },
  {
    "review": "83년대 영화를 지금의 눈으로 보지말라이때당시에는 명작이었다.",
    "date": "14.08.23",
    "rating": "10",
    "author": "namj****",
    "review_id": "9124610",
    "movie_id": "10007"
  },
  {
    "review": "이게 80년대 초반영화라는 사실..그 당시에는 정말 파격적이고 엄청난 퀄리티의 영화이다.지금 시대의 눈으로 이 영화를 판단하지 마라.",
    "date": "14.08.22",
    "rating": "10",
    "author": "taes****",
    "review_id": "9122075",
    "movie_id": "10007"
  },
  {
    "review": "이 번 한주동안 1편부터 정 주행 했는데  그 힘든 싸움을 끝으로 헤이든  크리스텐슨이랑 오비완, 요다 선생님이 마지막에 아빠 미소로 루크 쳐다보면서 훈훈하게 끝나는게 정말 감동이였다 ㅠ_ㅠ 마지막 ost도 자연적인게 완전 좋았고 ㅠ_ㅠ",
    "date": "14.08.15",
    "rating": "10",
    "author": "oran****",
    "review_id": "9089777",
    "movie_id": "10007"
  },
  {
    "review": "캐리피셔 뭔가 미묘하게 메기 질렌할 닮아서 별로네 ㅋㅋ 본편과 프리퀄의 각 마지막인 3,6편이 스타워즈의 정수. 뭣도 모르고 1편부터 봤다가 피봤네.  꼭 456편부터 봐야할 영화",
    "date": "14.08.12",
    "rating": "8",
    "author": "mada****",
    "review_id": "9071099",
    "movie_id": "10007"
  },
  {
    "review": "6편이 가장 재밌었어요.",
    "date": "14.08.06",
    "rating": "10",
    "author": "jjy3****",
    "review_id": "9038270",
    "movie_id": "10007"
  },
  {
    "review": "전설로 남은 SF 시리즈의 대막.",
    "date": "14.08.05",
    "rating": "9",
    "author": "floo****",
    "review_id": "9033775",
    "movie_id": "10007"
  },
  {
    "review": "전체적으로 내용이 탄탄했던 영화.",
    "date": "14.08.05",
    "rating": "10",
    "author": "abe3****",
    "review_id": "9029904",
    "movie_id": "10007"
  },
  {
    "review": "이런 명작을  무시하는  몇몇의 초중딩들이 있는데  나는 그들한테 이렇게   애기하고   싶다.     \"스타워즈가 유치하면  니들은   뭐냐?\"",
    "date": "14.08.01",
    "rating": "10",
    "author": "tton****",
    "review_id": "9002781",
    "movie_id": "10007"
  },
  {
    "review": "7주일에걸쳐 1부터6까지봤는데보는동안나한테잊지못할영상들을남겨준영화이다",
    "date": "14.07.26",
    "rating": "10",
    "author": "amls****",
    "review_id": "8960700",
    "movie_id": "10007"
  },
  {
    "review": "요즘에는 이만한 Sf영화가 없죠",
    "date": "14.07.21",
    "rating": "10",
    "author": "sams****",
    "review_id": "8936816",
    "movie_id": "10007"
  },
  {
    "review": "뻔히 보이는 스토리 전개가 너무 느림. 지루함",
    "date": "14.07.19",
    "rating": "1",
    "author": "jjaj****",
    "review_id": "8929333",
    "movie_id": "10007"
  },
  {
    "review": "대망은 외계 인형극으로 마무리하다",
    "date": "14.06.25",
    "rating": "7",
    "author": "cont****",
    "review_id": "8855682",
    "movie_id": "10007"
  },
  {
    "review": "스타워즈에 테디베어라..",
    "date": "14.06.24",
    "rating": "6",
    "author": "imf0****",
    "review_id": "8851830",
    "movie_id": "10007"
  },
  {
    "review": "그분은 아들을 얼마나 사랑하셨는가 ㅠㅠ",
    "date": "14.06.01",
    "rating": "10",
    "author": "hots****",
    "review_id": "8784975",
    "movie_id": "10007"
  },
  {
    "review": "급급하게 채워진 반갑지 않은 귀환",
    "date": "14.05.05",
    "rating": "6",
    "author": "setm****",
    "review_id": "8704118",
    "movie_id": "10007"
  },
  {
    "review": "전작의 명성을 잘 이은 작품",
    "date": "14.04.23",
    "rating": "10",
    "author": "mrju****",
    "review_id": "8668130",
    "movie_id": "10007"
  },
  {
    "review": "맨 마지막 나부행성의 모습이나 아나킨의 모습을 보면서 에피소드 1~3편에서 어떻게 그렇게 똑같이 재현했는지 감탄했다.",
    "date": "14.03.28",
    "rating": "9",
    "author": "ykdi****",
    "review_id": "8613453",
    "movie_id": "10007"
  },
  {
    "review": "개잼. 꿀잼. 이 시대에 그래픽이라 말할 수 없는 엄청난 실감과 재미!!! 역시 레전드에 오를 만 하다.",
    "date": "14.03.23",
    "rating": "10",
    "author": "tyta****",
    "review_id": "8601807",
    "movie_id": "10007"
  },
  {
    "review": "영화 역사상 길이 남을 전설적 3부작의 마침표이자 완성.",
    "date": "14.03.10",
    "rating": "10",
    "author": "ytse****",
    "review_id": "8567155",
    "movie_id": "10007"
  },
  {
    "review": "세계에서 가장 성공한 상업영화 스타워즈",
    "date": "14.02.14",
    "rating": "10",
    "author": "mist****",
    "review_id": "8505631",
    "movie_id": "10007"
  },
  {
    "review": "재미있었다 스타워즈 는 내가 본것중에 제일 잘된작품이라고 생각한다",
    "date": "14.02.06",
    "rating": "10",
    "author": "namj****",
    "review_id": "8480398",
    "movie_id": "10007"
  },
  {
    "review": "영화는 재밋었는데 다른시리즈에 비해선 아쉬웠던 작품 특히 곰돌이들이 쉽게 제국군상대하고  스타디스트로이어가 그냥 터지고완성도는 좀 떨어지는 영화.",
    "date": "14.02.01",
    "rating": "6",
    "author": "purs****",
    "review_id": "8461707",
    "movie_id": "10007"
  },
  {
    "review": "블록버스터 역사에 길이남을 최후의 걸작..",
    "date": "14.02.01",
    "rating": "10",
    "author": "pola****",
    "review_id": "8460065",
    "movie_id": "10007"
  },
  {
    "review": "시리즈의 막을 내리는 에피소드이며 다스베이더의 인간적인 면도 영화 후반부에 보여주고 있다.",
    "date": "14.02.01",
    "rating": "10",
    "author": "ehdg****",
    "review_id": "8458111",
    "movie_id": "10007"
  },
  {
    "review": "내평점1983년도에 이런 작품을 만들다니..정말 대단한듯 ㅋㅋ 전 1988년생인데.. 1983년도 개봉작이라 재미없겠지 하고 봤는데 우와~~~넘 잘만든듯 루크가 좀 더 잘생겼음 좋겠다는..아쉬움이 ㅋㅋ",
    "date": "14.01.27",
    "rating": "10",
    "author": "only****",
    "review_id": "8433246",
    "movie_id": "10007"
  },
  {
    "review": "다스 베이더 ~ 역시 스타 워즈 ㅎ",
    "date": "13.12.28",
    "rating": "10",
    "author": "pc59****",
    "review_id": "8318003",
    "movie_id": "10007"
  },
  {
    "review": "마무리를 화려하게 장식하다~~!!",
    "date": "13.11.29",
    "rating": "9",
    "author": "sjzm****",
    "review_id": "8178035",
    "movie_id": "10007"
  },
  {
    "review": "결국 모두 죽고 루크만 남구나... 루크 스카이워커여 부디 영원하길 그리고 포스가 함께하길",
    "date": "13.11.27",
    "rating": "10",
    "author": "harr****",
    "review_id": "8172170",
    "movie_id": "10007"
  },
  {
    "review": "그냥 최고의 영화다. 1983년에 이런영화를 만들엇다는게 신기할 따름",
    "date": "13.11.18",
    "rating": "10",
    "author": "gakg****",
    "review_id": "8150710",
    "movie_id": "10007"
  },
  {
    "review": "스타워즈는 걍 닥치고 9점이상 아님?",
    "date": "13.10.23",
    "rating": "9",
    "author": "534k****",
    "review_id": "8082747",
    "movie_id": "10007"
  },
  {
    "review": "스타워즈 에피소드 6은 1,2,3,4,5,6중 줄거리, 긴장감, 몰입도,감동 최고!!! 그리고 7을 기대하겠음.",
    "date": "13.09.19",
    "rating": "10",
    "author": "xyz2****",
    "review_id": "7997351",
    "movie_id": "10007"
  },
  {
    "review": "결국 다스베이더도 아버지였다",
    "date": "13.09.09",
    "rating": "10",
    "author": "vkav****",
    "review_id": "7961274",
    "movie_id": "10007"
  },
  {
    "review": "결국 베이더가 아들 루커를 위해 황제를 죽이고 자신도 죽네유. 3편과 6편이 제일 재밌네유. 자바 너무 웃기고 귀여워유. 요다도 웃겨유. 1편으로 시작해서 6편까지 다 보니 과연 명작이라는 이유를 알겠네유.",
    "date": "13.08.31",
    "rating": "10",
    "author": "real****",
    "review_id": "7938633",
    "movie_id": "10007"
  },
  {
    "review": "123보다는 456~~",
    "date": "13.08.29",
    "rating": "9",
    "author": "cray****",
    "review_id": "7930897",
    "movie_id": "10007"
  },
  {
    "review": "전설은 사라졌지만 에피7 은 이 나오므로 전설은 끝나지 않았다 다시 시작 ㄱㄱㄱ싱.ㅋㅋㅋㅋㅋㅋㅋㅋㅋㅋㅋㅋㅋㅋㅋㅋㅋㅋㅋ",
    "date": "13.08.03",
    "rating": "10",
    "author": "tjrg****",
    "review_id": "7828102",
    "movie_id": "10007"
  },
  {
    "review": "아버지와 아들의 재회",
    "date": "13.08.02",
    "rating": "9",
    "author": "grav****",
    "review_id": "7823147",
    "movie_id": "10007"
  },
  {
    "review": "스타워즈는 각각 6편으로 나누기보다 프리퀄 한세트, 클래식 한세트로 보는게 더 낫다. 그런데 6은 4,5의 거대함에 비해 제국의 패망이 너무 급하고 손쉬운 느낌이 든다. 1,2가 3의 전제로서 가치가 있듯이 6도 4,5의 마무리로서 가치가 더 크다.",
    "date": "13.07.07",
    "rating": "8",
    "author": "dhka****",
    "review_id": "7713388",
    "movie_id": "10007"
  },
  {
    "review": "대작의 적절한 마무리",
    "date": "13.06.12",
    "rating": "9",
    "author": "blue****",
    "review_id": "7631452",
    "movie_id": "10007"
  },
  {
    "review": "베이더 쌩얼 헌다...",
    "date": "13.06.10",
    "rating": "10",
    "author": "kims****",
    "review_id": "7625403",
    "movie_id": "10007"
  },
  {
    "review": "캐리 피셔 섹시하다",
    "date": "13.06.08",
    "rating": "10",
    "author": "mara****",
    "review_id": "7614250",
    "movie_id": "10007"
  },
  {
    "review": "찜",
    "date": "13.05.17",
    "rating": "10",
    "author": "cmh9****",
    "review_id": "7533251",
    "movie_id": "10007"
  },
  {
    "review": "화려한 대단원의 막",
    "date": "13.04.14",
    "rating": "10",
    "author": "ajtw****",
    "review_id": "7459477",
    "movie_id": "10007"
  },
  {
    "review": "스타워즈의 진정한 주인공인 아나킨 스카이워커. 즉 다스베이다가 아들인 루크 스카이워커에게 죽임을 당하면서 이 위대한 스페이스오딧세이는 이렇게 대단원의 막을 내린다.",
    "date": "13.04.06",
    "rating": "9",
    "author": "danz****",
    "review_id": "7438262",
    "movie_id": "10007"
  },
  {
    "review": "재밌음 참고로 19몃년에 봐는데왜지금...............",
    "date": "13.03.28",
    "rating": "10",
    "author": "nine****",
    "review_id": "7417518",
    "movie_id": "10007"
  },
  {
    "review": "5편에 비해선 뭔가 살짝 유치해진감은 있지만 그래도 멋있는 마무리!",
    "date": "13.03.26",
    "rating": "8",
    "author": "dltk****",
    "review_id": "7413125",
    "movie_id": "10007"
  },
  {
    "review": "6탄이 제일 재밌었던 것 같다. 1,2,3,4,5,6탄 중에. 7탄을 기대하겠다.. 그나저나 마크 해밀을 7탄에 나오게 한다는 게 좀 불만",
    "date": "13.03.25",
    "rating": "10",
    "author": "cha1****",
    "review_id": "7409357",
    "movie_id": "10007"
  },
  {
    "review": "아주좋군.",
    "date": "13.03.23",
    "rating": "10",
    "author": "prot****",
    "review_id": "7403152",
    "movie_id": "10007"
  },
  {
    "review": "스타워즈가 별로라는건 아니지만 6탄은 다른편에 비해 못만든 영화같음",
    "date": "13.03.13",
    "rating": "7",
    "author": "jaeh****",
    "review_id": "7344459",
    "movie_id": "10007"
  },
  {
    "review": "전설의끝",
    "date": "13.02.14",
    "rating": "10",
    "author": "woni****",
    "review_id": "7263099",
    "movie_id": "10007"
  },
  {
    "review": "네",
    "date": "13.02.09",
    "rating": "10",
    "author": "happ****",
    "review_id": "7244013",
    "movie_id": "10007"
  },
  {
    "review": "근데 곰돌이들 인형으로 움직이는건 좀 거슬린다. 스타워즈새로운희망~제다이의귀환으로 오면서 기술적으로 발전한면을 못보겠다. 기술적으론 제국의역습보다 퇴화한것같다.",
    "date": "13.01.11",
    "rating": "4",
    "author": "forp****",
    "review_id": "7102407",
    "movie_id": "10007"
  },
  {
    "review": "약간 늘어지는게 아쉽지만  정말  엄청난 영화",
    "date": "13.01.07",
    "rating": "9",
    "author": "wsk6****",
    "review_id": "7088752",
    "movie_id": "10007"
  },
  {
    "review": "유치하다는 말도 있지만 동의 할 수 없음...",
    "date": "12.12.28",
    "rating": "10",
    "author": "dlwo****",
    "review_id": "7056637",
    "movie_id": "10007"
  },
  {
    "review": "스타워즈는 여기서 끝냈었으면 어케 됐을까",
    "date": "12.12.11",
    "rating": "9",
    "author": "love****",
    "review_id": "6993149",
    "movie_id": "10007"
  },
  {
    "review": "재미있다",
    "date": "12.12.09",
    "rating": "10",
    "author": "seoj****",
    "review_id": "6987651",
    "movie_id": "10007"
  }
]