[
  {
    "review": "리처드 도너판 감독 편집본을 보아요~~영화가 달라집니다.",
    "date": "15.08.13",
    "rating": "10",
    "author": "zai0****",
    "review_id": "10222963",
    "movie_id": "10009"
  },
  {
    "review": "나의 꿈이자 재미인 슈퍼맨~~~~",
    "date": "15.06.25",
    "rating": "10",
    "author": "seju****",
    "review_id": "10031893",
    "movie_id": "10009"
  },
  {
    "review": "전편보다 더 화려해진 영상과 슈퍼맨의 고뇌를 잘 담고 있다..",
    "date": "15.06.13",
    "rating": "8",
    "author": "blue****",
    "review_id": "9997664",
    "movie_id": "10009"
  },
  {
    "review": "여기첨에 악당들에게 판결내릴때 얼굴만 나오면서 유죄판결씬있잖아요 거기서 유죄라고 한국말로 들린분들  없어요? 최고신들이 유죄  그러면서 한국말함 다시한번 봐보셈  깜짝놀랐다 오늘 Ebs 에서하는거보고 다시보게되데",
    "date": "15.05.31",
    "rating": "10",
    "author": "spee****",
    "review_id": "9965995",
    "movie_id": "10009"
  },
  {
    "review": "꼭 보세요. 추억 돋네요. 지금 ebs에서 박장대소하며 보고 있는 중 ㅎㅎㅎ",
    "date": "15.05.31",
    "rating": "8",
    "author": "fcup****",
    "review_id": "9965881",
    "movie_id": "10009"
  },
  {
    "review": "지금 EBS에서 해주는데 겁나게 재미있다",
    "date": "15.05.31",
    "rating": "9",
    "author": "hell****",
    "review_id": "9965732",
    "movie_id": "10009"
  },
  {
    "review": "슈퍼맨 시리즈의 역대 역작은 역시 슈퍼맨2! 우연히 채널을 돌리다 어릴때 너무 재밌게 본 기억에 다시 앉아서 감상...저게 1981년도 작품이라니 허~~",
    "date": "15.05.31",
    "rating": "10",
    "author": "abov****",
    "review_id": "9965614",
    "movie_id": "10009"
  },
  {
    "review": "크리스토퍼 리브를 기억하며~",
    "date": "15.05.21",
    "rating": "10",
    "author": "ikno****",
    "review_id": "9935802",
    "movie_id": "10009"
  },
  {
    "review": "사랑을 위해 초능력을 버린  슈퍼맨, 그들에게 거대의 위기가 닥쳐왔다!",
    "date": "15.05.04",
    "rating": "2",
    "author": "huit****",
    "review_id": "9894406",
    "movie_id": "10009"
  },
  {
    "review": "결말이 허무하지만 나름볼만",
    "date": "15.04.17",
    "rating": "10",
    "author": "dnjs****",
    "review_id": "9850044",
    "movie_id": "10009"
  },
  {
    "review": "어렸을땐 정말 최고의 영화였는데..",
    "date": "15.03.20",
    "rating": "7",
    "author": "ehwj****",
    "review_id": "9794348",
    "movie_id": "10009"
  },
  {
    "review": "슈퍼맨 시리즈 중 단연 최고.",
    "date": "15.02.03",
    "rating": "10",
    "author": "rich****",
    "review_id": "9662672",
    "movie_id": "10009"
  },
  {
    "review": "전편에 비해 더 어색한 액션과 코미디스런 분위기",
    "date": "14.07.25",
    "rating": "1",
    "author": "mara****",
    "review_id": "8956290",
    "movie_id": "10009"
  },
  {
    "review": "최고였다 얼마나 많이 봤던가 조드와의 전쟁 81년도에 이런 완성도를 보이다니 지금 봐도 재미있다",
    "date": "14.05.25",
    "rating": "10",
    "author": "deff****",
    "review_id": "8763838",
    "movie_id": "10009"
  },
  {
    "review": "7번은 넘게본 영화..  전편에 비해 더욱 볼거리도 많고 악당과의 대결도 볼만한..   당시에 시대적 기술을 감안하면 지금 만드는 왠만한 영화 보다도 좋다.",
    "date": "14.04.08",
    "rating": "10",
    "author": "adiv****",
    "review_id": "8636639",
    "movie_id": "10009"
  },
  {
    "review": "이 정도면 당시 블록버스터로서 엄청난 수준이지",
    "date": "13.12.15",
    "rating": "8",
    "author": "kimg****",
    "review_id": "8216686",
    "movie_id": "10009"
  },
  {
    "review": "초반 액션씬은 지금보면 우스꽝스럽게 싸우긴 하지만 당시 특수효과 능력을 감안한다면 후반부 액션씬은 꽤 괜찮은 편. 이야기도 나쁘진 않다.",
    "date": "13.10.22",
    "rating": "6",
    "author": "inos****",
    "review_id": "8080701",
    "movie_id": "10009"
  },
  {
    "review": "어쨌거나 근육빵빵 난 슈퍼맨. 지구인의 친구 난 슈퍼맨",
    "date": "13.09.05",
    "rating": "10",
    "author": "bsm9****",
    "review_id": "7950746",
    "movie_id": "10009"
  },
  {
    "review": "솔까 우리의 영웅은 아니고 미국, 헐리웃의 영웅이지...슈퍼맨 보단 3인의 악당들이 골때렸어, 어릴적엔 몰랐는데 나이들어 보니 아주 교묘하고, 배신하고, 야합하는것이 한국의 국회의원같은거 있지 크하하하 영화가 대단히 현실적이어서 놀랐다.",
    "date": "13.07.30",
    "rating": "8",
    "author": "bajj****",
    "review_id": "7799395",
    "movie_id": "10009"
  },
  {
    "review": "맨 오브 스틸보다 훨씬 재밌네?",
    "date": "13.07.22",
    "rating": "9",
    "author": "pont****",
    "review_id": "7773015",
    "movie_id": "10009"
  },
  {
    "review": "역시 실망시키지 않아.(4와 리턴즈는 빼고",
    "date": "13.07.13",
    "rating": "9",
    "author": "zinn****",
    "review_id": "7737025",
    "movie_id": "10009"
  },
  {
    "review": "이 당시엔 이미 최고의 영화였지~~~",
    "date": "13.06.28",
    "rating": "9",
    "author": "yhki****",
    "review_id": "7687826",
    "movie_id": "10009"
  },
  {
    "review": "슈퍼맨 시리즈는 전부다 볼꺼♥♥♥♥♥♥♥♥♥♥",
    "date": "13.06.22",
    "rating": "10",
    "author": "kss0****",
    "review_id": "7667489",
    "movie_id": "10009"
  },
  {
    "review": "2편도 재밌음.. 그러나 이 후로가면 좀 심각한 문제가 생김..",
    "date": "13.06.21",
    "rating": "10",
    "author": "ehpt****",
    "review_id": "7662346",
    "movie_id": "10009"
  },
  {
    "review": "10점 만점에 10점인 고전 슈퍼 히어로 물중에 최고 명작이다. 원작자가 1편과 2편을 하나로 생각해서 만들었기에 더욱더 완성도가 높은 2편이 되었다. 3편부터는 번외편 같은 감이 있어서 인기가 떨어졌지만 원작1편과 더불어 최고의 작품",
    "date": "13.06.16",
    "rating": "10",
    "author": "wino****",
    "review_id": "7645542",
    "movie_id": "10009"
  },
  {
    "review": "First",
    "date": "13.06.15",
    "rating": "10",
    "author": "hone****",
    "review_id": "7641506",
    "movie_id": "10009"
  },
  {
    "review": "전편보다 더 좋았던 어릴적 내 베스트 무비.",
    "date": "13.06.14",
    "rating": "10",
    "author": "naom****",
    "review_id": "7638929",
    "movie_id": "10009"
  },
  {
    "review": "도너판 보다 못하다 이건 개그물",
    "date": "13.05.11",
    "rating": "7",
    "author": "tipe****",
    "review_id": "7521427",
    "movie_id": "10009"
  },
  {
    "review": "1편보단 못했지만 여전히 재밌었다. 더 많은 적과 상대해야 했던 슈퍼맨!ㅋ",
    "date": "13.03.04",
    "rating": "8",
    "author": "jere****",
    "review_id": "7323007",
    "movie_id": "10009"
  },
  {
    "review": "옛날영화치곤 명작이다DC코믹스의 먼치킨공인캐릭터 슈퍼맨!",
    "date": "12.12.20",
    "rating": "10",
    "author": "ghkd****",
    "review_id": "7021141",
    "movie_id": "10009"
  },
  {
    "review": "오락성도 풍부하고 코믹성도 있고 악당도 남다르다. 사실 진지한 슈퍼맨 영화를 기대했는데 나에겐 역시 도너 버전이 더 낫은 것 같다. 하지만 이 작품도 실망스럽지 않았던 작품이었다.",
    "date": "12.09.30",
    "rating": "10",
    "author": "ajtw****",
    "review_id": "6745651",
    "movie_id": "10009"
  },
  {
    "review": "CG나 연기가 현시대에 많이 뒤떨어지는게 흠이지만 SF의 시초로서 슈퍼맨의 위상을 고려하면 9점..",
    "date": "12.09.10",
    "rating": "9",
    "author": "bcm0****",
    "review_id": "6683981",
    "movie_id": "10009"
  },
  {
    "review": "진 핵크만의 사악한 웃음으로 실실 쪼개는 렉스 루터 연기는 정말 밉상이다ㅋㅋㅋ. 슈퍼맨은 언제나 멋있고. 조드장군도 간지난다",
    "date": "12.08.28",
    "rating": "10",
    "author": "doct****",
    "review_id": "6652046",
    "movie_id": "10009"
  },
  {
    "review": "....... 뭔가 아쉽지만 재밋게 봤다",
    "date": "12.06.09",
    "rating": "10",
    "author": "l909****",
    "review_id": "6379694",
    "movie_id": "10009"
  },
  {
    "review": "넘 좋아요",
    "date": "12.05.28",
    "rating": "10",
    "author": "aird****",
    "review_id": "6342937",
    "movie_id": "10009"
  },
  {
    "review": "아주아주 좋았다",
    "date": "12.05.28",
    "rating": "10",
    "author": "kwon****",
    "review_id": "6340829",
    "movie_id": "10009"
  },
  {
    "review": "2006버젼보다 낫다는데 한표 더 추가요",
    "date": "11.08.02",
    "rating": "10",
    "author": "aron****",
    "review_id": "5592577",
    "movie_id": "10009"
  },
  {
    "review": "악당 삼인방에서 조드장군하고 여자가 매력적.. 찾아보니 브이에도 나왔었네",
    "date": "11.07.07",
    "rating": "10",
    "author": "morb****",
    "review_id": "5527926",
    "movie_id": "10009"
  },
  {
    "review": "아메리칸 아이돌이 부르는 낭만에 대하여.",
    "date": "11.07.01",
    "rating": "4",
    "author": "tori****",
    "review_id": "5514447",
    "movie_id": "10009"
  },
  {
    "review": "악당이 너무 맘에 들었다",
    "date": "11.03.16",
    "rating": "9",
    "author": "mais****",
    "review_id": "5315729",
    "movie_id": "10009"
  },
  {
    "review": "한대 패주고픈 해크먼의 의리없는 루써와 말볼리오인 양 버려진 불쌍한 오티스",
    "date": "10.07.29",
    "rating": "10",
    "author": "ar02****",
    "review_id": "4684454",
    "movie_id": "10009"
  },
  {
    "review": "리처드 도너 버젼(2006)보다 낫다. 왜 감독이 바뀌었는지 보면 알 듯.",
    "date": "10.01.27",
    "rating": "9",
    "author": "sykm****",
    "review_id": "4214859",
    "movie_id": "10009"
  },
  {
    "review": "좀 얼버무리면서 넘어가는 장면이 있는것같다. 렉스 루터가 귀엽다.",
    "date": "10.01.23",
    "rating": "9",
    "author": "ard2****",
    "review_id": "4201196",
    "movie_id": "10009"
  },
  {
    "review": "슈퍼맨은 어렸을적 나의 영웅은 아니였다 그러나 영화는 잼있었다",
    "date": "10.01.20",
    "rating": "5",
    "author": "thra****",
    "review_id": "4191232",
    "movie_id": "10009"
  },
  {
    "review": "좋아요.",
    "date": "09.12.19",
    "rating": "10",
    "author": "nimb****",
    "review_id": "4056445",
    "movie_id": "10009"
  },
  {
    "review": "좋구나~",
    "date": "09.08.14",
    "rating": "10",
    "author": "dlwo****",
    "review_id": "3747079",
    "movie_id": "10009"
  },
  {
    "review": "좋습니다.",
    "date": "09.07.07",
    "rating": "10",
    "author": "0527****",
    "review_id": "3616201",
    "movie_id": "10009"
  },
  {
    "review": "정말재밌습니다.ㅜㅜ",
    "date": "09.03.11",
    "rating": "10",
    "author": "jak2****",
    "review_id": "3359315",
    "movie_id": "10009"
  },
  {
    "review": "1보다 재미있습니다.",
    "date": "09.02.28",
    "rating": "10",
    "author": "dong****",
    "review_id": "3338418",
    "movie_id": "10009"
  },
  {
    "review": "어릴때 나의 우상... SF영화지만 너무 감동적이었던 슈퍼맨 1,2....",
    "date": "09.02.01",
    "rating": "9",
    "author": "jjan****",
    "review_id": "3269798",
    "movie_id": "10009"
  },
  {
    "review": "슈퍼맨 시리즈 중 최고의 긴장감과 오락성을 갖춘 성공작.",
    "date": "08.11.30",
    "rating": "8",
    "author": "lljh****",
    "review_id": "3081174",
    "movie_id": "10009"
  },
  {
    "review": "미국깃발나오면미국영웅주의고한국깃발로나우면애국심인가.영화는영화다.최고~",
    "date": "08.11.24",
    "rating": "10",
    "author": "flos****",
    "review_id": "3070883",
    "movie_id": "10009"
  },
  {
    "review": "어릴 때 보면 볼만하다.",
    "date": "08.08.03",
    "rating": "6",
    "author": "kpcc****",
    "review_id": "2829877",
    "movie_id": "10009"
  },
  {
    "review": "전형적인 미국식 영웅주의",
    "date": "08.04.23",
    "rating": "5",
    "author": "meth****",
    "review_id": "2594536",
    "movie_id": "10009"
  },
  {
    "review": "오리지널 못지 않는 재미와 볼거리를 보여준다 꽤 성공적인 속편",
    "date": "08.04.10",
    "rating": "7",
    "author": "si2p****",
    "review_id": "2572855",
    "movie_id": "10009"
  },
  {
    "review": "시리즈중 최고인듯 싶다 ...",
    "date": "08.02.05",
    "rating": "7",
    "author": "1stl****",
    "review_id": "2411753",
    "movie_id": "10009"
  },
  {
    "review": "재밌었다. 미국이 세계의 지배자라는 듯한 내용이 좀 거슬렸지만 뭐.. 미국영화니...",
    "date": "08.01.23",
    "rating": "8",
    "author": "kide****",
    "review_id": "2360567",
    "movie_id": "10009"
  },
  {
    "review": "재미있게 봤다",
    "date": "08.01.12",
    "rating": "7",
    "author": "ghdd****",
    "review_id": "2322657",
    "movie_id": "10009"
  },
  {
    "review": "엔터테인먼트가 지향해야할 궁극의 도달점",
    "date": "08.01.02",
    "rating": "10",
    "author": "baks****",
    "review_id": "2291705",
    "movie_id": "10009"
  },
  {
    "review": "1편은2편을위해 존재했다고보여질정도로 2편은 상당한재미와 완성도를보여준다",
    "date": "07.12.18",
    "rating": "9",
    "author": "goms****",
    "review_id": "2242196",
    "movie_id": "10009"
  },
  {
    "review": "역시 슈퍼맨은 미국의 영웅일뿐인것인가..",
    "date": "07.11.12",
    "rating": "8",
    "author": "xx41****",
    "review_id": "2147819",
    "movie_id": "10009"
  },
  {
    "review": "최고의 영웅은 우리의 기억속에 있다",
    "date": "07.11.11",
    "rating": "8",
    "author": "v292****",
    "review_id": "2144710",
    "movie_id": "10009"
  },
  {
    "review": "너무 가슴이 설래고 재밌었다!!! 감동!",
    "date": "07.10.26",
    "rating": "10",
    "author": "kscj****",
    "review_id": "2113455",
    "movie_id": "10009"
  },
  {
    "review": "판타지영웅 슈퍼맨!",
    "date": "07.10.02",
    "rating": "8",
    "author": "stra****",
    "review_id": "2066363",
    "movie_id": "10009"
  },
  {
    "review": "성조기를 들고 날으는 슈퍼맨...영화는 좋았지만 어쩔수 없다",
    "date": "07.05.20",
    "rating": "4",
    "author": "nala****",
    "review_id": "1647450",
    "movie_id": "10009"
  },
  {
    "review": "추억의 영화 좋다~",
    "date": "07.04.02",
    "rating": "10",
    "author": "chom****",
    "review_id": "1569548",
    "movie_id": "10009"
  },
  {
    "review": "대단한 로망",
    "date": "07.03.11",
    "rating": "10",
    "author": "ekdg****",
    "review_id": "1528897",
    "movie_id": "10009"
  },
  {
    "review": "엄마 손잡고 극장가서 본기억이 가물가물 시리즈중 최고!",
    "date": "07.03.10",
    "rating": "10",
    "author": "dhkq****",
    "review_id": "1526762",
    "movie_id": "10009"
  },
  {
    "review": "수퍼맨의 로망~",
    "date": "07.01.31",
    "rating": "10",
    "author": "almo****",
    "review_id": "1430086",
    "movie_id": "10009"
  },
  {
    "review": "멋져",
    "date": "07.01.21",
    "rating": "7",
    "author": "clou****",
    "review_id": "1402268",
    "movie_id": "10009"
  },
  {
    "review": "갠적으로 슈퍼맨 시리즈중 최고로 재밌게 봤었던..",
    "date": "07.01.15",
    "rating": "10",
    "author": "gall****",
    "review_id": "1387935",
    "movie_id": "10009"
  },
  {
    "review": "마냥 좋은거임",
    "date": "06.10.28",
    "rating": "10",
    "author": "endu****",
    "review_id": "1203282",
    "movie_id": "10009"
  },
  {
    "review": "15세 이상 관람불가",
    "date": "06.10.16",
    "rating": "6",
    "author": "soul****",
    "review_id": "1183597",
    "movie_id": "10009"
  },
  {
    "review": "재미는 충분하지만 어딘지 공허. 리처드 도너 판을 기다린다.",
    "date": "06.10.07",
    "rating": "8",
    "author": "rush****",
    "review_id": "1168801",
    "movie_id": "10009"
  },
  {
    "review": "슈퍼악인 3명과 동시에 뉴욕에서 대결하는 장면 최강",
    "date": "06.09.11",
    "rating": "10",
    "author": "redo****",
    "review_id": "1117028",
    "movie_id": "10009"
  },
  {
    "review": "그는 영웅이지만 너무 미국적 영웅이다. 진 핵크만 역시 최고",
    "date": "06.08.15",
    "rating": "9",
    "author": "mjmm****",
    "review_id": "1037600",
    "movie_id": "10009"
  },
  {
    "review": "슈퍼맨 1.2 최고!!!",
    "date": "06.08.13",
    "rating": "10",
    "author": "unif****",
    "review_id": "1016970",
    "movie_id": "10009"
  },
  {
    "review": "크리스토퍼 Live. 그가 보고싶어진다..",
    "date": "06.07.26",
    "rating": "9",
    "author": "kami****",
    "review_id": "922681",
    "movie_id": "10009"
  },
  {
    "review": "인간은 슈퍼맨이 되고 싶었지만 슈퍼맨은 인간이 되고 싶었다",
    "date": "06.07.01",
    "rating": "8",
    "author": "cube****",
    "review_id": "866068",
    "movie_id": "10009"
  },
  {
    "review": "슈퍼맨 1,2 정말 굿굿~~최고~~~",
    "date": "06.06.18",
    "rating": "10",
    "author": "d2ap****",
    "review_id": "849316",
    "movie_id": "10009"
  },
  {
    "review": "어릴적 정말 재미있게 봤었는데...지금은 어떨까?",
    "date": "06.06.06",
    "rating": "8",
    "author": "poli****",
    "review_id": "833094",
    "movie_id": "10009"
  },
  {
    "review": "슈퍼맨2  어디서 볼수있죠???",
    "date": "06.05.10",
    "rating": "10",
    "author": "jand****",
    "review_id": "794943",
    "movie_id": "10009"
  },
  {
    "review": "배트맨 슬슬 몸이 간지럽기 시작하겠는걸.",
    "date": "06.04.11",
    "rating": "8",
    "author": "izzo****",
    "review_id": "757501",
    "movie_id": "10009"
  },
  {
    "review": "특수효과를 잘 활용한 센스가 돋보인다",
    "date": "05.12.28",
    "rating": "9",
    "author": "kws7****",
    "review_id": "534022",
    "movie_id": "10009"
  },
  {
    "review": "그땐 진핵크만이 왜그리 밉던지.^^.",
    "date": "05.12.24",
    "rating": "9",
    "author": "blue****",
    "review_id": "524762",
    "movie_id": "10009"
  },
  {
    "review": "어린시절 우상!! 슈퍼맨~",
    "date": "05.11.09",
    "rating": "9",
    "author": "free****",
    "review_id": "469147",
    "movie_id": "10009"
  },
  {
    "review": "2편까지는 그럭저럭 봐줄만 하다.",
    "date": "05.09.21",
    "rating": "6",
    "author": "movi****",
    "review_id": "415996",
    "movie_id": "10009"
  },
  {
    "review": "어릴때 진짜 감동받으며 봤다.나름대로 반전도 있다!!",
    "date": "05.08.16",
    "rating": "9",
    "author": "dark****",
    "review_id": "370305",
    "movie_id": "10009"
  },
  {
    "review": "우리의 영원한 영웅 슈퍼맨...1편보다 좋았다.",
    "date": "05.03.26",
    "rating": "9",
    "author": "pcw0****",
    "review_id": "247555",
    "movie_id": "10009"
  },
  {
    "review": "슈퍼맨 시리즈는 하나도 빼놓치 않고 볼정도로 잼난다",
    "date": "05.03.13",
    "rating": "9",
    "author": "red0****",
    "review_id": "240048",
    "movie_id": "10009"
  },
  {
    "review": "슈퍼맨 애인 정말 이쁨.",
    "date": "05.02.13",
    "rating": "6",
    "author": "dc0a****",
    "review_id": "218899",
    "movie_id": "10009"
  },
  {
    "review": "여기까지는 최고였던걸로 기억한다",
    "date": "05.02.08",
    "rating": "10",
    "author": "yoju****",
    "review_id": "212724",
    "movie_id": "10009"
  },
  {
    "review": "오옷~~~~~~~~~",
    "date": "04.12.15",
    "rating": "10",
    "author": "ante****",
    "review_id": "162918",
    "movie_id": "10009"
  },
  {
    "review": "멋지다~짱!",
    "date": "04.10.14",
    "rating": "10",
    "author": "chlw****",
    "review_id": "125736",
    "movie_id": "10009"
  },
  {
    "review": "멋진 그의 이름, 슈퍼맨.",
    "date": "04.07.01",
    "rating": "8",
    "author": "jcr3****",
    "review_id": "63453",
    "movie_id": "10009"
  },
  {
    "review": "1편에 이어 흥행 성공했던 작품!!! 슈퍼맨~ 굿~",
    "date": "04.06.11",
    "rating": "10",
    "author": "hoso****",
    "review_id": "52625",
    "movie_id": "10009"
  },
  {
    "review": "극장에서 손에 땀을 쥐며 조마조마하게 봤던 기억이 나는구려",
    "date": "04.02.29",
    "rating": "6",
    "author": "rg52****",
    "review_id": "25565",
    "movie_id": "10009"
  },
  {
    "review": "전편보다 오락성이 강화된 작품",
    "date": "04.01.25",
    "rating": "8",
    "author": "rood****",
    "review_id": "13093",
    "movie_id": "10009"
  },
  {
    "review": "그영화 봤는데 해설이 더..",
    "date": "04.01.01",
    "rating": "1",
    "author": "jiwo****",
    "review_id": "7728",
    "movie_id": "10009"
  }
]