[
  {
    "review": "마무리도 멋지고 깔끔하게~",
    "date": "15.07.30",
    "rating": "9",
    "author": "phea****",
    "review_id": "10163536",
    "movie_id": "10004"
  },
  {
    "review": "2편의 아쉬움을 멋지게 날려 버리다!!!",
    "date": "15.07.20",
    "rating": "10",
    "author": "prs7****",
    "review_id": "10123506",
    "movie_id": "10004"
  },
  {
    "review": "매드맥스,쥬라기공원,터미네이터도 후속편이 나왔다. 과연 백투더퓨쳐가 나올까? 내 예상은 NO다. WHY냐고? 지금 헐리우드 현역감독중에 1,2,3 발뒤꿈치라도 따라갈 영화를 만들수 있는 역량이 있는 감독이 과연 존재나 할까 ㅋㅋㅋ",
    "date": "15.07.19",
    "rating": "10",
    "author": "wrec****",
    "review_id": "10121225",
    "movie_id": "10004"
  },
  {
    "review": "미래는 너희들이 만들어 나가는거야!!!",
    "date": "15.07.18",
    "rating": "10",
    "author": "ac67****",
    "review_id": "10116553",
    "movie_id": "10004"
  },
  {
    "review": "마티 맥플라이가 다녀간 올해 2015. 마티와 브라운 박사의 우정이 영원토록 이어지길^^",
    "date": "15.07.13",
    "rating": "9",
    "author": "play****",
    "review_id": "10099442",
    "movie_id": "10004"
  },
  {
    "review": "그냥 너무 잘 만들었다는 말 밖에는...",
    "date": "15.07.12",
    "rating": "10",
    "author": "tome****",
    "review_id": "10097756",
    "movie_id": "10004"
  },
  {
    "review": "3부작의 마무리가 아니라 보너스 에피소드 느낌",
    "date": "15.06.19",
    "rating": "7",
    "author": "0292****",
    "review_id": "10013006",
    "movie_id": "10004"
  },
  {
    "review": "진심 천재가 아닌가 싶다",
    "date": "15.06.16",
    "rating": "10",
    "author": "duda****",
    "review_id": "10003778",
    "movie_id": "10004"
  },
  {
    "review": "21세기 스포츠 연감 같은 거 하늘에서 하나 뚝 떨어져라.",
    "date": "15.06.15",
    "rating": "10",
    "author": "band****",
    "review_id": "10003399",
    "movie_id": "10004"
  },
  {
    "review": "와!! 정말 재밌네요  왜 이걸 이제서야 봤는지ㅠㅠ",
    "date": "15.06.15",
    "rating": "10",
    "author": "kdur****",
    "review_id": "10001525",
    "movie_id": "10004"
  },
  {
    "review": "맨마지막 기관차타임머신 장면만 없으면 완벽했을거 같다 그래도 유니버셜 최고의 시리즈",
    "date": "15.06.13",
    "rating": "9",
    "author": "elws****",
    "review_id": "9996400",
    "movie_id": "10004"
  },
  {
    "review": "믿고보는 백투더퓨처 시리즈1편부터 3편까지 대단하다는 말밖에 나오지 않는다.",
    "date": "15.06.05",
    "rating": "8",
    "author": "kenn****",
    "review_id": "9977481",
    "movie_id": "10004"
  },
  {
    "review": "재미면에서는 1,2편 못지 않지만 설득력  부족이  좀 있었다. 그래도 시리즈 영화중에서 최고다",
    "date": "15.06.04",
    "rating": "9",
    "author": "dday****",
    "review_id": "9974189",
    "movie_id": "10004"
  },
  {
    "review": "이게 25년전의 영화인데 요즘은 이런 명작이 왜 나오지 않는 걸까? 소재가 떨어져서일까...",
    "date": "15.05.23",
    "rating": "10",
    "author": "lysk****",
    "review_id": "9939913",
    "movie_id": "10004"
  },
  {
    "review": "영화에서 다시 보고 싶은 마이클 제이폭스",
    "date": "15.05.22",
    "rating": "8",
    "author": "adiv****",
    "review_id": "9939718",
    "movie_id": "10004"
  },
  {
    "review": "이런 영화 또 없나...",
    "date": "15.05.17",
    "rating": "10",
    "author": "jp88****",
    "review_id": "9924682",
    "movie_id": "10004"
  },
  {
    "review": "클라라만 없었어도 완벽했을 시리즈",
    "date": "15.04.06",
    "rating": "9",
    "author": "wlgp****",
    "review_id": "9830692",
    "movie_id": "10004"
  },
  {
    "review": "이시리즈는 명작이다!",
    "date": "15.03.29",
    "rating": "10",
    "author": "jhh5****",
    "review_id": "9813909",
    "movie_id": "10004"
  },
  {
    "review": "세시리즈 모두다 재밌다ㅠㅜ",
    "date": "15.02.14",
    "rating": "10",
    "author": "sssy****",
    "review_id": "9695253",
    "movie_id": "10004"
  },
  {
    "review": "1탄11점 2탄10점 3탄9점 주고싶다",
    "date": "15.02.13",
    "rating": "9",
    "author": "fdq2****",
    "review_id": "9692983",
    "movie_id": "10004"
  },
  {
    "review": "영화사 역대 최고의 3부작.",
    "date": "15.02.09",
    "rating": "10",
    "author": "ajtw****",
    "review_id": "9681105",
    "movie_id": "10004"
  },
  {
    "review": "3시리즈가 모두 재밌을 수 밖에 없는 이유.. 애초에 1,2,3을 한꺼번에 찍었구만  정말 명작 영화다. 개인적으로 3가 깨알 재미가 많아서 제일 좋았다 !",
    "date": "15.01.29",
    "rating": "10",
    "author": "kjs7****",
    "review_id": "9649684",
    "movie_id": "10004"
  },
  {
    "review": "한 동안 없을 명작같아요~!",
    "date": "15.01.28",
    "rating": "10",
    "author": "ngc9****",
    "review_id": "9645091",
    "movie_id": "10004"
  },
  {
    "review": "역사상 가장 완벽한 3편!!",
    "date": "15.01.27",
    "rating": "10",
    "author": "nirv****",
    "review_id": "9641171",
    "movie_id": "10004"
  },
  {
    "review": "끝까지 웃음을 잃지않게해주는 영화! 12탄보다는 그저 흐뭇하게 바라볼수있는 편이었다. 악몽이었던 미래 과거는 재미난 여행이었다고 본다. 그리고 미래는 우리자신이 만들어가는 것이라는것!!",
    "date": "15.01.16",
    "rating": "10",
    "author": "rnld****",
    "review_id": "9599850",
    "movie_id": "10004"
  },
  {
    "review": "호롤롤롤로로롤롤롤로로롤",
    "date": "15.01.14",
    "rating": "10",
    "author": "gaha****",
    "review_id": "9594151",
    "movie_id": "10004"
  },
  {
    "review": "2편까지는 정말 최고였다. 하지만 너무 기대를 해서인지 3편은 그냥 보통이었다. 오히려 3편이 없었으면 '백 투 더 퓨쳐'가 더 최고의 영화가 되었을지도 모르겠다.",
    "date": "15.01.12",
    "rating": "6",
    "author": "seri****",
    "review_id": "9586095",
    "movie_id": "10004"
  },
  {
    "review": "내 인생 최고의 영화의 마지막이라니",
    "date": "14.12.29",
    "rating": "8",
    "author": "alex****",
    "review_id": "9535830",
    "movie_id": "10004"
  },
  {
    "review": "제법 괜찮았던 2편을 생각해본다면, 아쉬울뿐",
    "date": "14.12.25",
    "rating": "6",
    "author": "arkj****",
    "review_id": "9513933",
    "movie_id": "10004"
  },
  {
    "review": "영화는 명화중의 명화감독은 명장중의 명장1 2 3 연속으로 봤는데 개연성 죽이고 그냥 개 쩜30년 다되가는데 이만한 영화 안나옴",
    "date": "14.12.21",
    "rating": "10",
    "author": "tete****",
    "review_id": "9496652",
    "movie_id": "10004"
  },
  {
    "review": "2편도 이렇게 100년 단위로 제작했었으면 좋았을텐데.. 아마 백투더 퓨쳐시리즈는 타임머신영화계의 레전드로 남을듯. 무엇보다 백투더 퓨쳐의 성공의 원인은 주인공인 마이클 j 폭스의 몸을 아끼지 않은 열연과 스티븐 스필버그의 뛰어난 연출력이 성공요인임.",
    "date": "14.12.14",
    "rating": "10",
    "author": "khj8****",
    "review_id": "9473898",
    "movie_id": "10004"
  },
  {
    "review": "백투더퓨처 이 시리즈는 신이 내려준 선물이다!!",
    "date": "14.12.14",
    "rating": "10",
    "author": "ske4****",
    "review_id": "9473214",
    "movie_id": "10004"
  },
  {
    "review": "그래도 재밌다! 1990년 영화인데 이정도면 ㄷㄷ",
    "date": "14.12.12",
    "rating": "10",
    "author": "98ap****",
    "review_id": "9467806",
    "movie_id": "10004"
  },
  {
    "review": "1,2,3편이 한편같은 영화는 정말 드물다. 흥미진진하다!!!",
    "date": "14.12.06",
    "rating": "6",
    "author": "samg****",
    "review_id": "9450601",
    "movie_id": "10004"
  },
  {
    "review": "전작을 답습하는 스토리 전개와 부족한 개연성",
    "date": "14.12.02",
    "rating": "6",
    "author": "rcan****",
    "review_id": "9439949",
    "movie_id": "10004"
  },
  {
    "review": "말이 필요한가? 어릴때 보고 최근에 다시 다운 받아 봐도 느낌이 다르고, 재밌었다. 10점도 적다.",
    "date": "14.11.18",
    "rating": "10",
    "author": "jini****",
    "review_id": "9398117",
    "movie_id": "10004"
  },
  {
    "review": "완전 끝내준다... 처음부터끝까지완전 몰입이되고 시간을 완벽히 이해한 영화",
    "date": "14.11.13",
    "rating": "10",
    "author": "hist****",
    "review_id": "9379458",
    "movie_id": "10004"
  },
  {
    "review": "재미있다재미있다재미있다재미있다",
    "date": "14.11.07",
    "rating": "10",
    "author": "hamg****",
    "review_id": "9350779",
    "movie_id": "10004"
  },
  {
    "review": "마이클j폭스가 파킨슨병을 앎아서.... 참",
    "date": "14.10.29",
    "rating": "10",
    "author": "rjsd****",
    "review_id": "9327379",
    "movie_id": "10004"
  },
  {
    "review": "전작보다 스케일이 더 커졌고, 배경이 서부시대라서 참 흥미로웠다. 전작과는 달리 마티보다 박사님의 비중이 큰 점이 조금 아쉬웠지만...백투더퓨쳐 4탄이 보고싶을 정도로 긴 여운을 남긴 영화다!",
    "date": "14.10.09",
    "rating": "10",
    "author": "qhrt****",
    "review_id": "9278448",
    "movie_id": "10004"
  },
  {
    "review": "백투더 퓨처3편을 보고 스탭롤을 보는순간 즐거웠던 긴 여행이 끝나는 느낌이었다. 미래는 자신이 결정하는것이라는 메세지가 있는 멋진 영화였다.",
    "date": "14.10.06",
    "rating": "10",
    "author": "yist****",
    "review_id": "9270423",
    "movie_id": "10004"
  },
  {
    "review": "회수를 거듭할수록 떨어지는 스토리의 치밀함이 아쉽다",
    "date": "14.09.15",
    "rating": "1",
    "author": "whtj****",
    "review_id": "9218011",
    "movie_id": "10004"
  },
  {
    "review": "서부라는 배경이 되는 장소의 특성상 호불호가 갈리는 시리즈중 가장 마지막편이지만 역시 기본에 충실한 탄탄한 스토리와 감동,재미 모두 선사해주는 훈훈한 마무리... 이제까지 없었고 앞으로도 없을 공상과학 아니 영화전체를 통틀어 최고의 명작!!!",
    "date": "14.09.08",
    "rating": "10",
    "author": "stie****",
    "review_id": "9182951",
    "movie_id": "10004"
  },
  {
    "review": "t사실 3편부터는 말이 안되는게, 3편에서 과거(55년)에 묶이게된 마티가 당시의 젊은 브라운박사에게 다시 찾아가서 자초지종을 설명하는 순간부터 미래가 바뀌어서 미래에서 같이왔던 박사가 번개맞고 서부시대로 사라질 일도 없어져야함. 그래도 명작!",
    "date": "14.09.07",
    "rating": "10",
    "author": "hell****",
    "review_id": "9180141",
    "movie_id": "10004"
  },
  {
    "review": "무엇을 망설이는가 1,2,3까지 명작인 영화가 백투더퓨쳐말고 있었던가. 나온 시대를 보면 엄청난 영화지",
    "date": "14.08.29",
    "rating": "10",
    "author": "sieu****",
    "review_id": "9143842",
    "movie_id": "10004"
  },
  {
    "review": "4편,5편, 계속나왔으면...내생에최고의 명화, 벽뚫고 퓨쳐~~!",
    "date": "14.08.14",
    "rating": "10",
    "author": "mool****",
    "review_id": "9085429",
    "movie_id": "10004"
  },
  {
    "review": "당시에는 뛰어난 영화겠지만 지금 기분으로 봐서는 이건 아님.",
    "date": "14.08.09",
    "rating": "1",
    "author": "jjaj****",
    "review_id": "9053877",
    "movie_id": "10004"
  },
  {
    "review": "재밌게 본 영화 ... 백 투 더 퓨쳐 . 터미네이터 . 인디애나 존스",
    "date": "14.08.06",
    "rating": "10",
    "author": "lish****",
    "review_id": "9036625",
    "movie_id": "10004"
  },
  {
    "review": "영화 자체는 재미있었으나, 맥플라이와 탄넨의 조상이 각각 마티와 비프랑 똑같이 생겼다는 사실이 너무 억지스러워서 거부감이 있었다.",
    "date": "14.08.01",
    "rating": "7",
    "author": "5262****",
    "review_id": "9003628",
    "movie_id": "10004"
  },
  {
    "review": "깔끔하고 상쾌한 엔딩 꼭보세요",
    "date": "14.07.25",
    "rating": "10",
    "author": "tkdt****",
    "review_id": "8954939",
    "movie_id": "10004"
  },
  {
    "review": "타임머신 영화중 백투더퓨처를 능가할 영화는 앞으로도 없을 것 같다.",
    "date": "14.07.22",
    "rating": "10",
    "author": "whia****",
    "review_id": "8941171",
    "movie_id": "10004"
  },
  {
    "review": "시리즈물이 실패하지 않는다는것을 증명.",
    "date": "14.07.11",
    "rating": "9",
    "author": "keep****",
    "review_id": "8904761",
    "movie_id": "10004"
  },
  {
    "review": "서부 시대라는 완전히 과거로 돌아갔는데 긴밀히 연결되었던 1,2편과 달리 연계성이 떨어져서 아쉽다. 시간 여행과 관련된 요소도 생각보다 흥미롭지 않다.",
    "date": "14.07.04",
    "rating": "6",
    "author": "zxc1****",
    "review_id": "8883541",
    "movie_id": "10004"
  },
  {
    "review": "최고의영화 그저 웃지요^ㅡ^",
    "date": "14.06.30",
    "rating": "10",
    "author": "snhl****",
    "review_id": "8871109",
    "movie_id": "10004"
  },
  {
    "review": "12는 재밌는데 이건 별로.. 맨 마지막 기차씬만 볼만했음",
    "date": "14.06.18",
    "rating": "3",
    "author": "real****",
    "review_id": "8838922",
    "movie_id": "10004"
  },
  {
    "review": "백 투 더 퓨처..!!!",
    "date": "14.06.16",
    "rating": "8",
    "author": "alpi****",
    "review_id": "8834593",
    "movie_id": "10004"
  },
  {
    "review": "캐릭터들에 애정이 없다면 별다른 흥미요소가 없는 이야기에 지루함을 느끼게 될 것이다.",
    "date": "14.05.27",
    "rating": "4",
    "author": "inos****",
    "review_id": "8769361",
    "movie_id": "10004"
  },
  {
    "review": "it's very funny when we see it in english, and also, we can feel alot of fun",
    "date": "14.04.26",
    "rating": "10",
    "author": "ksyo****",
    "review_id": "8673374",
    "movie_id": "10004"
  },
  {
    "review": "가장 기억에 남는 영화~~~",
    "date": "14.03.21",
    "rating": "10",
    "author": "yecs****",
    "review_id": "8591601",
    "movie_id": "10004"
  },
  {
    "review": "미래로 돌아가다 3. 1편은 중간 정도 재미고 2편은 좋았는디 3편은 영 지루하네유.",
    "date": "14.02.15",
    "rating": "5",
    "author": "real****",
    "review_id": "8511217",
    "movie_id": "10004"
  },
  {
    "review": "이때 티 맥플라이...10대 중반정도인줄 알았는데...20대 중반이였슴..ㅡㅡ;",
    "date": "14.02.12",
    "rating": "7",
    "author": "do11****",
    "review_id": "8501411",
    "movie_id": "10004"
  },
  {
    "review": "시리즈를 관통하는 아이덴티티는 여전히 좋지만 시간여행이란 신선함은 살짝 부족.",
    "date": "14.01.16",
    "rating": "8",
    "author": "mhth****",
    "review_id": "8386022",
    "movie_id": "10004"
  },
  {
    "review": "박사가 사랑을 만나고 가정을 꾸리게된 모습이 참 보기 좋았던 편ㅠㅠ  그러나 이제는  더이상 백투더퓨처의 시리즈가 없다는게 진짜 진심으로 슬픔...ㅜㅜ",
    "date": "14.01.10",
    "rating": "10",
    "author": "gpwl****",
    "review_id": "8367957",
    "movie_id": "10004"
  },
  {
    "review": "대단한 명작.. 앞으로 이런 명작은 정말 안나올꺼다.. 10점밖에 줄수없는게 안타깝다. 1 2 3 꼭 연달아서 보시길.",
    "date": "14.01.08",
    "rating": "10",
    "author": "qorc****",
    "review_id": "8360344",
    "movie_id": "10004"
  },
  {
    "review": "지금 봐도 정말 재미있는 영화",
    "date": "13.12.31",
    "rating": "10",
    "author": "usap****",
    "review_id": "8329836",
    "movie_id": "10004"
  },
  {
    "review": "어렸을때 봤을땐 다른 시리즈보다 지루하단 느낌이 살짝들었는데 지금 보니 정말 찡하네.... 백투더퓨처의 진짜 주인공은 박사님!!!!",
    "date": "13.12.24",
    "rating": "10",
    "author": "crew****",
    "review_id": "8292589",
    "movie_id": "10004"
  },
  {
    "review": "학교에서 선생님이 보여주셔서 봤는데 정~~말로 스릴있고 재미있어요 4편은 안나오지만 그래도 이것처럼 스릴있는 영화들이 많이 나왔으면 좋겠어요^^",
    "date": "13.12.23",
    "rating": "10",
    "author": "tlsw****",
    "review_id": "8285170",
    "movie_id": "10004"
  },
  {
    "review": "1,2편에 비해 좀 지루했음",
    "date": "13.12.23",
    "rating": "7",
    "author": "kysk****",
    "review_id": "8283068",
    "movie_id": "10004"
  },
  {
    "review": "2탄을 봤다면 3탄도 꼭 봐라 후속편의 흥행으로 4편도 기다리지는 영화지만 역시나ㅠㅠ",
    "date": "13.12.17",
    "rating": "9",
    "author": "zxvt****",
    "review_id": "8221392",
    "movie_id": "10004"
  },
  {
    "review": "미래는 정해져 있지 않아, 스스로 만들어 가는 거야. 좋은 미래를 만들렴.",
    "date": "13.11.24",
    "rating": "10",
    "author": "oh_b****",
    "review_id": "8166000",
    "movie_id": "10004"
  },
  {
    "review": "10점을 주기엔 명작들이 너무 많죠. 그러나 오락영화치고 너무 재미있는 영화!",
    "date": "13.10.17",
    "rating": "9",
    "author": "jiha****",
    "review_id": "8066507",
    "movie_id": "10004"
  },
  {
    "review": "최고의 전성기를 구가하던 그가 1991년 파킨슨병을 진단받고 얼마나 슬펐을까요...ㅠ 2013년 이제 미드로 다시 보게 된다니 반갑기 그지없어요",
    "date": "13.10.02",
    "rating": "10",
    "author": "jade****",
    "review_id": "8026239",
    "movie_id": "10004"
  },
  {
    "review": "진짜 내 생애 최고의 영화인 백투더퓨처 시리즈의 마지막을 장식하는 3편...",
    "date": "13.09.29",
    "rating": "10",
    "author": "swks****",
    "review_id": "8022403",
    "movie_id": "10004"
  },
  {
    "review": "그렇게 타임슬립은 영화...명작으로 남다",
    "date": "13.09.20",
    "rating": "10",
    "author": "tlsq****",
    "review_id": "8002502",
    "movie_id": "10004"
  },
  {
    "review": "전작에 비해........",
    "date": "13.09.05",
    "rating": "8",
    "author": "sams****",
    "review_id": "7951107",
    "movie_id": "10004"
  },
  {
    "review": "1,2편보단 몰입감이 떨어짐",
    "date": "13.08.28",
    "rating": "6",
    "author": "jls2****",
    "review_id": "7929504",
    "movie_id": "10004"
  },
  {
    "review": "잼잇군 흠",
    "date": "13.08.24",
    "rating": "10",
    "author": "ckru****",
    "review_id": "7916259",
    "movie_id": "10004"
  },
  {
    "review": "1편은 중간 정도 재미이고 2편은 좋았는디 3편은 영 지루하네유.",
    "date": "13.08.19",
    "rating": "1",
    "author": "real****",
    "review_id": "7905075",
    "movie_id": "10004"
  },
  {
    "review": "스릴있고 재밌다",
    "date": "13.08.09",
    "rating": "10",
    "author": "qowo****",
    "review_id": "7861721",
    "movie_id": "10004"
  },
  {
    "review": "설레이는 결말",
    "date": "13.08.06",
    "rating": "7",
    "author": "tpfl****",
    "review_id": "7847875",
    "movie_id": "10004"
  },
  {
    "review": ";",
    "date": "13.08.05",
    "rating": "10",
    "author": "naoo****",
    "review_id": "7844713",
    "movie_id": "10004"
  },
  {
    "review": "여튼 ㅊ고",
    "date": "13.07.30",
    "rating": "10",
    "author": "tolu****",
    "review_id": "7799200",
    "movie_id": "10004"
  },
  {
    "review": "중학교 3학년 때 상계동 사촌형네 집에 놀러갔다가 극장에서 봤던 추억의 영화.. 옆자리 여학생이 예뻐서 계속 신경쓰였엇지.. 그시절의 분위기와 열차씬이 기억에 남는다",
    "date": "13.07.25",
    "rating": "10",
    "author": "danz****",
    "review_id": "7785014",
    "movie_id": "10004"
  },
  {
    "review": "너무 내용이 억지스러운것도있고.. 전개가 급한느낌이였음.. 2까지는 딱 좋았는데 말이죠! 그래도 재밌었음",
    "date": "13.07.17",
    "rating": "8",
    "author": "gjw0****",
    "review_id": "7749555",
    "movie_id": "10004"
  },
  {
    "review": "일본제품들은 모두 최고급이라니.. 일본제품들 띄어주네",
    "date": "13.06.13",
    "rating": "1",
    "author": "mara****",
    "review_id": "7632465",
    "movie_id": "10004"
  },
  {
    "review": "너무 많이 갔다... 아쉬운 마지막 편.",
    "date": "13.05.22",
    "rating": "7",
    "author": "floo****",
    "review_id": "7546857",
    "movie_id": "10004"
  },
  {
    "review": "멋진오락영화 시리즈~ 약간 아쉬운 3편",
    "date": "13.05.19",
    "rating": "7",
    "author": "rock****",
    "review_id": "7541315",
    "movie_id": "10004"
  },
  {
    "review": "시리즈의 마무리를 멋있게 장식했다.",
    "date": "13.05.04",
    "rating": "10",
    "author": "thef****",
    "review_id": "7504826",
    "movie_id": "10004"
  },
  {
    "review": "최고의 타입슬립 영화",
    "date": "13.03.31",
    "rating": "10",
    "author": "bsm9****",
    "review_id": "7427562",
    "movie_id": "10004"
  },
  {
    "review": "전작들보다 못하다... 게다가 마지막 장면을 보면 뭔가 살짝 막짱삘도 느껴지는데;; 전작들하고 완전 사람이 다르잖아 이거...",
    "date": "13.03.28",
    "rating": "4",
    "author": "jiyu****",
    "review_id": "7417213",
    "movie_id": "10004"
  },
  {
    "review": "역시 으리가 없다",
    "date": "13.03.26",
    "rating": "1",
    "author": "haid****",
    "review_id": "7413167",
    "movie_id": "10004"
  },
  {
    "review": "몇OO간 이런 영화 안나오겠찌? ㅠㅠ",
    "date": "13.03.20",
    "rating": "10",
    "author": "1492****",
    "review_id": "7374458",
    "movie_id": "10004"
  },
  {
    "review": "3편이 제일 재밌더만. 다들 3편이 오락적으로 떨어진다는 평은 그 시절 1,2편을 보고 기대심리가 작용했기 때문. 명성만 듣고 이제야 1,2,3편을 한꺼번에 보게됐는데 시공간이동 폭도 크고 다채로운 장면들 속도감있는 씬에 예상치못한(?) 러브라인까지.",
    "date": "13.03.10",
    "rating": "10",
    "author": "huve****",
    "review_id": "7338862",
    "movie_id": "10004"
  },
  {
    "review": "1탄보단 못하지만 볼만하다.",
    "date": "13.03.09",
    "rating": "8",
    "author": "a109****",
    "review_id": "7332981",
    "movie_id": "10004"
  },
  {
    "review": "와쩐다..3편으로 제대로 마무리해주네.. 멋진영화",
    "date": "13.03.08",
    "rating": "10",
    "author": "mooh****",
    "review_id": "7330864",
    "movie_id": "10004"
  },
  {
    "review": "20년이 넘게 지난 지금봐도 명작이네",
    "date": "13.03.05",
    "rating": "10",
    "author": "mins****",
    "review_id": "7325462",
    "movie_id": "10004"
  },
  {
    "review": "굿",
    "date": "13.02.16",
    "rating": "10",
    "author": "qkrg****",
    "review_id": "7272767",
    "movie_id": "10004"
  },
  {
    "review": "굿굿",
    "date": "13.02.16",
    "rating": "10",
    "author": "rlaw****",
    "review_id": "7272317",
    "movie_id": "10004"
  },
  {
    "review": "진짜재밌음",
    "date": "13.01.31",
    "rating": "10",
    "author": "hiho****",
    "review_id": "7203170",
    "movie_id": "10004"
  },
  {
    "review": "진짜 역사에 남을 명작.. 오늘 다시 봤는데도 재미나네요",
    "date": "13.01.28",
    "rating": "10",
    "author": "mze1****",
    "review_id": "7185753",
    "movie_id": "10004"
  }
]