[
  {
    "review": "앞으로 어느 영웅이 이보다 더 처절할 만큼 사서 고생하겠는가",
    "date": "15.08.26",
    "rating": "8",
    "author": "syoc****",
    "review_id": "10276872",
    "movie_id": "10012"
  },
  {
    "review": "사람들이 진정으로 원하는 민폐(?)경찰, 액션은 정말 bb",
    "date": "15.08.16",
    "rating": "10",
    "author": "ewq7****",
    "review_id": "10239853",
    "movie_id": "10012"
  },
  {
    "review": "요즘엔 이런 영화가 없어서 안타깝다... CG는 발달하고 감동은 퇴보한듯.",
    "date": "15.08.01",
    "rating": "10",
    "author": "jang****",
    "review_id": "10170061",
    "movie_id": "10012"
  },
  {
    "review": "헐리우드 액션 스릴러의 모범적인 과제작.",
    "date": "15.07.27",
    "rating": "8",
    "author": "hyuk****",
    "review_id": "10151274",
    "movie_id": "10012"
  },
  {
    "review": "다시봐도 명불허전이다",
    "date": "15.07.20",
    "rating": "10",
    "author": "lyj9****",
    "review_id": "10123097",
    "movie_id": "10012"
  },
  {
    "review": "액션영화의 명작. 다이하드 시리즈의 최고봉. 브루스 윌리스를 일약 액션스타로 띄운 영화",
    "date": "15.07.19",
    "rating": "8",
    "author": "yise****",
    "review_id": "10121563",
    "movie_id": "10012"
  },
  {
    "review": "그 옛날 비디오테잎 빌려서 보고 충격 먹었던 영화~~진심 최고의 명작!!",
    "date": "15.07.19",
    "rating": "10",
    "author": "hjro****",
    "review_id": "10121323",
    "movie_id": "10012"
  },
  {
    "review": "내가 고1때 영등포 연흥극장서본 아직두잊을수없는영화! 다시봐두 역시명작! 세월이많이흘렀네~ 브루스형님처럼나두..",
    "date": "15.07.19",
    "rating": "10",
    "author": "jin2****",
    "review_id": "10121252",
    "movie_id": "10012"
  },
  {
    "review": "남자의 피를 끊게 만드는게 뭔지 아는 영화 도심속의 헬기씬, 장갑차에 내리 꽂아지는 미사일 등등등",
    "date": "15.06.10",
    "rating": "10",
    "author": "khj1****",
    "review_id": "9988580",
    "movie_id": "10012"
  },
  {
    "review": "일본의 경제력.독일의 기술력에 맞서 싸우는 미국 형사..",
    "date": "15.06.08",
    "rating": "9",
    "author": "pont****",
    "review_id": "9983631",
    "movie_id": "10012"
  },
  {
    "review": "그냥 레전드다 레전드!!!",
    "date": "15.05.31",
    "rating": "10",
    "author": "mcjj****",
    "review_id": "9964594",
    "movie_id": "10012"
  },
  {
    "review": "이게 1988년작이라는 것을 알았을때 놀라지 않을 수 없었다. 브루스윌리스의 액션염기에 감탄하며 쏠쏠한 재미를 느낄수 있었고 영상미나 cg기술이 그때 더 발전했더라면, 쇼생크탈출같은 대작이 탄생할수 있었을꺼란 생각이 든다.",
    "date": "15.05.16",
    "rating": "8",
    "author": "kenn****",
    "review_id": "9922327",
    "movie_id": "10012"
  },
  {
    "review": "백날을 OO봐라 이만한 액션영화가있냐",
    "date": "15.05.05",
    "rating": "10",
    "author": "anrn****",
    "review_id": "9898203",
    "movie_id": "10012"
  },
  {
    "review": "이렇게 재밌는 액션영화가 어디에 있을까!",
    "date": "15.04.15",
    "rating": "10",
    "author": "sckc****",
    "review_id": "9846375",
    "movie_id": "10012"
  },
  {
    "review": "등에 권총 숨긴 장면은 아직도 생생하다.",
    "date": "15.04.12",
    "rating": "10",
    "author": "lsh5****",
    "review_id": "9841816",
    "movie_id": "10012"
  },
  {
    "review": "액션영화의 레전드~~~ 브루스 윌리스의 매력, 완성도 굿!",
    "date": "15.01.18",
    "rating": "10",
    "author": "writ****",
    "review_id": "9609120",
    "movie_id": "10012"
  },
  {
    "review": "다른 비슷한 영화보다 긴장감있고 지루하지 않아 좋았다. 이런 영화가 앞으로도 나올수있을까? 근데 악당이 다이하드네..마지막에 깜짝놀람ㅋㅋ(1편보다 2편이 더 재밌음)",
    "date": "14.12.19",
    "rating": "8",
    "author": "hans****",
    "review_id": "9487915",
    "movie_id": "10012"
  },
  {
    "review": "시대를 뛰어넘는 진정한 마초 아버지.",
    "date": "14.12.17",
    "rating": "10",
    "author": "jjda****",
    "review_id": "9480754",
    "movie_id": "10012"
  },
  {
    "review": "몇년이 지나도 최고의 명작영화",
    "date": "14.12.05",
    "rating": "10",
    "author": "pusz****",
    "review_id": "9449791",
    "movie_id": "10012"
  },
  {
    "review": "처절한 맥클레인표 맨몸 액션",
    "date": "14.11.29",
    "rating": "8",
    "author": "rcan****",
    "review_id": "9433105",
    "movie_id": "10012"
  },
  {
    "review": "맥 끊기는 단조로운 액션의 나열",
    "date": "14.11.18",
    "rating": "3",
    "author": "goms****",
    "review_id": "9397933",
    "movie_id": "10012"
  },
  {
    "review": "내 생애 최고의 액션 영화",
    "date": "14.10.30",
    "rating": "10",
    "author": "skwl****",
    "review_id": "9329033",
    "movie_id": "10012"
  },
  {
    "review": "다이하드는 3 까지가 최고였다. 거기서 멈췄어야해",
    "date": "14.10.30",
    "rating": "10",
    "author": "xfig****",
    "review_id": "9328569",
    "movie_id": "10012"
  },
  {
    "review": "주인공 버프이자 먼치킨의 원조, 본좌!",
    "date": "14.10.19",
    "rating": "10",
    "author": "dada****",
    "review_id": "9301389",
    "movie_id": "10012"
  },
  {
    "review": "이런게 바로 제대로된 오락영화가 아닌가싶다",
    "date": "14.10.11",
    "rating": "10",
    "author": "gree****",
    "review_id": "9284580",
    "movie_id": "10012"
  },
  {
    "review": "맨발의 투혼 그리고 무전기는 우정을 싣고 ~ !",
    "date": "14.10.05",
    "rating": "9",
    "author": "otu2****",
    "review_id": "9266771",
    "movie_id": "10012"
  },
  {
    "review": "근육질 몸과 막강화력의 큰총으로 무장한 마초식 영웅들이 람보, 코만도등과 더불어 영화계를 점령하던 시절, 영화내내 권총한자루, 맨발에 흰 러닝셔츠차림으로 나오는 평범한 영웅은 가히 혁신적이었음!",
    "date": "14.10.03",
    "rating": "10",
    "author": "hybr****",
    "review_id": "9257126",
    "movie_id": "10012"
  },
  {
    "review": "한스하고 맥클레인하고 마주했을 때 대박이네요 ㅋㅋㅋ",
    "date": "14.09.26",
    "rating": "9",
    "author": "keal****",
    "review_id": "9241499",
    "movie_id": "10012"
  },
  {
    "review": "여러 방면에서 가공할 만한 특급 오락영화.",
    "date": "14.09.26",
    "rating": "9",
    "author": "ogr5****",
    "review_id": "9241265",
    "movie_id": "10012"
  },
  {
    "review": "보고나면 인상적인 장면들이 많이 기억나는 '인간적인 히어로물'",
    "date": "14.08.26",
    "rating": "9",
    "author": "ksr6****",
    "review_id": "9134071",
    "movie_id": "10012"
  },
  {
    "review": "내가본 액션영화중에 최고는 본시리즈였지만 이걸본후 88도 영화지만 이게 최고가 될거같다.",
    "date": "14.08.15",
    "rating": "10",
    "author": "hero****",
    "review_id": "9087798",
    "movie_id": "10012"
  },
  {
    "review": "옛날식이라 현대에서보면 웃음이 피식피식 나지만 그 시절에는 매우 잘만든 수작일 것이다.영웅놀이보다는 정부나 윗사람들의 무능함을 표현한듯",
    "date": "14.08.14",
    "rating": "7",
    "author": "equa****",
    "review_id": "9082891",
    "movie_id": "10012"
  },
  {
    "review": "1988년도 영화인만큼 지금 보면 상당히 지루함",
    "date": "14.08.01",
    "rating": "1",
    "author": "jjaj****",
    "review_id": "8997140",
    "movie_id": "10012"
  },
  {
    "review": "정말  재미있는 영화. 영화사에 손꼽히는 캐릭터, 존 맥클레인~액션,스릴러,드라마,코믹등 모든 장르가 이렇게 잘 어울어질 순 없다.",
    "date": "14.08.01",
    "rating": "10",
    "author": "whia****",
    "review_id": "8997001",
    "movie_id": "10012"
  },
  {
    "review": "진짜 최고중의 최고다ㅋㅋ 이 정도는 돼야 액션영화라고 할 수있지",
    "date": "14.06.30",
    "rating": "10",
    "author": "ials****",
    "review_id": "8871495",
    "movie_id": "10012"
  },
  {
    "review": "주인공 맥클레인 형사와 악당의 심리싸움. 여기에 탄탄한 극 전개와 탁월한 액션 장면이 긴장감 넘친다.",
    "date": "14.06.14",
    "rating": "10",
    "author": "bsm9****",
    "review_id": "8828460",
    "movie_id": "10012"
  },
  {
    "review": "주인공과 악당 모두가 액션뿐만 아니라 머리도 쓸 줄 아는 캐릭터라 흥미롭다. 액션 장면은 재밌고 긴장감 넘치며, 이야기는 지루함 없이 진행된다. 무엇보다 브루스 윌리스의 ‘존 맥클레인’ 캐릭터는 강렬한 존재감을 남긴다.",
    "date": "14.06.06",
    "rating": "8",
    "author": "zxc1****",
    "review_id": "8805295",
    "movie_id": "10012"
  },
  {
    "review": "초딩때 영화를 보고 고딩때까지 브루스윌리스 이름이  존 맥클레인 인줄 알았다. ㅋㅋ",
    "date": "14.06.05",
    "rating": "10",
    "author": "good****",
    "review_id": "8796988",
    "movie_id": "10012"
  },
  {
    "review": "88년도에 이런 액션씬은 요즘 나오는 액션씬과 맞붙을듯 하다.",
    "date": "14.05.25",
    "rating": "8",
    "author": "zyeo****",
    "review_id": "8764015",
    "movie_id": "10012"
  },
  {
    "review": "와우  완전  재밌다  짱임 ㅋㅋ",
    "date": "14.05.25",
    "rating": "10",
    "author": "guan****",
    "review_id": "8763653",
    "movie_id": "10012"
  },
  {
    "review": "10자 이상 써야 등록이 된다는데 더 이상 할 말이 없다.",
    "date": "14.05.14",
    "rating": "10",
    "author": "yyw2****",
    "review_id": "8730741",
    "movie_id": "10012"
  },
  {
    "review": "전혀 지루할 틈이 없는 영화!",
    "date": "14.05.04",
    "rating": "9",
    "author": "fghy****",
    "review_id": "8700310",
    "movie_id": "10012"
  },
  {
    "review": "진짜 말이 필요없다.레전드 영화 라고밖에.",
    "date": "14.04.21",
    "rating": "10",
    "author": "tidh****",
    "review_id": "8664655",
    "movie_id": "10012"
  },
  {
    "review": "볼거리 많고 위트 있으면서도 화끈한 액션영화!",
    "date": "14.04.01",
    "rating": "10",
    "author": "ieew****",
    "review_id": "8622673",
    "movie_id": "10012"
  },
  {
    "review": "스네이프 교수님 여기서 이러시면 안됩니다.",
    "date": "14.03.26",
    "rating": "10",
    "author": "seri****",
    "review_id": "8608899",
    "movie_id": "10012"
  },
  {
    "review": "다이하드 시리즈의 시작을 알리다.",
    "date": "14.02.28",
    "rating": "10",
    "author": "come****",
    "review_id": "8545503",
    "movie_id": "10012"
  },
  {
    "review": "브루스 윌리스는 위대하다.",
    "date": "14.02.17",
    "rating": "10",
    "author": "dlck****",
    "review_id": "8515670",
    "movie_id": "10012"
  },
  {
    "review": "초등학교 때 봤던 명작 다이하드.. 30대 중반이 된 지금 다시 봐도 장난 아니네. 지루할 틈이 없다. 진짜 액션영화의 교과서!!",
    "date": "14.02.16",
    "rating": "10",
    "author": "crom****",
    "review_id": "8512031",
    "movie_id": "10012"
  },
  {
    "review": "최첨단 일본기업 바벨탑을 박살내고, 치밀하고 거만한 독일 귀족을 날려버리며, 집 나간 워킹걸 아내까지 되찾아오는.. 양키 마초맨 카우보이의 좌충우돌 투쟁기! 일리아드와 \"레마겐의 철교\"를 배합해, 뜨겁고 즐겁고 정교하게 완성해낸 전천후 액션 서사시~!",
    "date": "14.02.10",
    "rating": "10",
    "author": "wana****",
    "review_id": "8496487",
    "movie_id": "10012"
  },
  {
    "review": "정말이지 맨 끝 장면은 아직까지 기억이 나는 장면이네요~!!!",
    "date": "14.02.03",
    "rating": "9",
    "author": "pmg9****",
    "review_id": "8471763",
    "movie_id": "10012"
  },
  {
    "review": "낡은티는 어쩔수 없지만 지금봐도 수작이라 느끼는건 대단하다 생각함.",
    "date": "14.02.02",
    "rating": "9",
    "author": "seou****",
    "review_id": "8464707",
    "movie_id": "10012"
  },
  {
    "review": "우람한 근육질의 초인에 가까운 주인공이 나약한 악당들을 초토화시키던 그 시절 나타난 인간미 넘치고 수다스러운, 현실에 있을 법한 주인공은 액션영화의 새로운 공식을 만들었다.",
    "date": "14.01.21",
    "rating": "10",
    "author": "dwko****",
    "review_id": "8406104",
    "movie_id": "10012"
  },
  {
    "review": "브형님,, 이때는 머리가 있으셨구나.... 새삼 깨달음",
    "date": "14.01.18",
    "rating": "10",
    "author": "dani****",
    "review_id": "8394069",
    "movie_id": "10012"
  },
  {
    "review": "형사물이자 액션영화의 고전이자 교과서....  88년작이지만 지금 개봉한다해도 왠만한 액션영화는 버로우타게 할 명작.최고의 캐릭터와 악역. 지루할 틈 없는 전개. 봐도 봐도 재미있음....",
    "date": "13.12.26",
    "rating": "10",
    "author": "fure****",
    "review_id": "8306161",
    "movie_id": "10012"
  },
  {
    "review": "액션의 전설이 되어버린 명작...중학교때 이 영화포스터를 보고 모두들 경찰이 되고 싶어했지..이 영화 나온지도 거의 25년이 되어가네..당시 중학교때 이 영화안보면 남자아이들 사이에서는 왕따 되었던 영화",
    "date": "13.12.26",
    "rating": "7",
    "author": "thra****",
    "review_id": "8305970",
    "movie_id": "10012"
  },
  {
    "review": "정말 소름끼친다!!!",
    "date": "13.12.26",
    "rating": "10",
    "author": "ske4****",
    "review_id": "8304679",
    "movie_id": "10012"
  },
  {
    "review": "개봉한지 90년이 지났지만 현재 왠만한 액션영화 보다 좋다",
    "date": "13.12.17",
    "rating": "8",
    "author": "adiv****",
    "review_id": "8219486",
    "movie_id": "10012"
  },
  {
    "review": "영화 처음부터 끝까지 지루할 틈이없다. 최고의 액션영화",
    "date": "13.12.16",
    "rating": "10",
    "author": "gbwd****",
    "review_id": "8218702",
    "movie_id": "10012"
  },
  {
    "review": "친구의 추천으로 봤는데...대단한 명작이군!!!!",
    "date": "13.12.15",
    "rating": "10",
    "author": "dino****",
    "review_id": "8215691",
    "movie_id": "10012"
  },
  {
    "review": "20년이 더 지난 지금에 다시 봐도 이만큼 재밌는 영화가 또 있을까 싶다",
    "date": "13.12.14",
    "rating": "10",
    "author": "motu****",
    "review_id": "8213937",
    "movie_id": "10012"
  },
  {
    "review": "의심할 여지없는 최고수준의 액션영화.",
    "date": "13.12.12",
    "rating": "9",
    "author": "kxvt****",
    "review_id": "8207248",
    "movie_id": "10012"
  },
  {
    "review": "완벽한 스토리와 영상.  진짜 개 쩐다....",
    "date": "13.12.08",
    "rating": "10",
    "author": "thev****",
    "review_id": "8199806",
    "movie_id": "10012"
  },
  {
    "review": "탄탄한 각본에 의한 스토리라인과 액션 영화에 걸맞는 안정적인 연출 그리고 존 맥클레인이란 손에 꼽힐만한 캐릭터를 탄생시킨 명작이자 다이하드 시리즈의 시작을 알린 작품, 다이하드 시리즈 중 가장 돋보인다.",
    "date": "13.12.04",
    "rating": "10",
    "author": "keep****",
    "review_id": "8189382",
    "movie_id": "10012"
  },
  {
    "review": "악당이 이렇게 멋지다니. 중후하고 섹시한 알란 릭맨",
    "date": "13.11.22",
    "rating": "8",
    "author": "maen****",
    "review_id": "8160341",
    "movie_id": "10012"
  },
  {
    "review": "테이큰 이전에 다이하드가 있었다 역대액션영화중 최고를 꼽으라면 반드시 나오는 최고의 명작",
    "date": "13.11.10",
    "rating": "10",
    "author": "laks****",
    "review_id": "8130716",
    "movie_id": "10012"
  },
  {
    "review": "명작이지 명작. 이피카이예이 마XXX 이 대사는 꼭 생각남",
    "date": "13.11.06",
    "rating": "10",
    "author": "judg****",
    "review_id": "8119569",
    "movie_id": "10012"
  },
  {
    "review": "그저 빌딩 하나로 이런 긴장감 넘치는 액션영화를 만들다니..!!브래드피트의 탈모전 모습을 볼수있어서 좋다.",
    "date": "13.10.18",
    "rating": "10",
    "author": "hell****",
    "review_id": "8069735",
    "movie_id": "10012"
  },
  {
    "review": "어떠한 액션물과도 비교할수 없는 최고명작",
    "date": "13.10.11",
    "rating": "10",
    "author": "534k****",
    "review_id": "8053626",
    "movie_id": "10012"
  },
  {
    "review": "1도 재밌지만 속편이 더 재밌었다.",
    "date": "13.10.08",
    "rating": "7",
    "author": "wlgh****",
    "review_id": "8045012",
    "movie_id": "10012"
  },
  {
    "review": "내가 13살인데 본 영화 중 가장 재미있었음",
    "date": "13.09.25",
    "rating": "10",
    "author": "hell****",
    "review_id": "8015563",
    "movie_id": "10012"
  },
  {
    "review": "액션영화의 새 지평을 열었다.",
    "date": "13.09.02",
    "rating": "10",
    "author": "wsjj****",
    "review_id": "7942426",
    "movie_id": "10012"
  },
  {
    "review": "빌딩 재난 영화의 원조!! 이 영화 따라하는 아류작 많았지ㅎ",
    "date": "13.09.01",
    "rating": "9",
    "author": "swhn****",
    "review_id": "7939036",
    "movie_id": "10012"
  },
  {
    "review": "내가 좋아하는 다이하드!",
    "date": "13.08.30",
    "rating": "10",
    "author": "polo****",
    "review_id": "7935442",
    "movie_id": "10012"
  },
  {
    "review": "굿",
    "date": "13.08.28",
    "rating": "9",
    "author": "jumm****",
    "review_id": "7928849",
    "movie_id": "10012"
  },
  {
    "review": "재밌는 액션영화.",
    "date": "13.08.21",
    "rating": "9",
    "author": "cpu1****",
    "review_id": "7907917",
    "movie_id": "10012"
  },
  {
    "review": "20여년 만에 본 브루스윌리스표 액션의 표본, 흥미로운 장치와 대사들의 향연, let it snow!",
    "date": "13.08.14",
    "rating": "10",
    "author": "ador****",
    "review_id": "7878490",
    "movie_id": "10012"
  },
  {
    "review": "다이하드 시리즈중에서 원조가제일 재미있게 봤데이윌리스 행님의 액션의 진수를 잘 만끽했제",
    "date": "13.08.13",
    "rating": "10",
    "author": "yyho****",
    "review_id": "7875141",
    "movie_id": "10012"
  },
  {
    "review": "요즘 나오는 건물 장악하는 액션들도 다이하드와 비교하면 수준이 안된다",
    "date": "13.08.08",
    "rating": "9",
    "author": "ldy6****",
    "review_id": "7856774",
    "movie_id": "10012"
  },
  {
    "review": "한정된 공간에서도 충분히 긴장감넘치고 흥미로운 액션물이 나올수 있다는걸 증명한 명작. 당시로선 발군의 퀄리티였다는건 부정할 수 없을 듯.",
    "date": "13.07.31",
    "rating": "10",
    "author": "gshh****",
    "review_id": "7801711",
    "movie_id": "10012"
  },
  {
    "review": "완전  굿굿굿",
    "date": "13.07.28",
    "rating": "10",
    "author": "hyun****",
    "review_id": "7795525",
    "movie_id": "10012"
  },
  {
    "review": "젊은 부르스 형님!!! 88년작임을 감안하면 훌륭하다!",
    "date": "13.07.28",
    "rating": "8",
    "author": "mooh****",
    "review_id": "7792553",
    "movie_id": "10012"
  },
  {
    "review": "향수때문에 낮은 점수를 주기 싫지만 저에게는 7점짜리 정도. 속도감 긴장감이 약하다. 악당들 행동도 조금 이해 안 가는 면이.. 하지만피가케챱처럼튀는거말고는 잔인하지 않아서 좋다.",
    "date": "13.07.27",
    "rating": "7",
    "author": "kkkk****",
    "review_id": "7792170",
    "movie_id": "10012"
  },
  {
    "review": "정말 재밌고 반할수밖에 없는영화다 크하 ~~ 여운도있꼬 재밌는영화고 액션영화의 교과서라 불리어도 될정도로 몰입감과 액션장면이 좋다.브르스윌리스 의 젊은시절 모습은 덤! 다만 짜임새는 약했다",
    "date": "13.07.05",
    "rating": "8",
    "author": "chjy****",
    "review_id": "7708192",
    "movie_id": "10012"
  },
  {
    "review": "지금봐도 다이하드는 정말 재밌다.",
    "date": "13.07.04",
    "rating": "10",
    "author": "gies****",
    "review_id": "7704595",
    "movie_id": "10012"
  },
  {
    "review": "캬~ 호돌이가 나와서 올림픽 하던 그 시절에 나온 액션영화의 바이블!",
    "date": "13.06.13",
    "rating": "10",
    "author": "sbas****",
    "review_id": "7634084",
    "movie_id": "10012"
  },
  {
    "review": "액션영화의 정석",
    "date": "13.06.07",
    "rating": "8",
    "author": "leti****",
    "review_id": "7604087",
    "movie_id": "10012"
  },
  {
    "review": "25년전 영화치고 액션은 정말 입이 떡벌어질정도로 멋있지만... 플롯은 지극히 전형적임. 액션이란 장르는 정말 잘살림.",
    "date": "13.06.05",
    "rating": "9",
    "author": "ckda****",
    "review_id": "7580325",
    "movie_id": "10012"
  },
  {
    "review": "개쪄는 최고의 명작!!",
    "date": "13.05.29",
    "rating": "10",
    "author": "qorc****",
    "review_id": "7561006",
    "movie_id": "10012"
  },
  {
    "review": "개쩐다",
    "date": "13.05.26",
    "rating": "10",
    "author": "mara****",
    "review_id": "7555830",
    "movie_id": "10012"
  },
  {
    "review": "말 그대루 다이하드  ㅋㅋ 이건 봐도 봐도 재밌져 ㅋ 음악도 센스있어! ㅋ ㅇㅅㅇ)b",
    "date": "13.05.21",
    "rating": "10",
    "author": "eisb****",
    "review_id": "7545920",
    "movie_id": "10012"
  },
  {
    "review": "스네이프교수님 너무멋진거 아닙니까? 역시 다이하드는 1편이 진리지",
    "date": "13.05.18",
    "rating": "10",
    "author": "3dca****",
    "review_id": "7537846",
    "movie_id": "10012"
  },
  {
    "review": "굿",
    "date": "13.04.27",
    "rating": "10",
    "author": "fyah****",
    "review_id": "7485706",
    "movie_id": "10012"
  },
  {
    "review": "브루스 윌리스의 머리털 있는 모습...",
    "date": "13.04.24",
    "rating": "9",
    "author": "01aj****",
    "review_id": "7477622",
    "movie_id": "10012"
  },
  {
    "review": "지금 봐도 재미있고 잘 만들었다ㅎ",
    "date": "13.04.18",
    "rating": "8",
    "author": "ssun****",
    "review_id": "7465856",
    "movie_id": "10012"
  },
  {
    "review": "이런게 진짜 액션이지!!",
    "date": "13.04.09",
    "rating": "10",
    "author": "xx41****",
    "review_id": "7445727",
    "movie_id": "10012"
  },
  {
    "review": "생각보다 잘짜여진 내용 전개와 연출이 훌륭했다",
    "date": "13.04.06",
    "rating": "8",
    "author": "juss****",
    "review_id": "7439057",
    "movie_id": "10012"
  },
  {
    "review": "브루스 윌리스가 개고생하는 액션의 시작",
    "date": "13.04.02",
    "rating": "8",
    "author": "sumi****",
    "review_id": "7429946",
    "movie_id": "10012"
  },
  {
    "review": "다시봐도 명작은명작이다.",
    "date": "13.03.25",
    "rating": "10",
    "author": "yksi****",
    "review_id": "7409421",
    "movie_id": "10012"
  },
  {
    "review": "그래서 당신이 영웅",
    "date": "13.03.17",
    "rating": "10",
    "author": "juk7****",
    "review_id": "7356304",
    "movie_id": "10012"
  },
  {
    "review": "펑펑터지는 액션의 원조.",
    "date": "13.03.08",
    "rating": "10",
    "author": "xlas****",
    "review_id": "7332030",
    "movie_id": "10012"
  }
]