[
  {
    "review": "내용은 모두 알지만, 알면서도 여러 번 봤다.",
    "date": "15.08.26",
    "rating": "10",
    "author": "taeh****",
    "review_id": "10275300",
    "movie_id": "10016"
  },
  {
    "review": "개봉한지는 좀 된 영화지만 얼마전 형과 함께 웃긴 영화를 찾던중 발견한 영화입니다 기대를 하고 영화를 다운받아 보니 정말 영화 보는 내내 웃음이 끊기지 않았고 정말 보길 잘했다는 생각이 들었습니다 앞으로도 이런 영화가 많이 나왔으면 좋겠네요.",
    "date": "15.08.21",
    "rating": "10",
    "author": "dudt****",
    "review_id": "10258757",
    "movie_id": "10016"
  },
  {
    "review": "따뜻한 방안에서 귤까먹으며 보던 시절을 떠오르게 해주는 영화. 나홀로집에는 1,2가 명작",
    "date": "15.08.18",
    "rating": "10",
    "author": "qor2****",
    "review_id": "10247642",
    "movie_id": "10016"
  },
  {
    "review": "크리스마스하면 제일 먼저 생각나는 영화",
    "date": "15.08.17",
    "rating": "10",
    "author": "bisu****",
    "review_id": "10247111",
    "movie_id": "10016"
  },
  {
    "review": "흔한 도둑들의 금강불괴",
    "date": "15.08.16",
    "rating": "10",
    "author": "ykk1****",
    "review_id": "10241005",
    "movie_id": "10016"
  },
  {
    "review": "지금보면 악당들 불쌍해 ㅠㅠ",
    "date": "15.08.15",
    "rating": "8",
    "author": "haen****",
    "review_id": "10235634",
    "movie_id": "10016"
  },
  {
    "review": "이건 뭐 10년 20년 후에도 크리스마스에 계속 틀어줄 듯",
    "date": "15.08.10",
    "rating": "10",
    "author": "seun****",
    "review_id": "10212999",
    "movie_id": "10016"
  },
  {
    "review": "네..저는 영원히 크리스마스에 혼자 봅니다....안생겨요...",
    "date": "15.07.19",
    "rating": "10",
    "author": "chog****",
    "review_id": "10120201",
    "movie_id": "10016"
  },
  {
    "review": "크리스마스를 위한 영화.",
    "date": "15.07.17",
    "rating": "9",
    "author": "toki****",
    "review_id": "10113941",
    "movie_id": "10016"
  },
  {
    "review": "내 생에서 가장 많이 본 영화ㅇㅇ",
    "date": "15.07.11",
    "rating": "10",
    "author": "ruda****",
    "review_id": "10090860",
    "movie_id": "10016"
  },
  {
    "review": "크리스마스하면 나홀로집 이외의 영화는 생각이 안난다",
    "date": "15.06.13",
    "rating": "10",
    "author": "jude****",
    "review_id": "9997269",
    "movie_id": "10016"
  },
  {
    "review": "성룡의 CIA, 폴리스스토리, 나홀로집에는 크리스마스때 방송 3사에서 의무적으로 틀어야 한다고 생각합니다.",
    "date": "15.06.09",
    "rating": "10",
    "author": "ipho****",
    "review_id": "9986245",
    "movie_id": "10016"
  },
  {
    "review": "모든 영화를 통틀어서 위대한 명작이다. 배우들의 연기도 눈부셨고, 스토리도 코믹스러움을 충분히 표현하였다.",
    "date": "15.05.29",
    "rating": "10",
    "author": "ash_****",
    "review_id": "9959975",
    "movie_id": "10016"
  },
  {
    "review": "크리스마스 최고의영화, 살면서 가장 많이 본 영화, 영화를 보면서 당시의 추억들을 떠오르게하는 영화. 최고임!!",
    "date": "15.05.27",
    "rating": "10",
    "author": "dltn****",
    "review_id": "9953330",
    "movie_id": "10016"
  },
  {
    "review": "내 인생에 최고의 영화!!!!",
    "date": "15.05.25",
    "rating": "10",
    "author": "rlar****",
    "review_id": "9950390",
    "movie_id": "10016"
  },
  {
    "review": "다시 재개봉 하면 안될까?",
    "date": "15.05.25",
    "rating": "10",
    "author": "qiru****",
    "review_id": "9948342",
    "movie_id": "10016"
  },
  {
    "review": "인생에서 가장 여러번 본 영화",
    "date": "15.05.17",
    "rating": "10",
    "author": "blue****",
    "review_id": "9926796",
    "movie_id": "10016"
  },
  {
    "review": "종합 평점은 8점 드립니다.",
    "date": "15.05.02",
    "rating": "8",
    "author": "terr****",
    "review_id": "9885186",
    "movie_id": "10016"
  },
  {
    "review": "외로운 크리스마스는 캐빈과 함께",
    "date": "15.04.23",
    "rating": "9",
    "author": "ksa2****",
    "review_id": "9860128",
    "movie_id": "10016"
  },
  {
    "review": "뭐니뭐니 해도 겨울하면 생각나는 영화1위 케빈은 영원한 크리스마스친구임",
    "date": "15.03.23",
    "rating": "10",
    "author": "spec****",
    "review_id": "9801527",
    "movie_id": "10016"
  },
  {
    "review": "크리스마스 최고의 영화",
    "date": "15.03.18",
    "rating": "10",
    "author": "dbst****",
    "review_id": "9791833",
    "movie_id": "10016"
  },
  {
    "review": "크리스마스면 생각나는 영화. 케~~빈~~~",
    "date": "15.03.17",
    "rating": "4",
    "author": "samg****",
    "review_id": "9789133",
    "movie_id": "10016"
  },
  {
    "review": "영화보다는 전설로 불러줘야 한다.",
    "date": "15.03.16",
    "rating": "10",
    "author": "revo****",
    "review_id": "9788170",
    "movie_id": "10016"
  },
  {
    "review": "나의 유년시절의 명화. 앞으로도 맥컬리 컬킨의 나홀로 집에 시리즈 보다 더 재미있고 감동적인 성장 드라마를 찾기는 어려울 것 같다.",
    "date": "15.03.10",
    "rating": "10",
    "author": "hepy****",
    "review_id": "9771322",
    "movie_id": "10016"
  },
  {
    "review": "잼....,,,,/",
    "date": "15.03.10",
    "rating": "10",
    "author": "dnjs****",
    "review_id": "9771263",
    "movie_id": "10016"
  },
  {
    "review": "어릴떄 정말 많이 본 영화",
    "date": "15.03.06",
    "rating": "7",
    "author": "binn****",
    "review_id": "9760816",
    "movie_id": "10016"
  },
  {
    "review": "한번도 안본사람은 있어도 한번만 본사람은 없다는 전설의 영화",
    "date": "15.03.06",
    "rating": "10",
    "author": "tupa****",
    "review_id": "9760757",
    "movie_id": "10016"
  },
  {
    "review": "크리스마스 VOD용~^^ ㅋㅋㅋㅋ",
    "date": "15.02.25",
    "rating": "4",
    "author": "side****",
    "review_id": "9737016",
    "movie_id": "10016"
  },
  {
    "review": "보고보고 또다시 봐도 재밌는 영화!ㅋㅋ",
    "date": "15.02.20",
    "rating": "10",
    "author": "rhfx****",
    "review_id": "9717710",
    "movie_id": "10016"
  },
  {
    "review": "나홀로집에는 3학년 이상 아이들에게 적절하고 재미있는 영화인 것 같습니다.재미있는 케빈의 나혼자산다 생활기!저는 개인적으로 이 영화를 연휴 가족영화로 강추합니다.",
    "date": "15.02.17",
    "rating": "10",
    "author": "mss3****",
    "review_id": "9706974",
    "movie_id": "10016"
  },
  {
    "review": "진짜 또 봐도 안 질린다 !!",
    "date": "15.02.10",
    "rating": "10",
    "author": "enta****",
    "review_id": "9684406",
    "movie_id": "10016"
  },
  {
    "review": "올 겨울도 잘부탁한다 케빈~",
    "date": "15.02.08",
    "rating": "10",
    "author": "bbb2****",
    "review_id": "9678000",
    "movie_id": "10016"
  },
  {
    "review": "인정한다 10자10자",
    "date": "15.02.03",
    "rating": "10",
    "author": "sacr****",
    "review_id": "9662364",
    "movie_id": "10016"
  },
  {
    "review": "영화계의 데이비드베컴. 너무 많은 TV방영으로 저평가됨.",
    "date": "15.02.02",
    "rating": "10",
    "author": "supe****",
    "review_id": "9661901",
    "movie_id": "10016"
  },
  {
    "review": "10년이  지나도 크리스마스 하면 영원히 떠오르게 하는 나홀로집에1.,2 크리스마스때마다 보려구 소장중임 ㅋㅋ 진짜 개꿀잼",
    "date": "15.02.02",
    "rating": "10",
    "author": "jsjh****",
    "review_id": "9660105",
    "movie_id": "10016"
  },
  {
    "review": "어린이용 다이하드! 천조국 애들의 위엄.",
    "date": "15.01.31",
    "rating": "8",
    "author": "pont****",
    "review_id": "9652830",
    "movie_id": "10016"
  },
  {
    "review": "굿 정말 코미디중에 코미디 입니다",
    "date": "15.01.30",
    "rating": "10",
    "author": "tvn1****",
    "review_id": "9652369",
    "movie_id": "10016"
  },
  {
    "review": "재밌음...ㅎㅎㅎㅎ",
    "date": "15.01.24",
    "rating": "10",
    "author": "hye7****",
    "review_id": "9631850",
    "movie_id": "10016"
  },
  {
    "review": "매년 보고있지...ㅠㅠ",
    "date": "15.01.22",
    "rating": "10",
    "author": "imyo****",
    "review_id": "9624352",
    "movie_id": "10016"
  },
  {
    "review": "케빈 넌 걍 10점 먹어ㅎㅎ",
    "date": "15.01.22",
    "rating": "10",
    "author": "j530****",
    "review_id": "9621846",
    "movie_id": "10016"
  },
  {
    "review": "통쾌 상쾌 유쾌 멋진 친구",
    "date": "15.01.19",
    "rating": "10",
    "author": "ade1****",
    "review_id": "9613453",
    "movie_id": "10016"
  },
  {
    "review": "크리스마스의 영원한 추억♥보고또봐도 즐거운 고마운영화♥",
    "date": "15.01.17",
    "rating": "10",
    "author": "kang****",
    "review_id": "9603733",
    "movie_id": "10016"
  },
  {
    "review": "영화에 나오는 캐롤만 들어도 좋다..  빨간이불이랑  녹색가운도 예쁨..",
    "date": "15.01.16",
    "rating": "10",
    "author": "your****",
    "review_id": "9601563",
    "movie_id": "10016"
  },
  {
    "review": "특정일에 특정영화를 떠올리게 하는건 무한한 영광",
    "date": "15.01.14",
    "rating": "8",
    "author": "rcan****",
    "review_id": "9591195",
    "movie_id": "10016"
  },
  {
    "review": "너무 재밌다. 수십번 봤는데도 진짜 질리지가 않는다.",
    "date": "15.01.11",
    "rating": "10",
    "author": "llsk****",
    "review_id": "9585916",
    "movie_id": "10016"
  },
  {
    "review": "오늘 봤는데 새록새록 잼나다~연기들도 잘하고,,좋은영화~",
    "date": "15.01.11",
    "rating": "10",
    "author": "djae****",
    "review_id": "9582491",
    "movie_id": "10016"
  },
  {
    "review": "올해도 보았다. 히히히",
    "date": "15.01.10",
    "rating": "10",
    "author": "moon****",
    "review_id": "9581662",
    "movie_id": "10016"
  },
  {
    "review": "이것이 내가 본 것중에서 재일 재미있기도 하고 살짝 잔인했다.(특히 머리를 불로 지지는 부분과 머프의 발을 바늘로 찌르는 것^^)",
    "date": "15.01.07",
    "rating": "9",
    "author": "dltj****",
    "review_id": "9570764",
    "movie_id": "10016"
  },
  {
    "review": "크리스마스에보기엔최고인영화.강추!!",
    "date": "15.01.03",
    "rating": "10",
    "author": "happ****",
    "review_id": "9556416",
    "movie_id": "10016"
  },
  {
    "review": "이 영화 10번도 더 본것 같은데 봐도봐도 안질린다  그나저나 맥컬리 컬킨 안타깝네",
    "date": "14.12.31",
    "rating": "10",
    "author": "home****",
    "review_id": "9542017",
    "movie_id": "10016"
  },
  {
    "review": "여러가지트랩들로 도둑을 갖고노는 직쏘의 공포가 잘 살아나있다",
    "date": "14.12.31",
    "rating": "10",
    "author": "chla****",
    "review_id": "9541293",
    "movie_id": "10016"
  },
  {
    "review": "내가 봤던 영화 중에 매우 재밌었던 영화입니다.",
    "date": "14.12.28",
    "rating": "10",
    "author": "isha****",
    "review_id": "9528705",
    "movie_id": "10016"
  },
  {
    "review": "내가 본 영화중 가장 코믹하고 질리지 않은 영화였다!",
    "date": "14.12.26",
    "rating": "10",
    "author": "bigs****",
    "review_id": "9521475",
    "movie_id": "10016"
  },
  {
    "review": "10년 뒤에 봐도 지금 같은 느낌 일듯...최고다~~~",
    "date": "14.12.26",
    "rating": "10",
    "author": "as_k****",
    "review_id": "9519980",
    "movie_id": "10016"
  },
  {
    "review": "연말엔 케빈과함께...",
    "date": "14.12.26",
    "rating": "10",
    "author": "one_****",
    "review_id": "9519708",
    "movie_id": "10016"
  },
  {
    "review": "크리스마스 추억의  영화 ㅠㅠ",
    "date": "14.12.26",
    "rating": "10",
    "author": "pooh****",
    "review_id": "9519240",
    "movie_id": "10016"
  },
  {
    "review": "20년이넘게흘러도 매번 볼때마다 감동적인영화ㅠ",
    "date": "14.12.26",
    "rating": "10",
    "author": "top3****",
    "review_id": "9518288",
    "movie_id": "10016"
  },
  {
    "review": "그리스마스 가족 영화의 유쾌하고 감동적인 명작",
    "date": "14.12.26",
    "rating": "10",
    "author": "ghdu****",
    "review_id": "9517950",
    "movie_id": "10016"
  },
  {
    "review": "봐도봐도 재밌음!!♥",
    "date": "14.12.26",
    "rating": "10",
    "author": "hjk3****",
    "review_id": "9517666",
    "movie_id": "10016"
  },
  {
    "review": "20살 크리스마스를 나홀로집에를 보며 보낼수있어서 정말 행복합니다♥재미+감동+신선 이 세가지가 모두 녹아있는 명품영화!",
    "date": "14.12.25",
    "rating": "10",
    "author": "psy7****",
    "review_id": "9517329",
    "movie_id": "10016"
  },
  {
    "review": "크리스마스 시즌 대체불가한 최고의 영화!",
    "date": "14.12.25",
    "rating": "10",
    "author": "rhap****",
    "review_id": "9517317",
    "movie_id": "10016"
  },
  {
    "review": "최고의 크리스마스 영화! 괜히 사람들이 케빈과 함께 크리스마스를 보낸다는게 아니군요 ㅋㅋ 잘 짜인 구성과 오래됬음에도 여전한 재미! 빵빵터지는 부분이 상당했습니다. 귀여웠던 케빈을 볼 수 있었던 가족들과 함께 보기에 최고인 크리스마스 영화!",
    "date": "14.12.25",
    "rating": "10",
    "author": "won_****",
    "review_id": "9517280",
    "movie_id": "10016"
  },
  {
    "review": "세계최고의 코미디영화",
    "date": "14.12.25",
    "rating": "10",
    "author": "ktk8****",
    "review_id": "9516651",
    "movie_id": "10016"
  },
  {
    "review": "한해에 1번씩은 보게 되는 이 영화;;",
    "date": "14.12.25",
    "rating": "10",
    "author": "shgu****",
    "review_id": "9516496",
    "movie_id": "10016"
  },
  {
    "review": "좀 전에 봤는데 성인이 되서 다시 봐도 웃음이 나오는 영화네요 ㅎㅎ",
    "date": "14.12.25",
    "rating": "10",
    "author": "ddka****",
    "review_id": "9516470",
    "movie_id": "10016"
  },
  {
    "review": "매년 크리스마스 때 우리의 친구같내요.",
    "date": "14.12.25",
    "rating": "10",
    "author": "gusw****",
    "review_id": "9516331",
    "movie_id": "10016"
  },
  {
    "review": "역대 최고의 고어물..내 평생 이렇게 잔인한 영화를 본적이없다..잔인함과 고통의 미학을 느낄수있는 영화 이런 무서운영화가 전체이용가라는 사실에 충격이다",
    "date": "14.12.25",
    "rating": "9",
    "author": "jopo****",
    "review_id": "9515788",
    "movie_id": "10016"
  },
  {
    "review": "세월이 흘러도 사랑받는 이유가 있는 크리스마스 명작!!! 난 왜 이제서야 봤을까...",
    "date": "14.12.25",
    "rating": "10",
    "author": "qhrt****",
    "review_id": "9515703",
    "movie_id": "10016"
  },
  {
    "review": "봐도봐도 그날만 되면 또 생각나는 영화!",
    "date": "14.12.25",
    "rating": "10",
    "author": "rlaw****",
    "review_id": "9515608",
    "movie_id": "10016"
  },
  {
    "review": "재미있고 슬릴 넘치고 도둑들이 넘 웃겨요!",
    "date": "14.12.25",
    "rating": "10",
    "author": "kok8****",
    "review_id": "9515439",
    "movie_id": "10016"
  },
  {
    "review": "말이필요없는 진리 케빈 보고싶다",
    "date": "14.12.25",
    "rating": "10",
    "author": "enga****",
    "review_id": "9515292",
    "movie_id": "10016"
  },
  {
    "review": "재미있습니다아주그리고이거외에는볼게없습니다",
    "date": "14.12.25",
    "rating": "10",
    "author": "naru****",
    "review_id": "9514347",
    "movie_id": "10016"
  },
  {
    "review": "크리스마스는 케빈과 함께",
    "date": "14.12.25",
    "rating": "10",
    "author": "jywk****",
    "review_id": "9513921",
    "movie_id": "10016"
  },
  {
    "review": "나홀로 케빈은 진리입니다",
    "date": "14.12.25",
    "rating": "10",
    "author": "wmwm****",
    "review_id": "9513903",
    "movie_id": "10016"
  },
  {
    "review": "재밌는데슬프다 케빈아",
    "date": "14.12.25",
    "rating": "10",
    "author": "gusd****",
    "review_id": "9513721",
    "movie_id": "10016"
  },
  {
    "review": "매년 함께하는 케빈 ㅠㅠ",
    "date": "14.12.25",
    "rating": "10",
    "author": "yjx_****",
    "review_id": "9513378",
    "movie_id": "10016"
  },
  {
    "review": "보는날이 정해져있는 영화는 흔치않은데...",
    "date": "14.12.25",
    "rating": "10",
    "author": "psjs****",
    "review_id": "9513342",
    "movie_id": "10016"
  },
  {
    "review": "크리스마스필수영화♡♡♡",
    "date": "14.12.25",
    "rating": "10",
    "author": "dltm****",
    "review_id": "9513240",
    "movie_id": "10016"
  },
  {
    "review": "매년 크리스마스마다 출석하고 갑니다..",
    "date": "14.12.25",
    "rating": "10",
    "author": "kjp4****",
    "review_id": "9513101",
    "movie_id": "10016"
  },
  {
    "review": "크리스마스는 케빈과함께",
    "date": "14.12.25",
    "rating": "10",
    "author": "gudq****",
    "review_id": "9513055",
    "movie_id": "10016"
  },
  {
    "review": "어릴때 봤을때는 그냥 웃겼는데 군대 다녀오고 보니까 케빈 도둑들 진짜 죽일 생각으로 함정 설치함 ㅋㅋ 불지르고 다리미 겁나 높은데서 머리에 떨구고 계단 미끄럽게 한것도 뇌진탕 노리고 싸이코패스임 ㅋㅋㅋ",
    "date": "14.12.25",
    "rating": "10",
    "author": "xoal****",
    "review_id": "9512854",
    "movie_id": "10016"
  },
  {
    "review": "지금도 테레비에서 하고있넹~",
    "date": "14.12.25",
    "rating": "10",
    "author": "mono****",
    "review_id": "9512681",
    "movie_id": "10016"
  },
  {
    "review": "21년째 크리스마스 한정 내 애인 케빈ㅎㅎ",
    "date": "14.12.25",
    "rating": "10",
    "author": "ddr0****",
    "review_id": "9512651",
    "movie_id": "10016"
  },
  {
    "review": "역쉬ㅋㅋ크리스마스때는 나홀로집이지ㅎㅎ",
    "date": "14.12.25",
    "rating": "10",
    "author": "nos7****",
    "review_id": "9512632",
    "movie_id": "10016"
  },
  {
    "review": "이거 어떤사람이1,2편 그도둑2명이실제로 그함정걸리면  몇번죽나    확인했는데  두사람합쳐서  10번넘게죽음ㅋㅋ",
    "date": "14.12.25",
    "rating": "10",
    "author": "vavo****",
    "review_id": "9512570",
    "movie_id": "10016"
  },
  {
    "review": "솔직히 10점 줄만하다",
    "date": "14.12.25",
    "rating": "10",
    "author": "kunh****",
    "review_id": "9512554",
    "movie_id": "10016"
  },
  {
    "review": "^^♥조아요영화 ㅋㅋㅋ",
    "date": "14.12.25",
    "rating": "10",
    "author": "hkp1****",
    "review_id": "9512103",
    "movie_id": "10016"
  },
  {
    "review": "이번 크리스마스도 케빈과 함께~ 이렇게 많이본 영화는 없었던것 같네요^^",
    "date": "14.12.24",
    "rating": "10",
    "author": "anwl****",
    "review_id": "9509733",
    "movie_id": "10016"
  },
  {
    "review": "크리스마스에 케빈마저 없으면 정말... 이건 몇OO이 지나도 최고의 영화입니다.",
    "date": "14.12.24",
    "rating": "10",
    "author": "dmsw****",
    "review_id": "9509648",
    "movie_id": "10016"
  },
  {
    "review": "어렸을적에 본다면 통쾌한 영화 청소년때 본다면 가족애를 느끼는 영화 어른되서 본다면 악당들의 생명(?)에 애도를 표하는 영화",
    "date": "14.12.24",
    "rating": "8",
    "author": "hyuk****",
    "review_id": "9509542",
    "movie_id": "10016"
  },
  {
    "review": "이번 크리스마스도 케빈과..",
    "date": "14.12.24",
    "rating": "10",
    "author": "nohs****",
    "review_id": "9509482",
    "movie_id": "10016"
  },
  {
    "review": "10살에 처음 보고 20대가 되어서도 보고...30대인 지금도 케빈...40대가 되서 또 평점주러 올게",
    "date": "14.12.24",
    "rating": "10",
    "author": "orz_****",
    "review_id": "9509322",
    "movie_id": "10016"
  },
  {
    "review": "내가 제일 좋아하는 영화도 아닌데 이때까지 본 영화 중에서 제일 많이 봤을듯ㅋㅋㅋ대사도 외울 정도ㅋㅋ크리스마스는 늘 케빈과 함께니까! 근데 영화 잘 만들긴 잘만듬. 다시봐도 재밌어ㅋㅋ",
    "date": "14.12.24",
    "rating": "10",
    "author": "wolf****",
    "review_id": "9508898",
    "movie_id": "10016"
  },
  {
    "review": "올해도 너와 함께구나ㅋㅋ 내일 보자ㅋㅋㅋ",
    "date": "14.12.24",
    "rating": "10",
    "author": "thdu****",
    "review_id": "9508833",
    "movie_id": "10016"
  },
  {
    "review": "23년전부터 보던 영화가..왠지 50여년 후 죽는 날까지 보게될 것 같다.봐도봐도 또 보게되는 영화,연말연시면 한번씩 생각나는 영화.이젠 나이가 들어 유치한 면도 있지만그래도 넌 명작이다",
    "date": "14.12.24",
    "rating": "10",
    "author": "cheo****",
    "review_id": "9508831",
    "movie_id": "10016"
  },
  {
    "review": "올해도 너와 함께다....",
    "date": "14.12.24",
    "rating": "10",
    "author": "blac****",
    "review_id": "9508783",
    "movie_id": "10016"
  },
  {
    "review": "어렸을때는 너무너무 재미있게봤음지금 다 커서 보면 비현실적인게 많아서.. 벽돌이 머리에 떨어졌는데 멀쩡히 살아있는거 같은거.. 하지만 크리스마스때는 빼놓을수 없는 최고의 영화",
    "date": "14.12.24",
    "rating": "10",
    "author": "dhtp****",
    "review_id": "9508715",
    "movie_id": "10016"
  },
  {
    "review": "그냥꿀잼  진짜 그냥꿀잼!!",
    "date": "14.12.24",
    "rating": "10",
    "author": "wnsl****",
    "review_id": "9508671",
    "movie_id": "10016"
  },
  {
    "review": "산타할아버지보다 친숙해..",
    "date": "14.12.24",
    "rating": "10",
    "author": "sung****",
    "review_id": "9508071",
    "movie_id": "10016"
  },
  {
    "review": "ㅎㅇ캐빈 나와함께하자",
    "date": "14.12.24",
    "rating": "10",
    "author": "elko****",
    "review_id": "9507983",
    "movie_id": "10016"
  }
]