[
  {
    "review": "리브가 주인공인 슈퍼맨은 다 재밌음",
    "date": "15.07.29",
    "rating": "10",
    "author": "53po****",
    "review_id": "10158551",
    "movie_id": "10011"
  },
  {
    "review": "1,2편 같지는 않지만 슈퍼맨이 가진 매력을 볼 수 있어 좋았다..",
    "date": "15.07.10",
    "rating": "8",
    "author": "blue****",
    "review_id": "10089344",
    "movie_id": "10011"
  },
  {
    "review": "진짜 이건 오바다. 어떻게 명작을...",
    "date": "15.06.25",
    "rating": "1",
    "author": "seju****",
    "review_id": "10031901",
    "movie_id": "10011"
  },
  {
    "review": "The Quest For Peace!",
    "date": "15.05.04",
    "rating": "2",
    "author": "huit****",
    "review_id": "9894457",
    "movie_id": "10011"
  },
  {
    "review": "슈퍼맨이 같은 유전체로만든놈과싸우고 저때도핵이위험요소군",
    "date": "15.04.18",
    "rating": "10",
    "author": "dnjs****",
    "review_id": "9851054",
    "movie_id": "10011"
  },
  {
    "review": "점수가 너무 낮다  80년대치곤 괜찮은데 6~7점은 충분히 줄만한듯",
    "date": "15.02.14",
    "rating": "10",
    "author": "mic1****",
    "review_id": "9695154",
    "movie_id": "10011"
  },
  {
    "review": "왜 토요명화에서 보지 못했는지 이제야 알았다. 멍청한 감독의 연출력은 3탄까지의 명작을 그저그렇지도 못한 3류 SF로 만들어 놨다. 크리스토퍼 리브외 주인공들 때문이 아니라면 평점은 1점. 10년전의 1탄 보다 엉성한 합성과 편집은 가관이다.",
    "date": "15.02.07",
    "rating": "4",
    "author": "exit****",
    "review_id": "9677475",
    "movie_id": "10011"
  },
  {
    "review": "추억의 영화로 한번 쯤은 볼만하다...",
    "date": "15.02.03",
    "rating": "9",
    "author": "wjrh****",
    "review_id": "9664402",
    "movie_id": "10011"
  },
  {
    "review": "완성도나 긴장도는 전편만 못하지만 그래도 출연진은 그대로 나온다 볼만함",
    "date": "14.05.25",
    "rating": "8",
    "author": "deff****",
    "review_id": "8763851",
    "movie_id": "10011"
  },
  {
    "review": "추억의 영화 갈수록 시리즈 흥미가 떨어지지만 sf 물중에는 그래도 볼만한..",
    "date": "14.04.17",
    "rating": "8",
    "author": "adiv****",
    "review_id": "8654877",
    "movie_id": "10011"
  },
  {
    "review": "다른건 예전 영화니까 그렇다쳐도 어떻게 일반 공구로 슈퍼맨 머리카락을 잘라서 가져가냐",
    "date": "14.01.07",
    "rating": "3",
    "author": "tang****",
    "review_id": "8358991",
    "movie_id": "10011"
  },
  {
    "review": "이상은 높았으나, 솔직히 말도 안되는 이야기지...미국과 소련, 중국이 핵을 포기 할 수 있겠는가? 그것도 슈퍼맨 한사람에 굴복해서....현실은 냉엄하다.",
    "date": "13.06.28",
    "rating": "7",
    "author": "bajj****",
    "review_id": "7686485",
    "movie_id": "10011"
  },
  {
    "review": "실망만 안겨줬던 졸작... 슈퍼맨은 2탄까지가 갑이였다!",
    "date": "13.06.18",
    "rating": "1",
    "author": "sly1****",
    "review_id": "7654380",
    "movie_id": "10011"
  },
  {
    "review": "크리스토퍼 리브를 모욕하는 시나리오와 CG. 다시보니 너무 웃긴다. 장르는 100% 코메디.",
    "date": "12.12.25",
    "rating": "5",
    "author": "mggw****",
    "review_id": "7045062",
    "movie_id": "10011"
  },
  {
    "review": "슈퍼맨3은 돈 아까워서 울었지만 슈퍼맨 4는 정말 아쉬운 영화 돈 만 조금 더 쓰지...",
    "date": "12.02.14",
    "rating": "4",
    "author": "slim****",
    "review_id": "6075020",
    "movie_id": "10011"
  },
  {
    "review": "추억돋는 ㅎ",
    "date": "11.09.29",
    "rating": "5",
    "author": "naeg****",
    "review_id": "5760986",
    "movie_id": "10011"
  },
  {
    "review": "슈퍼맨 死 - 최악의 편.",
    "date": "11.07.06",
    "rating": "3",
    "author": "tori****",
    "review_id": "5525385",
    "movie_id": "10011"
  },
  {
    "review": "혹평에 비해 볼만한 마지막 속편. 다들 애썼다. 비난할 수준은 아님.",
    "date": "11.04.28",
    "rating": "7",
    "author": "sykm****",
    "review_id": "5395402",
    "movie_id": "10011"
  },
  {
    "review": "안나왔어야돼~~",
    "date": "11.03.16",
    "rating": "7",
    "author": "mais****",
    "review_id": "5315735",
    "movie_id": "10011"
  },
  {
    "review": "초딩5학년이 봐도 유치해",
    "date": "10.07.12",
    "rating": "4",
    "author": "0323****",
    "review_id": "4633437",
    "movie_id": "10011"
  },
  {
    "review": "B급특유의 허술함과 매력이 있는 슈퍼맨이었다....",
    "date": "10.02.04",
    "rating": "10",
    "author": "ard2****",
    "review_id": "4245062",
    "movie_id": "10011"
  },
  {
    "review": "슈퍼맨4 는 한마디로 처음부터 끝까지 '대재앙'이었다 - 크리스토퍼 리브의 자서전中",
    "date": "10.01.12",
    "rating": "2",
    "author": "evil****",
    "review_id": "4161382",
    "movie_id": "10011"
  },
  {
    "review": "좋아요.",
    "date": "09.12.20",
    "rating": "10",
    "author": "nimb****",
    "review_id": "4062681",
    "movie_id": "10011"
  },
  {
    "review": "우뢰매를 보는듯 하다..슈퍼맨을 죽인 영화..지금 다시 보니 영~",
    "date": "09.12.17",
    "rating": "1",
    "author": "fall****",
    "review_id": "4050987",
    "movie_id": "10011"
  },
  {
    "review": "내가 어릴때 봤던 슈퍼맨 시리즈가 몇편이지 ㅡ.ㅡ;; 재미있었는데;;;",
    "date": "09.07.20",
    "rating": "5",
    "author": "tleh****",
    "review_id": "3649520",
    "movie_id": "10011"
  },
  {
    "review": "좋아요.",
    "date": "09.07.09",
    "rating": "10",
    "author": "0527****",
    "review_id": "3619119",
    "movie_id": "10011"
  },
  {
    "review": "저는 꽤 재미있었습니다.",
    "date": "09.04.16",
    "rating": "10",
    "author": "sdil****",
    "review_id": "3423905",
    "movie_id": "10011"
  },
  {
    "review": "아주 재미있습니다.",
    "date": "09.03.01",
    "rating": "10",
    "author": "dong****",
    "review_id": "3340146",
    "movie_id": "10011"
  },
  {
    "review": "감독. 바로 지구를 떠나라",
    "date": "09.02.26",
    "rating": "1",
    "author": "baks****",
    "review_id": "3333525",
    "movie_id": "10011"
  },
  {
    "review": "마지막 크리스토퍼 리브의 미소 때문에 이 정도 점수라도 준다.",
    "date": "08.10.18",
    "rating": "6",
    "author": "ohsm****",
    "review_id": "3005890",
    "movie_id": "10011"
  },
  {
    "review": "다시 볼수 없는 리브 마지막 슈퍼맨 작품 그래도 기억에 남을 작품이다.",
    "date": "08.08.16",
    "rating": "10",
    "author": "mani****",
    "review_id": "2876252",
    "movie_id": "10011"
  },
  {
    "review": "슈퍼맨의 끝!",
    "date": "08.04.11",
    "rating": "2",
    "author": "si2p****",
    "review_id": "2574639",
    "movie_id": "10011"
  },
  {
    "review": "1,2편일때가 더 낫다! 욀케 점점 말도 안되게 유치해지는지..",
    "date": "08.02.10",
    "rating": "6",
    "author": "ghdd****",
    "review_id": "2432098",
    "movie_id": "10011"
  },
  {
    "review": "전편의 명성을 쓰레기통에 쳐박아버린 영화",
    "date": "07.11.11",
    "rating": "3",
    "author": "v292****",
    "review_id": "2144708",
    "movie_id": "10011"
  },
  {
    "review": "슈퍼맨 시리즈중 최악",
    "date": "07.07.30",
    "rating": "2",
    "author": "xx41****",
    "review_id": "1828663",
    "movie_id": "10011"
  },
  {
    "review": "3편도 그렇지만 이 한편으로 슈퍼맨시리즈를 말아먹었다.",
    "date": "07.05.22",
    "rating": "3",
    "author": "xxss****",
    "review_id": "1650696",
    "movie_id": "10011"
  },
  {
    "review": "기대 이하..",
    "date": "07.01.21",
    "rating": "5",
    "author": "clou****",
    "review_id": "1402269",
    "movie_id": "10011"
  },
  {
    "review": "낯뜨겁다",
    "date": "07.01.20",
    "rating": "3",
    "author": "outf****",
    "review_id": "1400951",
    "movie_id": "10011"
  },
  {
    "review": "당시 극장에서 하길래 기대를 했건만..",
    "date": "07.01.15",
    "rating": "6",
    "author": "gall****",
    "review_id": "1387941",
    "movie_id": "10011"
  },
  {
    "review": "배우땜시 9점",
    "date": "06.10.28",
    "rating": "9",
    "author": "endu****",
    "review_id": "1203278",
    "movie_id": "10011"
  },
  {
    "review": "이게 뭐냐..-_- 만들지 않았더라면 더 좋았을걸.",
    "date": "06.10.15",
    "rating": "4",
    "author": "swan****",
    "review_id": "1181523",
    "movie_id": "10011"
  },
  {
    "review": "사실상 슈퍼맨을 죽인영화. 이 정도 수준이면 만들지 말았어야.",
    "date": "06.10.07",
    "rating": "2",
    "author": "rush****",
    "review_id": "1168828",
    "movie_id": "10011"
  },
  {
    "review": "진짜 강력한 적, 원자인간과의 대결이 흥미진진",
    "date": "06.09.11",
    "rating": "10",
    "author": "redo****",
    "review_id": "1117026",
    "movie_id": "10011"
  },
  {
    "review": "크리스토퍼 리브가 스토리 작성에 참여. 성조기 장면 대체 뭐래",
    "date": "06.08.19",
    "rating": "7",
    "author": "mjmm****",
    "review_id": "1054477",
    "movie_id": "10011"
  },
  {
    "review": "이러면 안 되는데... 그간의 슈퍼맨의 정에 이끌려서 8점ㅡ.ㅡ",
    "date": "06.08.13",
    "rating": "8",
    "author": "unif****",
    "review_id": "1017004",
    "movie_id": "10011"
  },
  {
    "review": "그냥슈퍼맨이니까하면서 본 억지설정들.그래도볼만은했다.",
    "date": "06.07.26",
    "rating": "7",
    "author": "kami****",
    "review_id": "922726",
    "movie_id": "10011"
  },
  {
    "review": "1,2,3편에 비해 확 떨어지는 재미! 정식4편 인정 주저하게만듬",
    "date": "06.07.07",
    "rating": "4",
    "author": "iceb****",
    "review_id": "874583",
    "movie_id": "10011"
  },
  {
    "review": "크리스토퍼리브와진핵크만을 이렇게하다니.",
    "date": "06.06.24",
    "rating": "2",
    "author": "ss_l****",
    "review_id": "855430",
    "movie_id": "10011"
  },
  {
    "review": "악당을 계속 살려두니 4탄까지 간것.^^",
    "date": "05.12.24",
    "rating": "8",
    "author": "blue****",
    "review_id": "524769",
    "movie_id": "10011"
  },
  {
    "review": "한국엔 3년뒤에 개봉했지..",
    "date": "05.12.24",
    "rating": "6",
    "author": "kws7****",
    "review_id": "524484",
    "movie_id": "10011"
  },
  {
    "review": "대결이 볼 만 했다.",
    "date": "05.07.13",
    "rating": "9",
    "author": "kpcc****",
    "review_id": "321303",
    "movie_id": "10011"
  },
  {
    "review": "젤 재미있게 봤는데 최악이라니",
    "date": "05.04.25",
    "rating": "10",
    "author": "kihs****",
    "review_id": "266085",
    "movie_id": "10011"
  },
  {
    "review": "슈퍼맨 시리즈중 최악.",
    "date": "05.03.26",
    "rating": "6",
    "author": "pcw0****",
    "review_id": "247557",
    "movie_id": "10011"
  },
  {
    "review": "슈퍼맨 프렌차이즈를 말아먹은 불명예 완결편",
    "date": "04.10.22",
    "rating": "3",
    "author": "thin****",
    "review_id": "130501",
    "movie_id": "10011"
  },
  {
    "review": "재밋는데 뭐가 재미없다는거지?",
    "date": "04.10.14",
    "rating": "10",
    "author": "chlw****",
    "review_id": "125738",
    "movie_id": "10011"
  },
  {
    "review": "진 해크먼이 아깝다..",
    "date": "04.07.14",
    "rating": "3",
    "author": "leff****",
    "review_id": "70840",
    "movie_id": "10011"
  },
  {
    "review": "영화로선 부족했으나 슈퍼맨은 여전히 영웅이다.",
    "date": "04.07.01",
    "rating": "7",
    "author": "jcr3****",
    "review_id": "63457",
    "movie_id": "10011"
  },
  {
    "review": "시리즈 4편 중 미비한 부분 많았던 작품...",
    "date": "04.06.11",
    "rating": "5",
    "author": "hoso****",
    "review_id": "52631",
    "movie_id": "10011"
  },
  {
    "review": "완전 졸작",
    "date": "04.02.01",
    "rating": "1",
    "author": "qmfo****",
    "review_id": "14921",
    "movie_id": "10011"
  },
  {
    "review": "어수선하고 엉성한 졸작",
    "date": "04.01.25",
    "rating": "2",
    "author": "rood****",
    "review_id": "13104",
    "movie_id": "10011"
  }
]