[
  {
    "review": "((남들에게는 우스(꽝스러)운 영화중의 하나였을지라도))((록키1편의 열광적인 팬인,나에게는))<<최고의영화>>였다...(웃음)",
    "date": "15.07.13",
    "rating": "10",
    "author": "baks****",
    "review_id": "10101346",
    "movie_id": "10025"
  },
  {
    "review": "배신자시x durtlakwdkdiwl",
    "date": "15.06.10",
    "rating": "10",
    "author": "dnjs****",
    "review_id": "9987522",
    "movie_id": "10025"
  },
  {
    "review": "록키 시리즈는 속편을 거듭할수록 퀄리티가 확연히 떨어진다",
    "date": "15.06.06",
    "rating": "4",
    "author": "sipj****",
    "review_id": "9980165",
    "movie_id": "10025"
  },
  {
    "review": "록키 시리즈 최대의 암덩어리 폴리. 신규 암덩어리 토미 ㅋㅋ",
    "date": "15.05.27",
    "rating": "9",
    "author": "gkst****",
    "review_id": "9953700",
    "movie_id": "10025"
  },
  {
    "review": "별 생각 없이 보다가 지림",
    "date": "15.05.03",
    "rating": "10",
    "author": "kysk****",
    "review_id": "9891778",
    "movie_id": "10025"
  },
  {
    "review": "록키영화 재미있게 봤어요~역쉬 록키영화짱인듯",
    "date": "15.05.03",
    "rating": "10",
    "author": "cegh****",
    "review_id": "9890882",
    "movie_id": "10025"
  },
  {
    "review": "록키5 말이 필요 없다 혹평 이해가 안된다",
    "date": "14.11.28",
    "rating": "10",
    "author": "rlad****",
    "review_id": "9430293",
    "movie_id": "10025"
  },
  {
    "review": "개인적으로는 5편이 제일 별로!",
    "date": "14.07.30",
    "rating": "7",
    "author": "clou****",
    "review_id": "8986779",
    "movie_id": "10025"
  },
  {
    "review": "솔직히 록키 시리즈 중 제일 별로다,, 그래도 타 영화랑 비교하면 수작임",
    "date": "14.07.16",
    "rating": "8",
    "author": "fghy****",
    "review_id": "8919640",
    "movie_id": "10025"
  },
  {
    "review": "록키 6개 시리즈 중에 최고. 이 작품 때문에 록키가 잊혀지지 않는다.",
    "date": "14.06.03",
    "rating": "10",
    "author": "kara****",
    "review_id": "8790936",
    "movie_id": "10025"
  },
  {
    "review": "진짜 재미있게 본편! 솔직히 록키라면 다 좋아요~*^^* 토미 건 저자식 록키의 은혜도 모르고ㅋㅋ 정말 통쾌했던 편!",
    "date": "14.04.07",
    "rating": "10",
    "author": "vkfn****",
    "review_id": "8635115",
    "movie_id": "10025"
  },
  {
    "review": "평론가들은 하루에 영화를 3편에서 5편씩은 봅니다. 같은 영화도 10, 20번씩 보구요. 밥으로 치면 하루 10끼 씩 먹는 겁니다. 일반인과 같은 생각을 할 수가 없습니다. 특히 이런 마음으로 보는 영화는 더더욱 그렇습니다. 마음을 열고 보세요.",
    "date": "14.03.27",
    "rating": "10",
    "author": "ykyl****",
    "review_id": "8610577",
    "movie_id": "10025"
  },
  {
    "review": "복싱영웅도 지치는 건 어쩔 수가 없다",
    "date": "14.02.01",
    "rating": "4",
    "author": "rcan****",
    "review_id": "8461459",
    "movie_id": "10025"
  },
  {
    "review": "아무 감흥도 없어진 밋밋한 록키.",
    "date": "14.01.29",
    "rating": "4",
    "author": "kxvt****",
    "review_id": "8445998",
    "movie_id": "10025"
  },
  {
    "review": "4편까지 고수해 온 진행 방식과 스토리에서 탈피한 점은 좋지만, 나온 결과물은 재미도 감동도 별로 없고 캐릭터와 스토리는 난장판으로 진행되는 것 같다.",
    "date": "14.01.19",
    "rating": "4",
    "author": "zxc1****",
    "review_id": "8401423",
    "movie_id": "10025"
  },
  {
    "review": "솔직히 록키5의 좀더 진지한면 좀더 드라마를 강조한 편이 바로 록키5라고 생각한다. 어렸을때 처음 봤었지만. 나름 정말 재밌게봤다. 좀더 심도있게다룬 가족사와 록키의 고뇌 배신과 응징 현실에서도 있을법한 이야기",
    "date": "13.12.17",
    "rating": "10",
    "author": "cidd****",
    "review_id": "8221200",
    "movie_id": "10025"
  },
  {
    "review": "아쉬운 점이 많았던 작품이었습니다....",
    "date": "13.10.02",
    "rating": "7",
    "author": "wown****",
    "review_id": "8028921",
    "movie_id": "10025"
  },
  {
    "review": "1~4편에 비해선 좀 약했지만 그래도 재밌어유. 록키 형을 보면 마음이 착해짐을 느껴유.",
    "date": "13.09.03",
    "rating": "10",
    "author": "real****",
    "review_id": "7946269",
    "movie_id": "10025"
  },
  {
    "review": "마지막 씬. 진정한 파이터 본능을 보여주네 거리의 파이터 대박!",
    "date": "13.08.02",
    "rating": "10",
    "author": "hbo1****",
    "review_id": "7819395",
    "movie_id": "10025"
  },
  {
    "review": "소름끼친다!",
    "date": "13.07.28",
    "rating": "10",
    "author": "ske4****",
    "review_id": "7793569",
    "movie_id": "10025"
  },
  {
    "review": "1 2 3 4 에 비해 좀 아쉽긴하다.. 그래두 10점주리..",
    "date": "13.05.24",
    "rating": "10",
    "author": "qorc****",
    "review_id": "7551150",
    "movie_id": "10025"
  },
  {
    "review": "록키 1의 감독 존G.아빌드센이 다시 메가폰을 잡아 오리지널의 드라마적 관점으로 회기 하려했지만.. 네러티브의 완성도가 2% 부족했던 작품. 하지만 엔딩크래딧은 그야말로 갑of갑!",
    "date": "13.03.26",
    "rating": "9",
    "author": "susd****",
    "review_id": "7412005",
    "movie_id": "10025"
  },
  {
    "review": "록키가 힘이 없다 이젠",
    "date": "13.02.09",
    "rating": "7",
    "author": "dlgo****",
    "review_id": "7243712",
    "movie_id": "10025"
  },
  {
    "review": "재밋다 ㅋㅋㅋ",
    "date": "13.01.20",
    "rating": "8",
    "author": "ghkd****",
    "review_id": "7138683",
    "movie_id": "10025"
  },
  {
    "review": "초반은 지루하고 록키가 망한이유도 너무 어이없지만 나머지는 굳",
    "date": "13.01.07",
    "rating": "8",
    "author": "saf1****",
    "review_id": "7088787",
    "movie_id": "10025"
  },
  {
    "review": "록키전편을 회상하면서 끝나는 환상적인 엔드 크레딧만으로도 부족함이 없다.",
    "date": "12.12.22",
    "rating": "7",
    "author": "macc****",
    "review_id": "7030837",
    "movie_id": "10025"
  },
  {
    "review": "나에겐 록키4가 최고지만 5도 괜찮다   겨울이되니깐  록키시리즈가 댕기네",
    "date": "12.12.12",
    "rating": "9",
    "author": "lww9****",
    "review_id": "6995724",
    "movie_id": "10025"
  },
  {
    "review": "벨은 아직 울리지 않았다. 끝이란 없다. 록키!!!",
    "date": "12.10.29",
    "rating": "6",
    "author": "samg****",
    "review_id": "6834473",
    "movie_id": "10025"
  },
  {
    "review": "발보아는 번외편이니 제외하고 개인적으로 순위를 매기면 2편>3편>1편>4편>5편 순이다.록키 시리즈 전체로 봤을땐 대부를 능가하는 영화사에 남을명작이다.5편에서 열연한 실제스탈론의 아들인 세이지스탈론이 얼마전에 사망했다는게너무충격이었음",
    "date": "12.10.05",
    "rating": "5",
    "author": "alex****",
    "review_id": "6765115",
    "movie_id": "10025"
  },
  {
    "review": "내링은 길바닥이다...개쩜",
    "date": "12.08.30",
    "rating": "8",
    "author": "do11****",
    "review_id": "6654683",
    "movie_id": "10025"
  },
  {
    "review": "록키1,2보단 덜하지만 그래도 명작",
    "date": "12.07.10",
    "rating": "9",
    "author": "dand****",
    "review_id": "6468532",
    "movie_id": "10025"
  },
  {
    "review": "스토리가 맘에 안들지만 그래도 록키~!",
    "date": "12.07.01",
    "rating": "8",
    "author": "tn99****",
    "review_id": "6437417",
    "movie_id": "10025"
  },
  {
    "review": "시리즈 영화중 역사상 가장 위대한 영화,록키 그리고 대부..",
    "date": "12.04.04",
    "rating": "10",
    "author": "ilga****",
    "review_id": "6193551",
    "movie_id": "10025"
  },
  {
    "review": "분명 지금의 기준과 시점에서 평가할 영화가 절대 아니다",
    "date": "12.03.14",
    "rating": "9",
    "author": "kimb****",
    "review_id": "6143495",
    "movie_id": "10025"
  },
  {
    "review": "로키 시리즈 중 최고로 감동이었음!!",
    "date": "12.02.27",
    "rating": "10",
    "author": "nkot****",
    "review_id": "6107036",
    "movie_id": "10025"
  },
  {
    "review": "그래도 4편에 비해선 좋다 ㅋㅋ 록키최고",
    "date": "12.02.01",
    "rating": "8",
    "author": "tsp0****",
    "review_id": "6040974",
    "movie_id": "10025"
  },
  {
    "review": "복서 록키가 아닌 인간 록키의 이야기. 비록 화려한 경기 장면은 없지만 감동적이다.",
    "date": "12.01.01",
    "rating": "7",
    "author": "airi****",
    "review_id": "5951921",
    "movie_id": "10025"
  },
  {
    "review": "[9점] 말이 더 필요없다 최고다",
    "date": "11.12.19",
    "rating": "9",
    "author": "fann****",
    "review_id": "5914918",
    "movie_id": "10025"
  },
  {
    "review": "마지막 싸움 장면은 멋지고 재밌음  전체적으로도 괜찮고요",
    "date": "11.11.13",
    "rating": "9",
    "author": "king****",
    "review_id": "5848153",
    "movie_id": "10025"
  },
  {
    "review": "역시 록키란 생각이 드네요",
    "date": "11.10.18",
    "rating": "10",
    "author": "club****",
    "review_id": "5795322",
    "movie_id": "10025"
  },
  {
    "review": "개인적으로 감독이 같아서인지 1편과 더불어 최고..",
    "date": "11.10.15",
    "rating": "10",
    "author": "gh75****",
    "review_id": "5789527",
    "movie_id": "10025"
  },
  {
    "review": "록키 그 제목만으로 이미 10점",
    "date": "11.10.13",
    "rating": "10",
    "author": "zndz****",
    "review_id": "5786947",
    "movie_id": "10025"
  },
  {
    "review": "마지막 싸움신은 록키시리즈중에서도 최고. 의미적으로도 딸리지않다.",
    "date": "11.08.25",
    "rating": "10",
    "author": "fpdl****",
    "review_id": "5687307",
    "movie_id": "10025"
  },
  {
    "review": "세계챔피언. 스트리트 파이터 되다!",
    "date": "11.08.12",
    "rating": "10",
    "author": "lbj4****",
    "review_id": "5643175",
    "movie_id": "10025"
  },
  {
    "review": "시리즈 마지막을 거의 조져 버리다. 안타까울 따름.",
    "date": "11.07.31",
    "rating": "3",
    "author": "pria****",
    "review_id": "5584569",
    "movie_id": "10025"
  },
  {
    "review": "록키의 싸움장면이 있었습니다. 이렇게 많은 록키시리즈주중에 록키5를 보게 되어서..",
    "date": "11.07.13",
    "rating": "10",
    "author": "chje****",
    "review_id": "5539664",
    "movie_id": "10025"
  },
  {
    "review": "어떻게 이많은 시리즈가 다 재밌을수가 있지..믿는놈한테발등찍히는내용..음..",
    "date": "11.07.03",
    "rating": "10",
    "author": "read****",
    "review_id": "5518149",
    "movie_id": "10025"
  },
  {
    "review": "이건 좀 아닌 것 같다; 심하게 말해서 이런 스토리는 왜 만든건지 모를정도;",
    "date": "11.06.26",
    "rating": "6",
    "author": "goli****",
    "review_id": "5501652",
    "movie_id": "10025"
  },
  {
    "review": "아.. 무조건 이기네..",
    "date": "11.05.12",
    "rating": "6",
    "author": "pree****",
    "review_id": "5423666",
    "movie_id": "10025"
  },
  {
    "review": "그래도 록키는 재미있다",
    "date": "11.05.03",
    "rating": "7",
    "author": "mais****",
    "review_id": "5403418",
    "movie_id": "10025"
  },
  {
    "review": "록키4까지가 좋았지만 그래도 록키는 록키다.",
    "date": "10.11.12",
    "rating": "8",
    "author": "sund****",
    "review_id": "4953003",
    "movie_id": "10025"
  },
  {
    "review": "대벅이다",
    "date": "10.09.23",
    "rating": "10",
    "author": "knba****",
    "review_id": "4859793",
    "movie_id": "10025"
  },
  {
    "review": "시리즈중 가장인간적인 모습을 보여준다.역시이감독은 사람들이좋아하는걸 뭔지안다",
    "date": "10.09.02",
    "rating": "9",
    "author": "gudz****",
    "review_id": "4812442",
    "movie_id": "10025"
  },
  {
    "review": "역시 기대를 저버리지 않았던 영화 ㅋㅋ 토미 팰때마다 기분이 좋았씀 ㅋㅋ",
    "date": "10.08.29",
    "rating": "10",
    "author": "hw25****",
    "review_id": "4802657",
    "movie_id": "10025"
  },
  {
    "review": "록키5가 1편 다음으로 최고의 작품",
    "date": "10.08.23",
    "rating": "10",
    "author": "nomo****",
    "review_id": "4783566",
    "movie_id": "10025"
  },
  {
    "review": "모르는사람은 4를 좋아하지...복싱을 아시나?",
    "date": "10.08.15",
    "rating": "10",
    "author": "dywl****",
    "review_id": "4751002",
    "movie_id": "10025"
  },
  {
    "review": "록키5는 이전의 시리즈들과는 다르게 록키 캐릭터의 인간적인 면을 더욱 부각시켰다",
    "date": "10.07.30",
    "rating": "7",
    "author": "foun****",
    "review_id": "4685302",
    "movie_id": "10025"
  },
  {
    "review": "제목을 스트리트 파이터로 바꿔야 한다",
    "date": "10.07.21",
    "rating": "2",
    "author": "ccpk****",
    "review_id": "4657314",
    "movie_id": "10025"
  },
  {
    "review": "록키 시리즈 중 단연 최악",
    "date": "10.07.21",
    "rating": "2",
    "author": "rame****",
    "review_id": "4657309",
    "movie_id": "10025"
  },
  {
    "review": "링을 벗어나는 순간 갱스터 무비가 되버렸어",
    "date": "10.07.21",
    "rating": "2",
    "author": "kpcc****",
    "review_id": "4657308",
    "movie_id": "10025"
  },
  {
    "review": "내가 제일좋아는 영화!!   머리 검은 짐승은 거두지도 말라는 옛말이....",
    "date": "10.05.23",
    "rating": "10",
    "author": "wjsg****",
    "review_id": "4518012",
    "movie_id": "10025"
  },
  {
    "review": "5편까지 이끌고 왔다는것만으로도 이미 레전드",
    "date": "10.05.22",
    "rating": "10",
    "author": "ssoz****",
    "review_id": "4514967",
    "movie_id": "10025"
  },
  {
    "review": "프로모터 돈킹이 생각나는영화",
    "date": "10.05.08",
    "rating": "5",
    "author": "qwe7****",
    "review_id": "4487157",
    "movie_id": "10025"
  },
  {
    "review": "미친ㅡㅡ 이거 보고 명작이 아니라고?",
    "date": "10.04.11",
    "rating": "10",
    "author": "base****",
    "review_id": "4426607",
    "movie_id": "10025"
  },
  {
    "review": "스포츠드라마에서 휴먼드라마로.. 막장을 경험한 후 가까스로 안착한 결말~",
    "date": "10.03.30",
    "rating": "7",
    "author": "mygr****",
    "review_id": "4397652",
    "movie_id": "10025"
  },
  {
    "review": "토미와 스트리트 파이트 씬은 정말 최고~",
    "date": "10.03.05",
    "rating": "8",
    "author": "tgun****",
    "review_id": "4335667",
    "movie_id": "10025"
  },
  {
    "review": "1~6 편까지 어느 한편 빠지는것 없이 이렇게 죄다 재밌다니 ㅜ ㅜ",
    "date": "10.02.04",
    "rating": "10",
    "author": "psyc****",
    "review_id": "4243689",
    "movie_id": "10025"
  },
  {
    "review": "토미OOO 패줄때는 불끈불끈하긴 했지만 이건 뭔가 좀 아닌듯;;;",
    "date": "09.12.22",
    "rating": "5",
    "author": "undo****",
    "review_id": "4071077",
    "movie_id": "10025"
  },
  {
    "review": "액션은 전작들이 뛰어날지 모르지만 이 시리즈는 감동이 있다.",
    "date": "09.12.10",
    "rating": "10",
    "author": "dndd****",
    "review_id": "4031954",
    "movie_id": "10025"
  },
  {
    "review": "스탤론의 말대로 어쩌면 록키는 3편에서 마무리되어야.....",
    "date": "09.11.25",
    "rating": "7",
    "author": "shan****",
    "review_id": "3989872",
    "movie_id": "10025"
  },
  {
    "review": "OOO한다 OOO들 록키는 5편이 베스트오브베스트다ㅉㅉ",
    "date": "09.09.22",
    "rating": "10",
    "author": "ddab****",
    "review_id": "3843505",
    "movie_id": "10025"
  },
  {
    "review": "좀 아쉽기도 하다",
    "date": "09.08.11",
    "rating": "8",
    "author": "lllm****",
    "review_id": "3737101",
    "movie_id": "10025"
  },
  {
    "review": "록키 시리즈는 이걸로 마무리짓는 게 나을 뻔 했다.",
    "date": "09.08.09",
    "rating": "6",
    "author": "imf0****",
    "review_id": "3728161",
    "movie_id": "10025"
  },
  {
    "review": "역시 록키 시리즈다.",
    "date": "09.03.04",
    "rating": "10",
    "author": "toha****",
    "review_id": "3347302",
    "movie_id": "10025"
  },
  {
    "review": "강력한 한 방을 지닌 휴먼드라마.",
    "date": "09.02.08",
    "rating": "7",
    "author": "skat****",
    "review_id": "3286593",
    "movie_id": "10025"
  },
  {
    "review": "역시 록키 시리즈라는 말밖에..",
    "date": "09.01.27",
    "rating": "10",
    "author": "god1****",
    "review_id": "3253671",
    "movie_id": "10025"
  },
  {
    "review": "배신자를 때려눕히는 속시원함이란~~!",
    "date": "09.01.26",
    "rating": "8",
    "author": "iss2****",
    "review_id": "3251089",
    "movie_id": "10025"
  },
  {
    "review": "재미있다..ㅋㅋ",
    "date": "09.01.23",
    "rating": "9",
    "author": "rkd2****",
    "review_id": "3241765",
    "movie_id": "10025"
  },
  {
    "review": "난 왜케 중간부터 울었을까 ㅠㅠ 정말 록키 시리즈는 명작",
    "date": "09.01.11",
    "rating": "9",
    "author": "yell****",
    "review_id": "3209379",
    "movie_id": "10025"
  },
  {
    "review": "너무나 인간적인...그래서 사랑할수 밖에 없는 그이름....록키 발보아",
    "date": "08.12.12",
    "rating": "10",
    "author": "ruff****",
    "review_id": "3108953",
    "movie_id": "10025"
  },
  {
    "review": "지금까지 보여줬던 록키만의 감동적인 액션씬이 부족하다.",
    "date": "08.11.03",
    "rating": "7",
    "author": "noxp****",
    "review_id": "3033107",
    "movie_id": "10025"
  },
  {
    "review": "길거리 정신은 되찾았을 지 몰라도 챔피언 정신은 상실했다",
    "date": "08.10.22",
    "rating": "7",
    "author": "joke****",
    "review_id": "3013352",
    "movie_id": "10025"
  },
  {
    "review": "록키 멋지게 한방 먹이고 은퇴하는구나 !!",
    "date": "08.10.20",
    "rating": "9",
    "author": "hjj5****",
    "review_id": "3010551",
    "movie_id": "10025"
  },
  {
    "review": "남자들이여! 열정과 패기가 느껴지지 않는가!!",
    "date": "08.10.09",
    "rating": "10",
    "author": "nhs0****",
    "review_id": "2991142",
    "movie_id": "10025"
  },
  {
    "review": "삶에서 가슴으로 느끼는 무언가를 남겨주는 의미있는 마무리, 록키의 인간애",
    "date": "08.10.04",
    "rating": "8",
    "author": "yjo4****",
    "review_id": "2982966",
    "movie_id": "10025"
  },
  {
    "review": "록키4가 좀 뭐같았지만 5에서 록키를 살렸다..",
    "date": "08.10.02",
    "rating": "8",
    "author": "drag****",
    "review_id": "2978538",
    "movie_id": "10025"
  },
  {
    "review": "뭔가 좀 그렇지만 재미만으로 최고다 감동도 있고",
    "date": "08.09.08",
    "rating": "10",
    "author": "kimd****",
    "review_id": "2930181",
    "movie_id": "10025"
  },
  {
    "review": "록키의 또 다른 재미를 선사해주었다. 4편과 비교금지.",
    "date": "08.09.02",
    "rating": "8",
    "author": "time****",
    "review_id": "2918432",
    "movie_id": "10025"
  },
  {
    "review": "내가 본건 록키5 밖에 없지만 감동과 전율이 온몸에서 느껴졋다 정말 최고의영화이다",
    "date": "08.09.02",
    "rating": "10",
    "author": "luna****",
    "review_id": "2918430",
    "movie_id": "10025"
  },
  {
    "review": "전작들에 비해 좀 부족하지만 여전히 괜찮은 수준은 보여주는..",
    "date": "08.08.17",
    "rating": "8",
    "author": "gall****",
    "review_id": "2881066",
    "movie_id": "10025"
  },
  {
    "review": "이 지저분한 영화가 왜 평점이 높아???",
    "date": "08.08.17",
    "rating": "1",
    "author": "kscj****",
    "review_id": "2880274",
    "movie_id": "10025"
  },
  {
    "review": "마지막 장면을 잊지 못할 것 같다.",
    "date": "08.07.28",
    "rating": "9",
    "author": "chuc****",
    "review_id": "2810044",
    "movie_id": "10025"
  },
  {
    "review": "토미 실제로 미헤비급 챔피언 이었음 조지포먼도 이기고, 다만 암에 걸려서 은퇴",
    "date": "08.07.17",
    "rating": "10",
    "author": "leon****",
    "review_id": "2771140",
    "movie_id": "10025"
  },
  {
    "review": "본분을 잊었군요, 발보아 씨",
    "date": "08.06.18",
    "rating": "7",
    "author": "saga****",
    "review_id": "2705135",
    "movie_id": "10025"
  },
  {
    "review": "끝날때가 돼니 은퇘하는군 내리막길은 여기서 끝이다",
    "date": "08.05.08",
    "rating": "4",
    "author": "si2p****",
    "review_id": "2624442",
    "movie_id": "10025"
  },
  {
    "review": "이렇게 오래 끄는영화 치곤 재밌는거 없다 록키 사나이의 로망~",
    "date": "08.04.08",
    "rating": "10",
    "author": "qjat****",
    "review_id": "2567836",
    "movie_id": "10025"
  },
  {
    "review": "록키시리즈 사상 가장 실망한 영화지만, 록키는 록키!",
    "date": "08.03.13",
    "rating": "7",
    "author": "chro****",
    "review_id": "2517910",
    "movie_id": "10025"
  },
  {
    "review": "정말재밌어..ㅠㅠ 토미건의 싸가지 없는행동은 짱났지만 록키는 짱.ㅎ",
    "date": "08.02.23",
    "rating": "10",
    "author": "dntj****",
    "review_id": "2474311",
    "movie_id": "10025"
  },
  {
    "review": "생활형 복서가 상업형 복서를 만났을때, 토미를 작살내라~!",
    "date": "08.02.06",
    "rating": "7",
    "author": "stra****",
    "review_id": "2416015",
    "movie_id": "10025"
  },
  {
    "review": "남자에게 열정을 불러넣어주는 록키",
    "date": "08.01.19",
    "rating": "10",
    "author": "mell****",
    "review_id": "2347902",
    "movie_id": "10025"
  }
]