[
  {
    "review": "생각보다 진부한 스토리",
    "date": "15.08.23",
    "rating": "1",
    "author": "mara****",
    "review_id": "10265674",
    "movie_id": "10021"
  },
  {
    "review": "단순한 스토리가 주는 강한힘.",
    "date": "15.08.04",
    "rating": "10",
    "author": "buch****",
    "review_id": "10184366",
    "movie_id": "10021"
  },
  {
    "review": "이건 뭐 스텔론의 최고의 영화지요",
    "date": "15.07.23",
    "rating": "10",
    "author": "valu****",
    "review_id": "10133390",
    "movie_id": "10021"
  },
  {
    "review": "에이드리어어언!!! 흑흑",
    "date": "15.07.17",
    "rating": "10",
    "author": "malk****",
    "review_id": "10112735",
    "movie_id": "10021"
  },
  {
    "review": "최근 우연히 케이블 방송에서 중간부터 보고 감동, 다운받아 처음부터 제대로 다시보기..  세월이 지나서 나이가 더 많이 들어서 보니 옛날에 봤던 거 보다 더 깊은 울림과 감동이 있었다..  최고의 영화! 뒤늦게 새삼 실베스터 스탤론 팬이 되었다",
    "date": "15.07.16",
    "rating": "10",
    "author": "nata****",
    "review_id": "10110186",
    "movie_id": "10021"
  },
  {
    "review": "꼭 다운받아서 보고싶다.",
    "date": "15.07.09",
    "rating": "10",
    "author": "sami****",
    "review_id": "10084810",
    "movie_id": "10021"
  },
  {
    "review": "이게 진짜 영화다...",
    "date": "15.07.09",
    "rating": "10",
    "author": "fort****",
    "review_id": "10081662",
    "movie_id": "10021"
  },
  {
    "review": "마지막에 애드리언 할때 진짜 와...",
    "date": "15.06.24",
    "rating": "10",
    "author": "yh18****",
    "review_id": "10026925",
    "movie_id": "10021"
  },
  {
    "review": "인생에 대해 고민하고 있는 사람이라면, 반드시 맥주  한 캔과 함께 혼자서 이 영화를 볼 것을 추천한다.",
    "date": "15.06.13",
    "rating": "10",
    "author": "hsm4****",
    "review_id": "9996967",
    "movie_id": "10021"
  },
  {
    "review": "진짜 연기도 잘하고 너무 생생함재미잏는 권투까지 10점안주면..",
    "date": "15.06.13",
    "rating": "10",
    "author": "fox3****",
    "review_id": "9996910",
    "movie_id": "10021"
  },
  {
    "review": "볼 만하지만 걸작은 아님",
    "date": "15.06.13",
    "rating": "1",
    "author": "kiki****",
    "review_id": "9995630",
    "movie_id": "10021"
  },
  {
    "review": "속편이 욕을 먹기에 너무나도 당연한 영화이 이상 잘 만들기는 그만큼 어려우니까...",
    "date": "15.06.13",
    "rating": "9",
    "author": "jbbo****",
    "review_id": "9995557",
    "movie_id": "10021"
  },
  {
    "review": "음악 명장면 명대사가  한 상에 오른 진수성찬...",
    "date": "15.06.12",
    "rating": "10",
    "author": "ked9****",
    "review_id": "9992666",
    "movie_id": "10021"
  },
  {
    "review": "십대에 볼 때와, 사십대에 볼 때의 느낌이 너무나 다른 영화. 애드리안과의 첫데이트를 위해 오빠 집을 나설 때에 무의식적으로 침을 뱉고, 그걸 당황하며 바라보는 애드리안의 모습...잘 만든 영화다.",
    "date": "15.06.12",
    "rating": "10",
    "author": "jung****",
    "review_id": "9992400",
    "movie_id": "10021"
  },
  {
    "review": "사랑하는이를위하여 버티고버티고",
    "date": "15.06.07",
    "rating": "10",
    "author": "dnjs****",
    "review_id": "9981342",
    "movie_id": "10021"
  },
  {
    "review": "사나이의 투지를 잘 보여준 감동 그 자체",
    "date": "15.06.03",
    "rating": "10",
    "author": "siyo****",
    "review_id": "9971912",
    "movie_id": "10021"
  },
  {
    "review": "록키의 헝그리정신 마지막에 에드리안을 부르짓는 모습 감동이다",
    "date": "15.06.02",
    "rating": "9",
    "author": "kpor****",
    "review_id": "9970382",
    "movie_id": "10021"
  },
  {
    "review": "진짜 개상남자의 영화 ㄹㄹㄹㄹ",
    "date": "15.05.31",
    "rating": "10",
    "author": "zerr****",
    "review_id": "9966205",
    "movie_id": "10021"
  },
  {
    "review": "재밌는데 70년대 영화가 아니라 90년대 영화같다",
    "date": "15.05.25",
    "rating": "8",
    "author": "luck****",
    "review_id": "9950054",
    "movie_id": "10021"
  },
  {
    "review": "정말 좋은 영화엿다....",
    "date": "15.05.23",
    "rating": "10",
    "author": "touc****",
    "review_id": "9941862",
    "movie_id": "10021"
  },
  {
    "review": "남자라면 자신과 한 여자를 위해 삶을 불태우고 싶다면 꼭 봐야 할 영화",
    "date": "15.05.19",
    "rating": "10",
    "author": "gams****",
    "review_id": "9932323",
    "movie_id": "10021"
  },
  {
    "review": "정말 감동적입니다..",
    "date": "15.05.18",
    "rating": "9",
    "author": "suna****",
    "review_id": "9930102",
    "movie_id": "10021"
  },
  {
    "review": "다양성 영화로 봐야 될 정도의 저예산으로 뽑아낸 퀄리티",
    "date": "15.05.11",
    "rating": "10",
    "author": "hamc****",
    "review_id": "9910211",
    "movie_id": "10021"
  },
  {
    "review": "애드리언...!!! 애드리언..!!! 아이러브유..! 아이러브유...!!!...아이러브유...",
    "date": "15.05.10",
    "rating": "10",
    "author": "ttyu****",
    "review_id": "9907774",
    "movie_id": "10021"
  },
  {
    "review": "스포츠영화의 보석이지..",
    "date": "15.05.06",
    "rating": "10",
    "author": "pont****",
    "review_id": "9898567",
    "movie_id": "10021"
  },
  {
    "review": "애드리안이 내 이상형이 된 영화",
    "date": "15.05.04",
    "rating": "10",
    "author": "mins****",
    "review_id": "9894383",
    "movie_id": "10021"
  },
  {
    "review": "이건 영화가 아니다 전설이다.",
    "date": "15.05.03",
    "rating": "10",
    "author": "revo****",
    "review_id": "9890428",
    "movie_id": "10021"
  },
  {
    "review": "경기45분뛸려면4만5천분의훈련을해야한다는록키스승님의미키어르신대사정말기억에남는다또!한가지네자신을믿지않으면우리에겐미래는없어...이말도..정말록키는뜨거움그자체다!!!!명작!",
    "date": "15.05.03",
    "rating": "10",
    "author": "cree****",
    "review_id": "9890243",
    "movie_id": "10021"
  },
  {
    "review": "최고의 스포츠 영화 입니다..",
    "date": "15.04.29",
    "rating": "10",
    "author": "zeto****",
    "review_id": "9878353",
    "movie_id": "10021"
  },
  {
    "review": "우연히 영화채널돌리다 보게됐는데  늦게 본게 아쉽네요 ㅎ 꿀잼꿀감동 나중에 또봐야지",
    "date": "15.04.27",
    "rating": "10",
    "author": "hisu****",
    "review_id": "9874591",
    "movie_id": "10021"
  },
  {
    "review": "초딩때 본 최고의 영화!! 아폴로 크리드와의 한판은 아직도 기억이 생생하다",
    "date": "15.04.25",
    "rating": "10",
    "author": "ever****",
    "review_id": "9867358",
    "movie_id": "10021"
  },
  {
    "review": "이 영화는 언제나 가슴을 뜨겁게 만들어 준다..스탤론 인생 최고의 작품.",
    "date": "15.03.28",
    "rating": "10",
    "author": "aman****",
    "review_id": "9810949",
    "movie_id": "10021"
  },
  {
    "review": "진짜 마지막 장면 너무 인상깊다. 애드리언! 애드리언!",
    "date": "15.03.21",
    "rating": "10",
    "author": "3722****",
    "review_id": "9796697",
    "movie_id": "10021"
  },
  {
    "review": "OST와 장면이 이렇게도 어울리는 영화는  많지 않지만 그 중에서도  록키는 최고",
    "date": "15.03.13",
    "rating": "10",
    "author": "leet****",
    "review_id": "9777982",
    "movie_id": "10021"
  },
  {
    "review": "내 생에 최고의 드라마영화",
    "date": "15.03.03",
    "rating": "10",
    "author": "slvl****",
    "review_id": "9754759",
    "movie_id": "10021"
  },
  {
    "review": "당연히 주인공이 이기는 뻔한스토리인줄 알았는데 패배하고 패배와 상관 없이 애드리안 을 외치던 록키 언제봐도 가슴뛰는 ost 진짜 명작",
    "date": "15.03.02",
    "rating": "10",
    "author": "suk9****",
    "review_id": "9752344",
    "movie_id": "10021"
  },
  {
    "review": "아카데미 작품상을 받을 자격이 없다고? 개소리!!!",
    "date": "15.02.23",
    "rating": "10",
    "author": "comm****",
    "review_id": "9732951",
    "movie_id": "10021"
  },
  {
    "review": "아드리안~~~아드리안~~~",
    "date": "15.02.22",
    "rating": "10",
    "author": "atom****",
    "review_id": "9727150",
    "movie_id": "10021"
  },
  {
    "review": "영화사에 길이 남을 명장면들. 수많은 오마주와 패러디를 낳은 스포츠 휴먼 드라마의 세기적 걸작.",
    "date": "15.02.21",
    "rating": "9",
    "author": "sipj****",
    "review_id": "9723046",
    "movie_id": "10021"
  },
  {
    "review": "난 보잘것없는 사람이야. 하지만 상관없어 머리가 터져 버려도 상관없어 15회까지 버티기만하면되아무도 끝까지 가진 못했거든. 내가 그때까지 버티면종소리가 울릴때까지 두발로 서있스면 내인생에서처음으로 뭔가를 이뤄낸 순간이 될것야.",
    "date": "15.02.19",
    "rating": "10",
    "author": "ckdr****",
    "review_id": "9714563",
    "movie_id": "10021"
  },
  {
    "review": "에이드리안을 부르짖는 장면에서 나도 모르게 눈물이 나올뻔 했다.",
    "date": "15.02.11",
    "rating": "10",
    "author": "fogg****",
    "review_id": "9687701",
    "movie_id": "10021"
  },
  {
    "review": "남자의 강인함과 순수함이 느껴지는 아름다운 드라마.",
    "date": "15.02.07",
    "rating": "10",
    "author": "oys0****",
    "review_id": "9675987",
    "movie_id": "10021"
  },
  {
    "review": "어렸을때 얼핏봤던 기억에 다시 1편부터 록키발보아까지 전편 다 봤습니다. 최고입니다. 시리즈중 하나를 고르고싶진않습니다. 록키시리즈는 그냥 죽기전에 꼭봐야하는 영화입니다. 친구놈들 아무리 추천해줘도 관심없고 게임에만 관심있는게 슬프네요..",
    "date": "15.01.29",
    "rating": "10",
    "author": "rlad****",
    "review_id": "9648135",
    "movie_id": "10021"
  },
  {
    "review": "명성 그대로 최고의 영화",
    "date": "15.01.25",
    "rating": "10",
    "author": "wkdt****",
    "review_id": "9633374",
    "movie_id": "10021"
  },
  {
    "review": "진정한 명작. 속편도 좋긴하나 역시 1편이 제일",
    "date": "15.01.17",
    "rating": "10",
    "author": "rhch****",
    "review_id": "9605493",
    "movie_id": "10021"
  },
  {
    "review": "나이들어 보니 더 훌륭함이 느껴지는 영화.. 40년전에 이렇게 훌륭한 영화를 만들었다는게 대단할 뿐이다. 볼 때마다 가슴가득한 감동..",
    "date": "15.01.03",
    "rating": "10",
    "author": "nkki****",
    "review_id": "9554009",
    "movie_id": "10021"
  },
  {
    "review": "마지막 엔딩에 눈말이 그냥..",
    "date": "14.12.31",
    "rating": "10",
    "author": "sung****",
    "review_id": "9539666",
    "movie_id": "10021"
  },
  {
    "review": "제 인생의 영화입니다!!!",
    "date": "14.12.29",
    "rating": "10",
    "author": "lhj6****",
    "review_id": "9536185",
    "movie_id": "10021"
  },
  {
    "review": "진부한 표현이지만 최고의 영화다. 남자라면 꼭 봐야 할 영화가 아닐까한다.",
    "date": "14.12.29",
    "rating": "10",
    "author": "kko0****",
    "review_id": "9535773",
    "movie_id": "10021"
  },
  {
    "review": "이걸 이제서야 보다니.. 눈물을 너무 많이 흘렸다",
    "date": "14.12.26",
    "rating": "10",
    "author": "sh87****",
    "review_id": "9520793",
    "movie_id": "10021"
  },
  {
    "review": "담백하고 단순한 언더독 스토리. 그 순수한 매력이물씬 느껴지는 영화이다.",
    "date": "14.12.23",
    "rating": "8",
    "author": "jys4****",
    "review_id": "9503582",
    "movie_id": "10021"
  },
  {
    "review": "전설의 시작! 최고의 영화! 필라델피아 도서관에서 점프하는 장면은 정말 최고 명장면!",
    "date": "14.12.05",
    "rating": "10",
    "author": "reiy****",
    "review_id": "9448254",
    "movie_id": "10021"
  },
  {
    "review": "전쟁을 치루고 만신창이가 되고 역시나 패배를 했지만 아드리안을 찾고 부등켜안고 사랑을 외치던..록키이기기위함이 아니라 사랑한다 당당하게 말하기위해 15회까지 버틴게 아닐까.. 15회까지의 성취순간.. 그 순간 그의 옆엔 사랑이 있었다.",
    "date": "14.12.01",
    "rating": "8",
    "author": "chul****",
    "review_id": "9437865",
    "movie_id": "10021"
  },
  {
    "review": "군더더기 없는 음악 간결한 연출과 스토리당장의 권투가 문제가 아니라 록키의 살아가는 처량한 모습들이 많이 안쓰럽고 또는 공감되던 그냥 좋은영화70년대 영화지만 왠만한 요즘 영화보다 훨씬낫다",
    "date": "14.11.30",
    "rating": "9",
    "author": "ocel****",
    "review_id": "9437275",
    "movie_id": "10021"
  },
  {
    "review": "이 영화를 이제서야 보게 되다니",
    "date": "14.11.26",
    "rating": "10",
    "author": "shhk****",
    "review_id": "9422397",
    "movie_id": "10021"
  },
  {
    "review": "눈을 들어 하늘을 보라.포기하지말고. 별을쫓으라.포기하지않는한. 그대는 반드시 이루리라.",
    "date": "14.11.22",
    "rating": "8",
    "author": "kkkj****",
    "review_id": "9409651",
    "movie_id": "10021"
  },
  {
    "review": "뭐라 말로 표현할수 없는 명작... 10번은 더봤다  보고 또봐도 감동이 지워지지 않는 영화다.",
    "date": "14.11.19",
    "rating": "10",
    "author": "favo****",
    "review_id": "9401192",
    "movie_id": "10021"
  },
  {
    "review": "어릴적 록키시리즈를 봤을 땐 1은 지루했고 2, 3, 4가 더 좋았다.. 30이 코앞인 지금은 어떤 시리즈보다 1이 최고",
    "date": "14.11.18",
    "rating": "10",
    "author": "uksa****",
    "review_id": "9398267",
    "movie_id": "10021"
  },
  {
    "review": "록키는 무조건 10점줘야함",
    "date": "14.11.18",
    "rating": "10",
    "author": "jkh3****",
    "review_id": "9397741",
    "movie_id": "10021"
  },
  {
    "review": "권투영화를 가장한 사랑영화...76년작치곤 진국이다....재밌는 장면이 많음..",
    "date": "14.11.13",
    "rating": "9",
    "author": "kara****",
    "review_id": "9377309",
    "movie_id": "10021"
  },
  {
    "review": "OST 하나만 하더라도, 10점 만점을 줘야되는 영화아닌가? 마지막 '재대결은 없어'라는 대사와 함께 OST가 흘러나오는 순간 온몸에 전율이 흐른다.",
    "date": "14.10.29",
    "rating": "10",
    "author": "kjk9****",
    "review_id": "9325598",
    "movie_id": "10021"
  },
  {
    "review": "최고라는 말이 어울리는 영화",
    "date": "14.10.26",
    "rating": "10",
    "author": "grea****",
    "review_id": "9319524",
    "movie_id": "10021"
  },
  {
    "review": "도데체 몇번째 보는건지오늘보고 또 울었다",
    "date": "14.10.16",
    "rating": "10",
    "author": "jl42****",
    "review_id": "9295024",
    "movie_id": "10021"
  },
  {
    "review": "졸과 걸이 공존하는 작품",
    "date": "14.09.26",
    "rating": "6",
    "author": "rd72****",
    "review_id": "9243129",
    "movie_id": "10021"
  },
  {
    "review": "말이 필요 없는 영화. 이 영화보고 가슴에서 뭔가 뜨거운 뭔가가 올라오지 않는다면.... 바로 그게 완전히 늙어버린 거라는...",
    "date": "14.09.22",
    "rating": "10",
    "author": "alma****",
    "review_id": "9235314",
    "movie_id": "10021"
  },
  {
    "review": "뻔한 결말의 지루한 전개 와 감동도 없고 ...평점이 너무과해서 1점 줌",
    "date": "14.09.22",
    "rating": "1",
    "author": "dhkd****",
    "review_id": "9235219",
    "movie_id": "10021"
  },
  {
    "review": "영화 보면서 많은 용기를 얻었습니다.",
    "date": "14.09.17",
    "rating": "10",
    "author": "ices****",
    "review_id": "9220846",
    "movie_id": "10021"
  },
  {
    "review": "일단 이런 영화는 인지도가 상당하죠. 음악또한 유명하고...무조건 만점줘야 합니다. 하나의 역사적인 획을 그었기 때문입니다.",
    "date": "14.09.16",
    "rating": "10",
    "author": "sieu****",
    "review_id": "9219163",
    "movie_id": "10021"
  },
  {
    "review": "비록 깡패처럼 보이고 글자도 몰라 동네 꼬마애한태도 무시 당하는 록키....하지만 너무 착함..무모할 정도로 착함",
    "date": "14.09.11",
    "rating": "10",
    "author": "dhqk****",
    "review_id": "9205221",
    "movie_id": "10021"
  },
  {
    "review": "실베스타 스텔론 영화 중 최고의 영화. OST가 예술임",
    "date": "14.09.11",
    "rating": "10",
    "author": "jjaj****",
    "review_id": "9202777",
    "movie_id": "10021"
  },
  {
    "review": "삶에서 가장 찬란한 순간",
    "date": "14.08.17",
    "rating": "10",
    "author": "miso****",
    "review_id": "9099244",
    "movie_id": "10021"
  },
  {
    "review": "이영화는 복싱영화가아니다 우리모두의 얘기다 70년대에 만들어진 영화라고는 믿기지않는영화 현재도 앞으로도 나올수없는영화 몇번을바도 감동과 눈물 아~ 레전드여~ 실베스터 스탤론 싸랑해요~^^",
    "date": "14.08.15",
    "rating": "10",
    "author": "cool****",
    "review_id": "9090638",
    "movie_id": "10021"
  },
  {
    "review": "한마디로  쥑이는  영화  명작",
    "date": "14.08.08",
    "rating": "9",
    "author": "jky0****",
    "review_id": "9049223",
    "movie_id": "10021"
  },
  {
    "review": "록키ㅡ전설이여 영원하라.",
    "date": "14.08.08",
    "rating": "10",
    "author": "jere****",
    "review_id": "9047800",
    "movie_id": "10021"
  },
  {
    "review": "실베스타 스텔론 자신의 페르소나 적 존재 '록키'의 효시",
    "date": "14.07.30",
    "rating": "10",
    "author": "cool****",
    "review_id": "8980389",
    "movie_id": "10021"
  },
  {
    "review": "실베스타 스탤론이 각본까지 쓰다니.",
    "date": "14.07.29",
    "rating": "10",
    "author": "clou****",
    "review_id": "8977894",
    "movie_id": "10021"
  },
  {
    "review": "록키나온지 한참됫는데 요즘영화에 딸리는게없어ㅋ",
    "date": "14.07.29",
    "rating": "10",
    "author": "ku69****",
    "review_id": "8976838",
    "movie_id": "10021"
  },
  {
    "review": "실베스터 스탤론, 두 번 다시 오지 않을 '록키'를 만들다.",
    "date": "14.07.29",
    "rating": "7",
    "author": "ogr5****",
    "review_id": "8976455",
    "movie_id": "10021"
  },
  {
    "review": "스토리 다 아는데도 어떻게 볼때마다 우냐...내 인생 최고의 영화다.",
    "date": "14.07.29",
    "rating": "10",
    "author": "hyun****",
    "review_id": "8976449",
    "movie_id": "10021"
  },
  {
    "review": "무슨말이필요한가. 이것이바로영화다!",
    "date": "14.07.29",
    "rating": "10",
    "author": "cms0****",
    "review_id": "8976393",
    "movie_id": "10021"
  },
  {
    "review": "애드리안을 외치는 모습이 여운을 자아낸다",
    "date": "14.07.29",
    "rating": "10",
    "author": "7dbs****",
    "review_id": "8976392",
    "movie_id": "10021"
  },
  {
    "review": "마지막 포옹신에서 몇번을 봐도 나는 울었다",
    "date": "14.07.28",
    "rating": "10",
    "author": "micc****",
    "review_id": "8972922",
    "movie_id": "10021"
  },
  {
    "review": "빠밥빠-빠밥빠- 아직도 이브금은 나의 마음을 움직인다",
    "date": "14.07.26",
    "rating": "10",
    "author": "djaa****",
    "review_id": "8963969",
    "movie_id": "10021"
  },
  {
    "review": "최고의 영화입니다.계단을뛰어올라가는 장면은 불가능에 도전하는 인간의 위대한모습을 비유한  최고의 장면입니다",
    "date": "14.07.21",
    "rating": "10",
    "author": "beig****",
    "review_id": "8938757",
    "movie_id": "10021"
  },
  {
    "review": "진짜 10점도 모자라는 명작 중의 명작,,, 감동 그자체,,,",
    "date": "14.07.14",
    "rating": "10",
    "author": "fghy****",
    "review_id": "8914544",
    "movie_id": "10021"
  },
  {
    "review": "간만에 OST 듣는데 갑자기 눈물이 왈칵..힘을 주는 에너지같은 역할도 있지만 가슴속 깊은 곳을 울려서 감동을 주는 OST , 그리고 훈련장면 씬.. 진짜 멋짐",
    "date": "14.07.12",
    "rating": "10",
    "author": "rhs0****",
    "review_id": "8907281",
    "movie_id": "10021"
  },
  {
    "review": "거친 운동을 하지만 속은 누구보다 따뜻한 남자. 너무나도 매력적인 주인공과 스포츠 드라마의 교과서를 보여준다. 저예산으로 제작되서 권투 장면은 어설픈건 조금 아쉽다.",
    "date": "14.07.10",
    "rating": "8",
    "author": "inos****",
    "review_id": "8900358",
    "movie_id": "10021"
  },
  {
    "review": "명성에 비해 정말모르겠다.",
    "date": "14.07.10",
    "rating": "1",
    "author": "toto****",
    "review_id": "8900313",
    "movie_id": "10021"
  },
  {
    "review": "이런게 진짜 영화지  한쿡영화는 반성해라!",
    "date": "14.07.09",
    "rating": "10",
    "author": "ske4****",
    "review_id": "8897851",
    "movie_id": "10021"
  },
  {
    "review": "권투영화의 교과서   ....",
    "date": "14.07.08",
    "rating": "10",
    "author": "pink****",
    "review_id": "8896445",
    "movie_id": "10021"
  },
  {
    "review": "매마른 감성의 남자지만, 잃을 것이 없는자의 투혼, 연인의 이름을 울부짓는 록키를 보고 있으면 눈시울이 뜨거워 진다",
    "date": "14.07.01",
    "rating": "10",
    "author": "defa****",
    "review_id": "8872975",
    "movie_id": "10021"
  },
  {
    "review": "록키 시리즈는 항상 결말이 최고다. 진정한 감동...",
    "date": "14.07.01",
    "rating": "9",
    "author": "aeri****",
    "review_id": "8872384",
    "movie_id": "10021"
  },
  {
    "review": "아드리안!!  아드리안!!",
    "date": "14.06.29",
    "rating": "10",
    "author": "real****",
    "review_id": "8867937",
    "movie_id": "10021"
  },
  {
    "review": "14라운드에서 다운을 당하고도 일어나려고 거친 숨을 몰아쉬며 안간힘 쓰는 록키. 그 모습을 지켜보기가 고통스럽지만 이내 외면하지 않고 바라보는 애드리안. 결점 많던 두 인물이 성장하는 모습을 바라볼 수 있었던 장면.",
    "date": "14.06.16",
    "rating": "9",
    "author": "newh****",
    "review_id": "8836046",
    "movie_id": "10021"
  },
  {
    "review": "힘이 안 생기고 무기력해질 때 이 영화를 보면 힘이 솟는다",
    "date": "14.06.12",
    "rating": "10",
    "author": "mpsw****",
    "review_id": "8824982",
    "movie_id": "10021"
  },
  {
    "review": "인생의 멘토같은 최고의 영화",
    "date": "14.05.24",
    "rating": "10",
    "author": "kimy****",
    "review_id": "8761311",
    "movie_id": "10021"
  },
  {
    "review": "확실히 옛날 영화긴 하구나... 뭔가 장면들이 뚝뚝 끊기는 느낌이 너무 심하게 든다.",
    "date": "14.05.03",
    "rating": "5",
    "author": "jiyu****",
    "review_id": "8695088",
    "movie_id": "10021"
  },
  {
    "review": "빰빠밤~ 빰빠밤~ 빰빠바밤~~~빠바밤~빠바밤~ 정말 최고의 장면이다...",
    "date": "14.04.22",
    "rating": "10",
    "author": "dnwj****",
    "review_id": "8665429",
    "movie_id": "10021"
  },
  {
    "review": "이시대최고의명작이로구나..",
    "date": "14.04.19",
    "rating": "10",
    "author": "wlgn****",
    "review_id": "8659419",
    "movie_id": "10021"
  },
  {
    "review": "내 인생 최고의 명작 우울하거나 힘들때보면 다시 일어날 생기를 불어넣어준다",
    "date": "14.04.19",
    "rating": "10",
    "author": "jake****",
    "review_id": "8659400",
    "movie_id": "10021"
  }
]