[
  {
    "review": "모범적인 형사버디물. 노련한 장인들의 완급조절 실력으로 묵직함과 경쾌함 모두를 적절하게 잡아내는데 성공하였다.",
    "date": "15.08.03",
    "rating": "8",
    "author": "cksn****",
    "review_id": "10180416",
    "movie_id": "10026"
  },
  {
    "review": "멜깁슨의 전성기 작품중 하나~!고전 명작 리썰웨폰~~!!",
    "date": "15.07.15",
    "rating": "10",
    "author": "jcy1****",
    "review_id": "10107683",
    "movie_id": "10026"
  },
  {
    "review": "80년대를 추억하게 하는그 시절 최고의 액션 무비제 ㅎ다시 봐도 가슴이 터지게 지기네 ㅎ",
    "date": "15.06.17",
    "rating": "10",
    "author": "yyho****",
    "review_id": "10005781",
    "movie_id": "10026"
  },
  {
    "review": "옛날 영화들은 CG 대신 깊이가 있다... 지금 크리스토퍼 놀란감독이 추구하는 CG 없는 폭파 액션씬~! 옛날에는 당연할 수 밖에 없었다...!",
    "date": "15.05.24",
    "rating": "10",
    "author": "osam****",
    "review_id": "9943468",
    "movie_id": "10026"
  },
  {
    "review": "세월이 흘러 다시봐도 좋은영화란 이런 것이죠~!",
    "date": "15.04.27",
    "rating": "10",
    "author": "soul****",
    "review_id": "9874610",
    "movie_id": "10026"
  },
  {
    "review": "재미없쪙 재미없쪙 ..",
    "date": "15.04.04",
    "rating": "1",
    "author": "hang****",
    "review_id": "9826810",
    "movie_id": "10026"
  },
  {
    "review": "영혼이 피폐한 한남자가 성장하는 영화의 시작점 ^^",
    "date": "15.01.27",
    "rating": "10",
    "author": "neoc****",
    "review_id": "9641209",
    "movie_id": "10026"
  },
  {
    "review": "액션 영화의 명작의 시작,,,,",
    "date": "15.01.18",
    "rating": "8",
    "author": "milk****",
    "review_id": "9609297",
    "movie_id": "10026"
  },
  {
    "review": "멜깁슨과 대니 글로버 콤비는 영화보는 내내 즐거웠다.",
    "date": "14.12.29",
    "rating": "8",
    "author": "adiv****",
    "review_id": "9532370",
    "movie_id": "10026"
  },
  {
    "review": "산만하다는 단점이 있지만 액션, 코믹, 등 모든 요소를 갖췄다.",
    "date": "14.11.02",
    "rating": "8",
    "author": "sh87****",
    "review_id": "9337226",
    "movie_id": "10026"
  },
  {
    "review": "마음의 상처를 안고 그 상처를 치유하는 데 동료가 최고다 버디 캅 무비의 정석..",
    "date": "14.10.20",
    "rating": "10",
    "author": "spar****",
    "review_id": "9304356",
    "movie_id": "10026"
  },
  {
    "review": "멜깁슨이라는 배우를 처음 만나다...캐릭터는 애매모호 했지만 생각하게 하는 영화는 아니니까...볼만 했다",
    "date": "14.10.02",
    "rating": "8",
    "author": "lees****",
    "review_id": "9253617",
    "movie_id": "10026"
  },
  {
    "review": "형사 버디물이 가질 수 있는 장점을 크게 부각하지 못한 이도저도 아닌 액션물",
    "date": "14.09.29",
    "rating": "2",
    "author": "goms****",
    "review_id": "9248717",
    "movie_id": "10026"
  },
  {
    "review": "시시하고 파워가 없다 마지막 1대1 맞짱은 유치했다",
    "date": "14.07.30",
    "rating": "1",
    "author": "mara****",
    "review_id": "8983498",
    "movie_id": "10026"
  },
  {
    "review": "흑백 버디무비 형사물의 최고작품! 쉐인-블랙의 맛깔난 각본! 도너의 강하고 뜨거운 연출! 고독, 슬픔, 광기, 쾌활, 엉뚱, 샤프, 날렵, 강인함.. 멜-깁슨의 다채로운 매력들이 멋지게 빛난다! 마지막 일대일 맨손 격투의 생생함은, 쾌감, 그 자체!!",
    "date": "14.05.17",
    "rating": "10",
    "author": "wana****",
    "review_id": "8740770",
    "movie_id": "10026"
  },
  {
    "review": "언제든지 다시봐도 명작임에 틀림없다 그에 비해 평점은....",
    "date": "14.02.28",
    "rating": "10",
    "author": "ske4****",
    "review_id": "8544733",
    "movie_id": "10026"
  },
  {
    "review": "멜 깁슨의 살아 있는 연기는 성룡과 오버랩된다.",
    "date": "13.10.09",
    "rating": "6",
    "author": "cont****",
    "review_id": "8048939",
    "movie_id": "10026"
  },
  {
    "review": "멜깁슨과 대니 글로버 콤비의 명작...다시봐도 최고의 영화라고 생각됨",
    "date": "13.09.09",
    "rating": "8",
    "author": "thra****",
    "review_id": "7961229",
    "movie_id": "10026"
  },
  {
    "review": "리썰 웬폰~!! 이거면 다 됨~!!",
    "date": "13.08.26",
    "rating": "9",
    "author": "sute****",
    "review_id": "7924436",
    "movie_id": "10026"
  },
  {
    "review": "개인적으로 촤고의 영화 top10중에 하나....good !!멜깁슨의 고속도로 위를 달리는 분노의 질주는 압권..",
    "date": "13.08.18",
    "rating": "9",
    "author": "deam****",
    "review_id": "7898109",
    "movie_id": "10026"
  },
  {
    "review": "이것이 콤비형사물의 원조군요....영화 시작부터 굉장히 강렬한 몰입을 불러오는",
    "date": "13.08.11",
    "rating": "8",
    "author": "jonh****",
    "review_id": "7870114",
    "movie_id": "10026"
  },
  {
    "review": "매력적인 마틴릭스~ㅎㅎ",
    "date": "13.02.22",
    "rating": "10",
    "author": "yasc****",
    "review_id": "7289737",
    "movie_id": "10026"
  },
  {
    "review": "어릴때 참 재밌게 봤었는데 ㅎㅎ 액션 명작!!!!",
    "date": "13.02.20",
    "rating": "10",
    "author": "dary****",
    "review_id": "7284294",
    "movie_id": "10026"
  },
  {
    "review": "최고의 콤비 형사물 중 하나~~",
    "date": "13.02.20",
    "rating": "10",
    "author": "wham****",
    "review_id": "7284180",
    "movie_id": "10026"
  },
  {
    "review": "버디형사무비의 고전! 최고라는 말밖에는 안 나온다. 두 콤비!!",
    "date": "12.11.16",
    "rating": "10",
    "author": "dark****",
    "review_id": "6895542",
    "movie_id": "10026"
  },
  {
    "review": "이게 버디물 러시아워의 원조라고??",
    "date": "12.08.23",
    "rating": "3",
    "author": "rd72****",
    "review_id": "6636488",
    "movie_id": "10026"
  },
  {
    "review": "멜깁슨과 대니글로버의 만남.최고의 시리즈물",
    "date": "12.07.17",
    "rating": "10",
    "author": "cred****",
    "review_id": "6487464",
    "movie_id": "10026"
  },
  {
    "review": "별로다",
    "date": "12.03.04",
    "rating": "5",
    "author": "drd1****",
    "review_id": "6123237",
    "movie_id": "10026"
  },
  {
    "review": "지금은 식상하지만... 정의를 묻는다",
    "date": "12.01.28",
    "rating": "5",
    "author": "kos4****",
    "review_id": "6028531",
    "movie_id": "10026"
  },
  {
    "review": "끝에 범인과 1:1 맞짱은 뭐야?",
    "date": "11.11.09",
    "rating": "3",
    "author": "dbzh****",
    "review_id": "5837331",
    "movie_id": "10026"
  },
  {
    "review": "다이나믹 듀오 태동.",
    "date": "11.10.01",
    "rating": "6",
    "author": "tori****",
    "review_id": "5763124",
    "movie_id": "10026"
  },
  {
    "review": "그 때 당시 상당히 충격적인 재미를 느꼈던 경찰액션의 수작~!",
    "date": "11.09.10",
    "rating": "10",
    "author": "aill****",
    "review_id": "5718971",
    "movie_id": "10026"
  },
  {
    "review": "굳",
    "date": "11.07.22",
    "rating": "8",
    "author": "toha****",
    "review_id": "5562374",
    "movie_id": "10026"
  },
  {
    "review": "매드맥스보다 훨 낫다~",
    "date": "11.05.21",
    "rating": "9",
    "author": "tn99****",
    "review_id": "5440986",
    "movie_id": "10026"
  },
  {
    "review": "막무가내 액션극",
    "date": "11.05.06",
    "rating": "10",
    "author": "ruye****",
    "review_id": "5409713",
    "movie_id": "10026"
  },
  {
    "review": "재미있는 형사물",
    "date": "11.04.17",
    "rating": "8",
    "author": "mais****",
    "review_id": "5379537",
    "movie_id": "10026"
  },
  {
    "review": "적절한 코믹과 액션의 조화!",
    "date": "11.03.27",
    "rating": "8",
    "author": "pree****",
    "review_id": "5338550",
    "movie_id": "10026"
  },
  {
    "review": "마초들을 위한 진정한 정통 액션.",
    "date": "11.01.19",
    "rating": "6",
    "author": "rygh****",
    "review_id": "5170287",
    "movie_id": "10026"
  },
  {
    "review": "당시를 제발 생각해라 응?",
    "date": "10.10.26",
    "rating": "9",
    "author": "dywl****",
    "review_id": "4921640",
    "movie_id": "10026"
  },
  {
    "review": "멜깁슨 초간지를 감상할 수 있는 영화. 클라막스는 좀 맥빠짐.",
    "date": "10.09.27",
    "rating": "7",
    "author": "vanm****",
    "review_id": "4872404",
    "movie_id": "10026"
  },
  {
    "review": "콤비물 현대 콤비물의 시초라고 해야하나 흑인과 백인의 조화 유쾌하다",
    "date": "10.09.11",
    "rating": "6",
    "author": "hjj5****",
    "review_id": "4828648",
    "movie_id": "10026"
  },
  {
    "review": "멜깁슨의 OOO기, 위트 최고의 액션대작...",
    "date": "10.09.07",
    "rating": "10",
    "author": "dene****",
    "review_id": "4822669",
    "movie_id": "10026"
  },
  {
    "review": "음뭐 볼만함 장르에코미디가잇는데 하나도웃기지가않아서4점;;;",
    "date": "10.03.26",
    "rating": "8",
    "author": "ghrj****",
    "review_id": "4389217",
    "movie_id": "10026"
  },
  {
    "review": "97년도라..뭐든 처음이 좋았지, 이제는 유태인들에게 두들겨 맞지만...쩝",
    "date": "10.02.27",
    "rating": "10",
    "author": "yaho****",
    "review_id": "4321956",
    "movie_id": "10026"
  },
  {
    "review": "다이 하드와 비견될 만큼은 아니지만 재밌었다.",
    "date": "10.01.26",
    "rating": "6",
    "author": "cube****",
    "review_id": "4212456",
    "movie_id": "10026"
  },
  {
    "review": "흑과 백, 화목한 가정과 홀아비, 절제와 혼돈 - 이 모든 시적인 대칭, 그리고 액션!",
    "date": "09.11.24",
    "rating": "9",
    "author": "paus****",
    "review_id": "3988418",
    "movie_id": "10026"
  },
  {
    "review": "그리운 아날로그 몸빵액션, 영화가 너무 막 달리는 느낌도 없지 않지만.",
    "date": "09.11.22",
    "rating": "8",
    "author": "ard2****",
    "review_id": "3982669",
    "movie_id": "10026"
  },
  {
    "review": "그리운 형사 버디무비...",
    "date": "09.11.21",
    "rating": "6",
    "author": "imf0****",
    "review_id": "3979445",
    "movie_id": "10026"
  },
  {
    "review": "최고의 시리즈!",
    "date": "09.09.23",
    "rating": "10",
    "author": "lord****",
    "review_id": "3845131",
    "movie_id": "10026"
  },
  {
    "review": "일단 잼있음.",
    "date": "09.08.29",
    "rating": "7",
    "author": "diri****",
    "review_id": "3795767",
    "movie_id": "10026"
  },
  {
    "review": "똘끼있는 멜깁슨 캐릭터가 인상적임",
    "date": "09.08.07",
    "rating": "8",
    "author": "seun****",
    "review_id": "3717967",
    "movie_id": "10026"
  },
  {
    "review": "왜이게 평점이 9점을 안넘는지 멜깁슨 최고의 영화",
    "date": "09.06.22",
    "rating": "10",
    "author": "kayw****",
    "review_id": "3581291",
    "movie_id": "10026"
  },
  {
    "review": "이거 시리즈도 최고였다.",
    "date": "09.04.21",
    "rating": "10",
    "author": "jkh0****",
    "review_id": "3432602",
    "movie_id": "10026"
  },
  {
    "review": "멜 깁슨의 주짓수 실력은 정말 시대를 너무나도 앞서간다.",
    "date": "09.03.12",
    "rating": "6",
    "author": "comb****",
    "review_id": "3360460",
    "movie_id": "10026"
  },
  {
    "review": "지금 봐도 촌스럽지 않고 재미있다..87년작에 트라이앵글 초크가 나올줄몰랐다",
    "date": "09.02.08",
    "rating": "9",
    "author": "ledd****",
    "review_id": "3286585",
    "movie_id": "10026"
  },
  {
    "review": "제일 안 어울리지만 제일 잘어울리는 버디~멜깁슨의 긴속눈썹에 깜짝놀랐던기억이^^",
    "date": "08.10.25",
    "rating": "10",
    "author": "whia****",
    "review_id": "3019386",
    "movie_id": "10026"
  },
  {
    "review": "형사, 콤비영화의 선구자일까나???",
    "date": "08.08.24",
    "rating": "8",
    "author": "nba1****",
    "review_id": "2898924",
    "movie_id": "10026"
  },
  {
    "review": "대표적인 형사 액숀 버디물..",
    "date": "08.08.12",
    "rating": "8",
    "author": "gall****",
    "review_id": "2866064",
    "movie_id": "10026"
  },
  {
    "review": "자살하고픈 마틴릭스, 이 미친 경찰을 당해낼자 누구냐!!",
    "date": "08.08.11",
    "rating": "10",
    "author": "comm****",
    "review_id": "2861913",
    "movie_id": "10026"
  },
  {
    "review": "다이하드 다음으로 재밌는 액션 영화 시리즈",
    "date": "08.07.31",
    "rating": "8",
    "author": "noxp****",
    "review_id": "2819359",
    "movie_id": "10026"
  },
  {
    "review": "꽤 스펙타클한 액션이긴 한데.. 다이하드 보다는 못하다.",
    "date": "08.07.20",
    "rating": "8",
    "author": "pola****",
    "review_id": "2784118",
    "movie_id": "10026"
  },
  {
    "review": "구관이 명관이다..",
    "date": "08.06.18",
    "rating": "10",
    "author": "nasu****",
    "review_id": "2706382",
    "movie_id": "10026"
  },
  {
    "review": "다이하드 시리즈에 버금가는 액션 영화!",
    "date": "08.06.13",
    "rating": "9",
    "author": "etha****",
    "review_id": "2695260",
    "movie_id": "10026"
  },
  {
    "review": "역시 1편이 최고!",
    "date": "08.02.17",
    "rating": "9",
    "author": "nwit****",
    "review_id": "2457602",
    "movie_id": "10026"
  },
  {
    "review": "최고 버디물의 시작",
    "date": "08.02.11",
    "rating": "9",
    "author": "xxss****",
    "review_id": "2436997",
    "movie_id": "10026"
  },
  {
    "review": "적절한 액션영화",
    "date": "07.11.11",
    "rating": "7",
    "author": "pksj****",
    "review_id": "2144544",
    "movie_id": "10026"
  },
  {
    "review": "이 둘을 능가하는 콤비는 없다...나에겐 너무나 재밌는 영화!!",
    "date": "07.10.04",
    "rating": "10",
    "author": "some****",
    "review_id": "2071000",
    "movie_id": "10026"
  },
  {
    "review": "이정표를 찍은 작품 멜깁슨 흥행의 시작이라고나 할까",
    "date": "07.08.26",
    "rating": "10",
    "author": "deff****",
    "review_id": "1981665",
    "movie_id": "10026"
  },
  {
    "review": "레셀웨폰이여 미친 액션이 괘안타  1편마지막이 최고다",
    "date": "07.07.21",
    "rating": "9",
    "author": "yjo4****",
    "review_id": "1795859",
    "movie_id": "10026"
  },
  {
    "review": "다이하드1편을 제외하고는 상대도 없는 형사물 씨리즈",
    "date": "07.07.17",
    "rating": "10",
    "author": "baks****",
    "review_id": "1783771",
    "movie_id": "10026"
  },
  {
    "review": "리쉘웨폰의 시작. 그다지 재미는...",
    "date": "07.07.16",
    "rating": "6",
    "author": "lsh1****",
    "review_id": "1780674",
    "movie_id": "10026"
  },
  {
    "review": "1234전시리즈를 무난하게 볼수있었던 영화!",
    "date": "07.07.02",
    "rating": "8",
    "author": "dhkq****",
    "review_id": "1740448",
    "movie_id": "10026"
  },
  {
    "review": "화려한 액션은 아니지만 액션 영화중 빼놓을 수 없지..",
    "date": "07.07.01",
    "rating": "8",
    "author": "skat****",
    "review_id": "1737706",
    "movie_id": "10026"
  },
  {
    "review": "다시볼때 더욱 매력적인 리쎌웨폰의 원조",
    "date": "07.05.21",
    "rating": "9",
    "author": "daro****",
    "review_id": "1650019",
    "movie_id": "10026"
  },
  {
    "review": "멜깁슨을 위한 영화. 거칠지만 유쾌한 버디 형사물의 뉴 웨이브.",
    "date": "07.02.05",
    "rating": "9",
    "author": "rush****",
    "review_id": "1444859",
    "movie_id": "10026"
  },
  {
    "review": "죽을라고 환장한놈이 방탄복을 입어??개념이 없는 영화",
    "date": "07.01.09",
    "rating": "1",
    "author": "ppp0****",
    "review_id": "1369644",
    "movie_id": "10026"
  },
  {
    "review": "매드맥스의 미국 경찰판일뿐",
    "date": "07.01.03",
    "rating": "1",
    "author": "nala****",
    "review_id": "1354321",
    "movie_id": "10026"
  },
  {
    "review": "기본기 튼튼한 버디무비",
    "date": "07.01.02",
    "rating": "8",
    "author": "zech****",
    "review_id": "1351820",
    "movie_id": "10026"
  },
  {
    "review": "엎치락 뒤치락 흑백콤비형사의 탄생. 2탄이 더 좋았다.",
    "date": "06.12.05",
    "rating": "8",
    "author": "bepl****",
    "review_id": "1268380",
    "movie_id": "10026"
  },
  {
    "review": "정말 잼있었다...나름은...",
    "date": "06.11.04",
    "rating": "9",
    "author": "tope****",
    "review_id": "1215108",
    "movie_id": "10026"
  },
  {
    "review": "시리즈의 시작........-_+",
    "date": "06.09.23",
    "rating": "8",
    "author": "cara****",
    "review_id": "1139414",
    "movie_id": "10026"
  },
  {
    "review": "흑 백 버디무비의 성공 ...",
    "date": "06.08.12",
    "rating": "7",
    "author": "1stl****",
    "review_id": "1005150",
    "movie_id": "10026"
  },
  {
    "review": "의외로 별로 였음..",
    "date": "06.07.30",
    "rating": "8",
    "author": "src5****",
    "review_id": "940996",
    "movie_id": "10026"
  },
  {
    "review": "킬링 타임.??",
    "date": "06.07.19",
    "rating": "7",
    "author": "qort****",
    "review_id": "907628",
    "movie_id": "10026"
  },
  {
    "review": "액션거장 도너와 멜의 초창기전성기를 볼수있는 형사무비의 걸작",
    "date": "06.07.08",
    "rating": "6",
    "author": "okjo****",
    "review_id": "877665",
    "movie_id": "10026"
  },
  {
    "review": "초창기 멜깁슨의 액션연기를 볼수 있는것만으로 좋다.",
    "date": "06.06.30",
    "rating": "10",
    "author": "park****",
    "review_id": "864060",
    "movie_id": "10026"
  },
  {
    "review": "깔끔한 구성, 맘에든다",
    "date": "06.05.06",
    "rating": "10",
    "author": "rees****",
    "review_id": "789689",
    "movie_id": "10026"
  },
  {
    "review": "정말 멋진 영화!!!",
    "date": "06.03.24",
    "rating": "10",
    "author": "seon****",
    "review_id": "731865",
    "movie_id": "10026"
  },
  {
    "review": "영화중최고,한200번정돈본거같다,다른것도세네번씩은,최고배우",
    "date": "06.03.19",
    "rating": "10",
    "author": "ansc****",
    "review_id": "722726",
    "movie_id": "10026"
  },
  {
    "review": "멋져멋져..........",
    "date": "06.03.10",
    "rating": "10",
    "author": "rich****",
    "review_id": "710589",
    "movie_id": "10026"
  },
  {
    "review": "새로운 형사 영화의 시작",
    "date": "06.02.11",
    "rating": "7",
    "author": "pawr****",
    "review_id": "661784",
    "movie_id": "10026"
  },
  {
    "review": "리쎌웨폰은 계속된다.",
    "date": "06.02.05",
    "rating": "8",
    "author": "scal****",
    "review_id": "648561",
    "movie_id": "10026"
  },
  {
    "review": "뭐.. 특별난것도없는 그런 액션물",
    "date": "06.02.04",
    "rating": "7",
    "author": "zhow****",
    "review_id": "647198",
    "movie_id": "10026"
  },
  {
    "review": "유쾌한 형사영화. 더 이상 바랄 게 없다.",
    "date": "06.01.18",
    "rating": "9",
    "author": "alam****",
    "review_id": "596732",
    "movie_id": "10026"
  },
  {
    "review": "형사 액션 버디무비의 최고작중 한편.",
    "date": "06.01.09",
    "rating": "7",
    "author": "movi****",
    "review_id": "574019",
    "movie_id": "10026"
  },
  {
    "review": "두 형사 말장난 하는거만 들어도 잼나는거.",
    "date": "06.01.09",
    "rating": "10",
    "author": "shh7****",
    "review_id": "573622",
    "movie_id": "10026"
  },
  {
    "review": "잼나다",
    "date": "05.12.31",
    "rating": "8",
    "author": "clou****",
    "review_id": "547447",
    "movie_id": "10026"
  },
  {
    "review": "맬깁슨만이 해낼수 있다",
    "date": "05.12.26",
    "rating": "9",
    "author": "blue****",
    "review_id": "531126",
    "movie_id": "10026"
  },
  {
    "review": "형사영화의 최고봉",
    "date": "05.12.24",
    "rating": "10",
    "author": "kws7****",
    "review_id": "525747",
    "movie_id": "10026"
  },
  {
    "review": "액션영화의교과서--->다이하드시리즈와 리쎌웨폰시리즈",
    "date": "05.10.13",
    "rating": "9",
    "author": "rmad****",
    "review_id": "441300",
    "movie_id": "10026"
  }
]