[
  {
    "review": "~!~!!~~!~~~!!!!~~!~!",
    "date": "15.08.26",
    "rating": "10",
    "author": "panz****",
    "review_id": "10275864",
    "movie_id": "10037"
  },
  {
    "review": "역시 최고. 최고!! 기념비적 작품",
    "date": "15.08.25",
    "rating": "10",
    "author": "tori****",
    "review_id": "10274523",
    "movie_id": "10037"
  },
  {
    "review": "다시보기  힘든 역대급 영화",
    "date": "15.08.22",
    "rating": "10",
    "author": "lmkl****",
    "review_id": "10261997",
    "movie_id": "10037"
  },
  {
    "review": "아런게 명작이지...",
    "date": "15.08.17",
    "rating": "10",
    "author": "leon****",
    "review_id": "10243736",
    "movie_id": "10037"
  },
  {
    "review": "리플리 말만 들었어도 이 모든 사단은 일어나지 않았을 텐데",
    "date": "15.08.10",
    "rating": "9",
    "author": "chul****",
    "review_id": "10212096",
    "movie_id": "10037"
  },
  {
    "review": "40년전 sf라고는 믿어지지 않는",
    "date": "15.08.10",
    "rating": "9",
    "author": "ahm0****",
    "review_id": "10211615",
    "movie_id": "10037"
  },
  {
    "review": "이게 70년대 영화라니 요즘영화라도 잘만든 편에 속할듯",
    "date": "15.08.05",
    "rating": "9",
    "author": "jij4****",
    "review_id": "10186165",
    "movie_id": "10037"
  },
  {
    "review": "등 신 들아 리플리가 혼자 살고 싶어서 의리없게 혼자 살아왔냐? 오히려 혼자 가는게 더 위험하다는걸 알면서도 혼자간 리플리의 반의반의반좀 닮아봐라 논리도 못하면서 왜 갑자기 남이 몇년동안 힘들게 만든 영화를 별것도 아닌것처럼 쉽게 욕하냐 인성 있냐?",
    "date": "15.07.26",
    "rating": "10",
    "author": "joe0****",
    "review_id": "10143739",
    "movie_id": "10037"
  },
  {
    "review": "79년도에 만들었다는게 믿기지가 않음. 정말 잘 만듬.",
    "date": "15.07.21",
    "rating": "10",
    "author": "hulk****",
    "review_id": "10126627",
    "movie_id": "10037"
  },
  {
    "review": "말이 필요 없는 영화다.",
    "date": "15.07.18",
    "rating": "10",
    "author": "dino****",
    "review_id": "10116599",
    "movie_id": "10037"
  },
  {
    "review": "리드리 스콧 영화 중 가장 수작. 이 이상의 독보적인 캐릭터가 더 나올까 싶은 외계생명체",
    "date": "15.07.09",
    "rating": "9",
    "author": "yise****",
    "review_id": "10085620",
    "movie_id": "10037"
  },
  {
    "review": "통풍구를 제외하면 지나치게 안전한 우주선, 중반 이후 실종된 서스펜스",
    "date": "15.07.04",
    "rating": "6",
    "author": "jeup****",
    "review_id": "10067970",
    "movie_id": "10037"
  },
  {
    "review": "1979년작 영화가 2015년  한국 영화보다 더 훌륭하다는게 한국영화의 한계",
    "date": "15.07.04",
    "rating": "10",
    "author": "elle****",
    "review_id": "10067317",
    "movie_id": "10037"
  },
  {
    "review": "종합 평점은 8점 드립니다.",
    "date": "15.06.27",
    "rating": "8",
    "author": "terr****",
    "review_id": "10041098",
    "movie_id": "10037"
  },
  {
    "review": "역작최고의 역작입니다.",
    "date": "15.06.25",
    "rating": "10",
    "author": "cody****",
    "review_id": "10035161",
    "movie_id": "10037"
  },
  {
    "review": "사상 최고의 우주 폭력배 에이리언!",
    "date": "15.06.23",
    "rating": "9",
    "author": "pont****",
    "review_id": "10023070",
    "movie_id": "10037"
  },
  {
    "review": "지금 봐도 1979년작이라고는 도저히 믿을수 없는 퀄리티.SF영화의 신기원이다.",
    "date": "15.06.18",
    "rating": "10",
    "author": "hi38****",
    "review_id": "10009352",
    "movie_id": "10037"
  },
  {
    "review": "미지의 존재에 대한 호기심과 두려움을 장르적으로 완벽에 가깝게 표현한 걸작.특히 폐쇄공간에서의 공포연출은 위대한 영화들과 비견할만하다.무엇보다 2015년 지금봐도 나무랄데 없는 미술이 영화 완성도에 큰 역할을 한다.그리고 좀비,뱀파이어와함께최고의괴물",
    "date": "15.06.18",
    "rating": "10",
    "author": "mlif****",
    "review_id": "10008541",
    "movie_id": "10037"
  },
  {
    "review": "에일리언 시리즈 중에서 제일 낫네 79년도 영화라는게 믿기지 않을만큼 잘 만들어졌다.",
    "date": "15.06.04",
    "rating": "10",
    "author": "fire****",
    "review_id": "9973849",
    "movie_id": "10037"
  },
  {
    "review": "보고 또봐도 전혀 질리지 않는 명작",
    "date": "15.05.28",
    "rating": "10",
    "author": "hjs5****",
    "review_id": "9957118",
    "movie_id": "10037"
  },
  {
    "review": "말이 필요한가? 옜날 영환데도 꿀잼이다",
    "date": "15.05.25",
    "rating": "10",
    "author": "andy****",
    "review_id": "9947400",
    "movie_id": "10037"
  },
  {
    "review": "최고의 영화 최고의 퀄  반드시봐라",
    "date": "15.05.15",
    "rating": "10",
    "author": "virl****",
    "review_id": "9920027",
    "movie_id": "10037"
  },
  {
    "review": "약간의 철학과 극한의 공포와 스릴러의 결합. 리들리스콧은 역시 천재다.",
    "date": "15.05.05",
    "rating": "9",
    "author": "ceci****",
    "review_id": "9895126",
    "movie_id": "10037"
  },
  {
    "review": "단 한시도 놓을수없는 긴장감과 몰입도는 현대 스릴러 영화보다 훨씬 뛰어남.1979년에는 이영화가 걍 혁명이었을거라는 생각을 하며, 조금 무섭지만 집중해서 본 영화.  이영화 시리즈에선 가장아쉬웠던게 결말 엔딩곡인것 같다... 뭔가 좀",
    "date": "15.05.01",
    "rating": "8",
    "author": "kenn****",
    "review_id": "9884039",
    "movie_id": "10037"
  },
  {
    "review": "걍 볼만하네요ㅎㅎ..",
    "date": "15.04.21",
    "rating": "10",
    "author": "dnjs****",
    "review_id": "9856219",
    "movie_id": "10037"
  },
  {
    "review": "sf 영화도 철학적일수 있다는 사실을 보여준 2001 스페이스오딧세이 이후 두번째 영화",
    "date": "15.04.18",
    "rating": "10",
    "author": "grip****",
    "review_id": "9850604",
    "movie_id": "10037"
  },
  {
    "review": "지금 봐도 전혀 꿀리지 않는 연출.",
    "date": "15.04.08",
    "rating": "10",
    "author": "lsh5****",
    "review_id": "9834499",
    "movie_id": "10037"
  },
  {
    "review": "ㅋㅋ이게 1979년작이야 ㅋㅋ  지금 개봉해도 되겠다.ㅋ",
    "date": "15.04.02",
    "rating": "10",
    "author": "rfky****",
    "review_id": "9822196",
    "movie_id": "10037"
  },
  {
    "review": "내나이보다 더 오래된영화인데지금봐도 굿이다",
    "date": "15.04.02",
    "rating": "10",
    "author": "ring****",
    "review_id": "9821428",
    "movie_id": "10037"
  },
  {
    "review": "옛날엔 에일리언 스타쉽트루퍼스 엑스파일 스타워즈 같은 재밌는 블로버스터들 많았는데 요즘은 왜케 다 시시껄렁함...",
    "date": "15.03.25",
    "rating": "10",
    "author": "0943****",
    "review_id": "9804667",
    "movie_id": "10037"
  },
  {
    "review": "말이 필요없지 이건 20년이 지나도 30년이 지나도 sf공포영화의 탑",
    "date": "15.03.10",
    "rating": "10",
    "author": "orra****",
    "review_id": "9770681",
    "movie_id": "10037"
  },
  {
    "review": "크리처물의 끝판왕..",
    "date": "15.03.10",
    "rating": "10",
    "author": "oys0****",
    "review_id": "9770217",
    "movie_id": "10037"
  },
  {
    "review": "언제 나왔는지 기어도 안나지만 무척 재밌게 본 영화. 비록 비디오로 봤지만...",
    "date": "15.03.05",
    "rating": "10",
    "author": "hwaw****",
    "review_id": "9758234",
    "movie_id": "10037"
  },
  {
    "review": "진짜 명작은 20~30년의 시간을 뛰어넘는 것이구나란 생각을 심어준 영화. 87년 작! 저 태어날 때 만들어졌다는게 안 밑겨지는 명작!! 배우들의 연기력, 배경설정, 외계 생명체, 스릴 등 뭐하나 빠지지 않아요. 프리퀄 격인 프로메테우스도 추천",
    "date": "15.02.08",
    "rating": "10",
    "author": "yumi****",
    "review_id": "9677798",
    "movie_id": "10037"
  },
  {
    "review": "쪼이는 맛이 죽여준다,",
    "date": "15.02.06",
    "rating": "8",
    "author": "jjog****",
    "review_id": "9673194",
    "movie_id": "10037"
  },
  {
    "review": "에일리언2 먼저보고 이영화봤다 대박이다",
    "date": "15.01.29",
    "rating": "10",
    "author": "gksr****",
    "review_id": "9649284",
    "movie_id": "10037"
  },
  {
    "review": "뭐 이리 재미없는 영화도 있냐 일년전에 나온 스타워즈보다 못해",
    "date": "15.01.29",
    "rating": "1",
    "author": "sarn****",
    "review_id": "9647504",
    "movie_id": "10037"
  },
  {
    "review": "지금 SF영화들에도 밀리지않을 전설의 시작",
    "date": "15.01.23",
    "rating": "10",
    "author": "dplu****",
    "review_id": "9627294",
    "movie_id": "10037"
  },
  {
    "review": "79년이다 어린놈들아. 니들이 정자로도 존재하기전 영화다. 무릎꿇고봐라.",
    "date": "15.01.22",
    "rating": "10",
    "author": "hitr****",
    "review_id": "9624311",
    "movie_id": "10037"
  },
  {
    "review": "그냥... 괴물 영화...",
    "date": "15.01.22",
    "rating": "10",
    "author": "kjad****",
    "review_id": "9622024",
    "movie_id": "10037"
  },
  {
    "review": "리들리스콧님은글래디에이터,에이리언같은명작들을쓴분이다",
    "date": "15.01.20",
    "rating": "10",
    "author": "jmh5****",
    "review_id": "9617002",
    "movie_id": "10037"
  },
  {
    "review": "외계인영화냐 괴수영화냐 존나 애매하고 재미없다",
    "date": "15.01.19",
    "rating": "1",
    "author": "thwl****",
    "review_id": "9613668",
    "movie_id": "10037"
  },
  {
    "review": "최고의 명장면은 고양이 표정.. 커여워",
    "date": "15.01.14",
    "rating": "10",
    "author": "crom****",
    "review_id": "9592686",
    "movie_id": "10037"
  },
  {
    "review": "프로메테우스를 먼저 보고 이 영화를 봤는데요, 제가 철학적 물음이나 답을 얻기위해서 봐서 그런지 저는 재미있게 보지 못했습니다. 제가 느끼기에는 그냥 우주에서 벌어지는 괴수물 정도로...ㅠㅠ 다만  79년도에 만든 것이라고는 믿겨지지 않네요.",
    "date": "15.01.14",
    "rating": "6",
    "author": "noel****",
    "review_id": "9591925",
    "movie_id": "10037"
  },
  {
    "review": "우리나라에서는 에이리언2가 먼저 개봉. 이것이 흥행하자 에이리언1도 이후에 개봉함. 1979년작이라고는 믿어지지 않음. 최고의 영화",
    "date": "15.01.13",
    "rating": "10",
    "author": "sygo****",
    "review_id": "9589355",
    "movie_id": "10037"
  },
  {
    "review": "개노잼;;;; 진짜 재미없음 집에서 dvd로 보다가 넘기면서 본건 처음이다이게..",
    "date": "15.01.08",
    "rating": "1",
    "author": "kong****",
    "review_id": "9573686",
    "movie_id": "10037"
  },
  {
    "review": "미지의 세계와 존재에 대한 막연한 두려움을 현실감 넘치도록 극대화시키며 SF의 새로운 영역을 개척",
    "date": "15.01.06",
    "rating": "9",
    "author": "goms****",
    "review_id": "9567295",
    "movie_id": "10037"
  },
  {
    "review": "이 영화 골수팬들이 카메론의 에일리언2를 그렇게 씹어대지. 예술영화를 상업영화로 만들어 놓았으니 ㅋㅋ 그 만큼 79년에 만든 영화지만 지금봐도 레전드임",
    "date": "14.12.30",
    "rating": "9",
    "author": "cota****",
    "review_id": "9539375",
    "movie_id": "10037"
  },
  {
    "review": "무수한 아류 영화와 에일리언이라는 괴물을 세상에 널리 알려준 에일리언의 첫작. 에일리언의 디자인과 섬세함은 정말 다시 봐도 대단하다. 그리고 우주선의 디자인은 그 당시에 어떻게 이런 생각을 했을까 정말 신기하기만 하다. 지루하지도 않고 재밌게 본 작품",
    "date": "14.12.25",
    "rating": "9",
    "author": "dodo****",
    "review_id": "9514979",
    "movie_id": "10037"
  },
  {
    "review": "단연코 내생에 최고의 SF영화다",
    "date": "14.12.24",
    "rating": "10",
    "author": "prio****",
    "review_id": "9509195",
    "movie_id": "10037"
  },
  {
    "review": "79년의수작 니히리키키니니키ㅣ킼",
    "date": "14.12.21",
    "rating": "9",
    "author": "kimt****",
    "review_id": "9495280",
    "movie_id": "10037"
  },
  {
    "review": "진정한 명작 고전중의 고전",
    "date": "14.12.18",
    "rating": "10",
    "author": "sori****",
    "review_id": "9487079",
    "movie_id": "10037"
  },
  {
    "review": "SF영화의 신기원을 열다",
    "date": "14.12.18",
    "rating": "8",
    "author": "rcan****",
    "review_id": "9484058",
    "movie_id": "10037"
  },
  {
    "review": "역시 미국이라는 나라는 대단하다~ 79년 우리나라 병태와영자 찍을 당시에 이런 영화를 찍었다는게...ㄷㄷㄷ",
    "date": "14.12.16",
    "rating": "10",
    "author": "yong****",
    "review_id": "9478118",
    "movie_id": "10037"
  },
  {
    "review": "완벽에 근접한 영화... SF스릴러의 초석.",
    "date": "14.12.14",
    "rating": "9",
    "author": "dpdj****",
    "review_id": "9475114",
    "movie_id": "10037"
  },
  {
    "review": "지금의 스콧감독을 있게 해준 영화이기도 하고 매우 뛰어난 작품임에는 분명하지만 스콧감독이 표절을 하였다는 사실을 잊어서는 안된다.",
    "date": "14.12.09",
    "rating": "2",
    "author": "zkdl****",
    "review_id": "9461115",
    "movie_id": "10037"
  },
  {
    "review": "같은 분이 만든 프로메테우스보다 지린다",
    "date": "14.12.05",
    "rating": "10",
    "author": "imj0****",
    "review_id": "9448087",
    "movie_id": "10037"
  },
  {
    "review": "SF로서도 훌륭하고, 서스펜스 스릴러로서는 더욱 더 훌륭하다.",
    "date": "14.12.04",
    "rating": "8",
    "author": "kill****",
    "review_id": "9445317",
    "movie_id": "10037"
  },
  {
    "review": "70년대 작품이란 걸 감안해도 답답한 여주인공의 행보가 이 영화의 전부라고 할 수 있는 서스펜스를 상당히 깎아먹는다. 특히 남자 혼자 고양이 찾으라고 보내는거나 선장 혼자 가게 냅두는거나 마지막에 혼자 셔틀에 미리 가있는 것도 모자라 끝까지 고양이타령",
    "date": "14.11.29",
    "rating": "7",
    "author": "punk****",
    "review_id": "9430595",
    "movie_id": "10037"
  },
  {
    "review": "1979년작 이라니...",
    "date": "14.11.28",
    "rating": "10",
    "author": "red1****",
    "review_id": "9428912",
    "movie_id": "10037"
  },
  {
    "review": "Sf 의  전설....벌써 삼OO이  넘었다니...",
    "date": "14.11.26",
    "rating": "10",
    "author": "jky0****",
    "review_id": "9422365",
    "movie_id": "10037"
  },
  {
    "review": "말이필요없는 영화 최고다",
    "date": "14.11.21",
    "rating": "10",
    "author": "gjdu****",
    "review_id": "9405415",
    "movie_id": "10037"
  },
  {
    "review": "다 이영화 따라서 만든거였네ㅡㅡ암튼 대박임 79년도작품이란말에 놀람",
    "date": "14.11.15",
    "rating": "10",
    "author": "vist****",
    "review_id": "9385089",
    "movie_id": "10037"
  },
  {
    "review": "H.R.giger의 천재적인 감각과 더불어 시대를 훨씬 앞서간 아직도 최첨단인 영화...",
    "date": "14.11.10",
    "rating": "10",
    "author": "ljho****",
    "review_id": "9369320",
    "movie_id": "10037"
  },
  {
    "review": "추억의 영화....기억이 새록새록",
    "date": "14.11.06",
    "rating": "10",
    "author": "hyng****",
    "review_id": "9343219",
    "movie_id": "10037"
  },
  {
    "review": "서서히 엄습해오는 스릴과 공포, 최고의 특수효과로 무장된 멋진 영상, 정교하고 세련되게 만들어진 에이리언의 모습까지 모든면에서 완벽한 최고의 SF크리쳐물이다. 이 영화가 70년대에 만들어졌다는게 믿기지 않는다.",
    "date": "14.11.02",
    "rating": "10",
    "author": "kjk9****",
    "review_id": "9335261",
    "movie_id": "10037"
  },
  {
    "review": "우주선세트 디자인 한다고 스토리는 개판으로 짠듯.... 이게 괴수영화야 그냥 우주 영화야? 좀 확실하게 하길",
    "date": "14.10.13",
    "rating": "1",
    "author": "flow****",
    "review_id": "9289923",
    "movie_id": "10037"
  },
  {
    "review": "시대를 너무나도 앞서 나갔던 영화  과연 명작",
    "date": "14.10.11",
    "rating": "10",
    "author": "clud****",
    "review_id": "9285124",
    "movie_id": "10037"
  },
  {
    "review": "내가 태어나기 10년전에 나온 영화가 요즘 나오는 영화보다도 뛰어나다.인류가 나중에 만나는 외계인이 에일리언같은 갱명체가 아니길.",
    "date": "14.10.11",
    "rating": "10",
    "author": "97ju****",
    "review_id": "9284931",
    "movie_id": "10037"
  },
  {
    "review": "진짜 요즘 영화보다 잼있음...",
    "date": "14.10.11",
    "rating": "10",
    "author": "dnjs****",
    "review_id": "9283615",
    "movie_id": "10037"
  },
  {
    "review": "마지막에 여주몸매 때문에 에일리언 숨은거 전혀 눈치 못챔ㅋㅋㅋㅋ",
    "date": "14.10.09",
    "rating": "9",
    "author": "chg4****",
    "review_id": "9278288",
    "movie_id": "10037"
  },
  {
    "review": "더이상 무슨 말이 필요한가?",
    "date": "14.10.08",
    "rating": "10",
    "author": "rabb****",
    "review_id": "9273308",
    "movie_id": "10037"
  },
  {
    "review": "오래 전 영화인데도 촌티가 거의 안난다. 정말 잘만든 작품. 보는내내 감탄.",
    "date": "14.09.25",
    "rating": "10",
    "author": "beat****",
    "review_id": "9240697",
    "movie_id": "10037"
  },
  {
    "review": "이 때는 이 영화가 거대한 이야기의 시작이 될 줄 몰랐다",
    "date": "14.09.17",
    "rating": "8",
    "author": "lees****",
    "review_id": "9220587",
    "movie_id": "10037"
  },
  {
    "review": "이야기 전개가 느슨한데도 몰입도는 높군",
    "date": "14.09.15",
    "rating": "8",
    "author": "guev****",
    "review_id": "9216472",
    "movie_id": "10037"
  },
  {
    "review": "2014년...지금 다시 보았지만 이 영화는 경이롭다. 25년전 영화가 어떻게 이런 퀄리티를 낼수가 있는거지. SF 영화의 최고라고 감히 말한다.",
    "date": "14.08.30",
    "rating": "10",
    "author": "saka****",
    "review_id": "9147481",
    "movie_id": "10037"
  },
  {
    "review": "30년이 지난 지금 봐도 충분한 공포와 몰입. 수작임에 틀림없다. 79년에 Live로  이 영화를 봤다면 밤 잠 이루지 못했을 것.",
    "date": "14.08.19",
    "rating": "10",
    "author": "airs****",
    "review_id": "9109787",
    "movie_id": "10037"
  },
  {
    "review": "시대를 수십여년간이나 앞서간 진정한 천재의 걸작물.  리들리스콧 최고의 작품.",
    "date": "14.08.18",
    "rating": "10",
    "author": "guit****",
    "review_id": "9108454",
    "movie_id": "10037"
  },
  {
    "review": "이 영화가 보여준 SF와 호러의 환상적인 조합에 신선한 충격을 받았다",
    "date": "14.08.10",
    "rating": "10",
    "author": "cock****",
    "review_id": "9059329",
    "movie_id": "10037"
  },
  {
    "review": "79년작 치고는 퀄리티가 우수하다. 특히나 모든 에이리언의 시초라 할 수 있는 징그러운 모습과 로봇의 묘사는 정말 디테일이 상당함",
    "date": "14.08.08",
    "rating": "8",
    "author": "zxvt****",
    "review_id": "9048442",
    "movie_id": "10037"
  },
  {
    "review": "외계인은 몰라도지너몰(에이리언)만은 알거같다",
    "date": "14.08.02",
    "rating": "10",
    "author": "hoon****",
    "review_id": "9010929",
    "movie_id": "10037"
  },
  {
    "review": "처음봤을때가 Sbs 방송국 개국 기념으로 방송해줘서 성우 더빙용으로 꼬마적에 보았는데 그 충격이란 ㄷㄷㄷ 성인이 되어서 다시보아도 훌륭하다 79년작이 내용도 참신하거니와 소품 세트 긴장감에  나약한듯 보이지만 끝까지 살아남는 여주 시고니위버 최고다",
    "date": "14.08.01",
    "rating": "10",
    "author": "adri****",
    "review_id": "8998634",
    "movie_id": "10037"
  },
  {
    "review": "에일리언 시리즈중 2편 후부터는 s.f ,액션 이었지만  에일리언1편은 공포영화에 가깝다 미지의 우주에 대한 그리고 그 우주에서 마주치게된 흉악스러운  괴물에 대한 ...",
    "date": "14.08.01",
    "rating": "9",
    "author": "drea****",
    "review_id": "8997920",
    "movie_id": "10037"
  },
  {
    "review": "이 정도 평점을 받기에는 좀 거시기한 영화가 아닌가요? 아무리 옛날 영화라지만....",
    "date": "14.07.31",
    "rating": "1",
    "author": "qwer****",
    "review_id": "8990049",
    "movie_id": "10037"
  },
  {
    "review": "에일리언 시리즈의 시작.",
    "date": "14.07.30",
    "rating": "10",
    "author": "jere****",
    "review_id": "8979695",
    "movie_id": "10037"
  },
  {
    "review": "79년도작품이라는게 두번놀라게돼네",
    "date": "14.07.27",
    "rating": "9",
    "author": "rkrh****",
    "review_id": "8967704",
    "movie_id": "10037"
  },
  {
    "review": "리들리 스콧 감독. 당시에는 어땠는지 모르겠으나 나와는 잘 안 맞는 코드. 지루했음.",
    "date": "14.07.20",
    "rating": "1",
    "author": "jjaj****",
    "review_id": "8933361",
    "movie_id": "10037"
  },
  {
    "review": "제점수는요 9점입니다",
    "date": "14.07.12",
    "rating": "9",
    "author": "tope****",
    "review_id": "8906713",
    "movie_id": "10037"
  },
  {
    "review": "SF영화의 OO점!!",
    "date": "14.06.30",
    "rating": "10",
    "author": "purr****",
    "review_id": "8872129",
    "movie_id": "10037"
  },
  {
    "review": "정신병자들 빼곤 재미있어할 영화",
    "date": "14.06.24",
    "rating": "10",
    "author": "khug****",
    "review_id": "8851674",
    "movie_id": "10037"
  },
  {
    "review": "지금티비에서하는데 다시봐도 진짜잘만들었다. 구시대에 저런영화가탄생한게 천재란말밖에안나온다.",
    "date": "14.06.24",
    "rating": "10",
    "author": "wlst****",
    "review_id": "8851664",
    "movie_id": "10037"
  },
  {
    "review": "말이 안나온다. 첫 장면에서 우주선 내부 보여주는 씬 이게 79년도 작품이란게 상상이 안갈정도로 엄청난 퀄리티를 보여준다. 영화 세트 하나하나가 시대를 앞서가는 SF 신기원을 이룬 명작",
    "date": "14.06.13",
    "rating": "10",
    "author": "true****",
    "review_id": "8827030",
    "movie_id": "10037"
  },
  {
    "review": "프로메테우스때매 이영화를 다시본다는거는 프로메테우스 영화를 이해못했나..? 결국 이질감만가지고 다시 물음표행인데.. 이거랑 프로메테우스는 내용자체가별개야..프로메테우스2가 나와도 비밀이풀릴까말깐데..",
    "date": "14.06.09",
    "rating": "7",
    "author": "ujmk****",
    "review_id": "8815402",
    "movie_id": "10037"
  },
  {
    "review": "말이 필요한 간 프로메테우스 보니 모든 게 이해가 된다.",
    "date": "14.06.05",
    "rating": "10",
    "author": "kcmc****",
    "review_id": "8798080",
    "movie_id": "10037"
  },
  {
    "review": "79년작이 지금의 한국영화 보다 앞선다.",
    "date": "14.05.31",
    "rating": "10",
    "author": "mgjg****",
    "review_id": "8779310",
    "movie_id": "10037"
  },
  {
    "review": "창의적 내용 뛰어난 연출력 까지 sf 호러무비의 최고 걸작",
    "date": "14.05.29",
    "rating": "10",
    "author": "qlxm****",
    "review_id": "8773147",
    "movie_id": "10037"
  },
  {
    "review": "엄청난 긴장감,,  진짜 무섭게 생긴 에일리언모습",
    "date": "14.05.24",
    "rating": "10",
    "author": "fghy****",
    "review_id": "8759939",
    "movie_id": "10037"
  },
  {
    "review": "습한공포.시리즈의시작. 대작이다..",
    "date": "14.05.22",
    "rating": "10",
    "author": "cafe****",
    "review_id": "8754939",
    "movie_id": "10037"
  },
  {
    "review": "피가 산성이야.. 최고의 방어수단이지..",
    "date": "14.05.22",
    "rating": "9",
    "author": "jeou****",
    "review_id": "8752867",
    "movie_id": "10037"
  },
  {
    "review": "이 정도 평점받을만한 영화는아님 내가 초딩때봐서 잘암",
    "date": "14.05.21",
    "rating": "1",
    "author": "hang****",
    "review_id": "8751415",
    "movie_id": "10037"
  }
]