[
  {
    "review": "액션 어드벤처의 전설같은 영화!",
    "date": "15.08.17",
    "rating": "10",
    "author": "dene****",
    "review_id": "10246918",
    "movie_id": "10035"
  },
  {
    "review": "진짜 시리즈중 최고라고밖에 말할수 없었던 인디아나존스 최고의 역작.시리즈중에 스케일도 제일 컸고, 연출도 제일좋았으며 코미디적인 부분도 제일 뛰어났던것 같다.",
    "date": "15.07.20",
    "rating": "9",
    "author": "kenn****",
    "review_id": "10123879",
    "movie_id": "10035"
  },
  {
    "review": "초등학생 아무것도 모르는 철부지시절 내 작은 손에 땀을 훔치게 만들었던 전설의 마스터피스",
    "date": "15.07.02",
    "rating": "10",
    "author": "ming****",
    "review_id": "10059127",
    "movie_id": "10035"
  },
  {
    "review": "인디아나존스는 재밌는 시리즈고 인디아나존스5를보고싶다",
    "date": "15.06.29",
    "rating": "9",
    "author": "luck****",
    "review_id": "10052099",
    "movie_id": "10035"
  },
  {
    "review": "역사에 길이남을  어드벤쳐영화의 레전드",
    "date": "15.06.23",
    "rating": "10",
    "author": "wint****",
    "review_id": "10023913",
    "movie_id": "10035"
  },
  {
    "review": "리버피닉스가 나오네요~~ 벌써26년이 흐르다니 ㅠㅠ",
    "date": "15.06.20",
    "rating": "10",
    "author": "ffka****",
    "review_id": "10015328",
    "movie_id": "10035"
  },
  {
    "review": "부자간의 콤비 플레이!",
    "date": "15.05.25",
    "rating": "7",
    "author": "rcan****",
    "review_id": "9947847",
    "movie_id": "10035"
  },
  {
    "review": "과연 스티븐 스필버그다.",
    "date": "15.04.30",
    "rating": "9",
    "author": "ajtw****",
    "review_id": "9879539",
    "movie_id": "10035"
  },
  {
    "review": "진짜 이런게 영화라는거다!! 역사에 남을 작품!!",
    "date": "15.04.10",
    "rating": "10",
    "author": "ske4****",
    "review_id": "9838000",
    "movie_id": "10035"
  },
  {
    "review": "정말 재밌어요 시리즈중 제일 재밌음!!",
    "date": "15.03.31",
    "rating": "10",
    "author": "9575****",
    "review_id": "9818583",
    "movie_id": "10035"
  },
  {
    "review": "다시 보아도 재밌다 또 다른 시리즈는 안나오나",
    "date": "15.03.23",
    "rating": "9",
    "author": "kpor****",
    "review_id": "9801985",
    "movie_id": "10035"
  },
  {
    "review": "30여년이 지났지만 내 최고의 영화!",
    "date": "15.03.18",
    "rating": "10",
    "author": "gala****",
    "review_id": "9791113",
    "movie_id": "10035"
  },
  {
    "review": "와 너무 재밌다 이게 제일 재밌어",
    "date": "15.03.01",
    "rating": "10",
    "author": "gunw****",
    "review_id": "9749195",
    "movie_id": "10035"
  },
  {
    "review": "전설적인 작품. 다시 봐도 재밌음",
    "date": "15.02.20",
    "rating": "10",
    "author": "tark****",
    "review_id": "9719652",
    "movie_id": "10035"
  },
  {
    "review": "원하는 것을 모두 실현 시켜준다는 성배를 둘러싼 이야기",
    "date": "15.02.05",
    "rating": "10",
    "author": "dbst****",
    "review_id": "9669671",
    "movie_id": "10035"
  },
  {
    "review": "인디아나 존스 시리즈의 마지막 마무리.. 최고다.(4편 그런건 없었다. 적어도 내 기억 속엔 없다.)",
    "date": "15.02.04",
    "rating": "10",
    "author": "chba****",
    "review_id": "9666323",
    "movie_id": "10035"
  },
  {
    "review": "박수칠 때 떠날 줄 아는 현명한 선택",
    "date": "15.01.09",
    "rating": "6",
    "author": "goms****",
    "review_id": "9576592",
    "movie_id": "10035"
  },
  {
    "review": "정말 재밌었고 시간가는 줄 모르는 영화였다.",
    "date": "15.01.02",
    "rating": "9",
    "author": "ngc9****",
    "review_id": "9552009",
    "movie_id": "10035"
  },
  {
    "review": "이건 걍 닥치고 명작!!",
    "date": "14.12.22",
    "rating": "10",
    "author": "haku****",
    "review_id": "9502491",
    "movie_id": "10035"
  },
  {
    "review": "1989년도 작품이라니, 영화를 검색 하기 전까지 전혀 못 느꼈다. 정말 재미있다... 나도 모르게 영화에 빠져 들고 있었다.",
    "date": "14.12.22",
    "rating": "10",
    "author": "lhm7****",
    "review_id": "9502354",
    "movie_id": "10035"
  },
  {
    "review": "Kae Ggul Jam",
    "date": "14.12.22",
    "rating": "10",
    "author": "jjwj****",
    "review_id": "9501650",
    "movie_id": "10035"
  },
  {
    "review": "매년 주기적으로 봅니다",
    "date": "14.12.21",
    "rating": "10",
    "author": "smil****",
    "review_id": "9494807",
    "movie_id": "10035"
  },
  {
    "review": "초등학생 시절 가슴을 콩닥거리며 봤던 그 추억을 지울 수가 없어 다시 봤는데, 인디아나존스3는 정말 재미있다. 30이 되었는데 초딩으로 돌아간것처럼 아련하고 벅차고 흥미있게 봤다.",
    "date": "14.12.19",
    "rating": "10",
    "author": "rauv****",
    "review_id": "9488361",
    "movie_id": "10035"
  },
  {
    "review": "인디아나존스 너무 재밌어요.",
    "date": "14.12.04",
    "rating": "10",
    "author": "saro****",
    "review_id": "9446966",
    "movie_id": "10035"
  },
  {
    "review": "모험 영화의 교과서...",
    "date": "14.11.21",
    "rating": "10",
    "author": "adiv****",
    "review_id": "9408048",
    "movie_id": "10035"
  },
  {
    "review": "속편이 재미없다는 고정관념을 깨버린 영화. 3편이 가장 재밌이다. 특히 마지막에 말타고 4명이 석양아래서 달려가는 모습은 명장면이다.",
    "date": "14.11.15",
    "rating": "10",
    "author": "cj53****",
    "review_id": "9385490",
    "movie_id": "10035"
  },
  {
    "review": "성배가 빠질 수 없지...",
    "date": "14.10.26",
    "rating": "9",
    "author": "ykdi****",
    "review_id": "9318403",
    "movie_id": "10035"
  },
  {
    "review": "인디아나 존스 아버지/숀 코넬리의 등장은 시리즈에 있어 새로운 재미를 제공하고, 3편까지 왔지만 시리즈 특유의 액션과 모험의 이야기는 여전히 흥미롭다.",
    "date": "14.09.16",
    "rating": "8",
    "author": "zxc1****",
    "review_id": "9218270",
    "movie_id": "10035"
  },
  {
    "review": "인디아나 존스 시리즈 서열도 3 > 1 > 2 > 4  최후의 성전은 진짜 레전드 오브 레전드",
    "date": "14.09.03",
    "rating": "10",
    "author": "buki****",
    "review_id": "9158050",
    "movie_id": "10035"
  },
  {
    "review": "인디시리즈중  최고봉  10점이 아깝지않은 명작!!!!  5나왔으면좋겠음   4같이 만들면 욕해요 ㅎㅎ",
    "date": "14.08.19",
    "rating": "10",
    "author": "forc****",
    "review_id": "9109871",
    "movie_id": "10035"
  },
  {
    "review": "정말 재밌다..ㅋㅋ 설명이 필요없다",
    "date": "14.08.05",
    "rating": "9",
    "author": "ehwj****",
    "review_id": "9033779",
    "movie_id": "10035"
  },
  {
    "review": "10점 이외에 무슨 점수가 필요한가? 우리가 결코 잊을 수 없는 이 영화의 포인트는 . \"여배우\"",
    "date": "14.07.16",
    "rating": "10",
    "author": "elvp****",
    "review_id": "8921855",
    "movie_id": "10035"
  },
  {
    "review": "존스 부자의 대활약.. 인디아나 존스 시리즈는 계속된다..",
    "date": "14.07.13",
    "rating": "9",
    "author": "blue****",
    "review_id": "8912735",
    "movie_id": "10035"
  },
  {
    "review": "보물찾기 어드벤쳐 영화의 정수",
    "date": "14.07.08",
    "rating": "10",
    "author": "arti****",
    "review_id": "8896595",
    "movie_id": "10035"
  },
  {
    "review": "내인생 최고의 영화!!",
    "date": "14.07.02",
    "rating": "10",
    "author": "aosl****",
    "review_id": "8877178",
    "movie_id": "10035"
  },
  {
    "review": "시리즈 중 최고다. 다시는 이런 영화 나오지 못 할 듯",
    "date": "14.06.16",
    "rating": "10",
    "author": "huns****",
    "review_id": "8835413",
    "movie_id": "10035"
  },
  {
    "review": "솔직히 이 정도 평점은 심한디ㅋㅋ",
    "date": "14.06.15",
    "rating": "1",
    "author": "hang****",
    "review_id": "8830870",
    "movie_id": "10035"
  },
  {
    "review": "시리즈 중 최고의 작품!",
    "date": "14.06.06",
    "rating": "10",
    "author": "fghy****",
    "review_id": "8802539",
    "movie_id": "10035"
  },
  {
    "review": "인디아나존스 어드맨처영황중 최고",
    "date": "14.06.04",
    "rating": "10",
    "author": "v6we****",
    "review_id": "8796225",
    "movie_id": "10035"
  },
  {
    "review": "이거 보고 고고학자가 되고 싶어했던 어린시절이 있었지.",
    "date": "14.05.24",
    "rating": "10",
    "author": "4ang****",
    "review_id": "8760487",
    "movie_id": "10035"
  },
  {
    "review": "역시 인디아나존스는 최후의성전이 최고인듯",
    "date": "14.05.19",
    "rating": "10",
    "author": "ioi7****",
    "review_id": "8746492",
    "movie_id": "10035"
  },
  {
    "review": "속편이 갈수록 재밌어지다니~~다니다니다니",
    "date": "14.05.15",
    "rating": "10",
    "author": "cult****",
    "review_id": "8734624",
    "movie_id": "10035"
  },
  {
    "review": "존스 부자의 흐뭇한 멋진 모험극.시대를 잊게 만드는 뛰어난 작품성.",
    "date": "14.05.06",
    "rating": "10",
    "author": "cred****",
    "review_id": "8708202",
    "movie_id": "10035"
  },
  {
    "review": "언제나 봐도 꿀 재밌는 영화ㅎㅎ",
    "date": "14.04.17",
    "rating": "10",
    "author": "sksm****",
    "review_id": "8654645",
    "movie_id": "10035"
  },
  {
    "review": "스필버그가  007영화 두번 퇴자맞고 열받아서 최고007 숀코넬리를 출연시킴 화풀이로 출연자 소개를 맨밑에 했다는 썰이 있음 아직도 네이버에선 이작품만 출연자 소개가 안나오고  여기서도 주연급 조연인데 맨마지막에 소개됨.. 그냥잼있는썰이 있음",
    "date": "14.03.28",
    "rating": "10",
    "author": "id28****",
    "review_id": "8612346",
    "movie_id": "10035"
  },
  {
    "review": "언제봐도 꿈꾸게 만드는 영화",
    "date": "14.03.19",
    "rating": "9",
    "author": "jikm****",
    "review_id": "8586998",
    "movie_id": "10035"
  },
  {
    "review": "시리즈중 최고 재미있음.비슷한 영화로 미이라1.2",
    "date": "14.03.17",
    "rating": "10",
    "author": "a109****",
    "review_id": "8584356",
    "movie_id": "10035"
  },
  {
    "review": "어찌 세월이 흘러도 숀 코넬리는 멋지단 말인가",
    "date": "14.03.10",
    "rating": "8",
    "author": "pigo****",
    "review_id": "8566994",
    "movie_id": "10035"
  },
  {
    "review": "별 10개로도 모자라다. 해리슨 포드와 숀 코네리의 캐스팅은 역사상 최고의 캐스팅이라고 생각한다. 사실상 시리즈의 완성도를 결정하는 마지막 편이라고 봄",
    "date": "14.01.21",
    "rating": "10",
    "author": "dwko****",
    "review_id": "8406113",
    "movie_id": "10035"
  },
  {
    "review": "오늘 ocn에서 봤는데 최고임~",
    "date": "14.01.10",
    "rating": "10",
    "author": "0216****",
    "review_id": "8366990",
    "movie_id": "10035"
  },
  {
    "review": "이영화 시리즈  다 봤어요.시리즈 중에서 가장재미있어요",
    "date": "13.12.27",
    "rating": "10",
    "author": "tjd1****",
    "review_id": "8311436",
    "movie_id": "10035"
  },
  {
    "review": "안보면 후회할 영화다!",
    "date": "13.12.08",
    "rating": "9",
    "author": "zxvt****",
    "review_id": "8198283",
    "movie_id": "10035"
  },
  {
    "review": "러닝타임 내내 몰입도가 죽여준다. 마지막 3개의 관문을 돌파하는 씬은 정말 인상적이며, 석양을 향해 말을 타고 달리는 엔딩은 역대 최고의 마무리라고 할 만하다.",
    "date": "13.11.16",
    "rating": "10",
    "author": "wlgh****",
    "review_id": "8142509",
    "movie_id": "10035"
  },
  {
    "review": "볼게 여러가지로 있는 영화",
    "date": "13.11.13",
    "rating": "10",
    "author": "534k****",
    "review_id": "8135790",
    "movie_id": "10035"
  },
  {
    "review": "너무 재밌네요.ㅋㅋ 정말 잘 만들었음.ㅋㅋ",
    "date": "13.11.07",
    "rating": "10",
    "author": "xeww****",
    "review_id": "8120742",
    "movie_id": "10035"
  },
  {
    "review": "재밌어요 꼭보세요 인디아나 존스",
    "date": "13.11.01",
    "rating": "8",
    "author": "alsx****",
    "review_id": "8107770",
    "movie_id": "10035"
  },
  {
    "review": "재미있고 주는 교훈도 있고 화면구성도 세련된 모험물의 명작",
    "date": "13.08.25",
    "rating": "9",
    "author": "nost****",
    "review_id": "7920122",
    "movie_id": "10035"
  },
  {
    "review": "인디아나 존스 최고의 시리즈. 숀 코너리의 역할이 아주 좋았다.",
    "date": "13.08.16",
    "rating": "10",
    "author": "brin****",
    "review_id": "7889351",
    "movie_id": "10035"
  },
  {
    "review": "여자박사의 박쥐같은 역할이 아쉽다",
    "date": "13.08.10",
    "rating": "1",
    "author": "mara****",
    "review_id": "7864116",
    "movie_id": "10035"
  },
  {
    "review": "인디아나 존스 시리즈는 이것으로 완결했어야..",
    "date": "13.08.04",
    "rating": "9",
    "author": "pont****",
    "review_id": "7833322",
    "movie_id": "10035"
  },
  {
    "review": "시리즈중 제일 제밌지 않나싶네용~",
    "date": "13.07.29",
    "rating": "10",
    "author": "goge****",
    "review_id": "7798512",
    "movie_id": "10035"
  },
  {
    "review": "정말 재미있게 잘 즐겨 봤재내가 제일 좋아하는 시리즈 영화제사랑한다잉 ㅎㅎ",
    "date": "13.07.25",
    "rating": "10",
    "author": "yyho****",
    "review_id": "7782580",
    "movie_id": "10035"
  },
  {
    "review": "정말... 지금 봐도 재밌습니다.. 극장에서 보고 싶다... ㅠ_ㅠ",
    "date": "13.06.25",
    "rating": "10",
    "author": "kime****",
    "review_id": "7678261",
    "movie_id": "10035"
  },
  {
    "review": "[아카데미]1990년62회 음향효과1개부문수상작.4편까지제작되었고4편은욕을많이먹고있다.스티븐스필버그감독이메가폰을잡았고1,2,3편다고고유물에대해어드벤쳐영화이고3편은필자가초등학생때본기억이나고그후에한번더봤었다.마지막에함정이있는알파벳숫자에점프하는장면이생각난다",
    "date": "13.04.16",
    "rating": "10",
    "author": "new7****",
    "review_id": "7462537",
    "movie_id": "10035"
  },
  {
    "review": "도대체 그 어떤 부연 설명이 필요하단 말인가??^^",
    "date": "13.03.02",
    "rating": "10",
    "author": "spar****",
    "review_id": "7317141",
    "movie_id": "10035"
  },
  {
    "review": "웃음,미소,뭉클함이 가득 인디아나존스시리즈중 단연  최고!!!!!",
    "date": "13.02.18",
    "rating": "10",
    "author": "haoz****",
    "review_id": "7279732",
    "movie_id": "10035"
  },
  {
    "review": "흥미로운 모험 이야기",
    "date": "13.02.07",
    "rating": "8",
    "author": "qjat****",
    "review_id": "7235011",
    "movie_id": "10035"
  },
  {
    "review": "이게 인디아나존스 시리즈 중 진리지!!!",
    "date": "13.02.03",
    "rating": "10",
    "author": "igel****",
    "review_id": "7220485",
    "movie_id": "10035"
  },
  {
    "review": "재밌음!!",
    "date": "13.01.30",
    "rating": "10",
    "author": "ches****",
    "review_id": "7196863",
    "movie_id": "10035"
  },
  {
    "review": "어린시절 내 모험영화에 시작",
    "date": "13.01.15",
    "rating": "10",
    "author": "nike****",
    "review_id": "7119990",
    "movie_id": "10035"
  },
  {
    "review": "꽤 볼만한 영화였다.",
    "date": "12.12.31",
    "rating": "9",
    "author": "oh95****",
    "review_id": "7068932",
    "movie_id": "10035"
  },
  {
    "review": "모험영화라서  이국적 볼거리가 많은",
    "date": "12.12.31",
    "rating": "9",
    "author": "joju****",
    "review_id": "7068310",
    "movie_id": "10035"
  },
  {
    "review": "지금봐도 재미있다. 분위기가 좀 썰렁한게 흠이지만...",
    "date": "12.12.20",
    "rating": "8",
    "author": "virt****",
    "review_id": "7021057",
    "movie_id": "10035"
  },
  {
    "review": "악의 손으로부터 신성한 고대의 힘을 지켜내려는 그의 모험은 계속된다. 인디아나 존스",
    "date": "12.12.02",
    "rating": "9",
    "author": "hana****",
    "review_id": "6962477",
    "movie_id": "10035"
  },
  {
    "review": "2,3 편은 정말 최고임",
    "date": "12.11.24",
    "rating": "9",
    "author": "cesa****",
    "review_id": "6919821",
    "movie_id": "10035"
  },
  {
    "review": "시리즈 중 코믹 요소가  가장 많이 들어간 것 같다. 적절하게 잘.  오랜만에 봤더니 재미있네~  숀 코너리 잘 나왔다.",
    "date": "12.11.19",
    "rating": "8",
    "author": "mggw****",
    "review_id": "6904809",
    "movie_id": "10035"
  },
  {
    "review": "재밋다",
    "date": "12.10.20",
    "rating": "10",
    "author": "hist****",
    "review_id": "6815749",
    "movie_id": "10035"
  },
  {
    "review": "이런 영화 다시는 안 나올 듯.",
    "date": "12.09.22",
    "rating": "10",
    "author": "fgd0****",
    "review_id": "6720108",
    "movie_id": "10035"
  },
  {
    "review": "스토리도 괜찮다. 스타워즈와 마찬가지로 재미있는 만화영화를 본다는 생각으로 본다면 최고의 결과를 얻을 수 있을 것이다. 인디아나 존스를 보면서 행위의 합리성 스토리의 논리성을 들먹인다면 마치 교회 가서 불경 외는 격이다. 시리즈 중 최고의 작품.",
    "date": "12.08.09",
    "rating": "9",
    "author": "ksk8****",
    "review_id": "6587026",
    "movie_id": "10035"
  },
  {
    "review": "89년도작 ㄷ.ㄷ",
    "date": "12.07.12",
    "rating": "10",
    "author": "sob7****",
    "review_id": "6473097",
    "movie_id": "10035"
  },
  {
    "review": "봐버렸어.. 전설의영화를....",
    "date": "12.07.06",
    "rating": "10",
    "author": "leej****",
    "review_id": "6448962",
    "movie_id": "10035"
  },
  {
    "review": "숀코네리와 해리슨 포드의 개그 콤비에다가 조연들이 잘해줬음.",
    "date": "12.06.24",
    "rating": "10",
    "author": "ikhw****",
    "review_id": "6413920",
    "movie_id": "10035"
  },
  {
    "review": "말이 필요없다. 최고의 영화.",
    "date": "12.06.19",
    "rating": "10",
    "author": "guru****",
    "review_id": "6402387",
    "movie_id": "10035"
  },
  {
    "review": "전작보다 나은 몇 안되는 속편.",
    "date": "12.05.24",
    "rating": "6",
    "author": "claz****",
    "review_id": "6328066",
    "movie_id": "10035"
  },
  {
    "review": "모험을 좋아하는사람이라면꼭 봐야한다. 이것을 보면 모험을 떠나고 싶을 것이다.",
    "date": "12.05.07",
    "rating": "10",
    "author": "dale****",
    "review_id": "6281008",
    "movie_id": "10035"
  },
  {
    "review": "중학교때 주말에 티비로 정말 재밌게 본 영화 오프닝과 엔딩이 잊혀지질 않는다~",
    "date": "12.04.08",
    "rating": "9",
    "author": "meha****",
    "review_id": "6201600",
    "movie_id": "10035"
  },
  {
    "review": "개인적으로 1234편중에 최고였다. let it go indi ←이말은 진짜 잊지 못할듯..",
    "date": "12.04.06",
    "rating": "10",
    "author": "rudt****",
    "review_id": "6197548",
    "movie_id": "10035"
  },
  {
    "review": "지금보니 별루...",
    "date": "12.02.26",
    "rating": "5",
    "author": "dbzh****",
    "review_id": "6104812",
    "movie_id": "10035"
  },
  {
    "review": "3편을 제일 재밌게 봤음! 숀코네리 너무 귀엽네요 ㅋㅋ",
    "date": "12.02.25",
    "rating": "8",
    "author": "pret****",
    "review_id": "6103044",
    "movie_id": "10035"
  },
  {
    "review": "두 명배우의  찰떡궁합연기",
    "date": "12.02.12",
    "rating": "8",
    "author": "milk****",
    "review_id": "6069118",
    "movie_id": "10035"
  },
  {
    "review": "굳ㅋ",
    "date": "12.02.04",
    "rating": "10",
    "author": "leeh****",
    "review_id": "6051979",
    "movie_id": "10035"
  },
  {
    "review": "신나는 모험 람보를 능가하는 탱크씬!",
    "date": "12.02.04",
    "rating": "10",
    "author": "kut0****",
    "review_id": "6049753",
    "movie_id": "10035"
  },
  {
    "review": "인디아나존스 시리즈의 결정판. 23년이 지나도 가슴이 뭉클! 제 생애의 최고의 영화",
    "date": "12.02.03",
    "rating": "10",
    "author": "sada****",
    "review_id": "6047688",
    "movie_id": "10035"
  },
  {
    "review": "완전재밌음",
    "date": "12.01.20",
    "rating": "10",
    "author": "lami****",
    "review_id": "6001903",
    "movie_id": "10035"
  },
  {
    "review": "굿!",
    "date": "12.01.16",
    "rating": "10",
    "author": "hdh0****",
    "review_id": "5991756",
    "movie_id": "10035"
  },
  {
    "review": "최고",
    "date": "12.01.13",
    "rating": "10",
    "author": "hjhu****",
    "review_id": "5983962",
    "movie_id": "10035"
  },
  {
    "review": "마지막 말타기 장면 뭉클~ㅜ",
    "date": "11.12.28",
    "rating": "10",
    "author": "rlaw****",
    "review_id": "5941576",
    "movie_id": "10035"
  },
  {
    "review": "인디아나 시리즈중 최고의 작품 !!!",
    "date": "11.12.22",
    "rating": "10",
    "author": "efes****",
    "review_id": "5923029",
    "movie_id": "10035"
  },
  {
    "review": "인디아나존스 시리즈의 최고봉은 3편.. 그냥 말이 필요없음",
    "date": "11.12.11",
    "rating": "10",
    "author": "cha1****",
    "review_id": "5900553",
    "movie_id": "10035"
  },
  {
    "review": "그냥 최고엿음",
    "date": "11.11.20",
    "rating": "10",
    "author": "caps****",
    "review_id": "5860354",
    "movie_id": "10035"
  }
]