[
  {
    "review": "오락의 극치는 예술로 통한다는걸 제대로 보여준 액션 어드벤처 장르의  걸작중의 걸작.",
    "date": "15.08.22",
    "rating": "10",
    "author": "dnff****",
    "review_id": "10262775",
    "movie_id": "10033"
  },
  {
    "review": "우리가 감히 어떻게 이 영화를 평가할 수 있겠는가. 레이더스는 전세계를 대표하는 오락영화이다.",
    "date": "15.07.27",
    "rating": "10",
    "author": "dela****",
    "review_id": "10149676",
    "movie_id": "10033"
  },
  {
    "review": "솔직히 인디아나존스 시리즈는 다 명작인듯",
    "date": "15.07.20",
    "rating": "9",
    "author": "kenn****",
    "review_id": "10123864",
    "movie_id": "10033"
  },
  {
    "review": "모험의 끝판왕 상당히 재미 있었다.",
    "date": "15.07.05",
    "rating": "10",
    "author": "pc59****",
    "review_id": "10073577",
    "movie_id": "10033"
  },
  {
    "review": "10대 때 보고.20대 때 보고, 30대 때 보고.이제 40대 때 또보고. 정말 명작.중의 명작. top of top은 lost of ark.",
    "date": "15.06.30",
    "rating": "10",
    "author": "dewh****",
    "review_id": "10054004",
    "movie_id": "10033"
  },
  {
    "review": "내가 제일좋아하는 영화중 하나",
    "date": "15.06.11",
    "rating": "10",
    "author": "dohu****",
    "review_id": "9989029",
    "movie_id": "10033"
  },
  {
    "review": "어드벤처 장르의 개척자",
    "date": "15.05.25",
    "rating": "8",
    "author": "rcan****",
    "review_id": "9947837",
    "movie_id": "10033"
  },
  {
    "review": "당시에는 명작이었겠지만 지금 보기에는 조금은 어설프고 지루하다. 2015년이 돼서야 이 영화를 본 게 내 실수다. 좀 더 일찍 봤어야 했는데...",
    "date": "15.04.29",
    "rating": "6",
    "author": "ajtw****",
    "review_id": "9878676",
    "movie_id": "10033"
  },
  {
    "review": "30년이 넘은 영화다 정말 소름끼치지 않는가??",
    "date": "15.04.03",
    "rating": "10",
    "author": "ske4****",
    "review_id": "9823998",
    "movie_id": "10033"
  },
  {
    "review": "전설의 시작이라고 해야할듯...",
    "date": "15.02.24",
    "rating": "10",
    "author": "nala****",
    "review_id": "9734614",
    "movie_id": "10033"
  },
  {
    "review": "분명히 위대한영화인건 맞는데 지금보기에도 최고라고느껴지기엔 역부족",
    "date": "15.02.19",
    "rating": "8",
    "author": "hajr****",
    "review_id": "9713552",
    "movie_id": "10033"
  },
  {
    "review": "아날로그 시대의 모험물 이정표",
    "date": "15.01.09",
    "rating": "7",
    "author": "goms****",
    "review_id": "9576586",
    "movie_id": "10033"
  },
  {
    "review": "충분히 존경받을 영화이긴하다. 가히 성궤의 위력이란..ㄷㄷ",
    "date": "14.12.25",
    "rating": "10",
    "author": "jonh****",
    "review_id": "9513265",
    "movie_id": "10033"
  },
  {
    "review": "어릴적 수십번 돌려본 영화. 추억이 깃든 영화. 하지만 무려 3~40년 전 영화라 현재 시점에서 평가했을 때  상당히 오글거리는 장면이 다수 포함 되어 있다... 냉정한 평가를 했을 때 제 점수는...",
    "date": "14.12.23",
    "rating": "9",
    "author": "sh87****",
    "review_id": "9503819",
    "movie_id": "10033"
  },
  {
    "review": "솔직히 아직도 모험 영화하면 인디아나 존스가 최고로 인정받음. 그다음이 미이라인가?",
    "date": "14.12.21",
    "rating": "10",
    "author": "igel****",
    "review_id": "9499030",
    "movie_id": "10033"
  },
  {
    "review": "백인우월주의 도굴꾼을 미화시킨 영화라 생각함.. 명작이지만 수단이 잘못됨",
    "date": "14.11.27",
    "rating": "3",
    "author": "dhtj****",
    "review_id": "9427700",
    "movie_id": "10033"
  },
  {
    "review": "최고의 어드벤처영화에게 무슨말이 필요할까",
    "date": "14.11.15",
    "rating": "10",
    "author": "cj53****",
    "review_id": "9385476",
    "movie_id": "10033"
  },
  {
    "review": "악당들이 항상 끔살당하는게 좀 아쉽지만 그래도 재미있는 영화인듯",
    "date": "14.11.07",
    "rating": "10",
    "author": "ndho****",
    "review_id": "9351343",
    "movie_id": "10033"
  },
  {
    "review": "어릴때 보고 아직도 잊혀지지 않는 성괴의 개봉장면",
    "date": "14.10.25",
    "rating": "9",
    "author": "adiv****",
    "review_id": "9314390",
    "movie_id": "10033"
  },
  {
    "review": "허무 맹랑하지만 레전드!",
    "date": "14.10.22",
    "rating": "9",
    "author": "ykdi****",
    "review_id": "9308394",
    "movie_id": "10033"
  },
  {
    "review": "처음부터 끝까지 가득한 액션/모험 장면은 지금 봐도 흥미진진하고 스릴 넘치며 잘 만들어졌고, 영화사에 길이 남을 캐릭터인 인디아나 존스/해리슨 포드는 강렬한 존재감을 남긴다.",
    "date": "14.09.16",
    "rating": "8",
    "author": "zxc1****",
    "review_id": "9218268",
    "movie_id": "10033"
  },
  {
    "review": "설명이 필요없는 명작 ... 그런데 얼마전 미드에서 \"해리슨 포드가 아무것도 하지 않았어도 독일군인들은 다 죽었다. 해리슨포드덕분에 더 늦게 죽게된것이다.\"라는 말을 듣고 곰곰히 생각해보니 -_-) 그건 그런듯 ..",
    "date": "14.08.27",
    "rating": "10",
    "author": "djfi****",
    "review_id": "9138057",
    "movie_id": "10033"
  },
  {
    "review": "지금봐서는 그렇게 재밌는 거 모르겠다만, 영화사에 한 획을 그은 영화라고 하니 존경의 표시로 9점",
    "date": "14.08.19",
    "rating": "9",
    "author": "imsw****",
    "review_id": "9110097",
    "movie_id": "10033"
  },
  {
    "review": "영화계의 전설이 된 작품",
    "date": "14.08.04",
    "rating": "10",
    "author": "glco****",
    "review_id": "9027332",
    "movie_id": "10033"
  },
  {
    "review": "역시 재밌다. 다소 어색한 부분은 있지만 이 정도면 수준급!",
    "date": "14.08.03",
    "rating": "7",
    "author": "ehwj****",
    "review_id": "9020663",
    "movie_id": "10033"
  },
  {
    "review": "옛날시대영화지만, 영웅 어드벤처 영화 중에서 짱인 것 같다!!내나이 13이지만 정말 인상깊다.",
    "date": "14.08.02",
    "rating": "10",
    "author": "suyo****",
    "review_id": "9007030",
    "movie_id": "10033"
  },
  {
    "review": "평점이 너무 과하지않나 싶습니다....",
    "date": "14.07.29",
    "rating": "1",
    "author": "qwer****",
    "review_id": "8979254",
    "movie_id": "10033"
  },
  {
    "review": "판타지 도굴꾼 스토리..",
    "date": "14.07.27",
    "rating": "5",
    "author": "niv9****",
    "review_id": "8967246",
    "movie_id": "10033"
  },
  {
    "review": "어릴 때 본 영화.. 지금봐도 명작이다",
    "date": "14.07.18",
    "rating": "10",
    "author": "rhod****",
    "review_id": "8926349",
    "movie_id": "10033"
  },
  {
    "review": "이 정도 평점받기엔... 조금 그렇지 않나 하는생각이...",
    "date": "14.06.17",
    "rating": "1",
    "author": "hang****",
    "review_id": "8837165",
    "movie_id": "10033"
  },
  {
    "review": "80년대 영화 맞나 싶을 정도",
    "date": "14.06.12",
    "rating": "10",
    "author": "huns****",
    "review_id": "8824914",
    "movie_id": "10033"
  },
  {
    "review": "어드벤처영황의 최고봉입니다",
    "date": "14.06.04",
    "rating": "10",
    "author": "v6we****",
    "review_id": "8796242",
    "movie_id": "10033"
  },
  {
    "review": "이 영화가 82년도 영화라니... 말도안되는 영화다~",
    "date": "14.05.31",
    "rating": "10",
    "author": "rode****",
    "review_id": "8779740",
    "movie_id": "10033"
  },
  {
    "review": "스티븐 스필버그는 천재다",
    "date": "14.05.15",
    "rating": "10",
    "author": "cult****",
    "review_id": "8734605",
    "movie_id": "10033"
  },
  {
    "review": "인디아니존스의 서막을 알리다",
    "date": "14.05.05",
    "rating": "9",
    "author": "cred****",
    "review_id": "8707483",
    "movie_id": "10033"
  },
  {
    "review": "평점이 너무 낫다 9.2정도는 당연히 가야하는 영화다. 이렇게 재밋는 영화 찾아보기 힘들다",
    "date": "14.03.31",
    "rating": "10",
    "author": "mrju****",
    "review_id": "8621174",
    "movie_id": "10033"
  },
  {
    "review": "명작..1981년 내가 태어나기도 전에 만들어진 영화를 이제야 보게되었다 해리슨 포드의 인디애나 존스  시간가는 줄 몰랐다",
    "date": "14.03.24",
    "rating": "10",
    "author": "jin3****",
    "review_id": "8602383",
    "movie_id": "10033"
  },
  {
    "review": "모험 영화의 교과서 기술이 발전햇는데도 이젠 이만한 영화를 찾아 볼수가 없다.",
    "date": "14.03.12",
    "rating": "8",
    "author": "ghzm****",
    "review_id": "8569839",
    "movie_id": "10033"
  },
  {
    "review": "과거의 향수가 주는 설레임",
    "date": "14.03.09",
    "rating": "8",
    "author": "pigo****",
    "review_id": "8565853",
    "movie_id": "10033"
  },
  {
    "review": "정말 개꿀잼이네영^^",
    "date": "14.02.06",
    "rating": "10",
    "author": "rlas****",
    "review_id": "8481684",
    "movie_id": "10033"
  },
  {
    "review": "이런 영화는 몇 점을 줘야 할까.",
    "date": "14.02.03",
    "rating": "1",
    "author": "whtj****",
    "review_id": "8471905",
    "movie_id": "10033"
  },
  {
    "review": "그 시절엔 참 재미있었는데 지금보니 그 시절 만큼은 아닌듯 싶다.",
    "date": "14.01.26",
    "rating": "9",
    "author": "a109****",
    "review_id": "8429024",
    "movie_id": "10033"
  },
  {
    "review": "액션솰아있내!!!!쵝오~~~",
    "date": "14.01.22",
    "rating": "10",
    "author": "tjd1****",
    "review_id": "8411133",
    "movie_id": "10033"
  },
  {
    "review": "재밌다. 스릴 넘치고 완급 조절 좋고.",
    "date": "14.01.11",
    "rating": "9",
    "author": "aren****",
    "review_id": "8371235",
    "movie_id": "10033"
  },
  {
    "review": "빅뱅이론 보고 안 사실. 영화에서 인디아나가 있으나 없으나 결론은 같다. 어찌됬건 나치는 상자를 열것이고 어차피 죽게되있다. 모든게 헛수고 헛소동이었다는....ㅠㅠ추억이 깨지는 참혹한 분석이다...ㅠㅠ",
    "date": "13.12.26",
    "rating": "9",
    "author": "hwee****",
    "review_id": "8308222",
    "movie_id": "10033"
  },
  {
    "review": "우리가 흔히 알고 있는 인디아나존스1편 안보면 후회할 영화임!",
    "date": "13.12.07",
    "rating": "9",
    "author": "zxvt****",
    "review_id": "8197512",
    "movie_id": "10033"
  },
  {
    "review": "재밌는데 너무 뻔한전개",
    "date": "13.11.24",
    "rating": "6",
    "author": "noom****",
    "review_id": "8164219",
    "movie_id": "10033"
  },
  {
    "review": "역시 명불허전 스티븐 스필버그다",
    "date": "13.11.13",
    "rating": "10",
    "author": "534k****",
    "review_id": "8135787",
    "movie_id": "10033"
  },
  {
    "review": "이 영화를 누가 싫어하겠노 이 영화 완벽했다",
    "date": "13.11.11",
    "rating": "10",
    "author": "buti****",
    "review_id": "8131755",
    "movie_id": "10033"
  },
  {
    "review": "어드벤처영화의 교과서. 30년 넘게지난 지금 봐도 전혀 촌스럽지 않다.",
    "date": "13.11.08",
    "rating": "8",
    "author": "wlgh****",
    "review_id": "8123132",
    "movie_id": "10033"
  },
  {
    "review": "재밌다만뭔가부족함",
    "date": "13.09.04",
    "rating": "7",
    "author": "miah****",
    "review_id": "7947422",
    "movie_id": "10033"
  },
  {
    "review": "영화계의 거장 스티븐 스필버그와 조지 루카스,  명배우 해리슨 포드까지 완벽한 라인이다! 이들의 조합은 금세기 최고의 어드벤쳐 영화를 만들어냈으며, 레이더스로부터 출발한 인디아나 존스 시리즈는 지금까지도 모험 장르의 시초이자 교과서로 알려져 있다.",
    "date": "13.08.29",
    "rating": "10",
    "author": "mkp2****",
    "review_id": "7933204",
    "movie_id": "10033"
  },
  {
    "review": "간만에 봤는데 잼나다. 역시 스필버그",
    "date": "13.08.22",
    "rating": "9",
    "author": "choc****",
    "review_id": "7911979",
    "movie_id": "10033"
  },
  {
    "review": "레전드 레전드 레전드~~",
    "date": "13.08.11",
    "rating": "9",
    "author": "cray****",
    "review_id": "7869513",
    "movie_id": "10033"
  },
  {
    "review": "우스꽝스러운 싸움씬",
    "date": "13.08.08",
    "rating": "1",
    "author": "mara****",
    "review_id": "7857878",
    "movie_id": "10033"
  },
  {
    "review": "어드벤처 영화의 레전드아이가내 생애 최고의 영화중에 한작품이제대작이고 억수록 흥미진진 쾌감 지르마스릴 풀고 재미있게 즐겨 봤다이",
    "date": "13.07.24",
    "rating": "10",
    "author": "yyho****",
    "review_id": "7779959",
    "movie_id": "10033"
  },
  {
    "review": "모험과 로맨스는 찰떡궁합!",
    "date": "13.07.21",
    "rating": "8",
    "author": "rygh****",
    "review_id": "7772393",
    "movie_id": "10033"
  },
  {
    "review": "80년 당시에는 최고였을 명작 어드벤쳐 영화. 30년이 지난 지금도 지루한 것 없이 여전히 재밌다.",
    "date": "13.07.21",
    "rating": "9",
    "author": "floo****",
    "review_id": "7771746",
    "movie_id": "10033"
  },
  {
    "review": "지금보면 조금 유치한 cg이지만 재미는 현재에도 통하는영화",
    "date": "13.07.18",
    "rating": "8",
    "author": "qkrt****",
    "review_id": "7756048",
    "movie_id": "10033"
  },
  {
    "review": "명불허전",
    "date": "13.06.06",
    "rating": "10",
    "author": "rkdm****",
    "review_id": "7592946",
    "movie_id": "10033"
  },
  {
    "review": "어드벤쳐 액션이 이 정도는 돼야..",
    "date": "13.06.03",
    "rating": "9",
    "author": "pont****",
    "review_id": "7574282",
    "movie_id": "10033"
  },
  {
    "review": "1982년...시대적 배경을 고려한다면 정말 어메이징한 영화...모험과 액션하면 딱 이 영화가 생각날것이다. 어떻게 이런 스토리를 82년에 요즘 엉터리 cg처리보다 훨낫다",
    "date": "13.05.15",
    "rating": "10",
    "author": "crea****",
    "review_id": "7529651",
    "movie_id": "10033"
  },
  {
    "review": "긴장감속에서도 웃음을 찾을수있는영화.해리슨포드의 연기와 모험을즐길수있는 최고의  영화가아닌가싶다.",
    "date": "13.05.11",
    "rating": "10",
    "author": "bbm1****",
    "review_id": "7521590",
    "movie_id": "10033"
  },
  {
    "review": "스필버그는 영화를 가장 영화답게 만드는 감독이다. 수 많은 감독이 머릿속에서는 블록버스터의 재미의 법칙을 알지만 그것을 가장 잘 구현해내는 것은 스필버그이다.",
    "date": "13.05.05",
    "rating": "10",
    "author": "jys4****",
    "review_id": "7510354",
    "movie_id": "10033"
  },
  {
    "review": "2006년쯤에 처음 봤는데 웬만한 90년대, 2000년대 모험액션영화들보다 훨씬 재밌게 봤음. 지금도 마찬가지고.",
    "date": "13.03.18",
    "rating": "9",
    "author": "pta_****",
    "review_id": "7361304",
    "movie_id": "10033"
  },
  {
    "review": "재밋음",
    "date": "13.03.10",
    "rating": "10",
    "author": "emin****",
    "review_id": "7337525",
    "movie_id": "10033"
  },
  {
    "review": "탐험 여행 오락영화의 대표작 인디애나 존스 시리즈 시작! 이 시작하나가 영화사에 한 획을 긋다..",
    "date": "13.03.02",
    "rating": "10",
    "author": "spar****",
    "review_id": "7317146",
    "movie_id": "10033"
  },
  {
    "review": "너무 흥미진진~",
    "date": "13.02.20",
    "rating": "10",
    "author": "tjbe****",
    "review_id": "7284271",
    "movie_id": "10033"
  },
  {
    "review": "재밌다",
    "date": "13.02.10",
    "rating": "8",
    "author": "rjsw****",
    "review_id": "7248256",
    "movie_id": "10033"
  },
  {
    "review": "재밌음!!",
    "date": "13.01.30",
    "rating": "10",
    "author": "ches****",
    "review_id": "7196851",
    "movie_id": "10033"
  },
  {
    "review": "지금 보기엔 좀 무리가 있다.",
    "date": "13.01.30",
    "rating": "6",
    "author": "46to****",
    "review_id": "7194923",
    "movie_id": "10033"
  },
  {
    "review": "전설의 어드벤처 영화",
    "date": "13.01.27",
    "rating": "8",
    "author": "thel****",
    "review_id": "7185626",
    "movie_id": "10033"
  },
  {
    "review": "해리슨포드 지금이랑 다를게없음",
    "date": "13.01.27",
    "rating": "10",
    "author": "cj91****",
    "review_id": "7185352",
    "movie_id": "10033"
  },
  {
    "review": "해리슨포드 젊었을때 모습 지존멋짐",
    "date": "13.01.17",
    "rating": "10",
    "author": "sunn****",
    "review_id": "7124937",
    "movie_id": "10033"
  },
  {
    "review": "옛날 영화라서 그런지 어색한 부분도 보였는데 그럼에도 불구하고 정말 재미있게 봤다. 또 보고 싶을 정도로...",
    "date": "13.01.12",
    "rating": "9",
    "author": "bamt****",
    "review_id": "7104743",
    "movie_id": "10033"
  },
  {
    "review": "짱",
    "date": "13.01.11",
    "rating": "10",
    "author": "ekij****",
    "review_id": "7103087",
    "movie_id": "10033"
  },
  {
    "review": "대박 걸작이다",
    "date": "13.01.05",
    "rating": "10",
    "author": "jhh1****",
    "review_id": "7084479",
    "movie_id": "10033"
  },
  {
    "review": "누가 뭐라하든간에. 이 영화는 어쩔수없는 명작이다.",
    "date": "13.01.01",
    "rating": "10",
    "author": "cksg****",
    "review_id": "7071046",
    "movie_id": "10033"
  },
  {
    "review": "30년이 지났지만 굉장하다.",
    "date": "12.12.26",
    "rating": "10",
    "author": "ceyh****",
    "review_id": "7047748",
    "movie_id": "10033"
  },
  {
    "review": "ㅡ",
    "date": "12.12.10",
    "rating": "10",
    "author": "joow****",
    "review_id": "6991919",
    "movie_id": "10033"
  },
  {
    "review": "굳. 말이 필요없음",
    "date": "12.12.05",
    "rating": "10",
    "author": "thx1****",
    "review_id": "6976066",
    "movie_id": "10033"
  },
  {
    "review": "스필버그야 돌아와라 이때의 연출력을 다시 보여줘 플리즈",
    "date": "12.12.04",
    "rating": "10",
    "author": "snow****",
    "review_id": "6972051",
    "movie_id": "10033"
  },
  {
    "review": "악의 손으로부터 신성한 고대의 힘을 지켜내려는 그의 모험은 계속된다",
    "date": "12.12.02",
    "rating": "10",
    "author": "hana****",
    "review_id": "6962452",
    "movie_id": "10033"
  },
  {
    "review": "?",
    "date": "12.12.02",
    "rating": "10",
    "author": "icec****",
    "review_id": "6959675",
    "movie_id": "10033"
  },
  {
    "review": "개봉했을 때 학교에서 단체로 갔던 추억이 솔솔...  시리즈 중에 최고.  참 잘만들엇죠",
    "date": "12.11.24",
    "rating": "9",
    "author": "mggw****",
    "review_id": "6919379",
    "movie_id": "10033"
  },
  {
    "review": "어드벤쳐 영화의 아버지. 마치 내가 모험을 하는 기분",
    "date": "12.11.16",
    "rating": "9",
    "author": "soqu****",
    "review_id": "6893863",
    "movie_id": "10033"
  },
  {
    "review": "재밌네요.",
    "date": "12.10.13",
    "rating": "10",
    "author": "gst3****",
    "review_id": "6794994",
    "movie_id": "10033"
  },
  {
    "review": "경쾌한 음악과 함께 모험의 세계로 안내해주는 영화..",
    "date": "12.09.11",
    "rating": "9",
    "author": "blue****",
    "review_id": "6688366",
    "movie_id": "10033"
  },
  {
    "review": "스필버그다운 유쾌한 모험영화",
    "date": "12.08.16",
    "rating": "10",
    "author": "milk****",
    "review_id": "6612835",
    "movie_id": "10033"
  },
  {
    "review": "어드벤쳐물의 최고봉. 전설의 시작.",
    "date": "12.06.26",
    "rating": "10",
    "author": "dlwl****",
    "review_id": "6416669",
    "movie_id": "10033"
  },
  {
    "review": "계속되는 스릴을 즐기는 편이 아니라 좀 지치지만 재미는 있다. 포드는...멋있다.",
    "date": "12.06.19",
    "rating": "8",
    "author": "jhzm****",
    "review_id": "6401940",
    "movie_id": "10033"
  },
  {
    "review": "오프닝은 좋았는데.",
    "date": "12.05.22",
    "rating": "5",
    "author": "claz****",
    "review_id": "6320447",
    "movie_id": "10033"
  },
  {
    "review": "일부 배역의 발연기 빼고는 볼만하다. 그 시대치고는",
    "date": "12.04.01",
    "rating": "9",
    "author": "psyc****",
    "review_id": "6185862",
    "movie_id": "10033"
  },
  {
    "review": "지금보니 별루",
    "date": "12.02.25",
    "rating": "5",
    "author": "dbzh****",
    "review_id": "6104160",
    "movie_id": "10033"
  },
  {
    "review": "역시 액션어드벤처의 전설이다.",
    "date": "12.02.16",
    "rating": "10",
    "author": "tkk4****",
    "review_id": "6079727",
    "movie_id": "10033"
  },
  {
    "review": "모험영화의 교과서",
    "date": "12.02.11",
    "rating": "8",
    "author": "milk****",
    "review_id": "6067471",
    "movie_id": "10033"
  },
  {
    "review": "역시 최고다.",
    "date": "12.01.12",
    "rating": "10",
    "author": "hdh0****",
    "review_id": "5979685",
    "movie_id": "10033"
  },
  {
    "review": "시작이 별로라고??? 이게 시리즈중 최곤데?!!",
    "date": "12.01.06",
    "rating": "10",
    "author": "loop****",
    "review_id": "5964296",
    "movie_id": "10033"
  },
  {
    "review": "최고의 시리즈의 시작 하지만 시작은 별로였다.",
    "date": "11.12.11",
    "rating": "6",
    "author": "cha1****",
    "review_id": "5900545",
    "movie_id": "10033"
  },
  {
    "review": "스티븐 스필버그와 조지 루카스의 대단한 합작품",
    "date": "11.11.29",
    "rating": "9",
    "author": "foun****",
    "review_id": "5877142",
    "movie_id": "10033"
  }
]