[
  {
    "review": "지극히 사실적이고 잔혹하다. 전쟁영화는 이래야한다는 것을 보여주는 영화. 전쟁의 잔혹성 그리고  우정 , 공산주의의 허무함 , 하나의 영화안에 모든것을 담았다. 요즘은 이런영화가 없어서 아쉽다.",
    "date": "15.06.21",
    "rating": "9",
    "author": "wnwo****",
    "review_id": "10018857",
    "movie_id": "10045"
  },
  {
    "review": "마지막  이매진이 끝나고 나오는 음악! 찾아봤다. <마이크 올드필드/ 에튜드>라고 합디다. 영화를 보면서 또 끝나고도 심숭생숭한 맘이. 이 흐르는 음악에 쓸려갑디다. 와.음악이란건참대단한거구나! *얼마전캄보디아를다녀오고 일부러이영활찾아보게되었네요.참.",
    "date": "15.02.11",
    "rating": "9",
    "author": "ucfi****",
    "review_id": "9686220",
    "movie_id": "10045"
  },
  {
    "review": "캄보디아판 마이웨이.",
    "date": "15.01.29",
    "rating": "5",
    "author": "rd72****",
    "review_id": "9649779",
    "movie_id": "10045"
  },
  {
    "review": "그리 완성도 높은 영화는 아니다....다만 한국이 못살때 단체관람등으로 옛날사람들에겐 추억의 영화....",
    "date": "15.01.04",
    "rating": "7",
    "author": "kara****",
    "review_id": "9560693",
    "movie_id": "10045"
  },
  {
    "review": "도대체 우리 인류는 평화롭게 살지 못한단 말인가.. 왜 우리 인류는 이리도 욕심이 많단 말인가.. 평화로운 세상은 존재하지 않는 것인가...",
    "date": "14.12.07",
    "rating": "10",
    "author": "syju****",
    "review_id": "9456647",
    "movie_id": "10045"
  },
  {
    "review": "북한도 하루빨리 자유를위한 혁명이 일어 났으면 좋겠다",
    "date": "14.11.20",
    "rating": "10",
    "author": "kpor****",
    "review_id": "9404248",
    "movie_id": "10045"
  },
  {
    "review": "난 어린시절로 묶어놓는 영화 이영화 생각하면 엄마와 함께했단사실만으로도 좋다  그런데 영화보느 내내감동적이라 펑펑울얼던기억이난다",
    "date": "14.09.29",
    "rating": "10",
    "author": "bd48****",
    "review_id": "9247851",
    "movie_id": "10045"
  },
  {
    "review": "지금까지 본 전쟁영화중 제일 참혹하고 와닿았다.",
    "date": "14.09.22",
    "rating": "10",
    "author": "rand****",
    "review_id": "9233492",
    "movie_id": "10045"
  },
  {
    "review": "시드니가 프란에게 날 용서해주라고 할때 nothing이라고 할때의 감동..",
    "date": "14.08.08",
    "rating": "8",
    "author": "vajr****",
    "review_id": "9050060",
    "movie_id": "10045"
  },
  {
    "review": "마지막 존레논의 imagine이 흘러나오는 재회씬이 인상깊다",
    "date": "14.08.08",
    "rating": "10",
    "author": "mara****",
    "review_id": "9047827",
    "movie_id": "10045"
  },
  {
    "review": "폴포트 의 공산주의 정권이 한 짓거리가 미국때문이라고 떠들어대는 것들이 한국에 존재하니....북한이  참 좋아하겠군..ㅋ",
    "date": "14.08.08",
    "rating": "10",
    "author": "5ran****",
    "review_id": "9047684",
    "movie_id": "10045"
  },
  {
    "review": "전라도핏줄들이 꼭봐야하는영화",
    "date": "14.07.12",
    "rating": "10",
    "author": "2468****",
    "review_id": "8908158",
    "movie_id": "10045"
  },
  {
    "review": "캄보디아...이게 사실이라면 중국의 마오보다 더 억압이 심하네...",
    "date": "14.06.24",
    "rating": "8",
    "author": "do11****",
    "review_id": "8850402",
    "movie_id": "10045"
  },
  {
    "review": "중학교때 단체관람으로 보았었다. 전쟁의 잔혹함과 긴박함 인권에 대해 생각하게 되는 영화. 마지막이 정말 감동적이었다.",
    "date": "14.06.04",
    "rating": "10",
    "author": "wony****",
    "review_id": "8792929",
    "movie_id": "10045"
  },
  {
    "review": "너무 길지만, 마지막 감동을 위한 길이라네",
    "date": "14.05.09",
    "rating": "10",
    "author": "pass****",
    "review_id": "8717078",
    "movie_id": "10045"
  },
  {
    "review": "제목과 달리  긴장감도 없고 지루하다!!",
    "date": "14.04.24",
    "rating": "5",
    "author": "katy****",
    "review_id": "8669556",
    "movie_id": "10045"
  },
  {
    "review": "크메르 루지의 수뇌부들은 프랑스 유학파 지식인들..",
    "date": "14.03.14",
    "rating": "9",
    "author": "pont****",
    "review_id": "8573736",
    "movie_id": "10045"
  },
  {
    "review": "너무 감동적이고 잔인한데 재밋어요^",
    "date": "14.03.02",
    "rating": "10",
    "author": "bds3****",
    "review_id": "8549833",
    "movie_id": "10045"
  },
  {
    "review": "옛날에 봤었고, 다시 봤는데도 훌륭하다. 공산정권의 잔혹성을 많은 사람들이 알아야 한다. 수백만을 학살한 크메르 루즈 정권. 이런 광기가 북한은 진행중.",
    "date": "14.02.28",
    "rating": "10",
    "author": "shoo****",
    "review_id": "8544470",
    "movie_id": "10045"
  },
  {
    "review": "콩사탕이 싫어요!..윽; 이러한 영화가 많이 알려졌음 좋겠고 공산 정권의 잔혹성을 보다 많은 사람들이 알았으면 좋겠다.",
    "date": "14.02.02",
    "rating": "10",
    "author": "sama****",
    "review_id": "8463307",
    "movie_id": "10045"
  },
  {
    "review": "중요한걸 빠뜨리고 있는데 킬링필드 1차전은 미국이 저지른 거라는것...",
    "date": "13.12.17",
    "rating": "6",
    "author": "duaj****",
    "review_id": "8220085",
    "movie_id": "10045"
  },
  {
    "review": "This movie is not about the war but about the friendship.",
    "date": "13.11.24",
    "rating": "10",
    "author": "kwbh****",
    "review_id": "8164280",
    "movie_id": "10045"
  },
  {
    "review": "잘 만들었다.감동도 있고, 의미도 있고.",
    "date": "13.11.05",
    "rating": "10",
    "author": "leej****",
    "review_id": "8115693",
    "movie_id": "10045"
  },
  {
    "review": "정말 보물같은 영화다.",
    "date": "13.11.04",
    "rating": "10",
    "author": "west****",
    "review_id": "8114118",
    "movie_id": "10045"
  },
  {
    "review": "종군기자 시드니는 베트남전을 통해 큰 성공을 이루어 ACN 뉴스 책임자가 되는데...",
    "date": "13.08.25",
    "rating": "9",
    "author": "head****",
    "review_id": "7921325",
    "movie_id": "10045"
  },
  {
    "review": "감동깊게봤다....독재는 사상이 아니라 인간이 고문과 살인이 독재시대에 만연했다고 하던데 한국인은 그걸 찬양하는군",
    "date": "13.07.24",
    "rating": "9",
    "author": "stri****",
    "review_id": "7780080",
    "movie_id": "10045"
  },
  {
    "review": "h",
    "date": "13.07.18",
    "rating": "1",
    "author": "dudf****",
    "review_id": "7757155",
    "movie_id": "10045"
  },
  {
    "review": "엄마가 보래서 봣는데 진짜 감동이다...긴장감도쩔고 프란떠날때 왜캐 슬프던지ㅠㅠ옛날영화치곤 정말 멋있는영화",
    "date": "13.06.29",
    "rating": "10",
    "author": "tnwl****",
    "review_id": "7688621",
    "movie_id": "10045"
  },
  {
    "review": "볼만한 영화..  전쟁의 참혹함과 비극..시간이 긴 관계로 중반부터 영화가 지루하게 느껴짐... 긴 시간임에도 불구하고 볼만한 작품",
    "date": "13.06.24",
    "rating": "9",
    "author": "adiv****",
    "review_id": "7675283",
    "movie_id": "10045"
  },
  {
    "review": "요즘시대에는 볼수없는 형식의 전개에 지루한감도 있고 의외로 우정어린 기자들의 모습에 눈물도 나왔습니다. 서구우월화 속에서 아시아인을 진정으로 친구로 느꼈던 서양인과 그 동양인. 둘의 재회는 감동적이었습니다. 옛날영화지만 가슴이 찡함을 느낄수 있었습니다",
    "date": "13.04.10",
    "rating": "9",
    "author": "haoz****",
    "review_id": "7447240",
    "movie_id": "10045"
  },
  {
    "review": "참 영화자체는 감동적이고 여운이 남는데,너무 지루하다. 전개가 너무 루즈하게 늘어진다.그리고 영화에 주제의식이 뚜렷하지 않다. 역사적 사실을 비추려는건지 감동을 주는 스토리를 비추려는 건지 우왕좌왕 하는듯한 느낌.",
    "date": "13.03.31",
    "rating": "8",
    "author": "chjy****",
    "review_id": "7426876",
    "movie_id": "10045"
  },
  {
    "review": "[아카데미]1985년57회 남우조연,편집 2개부문수상작.캄보디아정부군과 공산당크메르루주간의내전이일어나뉴욕타임즈특파원이그곳에서캄보디아통역관을만나고전쟁마지막까지취재하다잡히게되는데미국인만풀려나고통역관은수용소에서겨우살아가다탈출후에특파원과감동적으로만난다.",
    "date": "13.03.30",
    "rating": "8",
    "author": "new7****",
    "review_id": "7421398",
    "movie_id": "10045"
  },
  {
    "review": "미국의 어두운 역사를 덮어버리는 영화네요.이영화는 미국은 다른 나라를 버리지않는다 라는 뜻이 담겨있는데 캄보디아나 베트남 에서 일어난 일을 아예 영화로 덮어버리는 수단으로 사용했네요",
    "date": "13.03.25",
    "rating": "5",
    "author": "jwya****",
    "review_id": "7410904",
    "movie_id": "10045"
  },
  {
    "review": "당시 시대를 앞서간 롤랑조페의 깨어있는 역사 인식에는 박수를, 하지만 동양에 대한 서구의 우월적 사고는 불편해... 이데올로기에 의하여 인간의 존엄성이 짓밟히는 상황, 코카콜라를 연신 마셔대며 서구를 혐오하는 폴포트 크메르루즈군의 아이러니...",
    "date": "13.03.12",
    "rating": "8",
    "author": "sioh****",
    "review_id": "7343453",
    "movie_id": "10045"
  },
  {
    "review": "그저께 프놈펜킬링필드를 다녀와서 이영화를 본다~ 84년작이라 볼수없을만큼 걸작이다~ 폴 포트는 ㅁ ㅣ친 년이다~~~ 역시 빨갱이 공산당들은 ..........",
    "date": "13.02.23",
    "rating": "10",
    "author": "king****",
    "review_id": "7295557",
    "movie_id": "10045"
  },
  {
    "review": "역사적 사실을 찾아보고 봤으면 하는 영화.",
    "date": "13.02.08",
    "rating": "5",
    "author": "last****",
    "review_id": "7239924",
    "movie_id": "10045"
  },
  {
    "review": "가슴이 아파요",
    "date": "13.02.04",
    "rating": "10",
    "author": "ds5h****",
    "review_id": "7225127",
    "movie_id": "10045"
  },
  {
    "review": "태산같이 나뒹구는 해골만큼이나 쉽게 이해할 수 없을만큼의 이데올로기가 뒤엉켜져 쉽게 볼 수만은 없는 영화다.",
    "date": "13.01.16",
    "rating": "7",
    "author": "kos4****",
    "review_id": "7120208",
    "movie_id": "10045"
  },
  {
    "review": "사실적이고, 내용도 주제도 좋다. 감독에 감사하다.",
    "date": "12.12.10",
    "rating": "10",
    "author": "novu****",
    "review_id": "6991120",
    "movie_id": "10045"
  },
  {
    "review": "진실은 아무도 모른다. 아무것도 모르는 초딩시절, 무조건 필수반공영화로 꼭 봐야했던, 꼭 보게했던 영화.. 킬링 필드.... 허나 영화 주제가 만큼은... 뇌리에 박혀 떠나가질 않는다...",
    "date": "12.11.02",
    "rating": "5",
    "author": "spar****",
    "review_id": "6845274",
    "movie_id": "10045"
  },
  {
    "review": "보는 내내 한쪽 가슴이 저려왔다. 무엇을 위한 누구를 위한 전쟁인가...참으로 가슴아픈 역사다. 마지막 imagine 이 그 어느때보다 마음에 와 닿는다.",
    "date": "12.07.14",
    "rating": "10",
    "author": "one8****",
    "review_id": "6476902",
    "movie_id": "10045"
  },
  {
    "review": "진실은 살아 있다. 진실을 갈망한다면... 언젠가는....",
    "date": "12.07.10",
    "rating": "8",
    "author": "izzo****",
    "review_id": "6466390",
    "movie_id": "10045"
  },
  {
    "review": "지젝의 말대로 킬링필드를 옹호해야 한다.",
    "date": "12.06.27",
    "rating": "1",
    "author": "nang****",
    "review_id": "6419695",
    "movie_id": "10045"
  },
  {
    "review": "good",
    "date": "12.06.04",
    "rating": "10",
    "author": "hosu****",
    "review_id": "6362584",
    "movie_id": "10045"
  },
  {
    "review": "공산주의의 잔인함...우정 그리고 전쟁 킬링필드는 걸작이다",
    "date": "12.05.17",
    "rating": "7",
    "author": "thra****",
    "review_id": "6304619",
    "movie_id": "10045"
  },
  {
    "review": "당시라면 몰라도 현재 이 영화를 볼때, 기자의 시각으로 충격을 전달하기엔 무리",
    "date": "12.02.19",
    "rating": "7",
    "author": "qqww****",
    "review_id": "6089275",
    "movie_id": "10045"
  },
  {
    "review": "캄보디아 슬픈 역사의 한 페이지. 이만큼으로도 끔찍하다.",
    "date": "12.02.07",
    "rating": "7",
    "author": "hadl****",
    "review_id": "6060161",
    "movie_id": "10045"
  },
  {
    "review": "극단적인 자본주의, 전쟁광(狂)국이 만든 극단적인 공산주의. 그 잔혹함",
    "date": "12.01.14",
    "rating": "8",
    "author": "bebe****",
    "review_id": "5984344",
    "movie_id": "10045"
  },
  {
    "review": "미군의 폭격실수도 잘못이지만 폴포트의 학살에 비하랴? 8.5점",
    "date": "12.01.06",
    "rating": "8",
    "author": "gall****",
    "review_id": "5966163",
    "movie_id": "10045"
  },
  {
    "review": "공산사회주의의 잔인함을 느끼게 해주는 영화 북한에 비하면 암것도 아니지만",
    "date": "11.11.23",
    "rating": "10",
    "author": "tcp0****",
    "review_id": "5866900",
    "movie_id": "10045"
  },
  {
    "review": "좋다... 이거지 영화는",
    "date": "11.11.16",
    "rating": "10",
    "author": "love****",
    "review_id": "5853877",
    "movie_id": "10045"
  },
  {
    "review": "변명을 한 이후에 사건을 바라본다.. 프란만 있고, 시드니는 필요없었던 영화..",
    "date": "11.04.19",
    "rating": "7",
    "author": "imf0****",
    "review_id": "5381942",
    "movie_id": "10045"
  },
  {
    "review": "마지막 존레넌의 Imagine이 나올때 나도 모르게 눈물이...",
    "date": "11.04.15",
    "rating": "10",
    "author": "dene****",
    "review_id": "5375938",
    "movie_id": "10045"
  },
  {
    "review": "전쟁의 참혹함과 인간의 잔혹성을 알려주는 영화",
    "date": "11.02.16",
    "rating": "10",
    "author": "epap****",
    "review_id": "5247130",
    "movie_id": "10045"
  },
  {
    "review": "한번은 꼭 보시기 바랍니다.. 설령 좋아하는 장르가 아닐지라도~",
    "date": "11.01.25",
    "rating": "10",
    "author": "juse****",
    "review_id": "5183961",
    "movie_id": "10045"
  },
  {
    "review": "아!정말 충격. 이 영화 주연인 응고르가 1996년LA자택근처에서크메르루즈일당에피살",
    "date": "10.11.27",
    "rating": "10",
    "author": "alex****",
    "review_id": "4999443",
    "movie_id": "10045"
  },
  {
    "review": "감동적이다. 이런게 영화지.",
    "date": "10.11.15",
    "rating": "10",
    "author": "sygo****",
    "review_id": "4963579",
    "movie_id": "10045"
  },
  {
    "review": "별이 다섯개~",
    "date": "10.10.30",
    "rating": "10",
    "author": "swea****",
    "review_id": "4928464",
    "movie_id": "10045"
  },
  {
    "review": "폴포트 치하 캄보디아같은 세상을 꿈꾸는 종북좌익세력이 있다는 게 서글프다",
    "date": "10.10.18",
    "rating": "10",
    "author": "mist****",
    "review_id": "4908969",
    "movie_id": "10045"
  },
  {
    "review": "정확히 25년전 6살때 극장에서 보던 기억이 나네요. 너무 감동적인 영화!!",
    "date": "10.10.15",
    "rating": "10",
    "author": "hkh9****",
    "review_id": "4904671",
    "movie_id": "10045"
  },
  {
    "review": "10대 때 미션과 함께 너무도 큰 충격과 많은 생각을 준 영화. 이 역시 소장 가치 쵝오",
    "date": "10.07.25",
    "rating": "10",
    "author": "miff****",
    "review_id": "4668171",
    "movie_id": "10045"
  },
  {
    "review": "전쟁의 참상과 생사를 함께했던 두 기자의 우정을 보여준 영화.",
    "date": "10.06.11",
    "rating": "10",
    "author": "skss****",
    "review_id": "4558159",
    "movie_id": "10045"
  },
  {
    "review": "존 말코비치의 연기력이 살아나는 영화",
    "date": "10.05.04",
    "rating": "6",
    "author": "kyki****",
    "review_id": "4477265",
    "movie_id": "10045"
  },
  {
    "review": "역사를 자류표현....",
    "date": "10.03.29",
    "rating": "10",
    "author": "mlld****",
    "review_id": "4396936",
    "movie_id": "10045"
  },
  {
    "review": "이게 뭐야",
    "date": "10.03.20",
    "rating": "5",
    "author": "bbq2****",
    "review_id": "4369059",
    "movie_id": "10045"
  },
  {
    "review": "전쟁,국경,종교가 없는 세상을 꿈꾸는 노래 Imagine이 영화에 삽입된 뜻을 생각해봐라",
    "date": "10.03.19",
    "rating": "8",
    "author": "mygr****",
    "review_id": "4366219",
    "movie_id": "10045"
  },
  {
    "review": "볼만",
    "date": "10.02.25",
    "rating": "6",
    "author": "drd1****",
    "review_id": "4316997",
    "movie_id": "10045"
  },
  {
    "review": "당시의 좌우익의 측면을 영화로 볼 수 있었습니다.",
    "date": "10.02.15",
    "rating": "10",
    "author": "brsm****",
    "review_id": "4281948",
    "movie_id": "10045"
  },
  {
    "review": "이영화 역시 전쟁으로 인한 인간의 잔혹성을 보여준다",
    "date": "09.10.05",
    "rating": "7",
    "author": "milk****",
    "review_id": "3875480",
    "movie_id": "10045"
  },
  {
    "review": "전쟁의 참상을 두 기자의 우정을 통해 그린 영화...아마 북한도...",
    "date": "09.09.20",
    "rating": "6",
    "author": "777s****",
    "review_id": "3839991",
    "movie_id": "10045"
  },
  {
    "review": "감동적입니다.  아주 볼만한 영화~",
    "date": "09.08.21",
    "rating": "10",
    "author": "wowf****",
    "review_id": "3772336",
    "movie_id": "10045"
  },
  {
    "review": "전쟁의 참혹함 그리고 프란과 시드의 우정에 눈물 흘린 영화",
    "date": "09.05.10",
    "rating": "10",
    "author": "418p****",
    "review_id": "3483541",
    "movie_id": "10045"
  },
  {
    "review": "미국이 캄보디아를 공습하며 시작된 킬링필드를 인도차이나 문제로 국한시키는 영화",
    "date": "09.04.30",
    "rating": "1",
    "author": "jams****",
    "review_id": "3450759",
    "movie_id": "10045"
  },
  {
    "review": "기대만큼은 아니지만 말로만 듣던 킬링필드의 참상을 조금이나마 엿볼수 있었다",
    "date": "09.03.06",
    "rating": "5",
    "author": "almo****",
    "review_id": "3350285",
    "movie_id": "10045"
  },
  {
    "review": "한 정신병자 정치가에의한 인간살육의 처참함...인간 악랄함의 한계를 보여주는...",
    "date": "09.02.09",
    "rating": "10",
    "author": "gghb****",
    "review_id": "3289550",
    "movie_id": "10045"
  },
  {
    "review": "전쟁의 참혹함",
    "date": "09.01.04",
    "rating": "9",
    "author": "reki****",
    "review_id": "3188610",
    "movie_id": "10045"
  },
  {
    "review": "1975년 크메르루주군에 점령당한 캄보디아-그곳에서 살아남은 프란 1979년 재회",
    "date": "08.12.24",
    "rating": "10",
    "author": "risa****",
    "review_id": "3145126",
    "movie_id": "10045"
  },
  {
    "review": "고교 단체관람. 저의는 '공산당이 싫어요',이 영화의 주제는 그것이 아닐진데. 쯧쯧",
    "date": "08.12.21",
    "rating": "5",
    "author": "acin****",
    "review_id": "3134561",
    "movie_id": "10045"
  },
  {
    "review": "크메르루주... 적색 살인범죄조직이라고 할수 있다.",
    "date": "08.10.11",
    "rating": "10",
    "author": "joon****",
    "review_id": "2994288",
    "movie_id": "10045"
  },
  {
    "review": "크메르루주는 사람을 죽이는걸 좋아하는 적색 불한당이다.",
    "date": "08.10.10",
    "rating": "10",
    "author": "moon****",
    "review_id": "2991669",
    "movie_id": "10045"
  },
  {
    "review": "킬링필드의 디스 프란, 올해 초에 췌장암으로 사망했습니다. 고인의 명복을 빕니다.",
    "date": "08.08.21",
    "rating": "10",
    "author": "carr****",
    "review_id": "2891934",
    "movie_id": "10045"
  },
  {
    "review": "재미있진 않았지만, 전쟁의 추악함을 사실적으로 잘 표현해냈다는 것에는 공감한다.",
    "date": "08.07.30",
    "rating": "9",
    "author": "pola****",
    "review_id": "2817851",
    "movie_id": "10045"
  },
  {
    "review": "1차킬링필드미국폭격으로쑥대밭이된캄보디아를2차킬링필드폴폿사건으로묻히기위한영화",
    "date": "08.07.26",
    "rating": "10",
    "author": "over****",
    "review_id": "2804491",
    "movie_id": "10045"
  },
  {
    "review": "간과하지 말아야할것은 미국이 시작했다는것, 반미가 아니라 사실이 그렇다는거..",
    "date": "08.07.20",
    "rating": "6",
    "author": "1pim****",
    "review_id": "2785463",
    "movie_id": "10045"
  },
  {
    "review": "이 혼란스러운 시대에 꼭 필요한 영화..인간의 존엄성은 무엇인가?",
    "date": "08.06.02",
    "rating": "10",
    "author": "ohso****",
    "review_id": "2676365",
    "movie_id": "10045"
  },
  {
    "review": "믿어지지 않는 사건이 있었다는 사실에 더욱 더 놀라게 되었습니다..",
    "date": "08.05.31",
    "rating": "10",
    "author": "ahnp****",
    "review_id": "2672817",
    "movie_id": "10045"
  },
  {
    "review": "어린시절보았음에도 지금까지 기억을떠나지 않는 영화. 이게영화지..",
    "date": "08.05.09",
    "rating": "10",
    "author": "xhh5****",
    "review_id": "2626983",
    "movie_id": "10045"
  },
  {
    "review": "이마진 하나로도 충분한 영화",
    "date": "08.04.06",
    "rating": "10",
    "author": "kims****",
    "review_id": "2561820",
    "movie_id": "10045"
  },
  {
    "review": "역사적 비극은 좋은 영화소재가 되긴 하지 ...",
    "date": "08.01.27",
    "rating": "7",
    "author": "1stl****",
    "review_id": "2374652",
    "movie_id": "10045"
  },
  {
    "review": "미국의 1차 킬링필드의 역사왜곡",
    "date": "08.01.12",
    "rating": "3",
    "author": "ikig****",
    "review_id": "2322593",
    "movie_id": "10045"
  },
  {
    "review": "중학교 시절 단체관람때가 생각나는군요.그 킬링필드(처형장)이...전쟁은 그만...",
    "date": "08.01.12",
    "rating": "10",
    "author": "jmbl****",
    "review_id": "2320153",
    "movie_id": "10045"
  },
  {
    "review": "정말 감정이입이 전혀 안되는 작품이다",
    "date": "08.01.11",
    "rating": "4",
    "author": "okjo****",
    "review_id": "2317220",
    "movie_id": "10045"
  },
  {
    "review": "개봉한날 중1때보고 충격 먹었던....잘만들어진 영화다...",
    "date": "08.01.04",
    "rating": "10",
    "author": "lool****",
    "review_id": "2297426",
    "movie_id": "10045"
  },
  {
    "review": "메르세데스 넘버원,,, 휴우,,, 좋은영화.",
    "date": "08.01.03",
    "rating": "10",
    "author": "sm11****",
    "review_id": "2295092",
    "movie_id": "10045"
  },
  {
    "review": "좋은영화..",
    "date": "07.11.18",
    "rating": "10",
    "author": "vera****",
    "review_id": "2160753",
    "movie_id": "10045"
  },
  {
    "review": "very good !",
    "date": "07.10.18",
    "rating": "10",
    "author": "cles****",
    "review_id": "2096208",
    "movie_id": "10045"
  },
  {
    "review": "이데올로기,인종차별,학살이라는 무거운 주제의식위에 흐르는 imagine",
    "date": "07.10.08",
    "rating": "10",
    "author": "lavi****",
    "review_id": "2079375",
    "movie_id": "10045"
  },
  {
    "review": "명화는 명화다 최고",
    "date": "07.09.29",
    "rating": "10",
    "author": "hyun****",
    "review_id": "2060136",
    "movie_id": "10045"
  },
  {
    "review": "어떠한 냉혈한의 마음도 움직인다",
    "date": "07.09.15",
    "rating": "10",
    "author": "baks****",
    "review_id": "2021311",
    "movie_id": "10045"
  },
  {
    "review": "와 최고,,",
    "date": "07.08.14",
    "rating": "10",
    "author": "digd****",
    "review_id": "1935229",
    "movie_id": "10045"
  }
]