[
  {
    "review": "예전 명작들은 작위적이지 않아서, 잘난척하지 않아서 좋다.",
    "date": "15.07.14",
    "rating": "8",
    "author": "isla****",
    "review_id": "10105115",
    "movie_id": "10047"
  },
  {
    "review": "때는 2년전, 반전영화 매니아로써 엥간한 이름난 작품은 거의 다봤다고 자부할때쯤 우연히 아무스토리도 모른채 보게된 이 영화는 진짜반전에 목말라있던 나의 뒤통수를 오지게 후려갈겼다. ost부터 구성, 연기력, 스토리, 화면, 그 어느하나 뺄게없는 명작",
    "date": "15.07.03",
    "rating": "10",
    "author": "vcho****",
    "review_id": "10064007",
    "movie_id": "10047"
  },
  {
    "review": "전설적인 콤비의 영화.",
    "date": "15.05.10",
    "rating": "8",
    "author": "sms7****",
    "review_id": "9909861",
    "movie_id": "10047"
  },
  {
    "review": "그 옛날 이정도면 최고다. 요즘 웬만한 작품보다 스릴있음.",
    "date": "15.05.05",
    "rating": "9",
    "author": "milk****",
    "review_id": "9894963",
    "movie_id": "10047"
  },
  {
    "review": "와 ㅋㅋㅋ 생각도 못한.. 비극으로 끝나는가 했습니다.웬만한 요즘 범죄영화보다도 훨씬 낫습니다.",
    "date": "15.04.04",
    "rating": "10",
    "author": "cdao****",
    "review_id": "9825833",
    "movie_id": "10047"
  },
  {
    "review": "와 진짜 이게 40년전 영화면..지금 나오는 영화는 뭐란 말인가..ㄷㄷㄷ",
    "date": "15.03.29",
    "rating": "9",
    "author": "do11****",
    "review_id": "9814216",
    "movie_id": "10047"
  },
  {
    "review": "늦게 태어난게 정말 후회된다고 느낄 때가 바로 스팅과 유주얼 서스펙트가 개봉하던 시대에  태어나지 못해서 뒤늦게  반전을 다 알고 보는것",
    "date": "15.02.22",
    "rating": "10",
    "author": "han_****",
    "review_id": "9726444",
    "movie_id": "10047"
  },
  {
    "review": "영화 배경음악하며... 정말 최고의 영화네요 :)",
    "date": "15.01.28",
    "rating": "10",
    "author": "badb****",
    "review_id": "9646687",
    "movie_id": "10047"
  },
  {
    "review": "탄탄하고 젠틀한 남성들의 전술서.",
    "date": "15.01.07",
    "rating": "10",
    "author": "drak****",
    "review_id": "9570635",
    "movie_id": "10047"
  },
  {
    "review": "정석...수학의 정석 ㅎㅎ오션스 시리즈가 먼저 떠올랐다...교과서 같으 영화였군...!!!!OST만 피아노로 쳐봤었지...ㅎㅎㅎ완벽했다",
    "date": "15.01.06",
    "rating": "10",
    "author": "o0o1****",
    "review_id": "9566883",
    "movie_id": "10047"
  },
  {
    "review": "70년대에 이런 완성도 높은 작픔을 찍다니.. 지금처럼 첨단 기술이 발달 되지 않아서 더 쉬울수는 있었어도 영화자체를 이렇게 만들기는 힘듬.. 재미지네",
    "date": "14.11.06",
    "rating": "10",
    "author": "han3****",
    "review_id": "9344720",
    "movie_id": "10047"
  },
  {
    "review": "로네건도 낚였고 보는 우리도 낚였다...ㅋㅋ",
    "date": "14.10.25",
    "rating": "8",
    "author": "sjzm****",
    "review_id": "9314463",
    "movie_id": "10047"
  },
  {
    "review": "진짜 재미있게 봤어요! 유쾌상쾌통쾌한 영화~ 노래도 좋고 걸작이네요!",
    "date": "14.10.25",
    "rating": "10",
    "author": "beca****",
    "review_id": "9314433",
    "movie_id": "10047"
  },
  {
    "review": "요즘은 이런 영화 정말 보기 힘들다는 것이 문제죠.",
    "date": "14.09.07",
    "rating": "9",
    "author": "21la****",
    "review_id": "9179965",
    "movie_id": "10047"
  },
  {
    "review": "70년대에 이영화를 봤다면 더 재미있었겠지?",
    "date": "14.08.10",
    "rating": "10",
    "author": "sid0****",
    "review_id": "9058998",
    "movie_id": "10047"
  },
  {
    "review": "어릴때 본, 최고의 영화, 노름꾼과 도둑, 사기꾼이 판치는 배경으로 요즘은 흔한 반전...이라는 것이 있는 명작....유쾌한 음악은 덤이다",
    "date": "14.07.11",
    "rating": "9",
    "author": "yise****",
    "review_id": "8903915",
    "movie_id": "10047"
  },
  {
    "review": "와..로버트 레드포드 때문에 본건데  73년에도 이런 반전영화가 있다니..진짜 소름 돋았다 요즘 반전영화 못지않은 유쾌하고 정말 멍하게 만드는 반전, 잘 짜여진 치밀한 각본. 최고다",
    "date": "14.06.21",
    "rating": "10",
    "author": "jdud****",
    "review_id": "8845367",
    "movie_id": "10047"
  },
  {
    "review": "아 스포일러 안봤으면 10점인데!!!",
    "date": "14.05.06",
    "rating": "9",
    "author": "simj****",
    "review_id": "8711349",
    "movie_id": "10047"
  },
  {
    "review": "클래식! 언제 다시봐도 멋지고 완벽.",
    "date": "14.04.12",
    "rating": "10",
    "author": "ykdi****",
    "review_id": "8644833",
    "movie_id": "10047"
  },
  {
    "review": "70년대 영화에선 최고중에 하나인 영화인데 줄거리를 알아서 그런가 정독해서 다시 보니 별루다.",
    "date": "14.03.12",
    "rating": "8",
    "author": "a109****",
    "review_id": "8569633",
    "movie_id": "10047"
  },
  {
    "review": "구라꾼 영화는 여기서 시작했구만",
    "date": "14.03.09",
    "rating": "10",
    "author": "thel****",
    "review_id": "8565851",
    "movie_id": "10047"
  },
  {
    "review": "영화에 관심있는 누군가가 한편 추천해달라하면 여지없이 1순위로 추천해주는 영화.",
    "date": "14.02.27",
    "rating": "10",
    "author": "sh87****",
    "review_id": "8542206",
    "movie_id": "10047"
  },
  {
    "review": "지금 봐도 촌스럽지 않고,  오히려 저 시대 특유의 군더더기 없는 유머러스함이 재미를 배가시킨다. 왜 명작인 지 알 것 같다.",
    "date": "14.02.02",
    "rating": "9",
    "author": "gjin****",
    "review_id": "8468437",
    "movie_id": "10047"
  },
  {
    "review": "70년대 작품이라는게 믿겨지지 않을 정도의 수작 입니다 꼭 보세요!!",
    "date": "13.12.06",
    "rating": "10",
    "author": "tndh****",
    "review_id": "8192936",
    "movie_id": "10047"
  },
  {
    "review": "ost는 너무 좋았지만 영화는 다소 지루했다",
    "date": "13.10.27",
    "rating": "1",
    "author": "mara****",
    "review_id": "8093213",
    "movie_id": "10047"
  },
  {
    "review": "이래서 스팅이라고 하는구나 ㅋㅋㅋㅋㅋ",
    "date": "13.09.21",
    "rating": "10",
    "author": "sams****",
    "review_id": "8006504",
    "movie_id": "10047"
  },
  {
    "review": "하마터면 영화 결말을 먼저 볼뻔했네. ㅋㅋㅋㅋㅋ 스포일러주의는 괜히 적은게 아니죠....진짜 우리를 몇번이나 속인 영화네 ㅋㅋㅋㅋㅋ 진짜 타짜의 조상이구먼",
    "date": "13.09.21",
    "rating": "10",
    "author": "igel****",
    "review_id": "8006499",
    "movie_id": "10047"
  },
  {
    "review": "허허...영화 보기 전에 안들어와본게 천만다행이구만... 여튼 무려 40년 전 영화인데도 이렇게 재밌다니 신기할뿐.ㅎㅎ",
    "date": "13.08.30",
    "rating": "10",
    "author": "ands****",
    "review_id": "7935812",
    "movie_id": "10047"
  },
  {
    "review": "낚시의 정석",
    "date": "13.08.17",
    "rating": "10",
    "author": "jikj****",
    "review_id": "7896819",
    "movie_id": "10047"
  },
  {
    "review": "처음부터 귀에 익은 멜로디가 이 영화의 OST일줄이야. 네이버 줄거리에 그냥 스포일러 한가득. 절대 읽지말고 그냥 영화 볼것. 네이버 진짜 민폐네 ㅡㅡ",
    "date": "13.08.10",
    "rating": "8",
    "author": "ytae****",
    "review_id": "7864474",
    "movie_id": "10047"
  },
  {
    "review": "네이버 OOO 줄거리 보려고 열어ㅛ다가 영화 다본느낌 든다",
    "date": "13.07.10",
    "rating": "10",
    "author": "gpfm****",
    "review_id": "7723391",
    "movie_id": "10047"
  },
  {
    "review": "미친;;; 네이버샊기들 영화결말을 줄거리에 쳐써놓냐",
    "date": "13.07.05",
    "rating": "7",
    "author": "kims****",
    "review_id": "7705799",
    "movie_id": "10047"
  },
  {
    "review": "영화 보기 전에 줄거리 읽으려고 들어왔는데 반전까지 다 나와있어. 네이버 미친 새1끼야. 줄거리에 영화 반전까지 다 써놓는 놈이 어딨어 세상에",
    "date": "13.06.28",
    "rating": "5",
    "author": "rauv****",
    "review_id": "7687054",
    "movie_id": "10047"
  },
  {
    "review": "노래가좋다",
    "date": "13.06.24",
    "rating": "10",
    "author": "ping****",
    "review_id": "7676769",
    "movie_id": "10047"
  },
  {
    "review": "40년 전, 당시는 대단한 명작이었겠지만 이 영화를 기반으로 많은 발전이 이루어졌기에 현재 시점에서는 단지 고전영화일 뿐. 주연-조연을 총 망라한 쟁쟁한 배우들의 멋진 모습들과, 30년대의 미국을 충실히 재현한 듯한 세트와 소품등이 만족스럽다.",
    "date": "13.06.06",
    "rating": "5",
    "author": "acin****",
    "review_id": "7593496",
    "movie_id": "10047"
  },
  {
    "review": "이 영화 진짜 좋음. 궁금한 건 로버트 레드포드의  적자라 해도 과언이 아닐 브래드 피트가 왜 좀 더 젊을 때 이걸 리메이크 안하는 지 의문?!!?!?! 이게 다시 만들어진다면 당연히 브래드피트가 그 가운데 있을 것 같은데.",
    "date": "13.06.01",
    "rating": "10",
    "author": "rede****",
    "review_id": "7570088",
    "movie_id": "10047"
  },
  {
    "review": "정말최고의영화 지금봐도재밌습니다.안보신분들은 꼭보시길..",
    "date": "13.04.30",
    "rating": "10",
    "author": "cara****",
    "review_id": "7494690",
    "movie_id": "10047"
  },
  {
    "review": "역시 구관이 명관. 명작은 오래 지나도 명작!",
    "date": "13.04.29",
    "rating": "10",
    "author": "lsh5****",
    "review_id": "7494214",
    "movie_id": "10047"
  },
  {
    "review": "이 오래된 영화가 이렇게 재밌는줄 이제야 알았네요. 평점과 딱 어울리는 멋진 영화임. 반전또한 그들의 각본이었음을 ..하하하.. 기분좋게 영화가 끝났네요. 멋지다..",
    "date": "13.03.30",
    "rating": "10",
    "author": "kbut****",
    "review_id": "7421694",
    "movie_id": "10047"
  },
  {
    "review": "[아카데미]1974년46회 작품,감독,각본,미술,의상,편집,음악편집 7개부문수상작.제목그대로 마피보스에게사기를치는데 처음엔 포커로사기,두번째엔경마로 또 사기를치면서마피아보스를골탕먹인다.OST The Entertainer 는 누구나한번쯤들어본곡일것이다.",
    "date": "13.03.27",
    "rating": "8",
    "author": "new7****",
    "review_id": "7415273",
    "movie_id": "10047"
  },
  {
    "review": "시간이 어떻게 가는지도 모르게 봤다. 진짜 이 영화는 세기의 명작이다.",
    "date": "13.03.12",
    "rating": "10",
    "author": "zndz****",
    "review_id": "7342063",
    "movie_id": "10047"
  },
  {
    "review": "계속 속이고 속이는 범죄의 진리인 영화",
    "date": "13.03.10",
    "rating": "10",
    "author": "emin****",
    "review_id": "7337473",
    "movie_id": "10047"
  },
  {
    "review": "the ntertainer노래 덕분에 한몫한 듯 그런데 재밌다!!! 꼭 봐야돼",
    "date": "13.01.16",
    "rating": "9",
    "author": "sukj****",
    "review_id": "7122143",
    "movie_id": "10047"
  },
  {
    "review": "정말 재밌는 영화입니다,,,ㅋ",
    "date": "13.01.12",
    "rating": "10",
    "author": "mich****",
    "review_id": "7103518",
    "movie_id": "10047"
  },
  {
    "review": "유쾌한 사기극~ 반전 쩔음ㅋㅋㅋ  내일을향해쏴라 봤을땐 로버트가 더 잘생겼다생각했는데 여기서 제대로 보니 폴뉴먼이 더쩐다...아 진짜 조각미남 ..완벽해 ㅠㅠ 하지만 고인이라는거..RIP다음생에는 내남편으로만나요",
    "date": "12.12.31",
    "rating": "9",
    "author": "psy9****",
    "review_id": "7066560",
    "movie_id": "10047"
  },
  {
    "review": "이거 어디서봐요?",
    "date": "12.12.31",
    "rating": "10",
    "author": "09ma****",
    "review_id": "7066281",
    "movie_id": "10047"
  },
  {
    "review": "오션스 일레븐 시리즈의 즐거움은 이 작품에 빚을 진 듯.",
    "date": "12.12.15",
    "rating": "8",
    "author": "cube****",
    "review_id": "7007816",
    "movie_id": "10047"
  },
  {
    "review": "유쾌 상쾌 통쾌... 내가 사랑하는 영화....",
    "date": "12.12.09",
    "rating": "9",
    "author": "loop****",
    "review_id": "6986982",
    "movie_id": "10047"
  },
  {
    "review": "결말을 이미 알고 봐서 아쉬웠지만  너무나 멋진 스토리~!!! 이런게 걸작이다~!!",
    "date": "12.12.04",
    "rating": "10",
    "author": "ost8****",
    "review_id": "6969296",
    "movie_id": "10047"
  },
  {
    "review": "[8점] 배우들의 연기가 아주 하하하하하",
    "date": "12.11.15",
    "rating": "8",
    "author": "fann****",
    "review_id": "6889553",
    "movie_id": "10047"
  },
  {
    "review": "도대체 이게 언제쩍인데 이런 영화가! 참 대단함..!",
    "date": "12.11.13",
    "rating": "10",
    "author": "meth****",
    "review_id": "6884648",
    "movie_id": "10047"
  },
  {
    "review": "당시 이영화를 봤던 관객의 즐거움을 현재의 내가 1/10정도만 누렸다고 해도 만점을 줄것이다",
    "date": "12.09.05",
    "rating": "10",
    "author": "gogo****",
    "review_id": "6670879",
    "movie_id": "10047"
  },
  {
    "review": "정말 최고의 사기 범죄 영화입니다!",
    "date": "12.08.23",
    "rating": "10",
    "author": "kal6****",
    "review_id": "6636458",
    "movie_id": "10047"
  },
  {
    "review": "대단한 영화 .. 마지막 압권... 그 옛날에 만든 영환데 ...",
    "date": "12.08.14",
    "rating": "10",
    "author": "newb****",
    "review_id": "6603987",
    "movie_id": "10047"
  },
  {
    "review": "훌륭한 각본과 연출 그리고 흥을 돋구나 잔잔한 사운드, 배우들의 연기 더이상 설명이 필요한가",
    "date": "12.06.29",
    "rating": "9",
    "author": "prim****",
    "review_id": "6427626",
    "movie_id": "10047"
  },
  {
    "review": "재미진영화",
    "date": "12.05.13",
    "rating": "10",
    "author": "love****",
    "review_id": "6294482",
    "movie_id": "10047"
  },
  {
    "review": "진짜 옛날에 만들어진건지 의심스러울정도에요",
    "date": "12.05.13",
    "rating": "10",
    "author": "euh_****",
    "review_id": "6294401",
    "movie_id": "10047"
  },
  {
    "review": "가장 뛰어난, 그야말로 모든 것을 죄다 갖춘 흠잡을데없는 최고의 영화",
    "date": "12.03.08",
    "rating": "10",
    "author": "jjwj****",
    "review_id": "6130459",
    "movie_id": "10047"
  },
  {
    "review": "마지막 순간에 입을 다물질 못했다ㅋㅋㅋ유쾌한명작 반전영화!",
    "date": "12.03.07",
    "rating": "10",
    "author": "zkaw****",
    "review_id": "6128639",
    "movie_id": "10047"
  },
  {
    "review": "탄탄한 구성과 함께 폴뉴먼의 매력이 잘 드러나네요.",
    "date": "12.02.06",
    "rating": "10",
    "author": "reds****",
    "review_id": "6056120",
    "movie_id": "10047"
  },
  {
    "review": "옛날영화여서 그런지 좀 지루한면있고 반전예상가능하지만. 반전이라는 영역 시도에 +",
    "date": "12.02.03",
    "rating": "5",
    "author": "seul****",
    "review_id": "6048269",
    "movie_id": "10047"
  },
  {
    "review": "음,,굳",
    "date": "12.01.31",
    "rating": "10",
    "author": "samu****",
    "review_id": "6040565",
    "movie_id": "10047"
  },
  {
    "review": "와~ 정말최고네요. 요즘영화 억지반전도 없고~ 저 계속 속앗음 ㅋ",
    "date": "12.01.16",
    "rating": "10",
    "author": "khhu****",
    "review_id": "5990201",
    "movie_id": "10047"
  },
  {
    "review": "유쾌하고 치밀한 범죄 코미디 영화",
    "date": "11.11.27",
    "rating": "10",
    "author": "figh****",
    "review_id": "5873358",
    "movie_id": "10047"
  },
  {
    "review": "모든 범죄영화의 모태작이라고 생각된다. 치밀하고 유쾌할 정도다",
    "date": "11.11.10",
    "rating": "10",
    "author": "sdw0****",
    "review_id": "5839222",
    "movie_id": "10047"
  },
  {
    "review": "결말이야 충분히 예상이 갔지만...  38년 전에 이런 영화를 만들었다는게 놀랍다.",
    "date": "11.11.08",
    "rating": "8",
    "author": "sky6****",
    "review_id": "5836951",
    "movie_id": "10047"
  },
  {
    "review": "탄탄하고 치밀한 구성이 돋보이는 유쾌한 사기꾼들의 이야기. 마지막 반전은 대박~ㅋ",
    "date": "11.11.01",
    "rating": "8",
    "author": "deka****",
    "review_id": "5822668",
    "movie_id": "10047"
  },
  {
    "review": "좋은 감독 만나서 리메이크 되었으면 좋겠다는 생각이 드네 ㅎㅎ",
    "date": "11.11.01",
    "rating": "9",
    "author": "kngc****",
    "review_id": "5822087",
    "movie_id": "10047"
  },
  {
    "review": "너무 완벽하기에 평가를 할 수 없다",
    "date": "11.10.23",
    "rating": "10",
    "author": "kimg****",
    "review_id": "5806225",
    "movie_id": "10047"
  },
  {
    "review": "하이스트 무비의 오랜 교과서.. 알면서도 또 보게 되는 매력.. ^^",
    "date": "11.10.23",
    "rating": "9",
    "author": "do2m****",
    "review_id": "5806128",
    "movie_id": "10047"
  },
  {
    "review": "이런영화를 이제 알다니",
    "date": "11.10.23",
    "rating": "9",
    "author": "doub****",
    "review_id": "5804444",
    "movie_id": "10047"
  },
  {
    "review": "범죄사기극의 교과서라 불리울만한 한다. 대우해줄 가치가 있다.",
    "date": "11.10.23",
    "rating": "8",
    "author": "tabu****",
    "review_id": "5804292",
    "movie_id": "10047"
  },
  {
    "review": "와 EBS에서 처음 봤는데 최고다ㅋㅋ",
    "date": "11.10.23",
    "rating": "10",
    "author": "wpwp****",
    "review_id": "5804284",
    "movie_id": "10047"
  },
  {
    "review": "스팅은 언제 봐도 재미있다",
    "date": "11.10.23",
    "rating": "10",
    "author": "tumm****",
    "review_id": "5804280",
    "movie_id": "10047"
  },
  {
    "review": "[스포일러 주의]만 아니였으면 더 좋았을듯. 망할 홍성진",
    "date": "11.09.23",
    "rating": "10",
    "author": "chp1****",
    "review_id": "5747560",
    "movie_id": "10047"
  },
  {
    "review": "요즘 영화보다 더 재미있네",
    "date": "11.09.14",
    "rating": "7",
    "author": "rd72****",
    "review_id": "5732725",
    "movie_id": "10047"
  },
  {
    "review": "연기대단 스토리대단 전부전부 대단",
    "date": "11.09.04",
    "rating": "10",
    "author": "soul****",
    "review_id": "5707117",
    "movie_id": "10047"
  },
  {
    "review": "이야 재밌는데. ㅋ 마지막엔 놀랐네.",
    "date": "11.09.04",
    "rating": "9",
    "author": "dmag****",
    "review_id": "5706994",
    "movie_id": "10047"
  },
  {
    "review": "범죄 영화의 최고봉이다.",
    "date": "11.09.03",
    "rating": "10",
    "author": "wind****",
    "review_id": "5706231",
    "movie_id": "10047"
  },
  {
    "review": "78년작이라는게 믿기지않는 최고의 코메디 범죄사기극이엇다....",
    "date": "11.08.23",
    "rating": "10",
    "author": "nobl****",
    "review_id": "5682914",
    "movie_id": "10047"
  },
  {
    "review": "나는 아직까지 스팅을 뛰어 넘는 사기극을 본 적이 없다.",
    "date": "11.06.15",
    "rating": "10",
    "author": "arti****",
    "review_id": "5482772",
    "movie_id": "10047"
  },
  {
    "review": "통쾌하고 치밀한 스토리와 사람을 끌이들이는 흡인력있는 잊지못할 명작이였음",
    "date": "11.05.17",
    "rating": "10",
    "author": "iofs****",
    "review_id": "5432567",
    "movie_id": "10047"
  },
  {
    "review": "최고의 각본영화....",
    "date": "11.04.06",
    "rating": "10",
    "author": "unre****",
    "review_id": "5357073",
    "movie_id": "10047"
  },
  {
    "review": "역시 대단하다.. 이 시대 최고의 영화!!",
    "date": "11.03.29",
    "rating": "10",
    "author": "dark****",
    "review_id": "5342541",
    "movie_id": "10047"
  },
  {
    "review": "후후 이것이야 말로 영화지 ~ 통쾌한 사기극~!!!",
    "date": "11.03.12",
    "rating": "10",
    "author": "hsmi****",
    "review_id": "5307238",
    "movie_id": "10047"
  },
  {
    "review": "작품상,감독상,각본상, 미술상, 편집상, 의상디자인상, 편곡상을받은..보시면압니다",
    "date": "11.02.05",
    "rating": "10",
    "author": "eqwa****",
    "review_id": "5216072",
    "movie_id": "10047"
  },
  {
    "review": "이름이 hooker래 ㅋㅋㅋㅋㅋ. 이 영화가 받은 상 많아서 셀 수 없다고 들었어요.",
    "date": "11.01.29",
    "rating": "10",
    "author": "kjk1****",
    "review_id": "5194964",
    "movie_id": "10047"
  },
  {
    "review": "사기 범죄 영화의 명작. 최고의 명작.",
    "date": "11.01.24",
    "rating": "10",
    "author": "wlfa****",
    "review_id": "5181248",
    "movie_id": "10047"
  },
  {
    "review": "주말의명화를 평정한 명작",
    "date": "11.01.20",
    "rating": "10",
    "author": "mais****",
    "review_id": "5170579",
    "movie_id": "10047"
  },
  {
    "review": "사기꾼 콤비의 재미난 사기극 이야기",
    "date": "10.12.07",
    "rating": "8",
    "author": "come****",
    "review_id": "5033640",
    "movie_id": "10047"
  },
  {
    "review": "이런 사기꾼이 있으면 나라가 망하지",
    "date": "10.10.06",
    "rating": "6",
    "author": "bbq2****",
    "review_id": "4888513",
    "movie_id": "10047"
  },
  {
    "review": "재밌다 ㅎㅎ",
    "date": "10.09.20",
    "rating": "10",
    "author": "iblu****",
    "review_id": "4851926",
    "movie_id": "10047"
  },
  {
    "review": "2010년 영화제에 출품해도 사자나 곰 한 마리는 받아올 수 있을 거라고 생각합니다.",
    "date": "10.08.24",
    "rating": "10",
    "author": "poro****",
    "review_id": "4787420",
    "movie_id": "10047"
  },
  {
    "review": "ㅋㅋ 나도 속은기분ㅋㅋㅋㅋㅋㅋㅋㅋ진짜 재밌게 봤다.",
    "date": "10.08.20",
    "rating": "10",
    "author": "crac****",
    "review_id": "4770115",
    "movie_id": "10047"
  },
  {
    "review": "반전영화의 시초?",
    "date": "10.08.19",
    "rating": "10",
    "author": "ggga****",
    "review_id": "4767577",
    "movie_id": "10047"
  },
  {
    "review": "어렸을적에 봤던 고전명작.. 이런 영화가 네이버 순위에 올라가야 할텐데..",
    "date": "10.08.06",
    "rating": "10",
    "author": "bike****",
    "review_id": "4712300",
    "movie_id": "10047"
  },
  {
    "review": "마지막 대반전에 눈을 뗄 수 없다. 마음 속 까지 시원해지는 두 콤비의 연기와 우정!",
    "date": "10.07.15",
    "rating": "7",
    "author": "stit****",
    "review_id": "4640975",
    "movie_id": "10047"
  },
  {
    "review": "이게 37년전 영화라니... 사기반전극의 레전드라 하겠다...ㅋ",
    "date": "10.07.14",
    "rating": "10",
    "author": "jjaj****",
    "review_id": "4637794",
    "movie_id": "10047"
  },
  {
    "review": "대충 알고봤는데 더알게되는 영화~꺄",
    "date": "10.06.05",
    "rating": "10",
    "author": "leej****",
    "review_id": "4546900",
    "movie_id": "10047"
  },
  {
    "review": "기막힌 복수극이 너무도 통캐한 영화^^",
    "date": "10.05.16",
    "rating": "8",
    "author": "sham****",
    "review_id": "4503130",
    "movie_id": "10047"
  }
]