[
  {
    "review": "배가 뒤집힐때 천장아닌 테이블에서 창문으로 떨어지는 그 스턴트 맨의 실제연기 장면은 절대 잊어지지 않는다",
    "date": "15.05.09",
    "rating": "10",
    "author": "kimd****",
    "review_id": "9906239",
    "movie_id": "10041"
  },
  {
    "review": "90년대  초2땐가 토요명화였었나 아빠랑같이본영화",
    "date": "15.05.04",
    "rating": "9",
    "author": "leon****",
    "review_id": "9894760",
    "movie_id": "10041"
  },
  {
    "review": "탈출을 향한 전진, 생존을 위한 집념. 딱 재난영화의 기본공식 대로",
    "date": "15.01.16",
    "rating": "4",
    "author": "goms****",
    "review_id": "9600386",
    "movie_id": "10041"
  },
  {
    "review": "이런 소름끼치는 명작을 이제서야 보다니 이제까지 영화 헛봤다!",
    "date": "15.01.14",
    "rating": "10",
    "author": "ske4****",
    "review_id": "9591670",
    "movie_id": "10041"
  },
  {
    "review": "10점이 아니라 더 드리고 싶을정도의 리얼감있는 재난영화의 최고봉.. 이런 작품이 앞으로도 계속 만들어지길 간절히 바랍니다.",
    "date": "14.12.27",
    "rating": "10",
    "author": "soea****",
    "review_id": "9523108",
    "movie_id": "10041"
  },
  {
    "review": "극한 상황에서 관록 넘치는 출연진이 만들어내는 휴먼드라마. 진 해크만과 어네스트 보그나인의 팽팽한 연기대결도 볼만하고, 노년의 나이에도 투혼을 발휘하는 셜리 윈터스 여사도 멋집니다.",
    "date": "14.11.23",
    "rating": "10",
    "author": "vlta****",
    "review_id": "9412756",
    "movie_id": "10041"
  },
  {
    "review": "재난 영화의 고전, 재앙 앞 인간군상의 심리적 표현의 걸작~!",
    "date": "14.11.02",
    "rating": "10",
    "author": "spar****",
    "review_id": "9335913",
    "movie_id": "10041"
  },
  {
    "review": "우리나라에서 영화 타워 리메이크한것처럼 이영화를 리메이크했으면 좋겠다. 아.. 정말 최고다. 왜 마지막 구조 장면에서 눈물이 날까...",
    "date": "14.06.26",
    "rating": "10",
    "author": "gang****",
    "review_id": "8859246",
    "movie_id": "10041"
  },
  {
    "review": "오래되었어도 그 감동은 여전하네",
    "date": "14.06.13",
    "rating": "9",
    "author": "jjan****",
    "review_id": "8825594",
    "movie_id": "10041"
  },
  {
    "review": "저 포스터 이미 36년전에 예언된 일이었네~~새~월~아~~",
    "date": "14.05.21",
    "rating": "9",
    "author": "skyw****",
    "review_id": "8752001",
    "movie_id": "10041"
  },
  {
    "review": "진짜  재미있게 본 영화중 하나 ...  kbs 주말의 영화에서  현실감이 너무 짙은 영화인듯 ...",
    "date": "14.05.12",
    "rating": "10",
    "author": "ggor****",
    "review_id": "8726979",
    "movie_id": "10041"
  },
  {
    "review": "지금 다시보기엔 영...",
    "date": "14.05.09",
    "rating": "1",
    "author": "kuky****",
    "review_id": "8718188",
    "movie_id": "10041"
  },
  {
    "review": "세월호 선장이 이 영화속에 목사처럼만 신중히 행동했어도, 대부분의 인명피해는 없었을거라고 확신한다. 한세기가 지나도 회자될 너무나도 안타까운 사건 사고였다.",
    "date": "14.05.08",
    "rating": "10",
    "author": "sant****",
    "review_id": "8716355",
    "movie_id": "10041"
  },
  {
    "review": "잊혀질만하면 다시 다운받아보는 영화.. 최고였죠",
    "date": "14.04.22",
    "rating": "10",
    "author": "alic****",
    "review_id": "8665631",
    "movie_id": "10041"
  },
  {
    "review": "어릴때..kbs1tv애서 명화극장으로  첨 보고 얼마나 놀라고 감동 적으로 봤는지....",
    "date": "14.04.18",
    "rating": "10",
    "author": "kkka****",
    "review_id": "8656882",
    "movie_id": "10041"
  },
  {
    "review": "영화의기적이 현실에서도 일어나기를  간절히  바라고있습니다",
    "date": "14.04.18",
    "rating": "10",
    "author": "mull****",
    "review_id": "8656531",
    "movie_id": "10041"
  },
  {
    "review": "세월호 보고 바로 생각났네요. 영화와 현실은 다를까요? 갑판의 가장 얇은 부분을 뚫고 구조 할 수 없는 것인가....",
    "date": "14.04.18",
    "rating": "10",
    "author": "kais****",
    "review_id": "8656275",
    "movie_id": "10041"
  },
  {
    "review": "세월호때문에생각나서 찾아봤네요..마지막 목사님의희생장면과 구조장면아직도생생하네요 ..",
    "date": "14.04.17",
    "rating": "10",
    "author": "woop****",
    "review_id": "8654797",
    "movie_id": "10041"
  },
  {
    "review": "세월호 사건 보고 마지막 배 갑판에 있다 탈출하던 영화 마지막 장면이 떠올라서 추천합니다. 학생들도 이영화처럼 구조되면 좋겟네요",
    "date": "14.04.16",
    "rating": "10",
    "author": "noir****",
    "review_id": "8654435",
    "movie_id": "10041"
  },
  {
    "review": "명작중의 명작이지..",
    "date": "14.04.16",
    "rating": "10",
    "author": "chun****",
    "review_id": "8654402",
    "movie_id": "10041"
  },
  {
    "review": "이 영화 한참 찾고 있었는데.. 마지막에 어떤남자가 출구 열어준다고 매달려있다가 희생한 장면 있었는데 이 영화가 맞는것 같다 어릴때 봤는데 아직도 생생하게 기억난다",
    "date": "14.04.16",
    "rating": "10",
    "author": "eins****",
    "review_id": "8653926",
    "movie_id": "10041"
  },
  {
    "review": "최고의 재난영화 말 그대로 어드벤쳐임",
    "date": "14.04.14",
    "rating": "10",
    "author": "cult****",
    "review_id": "8650875",
    "movie_id": "10041"
  },
  {
    "review": "진짜 클래식하네...리메이크 암만 잘만들어봤자 결국 오리지날 못따라감...",
    "date": "14.04.12",
    "rating": "10",
    "author": "djdj****",
    "review_id": "8644102",
    "movie_id": "10041"
  },
  {
    "review": "토용명화에서 본지 20년가량 지났지만 아직도 마지막 신부님의 희생 장면은 잊혀지지가 않는다.",
    "date": "14.04.07",
    "rating": "10",
    "author": "fren****",
    "review_id": "8635207",
    "movie_id": "10041"
  },
  {
    "review": "여자가 바닥에서 꼭대기로 떨어지는 씬이 압권",
    "date": "14.01.31",
    "rating": "10",
    "author": "fore****",
    "review_id": "8456966",
    "movie_id": "10041"
  },
  {
    "review": "이 영화가 70년대 나온게 맞아???ㅋ 진심 대단한 기술인듯 현재 나오는 CG로 도배한 블록버스터 영화보다 백배 나은듯 긴장감도 백배고ㅋ",
    "date": "14.01.26",
    "rating": "10",
    "author": "youn****",
    "review_id": "8431861",
    "movie_id": "10041"
  },
  {
    "review": "긴장감 도는 연출력으로 생존 이야기를 그려낸 재난영화라는 점이 굉장히 뛰어나다!",
    "date": "14.01.12",
    "rating": "9",
    "author": "sjzm****",
    "review_id": "8376400",
    "movie_id": "10041"
  },
  {
    "review": "수많은 고정명작들이 있지만 재난영화중엔 손에 꼽히는 명작...지금 다시봐도 빈틈없다..",
    "date": "13.12.27",
    "rating": "10",
    "author": "kara****",
    "review_id": "8309204",
    "movie_id": "10041"
  },
  {
    "review": "희생과 서로를 아끼는 마음",
    "date": "13.11.29",
    "rating": "10",
    "author": "1235****",
    "review_id": "8177693",
    "movie_id": "10041"
  },
  {
    "review": "추억의 명작 영화 이영화 4번이나 보았네..  지금 보면 유치할줄 몰라도 그당시에 획기적인 영화임..",
    "date": "13.09.11",
    "rating": "8",
    "author": "adiv****",
    "review_id": "7967713",
    "movie_id": "10041"
  },
  {
    "review": "화려한 특수효과로만 치장한 요즘 재난영화들은 이 영화를 보면서 통렬히 반성하라.",
    "date": "13.09.06",
    "rating": "9",
    "author": "kjlo****",
    "review_id": "7952322",
    "movie_id": "10041"
  },
  {
    "review": "손에 꼽히는 고전 명작",
    "date": "13.08.21",
    "rating": "10",
    "author": "biga****",
    "review_id": "7908621",
    "movie_id": "10041"
  },
  {
    "review": "너무 지루하던데 ..",
    "date": "13.08.02",
    "rating": "2",
    "author": "jesi****",
    "review_id": "7818930",
    "movie_id": "10041"
  },
  {
    "review": "별로 ...",
    "date": "13.08.02",
    "rating": "1",
    "author": "qort****",
    "review_id": "7818925",
    "movie_id": "10041"
  },
  {
    "review": "재난영화중 최고라고 말해도 과언이 아니다",
    "date": "13.04.10",
    "rating": "10",
    "author": "kite****",
    "review_id": "7448165",
    "movie_id": "10041"
  },
  {
    "review": "[아카데미]1973년45회 주제가1개부문수상작.재난영화의고전이자최고봉으로필자는아직까지이영화를능가하는재난영화를못봤다.실버스타스탤론의데이라잇이리메이크했으나주인공인목사역이없어져서참난감했다.뉴욕에서아테네로항해중이던포세이던호는사고를당해결국엔최후6인만살아남는다.",
    "date": "13.03.30",
    "rating": "10",
    "author": "new7****",
    "review_id": "7421391",
    "movie_id": "10041"
  },
  {
    "review": "70년대 영화지만 지금봐도 손색이 없을만큼 명작이다.",
    "date": "13.03.13",
    "rating": "10",
    "author": "happ****",
    "review_id": "7344088",
    "movie_id": "10041"
  },
  {
    "review": "주황색옷 입은 여자때문에 짜증이 좀 나는...영화의 90%가 막힌 미로같은 통로속에서 진행되다 보니 답답함과 지루함이 느껴질수도..",
    "date": "13.02.11",
    "rating": "9",
    "author": "kom_****",
    "review_id": "7251479",
    "movie_id": "10041"
  },
  {
    "review": "재앙 영화의 고전 그리고 정석",
    "date": "12.11.13",
    "rating": "10",
    "author": "kimg****",
    "review_id": "6885389",
    "movie_id": "10041"
  },
  {
    "review": "오늘 ebs에서 봤는데 70년대 고전영화라고는 믿을 수없는 연출과 촬영장소 소품등 잘 살렸으며 배우들의 연기도 일품 특히 진 핵크만의 연기는 이 영화에서 볼 수있는 백미이며 감동적이다.",
    "date": "12.11.11",
    "rating": "10",
    "author": "mjil****",
    "review_id": "6878820",
    "movie_id": "10041"
  },
  {
    "review": "오늘 우연히, 중간부터 본 영화에 눈물까지 쏟다니...진정한 용기와 희생이란 무엇인지....감동 ...정녕 40년 전 영화란 말인가?",
    "date": "12.11.11",
    "rating": "9",
    "author": "hose****",
    "review_id": "6878591",
    "movie_id": "10041"
  },
  {
    "review": "하늘은 스스로 돕는 자를 돕는다..",
    "date": "12.11.11",
    "rating": "6",
    "author": "hadl****",
    "review_id": "6878544",
    "movie_id": "10041"
  },
  {
    "review": "오바",
    "date": "12.11.11",
    "rating": "1",
    "author": "gkdl****",
    "review_id": "6878329",
    "movie_id": "10041"
  },
  {
    "review": "지금 막 봤는데 상당히 재밌게 봤음",
    "date": "12.11.11",
    "rating": "8",
    "author": "dark****",
    "review_id": "6878254",
    "movie_id": "10041"
  },
  {
    "review": "\"타워링\"과\"포세이돈어드벤쳐\"는 재난영화의 최고봉 아무리 난다긴다해도 이런영화 나오기는 힘들다 몇번을봐도 볼때마다 새로운게 최고다.",
    "date": "12.11.11",
    "rating": "10",
    "author": "free****",
    "review_id": "6878205",
    "movie_id": "10041"
  },
  {
    "review": "어릴때본게 아직도 기억나는 대박영화~ 30여년전 영화라고 보기엔 힘들다",
    "date": "12.10.04",
    "rating": "10",
    "author": "deux****",
    "review_id": "6761502",
    "movie_id": "10041"
  },
  {
    "review": "지금이야 뻔한 줄거리가 됐으나 당시엔 꽤나 유명작이었다.",
    "date": "12.09.16",
    "rating": "10",
    "author": "kos4****",
    "review_id": "6705880",
    "movie_id": "10041"
  },
  {
    "review": "오락영화는 이렇게 만들어야 한다.",
    "date": "12.09.08",
    "rating": "8",
    "author": "rd72****",
    "review_id": "6679869",
    "movie_id": "10041"
  },
  {
    "review": "옛날에 tv서 봤던 잊을수 없는 영화.",
    "date": "12.08.04",
    "rating": "10",
    "author": "kem1****",
    "review_id": "6569828",
    "movie_id": "10041"
  },
  {
    "review": "여러번봐도 진해크만의 연기는 잊을수가 없다.스케일면에서는 다른영화들과는 비교가 안된다.예전영화인데도 세트나 특수효과등은 요즘영화들과 비교해도 손색이 없을것 같다.내 기억속에 영원히 남을 영화다.",
    "date": "12.07.24",
    "rating": "10",
    "author": "knm7****",
    "review_id": "6522424",
    "movie_id": "10041"
  },
  {
    "review": "1972년작, 고전 재난영화의 끝판왕!!!",
    "date": "12.05.29",
    "rating": "10",
    "author": "thtl****",
    "review_id": "6347154",
    "movie_id": "10041"
  },
  {
    "review": "기술은 지금이 더 나은데 재미는 옛날 영화가 있다. 왜지?",
    "date": "12.05.16",
    "rating": "10",
    "author": "rlaw****",
    "review_id": "6303119",
    "movie_id": "10041"
  },
  {
    "review": "The Morning After.....",
    "date": "12.05.02",
    "rating": "10",
    "author": "pete****",
    "review_id": "6264486",
    "movie_id": "10041"
  },
  {
    "review": "이거 리메이크있긴한데 역시 원작이짱이다..닥치고보시면 잼써요",
    "date": "12.04.26",
    "rating": "10",
    "author": "myna****",
    "review_id": "6247210",
    "movie_id": "10041"
  },
  {
    "review": "수OO이 지나도 기억나는 영화",
    "date": "12.03.05",
    "rating": "10",
    "author": "book****",
    "review_id": "6124484",
    "movie_id": "10041"
  },
  {
    "review": "긴장감이 장난아니다 보는 내내 손에 땀을 쥐고 봤다 대박인데?",
    "date": "12.01.12",
    "rating": "10",
    "author": "icec****",
    "review_id": "5979986",
    "movie_id": "10041"
  },
  {
    "review": "78년이잖아",
    "date": "11.12.12",
    "rating": "8",
    "author": "cine****",
    "review_id": "5901386",
    "movie_id": "10041"
  },
  {
    "review": "실망한 2006년작에 비하면 정말 리얼한 촬영씬과 설정 등이 돋보였던 고전재난물",
    "date": "11.04.22",
    "rating": "7",
    "author": "egyp****",
    "review_id": "5386943",
    "movie_id": "10041"
  },
  {
    "review": "불에 타워링이 있다면 물엔 타이타닉? 아니다 바로 이거다",
    "date": "11.04.19",
    "rating": "10",
    "author": "jemp****",
    "review_id": "5383433",
    "movie_id": "10041"
  },
  {
    "review": "개봉연도 감안해서 7점..;",
    "date": "11.04.09",
    "rating": "7",
    "author": "gbik****",
    "review_id": "5364444",
    "movie_id": "10041"
  },
  {
    "review": "평점높다스케일이좀있는줄알았는데밋밋하다8점대영화",
    "date": "11.03.23",
    "rating": "1",
    "author": "zzzo****",
    "review_id": "5331328",
    "movie_id": "10041"
  },
  {
    "review": "재난영화의 대중화 시대를 화려하게 열어젖히다. 반가운 닐슨 영감. 편히 계시길...",
    "date": "11.03.16",
    "rating": "7",
    "author": "pria****",
    "review_id": "5317512",
    "movie_id": "10041"
  },
  {
    "review": "힘들어도 긍정적인 마인드를 가진다면 길이있다...안타까운 핵크만의 죽음",
    "date": "11.03.16",
    "rating": "7",
    "author": "thra****",
    "review_id": "5316803",
    "movie_id": "10041"
  },
  {
    "review": "와 이거 78년도 영화네 ㅋㅋㅋㅋ 오늘 티비서 해주던데 잼나게 봤음 ㅋㅋ",
    "date": "11.03.06",
    "rating": "10",
    "author": "asda****",
    "review_id": "5297770",
    "movie_id": "10041"
  },
  {
    "review": "아이고 목사님 ㅜㅜㅜㅜㅜㅜㅜㅜㅜㅜㅜㅜㅜㅜㅜㅜㅜㅜㅜㅜㅜㅜㅜㅜㅜㅜ",
    "date": "11.03.06",
    "rating": "10",
    "author": "some****",
    "review_id": "5297200",
    "movie_id": "10041"
  },
  {
    "review": "한순간 한순간 손에 땀을 쥐게하는 명화.",
    "date": "11.03.06",
    "rating": "10",
    "author": "crea****",
    "review_id": "5297192",
    "movie_id": "10041"
  },
  {
    "review": "지루한 맛이 있다...",
    "date": "11.03.06",
    "rating": "5",
    "author": "yana****",
    "review_id": "5297186",
    "movie_id": "10041"
  },
  {
    "review": "헐리웃 재난 블락버스터의 효시..",
    "date": "11.03.06",
    "rating": "9",
    "author": "pola****",
    "review_id": "5297181",
    "movie_id": "10041"
  },
  {
    "review": "염통을 쪼이는 극적인 상황연출",
    "date": "11.03.06",
    "rating": "10",
    "author": "tjrw****",
    "review_id": "5297180",
    "movie_id": "10041"
  },
  {
    "review": "지금 TV에서 하는거 보는데 지금봐도 정말 최고의 영화..몇번을 봐도,, 스릴과 감동!!",
    "date": "11.03.06",
    "rating": "10",
    "author": "jeon****",
    "review_id": "5297161",
    "movie_id": "10041"
  },
  {
    "review": "오래전에 봤는데 아직도 기억에 남는 영화",
    "date": "11.02.11",
    "rating": "10",
    "author": "jvv2****",
    "review_id": "5235912",
    "movie_id": "10041"
  },
  {
    "review": "재미와 감동을 주는 재난영화의 원작",
    "date": "11.02.11",
    "rating": "9",
    "author": "yser****",
    "review_id": "5235045",
    "movie_id": "10041"
  },
  {
    "review": "어릴때 10시만 되면 자는 날 붙잡은 영화. 마지막 신부의 대사가 아직도 귀에 울린다",
    "date": "11.01.09",
    "rating": "10",
    "author": "didw****",
    "review_id": "5143335",
    "movie_id": "10041"
  },
  {
    "review": "타이타닉보다 더 재밌네. 탈출영화보는듯한 스릴감임",
    "date": "11.01.02",
    "rating": "10",
    "author": "kore****",
    "review_id": "5116092",
    "movie_id": "10041"
  },
  {
    "review": "역대 최고의 명작",
    "date": "10.10.25",
    "rating": "10",
    "author": "good****",
    "review_id": "4921373",
    "movie_id": "10041"
  },
  {
    "review": "타이타닉 따윈 이영화 평점의 반도안된다 ^^",
    "date": "10.10.25",
    "rating": "10",
    "author": "ojs1****",
    "review_id": "4921371",
    "movie_id": "10041"
  },
  {
    "review": "긴장감, 개연성, 감동, 캐릭터 모두 현시대 재난영화들이 본 받아야~",
    "date": "10.08.28",
    "rating": "9",
    "author": "csw8****",
    "review_id": "4799497",
    "movie_id": "10041"
  },
  {
    "review": "과거생각 난다. ㅋㅋㅋ",
    "date": "10.08.12",
    "rating": "10",
    "author": "dlwn****",
    "review_id": "4738876",
    "movie_id": "10041"
  },
  {
    "review": "재난 영화 역사에 길이 남을 최고의 명작",
    "date": "10.07.30",
    "rating": "10",
    "author": "qudr****",
    "review_id": "4688675",
    "movie_id": "10041"
  },
  {
    "review": "나 태어났을때 작품이라는게 놀랍다..",
    "date": "10.05.15",
    "rating": "10",
    "author": "igal****",
    "review_id": "4499545",
    "movie_id": "10041"
  },
  {
    "review": "정말 재밌다 2010년 지금 봐도 촌스럽지 않은 작품이니 추천합니다.",
    "date": "10.04.17",
    "rating": "10",
    "author": "mh51****",
    "review_id": "4439271",
    "movie_id": "10041"
  },
  {
    "review": "잼있게봤다.. 선장이 레슬리닐슨 ㅋㅋ 약간편집이..좀그랬던",
    "date": "10.01.23",
    "rating": "8",
    "author": "skeh****",
    "review_id": "4202628",
    "movie_id": "10041"
  },
  {
    "review": "재난영화가 재밌다는 것을 보여준 첫 번째 사례~",
    "date": "10.01.08",
    "rating": "8",
    "author": "mygr****",
    "review_id": "4146710",
    "movie_id": "10041"
  },
  {
    "review": "지상 최고의 재난영화...가라앚는 배에서도 멈추지 않는 인간의 불신함",
    "date": "09.12.24",
    "rating": "10",
    "author": "mmh5****",
    "review_id": "4076776",
    "movie_id": "10041"
  },
  {
    "review": "원작보다 리메이크작 '포세이돈'이 먼저 검색되는건 심각한 검색오류라고!!!",
    "date": "09.11.18",
    "rating": "10",
    "author": "cht8****",
    "review_id": "3973522",
    "movie_id": "10041"
  },
  {
    "review": "시간가는 줄 몰랐다면 재밌는거죠? 옛날영화임을 감안해도 뛰어난 몰입도는 짱이네요!",
    "date": "09.10.30",
    "rating": "9",
    "author": "psda****",
    "review_id": "3925819",
    "movie_id": "10041"
  },
  {
    "review": "재밌다",
    "date": "09.10.05",
    "rating": "10",
    "author": "xfil****",
    "review_id": "3873938",
    "movie_id": "10041"
  },
  {
    "review": "전율!",
    "date": "09.08.27",
    "rating": "10",
    "author": "dlwo****",
    "review_id": "3792199",
    "movie_id": "10041"
  },
  {
    "review": "레슬리 닐슨은 주인공일것처럼 하고 초반에 등장하더니.....",
    "date": "09.05.28",
    "rating": "10",
    "author": "youe****",
    "review_id": "3528559",
    "movie_id": "10041"
  },
  {
    "review": "10살때쯤인가봤는데.나에게 영화가 무엇인지 알려준 영화.가슴한구석에 박혀버린영화.",
    "date": "09.04.14",
    "rating": "10",
    "author": "gdw3****",
    "review_id": "3421659",
    "movie_id": "10041"
  },
  {
    "review": "어렸을때 본 기억이 나서 다시봤는데 볼만했음",
    "date": "09.04.06",
    "rating": "8",
    "author": "west****",
    "review_id": "3407162",
    "movie_id": "10041"
  },
  {
    "review": "최고지 ,,, ㅎㅎ",
    "date": "09.03.04",
    "rating": "10",
    "author": "nice****",
    "review_id": "3346280",
    "movie_id": "10041"
  },
  {
    "review": "불에 재난은 타워링, 물의 재난은 포세이돈 어드벤처",
    "date": "09.02.27",
    "rating": "10",
    "author": "kckz****",
    "review_id": "3336326",
    "movie_id": "10041"
  },
  {
    "review": "정말 강추 합니다 굿굿",
    "date": "09.02.25",
    "rating": "10",
    "author": "pjjd****",
    "review_id": "3333074",
    "movie_id": "10041"
  },
  {
    "review": "해양 재난 영화의 최고 걸작이자 영원한 고전...주인공이 죽는 영화...정말 잼있다!!!",
    "date": "08.11.30",
    "rating": "10",
    "author": "777s****",
    "review_id": "3082053",
    "movie_id": "10041"
  },
  {
    "review": "옛날영화지만 재밌다는게 신기!!",
    "date": "08.11.08",
    "rating": "10",
    "author": "jkh0****",
    "review_id": "3039490",
    "movie_id": "10041"
  },
  {
    "review": "어릴적 이영화 보면서 펑펑 울었던 기억이 나네요 정말 최고의 영화던거 같아요",
    "date": "08.09.20",
    "rating": "10",
    "author": "odde****",
    "review_id": "2959685",
    "movie_id": "10041"
  },
  {
    "review": "최고의 재난 영화",
    "date": "08.07.27",
    "rating": "7",
    "author": "refr****",
    "review_id": "2808167",
    "movie_id": "10041"
  },
  {
    "review": "아 진짜 최고인듯. 인상적이지 않은 장면이 없었다",
    "date": "08.06.29",
    "rating": "10",
    "author": "dion****",
    "review_id": "2729133",
    "movie_id": "10041"
  },
  {
    "review": "최고의영화",
    "date": "08.06.07",
    "rating": "10",
    "author": "key_****",
    "review_id": "2685740",
    "movie_id": "10041"
  }
]