[
  {
    "review": "All time best",
    "date": "15.08.26",
    "rating": "10",
    "author": "foxa****",
    "review_id": "10276206",
    "movie_id": "10071"
  },
  {
    "review": "불세출의 대작. 시나리오계에 가장 중요한 원형을 남겼다.",
    "date": "15.08.25",
    "rating": "10",
    "author": "jesu****",
    "review_id": "10273347",
    "movie_id": "10071"
  },
  {
    "review": "와....진짜 대단함",
    "date": "15.08.21",
    "rating": "10",
    "author": "ksh6****",
    "review_id": "10258847",
    "movie_id": "10071"
  },
  {
    "review": "20세기 최고의 영화~알파치노의 차가운 눈빛과 연기력은 소름",
    "date": "15.08.20",
    "rating": "10",
    "author": "stea****",
    "review_id": "10253009",
    "movie_id": "10071"
  },
  {
    "review": "마피아 미화에 비현실적으로 분위기 잡는다.",
    "date": "15.08.19",
    "rating": "7",
    "author": "cori****",
    "review_id": "10252105",
    "movie_id": "10071"
  },
  {
    "review": "시실리이민자들이 아메리카의 밤을 지배한다..",
    "date": "15.08.17",
    "rating": "10",
    "author": "pont****",
    "review_id": "10243606",
    "movie_id": "10071"
  },
  {
    "review": "감히 십점드립니다 ㅜㅜ",
    "date": "15.08.16",
    "rating": "10",
    "author": "hey_****",
    "review_id": "10239174",
    "movie_id": "10071"
  },
  {
    "review": "최근에 만들어졌다고 해도 믿을정도의 전개와 구성과 퀄리티 40년전 작품이란게 믿기지가않는다",
    "date": "15.08.14",
    "rating": "10",
    "author": "meko****",
    "review_id": "10228960",
    "movie_id": "10071"
  },
  {
    "review": "어렸을적에 봤을땐 좀 지루하고 그저 그런 영화였는데, 커서 보니 느낌이 다르긴 하군. 묵직한 느낌의 분위기가 좋다.",
    "date": "15.08.14",
    "rating": "9",
    "author": "kjk9****",
    "review_id": "10227034",
    "movie_id": "10071"
  },
  {
    "review": "그냥 최고다 소름돋을정도로",
    "date": "15.08.10",
    "rating": "10",
    "author": "cani****",
    "review_id": "10214618",
    "movie_id": "10071"
  },
  {
    "review": "알파치노 개 젊네ㅋㅋㅋ",
    "date": "15.08.09",
    "rating": "10",
    "author": "twit****",
    "review_id": "10209886",
    "movie_id": "10071"
  },
  {
    "review": "죽여야만 살아남는 아메리칸드림을 그린 영화. 미국인과 같이 이영화에 열광할 필요는 없다.",
    "date": "15.08.07",
    "rating": "1",
    "author": "turb****",
    "review_id": "10197198",
    "movie_id": "10071"
  },
  {
    "review": "영화를 보고 나면 왜 이 영화를 '명작'이라고 칭하는지 알 수 있다.",
    "date": "15.08.05",
    "rating": "10",
    "author": "beca****",
    "review_id": "10186287",
    "movie_id": "10071"
  },
  {
    "review": "굿. 알파치노 젊었을적 모습도 보고 좋았다. 말론 브란도 포스는 그 어떤 보스도 따라갈 순 없구만!",
    "date": "15.07.28",
    "rating": "9",
    "author": "0411****",
    "review_id": "10152595",
    "movie_id": "10071"
  },
  {
    "review": "이런 대작을 이제 보았다니.",
    "date": "15.07.19",
    "rating": "10",
    "author": "aol6****",
    "review_id": "10118448",
    "movie_id": "10071"
  },
  {
    "review": "위대한 명성에 이끌려 보게된 영화. 하지만 그 명성에 못미치는 영화라고 생각한다. 솔직히 영화를 보는 3시간이 지루하고 아깝다고 느낄정도로 재미가 없었다. 동시대에 대비해서 재미있었기 때문에 명성을 얻은걸까? 차라리 '신세계'가 훨씬 재밌고 깊다.",
    "date": "15.07.12",
    "rating": "3",
    "author": "qkdr****",
    "review_id": "10098880",
    "movie_id": "10071"
  },
  {
    "review": "10년전인 2005년에 처음 봤는데 그때 봤을때의 충격이 전율이 아직도 생각난다. 왜 사람들이 대부를 20세기 최고의 영화이고 불후의 명작이라고 하는지 보고나서야 이해가 됐다. 총 5번 정도 본거 같은데 결혼하고 아버지가 되어서 또 한번 더 보고싶다.",
    "date": "15.07.10",
    "rating": "10",
    "author": "kjw9****",
    "review_id": "10087032",
    "movie_id": "10071"
  },
  {
    "review": "갓 대부 돈 꼴로네오네!",
    "date": "15.07.06",
    "rating": "10",
    "author": "dday****",
    "review_id": "10076851",
    "movie_id": "10071"
  },
  {
    "review": "다 좋은데 다이안 키튼 젊었을 적 모습 보니 엄청 못생겼다. 마이클이 더 이쁘네..",
    "date": "15.07.04",
    "rating": "10",
    "author": "sayh****",
    "review_id": "10068478",
    "movie_id": "10071"
  },
  {
    "review": "cgv에서 방금 봤습니다. 4번째 보는건데도 볼때마다 소름돋네요.. 정말 최고의 명작입니다!",
    "date": "15.07.04",
    "rating": "10",
    "author": "zelo****",
    "review_id": "10067016",
    "movie_id": "10071"
  },
  {
    "review": "100점 주고싶다.진짜 20세기 최고의 명작.말론 브란도의 선 깊은 연기는 단연 최고였다.",
    "date": "15.07.04",
    "rating": "10",
    "author": "ghks****",
    "review_id": "10066888",
    "movie_id": "10071"
  },
  {
    "review": "젊은 남녀들이 지금 보기에는 한없이 지루한 영화고 30이 넘은 중년 남성들이 보기에는 괜찮은 70년대 느와르 영화. 젊은 사람들이 보면 옛날식 연출과 긴 런닝타임으로 좀 재미없고 지루할 만 하다.",
    "date": "15.07.04",
    "rating": "7",
    "author": "blue****",
    "review_id": "10066748",
    "movie_id": "10071"
  },
  {
    "review": "돈 비토의 중후함과 마이클의 책임감과 토니의 가족애등 마피아 일가족을 통해 보여주는 최고의 누아르 영화이자 가족영화이다.",
    "date": "15.07.04",
    "rating": "10",
    "author": "inos****",
    "review_id": "10066725",
    "movie_id": "10071"
  },
  {
    "review": "ㅋㅋㅋ이게지루하다고? 미친거아니냐? 대부다대부..",
    "date": "15.06.30",
    "rating": "10",
    "author": "dltj****",
    "review_id": "10055046",
    "movie_id": "10071"
  },
  {
    "review": "살짝 지루하고 몰입도가 떨어짐",
    "date": "15.06.19",
    "rating": "5",
    "author": "sali****",
    "review_id": "10012323",
    "movie_id": "10071"
  },
  {
    "review": "유일하게 10년 20년 30년... 주기로 봐야 할 영화 단지 포스터만 봐도 소름돋는다.",
    "date": "15.06.19",
    "rating": "8",
    "author": "dpdj****",
    "review_id": "10010754",
    "movie_id": "10071"
  },
  {
    "review": "-10000x10000은 주고싶다  마피아미화 쓰레기영화 남들 다 좋다고 명작이다하니 그냥 10점들 남발하는거봐라 이런영화 뒷배경에 거대범죄조직이 연루되어있다는거아시나? 이런영화를 명작이라 부르고 치켜세우는건 아직도 허세영화를 좋아하는사람들이많다는거",
    "date": "15.06.13",
    "rating": "1",
    "author": "sang****",
    "review_id": "9995876",
    "movie_id": "10071"
  },
  {
    "review": "10번도 봐도 멋지다!!!",
    "date": "15.06.09",
    "rating": "10",
    "author": "junb****",
    "review_id": "9985884",
    "movie_id": "10071"
  },
  {
    "review": "만듦새는 확실히 좋으나 결국 쓰레기 양아치들의 이야기라 마냥 찬양하기 씁쓸하다. 우리나라로 치면 조폭미화 아닌가? 이걸보고 마피아가 멋있다란 생각은 버려야할것이다",
    "date": "15.06.07",
    "rating": "2",
    "author": "eric****",
    "review_id": "9983292",
    "movie_id": "10071"
  },
  {
    "review": "말론 브란도 그 이상이다. 알 파치노 잘 잡았도다.",
    "date": "15.06.06",
    "rating": "10",
    "author": "endl****",
    "review_id": "9978633",
    "movie_id": "10071"
  },
  {
    "review": "종합 평점은 8점 드립니다.",
    "date": "15.06.03",
    "rating": "8",
    "author": "terr****",
    "review_id": "9971287",
    "movie_id": "10071"
  },
  {
    "review": "명작은 시대를 관통한다.",
    "date": "15.05.31",
    "rating": "8",
    "author": "soqu****",
    "review_id": "9966241",
    "movie_id": "10071"
  },
  {
    "review": "영화는 이해가 되는 연령대가 따로 존재하는듯.. 20대 초엔 핵노잼이었는데",
    "date": "15.05.26",
    "rating": "10",
    "author": "lone****",
    "review_id": "9951191",
    "movie_id": "10071"
  },
  {
    "review": "한국영화는 아직 100년은 멀었다.",
    "date": "15.05.22",
    "rating": "10",
    "author": "zndz****",
    "review_id": "9938001",
    "movie_id": "10071"
  },
  {
    "review": "클래식은 영원하다라는 말이 가장 잘어울리는 영화",
    "date": "15.05.19",
    "rating": "10",
    "author": "voca****",
    "review_id": "9931523",
    "movie_id": "10071"
  },
  {
    "review": "PC게임 대부하면서 .. \"와 스토리 장난아니네..영화로 보면 진짜 재미겠다.\" 이랫다가 알고보니 대부1 스토리 그대로 90%복사해서 만든게임이라는걸 알게됐음..그덕에 영화까지 봤는데 아주 꿀잼..게임하다가 영화를 보게된 특이한 케이스",
    "date": "15.05.18",
    "rating": "10",
    "author": "deuk****",
    "review_id": "9929978",
    "movie_id": "10071"
  },
  {
    "review": "최고라는 말은 이 영화를 위해 있는 듯",
    "date": "15.05.17",
    "rating": "10",
    "author": "emin****",
    "review_id": "9924893",
    "movie_id": "10071"
  },
  {
    "review": "최고의 명작은 언제봐도 명작이다.",
    "date": "15.05.15",
    "rating": "10",
    "author": "phji****",
    "review_id": "9917825",
    "movie_id": "10071"
  },
  {
    "review": "영화의 교과서 사나이의 교과서",
    "date": "15.05.05",
    "rating": "10",
    "author": "thei****",
    "review_id": "9897660",
    "movie_id": "10071"
  },
  {
    "review": "그저 옛 영화 입니다. 예전의 경향과 문화를 알고 싶으신 분은 보세요. 지금 봐도 괜찮은 고전명작의 공통점은 그 감독들이 현재까지도 활발히 활동한다는 것이죠. 대부 감독은 2000년대 이후로 성공적이지 못합니다. 구성과 전개가 너무 올드하고 지루하죠.",
    "date": "15.05.04",
    "rating": "1",
    "author": "pios****",
    "review_id": "9893096",
    "movie_id": "10071"
  },
  {
    "review": "긴 러닝타임에도 불필요한 요소 하나 빠지지 않고 몰입하게 만들어 주는 최고의 느와르 필름",
    "date": "15.05.02",
    "rating": "10",
    "author": "sys9****",
    "review_id": "9885410",
    "movie_id": "10071"
  },
  {
    "review": "캐릭터 부터 일단 10점 먹고 들어간다. 10점 이상 줄 수 없다는 것이 슬플 뿐",
    "date": "15.04.25",
    "rating": "10",
    "author": "ho30****",
    "review_id": "9866172",
    "movie_id": "10071"
  },
  {
    "review": "평점이 왜이렇게 낮나요?",
    "date": "15.04.24",
    "rating": "10",
    "author": "thsw****",
    "review_id": "9863964",
    "movie_id": "10071"
  },
  {
    "review": "영화사를 통틀어 현존하는 최고의 영화",
    "date": "15.04.23",
    "rating": "10",
    "author": "guev****",
    "review_id": "9859949",
    "movie_id": "10071"
  },
  {
    "review": "이런 영화를 왜 이제야 봤을까 싶다 괜히 명작이라 하는게 아닌듯",
    "date": "15.04.22",
    "rating": "10",
    "author": "cltp****",
    "review_id": "9857209",
    "movie_id": "10071"
  },
  {
    "review": "가족과 가정, 폭력과 범죄, 빛과 그림자의 모든 것",
    "date": "15.04.21",
    "rating": "9",
    "author": "syoc****",
    "review_id": "9856222",
    "movie_id": "10071"
  },
  {
    "review": "평론가 평점 읽다가 소름돋는 문장 있길래 누군가 봤더니 허지웅 ㅋㅋ 이사람은 이런 글을 쓰는 사람이란걸 곧잘 잊곤 한다.",
    "date": "15.04.14",
    "rating": "10",
    "author": "dhzm****",
    "review_id": "9845126",
    "movie_id": "10071"
  },
  {
    "review": "우잉ㅠㅠ 채고야ㅠㅠㅠㅠ",
    "date": "15.04.13",
    "rating": "10",
    "author": "wjdd****",
    "review_id": "9843564",
    "movie_id": "10071"
  },
  {
    "review": "이 만한 영화를 또 볼 수 있을까?",
    "date": "15.04.09",
    "rating": "10",
    "author": "7734****",
    "review_id": "9836995",
    "movie_id": "10071"
  },
  {
    "review": "불후의 명작..의 시작",
    "date": "15.04.09",
    "rating": "10",
    "author": "mins****",
    "review_id": "9836114",
    "movie_id": "10071"
  },
  {
    "review": "이것이 고전이다. 시대를 초월하는 이야기. 남성의 탐욕에 대한 진지한 고찰. 무엇보다 모든 영화적 요소들, 촬영, 편집, 미장센, 연기 등등이 주제를 부각시킨다. 이건 절대 쉬운 일이 아니다. 이건 정말 위대한 연출이다.",
    "date": "15.04.07",
    "rating": "9",
    "author": "mlif****",
    "review_id": "9833377",
    "movie_id": "10071"
  },
  {
    "review": "걸작. 인생 최고의 영화",
    "date": "15.04.01",
    "rating": "10",
    "author": "scye****",
    "review_id": "9820053",
    "movie_id": "10071"
  },
  {
    "review": "그렇게 마이클은 갓파더가 되고",
    "date": "15.03.30",
    "rating": "10",
    "author": "nirv****",
    "review_id": "9817507",
    "movie_id": "10071"
  },
  {
    "review": "돈 코를레오네....",
    "date": "15.03.24",
    "rating": "10",
    "author": "il90****",
    "review_id": "9803888",
    "movie_id": "10071"
  },
  {
    "review": "위대한 전설은 어떻게 시작되엇나.",
    "date": "15.03.21",
    "rating": "10",
    "author": "wlgu****",
    "review_id": "9797632",
    "movie_id": "10071"
  },
  {
    "review": "10점으로도 부족한 영화",
    "date": "15.03.18",
    "rating": "10",
    "author": "zee0****",
    "review_id": "9791340",
    "movie_id": "10071"
  },
  {
    "review": "씬은 좋은데 연결이 너무 뚝뚝 끊어지는 지라 몰입이 힘들다.  시대를 초월하긴 힘든 영화",
    "date": "15.03.18",
    "rating": "6",
    "author": "boym****",
    "review_id": "9791053",
    "movie_id": "10071"
  },
  {
    "review": "'보나세라,보나세라...이친구야...' 몇번을 다시 봐도 정주행 하게되는 영화...쌩뚱맞은 포인트 일지 모르지만 결혼식 피로연에서 수많은 엑스트라들의 표정을 한번 보라. 다들 정말 파티를 즐기고 있다...대체 감독은 무슨 마술을 부렸을까?",
    "date": "15.03.13",
    "rating": "10",
    "author": "guns****",
    "review_id": "9777604",
    "movie_id": "10071"
  },
  {
    "review": "37년 더 넘어서 본 영화임에도.. 2015년 지금 나왔더라도 대박을 터뜨렸을 영화. 말론 브란도, 알 파치노.. 정말 최고의 배우. 영화 의 전체가 완벽하다. 대부2를 보면 자지러질 것 같다. 왜 이제서야 봤을까..",
    "date": "15.03.09",
    "rating": "10",
    "author": "lsl6****",
    "review_id": "9768117",
    "movie_id": "10071"
  },
  {
    "review": "거부할 수 없는 부탁을 하지..",
    "date": "15.02.28",
    "rating": "10",
    "author": "tpfl****",
    "review_id": "9745790",
    "movie_id": "10071"
  },
  {
    "review": "옛날 영화는 구리다라는 나의 편견을 깨준 영화 , 10점으론 모자른 고전 클래식",
    "date": "15.02.25",
    "rating": "10",
    "author": "the0****",
    "review_id": "9738206",
    "movie_id": "10071"
  },
  {
    "review": "10대에 이 영화를 보고 이딴게 대체 무슨 명작이야??? 20대때 보고 명배우 말론 브란도와 알파치노의 연기에 감동했으며 한참지난 지금  이 영화를 보고 가슴이 먹먹 해졌다. 수 많은 명장면과 명대사는 그냥 덤이다.",
    "date": "15.02.16",
    "rating": "10",
    "author": "ost8****",
    "review_id": "9703726",
    "movie_id": "10071"
  },
  {
    "review": "아 말론브란도... 이 영화를 이제까지 안보고 미뤄왔다니",
    "date": "15.02.14",
    "rating": "10",
    "author": "kkkh****",
    "review_id": "9695380",
    "movie_id": "10071"
  },
  {
    "review": "1부만 보면  한편의 명작 느와르 영화를 본 느낌이 들지만 3부까지 보면 한 사람의 인생을 들여다 본 느낌이 든다",
    "date": "15.02.08",
    "rating": "10",
    "author": "dksd****",
    "review_id": "9680658",
    "movie_id": "10071"
  },
  {
    "review": "영화 상영시간은 인터스텔라 뺨쳤치만.. 하나하나 곱씹어 봐야할1분1초다.",
    "date": "15.02.04",
    "rating": "10",
    "author": "poli****",
    "review_id": "9667176",
    "movie_id": "10071"
  },
  {
    "review": "아직도 말론 브란도의 쉰목소리와 어감 무게감이 느껴지고 배우들 연기하나하나가 명품 작품성은 말할것도없이 내가본 최고의 영화",
    "date": "15.02.03",
    "rating": "10",
    "author": "wjsk****",
    "review_id": "9664479",
    "movie_id": "10071"
  },
  {
    "review": "나이어린내가봐도명작이란게느껴짐",
    "date": "15.02.01",
    "rating": "8",
    "author": "2ele****",
    "review_id": "9656837",
    "movie_id": "10071"
  },
  {
    "review": "1970년대 영화라고는 믿기지 않을 정도로 굉장히 세련된 느와르",
    "date": "15.01.30",
    "rating": "9",
    "author": "para****",
    "review_id": "9652212",
    "movie_id": "10071"
  },
  {
    "review": "대부를 안봤으면 느와르 영화를 논하지 마라.",
    "date": "15.01.27",
    "rating": "10",
    "author": "poro****",
    "review_id": "9641429",
    "movie_id": "10071"
  },
  {
    "review": "말로만 듣다 보았는데 오늘 보게되었는데. 정말 시대의 명작이네요. 정말 천재적인 작품 같습니다.",
    "date": "15.01.26",
    "rating": "10",
    "author": "obli****",
    "review_id": "9638033",
    "movie_id": "10071"
  },
  {
    "review": "빨리 2도 보고싶다...",
    "date": "15.01.23",
    "rating": "10",
    "author": "tiko****",
    "review_id": "9626737",
    "movie_id": "10071"
  },
  {
    "review": "내재된 분노가 얼마나 무서운지 제대로 깨닫게 됨",
    "date": "15.01.22",
    "rating": "10",
    "author": "gkdm****",
    "review_id": "9621795",
    "movie_id": "10071"
  },
  {
    "review": "어릴대 tv로 본 대부는 내용도 잘모르겠고 그냥 지루한 영화로 기억한다.. 40살이 되어서 다시본 대부는 40살이 될때까지 본영화중 가장 기억에 남는 영화로 기억된다.",
    "date": "15.01.19",
    "rating": "10",
    "author": "bara****",
    "review_id": "9614175",
    "movie_id": "10071"
  },
  {
    "review": "느와르의 정의입니다.",
    "date": "15.01.17",
    "rating": "10",
    "author": "char****",
    "review_id": "9603450",
    "movie_id": "10071"
  },
  {
    "review": "감히 평하겠는가 그 시대 최고의 명화다",
    "date": "15.01.17",
    "rating": "10",
    "author": "jhhj****",
    "review_id": "9603269",
    "movie_id": "10071"
  },
  {
    "review": "재밌게 잘 보았습니다.",
    "date": "15.01.14",
    "rating": "9",
    "author": "jin1****",
    "review_id": "9593765",
    "movie_id": "10071"
  },
  {
    "review": "천재적인 역량.. 영화가 진행되는 내내 놀라게 한다",
    "date": "15.01.11",
    "rating": "9",
    "author": "dspi****",
    "review_id": "9582508",
    "movie_id": "10071"
  },
  {
    "review": "남자가 안봤으면 제발 보세요 아니면 군대 다시가던가",
    "date": "15.01.06",
    "rating": "10",
    "author": "gues****",
    "review_id": "9567913",
    "movie_id": "10071"
  },
  {
    "review": "마초스럽다 연기잘하고 재밌다 그냥 있는 그대로의 마피아 모습인 것 같아 괜찮았다.",
    "date": "15.01.01",
    "rating": "8",
    "author": "sckc****",
    "review_id": "9548858",
    "movie_id": "10071"
  },
  {
    "review": "175분이 너무나 짧게 느껴졌다.명대사며 명언이며 연기며 캐릭터까지 잊을 수가 없는 영화.초반부터 교훈적이 말들이 나와 정말 중독되었다.원래 봤던 영화를 또 보면 지루하지만 이 영화는 끝까지 보게 하는 영화다.내가 느와르를 좋아하게 되는 계기.책도 짱",
    "date": "15.01.01",
    "rating": "10",
    "author": "igel****",
    "review_id": "9548707",
    "movie_id": "10071"
  },
  {
    "review": "지루하다 솔직히 나는 잘 이해못하겠다",
    "date": "14.12.25",
    "rating": "5",
    "author": "ghda****",
    "review_id": "9514520",
    "movie_id": "10071"
  },
  {
    "review": "내 인생에 있어서 가장 많이 본 영화 대부 1, 2.2~3년 마다 보고 보고 또 보고 ....",
    "date": "14.12.25",
    "rating": "10",
    "author": "jjje****",
    "review_id": "9513749",
    "movie_id": "10071"
  },
  {
    "review": "내년에 39살 이 영화을 처음 본 오늘 감사합니다.",
    "date": "14.12.25",
    "rating": "10",
    "author": "e100****",
    "review_id": "9510430",
    "movie_id": "10071"
  },
  {
    "review": "수많은 오마주를 만들어낸 세상 모든 느와르의 모태이자 교과서 같은 걸작",
    "date": "14.12.20",
    "rating": "9",
    "author": "sipj****",
    "review_id": "9492758",
    "movie_id": "10071"
  },
  {
    "review": "재밋진 않지만 고전영화의 클래식함은 아주 넘침 두 번 보면 좋을 영화임",
    "date": "14.12.13",
    "rating": "10",
    "author": "rlag****",
    "review_id": "9470916",
    "movie_id": "10071"
  },
  {
    "review": "마이클꼴레오네가 식당에서 총쏘는 그 씬은 예술이다.",
    "date": "14.12.11",
    "rating": "4",
    "author": "samg****",
    "review_id": "9466205",
    "movie_id": "10071"
  },
  {
    "review": "말이 필요없는 영화ㅡ3부작 전부 정말 한 장면 한 장면 잊혀지지않는 명장면ㅡㄷㄷㄷ그 긴 시간 동안 버릴 게 없다 버릴 게!!!!",
    "date": "14.12.11",
    "rating": "10",
    "author": "xell****",
    "review_id": "9464651",
    "movie_id": "10071"
  },
  {
    "review": "진짜 길이 길이 남을 명작입니다 다시 봐도 재밌네요ㅎ",
    "date": "14.12.10",
    "rating": "10",
    "author": "asd3****",
    "review_id": "9463611",
    "movie_id": "10071"
  },
  {
    "review": "최고다.. 왜 이제서야 이 영화를 보았을까",
    "date": "14.12.06",
    "rating": "10",
    "author": "swee****",
    "review_id": "9453398",
    "movie_id": "10071"
  },
  {
    "review": "마치 한편의 문학작품을 읽는듯한 엄청난 서사감 ㄷㄷ 말론브란도의 연기에 감동받았습니다. 얼른 대부2,3 봐야겠다 ㅎㅎㅎㅎ",
    "date": "14.11.30",
    "rating": "10",
    "author": "wnst****",
    "review_id": "9434987",
    "movie_id": "10071"
  },
  {
    "review": "배우도 명배우! 감독 또한 명감독! 이런영화를 놓치는것은 대단한 실수란것을 아시길...",
    "date": "14.11.30",
    "rating": "10",
    "author": "g023****",
    "review_id": "9434913",
    "movie_id": "10071"
  },
  {
    "review": "20번 넘게 본거 같음... 근데 볼때마다 새로운 영화를 보는 느낌임...",
    "date": "14.11.29",
    "rating": "10",
    "author": "ksky****",
    "review_id": "9433669",
    "movie_id": "10071"
  },
  {
    "review": "아버지와 남성의 '숙명의 의무''에 대해서 비장하게 파해친다.",
    "date": "14.11.26",
    "rating": "10",
    "author": "hyuk****",
    "review_id": "9424156",
    "movie_id": "10071"
  },
  {
    "review": "말론 브란도, 알 파치노면 말 다한 영화 아닌가요. 대부 이후  느와르 영화들이 대부를 능가할 수 있을지? 대부만큼만 나와줘도 감사할텐데, 옛날보다 기술은 발전했지만 내용과 연출은 예전이 더 나은 것 같죠...",
    "date": "14.11.23",
    "rating": "10",
    "author": "eter****",
    "review_id": "9413076",
    "movie_id": "10071"
  },
  {
    "review": "갱스터 영화의 바이블, 시대가 지나도 기억될 명작",
    "date": "14.11.17",
    "rating": "9",
    "author": "rcan****",
    "review_id": "9395020",
    "movie_id": "10071"
  },
  {
    "review": "최고! 빠져드는 알파치노!^^",
    "date": "14.11.17",
    "rating": "10",
    "author": "yuri****",
    "review_id": "9394576",
    "movie_id": "10071"
  },
  {
    "review": "긴시간이 후딱~언제적영화인데이다지도 치밀하고 빨려들어갈수있나~최고다!연기?음악?젊은 알파치노~^^",
    "date": "14.11.16",
    "rating": "10",
    "author": "chal****",
    "review_id": "9390726",
    "movie_id": "10071"
  },
  {
    "review": "평가 무의미‥ 이 영화는 한번보고 버릴 영화는 아닌건 분명하다",
    "date": "14.11.16",
    "rating": "10",
    "author": "jhoo****",
    "review_id": "9390706",
    "movie_id": "10071"
  },
  {
    "review": "나이가 들면서 옛영화를 보면 유치하기 이를데없는데 이 영화는 시간이 지나며 더욱 진한 감명이 드는 영화 오늘 교육방송에서 방영했는데 잠이 안옴",
    "date": "14.11.16",
    "rating": "10",
    "author": "ssam****",
    "review_id": "9389793",
    "movie_id": "10071"
  },
  {
    "review": "몇OO간 보고 또보게 된다 OST는 나의 몸속에있는향수를끄집어낸다.이런 남자들의 감성은 우리나라도 70년대까지도있었던것같다.",
    "date": "14.11.16",
    "rating": "9",
    "author": "bdch****",
    "review_id": "9389747",
    "movie_id": "10071"
  }
]