[
  {
    "review": "막장로맨스, 오드리 헵번의 연기가 작품을 살렸다 나머진 쓰레기",
    "date": "15.08.26",
    "rating": "4",
    "author": "jsga****",
    "review_id": "10276030",
    "movie_id": "10073"
  },
  {
    "review": "갑자기 문리버란 노래가 귓가에 울려 처음 봤는데  그냥  예전 영화라 생각하고 봤다 어찌보면 bitch같은 역할의 오드리 햅번에 이게 뭔 재미지 싶다가 그냥 미모에 놀라고 그 당시 미국의 생활상을 볼 수 있던거 같아 뭐 나름 2시간 재밌게  봤던것같다",
    "date": "15.08.11",
    "rating": "8",
    "author": "try1****",
    "review_id": "10214958",
    "movie_id": "10073"
  },
  {
    "review": "할리는 여리지만 강한여자였다. 그 여자의 모든 아름다움을 안 남자, 그리고 그 남자의 존재의 소중함을 안 할리의 가볍지만 깊은 로맨스. 내생에서 이때까지의 로맨스영화중 단연최고라 칭할만하다.",
    "date": "15.08.10",
    "rating": "9",
    "author": "mtbo****",
    "review_id": "10211405",
    "movie_id": "10073"
  },
  {
    "review": "61년도 영화라는걸 믿을수 없었어요.. 영상에서 느껴지는 뉴욕이 참 낭만적이였습니다. 영화 중간에 지루한 감이 있었지만 시대를 고려했을때 정말 훌륭한 영화라고생각합니다.",
    "date": "15.08.04",
    "rating": "9",
    "author": "hyun****",
    "review_id": "10182601",
    "movie_id": "10073"
  },
  {
    "review": "영화를 보는 내내 충격이였다. 원래도 아름다운건 알고있었지만 실제로 영화를 보니 오드리햅번이 얼마나 아름답고 재능있는 여잔지 온몸으로 느껴졌다. 길이길이 남을 명작 정말 추천하고싶다",
    "date": "15.06.20",
    "rating": "10",
    "author": "sasm****",
    "review_id": "10014014",
    "movie_id": "10073"
  },
  {
    "review": "로마의휴일과 쌍벽을 이룰만한 명작",
    "date": "15.06.14",
    "rating": "10",
    "author": "cass****",
    "review_id": "9999441",
    "movie_id": "10073"
  },
  {
    "review": "댓글들 중에 요즘은 왜 이런영화가 안나올까...라는 글이 있다.문제는 이런영화가 안나오는게 아니라 이런배우가 안나오는것이다. 오~햅번~",
    "date": "15.06.08",
    "rating": "10",
    "author": "hsh6****",
    "review_id": "9984998",
    "movie_id": "10073"
  },
  {
    "review": "문 리버와 티파니 PPL",
    "date": "15.04.22",
    "rating": "4",
    "author": "rd72****",
    "review_id": "9857094",
    "movie_id": "10073"
  },
  {
    "review": "61년 작이라는게 진짜 안믿긴다. 패션도 진짜 이쁨. 그리고 미국이 얼마나 선진국인지를 알 수있었다. 내용적으로는 진짜 좋았던게 우리 20대같은 7포세대가 보면 참 좋은 영화인거 같다.아무리 삶이 고달파도 사랑은 소중하고 위대하다는 것을 알려준다.",
    "date": "15.04.22",
    "rating": "10",
    "author": "cof7****",
    "review_id": "9856600",
    "movie_id": "10073"
  },
  {
    "review": "우울함은 두려움과 같다",
    "date": "15.03.03",
    "rating": "6",
    "author": "ysmj****",
    "review_id": "9754818",
    "movie_id": "10073"
  },
  {
    "review": "오드리 햅번.... 전무후무한 영원한 나의 이상형....",
    "date": "15.02.18",
    "rating": "10",
    "author": "rabu****",
    "review_id": "9710370",
    "movie_id": "10073"
  },
  {
    "review": "진짜 세기의 명작인듯 십계를 보고나서 그다음날 티파니에서 아침을 보고 딱 생각나는게 역시 사랑받는 영화는 그 주인공에 그 연기라는 생각이 문득든다 moon river도 참좋다",
    "date": "15.01.30",
    "rating": "10",
    "author": "dbgk****",
    "review_id": "9650770",
    "movie_id": "10073"
  },
  {
    "review": "말로만 듣던 오드리 햅번의 눈부신 미모를 직접 눈으로 확인하는 기회",
    "date": "15.01.21",
    "rating": "7",
    "author": "sipj****",
    "review_id": "9620535",
    "movie_id": "10073"
  },
  {
    "review": "명작이죠 소장하고 싶은 영화",
    "date": "15.01.10",
    "rating": "10",
    "author": "yeon****",
    "review_id": "9582174",
    "movie_id": "10073"
  },
  {
    "review": "오드리햅번이 항상 사랑스러워보였고 마지막 극적은 최고였던것같아요ㅜㅜ",
    "date": "15.01.08",
    "rating": "10",
    "author": "chs8****",
    "review_id": "9575647",
    "movie_id": "10073"
  },
  {
    "review": "고전은 내가 생각하는것 만큼 아름답지는 않더라..시네마 천국도...졸업도...이것도....예나 지금이나 다 똑같다 사랑은..그래도 오드리 헴번을 사랑하기에 좋은 영화였당",
    "date": "15.01.06",
    "rating": "8",
    "author": "o0o1****",
    "review_id": "9566840",
    "movie_id": "10073"
  },
  {
    "review": "진정 명작이지 ..영화는 스토리에 혹은 기승전결에 의존해서 보는게 아니다. 영화 초반부에서 오드리햅번의 대사는 이미 나를 사로잡았다.  대사와 영화속 분위기 그리고 영상 ..  감정 .. 감성..  모두 나를 설레게 했다.  최고",
    "date": "15.01.03",
    "rating": "10",
    "author": "la23****",
    "review_id": "9558390",
    "movie_id": "10073"
  },
  {
    "review": "고전 로맨스에서 발견한 현대적 감각. 상류층 사회에 대한 동경으로 신분상승을 꿈꾸는 홀리의 이야기는 시대가 흘러도 현대인들에게 깊은 공감대를 전하며 시대를 풍자하는 블랙유머와 슬랩스틱 코미디에 이르기까지 현대적인 감각으로 연출된 것 같았다",
    "date": "14.11.30",
    "rating": "9",
    "author": "ilov****",
    "review_id": "9434262",
    "movie_id": "10073"
  },
  {
    "review": "오드리 햅번 영화중에 가장 좋아하는 영화!",
    "date": "14.11.20",
    "rating": "10",
    "author": "ha_y****",
    "review_id": "9402017",
    "movie_id": "10073"
  },
  {
    "review": "오드리햅번 자체만으로도 빛나는 영화!!!",
    "date": "14.11.13",
    "rating": "10",
    "author": "dred****",
    "review_id": "9379994",
    "movie_id": "10073"
  },
  {
    "review": "명장면이 참 많은듯..오드리 햅번 미모 감상만으로도 벅차다. 정말 여신이다",
    "date": "14.11.13",
    "rating": "8",
    "author": "ehwj****",
    "review_id": "9376527",
    "movie_id": "10073"
  },
  {
    "review": "오드리룩이왜나온지알겠다스토리도짱",
    "date": "14.11.11",
    "rating": "10",
    "author": "joow****",
    "review_id": "9371966",
    "movie_id": "10073"
  },
  {
    "review": "문~리버~ 노래가 감명적인 영화!",
    "date": "14.11.11",
    "rating": "10",
    "author": "kala****",
    "review_id": "9371864",
    "movie_id": "10073"
  },
  {
    "review": "아름답고 아름답고 아름답다",
    "date": "14.11.10",
    "rating": "8",
    "author": "gmdq****",
    "review_id": "9368591",
    "movie_id": "10073"
  },
  {
    "review": "아름다운 오드리 헵번..",
    "date": "14.11.10",
    "rating": "10",
    "author": "alem****",
    "review_id": "9365587",
    "movie_id": "10073"
  },
  {
    "review": "보석같은 인생을 살았던 오드리 헵번을 다시 보는 것만으로도 행복해지는 영화",
    "date": "14.11.08",
    "rating": "9",
    "author": "u956****",
    "review_id": "9356818",
    "movie_id": "10073"
  },
  {
    "review": "4차원임에도 사랑스러운 그녀",
    "date": "14.11.08",
    "rating": "9",
    "author": "sjzm****",
    "review_id": "9353381",
    "movie_id": "10073"
  },
  {
    "review": "사랑스러운 오드리햅번의 명작이다",
    "date": "14.11.08",
    "rating": "10",
    "author": "bbl7****",
    "review_id": "9353161",
    "movie_id": "10073"
  },
  {
    "review": "'남' 만을 보는 세상에서  '나'를 찾으라고 귀뜸한 영화.",
    "date": "14.11.08",
    "rating": "10",
    "author": "youn****",
    "review_id": "9353123",
    "movie_id": "10073"
  },
  {
    "review": "혜인이 문수문수문수혜인",
    "date": "14.11.01",
    "rating": "10",
    "author": "jooo****",
    "review_id": "9333469",
    "movie_id": "10073"
  },
  {
    "review": "오드리 헵번의 최고작.. 60년대 하류인생들이 진정한 사랑을 찾는 과정을 그린 로맨틱 코미디의 명작으로, 맨하탄의 풍경과 잘 어우러진 그들의 낭만적인 로맨스가 아름답게 그려진다. 라스트씬은 전설이 된 명장면..",
    "date": "14.10.29",
    "rating": "10",
    "author": "pola****",
    "review_id": "9326384",
    "movie_id": "10073"
  },
  {
    "review": "진짜 하나도 안촌스럽다.보면서 울 할매가 불쌍해지더라.할머니 고생할때 저 나라 사람들은 저리 살았구나~ 싶어서.ㅋㅋ울 할매도 오드리햅번처럼 예쁜 옷 예쁜 머리하고 젊은 시절 보내셨으면 좋았을텐데.ㅜㅜ옛날 미국 영화보면 항상 이런 생각이 든다.ㅠ",
    "date": "14.10.27",
    "rating": "10",
    "author": "ehrl****",
    "review_id": "9323124",
    "movie_id": "10073"
  },
  {
    "review": "오드리헵번이 가장 이뻐보이는 영화라고 개인적으로 생각합니다!@@",
    "date": "14.10.18",
    "rating": "10",
    "author": "shs6****",
    "review_id": "9299051",
    "movie_id": "10073"
  },
  {
    "review": "오드리햅번은 말그대로 개여신..말이필요없다....",
    "date": "14.09.12",
    "rating": "10",
    "author": "whit****",
    "review_id": "9208416",
    "movie_id": "10073"
  },
  {
    "review": "아 정말 명작임에는 틀림없네요. 정말 빠져들어서 봤습니다.꼭 오드리 햅번때문만 아니라 영화자체가 오고가는 대화만으로도 이렇게 몰입감을 줄수 있다는게 신기할정도 입니다.",
    "date": "14.08.27",
    "rating": "10",
    "author": "inja****",
    "review_id": "9136485",
    "movie_id": "10073"
  },
  {
    "review": "별로다 내용과 연출도 어설프고 오드리도 그닥 이쁘게 나오지도 않음..별반 감동도 느껴지지 않음.",
    "date": "14.08.24",
    "rating": "1",
    "author": "wjrh****",
    "review_id": "9129138",
    "movie_id": "10073"
  },
  {
    "review": "유명세에 비하면 턱없이 부족한 영화..너무 지루하고 밋밋한 전개 구성..포스터 비주얼만 멋질뿐 너무나 진부한 영화이다.",
    "date": "14.08.24",
    "rating": "1",
    "author": "aolm****",
    "review_id": "9129125",
    "movie_id": "10073"
  },
  {
    "review": "보는내내 스토리고뭐고  오드리햅번의 눈부신 미모에 아무것도안보였 ㅠㅠㅠ",
    "date": "14.08.19",
    "rating": "10",
    "author": "fksd****",
    "review_id": "9109223",
    "movie_id": "10073"
  },
  {
    "review": "이 작품은 1961년작이다!! 인류가 달에 간 1969년보다 무려 8년전 작품!! 근데도 이런 세련 된 영상미와 음악들..최신 로맨스 영화래도 믿겠다~오드리 헵번과 몽상가..Moon River..이런 분위기로 보는 감성작품에 스토리 운운하지 말것!",
    "date": "14.07.31",
    "rating": "10",
    "author": "nasu****",
    "review_id": "8990922",
    "movie_id": "10073"
  },
  {
    "review": "오드리 햅번은 이 영화에서 보석처럼 빛났다",
    "date": "14.07.23",
    "rating": "8",
    "author": "bow3****",
    "review_id": "8943170",
    "movie_id": "10073"
  },
  {
    "review": "베스트임으로써오리헵번",
    "date": "14.06.24",
    "rating": "10",
    "author": "goth****",
    "review_id": "8851470",
    "movie_id": "10073"
  },
  {
    "review": "Best of best",
    "date": "14.05.22",
    "rating": "10",
    "author": "love****",
    "review_id": "8754427",
    "movie_id": "10073"
  },
  {
    "review": "단순한 로맨스가 아닌 그 이상의 무언가",
    "date": "14.05.18",
    "rating": "10",
    "author": "limg****",
    "review_id": "8743007",
    "movie_id": "10073"
  },
  {
    "review": "물질만등주의사람들이  봐야할 영화 의미가 크다",
    "date": "14.05.17",
    "rating": "10",
    "author": "xx41****",
    "review_id": "8740479",
    "movie_id": "10073"
  },
  {
    "review": "이게 1961년도 영화라니",
    "date": "14.05.05",
    "rating": "10",
    "author": "owen****",
    "review_id": "8704529",
    "movie_id": "10073"
  },
  {
    "review": "ㅋ~저 당시에 테이크아웃커피라니..선진국은달라",
    "date": "14.05.04",
    "rating": "7",
    "author": "bsm0****",
    "review_id": "8702072",
    "movie_id": "10073"
  },
  {
    "review": "수십번은 본영화다...표현할수 없을정도로 너무좋아하는 배우 좋은 음악, 감동까지너무 좋은 영화입니다.",
    "date": "14.04.14",
    "rating": "10",
    "author": "seoc****",
    "review_id": "8650639",
    "movie_id": "10073"
  },
  {
    "review": "오드리헵번에의해 과장된 영화에 동감. 내용이 기억에 남질않는게 치명적인 근거. 오드리헵번의 치명적인 매력중 단하나도 보지못함. 비비안리와 그레이스켈리의 매력에 따라가지 못하는..1人 하지만 고전영화에 있어서 그녀는 전설이라불리우고있다.",
    "date": "14.04.11",
    "rating": "4",
    "author": "wnsh****",
    "review_id": "8643121",
    "movie_id": "10073"
  },
  {
    "review": "분명 패션이나 트렌드는 시대를 뛰어넘었음..그러나 보면 잘 찍은 된장녀의 사랑 이야기..",
    "date": "14.03.28",
    "rating": "5",
    "author": "natu****",
    "review_id": "8612008",
    "movie_id": "10073"
  },
  {
    "review": "티파니앞 홀리가 바게뜨와 커피를 마시는 강렬한 도입부... 하지만 트루먼 카포티 원작과 다른 폴의 내연관계와 해피엔딩, 홀리에 대한 감정이입에 실패한 얕은 연출은 핑크팬더 감독의 한계, 된장녀역엔 오드리는 미스캐스팅 & 먼로가 최적일 듯...",
    "date": "14.03.24",
    "rating": "6",
    "author": "sioh****",
    "review_id": "8604725",
    "movie_id": "10073"
  },
  {
    "review": "이렇게 이쁜 여자는  처음 본다",
    "date": "14.03.24",
    "rating": "10",
    "author": "qnad****",
    "review_id": "8604696",
    "movie_id": "10073"
  },
  {
    "review": "아무 굴곡없는 지루한 진행",
    "date": "14.03.19",
    "rating": "1",
    "author": "mara****",
    "review_id": "8587143",
    "movie_id": "10073"
  },
  {
    "review": "현대판 미국의 마담 보바리",
    "date": "14.03.18",
    "rating": "9",
    "author": "ykdi****",
    "review_id": "8586889",
    "movie_id": "10073"
  },
  {
    "review": "Moon river의 명곡과 흑백영화임에도 아름다운 도시의(뉴욕) 모습을 잘보여준 카메라의 촬영법, 단순한 스토리지만 완벽히 애환을 가진 도시남녀의 모습을 연기했던. 말이 필요없는 오드리햅번과 조지페파드의 멋진 패션 로코중 최고!",
    "date": "14.03.16",
    "rating": "9",
    "author": "happ****",
    "review_id": "8580351",
    "movie_id": "10073"
  },
  {
    "review": "앤디워홀 - 일단 유명해져라. 그렇다면 사람들은 당신이 똥을 싸도 박수를 쳐줄 것이다",
    "date": "14.02.27",
    "rating": "1",
    "author": "vray****",
    "review_id": "8540738",
    "movie_id": "10073"
  },
  {
    "review": "티파니에서 아침을.. 배경음악만으로도 충분히 멋진 영화.",
    "date": "14.02.24",
    "rating": "9",
    "author": "ledz****",
    "review_id": "8535210",
    "movie_id": "10073"
  },
  {
    "review": "명작의 숨결은 영원히 느껴질 것이다.",
    "date": "14.02.13",
    "rating": "9",
    "author": "kado****",
    "review_id": "8505272",
    "movie_id": "10073"
  },
  {
    "review": "\"티파니의 아침을\" 이 제목에 항상 막연한 어떤 동경감이 있엇는데 막상 영화를 보니 소란스럽기만 하고 지루햇다!",
    "date": "14.02.08",
    "rating": "7",
    "author": "katy****",
    "review_id": "8489707",
    "movie_id": "10073"
  },
  {
    "review": "아름다운 성장담이다ㅠㅠ",
    "date": "14.02.07",
    "rating": "10",
    "author": "yeol****",
    "review_id": "8483740",
    "movie_id": "10073"
  },
  {
    "review": "이 영화는 당연히 10점 만점, 명작이지..",
    "date": "14.01.31",
    "rating": "10",
    "author": "oh_b****",
    "review_id": "8454395",
    "movie_id": "10073"
  },
  {
    "review": "카메라 기술에 감사하게 되는 순간이 있다. 카메라가 없었다면 오드리 햅번을 볼 수 없었을 테니까. 오드리 햅번을 이 세상에 선물해주신 신께, 오드리 햅번을 세월의 장벽을 넘어 볼 수 있게 해주신 카메라 기술-과학자들께 감사한다.",
    "date": "14.01.28",
    "rating": "10",
    "author": "yado****",
    "review_id": "8439027",
    "movie_id": "10073"
  },
  {
    "review": "발칙한 캐릭터도 미워할 수 없는 오드리 헵번.",
    "date": "14.01.28",
    "rating": "8",
    "author": "ogr5****",
    "review_id": "8437927",
    "movie_id": "10073"
  },
  {
    "review": "자신의 현실을 잊은채 명품에 환장하는 사람들에게 보라고 권유하고 싶네요",
    "date": "14.01.28",
    "rating": "10",
    "author": "show****",
    "review_id": "8437923",
    "movie_id": "10073"
  },
  {
    "review": "철부지 오드리헵번의 아름다운 성장담",
    "date": "14.01.26",
    "rating": "7",
    "author": "tumb****",
    "review_id": "8429181",
    "movie_id": "10073"
  },
  {
    "review": "명화라는 말이 절로 나온다.옛날에 만들어진 영화라는게 믿기지않을만큼 세련되고 재밌어서마지막 엔딩까지도 눈을 뗄 수가 없었다.오드리 햅번이 얼마나 매력적인 배우인지 잘 나타난 영화라고 생각한다.",
    "date": "13.12.28",
    "rating": "10",
    "author": "kang****",
    "review_id": "8315733",
    "movie_id": "10073"
  },
  {
    "review": "50년이 지난 지금도 세련되고 재밌네요. 명작은  역시 다르네요. 오드리 헵번 너무 예쁘네요.",
    "date": "13.12.16",
    "rating": "8",
    "author": "kejs****",
    "review_id": "8219294",
    "movie_id": "10073"
  },
  {
    "review": "무조건 보세요 진짜 추천 ㄱㄱㄱ",
    "date": "13.12.08",
    "rating": "10",
    "author": "rlad****",
    "review_id": "8198474",
    "movie_id": "10073"
  },
  {
    "review": "너무사랑스러운 그녀 명작임에 분명하다",
    "date": "13.11.16",
    "rating": "10",
    "author": "qkqh****",
    "review_id": "8142654",
    "movie_id": "10073"
  },
  {
    "review": "철부지공주와 키다리 아저씨",
    "date": "13.11.13",
    "rating": "7",
    "author": "jjcv****",
    "review_id": "8135543",
    "movie_id": "10073"
  },
  {
    "review": "햅번 빼고는 남는게 없음둥..",
    "date": "13.09.26",
    "rating": "2",
    "author": "yols****",
    "review_id": "8016130",
    "movie_id": "10073"
  },
  {
    "review": "최고에여 ㅠㅠ..명작이네여...",
    "date": "13.09.09",
    "rating": "10",
    "author": "moya****",
    "review_id": "7961076",
    "movie_id": "10073"
  },
  {
    "review": "내 인생 최고의 영화",
    "date": "13.08.24",
    "rating": "10",
    "author": "doki****",
    "review_id": "7916128",
    "movie_id": "10073"
  },
  {
    "review": "오드리헵번에 대해서 알고보면.. 정말 명작임을 알수 있다..",
    "date": "13.08.11",
    "rating": "10",
    "author": "talk****",
    "review_id": "7870322",
    "movie_id": "10073"
  },
  {
    "review": "다소 지루한 감이 있지만, 명작임은 분명하다.",
    "date": "13.07.02",
    "rating": "10",
    "author": "lsh5****",
    "review_id": "7698171",
    "movie_id": "10073"
  },
  {
    "review": "진심 명작",
    "date": "13.06.01",
    "rating": "10",
    "author": "jjh2****",
    "review_id": "7569330",
    "movie_id": "10073"
  },
  {
    "review": "♥♥",
    "date": "13.05.28",
    "rating": "10",
    "author": "tpdu****",
    "review_id": "7560067",
    "movie_id": "10073"
  },
  {
    "review": "불후의 명작, 오드리헵번의 매력을 마음껏 보여줬던 사랑스럽고 애틋한 이야기. 낮게 깔린 그녀의 음성으로 부르던 Moon River가 그리워지는 밤. 티파니앞에서 커피와 베이글을 물고 서 있고 싶다.",
    "date": "13.05.16",
    "rating": "10",
    "author": "hopp****",
    "review_id": "7530501",
    "movie_id": "10073"
  },
  {
    "review": "어제 여의도cgv에서 봤는데 너무 아름다웠다 다시 보러가고 싶다",
    "date": "13.05.15",
    "rating": "10",
    "author": "rkdg****",
    "review_id": "7528646",
    "movie_id": "10073"
  },
  {
    "review": "문리버~ 음악과 영상이 조화로운 아름다운 영화",
    "date": "13.05.07",
    "rating": "10",
    "author": "lsm4****",
    "review_id": "7514035",
    "movie_id": "10073"
  },
  {
    "review": "넘흐 좋아~~~ 닥치고 오드리^^",
    "date": "13.05.06",
    "rating": "10",
    "author": "zzan****",
    "review_id": "7512041",
    "movie_id": "10073"
  },
  {
    "review": "왜 고전명작인지 이해가 안되는 내용없는 영화. 내세울것은 오드리헵번의 비주얼뿐",
    "date": "13.04.30",
    "rating": "1",
    "author": "illu****",
    "review_id": "7496641",
    "movie_id": "10073"
  },
  {
    "review": "고전영화인데. 영화가 세련되었네요. 오드리헵번의 영화중 가장 예쁘게 나온거 같네요 ㅎㅎ",
    "date": "13.04.26",
    "rating": "10",
    "author": "luna****",
    "review_id": "7483599",
    "movie_id": "10073"
  },
  {
    "review": "로마의 휴일땜에 오드리에 빠졌다가 오드리땜에 보게된 영화..",
    "date": "13.04.22",
    "rating": "10",
    "author": "phro****",
    "review_id": "7475065",
    "movie_id": "10073"
  },
  {
    "review": "패션의 역사, 영화 미술과 음악의 역사 그리고 오드리햅번이라는 최고의배우를 탄생시킨 세련미 넘치는 영화 !!!!",
    "date": "13.04.21",
    "rating": "10",
    "author": "dkss****",
    "review_id": "7472004",
    "movie_id": "10073"
  },
  {
    "review": "오드리 햅번을 감상하기 위한 영화. 뭘 말하려는지 모르겠다. 오드리햅번은 참 예쁘더라.",
    "date": "13.04.21",
    "rating": "7",
    "author": "ther****",
    "review_id": "7471694",
    "movie_id": "10073"
  },
  {
    "review": "쨩",
    "date": "13.04.19",
    "rating": "10",
    "author": "hyun****",
    "review_id": "7468960",
    "movie_id": "10073"
  },
  {
    "review": "[아카데미]1962년34회 음악상 1개부문수상작.극중오드리헵번이불렀던문리버가히트를쳤다.오드리헵번은좋아하지만티파니에서아침을의오드리헵번은남자로선짜증났다.사랑은뒷전이고오로지돈많은남자를사냥하려는게맘에안들어서이다.마지막엔사랑을택했지만좀씁쓸하긴했다.명작은아니다.",
    "date": "13.04.15",
    "rating": "7",
    "author": "new7****",
    "review_id": "7460099",
    "movie_id": "10073"
  },
  {
    "review": "오드리햅번 진짜 최고:)",
    "date": "13.04.04",
    "rating": "10",
    "author": "jooa****",
    "review_id": "7433535",
    "movie_id": "10073"
  },
  {
    "review": "정말 여운이남는영화네요 햅번씨도너무나아름다웠고 정말 감동적이에요!",
    "date": "13.03.31",
    "rating": "10",
    "author": "codm****",
    "review_id": "7425427",
    "movie_id": "10073"
  },
  {
    "review": "주연배우와 OST의 식지않는 향수로 아직까지 커트라인에 걸려 명작처럼 추양받고 있다고 생각됨 제이슨 스콧 리 주연의 93년작 드래곤을 한번 보고 다시 생각해보길",
    "date": "13.03.12",
    "rating": "5",
    "author": "cruf****",
    "review_id": "7342885",
    "movie_id": "10073"
  },
  {
    "review": "담배만 절라구 피네",
    "date": "13.03.08",
    "rating": "2",
    "author": "dbzh****",
    "review_id": "7331337",
    "movie_id": "10073"
  },
  {
    "review": "명작인데.. 슬프고도 좋은 영환대 왜 별점을 낮추는건지..  좀 더 나이먹고 보세요 초중딩님들.",
    "date": "13.02.28",
    "rating": "10",
    "author": "iouu****",
    "review_id": "7311332",
    "movie_id": "10073"
  },
  {
    "review": "이영화가 50년이나 됬다니",
    "date": "13.02.15",
    "rating": "9",
    "author": "hll0****",
    "review_id": "7267668",
    "movie_id": "10073"
  },
  {
    "review": "그 시대의 느낌을 즐길 수 있게 해준것만으로도 좋은영화같다",
    "date": "13.02.13",
    "rating": "9",
    "author": "immu****",
    "review_id": "7259399",
    "movie_id": "10073"
  },
  {
    "review": "오드리는 정말 눈이 부시게 아름답다",
    "date": "13.02.06",
    "rating": "10",
    "author": "leej****",
    "review_id": "7230605",
    "movie_id": "10073"
  },
  {
    "review": "아름다운 뉴욕, 아름다운 사랑, 아름다운 오드리 헵번",
    "date": "13.02.05",
    "rating": "10",
    "author": "keni****",
    "review_id": "7228048",
    "movie_id": "10073"
  },
  {
    "review": "지금 봐도 전혀 촌스럽지 않은 고전영화중에 대표적인 영화.",
    "date": "13.01.03",
    "rating": "9",
    "author": "m_m0****",
    "review_id": "7079565",
    "movie_id": "10073"
  },
  {
    "review": "재미있다 . 사랑의 본질을 알려준 작품이다.. 결국 사랑 이란 물질과 돈의 허영심으로 채울수없다는것을 이 영화는 보여주고있다.",
    "date": "12.11.26",
    "rating": "10",
    "author": "dbsw****",
    "review_id": "6929057",
    "movie_id": "10073"
  },
  {
    "review": "개재미없다 이게 무슨 명작이라고 나대는거냐",
    "date": "12.11.25",
    "rating": "1",
    "author": "croc****",
    "review_id": "6925268",
    "movie_id": "10073"
  },
  {
    "review": "한국된장녀들이 보고 각성해야 되는 영화다.. 계몽적인 의미가 담긴 부분에서 10점을 주도록하겠다...",
    "date": "12.11.25",
    "rating": "10",
    "author": "kdh8****",
    "review_id": "6923888",
    "movie_id": "10073"
  }
]