[
  {
    "review": "한 번도 안 본 사람은 있어도 한 번만 본 사람은 없을 듯! 로맨스 못 보는데 이건 정말 재미있었다!",
    "date": "15.07.14",
    "rating": "10",
    "author": "jkqm****",
    "review_id": "10103410",
    "movie_id": "10089"
  },
  {
    "review": "이미 너무 재밌는 이런 옛날 영화 때문에 요즘 영화가 재탕이라는 느낌을 받게 한다. 존 트라볼타가 완벽히 표현한 양아치는 소년들 마음 속 동경의 대상, 소녀들 마음 속에 설레임의 대상",
    "date": "15.05.12",
    "rating": "8",
    "author": "kimg****",
    "review_id": "9912280",
    "movie_id": "10089"
  },
  {
    "review": "청춘... 그 아름다운 시절...",
    "date": "15.05.03",
    "rating": "7",
    "author": "popy****",
    "review_id": "9891210",
    "movie_id": "10089"
  },
  {
    "review": "오래도록 사랑받고 회자되는덴 다 이유가 있다.",
    "date": "15.05.02",
    "rating": "7",
    "author": "hadl****",
    "review_id": "9885297",
    "movie_id": "10089"
  },
  {
    "review": "가레스 베일 춤 잘추더라ㅋㅋㅋㄱ",
    "date": "15.05.02",
    "rating": "10",
    "author": "is30****",
    "review_id": "9885259",
    "movie_id": "10089"
  },
  {
    "review": "존 트라볼타 때문에 2점",
    "date": "15.02.05",
    "rating": "2",
    "author": "shal****",
    "review_id": "9668080",
    "movie_id": "10089"
  },
  {
    "review": "갓 트래볼타의 진면목....뉴튼존은 덤...순수한 1970년대~ 지구의 최고백미시절~",
    "date": "14.10.17",
    "rating": "9",
    "author": "kara****",
    "review_id": "9298502",
    "movie_id": "10089"
  },
  {
    "review": "노래가 굉장히 인상적이었어요,",
    "date": "14.10.04",
    "rating": "8",
    "author": "cjfg****",
    "review_id": "9261195",
    "movie_id": "10089"
  },
  {
    "review": "날라리는 멋진사람이고 순진한 사람은 바보로 묘사한 영화",
    "date": "14.08.09",
    "rating": "1",
    "author": "mara****",
    "review_id": "9053023",
    "movie_id": "10089"
  },
  {
    "review": "지금 들어도 좋은 명곡도 많고 색감도 화려하고 70년대 영화라는게 놀랍네요 특히 대니의 걸음걸이,빗ㅋㅋ 진짜 허세 고등학생 연기를 넘 잘해서 감탄했네요ㅋㅋ",
    "date": "14.07.27",
    "rating": "9",
    "author": "aqua****",
    "review_id": "8967406",
    "movie_id": "10089"
  },
  {
    "review": "음악 배우 스토리 모두 다 좋습니다. 뮤지컬중에 제일 재미있게 본 작품",
    "date": "14.05.02",
    "rating": "10",
    "author": "mira****",
    "review_id": "8691833",
    "movie_id": "10089"
  },
  {
    "review": "영원한 뮤지컬의 고전.  우울할때 보면 추억도 새록하고 좋아요.",
    "date": "14.04.02",
    "rating": "10",
    "author": "mill****",
    "review_id": "8622745",
    "movie_id": "10089"
  },
  {
    "review": "솔직히 그저 그랬는데 노래가 너무 좋았음",
    "date": "14.03.17",
    "rating": "7",
    "author": "leet****",
    "review_id": "8583269",
    "movie_id": "10089"
  },
  {
    "review": "짱짱짱짱갑갑갑갑굳굳굳굳",
    "date": "14.02.27",
    "rating": "10",
    "author": "seon****",
    "review_id": "8540742",
    "movie_id": "10089"
  },
  {
    "review": "뮤지컬 영화의 지존 <그리스>내 인생 최고의 뮤지컬 영화 ...중학교때 토요명화로 만난 후로 쭈욱....",
    "date": "14.01.28",
    "rating": "10",
    "author": "only****",
    "review_id": "8437487",
    "movie_id": "10089"
  },
  {
    "review": "진짜 생각보다 화질도 너무좋고 1980년대 하이스쿨뮤지컬같음아진심재밌었어요^^",
    "date": "13.12.29",
    "rating": "10",
    "author": "gkdi****",
    "review_id": "8321857",
    "movie_id": "10089"
  },
  {
    "review": "굳이 뮤지컬로 만들필요가..",
    "date": "13.08.07",
    "rating": "6",
    "author": "tumb****",
    "review_id": "7854258",
    "movie_id": "10089"
  },
  {
    "review": "정말재밌네요",
    "date": "13.08.05",
    "rating": "10",
    "author": "rhrj****",
    "review_id": "7844635",
    "movie_id": "10089"
  },
  {
    "review": "굿",
    "date": "13.08.05",
    "rating": "10",
    "author": "bill****",
    "review_id": "7844632",
    "movie_id": "10089"
  },
  {
    "review": "이건진짜명작이죠",
    "date": "13.08.05",
    "rating": "10",
    "author": "tbtm****",
    "review_id": "7841155",
    "movie_id": "10089"
  },
  {
    "review": "뷰리스쿨드라바",
    "date": "13.08.03",
    "rating": "10",
    "author": "icoq****",
    "review_id": "7826048",
    "movie_id": "10089"
  },
  {
    "review": "존나돟은영화",
    "date": "13.05.31",
    "rating": "10",
    "author": "cour****",
    "review_id": "7566971",
    "movie_id": "10089"
  },
  {
    "review": "굿",
    "date": "13.05.26",
    "rating": "10",
    "author": "sjdu****",
    "review_id": "7555598",
    "movie_id": "10089"
  },
  {
    "review": "왠지모르겟지만 그냥 신나고 재밌다. 내용은 단순하다못해 유치하기까지 하지만 그냥 유쾌하고 재밌다. 오버하지도 않고, 정말 딱 즐겁다.",
    "date": "13.05.19",
    "rating": "10",
    "author": "brea****",
    "review_id": "7542017",
    "movie_id": "10089"
  },
  {
    "review": "존트라볼타 !",
    "date": "13.04.14",
    "rating": "5",
    "author": "dark****",
    "review_id": "7458832",
    "movie_id": "10089"
  },
  {
    "review": "신나는 영화 시대가지나도 변치않는 매력을 가진걸보니 명작이구나",
    "date": "13.04.14",
    "rating": "8",
    "author": "jjcv****",
    "review_id": "7458215",
    "movie_id": "10089"
  },
  {
    "review": "90년대 초 고등학교때 첨 본 영화지만, 그때도 충격이었지만 20년이 지난 지금도 나에겐 여전히 최고의 영화....",
    "date": "13.02.03",
    "rating": "10",
    "author": "gema****",
    "review_id": "7220205",
    "movie_id": "10089"
  },
  {
    "review": "노래랑 춤들이 흥겹고 신난다. 특히 존트라볼타의 느끼한모습이 짱임",
    "date": "13.01.18",
    "rating": "9",
    "author": "dwc0****",
    "review_id": "7128041",
    "movie_id": "10089"
  },
  {
    "review": "전하고자 하는 뜻은 알겠는데 ㅋㅋㅋ 스토리가 뭔가 되게 간단? 아주 간단? ㅋㅋ 그래도 정말 즐겁게 봤다~ ^&^",
    "date": "12.12.19",
    "rating": "8",
    "author": "rudl****",
    "review_id": "7017985",
    "movie_id": "10089"
  },
  {
    "review": "퍼펙트... 말이 필요없는 영화...",
    "date": "12.12.02",
    "rating": "10",
    "author": "happ****",
    "review_id": "6962756",
    "movie_id": "10089"
  },
  {
    "review": "매력 포텐 터지네 잼따",
    "date": "12.11.24",
    "rating": "10",
    "author": "iwh2****",
    "review_id": "6922337",
    "movie_id": "10089"
  },
  {
    "review": "썸머나잇♬노래도 좋고 배우들 연기도정말 좋네요..⌒⌒",
    "date": "12.11.22",
    "rating": "10",
    "author": "hoya****",
    "review_id": "6914408",
    "movie_id": "10089"
  },
  {
    "review": "휼륭한 영화.. summer night 대박,",
    "date": "12.08.13",
    "rating": "10",
    "author": "ghaw****",
    "review_id": "6599278",
    "movie_id": "10089"
  },
  {
    "review": "재밌다 진심",
    "date": "12.08.12",
    "rating": "10",
    "author": "jiny****",
    "review_id": "6596414",
    "movie_id": "10089"
  },
  {
    "review": "대박",
    "date": "12.08.04",
    "rating": "10",
    "author": "ruf1****",
    "review_id": "6570779",
    "movie_id": "10089"
  },
  {
    "review": "재밌다......!",
    "date": "12.07.29",
    "rating": "10",
    "author": "actl****",
    "review_id": "6553612",
    "movie_id": "10089"
  },
  {
    "review": "뮤지컬 영화들이 배워야 할 점들이 다 있다",
    "date": "12.06.20",
    "rating": "8",
    "author": "eowj****",
    "review_id": "6403957",
    "movie_id": "10089"
  },
  {
    "review": "문화가 달라서 이질감이 들긴 하지만, 노래하고 춤추는 장면은 신나",
    "date": "12.03.21",
    "rating": "2",
    "author": "ccpp****",
    "review_id": "6158892",
    "movie_id": "10089"
  },
  {
    "review": "올리비아 뉴튼 존에게 홀딱 빠진 날들. 노래만 듣자. 별 거 없삼.",
    "date": "12.03.21",
    "rating": "2",
    "author": "rame****",
    "review_id": "6158891",
    "movie_id": "10089"
  },
  {
    "review": "뮤지컬 영화는 싫지만 노래는 좋다",
    "date": "12.03.21",
    "rating": "2",
    "author": "kpcc****",
    "review_id": "6158890",
    "movie_id": "10089"
  },
  {
    "review": "존트라볼타 게다리춤ㅋㅋㅋ울나라 뮤지컬먼저 보고 영화봄ㅋㅋ",
    "date": "12.02.26",
    "rating": "10",
    "author": "lkp6****",
    "review_id": "6105562",
    "movie_id": "10089"
  },
  {
    "review": "올리비아 뉴튼 존에게 홀딱 빠진 날들. 노래만 듣자. 별 거 없삼.",
    "date": "11.10.27",
    "rating": "4",
    "author": "pria****",
    "review_id": "5813386",
    "movie_id": "10089"
  },
  {
    "review": "트라볼타와 뉴튼존 너무 멋짐~ 음악도 짱~",
    "date": "11.10.21",
    "rating": "9",
    "author": "lhcl****",
    "review_id": "5801273",
    "movie_id": "10089"
  },
  {
    "review": "유쾌했습니다. 존트라볼타의 캐릭터가 귀엽네요..",
    "date": "11.09.18",
    "rating": "8",
    "author": "stri****",
    "review_id": "5739975",
    "movie_id": "10089"
  },
  {
    "review": "진짜 재미있게 본듯싶음... 원래 좀비나 10씩 안돌려서 보는데 이것도 10안돌려서봄",
    "date": "11.09.18",
    "rating": "10",
    "author": "ehdb****",
    "review_id": "5738192",
    "movie_id": "10089"
  },
  {
    "review": ".. 할말이 없네..",
    "date": "11.09.06",
    "rating": "6",
    "author": "good****",
    "review_id": "5711655",
    "movie_id": "10089"
  },
  {
    "review": "완전 대박",
    "date": "11.08.18",
    "rating": "10",
    "author": "sina****",
    "review_id": "5667210",
    "movie_id": "10089"
  },
  {
    "review": "존트라볼타아저씨 ㅋㅋㅋㅋㅋㅋㅋㅋㅋㅋ엄청느끼함",
    "date": "11.07.11",
    "rating": "9",
    "author": "kiki****",
    "review_id": "5535530",
    "movie_id": "10089"
  },
  {
    "review": "몇번을 봐도 재밌어요",
    "date": "11.06.14",
    "rating": "9",
    "author": "chee****",
    "review_id": "5480584",
    "movie_id": "10089"
  },
  {
    "review": "뮤지컬과 다른 매력이 살아있는 신나는 음악으로 가득한 영화..",
    "date": "11.04.10",
    "rating": "9",
    "author": "blue****",
    "review_id": "5365237",
    "movie_id": "10089"
  },
  {
    "review": "Jeez Great!",
    "date": "11.03.01",
    "rating": "10",
    "author": "kids****",
    "review_id": "5286121",
    "movie_id": "10089"
  },
  {
    "review": "앞부분은 좋았는데 중간은 산만하다 마지막은 신나게 마무리했지만. 교육적이진 않다.",
    "date": "11.02.17",
    "rating": "7",
    "author": "qkqk****",
    "review_id": "5250250",
    "movie_id": "10089"
  },
  {
    "review": "영화 속 인물들이 실제 존재하는 느낌. 정말 좋아서 끝이라는 게 슬펐다.",
    "date": "10.12.29",
    "rating": "10",
    "author": "beam****",
    "review_id": "5097629",
    "movie_id": "10089"
  },
  {
    "review": "음.. 엣날이라 그런가.. 춤 동작들이.. 뭔가가; -ㅅ- 그래도 노래도 좋고 내용도 굿굿",
    "date": "10.12.21",
    "rating": "10",
    "author": "tksh****",
    "review_id": "5072534",
    "movie_id": "10089"
  },
  {
    "review": "나왔을 당시에 봤으면 충격이었을 영화....볼만하다!!!",
    "date": "10.12.07",
    "rating": "9",
    "author": "kill****",
    "review_id": "5032487",
    "movie_id": "10089"
  },
  {
    "review": "갠적으론 뮤지컬스타일의 영화는 별로안조아하지만 올리비아가 나오니 ^^ ~~~~~~",
    "date": "10.11.22",
    "rating": "6",
    "author": "fnsk****",
    "review_id": "4981204",
    "movie_id": "10089"
  },
  {
    "review": "너무 느끼한 존 트라볼타. 음악도 별로에 스토리도 막장.",
    "date": "10.09.21",
    "rating": "2",
    "author": "bbq2****",
    "review_id": "4854478",
    "movie_id": "10089"
  },
  {
    "review": "존 트라볼타 꽃미남!!!!!!",
    "date": "10.09.20",
    "rating": "10",
    "author": "sd06****",
    "review_id": "4851724",
    "movie_id": "10089"
  },
  {
    "review": "내가 본 뮤지컬음악중 단연 최고...",
    "date": "10.08.21",
    "rating": "10",
    "author": "rock****",
    "review_id": "4775485",
    "movie_id": "10089"
  },
  {
    "review": "문화가 달라서 이질감이 들긴 하지만, 노래하고 춤추는 장면은 신나",
    "date": "10.08.16",
    "rating": "6",
    "author": "ccpk****",
    "review_id": "4754008",
    "movie_id": "10089"
  },
  {
    "review": "음악과 영화분위기가 좋다.",
    "date": "10.07.18",
    "rating": "9",
    "author": "son1****",
    "review_id": "4649270",
    "movie_id": "10089"
  },
  {
    "review": "우스꽝스럽게 보이지만 낭만이 스며있던 하이틴청춘영화.",
    "date": "10.06.29",
    "rating": "7",
    "author": "tori****",
    "review_id": "4599074",
    "movie_id": "10089"
  },
  {
    "review": "우리나라 맨발의 청춘이 생각나는 영화..지루할 틈이 없네요..",
    "date": "10.05.24",
    "rating": "9",
    "author": "clwi****",
    "review_id": "4521644",
    "movie_id": "10089"
  },
  {
    "review": "70년대 영화라 지금은 유치하게 느껴지지만 몇몇 음악은 기억에 남는다..",
    "date": "10.05.22",
    "rating": "5",
    "author": "hipp****",
    "review_id": "4516099",
    "movie_id": "10089"
  },
  {
    "review": "뮤지컬로 구성된 일탈기인가? 정작 공부하는 모습은 많이 나오질 않는군",
    "date": "10.05.16",
    "rating": "10",
    "author": "sant****",
    "review_id": "4504261",
    "movie_id": "10089"
  },
  {
    "review": "전체적으로 신나는 느낌이네  아쉬운 점도 많지만 그당시의 음악과 성향을 볼 수 있는",
    "date": "10.04.14",
    "rating": "8",
    "author": "hj78****",
    "review_id": "4432901",
    "movie_id": "10089"
  },
  {
    "review": "스토리만 본다면 유치한 영화지만..뮤지컬영화와 하이틴 영화의 계보를 잇는 명작!",
    "date": "10.01.31",
    "rating": "10",
    "author": "babo****",
    "review_id": "4228706",
    "movie_id": "10089"
  },
  {
    "review": "지금 봐도 재밌당>ㅁ<",
    "date": "09.12.19",
    "rating": "10",
    "author": "4839****",
    "review_id": "4055709",
    "movie_id": "10089"
  },
  {
    "review": "ㅋㅋ 이영화를 패러디한 뮤지컬을 한다고 하네요 ㅋㅋ 스토리가 좋은듯",
    "date": "09.09.11",
    "rating": "10",
    "author": "1216****",
    "review_id": "3824536",
    "movie_id": "10089"
  },
  {
    "review": "유년시절 봤던 기분만 못한게 나의 뭐가 달라진걸까? 그래도 참 좋다. 좋은건 좋은거.",
    "date": "09.09.10",
    "rating": "9",
    "author": "algk****",
    "review_id": "3822620",
    "movie_id": "10089"
  },
  {
    "review": "적절한 흥미와 괜찮은 음악들~ 좋은영화~",
    "date": "09.08.12",
    "rating": "9",
    "author": "gong****",
    "review_id": "3741165",
    "movie_id": "10089"
  },
  {
    "review": "정말 신나는 음악과 멋진 배우들의조화 ㅋ",
    "date": "09.07.24",
    "rating": "10",
    "author": "wlfh****",
    "review_id": "3663905",
    "movie_id": "10089"
  },
  {
    "review": "역쉬... 다시봐도 명작",
    "date": "09.07.21",
    "rating": "10",
    "author": "park****",
    "review_id": "3654372",
    "movie_id": "10089"
  },
  {
    "review": "그 유명하다는 영화를 이제야 봤네!!",
    "date": "09.07.21",
    "rating": "8",
    "author": "zzan****",
    "review_id": "3654149",
    "movie_id": "10089"
  },
  {
    "review": "괜한 명성이 아냐~ 현대기준으로만 판단하는 좁은시야로 작품을 폄하하지말자~",
    "date": "09.07.18",
    "rating": "9",
    "author": "sbj1****",
    "review_id": "3643394",
    "movie_id": "10089"
  },
  {
    "review": "레이싱경주 빼고는 최고의 뮤지컬 영화.. 당시에 봤더라면 문화적 충격 상당했을듯",
    "date": "09.07.14",
    "rating": "6",
    "author": "almo****",
    "review_id": "3632332",
    "movie_id": "10089"
  },
  {
    "review": "그리스가 나라 그리스인줄 알았다는~",
    "date": "09.05.31",
    "rating": "9",
    "author": "ypal****",
    "review_id": "3535154",
    "movie_id": "10089"
  },
  {
    "review": "지금 까지의 뮤지컬영화중 최고 으뜸인 영화",
    "date": "09.05.04",
    "rating": "10",
    "author": "sgin****",
    "review_id": "3465118",
    "movie_id": "10089"
  },
  {
    "review": "아아 젊음이여!!",
    "date": "09.02.25",
    "rating": "10",
    "author": "kmog****",
    "review_id": "3333037",
    "movie_id": "10089"
  },
  {
    "review": "하이틴 뮤지컬의 기원이라는 점 외에는 별 볼일 없다",
    "date": "09.02.06",
    "rating": "5",
    "author": "itda****",
    "review_id": "3283359",
    "movie_id": "10089"
  },
  {
    "review": "토요일밤의 열기에 이은 트라볼타의 2연타 흥행작",
    "date": "09.01.08",
    "rating": "10",
    "author": "kong****",
    "review_id": "3203707",
    "movie_id": "10089"
  },
  {
    "review": "전설의 영화 존트라볼타 짱!!!!!!!!!!!!",
    "date": "09.01.08",
    "rating": "10",
    "author": "koko****",
    "review_id": "3203697",
    "movie_id": "10089"
  },
  {
    "review": "음악은 아직 유효하지만 영화로서의 유통기한은 거의 끝난 낡은 뮤지컬 영화.",
    "date": "08.12.12",
    "rating": "6",
    "author": "team****",
    "review_id": "3109188",
    "movie_id": "10089"
  },
  {
    "review": "이영화강추",
    "date": "08.11.25",
    "rating": "10",
    "author": "rock****",
    "review_id": "3071061",
    "movie_id": "10089"
  },
  {
    "review": "초반에 나왔던 음악외에는 남는게 없는",
    "date": "08.11.07",
    "rating": "7",
    "author": "mins****",
    "review_id": "3038343",
    "movie_id": "10089"
  },
  {
    "review": "최고다진짜.",
    "date": "08.10.16",
    "rating": "10",
    "author": "love****",
    "review_id": "3003096",
    "movie_id": "10089"
  },
  {
    "review": "보고 보고 계속 봐도 질리지 않는 영화. 정말 최고~",
    "date": "08.09.10",
    "rating": "10",
    "author": "bigt****",
    "review_id": "2933322",
    "movie_id": "10089"
  },
  {
    "review": "내용은 그렇다치고 주옥같은 명곡과 배우들 ^^ 소장해놓고 볼때마다 즐거운 뮤지컬",
    "date": "08.07.19",
    "rating": "8",
    "author": "mooo****",
    "review_id": "2781987",
    "movie_id": "10089"
  },
  {
    "review": "잘생긴 존트라볼타가 있어서 더욱 좋았던..",
    "date": "08.07.18",
    "rating": "10",
    "author": "qufs****",
    "review_id": "2777685",
    "movie_id": "10089"
  },
  {
    "review": "20년 전에 들었던 노래를 이제야 보게 되다니.. 하지만 영화 내용이 많이 부실하다.",
    "date": "08.07.18",
    "rating": "8",
    "author": "kusa****",
    "review_id": "2773476",
    "movie_id": "10089"
  },
  {
    "review": "최고의 뮤지컬영화!♡ 감성지수 만땅ㅋㅋ",
    "date": "08.06.11",
    "rating": "10",
    "author": "bori****",
    "review_id": "2693079",
    "movie_id": "10089"
  },
  {
    "review": "뮤지컬이라고 노래만 갖고 되는 건 아니죠",
    "date": "08.05.23",
    "rating": "6",
    "author": "mind****",
    "review_id": "2657438",
    "movie_id": "10089"
  },
  {
    "review": "쭉임",
    "date": "08.04.29",
    "rating": "10",
    "author": "nhsb****",
    "review_id": "2605167",
    "movie_id": "10089"
  },
  {
    "review": "초등학생때 봤는데 지금까지도 기억이 난다는 넘 재밌어요.",
    "date": "08.04.28",
    "rating": "10",
    "author": "digi****",
    "review_id": "2603556",
    "movie_id": "10089"
  },
  {
    "review": "마이 트라볼타~",
    "date": "08.04.21",
    "rating": "10",
    "author": "sexy****",
    "review_id": "2591565",
    "movie_id": "10089"
  },
  {
    "review": "중독성 최강 summer night~~",
    "date": "08.04.15",
    "rating": "10",
    "author": "redn****",
    "review_id": "2582434",
    "movie_id": "10089"
  },
  {
    "review": "최고! 정말 최고다.",
    "date": "08.03.20",
    "rating": "10",
    "author": "yeon****",
    "review_id": "2529973",
    "movie_id": "10089"
  },
  {
    "review": "영원한 우리들의 오빠! 존 트라블",
    "date": "08.02.22",
    "rating": "8",
    "author": "stra****",
    "review_id": "2471543",
    "movie_id": "10089"
  },
  {
    "review": "신나는 영화 ~",
    "date": "08.02.05",
    "rating": "9",
    "author": "abck****",
    "review_id": "2412516",
    "movie_id": "10089"
  },
  {
    "review": "전설이 된 뮤지컬 !!",
    "date": "08.01.30",
    "rating": "9",
    "author": "evil****",
    "review_id": "2386993",
    "movie_id": "10089"
  }
]