[
  {
    "review": "Love means never having to say you're sorry.사랑은 미안하다고 말하는 게  아니야.",
    "date": "15.02.01",
    "rating": "9",
    "author": "dwy0****",
    "review_id": "9658746",
    "movie_id": "10093"
  },
  {
    "review": "진부하고 신파조라고 할수 없다. 이 시대에 이런 사랑은 거의 찾아볼수 없는데 진부하다고 할수 있을런지..아버지 문제로 다투고 제니를 찾던 올리버가 집앞에 추워 떨고 있는 제니를 발견하고 나온 두 대화,장면이 인상적이다. \"키를 잊어버렸어...\"",
    "date": "15.02.01",
    "rating": "10",
    "author": "sepa****",
    "review_id": "9657958",
    "movie_id": "10093"
  },
  {
    "review": "남여 배우 모두 너무 멋짐.",
    "date": "15.02.01",
    "rating": "10",
    "author": "yohn****",
    "review_id": "9657765",
    "movie_id": "10093"
  },
  {
    "review": "어린시절, 겨울만 되면 옥상위에 아무도 건드리지 않은 눈위에서 동생과 난 뒹굴던 기억이 소록소록 생각난다. 지금 동생은 저 세상으로 갔지만, 아직도 1980년대의 소년 시절의 기억을 잊지 못한다.",
    "date": "15.02.01",
    "rating": "10",
    "author": "eldo****",
    "review_id": "9656227",
    "movie_id": "10093"
  },
  {
    "review": "이건 영화음악 만으로 만점이다. 다른 거 볼 필요 없어",
    "date": "15.01.30",
    "rating": "10",
    "author": "sieu****",
    "review_id": "9652468",
    "movie_id": "10093"
  },
  {
    "review": "이 영화는 평점이 생각보다 너무 낮네? 9점대가 정상인 명작인데 말이다!!!",
    "date": "14.12.06",
    "rating": "10",
    "author": "ske4****",
    "review_id": "9451533",
    "movie_id": "10093"
  },
  {
    "review": "역시 겨울에는 러브스토리가 갑이지..",
    "date": "14.11.21",
    "rating": "10",
    "author": "dlrk****",
    "review_id": "9407053",
    "movie_id": "10093"
  },
  {
    "review": "어렸을때 흑백tv로 봐서 솔직히 영화자체는 기억이 잘안난다 눈올때 남여가 뛰어놀던 장면만 빼고는 하지만 음악만은 지금까지 생생이 남아있지 진짜 음악은 명작이다...다시 봤으면 좋겠네",
    "date": "14.10.08",
    "rating": "9",
    "author": "epff****",
    "review_id": "9273429",
    "movie_id": "10093"
  },
  {
    "review": "영화자체는 지금보면 살짝 old한 느낌이 들 수도 있지만 음악만큼은 정말 애절하고 아름답다..",
    "date": "14.09.20",
    "rating": "10",
    "author": "aolm****",
    "review_id": "9228197",
    "movie_id": "10093"
  },
  {
    "review": "60년대의 저항적인 시대 정서를 멜로 드라마로 훌륭하게 승화 시켰군",
    "date": "14.09.10",
    "rating": "8",
    "author": "guev****",
    "review_id": "9198350",
    "movie_id": "10093"
  },
  {
    "review": "너무나도 진부하고 식상한 스토리",
    "date": "14.09.01",
    "rating": "1",
    "author": "mara****",
    "review_id": "9154104",
    "movie_id": "10093"
  },
  {
    "review": "제니의 톡톡쏘는 매력과 사랑스러움..그리고 여운이 짙은 명작",
    "date": "14.05.24",
    "rating": "10",
    "author": "lagn****",
    "review_id": "8759823",
    "movie_id": "10093"
  },
  {
    "review": "눈밭 뒹구는 영상과 음악으로 유명했는데 정작 제대로 본적은 없던 영화. 케이블에서 해주길래 호기심에 봤는데 1970년에 나온 영화라고 느껴지지 않을만큼 재미있고 코끝이 시큰해지는 영화였다. 저런게 사랑이구나 영화 제목처럼...",
    "date": "14.05.20",
    "rating": "9",
    "author": "sarg****",
    "review_id": "8750072",
    "movie_id": "10093"
  },
  {
    "review": "주인공들도 별루고 내용도 뻔하고",
    "date": "14.05.07",
    "rating": "1",
    "author": "whyi****",
    "review_id": "8713732",
    "movie_id": "10093"
  },
  {
    "review": "아주 전형적이네~~~",
    "date": "14.03.07",
    "rating": "8",
    "author": "dbzh****",
    "review_id": "8560177",
    "movie_id": "10093"
  },
  {
    "review": "날 울리는 러브스토리...",
    "date": "14.01.17",
    "rating": "10",
    "author": "chsh****",
    "review_id": "8390218",
    "movie_id": "10093"
  },
  {
    "review": "이 영화 하나로 금지된 사랑과 비운의 여인, 주인공 불치병, 이런 주제들의 작품들이 많이 등장한듯. 무엇보다 프랜시스 래이의 음악이 너무 슬프고 아름답다는.. ㅠㅠ",
    "date": "13.12.31",
    "rating": "10",
    "author": "pete****",
    "review_id": "8327290",
    "movie_id": "10093"
  },
  {
    "review": "더이상 설명이 필요 없는 추억의 명화이자 겨울에 러브레터와 함께 제일 먼저 생각나는 영화이고 센트럴 파크에서 올리버와 제니퍼의 눈싸움은 명장면이다 억만장자의 아들인 남주인공과 가난한 여주인공의 사랑이야기는 지금까지도 영화와 드라마의 단골 소재다",
    "date": "13.12.24",
    "rating": "10",
    "author": "mbes****",
    "review_id": "8290277",
    "movie_id": "10093"
  },
  {
    "review": "지금보기는 좀 아니네요..눈위에서의장면은 한번쯤은 다 봤을장면",
    "date": "13.11.10",
    "rating": "3",
    "author": "jjcv****",
    "review_id": "8129672",
    "movie_id": "10093"
  },
  {
    "review": "\"Love means never having to say you are sorry\"",
    "date": "13.11.09",
    "rating": "9",
    "author": "jmyi****",
    "review_id": "8126831",
    "movie_id": "10093"
  },
  {
    "review": "눈 위에서의 장면이 아직도 기억이 난다.너무나 감동적인 영화...",
    "date": "13.10.18",
    "rating": "10",
    "author": "yhre****",
    "review_id": "8068973",
    "movie_id": "10093"
  },
  {
    "review": "진부하다고 말하기엔,우리는 아직 어리다",
    "date": "13.07.17",
    "rating": "8",
    "author": "osea****",
    "review_id": "7752355",
    "movie_id": "10093"
  },
  {
    "review": "자연스러운 대사와 전개로 자칫 상투적일 수 있는 스토리를 재밌고 감동적으로 표현했다. 과장된 부분 없이 깔끔한 전개가 마음에 든다. 라이언 오닐은 톰 크루즈를 연상시킨다. 눈시울이 촉촉해지는 영화",
    "date": "13.07.07",
    "rating": "8",
    "author": "sunw****",
    "review_id": "7714806",
    "movie_id": "10093"
  },
  {
    "review": "70~80년대나 순수한 사랑이야기가 가능하지... 지금은 남자쪽이 백만장자라 해도 이런 사랑 못함ㅋㅋㅋ",
    "date": "13.06.20",
    "rating": "7",
    "author": "youn****",
    "review_id": "7658054",
    "movie_id": "10093"
  },
  {
    "review": "만난지 5분만에 서로 사랑하네요 ㅋㅋ",
    "date": "13.05.26",
    "rating": "7",
    "author": "liqu****",
    "review_id": "7556360",
    "movie_id": "10093"
  },
  {
    "review": "하얀 눈밭이 더욱 아련하면서 슬프게 만들어 주는 것 같습니다  지금 본다면 뻔할 수 있지만 포장하지도 않은 때묻지 않은 사랑을 보여준 작품",
    "date": "13.03.27",
    "rating": "8",
    "author": "dlgo****",
    "review_id": "7415371",
    "movie_id": "10093"
  },
  {
    "review": "그 눈 내리는 장면으로 먼저 접해서 행복할 거라고만 생각했었는데... 지금보면 흔한 이야기지만 이 영화가 처음 나왔을 땐 어땠을까. 음악이 참 좋았고, 두 주인공의 연기도 아주 좋았다. 아름다운 청춘극이라고 해야할까. 여운이 많이 남는다.",
    "date": "13.03.22",
    "rating": "10",
    "author": "0104****",
    "review_id": "7394875",
    "movie_id": "10093"
  },
  {
    "review": "음악빼곤 딱히..라고 하시는 분들은 ....저 시대의 제니퍼가 보여주는 여성상과 상류층의 갭이 얼마나 컷는가를 간과하시는거 같네요.. 둘의 관계가 억지스러울 정도로 로미오와 줄리엣보다 더 어렵던 상황이었고..그런 상황을 이겨낸 사랑이야기 입니다.",
    "date": "13.01.02",
    "rating": "7",
    "author": "winn****",
    "review_id": "7073918",
    "movie_id": "10093"
  },
  {
    "review": "정말 오랜만에 펑펑 울었다 .. 하 ... 사랑은 미안하다는 말을 하지 않는거야...",
    "date": "13.01.02",
    "rating": "10",
    "author": "deup****",
    "review_id": "7073820",
    "movie_id": "10093"
  },
  {
    "review": "지금 봐도 충분히 좋다. 역시.",
    "date": "12.12.20",
    "rating": "10",
    "author": "vboy****",
    "review_id": "7021753",
    "movie_id": "10093"
  },
  {
    "review": "역시 영화는 조금이라도 더 옛날일수록 걸작일 가능성이 높아.",
    "date": "12.12.18",
    "rating": "10",
    "author": "godo****",
    "review_id": "7014576",
    "movie_id": "10093"
  },
  {
    "review": "사랑은 결코 미안하다는 말을 하지 않는...",
    "date": "12.09.25",
    "rating": "10",
    "author": "kono****",
    "review_id": "6731639",
    "movie_id": "10093"
  },
  {
    "review": "이런 영화가 40년전에 만들어졌다는 것에 대해서 의심할 믿어지지 않을 만큼 의심할 여지가 없다。누군가의 인생에 이런 사랑이 찾아 올 수 있다면 그건 축복이다。",
    "date": "12.08.22",
    "rating": "10",
    "author": "yoos****",
    "review_id": "6635594",
    "movie_id": "10093"
  },
  {
    "review": "영화볼시간에 책보는게 나을지도 모르겠다..책이 훨씬 재밌네",
    "date": "12.07.31",
    "rating": "6",
    "author": "c_s_****",
    "review_id": "6558413",
    "movie_id": "10093"
  },
  {
    "review": "너무나아름다운영화!하지만결말이짧아서 아쉬어요 초반엔 즐겁다가 마지막가서 슬프네ㅠ제니와 베럿의 아름다운사랑보며 웃고웃었네요~명작!!!",
    "date": "12.07.17",
    "rating": "9",
    "author": "jwed****",
    "review_id": "6487491",
    "movie_id": "10093"
  },
  {
    "review": "멜로영화의 교과서.",
    "date": "12.07.03",
    "rating": "7",
    "author": "ppaa****",
    "review_id": "6441688",
    "movie_id": "10093"
  },
  {
    "review": "슬프다.. .진짜..",
    "date": "12.07.01",
    "rating": "10",
    "author": "litt****",
    "review_id": "6436827",
    "movie_id": "10093"
  },
  {
    "review": "그래 음악빼곤 딱히.. . . .  절절한 맛이 없진 않지만,",
    "date": "12.03.08",
    "rating": "6",
    "author": "lyk8****",
    "review_id": "6130581",
    "movie_id": "10093"
  },
  {
    "review": "볼때마다 마음이 찡한 영화... 연출, 연기도 좋았지만 음악이 워낙 받쳐줌...",
    "date": "12.03.06",
    "rating": "9",
    "author": "sunl****",
    "review_id": "6126215",
    "movie_id": "10093"
  },
  {
    "review": "눈 겨울 음악 진부함 ..크리스마스",
    "date": "12.02.28",
    "rating": "6",
    "author": "athe****",
    "review_id": "6109262",
    "movie_id": "10093"
  },
  {
    "review": "\"오리지널\" 러브 스토리. 40년 지난 진부해진 스토리임에도 애절함은 불멸...",
    "date": "12.02.14",
    "rating": "10",
    "author": "100p****",
    "review_id": "6074989",
    "movie_id": "10093"
  },
  {
    "review": "음악 하나만큼은 대단했다.",
    "date": "12.01.25",
    "rating": "7",
    "author": "kos4****",
    "review_id": "6021043",
    "movie_id": "10093"
  },
  {
    "review": "where do I begin....이란 노래가 아직도 귓가에...",
    "date": "12.01.24",
    "rating": "10",
    "author": "jack****",
    "review_id": "6016009",
    "movie_id": "10093"
  },
  {
    "review": "남녀간의 사랑의 교과서",
    "date": "12.01.23",
    "rating": "10",
    "author": "jvv2****",
    "review_id": "6011220",
    "movie_id": "10093"
  },
  {
    "review": "40년이 넘었는데 이정도면 훌륭한 영화",
    "date": "12.01.22",
    "rating": "10",
    "author": "up87****",
    "review_id": "6008586",
    "movie_id": "10093"
  },
  {
    "review": "정말 로맨스의 원소이다.",
    "date": "11.12.14",
    "rating": "10",
    "author": "ekdd****",
    "review_id": "5905358",
    "movie_id": "10093"
  },
  {
    "review": "40년 전의 사랑 이야기",
    "date": "11.12.07",
    "rating": "7",
    "author": "bbq2****",
    "review_id": "5893391",
    "movie_id": "10093"
  },
  {
    "review": "결말이 머꼬?",
    "date": "11.11.26",
    "rating": "4",
    "author": "psps****",
    "review_id": "5871500",
    "movie_id": "10093"
  },
  {
    "review": "남녀 주인공 비주얼도  별루 내용은 청승맞고 음악도 빌리티스가 훨씬~ 좋다...",
    "date": "11.11.26",
    "rating": "1",
    "author": "frui****",
    "review_id": "5870740",
    "movie_id": "10093"
  },
  {
    "review": "원초적인 '사랑' 이야기. 결말의 세심함이 조금 아쉽다...",
    "date": "11.11.09",
    "rating": "8",
    "author": "pupp****",
    "review_id": "5837610",
    "movie_id": "10093"
  },
  {
    "review": "겨울이면 눈에서 장난치는 커플의 모습이 자연스레 떠오른다.",
    "date": "11.11.01",
    "rating": "8",
    "author": "jihy****",
    "review_id": "5822590",
    "movie_id": "10093"
  },
  {
    "review": "남자 주인공이 눈이 삐었다...",
    "date": "11.10.19",
    "rating": "6",
    "author": "lano****",
    "review_id": "5798144",
    "movie_id": "10093"
  },
  {
    "review": "사랑 이야기",
    "date": "11.08.14",
    "rating": "10",
    "author": "supe****",
    "review_id": "5647602",
    "movie_id": "10093"
  },
  {
    "review": "사랑이야기의 원조라 부르고싶다",
    "date": "11.07.29",
    "rating": "8",
    "author": "mais****",
    "review_id": "5578446",
    "movie_id": "10093"
  },
  {
    "review": "정말 감동적이고 슬프고 좋은 영화",
    "date": "11.07.24",
    "rating": "10",
    "author": "pink****",
    "review_id": "5566212",
    "movie_id": "10093"
  },
  {
    "review": "사별하는 연인들의 슬픔을 표현한 원조격인 작품",
    "date": "11.07.24",
    "rating": "8",
    "author": "kimg****",
    "review_id": "5565301",
    "movie_id": "10093"
  },
  {
    "review": "겨울에 저런사랑을 하는건 참으로 잔인한 게 아닌가 싶어여",
    "date": "11.07.24",
    "rating": "10",
    "author": "h9ko****",
    "review_id": "5565277",
    "movie_id": "10093"
  },
  {
    "review": "영화의 전체적인 느낌이 너무 좋네요.",
    "date": "11.07.24",
    "rating": "8",
    "author": "rach****",
    "review_id": "5565219",
    "movie_id": "10093"
  },
  {
    "review": "눈속에서 장난치는 그장면은 역시 영화의 백미",
    "date": "11.07.24",
    "rating": "8",
    "author": "foun****",
    "review_id": "5564868",
    "movie_id": "10093"
  },
  {
    "review": "사랑의 낭만과 실재를 모두 호소력있게 전달할 수 있는 '명작영화'.",
    "date": "11.06.26",
    "rating": "10",
    "author": "kyj0****",
    "review_id": "5500412",
    "movie_id": "10093"
  },
  {
    "review": "구구절절한 사랑을 만들어주는 감성적인 연출의 절정",
    "date": "11.06.03",
    "rating": "9",
    "author": "reno****",
    "review_id": "5462812",
    "movie_id": "10093"
  },
  {
    "review": "아름다운 슬픈 영화..",
    "date": "11.04.04",
    "rating": "10",
    "author": "ksoo****",
    "review_id": "5354062",
    "movie_id": "10093"
  },
  {
    "review": "마음의 심금을 울리는 영화.",
    "date": "11.04.02",
    "rating": "10",
    "author": "shyu****",
    "review_id": "5348993",
    "movie_id": "10093"
  },
  {
    "review": "신파의 고전명작",
    "date": "11.03.05",
    "rating": "10",
    "author": "ysuh****",
    "review_id": "5295589",
    "movie_id": "10093"
  },
  {
    "review": "시간을 거스르는 명작의 힘!",
    "date": "11.02.02",
    "rating": "9",
    "author": "caca****",
    "review_id": "5206175",
    "movie_id": "10093"
  },
  {
    "review": "모짜르트와 바하를, 비틀즈 그리고 나를... 첫 독백을 듣는 것만으로도...",
    "date": "11.01.26",
    "rating": "9",
    "author": "enco****",
    "review_id": "5186308",
    "movie_id": "10093"
  },
  {
    "review": "사랑이란 결코 미안하다는 말을 해서는 안되는 거예요.",
    "date": "10.12.29",
    "rating": "10",
    "author": "mnik****",
    "review_id": "5097806",
    "movie_id": "10093"
  },
  {
    "review": "겨울만 되면 생각나는 아름답고 순수한 사랑의 이야기...",
    "date": "10.12.14",
    "rating": "10",
    "author": "jvv2****",
    "review_id": "5054183",
    "movie_id": "10093"
  },
  {
    "review": "40년전 영화라고 믿기지 않을 만큼 세련됐다",
    "date": "10.06.02",
    "rating": "10",
    "author": "dldm****",
    "review_id": "4538821",
    "movie_id": "10093"
  },
  {
    "review": "진부하지만 가슴찡하고 70년작인걸 고려할때 이정도면",
    "date": "10.04.17",
    "rating": "9",
    "author": "xeni****",
    "review_id": "4438601",
    "movie_id": "10093"
  },
  {
    "review": "좋은 영화지만 너무 전형적이라 와닿질 않네.",
    "date": "10.04.01",
    "rating": "9",
    "author": "yuye****",
    "review_id": "4401223",
    "movie_id": "10093"
  },
  {
    "review": "사랑에 대한 깊은 메시지. 주인공들의 성격이 잘 표현된 스토리 전개가 굿",
    "date": "10.03.02",
    "rating": "10",
    "author": "hj78****",
    "review_id": "4329467",
    "movie_id": "10093"
  },
  {
    "review": "명대사와 음악빼곤 없다",
    "date": "10.02.15",
    "rating": "6",
    "author": "jin1****",
    "review_id": "4282549",
    "movie_id": "10093"
  },
  {
    "review": "명대사와 명곡을 남긴 영화",
    "date": "10.01.22",
    "rating": "10",
    "author": "choi****",
    "review_id": "4199755",
    "movie_id": "10093"
  },
  {
    "review": "그 때 그 시절의 로맨스...",
    "date": "09.12.07",
    "rating": "9",
    "author": "jmp0****",
    "review_id": "4026361",
    "movie_id": "10093"
  },
  {
    "review": "눈밭씬하나만으로 볼 가치가 있는듯",
    "date": "09.12.04",
    "rating": "9",
    "author": "hccd****",
    "review_id": "4016231",
    "movie_id": "10093"
  },
  {
    "review": "뉴욕 센트럴 파크와 감미로운 주제가. 두 배우가 너무 잘 어울려서 더욱 슬펐다.",
    "date": "09.11.01",
    "rating": "7",
    "author": "acin****",
    "review_id": "3928863",
    "movie_id": "10093"
  },
  {
    "review": "진부하지만 평범하지 않다. 음악과 대사가 참으로 멋진 멜로 영화의 수작...",
    "date": "09.10.25",
    "rating": "8",
    "author": "rain****",
    "review_id": "3914061",
    "movie_id": "10093"
  },
  {
    "review": "명명명명불불불불불명불허전",
    "date": "09.08.25",
    "rating": "9",
    "author": "love****",
    "review_id": "3786287",
    "movie_id": "10093"
  },
  {
    "review": "사랑의힘은대단하다부모님마저도이길수없다눈밭장면이랑마지막이좋았다",
    "date": "09.08.16",
    "rating": "10",
    "author": "zzzo****",
    "review_id": "3754071",
    "movie_id": "10093"
  },
  {
    "review": "스토리가 좀 뜬금없고 삼류영화스타일; 눈밭에서 데굴거리는 장면이랑 OST만 좋았을뿐",
    "date": "09.07.03",
    "rating": "6",
    "author": "sola****",
    "review_id": "3608360",
    "movie_id": "10093"
  },
  {
    "review": "잊혀지지않는 명장면들..",
    "date": "09.06.13",
    "rating": "10",
    "author": "sobi****",
    "review_id": "3561540",
    "movie_id": "10093"
  },
  {
    "review": "진짜 명작이라고 생각... 난 옛날영화가 더 좋아요. 순수함이 있거든요.",
    "date": "09.05.12",
    "rating": "10",
    "author": "sky9****",
    "review_id": "3490480",
    "movie_id": "10093"
  },
  {
    "review": "이거 어디서 못구하나요 구할수있으면 메일로좀 보내주세요",
    "date": "09.05.08",
    "rating": "10",
    "author": "eork****",
    "review_id": "3478428",
    "movie_id": "10093"
  },
  {
    "review": "맨 마지막 대사만 충격적이라니...",
    "date": "09.03.22",
    "rating": "8",
    "author": "5292****",
    "review_id": "3380064",
    "movie_id": "10093"
  },
  {
    "review": "한국드라마작가가 70년대로 건너가서 외국배우와 함께 작업한 영화 같다.",
    "date": "09.03.14",
    "rating": "6",
    "author": "paus****",
    "review_id": "3365203",
    "movie_id": "10093"
  },
  {
    "review": "두사람이 눈밭에서 뒹구는 노래만 나와도 눈물이나올 것 같다",
    "date": "09.03.06",
    "rating": "10",
    "author": "onej****",
    "review_id": "3350866",
    "movie_id": "10093"
  },
  {
    "review": "지금 보면 스토리가 좀 부실하지만~~ 눈밭에 뒹구는 명장면이 이 영화였군",
    "date": "09.01.21",
    "rating": "6",
    "author": "iss2****",
    "review_id": "3236073",
    "movie_id": "10093"
  },
  {
    "review": "예전에 봐다면..더 재미",
    "date": "09.01.07",
    "rating": "5",
    "author": "drd1****",
    "review_id": "3198600",
    "movie_id": "10093"
  },
  {
    "review": "그래도 요즘 시대에 보기엔, 다른 좋은것들이 너무 많다.",
    "date": "08.12.25",
    "rating": "8",
    "author": "dara****",
    "review_id": "3147503",
    "movie_id": "10093"
  },
  {
    "review": "음악 굿, 요즘 보니 밋밋하지만 멜로영화의 고전",
    "date": "08.12.07",
    "rating": "8",
    "author": "jjis****",
    "review_id": "3098805",
    "movie_id": "10093"
  },
  {
    "review": "남자 연기,운동 짱잘하고 여자 못생겼지만 도도함지존 매력. 멋진영화,눈물난다..",
    "date": "08.10.17",
    "rating": "10",
    "author": "chri****",
    "review_id": "3005133",
    "movie_id": "10093"
  },
  {
    "review": "아름답다.",
    "date": "08.07.27",
    "rating": "9",
    "author": "soso****",
    "review_id": "2808246",
    "movie_id": "10093"
  },
  {
    "review": "종종 찾아오는 애송이들",
    "date": "08.03.27",
    "rating": "4",
    "author": "paci****",
    "review_id": "2544343",
    "movie_id": "10093"
  },
  {
    "review": "너무 기대가 컷던 탓이겠지..",
    "date": "08.03.14",
    "rating": "5",
    "author": "2601****",
    "review_id": "2519410",
    "movie_id": "10093"
  },
  {
    "review": "최고",
    "date": "08.01.11",
    "rating": "10",
    "author": "elor****",
    "review_id": "2316064",
    "movie_id": "10093"
  },
  {
    "review": "음악만 좋았다 내용은 정말~~~~ 별루다  점수조절차원에서 1점",
    "date": "07.12.19",
    "rating": "1",
    "author": "bsjb****",
    "review_id": "2244125",
    "movie_id": "10093"
  },
  {
    "review": "30년전 영화다 오늘날보면 식상한것도 당연한것",
    "date": "07.12.11",
    "rating": "9",
    "author": "gbgh****",
    "review_id": "2222724",
    "movie_id": "10093"
  },
  {
    "review": "음악이 좋아요",
    "date": "07.11.28",
    "rating": "10",
    "author": "qhde****",
    "review_id": "2190341",
    "movie_id": "10093"
  },
  {
    "review": "내가 못견뎌 하는 신파다. 아련하게 어딘가로 끌고가는..음악은 정말 굿",
    "date": "07.10.24",
    "rating": "7",
    "author": "kuic****",
    "review_id": "2109316",
    "movie_id": "10093"
  }
]