[
  {
    "review": "아... 어린시절 봤으면 더욱 좋았을 영화. 아날로그틱한 특수효과가 돋보이고 어린이들이 보면 꿈을 키울 수 있는 영화같다",
    "date": "15.08.20",
    "rating": "7",
    "author": "dene****",
    "review_id": "10252696",
    "movie_id": "10092"
  },
  {
    "review": "국민학교 시절 엄마랑 동생이랑 극장에 가서 봤던 기억이 나네요  저두 다른분들처럼 꿈인줄 알았네요ㅋ",
    "date": "15.07.05",
    "rating": "10",
    "author": "yubi****",
    "review_id": "10070718",
    "movie_id": "10092"
  },
  {
    "review": "영화관에서 얼마나 감동적으로 봤는지 학교끝나고 또 다시 가서 본영화.. 25년전이 훨씬 넘었지만 지금 파일다운받아서 다시 보고 있음. 머리속이 돌 처럼 굳어졌지만 그때의 감동을 다시 느낄수 있을까.",
    "date": "15.06.26",
    "rating": "10",
    "author": "yong****",
    "review_id": "10038368",
    "movie_id": "10092"
  },
  {
    "review": "아재들 귀여워 영화를 본 게 꿈인줄 알았대ㅋㅋㅋ",
    "date": "15.06.13",
    "rating": "10",
    "author": "edga****",
    "review_id": "9995742",
    "movie_id": "10092"
  },
  {
    "review": "원조 판타지! 페터센은 역시 서독 시절이 좋았어.",
    "date": "15.05.13",
    "rating": "8",
    "author": "pont****",
    "review_id": "9913821",
    "movie_id": "10092"
  },
  {
    "review": "나만 꿈 꾸었다고 생각하는 게 아니었구나..",
    "date": "15.04.26",
    "rating": "10",
    "author": "boih****",
    "review_id": "9868919",
    "movie_id": "10092"
  },
  {
    "review": "초등학생때 특활시간에 선생님이 틀어주셨던 영화... 아직까지 장면들이 머릿속에 떠올라요.. 정말 옛날 생각 아련하네요.. 동화같은 영화.. 이런 영화 좋아요 추억이 깃든 영화네요.. 아.. 옛날이여..",
    "date": "15.04.22",
    "rating": "9",
    "author": "ilik****",
    "review_id": "9856855",
    "movie_id": "10092"
  },
  {
    "review": "어렸을때 정말 재미있게 봤던 기억이 납니다.",
    "date": "14.12.21",
    "rating": "10",
    "author": "king****",
    "review_id": "9498612",
    "movie_id": "10092"
  },
  {
    "review": "현실과 환상의 경계를 허무는 꿈과 용기의 성장 드라마",
    "date": "14.12.19",
    "rating": "6",
    "author": "hepy****",
    "review_id": "9489595",
    "movie_id": "10092"
  },
  {
    "review": "내 인생 최초의 판타지이자 최고의 판타지!",
    "date": "14.12.15",
    "rating": "10",
    "author": "kimb****",
    "review_id": "9477408",
    "movie_id": "10092"
  },
  {
    "review": "상상력이 대단하내요...클램프의 레이어스에도 영향을 준듯",
    "date": "14.11.13",
    "rating": "8",
    "author": "son1****",
    "review_id": "9380326",
    "movie_id": "10092"
  },
  {
    "review": "영화보다 주제가가 더 유명한 영화",
    "date": "14.07.11",
    "rating": "6",
    "author": "tlsg****",
    "review_id": "8905984",
    "movie_id": "10092"
  },
  {
    "review": "엄청난 명작 검색을 통해서 다시한번 보게 되네요... 정말 즐겁게 본 영화 였죠...!!!",
    "date": "14.06.20",
    "rating": "10",
    "author": "styl****",
    "review_id": "8842917",
    "movie_id": "10092"
  },
  {
    "review": "어렸을 때 EBS에서 봤던 영화인데 아직까지도 오래된 꿈처럼 눈 앞에 어른거리네요. 예전에 찾아봤을때는 진짜 안나오더니 이제야 ㅠㅠㅠ 진짜 좋아여",
    "date": "14.05.08",
    "rating": "10",
    "author": "tlsd****",
    "review_id": "8715657",
    "movie_id": "10092"
  },
  {
    "review": "늘 또 보고싶다는 생각이 들게 만드는 영화♥",
    "date": "13.12.20",
    "rating": "10",
    "author": "mivu****",
    "review_id": "8255026",
    "movie_id": "10092"
  },
  {
    "review": "저도 이 영화에서 봤던 장면이 꿈 꾼거라고 생각했었어요.ㅋㅋ 정말 집요하게 뒤적거려서 결국은 찾아냈네요~!!오랜만에 보니 너무 반갑네요~!!^^",
    "date": "13.12.02",
    "rating": "10",
    "author": "cova****",
    "review_id": "8184103",
    "movie_id": "10092"
  },
  {
    "review": "내 인생 최초 그리고 최고의 판타지...",
    "date": "13.10.26",
    "rating": "10",
    "author": "neyc****",
    "review_id": "8092327",
    "movie_id": "10092"
  },
  {
    "review": "내 기억속의 네버엔딩스토리!!!",
    "date": "13.09.23",
    "rating": "10",
    "author": "dksl****",
    "review_id": "8011324",
    "movie_id": "10092"
  },
  {
    "review": "아~~ 정말 ~ 이제 곧 마흔인데...",
    "date": "13.09.15",
    "rating": "10",
    "author": "qqq1****",
    "review_id": "7980681",
    "movie_id": "10092"
  },
  {
    "review": "완전재밌다",
    "date": "13.09.11",
    "rating": "10",
    "author": "cryi****",
    "review_id": "7966828",
    "movie_id": "10092"
  },
  {
    "review": "7살 때 봤던 영화! 어리 나이에 이해할 수 없는 부분도 많았지만... 아직까지 기억에 남는 영화입니다.",
    "date": "13.07.22",
    "rating": "10",
    "author": "fede****",
    "review_id": "7776157",
    "movie_id": "10092"
  },
  {
    "review": "진짜 어렸을때 봤는데도 가끔씩 기억나는 영화. 한참 티비에서 많이 해줄때 꼬박꼬박 챙겨봤었던 영화인데 지금도 다시 보고 싶은 동화같은 영화",
    "date": "13.07.11",
    "rating": "10",
    "author": "hanl****",
    "review_id": "7723804",
    "movie_id": "10092"
  },
  {
    "review": "신나하면서 본기억이남 오래된영화에도불구하고 너무잘만든거같음",
    "date": "13.07.10",
    "rating": "10",
    "author": "love****",
    "review_id": "7722588",
    "movie_id": "10092"
  },
  {
    "review": "지금 고2인데, 이 영화를 10년 전에 봤는데도 아직도못잊어셔 찾아봤는데...꽤 인기있는 영화였구나! 정말 재밌었는데ㅜ장면 하나하나 다 생각남ㅋ또 보고싶다...",
    "date": "13.06.29",
    "rating": "10",
    "author": "cros****",
    "review_id": "7690937",
    "movie_id": "10092"
  },
  {
    "review": "최고의 영화",
    "date": "13.06.15",
    "rating": "10",
    "author": "blac****",
    "review_id": "7640950",
    "movie_id": "10092"
  },
  {
    "review": "정말 유익하고 재미있는 환상의 세계 이야기~! 전체관람가능. 꼭 보세요~~강력추천~!!",
    "date": "13.06.08",
    "rating": "10",
    "author": "zbdd****",
    "review_id": "7609101",
    "movie_id": "10092"
  },
  {
    "review": "24년전 중학교 때 단체관람으로 보았던 명작 영화 속의 캐릭터 들과 어릴적 향수가 남아있는 작품 그립다...",
    "date": "13.04.05",
    "rating": "10",
    "author": "qnfx****",
    "review_id": "7436780",
    "movie_id": "10092"
  },
  {
    "review": "음악이 사랑스러워 10점 ^^",
    "date": "13.03.26",
    "rating": "10",
    "author": "pete****",
    "review_id": "7413288",
    "movie_id": "10092"
  },
  {
    "review": "동심자극최고!!",
    "date": "13.02.21",
    "rating": "10",
    "author": "ppje****",
    "review_id": "7285765",
    "movie_id": "10092"
  },
  {
    "review": "끝없이 이어지는 동화속으로 들어가 펼치는 모험이야기....신선하고 특이하다.",
    "date": "13.02.09",
    "rating": "10",
    "author": "bajj****",
    "review_id": "7242401",
    "movie_id": "10092"
  },
  {
    "review": "넘 웃겨요.ㅎㅎ",
    "date": "13.02.03",
    "rating": "10",
    "author": "jjin****",
    "review_id": "7219518",
    "movie_id": "10092"
  },
  {
    "review": "네버엔딩 스토~리-이이 이-이이 이이이이",
    "date": "13.01.26",
    "rating": "7",
    "author": "cesa****",
    "review_id": "7179659",
    "movie_id": "10092"
  },
  {
    "review": "어렸을때 팔코 타고 날라다니는 상상했던 1인. 오즈의마법사와 이 영화땜에 환타지영화에 빠져버렸다. 스토리는 반지의제왕, 호빗, 이상한나라의 앨리스, 나니아연대기 등등에 절대 OOO않는다. 리메이크 됬음..",
    "date": "12.12.28",
    "rating": "10",
    "author": "sej1****",
    "review_id": "7057254",
    "movie_id": "10092"
  },
  {
    "review": "무조건 봐요",
    "date": "12.12.24",
    "rating": "10",
    "author": "a967****",
    "review_id": "7038770",
    "movie_id": "10092"
  },
  {
    "review": "환타지안의  환타지",
    "date": "12.12.17",
    "rating": "10",
    "author": "mc34****",
    "review_id": "7013801",
    "movie_id": "10092"
  },
  {
    "review": "이 명작을 내 딸아이에게 보여주고 싶은데 어디서 구해야 할 지도 막막하고.. 네이버에서 네버엔딩스토리 검색하면 국산 저질영화가 먼저 뜨는것도 짜증난다. 해외명작의 제목을 그대로 베껴쓰는것도 모자라 똥칠까지 하는 짓거리 제발좀 하지마라 양아치새끼들아",
    "date": "12.10.20",
    "rating": "10",
    "author": "donq****",
    "review_id": "6816489",
    "movie_id": "10092"
  },
  {
    "review": "네버엔딩스토리책과 영화를 보고 벌써 십수년이 지났건만 아직까지 춥고 어두운 체육관창고에서 낡은매트위에 앉아 이 책을 읽던 소년의 모습을 생생하게 기억합니다. 어린시절 꿈을 꾸게 만들어주었던 영원한 동화",
    "date": "12.10.11",
    "rating": "10",
    "author": "wise****",
    "review_id": "6781980",
    "movie_id": "10092"
  },
  {
    "review": "지금은 없는 유치원때 봤던~그당시 제목이 네버엔딩스토리 끝없는 이야기 ㅎ정말 어릴적 꿈인줄알았는데..내가판타지를좋아하게된이유~",
    "date": "12.09.03",
    "rating": "10",
    "author": "hsmi****",
    "review_id": "6667996",
    "movie_id": "10092"
  },
  {
    "review": "명작중에 명작..23여년전 중딩때 극장에서 봤는데.,,그주재곡을 아직까지 입에서 흥얼거리네요~네버엔딩스토리 워워워워ㅎㅎ~꿈속까지 영화장면이 나왔던기억이 있슴다ㅋㅋㅋ",
    "date": "12.08.26",
    "rating": "10",
    "author": "figh****",
    "review_id": "6644409",
    "movie_id": "10092"
  },
  {
    "review": "예전에 어렸을때 무슨 판타지영화봤었던 기억이 있었는데 가물가물해서 꿈인가했었거든요 여튼 다른건기억안나고 여기나왔던 노래중 네버엔딩스토리~이러는것만 기억나서 그냥 검색해보다가 찾았네요 ㅎㅎ",
    "date": "12.08.02",
    "rating": "10",
    "author": "pink****",
    "review_id": "6566040",
    "movie_id": "10092"
  },
  {
    "review": "이걸 1984년에 만들었다니 놀랍네요 :) 리메이크 된다하더니만 소식이 없군요 ㅠ",
    "date": "12.07.11",
    "rating": "10",
    "author": "song****",
    "review_id": "6469698",
    "movie_id": "10092"
  },
  {
    "review": "아 대박 ㅋㅋ 나 이거 봤던거 꿈인줄알았는데 찾아보니까 있네요 완전재밌게봤는데",
    "date": "12.06.12",
    "rating": "10",
    "author": "gayo****",
    "review_id": "6386949",
    "movie_id": "10092"
  },
  {
    "review": "지금 우리아이들의 판타지아는 잘 있을까? 거의 20년만에 본 영화. 감동극대!!",
    "date": "12.05.18",
    "rating": "10",
    "author": "inth****",
    "review_id": "6309964",
    "movie_id": "10092"
  },
  {
    "review": "어렸을쩍 정말 재미있게본영화인데....ㅡㅜ",
    "date": "12.04.08",
    "rating": "10",
    "author": "hoya****",
    "review_id": "6200873",
    "movie_id": "10092"
  },
  {
    "review": "가슴이 뜨거워진다면 당신은 아직 순수함을 잃지 않은 겁니다.",
    "date": "12.02.27",
    "rating": "10",
    "author": "snas****",
    "review_id": "6108620",
    "movie_id": "10092"
  },
  {
    "review": "판타지 싫어하는 내가 유일하게 좋아하는 '원조 정통' 판타지. 이게 진짜임.",
    "date": "12.02.22",
    "rating": "10",
    "author": "tkde****",
    "review_id": "6096202",
    "movie_id": "10092"
  },
  {
    "review": "어릴때 봤는데 서른이 넘어서도 주제곡을 잊지않고있는 영화! 지금다시보는건 비추",
    "date": "12.02.18",
    "rating": "10",
    "author": "cine****",
    "review_id": "6084220",
    "movie_id": "10092"
  },
  {
    "review": "잼닼ㅋ",
    "date": "12.02.17",
    "rating": "10",
    "author": "yyjj****",
    "review_id": "6081418",
    "movie_id": "10092"
  },
  {
    "review": "이게 젤 재밌었다..",
    "date": "12.02.12",
    "rating": "10",
    "author": "kkan****",
    "review_id": "6070563",
    "movie_id": "10092"
  },
  {
    "review": "어린시절에도 봤고 커서도 봤도다.",
    "date": "12.01.25",
    "rating": "10",
    "author": "appl****",
    "review_id": "6018699",
    "movie_id": "10092"
  },
  {
    "review": "고전영화 답게 너무 아날로그적",
    "date": "12.01.21",
    "rating": "7",
    "author": "mild****",
    "review_id": "6005508",
    "movie_id": "10092"
  },
  {
    "review": "높은 평점을 줄 수없다. 원작 소설은 마치 마법세계에 온 듯한 느낌인데..원작을 추천",
    "date": "12.01.16",
    "rating": "4",
    "author": "doct****",
    "review_id": "5990407",
    "movie_id": "10092"
  },
  {
    "review": "영어학원에서 수업때 봤는데 약간 황당한 것 같기도..그래도 감명깊게 봤습니닷!",
    "date": "12.01.12",
    "rating": "7",
    "author": "miss****",
    "review_id": "5980569",
    "movie_id": "10092"
  },
  {
    "review": "어른이 살아가면서 잃어버린 중요한 것을 일깨워주는 너무나 소중하고 멋진 영화!",
    "date": "12.01.05",
    "rating": "10",
    "author": "horo****",
    "review_id": "5960997",
    "movie_id": "10092"
  },
  {
    "review": "어린시절 극장에서 세번이나 봤던 영화. 환상적임",
    "date": "11.12.03",
    "rating": "10",
    "author": "just****",
    "review_id": "5885640",
    "movie_id": "10092"
  },
  {
    "review": "어린이 영화 치곤 상당히 사색적인.......",
    "date": "11.11.09",
    "rating": "8",
    "author": "vanm****",
    "review_id": "5837536",
    "movie_id": "10092"
  },
  {
    "review": "너에게 마음이 있었으면 좋겠어 라는 대사가 아직도 기억남 십수년 전이였는데도.",
    "date": "11.10.29",
    "rating": "10",
    "author": "amon****",
    "review_id": "5816349",
    "movie_id": "10092"
  },
  {
    "review": "나이가 들어서 그런지 유치하기만 하네. 페터슨 감독이 이런 영화도 오~",
    "date": "11.09.11",
    "rating": "3",
    "author": "frie****",
    "review_id": "5721030",
    "movie_id": "10092"
  },
  {
    "review": "1편 2편 내용은 기역나는데 3편은 모르겠네 ㅡㅡ^",
    "date": "11.08.07",
    "rating": "7",
    "author": "foun****",
    "review_id": "5613732",
    "movie_id": "10092"
  },
  {
    "review": "어린시절 봤었던 영화... 아직까지 생생하네요. 정말 최고",
    "date": "11.07.05",
    "rating": "10",
    "author": "orph****",
    "review_id": "5523421",
    "movie_id": "10092"
  },
  {
    "review": "저는책으로봤는대 너무너무재미있어서엄마에게사달라고해서샀는데잼있어요.추천!!",
    "date": "11.05.03",
    "rating": "10",
    "author": "eagl****",
    "review_id": "5403875",
    "movie_id": "10092"
  },
  {
    "review": "지금봐도 진짜 잘만든듯 ㄷㄷ",
    "date": "11.05.01",
    "rating": "10",
    "author": "choj****",
    "review_id": "5401551",
    "movie_id": "10092"
  },
  {
    "review": "끝나지 않는 이야기 잘만들었죠",
    "date": "11.04.22",
    "rating": "8",
    "author": "mast****",
    "review_id": "5386557",
    "movie_id": "10092"
  },
  {
    "review": "리말의 네버엔딩스토리. 영화도 잘만들었다",
    "date": "11.04.01",
    "rating": "10",
    "author": "dwte****",
    "review_id": "5347787",
    "movie_id": "10092"
  },
  {
    "review": "어린시절에 봤는데 아직도 기억에 남아있다.",
    "date": "10.11.03",
    "rating": "10",
    "author": "taeb****",
    "review_id": "4936067",
    "movie_id": "10092"
  },
  {
    "review": "정말 좋은 영화다!! 아이들과 어른 모두 봐야 할 영화..ost도 명곡",
    "date": "10.09.20",
    "rating": "9",
    "author": "come****",
    "review_id": "4851165",
    "movie_id": "10092"
  },
  {
    "review": "어릴 때 이거 보고 신선한 충격을 받았었지",
    "date": "10.05.16",
    "rating": "8",
    "author": "love****",
    "review_id": "4503976",
    "movie_id": "10092"
  },
  {
    "review": "OST가 너무 훌륭하다. 영화도 정말 재밌고",
    "date": "10.05.05",
    "rating": "10",
    "author": "ship****",
    "review_id": "4479499",
    "movie_id": "10092"
  },
  {
    "review": "너무 재밌게 밨다 80년대에 만들어졌다는게 믿기지 않을정도!",
    "date": "10.05.02",
    "rating": "10",
    "author": "wasl****",
    "review_id": "4471323",
    "movie_id": "10092"
  },
  {
    "review": "어린시절 친구들과 함께 환상에젖어 본영화",
    "date": "10.04.14",
    "rating": "10",
    "author": "nimo****",
    "review_id": "4432077",
    "movie_id": "10092"
  },
  {
    "review": "오즈의 마법사와 함께 판타지의 영화 기틀을 마련한 최고의 작품",
    "date": "10.04.02",
    "rating": "8",
    "author": "full****",
    "review_id": "4404104",
    "movie_id": "10092"
  },
  {
    "review": "초딩한텐 최고",
    "date": "10.03.21",
    "rating": "10",
    "author": "supo****",
    "review_id": "4372274",
    "movie_id": "10092"
  },
  {
    "review": "젠장 너무 늦게 봐서 감흥이 없다...ㅠ",
    "date": "10.03.05",
    "rating": "5",
    "author": "expr****",
    "review_id": "4337139",
    "movie_id": "10092"
  },
  {
    "review": "근데 이건 어떻게 보지 ... 요즘엔 판도라에서 못보는 것 같던데..",
    "date": "10.01.21",
    "rating": "10",
    "author": "wkzp****",
    "review_id": "4195696",
    "movie_id": "10092"
  },
  {
    "review": "초등학교 저학년또는유치원때본거같은데 기억이가물가물,큰개타고다니는소년만 기억남",
    "date": "09.11.29",
    "rating": "10",
    "author": "hihi****",
    "review_id": "4001425",
    "movie_id": "10092"
  },
  {
    "review": "팔콘 얼굴이 멍멍이같다는것만 빼면 괜찮은 CG. 책만큼은 아니어도 잘 만든 영화!/ㅅ/",
    "date": "09.11.03",
    "rating": "9",
    "author": "love****",
    "review_id": "3934257",
    "movie_id": "10092"
  },
  {
    "review": "당신이 어른이라면 보지 마라, 이런 영화는 추억으로만 남아야 한다",
    "date": "09.10.22",
    "rating": "1",
    "author": "torh****",
    "review_id": "3908644",
    "movie_id": "10092"
  },
  {
    "review": "모험과 신비의세계~ 재밌게 잘봤어요!난 아트레이유가 책읽는꼬만줄알았는데 아니군..",
    "date": "09.10.19",
    "rating": "10",
    "author": "eye1****",
    "review_id": "3902433",
    "movie_id": "10092"
  },
  {
    "review": "어릴때 이영화를 봤다면 아마 난 지금과는 좀 다른 어른이 되었을텐데",
    "date": "09.09.05",
    "rating": "6",
    "author": "blue****",
    "review_id": "3811993",
    "movie_id": "10092"
  },
  {
    "review": "힣...사회반 3학년 1반에 보려니 너무 유치 짬뽕이구나, 2편은 스킵 -,-;;;",
    "date": "09.08.22",
    "rating": "7",
    "author": "pass****",
    "review_id": "3777983",
    "movie_id": "10092"
  },
  {
    "review": "옛날CG영화특유의웅장함을기대했건만신비주의포스터에 속았다어른이보면 정말시간낭비",
    "date": "09.08.14",
    "rating": "1",
    "author": "ingu****",
    "review_id": "3748663",
    "movie_id": "10092"
  },
  {
    "review": "가슴이 벅차오르는 기분...아트레이유, 공주 정말 이쁘죠",
    "date": "09.07.04",
    "rating": "10",
    "author": "burn****",
    "review_id": "3610599",
    "movie_id": "10092"
  },
  {
    "review": "다시 보고 싶어요.. 하지만 지금은 볼 수 없어서 슬프군요.",
    "date": "09.07.01",
    "rating": "10",
    "author": "geen****",
    "review_id": "3604324",
    "movie_id": "10092"
  },
  {
    "review": "책도 재밌구, 영화도 재밋어요>,<",
    "date": "09.06.04",
    "rating": "10",
    "author": "ggp0****",
    "review_id": "3544097",
    "movie_id": "10092"
  },
  {
    "review": "어렸을때 이걸보고 상상의 나래를 펼쳤는데 옛날 영화임에도 여러면에서 우수한 영화",
    "date": "09.05.24",
    "rating": "10",
    "author": "orbi****",
    "review_id": "3518719",
    "movie_id": "10092"
  },
  {
    "review": "해리포터씨리즈도,나니아연대기도,황금나침반도,이 영화의 발끝에도 미치지 못한다.",
    "date": "09.04.15",
    "rating": "10",
    "author": "baks****",
    "review_id": "3422589",
    "movie_id": "10092"
  },
  {
    "review": "판타지 모험영화를 보고자 한다면, 이영화는 분명 당신이 원하는 영화가 아닐것이다.",
    "date": "09.03.20",
    "rating": "10",
    "author": "rlaw****",
    "review_id": "3376508",
    "movie_id": "10092"
  },
  {
    "review": "옛날영화인 만큼 cg가 신경쓰여서 그렇지 진짜 내가 꿈꾸던 내용 그대로의 영화",
    "date": "09.02.18",
    "rating": "10",
    "author": "slal****",
    "review_id": "3313555",
    "movie_id": "10092"
  },
  {
    "review": "환상적인 미술, 볼프강페터젠 감독을 각인시킨 작품, 동화라고 보기엔 제법 철학적",
    "date": "09.02.10",
    "rating": "10",
    "author": "bokb****",
    "review_id": "3292590",
    "movie_id": "10092"
  },
  {
    "review": "동화적 판타지의 기념비적 작품",
    "date": "09.02.02",
    "rating": "10",
    "author": "joch****",
    "review_id": "3271002",
    "movie_id": "10092"
  },
  {
    "review": "노래가 너무나도 아름다운 작품 이 영화의 단점은 너무 아동틱하다는 것",
    "date": "09.01.25",
    "rating": "7",
    "author": "deff****",
    "review_id": "3247636",
    "movie_id": "10092"
  },
  {
    "review": "이작품만의 독특한색깔은 지녔지만 전체적으로 어설픈느낌.. 재미가없다",
    "date": "08.12.04",
    "rating": "3",
    "author": "goms****",
    "review_id": "3090067",
    "movie_id": "10092"
  },
  {
    "review": "옛날애 네버엔딩스토리못봣는데 넘재밋는데ㅠㅠ",
    "date": "08.10.17",
    "rating": "10",
    "author": "skin****",
    "review_id": "3005035",
    "movie_id": "10092"
  },
  {
    "review": "동심의 세계로!! 정말 재미있습니다..",
    "date": "08.10.09",
    "rating": "10",
    "author": "ysc4****",
    "review_id": "2990722",
    "movie_id": "10092"
  },
  {
    "review": "내가 다 순수해지는 것 같다. 어색한CG못참는사람은피하길",
    "date": "08.09.09",
    "rating": "10",
    "author": "nury****",
    "review_id": "2931574",
    "movie_id": "10092"
  },
  {
    "review": "재미잇는 동화같은 판타지  아프름답고도 슬픈동화",
    "date": "08.07.08",
    "rating": "10",
    "author": "kinn****",
    "review_id": "2749414",
    "movie_id": "10092"
  },
  {
    "review": "아련한 추억의 영화.",
    "date": "08.03.19",
    "rating": "10",
    "author": "guid****",
    "review_id": "2528816",
    "movie_id": "10092"
  },
  {
    "review": "다시봐도 감명깊다.....",
    "date": "08.02.10",
    "rating": "10",
    "author": "rang****",
    "review_id": "2433806",
    "movie_id": "10092"
  },
  {
    "review": "어렸을때 정말 재밌게 봤던영화..멋진 영화다..~ ㅠ-ㅠ",
    "date": "08.02.03",
    "rating": "10",
    "author": "aski****",
    "review_id": "2404191",
    "movie_id": "10092"
  },
  {
    "review": "도데체 세상을구하겠다는데 무기를쓰면왜 안된다는거지",
    "date": "08.01.20",
    "rating": "2",
    "author": "hanw****",
    "review_id": "2348762",
    "movie_id": "10092"
  }
]