[
  {
    "review": "역시나 무조건  만점임다",
    "date": "15.08.12",
    "rating": "10",
    "author": "ninj****",
    "review_id": "10221400",
    "movie_id": "10095"
  },
  {
    "review": "썩 마음에 들지는 않지만.. 당시로서는 획기적인 특수효과만으로도 8점정도는 충분하다.",
    "date": "15.07.07",
    "rating": "8",
    "author": "pola****",
    "review_id": "10078655",
    "movie_id": "10095"
  },
  {
    "review": "리메이크가 안되고 있다는게 더 신기한 영화. 왜 이 역대급 킬러 컨텐츠를 썩히고 있는가 미국... 헐리웃!!!!",
    "date": "15.06.16",
    "rating": "9",
    "author": "outs****",
    "review_id": "10005007",
    "movie_id": "10095"
  },
  {
    "review": "내인생 최고의영화중에하나 오래전영화인데도 캐릭터 설정이정말좋고 특히 주제곡은 거의 최고 고스트버스터~~빰빰빰빠빠",
    "date": "15.04.25",
    "rating": "10",
    "author": "cs79****",
    "review_id": "9865717",
    "movie_id": "10095"
  },
  {
    "review": "길이길이 남을 명작영화",
    "date": "15.04.11",
    "rating": "10",
    "author": "bond****",
    "review_id": "9840841",
    "movie_id": "10095"
  },
  {
    "review": "재미 만점 대박꿀잼 너무 너무 재미있었다 조금은 유치했지만",
    "date": "15.03.18",
    "rating": "10",
    "author": "libe****",
    "review_id": "9790970",
    "movie_id": "10095"
  },
  {
    "review": "예전에 봤을 때는 그냥 신선했는데 지금 다시 보니 유치함의 극치..",
    "date": "15.03.05",
    "rating": "1",
    "author": "rich****",
    "review_id": "9759097",
    "movie_id": "10095"
  },
  {
    "review": "유독 머쉬멜로우 맨만 기억난다",
    "date": "15.02.22",
    "rating": "8",
    "author": "perf****",
    "review_id": "9728611",
    "movie_id": "10095"
  },
  {
    "review": "빌 머레이의 말장난 퍼레이드",
    "date": "15.02.16",
    "rating": "4",
    "author": "rd72****",
    "review_id": "9703522",
    "movie_id": "10095"
  },
  {
    "review": "그 당시엔, 어린이였던 내겐 정말 재미있는 영화였다.",
    "date": "15.02.08",
    "rating": "6",
    "author": "sipj****",
    "review_id": "9680548",
    "movie_id": "10095"
  },
  {
    "review": "80, 90 진짜 전세계적으로 문화 최전성기 일듯....",
    "date": "15.02.04",
    "rating": "10",
    "author": "hydr****",
    "review_id": "9666238",
    "movie_id": "10095"
  },
  {
    "review": "만화로도  영화로도 최고였었지요!",
    "date": "15.01.29",
    "rating": "10",
    "author": "open****",
    "review_id": "9649054",
    "movie_id": "10095"
  },
  {
    "review": "이 영화를 즐기기엔 눈이 너무 높아져버린..",
    "date": "15.01.22",
    "rating": "6",
    "author": "gmdq****",
    "review_id": "9623598",
    "movie_id": "10095"
  },
  {
    "review": "추억 돋는다. ㅋㅋㅋㅋ",
    "date": "15.01.10",
    "rating": "8",
    "author": "icec****",
    "review_id": "9581207",
    "movie_id": "10095"
  },
  {
    "review": "건질 거라곤 주제가밖에",
    "date": "14.12.14",
    "rating": "3",
    "author": "arkj****",
    "review_id": "9473424",
    "movie_id": "10095"
  },
  {
    "review": "2처럼 재밌다 상상력이 기발하다.",
    "date": "14.11.02",
    "rating": "10",
    "author": "jsh7****",
    "review_id": "9336852",
    "movie_id": "10095"
  },
  {
    "review": "CG가 좀 어색하지만 옛날영화인걸 감안하면 재밌네",
    "date": "14.11.01",
    "rating": "10",
    "author": "bayd****",
    "review_id": "9334535",
    "movie_id": "10095"
  },
  {
    "review": "마쉬멜로우 귀여움 ㅋㅋㅋㅋ",
    "date": "14.10.19",
    "rating": "9",
    "author": "sdda****",
    "review_id": "9301622",
    "movie_id": "10095"
  },
  {
    "review": "http://www.youtube.com/watch?v=VnEmbolUweg  <- 트레일러 주소",
    "date": "14.10.04",
    "rating": "10",
    "author": "hoor****",
    "review_id": "9261619",
    "movie_id": "10095"
  },
  {
    "review": "리메이크작 빨리 보고 시포요~~",
    "date": "14.10.01",
    "rating": "10",
    "author": "weri****",
    "review_id": "9251666",
    "movie_id": "10095"
  },
  {
    "review": "정확한 내용이 기억나지는않지만 기억나는것만으로도 재밌다",
    "date": "14.09.21",
    "rating": "9",
    "author": "ckc0****",
    "review_id": "9231986",
    "movie_id": "10095"
  },
  {
    "review": "지금보니 유치해서못보겠음..",
    "date": "14.09.13",
    "rating": "6",
    "author": "salm****",
    "review_id": "9210888",
    "movie_id": "10095"
  },
  {
    "review": "어린시절 국민학교 다닐때 학교앞 문방구에서 먹깨비를 사서 매일 가지고 놀았던 기억이 있네요 ^ ^",
    "date": "14.08.20",
    "rating": "10",
    "author": "may6****",
    "review_id": "9114039",
    "movie_id": "10095"
  },
  {
    "review": "주제가는 좋다ㅇㅋㅇㅋ",
    "date": "14.08.16",
    "rating": "10",
    "author": "dw96****",
    "review_id": "9096793",
    "movie_id": "10095"
  },
  {
    "review": "어설프고 어색한 부분은 있었지만 년도를 감안하면 준수하게 볼만했던것 같다.",
    "date": "14.08.09",
    "rating": "6",
    "author": "ehwj****",
    "review_id": "9053006",
    "movie_id": "10095"
  },
  {
    "review": "어린시절 재미있게 본 추억의 영화~♥",
    "date": "14.08.05",
    "rating": "10",
    "author": "jcy1****",
    "review_id": "9031887",
    "movie_id": "10095"
  },
  {
    "review": "유치하고 지루하고 진부하다",
    "date": "14.03.08",
    "rating": "1",
    "author": "mara****",
    "review_id": "8563275",
    "movie_id": "10095"
  },
  {
    "review": "어린 시절 토요 명화에서 재미있게 봤던기억 나네 ㅎㅎ 지금 봐도 억수로 재미있고유쾌하고 즐겁게 잘 봤네 ㅎㅎ원조 유령 퇴치 코믹 영화기라 ㅋㅋ추억의 80년대 생각 마이 나네",
    "date": "14.03.05",
    "rating": "10",
    "author": "yyho****",
    "review_id": "8557057",
    "movie_id": "10095"
  },
  {
    "review": "앞뒤도 없이 교차된 광선 하나에 모든게 종료되다니...그래도 주제곡 만큼은 그 당시 최고 였음",
    "date": "14.02.09",
    "rating": "6",
    "author": "dizi****",
    "review_id": "8493811",
    "movie_id": "10095"
  },
  {
    "review": "옛날 영화임에도 불구하고 , 레알  재미있음!!!!",
    "date": "14.02.01",
    "rating": "10",
    "author": "gsko****",
    "review_id": "8459879",
    "movie_id": "10095"
  },
  {
    "review": "명작이지 명작이야 ㅋㅋ",
    "date": "14.01.20",
    "rating": "10",
    "author": "gran****",
    "review_id": "8403651",
    "movie_id": "10095"
  },
  {
    "review": "추억의 고스영화.. 3탄이 나온다니 믿기지 않는군",
    "date": "14.01.19",
    "rating": "10",
    "author": "tdcz****",
    "review_id": "8398756",
    "movie_id": "10095"
  },
  {
    "review": "추억의 오락영화는 다시봐도 재미있네요",
    "date": "14.01.12",
    "rating": "10",
    "author": "cnh7****",
    "review_id": "8371460",
    "movie_id": "10095"
  },
  {
    "review": "유령들 너무 귀여워요 특히 마쉬맬로우맨이특히 고저는 전혀요 주인공들 너무 연기잘하고 계속 봐도 잼있네요 나중에 한번더 봐야겟어요 ㅎㅎ^^&^^",
    "date": "13.12.14",
    "rating": "9",
    "author": "jiny****",
    "review_id": "8214646",
    "movie_id": "10095"
  },
  {
    "review": "정말 몇번을 봐도 재미있는 영화!",
    "date": "13.12.14",
    "rating": "10",
    "author": "ske4****",
    "review_id": "8213103",
    "movie_id": "10095"
  },
  {
    "review": "어릴적 토요명화서 정말 재미있게 본 걸작 입니다 빌머레이  좋아요 좋아",
    "date": "13.11.15",
    "rating": "10",
    "author": "mana****",
    "review_id": "8141933",
    "movie_id": "10095"
  },
  {
    "review": "RIPD를 볼 바엔 이걸 봐라. 최고임.",
    "date": "13.10.29",
    "rating": "10",
    "author": "ldj0****",
    "review_id": "8099756",
    "movie_id": "10095"
  },
  {
    "review": "개봉당시에는  최고였는데.. 지금 다시보니  많이 촌스럽네요.  그래도 옛날생각 나게 해 주는 영화.",
    "date": "13.10.26",
    "rating": "8",
    "author": "driv****",
    "review_id": "8092267",
    "movie_id": "10095"
  },
  {
    "review": "유치하지만 볼만한 영화",
    "date": "13.10.09",
    "rating": "8",
    "author": "juha****",
    "review_id": "8047274",
    "movie_id": "10095"
  },
  {
    "review": "고스트버스터즈 영화로는 못받지만 애니메이션 으로는  어릴때 봤음 내거억으로는 날씬한 아저씨 뚱뚱한 아저씨 나오셨고 고릴라도 나왔음 변신 구호가 출동 고스트 버스터였음",
    "date": "13.09.14",
    "rating": "9",
    "author": "sosy****",
    "review_id": "7975532",
    "movie_id": "10095"
  },
  {
    "review": "볼만하네~",
    "date": "13.09.13",
    "rating": "8",
    "author": "dbzh****",
    "review_id": "7973949",
    "movie_id": "10095"
  },
  {
    "review": "80년대 작품이라고 믿을수 없을정도로.. 재밌었어요..",
    "date": "13.08.23",
    "rating": "10",
    "author": "jung****",
    "review_id": "7915777",
    "movie_id": "10095"
  },
  {
    "review": "익숙하고 경쾌한 OST의 조화가 살린 영화. 지금보면 영혼없는 뻔한 전개처럼 보인다..",
    "date": "13.08.21",
    "rating": "6",
    "author": "chur****",
    "review_id": "7909269",
    "movie_id": "10095"
  },
  {
    "review": "80년대에 있을법한 걸작이다",
    "date": "13.08.09",
    "rating": "10",
    "author": "neja****",
    "review_id": "7860808",
    "movie_id": "10095"
  },
  {
    "review": "^_^",
    "date": "13.08.06",
    "rating": "10",
    "author": "heal****",
    "review_id": "7851456",
    "movie_id": "10095"
  },
  {
    "review": "옛날 이거 국내 개봉당시 국민학생때였던 동네 3류극장에서 본 기억이 난다! 정말 재미있게 본 영화!!! 시고니위버가 여성스럽고 이쁘게 나온 유일한 영화였지 ㅋㅋ",
    "date": "13.07.30",
    "rating": "10",
    "author": "merm****",
    "review_id": "7799535",
    "movie_id": "10095"
  },
  {
    "review": "3언제나와요 ㅠㅜ",
    "date": "13.03.12",
    "rating": "10",
    "author": "hika****",
    "review_id": "7342597",
    "movie_id": "10095"
  },
  {
    "review": "유쾌한 오락영화. 자이언트 마쉬멜로맨이라니 으하하.",
    "date": "12.11.08",
    "rating": "7",
    "author": "cube****",
    "review_id": "6865783",
    "movie_id": "10095"
  },
  {
    "review": "거의 30년 전의 영화인데 현대 그래픽을 운운하긴 뭐하고 동시대에 놓고만 봣을떄는 거의 뭐 ㅋㅋㅋㅋㅋㅋㅋㅋㅋㅋㅋㅋㅋㅋ 최고지 최고",
    "date": "12.09.15",
    "rating": "9",
    "author": "thtp****",
    "review_id": "6700660",
    "movie_id": "10095"
  },
  {
    "review": "영화를 본 사람이면 다아는 초록색 유령 먹깨비 ...乃",
    "date": "12.09.11",
    "rating": "9",
    "author": "hana****",
    "review_id": "6688560",
    "movie_id": "10095"
  },
  {
    "review": "지금와서 보기엔 너무 유치하다",
    "date": "12.08.28",
    "rating": "6",
    "author": "oper****",
    "review_id": "6650588",
    "movie_id": "10095"
  },
  {
    "review": "ost도 정말로 재미있었고 내용도 정말 탄탄하고 재미있었다. 내가 태어나기 한참 전에 나온 영화인데도 별점 10점 주는 게 당연함~",
    "date": "12.08.19",
    "rating": "10",
    "author": "kt17****",
    "review_id": "6625996",
    "movie_id": "10095"
  },
  {
    "review": "썰물밀물힘으로 체이체이체인지",
    "date": "12.08.12",
    "rating": "10",
    "author": "bohk****",
    "review_id": "6597281",
    "movie_id": "10095"
  },
  {
    "review": "재밌엇다",
    "date": "12.07.31",
    "rating": "10",
    "author": "jjh1****",
    "review_id": "6559578",
    "movie_id": "10095"
  },
  {
    "review": "옛날에 재밌게 봤었다.",
    "date": "12.07.25",
    "rating": "9",
    "author": "kem1****",
    "review_id": "6527265",
    "movie_id": "10095"
  },
  {
    "review": "레알 추억이다 ㅋㅋㅋ",
    "date": "12.06.16",
    "rating": "10",
    "author": "gokj****",
    "review_id": "6396090",
    "movie_id": "10095"
  },
  {
    "review": "추억이 새록새록 그시절이 다시 생각나네요~⌒⌒",
    "date": "12.06.09",
    "rating": "10",
    "author": "hoya****",
    "review_id": "6380667",
    "movie_id": "10095"
  },
  {
    "review": "그땐 정말 최고였던",
    "date": "12.05.23",
    "rating": "8",
    "author": "jero****",
    "review_id": "6324858",
    "movie_id": "10095"
  },
  {
    "review": "덜떨어진 그래픽이지만 난 상관없음. 재미만 있으면 됨",
    "date": "12.04.28",
    "rating": "9",
    "author": "dldh****",
    "review_id": "6252024",
    "movie_id": "10095"
  },
  {
    "review": "재미있다",
    "date": "12.04.14",
    "rating": "10",
    "author": "ipti****",
    "review_id": "6220235",
    "movie_id": "10095"
  },
  {
    "review": "완전 좋다 good",
    "date": "12.04.08",
    "rating": "10",
    "author": "wlal****",
    "review_id": "6202790",
    "movie_id": "10095"
  },
  {
    "review": "어릴적 생각난다 오랜만의 향수....",
    "date": "12.03.13",
    "rating": "10",
    "author": "qkrw****",
    "review_id": "6141611",
    "movie_id": "10095"
  },
  {
    "review": "다시 옛날에 돌아가 본다면 9점 이상일 것이다",
    "date": "12.03.13",
    "rating": "8",
    "author": "kos4****",
    "review_id": "6141337",
    "movie_id": "10095"
  },
  {
    "review": "다시보니 후진그래픽에 내용만은 대단한창의력에 영화~!3편나오기를...",
    "date": "12.02.29",
    "rating": "10",
    "author": "al2d****",
    "review_id": "6112866",
    "movie_id": "10095"
  },
  {
    "review": "곧 봐야지",
    "date": "12.02.11",
    "rating": "10",
    "author": "fash****",
    "review_id": "6068010",
    "movie_id": "10095"
  },
  {
    "review": "후유 거너 콜?",
    "date": "12.02.11",
    "rating": "10",
    "author": "jinw****",
    "review_id": "6066921",
    "movie_id": "10095"
  },
  {
    "review": "너무 최신영화를 봐서그런가 그래픽효과가별로여서;;;ㅎㅎ",
    "date": "12.02.03",
    "rating": "6",
    "author": "ds4d****",
    "review_id": "6049219",
    "movie_id": "10095"
  },
  {
    "review": "어렸을때..그리고다시다운받아보니까 유치하긴하다",
    "date": "12.01.24",
    "rating": "10",
    "author": "2005****",
    "review_id": "6014157",
    "movie_id": "10095"
  },
  {
    "review": "좀 촌스럽지만괜찮다 광선 교차해서 폭발한 후 흰 거품은 무엇? 마시마로맨 웃김ㅋㅋ",
    "date": "12.01.20",
    "rating": "9",
    "author": "j500****",
    "review_id": "6002357",
    "movie_id": "10095"
  },
  {
    "review": "과 쌍벽을 이루는 코믹공포물(?)",
    "date": "12.01.19",
    "rating": "9",
    "author": "ccpp****",
    "review_id": "6000122",
    "movie_id": "10095"
  },
  {
    "review": "유쾌한 유령사냥꾼들",
    "date": "12.01.19",
    "rating": "9",
    "author": "rame****",
    "review_id": "6000119",
    "movie_id": "10095"
  },
  {
    "review": "이거 만화영화 시리즈도 참 재밌게 봤었지",
    "date": "12.01.19",
    "rating": "9",
    "author": "kpcc****",
    "review_id": "6000115",
    "movie_id": "10095"
  },
  {
    "review": "가족이랑 보면 좋을거같은영화네요~~ ㅎㅎ",
    "date": "12.01.15",
    "rating": "10",
    "author": "asdf****",
    "review_id": "5987762",
    "movie_id": "10095"
  },
  {
    "review": "고스트버스터즈 1984년작",
    "date": "12.01.09",
    "rating": "10",
    "author": "fool****",
    "review_id": "5972910",
    "movie_id": "10095"
  },
  {
    "review": "빌 머레이는 이 영화 속이나 지금이나 다를 게 없어 보이네요ㅎ",
    "date": "12.01.08",
    "rating": "10",
    "author": "tkff****",
    "review_id": "5971979",
    "movie_id": "10095"
  },
  {
    "review": "너무오랜만에봐서그런가.그땐재밌었는데..지금은재미없네ㅋ나중에도OST만기억날거같네",
    "date": "11.12.22",
    "rating": "4",
    "author": "gaga****",
    "review_id": "5923341",
    "movie_id": "10095"
  },
  {
    "review": "추억에 미화된 영화",
    "date": "11.12.12",
    "rating": "6",
    "author": "loop****",
    "review_id": "5901210",
    "movie_id": "10095"
  },
  {
    "review": "84년작~!!",
    "date": "11.11.29",
    "rating": "9",
    "author": "tn99****",
    "review_id": "5878374",
    "movie_id": "10095"
  },
  {
    "review": "그때당시엔 정말파격적이영화였을듯, 지금은 그냥 시간때우기로보기엔 재밌다",
    "date": "11.11.28",
    "rating": "8",
    "author": "thdu****",
    "review_id": "5875509",
    "movie_id": "10095"
  },
  {
    "review": "그런대로",
    "date": "11.09.19",
    "rating": "7",
    "author": "drd1****",
    "review_id": "5741146",
    "movie_id": "10095"
  },
  {
    "review": "향수를 자극하는 추억의 영화. 캐릭터들이 확실해서 좋았다.",
    "date": "11.08.28",
    "rating": "6",
    "author": "kami****",
    "review_id": "5692939",
    "movie_id": "10095"
  },
  {
    "review": "이미 머쉬멜로우 맨이 나온다는 설정 자체가 엉터리.",
    "date": "11.07.20",
    "rating": "1",
    "author": "warr****",
    "review_id": "5557516",
    "movie_id": "10095"
  },
  {
    "review": "명작은 시간이 지나도 역시 명작인듯~ 1편 2편 잼 있어가지구 하루만에 다 봤네 ㅎㅎ",
    "date": "11.06.26",
    "rating": "10",
    "author": "sunk****",
    "review_id": "5500406",
    "movie_id": "10095"
  },
  {
    "review": "해롤드스미스는젊었을때크리스찬베일닮앗네너무오래된영화라지루하고거의우뢰매수준",
    "date": "11.03.24",
    "rating": "1",
    "author": "tops****",
    "review_id": "5331582",
    "movie_id": "10095"
  },
  {
    "review": "나만큼 고스트바스터즈를 많이 본 사람이 있을까 1,2편 모두 재밌다. 찐빵귀신 만세..",
    "date": "11.03.22",
    "rating": "10",
    "author": "osam****",
    "review_id": "5328052",
    "movie_id": "10095"
  },
  {
    "review": "평점 왜 이모냥이냐;;",
    "date": "11.03.06",
    "rating": "10",
    "author": "wodu****",
    "review_id": "5297331",
    "movie_id": "10095"
  },
  {
    "review": "괜찬게 재밌어요~",
    "date": "11.02.20",
    "rating": "8",
    "author": "yuui****",
    "review_id": "5259777",
    "movie_id": "10095"
  },
  {
    "review": "최고중에 최고지... OST 도 최고",
    "date": "11.02.16",
    "rating": "10",
    "author": "ygfa****",
    "review_id": "5247360",
    "movie_id": "10095"
  },
  {
    "review": "처음엔 공포보단 코미디.시리즈가 갈수록 명작 대열로..주제가는 전설로 남았다",
    "date": "11.02.14",
    "rating": "8",
    "author": "dj_l****",
    "review_id": "5242007",
    "movie_id": "10095"
  },
  {
    "review": "기술력은 둘째치더라도 좋은 소재에 인과관계가 영...ㅋㅋ역시 시대가 너무 변했나...",
    "date": "11.01.21",
    "rating": "7",
    "author": "sbs3****",
    "review_id": "5173695",
    "movie_id": "10095"
  },
  {
    "review": "우리들의 가장 소중한 추억, 마쉬멜로우 맨",
    "date": "11.01.20",
    "rating": "10",
    "author": "zaq5****",
    "review_id": "5170986",
    "movie_id": "10095"
  },
  {
    "review": "레이 파커 주니어의 음악을 들으면 절로 미소가 지어진다",
    "date": "10.11.15",
    "rating": "10",
    "author": "kkw1****",
    "review_id": "4964655",
    "movie_id": "10095"
  },
  {
    "review": "공포적인 요소는 조금은 부족했다. 하지만 명작",
    "date": "10.09.10",
    "rating": "10",
    "author": "ohs3****",
    "review_id": "4827404",
    "movie_id": "10095"
  },
  {
    "review": "굿잡",
    "date": "10.08.20",
    "rating": "10",
    "author": "seun****",
    "review_id": "4769116",
    "movie_id": "10095"
  },
  {
    "review": "당시 극장가서 재밌게 보았던 기억이 나네요 ~~~~~~~~",
    "date": "10.08.19",
    "rating": "8",
    "author": "fnsk****",
    "review_id": "4767534",
    "movie_id": "10095"
  },
  {
    "review": "재밌는데여",
    "date": "10.08.17",
    "rating": "10",
    "author": "knba****",
    "review_id": "4757671",
    "movie_id": "10095"
  },
  {
    "review": "꽝",
    "date": "10.08.17",
    "rating": "1",
    "author": "bood****",
    "review_id": "4757221",
    "movie_id": "10095"
  },
  {
    "review": "여전히 볼만하다",
    "date": "10.08.15",
    "rating": "9",
    "author": "rush****",
    "review_id": "4750409",
    "movie_id": "10095"
  },
  {
    "review": "그 시대엔 완벽한 CG였다.",
    "date": "10.08.01",
    "rating": "10",
    "author": "doct****",
    "review_id": "4694144",
    "movie_id": "10095"
  },
  {
    "review": "그냥 담아낸다고 명작은 아니지만 만화원작에 충실했으니...",
    "date": "10.07.19",
    "rating": "6",
    "author": "yaky****",
    "review_id": "4651115",
    "movie_id": "10095"
  }
]