[
  {
    "review": "저는 초등학교6학년 남학생 입니다. 학교에서 음악선생님이 보여주셨는데 반이 진짜 조용해지고 은근히 노래가 아름답고 감동적인 영화 입니다!",
    "date": "15.08.26",
    "rating": "10",
    "author": "bum1****",
    "review_id": "10276140",
    "movie_id": "10102"
  },
  {
    "review": "백번을  넘게  본  영화지만  또  보고  싶어지는  영화!!!",
    "date": "15.08.25",
    "rating": "10",
    "author": "hjki****",
    "review_id": "10274344",
    "movie_id": "10102"
  },
  {
    "review": "이런 영화가 다시 나올수 있을까...",
    "date": "15.08.17",
    "rating": "10",
    "author": "gnt1****",
    "review_id": "10245266",
    "movie_id": "10102"
  },
  {
    "review": "제가 중1인데 방과후 시간에 선생님께서 보여주셨거든요살면서 이것만큼 재미있는 영화없을만큼 재밌어요 졸잼 꿀잼구매를 하고싶은데 엄마가 구매를 안해주셔서....돈이 남아돌때가 되면 구매해 주시겠죠??....ㅠ",
    "date": "15.08.14",
    "rating": "10",
    "author": "fl08****",
    "review_id": "10230613",
    "movie_id": "10102"
  },
  {
    "review": "쪼아요!??????????????",
    "date": "15.08.11",
    "rating": "10",
    "author": "s991****",
    "review_id": "10218189",
    "movie_id": "10102"
  },
  {
    "review": "사운드어브 뮤직 ....그 자체로 10점만점에 10점",
    "date": "15.08.04",
    "rating": "10",
    "author": "tgv1****",
    "review_id": "10185678",
    "movie_id": "10102"
  },
  {
    "review": "수십 년 만에 다시 봐도 역시나 감동으로 다가오는 명작입니다!",
    "date": "15.07.28",
    "rating": "10",
    "author": "joo5****",
    "review_id": "10152243",
    "movie_id": "10102"
  },
  {
    "review": "경쾌하고 발랄한 영화! 실제로 영화 촬영장소인 짤츠부르크를 갔을 때 얼마나 가슴이 벅차던지!!",
    "date": "15.07.24",
    "rating": "10",
    "author": "simp****",
    "review_id": "10138140",
    "movie_id": "10102"
  },
  {
    "review": "영화사운드오브뮤직에서대령이고백을하던그밤의장면은너무나순수한감성으로내안에남아있다돌을보고도설레어하던소녀적에,그감성이여성이라면누구나가슴속에있을것나의어머니에게도내동생에게도조카딸에게도",
    "date": "15.07.23",
    "rating": "10",
    "author": "akfr****",
    "review_id": "10133470",
    "movie_id": "10102"
  },
  {
    "review": "눈과 귀와 마음을 사로잡는 고전의 품격",
    "date": "15.07.19",
    "rating": "8",
    "author": "rcan****",
    "review_id": "10121269",
    "movie_id": "10102"
  },
  {
    "review": "브로드웨이 뮤지컬을 영화한 작품들 중에는 최고로 잘 만든 작품 1965년 아카데미와 골든글로버상들을 닥터지바고와 양분하여 수상함 몇년 전 tv쇼에 출연배우들과 영화의 실제 인물의 자손들이 나옴 아름다운 오스트리아를 배경으로 절묘한 연출과 높은 음악성",
    "date": "15.07.11",
    "rating": "10",
    "author": "sjal****",
    "review_id": "10091602",
    "movie_id": "10102"
  },
  {
    "review": "수많은 영화를 보았지만 내 인생에 이런 영화는 첨이다.  정말. 최고다. 명작중에 손꼽는 2시간 내내 보면서 전율과 소름이.. 요즘에 절대 !! 볼수없는 영화다.",
    "date": "15.06.28",
    "rating": "10",
    "author": "dien****",
    "review_id": "10048525",
    "movie_id": "10102"
  },
  {
    "review": "오래전에 봤는데 아직도 기억에 남는 영화네요",
    "date": "15.06.24",
    "rating": "10",
    "author": "lakh****",
    "review_id": "10028907",
    "movie_id": "10102"
  },
  {
    "review": "너무너무 재밌고 계속봐도 질리지않는다. 내가본 영화중 가장 최고이다",
    "date": "15.06.20",
    "rating": "10",
    "author": "luck****",
    "review_id": "10016346",
    "movie_id": "10102"
  },
  {
    "review": "노래와 풍경까지 진짜 잊혀지지 않는 영화",
    "date": "15.06.14",
    "rating": "10",
    "author": "kunu****",
    "review_id": "9999671",
    "movie_id": "10102"
  },
  {
    "review": "도레미송이 여기서 나온 거구나...평점은 왜 10까지밖에 없을까",
    "date": "15.06.08",
    "rating": "10",
    "author": "emil****",
    "review_id": "9984264",
    "movie_id": "10102"
  },
  {
    "review": "Very good!!!완죤 재밌네요~굿입니다.별점5개!!",
    "date": "15.06.01",
    "rating": "10",
    "author": "yang****",
    "review_id": "9968940",
    "movie_id": "10102"
  },
  {
    "review": "1978년도에 개봉한 20세기 최고의 명작이다. 이는 그 누구도 흉내낼 수 없고, 음악과 스토리가 어우러져 최고의 영화가 탄생하였다. 아직도 기억에 남는 훌륭한 영화이다.",
    "date": "15.05.29",
    "rating": "10",
    "author": "ash_****",
    "review_id": "9959976",
    "movie_id": "10102"
  },
  {
    "review": "정말아름다운영화 인생영화",
    "date": "15.05.24",
    "rating": "10",
    "author": "ehwj****",
    "review_id": "9943645",
    "movie_id": "10102"
  },
  {
    "review": "한마디로 훌륭한 영화다.cg없이 어떻게 만들면 되냐고? 이렇게 만들면 된다.",
    "date": "15.05.23",
    "rating": "8",
    "author": "kenn****",
    "review_id": "9941387",
    "movie_id": "10102"
  },
  {
    "review": "세월이 흘러도 빛이 바래지 않는 위대한 유산",
    "date": "15.05.22",
    "rating": "10",
    "author": "syoc****",
    "review_id": "9938166",
    "movie_id": "10102"
  },
  {
    "review": "왜 별이 10까지밖에 없어요? 100까진 있어야지...",
    "date": "15.05.22",
    "rating": "10",
    "author": "seyo****",
    "review_id": "9937833",
    "movie_id": "10102"
  },
  {
    "review": "영화만보면 슬픈장면아니고 오히려 신나고 기쁜장면인데도 볼때마다 벅차올라서 움ㅠㅠ 노래는 물론이고 영화 속 배경도 너무 이쁘고... 진짜 내 인생작! 10점도 모자름",
    "date": "15.05.06",
    "rating": "10",
    "author": "glor****",
    "review_id": "9898806",
    "movie_id": "10102"
  },
  {
    "review": "감동적이고  대령님이 멋있어요.",
    "date": "15.05.01",
    "rating": "10",
    "author": "jan4****",
    "review_id": "9883614",
    "movie_id": "10102"
  },
  {
    "review": "영화가너무 좋네요당근10/10",
    "date": "15.04.19",
    "rating": "10",
    "author": "brav****",
    "review_id": "9853460",
    "movie_id": "10102"
  },
  {
    "review": "계속봐도 언제나 재밌어요^^",
    "date": "15.04.17",
    "rating": "10",
    "author": "stlh****",
    "review_id": "9848886",
    "movie_id": "10102"
  },
  {
    "review": "아름다운 노래와 순수함에 매료되었다..",
    "date": "15.04.06",
    "rating": "10",
    "author": "rlae****",
    "review_id": "9830649",
    "movie_id": "10102"
  },
  {
    "review": "제가본영화중 최고의 영화입니다.어릴때 수십번봤지만 소장하고싶어서네이버에서 4천원이나주고 샀네요^^;;  비싸긴하네요ㅜㅜ하지만 옛날 그감동을 잊을수없어서두고두고 보려고합니다.영화 넘 재미있어요",
    "date": "15.03.13",
    "rating": "10",
    "author": "sun2****",
    "review_id": "9777761",
    "movie_id": "10102"
  },
  {
    "review": "노래도 좋고 반전도 재미있고~",
    "date": "15.03.07",
    "rating": "10",
    "author": "syju****",
    "review_id": "9764292",
    "movie_id": "10102"
  },
  {
    "review": "제가 가장 사랑하는 최고의 영화입니다.",
    "date": "15.02.25",
    "rating": "10",
    "author": "ssul****",
    "review_id": "9737192",
    "movie_id": "10102"
  },
  {
    "review": "귀가 즐거운영화...예전에 봤는데 아직도 노래하는게 생각난다",
    "date": "15.02.24",
    "rating": "10",
    "author": "gksk****",
    "review_id": "9734606",
    "movie_id": "10102"
  },
  {
    "review": "무려 50년전 영화다 ....생각하고 적어라 ....",
    "date": "15.02.24",
    "rating": "10",
    "author": "tomb****",
    "review_id": "9733445",
    "movie_id": "10102"
  },
  {
    "review": "부처님 또는 알라신 정도가 되야 만들 수 있는 영화..",
    "date": "15.02.21",
    "rating": "10",
    "author": "katy****",
    "review_id": "9724376",
    "movie_id": "10102"
  },
  {
    "review": "감동이 넘쳐흐르네요~^^",
    "date": "15.02.20",
    "rating": "10",
    "author": "clar****",
    "review_id": "9717249",
    "movie_id": "10102"
  },
  {
    "review": "말이 필요없는 명작..",
    "date": "15.02.20",
    "rating": "10",
    "author": "love****",
    "review_id": "9717070",
    "movie_id": "10102"
  },
  {
    "review": "보고 또 봐도 질리지않는 영화입니다. 한 곡 한 곡 어쩜 그리 다 좋은지... 완벽 그 자체입니다.별 다섯개가 아니라 열 개도 주고싶은 마음입니다ㅎㅎ",
    "date": "15.02.20",
    "rating": "10",
    "author": "wang****",
    "review_id": "9716762",
    "movie_id": "10102"
  },
  {
    "review": "보고 보고  또 봐도 명불허전!",
    "date": "15.02.20",
    "rating": "10",
    "author": "tigg****",
    "review_id": "9716735",
    "movie_id": "10102"
  },
  {
    "review": "다시보고 또 봐도 너무 좋은 명작입니다.",
    "date": "15.02.20",
    "rating": "10",
    "author": "insa****",
    "review_id": "9716667",
    "movie_id": "10102"
  },
  {
    "review": "귀에 남는 음악들이 많은 영화이다. 길고 긴 러닝 타임이 장점이자 단점이다",
    "date": "15.02.20",
    "rating": "8",
    "author": "psyc****",
    "review_id": "9715637",
    "movie_id": "10102"
  },
  {
    "review": "정말 재밌네요~!! 강추합니다!!",
    "date": "15.02.13",
    "rating": "10",
    "author": "ybyb****",
    "review_id": "9693403",
    "movie_id": "10102"
  },
  {
    "review": "이건정망 명작입니다!!!!~~~~^@^감동적이고 아름답습니다ㅠㅜ꼭한번 보시길...",
    "date": "15.02.09",
    "rating": "10",
    "author": "cwd9****",
    "review_id": "9682139",
    "movie_id": "10102"
  },
  {
    "review": "스토리면 스토리, 노래면 노래 어느것 하나 빼먹을수 없는 영화.",
    "date": "15.02.08",
    "rating": "10",
    "author": "ghd6****",
    "review_id": "9677510",
    "movie_id": "10102"
  },
  {
    "review": "봐도봐도 계속보고싶은영화..♥",
    "date": "15.01.31",
    "rating": "10",
    "author": "dmg0****",
    "review_id": "9652905",
    "movie_id": "10102"
  },
  {
    "review": "영원한 명작이여!!!",
    "date": "15.01.30",
    "rating": "10",
    "author": "lkhg****",
    "review_id": "9650180",
    "movie_id": "10102"
  },
  {
    "review": "의문이 드는건 한국사람들이 사운드 오브 뮤직을 좋아하고 재밌게 봤음에도 불구하고 왜 아직까지 뮤지컬영화에 인색한지 모르겠다. 솔직히 노래와 연출은 아주 훌륭하나 후에 나온 많은 뮤지컬 영화와 비교했을 때 스토리는 진부할 수도 있는 것일 텐데",
    "date": "15.01.28",
    "rating": "9",
    "author": "scv0****",
    "review_id": "9644435",
    "movie_id": "10102"
  },
  {
    "review": "내 어린시절을 함께한 영화 , 모든 노래와 인물과 풍경 하나하나가 아름다운 영화",
    "date": "15.01.27",
    "rating": "10",
    "author": "cha9****",
    "review_id": "9642392",
    "movie_id": "10102"
  },
  {
    "review": "올해가 개봉 50주년이네요. 아이를 낳으면 이 영화를 꼭 보여주고 싶어요!",
    "date": "15.01.25",
    "rating": "10",
    "author": "njst****",
    "review_id": "9634918",
    "movie_id": "10102"
  },
  {
    "review": "잼잼 캐꿀잼잼 ㅋㅋㅋㅋ",
    "date": "15.01.23",
    "rating": "10",
    "author": "yj76****",
    "review_id": "9626970",
    "movie_id": "10102"
  },
  {
    "review": "내인생에 최고의 영화 ..처음본지 21년이 지났지만 이영화를 볼때마다 처음봤던  아홉살로 매번 돌아간다",
    "date": "15.01.22",
    "rating": "10",
    "author": "supe****",
    "review_id": "9621734",
    "movie_id": "10102"
  },
  {
    "review": "에델 바이스~에델 바이스~이 멜로디가 머리에서 떠나질 않는다ㅠㅠ",
    "date": "15.01.17",
    "rating": "10",
    "author": "leon****",
    "review_id": "9605285",
    "movie_id": "10102"
  },
  {
    "review": "이 영화이상의 레전드는 없죠.너무 사랑스럽고 완벽한 영화!",
    "date": "15.01.13",
    "rating": "10",
    "author": "popg****",
    "review_id": "9590741",
    "movie_id": "10102"
  },
  {
    "review": "무슨말이필요있겠나 진짜최고중에최고다b",
    "date": "14.12.27",
    "rating": "10",
    "author": "7072****",
    "review_id": "9523268",
    "movie_id": "10102"
  },
  {
    "review": "초등학생때 우연히 엄마 가곡집에서 가사를 보고 비디오를 빌려 본 사운드 오브 뮤직은 고등학생때까지?일년에 두번씩 꼭 챙겨보는 인생영화가 되었다. 아름다운 노래소리와 연출들.. 영화의 모든 ost가 이렇게 좋을수 있을까? 볼때마다 소름이 돋는다",
    "date": "14.12.25",
    "rating": "10",
    "author": "coco****",
    "review_id": "9515092",
    "movie_id": "10102"
  },
  {
    "review": "이 영화에 10점 밑으로 준 놈들은 대갈2에 똥만 가득 한 놈들이지",
    "date": "14.12.25",
    "rating": "10",
    "author": "gonn****",
    "review_id": "9510490",
    "movie_id": "10102"
  },
  {
    "review": "너무감동적이고 즐거운영화에요~~",
    "date": "14.12.24",
    "rating": "10",
    "author": "1ove****",
    "review_id": "9507415",
    "movie_id": "10102"
  },
  {
    "review": "이영화는 충분히 리메이크할 가치가 높다고봅니다 리메이크 한다면 이번엔 트렙가족의 미국생활까지 넣어주면 더 좋을거같아요! 물론 리메이크작은 원본보단 못하다곤하지만 그래도 하면 좋을거같아요!",
    "date": "14.12.24",
    "rating": "10",
    "author": "leom****",
    "review_id": "9507291",
    "movie_id": "10102"
  },
  {
    "review": "무슨말이필요해욥 사운드오브뮤직인데 ㅠ.ㅠ ㅋ",
    "date": "14.12.24",
    "rating": "10",
    "author": "run_****",
    "review_id": "9507074",
    "movie_id": "10102"
  },
  {
    "review": "아름다운영화말이필요없습니다보고나면마음에울림이오고잔잔해짐을느낄것입니당",
    "date": "14.12.18",
    "rating": "10",
    "author": "mins****",
    "review_id": "9483748",
    "movie_id": "10102"
  },
  {
    "review": "내가 본 영화 중 최고.어쩜 배우들이 이렇게 노래랑 연기를 잘하는지...정말 놀랍고 누구나 볼 수 있는 영화라서 추천하고 싶다.",
    "date": "14.12.17",
    "rating": "10",
    "author": "bint****",
    "review_id": "9482351",
    "movie_id": "10102"
  },
  {
    "review": "굳이 입으로 말할필요있나?",
    "date": "14.12.07",
    "rating": "10",
    "author": "zaok****",
    "review_id": "9456580",
    "movie_id": "10102"
  },
  {
    "review": "이렇게 오랫동안 여러번 봐도 즐거운 영화가 얼마나 있을까. 이젠 다음 대사를 영어로 외울 지경인데도 어디선가 해주면 나도 모르게 넋놓고 보고 있다.",
    "date": "14.12.04",
    "rating": "10",
    "author": "kjoc****",
    "review_id": "9447768",
    "movie_id": "10102"
  },
  {
    "review": "할리우드 뮤지컬 영화의 높은 산맥.",
    "date": "14.12.04",
    "rating": "9",
    "author": "ogr5****",
    "review_id": "9447094",
    "movie_id": "10102"
  },
  {
    "review": "정말 최고의 영화입니다.",
    "date": "14.12.04",
    "rating": "10",
    "author": "bloo****",
    "review_id": "9446742",
    "movie_id": "10102"
  },
  {
    "review": "내 인생 최고의 영화 10년,20년이 흘러도 마음속에 남아있을것같다",
    "date": "14.12.04",
    "rating": "10",
    "author": "poux****",
    "review_id": "9446712",
    "movie_id": "10102"
  },
  {
    "review": "최고다. 말로 다 할수없다.",
    "date": "14.12.04",
    "rating": "10",
    "author": "khj2****",
    "review_id": "9446466",
    "movie_id": "10102"
  },
  {
    "review": "나는 희망한다. 나의 꿈을... 영화는 나에게 알게해줬다! 나의 마음속에 담겨져 있는 나의 마음을...",
    "date": "14.12.01",
    "rating": "10",
    "author": "1004****",
    "review_id": "9437462",
    "movie_id": "10102"
  },
  {
    "review": "요즘 학교 방과후쌤이 사운드 오브 뮤직의 도레미를 가르쳐 주시는데 노래가 예쁘고 즐거워요.",
    "date": "14.11.26",
    "rating": "10",
    "author": "wngk****",
    "review_id": "9424238",
    "movie_id": "10102"
  },
  {
    "review": "정말 좋은 영화네요 아이들의 순진한 모습과 밝고 명량한 모습이 보기 정말 좋네요.",
    "date": "14.11.24",
    "rating": "10",
    "author": "ella****",
    "review_id": "9419377",
    "movie_id": "10102"
  },
  {
    "review": "엄청 좋은 영화인듯근데  다 죽어서 아쉽",
    "date": "14.11.20",
    "rating": "10",
    "author": "tjdd****",
    "review_id": "9404084",
    "movie_id": "10102"
  },
  {
    "review": "감히 평가할수 없지만 내가 세상 제일 사랑하는 영화",
    "date": "14.11.19",
    "rating": "10",
    "author": "giro****",
    "review_id": "9400499",
    "movie_id": "10102"
  },
  {
    "review": "초등학교때봐서기억이가물가물하지만재미있게본걸로기억한다",
    "date": "14.11.17",
    "rating": "8",
    "author": "xx41****",
    "review_id": "9393895",
    "movie_id": "10102"
  },
  {
    "review": "또보고싶다...ㅋ 재개봉했음좋겠다",
    "date": "14.11.12",
    "rating": "10",
    "author": "02kk****",
    "review_id": "9375589",
    "movie_id": "10102"
  },
  {
    "review": "영화는 별로 좋아하지 않는데(뮤지컬은 더)이 영화는 정말 마음에 든다.뮤지컬과도 가까워 진 것 같다.",
    "date": "14.11.05",
    "rating": "10",
    "author": "jina****",
    "review_id": "9342381",
    "movie_id": "10102"
  },
  {
    "review": "이거 대본 쓴 사람 천재인듯...10점 만점에 100점 주고 싶다",
    "date": "14.11.03",
    "rating": "10",
    "author": "juli****",
    "review_id": "9339245",
    "movie_id": "10102"
  },
  {
    "review": "흐흐 요즘도 학교에서 보여주나보넹.. 그냥 다 아름답다.",
    "date": "14.11.03",
    "rating": "10",
    "author": "jeon****",
    "review_id": "9338750",
    "movie_id": "10102"
  },
  {
    "review": "감동적이에요~ 재미있게 보고 갑니다.",
    "date": "14.11.01",
    "rating": "10",
    "author": "jys0****",
    "review_id": "9335212",
    "movie_id": "10102"
  },
  {
    "review": "이거 리메이크 작품은 안나오려나 ㅠㅠ 60년대작품이란게 놀라워!",
    "date": "14.10.30",
    "rating": "10",
    "author": "97ju****",
    "review_id": "9328193",
    "movie_id": "10102"
  },
  {
    "review": "노래가 우선 재밌네요...",
    "date": "14.10.29",
    "rating": "10",
    "author": "chri****",
    "review_id": "9326487",
    "movie_id": "10102"
  },
  {
    "review": "당시엔 정말로 감동적이엿다",
    "date": "14.10.29",
    "rating": "10",
    "author": "doo3****",
    "review_id": "9325722",
    "movie_id": "10102"
  },
  {
    "review": "단연코 내 인생 최고의 영화. 아직도 그 노래들이 귓가에 어른 거린다.",
    "date": "14.10.21",
    "rating": "10",
    "author": "m941****",
    "review_id": "9306418",
    "movie_id": "10102"
  },
  {
    "review": "노랫소리가 흐르는 집은 아름다우면서 사랑스럽다. 노랫소리가 끊긴 집은 오직 규율과 질서만 내뱉는 군대 같은 바람이 흐른다. 노랫소리가 감도는 집에서는 온갖 이야기가 흘러넘친다. 노랫소리가 없는 집은  그저 웃사람이 시키는 명령만 시끄럽다.",
    "date": "14.10.18",
    "rating": "10",
    "author": "hboo****",
    "review_id": "9299979",
    "movie_id": "10102"
  },
  {
    "review": "음악하면 으뜸영화 아름다운영화",
    "date": "14.10.17",
    "rating": "10",
    "author": "sbri****",
    "review_id": "9296941",
    "movie_id": "10102"
  },
  {
    "review": "내 베스트 영화 중의 하나 ㅠㅠㅠ",
    "date": "14.10.15",
    "rating": "10",
    "author": "mado****",
    "review_id": "9293426",
    "movie_id": "10102"
  },
  {
    "review": "정말 아름다운 이야기 몇번을 봐도 질리지 않는 그런 영화입니다",
    "date": "14.10.13",
    "rating": "10",
    "author": "jiok****",
    "review_id": "9290132",
    "movie_id": "10102"
  },
  {
    "review": "많은 감동과 교훈을 주는 영화의 완성이라고 생각해요~^^",
    "date": "14.10.09",
    "rating": "10",
    "author": "pani****",
    "review_id": "9278768",
    "movie_id": "10102"
  },
  {
    "review": "그냥 한마디로 아름다운 영화.",
    "date": "14.10.05",
    "rating": "10",
    "author": "hwis****",
    "review_id": "9267010",
    "movie_id": "10102"
  },
  {
    "review": "계속 계속 들어도 질리지 않는 노래",
    "date": "14.09.25",
    "rating": "10",
    "author": "dlck****",
    "review_id": "9241088",
    "movie_id": "10102"
  },
  {
    "review": "말이 필요없다. 뮤지컬 영화의 T.O.P",
    "date": "14.09.24",
    "rating": "10",
    "author": "judy****",
    "review_id": "9239045",
    "movie_id": "10102"
  },
  {
    "review": "음악선생님께서 보여줘서 봤는데 감동적이고도 슬픈이야기인것 같네요 재밌었어요^^",
    "date": "14.09.24",
    "rating": "10",
    "author": "0506****",
    "review_id": "9238294",
    "movie_id": "10102"
  },
  {
    "review": "good! 아주 좋아요,",
    "date": "14.09.23",
    "rating": "10",
    "author": "513s****",
    "review_id": "9236830",
    "movie_id": "10102"
  },
  {
    "review": "정말 잘만든것 같아요. 너무 재미있어서 계속보았어요. 진짜 짱짱짱이예요~",
    "date": "14.09.19",
    "rating": "10",
    "author": "judi****",
    "review_id": "9226625",
    "movie_id": "10102"
  },
  {
    "review": "진짜 재밌었다~~~~",
    "date": "14.09.13",
    "rating": "10",
    "author": "choi****",
    "review_id": "9210508",
    "movie_id": "10102"
  },
  {
    "review": "아름다움 그 자체... 실화라는데서 또 한번 감동",
    "date": "14.09.12",
    "rating": "10",
    "author": "psh_****",
    "review_id": "9208656",
    "movie_id": "10102"
  },
  {
    "review": "내 인생 최고의 영화..",
    "date": "14.09.08",
    "rating": "10",
    "author": "hmja****",
    "review_id": "9186180",
    "movie_id": "10102"
  },
  {
    "review": "세월을 비껴가는 명작의 감동, 바로 이 영화를 두고 하는 말이 아닐까 싶다. 대령을 바라보던 마리아의 애잔한 눈빛에서 가족의 사랑이 무엇인지, 삶에서 중요한 것이 무엇인지 알 수 있었다.",
    "date": "14.09.03",
    "rating": "10",
    "author": "blue****",
    "review_id": "9159607",
    "movie_id": "10102"
  },
  {
    "review": "중학교다니는여학생인데요 진짜몇번을봐도재미있고 영화가조금길지만 그시간이전혀아깝지않습니다 왠만한뮤지컬보는것보다훨씬좋은일이라고생각하고 평생동안두고두고볼영화인거같아요ㅎㅎ",
    "date": "14.08.31",
    "rating": "10",
    "author": "dldl****",
    "review_id": "9150818",
    "movie_id": "10102"
  },
  {
    "review": "봐도봐도 안질리는 내가봤던 최고의 영화! 노래도 정말 좋다..^O^",
    "date": "14.08.27",
    "rating": "10",
    "author": "da32****",
    "review_id": "9138257",
    "movie_id": "10102"
  },
  {
    "review": "이건 엄청난 영화다.한 마디로 끝.",
    "date": "14.08.24",
    "rating": "10",
    "author": "aser****",
    "review_id": "9129182",
    "movie_id": "10102"
  },
  {
    "review": "볼때마다 느낌이 새롭다. 정말로 아름답고 따뜻한 영화. 아무리 기술이 발전했어도 옛날영화 특유의 느낌은 못따라잡을 것 같다.",
    "date": "14.08.22",
    "rating": "10",
    "author": "nint****",
    "review_id": "9121713",
    "movie_id": "10102"
  },
  {
    "review": "정말 옛날에 만들어진 영화치고 흥미로운 영화였다. 노래는 익숙하고, 러닝타임이 길어서 걱정했지만 특별히 지루하진 않았던 것 같다. 하지만, 뭔가.. 임팩트가 부족하다고 해야할까? 조금 아쉽다.",
    "date": "14.08.16",
    "rating": "8",
    "author": "kdhk****",
    "review_id": "9097025",
    "movie_id": "10102"
  }
]