[
  {
    "review": "딴말 필요없음. 명불허전!!!",
    "date": "14.10.09",
    "rating": "10",
    "author": "roam****",
    "review_id": "9277194",
    "movie_id": "10126"
  },
  {
    "review": "강시선생 다음으로 재밌게 본 강시영화 임도사님이 안나와서 유감이지만.",
    "date": "14.07.19",
    "rating": "10",
    "author": "ahn9****",
    "review_id": "8931437",
    "movie_id": "10126"
  },
  {
    "review": "어릴때 보고 오랜만에 봤습니다. 정말 스토리가 이렇게 신선할 수 없네요.",
    "date": "14.07.16",
    "rating": "10",
    "author": "evic****",
    "review_id": "8919771",
    "movie_id": "10126"
  },
  {
    "review": "진짜 빠른전개와 재미, 배역까지 완벽했던 영화, 재미난 영화",
    "date": "13.11.15",
    "rating": "9",
    "author": "kisk****",
    "review_id": "8140039",
    "movie_id": "10126"
  },
  {
    "review": "리메이크해야 될 작품들",
    "date": "11.11.29",
    "rating": "10",
    "author": "kens****",
    "review_id": "5877930",
    "movie_id": "10126"
  },
  {
    "review": "진짜 최고 ㅎㅎㅎ",
    "date": "11.09.22",
    "rating": "10",
    "author": "iooo****",
    "review_id": "5746163",
    "movie_id": "10126"
  },
  {
    "review": "어렸을적 티비에서 좀 무섭게 봤던 강시영화",
    "date": "11.02.23",
    "rating": "6",
    "author": "thra****",
    "review_id": "5270105",
    "movie_id": "10126"
  },
  {
    "review": "어릴적에 눈물흘리며 웃던기억에 간신히 찾아 다시 봤네요 ^^",
    "date": "10.11.27",
    "rating": "10",
    "author": "bhq7****",
    "review_id": "4996289",
    "movie_id": "10126"
  },
  {
    "review": "한참을 찾다 강시, 대포로 검색해서 찾음. 강시영화는 이거랑 강시선생만 보면 됨",
    "date": "10.06.19",
    "rating": "9",
    "author": "nava****",
    "review_id": "4575279",
    "movie_id": "10126"
  },
  {
    "review": "명작 참 재밌게 봤는데",
    "date": "09.11.17",
    "rating": "10",
    "author": "oqre****",
    "review_id": "3971179",
    "movie_id": "10126"
  },
  {
    "review": "ㅋㅋㅋ 평점깨기",
    "date": "09.07.03",
    "rating": "1",
    "author": "dldy****",
    "review_id": "3608726",
    "movie_id": "10126"
  },
  {
    "review": "어린시절 봤지만 약간 성인용이었던듯하다 그래두 시리즈 중 쵝오였음! 지금봐도 잼남",
    "date": "08.03.31",
    "rating": "10",
    "author": "paul****",
    "review_id": "2551660",
    "movie_id": "10126"
  },
  {
    "review": "어린기억을 더듬어보면 ,,,,강시가 바지찢을때 눈물흘리며 웃은기억이.",
    "date": "07.04.01",
    "rating": "10",
    "author": "wake****",
    "review_id": "1565708",
    "movie_id": "10126"
  },
  {
    "review": "한 10년전 초등학생때 봤던 비디오..아직도 소장중 ㅋㅋ",
    "date": "06.10.15",
    "rating": "10",
    "author": "bbod****",
    "review_id": "1182859",
    "movie_id": "10126"
  },
  {
    "review": "강시가 마지막에 대포 한 방맞고 죽는게 참 통쾌.",
    "date": "06.04.13",
    "rating": "10",
    "author": "simm****",
    "review_id": "760061",
    "movie_id": "10126"
  },
  {
    "review": "홍콩강시 영화중 단연 1등급이다",
    "date": "05.12.28",
    "rating": "10",
    "author": "kws7****",
    "review_id": "534094",
    "movie_id": "10126"
  },
  {
    "review": "으~ 이거 예전에 비디오잇엇는데 라붐이랑 같이 버렸다.ㅠㅠ",
    "date": "05.01.01",
    "rating": "10",
    "author": "riot****",
    "review_id": "174699",
    "movie_id": "10126"
  },
  {
    "review": "미친 강시가 나오는 영화!!! 속편은 대가발재 였던가???",
    "date": "04.10.23",
    "rating": "10",
    "author": "wwja****",
    "review_id": "131132",
    "movie_id": "10126"
  }
]