[
  {
    "review": "DVD구할수있나요?다시보고싶네요",
    "date": "15.07.09",
    "rating": "10",
    "author": "samp****",
    "review_id": "10081605",
    "movie_id": "10121"
  },
  {
    "review": "상당히 코믹한 서부극으로 기억돼던 영화....커서 다시보니 상당히 부족한 서부극이다....전체적으로 엉성함...시작은 좋음~",
    "date": "14.11.04",
    "rating": "6",
    "author": "kara****",
    "review_id": "9340383",
    "movie_id": "10121"
  },
  {
    "review": "개인적으로 일본만화 시티헌터의 원조격으로 본다...이런 캐릭터는 거의 최초임..",
    "date": "14.10.03",
    "rating": "9",
    "author": "maxi****",
    "review_id": "9258749",
    "movie_id": "10121"
  },
  {
    "review": "칠리 콘 카르네를 엄청 맛있게 먹던 장면은 수OO이 흘러도 미리속에서 떠나지가 않는다..",
    "date": "14.10.01",
    "rating": "5",
    "author": "tlsg****",
    "review_id": "9252933",
    "movie_id": "10121"
  },
  {
    "review": "넘 좋아하는영화 ^^^^ 유쾌하다",
    "date": "14.06.10",
    "rating": "10",
    "author": "toma****",
    "review_id": "8818850",
    "movie_id": "10121"
  },
  {
    "review": "멋진 사나이 테렌스 힐… 그만 봐도 스트레스 날아감^^",
    "date": "14.03.27",
    "rating": "9",
    "author": "lss8****",
    "review_id": "8609153",
    "movie_id": "10121"
  },
  {
    "review": "이제 보니 튜니티가 아니라 트리니티였군. 그걸 어언 30여년이 넘어서야 알게되다니...",
    "date": "14.02.17",
    "rating": "8",
    "author": "cksd****",
    "review_id": "8517321",
    "movie_id": "10121"
  },
  {
    "review": "꿀잼은 아닌데 웃겨서 볼만하다.",
    "date": "14.01.15",
    "rating": "6",
    "author": "bayd****",
    "review_id": "8385594",
    "movie_id": "10121"
  },
  {
    "review": "인상적인 캐릭터와 음악 반면 뭔가 미지근한 내용물... 완성도와는 상관없는 얘기지만 영화속 악당들이 어딘지 순진무구하다",
    "date": "14.01.02",
    "rating": "6",
    "author": "wjsr****",
    "review_id": "8339639",
    "movie_id": "10121"
  },
  {
    "review": "마카로니웨스턴을 말할 때 빠지지 않는 영화. 장총과 과장, 코믹이 있긴 하지만 모두 어중간-소프트 하다. 쟝고처럼 폼생폼사에 스타일리시 하지도 않고 코믹적 요소도 미지근하여  매니아 층이 생기기 어렵겠다. 악당 등장시 나오는 신나는 배경음악이 재밌군.",
    "date": "13.11.24",
    "rating": "4",
    "author": "acin****",
    "review_id": "8163897",
    "movie_id": "10121"
  },
  {
    "review": "내 기억에 튜니티 시리즈는 KBS에서만 10번은 본듯한데....한 3년전까지만해도  본거 또 봐도 웃겼는데....지금은 좀 질리더라....",
    "date": "13.09.26",
    "rating": "10",
    "author": "kimj****",
    "review_id": "8016192",
    "movie_id": "10121"
  },
  {
    "review": "최고...리메이크안하나?  진짜웃겼는데..능글맞은 튜니티 ㅋㅋ..",
    "date": "13.03.12",
    "rating": "10",
    "author": "leem****",
    "review_id": "7342751",
    "movie_id": "10121"
  },
  {
    "review": "추억에 남을만한 코믹 서부영화.. 음악도 최고다",
    "date": "12.12.19",
    "rating": "8",
    "author": "figh****",
    "review_id": "7020026",
    "movie_id": "10121"
  },
  {
    "review": "Ten",
    "date": "12.10.02",
    "rating": "10",
    "author": "kwon****",
    "review_id": "6751932",
    "movie_id": "10121"
  },
  {
    "review": "내 이름은 튜니티, 돌아온 튜니티, 튜니티라 불러다오, 내이름은 아직도 튜니티, 그리고 튜니티는 아니지만, 이후 테렌스 힐이 주연으로 나온 무숙자(My name is nobody).. 참 그 당시 최고의 코미디였죠. 채플린 무성영화 이후 코미디 전성기",
    "date": "12.09.01",
    "rating": "10",
    "author": "0fig****",
    "review_id": "6662679",
    "movie_id": "10121"
  },
  {
    "review": "지금은 이 점수를 줄 수 없지만, 당시엔 그 이상이었다.",
    "date": "12.02.24",
    "rating": "10",
    "author": "kos4****",
    "review_id": "6102139",
    "movie_id": "10121"
  },
  {
    "review": "황당 개그 코메디가 환영받던 그런 시절도 인간세상에 있었다.",
    "date": "11.07.24",
    "rating": "3",
    "author": "pria****",
    "review_id": "5567320",
    "movie_id": "10121"
  },
  {
    "review": "30여년전에 최고의 화두였던... 그러나 지금은 그저그런, 감흥없는, 실망스런...",
    "date": "11.07.09",
    "rating": "6",
    "author": "sioh****",
    "review_id": "5530436",
    "movie_id": "10121"
  },
  {
    "review": "영화의 3류스러움에 막장스러움에 결국 웃는다.",
    "date": "11.03.13",
    "rating": "6",
    "author": "bbq2****",
    "review_id": "5309723",
    "movie_id": "10121"
  },
  {
    "review": "어렸을적 티비에서 참 잼있게봤던 마카로니 웨스턴...나름 재미가있음",
    "date": "11.03.03",
    "rating": "7",
    "author": "thra****",
    "review_id": "5291144",
    "movie_id": "10121"
  },
  {
    "review": "엣다9점 어릴적 서부영화가 그립다~",
    "date": "11.02.07",
    "rating": "9",
    "author": "wein****",
    "review_id": "5224351",
    "movie_id": "10121"
  },
  {
    "review": "서부극중 최고의 오락성을 보여준다",
    "date": "10.12.03",
    "rating": "10",
    "author": "mais****",
    "review_id": "5019120",
    "movie_id": "10121"
  },
  {
    "review": "당시엔 파격적인 코믹서부극,,,정말 재밌게 보았다 ~~~~~~~",
    "date": "10.09.02",
    "rating": "9",
    "author": "fnsk****",
    "review_id": "4811401",
    "movie_id": "10121"
  },
  {
    "review": "그 당시에만 재미있었던 영화. 지금은 평범한 내용.....",
    "date": "10.08.21",
    "rating": "5",
    "author": "jjyn****",
    "review_id": "4773544",
    "movie_id": "10121"
  },
  {
    "review": "재밌다",
    "date": "10.04.08",
    "rating": "10",
    "author": "eek5****",
    "review_id": "4418850",
    "movie_id": "10121"
  },
  {
    "review": "어릴 적 추억이 깃들어 10점준다.",
    "date": "10.03.28",
    "rating": "10",
    "author": "beat****",
    "review_id": "4394728",
    "movie_id": "10121"
  },
  {
    "review": "진지함을 과감히 버린 마카로니 웨스턴의 또다른 맛!",
    "date": "10.03.28",
    "rating": "8",
    "author": "mygr****",
    "review_id": "4392815",
    "movie_id": "10121"
  },
  {
    "review": "이태리서부극인데 배우들이 모두 영어를 쓰는게 좀 신기함(더빙도아니고 원어발음)",
    "date": "10.02.25",
    "rating": "10",
    "author": "evil****",
    "review_id": "4317212",
    "movie_id": "10121"
  },
  {
    "review": "귀엽고 재밌다! ㅋㅋ 음악도 좋고! 이 정도면 된거다! ^^",
    "date": "10.01.31",
    "rating": "10",
    "author": "icec****",
    "review_id": "4226486",
    "movie_id": "10121"
  },
  {
    "review": "지금 봐도 괜찮네여 ㅋㅋ",
    "date": "09.09.28",
    "rating": "9",
    "author": "jjis****",
    "review_id": "3855688",
    "movie_id": "10121"
  },
  {
    "review": "잼있어요...",
    "date": "09.07.23",
    "rating": "10",
    "author": "qhde****",
    "review_id": "3657801",
    "movie_id": "10121"
  },
  {
    "review": "기존의 서부영화와는 다르게.. 코미디가 베어있다.. 재밌음",
    "date": "08.02.26",
    "rating": "10",
    "author": "2001****",
    "review_id": "2483922",
    "movie_id": "10121"
  },
  {
    "review": "작품성 No! 재미 Yeah~~~~~",
    "date": "07.12.12",
    "rating": "8",
    "author": "jeon****",
    "review_id": "2225970",
    "movie_id": "10121"
  },
  {
    "review": "유쾌한 이태리식 서부영화. 색다른 해석이 보인다.",
    "date": "07.12.10",
    "rating": "8",
    "author": "chuc****",
    "review_id": "2221984",
    "movie_id": "10121"
  },
  {
    "review": "일단 재미는 있다",
    "date": "07.12.10",
    "rating": "9",
    "author": "yoon****",
    "review_id": "2221471",
    "movie_id": "10121"
  },
  {
    "review": "서부영화에코미디를첨가한신선한(?)영화.나중가면더 가관인튜니티가족도나오니 기대들",
    "date": "07.12.10",
    "rating": "7",
    "author": "yong****",
    "review_id": "2220780",
    "movie_id": "10121"
  },
  {
    "review": "방금 KBS토론 보다가 그냥 봤는데 기대 이상이었음",
    "date": "07.12.10",
    "rating": "9",
    "author": "xsin****",
    "review_id": "2220253",
    "movie_id": "10121"
  },
  {
    "review": "요즘 새벽에 왜그렇게 웃긴거 만하지...사람 피곤하게..",
    "date": "07.12.10",
    "rating": "10",
    "author": "gafu****",
    "review_id": "2220251",
    "movie_id": "10121"
  },
  {
    "review": "닥치고 웃기면 장땡인겨 ㅋㅋㅋ 뭐가 더 필요해 ㅋㅋㅋ",
    "date": "07.12.09",
    "rating": "10",
    "author": "tkdt****",
    "review_id": "2219803",
    "movie_id": "10121"
  },
  {
    "review": "기억난다 어릴적에 보고 정신없이 웃던 기억...",
    "date": "07.12.09",
    "rating": "9",
    "author": "nala****",
    "review_id": "2218259",
    "movie_id": "10121"
  },
  {
    "review": "꼭보세요!!ㅋㅋㅋ 웃긴영화 ㅋㅋㅋㅋ감독이름 보세요 바보잖아요 웃기죠?",
    "date": "07.12.09",
    "rating": "1",
    "author": "fork****",
    "review_id": "2216903",
    "movie_id": "10121"
  },
  {
    "review": "웃긴거임",
    "date": "07.12.08",
    "rating": "10",
    "author": "newo****",
    "review_id": "2215672",
    "movie_id": "10121"
  },
  {
    "review": "재미라는 측면에서 사상 최강의 코미디라고 할 만하다",
    "date": "07.11.27",
    "rating": "10",
    "author": "baks****",
    "review_id": "2187637",
    "movie_id": "10121"
  },
  {
    "review": "very good !",
    "date": "07.10.19",
    "rating": "10",
    "author": "cles****",
    "review_id": "2098561",
    "movie_id": "10121"
  },
  {
    "review": "초웃긴데  ㅋㅋㅋ",
    "date": "07.08.19",
    "rating": "10",
    "author": "amab****",
    "review_id": "1959130",
    "movie_id": "10121"
  },
  {
    "review": "뚝뚝끊기는 어설픈액션의 매력 ㅋㅋㅋ",
    "date": "07.05.28",
    "rating": "7",
    "author": "ysjh****",
    "review_id": "1668472",
    "movie_id": "10121"
  },
  {
    "review": "매력있는 주인공~",
    "date": "07.05.21",
    "rating": "8",
    "author": "yytt****",
    "review_id": "1649120",
    "movie_id": "10121"
  },
  {
    "review": "1979년에 극장에서 관람 후 최고였다라고 평했던 영화!! 다시 볼수있어 감개무량~~",
    "date": "07.05.20",
    "rating": "10",
    "author": "teot****",
    "review_id": "1648063",
    "movie_id": "10121"
  },
  {
    "review": "웃기지도 재밌지도 않은 마카로니 웨스턴",
    "date": "07.02.25",
    "rating": "2",
    "author": "okjo****",
    "review_id": "1501379",
    "movie_id": "10121"
  },
  {
    "review": "현대의 시각으로 보면 평범한 B급 웨스턴 무비일 뿐.",
    "date": "07.02.23",
    "rating": "5",
    "author": "team****",
    "review_id": "1495470",
    "movie_id": "10121"
  },
  {
    "review": "코믹하고 재밌네요...진작볼걸..2편도 재밌어요..",
    "date": "07.01.18",
    "rating": "10",
    "author": "asaz****",
    "review_id": "1396030",
    "movie_id": "10121"
  },
  {
    "review": "원조 마카로니 웨스턴 폭소",
    "date": "06.12.04",
    "rating": "10",
    "author": "ysuh****",
    "review_id": "1266878",
    "movie_id": "10121"
  },
  {
    "review": "어려서 봤을때는 충격적인 코미디~ 재밌었다",
    "date": "06.07.07",
    "rating": "9",
    "author": "call****",
    "review_id": "875024",
    "movie_id": "10121"
  },
  {
    "review": "토요로드쇼~~~!!!!!!!!... 지금도 웃길까?...ㅋㅋ",
    "date": "04.11.02",
    "rating": "10",
    "author": "htop****",
    "review_id": "137885",
    "movie_id": "10121"
  },
  {
    "review": "오랫만에 들어보는 휘파람 소리 !",
    "date": "04.09.13",
    "rating": "8",
    "author": "wind****",
    "review_id": "107845",
    "movie_id": "10121"
  },
  {
    "review": "최고의 코믹서부극 튜니티. 양지운씨 음성으로 다시 보고싶다.",
    "date": "04.04.06",
    "rating": "10",
    "author": "cine****",
    "review_id": "34446",
    "movie_id": "10121"
  },
  {
    "review": "어린 내게 서부영화를 재미있게 기억하게 만든 영화",
    "date": "03.12.23",
    "rating": "9",
    "author": "msoo****",
    "review_id": "5192",
    "movie_id": "10121"
  }
]