[
  {
    "review": "그럭저럭 킬링타임용에 그치는군",
    "date": "15.05.03",
    "rating": "6",
    "author": "guev****",
    "review_id": "9889110",
    "movie_id": "10127"
  },
  {
    "review": "어젯밤 영화잘고르는 EBS에서 봤는데 못본영화라 잼있긴했는데 전에나온 37년,54년작 고전 스타탄생 보단 작품성이 떨어진다 주인공들도 너무 떵폼만 잡고ㅋㅋㅋ 노래만 괜찮은듯?",
    "date": "14.02.02",
    "rating": "1",
    "author": "aupe****",
    "review_id": "8464754",
    "movie_id": "10127"
  },
  {
    "review": "캬... 참 좋네요. 노래도 너무 좋고..",
    "date": "14.02.02",
    "rating": "10",
    "author": "ve29****",
    "review_id": "8464427",
    "movie_id": "10127"
  },
  {
    "review": "awg",
    "date": "13.02.26",
    "rating": "1",
    "author": "npga****",
    "review_id": "7303763",
    "movie_id": "10127"
  },
  {
    "review": "그녀의 노래를 제외하곤 별로 남는 것이 없다.",
    "date": "12.09.07",
    "rating": "6",
    "author": "kusa****",
    "review_id": "6677089",
    "movie_id": "10127"
  },
  {
    "review": "엔딩이끝날떄까지  돌아보며 생각에잠기게하는 로맨스영화",
    "date": "12.03.09",
    "rating": "10",
    "author": "cnsg****",
    "review_id": "6132528",
    "movie_id": "10127"
  },
  {
    "review": "둘의 애절절한 사랑.. 그리고 70년대..",
    "date": "12.03.09",
    "rating": "10",
    "author": "gch5****",
    "review_id": "6132527",
    "movie_id": "10127"
  },
  {
    "review": "레전드, 바브라 스트라이잰드의 영화는 늙지 않는다.",
    "date": "12.02.11",
    "rating": "10",
    "author": "k38s****",
    "review_id": "6066797",
    "movie_id": "10127"
  },
  {
    "review": "70년대의 원스",
    "date": "10.10.08",
    "rating": "9",
    "author": "egoh****",
    "review_id": "4891175",
    "movie_id": "10127"
  },
  {
    "review": "이보다 더 감동적일수 없다",
    "date": "08.05.28",
    "rating": "9",
    "author": "baks****",
    "review_id": "2667590",
    "movie_id": "10127"
  },
  {
    "review": "very good !",
    "date": "07.10.17",
    "rating": "9",
    "author": "cles****",
    "review_id": "2094838",
    "movie_id": "10127"
  },
  {
    "review": "음악이 좋았던 기억이 납니다.",
    "date": "07.08.31",
    "rating": "10",
    "author": "bss8****",
    "review_id": "1992249",
    "movie_id": "10127"
  },
  {
    "review": "star",
    "date": "06.11.12",
    "rating": "9",
    "author": "ysuh****",
    "review_id": "1228374",
    "movie_id": "10127"
  }
]