[
  {
    "review": "외국인들이 이런 마약밀매자 미화 왜곡 영화를 보고 터키는 나쁜 나라~ 라고 믿는다면 내가 터키인이라도 참 어이없을 거야..",
    "date": "15.06.13",
    "rating": "3",
    "author": "jo_9****",
    "review_id": "9995025",
    "movie_id": "10130"
  },
  {
    "review": "지금봐도 너무 세련된 영화.",
    "date": "14.11.17",
    "rating": "10",
    "author": "fubu****",
    "review_id": "9394297",
    "movie_id": "10130"
  },
  {
    "review": "어두운 감방에서 언제까지 있어야 할찌도 모르는 무기력에서 순간 뜻하지않게 감방을 탈출하게 되었을때 그 장면은 마치 군대를 제대했을때의 느낌이다.",
    "date": "14.08.17",
    "rating": "9",
    "author": "kraf****",
    "review_id": "9104379",
    "movie_id": "10130"
  },
  {
    "review": "최고의 탈옥영화다. 인간의 광기, 자유의 소중함, 친구의 소중함을 보여준다. 터키는 절대 안간다 ㅎㅎ",
    "date": "14.06.10",
    "rating": "10",
    "author": "sunw****",
    "review_id": "8818199",
    "movie_id": "10130"
  },
  {
    "review": "터키같은 형제(?)는 멀리하는게 낫다.",
    "date": "14.05.11",
    "rating": "9",
    "author": "pont****",
    "review_id": "8721809",
    "movie_id": "10130"
  },
  {
    "review": "실화로 수작반열. 강추드립니다",
    "date": "14.04.11",
    "rating": "10",
    "author": "bgyu****",
    "review_id": "8641714",
    "movie_id": "10130"
  },
  {
    "review": "내가 살다살다 이런 국뽕영화는 처음본다.",
    "date": "14.04.07",
    "rating": "1",
    "author": "wjdg****",
    "review_id": "8635621",
    "movie_id": "10130"
  },
  {
    "review": "정말 영화 잘만들었구나 하는 왠만한 영화는 다 봤는데.. 이영화를 보고1978년도에 만들었다고 하여 정말 깜짝 놀랬다.. 전혀 옛날 적인 느낌이 나지 않았다 스토리 전개 상황이라던가 긴장감을 이끌어가는 몰입감.. 믿을수 없었다.. 최고의 영화",
    "date": "13.12.27",
    "rating": "9",
    "author": "ddod****",
    "review_id": "8311047",
    "movie_id": "10130"
  },
  {
    "review": "감독도 사과한 왜곡영화가 8점이라니 대한민국 국민들이 이리 무지했는가?",
    "date": "13.12.26",
    "rating": "1",
    "author": "jtoo****",
    "review_id": "8307635",
    "movie_id": "10130"
  },
  {
    "review": "심도있는  묘사가 초반의 흥미를 줄곧 유지하는군",
    "date": "13.11.11",
    "rating": "8",
    "author": "guev****",
    "review_id": "8131844",
    "movie_id": "10130"
  },
  {
    "review": "제가 중학생때 우연히 심야tv로봤던 영화인데 어린나이에도 그 강렬한 메세지를 잊을 수 없었죠. 제목도 모르고 봤던 이 영화를 성인이 되어서 다시 찾기위해 얼마나 기억을 더듬고 더듬어 찾아냈는지 모릅니다. 이런게 진짜 영화.",
    "date": "13.07.14",
    "rating": "10",
    "author": "0525****",
    "review_id": "7738665",
    "movie_id": "10130"
  },
  {
    "review": "재판받는데 조낸 찐따같아서 1점줌 뒷통수때리고 싶었음",
    "date": "13.06.15",
    "rating": "1",
    "author": "sin_****",
    "review_id": "7641174",
    "movie_id": "10130"
  },
  {
    "review": "탈옥액션뭐 그런걸 바란건가?   영화에 숨어있는 진짜 메시지를 보라! !",
    "date": "13.05.05",
    "rating": "10",
    "author": "karh****",
    "review_id": "7508385",
    "movie_id": "10130"
  },
  {
    "review": "결국 인생은 자신의 입장에서 바라볼 수밖에 없는 것",
    "date": "13.04.16",
    "rating": "7",
    "author": "skat****",
    "review_id": "7464128",
    "movie_id": "10130"
  },
  {
    "review": "탈옥 얘기하는게 대부분인데 이영화는 그게 중점이아니죠 법과 인간의 인권 자유 에대해생각하게끔 만든 영화를 무슨 프리즌브레이크같은 탈옥물로 생각하고본사람들이 많아보이네요",
    "date": "13.03.30",
    "rating": "9",
    "author": "mygu****",
    "review_id": "7421838",
    "movie_id": "10130"
  },
  {
    "review": "[아카데미1978년51회 각색,음악 2개부문수상작.미국청년이마약밀매를하다 터키공항에서체포당한후특수교도소에수감되고 고문과인권유린도겪는다.재판에서30년형을선고받고탈옥을결심한후그리스국경을넘어탈옥에성공한다.실화가바탕이고 제작된지30년이지나서였을까진부하다.",
    "date": "13.03.25",
    "rating": "6",
    "author": "new7****",
    "review_id": "7409136",
    "movie_id": "10130"
  },
  {
    "review": "유니크 명작 대부분이 모르는 영화실화를 과장해서 만들긴했으나정말 굿이다",
    "date": "13.02.21",
    "rating": "10",
    "author": "jm89****",
    "review_id": "7285672",
    "movie_id": "10130"
  },
  {
    "review": "쇼생크 탈출이란 영화를 흥미있게 보아서인지 모르겠으나.... 교도소 실태 내지 탈옥영화의 대표로 판단하면 ......도대체 이 영화는 흥미도 메시지도 없는 진부한 영화다",
    "date": "13.01.27",
    "rating": "6",
    "author": "roma****",
    "review_id": "7180425",
    "movie_id": "10130"
  },
  {
    "review": "막판에 탈출하는 장면이 넘 어설프고 대충 만든 거 같다",
    "date": "13.01.02",
    "rating": "5",
    "author": "katy****",
    "review_id": "7076972",
    "movie_id": "10130"
  },
  {
    "review": "탈옥영화라 하기엔 소재가 너무 진부하다..",
    "date": "13.01.02",
    "rating": "6",
    "author": "maru****",
    "review_id": "7075732",
    "movie_id": "10130"
  },
  {
    "review": "무섭...ㄷㄷ",
    "date": "12.12.29",
    "rating": "10",
    "author": "jhh1****",
    "review_id": "7058528",
    "movie_id": "10130"
  },
  {
    "review": "국가주의 선전 영화는 어떻게 한 나라를 매도하며 어떻게 마약밀수, 살인을 긍정하는가.",
    "date": "12.12.28",
    "rating": "6",
    "author": "tear****",
    "review_id": "7056851",
    "movie_id": "10130"
  },
  {
    "review": "고등학교 때 보고 이번에 다시 보았는데 실망이 크다. 형재의 나라 터키에 대한 일방적인 모독이다. 마약밀매에 교도관 살해까지 한 주인공에 동정이 가지않는다. 조르지오 모르더의 음악 전자음악이 마음에 듬. 빌리가 그 일을 격고 좀더 성숙해졌길 빈다.",
    "date": "12.12.23",
    "rating": "6",
    "author": "danz****",
    "review_id": "7032629",
    "movie_id": "10130"
  },
  {
    "review": "포스터 보고 크로캅 생각나서... 탈옥 영화 많이  보았던지라  래퍼토리가 좀 진부 했지만  제작년도를 고려한다면 상당히 잘 만든 것 같다.",
    "date": "12.12.22",
    "rating": "7",
    "author": "01aj****",
    "review_id": "7029195",
    "movie_id": "10130"
  },
  {
    "review": "오호 별 기대없이 본 영화인데 간만에 수작 건진듯 ~ 이래서 탈옥영화를 좋아하게된다니까 ㅋㅋ",
    "date": "12.12.21",
    "rating": "9",
    "author": "kngc****",
    "review_id": "7028345",
    "movie_id": "10130"
  },
  {
    "review": "이 영화는 음악도 상당히 유명한데, 특히 Love Theme는 누구나 들으면 알 정도로 백미다. 다만 영화로 보고 놀란 것이 잠시 떨어져 있는 여자친구와 만났을때 나올줄 알았던 음악이, 감옥의 동성 수감자와 정신교감 할때 나오다니..동성애의 시초인가?",
    "date": "12.12.18",
    "rating": "9",
    "author": "macc****",
    "review_id": "7014027",
    "movie_id": "10130"
  },
  {
    "review": "최고의 영회입니다",
    "date": "12.11.04",
    "rating": "10",
    "author": "hkn2****",
    "review_id": "6855399",
    "movie_id": "10130"
  },
  {
    "review": "자유의 투쟁이 아닌 서구의 우월로 바라본 영화. 역겨운 작품",
    "date": "12.08.11",
    "rating": "2",
    "author": "hyuk****",
    "review_id": "6594828",
    "movie_id": "10130"
  },
  {
    "review": "보편성 보다는 편협성이 더 앞서는 영화다.",
    "date": "12.08.04",
    "rating": "6",
    "author": "kusa****",
    "review_id": "6570560",
    "movie_id": "10130"
  },
  {
    "review": "충격적이지만 확실히 한번 볼만한영화내요",
    "date": "12.05.21",
    "rating": "10",
    "author": "joce****",
    "review_id": "6317430",
    "movie_id": "10130"
  },
  {
    "review": "지겹다. 터키가 이런 나라인거냐..실화냐...",
    "date": "12.05.20",
    "rating": "7",
    "author": "pass****",
    "review_id": "6314589",
    "movie_id": "10130"
  },
  {
    "review": "영화 내용과 사건전개 과정은 참 잘그린 영화..그러나 좀 뭔가 아쉽다",
    "date": "12.04.20",
    "rating": "7",
    "author": "thra****",
    "review_id": "6234776",
    "movie_id": "10130"
  },
  {
    "review": "그냥 답답해보이고, 불쌍정도. 딱히 영화 스토리 구성이나 편집은 그저그랬다.",
    "date": "12.04.15",
    "rating": "7",
    "author": "0411****",
    "review_id": "6222702",
    "movie_id": "10130"
  },
  {
    "review": "재미가 없구나...",
    "date": "12.03.19",
    "rating": "4",
    "author": "dbzh****",
    "review_id": "6153893",
    "movie_id": "10130"
  },
  {
    "review": "내 인생의 최고의 영화",
    "date": "12.02.23",
    "rating": "10",
    "author": "ezen****",
    "review_id": "6096724",
    "movie_id": "10130"
  },
  {
    "review": "엘런 파커는 대단한 감독이지만 내용은 주관적인 왜곡의 대향연.",
    "date": "12.02.13",
    "rating": "1",
    "author": "mbtl****",
    "review_id": "6072807",
    "movie_id": "10130"
  },
  {
    "review": "나도 살아봐서 알지만...윽...저 심정..",
    "date": "11.11.22",
    "rating": "10",
    "author": "pook****",
    "review_id": "5865250",
    "movie_id": "10130"
  },
  {
    "review": "답답하고 숨이 막힌다",
    "date": "11.11.19",
    "rating": "9",
    "author": "2_dp****",
    "review_id": "5857648",
    "movie_id": "10130"
  },
  {
    "review": "말초적 재미는 제로. 그러나, 이 먹먹한 여운을 다시한번 느끼고 싶다.",
    "date": "11.06.21",
    "rating": "8",
    "author": "pwoo****",
    "review_id": "5492372",
    "movie_id": "10130"
  },
  {
    "review": "99% 확률로 터키가 싫어지게 만드는 영화. 하지만 그 나라도 속사정이 있을 것인데...",
    "date": "11.06.14",
    "rating": "8",
    "author": "mist****",
    "review_id": "5480626",
    "movie_id": "10130"
  },
  {
    "review": "맛없지만 영양가가 듬뿍 담긴 든든한 것을 섭취한것 같은.. 포만감을 준다.",
    "date": "11.05.23",
    "rating": "8",
    "author": "brav****",
    "review_id": "5445340",
    "movie_id": "10130"
  },
  {
    "review": "70년대 영화임을 감안하더라도 감옥과 정신병동의 충격적 영상.",
    "date": "11.05.16",
    "rating": "8",
    "author": "enco****",
    "review_id": "5430588",
    "movie_id": "10130"
  },
  {
    "review": "한국에, 올리버스톤과 같은 작가 있었다면..정말 좋을텐데.",
    "date": "11.04.13",
    "rating": "10",
    "author": "nchu****",
    "review_id": "5371491",
    "movie_id": "10130"
  },
  {
    "review": "걍 교도소장 죽이고 그 옷입고 나간다는 내용 ㅡㅡ",
    "date": "11.03.24",
    "rating": "1",
    "author": "zera****",
    "review_id": "5332139",
    "movie_id": "10130"
  },
  {
    "review": "완전 몰입해서 봣음",
    "date": "11.02.26",
    "rating": "10",
    "author": "scs8****",
    "review_id": "5277464",
    "movie_id": "10130"
  },
  {
    "review": "When you're busted over there, you are in for the hassle of your life.",
    "date": "11.02.17",
    "rating": "9",
    "author": "mchy****",
    "review_id": "5249252",
    "movie_id": "10130"
  },
  {
    "review": "역시 알란파커! 이런 게 진짜 영화다.",
    "date": "10.11.27",
    "rating": "10",
    "author": "sunn****",
    "review_id": "4997411",
    "movie_id": "10130"
  },
  {
    "review": "실화였다니.. 숨이 막히네요. 간만에 잼있는 영화였네요.",
    "date": "10.11.20",
    "rating": "8",
    "author": "wast****",
    "review_id": "4975504",
    "movie_id": "10130"
  },
  {
    "review": "로마에 가면 로마법을 따르라. 주인공의 심리에 초점을 맞추자.",
    "date": "10.09.20",
    "rating": "7",
    "author": "cont****",
    "review_id": "4850760",
    "movie_id": "10130"
  },
  {
    "review": "마약밀매범인 주인공을 미화했다.",
    "date": "10.09.19",
    "rating": "3",
    "author": "qorr****",
    "review_id": "4846948",
    "movie_id": "10130"
  },
  {
    "review": "최고",
    "date": "10.08.22",
    "rating": "10",
    "author": "lok8****",
    "review_id": "4777852",
    "movie_id": "10130"
  },
  {
    "review": "heartbeat나올때 김장감이란 이루어 말할수가 없네 저런 나라가 지금 많지...",
    "date": "10.05.23",
    "rating": "6",
    "author": "hjj5****",
    "review_id": "4518265",
    "movie_id": "10130"
  },
  {
    "review": "정치적 쟁점은 거슬리나 간절함과의 소통을 이어준 뛰어난 연출력에 매료된다",
    "date": "10.05.20",
    "rating": "9",
    "author": "goms****",
    "review_id": "4511609",
    "movie_id": "10130"
  },
  {
    "review": "2시간에 담기엔 과했지만 수잔과 면회씬은 최고!! 헤이즈와 스톤도 터키엔 사과했다죠",
    "date": "10.05.09",
    "rating": "8",
    "author": "dhka****",
    "review_id": "4490204",
    "movie_id": "10130"
  },
  {
    "review": "1978년 개봉작입니다. 우리나라 개봉일이 96년도라서 오해를 하는 분이 있네요",
    "date": "10.04.19",
    "rating": "10",
    "author": "targ****",
    "review_id": "4444061",
    "movie_id": "10130"
  },
  {
    "review": "정말 90년대 영화맞나? 긴장감도 없고 음악도 중국무협영화수준이다. 시간아깝다.",
    "date": "10.04.14",
    "rating": "2",
    "author": "ilsu****",
    "review_id": "4432497",
    "movie_id": "10130"
  },
  {
    "review": "재미는 있었지만, 과하게 실화를 악용한 사례.. 터키를 지옥으로 만들어놨다..",
    "date": "10.04.06",
    "rating": "6",
    "author": "imf0****",
    "review_id": "4416734",
    "movie_id": "10130"
  },
  {
    "review": "나름 좋았다",
    "date": "10.04.04",
    "rating": "8",
    "author": "yuye****",
    "review_id": "4409269",
    "movie_id": "10130"
  },
  {
    "review": "재밌다. 분위기 연출도 잘했고 음악도 좋다. 단 탈옥과정이 다소 허무",
    "date": "10.03.02",
    "rating": "9",
    "author": "mpen****",
    "review_id": "4329896",
    "movie_id": "10130"
  },
  {
    "review": "어느 감독이 이 영화의 음악을 소개하면서 알게 된 영화. 음악 다시 듣고 싶다..",
    "date": "09.11.11",
    "rating": "7",
    "author": "movi****",
    "review_id": "3953424",
    "movie_id": "10130"
  },
  {
    "review": "참.. 영상 음악 연출 다 탁월하다... 주인공 목소리가 좀 애기같아서 그랬지만",
    "date": "09.11.05",
    "rating": "10",
    "author": "vanm****",
    "review_id": "3937767",
    "movie_id": "10130"
  },
  {
    "review": "상황이 계속악화되는 영화ㅋ",
    "date": "09.08.29",
    "rating": "9",
    "author": "kyki****",
    "review_id": "3796614",
    "movie_id": "10130"
  },
  {
    "review": "그러니까 하지 말라는 건 하지 말아야지",
    "date": "09.08.05",
    "rating": "10",
    "author": "cbrs****",
    "review_id": "3712040",
    "movie_id": "10130"
  },
  {
    "review": "그냥 볼만한 정도 6점이 적당",
    "date": "09.08.03",
    "rating": "6",
    "author": "naka****",
    "review_id": "3703525",
    "movie_id": "10130"
  },
  {
    "review": "실화? 나라와 나라간의 어쩔수 없는 갈등을 잘 풀어헤친 영화다.",
    "date": "09.07.31",
    "rating": "6",
    "author": "bete****",
    "review_id": "3686950",
    "movie_id": "10130"
  },
  {
    "review": "분위기가 굉장히 잘 살아있다.",
    "date": "09.07.17",
    "rating": "10",
    "author": "jmp0****",
    "review_id": "3640939",
    "movie_id": "10130"
  },
  {
    "review": "5년을 50년처럼 표현해준감독에게 찬사를 ... 마약2kg과 2명을살해....",
    "date": "09.07.11",
    "rating": "10",
    "author": "klmi****",
    "review_id": "3624131",
    "movie_id": "10130"
  },
  {
    "review": "감옥은 싫어요.",
    "date": "09.07.06",
    "rating": "8",
    "author": "diri****",
    "review_id": "3614205",
    "movie_id": "10130"
  },
  {
    "review": "돼지들에게 자비심이란 없다",
    "date": "09.06.05",
    "rating": "7",
    "author": "flam****",
    "review_id": "3546221",
    "movie_id": "10130"
  },
  {
    "review": "멋있다.",
    "date": "09.06.03",
    "rating": "10",
    "author": "hug7****",
    "review_id": "3541711",
    "movie_id": "10130"
  },
  {
    "review": "70년대 초반 터키의 인권유린의 실태가 얼마나 썩었는지 알 수 있다.",
    "date": "09.06.01",
    "rating": "10",
    "author": "youe****",
    "review_id": "3539571",
    "movie_id": "10130"
  },
  {
    "review": "자유를 되찾은 주인공의 힘찬 JUMP!~",
    "date": "09.06.01",
    "rating": "10",
    "author": "leem****",
    "review_id": "3538957",
    "movie_id": "10130"
  },
  {
    "review": "영화를 보는 내내 그 갑갑한 터키 감옥과 정신병동의 분위기가 계속 전해져왔다.",
    "date": "09.05.26",
    "rating": "9",
    "author": "deka****",
    "review_id": "3523548",
    "movie_id": "10130"
  },
  {
    "review": "죄의 무거움이 나라 마다 다르고 시기마다 다르다.",
    "date": "09.05.11",
    "rating": "8",
    "author": "jbjx****",
    "review_id": "3487084",
    "movie_id": "10130"
  },
  {
    "review": "앨런파커 감독의 역량이 눈부시게 발휘된 역작",
    "date": "09.04.29",
    "rating": "10",
    "author": "kimc****",
    "review_id": "3448098",
    "movie_id": "10130"
  },
  {
    "review": "뭐가 재미있다는 건지...오래된영화 팍팍티나고..너무 허무하네요",
    "date": "09.04.20",
    "rating": "1",
    "author": "zzan****",
    "review_id": "3430691",
    "movie_id": "10130"
  },
  {
    "review": "이게 바로 명작이죠 대단한 영화",
    "date": "09.04.18",
    "rating": "10",
    "author": "psyc****",
    "review_id": "3426573",
    "movie_id": "10130"
  },
  {
    "review": "탁옥 영화의 최고봉이 아닐까? 지금봐도 주인공의 심리가 그대로 맘속으로 파고든다..",
    "date": "09.04.17",
    "rating": "10",
    "author": "jami****",
    "review_id": "3424872",
    "movie_id": "10130"
  },
  {
    "review": "다소 충격적인 설정과 적절한 템포의 전개",
    "date": "09.04.15",
    "rating": "10",
    "author": "dist****",
    "review_id": "3422527",
    "movie_id": "10130"
  },
  {
    "review": "문화 사대주의에 갑론을박 하지말고 주인공의 심리에 초점을",
    "date": "09.04.11",
    "rating": "10",
    "author": "sad1****",
    "review_id": "3414996",
    "movie_id": "10130"
  },
  {
    "review": "수도원 수녀원 감옥 동굴..?",
    "date": "09.04.07",
    "rating": "8",
    "author": "rhye****",
    "review_id": "3410139",
    "movie_id": "10130"
  },
  {
    "review": "과연 저남자가 무기징역 감이였을까? 영화도 좋지만 사운드트랙 쥑임.",
    "date": "09.04.01",
    "rating": "9",
    "author": "pete****",
    "review_id": "3399273",
    "movie_id": "10130"
  },
  {
    "review": "정말 꼭 한 번은 보셔야 할 명작입니다!",
    "date": "09.02.10",
    "rating": "10",
    "author": "c721****",
    "review_id": "3292685",
    "movie_id": "10130"
  },
  {
    "review": "정말 명작",
    "date": "09.02.08",
    "rating": "10",
    "author": "xz11****",
    "review_id": "3287628",
    "movie_id": "10130"
  },
  {
    "review": "계속 여운이 남는 영화. 명작입니다.",
    "date": "09.02.06",
    "rating": "10",
    "author": "qhfo****",
    "review_id": "3281630",
    "movie_id": "10130"
  },
  {
    "review": "아!! 진짜 ..말로할수없는 대단한영화!!! 게다가 실화라니더대단한.....",
    "date": "09.02.01",
    "rating": "10",
    "author": "ukjb****",
    "review_id": "3269490",
    "movie_id": "10130"
  },
  {
    "review": "쇼생크탈출보다 분명한 명작이에요.",
    "date": "09.01.09",
    "rating": "10",
    "author": "perc****",
    "review_id": "3204167",
    "movie_id": "10130"
  },
  {
    "review": "영화는 좋은데... 미쿡놈은 좋은놈, 터키쉬는 나쁜놈 돼지시키들???",
    "date": "08.11.24",
    "rating": "7",
    "author": "dkba****",
    "review_id": "3070524",
    "movie_id": "10130"
  },
  {
    "review": "충격이 크다.. 근데 난왜 쇼생크보다 명작이라고 생각 하지?",
    "date": "08.11.01",
    "rating": "10",
    "author": "newj****",
    "review_id": "3029423",
    "movie_id": "10130"
  },
  {
    "review": "탈옥에 주된 타겟이 맞춰져 있지 않고 감옥생활에 비중을 둠.",
    "date": "08.09.12",
    "rating": "8",
    "author": "342g****",
    "review_id": "2936723",
    "movie_id": "10130"
  },
  {
    "review": "오랜감옥생활끝에서드디어탈출모습은정말지옥에서벗어난모습을보여준것같다감동적이다",
    "date": "08.08.26",
    "rating": "10",
    "author": "ldg0****",
    "review_id": "2904746",
    "movie_id": "10130"
  },
  {
    "review": "감옥이란 곳의 무서움을 다시 한 번 보여준 영화",
    "date": "08.08.12",
    "rating": "8",
    "author": "sosz****",
    "review_id": "2865028",
    "movie_id": "10130"
  },
  {
    "review": "상황에 맞는 음악과 박진감, 빠른 전개가 좋았고 마지막 걸어나갈때의 장면은 최고다.",
    "date": "08.08.04",
    "rating": "10",
    "author": "swin****",
    "review_id": "2832783",
    "movie_id": "10130"
  },
  {
    "review": "항상 끝을 폭발시키는 알란 파커",
    "date": "08.07.23",
    "rating": "10",
    "author": "joon****",
    "review_id": "2796198",
    "movie_id": "10130"
  },
  {
    "review": "정신병동에 드갔을때 그 깝깝함은 나한테 그대로 전달되는구만..........",
    "date": "08.07.17",
    "rating": "7",
    "author": "badb****",
    "review_id": "2769874",
    "movie_id": "10130"
  },
  {
    "review": "굿굿",
    "date": "08.07.10",
    "rating": "10",
    "author": "pcs0****",
    "review_id": "2751638",
    "movie_id": "10130"
  },
  {
    "review": "장면에 맞는 음악 너무 좋았다. 그런데 간수장이 죽는장면 정말 너무 어이없더라.",
    "date": "08.05.29",
    "rating": "5",
    "author": "ekgi****",
    "review_id": "2669994",
    "movie_id": "10130"
  },
  {
    "review": "좋은대",
    "date": "08.05.24",
    "rating": "10",
    "author": "fils****",
    "review_id": "2659107",
    "movie_id": "10130"
  },
  {
    "review": "10점!!!!!",
    "date": "08.04.26",
    "rating": "10",
    "author": "skr2****",
    "review_id": "2600317",
    "movie_id": "10130"
  },
  {
    "review": "파일이름엔 개봉연도가 안써있길래..몰랐다.. 78년도 영화였다니.. 굉장히 재밌었다..",
    "date": "08.04.19",
    "rating": "10",
    "author": "pak6****",
    "review_id": "2587832",
    "movie_id": "10130"
  }
]