[
  {
    "review": "2편은 만들지 않았어야...",
    "date": "15.07.19",
    "rating": "4",
    "author": "pth3****",
    "review_id": "10118162",
    "movie_id": "10134"
  },
  {
    "review": "최고입니다 무조건 참 순수하고 낭만적인 80년대",
    "date": "14.11.11",
    "rating": "10",
    "author": "rlaw****",
    "review_id": "9371883",
    "movie_id": "10134"
  },
  {
    "review": "성공적이지 않아도 속편이 나오다.",
    "date": "12.03.20",
    "rating": "3",
    "author": "pria****",
    "review_id": "6157385",
    "movie_id": "10134"
  },
  {
    "review": "너무 재밌음",
    "date": "12.02.18",
    "rating": "8",
    "author": "nike****",
    "review_id": "6084899",
    "movie_id": "10134"
  },
  {
    "review": "기억상실증에 대한 단상",
    "date": "12.02.09",
    "rating": "8",
    "author": "ccpp****",
    "review_id": "6062959",
    "movie_id": "10134"
  },
  {
    "review": "악당들은 1편에 비해 업그레이드 되었다.",
    "date": "12.02.09",
    "rating": "8",
    "author": "rame****",
    "review_id": "6062958",
    "movie_id": "10134"
  },
  {
    "review": "오래전에 본 영화지만 아직도 어렴풋이 기억나는 추억의 영화",
    "date": "12.02.09",
    "rating": "8",
    "author": "kpcc****",
    "review_id": "6062956",
    "movie_id": "10134"
  },
  {
    "review": "블루레이 언제 나옴?",
    "date": "11.12.14",
    "rating": "10",
    "author": "mbtl****",
    "review_id": "5905756",
    "movie_id": "10134"
  },
  {
    "review": "잔혹한 스릴러에만 열중하는,어줍잖은 찌질이들의 영화보다,재미있고,활력이 넘친다.",
    "date": "11.05.17",
    "rating": "10",
    "author": "baks****",
    "review_id": "5432233",
    "movie_id": "10134"
  },
  {
    "review": "1에 비해 작품성이 떨어지지만 2편에서 끝난건 좀 아쉬움으로 남음",
    "date": "11.04.02",
    "rating": "10",
    "author": "hopy****",
    "review_id": "5349429",
    "movie_id": "10134"
  },
  {
    "review": "그래도 80년대 대한민국에는 순수와 낭만이 있었다. 아...그리운 80년대여...",
    "date": "10.08.22",
    "rating": "8",
    "author": "deka****",
    "review_id": "4776491",
    "movie_id": "10134"
  },
  {
    "review": "언중유골",
    "date": "10.07.23",
    "rating": "5",
    "author": "meth****",
    "review_id": "4665007",
    "movie_id": "10134"
  },
  {
    "review": "사실 한국영화는 배창호와 김기영만 보면 대충 다 파악된거다",
    "date": "10.05.28",
    "rating": "10",
    "author": "s140****",
    "review_id": "4528952",
    "movie_id": "10134"
  },
  {
    "review": "2편이라기보다는 그냥 같은 감독이 만든 리메이크작 정도...",
    "date": "10.02.25",
    "rating": "6",
    "author": "mygr****",
    "review_id": "4317828",
    "movie_id": "10134"
  },
  {
    "review": "눈부실만큼 예쁜 강수연씨",
    "date": "10.02.03",
    "rating": "7",
    "author": "urus****",
    "review_id": "4242363",
    "movie_id": "10134"
  },
  {
    "review": "악당들은 1편에비해 업그레이드 되었다.하지만 마지막 탈출..어이없었다.",
    "date": "09.08.13",
    "rating": "9",
    "author": "dma9****",
    "review_id": "3743589",
    "movie_id": "10134"
  },
  {
    "review": "어렸을때 재밌게봤음.",
    "date": "09.04.08",
    "rating": "10",
    "author": "jkh0****",
    "review_id": "3410212",
    "movie_id": "10134"
  },
  {
    "review": "소시적 TV에서 재미있게 감상. 안성기 캐릭터가 맘에 들었음.",
    "date": "08.11.22",
    "rating": "9",
    "author": "seun****",
    "review_id": "3064139",
    "movie_id": "10134"
  },
  {
    "review": "무난함.. 무엇보다 욕이 없다는 점에서 만족..",
    "date": "07.09.30",
    "rating": "10",
    "author": "eltl****",
    "review_id": "2062799",
    "movie_id": "10134"
  },
  {
    "review": "그럭저럭 무난했다. 한국영화사에 길이남는 충격적 장면이 기억남.",
    "date": "07.08.11",
    "rating": "5",
    "author": "lsh1****",
    "review_id": "1922470",
    "movie_id": "10134"
  },
  {
    "review": "아직까지도 꽤 볼만한...수연님 풋풋하네..",
    "date": "07.08.09",
    "rating": "10",
    "author": "typo****",
    "review_id": "1908315",
    "movie_id": "10134"
  },
  {
    "review": "비난보다는 다시 3편이 만들어지길 바란다. 왕초 또 보고 싶다. 꼭.",
    "date": "07.06.15",
    "rating": "6",
    "author": "rott****",
    "review_id": "1701468",
    "movie_id": "10134"
  },
  {
    "review": "백화점에서 무단으로 포장된 낙지를 꺼내먹는 그 장면!",
    "date": "06.10.04",
    "rating": "10",
    "author": "oioi****",
    "review_id": "1158717",
    "movie_id": "10134"
  },
  {
    "review": "안성기씨 굿",
    "date": "06.08.25",
    "rating": "10",
    "author": "zeed****",
    "review_id": "1074957",
    "movie_id": "10134"
  },
  {
    "review": "처음 쇼핑하는 장면이 예술이지.",
    "date": "06.02.20",
    "rating": "7",
    "author": "redb****",
    "review_id": "681352",
    "movie_id": "10134"
  },
  {
    "review": "낙지 처먹는 장면이 인상적",
    "date": "05.12.25",
    "rating": "7",
    "author": "kws7****",
    "review_id": "527202",
    "movie_id": "10134"
  },
  {
    "review": "전작만큼은 못해도 안성기때문에 볼만했다.",
    "date": "05.12.24",
    "rating": "8",
    "author": "blue****",
    "review_id": "523866",
    "movie_id": "10134"
  },
  {
    "review": "김수철이 없어 시원하고 김수철이 없어 아쉬운...",
    "date": "05.12.14",
    "rating": "4",
    "author": "tara****",
    "review_id": "505005",
    "movie_id": "10134"
  },
  {
    "review": "너무급하게만들었나1편성공후.배우들의연기는좋다",
    "date": "05.07.24",
    "rating": "7",
    "author": "izzo****",
    "review_id": "332293",
    "movie_id": "10134"
  },
  {
    "review": "전편과의 차별성이 아쉽다.",
    "date": "05.07.01",
    "rating": "9",
    "author": "pb06****",
    "review_id": "310244",
    "movie_id": "10134"
  },
  {
    "review": "기억상실증에 대한 단상",
    "date": "05.02.01",
    "rating": "7",
    "author": "kpcc****",
    "review_id": "203003",
    "movie_id": "10134"
  },
  {
    "review": "1편의 짙은 그림자에 묻힌, 사실은 걍 볼만한..",
    "date": "04.11.02",
    "rating": "7",
    "author": "htop****",
    "review_id": "137868",
    "movie_id": "10134"
  },
  {
    "review": "미덕은 있지만 한창때의 배창호 작품으로서는 많이 실망스런 작품..",
    "date": "04.06.18",
    "rating": "6",
    "author": "leff****",
    "review_id": "55827",
    "movie_id": "10134"
  }
]