[
  {
    "review": "비비안은 멋진여자가 되었을거다",
    "date": "15.08.27",
    "rating": "10",
    "author": "ohmk****",
    "review_id": "10278027",
    "movie_id": "10132"
  },
  {
    "review": "당신들은 정말 동화의 공주와왕자에요 정말 그렇게 느꼈습니다.",
    "date": "15.08.10",
    "rating": "10",
    "author": "rnjs****",
    "review_id": "10211106",
    "movie_id": "10132"
  },
  {
    "review": "이때 줄리아로버츠의 미모는 진짜 ㅋㅋㅋ",
    "date": "15.07.31",
    "rating": "10",
    "author": "seun****",
    "review_id": "10167638",
    "movie_id": "10132"
  },
  {
    "review": "가진자와 못가진자의 묘한 이끌림. 두 배우의 리즈시절 미모가 훈훈했다. 하지만 현실과는 많이 결여된 영화",
    "date": "15.07.07",
    "rating": "7",
    "author": "zxvt****",
    "review_id": "10077228",
    "movie_id": "10132"
  },
  {
    "review": "영화 본후 레코드 샵가서 LP사운드 트랙 구입했던게 어제 같은데..벌써 24년전이라니..",
    "date": "15.07.04",
    "rating": "9",
    "author": "tlsg****",
    "review_id": "10069383",
    "movie_id": "10132"
  },
  {
    "review": "예나.. 지금이나.. 여전히 유효한 '신데렐라 스토리'..",
    "date": "15.04.27",
    "rating": "8",
    "author": "pola****",
    "review_id": "9874162",
    "movie_id": "10132"
  },
  {
    "review": "백마 탄 왕자를 만나 팔자를 고치는 현대판 신데렐라 이야기",
    "date": "15.04.13",
    "rating": "10",
    "author": "bsm9****",
    "review_id": "9844670",
    "movie_id": "10132"
  },
  {
    "review": "하아 이게 진정 1990년에 나온 영화인가",
    "date": "15.04.08",
    "rating": "10",
    "author": "nnab****",
    "review_id": "9833814",
    "movie_id": "10132"
  },
  {
    "review": "사랑스럽다. 진작 볼걸",
    "date": "15.04.07",
    "rating": "9",
    "author": "hysk****",
    "review_id": "9833038",
    "movie_id": "10132"
  },
  {
    "review": "왜여태이걸안봣지 재밋다",
    "date": "15.04.07",
    "rating": "10",
    "author": "4261****",
    "review_id": "9833032",
    "movie_id": "10132"
  },
  {
    "review": "줄리아 로버츠의 앳된 모습은 신선 그 자체.",
    "date": "15.03.06",
    "rating": "10",
    "author": "lsh5****",
    "review_id": "9759786",
    "movie_id": "10132"
  },
  {
    "review": "재밌게 잘 보았습니다.",
    "date": "15.02.26",
    "rating": "10",
    "author": "jin1****",
    "review_id": "9741264",
    "movie_id": "10132"
  },
  {
    "review": "뻔한 스토리긴 한데 재미씀",
    "date": "15.02.20",
    "rating": "10",
    "author": "ksa3****",
    "review_id": "9719666",
    "movie_id": "10132"
  },
  {
    "review": "줄리아로버츠의 몸매에 미모였기에 가능했을법하기에 왠지 씁쓸하네욬ㅋㅋ",
    "date": "15.02.01",
    "rating": "5",
    "author": "clin****",
    "review_id": "9657930",
    "movie_id": "10132"
  },
  {
    "review": "완전여성들의판타지영화..ㅋㅋㅋ",
    "date": "15.02.01",
    "rating": "8",
    "author": "iblu****",
    "review_id": "9656949",
    "movie_id": "10132"
  },
  {
    "review": "다시봐도 넘 잼있고 멋지다~^^ 줄리아 로버츠의 미소가 아름답다",
    "date": "15.01.31",
    "rating": "10",
    "author": "pomi****",
    "review_id": "9653147",
    "movie_id": "10132"
  },
  {
    "review": "언제나 최고. the best",
    "date": "15.01.23",
    "rating": "10",
    "author": "qkrd****",
    "review_id": "9626745",
    "movie_id": "10132"
  },
  {
    "review": "열번은 넘게 본 것 같은데 매번 볼때마다 감회가 색다르다.",
    "date": "15.01.23",
    "rating": "10",
    "author": "ee47****",
    "review_id": "9626696",
    "movie_id": "10132"
  },
  {
    "review": "이건 드라마다. 사업과 감정의 경계와 갈등. 리처드기어가 줄리아로버츠에게 거액을 돈을 줄려고 할때 그녀가 그걸 침대에 나두고 떠나는 모습이 가장 결정적이고 인상 깊은 장면임.",
    "date": "15.01.15",
    "rating": "10",
    "author": "igel****",
    "review_id": "9597574",
    "movie_id": "10132"
  },
  {
    "review": "여자라면 누구나 한 번쯤 꿈꿔봤을 멋진 로맨스. 하지만 영화를 보는 내내 역시 영화는 영화구나.",
    "date": "15.01.12",
    "rating": "8",
    "author": "antj****",
    "review_id": "9587720",
    "movie_id": "10132"
  },
  {
    "review": "재밌어요~ 근데 뭔가 끝낼려다가 거의 끝무렵에 그만둔 영화같은...",
    "date": "15.01.05",
    "rating": "10",
    "author": "catd****",
    "review_id": "9563879",
    "movie_id": "10132"
  },
  {
    "review": "그럼에도 불구하고 재미있었다. 마지막 장면은 명작중에 명작",
    "date": "14.12.08",
    "rating": "8",
    "author": "qg24****",
    "review_id": "9458702",
    "movie_id": "10132"
  },
  {
    "review": "몸 파는여자들의 드림스컴트루",
    "date": "14.12.08",
    "rating": "1",
    "author": "srwk****",
    "review_id": "9458636",
    "movie_id": "10132"
  },
  {
    "review": "사랑스러운 비비안! 그리고 내 관점 신데렐라 스토리는 아니다....서로 사랑으로 변하는 모습에 의의를 둔 영화.",
    "date": "14.12.05",
    "rating": "10",
    "author": "dmki****",
    "review_id": "9450030",
    "movie_id": "10132"
  },
  {
    "review": "짱짱걸 최고당!! 내인생 최고 로맨스영화다!",
    "date": "14.10.30",
    "rating": "10",
    "author": "lyli****",
    "review_id": "9329874",
    "movie_id": "10132"
  },
  {
    "review": "이 영화를 이제야 보네요~ 정말 재밌게 봤습니다. 스토리는 정말 비현실적이지만 보는내내 즐겁게 만들고 줄리아로버츠가 잘되길 바라는 맘이들더군요. 굿이였어요",
    "date": "14.10.27",
    "rating": "10",
    "author": "yuil****",
    "review_id": "9323522",
    "movie_id": "10132"
  },
  {
    "review": "정말 소름돋게 이뿌다 줄리아 누님!",
    "date": "14.10.18",
    "rating": "10",
    "author": "ske4****",
    "review_id": "9299333",
    "movie_id": "10132"
  },
  {
    "review": "무슨 말도 안 되는 신데렐라 스토리. 줄리아 로버츠를 좋아하지 않는 1인",
    "date": "14.10.02",
    "rating": "1",
    "author": "jjaj****",
    "review_id": "9253186",
    "movie_id": "10132"
  },
  {
    "review": "시대를 앞서간 뻔뻔하고 염치없는 영화",
    "date": "14.09.04",
    "rating": "10",
    "author": "rnfh****",
    "review_id": "9165904",
    "movie_id": "10132"
  },
  {
    "review": "역시 멜로는 90년대가 정말 좋았어",
    "date": "14.09.03",
    "rating": "10",
    "author": "ps2w****",
    "review_id": "9156558",
    "movie_id": "10132"
  },
  {
    "review": "유치하고 단순한 할리퀸이지만 그게 사랑스러워",
    "date": "14.08.29",
    "rating": "9",
    "author": "sose****",
    "review_id": "9142444",
    "movie_id": "10132"
  },
  {
    "review": "영화에서나오는 옷이랑 목걸이 갖고싶다ㅠㅠ호텔도완전좋고너무 재밌게봤는데 비현실적이다 ㅋㅋㅋ이걸보고 영화는 영화다 라는생각이들었다",
    "date": "14.08.08",
    "rating": "7",
    "author": "eysk****",
    "review_id": "9050743",
    "movie_id": "10132"
  },
  {
    "review": "내생에 오랫동안 기억에 남을 영화",
    "date": "14.08.05",
    "rating": "10",
    "author": "atti****",
    "review_id": "9029705",
    "movie_id": "10132"
  },
  {
    "review": "90년에 이 영화를 봤더라면",
    "date": "14.08.04",
    "rating": "6",
    "author": "eaea****",
    "review_id": "9025436",
    "movie_id": "10132"
  },
  {
    "review": "줄리아로버츠 저렇게나 예쁘다니... OO를 다시사회에 편입시키는 아름다운 이야기.",
    "date": "14.08.04",
    "rating": "10",
    "author": "sams****",
    "review_id": "9025422",
    "movie_id": "10132"
  },
  {
    "review": "정말오래된영화다..다시보니 영화참잘만든것같다..비비안이 리무진타고 호텔떠날때 나오는 ost정말좋다",
    "date": "14.08.04",
    "rating": "10",
    "author": "ssmi****",
    "review_id": "9025400",
    "movie_id": "10132"
  },
  {
    "review": "기분이울쩍할땐역시..신데렐라스토리",
    "date": "14.08.04",
    "rating": "10",
    "author": "alwn****",
    "review_id": "9024643",
    "movie_id": "10132"
  },
  {
    "review": "잔디를밟는기어형의목가적의미",
    "date": "14.07.28",
    "rating": "10",
    "author": "clpo****",
    "review_id": "8972130",
    "movie_id": "10132"
  },
  {
    "review": "로맨틱한 러브스토리의 정석",
    "date": "14.06.28",
    "rating": "10",
    "author": "sooh****",
    "review_id": "8864334",
    "movie_id": "10132"
  },
  {
    "review": "현실에선 절대 불가능한 신데렐라 판타지 영화지만, 지금까지 이보다 더 낭만적인 로맨스 영화를 본 적이 없다.",
    "date": "14.06.21",
    "rating": "9",
    "author": "sipj****",
    "review_id": "8844409",
    "movie_id": "10132"
  },
  {
    "review": "서로 다른 위치의 남녀의 로맨스를 잘 다루었고, 줄리아 로버츠는 무척이나 매력적이다. 하지만 전형적인 ‘신데렐라 스토리’로 흐르는 것은 아쉽다.",
    "date": "14.06.04",
    "rating": "6",
    "author": "zxc1****",
    "review_id": "8793748",
    "movie_id": "10132"
  },
  {
    "review": "대한민국 의 신데렐라 드라마가 영화 '귀여운 여인'을  모방한 거였다니!!!",
    "date": "14.05.31",
    "rating": "9",
    "author": "s251****",
    "review_id": "8780294",
    "movie_id": "10132"
  },
  {
    "review": "강남판 라스베가스를 떠나며 를 보는 듯 하지만, 조금더 가볍고 쉽다.",
    "date": "14.05.30",
    "rating": "10",
    "author": "jjda****",
    "review_id": "8778674",
    "movie_id": "10132"
  },
  {
    "review": "귀여운 연인은 로맨스의 위엄이라 할수 있습니다.제가 귀여운 여인을 확인하며 느낀것은 대한민국 드라마의 콘텐츠가 모방으로 의한 창조란걸 알았습니다. 대한민국 중국 욕하려면 그만 모방하세요 부끄럽습니다.",
    "date": "14.05.29",
    "rating": "10",
    "author": "dany****",
    "review_id": "8774511",
    "movie_id": "10132"
  },
  {
    "review": "정말 최고의영화....ㅠㅠ 보면서 미소짓게만드는..ㅠㅠ하정말 최고에요ㅜㅜㅜ♥♥♥",
    "date": "14.05.13",
    "rating": "10",
    "author": "ming****",
    "review_id": "8728093",
    "movie_id": "10132"
  },
  {
    "review": "줄리아 그냥 개 이쁨 진짜",
    "date": "14.05.01",
    "rating": "10",
    "author": "dbs3****",
    "review_id": "8689698",
    "movie_id": "10132"
  },
  {
    "review": "정말 오랜만에 내 심장을 두근거리게 만든 영화",
    "date": "14.05.01",
    "rating": "10",
    "author": "asbr****",
    "review_id": "8687501",
    "movie_id": "10132"
  },
  {
    "review": "진정한 공상과학영화...돈많은 재벌이 미쳤나?저런 여자랑 사랑을 하게...이런일은 절대 영화니까 가능하다는 것을 보여주는 그런영화..ㅋㅋㅋ로맨틱코메디 좋아하네 한국에도 비슷한일이 있었잖아 유명 연예인 이야기...그게 현실이다..ㅋㅋㅋ",
    "date": "14.04.28",
    "rating": "1",
    "author": "tita****",
    "review_id": "8680945",
    "movie_id": "10132"
  },
  {
    "review": "ost도 연기도 최고^^ 소품도~! 전부",
    "date": "14.04.23",
    "rating": "10",
    "author": "co92****",
    "review_id": "8667686",
    "movie_id": "10132"
  },
  {
    "review": "정말재밋게봣지만 매춘부를 헌신적으로 사랑하는 남자가어딧나.. 더러운매춘부들",
    "date": "14.04.17",
    "rating": "9",
    "author": "ollo****",
    "review_id": "8655487",
    "movie_id": "10132"
  },
  {
    "review": "돈많은 남자가 길거리 매춘부 사서 재밌게 노는 얘기. 여자들은 아니나 다를까 감동하면서 보겠구나.",
    "date": "14.03.25",
    "rating": "1",
    "author": "mara****",
    "review_id": "8606566",
    "movie_id": "10132"
  },
  {
    "review": "로맨틱 영화의 진면목. 현실과의 괴리가 더욱 판타스틱해지는 기분..재미있지만 찜찜한 뒷맛.",
    "date": "14.03.20",
    "rating": "8",
    "author": "itsm****",
    "review_id": "8591180",
    "movie_id": "10132"
  },
  {
    "review": "현실성을 따질려면 영화를 아예 보지말자!  마지막 엔딩장면에서 다른 식으로 처리 했으면 좋았을 것을 하는 생각이 들지만 암튼 최고의 로맨스 영화다!",
    "date": "14.03.04",
    "rating": "10",
    "author": "katy****",
    "review_id": "8555935",
    "movie_id": "10132"
  },
  {
    "review": "진짜 짱짱짱!!!!♥♥♥",
    "date": "14.02.16",
    "rating": "10",
    "author": "heji****",
    "review_id": "8512191",
    "movie_id": "10132"
  },
  {
    "review": "뒤로 갈수록 자꾸 텐션 싸움에 실패한다.",
    "date": "14.02.06",
    "rating": "6",
    "author": "rygh****",
    "review_id": "8482370",
    "movie_id": "10132"
  },
  {
    "review": "정말 잘만든 영화...특히 주제곡은 쩐다.",
    "date": "14.02.01",
    "rating": "10",
    "author": "psj2****",
    "review_id": "8459527",
    "movie_id": "10132"
  },
  {
    "review": "신데렐라 스토리의 원조! 지금봐도 웃음짓게하는 결말.",
    "date": "14.01.30",
    "rating": "10",
    "author": "mank****",
    "review_id": "8451059",
    "movie_id": "10132"
  },
  {
    "review": "줄리아 로버츠의 사랑스러움과 그녀를 바라보는 리처드기어의 사랑스러운 눈빛..",
    "date": "14.01.25",
    "rating": "9",
    "author": "yrma****",
    "review_id": "8426834",
    "movie_id": "10132"
  },
  {
    "review": "엔딩이 급작스럽고 너무 fairy tale스럽지만 않았다면 더 완벽했을듯!ㅋ 신분상승이니 신데렐라니 이런것에 초점맞추지 않고 그냥 둘의 모습을 보고 있자니 계속 미소가 떠나질 않음. 판타지가 강하지만 사랑스럽고 진짜로 진짜로 재미있는 로맨스물.",
    "date": "14.01.15",
    "rating": "9",
    "author": "hiky****",
    "review_id": "8385499",
    "movie_id": "10132"
  },
  {
    "review": "모든 게 사랑스러운 영화ㅠㅠ",
    "date": "14.01.15",
    "rating": "10",
    "author": "desp****",
    "review_id": "8384799",
    "movie_id": "10132"
  },
  {
    "review": "100번 다시봐도 질리지않아요",
    "date": "14.01.01",
    "rating": "10",
    "author": "s921****",
    "review_id": "8333455",
    "movie_id": "10132"
  },
  {
    "review": "지금 이영화의 평점은 대한민국 여자들의 수준과 심리가 보이네요 ^^ 영화는 영화입니다 허영심 가득한 한국 여자분들... 꿈에서 깨어나오세요",
    "date": "13.12.24",
    "rating": "1",
    "author": "jswj****",
    "review_id": "8287509",
    "movie_id": "10132"
  },
  {
    "review": "줄리아 로버츠 정도면 남자에게도 판타지",
    "date": "13.12.19",
    "rating": "8",
    "author": "soqu****",
    "review_id": "8245706",
    "movie_id": "10132"
  },
  {
    "review": "내인생 최고의영화중 하나.",
    "date": "13.12.19",
    "rating": "10",
    "author": "love****",
    "review_id": "8238859",
    "movie_id": "10132"
  },
  {
    "review": "너무사랑스러운영화 예전꺼지만 봐도봐도재밌다마지막에 감동적임",
    "date": "13.12.17",
    "rating": "10",
    "author": "shut****",
    "review_id": "8220510",
    "movie_id": "10132"
  },
  {
    "review": "누구나 다 알만한 제목 오늘 우연히 보았는데...OO미화하고 쥐뿔도업는데 백마탄왕자바라는 무능력년들한테 망상+환상심어주는 OOO영화... 현실성없는 스토리에 재벌2세양산 어그로드라마 모티브로 쓰일지언정 그 이상 그 이하도아닌 쓰레기중 쓰레기영화",
    "date": "13.11.27",
    "rating": "1",
    "author": "inya****",
    "review_id": "8171662",
    "movie_id": "10132"
  },
  {
    "review": "멜로 영화의 정석이다카이 재미있게 잘봤다 그리운 1990년때로 타임슬립 하고 싶다",
    "date": "13.11.27",
    "rating": "10",
    "author": "yyho****",
    "review_id": "8171073",
    "movie_id": "10132"
  },
  {
    "review": "줄리아 로버츠가 예쁘고 의상같은게 귀엽지만 지금 현실에 비추어보면 말도안되는 이야기. 보는 내내 너무 말이 안되서 마음이 불편하다. 신데렐라도 정도껏.. 매춘부와 엘리트라니.. 건질건 ost",
    "date": "13.10.24",
    "rating": "2",
    "author": "seul****",
    "review_id": "8084911",
    "movie_id": "10132"
  },
  {
    "review": "전형적인 신데렐라 스토리. 수백번 우려먹더라도 다시 찾게되는건 무언가 우리의 감성을 자극하는 뭔가가 있다는거 아닐가?",
    "date": "13.10.11",
    "rating": "7",
    "author": "bbb2****",
    "review_id": "8051785",
    "movie_id": "10132"
  },
  {
    "review": "오 귀여운 여인ㅋㅋ 뻔해도 보게되는 영화",
    "date": "13.09.15",
    "rating": "7",
    "author": "kseo****",
    "review_id": "7981248",
    "movie_id": "10132"
  },
  {
    "review": "귀요미 여인",
    "date": "13.09.06",
    "rating": "10",
    "author": "epsk****",
    "review_id": "7952842",
    "movie_id": "10132"
  },
  {
    "review": "매우 사랑스러운 영화",
    "date": "13.08.03",
    "rating": "10",
    "author": "jyun****",
    "review_id": "7832353",
    "movie_id": "10132"
  },
  {
    "review": "재밌어요~ 처음으로  제대로 봤는데 리처드기어 멋있다~~~",
    "date": "13.07.31",
    "rating": "10",
    "author": "wlsd****",
    "review_id": "7802851",
    "movie_id": "10132"
  },
  {
    "review": "낮에 티비에서 우연히 나오길래 봤는데 역시~~ 굳굳!!",
    "date": "13.07.30",
    "rating": "10",
    "author": "appe****",
    "review_id": "7800283",
    "movie_id": "10132"
  },
  {
    "review": "리차드기어!",
    "date": "13.07.30",
    "rating": "10",
    "author": "khl2****",
    "review_id": "7800036",
    "movie_id": "10132"
  },
  {
    "review": "말이 필요없는 로코의 진수",
    "date": "13.07.26",
    "rating": "10",
    "author": "peti****",
    "review_id": "7785992",
    "movie_id": "10132"
  },
  {
    "review": "사랑",
    "date": "13.07.23",
    "rating": "10",
    "author": "dlad****",
    "review_id": "7776781",
    "movie_id": "10132"
  },
  {
    "review": "너무 재미있다.",
    "date": "13.07.22",
    "rating": "10",
    "author": "llli****",
    "review_id": "7773029",
    "movie_id": "10132"
  },
  {
    "review": "다소 뻔한 신데렐라 스토리이긴하지만, 신데렐라가 그냥 신데렐라가 아닌 \"콜걸(접대부)\"라는 설정이 성적 매력을 극대화 시켰다. 철저히 그녀들 입장에서 이런영화를 만들어냈겠지, 특히 현실에서는 절대 일어날수없다는 점에서 더욱더 여인들이 환호했을듯",
    "date": "13.07.09",
    "rating": "7",
    "author": "bajj****",
    "review_id": "7719321",
    "movie_id": "10132"
  },
  {
    "review": "다시봐도 재밌습니다... 특히 극중에 잠깐 삽입된 오페라가 라 트라비아타였다는 점... 영화 내용이랑 맞아떨어져서 인상적입니다...",
    "date": "13.06.29",
    "rating": "10",
    "author": "manh****",
    "review_id": "7690769",
    "movie_id": "10132"
  },
  {
    "review": "언제봐도 너무 재밌는영화...세월이 지나도 설레는 영화..리차드 기어는 언제봐도 너무 멋있다..",
    "date": "13.06.16",
    "rating": "10",
    "author": "yoon****",
    "review_id": "7646097",
    "movie_id": "10132"
  },
  {
    "review": "상상초월의판타지..하지만 이런판타지는 늘 여자를 들뜨게하지.",
    "date": "13.06.15",
    "rating": "9",
    "author": "s2pi****",
    "review_id": "7643979",
    "movie_id": "10132"
  },
  {
    "review": "이 영화를 '멘토'로 삼은 수많은 로맨틱코미디 영화들에 길들여진 탓일까. 로맨틱하지만 어딘지 불편한 기분이 든다.",
    "date": "13.05.24",
    "rating": "6",
    "author": "kmsa****",
    "review_id": "7550760",
    "movie_id": "10132"
  },
  {
    "review": "잼씀",
    "date": "13.05.20",
    "rating": "10",
    "author": "leav****",
    "review_id": "7543413",
    "movie_id": "10132"
  },
  {
    "review": "귀여워... 허나 좀 더 강한 무언가가 필요했다...",
    "date": "13.05.03",
    "rating": "8",
    "author": "jtot****",
    "review_id": "7502365",
    "movie_id": "10132"
  },
  {
    "review": "10년도 더된건데 재밌네요",
    "date": "13.04.28",
    "rating": "8",
    "author": "namj****",
    "review_id": "7492002",
    "movie_id": "10132"
  },
  {
    "review": "완전달달해서 보는내내 입가에 미소가♥♥",
    "date": "13.04.23",
    "rating": "10",
    "author": "skfk****",
    "review_id": "7476952",
    "movie_id": "10132"
  },
  {
    "review": "신데렐라 스토리란 이런 것! ㅋㅋㅋㅋㅋ",
    "date": "13.03.05",
    "rating": "10",
    "author": "dkdl****",
    "review_id": "7326327",
    "movie_id": "10132"
  },
  {
    "review": "일요일아침에만난 너무나상쾌하고명쾌하고귀엽고사랑스러운영화",
    "date": "13.02.17",
    "rating": "10",
    "author": "5123****",
    "review_id": "7274853",
    "movie_id": "10132"
  },
  {
    "review": "내 젊은시절 최고의 영화..^^",
    "date": "13.02.02",
    "rating": "10",
    "author": "icei****",
    "review_id": "7211088",
    "movie_id": "10132"
  },
  {
    "review": "오, pretty 줄리아 로버츠!!! 로맨스 신데렐라 스토리 영화인데 남자인 내가 봐도 재밌었다. 거칠고 자유 분방한 미국적인 영화. 거기에 배경이 L.A.이니ㅎㅎ 줄리아 로버츠 정말 이쁘게 나온다... 핡 \"keep on dreamin'\"",
    "date": "13.01.27",
    "rating": "7",
    "author": "fran****",
    "review_id": "7181445",
    "movie_id": "10132"
  },
  {
    "review": "명작~!!!",
    "date": "13.01.24",
    "rating": "9",
    "author": "sute****",
    "review_id": "7166456",
    "movie_id": "10132"
  },
  {
    "review": "신데렐라형 로맨스의 공식화에 이바지한 작품.",
    "date": "13.01.20",
    "rating": "5",
    "author": "reco****",
    "review_id": "7137130",
    "movie_id": "10132"
  },
  {
    "review": "우연찮케 오늘 tv에서하는걸 봤는데 재미있게 잘봤습니다 줄리아 로버츠 저당시 정말 예뻤네요!⌒⌒",
    "date": "13.01.20",
    "rating": "10",
    "author": "hoya****",
    "review_id": "7136654",
    "movie_id": "10132"
  },
  {
    "review": "다시 봐도 즐거운 여인.귀여운 여인.유쾌한 영화.",
    "date": "13.01.20",
    "rating": "10",
    "author": "kski****",
    "review_id": "7136022",
    "movie_id": "10132"
  },
  {
    "review": "지금 시기에 이 영화를 처음 본다면 진부하고 상투적일지 모르겠으나 요즘 나오는 로맨틱코미디 영화나 드라마의 시초는 이 영화라고 해도 될 정도로 그 당시엔 단연 독창적인 영화였다. 이 영화가 인상깊은 이유는 단연 사랑스러운 비비안 캐릭터 때문이 아닐까?",
    "date": "13.01.16",
    "rating": "9",
    "author": "alon****",
    "review_id": "7120807",
    "movie_id": "10132"
  },
  {
    "review": "몇 번을 봐도 새롭고 사랑스러운 영화뻔하고 진부한 스토리지만 분명 뭔가 다른 영화",
    "date": "13.01.10",
    "rating": "10",
    "author": "9012****",
    "review_id": "7099813",
    "movie_id": "10132"
  },
  {
    "review": "나에게는 아름다운 로맨스였지만 건설적인 사고방식을 가진 요즘 젊은층에게는 눈쌀찌푸려지는 영화일지도 모르겠다.",
    "date": "12.12.18",
    "rating": "8",
    "author": "ysk9****",
    "review_id": "7014463",
    "movie_id": "10132"
  },
  {
    "review": "정말 '프리티'하구나ㅠㅠ♥ 명불허전",
    "date": "12.12.17",
    "rating": "10",
    "author": "un51****",
    "review_id": "7013858",
    "movie_id": "10132"
  },
  {
    "review": "아 리차드기어  줄리아로버츠 최고!!!몇번을봐도  재밌네요!^^",
    "date": "12.12.15",
    "rating": "10",
    "author": "alwj****",
    "review_id": "7007008",
    "movie_id": "10132"
  }
]