[
  {
    "review": "리즈 시절의 리차드기어와 유명한 ost는 훌륭하지만 완성도는 글쎄? 평점조절",
    "date": "14.11.07",
    "rating": "1",
    "author": "tjrj****",
    "review_id": "9351577",
    "movie_id": "10145"
  },
  {
    "review": "80년대 베버리힐즈의 럭셔리함을 느낄수 있었다..",
    "date": "14.07.03",
    "rating": "10",
    "author": "rich****",
    "review_id": "8880821",
    "movie_id": "10145"
  },
  {
    "review": "별 기대 안하고 우연히 봤는데 정말 괜찮은 영화. 재미있음.",
    "date": "14.07.03",
    "rating": "10",
    "author": "pass****",
    "review_id": "8880788",
    "movie_id": "10145"
  },
  {
    "review": "리차드기어와 슈퍼모델 로렌휴튼...블론디의 대박 음악 콜미까지...",
    "date": "13.02.03",
    "rating": "10",
    "author": "ffme****",
    "review_id": "7219865",
    "movie_id": "10145"
  },
  {
    "review": "조르지오 알마니 그리고 리차드 기어",
    "date": "12.06.06",
    "rating": "4",
    "author": "rd72****",
    "review_id": "6367670",
    "movie_id": "10145"
  },
  {
    "review": "너무 잘생긴 리차드~~ 수트가 환상~",
    "date": "12.02.23",
    "rating": "9",
    "author": "zube****",
    "review_id": "6096589",
    "movie_id": "10145"
  },
  {
    "review": "리차드기어는 예나 지금이나 정말 멋있다. 영화도 좋고 패션도 OST도 다 굿!",
    "date": "11.10.15",
    "rating": "10",
    "author": "3535****",
    "review_id": "5789105",
    "movie_id": "10145"
  },
  {
    "review": "전 진짜 재밌게 봤어요! 결말도 마음에 들고. 야한건 없어요...",
    "date": "11.03.11",
    "rating": "10",
    "author": "metr****",
    "review_id": "5304983",
    "movie_id": "10145"
  },
  {
    "review": "음악,아르마니수트,리처드기어..잊혀지지않을정도로너무매력적이다.근데결말이 아쉽다",
    "date": "10.06.14",
    "rating": "8",
    "author": "coco****",
    "review_id": "4564046",
    "movie_id": "10145"
  },
  {
    "review": "왜 이렇게 점수가 높은지 이해할 수 가 없다...",
    "date": "09.02.19",
    "rating": "6",
    "author": "coll****",
    "review_id": "3315207",
    "movie_id": "10145"
  },
  {
    "review": "사랑의 결실만을 보여줬네. 범죄적 결말은 없군. 리차드 기어의 풋풋한 모습..",
    "date": "09.02.06",
    "rating": "8",
    "author": "j104****",
    "review_id": "3283193",
    "movie_id": "10145"
  },
  {
    "review": "최고로 스타일리시한 80년대 영화. 아르마니수트, 음악, 리차드기어",
    "date": "08.06.15",
    "rating": "10",
    "author": "hira****",
    "review_id": "2700566",
    "movie_id": "10145"
  },
  {
    "review": "멋진영화!",
    "date": "07.09.15",
    "rating": "9",
    "author": "hide****",
    "review_id": "2022916",
    "movie_id": "10145"
  },
  {
    "review": "기어 5단 넣고 다니다 사고난다.",
    "date": "07.05.17",
    "rating": "4",
    "author": "jals****",
    "review_id": "1643372",
    "movie_id": "10145"
  },
  {
    "review": "문제적 소재를 배경과 음악. 그리고 멋진배우로 바꿔놓은..",
    "date": "07.01.02",
    "rating": "9",
    "author": "blue****",
    "review_id": "1349400",
    "movie_id": "10145"
  },
  {
    "review": "80년도영화라고 믿겨지지 않는 파격적인 소재,치밀&탄탄한 구성!",
    "date": "06.11.19",
    "rating": "9",
    "author": "ummm****",
    "review_id": "1240306",
    "movie_id": "10145"
  },
  {
    "review": "리처드의 연기력..ㅋ",
    "date": "06.05.28",
    "rating": "9",
    "author": "zeed****",
    "review_id": "819227",
    "movie_id": "10145"
  }
]