[
  {
    "review": "당시 시대상이 그대로 전달되고 느껴지는 좋은작품.",
    "date": "15.06.29",
    "rating": "8",
    "author": "toto****",
    "review_id": "10050217",
    "movie_id": "10151"
  },
  {
    "review": "35년이 지나갔는데 우리는 무엇을 변화시킨 것일까?",
    "date": "15.03.30",
    "rating": "9",
    "author": "kusa****",
    "review_id": "9816925",
    "movie_id": "10151"
  },
  {
    "review": "참고 살아야혀.. 보고도 못본척.. 듣고도 못들은 척.. 말하고 싶어도 벙어리인척.. 나 말안 더듬을 수 있어.야.. 그런데 서울와서 몇년 고생해봉께 내뱃고 싶은데로 어디 할 수가 있어야지..고마워 형.. 나도 앞으로 마 말 더듬을께!  유지인 이쁨",
    "date": "15.03.20",
    "rating": "8",
    "author": "danz****",
    "review_id": "9794413",
    "movie_id": "10151"
  },
  {
    "review": "이때나 지금이나 변한게 없구나. 그리고 반가운 얼굴들",
    "date": "15.01.29",
    "rating": "8",
    "author": "kara****",
    "review_id": "9649961",
    "movie_id": "10151"
  },
  {
    "review": "지금 중견 배우들 젊은 모습 보는 것도 재밌고, 영화도 촌스럽지 않고 매력있다! 특히 유지인님의 밀당은 지금도 통할듯ㅋㅋㅋ",
    "date": "14.11.05",
    "rating": "10",
    "author": "eaea****",
    "review_id": "9341853",
    "movie_id": "10151"
  },
  {
    "review": "바람불어 좋은 영화네요~ㅋㅋ",
    "date": "14.09.24",
    "rating": "9",
    "author": "mirj****",
    "review_id": "9237961",
    "movie_id": "10151"
  },
  {
    "review": "문제 의식의 제기에는 깊이가 있으나 현상만 나열하며 그쳤고....작가적 특유의 관점 또는 방향성이 젊으니까 아프다 정도의 아마추어적 한계도 보임...현 시점에서 관망해 보면..당시 박정희 정권의 의도적 정책에 의한 사회 현상 정도로 참고는 해 볼 정도",
    "date": "14.08.06",
    "rating": "4",
    "author": "pers****",
    "review_id": "9035408",
    "movie_id": "10151"
  },
  {
    "review": "자본주의 다양한 군상...",
    "date": "14.07.12",
    "rating": "8",
    "author": "popy****",
    "review_id": "8909581",
    "movie_id": "10151"
  },
  {
    "review": "80년대 서울이 지금보다 덜 답답해서 좋아 보인다. 그 시대를 느껴볼만한 영화",
    "date": "14.07.11",
    "rating": "8",
    "author": "theh****",
    "review_id": "8903624",
    "movie_id": "10151"
  },
  {
    "review": "그 당시 젊은 감각의 영화. 올드 배우들의 과거 이미지를 알게된것 외에...뭐든게 잘될것이라는 작은 소망을 품어보기로.",
    "date": "14.07.10",
    "rating": "7",
    "author": "5292****",
    "review_id": "8899981",
    "movie_id": "10151"
  },
  {
    "review": "초콜릿처럼 눈 끝에 쓴 맛이 어른거린다.",
    "date": "14.07.09",
    "rating": "8",
    "author": "swo7****",
    "review_id": "8897698",
    "movie_id": "10151"
  },
  {
    "review": "영화 잘봤습니다. 특히 명희역을 맡은 유지인 이쁘더라구요",
    "date": "14.07.07",
    "rating": "9",
    "author": "tiff****",
    "review_id": "8892496",
    "movie_id": "10151"
  },
  {
    "review": "좋은영화 잘골라주는 EBS에서 방금 봤는데 안성기를 다시봤네? 이 영화에서 연기 참 잘하는듯ㅎㅎ 명작임!~",
    "date": "14.07.07",
    "rating": "10",
    "author": "cybe****",
    "review_id": "8892159",
    "movie_id": "10151"
  },
  {
    "review": "대단한영화. 시대상황과 젊은이 들의 좌절과 희망이 보이는 영화. 사회성 짙으면서 날카로운 블랙 코미디성 수준 높은 작품을이제는 다시 볼 수 있을런지...",
    "date": "14.07.07",
    "rating": "10",
    "author": "monm****",
    "review_id": "8892098",
    "movie_id": "10151"
  },
  {
    "review": "방금 ebs 에서 봤는데 80년대 서울시대상을 담은, 짜임새도 좋은 수작이네요아련합니다",
    "date": "14.07.07",
    "rating": "10",
    "author": "ocea****",
    "review_id": "8892071",
    "movie_id": "10151"
  },
  {
    "review": "그 시대의 감성 고민 그리고 재미있게도 현재도 활동하는 많은 배우들이 두루 두루 많이 나오는 재미있는 영화입니다.",
    "date": "14.07.06",
    "rating": "9",
    "author": "song****",
    "review_id": "8891817",
    "movie_id": "10151"
  },
  {
    "review": "안성기가 박찬욱의 1/10 정도만 사회적 문제에 관심을 가지고 행동했다면 지금 저러고 있진 않을 텐데 제7광구 ㅉㅉ",
    "date": "14.05.09",
    "rating": "1",
    "author": "yang****",
    "review_id": "8718689",
    "movie_id": "10151"
  },
  {
    "review": "상당히 현실적인 문제 의식을 가진 영화",
    "date": "14.05.06",
    "rating": "7",
    "author": "lead****",
    "review_id": "8711148",
    "movie_id": "10151"
  },
  {
    "review": "그  시대의 영화 제작 환경과 그 시대의 사람들 인식을 기준으로  봐라. 엉뚱한 평가들이 있어서 하는  말이다. 이 정도면  대단한  수작이다.",
    "date": "14.03.06",
    "rating": "9",
    "author": "bing****",
    "review_id": "8558095",
    "movie_id": "10151"
  },
  {
    "review": "80년대 한국 고전을 답습. 많은 것을 담고 싶었나 보다.",
    "date": "14.02.21",
    "rating": "6",
    "author": "bbq2****",
    "review_id": "8524945",
    "movie_id": "10151"
  },
  {
    "review": "영화의 내용이나 주인공들의 모습들은 그냥 펌범하다.낯익은 배우들이 많이 나온다.그당시의 생활모습이나 서울의 모습들이 나온다.",
    "date": "13.03.30",
    "rating": "6",
    "author": "knm7****",
    "review_id": "7422974",
    "movie_id": "10151"
  },
  {
    "review": "80년대 자본에 잠식되어 꿈과 희망을 모르고 살아가는 모습, 형편없을지라도 나는 그들을 응원하고 싶다. 그 누구라도 웰컴!",
    "date": "12.12.14",
    "rating": "10",
    "author": "lhj2****",
    "review_id": "7001680",
    "movie_id": "10151"
  },
  {
    "review": "80년대 영화라지만, 지금 봐도 심히 공감 가네요.",
    "date": "12.05.02",
    "rating": "10",
    "author": "thsd****",
    "review_id": "6264502",
    "movie_id": "10151"
  },
  {
    "review": "스타카토 유치하고 조잡한 이 필름에 왜 긴 여운이 남을까?  맘이 아프다..",
    "date": "12.03.21",
    "rating": "10",
    "author": "nimm****",
    "review_id": "6159286",
    "movie_id": "10151"
  },
  {
    "review": "동시대를 넘어 현재를 위로하는 영화. 그럼에도 유쾌함을 잊지 않는다",
    "date": "11.10.30",
    "rating": "10",
    "author": "red_****",
    "review_id": "5819939",
    "movie_id": "10151"
  },
  {
    "review": "착취와 독재의 시대에서 바람처럼 흩날리는 민초들의 애환,",
    "date": "10.09.24",
    "rating": "7",
    "author": "ador****",
    "review_id": "4865740",
    "movie_id": "10151"
  },
  {
    "review": "6,70년대적 영화와 확실히 차별화되는 80년대적 영화의 시작!",
    "date": "10.08.29",
    "rating": "8",
    "author": "mygr****",
    "review_id": "4802949",
    "movie_id": "10151"
  },
  {
    "review": "우리 부모님세대의 젊은시절 엿보기. 영화는 좀더 안타깝고 현실적인 부분을 응시한다",
    "date": "10.08.22",
    "rating": "9",
    "author": "deka****",
    "review_id": "4776530",
    "movie_id": "10151"
  },
  {
    "review": "수더분한 청년 안성기의 연기가 좋았다.",
    "date": "10.02.07",
    "rating": "8",
    "author": "jude****",
    "review_id": "4256163",
    "movie_id": "10151"
  },
  {
    "review": "내가 80년대 영화를 좋아하는 이유가 여기있다..  ps 김보연 예쁘다",
    "date": "10.02.06",
    "rating": "10",
    "author": "turb****",
    "review_id": "4251007",
    "movie_id": "10151"
  },
  {
    "review": "명작",
    "date": "10.01.13",
    "rating": "10",
    "author": "pkh0****",
    "review_id": "4164759",
    "movie_id": "10151"
  },
  {
    "review": "젊은 그대여 마른 기침을 쏘아내라",
    "date": "09.10.21",
    "rating": "10",
    "author": "east****",
    "review_id": "3906127",
    "movie_id": "10151"
  },
  {
    "review": "80년대, 상경, 부조리, 젊은이, 청춘, 삶",
    "date": "09.09.19",
    "rating": "9",
    "author": "cho1****",
    "review_id": "3838181",
    "movie_id": "10151"
  },
  {
    "review": "그때 그시절의 압박을 이겨내고 장르를 뛰어넘다",
    "date": "09.07.15",
    "rating": "7",
    "author": "tjsd****",
    "review_id": "3632615",
    "movie_id": "10151"
  },
  {
    "review": "그땐 가난하고 힘들었지만 따스한 사람과의 정이 있었다.희망도 도덕도 그러나 지금은",
    "date": "09.05.02",
    "rating": "10",
    "author": "lsj1****",
    "review_id": "3459146",
    "movie_id": "10151"
  },
  {
    "review": "동시대를 관통하는 인간 군상들의 공통분모.기대,희망,좌절,재기라는 이름의 단어",
    "date": "08.02.25",
    "rating": "10",
    "author": "kirc****",
    "review_id": "2483030",
    "movie_id": "10151"
  },
  {
    "review": "한 시대의 특징과 모순 그리고 젊음이들을 사회부조리를 잘 보여준 작품이 아닐까?",
    "date": "08.01.14",
    "rating": "9",
    "author": "seee****",
    "review_id": "2329589",
    "movie_id": "10151"
  },
  {
    "review": "그때를 추억하다...",
    "date": "07.10.31",
    "rating": "10",
    "author": "goda****",
    "review_id": "2124060",
    "movie_id": "10151"
  },
  {
    "review": "허접",
    "date": "07.05.22",
    "rating": "3",
    "author": "tolb****",
    "review_id": "1651819",
    "movie_id": "10151"
  },
  {
    "review": "주제는 좋으나 영화 자체는 주제를 포함하기엔 좀 조잡하다",
    "date": "06.10.09",
    "rating": "4",
    "author": "okjo****",
    "review_id": "1173600",
    "movie_id": "10151"
  },
  {
    "review": "80년대의 거친 아름다움.",
    "date": "06.10.09",
    "rating": "10",
    "author": "mnzm****",
    "review_id": "1172334",
    "movie_id": "10151"
  },
  {
    "review": "크아 80년대를 공감할만한 추억",
    "date": "06.09.03",
    "rating": "9",
    "author": "zeed****",
    "review_id": "1101254",
    "movie_id": "10151"
  },
  {
    "review": "80년대에도 퇴폐이발소가 있었나?",
    "date": "06.02.23",
    "rating": "4",
    "author": "kws7****",
    "review_id": "688102",
    "movie_id": "10151"
  },
  {
    "review": "가슴에 긴 여운이 남는 영화.. 지금의 우리 청년들과 다르지않다",
    "date": "05.06.22",
    "rating": "10",
    "author": "gtot****",
    "review_id": "304150",
    "movie_id": "10151"
  },
  {
    "review": "정말 이영화를 보면 예전생각이 마구마구 떠오르네요..",
    "date": "05.01.04",
    "rating": "10",
    "author": "vari****",
    "review_id": "177472",
    "movie_id": "10151"
  },
  {
    "review": "정말 재미있게본 영화, 70-80년대를 살았던 사람들은 공감할 수 있음",
    "date": "04.10.21",
    "rating": "10",
    "author": "toro****",
    "review_id": "129775",
    "movie_id": "10151"
  },
  {
    "review": "어릴때 본 영화라 자세한 평은 못하지만...좋은 기억으로 남아있는 영화~",
    "date": "04.09.11",
    "rating": "9",
    "author": "coco****",
    "review_id": "106257",
    "movie_id": "10151"
  }
]