[
  {
    "review": "남들 보기엔 그냥 흔한 불륜일지라도, 당사자들에겐 너무나 애틋한 사랑일 수도 있다.",
    "date": "15.04.25",
    "rating": "6",
    "author": "sipj****",
    "review_id": "9867603",
    "movie_id": "10154"
  },
  {
    "review": "사랑의 설레임을 느낄 수 있는 영화 이다.",
    "date": "14.10.26",
    "rating": "9",
    "author": "musi****",
    "review_id": "9317579",
    "movie_id": "10154"
  },
  {
    "review": "두 배우의 완벽한 앙상블,,,,",
    "date": "14.05.10",
    "rating": "9",
    "author": "timb****",
    "review_id": "8720332",
    "movie_id": "10154"
  },
  {
    "review": "설레임과 그리움이 아름다운 건 나이나 결혼유무와 상관이 없네.",
    "date": "14.04.01",
    "rating": "9",
    "author": "bell****",
    "review_id": "8621334",
    "movie_id": "10154"
  },
  {
    "review": "캬, 진짜 인연은 따로 있는 것인가....메릴 스트립, 매디슨카운티의 다리에선 이루어지지 못했는데 이 영화에선 이루어지는 불륜 이야길 그리네. 두 영화 모두 너무 좋다. 하지만 불륜은 이루어지지않을때 더 여운이 남는 스토리가 되는듯.",
    "date": "14.01.01",
    "rating": "9",
    "author": "psy9****",
    "review_id": "8332700",
    "movie_id": "10154"
  },
  {
    "review": "처음본 고등학교때나 애아빠가 된 지금이나 아름답다 아름다워",
    "date": "12.06.09",
    "rating": "10",
    "author": "moon****",
    "review_id": "6380825",
    "movie_id": "10154"
  },
  {
    "review": "로맨스 영화의 고전 중 하나..로맨스 장르를 좋아하시면 강추!",
    "date": "10.04.21",
    "rating": "10",
    "author": "coxo****",
    "review_id": "4446849",
    "movie_id": "10154"
  },
  {
    "review": "최고 최고..........",
    "date": "10.04.13",
    "rating": "10",
    "author": "mais****",
    "review_id": "4431460",
    "movie_id": "10154"
  },
  {
    "review": "근데 왜 네이버는 이게 로그인이 필요한 영화인가",
    "date": "09.07.19",
    "rating": "10",
    "author": "heis****",
    "review_id": "3647325",
    "movie_id": "10154"
  },
  {
    "review": "불륜을 순수하게 그려낸 듯 ,,",
    "date": "09.04.20",
    "rating": "7",
    "author": "audr****",
    "review_id": "3432213",
    "movie_id": "10154"
  },
  {
    "review": "청춘남녀의 사랑보다 더 애틋한 불륜, 두 명배우의 심리와 표정연기가 돋보이는",
    "date": "08.10.20",
    "rating": "9",
    "author": "call****",
    "review_id": "3011116",
    "movie_id": "10154"
  },
  {
    "review": "아, 이를 어쩌나~~ 불륜이지만, 영화로는 최고다~~",
    "date": "08.08.28",
    "rating": "10",
    "author": "juch****",
    "review_id": "2907313",
    "movie_id": "10154"
  },
  {
    "review": "명배우가 하니까 불륜이 감동적이기까지 하구나~",
    "date": "08.07.28",
    "rating": "10",
    "author": "2001****",
    "review_id": "2810554",
    "movie_id": "10154"
  },
  {
    "review": "심리가 보이는 간결한 불륜스토리",
    "date": "08.04.12",
    "rating": "6",
    "author": "erhe****",
    "review_id": "2576448",
    "movie_id": "10154"
  },
  {
    "review": "잔잔함과 여운이 남는 영화,메릴스트립넘이뽀!",
    "date": "07.07.27",
    "rating": "9",
    "author": "cap2****",
    "review_id": "1815799",
    "movie_id": "10154"
  },
  {
    "review": "불륜이 아름답다..하지만 별로...",
    "date": "07.06.30",
    "rating": "4",
    "author": "akma****",
    "review_id": "1732186",
    "movie_id": "10154"
  },
  {
    "review": "왜 아직까지 인기가 있는지를 보여준 멜로...",
    "date": "07.06.22",
    "rating": "9",
    "author": "ghos****",
    "review_id": "1714081",
    "movie_id": "10154"
  },
  {
    "review": "아름답고 안타까웠던영화 나이들면서 더 곱씹게되었던영화다",
    "date": "07.06.03",
    "rating": "10",
    "author": "bebe****",
    "review_id": "1678936",
    "movie_id": "10154"
  },
  {
    "review": "로버트 드니로와 메릴스트립의 아름다운 조화",
    "date": "07.06.01",
    "rating": "8",
    "author": "thfk****",
    "review_id": "1676102",
    "movie_id": "10154"
  },
  {
    "review": "불륜을 아름답게 승화시킨 영화 乃",
    "date": "06.10.01",
    "rating": "10",
    "author": "obba****",
    "review_id": "1153439",
    "movie_id": "10154"
  },
  {
    "review": "멜로영화를 그리좋아하진 않지만 재밌게본영화..",
    "date": "06.08.25",
    "rating": "9",
    "author": "jaux****",
    "review_id": "1075979",
    "movie_id": "10154"
  },
  {
    "review": "메릴스트립연기. 정말 아트다.",
    "date": "06.05.25",
    "rating": "10",
    "author": "soco****",
    "review_id": "815003",
    "movie_id": "10154"
  },
  {
    "review": "아! 불륜도 명배우가 하면 아름답구나.......",
    "date": "06.03.20",
    "rating": "9",
    "author": "welc****",
    "review_id": "725947",
    "movie_id": "10154"
  },
  {
    "review": "이 영화보고 메릴 스트립이 좋아졌다",
    "date": "06.02.12",
    "rating": "9",
    "author": "ryu5****",
    "review_id": "664659",
    "movie_id": "10154"
  },
  {
    "review": "가슴 한구석을 짠하게 했다. 불륜 영화중 가장 깔끔하다",
    "date": "06.01.03",
    "rating": "8",
    "author": "web1****",
    "review_id": "555310",
    "movie_id": "10154"
  },
  {
    "review": "두배우는 너무도 잘 어울린다. 명연기도 .",
    "date": "05.12.23",
    "rating": "9",
    "author": "blue****",
    "review_id": "522824",
    "movie_id": "10154"
  },
  {
    "review": "두 대배우의 연기 앙상블이 훌륭하다.",
    "date": "05.09.23",
    "rating": "7",
    "author": "movi****",
    "review_id": "418729",
    "movie_id": "10154"
  },
  {
    "review": "명배우들의 힘은 불륜 마저도 애뜻한 로맨스로 변화시킨다.",
    "date": "05.04.10",
    "rating": "8",
    "author": "tjsd****",
    "review_id": "257515",
    "movie_id": "10154"
  },
  {
    "review": "사랑영화, 따뜻함",
    "date": "05.01.09",
    "rating": "10",
    "author": "dnjs****",
    "review_id": "180846",
    "movie_id": "10154"
  },
  {
    "review": "좋다",
    "date": "05.01.04",
    "rating": "9",
    "author": "skst****",
    "review_id": "177408",
    "movie_id": "10154"
  },
  {
    "review": "싫다",
    "date": "04.12.22",
    "rating": "1",
    "author": "05nh****",
    "review_id": "167304",
    "movie_id": "10154"
  },
  {
    "review": "디어헌터에서의 아쉬운 두사람의 사랑이 여기서 끝을 맺는구나..",
    "date": "04.10.10",
    "rating": "10",
    "author": "klux****",
    "review_id": "123520",
    "movie_id": "10154"
  },
  {
    "review": "꿈꾸는 사랑 꿈꾸는 만남...",
    "date": "04.02.11",
    "rating": "8",
    "author": "sanm****",
    "review_id": "18807",
    "movie_id": "10154"
  }
]