[
  {
    "review": "청춘이라면 꼭 봐야하는 영화.청춘이라는 말을 정확히 정의함.영화 곳곳에 저항의식도 담겨있고.그나저나 검열로 인해 강제로 삭제되었다는 30분 분량이 궁금하다.원랜 학생들이 수업빼먹고 데모하러 간 장면이랑 기차에서 일본인들이랑 시비붙은 장면이었다는데",
    "date": "15.06.16",
    "rating": "10",
    "author": "pr5g****",
    "review_id": "10003788",
    "movie_id": "10150"
  },
  {
    "review": "[ IMDB 7.4/10 ] 내가 태어난 즈음의 시절을 보기위해 무려 블루레이로 감상하였지만.. 감독까지 바보일 줄이야.",
    "date": "15.02.26",
    "rating": "1",
    "author": "feel****",
    "review_id": "9741855",
    "movie_id": "10150"
  },
  {
    "review": "거슬리는 음향좀 어떻게 했으면 좋겠다. 엉성한건 또 얼마나 엉성한지..  차라리 찰리채플린 영화가 훨씬 유익하다",
    "date": "14.11.17",
    "rating": "1",
    "author": "kmy9****",
    "review_id": "9394731",
    "movie_id": "10150"
  },
  {
    "review": "생각하는 건 똑같은데 하는 짓은 다르네 지금의 우린 병태보다도 용기가 없다",
    "date": "14.11.13",
    "rating": "9",
    "author": "wldn****",
    "review_id": "9376503",
    "movie_id": "10150"
  },
  {
    "review": "우리는 여전히 전 시대의 연장선에 있다.",
    "date": "14.11.02",
    "rating": "10",
    "author": "eock****",
    "review_id": "9337692",
    "movie_id": "10150"
  },
  {
    "review": "지금이나 우리 아버지 세대때나 똑같다는걸 느끼게 해주네요",
    "date": "14.10.16",
    "rating": "10",
    "author": "jinr****",
    "review_id": "9295097",
    "movie_id": "10150"
  },
  {
    "review": "정말 좋은 영화입니다. 예전 추억들이 되살아나네요. 젊은이들의 자유와 시대정신이 돋보입니다. 그 시대를 먼저 살며 고민했던 선배님들께 경의를 표합니다. 예전 서울 풍경과 기차 모습은 역사적 사료로도 손색없어 보이네요^^",
    "date": "14.10.13",
    "rating": "10",
    "author": "jiki****",
    "review_id": "9289037",
    "movie_id": "10150"
  },
  {
    "review": "한국영화중에 이토록 아름다운 영화가 있었다니 ㅠㅠ 내 나이 26살에 이영화를 이제 보게 될줄이야.",
    "date": "14.10.13",
    "rating": "9",
    "author": "popo****",
    "review_id": "9288967",
    "movie_id": "10150"
  },
  {
    "review": "이비에스에서 다시봤는데 정말 명작입니다. 소중한 대한민국의 보물같은 영화~",
    "date": "14.10.13",
    "rating": "10",
    "author": "pppr****",
    "review_id": "9288966",
    "movie_id": "10150"
  },
  {
    "review": "지금 봐도 촌스럽지 않네. 명작이다.",
    "date": "14.10.13",
    "rating": "10",
    "author": "koky****",
    "review_id": "9288953",
    "movie_id": "10150"
  },
  {
    "review": "거품. 편집당했다쳐도. 별 로. 더오래된. 자전거도둑이나. 길 봐라",
    "date": "14.10.13",
    "rating": "2",
    "author": "m2np****",
    "review_id": "9288903",
    "movie_id": "10150"
  },
  {
    "review": "진짜 풋풋하다. 어릴적 90년대만 해도 이런 풋풋함이 사회 곳곳에 남아 있었는데. 옛 생각 나게하는 좋은 영화다",
    "date": "14.10.13",
    "rating": "10",
    "author": "sung****",
    "review_id": "9288815",
    "movie_id": "10150"
  },
  {
    "review": "예전부터 김치년들은 답이 없다는걸 병태의 모습을 통해 보여주는 영화입니다. 김치녀는 삼일한이 답.",
    "date": "14.10.12",
    "rating": "10",
    "author": "nang****",
    "review_id": "9288766",
    "movie_id": "10150"
  },
  {
    "review": "잘만들었다.!  옛날영화인데 풍자와 표현 모두 좋았다.",
    "date": "14.09.26",
    "rating": "10",
    "author": "utsm****",
    "review_id": "9241898",
    "movie_id": "10150"
  },
  {
    "review": "70년대 영화라고는 밑겨 지지 않는 청춘의 고뇌와 현장보고서!",
    "date": "14.09.01",
    "rating": "10",
    "author": "haen****",
    "review_id": "9154469",
    "movie_id": "10150"
  },
  {
    "review": "영화는 많이 엉성하지만 마지막 장면의 여운은 길다.",
    "date": "14.08.10",
    "rating": "7",
    "author": "kusa****",
    "review_id": "9061231",
    "movie_id": "10150"
  },
  {
    "review": "죽은 자만이 꿈을 꿀 수 있는 시대를 견디어 내는 청춘들의 이야기",
    "date": "14.01.16",
    "rating": "10",
    "author": "will****",
    "review_id": "8387885",
    "movie_id": "10150"
  },
  {
    "review": "영자 정말 귀여웠지.언제 한번 이영화  더볼수 있을까나...",
    "date": "13.12.27",
    "rating": "10",
    "author": "ppff****",
    "review_id": "8312331",
    "movie_id": "10150"
  },
  {
    "review": "짠하다...",
    "date": "13.04.11",
    "rating": "10",
    "author": "tls7****",
    "review_id": "7449211",
    "movie_id": "10150"
  },
  {
    "review": "70년대 대학 청춘들의 모습을 알기에 너무나 좋은 한국 영화의 소중한 걸작이다.",
    "date": "13.04.08",
    "rating": "10",
    "author": "kimg****",
    "review_id": "7444438",
    "movie_id": "10150"
  },
  {
    "review": "감독의 연출력에 감탄합니다.  겨울날의 추운 바람처럼 쓸쓸한 청춘을 그대로 스크린으로 가져온다. 시대는 바뀌어도 청춘의 고뇌는 동일하다~",
    "date": "13.04.08",
    "rating": "10",
    "author": "kbut****",
    "review_id": "7442957",
    "movie_id": "10150"
  },
  {
    "review": "지금보다는 따뜻한 느낌 그때는 차가웟겠지만.",
    "date": "13.04.08",
    "rating": "8",
    "author": "gus_****",
    "review_id": "7442955",
    "movie_id": "10150"
  },
  {
    "review": "와 소름돋는다...청춘영화의 최고봉이다..시간이흘러도 느끼는건 똑같네",
    "date": "13.04.08",
    "rating": "9",
    "author": "airk****",
    "review_id": "7442953",
    "movie_id": "10150"
  },
  {
    "review": "다음주도 기대되네요 ㅎ병태와 영자저시대로 돌아가고 싶네요저때 비록 내가 없었어도지금과는 다른 낭만과 여유가 있었을텐데요지금은 아무리 좋은기술과 과학발전이 있어도 예전이 국민들의 행복지수가 더 높았을것 같아요",
    "date": "13.04.08",
    "rating": "9",
    "author": "hyco****",
    "review_id": "7442950",
    "movie_id": "10150"
  },
  {
    "review": "정말재밌습니다 저시대에 태어났으면하는아쉬움도있습니다",
    "date": "13.04.08",
    "rating": "10",
    "author": "cont****",
    "review_id": "7442926",
    "movie_id": "10150"
  },
  {
    "review": "쵝오~ 70년대 젊은 대학생들의 문화와 시대상을 볼수있어 감흥 돋는 영화!",
    "date": "13.04.08",
    "rating": "10",
    "author": "58tk****",
    "review_id": "7442922",
    "movie_id": "10150"
  },
  {
    "review": "다들 재미있게 보구 계시조 재밌네여 ㅋㅋㅋㅋ",
    "date": "13.04.08",
    "rating": "9",
    "author": "cand****",
    "review_id": "7442918",
    "movie_id": "10150"
  },
  {
    "review": "다들 지금 보고 계신가요 ㅋㅋㅋㅋㅋㅋ",
    "date": "13.04.08",
    "rating": "10",
    "author": "lsh1****",
    "review_id": "7442847",
    "movie_id": "10150"
  },
  {
    "review": "정말제미잇어요~^^",
    "date": "13.04.07",
    "rating": "10",
    "author": "bjy1****",
    "review_id": "7442780",
    "movie_id": "10150"
  },
  {
    "review": "지늠보구있는데  시대에 못태어난게아쉽네요",
    "date": "13.04.07",
    "rating": "10",
    "author": "glas****",
    "review_id": "7442773",
    "movie_id": "10150"
  },
  {
    "review": "저때여자나 지금여자나 다를게 없구나 보슬이니 뭐니 그딴거없고 원래저러는구나",
    "date": "13.04.07",
    "rating": "10",
    "author": "cjfe****",
    "review_id": "7442759",
    "movie_id": "10150"
  },
  {
    "review": "오징어",
    "date": "13.04.07",
    "rating": "1",
    "author": "dudw****",
    "review_id": "7442744",
    "movie_id": "10150"
  },
  {
    "review": "와 하길종 감독은 정말 요절하신게 너무 안타까움, 그 당시의 시대정신이 고스란히 담겨있구나 마지막 엔딩씬은 오래도록 가슴에 남을듯",
    "date": "12.11.08",
    "rating": "9",
    "author": "lhj2****",
    "review_id": "6868200",
    "movie_id": "10150"
  },
  {
    "review": "코메디 영화인데 왜이렇게 슬프냐..",
    "date": "12.10.16",
    "rating": "6",
    "author": "kara****",
    "review_id": "6807182",
    "movie_id": "10150"
  },
  {
    "review": "청춘의 방황과 고뇌를 우울하고도 낭만적으로 표현해낸 무려 37년전의 한국 영화!",
    "date": "12.04.13",
    "rating": "7",
    "author": "deka****",
    "review_id": "6214646",
    "movie_id": "10150"
  },
  {
    "review": "자, 떠나자...고래 잡으러...삼등삼등 완행열차, 기차를 타고...",
    "date": "12.03.18",
    "rating": "9",
    "author": "jjwj****",
    "review_id": "6151230",
    "movie_id": "10150"
  },
  {
    "review": "잊을 수 없는 최고의 한국영화입니다.",
    "date": "11.09.18",
    "rating": "10",
    "author": "safe****",
    "review_id": "5738426",
    "movie_id": "10150"
  },
  {
    "review": "시대를 관통하는 20대의 허무감과 상실감......",
    "date": "11.05.16",
    "rating": "10",
    "author": "jude****",
    "review_id": "5431815",
    "movie_id": "10150"
  },
  {
    "review": "예나 지금이나 청년들의 관심과 고뇌는 비슷하구나 ㅋ",
    "date": "10.10.19",
    "rating": "10",
    "author": "chob****",
    "review_id": "4911492",
    "movie_id": "10150"
  },
  {
    "review": "암울한 시대에 태어나 요절한 천재감독 하명종",
    "date": "10.07.22",
    "rating": "10",
    "author": "moda****",
    "review_id": "4660741",
    "movie_id": "10150"
  },
  {
    "review": "35년전과 세대공감을 할수 있는 명작, 요절한 천재 하감독님이 그립네요.",
    "date": "10.05.19",
    "rating": "10",
    "author": "frid****",
    "review_id": "4509843",
    "movie_id": "10150"
  },
  {
    "review": "내가 아는 최고의 한국영화.  어느세대가 봐도 공감할수 있는 청춘이란 단어",
    "date": "10.05.07",
    "rating": "10",
    "author": "neve****",
    "review_id": "4485715",
    "movie_id": "10150"
  },
  {
    "review": "태평양에 핑크색 고래를 잡으러 가고 싶다.",
    "date": "10.04.22",
    "rating": "10",
    "author": "otom****",
    "review_id": "4447657",
    "movie_id": "10150"
  },
  {
    "review": "'장발단속'으로 대표되는 폭압적인 시대를 바보로 살아내야만 하는 청춘들의 초상",
    "date": "10.01.11",
    "rating": "9",
    "author": "mygr****",
    "review_id": "4157802",
    "movie_id": "10150"
  },
  {
    "review": "시대상을 잘 반영했다",
    "date": "09.12.31",
    "rating": "6",
    "author": "qmfk****",
    "review_id": "4112376",
    "movie_id": "10150"
  },
  {
    "review": "최고의 한국영화!",
    "date": "09.10.06",
    "rating": "10",
    "author": "niaw****",
    "review_id": "3876525",
    "movie_id": "10150"
  },
  {
    "review": "감히 이나라 영화역사상 최고의 영화라고 자부한다.",
    "date": "09.07.12",
    "rating": "10",
    "author": "baks****",
    "review_id": "3625727",
    "movie_id": "10150"
  },
  {
    "review": "테일러핵포드",
    "date": "09.06.22",
    "rating": "10",
    "author": "pks_****",
    "review_id": "3582452",
    "movie_id": "10150"
  },
  {
    "review": "요즘 시대에 이런 영화가 그립다",
    "date": "08.12.03",
    "rating": "10",
    "author": "0163****",
    "review_id": "3088613",
    "movie_id": "10150"
  },
  {
    "review": "중3 도덕에서 나오니 아이원츄",
    "date": "08.07.10",
    "rating": "10",
    "author": "asdl****",
    "review_id": "2752781",
    "movie_id": "10150"
  },
  {
    "review": "하길종 감독님 젊은나이네 작고 하셨지만 작품은 명작을 남기셨네요.",
    "date": "08.06.18",
    "rating": "10",
    "author": "dhrd****",
    "review_id": "2705975",
    "movie_id": "10150"
  },
  {
    "review": "70년대 청춘군상의 엉뚱함과 우울함을 잘 표현한 수작",
    "date": "08.06.13",
    "rating": "9",
    "author": "jiki****",
    "review_id": "2696722",
    "movie_id": "10150"
  },
  {
    "review": "어둡고 암담한 시대의 청춘 보고서",
    "date": "08.05.12",
    "rating": "7",
    "author": "meth****",
    "review_id": "2634116",
    "movie_id": "10150"
  },
  {
    "review": "수작",
    "date": "08.02.25",
    "rating": "10",
    "author": "zard****",
    "review_id": "2482463",
    "movie_id": "10150"
  },
  {
    "review": "이게 과연 75년작이 맞는가? 마지막 장면은 정말!!",
    "date": "07.11.04",
    "rating": "10",
    "author": "stra****",
    "review_id": "2132868",
    "movie_id": "10150"
  },
  {
    "review": "very good !",
    "date": "07.10.26",
    "rating": "8",
    "author": "cles****",
    "review_id": "2113091",
    "movie_id": "10150"
  },
  {
    "review": "입영열차에서의 키스장면은 한국영화사상 잊혀지지 못할 명장면이다.",
    "date": "07.06.11",
    "rating": "10",
    "author": "hero****",
    "review_id": "1695425",
    "movie_id": "10150"
  },
  {
    "review": "볼만",
    "date": "07.02.20",
    "rating": "8",
    "author": "ysuh****",
    "review_id": "1486942",
    "movie_id": "10150"
  },
  {
    "review": "청춘 영화가 정치를 담는다는 건 요샌 꿈도 못 꾸지.",
    "date": "06.05.13",
    "rating": "8",
    "author": "damu****",
    "review_id": "798429",
    "movie_id": "10150"
  },
  {
    "review": "70년대 사회적 문제점을 풍자한 영화 ,,",
    "date": "06.01.28",
    "rating": "10",
    "author": "zxc5****",
    "review_id": "628727",
    "movie_id": "10150"
  },
  {
    "review": "70년대 영화들은 철학적이고 의미심장해서 좋다.",
    "date": "05.10.16",
    "rating": "9",
    "author": "lsh1****",
    "review_id": "444593",
    "movie_id": "10150"
  },
  {
    "review": "이 영화 10번도 더 봤을겁니다. 재미있고 의미도 있어서",
    "date": "05.09.12",
    "rating": "10",
    "author": "joky****",
    "review_id": "403536",
    "movie_id": "10150"
  },
  {
    "review": "어릴때 뭘 알고 봤는지..지금봐도 난 별루일거같다.",
    "date": "05.03.13",
    "rating": "5",
    "author": "red0****",
    "review_id": "240062",
    "movie_id": "10150"
  },
  {
    "review": "초딩당시 최고의 코믹영화...",
    "date": "04.11.25",
    "rating": "7",
    "author": "taaz****",
    "review_id": "151508",
    "movie_id": "10150"
  },
  {
    "review": "에너지가 살아 숨쉰다",
    "date": "04.11.09",
    "rating": "10",
    "author": "iskr****",
    "review_id": "142801",
    "movie_id": "10150"
  },
  {
    "review": "암울한 시기에..사람을 노래하다",
    "date": "04.10.23",
    "rating": "10",
    "author": "jadi****",
    "review_id": "131394",
    "movie_id": "10150"
  },
  {
    "review": "고뇌의 산물",
    "date": "04.10.09",
    "rating": "10",
    "author": "inst****",
    "review_id": "122954",
    "movie_id": "10150"
  },
  {
    "review": "하길종감독이 좀 더 오래 살았어야 했는데...",
    "date": "04.08.31",
    "rating": "10",
    "author": "mono****",
    "review_id": "100424",
    "movie_id": "10150"
  },
  {
    "review": "시대의 아픔이 두눈 부릅뜨며 찍은 영화 - 검열이 그눈의 테이프를 부치다",
    "date": "03.12.30",
    "rating": "10",
    "author": "woob****",
    "review_id": "7120",
    "movie_id": "10150"
  }
]