[
  {
    "review": "음 과연 명작은 명작이다  수중씬 개지리고 멋진 본드형님 그리고 역시 제임스 본드 결말은 언제나 그렇듯 화려하다 ㅋㅋㅋ",
    "date": "15.05.14",
    "rating": "10",
    "author": "kpu5****",
    "review_id": "9916391",
    "movie_id": "10158"
  },
  {
    "review": "와  마지막쯤에 나오는 수중전볼만하네요",
    "date": "15.03.15",
    "rating": "10",
    "author": "dnjs****",
    "review_id": "9783466",
    "movie_id": "10158"
  },
  {
    "review": "네버세이 네버어게인보다 낫네?",
    "date": "15.02.03",
    "rating": "7",
    "author": "pont****",
    "review_id": "9661990",
    "movie_id": "10158"
  },
  {
    "review": "65년도 영화지만 아직도 볼만하다.",
    "date": "14.09.19",
    "rating": "8",
    "author": "adiv****",
    "review_id": "9225255",
    "movie_id": "10158"
  },
  {
    "review": "오래오래 가시길... ㄷㄷ",
    "date": "14.07.18",
    "rating": "1",
    "author": "hang****",
    "review_id": "8928676",
    "movie_id": "10158"
  },
  {
    "review": "개인적으로 007 시리즈중 좋아하는 작품",
    "date": "14.06.22",
    "rating": "9",
    "author": "clou****",
    "review_id": "8846483",
    "movie_id": "10158"
  },
  {
    "review": "훨씬 강력해진 신무기와 액션. 여자 출연자들이 모두 비슷해 헷갈린다.",
    "date": "14.03.26",
    "rating": "7",
    "author": "ykdi****",
    "review_id": "8608815",
    "movie_id": "10158"
  },
  {
    "review": "50년전인데도 여배우가 지금여배우처럼 이쁘냐, 역시 미국인가",
    "date": "14.02.27",
    "rating": "10",
    "author": "shis****",
    "review_id": "8541545",
    "movie_id": "10158"
  },
  {
    "review": "정말 소름끼친다!!!",
    "date": "14.01.14",
    "rating": "10",
    "author": "ske4****",
    "review_id": "8381550",
    "movie_id": "10158"
  },
  {
    "review": "더욱 진화되는 007...외전인 네버세이 어게인이 이 작품을 모방함...멋진 카리브해의 배경과 악당과 싸우는 숀 코네리..볼만함...",
    "date": "13.10.14",
    "rating": "6",
    "author": "thra****",
    "review_id": "8060015",
    "movie_id": "10158"
  },
  {
    "review": "지금 보아도 수중에서의 작살배틀씬은 경이롭기 까지 하다. 다이버로써 이만한 수중씬을 자랑하는 영화는 한 참후에 나온 '디프'나 '블루스톰' 정도...",
    "date": "13.02.02",
    "rating": "9",
    "author": "pobo****",
    "review_id": "7214542",
    "movie_id": "10158"
  },
  {
    "review": "오프닝에 하늘로 올라가는거..개충격 ㅋㅋ 항상 시대를 앞서갔던 007 시리즈..수중촬영이 하일라이트..상어는 진짜 실컷 봄 ㅋㅋ",
    "date": "13.01.24",
    "rating": "10",
    "author": "fuck****",
    "review_id": "7164329",
    "movie_id": "10158"
  },
  {
    "review": "좀 질질끌어서 지겹기는 했지만그래도 마지막 수중 전투씬 최고였음 ㅎㅎ",
    "date": "12.12.02",
    "rating": "9",
    "author": "cow_****",
    "review_id": "6960866",
    "movie_id": "10158"
  },
  {
    "review": "점점 007화 되어가는 느낌이 온다.신기한 탈것들과 무기들이 나오면서 본격적으로 재미를 주기 시작.",
    "date": "12.10.27",
    "rating": "8",
    "author": "hanp****",
    "review_id": "6830347",
    "movie_id": "10158"
  },
  {
    "review": "평점이 생각보다 낮네....시대 감안하면 진짜 이렇게 내용전개가 완벽한 작품은 없다 싶은데....",
    "date": "12.10.18",
    "rating": "10",
    "author": "jinj****",
    "review_id": "6810956",
    "movie_id": "10158"
  },
  {
    "review": "썬더볼이 물가 대비 시리즈중 역대 흥행1위 인건 아냐? 거의 아바타 급이었지. 시리즈를 3번 로테이션으로 보니까 알겠다. 이게 시리즈 중 최고란 것을.",
    "date": "12.08.17",
    "rating": "10",
    "author": "lott****",
    "review_id": "6618569",
    "movie_id": "10158"
  },
  {
    "review": "막판 해양전투씬뺴고는 영화내용을 너무쓸데없이길게만들었네요.....",
    "date": "12.04.23",
    "rating": "7",
    "author": "eart****",
    "review_id": "6240773",
    "movie_id": "10158"
  },
  {
    "review": "전작들보다 조금 나은정도. 영화 몰입이 안됨...",
    "date": "12.03.14",
    "rating": "5",
    "author": "tran****",
    "review_id": "6144088",
    "movie_id": "10158"
  },
  {
    "review": "Another time, another place",
    "date": "12.03.09",
    "rating": "7",
    "author": "bbq2****",
    "review_id": "6132635",
    "movie_id": "10158"
  },
  {
    "review": "옛다! 7.5   역사적인 수중씬, 65년작에 많이 바라지말자",
    "date": "12.01.15",
    "rating": "7",
    "author": "wein****",
    "review_id": "5986820",
    "movie_id": "10158"
  },
  {
    "review": "007시리즈중 바다가 가장 매력적으로 나온 작품 아 바다라니까~",
    "date": "11.09.20",
    "rating": "6",
    "author": "reno****",
    "review_id": "5743023",
    "movie_id": "10158"
  },
  {
    "review": "막판 15분 빼고 무지 지루함",
    "date": "11.05.14",
    "rating": "6",
    "author": "palo****",
    "review_id": "5427733",
    "movie_id": "10158"
  },
  {
    "review": "60년대의 007을 감안해서",
    "date": "11.04.15",
    "rating": "6",
    "author": "mais****",
    "review_id": "5374150",
    "movie_id": "10158"
  },
  {
    "review": "수중전투씬이 나와도 그저 그랬다...",
    "date": "11.01.31",
    "rating": "6",
    "author": "road****",
    "review_id": "5199907",
    "movie_id": "10158"
  },
  {
    "review": "수중전투신이 백미.",
    "date": "10.08.09",
    "rating": "7",
    "author": "tori****",
    "review_id": "4727796",
    "movie_id": "10158"
  },
  {
    "review": "아~ 여자가 똑같이 생겨서 헷갈렸어",
    "date": "10.03.14",
    "rating": "6",
    "author": "hell****",
    "review_id": "4355512",
    "movie_id": "10158"
  },
  {
    "review": "전작들에 비해 깜짝 놀랄정도로 세련되어졌다. 내용전개도 좋았다.",
    "date": "09.01.03",
    "rating": "8",
    "author": "silv****",
    "review_id": "3182574",
    "movie_id": "10158"
  },
  {
    "review": "과유불급의 교훈과 적절한 편집의 필요성을 깨닫게 해주는 영화였다",
    "date": "08.12.07",
    "rating": "4",
    "author": "hepy****",
    "review_id": "3098137",
    "movie_id": "10158"
  },
  {
    "review": "대사를 앞두고 여유자적하긴 본드나 테렌스 영이나 마찬가지..",
    "date": "08.11.25",
    "rating": "9",
    "author": "moon****",
    "review_id": "3071450",
    "movie_id": "10158"
  },
  {
    "review": "마지막 바닷속 전투액션씬은 정말장관이다* 더불어 본드걸최고인거같다* 도미노",
    "date": "08.10.08",
    "rating": "10",
    "author": "dma9****",
    "review_id": "2988601",
    "movie_id": "10158"
  },
  {
    "review": "1부터해서 스케일은 최고다.파나마관광에 상어를키우는악당 최고의 오프닝씬..",
    "date": "08.10.08",
    "rating": "10",
    "author": "sr82****",
    "review_id": "2988528",
    "movie_id": "10158"
  },
  {
    "review": "다양한 특수효과와 볼거리로 오락물로는 합격점",
    "date": "08.06.09",
    "rating": "6",
    "author": "si2p****",
    "review_id": "2689623",
    "movie_id": "10158"
  },
  {
    "review": "점점 나아지는듯....",
    "date": "08.03.02",
    "rating": "8",
    "author": "issu****",
    "review_id": "2498311",
    "movie_id": "10158"
  },
  {
    "review": "사람죽는게 무슨 장난인줄 아는 듯......",
    "date": "08.02.08",
    "rating": "8",
    "author": "suji****",
    "review_id": "2422081",
    "movie_id": "10158"
  },
  {
    "review": "비쥬얼이 스토리를 점점 따라 가기 시작하다.",
    "date": "07.08.19",
    "rating": "8",
    "author": "izzo****",
    "review_id": "1959885",
    "movie_id": "10158"
  },
  {
    "review": "규모가 점점 커지고 있다 초기 작품 중 가장 규모가 큰 작품",
    "date": "07.05.15",
    "rating": "8",
    "author": "deff****",
    "review_id": "1639977",
    "movie_id": "10158"
  },
  {
    "review": "007 1편~3편보다는 재미없지만 특수효과에서 좀 진화됐다..",
    "date": "06.12.29",
    "rating": "7",
    "author": "hide****",
    "review_id": "1338909",
    "movie_id": "10158"
  },
  {
    "review": "포스터부터 참...",
    "date": "06.08.23",
    "rating": "6",
    "author": "asdf****",
    "review_id": "1070917",
    "movie_id": "10158"
  },
  {
    "review": "쪼금 야하고 마지막에 지루하다 특수효과는 일품~",
    "date": "06.08.23",
    "rating": "8",
    "author": "8901****",
    "review_id": "1070267",
    "movie_id": "10158"
  },
  {
    "review": "볼만은 하다",
    "date": "06.08.18",
    "rating": "7",
    "author": "zeed****",
    "review_id": "1050013",
    "movie_id": "10158"
  },
  {
    "review": "그저그런 007영화.소름끼치는 주제곡은 인상적.",
    "date": "06.07.27",
    "rating": "7",
    "author": "jcsj****",
    "review_id": "927058",
    "movie_id": "10158"
  },
  {
    "review": "이작품은 그다지....",
    "date": "06.07.24",
    "rating": "7",
    "author": "reki****",
    "review_id": "918343",
    "movie_id": "10158"
  },
  {
    "review": "007 시리즈 영화의 첩보물에서 오락물로 탈바꿈하기.",
    "date": "06.07.17",
    "rating": "7",
    "author": "movi****",
    "review_id": "899188",
    "movie_id": "10158"
  },
  {
    "review": "지루하기만 하다...",
    "date": "06.02.07",
    "rating": "6",
    "author": "kool****",
    "review_id": "652799",
    "movie_id": "10158"
  },
  {
    "review": "거참 필름 구리단 말야",
    "date": "05.12.24",
    "rating": "6",
    "author": "kws7****",
    "review_id": "524575",
    "movie_id": "10158"
  },
  {
    "review": "스토리 라인이 굳혀진 007",
    "date": "05.12.07",
    "rating": "7",
    "author": "hero****",
    "review_id": "497002",
    "movie_id": "10158"
  },
  {
    "review": "007이라는 사나이의 매력을 한껏 느끼게 해준다",
    "date": "05.07.24",
    "rating": "10",
    "author": "ansd****",
    "review_id": "332401",
    "movie_id": "10158"
  },
  {
    "review": "인상 깊진 않았음.",
    "date": "05.02.17",
    "rating": "9",
    "author": "worl****",
    "review_id": "222645",
    "movie_id": "10158"
  },
  {
    "review": "첨이 기억나네..여장 남자랑 격투,,^^",
    "date": "05.01.15",
    "rating": "6",
    "author": "penn****",
    "review_id": "186143",
    "movie_id": "10158"
  },
  {
    "review": "007시리즈 중 평작",
    "date": "04.12.30",
    "rating": "7",
    "author": "nams****",
    "review_id": "173312",
    "movie_id": "10158"
  },
  {
    "review": "내 어릴때 가족들과 이불속에 들어가서 이영화 해주던 시간이 제일 좋았다.",
    "date": "04.08.30",
    "rating": "10",
    "author": "adon****",
    "review_id": "100003",
    "movie_id": "10158"
  }
]