[
  {
    "review": "007 시리즈중 너무 과소 평가된 영화... 추격신은 역대급이고 조지 라젠비의 액션은 매우 호쾌하며 마지막엔 불쌍하기 까지 하다",
    "date": "15.07.23",
    "rating": "9",
    "author": "beat****",
    "review_id": "10135137",
    "movie_id": "10161"
  },
  {
    "review": "007은 재밌는 시리즈다",
    "date": "15.07.15",
    "rating": "8",
    "author": "luck****",
    "review_id": "10107817",
    "movie_id": "10161"
  },
  {
    "review": "스키.봅슬레이참인상적인전투씬이였고  초기007배우가아니 딴배우가해서 흠 기존배우보다 스케일은떨어지지만 나름괜찮았다",
    "date": "15.03.16",
    "rating": "10",
    "author": "dnjs****",
    "review_id": "9786472",
    "movie_id": "10161"
  },
  {
    "review": "제임스 본드가 마음 잡고 살 뻔한 영화..",
    "date": "15.01.16",
    "rating": "8",
    "author": "pont****",
    "review_id": "9599229",
    "movie_id": "10161"
  },
  {
    "review": "어렸을때 재미있게 봤음.",
    "date": "14.09.23",
    "rating": "7",
    "author": "adiv****",
    "review_id": "9235595",
    "movie_id": "10161"
  },
  {
    "review": "이거 시리즈가 전부 7점대네? ㄷㄷ",
    "date": "14.07.20",
    "rating": "1",
    "author": "hang****",
    "review_id": "8934378",
    "movie_id": "10161"
  },
  {
    "review": "라젠비는 본드역에 안어울려. 비극으로 끝미치다니...",
    "date": "14.03.29",
    "rating": "5",
    "author": "ykdi****",
    "review_id": "8616601",
    "movie_id": "10161"
  },
  {
    "review": "정말 소름끼친다!!!",
    "date": "14.01.15",
    "rating": "10",
    "author": "ske4****",
    "review_id": "8384123",
    "movie_id": "10161"
  },
  {
    "review": "영화 클로징도 그렇고 배우도 그렇고 비운의 제임스 본드. 하지만 애착이 많이 가능 영화. 무엇보다 오프닝엔 안쓰였지만 삽입곡, 루이 암스트롱의 We Have All Time in the World는 정말 강추입니다 강추.",
    "date": "13.03.31",
    "rating": "10",
    "author": "jayp****",
    "review_id": "7426026",
    "movie_id": "10161"
  },
  {
    "review": "조지라젠비 최고의 캐스팅이었다. 그러나 시나리오가 조금 부족했을뿐이다.최소 두세편은 더 찍었어야 했는데 너무 아깝다.",
    "date": "13.03.23",
    "rating": "8",
    "author": "gori****",
    "review_id": "7402709",
    "movie_id": "10161"
  },
  {
    "review": "본드의 변경때문인지 어색했던 영화",
    "date": "13.02.26",
    "rating": "6",
    "author": "come****",
    "review_id": "7304179",
    "movie_id": "10161"
  },
  {
    "review": "007 매니아지만,6탄은 좀 이질적인 느낌이..스키씬 없었으면,진짜 망할뻔 했음..제임스본드가 결혼할때도 어 이게 뭥미...역시 숀 코네리가 하는게 좋았는데..봅슬레이씬은 굿..본드걸 다이아나도 시크하고 도도한 매력 굿..유일한 새드엔딩",
    "date": "13.01.29",
    "rating": "9",
    "author": "fuck****",
    "review_id": "7192149",
    "movie_id": "10161"
  },
  {
    "review": "뜬금없이 결혼을 왜해 그리고 너무나도 우연의 연속인 영화",
    "date": "13.01.28",
    "rating": "8",
    "author": "byun****",
    "review_id": "7188235",
    "movie_id": "10161"
  },
  {
    "review": "딴거는 모르겠고. 다이애나 리그때문에 별다섯개준다. 아 존나매력있네",
    "date": "13.01.27",
    "rating": "10",
    "author": "owne****",
    "review_id": "7185628",
    "movie_id": "10161"
  },
  {
    "review": "숀 코네리와는 너무나  다른 이 사람은 누구?다행히 한편만 나온다니....본드걸은 갈수록 이뻐지니 다행.마지막 설원씬은 꽤 잘찍었네^^",
    "date": "12.10.27",
    "rating": "6",
    "author": "hanp****",
    "review_id": "6830365",
    "movie_id": "10161"
  },
  {
    "review": "매력적인 본드걸과 설원의 추격씬이 기억나는영화",
    "date": "12.05.14",
    "rating": "9",
    "author": "ypal****",
    "review_id": "6298730",
    "movie_id": "10161"
  },
  {
    "review": "이렇게 지루한 007은 첨보네... 안습그자체ㅠㅠ",
    "date": "12.03.16",
    "rating": "1",
    "author": "tran****",
    "review_id": "6146529",
    "movie_id": "10161"
  },
  {
    "review": "본드걸의 활약과 시원한 동계올림픽 액션이 돋보임",
    "date": "11.09.26",
    "rating": "6",
    "author": "hell****",
    "review_id": "5753270",
    "movie_id": "10161"
  },
  {
    "review": "제임스 본드를 누가 연기하느냐에 따라",
    "date": "11.09.20",
    "rating": "5",
    "author": "reno****",
    "review_id": "5742991",
    "movie_id": "10161"
  },
  {
    "review": "쉴트호른가기전에ㅋㅋ 매력없는 본드와 매력있는 본드걸 후에 와이프",
    "date": "11.07.30",
    "rating": "8",
    "author": "reki****",
    "review_id": "5582355",
    "movie_id": "10161"
  },
  {
    "review": "중간에 좀 지루했지만, 그래도 추격전 볼만했고, 007의 결혼을 다룬 영화...",
    "date": "11.06.08",
    "rating": "7",
    "author": "palo****",
    "review_id": "5470803",
    "movie_id": "10161"
  },
  {
    "review": "아쉽지만 실패한 007이란 평가가 있었던..",
    "date": "11.04.14",
    "rating": "7",
    "author": "mais****",
    "review_id": "5372419",
    "movie_id": "10161"
  },
  {
    "review": "시리즈를 장식하는 멋진 작품이다. 배우빼고. 숀 코네리가 맡아야했어!",
    "date": "11.04.12",
    "rating": "8",
    "author": "rr92****",
    "review_id": "5369862",
    "movie_id": "10161"
  },
  {
    "review": "ㅠㅠ본드걸중에 제일 마음에 들었었는뎅 ㅠㅠㅠㅠ",
    "date": "11.02.04",
    "rating": "9",
    "author": "road****",
    "review_id": "5212521",
    "movie_id": "10161"
  },
  {
    "review": "연패는 없었다.",
    "date": "10.08.11",
    "rating": "7",
    "author": "tori****",
    "review_id": "4733827",
    "movie_id": "10161"
  },
  {
    "review": "007시리즈중 가장 밋밋하고 그저그랬던 영화 그래도 007!",
    "date": "10.03.12",
    "rating": "5",
    "author": "thra****",
    "review_id": "4352471",
    "movie_id": "10161"
  },
  {
    "review": "긴밀하지 못한 전개..초기작품들이 그렇지만 이건 좀.... 추격씬 남발등 허접함",
    "date": "08.12.30",
    "rating": "4",
    "author": "hepy****",
    "review_id": "3166315",
    "movie_id": "10161"
  },
  {
    "review": "시리즈를 풍성하게 만든, 모든면에서 최고 수준의 본드 무비.. 후반 40여분이 압권..",
    "date": "08.11.17",
    "rating": "9",
    "author": "moon****",
    "review_id": "3056054",
    "movie_id": "10161"
  },
  {
    "review": "무법천지스위스에 동계올림픽급 악당과 본드* 본드걸은 6편까지해서 2위.",
    "date": "08.10.14",
    "rating": "8",
    "author": "dma9****",
    "review_id": "2999847",
    "movie_id": "10161"
  },
  {
    "review": "007의 시즌2같다*이전작품과는 다르고 완전009요원이다.알프스에서 추격전은 역시최고",
    "date": "08.10.14",
    "rating": "7",
    "author": "sr82****",
    "review_id": "2999799",
    "movie_id": "10161"
  },
  {
    "review": "만약에 코너리가 나왔다면 애기는 틀려질것이다 라젠비의 미스캐스팅!",
    "date": "08.06.09",
    "rating": "6",
    "author": "si2p****",
    "review_id": "2689646",
    "movie_id": "10161"
  },
  {
    "review": "새드 엔딩이라.....",
    "date": "08.05.06",
    "rating": "7",
    "author": "issu****",
    "review_id": "2622166",
    "movie_id": "10161"
  },
  {
    "review": "본드 걸 이뿌네.",
    "date": "08.05.02",
    "rating": "7",
    "author": "clou****",
    "review_id": "2611993",
    "movie_id": "10161"
  },
  {
    "review": "자본주의 위에 설치는 바람끼 있는 본드 미워 할 수 없네 그려",
    "date": "08.01.16",
    "rating": "7",
    "author": "izzo****",
    "review_id": "2337577",
    "movie_id": "10161"
  },
  {
    "review": "본드가 잘 맞지 않는 것 같다 그렇지만 재미는 어느 정도 한다",
    "date": "07.05.15",
    "rating": "7",
    "author": "deff****",
    "review_id": "1639991",
    "movie_id": "10161"
  },
  {
    "review": "매일밤 미녀 바꿔치기하며 동침.본드 존나 부럽다.그래서 마지막이 통쾌함.",
    "date": "07.05.12",
    "rating": "8",
    "author": "bepl****",
    "review_id": "1634103",
    "movie_id": "10161"
  },
  {
    "review": "역대 본드 중 가장 본드 같지 않았던 본드...숀코네리의 가치만 상승시킨",
    "date": "07.04.20",
    "rating": "6",
    "author": "okyk****",
    "review_id": "1596523",
    "movie_id": "10161"
  },
  {
    "review": "스토리라인과 액션은 괜챦았으나 제임스본드는 NG!",
    "date": "07.01.15",
    "rating": "7",
    "author": "hide****",
    "review_id": "1385809",
    "movie_id": "10161"
  },
  {
    "review": "코네리가아닌게어설펐음",
    "date": "06.12.24",
    "rating": "10",
    "author": "i971****",
    "review_id": "1321141",
    "movie_id": "10161"
  },
  {
    "review": "본드걸이 꽤 괜찮음.",
    "date": "06.10.31",
    "rating": "8",
    "author": "ilov****",
    "review_id": "1209487",
    "movie_id": "10161"
  },
  {
    "review": "마지막 미세스본드의 죽음.. 대작이다",
    "date": "06.08.23",
    "rating": "10",
    "author": "8901****",
    "review_id": "1070232",
    "movie_id": "10161"
  },
  {
    "review": "글쎄",
    "date": "06.08.16",
    "rating": "7",
    "author": "zeed****",
    "review_id": "1043631",
    "movie_id": "10161"
  },
  {
    "review": "내가 재일 좋아하는 작품 스키추격장면 볼거리",
    "date": "05.12.25",
    "rating": "10",
    "author": "kws7****",
    "review_id": "527048",
    "movie_id": "10161"
  },
  {
    "review": "좀 흐트러진 느낌이..ㅋ",
    "date": "05.12.07",
    "rating": "7",
    "author": "hero****",
    "review_id": "497008",
    "movie_id": "10161"
  },
  {
    "review": "숀코너리의 강렬한 매력에 밀린 조지라젠비..참 아쉬운 영화",
    "date": "05.07.24",
    "rating": "10",
    "author": "ansd****",
    "review_id": "332412",
    "movie_id": "10161"
  },
  {
    "review": "007이 결혼한다는 것도 영....",
    "date": "05.05.04",
    "rating": "6",
    "author": "jcr3****",
    "review_id": "270972",
    "movie_id": "10161"
  },
  {
    "review": "역시 코너리가 아니라 어색하다..설원에서 액션신은 멋있군..",
    "date": "05.03.25",
    "rating": "6",
    "author": "penn****",
    "review_id": "246629",
    "movie_id": "10161"
  },
  {
    "review": "숀 코네리 다시 데려와.",
    "date": "05.02.17",
    "rating": "6",
    "author": "worl****",
    "review_id": "222648",
    "movie_id": "10161"
  },
  {
    "review": "본드걸이 아닌 본드부인의 등장. 다이아나 리그. 반해버릴거 같은데.",
    "date": "05.01.24",
    "rating": "8",
    "author": "jymi****",
    "review_id": "194649",
    "movie_id": "10161"
  },
  {
    "review": "본드의 부인은 예쁘지만 죠지 라젠비는 글쎄~",
    "date": "04.12.30",
    "rating": "4",
    "author": "nams****",
    "review_id": "172791",
    "movie_id": "10161"
  },
  {
    "review": "내 어릴때 가족들과 이불속에 들어가서 이영화 해주던 시간이 제일 좋았다.",
    "date": "04.08.30",
    "rating": "10",
    "author": "adon****",
    "review_id": "100006",
    "movie_id": "10161"
  },
  {
    "review": "불후의 명작...",
    "date": "04.03.26",
    "rating": "10",
    "author": "msj1****",
    "review_id": "31560",
    "movie_id": "10161"
  }
]