[
  {
    "review": "태국의 엑조틱.. 하지만 전체적으로 나른한 액션.",
    "date": "15.08.21",
    "rating": "5",
    "author": "pont****",
    "review_id": "10256690",
    "movie_id": "10164"
  },
  {
    "review": "흠 얄미운 난쟁이 신비한거울",
    "date": "15.03.21",
    "rating": "10",
    "author": "dnjs****",
    "review_id": "9796389",
    "movie_id": "10164"
  },
  {
    "review": "명성 그대로 볼만했다... 시대는 흘렀으나 킬링타임용으로 손상없을듯.",
    "date": "14.09.29",
    "rating": "7",
    "author": "adiv****",
    "review_id": "9248453",
    "movie_id": "10164"
  },
  {
    "review": "멍청한 굿나잇 때문에 막판에 재밌었다.",
    "date": "14.04.01",
    "rating": "6",
    "author": "ykdi****",
    "review_id": "8622614",
    "movie_id": "10164"
  },
  {
    "review": "정말 소름끼친다!!!",
    "date": "14.01.19",
    "rating": "10",
    "author": "ske4****",
    "review_id": "8398845",
    "movie_id": "10164"
  },
  {
    "review": "지금 보면 장난 같은 아이템들도 정말 당시 기준으로는 고 퀄리티 였다.",
    "date": "13.08.27",
    "rating": "9",
    "author": "kimd****",
    "review_id": "7927028",
    "movie_id": "10164"
  },
  {
    "review": "본드걸 몸매는 좋은데 역대 최고로 멍청한듯....ㅋ",
    "date": "13.03.02",
    "rating": "8",
    "author": "yskf****",
    "review_id": "7318776",
    "movie_id": "10164"
  },
  {
    "review": "난쟁이의 임팩트는 최고 ㅋㅋㅋ 푸켓섬의 절경이 영화를 살림..암실트랩도 기억에 남고..",
    "date": "13.01.29",
    "rating": "9",
    "author": "fuck****",
    "review_id": "7191784",
    "movie_id": "10164"
  },
  {
    "review": "옛날 작품이라지만 한박자 기다리는 액션. 좀 힘빠져 보이는 로저무어",
    "date": "12.08.20",
    "rating": "6",
    "author": "hell****",
    "review_id": "6630110",
    "movie_id": "10164"
  },
  {
    "review": "아주 놀고 있다.",
    "date": "12.03.12",
    "rating": "4",
    "author": "bbq2****",
    "review_id": "6139451",
    "movie_id": "10164"
  },
  {
    "review": "가이 해밀턴의 007은 전체적으로 힘이",
    "date": "11.09.20",
    "rating": "5",
    "author": "reno****",
    "review_id": "5742972",
    "movie_id": "10164"
  },
  {
    "review": "충분히 재미있고 충분히 괜찮은 영화. 실패작이라 하기엔 아까운 퀄리티.",
    "date": "11.07.17",
    "rating": "9",
    "author": "wooj****",
    "review_id": "5550091",
    "movie_id": "10164"
  },
  {
    "review": "자동차 스턴트 씬는 최고...",
    "date": "11.06.24",
    "rating": "6",
    "author": "tprk****",
    "review_id": "5495993",
    "movie_id": "10164"
  },
  {
    "review": "007은 대체로 다 재미있다",
    "date": "11.04.13",
    "rating": "7",
    "author": "mais****",
    "review_id": "5370650",
    "movie_id": "10164"
  },
  {
    "review": "ㅋㅋ너무제미있다",
    "date": "11.03.12",
    "rating": "10",
    "author": "wndd****",
    "review_id": "5307804",
    "movie_id": "10164"
  },
  {
    "review": "재밌씀ㅋㅋㅋㅋㅋㅋ",
    "date": "11.02.09",
    "rating": "7",
    "author": "road****",
    "review_id": "5230454",
    "movie_id": "10164"
  },
  {
    "review": "통일아시아를 엿보다.",
    "date": "10.08.14",
    "rating": "3",
    "author": "tori****",
    "review_id": "4745343",
    "movie_id": "10164"
  },
  {
    "review": "재미있게봤다 드라큐라 전문배우 리아저씨가 악역으로..ㅎㅎㅎ",
    "date": "09.12.15",
    "rating": "7",
    "author": "thra****",
    "review_id": "4045337",
    "movie_id": "10164"
  },
  {
    "review": "유명한 간지총이 나오는 영화",
    "date": "09.08.30",
    "rating": "10",
    "author": "alsl****",
    "review_id": "3798902",
    "movie_id": "10164"
  },
  {
    "review": "동양물을 마시면 언제나 좀 헤매는 본드.. 로저무어는 여전히 시들지 않았지만..",
    "date": "08.11.18",
    "rating": "6",
    "author": "moon****",
    "review_id": "3057873",
    "movie_id": "10164"
  },
  {
    "review": "이런 친환경적인 007을능가한악당이라면 난 그와손을잡겠다. 미국경찰의 재등장 ㅋㅋ",
    "date": "08.10.27",
    "rating": "10",
    "author": "dma9****",
    "review_id": "3022199",
    "movie_id": "10164"
  },
  {
    "review": "새로운 007의시대가 방콕에서 열렸구나.본드걸은 누구007을돕는 한국계배우오순택ㅋㅋ",
    "date": "08.10.27",
    "rating": "10",
    "author": "sr82****",
    "review_id": "3022188",
    "movie_id": "10164"
  },
  {
    "review": "로저의시대가 다가온다 액션적인부분은 다른 시리즈보다 OOO 않는다",
    "date": "08.06.10",
    "rating": "6",
    "author": "si2p****",
    "review_id": "2691680",
    "movie_id": "10164"
  },
  {
    "review": "007을 능가하는 스카라망가의 트릭, 기발한 무기들. 곳곳의 잔재미 요거는 좀 먹히네",
    "date": "08.04.10",
    "rating": "7",
    "author": "izzo****",
    "review_id": "2571858",
    "movie_id": "10164"
  },
  {
    "review": "그래도 볼만하잔아",
    "date": "08.01.21",
    "rating": "6",
    "author": "powe****",
    "review_id": "2356302",
    "movie_id": "10164"
  },
  {
    "review": "어릴 때 젤 처음 봤떤 007영화.그리고는 007로저무어 팬이됨 ㅜㅜ.",
    "date": "07.09.01",
    "rating": "8",
    "author": "mane****",
    "review_id": "1993237",
    "movie_id": "10164"
  },
  {
    "review": "스릴감이 너무 떨어진다. 무술대결도 별로고.",
    "date": "07.06.23",
    "rating": "5",
    "author": "sisu****",
    "review_id": "1717209",
    "movie_id": "10164"
  },
  {
    "review": "좀 느러지는 느낌의 본드",
    "date": "07.05.15",
    "rating": "6",
    "author": "deff****",
    "review_id": "1640026",
    "movie_id": "10164"
  },
  {
    "review": "007 시리즈는 항상 재밌다 ^-^",
    "date": "06.10.06",
    "rating": "10",
    "author": "diab****",
    "review_id": "1166106",
    "movie_id": "10164"
  },
  {
    "review": "재밌고 환상적인 007 9편 대작이다!",
    "date": "06.08.23",
    "rating": "9",
    "author": "8901****",
    "review_id": "1070248",
    "movie_id": "10164"
  },
  {
    "review": "뭐 여자 몸매는 봐줄만 하더만.. 좀더 벗든가",
    "date": "06.08.16",
    "rating": "6",
    "author": "wicl****",
    "review_id": "1043014",
    "movie_id": "10164"
  },
  {
    "review": "글쎄",
    "date": "06.08.16",
    "rating": "7",
    "author": "zeed****",
    "review_id": "1038213",
    "movie_id": "10164"
  },
  {
    "review": "지루하고 스릴감이 떨어진다 난쟁이 꼴보기도 싫어",
    "date": "06.08.14",
    "rating": "3",
    "author": "okjo****",
    "review_id": "1031735",
    "movie_id": "10164"
  },
  {
    "review": "OOO가 3개였던 스카라망가...;;;",
    "date": "06.07.24",
    "rating": "8",
    "author": "reki****",
    "review_id": "918357",
    "movie_id": "10164"
  },
  {
    "review": "추리 모험 스릴 로멘스 다 볼 수 잇는 007 시리즈",
    "date": "06.02.18",
    "rating": "10",
    "author": "shh7****",
    "review_id": "677884",
    "movie_id": "10164"
  },
  {
    "review": "즐길만한 액션",
    "date": "05.12.25",
    "rating": "9",
    "author": "kws7****",
    "review_id": "527013",
    "movie_id": "10164"
  },
  {
    "review": "007의 후속편들은 후속편이란느낌이 들지않는다",
    "date": "05.12.07",
    "rating": "8",
    "author": "hero****",
    "review_id": "497017",
    "movie_id": "10164"
  },
  {
    "review": "007와 스카라망가, 월터ppk와 황금총의 자존심대결!!",
    "date": "05.07.24",
    "rating": "10",
    "author": "ansd****",
    "review_id": "332416",
    "movie_id": "10164"
  },
  {
    "review": "오락 영화로써 재미만은 확실히 보장한다!",
    "date": "05.05.22",
    "rating": "7",
    "author": "dbsw****",
    "review_id": "283652",
    "movie_id": "10164"
  },
  {
    "review": "그러저럭 볼만한 007.",
    "date": "05.05.04",
    "rating": "6",
    "author": "jcr3****",
    "review_id": "270958",
    "movie_id": "10164"
  },
  {
    "review": "액션 영화 라기엔...",
    "date": "05.02.17",
    "rating": "7",
    "author": "worl****",
    "review_id": "222651",
    "movie_id": "10164"
  },
  {
    "review": "솔찍히 난쟁이 부하 밖에 기억이 안 남..",
    "date": "05.01.15",
    "rating": "5",
    "author": "penn****",
    "review_id": "186152",
    "movie_id": "10164"
  },
  {
    "review": "그럭저럭~",
    "date": "04.12.30",
    "rating": "8",
    "author": "nams****",
    "review_id": "172792",
    "movie_id": "10164"
  },
  {
    "review": "내 어릴때 가족들과 이불속에 들어가서 이영화 해주던 시간이 제일 좋았다.",
    "date": "04.08.30",
    "rating": "10",
    "author": "adon****",
    "review_id": "100010",
    "movie_id": "10164"
  },
  {
    "review": "007중에 최고 멋쟁이 시리즈.물론 개인취향들은 다르겠지만...",
    "date": "04.04.22",
    "rating": "10",
    "author": "oocc****",
    "review_id": "38484",
    "movie_id": "10164"
  }
]