[
  {
    "review": "와... 액션 특히 견자단 매니아로서 이 당시에 1972년도에 이런 작품을 만들었다는건 정말 최고다. 엽문이나 옹박, 황비홍, 도화선 이전에 맹룡과강이 있었다",
    "date": "15.08.04",
    "rating": "10",
    "author": "reiy****",
    "review_id": "10185671",
    "movie_id": "10183"
  },
  {
    "review": "남자의 근육은 이소룡이 가장 이상적. 아놀드슈왈제네거.육체미 근육은 움직임에 둔하지..이소룡이 더 빠르고  급소타격으로  압승",
    "date": "15.07.26",
    "rating": "10",
    "author": "wits****",
    "review_id": "10144733",
    "movie_id": "10183"
  },
  {
    "review": "오랜만에 다시봐도 역시 명불허전...콜로세움 고양이는 고양이 묘라 묘가수를 위한 설정인가..?",
    "date": "15.07.26",
    "rating": "10",
    "author": "heod****",
    "review_id": "10144066",
    "movie_id": "10183"
  },
  {
    "review": "전설이죠~암요~이런 액션 다시는 못볼꺼다!!!",
    "date": "15.07.26",
    "rating": "10",
    "author": "hans****",
    "review_id": "10144039",
    "movie_id": "10183"
  },
  {
    "review": "이소룡 팬이라면,무조건 좋을 따름....",
    "date": "15.07.26",
    "rating": "10",
    "author": "lywb****",
    "review_id": "10143873",
    "movie_id": "10183"
  },
  {
    "review": "어릴적 나의 우상 존경합니다. 소룡형님 ㅠㅠ",
    "date": "15.07.26",
    "rating": "10",
    "author": "cand****",
    "review_id": "10143852",
    "movie_id": "10183"
  },
  {
    "review": "코믹함도좋은 감독작이네요",
    "date": "15.07.05",
    "rating": "10",
    "author": "hyt3****",
    "review_id": "10073519",
    "movie_id": "10183"
  },
  {
    "review": "아버지가 어릴 적에 보여주신 이소룡 영화. 정말 다 하나같이 재밌고 이소룡씨의 감탄이 절로 나는 무술 실력에 끈임없는 박수를 보내고 싶다. 살아계셨다면 얼마나 좋을까",
    "date": "15.06.22",
    "rating": "10",
    "author": "yesl****",
    "review_id": "10020500",
    "movie_id": "10183"
  },
  {
    "review": "나 이소룡머리 했어요 아뵤~~~!!",
    "date": "15.06.20",
    "rating": "10",
    "author": "cosm****",
    "review_id": "10015386",
    "movie_id": "10183"
  },
  {
    "review": "이소룡 영화중 오락성 최고",
    "date": "15.05.18",
    "rating": "9",
    "author": "lc38****",
    "review_id": "9928251",
    "movie_id": "10183"
  },
  {
    "review": "이소룡의 영화 중 최고의 명작이다",
    "date": "15.04.02",
    "rating": "10",
    "author": "voca****",
    "review_id": "9822210",
    "movie_id": "10183"
  },
  {
    "review": "무슨 말이 필요하리요?",
    "date": "15.03.21",
    "rating": "10",
    "author": "neve****",
    "review_id": "9796042",
    "movie_id": "10183"
  },
  {
    "review": "그때나 지금이나 이 정도로 우아한 액션씬을 연출하는 배우는 이소룡외에는 없었다.",
    "date": "15.03.14",
    "rating": "9",
    "author": "hack****",
    "review_id": "9781629",
    "movie_id": "10183"
  },
  {
    "review": "굿이옰시다 잘만듬~~~!",
    "date": "15.03.11",
    "rating": "9",
    "author": "xx41****",
    "review_id": "9772957",
    "movie_id": "10183"
  },
  {
    "review": "좋았다 이영화는 내게는 추억이다.",
    "date": "15.03.08",
    "rating": "10",
    "author": "ukal****",
    "review_id": "9767192",
    "movie_id": "10183"
  },
  {
    "review": "레전드 이소룡!!!! 근데 젊었을때 묘가수는 은근 소시 윤아랑 비슷하네ㅋ",
    "date": "15.03.02",
    "rating": "10",
    "author": "youn****",
    "review_id": "9753206",
    "movie_id": "10183"
  },
  {
    "review": "이소룡의 최고작...대단한 엔터테이너의 이소룡을 만날수있는 명작..",
    "date": "15.02.25",
    "rating": "10",
    "author": "kara****",
    "review_id": "9736458",
    "movie_id": "10183"
  },
  {
    "review": "내가 존경하는 단한명의 무술인  그이름   이  소  룡.   보이는가  상상을 초월하는 저엄청난  스피드와 파워를. 단순히 빠른게 아니라 정말 맞으면 박살날것 같따.",
    "date": "15.02.21",
    "rating": "10",
    "author": "dlsl****",
    "review_id": "9724506",
    "movie_id": "10183"
  },
  {
    "review": "서양인 배우들 싸우는거 너무 웃김ㅋㅋㅋ",
    "date": "15.02.07",
    "rating": "9",
    "author": "minu****",
    "review_id": "9675077",
    "movie_id": "10183"
  },
  {
    "review": "이소룡영화가 재개봉할때 놓쳐버린 내자신이원망스럽다.앞으로 내인생에 영화관에서 이소룡을 보는날이 오긴올까? 이소룡이 이세상에 없다는게 믿기지않는다. 마지막 걸어가는 장면에서 참 먹먹했다. 마치 그가 살아있는것으로 느껴져서..이소룡은 영원한 내우상이다.",
    "date": "15.01.18",
    "rating": "10",
    "author": "ally****",
    "review_id": "9607938",
    "movie_id": "10183"
  },
  {
    "review": "서른세 살 이소룡이 연출,주연,각본,무술지도를 총괄했다.용맹한 용이 강을 건너다_로마식당으로 떠난 이소룡(당룡)간결하며 빠르고 강력한 그의 무술을 처음 눈으로 접했다!식당을 괴롭히는 악당들과 척 노리스까지 멋지게 아뵤오~여주인공 묘가수에 반했다^-^b",
    "date": "14.12.20",
    "rating": "10",
    "author": "beat****",
    "review_id": "9492999",
    "movie_id": "10183"
  },
  {
    "review": "척노리스와의 콜로세움 결투는  이소룡표 절권도가 가장 잘 드러난 명장면이리라.  훨씬 길었더라면, 다양한 각도에서 더 많은 동작을 보여주었더라면 얼마나 좋았을까, 넘 아쉽다.  살아있었으면 9점 줬을텐데, 사후라 10점 준다.",
    "date": "14.12.11",
    "rating": "10",
    "author": "mggw****",
    "review_id": "9466187",
    "movie_id": "10183"
  },
  {
    "review": "말이필요없다 발차기보면번개이아주그냥 빤스젖음 저시대에 저런시원한액션이란 역시최고이시다",
    "date": "14.12.06",
    "rating": "10",
    "author": "yama****",
    "review_id": "9451935",
    "movie_id": "10183"
  },
  {
    "review": "정말 살아만 계셨다면 얼마나 좋을까.. 그의영화를 더볼수없다는게 한없이 아쉬울따름",
    "date": "14.11.26",
    "rating": "10",
    "author": "biuh****",
    "review_id": "9424099",
    "movie_id": "10183"
  },
  {
    "review": "재미없다는 분들은 요즘나오는 선정적이고화려한 CG떡칠영화 기대하셨냐",
    "date": "14.09.10",
    "rating": "10",
    "author": "sted****",
    "review_id": "9199001",
    "movie_id": "10183"
  },
  {
    "review": "액션이외에 곳곳에 숨겨진 마이너한 전형적  개그요소들이 웃음을 만든다",
    "date": "14.09.09",
    "rating": "8",
    "author": "eleg****",
    "review_id": "9192613",
    "movie_id": "10183"
  },
  {
    "review": "수레기 한국영화보다가 눈정화했다!!!",
    "date": "14.09.09",
    "rating": "10",
    "author": "ske4****",
    "review_id": "9191071",
    "movie_id": "10183"
  },
  {
    "review": "갓소룡이다 갓소룡!!!",
    "date": "14.09.09",
    "rating": "9",
    "author": "sjzm****",
    "review_id": "9190236",
    "movie_id": "10183"
  },
  {
    "review": "이거 그냥 다운 받아서 볼수 잇는대 ㅋ",
    "date": "14.09.09",
    "rating": "10",
    "author": "lone****",
    "review_id": "9189341",
    "movie_id": "10183"
  },
  {
    "review": "글세그냥그래요 재미는 없어요",
    "date": "14.09.09",
    "rating": "1",
    "author": "mdhy****",
    "review_id": "9189286",
    "movie_id": "10183"
  },
  {
    "review": "이소룡 멋있긴 한데 악당들이 너무 약한데? ㅋㅋ",
    "date": "14.09.09",
    "rating": "10",
    "author": "sent****",
    "review_id": "9188967",
    "movie_id": "10183"
  },
  {
    "review": "여배우  묘가수  존나 이쁘네 대박  저시절에 대단하다이영화는  다필요없고 묘가수 보는걸로도 십점",
    "date": "14.09.09",
    "rating": "10",
    "author": "s1uk****",
    "review_id": "9188928",
    "movie_id": "10183"
  },
  {
    "review": "중국 액션영화의 최고봉",
    "date": "14.09.09",
    "rating": "10",
    "author": "anth****",
    "review_id": "9187682",
    "movie_id": "10183"
  },
  {
    "review": "20세기 무술계의 영원한 별. 이소룡의 영화",
    "date": "14.09.06",
    "rating": "10",
    "author": "koga****",
    "review_id": "9176222",
    "movie_id": "10183"
  },
  {
    "review": "가라떼가 약하다는것을 알았다 ㅋㅋ",
    "date": "14.08.23",
    "rating": "10",
    "author": "tjsr****",
    "review_id": "9125889",
    "movie_id": "10183"
  },
  {
    "review": "이거 1점준 애들은뭐냐;; 대가리없냐;; 이런대작이 1점을 받을수잇다는건 말이안된다 진짜 이소룡 근육부터가 ㄷㄷ.. 저정도근육은 내가 헬스장 2년을 다녀도 못만들듯 ㅋㅋ",
    "date": "14.08.01",
    "rating": "10",
    "author": "dudq****",
    "review_id": "9003789",
    "movie_id": "10183"
  },
  {
    "review": "역시 이소룡이다.  영화가 5개 밖에 없어서 아쉬울 뿐이다.",
    "date": "14.07.23",
    "rating": "10",
    "author": "miha****",
    "review_id": "8943860",
    "movie_id": "10183"
  },
  {
    "review": "이소룡 행님의 쌍절곤과 액션이 쩌시네 ㅎㅎ액션에 레전드이시제 졸라 재미있다",
    "date": "14.07.20",
    "rating": "10",
    "author": "yyho****",
    "review_id": "8934686",
    "movie_id": "10183"
  },
  {
    "review": "이소룡이 절권도에서 추구하는 무술과 철학이 가장 완벽하고 가장 적절하게 녹아있는 영화 이소룡이 감독을 했기 때문에 가능하지 않았나 싶다",
    "date": "14.07.15",
    "rating": "10",
    "author": "swhn****",
    "review_id": "8918149",
    "movie_id": "10183"
  },
  {
    "review": "척 노리스를 구타하는 이소룡 형..",
    "date": "14.07.11",
    "rating": "7",
    "author": "pont****",
    "review_id": "8903349",
    "movie_id": "10183"
  },
  {
    "review": "이소룡감독 주연으로만으로도 10점",
    "date": "14.07.01",
    "rating": "10",
    "author": "kss_****",
    "review_id": "8872850",
    "movie_id": "10183"
  },
  {
    "review": "내가 태어나기 전날에 나왔지만. 아빠때문에본영화^^나도. 영화배우중에 이소룡은 모르면안될정도로 나도 이소룡팬이다^^   그가 죽어도 그의영화와 이름은 대대손손 영원히 기억할거다^^   전설의 아뵤~~~~!!^",
    "date": "14.05.12",
    "rating": "10",
    "author": "wwdy****",
    "review_id": "8726799",
    "movie_id": "10183"
  },
  {
    "review": "전설의 영화 전설의 영혼...",
    "date": "14.05.04",
    "rating": "10",
    "author": "sira****",
    "review_id": "8702445",
    "movie_id": "10183"
  },
  {
    "review": "이소룡 영화 중에 맹룡과강을 가장 재미있게 봤던 거 같네요 ㅎ 이상한 외국여자분 노출씬만 없었어도 더 몰입하며 보는 건데 ㅠ 하지만 전 이소룡 그 자체만으로도 만족합니다!",
    "date": "14.05.02",
    "rating": "10",
    "author": "ghdd****",
    "review_id": "8691325",
    "movie_id": "10183"
  },
  {
    "review": "정무문이 낳냐 맹룡과강이 낳냐 아무튼 액션은 이소룡이 낳았다",
    "date": "14.04.05",
    "rating": "10",
    "author": "ytse****",
    "review_id": "8628878",
    "movie_id": "10183"
  },
  {
    "review": "척노리스는 가라데 6연속 챔피온, 그 실제스승이 브루스리",
    "date": "14.03.11",
    "rating": "10",
    "author": "this****",
    "review_id": "8568253",
    "movie_id": "10183"
  },
  {
    "review": "이거 다시봐도 짱~~.~.1972년작이지만 스토리.전개.무술등등 최고임... 인상깊었던건 고양이가 신호보낼때..ㅋ",
    "date": "14.02.11",
    "rating": "10",
    "author": "virg****",
    "review_id": "8497270",
    "movie_id": "10183"
  },
  {
    "review": "말이 필요합니까? 이소룡 최고의 쌍절곤 액션, 또 다른 전설 척 노리스와의 한판대결.  이소룡 형님 영화는 옛날에 다 마스터했다",
    "date": "14.01.12",
    "rating": "9",
    "author": "gall****",
    "review_id": "8372339",
    "movie_id": "10183"
  },
  {
    "review": "꼭 보셈 두번보셈 후회안함",
    "date": "14.01.11",
    "rating": "10",
    "author": "224a****",
    "review_id": "8369572",
    "movie_id": "10183"
  },
  {
    "review": "용쟁호투 정무문에 이은 명작!",
    "date": "14.01.02",
    "rating": "10",
    "author": "smc8****",
    "review_id": "8339353",
    "movie_id": "10183"
  },
  {
    "review": "전설이여 영원하라!!",
    "date": "13.12.20",
    "rating": "10",
    "author": "rrra****",
    "review_id": "8250097",
    "movie_id": "10183"
  },
  {
    "review": "영원한 신화 브루스 리!",
    "date": "13.12.19",
    "rating": "10",
    "author": "bruc****",
    "review_id": "8240932",
    "movie_id": "10183"
  },
  {
    "review": "cg로 아무리 떡칠해도 저런액션은 엄청난 노력과 훈련없이는 흉내도 낼수가 없다 일단 몸부터 헬스장에서 아무리 만들어도 클라스가 다름",
    "date": "13.12.16",
    "rating": "10",
    "author": "3333****",
    "review_id": "8218890",
    "movie_id": "10183"
  },
  {
    "review": "영화는 자고로 극장에서 빅스크린과 빵빵한 사운드로 봐야 제맛! 이소룡의 절제있고 박력있는 무술 또한 스크린으로 봐야 제대로 감상이될 것임!",
    "date": "13.12.15",
    "rating": "9",
    "author": "jkim****",
    "review_id": "8216838",
    "movie_id": "10183"
  },
  {
    "review": "희대를 거스른 명작  이소룡의 최고명작",
    "date": "13.12.15",
    "rating": "10",
    "author": "smk6****",
    "review_id": "8216096",
    "movie_id": "10183"
  },
  {
    "review": "전 시대를 통틀 어  최고의무술의 대가이자 최고의 액션 스타 이소룡 정의를위해 악을 응징하는 번개같은 주먹과 시원한 발차기는 감동 ^^",
    "date": "13.12.15",
    "rating": "10",
    "author": "song****",
    "review_id": "8216007",
    "movie_id": "10183"
  },
  {
    "review": "이소룡의 명작중 하나전율이 돋는다",
    "date": "13.12.14",
    "rating": "10",
    "author": "yjl1****",
    "review_id": "8214086",
    "movie_id": "10183"
  },
  {
    "review": "이 영화는 그냥 짱 진짜 재밌네요 ㅎ",
    "date": "13.12.14",
    "rating": "10",
    "author": "dkfc****",
    "review_id": "8213161",
    "movie_id": "10183"
  },
  {
    "review": "아이영화또보니깐재미없네ㅋ확실",
    "date": "13.12.13",
    "rating": "1",
    "author": "zzoo****",
    "review_id": "8211776",
    "movie_id": "10183"
  },
  {
    "review": "개봉하는거냐 마는거냐!!",
    "date": "13.12.12",
    "rating": "10",
    "author": "myeo****",
    "review_id": "8209916",
    "movie_id": "10183"
  },
  {
    "review": "도대체 보려면 어떤극장으로 가야 하는거요?",
    "date": "13.12.12",
    "rating": "9",
    "author": "yi44****",
    "review_id": "8208802",
    "movie_id": "10183"
  },
  {
    "review": "이걸 뭐 개봉하고 그러지? 어쨌든, 영화자체는 최고..운동해본 사람만이 알 수 있는 이소룡의 빠르기와 위대함",
    "date": "13.12.12",
    "rating": "10",
    "author": "omcd****",
    "review_id": "8207929",
    "movie_id": "10183"
  },
  {
    "review": "왜...개봉안하나...예매 없고 두번째이나",
    "date": "13.12.12",
    "rating": "8",
    "author": "jose****",
    "review_id": "8207811",
    "movie_id": "10183"
  },
  {
    "review": "또 연기 된건가요~!?ㅜㅜ 궁금하네요~영원한 우상 브루스리 형님~  홧팅",
    "date": "13.12.12",
    "rating": "10",
    "author": "hope****",
    "review_id": "8207725",
    "movie_id": "10183"
  },
  {
    "review": "영화계의 아이콘이자 우상이였던  그가 너무 그리워졌다",
    "date": "13.12.12",
    "rating": "10",
    "author": "sodi****",
    "review_id": "8207389",
    "movie_id": "10183"
  }
]