[
  {
    "review": "친일파의 후손이 득세하고 있는 지금의 대한민국이 항상 송구스러움을 느껴야 할 안필립 선생님의 주연작",
    "date": "12.10.10",
    "rating": "10",
    "author": "lorr****",
    "review_id": "6779550",
    "movie_id": "10207"
  },
  {
    "review": "헐 4명 ㅋㅋㅋㅋㅋㅋㅋㅋㅋㅋㅋ",
    "date": "10.02.27",
    "rating": "10",
    "author": "wjd3****",
    "review_id": "4322344",
    "movie_id": "10207"
  },
  {
    "review": "3명 밖에 없네.............ㅋㅋㅋㅋㅋㅋㅋㅋ",
    "date": "10.01.13",
    "rating": "10",
    "author": "djy2****",
    "review_id": "4165795",
    "movie_id": "10207"
  },
  {
    "review": "안창호 선생의 아들 안필립이 출연한 영화",
    "date": "10.01.13",
    "rating": "10",
    "author": "kgds****",
    "review_id": "4165785",
    "movie_id": "10207"
  },
  {
    "review": "왜 이게 떠 평점 높은영화 찾앗는데 꼴랑 한명 갓다가 OO",
    "date": "09.07.09",
    "rating": "1",
    "author": "quda****",
    "review_id": "3618920",
    "movie_id": "10207"
  },
  {
    "review": "꿈을 갖고자 하는 이에게 추천하고픈 영화",
    "date": "06.11.16",
    "rating": "10",
    "author": "dolc****",
    "review_id": "1236101",
    "movie_id": "10207"
  }
]