[
  {
    "review": "레이첼 워드가 참 섹시.오락성 충분.",
    "date": "15.03.30",
    "rating": "6",
    "author": "pont****",
    "review_id": "9815964",
    "movie_id": "10209"
  },
  {
    "review": "국내 개봉당시 \"어게인스트\"란 황당한 제목으로 상영되었던 ..필 콜린스의 주제가가 정말 압권",
    "date": "14.09.16",
    "rating": "9",
    "author": "tlsg****",
    "review_id": "9218689",
    "movie_id": "10209"
  },
  {
    "review": "주연배우들의 리즈시절을 볼 수 있는 것 만으로도 만족.",
    "date": "14.09.10",
    "rating": "10",
    "author": "wjrh****",
    "review_id": "9197847",
    "movie_id": "10209"
  },
  {
    "review": "영화 자체보다는 필 콜린스의 주제음악이 더 인상적.",
    "date": "14.09.10",
    "rating": "10",
    "author": "aolm****",
    "review_id": "9197816",
    "movie_id": "10209"
  },
  {
    "review": "제프 브리지스 이리도 섹시할 수가..",
    "date": "11.09.02",
    "rating": "7",
    "author": "come****",
    "review_id": "5702995",
    "movie_id": "10209"
  },
  {
    "review": "제프 연기가 돋보임. 주제곡도 좋고 특히 엔딩신은 26년이 지난 지금 다시봐도 인상적",
    "date": "11.08.03",
    "rating": "8",
    "author": "cs06****",
    "review_id": "5594594",
    "movie_id": "10209"
  },
  {
    "review": "포스터에 낚이지말것...스토리가 어처구니없음..배우들 외모만 수려할뿐..나머진 허접",
    "date": "10.01.18",
    "rating": "4",
    "author": "0323****",
    "review_id": "4184211",
    "movie_id": "10209"
  },
  {
    "review": "뒷힘이 좀 부족,,,",
    "date": "09.09.11",
    "rating": "5",
    "author": "evil****",
    "review_id": "3823247",
    "movie_id": "10209"
  },
  {
    "review": "일종의 발기불능 치료제 같은 영화.나름 재미있는 무난한 소품.",
    "date": "08.10.14",
    "rating": "7",
    "author": "baks****",
    "review_id": "2998938",
    "movie_id": "10209"
  },
  {
    "review": "어렸을때 포스터보고 참... 거시기 했다.",
    "date": "07.08.18",
    "rating": "8",
    "author": "yhsh****",
    "review_id": "1955314",
    "movie_id": "10209"
  },
  {
    "review": "테리가 발 킬머 인줄 알았는데...아니었네..황당해..",
    "date": "07.04.27",
    "rating": "7",
    "author": "daum****",
    "review_id": "1607992",
    "movie_id": "10209"
  },
  {
    "review": "갑작스레 끝나서 이상했던.. 노래만 좋았다",
    "date": "06.10.17",
    "rating": "4",
    "author": "solu****",
    "review_id": "1185912",
    "movie_id": "10209"
  },
  {
    "review": "난나름대로 재미있게 봤읍니다",
    "date": "05.04.03",
    "rating": "10",
    "author": "kimx****",
    "review_id": "252412",
    "movie_id": "10209"
  },
  {
    "review": "지금봐도 무난하게 볼수 있는 ...멕시코의 아름다운 경치가 굿",
    "date": "05.03.03",
    "rating": "6",
    "author": "055k****",
    "review_id": "234496",
    "movie_id": "10209"
  }
]