[
  {
    "review": "갓비아 누님 ㅠㅠ!!!",
    "date": "15.02.13",
    "rating": "10",
    "author": "dkss****",
    "review_id": "9692702",
    "movie_id": "10215"
  },
  {
    "review": "무려 40년전에 만들어진 영화..지금보면 물론 야하고 자극적이지 못하지만 당시에 기준으로 볼때는  충격이고 논란이 될수밖에 없던 성인영화의 고전중에 고전...한번쯤은 볼만한 가치가 있다.",
    "date": "14.11.13",
    "rating": "8",
    "author": "dust****",
    "review_id": "9377111",
    "movie_id": "10215"
  },
  {
    "review": "70년대에는 센세이셔널 했을진 몰라도 지금 보면 초딩도 웃고갈 스토리. 그리고 결정적으로 여주 실비아가 너무 말랐고 이쁘지 않음.",
    "date": "14.09.14",
    "rating": "1",
    "author": "ferd****",
    "review_id": "9214501",
    "movie_id": "10215"
  },
  {
    "review": "무삭제판보는데 벌버로 담배피는 장면이 나와 깜짝놀랬다. 그리고 동성애코드가 들어있는것도 충격...",
    "date": "14.06.25",
    "rating": "8",
    "author": "anc2****",
    "review_id": "8855773",
    "movie_id": "10215"
  },
  {
    "review": "엠마뉴엘니뮤ㅠ...",
    "date": "14.05.21",
    "rating": "6",
    "author": "expr****",
    "review_id": "8752389",
    "movie_id": "10215"
  },
  {
    "review": "후반부 할아버지의 사랑과 에로티시즘에 관한 개똥철학이역겹다.",
    "date": "14.03.11",
    "rating": "6",
    "author": "ykdi****",
    "review_id": "8568316",
    "movie_id": "10215"
  },
  {
    "review": "70년대엔 소문으로 동경할 뿐 주제가만 들었었고,80년대에 그나마 화질 엉망인 비디오 볼 수 있었음. 사회적 폐쇄성 때문에 동성애나 전라 장면만으로도 문화적 충격이었으니, 그보다 훨씬 강도높은 기존 가치들에 대한 일탈과 전복은 눈에 들어올리가 없었지.",
    "date": "13.09.29",
    "rating": "6",
    "author": "acin****",
    "review_id": "8022405",
    "movie_id": "10215"
  },
  {
    "review": "1974년에 이런 영화를..",
    "date": "13.09.22",
    "rating": "6",
    "author": "alem****",
    "review_id": "8009560",
    "movie_id": "10215"
  },
  {
    "review": "뚜렷한 목적 의식을 가지고 있는 영화.",
    "date": "13.06.21",
    "rating": "10",
    "author": "cand****",
    "review_id": "7663621",
    "movie_id": "10215"
  },
  {
    "review": "이제는 더이상 신작을 볼 수 없음에... 당대 최고 섹스심볼.. 실비아 크리스텔님의 명복을 빕니다..",
    "date": "12.11.09",
    "rating": "10",
    "author": "spar****",
    "review_id": "6870240",
    "movie_id": "10215"
  },
  {
    "review": "음... 과거 이 아줌마 출연한 영화들 신세를 지닌 녀석들이 한둘이 아니었지....",
    "date": "12.10.20",
    "rating": "8",
    "author": "hack****",
    "review_id": "6815541",
    "movie_id": "10215"
  },
  {
    "review": "rest in peace",
    "date": "12.10.19",
    "rating": "10",
    "author": "mmma****",
    "review_id": "6813580",
    "movie_id": "10215"
  },
  {
    "review": "삼가 고인의 명복을 빕니다.",
    "date": "12.10.19",
    "rating": "10",
    "author": "frin****",
    "review_id": "6812348",
    "movie_id": "10215"
  },
  {
    "review": "저 세상에서 뵙겠습니다 ㅠ............누님 ㅠ......................ㅠㅠㅠ........",
    "date": "12.10.19",
    "rating": "10",
    "author": "clol****",
    "review_id": "6811992",
    "movie_id": "10215"
  },
  {
    "review": "실비아 누님~!!",
    "date": "12.04.22",
    "rating": "7",
    "author": "tn99****",
    "review_id": "6240361",
    "movie_id": "10215"
  },
  {
    "review": "영화도 영화지만, 어느덧 레전드가 되어버린 실비아 크리스텔이라는 이름~",
    "date": "11.12.04",
    "rating": "8",
    "author": "mygr****",
    "review_id": "5886279",
    "movie_id": "10215"
  },
  {
    "review": "엠마뉴엘은 그냥 저렴한 포르노 느낌 진짜 에로티즘은 좀더 심리적인게 필요하지",
    "date": "11.11.08",
    "rating": "5",
    "author": "foun****",
    "review_id": "5835671",
    "movie_id": "10215"
  },
  {
    "review": "실비아를 제외한 미녀들에 눈길이 가다.",
    "date": "11.10.14",
    "rating": "3",
    "author": "pria****",
    "review_id": "5787767",
    "movie_id": "10215"
  },
  {
    "review": "영화잘바습니다 참으로 좋은영화라구 생각합니다",
    "date": "11.08.31",
    "rating": "4",
    "author": "chon****",
    "review_id": "5700076",
    "movie_id": "10215"
  },
  {
    "review": "결코 무시할수 없는 명작!! 아무기대없이 보면 굿~",
    "date": "11.07.28",
    "rating": "10",
    "author": "ljhv****",
    "review_id": "5575773",
    "movie_id": "10215"
  },
  {
    "review": "무삭제 원판을 봐라.실비아 크리스텔영화들중에서 이견의 여지가 없는 유일한 걸작.",
    "date": "10.11.17",
    "rating": "10",
    "author": "baks****",
    "review_id": "4966454",
    "movie_id": "10215"
  },
  {
    "review": "풋사과 같은 순수한 사랑이야기",
    "date": "10.09.16",
    "rating": "6",
    "author": "evil****",
    "review_id": "4840726",
    "movie_id": "10215"
  },
  {
    "review": "소련체제의 붕괴를 가져온 위대한 영화",
    "date": "10.08.25",
    "rating": "10",
    "author": "dene****",
    "review_id": "4791760",
    "movie_id": "10215"
  },
  {
    "review": "4점",
    "date": "10.07.30",
    "rating": "4",
    "author": "come****",
    "review_id": "4685270",
    "movie_id": "10215"
  },
  {
    "review": "최고...걸작영화란 이런것...보면 볼수록 그 깊이를 이해할 수가 있다.",
    "date": "10.07.09",
    "rating": "10",
    "author": "jeep****",
    "review_id": "4624272",
    "movie_id": "10215"
  },
  {
    "review": "평점 쩌네 뭐 이러냐",
    "date": "10.04.12",
    "rating": "10",
    "author": "make****",
    "review_id": "4428767",
    "movie_id": "10215"
  },
  {
    "review": "처음본 에로영화",
    "date": "10.02.17",
    "rating": "10",
    "author": "zang****",
    "review_id": "4293879",
    "movie_id": "10215"
  },
  {
    "review": "역시 고전은 고전..머릿속 이미지와 달리 상당히 진보적이고 심도있는 작품이었음",
    "date": "09.11.21",
    "rating": "10",
    "author": "quil****",
    "review_id": "3979260",
    "movie_id": "10215"
  },
  {
    "review": "예술의 에로티시즘..",
    "date": "09.05.06",
    "rating": "10",
    "author": "jsy3****",
    "review_id": "3473598",
    "movie_id": "10215"
  },
  {
    "review": "평점이 왜 이래..초딩은 제발 좀..",
    "date": "09.04.29",
    "rating": "10",
    "author": "joyr****",
    "review_id": "3447976",
    "movie_id": "10215"
  },
  {
    "review": "내인생 최악의 쓰레기영화.. 3류 에로물",
    "date": "08.12.12",
    "rating": "1",
    "author": "pola****",
    "review_id": "3108859",
    "movie_id": "10215"
  },
  {
    "review": "한 몇번보면 인정한다 그렇지만 나역시 이런소재는 어렵다",
    "date": "08.06.23",
    "rating": "7",
    "author": "dma9****",
    "review_id": "2715646",
    "movie_id": "10215"
  },
  {
    "review": "시대정신",
    "date": "07.11.26",
    "rating": "10",
    "author": "vaga****",
    "review_id": "2184679",
    "movie_id": "10215"
  },
  {
    "review": "이 영화의 등장인물들은 전부 발정난 개들이냐?",
    "date": "07.09.05",
    "rating": "1",
    "author": "xekt****",
    "review_id": "2001699",
    "movie_id": "10215"
  },
  {
    "review": "음악이 죽이지",
    "date": "07.06.20",
    "rating": "10",
    "author": "osca****",
    "review_id": "1710732",
    "movie_id": "10215"
  },
  {
    "review": "뭐야 이거 할려면 화끈하게 하던지 장난치냐?",
    "date": "07.06.01",
    "rating": "1",
    "author": "diey****",
    "review_id": "1675714",
    "movie_id": "10215"
  },
  {
    "review": "마약중독으로 폐인되어 암환자로 궁핍하게 산다네요",
    "date": "07.01.30",
    "rating": "9",
    "author": "skss****",
    "review_id": "1426649",
    "movie_id": "10215"
  },
  {
    "review": "프랑스영화일본영화는 언제나부족하다 실비아크리스텔이쁘군요",
    "date": "06.12.03",
    "rating": "3",
    "author": "lsbl****",
    "review_id": "1264460",
    "movie_id": "10215"
  },
  {
    "review": "처음 본 에로 영화..",
    "date": "06.07.29",
    "rating": "10",
    "author": "src5****",
    "review_id": "938876",
    "movie_id": "10215"
  },
  {
    "review": "엠마뉴엘 당신을 영원히 잊지 않겠소..",
    "date": "06.02.13",
    "rating": "10",
    "author": "scal****",
    "review_id": "667337",
    "movie_id": "10215"
  },
  {
    "review": "시리즈중 제일 처지는 작품",
    "date": "06.01.09",
    "rating": "6",
    "author": "kws7****",
    "review_id": "573611",
    "movie_id": "10215"
  },
  {
    "review": "난 절대로 이영화를 에로영화로 생각해본적없다",
    "date": "05.06.02",
    "rating": "7",
    "author": "si2p****",
    "review_id": "292199",
    "movie_id": "10215"
  },
  {
    "review": "걍 에로영화일 뿐인데...",
    "date": "05.01.31",
    "rating": "2",
    "author": "055k****",
    "review_id": "201700",
    "movie_id": "10215"
  },
  {
    "review": "어쩔수없는 에로영화..내용 별로 없음",
    "date": "04.09.01",
    "rating": "3",
    "author": "spri****",
    "review_id": "100903",
    "movie_id": "10215"
  },
  {
    "review": "다리꼬고 의자에 앉아있는 포스터 그림이 생각나네..!",
    "date": "04.05.12",
    "rating": "10",
    "author": "arie****",
    "review_id": "42607",
    "movie_id": "10215"
  },
  {
    "review": "심한걸~",
    "date": "04.03.21",
    "rating": "10",
    "author": "paks****",
    "review_id": "30338",
    "movie_id": "10215"
  }
]