[
  {
    "review": "명작 중의 명작. 후대의 디스토피아에 관한 영화들에 많은 영향과 영감을 준 영화",
    "date": "15.03.21",
    "rating": "10",
    "author": "stem****",
    "review_id": "9797070",
    "movie_id": "10232"
  },
  {
    "review": "핵전쟁으로 인한 방상능 오염이 인류를 모두 멸종시키다는 새드엔딩이 상당히 긴 여운을 남긴다.",
    "date": "14.11.11",
    "rating": "7",
    "author": "sinb****",
    "review_id": "9370061",
    "movie_id": "10232"
  },
  {
    "review": "그 시대가 보인 통찰력은 여전히 지금도 유효하다",
    "date": "14.06.07",
    "rating": "10",
    "author": "akaz****",
    "review_id": "8809059",
    "movie_id": "10232"
  },
  {
    "review": "우리에게도 아직 시간은 있다.",
    "date": "14.05.11",
    "rating": "8",
    "author": "ksyi****",
    "review_id": "8723657",
    "movie_id": "10232"
  },
  {
    "review": "예언자적인 영화.",
    "date": "13.05.30",
    "rating": "9",
    "author": "lion****",
    "review_id": "7563417",
    "movie_id": "10232"
  },
  {
    "review": "잔잔한 재난 영화.",
    "date": "11.03.25",
    "rating": "8",
    "author": "pree****",
    "review_id": "5333965",
    "movie_id": "10232"
  },
  {
    "review": "영화의 엔딩이 잊혀지지 않는 작품",
    "date": "11.01.27",
    "rating": "8",
    "author": "nala****",
    "review_id": "5187442",
    "movie_id": "10232"
  },
  {
    "review": "재난 영화는 이렇게 찍는거다.",
    "date": "10.05.03",
    "rating": "10",
    "author": "yjmm****",
    "review_id": "4476180",
    "movie_id": "10232"
  },
  {
    "review": "펙과 가드너의 중량감있는 연기가 일품이고 세기말적 비장감도 리메이크작보다 낫다",
    "date": "10.03.29",
    "rating": "10",
    "author": "jnlu****",
    "review_id": "4397259",
    "movie_id": "10232"
  },
  {
    "review": "정말 대단한 영화군요",
    "date": "10.03.20",
    "rating": "10",
    "author": "rjsj****",
    "review_id": "4369414",
    "movie_id": "10232"
  },
  {
    "review": "주제의 효용성은 있으나 각본이 심하게 엉성하고 왜곡됐다.",
    "date": "10.03.13",
    "rating": "3",
    "author": "pria****",
    "review_id": "4354298",
    "movie_id": "10232"
  },
  {
    "review": "전쟁이후의 상황을잘표현했네요.. 특히 방사능방지복입고 도시가는대 거기에서시체가.",
    "date": "10.02.01",
    "rating": "10",
    "author": "sara****",
    "review_id": "4230661",
    "movie_id": "10232"
  },
  {
    "review": "전쟁의 결과를 잘 표현 했네요.. 많은 전쟁 옹호자들이 이걸 봤으면 좋겠습니다.",
    "date": "10.01.08",
    "rating": "10",
    "author": "mini****",
    "review_id": "4149008",
    "movie_id": "10232"
  },
  {
    "review": "i can't understand the point.",
    "date": "10.01.06",
    "rating": "1",
    "author": "fili****",
    "review_id": "4140836",
    "movie_id": "10232"
  },
  {
    "review": "오랜만에 가슴 한쪽 구석에 뭔가가 와닿는 좋은 영화 한편 본거 같습니다.",
    "date": "09.12.24",
    "rating": "10",
    "author": "silv****",
    "review_id": "4075974",
    "movie_id": "10232"
  },
  {
    "review": "정말 감동적이네요..  정말정말.. 감동적이고 슬픈 영하네요..",
    "date": "09.12.11",
    "rating": "10",
    "author": "gur7****",
    "review_id": "4035536",
    "movie_id": "10232"
  },
  {
    "review": "그저 씁쓸할뿐.. 최고의 영화",
    "date": "09.11.20",
    "rating": "10",
    "author": "hyun****",
    "review_id": "3977042",
    "movie_id": "10232"
  },
  {
    "review": "해피엔딩이 아니라 아쉬웠습니다.... 정말...",
    "date": "09.11.13",
    "rating": "10",
    "author": "rudv****",
    "review_id": "3959571",
    "movie_id": "10232"
  },
  {
    "review": "그 어떤 단어가 어울릴까요. 모든것을 놓아버린다는것을..",
    "date": "09.11.11",
    "rating": "10",
    "author": "soul****",
    "review_id": "3951778",
    "movie_id": "10232"
  },
  {
    "review": "이영화를 지금에서 보다니... 정말 저에겐 최고의 영화였습니다.",
    "date": "09.10.30",
    "rating": "10",
    "author": "book****",
    "review_id": "3924235",
    "movie_id": "10232"
  },
  {
    "review": "정말 감동적인 영화 강추합니다.",
    "date": "09.10.05",
    "rating": "10",
    "author": "bung****",
    "review_id": "3874762",
    "movie_id": "10232"
  },
  {
    "review": "미래의 격을지도모를 영화자체는 좀 지루했지만 핵전쟁은 일어나지 말아야한다는...",
    "date": "09.09.14",
    "rating": "10",
    "author": "kwon****",
    "review_id": "3829575",
    "movie_id": "10232"
  },
  {
    "review": "그날이 곧 올것같네요..너무 슬퍼요..죽음을기다리는슬픔..가족을잃는슬픔..두렵네요",
    "date": "09.08.08",
    "rating": "10",
    "author": "xorn****",
    "review_id": "3723720",
    "movie_id": "10232"
  },
  {
    "review": "현실에 일어날 만한 일이다",
    "date": "09.05.28",
    "rating": "8",
    "author": "alst****",
    "review_id": "3527140",
    "movie_id": "10232"
  },
  {
    "review": "우리의 여러가지 미래중 하나를 암시하며 자각을 요구하고있다",
    "date": "09.05.03",
    "rating": "10",
    "author": "rlar****",
    "review_id": "3460725",
    "movie_id": "10232"
  },
  {
    "review": "지금까지 느끼지 못했던 전율을 느끼게 하는... 그 어떤 공포,코믹 비교할 수 없는...",
    "date": "09.03.27",
    "rating": "10",
    "author": "netb****",
    "review_id": "3390780",
    "movie_id": "10232"
  },
  {
    "review": "영화가 끝난 후에도 계속되는 깊은 여운",
    "date": "09.02.22",
    "rating": "10",
    "author": "dddd****",
    "review_id": "3323083",
    "movie_id": "10232"
  },
  {
    "review": "인간의 언어에 있어서 누구에게도 득을 주지않은 가장 불행한 명사. 전 쟁",
    "date": "09.01.27",
    "rating": "9",
    "author": "jwmn****",
    "review_id": "3253684",
    "movie_id": "10232"
  },
  {
    "review": "너무 오래된 영화",
    "date": "08.04.13",
    "rating": "5",
    "author": "drd1****",
    "review_id": "2579527",
    "movie_id": "10232"
  }
]