[
  {
    "review": "봐도봐도 전율이 흐르는 최고의 영화임",
    "date": "15.05.29",
    "rating": "10",
    "author": "ruby****",
    "review_id": "9959912",
    "movie_id": "10242"
  },
  {
    "review": "정말 좋아했다 패트릭스웨이즈   그가 이세상에 없어서 슬프다   10번 넘게봤던 영화다   그가 다시 보고싶다",
    "date": "15.05.10",
    "rating": "10",
    "author": "soho****",
    "review_id": "9907639",
    "movie_id": "10242"
  },
  {
    "review": "아름다운 영상. 아름다운 음악,아름다운 춤, 아름다운 배우들 , 아름다운 추억 , 내 아름다웠던 청춘...  내 청춘 처럼 지금은 잊혀진 영화지만.  내 청춘처럼 너무나도 아름다운 영화 .",
    "date": "15.02.25",
    "rating": "10",
    "author": "tacs****",
    "review_id": "9736019",
    "movie_id": "10242"
  },
  {
    "review": "20년도 더 지난 지금에도 다시 느끼고 싶은 아련함이 진하게 밀려오는 영화...뭔지모를 이 뜨거움을 춤으로 토해내고 싶다.그 옛날 아름다웠던 내 청춘이여 ~",
    "date": "15.02.08",
    "rating": "10",
    "author": "777s****",
    "review_id": "9679318",
    "movie_id": "10242"
  },
  {
    "review": "내생에최고의영화 벌써사십중반인나에게아직도십대때설레임과가슴벅찬환희를안겨준영화 그당시8~9번을봤는데도또보구픈영화 ost도짱",
    "date": "15.01.19",
    "rating": "10",
    "author": "kyr7****",
    "review_id": "9612828",
    "movie_id": "10242"
  },
  {
    "review": "세상을 살면서 보는 영화중에 가슴을 설레게 하는 영화가 몇개나 있을까?  스토리 음악 완벽 자체이다.",
    "date": "14.12.12",
    "rating": "10",
    "author": "yesu****",
    "review_id": "9468760",
    "movie_id": "10242"
  },
  {
    "review": "위기 절정 결말 라인이 너무 급하게 전개된다",
    "date": "14.11.17",
    "rating": "1",
    "author": "mara****",
    "review_id": "9396538",
    "movie_id": "10242"
  },
  {
    "review": "패트릭 스웨이즈가 이렇게 춤도 잘 추는지 몰랐네...",
    "date": "14.09.06",
    "rating": "8",
    "author": "katy****",
    "review_id": "9176042",
    "movie_id": "10242"
  },
  {
    "review": "내가 제일 좋아했던 배우 패트릭 스웨이지. 그를 추모하며",
    "date": "14.08.25",
    "rating": "10",
    "author": "ugly****",
    "review_id": "9132447",
    "movie_id": "10242"
  },
  {
    "review": "난생 태어나서 처음써보는 평점그냥 다른 사람들도 벅찬마음을 느꼈으면 하는 바램에 .. 강추...",
    "date": "14.07.26",
    "rating": "10",
    "author": "utut****",
    "review_id": "8964655",
    "movie_id": "10242"
  },
  {
    "review": "예전 영화라 그런지 완죤 재미없는디...",
    "date": "14.07.26",
    "rating": "2",
    "author": "dbzh****",
    "review_id": "8963966",
    "movie_id": "10242"
  },
  {
    "review": "묘하게 섹시하고 로맨틱한 영화. 요즘 같은 날 보면 좋을듯!",
    "date": "14.07.22",
    "rating": "10",
    "author": "jere****",
    "review_id": "8940036",
    "movie_id": "10242"
  },
  {
    "review": "다시 봐도 또 보고싶은  영화ㅠ 오에스티  지금도 듣고 있을 정도로 최고의 영화였고 패트릭 스웨이즈가  보고 싶다",
    "date": "14.07.20",
    "rating": "10",
    "author": "kyus****",
    "review_id": "8932864",
    "movie_id": "10242"
  },
  {
    "review": "고등학교때 영화관에서 본영화그땐 이영화와 ost에 푹 빠져있었다. 지금도 다시보고싶은영화1순위40대 아줌마 가슴을  설레이고 뛰게 만드는최고의영화",
    "date": "14.07.16",
    "rating": "10",
    "author": "coff****",
    "review_id": "8922225",
    "movie_id": "10242"
  },
  {
    "review": "봐도봐도 또 보고싶어지는 영화.. 패트릭스웨이지가 보고싶네요",
    "date": "14.07.14",
    "rating": "10",
    "author": "celi****",
    "review_id": "8916800",
    "movie_id": "10242"
  },
  {
    "review": "파파걸's 댄스 투정기",
    "date": "14.05.20",
    "rating": "2",
    "author": "expr****",
    "review_id": "8750434",
    "movie_id": "10242"
  },
  {
    "review": "지금도 ost 즐겨듣고있어요. 영화속 장면들도 생생히 떠오르고... 패트릭스웨이즈 너무 그립네요..",
    "date": "14.05.20",
    "rating": "10",
    "author": "wele****",
    "review_id": "8749391",
    "movie_id": "10242"
  },
  {
    "review": "내 생에서 최고라고 말 할 수있는 영화 내 나이 40되면서도 아직 처음 보았을 때(중학생 때)의 느낌이 살아 있는 그 영화... 배우 스토리 음악 전부 눈물나게 만드는 그런 영화... 내 삶에서 더 이상의 영화는 없을 듯 하다...",
    "date": "14.04.05",
    "rating": "10",
    "author": "qp76****",
    "review_id": "8628784",
    "movie_id": "10242"
  },
  {
    "review": "뭐라표현을 해야 좋을지 모를정도로 난 이영화를 사랑한다",
    "date": "14.03.31",
    "rating": "10",
    "author": "whia****",
    "review_id": "8619424",
    "movie_id": "10242"
  },
  {
    "review": "카메라 플래쉬 세례를 받은 최초의 영화 아님?",
    "date": "14.03.19",
    "rating": "10",
    "author": "bbgg****",
    "review_id": "8587628",
    "movie_id": "10242"
  },
  {
    "review": "이름만 실컷 듣다가 드디어 봤는데 뭐 생각보다 더럽지는 않네요? ㅎㅎ사람 춤바람나게 만드는 영화네요. 내일쯤 댄스학원 등록하러 갈....지도?",
    "date": "14.03.04",
    "rating": "8",
    "author": "undo****",
    "review_id": "8555822",
    "movie_id": "10242"
  },
  {
    "review": "이렇게 춤의 매료되긴 첨이네. 옛날영화 치고 생각보다 세련되고 춤배우고 싶단생각과 신나고 정겨워 ost 도 한몫 더함.",
    "date": "14.02.25",
    "rating": "9",
    "author": "okre****",
    "review_id": "8535989",
    "movie_id": "10242"
  },
  {
    "review": "다시 봐도 멋진 영화~ 패트릭 스웨이지의 진면목을 느낄 수 있는 명작~",
    "date": "14.02.24",
    "rating": "10",
    "author": "asur****",
    "review_id": "8533063",
    "movie_id": "10242"
  },
  {
    "review": "지금은 노대통령 곁으로 가신 패트릭 스웨이즈. 지금 다시 보니 멋있다. 정말로 오금이 지릴 정도로.",
    "date": "14.02.22",
    "rating": "10",
    "author": "ferg****",
    "review_id": "8528397",
    "movie_id": "10242"
  },
  {
    "review": "이야기의 개연성이 부족하고, 캐릭터들의 특성이 과한면들이 있다. 그리고 둘의 관계가 위태해보였지만 이 영화는 지금까지 유명한 ost와 더불어 분위기가 흥이 나고 춤에대한 매력을 느낄 수 있는 영화다",
    "date": "14.02.15",
    "rating": "9",
    "author": "seul****",
    "review_id": "8508622",
    "movie_id": "10242"
  },
  {
    "review": "OST와 영상이 너무나도 잘 어울리는 영화",
    "date": "14.02.08",
    "rating": "10",
    "author": "tjsq****",
    "review_id": "8488920",
    "movie_id": "10242"
  },
  {
    "review": "다시 보고 싶은 영화 중 하나에요 너무너무 멋있고 춤도 좋고 보고 있음 기분이 좋아지네요 ㅋㅋ 다시 보고 싶은 영화 베스트 3위는 될듯 개인적인거지만 ㅋ",
    "date": "14.02.08",
    "rating": "10",
    "author": "rilr****",
    "review_id": "8488198",
    "movie_id": "10242"
  },
  {
    "review": "최고의 영화 패트릭 스웨이지가 그립네요",
    "date": "14.02.08",
    "rating": "10",
    "author": "lamm****",
    "review_id": "8487262",
    "movie_id": "10242"
  },
  {
    "review": "OST 는 26년이 흘러도 최고다. 마지막 엔딩 자막 올라갈 때 Merry Clayton - Yes 까지 너무 근사한 영화다.",
    "date": "13.09.07",
    "rating": "10",
    "author": "deck****",
    "review_id": "7954405",
    "movie_id": "10242"
  },
  {
    "review": "댄스영화라면 모름지기 이렇게 춤에 집중해야지.",
    "date": "13.08.23",
    "rating": "6",
    "author": "oris****",
    "review_id": "7914303",
    "movie_id": "10242"
  },
  {
    "review": "대학시절 당시로서는 화제작. 한 세대가 지난 요즘 10대와 20대도 이 영화에 열광할 수 있을까. 주인공도, 춤도, 스토리도 더 이상 매력이 없는듯 하니. 청춘영화 쟝르는 아니지만, 춤이란 소재에선 동일한 '블랙스완'의 완성도와 비교될 수 없다..",
    "date": "13.08.17",
    "rating": "5",
    "author": "acin****",
    "review_id": "7894864",
    "movie_id": "10242"
  },
  {
    "review": "20년이 지난 지금 봐도 너무 세련되고 아름다운 영화다. 처음에는 웬 근육맨인가 싶지만 영화 끝무렵에는 쟈니를 바라보는 베이비에 빙의되어 있는 나를 발견하게 되었다^^여름의 색채와 츰의 아름다움이 잘 조화 되어 있는 멋진.영화",
    "date": "13.07.10",
    "rating": "10",
    "author": "dkwj****",
    "review_id": "7721706",
    "movie_id": "10242"
  },
  {
    "review": "춤, 배우, 음악, 감정이 하나가 된 영화. 춤에 매료됐다..",
    "date": "13.05.19",
    "rating": "8",
    "author": "from****",
    "review_id": "7543071",
    "movie_id": "10242"
  },
  {
    "review": "진부",
    "date": "13.05.05",
    "rating": "3",
    "author": "jjcv****",
    "review_id": "7508919",
    "movie_id": "10242"
  },
  {
    "review": "여름밤의 느낌을 이토록 잘 담은 영화가 또 있었나 싶다...",
    "date": "13.04.21",
    "rating": "8",
    "author": "glty****",
    "review_id": "7473859",
    "movie_id": "10242"
  },
  {
    "review": "주옥같은 노래, 배우들, 춤, 시대적 상황, 잘 짜여진 스토리 속에 녹아드는 음악과 춤. 몰입력이 큰 영화야말로 잘 만든 영화.",
    "date": "13.03.26",
    "rating": "10",
    "author": "sile****",
    "review_id": "7413660",
    "movie_id": "10242"
  },
  {
    "review": "꽉 짜여진 영화!!",
    "date": "13.03.02",
    "rating": "10",
    "author": "anti****",
    "review_id": "7319141",
    "movie_id": "10242"
  },
  {
    "review": "ost와 배우들의 춤사위는 완벽 그 자체였다. 시간이 흘러도 두 주연의 춤과 타이틀곡이 얼마나 대단한지를 보여주는 최고의 영화!",
    "date": "13.03.01",
    "rating": "10",
    "author": "soni****",
    "review_id": "7314893",
    "movie_id": "10242"
  },
  {
    "review": "최고의 영화?많은 것을 생각하게 하는 영화?춤과 소통되고 하나되어 가고?힘이 되어 주는 사람과의 스토리?멋지다?딱 20년이 되었네?이 영화를 처음 본 지가?",
    "date": "13.02.13",
    "rating": "10",
    "author": "kk51****",
    "review_id": "7259200",
    "movie_id": "10242"
  },
  {
    "review": "거짓말 안 보태고 수백번도 더 봤던 영화어제 또 봤다ㅠㅠ쟈니를 못본다는게 슬프다이런영화 좀 많이 나왔음 음악과 춤이 어우러 진 영화중에서 유치하지 않은 영화~! 최고다",
    "date": "13.02.11",
    "rating": "10",
    "author": "niko****",
    "review_id": "7250848",
    "movie_id": "10242"
  },
  {
    "review": "수없이 패러디된 리프트 장면은 몇번을 봐도 최고, I`ve had the time of my life~~ 언제들어도 좋네. 재밌게 봤던 영화.",
    "date": "13.01.03",
    "rating": "9",
    "author": "ddal****",
    "review_id": "7077433",
    "movie_id": "10242"
  },
  {
    "review": "유명한 배우, 괜찮은 스토리 흥행에 충분한 요소를 갖추었지만 뭐니뭐니 해도 더티댄싱의 백미는 OST인듯... 25년이 지났지만 다시 보게되는 이유는 흥겨운 춤과 음악 때문이 아닐까...",
    "date": "12.12.27",
    "rating": "10",
    "author": "snur****",
    "review_id": "7052213",
    "movie_id": "10242"
  },
  {
    "review": "New GIrl 에서 쥬이 디샤넬이 보고 우는 영화 이거 맞나요? 슬픈건줄알았는데 슬프진않네... 아님 내가 너무 메마른건가?",
    "date": "12.12.07",
    "rating": "9",
    "author": "ccaa****",
    "review_id": "6981136",
    "movie_id": "10242"
  },
  {
    "review": "88년도 천호동 3류극장에서 봤는데 당시 여고에서 단체관람을 왔었음.마지막 리프트 장면에선 여고생들이 거의 미친 듯이 소리 지르며 기립박수를 보냈었던 기억이 납니다.시끄럽긴 했어도 그녀들 덕분에 감동은 더 됐었던 듯...",
    "date": "12.11.01",
    "rating": "8",
    "author": "youn****",
    "review_id": "6843244",
    "movie_id": "10242"
  },
  {
    "review": "'한 여름 밤의 꿈' 과 같은 이야기. 가끔은 모든 것을 내던지고 그 꿈에 미쳐보는 것도~~",
    "date": "12.10.18",
    "rating": "8",
    "author": "pupp****",
    "review_id": "6809590",
    "movie_id": "10242"
  },
  {
    "review": "지금 보기엔 내용이 좀 아쉬운감은 있지만 옛날영화라는점을 감안해야할듯.댄스나 음악이 정말 좋다",
    "date": "12.09.15",
    "rating": "8",
    "author": "ehwj****",
    "review_id": "6698512",
    "movie_id": "10242"
  },
  {
    "review": "지금은 고인이 되어버린 섹시했던 패트릭스웨이지가 너무 멋지게 나오는 명작",
    "date": "12.08.02",
    "rating": "10",
    "author": "3535****",
    "review_id": "6564934",
    "movie_id": "10242"
  },
  {
    "review": "Very good!",
    "date": "12.07.02",
    "rating": "9",
    "author": "nost****",
    "review_id": "6439971",
    "movie_id": "10242"
  },
  {
    "review": "나의 베스트 5안에 드는 영화.  초등학교때 보고 넘 멋져서 충격받았던..",
    "date": "12.07.01",
    "rating": "10",
    "author": "soa2****",
    "review_id": "6437026",
    "movie_id": "10242"
  },
  {
    "review": "시대를 넘어서 밀려오는 감동",
    "date": "12.06.23",
    "rating": "10",
    "author": "leg4****",
    "review_id": "6411137",
    "movie_id": "10242"
  },
  {
    "review": "좋습니다..",
    "date": "12.06.16",
    "rating": "10",
    "author": "c002****",
    "review_id": "6396541",
    "movie_id": "10242"
  },
  {
    "review": "정지를 거부하는 반어적 댄싱~ 좋다.",
    "date": "12.06.01",
    "rating": "7",
    "author": "izzo****",
    "review_id": "6352949",
    "movie_id": "10242"
  },
  {
    "review": "중간까지는 내가 본 그 어느 영화보다 로맨틱했으나 후반부로 갈수록 지루해짐",
    "date": "12.05.03",
    "rating": "9",
    "author": "chun****",
    "review_id": "6268509",
    "movie_id": "10242"
  },
  {
    "review": "8점.",
    "date": "12.04.15",
    "rating": "8",
    "author": "jjon****",
    "review_id": "6222343",
    "movie_id": "10242"
  },
  {
    "review": "재미있었지만, 후반부에 갈수록 인물들의 관계가 복잡해지면서 뭔가 정리가 덜된느낌",
    "date": "12.04.07",
    "rating": "7",
    "author": "ckcr****",
    "review_id": "6199133",
    "movie_id": "10242"
  },
  {
    "review": "정말 재밌다. 이 영화를 이제야 보다니ㅠ",
    "date": "12.02.19",
    "rating": "10",
    "author": "road****",
    "review_id": "6088950",
    "movie_id": "10242"
  },
  {
    "review": "이정도면 명성 누릴만 하다!",
    "date": "12.02.18",
    "rating": "8",
    "author": "gbik****",
    "review_id": "6084998",
    "movie_id": "10242"
  },
  {
    "review": "이 영화보고 OST 듣고 듣고 듣고.....중고시절의 행복한 추억",
    "date": "12.02.17",
    "rating": "10",
    "author": "seji****",
    "review_id": "6082807",
    "movie_id": "10242"
  },
  {
    "review": "댄스 영화 중 최고",
    "date": "12.02.15",
    "rating": "8",
    "author": "cha1****",
    "review_id": "6076796",
    "movie_id": "10242"
  },
  {
    "review": "중2때 극장 모퉁이에서 봤던 영화 ? 그때의 감동을 추억으로 더듬을 수 밖에 없는 쓸쓸함?",
    "date": "12.02.08",
    "rating": "10",
    "author": "ljyn****",
    "review_id": "6061784",
    "movie_id": "10242"
  },
  {
    "review": "내가 본 뮤지컬 영화중에서 사랑은 비를 타고 다음으로 가장 최고",
    "date": "12.01.20",
    "rating": "10",
    "author": "bnm1****",
    "review_id": "6002672",
    "movie_id": "10242"
  },
  {
    "review": "이영화비디오대여점에서빌려보고카세트테이프샀던기억이.음악이무척좋았음",
    "date": "12.01.02",
    "rating": "10",
    "author": "a109****",
    "review_id": "5955300",
    "movie_id": "10242"
  },
  {
    "review": "러닝타임 동안 댄스의 정열에 빨려 들었다",
    "date": "12.01.02",
    "rating": "8",
    "author": "kimg****",
    "review_id": "5953917",
    "movie_id": "10242"
  },
  {
    "review": "이제 이 영화생각 많이날꺼같다",
    "date": "11.12.12",
    "rating": "9",
    "author": "qkqh****",
    "review_id": "5901177",
    "movie_id": "10242"
  },
  {
    "review": "패트릭스웨이지 짱 ~  봐도봐도 질리지 않는 영화",
    "date": "11.11.16",
    "rating": "10",
    "author": "sjgy****",
    "review_id": "5853109",
    "movie_id": "10242"
  },
  {
    "review": "눈이 즐거워지는 최고의 댄스영화!!ㅎㅎ",
    "date": "11.10.30",
    "rating": "10",
    "author": "akj0****",
    "review_id": "5817577",
    "movie_id": "10242"
  },
  {
    "review": "나에게 있어 최고의 댄스영화~!!!",
    "date": "11.10.26",
    "rating": "10",
    "author": "viol****",
    "review_id": "5810953",
    "movie_id": "10242"
  },
  {
    "review": "지겹게 봤는데도 오랜만에 또보니 또 설레는 영화. 최고!!",
    "date": "11.09.15",
    "rating": "10",
    "author": "sjhh****",
    "review_id": "5733709",
    "movie_id": "10242"
  },
  {
    "review": "좋은영화",
    "date": "11.09.14",
    "rating": "8",
    "author": "erro****",
    "review_id": "5731504",
    "movie_id": "10242"
  },
  {
    "review": "음악과 춤이 너무나 좋은 영화",
    "date": "11.08.29",
    "rating": "8",
    "author": "mais****",
    "review_id": "5696388",
    "movie_id": "10242"
  },
  {
    "review": "재밌게봥ㅆ다",
    "date": "11.08.16",
    "rating": "9",
    "author": "qmam****",
    "review_id": "5657237",
    "movie_id": "10242"
  },
  {
    "review": "영원히 못잊을 엔딩신...개봉관에서만 네 번을 본...내 고딩시절의 모든것",
    "date": "11.08.05",
    "rating": "10",
    "author": "jj00****",
    "review_id": "5605195",
    "movie_id": "10242"
  },
  {
    "review": "괜찮아요. 좋네요ㅋㅋ요즘것보다 훨씬 감성적이고 좋아요",
    "date": "11.07.16",
    "rating": "8",
    "author": "kihi****",
    "review_id": "5548841",
    "movie_id": "10242"
  },
  {
    "review": "플롯은 약하고 전형적인 미국 고전영화 스타일이지만, 볼거리도 많아서 재밌어요!",
    "date": "11.06.23",
    "rating": "9",
    "author": "junh****",
    "review_id": "5494217",
    "movie_id": "10242"
  },
  {
    "review": "열정적인 춤~ 신나는 음악~ Good~ 저도 춤을 출수있다는 용기를 나눠 주세요 옛날처럼",
    "date": "11.06.19",
    "rating": "9",
    "author": "wwwl****",
    "review_id": "5489073",
    "movie_id": "10242"
  },
  {
    "review": "춤은 야햇고, 스토리는 약햇다",
    "date": "11.05.30",
    "rating": "5",
    "author": "sugi****",
    "review_id": "5455753",
    "movie_id": "10242"
  },
  {
    "review": "예전중2때보고 결혼하고나서 서른초반에 다시봤는데도..감동이네여 ㅠㅠ",
    "date": "11.05.27",
    "rating": "10",
    "author": "robo****",
    "review_id": "5450850",
    "movie_id": "10242"
  },
  {
    "review": "왜 이렇게 잼있을까요...?뭐라 말로 표현할 수 없네요 @@ㅋ",
    "date": "11.05.27",
    "rating": "10",
    "author": "bbin****",
    "review_id": "5450454",
    "movie_id": "10242"
  },
  {
    "review": "명불허전...다른 말이 필요없음...",
    "date": "11.04.27",
    "rating": "10",
    "author": "mood****",
    "review_id": "5394462",
    "movie_id": "10242"
  },
  {
    "review": "춤과 음악이 너무 멋지다.!! 최고!",
    "date": "11.03.29",
    "rating": "10",
    "author": "jieu****",
    "review_id": "5342149",
    "movie_id": "10242"
  },
  {
    "review": "볼만은 하다",
    "date": "11.03.27",
    "rating": "7",
    "author": "wlsr****",
    "review_id": "5337810",
    "movie_id": "10242"
  },
  {
    "review": "환상에 영화 감성이 풍부하신분께강추",
    "date": "11.03.10",
    "rating": "10",
    "author": "kamc****",
    "review_id": "5302536",
    "movie_id": "10242"
  },
  {
    "review": "명배유들의열정적인연기,탄탄한스토리,주옥같은음악들..명작임에100%동의함!!",
    "date": "11.01.29",
    "rating": "10",
    "author": "fubu****",
    "review_id": "5192820",
    "movie_id": "10242"
  },
  {
    "review": "요즘꼬아서내놓는영화보다옛날영화라그런지단순하면서도흡입력있는게최고네요",
    "date": "10.12.12",
    "rating": "10",
    "author": "love****",
    "review_id": "5046426",
    "movie_id": "10242"
  },
  {
    "review": "베이비가 그렇게 사랑스러울 수가 없었다^^;",
    "date": "10.11.07",
    "rating": "6",
    "author": "athe****",
    "review_id": "4943307",
    "movie_id": "10242"
  },
  {
    "review": "그야말로 최고 ㅠㅠ",
    "date": "10.10.26",
    "rating": "10",
    "author": "dudd****",
    "review_id": "4922719",
    "movie_id": "10242"
  },
  {
    "review": "아 ㅋㅋㅋㅋㅋㅋㅋㅋ재밌어요^^!",
    "date": "10.10.26",
    "rating": "10",
    "author": "sksk****",
    "review_id": "4922695",
    "movie_id": "10242"
  },
  {
    "review": "더 없이 멋진인생!!",
    "date": "10.09.29",
    "rating": "9",
    "author": "yaky****",
    "review_id": "4875648",
    "movie_id": "10242"
  },
  {
    "review": "울엄마가 젤 좋아하는 영화~ 나도 제일 좋아하게되었다ㅎㅎ",
    "date": "10.08.05",
    "rating": "10",
    "author": "heat****",
    "review_id": "4708702",
    "movie_id": "10242"
  },
  {
    "review": "가장 밝게 빛나던 별.",
    "date": "10.07.11",
    "rating": "8",
    "author": "tori****",
    "review_id": "4628688",
    "movie_id": "10242"
  },
  {
    "review": "00000",
    "date": "10.06.30",
    "rating": "10",
    "author": "qaax****",
    "review_id": "4600303",
    "movie_id": "10242"
  },
  {
    "review": "레전드.지금 세대들이 보면 촌스럽겠지만 짐들어도좋은 헝그리아이등등",
    "date": "10.06.09",
    "rating": "10",
    "author": "coke****",
    "review_id": "4555099",
    "movie_id": "10242"
  },
  {
    "review": "댄스영화계의 최고봉 맞네요.",
    "date": "10.05.01",
    "rating": "9",
    "author": "marc****",
    "review_id": "4470900",
    "movie_id": "10242"
  },
  {
    "review": "80년대 최고의 영화!! 이렇게 여러번 본 영화가 없다.",
    "date": "10.04.22",
    "rating": "10",
    "author": "twot****",
    "review_id": "4448110",
    "movie_id": "10242"
  },
  {
    "review": "참 괜찮은 영화입니다.",
    "date": "10.04.20",
    "rating": "10",
    "author": "mell****",
    "review_id": "4444358",
    "movie_id": "10242"
  },
  {
    "review": "OST만으로도 명작의 반열에 올라선 훌륭한 수작 주옥같은 음악들..그립다...ㅠㅠ",
    "date": "10.04.18",
    "rating": "7",
    "author": "thra****",
    "review_id": "4440869",
    "movie_id": "10242"
  },
  {
    "review": "향수를 불러오는 올드 넘버들과 열정적인 젊음의 댄스!",
    "date": "10.03.17",
    "rating": "8",
    "author": "evil****",
    "review_id": "4363867",
    "movie_id": "10242"
  },
  {
    "review": "넘 재밌어서 여러번 봤던 기억이 나네요 ㅎㅎ",
    "date": "10.02.06",
    "rating": "10",
    "author": "kmys****",
    "review_id": "4252094",
    "movie_id": "10242"
  },
  {
    "review": "댄스 영화 계의 최고봉",
    "date": "10.02.04",
    "rating": "10",
    "author": "stup****",
    "review_id": "4244839",
    "movie_id": "10242"
  },
  {
    "review": "영화적인 요소들은 다 갖쳐진 듯....가볍게 봤는데..오랫동안 설레였던..",
    "date": "10.01.31",
    "rating": "6",
    "author": "altu****",
    "review_id": "4230055",
    "movie_id": "10242"
  }
]