[
  {
    "review": "적어도 9점은 되어야 할 영화!! 왁스온 왁스 오프",
    "date": "15.01.17",
    "rating": "10",
    "author": "luji****",
    "review_id": "9607174",
    "movie_id": "10259"
  },
  {
    "review": "일뽕 하나 빼면 내용 다 괜찮았는데 마지막에 가서 결말이 그지같다.",
    "date": "13.10.15",
    "rating": "6",
    "author": "sdaf****",
    "review_id": "8061176",
    "movie_id": "10259"
  },
  {
    "review": "13세 이상 관람불가!!",
    "date": "13.07.17",
    "rating": "4",
    "author": "oris****",
    "review_id": "7750926",
    "movie_id": "10259"
  },
  {
    "review": "내 인생 최고의 영화당시 엘리자베스 슈에게 팬레터도 보냈다우표값 거금 600원 써가며...",
    "date": "13.06.18",
    "rating": "10",
    "author": "ksol****",
    "review_id": "7654370",
    "movie_id": "10259"
  },
  {
    "review": "중딩때 단체관람을 봤다는.짱!@!! 랄프마치오지금은 50대아저씨 나도 아저씨 ㅠ",
    "date": "12.04.12",
    "rating": "10",
    "author": "koob****",
    "review_id": "6211395",
    "movie_id": "10259"
  },
  {
    "review": "너무 재미있어요.특히 왁스 온 왁스 오프가 재미있었어요.주인공이 불쌍하기도 하고.",
    "date": "11.11.06",
    "rating": "10",
    "author": "yuna****",
    "review_id": "5832647",
    "movie_id": "10259"
  },
  {
    "review": "최고의 성장 드라마~~~!!!",
    "date": "11.05.14",
    "rating": "10",
    "author": "htae****",
    "review_id": "5427785",
    "movie_id": "10259"
  },
  {
    "review": "이 영화보고 가라데 배우고 싶어짐",
    "date": "10.10.24",
    "rating": "7",
    "author": "winn****",
    "review_id": "4919178",
    "movie_id": "10259"
  },
  {
    "review": "정말 재밌습니다. ㅎ",
    "date": "10.10.11",
    "rating": "10",
    "author": "h961****",
    "review_id": "4897947",
    "movie_id": "10259"
  },
  {
    "review": "2010년 리메이크 버전 보다 더 좋네요~! 대사도 좋고,엘리자베스 슈의 풋풋한 시절...",
    "date": "10.09.23",
    "rating": "9",
    "author": "dior****",
    "review_id": "4861596",
    "movie_id": "10259"
  },
  {
    "review": "최고임...",
    "date": "10.07.23",
    "rating": "10",
    "author": "kore****",
    "review_id": "4662256",
    "movie_id": "10259"
  },
  {
    "review": "VHS로 보면 더 재미날 거 같네요. 옛날에 좋아하던 영화.",
    "date": "10.07.20",
    "rating": "9",
    "author": "omgg****",
    "review_id": "4653855",
    "movie_id": "10259"
  },
  {
    "review": "ㅋ",
    "date": "10.06.26",
    "rating": "10",
    "author": "crk1****",
    "review_id": "4593867",
    "movie_id": "10259"
  },
  {
    "review": "어린시절 최고의 영화..미국서 이영화 모르면 간첩인데..한국서는 별 인기 못끈듯...",
    "date": "10.06.10",
    "rating": "10",
    "author": "kooj****",
    "review_id": "4556655",
    "movie_id": "10259"
  },
  {
    "review": "결혼 후, 아들 낳고, 그 아들이 태권도 그만 하고 싶다고 투덜댈때 보여줄만한 영화.",
    "date": "09.09.20",
    "rating": "6",
    "author": "imf0****",
    "review_id": "3841601",
    "movie_id": "10259"
  },
  {
    "review": "짜증난다.... 말하는걸 봐서는 오키나와가라데와 극진가라데인데... 찌질이 우승",
    "date": "09.05.28",
    "rating": "5",
    "author": "khan****",
    "review_id": "3527488",
    "movie_id": "10259"
  },
  {
    "review": "일본 무술 홍보를 위해 일본측에서 거액 투자. 빌 콘티의 유명 음악과 명연출의 조화.",
    "date": "08.09.03",
    "rating": "8",
    "author": "sykm****",
    "review_id": "2918998",
    "movie_id": "10259"
  },
  {
    "review": "액션은 그때 당시에도 어색하긴 했지만, 내용이 흥미로왔던..",
    "date": "08.07.22",
    "rating": "7",
    "author": "gall****",
    "review_id": "2790857",
    "movie_id": "10259"
  },
  {
    "review": "감독이 록키1편 감독이구나....;;",
    "date": "08.01.28",
    "rating": "7",
    "author": "hide****",
    "review_id": "2380438",
    "movie_id": "10259"
  },
  {
    "review": "스티븐시걸,장 클로드 반담 B급 영화 다 합친 분량 하고도 안 바꾼다",
    "date": "07.09.27",
    "rating": "9",
    "author": "baks****",
    "review_id": "2054786",
    "movie_id": "10259"
  },
  {
    "review": "이 당시 인기가 엄청났음",
    "date": "07.08.25",
    "rating": "8",
    "author": "deff****",
    "review_id": "1977074",
    "movie_id": "10259"
  },
  {
    "review": "여자애가 무척 이뻤던 기억이 나는데...",
    "date": "07.02.20",
    "rating": "6",
    "author": "nala****",
    "review_id": "1489477",
    "movie_id": "10259"
  },
  {
    "review": "볼만함",
    "date": "07.01.04",
    "rating": "7",
    "author": "cjw2****",
    "review_id": "1355362",
    "movie_id": "10259"
  },
  {
    "review": "랄프마치오와 엘리자베드슈가 넘 이쁘게 나와요..^^",
    "date": "04.11.11",
    "rating": "10",
    "author": "wien****",
    "review_id": "144126",
    "movie_id": "10259"
  }
]