[
  {
    "review": "왜 청소년관람불가지? 전체이용가로바꾸지.. 폭력성,그리고 음란성 전혀없고 노출은 최고 어깨, 배드신은 키스가 다인데 말이야...",
    "date": "15.07.22",
    "rating": "9",
    "author": "sonl****",
    "review_id": "10129867",
    "movie_id": "10269"
  },
  {
    "review": "정말 재미지게 봤던 영화!!! OST도 많은 사랑을 받았고 지금도 종종 듣고 있네요~",
    "date": "15.05.20",
    "rating": "10",
    "author": "prs7****",
    "review_id": "9933152",
    "movie_id": "10269"
  },
  {
    "review": "고등학생때 친구랑 본 추억의 영화인데 주제곡은 거의 20년을 듣게 되네요^^",
    "date": "14.12.03",
    "rating": "10",
    "author": "yesu****",
    "review_id": "9443814",
    "movie_id": "10269"
  },
  {
    "review": "스타쉽 노래가 아깝다...",
    "date": "14.12.01",
    "rating": "1",
    "author": "ferd****",
    "review_id": "9438155",
    "movie_id": "10269"
  },
  {
    "review": "주제가는 10점인데 영화자체는 제작년도를 감안하더라도 너무 유치함.",
    "date": "14.11.30",
    "rating": "1",
    "author": "aolm****",
    "review_id": "9437273",
    "movie_id": "10269"
  },
  {
    "review": "소재나 내용이나 식상하다",
    "date": "14.11.01",
    "rating": "5",
    "author": "kimg****",
    "review_id": "9334100",
    "movie_id": "10269"
  },
  {
    "review": "와우 제목은 어디서 들어본거 같은데 첨본듯한 느낌 왜 이제서야 봤지 짱짱이다",
    "date": "14.06.28",
    "rating": "10",
    "author": "shis****",
    "review_id": "8865894",
    "movie_id": "10269"
  },
  {
    "review": "Starship - Nothing's Gonna Stop Us Now이 노래를 하루종일 들어도 질리지가 않네요.요즘은 컴퓨터로 영화 마네킨을 1편 2편 다 봐도 우리나라에서 베스트 40위에 든건 너무 좋네여.미국영화가 우리나라에서 성공하길 빌께요",
    "date": "14.06.21",
    "rating": "10",
    "author": "jonf****",
    "review_id": "8845496",
    "movie_id": "10269"
  },
  {
    "review": "남자들을 위한 로망 판타지",
    "date": "14.06.12",
    "rating": "9",
    "author": "arti****",
    "review_id": "8822503",
    "movie_id": "10269"
  },
  {
    "review": "마네킨 전시로 백화점을 구한 천재 예술가의 이야기",
    "date": "14.05.27",
    "rating": "1",
    "author": "expr****",
    "review_id": "8769614",
    "movie_id": "10269"
  },
  {
    "review": "마네킨 ost 듣고 싶은데 어디서 찾아야 하나요?마네킨ost 앨범이라도 구할수 있으면 좋으련만",
    "date": "14.04.15",
    "rating": "10",
    "author": "empe****",
    "review_id": "8651115",
    "movie_id": "10269"
  },
  {
    "review": "벌써 27년 전이군. 옛 생각 나게 하네. 지금  다시 보니 유치하긴 하다.",
    "date": "14.03.07",
    "rating": "6",
    "author": "ykdi****",
    "review_id": "8560397",
    "movie_id": "10269"
  },
  {
    "review": "좀 유치했지만 그럭저럭 괜찮았음",
    "date": "14.02.25",
    "rating": "9",
    "author": "myso****",
    "review_id": "8537446",
    "movie_id": "10269"
  },
  {
    "review": "의도한 건 아니겠지만, 영상 속에 시대상이 나름 듬뿍 들어가 있는 추억거리 영화..",
    "date": "14.02.19",
    "rating": "9",
    "author": "hipa****",
    "review_id": "8521187",
    "movie_id": "10269"
  },
  {
    "review": "알콩달콩하고 신선한 아이디어",
    "date": "13.09.28",
    "rating": "9",
    "author": "zhde****",
    "review_id": "8020335",
    "movie_id": "10269"
  },
  {
    "review": "~오래된영화지만 쵝오에요~",
    "date": "13.04.03",
    "rating": "10",
    "author": "p768****",
    "review_id": "7431891",
    "movie_id": "10269"
  },
  {
    "review": "조금만 다듬어서 리메이크 하면 좋겠는데?",
    "date": "13.02.03",
    "rating": "8",
    "author": "kado****",
    "review_id": "7218772",
    "movie_id": "10269"
  },
  {
    "review": "마네킨 여자 몸매는 10점만점 섹스앤시티의 주인공이었다니...",
    "date": "12.11.25",
    "rating": "9",
    "author": "tayh****",
    "review_id": "6925574",
    "movie_id": "10269"
  },
  {
    "review": "오타쿠의 꿈.",
    "date": "12.10.30",
    "rating": "7",
    "author": "fbs4****",
    "review_id": "6836857",
    "movie_id": "10269"
  },
  {
    "review": "때로는 내용에 충실하지 못한 영화보다 현실적인 스토리가 더 좋을 때가 있다!",
    "date": "12.08.09",
    "rating": "10",
    "author": "merc****",
    "review_id": "6586150",
    "movie_id": "10269"
  },
  {
    "review": "재밌어서 여러 본 계속보고 마지막 엔딩에서 감동",
    "date": "12.06.26",
    "rating": "10",
    "author": "fait****",
    "review_id": "6416698",
    "movie_id": "10269"
  },
  {
    "review": "섹스 엔 시티에 사만다존스 누님 이 때 진정한 여신이었다는~",
    "date": "12.04.03",
    "rating": "9",
    "author": "k2ls****",
    "review_id": "6189818",
    "movie_id": "10269"
  },
  {
    "review": "현실감x 스토리도 엉성... 어렸을 때 이걸 왜 재밌게 봤던걸까;;",
    "date": "12.02.05",
    "rating": "6",
    "author": "sing****",
    "review_id": "6053196",
    "movie_id": "10269"
  },
  {
    "review": "이제 갓 20살을 넘긴 나이라 옛날영화에 거리감이 있었지만.. 너무너무 설레고 좋다!",
    "date": "12.01.31",
    "rating": "9",
    "author": "choi****",
    "review_id": "6037458",
    "movie_id": "10269"
  },
  {
    "review": "사춘기 소년을 설레게 할 수 있는 순수한 동화같은 영화다.",
    "date": "12.01.29",
    "rating": "10",
    "author": "chuk****",
    "review_id": "6034268",
    "movie_id": "10269"
  },
  {
    "review": "끝까지 즐겁고 행복하다",
    "date": "11.12.17",
    "rating": "10",
    "author": "oz11****",
    "review_id": "5911651",
    "movie_id": "10269"
  },
  {
    "review": "나는 이런 판타지가 너무너무 좋다",
    "date": "11.09.26",
    "rating": "6",
    "author": "korn****",
    "review_id": "5754735",
    "movie_id": "10269"
  },
  {
    "review": "흥미는 있음..",
    "date": "11.09.22",
    "rating": "6",
    "author": "drd1****",
    "review_id": "5745039",
    "movie_id": "10269"
  },
  {
    "review": "고1때 극장에서보고 몇일을 설레였던ㅋ 지금보면시시할지몰라도",
    "date": "11.09.02",
    "rating": "10",
    "author": "jush****",
    "review_id": "5703090",
    "movie_id": "10269"
  },
  {
    "review": "몽정기 소년의 로망과 판타지를 자극하기에 충분했었던...",
    "date": "11.07.30",
    "rating": "9",
    "author": "heod****",
    "review_id": "5583674",
    "movie_id": "10269"
  },
  {
    "review": "OMG SATC 사만다가 마네킨 주인공일줄몰랐지. 그때진짜설레이는 영화였어!",
    "date": "11.07.14",
    "rating": "10",
    "author": "bran****",
    "review_id": "5541602",
    "movie_id": "10269"
  },
  {
    "review": "옛추억의 영화 기분이 좋아지는 영화였음",
    "date": "11.04.27",
    "rating": "10",
    "author": "juda****",
    "review_id": "5394801",
    "movie_id": "10269"
  },
  {
    "review": "내첫사랑과 처음본영화가 영등포연흥극장에서 본추억이... 당시고등학생 관람가였음",
    "date": "11.04.22",
    "rating": "10",
    "author": "jiyi****",
    "review_id": "5386601",
    "movie_id": "10269"
  },
  {
    "review": "어렸을때 재미있게 봤는데 스타쉽의 OST도 유명하죠",
    "date": "11.03.27",
    "rating": "8",
    "author": "lees****",
    "review_id": "5338019",
    "movie_id": "10269"
  },
  {
    "review": "외롭고 불쌍한 남자들을 위한 특급 판타지! 내게도 저런 낭만적인 일이 생길까? ㅠ",
    "date": "11.02.07",
    "rating": "8",
    "author": "deka****",
    "review_id": "5224137",
    "movie_id": "10269"
  },
  {
    "review": "ost도 괜찮았고 부담없이 즐길수 있었던 작품 ~~~~~~~~",
    "date": "10.06.11",
    "rating": "7",
    "author": "fnsk****",
    "review_id": "4557772",
    "movie_id": "10269"
  },
  {
    "review": "잼있음",
    "date": "10.05.14",
    "rating": "10",
    "author": "nice****",
    "review_id": "4499183",
    "movie_id": "10269"
  },
  {
    "review": "앤드류 맥카시의 풋풋함이 빛을 발하는 작품. 오프닝 부분이 인상적이다.",
    "date": "10.04.06",
    "rating": "6",
    "author": "stit****",
    "review_id": "4415133",
    "movie_id": "10269"
  },
  {
    "review": "단순하며 유치할수 있지만 독특한 발상의 동화....",
    "date": "10.03.20",
    "rating": "10",
    "author": "ange****",
    "review_id": "4370110",
    "movie_id": "10269"
  },
  {
    "review": "이 정도에 미성년자 관람불가라니... 등급기준이 미심쩍어진다.",
    "date": "10.03.18",
    "rating": "4",
    "author": "rame****",
    "review_id": "4363948",
    "movie_id": "10269"
  },
  {
    "review": "남성들의 판타지를 자극한다. 굳이 이름 붙이면 우렁각시 콤플렉스인가.",
    "date": "10.03.18",
    "rating": "6",
    "author": "kpcc****",
    "review_id": "4363947",
    "movie_id": "10269"
  },
  {
    "review": "야동 느낌 충만한 시나리오. 마네킹이 사람된다는 설정은 건전한 상상력이 안 생김..",
    "date": "10.02.09",
    "rating": "2",
    "author": "imf0****",
    "review_id": "4262498",
    "movie_id": "10269"
  },
  {
    "review": "Starship - Nothing's gonna stop us now 옛날노래긴하지만 좋타ㅋㅋ",
    "date": "10.01.31",
    "rating": "10",
    "author": "dntl****",
    "review_id": "4227118",
    "movie_id": "10269"
  },
  {
    "review": "사랑하는 사람과 마음편하게 볼수 있는 로맨틱 코미디",
    "date": "09.09.27",
    "rating": "10",
    "author": "roma****",
    "review_id": "3854414",
    "movie_id": "10269"
  },
  {
    "review": "여주인공 이쁘다 -_-b",
    "date": "09.09.11",
    "rating": "8",
    "author": "pksj****",
    "review_id": "3823622",
    "movie_id": "10269"
  },
  {
    "review": "방금 봤는데...재미있군요.",
    "date": "09.05.05",
    "rating": "10",
    "author": "jane****",
    "review_id": "3469954",
    "movie_id": "10269"
  },
  {
    "review": "여주인고의 마네킨모습이 정말 멋져보인다....",
    "date": "09.05.01",
    "rating": "7",
    "author": "ldg0****",
    "review_id": "3455370",
    "movie_id": "10269"
  },
  {
    "review": "중학생 수준의 영화군",
    "date": "09.04.12",
    "rating": "10",
    "author": "anse****",
    "review_id": "3417179",
    "movie_id": "10269"
  },
  {
    "review": "여자주인공 20년전 모습 진짜 마네킨같고 매력적이다.",
    "date": "09.03.20",
    "rating": "8",
    "author": "bad5****",
    "review_id": "3376685",
    "movie_id": "10269"
  },
  {
    "review": "몇일전에 우연하게 새로 봤는데 나름 제밌네요",
    "date": "09.03.15",
    "rating": "9",
    "author": "kss5****",
    "review_id": "3367208",
    "movie_id": "10269"
  },
  {
    "review": "유치하고 황당하지만 순수한 영화!!어린시절 보았지만아직도 내용이 눈에~선합니다!",
    "date": "09.03.02",
    "rating": "9",
    "author": "roll****",
    "review_id": "3343463",
    "movie_id": "10269"
  },
  {
    "review": "소재도 특이하고. 재미도 충실함..",
    "date": "09.02.27",
    "rating": "10",
    "author": "kckz****",
    "review_id": "3337296",
    "movie_id": "10269"
  },
  {
    "review": "이 영화 보고 잠들면 행복한 꿈 꾸게 됩니다. 어른을 위한 동화.",
    "date": "09.02.15",
    "rating": "10",
    "author": "gemi****",
    "review_id": "3304592",
    "movie_id": "10269"
  },
  {
    "review": "요즘 잘만든 영화에 비하면 이 정도 평점이 적당하다..",
    "date": "09.02.01",
    "rating": "7",
    "author": "drag****",
    "review_id": "3269275",
    "movie_id": "10269"
  },
  {
    "review": "B급영화라고? 장르나 당시를 보자면 A급이다!! 완전 재미있게 봤다^^ 행복해지는 영화",
    "date": "09.01.31",
    "rating": "10",
    "author": "kens****",
    "review_id": "3265731",
    "movie_id": "10269"
  },
  {
    "review": "단순하고 약간은 유치한 내용이지만 재밌고 순수한 영화. 굿~!",
    "date": "09.01.26",
    "rating": "10",
    "author": "dack****",
    "review_id": "3249865",
    "movie_id": "10269"
  },
  {
    "review": "기분 좋게 즐길 수 있는 즐거운 B급 코미디. 음악이 좋았다.",
    "date": "09.01.08",
    "rating": "7",
    "author": "mete****",
    "review_id": "3201448",
    "movie_id": "10269"
  },
  {
    "review": "사만다였단 말야? 다시보고싶어지네.",
    "date": "08.11.28",
    "rating": "8",
    "author": "seun****",
    "review_id": "3077387",
    "movie_id": "10269"
  },
  {
    "review": "풋풋한 사만다의 모습 ㅠㅠ 유쾌하게 볼 수 있는 영화",
    "date": "08.11.28",
    "rating": "10",
    "author": "hell****",
    "review_id": "3077101",
    "movie_id": "10269"
  },
  {
    "review": "B급틱하고, 음악만 들을만하나.. 나름 웃긴 장면도 있었다.",
    "date": "08.07.25",
    "rating": "7",
    "author": "pola****",
    "review_id": "2803016",
    "movie_id": "10269"
  },
  {
    "review": "OST도 좋고 내용도... 잡생각없이 웃을 수 있고..",
    "date": "08.07.08",
    "rating": "10",
    "author": "ulin****",
    "review_id": "2748279",
    "movie_id": "10269"
  },
  {
    "review": "어릴적 재밌게 본 이영화. 그녀가 킴캐트럴이라니",
    "date": "08.06.21",
    "rating": "8",
    "author": "leh0****",
    "review_id": "2710665",
    "movie_id": "10269"
  },
  {
    "review": "...^^ goo~~~~~d",
    "date": "08.06.13",
    "rating": "10",
    "author": "dust****",
    "review_id": "2696385",
    "movie_id": "10269"
  },
  {
    "review": "Starship - Nothing's Gonna Stop Us Now 이노래 너무 좋아!!",
    "date": "08.02.23",
    "rating": "10",
    "author": "wise****",
    "review_id": "2476014",
    "movie_id": "10269"
  },
  {
    "review": "볼만하네요",
    "date": "08.02.08",
    "rating": "10",
    "author": "save****",
    "review_id": "2422240",
    "movie_id": "10269"
  },
  {
    "review": "어릴적 미친듯이 재밌게보았던영화. 킴의매력이 듬뿍.ㅋ",
    "date": "08.02.07",
    "rating": "10",
    "author": "luna****",
    "review_id": "2417535",
    "movie_id": "10269"
  },
  {
    "review": "어릴적 아름답게본 영화!!! ^^",
    "date": "08.02.03",
    "rating": "10",
    "author": "kmhh****",
    "review_id": "2401325",
    "movie_id": "10269"
  },
  {
    "review": "왠만한 재주로는 이 영화에 명함도 못 내민다",
    "date": "08.01.17",
    "rating": "10",
    "author": "baks****",
    "review_id": "2338392",
    "movie_id": "10269"
  },
  {
    "review": "마네킹과 8비트음에 리듬을 맞추다. 성인이되어 처음본 18세관람영화",
    "date": "08.01.12",
    "rating": "8",
    "author": "sksd****",
    "review_id": "2321473",
    "movie_id": "10269"
  },
  {
    "review": "정말 재밌게 본 영화",
    "date": "07.12.04",
    "rating": "10",
    "author": "banl****",
    "review_id": "2206832",
    "movie_id": "10269"
  },
  {
    "review": "good",
    "date": "07.10.21",
    "rating": "7",
    "author": "cles****",
    "review_id": "2103362",
    "movie_id": "10269"
  },
  {
    "review": "꿈이 이루어진다라고 할까",
    "date": "07.09.01",
    "rating": "8",
    "author": "deff****",
    "review_id": "1995256",
    "movie_id": "10269"
  },
  {
    "review": "재밌었지..ㅎㅎ",
    "date": "07.04.04",
    "rating": "10",
    "author": "bird****",
    "review_id": "1572091",
    "movie_id": "10269"
  },
  {
    "review": "여주인공이 이뻤던 기억이...",
    "date": "07.01.07",
    "rating": "7",
    "author": "nala****",
    "review_id": "1364156",
    "movie_id": "10269"
  },
  {
    "review": "어릴때재밌게봤던영화인데여주인공이사만다일줄이야 ㅎ",
    "date": "07.01.05",
    "rating": "8",
    "author": "naeu****",
    "review_id": "1358572",
    "movie_id": "10269"
  },
  {
    "review": "신나고 유쾌한 영화, 킴 캐트럴의 매력을 만끽해보시길.",
    "date": "06.12.10",
    "rating": "9",
    "author": "sogu****",
    "review_id": "1282353",
    "movie_id": "10269"
  },
  {
    "review": "good",
    "date": "06.12.07",
    "rating": "8",
    "author": "ysuh****",
    "review_id": "1272131",
    "movie_id": "10269"
  },
  {
    "review": "어릴적 겨울에 이불에 발부비적대며 봤던 재밌던 주말의 명화",
    "date": "06.10.04",
    "rating": "10",
    "author": "oioi****",
    "review_id": "1159033",
    "movie_id": "10269"
  },
  {
    "review": "재미가 있는",
    "date": "06.08.20",
    "rating": "10",
    "author": "zeed****",
    "review_id": "1063316",
    "movie_id": "10269"
  },
  {
    "review": "학창시절 본 영화중 가장 재밌고 기억에 남는 영화",
    "date": "06.05.07",
    "rating": "9",
    "author": "lcw2****",
    "review_id": "790135",
    "movie_id": "10269"
  },
  {
    "review": "추억속에 자리매김한 영화...^^",
    "date": "06.03.01",
    "rating": "10",
    "author": "jsht****",
    "review_id": "698158",
    "movie_id": "10269"
  },
  {
    "review": "2를 먼저 보고 1을 봤는데 세월이 마이 흘렀는데도 재밌군.",
    "date": "05.10.14",
    "rating": "8",
    "author": "bull****",
    "review_id": "442318",
    "movie_id": "10269"
  },
  {
    "review": "기발한 스토리...",
    "date": "05.06.11",
    "rating": "9",
    "author": "van1****",
    "review_id": "297619",
    "movie_id": "10269"
  },
  {
    "review": "판타스틱한 로맨틱 코미디~ 최고다!!",
    "date": "05.05.07",
    "rating": "8",
    "author": "yasi****",
    "review_id": "272712",
    "movie_id": "10269"
  },
  {
    "review": "아주 기발한 아이디어다. 동화와 같은 권선징악이 통쾌하다.",
    "date": "05.01.30",
    "rating": "8",
    "author": "hana****",
    "review_id": "200920",
    "movie_id": "10269"
  },
  {
    "review": "10년도 훨씬 전에 본 영화. 아직도 내가슴에 추억으로 남아있는...ㅎㅎ",
    "date": "05.01.19",
    "rating": "9",
    "author": "todd****",
    "review_id": "189991",
    "movie_id": "10269"
  },
  {
    "review": "별똥부대는 별을 잘주죠",
    "date": "05.01.08",
    "rating": "10",
    "author": "kich****",
    "review_id": "180624",
    "movie_id": "10269"
  },
  {
    "review": "영화 주제가는 여전히 제가 가장 사랑하는 노래중 하나입니다...",
    "date": "04.12.27",
    "rating": "10",
    "author": "mdem****",
    "review_id": "171228",
    "movie_id": "10269"
  },
  {
    "review": "이게 재미없으면 넌 때꾸",
    "date": "04.12.16",
    "rating": "10",
    "author": "lhs0****",
    "review_id": "163455",
    "movie_id": "10269"
  },
  {
    "review": "사람의 마음을 행복하게 만들어 주는 좋은 영화입니다.",
    "date": "04.12.03",
    "rating": "8",
    "author": "cms7****",
    "review_id": "156046",
    "movie_id": "10269"
  },
  {
    "review": "이런 영화에 90분을 투자하기엔 인생이 너무 짦다..",
    "date": "04.10.21",
    "rating": "3",
    "author": "thin****",
    "review_id": "129881",
    "movie_id": "10269"
  },
  {
    "review": "옛날에 무지 재미있게 봤던...!!  드디어 소장",
    "date": "04.10.13",
    "rating": "9",
    "author": "arie****",
    "review_id": "125292",
    "movie_id": "10269"
  },
  {
    "review": "유쾌하고 상큼한 영화 ! 스타쉽의 주제가도 좋았습니다.",
    "date": "04.09.16",
    "rating": "8",
    "author": "upto****",
    "review_id": "109103",
    "movie_id": "10269"
  },
  {
    "review": "그당시 너무나 재밌게 봤던 영화,,, 뜨진 않았지만너무 이쁜 여배우...",
    "date": "04.07.11",
    "rating": "8",
    "author": "kjsb****",
    "review_id": "69116",
    "movie_id": "10269"
  },
  {
    "review": "요즘 로맨틱 코믹물이 이 영화 반만 따라갔으면...",
    "date": "04.06.19",
    "rating": "10",
    "author": "ttt1****",
    "review_id": "56628",
    "movie_id": "10269"
  },
  {
    "review": "초등학교 때 재밌게 봤던 영화ㅋㅋ80년대의 기발한 상상ㅋㅋ",
    "date": "04.05.21",
    "rating": "7",
    "author": "real****",
    "review_id": "44410",
    "movie_id": "10269"
  }
]