[
  {
    "review": "이게 무슨 한국영화냐 ? 일본영화 고대로 복사한거지.",
    "date": "15.05.05",
    "rating": "1",
    "author": "kimd****",
    "review_id": "9897623",
    "movie_id": "10271"
  },
  {
    "review": "트위스티김이 인상적...",
    "date": "14.04.10",
    "rating": "6",
    "author": "popy****",
    "review_id": "8639010",
    "movie_id": "10271"
  },
  {
    "review": "개인적으로 너무 재밌게 봤다. 뭐 그다지 큰 감흥을 얻은건 아니지만 이 영화를 세번이나 봤는데 볼 때마다 몰입도  잘 되고 지루하지도 않고 좋았다.",
    "date": "14.04.07",
    "rating": "8",
    "author": "elxh****",
    "review_id": "8634745",
    "movie_id": "10271"
  },
  {
    "review": "짐 이비에스해서 보는데 잼있네..둘사람 뭔가 연기할때부터 눈빛이..신성일 연기잘하고 지금시대봐도 멋있네요..엄앵란 귀엽게나오네요",
    "date": "14.04.06",
    "rating": "10",
    "author": "gksd****",
    "review_id": "8633788",
    "movie_id": "10271"
  },
  {
    "review": "신성일과 엄앵란을 보고, 이봉조의 음악도 듣고",
    "date": "13.03.06",
    "rating": "7",
    "author": "clie****",
    "review_id": "7327832",
    "movie_id": "10271"
  },
  {
    "review": "수영선수출신 신성일과,당대의 청춘스타 엄앵란의 첫만남.영화의 공전의히트이후 결혼",
    "date": "11.10.29",
    "rating": "10",
    "author": "baks****",
    "review_id": "5817246",
    "movie_id": "10271"
  },
  {
    "review": "신분과 사회적 위치의 벽을 뛰어넘을 수 없었던 불행한 두남녀의 로맨스",
    "date": "11.02.21",
    "rating": "6",
    "author": "thra****",
    "review_id": "5263646",
    "movie_id": "10271"
  },
  {
    "review": "내용은 모르는 사람많지만 맨발의청춘 제목만으로도 기분좋아지는 영화..굿",
    "date": "10.11.30",
    "rating": "10",
    "author": "kimj****",
    "review_id": "5010457",
    "movie_id": "10271"
  },
  {
    "review": "내가 태어나기 전의 서울모습을 볼수 있었다는것만으로도 감개무량한 영화",
    "date": "09.08.17",
    "rating": "5",
    "author": "yoon****",
    "review_id": "3757669",
    "movie_id": "10271"
  },
  {
    "review": "정말 잊지못할 영화입니다",
    "date": "09.01.18",
    "rating": "10",
    "author": "komo****",
    "review_id": "3229161",
    "movie_id": "10271"
  },
  {
    "review": "아주 좋아요",
    "date": "08.12.29",
    "rating": "10",
    "author": "c637****",
    "review_id": "3165420",
    "movie_id": "10271"
  },
  {
    "review": "정말 대단한 영화입니다",
    "date": "08.04.25",
    "rating": "10",
    "author": "gyu1****",
    "review_id": "2598191",
    "movie_id": "10271"
  },
  {
    "review": "우리나라 멜로영화의 고전. 트위스트김의 연기가 돋보이죠.",
    "date": "07.12.12",
    "rating": "9",
    "author": "jeon****",
    "review_id": "2225985",
    "movie_id": "10271"
  },
  {
    "review": "명성에 비해 별로였던.. 엄앵란 연기도 실망스럽고..",
    "date": "07.07.06",
    "rating": "7",
    "author": "cath****",
    "review_id": "1751392",
    "movie_id": "10271"
  },
  {
    "review": "시대의 모습을 보는,.",
    "date": "07.04.14",
    "rating": "6",
    "author": "wedo****",
    "review_id": "1588365",
    "movie_id": "10271"
  }
]