[
  {
    "review": "추억 돋네..  그냥 저냥 가볍게 즐길수 있는 영화",
    "date": "14.08.20",
    "rating": "6",
    "author": "adiv****",
    "review_id": "9112748",
    "movie_id": "10273"
  },
  {
    "review": "주인공이 여자가되서 결혼하고 딸까지 낳는거 보니까 여자들의 고충을 알거 같다 명작이다",
    "date": "14.06.01",
    "rating": "10",
    "author": "belo****",
    "review_id": "8784268",
    "movie_id": "10273"
  },
  {
    "review": "너무나 와일드한 엘렌 바킨....",
    "date": "14.03.19",
    "rating": "1",
    "author": "rich****",
    "review_id": "8587448",
    "movie_id": "10273"
  },
  {
    "review": "옛추억이 돋는 명작...",
    "date": "14.01.29",
    "rating": "10",
    "author": "youb****",
    "review_id": "8442304",
    "movie_id": "10273"
  },
  {
    "review": "남자 연기를 하는 여주인공의 연기가 어색하지 않고 매력적이었습니다.",
    "date": "14.01.21",
    "rating": "10",
    "author": "ices****",
    "review_id": "8408328",
    "movie_id": "10273"
  },
  {
    "review": "너무나 매력적인 엘렌 바킨의 뉴욕 사투리",
    "date": "13.11.18",
    "rating": "10",
    "author": "expo****",
    "review_id": "8149329",
    "movie_id": "10273"
  },
  {
    "review": "엘렌 바킨의 남자연기는 형편없었다. 그저 술취한 난봉꾼 레즈비언 같았다고 해야하나. 왜 그런 결말이 나왔는지 이해 안될 정도로 개연성이 떨어졌다. 여자의 입장, 심정을 이해한다는 주제를 주인공은 이해 했을지 몰라도 내겐 전혀 와닿지 않았다.",
    "date": "13.07.16",
    "rating": "4",
    "author": "emai****",
    "review_id": "7749374",
    "movie_id": "10273"
  },
  {
    "review": "사랑을 할때 한심한놈이 되지말자",
    "date": "13.07.15",
    "rating": "10",
    "author": "come****",
    "review_id": "7743783",
    "movie_id": "10273"
  },
  {
    "review": "원래 9점 주려고했는데 별점 테러범들 때문에 10점주고간다. 이 영화보고 자신을 진정으로 사랑하는 사람이 누군지 되새길 수 있길 바라며.",
    "date": "13.04.22",
    "rating": "10",
    "author": "ksh3****",
    "review_id": "7474193",
    "movie_id": "10273"
  },
  {
    "review": "말 없이 10점",
    "date": "13.03.09",
    "rating": "10",
    "author": "z2cl****",
    "review_id": "7334185",
    "movie_id": "10273"
  },
  {
    "review": "지금봐도 재밌네.소재도 좋았고.여주인공의 디테일한 남자 역활과 대사 치는것도 너무 웃겼어",
    "date": "13.02.26",
    "rating": "8",
    "author": "meso****",
    "review_id": "7303502",
    "movie_id": "10273"
  },
  {
    "review": "코미디의 기본을 갖춘 킬링타임용으로 적절하군",
    "date": "13.01.26",
    "rating": "6",
    "author": "guev****",
    "review_id": "7177043",
    "movie_id": "10273"
  },
  {
    "review": "포스터보다 못하다. Tea Leoni 데뷔작이라는 존재감밖에는 뭐 그다지..",
    "date": "12.11.29",
    "rating": "2",
    "author": "pria****",
    "review_id": "6941261",
    "movie_id": "10273"
  },
  {
    "review": "가벼운 코미디같지만 사실 그 속에 여성의 문제에 대해서도 은근히 심도있게 다루고 있음. 괜찮게 볼만한 영화.",
    "date": "12.10.22",
    "rating": "6",
    "author": "yols****",
    "review_id": "6819498",
    "movie_id": "10273"
  },
  {
    "review": "소재가 참 흥미진진함! 꽤 감동도 있고.. 20년 만에 다시 봐도 재밌네요",
    "date": "12.06.25",
    "rating": "10",
    "author": "papu****",
    "review_id": "6415585",
    "movie_id": "10273"
  },
  {
    "review": "정말 옛날에 상당히 재미있게 봤던 기억이..지금 다시 보니 예전만큼은 아니지만 굿",
    "date": "12.06.11",
    "rating": "10",
    "author": "zeld****",
    "review_id": "6385882",
    "movie_id": "10273"
  },
  {
    "review": "괜찮네요 ~ ㅎㅎ 초반엔 재미있고 `후반엔 감동 ㅠ 의외의 몰입감",
    "date": "12.04.15",
    "rating": "8",
    "author": "tekk****",
    "review_id": "6222177",
    "movie_id": "10273"
  },
  {
    "review": "초반은 나름 흥미진진한데 갈수록 지루해짐",
    "date": "12.01.25",
    "rating": "6",
    "author": "come****",
    "review_id": "6020306",
    "movie_id": "10273"
  },
  {
    "review": "결말이 그럴싸하다..",
    "date": "11.09.22",
    "rating": "7",
    "author": "drd1****",
    "review_id": "5745015",
    "movie_id": "10273"
  },
  {
    "review": "이거참 .. 어렸을때는 처음에 목욕하는 장면 때문에, 야하다고 본거 같았는데...",
    "date": "11.03.28",
    "rating": "6",
    "author": "evil****",
    "review_id": "5340874",
    "movie_id": "10273"
  },
  {
    "review": "정말 여운이 많이 남는 영화였습니다",
    "date": "11.02.24",
    "rating": "10",
    "author": "duwn****",
    "review_id": "5271408",
    "movie_id": "10273"
  },
  {
    "review": "아무생각없이본건데 많은여윤을남김 ㅠㅠ",
    "date": "11.02.15",
    "rating": "10",
    "author": "jdh0****",
    "review_id": "5244949",
    "movie_id": "10273"
  },
  {
    "review": "엘렌 바킨의 연기력과 매력, 당시 참신했던 소재를 흥미진진하게 엮어갔던 수작 8.5점",
    "date": "11.01.10",
    "rating": "8",
    "author": "gall****",
    "review_id": "5148535",
    "movie_id": "10273"
  },
  {
    "review": "약간 이상한 호흡의 코미디지만 엘렌 바킨은!!",
    "date": "10.11.26",
    "rating": "6",
    "author": "bbq2****",
    "review_id": "4993354",
    "movie_id": "10273"
  },
  {
    "review": "마지막에 이런 감동과 여운이 있을 줄 이야...",
    "date": "10.11.21",
    "rating": "10",
    "author": "kpcc****",
    "review_id": "4977131",
    "movie_id": "10273"
  },
  {
    "review": "다시 보고 싶다.",
    "date": "10.07.16",
    "rating": "9",
    "author": "cont****",
    "review_id": "4644283",
    "movie_id": "10273"
  },
  {
    "review": "다시 봐도 재밌어요. 엘렌 바킨의 연기도 좋고 대사나 내용이 재밌게 잘 썼네요.",
    "date": "10.05.24",
    "rating": "10",
    "author": "hksu****",
    "review_id": "4521012",
    "movie_id": "10273"
  },
  {
    "review": "지금 봐도 정말 명작^^ 남자와여자라는건 시간이 지나도 매력적인 소재",
    "date": "10.02.24",
    "rating": "10",
    "author": "biki****",
    "review_id": "4315449",
    "movie_id": "10273"
  },
  {
    "review": "이거 진짜 보고싶은데 볼곳 없나?",
    "date": "09.05.25",
    "rating": "10",
    "author": "lscg****",
    "review_id": "3523046",
    "movie_id": "10273"
  },
  {
    "review": "비디오 시절을 관통했던 코믹 영화의 대명사라고 할까",
    "date": "09.05.24",
    "rating": "7",
    "author": "deff****",
    "review_id": "3519591",
    "movie_id": "10273"
  },
  {
    "review": "여주인공의 연기력이 일품",
    "date": "09.04.22",
    "rating": "10",
    "author": "nipo****",
    "review_id": "3434601",
    "movie_id": "10273"
  },
  {
    "review": "어렸을적 TV에서 봤는데 제목이랑 스토리가 아직도 생각나는 작품",
    "date": "09.04.08",
    "rating": "10",
    "author": "west****",
    "review_id": "3410473",
    "movie_id": "10273"
  },
  {
    "review": "이게 트랜스포머랑 평점이 같다구?지금 장난하냐?ㅋㅋ",
    "date": "09.03.08",
    "rating": "3",
    "author": "baks****",
    "review_id": "3353729",
    "movie_id": "10273"
  },
  {
    "review": "남자로 살지 여자로 살지 왜 내가 고민이 되지?",
    "date": "08.10.11",
    "rating": "9",
    "author": "2601****",
    "review_id": "2994606",
    "movie_id": "10273"
  },
  {
    "review": "어디서 볼수있는곳 없을까..참 추억의 영화",
    "date": "08.07.28",
    "rating": "10",
    "author": "newj****",
    "review_id": "2812407",
    "movie_id": "10273"
  },
  {
    "review": "정말 정말 잊을수 없는 재밌는 영화... 또 보고싶다...",
    "date": "08.06.10",
    "rating": "10",
    "author": "6543****",
    "review_id": "2691285",
    "movie_id": "10273"
  },
  {
    "review": "어릴때 본거 아직도 잊지 못함...ㅋㅋ 다시 보고 싶은데~~~",
    "date": "08.05.20",
    "rating": "10",
    "author": "love****",
    "review_id": "2653028",
    "movie_id": "10273"
  },
  {
    "review": "이 영화본지 10년은 된거같은데 아직도 기억난다.. 또 보고싶다!!",
    "date": "07.11.20",
    "rating": "10",
    "author": "leon****",
    "review_id": "2168018",
    "movie_id": "10273"
  },
  {
    "review": "햐..저도 초딩때 TV로 봤는데, 대박이였습니다!",
    "date": "07.11.18",
    "rating": "9",
    "author": "stra****",
    "review_id": "2163246",
    "movie_id": "10273"
  },
  {
    "review": "진짜 잼있었다. 잊을 수 없는 섹시 휴먼 코미디.",
    "date": "07.10.28",
    "rating": "10",
    "author": "2pur****",
    "review_id": "2116833",
    "movie_id": "10273"
  },
  {
    "review": "조금 뻔한 감동일지는 몰라도 결코 싫지 않은 감동",
    "date": "07.09.23",
    "rating": "8",
    "author": "nala****",
    "review_id": "2040013",
    "movie_id": "10273"
  },
  {
    "review": "언제적 영화인지.. 초등학생 때 TV에서 봤는데 아직도 기억에 남는 영화",
    "date": "07.09.07",
    "rating": "9",
    "author": "joy1****",
    "review_id": "2005583",
    "movie_id": "10273"
  },
  {
    "review": "이 영화 보고 싶어서 밤 잠 못잤던 기억이..ㅎㅎ 몇년후 봐도 흐뭇~",
    "date": "07.08.06",
    "rating": "9",
    "author": "typo****",
    "review_id": "1888506",
    "movie_id": "10273"
  },
  {
    "review": "베리 굿",
    "date": "07.05.22",
    "rating": "10",
    "author": "xxss****",
    "review_id": "1650692",
    "movie_id": "10273"
  },
  {
    "review": "참신했음",
    "date": "07.05.21",
    "rating": "10",
    "author": "prot****",
    "review_id": "1649999",
    "movie_id": "10273"
  },
  {
    "review": "이런 괜찮은 영화 요즘에도 찾기 힘들지",
    "date": "07.02.25",
    "rating": "8",
    "author": "ppp0****",
    "review_id": "1501591",
    "movie_id": "10273"
  },
  {
    "review": "10년넘게 지났는데도 여전히 기억나는 영화, 다시보고싶다",
    "date": "06.11.24",
    "rating": "10",
    "author": "sue6****",
    "review_id": "1249287",
    "movie_id": "10273"
  },
  {
    "review": "관람할 수 있는곳 없나요? ㅡㅡ;;",
    "date": "06.10.30",
    "rating": "10",
    "author": "reno****",
    "review_id": "1207817",
    "movie_id": "10273"
  },
  {
    "review": "엔딩장면에서 찡했다.평생 잊지못할 영화",
    "date": "06.06.29",
    "rating": "9",
    "author": "epik****",
    "review_id": "861820",
    "movie_id": "10273"
  },
  {
    "review": "남자가 여자로 바뀐다는 설정 자체는 흥미롭다.",
    "date": "06.01.09",
    "rating": "5",
    "author": "movi****",
    "review_id": "573988",
    "movie_id": "10273"
  },
  {
    "review": "재밌고 어느정도 감동도..10년이 넘게 지나도 괜찮게 봤습니다.",
    "date": "06.01.05",
    "rating": "8",
    "author": "godn****",
    "review_id": "562505",
    "movie_id": "10273"
  },
  {
    "review": "말그대로 스위치",
    "date": "05.08.03",
    "rating": "7",
    "author": "izzo****",
    "review_id": "349075",
    "movie_id": "10273"
  },
  {
    "review": "그시절 소재로는 색달랐다. 재밌기도하고.",
    "date": "05.06.23",
    "rating": "7",
    "author": "red0****",
    "review_id": "304958",
    "movie_id": "10273"
  },
  {
    "review": "흥미롭고 재미남. 거기다 한술 더 뜨는 독특한 결말.",
    "date": "05.02.04",
    "rating": "8",
    "author": "kimj****",
    "review_id": "207818",
    "movie_id": "10273"
  },
  {
    "review": "여주인공의 연기력이 일품 상상만해도 끔찍한 상황을 잘 표현했음",
    "date": "04.10.07",
    "rating": "10",
    "author": "cdar****",
    "review_id": "121519",
    "movie_id": "10273"
  },
  {
    "review": "블레이크 에드워즈 연출력이 빛나는??ㅎㅎ",
    "date": "04.03.01",
    "rating": "7",
    "author": "lofo****",
    "review_id": "26142",
    "movie_id": "10273"
  },
  {
    "review": "결과는 예상했으나 연기력과 감동이.. 성우 선정도 굳이였음",
    "date": "04.01.01",
    "rating": "7",
    "author": "kori****",
    "review_id": "7681",
    "movie_id": "10273"
  }
]