[
  {
    "review": "이 영화로 인해 더스틴호프만에게 빠졌던게 생각난다 재탕삼탕할수록 영화는 플롯밖에 남는게 없지만 더스틴호프만의 케릭터만은 불멸이다",
    "date": "15.05.29",
    "rating": "10",
    "author": "akir****",
    "review_id": "9958634",
    "movie_id": "10272"
  },
  {
    "review": "오늘날의 헐리웃을 만든 뉴시네마의 저력",
    "date": "15.04.25",
    "rating": "7",
    "author": "rd72****",
    "review_id": "9867627",
    "movie_id": "10272"
  },
  {
    "review": "카우보이의 비정하고 아름다운한때!",
    "date": "15.02.21",
    "rating": "7",
    "author": "pooh****",
    "review_id": "9724141",
    "movie_id": "10272"
  },
  {
    "review": "노킹헤븐스도어, 허수아비등과 함께 과대평가 된 개거품 영화, 아무런 내용는 지겨운 영화",
    "date": "15.01.03",
    "rating": "5",
    "author": "katy****",
    "review_id": "9555110",
    "movie_id": "10272"
  },
  {
    "review": "이루 형언할 수 없는 이 먹먹함...",
    "date": "14.02.20",
    "rating": "10",
    "author": "ysma****",
    "review_id": "8522692",
    "movie_id": "10272"
  },
  {
    "review": "남창과 크리플이라는 특이한 커플. 씁쓸.",
    "date": "13.12.18",
    "rating": "9",
    "author": "cles****",
    "review_id": "8231566",
    "movie_id": "10272"
  },
  {
    "review": "뉴욕을 꿈꾸는 텍사스 촌뜨기와 마이애미 해변을 꿈꾸는 뉴욕의 쓰레기와의 우정을 그린 아 전나게 꼴때리는 걸작.",
    "date": "13.10.20",
    "rating": "10",
    "author": "ajho****",
    "review_id": "8075858",
    "movie_id": "10272"
  },
  {
    "review": "이거 옛날에,미국만화 쩌는,ㅍㅐ러디 만화가 있었지...대부도,죠스도,인디아나 존스씨리즈도, 패러디 만화 쩌는거 있었는데...보다 보면,웃다 죽음...(웃음)안젤리나 졸리 보이트의아버지 존 보이트가 나오는,특별한 영화.그래도 개인적으론,미드가 더 좋다능",
    "date": "13.09.09",
    "rating": "7",
    "author": "baks****",
    "review_id": "7961870",
    "movie_id": "10272"
  },
  {
    "review": "쓸쓸한 우리시대의 자화상과 청춘기의 혼란을 잘표현.더스틴 호프만과 존보이트 의 호연도 돋보인다.하지만 약간의 밋밋함이 방해요소이다.",
    "date": "13.07.21",
    "rating": "7",
    "author": "chjy****",
    "review_id": "7771223",
    "movie_id": "10272"
  },
  {
    "review": "대도시 밑바닥 젊은이의 모습을 이렇게 잘 묘사한 영화는 없는 듯 합니다. 존 보이트와 더스틴 호므만의 명품 연기와 함께 정말 화면과 잘 어울리는 음악은 돋보입니다. 스토리도 감동적이구요.",
    "date": "13.06.23",
    "rating": "10",
    "author": "sunw****",
    "review_id": "7672883",
    "movie_id": "10272"
  },
  {
    "review": "평점 조절.",
    "date": "13.05.11",
    "rating": "10",
    "author": "lsh5****",
    "review_id": "7522317",
    "movie_id": "10272"
  },
  {
    "review": "[아카데미]1970년42회 작품,감독,각색 3개부문수상작.텍사스에서뉴욕으로 이주한청년이대도시의냉혈한현실속에인간성상실을나타냈고더스틴호프만의앳된모습을볼수있다.주연인존보이트가수상한상은아카데미가아니라골든글러브상이고안젤리나졸리의아버지이지만둘의사이는안좋다고한다.",
    "date": "13.03.20",
    "rating": "7",
    "author": "new7****",
    "review_id": "7372560",
    "movie_id": "10272"
  },
  {
    "review": "참고로 이영화로 존보이트 아카데미 남우조연상 수상함",
    "date": "13.02.13",
    "rating": "9",
    "author": "bj39****",
    "review_id": "7259854",
    "movie_id": "10272"
  },
  {
    "review": "아메리칸 드림을 안고 상경했지만 도시 빈민이 된 두 프롤레타리아 청년의 좌절과 우정.",
    "date": "12.12.29",
    "rating": "7",
    "author": "tear****",
    "review_id": "7061754",
    "movie_id": "10272"
  },
  {
    "review": "어릴적 TV 명화극장, 서부영화로 착각, 화를 냈던 추억이... Hustler의 삶을 동경한 어리숙한 조 벅, 화려한 네온사인 뒤 황량하고 어두운 뉴욕 도시의 단면, 꿈꾸던 마이애미에 발을 딧는 순간 삶을 놓은 랫소, 그의 이름을 크게 불러주고 싶다",
    "date": "12.12.04",
    "rating": "9",
    "author": "sioh****",
    "review_id": "6968844",
    "movie_id": "10272"
  },
  {
    "review": "씁슬한 우정",
    "date": "12.11.08",
    "rating": "7",
    "author": "hhii****",
    "review_id": "6865038",
    "movie_id": "10272"
  },
  {
    "review": "순진한 촌놈과 닳고 닳은 사기꾼의 우정이야기",
    "date": "12.03.02",
    "rating": "8",
    "author": "reki****",
    "review_id": "6116905",
    "movie_id": "10272"
  },
  {
    "review": "화려해 보이는 도시 생활.  실제론 우울한 내부 현상..",
    "date": "12.02.29",
    "rating": "10",
    "author": "pete****",
    "review_id": "6113227",
    "movie_id": "10272"
  },
  {
    "review": "황금만능주의 속에 돈없는 인간은 얼마나 철저히 소외되는지 확실하게 보여주는 영화",
    "date": "12.01.29",
    "rating": "10",
    "author": "stri****",
    "review_id": "6033432",
    "movie_id": "10272"
  },
  {
    "review": "여운이 남는 영화",
    "date": "12.01.19",
    "rating": "9",
    "author": "tbvj****",
    "review_id": "6001024",
    "movie_id": "10272"
  },
  {
    "review": "박살난다",
    "date": "11.12.21",
    "rating": "7",
    "author": "korn****",
    "review_id": "5920603",
    "movie_id": "10272"
  },
  {
    "review": "내일을 향해 쏴라를 이겨서 약간 밉지만 두 배우만으로도 용서된다",
    "date": "11.12.19",
    "rating": "9",
    "author": "figh****",
    "review_id": "5916077",
    "movie_id": "10272"
  },
  {
    "review": "영상미가 멋져요",
    "date": "11.12.02",
    "rating": "10",
    "author": "sats****",
    "review_id": "5882116",
    "movie_id": "10272"
  },
  {
    "review": "마지막 장면이 아직도 기억에 남는 아주~괜찮은 영화",
    "date": "11.08.16",
    "rating": "10",
    "author": "larc****",
    "review_id": "5658560",
    "movie_id": "10272"
  },
  {
    "review": "영화 분위기가 너무좋다...",
    "date": "11.08.08",
    "rating": "10",
    "author": "1548****",
    "review_id": "5619092",
    "movie_id": "10272"
  },
  {
    "review": "두 남자배우 연기가 인상깊고 영화 자체로도 충분히 명작 반열에 오를 수 있을듯..",
    "date": "11.06.02",
    "rating": "10",
    "author": "jyw7****",
    "review_id": "5461249",
    "movie_id": "10272"
  },
  {
    "review": "친구를 떠나보낸 랫소의 슬픈 눈빛을 절대 잊을 수 없다.",
    "date": "11.03.11",
    "rating": "10",
    "author": "coco****",
    "review_id": "5305120",
    "movie_id": "10272"
  },
  {
    "review": "그냥 그렇다",
    "date": "11.03.04",
    "rating": "6",
    "author": "drd1****",
    "review_id": "5293377",
    "movie_id": "10272"
  },
  {
    "review": "이런 영화가 좋다",
    "date": "11.01.22",
    "rating": "9",
    "author": "mais****",
    "review_id": "5174789",
    "movie_id": "10272"
  },
  {
    "review": "뉴욕의 하수구인생에겐 플로리다의 햇볕조차 사치였네.뉴욕의 빌딩숲은 볕도 가리고",
    "date": "11.01.10",
    "rating": "8",
    "author": "mist****",
    "review_id": "5145272",
    "movie_id": "10272"
  },
  {
    "review": "차가운 도시와 톡특한 기법의 영상 그리고 두 친구의 우정이 인상적",
    "date": "10.10.14",
    "rating": "10",
    "author": "csw8****",
    "review_id": "4902640",
    "movie_id": "10272"
  },
  {
    "review": "포스터처럼 씁쓸하다..",
    "date": "10.10.07",
    "rating": "6",
    "author": "bbq2****",
    "review_id": "4889991",
    "movie_id": "10272"
  },
  {
    "review": "완전한 존보이트영화인데 더스틴호프만은무슨..모지리들.",
    "date": "10.09.12",
    "rating": "10",
    "author": "dell****",
    "review_id": "4830869",
    "movie_id": "10272"
  },
  {
    "review": "냉혈한 도시인들의 삶.. 명작중하나",
    "date": "10.08.27",
    "rating": "10",
    "author": "cbh8****",
    "review_id": "4796922",
    "movie_id": "10272"
  },
  {
    "review": "2010년 서울 도시빈민의 실상을 다룬 명작",
    "date": "10.08.22",
    "rating": "9",
    "author": "limb****",
    "review_id": "4779962",
    "movie_id": "10272"
  },
  {
    "review": "잔잔하고 어찌보면 시시한 영화일수도 있겠지만 눈을 뗄 수 없게 만드는 영화",
    "date": "10.06.30",
    "rating": "10",
    "author": "kinh****",
    "review_id": "4601704",
    "movie_id": "10272"
  },
  {
    "review": "요즘은 이런영화들이 나오질 않아 안타깝군요.",
    "date": "10.06.04",
    "rating": "10",
    "author": "dlwl****",
    "review_id": "4545279",
    "movie_id": "10272"
  },
  {
    "review": "차가운 현실 속에서 두 사람이 만들어 낸 따뜻한 그 무언가.",
    "date": "10.03.14",
    "rating": "10",
    "author": "hhel****",
    "review_id": "4357715",
    "movie_id": "10272"
  },
  {
    "review": "아메리칸 드림은 단지 프롤레타리아의 환상일 뿐...",
    "date": "09.12.03",
    "rating": "7",
    "author": "mcps****",
    "review_id": "4010599",
    "movie_id": "10272"
  },
  {
    "review": "도시의 어두운 부분을 굉장히 잘 표현한 연출력에 박수를...",
    "date": "09.11.21",
    "rating": "8",
    "author": "si2p****",
    "review_id": "3980495",
    "movie_id": "10272"
  },
  {
    "review": "버거운 젊은 육신들에게 안식을.....",
    "date": "09.09.27",
    "rating": "6",
    "author": "kuic****",
    "review_id": "3853142",
    "movie_id": "10272"
  },
  {
    "review": "흥겨우면서도 가슴이 찡한 영화. 조의 과거는 정확히 어땠을까?",
    "date": "09.09.17",
    "rating": "8",
    "author": "kusa****",
    "review_id": "3836678",
    "movie_id": "10272"
  },
  {
    "review": "40년 전에 만들어진 영화라니... 믿기지 않는다.",
    "date": "09.08.09",
    "rating": "7",
    "author": "caca****",
    "review_id": "3726249",
    "movie_id": "10272"
  },
  {
    "review": "연출이 상당하군",
    "date": "09.05.31",
    "rating": "9",
    "author": "wnsd****",
    "review_id": "3534876",
    "movie_id": "10272"
  },
  {
    "review": ".놀랍다 영화속 뉴욕의 60년대가 마치 서울의 80~90년대를 보듯 발전되있는걸 보고",
    "date": "09.05.24",
    "rating": "10",
    "author": "prop****",
    "review_id": "3518889",
    "movie_id": "10272"
  },
  {
    "review": "시골에서 올라온 어벙한 꺽다리 남창과 뉴욕에 있는 사기꾼 절름발이의 슬픈 이야기",
    "date": "09.05.19",
    "rating": "9",
    "author": "moda****",
    "review_id": "3507415",
    "movie_id": "10272"
  },
  {
    "review": "상상은자유 현실은 시궁창",
    "date": "09.05.17",
    "rating": "8",
    "author": "ck02****",
    "review_id": "3501355",
    "movie_id": "10272"
  },
  {
    "review": "좋아요.",
    "date": "09.05.02",
    "rating": "8",
    "author": "diri****",
    "review_id": "3458676",
    "movie_id": "10272"
  },
  {
    "review": "딱히 꼬집어 말할 순 없지만 영화적 재미가 상당하네..",
    "date": "09.04.11",
    "rating": "8",
    "author": "inte****",
    "review_id": "3415570",
    "movie_id": "10272"
  },
  {
    "review": "어둠속 하류인생들의 절망적인 삶, 눈부신 햇살조차 그들에겐 사치일까",
    "date": "09.02.14",
    "rating": "7",
    "author": "ador****",
    "review_id": "3303472",
    "movie_id": "10272"
  },
  {
    "review": "현실은 이런건가..",
    "date": "09.02.12",
    "rating": "10",
    "author": "yoon****",
    "review_id": "3296205",
    "movie_id": "10272"
  },
  {
    "review": "이런영화를 이제야 보다니 명작이다..",
    "date": "09.01.29",
    "rating": "10",
    "author": "2001****",
    "review_id": "3259558",
    "movie_id": "10272"
  },
  {
    "review": "세상이 비정하다. 요즘 더 와닿는 영화다.",
    "date": "09.01.23",
    "rating": "10",
    "author": "movi****",
    "review_id": "3241047",
    "movie_id": "10272"
  },
  {
    "review": "60년말 뉴욕 뒷골목의 씁쓸한 초상...",
    "date": "09.01.19",
    "rating": "10",
    "author": "jmp0****",
    "review_id": "3232391",
    "movie_id": "10272"
  },
  {
    "review": "묵직한 젊음의 슬픔",
    "date": "09.01.09",
    "rating": "7",
    "author": "rose****",
    "review_id": "3204448",
    "movie_id": "10272"
  },
  {
    "review": "호프만의 명연, 약간 덜떨어져보이면서도 착하고 당찬 존 보이트",
    "date": "08.12.17",
    "rating": "9",
    "author": "pth3****",
    "review_id": "3125060",
    "movie_id": "10272"
  },
  {
    "review": "잔잔하면서도 다시한번 생각하고 다시보게만드는영화..",
    "date": "08.10.13",
    "rating": "10",
    "author": "dkal****",
    "review_id": "2998191",
    "movie_id": "10272"
  },
  {
    "review": "ㅠㅠ 마지막에 왜캐 눈물이 쏟아지는지.....잘봤네여",
    "date": "08.09.02",
    "rating": "10",
    "author": "sawa****",
    "review_id": "2918264",
    "movie_id": "10272"
  },
  {
    "review": "마이애미로 가는 마지막 휴게소",
    "date": "08.08.25",
    "rating": "10",
    "author": "kimj****",
    "review_id": "2902675",
    "movie_id": "10272"
  },
  {
    "review": "냉혹하고 무관심하기 짝이없는 도시인들을 신랄하게 비판한 수작..",
    "date": "08.08.07",
    "rating": "10",
    "author": "pola****",
    "review_id": "2847941",
    "movie_id": "10272"
  },
  {
    "review": "오.. 정말 수작중의 수작.. 명장의 대열에 올라설만 하다..",
    "date": "08.08.07",
    "rating": "10",
    "author": "rhkr****",
    "review_id": "2847389",
    "movie_id": "10272"
  },
  {
    "review": "호프만의연기도좋았지만존보이트의연기도굿 지금이미지와너무다른착한얼굴의존보이트",
    "date": "08.06.29",
    "rating": "9",
    "author": "came****",
    "review_id": "2729296",
    "movie_id": "10272"
  },
  {
    "review": "서로에게 전이된 아가페적 우정. 뜨겁고 애틋하다.",
    "date": "08.04.12",
    "rating": "8",
    "author": "seiz****",
    "review_id": "2577219",
    "movie_id": "10272"
  },
  {
    "review": "씁쓸하군.. 마치 '천국보다 낯선'과 같이.. 아 그리고 노래도 정말 좋다.",
    "date": "08.02.18",
    "rating": "10",
    "author": "jhj8****",
    "review_id": "2460559",
    "movie_id": "10272"
  },
  {
    "review": "로드 무비 최고의 듀엣",
    "date": "08.02.15",
    "rating": "10",
    "author": "mcdh****",
    "review_id": "2447898",
    "movie_id": "10272"
  },
  {
    "review": "냉혹한 도시의 현실, 젊음만으로 버티기엔 호락호락하지 않다.",
    "date": "07.11.25",
    "rating": "10",
    "author": "cine****",
    "review_id": "2182632",
    "movie_id": "10272"
  },
  {
    "review": "나에게 버디무비 라는걸 알려준 영화, 스타일도 멋지고!",
    "date": "07.07.12",
    "rating": "10",
    "author": "mapl****",
    "review_id": "1767539",
    "movie_id": "10272"
  },
  {
    "review": "좀 뻔한 결말에..평작이라 생각된다..",
    "date": "07.07.06",
    "rating": "7",
    "author": "cath****",
    "review_id": "1750087",
    "movie_id": "10272"
  },
  {
    "review": "미국인이 겪는 혹은 고발하는 컬쳐쇼크와 그릇된 자아실현에 대한 우정어린 시선",
    "date": "07.06.29",
    "rating": "9",
    "author": "donj****",
    "review_id": "1729258",
    "movie_id": "10272"
  },
  {
    "review": "더스틴 호프만의 연기가 돋보인다. 멋진 버디무비",
    "date": "07.02.24",
    "rating": "10",
    "author": "noeu****",
    "review_id": "1499690",
    "movie_id": "10272"
  },
  {
    "review": "좋네",
    "date": "07.02.09",
    "rating": "6",
    "author": "ysuh****",
    "review_id": "1456313",
    "movie_id": "10272"
  },
  {
    "review": "수많은패러디를가져온 마지막버스씬몇번을봐도기억에남는다",
    "date": "06.12.22",
    "rating": "8",
    "author": "maiu****",
    "review_id": "1312829",
    "movie_id": "10272"
  },
  {
    "review": "영국 감독이 바라 본 미국의 뒷골목...음악도 너무 슬프다...",
    "date": "06.12.01",
    "rating": "9",
    "author": "sfci****",
    "review_id": "1260718",
    "movie_id": "10272"
  },
  {
    "review": "뉴욕의 밑바닥 생활을 너무 리얼하게 그린 수작",
    "date": "06.11.30",
    "rating": "6",
    "author": "deff****",
    "review_id": "1259757",
    "movie_id": "10272"
  },
  {
    "review": "화려해 보이지만 피폐한 미국 사회를 사실적으로 표현한 수작",
    "date": "06.11.26",
    "rating": "7",
    "author": "okjo****",
    "review_id": "1252616",
    "movie_id": "10272"
  },
  {
    "review": "마르고닳도록보아오던,무릉도원을갈망하는효시작으로봐야지?",
    "date": "06.10.03",
    "rating": "8",
    "author": "izzo****",
    "review_id": "1156124",
    "movie_id": "10272"
  },
  {
    "review": "아메리칸 뉴 시네마!!조금 다른 듯....ㅋ",
    "date": "06.08.25",
    "rating": "8",
    "author": "jshj****",
    "review_id": "1075603",
    "movie_id": "10272"
  },
  {
    "review": "20대에우연히보게된영화 나이40이넘어도 잋쳐지지않는영화",
    "date": "06.08.20",
    "rating": "10",
    "author": "hyue****",
    "review_id": "1060112",
    "movie_id": "10272"
  },
  {
    "review": "가슴이 먹먹한 영화..",
    "date": "06.08.16",
    "rating": "9",
    "author": "ende****",
    "review_id": "1038911",
    "movie_id": "10272"
  },
  {
    "review": "슬픈청춘",
    "date": "06.08.05",
    "rating": "10",
    "author": "zeed****",
    "review_id": "971255",
    "movie_id": "10272"
  },
  {
    "review": "내가 못느끼는건지 몰라도 재밌지는 않은듯한데;;",
    "date": "06.07.29",
    "rating": "6",
    "author": "iori****",
    "review_id": "939013",
    "movie_id": "10272"
  },
  {
    "review": "사람 사는 곳 다 비슷하듯 도시의 아웃사이더들을 다룬 영화도..",
    "date": "06.05.17",
    "rating": "7",
    "author": "jals****",
    "review_id": "803824",
    "movie_id": "10272"
  },
  {
    "review": "최고의 영화입니다...",
    "date": "06.03.19",
    "rating": "10",
    "author": "stki****",
    "review_id": "722578",
    "movie_id": "10272"
  },
  {
    "review": "어두운 미국의 자화상",
    "date": "06.01.28",
    "rating": "9",
    "author": "bjhd****",
    "review_id": "629446",
    "movie_id": "10272"
  },
  {
    "review": "뉴 아메리칸 시네마의 대표작중 한편!",
    "date": "06.01.09",
    "rating": "8",
    "author": "movi****",
    "review_id": "573513",
    "movie_id": "10272"
  },
  {
    "review": "두배우의 연기가 빛이난다. 개인적으로 최고의 영화중 하나",
    "date": "05.12.22",
    "rating": "10",
    "author": "ttks****",
    "review_id": "519592",
    "movie_id": "10272"
  },
  {
    "review": "이작품도 뉴아메리칸 시네마라고 할수 있을까..",
    "date": "05.05.28",
    "rating": "10",
    "author": "tjsd****",
    "review_id": "288164",
    "movie_id": "10272"
  },
  {
    "review": "척박한 뉴욕의 뒷골목에서 새로운 시대가 열린다.",
    "date": "05.05.28",
    "rating": "10",
    "author": "that****",
    "review_id": "287857",
    "movie_id": "10272"
  },
  {
    "review": "도시를 떠나기 위해 도시로 흘러들어온 비루한 영혼들.",
    "date": "05.05.22",
    "rating": "8",
    "author": "m60d****",
    "review_id": "284004",
    "movie_id": "10272"
  },
  {
    "review": "그래서 한국판 \"게임의 법칙\"이 나왔던 거구나~",
    "date": "05.02.14",
    "rating": "9",
    "author": "dio3****",
    "review_id": "219756",
    "movie_id": "10272"
  },
  {
    "review": "찜찜한 슬픔이 밀려오는 영화. 명배우들의 호연도 좋다.",
    "date": "05.02.04",
    "rating": "9",
    "author": "kimj****",
    "review_id": "206308",
    "movie_id": "10272"
  },
  {
    "review": "이 얼마나 멋진 우정인가?",
    "date": "05.01.21",
    "rating": "8",
    "author": "domi****",
    "review_id": "191800",
    "movie_id": "10272"
  },
  {
    "review": "내 인생의 영화~더스틴과 존의 연기 또한 최고~",
    "date": "04.11.05",
    "rating": "10",
    "author": "dean****",
    "review_id": "139673",
    "movie_id": "10272"
  },
  {
    "review": "옛날영화 수집중....얼른 봐야지^^",
    "date": "04.10.13",
    "rating": "6",
    "author": "arie****",
    "review_id": "125215",
    "movie_id": "10272"
  },
  {
    "review": "조오타아~~~",
    "date": "03.11.26",
    "rating": "10",
    "author": "band****",
    "review_id": "355",
    "movie_id": "10272"
  }
]