[
  {
    "review": "키아누 젊었을때 모습 보니 감회가 새롭다.",
    "date": "15.05.25",
    "rating": "5",
    "author": "adiv****",
    "review_id": "9947844",
    "movie_id": "10274"
  },
  {
    "review": "(갑옷을 입고) 이거 진짜 무겁다 ㅜㅜ 잉? 그럼 헤비메탈인데?? 엑!설런트~!! 띠리디리리리!! 덤앤더머 같던 두사람이 훗날 한명은 매트릭스 콘스탄틴의 불노초 키에노가 되었고 다른 한명은 밴10 등의 감독이 되었다..",
    "date": "15.03.21",
    "rating": "7",
    "author": "danz****",
    "review_id": "9798341",
    "movie_id": "10274"
  },
  {
    "review": "어렸을때 재미있데 본 영화가 명작임. 문학적 용어로 낯설게 하기랄까? 지금은 기술이 너무 좋아져서 사람들의 눈높이가 높아졌음.  아무튼  당시에 신선한 영화였음.",
    "date": "15.03.02",
    "rating": "8",
    "author": "bosa****",
    "review_id": "9752929",
    "movie_id": "10274"
  },
  {
    "review": "지금의 키아누리브스만 알고계신다면 정말 보는거 추천이에요. 귀여운 모습에 덕질바로하실거같은데....",
    "date": "15.01.31",
    "rating": "10",
    "author": "whdk****",
    "review_id": "9654678",
    "movie_id": "10274"
  },
  {
    "review": "어렸을때 엄마랑 같이본영화 제목찾기  힘들었지만 찾아냈다 킬링타임용",
    "date": "14.09.13",
    "rating": "7",
    "author": "sodu****",
    "review_id": "9212153",
    "movie_id": "10274"
  },
  {
    "review": "키아노 리스스의 진중한 모습이 아닌 똘끼 충만한 모습을 볼 수 있는 영화. 초딩때 비디오로 본 팝콘 무비. 추억돋는 영화 중 하나",
    "date": "14.09.03",
    "rating": "1",
    "author": "jjaj****",
    "review_id": "9156946",
    "movie_id": "10274"
  },
  {
    "review": "시간됬어 다모여 종을 울려 떙떙땡!!!",
    "date": "14.07.16",
    "rating": "10",
    "author": "cont****",
    "review_id": "8921063",
    "movie_id": "10274"
  },
  {
    "review": "전화박스를 타고 시간여행을 한다..이거 닥터후의 타디스아닌가?",
    "date": "14.05.18",
    "rating": "5",
    "author": "chos****",
    "review_id": "8745048",
    "movie_id": "10274"
  },
  {
    "review": "잼슴 ㅋ 어릴떄 정말 잼섯음 ㅋ 키아누 완전 꽃미남임ㅋ 지금도 ㄱ꽃미남임 ㅋ 미래에도 꽃미남임 ㅋ",
    "date": "14.04.24",
    "rating": "7",
    "author": "ckh0****",
    "review_id": "8669759",
    "movie_id": "10274"
  },
  {
    "review": "Be excellent to each other and party on dude~!",
    "date": "14.02.22",
    "rating": "8",
    "author": "tn99****",
    "review_id": "8528173",
    "movie_id": "10274"
  },
  {
    "review": "당시.. 넘 잼나게 봤었다.. 풋풋한 키애누...^^",
    "date": "14.02.12",
    "rating": "10",
    "author": "spar****",
    "review_id": "8499816",
    "movie_id": "10274"
  },
  {
    "review": "닥터후는 원래 역사,과학교육목적으로 bbc에서 한편으로 1963년 11월에 방영했음. 근데 이것이 반응도좋고그러니까 결국 파일럿프로그렘을 고정으로 만든거임.ㅇㅇ",
    "date": "13.11.10",
    "rating": "9",
    "author": "rkfm****",
    "review_id": "8129737",
    "movie_id": "10274"
  },
  {
    "review": "닥터후는 1963부터다 첫글 또라이네 그리고 이건 닥터후 모작 맞는듯",
    "date": "13.11.07",
    "rating": "5",
    "author": "dlwl****",
    "review_id": "8121368",
    "movie_id": "10274"
  },
  {
    "review": "포커페이스 키아누 리브스의 숨겨진 귀여운 면모를 볼 수 있음ㅋ",
    "date": "13.10.02",
    "rating": "6",
    "author": "corc****",
    "review_id": "8026273",
    "movie_id": "10274"
  },
  {
    "review": "내 유년기 3대 sf물 백투더퓨쳐, 이너스페이스, 엑설런트 어드벤쳐. 그중 3등인 이영화. 상상력은 좋으나 조금은 억지인 몇몇 설정들이나 스토리를 풀어가는 과정이 약간 아쉬운 영화다. 하지만 a급을 능가하는 b급인건 확실하다.",
    "date": "13.07.27",
    "rating": "8",
    "author": "road****",
    "review_id": "7792291",
    "movie_id": "10274"
  },
  {
    "review": "닥터후는 1963년에 방영 시작했다 밑에 또라이야 ㅋㅋㅋㅋ",
    "date": "13.06.06",
    "rating": "6",
    "author": "qhvl****",
    "review_id": "7597990",
    "movie_id": "10274"
  },
  {
    "review": "닥터후가 2005년이래 ㅋㅋㅋㅋㅋㅋㅋㅋㅋㅋㅋㅋㅋㅋㅋㅋㅋ깔려면 제대로 까든가닥터후는 1960년대임 ㅋ",
    "date": "13.05.23",
    "rating": "7",
    "author": "tjd3****",
    "review_id": "7549960",
    "movie_id": "10274"
  },
  {
    "review": "난 뭐... 그다지... 딱 어린이용",
    "date": "13.04.26",
    "rating": "4",
    "author": "milk****",
    "review_id": "7483316",
    "movie_id": "10274"
  },
  {
    "review": "내밑에 있는사람 바보임. 닥터후는 1963년대 영국 흑백드라마 부터 시작했음. 워낙 유명해서 미국 진출까지함. 근데 미국인들은 역사에 관심없어서 쪽박차고 몇년 안하다가 팬들의 성원에 힘입어 새로 시작한거. 그리고 이역만리 한국인들도 볼만큼 성공",
    "date": "13.03.31",
    "rating": "3",
    "author": "demi****",
    "review_id": "7424590",
    "movie_id": "10274"
  },
  {
    "review": "닥터후 따라한다는 찌질이는 뭐니? 닥터후가 2005년이고 이건 1989년 인데 ㅋㅋㅋㅋㅋㅋㅋ",
    "date": "13.01.16",
    "rating": "8",
    "author": "himu****",
    "review_id": "7121490",
    "movie_id": "10274"
  },
  {
    "review": "추억의 영화 다시 바두재미있어요",
    "date": "12.11.12",
    "rating": "10",
    "author": "wooo****",
    "review_id": "6880223",
    "movie_id": "10274"
  },
  {
    "review": "좋은 소스로 훨씬 더 잘 만들수도 있었을꺼 같은데 그래도 당시엔 획기적이였을듯",
    "date": "12.11.10",
    "rating": "7",
    "author": "mi86****",
    "review_id": "6874047",
    "movie_id": "10274"
  },
  {
    "review": "슈프림팀 1집 자켓이 이 영화포스터 딴듯.",
    "date": "12.07.14",
    "rating": "10",
    "author": "whdd****",
    "review_id": "6479425",
    "movie_id": "10274"
  },
  {
    "review": "초등학생이 만든것같은 엉터리 전개",
    "date": "12.05.06",
    "rating": "1",
    "author": "vezi****",
    "review_id": "6276082",
    "movie_id": "10274"
  },
  {
    "review": "89년도 당시 획기적이었지.",
    "date": "12.04.26",
    "rating": "10",
    "author": "mai7****",
    "review_id": "6246235",
    "movie_id": "10274"
  },
  {
    "review": "이런 상상력을 가진 영화가 또 나와줬으면 좋겠다",
    "date": "12.02.27",
    "rating": "10",
    "author": "dldy****",
    "review_id": "6108243",
    "movie_id": "10274"
  },
  {
    "review": "앳된 키아누리브스를 만나는 유쾌한 과거여행",
    "date": "12.01.15",
    "rating": "8",
    "author": "ccpp****",
    "review_id": "5987304",
    "movie_id": "10274"
  },
  {
    "review": "천방지축 두 젊은이들의 시간여행 ㅋ",
    "date": "12.01.15",
    "rating": "8",
    "author": "rame****",
    "review_id": "5987303",
    "movie_id": "10274"
  },
  {
    "review": "신나고 흥겨운",
    "date": "12.01.15",
    "rating": "8",
    "author": "kpcc****",
    "review_id": "5987301",
    "movie_id": "10274"
  },
  {
    "review": "빽투더퓨처 삘. 잼있다",
    "date": "11.08.08",
    "rating": "10",
    "author": "virt****",
    "review_id": "5618431",
    "movie_id": "10274"
  },
  {
    "review": "진짜 최고다,이런 느낌 왜이리 좋지?ㅋㅋ 요즘은 찾아볼 수 없는 엑셀런트한 느낌이야",
    "date": "11.06.24",
    "rating": "10",
    "author": "audg****",
    "review_id": "5496673",
    "movie_id": "10274"
  },
  {
    "review": "키아누 리브스 나온대서 봤지만 재미없어서 보다 끈 영화...",
    "date": "11.04.26",
    "rating": "1",
    "author": "dolp****",
    "review_id": "5393647",
    "movie_id": "10274"
  },
  {
    "review": "타디스가 생각나지만",
    "date": "11.04.23",
    "rating": "8",
    "author": "as14****",
    "review_id": "5388825",
    "movie_id": "10274"
  },
  {
    "review": "어릴 적 놀랍기만했던 타임머신!!",
    "date": "11.02.27",
    "rating": "10",
    "author": "pree****",
    "review_id": "5281174",
    "movie_id": "10274"
  },
  {
    "review": "앳된 키아누리브스를 만나는 유쾌한 과거여행",
    "date": "11.01.21",
    "rating": "8",
    "author": "west****",
    "review_id": "5172888",
    "movie_id": "10274"
  },
  {
    "review": "좀 유쾌..",
    "date": "10.11.19",
    "rating": "5",
    "author": "drd1****",
    "review_id": "4971141",
    "movie_id": "10274"
  },
  {
    "review": "냉정하자! 명작은 아니다! 틴에이져 판타지 어드벤쳐 !! 므흣!!",
    "date": "10.09.13",
    "rating": "8",
    "author": "yaky****",
    "review_id": "4834793",
    "movie_id": "10274"
  },
  {
    "review": "OO같지만 귀여운 키아누리브스를 볼 수 있다.",
    "date": "10.08.20",
    "rating": "10",
    "author": "ilil****",
    "review_id": "4771274",
    "movie_id": "10274"
  },
  {
    "review": "부담없이 웃고 싶을 때 ㅋㅋㅋㅋ",
    "date": "10.07.25",
    "rating": "10",
    "author": "hpz4****",
    "review_id": "4669391",
    "movie_id": "10274"
  },
  {
    "review": "무난했던...",
    "date": "10.03.15",
    "rating": "8",
    "author": "hyup****",
    "review_id": "4359186",
    "movie_id": "10274"
  },
  {
    "review": "당시의영화로 봐선 잘만들었다. 흥미있어",
    "date": "10.02.04",
    "rating": "10",
    "author": "pop5****",
    "review_id": "4246088",
    "movie_id": "10274"
  },
  {
    "review": "다시 보고 싶진 않지만, 추억 속에 굉장했던 모험영화로 자리잡고 있다..",
    "date": "10.01.04",
    "rating": "5",
    "author": "imf0****",
    "review_id": "4128663",
    "movie_id": "10274"
  },
  {
    "review": "어릴적 보던!!!!",
    "date": "09.12.29",
    "rating": "10",
    "author": "dcap****",
    "review_id": "4103092",
    "movie_id": "10274"
  },
  {
    "review": "이영화짱 임  안본사람있낭",
    "date": "09.12.23",
    "rating": "10",
    "author": "poma****",
    "review_id": "4072057",
    "movie_id": "10274"
  },
  {
    "review": "두손머리위로들어 봐봐 미친듯이 흔들어 봐봐",
    "date": "09.11.05",
    "rating": "10",
    "author": "45rp****",
    "review_id": "3937575",
    "movie_id": "10274"
  },
  {
    "review": "아놔 이건 지금봐도 너무 유쾌하다 ㅋㅋ",
    "date": "09.08.09",
    "rating": "10",
    "author": "inth****",
    "review_id": "3727623",
    "movie_id": "10274"
  },
  {
    "review": "어렸을적에 정말 재미있게 본영화~~",
    "date": "09.07.31",
    "rating": "9",
    "author": "lee0****",
    "review_id": "3689367",
    "movie_id": "10274"
  },
  {
    "review": "본영화중에서가장기억에남는영화들중하나.",
    "date": "09.06.08",
    "rating": "10",
    "author": "a_to****",
    "review_id": "3552320",
    "movie_id": "10274"
  },
  {
    "review": "어렸을때 최고로 재밌게 본 영화.",
    "date": "09.04.05",
    "rating": "10",
    "author": "jkh0****",
    "review_id": "3406550",
    "movie_id": "10274"
  },
  {
    "review": "내겐 너무 가벼운 두 남자",
    "date": "09.03.06",
    "rating": "7",
    "author": "netc****",
    "review_id": "3351082",
    "movie_id": "10274"
  },
  {
    "review": "키아누 때문에 봤는데 은근 재밌음ㅋㅋㅋ",
    "date": "08.12.31",
    "rating": "10",
    "author": "b__b****",
    "review_id": "3170786",
    "movie_id": "10274"
  },
  {
    "review": "솔직히 키아누리브스때문에 봤는데 촌스럽고 진부한스토리^^;89년도에는 신선했겠죠ㅋ",
    "date": "08.12.22",
    "rating": "9",
    "author": "kjmy****",
    "review_id": "3140221",
    "movie_id": "10274"
  },
  {
    "review": "20대 이전에 본 영화 중 최고 좋아함. 키아누리브스였다는 건 최근에 알았음",
    "date": "08.12.01",
    "rating": "10",
    "author": "ride****",
    "review_id": "3083979",
    "movie_id": "10274"
  },
  {
    "review": "전화박스가 타임머신 ㅋㅋ 키아누 백치연기 짱",
    "date": "08.11.20",
    "rating": "10",
    "author": "dudl****",
    "review_id": "3061150",
    "movie_id": "10274"
  },
  {
    "review": "소시적에 배꼽잡으며 봤던 추억의 영화! 키아누리브스는 늙을수록 더 멋있어지는듯",
    "date": "08.11.18",
    "rating": "8",
    "author": "sean****",
    "review_id": "3058955",
    "movie_id": "10274"
  },
  {
    "review": "솜사탕처럼 달콤하고,바께뜨처럼 푸짐할지라도,이런건 근본적으로 불량식품.",
    "date": "08.10.31",
    "rating": "7",
    "author": "baks****",
    "review_id": "3027774",
    "movie_id": "10274"
  },
  {
    "review": "저도 아랬분말에 동감. 끝까지본후 한번더 보면 더 감동.... 물론 유쾌하기도 하고요",
    "date": "08.10.29",
    "rating": "10",
    "author": "qhwh****",
    "review_id": "3025475",
    "movie_id": "10274"
  },
  {
    "review": "끝까지 본후 미래에서 자기들이 연주한 음악을 듣는 부분을 봤을때 감동적이었다",
    "date": "08.10.29",
    "rating": "10",
    "author": "theh****",
    "review_id": "3025474",
    "movie_id": "10274"
  },
  {
    "review": "유쾌, 상쾌 .. 짜릿한 모험 과 환상의 세계..",
    "date": "08.10.26",
    "rating": "8",
    "author": "gall****",
    "review_id": "3021755",
    "movie_id": "10274"
  },
  {
    "review": "너무너무 재밋어요!!",
    "date": "08.10.17",
    "rating": "10",
    "author": "jins****",
    "review_id": "3004607",
    "movie_id": "10274"
  },
  {
    "review": "키아누리브스의 어린모습 그리고 역사속인물들과의 재미있는 만남 - 최고~",
    "date": "08.09.15",
    "rating": "10",
    "author": "gree****",
    "review_id": "2945739",
    "movie_id": "10274"
  },
  {
    "review": "키아누리브스의 엣된 모습을 보고 싶은 사람은 꼭 봐라.",
    "date": "08.05.06",
    "rating": "10",
    "author": "oiot****",
    "review_id": "2621222",
    "movie_id": "10274"
  },
  {
    "review": "독창함과 기발함이 빗나는 재밌는 시간여행",
    "date": "08.02.10",
    "rating": "8",
    "author": "deff****",
    "review_id": "2431356",
    "movie_id": "10274"
  },
  {
    "review": "기발하다. 소재는 매우 좋았는데 너무 가볍다..",
    "date": "07.12.07",
    "rating": "8",
    "author": "ldgu****",
    "review_id": "2212081",
    "movie_id": "10274"
  },
  {
    "review": "어렸을때 공중전화만 보면 흥분했던 기억.",
    "date": "07.10.14",
    "rating": "9",
    "author": "dhsp****",
    "review_id": "2089319",
    "movie_id": "10274"
  },
  {
    "review": "오래된 영화는 흥미를 못느끼겠다는 -_-;",
    "date": "07.09.09",
    "rating": "5",
    "author": "gyu2****",
    "review_id": "2011469",
    "movie_id": "10274"
  },
  {
    "review": "엑설런트~",
    "date": "07.08.16",
    "rating": "8",
    "author": "hyou****",
    "review_id": "1944746",
    "movie_id": "10274"
  },
  {
    "review": "개인적으로는 엑어2 가 더 재밌었던거 같다.",
    "date": "07.08.10",
    "rating": "7",
    "author": "evil****",
    "review_id": "1913616",
    "movie_id": "10274"
  },
  {
    "review": "기발한 아이디어. 80년대 백투더퓨터와 함께 가장 흥미로왔던 SF영화",
    "date": "07.08.08",
    "rating": "7",
    "author": "lsh1****",
    "review_id": "1905712",
    "movie_id": "10274"
  },
  {
    "review": "유명한 위인들 하나하나 만날때마다 흥미로왔음.",
    "date": "07.07.18",
    "rating": "9",
    "author": "cjw2****",
    "review_id": "1788875",
    "movie_id": "10274"
  },
  {
    "review": "키아누의 초창기 출연작",
    "date": "07.01.06",
    "rating": "6",
    "author": "nala****",
    "review_id": "1361601",
    "movie_id": "10274"
  },
  {
    "review": "재밌었어요^^ 발랄한 키아누 리브스라니..ㅋ",
    "date": "06.10.30",
    "rating": "8",
    "author": "swan****",
    "review_id": "1206665",
    "movie_id": "10274"
  },
  {
    "review": "리버 피닉스가 죽기 전에는 이렇게 발랄하던 키아누가......",
    "date": "06.10.27",
    "rating": "10",
    "author": "jeta****",
    "review_id": "1200974",
    "movie_id": "10274"
  },
  {
    "review": "엑설런트!",
    "date": "06.09.27",
    "rating": "8",
    "author": "love****",
    "review_id": "1145963",
    "movie_id": "10274"
  },
  {
    "review": "이거 재밌지",
    "date": "06.08.17",
    "rating": "10",
    "author": "zeed****",
    "review_id": "1048644",
    "movie_id": "10274"
  },
  {
    "review": "이보다 더 유쾌할 순 없다!",
    "date": "06.08.07",
    "rating": "8",
    "author": "lemo****",
    "review_id": "980083",
    "movie_id": "10274"
  },
  {
    "review": "아무리 농담이라지만... 징기스칸에 대한 백인의 편견이 불쾌...",
    "date": "06.08.04",
    "rating": "5",
    "author": "moon****",
    "review_id": "969796",
    "movie_id": "10274"
  },
  {
    "review": "지금 보니 주인공이 키아누 이실줄이야~",
    "date": "06.07.31",
    "rating": "10",
    "author": "lsm4****",
    "review_id": "950184",
    "movie_id": "10274"
  },
  {
    "review": "그 당시 너무 재밋게 봣는디.. 히히..추억의 영화~~",
    "date": "06.06.11",
    "rating": "10",
    "author": "park****",
    "review_id": "839730",
    "movie_id": "10274"
  },
  {
    "review": "영화도 재미써찌만, 게임도 최고~!!",
    "date": "06.05.25",
    "rating": "8",
    "author": "malu****",
    "review_id": "815127",
    "movie_id": "10274"
  },
  {
    "review": "웃우면서볼수있었다.키아누를보면서...",
    "date": "06.04.11",
    "rating": "5",
    "author": "izzo****",
    "review_id": "757458",
    "movie_id": "10274"
  },
  {
    "review": "재미있는 소재를 살리지못한 유치한 코미디 영화.",
    "date": "06.03.10",
    "rating": "4",
    "author": "movi****",
    "review_id": "711366",
    "movie_id": "10274"
  },
  {
    "review": "나름대로 신선한 영화..ㅋ",
    "date": "05.12.29",
    "rating": "10",
    "author": "anti****",
    "review_id": "536553",
    "movie_id": "10274"
  },
  {
    "review": "리브스가 망가지던 시절",
    "date": "05.12.24",
    "rating": "6",
    "author": "kws7****",
    "review_id": "524873",
    "movie_id": "10274"
  },
  {
    "review": "이때만해도 키아누가 대스타가 될지 꿈에도 몰랐다",
    "date": "05.12.24",
    "rating": "8",
    "author": "blue****",
    "review_id": "524856",
    "movie_id": "10274"
  },
  {
    "review": "키아누ㅠ바보역이 어쩜그렇게 잘 어울려?제대로 발랄한 두사람ㅎ",
    "date": "05.12.11",
    "rating": "10",
    "author": "grap****",
    "review_id": "500604",
    "movie_id": "10274"
  },
  {
    "review": "어린 키아누리브스의 소란스러운 모험 영화",
    "date": "05.09.30",
    "rating": "7",
    "author": "hell****",
    "review_id": "428928",
    "movie_id": "10274"
  },
  {
    "review": "이건 영 아닌데,,",
    "date": "05.07.30",
    "rating": "5",
    "author": "sos4****",
    "review_id": "342813",
    "movie_id": "10274"
  },
  {
    "review": "키아누리브스가 크크크 끄윽 꺼이꺼이~ 쿠하핫",
    "date": "05.07.11",
    "rating": "7",
    "author": "fren****",
    "review_id": "319455",
    "movie_id": "10274"
  },
  {
    "review": "기발한 상상력, 2탄이 더 재미있음!",
    "date": "05.07.06",
    "rating": "10",
    "author": "hang****",
    "review_id": "313619",
    "movie_id": "10274"
  },
  {
    "review": "키아누리브스였다니+_+ 가볍게 즐길 수 있는 영화ㅎㅎ",
    "date": "05.05.27",
    "rating": "9",
    "author": "shmo****",
    "review_id": "287403",
    "movie_id": "10274"
  },
  {
    "review": "미국에서 DVD로 구했음. 소장가치 Up",
    "date": "05.03.25",
    "rating": "9",
    "author": "puri****",
    "review_id": "246658",
    "movie_id": "10274"
  },
  {
    "review": "어릴때 재밌게 봤던...특히 엔딩곡이 기억이 남는...",
    "date": "05.02.25",
    "rating": "8",
    "author": "u2u2****",
    "review_id": "229556",
    "movie_id": "10274"
  },
  {
    "review": "어렸을 때 재밌게 봤던 영화",
    "date": "05.01.24",
    "rating": "9",
    "author": "witt****",
    "review_id": "194691",
    "movie_id": "10274"
  },
  {
    "review": "보구 싶은데 ㅋㅋ 방송을 안해주네요",
    "date": "05.01.07",
    "rating": "10",
    "author": "gusw****",
    "review_id": "179400",
    "movie_id": "10274"
  },
  {
    "review": "참 재미있게 봤던 기억이 나네요. 어렸을때 봐서 그런가?? ^^;",
    "date": "05.01.05",
    "rating": "9",
    "author": "hana****",
    "review_id": "178290",
    "movie_id": "10274"
  },
  {
    "review": "다시 볼까? 그나저나 키아누 리브스였네....ㅋㅋ",
    "date": "04.12.10",
    "rating": "8",
    "author": "hurr****",
    "review_id": "159803",
    "movie_id": "10274"
  },
  {
    "review": "옛날에 본 기억이 나서 오늘 인터넷으로 다운받아봤는데.^^ 볼만하네요.!",
    "date": "04.08.20",
    "rating": "5",
    "author": "arie****",
    "review_id": "93729",
    "movie_id": "10274"
  }
]