[
  {
    "review": "<레옹>이란 진중한 전면전을 앞두고 펼쳐진 화려한 예고",
    "date": "15.05.14",
    "rating": "8",
    "author": "syoc****",
    "review_id": "9917030",
    "movie_id": "10275"
  },
  {
    "review": "옛날영화답게 옛날영화 스럽다. 5점짜리",
    "date": "15.05.11",
    "rating": "1",
    "author": "dksg****",
    "review_id": "9910518",
    "movie_id": "10275"
  },
  {
    "review": "참 한국어느여배우가 니키타역을소화할수있는 연기려가진 배우가있을까",
    "date": "15.05.08",
    "rating": "10",
    "author": "gusd****",
    "review_id": "9902911",
    "movie_id": "10275"
  },
  {
    "review": "모르겠다. 조금 구린 느낌이다. 여배우의 싸이코틱함이 잘 와닿지 않았다. 장르노 때문에 보게되었는데 레옹의 다른 모습 보는것 같아서 좋았다. 살인청부업자 스토리는 왠만하면 재밌게 느끼는데 왠지 내 취향에는 별로였다. 이거 다시볼바에는 레옹을 다시 본다",
    "date": "15.04.07",
    "rating": "7",
    "author": "nura****",
    "review_id": "9832402",
    "movie_id": "10275"
  },
  {
    "review": "평점이 너무높아 조정한다,,5점짜리 영화다,,영화를 다본 후 드는생각  :  뭐지 이 영화?  암것도 없는 영화",
    "date": "15.04.06",
    "rating": "1",
    "author": "kids****",
    "review_id": "9830799",
    "movie_id": "10275"
  },
  {
    "review": "액션이면 액션, 내용이면 내용. 모두 최고. 니키타의 아픔이 절절히 느꺼진다.",
    "date": "15.02.22",
    "rating": "10",
    "author": "ldj0****",
    "review_id": "9727570",
    "movie_id": "10275"
  },
  {
    "review": "이거볼바에 콜롬비아나를 10번본다는 OOO은 이 영화랑 콜롬비아나 개봉연도를 알고 시1부리는건가ㅋㅋㅋ",
    "date": "15.02.06",
    "rating": "10",
    "author": "ddab****",
    "review_id": "9673638",
    "movie_id": "10275"
  },
  {
    "review": "너무나도 슬픈 영화다.",
    "date": "15.01.29",
    "rating": "10",
    "author": "rand****",
    "review_id": "9649665",
    "movie_id": "10275"
  },
  {
    "review": "3번도 넘게 본 영화. 아직도 클리너 캐릭터에 대해서는 이해가 잘 되지 않는 부분이 있지만, 그냥 이 영화 자체가 정말 좋다.",
    "date": "14.10.10",
    "rating": "9",
    "author": "anne****",
    "review_id": "9280873",
    "movie_id": "10275"
  },
  {
    "review": "뤽 베송이 초기에 만들었던 원석",
    "date": "14.08.25",
    "rating": "8",
    "author": "ajtw****",
    "review_id": "9131095",
    "movie_id": "10275"
  },
  {
    "review": "티비에서 다시 보니 새롭네. 잘 만든 영화",
    "date": "14.07.16",
    "rating": "7",
    "author": "skcc****",
    "review_id": "8922113",
    "movie_id": "10275"
  },
  {
    "review": "오랜만에 보는데 재밌다 총의 반동이 느껴져서 좋네",
    "date": "14.07.16",
    "rating": "10",
    "author": "kimm****",
    "review_id": "8921910",
    "movie_id": "10275"
  },
  {
    "review": "보는내내 긴장이 끊이질 않았다",
    "date": "14.07.01",
    "rating": "10",
    "author": "tss9****",
    "review_id": "8874392",
    "movie_id": "10275"
  },
  {
    "review": "뤽베송의 시작을 알리는 전대미문의 수작~! 니키타.. 그 처절한 이름..",
    "date": "14.06.29",
    "rating": "10",
    "author": "spar****",
    "review_id": "8868213",
    "movie_id": "10275"
  },
  {
    "review": "좋은영화 잘봤습니다.~~",
    "date": "14.06.20",
    "rating": "10",
    "author": "unpr****",
    "review_id": "8843151",
    "movie_id": "10275"
  },
  {
    "review": "미흡한 부분은 분명 있었지만 여성성과 남성성 사이에서 고통받는 니키타를 잘 표현했다. 그리고 소재가 내 취향!",
    "date": "14.05.21",
    "rating": "9",
    "author": "voca****",
    "review_id": "8751971",
    "movie_id": "10275"
  },
  {
    "review": "어느 부분에서 재미를 느껴야 할지.... 기대했는 액션씬도 없고... 한 시간 동안 너무 지루함. 장르노 나왔는데도 지루하고차라리 콜롬비아나를 10번 보겠음....",
    "date": "14.05.12",
    "rating": "1",
    "author": "sams****",
    "review_id": "8725462",
    "movie_id": "10275"
  },
  {
    "review": "재미긴한데요 배우들 연기력 대단",
    "date": "14.04.24",
    "rating": "5",
    "author": "mos0****",
    "review_id": "8670371",
    "movie_id": "10275"
  },
  {
    "review": "레옹보다 한쉬 위인 영화",
    "date": "14.02.28",
    "rating": "10",
    "author": "xx41****",
    "review_id": "8545287",
    "movie_id": "10275"
  },
  {
    "review": "이 영화이후로 여러 모방작들이 있으나 원조는 역시 원조다.",
    "date": "14.01.25",
    "rating": "9",
    "author": "hdwh****",
    "review_id": "8423584",
    "movie_id": "10275"
  },
  {
    "review": "당시엔 훌륭했을지 모르나 90년의 겉멋은 13년엔 오그라들더라.",
    "date": "14.01.12",
    "rating": "6",
    "author": "tear****",
    "review_id": "8377301",
    "movie_id": "10275"
  },
  {
    "review": "글쎄...느린전개에 화려한 액션도 없고, 여주인공의 오바된 감정연기하며...기대이하",
    "date": "14.01.11",
    "rating": "6",
    "author": "ich1****",
    "review_id": "8369988",
    "movie_id": "10275"
  },
  {
    "review": "여자 배우 연기 좋았고. 약혼남 마르코와의 사랑도 슬펐다. 그리고 중간중간 나오는 bgm 너무 좋네.",
    "date": "14.01.05",
    "rating": "8",
    "author": "giyu****",
    "review_id": "8352577",
    "movie_id": "10275"
  },
  {
    "review": "90년도 당시에 봤을땐 충격적으로 재밌게 봤지만 그동안 비슷한 영화들이 많이 나와서인지 이제는 재미가 약간 덜하다. 그렇지만 다시봐도 재밌고 안느 파릴로의 연기 역시 훌륭하다",
    "date": "13.12.14",
    "rating": "9",
    "author": "coco****",
    "review_id": "8214540",
    "movie_id": "10275"
  },
  {
    "review": "와...진짜 장난 아니네...처음엔 이건 뭥미??했는데...진짜 가면갈수록 종니잼있슴..;",
    "date": "13.12.11",
    "rating": "8",
    "author": "do11****",
    "review_id": "8206507",
    "movie_id": "10275"
  },
  {
    "review": "화려한 액션씬을 기대했다면 실망할 것이다 재미도 그닥...",
    "date": "13.12.01",
    "rating": "5",
    "author": "zxvt****",
    "review_id": "8182652",
    "movie_id": "10275"
  },
  {
    "review": "조세핀 혹은 마리, 그리고 니키타....",
    "date": "13.11.18",
    "rating": "10",
    "author": "heod****",
    "review_id": "8149650",
    "movie_id": "10275"
  },
  {
    "review": "레스토랑씬에 놀라고, 빅토르의 무심한 총질에 웃고, 마르코와 니키타의 사랑에 울었다.",
    "date": "13.11.09",
    "rating": "10",
    "author": "bja1****",
    "review_id": "8125643",
    "movie_id": "10275"
  },
  {
    "review": "니키타의 성장영화....",
    "date": "13.11.01",
    "rating": "9",
    "author": "aida****",
    "review_id": "8107497",
    "movie_id": "10275"
  },
  {
    "review": "뢱베송 감독이었구나.... 어쩐지 완성도 높더라",
    "date": "13.11.01",
    "rating": "10",
    "author": "sol2****",
    "review_id": "8106129",
    "movie_id": "10275"
  },
  {
    "review": "이 영화를 아마 미국에서 브리짓폰다주연으로 리메이크했던 기억. 니나였던가?",
    "date": "13.10.31",
    "rating": "10",
    "author": "sola****",
    "review_id": "8103257",
    "movie_id": "10275"
  },
  {
    "review": "프랑스산 액션 영화는 니키타전과 후로 구분된다.",
    "date": "13.10.31",
    "rating": "7",
    "author": "mado****",
    "review_id": "8103118",
    "movie_id": "10275"
  },
  {
    "review": "역시 명작이죠!!!!",
    "date": "13.10.29",
    "rating": "9",
    "author": "rowe****",
    "review_id": "8099387",
    "movie_id": "10275"
  },
  {
    "review": "장르노 여기서 정말 멋졌드랬죠 ㅋㅋ 국민학교 4학년때 비디오로 보고 큰 충격에 빠졌었다는..그뒤로 열번정도는 본듯하지만 또 다시 보고 싶군요",
    "date": "13.10.26",
    "rating": "10",
    "author": "gamm****",
    "review_id": "8091054",
    "movie_id": "10275"
  },
  {
    "review": "뤽베송이 만들었던 영화중에 최고라고 할수가 있는 세편이 있죠 레옹 그랑블루 그리고 이영화 니키타 진짜 영화뿐만 아니라 미국에서 드라마로 만들었죠 진짜 여자킬러란 참으로 장난이 아니였는데 이영화가 다시 리마스터링 된다니 빨리 보고 싶네요",
    "date": "13.10.17",
    "rating": "10",
    "author": "qaws****",
    "review_id": "8065603",
    "movie_id": "10275"
  },
  {
    "review": "아무리 니키타를 리메이크를 해도 원작은 따라 갈수 없다",
    "date": "13.10.09",
    "rating": "9",
    "author": "seun****",
    "review_id": "8046633",
    "movie_id": "10275"
  },
  {
    "review": "레옹에 비교하면 쓰레기영화임은 분명하다",
    "date": "13.10.07",
    "rating": "3",
    "author": "hanm****",
    "review_id": "8043381",
    "movie_id": "10275"
  },
  {
    "review": "슬픔",
    "date": "13.09.20",
    "rating": "10",
    "author": "clau****",
    "review_id": "7998573",
    "movie_id": "10275"
  },
  {
    "review": "진-하게 여운이 남는영화",
    "date": "13.09.19",
    "rating": "10",
    "author": "whal****",
    "review_id": "7997045",
    "movie_id": "10275"
  },
  {
    "review": "특이하게 영화 상영시간 중간에 클라이막스가 있는 영화.B급 킬링타임용 영화만 제작하고,시나리오를 끄적 꺼리기전의,뤽 베쏭이 아직 재능이 뻔데기처럼,쪼그라 들기 전에 찍은 영화라,구석구석 음미할만하고,무지막지하게 재밌음.음악감독 에릭 세라의센스도/신/급",
    "date": "13.09.02",
    "rating": "10",
    "author": "baks****",
    "review_id": "7942601",
    "movie_id": "10275"
  },
  {
    "review": "마리도 조세핀도 아닌, 니키타.",
    "date": "13.08.01",
    "rating": "6",
    "author": "choy****",
    "review_id": "7812817",
    "movie_id": "10275"
  },
  {
    "review": "남다른 릭베송의 영화....리들리 스콧과 견주어도 결코 OOO 않다..",
    "date": "13.07.22",
    "rating": "9",
    "author": "mone****",
    "review_id": "7773674",
    "movie_id": "10275"
  },
  {
    "review": "내가 처음으로 10점 준 영화",
    "date": "13.06.23",
    "rating": "10",
    "author": "dlat****",
    "review_id": "7672703",
    "movie_id": "10275"
  },
  {
    "review": "약간 느린 전개가 답답할 수도 있지만 정말 몰입감 긴장감은 당시 영화치고 최고다...",
    "date": "12.10.11",
    "rating": "9",
    "author": "vm4e****",
    "review_id": "6781318",
    "movie_id": "10275"
  },
  {
    "review": "왠지 레옹느낌난다 했더니 감독이 같았군. 옛날에 봐서 한번더 보고 싶다.",
    "date": "12.10.10",
    "rating": "8",
    "author": "kem1****",
    "review_id": "6779469",
    "movie_id": "10275"
  },
  {
    "review": "긴장감있는 전개가 끝까지 유지되는군",
    "date": "12.07.14",
    "rating": "8",
    "author": "guev****",
    "review_id": "6477280",
    "movie_id": "10275"
  },
  {
    "review": "1990년 당시엔 최고의 여자킬러영화였다",
    "date": "12.07.10",
    "rating": "10",
    "author": "nav3****",
    "review_id": "6466159",
    "movie_id": "10275"
  },
  {
    "review": "영화가끝나고생각을많이하게되는영화~레옹과같이비교해서보면재미있둡",
    "date": "12.07.09",
    "rating": "9",
    "author": "cjsw****",
    "review_id": "6462716",
    "movie_id": "10275"
  },
  {
    "review": "레옹, 니키타 둘 다 최고.  무엇보다도 결말이 마음에 든다.",
    "date": "12.07.01",
    "rating": "8",
    "author": "ane_****",
    "review_id": "6434138",
    "movie_id": "10275"
  },
  {
    "review": "매력있는영화...레옹이랑비슷하면서도 다른..뤽베송 Up~",
    "date": "12.06.03",
    "rating": "8",
    "author": "vkdg****",
    "review_id": "6360068",
    "movie_id": "10275"
  },
  {
    "review": "뤽베송 옛날엔 참 잘만들었는데 요샌 뭐하는고?  뭔가 아쉬운듯 하지만 만족한 영화",
    "date": "12.04.28",
    "rating": "8",
    "author": "wjdg****",
    "review_id": "6253670",
    "movie_id": "10275"
  },
  {
    "review": "아 뭔가.. 이런 영화는 나한텐 안맞는거 같다;;;",
    "date": "12.04.08",
    "rating": "7",
    "author": "styo****",
    "review_id": "6203126",
    "movie_id": "10275"
  },
  {
    "review": "생일날 레스토랑씬은 정말 최고.",
    "date": "12.03.24",
    "rating": "10",
    "author": "yagu****",
    "review_id": "6164230",
    "movie_id": "10275"
  },
  {
    "review": "연약한 여인 킬러 니키타 불안정한연기 멋지고 프랑스 영화 멋져요 할리웃 영화는 지겨움",
    "date": "12.02.05",
    "rating": "8",
    "author": "dirt****",
    "review_id": "6052698",
    "movie_id": "10275"
  },
  {
    "review": "독하고 강렬하면서도 뭔가 허전하다.",
    "date": "12.02.05",
    "rating": "6",
    "author": "hadl****",
    "review_id": "6052678",
    "movie_id": "10275"
  },
  {
    "review": "레옹을 위한 습작이라기엔 덜 다듬어진 느낌이 너무 좋다.",
    "date": "12.01.16",
    "rating": "7",
    "author": "minu****",
    "review_id": "5991841",
    "movie_id": "10275"
  },
  {
    "review": "레옹의 배경음이 흘러 나오고 레옹베타버전격 역시 킬러로 등장",
    "date": "11.11.07",
    "rating": "7",
    "author": "hanx****",
    "review_id": "5833937",
    "movie_id": "10275"
  },
  {
    "review": "[5점] 레옹의 등장",
    "date": "11.09.28",
    "rating": "5",
    "author": "fann****",
    "review_id": "5758940",
    "movie_id": "10275"
  },
  {
    "review": "맛깔난 틈새장르를 만들어내다. 재능 반짝반짝 감독.",
    "date": "11.08.28",
    "rating": "7",
    "author": "pria****",
    "review_id": "5694994",
    "movie_id": "10275"
  },
  {
    "review": "완성도가5%부족하지만 10년전영화, 프랑스 영화라는 점에서 감안하자 끝은허무..",
    "date": "11.08.21",
    "rating": "6",
    "author": "jjaj****",
    "review_id": "5674920",
    "movie_id": "10275"
  },
  {
    "review": "생일선물 받는 장면을 거의 20년전에 본거같은데 아직도 선하다",
    "date": "11.08.04",
    "rating": "8",
    "author": "foun****",
    "review_id": "5600075",
    "movie_id": "10275"
  },
  {
    "review": "뤽 베송과 안느 파릴로드, 두 천재의 만남..",
    "date": "11.07.28",
    "rating": "9",
    "author": "ykm3****",
    "review_id": "5577068",
    "movie_id": "10275"
  },
  {
    "review": "여운이 남는 영화..",
    "date": "11.06.20",
    "rating": "7",
    "author": "tprk****",
    "review_id": "5490042",
    "movie_id": "10275"
  },
  {
    "review": "하늘색 느와르 향기..",
    "date": "11.06.06",
    "rating": "9",
    "author": "njg0****",
    "review_id": "5468075",
    "movie_id": "10275"
  },
  {
    "review": "애절한 둘의 사랑 ㅠㅠ 사랑영화임 이건!!",
    "date": "11.06.05",
    "rating": "10",
    "author": "thal****",
    "review_id": "5465585",
    "movie_id": "10275"
  },
  {
    "review": "프랑스 영화는 왠만하면 못보것다",
    "date": "11.06.03",
    "rating": "6",
    "author": "bear****",
    "review_id": "5461928",
    "movie_id": "10275"
  },
  {
    "review": "니키타 잘 봤어요 마지막에 정말 슬프네요 니키타 정말 예쁘고요 ㅎㅎ",
    "date": "11.02.20",
    "rating": "10",
    "author": "saib****",
    "review_id": "5258603",
    "movie_id": "10275"
  },
  {
    "review": "너무 슬픈 영화",
    "date": "11.02.06",
    "rating": "9",
    "author": "aodg****",
    "review_id": "5223202",
    "movie_id": "10275"
  },
  {
    "review": "니키타 넘넘 멋있어~~ 볼만해여~~",
    "date": "11.02.05",
    "rating": "10",
    "author": "sxvv****",
    "review_id": "5217615",
    "movie_id": "10275"
  },
  {
    "review": "프랑스 영화 속에 숨어있는 아름다운 영상미와 음악, 니키타의 눈빛.",
    "date": "11.01.26",
    "rating": "7",
    "author": "full****",
    "review_id": "5185907",
    "movie_id": "10275"
  },
  {
    "review": "액션 명작",
    "date": "11.01.10",
    "rating": "10",
    "author": "ango****",
    "review_id": "5145502",
    "movie_id": "10275"
  },
  {
    "review": "좋다",
    "date": "10.12.14",
    "rating": "8",
    "author": "tall****",
    "review_id": "5052026",
    "movie_id": "10275"
  },
  {
    "review": "정말 재밌게 보았네요 조금 안타까웠음",
    "date": "10.11.15",
    "rating": "9",
    "author": "tnfu****",
    "review_id": "4964362",
    "movie_id": "10275"
  },
  {
    "review": "영어더빙만 아니면 완벽한데 아 오리지날판을 못구하겠음 ㅡㅜ",
    "date": "10.11.05",
    "rating": "10",
    "author": "wksg****",
    "review_id": "4939882",
    "movie_id": "10275"
  },
  {
    "review": "비장함이 넘치는 영화",
    "date": "10.10.23",
    "rating": "10",
    "author": "unre****",
    "review_id": "4916960",
    "movie_id": "10275"
  },
  {
    "review": "니키타의 성장영화. 좋타",
    "date": "10.09.17",
    "rating": "9",
    "author": "5292****",
    "review_id": "4841508",
    "movie_id": "10275"
  },
  {
    "review": "...정말 재밋었어요 니키타의 아름다운 사랑 이야기~ 너무 좋았습니다",
    "date": "10.09.16",
    "rating": "10",
    "author": "bjh9****",
    "review_id": "4839122",
    "movie_id": "10275"
  },
  {
    "review": "지루함",
    "date": "10.09.12",
    "rating": "1",
    "author": "qhde****",
    "review_id": "4831354",
    "movie_id": "10275"
  },
  {
    "review": "어릴 적에 보고 잊지 못하는 여운을 주는 영화. 다시 봐도 아련한...",
    "date": "10.09.12",
    "rating": "10",
    "author": "idyg****",
    "review_id": "4830767",
    "movie_id": "10275"
  },
  {
    "review": "유명한 작품이라 해서 봤더니 정말 재밌었다-",
    "date": "10.09.12",
    "rating": "10",
    "author": "kjm2****",
    "review_id": "4830615",
    "movie_id": "10275"
  },
  {
    "review": "추천추천추천추천",
    "date": "10.09.12",
    "rating": "10",
    "author": "wjdg****",
    "review_id": "4830410",
    "movie_id": "10275"
  },
  {
    "review": "액션이라고 하기에도 뭣하고 스릴러라고 하기에도 뭣한, 마지막끝맺음은 프랑스 돋네",
    "date": "10.09.12",
    "rating": "7",
    "author": "tabu****",
    "review_id": "4830408",
    "movie_id": "10275"
  },
  {
    "review": "난 정말 별로 였다....",
    "date": "10.09.12",
    "rating": "1",
    "author": "rie1****",
    "review_id": "4830378",
    "movie_id": "10275"
  },
  {
    "review": "에릭세라의 더 다크 사이드 오브 타임이란 곡 좋음",
    "date": "10.09.10",
    "rating": "10",
    "author": "wine****",
    "review_id": "4827142",
    "movie_id": "10275"
  },
  {
    "review": "아마4번이상은 볼정도로 이 영화를 정말 좋아했었다 어딘가에 잘 숨어서 행복하기를..",
    "date": "10.08.14",
    "rating": "10",
    "author": "whia****",
    "review_id": "4748088",
    "movie_id": "10275"
  },
  {
    "review": "레옹은 여기 왜 나와 ㅎㅎㅎㅎㅎ",
    "date": "10.08.12",
    "rating": "10",
    "author": "wkdr****",
    "review_id": "4736704",
    "movie_id": "10275"
  },
  {
    "review": "끝이 좀 허무한데...마르코의 헌신적 사랑을 극대화 시키려는 뤽 베송의 의도?",
    "date": "10.06.15",
    "rating": "9",
    "author": "come****",
    "review_id": "4566602",
    "movie_id": "10275"
  },
  {
    "review": "액션이나 재미 면에서도 빠지지 않지만, 뤽베송 특유의 분위기는 쉽게 흉내낼 수 없다",
    "date": "10.05.23",
    "rating": "8",
    "author": "mygr****",
    "review_id": "4517636",
    "movie_id": "10275"
  },
  {
    "review": "니키따 니키따",
    "date": "10.05.06",
    "rating": "10",
    "author": "exam****",
    "review_id": "4483423",
    "movie_id": "10275"
  },
  {
    "review": "당시에 이 영화는 정말 최고였다.",
    "date": "10.03.08",
    "rating": "10",
    "author": "jjyn****",
    "review_id": "4343544",
    "movie_id": "10275"
  },
  {
    "review": "빠져든다,뤽베송감독님역시최고예요!",
    "date": "10.02.04",
    "rating": "9",
    "author": "yuri****",
    "review_id": "4243954",
    "movie_id": "10275"
  },
  {
    "review": "좀 지루했지만 꽤 여운이 남는다.",
    "date": "10.01.23",
    "rating": "6",
    "author": "cube****",
    "review_id": "4202957",
    "movie_id": "10275"
  },
  {
    "review": "트레이닝 끝날때 까지는 꽤 괜찮았다. 체키 카료(+1)",
    "date": "09.11.07",
    "rating": "5",
    "author": "expr****",
    "review_id": "3943664",
    "movie_id": "10275"
  },
  {
    "review": "조금 어려웟지만 결국 의미가 있고 사랑이 있는 영화",
    "date": "09.11.06",
    "rating": "9",
    "author": "sohe****",
    "review_id": "3939824",
    "movie_id": "10275"
  },
  {
    "review": "한때 최고의 영화였다.. 브리짓폰다의 니나 로 리메이크되었던 내 소장영화",
    "date": "09.09.19",
    "rating": "10",
    "author": "katu****",
    "review_id": "3839417",
    "movie_id": "10275"
  },
  {
    "review": "레옹보단 니키타다.",
    "date": "09.08.04",
    "rating": "10",
    "author": "cotk****",
    "review_id": "3705552",
    "movie_id": "10275"
  },
  {
    "review": "레옹의 강력한 임팩트는 따라갈 수 없는듯 하네요... 하지만 시대를 고려하면 볼만함",
    "date": "09.06.10",
    "rating": "8",
    "author": "mn10****",
    "review_id": "3556879",
    "movie_id": "10275"
  },
  {
    "review": "좋타~",
    "date": "09.06.01",
    "rating": "8",
    "author": "drd1****",
    "review_id": "3538428",
    "movie_id": "10275"
  },
  {
    "review": "흠..",
    "date": "09.03.29",
    "rating": "10",
    "author": "sin3****",
    "review_id": "3393704",
    "movie_id": "10275"
  },
  {
    "review": "한 여인의 피와 눈물로 얼룩진 자아 찾기...",
    "date": "09.01.21",
    "rating": "9",
    "author": "tkdw****",
    "review_id": "3237408",
    "movie_id": "10275"
  }
]