[
  {
    "review": "이사벨라롯세리니가 참 좋았는데...러시아 음악도...",
    "date": "15.08.25",
    "rating": "8",
    "author": "lees****",
    "review_id": "10272800",
    "movie_id": "10278"
  },
  {
    "review": "냉전의 긴장, 멋진 육체의 춤사위, 배우들의 아름답던 모습, 고인이 된 그레고리, 그리고 라이오넬리치의 엔딩곡....필름이 가진 매력의 총집합",
    "date": "15.07.14",
    "rating": "10",
    "author": "soin****",
    "review_id": "10104460",
    "movie_id": "10278"
  },
  {
    "review": "옜날에는 영화를 참 많이봤었는데 최근 들어서 영화가 거기서 거기라고 느껴졌는데 이영화는 좋네요. 정말 몰입되게 합니다.",
    "date": "15.05.21",
    "rating": "10",
    "author": "mose****",
    "review_id": "9936838",
    "movie_id": "10278"
  },
  {
    "review": "명작중의 명작.... 몇번씩 본영화 말이 필요없음",
    "date": "15.02.23",
    "rating": "10",
    "author": "sirh****",
    "review_id": "9731115",
    "movie_id": "10278"
  },
  {
    "review": "80년대 최고의 예술영화!",
    "date": "15.01.03",
    "rating": "10",
    "author": "vlta****",
    "review_id": "9555111",
    "movie_id": "10278"
  },
  {
    "review": "발레영화를 찾다가 본 영화. 스토리보다는 미하일의 춤에 기대했는데 스토리도 감동입니다~",
    "date": "14.11.02",
    "rating": "9",
    "author": "soli****",
    "review_id": "9336582",
    "movie_id": "10278"
  },
  {
    "review": "단연 최고의 영화...",
    "date": "14.07.25",
    "rating": "10",
    "author": "saha****",
    "review_id": "8955269",
    "movie_id": "10278"
  },
  {
    "review": "너무너무 다시보고싶은영화 백야 다시볼 방법이 없나요??",
    "date": "14.07.05",
    "rating": "10",
    "author": "dydg****",
    "review_id": "8886275",
    "movie_id": "10278"
  },
  {
    "review": "이 좋은 영화를 오늘에서야 봤네요!!! 감동이었습니다",
    "date": "14.02.01",
    "rating": "9",
    "author": "cjsw****",
    "review_id": "8460630",
    "movie_id": "10278"
  },
  {
    "review": "멋진 몸짓과 장면들! !!",
    "date": "14.01.08",
    "rating": "10",
    "author": "beau****",
    "review_id": "8360357",
    "movie_id": "10278"
  },
  {
    "review": "가슴두근거리는 최고의 영화",
    "date": "13.11.30",
    "rating": "10",
    "author": "jsh1****",
    "review_id": "8180034",
    "movie_id": "10278"
  },
  {
    "review": "조금만 더 어릴 때 봤더라면 무조건 10점을 줬을 텐데 ㅎㅎ 정말 멋진 영화 그리고 뛰어난 예술가의 선을 볼 수 있어 좋았던 ㅎㅎㅎㅎㅎ...",
    "date": "13.08.16",
    "rating": "9",
    "author": "dan_****",
    "review_id": "7891947",
    "movie_id": "10278"
  },
  {
    "review": "최고그레고리하인즈.",
    "date": "13.07.21",
    "rating": "10",
    "author": "ddef****",
    "review_id": "7770118",
    "movie_id": "10278"
  },
  {
    "review": "내가 고등학생때 참 감명깊게 본 영화임 어려운 고난을 이겨 내고  자유를 찾는 영화마지막 미대사관앞 씬은 정말 압권이었슴",
    "date": "13.06.23",
    "rating": "9",
    "author": "wb01****",
    "review_id": "7672504",
    "movie_id": "10278"
  },
  {
    "review": "You run away but i had to face them. 냉전시대가 그립다.. 그래도 저 배경이 소련이였기에 국제사회에서의 가오 잡고 풀어준거지. 중국이였으면 그자리에서 끌려가서 사형당할듯하다. 라이오넬리치의Say you, Say me 굿굿",
    "date": "13.03.20",
    "rating": "9",
    "author": "danz****",
    "review_id": "7376833",
    "movie_id": "10278"
  },
  {
    "review": "춤이 소재인 그 어떤 영화보다 우월하다.",
    "date": "12.11.02",
    "rating": "10",
    "author": "sa66****",
    "review_id": "6845883",
    "movie_id": "10278"
  },
  {
    "review": "역시 명작이라 지금봐도 대단한 영화",
    "date": "12.05.05",
    "rating": "9",
    "author": "poly****",
    "review_id": "6274393",
    "movie_id": "10278"
  },
  {
    "review": "런어웨이 영화는 아님. 포스터가 잘못되었음. 그래도 멋있음 재미있음 됐지?",
    "date": "12.04.14",
    "rating": "9",
    "author": "zene****",
    "review_id": "6221368",
    "movie_id": "10278"
  },
  {
    "review": "미하일 바리시니코프, 젊은시절의 이사벨라 로셀리니~최고의춤과 감동,그리고 ost~",
    "date": "12.03.29",
    "rating": "9",
    "author": "mets****",
    "review_id": "6177535",
    "movie_id": "10278"
  },
  {
    "review": "끝까지다보진못했지만; 정말 춤이 멋지더라구요! 너무 멋잇고, 어디서도 보지못했던.",
    "date": "12.03.21",
    "rating": "8",
    "author": "ps54****",
    "review_id": "6158359",
    "movie_id": "10278"
  },
  {
    "review": "춤이 정말 멋있었습니다! 멋있는 영화",
    "date": "11.11.02",
    "rating": "8",
    "author": "snow****",
    "review_id": "5824323",
    "movie_id": "10278"
  },
  {
    "review": "KBS 더빙판으로 봐서 몰입이 잘 되지 않았지만 좋은 영화임은 분명.",
    "date": "11.09.29",
    "rating": "8",
    "author": "milk****",
    "review_id": "5759369",
    "movie_id": "10278"
  },
  {
    "review": "다시보니_ 적나라한 이분법 강요는 민망하지만 유려한 춤사위는 여전히 황홀하다",
    "date": "11.09.21",
    "rating": "8",
    "author": "spik****",
    "review_id": "5744210",
    "movie_id": "10278"
  },
  {
    "review": "누가뭐래도 당신들의 탭댄스는 최고 !",
    "date": "11.09.12",
    "rating": "10",
    "author": "cndp****",
    "review_id": "5724787",
    "movie_id": "10278"
  },
  {
    "review": "너무재미있어요",
    "date": "11.09.11",
    "rating": "10",
    "author": "barb****",
    "review_id": "5722901",
    "movie_id": "10278"
  },
  {
    "review": "젊었던 헬렌 미렌만 건졌다.",
    "date": "11.07.09",
    "rating": "6",
    "author": "bbq2****",
    "review_id": "5530555",
    "movie_id": "10278"
  },
  {
    "review": "학교에서 무용선생님이 보여주셨던..춤,음악 가습이 벅차게 감동적이었어요",
    "date": "11.04.27",
    "rating": "9",
    "author": "chee****",
    "review_id": "5394134",
    "movie_id": "10278"
  },
  {
    "review": "Say You, Say Me",
    "date": "11.03.17",
    "rating": "10",
    "author": "mais****",
    "review_id": "5317761",
    "movie_id": "10278"
  },
  {
    "review": "너무 미국을 우호적으로 봐서 ... 그래도 정말 좋은 영화라는 건 인정!",
    "date": "11.02.13",
    "rating": "9",
    "author": "wkde****",
    "review_id": "5240600",
    "movie_id": "10278"
  },
  {
    "review": "최고의 댄서를 보고싶은가? 그럼 주저하지 말고 이 영화를 봐라..",
    "date": "10.12.16",
    "rating": "10",
    "author": "ykm3****",
    "review_id": "5059032",
    "movie_id": "10278"
  },
  {
    "review": "우연히 영화를 검색하다가 줄거리 보고서야 예전에 본 영화임을 알아챘다.",
    "date": "10.08.30",
    "rating": "7",
    "author": "come****",
    "review_id": "4805379",
    "movie_id": "10278"
  },
  {
    "review": "은근한 흡입력이 있었다. 남자발레와 탭댄스도 너무 멋졌고.",
    "date": "10.08.10",
    "rating": "10",
    "author": "qupi****",
    "review_id": "4730118",
    "movie_id": "10278"
  },
  {
    "review": "초등학교때 이미 미하일 바리시니코프가 멋지다고 생각했다",
    "date": "10.08.04",
    "rating": "6",
    "author": "basi****",
    "review_id": "4706746",
    "movie_id": "10278"
  },
  {
    "review": "자유를 향한 인간들의 갈망",
    "date": "10.07.27",
    "rating": "9",
    "author": "hand****",
    "review_id": "4676955",
    "movie_id": "10278"
  },
  {
    "review": "리포트를 쓰기위해 본 영화... 와~! 재밌다^^ㅋ",
    "date": "10.05.28",
    "rating": "10",
    "author": "fbip****",
    "review_id": "4527716",
    "movie_id": "10278"
  },
  {
    "review": "너무 영화 같은 영화 라서 별로다...",
    "date": "09.11.03",
    "rating": "7",
    "author": "elle****",
    "review_id": "3935058",
    "movie_id": "10278"
  },
  {
    "review": "냉전의 정당성을 호소하는 영화.. 결국은 이렇게 의미없이 허물어질 것을...",
    "date": "09.08.25",
    "rating": "3",
    "author": "imf0****",
    "review_id": "3786315",
    "movie_id": "10278"
  },
  {
    "review": "세상을 바라보는 서로 다른 시선들이 만들어내는.. 하나의 세상.",
    "date": "09.07.10",
    "rating": "9",
    "author": "youn****",
    "review_id": "3621710",
    "movie_id": "10278"
  },
  {
    "review": "숨막히는 세상.. 숨막히는 예술",
    "date": "09.05.03",
    "rating": "10",
    "author": "immo****",
    "review_id": "3462318",
    "movie_id": "10278"
  },
  {
    "review": "보는내내 환상적이었다..1985년이 아름답게 느껴질정도로..",
    "date": "09.02.23",
    "rating": "10",
    "author": "sang****",
    "review_id": "3325680",
    "movie_id": "10278"
  },
  {
    "review": "영화는 시대의 기록으로 존재할만한 가치가 있다. 환상적인 연기.",
    "date": "08.12.07",
    "rating": "10",
    "author": "spor****",
    "review_id": "3097053",
    "movie_id": "10278"
  },
  {
    "review": "Have you got fed up with freedom?",
    "date": "08.11.21",
    "rating": "10",
    "author": "unde****",
    "review_id": "3063083",
    "movie_id": "10278"
  },
  {
    "review": "한 편의 잘 만든 반공영화..ㅎㅎ",
    "date": "08.07.27",
    "rating": "6",
    "author": "meth****",
    "review_id": "2807196",
    "movie_id": "10278"
  },
  {
    "review": "라이오넬리치의 say you,say me T T 영화와 함께 감동;;",
    "date": "08.05.30",
    "rating": "10",
    "author": "full****",
    "review_id": "2670400",
    "movie_id": "10278"
  },
  {
    "review": "오랜 세월이 흘렀지만, 벅찬 감동은 나이를 먹지 않나 보다. 시대를 잊은 명작!",
    "date": "08.05.08",
    "rating": "10",
    "author": "caca****",
    "review_id": "2623852",
    "movie_id": "10278"
  },
  {
    "review": "백야..구속된 아름다움..보드카....슬라브 여인의 아름다움..그리고 비토스키",
    "date": "08.04.22",
    "rating": "10",
    "author": "judj****",
    "review_id": "2594166",
    "movie_id": "10278"
  },
  {
    "review": "어릴적 봤던 기억이.........상당히 인상적인 영화였음",
    "date": "08.02.15",
    "rating": "10",
    "author": "bobm****",
    "review_id": "2446066",
    "movie_id": "10278"
  },
  {
    "review": "이 영화를 모르고선 영화를 논할수 없다...최고의영화",
    "date": "07.12.25",
    "rating": "10",
    "author": "elda****",
    "review_id": "2263333",
    "movie_id": "10278"
  },
  {
    "review": "니꼴라이~ 빠져든다 잘 만든 괜찮은 아름답고 현실적이고",
    "date": "07.12.14",
    "rating": "10",
    "author": "love****",
    "review_id": "2230760",
    "movie_id": "10278"
  },
  {
    "review": "잠수함영화을 춤영화로 찍어온다면 이런 영화가 되지 않을까?",
    "date": "07.11.19",
    "rating": "8",
    "author": "baks****",
    "review_id": "2167153",
    "movie_id": "10278"
  },
  {
    "review": "미소냉전에 관해 가장 리얼하고 숨막히게 잘 표현된 영화",
    "date": "07.11.15",
    "rating": "10",
    "author": "matm****",
    "review_id": "2152183",
    "movie_id": "10278"
  },
  {
    "review": "정말 영화첫부분 의자를 가지고 춤추는 장면은정말 뭐라표현할수가없다.",
    "date": "07.11.06",
    "rating": "10",
    "author": "ralr****",
    "review_id": "2136085",
    "movie_id": "10278"
  },
  {
    "review": "그냥 무조건 보라고 추천하고 싶다.이런 영화 안보면 뭘보나.",
    "date": "07.09.29",
    "rating": "10",
    "author": "sana****",
    "review_id": "2059095",
    "movie_id": "10278"
  },
  {
    "review": "기교도,거장의숨결도,온갖실험정신도 없으나 10년 넘게 내겐 영화 = 백야",
    "date": "07.08.05",
    "rating": "10",
    "author": "suba****",
    "review_id": "1884336",
    "movie_id": "10278"
  },
  {
    "review": "10년만에봐도좋다",
    "date": "07.07.25",
    "rating": "10",
    "author": "kans****",
    "review_id": "1806627",
    "movie_id": "10278"
  },
  {
    "review": "발레를 하는 예술인으로써 좋은 영화였다.",
    "date": "07.03.12",
    "rating": "10",
    "author": "minf****",
    "review_id": "1531798",
    "movie_id": "10278"
  },
  {
    "review": "예술은 위대하다.",
    "date": "07.02.16",
    "rating": "10",
    "author": "siha****",
    "review_id": "1477189",
    "movie_id": "10278"
  },
  {
    "review": "미국은 나빠도 영화는 좋다",
    "date": "07.01.07",
    "rating": "10",
    "author": "nala****",
    "review_id": "1363983",
    "movie_id": "10278"
  },
  {
    "review": "예술은 인류의 공통어 & 비범한 재능은 쉽게 죽지 않아.",
    "date": "06.12.23",
    "rating": "10",
    "author": "4sav****",
    "review_id": "1316108",
    "movie_id": "10278"
  },
  {
    "review": "러시아의 공산체제. 미국의 인종차별. 괜찮았다.",
    "date": "06.11.15",
    "rating": "7",
    "author": "bitc****",
    "review_id": "1233853",
    "movie_id": "10278"
  },
  {
    "review": "Lionel Richie - Say You Say Me (1983)",
    "date": "06.09.08",
    "rating": "9",
    "author": "kula****",
    "review_id": "1111106",
    "movie_id": "10278"
  },
  {
    "review": "좋은데",
    "date": "06.08.24",
    "rating": "10",
    "author": "zeed****",
    "review_id": "1074896",
    "movie_id": "10278"
  },
  {
    "review": "철저히 미국적인 영화지만 어떤가 춤꾼의 정열과 꿈이 보이는 걸",
    "date": "06.05.09",
    "rating": "9",
    "author": "donj****",
    "review_id": "793725",
    "movie_id": "10278"
  },
  {
    "review": "볼레로가 정말로 좋았음",
    "date": "06.04.04",
    "rating": "10",
    "author": "k971****",
    "review_id": "747748",
    "movie_id": "10278"
  },
  {
    "review": "몇번을 봐도 질리지 않는 영화,,,강추",
    "date": "06.03.08",
    "rating": "10",
    "author": "dodo****",
    "review_id": "709216",
    "movie_id": "10278"
  },
  {
    "review": "음악,발레, 명장면들",
    "date": "05.12.14",
    "rating": "10",
    "author": "obba****",
    "review_id": "503987",
    "movie_id": "10278"
  },
  {
    "review": "냉전시대의 한 단면을 보여준 괜찮은 영화...",
    "date": "05.12.14",
    "rating": "9",
    "author": "visi****",
    "review_id": "503969",
    "movie_id": "10278"
  },
  {
    "review": "곳곳에 포진된 명장면들..",
    "date": "05.10.31",
    "rating": "8",
    "author": "tjsd****",
    "review_id": "460243",
    "movie_id": "10278"
  },
  {
    "review": "핵드포의 자유의 갈망",
    "date": "05.08.14",
    "rating": "8",
    "author": "okjo****",
    "review_id": "366987",
    "movie_id": "10278"
  },
  {
    "review": "아름다운 곡들",
    "date": "05.06.28",
    "rating": "10",
    "author": "iosi****",
    "review_id": "308524",
    "movie_id": "10278"
  },
  {
    "review": "물론 자유가 좋다. 하지만 미국이 자유는 아니다.",
    "date": "05.06.27",
    "rating": "5",
    "author": "ocdg****",
    "review_id": "307876",
    "movie_id": "10278"
  },
  {
    "review": "영화보다 영화 속 러시아 가수가 부른 노래가 더 좋았다.",
    "date": "05.06.07",
    "rating": "7",
    "author": "mete****",
    "review_id": "295724",
    "movie_id": "10278"
  },
  {
    "review": "안무가 돋보이는 영화.",
    "date": "04.10.17",
    "rating": "10",
    "author": "iahb****",
    "review_id": "127422",
    "movie_id": "10278"
  },
  {
    "review": "추억의 영화..구성은 별로..",
    "date": "04.10.15",
    "rating": "5",
    "author": "thin****",
    "review_id": "126037",
    "movie_id": "10278"
  },
  {
    "review": "80년대 최고의 명작 ~",
    "date": "04.09.24",
    "rating": "10",
    "author": "ecol****",
    "review_id": "113575",
    "movie_id": "10278"
  },
  {
    "review": "say you ~ say me ~ 乃",
    "date": "04.09.23",
    "rating": "10",
    "author": "203k****",
    "review_id": "113348",
    "movie_id": "10278"
  },
  {
    "review": "우연히보게되었는데 계속 보니까 너무 좋더라구요.",
    "date": "04.05.31",
    "rating": "10",
    "author": "muro****",
    "review_id": "47909",
    "movie_id": "10278"
  },
  {
    "review": "예술 영화라기엔 너무나도 탄탄한 스토리와 스케일 ,.",
    "date": "04.03.01",
    "rating": "10",
    "author": "chun****",
    "review_id": "25912",
    "movie_id": "10278"
  }
]