[
  {
    "review": "유치하다는걸 뻔히 알지만 남자로서 그냥 넘어갈 수 밖에 없는.. 갠적으로 만족스러웠던 남성용 판타지",
    "date": "15.08.26",
    "rating": "7",
    "author": "wjsr****",
    "review_id": "10277203",
    "movie_id": "10270"
  },
  {
    "review": "녹화해서 몇번씩 봤던영화. 크리스티스완슨이 내겐 천사로 보엿다. 지금도 무척이나 이쁜 그녀 사랑한다.",
    "date": "15.08.11",
    "rating": "10",
    "author": "code****",
    "review_id": "10217568",
    "movie_id": "10270"
  },
  {
    "review": "90년대에 나온 60년대풍 싸구려 삼류 모방작. iMDB 3.8을 한국에 가져오니 20대 발정난 불알들이 8.78까지 올려주는구나... 니들은 영구와 땡칠이나 계속 봐라...",
    "date": "14.06.29",
    "rating": "3",
    "author": "heli****",
    "review_id": "8867071",
    "movie_id": "10270"
  },
  {
    "review": "아하 옛날에 2편을 봤던 기억이 있는거 같다 그래서 1편을봐도 몰랐던거군! 1탄 2탄 여배우 짱짱",
    "date": "14.06.28",
    "rating": "10",
    "author": "shis****",
    "review_id": "8866015",
    "movie_id": "10270"
  },
  {
    "review": "크리스티 스완슨 커여어",
    "date": "14.05.27",
    "rating": "4",
    "author": "expr****",
    "review_id": "8769661",
    "movie_id": "10270"
  },
  {
    "review": "여배우때문에 볼만했다..",
    "date": "14.02.25",
    "rating": "8",
    "author": "myso****",
    "review_id": "8537455",
    "movie_id": "10270"
  },
  {
    "review": "유치하지만 소녀취향의 귀여운 영화.",
    "date": "13.12.27",
    "rating": "7",
    "author": "rich****",
    "review_id": "8312856",
    "movie_id": "10270"
  },
  {
    "review": "그저그런 뻔한 영화. 제작년도를 많이 감안하고 봐도 참기힘듬이 있음",
    "date": "12.12.11",
    "rating": "4",
    "author": "raju****",
    "review_id": "6993310",
    "movie_id": "10270"
  },
  {
    "review": "얼굴은 2탄이 예쁘고 몸매는 1탄이 훌륭한듯.. 둘다 마네킨같은 외모",
    "date": "12.11.25",
    "rating": "8",
    "author": "tayh****",
    "review_id": "6925589",
    "movie_id": "10270"
  },
  {
    "review": "나는 백인 금발 미녀에 대한 환상이 있다. 크리스티 스완슨은 정말 환상적인 여자다.",
    "date": "11.03.10",
    "rating": "8",
    "author": "deka****",
    "review_id": "5302581",
    "movie_id": "10270"
  },
  {
    "review": "진짜 어릴때본거라 내용도 잘기억안나지만 추억이묻어나는영화",
    "date": "10.12.03",
    "rating": "10",
    "author": "bird****",
    "review_id": "5018253",
    "movie_id": "10270"
  },
  {
    "review": "흥행에 쫄딱 망한데는 다 이유가 있었군",
    "date": "10.07.06",
    "rating": "1",
    "author": "morb****",
    "review_id": "4617493",
    "movie_id": "10270"
  },
  {
    "review": "아무 생각없이 즐길 수 있는 영화",
    "date": "10.05.14",
    "rating": "6",
    "author": "jjyn****",
    "review_id": "4497362",
    "movie_id": "10270"
  },
  {
    "review": "어렷을쩍 봤던 기억 너무너무 재밌었다..진짜 몇번이고 본듯..",
    "date": "10.03.24",
    "rating": "10",
    "author": "jin8****",
    "review_id": "4383723",
    "movie_id": "10270"
  },
  {
    "review": "초딩때 외삼촌이빌려와서봤능데 정말넘넘잼났던.ㅋㅋ",
    "date": "10.03.24",
    "rating": "10",
    "author": "fofo****",
    "review_id": "4383399",
    "movie_id": "10270"
  },
  {
    "review": "쇼윈도 넘어 보이는 천년묵은 사랑.",
    "date": "09.12.10",
    "rating": "6",
    "author": "lees****",
    "review_id": "4031948",
    "movie_id": "10270"
  },
  {
    "review": "중2때 신문기사보구 혼자 극장가서 봤던 영화ㅋ 여주가 느무나 이쁘고 사랑스러움!!",
    "date": "09.09.23",
    "rating": "10",
    "author": "meiw****",
    "review_id": "3845312",
    "movie_id": "10270"
  },
  {
    "review": "정말 정말 재밌게 본 마네킨의 속편! 전편보다 더 매력있다...음악도 배우도 짱!!",
    "date": "09.04.12",
    "rating": "10",
    "author": "stit****",
    "review_id": "3418126",
    "movie_id": "10270"
  },
  {
    "review": "난 전편이 더 좋은거 같다.",
    "date": "09.02.28",
    "rating": "8",
    "author": "kckz****",
    "review_id": "3338796",
    "movie_id": "10270"
  },
  {
    "review": "우연히 봤는데 넘잼있었음!! 추천!",
    "date": "09.01.31",
    "rating": "10",
    "author": "kens****",
    "review_id": "3265734",
    "movie_id": "10270"
  },
  {
    "review": "전편을 뛰어넘는 아기자기한 재미와 스완슨의 매력",
    "date": "09.01.26",
    "rating": "9",
    "author": "gall****",
    "review_id": "3252569",
    "movie_id": "10270"
  },
  {
    "review": "고등학교때학교땡땡이치고 맨앞자리에서만 3일연속본 기억이나네요.서울극장에서",
    "date": "08.02.03",
    "rating": "10",
    "author": "gooz****",
    "review_id": "2401830",
    "movie_id": "10270"
  },
  {
    "review": "동화같은 영화 주인공 넘이뻤어요",
    "date": "08.02.03",
    "rating": "10",
    "author": "kmhh****",
    "review_id": "2401337",
    "movie_id": "10270"
  },
  {
    "review": "그녀의 웃음 움직임 하나 하나가 정말 사랑스럽도다..",
    "date": "08.01.21",
    "rating": "9",
    "author": "vict****",
    "review_id": "2356662",
    "movie_id": "10270"
  },
  {
    "review": "뼛속까지 미소짓게 해 주겠다고 달려드는 즐거운 영화마네킨의 속편",
    "date": "08.01.17",
    "rating": "10",
    "author": "baks****",
    "review_id": "2338394",
    "movie_id": "10270"
  },
  {
    "review": "몇번을 봐도 잊을수 없는 영화 ㅜㅜ 정말 최고",
    "date": "08.01.09",
    "rating": "10",
    "author": "bopa****",
    "review_id": "2309730",
    "movie_id": "10270"
  },
  {
    "review": "대땅 잼었어요^^ 여주인공 이쁘구욥",
    "date": "07.12.07",
    "rating": "10",
    "author": "dusa****",
    "review_id": "2213114",
    "movie_id": "10270"
  },
  {
    "review": "이거드 조낸재밌지",
    "date": "07.12.04",
    "rating": "10",
    "author": "banl****",
    "review_id": "2206833",
    "movie_id": "10270"
  },
  {
    "review": "스완슨 넘 이뻐..왜 일케 많이 못떳을까...",
    "date": "07.09.16",
    "rating": "10",
    "author": "chop****",
    "review_id": "2023745",
    "movie_id": "10270"
  },
  {
    "review": "전작과 비슷한 구조지만 참신함은 약했다",
    "date": "07.09.01",
    "rating": "7",
    "author": "deff****",
    "review_id": "1995265",
    "movie_id": "10270"
  },
  {
    "review": "아아~이렇게도 이뿌던 크리스티스완슨 누님이..ㅠ.ㅠ 세월은 역시...",
    "date": "07.07.29",
    "rating": "8",
    "author": "revo****",
    "review_id": "1822162",
    "movie_id": "10270"
  },
  {
    "review": "조낸 재미있네 -ㅁ-",
    "date": "07.01.17",
    "rating": "10",
    "author": "aive****",
    "review_id": "1391290",
    "movie_id": "10270"
  },
  {
    "review": "다시 본 영화.사만다보단 귀여운 크리스티가 나은것같음!!",
    "date": "07.01.01",
    "rating": "10",
    "author": "whdl****",
    "review_id": "1346478",
    "movie_id": "10270"
  },
  {
    "review": "다시리메이크되어도좋을것같은영화^^",
    "date": "06.12.17",
    "rating": "10",
    "author": "sawa****",
    "review_id": "1298439",
    "movie_id": "10270"
  },
  {
    "review": "너무 재밌어~@@ 남자주인공 여자주인공 너무 매력적",
    "date": "06.11.25",
    "rating": "10",
    "author": "egyp****",
    "review_id": "1250840",
    "movie_id": "10270"
  },
  {
    "review": "웃게도 18세이상 관람가 우연히 빌린거 받아보게된 영화로 최고",
    "date": "06.09.16",
    "rating": "10",
    "author": "sbs2****",
    "review_id": "1124958",
    "movie_id": "10270"
  },
  {
    "review": "우연히 본지 5년이 넘었는데도 잊지 못하는 영화",
    "date": "06.06.11",
    "rating": "9",
    "author": "rees****",
    "review_id": "840044",
    "movie_id": "10270"
  },
  {
    "review": "재미는 있는데 유치함이 많이 보이네요 ^^;",
    "date": "06.04.16",
    "rating": "7",
    "author": "bm00****",
    "review_id": "764079",
    "movie_id": "10270"
  },
  {
    "review": "내가 중학교 때 내 마음을 너무나도 설레이게 했던 그영화",
    "date": "06.03.25",
    "rating": "10",
    "author": "lims****",
    "review_id": "734249",
    "movie_id": "10270"
  },
  {
    "review": "너무 재밌습니다.",
    "date": "05.11.29",
    "rating": "10",
    "author": "5919****",
    "review_id": "488666",
    "movie_id": "10270"
  },
  {
    "review": "나도 초딩때 봤는데 잠을 못잤다.",
    "date": "05.11.20",
    "rating": "9",
    "author": "naye****",
    "review_id": "479090",
    "movie_id": "10270"
  },
  {
    "review": "영화의 또 다른 이름, 꿈.",
    "date": "05.09.20",
    "rating": "7",
    "author": "m60d****",
    "review_id": "413461",
    "movie_id": "10270"
  },
  {
    "review": "1과 비교해 별로 달라지지 않는 영화~ 주제곡이 좋다.",
    "date": "05.07.19",
    "rating": "6",
    "author": "nams****",
    "review_id": "327498",
    "movie_id": "10270"
  },
  {
    "review": "내가 초딩때 봤는데도 너무 좋았다 진짜 동화같음!",
    "date": "05.05.16",
    "rating": "10",
    "author": "desi****",
    "review_id": "279143",
    "movie_id": "10270"
  },
  {
    "review": "판타스틱한 로맨틱 코메디~.여자가 너무 아름답다~!ㅜ.ㅜ.",
    "date": "05.05.07",
    "rating": "8",
    "author": "yasi****",
    "review_id": "272857",
    "movie_id": "10270"
  },
  {
    "review": "짱!!! 너무 재밌어서 많이 반복해서 봤다",
    "date": "05.04.28",
    "rating": "10",
    "author": "9813****",
    "review_id": "267672",
    "movie_id": "10270"
  },
  {
    "review": "흥미롭고 순수하고 즐겁다. 여자가 너무 이뻐! 가족 감상권함!",
    "date": "05.02.12",
    "rating": "10",
    "author": "wjpe****",
    "review_id": "217688",
    "movie_id": "10270"
  },
  {
    "review": "별이 많으면 좋아요  별똥별",
    "date": "05.01.08",
    "rating": "10",
    "author": "kich****",
    "review_id": "180622",
    "movie_id": "10270"
  },
  {
    "review": "별 마니마니 올리자",
    "date": "05.01.08",
    "rating": "10",
    "author": "kimx****",
    "review_id": "180619",
    "movie_id": "10270"
  },
  {
    "review": "I`ve Danced Alone Thousand Time. .음악원츄!!",
    "date": "05.01.08",
    "rating": "10",
    "author": "wild****",
    "review_id": "180198",
    "movie_id": "10270"
  },
  {
    "review": "스완슨 원츄... 그당시 영화볼때 얼마나 예쁘던지... ㅎㅎ",
    "date": "04.12.27",
    "rating": "10",
    "author": "mdem****",
    "review_id": "171230",
    "movie_id": "10270"
  },
  {
    "review": "스완슨 짱 졸라 예쁘다",
    "date": "04.12.16",
    "rating": "10",
    "author": "lhs0****",
    "review_id": "163456",
    "movie_id": "10270"
  },
  {
    "review": "크리스티 스완슨의 미모에 10점~",
    "date": "04.10.12",
    "rating": "10",
    "author": "clev****",
    "review_id": "124289",
    "movie_id": "10270"
  }
]