[
  {
    "review": "여주인공 빼곤 볼게 없다. 엉성한 80년대 어드밴쳐 무비.",
    "date": "15.08.13",
    "rating": "6",
    "author": "urus****",
    "review_id": "10224449",
    "movie_id": "10287"
  },
  {
    "review": "이런게 진정한 액션 모험 영화지..  요즘은 이런거 못만드냐..",
    "date": "15.07.22",
    "rating": "7",
    "author": "adiv****",
    "review_id": "10130619",
    "movie_id": "10287"
  },
  {
    "review": "30년전 미국떠나기 직전에 종로1가 어떤 극장인가에서 본 영화...ㅎㅎㅎ  아직도 기억이 생생합니다~",
    "date": "15.06.03",
    "rating": "10",
    "author": "phan****",
    "review_id": "9971890",
    "movie_id": "10287"
  },
  {
    "review": "캐슬린 터너. 덤앤더머2에서엄마역..새월앞에 장사없네여..ㅠㅠ",
    "date": "15.03.30",
    "rating": "10",
    "author": "manp****",
    "review_id": "9816130",
    "movie_id": "10287"
  },
  {
    "review": "마초 인디아나 존스에 로맨스를 더하면...",
    "date": "14.10.09",
    "rating": "8",
    "author": "arti****",
    "review_id": "9279684",
    "movie_id": "10287"
  },
  {
    "review": "진흙슬로프 타다가 가랭이에 얼굴퐉~~~~",
    "date": "14.08.21",
    "rating": "8",
    "author": "kmbo****",
    "review_id": "9119196",
    "movie_id": "10287"
  },
  {
    "review": "84년작이란 것을 감안하여 7점.무난한 콜롬비아 모험물~",
    "date": "14.05.18",
    "rating": "7",
    "author": "cred****",
    "review_id": "8744009",
    "movie_id": "10287"
  },
  {
    "review": "다시 봐도 어드벤쳐 최고 ~",
    "date": "13.09.07",
    "rating": "9",
    "author": "pass****",
    "review_id": "7956161",
    "movie_id": "10287"
  },
  {
    "review": "어릴때 정말 재미있게 본 영화, 80년대 영화들이 참 창의적이고 흥미진진했는데, 요즘엔 그럼 맛이 없네. 존경하는 로버트저멕키스 감독님의 영화",
    "date": "13.06.28",
    "rating": "10",
    "author": "dwko****",
    "review_id": "7685810",
    "movie_id": "10287"
  },
  {
    "review": "밍밍한 로맨스와 따분한 모험",
    "date": "12.03.28",
    "rating": "2",
    "author": "goms****",
    "review_id": "6175809",
    "movie_id": "10287"
  },
  {
    "review": "예전에 봤다면 모를까 지금보니 넘 유치...",
    "date": "12.03.25",
    "rating": "3",
    "author": "dbzh****",
    "review_id": "6166660",
    "movie_id": "10287"
  },
  {
    "review": "옛날에 정말 재밋게 봤던 영화인데...",
    "date": "12.03.05",
    "rating": "10",
    "author": "jord****",
    "review_id": "6124862",
    "movie_id": "10287"
  },
  {
    "review": "어떻게 이런 영화와 연기로 상들을 받으시나?",
    "date": "12.02.22",
    "rating": "5",
    "author": "bbq2****",
    "review_id": "6095948",
    "movie_id": "10287"
  },
  {
    "review": "TV영화로도 부족하다. 허접을 표현해내다.",
    "date": "11.10.10",
    "rating": "1",
    "author": "pria****",
    "review_id": "5781592",
    "movie_id": "10287"
  },
  {
    "review": "정말로 로맨싱. 어드벤처는 생색만.",
    "date": "11.08.01",
    "rating": "6",
    "author": "goin****",
    "review_id": "5588331",
    "movie_id": "10287"
  },
  {
    "review": "예전에 재밌게본영화 다시보구 싶네요 ㅎㅎㅎㅎㅎㅎㅎㅎㅎ",
    "date": "11.06.20",
    "rating": "9",
    "author": "hmk3****",
    "review_id": "5490578",
    "movie_id": "10287"
  },
  {
    "review": "당시 용산극장에서 봤음,,,재밌게 보았던 기억이 나네요 ~~~~~~~~~",
    "date": "11.01.14",
    "rating": "7",
    "author": "fnsk****",
    "review_id": "5157471",
    "movie_id": "10287"
  },
  {
    "review": "옛날에 정말 재미있게 봤던 기억이....",
    "date": "10.11.25",
    "rating": "10",
    "author": "zap1****",
    "review_id": "4987634",
    "movie_id": "10287"
  },
  {
    "review": "정말 재밌게 봤었는데 모험과 적절한 로맨스",
    "date": "10.11.15",
    "rating": "10",
    "author": "oliv****",
    "review_id": "4964379",
    "movie_id": "10287"
  },
  {
    "review": "80년대 전형적 모험영화. 작품성보다는 볼거리가 많은 영화.",
    "date": "10.05.21",
    "rating": "9",
    "author": "zemy****",
    "review_id": "4514350",
    "movie_id": "10287"
  },
  {
    "review": "과연 저메키스다운 모험과 사랑을 배경으로 한 영화이다 어렸을적 재미있게 봤던영화",
    "date": "09.09.29",
    "rating": "7",
    "author": "thra****",
    "review_id": "3859395",
    "movie_id": "10287"
  },
  {
    "review": "모험물로썬 인디아나존스에 비교되며 욕 먹었지만 코믹+로맨스로 커버해서 볼만했음",
    "date": "09.09.13",
    "rating": "7",
    "author": "gall****",
    "review_id": "3827097",
    "movie_id": "10287"
  },
  {
    "review": "재미있게 봐서 10점",
    "date": "09.04.17",
    "rating": "10",
    "author": "vbnm****",
    "review_id": "3425724",
    "movie_id": "10287"
  },
  {
    "review": "로맨스와 어드벤처를 적절히 배합한 수작",
    "date": "09.01.17",
    "rating": "8",
    "author": "nwit****",
    "review_id": "3227868",
    "movie_id": "10287"
  },
  {
    "review": "고등학교때, 극장에서 깔깔대며 봤던 기억이 있지. 흥미진진하고 매력적인 모험물.",
    "date": "09.01.13",
    "rating": "7",
    "author": "acin****",
    "review_id": "3217443",
    "movie_id": "10287"
  },
  {
    "review": "무섭지 않은 공포영화 같은 어설픈 모험영화",
    "date": "07.12.03",
    "rating": "2",
    "author": "nala****",
    "review_id": "2204182",
    "movie_id": "10287"
  },
  {
    "review": "겁나 재밌는 모험담 웰컴 투더 정글 못지 않다",
    "date": "07.07.16",
    "rating": "8",
    "author": "baks****",
    "review_id": "1780696",
    "movie_id": "10287"
  },
  {
    "review": "제멕키스, 이때가 지금보다 낫다. 적어도 억지스럽지는 않으니까.",
    "date": "07.06.16",
    "rating": "7",
    "author": "rott****",
    "review_id": "1704016",
    "movie_id": "10287"
  },
  {
    "review": "캐릭터로 약간 어필. 대체로 지루한 느낌.",
    "date": "07.03.29",
    "rating": "7",
    "author": "seun****",
    "review_id": "1561302",
    "movie_id": "10287"
  },
  {
    "review": "어렸을 때  설레면서 봤던 기억이ㅋ 여자들의 최고의 모험영화!!!",
    "date": "07.03.13",
    "rating": "10",
    "author": "alis****",
    "review_id": "1532836",
    "movie_id": "10287"
  },
  {
    "review": "예전에 이 영화 재밌게 봤는데",
    "date": "06.06.30",
    "rating": "8",
    "author": "zeed****",
    "review_id": "864566",
    "movie_id": "10287"
  },
  {
    "review": "티브이용 영화. 생각이나 기대없이 보면 그런대로 재미있음",
    "date": "06.02.13",
    "rating": "7",
    "author": "atzu****",
    "review_id": "668328",
    "movie_id": "10287"
  },
  {
    "review": "로버트 저맥키스. 친구인 스필버그의 영화를 패러디하다.",
    "date": "06.01.09",
    "rating": "7",
    "author": "movi****",
    "review_id": "574073",
    "movie_id": "10287"
  },
  {
    "review": "무리해서 따라하면 망하지..",
    "date": "05.12.25",
    "rating": "6",
    "author": "blue****",
    "review_id": "527690",
    "movie_id": "10287"
  },
  {
    "review": "제메키스의 졸작 모험물",
    "date": "05.12.24",
    "rating": "5",
    "author": "kws7****",
    "review_id": "525001",
    "movie_id": "10287"
  },
  {
    "review": "이런.. 평점이 너무 짜..",
    "date": "05.05.04",
    "rating": "10",
    "author": "rush****",
    "review_id": "270710",
    "movie_id": "10287"
  },
  {
    "review": "It`s terrible! 인디아나존스가 자꾸 생각나게 만드는 영화..",
    "date": "05.01.19",
    "rating": "2",
    "author": "klux****",
    "review_id": "189759",
    "movie_id": "10287"
  },
  {
    "review": "생애 최고의 로맨싱 어드벤처!!! How boring이라니 너무하는군요.",
    "date": "04.10.25",
    "rating": "10",
    "author": "reic****",
    "review_id": "132378",
    "movie_id": "10287"
  },
  {
    "review": "정말 재밋게 봤던 기역이 나는군요^^",
    "date": "04.10.04",
    "rating": "8",
    "author": "jihy****",
    "review_id": "120386",
    "movie_id": "10287"
  }
]