[
  {
    "review": "볼까 말까를 고민했어요. 35살에 처음 보다니 ㅠ.ㅠ 뭐랄까 정말 짠하네요.  제가 살아온 시절을 돌이켜보게 됩니다. 한동안 웃었고 울었습니다. 왜 이렇게 눈물이 나는지 웃음이 나는지. 정말 최고네요.",
    "date": "15.07.05",
    "rating": "10",
    "author": "choe****",
    "review_id": "10073777",
    "movie_id": "10282"
  },
  {
    "review": "어린 리버피닉스의 역할이 어찌나 어른스럽도 듬직하던지...어른인 내가 꼬마애한테 의지가되고 위로를 얻네 참... 살아있었으면 정말 좋은 영화 많이 찍고 있었을 텐데 ㅠㅠ",
    "date": "15.07.04",
    "rating": "10",
    "author": "h1gh****",
    "review_id": "10069711",
    "movie_id": "10282"
  },
  {
    "review": "나이를 먹어감에 더욱 그리워 지는영화 어린시절로 돌아가고 싶네요~",
    "date": "15.05.28",
    "rating": "10",
    "author": "cycl****",
    "review_id": "9955729",
    "movie_id": "10282"
  },
  {
    "review": "추억돋는다... 어린시절이 너무 그립다...",
    "date": "15.05.21",
    "rating": "10",
    "author": "lym1****",
    "review_id": "9935975",
    "movie_id": "10282"
  },
  {
    "review": "인생영화중 하나...그리고 가슴을 파고드는 엔딩송",
    "date": "15.05.09",
    "rating": "10",
    "author": "suns****",
    "review_id": "9906325",
    "movie_id": "10282"
  },
  {
    "review": "십몇년 전 고딩때 우연히 티비에서 봤는데 그때부터 내 인생 영화가 되었다 이 영화를 알게 되서 행복하다",
    "date": "15.04.28",
    "rating": "10",
    "author": "ehoo****",
    "review_id": "9875015",
    "movie_id": "10282"
  },
  {
    "review": "이들에게는 크고 중요한 여정",
    "date": "15.03.17",
    "rating": "9",
    "author": "leet****",
    "review_id": "9789836",
    "movie_id": "10282"
  },
  {
    "review": "가히 성장 영화에 최고봉이라 할 수 있습니다. 항상 소장하고 있어요. 무엇보다 배경이 최고에요.. ^^",
    "date": "15.03.15",
    "rating": "10",
    "author": "saja****",
    "review_id": "9782654",
    "movie_id": "10282"
  },
  {
    "review": "영화에 나오는 노래들도 참 좋다",
    "date": "15.02.20",
    "rating": "10",
    "author": "hlsh****",
    "review_id": "9717433",
    "movie_id": "10282"
  },
  {
    "review": "20번도 넘게 돌려본  최고의 영화",
    "date": "15.02.17",
    "rating": "10",
    "author": "oscu****",
    "review_id": "9705037",
    "movie_id": "10282"
  },
  {
    "review": "풋풋했던 어린시절을 회상하게 만드는 성장영화...리버피닉스는 어릴때부터 눈빛이 남달랐구나...4명의 소년들 중에 유독 그에게서 아우라가 느껴졌다...",
    "date": "15.02.10",
    "rating": "8",
    "author": "qhrt****",
    "review_id": "9684219",
    "movie_id": "10282"
  },
  {
    "review": "진한  여운이 남는다.12살적  친구들은 지금  뭐할까?",
    "date": "15.02.01",
    "rating": "10",
    "author": "marc****",
    "review_id": "9657334",
    "movie_id": "10282"
  },
  {
    "review": "너무 슬픈 성장영화다..",
    "date": "15.01.16",
    "rating": "10",
    "author": "jdud****",
    "review_id": "9599720",
    "movie_id": "10282"
  },
  {
    "review": "스티븐킹 의 사계 단편 중 가을을 그 옛날 이야기를 잘 다룰줄 아는 감독 롭라이너거 만들어낸 명화. 산토끼 토끼야 어디로 가느냐---그립고 아름답고 아픈 이야기들이여",
    "date": "15.01.06",
    "rating": "10",
    "author": "iuba****",
    "review_id": "9566949",
    "movie_id": "10282"
  },
  {
    "review": "가슴 속에 많은 여운을 남긴 영화...무슨 이유 인지는 알 수 없지만...자꾸 보고 싶은 영화.",
    "date": "14.12.29",
    "rating": "10",
    "author": "besl****",
    "review_id": "9535888",
    "movie_id": "10282"
  },
  {
    "review": "난 이런 추억 돋는 성장영화가 좋더라.  훈훈하고 가슴 찡하다.",
    "date": "14.12.25",
    "rating": "9",
    "author": "paji****",
    "review_id": "9515329",
    "movie_id": "10282"
  },
  {
    "review": "86년 당시에 소년들이 시체를 찾는 소재만으로도  대단한 발상이였다.지금은 워낙 쇼킹한 소재들이 나오니 지금 보면  지루할수 있는데 그때시절 소년들만의 감성을 담아낸것과 ost가 나오는 부분은 최고다",
    "date": "14.11.24",
    "rating": "10",
    "author": "bgyn****",
    "review_id": "9419012",
    "movie_id": "10282"
  },
  {
    "review": "진짜  생각해볼께 많은 영화",
    "date": "14.11.18",
    "rating": "10",
    "author": "pypp****",
    "review_id": "9397070",
    "movie_id": "10282"
  },
  {
    "review": "철없는 아이들의 어린시절 시체 찾아 떠난 추억 이야기 정도..",
    "date": "14.11.08",
    "rating": "2",
    "author": "plto****",
    "review_id": "9354077",
    "movie_id": "10282"
  },
  {
    "review": "친구들의 우정을 다시 보는 영화....",
    "date": "14.10.12",
    "rating": "10",
    "author": "yesy****",
    "review_id": "9287875",
    "movie_id": "10282"
  },
  {
    "review": "상당히 밋밋한 성장영화.",
    "date": "14.09.23",
    "rating": "3",
    "author": "jiyu****",
    "review_id": "9235687",
    "movie_id": "10282"
  },
  {
    "review": "리버피닉스가 그립다..",
    "date": "14.09.07",
    "rating": "10",
    "author": "dker****",
    "review_id": "9179318",
    "movie_id": "10282"
  },
  {
    "review": "원작의 느낌보다는 약하다. 그래도 충분한 영화. 스탠바이 미와 잇은 내게 최고의 소설이다.",
    "date": "14.08.15",
    "rating": "8",
    "author": "john****",
    "review_id": "9087785",
    "movie_id": "10282"
  },
  {
    "review": "이영화 예전에 봤는데, 정말 감동적인 성장드라마",
    "date": "14.08.07",
    "rating": "9",
    "author": "leve****",
    "review_id": "9043999",
    "movie_id": "10282"
  },
  {
    "review": "언제나 최고로 뽑는 내인생 영화",
    "date": "14.07.31",
    "rating": "10",
    "author": "angd****",
    "review_id": "8989436",
    "movie_id": "10282"
  },
  {
    "review": "열 두 살, 친구가 아니라 인생을 사귀었던 시기.  우리는 미숙하지만  그때 이미  나름의 삶과 죽음을 배웠다.  \"떠난건 3일이지만 돌아왔을때 마을은 이전보다  부쩍 작아져 있었다.\" \"그런 친구들이 또 있을까? \"  Stand by me",
    "date": "14.07.28",
    "rating": "10",
    "author": "vias****",
    "review_id": "8975794",
    "movie_id": "10282"
  },
  {
    "review": "미국애들 참 화끈하구만",
    "date": "14.07.17",
    "rating": "8",
    "author": "wowk****",
    "review_id": "8924608",
    "movie_id": "10282"
  },
  {
    "review": "스릴러 거장 스티븐킹의 성장영화",
    "date": "14.06.25",
    "rating": "8",
    "author": "scif****",
    "review_id": "8854666",
    "movie_id": "10282"
  },
  {
    "review": "내가 본 최고의 모험.성장영화. 많은 것을 생각하게 해 준 고마운 영화다.",
    "date": "14.06.24",
    "rating": "10",
    "author": "govl****",
    "review_id": "8851367",
    "movie_id": "10282"
  },
  {
    "review": "시체를 보고도 아무것도 할 수 없던 무기력함과 뿔뿔이 흩어져 집으로 가는 순간 끝나버린 일탈  아이들은 자신이 어른이 될 수 없다는 것을 그 때 알아버렸다.단지 과거 회상 영화로 보기엔 아깝다. 이리고  별 것 없는 모험에 지루해하는 사람들이 있을듯.",
    "date": "14.06.19",
    "rating": "8",
    "author": "snow****",
    "review_id": "8839750",
    "movie_id": "10282"
  },
  {
    "review": "뭔 초등학교 졸업반 애들이 인생 절반은 살아야 할수 있는대사들을..",
    "date": "14.04.15",
    "rating": "8",
    "author": "niv9****",
    "review_id": "8652646",
    "movie_id": "10282"
  },
  {
    "review": "B급배우 윌희튼 리즈시절 쩔었구나.. 빅뱅이론보다 뭔가해서봤는데.. 이걸 32에보다니..ㅠㅜ",
    "date": "14.04.10",
    "rating": "9",
    "author": "joow****",
    "review_id": "8640633",
    "movie_id": "10282"
  },
  {
    "review": "와우 그 꼬마가 리버 피닉스였어. 키퍼 서덜랜드와 존 쿠삭의 젊은 모습도 뵈게되네...근데 이게 다야.",
    "date": "14.02.24",
    "rating": "6",
    "author": "ykdi****",
    "review_id": "8535329",
    "movie_id": "10282"
  },
  {
    "review": "우정 영화의 달인 로브 라이너 감독에다가 어린 나이에 섹시하기까지 한 리버 피닉스의 멋진 조화. 아름다운 스토리. 최고의 성장영화라고 할 만함. 로브 라이너 감독의 <플립>도 강추.",
    "date": "14.02.03",
    "rating": "10",
    "author": "js10****",
    "review_id": "8469943",
    "movie_id": "10282"
  },
  {
    "review": "괜찮긴 한데 평점이 너무 높다.",
    "date": "14.01.22",
    "rating": "1",
    "author": "mool****",
    "review_id": "8409922",
    "movie_id": "10282"
  },
  {
    "review": "Althought I hadn`t seen him in more than 10 years, I know I`ll miss him forever ... 30여년 된 영화인데 알수 없는 추억이 그리워 2번의 눈물을 훔쳤다. 나이가 드니 사소함에 약해진다.",
    "date": "14.01.15",
    "rating": "9",
    "author": "cele****",
    "review_id": "8384935",
    "movie_id": "10282"
  },
  {
    "review": "행복하고 아련했던 유년시절...",
    "date": "14.01.13",
    "rating": "10",
    "author": "gch5****",
    "review_id": "8379570",
    "movie_id": "10282"
  },
  {
    "review": "아주 재밌진 않지만 충분히 공감간다.. 어린시절의 친구들.. 친구란 그저 스쳐지나가는 인연일 뿐이라는거... 나도 어린시절 단짝 친구들이 있었지만.. 20년이 지난 그친구들 뭐하는지 조차 모른다. 그렇게 매일 같이 놀던 친한친구가..",
    "date": "14.01.10",
    "rating": "10",
    "author": "qorc****",
    "review_id": "8365873",
    "movie_id": "10282"
  },
  {
    "review": "어린 시절에 대한 추억.",
    "date": "14.01.09",
    "rating": "7",
    "author": "kckz****",
    "review_id": "8363586",
    "movie_id": "10282"
  },
  {
    "review": "내 인생의 영화. 몇번을 봐도 최고다 ..",
    "date": "14.01.07",
    "rating": "10",
    "author": "hoos****",
    "review_id": "8357822",
    "movie_id": "10282"
  },
  {
    "review": "얼마전에 봤는데 잊혀지지가 않네요. 씁쓸했던 마지막 장면까지 감동적이었습니다.",
    "date": "13.12.12",
    "rating": "10",
    "author": "haru****",
    "review_id": "8208272",
    "movie_id": "10282"
  },
  {
    "review": "꼬마들의 모험 이야기. 근데 이게 왜 청소년 관람불가지?",
    "date": "13.11.21",
    "rating": "1",
    "author": "mara****",
    "review_id": "8156457",
    "movie_id": "10282"
  },
  {
    "review": "왠지 주인공 아이들과 함께 여행을 다녀온 듯 한 기분.",
    "date": "13.11.19",
    "rating": "7",
    "author": "mbgm****",
    "review_id": "8153522",
    "movie_id": "10282"
  },
  {
    "review": "감성에 젖게하는 영화. 이래서 옛날영화가 좋아",
    "date": "13.11.03",
    "rating": "10",
    "author": "mymi****",
    "review_id": "8111621",
    "movie_id": "10282"
  },
  {
    "review": "내 곁에 있어 줘 내 곁에 있어 줘",
    "date": "13.10.27",
    "rating": "10",
    "author": "kimj****",
    "review_id": "8095078",
    "movie_id": "10282"
  },
  {
    "review": "너무나도 부러운 영화.",
    "date": "13.09.23",
    "rating": "10",
    "author": "dlwo****",
    "review_id": "8012258",
    "movie_id": "10282"
  },
  {
    "review": "추억.",
    "date": "13.09.23",
    "rating": "10",
    "author": "magi****",
    "review_id": "8011085",
    "movie_id": "10282"
  },
  {
    "review": "성장영화의 대명사",
    "date": "13.09.20",
    "rating": "10",
    "author": "suni****",
    "review_id": "8000732",
    "movie_id": "10282"
  },
  {
    "review": "5점이 적장",
    "date": "13.09.11",
    "rating": "5",
    "author": "dhkd****",
    "review_id": "7965046",
    "movie_id": "10282"
  },
  {
    "review": "학창시절에  기억을 한번쯤 되새기는 영화 철없던 아이가 철없던 친구로서 성장해가는 모습은 이젠 볼수가없다",
    "date": "13.08.21",
    "rating": "7",
    "author": "ghzm****",
    "review_id": "7909835",
    "movie_id": "10282"
  },
  {
    "review": "부담 없이 편안히 볼 수 있는 추억의 세계. 어느 친구 집단이건 동심에선 한번 있을 법한 이야기입니다.",
    "date": "13.08.06",
    "rating": "8",
    "author": "cosc****",
    "review_id": "7851710",
    "movie_id": "10282"
  },
  {
    "review": "누구나 가지고있을 어린시절의 향수... 리버피닉스 어릴때부터 연기 잘했구나",
    "date": "13.08.05",
    "rating": "9",
    "author": "jeri****",
    "review_id": "7842990",
    "movie_id": "10282"
  },
  {
    "review": "숨은 보석을 찾은 기분이다.  어린시절 많은 추억들이 스쳐지나간다.",
    "date": "13.08.03",
    "rating": "10",
    "author": "m410****",
    "review_id": "7831235",
    "movie_id": "10282"
  },
  {
    "review": "'친구란 스쳐가는 인연인 것이다.' 저 어린 나이에 그런 연기가 가능했던 리버 피닉스가 아깝게 죽었다는 것을 강하게 상기시켜 주는 영화다. 별 내용은 없는데 이상하게 울컥하게 만든다.",
    "date": "13.07.25",
    "rating": "7",
    "author": "airi****",
    "review_id": "7784729",
    "movie_id": "10282"
  },
  {
    "review": "아이들의 모험영화. 순수한 동심의 세계를 봐서 즐겁다",
    "date": "13.06.30",
    "rating": "10",
    "author": "sieu****",
    "review_id": "7693786",
    "movie_id": "10282"
  },
  {
    "review": "미성년자관불인 킹대인의 미성년자 성년영화.",
    "date": "13.06.29",
    "rating": "10",
    "author": "heim****",
    "review_id": "7689051",
    "movie_id": "10282"
  },
  {
    "review": "나의 성장일기와 비슷한 내용이다. 중학시절 동내 사총사, 말성꾸러기들,30여년이 지났어도 모이면, ㅎㅎ 그때 그시절로 되돌아간다",
    "date": "13.06.23",
    "rating": "10",
    "author": "go07****",
    "review_id": "7670461",
    "movie_id": "10282"
  },
  {
    "review": "초등학교 시절 항상 함께했던 친구 두녀석이있다 지금은 뭐하고 사는지 모르겠다 삼십대가 된 난 지금 새로운 친구들과 함께한다 시간이 흐르면 지금 있는 친구들도 뭐하고 사는지 모르겠지 친구란 잠시 스쳐지나가는 인연일뿐..",
    "date": "13.06.21",
    "rating": "9",
    "author": "skj0****",
    "review_id": "7662574",
    "movie_id": "10282"
  },
  {
    "review": "네이버 영화등급 고치세요.아름다운 성장영화가 19세라니.못본사람은 남녀노소 꼭보세요 그리고 스탠 바이미를 들으세요!",
    "date": "13.06.17",
    "rating": "9",
    "author": "ik04****",
    "review_id": "7651280",
    "movie_id": "10282"
  },
  {
    "review": "계속 생각나게 만드는 영화~   아이들 연기는  너무 리얼함~  대사 하나하나가 다 재밌고 감동있는 영화~^",
    "date": "13.06.10",
    "rating": "10",
    "author": "okt0****",
    "review_id": "7622767",
    "movie_id": "10282"
  },
  {
    "review": "친구...",
    "date": "13.06.09",
    "rating": "10",
    "author": "full****",
    "review_id": "7615268",
    "movie_id": "10282"
  },
  {
    "review": "기분이 이상하다 한감정에 오래붙잡히지않고ㅇ무덤덤하게 끌어안을수있는게 추억이란건가 이상한기분이다",
    "date": "13.06.09",
    "rating": "10",
    "author": "holh****",
    "review_id": "7614905",
    "movie_id": "10282"
  },
  {
    "review": "헐 잭바우어 횽님의 스무살 모습이...!지금 ebs에서 봤네요ㅋㅋ",
    "date": "13.06.09",
    "rating": "10",
    "author": "dx2o****",
    "review_id": "7614837",
    "movie_id": "10282"
  },
  {
    "review": "웃고 울고 향수를 일으키는. .  명배우들의 과거모습 새삼스럽고 역시. . 어리지만 연기력은 진짜 출중. . 감동 그 자체. . 소년들 넘 귀여운 녀석들 나이들어보니 의미가 남다르네요",
    "date": "13.06.09",
    "rating": "10",
    "author": "lady****",
    "review_id": "7614690",
    "movie_id": "10282"
  },
  {
    "review": "재수할때 공부 해야 하는데 자꾸 빠져들게 해서 공부를  못힌게  했던영화... 추억이  새록새록... 지금 EBS에서 하는데... 얘들하고  집사람이  점점 빠져드는데...",
    "date": "13.06.08",
    "rating": "10",
    "author": "jswo****",
    "review_id": "7614570",
    "movie_id": "10282"
  },
  {
    "review": "친구,  그리고 추억",
    "date": "13.06.08",
    "rating": "9",
    "author": "blos****",
    "review_id": "7611059",
    "movie_id": "10282"
  },
  {
    "review": "어릴때는 중간 중간 보고 말았는데, 35에 보니 의미가 깊구나..",
    "date": "13.04.20",
    "rating": "10",
    "author": "pass****",
    "review_id": "7470939",
    "movie_id": "10282"
  },
  {
    "review": "아쉬운 부분이 있긴 하지만 86년작인걸 감안하고 추억을 떠올리자면 그냥 10점 주고싶다",
    "date": "13.03.30",
    "rating": "10",
    "author": "milk****",
    "review_id": "7421521",
    "movie_id": "10282"
  },
  {
    "review": "어린시절 추억을 떠올려보는데에는 이만한 영화가 없겠지만단편소설인 원작에 충실하려고 애써그런지 모르겠다만.. 앞뒤 플롯이 매끄럽게 이어지지를 못하네요",
    "date": "13.02.27",
    "rating": "7",
    "author": "dkfl****",
    "review_id": "7307133",
    "movie_id": "10282"
  },
  {
    "review": "아름답다!",
    "date": "13.02.21",
    "rating": "10",
    "author": "byeh****",
    "review_id": "7287132",
    "movie_id": "10282"
  },
  {
    "review": "내  친구는 초등학교 3~4학년 때 이 걸 최고의 영화라고 했다... 나는  20대 후반에  느낀 것을~ 그 놈은 지금 뭐 하고 있을까??....",
    "date": "13.02.08",
    "rating": "10",
    "author": "nowh****",
    "review_id": "7237987",
    "movie_id": "10282"
  },
  {
    "review": "영화도 명작이고 책도 베스트셀러 !",
    "date": "13.02.02",
    "rating": "10",
    "author": "dksw****",
    "review_id": "7215614",
    "movie_id": "10282"
  },
  {
    "review": "여운이 남는 영화..",
    "date": "13.01.12",
    "rating": "9",
    "author": "xx41****",
    "review_id": "7106128",
    "movie_id": "10282"
  },
  {
    "review": "어린시절의 친구들이 그리워진다. 그리움. 추억. 하나만의 이유로  지금이라도 모험을 할수있을까",
    "date": "12.12.16",
    "rating": "10",
    "author": "dwc0****",
    "review_id": "7008753",
    "movie_id": "10282"
  },
  {
    "review": "이거 너무 여운이 심해 ......에고...ㅠ",
    "date": "12.11.22",
    "rating": "10",
    "author": "thrj****",
    "review_id": "6911396",
    "movie_id": "10282"
  },
  {
    "review": "오늘스크린에서보고있음.",
    "date": "12.11.13",
    "rating": "10",
    "author": "joso****",
    "review_id": "6884244",
    "movie_id": "10282"
  },
  {
    "review": "다시보구  다시봐도  너무  좋은...~~~^^",
    "date": "12.11.12",
    "rating": "10",
    "author": "bbud****",
    "review_id": "6882032",
    "movie_id": "10282"
  },
  {
    "review": "성장의씁쓸함과 시간이지난다는게 아쉽고 외롭게만 느껴졌다 하지만 그건 피해갈수없는 현실이고 그러기에 더소중함을 느끼게해주는 영화였다 단순하지만 진부하지않은 여운이 나를 기분좋게 해준다내가좋아하는 감독 롭 라이너의 연출작품이여서 나에게는 더 애뜻한영화다",
    "date": "12.11.12",
    "rating": "10",
    "author": "lemo****",
    "review_id": "6881567",
    "movie_id": "10282"
  },
  {
    "review": "좋다. 이제껏 본 성장영화중 최고임. 십여년 만에 연락이 온 오래전 친구가 생각난다. 다시 만나려고 했는데 추억으로 남겨둬야 하나..",
    "date": "12.10.30",
    "rating": "9",
    "author": "hll0****",
    "review_id": "6836953",
    "movie_id": "10282"
  },
  {
    "review": "마지막 장면과 OST 의 여운이 깊게 남는 가슴이 따스해지는 영화...",
    "date": "12.10.22",
    "rating": "10",
    "author": "toro****",
    "review_id": "6821106",
    "movie_id": "10282"
  },
  {
    "review": "오늘 스크린에서 처음 봤음",
    "date": "12.10.16",
    "rating": "10",
    "author": "zerg****",
    "review_id": "6806029",
    "movie_id": "10282"
  },
  {
    "review": "모든 성장영화의 OO점. 리버 피닉스...정말 아까운 배우다",
    "date": "12.09.11",
    "rating": "10",
    "author": "hiw1****",
    "review_id": "6687853",
    "movie_id": "10282"
  },
  {
    "review": "최고다 이영화 ㅠㅠ",
    "date": "12.08.29",
    "rating": "10",
    "author": "kcwh****",
    "review_id": "6654045",
    "movie_id": "10282"
  },
  {
    "review": "최고지 이영화",
    "date": "12.08.28",
    "rating": "10",
    "author": "byun****",
    "review_id": "6649425",
    "movie_id": "10282"
  },
  {
    "review": "다시는 돌아 갈 수 없기에 그토록 아름다운 건 아닐까 ? 추억이란 세월이",
    "date": "12.07.04",
    "rating": "10",
    "author": "tomb****",
    "review_id": "6444794",
    "movie_id": "10282"
  },
  {
    "review": "삷을 살아간다는것",
    "date": "12.06.23",
    "rating": "10",
    "author": "dure****",
    "review_id": "6411061",
    "movie_id": "10282"
  },
  {
    "review": "이제는 추억이 된 어린 시절의 우정을 다룬 최고의 성장 영화",
    "date": "12.06.12",
    "rating": "8",
    "author": "wkdd****",
    "review_id": "6386131",
    "movie_id": "10282"
  },
  {
    "review": "최고다  어린시절을 돌아보며 추억하게 만든 영화다",
    "date": "12.05.22",
    "rating": "10",
    "author": "yu69****",
    "review_id": "6320384",
    "movie_id": "10282"
  },
  {
    "review": "본지 오래됬지만 리버피닉스애 눈빛만은 또렷이 기억나는 영화",
    "date": "12.05.18",
    "rating": "8",
    "author": "rdfa****",
    "review_id": "6307558",
    "movie_id": "10282"
  },
  {
    "review": "아이들이 성숙하는 과정을 크게 무겁진 않게 그려냈다.",
    "date": "12.05.15",
    "rating": "9",
    "author": "dlgk****",
    "review_id": "6300353",
    "movie_id": "10282"
  },
  {
    "review": "아까비.. 기대엥 못미침 *_ㅜ",
    "date": "12.05.12",
    "rating": "7",
    "author": "sugi****",
    "review_id": "6293304",
    "movie_id": "10282"
  },
  {
    "review": "뚜렷해서 더욱 그리운 어린 시절들",
    "date": "12.05.06",
    "rating": "9",
    "author": "zkaw****",
    "review_id": "6275718",
    "movie_id": "10282"
  },
  {
    "review": "역시 어렸을때의 우정이 계속 유지되는것은 불가능한 일인가?",
    "date": "12.04.29",
    "rating": "10",
    "author": "zvn1****",
    "review_id": "6256045",
    "movie_id": "10282"
  },
  {
    "review": "잘봣습니다",
    "date": "12.04.21",
    "rating": "8",
    "author": "naeg****",
    "review_id": "6236464",
    "movie_id": "10282"
  },
  {
    "review": "내 어린시절이랑은 많이 달라",
    "date": "12.04.18",
    "rating": "6",
    "author": "loop****",
    "review_id": "6231130",
    "movie_id": "10282"
  },
  {
    "review": "이 영화가 좋다면 국산영화 9살인생도 재밌게 볼듯",
    "date": "12.03.20",
    "rating": "8",
    "author": "griw****",
    "review_id": "6156651",
    "movie_id": "10282"
  },
  {
    "review": "호밀밭의 파수꾼",
    "date": "12.03.01",
    "rating": "8",
    "author": "dhkq****",
    "review_id": "6116399",
    "movie_id": "10282"
  },
  {
    "review": "방금 스크린에서 보고왔는데 12살짜리가 담배ㅕ ㅋㅋㅋㅋ",
    "date": "12.02.20",
    "rating": "10",
    "author": "ghkd****",
    "review_id": "6091780",
    "movie_id": "10282"
  },
  {
    "review": "무슨 말이 필요해",
    "date": "12.02.09",
    "rating": "9",
    "author": "najj****",
    "review_id": "6062977",
    "movie_id": "10282"
  },
  {
    "review": "잔잔한 영화 입니다. 스티븐킹 최고",
    "date": "12.02.05",
    "rating": "10",
    "author": "bh12****",
    "review_id": "6054330",
    "movie_id": "10282"
  }
]