[
  {
    "review": "평점을 남기는 이유는 여러분들이 꼭 보셨으면 하는 바램입니다.",
    "date": "15.07.24",
    "rating": "10",
    "author": "45ji****",
    "review_id": "10138255",
    "movie_id": "10284"
  },
  {
    "review": "이 영화는 오래 전에 TV에서 방영했었던 기억이 있는데 그때 그냥 지나쳤다가 우연히 다시 보게 되었다. 제라르 드 빠르디유와 이브 몽땅과 마농을 연기한 엠마뉴엘 베아르의 모습이 매우 인상 깊게 남았다. 사람과 물과 생명과 사랑의 이야기가 감동...!",
    "date": "15.01.26",
    "rating": "10",
    "author": "zzin****",
    "review_id": "9638091",
    "movie_id": "10284"
  },
  {
    "review": "인간의 탐욕과 이기심에 관한 영화라 생각했는데...그건 사랑이었어요. 최근에 본 영화 중에 가장 감동적입니다. 꼭 봐야할 명작입니다. 위대한 문학작품을 읽은 느낌입니다.",
    "date": "14.10.19",
    "rating": "10",
    "author": "agad****",
    "review_id": "9303131",
    "movie_id": "10284"
  },
  {
    "review": "추천. 고전명작을 읽은느낌입니다.",
    "date": "14.10.13",
    "rating": "10",
    "author": "06si****",
    "review_id": "9289953",
    "movie_id": "10284"
  },
  {
    "review": "3대에 걸친 비극. 모든게 다 인간의 어리석음의 결과. 왜 이 영화가 명작인지 알겠다.",
    "date": "14.08.03",
    "rating": "9",
    "author": "ddal****",
    "review_id": "9018056",
    "movie_id": "10284"
  },
  {
    "review": "어릴 때 tv에서 주말 오후에 보여줬는데 잘 어울리는 분위기에요..  맘을 곱게 씁시다",
    "date": "14.07.03",
    "rating": "10",
    "author": "khyn****",
    "review_id": "8880653",
    "movie_id": "10284"
  },
  {
    "review": "수작 프랑스 영화, 강추드립니다",
    "date": "14.04.12",
    "rating": "10",
    "author": "bgyu****",
    "review_id": "8644076",
    "movie_id": "10284"
  },
  {
    "review": "정말 아픈 영화....",
    "date": "14.04.07",
    "rating": "10",
    "author": "jmp0****",
    "review_id": "8634474",
    "movie_id": "10284"
  },
  {
    "review": "끔찍한 운명. 마지막 반전은 마치 스타워즈에서 다스베이더의 고백만큼 충격적이다.",
    "date": "14.03.13",
    "rating": "10",
    "author": "ykdi****",
    "review_id": "8571240",
    "movie_id": "10284"
  },
  {
    "review": "욕망과 사랑과 어리석음이 낳은 비극을 담담하고 장렬하게 잘 나타낸 명작",
    "date": "14.02.20",
    "rating": "10",
    "author": "trgn****",
    "review_id": "8524484",
    "movie_id": "10284"
  },
  {
    "review": "80년대 프랑스 최고의 영화 중 하나. 잘 짜여진 시나리오, 묵직한 연출과 분위기가 일품인 영화!!",
    "date": "13.10.31",
    "rating": "10",
    "author": "brav****",
    "review_id": "8104179",
    "movie_id": "10284"
  },
  {
    "review": "거의 30년이 지났는데도 최고의 영화 중 하나로 기억된다",
    "date": "13.08.25",
    "rating": "8",
    "author": "luv8****",
    "review_id": "7919920",
    "movie_id": "10284"
  }
]