[
  {
    "review": "그녀가 빛났던 순간은 그녀가 남자를 좋아하기보다 그녀를 좋아하는 남자들이 나와서 아닌가? 마릴린 당신은 스타가 아닌 별이야!",
    "date": "15.08.02",
    "rating": "10",
    "author": "jesu****",
    "review_id": "10176316",
    "movie_id": "10286"
  },
  {
    "review": "먼로니깐 ,,, 오직머ㄴ론",
    "date": "15.06.30",
    "rating": "10",
    "author": "won2****",
    "review_id": "10056761",
    "movie_id": "10286"
  },
  {
    "review": "거의 60년 전 작품이지만 지금 봐도 너무 유쾌하고 재미있다. 먼로 보려고 봤다가 토니 커티스와 잭 레먼의 코믹 연기에 푹 빠져버렸다.",
    "date": "15.06.29",
    "rating": "10",
    "author": "vllr****",
    "review_id": "10050071",
    "movie_id": "10286"
  },
  {
    "review": "평점 올립시다. !!!",
    "date": "15.06.07",
    "rating": "10",
    "author": "jy00****",
    "review_id": "9982506",
    "movie_id": "10286"
  },
  {
    "review": "마릴린 몬로의 세기적 매력에 아주 푸욱 빠지게 된다",
    "date": "15.05.24",
    "rating": "7",
    "author": "sipj****",
    "review_id": "9944718",
    "movie_id": "10286"
  }
]