[
  {
    "review": "지금 보더라도 전혀 촌스럽지않은 세련된 에로틱스릴러. 여주인공이 상당히 매력적이고, 끈적끈적한 음악은 특유의 고전미를 더해준다.",
    "date": "15.08.27",
    "rating": "9",
    "author": "kjk9****",
    "review_id": "10277708",
    "movie_id": "10281"
  },
  {
    "review": "보디히트? 액션이야?",
    "date": "15.08.17",
    "rating": "10",
    "author": "spin****",
    "review_id": "10246292",
    "movie_id": "10281"
  },
  {
    "review": "캐슬린 터너. 덤앤더머2에서엄마역..새월앞에 장사없네여..ㅠㅠ",
    "date": "15.03.30",
    "rating": "10",
    "author": "manp****",
    "review_id": "9816128",
    "movie_id": "10281"
  },
  {
    "review": "81년 판 원초적 본능이라고 할 수 있다",
    "date": "15.02.09",
    "rating": "9",
    "author": "juny****",
    "review_id": "9681422",
    "movie_id": "10281"
  },
  {
    "review": "에로틱 스릴러에 너무나 완벽한 존베리의 메인테마와 함께 흘러가는 캐서린터너의 매력적인 목소리의 조화(본인도 자기가 뜬 이유는 목소리때문일거라 할 정도로 팜므파탈적인 목소리) 80년대의 세련미 그리고 한여름밤의 끈적한 관능미를 잘 표현한 스릴러!",
    "date": "15.02.02",
    "rating": "9",
    "author": "iuba****",
    "review_id": "9660042",
    "movie_id": "10281"
  },
  {
    "review": "인간 세탁소?대단들하다.",
    "date": "14.12.08",
    "rating": "1",
    "author": "luke****",
    "review_id": "9459229",
    "movie_id": "10281"
  },
  {
    "review": "캐슬린 터너의 보디는 볼만했다",
    "date": "14.08.30",
    "rating": "1",
    "author": "mara****",
    "review_id": "9148159",
    "movie_id": "10281"
  },
  {
    "review": "캐서린 터너 굉장히 매력적이네요!",
    "date": "14.07.22",
    "rating": "7",
    "author": "clou****",
    "review_id": "8939274",
    "movie_id": "10281"
  },
  {
    "review": "끈적한 음악과 관능미가 기분좋다",
    "date": "14.07.12",
    "rating": "10",
    "author": "kimg****",
    "review_id": "8908124",
    "movie_id": "10281"
  },
  {
    "review": "무섭다. 어쩌면 이중배상을 연상 시키지만 그것을 뛰어 넘는다. 다소 유치한 음악이 유일한 단점.",
    "date": "14.06.23",
    "rating": "10",
    "author": "ykdi****",
    "review_id": "8849909",
    "movie_id": "10281"
  },
  {
    "review": "훌륭한 고전.  영상기술에 많아 의존하는 요즘 영화와 달리 이야기가 진지하게 젖어들어온다.",
    "date": "14.02.10",
    "rating": "10",
    "author": "soon****",
    "review_id": "8496648",
    "movie_id": "10281"
  },
  {
    "review": "음악좋고 다 좋은데 빨려드는 매력이 좀 부족한듯. 원초적본능을 봐서 그런지 이 영화가 더 먼저라도 이분야의 갑은 역시 샤론스톤이..",
    "date": "13.10.09",
    "rating": "8",
    "author": "bong****",
    "review_id": "8046341",
    "movie_id": "10281"
  },
  {
    "review": "대사가 멋있네요. 여자친구 없고 남자친구 없으면 보기를 상대방의 말을 잘 받고 연결시키는 내면의 아름다움을 부드러움을 느낄 수 있어요. 초반부에 무드있는 음악과 함께",
    "date": "13.06.09",
    "rating": "8",
    "author": "lion****",
    "review_id": "7616055",
    "movie_id": "10281"
  },
  {
    "review": "극중의 팜므파탈처럼 뻔하고 도식적이지만 결국 빠져들 수밖에 없는, 세월이 가도 여전한 필름느와르란 장르의 매력. 폭염 속 끈적이는 욕망에 취해 서서히 타락으로 빠져드는 한 남자의 이야기를 정석적이면서도 매혹적으로 그렸다.",
    "date": "13.03.10",
    "rating": "9",
    "author": "kor1****",
    "review_id": "7336836",
    "movie_id": "10281"
  },
  {
    "review": "여주인공이 매력적이다.. 그 덕분에 베드신도 더 좋아보임",
    "date": "13.01.07",
    "rating": "8",
    "author": "figh****",
    "review_id": "7088711",
    "movie_id": "10281"
  },
  {
    "review": "관능적 베드신이 영화에서 겉돈다. 연출도 아쉽고. 감독의 자작 각본은 참 좋은데.",
    "date": "11.08.07",
    "rating": "7",
    "author": "mist****",
    "review_id": "5613829",
    "movie_id": "10281"
  },
  {
    "review": "짜임새있는플롯 긴장감의완만한고조 인상적인뻐꾸기대사. 베드신은 별로.",
    "date": "11.07.27",
    "rating": "6",
    "author": "myst****",
    "review_id": "5573365",
    "movie_id": "10281"
  },
  {
    "review": "팜므파탈 스릴러의 기념비적 작품! 끈끈한 음악, 정사신도 일품.",
    "date": "11.05.22",
    "rating": "9",
    "author": "pwoo****",
    "review_id": "5442398",
    "movie_id": "10281"
  },
  {
    "review": "잘 짜여진 스토리지만 여주가 별로다..",
    "date": "11.02.07",
    "rating": "8",
    "author": "come****",
    "review_id": "5225975",
    "movie_id": "10281"
  },
  {
    "review": "그시대를 대표하는 에로틱 스릴러 걸작.. 이후 90년대에<원초적본능>이 나왔다",
    "date": "10.10.13",
    "rating": "7",
    "author": "si2p****",
    "review_id": "4901256",
    "movie_id": "10281"
  },
  {
    "review": "짐 보니까 영 지루하다.. 워낙 임팩트 강한 영화들이 많이 나와서..",
    "date": "10.09.01",
    "rating": "8",
    "author": "did4****",
    "review_id": "4810873",
    "movie_id": "10281"
  },
  {
    "review": "그냥저냥 평범한 에로틱스릴러인 줄 알았는데, 플롯이 제법 정교하고 치밀하다.",
    "date": "10.07.18",
    "rating": "7",
    "author": "floa****",
    "review_id": "4650284",
    "movie_id": "10281"
  },
  {
    "review": "81년작이라니... 오 놀라워라~! 캐슬린 터너는 젊었을때 스칼렛요한슨 닮았구나...",
    "date": "10.05.05",
    "rating": "10",
    "author": "ingd****",
    "review_id": "4479540",
    "movie_id": "10281"
  },
  {
    "review": "음...원초적 본능 초기 버전?",
    "date": "10.02.06",
    "rating": "5",
    "author": "expr****",
    "review_id": "4252124",
    "movie_id": "10281"
  },
  {
    "review": "옛날 작품이지만 명작이라서 블루레이 나와있습니다,",
    "date": "09.11.26",
    "rating": "10",
    "author": "rhoh****",
    "review_id": "3992351",
    "movie_id": "10281"
  },
  {
    "review": "치명적인 팜므파탈이다.지대로 남자인생 박살내네…진짜 홋하다",
    "date": "09.10.12",
    "rating": "9",
    "author": "ador****",
    "review_id": "3887656",
    "movie_id": "10281"
  },
  {
    "review": "오래된 영화지만 비교적 잘 짜여진 스릴러물 유명세 대단했다",
    "date": "09.08.05",
    "rating": "7",
    "author": "deff****",
    "review_id": "3709615",
    "movie_id": "10281"
  },
  {
    "review": "살인의추억송강호가 뭐? 보디히트? 액션이야? 하던 그 영화다..ㅋㅋ 볼만함.",
    "date": "09.08.03",
    "rating": "7",
    "author": "kuic****",
    "review_id": "3700078",
    "movie_id": "10281"
  },
  {
    "review": "팜므파탈의 교과서",
    "date": "09.02.02",
    "rating": "8",
    "author": "nwit****",
    "review_id": "3273086",
    "movie_id": "10281"
  },
  {
    "review": "관능적이며 지능적인 스릴러.. 어찌 저런 미인이.. 모든게 밝혀져도 믿기 힘들다..",
    "date": "08.12.07",
    "rating": "9",
    "author": "skyf****",
    "review_id": "3098262",
    "movie_id": "10281"
  },
  {
    "review": "80년대 영화치곤 꽤 잘 만들어진 영화. 주인공의 지금 모습을 보니 세월의 무상함이..",
    "date": "08.11.27",
    "rating": "8",
    "author": "shes****",
    "review_id": "3074721",
    "movie_id": "10281"
  },
  {
    "review": "재미있는 영화이긴 하지만 '이중배상'을 뛰어넘진 못했다.",
    "date": "08.11.23",
    "rating": "9",
    "author": "kusa****",
    "review_id": "3067351",
    "movie_id": "10281"
  },
  {
    "review": "미키루크때문에 봤지만 마치 90년 초반에 나온듯한 카메라기법에 탄탄한 구성",
    "date": "08.10.04",
    "rating": "8",
    "author": "ngda****",
    "review_id": "2981791",
    "movie_id": "10281"
  },
  {
    "review": "꽤 치밀한 구성이 마음에 드는 영화다.. 이정도면 잘짜여진 스토리..",
    "date": "08.07.10",
    "rating": "8",
    "author": "pola****",
    "review_id": "2752226",
    "movie_id": "10281"
  },
  {
    "review": "지금봐도 대박인 영화다 잔잔한 흐름속에 뇌쇄적인 스토리",
    "date": "08.03.02",
    "rating": "9",
    "author": "suvr****",
    "review_id": "2498501",
    "movie_id": "10281"
  },
  {
    "review": "오 이제와서 생각해보니 인상적인 영화였네...",
    "date": "07.09.20",
    "rating": "7",
    "author": "nala****",
    "review_id": "2032527",
    "movie_id": "10281"
  },
  {
    "review": "그러게 적당히 좀 밝히지 그랬어.끈적끈적한 재미, 뒤통수 맞은 얼얼함.",
    "date": "07.05.30",
    "rating": "7",
    "author": "hadl****",
    "review_id": "1672956",
    "movie_id": "10281"
  },
  {
    "review": "미키루크를 보니 오래되긴 한 영화...그러나...촌스럽지 않다",
    "date": "07.03.06",
    "rating": "7",
    "author": "okyk****",
    "review_id": "1521882",
    "movie_id": "10281"
  },
  {
    "review": "몸 돼, 얼굴 돼, 거기다 머리까지 잘 굴리는데, 어찌 당하리...",
    "date": "07.02.25",
    "rating": "7",
    "author": "jals****",
    "review_id": "1501365",
    "movie_id": "10281"
  },
  {
    "review": "잘만들어진 영화다 보는 내내 집중..25년전 영화맞아?",
    "date": "07.01.12",
    "rating": "9",
    "author": "leh0****",
    "review_id": "1377605",
    "movie_id": "10281"
  },
  {
    "review": "80년대를 대표하는 에로틱 범죄 느와르.",
    "date": "06.10.13",
    "rating": "8",
    "author": "movi****",
    "review_id": "1178124",
    "movie_id": "10281"
  },
  {
    "review": "터너의 요염한 매력",
    "date": "06.09.09",
    "rating": "10",
    "author": "zeed****",
    "review_id": "1112095",
    "movie_id": "10281"
  },
  {
    "review": "90년대가 원초적본능 이라면 80년대엔 보디히트...",
    "date": "06.08.02",
    "rating": "8",
    "author": "sepe****",
    "review_id": "954966",
    "movie_id": "10281"
  },
  {
    "review": "남자는돈을이용해사랑을얻고여자는사랑을이용해돈을얻는다",
    "date": "06.07.02",
    "rating": "10",
    "author": "andy****",
    "review_id": "866576",
    "movie_id": "10281"
  },
  {
    "review": "원초적본능과 유주얼 서스펙트의 묘한 조합~~ 괜찮았따",
    "date": "06.06.22",
    "rating": "10",
    "author": "psch****",
    "review_id": "853384",
    "movie_id": "10281"
  },
  {
    "review": "음악이 참좋다..",
    "date": "06.03.30",
    "rating": "8",
    "author": "hide****",
    "review_id": "740983",
    "movie_id": "10281"
  },
  {
    "review": "에로티시즘 무비",
    "date": "05.12.26",
    "rating": "10",
    "author": "kws7****",
    "review_id": "529840",
    "movie_id": "10281"
  },
  {
    "review": "추석특집때 또 보고... 재밌긴 했다.",
    "date": "05.12.25",
    "rating": "9",
    "author": "blue****",
    "review_id": "527616",
    "movie_id": "10281"
  },
  {
    "review": "다시 보면 이해될려나?",
    "date": "05.11.29",
    "rating": "5",
    "author": "almo****",
    "review_id": "488717",
    "movie_id": "10281"
  },
  {
    "review": "매끈한 스토리~ 만족스럽다",
    "date": "05.11.29",
    "rating": "10",
    "author": "yytt****",
    "review_id": "488538",
    "movie_id": "10281"
  },
  {
    "review": "교과서",
    "date": "05.11.29",
    "rating": "10",
    "author": "dxfo****",
    "review_id": "488203",
    "movie_id": "10281"
  },
  {
    "review": "미끈하고 깔끔한 영화",
    "date": "05.09.01",
    "rating": "10",
    "author": "che2****",
    "review_id": "389975",
    "movie_id": "10281"
  },
  {
    "review": "본지 꽤 됐지만 재미 있었던 영화",
    "date": "05.08.02",
    "rating": "9",
    "author": "nams****",
    "review_id": "348434",
    "movie_id": "10281"
  },
  {
    "review": "에로틱 스릴러의 진수..",
    "date": "05.06.27",
    "rating": "8",
    "author": "penn****",
    "review_id": "307628",
    "movie_id": "10281"
  },
  {
    "review": "완벽한 각본의 멋진 영화",
    "date": "05.06.17",
    "rating": "9",
    "author": "gaba****",
    "review_id": "301205",
    "movie_id": "10281"
  },
  {
    "review": "팜므파탈을 이용한 느와르 비틀기..",
    "date": "05.06.07",
    "rating": "9",
    "author": "tjsd****",
    "review_id": "295194",
    "movie_id": "10281"
  },
  {
    "review": "맨밑에 님 수준참..-_-; 이런 수작을 단지 야한장면 보려고..",
    "date": "05.05.08",
    "rating": "9",
    "author": "sexy****",
    "review_id": "273893",
    "movie_id": "10281"
  },
  {
    "review": "캐서린 터너의 뇌쇄적인 매력이 빠져들 수 있는 영화.",
    "date": "05.02.04",
    "rating": "8",
    "author": "kimj****",
    "review_id": "207703",
    "movie_id": "10281"
  },
  {
    "review": "저 밑에 님 대단하시다...이걸 어디서 다운 받았데?",
    "date": "05.01.19",
    "rating": "7",
    "author": "klux****",
    "review_id": "189760",
    "movie_id": "10281"
  },
  {
    "review": "고전헐리웃느와르에 대한 완벽한 오마주. 숨겨진 보석같은 영화",
    "date": "04.10.21",
    "rating": "10",
    "author": "zobi****",
    "review_id": "130030",
    "movie_id": "10281"
  },
  {
    "review": "끈적끈적한 재미",
    "date": "04.09.02",
    "rating": "8",
    "author": "thin****",
    "review_id": "101262",
    "movie_id": "10281"
  },
  {
    "review": "다운 받는데...재목만 보고 애로 영화인줄 알았네 ^^ 안 볼만함",
    "date": "04.05.28",
    "rating": "4",
    "author": "arie****",
    "review_id": "47095",
    "movie_id": "10281"
  }
]