[
  {
    "review": "여전히 웃기고 재미있다.",
    "date": "15.08.21",
    "rating": "8",
    "author": "adiv****",
    "review_id": "10256717",
    "movie_id": "10291"
  },
  {
    "review": "우리들의 영원한 귀여운 흑형 부시맨!",
    "date": "15.01.24",
    "rating": "10",
    "author": "ske4****",
    "review_id": "9629699",
    "movie_id": "10291"
  },
  {
    "review": "재밌는데 서산에사는 김종은이가 너무 까매요",
    "date": "14.10.22",
    "rating": "10",
    "author": "ice8****",
    "review_id": "9307554",
    "movie_id": "10291"
  },
  {
    "review": "전쟁과 밀렵.. 부시맨의 눈으로  문명인을 비꼰  요절복통  몸개그  코미디. 웃음과 감동 풍자까지 겸비한 대단한 영화입니다.",
    "date": "14.05.03",
    "rating": "10",
    "author": "urus****",
    "review_id": "8698118",
    "movie_id": "10291"
  },
  {
    "review": "1편이 훨씬 나음.. 2편은 좀 하품나온다. 코믹한 요소들도 많이 줄어들었다.",
    "date": "14.02.03",
    "rating": "7",
    "author": "virt****",
    "review_id": "8469345",
    "movie_id": "10291"
  },
  {
    "review": "확실히 2편이 더 잼썼음...ㅋㅋ",
    "date": "13.02.18",
    "rating": "10",
    "author": "clou****",
    "review_id": "7278825",
    "movie_id": "10291"
  },
  {
    "review": "1보다 2가더 재밋는듯요 ㅎㅎ 최고!!",
    "date": "12.11.05",
    "rating": "10",
    "author": "soyu****",
    "review_id": "6856511",
    "movie_id": "10291"
  },
  {
    "review": "1도 재밌고 2도 재밌고ㅋㅋ",
    "date": "12.09.07",
    "rating": "10",
    "author": "didw****",
    "review_id": "6676251",
    "movie_id": "10291"
  },
  {
    "review": "와...후속작도 끝내준다",
    "date": "12.06.16",
    "rating": "10",
    "author": "chun****",
    "review_id": "6394133",
    "movie_id": "10291"
  },
  {
    "review": "2가 나은듯..",
    "date": "12.05.25",
    "rating": "8",
    "author": "tn99****",
    "review_id": "6331353",
    "movie_id": "10291"
  },
  {
    "review": "이제보니 몇 안되는 성공한 2편 중 하군요ㅋㅋㅋ",
    "date": "12.05.19",
    "rating": "10",
    "author": "sbj1****",
    "review_id": "6312801",
    "movie_id": "10291"
  },
  {
    "review": "와 의외로 너무너무 재미있내요. 안봤으면 후회할뻔ㅋㅋㅋ",
    "date": "12.03.08",
    "rating": "10",
    "author": "0oin****",
    "review_id": "6130800",
    "movie_id": "10291"
  },
  {
    "review": "전편에 이어 역시나 유쾌한 코미디 영화. 행복한 삶이란 물질적 풍요이상이다.",
    "date": "11.07.10",
    "rating": "10",
    "author": "enco****",
    "review_id": "5534792",
    "movie_id": "10291"
  },
  {
    "review": "전편에 비해 메시지의 힘은 좀 떨어졌지만, 재미로는 전편을 능가한다",
    "date": "11.06.18",
    "rating": "9",
    "author": "ccpp****",
    "review_id": "5486438",
    "movie_id": "10291"
  },
  {
    "review": "아프리카 아이들의 순수하고 해맑은 모험",
    "date": "11.06.18",
    "rating": "9",
    "author": "rame****",
    "review_id": "5486429",
    "movie_id": "10291"
  },
  {
    "review": "주인공 애들 또래만할 때 봤었는데, 정말 재미났었지",
    "date": "11.06.18",
    "rating": "9",
    "author": "kpcc****",
    "review_id": "5486428",
    "movie_id": "10291"
  },
  {
    "review": "시리즈 1과는 또 다른 느낌 ㅋㅋㅋㅋ 주인공이 바껴도 주인공들의 매력에 끌린다~",
    "date": "11.02.02",
    "rating": "10",
    "author": "dh18****",
    "review_id": "5207199",
    "movie_id": "10291"
  },
  {
    "review": "전편에 비해 메시지의 힘은 좀 떨어졌지만, 재미로는 전편을 능가한다",
    "date": "10.07.14",
    "rating": "8",
    "author": "mygr****",
    "review_id": "4637793",
    "movie_id": "10291"
  },
  {
    "review": "순수했던 마음으로 사격을 중지한 니카우의 성격을 보여준 영화(비디오 소유)",
    "date": "10.06.15",
    "rating": "10",
    "author": "vkdn****",
    "review_id": "4568057",
    "movie_id": "10291"
  },
  {
    "review": "학교에서 틀어줬는데 애들 다 재밌게 봤어요ㅎㅎ애들이 너무 귀여워",
    "date": "10.04.23",
    "rating": "10",
    "author": "spdl****",
    "review_id": "4449174",
    "movie_id": "10291"
  },
  {
    "review": "1편보다 훨 웃긴다 ㅎㅎ 이영화는 백년이 지나도 명작코믹일것이다 ㅎㅎ",
    "date": "10.02.24",
    "rating": "10",
    "author": "psyc****",
    "review_id": "4314914",
    "movie_id": "10291"
  },
  {
    "review": "그렇게 재미있진 안타..",
    "date": "10.01.14",
    "rating": "4",
    "author": "cala****",
    "review_id": "4170028",
    "movie_id": "10291"
  },
  {
    "review": "1편보다는 약간 부족하지만 그래도 가족 영화로는 아주 만족할 만한 작품",
    "date": "09.06.22",
    "rating": "7",
    "author": "deff****",
    "review_id": "3582550",
    "movie_id": "10291"
  },
  {
    "review": "웃음짓게 했던 영화.",
    "date": "09.05.02",
    "rating": "10",
    "author": "jkh0****",
    "review_id": "3456881",
    "movie_id": "10291"
  },
  {
    "review": "순진무구 유쾌한 모험담.",
    "date": "08.07.06",
    "rating": "10",
    "author": "ccpk****",
    "review_id": "2743507",
    "movie_id": "10291"
  },
  {
    "review": "요즘 나오는 영화들과는 확실히 틀리네요 순수함,감성,배우들의 인상등",
    "date": "08.03.12",
    "rating": "10",
    "author": "folk****",
    "review_id": "2516522",
    "movie_id": "10291"
  },
  {
    "review": "부시맨1과는 전혀 다른느낌 그래서 더욱 맘에 든다",
    "date": "08.03.12",
    "rating": "10",
    "author": "soli****",
    "review_id": "2516521",
    "movie_id": "10291"
  },
  {
    "review": "오소리 너무 귀여워 어떻게 저렇게 찍지 오소리는 길들일 수도 없는 동물인데",
    "date": "08.03.12",
    "rating": "10",
    "author": "matr****",
    "review_id": "2516517",
    "movie_id": "10291"
  },
  {
    "review": "good",
    "date": "07.11.05",
    "rating": "6",
    "author": "cles****",
    "review_id": "2134818",
    "movie_id": "10291"
  },
  {
    "review": "인상적인 장면이 많은 재미있게 본 추억의 영화",
    "date": "07.09.17",
    "rating": "9",
    "author": "seun****",
    "review_id": "2027171",
    "movie_id": "10291"
  },
  {
    "review": "재밌다. 명작이라면 또 명작이다.",
    "date": "07.05.09",
    "rating": "8",
    "author": "cksg****",
    "review_id": "1628953",
    "movie_id": "10291"
  },
  {
    "review": "정말 재미있습니다.",
    "date": "07.05.08",
    "rating": "10",
    "author": "uks2****",
    "review_id": "1628116",
    "movie_id": "10291"
  },
  {
    "review": "흐하하 웃겨 죽는줄 알았다... 헤헤헤..ㅋㅋ",
    "date": "07.05.01",
    "rating": "10",
    "author": "dnjs****",
    "review_id": "1615085",
    "movie_id": "10291"
  },
  {
    "review": "볼만",
    "date": "07.04.24",
    "rating": "6",
    "author": "ysuh****",
    "review_id": "1603641",
    "movie_id": "10291"
  },
  {
    "review": "코미디도 뛰어나고 나름 감동도 있다..",
    "date": "07.03.25",
    "rating": "10",
    "author": "hoju****",
    "review_id": "1552765",
    "movie_id": "10291"
  },
  {
    "review": "최고의 코미디 가족영화.",
    "date": "07.03.11",
    "rating": "10",
    "author": "skss****",
    "review_id": "1529336",
    "movie_id": "10291"
  },
  {
    "review": "전편만 못했지만 그럭저럭.",
    "date": "06.12.08",
    "rating": "8",
    "author": "bepl****",
    "review_id": "1274635",
    "movie_id": "10291"
  },
  {
    "review": "명절때마다 본거 같은데",
    "date": "06.08.01",
    "rating": "10",
    "author": "zeed****",
    "review_id": "952518",
    "movie_id": "10291"
  },
  {
    "review": "우리들에게 많은것들을 생각하게 해주는 아름다운영화",
    "date": "05.12.07",
    "rating": "9",
    "author": "hero****",
    "review_id": "496982",
    "movie_id": "10291"
  },
  {
    "review": "최근에 본 영화중 부시맨을 따라오는게 없다",
    "date": "05.07.23",
    "rating": "10",
    "author": "smil****",
    "review_id": "331418",
    "movie_id": "10291"
  },
  {
    "review": "음 뭐 이정도 속편이라면!",
    "date": "05.05.17",
    "rating": "10",
    "author": "jcr3****",
    "review_id": "279579",
    "movie_id": "10291"
  },
  {
    "review": "2편도 1편 만큼이나 재미있네요.",
    "date": "04.09.27",
    "rating": "9",
    "author": "pby1****",
    "review_id": "115618",
    "movie_id": "10291"
  },
  {
    "review": "너무 재미있었다 오래됐지만 오랫동안 웃음을 남겨줄영화!재밌다!",
    "date": "04.05.16",
    "rating": "8",
    "author": "mirk****",
    "review_id": "43397",
    "movie_id": "10291"
  }
]