[
  {
    "review": "미치도록 다시 보고 싶다 요세 케이블 영화 채널은 한국영화 그만 틀어주고 부시맨 시리즈를 보여달라!!",
    "date": "15.01.27",
    "rating": "10",
    "author": "ske4****",
    "review_id": "9641791",
    "movie_id": "10292"
  },
  {
    "review": "인터넷에서 부시맨4탄 어떻게찾고 볼수있나요?아무리찾았보았도 찾을수가없네요?   답번",
    "date": "13.05.14",
    "rating": "9",
    "author": "www0****",
    "review_id": "7528378",
    "movie_id": "10292"
  },
  {
    "review": "니카우씨.. 여기까지 해요..",
    "date": "12.05.28",
    "rating": "7",
    "author": "tn99****",
    "review_id": "6344096",
    "movie_id": "10292"
  },
  {
    "review": "부시맨 짱",
    "date": "11.02.05",
    "rating": "10",
    "author": "kimg****",
    "review_id": "5216935",
    "movie_id": "10292"
  },
  {
    "review": "높게 평가한다. 너무 재밌고 순수햇던 영화다(현 비디오 소유)",
    "date": "10.06.15",
    "rating": "10",
    "author": "vkdn****",
    "review_id": "4568073",
    "movie_id": "10292"
  },
  {
    "review": "이건 아니다",
    "date": "06.08.01",
    "rating": "6",
    "author": "zeed****",
    "review_id": "952514",
    "movie_id": "10292"
  }
]