[
  {
    "review": "늙은 사자.. 파시즘과 대결하다!",
    "date": "15.08.12",
    "rating": "9",
    "author": "pont****",
    "review_id": "10218467",
    "movie_id": "10296"
  },
  {
    "review": "제작 시대가 시대이긴 하지만, 이방인에 대한 노골적인 적대적 프로파간다에 혀를 내두르게.",
    "date": "15.05.20",
    "rating": "4",
    "author": "tear****",
    "review_id": "9934234",
    "movie_id": "10296"
  },
  {
    "review": "60년대 대작같은 영웅신화, 대서사시 느낌의 우아함을 주기보다는 건조하고 묵묵한 느낌. 그 당시 영화도 멋지지만 이 영화는 이 영화대로 너무 매력적이다. 말미 상대편 장교와의 대화나 마지막 장면은 꽤나 깊은 울림을 선사함",
    "date": "15.05.12",
    "rating": "8",
    "author": "wjsr****",
    "review_id": "9913299",
    "movie_id": "10296"
  },
  {
    "review": "왜 남의 땅에 가서 거기가 지땅이라고 우기는건지 참",
    "date": "15.03.19",
    "rating": "8",
    "author": "awak****",
    "review_id": "9792742",
    "movie_id": "10296"
  },
  {
    "review": "리비아에서 4년을 근무했는데 이영화를 이제야 봅니다. 근무하기 전에 이영화를 보았으면 훨신 그들과의 대화에 도움이 되었을터인데도요. 일본의 만행들은 이탈리아 보다 더 심했을겁니다.",
    "date": "14.11.07",
    "rating": "10",
    "author": "clie****",
    "review_id": "9352513",
    "movie_id": "10296"
  },
  {
    "review": "영국 프랑스 이탈리아 스페인 전부 다 침략제국주의의 원조....이들이  제3세계 국가들에게 행한 만행은 영원히 잊을수 없다!",
    "date": "14.08.23",
    "rating": "10",
    "author": "katy****",
    "review_id": "9126492",
    "movie_id": "10296"
  },
  {
    "review": "안소니 퀸의 열연과 사막의 전쟁 장면이 볼만한 명작영화",
    "date": "14.04.05",
    "rating": "8",
    "author": "adiv****",
    "review_id": "8630729",
    "movie_id": "10296"
  },
  {
    "review": "우리의 역사와 닮은 것 같다",
    "date": "13.05.09",
    "rating": "9",
    "author": "mins****",
    "review_id": "7516596",
    "movie_id": "10296"
  },
  {
    "review": "인상적인 영화.",
    "date": "11.02.26",
    "rating": "9",
    "author": "dlwo****",
    "review_id": "5277849",
    "movie_id": "10296"
  },
  {
    "review": "점차 중후해지는 올리버 리드의 모습을 볼수 있어서 좋았다 안소니 퀸도 좋았음",
    "date": "10.12.23",
    "rating": "7",
    "author": "thra****",
    "review_id": "5077327",
    "movie_id": "10296"
  },
  {
    "review": "명작",
    "date": "10.11.11",
    "rating": "8",
    "author": "jin1****",
    "review_id": "4950273",
    "movie_id": "10296"
  },
  {
    "review": "제국주의고 나발이고.. 일단 영화를 제대로 만들고 볼 일이다. 무슨 60년대 영화냐?",
    "date": "10.10.14",
    "rating": "1",
    "author": "gila****",
    "review_id": "4902693",
    "movie_id": "10296"
  },
  {
    "review": "대사가 정말 후련했던 명작. 특히 마지막에 군변호사가 했던 최후변론.",
    "date": "10.09.04",
    "rating": "10",
    "author": "oksk****",
    "review_id": "4815486",
    "movie_id": "10296"
  },
  {
    "review": "역사적 사실에 근거해서 광기에 사로잡힌 제국주의를 고발한 영화",
    "date": "10.02.12",
    "rating": "10",
    "author": "jjyn****",
    "review_id": "4272121",
    "movie_id": "10296"
  },
  {
    "review": "실제 역사를 상당히 훌륭히 반영한 명작. 가슴을 울리는 무언가가 있다.",
    "date": "10.01.04",
    "rating": "10",
    "author": "sohw****",
    "review_id": "4133877",
    "movie_id": "10296"
  },
  {
    "review": "명작이다!",
    "date": "08.09.17",
    "rating": "10",
    "author": "bers****",
    "review_id": "2953651",
    "movie_id": "10296"
  },
  {
    "review": "오랑\"개 녀석들 주제에 무슨,. 리뱌? 듣보잡국,...;; 영국 이탈리아가 이 전쟁에 참여",
    "date": "08.02.20",
    "rating": "1",
    "author": "lhcg****",
    "review_id": "2465174",
    "movie_id": "10296"
  },
  {
    "review": "good",
    "date": "07.11.30",
    "rating": "6",
    "author": "cles****",
    "review_id": "2194959",
    "movie_id": "10296"
  },
  {
    "review": "엄청난 흥행실패로 사장된 영화.. 하지만 작품은 상당히 괜찮다..",
    "date": "07.10.19",
    "rating": "8",
    "author": "moon****",
    "review_id": "2097559",
    "movie_id": "10296"
  },
  {
    "review": "들고 나타나 보게.이 영화로 상대해 주마",
    "date": "07.10.10",
    "rating": "10",
    "author": "baks****",
    "review_id": "2081473",
    "movie_id": "10296"
  },
  {
    "review": "볼만",
    "date": "07.08.04",
    "rating": "6",
    "author": "ysuh****",
    "review_id": "1869116",
    "movie_id": "10296"
  },
  {
    "review": "이 대단한 명화에...인적이 이리 드물다니....",
    "date": "07.07.24",
    "rating": "10",
    "author": "cjw2****",
    "review_id": "1806191",
    "movie_id": "10296"
  },
  {
    "review": "good",
    "date": "07.02.04",
    "rating": "7",
    "author": "kcch****",
    "review_id": "1443683",
    "movie_id": "10296"
  },
  {
    "review": "나의 아랍에 대한 애정은 이 영화로부터.",
    "date": "06.05.13",
    "rating": "8",
    "author": "damu****",
    "review_id": "798554",
    "movie_id": "10296"
  },
  {
    "review": "비교 대상은 안 되지만... 영화보다가 빈 라덴 생각이...",
    "date": "05.09.29",
    "rating": "9",
    "author": "cath****",
    "review_id": "426322",
    "movie_id": "10296"
  },
  {
    "review": "계란으로 바위를 쳤는데 바위가 깨지더군요.",
    "date": "05.06.05",
    "rating": "10",
    "author": "maxs****",
    "review_id": "294113",
    "movie_id": "10296"
  },
  {
    "review": "안타까워 펑펑 울었던......불후의 명작.",
    "date": "05.04.16",
    "rating": "10",
    "author": "sada****",
    "review_id": "260471",
    "movie_id": "10296"
  },
  {
    "review": "불의에 맞서 싸운 사람들을 기리는 영화.",
    "date": "05.02.07",
    "rating": "10",
    "author": "cahd****",
    "review_id": "210748",
    "movie_id": "10296"
  },
  {
    "review": "사막에 별보기 아름다운 녀와.",
    "date": "04.12.11",
    "rating": "10",
    "author": "kimx****",
    "review_id": "160344",
    "movie_id": "10296"
  }
]