[
  {
    "review": "레이건 대통령 조차 업무보다는 이 씨리즈를 먼저 봤다는 후문이 있을 정도 였음. 최고의 작품.",
    "date": "15.08.13",
    "rating": "10",
    "author": "kimd****",
    "review_id": "10222391",
    "movie_id": "10294"
  },
  {
    "review": "국내에 대박 히트친 미드...   온 동네 벽에 붉은 락카로 브이를 그리는것을 유행시켯음....ㅎㅎ",
    "date": "15.02.22",
    "rating": "10",
    "author": "adiv****",
    "review_id": "9725809",
    "movie_id": "10294"
  },
  {
    "review": "이것이야말로 정말 최고의 미드다.",
    "date": "14.12.01",
    "rating": "10",
    "author": "aolm****",
    "review_id": "9438333",
    "movie_id": "10294"
  },
  {
    "review": "정말 소름돋는다!!!",
    "date": "14.07.21",
    "rating": "10",
    "author": "ske4****",
    "review_id": "8937375",
    "movie_id": "10294"
  },
  {
    "review": "이거참 입벌리고 파리가 들어가는지도 모르고 봤던 추억의 외화시리즈",
    "date": "13.08.22",
    "rating": "10",
    "author": "zhde****",
    "review_id": "7910957",
    "movie_id": "10294"
  },
  {
    "review": "v원작이 쩜.. 미드 역대급",
    "date": "13.08.19",
    "rating": "10",
    "author": "nuru****",
    "review_id": "7903699",
    "movie_id": "10294"
  },
  {
    "review": "너무재미가있어서다시또봤으면좋겠어요",
    "date": "13.02.18",
    "rating": "10",
    "author": "rose****",
    "review_id": "7278911",
    "movie_id": "10294"
  },
  {
    "review": "추억의 외계인미드에 요즘 정치판 비유하는 종자들 뭐냐? ㅋㅋ댁들말대로라면 시뻘건 옷입은 외계인들은 빨갱이들이랑께~!!",
    "date": "12.11.20",
    "rating": "10",
    "author": "khm9****",
    "review_id": "6908235",
    "movie_id": "10294"
  },
  {
    "review": "쇼킹했던 미드;",
    "date": "12.05.11",
    "rating": "9",
    "author": "naeg****",
    "review_id": "6289635",
    "movie_id": "10294"
  },
  {
    "review": "이처럼 큰 인기를 끌었던 tv외화는 없었던듯하다",
    "date": "12.03.14",
    "rating": "10",
    "author": "kos4****",
    "review_id": "6142577",
    "movie_id": "10294"
  },
  {
    "review": "대단히 정치적이죠. 외계인 (독재권력), 시민(무지한 대중), 저항군 (의식있는 시민)",
    "date": "11.03.13",
    "rating": "10",
    "author": "sgtr****",
    "review_id": "5309755",
    "movie_id": "10294"
  },
  {
    "review": "2mb를 보는 것 같다... 저 계획적인 억압이란",
    "date": "11.02.24",
    "rating": "10",
    "author": "rlad****",
    "review_id": "5273224",
    "movie_id": "10294"
  },
  {
    "review": "지금 봐도 cg는 어마어마 하네요",
    "date": "10.11.17",
    "rating": "10",
    "author": "neoc****",
    "review_id": "4967267",
    "movie_id": "10294"
  },
  {
    "review": "아무리 오리지날에 못미친다해도 브이는 최고임 제인 배들러 쵝오",
    "date": "10.09.12",
    "rating": "10",
    "author": "ppuj****",
    "review_id": "4830613",
    "movie_id": "10294"
  },
  {
    "review": "지금와서보면 별거없다...",
    "date": "10.08.29",
    "rating": "6",
    "author": "yana****",
    "review_id": "4803635",
    "movie_id": "10294"
  },
  {
    "review": "1983 오리지널v는 제국주의, 파시즘과 그에 대항한 지하저항운동을 표현한 명작",
    "date": "10.06.24",
    "rating": "10",
    "author": "s33s****",
    "review_id": "4588719",
    "movie_id": "10294"
  },
  {
    "review": "리메이크판은 원작의 반도 못따라간다. 당시 인기는 실로 대단.",
    "date": "10.06.16",
    "rating": "9",
    "author": "sykm****",
    "review_id": "4570179",
    "movie_id": "10294"
  },
  {
    "review": "최고의 미드~ 브이09 시즌1다보신분 이거도 보세요^^",
    "date": "10.06.07",
    "rating": "10",
    "author": "khhu****",
    "review_id": "4551089",
    "movie_id": "10294"
  },
  {
    "review": "당시엔 굉장했을 것이 분명하지만 지금은 그 전율까지는 느껴지지 않는게 사실...ㅠㅠ",
    "date": "10.05.17",
    "rating": "8",
    "author": "douv****",
    "review_id": "4506885",
    "movie_id": "10294"
  },
  {
    "review": "2010년 브이만은 못하지만 이것도 나름 전설",
    "date": "10.04.29",
    "rating": "10",
    "author": "bajj****",
    "review_id": "4464035",
    "movie_id": "10294"
  },
  {
    "review": "오리지널 V의 충격은 그 시절 본 사람만이 안다. 내 인생 최고의 미드",
    "date": "10.04.20",
    "rating": "10",
    "author": "gall****",
    "review_id": "4445931",
    "movie_id": "10294"
  },
  {
    "review": "시대의 선물. 미드의 전설. 추억은 돈으로 살 수 없는 것.",
    "date": "10.04.06",
    "rating": "10",
    "author": "hpbw****",
    "review_id": "4415399",
    "movie_id": "10294"
  },
  {
    "review": "최고의 미드~ 정말 가족끼리 다 모여앉아 봤었지.. 기억에 잊혀지지 않는다..",
    "date": "10.04.05",
    "rating": "10",
    "author": "kiss****",
    "review_id": "4412489",
    "movie_id": "10294"
  },
  {
    "review": "2009브이는 83년 오리지날버젼 V 의 반의반도 못미친다.",
    "date": "10.04.02",
    "rating": "10",
    "author": "evil****",
    "review_id": "4405634",
    "movie_id": "10294"
  },
  {
    "review": "2009년 걸 보기 전 가볍게 보려다 충격받았다. 20년이 지났어도 긴장감, 구성력 최고.",
    "date": "10.01.13",
    "rating": "10",
    "author": "hele****",
    "review_id": "4167295",
    "movie_id": "10294"
  },
  {
    "review": "다이아나의 쥐 먹는 장면과 얼굴 껍데기 벗겨지는 장면은 당시 TV물로선 정말 압권!",
    "date": "10.01.09",
    "rating": "9",
    "author": "mygr****",
    "review_id": "4149638",
    "movie_id": "10294"
  },
  {
    "review": "도입부음악부터 두근거렸던 그 강렬한추억, 80년대 최고의 외화",
    "date": "09.12.27",
    "rating": "10",
    "author": "goms****",
    "review_id": "4092794",
    "movie_id": "10294"
  },
  {
    "review": "말이 필요없다..80년대 안방극장 최고의 드라마~",
    "date": "09.11.29",
    "rating": "10",
    "author": "jera****",
    "review_id": "4002742",
    "movie_id": "10294"
  },
  {
    "review": "최고의 미드!!!",
    "date": "09.11.06",
    "rating": "10",
    "author": "choi****",
    "review_id": "3940025",
    "movie_id": "10294"
  },
  {
    "review": "어른들도 식사하다 숟가락 들고 멍하니 TV화면을 뚫어지게 보게 만든 드라마.",
    "date": "09.10.01",
    "rating": "10",
    "author": "nano****",
    "review_id": "3863225",
    "movie_id": "10294"
  },
  {
    "review": "국딩시절 다이아나가 쥐를 먹는 장면은 진짜 모든 국민이 얘기할 정도의 충격이었다.",
    "date": "08.12.18",
    "rating": "10",
    "author": "stor****",
    "review_id": "3126437",
    "movie_id": "10294"
  },
  {
    "review": "초딩때 1편에서 도노반이 외계인 껍데기벗기는 장면보고 충격먹었다",
    "date": "08.10.22",
    "rating": "10",
    "author": "seun****",
    "review_id": "3012774",
    "movie_id": "10294"
  },
  {
    "review": "이 드라마10점 안주는 자들과는 상종도 하지말라는 게 공자,맹자,석가,예수님 가르침.",
    "date": "08.08.05",
    "rating": "10",
    "author": "baks****",
    "review_id": "2835896",
    "movie_id": "10294"
  },
  {
    "review": "V에 관한 별명하나쯤은 가지고 있는 학창시절~~^-^",
    "date": "07.08.08",
    "rating": "10",
    "author": "typo****",
    "review_id": "1906228",
    "movie_id": "10294"
  },
  {
    "review": "이 정도의 충격을 주는 작품이 또 있을까 멋있었다 정말",
    "date": "07.06.10",
    "rating": "10",
    "author": "deff****",
    "review_id": "1693025",
    "movie_id": "10294"
  },
  {
    "review": "초등학생부터 TV봤는거 넘 잼있음.~~~",
    "date": "07.03.26",
    "rating": "10",
    "author": "bang****",
    "review_id": "1556613",
    "movie_id": "10294"
  },
  {
    "review": "그땐 최고였다.",
    "date": "07.02.21",
    "rating": "10",
    "author": "rkrk****",
    "review_id": "1491683",
    "movie_id": "10294"
  },
  {
    "review": "진짜 이거 나올땐 동네에 개미새끼 한마리 없었음,",
    "date": "06.12.11",
    "rating": "10",
    "author": "asaz****",
    "review_id": "1283910",
    "movie_id": "10294"
  },
  {
    "review": "다이아나...아직도 잊혀지지 않는다",
    "date": "06.09.25",
    "rating": "10",
    "author": "blue****",
    "review_id": "1142855",
    "movie_id": "10294"
  },
  {
    "review": "정말 스릴 넘치는 외계인 영화",
    "date": "05.12.26",
    "rating": "10",
    "author": "kws7****",
    "review_id": "529824",
    "movie_id": "10294"
  },
  {
    "review": "쥐를 어찌나 맛있게 먹던지... >.신고",
    "date": "05.10.23",
    "rating": "9",
    "author": "lsh1****",
    "review_id": "451994",
    "movie_id": "10294"
  },
  {
    "review": "초딩때 봤을때줄리엣이 너무 매력적이었었는데..",
    "date": "05.02.06",
    "rating": "10",
    "author": "nazz****",
    "review_id": "210245",
    "movie_id": "10294"
  },
  {
    "review": "영원히 잊혀지지 않을 다이아나의 쥐 먹는 모습!",
    "date": "05.02.01",
    "rating": "9",
    "author": "kimj****",
    "review_id": "203774",
    "movie_id": "10294"
  },
  {
    "review": "영화의 범주를 흔쾌히 침범한 TV시리즈의 쾌작~",
    "date": "05.01.29",
    "rating": "10",
    "author": "make****",
    "review_id": "199493",
    "movie_id": "10294"
  },
  {
    "review": "최고의 외화 동감",
    "date": "05.01.11",
    "rating": "10",
    "author": "imlo****",
    "review_id": "183009",
    "movie_id": "10294"
  },
  {
    "review": "80년대 최고의 외화로 기억한다.",
    "date": "05.01.01",
    "rating": "10",
    "author": "opal****",
    "review_id": "174722",
    "movie_id": "10294"
  },
  {
    "review": "재미있었던  TV미니시리즈.",
    "date": "04.09.27",
    "rating": "9",
    "author": "hmr3****",
    "review_id": "115413",
    "movie_id": "10294"
  },
  {
    "review": "다시 또 보아도 명작이죠",
    "date": "04.09.18",
    "rating": "10",
    "author": "ptsb****",
    "review_id": "110590",
    "movie_id": "10294"
  },
  {
    "review": "어렸을 떄의 추억이 떠오르는 인기 미니시리즈",
    "date": "04.08.21",
    "rating": "9",
    "author": "nams****",
    "review_id": "94030",
    "movie_id": "10294"
  }
]