[
  {
    "review": "시종 이어지는 우울한 분위기와 처절한 생존액션이 잘 어우러진... 강대위의 또 다른 매력이 물씬!",
    "date": "15.08.11",
    "rating": "9",
    "author": "k4he****",
    "review_id": "10216996",
    "movie_id": "10298"
  },
  {
    "review": "홍콩 무술영화중에 아마도 최고라고 할  수 있다",
    "date": "15.07.06",
    "rating": "9",
    "author": "clef****",
    "review_id": "10075991",
    "movie_id": "10298"
  },
  {
    "review": "재밌습니다. 아마 헐리웃의 감독이나 장철 감독 후대 홍콩 감독들이 이 작품을 많이 참고했으리라 봅니다. 장철 연출작중 자마,가시영웅도 볼만합니다.",
    "date": "14.03.01",
    "rating": "9",
    "author": "lion****",
    "review_id": "8547503",
    "movie_id": "10298"
  },
  {
    "review": "개연성도 뭣도 없는 어설픈 피바다 혈투. 강대위의 액션 연기는 진심 어설펐다.",
    "date": "13.08.11",
    "rating": "5",
    "author": "tear****",
    "review_id": "7867376",
    "movie_id": "10298"
  },
  {
    "review": "어둠속을 미친듯이 헤메는 복수의 화신 깡따위... 장철 월드의 어떤 절정..",
    "date": "12.01.15",
    "rating": "10",
    "author": "moon****",
    "review_id": "5988797",
    "movie_id": "10298"
  },
  {
    "review": "경극과 조화되면서 복수극의 잔인성이 미화된 듯 하다.",
    "date": "11.07.13",
    "rating": "10",
    "author": "skss****",
    "review_id": "5539798",
    "movie_id": "10298"
  },
  {
    "review": "강대위를 일찍 알지 못한게 안타깝다..",
    "date": "10.08.17",
    "rating": "10",
    "author": "kitt****",
    "review_id": "4757293",
    "movie_id": "10298"
  },
  {
    "review": "난 걸작이라고 보지 않는다 그러나 강대위의 복수극은 슬프면서 통쾌하였다...",
    "date": "10.05.10",
    "rating": "6",
    "author": "thra****",
    "review_id": "4491271",
    "movie_id": "10298"
  },
  {
    "review": "이 정도로 강렬한 폭력미학도 드물거다.",
    "date": "10.04.20",
    "rating": "10",
    "author": "hack****",
    "review_id": "4445181",
    "movie_id": "10298"
  },
  {
    "review": "지금 다시 리메이크 해주었으면... 하고 바라는 영화",
    "date": "10.03.05",
    "rating": "10",
    "author": "ljhv****",
    "review_id": "4336593",
    "movie_id": "10298"
  },
  {
    "review": "장철영화의 최대 걸작",
    "date": "09.06.01",
    "rating": "10",
    "author": "mido****",
    "review_id": "3539587",
    "movie_id": "10298"
  },
  {
    "review": "장철 감독 영화 좋아하시면 꼭 보세요",
    "date": "08.09.09",
    "rating": "10",
    "author": "jtso****",
    "review_id": "2931875",
    "movie_id": "10298"
  },
  {
    "review": "내가 본 장철 영화 중 강대위의 가장 로맨틱한 죽음",
    "date": "07.12.29",
    "rating": "8",
    "author": "logo****",
    "review_id": "2276921",
    "movie_id": "10298"
  },
  {
    "review": "good",
    "date": "07.10.21",
    "rating": "6",
    "author": "cles****",
    "review_id": "2103547",
    "movie_id": "10298"
  },
  {
    "review": "연도를 생각하면 놀라운 영화",
    "date": "07.06.26",
    "rating": "9",
    "author": "zeed****",
    "review_id": "1723188",
    "movie_id": "10298"
  },
  {
    "review": "잔인. 단검 액션. 볼만",
    "date": "07.01.31",
    "rating": "6",
    "author": "ysuh****",
    "review_id": "1428625",
    "movie_id": "10298"
  },
  {
    "review": "장철영화의 절정이 아닐런지",
    "date": "06.09.06",
    "rating": "9",
    "author": "noob****",
    "review_id": "1106636",
    "movie_id": "10298"
  },
  {
    "review": "적룡이랑 강대위 역할 뒤바뀐거아냐?",
    "date": "06.07.30",
    "rating": "6",
    "author": "kws7****",
    "review_id": "942060",
    "movie_id": "10298"
  },
  {
    "review": "멋진영화였다",
    "date": "06.03.23",
    "rating": "10",
    "author": "vosx****",
    "review_id": "728869",
    "movie_id": "10298"
  },
  {
    "review": "홍콩 느와르의 기틀이 된 작품! 정말 멋진 작품이다.",
    "date": "05.12.21",
    "rating": "10",
    "author": "serf****",
    "review_id": "518136",
    "movie_id": "10298"
  },
  {
    "review": "그저 선혈꽃만이 낭자하며 피고 지는 복수의 붉은 꽃밭.",
    "date": "05.09.25",
    "rating": "8",
    "author": "m60d****",
    "review_id": "422052",
    "movie_id": "10298"
  },
  {
    "review": "아주 아주 굿......^^*",
    "date": "05.01.27",
    "rating": "10",
    "author": "balt****",
    "review_id": "197649",
    "movie_id": "10298"
  },
  {
    "review": "새빨간 피의 향연.샘 페킨파보다 더 슬로모션 적절하며 더 붉다.",
    "date": "04.11.20",
    "rating": "10",
    "author": "ssun****",
    "review_id": "149150",
    "movie_id": "10298"
  },
  {
    "review": "장철의 3대 걸작  독비도,십삼태보 그리고 이 영화 복수",
    "date": "04.10.11",
    "rating": "10",
    "author": "dark****",
    "review_id": "123958",
    "movie_id": "10298"
  },
  {
    "review": "액션이 지겹게 많지만, 쇼킹함이 끊임없이 지속",
    "date": "03.12.01",
    "rating": "9",
    "author": "tdol****",
    "review_id": "766",
    "movie_id": "10298"
  }
]