[
  {
    "review": "무슨말이 또 필요한가? 지나 데이비스 그녀 하나 만으로도 충분하다!!!",
    "date": "15.08.08",
    "rating": "10",
    "author": "ske4****",
    "review_id": "10200806",
    "movie_id": "10299"
  },
  {
    "review": "글쎄다. 나는 별 감흥이 없는데....",
    "date": "15.01.31",
    "rating": "7",
    "author": "ha_e****",
    "review_id": "9652865",
    "movie_id": "10299"
  },
  {
    "review": "내 생애 최고의 코미디 영화50번은 본것 같다,대사까지 외울 지경이 영화의 진수는 조연들까지 모든 캐릭터 부여가 완벽하고 생동감 있게 살려냈다",
    "date": "14.11.18",
    "rating": "10",
    "author": "omdl****",
    "review_id": "9397424",
    "movie_id": "10299"
  },
  {
    "review": "전성기 호프만의 영화, 그리고 지나 데이비스의 훌륭한 몸매",
    "date": "14.08.29",
    "rating": "8",
    "author": "rnfh****",
    "review_id": "9143132",
    "movie_id": "10299"
  },
  {
    "review": "더스틴 호프만의 초창기 영화들은 지금봐도 전혀 손색이 없는 엄청난 영화라 생각됨",
    "date": "14.08.27",
    "rating": "10",
    "author": "ddab****",
    "review_id": "9137417",
    "movie_id": "10299"
  },
  {
    "review": "원나잇하고 버림받은 샌디만 불쌍하다",
    "date": "14.05.30",
    "rating": "1",
    "author": "mara****",
    "review_id": "8778752",
    "movie_id": "10299"
  },
  {
    "review": "여장할때 머리 넘기는거며 가슴에 두손을 올리는거며 힐 신고 총총총 걷는 것 등등등 알게모르게 세심한 것까지 연기하시는게 대단해보였어요!!!!",
    "date": "14.05.21",
    "rating": "10",
    "author": "rami****",
    "review_id": "8752277",
    "movie_id": "10299"
  },
  {
    "review": "진짜 너무 잘어울려서 상을 수십개를 줘도 부족할 정도에요",
    "date": "13.10.31",
    "rating": "10",
    "author": "skff****",
    "review_id": "8105393",
    "movie_id": "10299"
  },
  {
    "review": "더스틴 호프만의 명연기로 아카데미 남우주연상을 받았어야 할 영화",
    "date": "13.07.28",
    "rating": "10",
    "author": "ssh0****",
    "review_id": "7793851",
    "movie_id": "10299"
  },
  {
    "review": "마지막장면너무멋져 응축된 장면들이 터지는 매력적인 고전플롯의 정수",
    "date": "13.07.22",
    "rating": "8",
    "author": "wjdg****",
    "review_id": "7774491",
    "movie_id": "10299"
  },
  {
    "review": "흥행할만한 소재를 잘살린 코미디",
    "date": "13.07.08",
    "rating": "6",
    "author": "jjcv****",
    "review_id": "7718242",
    "movie_id": "10299"
  },
  {
    "review": "여장을 했을때는 근사해보이는데 본인모습 남자로 나올때는 초라해보이는 특이한 케이스",
    "date": "13.04.06",
    "rating": "7",
    "author": "dlat****",
    "review_id": "7437905",
    "movie_id": "10299"
  },
  {
    "review": "더스틴 호프만의 미친 연기력!",
    "date": "12.07.20",
    "rating": "10",
    "author": "rhkd****",
    "review_id": "6504609",
    "movie_id": "10299"
  },
  {
    "review": "더스틴호프만의 최고의 걸작중하나^^ 추천합니다 올드영화입니다만?  풋풋해요",
    "date": "12.06.25",
    "rating": "9",
    "author": "ruby****",
    "review_id": "6416036",
    "movie_id": "10299"
  },
  {
    "review": "더스틴 호프만이 이런 훌륭한 로맨틱 코미디 연기를 했다니",
    "date": "12.05.23",
    "rating": "9",
    "author": "figh****",
    "review_id": "6326946",
    "movie_id": "10299"
  },
  {
    "review": "4번째보는 추억의 영화ㅎㅎ 최고의 코미디로맨스영화!!!!",
    "date": "12.03.22",
    "rating": "10",
    "author": "sing****",
    "review_id": "6159700",
    "movie_id": "10299"
  },
  {
    "review": "더스틴 호프만, 지나 데이비스, 제시카 랭이라는 명품 배우들의 총집합!",
    "date": "12.01.04",
    "rating": "10",
    "author": "nkot****",
    "review_id": "5960474",
    "movie_id": "10299"
  },
  {
    "review": "재밌는 여장연기, 감미로운 음악.",
    "date": "12.01.01",
    "rating": "7",
    "author": "bbob****",
    "review_id": "5951772",
    "movie_id": "10299"
  },
  {
    "review": "그냥저냥...",
    "date": "11.12.16",
    "rating": "5",
    "author": "dbzh****",
    "review_id": "5909842",
    "movie_id": "10299"
  },
  {
    "review": "은근 곳곳엥 코믹하긍, 여장 연기 잘하네용 ㅎㅎㅎ",
    "date": "11.12.01",
    "rating": "8",
    "author": "sugi****",
    "review_id": "5880419",
    "movie_id": "10299"
  },
  {
    "review": "더스틴호프만 카리스마..최고!!!!!!",
    "date": "11.11.28",
    "rating": "9",
    "author": "kfca****",
    "review_id": "5874907",
    "movie_id": "10299"
  },
  {
    "review": "폭발적인 클라이막스",
    "date": "11.09.18",
    "rating": "10",
    "author": "mysw****",
    "review_id": "5740090",
    "movie_id": "10299"
  },
  {
    "review": "재밌다...",
    "date": "11.09.16",
    "rating": "8",
    "author": "drd1****",
    "review_id": "5735595",
    "movie_id": "10299"
  },
  {
    "review": "시대를 초월하는 명작",
    "date": "11.09.10",
    "rating": "10",
    "author": "turq****",
    "review_id": "5720437",
    "movie_id": "10299"
  },
  {
    "review": "나한텐 더스틴호프만은 대단한 배우라는 것과 빌머레이는 조연일때 더 빛난다는것만..",
    "date": "11.04.15",
    "rating": "7",
    "author": "eunm****",
    "review_id": "5376023",
    "movie_id": "10299"
  },
  {
    "review": "더스틴 호프만이 다른 어떤 작품에서보다 멋져보인다.. 대단한 배우",
    "date": "10.12.30",
    "rating": "8",
    "author": "come****",
    "review_id": "5101307",
    "movie_id": "10299"
  },
  {
    "review": "촌스럽지도 않고 깨알같은 웃음포인트가 넘치는영화",
    "date": "10.12.12",
    "rating": "10",
    "author": "endi****",
    "review_id": "5047417",
    "movie_id": "10299"
  },
  {
    "review": "존경스럽다 더스틴 호프만",
    "date": "10.10.20",
    "rating": "7",
    "author": "bbq2****",
    "review_id": "4912497",
    "movie_id": "10299"
  },
  {
    "review": "끝장면 진짜 너무 훈훈하다 ㅋㅋㅋㅋㅋㅋ 정말 간만에 보는 기분좋은 영화",
    "date": "10.10.12",
    "rating": "10",
    "author": "diff****",
    "review_id": "4898275",
    "movie_id": "10299"
  },
  {
    "review": "인상적인 주제가도 그렇고 뛰어난 각본에 혀를 내두름. 제시카 랭의 미모 또한 압권.",
    "date": "10.07.19",
    "rating": "7",
    "author": "stit****",
    "review_id": "4652422",
    "movie_id": "10299"
  },
  {
    "review": "91년도쯤 한국 TV에서 방송해줬을때 봤었죠. 우리 가족에게 큰웃음을 안겨줬던 영화^^",
    "date": "10.04.02",
    "rating": "10",
    "author": "hisa****",
    "review_id": "4404228",
    "movie_id": "10299"
  },
  {
    "review": "꽃미남배우도 아니고 더스틴호프만이 여장이 어울리다니... 역시 연기 본좌",
    "date": "09.12.28",
    "rating": "8",
    "author": "pth3****",
    "review_id": "4098137",
    "movie_id": "10299"
  },
  {
    "review": "더스틴 호프만이 오스카 여우주연상을 수상할뻔 했던 영화...",
    "date": "09.12.11",
    "rating": "9",
    "author": "cs06****",
    "review_id": "4034355",
    "movie_id": "10299"
  },
  {
    "review": "지금봐도 재밌는 코미디영화",
    "date": "09.12.08",
    "rating": "10",
    "author": "z1z2****",
    "review_id": "4028683",
    "movie_id": "10299"
  },
  {
    "review": "눈이 아플정도로 감동적인 영화다. 그리고 재밌다.",
    "date": "09.08.20",
    "rating": "8",
    "author": "evil****",
    "review_id": "3768666",
    "movie_id": "10299"
  },
  {
    "review": "ebs에서 해준 영화! 잠깐 볼려고했는데 끝까지 다봄 ㅋㅋ 재밌네요",
    "date": "09.08.13",
    "rating": "9",
    "author": "wkdl****",
    "review_id": "3744880",
    "movie_id": "10299"
  },
  {
    "review": "남자로서? 여자로서? 아니 사랑하는 사람으로서의 고백.",
    "date": "09.08.11",
    "rating": "8",
    "author": "lees****",
    "review_id": "3735091",
    "movie_id": "10299"
  },
  {
    "review": "재미있으라고 만든 영화는 페미니즘 타령 없이 재미있게 봐주면 그뿐",
    "date": "09.07.20",
    "rating": "8",
    "author": "0109****",
    "review_id": "3649326",
    "movie_id": "10299"
  },
  {
    "review": "여장을 하고 연기할 때는 남자 더스틴 호프만을 연상할 수 없음...",
    "date": "09.07.19",
    "rating": "10",
    "author": "ling****",
    "review_id": "3647751",
    "movie_id": "10299"
  },
  {
    "review": "내모습은 단지 하나의 나일뿐내속의 여성성이 연기의 성공과 사랑의 쟁취?로 이어진다",
    "date": "09.01.12",
    "rating": "9",
    "author": "ador****",
    "review_id": "3216457",
    "movie_id": "10299"
  },
  {
    "review": "더스틴호프만이 왜 엄청난 배우인지..",
    "date": "08.12.26",
    "rating": "10",
    "author": "ghdy****",
    "review_id": "3151754",
    "movie_id": "10299"
  },
  {
    "review": "여장을 한 더스틴 호프만의 연기가 압권.. 여운을 많이 남기는 코미디물.",
    "date": "08.11.08",
    "rating": "8",
    "author": "pola****",
    "review_id": "3040772",
    "movie_id": "10299"
  },
  {
    "review": "정말잼있네요 ㅋㅋ",
    "date": "08.10.01",
    "rating": "10",
    "author": "skeh****",
    "review_id": "2977494",
    "movie_id": "10299"
  },
  {
    "review": "하룻밤을 같이 보내는 수많은 멜로가 간과하는 정서적 교감과 이해가 있는 연애.",
    "date": "08.05.08",
    "rating": "7",
    "author": "hadl****",
    "review_id": "2625736",
    "movie_id": "10299"
  },
  {
    "review": "고, 도로시.",
    "date": "08.04.30",
    "rating": "5",
    "author": "paci****",
    "review_id": "2606991",
    "movie_id": "10299"
  },
  {
    "review": "지금봐도 재밌지만 그시기에 정말 엄청난 인기를 달리던 영화지..",
    "date": "08.03.10",
    "rating": "10",
    "author": "2001****",
    "review_id": "2513835",
    "movie_id": "10299"
  },
  {
    "review": "감정의 모호함을 깨뜨릴 수 있는 것은 대상에 대한 확고한 인식을 통해서가 아닐까",
    "date": "08.02.23",
    "rating": "8",
    "author": "teo0****",
    "review_id": "2474789",
    "movie_id": "10299"
  },
  {
    "review": "역시 더스틴 호프만!!",
    "date": "08.01.19",
    "rating": "10",
    "author": "janu****",
    "review_id": "2346635",
    "movie_id": "10299"
  },
  {
    "review": "미세스다웃파이어나 상대가 될 만하다",
    "date": "07.12.05",
    "rating": "8",
    "author": "baks****",
    "review_id": "2207965",
    "movie_id": "10299"
  },
  {
    "review": "good!",
    "date": "07.10.18",
    "rating": "7",
    "author": "cles****",
    "review_id": "2096399",
    "movie_id": "10299"
  },
  {
    "review": "호프만씨 연기 진짜 잘하는고나...했던 추억의 그 영화.",
    "date": "07.07.18",
    "rating": "8",
    "author": "clcl****",
    "review_id": "1787524",
    "movie_id": "10299"
  },
  {
    "review": "여장 연기의 진수를보여준다",
    "date": "07.07.02",
    "rating": "10",
    "author": "dj16****",
    "review_id": "1740648",
    "movie_id": "10299"
  },
  {
    "review": "여장한 더스틴 호프만의 모습은 정말 최고였다",
    "date": "07.05.18",
    "rating": "7",
    "author": "okjo****",
    "review_id": "1644799",
    "movie_id": "10299"
  },
  {
    "review": "영화에 담겨져 있는 페미니즘적인 것은 못봣나보군요",
    "date": "06.12.27",
    "rating": "10",
    "author": "a_hi****",
    "review_id": "1334236",
    "movie_id": "10299"
  },
  {
    "review": "khs1301신고",
    "date": "06.12.27",
    "rating": "9",
    "author": "a_hi****",
    "review_id": "1334228",
    "movie_id": "10299"
  },
  {
    "review": "너무나뻔한스토리임",
    "date": "06.12.27",
    "rating": "1",
    "author": "khs1****",
    "review_id": "1333626",
    "movie_id": "10299"
  },
  {
    "review": "더스틴이 똑같은말로 여자 꼬실때 웃겼음. 드라마정도에 그침.",
    "date": "06.12.08",
    "rating": "7",
    "author": "bepl****",
    "review_id": "1274503",
    "movie_id": "10299"
  },
  {
    "review": "좋아",
    "date": "06.12.01",
    "rating": "8",
    "author": "ysuh****",
    "review_id": "1260302",
    "movie_id": "10299"
  },
  {
    "review": "80년대 놓쳐서는 안될 명작 코미디.",
    "date": "06.11.18",
    "rating": "8",
    "author": "movi****",
    "review_id": "1238446",
    "movie_id": "10299"
  },
  {
    "review": "역시 시드니 폴락~",
    "date": "06.11.06",
    "rating": "10",
    "author": "thfl****",
    "review_id": "1219401",
    "movie_id": "10299"
  },
  {
    "review": "남장 여장의 메카!!..더스틴호프만 신의경지의 연기력..",
    "date": "06.10.17",
    "rating": "9",
    "author": "jaux****",
    "review_id": "1185281",
    "movie_id": "10299"
  },
  {
    "review": "레인맨의더스틴 저런 시절도 있네요 ㅋㅋ 빌머레이도 청년이네..",
    "date": "06.10.07",
    "rating": "10",
    "author": "jwyh****",
    "review_id": "1168573",
    "movie_id": "10299"
  },
  {
    "review": "더스틴 호프만 정말 곱게나왔어요. 젊은 빌머레이는 덤!",
    "date": "06.09.22",
    "rating": "10",
    "author": "ljir****",
    "review_id": "1136602",
    "movie_id": "10299"
  },
  {
    "review": "훌륭한 연기~ 깔끔한 대사~ 탁월한 스토리~",
    "date": "06.09.01",
    "rating": "10",
    "author": "caoc****",
    "review_id": "1094221",
    "movie_id": "10299"
  },
  {
    "review": "호프만의 연기..ㅋ",
    "date": "06.08.01",
    "rating": "10",
    "author": "zeed****",
    "review_id": "951320",
    "movie_id": "10299"
  },
  {
    "review": "it might be you",
    "date": "06.06.25",
    "rating": "10",
    "author": "tomc****",
    "review_id": "857294",
    "movie_id": "10299"
  },
  {
    "review": "여장남자의 정의가 무엇인지 확립한 영화.",
    "date": "06.05.23",
    "rating": "9",
    "author": "blue****",
    "review_id": "812785",
    "movie_id": "10299"
  },
  {
    "review": "어렸을때 잼있게 봤음 호프만의 연기는 굳..투웡푸보다생각났음",
    "date": "06.04.18",
    "rating": "10",
    "author": "beeb****",
    "review_id": "766307",
    "movie_id": "10299"
  },
  {
    "review": "최고최고 ㅋㅋ",
    "date": "06.04.06",
    "rating": "10",
    "author": "zmgm****",
    "review_id": "750909",
    "movie_id": "10299"
  },
  {
    "review": "위대한 배우 더스틴 호프만.",
    "date": "05.02.13",
    "rating": "7",
    "author": "tjsd****",
    "review_id": "218773",
    "movie_id": "10299"
  },
  {
    "review": "음악이 더 좋아요` ^--^",
    "date": "04.05.23",
    "rating": "10",
    "author": "eloi****",
    "review_id": "45111",
    "movie_id": "10299"
  },
  {
    "review": "내용이 참 좋은것 같네요...",
    "date": "04.04.22",
    "rating": "10",
    "author": "wnsg****",
    "review_id": "38558",
    "movie_id": "10299"
  }
]