[
  {
    "review": "성룡의 역대급 작품 중 하나!",
    "date": "15.07.13",
    "rating": "10",
    "author": "zam8****",
    "review_id": "10100863",
    "movie_id": "10307"
  },
  {
    "review": "성룡식 코믹 액션을 보고 싶다면.. 장만옥의 리즈시절을 보고 싶다면..",
    "date": "15.06.21",
    "rating": "8",
    "author": "pola****",
    "review_id": "10020310",
    "movie_id": "10307"
  },
  {
    "review": "애니인줄알았네 포스터만봐서는",
    "date": "15.04.24",
    "rating": "10",
    "author": "534k****",
    "review_id": "9861542",
    "movie_id": "10307"
  },
  {
    "review": "1에 버금간 2라고 생각합니다 개인적으로 더 재밌게 보았던 기억",
    "date": "15.01.04",
    "rating": "10",
    "author": "vero****",
    "review_id": "9559382",
    "movie_id": "10307"
  },
  {
    "review": "재밌게 잘 보았습니다.",
    "date": "14.03.11",
    "rating": "8",
    "author": "jin1****",
    "review_id": "8568032",
    "movie_id": "10307"
  },
  {
    "review": "오 1편보다 재미면에선 더 낫네  워너표나 홍금보가 없지만",
    "date": "13.07.17",
    "rating": "10",
    "author": "neo2****",
    "review_id": "7751027",
    "movie_id": "10307"
  },
  {
    "review": "1편에이어 성룡최고영화~오랜만에다시봤는데 눈물나게재미있고 그립다  성룡, 당신은 최고입니다!!",
    "date": "13.06.16",
    "rating": "10",
    "author": "whia****",
    "review_id": "7649682",
    "movie_id": "10307"
  },
  {
    "review": "전편 이상은 아니지만 전편 만큼은 하는 실험적인 속편.아기자기한 면이 돋보인다.",
    "date": "13.04.10",
    "rating": "8",
    "author": "sega****",
    "review_id": "7447073",
    "movie_id": "10307"
  },
  {
    "review": "몸 성할 날이 없어",
    "date": "13.03.09",
    "rating": "8",
    "author": "pass****",
    "review_id": "7333780",
    "movie_id": "10307"
  },
  {
    "review": "성룡 혼자만의 독주(獨走)",
    "date": "13.03.07",
    "rating": "6",
    "author": "seag****",
    "review_id": "7330238",
    "movie_id": "10307"
  },
  {
    "review": "1편의 트리오 액션은 사라지고 성룡의 솔로 액션만 가득하다..",
    "date": "13.03.02",
    "rating": "7",
    "author": "blue****",
    "review_id": "7318878",
    "movie_id": "10307"
  },
  {
    "review": "성룡 따거니까 기본이 7점.",
    "date": "13.03.01",
    "rating": "7",
    "author": "cube****",
    "review_id": "7313889",
    "movie_id": "10307"
  },
  {
    "review": "명작",
    "date": "13.01.22",
    "rating": "10",
    "author": "bgyu****",
    "review_id": "7155549",
    "movie_id": "10307"
  },
  {
    "review": "성룡혼자 다한느낌 ㅡㅡ; 나머진 멤버들이 액션이 없네 ....아무리 액션영화지만 스토리가 너무 단순.",
    "date": "12.11.05",
    "rating": "7",
    "author": "mftr****",
    "review_id": "6857650",
    "movie_id": "10307"
  },
  {
    "review": "재미는 있는데 전편에 비해 허술하고 스케일도 작아짐",
    "date": "11.11.26",
    "rating": "6",
    "author": "virt****",
    "review_id": "5871719",
    "movie_id": "10307"
  },
  {
    "review": "ㅋㅋ 잼있긴 했지만 뭔가좀 부족한느낌..ㅋㅋ원표가 없어서 그러나..ㅋ",
    "date": "11.11.21",
    "rating": "8",
    "author": "do11****",
    "review_id": "5862854",
    "movie_id": "10307"
  },
  {
    "review": "액션배우중에선,유일하게,성룡이야말로,버스터키튼이상이며,영화도스필버그영화이상.",
    "date": "11.11.18",
    "rating": "10",
    "author": "baks****",
    "review_id": "5855774",
    "movie_id": "10307"
  },
  {
    "review": "매우 재밌는 상황극에 액션까지 성룡표 액션영화의 진수",
    "date": "11.10.14",
    "rating": "9",
    "author": "ccpp****",
    "review_id": "5787649",
    "movie_id": "10307"
  },
  {
    "review": "성룡영화의 진수를 맛볼 수 있다",
    "date": "11.10.14",
    "rating": "9",
    "author": "rame****",
    "review_id": "5787648",
    "movie_id": "10307"
  },
  {
    "review": "후반부 정신없이 이어지는 추격전과 액션은 그냥 입이 안다물어짐",
    "date": "11.10.14",
    "rating": "9",
    "author": "kpcc****",
    "review_id": "5787647",
    "movie_id": "10307"
  },
  {
    "review": "이런식의 영환 성룡만 할수잇다",
    "date": "11.09.20",
    "rating": "9",
    "author": "ck02****",
    "review_id": "5742030",
    "movie_id": "10307"
  },
  {
    "review": "실험적 요소같지만 장만옥집에서의 소리없는 아우성은 인상적",
    "date": "11.08.05",
    "rating": "7",
    "author": "cruf****",
    "review_id": "5604435",
    "movie_id": "10307"
  },
  {
    "review": "이거 보던 어린 시절이 그립다",
    "date": "11.06.09",
    "rating": "10",
    "author": "fpsk****",
    "review_id": "5472321",
    "movie_id": "10307"
  },
  {
    "review": "이때가 그립다~~~",
    "date": "11.04.27",
    "rating": "10",
    "author": "ongn****",
    "review_id": "5394761",
    "movie_id": "10307"
  },
  {
    "review": "난 원표,홍금보,성룡 트리오를 보고 싶었기 때문에 마이너스 1점",
    "date": "11.02.27",
    "rating": "9",
    "author": "kkw1****",
    "review_id": "5278859",
    "movie_id": "10307"
  },
  {
    "review": "전편보다 좀 나았던 편이었습니다.",
    "date": "11.02.10",
    "rating": "10",
    "author": "kk94****",
    "review_id": "5233617",
    "movie_id": "10307"
  },
  {
    "review": "매우 재밌는 상황극에 액션까지 성룡표 액션영화의 진수",
    "date": "11.01.10",
    "rating": "10",
    "author": "laks****",
    "review_id": "5146627",
    "movie_id": "10307"
  },
  {
    "review": "1편에 비해 절대 OOO 않는다 게다가 장만옥 관지림을 볼 수있는 재미",
    "date": "10.12.12",
    "rating": "10",
    "author": "yt88****",
    "review_id": "5046807",
    "movie_id": "10307"
  },
  {
    "review": "1,2전부 우열을 가리기 힘들 정도로 최고의 작품.",
    "date": "10.11.12",
    "rating": "10",
    "author": "lso1****",
    "review_id": "4954373",
    "movie_id": "10307"
  },
  {
    "review": "최고다!!! 1편에 비해서 떨어질거 없다...역시 성룡!!! 존경 존경 존경!!!",
    "date": "10.10.18",
    "rating": "10",
    "author": "kkan****",
    "review_id": "4908619",
    "movie_id": "10307"
  },
  {
    "review": "최고",
    "date": "10.08.01",
    "rating": "10",
    "author": "xowh****",
    "review_id": "4694530",
    "movie_id": "10307"
  },
  {
    "review": "그냥 즐길만함",
    "date": "10.04.21",
    "rating": "7",
    "author": "bbob****",
    "review_id": "4446649",
    "movie_id": "10307"
  },
  {
    "review": "워낙어릴때봐서 기억도 안난다. 지금 다시 볼라겨 다운 받았다. 무조건 만점",
    "date": "10.02.17",
    "rating": "10",
    "author": "psyc****",
    "review_id": "4291533",
    "movie_id": "10307"
  },
  {
    "review": "최고다..말이 필요없다!!영원한 레전드로 남아 주시길..용형호제3도 대박",
    "date": "10.01.20",
    "rating": "10",
    "author": "fbi0****",
    "review_id": "4192077",
    "movie_id": "10307"
  },
  {
    "review": "결코 전편에 OOO 않는다!!특히 고추먹고 싸우는 장면 대박!",
    "date": "09.12.22",
    "rating": "10",
    "author": "hjy6****",
    "review_id": "4071075",
    "movie_id": "10307"
  },
  {
    "review": "요즘 이만한영화 없다...정말 재미있게 봤다",
    "date": "09.11.08",
    "rating": "9",
    "author": "thra****",
    "review_id": "3944317",
    "movie_id": "10307"
  },
  {
    "review": "좀더 자세해지고 재밌어지고 화려해져서 돌아온 프로젝트A.",
    "date": "09.10.17",
    "rating": "10",
    "author": "ard2****",
    "review_id": "3897135",
    "movie_id": "10307"
  },
  {
    "review": "후반부 정신없이 이어지는 추격전과 액션은 그냥 입이 안다물어짐..",
    "date": "09.09.02",
    "rating": "10",
    "author": "gh75****",
    "review_id": "3807171",
    "movie_id": "10307"
  },
  {
    "review": "1,2편 우열을 가리기 힘들정도로 대박재밌다ㅋㅋㅋㅋㅋㅋ",
    "date": "09.05.25",
    "rating": "10",
    "author": "iss2****",
    "review_id": "3523138",
    "movie_id": "10307"
  },
  {
    "review": "1편에 못미쳤지만 정말 재밌었다.",
    "date": "09.01.28",
    "rating": "10",
    "author": "oper****",
    "review_id": "3258833",
    "movie_id": "10307"
  },
  {
    "review": "와 지금봐도 정말 재밌는 영화....성룡 액션 최고...관지림의 미모또한 최고",
    "date": "08.10.29",
    "rating": "10",
    "author": "ledd****",
    "review_id": "3026073",
    "movie_id": "10307"
  },
  {
    "review": "추억에 눈물이 나는 영화",
    "date": "08.10.01",
    "rating": "10",
    "author": "chj0****",
    "review_id": "2977510",
    "movie_id": "10307"
  },
  {
    "review": "참 재미있어요",
    "date": "08.08.31",
    "rating": "10",
    "author": "you2****",
    "review_id": "2914317",
    "movie_id": "10307"
  },
  {
    "review": "용형호제2 와 함께 성룡 최고의 걸작~! 그가 늙어간다는 것이 아쉽기만 하다..ㅜ",
    "date": "08.08.03",
    "rating": "10",
    "author": "yunm****",
    "review_id": "2831364",
    "movie_id": "10307"
  },
  {
    "review": "1편도 재밌었고 2편은 극장에서 봐서 그런지 더 재밌었던..",
    "date": "08.07.05",
    "rating": "9",
    "author": "gall****",
    "review_id": "2742172",
    "movie_id": "10307"
  },
  {
    "review": "최고다 최고!!!할말이 없음",
    "date": "08.04.06",
    "rating": "10",
    "author": "rd72****",
    "review_id": "2562475",
    "movie_id": "10307"
  },
  {
    "review": "1편 보다 액션씬이 떨어 지지만 코믹 요소는 더 재밌다",
    "date": "08.01.06",
    "rating": "10",
    "author": "iama****",
    "review_id": "2303696",
    "movie_id": "10307"
  },
  {
    "review": "버스트 키튼 영화를 현대식으로 재창조한 노력..",
    "date": "07.11.27",
    "rating": "8",
    "author": "ansu****",
    "review_id": "2187737",
    "movie_id": "10307"
  },
  {
    "review": "성룡 굿!!",
    "date": "07.11.12",
    "rating": "8",
    "author": "pksj****",
    "review_id": "2148097",
    "movie_id": "10307"
  },
  {
    "review": "성룡 혼자 나와도 잼있다...그건 사실이다.ㅋㅋ",
    "date": "07.11.09",
    "rating": "9",
    "author": "aa11****",
    "review_id": "2140599",
    "movie_id": "10307"
  },
  {
    "review": "good",
    "date": "07.10.20",
    "rating": "2",
    "author": "cles****",
    "review_id": "2101436",
    "movie_id": "10307"
  },
  {
    "review": "원표와 홍금보가 없어서 아쉬웠지만 최고였음 乃 ㅋㅋ",
    "date": "07.10.03",
    "rating": "10",
    "author": "nemb****",
    "review_id": "2067202",
    "movie_id": "10307"
  },
  {
    "review": "성룡좋아",
    "date": "07.08.19",
    "rating": "10",
    "author": "shld****",
    "review_id": "1959737",
    "movie_id": "10307"
  },
  {
    "review": "홍금보 원표가 안나와서 실망",
    "date": "07.08.19",
    "rating": "10",
    "author": "pdc8****",
    "review_id": "1959735",
    "movie_id": "10307"
  },
  {
    "review": "극장에서 보긴했지만 성룡무술씬외에는 별로..",
    "date": "07.08.08",
    "rating": "3",
    "author": "lsh1****",
    "review_id": "1906213",
    "movie_id": "10307"
  },
  {
    "review": "진짜재밌다 DVD구입후 봤는데 내가 처음으로 네이버로그인하고 평점 기록한다,",
    "date": "07.08.07",
    "rating": "10",
    "author": "lmkn****",
    "review_id": "1898010",
    "movie_id": "10307"
  },
  {
    "review": "초딩 시절... 보며 깜짝 놀랐던 영화.. 성룡작품중 최고로 꼽고싶다.",
    "date": "07.08.06",
    "rating": "9",
    "author": "typo****",
    "review_id": "1894468",
    "movie_id": "10307"
  },
  {
    "review": "성룡의 액션이 정말 좋았던 영화...정말 재밌다!!",
    "date": "07.08.06",
    "rating": "10",
    "author": "some****",
    "review_id": "1894426",
    "movie_id": "10307"
  },
  {
    "review": "과연 성룡영화중에서 10점 아닌게 있을까?  2000년대 영화빼고  -_-;;",
    "date": "07.07.29",
    "rating": "10",
    "author": "eute****",
    "review_id": "1824365",
    "movie_id": "10307"
  },
  {
    "review": "1편과 함께 정말 코믹과 액션의 완벽한 조화를 이룬 작품",
    "date": "07.07.11",
    "rating": "10",
    "author": "deff****",
    "review_id": "1764585",
    "movie_id": "10307"
  },
  {
    "review": "고생하면서 찍은 걸작이죠",
    "date": "07.05.28",
    "rating": "10",
    "author": "drag****",
    "review_id": "1670000",
    "movie_id": "10307"
  },
  {
    "review": "1탄을 능가했다. 이건 둘이보다가 둘다죽어도 모름",
    "date": "07.05.14",
    "rating": "10",
    "author": "sudi****",
    "review_id": "1637539",
    "movie_id": "10307"
  },
  {
    "review": "나의 영웅 성룡~!",
    "date": "07.03.31",
    "rating": "10",
    "author": "1597****",
    "review_id": "1565305",
    "movie_id": "10307"
  },
  {
    "review": "최고의 영화",
    "date": "07.03.31",
    "rating": "10",
    "author": "wwe8****",
    "review_id": "1565304",
    "movie_id": "10307"
  },
  {
    "review": "1편보다 더욱 잼있다.",
    "date": "07.02.01",
    "rating": "10",
    "author": "kumc****",
    "review_id": "1432122",
    "movie_id": "10307"
  },
  {
    "review": "1편보다 짜임새가 더 좋은 성룡 영화",
    "date": "07.01.21",
    "rating": "10",
    "author": "baeh****",
    "review_id": "1403466",
    "movie_id": "10307"
  },
  {
    "review": "성룡의 액션..역시 이 영화에서도 볼만하고 호쾌하다..",
    "date": "06.12.12",
    "rating": "9",
    "author": "band****",
    "review_id": "1286601",
    "movie_id": "10307"
  },
  {
    "review": "1편은 좋았는데 이건 어수선해서 별루다",
    "date": "06.12.05",
    "rating": "3",
    "author": "ysuh****",
    "review_id": "1268878",
    "movie_id": "10307"
  },
  {
    "review": "잼있다.",
    "date": "06.11.02",
    "rating": "8",
    "author": "clou****",
    "review_id": "1211557",
    "movie_id": "10307"
  },
  {
    "review": "볼만한데",
    "date": "06.10.13",
    "rating": "8",
    "author": "zeed****",
    "review_id": "1177844",
    "movie_id": "10307"
  },
  {
    "review": "갠적으로 전작이 더 좋았다 그런대로 볼만한 작품",
    "date": "06.10.10",
    "rating": "5",
    "author": "okjo****",
    "review_id": "1174804",
    "movie_id": "10307"
  },
  {
    "review": "정말 재미있게 본 영화였다 액션 최고",
    "date": "06.09.08",
    "rating": "10",
    "author": "jmh4****",
    "review_id": "1111967",
    "movie_id": "10307"
  },
  {
    "review": "홍콩영화의 전성기때 만들어진 수작",
    "date": "06.08.24",
    "rating": "10",
    "author": "muny****",
    "review_id": "1074649",
    "movie_id": "10307"
  },
  {
    "review": "재밌었다",
    "date": "06.06.09",
    "rating": "6",
    "author": "pawr****",
    "review_id": "837672",
    "movie_id": "10307"
  },
  {
    "review": "성룡이 활동량이 많이 줄어들었지만, 마지막 지대로 보여주다.",
    "date": "06.05.27",
    "rating": "7",
    "author": "izzo****",
    "review_id": "818381",
    "movie_id": "10307"
  },
  {
    "review": "잼있었다.. 내가태어난연도라서 뜻깊게봤다.",
    "date": "06.04.28",
    "rating": "10",
    "author": "minh****",
    "review_id": "778018",
    "movie_id": "10307"
  },
  {
    "review": "다 좋았으나 홍금보 원표가 없어서 아쉬운 영화.",
    "date": "06.03.26",
    "rating": "8",
    "author": "onim****",
    "review_id": "735853",
    "movie_id": "10307"
  },
  {
    "review": "장만옥 집에서 벌어지는 소동이 하이라이트",
    "date": "06.01.09",
    "rating": "10",
    "author": "asdq****",
    "review_id": "572746",
    "movie_id": "10307"
  },
  {
    "review": "빠른전개와 유머",
    "date": "05.12.24",
    "rating": "7",
    "author": "kws7****",
    "review_id": "525277",
    "movie_id": "10307"
  },
  {
    "review": "눈물 빠지게 웃었던 기억이..",
    "date": "05.10.19",
    "rating": "10",
    "author": "butk****",
    "review_id": "447878",
    "movie_id": "10307"
  },
  {
    "review": "전편만큼은 한참 떨어지나 중반이후의 성룡표 액션은 Good",
    "date": "05.08.06",
    "rating": "8",
    "author": "dori****",
    "review_id": "355033",
    "movie_id": "10307"
  },
  {
    "review": "A 계획에 이어 좀 더 다양해진 영화 재밌다~~",
    "date": "05.07.02",
    "rating": "10",
    "author": "qmfo****",
    "review_id": "310895",
    "movie_id": "10307"
  },
  {
    "review": "벨로",
    "date": "05.05.28",
    "rating": "1",
    "author": "alft****",
    "review_id": "288817",
    "movie_id": "10307"
  },
  {
    "review": "나의 어린시절을 꿈으로 가득채운 홍콩 영화들이여~~",
    "date": "05.04.09",
    "rating": "10",
    "author": "jahn****",
    "review_id": "256884",
    "movie_id": "10307"
  },
  {
    "review": "1편보단 좀 덜하지만 그래도 최고",
    "date": "05.02.20",
    "rating": "10",
    "author": "zhow****",
    "review_id": "224917",
    "movie_id": "10307"
  },
  {
    "review": "세익스피어 소동극을 몸으로 체화시킨 활동영화(?)",
    "date": "05.02.16",
    "rating": "8",
    "author": "murt****",
    "review_id": "221543",
    "movie_id": "10307"
  },
  {
    "review": "성룡영화 다운 성룡영화였다.",
    "date": "05.01.16",
    "rating": "9",
    "author": "kpcc****",
    "review_id": "187793",
    "movie_id": "10307"
  },
  {
    "review": "오우.. 만점이군!",
    "date": "04.10.27",
    "rating": "10",
    "author": "juyu****",
    "review_id": "133679",
    "movie_id": "10307"
  },
  {
    "review": "성룡은 80년대 영화다!!",
    "date": "04.10.23",
    "rating": "10",
    "author": "jack****",
    "review_id": "131240",
    "movie_id": "10307"
  },
  {
    "review": "1편보다 더 재밌다. 무조건 봐라!",
    "date": "04.10.13",
    "rating": "10",
    "author": "k4he****",
    "review_id": "125140",
    "movie_id": "10307"
  },
  {
    "review": "이런 영화 현대 기술로도 만들기 힘들겠죠?",
    "date": "04.09.30",
    "rating": "10",
    "author": "do20****",
    "review_id": "117553",
    "movie_id": "10307"
  },
  {
    "review": "성룡 영화중 최고중 하나.",
    "date": "04.09.11",
    "rating": "10",
    "author": "jcr3****",
    "review_id": "106397",
    "movie_id": "10307"
  },
  {
    "review": "원표 안나와서 너무 좋다",
    "date": "04.08.23",
    "rating": "10",
    "author": "myli****",
    "review_id": "95410",
    "movie_id": "10307"
  },
  {
    "review": "홍금보가2편에서도나왔었나요-_-?;;;원표도안나와서아쉬웠다.영화는최고!!",
    "date": "04.08.03",
    "rating": "10",
    "author": "ssor****",
    "review_id": "82617",
    "movie_id": "10307"
  },
  {
    "review": "전편과 대동소이한 재미..",
    "date": "04.07.24",
    "rating": "10",
    "author": "raju****",
    "review_id": "76045",
    "movie_id": "10307"
  },
  {
    "review": "전편에 OOO 않는 속편...  볼 만 합니다",
    "date": "04.05.16",
    "rating": "10",
    "author": "krue****",
    "review_id": "43369",
    "movie_id": "10307"
  }
]