[
  {
    "review": "별이 빛나는 밤에를 먼저 보고 이 영화를 봤는데, 민종형님의 열연이 정말좋았다. 시를 읊는 듯한 민종형님의 대사 ㅋㅋㅋ 영화가 중간에 편집으로짤려나간 부분이 좀 있는듯한데... 결말이 조금 더 진행됐으면 어땠을까 아쉽기도 하다.",
    "date": "15.04.22",
    "rating": "10",
    "author": "joes****",
    "review_id": "9856357",
    "movie_id": "10309"
  },
  {
    "review": "추억의 영화. 이 당시엔 재밌었는데..",
    "date": "11.05.04",
    "rating": "10",
    "author": "gack****",
    "review_id": "5405283",
    "movie_id": "10309"
  },
  {
    "review": "슬프다.",
    "date": "10.02.23",
    "rating": "1",
    "author": "pria****",
    "review_id": "4312965",
    "movie_id": "10309"
  },
  {
    "review": "어릴적 사촌누나 손에 이끌려서 극장에서본 추억의 영화..",
    "date": "08.11.13",
    "rating": "10",
    "author": "eden****",
    "review_id": "3047054",
    "movie_id": "10309"
  },
  {
    "review": "정말 좋은영화에요 ^^완전감동..배경음악도 최고 \"그대가 이 세상에 있는 것 만으로\"",
    "date": "08.03.26",
    "rating": "10",
    "author": "babo****",
    "review_id": "2543325",
    "movie_id": "10309"
  },
  {
    "review": "훌륭한 배우들",
    "date": "06.08.21",
    "rating": "9",
    "author": "zeed****",
    "review_id": "1063568",
    "movie_id": "10309"
  },
  {
    "review": "이 이후로 결혼에 꼴인 했었지싶은데..",
    "date": "05.12.23",
    "rating": "6",
    "author": "blue****",
    "review_id": "522127",
    "movie_id": "10309"
  },
  {
    "review": "감동 또 감동...",
    "date": "05.09.01",
    "rating": "10",
    "author": "zero****",
    "review_id": "390130",
    "movie_id": "10309"
  },
  {
    "review": "이들부부..당시엔 괜찮은 영화였지",
    "date": "05.03.13",
    "rating": "7",
    "author": "red0****",
    "review_id": "240464",
    "movie_id": "10309"
  },
  {
    "review": "씨발 노래검색 하는데 이게 나오고 OO이네",
    "date": "04.09.27",
    "rating": "1",
    "author": "ehdt****",
    "review_id": "115926",
    "movie_id": "10309"
  }
]