[
  {
    "review": "80년대에 한국수입금지. 대학생들 데모할까봐..",
    "date": "15.01.03",
    "rating": "10",
    "author": "pont****",
    "review_id": "9554243",
    "movie_id": "10300"
  },
  {
    "review": "평범한 전기영화, 벤 킹슬리에겐 인생역작.",
    "date": "14.11.25",
    "rating": "6",
    "author": "tear****",
    "review_id": "9422166",
    "movie_id": "10300"
  },
  {
    "review": "리처드 어텐보로 잊지 않겠습니다.",
    "date": "14.08.26",
    "rating": "10",
    "author": "z676****",
    "review_id": "9135018",
    "movie_id": "10300"
  },
  {
    "review": "간디는 진정한 영웅 위인이네요 종교인으로나 정치인으로 인간으로나 어디하나 흠잡을때없네요거의 석가수준이라고 할까나",
    "date": "14.08.26",
    "rating": "10",
    "author": "bono****",
    "review_id": "9134158",
    "movie_id": "10300"
  },
  {
    "review": "간디 그 자체인 벤 킹슬리의 연기",
    "date": "14.07.24",
    "rating": "10",
    "author": "mara****",
    "review_id": "8948984",
    "movie_id": "10300"
  },
  {
    "review": "히틀러 보다  타국 침략을 더 많이 한 영국...다시 한번 영국넘들이 OO들이라는 것을 느꼈다!",
    "date": "14.06.09",
    "rating": "10",
    "author": "katy****",
    "review_id": "8817103",
    "movie_id": "10300"
  },
  {
    "review": "문명으로 왜곡된 캐릭터",
    "date": "14.04.18",
    "rating": "10",
    "author": "sh87****",
    "review_id": "8656419",
    "movie_id": "10300"
  },
  {
    "review": "마지막유언이",
    "date": "13.08.26",
    "rating": "10",
    "author": "chll****",
    "review_id": "7923926",
    "movie_id": "10300"
  },
  {
    "review": "내가 가장 존경하는 인물,간디",
    "date": "13.08.06",
    "rating": "10",
    "author": "star****",
    "review_id": "7846704",
    "movie_id": "10300"
  },
  {
    "review": "덕분에 공부 많이 했습니다.",
    "date": "13.03.29",
    "rating": "10",
    "author": "lsh5****",
    "review_id": "7420610",
    "movie_id": "10300"
  },
  {
    "review": "영국놈들 자체가 해적질과 노약질로 만든 나라인대...특히 여자아나운서들이 신사의 나라....이렇게 소개할때마다...역겹더라...한국인에게 옳바른 역사교육이 필요하다....영국과 프랑스는 해적질과 노략질로 만든 역겨운 나라다",
    "date": "13.03.25",
    "rating": "10",
    "author": "azus****",
    "review_id": "7410838",
    "movie_id": "10300"
  },
  {
    "review": "[아카데미]1983년55회 작품,남우주연,감독,각본,촬영,미술,의상,편집 8개부문수상작.그해E.T.가휩쓸거라고봤으나결과는뜻밖이었다.간디의일대기로무폭력운동과인도가흰두교와이슬람교의분리로종교로인해파키스탄으로독립하게되는과정을보여준다.졸작은아니나명작은더욱아니다",
    "date": "13.03.21",
    "rating": "7",
    "author": "new7****",
    "review_id": "7382047",
    "movie_id": "10300"
  },
  {
    "review": "이 영화 감독은 영화 쥬라기 공원에서  그 공원 설립자 할아버지",
    "date": "13.02.16",
    "rating": "10",
    "author": "sadc****",
    "review_id": "7271653",
    "movie_id": "10300"
  },
  {
    "review": "죽기전에 꼭 봐야할 영화이다",
    "date": "13.01.11",
    "rating": "10",
    "author": "kws0****",
    "review_id": "7101280",
    "movie_id": "10300"
  },
  {
    "review": "간디에대한것만 아니라 역사까지 배울수있는영화 간디란사람이 얼마나 대단한 일을 했는지 알수있다. 당시에 급박함도 ... 러닝타임세시간으로 많은걸 배울수있었던 영화 :) 추천.",
    "date": "12.11.07",
    "rating": "10",
    "author": "jiye****",
    "review_id": "6862255",
    "movie_id": "10300"
  },
  {
    "review": "영화배우 벤 킹슬리를 알게된 계기가 된 영화.. 간디에 대해 현재까지 나온 영화 중 이 영화보다 잘 묘사된 영화는 아직 없다고 봄..",
    "date": "12.11.02",
    "rating": "10",
    "author": "dwje****",
    "review_id": "6844586",
    "movie_id": "10300"
  },
  {
    "review": "평점이 왜 낮은건지 이해할 수 없군요. 한국인들의 수준을 증명하는 건가요?",
    "date": "12.09.20",
    "rating": "10",
    "author": "novu****",
    "review_id": "6715786",
    "movie_id": "10300"
  },
  {
    "review": "오재미있어요ㅋ",
    "date": "12.09.16",
    "rating": "10",
    "author": "tpgn****",
    "review_id": "6703900",
    "movie_id": "10300"
  },
  {
    "review": "아카데미가 사랑할 만 함",
    "date": "12.06.25",
    "rating": "8",
    "author": "kyur****",
    "review_id": "6414203",
    "movie_id": "10300"
  },
  {
    "review": "간디와 이 배역을 위해 태어난 배우가 만나니 단연 전기영화의 으뜸이 되다.",
    "date": "12.03.09",
    "rating": "10",
    "author": "befo****",
    "review_id": "6132852",
    "movie_id": "10300"
  },
  {
    "review": "굿굿",
    "date": "12.01.22",
    "rating": "10",
    "author": "fiz0****",
    "review_id": "6010179",
    "movie_id": "10300"
  },
  {
    "review": "오.. 꽤 좋은 영화.",
    "date": "11.12.24",
    "rating": "9",
    "author": "hr90****",
    "review_id": "5930898",
    "movie_id": "10300"
  },
  {
    "review": "'진리와 사랑은 늘 승리한다.'",
    "date": "11.10.07",
    "rating": "9",
    "author": "pupp****",
    "review_id": "5776630",
    "movie_id": "10300"
  },
  {
    "review": "흠결이 있는 사람인데... 너무 빨아대기만 하니까 거부감이 생기네",
    "date": "11.10.04",
    "rating": "1",
    "author": "ilov****",
    "review_id": "5771163",
    "movie_id": "10300"
  },
  {
    "review": "영국으로부터독립을했지만저동네는종교때문에갈라지네황소고집간디",
    "date": "11.04.07",
    "rating": "8",
    "author": "zzzo****",
    "review_id": "5359286",
    "movie_id": "10300"
  },
  {
    "review": "바바예투",
    "date": "11.03.01",
    "rating": "10",
    "author": "tuzz****",
    "review_id": "5286505",
    "movie_id": "10300"
  },
  {
    "review": "이게바로 오래된 명화다 긴시간동안 지루하지가않아",
    "date": "11.02.27",
    "rating": "9",
    "author": "pend****",
    "review_id": "5280329",
    "movie_id": "10300"
  },
  {
    "review": "아카데미작품상에 어울리는 영화",
    "date": "11.01.17",
    "rating": "10",
    "author": "mais****",
    "review_id": "5163675",
    "movie_id": "10300"
  },
  {
    "review": "간디같은소리하고있네",
    "date": "10.12.25",
    "rating": "1",
    "author": "deeg****",
    "review_id": "5084772",
    "movie_id": "10300"
  },
  {
    "review": "'마하트마'와 인도 모태적 심성간의 단절과 간디의 신성화;;; 후덜덜...",
    "date": "10.12.11",
    "rating": "6",
    "author": "kn63****",
    "review_id": "5046126",
    "movie_id": "10300"
  },
  {
    "review": "음, 존경과 감동.. 벅찬 가슴과 눈물..",
    "date": "10.12.04",
    "rating": "9",
    "author": "ecla****",
    "review_id": "5022855",
    "movie_id": "10300"
  },
  {
    "review": "바바예투예툴리예빙구니예투예투아미나~",
    "date": "10.12.02",
    "rating": "10",
    "author": "rjsw****",
    "review_id": "5016364",
    "movie_id": "10300"
  },
  {
    "review": "순순히 금을 넘기면 유혈사태는 일어나지 않을것입니다",
    "date": "10.11.21",
    "rating": "10",
    "author": "bsw7****",
    "review_id": "4977072",
    "movie_id": "10300"
  },
  {
    "review": "상대의 다이아를 내것으로 만드는 협상법과 심리학을 보고 싶었는데",
    "date": "10.11.19",
    "rating": "1",
    "author": "aron****",
    "review_id": "4971472",
    "movie_id": "10300"
  },
  {
    "review": "순순히 금을 넘기면 유혈사태는 일어나지 않을것입니다",
    "date": "10.11.15",
    "rating": "10",
    "author": "yong****",
    "review_id": "4963702",
    "movie_id": "10300"
  },
  {
    "review": "순순히 금을 넘기면 유혈사태는 일어나지 않을것입니다",
    "date": "10.10.23",
    "rating": "10",
    "author": "mand****",
    "review_id": "4917900",
    "movie_id": "10300"
  },
  {
    "review": "순순히 금을 넘기면 유혈사태는 일어나지 않을것입니다.",
    "date": "10.10.10",
    "rating": "10",
    "author": "ihj8****",
    "review_id": "4895471",
    "movie_id": "10300"
  },
  {
    "review": "고집센 늙은이로 보여질수도있지만 그가 인도의 아버지였다는 것은 분명하다",
    "date": "10.09.19",
    "rating": "7",
    "author": "o0wl****",
    "review_id": "4849035",
    "movie_id": "10300"
  },
  {
    "review": "간디를 배우다 그를 공부하다",
    "date": "10.03.22",
    "rating": "10",
    "author": "sylo****",
    "review_id": "4376973",
    "movie_id": "10300"
  },
  {
    "review": "음.... 약간의 지루함이 있었지만 그래도 영화 속에 깊은 메세지가 있었던 영화~~~~~~",
    "date": "10.01.31",
    "rating": "8",
    "author": "jmkp****",
    "review_id": "4227133",
    "movie_id": "10300"
  },
  {
    "review": "간디의 환생인 벤 킹슬리",
    "date": "10.01.31",
    "rating": "8",
    "author": "bbq2****",
    "review_id": "4227091",
    "movie_id": "10300"
  },
  {
    "review": "진실이 어떻든간에, 이 영화앞에서는 저절로 고개가 숙여질수밖에 없다.",
    "date": "10.01.31",
    "rating": "7",
    "author": "tabu****",
    "review_id": "4226760",
    "movie_id": "10300"
  },
  {
    "review": "킬링타임으로 보고 싶다면 지루할테지만 진지하게 보길원한다면 꼭 추천하고 싶다",
    "date": "10.01.17",
    "rating": "10",
    "author": "byg1****",
    "review_id": "4179863",
    "movie_id": "10300"
  },
  {
    "review": "위대하고 아름다운 영혼이 영화를 통해서도 전해져옵니다.",
    "date": "09.10.18",
    "rating": "10",
    "author": "joya****",
    "review_id": "3900232",
    "movie_id": "10300"
  },
  {
    "review": "그의 한계를 지적하기 이전에 위대한 지도자라 하지 않을 수 없다.",
    "date": "09.07.19",
    "rating": "9",
    "author": "kusa****",
    "review_id": "3647851",
    "movie_id": "10300"
  },
  {
    "review": "전혀다른성격임에도인도와파키스탄의분리를막으려는모습이김구선생과겹쳐보인다",
    "date": "09.07.11",
    "rating": "10",
    "author": "pjin****",
    "review_id": "3623678",
    "movie_id": "10300"
  },
  {
    "review": "3시간이라는 상영시간이 지루하지 않았다~",
    "date": "09.06.17",
    "rating": "7",
    "author": "milk****",
    "review_id": "3571754",
    "movie_id": "10300"
  },
  {
    "review": "포레스트검프를 기대했건만.. 3시간은 너무지루했다 간디의 사고방식은 정말..",
    "date": "09.04.27",
    "rating": "6",
    "author": "hjj5****",
    "review_id": "3445072",
    "movie_id": "10300"
  },
  {
    "review": "마하트마의 위대한 삶",
    "date": "09.03.28",
    "rating": "10",
    "author": "ysuh****",
    "review_id": "3392103",
    "movie_id": "10300"
  },
  {
    "review": "보는 순간마다 감동과 눈물에 젖었다.",
    "date": "09.01.05",
    "rating": "10",
    "author": "pola****",
    "review_id": "3192523",
    "movie_id": "10300"
  },
  {
    "review": "최고.",
    "date": "08.12.16",
    "rating": "10",
    "author": "dual****",
    "review_id": "3121554",
    "movie_id": "10300"
  },
  {
    "review": "진짜 간디인줄 알았던 벤 킹슬리",
    "date": "08.11.23",
    "rating": "10",
    "author": "oran****",
    "review_id": "3067981",
    "movie_id": "10300"
  },
  {
    "review": "정말 좋은 영화",
    "date": "08.11.03",
    "rating": "10",
    "author": "dina****",
    "review_id": "3033528",
    "movie_id": "10300"
  },
  {
    "review": "간디의 위대함을 긴 영화라도 다 담을 수 없다. 21세기 영웅의 출현을 고대하며..",
    "date": "08.02.24",
    "rating": "7",
    "author": "kuic****",
    "review_id": "2477081",
    "movie_id": "10300"
  },
  {
    "review": "간디의 숭고함을 단순한 전기영화로 바꾸어 버렸다",
    "date": "08.02.14",
    "rating": "4",
    "author": "okjo****",
    "review_id": "2444450",
    "movie_id": "10300"
  },
  {
    "review": "간디의 숨겨진 얼굴을 알고 난 뒤에는 실망할 수밖에 없었던 영화.",
    "date": "08.01.25",
    "rating": "6",
    "author": "cahd****",
    "review_id": "2369783",
    "movie_id": "10300"
  },
  {
    "review": "좋은영화..",
    "date": "07.11.18",
    "rating": "10",
    "author": "vera****",
    "review_id": "2160979",
    "movie_id": "10300"
  },
  {
    "review": "걸작임",
    "date": "07.11.15",
    "rating": "10",
    "author": "007k****",
    "review_id": "2153911",
    "movie_id": "10300"
  },
  {
    "review": "모처럼만에 본 고전 걸작",
    "date": "07.11.10",
    "rating": "8",
    "author": "v292****",
    "review_id": "2142854",
    "movie_id": "10300"
  },
  {
    "review": "인도철학수업땜에 봤는데 좀 지루함",
    "date": "07.09.30",
    "rating": "7",
    "author": "vtfx****",
    "review_id": "2061593",
    "movie_id": "10300"
  },
  {
    "review": "간디라는 위인도 위대하지만, 벤킹슬리의 연기가 더 위대해",
    "date": "07.09.21",
    "rating": "7",
    "author": "mana****",
    "review_id": "2034629",
    "movie_id": "10300"
  },
  {
    "review": "좀 지루했당..",
    "date": "07.09.05",
    "rating": "7",
    "author": "srid****",
    "review_id": "2003048",
    "movie_id": "10300"
  },
  {
    "review": "긴시간이지루하지않은명작",
    "date": "07.08.23",
    "rating": "10",
    "author": "ehdd****",
    "review_id": "1972757",
    "movie_id": "10300"
  },
  {
    "review": "그다지 큰 감동은....",
    "date": "07.08.21",
    "rating": "7",
    "author": "8913****",
    "review_id": "1965307",
    "movie_id": "10300"
  },
  {
    "review": "정말 감동..",
    "date": "07.08.12",
    "rating": "10",
    "author": "ashl****",
    "review_id": "1925707",
    "movie_id": "10300"
  },
  {
    "review": "간디좋다",
    "date": "07.07.11",
    "rating": "10",
    "author": "fawo****",
    "review_id": "1764754",
    "movie_id": "10300"
  },
  {
    "review": "전기 영화로써 아쉬운 점도 있지만 간디의 영혼 만큼은 확실히 살아있다.",
    "date": "07.05.15",
    "rating": "8",
    "author": "team****",
    "review_id": "1639003",
    "movie_id": "10300"
  },
  {
    "review": "내가 지금까지 본 제일 최고의 다큐멘터리 영화",
    "date": "07.05.07",
    "rating": "10",
    "author": "90sj****",
    "review_id": "1626039",
    "movie_id": "10300"
  },
  {
    "review": "눈물을 참기 어렵다",
    "date": "07.04.12",
    "rating": "10",
    "author": "wrat****",
    "review_id": "1584084",
    "movie_id": "10300"
  },
  {
    "review": "이거 재밌음",
    "date": "07.03.25",
    "rating": "10",
    "author": "dlcn****",
    "review_id": "1553428",
    "movie_id": "10300"
  },
  {
    "review": "맞써 싸우지 않고도 현명하게 이기는 방법을 배우자",
    "date": "07.01.04",
    "rating": "10",
    "author": "soli****",
    "review_id": "1355767",
    "movie_id": "10300"
  },
  {
    "review": "금세기 최고의 성자 신약성서에 걸맞는 인물 간디",
    "date": "07.01.03",
    "rating": "10",
    "author": "matr****",
    "review_id": "1353470",
    "movie_id": "10300"
  },
  {
    "review": "위대한 영혼...",
    "date": "06.10.01",
    "rating": "10",
    "author": "reki****",
    "review_id": "1153713",
    "movie_id": "10300"
  },
  {
    "review": "영국과도 안 바꾼다는 그 간디...",
    "date": "06.08.31",
    "rating": "8",
    "author": "lemo****",
    "review_id": "1092040",
    "movie_id": "10300"
  },
  {
    "review": "보는내내 감동의 물결",
    "date": "06.08.18",
    "rating": "10",
    "author": "zeed****",
    "review_id": "1048761",
    "movie_id": "10300"
  },
  {
    "review": "배우자체가 이미 간디그자체였음.10점은 당연한결과! 함보시라",
    "date": "06.07.28",
    "rating": "10",
    "author": "epdd****",
    "review_id": "933751",
    "movie_id": "10300"
  },
  {
    "review": "좀 길다는 것 빼곤, 의외로 재미도 좀 있네요..",
    "date": "06.07.25",
    "rating": "7",
    "author": "lshp****",
    "review_id": "921939",
    "movie_id": "10300"
  },
  {
    "review": "영화로써의 재미는 5점, 주인공이 '간디'라서 10점",
    "date": "06.07.17",
    "rating": "10",
    "author": "jsh1****",
    "review_id": "900874",
    "movie_id": "10300"
  },
  {
    "review": "간디, 당신을 진정으로 존경합니다.",
    "date": "06.05.07",
    "rating": "10",
    "author": "para****",
    "review_id": "791774",
    "movie_id": "10300"
  },
  {
    "review": "진정으로 아무나 보는 영화가 아니라고 느겼다.",
    "date": "06.03.17",
    "rating": "10",
    "author": "ledm****",
    "review_id": "720252",
    "movie_id": "10300"
  },
  {
    "review": "간디에 대해 배울수 있었던.이 역을 위해 태어난 벤 킹슬리",
    "date": "06.03.09",
    "rating": "10",
    "author": "inno****",
    "review_id": "709936",
    "movie_id": "10300"
  },
  {
    "review": "재밌다",
    "date": "06.02.01",
    "rating": "10",
    "author": "kow9****",
    "review_id": "640794",
    "movie_id": "10300"
  },
  {
    "review": "벤 킹슬리의 압도적인 연기를 통해 간디의 삶을 느꼈다",
    "date": "06.02.01",
    "rating": "10",
    "author": "judy****",
    "review_id": "638909",
    "movie_id": "10300"
  },
  {
    "review": "간디 그의 일생자체만으로도!!",
    "date": "06.01.11",
    "rating": "9",
    "author": "nons****",
    "review_id": "578958",
    "movie_id": "10300"
  },
  {
    "review": "나를 비폭력주의자로 만들어버린 영화.",
    "date": "06.01.02",
    "rating": "10",
    "author": "take****",
    "review_id": "553857",
    "movie_id": "10300"
  },
  {
    "review": "간디라는 이름은 알아도 그의 행적은 잘모르신다면 꼭 보시길",
    "date": "05.11.19",
    "rating": "10",
    "author": "ggma****",
    "review_id": "478608",
    "movie_id": "10300"
  },
  {
    "review": "영화로 생각하지 말고, 성인 간디를 볼 마음으로 봐라",
    "date": "05.11.04",
    "rating": "10",
    "author": "yytt****",
    "review_id": "463777",
    "movie_id": "10300"
  },
  {
    "review": "비폭력시위, 말한마디로 3억인구를움직이는\"간디\"존경합니다",
    "date": "05.09.14",
    "rating": "10",
    "author": "trea****",
    "review_id": "405529",
    "movie_id": "10300"
  },
  {
    "review": "간디의 일생이라는 소재는 좋았지만....",
    "date": "05.06.12",
    "rating": "3",
    "author": "gjdu****",
    "review_id": "298547",
    "movie_id": "10300"
  },
  {
    "review": "별루",
    "date": "05.06.12",
    "rating": "1",
    "author": "ckdt****",
    "review_id": "298542",
    "movie_id": "10300"
  },
  {
    "review": "이 영화에 출연한 수십만을 움직인 것은 간디라는 이름!",
    "date": "05.05.19",
    "rating": "10",
    "author": "jcr3****",
    "review_id": "281094",
    "movie_id": "10300"
  },
  {
    "review": "간디의 업적만큼 영화가 명화인것은 당연한듯하다",
    "date": "05.05.03",
    "rating": "8",
    "author": "si2p****",
    "review_id": "270397",
    "movie_id": "10300"
  },
  {
    "review": "이 만한 영화 또 있을라나 감명깊었다..",
    "date": "05.04.08",
    "rating": "10",
    "author": "dbsw****",
    "review_id": "256407",
    "movie_id": "10300"
  },
  {
    "review": "무조건 적인 간디의 업적. 아랫분의 말에 공감합니다~",
    "date": "05.02.18",
    "rating": "7",
    "author": "trip****",
    "review_id": "222957",
    "movie_id": "10300"
  },
  {
    "review": "간디의 이면이 너무 없는거 아냐? 일방적이잖아!",
    "date": "05.02.04",
    "rating": "7",
    "author": "sala****",
    "review_id": "207627",
    "movie_id": "10300"
  },
  {
    "review": "한마디로표현해서인생은없다라기보다인생은한마디로표현할수없다라는해석이더맞습니다",
    "date": "05.01.03",
    "rating": "10",
    "author": "sand****",
    "review_id": "176496",
    "movie_id": "10300"
  },
  {
    "review": "잘 만들었어요",
    "date": "04.12.02",
    "rating": "10",
    "author": "seda****",
    "review_id": "155834",
    "movie_id": "10300"
  },
  {
    "review": "이런영화가 최고의 영화다",
    "date": "04.11.29",
    "rating": "10",
    "author": "aijo****",
    "review_id": "153966",
    "movie_id": "10300"
  },
  {
    "review": "학교 국어시간에 봤는데 정말 감동받았습니다",
    "date": "04.11.27",
    "rating": "10",
    "author": "pure****",
    "review_id": "153084",
    "movie_id": "10300"
  },
  {
    "review": "좋은거 같네요 ㅋㅋㅋ 진짜 위대합니다 !",
    "date": "04.11.26",
    "rating": "10",
    "author": "new3****",
    "review_id": "152505",
    "movie_id": "10300"
  }
]