[
  {
    "review": "스탤론형님 짱짱맨입니다요",
    "date": "15.01.10",
    "rating": "8",
    "author": "do11****",
    "review_id": "9580153",
    "movie_id": "10305"
  },
  {
    "review": "마지막 5분을 위한 느린 진행",
    "date": "14.10.23",
    "rating": "9",
    "author": "pass****",
    "review_id": "9310369",
    "movie_id": "10305"
  },
  {
    "review": "어릴때 아주 재미있게 본 영화...라스트 장면이 압권이자... 반전",
    "date": "13.07.03",
    "rating": "8",
    "author": "adiv****",
    "review_id": "7700112",
    "movie_id": "10305"
  },
  {
    "review": "지루하지 않은 빠른 전개가 인상적",
    "date": "13.06.29",
    "rating": "8",
    "author": "penn****",
    "review_id": "7689772",
    "movie_id": "10305"
  },
  {
    "review": "good",
    "date": "12.11.16",
    "rating": "8",
    "author": "whan****",
    "review_id": "6892954",
    "movie_id": "10305"
  },
  {
    "review": "손에 땀을 쥐게하는 결말부 만으로도 충분한 작품.  요즘은 왜 이런영화를 못만드나.",
    "date": "12.05.03",
    "rating": "9",
    "author": "vell****",
    "review_id": "6267491",
    "movie_id": "10305"
  },
  {
    "review": "어릴적 토요명화에서 재밌게 본 영화다..^^",
    "date": "12.03.10",
    "rating": "9",
    "author": "spor****",
    "review_id": "6134044",
    "movie_id": "10305"
  },
  {
    "review": "스텔론에 여장분장에 두번속은 마지막이 인상적이다",
    "date": "10.05.29",
    "rating": "8",
    "author": "unre****",
    "review_id": "4530647",
    "movie_id": "10305"
  },
  {
    "review": "만점",
    "date": "09.10.07",
    "rating": "10",
    "author": "lees****",
    "review_id": "3878113",
    "movie_id": "10305"
  },
  {
    "review": "스탤론의 숨겨있는 잘 만들어진 액션 작품 볼만하다는 것...",
    "date": "09.04.04",
    "rating": "8",
    "author": "deff****",
    "review_id": "3403664",
    "movie_id": "10305"
  },
  {
    "review": "슬라이의 초창기 모습을 볼수 있는 숨겨진 수작.",
    "date": "08.11.22",
    "rating": "8",
    "author": "baks****",
    "review_id": "3064143",
    "movie_id": "10305"
  },
  {
    "review": "미국식 형사 영화지만 유럽식 스타일.",
    "date": "08.10.31",
    "rating": "8",
    "author": "lemo****",
    "review_id": "3028573",
    "movie_id": "10305"
  },
  {
    "review": "10점은 오바다.. 마지막 장면이 인상적이지만, 전체적으로 평작이다.",
    "date": "08.07.29",
    "rating": "7",
    "author": "pola****",
    "review_id": "2814967",
    "movie_id": "10305"
  },
  {
    "review": "어릴때 본 기억이 난다. 스탤론 지대 멋있었다!!",
    "date": "08.02.29",
    "rating": "10",
    "author": "3___****",
    "review_id": "2491875",
    "movie_id": "10305"
  },
  {
    "review": "최고!!!",
    "date": "08.02.09",
    "rating": "10",
    "author": "rrar****",
    "review_id": "2425780",
    "movie_id": "10305"
  },
  {
    "review": "룻거하우어 테러범역할 지대로였지...",
    "date": "07.10.26",
    "rating": "10",
    "author": "hide****",
    "review_id": "2112565",
    "movie_id": "10305"
  },
  {
    "review": "반전 대략 캐압박-_-b 깔끔한 액션 위트있는 영화ㅋㅋ",
    "date": "07.05.11",
    "rating": "10",
    "author": "choc****",
    "review_id": "1631566",
    "movie_id": "10305"
  },
  {
    "review": "실베스터스탤론의 숨은걸작, 스릴,써스펜스 최고!!",
    "date": "06.05.31",
    "rating": "10",
    "author": "onof****",
    "review_id": "824662",
    "movie_id": "10305"
  },
  {
    "review": "그레이트",
    "date": "06.01.12",
    "rating": "10",
    "author": "sshs****",
    "review_id": "582668",
    "movie_id": "10305"
  },
  {
    "review": "신화는 6인조.",
    "date": "05.12.24",
    "rating": "10",
    "author": "blue****",
    "review_id": "523740",
    "movie_id": "10305"
  },
  {
    "review": "이거 신화죠??",
    "date": "05.09.14",
    "rating": "10",
    "author": "lazy****",
    "review_id": "405401",
    "movie_id": "10305"
  },
  {
    "review": "액션 영화의 진수를 보여주는 영화",
    "date": "04.06.03",
    "rating": "10",
    "author": "nams****",
    "review_id": "48869",
    "movie_id": "10305"
  }
]