[
  {
    "review": "마이콜 폭스 다운 영화이자 80년대 코메디의 정석",
    "date": "15.08.13",
    "rating": "8",
    "author": "sunr****",
    "review_id": "10221985",
    "movie_id": "10302"
  },
  {
    "review": "80년대 로맨틱 코미디.",
    "date": "14.03.17",
    "rating": "10",
    "author": "ferd****",
    "review_id": "8584859",
    "movie_id": "10302"
  },
  {
    "review": "허버트 로스의 영화치곤 코미디 요소가 부족하군",
    "date": "14.02.08",
    "rating": "5",
    "author": "guev****",
    "review_id": "8486928",
    "movie_id": "10302"
  },
  {
    "review": "가볍고 유치하지만 그게 매력인 깜찍한 80년대 로멘틱 코메디",
    "date": "13.12.01",
    "rating": "10",
    "author": "qoxh****",
    "review_id": "8181574",
    "movie_id": "10302"
  },
  {
    "review": "영화도 재미있지만 무엇보다 영화음악이 인상적이네요. david foster 테마음악도 좋고 don't ask the reason why도 좋습니다.",
    "date": "13.10.02",
    "rating": "10",
    "author": "wjrh****",
    "review_id": "8028379",
    "movie_id": "10302"
  },
  {
    "review": "그냥 아무 생각없이 보면 재미난 영화. 여러번 봐도 웃김.",
    "date": "13.09.18",
    "rating": "10",
    "author": "pass****",
    "review_id": "7991788",
    "movie_id": "10302"
  },
  {
    "review": "전형적인 80년대 아메리칸 코메디 무비. 영화음악도 좋았다.",
    "date": "13.09.14",
    "rating": "10",
    "author": "rich****",
    "review_id": "7979394",
    "movie_id": "10302"
  },
  {
    "review": "네이버에서는 저평가 되었는데 정말 유쾌한 코미디 영화. 개인적으로 마이클제이폭스 작품들 중에 가장 재미있는 영화인듯.",
    "date": "13.09.14",
    "rating": "10",
    "author": "aolm****",
    "review_id": "7979381",
    "movie_id": "10302"
  },
  {
    "review": "에휴,,, 0ㅡ0",
    "date": "13.06.15",
    "rating": "8",
    "author": "pass****",
    "review_id": "7644380",
    "movie_id": "10302"
  },
  {
    "review": "마이클 J.폭스가 맹활약하지만 큰 재미는 없다.",
    "date": "13.05.04",
    "rating": "6",
    "author": "bele****",
    "review_id": "7506862",
    "movie_id": "10302"
  },
  {
    "review": "일을 벌이는 데는 능하고, 수습에는 미흡한 코미디.",
    "date": "13.04.13",
    "rating": "5",
    "author": "rygh****",
    "review_id": "7455318",
    "movie_id": "10302"
  },
  {
    "review": "마이콜 폭스 다운 영화이자 80년대 코메디의 정석",
    "date": "12.08.30",
    "rating": "10",
    "author": "wnwk****",
    "review_id": "6654944",
    "movie_id": "10302"
  },
  {
    "review": "뭐 이리 낮아. 8.5정도는 되야 정상. 플롯도 탄탄하고 연기도 괜찮았다.",
    "date": "12.03.11",
    "rating": "10",
    "author": "beat****",
    "review_id": "6136302",
    "movie_id": "10302"
  },
  {
    "review": "헬렌슬레이터도 이쁘고 폭스는 말할것도 없고 ㅋㅋ 그들을 다시봐서 좋았다",
    "date": "11.08.14",
    "rating": "10",
    "author": "hanx****",
    "review_id": "5648563",
    "movie_id": "10302"
  },
  {
    "review": "어렸을때도, 지금도 너무나 재밌게 보는 코미디 영화!!!",
    "date": "11.07.05",
    "rating": "10",
    "author": "ryo9****",
    "review_id": "5523711",
    "movie_id": "10302"
  },
  {
    "review": "마이클 j 폭스라면.... 믿을 수 있어요. 재밌게 봤습니다.",
    "date": "10.07.28",
    "rating": "10",
    "author": "soyo****",
    "review_id": "4678297",
    "movie_id": "10302"
  },
  {
    "review": "마이클 J폭스 리즈시절 청춘코미디. 그해(87년) 미국 전체흥행 7위",
    "date": "10.03.25",
    "rating": "10",
    "author": "evil****",
    "review_id": "4385048",
    "movie_id": "10302"
  },
  {
    "review": "재밌게 봤습니다~ 다시 보고싶은 영화군요",
    "date": "10.02.28",
    "rating": "9",
    "author": "vxzs****",
    "review_id": "4324889",
    "movie_id": "10302"
  },
  {
    "review": "신생아도 못 견딜...  최악",
    "date": "10.01.29",
    "rating": "1",
    "author": "pria****",
    "review_id": "4221051",
    "movie_id": "10302"
  },
  {
    "review": "근친이 결국 성공의 비밀이었단 결론인건가?",
    "date": "09.11.29",
    "rating": "5",
    "author": "para****",
    "review_id": "4001615",
    "movie_id": "10302"
  },
  {
    "review": "별로 재미있진 않았다...",
    "date": "09.03.28",
    "rating": "6",
    "author": "sfwo****",
    "review_id": "3391721",
    "movie_id": "10302"
  },
  {
    "review": "이게 안 웃겼으면 이젠 미국영화 그만 볼때가 된듯.여전히 유효한 코미디.",
    "date": "08.11.23",
    "rating": "7",
    "author": "baks****",
    "review_id": "3068659",
    "movie_id": "10302"
  },
  {
    "review": "밑에님아왤케평점들을짜게주니?글구키에대한집착좀버리렴",
    "date": "07.03.27",
    "rating": "8",
    "author": "taba****",
    "review_id": "1557969",
    "movie_id": "10302"
  },
  {
    "review": "섹시 유쾌 코믹 재미난 영화",
    "date": "07.02.12",
    "rating": "10",
    "author": "nell****",
    "review_id": "1465908",
    "movie_id": "10302"
  },
  {
    "review": "배우들의 풋풋함이 아직 느껴지는.. 나름 유쾌발랄.",
    "date": "06.12.26",
    "rating": "7",
    "author": "elf2****",
    "review_id": "1328828",
    "movie_id": "10302"
  },
  {
    "review": "나름대로 재밌었습니다 ^^",
    "date": "06.05.21",
    "rating": "9",
    "author": "hac1****",
    "review_id": "809985",
    "movie_id": "10302"
  },
  {
    "review": "평범한 영화에 평점이 넘 높네요. 글구 여준공 미모나 연기 별루",
    "date": "06.03.08",
    "rating": "5",
    "author": "lshp****",
    "review_id": "709374",
    "movie_id": "10302"
  },
  {
    "review": "신선한 아이디어와 코믹한 연기가 일품이었던 오락 영화",
    "date": "05.12.20",
    "rating": "9",
    "author": "hata****",
    "review_id": "516575",
    "movie_id": "10302"
  },
  {
    "review": "그냥 그럭 저럭한 성공 스토리...",
    "date": "05.06.20",
    "rating": "7",
    "author": "chao****",
    "review_id": "303336",
    "movie_id": "10302"
  },
  {
    "review": "유머 발랄한 영화",
    "date": "05.06.05",
    "rating": "9",
    "author": "xxss****",
    "review_id": "293625",
    "movie_id": "10302"
  },
  {
    "review": "마이클 J.폭스 때문에 봤지만.....약간 허전한 영화",
    "date": "04.07.25",
    "rating": "8",
    "author": "svkn****",
    "review_id": "76563",
    "movie_id": "10302"
  },
  {
    "review": "순수하고 생기가 느껴지는군요 재밌어요. 홍성진 해설은 좀 엉망",
    "date": "04.05.20",
    "rating": "8",
    "author": "imih****",
    "review_id": "44348",
    "movie_id": "10302"
  }
]