[
  {
    "review": "이거 한국어 더빙판 갖고계신분 없으신가요?ㅜㅜ",
    "date": "15.08.01",
    "rating": "10",
    "author": "insi****",
    "review_id": "10172738",
    "movie_id": "10306"
  },
  {
    "review": "온몸으로 보여줄수있는건 엑스트라 없이 몸소 보여줬던 성룡의 명절날 종합선물세트~ 단일관에서 줄서서 보던때가 그립네~ ㅎ",
    "date": "15.05.02",
    "rating": "10",
    "author": "jky2****",
    "review_id": "9886359",
    "movie_id": "10306"
  },
  {
    "review": "홍콩영화중최고였고..성룡영화중최고였고. 리얼액션영화중 최고였고.내인생최고의 3대영화중 한편이 프로젝트A",
    "date": "15.04.20",
    "rating": "10",
    "author": "shar****",
    "review_id": "9854170",
    "movie_id": "10306"
  },
  {
    "review": "초6초6때 단성사에서 본 만화말고 최초의 영화. 그 이후의 성룡영화들을 쭉 놓고 봐도, 감히 이 영화가 최곱니다.",
    "date": "15.04.17",
    "rating": "10",
    "author": "clou****",
    "review_id": "9849236",
    "movie_id": "10306"
  },
  {
    "review": "첨 포스터봣을때 애니인줄.",
    "date": "15.04.17",
    "rating": "10",
    "author": "534k****",
    "review_id": "9848844",
    "movie_id": "10306"
  },
  {
    "review": "그냥 다시 예전거 개봉하는건가여??",
    "date": "15.04.15",
    "rating": "6",
    "author": "fewm****",
    "review_id": "9846878",
    "movie_id": "10306"
  },
  {
    "review": "성룡 영화는 의리로 일단 보고나서 이야기 합시다.",
    "date": "15.04.15",
    "rating": "10",
    "author": "alsg****",
    "review_id": "9846567",
    "movie_id": "10306"
  },
  {
    "review": "캬 성룡 전성기 영화 진짜 개꿀잼",
    "date": "15.04.14",
    "rating": "10",
    "author": "kod1****",
    "review_id": "9846104",
    "movie_id": "10306"
  },
  {
    "review": "아련하고 낭만있고 유년시절 애들과 치고받고 따라하던 기억납니다.",
    "date": "15.04.14",
    "rating": "10",
    "author": "bbib****",
    "review_id": "9845248",
    "movie_id": "10306"
  },
  {
    "review": "지금 30대후반에서 40대초반에게 성룡, 홍금보, 원표의 황금트리오 영화는 모두다 명작임....초등학교 4학년때 부천소사극장에서 외삼촌과 오복성을 본게 엊그제같다....",
    "date": "15.04.12",
    "rating": "10",
    "author": "khj1****",
    "review_id": "9842528",
    "movie_id": "10306"
  },
  {
    "review": "몇 번을 다시 봐도 재미있는 영화입니다. 이때 성룡 영화가 지금 성룡 영화보다 훨씬 재미있어요.",
    "date": "15.04.12",
    "rating": "10",
    "author": "powe****",
    "review_id": "9841706",
    "movie_id": "10306"
  },
  {
    "review": "경지에 오른 경쾌한 액션의 힘으로 구멍난 이야기를 압도해버린다. 사실 여기서 빈약한 플롯이라는 것은 아무래도 상관없지 않은가.",
    "date": "15.03.10",
    "rating": "8",
    "author": "cksn****",
    "review_id": "9771058",
    "movie_id": "10306"
  },
  {
    "review": "성룡의 팬이 되었던 첫 영화... 그립다",
    "date": "15.01.04",
    "rating": "10",
    "author": "vero****",
    "review_id": "9559380",
    "movie_id": "10306"
  },
  {
    "review": "왜 이렇게 성룡이 안쓰럽냐..",
    "date": "14.10.26",
    "rating": "6",
    "author": "bbq2****",
    "review_id": "9320140",
    "movie_id": "10306"
  },
  {
    "review": "말이 필요없다! 성룡 영화 중 최고의 걸작!",
    "date": "14.10.04",
    "rating": "10",
    "author": "gali****",
    "review_id": "9263003",
    "movie_id": "10306"
  },
  {
    "review": "이영화 한편으로 20년이 훨씬지난 지금도 여전히 난 성룡의 팬이다.!!",
    "date": "14.08.20",
    "rating": "10",
    "author": "shed****",
    "review_id": "9115867",
    "movie_id": "10306"
  },
  {
    "review": "성룡 살아있는게 신기할정도로 위험하네ㅎㄷㄷ",
    "date": "14.08.15",
    "rating": "10",
    "author": "jsn0****",
    "review_id": "9092835",
    "movie_id": "10306"
  },
  {
    "review": "홍콩영화 액션이런거 잘안보는 편인데 재밌게 잘봤네요ㅋㅋ 홍금보..성룡 굿.",
    "date": "14.07.24",
    "rating": "9",
    "author": "jpg0****",
    "review_id": "8953457",
    "movie_id": "10306"
  },
  {
    "review": "성룡 홍금보 원표 3인방 최고의 액션 영화",
    "date": "14.07.02",
    "rating": "10",
    "author": "petb****",
    "review_id": "8876409",
    "movie_id": "10306"
  },
  {
    "review": "이 영화 3년간 계속틀어놓고 잠 1000번은 본듯자막보다 성우더빙판이 더 재밌음",
    "date": "14.05.27",
    "rating": "10",
    "author": "laba****",
    "review_id": "8769033",
    "movie_id": "10306"
  },
  {
    "review": "거짓말 안하고 나 이거 100번도 넘게 봤다...100번잼...",
    "date": "14.04.20",
    "rating": "10",
    "author": "kimj****",
    "review_id": "8660808",
    "movie_id": "10306"
  },
  {
    "review": "ㅈㄴ 웃김 성룡 코미디 액션의 한계ㅎㅎ",
    "date": "14.04.10",
    "rating": "10",
    "author": "dani****",
    "review_id": "8640764",
    "movie_id": "10306"
  },
  {
    "review": "평점이 10점이 최고라는것이 아쉬운 영화. 성룡 제발 더 이상 늙지마라! 당신에게 나이란 영원히 숫자에 불과하기만을!!~~~~",
    "date": "14.04.08",
    "rating": "10",
    "author": "k2ls****",
    "review_id": "8636516",
    "movie_id": "10306"
  },
  {
    "review": "개 꿀잼 성룡의 몸을 사리지않는 연기에 박수를보낸다.",
    "date": "14.03.12",
    "rating": "10",
    "author": "13dm****",
    "review_id": "8570427",
    "movie_id": "10306"
  },
  {
    "review": "명작반열, HD로 꼭 보시길 강추드립니다",
    "date": "14.02.08",
    "rating": "10",
    "author": "bgyu****",
    "review_id": "8489137",
    "movie_id": "10306"
  },
  {
    "review": "간만에봤는데 지금봐도 재밌어요!",
    "date": "14.02.07",
    "rating": "10",
    "author": "qlsr****",
    "review_id": "8484087",
    "movie_id": "10306"
  },
  {
    "review": "인간 중에 이 성룡 형님만은 늙지 않았으면 좋겠다ㅠㅠ형님 사랑하고 존경합니다~",
    "date": "14.01.27",
    "rating": "10",
    "author": "dood****",
    "review_id": "8436865",
    "movie_id": "10306"
  },
  {
    "review": "몸이 최전성이인 이때  더 많은 영화를 찍었어야했는데...몇번을 본거지 모르겠다..지금 성룡의 모습을 보면 세월이 흔적을 보이는게 너무 아쉽다",
    "date": "14.01.25",
    "rating": "10",
    "author": "hana****",
    "review_id": "8424774",
    "movie_id": "10306"
  },
  {
    "review": "액션과 코믹의 만남! 특히 자전거 액션씬은 몇번을 봐도 '어떻게 저런 생각을 했을까?'하는 감탄이 들 정도로 대단하다는 생각을 한다.",
    "date": "13.12.19",
    "rating": "10",
    "author": "pdh2****",
    "review_id": "8241994",
    "movie_id": "10306"
  },
  {
    "review": "세월의 무게를 거슬러 올라간다는 느낌을 주며 사는 것 같은 제키챈!!",
    "date": "13.11.01",
    "rating": "10",
    "author": "aksj****",
    "review_id": "8106728",
    "movie_id": "10306"
  },
  {
    "review": "재키찬 최고이십니다~!!!",
    "date": "13.10.20",
    "rating": "10",
    "author": "dkqk****",
    "review_id": "8074112",
    "movie_id": "10306"
  },
  {
    "review": "꿀잼",
    "date": "13.09.20",
    "rating": "10",
    "author": "kevi****",
    "review_id": "7999427",
    "movie_id": "10306"
  },
  {
    "review": "원표 홍금보 성룡 /  그들이 웃음짖게 만들어준 영화",
    "date": "13.09.06",
    "rating": "9",
    "author": "stra****",
    "review_id": "7951824",
    "movie_id": "10306"
  },
  {
    "review": "역시 살아있는 재키찬님~",
    "date": "13.08.01",
    "rating": "10",
    "author": "phil****",
    "review_id": "7810412",
    "movie_id": "10306"
  },
  {
    "review": "성금표 주연의 액션 코믹. 재미있음. 연기했던 사람들 많이 다치진 않았겠죠?",
    "date": "13.07.29",
    "rating": "9",
    "author": "enco****",
    "review_id": "7797613",
    "movie_id": "10306"
  },
  {
    "review": "성룡 형님 최고~!! 불쌍한 라삼포.. ㅋㅋ",
    "date": "13.07.10",
    "rating": "10",
    "author": "tn99****",
    "review_id": "7721344",
    "movie_id": "10306"
  },
  {
    "review": "성룡영화중 최고의 작품!! 성룡 원표 홍금보의 캐릭터를 가장잘살린 명작!! 재미있고 가슴떨리도록 액선도 강하다 성룡, 당신은 최고입니다!!",
    "date": "13.06.18",
    "rating": "10",
    "author": "whia****",
    "review_id": "7654425",
    "movie_id": "10306"
  },
  {
    "review": "몸을 아끼지않는 명연기!!",
    "date": "13.06.04",
    "rating": "10",
    "author": "qorc****",
    "review_id": "7577329",
    "movie_id": "10306"
  },
  {
    "review": "성룡 최고의 영화를 용형호제라고 하지만 난 이게 최고라고 생각한다. 그리고 원표가 굉장히 핸섬하게 나온 영화ㅎㅎㅎ",
    "date": "13.05.06",
    "rating": "10",
    "author": "kgwz****",
    "review_id": "7512551",
    "movie_id": "10306"
  },
  {
    "review": "코믹액션의 지존급 영화",
    "date": "13.04.06",
    "rating": "9",
    "author": "gomg****",
    "review_id": "7437962",
    "movie_id": "10306"
  },
  {
    "review": "솔직히 최고지요",
    "date": "13.03.19",
    "rating": "10",
    "author": "004m****",
    "review_id": "7364726",
    "movie_id": "10306"
  },
  {
    "review": "성룡형님 존경합니다",
    "date": "13.03.10",
    "rating": "10",
    "author": "jhh1****",
    "review_id": "7338090",
    "movie_id": "10306"
  },
  {
    "review": "진짜  보기만 해도  아찔한 장면들이 ㄷㄷㄷ...그리고 해적두목님이 잘생겼다!",
    "date": "13.03.09",
    "rating": "10",
    "author": "pped****",
    "review_id": "7334423",
    "movie_id": "10306"
  },
  {
    "review": "몸 성할 날이 없는 성룡 형님...",
    "date": "13.03.08",
    "rating": "9",
    "author": "pass****",
    "review_id": "7332223",
    "movie_id": "10306"
  },
  {
    "review": "액션과 코믹의 하모니!!",
    "date": "13.03.07",
    "rating": "8",
    "author": "seag****",
    "review_id": "7330226",
    "movie_id": "10306"
  },
  {
    "review": "액션은 정말 지금 봐도 쵝오!!!!!1",
    "date": "13.03.07",
    "rating": "9",
    "author": "ezen****",
    "review_id": "7330103",
    "movie_id": "10306"
  },
  {
    "review": "몸을 아끼지 않는 성룡의 액션을 볼 수 있다..",
    "date": "13.03.01",
    "rating": "8",
    "author": "blue****",
    "review_id": "7315026",
    "movie_id": "10306"
  },
  {
    "review": "대박 명작 영화",
    "date": "13.03.01",
    "rating": "10",
    "author": "hj02****",
    "review_id": "7314692",
    "movie_id": "10306"
  },
  {
    "review": "가끔 영화를 보다 보면 그 시절에 태어나지 못한 게 아쉬워진다.",
    "date": "13.02.04",
    "rating": "6",
    "author": "rygh****",
    "review_id": "7225107",
    "movie_id": "10306"
  },
  {
    "review": "말이 필요없죠. 꼭 보세요.",
    "date": "13.01.16",
    "rating": "10",
    "author": "suye****",
    "review_id": "7121087",
    "movie_id": "10306"
  },
  {
    "review": "최고... 성룡 원표 홍금보 3명의 전성기를 볼 수 있는 작품...20대 성룡의 진가를 볼 수 있음... 강추!!!",
    "date": "12.11.24",
    "rating": "10",
    "author": "myju****",
    "review_id": "6922580",
    "movie_id": "10306"
  },
  {
    "review": "정말 잼있는 영화...어렸을때 누나랑 본 추억이 생각나네요",
    "date": "12.11.16",
    "rating": "10",
    "author": "g199****",
    "review_id": "6893700",
    "movie_id": "10306"
  },
  {
    "review": "정말 지금까지 살아있는개신기하다",
    "date": "12.11.11",
    "rating": "10",
    "author": "swj3****",
    "review_id": "6878006",
    "movie_id": "10306"
  },
  {
    "review": "이영화 엄청 재밌습니다 ^^ 강추드릴게요",
    "date": "12.10.06",
    "rating": "10",
    "author": "gudg****",
    "review_id": "6766302",
    "movie_id": "10306"
  },
  {
    "review": "정말 이시절이 그립다 성룡의 몸을다해 보여주는 액션에 30년동안 경의를 표합니다 최고의 액션영화이자 나만의 영화...",
    "date": "12.10.02",
    "rating": "10",
    "author": "thra****",
    "review_id": "6751509",
    "movie_id": "10306"
  },
  {
    "review": "이게 언제적 영화야.. 하지만 지금봐도 너무 재밌다.성룡, 홍금보, 원표 모두 오래오래 건강하세요",
    "date": "12.09.05",
    "rating": "10",
    "author": "amig****",
    "review_id": "6671575",
    "movie_id": "10306"
  },
  {
    "review": "성룡표 동분서주 코믹액션의 스따뜨!! 이게 서른살의 몸놀림 맞나요? ^^!!!",
    "date": "12.08.21",
    "rating": "10",
    "author": "kimd****",
    "review_id": "6632563",
    "movie_id": "10306"
  },
  {
    "review": "성룡이 이때 몸상태로 할리우드 대작급 주연을 꿰찼다면 어땟을까... 성룡형 늙지마..ㅠㅠ",
    "date": "12.07.15",
    "rating": "10",
    "author": "myho****",
    "review_id": "6481252",
    "movie_id": "10306"
  },
  {
    "review": "슬랩스틱 액션은 지금봐도 웃김. 자전거 안장 어쩔ㅋㅋㅋㅋㅋㅋㅋ",
    "date": "12.06.15",
    "rating": "9",
    "author": "heim****",
    "review_id": "6393441",
    "movie_id": "10306"
  },
  {
    "review": "성룡 진리다 ...액션명작이야 ㅋㅋ",
    "date": "12.02.21",
    "rating": "10",
    "author": "iris****",
    "review_id": "6093949",
    "movie_id": "10306"
  },
  {
    "review": "전개가 조금 지루...",
    "date": "12.01.19",
    "rating": "5",
    "author": "0403****",
    "review_id": "6000412",
    "movie_id": "10306"
  },
  {
    "review": "진심 명작이다...",
    "date": "12.01.19",
    "rating": "10",
    "author": "asdf****",
    "review_id": "5997897",
    "movie_id": "10306"
  },
  {
    "review": "아빠덕분에봣는데 역시 성룡영화는짱 ㅋㅋㅋ 재밌어요",
    "date": "11.12.27",
    "rating": "10",
    "author": "lna1****",
    "review_id": "5939663",
    "movie_id": "10306"
  },
  {
    "review": "84년 당시 선풍적인 인기를 끌었던, 하지만 현대의 기준에선 다소 느슨한 전개...",
    "date": "11.12.10",
    "rating": "6",
    "author": "sioh****",
    "review_id": "5899089",
    "movie_id": "10306"
  },
  {
    "review": "재밌게 봤던영화!",
    "date": "11.11.28",
    "rating": "10",
    "author": "sj11****",
    "review_id": "5874746",
    "movie_id": "10306"
  },
  {
    "review": "추억의 성룡영화",
    "date": "11.11.20",
    "rating": "9",
    "author": "virt****",
    "review_id": "5860178",
    "movie_id": "10306"
  },
  {
    "review": "주윤발과는 다른액션이...와 이게 80년대 영화라니...홍콩르네상스맞네...ㅋㅋ",
    "date": "11.11.18",
    "rating": "9",
    "author": "do11****",
    "review_id": "5855907",
    "movie_id": "10306"
  },
  {
    "review": "진정한 액션영화 매트릭스 옹박 13구역액션이 전부 촌스러워보일정도다!",
    "date": "11.10.14",
    "rating": "9",
    "author": "ccpp****",
    "review_id": "5787646",
    "movie_id": "10306"
  },
  {
    "review": "최고의 액션배우 3명이서 펼치는 수준높은 액션씬",
    "date": "11.10.14",
    "rating": "9",
    "author": "rame****",
    "review_id": "5787645",
    "movie_id": "10306"
  },
  {
    "review": "성룡 영화의 절정",
    "date": "11.10.14",
    "rating": "9",
    "author": "kpcc****",
    "review_id": "5787643",
    "movie_id": "10306"
  },
  {
    "review": "진정한 액션영화 매트릭스 옹박 13구역액션이 전부 촌스러워보일정도다!",
    "date": "11.09.19",
    "rating": "10",
    "author": "mftr****",
    "review_id": "5740296",
    "movie_id": "10306"
  },
  {
    "review": "이런게 진짜 액션이다",
    "date": "11.09.12",
    "rating": "9",
    "author": "ck02****",
    "review_id": "5725271",
    "movie_id": "10306"
  },
  {
    "review": "어릴 적 아버지 손 잡고 극장에서 본 영화. 개봉과 동시에 비디오도 함께 출시.",
    "date": "11.08.23",
    "rating": "8",
    "author": "ango****",
    "review_id": "5681263",
    "movie_id": "10306"
  },
  {
    "review": "뒤늦은 성룡팬이 보기에는 아쉬운게 좀 많았다",
    "date": "11.08.05",
    "rating": "6",
    "author": "cruf****",
    "review_id": "5604418",
    "movie_id": "10306"
  },
  {
    "review": "진짜 100백은 봤다 저거보고 무술도장 등록하고 ㅋㅋ",
    "date": "11.05.19",
    "rating": "10",
    "author": "etdo****",
    "review_id": "5436813",
    "movie_id": "10306"
  },
  {
    "review": "이건 정말 명작!!!!!!!!!!!!",
    "date": "11.04.25",
    "rating": "10",
    "author": "ongn****",
    "review_id": "5391663",
    "movie_id": "10306"
  },
  {
    "review": "이 영화가 83년도 나온게 정말 믿기지가 않는다..최오!!!",
    "date": "11.02.11",
    "rating": "10",
    "author": "dust****",
    "review_id": "5234880",
    "movie_id": "10306"
  },
  {
    "review": "추천합니다.",
    "date": "11.02.10",
    "rating": "10",
    "author": "kk94****",
    "review_id": "5233616",
    "movie_id": "10306"
  },
  {
    "review": "보는 사람도 땀나게 만드는 성룡영화의 매력!!",
    "date": "11.02.09",
    "rating": "7",
    "author": "yaky****",
    "review_id": "5232271",
    "movie_id": "10306"
  },
  {
    "review": "재밌는 영화 강추",
    "date": "11.02.07",
    "rating": "10",
    "author": "qjaf****",
    "review_id": "5226948",
    "movie_id": "10306"
  },
  {
    "review": "나를 해양소년단에 가입하게 한 영화",
    "date": "11.01.18",
    "rating": "10",
    "author": "yjbw****",
    "review_id": "5166774",
    "movie_id": "10306"
  },
  {
    "review": "성룡, 원표, 홍금보 트리오 영화의 진수를 보여준다",
    "date": "11.01.07",
    "rating": "10",
    "author": "laks****",
    "review_id": "5138973",
    "movie_id": "10306"
  },
  {
    "review": "요즘나온 영화보다 훨씬잼있네 성룡영화는 끝나고 ng영상보는게 죽이지 ㅋㅋ",
    "date": "10.12.28",
    "rating": "10",
    "author": "tops****",
    "review_id": "5094901",
    "movie_id": "10306"
  },
  {
    "review": "명불허전 ~ 84년작품이라는게 그저 놀라울따름",
    "date": "10.12.10",
    "rating": "10",
    "author": "yt88****",
    "review_id": "5041555",
    "movie_id": "10306"
  },
  {
    "review": "화끈한 그들의 액션과 찐한 의리, 해적소탕, 아 정말 잼있다",
    "date": "10.10.27",
    "rating": "10",
    "author": "yjo4****",
    "review_id": "4923732",
    "movie_id": "10306"
  },
  {
    "review": "장제미있어요!!!완전 강추",
    "date": "10.10.19",
    "rating": "10",
    "author": "hamc****",
    "review_id": "4911437",
    "movie_id": "10306"
  },
  {
    "review": "성룡의 영화와 함께 성장할 수 있었음에 새삼 감사하게 된다.",
    "date": "10.10.05",
    "rating": "10",
    "author": "twot****",
    "review_id": "4885840",
    "movie_id": "10306"
  },
  {
    "review": "존경스럽다...성룡 형님...이게 84년도 작품이라고???말도 안돼!!!최고!!!",
    "date": "10.09.27",
    "rating": "10",
    "author": "kkan****",
    "review_id": "4871511",
    "movie_id": "10306"
  },
  {
    "review": "최고",
    "date": "10.08.01",
    "rating": "10",
    "author": "xowh****",
    "review_id": "4694529",
    "movie_id": "10306"
  },
  {
    "review": "골든트리오의 최고작 80년대의 완벽한 영화 성룡영화의 전형을 만든 작품",
    "date": "10.07.24",
    "rating": "10",
    "author": "true****",
    "review_id": "4665664",
    "movie_id": "10306"
  },
  {
    "review": "옛날꺼지만 지금봐도 세련되고 내용,연출,액션 모두 최고. 말그대로 골든트리오.",
    "date": "10.07.22",
    "rating": "10",
    "author": "lso1****",
    "review_id": "4659765",
    "movie_id": "10306"
  },
  {
    "review": "성룡 그는 완벽주의자",
    "date": "10.07.21",
    "rating": "10",
    "author": "rksk****",
    "review_id": "4658666",
    "movie_id": "10306"
  },
  {
    "review": "평점이 너무 낮은데... 성룡의 최고 베스트 작품..",
    "date": "10.07.15",
    "rating": "10",
    "author": "ehpt****",
    "review_id": "4640071",
    "movie_id": "10306"
  },
  {
    "review": "골든트리오 셋이 뭉쳐서 액션의진수가 무엇인지보여준다",
    "date": "10.07.12",
    "rating": "10",
    "author": "powi****",
    "review_id": "4631946",
    "movie_id": "10306"
  },
  {
    "review": "헐리우드는 절대 흉내낼 수 없는 성룡의 목숨 건 액션.",
    "date": "10.06.19",
    "rating": "7",
    "author": "cube****",
    "review_id": "4577339",
    "movie_id": "10306"
  },
  {
    "review": "오랜만에 봐도 재밌었다....",
    "date": "10.05.14",
    "rating": "8",
    "author": "cjw2****",
    "review_id": "4497304",
    "movie_id": "10306"
  },
  {
    "review": "감히 최고라 말하고 싶다",
    "date": "10.05.08",
    "rating": "10",
    "author": "jd04****",
    "review_id": "4487488",
    "movie_id": "10306"
  },
  {
    "review": "유쾌하고 멋진 삼총사 최고의 액션~굿",
    "date": "10.05.06",
    "rating": "10",
    "author": "auro****",
    "review_id": "4482593",
    "movie_id": "10306"
  },
  {
    "review": "인상적인 액션씬, 코메디적인 요소도 좋다.",
    "date": "10.04.21",
    "rating": "8",
    "author": "bbob****",
    "review_id": "4446654",
    "movie_id": "10306"
  },
  {
    "review": "성룡형 최고다",
    "date": "10.04.07",
    "rating": "10",
    "author": "ipcg****",
    "review_id": "4418159",
    "movie_id": "10306"
  }
]