[
  {
    "review": "채플린의 위대함이 절절이 느껴져.. 라스트 신. ㅠㅠ",
    "date": "15.07.21",
    "rating": "10",
    "author": "pont****",
    "review_id": "10124633",
    "movie_id": "10301"
  },
  {
    "review": "찰리채플린 작품중 유일하게 지루하다",
    "date": "15.07.11",
    "rating": "2",
    "author": "cjzl****",
    "review_id": "10093017",
    "movie_id": "10301"
  },
  {
    "review": "재밌게 봤다. 대공황을 견디게 해준 영화....",
    "date": "15.07.04",
    "rating": "8",
    "author": "taeh****",
    "review_id": "10067445",
    "movie_id": "10301"
  },
  {
    "review": "감탄을 연발하며 봤습니다. 보는 내내 행복했네요",
    "date": "15.05.10",
    "rating": "10",
    "author": "my_h****",
    "review_id": "9907988",
    "movie_id": "10301"
  },
  {
    "review": "무성영화 시대의 연주 상영을 보고 듣는 기회를 얻게되다니.. 감동입니다!!ㅠㅠ",
    "date": "15.04.17",
    "rating": "10",
    "author": "pian****",
    "review_id": "9849185",
    "movie_id": "10301"
  },
  {
    "review": "명불허전... 열다섯번 재개봉 해줬으면 좋겠다",
    "date": "15.04.13",
    "rating": "9",
    "author": "eehc****",
    "review_id": "9844510",
    "movie_id": "10301"
  },
  {
    "review": "정말 감동적인 영화이고,강추  재미있습니다",
    "date": "15.04.11",
    "rating": "10",
    "author": "sinj****",
    "review_id": "9839476",
    "movie_id": "10301"
  },
  {
    "review": "city light가 제일 좋습니다",
    "date": "15.04.10",
    "rating": "9",
    "author": "k_11****",
    "review_id": "9837958",
    "movie_id": "10301"
  },
  {
    "review": "웃다가 울게되는 영화. 비극도 희극으로 승화시키는 유쾌한 찰리채플린이란 감독과 다시 만날 수 있었던 시간^^",
    "date": "15.04.05",
    "rating": "9",
    "author": "sksv****",
    "review_id": "9828839",
    "movie_id": "10301"
  },
  {
    "review": "상류사회의 이중성에 대한 풍자.",
    "date": "15.04.04",
    "rating": "10",
    "author": "yeji****",
    "review_id": "9827143",
    "movie_id": "10301"
  },
  {
    "review": "(감히) 채플린 영화 중 가장 아름다운 라스트씬. 감동을 느낄 수 있는 세포가 아직 남아 있는지 시험해보고 싶다면 이 영화를 보면 된다. 인간을 향한 채플린의 선량한 마음이 가장 아름답게 담겨 있는 영화,",
    "date": "15.03.30",
    "rating": "10",
    "author": "cine****",
    "review_id": "9816461",
    "movie_id": "10301"
  },
  {
    "review": "좋습니다. 피아노 연주도 좋고 내용도 괜찮았습니다.",
    "date": "15.03.27",
    "rating": "7",
    "author": "jeun****",
    "review_id": "9810419",
    "movie_id": "10301"
  },
  {
    "review": "너무 순수한 영화. 그의 움직임은 기록이 된다.",
    "date": "15.03.27",
    "rating": "9",
    "author": "tomo****",
    "review_id": "9810250",
    "movie_id": "10301"
  },
  {
    "review": "채플린 영화중 가장 서정적이고 아름다운 영화",
    "date": "15.03.23",
    "rating": "10",
    "author": "0164****",
    "review_id": "9802276",
    "movie_id": "10301"
  },
  {
    "review": "10번 넘게 봐도 질리지 않는 영화. 2015년 4월에 한국에서 재개봉한다고 합니다.",
    "date": "15.03.12",
    "rating": "10",
    "author": "oltr****",
    "review_id": "9773414",
    "movie_id": "10301"
  },
  {
    "review": "명작은 세월이 지나도 명작",
    "date": "15.01.18",
    "rating": "10",
    "author": "skhs****",
    "review_id": "9610942",
    "movie_id": "10301"
  },
  {
    "review": "엔딩이 아주아주 감동적이댜",
    "date": "15.01.17",
    "rating": "8",
    "author": "mwjy****",
    "review_id": "9603229",
    "movie_id": "10301"
  },
  {
    "review": "무성영화의 연주 상영! 정말 놀랍고 감동적인 경험이었어요~ : )",
    "date": "15.01.16",
    "rating": "10",
    "author": "best****",
    "review_id": "9600610",
    "movie_id": "10301"
  },
  {
    "review": "영화를 좋아하는 사람들이 모여 영화를 나눈다는 것이 얼마나 행복한 시간이었는지 느낄 수 있었습니다. 실시간 피아노로 연주되는 것도 너무 멋졌구요. 본 영화인데 또 같은 장면에서 눈물이 나는 시티라이트. 극장에서 보니 좋더라구요.!!",
    "date": "15.01.16",
    "rating": "9",
    "author": "sexy****",
    "review_id": "9600272",
    "movie_id": "10301"
  },
  {
    "review": "ㅎㅎㅎ 멋진영화다 추천",
    "date": "15.01.09",
    "rating": "10",
    "author": "the_****",
    "review_id": "9576005",
    "movie_id": "10301"
  },
  {
    "review": "최고다. 이런 영화 언제 또 나올까.",
    "date": "14.12.19",
    "rating": "10",
    "author": "june****",
    "review_id": "9489397",
    "movie_id": "10301"
  },
  {
    "review": "다시 만들어질 수 없는 영화",
    "date": "14.11.26",
    "rating": "10",
    "author": "qkqh****",
    "review_id": "9422507",
    "movie_id": "10301"
  },
  {
    "review": "300명 언제 채우나? 채플린은 영화의 개척자! 모던타임즈와 함께 최고의 영화!",
    "date": "14.11.24",
    "rating": "10",
    "author": "lgmk****",
    "review_id": "9419344",
    "movie_id": "10301"
  },
  {
    "review": "울리려 할 줄 알았는데 절제하는 엔딩. 그래서 더욱 빛난다.",
    "date": "14.09.20",
    "rating": "8",
    "author": "cube****",
    "review_id": "9229544",
    "movie_id": "10301"
  },
  {
    "review": "별 대사없이 그리고 꾸밈없이 큰 웃음과 감동을 준다는 것이 찰리채플린 영화의 강점.",
    "date": "14.08.28",
    "rating": "10",
    "author": "alsh****",
    "review_id": "9140016",
    "movie_id": "10301"
  },
  {
    "review": "채플린! 너무 매력적넘쳐! XD",
    "date": "14.05.18",
    "rating": "10",
    "author": "vkfn****",
    "review_id": "8744059",
    "movie_id": "10301"
  },
  {
    "review": "아름답고 따뜻하고 감동적이다",
    "date": "14.05.07",
    "rating": "10",
    "author": "mara****",
    "review_id": "8714259",
    "movie_id": "10301"
  },
  {
    "review": "채플린님 감사합니다.",
    "date": "14.05.01",
    "rating": "10",
    "author": "pian****",
    "review_id": "8690782",
    "movie_id": "10301"
  },
  {
    "review": "이 영화를 볼 수 있게되어서 찰리 채플린을 비롯한 삶의 모든것에 감사드립니다",
    "date": "14.03.12",
    "rating": "10",
    "author": "dbwo****",
    "review_id": "8570752",
    "movie_id": "10301"
  },
  {
    "review": "플롯의 완벽성, 재미와 감동 두 마리 잡았다. 권투시합 장면은 정말 웃기다.",
    "date": "14.02.04",
    "rating": "10",
    "author": "ykdi****",
    "review_id": "8473526",
    "movie_id": "10301"
  },
  {
    "review": "당신이 누구인지, 어떤 사람인지는 중요하지 않다. 오직, 사랑. 그 두글자만 있다면. 너무나 보잘것없고 소박하지만, 그 마음만은 너무나 아름답다.",
    "date": "13.08.11",
    "rating": "8",
    "author": "cek2****",
    "review_id": "7866941",
    "movie_id": "10301"
  },
  {
    "review": "채플린의 다른 명작들에 비해 사회 풍자적 요소가 덜하지만 보면서 잔잔해집니다.. 무성이고 흑백이라 오히려 진한 느낌이 드네요..",
    "date": "13.06.25",
    "rating": "10",
    "author": "apat****",
    "review_id": "7679456",
    "movie_id": "10301"
  },
  {
    "review": "명작 아이가",
    "date": "13.05.05",
    "rating": "10",
    "author": "bign****",
    "review_id": "7509949",
    "movie_id": "10301"
  },
  {
    "review": "캬 ㄷㄷ",
    "date": "13.03.31",
    "rating": "10",
    "author": "tss9****",
    "review_id": "7426567",
    "movie_id": "10301"
  },
  {
    "review": "채플린의 얼굴이 클로즈업되는 마지막 장면은 영화 역사상 가장 아름다운 씬",
    "date": "13.03.19",
    "rating": "10",
    "author": "glod****",
    "review_id": "7363936",
    "movie_id": "10301"
  },
  {
    "review": "<오직 그대만>이 리메이크 했다면 실패작이다. 시티 라이트는 위대한 채플린 영화다. 무성 영화에서 처음 눈물이 나오는 경험을 했다.",
    "date": "13.02.24",
    "rating": "10",
    "author": "neoi****",
    "review_id": "7298766",
    "movie_id": "10301"
  },
  {
    "review": "아름다운 영화  마지막 장면에서 펑펑 울었어요 ㅠㅠ",
    "date": "13.01.01",
    "rating": "8",
    "author": "elep****",
    "review_id": "7069580",
    "movie_id": "10301"
  },
  {
    "review": "영화가 그냥 예쁘다.",
    "date": "12.12.27",
    "rating": "10",
    "author": "dpdj****",
    "review_id": "7051971",
    "movie_id": "10301"
  },
  {
    "review": "..",
    "date": "12.12.14",
    "rating": "8",
    "author": "diri****",
    "review_id": "7001960",
    "movie_id": "10301"
  },
  {
    "review": "실컷 웃다 만나게 되는 가슴 뭉클한 마지막 장면. 이영화를 사랑할수 밖에 없는 이유다.",
    "date": "12.11.16",
    "rating": "10",
    "author": "oris****",
    "review_id": "6893911",
    "movie_id": "10301"
  },
  {
    "review": "대사가 없는 영화를 보는데 집중도도 좋고...",
    "date": "12.11.09",
    "rating": "10",
    "author": "jobe****",
    "review_id": "6868518",
    "movie_id": "10301"
  },
  {
    "review": "굿",
    "date": "12.11.06",
    "rating": "10",
    "author": "jzza****",
    "review_id": "6861235",
    "movie_id": "10301"
  },
  {
    "review": "희극이 헌사하는 최고의 로맨스",
    "date": "12.10.17",
    "rating": "10",
    "author": "rd72****",
    "review_id": "6808976",
    "movie_id": "10301"
  },
  {
    "review": "채플린은 인간문화재다.",
    "date": "12.10.10",
    "rating": "10",
    "author": "coco****",
    "review_id": "6780150",
    "movie_id": "10301"
  },
  {
    "review": "솔까 찰리채플린 영화중 이게 최고다 절대반박불가",
    "date": "12.10.01",
    "rating": "10",
    "author": "xoxo****",
    "review_id": "6749376",
    "movie_id": "10301"
  },
  {
    "review": "마지막에 살짝 눈물났음 ㅠㅠ",
    "date": "12.08.29",
    "rating": "10",
    "author": "rodk****",
    "review_id": "6652148",
    "movie_id": "10301"
  },
  {
    "review": "젠장, 생각보다 재미있잖아....",
    "date": "12.08.14",
    "rating": "10",
    "author": "kyj1****",
    "review_id": "6601837",
    "movie_id": "10301"
  },
  {
    "review": "내 마음을 울렸지만, 형상화 할 수 가 없습니다. 한번 더 보고 오겠습니다.",
    "date": "12.08.05",
    "rating": "10",
    "author": "ttyu****",
    "review_id": "6575225",
    "movie_id": "10301"
  },
  {
    "review": "채플린의 걸작",
    "date": "12.07.14",
    "rating": "10",
    "author": "lemo****",
    "review_id": "6478394",
    "movie_id": "10301"
  },
  {
    "review": "마지막장면은 정말 잊을 수가 없다..ㅠ",
    "date": "12.01.03",
    "rating": "10",
    "author": "dubl****",
    "review_id": "5956312",
    "movie_id": "10301"
  },
  {
    "review": "백만장자보면서 엄청공감 마지막장면 온몸에 전율과  촉촉한 눈가",
    "date": "11.12.17",
    "rating": "10",
    "author": "ultr****",
    "review_id": "5909971",
    "movie_id": "10301"
  },
  {
    "review": "서민들의 희망. 채플린",
    "date": "11.11.27",
    "rating": "10",
    "author": "brot****",
    "review_id": "5874194",
    "movie_id": "10301"
  },
  {
    "review": "ㅋㅋㅋ 넘넘넘 잼있어영ㅎ 근데 대사 없이 몸짓으만 해서 이해하기 어려웠어염ㅜㅋ",
    "date": "11.09.23",
    "rating": "10",
    "author": "ga00****",
    "review_id": "5747849",
    "movie_id": "10301"
  },
  {
    "review": "잼씀",
    "date": "11.08.14",
    "rating": "10",
    "author": "ecna****",
    "review_id": "5648673",
    "movie_id": "10301"
  },
  {
    "review": "아 처음으로 본 채플린 영화 역시 최고.",
    "date": "11.08.03",
    "rating": "10",
    "author": "taeg****",
    "review_id": "5596454",
    "movie_id": "10301"
  },
  {
    "review": "채플린은 필름을 낭비하지 않는다.",
    "date": "11.07.20",
    "rating": "8",
    "author": "dlgk****",
    "review_id": "5556652",
    "movie_id": "10301"
  },
  {
    "review": "마지막에 맹인인 여자한테 꽃 건낼 때 레알 감동",
    "date": "11.07.05",
    "rating": "10",
    "author": "ring****",
    "review_id": "5523995",
    "movie_id": "10301"
  },
  {
    "review": "박장대소와 하염없는 눈물을 쏙 빼주었던 영화.",
    "date": "11.07.03",
    "rating": "10",
    "author": "spyh****",
    "review_id": "5518417",
    "movie_id": "10301"
  },
  {
    "review": "찰리 채플린",
    "date": "11.07.01",
    "rating": "10",
    "author": "enco****",
    "review_id": "5512491",
    "movie_id": "10301"
  },
  {
    "review": "마지막에 눈물이ㅠ.ㅠ",
    "date": "11.06.12",
    "rating": "10",
    "author": "phil****",
    "review_id": "5477598",
    "movie_id": "10301"
  },
  {
    "review": "시대를 초월하는 재미와 작품성",
    "date": "11.04.29",
    "rating": "10",
    "author": "kimg****",
    "review_id": "5396897",
    "movie_id": "10301"
  },
  {
    "review": "도저히 20세기 초반 영화라고 볼 수 없는 영화.. 채플린의 마지막 순수한 눈빛 아..",
    "date": "11.04.11",
    "rating": "10",
    "author": "ldy6****",
    "review_id": "5366823",
    "movie_id": "10301"
  },
  {
    "review": "역시 찰리채플린은 천재다..",
    "date": "11.03.18",
    "rating": "10",
    "author": "2jas****",
    "review_id": "5320487",
    "movie_id": "10301"
  },
  {
    "review": "무성 영화의 최고봉. 찰리 채플린은 천재다.",
    "date": "11.03.02",
    "rating": "10",
    "author": "ereh****",
    "review_id": "5289064",
    "movie_id": "10301"
  },
  {
    "review": "떠돌이의 희생적이고 말없는 사랑....",
    "date": "11.02.23",
    "rating": "10",
    "author": "zkfd****",
    "review_id": "5270086",
    "movie_id": "10301"
  },
  {
    "review": "여태껏 본 영화중 최고",
    "date": "10.12.23",
    "rating": "10",
    "author": "xodn****",
    "review_id": "5078066",
    "movie_id": "10301"
  },
  {
    "review": "찰리채플린의 웃음,감동 모두 최고였다",
    "date": "10.12.02",
    "rating": "10",
    "author": "gusw****",
    "review_id": "5015497",
    "movie_id": "10301"
  },
  {
    "review": "오히려 기대했던 팬토마임은 별로지만, 스토리가 잔잔한 감동이고- 그시대에는 작품",
    "date": "10.11.28",
    "rating": "7",
    "author": "gkag****",
    "review_id": "5002454",
    "movie_id": "10301"
  },
  {
    "review": "시나리오진짜 잘썼다",
    "date": "10.09.18",
    "rating": "10",
    "author": "tall****",
    "review_id": "4845472",
    "movie_id": "10301"
  },
  {
    "review": "좋다",
    "date": "10.09.16",
    "rating": "10",
    "author": "sky5****",
    "review_id": "4840801",
    "movie_id": "10301"
  },
  {
    "review": "무언으로 전하는 감동",
    "date": "10.09.14",
    "rating": "8",
    "author": "resm****",
    "review_id": "4836060",
    "movie_id": "10301"
  },
  {
    "review": "마지막 장면, 순수한 사랑....   그거 보고 감동 받지 않은사람은 누구?",
    "date": "10.08.11",
    "rating": "10",
    "author": "saza****",
    "review_id": "4733723",
    "movie_id": "10301"
  },
  {
    "review": "마법의 등불 같은 영화",
    "date": "10.06.15",
    "rating": "10",
    "author": "holy****",
    "review_id": "4567624",
    "movie_id": "10301"
  },
  {
    "review": "영화사에서 최고의 엔딩 씬이 아닐까.. 웃기면서 마지막에 울리는 감동...",
    "date": "10.06.08",
    "rating": "10",
    "author": "chgs****",
    "review_id": "4553153",
    "movie_id": "10301"
  },
  {
    "review": "꽃 한 송이와 함께 웃는 그 모습에서 나도 모르게 눈물이.",
    "date": "10.05.09",
    "rating": "10",
    "author": "hhel****",
    "review_id": "4489244",
    "movie_id": "10301"
  },
  {
    "review": "단연컨대, 이 영화를 보고 울림이 없다면 그건 사람이 아니다",
    "date": "10.04.24",
    "rating": "10",
    "author": "gate****",
    "review_id": "4453345",
    "movie_id": "10301"
  },
  {
    "review": "너무 재밌어요",
    "date": "10.04.13",
    "rating": "10",
    "author": "spri****",
    "review_id": "4431307",
    "movie_id": "10301"
  },
  {
    "review": "80년의 시대를 초월한 아니 영원 할.. , 마지막 채플린의 웃음이 잊혀지지 않는다.",
    "date": "10.03.19",
    "rating": "10",
    "author": "forc****",
    "review_id": "4366572",
    "movie_id": "10301"
  },
  {
    "review": "엔딩씬에서 눈물샘을 자극하는군...",
    "date": "10.03.04",
    "rating": "8",
    "author": "jjyn****",
    "review_id": "4334213",
    "movie_id": "10301"
  },
  {
    "review": "한세기전 대공황속 사람들도 똑같이 격었을 사랑과 절망 행복 그리고 희망",
    "date": "10.03.02",
    "rating": "10",
    "author": "sapp****",
    "review_id": "4329493",
    "movie_id": "10301"
  },
  {
    "review": "웃겨 죽는줄알았네 탐나는 소재네 역시 채플린은 천재야",
    "date": "10.02.20",
    "rating": "10",
    "author": "lkyl****",
    "review_id": "4302882",
    "movie_id": "10301"
  },
  {
    "review": "채플린의 영화는 언제봐도 멋진거 같다.",
    "date": "10.02.06",
    "rating": "10",
    "author": "afri****",
    "review_id": "4251168",
    "movie_id": "10301"
  },
  {
    "review": "엉엉 아름다운사랑이야기ㅠㅠ",
    "date": "10.02.05",
    "rating": "10",
    "author": "mjs9****",
    "review_id": "4248973",
    "movie_id": "10301"
  },
  {
    "review": "꽃 보다 아름다운 그녀에게 환한 시야를 선물해 주고싶다.",
    "date": "10.02.04",
    "rating": "8",
    "author": "jlov****",
    "review_id": "4243709",
    "movie_id": "10301"
  },
  {
    "review": "좋다. 하지만 채플린의 최고작은 아니다.",
    "date": "09.09.25",
    "rating": "9",
    "author": "paus****",
    "review_id": "3849166",
    "movie_id": "10301"
  },
  {
    "review": "난 왜 하나도 안 웃기고 하나도 안 슬프지..아..",
    "date": "09.08.14",
    "rating": "6",
    "author": "tlsg****",
    "review_id": "3749333",
    "movie_id": "10301"
  },
  {
    "review": "채플린의 그냥 평범한 작품이고 다른것이 더 위대하다.",
    "date": "09.08.12",
    "rating": "8",
    "author": "dma9****",
    "review_id": "3738729",
    "movie_id": "10301"
  },
  {
    "review": "최고다!!!!!!!!!!!!!",
    "date": "09.08.01",
    "rating": "10",
    "author": "yjy7****",
    "review_id": "3693162",
    "movie_id": "10301"
  },
  {
    "review": "최고라 밖에는....",
    "date": "09.07.29",
    "rating": "10",
    "author": "shfd****",
    "review_id": "3680434",
    "movie_id": "10301"
  },
  {
    "review": "두번 보고 두번 감동했다~ 눈물 찔끔 ㅠ.ㅠ 정말 좋은영화...",
    "date": "09.07.22",
    "rating": "10",
    "author": "olo2****",
    "review_id": "3655500",
    "movie_id": "10301"
  },
  {
    "review": "자기를 버리고 그 여자를 위해 한 행동이 정말 감동적이였습니다.",
    "date": "09.07.16",
    "rating": "10",
    "author": "pjh9****",
    "review_id": "3637260",
    "movie_id": "10301"
  },
  {
    "review": "상당한 코메디 에다 순수한 감동까지 좋다",
    "date": "09.07.12",
    "rating": "10",
    "author": "nell****",
    "review_id": "3627042",
    "movie_id": "10301"
  },
  {
    "review": "와우... 상당히 익살스럽군요..",
    "date": "09.04.25",
    "rating": "10",
    "author": "hj78****",
    "review_id": "3439554",
    "movie_id": "10301"
  },
  {
    "review": "모르겠다.",
    "date": "09.03.10",
    "rating": "6",
    "author": "gidi****",
    "review_id": "3358577",
    "movie_id": "10301"
  },
  {
    "review": "지금 본다면 그다지 ..",
    "date": "09.01.25",
    "rating": "6",
    "author": "drd1****",
    "review_id": "3248639",
    "movie_id": "10301"
  },
  {
    "review": "깔깔깔 웃고 마지막의 깔끔한 감동까지.....",
    "date": "09.01.21",
    "rating": "10",
    "author": "efer****",
    "review_id": "3237718",
    "movie_id": "10301"
  },
  {
    "review": "과대평가 됬다. '황금광시대'에 뒤떨어지는 작품",
    "date": "09.01.04",
    "rating": "8",
    "author": "pola****",
    "review_id": "3185063",
    "movie_id": "10301"
  },
  {
    "review": "마지막 장면에서 갑자기 소름돋는걸 느겼다...",
    "date": "08.12.28",
    "rating": "10",
    "author": "gyah****",
    "review_id": "3161551",
    "movie_id": "10301"
  },
  {
    "review": "이영화는당연히명작이다,하지만 시대를반영을잘한것은 황금광시대라고생각한다,,",
    "date": "08.12.18",
    "rating": "10",
    "author": "bora****",
    "review_id": "3128791",
    "movie_id": "10301"
  },
  {
    "review": "다른 사람들에게 꼭 추천해주기 좋다! 웃음도있고 감동도 있다!",
    "date": "08.11.30",
    "rating": "10",
    "author": "ezez****",
    "review_id": "3082867",
    "movie_id": "10301"
  }
]