[
  {
    "review": "역사의 격랑 속에서 더욱 치열하게 보이고 들리는 영상미와 음악",
    "date": "15.08.21",
    "rating": "9",
    "author": "arkj****",
    "review_id": "10257022",
    "movie_id": "10314"
  },
  {
    "review": "전제군주국에서 인민공화국까지.. 그 파도 속에서 허우적대는 한 남자.",
    "date": "15.08.17",
    "rating": "10",
    "author": "pont****",
    "review_id": "10243571",
    "movie_id": "10314"
  },
  {
    "review": "비운의 황제 푸이를 통해 청말 변혁기 중국 역사를 볼 수 있었다.",
    "date": "15.08.03",
    "rating": "10",
    "author": "777s****",
    "review_id": "10178909",
    "movie_id": "10314"
  },
  {
    "review": "좋으면서 슬픈영화. 역사라는 거대한 홍수속에 빠진 어리고 불쌍한 황제이야기.",
    "date": "15.07.30",
    "rating": "10",
    "author": "ther****",
    "review_id": "10163399",
    "movie_id": "10314"
  },
  {
    "review": "good good good",
    "date": "15.07.30",
    "rating": "9",
    "author": "nost****",
    "review_id": "10160648",
    "movie_id": "10314"
  },
  {
    "review": "명작 중에 대명작 중국의 역사는 물론 ~ 영화속의 시대상황을 너무나도 느낌 그대로 전해주고있는 정말 한편의 서사시 같은 영화",
    "date": "15.07.23",
    "rating": "10",
    "author": "gau8****",
    "review_id": "10131540",
    "movie_id": "10314"
  },
  {
    "review": "이제야 받는대 정말 가슴아픈 영화네요",
    "date": "15.07.11",
    "rating": "10",
    "author": "cass****",
    "review_id": "10092114",
    "movie_id": "10314"
  },
  {
    "review": "싸구려 한국영화에 길들여졌거나 지친 그대들에게 이 영화를 추천한다!!",
    "date": "15.07.11",
    "rating": "10",
    "author": "ske4****",
    "review_id": "10090645",
    "movie_id": "10314"
  },
  {
    "review": "명작.. 명작은 전혀 촌스럽지 않다.",
    "date": "15.06.18",
    "rating": "9",
    "author": "wogm****",
    "review_id": "10010397",
    "movie_id": "10314"
  },
  {
    "review": "남주인공이  그나마 카리스마있는모습이라 들 비참해보여서 다행^^  영화보기전에 대강 예상은햇었는데 그래도 이정도면 중국은우리에비해 낫다고 생각됨 !!  ost 좋아서 몇일은 흥얼거림 ㅋㅋ",
    "date": "15.05.23",
    "rating": "10",
    "author": "tgv1****",
    "review_id": "9940268",
    "movie_id": "10314"
  },
  {
    "review": "시대속에 남겨진 황제.",
    "date": "15.05.14",
    "rating": "10",
    "author": "sibb****",
    "review_id": "9916903",
    "movie_id": "10314"
  },
  {
    "review": "ost도 대박박!!!",
    "date": "15.05.12",
    "rating": "10",
    "author": "foka****",
    "review_id": "9912624",
    "movie_id": "10314"
  },
  {
    "review": "실제 역사속에 들어가 사건을 보는 듯한 여운이 남고 인상적인 영화였다.이 영화를 계기로 역사에 관심을 가질 수 있게 되었다.",
    "date": "15.05.08",
    "rating": "10",
    "author": "pian****",
    "review_id": "9903237",
    "movie_id": "10314"
  },
  {
    "review": "EBS 한국사 선생님의 추천으로 봤던 영화이런 영화를 만나게 해주셔서그 선생님께 매우 감사하다OST는 다운받아서 두고두고 듣는중...",
    "date": "15.05.03",
    "rating": "10",
    "author": "thsw****",
    "review_id": "9890184",
    "movie_id": "10314"
  },
  {
    "review": "ㅜㅜ 비참한 망국의 황제의 삶이군요...마지막에 돈내고 자금성 들어가는 모습이 맘 아팠습니다ㅜ",
    "date": "15.04.23",
    "rating": "10",
    "author": "mbg0****",
    "review_id": "9858378",
    "movie_id": "10314"
  },
  {
    "review": "인생영화 인생영화 인생영화",
    "date": "15.04.20",
    "rating": "10",
    "author": "dbff****",
    "review_id": "9854873",
    "movie_id": "10314"
  },
  {
    "review": "이영화는 더빙판으로 봐야 제 맛인데.. 유얼 메이저스틱 보다 폐하가 낫고...",
    "date": "15.04.19",
    "rating": "9",
    "author": "ktjs****",
    "review_id": "9853464",
    "movie_id": "10314"
  },
  {
    "review": "나도 여기 살았었단다. 나는 중국의 마지막 황제였지... 세계영화에서 가장 기억에 남는 마지막 3분인가? 뭔가에 뽑혔다죠... 이 영화의 단점이라면 대사가 다 영어라는 것... 중국어로 했다면 아마 더더욱 대단했을듯....",
    "date": "15.04.17",
    "rating": "9",
    "author": "odie****",
    "review_id": "9849049",
    "movie_id": "10314"
  },
  {
    "review": "감동...빠르게 전개되는 가운데 많은 것을 느끼게 하는 영화. 과거를 통해서 늘 반성하고 준비해야한다는 교훈을 또다시 배운다. 선진국이 되려면 생각이 깨어 있어야한다. 3세 황제를 배출하는 순간.내시들의 정치가 나라를 망치한것.",
    "date": "15.04.10",
    "rating": "10",
    "author": "pmh5****",
    "review_id": "9838348",
    "movie_id": "10314"
  },
  {
    "review": "너무나 귀여웠던 아기 푸이가 임관이후비극적인 삶을 살았던것이 마음이 아팠다...근래 봤던 영화중 베스트 오브 베스트!",
    "date": "15.04.07",
    "rating": "10",
    "author": "bass****",
    "review_id": "9832481",
    "movie_id": "10314"
  },
  {
    "review": "명작이란 단어는 이런영화에 갖다붙여야지..온갖 찬사를 받아도 모자랄 20세기 명작 중의 명작",
    "date": "15.04.01",
    "rating": "10",
    "author": "ball****",
    "review_id": "9819478",
    "movie_id": "10314"
  },
  {
    "review": "몇번을 보고또봐도 계속보고 싶은 영화.",
    "date": "15.03.27",
    "rating": "10",
    "author": "zyme****",
    "review_id": "9809630",
    "movie_id": "10314"
  },
  {
    "review": "이 영화를 보기 전에 듣는 Rain과 보고 나서 듣는 Rain은 많이 다를 거다",
    "date": "15.03.24",
    "rating": "10",
    "author": "il90****",
    "review_id": "9803860",
    "movie_id": "10314"
  },
  {
    "review": "중국 근현대사도 한번에 추려볼수 있는 작이기도 하지만 그냥 꼭 보고 그 먹먹함을 공감 했으면 좋겠어",
    "date": "15.03.23",
    "rating": "10",
    "author": "tjdu****",
    "review_id": "9801608",
    "movie_id": "10314"
  },
  {
    "review": "최고의 중국 영화.. 말이 필요없는",
    "date": "15.03.22",
    "rating": "10",
    "author": "reme****",
    "review_id": "9800334",
    "movie_id": "10314"
  },
  {
    "review": "마지막 장면은 정말 감동적이었다... 그리고 3살짜리 아기 푸이 너무 너무 귀엽고 사랑스러웠음ㅋㅋ",
    "date": "15.03.20",
    "rating": "10",
    "author": "gtsc****",
    "review_id": "9795171",
    "movie_id": "10314"
  },
  {
    "review": "좋은작품이기는한데...역사왜곡이   다소간에있다.",
    "date": "15.03.15",
    "rating": "8",
    "author": "jk83****",
    "review_id": "9783359",
    "movie_id": "10314"
  },
  {
    "review": "내인생 최고의 영화 중학교때 이걸보고 자금성이 너무 가고싶었다 , 아직도 그러함 , 귀뚜라미가 아직도 그통에 있을런지 . 류이치사카모토의 1996 구하려고 용썼던 기억이 ..",
    "date": "15.03.09",
    "rating": "10",
    "author": "codm****",
    "review_id": "9767651",
    "movie_id": "10314"
  },
  {
    "review": "내 인생 최고의 영화. 긴 러닝 타임이 전혀 지루하지 않다.",
    "date": "15.03.05",
    "rating": "10",
    "author": "aolm****",
    "review_id": "9758289",
    "movie_id": "10314"
  },
  {
    "review": "진짜 이 영화는 최고의 영화였다는!!!",
    "date": "15.03.04",
    "rating": "10",
    "author": "kimc****",
    "review_id": "9755892",
    "movie_id": "10314"
  },
  {
    "review": "보도 또 봐도 최고 !! 푸이~",
    "date": "15.03.04",
    "rating": "10",
    "author": "demi****",
    "review_id": "9755658",
    "movie_id": "10314"
  },
  {
    "review": "일본이 말도안될만큼 얌전하게 나왔군?",
    "date": "15.03.04",
    "rating": "8",
    "author": "sksg****",
    "review_id": "9755525",
    "movie_id": "10314"
  },
  {
    "review": "살짝어렵긴했지만 여운이많이남음",
    "date": "15.03.03",
    "rating": "10",
    "author": "misl****",
    "review_id": "9754508",
    "movie_id": "10314"
  },
  {
    "review": "명작을 극장에서 다시보는것만으로도 가치있다. 푸이의 마지막은 잊지못할것이다.",
    "date": "15.03.02",
    "rating": "10",
    "author": "firm****",
    "review_id": "9753185",
    "movie_id": "10314"
  },
  {
    "review": "여운이많이남는영화에요",
    "date": "15.02.28",
    "rating": "10",
    "author": "dldb****",
    "review_id": "9747939",
    "movie_id": "10314"
  },
  {
    "review": "감독판이아니었다는게아쉬웠지만 극장에서 볼수있었다는것만으로도 벅찼습니다",
    "date": "15.02.28",
    "rating": "10",
    "author": "jieu****",
    "review_id": "9747622",
    "movie_id": "10314"
  },
  {
    "review": "어째 요즘 아카데미 작품상영화가 옛날작품상영화보다보다 못한것같냐",
    "date": "15.02.27",
    "rating": "10",
    "author": "ac67****",
    "review_id": "9742469",
    "movie_id": "10314"
  },
  {
    "review": "중국삘나는 영환데 서양거네?",
    "date": "15.02.27",
    "rating": "10",
    "author": "534k****",
    "review_id": "9742163",
    "movie_id": "10314"
  },
  {
    "review": "내일 또 가려고합니다...",
    "date": "15.02.26",
    "rating": "10",
    "author": "imhu****",
    "review_id": "9741289",
    "movie_id": "10314"
  },
  {
    "review": "모든 것이 최고였습니다. 극장에서 보길 잘했네요.",
    "date": "15.02.26",
    "rating": "10",
    "author": "depa****",
    "review_id": "9740873",
    "movie_id": "10314"
  },
  {
    "review": "1988년도는 미친(?) 최루작품성 영화가 많았다.... 이것하고 \"시네마천국\"....  이후에 영화감독들은 공부좀 더해라...",
    "date": "15.02.26",
    "rating": "10",
    "author": "kake****",
    "review_id": "9740716",
    "movie_id": "10314"
  },
  {
    "review": "음악이최고. 교수님의 음악은 어려서도 타고났네... rain이 나올때는 음악으로 그 영상이 더 돋보였다.",
    "date": "15.02.26",
    "rating": "10",
    "author": "allt****",
    "review_id": "9739385",
    "movie_id": "10314"
  },
  {
    "review": "몇 OO전 내가 중학교때 당당하게 혼자 영화관에 가서 보았던 작품~!! 이영화를 보고 책도 구입했었고....중국 자금성에 꼭 한번 가보고 싶었었는데...아직도 푸이의 눈빛이 선하네...",
    "date": "15.02.25",
    "rating": "9",
    "author": "drea****",
    "review_id": "9737413",
    "movie_id": "10314"
  },
  {
    "review": "어처구니 없습니다. 현재 CGV평촌에 23시 한번. 롯데시네마 용산에서는 아침8시 한번. 아마도 '극장동시개봉'이라는 타이틀로 iptv 1만원 받아 먹으려는 '꼼수개봉'이 아닌가 의심됩니다. 명작을 만나려는 설레임에 찬물을 끼얹는 상술 짜증",
    "date": "15.02.24",
    "rating": "2",
    "author": "1771****",
    "review_id": "9734359",
    "movie_id": "10314"
  },
  {
    "review": "재개봉 26일 아닌가요? 며칠째 검색해봐도 어디서 하는지 나오지도 않고ㅠ 류이치 사카모토의 음악과, 젊은시절의 모습을 볼 수 있는 좋은기회라 기대하고 있었는데",
    "date": "15.02.24",
    "rating": "10",
    "author": "eun8****",
    "review_id": "9734028",
    "movie_id": "10314"
  },
  {
    "review": "이거 어디서 개봉하는지 아시는분?",
    "date": "15.02.23",
    "rating": "10",
    "author": "kota****",
    "review_id": "9733283",
    "movie_id": "10314"
  },
  {
    "review": "하여튼 일본...ㅡㅡ",
    "date": "15.02.20",
    "rating": "10",
    "author": "jar9****",
    "review_id": "9717846",
    "movie_id": "10314"
  },
  {
    "review": "마지막황제 푸이?  짠하네  다시보고싶은영화",
    "date": "15.02.19",
    "rating": "9",
    "author": "lgq0****",
    "review_id": "9711331",
    "movie_id": "10314"
  },
  {
    "review": "헐...대박...이거 개봉해?",
    "date": "15.02.17",
    "rating": "10",
    "author": "onsy****",
    "review_id": "9705971",
    "movie_id": "10314"
  },
  {
    "review": "예전에 몇번이고 다시봣던 영화 영화의 진행과 함께 마음이 움직이고 끝으로 갈수록 찬란했던 젊은 시절을 생각하며 아쉬움이 남는 영화 특히 마지막 장면은 여운을 많이 준다",
    "date": "15.02.17",
    "rating": "10",
    "author": "dldh****",
    "review_id": "9704752",
    "movie_id": "10314"
  },
  {
    "review": "이 명작을 당장봐야한다 !!",
    "date": "15.02.16",
    "rating": "9",
    "author": "akwl****",
    "review_id": "9702663",
    "movie_id": "10314"
  },
  {
    "review": "너무 불쌍해서 눈물이 나옴. 이건 마치 어떤 역사가 잊혀지는 비극적인 삶을 보여줌.",
    "date": "15.02.12",
    "rating": "10",
    "author": "igel****",
    "review_id": "9691016",
    "movie_id": "10314"
  },
  {
    "review": "역사라는 거대한 소용돌이 속에 휩쓸려 가는 연약한 인간",
    "date": "15.02.10",
    "rating": "9",
    "author": "lgh0****",
    "review_id": "9685581",
    "movie_id": "10314"
  },
  {
    "review": "어릴 때 비디오로 보고 이게 대체 뭔 구시대 영화인가 했었는데.. 조금 머리가 큰 뒤 다시 보니 아는만큼 보인다라는 말이 실감났던 영화",
    "date": "15.02.10",
    "rating": "10",
    "author": "lee2****",
    "review_id": "9684194",
    "movie_id": "10314"
  },
  {
    "review": "이 영화를 보고나서 인생무상이라는 말이 떠올랐다. 음악도 잘 어울린다.",
    "date": "15.02.09",
    "rating": "10",
    "author": "powe****",
    "review_id": "9681582",
    "movie_id": "10314"
  },
  {
    "review": "이런작품은 한국에서 리메이크해도 멋있을거같다.",
    "date": "15.02.06",
    "rating": "10",
    "author": "whdb****",
    "review_id": "9672930",
    "movie_id": "10314"
  },
  {
    "review": "류이치사카모토의 rain 잊을수 없다...",
    "date": "15.02.04",
    "rating": "10",
    "author": "pj52****",
    "review_id": "9666928",
    "movie_id": "10314"
  },
  {
    "review": "대박..내가 진짜 살면서 전율을 느낀 몇 안되는 영화 중 하나ㅠㅠ.고맙습니다ㅠㅠㅠ",
    "date": "15.02.04",
    "rating": "10",
    "author": "gyom****",
    "review_id": "9666743",
    "movie_id": "10314"
  },
  {
    "review": "어렸을 적에 TV에서 봤던 그 감동을 극장에서 볼수 있게 되다니 기대됩니다!!",
    "date": "15.02.03",
    "rating": "10",
    "author": "hell****",
    "review_id": "9662671",
    "movie_id": "10314"
  },
  {
    "review": "이거 역대 최고 캬..ㅎㅎ",
    "date": "15.02.02",
    "rating": "10",
    "author": "hiph****",
    "review_id": "9661296",
    "movie_id": "10314"
  },
  {
    "review": "본인의 의지와 상관없이 황제가 되어 꿈도꿔보지 못할 것들을 가졌지만 정작 당연한 것들은 누리지도, 가지지도, 지키지도 못한채 시대속으로 사라진 중국의 마지막 황제..",
    "date": "15.01.29",
    "rating": "10",
    "author": "fore****",
    "review_id": "9649627",
    "movie_id": "10314"
  },
  {
    "review": "헐 재개봉이라니 ㅎㄷㄷ 큰 스크린으로 꼭 보고싶네요!!!",
    "date": "15.01.20",
    "rating": "10",
    "author": "minb****",
    "review_id": "9615804",
    "movie_id": "10314"
  },
  {
    "review": "내인생 첫영화...간직하고싶다",
    "date": "15.01.06",
    "rating": "10",
    "author": "leo8****",
    "review_id": "9566691",
    "movie_id": "10314"
  },
  {
    "review": "어린푸이의 모습이 아련히 떠오는네요  대마초 피던곰방대, 비운의 왕,고딩때 학교에서 단체관람했던 영화네요~^^",
    "date": "15.01.05",
    "rating": "9",
    "author": "soon****",
    "review_id": "9565166",
    "movie_id": "10314"
  },
  {
    "review": "일본이나 중국에선 나름 껄끄러운 시각으로 볼 수 있겠지만, 작품성만으로 본다면 만점으로도 모자른 명작이다. 또한 영화음악도 너무 훌륭하다",
    "date": "14.12.23",
    "rating": "10",
    "author": "shin****",
    "review_id": "9505638",
    "movie_id": "10314"
  },
  {
    "review": "우연히 티비에서 봤는데.. 정말 아.. 정말.. 우리나라와 같아서 맘이 너무... 참.. 서글프네요",
    "date": "14.12.03",
    "rating": "10",
    "author": "dann****",
    "review_id": "9443693",
    "movie_id": "10314"
  },
  {
    "review": "1987년 나 어렸을 적에 TV에서 방영했었다. 그 때 TV 광고에 1987년도 아카데미 9개부문 수상을  강조하며 시청을 권장했었던 기억이 남.",
    "date": "14.11.14",
    "rating": "10",
    "author": "godo****",
    "review_id": "9382291",
    "movie_id": "10314"
  },
  {
    "review": "어쩌면 장황 할 수도 있는 큰 역사를 한 개인의 삶을 통해 담담하게 그려냈다. 이게 이 영화의 묘미가 아닐까 싶다.",
    "date": "14.11.05",
    "rating": "8",
    "author": "vbxj****",
    "review_id": "9342605",
    "movie_id": "10314"
  },
  {
    "review": "인생지사 새옹지마...",
    "date": "14.11.04",
    "rating": "10",
    "author": "spic****",
    "review_id": "9341375",
    "movie_id": "10314"
  },
  {
    "review": "황제라는 이유로 선택권없이 그저 인간이 격을 수 있는 배신,이별,괴리,고독,슬픔,절망,허무,분노,낯섬,두려움...모든걸 다 겪은 인간 푸이..시대적 상황은 정말로 인간에게 너무 중요하다ㅠ",
    "date": "14.10.29",
    "rating": "10",
    "author": "rapm****",
    "review_id": "9326037",
    "movie_id": "10314"
  },
  {
    "review": "본지 한참 됐지만 계속 기억에 남는 영화.",
    "date": "14.10.15",
    "rating": "10",
    "author": "gubu****",
    "review_id": "9294162",
    "movie_id": "10314"
  },
  {
    "review": "Rain이 머릿속에서 떠나질 않음...ㅜ",
    "date": "14.10.09",
    "rating": "10",
    "author": "joed****",
    "review_id": "9277744",
    "movie_id": "10314"
  },
  {
    "review": "우리나라 포함 프랑스,러시아,중국 등등 왕조국가들의 마지막은 어제 다 이리 똑같은지 ㅠ",
    "date": "14.10.08",
    "rating": "10",
    "author": "gowj****",
    "review_id": "9273493",
    "movie_id": "10314"
  },
  {
    "review": "아직까지 기억에 남는 영화.",
    "date": "14.10.05",
    "rating": "10",
    "author": "hto9****",
    "review_id": "9267627",
    "movie_id": "10314"
  },
  {
    "review": "인생의 마지막은 너무나도 허무하다... 감독판 3시간30분이 전혀 지루하지 않았다.",
    "date": "14.10.03",
    "rating": "9",
    "author": "huni****",
    "review_id": "9260153",
    "movie_id": "10314"
  },
  {
    "review": "매 식사마다 음식에 독이 들었는지 검사해야 하는 신하를 보는 심정은 어땠을까",
    "date": "14.10.01",
    "rating": "8",
    "author": "jjda****",
    "review_id": "9252059",
    "movie_id": "10314"
  },
  {
    "review": "왕가의 마지막 왕은 언제나 슬프다.",
    "date": "14.09.25",
    "rating": "10",
    "author": "park****",
    "review_id": "9239156",
    "movie_id": "10314"
  },
  {
    "review": "한 시대를 잔잔하게 따라가는 모범적인 역사서.",
    "date": "14.09.24",
    "rating": "7",
    "author": "kyun****",
    "review_id": "9237780",
    "movie_id": "10314"
  },
  {
    "review": "매우 긴 러닝타임때문에 볼까말까 고민했던 영화였는데 지루하지 않은 영화다. 내용의 깊이도 깊고 전체적으로 아름다운 영화다.",
    "date": "14.09.09",
    "rating": "10",
    "author": "wond****",
    "review_id": "9195169",
    "movie_id": "10314"
  },
  {
    "review": "예술작품이란건 이런영화를 보고 하는말인듯. 다 보고나서 혼자 박수쳤다...",
    "date": "14.09.09",
    "rating": "10",
    "author": "saka****",
    "review_id": "9189148",
    "movie_id": "10314"
  },
  {
    "review": "류이치 사카모토의  OST가 이 영화를 살렸다.",
    "date": "14.08.20",
    "rating": "10",
    "author": "fyug****",
    "review_id": "9113169",
    "movie_id": "10314"
  },
  {
    "review": "정말 재미있음 나름 보면서느끼는영화",
    "date": "14.08.02",
    "rating": "10",
    "author": "hwhy****",
    "review_id": "9009502",
    "movie_id": "10314"
  },
  {
    "review": "세상을 움켜쥐고만 싶을 땐 푸이의 마지막 장면을 떠올린다...",
    "date": "14.08.01",
    "rating": "10",
    "author": "nasu****",
    "review_id": "9003540",
    "movie_id": "10314"
  },
  {
    "review": "좋은영화...지겨운줄몰랐음",
    "date": "14.07.27",
    "rating": "10",
    "author": "hard****",
    "review_id": "8966764",
    "movie_id": "10314"
  },
  {
    "review": "이런 명작을 여태 몰랐다니..일본이란 나라 정말 없어져야 할 나라라는걸 다시 느꼈다.아울러 친일파 제거는 허접 북한이나 중국도 철저히 했는데 한국은?",
    "date": "14.07.27",
    "rating": "10",
    "author": "tong****",
    "review_id": "8965692",
    "movie_id": "10314"
  },
  {
    "review": "그냥..보세요 현세와 역사가 공존하는 아픔",
    "date": "14.07.26",
    "rating": "10",
    "author": "kill****",
    "review_id": "8964745",
    "movie_id": "10314"
  },
  {
    "review": "최고야 내인생에서봣던 영화중에서",
    "date": "14.07.24",
    "rating": "10",
    "author": "dlgu****",
    "review_id": "8949327",
    "movie_id": "10314"
  },
  {
    "review": "정말 오래전에 봤었지.. 이 영화하고 장예모감독의 인생. 중국영화하면 딱 요 2개밖에 기억이 안나..",
    "date": "14.07.22",
    "rating": "10",
    "author": "jooo****",
    "review_id": "8940561",
    "movie_id": "10314"
  },
  {
    "review": "160분에 다다를수록 목구멍까지 차오르는 먹먹함.",
    "date": "14.07.21",
    "rating": "9",
    "author": "gyun****",
    "review_id": "8937251",
    "movie_id": "10314"
  },
  {
    "review": "영화 볼 때는 아무런 생각 없이 몰입하다 엔딩 크래딧이 올라갈 때 나도 모르게 눈물이 났다. 어린 내 눈에는 푸이의 삶은 기구한 것이 아니라 그저 거대한 모래바람 안에 조그마한 알갱이였다. 인간의 삶이란 그런 것",
    "date": "14.07.20",
    "rating": "10",
    "author": "soy9****",
    "review_id": "8934951",
    "movie_id": "10314"
  },
  {
    "review": "한마디만함 졸잼없.,",
    "date": "14.07.20",
    "rating": "1",
    "author": "lhim****",
    "review_id": "8933037",
    "movie_id": "10314"
  },
  {
    "review": "류이치 사카모토의 OST도 이영화를 돋보이게 함..명작임...서양인이 만들어서 약간은  오리엔탈리즘이 들어있지만",
    "date": "14.07.12",
    "rating": "10",
    "author": "hika****",
    "review_id": "8907430",
    "movie_id": "10314"
  },
  {
    "review": "정말 재밌다. 말로 표현 못할 정도로....",
    "date": "14.07.05",
    "rating": "10",
    "author": "sukh****",
    "review_id": "8884534",
    "movie_id": "10314"
  },
  {
    "review": "너무나 장르가 특이해서 재미 없을줄알았는데, 하 찐한 감동을 주는 대작 , 긴 시간의 영화가 하나도 아깝지 않앗다.",
    "date": "14.06.30",
    "rating": "10",
    "author": "tkdg****",
    "review_id": "8872323",
    "movie_id": "10314"
  },
  {
    "review": "진짜 불쌍하다..ㅠㅠ 마지막 대사가 진짜 슬펐음..",
    "date": "14.06.26",
    "rating": "10",
    "author": "ryob****",
    "review_id": "8856361",
    "movie_id": "10314"
  },
  {
    "review": "와 정말 한국이나 중국이나 일본한테 휘둘려살아가지고 참... 이렇게 두 나라 모두 마지막 황제를 거지같이 모시고 떠나게 해드렸네...",
    "date": "14.06.14",
    "rating": "9",
    "author": "rudl****",
    "review_id": "8829050",
    "movie_id": "10314"
  },
  {
    "review": "처음에는 중국인이 영어하는게 거슬렸는데 나중엔 완전 몰입되는 연출. 마지막에 돈내고 자금성입장하는 장면에선 전율이~~",
    "date": "14.06.02",
    "rating": "10",
    "author": "jayu****",
    "review_id": "8788222",
    "movie_id": "10314"
  },
  {
    "review": "20세기란 망령의 시대를 관통하면서 개인에게 주어진 서글픈 운명의 역사를 몸소 헤처나가야만 했던 푸이의 표정이 막막한 가슴에 형상화된다",
    "date": "14.06.01",
    "rating": "9",
    "author": "qkqw****",
    "review_id": "8783901",
    "movie_id": "10314"
  },
  {
    "review": "좋네요....ㅎㅎㅎ",
    "date": "14.05.18",
    "rating": "8",
    "author": "bigc****",
    "review_id": "8743304",
    "movie_id": "10314"
  },
  {
    "review": "파랑만장한 황제의 일대기의 고난의 역경은 마음에 와닺는다. 아쉬운 점이 이 有면 자서전이  조작됨. ㅠㅠ",
    "date": "14.05.08",
    "rating": "9",
    "author": "0121****",
    "review_id": "8715628",
    "movie_id": "10314"
  }
]