[
  {
    "review": "어릴때 우연히 보았는데, 너무나 마음에 들었던 영화였답니다. 아버지와 아들의 모습이 보기 좋네요. 다시 보고 싶은데 언제 다시 볼 수 있으려나...",
    "date": "15.04.11",
    "rating": "10",
    "author": "choc****",
    "review_id": "9840690",
    "movie_id": "10318"
  },
  {
    "review": "내 기억이 맞다면 샹숑 음악이 주제가였듯을..",
    "date": "14.08.09",
    "rating": "7",
    "author": "tlsg****",
    "review_id": "9056570",
    "movie_id": "10318"
  },
  {
    "review": "러브스토리, 닥터스, 하버드의 천재들..., 개봉 당시 눈물 바다였던 순수한 정서, 인생에서 충분히 있을 수 있는 상황, 오래전 단 3일간이라도 외도를 부인과 가족이 받아들이는 과정 묘사 미흡, 쟝이 귀환을 결심하는 과정과 아버지의 심리 묘사도 미흡",
    "date": "12.12.20",
    "rating": "6",
    "author": "sioh****",
    "review_id": "7021693",
    "movie_id": "10318"
  },
  {
    "review": "감동적이지만, 제목 7일간의 사랑에서 7일은 누구와 함께 있었던 건지 모르겠다.. 외도했던 여자는 2-3일, 자신의 아들과는 2주일, 음..?",
    "date": "12.12.19",
    "rating": "9",
    "author": "codu****",
    "review_id": "7019043",
    "movie_id": "10318"
  },
  {
    "review": "같이 보면서 흘린 그녀의 눈물 그마음에 끌려 결혼 사랑의 기쁨을 들으며 옛날을 회상",
    "date": "10.09.04",
    "rating": "10",
    "author": "bioc****",
    "review_id": "4816348",
    "movie_id": "10318"
  },
  {
    "review": "가족의 테두리 밖, 남자 여자 그리고 아이.",
    "date": "08.12.18",
    "rating": "7",
    "author": "fren****",
    "review_id": "3128457",
    "movie_id": "10318"
  },
  {
    "review": "벌써 20년전 영화... 아직도 생생한데... 학교 땡땡이 치고 봤던 영화...",
    "date": "08.04.10",
    "rating": "10",
    "author": "wewo****",
    "review_id": "2571849",
    "movie_id": "10318"
  },
  {
    "review": "영화 본지 벌써 20년? 아들을 웃게하려고 쓰레기통을 뒤집에씌우는 장면이 감동적...",
    "date": "07.12.24",
    "rating": "10",
    "author": "zeen****",
    "review_id": "2261979",
    "movie_id": "10318"
  },
  {
    "review": "극장안 모든 사람들이 눈물을 흘리면서 봤던..정말 강추",
    "date": "07.04.16",
    "rating": "10",
    "author": "grom****",
    "review_id": "1591797",
    "movie_id": "10318"
  },
  {
    "review": "조아조아조아",
    "date": "07.01.07",
    "rating": "10",
    "author": "jhsh****",
    "review_id": "1364543",
    "movie_id": "10318"
  },
  {
    "review": "나나무스꾸리의 노래가 애잔히 나의 마음을때리던 영화였어요",
    "date": "07.01.07",
    "rating": "10",
    "author": "timm****",
    "review_id": "1363557",
    "movie_id": "10318"
  },
  {
    "review": "84년인가 85년인가에 학교에서 봤다. 추천하고 싶은 영화다",
    "date": "06.12.19",
    "rating": "10",
    "author": "kpeg****",
    "review_id": "1303961",
    "movie_id": "10318"
  },
  {
    "review": "이영화를 검색하는 이가 있을까?..있다면..보셔요..",
    "date": "06.07.17",
    "rating": "10",
    "author": "gain****",
    "review_id": "901185",
    "movie_id": "10318"
  },
  {
    "review": "엔딩이 기대에 못 믿치는...ㅋ",
    "date": "04.05.06",
    "rating": "8",
    "author": "psin****",
    "review_id": "41366",
    "movie_id": "10318"
  }
]