[
  {
    "review": "고딩 때 정은임의 영화음악 라디오로 처음 접했던 작품.. 내 인생의 영화로 등극.. 제프 브리지스.. 미셀파이퍼의 리즈시절.. 데이브 그루신의 멋진 Jazz 선율.. 우리가 또 만날수 있을까?.. 아마 또 보게될거아.. 직감(intuition)이지",
    "date": "15.06.26",
    "rating": "10",
    "author": "danz****",
    "review_id": "10039841",
    "movie_id": "10311"
  },
  {
    "review": "재즈 재즈 재즈.분위기에 취한다",
    "date": "15.06.03",
    "rating": "7",
    "author": "harr****",
    "review_id": "9972274",
    "movie_id": "10311"
  },
  {
    "review": "감정 표현에 서투른 뮤지션의 그럭저럭 인생을 살아가는 이야기.아름다운 선율과 함께.",
    "date": "15.04.29",
    "rating": "10",
    "author": "plan****",
    "review_id": "9877453",
    "movie_id": "10311"
  },
  {
    "review": "미셸 파이퍼 미셸파이퍼 8ㅁ8",
    "date": "15.03.04",
    "rating": "10",
    "author": "goak****",
    "review_id": "9756671",
    "movie_id": "10311"
  },
  {
    "review": "옛 영화 같지 않은, 옛 영화의 낭만이 넘치는 영화. 엄청난 사랑이 이뤄지진 않지만 그래서 더 애틋한 어른들의 사랑.",
    "date": "15.01.11",
    "rating": "10",
    "author": "rite****",
    "review_id": "9585190",
    "movie_id": "10311"
  },
  {
    "review": "그냥 멜로 영화라고 하기엔 심도있는 영화. 음악도 좋고 수지라는 여자 참 매력있다. 미쉘파이퍼 노래실력! ost로 듣고 싶네",
    "date": "14.12.28",
    "rating": "10",
    "author": "tlsd****",
    "review_id": "9530484",
    "movie_id": "10311"
  },
  {
    "review": "케이블에서 밤에 하길래 우연히 봤는데 진짜 몰입해서 열심히 봤어요 영화의 여운이 가시지않아서 계속 찾아보고 너무 좋은영화였습니다. 1989년도 영화라니 세련된 영화였어요",
    "date": "14.06.02",
    "rating": "10",
    "author": "hthu****",
    "review_id": "8786869",
    "movie_id": "10311"
  },
  {
    "review": "주옥같은 곡들이 많이 나오는 영화를 이제서야 봤네요...",
    "date": "14.04.14",
    "rating": "9",
    "author": "wlsg****",
    "review_id": "8650541",
    "movie_id": "10311"
  },
  {
    "review": "제프브리지스,미셜파이퍼의 멋진모습이가득한영화.내가사랑하는영화",
    "date": "13.12.01",
    "rating": "10",
    "author": "wani****",
    "review_id": "8182839",
    "movie_id": "10311"
  },
  {
    "review": "보석같은 영화.  이걸 이제야 보다니.  이게 89년작이라니.",
    "date": "13.09.08",
    "rating": "9",
    "author": "7emp****",
    "review_id": "7960555",
    "movie_id": "10311"
  },
  {
    "review": "이제보니 제프 브리지스는 뮤지션이군",
    "date": "13.09.08",
    "rating": "6",
    "author": "cont****",
    "review_id": "7960466",
    "movie_id": "10311"
  },
  {
    "review": "제목이 이게 뭐야? 행로?? ;;;",
    "date": "13.06.20",
    "rating": "7",
    "author": "tn99****",
    "review_id": "7658693",
    "movie_id": "10311"
  },
  {
    "review": "지금 봐도 멋짐",
    "date": "13.03.20",
    "rating": "10",
    "author": "err6****",
    "review_id": "7373656",
    "movie_id": "10311"
  },
  {
    "review": "매년 연말이면 찾아보게 될 것 같다. 눈과 귀가 행복한 영화. 스토리도 좋다. 결말이 동화적이지 않아서 더 좋았다",
    "date": "12.11.19",
    "rating": "8",
    "author": "cooi****",
    "review_id": "6906638",
    "movie_id": "10311"
  },
  {
    "review": "필감할만한 몰입도높은 드라마",
    "date": "12.09.11",
    "rating": "7",
    "author": "guev****",
    "review_id": "6686911",
    "movie_id": "10311"
  },
  {
    "review": "음악에 취하는 영화.  멋이 있는 영화.",
    "date": "12.08.30",
    "rating": "7",
    "author": "bbob****",
    "review_id": "6656087",
    "movie_id": "10311"
  },
  {
    "review": "재미없다",
    "date": "12.04.28",
    "rating": "3",
    "author": "dbzh****",
    "review_id": "6251387",
    "movie_id": "10311"
  },
  {
    "review": "여운이 최고로 남는 영화",
    "date": "12.03.19",
    "rating": "10",
    "author": "siss****",
    "review_id": "6154349",
    "movie_id": "10311"
  },
  {
    "review": "음악 좋고...미셸파이퍼 너무 아름답고.....정말...최고!",
    "date": "12.03.01",
    "rating": "10",
    "author": "mjmi****",
    "review_id": "6115715",
    "movie_id": "10311"
  },
  {
    "review": "간만에 다시 본 내인생 최고의 영화. 여운이 오래동안 남는 진한 커피향 같은 영화",
    "date": "11.11.15",
    "rating": "10",
    "author": "jin4****",
    "review_id": "5851362",
    "movie_id": "10311"
  },
  {
    "review": "최고!",
    "date": "11.09.28",
    "rating": "10",
    "author": "finn****",
    "review_id": "5758626",
    "movie_id": "10311"
  },
  {
    "review": "분위기는 무겁지만 배우들의 연기가 뛰어나고 재미있는 영화.",
    "date": "11.09.10",
    "rating": "8",
    "author": "jjyn****",
    "review_id": "5719668",
    "movie_id": "10311"
  },
  {
    "review": "음악이 너무 좋은영화. 더불어 자기 인생을 돌아보기도 하고-",
    "date": "11.09.08",
    "rating": "9",
    "author": "jade****",
    "review_id": "5715403",
    "movie_id": "10311"
  },
  {
    "review": "모든것이 최고다ㅠ",
    "date": "11.08.28",
    "rating": "10",
    "author": "hyde****",
    "review_id": "5695059",
    "movie_id": "10311"
  },
  {
    "review": "미쉘 파이퍼가 참 매력적으로 나오는.ㅎ",
    "date": "11.06.25",
    "rating": "7",
    "author": "naeg****",
    "review_id": "5499403",
    "movie_id": "10311"
  },
  {
    "review": "피아노와 매력적인 배우",
    "date": "11.04.26",
    "rating": "9",
    "author": "gmyi****",
    "review_id": "5393202",
    "movie_id": "10311"
  },
  {
    "review": "재즈음악이 너무 좋다",
    "date": "10.09.23",
    "rating": "10",
    "author": "sons****",
    "review_id": "4860531",
    "movie_id": "10311"
  },
  {
    "review": "캐스팅, 연기, 음악, 배경 .. 모든게 좋다",
    "date": "10.08.04",
    "rating": "10",
    "author": "soda****",
    "review_id": "4705245",
    "movie_id": "10311"
  },
  {
    "review": "영화의 모든 요소가 적절하게 잘 배치된 멋진 영화. ^_^",
    "date": "10.07.27",
    "rating": "10",
    "author": "llld****",
    "review_id": "4675818",
    "movie_id": "10311"
  },
  {
    "review": "오랫동안 사랑의 항로라는 제목으로 착각했었지. 미셸 파이퍼땜에 10점",
    "date": "10.04.30",
    "rating": "10",
    "author": "il_d****",
    "review_id": "4467490",
    "movie_id": "10311"
  },
  {
    "review": "배우들 연기가 너무 좋다. 제프 브리지스, 현대차 성우 아카데미상 수상 축하",
    "date": "10.03.16",
    "rating": "10",
    "author": "pami****",
    "review_id": "4360869",
    "movie_id": "10311"
  },
  {
    "review": "그 동안 10점짜리 최고 영화에 1점짜리 최악의 제목이 붙어 있었군.",
    "date": "10.03.14",
    "rating": "10",
    "author": "noma****",
    "review_id": "4357200",
    "movie_id": "10311"
  },
  {
    "review": "모든 것이 완벽한 영화",
    "date": "10.03.14",
    "rating": "10",
    "author": "vlts****",
    "review_id": "4357031",
    "movie_id": "10311"
  },
  {
    "review": "잔잔한 선율의 음악.. 연기.. 외 모든것..  와................ 이런영화가 있었군..",
    "date": "10.03.14",
    "rating": "9",
    "author": "kina****",
    "review_id": "4357018",
    "movie_id": "10311"
  },
  {
    "review": "음악이 너무 아름다워요 저도 이런 영하완전 좋아함 녹하하고 싶었는데 아쉬워요",
    "date": "10.03.14",
    "rating": "10",
    "author": "saib****",
    "review_id": "4357004",
    "movie_id": "10311"
  },
  {
    "review": "주인공이 아이언맨 악당 대머리 머리 기르고 살 빠지니까 매력 철철",
    "date": "10.03.14",
    "rating": "10",
    "author": "neoc****",
    "review_id": "4356997",
    "movie_id": "10311"
  },
  {
    "review": "기대했다가 왕 지루...제니퍼 틸리의 깜찍 등장만이 볼거리.",
    "date": "10.03.14",
    "rating": "1",
    "author": "sykm****",
    "review_id": "4356984",
    "movie_id": "10311"
  },
  {
    "review": "미셸 파이퍼의 요염한 매력과 제프 브리지스의 까리한 멋",
    "date": "10.03.10",
    "rating": "8",
    "author": "bbq2****",
    "review_id": "4347542",
    "movie_id": "10311"
  },
  {
    "review": "이 영화 무척 마음이 드라이해진다. 오디오를 부디 5.1채널로 해놓고 보시길",
    "date": "10.03.04",
    "rating": "10",
    "author": "wonc****",
    "review_id": "4334779",
    "movie_id": "10311"
  },
  {
    "review": "이런 영화 좋아.",
    "date": "09.12.19",
    "rating": "8",
    "author": "repw****",
    "review_id": "4056147",
    "movie_id": "10311"
  },
  {
    "review": "가장 좋아하는 영화중 하나",
    "date": "09.09.23",
    "rating": "10",
    "author": "outf****",
    "review_id": "3845445",
    "movie_id": "10311"
  },
  {
    "review": "최고다",
    "date": "09.04.10",
    "rating": "10",
    "author": "come****",
    "review_id": "3413265",
    "movie_id": "10311"
  },
  {
    "review": "정말 행복했어요 감사해요 미셸 파이퍼와 제프,보 브리지스 음악",
    "date": "09.03.29",
    "rating": "10",
    "author": "cyh5****",
    "review_id": "3393328",
    "movie_id": "10311"
  },
  {
    "review": "미셀파이퍼의 매력에 흠뻑 빠져들만한 영화....굿",
    "date": "09.03.21",
    "rating": "10",
    "author": "gus0****",
    "review_id": "3378938",
    "movie_id": "10311"
  },
  {
    "review": "노래와 미셸의 아름다움이 영화의 질을 끌어올린 작품",
    "date": "09.01.29",
    "rating": "6",
    "author": "deff****",
    "review_id": "3259984",
    "movie_id": "10311"
  },
  {
    "review": "미셸 최고 미쉘파이퍼의 매력이 물씬",
    "date": "08.08.03",
    "rating": "10",
    "author": "kmhh****",
    "review_id": "2829460",
    "movie_id": "10311"
  },
  {
    "review": "미셸 최고~ 쓸쓸하면서도 뜨거운 영화.",
    "date": "08.07.10",
    "rating": "10",
    "author": "cyo_****",
    "review_id": "2753109",
    "movie_id": "10311"
  },
  {
    "review": "제프 브리지스..... 그 스산하면서도 따뜻한 매력도... 잊을 수 없어요",
    "date": "08.06.14",
    "rating": "10",
    "author": "tree****",
    "review_id": "2698361",
    "movie_id": "10311"
  },
  {
    "review": "영화 내용보다..음악과 분위기가 좋다 ㅎ",
    "date": "08.06.12",
    "rating": "10",
    "author": "dj16****",
    "review_id": "2694184",
    "movie_id": "10311"
  },
  {
    "review": "미셸파이퍼가 왜 최고인지 이 쓸쓸한 영화와 배트맨을 보면 안다",
    "date": "08.06.04",
    "rating": "10",
    "author": "post****",
    "review_id": "2679447",
    "movie_id": "10311"
  },
  {
    "review": "매력적인 미셸 파이퍼, 인상적인 형제애 그리고 피아노",
    "date": "08.06.01",
    "rating": "9",
    "author": "leh0****",
    "review_id": "2674795",
    "movie_id": "10311"
  },
  {
    "review": "오늘 EBS서봤는데 너무 좋아. 신비한 그녀의 매력",
    "date": "08.06.01",
    "rating": "10",
    "author": "drea****",
    "review_id": "2674548",
    "movie_id": "10311"
  },
  {
    "review": "끈적끈적하면서도 감미로운 게 음악 진짜 죽이네.",
    "date": "08.06.01",
    "rating": "6",
    "author": "hadl****",
    "review_id": "2674536",
    "movie_id": "10311"
  },
  {
    "review": "재즈, 미셰 파이퍼, 제프, 보 브리지스, 왠지 모를 여운이",
    "date": "08.05.06",
    "rating": "10",
    "author": "zjx8****",
    "review_id": "2620303",
    "movie_id": "10311"
  },
  {
    "review": "오래전 비디오샵에서 빌려보고 재즈선율에 빠져 미셀과 제프의 매력에 빠져...",
    "date": "08.04.16",
    "rating": "9",
    "author": "skys****",
    "review_id": "2583671",
    "movie_id": "10311"
  },
  {
    "review": "노래와 배우가 매력적인 영화..",
    "date": "08.03.25",
    "rating": "10",
    "author": "wind****",
    "review_id": "2542155",
    "movie_id": "10311"
  },
  {
    "review": "무척이나 아름다운 미셸 파이퍼와 명 배우 제프 브리지스만으로도 충분한 영화",
    "date": "07.10.18",
    "rating": "8",
    "author": "v292****",
    "review_id": "2096601",
    "movie_id": "10311"
  },
  {
    "review": "노래가 좋아 끌려와 보았던 오래된 영화...",
    "date": "07.10.14",
    "rating": "8",
    "author": "shin****",
    "review_id": "2090699",
    "movie_id": "10311"
  },
  {
    "review": "촉촉하고 달짝지근한 멜로물, 제니퍼틸리의 애교가 압권",
    "date": "07.09.29",
    "rating": "9",
    "author": "bebe****",
    "review_id": "2058939",
    "movie_id": "10311"
  },
  {
    "review": "많지 않은 재즈영화중에 으뜸이지만 많은 이들이 음악영화라고 생각지 않는다",
    "date": "07.09.07",
    "rating": "10",
    "author": "scri****",
    "review_id": "2005572",
    "movie_id": "10311"
  },
  {
    "review": "음악과 함께 잔잔한 영화..일반 서민들을 볼수있어 좋다",
    "date": "07.08.04",
    "rating": "7",
    "author": "hurr****",
    "review_id": "1867215",
    "movie_id": "10311"
  },
  {
    "review": "재미있어",
    "date": "07.02.26",
    "rating": "10",
    "author": "clou****",
    "review_id": "1502260",
    "movie_id": "10311"
  },
  {
    "review": "노래 잘부르네",
    "date": "06.08.01",
    "rating": "9",
    "author": "zeed****",
    "review_id": "952554",
    "movie_id": "10311"
  },
  {
    "review": "지금은 주연급인 배우 제니퍼틸리의 상큼한 모습을 찾아보세요",
    "date": "05.11.27",
    "rating": "10",
    "author": "doul****",
    "review_id": "487043",
    "movie_id": "10311"
  },
  {
    "review": "제프브리지스와 미쉘파이퍼의 매력이 물씬~",
    "date": "05.10.02",
    "rating": "9",
    "author": "finw****",
    "review_id": "430454",
    "movie_id": "10311"
  },
  {
    "review": "좋은 영화 사랑에 대한 또다른 모습",
    "date": "05.08.19",
    "rating": "7",
    "author": "okjo****",
    "review_id": "374772",
    "movie_id": "10311"
  },
  {
    "review": "느낌 으로 보세요... 참 좋은 영화",
    "date": "05.07.17",
    "rating": "10",
    "author": "css1****",
    "review_id": "324981",
    "movie_id": "10311"
  },
  {
    "review": "결말이왜그러냐고?사랑해보면안다.사랑이란게 핑크빛만은 아니지",
    "date": "05.05.21",
    "rating": "9",
    "author": "rene****",
    "review_id": "283108",
    "movie_id": "10311"
  },
  {
    "review": "단순한 로맨스로 끝나지 않게 만든 배우들과 피아노재즈 선율.",
    "date": "05.05.04",
    "rating": "9",
    "author": "tjsd****",
    "review_id": "270605",
    "movie_id": "10311"
  },
  {
    "review": "결말이 왜 그런가?",
    "date": "05.03.22",
    "rating": "5",
    "author": "rea0****",
    "review_id": "245524",
    "movie_id": "10311"
  },
  {
    "review": "미셸파이퍼의 섹시함이 빛을 발하는 영화.....강추!!",
    "date": "04.07.29",
    "rating": "9",
    "author": "kkan****",
    "review_id": "78961",
    "movie_id": "10311"
  }
]