[
  {
    "review": "정말 아름다운 오드리 헵번..",
    "date": "15.04.25",
    "rating": "8",
    "author": "alem****",
    "review_id": "9865153",
    "movie_id": "10326"
  },
  {
    "review": "치명적인 매력을 갖고 있는 오드리헵번!줄거리는 다소 유치하다.",
    "date": "15.01.27",
    "rating": "9",
    "author": "seru****",
    "review_id": "9643465",
    "movie_id": "10326"
  },
  {
    "review": "사브리나 치명적인 매력을 가지고 있네요",
    "date": "15.01.12",
    "rating": "6",
    "author": "8264****",
    "review_id": "9586198",
    "movie_id": "10326"
  }
]