[
  {
    "review": "영화가 이렇게 오래됐구나.샬롯갱스블루도 나오구...예전에..가슴아프게 봤던기억이..",
    "date": "08.09.09",
    "rating": "8",
    "author": "y500****",
    "review_id": "2932614",
    "movie_id": "10320"
  },
  {
    "review": "아름다운 프랑스영화의 낭만과여운 그리고 좋은 음악들",
    "date": "06.12.10",
    "rating": "10",
    "author": "femm****",
    "review_id": "1281495",
    "movie_id": "10320"
  },
  {
    "review": "음악이 너무 멋진 작품",
    "date": "05.08.23",
    "rating": "10",
    "author": "btmo****",
    "review_id": "380803",
    "movie_id": "10320"
  },
  {
    "review": "지루하고 진지하고..현재는 구하기도 힘든 작품.",
    "date": "04.02.24",
    "rating": "2",
    "author": "jtot****",
    "review_id": "23647",
    "movie_id": "10320"
  }
]