[
  {
    "review": "한명을 죽이면 살인마지만 대량학살을 하면 영웅이 된다라...그 말이 잊혀지지가 않는다",
    "date": "15.07.24",
    "rating": "10",
    "author": "khj0****",
    "review_id": "10136181",
    "movie_id": "10321"
  },
  {
    "review": "천재 채플린, 철학자 채플린",
    "date": "15.03.29",
    "rating": "10",
    "author": "knig****",
    "review_id": "9815478",
    "movie_id": "10321"
  },
  {
    "review": "채플린이 만든 첫번째 유성영화.. 이만한 블랙코미디도 드물다. 대공황기를 배경으로 자본주의로 인해, 비인간화되가는 사람들의 모습을 참으로 재밌고, 재치있게 풍자했다. 슬랩스틱 코미디를 연상시키는 장면들과 뛰어난 각본(대사)들은 압권이다. \"걸작\"",
    "date": "14.07.10",
    "rating": "10",
    "author": "pola****",
    "review_id": "8900695",
    "movie_id": "10321"
  },
  {
    "review": "베르두가 사형성고 받고 마지막에 남긴 말이 정말 귀에서 자꾸 맴돈다.",
    "date": "13.06.25",
    "rating": "10",
    "author": "shim****",
    "review_id": "7677944",
    "movie_id": "10321"
  },
  {
    "review": "채플린은 코미디언이 아니라 천상 배우구나 라고 생각이 드는 작품",
    "date": "13.05.24",
    "rating": "10",
    "author": "mk_l****",
    "review_id": "7551706",
    "movie_id": "10321"
  },
  {
    "review": "채플린이 마냥 웃기다고만 생각했다면 이 영화보기.",
    "date": "13.05.24",
    "rating": "10",
    "author": "r_uz****",
    "review_id": "7551323",
    "movie_id": "10321"
  },
  {
    "review": "또 다른 향의 영화.",
    "date": "13.03.21",
    "rating": "8",
    "author": "dlwo****",
    "review_id": "7381477",
    "movie_id": "10321"
  },
  {
    "review": "채플린이 노익장을 과시한 또 다른 다음작품 살인광 시대. 늙어도 몸놀림과 표정은 여전해 ㅎㅎ",
    "date": "12.10.30",
    "rating": "10",
    "author": "dma9****",
    "review_id": "6836733",
    "movie_id": "10321"
  },
  {
    "review": "시대고발적인 영화치곤 너무 뛰어난 킬러 드라마",
    "date": "10.05.12",
    "rating": "10",
    "author": "jone****",
    "review_id": "4495358",
    "movie_id": "10321"
  },
  {
    "review": "채플린의 냉소가 살아있는 충격적인 자본주의 고발 영화. 이런 채플린도 좋다.",
    "date": "10.04.26",
    "rating": "9",
    "author": "team****",
    "review_id": "4456381",
    "movie_id": "10321"
  },
  {
    "review": "찰리 채플린은 무성영화에서 더욱 빛난다. 그의 번뜩이는 재기가 상실된듯 느껴진다.",
    "date": "10.04.04",
    "rating": "7",
    "author": "kuic****",
    "review_id": "4409380",
    "movie_id": "10321"
  },
  {
    "review": "고전적 잔인 코믹 명작 영화",
    "date": "10.03.31",
    "rating": "10",
    "author": "doct****",
    "review_id": "4400534",
    "movie_id": "10321"
  },
  {
    "review": "Fulfill your destiny. 마지막 그의 모습에서 전율을 느낀다.",
    "date": "10.03.13",
    "rating": "8",
    "author": "kusa****",
    "review_id": "4352773",
    "movie_id": "10321"
  },
  {
    "review": "영화가 다소 지루하고, 청춘에 찰리 채플리ㅏㄴ의 모습을 찾아보기 힘들다 ㅠㅠ",
    "date": "09.12.26",
    "rating": "7",
    "author": "thin****",
    "review_id": "4086065",
    "movie_id": "10321"
  },
  {
    "review": "유성영화 시대에 채플린은 실패했다. 이 따분하기만 한 작품이 그 증거다.",
    "date": "09.08.23",
    "rating": "6",
    "author": "paus****",
    "review_id": "3779433",
    "movie_id": "10321"
  },
  {
    "review": "이런저런 사회적의미를 찾지않아도 충분히 재미있다",
    "date": "08.12.24",
    "rating": "10",
    "author": "adel****",
    "review_id": "3144084",
    "movie_id": "10321"
  },
  {
    "review": "살인이 직업일수밖에 없는 씁쓸한 시대의 고발.",
    "date": "08.12.21",
    "rating": "10",
    "author": "eley****",
    "review_id": "3134519",
    "movie_id": "10321"
  },
  {
    "review": "치밀한 살인광으로의 변신, 그러나 긴박한 이야기 전개 덕에 웃음은 줄었다.",
    "date": "08.11.24",
    "rating": "10",
    "author": "fres****",
    "review_id": "3069280",
    "movie_id": "10321"
  },
  {
    "review": "지금봐도 어색하지 않은 천재의 영화",
    "date": "08.07.25",
    "rating": "9",
    "author": "no1a****",
    "review_id": "2800763",
    "movie_id": "10321"
  },
  {
    "review": "한 명을 죽이면 살인범이지만, 수백명을 죽이면 영웅이 되죠..",
    "date": "08.07.04",
    "rating": "10",
    "author": "k641****",
    "review_id": "2739087",
    "movie_id": "10321"
  },
  {
    "review": "정말최고의영화",
    "date": "08.05.24",
    "rating": "10",
    "author": "tksk****",
    "review_id": "2660794",
    "movie_id": "10321"
  },
  {
    "review": "그가 말하는 공황과 전쟁의 시대유감.",
    "date": "07.07.20",
    "rating": "8",
    "author": "hadl****",
    "review_id": "1794186",
    "movie_id": "10321"
  },
  {
    "review": "자본주의에 대한 완벽한 풍자 현실은 살인광 시대이다",
    "date": "06.10.07",
    "rating": "7",
    "author": "okjo****",
    "review_id": "1168096",
    "movie_id": "10321"
  },
  {
    "review": "재밌다 지금봐도",
    "date": "06.09.20",
    "rating": "10",
    "author": "dark****",
    "review_id": "1134370",
    "movie_id": "10321"
  },
  {
    "review": "채플린의 통찰력이 빚어낸 풍자 코미디의 \"걸작\"",
    "date": "06.09.07",
    "rating": "10",
    "author": "movi****",
    "review_id": "1109001",
    "movie_id": "10321"
  },
  {
    "review": "지금 봐도 무방하다",
    "date": "06.07.28",
    "rating": "10",
    "author": "zeed****",
    "review_id": "932303",
    "movie_id": "10321"
  },
  {
    "review": "채플린이란 천재가 만든영환데",
    "date": "06.05.19",
    "rating": "10",
    "author": "jing****",
    "review_id": "806876",
    "movie_id": "10321"
  },
  {
    "review": "자본주의 풍자고 나발이고 일단 재미가 없다.",
    "date": "06.02.05",
    "rating": "1",
    "author": "gkdl****",
    "review_id": "649236",
    "movie_id": "10321"
  },
  {
    "review": "채플린 미국추방 일등공신의 자본주의사회 풍자영화.",
    "date": "05.10.19",
    "rating": "9",
    "author": "tjsd****",
    "review_id": "447435",
    "movie_id": "10321"
  },
  {
    "review": "자본주의 사회에 대한 통렬한 성찰... 오늘날에도 유한한...",
    "date": "05.05.25",
    "rating": "10",
    "author": "ccsy****",
    "review_id": "286293",
    "movie_id": "10321"
  },
  {
    "review": "명장면:보트 위에 살인 미수 씬...명대사:`숫자가 정당화 한다`",
    "date": "04.12.19",
    "rating": "10",
    "author": "qufs****",
    "review_id": "165633",
    "movie_id": "10321"
  }
]