[
  {
    "review": "30년대 영화의 무법자 학살극",
    "date": "15.05.10",
    "rating": "9",
    "author": "qmfk****",
    "review_id": "9908494",
    "movie_id": "10329"
  },
  {
    "review": "2년간 심의에 걸려서 고치고 고쳐 내놓은 영화라고함, 마치 사회고발을 하는 듯한 부제까지 달고서 경찰관이 직접적으로 갱과 사회를 비판하는 내용은 후에 추가된 것으로 보이지. 영화도 짧다는 생각이 들고. 원본은 어떤 영화였을지 궁금하다. 아까운 작품.",
    "date": "15.01.11",
    "rating": "7",
    "author": "pela****",
    "review_id": "9583885",
    "movie_id": "10329"
  },
  {
    "review": "거리에서 기관총 세례가 난무하던 알 카포네의 시대를 동시대적 관점에서 재현하다.  특히 인상적인 발렌타인데이 대학살의 재현 장면.",
    "date": "14.12.24",
    "rating": "8",
    "author": "desc****",
    "review_id": "9506159",
    "movie_id": "10329"
  },
  {
    "review": "대부를 이을 최고 갱스터 영화",
    "date": "14.03.05",
    "rating": "8",
    "author": "534k****",
    "review_id": "8557305",
    "movie_id": "10329"
  },
  {
    "review": "1932년에 이런 완성도 높은 영화가...",
    "date": "14.01.21",
    "rating": "8",
    "author": "ykdi****",
    "review_id": "8408236",
    "movie_id": "10329"
  },
  {
    "review": "최고의 갱스터영화.",
    "date": "13.08.08",
    "rating": "10",
    "author": "bayd****",
    "review_id": "7858816",
    "movie_id": "10329"
  },
  {
    "review": "마초적 본능을 들끓게 하는 갱스터 서사의 원형",
    "date": "12.09.10",
    "rating": "6",
    "author": "rd72****",
    "review_id": "6686239",
    "movie_id": "10329"
  },
  {
    "review": "전개도 빠르고 급박하면서도 담을 건 다 담고 있다.",
    "date": "11.11.25",
    "rating": "7",
    "author": "hadl****",
    "review_id": "5869877",
    "movie_id": "10329"
  },
  {
    "review": "이것이 최초의 갱스터 영화",
    "date": "11.11.21",
    "rating": "8",
    "author": "figh****",
    "review_id": "5864270",
    "movie_id": "10329"
  },
  {
    "review": "토니같은 넘들은 그냥 싸이코패스일뿐이었다.",
    "date": "11.06.05",
    "rating": "9",
    "author": "icec****",
    "review_id": "5465957",
    "movie_id": "10329"
  },
  {
    "review": "간만에 훌륭한 작품봤다...당시 시대상을 감안한다면 진짜 수작이다!느와르 걸작",
    "date": "11.01.24",
    "rating": "8",
    "author": "thra****",
    "review_id": "5180019",
    "movie_id": "10329"
  },
  {
    "review": "↓↓↓ 30년대 영화 못 볼 이유는 또 뭐냐? ㅉㅉ~",
    "date": "10.09.13",
    "rating": "8",
    "author": "undo****",
    "review_id": "4834183",
    "movie_id": "10329"
  },
  {
    "review": "morbidsaint, redondolove 영화볼줄모르는넘들같네요",
    "date": "10.08.03",
    "rating": "10",
    "author": "sant****",
    "review_id": "4702594",
    "movie_id": "10329"
  },
  {
    "review": "↓↓ ㅄ 인증하네. 10, 20년대 무성영화도 보는데 겨우 32년이면 최신영화아니냐 ㅋㅋ",
    "date": "10.06.13",
    "rating": "10",
    "author": "zemy****",
    "review_id": "4562681",
    "movie_id": "10329"
  },
  {
    "review": "야 니들 솔직히 말해라. 니들이 32년작을 봤다고? 그냥 좋다니까 따라준게 아니고??",
    "date": "10.04.16",
    "rating": "1",
    "author": "redo****",
    "review_id": "4435861",
    "movie_id": "10329"
  },
  {
    "review": "모든면에서 갱스터 영화의 교과서라고 칭할 만하다.",
    "date": "10.04.06",
    "rating": "8",
    "author": "team****",
    "review_id": "4416434",
    "movie_id": "10329"
  },
  {
    "review": "morbidsaint// 바본가? 32년작이다. 생각을 좀 하고 봐라",
    "date": "09.08.17",
    "rating": "10",
    "author": "jin_****",
    "review_id": "3758934",
    "movie_id": "10329"
  },
  {
    "review": "32년작의 한계가 고스란히 보이는, 솔직히 보고있기 괴로웠음. 9,10점준놈들은 대체",
    "date": "09.02.18",
    "rating": "1",
    "author": "morb****",
    "review_id": "3313397",
    "movie_id": "10329"
  },
  {
    "review": "리메이크판 보다 못하다고 생각한다. 다소 실망이 큰 작품.",
    "date": "08.12.29",
    "rating": "7",
    "author": "pola****",
    "review_id": "3165570",
    "movie_id": "10329"
  },
  {
    "review": "고전 중의 고전 느와르. 리메이크작 보다 훨씬 낫다.",
    "date": "08.08.03",
    "rating": "8",
    "author": "kusa****",
    "review_id": "2828991",
    "movie_id": "10329"
  },
  {
    "review": "재미있어요",
    "date": "08.07.25",
    "rating": "8",
    "author": "enia****",
    "review_id": "2801228",
    "movie_id": "10329"
  },
  {
    "review": "The Shame of a Nation, 살인을 일삼는 갱의 말로... 자동차추격신이 너무나 놀랍다",
    "date": "08.04.10",
    "rating": "8",
    "author": "sioh****",
    "review_id": "2571603",
    "movie_id": "10329"
  },
  {
    "review": "각본, 연출, 연기, 메시지까지 4박자를 고루 갖춘 갱스터 느와르 무비의 고전 걸작!!",
    "date": "08.03.26",
    "rating": "10",
    "author": "skcl****",
    "review_id": "2542786",
    "movie_id": "10329"
  },
  {
    "review": "영화의 역사에 함께할 작품",
    "date": "07.10.31",
    "rating": "9",
    "author": "vhzm****",
    "review_id": "2125014",
    "movie_id": "10329"
  },
  {
    "review": "부패한 주인공이 부패한 세상에 대한 매료와 반감을 멋들어지게 뒤썩다",
    "date": "07.03.17",
    "rating": "10",
    "author": "oklo****",
    "review_id": "1538290",
    "movie_id": "10329"
  },
  {
    "review": "지금 보려고 하는데 감히 평점 먼저 달고싶다",
    "date": "07.01.22",
    "rating": "9",
    "author": "mrxx****",
    "review_id": "1406290",
    "movie_id": "10329"
  },
  {
    "review": "갱스터 무비의 교과서적인 영화",
    "date": "06.09.19",
    "rating": "9",
    "author": "toad****",
    "review_id": "1132384",
    "movie_id": "10329"
  },
  {
    "review": "분명영화는퇴하하고있다그시대에이정도면",
    "date": "06.09.02",
    "rating": "10",
    "author": "rkdt****",
    "review_id": "1095699",
    "movie_id": "10329"
  },
  {
    "review": "갱스터 영화의 전형을 제시한 기념비적인 \"걸작\"",
    "date": "06.08.22",
    "rating": "10",
    "author": "movi****",
    "review_id": "1068704",
    "movie_id": "10329"
  },
  {
    "review": "재미와 빠른 전개, 연출,연기가 상당히 좋다!!",
    "date": "06.08.21",
    "rating": "9",
    "author": "jshj****",
    "review_id": "1066314",
    "movie_id": "10329"
  },
  {
    "review": "30년대에 이런 영화가... 놀랍다.. 특히 폴 무니.. 멋져!",
    "date": "06.08.05",
    "rating": "9",
    "author": "lshp****",
    "review_id": "974719",
    "movie_id": "10329"
  },
  {
    "review": "와!! 32년에 이런 영화를 만들수 있었다니!! 명배우 폴 무니!!",
    "date": "06.04.11",
    "rating": "10",
    "author": "inno****",
    "review_id": "757253",
    "movie_id": "10329"
  },
  {
    "review": "드 팔마의 스카페페이스와 언터처블의 근안. 황홀한 느와르!!",
    "date": "06.03.08",
    "rating": "10",
    "author": "jals****",
    "review_id": "709036",
    "movie_id": "10329"
  },
  {
    "review": "정말 군더더기가 없네. 사나인 스트레이트~!",
    "date": "06.01.21",
    "rating": "8",
    "author": "palm****",
    "review_id": "608500",
    "movie_id": "10329"
  },
  {
    "review": "\"모래시계\" ; `나 떨고 있니?`",
    "date": "05.01.08",
    "rating": "9",
    "author": "dio3****",
    "review_id": "179970",
    "movie_id": "10329"
  }
]