[
  {
    "review": "애절한 이루어질 수 없는 사랑을 그리고, 음악이 더 유명한 영화",
    "date": "15.08.07",
    "rating": "9",
    "author": "clie****",
    "review_id": "10196298",
    "movie_id": "10331"
  },
  {
    "review": "식욕만큼이나 그들에겐 기본적 욕구였던 사랑",
    "date": "15.08.04",
    "rating": "6",
    "author": "bbq2****",
    "review_id": "10182784",
    "movie_id": "10331"
  },
  {
    "review": "모짜르트의 피아노 협주곡 21번밖에 기억이 안났던 영화...주말의 명화에서 보고 다시 봤지만 로맨스는 정말 나랑 안맞음...전체적으로 지루함",
    "date": "15.06.03",
    "rating": "5",
    "author": "thra****",
    "review_id": "9971747",
    "movie_id": "10331"
  },
  {
    "review": "결국 둘다 죽네요 그놈의 사랑이 무엇인지 에휴",
    "date": "15.02.10",
    "rating": "9",
    "author": "kpor****",
    "review_id": "9684653",
    "movie_id": "10331"
  },
  {
    "review": "아주 오랫동안 가슴속에 남아있는 그 마지막 장면과 모짜르트의 음악..",
    "date": "14.12.29",
    "rating": "10",
    "author": "ld30****",
    "review_id": "9533267",
    "movie_id": "10331"
  },
  {
    "review": "90년대 어릴적 주말의 명화로 보고 영상으로만 기억하다가 우연히 찾아서 다시봤네요~ 정말 최고의 명작입니다~",
    "date": "14.09.01",
    "rating": "10",
    "author": "mari****",
    "review_id": "9153989",
    "movie_id": "10331"
  },
  {
    "review": "20년이 훨씬 지난 지금 아직도 마디간에 버금가는 영화를 만나지 못했다.실화여서 더욱 가슴저리고 아름다운 사랑",
    "date": "14.08.12",
    "rating": "10",
    "author": "chm3****",
    "review_id": "9072707",
    "movie_id": "10331"
  },
  {
    "review": "부장님이 강력 추천 영화!!",
    "date": "14.06.12",
    "rating": "10",
    "author": "asdy****",
    "review_id": "8822916",
    "movie_id": "10331"
  },
  {
    "review": "여주인공의 처음이자 마지막 영화였지..",
    "date": "14.01.06",
    "rating": "10",
    "author": "dive****",
    "review_id": "8354694",
    "movie_id": "10331"
  },
  {
    "review": "20세기  내가 본 최고의 영화",
    "date": "13.11.13",
    "rating": "10",
    "author": "clef****",
    "review_id": "8135115",
    "movie_id": "10331"
  },
  {
    "review": "영화보다 아름다운 음악....  스토리보다 진한 추억",
    "date": "13.09.16",
    "rating": "9",
    "author": "jika****",
    "review_id": "7987670",
    "movie_id": "10331"
  },
  {
    "review": "아름다운 사랑을 상상해준 영화중에 하나 었던것 같은데.. 모짜르트의 피아노 연주를 들으면 아직도 영화의 장면들이 스르르",
    "date": "13.07.10",
    "rating": "9",
    "author": "dark****",
    "review_id": "7722027",
    "movie_id": "10331"
  },
  {
    "review": "스웨덴 남녀의 순수한 청춘 로맨스와 한가로운 유럽의 자연, 이들을 한층 더 격높게 만드는 클래식. 그러나 현실이 어렵다고 자살하는 남녀는 나약한 그들의 자화상일뿐.",
    "date": "13.03.05",
    "rating": "10",
    "author": "godo****",
    "review_id": "7326409",
    "movie_id": "10331"
  },
  {
    "review": "세간의 평이 좋길래, 기대했더니만;이건 그냥 막장불륜스토리일뿐...",
    "date": "12.12.22",
    "rating": "4",
    "author": "cngp****",
    "review_id": "7030166",
    "movie_id": "10331"
  },
  {
    "review": "실화를 베이스로 했다는 것과 '모짜르트의 피아노 협주곡 21번'충분히 매력적으로 다가왔던 영화. 중요한 건 위 두 가지 떡밥을 알기 전과 알고나서 본 후의 느낌이 틀리다는 비겁한 감정 ...;;",
    "date": "12.11.08",
    "rating": "8",
    "author": "youn****",
    "review_id": "6867354",
    "movie_id": "10331"
  },
  {
    "review": "마지막 소풍을 떠나면서 .. 집주인에게 머리핀을 방세로 내며 미안해 하는 마음,  무명씨로 주검이 처리 되지 않기 위해 주인남자에게 자신의 이름을 말해주는 씩쓰틴... 지금은 찾아볼 수 없는 감성을 느껴보고 싶다면 한번 보세요.",
    "date": "12.10.09",
    "rating": "9",
    "author": "aust****",
    "review_id": "6776382",
    "movie_id": "10331"
  },
  {
    "review": "슬프고 우울함이 컸던 영화이다. 그리고 예상된 결말이 뻔하다는 것보다는 아린마음이 컸다.",
    "date": "12.07.26",
    "rating": "6",
    "author": "clev****",
    "review_id": "6537393",
    "movie_id": "10331"
  },
  {
    "review": "음악이랑 빛나는 미모 외에는 볼 게 없음.... 아름다운 사랑이라는 건 누가 정의함? 내게는 아름답지 않았음",
    "date": "12.07.21",
    "rating": "3",
    "author": "kand****",
    "review_id": "6508341",
    "movie_id": "10331"
  },
  {
    "review": "남자가여자를사살한이유는가장행복한순간에그녀를영원히머무르게하고싶었기 때문임",
    "date": "12.02.06",
    "rating": "8",
    "author": "hack****",
    "review_id": "6057493",
    "movie_id": "10331"
  },
  {
    "review": "여주 린제이 로한 닮았다. 전체적인 분위기나 배경은 좋았지만 내용은 지루했다.",
    "date": "11.11.09",
    "rating": "3",
    "author": "girl****",
    "review_id": "5838594",
    "movie_id": "10331"
  },
  {
    "review": "기억에 오래도록 남을 영화",
    "date": "11.10.20",
    "rating": "10",
    "author": "equa****",
    "review_id": "5799366",
    "movie_id": "10331"
  },
  {
    "review": "여운의 총성소리..",
    "date": "11.09.14",
    "rating": "7",
    "author": "rock****",
    "review_id": "5732217",
    "movie_id": "10331"
  },
  {
    "review": "불륜과 배고픈 사랑은 비참한 최후를 맞이한다는 정석적인 스토리와 알파 주인공 미모",
    "date": "11.03.30",
    "rating": "8",
    "author": "kimg****",
    "review_id": "5343641",
    "movie_id": "10331"
  },
  {
    "review": "모짜르트의 음악이 참 아르다웠던....",
    "date": "11.03.28",
    "rating": "10",
    "author": "soon****",
    "review_id": "5339519",
    "movie_id": "10331"
  },
  {
    "review": "호불호가 갈릴수도 있는 영화인 것 같다. 하지만 나에겐 10점이 아깝지 않은..",
    "date": "11.03.14",
    "rating": "10",
    "author": "univ****",
    "review_id": "5314149",
    "movie_id": "10331"
  },
  {
    "review": "Pia Degermark만 예뻤던 영화.",
    "date": "11.01.26",
    "rating": "9",
    "author": "wend****",
    "review_id": "5185311",
    "movie_id": "10331"
  },
  {
    "review": "여주인공의 미모에 보았던 영화. 정말 예쁘다는...",
    "date": "11.01.17",
    "rating": "10",
    "author": "sund****",
    "review_id": "5163571",
    "movie_id": "10331"
  },
  {
    "review": "역시 보 비더버그",
    "date": "10.12.13",
    "rating": "9",
    "author": "5292****",
    "review_id": "5051704",
    "movie_id": "10331"
  },
  {
    "review": "인상파 그림같은...",
    "date": "10.09.08",
    "rating": "10",
    "author": "pm04****",
    "review_id": "4823192",
    "movie_id": "10331"
  },
  {
    "review": "슬픔이 베어있는 유화 같은 영화",
    "date": "10.09.02",
    "rating": "8",
    "author": "empt****",
    "review_id": "4811458",
    "movie_id": "10331"
  },
  {
    "review": "지루했는데,그래도눈을뗄수가없더라.",
    "date": "10.08.28",
    "rating": "7",
    "author": "yhr_****",
    "review_id": "4800445",
    "movie_id": "10331"
  },
  {
    "review": "비록불륜이지만..그들에사랑은미워할수없다...",
    "date": "10.07.14",
    "rating": "8",
    "author": "nimi****",
    "review_id": "4639616",
    "movie_id": "10331"
  },
  {
    "review": "여자:스칼렛요한슨+린제이로한 남자:키아누리브스첨에는지루했는데나중에는얼굴만봤음",
    "date": "10.06.28",
    "rating": "6",
    "author": "nari****",
    "review_id": "4596653",
    "movie_id": "10331"
  },
  {
    "review": "지루,재미도 없음. 짜증남. 바람난놈년 얘기. 남자 마누라랑 새끼들은 생각도 안하나",
    "date": "10.06.11",
    "rating": "1",
    "author": "psy9****",
    "review_id": "4559425",
    "movie_id": "10331"
  },
  {
    "review": "목숨바친 사랑.. 끝이 슬프지만 멋진 사랑",
    "date": "10.04.25",
    "rating": "10",
    "author": "chae****",
    "review_id": "4455600",
    "movie_id": "10331"
  },
  {
    "review": "적절한 러닝타임에 적절한 마지막장면까지",
    "date": "10.02.05",
    "rating": "10",
    "author": "dw40****",
    "review_id": "4250306",
    "movie_id": "10331"
  },
  {
    "review": "이런사랑 해보고 싶다.",
    "date": "09.12.10",
    "rating": "10",
    "author": "tjsr****",
    "review_id": "4031934",
    "movie_id": "10331"
  },
  {
    "review": "사랑을 모른다면 지루하게느껴질수있다...함께살수없다면..결국동반자살...",
    "date": "09.12.09",
    "rating": "10",
    "author": "gmrr****",
    "review_id": "4029890",
    "movie_id": "10331"
  },
  {
    "review": "재밌다",
    "date": "09.12.07",
    "rating": "10",
    "author": "eek5****",
    "review_id": "4023223",
    "movie_id": "10331"
  },
  {
    "review": "여자의 먹성을 감당하지 못해서 온 비극. 그나저나 엘비라 졸라 예쁘다. @.@",
    "date": "09.12.06",
    "rating": "8",
    "author": "bepl****",
    "review_id": "4022133",
    "movie_id": "10331"
  },
  {
    "review": "불륜을 선택한 남녀주인공의 처참한 생활상을 잘 표현한 작품인거 같에요.",
    "date": "09.12.05",
    "rating": "5",
    "author": "chm1****",
    "review_id": "4018259",
    "movie_id": "10331"
  },
  {
    "review": "사랑은아름답지만현실앞에선무력하다. 마지막정지장면이가슴을아리게만드는영화.",
    "date": "09.11.29",
    "rating": "9",
    "author": "prot****",
    "review_id": "4002434",
    "movie_id": "10331"
  },
  {
    "review": "사랑만으로 모든 걸 견딜수는 있다.. 다만 두 남녀의 선택은 결국 파멸을 의미한다\"",
    "date": "09.10.08",
    "rating": "10",
    "author": "dlgo****",
    "review_id": "3879857",
    "movie_id": "10331"
  },
  {
    "review": "그 환상적인 배경과 슬프디 슬픈,이야기 중 마지막 총성이 지금까지 음악으로....",
    "date": "09.10.03",
    "rating": "10",
    "author": "mina****",
    "review_id": "3868536",
    "movie_id": "10331"
  },
  {
    "review": "어린 시절 주말의 명화에서 봤던 그 잊혀지지 않는 아련한 기억만큼 아름다웠던...",
    "date": "09.07.21",
    "rating": "10",
    "author": "3151****",
    "review_id": "3653974",
    "movie_id": "10331"
  },
  {
    "review": "아주오래전 봤던 영환데 생각나서 검색했더니 기억하는 분 많네...귓가에 생생한ost..",
    "date": "09.07.18",
    "rating": "9",
    "author": "copy****",
    "review_id": "3644051",
    "movie_id": "10331"
  },
  {
    "review": "야! 이게 70년대도 아니고 60년대 영화였네;; ㅌㅌ",
    "date": "09.06.30",
    "rating": "8",
    "author": "undo****",
    "review_id": "3602456",
    "movie_id": "10331"
  },
  {
    "review": "마지막 총성에서 심장이 멎는줄 알았다.. \"사랑만으론 살수 없어요\"",
    "date": "09.06.14",
    "rating": "10",
    "author": "skrt****",
    "review_id": "3565033",
    "movie_id": "10331"
  },
  {
    "review": "사랑을 모르는 사람을 이해못함.",
    "date": "09.06.14",
    "rating": "10",
    "author": "ohne****",
    "review_id": "3564573",
    "movie_id": "10331"
  },
  {
    "review": "아름다운 영화",
    "date": "09.06.13",
    "rating": "8",
    "author": "llpo****",
    "review_id": "3563817",
    "movie_id": "10331"
  },
  {
    "review": "약간 졸리긴 했지만..한편의 그림 하나하나를 담아낸듯한....ㅠ0ㅠ",
    "date": "09.06.13",
    "rating": "9",
    "author": "milk****",
    "review_id": "3562287",
    "movie_id": "10331"
  },
  {
    "review": "영화를 보는 내내 진짜 연인을 훔쳐보는 듯한 기분이 들었다.",
    "date": "09.06.13",
    "rating": "10",
    "author": "7cas****",
    "review_id": "3561700",
    "movie_id": "10331"
  },
  {
    "review": "명작 멜로로 저를 녹이네요.실화라니 귓가를 맴도는 총성이 언제까지 이어질까요",
    "date": "09.03.20",
    "rating": "10",
    "author": "ggon****",
    "review_id": "3375838",
    "movie_id": "10331"
  },
  {
    "review": "진짜 보통지루한게아니다....평점 너무 높아",
    "date": "09.02.28",
    "rating": "3",
    "author": "hena****",
    "review_id": "3339884",
    "movie_id": "10331"
  },
  {
    "review": "사랑만 가지고는 살 수 없어요",
    "date": "09.01.29",
    "rating": "10",
    "author": "jmp0****",
    "review_id": "3260479",
    "movie_id": "10331"
  },
  {
    "review": "아름다운 영화란 바로 이런것.",
    "date": "09.01.27",
    "rating": "10",
    "author": "min6****",
    "review_id": "3255142",
    "movie_id": "10331"
  },
  {
    "review": "삼십여년전동안 이보다 더 가슴을 저미는 영화는 없다고 생각한다.",
    "date": "08.12.09",
    "rating": "10",
    "author": "jour****",
    "review_id": "3102609",
    "movie_id": "10331"
  },
  {
    "review": "시대를 초월하지는 못한, 그냥 괜찮았을 멜로",
    "date": "08.10.20",
    "rating": "7",
    "author": "shcj****",
    "review_id": "3009748",
    "movie_id": "10331"
  },
  {
    "review": "음... 고득점을 주기엔 약간 뭔가가 부족하다",
    "date": "08.10.19",
    "rating": "7",
    "author": "seve****",
    "review_id": "3008269",
    "movie_id": "10331"
  },
  {
    "review": "이 영화를 본지 20년이 지난 지금까지도 더 나은 영화를 본적이 없네요.",
    "date": "08.10.05",
    "rating": "10",
    "author": "rosu****",
    "review_id": "2984251",
    "movie_id": "10331"
  },
  {
    "review": "슬프면서도 아름다운 사랑의 이야기",
    "date": "08.08.30",
    "rating": "10",
    "author": "herb****",
    "review_id": "2910920",
    "movie_id": "10331"
  },
  {
    "review": "아름답다라고 밖에 표현할 수 없는 영화 입니다.",
    "date": "08.07.16",
    "rating": "10",
    "author": "suni****",
    "review_id": "2768278",
    "movie_id": "10331"
  },
  {
    "review": "사랑 하나만으로는 불가능한 삶...",
    "date": "08.07.15",
    "rating": "6",
    "author": "egyp****",
    "review_id": "2764920",
    "movie_id": "10331"
  },
  {
    "review": "지금까지 봤던 사랑영화중 최고라는 말에 공감",
    "date": "08.05.12",
    "rating": "10",
    "author": "farf****",
    "review_id": "2634354",
    "movie_id": "10331"
  },
  {
    "review": "마지막장면이여운을남기긴했지만 전체적으로봤을때약간쌩뚱맞은영화였다..ㄱ-",
    "date": "08.03.09",
    "rating": "5",
    "author": "azum****",
    "review_id": "2512444",
    "movie_id": "10331"
  },
  {
    "review": "이영화 몇년전에 봤었는데 오래도록 기억하고 있죠...마지막장면에서..울었던 기억이",
    "date": "08.03.07",
    "rating": "10",
    "author": "oran****",
    "review_id": "2507523",
    "movie_id": "10331"
  },
  {
    "review": "아놔 이영화가 좋다는사람들..   웃겼습니다. ㅎㅎ",
    "date": "08.03.07",
    "rating": "3",
    "author": "slow****",
    "review_id": "2506924",
    "movie_id": "10331"
  },
  {
    "review": "ㅠㅠ 슬프네요,,, 영상도 좋구,, 마음이 아파오는영화,,,",
    "date": "08.02.26",
    "rating": "10",
    "author": "spoq****",
    "review_id": "2486241",
    "movie_id": "10331"
  },
  {
    "review": "90년대 초 주말의명화에서 본것같은데 아직까지 간간히 생각나는 너무나 아름다운영화",
    "date": "08.02.22",
    "rating": "10",
    "author": "km77****",
    "review_id": "2472946",
    "movie_id": "10331"
  },
  {
    "review": "본지OOO..다시봐도감동..디거마크는영원한엘비라마디간..영화음악에가슴이에인다.",
    "date": "08.02.20",
    "rating": "10",
    "author": "bs75****",
    "review_id": "2465129",
    "movie_id": "10331"
  },
  {
    "review": "사랑영화중에 최고의 영화입니다.",
    "date": "08.01.09",
    "rating": "10",
    "author": "smir****",
    "review_id": "2312025",
    "movie_id": "10331"
  },
  {
    "review": "지루함",
    "date": "07.11.29",
    "rating": "2",
    "author": "qhde****",
    "review_id": "2193080",
    "movie_id": "10331"
  },
  {
    "review": "너무나 아름답고 잔잔해서 더 비참한 결말. 현실이란...",
    "date": "07.11.02",
    "rating": "8",
    "author": "haut****",
    "review_id": "2127402",
    "movie_id": "10331"
  },
  {
    "review": "내인생에서 가장 아름다운 영화 이루말할수없을만큼...",
    "date": "07.06.21",
    "rating": "10",
    "author": "thfk****",
    "review_id": "1712615",
    "movie_id": "10331"
  },
  {
    "review": "달콤할 것만같던 사랑의 도피도 현실적인 것에선 벗어날 수 없다. 풍경 굿",
    "date": "07.04.17",
    "rating": "8",
    "author": "jury****",
    "review_id": "1593718",
    "movie_id": "10331"
  },
  {
    "review": "모네의 그림들처럼 아름다웠던 영상,,",
    "date": "07.04.15",
    "rating": "9",
    "author": "naeg****",
    "review_id": "1589613",
    "movie_id": "10331"
  },
  {
    "review": "낡디 낡은 한편의 후줄근한 로맨스, 빈약한 구성력에 혀를 내두른다.",
    "date": "07.04.10",
    "rating": "3",
    "author": "down****",
    "review_id": "1581793",
    "movie_id": "10331"
  },
  {
    "review": "나의 예술영화 입문작;; 아직도 가슴이 저며지는 아픔이....",
    "date": "07.04.02",
    "rating": "10",
    "author": "kidw****",
    "review_id": "1568214",
    "movie_id": "10331"
  },
  {
    "review": "도피. 마지막 불멸의 이미지.",
    "date": "07.03.07",
    "rating": "9",
    "author": "dela****",
    "review_id": "1523287",
    "movie_id": "10331"
  },
  {
    "review": "고요한 영화... 음악만큼은 잊을수 없는 영화...",
    "date": "07.03.04",
    "rating": "7",
    "author": "lomo****",
    "review_id": "1518681",
    "movie_id": "10331"
  },
  {
    "review": "말없이 고요히 슬프다. 실화라니..",
    "date": "07.01.31",
    "rating": "8",
    "author": "flyi****",
    "review_id": "1428876",
    "movie_id": "10331"
  },
  {
    "review": "아름다운 영상미, 너무나도 잘 어울리는 모짜르트의 곡까지...",
    "date": "06.12.25",
    "rating": "8",
    "author": "sioh****",
    "review_id": "1325511",
    "movie_id": "10331"
  },
  {
    "review": "평점에 낚였다는 생각밖에 안드는 영화",
    "date": "06.12.05",
    "rating": "4",
    "author": "tise****",
    "review_id": "1268518",
    "movie_id": "10331"
  },
  {
    "review": "숨어있던 보석같은 영화.. 아름답다..",
    "date": "06.12.01",
    "rating": "10",
    "author": "riol****",
    "review_id": "1261715",
    "movie_id": "10331"
  },
  {
    "review": "지루하다.",
    "date": "06.10.20",
    "rating": "6",
    "author": "eorn****",
    "review_id": "1190780",
    "movie_id": "10331"
  },
  {
    "review": "영화의 화면과 배경이 인상적이던 영화...",
    "date": "06.07.24",
    "rating": "10",
    "author": "oneo****",
    "review_id": "918038",
    "movie_id": "10331"
  },
  {
    "review": "이런 수준높은 영화가 60년대에  .. 모짤트의 피아노협주곡...",
    "date": "06.07.06",
    "rating": "10",
    "author": "kohb****",
    "review_id": "872809",
    "movie_id": "10331"
  },
  {
    "review": "깡패영화나 보지말고 이런 영화 좀 봐라들 알았냐?",
    "date": "06.05.20",
    "rating": "10",
    "author": "assh****",
    "review_id": "807771",
    "movie_id": "10331"
  },
  {
    "review": "음악때문에 잊을 수 없는 영화~",
    "date": "06.01.11",
    "rating": "7",
    "author": "nons****",
    "review_id": "578767",
    "movie_id": "10331"
  },
  {
    "review": "깔끔한 영상미와 절제된 음악, 낭만적 분위기가 깊이 남는 작품",
    "date": "05.06.11",
    "rating": "10",
    "author": "nsyn****",
    "review_id": "297360",
    "movie_id": "10331"
  },
  {
    "review": "실화라는 데 더욱 놀랍다~",
    "date": "05.06.08",
    "rating": "10",
    "author": "mi36****",
    "review_id": "295899",
    "movie_id": "10331"
  },
  {
    "review": "마지막 총소리.. 탕~ 탕~",
    "date": "05.02.23",
    "rating": "9",
    "author": "abag****",
    "review_id": "228440",
    "movie_id": "10331"
  },
  {
    "review": "대사보단 영상이 많은 아름다운 사랑이야기!",
    "date": "05.02.23",
    "rating": "7",
    "author": "aini****",
    "review_id": "228395",
    "movie_id": "10331"
  },
  {
    "review": "보는내내 울음을 참다 끝내 마지막장면에서 펑펑 울어버린...",
    "date": "04.12.30",
    "rating": "10",
    "author": "pepo****",
    "review_id": "173179",
    "movie_id": "10331"
  },
  {
    "review": "얼마나 울었는지....아직도 마음이 찡하네요!",
    "date": "04.11.19",
    "rating": "10",
    "author": "eunj****",
    "review_id": "148449",
    "movie_id": "10331"
  },
  {
    "review": "로그인하게만드는최초의영화 ㅠ,ㅠ 넘조아요,.,",
    "date": "04.11.03",
    "rating": "10",
    "author": "sera****",
    "review_id": "138351",
    "movie_id": "10331"
  },
  {
    "review": "자연의 풍광이 이토록 선명하게 각인되는영화는 전에도 이후에도 없을것",
    "date": "04.10.18",
    "rating": "10",
    "author": "true****",
    "review_id": "128271",
    "movie_id": "10331"
  },
  {
    "review": "너무 슬프고 행복한 영화입니다.",
    "date": "04.10.11",
    "rating": "10",
    "author": "mkna****",
    "review_id": "123937",
    "movie_id": "10331"
  },
  {
    "review": "모짜르트 피아노 협주곡 21번",
    "date": "04.09.04",
    "rating": "10",
    "author": "blue****",
    "review_id": "102743",
    "movie_id": "10331"
  },
  {
    "review": "현실에서 이룰수없는 사랑을 어떡하나...",
    "date": "04.07.08",
    "rating": "10",
    "author": "jmbl****",
    "review_id": "67416",
    "movie_id": "10331"
  }
]