[
  {
    "review": "EBS에서 새벽에 방송하는걸로 봤다. 그냥 잼있다. 스토리, 액션, 긴장감,(멋있음..,?)그당시에 최고의 영화를 느낄수 있지 않을까 싶다. 정말 멋있다",
    "date": "15.08.23",
    "rating": "10",
    "author": "seon****",
    "review_id": "10267778",
    "movie_id": "10335"
  },
  {
    "review": "무난하다고 본다...",
    "date": "15.08.23",
    "rating": "6",
    "author": "yana****",
    "review_id": "10265253",
    "movie_id": "10335"
  },
  {
    "review": "서부영화의 정수를 보여주네요. 긴장감을 잘 활용했어요...눈빛도 휘파람 소리도 압권",
    "date": "15.08.23",
    "rating": "10",
    "author": "ykca****",
    "review_id": "10265028",
    "movie_id": "10335"
  },
  {
    "review": "클리프와 이스트우드 정말 멋진 서부극입니다. 오늘 EBS에서 다시 봅니다.",
    "date": "15.08.22",
    "rating": "10",
    "author": "sate****",
    "review_id": "10264391",
    "movie_id": "10335"
  },
  {
    "review": "멋드러진 OST를 배경으로 현상금과 복수라는 정말 원초적인 스파게티 웨스턴의 주제로 매력적인 캐릭터들이 활개친다.",
    "date": "15.06.30",
    "rating": "9",
    "author": "inos****",
    "review_id": "10053933",
    "movie_id": "10335"
  },
  {
    "review": "후반부가급전개같지만 괜찮음",
    "date": "15.06.09",
    "rating": "8",
    "author": "xx41****",
    "review_id": "9986846",
    "movie_id": "10335"
  },
  {
    "review": "휘파람과 총, 그리고 클린트 이스트우드면 모든게 완성",
    "date": "15.03.30",
    "rating": "8",
    "author": "hamj****",
    "review_id": "9817544",
    "movie_id": "10335"
  },
  {
    "review": "악당의 표정에서 말로 형언할 수 없는 슬픔이 담긴 라스트 결전씬...어렸을때 볼때는 왜 그런지 몰랐다. 이 영화의 주인공은 클린트 이스트우드도 리반 클립도 아닌 다름아닌 악당 지안 마리아 블론테 였다. 대사 한마디 없이 표정 하나 만으로 모든걸 보여줌",
    "date": "15.03.18",
    "rating": "10",
    "author": "safe****",
    "review_id": "9791027",
    "movie_id": "10335"
  },
  {
    "review": "인디오 가 더 멋지게 보이는건 나만 그런건가?..",
    "date": "15.02.25",
    "rating": "10",
    "author": "hoec****",
    "review_id": "9736571",
    "movie_id": "10335"
  },
  {
    "review": "세상에 모든 남자들을 위한 영화. 나이가 들수록 오글거려야 정상이거늘 언제봐도 멋지다.",
    "date": "15.01.03",
    "rating": "9",
    "author": "jys4****",
    "review_id": "9556881",
    "movie_id": "10335"
  },
  {
    "review": "세르지오 레오네의 서부극 중 최고의 재미. 인디오 형 쩐다..",
    "date": "14.12.20",
    "rating": "9",
    "author": "pont****",
    "review_id": "9491354",
    "movie_id": "10335"
  },
  {
    "review": "이반 클리프의 압도적인 비주얼과 전편에 비해 허잡한 씬들이 줄었다~",
    "date": "14.10.25",
    "rating": "9",
    "author": "kara****",
    "review_id": "9315181",
    "movie_id": "10335"
  },
  {
    "review": ".몇○○동안 이 영화를 뛰어넘는 영화는 나오지 않을것이다",
    "date": "14.10.19",
    "rating": "10",
    "author": "ruby****",
    "review_id": "9302730",
    "movie_id": "10335"
  },
  {
    "review": "마초적인 매력을 풍기는 3인의 연기가 압권이네",
    "date": "14.05.19",
    "rating": "9",
    "author": "scif****",
    "review_id": "8746000",
    "movie_id": "10335"
  },
  {
    "review": "스파케티 웨스턴의 최고봉.... 리반클리프의 표정연기는 최고다",
    "date": "14.05.12",
    "rating": "10",
    "author": "kimd****",
    "review_id": "8725489",
    "movie_id": "10335"
  },
  {
    "review": "이건 석양의 건맨이 아니라 <석양의 무법자> 이고, 후속편인 석양의 무법자는 <속 석양의 무법자> 또는 <석양에 돌아오다> 이다. 어떤 무식한 평론가가 <석양의 건맨>이라는 있지도 않은 제목을 만들어 냄.",
    "date": "14.04.12",
    "rating": "10",
    "author": "csmo****",
    "review_id": "8644358",
    "movie_id": "10335"
  },
  {
    "review": "스토리와 케릭터를 살렸지만 전편의 그 담백함은 없어졋다",
    "date": "14.03.22",
    "rating": "6",
    "author": "tumb****",
    "review_id": "8595570",
    "movie_id": "10335"
  },
  {
    "review": "레오네의 달러 삼부작은 대단하다...이런 영화를 볼 수있다는 사실에 너무 감사한다...너무 좋다..레오네의 이탈리안 웨스턴들..석양의 무법자와 더불어 나만의 최고의 영화",
    "date": "14.02.23",
    "rating": "9",
    "author": "thra****",
    "review_id": "8531196",
    "movie_id": "10335"
  },
  {
    "review": "설명이 필요 없는 엄청난 영화",
    "date": "14.01.09",
    "rating": "10",
    "author": "dand****",
    "review_id": "8363640",
    "movie_id": "10335"
  },
  {
    "review": "총질 솜씨가 멋지지만 지루하다",
    "date": "13.10.01",
    "rating": "1",
    "author": "mara****",
    "review_id": "8025099",
    "movie_id": "10335"
  },
  {
    "review": "엔니오 모리꼬네 음악을 듣고 자란 것이 얼마나 큰 축복이었는지 나이 들어서야 알았다. 전편이 그렇게 훌륭하다는데 블루레이를 기다려봐야겠다. 이게 진정한 서부영화구나.",
    "date": "13.08.18",
    "rating": "10",
    "author": "wanb****",
    "review_id": "7898256",
    "movie_id": "10335"
  },
  {
    "review": "대단하다...ㅋㅋㅋㅋ",
    "date": "13.04.04",
    "rating": "8",
    "author": "sjzm****",
    "review_id": "7435044",
    "movie_id": "10335"
  },
  {
    "review": "Beautiful pokect watch music..",
    "date": "13.03.22",
    "rating": "10",
    "author": "tkfp****",
    "review_id": "7396875",
    "movie_id": "10335"
  },
  {
    "review": "80년대 조그마한 브라운관 칼라TV로 보고 오늘 다운 받아 51인치 TV로 감상했다.. 죽기전에 이런 궁극의 걸작을 대형TV로 볼 수 있어서 정말 다행이다",
    "date": "13.01.04",
    "rating": "10",
    "author": "star****",
    "review_id": "7080364",
    "movie_id": "10335"
  },
  {
    "review": "캐릭터와 음악의 생동감이 서사의 빈약함을 덮는다.",
    "date": "12.09.17",
    "rating": "6",
    "author": "rd72****",
    "review_id": "6709626",
    "movie_id": "10335"
  },
  {
    "review": "명작이긴 하지만 전편만 못하다",
    "date": "12.05.11",
    "rating": "8",
    "author": "chjy****",
    "review_id": "6290334",
    "movie_id": "10335"
  },
  {
    "review": "우연히 봤는데 웬만한 요즘 영화보다 훌륭하다. 웨스턴 무비가 이렇게 재미있다니!!!",
    "date": "12.03.21",
    "rating": "9",
    "author": "maxi****",
    "review_id": "6158153",
    "movie_id": "10335"
  },
  {
    "review": "비열하고 잔인한 마카로니 웨스턴 무비는 이 영화 한편으로 설명 가능",
    "date": "12.03.11",
    "rating": "10",
    "author": "kimg****",
    "review_id": "6138374",
    "movie_id": "10335"
  },
  {
    "review": "톱줄을 튕기는 듯한... 독창적인 모리꼬네의 음악은 압권이다.",
    "date": "12.03.11",
    "rating": "10",
    "author": "kos4****",
    "review_id": "6137972",
    "movie_id": "10335"
  },
  {
    "review": "확실히 전편만 못하다.",
    "date": "12.02.27",
    "rating": "7",
    "author": "retr****",
    "review_id": "6108462",
    "movie_id": "10335"
  },
  {
    "review": "제가 서부 영화를 좋아하는 데, 짱이네요.",
    "date": "12.02.25",
    "rating": "10",
    "author": "alst****",
    "review_id": "6103627",
    "movie_id": "10335"
  },
  {
    "review": "은행의 돈은 돌려줬을까?",
    "date": "12.02.05",
    "rating": "7",
    "author": "kusa****",
    "review_id": "6053299",
    "movie_id": "10335"
  },
  {
    "review": "멋있따 ㅋㅋㅋㅋ",
    "date": "12.01.30",
    "rating": "8",
    "author": "sing****",
    "review_id": "6035982",
    "movie_id": "10335"
  },
  {
    "review": "전편의 분위기를 살리지 못한채 캐릭터를 쫓기에만 바쁘다.",
    "date": "12.01.21",
    "rating": "5",
    "author": "bbq2****",
    "review_id": "6006966",
    "movie_id": "10335"
  },
  {
    "review": "세르지오 레오네, 엔리오 모리꼬네,클린트 이스트우드, 리 반 클리프.",
    "date": "12.01.19",
    "rating": "10",
    "author": "mbtl****",
    "review_id": "5999855",
    "movie_id": "10335"
  },
  {
    "review": "세르지오 레오네를 찬양할 수 밖에 없는 이유",
    "date": "12.01.15",
    "rating": "10",
    "author": "figh****",
    "review_id": "5988103",
    "movie_id": "10335"
  },
  {
    "review": "모자에 총쏘는 장면이 인상적이네~",
    "date": "11.08.26",
    "rating": "7",
    "author": "dbzh****",
    "review_id": "5689433",
    "movie_id": "10335"
  },
  {
    "review": "요즘영화에 버금간다.",
    "date": "11.08.14",
    "rating": "9",
    "author": "toha****",
    "review_id": "5649825",
    "movie_id": "10335"
  },
  {
    "review": "리 반 클리프가 진 주인공",
    "date": "11.08.04",
    "rating": "8",
    "author": "rr92****",
    "review_id": "5597723",
    "movie_id": "10335"
  },
  {
    "review": "간지철철",
    "date": "11.07.21",
    "rating": "9",
    "author": "ucan****",
    "review_id": "5559946",
    "movie_id": "10335"
  },
  {
    "review": "후까시 종결자 ㅋㅋㅋ",
    "date": "11.05.16",
    "rating": "9",
    "author": "bbob****",
    "review_id": "5431180",
    "movie_id": "10335"
  },
  {
    "review": "흙내 나고 남자냄새 풀풀 풍기는, 간지 로망 사나이들. 어찌 아니 매료된단 말인가!",
    "date": "11.04.16",
    "rating": "9",
    "author": "cksn****",
    "review_id": "5377284",
    "movie_id": "10335"
  },
  {
    "review": "간지란 이런걸 두고 하는말이다",
    "date": "10.12.18",
    "rating": "9",
    "author": "dywl****",
    "review_id": "5061742",
    "movie_id": "10335"
  },
  {
    "review": "멕시칸판초를 걸친후 시가를 꼬나물고 말위에 올라타 굽이치는 로키산맥을 휘달리다",
    "date": "10.12.16",
    "rating": "7",
    "author": "asun****",
    "review_id": "5058987",
    "movie_id": "10335"
  },
  {
    "review": "요즘 영화보다 이 영화가 더 멋진거 같다",
    "date": "10.12.09",
    "rating": "10",
    "author": "jm01****",
    "review_id": "5040853",
    "movie_id": "10335"
  },
  {
    "review": "음악 좋고 스토리도 좋은데 악당이 너무 착한건지 멍청한건지 아쉽네.",
    "date": "10.12.04",
    "rating": "9",
    "author": "skss****",
    "review_id": "5022968",
    "movie_id": "10335"
  },
  {
    "review": "회중시계의 따뜻한 음악이 묘한 조화를 이룬다",
    "date": "10.10.25",
    "rating": "10",
    "author": "soci****",
    "review_id": "4921242",
    "movie_id": "10335"
  },
  {
    "review": "정처없이 떠도는 그들 뒤에 휘파람 소리 ㅎㅎ",
    "date": "10.10.10",
    "rating": "7",
    "author": "resm****",
    "review_id": "4894932",
    "movie_id": "10335"
  },
  {
    "review": "두 남자는 간지나지만 그리 재밌는지 모르겠다.",
    "date": "10.08.20",
    "rating": "5",
    "author": "claz****",
    "review_id": "4768888",
    "movie_id": "10335"
  },
  {
    "review": "석양의 무법자 보다는 대체로 지루한편이나 굉장히 멋나고 재밌는 영화.",
    "date": "10.08.15",
    "rating": "10",
    "author": "dh89****",
    "review_id": "4751229",
    "movie_id": "10335"
  },
  {
    "review": "ㅋㅋㅋㅋ 졸라재밌다",
    "date": "10.08.11",
    "rating": "10",
    "author": "raid****",
    "review_id": "4735812",
    "movie_id": "10335"
  },
  {
    "review": "다시 봐도 멋있고 재밌는 영화",
    "date": "10.08.09",
    "rating": "10",
    "author": "hiki****",
    "review_id": "4726638",
    "movie_id": "10335"
  },
  {
    "review": "너무 멋지다......",
    "date": "10.08.08",
    "rating": "9",
    "author": "wonj****",
    "review_id": "4722495",
    "movie_id": "10335"
  },
  {
    "review": "석양의무법자보단재미없지만 초반지루함만 참으면괜찮았음 이스트우드총돌릴때캬~19女",
    "date": "10.08.08",
    "rating": "8",
    "author": "psy9****",
    "review_id": "4721198",
    "movie_id": "10335"
  },
  {
    "review": "악당이더라도 멋진 악당이 등장했다면 더 멋진 영화가 되었을텐데...",
    "date": "10.08.08",
    "rating": "8",
    "author": "yoon****",
    "review_id": "4721130",
    "movie_id": "10335"
  },
  {
    "review": "성인이 되서 다시 본 후에야 그 진가를 깨달았다.",
    "date": "10.08.08",
    "rating": "10",
    "author": "mck2****",
    "review_id": "4720889",
    "movie_id": "10335"
  },
  {
    "review": "무척 폼나는군. 서부 영화의 매력을 발견하게 된다.",
    "date": "10.08.08",
    "rating": "7",
    "author": "hadl****",
    "review_id": "4720874",
    "movie_id": "10335"
  },
  {
    "review": "3부작 중 캐릭터들 카리스마와 배짱은 단연 최고인 듯...",
    "date": "10.07.27",
    "rating": "10",
    "author": "heod****",
    "review_id": "4675444",
    "movie_id": "10335"
  },
  {
    "review": "서부영화중 가장 재미있었던듯..",
    "date": "10.07.26",
    "rating": "10",
    "author": "ghdd****",
    "review_id": "4672572",
    "movie_id": "10335"
  },
  {
    "review": "클린트이스트우드 -세르지오레오네-엔니오모리코네 3인의 마카로니 웨스턴 불후 명작",
    "date": "10.07.16",
    "rating": "10",
    "author": "kydm****",
    "review_id": "4644910",
    "movie_id": "10335"
  },
  {
    "review": "젊은 시절의 클린트이스트우드님은 이렇게 멋있었구나. 서부영화의 자존심.",
    "date": "10.07.09",
    "rating": "9",
    "author": "maxi****",
    "review_id": "4623488",
    "movie_id": "10335"
  },
  {
    "review": "분위긴 죽이지만 뒤에 나올 다른 레오네의 두 서부영화와 견준다면 흠이 많은 영화",
    "date": "10.07.01",
    "rating": "8",
    "author": "w427****",
    "review_id": "4603064",
    "movie_id": "10335"
  },
  {
    "review": "이영화때문에 서부영화에대한 기대감이 높아져서 다른 서부영화들이 시시해졌어.....",
    "date": "10.06.19",
    "rating": "10",
    "author": "wooh****",
    "review_id": "4575958",
    "movie_id": "10335"
  },
  {
    "review": "너무 완벽해서 평점 10점도 모자라것 같다.",
    "date": "10.06.07",
    "rating": "10",
    "author": "mr_c****",
    "review_id": "4550951",
    "movie_id": "10335"
  },
  {
    "review": "최고의 서부영화. 음악도 좋고 클린트와 리반클립의 연기도 훌륭하다",
    "date": "10.06.07",
    "rating": "10",
    "author": "shim****",
    "review_id": "4550603",
    "movie_id": "10335"
  },
  {
    "review": "웨스턴무비의 교과서",
    "date": "10.04.05",
    "rating": "9",
    "author": "yuye****",
    "review_id": "4413073",
    "movie_id": "10335"
  },
  {
    "review": "리 반 클리프의 등장으로 한층 재미가 업그레이드된 레오네의 무법자 2탄..",
    "date": "10.03.21",
    "rating": "8",
    "author": "mygr****",
    "review_id": "4371128",
    "movie_id": "10335"
  },
  {
    "review": "간지 클린트이스트우드",
    "date": "10.02.25",
    "rating": "10",
    "author": "chp1****",
    "review_id": "4316841",
    "movie_id": "10335"
  },
  {
    "review": "정말 대단한 영화",
    "date": "10.02.22",
    "rating": "10",
    "author": "kang****",
    "review_id": "4310764",
    "movie_id": "10335"
  },
  {
    "review": "미국의 피비린내가 이렇게 멋지다니....",
    "date": "10.02.22",
    "rating": "10",
    "author": "what****",
    "review_id": "4309137",
    "movie_id": "10335"
  },
  {
    "review": "서부극의 진리",
    "date": "09.12.29",
    "rating": "10",
    "author": "wnsg****",
    "review_id": "4102459",
    "movie_id": "10335"
  },
  {
    "review": "아저씨가 저렇게 멋있다니...반했습니다!!",
    "date": "09.12.21",
    "rating": "8",
    "author": "jbc1****",
    "review_id": "4065697",
    "movie_id": "10335"
  },
  {
    "review": "이런거보면 나도 서부시대때 살았으면 하는 마음도 생긴다. 물론 이스트우드처럼",
    "date": "09.11.12",
    "rating": "10",
    "author": "dlgk****",
    "review_id": "3953566",
    "movie_id": "10335"
  },
  {
    "review": "역시 세르지오 레오네는 전설이다...",
    "date": "09.09.25",
    "rating": "10",
    "author": "chul****",
    "review_id": "3850035",
    "movie_id": "10335"
  },
  {
    "review": "역시 스파게티 웨스턴... 리 반 클리프랑 클린트 이스트우드 제대로 간지난다",
    "date": "09.09.25",
    "rating": "10",
    "author": "gema****",
    "review_id": "3848557",
    "movie_id": "10335"
  },
  {
    "review": "부치와 선댄스만큼 멋있는 그들...",
    "date": "09.09.13",
    "rating": "10",
    "author": "jmp0****",
    "review_id": "3827787",
    "movie_id": "10335"
  },
  {
    "review": "나에겐 클린트 이스트우드보다 리반클리프가 더멋있었다...",
    "date": "09.08.27",
    "rating": "10",
    "author": "gent****",
    "review_id": "3791274",
    "movie_id": "10335"
  },
  {
    "review": "시계싸이코패스와 각자의 사연이 있는 총의 천재 2명과의 인간사에 대한 짧고깊은단상",
    "date": "09.08.05",
    "rating": "10",
    "author": "dma9****",
    "review_id": "3712109",
    "movie_id": "10335"
  },
  {
    "review": "그저 멋있다는 말밖엔..",
    "date": "09.08.03",
    "rating": "8",
    "author": "hing****",
    "review_id": "3704794",
    "movie_id": "10335"
  },
  {
    "review": "클린트 정말로 멋진 마쵸야 이 영화에서 조낸 멋있음",
    "date": "09.07.13",
    "rating": "10",
    "author": "doob****",
    "review_id": "3630157",
    "movie_id": "10335"
  },
  {
    "review": "옛날 액션 영화임을 감안하면, 대단한 것",
    "date": "09.07.04",
    "rating": "10",
    "author": "fkdl****",
    "review_id": "3610383",
    "movie_id": "10335"
  },
  {
    "review": "엑스트라의 혼신이 영화를 살렸다 휘파람도 한목햇고 총사움도 오늘날 영화 못지않다",
    "date": "09.06.19",
    "rating": "6",
    "author": "hjj5****",
    "review_id": "3575804",
    "movie_id": "10335"
  },
  {
    "review": "클리프씨가 더 멋있내 난 ㅋㅋ",
    "date": "09.06.16",
    "rating": "8",
    "author": "rodt****",
    "review_id": "3570925",
    "movie_id": "10335"
  },
  {
    "review": "마구마구 넘쳐흐른다. 황룡간지가..",
    "date": "09.03.07",
    "rating": "10",
    "author": "arre****",
    "review_id": "3352586",
    "movie_id": "10335"
  },
  {
    "review": "대단해대단해 ㅋㅋ 전혀지루하지가않아. 석양의무법자보단 아쉽지만...",
    "date": "09.03.07",
    "rating": "10",
    "author": "fram****",
    "review_id": "3351565",
    "movie_id": "10335"
  },
  {
    "review": "웨스턴 영화 매니아라면 꼭 봐야 할 영화",
    "date": "09.02.20",
    "rating": "10",
    "author": "yoiu****",
    "review_id": "3317675",
    "movie_id": "10335"
  },
  {
    "review": "천재적인 영화.",
    "date": "09.02.06",
    "rating": "10",
    "author": "dlwo****",
    "review_id": "3281755",
    "movie_id": "10335"
  },
  {
    "review": "술집에서 킨스키(와일드)와 클리프(모티머)가 첫대면할때의 그 표정",
    "date": "09.02.03",
    "rating": "8",
    "author": "titi****",
    "review_id": "3274667",
    "movie_id": "10335"
  },
  {
    "review": "와우 정말 재미있게 봤네요. 배우들의 눈빛이 살아있는 작품.",
    "date": "09.01.28",
    "rating": "9",
    "author": "yell****",
    "review_id": "3256445",
    "movie_id": "10335"
  },
  {
    "review": "44년전에 만들어졌다는게 믿겨지지가 않는다. 남자의 로망. 간지폭발.",
    "date": "09.01.25",
    "rating": "10",
    "author": "wjdg****",
    "review_id": "3246792",
    "movie_id": "10335"
  },
  {
    "review": "클린트 이스트우드 담배 참 맛있게 핀다. 고전서부영화의 진수",
    "date": "08.10.06",
    "rating": "7",
    "author": "ador****",
    "review_id": "2986773",
    "movie_id": "10335"
  },
  {
    "review": "놈놈놈 원작보고 세편을 다보게끔만드는 매력이있는..",
    "date": "08.09.28",
    "rating": "9",
    "author": "idze****",
    "review_id": "2972094",
    "movie_id": "10335"
  },
  {
    "review": "영화가 아니라 아트다!!시리즈 3편 모두 10점!! 눈물 없이는 볼수 없는 궁극의 걸작.",
    "date": "08.08.21",
    "rating": "10",
    "author": "pola****",
    "review_id": "2892156",
    "movie_id": "10335"
  },
  {
    "review": "최고다",
    "date": "08.08.16",
    "rating": "8",
    "author": "pawr****",
    "review_id": "2878400",
    "movie_id": "10335"
  },
  {
    "review": "멜로디가 멈출때까지 총을 안뽑는 남자들의 도리",
    "date": "08.07.18",
    "rating": "7",
    "author": "lemo****",
    "review_id": "2774942",
    "movie_id": "10335"
  },
  {
    "review": "우왕키굿~~~~~ 존나재미있다~~~",
    "date": "08.07.15",
    "rating": "10",
    "author": "yp10****",
    "review_id": "2764957",
    "movie_id": "10335"
  },
  {
    "review": "대단하다...",
    "date": "08.06.03",
    "rating": "10",
    "author": "slat****",
    "review_id": "2678274",
    "movie_id": "10335"
  },
  {
    "review": "오락성이라는 측면에서 인디아나 존스나 명함을 내밀만 하다.",
    "date": "08.05.29",
    "rating": "10",
    "author": "baks****",
    "review_id": "2669381",
    "movie_id": "10335"
  },
  {
    "review": "빼놓을수 없는 고전 느와르",
    "date": "08.03.27",
    "rating": "10",
    "author": "ngda****",
    "review_id": "2544044",
    "movie_id": "10335"
  },
  {
    "review": "예술..",
    "date": "08.01.22",
    "rating": "10",
    "author": "meta****",
    "review_id": "2357171",
    "movie_id": "10335"
  }
]