[
  {
    "review": "박봉성 원작은 공포의 외인구단과 거의 쌍벽을 이룰 정도로 대작인데 ... 아쉽네요",
    "date": "14.11.06",
    "rating": "5",
    "author": "goin****",
    "review_id": "9345806",
    "movie_id": "10332"
  },
  {
    "review": "어렸을 때 봤던 건데 마지막에 눈에 붕대 푸는 장면 아직도 기억나네",
    "date": "10.08.17",
    "rating": "8",
    "author": "ccpk****",
    "review_id": "4757256",
    "movie_id": "10332"
  },
  {
    "review": "최민수표 터프가이 연기 훗",
    "date": "10.08.17",
    "rating": "8",
    "author": "rame****",
    "review_id": "4757254",
    "movie_id": "10332"
  },
  {
    "review": "최민수에게 잘 어울렸던 역할",
    "date": "10.08.17",
    "rating": "8",
    "author": "kpcc****",
    "review_id": "4757248",
    "movie_id": "10332"
  },
  {
    "review": "그 대단했던 원작 말아먹기의 대표적인 작품.고인이 된 원작자를 욕되게 하지 마라.",
    "date": "10.08.13",
    "rating": "3",
    "author": "baks****",
    "review_id": "4743861",
    "movie_id": "10332"
  },
  {
    "review": "최민수의 인상적인 충무로 데뷔작!",
    "date": "10.08.10",
    "rating": "8",
    "author": "kkk2****",
    "review_id": "4732445",
    "movie_id": "10332"
  },
  {
    "review": "최민수의 폭발적인 카리스마! 원작이 대단했지만, 국내 권투영화중 이만한것도 없었다",
    "date": "10.08.04",
    "rating": "8",
    "author": "gall****",
    "review_id": "4703818",
    "movie_id": "10332"
  },
  {
    "review": "여러모로 어색한 장면이 있지만 만화의 영화화 치곤 볼만.",
    "date": "10.04.10",
    "rating": "6",
    "author": "sykm****",
    "review_id": "4423320",
    "movie_id": "10332"
  },
  {
    "review": "신인배우 최민수는 역시 신의 아들이 아닌 배우의 아들이었다",
    "date": "10.03.21",
    "rating": "6",
    "author": "mygr****",
    "review_id": "4370984",
    "movie_id": "10332"
  },
  {
    "review": "당시 울나라 영화 수준을 감안하면 뭐... ^^",
    "date": "09.08.09",
    "rating": "9",
    "author": "karl****",
    "review_id": "3725795",
    "movie_id": "10332"
  },
  {
    "review": "생각보다 민수표 훗까시가 괜찮았다.",
    "date": "08.01.11",
    "rating": "7",
    "author": "evil****",
    "review_id": "2318603",
    "movie_id": "10332"
  },
  {
    "review": "한국판 '분노의주먹'",
    "date": "07.10.30",
    "rating": "10",
    "author": "hide****",
    "review_id": "2122825",
    "movie_id": "10332"
  },
  {
    "review": "장인어른~~홧팅!",
    "date": "07.03.10",
    "rating": "10",
    "author": "rhkd****",
    "review_id": "1526518",
    "movie_id": "10332"
  },
  {
    "review": "제목한번 잘지었다",
    "date": "06.08.02",
    "rating": "10",
    "author": "zeed****",
    "review_id": "955074",
    "movie_id": "10332"
  },
  {
    "review": "80년대 한국영화를 최근에 몇편봤는데,, 그중 가장 괜찮다 느낌",
    "date": "06.01.10",
    "rating": "9",
    "author": "koke****",
    "review_id": "577687",
    "movie_id": "10332"
  },
  {
    "review": "삼가 고인의 명복을 빕니다. 강타는 영원하길...",
    "date": "06.01.10",
    "rating": "8",
    "author": "cat1****",
    "review_id": "577486",
    "movie_id": "10332"
  },
  {
    "review": "최민수를 탄생시킨 ..",
    "date": "05.12.23",
    "rating": "8",
    "author": "blue****",
    "review_id": "523356",
    "movie_id": "10332"
  },
  {
    "review": "결말이 안타까웠는데, 이러한 비극도 아니고 해피엔딩도 아닌 결말은찝찝하다",
    "date": "05.01.19",
    "rating": "1",
    "author": "kpcc****",
    "review_id": "190524",
    "movie_id": "10332"
  },
  {
    "review": "신의 아들은 군대 안가지........ㅋㅋ",
    "date": "04.10.26",
    "rating": "8",
    "author": "htop****",
    "review_id": "133334",
    "movie_id": "10332"
  },
  {
    "review": "만화를 원작으로한,,,",
    "date": "04.08.14",
    "rating": "10",
    "author": "0lio****",
    "review_id": "90218",
    "movie_id": "10332"
  },
  {
    "review": "정말 잘만들엇다^^",
    "date": "04.01.03",
    "rating": "10",
    "author": "57ji****",
    "review_id": "8203",
    "movie_id": "10332"
  }
]