[
  {
    "review": "이 영화를 보고 영웅담이니 제국주의 시각이니 하는 사람들은 영화를 안 봤거나 중간에 졸았거나 이해력이 부족한 것이 분명. 감독이 작정하고 영웅하고 거리가 먼 이상하고 복잡한 인물로  그렸는데..;;",
    "date": "15.08.22",
    "rating": "10",
    "author": "gila****",
    "review_id": "10261120",
    "movie_id": "10334"
  },
  {
    "review": "서구 세계가 본 중동 근현대사",
    "date": "15.08.19",
    "rating": "7",
    "author": "dju0****",
    "review_id": "10251947",
    "movie_id": "10334"
  },
  {
    "review": "광활한 아라비아 사막 위에 펼쳐지는 장대한 영상미",
    "date": "15.08.08",
    "rating": "6",
    "author": "sipj****",
    "review_id": "10202424",
    "movie_id": "10334"
  },
  {
    "review": "그냥 그저 그렇게 봤다.",
    "date": "15.08.07",
    "rating": "7",
    "author": "isla****",
    "review_id": "10199021",
    "movie_id": "10334"
  },
  {
    "review": "EBS 에서 2~3년에 한 번씩 해주는 것 같은데,   볼떄마다 감탄하면서 봅니다.  정말 명작이에요...",
    "date": "15.08.05",
    "rating": "10",
    "author": "free****",
    "review_id": "10188149",
    "movie_id": "10334"
  },
  {
    "review": "이 영화는 몇 번을 봐도 잘 모르겠음. 사막 장면은 좋음. 지혜의 일곱 기둥이라는 원작이 궁금함. You anwer without any answers, that's a good politics. I had no thought of politics.",
    "date": "15.08.05",
    "rating": "7",
    "author": "cool****",
    "review_id": "10185831",
    "movie_id": "10334"
  },
  {
    "review": "멋지다.... 10자",
    "date": "15.06.13",
    "rating": "10",
    "author": "lton****",
    "review_id": "9994702",
    "movie_id": "10334"
  },
  {
    "review": "아랍의 사막을 뒤덮는 영국제국주의의 위엄!",
    "date": "15.05.09",
    "rating": "10",
    "author": "pont****",
    "review_id": "9905202",
    "movie_id": "10334"
  },
  {
    "review": "사막의 풍경이 극대화 된 영화. BBC 다큐 뺨치는 사막의 순결하면서도 강렬한 영상미는 사막 영화중 최고의 감동을 선사한다. 그 속에서 일어나는 사건들은 덤으로 느껴질 정도.",
    "date": "15.04.17",
    "rating": "10",
    "author": "flow****",
    "review_id": "9850040",
    "movie_id": "10334"
  },
  {
    "review": "나는 로렌스로 부터 전쟁에 광적이고 내면에 감춰진 잔인함을 보았다.",
    "date": "15.04.01",
    "rating": "10",
    "author": "kuso****",
    "review_id": "9819239",
    "movie_id": "10334"
  },
  {
    "review": "시지 없이 그려내는 전투신이나 사막의 풍경은 놀랄만하다.",
    "date": "15.03.31",
    "rating": "7",
    "author": "rand****",
    "review_id": "9818952",
    "movie_id": "10334"
  },
  {
    "review": "중동 사막을 잘 표현한 영화였습니다. ^^",
    "date": "15.03.20",
    "rating": "10",
    "author": "kala****",
    "review_id": "9795516",
    "movie_id": "10334"
  },
  {
    "review": "영웅주의 4시간 프로파간다 전염.",
    "date": "15.02.17",
    "rating": "4",
    "author": "tear****",
    "review_id": "9706203",
    "movie_id": "10334"
  },
  {
    "review": "대단히 웅장하고, 아름다운 중동 사막의 모습을 담으면서도, 로렌스라는 인물이 점점 전쟁의 추악함과 광기에 사로잡히고, 진정으로 아랍인을 위하려 했으나 정치 거래 속에서 좌절하게 되는 모습을 잘 담아냈다. 아날로그라서 오히려 더 아름다운 영화.",
    "date": "15.02.14",
    "rating": "9",
    "author": "0104****",
    "review_id": "9696355",
    "movie_id": "10334"
  },
  {
    "review": "잘  봤고  몇번 더 볼 생각입니다. 뭐 좋은평가 받을 생각은 하지 마세요.",
    "date": "14.12.19",
    "rating": "1",
    "author": "myun****",
    "review_id": "9487658",
    "movie_id": "10334"
  },
  {
    "review": "오래된 영화를 보니 아날로그적 감성이 살아있네",
    "date": "14.11.16",
    "rating": "8",
    "author": "almo****",
    "review_id": "9389114",
    "movie_id": "10334"
  },
  {
    "review": "태양같이 강렬하던 파란 눈을 나는 잊지 못한다",
    "date": "14.11.04",
    "rating": "7",
    "author": "setm****",
    "review_id": "9340500",
    "movie_id": "10334"
  },
  {
    "review": "여자가 나오지않는, 사막을 배경으로 한, 4시간에 가까운 긴 런닝타임을 갖고, 50년이 지난 지금봐도 재밌는, 고전 대작",
    "date": "14.09.21",
    "rating": "9",
    "author": "byul****",
    "review_id": "9230372",
    "movie_id": "10334"
  },
  {
    "review": "사막 풍경은 좋은데 너무 지루하다",
    "date": "14.08.29",
    "rating": "1",
    "author": "mara****",
    "review_id": "9143528",
    "movie_id": "10334"
  },
  {
    "review": "진짜 사막과 브금. 그 당시에는 반지의 제왕임.",
    "date": "14.08.02",
    "rating": "10",
    "author": "sams****",
    "review_id": "9007926",
    "movie_id": "10334"
  },
  {
    "review": "무려 4시간이 다되는 영화. 정말 오랜만에 재미있게 보았다.",
    "date": "14.07.30",
    "rating": "10",
    "author": "drea****",
    "review_id": "8979810",
    "movie_id": "10334"
  },
  {
    "review": "사막이 너무 광활해서 숨막힐 것 같다.",
    "date": "14.07.26",
    "rating": "7",
    "author": "floo****",
    "review_id": "8965115",
    "movie_id": "10334"
  },
  {
    "review": "나에게 있어서 이 영화의 ost가 90%의 비중을 차지한다고 봄. 나머지는 10%는 매력적인 로렌스의 눈. 진짜 잊을 수 없는 ost였음.",
    "date": "14.06.01",
    "rating": "10",
    "author": "igel****",
    "review_id": "8782139",
    "movie_id": "10334"
  },
  {
    "review": "광활한 사막과 멋진 주인공들의 연기, CG없는 쌩전쟁씬, 격조 있는 영화음악.  아낌없이 다 보여준 명작!",
    "date": "14.05.23",
    "rating": "10",
    "author": "thin****",
    "review_id": "8757132",
    "movie_id": "10334"
  },
  {
    "review": "로렌스에대한 역사적 평가는 엇갈리는데 그렇한점까지도 잘 살려낸 명작이죠 5번은 본것같은데 볼때마다 지겹지않고 은은한멋이있네요",
    "date": "14.05.17",
    "rating": "10",
    "author": "badb****",
    "review_id": "8738079",
    "movie_id": "10334"
  },
  {
    "review": "영상이 뛰어나며 주인공의 내적고뇌가 잘 드러난 명작.실화라 그런지 끝은 무자르듯 끝나네",
    "date": "14.05.17",
    "rating": "10",
    "author": "oioi****",
    "review_id": "8738070",
    "movie_id": "10334"
  },
  {
    "review": "평점 왤케 낮음??이런 대작이 8.8박에 안되다니,,,스필버그가 이 영화 현재 금액으로 추산하면2억 8천만 달러 이상 들어갈 수 밖에 없는 최고의 영화라 한...",
    "date": "14.05.11",
    "rating": "10",
    "author": "bban****",
    "review_id": "8722942",
    "movie_id": "10334"
  },
  {
    "review": "걸작 중의 걸작!!!!",
    "date": "14.05.01",
    "rating": "10",
    "author": "dark****",
    "review_id": "8690554",
    "movie_id": "10334"
  },
  {
    "review": "실화라서 더 명작인듯 합니다, 강추",
    "date": "14.04.11",
    "rating": "10",
    "author": "bgyu****",
    "review_id": "8641671",
    "movie_id": "10334"
  },
  {
    "review": "70mm 가 무엇인지를 보여주느 영화. 영국은 신화를 만들고.",
    "date": "14.03.25",
    "rating": "10",
    "author": "clie****",
    "review_id": "8605576",
    "movie_id": "10334"
  },
  {
    "review": "순수한 이상을 품고 있는 인간이 어떻게 몰락해 가는지 고찰해 볼 수 있는 영화",
    "date": "14.03.19",
    "rating": "10",
    "author": "cos1****",
    "review_id": "8587731",
    "movie_id": "10334"
  },
  {
    "review": "역시 구관이 명관임을 확인시켜준 영화",
    "date": "14.03.12",
    "rating": "10",
    "author": "lsh5****",
    "review_id": "8569842",
    "movie_id": "10334"
  },
  {
    "review": "내 인생 최고의 영화. 어린 시절 Tv 화면으로 보고, 청년이 되어 대한극장 마지막 상영작으로 걸렸을 때 대형 화명으로 보고, 이제 달랑 천원에 네이버에서 다운받기에는 너무나 위대한 대작이다. 볼 때마다 다른  대사가 들리고 다른 부분이 보인다.",
    "date": "14.03.03",
    "rating": "10",
    "author": "aaa4****",
    "review_id": "8554746",
    "movie_id": "10334"
  },
  {
    "review": "글쎄요,,,, 내가 태어나오기 전에 만든영화라 그런지,,,, 명장면이 곳곳에 숨어는 있네ㅡ,ㅡ",
    "date": "14.01.14",
    "rating": "7",
    "author": "milk****",
    "review_id": "8382118",
    "movie_id": "10334"
  },
  {
    "review": "과거, 리뷰를 썼다가 지운 적이 있다./ 왜? 였는지 이해가 안갔었지.// 지금 '롬멜전사록'을 보고 있는데, '사막의 여우' 또 하나가 '로렌스'라는 것을 알게 된다./ 그래서...",
    "date": "13.12.17",
    "rating": "7",
    "author": "dio3****",
    "review_id": "8219692",
    "movie_id": "10334"
  },
  {
    "review": "내 인생 최고의 영화 ...",
    "date": "13.12.03",
    "rating": "10",
    "author": "dr_b****",
    "review_id": "8186810",
    "movie_id": "10334"
  },
  {
    "review": "흔히 말하는 고전중에서 제일 좋아하는 영화.....예전 KBS에서 방송한거 우연하게 녹화해서 3번을 연속으로 봤음.....정말 지금봐도 말그대로 이 정도 스펙타클한 영화는 흔치 않음....피터오툴 과 오마샤리프와 안소니퀸...정말 대단한 영화.....",
    "date": "13.09.24",
    "rating": "10",
    "author": "kimj****",
    "review_id": "8013753",
    "movie_id": "10334"
  },
  {
    "review": "어느 나라에서 왔죠? 로렌스:from fat country,fat people.사막을 왜 좋아하죠?:로렌스:Because it is clean.  3시간 반이라는 러닝타임에도 불구하고 영화가 끝나자마자 다시 한 번 더 보고싶다는 마음을 들게 한 영화.",
    "date": "13.08.19",
    "rating": "9",
    "author": "sjju****",
    "review_id": "7902729",
    "movie_id": "10334"
  },
  {
    "review": "이상은 허상이다? 사막에 적응하다가 서서히 중독되더니 어느 새 광기에 휘말리는 앨 로렌스의 여정. 드넓은 사막풍경과 기차지붕위에 올라 선 로렌스의 그림자를 쫓던 아랍인들의 모습이 인상적이었다. 근데, 네이버 영화줄거리가 많이 엉성하네.. ;;",
    "date": "13.05.16",
    "rating": "10",
    "author": "heod****",
    "review_id": "7530281",
    "movie_id": "10334"
  },
  {
    "review": "아래 평들을 보니 서구인의 시각에 중독돼 버리는 헐리우드 영화의 특성을 그대로 보는 듯해 씁쓸...실제 역사에서 로렌스의 역할과 영국의 이중적 태도로 아랍민족은 이용만 당하고 20세기 이후 악의 근원인 이스라엘의 건국을 이끌게 한 전쟁...",
    "date": "13.02.13",
    "rating": "6",
    "author": "ykdi****",
    "review_id": "7258601",
    "movie_id": "10334"
  },
  {
    "review": "로렌스의 푸른 눈과 눈부신 금발이 아랍인들과 극명한 대비를 이루는 것이 인상 깊었다.. 서서히 동화되지만 완전히 아랍을 이해하지는 못하는  로렌스에게 공감이 많이 되었다. 러닝타임이 굉장히 길다는 점이 아쉽지만  블루레이를 소장하고 싶은 명작.",
    "date": "13.01.19",
    "rating": "9",
    "author": "harr****",
    "review_id": "7134471",
    "movie_id": "10334"
  },
  {
    "review": "한국이란  협소한 민족은 결코  만들 수 없는 대작영화...피너 오툴이란 배우는 어린왕자를 연상케하는 깊고 푸른 눈을 가진 명배우다 .이런 영화를 기획한 데이빗 린 감독은 역시 명감독이다",
    "date": "13.01.19",
    "rating": "10",
    "author": "roma****",
    "review_id": "7132778",
    "movie_id": "10334"
  },
  {
    "review": "재밌긴 했다",
    "date": "12.12.20",
    "rating": "8",
    "author": "chun****",
    "review_id": "7021969",
    "movie_id": "10334"
  },
  {
    "review": "아카바, 시라이, 요르단 지역에 대해 알게 되었고, 중동의 역사에 대해서도 관심을 가지게 해준 영화다. 요즘 같이 CG 떡칠하는 시대에는 나올수 없는 명작이다, 핫! 핫! 핫! 낙타는 생각보다 빨리 달린다",
    "date": "12.12.09",
    "rating": "8",
    "author": "danz****",
    "review_id": "6986166",
    "movie_id": "10334"
  },
  {
    "review": "대체로 만족. 약간은 늘어지는 느낌이 있고, 압축적으로 긴장을 유도하는 맛은 요즘 영화에 못 미치나 대체로 훌륭함. 대형 화면에 깨끗한 화면으로 본다면 매우 만족했을 듯하다.",
    "date": "12.10.07",
    "rating": "9",
    "author": "life****",
    "review_id": "6771543",
    "movie_id": "10334"
  },
  {
    "review": "어줍지 않게 TV 나 모니터로 보고 편집이 어떻고 러닝타임이 어떻고 하면서  이 작품을 논하지 마라.  70mm 로 볼수 없다면 최소한 극장에서 재개봉 한다면 보고 논해라.",
    "date": "12.09.17",
    "rating": "10",
    "author": "kimd****",
    "review_id": "6708598",
    "movie_id": "10334"
  },
  {
    "review": "편집이에러인 영화.압축이 필요했다.지루하게만 길게늘여놨다.",
    "date": "12.09.09",
    "rating": "7",
    "author": "tubt****",
    "review_id": "6680864",
    "movie_id": "10334"
  },
  {
    "review": "역시 명작임",
    "date": "12.09.02",
    "rating": "10",
    "author": "kang****",
    "review_id": "6664889",
    "movie_id": "10334"
  },
  {
    "review": "제작년도, 상영시간을 보면 이렇게 작품성좋고 재미있는 작품이 있었다는것이 믿기지 않는다. CG로는 표현할 수 없는 압도적인 영상과 그 느낌은 정말 충격적이다. 상영시간이 매우 길다는것이 요즘 시대에는 단점으로 보일 수 있겠으나 그 시간이 아깝지 않다.",
    "date": "12.08.23",
    "rating": "10",
    "author": "sbj1****",
    "review_id": "6636137",
    "movie_id": "10334"
  },
  {
    "review": "무조건 대형화면으로 봐야하는 영화.모니터로 보는건 영화에 대한 모욕",
    "date": "12.07.07",
    "rating": "10",
    "author": "hong****",
    "review_id": "6455211",
    "movie_id": "10334"
  },
  {
    "review": "최고의 명작. 바보들이나 5점을 줄것이다!",
    "date": "12.07.01",
    "rating": "10",
    "author": "soce****",
    "review_id": "6435489",
    "movie_id": "10334"
  },
  {
    "review": "아라비아의 인문계히어로... 자체적으로 쉴드를 쳐논 영화. 사막이 깨끗해서 가산점..",
    "date": "12.06.21",
    "rating": "9",
    "author": "junt****",
    "review_id": "6405491",
    "movie_id": "10334"
  },
  {
    "review": "나바론 요새만큼 걸작!",
    "date": "12.03.24",
    "rating": "10",
    "author": "kchw****",
    "review_id": "6165855",
    "movie_id": "10334"
  },
  {
    "review": "이 명작이 8점대라니! ㅠㅠ 요즘 컴퓨터 3D 영화에만 다들 미쳤으니 그렇지..",
    "date": "12.03.22",
    "rating": "10",
    "author": "pete****",
    "review_id": "6161227",
    "movie_id": "10334"
  },
  {
    "review": "진짜 내 생의 최고의 영화다.. 옛날에 봤지만 평점을 지나칠수가 없었다.",
    "date": "12.03.03",
    "rating": "10",
    "author": "gyle****",
    "review_id": "6120455",
    "movie_id": "10334"
  },
  {
    "review": "피터 오툴의 미친 연기",
    "date": "12.02.08",
    "rating": "6",
    "author": "bbq2****",
    "review_id": "6060674",
    "movie_id": "10334"
  },
  {
    "review": "이 영화가 1962년도에 만들어졌다니 대단하다.",
    "date": "12.01.25",
    "rating": "7",
    "author": "snow****",
    "review_id": "6017500",
    "movie_id": "10334"
  },
  {
    "review": "음악만큼은 최곤데...",
    "date": "12.01.20",
    "rating": "4",
    "author": "claz****",
    "review_id": "6002343",
    "movie_id": "10334"
  },
  {
    "review": "역대 최고의 영국영화 1위에 선정된 작품입니다. 놓치지마세요.",
    "date": "12.01.05",
    "rating": "10",
    "author": "hari****",
    "review_id": "5960944",
    "movie_id": "10334"
  },
  {
    "review": "사막을 배경으로 하는 영화 중 최고의 작품",
    "date": "11.12.31",
    "rating": "9",
    "author": "nine****",
    "review_id": "5950896",
    "movie_id": "10334"
  },
  {
    "review": "유장함에 그치다.",
    "date": "11.12.27",
    "rating": "6",
    "author": "pria****",
    "review_id": "5938971",
    "movie_id": "10334"
  },
  {
    "review": "내인생 최고의 영화.",
    "date": "11.11.30",
    "rating": "10",
    "author": "chir****",
    "review_id": "5878425",
    "movie_id": "10334"
  },
  {
    "review": "영웅은 탄생하는 것이 아니라 만들어 지는 것이다",
    "date": "11.11.27",
    "rating": "8",
    "author": "kimg****",
    "review_id": "5874561",
    "movie_id": "10334"
  },
  {
    "review": "세상을 바꿀수 있었다고 믿었던 한 청년의 일대기",
    "date": "11.11.19",
    "rating": "9",
    "author": "coco****",
    "review_id": "5858344",
    "movie_id": "10334"
  },
  {
    "review": "당신의 생애에 두 번 만나기 힘든 영화",
    "date": "11.10.09",
    "rating": "10",
    "author": "free****",
    "review_id": "5778891",
    "movie_id": "10334"
  },
  {
    "review": "오랬만에 좋은 영화를 볼 수 있어서 행복 했다",
    "date": "11.09.20",
    "rating": "9",
    "author": "e5js****",
    "review_id": "5742106",
    "movie_id": "10334"
  },
  {
    "review": "광기어린 문명인의 한 여름밤의 꿈.. 명작 명작",
    "date": "11.06.26",
    "rating": "10",
    "author": "kkya****",
    "review_id": "5501589",
    "movie_id": "10334"
  },
  {
    "review": "압도적인 스케일.",
    "date": "11.02.26",
    "rating": "9",
    "author": "dlwo****",
    "review_id": "5277845",
    "movie_id": "10334"
  },
  {
    "review": "지루해 죽는 줄 알았다.",
    "date": "11.01.22",
    "rating": "1",
    "author": "bbob****",
    "review_id": "5175216",
    "movie_id": "10334"
  },
  {
    "review": "영화 런닝타임 길어서 후반부에 좀 지루하지만 압도적인 스케일과 묘한매력이있는영화",
    "date": "10.09.28",
    "rating": "9",
    "author": "foun****",
    "review_id": "4874170",
    "movie_id": "10334"
  },
  {
    "review": "자신이 마초 영웅이 된 것처럼 착각하지만 결국 범인의 1인 인것을 깨닿는 주인공",
    "date": "10.08.28",
    "rating": "10",
    "author": "baby****",
    "review_id": "4797840",
    "movie_id": "10334"
  },
  {
    "review": "개인적으로 콰이 강의 다리보다 이게 더..  근데 피터 오툴=피터 크라우치.. 똑같애",
    "date": "10.05.23",
    "rating": "10",
    "author": "trfo****",
    "review_id": "4518888",
    "movie_id": "10334"
  },
  {
    "review": "과대평가가 있는거 아닌가? 왜 이게 4시간이나 찍을 분량인가?",
    "date": "10.03.06",
    "rating": "7",
    "author": "nang****",
    "review_id": "4339593",
    "movie_id": "10334"
  },
  {
    "review": "데이빗 린은 과대평가된 감독이지만, 이런 스펙타클을 만든 노력에는 경의를 표함.",
    "date": "10.03.04",
    "rating": "8",
    "author": "mist****",
    "review_id": "4333715",
    "movie_id": "10334"
  },
  {
    "review": "영화사에 길이 남을 명작",
    "date": "10.02.15",
    "rating": "10",
    "author": "mist****",
    "review_id": "4282294",
    "movie_id": "10334"
  },
  {
    "review": "내용은 살짝 지루하지만 스토리 구성과 웅장한 스케일 스펙타클함이 나를 감동케했다",
    "date": "10.01.14",
    "rating": "7",
    "author": "thra****",
    "review_id": "4169113",
    "movie_id": "10334"
  },
  {
    "review": "뛰어난 작품이지만 재미는 없음.",
    "date": "10.01.06",
    "rating": "10",
    "author": "jjyn****",
    "review_id": "4141009",
    "movie_id": "10334"
  },
  {
    "review": "다들 좋다는데... 너무 오래된 영화라..그런가;;",
    "date": "09.12.10",
    "rating": "4",
    "author": "drd1****",
    "review_id": "4032298",
    "movie_id": "10334"
  },
  {
    "review": "희대의 거품영화",
    "date": "09.12.04",
    "rating": "1",
    "author": "kia_****",
    "review_id": "4015505",
    "movie_id": "10334"
  },
  {
    "review": "더이상 말이 필요없는!!!",
    "date": "09.11.14",
    "rating": "10",
    "author": "kshm****",
    "review_id": "3962929",
    "movie_id": "10334"
  },
  {
    "review": "영화역사상 가장 큰 대서사시! 불후의 명작!",
    "date": "09.11.14",
    "rating": "10",
    "author": "si2p****",
    "review_id": "3961435",
    "movie_id": "10334"
  },
  {
    "review": "영화역사상 최고의 명연을 펼쳤다고 인정받고 있는 피터오툴!!",
    "date": "09.09.23",
    "rating": "10",
    "author": "ajho****",
    "review_id": "3846053",
    "movie_id": "10334"
  },
  {
    "review": "사막/오아시스/여유로움 굳이 설명하지 않아도 그냥 느껴지네~",
    "date": "09.09.06",
    "rating": "9",
    "author": "pass****",
    "review_id": "3814866",
    "movie_id": "10334"
  },
  {
    "review": "길지만 지루함을 느끼지못했다. 아랍의 냄새를 느낄수있는 서사 대작",
    "date": "09.08.26",
    "rating": "10",
    "author": "fram****",
    "review_id": "3788749",
    "movie_id": "10334"
  },
  {
    "review": "아라비아의 뜨거운 사막위, 계속되는 전쟁속에 로렌스의 눈빛이 모든것을 다 말해준다",
    "date": "09.08.26",
    "rating": "9",
    "author": "deka****",
    "review_id": "3788456",
    "movie_id": "10334"
  },
  {
    "review": "사막의 풍광은 경이적이나, 오툴의 연기와 플롯의 심리적-사건적 유기성 결여는 오점",
    "date": "09.06.02",
    "rating": "8",
    "author": "donj****",
    "review_id": "3540295",
    "movie_id": "10334"
  },
  {
    "review": "젊은 장교의 열정과 아랍의 통합은 정치적 군사적 이용물에 의해 희석된다",
    "date": "09.05.15",
    "rating": "6",
    "author": "ador****",
    "review_id": "3497808",
    "movie_id": "10334"
  },
  {
    "review": "정말 너무나 매혹적인 작품 불후의 걸작",
    "date": "09.05.15",
    "rating": "10",
    "author": "pion****",
    "review_id": "3496098",
    "movie_id": "10334"
  },
  {
    "review": "실제 여부를 떠나 로렌스에 대한 개인적 감상은 훌륭, 열강의 아랍 이용은 안타까와",
    "date": "09.05.14",
    "rating": "8",
    "author": "sioh****",
    "review_id": "3493725",
    "movie_id": "10334"
  },
  {
    "review": "내인생최고의영화무덤까지갖고갈불후의명작",
    "date": "09.04.01",
    "rating": "10",
    "author": "dldk****",
    "review_id": "3399463",
    "movie_id": "10334"
  },
  {
    "review": "영상이 너무나도 멋지다.",
    "date": "09.04.01",
    "rating": "10",
    "author": "yoon****",
    "review_id": "3398464",
    "movie_id": "10334"
  },
  {
    "review": "웅장한 스케일과 광활한 사막을 배경으로 펼쳐지는...친절하고 대범한 로렌스씨",
    "date": "09.03.24",
    "rating": "9",
    "author": "egyp****",
    "review_id": "3384963",
    "movie_id": "10334"
  },
  {
    "review": "제목만 들어도 이미 전설이 되버린 불멸의 명작..",
    "date": "09.03.03",
    "rating": "10",
    "author": "pola****",
    "review_id": "3344987",
    "movie_id": "10334"
  },
  {
    "review": "나에게 4시간 15분은 4분 같았다..",
    "date": "08.11.02",
    "rating": "10",
    "author": "isht****",
    "review_id": "3031031",
    "movie_id": "10334"
  },
  {
    "review": "정말 로렌스란인물에게 애정을갖게만드는 훌륭한 전기영화..사막의아름다움..!",
    "date": "08.08.22",
    "rating": "10",
    "author": "powe****",
    "review_id": "2894660",
    "movie_id": "10334"
  },
  {
    "review": "전기 영화가 이를수 있는 최고의 경지",
    "date": "08.08.08",
    "rating": "10",
    "author": "enfl****",
    "review_id": "2849830",
    "movie_id": "10334"
  },
  {
    "review": "말 안되고..재미도 드럽게 없네..",
    "date": "08.08.06",
    "rating": "2",
    "author": "1pim****",
    "review_id": "2842263",
    "movie_id": "10334"
  },
  {
    "review": "극장가서 봐줘야 되는 영화 중 하나 - TV로는 느낄 수 없는 스펙터클 영화의 전형",
    "date": "08.08.02",
    "rating": "10",
    "author": "tumm****",
    "review_id": "2827067",
    "movie_id": "10334"
  },
  {
    "review": "걸작이라는 것은 인정하지만 재미면에서 보자면 지루한 부분이 있다",
    "date": "08.07.21",
    "rating": "7",
    "author": "deff****",
    "review_id": "2789996",
    "movie_id": "10334"
  },
  {
    "review": "아랍의 배경을 보기좋은.",
    "date": "08.07.15",
    "rating": "5",
    "author": "enia****",
    "review_id": "2766234",
    "movie_id": "10334"
  }
]