[
  {
    "review": "화질이 너무 탁해서 제대로 감미하기는 글렀다. 음악만 굿.",
    "date": "14.05.19",
    "rating": "2",
    "author": "sykm****",
    "review_id": "8747709",
    "movie_id": "10337"
  },
  {
    "review": "오래전 아름다운 영상. 음악. 잔잔한 감동.",
    "date": "11.08.08",
    "rating": "10",
    "author": "doct****",
    "review_id": "5621076",
    "movie_id": "10337"
  },
  {
    "review": "개비에수가 이름 써먹어서 애덜에 악영향줄것같아.",
    "date": "11.08.08",
    "rating": "1",
    "author": "bing****",
    "review_id": "5619082",
    "movie_id": "10337"
  },
  {
    "review": "프란시스 래이의 아름다운 명곡과 함께...",
    "date": "10.06.10",
    "rating": "10",
    "author": "sorb****",
    "review_id": "4555640",
    "movie_id": "10337"
  },
  {
    "review": "사춘기소녀의 심리를  섬세 하고 아름다운 음악,영상과 함께... .",
    "date": "04.06.12",
    "rating": "10",
    "author": "whyi****",
    "review_id": "53185",
    "movie_id": "10337"
  }
]