[
  {
    "review": "명작 이라고 하지만 난 별로였다.알파치노 주연 히트가 난 10배 더 재밌었다..",
    "date": "15.08.07",
    "rating": "6",
    "author": "jung****",
    "review_id": "10199120",
    "movie_id": "10330"
  },
  {
    "review": "쿠바 범죄자의 아메리칸 드림을 셰익스피어적 비극으로 창조해낸 드 팔마!",
    "date": "15.08.07",
    "rating": "10",
    "author": "pont****",
    "review_id": "10195446",
    "movie_id": "10330"
  },
  {
    "review": "아저씨사랑해요영화도좋음",
    "date": "15.07.18",
    "rating": "8",
    "author": "2ele****",
    "review_id": "10114998",
    "movie_id": "10330"
  },
  {
    "review": "밑바닥부터 마약왕까지 성장하고 또 다시 몰락하는 토니 몬타나의 이야기는 알파치노의 명연기 덕분인지 꽤나 재미있다. 다만 토니 몬타나 이외의 캐릭터는 매력적이지가 않다는 점은 아쉽다.",
    "date": "15.07.06",
    "rating": "7",
    "author": "inos****",
    "review_id": "10076509",
    "movie_id": "10330"
  },
  {
    "review": "종합 평점은 8점 드립니다.",
    "date": "15.06.28",
    "rating": "8",
    "author": "terr****",
    "review_id": "10045796",
    "movie_id": "10330"
  },
  {
    "review": "잘 나가다가 마지막에 말아먹은 영화",
    "date": "15.06.19",
    "rating": "7",
    "author": "nine****",
    "review_id": "10011335",
    "movie_id": "10330"
  },
  {
    "review": "쎄이헬로우투마이리를프렌~!",
    "date": "15.06.14",
    "rating": "10",
    "author": "rsms****",
    "review_id": "10000978",
    "movie_id": "10330"
  },
  {
    "review": "욕망과 광기 그리고 타락해 가는 토니 몬타나의 내면을 드러내는 알파치노의 그 눈빛.. 젊은 알파치노의 그 마력이란!",
    "date": "15.06.10",
    "rating": "10",
    "author": "prem****",
    "review_id": "9987423",
    "movie_id": "10330"
  },
  {
    "review": "남자 본능의 끝을 보고 후회없는 최후를 맞이할때",
    "date": "15.05.28",
    "rating": "10",
    "author": "wnsq****",
    "review_id": "9957554",
    "movie_id": "10330"
  },
  {
    "review": "브라이언 드 팔마와 알 파치노 궁극의 느와르 조합.",
    "date": "15.04.24",
    "rating": "7",
    "author": "tear****",
    "review_id": "9864080",
    "movie_id": "10330"
  },
  {
    "review": "좀 말이 안되는 영화..총맞아도 쓰러지지도 않고..알파치노가 전 보스를 죽이고 보스되는것도 말도 안되고 ~~~",
    "date": "15.04.24",
    "rating": "2",
    "author": "ukal****",
    "review_id": "9864061",
    "movie_id": "10330"
  },
  {
    "review": "옼케이 앟~ 드르륵  손으로싹 싹~ 킁~",
    "date": "15.04.20",
    "rating": "10",
    "author": "acek****",
    "review_id": "9854419",
    "movie_id": "10330"
  },
  {
    "review": "메소드배우의 극을 보여주는 영화 , 다 씹어먹어버리는 알파치노 , 자비 없다 // 좋은 연출 , 좋은 시나리오 , 좋은 배우 , 좋은 음악 , // 아름답다",
    "date": "15.03.27",
    "rating": "9",
    "author": "dktm****",
    "review_id": "9810403",
    "movie_id": "10330"
  },
  {
    "review": "알파치노의  눈빛이 영화를 살렸다",
    "date": "15.03.26",
    "rating": "10",
    "author": "voca****",
    "review_id": "9807106",
    "movie_id": "10330"
  },
  {
    "review": "지나치게 폭력적, 대사의 절반이 욕설, 알 파치노의 연기는 좋았지만 개인적으로 매력을 느낄수 없는 캐릭터, 듣기 싫은 발음은 어쩔수 없다.",
    "date": "15.03.21",
    "rating": "3",
    "author": "zero****",
    "review_id": "9797076",
    "movie_id": "10330"
  },
  {
    "review": "최고로잼게봣다 알파치노짱",
    "date": "15.03.06",
    "rating": "10",
    "author": "gpvk****",
    "review_id": "9761331",
    "movie_id": "10330"
  },
  {
    "review": "알파치노=스카페이스...어설픈 플롯들도있지만 알파치노가 다커버함..",
    "date": "15.03.03",
    "rating": "10",
    "author": "kara****",
    "review_id": "9753910",
    "movie_id": "10330"
  },
  {
    "review": "내가 태어나기도 전에 영화지만 재밌게봄",
    "date": "15.02.23",
    "rating": "8",
    "author": "dksg****",
    "review_id": "9732249",
    "movie_id": "10330"
  },
  {
    "review": "스토리보단 영화의 짜임새?가 별로였던것 같고 조연 이딴거 다 갖다버리는 알파치노의 연기력이 돋보인 영화. 알파치노의 연기력에 2짐만점에 2점준다.",
    "date": "15.02.21",
    "rating": "2",
    "author": "dkki****",
    "review_id": "9725507",
    "movie_id": "10330"
  },
  {
    "review": "2시간 50분은 너무길다. 주인공의 최후가 인상깊지만 나머지는 그냥 그렇다",
    "date": "15.01.30",
    "rating": "7",
    "author": "okmr****",
    "review_id": "9650167",
    "movie_id": "10330"
  },
  {
    "review": "끝장나는 인생이 뭔지 보여준 영화 알 파치노의 연기는 정말 최고다",
    "date": "15.01.29",
    "rating": "10",
    "author": "kdg9****",
    "review_id": "9649253",
    "movie_id": "10330"
  },
  {
    "review": "안그래도 멋진 영화인데 90년대도 아니고 84년도 영화라는 것을 감안한다면 10점 만점에 20점을 줘도 모자랄듯하다.",
    "date": "15.01.20",
    "rating": "10",
    "author": "anfr****",
    "review_id": "9616979",
    "movie_id": "10330"
  },
  {
    "review": "두둑한 배짱과 여자 꼬시는 솜씨를 동경, 욕심과 나락의 극단을 즐기는 포부에 감탄, 가슴을 여미는 비극에 눈물 한 방울.",
    "date": "15.01.11",
    "rating": "9",
    "author": "punk****",
    "review_id": "9582484",
    "movie_id": "10330"
  },
  {
    "review": "명대사3개 나머진 전부 개짓만했지 주인공이 죽었으면한 생각을 수십번했다",
    "date": "14.11.21",
    "rating": "3",
    "author": "jsga****",
    "review_id": "9407775",
    "movie_id": "10330"
  },
  {
    "review": "평점이 왜이리 낮을까. 잔인해서? 잔인함은 표현의 방법중 하나다. 잔인하다는 이유로 1점을 준다면 미술관에서 가슴을 드러낸  여성의 그림을 태우는것과 다를게 없다.",
    "date": "14.11.01",
    "rating": "10",
    "author": "wond****",
    "review_id": "9333141",
    "movie_id": "10330"
  },
  {
    "review": "많은 느와르물의 모태와도 같은 영화.. 돈과 힘을 가져도 결국 환락의 노예일 수 밖에 없는 삶. 가족에 대한 사랑과 친구에 대한 우정, 어린아이는 죽일 수 없다는 최소한의 양심만으로는 자신 앞에 다가온 비극을 막을 수는 없었다.",
    "date": "14.10.18",
    "rating": "8",
    "author": "plto****",
    "review_id": "9299321",
    "movie_id": "10330"
  },
  {
    "review": "모든걸 가지려다 모든걸 잃게 된 굵고 짧고 허망한 남자의 이야기.",
    "date": "14.10.14",
    "rating": "7",
    "author": "jiyu****",
    "review_id": "9291399",
    "movie_id": "10330"
  },
  {
    "review": "이게 진짜83년도작? 2014년인지금도 매순간순간 몰입해서 감상할수있었다. 주인공토니의삶은 쓰레기그자체, 깡패를 미화하는 모 국가의 조폭영화들과달리 비참한깡패의삶을 있는그대로보여준다.",
    "date": "14.10.02",
    "rating": "9",
    "author": "ibis****",
    "review_id": "9256064",
    "movie_id": "10330"
  },
  {
    "review": "전체적인 스토리는 전형적이고 170분이란 러닝 타임은 너무 길다. 하지만 알 파치노는 강렬하고, 저택 총격 장면에서 폭발하는 ‘토니 몬타나’ 캐릭터의 카리스마는 엄청나며, 파멸에 이르는 주인공의 삶은 안타까움을 남긴다.",
    "date": "14.10.01",
    "rating": "8",
    "author": "zxc1****",
    "review_id": "9251459",
    "movie_id": "10330"
  },
  {
    "review": "칼리토 보기 전에 봤으면 10점 줬다",
    "date": "14.09.27",
    "rating": "9",
    "author": "haj1****",
    "review_id": "9244738",
    "movie_id": "10330"
  },
  {
    "review": "명성에 비해 다 보고난 뒤의 감흥은 떨어짐. 그냥 전형적인 마약 깡패 성공, 몰락 이야기.",
    "date": "14.09.13",
    "rating": "7",
    "author": "ryoo****",
    "review_id": "9209851",
    "movie_id": "10330"
  },
  {
    "review": "기승전결이 참 깔끔했던 영화.. 알파치노의 미쳐가는 과정과 비운의 결말은 영화가 끝난 뒤에도 찝찝함이 남을 정도로 잘 전달되었다.",
    "date": "14.09.08",
    "rating": "9",
    "author": "luka****",
    "review_id": "9184966",
    "movie_id": "10330"
  },
  {
    "review": "모든 장면이 교과서다 수많은 감독들이 영향받은 영화하지만 원작을 못따라간다 알파치노 연기도 절정",
    "date": "14.08.26",
    "rating": "10",
    "author": "dj10****",
    "review_id": "9136131",
    "movie_id": "10330"
  },
  {
    "review": "이영화를 보고 알파치노의 다른영화를 봤지만 이영화 만큼은 아니다",
    "date": "14.08.21",
    "rating": "10",
    "author": "ko11****",
    "review_id": "9118256",
    "movie_id": "10330"
  },
  {
    "review": "알 파치노의 연기는 소름 돋는다.",
    "date": "14.08.06",
    "rating": "9",
    "author": "okpl****",
    "review_id": "9038414",
    "movie_id": "10330"
  },
  {
    "review": "영화가 의미하는뜻도있고 알파치노의 폭풍연기력 ;;;",
    "date": "14.07.31",
    "rating": "10",
    "author": "moon****",
    "review_id": "8992895",
    "movie_id": "10330"
  },
  {
    "review": "이런 대명작이 평점 왜이리 낮어",
    "date": "14.07.29",
    "rating": "10",
    "author": "juno****",
    "review_id": "8977519",
    "movie_id": "10330"
  },
  {
    "review": "이래서 알파치노 알파치노 하는구나 ㄷㄷ",
    "date": "14.07.21",
    "rating": "10",
    "author": "whit****",
    "review_id": "8937710",
    "movie_id": "10330"
  },
  {
    "review": "역시 알파치노다 강추영화",
    "date": "14.07.19",
    "rating": "9",
    "author": "kure****",
    "review_id": "8932041",
    "movie_id": "10330"
  },
  {
    "review": "풋풋한 미쉘파이퍼보고 깜놀;;;;근데 이때도 27이셨다는 생각보다 나이가 많아 한번더 깜놀",
    "date": "14.07.18",
    "rating": "10",
    "author": "mcma****",
    "review_id": "8927159",
    "movie_id": "10330"
  },
  {
    "review": "제가 쓴 '20세기 할리우드 드문 영화 걸작선 94편' 이라는 책에도 이 영화 내용이 있습니다. 네이버에서 바로 검색됩니다. 스카페이스 뿐만 아니라 주옥같은 작품들을 모아놨습니다.",
    "date": "14.07.09",
    "rating": "9",
    "author": "sykm****",
    "review_id": "8898348",
    "movie_id": "10330"
  },
  {
    "review": "토니몬타나 후후 이 캐릭터 어쩜 좋아 !!",
    "date": "14.06.14",
    "rating": "10",
    "author": "essu****",
    "review_id": "8827851",
    "movie_id": "10330"
  },
  {
    "review": "살면서기억에남는영화들이있는데그중에하나다.",
    "date": "14.06.04",
    "rating": "9",
    "author": "ucfi****",
    "review_id": "8794725",
    "movie_id": "10330"
  },
  {
    "review": "알파치노가 마약을 너무 맛나게 흡입함 본격 마약 먹방영화",
    "date": "14.06.03",
    "rating": "8",
    "author": "leej****",
    "review_id": "8790080",
    "movie_id": "10330"
  },
  {
    "review": "상당히 재미 있을 거 같다. ㅎ",
    "date": "14.05.25",
    "rating": "10",
    "author": "pc59****",
    "review_id": "8765199",
    "movie_id": "10330"
  },
  {
    "review": "이걸 이제야 처음 보다니",
    "date": "14.05.15",
    "rating": "10",
    "author": "pink****",
    "review_id": "8734428",
    "movie_id": "10330"
  },
  {
    "review": "SAY HELLO TO MY LITTLE FIREND! 하나로 끝나는 영화!",
    "date": "14.04.22",
    "rating": "9",
    "author": "gch0****",
    "review_id": "8666017",
    "movie_id": "10330"
  },
  {
    "review": "전기톱도 굴하지 않는 깡다구, 첨부터 보스인 양 두둑한 베짱과 카리스마, 저 자신감은 대체 어디서 나오는지... 하지만 통제불가능한 너무 강한 성격으로 결국 친구와 동생마저도 잃게 돼... 마지막 2층 난간의 난사 장면의 과장되면서도 강렬한 여운...",
    "date": "14.04.18",
    "rating": "7",
    "author": "sioh****",
    "review_id": "8657350",
    "movie_id": "10330"
  },
  {
    "review": "알 행님의 연기 쩔었음.특히 매니가 문을 열어주고 2층에서 여동생을본후 다시 매니를 쳐다볼때에그 분노에 찬 얼굴.잊혀지지가 않는다.이번이 이영화 3번째라는.계속봐도 질리지않는영화..알 형님의 카리스마가 대단한 영화였음그리고 리즈시절의 미쉘누님의",
    "date": "14.04.06",
    "rating": "10",
    "author": "erro****",
    "review_id": "8633753",
    "movie_id": "10330"
  },
  {
    "review": "글쎄..과잉평가된 영화...너무오버떨다 현실성 떨어졌다.그냥별점주는건 좀 아닌것 같다.알파치노연기 완전 과잉...자연스럽지가 않다.",
    "date": "14.04.06",
    "rating": "3",
    "author": "gang****",
    "review_id": "8631434",
    "movie_id": "10330"
  },
  {
    "review": "인간의 욕망은 끝이없고 결국엔 화를 부른다",
    "date": "14.03.30",
    "rating": "10",
    "author": "dlcj****",
    "review_id": "8619257",
    "movie_id": "10330"
  },
  {
    "review": "알파치노의 또 하나의 명작!!!   범죄로 흥한 자의 결말은 결코 밝을 수가 없다고 생각하네요.",
    "date": "14.03.11",
    "rating": "10",
    "author": "wjdg****",
    "review_id": "8568286",
    "movie_id": "10330"
  },
  {
    "review": "알파치노 Forever 이 이상의 배우는 없다",
    "date": "14.02.12",
    "rating": "10",
    "author": "smst****",
    "review_id": "8500485",
    "movie_id": "10330"
  },
  {
    "review": "최고 명작입니다 꼭봐야할 영화",
    "date": "14.01.22",
    "rating": "10",
    "author": "real****",
    "review_id": "8409324",
    "movie_id": "10330"
  },
  {
    "review": "부와 명예, 인간의 파멸 그리고 알파치노",
    "date": "14.01.16",
    "rating": "8",
    "author": "rcan****",
    "review_id": "8385979",
    "movie_id": "10330"
  },
  {
    "review": "연출에서 제작,  연기, 음악까지... 가히 드림팀이 만들어낸 걸작이라 할 만하다.",
    "date": "14.01.07",
    "rating": "10",
    "author": "quev****",
    "review_id": "8358127",
    "movie_id": "10330"
  },
  {
    "review": "다시는 나올 수 없는, 대부를 능가하는, 영화역사상 느와르 영화 최고 걸작.",
    "date": "14.01.05",
    "rating": "10",
    "author": "sipj****",
    "review_id": "8352567",
    "movie_id": "10330"
  },
  {
    "review": "10이여 올려 평점 재밌네요^^",
    "date": "14.01.04",
    "rating": "10",
    "author": "lion****",
    "review_id": "8347894",
    "movie_id": "10330"
  },
  {
    "review": "70~80 당대 최고의 갱스터 클래식 중 한편 , 라스트10분은 30여년이 지난 지금 봐도 매우 강렬하다. 브라이언 드 팔마의 최고 걸작인 듯 하다.",
    "date": "14.01.03",
    "rating": "10",
    "author": "qorr****",
    "review_id": "8344452",
    "movie_id": "10330"
  },
  {
    "review": "갱스터 영화 끝판왕~   수십번도  더 보게되는 명작",
    "date": "13.12.30",
    "rating": "10",
    "author": "tteb****",
    "review_id": "8325855",
    "movie_id": "10330"
  },
  {
    "review": "주인공캐릭터가 너무 어설프고 감정적이다. 그래도 거물마약조직두목이라는 자가 치밀하고 냉정하지 못해서 현실적으로 공감이 안간다. 너무 픽션느낌이 강해서 지금의 시각으로 보면 영 아니올시다.",
    "date": "13.12.27",
    "rating": "4",
    "author": "wjrh****",
    "review_id": "8311414",
    "movie_id": "10330"
  },
  {
    "review": "쩐다 쩔어 이게 84년작이라니 대단하다",
    "date": "13.12.18",
    "rating": "10",
    "author": "kyki****",
    "review_id": "8222047",
    "movie_id": "10330"
  },
  {
    "review": "이 영화를 보고 드 팔마형 영화들을 챙겨보게 됬지....",
    "date": "13.12.07",
    "rating": "10",
    "author": "cota****",
    "review_id": "8197855",
    "movie_id": "10330"
  },
  {
    "review": "탐욕은 인간을 자멸하게한다.",
    "date": "13.11.28",
    "rating": "9",
    "author": "aida****",
    "review_id": "8174587",
    "movie_id": "10330"
  },
  {
    "review": "막장 오버스러움을 조금 자제했더라면 좋았겠지만 다시 생각해보면 알파치노 였기에 이런 평범한 깡패영화도 명작으로 만들어버린 그는 진정 연기의 신이다.",
    "date": "13.11.23",
    "rating": "8",
    "author": "dust****",
    "review_id": "8161857",
    "movie_id": "10330"
  },
  {
    "review": "알 파치노는 전설이다. 그의 연기력은 무섭게까지 느껴진다",
    "date": "13.11.15",
    "rating": "10",
    "author": "rose****",
    "review_id": "8142127",
    "movie_id": "10330"
  },
  {
    "review": "이 영화가 걸작이란것을 부정하는 사람이 있는가?  마지막 총격신은 평생 잊혀지지않을 명장면이다...!",
    "date": "13.11.12",
    "rating": "10",
    "author": "dark****",
    "review_id": "8134334",
    "movie_id": "10330"
  },
  {
    "review": "한 남자의 인생을 드 팔마 + 알 파치노의 조합으로. World is yours!",
    "date": "13.11.09",
    "rating": "9",
    "author": "ldy6****",
    "review_id": "8126016",
    "movie_id": "10330"
  },
  {
    "review": "상남자 영화 화끈하구먼",
    "date": "13.11.03",
    "rating": "10",
    "author": "p770****",
    "review_id": "8113211",
    "movie_id": "10330"
  },
  {
    "review": "참 슬픈 스토리....",
    "date": "13.10.20",
    "rating": "8",
    "author": "jbc1****",
    "review_id": "8076093",
    "movie_id": "10330"
  },
  {
    "review": "총을 쥐며 미친듯 소리치는 것은 칼리토와 비슷했고, 성격이 변해가는 것은 대부와 비슷했다.",
    "date": "13.09.29",
    "rating": "9",
    "author": "radi****",
    "review_id": "8023092",
    "movie_id": "10330"
  },
  {
    "review": "멍청한인간들에겐 레전드급 영화,,똑똑한 인간들에겐 삼류저질영화,,영화쟁이들한테는 알파치노 연기력만 보이는 영화.",
    "date": "13.09.23",
    "rating": "5",
    "author": "salu****",
    "review_id": "8012514",
    "movie_id": "10330"
  },
  {
    "review": "중학교때 극장에서 본 걸작",
    "date": "13.09.22",
    "rating": "10",
    "author": "ihyu****",
    "review_id": "8010061",
    "movie_id": "10330"
  },
  {
    "review": "알파치노의 대표작",
    "date": "13.09.15",
    "rating": "9",
    "author": "rjsw****",
    "review_id": "7983803",
    "movie_id": "10330"
  },
  {
    "review": "또니몬따나!!",
    "date": "13.09.09",
    "rating": "10",
    "author": "godi****",
    "review_id": "7962007",
    "movie_id": "10330"
  },
  {
    "review": "결국에는 토니 몬타나도 자기를 조직에 끌어들였던 보스와 똑같이 변해간다는 모습, 과정이 씁쓸했다. 1984년 작이라고는 믿지 못할 섬세한 내면의 변화를 외부로 표출시키는 모습이 굉장히 뛰어났다. 다시 깨끗하게 리마스터링을 해서 재개봉 했으면 좋겠다.",
    "date": "13.09.09",
    "rating": "10",
    "author": "stmi****",
    "review_id": "7961695",
    "movie_id": "10330"
  },
  {
    "review": "80년대의 미국 사회상을 잘 반영한 영화, 살인, 마약, 매춘 위에 설립된 미국, 그 이상도 이하도 아니다. 한 사람은 부정은 결국 파멸로 이른다.",
    "date": "13.09.08",
    "rating": "7",
    "author": "mr_p****",
    "review_id": "7960125",
    "movie_id": "10330"
  },
  {
    "review": "MLC",
    "date": "13.08.26",
    "rating": "10",
    "author": "rapf****",
    "review_id": "7925589",
    "movie_id": "10330"
  },
  {
    "review": "느와르하면 알파치노.대부보다 훨씬 강렬한 인상을 줌",
    "date": "13.08.22",
    "rating": "10",
    "author": "sams****",
    "review_id": "7913054",
    "movie_id": "10330"
  },
  {
    "review": "평점 믿고 봤다가 두시간반 날림;;; 재미없다",
    "date": "13.08.18",
    "rating": "1",
    "author": "dusc****",
    "review_id": "7901372",
    "movie_id": "10330"
  },
  {
    "review": "구성은 한시도 눈을 못땔정도로 재밌지만 동생이 총크리 맞을때는..갑자기 막장되는 느낌.. 알파치노의 자연스런 연기는 기깔날정도로 맛깔남",
    "date": "13.08.14",
    "rating": "7",
    "author": "zhde****",
    "review_id": "7878807",
    "movie_id": "10330"
  },
  {
    "review": "혼자서 영화를 다 씹어먹는게 가능하단 걸 보여준 알파치노.",
    "date": "13.08.09",
    "rating": "10",
    "author": "jsoh****",
    "review_id": "7862526",
    "movie_id": "10330"
  },
  {
    "review": "마지막에 연기는 정말 대단했다. 계속 뒤돌려 보았다. 미칠듯 머리에 남는 영상",
    "date": "13.08.08",
    "rating": "10",
    "author": "l_si****",
    "review_id": "7860512",
    "movie_id": "10330"
  },
  {
    "review": "뻥이 좀 쎈 그렇고 그런 영화.",
    "date": "13.08.03",
    "rating": "7",
    "author": "cosc****",
    "review_id": "7831403",
    "movie_id": "10330"
  },
  {
    "review": "이런영화가 있나?",
    "date": "13.07.31",
    "rating": "8",
    "author": "xx41****",
    "review_id": "7802378",
    "movie_id": "10330"
  },
  {
    "review": "어떤 영화든지 조연과 함께 조화를 이루어여 빛이나는 법인데 이영화는 알파치노 혼자 완성시켰다. 그런데도 지린다 ㅎㄷㄷ",
    "date": "13.07.29",
    "rating": "10",
    "author": "zndz****",
    "review_id": "7797532",
    "movie_id": "10330"
  },
  {
    "review": "배짱 하나는 볼만하다",
    "date": "13.07.24",
    "rating": "10",
    "author": "mara****",
    "review_id": "7779961",
    "movie_id": "10330"
  },
  {
    "review": "아임 또니 몬따나~!",
    "date": "13.07.20",
    "rating": "10",
    "author": "cidd****",
    "review_id": "7767800",
    "movie_id": "10330"
  },
  {
    "review": "토니 몬타나 그 자체로서의 알 파치노. 마지막 장면의 강렬함은 쉽게 잊혀지지 않는다.",
    "date": "13.07.18",
    "rating": "9",
    "author": "floo****",
    "review_id": "7754305",
    "movie_id": "10330"
  },
  {
    "review": "이거 어릴때 보았는데...  아직도 마지막 장면 생생하네...비극적인 장면",
    "date": "13.07.15",
    "rating": "8",
    "author": "adiv****",
    "review_id": "7747103",
    "movie_id": "10330"
  },
  {
    "review": "진정 그 가질수 없는 것에 대한 공허를 알기에 몰락할수 밖에 없는 ....",
    "date": "13.07.14",
    "rating": "7",
    "author": "kjsv****",
    "review_id": "7738761",
    "movie_id": "10330"
  },
  {
    "review": "진짜 드팔마의 연출보다도 알파치노의 연기에 감탄하고간다 보통 알파치노 최고 연기는 여인의 향기라 꼽지만,난아니다. 조연연기가 부실함에도 혼자 채우는 능력!!! 특히 마지막 총격씬은 혼자 만든느낌.오버액팅마저도 감탄하게 만드는 배우 영화는 조금아쉽다",
    "date": "13.07.04",
    "rating": "8",
    "author": "chjy****",
    "review_id": "7704970",
    "movie_id": "10330"
  },
  {
    "review": "개인적으로 여인의 향기보다도 알파치노의 연기력이 가장 극대화된 작품이라고 생각. 드 팔마 감독이 30년대의 원작을 초월하는 리메이크를 했음.",
    "date": "13.06.21",
    "rating": "10",
    "author": "syba****",
    "review_id": "7663634",
    "movie_id": "10330"
  },
  {
    "review": "분명 80년대에 엄청난 영화였을것이다",
    "date": "13.06.21",
    "rating": "9",
    "author": "milk****",
    "review_id": "7662344",
    "movie_id": "10330"
  },
  {
    "review": "한 남자의 인생 , 남자의 인생",
    "date": "13.06.09",
    "rating": "10",
    "author": "dedu****",
    "review_id": "7617567",
    "movie_id": "10330"
  },
  {
    "review": "대부보다 낫다.",
    "date": "13.06.09",
    "rating": "10",
    "author": "skys****",
    "review_id": "7615822",
    "movie_id": "10330"
  },
  {
    "review": "주인공들이 마약을 참 맛깔나게  먹는영화",
    "date": "13.05.31",
    "rating": "10",
    "author": "ohye****",
    "review_id": "7564747",
    "movie_id": "10330"
  },
  {
    "review": "대부보다도 올드한 느낌이다. 마초지수 만땅인 알파치노 연기가 인상적",
    "date": "13.05.28",
    "rating": "8",
    "author": "tjfu****",
    "review_id": "7559334",
    "movie_id": "10330"
  },
  {
    "review": "world is yours",
    "date": "13.05.26",
    "rating": "9",
    "author": "marc****",
    "review_id": "7556052",
    "movie_id": "10330"
  },
  {
    "review": "기분나쁜영화",
    "date": "13.05.22",
    "rating": "1",
    "author": "lei1****",
    "review_id": "7547864",
    "movie_id": "10330"
  }
]