[
  {
    "review": "엔니오 모리꼬네의 음악과 마카로니 웨스턴....어린 시절 나의 로망이 되었다!!",
    "date": "15.07.31",
    "rating": "10",
    "author": "sang****",
    "review_id": "10164074",
    "movie_id": "10345"
  },
  {
    "review": "여기서 그 무엇을 더 바라리오...신의경지다(웃음)",
    "date": "15.07.15",
    "rating": "10",
    "author": "baks****",
    "review_id": "10105338",
    "movie_id": "10345"
  },
  {
    "review": "웨스턴이 끝을 보기 직전, 멋진 연출력의 마지막 마카로니 웨스턴.",
    "date": "14.11.16",
    "rating": "8",
    "author": "kimg****",
    "review_id": "9390493",
    "movie_id": "10345"
  },
  {
    "review": "아쉬운점이 많지만 저시대아님 찍어낼수없는 낭만이 있다...영화는 전체적으로 어설픈 흐름이나 코미디 서부영화라면 이야기는 달라짐",
    "date": "14.11.05",
    "rating": "7",
    "author": "kara****",
    "review_id": "9342016",
    "movie_id": "10345"
  },
  {
    "review": "테렌스 힐 하하하  몇몇 서부영화들은 리메이크 하기를 바라지만 이영화는 그냥봐도 볼만함",
    "date": "13.08.17",
    "rating": "10",
    "author": "kimj****",
    "review_id": "7896548",
    "movie_id": "10345"
  },
  {
    "review": "유독 아름아운 푸른 눈을 가진 신구세대 총잡이들의 교체기 헨리폰다 테렌스 힐 너무 멋있다. 엔니오 모리코네의 음악은 말할 나위 없고 언제나 봐도 가슴 뛰게 하는 사나이들의 영화. 압권은 1대150싸움",
    "date": "13.08.07",
    "rating": "10",
    "author": "kba7****",
    "review_id": "7851989",
    "movie_id": "10345"
  },
  {
    "review": "유치함은 음악마저 아동용처럼 들리게 한다",
    "date": "13.06.01",
    "rating": "2",
    "author": "bbq2****",
    "review_id": "7568411",
    "movie_id": "10345"
  },
  {
    "review": "최고의 서부총잡이 영화중 하나",
    "date": "13.04.17",
    "rating": "10",
    "author": "yaoy****",
    "review_id": "7464865",
    "movie_id": "10345"
  },
  {
    "review": "헨리폰다에 3점, 테렌스 힐에게 3점, 엔리오 모리꼬네에게도 2점, 나머지 2점은 비상총알..",
    "date": "13.04.12",
    "rating": "8",
    "author": "bete****",
    "review_id": "7454655",
    "movie_id": "10345"
  },
  {
    "review": "똘기 넘치는 젊은 총잡이와 올드맨의 묘한 조화. 다만 끝의 편지가 너무 긴것같기도....",
    "date": "13.01.31",
    "rating": "9",
    "author": "heim****",
    "review_id": "7201942",
    "movie_id": "10345"
  },
  {
    "review": "음악만큼이나 유쾌했던 영화 ㅋ",
    "date": "12.09.02",
    "rating": "10",
    "author": "hsi2****",
    "review_id": "6665902",
    "movie_id": "10345"
  },
  {
    "review": "역사를 만드는 당신, 역사를 만드는 당신 한국어 더빙 양지운의 그 목소리.정말 여운에 남는 영화다. 젊은 시절 테렌스 힐 그야말로 푸른 눈의 멋쟁이",
    "date": "12.08.15",
    "rating": "10",
    "author": "sanb****",
    "review_id": "6610334",
    "movie_id": "10345"
  },
  {
    "review": "음악이 기억에 남는 영화 나이든 헨리폰다와 테렌스 힐의 만남",
    "date": "12.05.16",
    "rating": "7",
    "author": "thra****",
    "review_id": "6302538",
    "movie_id": "10345"
  },
  {
    "review": "색다른 걸 체험할 수 있는 코미디 마카로니 웨스턴 영화",
    "date": "12.01.22",
    "rating": "8",
    "author": "figh****",
    "review_id": "6009476",
    "movie_id": "10345"
  },
  {
    "review": "앨런래드의 웨스턴영화 쉐인과 더불어 최고의  걸작....",
    "date": "11.12.04",
    "rating": "10",
    "author": "city****",
    "review_id": "5887247",
    "movie_id": "10345"
  },
  {
    "review": "뭐라 말할게 없다. 그저 최고의 웨스턴작이라는 것밖엔..",
    "date": "11.02.22",
    "rating": "10",
    "author": "lhk3****",
    "review_id": "5268003",
    "movie_id": "10345"
  },
  {
    "review": "웨스턴 영화의 황혼기를 알리는 걸작~",
    "date": "11.02.19",
    "rating": "9",
    "author": "hiel****",
    "review_id": "5256939",
    "movie_id": "10345"
  },
  {
    "review": "시종 어설픔이 판을 치지만, 헨리 폰다의 중후함과 철학있는 마무리는 일품.",
    "date": "11.01.15",
    "rating": "8",
    "author": "mist****",
    "review_id": "5159305",
    "movie_id": "10345"
  },
  {
    "review": "변화를 추구하여 업그레이드 된 서부극.",
    "date": "10.08.31",
    "rating": "8",
    "author": "jjyn****",
    "review_id": "4807515",
    "movie_id": "10345"
  },
  {
    "review": "추억의 영화",
    "date": "10.08.29",
    "rating": "10",
    "author": "sekm****",
    "review_id": "4803621",
    "movie_id": "10345"
  },
  {
    "review": "내 인생 최고의 영화 중 하나 DVD 소장용",
    "date": "10.07.11",
    "rating": "10",
    "author": "chin****",
    "review_id": "4628973",
    "movie_id": "10345"
  },
  {
    "review": "첫장면 물고기 때려서 잡는 장면이 기억에 오래 남더군요 ㅎ",
    "date": "10.06.25",
    "rating": "10",
    "author": "humi****",
    "review_id": "4589987",
    "movie_id": "10345"
  },
  {
    "review": "10대의 추억이 서려 있는 영화. 그러나 지금 보니 많이 유치하다..",
    "date": "10.05.16",
    "rating": "7",
    "author": "kusa****",
    "review_id": "4501984",
    "movie_id": "10345"
  },
  {
    "review": "멋을 너무 낸게 아닌가? 마치 맨 얼굴도 예쁜데 두껍게 한 화장을 보는 듯 한 갑갑함?",
    "date": "09.11.27",
    "rating": "7",
    "author": "rain****",
    "review_id": "3994882",
    "movie_id": "10345"
  },
  {
    "review": "내가 기대했던것과는 내용이 딴판이다... 서부영화는 어릴때봐야 재밌나보다",
    "date": "09.10.09",
    "rating": "6",
    "author": "hong****",
    "review_id": "3882429",
    "movie_id": "10345"
  },
  {
    "review": "최근에다시봤는데 어렸을때 추억만큼은아니더군요..^^",
    "date": "09.04.20",
    "rating": "7",
    "author": "jjis****",
    "review_id": "3430715",
    "movie_id": "10345"
  },
  {
    "review": "나도 구하고 싶소~~어디 DVD라도 살수 없는지 원 ㅠ0ㅠ",
    "date": "09.02.13",
    "rating": "10",
    "author": "roma****",
    "review_id": "3299831",
    "movie_id": "10345"
  },
  {
    "review": "이 영화만큼은 꼭 다시 보고싶은 것인데 어디 구할 수 있나요",
    "date": "09.01.28",
    "rating": "10",
    "author": "obr0****",
    "review_id": "3257653",
    "movie_id": "10345"
  },
  {
    "review": "재밌음,. 레오네와 헨리폰다가 만난거니깐",
    "date": "08.12.25",
    "rating": "10",
    "author": "sven****",
    "review_id": "3147198",
    "movie_id": "10345"
  },
  {
    "review": "초딩일때는 무슨 내용인지 몰랐지만, 어제 봤을 때 유유자적!! 넘 멋진 영화야~",
    "date": "08.12.10",
    "rating": "9",
    "author": "pure****",
    "review_id": "3104747",
    "movie_id": "10345"
  },
  {
    "review": "굿",
    "date": "08.11.02",
    "rating": "10",
    "author": "hanb****",
    "review_id": "3032326",
    "movie_id": "10345"
  },
  {
    "review": "그래도 풋풋하잖아 재밌음",
    "date": "08.10.12",
    "rating": "10",
    "author": "chos****",
    "review_id": "2996310",
    "movie_id": "10345"
  },
  {
    "review": "원스어폰어타임인디웨스트를 패러디한듯한 대결씬",
    "date": "08.06.17",
    "rating": "7",
    "author": "ngda****",
    "review_id": "2703839",
    "movie_id": "10345"
  },
  {
    "review": "영화 중간, 샘페킨파의 묘비//진지했던 영웅의 모습은 사라지고......",
    "date": "08.04.05",
    "rating": "7",
    "author": "xotn****",
    "review_id": "2559404",
    "movie_id": "10345"
  },
  {
    "review": "내 이름은 튜니티의 더 낳은 완성도 버전 ..마카로니 웨스턴의 숨은 걸작",
    "date": "08.01.21",
    "rating": "10",
    "author": "naiz****",
    "review_id": "2354137",
    "movie_id": "10345"
  },
  {
    "review": "토니노 발레리 감독의 엉덩이를 걷어차고 마무리 지은 레오네.",
    "date": "07.10.02",
    "rating": "7",
    "author": "diso****",
    "review_id": "2065615",
    "movie_id": "10345"
  },
  {
    "review": "가 이미 로망이었기에 이건 약간 밋밋했다",
    "date": "07.09.08",
    "rating": "7",
    "author": "scri****",
    "review_id": "2007238",
    "movie_id": "10345"
  },
  {
    "review": "너무나 독특한...그래서 잊혀지지 않는 서부 영화",
    "date": "07.04.23",
    "rating": "9",
    "author": "dolg****",
    "review_id": "1601721",
    "movie_id": "10345"
  },
  {
    "review": "어설픈 내용, 촌스러운 유머, 긴장감 떨어지는 화면 구성",
    "date": "07.04.21",
    "rating": "3",
    "author": "okjo****",
    "review_id": "1598679",
    "movie_id": "10345"
  },
  {
    "review": "왜 예전의 정말 재미난 느낌은 아닌건지...^^",
    "date": "07.02.14",
    "rating": "7",
    "author": "mino****",
    "review_id": "1469181",
    "movie_id": "10345"
  },
  {
    "review": "음악만 기억에 남는다.",
    "date": "07.01.15",
    "rating": "7",
    "author": "team****",
    "review_id": "1385707",
    "movie_id": "10345"
  },
  {
    "review": "헨리 폰다! 전설의 영웅은 죽지 않는다. 다만 사라질뿐..후후",
    "date": "06.12.25",
    "rating": "8",
    "author": "movi****",
    "review_id": "1323610",
    "movie_id": "10345"
  },
  {
    "review": "띵 띵띵 띵띠띠띠~~ 엔니오 모리꼬네의 음악이 아직도 귀전에..",
    "date": "06.03.09",
    "rating": "5",
    "author": "lshp****",
    "review_id": "710030",
    "movie_id": "10345"
  },
  {
    "review": "카리스미있는테렌스힐의연기가감명깊었던잊지못할영화",
    "date": "06.02.02",
    "rating": "10",
    "author": "juli****",
    "review_id": "641964",
    "movie_id": "10345"
  },
  {
    "review": "유머와 촬영, 편집이 73년도라는 사실을 놀라게 만든다.",
    "date": "05.02.01",
    "rating": "9",
    "author": "ssun****",
    "review_id": "203279",
    "movie_id": "10345"
  },
  {
    "review": "헨리폰다의 일당백 총격신은 지금 봐도 멋지다...",
    "date": "04.12.03",
    "rating": "10",
    "author": "cjdt****",
    "review_id": "156139",
    "movie_id": "10345"
  }
]