[
  {
    "review": "뻔하지 않다. 정말 훌륭한 영화",
    "date": "15.08.23",
    "rating": "10",
    "author": "kizh****",
    "review_id": "10265693",
    "movie_id": "10343"
  },
  {
    "review": "엄청난 스릴러와 복선 그리고 충격적 결말",
    "date": "15.08.07",
    "rating": "10",
    "author": "suvr****",
    "review_id": "10199058",
    "movie_id": "10343"
  },
  {
    "review": "40년대 영화라고 느껴지지 않을만큼 좋은 작품이기는 하나 히치콕의 다른 작품들에 비해 매력이 조금 떨어져 보인다.",
    "date": "15.08.04",
    "rating": "7",
    "author": "sinb****",
    "review_id": "10182897",
    "movie_id": "10343"
  },
  {
    "review": "엄청난 영화였다 뮤지컬로도 꼭 한번 보고싶었는데 못본게 한이다",
    "date": "15.07.22",
    "rating": "10",
    "author": "ok70****",
    "review_id": "10129319",
    "movie_id": "10343"
  },
  {
    "review": "늙은 가정부는 왜 생쇼를 하는 걸까요",
    "date": "15.07.05",
    "rating": "5",
    "author": "almo****",
    "review_id": "10073839",
    "movie_id": "10343"
  },
  {
    "review": "이것이 40년대 영화인가?",
    "date": "15.05.27",
    "rating": "10",
    "author": "fing****",
    "review_id": "9955383",
    "movie_id": "10343"
  },
  {
    "review": "멜로와 스릴러를 이렇게 조합할수 있다니 ...",
    "date": "15.05.09",
    "rating": "10",
    "author": "kimd****",
    "review_id": "9906269",
    "movie_id": "10343"
  },
  {
    "review": "70년전 영화라니..왜 히치콕 히치콕 하는지 알겠네..",
    "date": "15.05.06",
    "rating": "10",
    "author": "rmt1****",
    "review_id": "9899274",
    "movie_id": "10343"
  },
  {
    "review": "영화가 너무 재밌어서 원작 책도 꼭 읽어보고 싶네요..",
    "date": "15.04.29",
    "rating": "9",
    "author": "alem****",
    "review_id": "9879194",
    "movie_id": "10343"
  },
  {
    "review": "히치콕의 단연 최고의 영화! 정말 어마어마한 몰입도를 자랑한다. 최고! 이게 짱! 다른 거 볼 필요없어. 이게 걍 짱이다.",
    "date": "15.04.28",
    "rating": "10",
    "author": "sanc****",
    "review_id": "9875007",
    "movie_id": "10343"
  }
]