[
  {
    "review": "다섯 손가락안에 꼽히는 서부영화. 7인 하나 하나가 모두 개성있고 매력적일뿐만 아니라 웃음도 놓치지 않았다.",
    "date": "15.08.23",
    "rating": "9",
    "author": "sinb****",
    "review_id": "10265196",
    "movie_id": "10349"
  },
  {
    "review": "엉성한 연출 더 이상 할 표현이 없다",
    "date": "15.08.09",
    "rating": "1",
    "author": "hrns****",
    "review_id": "10208663",
    "movie_id": "10349"
  },
  {
    "review": "이런 명작을 이제야 보다니 리메이크에 이병헌 나온다는데 어떨지 60년대에 나온걸 감안해도 요즘 영화보다 낫다...",
    "date": "15.07.06",
    "rating": "10",
    "author": "monk****",
    "review_id": "10075723",
    "movie_id": "10349"
  },
  {
    "review": "총잡이들이 하나같이 다 멋있네.",
    "date": "15.07.04",
    "rating": "7",
    "author": "hadl****",
    "review_id": "10066782",
    "movie_id": "10349"
  },
  {
    "review": "햐.. ebs에서 지금 봤는데 율브리너의 카리스마는 정말 엄청나네요. 남자가 봐도 매력적입니다. 굵직한 목소리 멋집니다!",
    "date": "15.07.04",
    "rating": "9",
    "author": "zelo****",
    "review_id": "10066767",
    "movie_id": "10349"
  },
  {
    "review": "60년 영화이데도 전혀 지루하지 않음 태양은가득히과 더불어 명작임",
    "date": "15.06.21",
    "rating": "9",
    "author": "5454****",
    "review_id": "10019879",
    "movie_id": "10349"
  },
  {
    "review": "정말 역사에 남을 소름끼치는 명작이다!! 싸구려 한국영화에 길들 여진 그대들에게 강추한다!",
    "date": "15.06.11",
    "rating": "10",
    "author": "ske4****",
    "review_id": "9989281",
    "movie_id": "10349"
  },
  {
    "review": "죽기전에 한번은 봐야할영화",
    "date": "15.05.17",
    "rating": "10",
    "author": "ahnc****",
    "review_id": "9926152",
    "movie_id": "10349"
  },
  {
    "review": "이런 고전은 리메이크 하면 안된다. 스토리 자체가 워낙에 고전이라 하나의 거대한 클리쉐 자체가 되버렸기 때문이다.  떠돌이 주인공 - 위기의 마을 - 도와주러감 - 내분일어남 - 그래도 헌신적인 주인공 - 감동받은 주민들 - 합심하야 해피엔딩.",
    "date": "15.05.06",
    "rating": "7",
    "author": "sadc****",
    "review_id": "9899340",
    "movie_id": "10349"
  },
  {
    "review": "7인의 사무라이를 보지 않았다면, 좋았겠지.",
    "date": "15.02.06",
    "rating": "5",
    "author": "rd72****",
    "review_id": "9674037",
    "movie_id": "10349"
  },
  {
    "review": "율브리너 되게멋있다 ~!",
    "date": "15.01.27",
    "rating": "10",
    "author": "happ****",
    "review_id": "9643150",
    "movie_id": "10349"
  },
  {
    "review": "내인생에서 최고의영화중하나 음악도 멋지고 마초스탈 사나이들 넘 멋지다",
    "date": "15.01.24",
    "rating": "9",
    "author": "thra****",
    "review_id": "9632435",
    "movie_id": "10349"
  },
  {
    "review": "별10점 드림헤헤에ㅋㅋㅋ",
    "date": "15.01.10",
    "rating": "10",
    "author": "rldn****",
    "review_id": "9581686",
    "movie_id": "10349"
  }
]