[
  {
    "review": "지루하고 느린 전개와 애매한 로맨스",
    "date": "14.08.13",
    "rating": "1",
    "author": "mara****",
    "review_id": "9079139",
    "movie_id": "10359"
  },
  {
    "review": "흠잡을 때 없는 스토리로 현대 직장인들의 삶을  재밌게 연출했다.",
    "date": "13.02.03",
    "rating": "9",
    "author": "kimg****",
    "review_id": "7221025",
    "movie_id": "10359"
  },
  {
    "review": "EBS 명작을 통해 봣는데 참 긴장감있는 영화였다. 연기도 훌륭하고 내용도 훌륭한 영화",
    "date": "13.02.03",
    "rating": "10",
    "author": "kcwh****",
    "review_id": "7219739",
    "movie_id": "10359"
  },
  {
    "review": "사람사는 이야기를 자연스럽고 공감가게 만들었던 수작, 뛰어난 연출력, 배우들의 연기, 이런걸 좋은영화라 한다",
    "date": "13.02.03",
    "rating": "9",
    "author": "chn0****",
    "review_id": "7216769",
    "movie_id": "10359"
  },
  {
    "review": "자칫 지루할 수 있는 소재를 이렇게 흥미롭게 만들다니. 여주인공이 너무 매력적이네요. EBS주말의 명화 매주 봐야겟군요",
    "date": "13.02.03",
    "rating": "10",
    "author": "jwyh****",
    "review_id": "7216493",
    "movie_id": "10359"
  },
  {
    "review": "캐릭터들을 정말 잘 연출해낸거 같다. 마지막 부분이 인상깊었다.",
    "date": "13.02.03",
    "rating": "9",
    "author": "youn****",
    "review_id": "7216492",
    "movie_id": "10359"
  },
  {
    "review": "완벽한 시나리오와 캐릭터와 일치된 배우들의 연기가 만들어낸 시트콤과 같은 영화.",
    "date": "13.01.07",
    "rating": "10",
    "author": "kmog****",
    "review_id": "7089156",
    "movie_id": "10359"
  },
  {
    "review": "언론인의 사명이라는 극히 공적인 영역과 이성간의 사랑이라는 극히 사적인 영역 사이에서 고민하는 심리 상태를 잘 반영하고 있다.",
    "date": "12.10.20",
    "rating": "10",
    "author": "capa****",
    "review_id": "6814374",
    "movie_id": "10359"
  },
  {
    "review": "홀리 헌터의 발견. 중반 이후로 스토리가 너무 멜로로 치우친 건 아쉽다.",
    "date": "12.08.30",
    "rating": "6",
    "author": "claz****",
    "review_id": "6656927",
    "movie_id": "10359"
  },
  {
    "review": "홀리 헌터가 이렇게 예쁜줄은 몰랐다!",
    "date": "11.01.30",
    "rating": "7",
    "author": "bbq2****",
    "review_id": "5197767",
    "movie_id": "10359"
  },
  {
    "review": "탄탄한 시나리오와 매끄러운 연출. 예상외로 깊게 파고드는 맛이 있다.",
    "date": "10.12.21",
    "rating": "9",
    "author": "slyk****",
    "review_id": "5070409",
    "movie_id": "10359"
  },
  {
    "review": "차라리 KBS 다큐3일 - 여의도 18번지사람들 편을 보셈",
    "date": "10.09.02",
    "rating": "5",
    "author": "wjdg****",
    "review_id": "4811763",
    "movie_id": "10359"
  },
  {
    "review": "극을 이끄는 핵심은 사랑이야기.. 사랑에 서투른 모습들에 가슴이 먹먹한 영화",
    "date": "10.05.29",
    "rating": "10",
    "author": "pasi****",
    "review_id": "4530098",
    "movie_id": "10359"
  },
  {
    "review": "강간 여성 인터뷰가 돋보임. 우리나라 같으면 모자이크로 나올텐데.",
    "date": "09.09.22",
    "rating": "9",
    "author": "skss****",
    "review_id": "3844291",
    "movie_id": "10359"
  },
  {
    "review": "방송국의 생동감과  배우들의 열정이 돋보이는 수작",
    "date": "08.11.03",
    "rating": "9",
    "author": "ador****",
    "review_id": "3033802",
    "movie_id": "10359"
  },
  {
    "review": "연기 연출 촬영 편집 음악 어느하나 흠잡을 데 없다. 늘 추억속에 간직되고 있는 영화",
    "date": "08.10.07",
    "rating": "10",
    "author": "jpra****",
    "review_id": "2988488",
    "movie_id": "10359"
  },
  {
    "review": "홀리헌터의 깜찍함과 방송가의 생생한 모습이 볼만했던 영화",
    "date": "08.04.23",
    "rating": "9",
    "author": "yoot****",
    "review_id": "2595270",
    "movie_id": "10359"
  },
  {
    "review": "어느하나 나무랄데 없는 영화!",
    "date": "08.01.03",
    "rating": "9",
    "author": "nobo****",
    "review_id": "2295454",
    "movie_id": "10359"
  },
  {
    "review": "어렵다는 로맨스 영화를 잘도 만드는 브룩스, 그리고 뛰어난 배우들.",
    "date": "07.10.28",
    "rating": "9",
    "author": "rott****",
    "review_id": "2118273",
    "movie_id": "10359"
  },
  {
    "review": "어릴적 TV에서 보고 각인된 영화. 다시 봐야겠다.",
    "date": "07.02.15",
    "rating": "9",
    "author": "seun****",
    "review_id": "1474420",
    "movie_id": "10359"
  },
  {
    "review": "개성만발한 인물들과 독창적인 시선으로 만들어낸 수작",
    "date": "07.01.10",
    "rating": "9",
    "author": "cros****",
    "review_id": "1372169",
    "movie_id": "10359"
  },
  {
    "review": "명작",
    "date": "06.07.28",
    "rating": "10",
    "author": "zeed****",
    "review_id": "931933",
    "movie_id": "10359"
  },
  {
    "review": "다이나믹한 이야기서술과 뛰어난 배우들 = 좋은 영화",
    "date": "06.03.04",
    "rating": "9",
    "author": "inno****",
    "review_id": "703116",
    "movie_id": "10359"
  },
  {
    "review": "부담없이 편하게 보자!!",
    "date": "05.12.24",
    "rating": "9",
    "author": "blue****",
    "review_id": "526059",
    "movie_id": "10359"
  },
  {
    "review": "각자 다른 길을 택하는 세 사람의 모습이 인상적.",
    "date": "05.12.18",
    "rating": "6",
    "author": "hadl****",
    "review_id": "513518",
    "movie_id": "10359"
  },
  {
    "review": "정말 재밌게 봤습니다. 인물들의 개성이 넘칩니다.",
    "date": "05.12.18",
    "rating": "10",
    "author": "wwbo****",
    "review_id": "512496",
    "movie_id": "10359"
  },
  {
    "review": "클라이맥스가 영화 내내 지속되는듯 긴장을 늦출수 없는 영화.",
    "date": "05.12.18",
    "rating": "10",
    "author": "yvet****",
    "review_id": "511876",
    "movie_id": "10359"
  },
  {
    "review": "홀리헌터의 아름다운 모습~",
    "date": "05.12.18",
    "rating": "10",
    "author": "4255****",
    "review_id": "511552",
    "movie_id": "10359"
  },
  {
    "review": "인물들의 개성으로는 뛰어남 하지만 큰사건이 없고 밑밑한 전개",
    "date": "05.10.30",
    "rating": "6",
    "author": "okjo****",
    "review_id": "459911",
    "movie_id": "10359"
  },
  {
    "review": "예전에 케이블TV로 본 영화. 뉴스를 소재로 한 영화 중 최고.",
    "date": "05.04.20",
    "rating": "10",
    "author": "comb****",
    "review_id": "263270",
    "movie_id": "10359"
  },
  {
    "review": "이 영화 DVD를 구하려면 어떻게 해야할까요? ㅠㅠ",
    "date": "04.04.24",
    "rating": "10",
    "author": "tobi****",
    "review_id": "38886",
    "movie_id": "10359"
  },
  {
    "review": "80년대 최고의 영화 중 하나로 주저없이 꼽을수 있다..",
    "date": "04.02.09",
    "rating": "10",
    "author": "thin****",
    "review_id": "18029",
    "movie_id": "10359"
  }
]