[
  {
    "review": "평점이 너무 높다 과대평가된 영화.",
    "date": "14.07.04",
    "rating": "1",
    "author": "wjrh****",
    "review_id": "8883072",
    "movie_id": "10351"
  },
  {
    "review": "지금의 시각에서 보면 너무 촌스럽다.",
    "date": "14.07.04",
    "rating": "1",
    "author": "aolm****",
    "review_id": "8883064",
    "movie_id": "10351"
  },
  {
    "review": "예전엔 재미난 스릴러 영화였지만 다시보니 영 아니었다는...",
    "date": "14.03.10",
    "rating": "1",
    "author": "rich****",
    "review_id": "8567076",
    "movie_id": "10351"
  },
  {
    "review": "개봉 당시 영화관 위 아래 양쪽에 모두 커플들이 보는 가운데서 나혼자 숨죽이며 본 영화^^어린 마음에 히멀건하고 연약한 범인의 매력에 빠져서 그 당시 웃지못할  해프닝을 만든~ 다시한번 보고픈 잼난 영화^^",
    "date": "12.10.05",
    "rating": "9",
    "author": "mani****",
    "review_id": "6764392",
    "movie_id": "10351"
  },
  {
    "review": "토요명화에서 정말 재밌게 봤던 영화... 또 보고 싶다~",
    "date": "10.07.09",
    "rating": "10",
    "author": "what****",
    "review_id": "4623482",
    "movie_id": "10351"
  },
  {
    "review": "아직도 생생한 영화 긴장의 연속 굿이다.",
    "date": "09.10.09",
    "rating": "10",
    "author": "lsj7****",
    "review_id": "3882136",
    "movie_id": "10351"
  },
  {
    "review": "범죄 스릴물 굿,................",
    "date": "09.05.04",
    "rating": "10",
    "author": "cosa****",
    "review_id": "3468871",
    "movie_id": "10351"
  },
  {
    "review": "꽉 찬 느낌이란 이런 것이다.",
    "date": "09.01.03",
    "rating": "8",
    "author": "skat****",
    "review_id": "3181134",
    "movie_id": "10351"
  },
  {
    "review": "혹시나 하고 검색했는데 오래전 본 영화지만 아직도 생각난다.",
    "date": "07.09.18",
    "rating": "10",
    "author": "bbs5****",
    "review_id": "2028661",
    "movie_id": "10351"
  },
  {
    "review": "어릴때 보고 계속 생각에 남는 영화.이런 스릴러 또 없나",
    "date": "07.06.16",
    "rating": "10",
    "author": "yoon****",
    "review_id": "1703435",
    "movie_id": "10351"
  },
  {
    "review": "토요명화에서 봤던 수작 스릴러, 당시 국딩이었는데도 재밌게 보았었던..",
    "date": "07.05.13",
    "rating": "10",
    "author": "sbrl****",
    "review_id": "1635191",
    "movie_id": "10351"
  },
  {
    "review": "커티스 핸슨표의 잘 만든 스릴러...강추.",
    "date": "05.10.10",
    "rating": "10",
    "author": "xxss****",
    "review_id": "438906",
    "movie_id": "10351"
  }
]