[
  {
    "review": "님들 이거 본건 맞아요? 이거 필름 없어진 영환데;",
    "date": "15.08.18",
    "rating": "10",
    "author": "mit3****",
    "review_id": "10248825",
    "movie_id": "10354"
  },
  {
    "review": "이 영화 진짜 최고예요~~!",
    "date": "15.08.16",
    "rating": "10",
    "author": "esth****",
    "review_id": "10242648",
    "movie_id": "10354"
  },
  {
    "review": "이 영화 정말 좋아요ㅜ 감사합니다!",
    "date": "15.06.25",
    "rating": "10",
    "author": "gb11****",
    "review_id": "10035974",
    "movie_id": "10354"
  },
  {
    "review": "국뽕 거르고 1점드립니다",
    "date": "15.05.25",
    "rating": "1",
    "author": "psyo****",
    "review_id": "9949128",
    "movie_id": "10354"
  },
  {
    "review": "자랑스러운 우리 영화입니다",
    "date": "15.05.13",
    "rating": "10",
    "author": "cano****",
    "review_id": "9914698",
    "movie_id": "10354"
  },
  {
    "review": "아리랑에 10점주는데 무슨 말이 필요하겠습니까.",
    "date": "15.04.15",
    "rating": "10",
    "author": "baba****",
    "review_id": "9846466",
    "movie_id": "10354"
  },
  {
    "review": "대한민국독립만세!!",
    "date": "15.03.31",
    "rating": "10",
    "author": "wska****",
    "review_id": "9818099",
    "movie_id": "10354"
  },
  {
    "review": "한국사 공부하다가 들어왔는데 대박이네",
    "date": "15.03.29",
    "rating": "10",
    "author": "hell****",
    "review_id": "9814386",
    "movie_id": "10354"
  },
  {
    "review": "최고입니다!!!멋지고 자랑스러운 영화!!",
    "date": "15.03.27",
    "rating": "10",
    "author": "yoon****",
    "review_id": "9809747",
    "movie_id": "10354"
  },
  {
    "review": "감사합니다.  잊지 않겠습니다.",
    "date": "15.01.18",
    "rating": "10",
    "author": "tmfo****",
    "review_id": "9608796",
    "movie_id": "10354"
  },
  {
    "review": "10점 줄수밖에 없는 영화!",
    "date": "14.10.31",
    "rating": "10",
    "author": "dms0****",
    "review_id": "9332293",
    "movie_id": "10354"
  },
  {
    "review": "우리는 이 영화를 기억해야 합니다",
    "date": "14.08.11",
    "rating": "10",
    "author": "sumi****",
    "review_id": "9070303",
    "movie_id": "10354"
  },
  {
    "review": "언젠가 한번쯤 꼭 보게되는 날이 올거라 믿습니다. 일제 치하 우리민족의 아픔을 노래한 아리랑...",
    "date": "14.08.03",
    "rating": "10",
    "author": "jong****",
    "review_id": "9019930",
    "movie_id": "10354"
  },
  {
    "review": "미치도록 보고싶다 꼭!!!",
    "date": "14.05.23",
    "rating": "10",
    "author": "kgbb****",
    "review_id": "8756551",
    "movie_id": "10354"
  },
  {
    "review": "더이상말할필요가없는영화다",
    "date": "14.05.14",
    "rating": "10",
    "author": "dyx8****",
    "review_id": "8730532",
    "movie_id": "10354"
  },
  {
    "review": "아리랑이라는 이름은    대한민국의 또다른 이름이다.",
    "date": "14.04.06",
    "rating": "10",
    "author": "yjj0****",
    "review_id": "8632825",
    "movie_id": "10354"
  },
  {
    "review": "이 영화는 유실된 영화라서 볼 수 없는데 최고의 영화라니...",
    "date": "14.03.13",
    "rating": "10",
    "author": "mrju****",
    "review_id": "8572513",
    "movie_id": "10354"
  },
  {
    "review": "뭐가 최고의 영화야 필름 원본 유실됐는데 보시고들 말씀하시는지;",
    "date": "14.01.10",
    "rating": "10",
    "author": "yver****",
    "review_id": "8367336",
    "movie_id": "10354"
  },
  {
    "review": "아리랑 3에 가면서 다시 영진이가 미친게 너무 불쌍하네요. 하지만 우리나라 민족의 혼을 담은 최고의 영화입니다!",
    "date": "13.12.08",
    "rating": "10",
    "author": "vivi****",
    "review_id": "8199121",
    "movie_id": "10354"
  },
  {
    "review": "우리나라의 최고의영화 라던대 한번보고싶군요",
    "date": "13.11.16",
    "rating": "10",
    "author": "wirl****",
    "review_id": "8143449",
    "movie_id": "10354"
  },
  {
    "review": "대단한 명작이다...",
    "date": "13.10.21",
    "rating": "10",
    "author": "owt1****",
    "review_id": "8078183",
    "movie_id": "10354"
  },
  {
    "review": "우리나라 최고의 영화 자랑스럽습니다.",
    "date": "13.09.14",
    "rating": "10",
    "author": "sann****",
    "review_id": "7977763",
    "movie_id": "10354"
  },
  {
    "review": "그때 그 시절을 잘담고있는 영화",
    "date": "13.08.23",
    "rating": "10",
    "author": "ksww****",
    "review_id": "7915968",
    "movie_id": "10354"
  },
  {
    "review": "말이 필요있나?",
    "date": "13.08.16",
    "rating": "10",
    "author": "jspa****",
    "review_id": "7890469",
    "movie_id": "10354"
  },
  {
    "review": "우리나라 최고의 영화",
    "date": "13.06.23",
    "rating": "10",
    "author": "1235****",
    "review_id": "7672521",
    "movie_id": "10354"
  },
  {
    "review": "최고의 영화! 추천드립니다!!!",
    "date": "13.03.04",
    "rating": "9",
    "author": "apri****",
    "review_id": "7324225",
    "movie_id": "10354"
  },
  {
    "review": "자랑스러운 영화!",
    "date": "13.01.22",
    "rating": "10",
    "author": "j861****",
    "review_id": "7144817",
    "movie_id": "10354"
  },
  {
    "review": "우리나라의 최고의 영화입니다... 자랑스럽네요",
    "date": "13.01.16",
    "rating": "10",
    "author": "soc0****",
    "review_id": "7121399",
    "movie_id": "10354"
  },
  {
    "review": "이게최고의 영화죠...",
    "date": "13.01.14",
    "rating": "10",
    "author": "1205****",
    "review_id": "7116895",
    "movie_id": "10354"
  },
  {
    "review": "나중에 보고싶어요!!",
    "date": "12.12.13",
    "rating": "10",
    "author": "wndl****",
    "review_id": "6997266",
    "movie_id": "10354"
  },
  {
    "review": "아 정말 자랑스럽네요.",
    "date": "12.09.22",
    "rating": "10",
    "author": "youh****",
    "review_id": "6720261",
    "movie_id": "10354"
  },
  {
    "review": "나중이라도 꼭 한번 보고싶습니다!!",
    "date": "12.09.10",
    "rating": "10",
    "author": "0701****",
    "review_id": "6684036",
    "movie_id": "10354"
  },
  {
    "review": "정말 한번 보고싶은 영화네요..ㅠㅠ",
    "date": "12.06.09",
    "rating": "10",
    "author": "sjsj****",
    "review_id": "6378927",
    "movie_id": "10354"
  },
  {
    "review": "있을법한 이야기네요",
    "date": "12.04.29",
    "rating": "10",
    "author": "mria****",
    "review_id": "6256968",
    "movie_id": "10354"
  },
  {
    "review": "일본 침몰 봤더니 고소하다",
    "date": "12.01.21",
    "rating": "10",
    "author": "dkgk****",
    "review_id": "6005564",
    "movie_id": "10354"
  },
  {
    "review": "실제로 보고싶네용",
    "date": "11.08.20",
    "rating": "10",
    "author": "dami****",
    "review_id": "5673915",
    "movie_id": "10354"
  },
  {
    "review": "good!",
    "date": "11.01.14",
    "rating": "10",
    "author": "kwon****",
    "review_id": "5156070",
    "movie_id": "10354"
  },
  {
    "review": "운규형 영화는 대박이던데 순사놈들한데 잡혀갈까봐 걱정이네여",
    "date": "10.01.25",
    "rating": "10",
    "author": "ljh8****",
    "review_id": "4208575",
    "movie_id": "10354"
  },
  {
    "review": "이걸 극장에서 봣다고 ??",
    "date": "09.12.15",
    "rating": "10",
    "author": "gnlg****",
    "review_id": "4045439",
    "movie_id": "10354"
  },
  {
    "review": "극장에서 보고 울었음 ㅜㅜ 빨리 독립되길.. 일본 나쁜X",
    "date": "09.12.01",
    "rating": "10",
    "author": "mcfc****",
    "review_id": "4007943",
    "movie_id": "10354"
  },
  {
    "review": "크흠 우리나라가 일제강점기에서 만들어진영화인데",
    "date": "08.10.04",
    "rating": "10",
    "author": "shgm****",
    "review_id": "2982578",
    "movie_id": "10354"
  },
  {
    "review": "흐음... 내가태어나기도 전 한참전에 만들어진거군... 나도 처음 알랏스...",
    "date": "08.05.18",
    "rating": "10",
    "author": "rlat****",
    "review_id": "2650226",
    "movie_id": "10354"
  },
  {
    "review": "재밌네..",
    "date": "07.09.18",
    "rating": "10",
    "author": "fish****",
    "review_id": "2029614",
    "movie_id": "10354"
  },
  {
    "review": "뭔지 모르겠다. 태어나기도 전에 만들어진거네...",
    "date": "07.08.11",
    "rating": "10",
    "author": "prom****",
    "review_id": "1921312",
    "movie_id": "10354"
  },
  {
    "review": "최고!!!!!!!!!!!!!!!!!!!!!!!!!!!",
    "date": "06.07.16",
    "rating": "10",
    "author": "lunb****",
    "review_id": "895953",
    "movie_id": "10354"
  },
  {
    "review": "슬프고도감동적인영화.",
    "date": "06.03.20",
    "rating": "10",
    "author": "asdf****",
    "review_id": "724523",
    "movie_id": "10354"
  },
  {
    "review": "대한민국 최고의 영화!자료는 남아있지는 않지만 가슴속에 남아있는 영화",
    "date": "05.01.11",
    "rating": "10",
    "author": "park****",
    "review_id": "182879",
    "movie_id": "10354"
  }
]