[
  {
    "review": "아직도 기억에 남는 양떼 장면! 이 영화에 등장하는 혼령 사진도 유명하죠~",
    "date": "10.05.23",
    "rating": "6",
    "author": "stit****",
    "review_id": "4518627",
    "movie_id": "10352"
  },
  {
    "review": "불쌍해서",
    "date": "10.02.18",
    "rating": "10",
    "author": "gkdl****",
    "review_id": "4297657",
    "movie_id": "10352"
  },
  {
    "review": "그 아이가 커져서 다시 돌아왔지만 참신함은 많이 떨어진다",
    "date": "08.11.29",
    "rating": "4",
    "author": "deff****",
    "review_id": "3078577",
    "movie_id": "10352"
  },
  {
    "review": "전편과 비슷한..",
    "date": "06.12.24",
    "rating": "6",
    "author": "zeed****",
    "review_id": "1322529",
    "movie_id": "10352"
  }
]