[
  {
    "review": "완전 초대박이다. 77년도 작품이란 것이 믿기지 않을 정도다. 처절하고 치열한 전투신에 전쟁에 대한 허세같은 계급제와 애국심에 대한 냉소적인 시각 억지 전우애가 아닌 인간애를 비롯해 스펙타클하고 숨막히는 장면들 마지막에 슬픈 웃음을 짓게하는 멋진 엔딩",
    "date": "15.07.28",
    "rating": "10",
    "author": "kyki****",
    "review_id": "10152357",
    "movie_id": "10365"
  },
  {
    "review": "라이언일병구하기가 이 영화촬영컨샙을 따왔다고 하죠",
    "date": "15.06.29",
    "rating": "10",
    "author": "deux****",
    "review_id": "10053878",
    "movie_id": "10365"
  },
  {
    "review": "전쟁신이 오히려 요즘 영화보다 더 실감남 마지막 장면이 인상적",
    "date": "15.04.10",
    "rating": "9",
    "author": "awak****",
    "review_id": "9838312",
    "movie_id": "10365"
  },
  {
    "review": "영어하는 독일군의 어색함.",
    "date": "15.03.26",
    "rating": "7",
    "author": "kara****",
    "review_id": "9808653",
    "movie_id": "10365"
  },
  {
    "review": "최고의 전쟁영화 .... 인간의 냄새와 화약의 냄새가 서로 교차되어서 대비되는 영화인듯 ...",
    "date": "15.02.22",
    "rating": "10",
    "author": "ggor****",
    "review_id": "9728490",
    "movie_id": "10365"
  },
  {
    "review": "전쟁중 남자들의 헛된 욕망과 부조리를 그런대로 잘 묘사",
    "date": "15.01.10",
    "rating": "8",
    "author": "clie****",
    "review_id": "9580534",
    "movie_id": "10365"
  },
  {
    "review": "전쟁영화중에 최고..",
    "date": "14.11.09",
    "rating": "1",
    "author": "mool****",
    "review_id": "9359319",
    "movie_id": "10365"
  },
  {
    "review": "고전명작. 잘 리메이크되었으면 합니다.",
    "date": "14.09.08",
    "rating": "10",
    "author": "jby0****",
    "review_id": "9185724",
    "movie_id": "10365"
  },
  {
    "review": "제가 쓴 '20세기 할리우드 드문 영화 걸작선 94편' 이라는 책에도 이 영화 내용이 있습니다. 네이버에서 바로 검색됩니다. 철십자 훈장 뿐만 아니라 주옥같은 작품들을 모아놨습니다. 셈 페킨파의 유일한 전쟁 영화로 유보트(1982)의 선구 역할을 함.",
    "date": "14.08.03",
    "rating": "8",
    "author": "sykm****",
    "review_id": "9016204",
    "movie_id": "10365"
  },
  {
    "review": "이런 명작을 왜 이제야 본건가.",
    "date": "14.07.02",
    "rating": "10",
    "author": "rand****",
    "review_id": "8876432",
    "movie_id": "10365"
  },
  {
    "review": "남성적 매력이 철철 넘치는 영화. 전장은 아마도 이런 모습일 것이다. 아군이나 적군이나 군인이든 아니든 사람사는 모습은 다 비슷하다. 개인적 업적을 쌓으려는 일부 인간때문에 많은 사람들이 희생된다",
    "date": "14.05.25",
    "rating": "9",
    "author": "sunw****",
    "review_id": "8763266",
    "movie_id": "10365"
  },
  {
    "review": "정말 소름끼치는 명작이다!!!",
    "date": "14.03.10",
    "rating": "10",
    "author": "ske4****",
    "review_id": "8566995",
    "movie_id": "10365"
  },
  {
    "review": "전쟁영화의 최고봉 중 하나",
    "date": "14.02.22",
    "rating": "10",
    "author": "aaat****",
    "review_id": "8527437",
    "movie_id": "10365"
  },
  {
    "review": "명작 반열..., 강추드립니다",
    "date": "14.02.06",
    "rating": "10",
    "author": "bgyu****",
    "review_id": "8480447",
    "movie_id": "10365"
  },
  {
    "review": "코번의 어색한 연기가 몇번있으나 마지막장면은 압권....고전은 고전이다..",
    "date": "13.12.29",
    "rating": "7",
    "author": "kara****",
    "review_id": "8318508",
    "movie_id": "10365"
  },
  {
    "review": "철십자훈장줘야될 영화",
    "date": "13.12.01",
    "rating": "10",
    "author": "milk****",
    "review_id": "8182136",
    "movie_id": "10365"
  },
  {
    "review": "어렸을때 개봉관에서 일어서서 본 경험이 있다. 전쟁영화의 교과서이고 밀리터리매니아분들은 한번은 본 영화, 제임스코반 미니어처 및 모형물도 나올정도. 미국인이 만들어서 더 재미있게 만든것 같음. 독일인이 만들지 않은게다행.",
    "date": "13.10.19",
    "rating": "10",
    "author": "kshn****",
    "review_id": "8072108",
    "movie_id": "10365"
  },
  {
    "review": "마무리가 참 좋네요. 김국한의 타타타도 생각나고.ㅎㅎ",
    "date": "13.08.17",
    "rating": "10",
    "author": "cycl****",
    "review_id": "7893685",
    "movie_id": "10365"
  },
  {
    "review": "말이 필요없다. 죽기전에 꼭 봐야 할 전쟁영화 백미다. 고 제임스 코반 너무나 멋있다",
    "date": "13.08.07",
    "rating": "10",
    "author": "kba7****",
    "review_id": "7852011",
    "movie_id": "10365"
  },
  {
    "review": "최고다. 이게 바로 전쟁영화다. 고 제임스 코번의 명연기!!! 마지막 전쟁을 조롱하는 듯한 호탕한 웃음과 독일 어린이 합창단의 그노래 잊을수 없다",
    "date": "13.08.05",
    "rating": "10",
    "author": "sanb****",
    "review_id": "7843017",
    "movie_id": "10365"
  },
  {
    "review": "영화포스터보고첨에2000년대영화인줄알았다정말재밌게본전쟁영화",
    "date": "13.07.30",
    "rating": "10",
    "author": "wldh****",
    "review_id": "7798917",
    "movie_id": "10365"
  },
  {
    "review": "상당히 강렬한 작품.",
    "date": "13.05.31",
    "rating": "10",
    "author": "kimd****",
    "review_id": "7566612",
    "movie_id": "10365"
  },
  {
    "review": "재장전 어떻게 하지? . . . . 아 미치겠어 . 코번의 웃음이 떠나질 않아.",
    "date": "13.04.20",
    "rating": "9",
    "author": "pure****",
    "review_id": "7469760",
    "movie_id": "10365"
  },
  {
    "review": "잼있닼",
    "date": "13.01.27",
    "rating": "10",
    "author": "dlgk****",
    "review_id": "7183995",
    "movie_id": "10365"
  },
  {
    "review": "마지막씬 코번의 조소(嘲笑)..으하하하하핳하하",
    "date": "13.01.06",
    "rating": "8",
    "author": "seag****",
    "review_id": "7085944",
    "movie_id": "10365"
  },
  {
    "review": "마초 전쟁광의 3류 연출에 미학을 논하다니.",
    "date": "12.12.25",
    "rating": "4",
    "author": "tear****",
    "review_id": "7046299",
    "movie_id": "10365"
  },
  {
    "review": "낮엔 숙취와 싸우고 밤엔 술과 싸운 장인의 숨결. 홍시냄새 난다.",
    "date": "12.11.13",
    "rating": "8",
    "author": "oris****",
    "review_id": "6884867",
    "movie_id": "10365"
  },
  {
    "review": "다시 볼 때마다 주관적 평점이 높아지는 영화. 전쟁의 광기와 슬픔을 제대로 그려낸 걸작.",
    "date": "12.11.02",
    "rating": "10",
    "author": "milk****",
    "review_id": "6844529",
    "movie_id": "10365"
  },
  {
    "review": "괜찮은 작품인 거 같은 데 뭐랄까..뭔가 좀 아쉽다는 느낌?",
    "date": "12.10.24",
    "rating": "7",
    "author": "seel****",
    "review_id": "6823742",
    "movie_id": "10365"
  },
  {
    "review": "너무 짙은 감동과 여운....",
    "date": "12.08.08",
    "rating": "10",
    "author": "jump****",
    "review_id": "6583211",
    "movie_id": "10365"
  },
  {
    "review": "최고다 진짜!",
    "date": "12.08.05",
    "rating": "10",
    "author": "accc****",
    "review_id": "6572834",
    "movie_id": "10365"
  },
  {
    "review": "시대를 앞서간 영화",
    "date": "12.08.03",
    "rating": "10",
    "author": "dnfk****",
    "review_id": "6568867",
    "movie_id": "10365"
  },
  {
    "review": "옛날 영화이지만 재미있게 봤다. 음악이 거의 없이 영화가 끝까지 진행되는게 독특했다. 그리고 엔팅 크레딧까지 나오는 스타이너의 웃음도...",
    "date": "12.07.20",
    "rating": "8",
    "author": "dkwl****",
    "review_id": "6502909",
    "movie_id": "10365"
  },
  {
    "review": "제임스코번 볼때마다 하박사 생각남;;의외의 결말이 신선했음",
    "date": "12.07.16",
    "rating": "10",
    "author": "lmj2****",
    "review_id": "6483926",
    "movie_id": "10365"
  },
  {
    "review": "최고의 영화",
    "date": "12.06.27",
    "rating": "10",
    "author": "pagj****",
    "review_id": "6419449",
    "movie_id": "10365"
  },
  {
    "review": "최고의 전쟁영화",
    "date": "12.06.25",
    "rating": "10",
    "author": "shar****",
    "review_id": "6415499",
    "movie_id": "10365"
  },
  {
    "review": "엔딩 크레딧이 끝날 때까지 나오는 스타이너의 웃음소리..",
    "date": "12.06.22",
    "rating": "9",
    "author": "figh****",
    "review_id": "6408248",
    "movie_id": "10365"
  },
  {
    "review": "good",
    "date": "12.06.14",
    "rating": "8",
    "author": "hosu****",
    "review_id": "6389662",
    "movie_id": "10365"
  },
  {
    "review": "이영화에 진정 철십자훈장을 바친다.",
    "date": "12.04.02",
    "rating": "10",
    "author": "clif****",
    "review_id": "6187127",
    "movie_id": "10365"
  },
  {
    "review": "몇번을 본지 모르겠습니다. 최고의 영화중 하나임엔 틀림 없습니다.",
    "date": "12.03.29",
    "rating": "10",
    "author": "muri****",
    "review_id": "6176345",
    "movie_id": "10365"
  },
  {
    "review": "이보다 더 인상적인 전쟁영화는 아마 못본것 같다.",
    "date": "12.03.13",
    "rating": "10",
    "author": "hack****",
    "review_id": "6141724",
    "movie_id": "10365"
  },
  {
    "review": "마지막 장면중 스트랜스키를 비웃는 스타이너의 웃음소리가 압권",
    "date": "12.02.02",
    "rating": "10",
    "author": "porp****",
    "review_id": "6044635",
    "movie_id": "10365"
  },
  {
    "review": "제임스 코번의 멋있는 연기",
    "date": "12.01.31",
    "rating": "6",
    "author": "bbq2****",
    "review_id": "6037639",
    "movie_id": "10365"
  },
  {
    "review": "영환 잘 만들었다만 독일어하는 독일군 보다가 영어하는 독일군 보니 적응이 잘 안됨",
    "date": "12.01.31",
    "rating": "8",
    "author": "myje****",
    "review_id": "6037374",
    "movie_id": "10365"
  },
  {
    "review": "실제 전장의 모습은 라이언일병 구하기가 아니라 철십자 훈장에 가까운 모습일 것이다",
    "date": "12.01.24",
    "rating": "10",
    "author": "my19****",
    "review_id": "6016169",
    "movie_id": "10365"
  },
  {
    "review": "마지막에 울려퍼지는 중사의 웃음소리가 기억에 남는다, 전쟁은 과연 누구를 위한걸까",
    "date": "12.01.15",
    "rating": "8",
    "author": "danz****",
    "review_id": "5988573",
    "movie_id": "10365"
  },
  {
    "review": "세계 2차대전의 독일군의 모습..스탈린그라드에 이어..",
    "date": "12.01.09",
    "rating": "10",
    "author": "0tae****",
    "review_id": "5974589",
    "movie_id": "10365"
  },
  {
    "review": "전쟁의 비참함과.. 명분없이 생존을 위해 싸우는 병사들이 불쌍하죠...",
    "date": "11.12.19",
    "rating": "10",
    "author": "ahoc****",
    "review_id": "5915824",
    "movie_id": "10365"
  },
  {
    "review": "본다 본다하고 10년만에 봤음 ㅠ 왜 10년전에 안봤는지",
    "date": "11.12.07",
    "rating": "10",
    "author": "tei2****",
    "review_id": "5892693",
    "movie_id": "10365"
  },
  {
    "review": "낮게 평가하는거는 상관없는데 남들에 비해 안목이 뛰어난척 착각하지좀 말아라",
    "date": "11.12.05",
    "rating": "10",
    "author": "beew****",
    "review_id": "5888500",
    "movie_id": "10365"
  },
  {
    "review": "끝장을 보는 샘 페킨파, 제임스코번의 포스",
    "date": "11.11.21",
    "rating": "8",
    "author": "asun****",
    "review_id": "5862842",
    "movie_id": "10365"
  },
  {
    "review": "명예가 사라진 장교, 친구가 사라진 스타이너 그들에게 남은것은 무엇일까.",
    "date": "11.10.31",
    "rating": "8",
    "author": "theh****",
    "review_id": "5821362",
    "movie_id": "10365"
  },
  {
    "review": "인간을 조롱하며 히죽거리다.",
    "date": "11.10.11",
    "rating": "8",
    "author": "pria****",
    "review_id": "5784013",
    "movie_id": "10365"
  },
  {
    "review": "모두명작이라는데 공감하는군. 정말 그렇게 생각하나?  남의 생각을 반영하는 듯..",
    "date": "11.09.07",
    "rating": "6",
    "author": "ahri****",
    "review_id": "5714229",
    "movie_id": "10365"
  },
  {
    "review": "명화입니다. 정말 감명깊게 본 진정한 영화.",
    "date": "11.08.07",
    "rating": "10",
    "author": "mhty****",
    "review_id": "5614783",
    "movie_id": "10365"
  },
  {
    "review": "전쟁과 지옥같은 전쟁속에 인간을 접목시킨 최고의 걸작이다",
    "date": "11.08.07",
    "rating": "10",
    "author": "kimg****",
    "review_id": "5614310",
    "movie_id": "10365"
  },
  {
    "review": "시대를 앞서간 영화죠",
    "date": "11.08.07",
    "rating": "10",
    "author": "nari****",
    "review_id": "5614290",
    "movie_id": "10365"
  },
  {
    "review": "명작 동감",
    "date": "11.08.07",
    "rating": "10",
    "author": "cjsw****",
    "review_id": "5614288",
    "movie_id": "10365"
  },
  {
    "review": "명작이다",
    "date": "11.08.07",
    "rating": "10",
    "author": "jnor****",
    "review_id": "5614286",
    "movie_id": "10365"
  },
  {
    "review": "좀 어렵기도 하고, 전쟁에 대한 묘사가... 잘 모르겠다.",
    "date": "11.08.07",
    "rating": "3",
    "author": "limd****",
    "review_id": "5613442",
    "movie_id": "10365"
  },
  {
    "review": "폭력의 미학속에 펼쳐지는 계급.허영.욕망..페킨파는 진정 폭력의 미가이다",
    "date": "11.08.07",
    "rating": "7",
    "author": "thra****",
    "review_id": "5613345",
    "movie_id": "10365"
  },
  {
    "review": "요즘 개나소나 다하는 전쟁영화들은 이 영화 반만이라도 따라가라",
    "date": "11.08.07",
    "rating": "8",
    "author": "tabu****",
    "review_id": "5613303",
    "movie_id": "10365"
  },
  {
    "review": "시대를 앞서간 명작.. 보고 내내 많은걸 생각하게 만든다",
    "date": "11.05.20",
    "rating": "10",
    "author": "stur****",
    "review_id": "5438167",
    "movie_id": "10365"
  },
  {
    "review": "잘만들었네",
    "date": "11.05.13",
    "rating": "8",
    "author": "bear****",
    "review_id": "5425499",
    "movie_id": "10365"
  },
  {
    "review": "1943년타만반도가 배경인데크림반도부근으로해설에레닌그라드는오류로보입니다",
    "date": "11.03.25",
    "rating": "10",
    "author": "wind****",
    "review_id": "5334628",
    "movie_id": "10365"
  },
  {
    "review": "기대에 미치지못하는 비급정도 전쟁무비...약실망",
    "date": "11.03.12",
    "rating": "5",
    "author": "coma****",
    "review_id": "5307395",
    "movie_id": "10365"
  },
  {
    "review": "폭력에대한 메세지와 시대를 앞서간 영상미...지금봐도 훌룡함",
    "date": "10.12.03",
    "rating": "9",
    "author": "kyle****",
    "review_id": "5018380",
    "movie_id": "10365"
  },
  {
    "review": "엔딩이 정말 끝내준다",
    "date": "10.10.12",
    "rating": "10",
    "author": "goyu****",
    "review_id": "4898765",
    "movie_id": "10365"
  },
  {
    "review": "계급의 충돌과 전쟁의 지옥이 교차하는 최고의 걸작! 오우삼은 따라쟁이 중삼(3)~!",
    "date": "10.10.05",
    "rating": "10",
    "author": "wana****",
    "review_id": "4885919",
    "movie_id": "10365"
  },
  {
    "review": "정말 최고다. 어디서부터 최고라고 말해야할지 정말로 모르겠다. 차차 알아야겠지.",
    "date": "10.09.27",
    "rating": "10",
    "author": "sh92****",
    "review_id": "4871669",
    "movie_id": "10365"
  },
  {
    "review": "프로이센 귀족이 어떻게 싸우는지 보여주지.->슈타이너 재장전은 어떻게하지~!!!!!",
    "date": "10.09.19",
    "rating": "10",
    "author": "ktm8****",
    "review_id": "4846300",
    "movie_id": "10365"
  },
  {
    "review": "페킨파와 오우삼의 수준차이가 여기서 나타나네",
    "date": "10.09.07",
    "rating": "10",
    "author": "csw8****",
    "review_id": "4821736",
    "movie_id": "10365"
  },
  {
    "review": "굿",
    "date": "10.08.29",
    "rating": "10",
    "author": "sekm****",
    "review_id": "4803591",
    "movie_id": "10365"
  },
  {
    "review": "국딩때 TV서 보고, 서른이 되서 DVD로 다시 봐도 역시 명작 전쟁 영화!",
    "date": "10.08.22",
    "rating": "10",
    "author": "baby****",
    "review_id": "4776385",
    "movie_id": "10365"
  },
  {
    "review": "전쟁의 본질과 양상,비인간성을 남자영화 전문가가 남자의 기교로 스크린에 투영",
    "date": "10.08.17",
    "rating": "9",
    "author": "mist****",
    "review_id": "4757546",
    "movie_id": "10365"
  },
  {
    "review": "뻥뻥 터뜨리고 일당백하고 하는게 전쟁이 아니여~!",
    "date": "10.05.07",
    "rating": "8",
    "author": "yjmm****",
    "review_id": "4484548",
    "movie_id": "10365"
  },
  {
    "review": "눈물나는 명작. 괜히 거장이 만든 명작이 아니군요 ㄷㄷㄷㄷ",
    "date": "10.04.21",
    "rating": "10",
    "author": "rkfr****",
    "review_id": "4447190",
    "movie_id": "10365"
  },
  {
    "review": "마지막 슈타이너의 광기어리고 허탈한 웃음소리가 귓가에서 멤돈다",
    "date": "10.04.05",
    "rating": "10",
    "author": "hans****",
    "review_id": "4414303",
    "movie_id": "10365"
  },
  {
    "review": "독일군가가 울려퍼지는 인상적인 엔딩",
    "date": "10.01.23",
    "rating": "9",
    "author": "pepe****",
    "review_id": "4202091",
    "movie_id": "10365"
  },
  {
    "review": "비극인건, 요즘 이런 영화가 드물다는거...",
    "date": "10.01.20",
    "rating": "10",
    "author": "neox****",
    "review_id": "4190830",
    "movie_id": "10365"
  },
  {
    "review": "나 중학교때 봤는데 정말 인간에 대한 회의와 비꼬는 장면 최고!",
    "date": "10.01.13",
    "rating": "10",
    "author": "rsw9****",
    "review_id": "4164659",
    "movie_id": "10365"
  },
  {
    "review": "전쟁의 참혹성과 권세에 대한 욕망 거기에 반대되는 주인공의 인간성이 대비된다...",
    "date": "10.01.03",
    "rating": "9",
    "author": "jwbj****",
    "review_id": "4127865",
    "movie_id": "10365"
  },
  {
    "review": "두말이 필요없는 꼭 봐야 하는 명작, 제임스 코번 최고!!",
    "date": "09.12.30",
    "rating": "10",
    "author": "ecc7****",
    "review_id": "4110722",
    "movie_id": "10365"
  },
  {
    "review": "절제되어 있음에도 고삐가 풀린 무언가를 보았다.",
    "date": "09.12.10",
    "rating": "10",
    "author": "jcr3****",
    "review_id": "4033673",
    "movie_id": "10365"
  },
  {
    "review": "마지막에 슈타이너의 웃음이 이영화의 모든것을 보여준다",
    "date": "09.09.02",
    "rating": "10",
    "author": "digd****",
    "review_id": "3806897",
    "movie_id": "10365"
  },
  {
    "review": "역시 옛날에 봤던 명작~~다시 또 봐도 ~~명작이네~~^^",
    "date": "09.08.29",
    "rating": "10",
    "author": "lsnk****",
    "review_id": "3796159",
    "movie_id": "10365"
  },
  {
    "review": "이런게 바로 명작중의 전설적인 명작이지",
    "date": "09.08.24",
    "rating": "10",
    "author": "wjdg****",
    "review_id": "3785236",
    "movie_id": "10365"
  },
  {
    "review": "야심과 삶, 주인공의 세상을 향한 비탄! 아이언크로스에 대한 아이러니.",
    "date": "09.06.27",
    "rating": "10",
    "author": "gand****",
    "review_id": "3596088",
    "movie_id": "10365"
  },
  {
    "review": "전쟁의 혼란 속에서 벌어지는 샘 페킨파식 희노애락",
    "date": "09.06.03",
    "rating": "10",
    "author": "ngda****",
    "review_id": "3542764",
    "movie_id": "10365"
  },
  {
    "review": "전쟁의 비극성",
    "date": "09.06.02",
    "rating": "6",
    "author": "leem****",
    "review_id": "3540905",
    "movie_id": "10365"
  },
  {
    "review": "영화사에 길이 남을 걸작...",
    "date": "09.04.02",
    "rating": "10",
    "author": "zenk****",
    "review_id": "3400813",
    "movie_id": "10365"
  },
  {
    "review": "막바지의 주인공의 슬로모션.과 엔딩씬의 조소 그리고 노래가...강렬햇다..",
    "date": "09.02.14",
    "rating": "10",
    "author": "dasl****",
    "review_id": "3302808",
    "movie_id": "10365"
  },
  {
    "review": "페킨파가 아니면 못만들 2차대전 영화, 패배자들(독일군)의 스토리라 더 강렬함",
    "date": "09.01.27",
    "rating": "8",
    "author": "ador****",
    "review_id": "3254102",
    "movie_id": "10365"
  },
  {
    "review": "내가 본 전쟁영화중에 최고. 라.일.구보다 영상은 떨어져도 훨씬 인상 깊은영화였다.",
    "date": "08.12.03",
    "rating": "10",
    "author": "toha****",
    "review_id": "3087095",
    "movie_id": "10365"
  },
  {
    "review": "볼만은 하지만, 기대치에는 훨씬 못미친다.",
    "date": "08.11.14",
    "rating": "7",
    "author": "pola****",
    "review_id": "3051003",
    "movie_id": "10365"
  },
  {
    "review": "전쟁보다 비극은 없을 것. 슈타이너의 정신이여 영원하라~",
    "date": "08.11.12",
    "rating": "10",
    "author": "almo****",
    "review_id": "3045735",
    "movie_id": "10365"
  },
  {
    "review": "컴퓨터 그래픽으로 만들어낸 리얼리즘이 아닌 실제 전쟁의 리얼리즘을 살린 작품",
    "date": "08.10.31",
    "rating": "10",
    "author": "gkru****",
    "review_id": "3028214",
    "movie_id": "10365"
  },
  {
    "review": "샘패킨파가 폭력미학을 추종했다면 이영화는 그의 신념을 표현했던 가장좋은 작품이다",
    "date": "08.09.03",
    "rating": "10",
    "author": "zero****",
    "review_id": "2920227",
    "movie_id": "10365"
  },
  {
    "review": "현대 전쟁영화의 촬영기법, 편집, 카메라웤의 시작인 영화이기도 하다",
    "date": "08.07.24",
    "rating": "10",
    "author": "yasu****",
    "review_id": "2799246",
    "movie_id": "10365"
  },
  {
    "review": "샘 페킨파가 왜 위대한지 이해할 수 있는 영화. 슬로모션은 지금봐도 예술",
    "date": "08.07.21",
    "rating": "10",
    "author": "tumm****",
    "review_id": "2789219",
    "movie_id": "10365"
  }
]