[
  {
    "review": "암울한 시대의 불꽃같은 사랑과 지식인의 고뇌.. 13년 지나고 보니 영화적 기술의 미흡함도 보이지만 배우들의 특유의 분위기는 최고였다",
    "date": "14.05.04",
    "rating": "10",
    "author": "jeon****",
    "review_id": "8702089",
    "movie_id": "10360"
  },
  {
    "review": "나름대로 야심작인듯한데 수박 겉핥기식의  인물 접근에 그저 쎈치할 뿐이다..",
    "date": "13.04.17",
    "rating": "4",
    "author": "logo****",
    "review_id": "7464850",
    "movie_id": "10360"
  },
  {
    "review": "지루하지는 않네요.김우진의 고뇌는 잘 전달이 안되네요...",
    "date": "12.05.30",
    "rating": "8",
    "author": "equu****",
    "review_id": "6348313",
    "movie_id": "10360"
  },
  {
    "review": "립싱크 제대로 못하던 장미희의 어설픈 연기만 기억~",
    "date": "11.02.07",
    "rating": "5",
    "author": "fall****",
    "review_id": "5227308",
    "movie_id": "10360"
  },
  {
    "review": "'사의 찬미'의 윤심덕의 목소리가 와닿는다. 장미희의 연기도 최고.",
    "date": "09.10.19",
    "rating": "10",
    "author": "skss****",
    "review_id": "3903301",
    "movie_id": "10360"
  },
  {
    "review": "가슴 깊이 지울 수 없는 영화. 지울 수 없는 분위기",
    "date": "08.09.01",
    "rating": "10",
    "author": "neve****",
    "review_id": "2916130",
    "movie_id": "10360"
  },
  {
    "review": "그들의 사랑과 죽음에 관해 세밀한 접근을 하지못한 아쉬움",
    "date": "06.09.16",
    "rating": "8",
    "author": "goma****",
    "review_id": "1124517",
    "movie_id": "10360"
  },
  {
    "review": "시대의 걸맞지않는 로맨스..그렇기에 더 ..",
    "date": "06.02.17",
    "rating": "10",
    "author": "petu****",
    "review_id": "675582",
    "movie_id": "10360"
  },
  {
    "review": "아름다웠던 .. 립싱크였던가? 장미희의 연기 역쉬!!",
    "date": "05.12.25",
    "rating": "9",
    "author": "blue****",
    "review_id": "528752",
    "movie_id": "10360"
  },
  {
    "review": "요즘 시대에 보기엔 너무 길고, 주인공들이 너무 늙었다",
    "date": "04.08.13",
    "rating": "6",
    "author": "soul****",
    "review_id": "89686",
    "movie_id": "10360"
  }
]