[
  {
    "review": "소오강호의 본 스토리에 크게 어긋났을 뿐만 아니라, 영호충이라는 바보는 자신의 실수로 집안을 하나 멸망시키고도 미안함 하나 없이 스토리를 쭉 진행하는군. 원작은 10점 짜리인데 이건 사실 1점도 아깝다.",
    "date": "15.08.03",
    "rating": "4",
    "author": "ali2****",
    "review_id": "10178871",
    "movie_id": "10362"
  },
  {
    "review": "여타 무협영화에 비해 스토리 라인이 부실하다 연출력의 문제 일지도",
    "date": "15.07.26",
    "rating": "3",
    "author": "west****",
    "review_id": "10145907",
    "movie_id": "10362"
  },
  {
    "review": "무술 시퀀스는 화려하고 볼 만 하나 그 외 모든 것들이 너무 유치하다. 말은 많은 데 과잉액션만큼이나 과장되었다.",
    "date": "15.06.01",
    "rating": "5",
    "author": "hepy****",
    "review_id": "9967997",
    "movie_id": "10362"
  },
  {
    "review": "아이러니하지만 호금전의 보수와 서극의 진보가 만난 걸작. 훗날 서극만의 무협은 너무 만화같다.",
    "date": "15.05.31",
    "rating": "10",
    "author": "sumi****",
    "review_id": "9966338",
    "movie_id": "10362"
  },
  {
    "review": "90년대 중국 무협영화의 정수",
    "date": "15.05.07",
    "rating": "9",
    "author": "gmdq****",
    "review_id": "9900934",
    "movie_id": "10362"
  },
  {
    "review": "옛날 극장에서  2,3번  층계에  앉아서 본 영화...ㅎㅎ",
    "date": "15.04.19",
    "rating": "9",
    "author": "bjwe****",
    "review_id": "9852780",
    "movie_id": "10362"
  },
  {
    "review": "장학우와 임청하는 별개 인물임인데 이상한 소릴 하네..",
    "date": "15.04.04",
    "rating": "10",
    "author": "guar****",
    "review_id": "9825131",
    "movie_id": "10362"
  },
  {
    "review": "여기서 장학우가 나중에 임청하로 변하는건데 ㅋㅋㅋ  아직도 그 음악은 잊질않는다 . 나나나나",
    "date": "15.02.20",
    "rating": "9",
    "author": "tomb****",
    "review_id": "9717875",
    "movie_id": "10362"
  },
  {
    "review": "그래도 이연걸의 영호충이 좋음",
    "date": "15.01.04",
    "rating": "7",
    "author": "tops****",
    "review_id": "9560097",
    "movie_id": "10362"
  },
  {
    "review": "괜찮네요 ㅎㅎㅎ 90년대 중국무협영화 ~ 사랑합니다 ~",
    "date": "14.12.07",
    "rating": "8",
    "author": "tekk****",
    "review_id": "9456765",
    "movie_id": "10362"
  },
  {
    "review": "정말  잘만들었다.. 이런영화 다신 나오기 힘들죠",
    "date": "14.11.26",
    "rating": "10",
    "author": "wesb****",
    "review_id": "9423207",
    "movie_id": "10362"
  },
  {
    "review": "보고 또 봐도 시간이 지나면 또  생각나는  영화..",
    "date": "14.10.02",
    "rating": "10",
    "author": "kmco****",
    "review_id": "9253538",
    "movie_id": "10362"
  },
  {
    "review": "다시봐도 역시 무협영화의 지존! 세상 끝 그곳에 있는 최고의 비급은 규화보전이 아니라 소오강호 악보일지도. 영호충이라는 걸출한 인물이 결국  강호의 이상형이며 강호의 최강자일지도. 원작 소설을 읽어보고 싶은 생각이 든다.",
    "date": "14.09.15",
    "rating": "9",
    "author": "inth****",
    "review_id": "9218179",
    "movie_id": "10362"
  },
  {
    "review": "그런데 왜 장학우는 이연걸을 기억못하는가?동방불패보면암ㅋ",
    "date": "14.08.18",
    "rating": "10",
    "author": "yyhz****",
    "review_id": "9108182",
    "movie_id": "10362"
  },
  {
    "review": "내 대학시절.. 모든 걸 놓고 강호를 떠나고 싶을 때 항상 소오강호를 들으며 내 적적함을 달랬다.. 지금도 그렇지만.. 모든 면에서 완벽한 작품이다..",
    "date": "14.06.29",
    "rating": "10",
    "author": "spar****",
    "review_id": "8868934",
    "movie_id": "10362"
  },
  {
    "review": "중국무협의 지존! 사욕만 채우는 내시 완장맨들! 가면 쓰고서 제자들을 잡아먹는 요괴당주! 냉혈한 아웃소싱 사냥개! 핍박과 싸우는 소외집단! 해탈한 노인 고수! 혼돈속에서 각성한 주인공! 빈 껍데기 규화보전! 황당하나 깔끔한 액션! 인생을 노래했도다~!",
    "date": "14.05.18",
    "rating": "10",
    "author": "wana****",
    "review_id": "8742994",
    "movie_id": "10362"
  },
  {
    "review": "추억의 홍콩영화 명작... 주인공인 영호충역을 맡은 배우가 안어울리는게 단점이긴 하지만 섹시한 일월신교 교주(장민)가 마음에 든다. 규화보전을 손에 넣은 장학우는 무공을 익혀 나중에 임청하가 되는데... ㅎㅎㅎ",
    "date": "14.05.08",
    "rating": "10",
    "author": "barb****",
    "review_id": "8715378",
    "movie_id": "10362"
  },
  {
    "review": "숨은 명작, 강추드립니다",
    "date": "14.02.08",
    "rating": "10",
    "author": "bgyu****",
    "review_id": "8489155",
    "movie_id": "10362"
  },
  {
    "review": "주연이 얼굴 뿐만 아니라 목소리 마저 맘에 안든다. 그래도 워낙 무협영화를 좋아해서 그냥 재밌게 봤습니다.줄거리 써주신분 감사하고요..영화랑 줄거리랑 같이 보니까 내용을 알기 편함.소설이 아니라 영화라 그런지스토리 전개가 좀 엉성한듯 합니다",
    "date": "14.01.30",
    "rating": "7",
    "author": "kig3****",
    "review_id": "8451657",
    "movie_id": "10362"
  },
  {
    "review": "호금전 감독이 계속만들었으면 더욱 가치가 있었을 작품...멋진 노래가 잘 어울린 작품..하지만 뭔가 자꾸 아쉽다..",
    "date": "14.01.04",
    "rating": "7",
    "author": "thra****",
    "review_id": "8347518",
    "movie_id": "10362"
  },
  {
    "review": "탄탄한 스토리가 초반의 흥미를 줄곧 유지하는군",
    "date": "13.12.19",
    "rating": "7",
    "author": "guev****",
    "review_id": "8235955",
    "movie_id": "10362"
  },
  {
    "review": "주인공들이 무공은 높은데도 불구하고 임무 수행에는 실수 투성이... 편지 잃어버리고, 실수로 화약통에 불붙이고...원작도 그런지는 잘 모르겠지만...어쨌든 실망..",
    "date": "13.08.07",
    "rating": "3",
    "author": "sjba****",
    "review_id": "7852748",
    "movie_id": "10362"
  },
  {
    "review": "이거 나왔을때 인기없었음......  동방불패 뜨고 나서 다시 본 사람이 많았던 아이러니한 영화...",
    "date": "13.06.18",
    "rating": "6",
    "author": "adiv****",
    "review_id": "7654936",
    "movie_id": "10362"
  },
  {
    "review": "명작은 맞는데요 ... 영호충 배우가 너무 마음에 안들어요 솔직히 영화가 암만 잘나도 전 주연배우의 포스가 50프로는 먹고 들어간다고 생각해요 ...엑스트라 조연급 배우의 포스밖에 못느끼겠어요 ...",
    "date": "13.06.13",
    "rating": "7",
    "author": "ibp2****",
    "review_id": "7636155",
    "movie_id": "10362"
  },
  {
    "review": "옛날에 티비에서 봤던 기억때문에 다시 찾아봤는데 재밌내요",
    "date": "13.06.10",
    "rating": "8",
    "author": "son1****",
    "review_id": "7625528",
    "movie_id": "10362"
  },
  {
    "review": "강호인들의 의리와 배신, 권력에 대한 욕망, 깨알같은 개그와 로맨스 등이 잘 어우러진 무협영화. 영호충(허관걸)과 남봉황(원결영)이 정말 매력적으로 나온다",
    "date": "13.06.05",
    "rating": "9",
    "author": "coco****",
    "review_id": "7581711",
    "movie_id": "10362"
  },
  {
    "review": "알지도 못하며 평점달지마라. 동방불패 보기전에 꼭 봐야할 전작!",
    "date": "13.04.27",
    "rating": "10",
    "author": "benz****",
    "review_id": "7488727",
    "movie_id": "10362"
  },
  {
    "review": "시간가는 줄 모르게 잘 만든 소장 가치가 있는 작품이다.",
    "date": "13.04.20",
    "rating": "9",
    "author": "gils****",
    "review_id": "7471581",
    "movie_id": "10362"
  },
  {
    "review": "굿!",
    "date": "13.04.14",
    "rating": "8",
    "author": "pass****",
    "review_id": "7458470",
    "movie_id": "10362"
  },
  {
    "review": "재밋음",
    "date": "13.04.01",
    "rating": "10",
    "author": "ctrl****",
    "review_id": "7428668",
    "movie_id": "10362"
  },
  {
    "review": "원결영이 너무 예쁘게 나오네요~ 장학우 장민 등등.. 좋아하는 배우들 나오네요",
    "date": "13.02.24",
    "rating": "7",
    "author": "scvz****",
    "review_id": "7299119",
    "movie_id": "10362"
  },
  {
    "review": "좋은 작품 ^^",
    "date": "12.10.10",
    "rating": "10",
    "author": "ggda****",
    "review_id": "6780413",
    "movie_id": "10362"
  },
  {
    "review": "스토리도 별로 액션도 별로 연기도 별로....소설은 명작이라던데 영화는 시망 그 자체...",
    "date": "12.09.01",
    "rating": "5",
    "author": "0323****",
    "review_id": "6662649",
    "movie_id": "10362"
  },
  {
    "review": "평점 과하게 높네, 소오강호 ost빼고 영화자체로만 보면, 시나리오 최악이지.. 그 시절의 향수땜에 7점 이라도 박는다. 무슨 돌고도는 족자 릴레이도 아니고, 장난치나 지금...",
    "date": "12.08.24",
    "rating": "7",
    "author": "ll3l****",
    "review_id": "6640542",
    "movie_id": "10362"
  },
  {
    "review": "말이 필요없다 내 어린시절을 함께한 무협영화",
    "date": "12.08.14",
    "rating": "10",
    "author": "evam****",
    "review_id": "6601983",
    "movie_id": "10362"
  },
  {
    "review": "낭만파 정통 무협사극의 부활을 알린 신호탄!! 정말 멋진 영화입니다.",
    "date": "12.08.08",
    "rating": "9",
    "author": "suju****",
    "review_id": "6583588",
    "movie_id": "10362"
  },
  {
    "review": "수업시간에봄,제대로집중을못해서그런가.스릴감도부족하다.무림의고수란?",
    "date": "12.06.13",
    "rating": "6",
    "author": "vct0****",
    "review_id": "6388554",
    "movie_id": "10362"
  },
  {
    "review": "동방불패 전편을 뒤늦게 봤다. 전편보다 나은 속편이었군. 동방불패나 한번 더 볼까?",
    "date": "12.05.04",
    "rating": "2",
    "author": "ccpp****",
    "review_id": "6271420",
    "movie_id": "10362"
  },
  {
    "review": "소오강호, 노래만 좋다.",
    "date": "12.05.04",
    "rating": "2",
    "author": "rame****",
    "review_id": "6271419",
    "movie_id": "10362"
  },
  {
    "review": "너무 산만하다. 원작을 과감히 각색해서 이야기를 더 간결하게 했다면...",
    "date": "12.05.04",
    "rating": "2",
    "author": "kpcc****",
    "review_id": "6271417",
    "movie_id": "10362"
  },
  {
    "review": "동방불패 속편이라고해서 봤는데 기대이하.. 그리고 허관걸 목소리가 너무 거슬린다",
    "date": "12.01.04",
    "rating": "2",
    "author": "amli****",
    "review_id": "5960145",
    "movie_id": "10362"
  },
  {
    "review": "웃어라",
    "date": "11.12.31",
    "rating": "5",
    "author": "bbq2****",
    "review_id": "5949561",
    "movie_id": "10362"
  },
  {
    "review": "hbj74님아 원래 김용소설 원작에서도 가볍게 나옵니다 ㅋ 물욕없고 그저 좋은 사람",
    "date": "11.11.06",
    "rating": "10",
    "author": "hohu****",
    "review_id": "5831147",
    "movie_id": "10362"
  },
  {
    "review": "캬.. 역시.",
    "date": "11.06.27",
    "rating": "10",
    "author": "hiph****",
    "review_id": "5503765",
    "movie_id": "10362"
  },
  {
    "review": "기대이하지만 역시 재밌었다 개인적으로 동방불패가 더대중적이고 나은듯",
    "date": "11.03.24",
    "rating": "8",
    "author": "rnrd****",
    "review_id": "5332076",
    "movie_id": "10362"
  },
  {
    "review": "허관걸의 영호충역의 가벼움이 옥의티인듯",
    "date": "11.02.03",
    "rating": "10",
    "author": "hbj7****",
    "review_id": "5211026",
    "movie_id": "10362"
  },
  {
    "review": "동방불패보다 훨나음",
    "date": "11.02.01",
    "rating": "10",
    "author": "movi****",
    "review_id": "5205842",
    "movie_id": "10362"
  },
  {
    "review": "재미있어요, 근데 남자 주인공이 좀 아니다",
    "date": "10.11.07",
    "rating": "10",
    "author": "sams****",
    "review_id": "4944466",
    "movie_id": "10362"
  },
  {
    "review": "보아온 김용 소설 영화화 중 최고의 완성도",
    "date": "10.11.02",
    "rating": "10",
    "author": "jcr3****",
    "review_id": "4935165",
    "movie_id": "10362"
  },
  {
    "review": "중국무협의 진수를 보여주는 레전드 !",
    "date": "10.10.06",
    "rating": "10",
    "author": "dala****",
    "review_id": "4887435",
    "movie_id": "10362"
  },
  {
    "review": "소설을 영화에 맞게 각색한 모양인데.. 좀 실망했다랄까;;",
    "date": "10.07.17",
    "rating": "6",
    "author": "yank****",
    "review_id": "4646403",
    "movie_id": "10362"
  },
  {
    "review": "동방불패 신화의 시작를 알리는 서막",
    "date": "10.06.20",
    "rating": "7",
    "author": "uds0****",
    "review_id": "4579223",
    "movie_id": "10362"
  },
  {
    "review": "현존하는 모든 중국 무협 드라마, 로맨스의 실질적인 아버지가 되는 영화",
    "date": "10.06.14",
    "rating": "10",
    "author": "para****",
    "review_id": "4565756",
    "movie_id": "10362"
  },
  {
    "review": "주제가도 좋았고 내용도좋고 배우들도 괜찮고 ~~~~~~~",
    "date": "10.06.08",
    "rating": "7",
    "author": "fnsk****",
    "review_id": "4553766",
    "movie_id": "10362"
  },
  {
    "review": "임청하, 이연걸, 왕조현이란 배우가 얼마나 대단한지 느끼게 해줬다!",
    "date": "10.05.29",
    "rating": "2",
    "author": "hamj****",
    "review_id": "4529347",
    "movie_id": "10362"
  },
  {
    "review": "음악이 아직도 귓가에 들리는 듯... 벌써 본 지 20년 가까이 지났는데...",
    "date": "10.05.20",
    "rating": "8",
    "author": "aubr****",
    "review_id": "4512004",
    "movie_id": "10362"
  },
  {
    "review": "멋있는 노래가 생각나네.. 좋은 영화.",
    "date": "10.05.19",
    "rating": "9",
    "author": "jeeb****",
    "review_id": "4510018",
    "movie_id": "10362"
  },
  {
    "review": "동방불패 전편을 뒤늦게 봤다. 전편보다 나은 속편이었군. 동방불패나 한번 더 볼까?",
    "date": "10.05.16",
    "rating": "4",
    "author": "ccpk****",
    "review_id": "4502006",
    "movie_id": "10362"
  },
  {
    "review": "아..평점 높고 댓글이 좋아서 넘 기대하고 본듯 ㅜㅜ",
    "date": "10.05.03",
    "rating": "7",
    "author": "gogo****",
    "review_id": "4474294",
    "movie_id": "10362"
  },
  {
    "review": "원결영 내 스타일",
    "date": "10.04.29",
    "rating": "10",
    "author": "wild****",
    "review_id": "4464623",
    "movie_id": "10362"
  },
  {
    "review": "소설이 워낙 장편이고 탄탄한 구성이었음에도 각색, 편집이 .. 완전 최고~",
    "date": "10.04.28",
    "rating": "10",
    "author": "paly****",
    "review_id": "4462982",
    "movie_id": "10362"
  },
  {
    "review": "다시생각나서 봤는데 20년이란 세월이 안 느껴짐..사매가 넘 귀였웠음...ㅎㅎ",
    "date": "10.04.23",
    "rating": "10",
    "author": "ogaa****",
    "review_id": "4450762",
    "movie_id": "10362"
  },
  {
    "review": "영호충이랑 사매가 너무 못생김 ㅡ.ㅡ",
    "date": "10.04.08",
    "rating": "7",
    "author": "toyh****",
    "review_id": "4420051",
    "movie_id": "10362"
  },
  {
    "review": "정말최고 굿굿굿",
    "date": "10.03.08",
    "rating": "10",
    "author": "rkdw****",
    "review_id": "4344088",
    "movie_id": "10362"
  },
  {
    "review": "스토리텔링의 기반이 약한데 과거 향수에 잠겨서 10점들 난무하는 꼴...",
    "date": "10.02.27",
    "rating": "3",
    "author": "rd72****",
    "review_id": "4320860",
    "movie_id": "10362"
  },
  {
    "review": "굿굿 베리굿",
    "date": "10.02.26",
    "rating": "10",
    "author": "cgc3****",
    "review_id": "4318672",
    "movie_id": "10362"
  },
  {
    "review": "정말 소드맨 삼부작은 동방불패2를 빼고는 거의 완벽에 가까운 것 같아요.",
    "date": "10.02.13",
    "rating": "10",
    "author": "aaro****",
    "review_id": "4276442",
    "movie_id": "10362"
  },
  {
    "review": "동방불패를 먼저바서 그런가 별로 재미없는거 같네요 백발마녀전보세요",
    "date": "09.11.13",
    "rating": "10",
    "author": "rudn****",
    "review_id": "3959244",
    "movie_id": "10362"
  },
  {
    "review": "장민누나 너무 이뻐 ^^",
    "date": "09.11.13",
    "rating": "10",
    "author": "khpa****",
    "review_id": "3957272",
    "movie_id": "10362"
  },
  {
    "review": "남봉황(원결영)조낸이쁘군,동방불패2에서는 왕조현의 애첩으로나온애두 조낸이뻐",
    "date": "09.11.08",
    "rating": "10",
    "author": "gold****",
    "review_id": "3946009",
    "movie_id": "10362"
  },
  {
    "review": "참 잘 만들었다..... 그리고 남봉황 정말 이쁘게 나온다",
    "date": "09.08.21",
    "rating": "10",
    "author": "kimg****",
    "review_id": "3773664",
    "movie_id": "10362"
  },
  {
    "review": "소오강호 책을 보는듯 했다 ! 오프닝 음악도 좋고 ^^",
    "date": "09.08.15",
    "rating": "10",
    "author": "oper****",
    "review_id": "3752046",
    "movie_id": "10362"
  },
  {
    "review": "아 그리운 90년대 중국 무협 영화여....",
    "date": "09.08.15",
    "rating": "8",
    "author": "vboy****",
    "review_id": "3750080",
    "movie_id": "10362"
  },
  {
    "review": "또 보고싶네요.",
    "date": "09.05.22",
    "rating": "10",
    "author": "youv****",
    "review_id": "3512292",
    "movie_id": "10362"
  },
  {
    "review": "쵝오!",
    "date": "09.05.17",
    "rating": "10",
    "author": "pjw5****",
    "review_id": "3502089",
    "movie_id": "10362"
  },
  {
    "review": "오랜만에 보니까 소설을 다시 읽어보고 싶네요",
    "date": "09.04.26",
    "rating": "10",
    "author": "hsmi****",
    "review_id": "3442267",
    "movie_id": "10362"
  },
  {
    "review": "소오강호 바로 인생무상, 무협이지만 정말 의미있습니다",
    "date": "09.04.25",
    "rating": "10",
    "author": "chas****",
    "review_id": "3439587",
    "movie_id": "10362"
  },
  {
    "review": "무협을 소오강호 이전과 이후로 나뉘게 해버린 대단한 작품...",
    "date": "09.04.08",
    "rating": "10",
    "author": "bloo****",
    "review_id": "3411044",
    "movie_id": "10362"
  },
  {
    "review": "굿좝~~~",
    "date": "09.02.17",
    "rating": "10",
    "author": "andy****",
    "review_id": "3311765",
    "movie_id": "10362"
  },
  {
    "review": "푸른하늘에 은원을 잊고~~~~~ 이게 무협이다.",
    "date": "09.02.01",
    "rating": "10",
    "author": "heim****",
    "review_id": "3269494",
    "movie_id": "10362"
  },
  {
    "review": "무협영화의 위대한 계시",
    "date": "09.01.05",
    "rating": "10",
    "author": "myla****",
    "review_id": "3195380",
    "movie_id": "10362"
  },
  {
    "review": "제발 이런 무협영화가 많이 나오길...",
    "date": "08.12.25",
    "rating": "10",
    "author": "pupp****",
    "review_id": "3148769",
    "movie_id": "10362"
  },
  {
    "review": "무협은이런것이여~~~^^",
    "date": "08.11.30",
    "rating": "10",
    "author": "jyy9****",
    "review_id": "3080882",
    "movie_id": "10362"
  },
  {
    "review": "허관걸은 소오강호를 위해 태어난 배우, 진정한 무협영화의 전설...",
    "date": "08.11.29",
    "rating": "10",
    "author": "ming****",
    "review_id": "3078908",
    "movie_id": "10362"
  },
  {
    "review": "동방불패의 전편이었다니...",
    "date": "08.11.06",
    "rating": "9",
    "author": "mins****",
    "review_id": "3037098",
    "movie_id": "10362"
  },
  {
    "review": "동방불패와 쌍벽을 이루는 역작.. 남봉황 원결영이쁘당~ㅎ",
    "date": "08.09.26",
    "rating": "10",
    "author": "june****",
    "review_id": "2969558",
    "movie_id": "10362"
  },
  {
    "review": "당연 무협에서 손꼽히는 작품.. 음악이 인상깊었다.",
    "date": "08.09.12",
    "rating": "9",
    "author": "yell****",
    "review_id": "2937047",
    "movie_id": "10362"
  },
  {
    "review": "강호의 낭만과 무정함을 표현",
    "date": "08.09.11",
    "rating": "8",
    "author": "arse****",
    "review_id": "2934793",
    "movie_id": "10362"
  },
  {
    "review": "볼만하네요.",
    "date": "08.09.06",
    "rating": "8",
    "author": "diri****",
    "review_id": "2926044",
    "movie_id": "10362"
  },
  {
    "review": "장민 끝내준다",
    "date": "08.09.03",
    "rating": "10",
    "author": "eeec****",
    "review_id": "2919270",
    "movie_id": "10362"
  },
  {
    "review": "너무 산만하고 지루하다..그놈의 규화보전이 뭐라고..^^",
    "date": "08.08.12",
    "rating": "3",
    "author": "drag****",
    "review_id": "2864549",
    "movie_id": "10362"
  },
  {
    "review": "괜찮아 괜찮아..",
    "date": "08.07.22",
    "rating": "8",
    "author": "dma9****",
    "review_id": "2791248",
    "movie_id": "10362"
  },
  {
    "review": "홍콩 무협물 중에선 속편격인 동방불패와 더불어 독보적인 작품",
    "date": "08.07.02",
    "rating": "9",
    "author": "gall****",
    "review_id": "2735983",
    "movie_id": "10362"
  },
  {
    "review": "장민 너무 이쁘네요 ^^",
    "date": "08.06.01",
    "rating": "10",
    "author": "pdu1****",
    "review_id": "2675488",
    "movie_id": "10362"
  },
  {
    "review": "내용이 재미있다... 동방불패보다 훨 낫다..",
    "date": "08.05.08",
    "rating": "10",
    "author": "shki****",
    "review_id": "2625383",
    "movie_id": "10362"
  },
  {
    "review": "무협의 미학, 아름다운 선율, 그리고 '의'를 중시하는 인간",
    "date": "08.05.03",
    "rating": "10",
    "author": "wick****",
    "review_id": "2612943",
    "movie_id": "10362"
  },
  {
    "review": "아직도 노래를 흥얼거리면 가슴이 싸해지면서 소름이 돋는다",
    "date": "08.04.12",
    "rating": "10",
    "author": "slrl****",
    "review_id": "2575898",
    "movie_id": "10362"
  },
  {
    "review": "영화를봐도 재밌지가않았는데... 이걸보고 영화슬럼프? 에서벗어낫다 1류무협영화!!!",
    "date": "08.02.21",
    "rating": "10",
    "author": "pow9****",
    "review_id": "2468014",
    "movie_id": "10362"
  },
  {
    "review": "여러문파들과의싸움무협영화있지도않은이야기만화도무협만화이런거안본다",
    "date": "08.01.24",
    "rating": "8",
    "author": "zzzo****",
    "review_id": "2363588",
    "movie_id": "10362"
  },
  {
    "review": "소오강호- 동방불패로 이어지는 명작라인",
    "date": "07.12.17",
    "rating": "10",
    "author": "ongn****",
    "review_id": "2239423",
    "movie_id": "10362"
  }
]