[
  {
    "review": "약간은 진부한 고전 호러",
    "date": "15.07.31",
    "rating": "6",
    "author": "777s****",
    "review_id": "10164722",
    "movie_id": "10375"
  },
  {
    "review": "어쩌다  엄청오래된영화를봤네요.",
    "date": "14.11.27",
    "rating": "7",
    "author": "seon****",
    "review_id": "9427841",
    "movie_id": "10375"
  },
  {
    "review": "재밌을꺼 같다 이런영화가 잘끌린다니까",
    "date": "14.11.03",
    "rating": "10",
    "author": "1235****",
    "review_id": "9339104",
    "movie_id": "10375"
  },
  {
    "review": "오컬트 영화의 전설이라 보면 된다.",
    "date": "09.11.25",
    "rating": "7",
    "author": "gala****",
    "review_id": "3989114",
    "movie_id": "10375"
  },
  {
    "review": "악령의 저택. 실화를 바탕으로 했다지만 진부한 공포소재中 하나.",
    "date": "08.12.30",
    "rating": "5",
    "author": "evil****",
    "review_id": "3168497",
    "movie_id": "10375"
  },
  {
    "review": "실화라고 하니 무섭게 느껴지지만 그 외에 다소 긴장감이 떨어진다",
    "date": "08.08.09",
    "rating": "7",
    "author": "hurr****",
    "review_id": "2855709",
    "movie_id": "10375"
  },
  {
    "review": "저기여 너무 재미있는데여",
    "date": "08.06.29",
    "rating": "10",
    "author": "zhsm****",
    "review_id": "2728330",
    "movie_id": "10375"
  },
  {
    "review": "옛날것이 되었지만  볼만했던 공포영화 였다",
    "date": "07.06.26",
    "rating": "7",
    "author": "zeed****",
    "review_id": "1723229",
    "movie_id": "10375"
  },
  {
    "review": "공포영화 또 하나의 고전중 하나라고 본다",
    "date": "07.03.05",
    "rating": "7",
    "author": "nala****",
    "review_id": "1520524",
    "movie_id": "10375"
  },
  {
    "review": "화려한 볼거리가 없더라도 충분히 긴장감을 준다.",
    "date": "07.01.23",
    "rating": "6",
    "author": "godc****",
    "review_id": "1407906",
    "movie_id": "10375"
  }
]