[
  {
    "review": "그야말로 화장실에서나 볼수있는 낙서수준의 유머가 가득.그래도 왜 그렇게 웃겼는지.",
    "date": "09.07.01",
    "rating": "4",
    "author": "baks****",
    "review_id": "3604250",
    "movie_id": "10370"
  },
  {
    "review": "컨닝장면만큼은 최강.. 극장서 정말 웃으면서 봤던 기억이..",
    "date": "09.01.13",
    "rating": "9",
    "author": "gall****",
    "review_id": "3219069",
    "movie_id": "10370"
  },
  {
    "review": "잘 기억은 안 나지만 심하게 재밌었다는ㅎㅎ",
    "date": "08.09.22",
    "rating": "10",
    "author": "ergr****",
    "review_id": "2964722",
    "movie_id": "10370"
  },
  {
    "review": "당시 참 섹시하면서 웃겼던 걸로 기억한다.",
    "date": "08.08.25",
    "rating": "8",
    "author": "jere****",
    "review_id": "2900794",
    "movie_id": "10370"
  },
  {
    "review": "굉장히 재밌는 영화였다. 다시 보고 싶을 정도로^^",
    "date": "08.06.23",
    "rating": "8",
    "author": "roll****",
    "review_id": "2715628",
    "movie_id": "10370"
  },
  {
    "review": "골때린다 이 영화",
    "date": "07.03.19",
    "rating": "8",
    "author": "zeed****",
    "review_id": "1542892",
    "movie_id": "10370"
  },
  {
    "review": "중학교때 봤는데 웃겨 죽는줄 알았다... 진짜 재밌어요.",
    "date": "06.10.05",
    "rating": "10",
    "author": "pand****",
    "review_id": "1161665",
    "movie_id": "10370"
  },
  {
    "review": "어릴적 봤던 기억이 있는데 진정한 쓰레기였다.",
    "date": "05.12.23",
    "rating": "1",
    "author": "conf****",
    "review_id": "521818",
    "movie_id": "10370"
  },
  {
    "review": "제발 보시지들 마시길.... ㅜ.ㅜ",
    "date": "05.08.29",
    "rating": "3",
    "author": "gsls****",
    "review_id": "388096",
    "movie_id": "10370"
  }
]