[
  {
    "review": "10초만 세봐요. 원...투..쓰리..",
    "date": "15.07.02",
    "rating": "8",
    "author": "tpfl****",
    "review_id": "10061090",
    "movie_id": "10371"
  },
  {
    "review": "영화가 재미졌던진 본지 너무 오래되서 기억은 안나지만 영화 전반 내내 흘러나왓던 마크 노플러의  곡들이 가슴을 찡하게 만들었던 기억은 남...",
    "date": "15.06.28",
    "rating": "7",
    "author": "tlsg****",
    "review_id": "10046608",
    "movie_id": "10371"
  },
  {
    "review": "희화와 과장의 가벼움.",
    "date": "15.04.20",
    "rating": "5",
    "author": "rd72****",
    "review_id": "9854770",
    "movie_id": "10371"
  },
  {
    "review": "제목자체가 그러하듯 뭔가가 들어맞지 않는 영화. 인물 각각의 네러티브를 따져가보면 통일성도 상징성도 들어맞지 않는 허망한 영화였음을 알게된다. 제이퍼 제이슨리와 스티븐볼드윈등의 훌륭한 연기, 뭔가 겉돌지만 아름다운 마크노플러의 음악만이 기억에 남는다.",
    "date": "15.03.23",
    "rating": "6",
    "author": "ewql****",
    "review_id": "9801832",
    "movie_id": "10371"
  },
  {
    "review": "영화를 보다가 감동해서 울었다...20년 만에...다시.",
    "date": "14.09.18",
    "rating": "10",
    "author": "wkae****",
    "review_id": "9221944",
    "movie_id": "10371"
  },
  {
    "review": "인간이라면  출구를 찾을 마음이 있다",
    "date": "14.08.31",
    "rating": "10",
    "author": "akbe****",
    "review_id": "9150658",
    "movie_id": "10371"
  },
  {
    "review": "삶의 처연함에 대하여...",
    "date": "14.05.23",
    "rating": "10",
    "author": "tast****",
    "review_id": "8756077",
    "movie_id": "10371"
  },
  {
    "review": "50년대 그들의 삶도 지금 우리들의 삶도 본질적으로 다른 게 하나도 없다..내 극적인 삶 뒤에 비상구가 있던 없던 항상 위로받아야 하는 존재인건 변함이 없다...이토록 이성적 시점으로 현실을 잘 그려낸 영화가 또 있을까...",
    "date": "14.04.09",
    "rating": "10",
    "author": "soof****",
    "review_id": "8637815",
    "movie_id": "10371"
  },
  {
    "review": "트랄라는 독을품은 주절절절절먹",
    "date": "14.02.23",
    "rating": "10",
    "author": "beha****",
    "review_id": "8529923",
    "movie_id": "10371"
  },
  {
    "review": "마지막에 울수밖에 없었다... 먹먹하다...",
    "date": "14.01.23",
    "rating": "10",
    "author": "fubu****",
    "review_id": "8414351",
    "movie_id": "10371"
  },
  {
    "review": "영화가 뭘 말하려는지 잘 이해못하겠네...ㅠㅠ",
    "date": "14.01.01",
    "rating": "7",
    "author": "pass****",
    "review_id": "8336272",
    "movie_id": "10371"
  },
  {
    "review": "비루하고 타락한 세상이지만, 그 속에서 마지막 브루클린의 모든 이들이 또다시 일터로 향하는 마지막 장면의 가슴 먹먹함은 오래도록 잊히지 않을 듯하다. 마크 노플러의 사운드트랙만으로도 이미 명작.",
    "date": "13.11.30",
    "rating": "10",
    "author": "vlta****",
    "review_id": "8178593",
    "movie_id": "10371"
  },
  {
    "review": "뭐냐? 허무주의냐?",
    "date": "13.07.26",
    "rating": "5",
    "author": "hmhd****",
    "review_id": "7786492",
    "movie_id": "10371"
  },
  {
    "review": "같은 영화를 극장에서만 하루에 연속해서 세 번을 본 것은, 아마도 내 인생에 이 영화가 전무후무 하리라!",
    "date": "13.05.21",
    "rating": "10",
    "author": "sada****",
    "review_id": "7546713",
    "movie_id": "10371"
  },
  {
    "review": "가장 완벽한 이 시대의 표상이다.",
    "date": "13.05.05",
    "rating": "10",
    "author": "gevi****",
    "review_id": "7510943",
    "movie_id": "10371"
  },
  {
    "review": "마지막",
    "date": "13.04.26",
    "rating": "9",
    "author": "jmp0****",
    "review_id": "7484831",
    "movie_id": "10371"
  },
  {
    "review": "참 잘 봤다!",
    "date": "13.01.24",
    "rating": "10",
    "author": "aita****",
    "review_id": "7168300",
    "movie_id": "10371"
  },
  {
    "review": "50년대 뉴욕 뒷골목 인생들의 몸부림과 종말을 잘 그려냈다! 지옥 탈출을 위해 도약하다가 비참히 추락하는 이들에겐 늘 공통점이 있다. 열등감과 조급함으로 불나방처럼 덤빈다는 것! 그래도! 건강하게 싸워나가면 희망이 있다는 출구를 보여줬기에, 흐뭇하다.",
    "date": "12.10.21",
    "rating": "8",
    "author": "wana****",
    "review_id": "6817040",
    "movie_id": "10371"
  },
  {
    "review": "밑바닥 인생을 바라보는 무심한 시선. 그러나 폐허 속에서도 꽃은 피어난다.",
    "date": "12.10.21",
    "rating": "9",
    "author": "kor1****",
    "review_id": "6816971",
    "movie_id": "10371"
  },
  {
    "review": "처연하고도 비극적인 사랑의 엇갈림, 그래도 영화는 희망을 말한다",
    "date": "12.10.08",
    "rating": "10",
    "author": "ksen****",
    "review_id": "6771943",
    "movie_id": "10371"
  },
  {
    "review": "희망이라고는 존재하지 않을것 같은 삶속에서도 한줄기의 빛은 있다.",
    "date": "12.10.03",
    "rating": "10",
    "author": "smyw****",
    "review_id": "6759168",
    "movie_id": "10371"
  },
  {
    "review": "참 돈 없는 사람들은 세상 살기 힘들다.....",
    "date": "12.10.01",
    "rating": "7",
    "author": "psy9****",
    "review_id": "6748627",
    "movie_id": "10371"
  },
  {
    "review": "점점 더 고전이 될 것이다.",
    "date": "12.08.09",
    "rating": "10",
    "author": "egoh****",
    "review_id": "6585623",
    "movie_id": "10371"
  },
  {
    "review": "출연진의 연기와 팽팽한 연출의 조화",
    "date": "12.07.20",
    "rating": "7",
    "author": "guev****",
    "review_id": "6500517",
    "movie_id": "10371"
  },
  {
    "review": "제니퍼 제이슨 리 최고의 연기",
    "date": "12.06.03",
    "rating": "9",
    "author": "figh****",
    "review_id": "6360875",
    "movie_id": "10371"
  },
  {
    "review": "각기 다른 사람들의 일상을 감칠맛나게 연출.",
    "date": "12.05.31",
    "rating": "9",
    "author": "wlfa****",
    "review_id": "6350526",
    "movie_id": "10371"
  },
  {
    "review": "삶,사랑,가난... 희망을 잃어버린 슬픈영혼",
    "date": "12.04.24",
    "rating": "9",
    "author": "e004****",
    "review_id": "6242298",
    "movie_id": "10371"
  },
  {
    "review": "예전이나 지금이나 삶은 비슷하다",
    "date": "12.04.21",
    "rating": "8",
    "author": "shwi****",
    "review_id": "6236518",
    "movie_id": "10371"
  },
  {
    "review": "9점주고싶어",
    "date": "12.02.14",
    "rating": "9",
    "author": "sylo****",
    "review_id": "6075116",
    "movie_id": "10371"
  },
  {
    "review": "트랄라의 주인공의 이야기에서 뭔가가 좀 부족했다.",
    "date": "12.02.13",
    "rating": "7",
    "author": "outg****",
    "review_id": "6072178",
    "movie_id": "10371"
  },
  {
    "review": "Last One Exit",
    "date": "12.02.09",
    "rating": "8",
    "author": "bbq2****",
    "review_id": "6062775",
    "movie_id": "10371"
  },
  {
    "review": "명작이라고해서91년에봤다.주제나의도나완성도는좋지만상업성은별루였다.",
    "date": "12.01.04",
    "rating": "9",
    "author": "a109****",
    "review_id": "5960078",
    "movie_id": "10371"
  },
  {
    "review": "뭐야 이영화 물대포랑 최루탄,, 최근 어디서 본 듯한 장면들??",
    "date": "11.12.24",
    "rating": "10",
    "author": "kkm0****",
    "review_id": "5929812",
    "movie_id": "10371"
  },
  {
    "review": "눈물의 영화",
    "date": "11.12.22",
    "rating": "10",
    "author": "pm04****",
    "review_id": "5921437",
    "movie_id": "10371"
  },
  {
    "review": "amor vincit omnia. 희망이라 쓰고  탈출구라 읽으며 사랑이라 느낀다",
    "date": "11.10.02",
    "rating": "8",
    "author": "skyb****",
    "review_id": "5766187",
    "movie_id": "10371"
  },
  {
    "review": "이런 영화, 또 볼 수 있을까?",
    "date": "11.05.31",
    "rating": "10",
    "author": "kosk****",
    "review_id": "5457637",
    "movie_id": "10371"
  },
  {
    "review": "아름답지 않는 삶들을 인상적으로 그려낸, 아름다운 영화.. 제니퍼 제이슨 리!",
    "date": "11.05.30",
    "rating": "9",
    "author": "brav****",
    "review_id": "5455859",
    "movie_id": "10371"
  },
  {
    "review": "영화가 끝나도 나의 전율은 멈출 수 없었다.",
    "date": "11.05.16",
    "rating": "10",
    "author": "cj49****",
    "review_id": "5431914",
    "movie_id": "10371"
  },
  {
    "review": "시간이 아무리 지난다 해도 명작의 색체는 절대 바뀌지 않는다.",
    "date": "11.03.14",
    "rating": "10",
    "author": "rock****",
    "review_id": "5313868",
    "movie_id": "10371"
  },
  {
    "review": "Don't cry, 트랄라...",
    "date": "11.02.09",
    "rating": "9",
    "author": "hero****",
    "review_id": "5230020",
    "movie_id": "10371"
  },
  {
    "review": "마지막에 트랄라와 함께 울었다",
    "date": "11.02.02",
    "rating": "10",
    "author": "mara****",
    "review_id": "5206346",
    "movie_id": "10371"
  },
  {
    "review": "스릴러기법으로 찍은 드라마. 뭔가 벌어질듯한 위기감으로 채워진 102분",
    "date": "11.01.29",
    "rating": "9",
    "author": "heod****",
    "review_id": "5194871",
    "movie_id": "10371"
  },
  {
    "review": "슬프도록 암울한 영화,,,희망 조차도 ~~~~~~~~",
    "date": "11.01.29",
    "rating": "8",
    "author": "fnsk****",
    "review_id": "5193639",
    "movie_id": "10371"
  },
  {
    "review": "꼬마의 첫번째 트랄라'는 브룩클린의 현실. 늦게라도 알게 된 진실 후 짓밟히는 해리'",
    "date": "10.12.24",
    "rating": "8",
    "author": "gkag****",
    "review_id": "5078844",
    "movie_id": "10371"
  },
  {
    "review": "비극적이고 잔혹한 현실",
    "date": "10.10.24",
    "rating": "9",
    "author": "yser****",
    "review_id": "4919555",
    "movie_id": "10371"
  },
  {
    "review": "영화다운 영화.. 암울함 속에서 스타일리쉬함이 느껴진다",
    "date": "10.10.14",
    "rating": "8",
    "author": "come****",
    "review_id": "4901865",
    "movie_id": "10371"
  },
  {
    "review": "아 모르겠다 크게 와닿지는 않네....BGM은 확실히 좋다",
    "date": "10.06.24",
    "rating": "7",
    "author": "undo****",
    "review_id": "4588370",
    "movie_id": "10371"
  },
  {
    "review": "이유를 알 수 있는 감동이 있는 영화",
    "date": "10.05.08",
    "rating": "10",
    "author": "donk****",
    "review_id": "4486581",
    "movie_id": "10371"
  },
  {
    "review": "글쎄올시다",
    "date": "10.04.29",
    "rating": "4",
    "author": "skat****",
    "review_id": "4464704",
    "movie_id": "10371"
  },
  {
    "review": "마크 노플러의 빛나는 주제곡도 이 영화의 산만함을 막을 순 없다.",
    "date": "10.04.14",
    "rating": "5",
    "author": "team****",
    "review_id": "4432685",
    "movie_id": "10371"
  },
  {
    "review": "마크노플러의 a love idea가 나오는영화",
    "date": "10.04.02",
    "rating": "10",
    "author": "grea****",
    "review_id": "4404842",
    "movie_id": "10371"
  },
  {
    "review": "주제도 와 닿지 않고 내용도 산만한 엉성한 작품임.",
    "date": "10.02.25",
    "rating": "5",
    "author": "jjyn****",
    "review_id": "4316822",
    "movie_id": "10371"
  },
  {
    "review": "허..",
    "date": "10.02.02",
    "rating": "10",
    "author": "qjcj****",
    "review_id": "4236746",
    "movie_id": "10371"
  },
  {
    "review": "정말 최고의 영화!!",
    "date": "10.01.02",
    "rating": "10",
    "author": "gose****",
    "review_id": "4123395",
    "movie_id": "10371"
  },
  {
    "review": "\"브룩클린으로가는 마지막 출구\" 라는 제목을 지하철역에서 따왔다는 감독",
    "date": "09.12.29",
    "rating": "9",
    "author": "1070****",
    "review_id": "4104428",
    "movie_id": "10371"
  },
  {
    "review": "두말 할 것 없이 최고.",
    "date": "09.12.28",
    "rating": "10",
    "author": "yeru****",
    "review_id": "4096911",
    "movie_id": "10371"
  },
  {
    "review": "재밌다 !!!!!!!!!!!!!",
    "date": "09.12.14",
    "rating": "10",
    "author": "nyr3****",
    "review_id": "4043840",
    "movie_id": "10371"
  },
  {
    "review": "아 싫다.. ㅠㅠ 재밌었지만 배경과 결말 모든게 싫다......ㅠ.ㅠ",
    "date": "09.11.23",
    "rating": "1",
    "author": "zzan****",
    "review_id": "3985563",
    "movie_id": "10371"
  },
  {
    "review": "영어 제목부터 마지막 끝나는 순간까지, 모든 것이 최고인 영화다.",
    "date": "09.11.17",
    "rating": "10",
    "author": "eric****",
    "review_id": "3971874",
    "movie_id": "10371"
  },
  {
    "review": "저도 새벽에 이거 보고 4시에 잤어요... 한번 더 보고 싶은 영화!!",
    "date": "09.10.12",
    "rating": "10",
    "author": "soky****",
    "review_id": "3888867",
    "movie_id": "10371"
  },
  {
    "review": "어제케이블에서 보고 울뻔했다(진짜 강추에요)",
    "date": "09.10.12",
    "rating": "10",
    "author": "dlwp****",
    "review_id": "3888256",
    "movie_id": "10371"
  },
  {
    "review": "그냥.. 가엽고.. 아리고 ... 쓸쓸하다 ...행복했으면 좋겠다..",
    "date": "09.09.23",
    "rating": "10",
    "author": "dlgo****",
    "review_id": "3845220",
    "movie_id": "10371"
  },
  {
    "review": "트랄라와 메인테마로 영원히 가슴에 남을 것같은 영화",
    "date": "09.09.22",
    "rating": "10",
    "author": "ney1****",
    "review_id": "3843924",
    "movie_id": "10371"
  },
  {
    "review": "트랄라의 눈물을 잊을 수가 없다. 음악과 함께...",
    "date": "09.09.08",
    "rating": "10",
    "author": "soga****",
    "review_id": "3818974",
    "movie_id": "10371"
  },
  {
    "review": "거리를 떠돌다 내 혼이 사랑하는 그를 찾으리니. 내용도 내용이지만 트랄라 리!",
    "date": "09.07.11",
    "rating": "9",
    "author": "1una****",
    "review_id": "3623446",
    "movie_id": "10371"
  },
  {
    "review": "사랑으로 불행해진 사람들... 결국, 사랑은 영혼을 잠식했다.",
    "date": "09.05.24",
    "rating": "10",
    "author": "hmk8****",
    "review_id": "3518930",
    "movie_id": "10371"
  },
  {
    "review": "보고 듣고 느끼는 영화. 좋은 작품.",
    "date": "09.05.22",
    "rating": "8",
    "author": "ysuh****",
    "review_id": "3512024",
    "movie_id": "10371"
  },
  {
    "review": "안타까운 영화. 현대적으로 보이고자 좋은 주제의식을 대중가요처럼 다루어냈다.",
    "date": "09.02.23",
    "rating": "7",
    "author": "paus****",
    "review_id": "3328553",
    "movie_id": "10371"
  },
  {
    "review": "가까우면서도 먼 이야기",
    "date": "09.01.25",
    "rating": "10",
    "author": "tw64****",
    "review_id": "3247431",
    "movie_id": "10371"
  },
  {
    "review": "희비가 엇갈리는 세상사의 아이러니, 진정 비상구가 있을까? 사랑의 여운...",
    "date": "08.12.16",
    "rating": "10",
    "author": "wrap****",
    "review_id": "3121382",
    "movie_id": "10371"
  },
  {
    "review": "편한 마음으로 본 영화는 아니지만 진짜 마지막에 희망을 말하는 듯 해서 위안이 됬다",
    "date": "08.12.15",
    "rating": "8",
    "author": "youn****",
    "review_id": "3120691",
    "movie_id": "10371"
  },
  {
    "review": "출구로 나가면 빛이 강렬해 눈이, 트랄라의 눈이 부시다",
    "date": "08.12.04",
    "rating": "4",
    "author": "titi****",
    "review_id": "3090302",
    "movie_id": "10371"
  },
  {
    "review": "무겁고 어두워서 보기 힘들었지만, 아름다운 멜로디가 그걸 위로해주었던 영화",
    "date": "08.12.02",
    "rating": "8",
    "author": "lsyu****",
    "review_id": "3085809",
    "movie_id": "10371"
  },
  {
    "review": "20대초에본영화 어디선가 이음악이 나오면 이영화가 생각남 슬프고도 아름다운영화",
    "date": "08.09.22",
    "rating": "10",
    "author": "ki15****",
    "review_id": "2964816",
    "movie_id": "10371"
  },
  {
    "review": "그 자체로 생명을 지닌 듯 살아 꿈틀대는 영화!",
    "date": "08.08.21",
    "rating": "9",
    "author": "caca****",
    "review_id": "2891642",
    "movie_id": "10371"
  },
  {
    "review": "치열한 극사실주의와 제니퍼 제이슨 리. 이 영화에 비하면 올리버 스톤이 약해보인다.",
    "date": "08.08.12",
    "rating": "9",
    "author": "bepl****",
    "review_id": "2864146",
    "movie_id": "10371"
  },
  {
    "review": "기대했던만큼 만족하지 못한영화",
    "date": "08.07.14",
    "rating": "7",
    "author": "mitc****",
    "review_id": "2763026",
    "movie_id": "10371"
  },
  {
    "review": "브룩클린으로 가는 마지막 비상구는 어디에 있나?",
    "date": "08.05.14",
    "rating": "7",
    "author": "yesj****",
    "review_id": "2639805",
    "movie_id": "10371"
  },
  {
    "review": "비극적인 시대 비극적인 영화",
    "date": "08.04.18",
    "rating": "6",
    "author": "like****",
    "review_id": "2586875",
    "movie_id": "10371"
  },
  {
    "review": "아름답고 잔잔한 음악은 최고! 개구리 닮은 아저씨..",
    "date": "08.03.30",
    "rating": "9",
    "author": "7611****",
    "review_id": "2549130",
    "movie_id": "10371"
  },
  {
    "review": "마지막 비상구 너머...희망을 본다... 사랑이 희망이다.",
    "date": "08.03.03",
    "rating": "10",
    "author": "djoh****",
    "review_id": "2501818",
    "movie_id": "10371"
  },
  {
    "review": "아름다운 영화다.. 당시 하류층의 생활모습을 적나라하게 그렸다.",
    "date": "08.02.24",
    "rating": "10",
    "author": "pola****",
    "review_id": "2477885",
    "movie_id": "10371"
  },
  {
    "review": "그들의 삶이, 내게 너무나도 슬펐다.",
    "date": "08.02.11",
    "rating": "10",
    "author": "1961****",
    "review_id": "2434642",
    "movie_id": "10371"
  },
  {
    "review": "진정 삶에 비상구는 존재하는걸까? 답답하고 우울하다",
    "date": "08.01.03",
    "rating": "10",
    "author": "kore****",
    "review_id": "2293386",
    "movie_id": "10371"
  },
  {
    "review": "인사를 건내자 \"당신은 잘 살고 있습니까?\" 내게 되 물었다.",
    "date": "07.12.28",
    "rating": "8",
    "author": "fram****",
    "review_id": "2276397",
    "movie_id": "10371"
  },
  {
    "review": "아 세상은 왜이리도 부조리 한지 트랄라가 내마음을 너무 아프게 했다..",
    "date": "07.12.26",
    "rating": "10",
    "author": "nami****",
    "review_id": "2267920",
    "movie_id": "10371"
  },
  {
    "review": "재밌다",
    "date": "07.12.26",
    "rating": "10",
    "author": "eek5****",
    "review_id": "2267591",
    "movie_id": "10371"
  },
  {
    "review": "애처로운 캐릭터들로 가득찬 속속들이 잊혀지지 않는영화",
    "date": "07.10.18",
    "rating": "10",
    "author": "bebe****",
    "review_id": "2096083",
    "movie_id": "10371"
  },
  {
    "review": "희망을 역설적으로 표현한 최고의 명작.",
    "date": "07.09.27",
    "rating": "10",
    "author": "rlad****",
    "review_id": "2053418",
    "movie_id": "10371"
  },
  {
    "review": "아무리 힘들어도 쓰러지지 않는 정신과 지구력만이 이 세상에서 살길이다.",
    "date": "07.09.23",
    "rating": "10",
    "author": "vene****",
    "review_id": "2040343",
    "movie_id": "10371"
  },
  {
    "review": "노래도 참 좋다 \"A LOVE IDEA\"",
    "date": "07.09.22",
    "rating": "9",
    "author": "8913****",
    "review_id": "2038981",
    "movie_id": "10371"
  },
  {
    "review": "자본주의 산업사회의 최하층 계급 구성원들간의 하수구 같은 삶의 현장.",
    "date": "07.09.12",
    "rating": "8",
    "author": "seun****",
    "review_id": "2015590",
    "movie_id": "10371"
  },
  {
    "review": "현실보다 더 현실같은 영화.매우쓴 영양제를 먹은 느낌.",
    "date": "07.08.20",
    "rating": "8",
    "author": "dbfl****",
    "review_id": "1963262",
    "movie_id": "10371"
  },
  {
    "review": "기억에 남네요....트랄라 매력적..",
    "date": "07.08.20",
    "rating": "10",
    "author": "tnst****",
    "review_id": "1963172",
    "movie_id": "10371"
  },
  {
    "review": "다시 봤는데 참 소중한 영화다. 감상을 정리하려면 시간이 더 필요할 듯.",
    "date": "07.08.20",
    "rating": "9",
    "author": "comb****",
    "review_id": "1962903",
    "movie_id": "10371"
  },
  {
    "review": "우연히 티비에서 하길래 지나칠려다가 봤는데..끝까지 다보고 말았다.",
    "date": "07.08.20",
    "rating": "8",
    "author": "tmdw****",
    "review_id": "1962714",
    "movie_id": "10371"
  },
  {
    "review": "인상깊게본 영화.",
    "date": "07.08.11",
    "rating": "10",
    "author": "true****",
    "review_id": "1920729",
    "movie_id": "10371"
  },
  {
    "review": "영화가 하나로 모일 듯 하다가 만 느낌//",
    "date": "07.07.31",
    "rating": "4",
    "author": "shh8****",
    "review_id": "1833091",
    "movie_id": "10371"
  },
  {
    "review": "잔인한 절망들이 졸라게 아름답다.",
    "date": "07.03.29",
    "rating": "10",
    "author": "2pur****",
    "review_id": "1560491",
    "movie_id": "10371"
  },
  {
    "review": "음악은 왜 이렇게나 아름다운지...",
    "date": "07.03.27",
    "rating": "10",
    "author": "yana****",
    "review_id": "1557222",
    "movie_id": "10371"
  }
]