[
  {
    "review": "나치한테 그렇게 당해놓고도 약소국에게는 잔인했던 그들.",
    "date": "14.12.30",
    "rating": "9",
    "author": "rand****",
    "review_id": "9539031",
    "movie_id": "10378"
  },
  {
    "review": "너무 어두침침하고 지루한 전개",
    "date": "14.05.03",
    "rating": "1",
    "author": "mara****",
    "review_id": "8695767",
    "movie_id": "10378"
  },
  {
    "review": "알제리는 결국 독립하지만 내전으로 빠져들게 된다.",
    "date": "14.04.19",
    "rating": "9",
    "author": "pont****",
    "review_id": "8657847",
    "movie_id": "10378"
  },
  {
    "review": "150년 이상 프랑스의 지배를 받았지만, 그래도 독립의 의지는 불타고",
    "date": "14.03.26",
    "rating": "9",
    "author": "clie****",
    "review_id": "8607289",
    "movie_id": "10378"
  },
  {
    "review": "식민지 아픔을 겪은 한국인에겐 더없이 각별한 영화.  한국 항일투쟁을 다룬 기록영화도 조만간 나왔으면 싶지만 돈 안 되면 손도 안 대는 영화사들 때문에 기대난망.",
    "date": "13.04.23",
    "rating": "10",
    "author": "enyp****",
    "review_id": "7476620",
    "movie_id": "10378"
  },
  {
    "review": "하여튼 영화제 수상작이라고 과대평가하는 평론가들 한심함.",
    "date": "13.04.15",
    "rating": "6",
    "author": "tubt****",
    "review_id": "7461876",
    "movie_id": "10378"
  },
  {
    "review": "'자유'의  항쟁과 투쟁의 외침은 여전히 유효하게 가슴을 울린다.",
    "date": "12.12.09",
    "rating": "10",
    "author": "net_****",
    "review_id": "6987041",
    "movie_id": "10378"
  },
  {
    "review": "이 영화를 보았다면 느낀점이 있어야 한다",
    "date": "12.08.31",
    "rating": "10",
    "author": "j082****",
    "review_id": "6659803",
    "movie_id": "10378"
  },
  {
    "review": "정말 공정한 영화다.",
    "date": "12.05.21",
    "rating": "9",
    "author": "good****",
    "review_id": "6319603",
    "movie_id": "10378"
  },
  {
    "review": "프랑스인들이 예술을 사랑하는지는 모르겠으나, 양심적이지는 않았음을 알려주는 영화",
    "date": "11.07.19",
    "rating": "9",
    "author": "sco_****",
    "review_id": "5554472",
    "movie_id": "10378"
  },
  {
    "review": "냉정하고 객관적인 시각이 마음에 든다. 선동적이라는 건 오해.",
    "date": "11.05.31",
    "rating": "9",
    "author": "mist****",
    "review_id": "5457916",
    "movie_id": "10378"
  },
  {
    "review": "연기가 장난은 아니잖아",
    "date": "11.05.02",
    "rating": "5",
    "author": "bbq2****",
    "review_id": "5403146",
    "movie_id": "10378"
  },
  {
    "review": "문자 그대로 大作. 큰 스크린으로 보았다면 더 좋았을 것을 ㅠ",
    "date": "11.05.02",
    "rating": "10",
    "author": "assi****",
    "review_id": "5403054",
    "movie_id": "10378"
  },
  {
    "review": "민중은 억압이 뚜렷할 때에서야 행동하지만 혁명으로 이끌어는 건 전위조직이다.",
    "date": "11.03.24",
    "rating": "10",
    "author": "cafe****",
    "review_id": "5332220",
    "movie_id": "10378"
  },
  {
    "review": "엔딩에서 뭘 원하나,  -자유를 달라-  전율이...",
    "date": "10.01.16",
    "rating": "10",
    "author": "gree****",
    "review_id": "4176716",
    "movie_id": "10378"
  },
  {
    "review": "40년도 넘은 영화지만 그 생명력은 단연 압도적. 우리나라와 오버랩되는건 왜일까요..",
    "date": "09.10.26",
    "rating": "10",
    "author": "inte****",
    "review_id": "3918526",
    "movie_id": "10378"
  },
  {
    "review": "자유,독립  .. 이것은 공짜가 아니다.",
    "date": "09.10.25",
    "rating": "10",
    "author": "cand****",
    "review_id": "3915555",
    "movie_id": "10378"
  },
  {
    "review": "명작에는 그만한 이유가 영화속에 있다",
    "date": "09.10.25",
    "rating": "9",
    "author": "leem****",
    "review_id": "3915344",
    "movie_id": "10378"
  },
  {
    "review": "20년만에 보는데도 다시금 화면에 빨려 들어가는, 힘이 넘치는 영화!",
    "date": "09.10.24",
    "rating": "9",
    "author": "zenk****",
    "review_id": "3913170",
    "movie_id": "10378"
  },
  {
    "review": "너무나 좋은 영화... 몇OO 만에 한국 극장에 개봉성공!",
    "date": "09.10.19",
    "rating": "10",
    "author": "neot****",
    "review_id": "3903424",
    "movie_id": "10378"
  },
  {
    "review": "식민지 역사를 가지고 있는 한국이 꼭 봐야 할 민족 해방 영화의 교과서!",
    "date": "09.10.16",
    "rating": "10",
    "author": "rem4****",
    "review_id": "3896349",
    "movie_id": "10378"
  },
  {
    "review": "남의 역사라고 함부로 말하는 게 아님. 식민통치 132년, 1945년부터 학살140만명이상",
    "date": "09.06.22",
    "rating": "10",
    "author": "eoo3****",
    "review_id": "3580867",
    "movie_id": "10378"
  },
  {
    "review": "우리 항일항쟁에 비하면 프랑스는 신사,, 막판에 만세운동 같은데 우린 엄청 죽었지,,",
    "date": "09.03.26",
    "rating": "5",
    "author": "blue****",
    "review_id": "3388777",
    "movie_id": "10378"
  },
  {
    "review": "1956-1962년 프랑스로부터 알제리 독립운동...그 다큐멘터리같은 역사",
    "date": "09.02.18",
    "rating": "7",
    "author": "risa****",
    "review_id": "3314810",
    "movie_id": "10378"
  },
  {
    "review": "말이 필요없는 명작 중의 명작.. 이 영화를 재미로 평가하는 놈은 초딩이다.",
    "date": "09.02.04",
    "rating": "10",
    "author": "pola****",
    "review_id": "3277034",
    "movie_id": "10378"
  },
  {
    "review": "60년대 영화로는 영화제 수상감이나, 현대 시각에선 시시한데",
    "date": "09.01.03",
    "rating": "6",
    "author": "kos4****",
    "review_id": "3182796",
    "movie_id": "10378"
  },
  {
    "review": "언제나 가해자는 피해자들에게 전도된 도덕적 판단을 강요하기 마련이다.",
    "date": "08.07.18",
    "rating": "8",
    "author": "djdo****",
    "review_id": "2777027",
    "movie_id": "10378"
  },
  {
    "review": "그닥재미없다.",
    "date": "08.07.15",
    "rating": "4",
    "author": "enia****",
    "review_id": "2766126",
    "movie_id": "10378"
  },
  {
    "review": "강자의 위선과 폭력에 대항한 약자들의 위대한 투쟁서사시.",
    "date": "08.02.07",
    "rating": "10",
    "author": "lakt****",
    "review_id": "2417452",
    "movie_id": "10378"
  },
  {
    "review": "사실적이면서도 낮설지 않게 마음을 두드린다",
    "date": "07.10.20",
    "rating": "7",
    "author": "okjo****",
    "review_id": "2100984",
    "movie_id": "10378"
  },
  {
    "review": "탄탄한 짜임새와 사실성에 만점..(지단이 이영화를 봤을까?ㅋㅋ)",
    "date": "07.10.08",
    "rating": "10",
    "author": "mniy****",
    "review_id": "2078515",
    "movie_id": "10378"
  },
  {
    "review": "어떤 영화보다 강한 눈빛으로 모든 걸 말한다.",
    "date": "06.12.05",
    "rating": "8",
    "author": "hadl****",
    "review_id": "1268860",
    "movie_id": "10378"
  },
  {
    "review": "'찬사의 글'을 덧 붙이는 것이 '실례가 된다'고 느낍니다.",
    "date": "06.01.28",
    "rating": "10",
    "author": "dio3****",
    "review_id": "627691",
    "movie_id": "10378"
  },
  {
    "review": "이 영화 정말 대단한 작품입니다. 꼭 한번 보시길",
    "date": "05.08.30",
    "rating": "10",
    "author": "cita****",
    "review_id": "388550",
    "movie_id": "10378"
  }
]