[
  {
    "review": "처음부터 끝까지 몰입할 수 밖에 없는 흡인력 있는 시나리오! 등장인물 한명한명 상징적인 의미를 가져서 보는 재미가 있었다. 원작 소설을 통해 영화에서 빠진 부분을 알아보고 싶을 정도로 중독성 있고, 여운이 깊게 남는 영화다!",
    "date": "15.03.08",
    "rating": "10",
    "author": "qhrt****",
    "review_id": "9766177",
    "movie_id": "10389"
  },
  {
    "review": "Das ist 영화 gut gut gut danke gut",
    "date": "14.11.20",
    "rating": "10",
    "author": "echo****",
    "review_id": "9402081",
    "movie_id": "10389"
  },
  {
    "review": "소설보다 이해하기 훨씬 쉽다. 하지만 재미는 역시 없다.",
    "date": "14.07.05",
    "rating": "7",
    "author": "kusa****",
    "review_id": "8886190",
    "movie_id": "10389"
  },
  {
    "review": "내맘속의 사춘기를 태동시켜준영화 내나이 5살때 영화관가서 본작품 그당시 영화관 포스터는 수작업으로 그렸다 난 영화관 화실에 몰래 들어가 그림그리는 분과 즐겁게 놀았었지 5살에 나처럼 놀았던 애들은 아마 거의 없을듯",
    "date": "14.05.25",
    "rating": "10",
    "author": "polo****",
    "review_id": "8764455",
    "movie_id": "10389"
  },
  {
    "review": "영화의 전달하려는것  뭘말하려는지 안다 하지만 몸은 이렇게 느낀다 토할것같다",
    "date": "14.05.01",
    "rating": "1",
    "author": "qeen****",
    "review_id": "8688501",
    "movie_id": "10389"
  },
  {
    "review": "서커스단 여자가 죽었을때 절규하는 오스카의 절망적인 표정.. 12살의 David Bennent.. 꼬마아이가 어떻게 그런 연기를 할 수 있었을까 .. 본인의 성장이 느려서 더 감화된것일까...",
    "date": "14.02.01",
    "rating": "9",
    "author": "ybgc****",
    "review_id": "8458414",
    "movie_id": "10389"
  },
  {
    "review": "비극이랄 수 밖에 없는 인생 속에 관통하는 독일",
    "date": "14.01.28",
    "rating": "7",
    "author": "ykdi****",
    "review_id": "8440513",
    "movie_id": "10389"
  },
  {
    "review": "독일의 영광과 몰락을 오스크와 비교하여 보여준 작품...오스카의 성장이 멈출때 독일은 전쟁의 광란에 휩싸였고 오스카가 다시 성장하면서 독일은 라인강의 기적을 이룰 제2의 성장기를 맞이함..양철북은 독일을 패망으로 몰고간 나치즘을 나타낸건 아닐지?",
    "date": "13.12.01",
    "rating": "7",
    "author": "thra****",
    "review_id": "8182804",
    "movie_id": "10389"
  },
  {
    "review": "다시보고싶은 영화 양철북",
    "date": "13.11.21",
    "rating": "10",
    "author": "p770****",
    "review_id": "8157407",
    "movie_id": "10389"
  },
  {
    "review": "정말 대단한 영화다....책도 꼭 읽어보고싶다",
    "date": "13.10.18",
    "rating": "10",
    "author": "tnst****",
    "review_id": "8068490",
    "movie_id": "10389"
  },
  {
    "review": "오스카를 통해 그 당시 시대적인 상황을 보여준 내용이 굉장히 파격적이고 가히 충격적이다..형용할수 없는 느낌..",
    "date": "13.09.02",
    "rating": "8",
    "author": "ehwj****",
    "review_id": "7942396",
    "movie_id": "10389"
  },
  {
    "review": "[아카데미]1980년52회 외국어영화 1개부문수상작.원작소설이노벨문학상을받았었고3부까지있는데영화는2부까지만다루고있다.주인공오스카는세살때어른들의추악한본성을목격하고는성장을멈추기로결심해고의로추락사고를일으킨다.주인공오스카의일인칭관찰자시점으로영화가이끌어진다.",
    "date": "13.04.23",
    "rating": "10",
    "author": "new7****",
    "review_id": "7476018",
    "movie_id": "10389"
  },
  {
    "review": "초등학교 때 학원선생님이 원생들 보라고 양철북비디오를 틀어주셨다. 북치는 어린이가 주인공이라 애들이 봐도 무방하리라 생각하셨던지.. 기대에 부풀어 브라운관 앞에 모였던 아이들의 표정은 시간이 갈수록 점점 일그러져갔다. 20년이 지나 다시보니 짠하다.",
    "date": "13.03.07",
    "rating": "10",
    "author": "heod****",
    "review_id": "7328686",
    "movie_id": "10389"
  },
  {
    "review": "삶에 대한 다양한 의미를 전달하고 있는 영화. 단순 전쟁영화로 보면 안될 듯",
    "date": "13.01.15",
    "rating": "10",
    "author": "jeeb****",
    "review_id": "7117959",
    "movie_id": "10389"
  },
  {
    "review": "최고 !",
    "date": "12.12.26",
    "rating": "10",
    "author": "jazz****",
    "review_id": "7049269",
    "movie_id": "10389"
  },
  {
    "review": "너무나도 유명했던 양철북",
    "date": "12.10.13",
    "rating": "8",
    "author": "marc****",
    "review_id": "6797186",
    "movie_id": "10389"
  },
  {
    "review": "원작을 똥으로 만들어놨구나..",
    "date": "12.05.17",
    "rating": "4",
    "author": "qufa****",
    "review_id": "6305619",
    "movie_id": "10389"
  },
  {
    "review": "미안하다. 무슨 말인지 모르겠다. 왜 양철북에 그리 집착하는지도 모르겠다.",
    "date": "12.05.09",
    "rating": "3",
    "author": "benn****",
    "review_id": "6283494",
    "movie_id": "10389"
  },
  {
    "review": "흥미진진한 진행이지만 미친오스카와 자극적인 장면들과 버무려져 머리가 아팠다",
    "date": "11.11.21",
    "rating": "7",
    "author": "unli****",
    "review_id": "5864021",
    "movie_id": "10389"
  },
  {
    "review": "기형적이고 기괴했던 독일 근현대사의 초상.",
    "date": "11.11.20",
    "rating": "9",
    "author": "jnjt****",
    "review_id": "5862513",
    "movie_id": "10389"
  },
  {
    "review": "미안하다. 이해 못하겠다.",
    "date": "11.08.18",
    "rating": "4",
    "author": "pass****",
    "review_id": "5667441",
    "movie_id": "10389"
  },
  {
    "review": "책 한번 꼭 보고싶다....!",
    "date": "11.06.17",
    "rating": "10",
    "author": "abcl****",
    "review_id": "5485864",
    "movie_id": "10389"
  },
  {
    "review": "오스카의 내면은 소설을 보지 않고서는 알수없다. 영화는 소설 맛보기에 불과하다",
    "date": "11.03.03",
    "rating": "10",
    "author": "whij****",
    "review_id": "5290697",
    "movie_id": "10389"
  },
  {
    "review": "영화보기가힘듦... 좀 역겨웠다",
    "date": "10.12.25",
    "rating": "1",
    "author": "rntm****",
    "review_id": "5083245",
    "movie_id": "10389"
  },
  {
    "review": "욕망의 불꽃이 생각남. 정말 외설적인 영화.",
    "date": "10.10.14",
    "rating": "9",
    "author": "9106****",
    "review_id": "4902979",
    "movie_id": "10389"
  },
  {
    "review": "오스카의심리를 좀더깊이 파고들던가 아니면 사건의본질을 논리정연하게 풀어나가던가",
    "date": "10.10.08",
    "rating": "3",
    "author": "goms****",
    "review_id": "4891547",
    "movie_id": "10389"
  },
  {
    "review": "오스카가 상징하는 게 참 많구나..",
    "date": "10.07.26",
    "rating": "10",
    "author": "miss****",
    "review_id": "4672240",
    "movie_id": "10389"
  },
  {
    "review": "꽤 재미가 있네요",
    "date": "10.06.22",
    "rating": "9",
    "author": "mh51****",
    "review_id": "4585344",
    "movie_id": "10389"
  },
  {
    "review": "오스카는 소년이자 국가 그 자체다",
    "date": "10.05.22",
    "rating": "9",
    "author": "nell****",
    "review_id": "4515007",
    "movie_id": "10389"
  },
  {
    "review": "스스로 성장을 멈춘 어린 아이의 시선으로 바라본 인간의 추악함 그 자체.",
    "date": "10.05.09",
    "rating": "7",
    "author": "team****",
    "review_id": "4490181",
    "movie_id": "10389"
  },
  {
    "review": "참 특별한 이야기.",
    "date": "10.04.26",
    "rating": "7",
    "author": "caca****",
    "review_id": "4456892",
    "movie_id": "10389"
  },
  {
    "review": "오스카.  어디로튈지모르지만  그래도 귀여웠다",
    "date": "10.04.11",
    "rating": "8",
    "author": "flyh****",
    "review_id": "4425532",
    "movie_id": "10389"
  },
  {
    "review": "머라말하기가힘드네 묘한영화",
    "date": "10.04.10",
    "rating": "7",
    "author": "star****",
    "review_id": "4423930",
    "movie_id": "10389"
  },
  {
    "review": "쇼킹했다",
    "date": "10.04.06",
    "rating": "10",
    "author": "yuye****",
    "review_id": "4415079",
    "movie_id": "10389"
  },
  {
    "review": "명작.....",
    "date": "10.03.20",
    "rating": "10",
    "author": "tnao****",
    "review_id": "4369498",
    "movie_id": "10389"
  },
  {
    "review": "지루한 느낌이 있지만, 시대상을 거부하는 오스카의 성장 멈춤..",
    "date": "10.02.19",
    "rating": "9",
    "author": "hj78****",
    "review_id": "4299633",
    "movie_id": "10389"
  },
  {
    "review": "시대적 상황을 풍자적으로 풀려고 노력했던것 같다.",
    "date": "10.02.16",
    "rating": "10",
    "author": "soni****",
    "review_id": "4290531",
    "movie_id": "10389"
  },
  {
    "review": "내인생 최고의 센세이션",
    "date": "10.02.07",
    "rating": "10",
    "author": "shee****",
    "review_id": "4255589",
    "movie_id": "10389"
  },
  {
    "review": "어린악마",
    "date": "10.02.04",
    "rating": "10",
    "author": "rkdd****",
    "review_id": "4244830",
    "movie_id": "10389"
  },
  {
    "review": "다 완벽하게 이해할수는 없지만 정말 굉장한 작품이다..",
    "date": "10.01.26",
    "rating": "10",
    "author": "1pim****",
    "review_id": "4211865",
    "movie_id": "10389"
  },
  {
    "review": "최고의 영화",
    "date": "09.11.08",
    "rating": "10",
    "author": "aira****",
    "review_id": "3945209",
    "movie_id": "10389"
  },
  {
    "review": "오랜만에 몰입해서 본 충격적인 이야기. 나중에 다시봐야지 엄청재밌네",
    "date": "09.09.27",
    "rating": "10",
    "author": "fram****",
    "review_id": "3854786",
    "movie_id": "10389"
  },
  {
    "review": "묘하게 인상 깊은 영화.. 요즘엔 이런 명작 소설 기운 나는 시나리오가 드문 것 같다.",
    "date": "09.09.04",
    "rating": "9",
    "author": "imf0****",
    "review_id": "3811245",
    "movie_id": "10389"
  },
  {
    "review": "오스카의 성장 이야기. 귀엽고 아기자기한 맛이 있으나 다소 괴기스럽고 충격적이다.",
    "date": "09.08.20",
    "rating": "9",
    "author": "5292****",
    "review_id": "3769957",
    "movie_id": "10389"
  },
  {
    "review": "뭐가충격이길래..",
    "date": "09.08.02",
    "rating": "6",
    "author": "abio****",
    "review_id": "3695947",
    "movie_id": "10389"
  },
  {
    "review": "그 어떤 영화보다도 쇼크였다.일생 동안, 두번 다시 보고 싶지 않은, 저주 받은 걸작.",
    "date": "09.07.17",
    "rating": "10",
    "author": "baks****",
    "review_id": "3638902",
    "movie_id": "10389"
  },
  {
    "review": "충격적인 영상.소름끼치는영화",
    "date": "09.06.12",
    "rating": "10",
    "author": "igal****",
    "review_id": "3560902",
    "movie_id": "10389"
  },
  {
    "review": "87년경 극장관람.영화란 이런 것이다.다시 한번 볼 수 있음 좋으련만.",
    "date": "09.03.04",
    "rating": "8",
    "author": "acin****",
    "review_id": "3346492",
    "movie_id": "10389"
  },
  {
    "review": "훌륭했음.",
    "date": "09.01.11",
    "rating": "10",
    "author": "anto****",
    "review_id": "3212013",
    "movie_id": "10389"
  },
  {
    "review": "제3자인어린이의입장에서전쟁을바라본영화독일영화는히틀러를다룬영화가많다.",
    "date": "08.12.03",
    "rating": "9",
    "author": "yons****",
    "review_id": "3088085",
    "movie_id": "10389"
  },
  {
    "review": "놀라운건 79년작이라는 사실과 평점 참여인원이 나포함 고작45명뿐이라는 것",
    "date": "08.11.18",
    "rating": "9",
    "author": "gtki****",
    "review_id": "3057933",
    "movie_id": "10389"
  },
  {
    "review": "성장을 멈춘 오스카의 성장 영화!",
    "date": "08.09.09",
    "rating": "10",
    "author": "sabi****",
    "review_id": "2931569",
    "movie_id": "10389"
  },
  {
    "review": "충무로에서 해서 가서봤지*볼만했다.몇몇장면들은 아주 창의적이었지",
    "date": "08.09.05",
    "rating": "9",
    "author": "dma9****",
    "review_id": "2922163",
    "movie_id": "10389"
  },
  {
    "review": "진짜 명작. 귄터 그라스의 원작품도 읽어봐야겠다. 노벨문학상 그냥 받은 게 아님",
    "date": "08.07.18",
    "rating": "10",
    "author": "meul****",
    "review_id": "2773734",
    "movie_id": "10389"
  },
  {
    "review": "어른들의 세계를 비판하는 충격적인 메시지가 마음에 들었다.",
    "date": "08.07.13",
    "rating": "10",
    "author": "pola****",
    "review_id": "2759508",
    "movie_id": "10389"
  },
  {
    "review": "정말로 깜찍한 오컬트의 세계.",
    "date": "08.06.17",
    "rating": "10",
    "author": "npun****",
    "review_id": "2703907",
    "movie_id": "10389"
  },
  {
    "review": "실망이크다특히주인공이오스카가북을치면서소리를지르는모습은정말꼴도보기싫다",
    "date": "08.06.10",
    "rating": "3",
    "author": "ldg0****",
    "review_id": "2691580",
    "movie_id": "10389"
  },
  {
    "review": "충격! 하지만 잘 해석해본다면 나름의미있는 영화!",
    "date": "08.04.01",
    "rating": "8",
    "author": "jjaj****",
    "review_id": "2553159",
    "movie_id": "10389"
  },
  {
    "review": "충격적인영상",
    "date": "08.02.25",
    "rating": "9",
    "author": "kohj****",
    "review_id": "2482056",
    "movie_id": "10389"
  },
  {
    "review": "끔찍하고 충격적이다",
    "date": "08.01.12",
    "rating": "10",
    "author": "kast****",
    "review_id": "2321262",
    "movie_id": "10389"
  },
  {
    "review": "엄청난 충격과 관람후의 느낌이란 말로 표현할수없는 예술이다.",
    "date": "08.01.08",
    "rating": "10",
    "author": "ilma****",
    "review_id": "2307125",
    "movie_id": "10389"
  },
  {
    "review": "난 오스카가 영 찜짐했다규 ㅡㅜ",
    "date": "07.12.26",
    "rating": "7",
    "author": "reil****",
    "review_id": "2268853",
    "movie_id": "10389"
  },
  {
    "review": "진짜 믿을 수 없는 상상력",
    "date": "07.11.04",
    "rating": "10",
    "author": "shji****",
    "review_id": "2132939",
    "movie_id": "10389"
  },
  {
    "review": "이게 모야 -.,-;;;;;;; 충격적이기만 하다;;",
    "date": "07.08.19",
    "rating": "5",
    "author": "kuma****",
    "review_id": "1957636",
    "movie_id": "10389"
  },
  {
    "review": "세상을보는 눈이란 이런것이다.",
    "date": "07.08.14",
    "rating": "10",
    "author": "zzaz****",
    "review_id": "1934853",
    "movie_id": "10389"
  },
  {
    "review": "충격적... 긴 여운...",
    "date": "07.08.11",
    "rating": "10",
    "author": "hyup****",
    "review_id": "1921358",
    "movie_id": "10389"
  },
  {
    "review": "이영화를보고오스카가귀엽단말이나와?",
    "date": "07.08.06",
    "rating": "8",
    "author": "blue****",
    "review_id": "1890512",
    "movie_id": "10389"
  },
  {
    "review": "오스카 넘 귀여워요 꼭보세요",
    "date": "07.07.02",
    "rating": "10",
    "author": "kiwi****",
    "review_id": "1738748",
    "movie_id": "10389"
  },
  {
    "review": "울 집사람 3일동안 잔상으로 고생?했단다...나는 괜찮은디",
    "date": "07.06.24",
    "rating": "7",
    "author": "ador****",
    "review_id": "1719237",
    "movie_id": "10389"
  },
  {
    "review": "오스카소름.",
    "date": "07.06.24",
    "rating": "8",
    "author": "kill****",
    "review_id": "1718071",
    "movie_id": "10389"
  },
  {
    "review": "충격+엽기... 그러나 대단한 영화이다. 오스카는 지금 뭐하지?",
    "date": "07.03.17",
    "rating": "10",
    "author": "perl****",
    "review_id": "1538245",
    "movie_id": "10389"
  },
  {
    "review": "비정상적으로 성장하는 역사에 대한 자폐적 거부와 저항",
    "date": "07.03.15",
    "rating": "9",
    "author": "oklo****",
    "review_id": "1534626",
    "movie_id": "10389"
  },
  {
    "review": "영화 전반을 지배하는 그로테스크한 분위기",
    "date": "07.03.11",
    "rating": "9",
    "author": "niss****",
    "review_id": "1530254",
    "movie_id": "10389"
  },
  {
    "review": "한나라의역사.소년의 시각으로본 이 세상..약간의초현실. 최고임",
    "date": "07.02.07",
    "rating": "10",
    "author": "skya****",
    "review_id": "1451803",
    "movie_id": "10389"
  },
  {
    "review": "어린아이의 눈으로 비판하는건 좋지만, 각성하기엔 부족하다",
    "date": "07.01.30",
    "rating": "3",
    "author": "samg****",
    "review_id": "1427572",
    "movie_id": "10389"
  },
  {
    "review": "쉽게 접해보지 못했던 독일영화 쉽게 이해하기도 힘들다",
    "date": "07.01.12",
    "rating": "10",
    "author": "nala****",
    "review_id": "1378327",
    "movie_id": "10389"
  },
  {
    "review": "8.8점",
    "date": "06.12.27",
    "rating": "9",
    "author": "eek5****",
    "review_id": "1333501",
    "movie_id": "10389"
  },
  {
    "review": "어릴때봤던건데.충격적이면서 전체적인분위기가맘에들었던.",
    "date": "06.12.06",
    "rating": "7",
    "author": "minj****",
    "review_id": "1270137",
    "movie_id": "10389"
  },
  {
    "review": "전쟁보다 더 악마같은 오스카 평화가 오면 성장하자는 것인가?",
    "date": "06.10.09",
    "rating": "7",
    "author": "okjo****",
    "review_id": "1173603",
    "movie_id": "10389"
  },
  {
    "review": "서태지 로보트가 생각나.내 키를 체크하지 않게 된 그 무렵부터~",
    "date": "06.09.26",
    "rating": "7",
    "author": "saki****",
    "review_id": "1144389",
    "movie_id": "10389"
  },
  {
    "review": "아주 어릴적 보았던 영화...",
    "date": "06.09.08",
    "rating": "10",
    "author": "rupa****",
    "review_id": "1110623",
    "movie_id": "10389"
  },
  {
    "review": "충격적 온몸에 소름이 돋고 음식물이 역류하려 한다.",
    "date": "06.01.08",
    "rating": "8",
    "author": "kuic****",
    "review_id": "572428",
    "movie_id": "10389"
  },
  {
    "review": "공포영화가 아닌데도 소름이 끼친다.",
    "date": "05.12.26",
    "rating": "8",
    "author": "blue****",
    "review_id": "531466",
    "movie_id": "10389"
  },
  {
    "review": "다단히 기괴하고 난해한 성장통 영화",
    "date": "05.12.26",
    "rating": "9",
    "author": "kws7****",
    "review_id": "530560",
    "movie_id": "10389"
  },
  {
    "review": "영화보기가 힘들다",
    "date": "05.12.22",
    "rating": "9",
    "author": "yain****",
    "review_id": "520517",
    "movie_id": "10389"
  },
  {
    "review": "최고.....",
    "date": "05.12.13",
    "rating": "10",
    "author": "ch1s****",
    "review_id": "503292",
    "movie_id": "10389"
  },
  {
    "review": "투박하고 과감하게 표현하며",
    "date": "05.03.10",
    "rating": "7",
    "author": "ljd2****",
    "review_id": "238221",
    "movie_id": "10389"
  },
  {
    "review": "소설로도봐야겟다~",
    "date": "05.02.19",
    "rating": "10",
    "author": "guzz****",
    "review_id": "223813",
    "movie_id": "10389"
  },
  {
    "review": "프랑스의 성교육 영화를 연상케했던!",
    "date": "05.01.11",
    "rating": "8",
    "author": "sero****",
    "review_id": "182795",
    "movie_id": "10389"
  },
  {
    "review": "^-^;;;",
    "date": "05.01.09",
    "rating": "9",
    "author": "haha****",
    "review_id": "181158",
    "movie_id": "10389"
  },
  {
    "review": "zzzzzzzzzzzz",
    "date": "04.12.27",
    "rating": "10",
    "author": "dlwo****",
    "review_id": "171466",
    "movie_id": "10389"
  },
  {
    "review": "헐...소설이 낫군...",
    "date": "04.07.24",
    "rating": "7",
    "author": "klux****",
    "review_id": "76251",
    "movie_id": "10389"
  }
]