[
  {
    "review": "이제는 레전드급이 되어버린 배우들이 나오네요. 저때만 해도 한창 젊었을적이네",
    "date": "15.01.03",
    "rating": "9",
    "author": "mois****",
    "review_id": "9555684",
    "movie_id": "10388"
  },
  {
    "review": "멜라니의 젊은시절 모습을 볼수있어서 좋았습니다. 의아한건 마지막 출연자들 이름 올라갈때 왜 주인공인 멜라니가 3번째인지가  궁금했네요. 멜라니의 다른작품 퍼시픽하이츠도 추천",
    "date": "15.01.01",
    "rating": "8",
    "author": "star****",
    "review_id": "9546680",
    "movie_id": "10388"
  },
  {
    "review": "80년대 내 대학시절을 회상케 하는 영화. 월가의 증권맨 생 활이 배경이다.",
    "date": "14.12.17",
    "rating": "7",
    "author": "0176****",
    "review_id": "9480711",
    "movie_id": "10388"
  },
  {
    "review": "중3때 극장서 몰래본 영화...ㅎ 해리슨 포드와 시고니 위버만 알고 봤는데...멜라니 그리피스라는 배우에게 빠져 들게 만든 영화...어릴적 본 영화라 감동이런거 보다는 테스가 잭 하고 잘 되길 응원하면서 봤다는...암튼 재밌게 본걸로 기억되는...^^",
    "date": "14.11.21",
    "rating": "10",
    "author": "bat1****",
    "review_id": "9407110",
    "movie_id": "10388"
  },
  {
    "review": "열정적인 그녀가 아름답다",
    "date": "14.07.15",
    "rating": "6",
    "author": "setm****",
    "review_id": "8918390",
    "movie_id": "10388"
  },
  {
    "review": "사회생활 하면서 bony ass 소리는 안들어야지..",
    "date": "14.07.11",
    "rating": "7",
    "author": "tn99****",
    "review_id": "8905065",
    "movie_id": "10388"
  },
  {
    "review": "멜라니 그리피스 섹시하다",
    "date": "14.05.22",
    "rating": "1",
    "author": "mara****",
    "review_id": "8755597",
    "movie_id": "10388"
  },
  {
    "review": "야망이 있는 사람은 성공하는구나",
    "date": "14.02.06",
    "rating": "9",
    "author": "ddeg****",
    "review_id": "8479052",
    "movie_id": "10388"
  },
  {
    "review": "남녀주인공간의 멜로, 신분을 숨기면서 벌어지는 긴장감, 마지막의 통쾌한 응징(?)까지 상당한 재미를 보장한다",
    "date": "13.12.01",
    "rating": "8",
    "author": "wjsr****",
    "review_id": "8182072",
    "movie_id": "10388"
  },
  {
    "review": "주연 멜라니 그리피스보다 시고니 위버의 카리스마가 더 돋보였던..",
    "date": "13.10.20",
    "rating": "8",
    "author": "pass****",
    "review_id": "8075361",
    "movie_id": "10388"
  },
  {
    "review": "Good",
    "date": "13.02.13",
    "rating": "10",
    "author": "kimz****",
    "review_id": "7260138",
    "movie_id": "10388"
  },
  {
    "review": "벽에 부딪힌 여자의 야망 나쁘다고 욕하기엔 너무 불쌍했던",
    "date": "12.09.30",
    "rating": "7",
    "author": "jjcv****",
    "review_id": "6746013",
    "movie_id": "10388"
  },
  {
    "review": "그냥저냥...",
    "date": "12.03.28",
    "rating": "6",
    "author": "dbzh****",
    "review_id": "6174090",
    "movie_id": "10388"
  },
  {
    "review": "성공과 사랑을 쟁취하고픈 여자분들께 강추!!!더티댄싱과 함께 꼭 보는 영화!",
    "date": "11.02.05",
    "rating": "10",
    "author": "sty1****",
    "review_id": "5219710",
    "movie_id": "10388"
  },
  {
    "review": "재미난 에피소드.",
    "date": "11.01.18",
    "rating": "6",
    "author": "pria****",
    "review_id": "5168489",
    "movie_id": "10388"
  },
  {
    "review": "학벌없이도 멋진 아이디어만 있다면 제대로 성공할 수 있다는 것을 보여주는 '영화'",
    "date": "11.01.18",
    "rating": "7",
    "author": "deka****",
    "review_id": "5166857",
    "movie_id": "10388"
  },
  {
    "review": "Bony Ass 상사가 되지 말자",
    "date": "10.07.08",
    "rating": "9",
    "author": "bbq2****",
    "review_id": "4621663",
    "movie_id": "10388"
  },
  {
    "review": "80년대의 향수를 느끼게 하는 매력적인 영화!!",
    "date": "10.04.05",
    "rating": "9",
    "author": "chey****",
    "review_id": "4413162",
    "movie_id": "10388"
  },
  {
    "review": "주제가 속해 있는 여성들의 열정!!!멜라니..굉장히 매력적임!!",
    "date": "10.03.14",
    "rating": "8",
    "author": "y500****",
    "review_id": "4355686",
    "movie_id": "10388"
  },
  {
    "review": "드라마에서 흔히 볼 만한 진부한 스토리. 딱히 재밌지도 않다.",
    "date": "10.02.26",
    "rating": "4",
    "author": "claz****",
    "review_id": "4320511",
    "movie_id": "10388"
  },
  {
    "review": "여자분들..남자와 성공을 둘다 잡고 싶다면 이런 열정적인 사람이 되기를 권고한다.",
    "date": "09.12.16",
    "rating": "10",
    "author": "next****",
    "review_id": "4048017",
    "movie_id": "10388"
  },
  {
    "review": "볼수록 기분 좋아지고 열심히 해보고 싶은 마음이 들게 하는 영화",
    "date": "09.10.23",
    "rating": "8",
    "author": "ahdm****",
    "review_id": "3910413",
    "movie_id": "10388"
  },
  {
    "review": "살아가는게 힘들때 이영화를 보면 나도 할 수 있다는 자신감이생긴다..ㅎㅎㅎ",
    "date": "09.10.18",
    "rating": "8",
    "author": "thra****",
    "review_id": "3899437",
    "movie_id": "10388"
  },
  {
    "review": "성공에 대한 영화는 많이 볼수록 좋다.",
    "date": "09.10.06",
    "rating": "10",
    "author": "skss****",
    "review_id": "3876910",
    "movie_id": "10388"
  },
  {
    "review": "시고니위버의 악역 연기가 일품",
    "date": "09.08.22",
    "rating": "10",
    "author": "dj16****",
    "review_id": "3775602",
    "movie_id": "10388"
  },
  {
    "review": "아이디어를 가로채려는 상사의 뒷통수를 때려주는 통쾌한 이야기..",
    "date": "09.03.07",
    "rating": "8",
    "author": "drag****",
    "review_id": "3352318",
    "movie_id": "10388"
  },
  {
    "review": "나인투 파이브이후 여성의 사회적 성공을 소재로 한 최고의 영화중 하나.",
    "date": "08.12.30",
    "rating": "9",
    "author": "baks****",
    "review_id": "3166154",
    "movie_id": "10388"
  },
  {
    "review": "페미니즘에 강한 여성 영화!!",
    "date": "08.09.02",
    "rating": "8",
    "author": "phop****",
    "review_id": "2917456",
    "movie_id": "10388"
  },
  {
    "review": "상당히 재미있다. 성공하는 여성의 이야기를 코믹하게 잘다룬 영화.",
    "date": "08.06.10",
    "rating": "9",
    "author": "pola****",
    "review_id": "2691310",
    "movie_id": "10388"
  },
  {
    "review": "요즘 개봉되는 영화들 보단 남는게 있는 영화중 1편",
    "date": "08.05.13",
    "rating": "10",
    "author": "ktbo****",
    "review_id": "2639406",
    "movie_id": "10388"
  },
  {
    "review": "21세기 알파걸을 예견할 뻔한 20세기 작품 ...",
    "date": "08.02.04",
    "rating": "6",
    "author": "1stl****",
    "review_id": "2407404",
    "movie_id": "10388"
  },
  {
    "review": "맬라니 그리피스 이때는 정말 매력적이었는데...",
    "date": "08.01.02",
    "rating": "7",
    "author": "amos****",
    "review_id": "2290395",
    "movie_id": "10388"
  },
  {
    "review": "고등학교때 tv에서 봤는데....끝까지 인상적이었던 영화",
    "date": "07.10.16",
    "rating": "10",
    "author": "chee****",
    "review_id": "2092758",
    "movie_id": "10388"
  },
  {
    "review": "멜라니 그리피스..매력적이다,,뻔한스토리지만 잼있다",
    "date": "07.01.13",
    "rating": "8",
    "author": "hurr****",
    "review_id": "1379260",
    "movie_id": "10388"
  },
  {
    "review": "소파승진? 아니,, 좀 다르지..",
    "date": "06.12.26",
    "rating": "10",
    "author": "elf2****",
    "review_id": "1329025",
    "movie_id": "10388"
  },
  {
    "review": "조금은 뻔한 스토리이지만 재미있게 연출한 영화",
    "date": "06.12.25",
    "rating": "9",
    "author": "nala****",
    "review_id": "1325383",
    "movie_id": "10388"
  },
  {
    "review": "일하는여성들이여!두마리토끼를다잡아라!!",
    "date": "06.11.27",
    "rating": "9",
    "author": "bebe****",
    "review_id": "1253705",
    "movie_id": "10388"
  },
  {
    "review": "현대판 신데렐라 스토리.",
    "date": "06.11.17",
    "rating": "8",
    "author": "movi****",
    "review_id": "1236690",
    "movie_id": "10388"
  },
  {
    "review": "삶에 긍정적인 힘을 주는 영화",
    "date": "06.11.02",
    "rating": "9",
    "author": "jhyo****",
    "review_id": "1211276",
    "movie_id": "10388"
  },
  {
    "review": "아무리 봐도 재밌는 영화.",
    "date": "05.10.12",
    "rating": "10",
    "author": "ehoo****",
    "review_id": "440791",
    "movie_id": "10388"
  },
  {
    "review": "절묘한 긴장과 시원함이 있는 영화",
    "date": "05.10.12",
    "rating": "9",
    "author": "r2mi****",
    "review_id": "440587",
    "movie_id": "10388"
  },
  {
    "review": "오 정겨워라 힘이 잔뜩 들어간 헤어스타일들 ^^;",
    "date": "05.10.01",
    "rating": "8",
    "author": "cat1****",
    "review_id": "429760",
    "movie_id": "10388"
  },
  {
    "review": "최고강추 !!!!",
    "date": "05.09.29",
    "rating": "10",
    "author": "deux****",
    "review_id": "426720",
    "movie_id": "10388"
  },
  {
    "review": "해리슨 포드 멋지네~",
    "date": "05.09.16",
    "rating": "10",
    "author": "knoc****",
    "review_id": "407820",
    "movie_id": "10388"
  },
  {
    "review": "어렸을때 처음보고 가슴이 얼마나 벅찼던지..",
    "date": "05.09.09",
    "rating": "9",
    "author": "yuri****",
    "review_id": "397869",
    "movie_id": "10388"
  },
  {
    "review": "그저 그런 중간쯤 수작엔 들지만 걸작은 아닌",
    "date": "05.08.15",
    "rating": "6",
    "author": "okjo****",
    "review_id": "368962",
    "movie_id": "10388"
  },
  {
    "review": "마지막 배경음악까지 좋은영화^^",
    "date": "05.08.04",
    "rating": "10",
    "author": "gogo****",
    "review_id": "352176",
    "movie_id": "10388"
  },
  {
    "review": "보고 또 보고",
    "date": "05.05.24",
    "rating": "10",
    "author": "moon****",
    "review_id": "285666",
    "movie_id": "10388"
  },
  {
    "review": "정말 좋은영화",
    "date": "05.04.16",
    "rating": "10",
    "author": "miss****",
    "review_id": "260386",
    "movie_id": "10388"
  },
  {
    "review": "Let The River Run ..가슴벅찬 배경음악.",
    "date": "05.02.10",
    "rating": "9",
    "author": "yoon****",
    "review_id": "214874",
    "movie_id": "10388"
  },
  {
    "review": "캐스팅도 굿이고 영화도 재밌는에 왜 흥행에 실패했을까?;;",
    "date": "04.12.10",
    "rating": "10",
    "author": "sexy****",
    "review_id": "160024",
    "movie_id": "10388"
  },
  {
    "review": "정말 좋은 영화입니다. 꼭 보세요!!",
    "date": "04.11.03",
    "rating": "10",
    "author": "marq****",
    "review_id": "138521",
    "movie_id": "10388"
  },
  {
    "review": "멜라니는 이제 너무 늙었다..",
    "date": "04.10.10",
    "rating": "6",
    "author": "klux****",
    "review_id": "123524",
    "movie_id": "10388"
  },
  {
    "review": "누가 뭐래도 나에겐 무척이나 재미있었던 영화.",
    "date": "04.09.26",
    "rating": "10",
    "author": "hmr3****",
    "review_id": "115127",
    "movie_id": "10388"
  },
  {
    "review": "직장 여성의 도전정신을 잘 그려 낸 수작...   강추^^",
    "date": "04.09.25",
    "rating": "10",
    "author": "pby1****",
    "review_id": "114028",
    "movie_id": "10388"
  },
  {
    "review": "시고니 위버~ 매력적인 배우",
    "date": "04.07.28",
    "rating": "7",
    "author": "nams****",
    "review_id": "78737",
    "movie_id": "10388"
  },
  {
    "review": "엔딩 장면과 흐르는 OST... 정말 강추에요. ^^",
    "date": "04.06.10",
    "rating": "9",
    "author": "netp****",
    "review_id": "52235",
    "movie_id": "10388"
  },
  {
    "review": "0",
    "date": "04.03.31",
    "rating": "1",
    "author": "4132****",
    "review_id": "32837",
    "movie_id": "10388"
  },
  {
    "review": "한 여자의 성공 일대기..",
    "date": "04.02.13",
    "rating": "9",
    "author": "shh7****",
    "review_id": "19625",
    "movie_id": "10388"
  },
  {
    "review": "홍성진씨..이영화 흥행 대성공했는데 무슨말씀이신지?",
    "date": "04.02.09",
    "rating": "8",
    "author": "thin****",
    "review_id": "18252",
    "movie_id": "10388"
  }
]