[
  {
    "review": "자신의 색을 잃지 않는 자심감... !!!",
    "date": "14.06.19",
    "rating": "10",
    "author": "pass****",
    "review_id": "8841012",
    "movie_id": "10390"
  },
  {
    "review": "악어 던디. 1점 주려고 했는디 그래도 여주인공 이뻐서 안구 정화 돼서 5점 줘유.",
    "date": "14.02.20",
    "rating": "5",
    "author": "real****",
    "review_id": "8523588",
    "movie_id": "10390"
  },
  {
    "review": "기가 막히다. 왜 만들었는지.. 나는 왜 이딴 걸 봤는지..",
    "date": "11.10.19",
    "rating": "1",
    "author": "pria****",
    "review_id": "5798044",
    "movie_id": "10390"
  },
  {
    "review": "그리워 부시맨.",
    "date": "11.10.04",
    "rating": "4",
    "author": "tori****",
    "review_id": "5770886",
    "movie_id": "10390"
  },
  {
    "review": "바람둥이녀 순수쿨가이 재미있게 잘 봤습니당",
    "date": "11.10.01",
    "rating": "9",
    "author": "kngc****",
    "review_id": "5763362",
    "movie_id": "10390"
  },
  {
    "review": "던디~20년만에 다시봐도 감동이구나",
    "date": "11.08.07",
    "rating": "10",
    "author": "b744****",
    "review_id": "5616097",
    "movie_id": "10390"
  },
  {
    "review": "분위기가 즐겁기로는 그 누가 따를자가 있으랴.ㅋㅋ",
    "date": "08.12.14",
    "rating": "10",
    "author": "baks****",
    "review_id": "3114916",
    "movie_id": "10390"
  },
  {
    "review": "워낙 오래전에 봐서 세세한 기억은 안나지만 여튼 재밌게 본 건 확실",
    "date": "08.07.23",
    "rating": "7",
    "author": "gall****",
    "review_id": "2796472",
    "movie_id": "10390"
  },
  {
    "review": "그의 순수함과 진실함이 좋다. 우리가 잃어버린 어떤것을 보여주는 인물이다.",
    "date": "08.06.22",
    "rating": "9",
    "author": "gree****",
    "review_id": "2713754",
    "movie_id": "10390"
  },
  {
    "review": "진실함과 순서함을 느낄 수 있는 영화",
    "date": "08.05.06",
    "rating": "9",
    "author": "mins****",
    "review_id": "2621227",
    "movie_id": "10390"
  },
  {
    "review": "very good !",
    "date": "07.10.21",
    "rating": "10",
    "author": "cles****",
    "review_id": "2103387",
    "movie_id": "10390"
  },
  {
    "review": "저역시 지하철고백씬이 기억에남는군요!!",
    "date": "07.06.03",
    "rating": "7",
    "author": "newj****",
    "review_id": "1678364",
    "movie_id": "10390"
  },
  {
    "review": "사람들 머리를 밟고 지나가는 장면이 기억난다",
    "date": "07.05.24",
    "rating": "7",
    "author": "nala****",
    "review_id": "1655080",
    "movie_id": "10390"
  },
  {
    "review": "사랑스러운 영화, 지하철에서의 고백장면에 가슴이 훈훈",
    "date": "07.05.22",
    "rating": "10",
    "author": "xxss****",
    "review_id": "1650690",
    "movie_id": "10390"
  },
  {
    "review": "good",
    "date": "07.01.30",
    "rating": "9",
    "author": "kcch****",
    "review_id": "1427999",
    "movie_id": "10390"
  },
  {
    "review": "아주 재미있는 코메디",
    "date": "06.12.17",
    "rating": "9",
    "author": "ysuh****",
    "review_id": "1298450",
    "movie_id": "10390"
  },
  {
    "review": "재미있게 봤었던 영화...",
    "date": "05.03.26",
    "rating": "8",
    "author": "pcw0****",
    "review_id": "247567",
    "movie_id": "10390"
  },
  {
    "review": "오래된 작품인데도 넘 잼났었다",
    "date": "05.03.13",
    "rating": "9",
    "author": "red0****",
    "review_id": "240146",
    "movie_id": "10390"
  }
]