[
  {
    "review": "5~6 년만에 다시보니 재미가 소록 소록 ,,,평점수정 6 > 8점..",
    "date": "13.09.03",
    "rating": "8",
    "author": "pass****",
    "review_id": "7944581",
    "movie_id": "10392"
  },
  {
    "review": "대모험 좋아하시네",
    "date": "12.03.28",
    "rating": "1",
    "author": "goms****",
    "review_id": "6175811",
    "movie_id": "10392"
  },
  {
    "review": "마이클 더글러스의 흑역사",
    "date": "11.12.07",
    "rating": "4",
    "author": "foun****",
    "review_id": "5892155",
    "movie_id": "10392"
  },
  {
    "review": "로맨싱 스톤 2.",
    "date": "11.10.13",
    "rating": "1",
    "author": "pria****",
    "review_id": "5785885",
    "movie_id": "10392"
  },
  {
    "review": "100% 오락영화 하기에도 좀 어설퍼...",
    "date": "11.06.28",
    "rating": "3",
    "author": "evil****",
    "review_id": "5505091",
    "movie_id": "10392"
  },
  {
    "review": "로맨싱스톤의 속편이라는 것 말고 크게 봐줄것이 없다",
    "date": "09.10.03",
    "rating": "6",
    "author": "deff****",
    "review_id": "3869587",
    "movie_id": "10392"
  },
  {
    "review": "로맨싱 스톤에 비해 스케일은 커졌지만  짜임새나 재미는 그렇지 못했다",
    "date": "09.09.13",
    "rating": "5",
    "author": "gall****",
    "review_id": "3827098",
    "movie_id": "10392"
  },
  {
    "review": "뒤늦게 접한 로맨싱스톤 후속편. 차라리 만나지 않는게 좋을 뻔 했다.",
    "date": "09.01.14",
    "rating": "5",
    "author": "acin****",
    "review_id": "3219304",
    "movie_id": "10392"
  },
  {
    "review": "스케일이 더 커져서인가...전편보다 오히려 나은듯하다",
    "date": "08.10.10",
    "rating": "4",
    "author": "nala****",
    "review_id": "2992734",
    "movie_id": "10392"
  },
  {
    "review": "이 영화가 나름 재미있었다면 그저 속편이기 때문이다",
    "date": "07.10.07",
    "rating": "7",
    "author": "baks****",
    "review_id": "2076471",
    "movie_id": "10392"
  },
  {
    "review": "기대는 하지 말자",
    "date": "06.12.19",
    "rating": "7",
    "author": "zeed****",
    "review_id": "1304756",
    "movie_id": "10392"
  },
  {
    "review": "설마 했는데 역시나 이 영화였구나",
    "date": "06.09.08",
    "rating": "10",
    "author": "sbs2****",
    "review_id": "1111919",
    "movie_id": "10392"
  },
  {
    "review": "볼만한 모험영화... 좀 촌스럽기도 하지만..",
    "date": "06.07.22",
    "rating": "7",
    "author": "lshp****",
    "review_id": "914686",
    "movie_id": "10392"
  },
  {
    "review": "전편보다 제작비는 늘었지만, 재미는 전혀 그렇지 못하다.",
    "date": "05.09.24",
    "rating": "5",
    "author": "movi****",
    "review_id": "420137",
    "movie_id": "10392"
  },
  {
    "review": "감독과 마이클이 나를 죽인다",
    "date": "05.08.16",
    "rating": "2",
    "author": "okjo****",
    "review_id": "370473",
    "movie_id": "10392"
  },
  {
    "review": "마이클더글라스를 첨 알게해준 영화..그럭저럭",
    "date": "05.03.13",
    "rating": "7",
    "author": "red0****",
    "review_id": "240400",
    "movie_id": "10392"
  },
  {
    "review": "두번 졸리게 만든 영화..",
    "date": "04.11.30",
    "rating": "3",
    "author": "cont****",
    "review_id": "154518",
    "movie_id": "10392"
  },
  {
    "review": "로맨싱 스톤과 함께 정말 재밌게 본 영화",
    "date": "04.10.25",
    "rating": "10",
    "author": "reic****",
    "review_id": "132380",
    "movie_id": "10392"
  }
]