[
  {
    "review": "너무감동32년이흘너도아직도눈에선함",
    "date": "15.04.17",
    "rating": "10",
    "author": "stig****",
    "review_id": "9849157",
    "movie_id": "10395"
  },
  {
    "review": "두고 두고 생각나는 영화~~최고^^",
    "date": "15.03.15",
    "rating": "10",
    "author": "dud9****",
    "review_id": "9786213",
    "movie_id": "10395"
  },
  {
    "review": "나이 40이 넘어서 다시 영화를 봤는데 마지막 엔딩 장면에 갑자기 주책맞은 눈물이.. 엔딩 하나만으로 감히 최고의 댄싱영화라 평하고 싶다..",
    "date": "15.03.02",
    "rating": "10",
    "author": "jila****",
    "review_id": "9753424",
    "movie_id": "10395"
  },
  {
    "review": "어릴적 듣던 팝송들이 모조리 다 나오네..아 향수....",
    "date": "14.12.24",
    "rating": "10",
    "author": "drak****",
    "review_id": "9507314",
    "movie_id": "10395"
  },
  {
    "review": "지금 영화들이 수준이 많이 떨어지네~",
    "date": "14.11.06",
    "rating": "10",
    "author": "ambo****",
    "review_id": "9346371",
    "movie_id": "10395"
  },
  {
    "review": "정말 지루한 영화...OST에 영화내용을 껴맞췄다고 해야할까...",
    "date": "14.07.30",
    "rating": "4",
    "author": "kom_****",
    "review_id": "8982934",
    "movie_id": "10395"
  },
  {
    "review": "이거어서볼수있나요....",
    "date": "14.07.23",
    "rating": "10",
    "author": "jeab****",
    "review_id": "8941705",
    "movie_id": "10395"
  },
  {
    "review": "꿈을 이루어 나가는 알렉스가 정말 아름다웠던 영화.",
    "date": "14.07.08",
    "rating": "10",
    "author": "kndm****",
    "review_id": "8895445",
    "movie_id": "10395"
  },
  {
    "review": "요즘에는 왜 이런 영화를 못 만들까요? ㅠㅠ",
    "date": "14.05.05",
    "rating": "9",
    "author": "didc****",
    "review_id": "8706289",
    "movie_id": "10395"
  },
  {
    "review": "제니퍼로페즈 뮤비 보다 알게 된 영화. 80년대 춤과 음악을 즐길 준비가 되었는가?",
    "date": "14.04.17",
    "rating": "7",
    "author": "zxvt****",
    "review_id": "8654780",
    "movie_id": "10395"
  },
  {
    "review": "파이널댄스부분에서 대역을 쓴듯한 위화감이 들길래 검색해봤더니 고난이도 안무는 전부 대역이라고..",
    "date": "14.01.26",
    "rating": "4",
    "author": "maen****",
    "review_id": "8427706",
    "movie_id": "10395"
  },
  {
    "review": "아직도 나에게는 최고의 명작이다",
    "date": "13.10.22",
    "rating": "10",
    "author": "liec****",
    "review_id": "8080559",
    "movie_id": "10395"
  },
  {
    "review": "She's a maniac, maniac on the floor And she's dancing like she never danced before",
    "date": "13.10.12",
    "rating": "7",
    "author": "aksg****",
    "review_id": "8054404",
    "movie_id": "10395"
  },
  {
    "review": "수많은 패러디와 아류작을 만들어낸 전설같은 영화  장면장면이 다 한편의 cf",
    "date": "13.09.03",
    "rating": "9",
    "author": "hwak****",
    "review_id": "7944844",
    "movie_id": "10395"
  },
  {
    "review": "긴 뮤직비디오를 보는 기분",
    "date": "13.08.31",
    "rating": "4",
    "author": "jjcv****",
    "review_id": "7937215",
    "movie_id": "10395"
  },
  {
    "review": "애드리안 라인이 \"언페이스풀\", \"나인 하프 위크\"의 감독이었구나. 연출력이 대박이고 제니퍼 빌즈의 순수한 열정을 보여주는 연기도 좋았고 음악 선택도 뛰어난 영화",
    "date": "13.08.28",
    "rating": "9",
    "author": "coco****",
    "review_id": "7930236",
    "movie_id": "10395"
  },
  {
    "review": "스토리가 뛰어난건 아니지만 감각적인 영상과 뛰어난  음아으로 충분히 커버한다. 83년도  작품이라는게  놀랍다",
    "date": "13.08.06",
    "rating": "10",
    "author": "seei****",
    "review_id": "7847512",
    "movie_id": "10395"
  },
  {
    "review": "80년대 노래와 춤.. 추억이 새록새록.. 제니퍼빌스는 이후 히트작이 없는게 아쉬움",
    "date": "13.02.24",
    "rating": "8",
    "author": "danz****",
    "review_id": "7296367",
    "movie_id": "10395"
  },
  {
    "review": "신데렐라 영화지만, 춤과 노래 너무 좋고 신나고",
    "date": "13.02.02",
    "rating": "10",
    "author": "clie****",
    "review_id": "7214870",
    "movie_id": "10395"
  },
  {
    "review": "그 당시의 정서가 매력적임.",
    "date": "12.09.13",
    "rating": "7",
    "author": "dlwo****",
    "review_id": "6694029",
    "movie_id": "10395"
  },
  {
    "review": "80년대 청춘영화의 매력이 가득하군",
    "date": "12.07.15",
    "rating": "7",
    "author": "guev****",
    "review_id": "6482573",
    "movie_id": "10395"
  },
  {
    "review": "when you give up your dream, you die. 꿈을 포기한다면 죽은거야.",
    "date": "12.07.15",
    "rating": "9",
    "author": "chap****",
    "review_id": "6480276",
    "movie_id": "10395"
  },
  {
    "review": "일본이 미국영화사를 통째로 사기 전의 진짜 미국영화다웠던 영화(요즘 미국영화는 슬프게도 일본상품판매나 일본부각시키는 게다가 영화도 이상해지고..) 다시 또 보고 싶네요..음악과 함께 참 영화보는 시간이 행복했던 영화",
    "date": "12.07.12",
    "rating": "10",
    "author": "ahra****",
    "review_id": "6471439",
    "movie_id": "10395"
  },
  {
    "review": "꿈에 대한 영화. 초기작이라 거칠고 빈약한 부분도 있지만 영상과 음악만큼은 감각적.",
    "date": "12.06.11",
    "rating": "7",
    "author": "bbob****",
    "review_id": "6385188",
    "movie_id": "10395"
  },
  {
    "review": "20세기통틀어이런ost가나올런지?역시조르지오모러더",
    "date": "12.06.10",
    "rating": "10",
    "author": "dwte****",
    "review_id": "6381310",
    "movie_id": "10395"
  },
  {
    "review": "플래쉬 댄스에 나오는 음악을 듣고있음 심장이뜁니다. 이 영화나오는 음악을 다운받을순없나요?",
    "date": "12.04.07",
    "rating": "10",
    "author": "gem0****",
    "review_id": "6198086",
    "movie_id": "10395"
  },
  {
    "review": "그동안 10번은 본것 같은데 볼때마다 감동을 느끼네...",
    "date": "11.12.23",
    "rating": "10",
    "author": "sunl****",
    "review_id": "5924899",
    "movie_id": "10395"
  },
  {
    "review": "주제가들로 기억이 재대로 남는 영화!!!",
    "date": "11.12.22",
    "rating": "10",
    "author": "pete****",
    "review_id": "5923096",
    "movie_id": "10395"
  },
  {
    "review": "댄스의 매력에 빠지다!!",
    "date": "11.08.14",
    "rating": "10",
    "author": "nane****",
    "review_id": "5647290",
    "movie_id": "10395"
  },
  {
    "review": "음악, 춤 최고~!!",
    "date": "11.08.05",
    "rating": "10",
    "author": "ranf****",
    "review_id": "5605494",
    "movie_id": "10395"
  },
  {
    "review": "댄스영화의 본좌지...",
    "date": "11.06.23",
    "rating": "10",
    "author": "zndz****",
    "review_id": "5494833",
    "movie_id": "10395"
  },
  {
    "review": "댄스영화의 본좌_조금 완성도가 떨어지는것까지 꿈을 쫓는 주인공을 돋보이게함",
    "date": "11.05.21",
    "rating": "10",
    "author": "kui8****",
    "review_id": "5440111",
    "movie_id": "10395"
  },
  {
    "review": "What a feeling!",
    "date": "11.02.24",
    "rating": "6",
    "author": "bbq2****",
    "review_id": "5271438",
    "movie_id": "10395"
  },
  {
    "review": "누가 뭐라고 해도 이젠 명작이라고 할 수 있죠.",
    "date": "10.12.04",
    "rating": "10",
    "author": "node****",
    "review_id": "5020983",
    "movie_id": "10395"
  },
  {
    "review": "내용은 진부한 듯 누구에게서도 볼 수 없엇던 매력",
    "date": "10.10.21",
    "rating": "10",
    "author": "diff****",
    "review_id": "4913143",
    "movie_id": "10395"
  },
  {
    "review": "OST는 최고라 인정한다.그러나 영화 스토리 전개가 너무 빠르다..애드라인 영화답다",
    "date": "10.09.13",
    "rating": "5",
    "author": "thra****",
    "review_id": "4833896",
    "movie_id": "10395"
  },
  {
    "review": "드라마는 어둡고 칙칙함...하지만 명품 ost , 마지막 장면이 좋음.",
    "date": "10.08.08",
    "rating": "5",
    "author": "okas****",
    "review_id": "4724041",
    "movie_id": "10395"
  },
  {
    "review": "내 인생에 단 하나의 춤 영화만 꼽는다면,아무런 망설임 없이 단연 이 영화를 꼽겠다.",
    "date": "10.08.05",
    "rating": "10",
    "author": "baks****",
    "review_id": "4710837",
    "movie_id": "10395"
  },
  {
    "review": "중간에 나오는 곡 이름이 뭡니까..? 경관이 수신호하고 주인공이 흉내내고 1라디오에",
    "date": "10.07.27",
    "rating": "6",
    "author": "ki3u****",
    "review_id": "4675338",
    "movie_id": "10395"
  },
  {
    "review": "역시 조르지오 모로더의 음악은 정말......최고다!!",
    "date": "10.06.19",
    "rating": "7",
    "author": "coco****",
    "review_id": "4575058",
    "movie_id": "10395"
  },
  {
    "review": "감동이라면 감동..마지막 꽃한송이 되돌려주는 센스",
    "date": "10.04.22",
    "rating": "10",
    "author": "zita****",
    "review_id": "4448304",
    "movie_id": "10395"
  },
  {
    "review": "크건 작건 나의 꿈은 소중하다. Do it, now!",
    "date": "09.12.28",
    "rating": "8",
    "author": "caca****",
    "review_id": "4097890",
    "movie_id": "10395"
  },
  {
    "review": "무엇보다 ost너무 좋다 포스터 속 여주인공 패션 지금봐도 이쁘네요",
    "date": "09.09.11",
    "rating": "6",
    "author": "peh0****",
    "review_id": "3823397",
    "movie_id": "10395"
  },
  {
    "review": "플래시댄스음악",
    "date": "09.09.06",
    "rating": "10",
    "author": "ps57****",
    "review_id": "3815983",
    "movie_id": "10395"
  },
  {
    "review": "최고다라고 하긴 그렇지만 자신의 꿈을 향해 달려가는 모습이 아름답지않나요??",
    "date": "09.09.05",
    "rating": "10",
    "author": "dlgo****",
    "review_id": "3811938",
    "movie_id": "10395"
  },
  {
    "review": "아 신난다! 제니퍼 빌즈 정말 매력녀네요!",
    "date": "09.06.21",
    "rating": "8",
    "author": "gamj****",
    "review_id": "3578837",
    "movie_id": "10395"
  },
  {
    "review": "완성도는 그리 높지 않네요.",
    "date": "09.05.10",
    "rating": "6",
    "author": "diri****",
    "review_id": "3483690",
    "movie_id": "10395"
  },
  {
    "review": "대박이죠 이거 다시 봐도 또 보고 싶은 영화와 주제곡♡",
    "date": "09.05.06",
    "rating": "10",
    "author": "ptg0****",
    "review_id": "3474196",
    "movie_id": "10395"
  },
  {
    "review": "열정적인 댄스에 심사위원들도 얼쑤 절쑤~ㅋㅋㅋ 진짜 잊혀지지 않는 명장면 ㅋ",
    "date": "09.03.16",
    "rating": "10",
    "author": "tige****",
    "review_id": "3370603",
    "movie_id": "10395"
  },
  {
    "review": "OST하나 때문에 영화가 이렇게까지 달라 보이다니...",
    "date": "09.01.17",
    "rating": "6",
    "author": "expr****",
    "review_id": "3228002",
    "movie_id": "10395"
  },
  {
    "review": "뭔가 뜬금없다. 그래서 댄스장면의 감동도 덜 한듯.",
    "date": "09.01.15",
    "rating": "5",
    "author": "dela****",
    "review_id": "3223706",
    "movie_id": "10395"
  },
  {
    "review": "제니퍼빌즈가 앉아있는 영화포스터가 인상적이네",
    "date": "09.01.10",
    "rating": "7",
    "author": "hagj****",
    "review_id": "3206814",
    "movie_id": "10395"
  },
  {
    "review": "음악 빼곤 모조리 쓰레기. 어색하고 뻣뻣하고 스산했다..",
    "date": "08.10.01",
    "rating": "5",
    "author": "real****",
    "review_id": "2977212",
    "movie_id": "10395"
  },
  {
    "review": "지금 현재 TV에서 상연되고 있습니다.",
    "date": "08.09.07",
    "rating": "10",
    "author": "prel****",
    "review_id": "2928560",
    "movie_id": "10395"
  },
  {
    "review": "음악이랑 춤이 좋긴 한데 내용전달이 좀 부실한듯..ㅋ",
    "date": "08.09.06",
    "rating": "6",
    "author": "drag****",
    "review_id": "2925694",
    "movie_id": "10395"
  },
  {
    "review": "알렉스의 열정이 너무 멋졌다...What a feeling!!",
    "date": "08.06.28",
    "rating": "10",
    "author": "join****",
    "review_id": "2725322",
    "movie_id": "10395"
  },
  {
    "review": "음악만좋은영화 그냥뮤직비디오네",
    "date": "08.04.06",
    "rating": "6",
    "author": "s140****",
    "review_id": "2562566",
    "movie_id": "10395"
  },
  {
    "review": "아주 어렸을때 본 영화지만 아직도 기억이 생생",
    "date": "08.03.30",
    "rating": "10",
    "author": "ccmm****",
    "review_id": "2548955",
    "movie_id": "10395"
  },
  {
    "review": "댄스,음악 볼거리가 많지만.. 내용이 부실한듯.. 앤딩이 좋아서 +1점 더한다.",
    "date": "08.03.22",
    "rating": "8",
    "author": "pola****",
    "review_id": "2533822",
    "movie_id": "10395"
  },
  {
    "review": "What a Feeling!!! 무엇이 더 필요하나?",
    "date": "08.03.10",
    "rating": "10",
    "author": "koo9****",
    "review_id": "2512978",
    "movie_id": "10395"
  },
  {
    "review": "이 영화 음악은 정말 최고 중 최고다",
    "date": "08.02.09",
    "rating": "8",
    "author": "deff****",
    "review_id": "2425593",
    "movie_id": "10395"
  },
  {
    "review": "돈으로 채울 수 없는 그 공허함. 꿈...!",
    "date": "08.01.08",
    "rating": "10",
    "author": "erew****",
    "review_id": "2308053",
    "movie_id": "10395"
  },
  {
    "review": "이영화를 생각하면 마음이 설렌다.",
    "date": "07.12.05",
    "rating": "10",
    "author": "phil****",
    "review_id": "2207985",
    "movie_id": "10395"
  },
  {
    "review": "what a feeling!",
    "date": "07.11.18",
    "rating": "10",
    "author": "vera****",
    "review_id": "2160972",
    "movie_id": "10395"
  },
  {
    "review": "중학교 때 처음볼때는 정말 행복했던 영화 내생애 최고 영화중하나인데",
    "date": "07.11.12",
    "rating": "10",
    "author": "yjhm****",
    "review_id": "2147737",
    "movie_id": "10395"
  },
  {
    "review": "마지막만 좋았다.",
    "date": "07.08.31",
    "rating": "7",
    "author": "suit****",
    "review_id": "1991364",
    "movie_id": "10395"
  },
  {
    "review": "웟 어 필링! 하며 춤 출 때 진짜 짜릿함!",
    "date": "07.08.22",
    "rating": "10",
    "author": "orda****",
    "review_id": "1968585",
    "movie_id": "10395"
  },
  {
    "review": "가슴이 뭉쿨해져요!",
    "date": "07.08.22",
    "rating": "10",
    "author": "haen****",
    "review_id": "1968578",
    "movie_id": "10395"
  },
  {
    "review": "음악과 춤이 너무 좋은 영화!",
    "date": "07.08.10",
    "rating": "9",
    "author": "yaib****",
    "review_id": "1915719",
    "movie_id": "10395"
  },
  {
    "review": "좀 밋밋한 전개 로 가서 졸음업습 하지만  엔딩이 가슴 뭉클 하네요",
    "date": "07.04.19",
    "rating": "8",
    "author": "jtso****",
    "review_id": "1595621",
    "movie_id": "10395"
  },
  {
    "review": "어릴적 영화가 끝났지만 자리에서 뜰 수 없었던 흥분!",
    "date": "07.04.10",
    "rating": "10",
    "author": "eden****",
    "review_id": "1581539",
    "movie_id": "10395"
  },
  {
    "review": "영화만큼이나 음악도 많은 사랑을 받았었다",
    "date": "07.04.07",
    "rating": "10",
    "author": "nala****",
    "review_id": "1577275",
    "movie_id": "10395"
  },
  {
    "review": "나태어나기도 전의 영화지만 정말 감명깊었다 ㅎ",
    "date": "07.03.22",
    "rating": "8",
    "author": "ysjh****",
    "review_id": "1548085",
    "movie_id": "10395"
  },
  {
    "review": "이주노씨가 쓴책을 보고 알게됐는데 꼭 보고싶네요.",
    "date": "07.03.21",
    "rating": "10",
    "author": "riot****",
    "review_id": "1545523",
    "movie_id": "10395"
  },
  {
    "review": "보지못한 이가있다면.. 인생에서 큰 실수를 하는거다",
    "date": "07.02.04",
    "rating": "10",
    "author": "sara****",
    "review_id": "1443375",
    "movie_id": "10395"
  },
  {
    "review": "너무 어릴적에 봐서 기억이 잘 안난다.",
    "date": "07.01.28",
    "rating": "8",
    "author": "seun****",
    "review_id": "1419867",
    "movie_id": "10395"
  },
  {
    "review": "What a feeling!",
    "date": "07.01.15",
    "rating": "9",
    "author": "chas****",
    "review_id": "1386003",
    "movie_id": "10395"
  },
  {
    "review": "저 늘어진티와함께 What a feeling 의 추억은~",
    "date": "06.12.13",
    "rating": "10",
    "author": "umha****",
    "review_id": "1289677",
    "movie_id": "10395"
  },
  {
    "review": "신나는 음악과 댄스 그리고 로맨스...",
    "date": "06.11.27",
    "rating": "10",
    "author": "pupu****",
    "review_id": "1254743",
    "movie_id": "10395"
  },
  {
    "review": "마지막부분 점프할때 눈물이..",
    "date": "06.11.17",
    "rating": "10",
    "author": "bepl****",
    "review_id": "1236749",
    "movie_id": "10395"
  },
  {
    "review": "83년작...이젠 전설이 되었다...\"maniac\"의 짜릿함~",
    "date": "06.11.02",
    "rating": "10",
    "author": "gene****",
    "review_id": "1212090",
    "movie_id": "10395"
  },
  {
    "review": "차가운 세상에 따뜻하게 밝혀주는 춤의 대한 열정!",
    "date": "06.09.29",
    "rating": "10",
    "author": "tpff****",
    "review_id": "1148449",
    "movie_id": "10395"
  },
  {
    "review": "아이린 카라 - 훳 어 필링, 마이클 셈벨로 - 매니악 (OST)",
    "date": "06.09.08",
    "rating": "10",
    "author": "kula****",
    "review_id": "1111111",
    "movie_id": "10395"
  },
  {
    "review": "가슴시린 영상과 음악. 그 당시 젊은이들이 얼마나 열광했을까.",
    "date": "06.08.01",
    "rating": "10",
    "author": "sssn****",
    "review_id": "952527",
    "movie_id": "10395"
  },
  {
    "review": "제니퍼 입술 은근히 땡기네~~",
    "date": "06.07.27",
    "rating": "7",
    "author": "psch****",
    "review_id": "926842",
    "movie_id": "10395"
  },
  {
    "review": "여주인공의 멋지게 사는 삶을 동경하게되는..^^",
    "date": "06.07.17",
    "rating": "10",
    "author": "best****",
    "review_id": "901153",
    "movie_id": "10395"
  },
  {
    "review": "80년대 후반.. 그들은 그녀의 열정에 열광했었다",
    "date": "06.07.16",
    "rating": "10",
    "author": "qnsg****",
    "review_id": "895114",
    "movie_id": "10395"
  },
  {
    "review": "재밌네요!!",
    "date": "06.07.02",
    "rating": "9",
    "author": "shin****",
    "review_id": "867409",
    "movie_id": "10395"
  },
  {
    "review": "댄스영화에서 빼놓을수 없는 수작!!",
    "date": "06.05.09",
    "rating": "10",
    "author": "lcw2****",
    "review_id": "793940",
    "movie_id": "10395"
  },
  {
    "review": "노래가 좋다, 제니퍼 이쁘네요~",
    "date": "06.05.04",
    "rating": "8",
    "author": "0113****",
    "review_id": "785493",
    "movie_id": "10395"
  },
  {
    "review": "필름을 캔버스삼아 오색찬란 색채와 음악, 율동까지 플래시하게.",
    "date": "06.04.25",
    "rating": "8",
    "author": "jals****",
    "review_id": "774676",
    "movie_id": "10395"
  },
  {
    "review": "꿈을 버리면 결국엔 죽게 된다는걸 알아야지..",
    "date": "06.03.01",
    "rating": "9",
    "author": "scal****",
    "review_id": "699610",
    "movie_id": "10395"
  },
  {
    "review": "노래가 너무 좋아서 본 영화네요.",
    "date": "06.01.07",
    "rating": "7",
    "author": "boyi****",
    "review_id": "568525",
    "movie_id": "10395"
  },
  {
    "review": "화질이 엉망이군",
    "date": "05.12.26",
    "rating": "6",
    "author": "kws7****",
    "review_id": "530184",
    "movie_id": "10395"
  },
  {
    "review": "어렷을적 감동해서 울엇던 기억이..기억에 오래남는 라스트씬",
    "date": "05.11.03",
    "rating": "10",
    "author": "beeb****",
    "review_id": "462647",
    "movie_id": "10395"
  },
  {
    "review": "글쎄뭐 댄스영화라 신나는 춤을 원했다는..생각보다 별루",
    "date": "05.08.22",
    "rating": "7",
    "author": "red0****",
    "review_id": "378709",
    "movie_id": "10395"
  },
  {
    "review": "제니퍼 멋있었다..",
    "date": "05.07.30",
    "rating": "10",
    "author": "jin9****",
    "review_id": "342656",
    "movie_id": "10395"
  },
  {
    "review": "감동 ...열정 ..환희..사랑..자존심",
    "date": "05.07.17",
    "rating": "10",
    "author": "uic1****",
    "review_id": "325407",
    "movie_id": "10395"
  },
  {
    "review": "언제 봐도 멋진 댄스..황홀해요^^",
    "date": "05.06.27",
    "rating": "10",
    "author": "favo****",
    "review_id": "307347",
    "movie_id": "10395"
  },
  {
    "review": "어린시절 봤지만...멋진 음악과 춤...",
    "date": "05.06.25",
    "rating": "10",
    "author": "apra****",
    "review_id": "306334",
    "movie_id": "10395"
  }
]