[
  {
    "review": "이 영화는 몰몬교가 주장하는 예수님이 결혼했다는 결혼설을 이야기 하는 것 입니다. 진정한 크리스쳔들이라면 딱 보면 아시겠지만 문화에 약한분들이 계실 것 같아서 글올려봅니다. 이건 이단 종교의 이념을 바탕으로 한 영화입니다.",
    "date": "15.06.22",
    "rating": "1",
    "author": "vvg3****",
    "review_id": "10022242",
    "movie_id": "10394"
  },
  {
    "review": "소름. 영화 속 예수와 같이 뒷통수한번 제대로 얻어맞았다.",
    "date": "15.05.15",
    "rating": "9",
    "author": "gyi0****",
    "review_id": "9919669",
    "movie_id": "10394"
  },
  {
    "review": "이거 반기독교 영화 아니예요",
    "date": "15.02.02",
    "rating": "10",
    "author": "8shd****",
    "review_id": "9660351",
    "movie_id": "10394"
  },
  {
    "review": "눈 앞에서 목격하는 인간미",
    "date": "15.01.26",
    "rating": "9",
    "author": "smar****",
    "review_id": "9640016",
    "movie_id": "10394"
  },
  {
    "review": "불결한 악마들이 노아의 자손들을 나쁜 길로 인도하여 죽이기 시작했다. - 제2의 창세기 10장 1절 말씀 -",
    "date": "14.07.29",
    "rating": "1",
    "author": "g262****",
    "review_id": "8978616",
    "movie_id": "10394"
  },
  {
    "review": "불쾌한 감정은 사실이다",
    "date": "14.02.27",
    "rating": "8",
    "author": "suni****",
    "review_id": "8542725",
    "movie_id": "10394"
  },
  {
    "review": "같은 예수를 주제로 한 영화 \"패션 오브 크라이스트\" 에 비하여 월등한 작품성을 띈다고 생각한다.",
    "date": "14.01.17",
    "rating": "8",
    "author": "peck****",
    "review_id": "8392114",
    "movie_id": "10394"
  },
  {
    "review": "오해의 소지가 있어서 개봉도 하기 힘들었다고 하는데.. 인간으로써의 고뇌를 보여준 영화라는 점에서 너무 와닿았다.",
    "date": "14.01.07",
    "rating": "10",
    "author": "33co****",
    "review_id": "8357252",
    "movie_id": "10394"
  },
  {
    "review": "패션 오브 크라이스트같은 뻘작에 비할 수 없는 영화!",
    "date": "13.12.09",
    "rating": "9",
    "author": "pont****",
    "review_id": "8200772",
    "movie_id": "10394"
  },
  {
    "review": "이건반기독교영화가아니라 기독교랑아무상관없는시나리오에불과하다 그리고예수란존재는기독교의소유물이아니다! 바리새인같은짓좀하지마라",
    "date": "13.07.05",
    "rating": "7",
    "author": "skdk****",
    "review_id": "7706587",
    "movie_id": "10394"
  },
  {
    "review": "It is accomplished! 나는 무신론자다. 그렇지만 피터 가브리엘은 단한편의 ost로 모든것을 다 이루었다. 다시는 나오지 않을 나올수 없는 가장 완벽한 영화음악. 엔딩곡 It is accomplished!가 나올때의 벅찬 감동!!!",
    "date": "13.05.17",
    "rating": "10",
    "author": "b741****",
    "review_id": "7532965",
    "movie_id": "10394"
  },
  {
    "review": "^^ 멋져요",
    "date": "12.10.21",
    "rating": "10",
    "author": "c832****",
    "review_id": "6819092",
    "movie_id": "10394"
  },
  {
    "review": "신앙이란 십자가를 짊어지고 삶이란 골고다 언덕을 기어 오르는, 피와 살로 이루어진 나약한 피조물. 바로 우리들.",
    "date": "12.09.02",
    "rating": "8",
    "author": "pela****",
    "review_id": "6666196",
    "movie_id": "10394"
  },
  {
    "review": "너무 어려운 작품인듯..",
    "date": "12.02.21",
    "rating": "9",
    "author": "kckz****",
    "review_id": "6092600",
    "movie_id": "10394"
  },
  {
    "review": "처절한 고민끝 사탄의 유혹을 물리치다... 결국 찬양인데 이정도가 파격 or 불관용?",
    "date": "12.02.13",
    "rating": "8",
    "author": "sioh****",
    "review_id": "6073487",
    "movie_id": "10394"
  },
  {
    "review": "절망에서 끝났더라면 더 와닿았을 것",
    "date": "12.01.17",
    "rating": "6",
    "author": "k_iv****",
    "review_id": "5992905",
    "movie_id": "10394"
  },
  {
    "review": "결국 인간 일 뿐",
    "date": "11.12.21",
    "rating": "7",
    "author": "rose****",
    "review_id": "5918530",
    "movie_id": "10394"
  },
  {
    "review": "노골적이긴하다. 마지막에 들려오는 섬뜩한 비명까지,",
    "date": "11.10.04",
    "rating": "8",
    "author": "galf****",
    "review_id": "5770129",
    "movie_id": "10394"
  },
  {
    "review": "니코스 카잔차키스를 읽어야 하는데,,,",
    "date": "11.07.30",
    "rating": "7",
    "author": "pass****",
    "review_id": "5584027",
    "movie_id": "10394"
  },
  {
    "review": "인간적인 면에 대한 이해가 있으면 신실함도 더 깊어질 수 있다.",
    "date": "11.03.29",
    "rating": "8",
    "author": "brav****",
    "review_id": "5341625",
    "movie_id": "10394"
  },
  {
    "review": "감독이 신보다 더 우월하다는 것을 보여주고 싶었던거냐? 무지하긴....",
    "date": "11.03.01",
    "rating": "1",
    "author": "hb05****",
    "review_id": "5285848",
    "movie_id": "10394"
  },
  {
    "review": "기존의 예수의 표현에 있어서 새로운 지평을 연 파격적인 작품",
    "date": "11.01.14",
    "rating": "10",
    "author": "coco****",
    "review_id": "5156567",
    "movie_id": "10394"
  },
  {
    "review": "울면서 본 영화다.",
    "date": "10.05.18",
    "rating": "10",
    "author": "lszo****",
    "review_id": "4507300",
    "movie_id": "10394"
  },
  {
    "review": "니코스 카잔차키스의 예수 평전",
    "date": "09.11.28",
    "rating": "10",
    "author": "izzy****",
    "review_id": "3999484",
    "movie_id": "10394"
  },
  {
    "review": "'신성'이 아닌 '인성'으로서의 예수. 그래서 멋있었다",
    "date": "09.10.11",
    "rating": "10",
    "author": "sega****",
    "review_id": "3886240",
    "movie_id": "10394"
  },
  {
    "review": "새로운 생각을 가지고 볼 수 있어서 좋았음",
    "date": "09.09.24",
    "rating": "10",
    "author": "inme****",
    "review_id": "3846871",
    "movie_id": "10394"
  },
  {
    "review": "이거 개봉할 당시만 해도 사회적인 반향이 엄청났었는데.. 뭐라고 해야 하나",
    "date": "09.09.14",
    "rating": "5",
    "author": "deff****",
    "review_id": "3831755",
    "movie_id": "10394"
  },
  {
    "review": "허~!",
    "date": "09.06.17",
    "rating": "6",
    "author": "movi****",
    "review_id": "3572487",
    "movie_id": "10394"
  },
  {
    "review": "당신이 야한거 보고 간음하는게 신성모독, 영화는 크리스찬이 겪는 모든 유혹아닌가?",
    "date": "09.04.22",
    "rating": "10",
    "author": "rise****",
    "review_id": "3434690",
    "movie_id": "10394"
  },
  {
    "review": "신성모독을 떠나서.. 영화로서는 참 잘만들어진 영화",
    "date": "09.01.07",
    "rating": "10",
    "author": "kcha****",
    "review_id": "3199410",
    "movie_id": "10394"
  },
  {
    "review": "근거 빈약한 영지주의 신학으로 얼버무린 졸작!",
    "date": "08.12.17",
    "rating": "1",
    "author": "hany****",
    "review_id": "3124145",
    "movie_id": "10394"
  },
  {
    "review": "가히 최고다~!",
    "date": "08.10.25",
    "rating": "10",
    "author": "nats****",
    "review_id": "3019127",
    "movie_id": "10394"
  },
  {
    "review": "부활한 것만 중요하고 왜 그가 성자인지 모르는 우매한 자들에게 반발을 일으킨 명작",
    "date": "08.09.13",
    "rating": "10",
    "author": "ener****",
    "review_id": "2939652",
    "movie_id": "10394"
  },
  {
    "review": "음.... 예수님을 평범한 인간으로 만들다니",
    "date": "08.09.08",
    "rating": "1",
    "author": "hell****",
    "review_id": "2930910",
    "movie_id": "10394"
  },
  {
    "review": "인간의 욕망과 감정을 가진 예수. 기독교인들이여 이게 왜 반기독교적 영화인가",
    "date": "08.07.26",
    "rating": "10",
    "author": "glad****",
    "review_id": "2805270",
    "movie_id": "10394"
  },
  {
    "review": "예수도 성자 이전에 인간이었더나?",
    "date": "08.07.09",
    "rating": "10",
    "author": "oran****",
    "review_id": "2751032",
    "movie_id": "10394"
  },
  {
    "review": "성삼위이신 예수의 측면이 아닌 연약한 인간화를 부각시켜 왜곡의 소지만 남겨두었다.",
    "date": "08.07.07",
    "rating": "1",
    "author": "sorr****",
    "review_id": "2746373",
    "movie_id": "10394"
  },
  {
    "review": "반기독교영화가아니다.오히려신앙에대해돌아볼수있고여러모로생각하게해준다",
    "date": "08.04.19",
    "rating": "10",
    "author": "plix****",
    "review_id": "2587732",
    "movie_id": "10394"
  },
  {
    "review": "못박힌 후 29분을보고 기절하는줄알았지만, 그 후 1분을 보고 무한감동을 느낀 1人",
    "date": "07.12.28",
    "rating": "10",
    "author": "sess****",
    "review_id": "2275227",
    "movie_id": "10394"
  },
  {
    "review": "처음부터 전지전능한 예수라면, 사탄은 절대 유혹을 주지 않았을 것이다.",
    "date": "07.11.24",
    "rating": "10",
    "author": "fpdl****",
    "review_id": "2177729",
    "movie_id": "10394"
  },
  {
    "review": "초문제작이면서 동시에 초걸작. 예수의 인간적인 고뇌는 가슴깊이 공감",
    "date": "07.11.19",
    "rating": "10",
    "author": "punk****",
    "review_id": "2166935",
    "movie_id": "10394"
  },
  {
    "review": "딱 스콜세지의취향이드러나는작품.원죄적욕구와이에대한탐구를상당히즐기는것같다",
    "date": "07.07.16",
    "rating": "6",
    "author": "linu****",
    "review_id": "1781532",
    "movie_id": "10394"
  },
  {
    "review": "신화의 인간적 상상, 아름다운 예수의 마음. 과연 사랑이란, 사랑이란..",
    "date": "07.06.18",
    "rating": "9",
    "author": "rott****",
    "review_id": "1707888",
    "movie_id": "10394"
  },
  {
    "review": "유연한 생각은 언제나 논란을 부르지만 즐겁다.",
    "date": "07.02.08",
    "rating": "10",
    "author": "1977****",
    "review_id": "1454369",
    "movie_id": "10394"
  },
  {
    "review": "멋지다. 스콜세지~~",
    "date": "07.01.16",
    "rating": "10",
    "author": "kimu****",
    "review_id": "1388914",
    "movie_id": "10394"
  },
  {
    "review": "인간적인 예수가 아닌, 인간화한 예수의 모습.",
    "date": "07.01.08",
    "rating": "1",
    "author": "veil****",
    "review_id": "1366207",
    "movie_id": "10394"
  },
  {
    "review": "나머진 그저 그렇지만 후반부 약30분 동안의 진행이 참 놀랍다.",
    "date": "06.12.05",
    "rating": "7",
    "author": "nach****",
    "review_id": "1269317",
    "movie_id": "10394"
  },
  {
    "review": "오랫만에 본 멋진 영화...",
    "date": "06.11.03",
    "rating": "10",
    "author": "ykwd****",
    "review_id": "1213879",
    "movie_id": "10394"
  },
  {
    "review": "종교란 신의 존재론으로 누비는 종교인들의 기득권은 아닐지?",
    "date": "06.09.03",
    "rating": "9",
    "author": "jals****",
    "review_id": "1100008",
    "movie_id": "10394"
  },
  {
    "review": "주제의식만 정확히 전달하면 될것을 말이 너무 많다",
    "date": "06.08.12",
    "rating": "3",
    "author": "okjo****",
    "review_id": "1003267",
    "movie_id": "10394"
  },
  {
    "review": "성경과는 전혀 다른 소설이다...",
    "date": "06.08.07",
    "rating": "1",
    "author": "chaw****",
    "review_id": "979767",
    "movie_id": "10394"
  },
  {
    "review": "너무 과소 평가되는 영화....",
    "date": "06.08.02",
    "rating": "10",
    "author": "bruc****",
    "review_id": "958910",
    "movie_id": "10394"
  },
  {
    "review": "한번쯤 생각해 볼만한",
    "date": "06.08.01",
    "rating": "8",
    "author": "zeed****",
    "review_id": "952348",
    "movie_id": "10394"
  },
  {
    "review": "좋은 영화. 음악도 멋짐.",
    "date": "06.06.20",
    "rating": "10",
    "author": "knig****",
    "review_id": "850689",
    "movie_id": "10394"
  },
  {
    "review": "알지도 못하는 것들이 어디까지 떠들까.??",
    "date": "06.06.02",
    "rating": "1",
    "author": "bmh0****",
    "review_id": "827368",
    "movie_id": "10394"
  },
  {
    "review": "인간으로써 행복하구 감사하라 느끼는 무언가가 있다",
    "date": "06.05.20",
    "rating": "10",
    "author": "xill****",
    "review_id": "807735",
    "movie_id": "10394"
  },
  {
    "review": "진정한 예수의 참모습을 기대하면서...",
    "date": "06.05.08",
    "rating": "10",
    "author": "caoc****",
    "review_id": "791834",
    "movie_id": "10394"
  },
  {
    "review": "기독교 교단이 가장 두려워 하는 영화(난 기독교인)",
    "date": "06.04.27",
    "rating": "9",
    "author": "jeta****",
    "review_id": "776906",
    "movie_id": "10394"
  },
  {
    "review": "쓰레기!! 너무 인간의 모습에 치중해 원래적의미를 퇴색시킴",
    "date": "06.04.06",
    "rating": "1",
    "author": "taeh****",
    "review_id": "750651",
    "movie_id": "10394"
  },
  {
    "review": "왜 만든걸까? 어떠한 의도가 있었던걸까? 이런 생각이 드는 영화",
    "date": "06.04.03",
    "rating": "1",
    "author": "amy0****",
    "review_id": "747272",
    "movie_id": "10394"
  },
  {
    "review": "띨빵해보이기까지 하는 인간적인 모습.. 흥미로웠다.",
    "date": "06.03.02",
    "rating": "10",
    "author": "coma****",
    "review_id": "700530",
    "movie_id": "10394"
  },
  {
    "review": "인간적인 면모를 볼 수 있는 영화",
    "date": "06.02.08",
    "rating": "10",
    "author": "leno****",
    "review_id": "656078",
    "movie_id": "10394"
  },
  {
    "review": "볼 필요 없다",
    "date": "06.01.31",
    "rating": "1",
    "author": "hoji****",
    "review_id": "637804",
    "movie_id": "10394"
  },
  {
    "review": "무엇을 위해.",
    "date": "06.01.17",
    "rating": "6",
    "author": "sick****",
    "review_id": "594484",
    "movie_id": "10394"
  },
  {
    "review": "대단하다는 말밖엔... 생각해볼만한 영화다",
    "date": "06.01.09",
    "rating": "10",
    "author": "yytt****",
    "review_id": "572917",
    "movie_id": "10394"
  },
  {
    "review": "씁, 이러니 예수쟁이 소리 듣지(평점회복용)",
    "date": "06.01.06",
    "rating": "10",
    "author": "qeye****",
    "review_id": "566129",
    "movie_id": "10394"
  },
  {
    "review": "이 것보고 울었어.기독교인의 마음이 담긴 영화",
    "date": "05.12.10",
    "rating": "10",
    "author": "kcw0****",
    "review_id": "499734",
    "movie_id": "10394"
  },
  {
    "review": "기독교인은 만들지 못한 하지만 기독교인들도 생각해 볼만한",
    "date": "05.11.20",
    "rating": "9",
    "author": "palm****",
    "review_id": "480134",
    "movie_id": "10394"
  },
  {
    "review": "대단하다!",
    "date": "05.09.10",
    "rating": "10",
    "author": "susa****",
    "review_id": "399459",
    "movie_id": "10394"
  },
  {
    "review": "잘 봤습니다.",
    "date": "05.04.15",
    "rating": "10",
    "author": "toug****",
    "review_id": "260209",
    "movie_id": "10394"
  },
  {
    "review": "휼륭한 영화입니다.",
    "date": "05.02.13",
    "rating": "10",
    "author": "funn****",
    "review_id": "218977",
    "movie_id": "10394"
  },
  {
    "review": "인간적인 모습의 예수, 신선하기는 하나, OO 마리아와의 정사신은 충격적",
    "date": "05.01.10",
    "rating": "5",
    "author": "miss****",
    "review_id": "181692",
    "movie_id": "10394"
  },
  {
    "review": "새로운 시각의 `예수`",
    "date": "05.01.05",
    "rating": "7",
    "author": "marl****",
    "review_id": "177582",
    "movie_id": "10394"
  },
  {
    "review": "책으로도 읽었지만 예수는 인간이다. 신이 아니다.",
    "date": "04.12.26",
    "rating": "10",
    "author": "dahl****",
    "review_id": "170204",
    "movie_id": "10394"
  },
  {
    "review": "나약한 인간이기에 그 나약함을 이겨냈기에 그의 희생은 숭고한 것이다.",
    "date": "04.11.21",
    "rating": "6",
    "author": "stop****",
    "review_id": "149355",
    "movie_id": "10394"
  },
  {
    "review": "예수쟁이들 좀 제발 인터넷에서 안 봤으면...",
    "date": "04.10.02",
    "rating": "1",
    "author": "maxs****",
    "review_id": "118927",
    "movie_id": "10394"
  },
  {
    "review": "저런 신이라면. 저런 인간이라면. 가슴 벅차게 사랑하고 싶다.",
    "date": "04.08.31",
    "rating": "9",
    "author": "nare****",
    "review_id": "100390",
    "movie_id": "10394"
  },
  {
    "review": "카잔차키스의 작품을 그가 어떻게 다시 보여주는가..그런거..",
    "date": "04.07.04",
    "rating": "9",
    "author": "voix****",
    "review_id": "64784",
    "movie_id": "10394"
  },
  {
    "review": "예수님 사랑합니다,,",
    "date": "04.04.03",
    "rating": "10",
    "author": "nanv****",
    "review_id": "33564",
    "movie_id": "10394"
  },
  {
    "review": "많이 잔인하지만 Q의 진실을 안다면 너무도 가슴벅찬 영화였어요.",
    "date": "04.04.03",
    "rating": "10",
    "author": "tfoa****",
    "review_id": "33510",
    "movie_id": "10394"
  },
  {
    "review": "못됐다 이런 나쁜!",
    "date": "04.04.03",
    "rating": "1",
    "author": "haen****",
    "review_id": "33481",
    "movie_id": "10394"
  },
  {
    "review": "할 말 없음",
    "date": "04.04.02",
    "rating": "1",
    "author": "rndk****",
    "review_id": "33364",
    "movie_id": "10394"
  },
  {
    "review": "저주받을 영화!",
    "date": "04.02.28",
    "rating": "1",
    "author": "scbo****",
    "review_id": "25110",
    "movie_id": "10394"
  },
  {
    "review": "정말 good",
    "date": "04.02.25",
    "rating": "10",
    "author": "kym_****",
    "review_id": "24338",
    "movie_id": "10394"
  },
  {
    "review": "기독교를 알고 영화를 알면 꼭 봐라.",
    "date": "03.12.01",
    "rating": "10",
    "author": "iamr****",
    "review_id": "831",
    "movie_id": "10394"
  }
]