[
  {
    "review": "호주 광할한 평원, 자연, 남자, 사랑, 우정, ,, 근데, 갈등없이 너무 쉽게 일이 풀려짐..",
    "date": "14.06.22",
    "rating": "9",
    "author": "pass****",
    "review_id": "8848069",
    "movie_id": "10391"
  },
  {
    "review": "매력적인 상남자 던디 ㅋㅋ",
    "date": "14.05.11",
    "rating": "8",
    "author": "kngc****",
    "review_id": "8724550",
    "movie_id": "10391"
  },
  {
    "review": "뭐 그렇지.",
    "date": "12.08.27",
    "rating": "4",
    "author": "tori****",
    "review_id": "6646792",
    "movie_id": "10391"
  },
  {
    "review": "장난이지?  재미로 만든 거지?  그렇지?",
    "date": "11.10.20",
    "rating": "1",
    "author": "pria****",
    "review_id": "5799401",
    "movie_id": "10391"
  },
  {
    "review": "이만하면 됐지.뭘 그리도 바랬는지 쯧쯧",
    "date": "08.12.14",
    "rating": "10",
    "author": "baks****",
    "review_id": "3114919",
    "movie_id": "10391"
  },
  {
    "review": "good",
    "date": "07.10.21",
    "rating": "3",
    "author": "cles****",
    "review_id": "2103389",
    "movie_id": "10391"
  },
  {
    "review": "전편보다는 덜했지만 역시 좋아하는 영화",
    "date": "07.05.22",
    "rating": "9",
    "author": "xxss****",
    "review_id": "1650691",
    "movie_id": "10391"
  },
  {
    "review": "good",
    "date": "07.01.30",
    "rating": "4",
    "author": "kcch****",
    "review_id": "1428002",
    "movie_id": "10391"
  },
  {
    "review": "평이",
    "date": "06.12.17",
    "rating": "3",
    "author": "ysuh****",
    "review_id": "1298455",
    "movie_id": "10391"
  }
]