[
  {
    "review": "꼭봐라 두번봐라!! 요즘 시덥잖은 영화보다 10000배는 낫다",
    "date": "15.07.15",
    "rating": "10",
    "author": "wiz6****",
    "review_id": "10105934",
    "movie_id": "10396"
  },
  {
    "review": "중학생때 진짜 진짜 매밋게 본 영화! 잊혀지지가 않는다",
    "date": "15.07.15",
    "rating": "10",
    "author": "max7****",
    "review_id": "10105928",
    "movie_id": "10396"
  },
  {
    "review": "홈즈를 소재로한 또하나의 멋진 각색",
    "date": "14.10.11",
    "rating": "7",
    "author": "wjsr****",
    "review_id": "9284696",
    "movie_id": "10396"
  },
  {
    "review": "홈즈의 대한 팬심으로 만들어낸 즐거운 모험.",
    "date": "14.09.04",
    "rating": "7",
    "author": "bbob****",
    "review_id": "9164083",
    "movie_id": "10396"
  },
  {
    "review": "알고 보면.. 숨은 명작들이 꽤 있다~! ^^",
    "date": "14.07.19",
    "rating": "10",
    "author": "spar****",
    "review_id": "8928926",
    "movie_id": "10396"
  },
  {
    "review": "어릴적 극장에서 참 재밌게 봤던 추억의 영화.",
    "date": "14.06.02",
    "rating": "10",
    "author": "rich****",
    "review_id": "8788799",
    "movie_id": "10396"
  },
  {
    "review": "예전에 봤던 기억이 나네요. 재미있었습니다. 이것 다시 안하나요?",
    "date": "14.05.25",
    "rating": "9",
    "author": "uksa****",
    "review_id": "8762653",
    "movie_id": "10396"
  },
  {
    "review": "중독성있는 라미테프 합창곡.",
    "date": "14.05.02",
    "rating": "7",
    "author": "cred****",
    "review_id": "8694636",
    "movie_id": "10396"
  },
  {
    "review": "온전한 디지털 이미지를 최초로 사용한 영화  - 조지 루카스 -",
    "date": "14.03.12",
    "rating": "8",
    "author": "dame****",
    "review_id": "8569339",
    "movie_id": "10396"
  },
  {
    "review": "어릴적 극장에서 참 재밌게 봤던~",
    "date": "13.07.22",
    "rating": "10",
    "author": "tjrj****",
    "review_id": "7773736",
    "movie_id": "10396"
  },
  {
    "review": "귀여운 홈즈와 왓슨의 호그와트 특급",
    "date": "12.03.01",
    "rating": "6",
    "author": "bbq2****",
    "review_id": "6114221",
    "movie_id": "10396"
  },
  {
    "review": "가장 여운이 남는 셜록홈즈",
    "date": "12.02.21",
    "rating": "10",
    "author": "busy****",
    "review_id": "6092944",
    "movie_id": "10396"
  },
  {
    "review": "굉장히 무섭기도하고 굉장히 재미있기도하다. 전체적으로 베드엔딩인것도 놀라웠지만.",
    "date": "10.02.04",
    "rating": "8",
    "author": "ard2****",
    "review_id": "4245049",
    "movie_id": "10396"
  },
  {
    "review": "대체 셜록홈즈 인지도가 얼마나 없었기에 타이틀이 피라미드가 된거야?",
    "date": "09.11.04",
    "rating": "4",
    "author": "expr****",
    "review_id": "3937024",
    "movie_id": "10396"
  },
  {
    "review": "공포 모험영화... 스필버그는 참 대단한 대중 친화력을 가진 감독이다...",
    "date": "09.09.05",
    "rating": "6",
    "author": "imf0****",
    "review_id": "3813380",
    "movie_id": "10396"
  },
  {
    "review": "레이더스의 소규모 동화 버젼. 해리포터의 먼 형님뻘.",
    "date": "09.06.02",
    "rating": "4",
    "author": "sykm****",
    "review_id": "3539673",
    "movie_id": "10396"
  },
  {
    "review": "마법대신 이성과 추리를. 해리포터의 원형격",
    "date": "09.01.06",
    "rating": "10",
    "author": "alta****",
    "review_id": "3196232",
    "movie_id": "10396"
  },
  {
    "review": "셜록홈즈를 좋아한다면 볼만하다 ^^",
    "date": "08.01.12",
    "rating": "8",
    "author": "pmab****",
    "review_id": "2321433",
    "movie_id": "10396"
  },
  {
    "review": "기본기에 충실한 액션 어드벤처. 셜로키언이라면 필수로 봐야 할 영화.",
    "date": "08.01.08",
    "rating": "8",
    "author": "team****",
    "review_id": "2307300",
    "movie_id": "10396"
  },
  {
    "review": "아서 코난 도일을 경배하라",
    "date": "07.12.28",
    "rating": "10",
    "author": "baks****",
    "review_id": "2275468",
    "movie_id": "10396"
  },
  {
    "review": "다단계 회사랑은 관계없는 영화...",
    "date": "07.12.18",
    "rating": "8",
    "author": "jhw0****",
    "review_id": "2243110",
    "movie_id": "10396"
  },
  {
    "review": "어릴때 비디오로 빌려보고 너무 재미있어서 한번 더 봤던 기억이..",
    "date": "07.08.13",
    "rating": "10",
    "author": "moon****",
    "review_id": "1930957",
    "movie_id": "10396"
  },
  {
    "review": "어렸을때 칠면조가 괴물로 변하는거 보고 잠 못잤다..",
    "date": "07.07.17",
    "rating": "8",
    "author": "dusn****",
    "review_id": "1783888",
    "movie_id": "10396"
  },
  {
    "review": "어렸을때 봤던 영화입니다. 정말 좋았습니다.",
    "date": "07.06.02",
    "rating": "10",
    "author": "jos7****",
    "review_id": "1677205",
    "movie_id": "10396"
  },
  {
    "review": "중딩땐가 대한극장서 봤던 추억의 영화",
    "date": "07.04.06",
    "rating": "8",
    "author": "seun****",
    "review_id": "1574271",
    "movie_id": "10396"
  },
  {
    "review": "어릴때도 그다지 재미없었다",
    "date": "06.12.31",
    "rating": "6",
    "author": "nala****",
    "review_id": "1344570",
    "movie_id": "10396"
  },
  {
    "review": "어릴때 재밌게 봤다",
    "date": "06.11.16",
    "rating": "8",
    "author": "zeed****",
    "review_id": "1235127",
    "movie_id": "10396"
  },
  {
    "review": "왜이래? 20년전 영화라는 걸 생각해야지..crackkk 바보아냐?",
    "date": "06.02.25",
    "rating": "10",
    "author": "sunh****",
    "review_id": "692079",
    "movie_id": "10396"
  },
  {
    "review": "밑에 님들 뭐임-_-;; 이게 재밌슴?",
    "date": "06.02.24",
    "rating": "1",
    "author": "crac****",
    "review_id": "689565",
    "movie_id": "10396"
  },
  {
    "review": "ㅋ ㅑ~잼있네~!!",
    "date": "06.01.24",
    "rating": "10",
    "author": "revo****",
    "review_id": "616465",
    "movie_id": "10396"
  },
  {
    "review": "피라미드의 공포를 첨 알게 해줬던..",
    "date": "05.12.25",
    "rating": "7",
    "author": "blue****",
    "review_id": "527524",
    "movie_id": "10396"
  },
  {
    "review": "정말 무섭게 본 영화라 잊을 수가 없어요 흥미진진짱짱짱!!",
    "date": "05.09.14",
    "rating": "10",
    "author": "zzzg****",
    "review_id": "404966",
    "movie_id": "10396"
  },
  {
    "review": "난 셜로키언이다.",
    "date": "05.07.27",
    "rating": "9",
    "author": "rkd2****",
    "review_id": "335878",
    "movie_id": "10396"
  },
  {
    "review": "반전이라는 의미를 처음으로 알게 해준 특별하고도 특별한 영화.",
    "date": "05.02.24",
    "rating": "10",
    "author": "snoo****",
    "review_id": "228869",
    "movie_id": "10396"
  },
  {
    "review": "다시 보고 싶은 흥미진진함!",
    "date": "04.01.21",
    "rating": "9",
    "author": "qjff****",
    "review_id": "12149",
    "movie_id": "10396"
  },
  {
    "review": "셜록 홈즈 원작의 팬들을 위한 선물!!",
    "date": "03.11.30",
    "rating": "8",
    "author": "ssx9****",
    "review_id": "714",
    "movie_id": "10396"
  }
]