[
  {
    "review": "나의 20대 시절에는 최고의 영화였다",
    "date": "15.07.08",
    "rating": "8",
    "author": "baks****",
    "review_id": "10079732",
    "movie_id": "10399"
  },
  {
    "review": "수갑찬 경찰과의 결투씬 하나 만으로도 10 점",
    "date": "15.04.21",
    "rating": "10",
    "author": "kimd****",
    "review_id": "9855406",
    "movie_id": "10399"
  },
  {
    "review": "CG범벅 보다 가치있고 멋졌던 특수효과.. 법무부장관이 전직 마피아보스와 짜고 특수효과를 이용 죽은걸루 위장해서 빠져나간다는 설정이 잼난다.. 당신들이 왜 나를 고용했는지를 생각해보라구.. 눈에 보이는 것이 전부가 아니야",
    "date": "13.05.18",
    "rating": "7",
    "author": "danz****",
    "review_id": "7537415",
    "movie_id": "10399"
  },
  {
    "review": "80년대의 시대분위기가 물씬 풍기는 지금보면 뭔가 이질감을 느끼게 하는 영화 . 이 정도면 잘 만들었다고 생각함",
    "date": "13.02.12",
    "rating": "7",
    "author": "theh****",
    "review_id": "7254611",
    "movie_id": "10399"
  },
  {
    "review": "리오 형사 너무 마음에 든다..내가 좋아하는 타입의 캐릭터",
    "date": "12.10.21",
    "rating": "8",
    "author": "thra****",
    "review_id": "6818103",
    "movie_id": "10399"
  },
  {
    "review": "빛나는 아이디어들.",
    "date": "12.08.15",
    "rating": "6",
    "author": "pria****",
    "review_id": "6609039",
    "movie_id": "10399"
  },
  {
    "review": "독창적인 아이디어로 당시 특수효과의 정점을 보여줬던 긴장감 만땅의 걸작",
    "date": "10.11.18",
    "rating": "9",
    "author": "gall****",
    "review_id": "4970753",
    "movie_id": "10399"
  },
  {
    "review": "매일 수백번 상상하며 기다려왓던 세상에 뚜이츄~",
    "date": "10.01.31",
    "rating": "10",
    "author": "dw40****",
    "review_id": "4226527",
    "movie_id": "10399"
  },
  {
    "review": "파랑새가 사는 새장에서 꿈을 꾸어도 채울 수가 없어 날아가겠어~ 수정아 사랑해 ㅠㅠ",
    "date": "09.12.27",
    "rating": "10",
    "author": "1907****",
    "review_id": "4095753",
    "movie_id": "10399"
  },
  {
    "review": "전혀 다른 시공에 눈을 뜬다 해도~ 설리 너무 좋다 ㅠㅠ",
    "date": "09.12.26",
    "rating": "10",
    "author": "kimk****",
    "review_id": "4087674",
    "movie_id": "10399"
  },
  {
    "review": "치밀하군,맥가이버의 교범? 40세 누나가 소위 중딩시절에 본 추천영화",
    "date": "09.02.05",
    "rating": "8",
    "author": "ador****",
    "review_id": "3280528",
    "movie_id": "10399"
  },
  {
    "review": "중학교때 반전이란걸 알게해준 영화",
    "date": "09.01.07",
    "rating": "9",
    "author": "nbin****",
    "review_id": "3199407",
    "movie_id": "10399"
  },
  {
    "review": "영화의 FX가 뭔지를 보여준 영화 스릴러도 한 몫",
    "date": "08.08.06",
    "rating": "7",
    "author": "deff****",
    "review_id": "2843105",
    "movie_id": "10399"
  },
  {
    "review": "저예산영화치곤 나름 괜챦은 서스펜스를 보여준다..",
    "date": "08.06.26",
    "rating": "7",
    "author": "hide****",
    "review_id": "2722619",
    "movie_id": "10399"
  },
  {
    "review": "이영화 상당히 수작인데.. 지금 눈높이에서 보면 별루겠죠..",
    "date": "07.11.18",
    "rating": "10",
    "author": "kih9****",
    "review_id": "2164399",
    "movie_id": "10399"
  },
  {
    "review": "알고 봐도 신기한 특수효과의 세계. 그것만으로 다른 단점을 상쇄한다.",
    "date": "07.07.21",
    "rating": "6",
    "author": "teo0****",
    "review_id": "1797596",
    "movie_id": "10399"
  },
  {
    "review": "의외의 재미를 느낄 수 있다.",
    "date": "07.04.17",
    "rating": "8",
    "author": "seun****",
    "review_id": "1593451",
    "movie_id": "10399"
  },
  {
    "review": "물론 지금보면 별루겠지만...",
    "date": "07.03.26",
    "rating": "8",
    "author": "bebe****",
    "review_id": "1555348",
    "movie_id": "10399"
  },
  {
    "review": "당시에는 꽤나 재미있었던 영화",
    "date": "07.01.07",
    "rating": "8",
    "author": "nala****",
    "review_id": "1363836",
    "movie_id": "10399"
  },
  {
    "review": "보통 그이상도 그이하도 아닌",
    "date": "06.12.23",
    "rating": "8",
    "author": "zeed****",
    "review_id": "1315639",
    "movie_id": "10399"
  },
  {
    "review": "예전에 재미있게 보았는데 지금은 그냥 평작수준",
    "date": "05.06.21",
    "rating": "7",
    "author": "xxss****",
    "review_id": "303481",
    "movie_id": "10399"
  },
  {
    "review": "국내개봉당시 의외로 큰 성공을 거둠..모래속의 진주같은 걸작..",
    "date": "04.02.08",
    "rating": "8",
    "author": "thin****",
    "review_id": "17986",
    "movie_id": "10399"
  }
]