[
  {
    "review": "영화를 보면서 칼베로의 웃는 얼굴을 보며 \"그래, 제 삶이 어땠나요?  인생이란 무대위, 제 배역에 충실했나요?\" 라고 말을 거는듯했다.",
    "date": "14.12.31",
    "rating": "10",
    "author": "bono****",
    "review_id": "9542149",
    "movie_id": "10405"
  },
  {
    "review": "한 물 간 코미디언의 화려한 퇴장. 채플린을 알고 싶다면 채플린 영화를 보면 된다.",
    "date": "14.09.25",
    "rating": "8",
    "author": "cube****",
    "review_id": "9239996",
    "movie_id": "10405"
  },
  {
    "review": "다리가 줄었다 늘었다..",
    "date": "14.09.10",
    "rating": "10",
    "author": "mool****",
    "review_id": "9200587",
    "movie_id": "10405"
  },
  {
    "review": "이것이 영화인가? 이것이 연기인가? 이것은 정녕 각본대로 움직였단 말인가? 그것은 아니다. 이것은 그대로이다.",
    "date": "14.08.10",
    "rating": "10",
    "author": "lsb8****",
    "review_id": "9061630",
    "movie_id": "10405"
  },
  {
    "review": "이 영화가 끝나고 보니 저도 모르게 얼굴이 눈물범벅이 되어 있더군요. 그리고 얼마 동안 멍~하게 있었습니다. 모든 대사 한 마디 한 마디가 너무 멋지고, 멋져서 저도 모르게 수첩에 적고 있었습니다. 정말... 할 말이 없게 만드는 영화인 것 같습니다.",
    "date": "14.02.27",
    "rating": "10",
    "author": "0010****",
    "review_id": "8541452",
    "movie_id": "10405"
  },
  {
    "review": "채플린의 모든 장점이 그의 트레이드 마크, 즉 콧수염, 모자, 검은 양복, 지팡이와 함께 사라졌다.",
    "date": "14.02.10",
    "rating": "6",
    "author": "ykdi****",
    "review_id": "8496498",
    "movie_id": "10405"
  },
  {
    "review": "한권의 인생 철학책을  읽는 듯 한 이 영화를 진작에 봤었으면 내 인생관, 삶이 달라 졌을 것임...채플린 역대 최고의 명작!!",
    "date": "14.01.23",
    "rating": "10",
    "author": "katy****",
    "review_id": "8417712",
    "movie_id": "10405"
  },
  {
    "review": "삶의 이유를 일깨워 주는 영화,,, 영원한 나의 우상 찰리 채플린...",
    "date": "13.10.15",
    "rating": "9",
    "author": "suya****",
    "review_id": "8061333",
    "movie_id": "10405"
  },
  {
    "review": "채플린 분장안한거첨본영화. 지금 막봤는데 연기 장난 아니네요.",
    "date": "13.05.24",
    "rating": "10",
    "author": "yobi****",
    "review_id": "7551727",
    "movie_id": "10405"
  },
  {
    "review": "늙어도 섹시하네요",
    "date": "13.05.24",
    "rating": "10",
    "author": "mk_l****",
    "review_id": "7551704",
    "movie_id": "10405"
  },
  {
    "review": "참된 채플린의 영화",
    "date": "13.05.24",
    "rating": "10",
    "author": "r_uz****",
    "review_id": "7551310",
    "movie_id": "10405"
  },
  {
    "review": "이런 명작을 이제 보다니... 진짜 인생 헛살았다...",
    "date": "13.05.20",
    "rating": "10",
    "author": "kiss****",
    "review_id": "7543571",
    "movie_id": "10405"
  },
  {
    "review": "마지막 불꽃.",
    "date": "13.02.09",
    "rating": "9",
    "author": "dlwo****",
    "review_id": "7244310",
    "movie_id": "10405"
  },
  {
    "review": "노익장을 과시한 채플린의 투혼 ㅋㅋ 막판 쇼는 괜찮은데 중간에 다소 지루함",
    "date": "12.12.30",
    "rating": "8",
    "author": "dma9****",
    "review_id": "7062519",
    "movie_id": "10405"
  },
  {
    "review": "나이가 들고, 유성영화를 찍어도 이렇게 사랑스럽고 순수한 휴머니스트 하고는.",
    "date": "12.12.19",
    "rating": "8",
    "author": "tear****",
    "review_id": "7018686",
    "movie_id": "10405"
  },
  {
    "review": "왕관을 벗고 맨얼굴을 드러낸 희극의 왕이여",
    "date": "12.10.14",
    "rating": "8",
    "author": "rd72****",
    "review_id": "6802204",
    "movie_id": "10405"
  },
  {
    "review": "채플린 최후의 명작!",
    "date": "12.08.28",
    "rating": "10",
    "author": "geos****",
    "review_id": "6650205",
    "movie_id": "10405"
  },
  {
    "review": "우리는 영혼의 울림을 들어야만 합니다. 우리의 육체를 전율케 하는 쾌락이 아니라, 영혼을 울리게 하는 꿈을 바라 볼 수 있어야 합니다. 우리는 영혼의 울림에 이끌려야 합니다..",
    "date": "12.07.29",
    "rating": "10",
    "author": "ttyu****",
    "review_id": "6553444",
    "movie_id": "10405"
  },
  {
    "review": "삶이 지치고 고단할때 꼭 보라고 추천드리고 싶은 영화에요. 따뜻하게 채플린이 저한테 이야기해주는 것 같은 느낌의 고전적 영화",
    "date": "12.07.21",
    "rating": "10",
    "author": "fron****",
    "review_id": "6510710",
    "movie_id": "10405"
  },
  {
    "review": "먹먹하다.",
    "date": "12.02.19",
    "rating": "10",
    "author": "veni****",
    "review_id": "6088328",
    "movie_id": "10405"
  },
  {
    "review": "아름다워",
    "date": "12.02.03",
    "rating": "10",
    "author": "zzup****",
    "review_id": "6049227",
    "movie_id": "10405"
  },
  {
    "review": "그의 대사 한마디 한마디에서 인생의 깊은 통찰과 반성을 느낄 수 있다.",
    "date": "11.10.15",
    "rating": "9",
    "author": "kusa****",
    "review_id": "5790398",
    "movie_id": "10405"
  },
  {
    "review": "찰리 채플린의 또다른 모습!",
    "date": "11.07.31",
    "rating": "10",
    "author": "lsd7****",
    "review_id": "5585444",
    "movie_id": "10405"
  },
  {
    "review": "멋지다",
    "date": "11.06.15",
    "rating": "10",
    "author": "kimb****",
    "review_id": "5481879",
    "movie_id": "10405"
  },
  {
    "review": "이런게 명작 아닌가?",
    "date": "11.06.07",
    "rating": "10",
    "author": "jhpr****",
    "review_id": "5470326",
    "movie_id": "10405"
  },
  {
    "review": "아름다운 영화, 그리고 로리타 컴플렉스에 대한 변명",
    "date": "10.12.28",
    "rating": "8",
    "author": "sadp****",
    "review_id": "5094883",
    "movie_id": "10405"
  },
  {
    "review": "흑백영화 보면서 이렇게 울어본 적 처음이야. 정말.. 최고다!",
    "date": "10.11.25",
    "rating": "10",
    "author": "neco****",
    "review_id": "4988940",
    "movie_id": "10405"
  },
  {
    "review": "흑백영화지만 스토리가 감동적이다. 은혜를 잊지않는 감동휴먼드라마.",
    "date": "10.11.04",
    "rating": "10",
    "author": "skss****",
    "review_id": "4938322",
    "movie_id": "10405"
  },
  {
    "review": "훌륭하다.",
    "date": "10.09.07",
    "rating": "10",
    "author": "icid****",
    "review_id": "4821554",
    "movie_id": "10405"
  },
  {
    "review": "찰리 채플린 존경합니다!!",
    "date": "09.10.20",
    "rating": "10",
    "author": "souy****",
    "review_id": "3905912",
    "movie_id": "10405"
  },
  {
    "review": "너무 자전적 성향이 강하다",
    "date": "09.07.10",
    "rating": "6",
    "author": "tjsd****",
    "review_id": "3621045",
    "movie_id": "10405"
  },
  {
    "review": "채플린은 자신의 어법(무성영화,풍자)를 여기에서 완전히 버렸고, 힘겹게 승리했다.",
    "date": "09.03.03",
    "rating": "9",
    "author": "paus****",
    "review_id": "3345327",
    "movie_id": "10405"
  },
  {
    "review": "모두가 웃을때 혼자 눈물이 나는...",
    "date": "09.03.01",
    "rating": "10",
    "author": "ox48****",
    "review_id": "3340192",
    "movie_id": "10405"
  },
  {
    "review": "이 세상에 한 영화만이 남아야 한다면 바로 이 영화일 것이다.",
    "date": "08.12.28",
    "rating": "10",
    "author": "gyah****",
    "review_id": "3161539",
    "movie_id": "10405"
  },
  {
    "review": "두 번 눈물이 나오네요",
    "date": "08.08.16",
    "rating": "10",
    "author": "mher****",
    "review_id": "2878398",
    "movie_id": "10405"
  },
  {
    "review": "관객들의 웃음소리가 커질수록 난 슬퍼졌다.",
    "date": "08.07.21",
    "rating": "8",
    "author": "hyde****",
    "review_id": "2787725",
    "movie_id": "10405"
  },
  {
    "review": "마지막이 넘 잔잔하지만 그럼에도 불구하고..",
    "date": "08.05.07",
    "rating": "10",
    "author": "jwhr****",
    "review_id": "2622986",
    "movie_id": "10405"
  },
  {
    "review": "우리를 좌절과 죽음으로 내모는,  그 &lt삶&gt을 위하여",
    "date": "08.03.18",
    "rating": "10",
    "author": "zobi****",
    "review_id": "2527345",
    "movie_id": "10405"
  },
  {
    "review": "예술을 뛰어넘은 걸작. 웃음속에서 슬픔을 뽑아내는 그의 비범함이란...",
    "date": "08.03.18",
    "rating": "10",
    "author": "urus****",
    "review_id": "2527154",
    "movie_id": "10405"
  },
  {
    "review": "눈물과 웃음의 광대인생 회고록. 떠돌이 찰리가 아닌 그 자신이 말하고 싶었던 것들.",
    "date": "08.03.07",
    "rating": "7",
    "author": "hadl****",
    "review_id": "2507383",
    "movie_id": "10405"
  },
  {
    "review": "이건.... 100년뒤에도 길이 남을 영화다",
    "date": "08.02.10",
    "rating": "10",
    "author": "star****",
    "review_id": "2432665",
    "movie_id": "10405"
  },
  {
    "review": "찰리에 광팬이지만 이영화10점은... 제평은 7점이하!!!",
    "date": "07.12.06",
    "rating": "7",
    "author": "rhkd****",
    "review_id": "2209761",
    "movie_id": "10405"
  },
  {
    "review": "이런 영화를 볼수있다는것만으로도 감사하다..",
    "date": "07.11.26",
    "rating": "10",
    "author": "ansu****",
    "review_id": "2185090",
    "movie_id": "10405"
  },
  {
    "review": "정말이지.. 최고였다! 눈물이 난다..ㅜ",
    "date": "07.11.10",
    "rating": "10",
    "author": "good****",
    "review_id": "2142477",
    "movie_id": "10405"
  },
  {
    "review": "찰리 채플린의 영화 사상 최고의 걸작",
    "date": "07.10.31",
    "rating": "10",
    "author": "v292****",
    "review_id": "2124601",
    "movie_id": "10405"
  },
  {
    "review": "만점 ㄱㄱ",
    "date": "07.10.24",
    "rating": "10",
    "author": "powe****",
    "review_id": "2109375",
    "movie_id": "10405"
  },
  {
    "review": "조금은 난해했었다. 하지만.",
    "date": "07.08.12",
    "rating": "10",
    "author": "zzaz****",
    "review_id": "1925357",
    "movie_id": "10405"
  },
  {
    "review": "20년 만에 이영화로 상을받았지",
    "date": "07.08.06",
    "rating": "10",
    "author": "bara****",
    "review_id": "1891566",
    "movie_id": "10405"
  },
  {
    "review": "대한독립만세!!!!!!!!!!!!!!!!!!!!!!",
    "date": "07.07.04",
    "rating": "10",
    "author": "dhk4****",
    "review_id": "1745535",
    "movie_id": "10405"
  },
  {
    "review": "재밌었다",
    "date": "07.07.04",
    "rating": "10",
    "author": "qwe4****",
    "review_id": "1745531",
    "movie_id": "10405"
  },
  {
    "review": "멋지다",
    "date": "07.05.28",
    "rating": "10",
    "author": "pung****",
    "review_id": "1668092",
    "movie_id": "10405"
  },
  {
    "review": "가슴한켠이 따스해지는 영화...",
    "date": "07.04.08",
    "rating": "10",
    "author": "kang****",
    "review_id": "1579238",
    "movie_id": "10405"
  },
  {
    "review": "오늘부터 채플린은 내 우상이다....!!!!!",
    "date": "07.02.07",
    "rating": "10",
    "author": "anfq****",
    "review_id": "1450356",
    "movie_id": "10405"
  },
  {
    "review": "너무 멋있다",
    "date": "07.02.01",
    "rating": "10",
    "author": "kcje****",
    "review_id": "1432991",
    "movie_id": "10405"
  },
  {
    "review": "\"죽음만큼 피할수 없는게 있지 '삶'이야\" -최고의 대사!",
    "date": "06.11.14",
    "rating": "10",
    "author": "gold****",
    "review_id": "1232869",
    "movie_id": "10405"
  },
  {
    "review": "1952년, 이때까지도 채플린은 여전히 전성기였다. 최고의 작품.",
    "date": "06.10.26",
    "rating": "10",
    "author": "imjo****",
    "review_id": "1199695",
    "movie_id": "10405"
  },
  {
    "review": "찰리채플린의 지금까지영화 와는 다른영화",
    "date": "06.10.22",
    "rating": "10",
    "author": "kha9****",
    "review_id": "1193669",
    "movie_id": "10405"
  },
  {
    "review": "할말이 없다..",
    "date": "06.10.22",
    "rating": "10",
    "author": "opc4****",
    "review_id": "1193666",
    "movie_id": "10405"
  },
  {
    "review": "\"죽음만큼 피할수 없는게 있지 삻이야\" -최고의 대사!",
    "date": "06.08.31",
    "rating": "10",
    "author": "ruki****",
    "review_id": "1093014",
    "movie_id": "10405"
  },
  {
    "review": "노년의 허세와 멋진 달관! 영화인생 세계인의 잔잔한 향수!",
    "date": "06.08.31",
    "rating": "10",
    "author": "pett****",
    "review_id": "1092991",
    "movie_id": "10405"
  },
  {
    "review": "솔직히 잔득 기대를 하고 봤다... 약간의 실망과 거대한 감동",
    "date": "06.08.16",
    "rating": "10",
    "author": "nadu****",
    "review_id": "1041030",
    "movie_id": "10405"
  },
  {
    "review": "잘만들었다",
    "date": "06.07.28",
    "rating": "10",
    "author": "zeed****",
    "review_id": "932304",
    "movie_id": "10405"
  },
  {
    "review": "처음으로 뒤를 돌아본 채플린,, 잔인하게 아름다운 영화,,",
    "date": "06.07.25",
    "rating": "10",
    "author": "cree****",
    "review_id": "920352",
    "movie_id": "10405"
  },
  {
    "review": "말이 필요없다. 최고.",
    "date": "06.03.26",
    "rating": "10",
    "author": "yuud****",
    "review_id": "736226",
    "movie_id": "10405"
  },
  {
    "review": "너무나 감동적이네요...",
    "date": "06.02.10",
    "rating": "10",
    "author": "hyli****",
    "review_id": "658541",
    "movie_id": "10405"
  },
  {
    "review": "배우중의 배우인 채플린 영화 하나도 놓치면 안되여.",
    "date": "06.01.24",
    "rating": "10",
    "author": "k971****",
    "review_id": "618391",
    "movie_id": "10405"
  },
  {
    "review": "안 보셨으면 꼭 보세요.",
    "date": "04.10.07",
    "rating": "10",
    "author": "pby1****",
    "review_id": "121481",
    "movie_id": "10405"
  },
  {
    "review": "잊을 수 없는 음악의 감동...",
    "date": "04.09.29",
    "rating": "10",
    "author": "o_ps****",
    "review_id": "117367",
    "movie_id": "10405"
  },
  {
    "review": "슬픔과 감동이 한꺼번에....",
    "date": "04.09.26",
    "rating": "10",
    "author": "hmr3****",
    "review_id": "115147",
    "movie_id": "10405"
  },
  {
    "review": "Best movie...",
    "date": "04.08.19",
    "rating": "10",
    "author": "idso****",
    "review_id": "93035",
    "movie_id": "10405"
  },
  {
    "review": "삶은 의미가 아니라 욕구야 -칼베로-  내게 최고의 영화 !",
    "date": "04.07.13",
    "rating": "10",
    "author": "2004****",
    "review_id": "70046",
    "movie_id": "10405"
  },
  {
    "review": "정말 너무나 감동적인 채플린의 영화..",
    "date": "03.12.26",
    "rating": "10",
    "author": "sjzs****",
    "review_id": "4755",
    "movie_id": "10405"
  }
]