[
  {
    "review": "물체가 움직이거나 어떤 일이 진행되는 빠르기",
    "date": "15.06.27",
    "rating": "6",
    "author": "almo****",
    "review_id": "10041400",
    "movie_id": "10406"
  },
  {
    "review": "정말 꽤 수작이네. 기대 안하고 봤는데  사회고발영화  현실은 영화보다 더 시궁창",
    "date": "15.01.08",
    "rating": "9",
    "author": "ekrl****",
    "review_id": "9574576",
    "movie_id": "10406"
  },
  {
    "review": "보고싶다 강리나 김주승....성우목소리만 아녔음 정말 좋았을걸",
    "date": "14.09.23",
    "rating": "9",
    "author": "stin****",
    "review_id": "9236315",
    "movie_id": "10406"
  },
  {
    "review": "마초사회에서 한 여성의 삶. '노는 계집 창'과 얼개는 같다. 과한 진행이나 억지 복선은 80년대를 벗어나지 못한 한계.",
    "date": "14.08.21",
    "rating": "7",
    "author": "tear****",
    "review_id": "9117690",
    "movie_id": "10406"
  },
  {
    "review": "쌍팔년대에 이런 파격적 주제를 다룬 한국 영화가 있을줄이야.. 허황된 꿈을 쫒는 불나비같은 강리나와 그들을 철저히 유린하고 정신병원에 버리는 거물들.. 마지막 깔끔한 몰살 장면까지.. 멋진영화다",
    "date": "14.06.04",
    "rating": "8",
    "author": "danz****",
    "review_id": "8793502",
    "movie_id": "10406"
  },
  {
    "review": "80년대를 마감하는 보기드문 수작. 특히 강리나의 열연이 돋보임!!",
    "date": "14.01.04",
    "rating": "9",
    "author": "keem****",
    "review_id": "8346189",
    "movie_id": "10406"
  },
  {
    "review": "수작이지만 이후 이 사건이 어떻게 되었는지 언급이 없어서 아쉬움.(특히 실화니까)",
    "date": "13.12.08",
    "rating": "10",
    "author": "fyce****",
    "review_id": "8199140",
    "movie_id": "10406"
  },
  {
    "review": "<파라노멀 액티비티>가  다큐멘터리가  아니듯.....   이 영화도 그냥 <빨간 영화>~",
    "date": "13.05.21",
    "rating": "6",
    "author": "kyso****",
    "review_id": "7545514",
    "movie_id": "10406"
  },
  {
    "review": "이때나 지금이나 몸대주고 뜨는 건 어찌 이리 똑같냐..ㅡㅡㅋ",
    "date": "13.04.26",
    "rating": "7",
    "author": "2601****",
    "review_id": "7484352",
    "movie_id": "10406"
  },
  {
    "review": "수작 명불허전! !!!",
    "date": "13.04.17",
    "rating": "10",
    "author": "iwc7****",
    "review_id": "7465399",
    "movie_id": "10406"
  },
  {
    "review": "강리나가 이런 훌륭한 연기력을 가졌을줄이야...후반부는 특히나 최고!!",
    "date": "12.09.28",
    "rating": "10",
    "author": "tjsn****",
    "review_id": "6738645",
    "movie_id": "10406"
  },
  {
    "review": "하악~ 마치 터미네이터를 보는듯한 스릴과 서스펜스..",
    "date": "12.07.16",
    "rating": "10",
    "author": "cine****",
    "review_id": "6484292",
    "movie_id": "10406"
  },
  {
    "review": "나름 볼만함 ... 그시대때 넘 어려서 ... 그 상황을 잘 이해못하겠음",
    "date": "12.05.29",
    "rating": "7",
    "author": "simr****",
    "review_id": "6345012",
    "movie_id": "10406"
  },
  {
    "review": "당시 한국사회의 더러운 구석을 고발한 대담한 영화. 근데 지금은 더 더럽다..ㅉㅉㅉ",
    "date": "09.08.04",
    "rating": "9",
    "author": "deka****",
    "review_id": "3706022",
    "movie_id": "10406"
  },
  {
    "review": "당시사회 잘 반영한듯, 김주승연기 너무좋았어~",
    "date": "08.11.17",
    "rating": "10",
    "author": "meyi****",
    "review_id": "3056434",
    "movie_id": "10406"
  },
  {
    "review": "강리나는 역시 최고임",
    "date": "08.06.19",
    "rating": "10",
    "author": "aaat****",
    "review_id": "2708342",
    "movie_id": "10406"
  },
  {
    "review": "강리나 이쁨",
    "date": "08.03.17",
    "rating": "4",
    "author": "daum****",
    "review_id": "2525987",
    "movie_id": "10406"
  },
  {
    "review": "명대사 어떤상황에서도 자존심은 잃지마라 (김주승)",
    "date": "06.12.28",
    "rating": "9",
    "author": "chan****",
    "review_id": "1334829",
    "movie_id": "10406"
  },
  {
    "review": "강리나 출연작중 제일 멀쩡한 영화...",
    "date": "06.05.11",
    "rating": "7",
    "author": "0323****",
    "review_id": "796044",
    "movie_id": "10406"
  },
  {
    "review": "너의 이름은 \"오금례\" 야! ㅋㅋㅋ",
    "date": "06.02.16",
    "rating": "10",
    "author": "scho****",
    "review_id": "673643",
    "movie_id": "10406"
  }
]