[
  {
    "review": "보고싶다",
    "date": "13.08.15",
    "rating": "10",
    "author": "poks****",
    "review_id": "7886061",
    "movie_id": "10409"
  },
  {
    "review": "농아인 사라의 의사소통 방식을 연결시켜주는 제임스!!! 윌리엄 허트 연기땜에 빛이 발휘된 영화아닌가 싶다...",
    "date": "13.03.30",
    "rating": "10",
    "author": "dino****",
    "review_id": "7421533",
    "movie_id": "10409"
  },
  {
    "review": "말리매틀린 사랑스러워♥♥♥ I love u marlee♥",
    "date": "12.11.26",
    "rating": "10",
    "author": "hkai****",
    "review_id": "6926799",
    "movie_id": "10409"
  },
  {
    "review": "通하기 얼마나 어려운가",
    "date": "12.06.27",
    "rating": "6",
    "author": "bbq2****",
    "review_id": "6419353",
    "movie_id": "10409"
  },
  {
    "review": "좋다..",
    "date": "11.03.07",
    "rating": "9",
    "author": "come****",
    "review_id": "5298566",
    "movie_id": "10409"
  },
  {
    "review": "조건과 편리함만을 따지는 요즘세대들이 \"진정한 사랑\"이 뭔지 보고 배워야 할 영화",
    "date": "10.01.10",
    "rating": "10",
    "author": "ooop****",
    "review_id": "4155996",
    "movie_id": "10409"
  },
  {
    "review": "여배우가 실제 농아라서 더 실감나는 연기를 한 것 같다. 강추하고 싶은 영화",
    "date": "09.07.26",
    "rating": "10",
    "author": "blum****",
    "review_id": "3669124",
    "movie_id": "10409"
  },
  {
    "review": "단순한 사랑얘기를 넘어 농밀한 침묵의 세계와 진심을 담아냈다.",
    "date": "09.05.10",
    "rating": "7",
    "author": "hadl****",
    "review_id": "3483841",
    "movie_id": "10409"
  },
  {
    "review": "또다른 러브 스토리...",
    "date": "09.04.06",
    "rating": "7",
    "author": "ysuh****",
    "review_id": "3408772",
    "movie_id": "10409"
  },
  {
    "review": "섬세한 심리묘사..음악..멋진영화다..ㅋ",
    "date": "08.12.27",
    "rating": "9",
    "author": "drag****",
    "review_id": "3157329",
    "movie_id": "10409"
  },
  {
    "review": "내가 태어나기도 전의 영화, 멋졌다~ 음악도!",
    "date": "08.04.04",
    "rating": "10",
    "author": "fool****",
    "review_id": "2558133",
    "movie_id": "10409"
  },
  {
    "review": "말이 필요 없었다..",
    "date": "07.07.09",
    "rating": "8",
    "author": "gold****",
    "review_id": "1761321",
    "movie_id": "10409"
  },
  {
    "review": "마리의멋진연기력!사라역은마리말고는아무도그렇게소화할수없을것이다♥",
    "date": "07.06.29",
    "rating": "10",
    "author": "srhp****",
    "review_id": "1730733",
    "movie_id": "10409"
  },
  {
    "review": "좋은 영화였음에 의심의 여지가 없다",
    "date": "07.03.20",
    "rating": "9",
    "author": "nala****",
    "review_id": "1544615",
    "movie_id": "10409"
  },
  {
    "review": "기억은가물하지만 지금도 그 감흥은 잊지못한고 있습니다",
    "date": "06.11.26",
    "rating": "10",
    "author": "beav****",
    "review_id": "1252052",
    "movie_id": "10409"
  },
  {
    "review": "와..이영화 사랑하는 사람이 많네...좋은현상이야...^^*",
    "date": "06.10.13",
    "rating": "10",
    "author": "zokk****",
    "review_id": "1177932",
    "movie_id": "10409"
  },
  {
    "review": "바흐의 협주곡을 보여주는 부분이 정말 감동 ^^",
    "date": "06.04.23",
    "rating": "10",
    "author": "peri****",
    "review_id": "772611",
    "movie_id": "10409"
  },
  {
    "review": "이런 영화는 점수를 어떻게 줘야할지 난감하다.",
    "date": "06.04.20",
    "rating": "7",
    "author": "scal****",
    "review_id": "769024",
    "movie_id": "10409"
  },
  {
    "review": "미국이 장애인을 바라보는 시각은 한국과 천지차이..",
    "date": "05.12.25",
    "rating": "10",
    "author": "blue****",
    "review_id": "527622",
    "movie_id": "10409"
  },
  {
    "review": "좋았음",
    "date": "05.05.22",
    "rating": "10",
    "author": "cjpl****",
    "review_id": "284051",
    "movie_id": "10409"
  },
  {
    "review": "바흐의 `두대의바이올린을위한협주곡`을 내게 보여줘",
    "date": "04.09.14",
    "rating": "10",
    "author": "pach****",
    "review_id": "108268",
    "movie_id": "10409"
  }
]