[
  {
    "review": "아그네스 순수성이 크게 어필되지 않아 아쉽고, 영화가 전반적으로 답답하다.",
    "date": "15.04.18",
    "rating": "7",
    "author": "5292****",
    "review_id": "9851662",
    "movie_id": "10408"
  },
  {
    "review": "세 여배우의 팽팽한 연기대결만으로도 이미 만점. 특히 오스카 후보까지 올랐던 아그네스 역 메그 틸리의 열연이 돋보였던 작품.",
    "date": "15.01.29",
    "rating": "10",
    "author": "vlta****",
    "review_id": "9649868",
    "movie_id": "10408"
  },
  {
    "review": "제인 폰다가 연신 말보로 피워대는것만 기억나는 영화",
    "date": "14.08.16",
    "rating": "3",
    "author": "tlsg****",
    "review_id": "9096064",
    "movie_id": "10408"
  },
  {
    "review": "연극에 못 미치는 걸로 사료됨.",
    "date": "13.05.17",
    "rating": "5",
    "author": "dlwo****",
    "review_id": "7532577",
    "movie_id": "10408"
  },
  {
    "review": "그닥....",
    "date": "11.10.26",
    "rating": "5",
    "author": "pass****",
    "review_id": "5811882",
    "movie_id": "10408"
  },
  {
    "review": "현대사회로 들어오면서 꼭 짚고 넘어갔어야할 주제를 영화로 잘 표현했던 작품.",
    "date": "11.09.10",
    "rating": "10",
    "author": "ball****",
    "review_id": "5719110",
    "movie_id": "10408"
  },
  {
    "review": "아그네스 연기 와 음악 뿐. 제인폰다는 꽥꽥거렸고 연출동선과 컷은 평범했고..",
    "date": "11.07.14",
    "rating": "3",
    "author": "myst****",
    "review_id": "5543001",
    "movie_id": "10408"
  },
  {
    "review": "충격적인 소재와 심리묘사, 연기 대결이 인상적이었던..  7.5점",
    "date": "11.04.11",
    "rating": "7",
    "author": "gall****",
    "review_id": "5368896",
    "movie_id": "10408"
  },
  {
    "review": "명성에 못미치는..밋밋한.연기빼고 볼게 없었던거 같다.",
    "date": "10.05.19",
    "rating": "6",
    "author": "cjw2****",
    "review_id": "4509178",
    "movie_id": "10408"
  },
  {
    "review": "캐낚였다.. 이건머 아무것도 없는 영화",
    "date": "08.04.29",
    "rating": "1",
    "author": "suvr****",
    "review_id": "2605792",
    "movie_id": "10408"
  },
  {
    "review": "정말 최고!와~유주얼 서스팩트, 파이트 클럽, 올드 보이 와 맘먹을정도!",
    "date": "07.12.01",
    "rating": "10",
    "author": "lev4****",
    "review_id": "2196587",
    "movie_id": "10408"
  },
  {
    "review": "있을수 없는 이야기... 인정할수 없는 결론...",
    "date": "07.06.19",
    "rating": "10",
    "author": "aa72****",
    "review_id": "1709283",
    "movie_id": "10408"
  },
  {
    "review": "연극으로 봤음",
    "date": "06.08.01",
    "rating": "10",
    "author": "zeed****",
    "review_id": "952323",
    "movie_id": "10408"
  },
  {
    "review": "굉장히 인상깊게 봤던 영화, 하지만 아직도 뭔가 헷갈린다",
    "date": "05.01.30",
    "rating": "9",
    "author": "okma****",
    "review_id": "201200",
    "movie_id": "10408"
  }
]