[
  {
    "review": "전편의 진지함을 빼버리고 코믹을 추가하니 평범한 캅 무비로 전락했다.",
    "date": "15.03.09",
    "rating": "6",
    "author": "cont****",
    "review_id": "9767973",
    "movie_id": "10402"
  },
  {
    "review": "1편보다 한층 더 세련되어진 영화, 브리짓 닐슨의 아름다움.",
    "date": "14.07.11",
    "rating": "10",
    "author": "aolm****",
    "review_id": "8904893",
    "movie_id": "10402"
  },
  {
    "review": "music is very good",
    "date": "14.06.13",
    "rating": "10",
    "author": "jln4****",
    "review_id": "8827711",
    "movie_id": "10402"
  },
  {
    "review": "에디머피의 연기력이 돋보이는 영화",
    "date": "14.06.13",
    "rating": "10",
    "author": "jong****",
    "review_id": "8827697",
    "movie_id": "10402"
  },
  {
    "review": "원작 + (오버, 과장, 총질, 닐슨) = 비버리 힐스 캅 2",
    "date": "14.05.09",
    "rating": "3",
    "author": "expr****",
    "review_id": "8718823",
    "movie_id": "10402"
  },
  {
    "review": "에디머피가 더 재미있게 돌아온 영화",
    "date": "14.03.23",
    "rating": "7",
    "author": "adiv****",
    "review_id": "8598301",
    "movie_id": "10402"
  },
  {
    "review": "한층더 자신만만하고 세련되어진 에디머피..",
    "date": "13.10.21",
    "rating": "10",
    "author": "wjrh****",
    "review_id": "8077001",
    "movie_id": "10402"
  },
  {
    "review": "비버리힐즈캅 2편이 1편보다 더 재밌던데..브리짓 닐슨 참 이쁘더군.",
    "date": "13.10.21",
    "rating": "10",
    "author": "rich****",
    "review_id": "8076993",
    "movie_id": "10402"
  },
  {
    "review": "1편 못지 않은 2편  에디머피의 멋진 입담이 잘 어울려졌던영화",
    "date": "13.09.01",
    "rating": "6",
    "author": "thra****",
    "review_id": "7940457",
    "movie_id": "10402"
  },
  {
    "review": "토니옹이 감독한 2편까지가 진짜 베버리힐즈캅이다..3편은 아동물..",
    "date": "12.08.23",
    "rating": "10",
    "author": "gh75****",
    "review_id": "6637775",
    "movie_id": "10402"
  },
  {
    "review": "날로 먹네.",
    "date": "11.09.17",
    "rating": "4",
    "author": "tori****",
    "review_id": "5737891",
    "movie_id": "10402"
  },
  {
    "review": "스콧 감독이 메가폰을 잡아, 전편에 비해 블록버스터스런 액션과 영상미가 더해졌다.",
    "date": "11.09.13",
    "rating": "10",
    "author": "youe****",
    "review_id": "5727083",
    "movie_id": "10402"
  },
  {
    "review": "1편부터 음악하나만은 최고",
    "date": "11.05.19",
    "rating": "7",
    "author": "mais****",
    "review_id": "5435842",
    "movie_id": "10402"
  },
  {
    "review": "미흥행3위... 87년 전세계 흥행5위의 개본좌 속편.",
    "date": "10.02.27",
    "rating": "10",
    "author": "evil****",
    "review_id": "4320736",
    "movie_id": "10402"
  },
  {
    "review": "2편에서도 여전한 입담을 자랑하던 에디 머피! 이것두 과거 재밌게 봤다",
    "date": "09.04.18",
    "rating": "8",
    "author": "gall****",
    "review_id": "3427520",
    "movie_id": "10402"
  },
  {
    "review": "토니스콧꺼는 거의다 재밋다",
    "date": "08.11.05",
    "rating": "10",
    "author": "rnjs****",
    "review_id": "3036463",
    "movie_id": "10402"
  },
  {
    "review": "잼있게 봤음..",
    "date": "08.01.27",
    "rating": "10",
    "author": "inte****",
    "review_id": "2376044",
    "movie_id": "10402"
  },
  {
    "review": "토니스캇의 작품중에서도 잘 찾아보면 쓰레기영화 있다",
    "date": "07.11.04",
    "rating": "1",
    "author": "stra****",
    "review_id": "2132772",
    "movie_id": "10402"
  },
  {
    "review": "good",
    "date": "07.10.20",
    "rating": "3",
    "author": "cles****",
    "review_id": "2101458",
    "movie_id": "10402"
  },
  {
    "review": "가장 유쾌한 형사물을 꼽으라면 단연코 바로 이 씨리즈를 꼽겠다2",
    "date": "07.09.27",
    "rating": "10",
    "author": "baks****",
    "review_id": "2054089",
    "movie_id": "10402"
  },
  {
    "review": "스탤론 전처의 몸매 죽인다 전편에 버금가는 인기를 얻었다",
    "date": "07.06.11",
    "rating": "8",
    "author": "deff****",
    "review_id": "1696240",
    "movie_id": "10402"
  },
  {
    "review": "원맨쇼의 정도가 점점 심해진다",
    "date": "07.01.12",
    "rating": "3",
    "author": "nala****",
    "review_id": "1378446",
    "movie_id": "10402"
  },
  {
    "review": "평이",
    "date": "06.12.05",
    "rating": "3",
    "author": "ysuh****",
    "review_id": "1269691",
    "movie_id": "10402"
  },
  {
    "review": "이때의 에디 머피가 좋았는데",
    "date": "06.09.08",
    "rating": "7",
    "author": "pawr****",
    "review_id": "1111081",
    "movie_id": "10402"
  },
  {
    "review": "질리도록 많이본영화인데...더빙판은 대 실망",
    "date": "06.08.14",
    "rating": "8",
    "author": "bajj****",
    "review_id": "1031076",
    "movie_id": "10402"
  },
  {
    "review": "재미있게 봤다. 에디 머피의 입담이 즐거웠던 영화.",
    "date": "06.08.02",
    "rating": "9",
    "author": "vert****",
    "review_id": "956940",
    "movie_id": "10402"
  },
  {
    "review": "버디무비의 진수",
    "date": "05.12.25",
    "rating": "6",
    "author": "kws7****",
    "review_id": "527415",
    "movie_id": "10402"
  },
  {
    "review": "토니의 최악의 작품이라 할수있으며 액션도 엉성하다",
    "date": "05.05.19",
    "rating": "3",
    "author": "si2p****",
    "review_id": "280921",
    "movie_id": "10402"
  },
  {
    "review": "또 왔어? 그래도 웃기네.",
    "date": "05.05.17",
    "rating": "7",
    "author": "jcr3****",
    "review_id": "279634",
    "movie_id": "10402"
  },
  {
    "review": "그래도 재미있기에 10점",
    "date": "05.03.25",
    "rating": "10",
    "author": "puri****",
    "review_id": "246791",
    "movie_id": "10402"
  },
  {
    "review": "유치액션으로 초지일관",
    "date": "04.02.28",
    "rating": "4",
    "author": "cine****",
    "review_id": "25122",
    "movie_id": "10402"
  }
]