[
  {
    "review": "이런 장르가 별로 없으니까 정말 재미있소,리사 아일바허 이제는 60대겠구나....정말 이쁘다 내가 나이만 더 찼어도;;",
    "date": "15.07.19",
    "rating": "10",
    "author": "knag****",
    "review_id": "10119681",
    "movie_id": "10401"
  },
  {
    "review": "FX시리즈와 리쎌웨폰 ,48시간과 더불어 1980년대 캅스무비의걸작 해롤드 벨트마이어의 음악도 최고라고생각",
    "date": "15.07.06",
    "rating": "8",
    "author": "thra****",
    "review_id": "10074928",
    "movie_id": "10401"
  },
  {
    "review": "예전에 봤는데 진짜 재밌었다!",
    "date": "15.06.30",
    "rating": "10",
    "author": "jere****",
    "review_id": "10055376",
    "movie_id": "10401"
  },
  {
    "review": "에디머피의 입담.. 그리고 고지식한 경찰들에 대한 날카로운 풍자.. 무식하고 우스꽝스런 두 경찰과 그 위를 날라다니는 에디머피의 캐릭터가 굉장히 재미있게 연출된 점이 볼만..",
    "date": "15.04.13",
    "rating": "8",
    "author": "pola****",
    "review_id": "9844799",
    "movie_id": "10401"
  },
  {
    "review": "탄탄한 구성 및 에디 머피의 진지함은 왜 이 시리즈가 3편까지 나올 수 있었는지 알게 해준다.",
    "date": "15.03.08",
    "rating": "8",
    "author": "cont****",
    "review_id": "9767479",
    "movie_id": "10401"
  },
  {
    "review": "흥겨운 미디사운드의 OST로 떠올리는 추억의 헐리우드 오락물.",
    "date": "14.12.13",
    "rating": "6",
    "author": "tear****",
    "review_id": "9469270",
    "movie_id": "10401"
  },
  {
    "review": "이 영화는 몰라도 이 영화 OST는 다 알음",
    "date": "14.11.30",
    "rating": "10",
    "author": "deve****",
    "review_id": "9434364",
    "movie_id": "10401"
  },
  {
    "review": "이게 85년도 영화라고?! 지금 봐도 참신한 장면의 연속이고 유쾌한 영화다 개명작.",
    "date": "14.11.07",
    "rating": "10",
    "author": "jdud****",
    "review_id": "9352354",
    "movie_id": "10401"
  },
  {
    "review": "엑셀F 탄생만으로도 충분히 의미 있는 영화~!",
    "date": "14.10.12",
    "rating": "9",
    "author": "spar****",
    "review_id": "9287874",
    "movie_id": "10401"
  },
  {
    "review": "One of the Best Soundtrack of All Time",
    "date": "14.05.08",
    "rating": "7",
    "author": "expr****",
    "review_id": "8716901",
    "movie_id": "10401"
  },
  {
    "review": "추억의 에디 머피영화..  에디 머피식 코미디",
    "date": "14.03.23",
    "rating": "7",
    "author": "adiv****",
    "review_id": "8598244",
    "movie_id": "10401"
  },
  {
    "review": "30년전 영환데 지금 나오는거보다 재미있네.",
    "date": "14.01.01",
    "rating": "10",
    "author": "j2w0****",
    "review_id": "8332836",
    "movie_id": "10401"
  },
  {
    "review": "영화 자체가 별볼이이 없어? ㅋㅋ 14주연속 1위를한 영화인데 별볼일이 업다라 ㅋㅋㅋ 하긴 너처럼 영어 기본도 모르는 놈이 대충 자막이나 의존하니까 그럴수도 있겠네 ㅋㅋ",
    "date": "13.01.27",
    "rating": "8",
    "author": "zmzm****",
    "review_id": "7184529",
    "movie_id": "10401"
  },
  {
    "review": "오래되었지만  볼 만하고 음악도 좋고 에디머피의 시끄러운 입담은 보너스",
    "date": "12.10.14",
    "rating": "8",
    "author": "fait****",
    "review_id": "6799289",
    "movie_id": "10401"
  },
  {
    "review": "영화 자체야 사실 별 볼일 없지.",
    "date": "11.09.17",
    "rating": "5",
    "author": "tori****",
    "review_id": "5737390",
    "movie_id": "10401"
  },
  {
    "review": "에디 머피의 출세작. 극중 저지 레인홀드의 어리숙한 형사 캐릭터도 볼거리.",
    "date": "11.09.13",
    "rating": "10",
    "author": "youe****",
    "review_id": "5727076",
    "movie_id": "10401"
  },
  {
    "review": "즐거운 에디머피 코미디",
    "date": "11.05.19",
    "rating": "8",
    "author": "mais****",
    "review_id": "5435841",
    "movie_id": "10401"
  },
  {
    "review": "킬링타임 용 액션 코미디로서는 무난하다.",
    "date": "10.07.11",
    "rating": "6",
    "author": "stit****",
    "review_id": "4629104",
    "movie_id": "10401"
  },
  {
    "review": "이게뭐가명작이라고난리들인지 유치하기만하더만..다이하드,리썰웨폰이훨씬낳다",
    "date": "10.05.02",
    "rating": "4",
    "author": "ghrj****",
    "review_id": "4471240",
    "movie_id": "10401"
  },
  {
    "review": "에디 머피 형사의 유쾌한 좌충우돌 코믹쇼.",
    "date": "10.04.28",
    "rating": "7",
    "author": "team****",
    "review_id": "4460939",
    "movie_id": "10401"
  },
  {
    "review": "1, 2편은 에디머피 전성기때 나와서 그런지 개본좌 형사물",
    "date": "10.02.27",
    "rating": "10",
    "author": "evil****",
    "review_id": "4320729",
    "movie_id": "10401"
  },
  {
    "review": "가볍고 깔끔하다.",
    "date": "09.07.16",
    "rating": "9",
    "author": "jmp0****",
    "review_id": "3637182",
    "movie_id": "10401"
  },
  {
    "review": "수다쟁이 흑인형사 에디 머피의 매력이 철철 넘치던 수작 코믹 형사물..",
    "date": "09.04.18",
    "rating": "9",
    "author": "gall****",
    "review_id": "3427514",
    "movie_id": "10401"
  },
  {
    "review": "유쾌한형사물. 배경음악도 멋지다. AXEL F",
    "date": "09.02.04",
    "rating": "10",
    "author": "unre****",
    "review_id": "3276303",
    "movie_id": "10401"
  },
  {
    "review": "이런영화는 러쎌웨폰따위와 비교하지말아주시죠 러썰웨폰은 쓰레기",
    "date": "08.11.05",
    "rating": "10",
    "author": "rnjs****",
    "review_id": "3036464",
    "movie_id": "10401"
  },
  {
    "review": "옛날꺼 치고 걍 볼만한 코믹액션정도..",
    "date": "08.07.30",
    "rating": "8",
    "author": "2001****",
    "review_id": "2816221",
    "movie_id": "10401"
  },
  {
    "review": "떠벌이 흑인 캐릭터의 원조는 에디 머피?",
    "date": "08.03.23",
    "rating": "6",
    "author": "cube****",
    "review_id": "2537323",
    "movie_id": "10401"
  },
  {
    "review": "얄밉지 않은 떠벌이 흑인형사 탄생. 잡다하지 않고 깔끔함.",
    "date": "08.03.08",
    "rating": "8",
    "author": "bepl****",
    "review_id": "2510048",
    "movie_id": "10401"
  },
  {
    "review": "굿 넘 웃김 ㅎㅎㅎ",
    "date": "08.01.27",
    "rating": "10",
    "author": "inte****",
    "review_id": "2376033",
    "movie_id": "10401"
  },
  {
    "review": "혼자 북치고 장구치고 웃겨주기까지 하네",
    "date": "07.11.04",
    "rating": "7",
    "author": "stra****",
    "review_id": "2132769",
    "movie_id": "10401"
  },
  {
    "review": "very good !",
    "date": "07.10.20",
    "rating": "8",
    "author": "cles****",
    "review_id": "2101455",
    "movie_id": "10401"
  },
  {
    "review": "가장 유쾌한 형사물을 꼽으라면 이 영화를 꼽겠다",
    "date": "07.09.27",
    "rating": "10",
    "author": "baks****",
    "review_id": "2054139",
    "movie_id": "10401"
  },
  {
    "review": "역시 에디 머피",
    "date": "07.08.19",
    "rating": "10",
    "author": "kicc****",
    "review_id": "1961006",
    "movie_id": "10401"
  },
  {
    "review": "그를 전 세계에 알린 걸작 그때 인기는 하늘을 찔렀으니 음악도 굳",
    "date": "07.06.11",
    "rating": "9",
    "author": "deff****",
    "review_id": "1696237",
    "movie_id": "10401"
  },
  {
    "review": "에디머피팬들은 좋아할만한 작품 원맨쇼하고있다",
    "date": "07.01.12",
    "rating": "6",
    "author": "nala****",
    "review_id": "1378442",
    "movie_id": "10401"
  },
  {
    "review": "재밌어",
    "date": "06.12.27",
    "rating": "10",
    "author": "azaz****",
    "review_id": "1331791",
    "movie_id": "10401"
  },
  {
    "review": "웃겨",
    "date": "06.12.05",
    "rating": "8",
    "author": "ysuh****",
    "review_id": "1269686",
    "movie_id": "10401"
  },
  {
    "review": "에디 머피의 전성기",
    "date": "06.09.08",
    "rating": "8",
    "author": "pawr****",
    "review_id": "1111095",
    "movie_id": "10401"
  },
  {
    "review": "48시간 이후에 본 최고의 에디 머피 영화!",
    "date": "06.08.02",
    "rating": "10",
    "author": "vert****",
    "review_id": "956942",
    "movie_id": "10401"
  },
  {
    "review": "에디 머피의 쉴세없는 입담속에 펼쳐지는 아기자기한 액션.",
    "date": "06.08.01",
    "rating": "6",
    "author": "movi****",
    "review_id": "952065",
    "movie_id": "10401"
  },
  {
    "review": "리셀웨폰보다 낫다..",
    "date": "06.07.30",
    "rating": "10",
    "author": "src5****",
    "review_id": "943399",
    "movie_id": "10401"
  },
  {
    "review": "에디 머피 좋아",
    "date": "06.05.28",
    "rating": "10",
    "author": "zeed****",
    "review_id": "819236",
    "movie_id": "10401"
  },
  {
    "review": "싸이가 챔피언만 안망쳐놨어도 ㅡㅡ;;",
    "date": "06.01.14",
    "rating": "8",
    "author": "myja****",
    "review_id": "587989",
    "movie_id": "10401"
  },
  {
    "review": "그다지.....",
    "date": "06.01.01",
    "rating": "6",
    "author": "yasi****",
    "review_id": "550239",
    "movie_id": "10401"
  },
  {
    "review": "싸이의 참피언 음악의 효시",
    "date": "05.12.25",
    "rating": "7",
    "author": "kws7****",
    "review_id": "527414",
    "movie_id": "10401"
  },
  {
    "review": "에디의 말투 정말 최고 웃김",
    "date": "05.12.22",
    "rating": "10",
    "author": "dltq****",
    "review_id": "521281",
    "movie_id": "10401"
  },
  {
    "review": "에디가 아니었으면 그누가 이 역활을 할수있었겠는가?",
    "date": "05.05.19",
    "rating": "6",
    "author": "si2p****",
    "review_id": "280914",
    "movie_id": "10401"
  },
  {
    "review": "초 웃긴 코미디 경찰, 에디.",
    "date": "05.05.17",
    "rating": "8",
    "author": "jcr3****",
    "review_id": "279633",
    "movie_id": "10401"
  },
  {
    "review": "그래도 속편보다 낫다!",
    "date": "05.03.25",
    "rating": "10",
    "author": "puri****",
    "review_id": "246792",
    "movie_id": "10401"
  },
  {
    "review": "빰빠 빰빠빰빠~영화 내내 흘러나오는 음악을 잊을 수 없다",
    "date": "05.02.22",
    "rating": "7",
    "author": "kimj****",
    "review_id": "227741",
    "movie_id": "10401"
  },
  {
    "review": "수다쟁이 에디머피의 재치있는 원맨쇼",
    "date": "04.02.28",
    "rating": "7",
    "author": "cine****",
    "review_id": "25121",
    "movie_id": "10401"
  },
  {
    "review": "구성이 헐렁하지만, 기발한 장면의 연속 덕에 매우 특별하다",
    "date": "03.12.04",
    "rating": "8",
    "author": "tdol****",
    "review_id": "1133",
    "movie_id": "10401"
  }
]