[
  {
    "review": "이  영화를  두고  특수효과를  얘기하는  것은  무의미.  스토리와  캐릭터  그리고  알란파슨스의  사운드트랙.  더할 나위 없는 아름다운 판타지 .",
    "date": "15.07.24",
    "rating": "10",
    "author": "grim****",
    "review_id": "10136822",
    "movie_id": "10412"
  },
  {
    "review": "롯거하우어.. 멋있는 배우.",
    "date": "15.05.04",
    "rating": "9",
    "author": "erro****",
    "review_id": "9892723",
    "movie_id": "10412"
  },
  {
    "review": "잊고 있었던 정말 보석같은 영화",
    "date": "14.02.01",
    "rating": "10",
    "author": "braa****",
    "review_id": "8462489",
    "movie_id": "10412"
  },
  {
    "review": "후진 뮤직비디오를 연상케하는, 깨는 오프닝부터 수상했다.마법의 시대 중세에 어울리지 않는 밴드 음악은 모든 영화음악중 최악이다. 자기가 실패하면 매를 죽이라는 비문화-독단적 잔인함은 뭐냐.단지 미셀파이퍼 처음 등장시 푸른빛 두건의 신비함만이 최고인듯.",
    "date": "13.08.17",
    "rating": "4",
    "author": "acin****",
    "review_id": "7892901",
    "movie_id": "10412"
  },
  {
    "review": "이 영화가 내용이 없다고 ? 장님인가 ?",
    "date": "13.08.13",
    "rating": "10",
    "author": "kimd****",
    "review_id": "7876111",
    "movie_id": "10412"
  },
  {
    "review": "감동도 있고 재미도 있고!!!! ㅎ 볼만합니당 ~",
    "date": "13.07.24",
    "rating": "8",
    "author": "dldl****",
    "review_id": "7780937",
    "movie_id": "10412"
  },
  {
    "review": "지금 당신들이 아무리 시대를 감안 한다고 얘기 하지만 과연 객관적인 감안이가낭할까 당시대 최고 중세 판타지 영화중 하나",
    "date": "13.06.17",
    "rating": "10",
    "author": "dism****",
    "review_id": "7652351",
    "movie_id": "10412"
  },
  {
    "review": "유치했지만 80년도에 나온 영화라고 생각한다면 괜찮았다. 생쥐의 역할이 참 매력적.",
    "date": "13.04.07",
    "rating": "6",
    "author": "cinn****",
    "review_id": "7442336",
    "movie_id": "10412"
  },
  {
    "review": "허접한 연출은 아니었지만 볼 게 없다",
    "date": "13.03.01",
    "rating": "4",
    "author": "cont****",
    "review_id": "7311814",
    "movie_id": "10412"
  },
  {
    "review": "플래시 효과, 섬광빛으로 애절하고 아름다운 사랑을 잘표현하고  카메라 시각적 효과로 어떤 형태로든 사랑 할 수 있다는걸 보여준다. 이것을 시각적으로 표현하는 것이 영 힘든게 아닌데 정말 대단하다. 하지만 일렉트로릭 사운드가 뭐냐? 이건 정말 화가났음",
    "date": "12.10.24",
    "rating": "8",
    "author": "chan****",
    "review_id": "6824511",
    "movie_id": "10412"
  },
  {
    "review": "혹평하는 사람들 이해할 수 없다. 굉장히 재밌는 중세 판타지 영화였다. 은근히 애절하기도 하고 발상도 참신했음.  재미난 판타지 소설 한 편 읽은 느낌. 진짜 소설로 만들어도 재밌을 거 같다.",
    "date": "12.10.08",
    "rating": "9",
    "author": "psy9****",
    "review_id": "6772262",
    "movie_id": "10412"
  },
  {
    "review": "옛이야기와 로맨스  패션도좋구 근데주인공분량이 ㅜㅜ난 우리주인공얼굴을더보고싶었는데 매랑늑대가넘많이나와",
    "date": "12.10.07",
    "rating": "9",
    "author": "lake****",
    "review_id": "6768818",
    "movie_id": "10412"
  },
  {
    "review": "재밋쪙",
    "date": "12.10.07",
    "rating": "10",
    "author": "jiye****",
    "review_id": "6768805",
    "movie_id": "10412"
  },
  {
    "review": "판타지물로 볼거리도 거의 없고 영...부족한 느낌...지루하기만하다",
    "date": "12.06.20",
    "rating": "3",
    "author": "egyp****",
    "review_id": "6403990",
    "movie_id": "10412"
  },
  {
    "review": "서부극을 보는 듯한 독특함과 사랑의 아련함을 극명하게 그림.",
    "date": "11.10.20",
    "rating": "7",
    "author": "befo****",
    "review_id": "5798353",
    "movie_id": "10412"
  },
  {
    "review": "영화적으로 5~6점이 적당. 그러나 이런 LOVE스토리 좋아해서 2점 더 추가.",
    "date": "11.10.11",
    "rating": "7",
    "author": "yeah****",
    "review_id": "5782757",
    "movie_id": "10412"
  },
  {
    "review": "배우들 옛날 모습 보는거 말고는 볼게 없다",
    "date": "11.10.09",
    "rating": "5",
    "author": "kimg****",
    "review_id": "5779955",
    "movie_id": "10412"
  },
  {
    "review": "그냥 괜찮네요..",
    "date": "11.10.09",
    "rating": "7",
    "author": "jojo****",
    "review_id": "5779770",
    "movie_id": "10412"
  },
  {
    "review": "개인적인 관짐이지만 완전 음악X 주교연기X 85년도작이라도 이건 좀 아니다 싶음....",
    "date": "10.10.15",
    "rating": "3",
    "author": "undo****",
    "review_id": "4903427",
    "movie_id": "10412"
  },
  {
    "review": "다른건 필요없다 난 81년생이다...kbs에서 어릴적 보았다...잊을 수 가 없다",
    "date": "10.09.03",
    "rating": "10",
    "author": "hahm****",
    "review_id": "4813078",
    "movie_id": "10412"
  },
  {
    "review": "룻거하우어 정말 멋지게 나온영화! 요즘 왜케 망가졌니?; 룻거ㅋㅋㅋ",
    "date": "10.05.26",
    "rating": "10",
    "author": "yjpo****",
    "review_id": "4525121",
    "movie_id": "10412"
  },
  {
    "review": "가슴찡한 여운이 20년 세월을 훌쩍 넘겨도 남아 있는 영화입니다.",
    "date": "09.11.03",
    "rating": "10",
    "author": "jaun****",
    "review_id": "3935569",
    "movie_id": "10412"
  },
  {
    "review": "재미있는 동화, 하지만 어른을 위한 동화는 아니다.",
    "date": "09.10.29",
    "rating": "6",
    "author": "ard2****",
    "review_id": "3923256",
    "movie_id": "10412"
  },
  {
    "review": "어릴때 본 영화가 20여년이 지난후에도 잊혀지지 않아 검색했더니 '레이디호크'였다.",
    "date": "09.07.05",
    "rating": "10",
    "author": "woo7****",
    "review_id": "3611276",
    "movie_id": "10412"
  },
  {
    "review": "이런 장르로서는 상당히 볼만 합니다.",
    "date": "09.04.17",
    "rating": "8",
    "author": "vbnm****",
    "review_id": "3425507",
    "movie_id": "10412"
  },
  {
    "review": "마지막 장면에서의 그 쌈마이스러움이란. 그리고 브로데릭은 사극에서까지 양키 티를.",
    "date": "08.12.09",
    "rating": "4",
    "author": "comb****",
    "review_id": "3103838",
    "movie_id": "10412"
  },
  {
    "review": "생각을해봐 우리가상상치도못한스토리와영상을85년도에만들어냈다는걸",
    "date": "08.10.28",
    "rating": "10",
    "author": "like****",
    "review_id": "3024306",
    "movie_id": "10412"
  },
  {
    "review": "마지막 30분정도가 압권이다.. 그러나 서두가 너무 길었다.",
    "date": "08.07.10",
    "rating": "7",
    "author": "pola****",
    "review_id": "2752230",
    "movie_id": "10412"
  },
  {
    "review": "진부하고 시시한게 좀 흠이지만..이당시면 잘만들었다",
    "date": "07.11.06",
    "rating": "7",
    "author": "hurr****",
    "review_id": "2136765",
    "movie_id": "10412"
  },
  {
    "review": "초딩때 언니네학교단체관람 따라가서 얼마나 울면서 나왔던지..ㅠ.ㅜ;;;",
    "date": "07.09.29",
    "rating": "10",
    "author": "bebe****",
    "review_id": "2058941",
    "movie_id": "10412"
  },
  {
    "review": "동화와 전설, 사랑과 희생 아름다움이 어울어진 최고의 판타지!",
    "date": "07.09.26",
    "rating": "10",
    "author": "rmsg****",
    "review_id": "2050931",
    "movie_id": "10412"
  },
  {
    "review": "스타더스트보다 100배쯤 재미있다",
    "date": "07.09.23",
    "rating": "9",
    "author": "baks****",
    "review_id": "2040779",
    "movie_id": "10412"
  },
  {
    "review": "예전 별생각없이 우연히 TV로봤는데..며칠간 아른아른거렸음",
    "date": "07.07.27",
    "rating": "10",
    "author": "cjw2****",
    "review_id": "1814064",
    "movie_id": "10412"
  },
  {
    "review": "수상경력만으로 이영화를 평가하지 말라!",
    "date": "07.05.14",
    "rating": "10",
    "author": "btmo****",
    "review_id": "1637561",
    "movie_id": "10412"
  },
  {
    "review": "오 마이갓 ~",
    "date": "06.12.29",
    "rating": "1",
    "author": "bbul****",
    "review_id": "1338041",
    "movie_id": "10412"
  },
  {
    "review": "지금보면 뻔할 수 있지만 역시 그런게환타지의 매력",
    "date": "06.11.21",
    "rating": "9",
    "author": "nanu****",
    "review_id": "1244129",
    "movie_id": "10412"
  },
  {
    "review": "멋진걸",
    "date": "06.08.05",
    "rating": "10",
    "author": "zeed****",
    "review_id": "971158",
    "movie_id": "10412"
  },
  {
    "review": "학교에서 단체관람은 영화. 내용은 잘 기억이 안나지만.",
    "date": "06.06.29",
    "rating": "7",
    "author": "park****",
    "review_id": "863086",
    "movie_id": "10412"
  },
  {
    "review": "굿!!!!!!!!!!!!!!!!!!!!!!!!!!!!!!!!!",
    "date": "06.01.15",
    "rating": "10",
    "author": "yuji****",
    "review_id": "591136",
    "movie_id": "10412"
  },
  {
    "review": "미셸 파이퍼는 정말 눈부신 백치미의 아름다움 그자체였다.",
    "date": "05.12.11",
    "rating": "10",
    "author": "cher****",
    "review_id": "500126",
    "movie_id": "10412"
  },
  {
    "review": "룻거의 영화는 하늘빛이 멋지다..감성이 묻어남",
    "date": "05.09.14",
    "rating": "9",
    "author": "lazy****",
    "review_id": "405402",
    "movie_id": "10412"
  },
  {
    "review": "너무 감동적인 영화.아름다운 영상미..최고!",
    "date": "05.08.06",
    "rating": "10",
    "author": "hawk****",
    "review_id": "354805",
    "movie_id": "10412"
  },
  {
    "review": "룻거 하우어 이때 진짜 멋있었는데...",
    "date": "05.07.23",
    "rating": "10",
    "author": "myca****",
    "review_id": "330646",
    "movie_id": "10412"
  },
  {
    "review": "분위기와 영상미,음악,미셸파이퍼의신비스런매력이 돋보인 영화~",
    "date": "05.07.11",
    "rating": "10",
    "author": "haem****",
    "review_id": "319271",
    "movie_id": "10412"
  },
  {
    "review": "..묘한 분위기와 잘어울리는 이야기..",
    "date": "05.06.18",
    "rating": "10",
    "author": "doom****",
    "review_id": "301600",
    "movie_id": "10412"
  },
  {
    "review": "줄거리는 단순, 몽환적 환타지로 가득한...",
    "date": "05.05.22",
    "rating": "6",
    "author": "hadl****",
    "review_id": "283868",
    "movie_id": "10412"
  },
  {
    "review": "저도 매튜브로데릭이 인상적이었어요",
    "date": "04.10.31",
    "rating": "5",
    "author": "icoc****",
    "review_id": "136070",
    "movie_id": "10412"
  },
  {
    "review": "동안의 매튜 브로데릭, 미쉘파이퍼의 신비로움만 기억에 가득",
    "date": "04.07.15",
    "rating": "3",
    "author": "yubb****",
    "review_id": "71123",
    "movie_id": "10412"
  },
  {
    "review": "영화는 전체적으로 공허하지만, 영상,음악 등의 스타일이 매력이다.",
    "date": "03.12.04",
    "rating": "7",
    "author": "tdol****",
    "review_id": "1137",
    "movie_id": "10412"
  }
]