[
  {
    "review": "데이지와 호크의 깊이있는 관계는 느낄 수가 없었다. 관계 연출 방식이 틀려먹은 영화.",
    "date": "15.05.08",
    "rating": "5",
    "author": "dpdj****",
    "review_id": "9902856",
    "movie_id": "10410"
  },
  {
    "review": "나이먹어 다시 찾아보고 싶네요..",
    "date": "15.04.01",
    "rating": "10",
    "author": "rees****",
    "review_id": "9819448",
    "movie_id": "10410"
  },
  {
    "review": "대학시절 극장에서 처음  보았을 때 감동을 잊을  수가 없었다. 시간이 많이 지난 후에 다시 보아도 내가  왜 이 영화를 그토록 좋아하는지 볼 때마다 깨닫게 되곤 한다. 내용도 좋고 영상도 아름답고 두 배우의 연기는 더욱 좋았다. 평점을 보고 놀라서",
    "date": "15.02.21",
    "rating": "10",
    "author": "hyes****",
    "review_id": "9721124",
    "movie_id": "10410"
  },
  {
    "review": "잔잔하지만 담고있는 메시지는 정말 묵직하고, 감동적이다. 아직까지 듣고 있는 한스짐머의 음악도 훌륭함. 안타까운건 제시카 탠디 여사가 지금은 다시 볼 수 없는 곳으로 가셨다는 것 .. 아들 불리 역할을 맡은 댄 애크로이드도 상당히 늙었던데, 세월이 참",
    "date": "14.06.10",
    "rating": "9",
    "author": "macc****",
    "review_id": "8819000",
    "movie_id": "10410"
  },
  {
    "review": "시간이 너무 휙휙 지나간다. 좀 설명을 좀 해주던가",
    "date": "14.05.22",
    "rating": "7",
    "author": "ykdi****",
    "review_id": "8755580",
    "movie_id": "10410"
  },
  {
    "review": "영화 보는 내내 여주 할머니가 참 곱게 늙으셨다고 느꼈다.",
    "date": "14.05.06",
    "rating": "10",
    "author": "mara****",
    "review_id": "8708994",
    "movie_id": "10410"
  },
  {
    "review": "정말 아름다운 영화..",
    "date": "14.04.24",
    "rating": "10",
    "author": "mool****",
    "review_id": "8669645",
    "movie_id": "10410"
  },
  {
    "review": "인종과 편견,신분을 초월한 운전사와 까칠한 주인 할머니의 우정을 잘 그려낸것 같다",
    "date": "14.02.02",
    "rating": "7",
    "author": "ehwj****",
    "review_id": "8468640",
    "movie_id": "10410"
  },
  {
    "review": "신분의 귀천을 떠나 ...사람은 같은 동등한 감정을 가지고 있음을..자라온 환경이 다르더라도 그들이 가지고 있는 진심은 통한다는것..그것이 인간이 가지고 있는 장점이 아닐까 한다.울 엄니가 생각나게 하는 작품이네요...",
    "date": "13.10.15",
    "rating": "7",
    "author": "irul****",
    "review_id": "8062406",
    "movie_id": "10410"
  },
  {
    "review": "아주 잔잔한 영화구만...",
    "date": "13.10.15",
    "rating": "5",
    "author": "dbzh****",
    "review_id": "8061043",
    "movie_id": "10410"
  },
  {
    "review": "오랜만에 참 훈훈한 두 사람의 이야기를 본다, 개인적으로 바그다드 카페보다 훨씬 좋았다",
    "date": "13.09.28",
    "rating": "7",
    "author": "yols****",
    "review_id": "8019637",
    "movie_id": "10410"
  },
  {
    "review": "신분, 인종, 종교 등 사회적으로 그어져 있는 무형의 벽을 넘어, 그저 인간으로서 그리고 친구로서 늙어가는 데이지 할머니와 호크 할아버지의 가슴 따뜻한 이야기.. 열 번도 넘게 봤지만.. 볼 때마다 좋은 영화..",
    "date": "13.08.12",
    "rating": "10",
    "author": "kiwi****",
    "review_id": "7872709",
    "movie_id": "10410"
  },
  {
    "review": "[아카데미]1990년62회 작품,여우주연,각색,분장 4개부문수상작.고집이세고자존심 강한70세넘은노인이자동차사고를내서흑인운전사를고용하면서둘의관계가운전사의따듯한마음과정성으로 고집불통인할머니도점차마음을열고그를받아들인다는내용이다.휴머니즘이가득한따듯한영화이다.",
    "date": "13.04.25",
    "rating": "9",
    "author": "new7****",
    "review_id": "7479270",
    "movie_id": "10410"
  },
  {
    "review": "최고의 연기",
    "date": "13.03.31",
    "rating": "10",
    "author": "lsh5****",
    "review_id": "7426635",
    "movie_id": "10410"
  },
  {
    "review": "괴팍스런 그녀와 우직한 그의 따뜻한 이야기",
    "date": "13.02.17",
    "rating": "9",
    "author": "seri****",
    "review_id": "7273838",
    "movie_id": "10410"
  },
  {
    "review": "배우들의 연기력이 돋보이는 수작",
    "date": "12.12.18",
    "rating": "8",
    "author": "sinb****",
    "review_id": "7014846",
    "movie_id": "10410"
  },
  {
    "review": "별점조정",
    "date": "12.12.14",
    "rating": "10",
    "author": "karl****",
    "review_id": "7000376",
    "movie_id": "10410"
  },
  {
    "review": "인종, 성별, 나이를 뛰어넘은 진정한친구. 영원함을 보여주는 엔딩도 정말 마음에든다... 훈훈하다!",
    "date": "12.11.08",
    "rating": "10",
    "author": "lana****",
    "review_id": "6865747",
    "movie_id": "10410"
  },
  {
    "review": "후라이드그린토마토와함께  내인생최고의영화",
    "date": "12.10.18",
    "rating": "10",
    "author": "suni****",
    "review_id": "6809380",
    "movie_id": "10410"
  },
  {
    "review": "너무 너무 좋았던영화...",
    "date": "12.08.21",
    "rating": "10",
    "author": "mcka****",
    "review_id": "6633257",
    "movie_id": "10410"
  },
  {
    "review": "영화 자체가 참 평화롭고 잔잔한 느낌이 좋네요.",
    "date": "12.07.23",
    "rating": "9",
    "author": "scif****",
    "review_id": "6521238",
    "movie_id": "10410"
  },
  {
    "review": "맙소사 이영화가 8점대...",
    "date": "12.06.25",
    "rating": "10",
    "author": "ledp****",
    "review_id": "6414301",
    "movie_id": "10410"
  },
  {
    "review": "맙쏘싸쏘싸쎄미쏫싸 이런 명화가 8.75??  하긴 한국이 대단한 나라 라는걸 생각몬햇군",
    "date": "12.05.21",
    "rating": "10",
    "author": "juxt****",
    "review_id": "6319622",
    "movie_id": "10410"
  },
  {
    "review": "다시한번봐도 잔잔한 감동이 느껴지네요 따뜻한 영상이 마음에 듭니다~",
    "date": "12.03.30",
    "rating": "10",
    "author": "ejmj****",
    "review_id": "6179582",
    "movie_id": "10410"
  },
  {
    "review": "흐르는 강물을 생각했다. 굉음, 현란한 액션이 없어도 그 이상의 인상이 남았다.",
    "date": "12.03.28",
    "rating": "10",
    "author": "artp****",
    "review_id": "6174642",
    "movie_id": "10410"
  },
  {
    "review": "친구란 함께 늙어가는것...",
    "date": "12.03.26",
    "rating": "10",
    "author": "ooop****",
    "review_id": "6170487",
    "movie_id": "10410"
  },
  {
    "review": "이런 영화 참 좋다.....",
    "date": "11.12.15",
    "rating": "8",
    "author": "lene****",
    "review_id": "5907160",
    "movie_id": "10410"
  },
  {
    "review": "별 내용 없고 헐거워서 맘에 들었다..",
    "date": "11.09.25",
    "rating": "9",
    "author": "tn99****",
    "review_id": "5752315",
    "movie_id": "10410"
  },
  {
    "review": "흑백문제를 잘 포장해서 오스카의 입맛에 맞게 풀어낸 그저그런...",
    "date": "11.06.05",
    "rating": "6",
    "author": "twot****",
    "review_id": "5465861",
    "movie_id": "10410"
  },
  {
    "review": "액션, 특수효과,젊은배우 없이도 매력과 감동이 넘치는 영화",
    "date": "11.05.18",
    "rating": "9",
    "author": "brav****",
    "review_id": "5435147",
    "movie_id": "10410"
  },
  {
    "review": "따뜻하게 봤어요. 잔잔하게 여운이 오래가요.",
    "date": "11.02.25",
    "rating": "10",
    "author": "lemo****",
    "review_id": "5273671",
    "movie_id": "10410"
  },
  {
    "review": "뻔한스토리지만 잔잔한 감동",
    "date": "11.01.25",
    "rating": "7",
    "author": "love****",
    "review_id": "5183896",
    "movie_id": "10410"
  },
  {
    "review": "요즘같지않은 영화다 잔잔한 감동이 가실줄을 모른다. 대단하다",
    "date": "11.01.22",
    "rating": "10",
    "author": "kjh7****",
    "review_id": "5175212",
    "movie_id": "10410"
  },
  {
    "review": "특별한 감동없이도 따뜻하기만한 영화. 그리고 앞으로의 내인생도 생각해보게 하는..",
    "date": "10.12.13",
    "rating": "8",
    "author": "gkag****",
    "review_id": "5051732",
    "movie_id": "10410"
  },
  {
    "review": "잔잔하지만 감동적이고 흐뭇한 영화",
    "date": "10.10.09",
    "rating": "10",
    "author": "mais****",
    "review_id": "4894002",
    "movie_id": "10410"
  },
  {
    "review": "마님과 기사의 훈훈한 우정.",
    "date": "10.09.07",
    "rating": "5",
    "author": "wlfa****",
    "review_id": "4822519",
    "movie_id": "10410"
  },
  {
    "review": "막장이지만 액션은 볼만함",
    "date": "10.07.29",
    "rating": "4",
    "author": "dnst****",
    "review_id": "4683529",
    "movie_id": "10410"
  },
  {
    "review": "drs2pac1 이영화자체가공식이되었겠지 20년뒤에보면서 공식대로시시한이라 평가하는건",
    "date": "10.07.13",
    "rating": "10",
    "author": "blue****",
    "review_id": "4635045",
    "movie_id": "10410"
  },
  {
    "review": "치고 박고 스토리없는 영화보단 낫다",
    "date": "10.06.25",
    "rating": "8",
    "author": "skps****",
    "review_id": "4590639",
    "movie_id": "10410"
  },
  {
    "review": "아카데미 작품상에 걸맞게, 교조적이며 '공식'대로만 굴러 간, '시시한' 미국영화.",
    "date": "10.06.16",
    "rating": "4",
    "author": "drs2****",
    "review_id": "4570321",
    "movie_id": "10410"
  },
  {
    "review": "다시보고픈영화.너무나 삭막한 한국에서 이런영화가 많이 만들어야 하는데[",
    "date": "10.06.08",
    "rating": "10",
    "author": "jgy5****",
    "review_id": "4553025",
    "movie_id": "10410"
  },
  {
    "review": "20년이 지났지만 여전히 따뜻하다",
    "date": "10.01.13",
    "rating": "8",
    "author": "bbq2****",
    "review_id": "4164973",
    "movie_id": "10410"
  },
  {
    "review": "두 노장이 만든 감동적인 영화",
    "date": "10.01.03",
    "rating": "9",
    "author": "mych****",
    "review_id": "4127530",
    "movie_id": "10410"
  },
  {
    "review": "별난 할머니의 고집고치기! 탠디의 노장 연기가 돋보인다",
    "date": "09.12.25",
    "rating": "8",
    "author": "si2p****",
    "review_id": "4082026",
    "movie_id": "10410"
  },
  {
    "review": "잔잔하면서 모건프리먼의 연기가 독보였던 영화~",
    "date": "09.09.13",
    "rating": "8",
    "author": "milk****",
    "review_id": "3827576",
    "movie_id": "10410"
  },
  {
    "review": "시간이 금방 가네. 인생의 끝자락에서 만난 베스트 프렌드와의 아름다운 황혼...",
    "date": "09.08.29",
    "rating": "10",
    "author": "coba****",
    "review_id": "3795116",
    "movie_id": "10410"
  },
  {
    "review": "괜찬았다호크와데이지의대사들이참귀엽고재밌었다.그러나지루하게느껴질수도있는얘기",
    "date": "09.07.07",
    "rating": "6",
    "author": "shin****",
    "review_id": "3615707",
    "movie_id": "10410"
  },
  {
    "review": "흑과 백, 남과 여의 장벽을 허물고 더불어 친구가 되다.",
    "date": "09.05.22",
    "rating": "6",
    "author": "hany****",
    "review_id": "3514171",
    "movie_id": "10410"
  },
  {
    "review": "훈훈하긴 한대 지루한건 사실",
    "date": "09.05.21",
    "rating": "7",
    "author": "ck02****",
    "review_id": "3509797",
    "movie_id": "10410"
  },
  {
    "review": "두 배우의 연기가 잊혀지지 않는다",
    "date": "09.05.12",
    "rating": "7",
    "author": "hjki****",
    "review_id": "3491409",
    "movie_id": "10410"
  },
  {
    "review": "맘속의 뭔가 일렁이고 미소가 드리워지는 영화",
    "date": "09.04.18",
    "rating": "10",
    "author": "kims****",
    "review_id": "3426913",
    "movie_id": "10410"
  },
  {
    "review": "선물하면서 절대 선물 아니라고 우기는 사랑스런 할머니. ^^",
    "date": "09.01.05",
    "rating": "10",
    "author": "free****",
    "review_id": "3195281",
    "movie_id": "10410"
  },
  {
    "review": "내가 좋아하는 영화...",
    "date": "08.12.22",
    "rating": "10",
    "author": "fura****",
    "review_id": "3138539",
    "movie_id": "10410"
  },
  {
    "review": "세심하게 공들인 화면에 비해 이야기는 흐릿. 이것저것 맛은 보여주려는 건 같은데..",
    "date": "08.12.21",
    "rating": "5",
    "author": "kkot****",
    "review_id": "3135207",
    "movie_id": "10410"
  },
  {
    "review": "말이 필요없다.",
    "date": "08.12.15",
    "rating": "10",
    "author": "pth3****",
    "review_id": "3120052",
    "movie_id": "10410"
  },
  {
    "review": "정말감동받았습니다.",
    "date": "08.12.13",
    "rating": "10",
    "author": "kang****",
    "review_id": "3113327",
    "movie_id": "10410"
  },
  {
    "review": "두노인이 선사하는 잔잔한 감동",
    "date": "08.12.12",
    "rating": "9",
    "author": "nwit****",
    "review_id": "3111035",
    "movie_id": "10410"
  },
  {
    "review": "차이와 존중, 그리고 그 열매를 맺어가는 인내의 과정을 그리는 명화",
    "date": "08.11.18",
    "rating": "10",
    "author": "0070****",
    "review_id": "3057593",
    "movie_id": "10410"
  },
  {
    "review": "잔잔함 속에 많은것을 내포하고있는.. 그러나 지루한 감은 어쩔수 없다..",
    "date": "08.10.06",
    "rating": "8",
    "author": "o0ri****",
    "review_id": "2986215",
    "movie_id": "10410"
  },
  {
    "review": "진정한 인생의 동반자로서의 두 분이 부럽습니다.",
    "date": "08.09.02",
    "rating": "9",
    "author": "ummm****",
    "review_id": "2917590",
    "movie_id": "10410"
  },
  {
    "review": "우정에 대한 영화, 두 장면에서 감동적",
    "date": "08.06.19",
    "rating": "8",
    "author": "make****",
    "review_id": "2706659",
    "movie_id": "10410"
  },
  {
    "review": "여러므로 공감가는 장면들이 많다. 섬세한 촬영에, 깊은 뜻을 품고있는 아름다운 영화",
    "date": "08.05.18",
    "rating": "10",
    "author": "pola****",
    "review_id": "2649727",
    "movie_id": "10410"
  },
  {
    "review": "평범한 전개에.. 숨은 의미들이 참 많다.. 작품상 받은 이유를 알겠다..",
    "date": "08.04.16",
    "rating": "10",
    "author": "dj16****",
    "review_id": "2584091",
    "movie_id": "10410"
  },
  {
    "review": "잘~~~만들었다",
    "date": "08.04.16",
    "rating": "8",
    "author": "drd1****",
    "review_id": "2583513",
    "movie_id": "10410"
  },
  {
    "review": "이런 인종과 사회적 위치를 초월한 우정이 인상적인건 왜일까? 나른 반성하게함",
    "date": "08.04.09",
    "rating": "10",
    "author": "robo****",
    "review_id": "2571056",
    "movie_id": "10410"
  },
  {
    "review": "잔잔하고 아름답지만 약간 지루하다고 생각됩니다.........",
    "date": "08.03.30",
    "rating": "7",
    "author": "love****",
    "review_id": "2549937",
    "movie_id": "10410"
  },
  {
    "review": "백인 주인 할머니와 흑인 운전기사가 미운정 붙는 사람사는 얘기",
    "date": "08.03.21",
    "rating": "9",
    "author": "roam****",
    "review_id": "2533009",
    "movie_id": "10410"
  },
  {
    "review": "아..왜 이제서야 봤지? 이런 명작을...",
    "date": "08.03.19",
    "rating": "10",
    "author": "ripl****",
    "review_id": "2529531",
    "movie_id": "10410"
  },
  {
    "review": "최고로 잔잔하다. 초저예산영화. 약간 따분함도 있다.",
    "date": "08.02.17",
    "rating": "8",
    "author": "toug****",
    "review_id": "2454135",
    "movie_id": "10410"
  },
  {
    "review": "정말 좋네요^^",
    "date": "08.01.01",
    "rating": "9",
    "author": "warb****",
    "review_id": "2288280",
    "movie_id": "10410"
  },
  {
    "review": "무료한날 단비같은 편안한 영화.. 흑백차별까지 내재된 감동 명화",
    "date": "07.07.13",
    "rating": "8",
    "author": "paci****",
    "review_id": "1772328",
    "movie_id": "10410"
  },
  {
    "review": "언제나 흐트러지지않는 모간프리먼의 연기 존경받고 싶다",
    "date": "07.05.19",
    "rating": "10",
    "author": "dkdb****",
    "review_id": "1646837",
    "movie_id": "10410"
  },
  {
    "review": "장르가 왜 코미디지-_-; 하여간 잔잔한 영화",
    "date": "07.05.05",
    "rating": "10",
    "author": "drea****",
    "review_id": "1620830",
    "movie_id": "10410"
  },
  {
    "review": "우정... 아름다운 이야기..",
    "date": "07.04.20",
    "rating": "10",
    "author": "p352****",
    "review_id": "1596413",
    "movie_id": "10410"
  },
  {
    "review": "노인들의 잔잔한 이야기.",
    "date": "07.03.29",
    "rating": "8",
    "author": "shdu****",
    "review_id": "1561635",
    "movie_id": "10410"
  },
  {
    "review": "외로움과 진지함이 가득전해진다..공감각의 경험",
    "date": "07.03.20",
    "rating": "9",
    "author": "dcap****",
    "review_id": "1544712",
    "movie_id": "10410"
  },
  {
    "review": "우정은 순간이 피게 하는 꽃이며 시간이 익게 하는 과실이다.",
    "date": "07.03.14",
    "rating": "6",
    "author": "down****",
    "review_id": "1533460",
    "movie_id": "10410"
  },
  {
    "review": "내가 늙으면 데이지여사랑 똑같아지겠군. 딱 저만큼만 늙어갔으면.",
    "date": "07.03.09",
    "rating": "7",
    "author": "hadl****",
    "review_id": "1525878",
    "movie_id": "10410"
  },
  {
    "review": "후 왜 이영화본사람이 이렇게 적을까 아쉽다..모건프리먼 최고의연기..",
    "date": "07.02.15",
    "rating": "10",
    "author": "gamb****",
    "review_id": "1473048",
    "movie_id": "10410"
  },
  {
    "review": "잔잔한감동 ..근데사랑의블랙홀을너무들하는군",
    "date": "07.02.12",
    "rating": "8",
    "author": "khtm****",
    "review_id": "1465459",
    "movie_id": "10410"
  },
  {
    "review": "전혀 오래되지 않은 것 같은 영화. 감동적.",
    "date": "07.01.17",
    "rating": "10",
    "author": "yhkl****",
    "review_id": "1391816",
    "movie_id": "10410"
  },
  {
    "review": "잔잔하면서도 감동을 주는 영화 다시 보고싶다",
    "date": "07.01.16",
    "rating": "10",
    "author": "nala****",
    "review_id": "1390571",
    "movie_id": "10410"
  },
  {
    "review": "다시 보고 싶은 영화",
    "date": "07.01.11",
    "rating": "10",
    "author": "some****",
    "review_id": "1375437",
    "movie_id": "10410"
  },
  {
    "review": "호크의 생을 생각한다. 차분한 감흥을 준다.",
    "date": "06.12.30",
    "rating": "10",
    "author": "jung****",
    "review_id": "1341576",
    "movie_id": "10410"
  },
  {
    "review": "여운 가득한 영화",
    "date": "06.12.20",
    "rating": "10",
    "author": "bigw****",
    "review_id": "1307815",
    "movie_id": "10410"
  },
  {
    "review": "데이지 여사의 연기가 쏠쏠하고 마지막이 행복해지는 영화",
    "date": "06.12.07",
    "rating": "10",
    "author": "bepl****",
    "review_id": "1271655",
    "movie_id": "10410"
  },
  {
    "review": "인종차별..하지만 모두 죽는 인간.....",
    "date": "06.10.31",
    "rating": "8",
    "author": "jshj****",
    "review_id": "1209155",
    "movie_id": "10410"
  },
  {
    "review": "이영화의 재미는 두배우를 보는것만으로도 충분",
    "date": "06.10.29",
    "rating": "10",
    "author": "hoya****",
    "review_id": "1206558",
    "movie_id": "10410"
  },
  {
    "review": "정말 정말 추천합니다. 아름다운 영화..",
    "date": "06.10.19",
    "rating": "10",
    "author": "hear****",
    "review_id": "1189007",
    "movie_id": "10410"
  },
  {
    "review": "잔잔하지만지루하지않다..이 할머니가 `새`에 나온다니.ㅎㅎ",
    "date": "06.08.20",
    "rating": "10",
    "author": "dela****",
    "review_id": "1062834",
    "movie_id": "10410"
  },
  {
    "review": "최고의여ㅛㅇ화",
    "date": "06.06.17",
    "rating": "10",
    "author": "whoa****",
    "review_id": "847348",
    "movie_id": "10410"
  },
  {
    "review": "초딩때본영화.그떄보아도감동이였다.",
    "date": "06.06.07",
    "rating": "10",
    "author": "kean****",
    "review_id": "835026",
    "movie_id": "10410"
  },
  {
    "review": "조용하지만 재미를 두루 갖췄다",
    "date": "06.05.28",
    "rating": "10",
    "author": "zeed****",
    "review_id": "819224",
    "movie_id": "10410"
  },
  {
    "review": "나에게는 너무나 밋밋한영화 내가 무감각인가.-_-;",
    "date": "06.01.18",
    "rating": "5",
    "author": "jdjw****",
    "review_id": "598073",
    "movie_id": "10410"
  },
  {
    "review": "은은한 매력을 지닌 영화..",
    "date": "06.01.11",
    "rating": "10",
    "author": "shin****",
    "review_id": "578665",
    "movie_id": "10410"
  },
  {
    "review": "“모든 일에 최선을 다해야 된다고 생각지 않으세요?”(호크)",
    "date": "05.11.27",
    "rating": "10",
    "author": "bula****",
    "review_id": "486660",
    "movie_id": "10410"
  },
  {
    "review": "두 대배우의 만남만으로 충분",
    "date": "05.11.01",
    "rating": "9",
    "author": "pulm****",
    "review_id": "461028",
    "movie_id": "10410"
  },
  {
    "review": "전령적인 아카데미표 영화지만 배우들의 힘이 화면을 매꾼다.",
    "date": "05.10.10",
    "rating": "8",
    "author": "tjsd****",
    "review_id": "438929",
    "movie_id": "10410"
  },
  {
    "review": "제시카 텐디와 모건 프리만의 완벽한 조화.",
    "date": "05.09.21",
    "rating": "8",
    "author": "movi****",
    "review_id": "415999",
    "movie_id": "10410"
  },
  {
    "review": "장면 하나하나가 모여 만든 멋진 감동영화",
    "date": "05.08.19",
    "rating": "7",
    "author": "okjo****",
    "review_id": "374708",
    "movie_id": "10410"
  }
]