[
  {
    "review": "이대근! 강한 남자의 표상!",
    "date": "13.12.03",
    "rating": "4",
    "author": "pont****",
    "review_id": "8186401",
    "movie_id": "10417"
  },
  {
    "review": "20년전에 유선방송에서보고 다시보니 생각보다 재미있다.",
    "date": "12.07.09",
    "rating": "7",
    "author": "a109****",
    "review_id": "6463237",
    "movie_id": "10417"
  },
  {
    "review": "이제는 찾을 수 없는 한국영화라는 것에 대한 자존심...이것이 한국영화..",
    "date": "11.03.01",
    "rating": "10",
    "author": "miji****",
    "review_id": "5287293",
    "movie_id": "10417"
  },
  {
    "review": "이거 DVD 안나오나",
    "date": "10.05.23",
    "rating": "10",
    "author": "zemy****",
    "review_id": "4519757",
    "movie_id": "10417"
  },
  {
    "review": "요즘의 너저분한 섹스코미디물보다 훨씬 더 맛깔스러운 고전해학의 힘!",
    "date": "10.05.12",
    "rating": "8",
    "author": "mygr****",
    "review_id": "4494514",
    "movie_id": "10417"
  },
  {
    "review": "어디 큰 넘 없나 이런 작품은 코믹으로 보아야지 진지하게 보았다가는",
    "date": "10.05.08",
    "rating": "4",
    "author": "deff****",
    "review_id": "4486475",
    "movie_id": "10417"
  },
  {
    "review": "변강쇠라는 한국만의 캐릭터를 활용한 철저한 한국식 섹시 코미디.",
    "date": "10.01.29",
    "rating": "10",
    "author": "uhue****",
    "review_id": "4220569",
    "movie_id": "10417"
  },
  {
    "review": "웃다 죽다가, 울다 죽다가.낮에도 죽고 밤에도 죽고,해학의 극치가 아닐까?",
    "date": "09.07.13",
    "rating": "7",
    "author": "baks****",
    "review_id": "3628626",
    "movie_id": "10417"
  },
  {
    "review": "아~~니 뭐야~~ 변강쇠는 에로물이 아니라 해학극화 이니라..",
    "date": "07.12.27",
    "rating": "5",
    "author": "evil****",
    "review_id": "2270858",
    "movie_id": "10417"
  },
  {
    "review": "재밌어",
    "date": "07.08.13",
    "rating": "10",
    "author": "eek5****",
    "review_id": "1932070",
    "movie_id": "10417"
  },
  {
    "review": "과장된 설정에 절로 웃음이 ㅎㅎ",
    "date": "07.08.10",
    "rating": "7",
    "author": "typo****",
    "review_id": "1913457",
    "movie_id": "10417"
  },
  {
    "review": "장르가 코미디라고 하기에는 많이 부족하다",
    "date": "07.04.26",
    "rating": "4",
    "author": "nala****",
    "review_id": "1607097",
    "movie_id": "10417"
  },
  {
    "review": "캬 좋다",
    "date": "06.08.02",
    "rating": "10",
    "author": "zeed****",
    "review_id": "956523",
    "movie_id": "10417"
  },
  {
    "review": "이른바 한국식 섹스를 널리 보급한 작품??",
    "date": "06.05.01",
    "rating": "5",
    "author": "kws7****",
    "review_id": "782286",
    "movie_id": "10417"
  },
  {
    "review": "문학과 해학을 초월한 하나의 이념!",
    "date": "05.12.15",
    "rating": "5",
    "author": "tara****",
    "review_id": "505704",
    "movie_id": "10417"
  },
  {
    "review": "우리네문화의 해학의 멋을 멋지게 표현.",
    "date": "05.07.30",
    "rating": "8",
    "author": "izzo****",
    "review_id": "341494",
    "movie_id": "10417"
  }
]