[
  {
    "review": "나도향의 고전을 기반으로 한 명작이다. 여러개의 뽕 시리즈 중에서도 오리지날만게 없다.  이 작품이 단연 최고다.",
    "date": "15.07.03",
    "rating": "9",
    "author": "toto****",
    "review_id": "10066174",
    "movie_id": "10418"
  },
  {
    "review": "미숙씨  이뻐요  걸작이네요",
    "date": "15.03.08",
    "rating": "10",
    "author": "matt****",
    "review_id": "9766379",
    "movie_id": "10418"
  },
  {
    "review": "재미있어요.ㅎㅎㅎㅎ",
    "date": "15.02.28",
    "rating": "10",
    "author": "game****",
    "review_id": "9747847",
    "movie_id": "10418"
  },
  {
    "review": "1980년대에 나올수 있는 최고의 역작...",
    "date": "14.08.04",
    "rating": "10",
    "author": "kom_****",
    "review_id": "9025908",
    "movie_id": "10418"
  },
  {
    "review": "안타까운 이미숙.귀여운 이대근. 신사적인 남편..",
    "date": "14.05.03",
    "rating": "8",
    "author": "pont****",
    "review_id": "8694959",
    "movie_id": "10418"
  },
  {
    "review": "이 영화를 에로영화로만 생각하는 사람들은 딱 수준이 그정도인것 뿐이다. 이건 작품성 높은 진정한 영화다. 이걸 에로영화만으로 까내리기 바빴던 그들이 한심스럽다.",
    "date": "13.12.27",
    "rating": "10",
    "author": "dla1****",
    "review_id": "8309948",
    "movie_id": "10418"
  },
  {
    "review": "하하하 정말 그 시대엔 그랬을까?ㅋㅋㅋ",
    "date": "13.11.06",
    "rating": "8",
    "author": "mirj****",
    "review_id": "8119595",
    "movie_id": "10418"
  },
  {
    "review": "희대의 수작! 옛 전통 그대로 살린 농가의 살림살이 사는 모습 잘 재현한것도 멋지고 한국미가 물씬 풍기며 스토리도 탄탄하네요 고전영화지만 지루함 없이 참 잘봤습니다 풍경을 잘 담아낸 영상미도 뛰어났어요 배우들의 연기는 단연 일품",
    "date": "13.10.23",
    "rating": "9",
    "author": "gree****",
    "review_id": "8083146",
    "movie_id": "10418"
  },
  {
    "review": "단순 애로영화인줄 알았더니만 잘만든 영화일세 이미숙 젊은시절은 하지원이랑 좀 닮은듯도 하오",
    "date": "13.08.18",
    "rating": "10",
    "author": "qudr****",
    "review_id": "7897633",
    "movie_id": "10418"
  },
  {
    "review": "임도 보고 뽕도 따고.. 과연 그녀를 일방적으로 마녀 사냥 할 수 있는가?",
    "date": "13.08.13",
    "rating": "7",
    "author": "bbq2****",
    "review_id": "7874873",
    "movie_id": "10418"
  },
  {
    "review": "고전영화 잘안보는데 잼있었음. 이미숙은 젊은나이에도 아줌마연기가 자연스럽게 잘한다는..",
    "date": "13.06.29",
    "rating": "9",
    "author": "kis5****",
    "review_id": "7690317",
    "movie_id": "10418"
  },
  {
    "review": "어렸을땐 몰랐는데 자금 보니 수작이네..ㅎㅎ",
    "date": "13.03.31",
    "rating": "8",
    "author": "milk****",
    "review_id": "7426231",
    "movie_id": "10418"
  },
  {
    "review": "수작입니다. 연기도 참 좋지만 원작도 좋아요. 독립 운동의 자금줄이 백성의 피와 땀이란 것을 남정네의 욕정이라는 풍자로 표현했습니다.",
    "date": "13.03.17",
    "rating": "10",
    "author": "im40****",
    "review_id": "7359055",
    "movie_id": "10418"
  },
  {
    "review": "무책임한 남자들의 성욕속에 판매되고 여성들의 질투에 의한 집단린치  내용이 말레나 의 모티브가 될만한 작품. 젊은 이미숙 미모발산",
    "date": "13.03.10",
    "rating": "7",
    "author": "danz****",
    "review_id": "7336924",
    "movie_id": "10418"
  },
  {
    "review": "한국 사람이라면..영화를 쫌 본다면 뽕은 10점을 줘야한다..",
    "date": "13.03.03",
    "rating": "10",
    "author": "1wsi****",
    "review_id": "7322681",
    "movie_id": "10418"
  },
  {
    "review": "저 시대엔 이 영화도 볼만했다.이미숙 이쁠때 출연한 영화.",
    "date": "12.09.07",
    "rating": "7",
    "author": "a109****",
    "review_id": "6675327",
    "movie_id": "10418"
  },
  {
    "review": "나의 패러다임을 전환 시킨 영화 여자입장에서 상황을 이해하려 했다. 기대이상이다",
    "date": "12.03.17",
    "rating": "10",
    "author": "kiss****",
    "review_id": "6150564",
    "movie_id": "10418"
  },
  {
    "review": "은근히 재밌네요.... ㅎ",
    "date": "12.01.29",
    "rating": "7",
    "author": "mong****",
    "review_id": "6031694",
    "movie_id": "10418"
  },
  {
    "review": "한국적 캐릭터의 힘!",
    "date": "11.07.01",
    "rating": "9",
    "author": "slom****",
    "review_id": "5511907",
    "movie_id": "10418"
  },
  {
    "review": "꽤 잼있음...",
    "date": "11.06.30",
    "rating": "10",
    "author": "kdr2****",
    "review_id": "5508587",
    "movie_id": "10418"
  },
  {
    "review": "원작이 시사하는 의미와 해학을 잘 살린 수작.",
    "date": "11.04.13",
    "rating": "10",
    "author": "uhue****",
    "review_id": "5371801",
    "movie_id": "10418"
  },
  {
    "review": "이거 생각 한거와는 다르게 정말 잘 만든 영화네요.",
    "date": "10.12.26",
    "rating": "8",
    "author": "dc0a****",
    "review_id": "5086692",
    "movie_id": "10418"
  },
  {
    "review": "이미숙 너무 예쁘다.. 천상백옥경선녀란 말이 잘 어울릴정도로 예쁨",
    "date": "10.09.21",
    "rating": "10",
    "author": "jeon****",
    "review_id": "4854393",
    "movie_id": "10418"
  },
  {
    "review": "에로영화인줄만 알았는데, 막상 보니 작품성있는 한국영화.",
    "date": "10.03.02",
    "rating": "9",
    "author": "up87****",
    "review_id": "4329759",
    "movie_id": "10418"
  },
  {
    "review": "결국은 이대근은 이미숙을 끝까지 못따먹고 끝???",
    "date": "10.02.28",
    "rating": "6",
    "author": "pksj****",
    "review_id": "4325353",
    "movie_id": "10418"
  },
  {
    "review": "나도향의 '뽕'보다 훨씬 더 해학적이고 질펀하다",
    "date": "10.02.05",
    "rating": "7",
    "author": "mygr****",
    "review_id": "4248814",
    "movie_id": "10418"
  },
  {
    "review": "고전과 영상의 적절한 조화",
    "date": "09.10.10",
    "rating": "7",
    "author": "pria****",
    "review_id": "3884840",
    "movie_id": "10418"
  },
  {
    "review": "한국고전애로물옛날에는저런식으로바람을피웠구나좀노출을더했으면좋았을영화",
    "date": "09.08.25",
    "rating": "8",
    "author": "zzzo****",
    "review_id": "3786385",
    "movie_id": "10418"
  },
  {
    "review": "나름대로 재미는 있는데,가치는 재미만큼 없는 영화.",
    "date": "09.07.19",
    "rating": "3",
    "author": "baks****",
    "review_id": "3646210",
    "movie_id": "10418"
  },
  {
    "review": "이건 에로영화가 아니다 !! 진정한 예술영화이다 !!",
    "date": "09.06.01",
    "rating": "10",
    "author": "reow****",
    "review_id": "3537302",
    "movie_id": "10418"
  },
  {
    "review": "굿잡",
    "date": "09.02.07",
    "rating": "10",
    "author": "rlaw****",
    "review_id": "3285281",
    "movie_id": "10418"
  },
  {
    "review": "내가 본 한국영화 중 가장 아름답고 감동적이다.",
    "date": "08.08.02",
    "rating": "10",
    "author": "perk****",
    "review_id": "2826133",
    "movie_id": "10418"
  },
  {
    "review": "뽕1과 그이외의 뽕은 구분해야된다. 뽕1은 시대상을 다룬 작품이야.",
    "date": "08.07.21",
    "rating": "9",
    "author": "hdgu****",
    "review_id": "2787574",
    "movie_id": "10418"
  },
  {
    "review": "이미숙은 이쁘다.. 그리고 이미숙의 개그센스가 작렬한다....",
    "date": "08.03.12",
    "rating": "10",
    "author": "masq****",
    "review_id": "2516707",
    "movie_id": "10418"
  },
  {
    "review": "한국의 한이다",
    "date": "08.02.18",
    "rating": "10",
    "author": "stra****",
    "review_id": "2459852",
    "movie_id": "10418"
  },
  {
    "review": "고3때 동시상영관에서.. 험험..",
    "date": "08.01.28",
    "rating": "5",
    "author": "acin****",
    "review_id": "2381698",
    "movie_id": "10418"
  },
  {
    "review": "절세 미인 이미숙의 요염한 연기와 코믹한 이대근의 연기",
    "date": "07.12.05",
    "rating": "9",
    "author": "iama****",
    "review_id": "2209422",
    "movie_id": "10418"
  },
  {
    "review": "당시 영화로서는 최고지.",
    "date": "07.08.17",
    "rating": "8",
    "author": "cmh4****",
    "review_id": "1952810",
    "movie_id": "10418"
  },
  {
    "review": "80년대 한국을 대표하는 에로작",
    "date": "07.04.26",
    "rating": "1",
    "author": "nala****",
    "review_id": "1607105",
    "movie_id": "10418"
  },
  {
    "review": "전달하는 메세지가 부족하고 스토리가 엉성하나 볼만은 했다.",
    "date": "07.04.15",
    "rating": "6",
    "author": "jtso****",
    "review_id": "1589981",
    "movie_id": "10418"
  },
  {
    "review": "에로 영화가 아니군요. 20년전에 한국 영화에도 이런 작품이 있었다니~",
    "date": "07.04.01",
    "rating": "10",
    "author": "azen****",
    "review_id": "1566553",
    "movie_id": "10418"
  },
  {
    "review": "추억의 한국영화.",
    "date": "07.02.01",
    "rating": "9",
    "author": "skss****",
    "review_id": "1433841",
    "movie_id": "10418"
  },
  {
    "review": "에로를 보고자 한다면 이 영활 보지 마라...예술 영화니까",
    "date": "07.01.29",
    "rating": "7",
    "author": "ppp0****",
    "review_id": "1423318",
    "movie_id": "10418"
  },
  {
    "review": "예상 외의 해학과 풍자에 깜짝",
    "date": "06.11.19",
    "rating": "9",
    "author": "tree****",
    "review_id": "1241890",
    "movie_id": "10418"
  },
  {
    "review": "에로티시즘과 해학의 절묘한조화/최고작품",
    "date": "06.08.08",
    "rating": "10",
    "author": "hans****",
    "review_id": "983873",
    "movie_id": "10418"
  },
  {
    "review": "토속적 에로티시즘의 시초?",
    "date": "06.05.28",
    "rating": "7",
    "author": "zeed****",
    "review_id": "819302",
    "movie_id": "10418"
  },
  {
    "review": "해학과 이미숙의 요염함이 철철 넘치는 멋진 작품",
    "date": "06.05.19",
    "rating": "8",
    "author": "serg****",
    "review_id": "807251",
    "movie_id": "10418"
  },
  {
    "review": "이미숙의 저 자신만만한 포즈 대체 뭘원하는가??",
    "date": "06.05.01",
    "rating": "5",
    "author": "kws7****",
    "review_id": "782281",
    "movie_id": "10418"
  },
  {
    "review": "젊은 시절 이미숙의 매력을 철저히 느낄 수 있었던 영화",
    "date": "06.01.30",
    "rating": "9",
    "author": "inke****",
    "review_id": "632316",
    "movie_id": "10418"
  },
  {
    "review": "노출로만 볼 영화가 아닌데.. 정말..",
    "date": "06.01.25",
    "rating": "10",
    "author": "clou****",
    "review_id": "620405",
    "movie_id": "10418"
  },
  {
    "review": "끌리는 에로티시즘..이런 기분 처음이야~",
    "date": "06.01.06",
    "rating": "10",
    "author": "lim2****",
    "review_id": "564671",
    "movie_id": "10418"
  },
  {
    "review": "적절한 해학이 잘 반영된 처절하고도 슬픈 우리 삶.",
    "date": "05.12.15",
    "rating": "6",
    "author": "tara****",
    "review_id": "505700",
    "movie_id": "10418"
  },
  {
    "review": "예전 단순히 노출로만 본 내자신이 부끄럽다.",
    "date": "05.08.01",
    "rating": "8",
    "author": "izzo****",
    "review_id": "345539",
    "movie_id": "10418"
  },
  {
    "review": "당시 이미숙 노출로 화제였지만 재미와 문학성 잘살림",
    "date": "05.04.09",
    "rating": "9",
    "author": "hiss****",
    "review_id": "256849",
    "movie_id": "10418"
  },
  {
    "review": "자료 구할곳 없나요.",
    "date": "04.12.31",
    "rating": "9",
    "author": "zldn****",
    "review_id": "173466",
    "movie_id": "10418"
  },
  {
    "review": "너무나 감동적인 영화였읍니다. 꼭 다시 한번 보고 싶습니다.",
    "date": "04.12.19",
    "rating": "10",
    "author": "ptae****",
    "review_id": "165628",
    "movie_id": "10418"
  }
]