[
  {
    "review": "딱 킬링타임용 영화... 나름 괜찮았다.",
    "date": "15.08.23",
    "rating": "8",
    "author": "kimd****",
    "review_id": "10265887",
    "movie_id": "10411"
  },
  {
    "review": "초딩때보고 다시보니 색다르네 고전적이다",
    "date": "15.08.14",
    "rating": "8",
    "author": "kpor****",
    "review_id": "10227020",
    "movie_id": "10411"
  },
  {
    "review": "이름은 거대한 짐승인대 왜 사람 만한거 하나만 나오냐",
    "date": "15.06.14",
    "rating": "4",
    "author": "juno****",
    "review_id": "10000253",
    "movie_id": "10411"
  },
  {
    "review": "벌써 26년이나 지났구나... 그래도 볼만합니다.",
    "date": "15.05.05",
    "rating": "8",
    "author": "toad****",
    "review_id": "9895662",
    "movie_id": "10411"
  },
  {
    "review": "솔직히 지금봐서 좋다라고 느낄 정도는 아니지만 20년 이상 지난영화임을 감안 한다면 꽤나 잘만든 영화이다.",
    "date": "15.03.18",
    "rating": "8",
    "author": "cara****",
    "review_id": "9790470",
    "movie_id": "10411"
  },
  {
    "review": "괴물이 나타나도 심심허네",
    "date": "15.02.25",
    "rating": "3",
    "author": "rd72****",
    "review_id": "9738091",
    "movie_id": "10411"
  },
  {
    "review": "관객을 끌어모으기 위해서 괴물을 급조한 특별한 점이 보이지 않는 흔해빠진 영화",
    "date": "15.02.18",
    "rating": "5",
    "author": "huir****",
    "review_id": "9707522",
    "movie_id": "10411"
  },
  {
    "review": "80년대 치고는 최우수작품인듯",
    "date": "15.01.03",
    "rating": "10",
    "author": "hang****",
    "review_id": "9556860",
    "movie_id": "10411"
  },
  {
    "review": "에일리언의 저급한 짝퉁에 불과",
    "date": "14.12.01",
    "rating": "6",
    "author": "ykdi****",
    "review_id": "9439371",
    "movie_id": "10411"
  },
  {
    "review": "에일리언을 재밌게 봤다면 이것 역시 수작...",
    "date": "14.11.20",
    "rating": "10",
    "author": "zang****",
    "review_id": "9404048",
    "movie_id": "10411"
  },
  {
    "review": "어렸을적 주말의명화에서 스릴있게봤던 영화...지금보니 예전 만큼의 스릴은 느끼지못함",
    "date": "14.11.09",
    "rating": "6",
    "author": "thra****",
    "review_id": "9360876",
    "movie_id": "10411"
  },
  {
    "review": "지금보면 괴물CG가 조금 조잡해보일수도 있지만, 제작년도를 감안한다면 나름 잘만든 크리쳐물이라 생각됌. 깊은바다속 폐쇄된 공간에서의 공포와 스릴을 충분히 느끼게 해주는 해양공포물의 고전.",
    "date": "14.10.19",
    "rating": "9",
    "author": "kjk9****",
    "review_id": "9301314",
    "movie_id": "10411"
  },
  {
    "review": "깊은 바닷속의 괴물이라 뭔가 좀 다를 줄 알았더니 다 비슷비슷하네.",
    "date": "14.09.14",
    "rating": "6",
    "author": "band****",
    "review_id": "9214998",
    "movie_id": "10411"
  },
  {
    "review": "괴물퀄리티-1, 철문부수는거 개오바 -1, 주인공 쓸데없이 성낼너무많이냄-1 총 7점드립니다 전체적으로 볼만은합니다",
    "date": "14.09.06",
    "rating": "7",
    "author": "ekaq****",
    "review_id": "9174304",
    "movie_id": "10411"
  },
  {
    "review": "cg가 좀 구렸다 ㅋㅋ;; 하긴머 89년이니까  이해해준다~  로보캅의 알렉스 머피~~  나홀로집에의  마브 ㅋㅋㅋ  그리고 생머리 여자",
    "date": "14.09.05",
    "rating": "10",
    "author": "shis****",
    "review_id": "9171273",
    "movie_id": "10411"
  },
  {
    "review": "학창시절, 학교 단체관람으로 봤다.어린 나이였기 때문에 더더 무서ㅡ웠다.공포영화 거의 안보는 지금이지만 요즘 이 영화가 생각이 난다. 그땐 정말 무서웠다!",
    "date": "14.08.03",
    "rating": "7",
    "author": "door****",
    "review_id": "9014165",
    "movie_id": "10411"
  },
  {
    "review": "로보캅 형님 나오네 함 봐야지",
    "date": "14.06.18",
    "rating": "10",
    "author": "pc59****",
    "review_id": "8839301",
    "movie_id": "10411"
  },
  {
    "review": "그럭저럭 킬링타임용에 그치는군",
    "date": "14.05.30",
    "rating": "6",
    "author": "guev****",
    "review_id": "8776521",
    "movie_id": "10411"
  },
  {
    "review": "공포와 코미디를 왔다 갔다 한다.잘 다듬어지지 않은 b급 영화.",
    "date": "14.05.14",
    "rating": "4",
    "author": "kem1****",
    "review_id": "8729705",
    "movie_id": "10411"
  },
  {
    "review": "1점도 아까운영화 OOO영화",
    "date": "14.05.01",
    "rating": "1",
    "author": "lky7****",
    "review_id": "8686680",
    "movie_id": "10411"
  },
  {
    "review": "너무 시시하고 유치해유.  제목 번역 어느 바보가 적나라하게 했네유. 리바이어던.",
    "date": "14.02.15",
    "rating": "1",
    "author": "real****",
    "review_id": "8511227",
    "movie_id": "10411"
  },
  {
    "review": "독창적이진 않아도 충분히 재미있을수 있지...ㅋㅋㅋ",
    "date": "14.02.13",
    "rating": "8",
    "author": "ehpt****",
    "review_id": "8502640",
    "movie_id": "10411"
  },
  {
    "review": "차라리 심형래의 티라노의 발톱이 나을듯, 막판에 괴물 탈쓰고 나왔을땐 쩝",
    "date": "14.01.25",
    "rating": "1",
    "author": "hark****",
    "review_id": "8423677",
    "movie_id": "10411"
  },
  {
    "review": "당시에 에이리언 한참 유행하던 시절 영화....   피터 웰러의 젊은 모습이 보기좋았다...   이제는 한물간 피터 웰러... 당시에 개봉되었어도 히트는 못친 b급영화",
    "date": "13.08.20",
    "rating": "5",
    "author": "adiv****",
    "review_id": "7905344",
    "movie_id": "10411"
  },
  {
    "review": "약간 잔인하다",
    "date": "13.06.29",
    "rating": "8",
    "author": "1235****",
    "review_id": "7689141",
    "movie_id": "10411"
  },
  {
    "review": "이걸 보고 나면 에이리언이 얼마나 잘만든 영화인지 알수 있음.",
    "date": "13.05.21",
    "rating": "7",
    "author": "coco****",
    "review_id": "7545660",
    "movie_id": "10411"
  },
  {
    "review": "리바이어던. 로보캅 주인공 나옴. 더씽 괴물과 에어리언과 어비스의 혼합짝퉁",
    "date": "13.05.04",
    "rating": "6",
    "author": "danz****",
    "review_id": "7507614",
    "movie_id": "10411"
  },
  {
    "review": "평점 왜이러냐.80년대 sf특수효과 영화에서cg찾고 반전 찾는 OO들은 이당시 봤으면 덜덜 떨며 팬티에다 방뇨했을텐데 ㅋㅋ10점 짜리는 아닌데 평점 올리냐고 10점 준다.",
    "date": "13.03.17",
    "rating": "10",
    "author": "nigh****",
    "review_id": "7355136",
    "movie_id": "10411"
  },
  {
    "review": "어릴적 SBS에서 브라운관 tv 봤던 맛을 잊을 수 없다. B급 공포영화로 관찮았음.",
    "date": "13.03.10",
    "rating": "6",
    "author": "foun****",
    "review_id": "7338465",
    "movie_id": "10411"
  },
  {
    "review": "큰 기대 안하고 보면 괜찮음.",
    "date": "13.03.09",
    "rating": "7",
    "author": "uhj3****",
    "review_id": "7333928",
    "movie_id": "10411"
  },
  {
    "review": "어비스의 저예산 아류작인데 딱 킬링타임용, 보다보면 유명한 영화들의(에일리언, The Thing 등) 짜깁기임을 알 수 있다, 안봐도 될 영화",
    "date": "12.12.31",
    "rating": "6",
    "author": "coco****",
    "review_id": "7066106",
    "movie_id": "10411"
  },
  {
    "review": "로보캅보다 6년이나 뒤에 만들어졌는데.. 완전 개판. 아주 공식에 충실한 영화. 결국 백인 남녀한쌍만 살아남네. 그리고 막판에 막장이야. 상어에다가.. 아주,. 잘 한다.",
    "date": "12.10.24",
    "rating": "1",
    "author": "juny****",
    "review_id": "6823485",
    "movie_id": "10411"
  },
  {
    "review": "아,... 시대를 고려해도 너무 유치함...",
    "date": "12.10.19",
    "rating": "5",
    "author": "pass****",
    "review_id": "6813429",
    "movie_id": "10411"
  },
  {
    "review": "시대적 환경을 고려해도 연출이 많이 조잡함.",
    "date": "12.10.03",
    "rating": "6",
    "author": "bele****",
    "review_id": "6757713",
    "movie_id": "10411"
  },
  {
    "review": "중반까지는 분위기 괜찮으나 그 뒤로는 병맛.에이리언을 배낀 티가 많이남. 그래도 89년도특수효과와 크리쳐물팬이라 7점.",
    "date": "12.09.30",
    "rating": "7",
    "author": "virt****",
    "review_id": "6744241",
    "movie_id": "10411"
  },
  {
    "review": "에어리언 아류작인가?..배경이 우주와 바다인건만 빼면 똑같네...같은해에 나온 제임스카메론의 어비스를 보면 그가 얼마나 대단한 감독인지 알게 된다..",
    "date": "12.09.24",
    "rating": "7",
    "author": "mone****",
    "review_id": "6728504",
    "movie_id": "10411"
  },
  {
    "review": "옛날 SF 작품들에선 만든 이들의 정성이 느껴진다. 끈기 있는 수작업의 느낌.",
    "date": "12.06.23",
    "rating": "7",
    "author": "anti****",
    "review_id": "6409398",
    "movie_id": "10411"
  },
  {
    "review": "어렸을때 극장에서 봤던 충격이생각난다.지금봐도 분위기와 긴장감이 수준급이다",
    "date": "12.06.17",
    "rating": "10",
    "author": "korn****",
    "review_id": "6398944",
    "movie_id": "10411"
  },
  {
    "review": "20여년이 지났지만 7광구보다 훨씬 낫다. 다시봐도 재밌네",
    "date": "12.03.02",
    "rating": "8",
    "author": "pama****",
    "review_id": "6117890",
    "movie_id": "10411"
  },
  {
    "review": "스토리도 없고 긴장감도 없지만 당시엔 괜찮았을듯",
    "date": "11.11.10",
    "rating": "4",
    "author": "mi86****",
    "review_id": "5841167",
    "movie_id": "10411"
  },
  {
    "review": "그냥 심해의 에어리언 이라고 할까.. 긴장감도 없고 재미도 없으며 졸나 유치 했다 18",
    "date": "11.10.14",
    "rating": "1",
    "author": "sama****",
    "review_id": "5788398",
    "movie_id": "10411"
  },
  {
    "review": "어렸을 때 이 영화 보고 떨림이 멈추지 않았음. 무서워서 잠도 겨우 자고.ㅋㅋ",
    "date": "11.09.27",
    "rating": "8",
    "author": "dheh****",
    "review_id": "5756166",
    "movie_id": "10411"
  },
  {
    "review": "에어리언 아류.차라리 외계인이라하지.시나리오자체가 설득력 없고 비약 심하고 엉성",
    "date": "11.08.13",
    "rating": "2",
    "author": "mggw****",
    "review_id": "5646706",
    "movie_id": "10411"
  },
  {
    "review": "7광구의 김지훈 감독은 이 영화를 다시보고 반성하라",
    "date": "11.08.05",
    "rating": "9",
    "author": "larc****",
    "review_id": "5602149",
    "movie_id": "10411"
  },
  {
    "review": "다시보고 싶은영화로 추천",
    "date": "11.07.09",
    "rating": "10",
    "author": "aimy****",
    "review_id": "5532100",
    "movie_id": "10411"
  },
  {
    "review": "정말 재밌었습니다",
    "date": "11.06.04",
    "rating": "10",
    "author": "ajtw****",
    "review_id": "5464279",
    "movie_id": "10411"
  },
  {
    "review": "흥미진진하다.",
    "date": "11.05.21",
    "rating": "9",
    "author": "k90c****",
    "review_id": "5441926",
    "movie_id": "10411"
  },
  {
    "review": "어비스를 견제하기위해 유니버셜과 MGM이 모티브를 베껴다 만든 C급영화",
    "date": "11.03.22",
    "rating": "6",
    "author": "k2ls****",
    "review_id": "5327929",
    "movie_id": "10411"
  },
  {
    "review": "스탠윈스턴이 특수효과에 참여한 이정도면 당시작품으론 수준급인 심해괴수물",
    "date": "11.02.18",
    "rating": "8",
    "author": "seal****",
    "review_id": "5251862",
    "movie_id": "10411"
  },
  {
    "review": "어릴 적에 굉장히 재미있게 보았다 언제적 영화인데 지금보면 당연히 수준 딸리징",
    "date": "11.02.16",
    "rating": "9",
    "author": "romy****",
    "review_id": "5247375",
    "movie_id": "10411"
  },
  {
    "review": "스텐윈스턴 괴물들 치곤 좀 후레쉬맨삘났던...감독이 특수효과를 잘 못살렸던게야",
    "date": "11.02.06",
    "rating": "6",
    "author": "crow****",
    "review_id": "5222997",
    "movie_id": "10411"
  },
  {
    "review": "89년 영화치곤 괜찮네요, 이때 우리나라영화수준에 비하면",
    "date": "10.11.17",
    "rating": "10",
    "author": "mfda****",
    "review_id": "4966725",
    "movie_id": "10411"
  },
  {
    "review": "에일리언 짭퉁. 지루하고 어이없는 초등용영화. 막판 상어가 수준을 말해준다. ㅋ",
    "date": "10.11.07",
    "rating": "1",
    "author": "kjh_****",
    "review_id": "4944213",
    "movie_id": "10411"
  },
  {
    "review": "당시 기준으로도 점수를 주기가 정말 힘들다.",
    "date": "10.10.13",
    "rating": "1",
    "author": "arcl****",
    "review_id": "4900474",
    "movie_id": "10411"
  },
  {
    "review": "피터웰러는 SF스릴러 영화 주연에 가장 적합한 인물...",
    "date": "10.08.22",
    "rating": "8",
    "author": "syhf****",
    "review_id": "4776548",
    "movie_id": "10411"
  },
  {
    "review": "옛날 영화치고 괜찮음",
    "date": "10.08.14",
    "rating": "8",
    "author": "toha****",
    "review_id": "4745706",
    "movie_id": "10411"
  },
  {
    "review": "지금보면 어비스 제작진에 비교도 안되지만, 광고의 힘으로 흥행에는 오히려 성공",
    "date": "10.08.11",
    "rating": "10",
    "author": "iku1****",
    "review_id": "4734665",
    "movie_id": "10411"
  },
  {
    "review": "나름 볼만했는데 보는내내 에일리언1이 생각 났다,물론 에일리언에 비교하면 안되지만",
    "date": "10.07.13",
    "rating": "8",
    "author": "son1****",
    "review_id": "4634931",
    "movie_id": "10411"
  },
  {
    "review": "비급나름기대많이햇는데 괴물이나 사람이나 하는게 없네...",
    "date": "10.06.21",
    "rating": "1",
    "author": "csc2****",
    "review_id": "4581082",
    "movie_id": "10411"
  },
  {
    "review": "비슷한 시기 개봉한 딥식스나 어비스보다 당시에 더욱 흥미롭게 봤던 작품",
    "date": "10.02.15",
    "rating": "8",
    "author": "gall****",
    "review_id": "4286020",
    "movie_id": "10411"
  },
  {
    "review": "OST 도 유명한!! 그당시 상당한 인기작이였죠!! 초딩5학년때 나왔으니!!",
    "date": "10.01.31",
    "rating": "10",
    "author": "romi****",
    "review_id": "4229651",
    "movie_id": "10411"
  },
  {
    "review": "어비스를 어떻게 이긴거지.... 정말 기대하고 봤는데.....",
    "date": "10.01.31",
    "rating": "6",
    "author": "milk****",
    "review_id": "4228015",
    "movie_id": "10411"
  },
  {
    "review": "내러티브도 좋고 긴장감도 조성도 훌륭하다..",
    "date": "10.01.23",
    "rating": "8",
    "author": "wind****",
    "review_id": "4201950",
    "movie_id": "10411"
  },
  {
    "review": "어비스는 망하고 이영화는 뜨고..참 미스테리.ㅋㅋㅋㅋㅋ",
    "date": "09.12.27",
    "rating": "7",
    "author": "belo****",
    "review_id": "4092306",
    "movie_id": "10411"
  },
  {
    "review": "그때 난 극장에서 어비스않보고 이거봤지",
    "date": "09.11.24",
    "rating": "8",
    "author": "yjym****",
    "review_id": "3987654",
    "movie_id": "10411"
  },
  {
    "review": "줄거리 읽어봤더니 아예 결말까지 개념없이 다 적어놨드만...",
    "date": "09.08.16",
    "rating": "10",
    "author": "mori****",
    "review_id": "3754008",
    "movie_id": "10411"
  },
  {
    "review": "세트나 그로스한 특수효과는 괜찮지만 극적 긴장감이 떨어진다",
    "date": "09.08.07",
    "rating": "7",
    "author": "sinb****",
    "review_id": "3720042",
    "movie_id": "10411"
  },
  {
    "review": "벌써 20년이나..  당시에는 꽤 인기많았죠- 지금봐도 재밌던데요^^",
    "date": "09.06.30",
    "rating": "10",
    "author": "ojys****",
    "review_id": "3602433",
    "movie_id": "10411"
  },
  {
    "review": "1989년 영화라는걸 잊지마라 현시대 영화랑은 분명히 차이가있다",
    "date": "09.05.22",
    "rating": "10",
    "author": "luck****",
    "review_id": "3514404",
    "movie_id": "10411"
  },
  {
    "review": "어비스보다 이게 낫다는 사람이 있다니 언빌리버블....",
    "date": "09.02.10",
    "rating": "6",
    "author": "shiv****",
    "review_id": "3293368",
    "movie_id": "10411"
  },
  {
    "review": "그다지 재미가 없다.",
    "date": "09.02.06",
    "rating": "5",
    "author": "show****",
    "review_id": "3281271",
    "movie_id": "10411"
  },
  {
    "review": "무능한 연출과  작은스케일  배우들의 허접한 연기까지 어비스와 비교하면 4류작",
    "date": "09.02.01",
    "rating": "6",
    "author": "rpmh****",
    "review_id": "3269735",
    "movie_id": "10411"
  },
  {
    "review": "차라리 딮식스가 낫고 어비스와 비교하다니. 인간들 얼굴이 뒤섞인 괴물은 코미디다",
    "date": "09.01.16",
    "rating": "3",
    "author": "bepl****",
    "review_id": "3225544",
    "movie_id": "10411"
  },
  {
    "review": "분위기와 상황 설정은 최고지만 정작 괴물의 공포가 부족한 점이 아쉬운...",
    "date": "09.01.10",
    "rating": "7",
    "author": "sepe****",
    "review_id": "3207692",
    "movie_id": "10411"
  },
  {
    "review": "일본의 SF 호러 애니메이션 'LILY-C.A.T'을 모티브로 삼아 제작한 영화 입니다.",
    "date": "08.12.31",
    "rating": "10",
    "author": "unde****",
    "review_id": "3171310",
    "movie_id": "10411"
  },
  {
    "review": "오늘봤는데.. 재미는 모르겠고 걍 시간때우기용",
    "date": "08.11.12",
    "rating": "9",
    "author": "2001****",
    "review_id": "3045937",
    "movie_id": "10411"
  },
  {
    "review": "그런데로 볼만하다",
    "date": "08.10.25",
    "rating": "3",
    "author": "bast****",
    "review_id": "3019348",
    "movie_id": "10411"
  },
  {
    "review": "영화는 재미있긴한데어째서 레비아탄이 폭탄한방에죽어!내가아는레비아탄과 전혀달라",
    "date": "08.09.12",
    "rating": "6",
    "author": "alst****",
    "review_id": "2937048",
    "movie_id": "10411"
  },
  {
    "review": "당시 카메론감독이 심해영화 만든다는 소문을 들은 무리들이 급조한 아류작.",
    "date": "08.07.16",
    "rating": "6",
    "author": "chia****",
    "review_id": "2766973",
    "movie_id": "10411"
  },
  {
    "review": "오~ 훌륭하다!!!",
    "date": "08.07.10",
    "rating": "9",
    "author": "ghos****",
    "review_id": "2751658",
    "movie_id": "10411"
  },
  {
    "review": "20년전 영화치고, 이정도면 잘만든거다.. 요즘 괴수영화에 결코 OOO않는 스릴..",
    "date": "08.05.28",
    "rating": "8",
    "author": "pola****",
    "review_id": "2668097",
    "movie_id": "10411"
  },
  {
    "review": "90년생 ㅋ요즘 애들은 이런 대작을 모를껄?89년영화니 ㅋ",
    "date": "08.05.13",
    "rating": "10",
    "author": "skc_****",
    "review_id": "2637957",
    "movie_id": "10411"
  },
  {
    "review": "에어리언과 맞먹는 인기 엿지",
    "date": "08.05.13",
    "rating": "10",
    "author": "fuck****",
    "review_id": "2637952",
    "movie_id": "10411"
  },
  {
    "review": "말이필요없는 전설적인 영화~",
    "date": "08.05.13",
    "rating": "10",
    "author": "kong****",
    "review_id": "2637949",
    "movie_id": "10411"
  },
  {
    "review": "이렇게 유명한 영화가 왜 평점이 7점대냐....",
    "date": "08.05.13",
    "rating": "10",
    "author": "wwff****",
    "review_id": "2637948",
    "movie_id": "10411"
  },
  {
    "review": "어비스는 망하고 이영화는 성공햇지?",
    "date": "08.05.13",
    "rating": "10",
    "author": "rfgt****",
    "review_id": "2637946",
    "movie_id": "10411"
  },
  {
    "review": "이거 보고 어비스가 따라햇죠...당시 굉장히 유명한 영화 레비아탄",
    "date": "08.05.13",
    "rating": "10",
    "author": "koko****",
    "review_id": "2637941",
    "movie_id": "10411"
  },
  {
    "review": "어린애들은 모르지 이당시 굉장한 충격이엿던 이영화",
    "date": "08.05.13",
    "rating": "10",
    "author": "sexy****",
    "review_id": "2637939",
    "movie_id": "10411"
  },
  {
    "review": "89년 당시 엄청난 대작이엿단 사실을 모르는구나 ㅉㅉ",
    "date": "08.05.13",
    "rating": "10",
    "author": "kdnj****",
    "review_id": "2637935",
    "movie_id": "10411"
  },
  {
    "review": "sf모험물인 어비스를 sf공포물과 비교하네 딥식스랑 비굘하던가;;",
    "date": "08.04.22",
    "rating": "10",
    "author": "real****",
    "review_id": "2593987",
    "movie_id": "10411"
  },
  {
    "review": ",어비스보단낫다 ...",
    "date": "08.04.11",
    "rating": "10",
    "author": "xrrr****",
    "review_id": "2574736",
    "movie_id": "10411"
  },
  {
    "review": "너무 어려운 어비스보다는 레비아탄이 이해도도 쉽고 재밌더군요..어비스보다는 11배",
    "date": "08.03.22",
    "rating": "10",
    "author": "skjs****",
    "review_id": "2534613",
    "movie_id": "10411"
  },
  {
    "review": "어비스 보다 10배 났다.",
    "date": "08.03.22",
    "rating": "10",
    "author": "sky8****",
    "review_id": "2534608",
    "movie_id": "10411"
  },
  {
    "review": "소련 난파선 레비아탄의 보드카 후폭풍. 핵자 없는 비 무비의 맛.",
    "date": "08.03.08",
    "rating": "2",
    "author": "paci****",
    "review_id": "2509306",
    "movie_id": "10411"
  },
  {
    "review": "마지막에 상어와 괴물이 왜나와 참 영화답네 B급영화 필이 팍팍느껴져",
    "date": "08.02.01",
    "rating": "3",
    "author": "tico****",
    "review_id": "2394327",
    "movie_id": "10411"
  },
  {
    "review": "킬링타임용..",
    "date": "08.01.30",
    "rating": "2",
    "author": "evil****",
    "review_id": "2387362",
    "movie_id": "10411"
  },
  {
    "review": "바다에사는왕거머리ㅋㅋ89년에만든영화치곤훌륭한걸",
    "date": "08.01.12",
    "rating": "8",
    "author": "sung****",
    "review_id": "2320364",
    "movie_id": "10411"
  },
  {
    "review": "어렸을떄 굉장히 무섭게 봤었는데...ㅋ그래도 꽤 퀄리티있어요@",
    "date": "08.01.06",
    "rating": "7",
    "author": "koko****",
    "review_id": "2302885",
    "movie_id": "10411"
  },
  {
    "review": "많이 부족하다.",
    "date": "07.12.13",
    "rating": "5",
    "author": "kwan****",
    "review_id": "2229313",
    "movie_id": "10411"
  },
  {
    "review": "해양판에이리언이라곤하지만 긴장감이많이떨어지고 다소어설프다 그냥킬림타임용",
    "date": "07.12.06",
    "rating": "6",
    "author": "goms****",
    "review_id": "2210612",
    "movie_id": "10411"
  }
]