[
  {
    "review": "첫사랑,  아련했던 추억의 남자를 20년뒤에 만났더니  대머리의 중년으로 변했있다면,  그 여자의  심정이 이랬을듯......",
    "date": "13.05.20",
    "rating": "5",
    "author": "kyso****",
    "review_id": "7545099",
    "movie_id": "10419"
  },
  {
    "review": "2011年 11月/ 곰TV덕분에 내가 이런 작품도 보는구나;;",
    "date": "11.11.27",
    "rating": "2",
    "author": "nite****",
    "review_id": "5872779",
    "movie_id": "10419"
  },
  {
    "review": "조금만 더 이야기에 신경을 썼더라면....",
    "date": "11.08.22",
    "rating": "6",
    "author": "leey****",
    "review_id": "5680705",
    "movie_id": "10419"
  },
  {
    "review": "전두환 정권 초기 3S정책에 대한 영화판의 적극적 호응",
    "date": "10.05.10",
    "rating": "1",
    "author": "mygr****",
    "review_id": "4490642",
    "movie_id": "10419"
  },
  {
    "review": "80년대 한국영화들은 이런 3류 에로가 대세였지",
    "date": "07.04.26",
    "rating": "1",
    "author": "nala****",
    "review_id": "1607060",
    "movie_id": "10419"
  },
  {
    "review": "오우",
    "date": "06.09.02",
    "rating": "10",
    "author": "viva****",
    "review_id": "1095872",
    "movie_id": "10419"
  },
  {
    "review": "이런에로물을 티비로해주다니..ㅋㅋ 꽝꽝..ㅡㅡ;",
    "date": "05.03.13",
    "rating": "1",
    "author": "red0****",
    "review_id": "240065",
    "movie_id": "10419"
  }
]