[
  {
    "review": "이 영화 예전에 명화극장에서 해줬는데 아직도 생생히 기억함!!!그레고리팩은 정말 맥아더랑 비쥬얼이 판박이다.",
    "date": "15.06.08",
    "rating": "10",
    "author": "hsh6****",
    "review_id": "9985064",
    "movie_id": "10414"
  },
  {
    "review": "정말 소름돋는 영화다 강추한다!!",
    "date": "14.09.11",
    "rating": "10",
    "author": "ske4****",
    "review_id": "9203260",
    "movie_id": "10414"
  },
  {
    "review": "정말 오늘이 6.25인 만큼 꼭 봐야하는 영화!!!",
    "date": "14.06.25",
    "rating": "10",
    "author": "jinw****",
    "review_id": "8854452",
    "movie_id": "10414"
  },
  {
    "review": "<필감상> 대동아전쟁부터 6.25까지...",
    "date": "14.06.08",
    "rating": "9",
    "author": "popy****",
    "review_id": "8811735",
    "movie_id": "10414"
  },
  {
    "review": "역사적 사실에 충실했던 작품...맥아더장군의 뚝심으로 통일을 시켰으면..개인적으로 참 존경하는 인물",
    "date": "14.06.07",
    "rating": "7",
    "author": "thra****",
    "review_id": "8808012",
    "movie_id": "10414"
  },
  {
    "review": "말이필요없는 맥아더의 삶",
    "date": "14.06.07",
    "rating": "10",
    "author": "junt****",
    "review_id": "8807094",
    "movie_id": "10414"
  },
  {
    "review": "맥아더 장군에 대한 최초의 영화인 것 같음. 역전과 승리의 최고사령관. 의회 연설로 판단컨데, 만약 맥아더 장군이 아주 오래오래 살아서 햇볕정책까지 알게 되었다면, 너무 열 받아서 파이프를 던졌을 듯.",
    "date": "14.06.07",
    "rating": "8",
    "author": "cool****",
    "review_id": "8806258",
    "movie_id": "10414"
  },
  {
    "review": "전쟁을 혐오한. 진정한 군인의 자세를 다시금 돌아보게해준 영화",
    "date": "14.06.07",
    "rating": "10",
    "author": "yt16****",
    "review_id": "8806195",
    "movie_id": "10414"
  },
  {
    "review": "현충일 특집. 맥아더 ,. 맥장군이 열도 왜구들을 농업국가로 개조했어야했는데.,  아니면 동북3성이라도 가져오든가",
    "date": "14.06.06",
    "rating": "9",
    "author": "dma9****",
    "review_id": "8805485",
    "movie_id": "10414"
  },
  {
    "review": "영화는 잘만들었다 보기 힘들지만, 한국전쟁의 영웅 맥아더 장군님의 영화를 욕할수는 없다.",
    "date": "13.03.08",
    "rating": "10",
    "author": "hjh7****",
    "review_id": "7331529",
    "movie_id": "10414"
  },
  {
    "review": "한국전쟁 맥아더 없었으면  우리는 이렇게 살지도 못했을 것이다.",
    "date": "12.08.22",
    "rating": "10",
    "author": "suck****",
    "review_id": "6634169",
    "movie_id": "10414"
  },
  {
    "review": "맥아더를 알고 싶다면 보는것도 괜찮음~",
    "date": "09.12.25",
    "rating": "10",
    "author": "fall****",
    "review_id": "4084435",
    "movie_id": "10414"
  },
  {
    "review": "썩잘만든영화는아니지만 맥아더의 일생을 영화로 봤다는데에 만족함",
    "date": "08.07.04",
    "rating": "9",
    "author": "toki****",
    "review_id": "2738989",
    "movie_id": "10414"
  },
  {
    "review": "한번 올려보자~",
    "date": "07.05.16",
    "rating": "10",
    "author": "70wn****",
    "review_id": "1641098",
    "movie_id": "10414"
  },
  {
    "review": "한번 내려보자~",
    "date": "06.08.12",
    "rating": "1",
    "author": "wogn****",
    "review_id": "1013772",
    "movie_id": "10414"
  },
  {
    "review": "변함 없는 영웅 맥아더",
    "date": "05.10.05",
    "rating": "9",
    "author": "ykca****",
    "review_id": "434031",
    "movie_id": "10414"
  }
]