[
  {
    "review": "2015년에 보니까 재미 더럽게 없다.. 거품빼자..",
    "date": "15.07.27",
    "rating": "1",
    "author": "a12c****",
    "review_id": "10151744",
    "movie_id": "10429"
  },
  {
    "review": "두 번 보고 솔직히 아직도 감이 안잡히지만 뭔가 대단한 영화인 건 확실하다",
    "date": "15.06.07",
    "rating": "10",
    "author": "pyo2****",
    "review_id": "9982002",
    "movie_id": "10429"
  },
  {
    "review": "알란파커의 이름값에 과대평가된 면이 약간은 있는 영화...",
    "date": "15.04.20",
    "rating": "8",
    "author": "lees****",
    "review_id": "9854679",
    "movie_id": "10429"
  },
  {
    "review": "드니로 계란 먹는씬만 봐라 이 장면 하나 예술이다",
    "date": "15.04.15",
    "rating": "8",
    "author": "rnfh****",
    "review_id": "9846635",
    "movie_id": "10429"
  },
  {
    "review": "충격이기는하지만 난보는내내지루함",
    "date": "15.04.14",
    "rating": "4",
    "author": "xx41****",
    "review_id": "9845260",
    "movie_id": "10429"
  },
  {
    "review": "줄거리를 저리 상세히 적어놓으면 어쩌나 스포일러같으니라구",
    "date": "15.03.09",
    "rating": "10",
    "author": "dras****",
    "review_id": "9769672",
    "movie_id": "10429"
  },
  {
    "review": "종교적 색이 짙어 난해하긴하지만 엔젤이 자니를 찾는 여정부터 어느정도 답이보이는 영화 고로 결말 충격은 별로..",
    "date": "15.03.08",
    "rating": "6",
    "author": "gkdl****",
    "review_id": "9766961",
    "movie_id": "10429"
  },
  {
    "review": "최고의 크로스오버오컬트 무비. 앨런파커 감독 특유의 영상미는 최고. 절대 이영화를 종교적으로 해석하지 말기를....",
    "date": "15.02.27",
    "rating": "10",
    "author": "asay****",
    "review_id": "9744378",
    "movie_id": "10429"
  },
  {
    "review": "지금 봐도 참 놀라운 반전영화 ㄷㄷㄷ 미키 루크란 배우를 이 영화에서 처음 접했는데 연기 정말 잘하네요!",
    "date": "15.02.11",
    "rating": "8",
    "author": "qhrt****",
    "review_id": "9686422",
    "movie_id": "10429"
  },
  {
    "review": "다 좋은데 줄거리가 스포네",
    "date": "14.11.24",
    "rating": "10",
    "author": "www2****",
    "review_id": "9417443",
    "movie_id": "10429"
  },
  {
    "review": "이런영화가 요즘은 왜 못나올까요?",
    "date": "14.10.18",
    "rating": "10",
    "author": "tkqn****",
    "review_id": "9299313",
    "movie_id": "10429"
  },
  {
    "review": "너무 조잡하고 딱딱한 연출",
    "date": "14.06.10",
    "rating": "1",
    "author": "mara****",
    "review_id": "8819862",
    "movie_id": "10429"
  },
  {
    "review": "알란파커 최고의 영화 중 하나.",
    "date": "14.05.14",
    "rating": "10",
    "author": "wook****",
    "review_id": "8728950",
    "movie_id": "10429"
  },
  {
    "review": "요즘 갑동이를 보면서 왠지 모르게 이 영화, 엔젤하트가 떠오르더이다.이미 기억도 안날만큼 오래전에 본 영화인데...세월은 가고.. 배우는 늙어도 영화 속 그는 여전히 멋지네요...",
    "date": "14.04.30",
    "rating": "9",
    "author": "ori0****",
    "review_id": "8686407",
    "movie_id": "10429"
  },
  {
    "review": "미키루크,로벗드니로,알란파커가 만들어낸 기분나쁘고 소름끼치고 충격적인 수작",
    "date": "14.04.26",
    "rating": "10",
    "author": "braa****",
    "review_id": "8673513",
    "movie_id": "10429"
  },
  {
    "review": "감독의 연출과 배우들의 연기가 만들어낸 영화에경외감이 든다. 7점대 영화는 아니다. 명작.",
    "date": "14.03.12",
    "rating": "10",
    "author": "dasa****",
    "review_id": "8569483",
    "movie_id": "10429"
  },
  {
    "review": "훌륭한 스토리와 연기는 좋은데 굳이 이렇게 억지로 이해하기 어렵게 만들 필요가 있을지 모르겠다. 잠시도 눈을 떼지 않고  세 번은 봐야 충분히 이해를 할 수 있다.",
    "date": "14.02.17",
    "rating": "7",
    "author": "heli****",
    "review_id": "8517008",
    "movie_id": "10429"
  },
  {
    "review": "악마니, 부두교같은 걸 컨셉으로 보면 좀 황당하고 유치한 스토리일 수 있지만, 인간의 양면성을 표현하기 위한 도구로 이해하고 보면 상당히 깊이있고 인상적인 작품.",
    "date": "14.01.20",
    "rating": "9",
    "author": "japa****",
    "review_id": "8404833",
    "movie_id": "10429"
  },
  {
    "review": "무난하다고 본다...",
    "date": "14.01.05",
    "rating": "7",
    "author": "yana****",
    "review_id": "8352773",
    "movie_id": "10429"
  },
  {
    "review": "1987년 작이잖아.. 이해하자. 근데 현대인들에게는 추천하고 싶지 않다. 한마디로 재미없다.",
    "date": "13.12.19",
    "rating": "5",
    "author": "anrs****",
    "review_id": "8244243",
    "movie_id": "10429"
  },
  {
    "review": "쟈니..미키루크...부두교,,",
    "date": "13.11.16",
    "rating": "10",
    "author": "woai****",
    "review_id": "8144833",
    "movie_id": "10429"
  },
  {
    "review": "악마의 계약파기자를 혼내주는법",
    "date": "13.08.29",
    "rating": "6",
    "author": "hasi****",
    "review_id": "7931035",
    "movie_id": "10429"
  },
  {
    "review": "정말 충격먹은 영화...어릴때 3번을 보고 이해를 하고 소름이 확 돋은...어떻게 저런 영화를 만드는지...미키루크의 연기가...로버트 드니로는 작품선택이 탁월한 배우...마지막 십분은 정말 돌거 같았다...ㅋㅋㅋ",
    "date": "13.08.02",
    "rating": "10",
    "author": "cowb****",
    "review_id": "7822325",
    "movie_id": "10429"
  },
  {
    "review": "마지막부분에 미키루크의 딸 아기  눈이 악마처럼 번뜩였는데...도대체 무슨 의미인지;;; 그러니까 그 아이가 바로  루이스 사이퍼란 건가? 루이스 사이퍼 눈도 똑같이 번뜩였는데.",
    "date": "13.07.10",
    "rating": "6",
    "author": "moon****",
    "review_id": "7722113",
    "movie_id": "10429"
  },
  {
    "review": "최고수준의 영화를 끝에가서 몽땅 망쳐버려 3류영화가 되었다.",
    "date": "13.06.30",
    "rating": "5",
    "author": "0007****",
    "review_id": "7693817",
    "movie_id": "10429"
  },
  {
    "review": "영화사 상  보기 드문 걸작이다...",
    "date": "13.06.07",
    "rating": "10",
    "author": "note****",
    "review_id": "7601655",
    "movie_id": "10429"
  },
  {
    "review": "음악과 영상과 내용의 공포. 자꾸 몇몇 장면이 떠오른다... 이런 영화 너무 좋아 ㅠㅠ",
    "date": "13.05.24",
    "rating": "10",
    "author": "dark****",
    "review_id": "7550689",
    "movie_id": "10429"
  },
  {
    "review": "마지막이 소름돋는다.. 재즈풍의 노래와 함께 끝없이 내려가는 엘리베이터....",
    "date": "13.03.19",
    "rating": "9",
    "author": "lsm4****",
    "review_id": "7364883",
    "movie_id": "10429"
  },
  {
    "review": "엄청난 영화지.",
    "date": "13.02.10",
    "rating": "10",
    "author": "hrz6****",
    "review_id": "7248914",
    "movie_id": "10429"
  },
  {
    "review": "지금 봐도 난해한 내용들이 많은데 그당시에는 오직했을까??? 난해한 내용만 아니면 수작일텐데 아쉽다...",
    "date": "13.02.04",
    "rating": "5",
    "author": "line****",
    "review_id": "7225805",
    "movie_id": "10429"
  },
  {
    "review": "탄탄한 스토리가 몰입도 높게 전개되는군",
    "date": "12.11.09",
    "rating": "8",
    "author": "guev****",
    "review_id": "6870897",
    "movie_id": "10429"
  },
  {
    "review": "난해한 복선들. 뭔가 있어 보이는 복잡한  플롯. 내가 본 약 500편의 영화 중 하위 넘버파이브의 개 OOO 영화였다. 내가 좋아했던 대배우 로벗드니로 영화 중 두 번째 최악의 영화였던... 1점도 주기 아까운...",
    "date": "12.11.07",
    "rating": "1",
    "author": "mani****",
    "review_id": "6861539",
    "movie_id": "10429"
  },
  {
    "review": "아 뭐임, 막판 긴장감 팍 사라짐...",
    "date": "12.10.18",
    "rating": "4",
    "author": "pass****",
    "review_id": "6810645",
    "movie_id": "10429"
  },
  {
    "review": "너무 기대가 컸던걸까? 내가 집중을 안한 걸까...내용이 난해하고 뭔가 조잡스럽다. 그나마 기대했던 반전도 너무 일찍 눈치채서;;;",
    "date": "12.10.14",
    "rating": "6",
    "author": "awak****",
    "review_id": "6799325",
    "movie_id": "10429"
  },
  {
    "review": "엑소시스트와 더블어 악령을 소재로한 최고의 공포영화! 로버트 드니로와 미키루크의 연기가 압권임! 최고의 마지막 반전끼지!",
    "date": "12.09.29",
    "rating": "9",
    "author": "half****",
    "review_id": "6741533",
    "movie_id": "10429"
  },
  {
    "review": "이 영화보고 밤에 잠을 못 잤습니다. 예술적이고 정신을 조여오는 장면들과 진정한 인간 내면에 다가가는 심리적인 압박들... 감독에게 찬사를 보냅니다. 가볍게 보기엔 너무나도 고도의 정신으로 이해해야하는 영화입니다.",
    "date": "12.08.14",
    "rating": "10",
    "author": "hyer****",
    "review_id": "6604847",
    "movie_id": "10429"
  },
  {
    "review": "앨런 파커 연출력 쩔어.",
    "date": "12.07.17",
    "rating": "10",
    "author": "lxzv****",
    "review_id": "6489734",
    "movie_id": "10429"
  },
  {
    "review": "여기서  재미없다고 하는분들  이영화  만들어진때를 생각 하고  얘기하세요ㅡㅡ1987년도에  저런 내용  반전  진짜  대단하다고  보는데요?",
    "date": "12.07.10",
    "rating": "10",
    "author": "gkek****",
    "review_id": "6466921",
    "movie_id": "10429"
  },
  {
    "review": "미키루크의 싱싱한 모습~! 굿",
    "date": "12.07.06",
    "rating": "10",
    "author": "log2****",
    "review_id": "6451673",
    "movie_id": "10429"
  },
  {
    "review": "내용은 안무서운데, 감독이 지휘하는 연출력이 너무 무섭다.",
    "date": "12.06.14",
    "rating": "8",
    "author": "bamg****",
    "review_id": "6391130",
    "movie_id": "10429"
  },
  {
    "review": "I Know Who I Am !!! 그때의 미키가 그립다",
    "date": "12.06.08",
    "rating": "10",
    "author": "inxs****",
    "review_id": "6375283",
    "movie_id": "10429"
  },
  {
    "review": "재미있게 본영화임",
    "date": "12.03.15",
    "rating": "9",
    "author": "dskj****",
    "review_id": "6144481",
    "movie_id": "10429"
  },
  {
    "review": "내인생 베스트텐중의 하나. 비유와 상징 그리고 은유.",
    "date": "12.03.11",
    "rating": "10",
    "author": "lama****",
    "review_id": "6135973",
    "movie_id": "10429"
  },
  {
    "review": "영화적으로 이야기를 잘 표현했다고 생각한다. 1987년에 이런 영화라니! 대단",
    "date": "12.01.26",
    "rating": "7",
    "author": "snow****",
    "review_id": "6023123",
    "movie_id": "10429"
  },
  {
    "review": "肉으로 점철된 질퍽질퍽한 영화",
    "date": "12.01.25",
    "rating": "7",
    "author": "kejt****",
    "review_id": "6019264",
    "movie_id": "10429"
  },
  {
    "review": "뭐야이게 절라 재미없네...",
    "date": "12.01.13",
    "rating": "1",
    "author": "dbzh****",
    "review_id": "5983490",
    "movie_id": "10429"
  },
  {
    "review": "포스터는 드니로가 주연처럼 만들어놓고....샹",
    "date": "11.10.22",
    "rating": "1",
    "author": "ccpp****",
    "review_id": "5802302",
    "movie_id": "10429"
  },
  {
    "review": "대체 어떻게 끝낼까 설마설마하는데 설마였음 개연성도 없고 최악",
    "date": "11.10.22",
    "rating": "1",
    "author": "rame****",
    "review_id": "5802301",
    "movie_id": "10429"
  },
  {
    "review": "의미를 알수 없는 난해한 장면의 반복",
    "date": "11.10.22",
    "rating": "1",
    "author": "kpcc****",
    "review_id": "5802299",
    "movie_id": "10429"
  },
  {
    "review": "악마에게 영혼을 팔면 안된다는 느낌이.. 뭐 팔수나 있으려나 모르겠지만말이지",
    "date": "11.09.28",
    "rating": "10",
    "author": "park****",
    "review_id": "5757818",
    "movie_id": "10429"
  },
  {
    "review": "누아르와 신비주의의 결합, 이상하게도 끌리질 않는다",
    "date": "11.06.10",
    "rating": "5",
    "author": "kim9****",
    "review_id": "5473872",
    "movie_id": "10429"
  },
  {
    "review": "1987년도 작품이다. 이런영화 질린다는 인간들은 알아서 나가 OOO.",
    "date": "11.05.30",
    "rating": "9",
    "author": "zink****",
    "review_id": "5455692",
    "movie_id": "10429"
  },
  {
    "review": "이교도와 악마",
    "date": "11.04.19",
    "rating": "10",
    "author": "leem****",
    "review_id": "5383457",
    "movie_id": "10429"
  },
  {
    "review": "멋져요",
    "date": "11.04.19",
    "rating": "10",
    "author": "2pup****",
    "review_id": "5383454",
    "movie_id": "10429"
  },
  {
    "review": "몰입도는 좋았는데 대체 어떻게 끝낼까 설마설마하는데 설마였음 개연성도 없고 최악",
    "date": "11.02.04",
    "rating": "1",
    "author": "shan****",
    "review_id": "5213654",
    "movie_id": "10429"
  },
  {
    "review": "이영화를 본후 미키루크가 클줄 알았는데... 안타깝다.",
    "date": "11.01.13",
    "rating": "10",
    "author": "doma****",
    "review_id": "5154444",
    "movie_id": "10429"
  },
  {
    "review": "흥미진진하다가 난해하다. 책으로 봐야 이해가 더 쉬우려나..",
    "date": "11.01.10",
    "rating": "7",
    "author": "come****",
    "review_id": "5147272",
    "movie_id": "10429"
  },
  {
    "review": "이 세련된 영화적 장치와 플롯을 보면서 지루하다고?",
    "date": "10.12.15",
    "rating": "10",
    "author": "dere****",
    "review_id": "5056284",
    "movie_id": "10429"
  },
  {
    "review": "제대로 만든 오컬트 무비는 몇 개 없음...",
    "date": "10.11.17",
    "rating": "8",
    "author": "nils****",
    "review_id": "4967214",
    "movie_id": "10429"
  },
  {
    "review": "내가 만난 사람은 왜 다 죽을까?",
    "date": "10.11.09",
    "rating": "6",
    "author": "lemo****",
    "review_id": "4948039",
    "movie_id": "10429"
  },
  {
    "review": "요즘 이런 소재의 영화는 진부하다고 할까.....",
    "date": "10.10.30",
    "rating": "6",
    "author": "jjyn****",
    "review_id": "4929237",
    "movie_id": "10429"
  },
  {
    "review": "지금봐도 충격적인 영상과 소름 끼치는 연출을 맛볼 수 있다!",
    "date": "10.10.30",
    "rating": "10",
    "author": "shek****",
    "review_id": "4927827",
    "movie_id": "10429"
  },
  {
    "review": "숨막히게 오싹한 오컬트의 고전..",
    "date": "10.08.08",
    "rating": "7",
    "author": "hdso****",
    "review_id": "4723622",
    "movie_id": "10429"
  },
  {
    "review": "악마적 비도덕적 내용이 가득하지만 파커 루크 드니로에 팬이라면",
    "date": "10.07.01",
    "rating": "8",
    "author": "byul****",
    "review_id": "4602176",
    "movie_id": "10429"
  },
  {
    "review": "이거 참 어렵구만 한 번 보고 버린 싸구려 작품이 아니다",
    "date": "10.06.09",
    "rating": "7",
    "author": "deff****",
    "review_id": "4555288",
    "movie_id": "10429"
  },
  {
    "review": "기억을 잃어버린 주인공",
    "date": "10.05.26",
    "rating": "10",
    "author": "il_d****",
    "review_id": "4525575",
    "movie_id": "10429"
  },
  {
    "review": "최고네요. 이 영화를 계기로 엣날 영화들 다시 보기 시작할듯..어릴때 극장에서 본",
    "date": "10.03.20",
    "rating": "10",
    "author": "bber****",
    "review_id": "4369042",
    "movie_id": "10429"
  },
  {
    "review": "나를 찾아가는 과정.",
    "date": "10.02.13",
    "rating": "8",
    "author": "caca****",
    "review_id": "4278090",
    "movie_id": "10429"
  },
  {
    "review": "명작이다",
    "date": "10.01.25",
    "rating": "10",
    "author": "aqua****",
    "review_id": "4206326",
    "movie_id": "10429"
  },
  {
    "review": "내겐 너무 지루하고 난해하기만 했다... 지옥의 묵시록처럼 와닿는 점도 없었고",
    "date": "09.12.06",
    "rating": "6",
    "author": "yune****",
    "review_id": "4020186",
    "movie_id": "10429"
  },
  {
    "review": "인간 내면의 잠재되어 있는 악마성을 잘 보여줬다고 봄... 약간 난해하기는 함.",
    "date": "09.12.04",
    "rating": "10",
    "author": "bati****",
    "review_id": "4016169",
    "movie_id": "10429"
  },
  {
    "review": "촬영은 세계 최고 수준",
    "date": "09.11.16",
    "rating": "10",
    "author": "tumm****",
    "review_id": "3967984",
    "movie_id": "10429"
  },
  {
    "review": "난해하다",
    "date": "09.10.23",
    "rating": "2",
    "author": "bgol****",
    "review_id": "3911248",
    "movie_id": "10429"
  },
  {
    "review": "원작 소설 폴링 엔젤을 보시고 이 영화를 보시는 것도 좋을 듯 합니다.",
    "date": "09.10.18",
    "rating": "10",
    "author": "kshc****",
    "review_id": "3901902",
    "movie_id": "10429"
  },
  {
    "review": "영화를 본 뒤 평론이나 해설이라도 읽어봐야 이해가 갈법한...",
    "date": "09.10.05",
    "rating": "2",
    "author": "ccpk****",
    "review_id": "3874518",
    "movie_id": "10429"
  },
  {
    "review": "줄거리 너무 네타이님?;; 꽤 재밌게 봤다. 비슷한 느낌의 영화를 꼽으라면 악마의 씨?",
    "date": "09.09.05",
    "rating": "8",
    "author": "undo****",
    "review_id": "3812787",
    "movie_id": "10429"
  },
  {
    "review": "\"정오의 열정\"과 더불어 개인적으로 보고 또 봐도 매혹적인 영화",
    "date": "09.08.30",
    "rating": "9",
    "author": "grea****",
    "review_id": "3798111",
    "movie_id": "10429"
  },
  {
    "review": "난해함...그 자체...",
    "date": "09.06.08",
    "rating": "7",
    "author": "mike****",
    "review_id": "3552053",
    "movie_id": "10429"
  },
  {
    "review": "최고다! 하지만 난해하다...",
    "date": "09.05.22",
    "rating": "10",
    "author": "ssa7****",
    "review_id": "3512146",
    "movie_id": "10429"
  },
  {
    "review": "압도하는 카리스마",
    "date": "09.05.05",
    "rating": "10",
    "author": "omgg****",
    "review_id": "3472805",
    "movie_id": "10429"
  },
  {
    "review": "엄청 재미있는 영화 알란파커/미키루크/로버트드니로의 3박자",
    "date": "09.02.26",
    "rating": "10",
    "author": "danz****",
    "review_id": "3335427",
    "movie_id": "10429"
  },
  {
    "review": "당시 불법무자막비디오로 본데다가 난삽,혼란,상징범벅등...그러나 감명깊게본 영화",
    "date": "09.02.20",
    "rating": "9",
    "author": "sola****",
    "review_id": "3317472",
    "movie_id": "10429"
  },
  {
    "review": "다시 봐도 최고의 반전 소름 극대",
    "date": "09.02.01",
    "rating": "10",
    "author": "pear****",
    "review_id": "3268937",
    "movie_id": "10429"
  },
  {
    "review": "자신도 모르게 빨려들어가는 미세테리물",
    "date": "08.12.06",
    "rating": "8",
    "author": "nwit****",
    "review_id": "3095712",
    "movie_id": "10429"
  },
  {
    "review": "두번보면 완전히 이해될듯",
    "date": "08.12.05",
    "rating": "10",
    "author": "w7k1****",
    "review_id": "3093346",
    "movie_id": "10429"
  },
  {
    "review": "정체는 드러났지만 그 이상의 의문을 남겨놓는 난해함",
    "date": "08.10.06",
    "rating": "6",
    "author": "ngda****",
    "review_id": "2985426",
    "movie_id": "10429"
  },
  {
    "review": "의미를 알 수 없는 난해한 장면의 반복, 지루함...",
    "date": "08.07.23",
    "rating": "1",
    "author": "kpcc****",
    "review_id": "2795768",
    "movie_id": "10429"
  },
  {
    "review": "아악...무섭게 빨려들어가는 이야기",
    "date": "08.07.17",
    "rating": "10",
    "author": "dcap****",
    "review_id": "2769754",
    "movie_id": "10429"
  },
  {
    "review": "4시간짜리 영화를 2시간으로 만들었으니 내용이 어렵지..",
    "date": "08.07.03",
    "rating": "10",
    "author": "bell****",
    "review_id": "2737430",
    "movie_id": "10429"
  },
  {
    "review": "수작. 요즘나온 허접한3류물과는 비교가않되는 수작 스릴러물 촬영하나하나 섬세했다.",
    "date": "08.05.08",
    "rating": "10",
    "author": "pola****",
    "review_id": "2625025",
    "movie_id": "10429"
  },
  {
    "review": "진정한 공포와 악이 무엇인지..",
    "date": "08.04.20",
    "rating": "10",
    "author": "ethe****",
    "review_id": "2589823",
    "movie_id": "10429"
  },
  {
    "review": "옛날 영화지만 지금 봐도 상당히 신선하군요. 알란 파커 답습니다.",
    "date": "08.02.25",
    "rating": "9",
    "author": "sunw****",
    "review_id": "2483137",
    "movie_id": "10429"
  },
  {
    "review": "파커의 걸작품 ..미키루크와 드니로의 명연기가 돋보임",
    "date": "08.02.02",
    "rating": "8",
    "author": "jsj4****",
    "review_id": "2399923",
    "movie_id": "10429"
  },
  {
    "review": "89년 영화치고 상당한 퀄리티를 지닌영화!! 예측불허의반전......",
    "date": "08.01.20",
    "rating": "9",
    "author": "atta****",
    "review_id": "2351499",
    "movie_id": "10429"
  },
  {
    "review": "이거 내용좀 간략하게 적어주실분-0-;;",
    "date": "08.01.15",
    "rating": "10",
    "author": "cybe****",
    "review_id": "2334546",
    "movie_id": "10429"
  },
  {
    "review": "분위기는 느껴지는데 도데체가 산만해서-_-",
    "date": "08.01.02",
    "rating": "6",
    "author": "dlal****",
    "review_id": "2290092",
    "movie_id": "10429"
  },
  {
    "review": "식스 센스를 능가하는 구성. 알란 파커의 저주받은 걸작.",
    "date": "07.11.24",
    "rating": "10",
    "author": "wish****",
    "review_id": "2178342",
    "movie_id": "10429"
  },
  {
    "review": "음악과 분위기가 제대로 혼합!!",
    "date": "07.11.15",
    "rating": "10",
    "author": "590a****",
    "review_id": "2153455",
    "movie_id": "10429"
  },
  {
    "review": "멋있다",
    "date": "07.11.14",
    "rating": "8",
    "author": "thea****",
    "review_id": "2149938",
    "movie_id": "10429"
  },
  {
    "review": "very good !",
    "date": "07.10.18",
    "rating": "8",
    "author": "cles****",
    "review_id": "2096905",
    "movie_id": "10429"
  }
]