[
  {
    "review": "군사정권 시절이라 개판인 영화가 참 많았는데 이 영화는 그 당시 시대에 만들었다고는 믿어지지 않게 비범하다. 물질만능과 향락에 젖은 일부 특권층을 겨냥한 비판적인 주제의식과 대비되는 어린아이 독백으로 거의일관하는 전개.",
    "date": "15.08.04",
    "rating": "8",
    "author": "jjs1****",
    "review_id": "10185513",
    "movie_id": "10423"
  },
  {
    "review": "시대를 앞서나간 수작이구나",
    "date": "15.08.04",
    "rating": "10",
    "author": "elpr****",
    "review_id": "10182715",
    "movie_id": "10423"
  },
  {
    "review": "지금봐도 촌스럽지 않은 시대를 앞섰던  영화",
    "date": "15.07.10",
    "rating": "8",
    "author": "lun8****",
    "review_id": "10088467",
    "movie_id": "10423"
  },
  {
    "review": "전위적인 건가 키치적인 건가..",
    "date": "15.05.11",
    "rating": "6",
    "author": "kusa****",
    "review_id": "9911128",
    "movie_id": "10423"
  },
  {
    "review": "저때나 지금이나 사는건 똑같구나 싶었음...",
    "date": "15.04.21",
    "rating": "9",
    "author": "scri****",
    "review_id": "9855457",
    "movie_id": "10423"
  },
  {
    "review": "3S 정책과 경제성장으로 부유층의 과소비와 퇴폐 문화 아래 신음하고 방황하는 서민들.",
    "date": "15.04.19",
    "rating": "8",
    "author": "band****",
    "review_id": "9853199",
    "movie_id": "10423"
  },
  {
    "review": "새로운 표현 방식의 시도, 높이 산다. 하지만 주제문이 느껴지지 않는다.",
    "date": "15.04.09",
    "rating": "7",
    "author": "yoon****",
    "review_id": "9837088",
    "movie_id": "10423"
  },
  {
    "review": "시대가 만든 영화반어적인 영화",
    "date": "15.04.09",
    "rating": "10",
    "author": "edu_****",
    "review_id": "9835514",
    "movie_id": "10423"
  },
  {
    "review": "내가 태어난 1984년인데도 불구하고 사회는 현재 2015년과 똑같다. 이 영화가 난해하게 느껴지지만 지금이나 그때나... 별차이 없이... 바보들만이 살고 있다. 자기들만에 하나씩 장애를 가진 바보처럼....",
    "date": "15.04.09",
    "rating": "10",
    "author": "quiz****",
    "review_id": "9835420",
    "movie_id": "10423"
  },
  {
    "review": "그냥 노잼..추억팔이감성영화..아무런감동도 로맨틱도 재미도없다.대사도없고.. 단지 그시절에 다른영화가 시도하지 못한 장르로 사람들에게 어필한거같은데 그점에서 도전정신은 박수쳐줄만해서 1점준다..왠만한 영화광들이거나 오타구아니면 시도하지말아야할영화다.",
    "date": "15.04.09",
    "rating": "1",
    "author": "sdjl****",
    "review_id": "9835325",
    "movie_id": "10423"
  },
  {
    "review": "처음 봤을 때의 충격이란. 지금봐도 최고의 영화",
    "date": "15.04.09",
    "rating": "10",
    "author": "bboo****",
    "review_id": "9835314",
    "movie_id": "10423"
  },
  {
    "review": "어렸을 적 보고 기억에 어렴풋이 남아있던 영화였는데 오늘 EBS 에서 보고 잠시 추억에 잠김.",
    "date": "15.04.09",
    "rating": "10",
    "author": "hann****",
    "review_id": "9835303",
    "movie_id": "10423"
  },
  {
    "review": "유주얼서스펙트의 소름돋는 반전은 이 영화의 오마쥬? 이보희는 당대최고의 미녀..아..도대체 20년도 넘은 이 영화를 이 밤에 손 에 땀을 쥐고 몰입하게 되다니~나의 한국영화 베스트가 바뀌는 순간!",
    "date": "15.04.06",
    "rating": "10",
    "author": "jlle****",
    "review_id": "9830468",
    "movie_id": "10423"
  },
  {
    "review": "80년대당시 영화제작에 제약이 많았을텐데,당시로써는 획기적이었던 작품같네요...이보희씨 상당히 이뻤군요...이희성씨 보고싶네요...",
    "date": "15.04.06",
    "rating": "9",
    "author": "etra****",
    "review_id": "9830446",
    "movie_id": "10423"
  },
  {
    "review": "그때나 지금이나 개.쓰레기 남자들은 여전했구나",
    "date": "15.04.06",
    "rating": "1",
    "author": "yoon****",
    "review_id": "9830414",
    "movie_id": "10423"
  },
  {
    "review": "아 한국에도 이런 영화가 있다니.누벨바그 영화 좋아하는데. 참 재밌게 봤네요.",
    "date": "15.04.06",
    "rating": "9",
    "author": "nutc****",
    "review_id": "9830346",
    "movie_id": "10423"
  },
  {
    "review": "어렸을때 보고 뇌리에 박힌영화 나이먹고 봤더니 색다른느낌..  80대 작품이라고 믿기 힘듬",
    "date": "15.04.05",
    "rating": "10",
    "author": "kor_****",
    "review_id": "9830317",
    "movie_id": "10423"
  },
  {
    "review": "이장호는 천재였다  아직도 볼수있어쓰면 ....",
    "date": "15.04.05",
    "rating": "9",
    "author": "tomb****",
    "review_id": "9830233",
    "movie_id": "10423"
  },
  {
    "review": "어처구니 없는 영화..다만 볼거리는 당대 최고 미녀였던 이보희의 최고 모습을 볼수있었던점.",
    "date": "15.04.05",
    "rating": "1",
    "author": "ukal****",
    "review_id": "9829745",
    "movie_id": "10423"
  },
  {
    "review": "이보희가 정말 이뻣구나.. 동철역의 김명곤과 육덕 친구의 바보연기. 파티장에서 과거가 알려진 혜영의 휴지로 만든 드레스가 벗겨져 버리고 그들은 그녀의 장례식을 치뤄준다.. 84 아시안게임을 하던 해의 엄청난 실험작품",
    "date": "15.03.19",
    "rating": "8",
    "author": "danz****",
    "review_id": "9794125",
    "movie_id": "10423"
  },
  {
    "review": "시대를 정확히 포착하고 예술로서 예리하게 반영해내다. 시대의 명암 속에서 찬란히 빛나는 자유분방과 암흑 속에서 죽어가는 슬픈 바보들에 대한 진혼 의식. 우리도 이런 아름다운 도전정신과 예술이 있었다.",
    "date": "15.02.09",
    "rating": "10",
    "author": "cksn****",
    "review_id": "9682922",
    "movie_id": "10423"
  },
  {
    "review": "그시대최고걸작 But이장호감독 연기 구려",
    "date": "15.01.21",
    "rating": "10",
    "author": "jame****",
    "review_id": "9618698",
    "movie_id": "10423"
  },
  {
    "review": "묻혀버린 걸작이다. 여배우가 지금 여자애들한테도 꿀리지 않아!",
    "date": "15.01.08",
    "rating": "8",
    "author": "kimg****",
    "review_id": "9574307",
    "movie_id": "10423"
  },
  {
    "review": "창조적 영화에 도전한 이장호감독에게 찬사를 보냄",
    "date": "14.12.29",
    "rating": "6",
    "author": "thra****",
    "review_id": "9533135",
    "movie_id": "10423"
  },
  {
    "review": "독특함을 넘어 기괴하기까지하다",
    "date": "14.11.15",
    "rating": "8",
    "author": "kara****",
    "review_id": "9384415",
    "movie_id": "10423"
  },
  {
    "review": "그가 좋아했던 수많은 감독과 배우들이 나의 뇌리를 스쳐간다",
    "date": "14.11.14",
    "rating": "7",
    "author": "setm****",
    "review_id": "9382203",
    "movie_id": "10423"
  },
  {
    "review": "미래에 나올 감독이 과거로 타임머신을 타고 돌아가 만든 영화같다",
    "date": "14.10.17",
    "rating": "10",
    "author": "voca****",
    "review_id": "9296997",
    "movie_id": "10423"
  },
  {
    "review": "우리의 음악과 함께 죽은 OO를 꽃상여 메듯 메고 걸을 땐 눈물이 나왔다.  동칠이는 왜 바보로 살아야 했을까?",
    "date": "14.08.24",
    "rating": "9",
    "author": "hs00****",
    "review_id": "9128305",
    "movie_id": "10423"
  },
  {
    "review": "이보희 누님   진짜  여신이네  후덜덜",
    "date": "14.08.05",
    "rating": "10",
    "author": "as67****",
    "review_id": "9034016",
    "movie_id": "10423"
  },
  {
    "review": "한국영화 치고는 독특한 영화..   시대가 많이 지난 지금도 볼만한 명작",
    "date": "14.04.11",
    "rating": "8",
    "author": "adiv****",
    "review_id": "8642833",
    "movie_id": "10423"
  },
  {
    "review": "지금 봐도 입이 다물어지지 않는 수작!!!",
    "date": "14.02.20",
    "rating": "9",
    "author": "keem****",
    "review_id": "8523383",
    "movie_id": "10423"
  },
  {
    "review": "진정한 한국 명작영화. 이대 앞에서 이쁘장 한  여자는  이대생이 아니라니깐!",
    "date": "13.08.20",
    "rating": "9",
    "author": "bing****",
    "review_id": "7905601",
    "movie_id": "10423"
  },
  {
    "review": "우리나라에 이런 영화가...",
    "date": "13.05.17",
    "rating": "9",
    "author": "mirj****",
    "review_id": "7534442",
    "movie_id": "10423"
  },
  {
    "review": "고다르의 영향을 많이 받은듯한... 주제가 아주 새롭진 않지만 다보고나면 짠하게 울리는 여운이 있다",
    "date": "13.04.13",
    "rating": "8",
    "author": "lapo****",
    "review_id": "7455852",
    "movie_id": "10423"
  },
  {
    "review": "지금 봐도 생소하고 놀랍다. 한국 영화 역사상 최고 걸작 중 하나.",
    "date": "12.09.01",
    "rating": "10",
    "author": "gate****",
    "review_id": "6661709",
    "movie_id": "10423"
  },
  {
    "review": "매우 훌륭한 영화!!",
    "date": "12.08.07",
    "rating": "10",
    "author": "thsd****",
    "review_id": "6579075",
    "movie_id": "10423"
  },
  {
    "review": "아름답다 이보희..거장답다 이장호.",
    "date": "12.05.13",
    "rating": "7",
    "author": "leti****",
    "review_id": "6294629",
    "movie_id": "10423"
  },
  {
    "review": "어릴적본한국영화중에가장기억에남는다.이보희진짜이쁘게나온영화",
    "date": "12.01.14",
    "rating": "10",
    "author": "a109****",
    "review_id": "5984298",
    "movie_id": "10423"
  },
  {
    "review": "병맛이지만 재밌음 ㅡㅡ;;",
    "date": "11.12.18",
    "rating": "10",
    "author": "yoyo****",
    "review_id": "5913588",
    "movie_id": "10423"
  },
  {
    "review": "위대한 실험정신",
    "date": "11.12.10",
    "rating": "10",
    "author": "imag****",
    "review_id": "5897433",
    "movie_id": "10423"
  },
  {
    "review": "오래전 영화지만...정말 괜찮은 영화...",
    "date": "11.11.22",
    "rating": "10",
    "author": "dear****",
    "review_id": "5865207",
    "movie_id": "10423"
  },
  {
    "review": "독재와 억압으로 숨막혔던 80년대의 분위기가 느껴졌다. 그러나 지금이 더 슬플지도..",
    "date": "11.11.16",
    "rating": "8",
    "author": "deka****",
    "review_id": "5853858",
    "movie_id": "10423"
  },
  {
    "review": "30년 가까이 지났지만 지금의 시대를 보는 것 같은 느낌...",
    "date": "11.09.12",
    "rating": "8",
    "author": "nine****",
    "review_id": "5725904",
    "movie_id": "10423"
  },
  {
    "review": "영화보면서 예술작품이란 말이 계속 되뇌여졌다.",
    "date": "11.09.01",
    "rating": "10",
    "author": "wcli****",
    "review_id": "5701979",
    "movie_id": "10423"
  },
  {
    "review": "정말 독특하고 신선하고 굉장한 작품이다. 두 번 다시 나오기 힘든 영화.",
    "date": "11.04.23",
    "rating": "9",
    "author": "jude****",
    "review_id": "5388644",
    "movie_id": "10423"
  },
  {
    "review": "김명곤띨빵한게내친구같더라저런사람들이사회에버림받고노숙자되지",
    "date": "11.03.09",
    "rating": "1",
    "author": "zzzo****",
    "review_id": "5301732",
    "movie_id": "10423"
  },
  {
    "review": "이 영화를 보지 않은 사람은 지금까지와 앞으로의 한국영화를 논하지 마라.",
    "date": "11.01.26",
    "rating": "10",
    "author": "ohw0****",
    "review_id": "5186000",
    "movie_id": "10423"
  },
  {
    "review": "한국영화의 최고걸작 걸작중의걸작",
    "date": "11.01.07",
    "rating": "10",
    "author": "rogu****",
    "review_id": "5136862",
    "movie_id": "10423"
  },
  {
    "review": "80년대 우리사회의 슬픈 자화상 .",
    "date": "10.03.19",
    "rating": "7",
    "author": "evil****",
    "review_id": "4368216",
    "movie_id": "10423"
  },
  {
    "review": "서양 영화문법의 독창적인 한국화 - 영화도 판소리,풍자가 된다. 걸작",
    "date": "10.01.18",
    "rating": "10",
    "author": "tumm****",
    "review_id": "4181694",
    "movie_id": "10423"
  },
  {
    "review": "한번 더 보고싶다",
    "date": "10.01.13",
    "rating": "10",
    "author": "pkh0****",
    "review_id": "4164755",
    "movie_id": "10423"
  },
  {
    "review": "잊을 수 없는 한국영화",
    "date": "09.03.01",
    "rating": "10",
    "author": "lemo****",
    "review_id": "3340372",
    "movie_id": "10423"
  },
  {
    "review": "최고의 한국 영화.. 절제된 영상, 연기, 스토리... 함축된 의미 우리네 사회를 꼬집는",
    "date": "09.02.16",
    "rating": "10",
    "author": "mins****",
    "review_id": "3307228",
    "movie_id": "10423"
  },
  {
    "review": "정말 명작입니다. 보면 압니다.",
    "date": "09.01.07",
    "rating": "10",
    "author": "bh11****",
    "review_id": "3199633",
    "movie_id": "10423"
  },
  {
    "review": "꼬마애의 나레이션이 귀에들려온다..똥칠이는.....",
    "date": "08.12.12",
    "rating": "10",
    "author": "dktm****",
    "review_id": "3109135",
    "movie_id": "10423"
  },
  {
    "review": "보는 내내 눈을 떼지 못하는 이유는 뭐였을까..",
    "date": "08.11.19",
    "rating": "10",
    "author": "cand****",
    "review_id": "3060188",
    "movie_id": "10423"
  },
  {
    "review": "뭐..뭐냐! 이 아방가르드한 영화는!?",
    "date": "08.11.10",
    "rating": "10",
    "author": "sega****",
    "review_id": "3043206",
    "movie_id": "10423"
  },
  {
    "review": "보는 내내 충격에 휩싸여 있었더랬다..",
    "date": "08.11.07",
    "rating": "10",
    "author": "asya****",
    "review_id": "3038710",
    "movie_id": "10423"
  },
  {
    "review": "80년대 영화를 우습게 볼 수 없는 이유.",
    "date": "08.07.28",
    "rating": "10",
    "author": "redp****",
    "review_id": "2809974",
    "movie_id": "10423"
  },
  {
    "review": "이보희 정말 예쁘다...",
    "date": "08.03.27",
    "rating": "8",
    "author": "foo_****",
    "review_id": "2545112",
    "movie_id": "10423"
  },
  {
    "review": "배리굿",
    "date": "08.03.09",
    "rating": "10",
    "author": "dldb****",
    "review_id": "2511823",
    "movie_id": "10423"
  },
  {
    "review": "별 기대 하지 않고 봤지만..... 이건 나의 예상을 뛰어넘는 대작...!! 10점도 아깝다",
    "date": "08.02.15",
    "rating": "10",
    "author": "qon2****",
    "review_id": "2447034",
    "movie_id": "10423"
  },
  {
    "review": "최고의 영화",
    "date": "08.02.10",
    "rating": "10",
    "author": "dhsv****",
    "review_id": "2433390",
    "movie_id": "10423"
  },
  {
    "review": "처음엔 이게 뭔가 싶더니 알고보니 풍자,웃음,눈물,사회비판 모든게 들어있다는...",
    "date": "08.02.05",
    "rating": "10",
    "author": "beni****",
    "review_id": "2411661",
    "movie_id": "10423"
  },
  {
    "review": "최근 보게되었는데, 요즘영화보다 더 참신하고 잘 만든 영화이다.",
    "date": "07.11.27",
    "rating": "10",
    "author": "s22l****",
    "review_id": "2188050",
    "movie_id": "10423"
  },
  {
    "review": "사회소외계층이 중심인 영화",
    "date": "07.11.13",
    "rating": "10",
    "author": "seee****",
    "review_id": "2148420",
    "movie_id": "10423"
  },
  {
    "review": "굉장히 실험적인 영화이자 재미도 갖춘 잘 만든영화..",
    "date": "07.10.30",
    "rating": "9",
    "author": "yggg****",
    "review_id": "2123453",
    "movie_id": "10423"
  },
  {
    "review": "이장호와 김명곤의 총명했던 시절..",
    "date": "07.09.11",
    "rating": "10",
    "author": "moon****",
    "review_id": "2014076",
    "movie_id": "10423"
  },
  {
    "review": "재밌다",
    "date": "07.08.13",
    "rating": "10",
    "author": "eek5****",
    "review_id": "1931467",
    "movie_id": "10423"
  },
  {
    "review": "어쩌다 봤는데, 전위성과 포스가 몰아친다. 청춘의 80년대",
    "date": "07.05.18",
    "rating": "10",
    "author": "chun****",
    "review_id": "1643833",
    "movie_id": "10423"
  },
  {
    "review": "20년 전에 봤는데  장면 장면이 생생한건 왜일까?",
    "date": "07.04.17",
    "rating": "10",
    "author": "saka****",
    "review_id": "1592713",
    "movie_id": "10423"
  },
  {
    "review": "사람을 미치게 만드는 풋내음",
    "date": "07.02.13",
    "rating": "10",
    "author": "hyst****",
    "review_id": "1468413",
    "movie_id": "10423"
  },
  {
    "review": "당시에 이런 영화 만드는거 목숨걸고 해야했다구...",
    "date": "06.10.28",
    "rating": "10",
    "author": "2old****",
    "review_id": "1202860",
    "movie_id": "10423"
  },
  {
    "review": "절제된 대사에서 느낄수있는 독특한 느낌의 영화",
    "date": "06.09.13",
    "rating": "10",
    "author": "sbrl****",
    "review_id": "1120118",
    "movie_id": "10423"
  },
  {
    "review": "내가 아주 어렸을 때 봤지만 아직도 선명히 기억하고픈 영화",
    "date": "06.01.18",
    "rating": "10",
    "author": "xgo7****",
    "review_id": "596769",
    "movie_id": "10423"
  },
  {
    "review": "사회 풍자의 리얼리티! 혹은 판타즘!",
    "date": "05.12.15",
    "rating": "7",
    "author": "tara****",
    "review_id": "505697",
    "movie_id": "10423"
  },
  {
    "review": "당시 현실만큼 암울한 영화! 동시에 미래를 꿰뚫는 놀라운 영화!",
    "date": "05.10.10",
    "rating": "10",
    "author": "mcps****",
    "review_id": "439559",
    "movie_id": "10423"
  },
  {
    "review": "바보선언의 영화적 기법은 당시는 물론 현대까지도 생소할정도다",
    "date": "05.09.14",
    "rating": "10",
    "author": "hero****",
    "review_id": "405280",
    "movie_id": "10423"
  },
  {
    "review": "나도 바보 선언 할련다.",
    "date": "05.07.01",
    "rating": "9",
    "author": "pb06****",
    "review_id": "310248",
    "movie_id": "10423"
  },
  {
    "review": "그때도 이런영화가 있었구나..^^ 이보희 각선미죽음...",
    "date": "05.01.20",
    "rating": "10",
    "author": "ss_l****",
    "review_id": "191106",
    "movie_id": "10423"
  },
  {
    "review": "이보희의 아름다움",
    "date": "04.12.03",
    "rating": "10",
    "author": "rtos****",
    "review_id": "156376",
    "movie_id": "10423"
  },
  {
    "review": "1983 바보선언 2004 명작선언.",
    "date": "04.06.21",
    "rating": "10",
    "author": "jsut****",
    "review_id": "57774",
    "movie_id": "10423"
  }
]