[
  {
    "review": "여기서 온라인으로 감상하실 수 있습니다. http://www.kmdb.or.kr/vod/vod_basic.asp?nation=K&p_dataid=00142&pgGubun=04#url",
    "date": "14.11.26",
    "rating": "10",
    "author": "flee****",
    "review_id": "9423066",
    "movie_id": "10426"
  },
  {
    "review": "KMDB 한국영화데이터베이스에서 상영중입니다 방금 보고 와서 댓글 남김니다...보다가 눈물이 났네요",
    "date": "14.11.22",
    "rating": "10",
    "author": "kalp****",
    "review_id": "9409870",
    "movie_id": "10426"
  },
  {
    "review": "이 영화 다시 볼 수 없나요??",
    "date": "14.09.16",
    "rating": "10",
    "author": "yeli****",
    "review_id": "9219367",
    "movie_id": "10426"
  },
  {
    "review": "꼭 보고 싶다....!",
    "date": "14.09.16",
    "rating": "10",
    "author": "moon****",
    "review_id": "9219319",
    "movie_id": "10426"
  },
  {
    "review": "꼭 보고 싶네요. 왠지 슬프것 같네요.",
    "date": "14.09.16",
    "rating": "10",
    "author": "dlgn****",
    "review_id": "9219216",
    "movie_id": "10426"
  },
  {
    "review": "다시 올리기 ㄱㄱ",
    "date": "10.01.29",
    "rating": "10",
    "author": "07eo****",
    "review_id": "4221690",
    "movie_id": "10426"
  },
  {
    "review": "내가 1점주면 5.5점 ㅋㅋ",
    "date": "09.07.31",
    "rating": "1",
    "author": "jhb1****",
    "review_id": "3688026",
    "movie_id": "10426"
  },
  {
    "review": "내가 처음인가?",
    "date": "08.11.16",
    "rating": "10",
    "author": "ming****",
    "review_id": "3054048",
    "movie_id": "10426"
  }
]