[
  {
    "review": "어린시절 인생의 공허함을 느끼게 해준 영화",
    "date": "15.04.18",
    "rating": "7",
    "author": "adiv****",
    "review_id": "9850659",
    "movie_id": "10425"
  },
  {
    "review": "소장하고 싶은 작품인데 다시라도 볼수 있다면 ... 여주인공들 연기 너무 좋았고 안성기씨의 그 허한 연기....기억에 아직도 남아 있다.",
    "date": "13.05.31",
    "rating": "10",
    "author": "cell****",
    "review_id": "7566328",
    "movie_id": "10425"
  },
  {
    "review": "예전에tv에서재미있게봤던그영화군!",
    "date": "07.11.18",
    "rating": "10",
    "author": "vera****",
    "review_id": "2160824",
    "movie_id": "10425"
  }
]