[
  {
    "review": "여자도 철학자가 될 수 있다는 걸 보여준 방 희의 명연기!",
    "date": "15.06.18",
    "rating": "9",
    "author": "risi****",
    "review_id": "10008164",
    "movie_id": "10421"
  },
  {
    "review": "재밋어요어떻게보나요",
    "date": "15.04.25",
    "rating": "7",
    "author": "kgs2****",
    "review_id": "9867259",
    "movie_id": "10421"
  },
  {
    "review": "달을 보며 숨을 참을 때 나도 모르게 따라 참았다. 손~!",
    "date": "14.10.22",
    "rating": "7",
    "author": "moon****",
    "review_id": "9308206",
    "movie_id": "10421"
  },
  {
    "review": "씩씩하게 살아갈 것이지 결말이 씁쓸하네",
    "date": "14.04.28",
    "rating": "7",
    "author": "almo****",
    "review_id": "8679381",
    "movie_id": "10421"
  },
  {
    "review": "나이가 들어 보니 명작중 최고 , 강수연은 연기천재며 극본 감독 완벽하다. 한국영화상 최고의 작품이다. 정말 완벽한 영화다",
    "date": "14.02.07",
    "rating": "10",
    "author": "neoo****",
    "review_id": "8482974",
    "movie_id": "10421"
  },
  {
    "review": "역겨운 유교사상을 잘 표현하긴 했는데, 촬영이나 음악 등이 너무 촌스럽다.",
    "date": "14.01.16",
    "rating": "6",
    "author": "ykdi****",
    "review_id": "8388800",
    "movie_id": "10421"
  },
  {
    "review": "네 몸이 아니면 풀 한포기 돌멩이 하나에도 정주지 마라.. 4살에 데뷰하여 20대초에 씨받이로 베니스 여우주연상을 탄 멋진 여배우 강수연.. 그래도 요즘시대라면 친자확인 소송걸고 언론플레이해서 돈 좀 뜯고 할텐데 그땐 순박했던듯하다",
    "date": "14.01.01",
    "rating": "8",
    "author": "danz****",
    "review_id": "8336214",
    "movie_id": "10421"
  },
  {
    "review": "씨받이에 대해 알게 되서 좋았지만 아다다보단 한참모자른다고 생각한다.",
    "date": "13.11.28",
    "rating": "7",
    "author": "a109****",
    "review_id": "8173255",
    "movie_id": "10421"
  },
  {
    "review": "강수연씨 천재적인 연기와 매력에 흠뻑빠졌습니다. 급기야 보다가 울고말았네요. 어릴땐 그냥 '뻔한 씨받이 영화' 아닌가..하고 생각했는데.. 성인이 되어 다시보니 인간의 감정과  시대적 상황을  은유적이면서도 섬세하게 표현한 명작이군요. Great~!",
    "date": "13.11.21",
    "rating": "10",
    "author": "attr****",
    "review_id": "8156718",
    "movie_id": "10421"
  },
  {
    "review": "한국적인게 세계적인것 맞군요 끝에는 아쉬운데 ... 김형자 불쌍해 계속 엉덩이만 맞음",
    "date": "13.09.20",
    "rating": "9",
    "author": "ui78****",
    "review_id": "8000728",
    "movie_id": "10421"
  },
  {
    "review": "네 몸이 아니면 풀 한포기 돌멩이 하나에도 정주지 마라",
    "date": "13.06.28",
    "rating": "8",
    "author": "bbq2****",
    "review_id": "7687145",
    "movie_id": "10421"
  },
  {
    "review": "어린나이에 재밌게 봤었던 제목이랑 포스터때문에 이상한 에로영화인줄 아는사람들도 있는데....",
    "date": "13.06.13",
    "rating": "8",
    "author": "dcts****",
    "review_id": "7633127",
    "movie_id": "10421"
  },
  {
    "review": "잘만들었네요...ㅎㅎㅎ",
    "date": "13.05.17",
    "rating": "9",
    "author": "mirj****",
    "review_id": "7534451",
    "movie_id": "10421"
  },
  {
    "review": "군더더기 하나 없이 깔끔한 전개.",
    "date": "13.02.08",
    "rating": "10",
    "author": "milk****",
    "review_id": "7237497",
    "movie_id": "10421"
  },
  {
    "review": "남자보단 여성들이 봐야 할 영화. 거부스러우면서도 애절한 영화.",
    "date": "12.12.06",
    "rating": "10",
    "author": "jsk9****",
    "review_id": "6977101",
    "movie_id": "10421"
  },
  {
    "review": "제목부터 에로틱~ ㅋ",
    "date": "12.07.17",
    "rating": "7",
    "author": "tn99****",
    "review_id": "6490085",
    "movie_id": "10421"
  },
  {
    "review": "최고의 영화다",
    "date": "12.06.27",
    "rating": "10",
    "author": "z8x9****",
    "review_id": "6419703",
    "movie_id": "10421"
  },
  {
    "review": "한국의 민속적인 전통의 뿌리를 파헤쳐보는 임권택 감독",
    "date": "11.06.05",
    "rating": "9",
    "author": "reno****",
    "review_id": "5464943",
    "movie_id": "10421"
  },
  {
    "review": "애틋한...",
    "date": "11.04.12",
    "rating": "8",
    "author": "0109****",
    "review_id": "5369883",
    "movie_id": "10421"
  },
  {
    "review": "강수연 뱃살 ㅋㅋㅋㅋ",
    "date": "11.03.09",
    "rating": "8",
    "author": "csmo****",
    "review_id": "5301398",
    "movie_id": "10421"
  },
  {
    "review": "80년대 작품치곤 연출이 완전 세련됐는데.",
    "date": "10.09.21",
    "rating": "9",
    "author": "nabe****",
    "review_id": "4854186",
    "movie_id": "10421"
  },
  {
    "review": "개인적으로 우리민족의한이 어쩌구...이런정서에 상당한 거부감이있다.영화제용 영화.",
    "date": "10.08.22",
    "rating": "3",
    "author": "baks****",
    "review_id": "4777943",
    "movie_id": "10421"
  },
  {
    "review": "ㅇ",
    "date": "10.05.11",
    "rating": "10",
    "author": "kopt****",
    "review_id": "4493033",
    "movie_id": "10421"
  },
  {
    "review": "이게..........영화란 말인가요......작품이지요........",
    "date": "10.03.31",
    "rating": "10",
    "author": "kore****",
    "review_id": "4399372",
    "movie_id": "10421"
  },
  {
    "review": "결국 그 시대의 씨받이도 대를 잇기 위한 도구만이 아닌 인간이었다는 당연한 사실...",
    "date": "10.03.08",
    "rating": "7",
    "author": "mygr****",
    "review_id": "4342761",
    "movie_id": "10421"
  },
  {
    "review": "갑자기 왜 그렇게 끝나나",
    "date": "10.01.23",
    "rating": "5",
    "author": "rose****",
    "review_id": "4202472",
    "movie_id": "10421"
  },
  {
    "review": "많은 걸 생각하게 하는 명화",
    "date": "09.11.23",
    "rating": "10",
    "author": "keem****",
    "review_id": "3984891",
    "movie_id": "10421"
  },
  {
    "review": "90년대 재방영할때에 부모님 몰래 보면서 강수연씨를 사랑했던 -_-x",
    "date": "09.10.20",
    "rating": "10",
    "author": "ds2p****",
    "review_id": "3904700",
    "movie_id": "10421"
  },
  {
    "review": "김형자의 열연과 마지막 장면이 인상적이다.",
    "date": "09.08.09",
    "rating": "8",
    "author": "turb****",
    "review_id": "3728402",
    "movie_id": "10421"
  },
  {
    "review": "불쾌한 자학적 역사관. 역 오리엔탈리즘.",
    "date": "09.06.11",
    "rating": "2",
    "author": "lull****",
    "review_id": "3558028",
    "movie_id": "10421"
  },
  {
    "review": "씨받는 자세가 탁월하네..",
    "date": "09.05.31",
    "rating": "10",
    "author": "zinc****",
    "review_id": "3535536",
    "movie_id": "10421"
  },
  {
    "review": "남아선호라고 말은 하는데...애초에 불임이잖아?",
    "date": "09.05.15",
    "rating": "6",
    "author": "expr****",
    "review_id": "3497618",
    "movie_id": "10421"
  },
  {
    "review": "이루어질수 없는 사랑과 남아선호사상의 안타까운 희생양",
    "date": "08.12.21",
    "rating": "10",
    "author": "1070****",
    "review_id": "3136365",
    "movie_id": "10421"
  },
  {
    "review": "소시적 야한거 기대하면서 봤던 추억",
    "date": "08.10.03",
    "rating": "8",
    "author": "seun****",
    "review_id": "2979477",
    "movie_id": "10421"
  },
  {
    "review": "20년 전의 영화라고 믿기지 않는 영상미, 강수연 연기 작렬!",
    "date": "08.07.21",
    "rating": "10",
    "author": "marc****",
    "review_id": "2788233",
    "movie_id": "10421"
  },
  {
    "review": "20년을 앞서간 거장의 안목",
    "date": "08.02.26",
    "rating": "9",
    "author": "meth****",
    "review_id": "2483770",
    "movie_id": "10421"
  },
  {
    "review": "그시대 여인들의 아픔을 느낄수 있었다",
    "date": "07.10.18",
    "rating": "8",
    "author": "21cs****",
    "review_id": "2096098",
    "movie_id": "10421"
  },
  {
    "review": "강수연은 인정을 받았다..그것만 축하해 드리고 싶다..",
    "date": "07.07.21",
    "rating": "6",
    "author": "skat****",
    "review_id": "1796125",
    "movie_id": "10421"
  },
  {
    "review": "최고",
    "date": "07.05.28",
    "rating": "10",
    "author": "ehdd****",
    "review_id": "1670105",
    "movie_id": "10421"
  },
  {
    "review": "완벽한 연기, 강수연 만세~~!",
    "date": "07.02.04",
    "rating": "10",
    "author": "cmh4****",
    "review_id": "1443588",
    "movie_id": "10421"
  },
  {
    "review": "리메이크했으면 좋겠다.",
    "date": "07.02.03",
    "rating": "10",
    "author": "yjn1****",
    "review_id": "1440384",
    "movie_id": "10421"
  },
  {
    "review": "에로티시즘을 잘 보여준 한국영화.",
    "date": "07.02.01",
    "rating": "9",
    "author": "skss****",
    "review_id": "1433884",
    "movie_id": "10421"
  },
  {
    "review": "영화보다 포스터가 더 야한거 같애..뻘개가지구..ㅡ.ㅡ",
    "date": "07.01.04",
    "rating": "7",
    "author": "naeg****",
    "review_id": "1355655",
    "movie_id": "10421"
  },
  {
    "review": "난 별루다",
    "date": "07.01.03",
    "rating": "2",
    "author": "nala****",
    "review_id": "1353101",
    "movie_id": "10421"
  },
  {
    "review": "명작이다.",
    "date": "06.09.12",
    "rating": "10",
    "author": "yjh2****",
    "review_id": "1119180",
    "movie_id": "10421"
  },
  {
    "review": "명작",
    "date": "06.08.02",
    "rating": "10",
    "author": "zeed****",
    "review_id": "959154",
    "movie_id": "10421"
  },
  {
    "review": "미안하다..해외에서 상을 타도.. 에로물로 밖에 안보인다..",
    "date": "06.08.02",
    "rating": "9",
    "author": "src5****",
    "review_id": "955298",
    "movie_id": "10421"
  },
  {
    "review": "강수연이 솥뚜껑위에서 소리지르던 모습이 아직도 생생",
    "date": "06.03.16",
    "rating": "7",
    "author": "seon****",
    "review_id": "718491",
    "movie_id": "10421"
  },
  {
    "review": "과거의 우리 모습 보여주기. 혹은 숨기기.",
    "date": "05.12.15",
    "rating": "5",
    "author": "tara****",
    "review_id": "505720",
    "movie_id": "10421"
  },
  {
    "review": "강수연의 열연과 시대의 영화로는 정말 애절함",
    "date": "05.12.09",
    "rating": "10",
    "author": "ring****",
    "review_id": "498979",
    "movie_id": "10421"
  },
  {
    "review": "그시대 영화치고는 참 잘만들었다.",
    "date": "05.08.04",
    "rating": "9",
    "author": "radi****",
    "review_id": "351980",
    "movie_id": "10421"
  },
  {
    "review": "너무나 한국적인 걸로 세계화를 부르짓지 말자.",
    "date": "05.08.03",
    "rating": "7",
    "author": "izzo****",
    "review_id": "349268",
    "movie_id": "10421"
  },
  {
    "review": "한국영화가 주목받지 못했던 시절의영화,,, 잘 만들어졌다~",
    "date": "05.04.03",
    "rating": "10",
    "author": "lama****",
    "review_id": "252228",
    "movie_id": "10421"
  },
  {
    "review": "...",
    "date": "05.03.26",
    "rating": "8",
    "author": "milk****",
    "review_id": "247196",
    "movie_id": "10421"
  },
  {
    "review": "그시절..씨받이의 생활..아들을 찾던 그녀의 울음",
    "date": "05.03.13",
    "rating": "8",
    "author": "red0****",
    "review_id": "240457",
    "movie_id": "10421"
  },
  {
    "review": "음...좀 짜증나는내용때문에...ㅡㅡ;",
    "date": "04.11.11",
    "rating": "8",
    "author": "anji****",
    "review_id": "144177",
    "movie_id": "10421"
  },
  {
    "review": "냉철한 임권택과 열정적인 강수연의 만남..",
    "date": "04.06.17",
    "rating": "9",
    "author": "leff****",
    "review_id": "55346",
    "movie_id": "10421"
  }
]