[
  {
    "review": "신음의 아들임... 왜인지는 보면 아실듯",
    "date": "15.08.09",
    "rating": "1",
    "author": "hlov****",
    "review_id": "10207461",
    "movie_id": "10420"
  },
  {
    "review": "말이필요없다 쵝오 액션,음악,캐릭터 쵝오!!",
    "date": "15.08.04",
    "rating": "10",
    "author": "kusu****",
    "review_id": "10185184",
    "movie_id": "10420"
  },
  {
    "review": "예전 영화라도 이런 한국영화라면 언제든지 환영한다! 하지만 요세 아이돌 잡것들 기어나오는 한국영화는 반성해야한다!!",
    "date": "15.07.27",
    "rating": "10",
    "author": "ske4****",
    "review_id": "10149581",
    "movie_id": "10420"
  },
  {
    "review": "일제 시대 기생충이야기.. 그래도 역사적 의미는 있다.",
    "date": "15.04.02",
    "rating": "6",
    "author": "pont****",
    "review_id": "9821052",
    "movie_id": "10420"
  },
  {
    "review": "25년이 지난 지금 이 명작을 이제야 보다니!!! 지금 봐도 전혀 촌스럽지 않은 한국 액션영화계의 교과서!!! 최고로 잘 만들었다!!!",
    "date": "15.03.28",
    "rating": "10",
    "author": "robo****",
    "review_id": "9813055",
    "movie_id": "10420"
  },
  {
    "review": "어릴땐 그렇게 재밌더니 요즘봐선 그닥 ㅋㅋ 한국영화가 얼마나 발전했는지 느꼈다",
    "date": "15.03.25",
    "rating": "7",
    "author": "dcts****",
    "review_id": "9804336",
    "movie_id": "10420"
  },
  {
    "review": "심영 역의 최양락의 명연기가 예술이었다. \"으악! 내가 고자라니! 고자라니! 으헣헣.. 난 망했어. 내가 고자라니!\"",
    "date": "15.02.02",
    "rating": "10",
    "author": "gera****",
    "review_id": "9660956",
    "movie_id": "10420"
  },
  {
    "review": "20년이 지나서 다시봐도 재밌다.",
    "date": "14.12.24",
    "rating": "10",
    "author": "mbjs****",
    "review_id": "9506553",
    "movie_id": "10420"
  },
  {
    "review": "당시 제작 수준을 감안하면 새롭고 분명 뛰어난 작품",
    "date": "14.11.28",
    "rating": "7",
    "author": "kuss****",
    "review_id": "9428281",
    "movie_id": "10420"
  },
  {
    "review": "어린시절부터해서 내가 가장많이봤던 영화가장군의아들이다 너무많이봐서 대사랑 장면까지 다외울정도로 많이본영화 ㅎㅎㅎ",
    "date": "14.11.15",
    "rating": "10",
    "author": "tlst****",
    "review_id": "9385661",
    "movie_id": "10420"
  },
  {
    "review": "지금 다시 봐도 킬링타임용으로도 손색없을만큼 재미있는 영화",
    "date": "14.10.11",
    "rating": "10",
    "author": "tlaq****",
    "review_id": "9283260",
    "movie_id": "10420"
  },
  {
    "review": "아직도 왜 김두환과 별로 어울리지 않는 박상민이 캐스팅 되었는지 이해가 안간다. 그리고 사실과는 많이 다르다.",
    "date": "14.10.01",
    "rating": "7",
    "author": "csmo****",
    "review_id": "9251850",
    "movie_id": "10420"
  },
  {
    "review": "24년전에 만들었지만 최고!! 아~초딩때부터 지금까지 20번은 넘게 본듯하다 최고!!",
    "date": "14.09.24",
    "rating": "10",
    "author": "viol****",
    "review_id": "9238001",
    "movie_id": "10420"
  },
  {
    "review": "한국영화 흥행 신기록을  갱신했던 박상민 데뷔작품..단성사에서 5번 봤던 기억이.. ^^",
    "date": "14.09.09",
    "rating": "10",
    "author": "9kuu****",
    "review_id": "9187929",
    "movie_id": "10420"
  },
  {
    "review": "종로 시장거리 세트장만 봐도 10점이다.",
    "date": "14.09.08",
    "rating": "10",
    "author": "dma9****",
    "review_id": "9185809",
    "movie_id": "10420"
  },
  {
    "review": "무명의 이름도 없는 박상민을 대박 스타로 만든 영화..  지금도 볼만하다.",
    "date": "14.08.02",
    "rating": "8",
    "author": "adiv****",
    "review_id": "9007806",
    "movie_id": "10420"
  },
  {
    "review": "90년도면 4살때 나온네그시절 졸라 재미있게 즐겁게 좋아했던추억의 레전드네 김두한 조선잇뽕의낭만드라마인기라 ㅋ",
    "date": "14.07.26",
    "rating": "10",
    "author": "yyho****",
    "review_id": "8963199",
    "movie_id": "10420"
  },
  {
    "review": "아 진짜너무좋다ㅋㅋㅋ볼때마다 잼있당♥♥♥20년이지나도 대박잼있다눙~!울상미니오빠넘귀엽긔~♥",
    "date": "14.07.07",
    "rating": "10",
    "author": "ball****",
    "review_id": "8892507",
    "movie_id": "10420"
  },
  {
    "review": "90년에 만든 영화치곤 여러가지 면에서 골고루 ㅅㅌㅊ라 본다. 하지만 별하나준다. 왜냐? 심술이다.",
    "date": "14.06.30",
    "rating": "2",
    "author": "chak****",
    "review_id": "8871844",
    "movie_id": "10420"
  },
  {
    "review": "이영화가 잘만들어진 이유중 하나가 맞은배역들의 몰입도가 장난아님 깡패들 표정도 전혀 어색하지않고 매순간순간 그에 맞는 표정을 잘짓고 다들 연기력이 장난아닌듯 난 영화보면서 어색한표정 나오면 딱질색인데 이영화는 완전 수준급연기력",
    "date": "14.06.11",
    "rating": "10",
    "author": "polo****",
    "review_id": "8821915",
    "movie_id": "10420"
  },
  {
    "review": "나가 전라도 망치여.. 돈내고 밥먹은적 없고 돈내고 영화 본적 없응께. 죽고싶덜 않으면 저리 꺼져부러라잉..ㅎㅎ 아직도 기억하늗 망치의 대사. 장군의 아들은 언제봐도 재밌다.",
    "date": "14.06.04",
    "rating": "10",
    "author": "outs****",
    "review_id": "8791926",
    "movie_id": "10420"
  },
  {
    "review": "최고지 당근 최고지 ㅎㅎ",
    "date": "14.05.25",
    "rating": "10",
    "author": "nrg0****",
    "review_id": "8762694",
    "movie_id": "10420"
  },
  {
    "review": "지금보면 촌스럽고 코미디 같은데 그 시절에는 명작이었지. 특히 빠른 전개는 진짜 압권임",
    "date": "14.04.18",
    "rating": "9",
    "author": "hong****",
    "review_id": "8656310",
    "movie_id": "10420"
  },
  {
    "review": "굉장히 좋은 작품이다.그래도 평점조절을 위해 1점을준다.한 7.4가 적당하지않나싶다.",
    "date": "14.03.29",
    "rating": "1",
    "author": "miah****",
    "review_id": "8616509",
    "movie_id": "10420"
  },
  {
    "review": "실제 사실은 어땠는지 모르겠으나 의로운 협객으로서 김두한이 거지패에서 종로 최고의 주먹으로 평정하는 초기 모습을 잘 보여 줌. 배경음악이 영상과 잘 어울린다는 느낌. 참고로 황정민이 우미관 지배인으로 나와서 유명하기도 한 영화.",
    "date": "14.03.15",
    "rating": "9",
    "author": "jjaj****",
    "review_id": "8576972",
    "movie_id": "10420"
  },
  {
    "review": "어렸을때 참 재미나게 보았습니다. 박상민 대뷔작 쯤 되는 걸로 알고 있어요.",
    "date": "14.02.11",
    "rating": "10",
    "author": "caus****",
    "review_id": "8497148",
    "movie_id": "10420"
  },
  {
    "review": "90년대라 촌스럽긴 하지만 그래도 이만하면 명작이다.. 게다가 야인시대랑 달라서 또 명작인거 같고",
    "date": "14.02.05",
    "rating": "6",
    "author": "kyn9****",
    "review_id": "8477623",
    "movie_id": "10420"
  },
  {
    "review": "일본영화 문법에서 독립한, 한국형 협객액션! 유치한 각본과 대사들은 거슬리지만! 독창적인 촬영, 빠른 호흡은 힘차다! 일대일과 다찌마와리에서, 가라데, 유도, 검도를 신나게 깨부수는 택껸과 씨름의 동작들! 스키야키를 쏟아낸 뚝배기에서 끓인 곰탕의 맛!",
    "date": "14.01.15",
    "rating": "8",
    "author": "wana****",
    "review_id": "8385290",
    "movie_id": "10420"
  },
  {
    "review": "나 10살때 나온 영화인데 지금도 재밌네 ㅋ",
    "date": "13.09.21",
    "rating": "10",
    "author": "clay****",
    "review_id": "8004094",
    "movie_id": "10420"
  },
  {
    "review": "다른 조폭 느와르와 달리 액션신이 군더더기 없고  지루하지 않게 잘 만들었습니다 지금 봐도 재밌네요",
    "date": "13.09.02",
    "rating": "10",
    "author": "anra****",
    "review_id": "7942727",
    "movie_id": "10420"
  },
  {
    "review": "잼있다",
    "date": "13.08.22",
    "rating": "10",
    "author": "jd17****",
    "review_id": "7911658",
    "movie_id": "10420"
  },
  {
    "review": "최고입니다 멎진여행입니다",
    "date": "13.08.12",
    "rating": "10",
    "author": "subs****",
    "review_id": "7873781",
    "movie_id": "10420"
  },
  {
    "review": "명작은 명작 박상민씨 정말 멋있습니다. ^^",
    "date": "13.07.08",
    "rating": "10",
    "author": "look****",
    "review_id": "7716490",
    "movie_id": "10420"
  },
  {
    "review": "예전영화지만 지금봐도 최고네요",
    "date": "13.06.02",
    "rating": "10",
    "author": "hoon****",
    "review_id": "7571549",
    "movie_id": "10420"
  },
  {
    "review": "언제봐도 최고다",
    "date": "13.05.09",
    "rating": "10",
    "author": "tjdw****",
    "review_id": "7517403",
    "movie_id": "10420"
  },
  {
    "review": "야쿠자 vs 조폭이라는 한일전이 종로 뒷골목에서 벌어진다...한국군 vs 일본군이라는 메이저리그와는 전혀 다른 방식의 마이너리그 그들만의 자릿세를 빼앗기위한 짐승같은 투기장을 오락적으로 잘 그려냈다. 개웃겨~",
    "date": "13.05.07",
    "rating": "10",
    "author": "bajj****",
    "review_id": "7513593",
    "movie_id": "10420"
  },
  {
    "review": "꺠알같은 박상민.신현준의 데뷔 명작.",
    "date": "13.05.01",
    "rating": "10",
    "author": "cred****",
    "review_id": "7498517",
    "movie_id": "10420"
  },
  {
    "review": "당연히 10점... 뭔말이 필요한가.",
    "date": "13.04.14",
    "rating": "10",
    "author": "jjjk****",
    "review_id": "7458112",
    "movie_id": "10420"
  },
  {
    "review": "잘만든거같아요 요즘도 즐겨봄",
    "date": "13.04.12",
    "rating": "10",
    "author": "utod****",
    "review_id": "7454670",
    "movie_id": "10420"
  },
  {
    "review": "재미있고 박상민액션괜찮고 임권택감독의하류인생보다이게남 하류인생은잘나가다가 좀엉킴",
    "date": "13.04.09",
    "rating": "7",
    "author": "wonb****",
    "review_id": "7445688",
    "movie_id": "10420"
  },
  {
    "review": "몰입감 최고 액션최고 연출 좋고 내용또한 굿",
    "date": "13.03.28",
    "rating": "10",
    "author": "gmhy****",
    "review_id": "7417601",
    "movie_id": "10420"
  },
  {
    "review": "옛날에는몰랐는데 지름보니 걸작이다",
    "date": "13.03.23",
    "rating": "10",
    "author": "ksdr****",
    "review_id": "7398092",
    "movie_id": "10420"
  },
  {
    "review": "어렸을때는 액션만 보였다면 다시 보니 드라마가 보이네요 걸작이죠",
    "date": "13.02.25",
    "rating": "8",
    "author": "airk****",
    "review_id": "7301290",
    "movie_id": "10420"
  },
  {
    "review": "남자들의 붉은피를 들끓게 만드는 영화.",
    "date": "13.01.05",
    "rating": "10",
    "author": "shki****",
    "review_id": "7085396",
    "movie_id": "10420"
  },
  {
    "review": "지금에서야 보고 있는데 지금 봐도 연출이나 화면 구도같은게 촌티가 나지 않는다",
    "date": "12.12.31",
    "rating": "10",
    "author": "tbvj****",
    "review_id": "7067205",
    "movie_id": "10420"
  },
  {
    "review": "장군의아들재미있다^^*",
    "date": "12.12.25",
    "rating": "10",
    "author": "punk****",
    "review_id": "7041442",
    "movie_id": "10420"
  },
  {
    "review": "재미있긴한데 아역배우들이 완전 발연기 ㅋㅋ",
    "date": "12.11.14",
    "rating": "8",
    "author": "ykj3****",
    "review_id": "6887188",
    "movie_id": "10420"
  },
  {
    "review": "너무 재밌어! 정말 걸작이다",
    "date": "12.09.10",
    "rating": "10",
    "author": "kimg****",
    "review_id": "6685958",
    "movie_id": "10420"
  },
  {
    "review": "지금보면 코메디. ㅋㅋㅋ",
    "date": "12.09.10",
    "rating": "7",
    "author": "kck0****",
    "review_id": "6683922",
    "movie_id": "10420"
  },
  {
    "review": "짱죠아",
    "date": "12.07.20",
    "rating": "10",
    "author": "k826****",
    "review_id": "6499623",
    "movie_id": "10420"
  },
  {
    "review": "영화가 아닌 실제같은 액션이 있어... 더 멋있다!!!",
    "date": "12.07.12",
    "rating": "9",
    "author": "youn****",
    "review_id": "6473264",
    "movie_id": "10420"
  },
  {
    "review": "한국 액션영화중 손에꼽힘.",
    "date": "12.07.11",
    "rating": "10",
    "author": "kem1****",
    "review_id": "6468833",
    "movie_id": "10420"
  },
  {
    "review": "화자는 후애 어떻게 됐을까..",
    "date": "12.06.02",
    "rating": "10",
    "author": "007m****",
    "review_id": "6356313",
    "movie_id": "10420"
  },
  {
    "review": "15세라 학교서 수업시간에 봤는데 떡치는 장면이 두번이나 나와서,, 너무좋았다 ㅡㅡ",
    "date": "12.05.25",
    "rating": "10",
    "author": "mn43****",
    "review_id": "6330128",
    "movie_id": "10420"
  },
  {
    "review": "바람따라 구름따라~흘러온내인생길~~...이노래원곡이뭔가요?",
    "date": "12.05.07",
    "rating": "10",
    "author": "elli****",
    "review_id": "6280281",
    "movie_id": "10420"
  },
  {
    "review": "은근한 디테일.... ㅋㅋ 당시엔 꽤나 괜찮았을듯",
    "date": "12.04.17",
    "rating": "9",
    "author": "chob****",
    "review_id": "6228607",
    "movie_id": "10420"
  },
  {
    "review": "역사와 재미를 적절히 배합했고, 참신한 얼굴이 극을 살린다",
    "date": "12.03.12",
    "rating": "8",
    "author": "kos4****",
    "review_id": "6139088",
    "movie_id": "10420"
  },
  {
    "review": "액션과 김두한, 동전의 양면같지만 정의로운 측면이 잘 전개된 1편..",
    "date": "12.02.05",
    "rating": "8",
    "author": "crui****",
    "review_id": "6053320",
    "movie_id": "10420"
  },
  {
    "review": "너무너무다십고싶어글을올립니다한역사의 장 을올린당신을 내마음속에서영원히간직합니다",
    "date": "11.12.31",
    "rating": "9",
    "author": "fire****",
    "review_id": "5950058",
    "movie_id": "10420"
  },
  {
    "review": "'그 당시엔' 괜찮았다..",
    "date": "11.11.20",
    "rating": "8",
    "author": "tn99****",
    "review_id": "5862377",
    "movie_id": "10420"
  },
  {
    "review": "한국영화의 부흥기 이전에는 졸작들 많아서 대분분 한국영화 안보던시기",
    "date": "11.11.14",
    "rating": "10",
    "author": "kgb5****",
    "review_id": "5850088",
    "movie_id": "10420"
  },
  {
    "review": "도올 김용옥 석좌교수가 각본을 썼는지 이제야 알았네요. 역시 명작!",
    "date": "11.11.07",
    "rating": "9",
    "author": "hsw7****",
    "review_id": "5833919",
    "movie_id": "10420"
  },
  {
    "review": "이거본 남자들 모두 어깨에 힘즘 들어 갔지",
    "date": "11.09.18",
    "rating": "8",
    "author": "milk****",
    "review_id": "5740051",
    "movie_id": "10420"
  },
  {
    "review": "코리안 액션 무비의 한 획을 그은 작품~!",
    "date": "11.09.11",
    "rating": "9",
    "author": "aill****",
    "review_id": "5722617",
    "movie_id": "10420"
  },
  {
    "review": "말이 필요없는 국내 액션 영화 전설",
    "date": "11.09.07",
    "rating": "10",
    "author": "hana****",
    "review_id": "5712790",
    "movie_id": "10420"
  },
  {
    "review": "양아치한테 나라를 맡기느니 일본인한테 나라를 맡기겠다",
    "date": "11.07.04",
    "rating": "1",
    "author": "nsli****",
    "review_id": "5520979",
    "movie_id": "10420"
  },
  {
    "review": "꾸밈없는 터프함이 매력적인 영화",
    "date": "11.06.24",
    "rating": "7",
    "author": "ojt1****",
    "review_id": "5497086",
    "movie_id": "10420"
  },
  {
    "review": "조선 제일의 주먹 김두한",
    "date": "11.06.03",
    "rating": "10",
    "author": "bsm9****",
    "review_id": "5461546",
    "movie_id": "10420"
  },
  {
    "review": "90년 영화치고는...확실히 괜찮은듯....괜찮은정도..ㅎ",
    "date": "11.04.30",
    "rating": "8",
    "author": "zang****",
    "review_id": "5399736",
    "movie_id": "10420"
  },
  {
    "review": "지금 봐도 액션에 손색이 없을 정도",
    "date": "11.04.25",
    "rating": "8",
    "author": "ccpk****",
    "review_id": "5392339",
    "movie_id": "10420"
  },
  {
    "review": "명감독과 명스텝이 빚어낸 한국 격투물 전설.",
    "date": "11.04.25",
    "rating": "8",
    "author": "rame****",
    "review_id": "5392337",
    "movie_id": "10420"
  },
  {
    "review": "실제 김두한의 거구에다가 험악한 인상을 생각한다면 좀 미스캐스팅인거 같기도",
    "date": "11.04.25",
    "rating": "8",
    "author": "kpcc****",
    "review_id": "5392336",
    "movie_id": "10420"
  },
  {
    "review": "굿....!!!",
    "date": "11.03.31",
    "rating": "10",
    "author": "zzxx****",
    "review_id": "5345105",
    "movie_id": "10420"
  },
  {
    "review": "역시 김두한은 우리의 영원한 우상이다.",
    "date": "11.02.03",
    "rating": "10",
    "author": "odjs****",
    "review_id": "5210134",
    "movie_id": "10420"
  },
  {
    "review": "재밌었는데 박상민은 굿 캐스팅",
    "date": "11.01.24",
    "rating": "8",
    "author": "rudd****",
    "review_id": "5180794",
    "movie_id": "10420"
  },
  {
    "review": "말이 필요없는 최고의 영화!!",
    "date": "11.01.24",
    "rating": "10",
    "author": "flym****",
    "review_id": "5180599",
    "movie_id": "10420"
  },
  {
    "review": "매력적인 주먹의 세계",
    "date": "11.01.05",
    "rating": "9",
    "author": "yser****",
    "review_id": "5130095",
    "movie_id": "10420"
  },
  {
    "review": "진정한 의리와 명예의 남자들의 세계",
    "date": "10.09.20",
    "rating": "9",
    "author": "jjhm****",
    "review_id": "4849710",
    "movie_id": "10420"
  },
  {
    "review": "아직도 20년전 관람 후 영화관을 나설때의 느낌을 지울수 없다. 최고~!!",
    "date": "10.08.03",
    "rating": "10",
    "author": "f4je****",
    "review_id": "4701768",
    "movie_id": "10420"
  },
  {
    "review": "보고 또 봐도 멋진 영화 ㅋ 잼난다 ㅋ",
    "date": "10.07.15",
    "rating": "10",
    "author": "fbgn****",
    "review_id": "4641746",
    "movie_id": "10420"
  },
  {
    "review": "싸움군이지조선의나은장군에아들이야...",
    "date": "10.06.10",
    "rating": "10",
    "author": "pgj7****",
    "review_id": "4555632",
    "movie_id": "10420"
  },
  {
    "review": "조선최고의 협객. 정말최고!",
    "date": "10.04.03",
    "rating": "10",
    "author": "skar****",
    "review_id": "4408511",
    "movie_id": "10420"
  },
  {
    "review": "흥행을 의식했건 아니건 간에, 이만하면 임권택의 새로운 도전은 성곡적이었다",
    "date": "10.03.31",
    "rating": "8",
    "author": "mygr****",
    "review_id": "4399225",
    "movie_id": "10420"
  },
  {
    "review": "김두한은 야쿠자 선우영빈과 호형호제했던 한낱 깡패새끼에 불과하다",
    "date": "10.02.02",
    "rating": "1",
    "author": "rd72****",
    "review_id": "4238252",
    "movie_id": "10420"
  },
  {
    "review": "역시, 괜히 장군의 아들이 아니다,,, 다시봐도 굿",
    "date": "09.12.29",
    "rating": "10",
    "author": "meei****",
    "review_id": "4105860",
    "movie_id": "10420"
  },
  {
    "review": "부족하지만 의미있는 액션",
    "date": "09.12.06",
    "rating": "5",
    "author": "pria****",
    "review_id": "4021922",
    "movie_id": "10420"
  },
  {
    "review": "최고다 한국액션영화에서 빼놓을 수 없는 걸작이자 수작...매우훌륭했다",
    "date": "09.12.02",
    "rating": "9",
    "author": "thra****",
    "review_id": "4009065",
    "movie_id": "10420"
  },
  {
    "review": "나우미관의 김두한이야",
    "date": "09.11.24",
    "rating": "10",
    "author": "ss40****",
    "review_id": "3987886",
    "movie_id": "10420"
  },
  {
    "review": "야인 김두한을 싫어하시는분 깡패로 보시는분들은 보지마시길",
    "date": "09.11.07",
    "rating": "10",
    "author": "kjh8****",
    "review_id": "3942048",
    "movie_id": "10420"
  },
  {
    "review": "내년에는 진짜 [장군의 아들] 다큐를 볼 수 있다-은빛미디어.  가짜 싸움을 끝내줄게",
    "date": "09.10.17",
    "rating": "10",
    "author": "yesr****",
    "review_id": "3898717",
    "movie_id": "10420"
  },
  {
    "review": "무식한 임권택이 김두한을 백야선생의 아들로 둔갑시켰다. 그 역사적 죄는 아주크다.",
    "date": "09.10.17",
    "rating": "1",
    "author": "yanu****",
    "review_id": "3897634",
    "movie_id": "10420"
  },
  {
    "review": "지금봐도 볼만하네 하야시 눈깔게 만드는 김두한 하지만 넌 장군의 아들이 아니래드라",
    "date": "09.10.11",
    "rating": "7",
    "author": "papi****",
    "review_id": "3886167",
    "movie_id": "10420"
  },
  {
    "review": "하하",
    "date": "09.10.05",
    "rating": "10",
    "author": "nice****",
    "review_id": "3875731",
    "movie_id": "10420"
  },
  {
    "review": "액션이 재밌다..어렸을땐 멋도 모르고 싸우는거라 좋아했음",
    "date": "09.09.24",
    "rating": "8",
    "author": "jbc1****",
    "review_id": "3847802",
    "movie_id": "10420"
  },
  {
    "review": "미화된 김두한이 아닌 진짜 김두한의 모습",
    "date": "09.06.20",
    "rating": "9",
    "author": "blob****",
    "review_id": "3577188",
    "movie_id": "10420"
  },
  {
    "review": "꼬맹이시젎 아버지 품에 안겨서 본 영화.그때가 그립군아~~",
    "date": "09.05.01",
    "rating": "10",
    "author": "pian****",
    "review_id": "3453962",
    "movie_id": "10420"
  },
  {
    "review": "한국영화의 전설로 남을듯",
    "date": "09.05.01",
    "rating": "9",
    "author": "vill****",
    "review_id": "3453200",
    "movie_id": "10420"
  },
  {
    "review": "괜찬습니다.",
    "date": "09.04.18",
    "rating": "9",
    "author": "enia****",
    "review_id": "3427987",
    "movie_id": "10420"
  },
  {
    "review": "어릴적 너무나 재미있게 봤던 영화 ㅋ_ㅋ",
    "date": "09.03.14",
    "rating": "7",
    "author": "tleh****",
    "review_id": "3365316",
    "movie_id": "10420"
  },
  {
    "review": "명감독과 명스텝이 빚어낸 한국 격투물 전설. 신예들 연기력이 좀 부족한 것만 흠.",
    "date": "09.03.06",
    "rating": "9",
    "author": "sykm****",
    "review_id": "3349605",
    "movie_id": "10420"
  }
]