[
  {
    "review": "미스테리 기법을 이야기 구조속에 넣은 것은 좋았으나, 너무 허술하고 유치하다",
    "date": "15.07.17",
    "rating": "5",
    "author": "ykdi****",
    "review_id": "10113663",
    "movie_id": "10422"
  },
  {
    "review": "저 어우동이 나중에 웃어라 동해야에서 지창욱의 장모가 됩니다.돈을 열나게 밝히는....",
    "date": "15.04.06",
    "rating": "10",
    "author": "rbag****",
    "review_id": "9831368",
    "movie_id": "10422"
  },
  {
    "review": "이보희 누님 쩌네요.. 엄청 아름다우심 ㄷㄷㄷ",
    "date": "15.03.12",
    "rating": "8",
    "author": "milk****",
    "review_id": "9774165",
    "movie_id": "10422"
  },
  {
    "review": "에로의 시각으로만 보지 말고 영화가 말하고자 하는 주제에 주목해서 본다면 잘못된 풍토와 악습, 남존여비사상 그리고 권력에 희생되어 온 민초들의 삶의 애환이 녹아있는 수작이다.",
    "date": "15.02.11",
    "rating": "8",
    "author": "jisa****",
    "review_id": "9686772",
    "movie_id": "10422"
  },
  {
    "review": "이보희..80년대의 관능미!",
    "date": "14.12.26",
    "rating": "7",
    "author": "pont****",
    "review_id": "9517487",
    "movie_id": "10422"
  },
  {
    "review": "영화의 완성도를 떠나서 사회적으로 미친 영향을 보면 정말 엄청났지",
    "date": "14.06.05",
    "rating": "7",
    "author": "deff****",
    "review_id": "8796827",
    "movie_id": "10422"
  },
  {
    "review": "에로 물이지만 사회. 정치.풍자 영화임.",
    "date": "14.04.11",
    "rating": "6",
    "author": "adiv****",
    "review_id": "8642824",
    "movie_id": "10422"
  },
  {
    "review": "에로를 보는게 아니고 사회상을 보는게 맞지. 30년 전 영화네.",
    "date": "14.03.09",
    "rating": "10",
    "author": "jbma****",
    "review_id": "8565013",
    "movie_id": "10422"
  },
  {
    "review": "다시 보니 그 느낌이 아니넹~ㅋㅋㅋ",
    "date": "14.03.04",
    "rating": "5",
    "author": "mirj****",
    "review_id": "8555770",
    "movie_id": "10422"
  },
  {
    "review": "스토리가 리메이크하면 좋을 듯하다...",
    "date": "13.04.12",
    "rating": "7",
    "author": "milk****",
    "review_id": "7454161",
    "movie_id": "10422"
  },
  {
    "review": "한 시대의 도덕관은 대체 누가 만드는 건지",
    "date": "12.03.02",
    "rating": "7",
    "author": "rose****",
    "review_id": "6116816",
    "movie_id": "10422"
  },
  {
    "review": "이보희의 매력을 따라 가기 충분하다.",
    "date": "10.10.20",
    "rating": "7",
    "author": "izzo****",
    "review_id": "4912973",
    "movie_id": "10422"
  },
  {
    "review": "'어우동'이란 좋은 소재를 이토록 싸구려틱하게 만들어내는 것도 재주라면 재주다",
    "date": "10.02.19",
    "rating": "5",
    "author": "mygr****",
    "review_id": "4299734",
    "movie_id": "10422"
  },
  {
    "review": "오점~~~~",
    "date": "10.02.01",
    "rating": "5",
    "author": "jin1****",
    "review_id": "4234196",
    "movie_id": "10422"
  },
  {
    "review": "그 당시 여주인공 어우동역의 이보희스타일 섹스어필은 킴 베이싱어도 울고 갈 지경.",
    "date": "09.07.20",
    "rating": "7",
    "author": "baks****",
    "review_id": "3649253",
    "movie_id": "10422"
  },
  {
    "review": "이보희의 매력은 계속된다. 한국영화의 변환기, 나름대로의 의미를~",
    "date": "09.02.04",
    "rating": "5",
    "author": "acin****",
    "review_id": "3276785",
    "movie_id": "10422"
  },
  {
    "review": "어설픈 <무릎과 무릎사이>에 비하면 이게 훨씬 낫다. 생각이 있으니까.",
    "date": "08.11.10",
    "rating": "8",
    "author": "sega****",
    "review_id": "3044323",
    "movie_id": "10422"
  },
  {
    "review": "그때 그시절 어버이세대의 에로티시즘~",
    "date": "08.07.25",
    "rating": "6",
    "author": "almo****",
    "review_id": "2800662",
    "movie_id": "10422"
  },
  {
    "review": "히로인 이보희. 꾸준히 떠오르는 그녀의 여체.",
    "date": "08.01.17",
    "rating": "7",
    "author": "m60d****",
    "review_id": "2339910",
    "movie_id": "10422"
  },
  {
    "review": "이장호 다운...",
    "date": "07.02.03",
    "rating": "7",
    "author": "cmh4****",
    "review_id": "1440407",
    "movie_id": "10422"
  },
  {
    "review": "가슴과 각선미가 매력적임.. 나름대로 뭐 느낌 있었어..^^",
    "date": "07.01.04",
    "rating": "10",
    "author": "kmhh****",
    "review_id": "1355663",
    "movie_id": "10422"
  },
  {
    "review": "당시 한국영화의 주류를 이루던 저질 작품의 대표작",
    "date": "07.01.03",
    "rating": "1",
    "author": "nala****",
    "review_id": "1353127",
    "movie_id": "10422"
  },
  {
    "review": "파워풀한 정력을 자랑하는 이보희",
    "date": "06.11.06",
    "rating": "7",
    "author": "kws7****",
    "review_id": "1220378",
    "movie_id": "10422"
  },
  {
    "review": "좋아",
    "date": "06.05.28",
    "rating": "10",
    "author": "zeed****",
    "review_id": "819292",
    "movie_id": "10422"
  },
  {
    "review": "70억원의 제작비를 투입해 만든 엄청난 무협 블록버스터",
    "date": "06.05.18",
    "rating": "1",
    "author": "dimm****",
    "review_id": "804213",
    "movie_id": "10422"
  },
  {
    "review": "20년전 영화임에도 지금현재의 한국영화보다는 훨씬 낫다~",
    "date": "06.03.21",
    "rating": "10",
    "author": "ohse****",
    "review_id": "726247",
    "movie_id": "10422"
  },
  {
    "review": "일단 봐라",
    "date": "06.01.28",
    "rating": "10",
    "author": "aaal****",
    "review_id": "627893",
    "movie_id": "10422"
  },
  {
    "review": "이때 이보희의 의상이 지금도 유행~",
    "date": "05.12.24",
    "rating": "7",
    "author": "blue****",
    "review_id": "523867",
    "movie_id": "10422"
  },
  {
    "review": "100년에 한 번 나올까 말까한 가슴과 각선미 죽인다.",
    "date": "05.07.01",
    "rating": "10",
    "author": "recr****",
    "review_id": "310276",
    "movie_id": "10422"
  }
]