[
  {
    "review": "정치는 엿이나 먹으라고 해",
    "date": "13.12.01",
    "rating": "6",
    "author": "ykdi****",
    "review_id": "8183717",
    "movie_id": "10432"
  },
  {
    "review": "그녀가 보고 싶군요.",
    "date": "12.09.11",
    "rating": "10",
    "author": "ssuy****",
    "review_id": "6686379",
    "movie_id": "10432"
  },
  {
    "review": "마치 우리나라 드라마를 보는 듯한 이 친근한 느낌은 뭐지? 너무 좋다...",
    "date": "10.02.14",
    "rating": "10",
    "author": "icec****",
    "review_id": "4281633",
    "movie_id": "10432"
  },
  {
    "review": "분명 슬픈 영화인데,,, 이 묘한 느낌 뭘까",
    "date": "09.11.23",
    "rating": "8",
    "author": "leem****",
    "review_id": "3984249",
    "movie_id": "10432"
  },
  {
    "review": "너무 재밋다. 몽유병 어린이, 아빠, 엄마 너무 웃겨 ㅎ",
    "date": "09.04.25",
    "rating": "9",
    "author": "5292****",
    "review_id": "3440018",
    "movie_id": "10432"
  },
  {
    "review": "The Danube Waves by Ivanovici, 이데올로기에 대한 비판, 사상의 무서움...",
    "date": "08.06.01",
    "rating": "7",
    "author": "sioh****",
    "review_id": "2675471",
    "movie_id": "10432"
  },
  {
    "review": "아픔을 참는 힘이 있다! 그 절제미가 아름답다.",
    "date": "08.03.25",
    "rating": "9",
    "author": "caca****",
    "review_id": "2540790",
    "movie_id": "10432"
  },
  {
    "review": "웃음이 없는 어두운 시대의 세르비아의 자화상, 가족도 표현의 자유도 없다.",
    "date": "08.02.10",
    "rating": "8",
    "author": "ador****",
    "review_id": "2434077",
    "movie_id": "10432"
  },
  {
    "review": "나약한 인간이기에 용서는 신이 하는거죠",
    "date": "08.01.13",
    "rating": "8",
    "author": "bomb****",
    "review_id": "2325620",
    "movie_id": "10432"
  },
  {
    "review": "에밀 쿠스트리차, 그가 보여주는 우리시대의 성장일기",
    "date": "07.02.14",
    "rating": "10",
    "author": "clsc****",
    "review_id": "1470035",
    "movie_id": "10432"
  },
  {
    "review": "세르비아-몬테네그로, 밀로세비치, 스탈린, 옛날 유럽..",
    "date": "07.01.19",
    "rating": "9",
    "author": "mniy****",
    "review_id": "1396718",
    "movie_id": "10432"
  },
  {
    "review": "어두운 터널을 지나 훌쩍 커버린 동심의 얘기. 정치는 엿이다.",
    "date": "07.01.03",
    "rating": "8",
    "author": "hadl****",
    "review_id": "1354135",
    "movie_id": "10432"
  },
  {
    "review": "맑은 눈으로 바라본 그 시절의 피폐함 왜 이렇게 슬픈건지",
    "date": "06.10.30",
    "rating": "7",
    "author": "okjo****",
    "review_id": "1207688",
    "movie_id": "10432"
  },
  {
    "review": "어린아이의 눈으로 바라본 피폐한 유고사회.",
    "date": "05.08.28",
    "rating": "8",
    "author": "tjsd****",
    "review_id": "387250",
    "movie_id": "10432"
  },
  {
    "review": "한 소년과 그의 가족, 그리고 시대의 성장.",
    "date": "04.06.28",
    "rating": "10",
    "author": "lala****",
    "review_id": "61950",
    "movie_id": "10432"
  }
]