[
  {
    "review": "최고의 액션 여배우 양자경  굿~~~",
    "date": "15.05.24",
    "rating": "9",
    "author": "wyou****",
    "review_id": "9945374",
    "movie_id": "10435"
  },
  {
    "review": "이거 진짜 역대 최고 캬.ㅎㅎ",
    "date": "14.10.16",
    "rating": "10",
    "author": "hiph****",
    "review_id": "9296705",
    "movie_id": "10435"
  },
  {
    "review": "신시아 로즈록 보다는 나부락이 더 친근하죠...ㅎ",
    "date": "14.08.09",
    "rating": "9",
    "author": "bat1****",
    "review_id": "9053676",
    "movie_id": "10435"
  },
  {
    "review": "양자경은 역시 여자 액션배우 중에 지존이다.임청하도 있지만 양자경이 액션에선 한 수 위임.",
    "date": "14.05.13",
    "rating": "10",
    "author": "rbag****",
    "review_id": "8728635",
    "movie_id": "10435"
  },
  {
    "review": "사람 팔자 모른다 와호장룡에서 그렇게 매력적으로 나올 줄이야",
    "date": "14.05.12",
    "rating": "1",
    "author": "yang****",
    "review_id": "8725239",
    "movie_id": "10435"
  },
  {
    "review": "원규 감독이다.. 그러하다",
    "date": "14.04.25",
    "rating": "10",
    "author": "534k****",
    "review_id": "8671908",
    "movie_id": "10435"
  },
  {
    "review": "노랑머리 나부락이 최고!",
    "date": "14.04.21",
    "rating": "9",
    "author": "bruc****",
    "review_id": "8663708",
    "movie_id": "10435"
  },
  {
    "review": "재밌네~",
    "date": "13.09.17",
    "rating": "9",
    "author": "dbzh****",
    "review_id": "7987966",
    "movie_id": "10435"
  },
  {
    "review": "당시엔..홍콩의 범죄자들조차 매력적으로 보였지.",
    "date": "13.07.17",
    "rating": "7",
    "author": "pont****",
    "review_id": "7749510",
    "movie_id": "10435"
  },
  {
    "review": "요즘 양자경 액션 안찍나??? 작살나는뎅..ㅠ",
    "date": "12.11.30",
    "rating": "7",
    "author": "do11****",
    "review_id": "6944356",
    "movie_id": "10435"
  },
  {
    "review": "왠만한 남자들의 액션보다도 훨씬 뛰어나다 아름다운 양자경",
    "date": "12.07.05",
    "rating": "10",
    "author": "wuwu****",
    "review_id": "6448027",
    "movie_id": "10435"
  },
  {
    "review": "전섹\r\n\r\n\r\n\r\n\r\n전세계여성액션배우중에최고중최고의인물이요무술연기의지존이다!!",
    "date": "11.06.17",
    "rating": "10",
    "author": "kan8****",
    "review_id": "5484694",
    "movie_id": "10435"
  },
  {
    "review": "양자경과 나부락 콤비 버디 무비 차분한 양자경 성깔있는 나부락 옛날이 그립네",
    "date": "10.08.31",
    "rating": "6",
    "author": "thra****",
    "review_id": "4807653",
    "movie_id": "10435"
  },
  {
    "review": "아~~옛날이여~~양자경 날을네~~~",
    "date": "10.06.19",
    "rating": "10",
    "author": "wjsg****",
    "review_id": "4575160",
    "movie_id": "10435"
  },
  {
    "review": "하하하",
    "date": "10.03.31",
    "rating": "10",
    "author": "nice****",
    "review_id": "4400636",
    "movie_id": "10435"
  },
  {
    "review": "정말 최고!! 잠건훈의 느와르연기가 이영화의 하이라이트!!",
    "date": "09.03.18",
    "rating": "10",
    "author": "4400****",
    "review_id": "3373641",
    "movie_id": "10435"
  },
  {
    "review": "조악한 스토리와 찌질한 개그를 견뎌내면 양자경 나부락의 빛나는 액션신을 볼수있다",
    "date": "08.11.24",
    "rating": "4",
    "author": "moon****",
    "review_id": "3069232",
    "movie_id": "10435"
  },
  {
    "review": "다른 면은 그저 그래도 양자경 액션은 최고.",
    "date": "08.11.01",
    "rating": "5",
    "author": "ysuh****",
    "review_id": "3029509",
    "movie_id": "10435"
  },
  {
    "review": "정말 잼나게 봤던영화!!",
    "date": "08.08.20",
    "rating": "10",
    "author": "rlsw****",
    "review_id": "2888370",
    "movie_id": "10435"
  },
  {
    "review": "그 옛날 수많은 '마담' 시리즈를 낳게한 원조격 장본인",
    "date": "08.07.29",
    "rating": "8",
    "author": "gall****",
    "review_id": "2815090",
    "movie_id": "10435"
  },
  {
    "review": "양자경의 예스마담 86년 당시 상당히 신선하고 재미도 있었다",
    "date": "08.06.07",
    "rating": "7",
    "author": "deff****",
    "review_id": "2684912",
    "movie_id": "10435"
  },
  {
    "review": "참 옛날 생각 난다. 나부락 좋다. 재밌구만..",
    "date": "08.05.27",
    "rating": "10",
    "author": "dong****",
    "review_id": "2666768",
    "movie_id": "10435"
  },
  {
    "review": "양자경 누님의 액숀로망 !!",
    "date": "08.02.01",
    "rating": "7",
    "author": "evil****",
    "review_id": "2394999",
    "movie_id": "10435"
  },
  {
    "review": "이 누나가 액션의 여왕이다",
    "date": "07.12.20",
    "rating": "10",
    "author": "baks****",
    "review_id": "2248080",
    "movie_id": "10435"
  },
  {
    "review": "그다지 인상깊은 기억은 아니다..그나저나 시리즈가 이렇게 많이 나왔었나?.",
    "date": "07.06.30",
    "rating": "7",
    "author": "skat****",
    "review_id": "1733916",
    "movie_id": "10435"
  },
  {
    "review": "생각난다 예스마담 시리즈",
    "date": "07.04.25",
    "rating": "8",
    "author": "nala****",
    "review_id": "1605096",
    "movie_id": "10435"
  },
  {
    "review": "원규감독의 진가가 이영화에서부터 발휘하기 시작...",
    "date": "07.03.16",
    "rating": "8",
    "author": "tree****",
    "review_id": "1537527",
    "movie_id": "10435"
  },
  {
    "review": "이 때는 양자경 꿈도 꾸고 그랬었더랬는데......",
    "date": "06.11.13",
    "rating": "7",
    "author": "cat1****",
    "review_id": "1231316",
    "movie_id": "10435"
  },
  {
    "review": "예스!마담",
    "date": "06.08.18",
    "rating": "10",
    "author": "zeed****",
    "review_id": "1050075",
    "movie_id": "10435"
  },
  {
    "review": "너무 재미있다.2편보다는 못하지만.",
    "date": "06.08.02",
    "rating": "10",
    "author": "abab****",
    "review_id": "955855",
    "movie_id": "10435"
  },
  {
    "review": "마담시리즈의 원조...당시 정말 재미있게 봤음. 다시 한번 보고싶음.",
    "date": "04.12.29",
    "rating": "9",
    "author": "redm****",
    "review_id": "172408",
    "movie_id": "10435"
  },
  {
    "review": "2편 다음으로 좋아하는 1편. 다시 보고 싶어 ㅜㅡ",
    "date": "04.10.13",
    "rating": "9",
    "author": "k4he****",
    "review_id": "125136",
    "movie_id": "10435"
  },
  {
    "review": "빠른 템포,멋진 액션, 탄탄한 스토리, 넘치는 위트..",
    "date": "04.09.30",
    "rating": "10",
    "author": "do20****",
    "review_id": "117543",
    "movie_id": "10435"
  },
  {
    "review": "양자경이랑 결혼하고 싶어.. ㅡㅡ",
    "date": "04.08.01",
    "rating": "10",
    "author": "nogo****",
    "review_id": "81275",
    "movie_id": "10435"
  },
  {
    "review": "양자경과 나부락이 첫 데뷔한 액션영화",
    "date": "04.01.29",
    "rating": "5",
    "author": "rood****",
    "review_id": "14051",
    "movie_id": "10435"
  }
]