[
  {
    "review": "국내제목이 사랑과 영혼의 여파로 이상하게 지어짐.. 이 영화의 주연인 피터버그는 이후 베리배드씽, 헨콕, 킹덤, 론서바이버의 감독님이 되었다.. 고딩 시절 메가데스의 No More Mr.Nice Guy 때메 OST 많이 들었던 기억이 난다",
    "date": "15.06.21",
    "rating": "7",
    "author": "danz****",
    "review_id": "10019710",
    "movie_id": "10438"
  },
  {
    "review": "영화는 허접하고 3류지만 딱 1989년의 메탈음악과 웨스크레이븐의 전매특허같은  장면들 수두룩...",
    "date": "15.06.04",
    "rating": "7",
    "author": "kara****",
    "review_id": "9974996",
    "movie_id": "10438"
  },
  {
    "review": "초반 30분정도는 공포스런 느낌이 정말 강하고 그이후는 코믹한 부분이 많았던 영화였습니다.  앞부분에선 정말 무서웠던 기억이",
    "date": "15.03.20",
    "rating": "8",
    "author": "star****",
    "review_id": "9795357",
    "movie_id": "10438"
  },
  {
    "review": "그당시에는 획기적이였으나 지금 보면 남기남 감독 작품 느낌이 남",
    "date": "14.09.01",
    "rating": "6",
    "author": "peri****",
    "review_id": "9152341",
    "movie_id": "10438"
  },
  {
    "review": "어릴때 극장에서 봤던 선착순 100명에게 영혼의 목걸이도 주었음.내용도 재미있고  한국의 데모 장면은 잊을수가 없는 장면",
    "date": "14.06.09",
    "rating": "8",
    "author": "adiv****",
    "review_id": "8814859",
    "movie_id": "10438"
  },
  {
    "review": "론서바이버랑 핸콕만든 감독님이 이 영화 주인공으로 나옴 ㅋㅋㅋ",
    "date": "14.05.11",
    "rating": "10",
    "author": "sant****",
    "review_id": "8723282",
    "movie_id": "10438"
  },
  {
    "review": "크레이븐 작품이라 그런지 나이트메어가 자연스레 연상됨.. 프레디가 매개체를 꿈에서 전기로 바꾼 느낌.. 이건 이것대로 나름 독특하다",
    "date": "13.12.19",
    "rating": "7",
    "author": "wjsr****",
    "review_id": "8239930",
    "movie_id": "10438"
  },
  {
    "review": "크레이븐의 10대들에 대한 집착은 여전하구만...",
    "date": "13.01.28",
    "rating": "6",
    "author": "thra****",
    "review_id": "7189362",
    "movie_id": "10438"
  },
  {
    "review": "쓰레기에 시간 축내지 말고 못 본 명작들이나 찾아보시길",
    "date": "12.06.07",
    "rating": "1",
    "author": "jona****",
    "review_id": "6372607",
    "movie_id": "10438"
  },
  {
    "review": "봐라 x파일의 스키너 국장님이 약역 제대로 연기해주셨다.",
    "date": "12.05.22",
    "rating": "8",
    "author": "klei****",
    "review_id": "6320787",
    "movie_id": "10438"
  },
  {
    "review": "이때만 해도 웨스크레이븐은 천재였으... 한국대모하는 장면...",
    "date": "12.04.05",
    "rating": "10",
    "author": "alep****",
    "review_id": "6194002",
    "movie_id": "10438"
  },
  {
    "review": "어린시절 이불뒤집어 쓰고 또래랑 같이 본 주말의 명화~ㅋㅋㅋ",
    "date": "11.09.07",
    "rating": "7",
    "author": "acas****",
    "review_id": "5712706",
    "movie_id": "10438"
  },
  {
    "review": "감동적이고 아름다운 영화",
    "date": "11.06.14",
    "rating": "7",
    "author": "evil****",
    "review_id": "5481776",
    "movie_id": "10438"
  },
  {
    "review": "재미있는데 공포영화가 아니라 로맨스/코미디다.",
    "date": "11.01.29",
    "rating": "8",
    "author": "lhk3****",
    "review_id": "5193257",
    "movie_id": "10438"
  },
  {
    "review": "아련한 추억인데 참 재밌게 봤던 기억이나요...",
    "date": "10.12.06",
    "rating": "10",
    "author": "zzin****",
    "review_id": "5031468",
    "movie_id": "10438"
  },
  {
    "review": "어릴적 주말의 명화에서 보고 잠을 설쳤지.지금보면 웃음밖에 안나오는 연출이건만...",
    "date": "10.06.06",
    "rating": "10",
    "author": "wlgm****",
    "review_id": "4547956",
    "movie_id": "10438"
  },
  {
    "review": "영화 후반에 삽입된 한국(안국동) 화염병 대모시위 장면만 유독 기억에 남는다",
    "date": "10.01.16",
    "rating": "2",
    "author": "jude****",
    "review_id": "4177188",
    "movie_id": "10438"
  },
  {
    "review": "시대가 문제가 아니다. 실력이 문제지",
    "date": "09.03.21",
    "rating": "4",
    "author": "skat****",
    "review_id": "3377755",
    "movie_id": "10438"
  },
  {
    "review": "잔인한 장면만 코믹스러운부분도 있다. 획기적인 작품..",
    "date": "09.02.08",
    "rating": "7",
    "author": "unre****",
    "review_id": "3287413",
    "movie_id": "10438"
  },
  {
    "review": "연쇄살인마가 유체 이탈로 다른 사람 몸에 침투한다는것은 당시 획기적인 소재였다.",
    "date": "08.10.18",
    "rating": "10",
    "author": "unde****",
    "review_id": "3006480",
    "movie_id": "10438"
  },
  {
    "review": "극장에서 당시 상당한 몰입감을 가지고 봤던 작품",
    "date": "08.09.29",
    "rating": "9",
    "author": "gall****",
    "review_id": "2974815",
    "movie_id": "10438"
  },
  {
    "review": "마지막 15분간만 빼면, CG가 좀 거슬리긴 했지만.. 볼만한 작품이다.",
    "date": "08.06.26",
    "rating": "7",
    "author": "pola****",
    "review_id": "2721519",
    "movie_id": "10438"
  },
  {
    "review": "어렸을땐 무서웠는데 다시보니 너무 코믹하더라 .....",
    "date": "08.01.11",
    "rating": "6",
    "author": "soul****",
    "review_id": "2319025",
    "movie_id": "10438"
  },
  {
    "review": "대단히 신선한 영화.너무 어둡다는 것만 빼곤 흥미롭고 독특하다",
    "date": "07.11.20",
    "rating": "7",
    "author": "baks****",
    "review_id": "2168890",
    "movie_id": "10438"
  },
  {
    "review": "웨스크레이본의 알려지지 않은 걸작",
    "date": "07.08.25",
    "rating": "7",
    "author": "deff****",
    "review_id": "1977266",
    "movie_id": "10438"
  },
  {
    "review": "어렸을땐 꽤 재밌게 봤지만..지금보라고 하면..글쎄..",
    "date": "07.04.25",
    "rating": "7",
    "author": "gooc****",
    "review_id": "1604985",
    "movie_id": "10438"
  },
  {
    "review": "어설픈 반전",
    "date": "07.04.02",
    "rating": "2",
    "author": "oklo****",
    "review_id": "1569261",
    "movie_id": "10438"
  },
  {
    "review": "글세 그렇게 볼만했다고는 생각되지 않는다",
    "date": "07.03.11",
    "rating": "6",
    "author": "nala****",
    "review_id": "1528926",
    "movie_id": "10438"
  },
  {
    "review": "볼만한 심령공포영화",
    "date": "07.01.29",
    "rating": "9",
    "author": "skss****",
    "review_id": "1424465",
    "movie_id": "10438"
  },
  {
    "review": "환타스틱한 공포영화. 역시 웨스 크레이븐.",
    "date": "06.12.05",
    "rating": "10",
    "author": "bepl****",
    "review_id": "1268015",
    "movie_id": "10438"
  },
  {
    "review": "89년에 첨으로 영화관 가서본 영화 ㅋ 무서웠당^^;",
    "date": "06.09.28",
    "rating": "9",
    "author": "ksks****",
    "review_id": "1146537",
    "movie_id": "10438"
  },
  {
    "review": "기발한 상상력과 공포영화!! 역시 웨스 크레이븐 감독",
    "date": "06.09.27",
    "rating": "8",
    "author": "hye5****",
    "review_id": "1145387",
    "movie_id": "10438"
  },
  {
    "review": "한번 보면 잊혀지지 않을만한 영화 아마 삭제판인데도 무서웠다",
    "date": "06.09.18",
    "rating": "8",
    "author": "sbs2****",
    "review_id": "1131453",
    "movie_id": "10438"
  },
  {
    "review": "잘나가다 코메디로 바뀐 비급호러영화",
    "date": "06.08.08",
    "rating": "6",
    "author": "reki****",
    "review_id": "983595",
    "movie_id": "10438"
  },
  {
    "review": "마지막 클라이막스 부분이 아주 참신하다. 재미는 확실히 보장",
    "date": "06.08.05",
    "rating": "8",
    "author": "lemo****",
    "review_id": "970953",
    "movie_id": "10438"
  },
  {
    "review": "난 재미만 있던데...^^;;;",
    "date": "06.06.30",
    "rating": "10",
    "author": "jam0****",
    "review_id": "864277",
    "movie_id": "10438"
  },
  {
    "review": "잔인한 장면만 참아내면 매우 볼만한 영화..",
    "date": "06.06.11",
    "rating": "8",
    "author": "lshp****",
    "review_id": "840927",
    "movie_id": "10438"
  },
  {
    "review": "TV를 타고 오가는 연쇄살인범이 신기했다 ㅋ",
    "date": "06.04.06",
    "rating": "10",
    "author": "zmgm****",
    "review_id": "750802",
    "movie_id": "10438"
  },
  {
    "review": "마지막 10분이 압권! 스키너 부국장의 이미지가...ㅋㄷㅋㄷ",
    "date": "05.10.07",
    "rating": "7",
    "author": "amne****",
    "review_id": "435998",
    "movie_id": "10438"
  },
  {
    "review": "한번 보면 바로 잊혀질만한 그런 영화.",
    "date": "05.09.26",
    "rating": "5",
    "author": "movi****",
    "review_id": "422934",
    "movie_id": "10438"
  },
  {
    "review": "잔혹장면이 많아 TV 방영시 무려 30분 분량이 짤려나간 그영화",
    "date": "05.08.10",
    "rating": "6",
    "author": "rood****",
    "review_id": "360124",
    "movie_id": "10438"
  },
  {
    "review": "주말의 명화에서 예전에 재미있게 보았다.",
    "date": "05.06.05",
    "rating": "9",
    "author": "xxss****",
    "review_id": "293642",
    "movie_id": "10438"
  },
  {
    "review": "정말 재밌게 봤었는데 ㅠ_ㅠ 무섭기도 했고;",
    "date": "05.05.18",
    "rating": "10",
    "author": "desi****",
    "review_id": "280235",
    "movie_id": "10438"
  },
  {
    "review": "어렷을적.. 주말의 명화에서 대단히 재밌게 본 작품.",
    "date": "05.05.08",
    "rating": "8",
    "author": "sexy****",
    "review_id": "273929",
    "movie_id": "10438"
  },
  {
    "review": "ㅋㅋㅋ",
    "date": "04.10.14",
    "rating": "1",
    "author": "arie****",
    "review_id": "125368",
    "movie_id": "10438"
  },
  {
    "review": "특이.. 기발.. 하다; 그러나 다시 보고싶진 않은 영화-.-",
    "date": "04.09.03",
    "rating": "5",
    "author": "nare****",
    "review_id": "102125",
    "movie_id": "10438"
  },
  {
    "review": "웨스크레이븐의 창조력이 돋보였던 영화",
    "date": "04.09.03",
    "rating": "8",
    "author": "myoa****",
    "review_id": "102021",
    "movie_id": "10438"
  },
  {
    "review": "전기쑈크먹구.. TV속을 들락날락.. 별 희안한 영화 다보네^^",
    "date": "04.05.28",
    "rating": "3",
    "author": "arie****",
    "review_id": "47093",
    "movie_id": "10438"
  }
]