[
  {
    "review": "무슨말이필요한가 주말의 명화하면 이영화가 제일먼저떠오름",
    "date": "15.08.21",
    "rating": "10",
    "author": "mert****",
    "review_id": "10257034",
    "movie_id": "10442"
  },
  {
    "review": "보다가 말다 보다말다 25년동안 중간중간 보다가 드디어 다봤는데 재미없다.",
    "date": "15.08.07",
    "rating": "4",
    "author": "kyki****",
    "review_id": "10198798",
    "movie_id": "10442"
  },
  {
    "review": "최고이다 지금 개봉중인  국산 영화( 암살..)도  이정도면 얼마나 좋았을가",
    "date": "15.07.23",
    "rating": "10",
    "author": "j468****",
    "review_id": "10132329",
    "movie_id": "10442"
  },
  {
    "review": "영화가 실화라는 게 놀랍고, 특수 요원들 준비가 저렇게 허술하다는 데 두 번 놀랐다..",
    "date": "15.05.27",
    "rating": "8",
    "author": "dpdj****",
    "review_id": "9955314",
    "movie_id": "10442"
  },
  {
    "review": "전쟁이라는 극단적인 상황에서 드러나는 조국애와 배신을 우울하게 그리고 서정적으로 그려낸 하이드리히 암살실화마지막“총알이 얼마나 남았어?” “충분해” 두 발의 총성이 울리고.. 나오는 에필로그.. 영화사상 가장 심금을 울리는 에필로그 일듯 보인다",
    "date": "15.03.05",
    "rating": "10",
    "author": "psjd****",
    "review_id": "9757215",
    "movie_id": "10442"
  },
  {
    "review": "뭐이리 어이없게 걸리지;; 그 고발자의 가족들이 어떻게 됐을까가 궁금한데 그건 안나옴..",
    "date": "14.10.22",
    "rating": "8",
    "author": "awak****",
    "review_id": "9307617",
    "movie_id": "10442"
  },
  {
    "review": "방금 봤는데 정말 최고다",
    "date": "14.09.10",
    "rating": "10",
    "author": "kmka****",
    "review_id": "9195744",
    "movie_id": "10442"
  },
  {
    "review": "어렸을 때 보고 정말 깊은 감동을 받은 영화입니다. 실화를 바탕으로 만든 영화라서 그런지 더 감동적이었습니다.",
    "date": "14.08.15",
    "rating": "10",
    "author": "powe****",
    "review_id": "9088521",
    "movie_id": "10442"
  },
  {
    "review": "제가 쓴 '20세기 할리우드 드문 영화 걸작선 94편' 이라는 책에도 이 영화 내용이 있습니다. 네이버에서 바로 검색됩니다. 새벽의 7인 뿐만 아니라 주옥같은 작품들을 모아놨습니다. 심금을 울리는 배경음악과 이젠 전설이 된 성당 총격전 장면...",
    "date": "14.08.09",
    "rating": "10",
    "author": "sykm****",
    "review_id": "9055624",
    "movie_id": "10442"
  },
  {
    "review": "요즘 이런영화가 안나오네.",
    "date": "14.08.03",
    "rating": "10",
    "author": "jhh3****",
    "review_id": "9014865",
    "movie_id": "10442"
  },
  {
    "review": "영화 마지막 부분에 눈물이 글썽거렸다. 슬프고 감동적인 영화였다.",
    "date": "14.07.20",
    "rating": "10",
    "author": "sang****",
    "review_id": "8936593",
    "movie_id": "10442"
  },
  {
    "review": "사람들아..이영화는 실화를 바탕으로 한거다. 유인원작전이라고. 암살 성공후 7인만 죽은게 아니라 연좌제로 수천명이 죽었다. 나치...전체주의는 그렇게 잔인한 거다.",
    "date": "14.04.12",
    "rating": "9",
    "author": "hwee****",
    "review_id": "8643890",
    "movie_id": "10442"
  },
  {
    "review": "어린 시절에 본 그때의 감동은 40대가 된 지금 다시 봐도 여전히 감동이네요.가슴이 아려오는 마지막장면은 잊지 못할겁니다 .",
    "date": "13.08.02",
    "rating": "10",
    "author": "bali****",
    "review_id": "7824074",
    "movie_id": "10442"
  },
  {
    "review": "이영화는 클래식이다",
    "date": "13.07.12",
    "rating": "10",
    "author": "oasi****",
    "review_id": "7729654",
    "movie_id": "10442"
  },
  {
    "review": "초등3학년때 우연히 tv에서본...그 짠한여운은 30년이지난 지금까지 생생하다  절제된연출로 잔잔하지만 그강한임팩트란!!!  정말이지 환타스틱한 음악과엔딩씬 .....",
    "date": "13.06.29",
    "rating": "10",
    "author": "bsm0****",
    "review_id": "7690187",
    "movie_id": "10442"
  },
  {
    "review": "나도 어렸을때 보고 크게 비극을 느꼈던 영화. 정말 마지막 장면은 슬프다. 지금은 커서 보니 그때만큼의 감정은 살아나지 않지만, 캐릭터성 강한 현대영화를 보다 간만에 잔잔한 클래식 영화를 보니 짠했다.",
    "date": "13.03.10",
    "rating": "8",
    "author": "xyan****",
    "review_id": "7339099",
    "movie_id": "10442"
  },
  {
    "review": "전쟁 실화를 담담하게 뽑아냈으나 비장미가 느껴질 정도라고는.",
    "date": "13.02.27",
    "rating": "6",
    "author": "tear****",
    "review_id": "7308042",
    "movie_id": "10442"
  },
  {
    "review": "말이필요 없다. 리얼리티 최고",
    "date": "13.02.26",
    "rating": "10",
    "author": "kog9****",
    "review_id": "7305249",
    "movie_id": "10442"
  },
  {
    "review": "최고의 영화입니다",
    "date": "13.02.03",
    "rating": "10",
    "author": "ldyg****",
    "review_id": "7218609",
    "movie_id": "10442"
  },
  {
    "review": "마지막 장면..",
    "date": "13.01.05",
    "rating": "10",
    "author": "wick****",
    "review_id": "7083108",
    "movie_id": "10442"
  },
  {
    "review": "어렸을때 마지막장면 보고 울었던 기억이 아직까지도 생생하게 남아있는 영화! 전쟁의 비극과 흘러나오는 음악이 조화로웠다",
    "date": "12.12.18",
    "rating": "10",
    "author": "sj30****",
    "review_id": "7015409",
    "movie_id": "10442"
  },
  {
    "review": "강산이3번바껴도잊혀지질않는영화네요 수천편의영화를오래동안봐왔지만 라스트씬은 찡한건  최곱니다",
    "date": "12.11.15",
    "rating": "10",
    "author": "ksl2****",
    "review_id": "6889321",
    "movie_id": "10442"
  },
  {
    "review": "마지막 라스터씬 ~지하실에서 물이 차올라올때~살려는 인간의 본능 그리고의리~명작~",
    "date": "12.10.25",
    "rating": "10",
    "author": "psch****",
    "review_id": "6825606",
    "movie_id": "10442"
  },
  {
    "review": "중3때본 영화... 30년이  지난 지금도 내 머리속에 남아  있는 영화...헨델의 사라방드를 첨 만나게 해준 영화...",
    "date": "12.09.10",
    "rating": "10",
    "author": "hyun****",
    "review_id": "6684789",
    "movie_id": "10442"
  },
  {
    "review": "마지막 신은 정말 현재 어떤 영화도 따라가지 못할 정도로 처절함과 우정이 느껴졌다.",
    "date": "12.08.18",
    "rating": "10",
    "author": "jjhc****",
    "review_id": "6622838",
    "movie_id": "10442"
  },
  {
    "review": "30년이 더 지나도 그 감동은 아직도 뇌리속에 생생하다...",
    "date": "12.05.03",
    "rating": "10",
    "author": "ssk1****",
    "review_id": "6267528",
    "movie_id": "10442"
  },
  {
    "review": "영화를 본후 며칠간 잠을 설쳤다. 물가득한 지하실에서 총을 들고 서로에게 다가가는 얀과 요제프",
    "date": "12.04.01",
    "rating": "10",
    "author": "poil****",
    "review_id": "6183725",
    "movie_id": "10442"
  },
  {
    "review": "3류구만 호들갑은",
    "date": "12.03.19",
    "rating": "3",
    "author": "bbq2****",
    "review_id": "6155365",
    "movie_id": "10442"
  },
  {
    "review": "큰 대작영화는 아니지만 마지막신이 볼만한 영화다",
    "date": "12.03.15",
    "rating": "8",
    "author": "knm7****",
    "review_id": "6146427",
    "movie_id": "10442"
  },
  {
    "review": "조국을 위해 목슴 바친자와 가족을 위해 조국을 배반한 자.누가 옳은가?평범한 범작",
    "date": "12.03.05",
    "rating": "6",
    "author": "thra****",
    "review_id": "6124848",
    "movie_id": "10442"
  },
  {
    "review": "내 생애 최고의 영화, 블루레이 출시만을 손꼽아 기라리는 중.",
    "date": "12.02.13",
    "rating": "10",
    "author": "iamp****",
    "review_id": "6073066",
    "movie_id": "10442"
  },
  {
    "review": "전쟁영화 중에 뜻깊었던 영화.",
    "date": "11.10.30",
    "rating": "10",
    "author": "saml****",
    "review_id": "5818913",
    "movie_id": "10442"
  },
  {
    "review": "다시 나올수 없는 불후의 명작.. 어떤 영화도 대신할수 없다",
    "date": "11.10.18",
    "rating": "10",
    "author": "hbk0****",
    "review_id": "5795518",
    "movie_id": "10442"
  },
  {
    "review": "전쟁 영화중의 최고의 명작..",
    "date": "11.09.08",
    "rating": "10",
    "author": "glxm****",
    "review_id": "5715168",
    "movie_id": "10442"
  },
  {
    "review": "어렸을 때 주말의 명화에서 마지막 장면을 보고 어린마음에 너무 슬퍼서 울었던 영화",
    "date": "11.08.11",
    "rating": "10",
    "author": "phk7****",
    "review_id": "5636300",
    "movie_id": "10442"
  },
  {
    "review": "전쟁영화의 걸작 중 하나",
    "date": "11.07.21",
    "rating": "10",
    "author": "kysm****",
    "review_id": "5559204",
    "movie_id": "10442"
  },
  {
    "review": "차가움과 눅눅함이 화면만으로도 느껴진다~오버하지 않는 비장미~",
    "date": "11.04.24",
    "rating": "9",
    "author": "soso****",
    "review_id": "5389659",
    "movie_id": "10442"
  },
  {
    "review": "지옥의 특전대(007로저무어주연)와 더불어 양대 전쟁감동영화의 극치!!",
    "date": "11.04.23",
    "rating": "10",
    "author": "cad0****",
    "review_id": "5387688",
    "movie_id": "10442"
  },
  {
    "review": "어딜가나 배신자는 있기 마련 츄다 - 유다",
    "date": "11.02.28",
    "rating": "10",
    "author": "unre****",
    "review_id": "5283365",
    "movie_id": "10442"
  },
  {
    "review": "실화라니 더 인상 깊었던 영화",
    "date": "11.02.03",
    "rating": "10",
    "author": "jvv2****",
    "review_id": "5208751",
    "movie_id": "10442"
  },
  {
    "review": "Beethoven Symphony No.5와 Rachmaninoff Piano Concerto No.3을 감상한 듯.",
    "date": "10.12.25",
    "rating": "10",
    "author": "prel****",
    "review_id": "5084234",
    "movie_id": "10442"
  },
  {
    "review": "내 가슴 깊이 파고든 감동과 아픔이 지금도 살아 있는 숨은 명작.",
    "date": "10.10.18",
    "rating": "10",
    "author": "xeno****",
    "review_id": "4908957",
    "movie_id": "10442"
  },
  {
    "review": "최고의 명화입니다. 역사상 최고의 촬영감독 앙리 드카에..",
    "date": "10.09.22",
    "rating": "10",
    "author": "safe****",
    "review_id": "4855896",
    "movie_id": "10442"
  },
  {
    "review": "76년 단성사 개봉,  79년 서울극장 재개봉  세계 최고의 영화",
    "date": "10.08.08",
    "rating": "10",
    "author": "kdu4****",
    "review_id": "4724462",
    "movie_id": "10442"
  },
  {
    "review": "영화사 통틀어 이정도 비장미 뽑아낸건 없을듯.....명작영화",
    "date": "10.08.07",
    "rating": "10",
    "author": "meta****",
    "review_id": "4716813",
    "movie_id": "10442"
  },
  {
    "review": "어려운 상황에서도 최선을 다해서 노력했던 7인의 감.동.적.인 이야기",
    "date": "10.07.31",
    "rating": "10",
    "author": "berl****",
    "review_id": "4690458",
    "movie_id": "10442"
  },
  {
    "review": "독일어 샘이 우리반 단체로 수업 째고 보여준 영화 손양두 선생님ㅋ",
    "date": "10.04.27",
    "rating": "10",
    "author": "rjfb****",
    "review_id": "4460646",
    "movie_id": "10442"
  },
  {
    "review": "비장미 넘치는 라스트 교회 전투씬과 엔딩이 백미인 클래식 걸작 전쟁 실화",
    "date": "10.04.20",
    "rating": "9",
    "author": "gall****",
    "review_id": "4445768",
    "movie_id": "10442"
  },
  {
    "review": "예전에 본 영화지만 아직도 느낌이 생생하다. 실화라니깐 더 슬프다.",
    "date": "10.03.08",
    "rating": "10",
    "author": "eswi****",
    "review_id": "4344937",
    "movie_id": "10442"
  },
  {
    "review": "7명의 젊은이들의 헌신이 전범국이될 체코의 운명을 바꿨다.",
    "date": "10.03.04",
    "rating": "10",
    "author": "cert****",
    "review_id": "4334256",
    "movie_id": "10442"
  },
  {
    "review": "↓ 1979년에 개봉했는데 어떻게 77년에 봤데요?????",
    "date": "09.12.25",
    "rating": "10",
    "author": "earv****",
    "review_id": "4080299",
    "movie_id": "10442"
  },
  {
    "review": "초등학교때 처음봤지만 지금도 기억이난다,마지막장면이,,, 명작이다 ~~~~~",
    "date": "09.12.22",
    "rating": "10",
    "author": "fnsk****",
    "review_id": "4068650",
    "movie_id": "10442"
  },
  {
    "review": "마지막 라스트신은...30여년이 지난 지금봐도 애잔하다.",
    "date": "09.11.06",
    "rating": "9",
    "author": "rd72****",
    "review_id": "3939783",
    "movie_id": "10442"
  },
  {
    "review": "너무나도 장렬한 최후. 잊혀지지가 않는 영화...",
    "date": "09.09.28",
    "rating": "10",
    "author": "jo_9****",
    "review_id": "3855975",
    "movie_id": "10442"
  },
  {
    "review": "하이드레히이가 나오는 영화",
    "date": "09.09.02",
    "rating": "10",
    "author": "kink****",
    "review_id": "3807237",
    "movie_id": "10442"
  },
  {
    "review": "하하하하",
    "date": "09.08.28",
    "rating": "1",
    "author": "wjdg****",
    "review_id": "3792998",
    "movie_id": "10442"
  },
  {
    "review": "어린 시절의 감동을 결코 잊을 수 없는 내 생에 최고의 영화",
    "date": "09.08.22",
    "rating": "10",
    "author": "rahn****",
    "review_id": "3776023",
    "movie_id": "10442"
  },
  {
    "review": "네이버평점 40대 평가가 20%넘는 영화는 드물다...마음이 아팠던 영화",
    "date": "09.08.19",
    "rating": "10",
    "author": "navy****",
    "review_id": "3765457",
    "movie_id": "10442"
  },
  {
    "review": "진짜 일제시대 우리나라 독립운동가들도 이렇게 저항하시다 돌아가셨겠죠",
    "date": "09.07.18",
    "rating": "10",
    "author": "leve****",
    "review_id": "3644104",
    "movie_id": "10442"
  },
  {
    "review": "정말 좋은 감명깊은 영화입니다.",
    "date": "09.07.18",
    "rating": "10",
    "author": "doll****",
    "review_id": "3643035",
    "movie_id": "10442"
  },
  {
    "review": "이영화는 실화라는 사실을 알고보자.감동, 음악, 라스트신 모두 최고",
    "date": "09.06.10",
    "rating": "10",
    "author": "alst****",
    "review_id": "3556664",
    "movie_id": "10442"
  },
  {
    "review": "엔딩씬은 어느영화보다 훌륭하나, 작품 자체는 그 시대 여러 작품들보다 뒤떨어진다.",
    "date": "09.06.10",
    "rating": "7",
    "author": "lin_****",
    "review_id": "3556213",
    "movie_id": "10442"
  },
  {
    "review": "집중이잘안돼는군요 하지만 마지막 총격전에서의 감동은",
    "date": "09.05.12",
    "rating": "9",
    "author": "dw40****",
    "review_id": "3489736",
    "movie_id": "10442"
  },
  {
    "review": "당연히10점,,",
    "date": "09.04.28",
    "rating": "10",
    "author": "alst****",
    "review_id": "3446819",
    "movie_id": "10442"
  },
  {
    "review": "휴머니즘,애국심,전우애,배신,전투의 처절함 그리고 영원히 사라지지 않는 여운",
    "date": "09.02.12",
    "rating": "10",
    "author": "jjhh****",
    "review_id": "3296436",
    "movie_id": "10442"
  },
  {
    "review": "30년전 감동의 눈물. 그러나 지금 다시 본다면 평이 완전히 달라질 것이 확실한.",
    "date": "09.02.03",
    "rating": "7",
    "author": "acin****",
    "review_id": "3273890",
    "movie_id": "10442"
  },
  {
    "review": "마음이 너무나도 아팠다...우리나라 독립투사들의 마음도 이와같았을것이다..",
    "date": "09.01.15",
    "rating": "10",
    "author": "skim****",
    "review_id": "3222855",
    "movie_id": "10442"
  },
  {
    "review": "김구를 테러리스트라 부르는 자들에게 선물하고픈 레지스탕스 영화",
    "date": "08.12.18",
    "rating": "10",
    "author": "qork****",
    "review_id": "3127094",
    "movie_id": "10442"
  },
  {
    "review": "전쟁영화 매니아 라면 꼭 봐야 하는 명작이다...",
    "date": "08.12.08",
    "rating": "10",
    "author": "pbhp****",
    "review_id": "3099896",
    "movie_id": "10442"
  },
  {
    "review": "어렷을쩍 봤던.. 호스가 좁은 구멍으로 들어올때의 절망감.. 아직도 기억난다..",
    "date": "08.11.06",
    "rating": "10",
    "author": "ysco****",
    "review_id": "3037241",
    "movie_id": "10442"
  },
  {
    "review": "배신은 스스로의 파괴이다......",
    "date": "08.09.18",
    "rating": "8",
    "author": "moon****",
    "review_id": "2956217",
    "movie_id": "10442"
  },
  {
    "review": "성회 박격 시 떨어지는 인체모형을 보았는가..",
    "date": "08.08.30",
    "rating": "5",
    "author": "paci****",
    "review_id": "2910616",
    "movie_id": "10442"
  },
  {
    "review": "마지막은 감동적이었지만 개인적으로 긴장감도 많이 부족했고 몰입도도 많이 떨어졌다",
    "date": "08.08.05",
    "rating": "7",
    "author": "msh1****",
    "review_id": "2837697",
    "movie_id": "10442"
  },
  {
    "review": "새벽의 7인이란 제목과 어울리지않는다 하지만 엔딩씬은 영원히 잊지못할듯...",
    "date": "08.06.29",
    "rating": "7",
    "author": "ichk****",
    "review_id": "2729113",
    "movie_id": "10442"
  },
  {
    "review": "마지막씬만 감동적이지만 많이 부족한건 사실이다",
    "date": "08.06.29",
    "rating": "7",
    "author": "sopi****",
    "review_id": "2729106",
    "movie_id": "10442"
  },
  {
    "review": "멍청한 독일군",
    "date": "08.05.13",
    "rating": "7",
    "author": "chki****",
    "review_id": "2638564",
    "movie_id": "10442"
  },
  {
    "review": "1979년 작인데...... 보고나서 1주일 후에 울었던 영화......",
    "date": "08.05.12",
    "rating": "8",
    "author": "hany****",
    "review_id": "2634571",
    "movie_id": "10442"
  },
  {
    "review": "평점이넘과장됨 좋은소재로 극적긴장감떨어지고어설픈연기 감독의역량이딸리는영화",
    "date": "08.05.11",
    "rating": "6",
    "author": "came****",
    "review_id": "2633051",
    "movie_id": "10442"
  },
  {
    "review": "마지막 장면은 아직까지 잊혀지지가 않는다...",
    "date": "08.04.20",
    "rating": "10",
    "author": "gabr****",
    "review_id": "2591217",
    "movie_id": "10442"
  },
  {
    "review": "일제시대의 우리 독립투사들도 이런 느낌이었을까?",
    "date": "08.03.30",
    "rating": "10",
    "author": "keyn****",
    "review_id": "2549611",
    "movie_id": "10442"
  },
  {
    "review": "전쟁영화가 이렇게 아름다울 수가. 마지막 라스트신은 정말 압권...",
    "date": "08.03.23",
    "rating": "10",
    "author": "mist****",
    "review_id": "2538151",
    "movie_id": "10442"
  },
  {
    "review": "최고의 전쟁영화",
    "date": "08.03.16",
    "rating": "10",
    "author": "ysuh****",
    "review_id": "2524845",
    "movie_id": "10442"
  },
  {
    "review": "아 슬프다.. 자기 가족을 위해 얼마나 많은 사람이 희생되었는가 ...",
    "date": "08.03.15",
    "rating": "10",
    "author": "tkdq****",
    "review_id": "2522109",
    "movie_id": "10442"
  },
  {
    "review": "울린다.",
    "date": "08.02.09",
    "rating": "10",
    "author": "sky4****",
    "review_id": "2427466",
    "movie_id": "10442"
  },
  {
    "review": "아 멜로디가 너무 기억에 남네 ㅋㅋ 그리고 총소리도 ㅋㅋ 결말 안습ㅠ",
    "date": "08.02.02",
    "rating": "10",
    "author": "kwki****",
    "review_id": "2398570",
    "movie_id": "10442"
  },
  {
    "review": "잊을수없는 명작~~~~~~~~~~",
    "date": "08.01.28",
    "rating": "10",
    "author": "asdf****",
    "review_id": "2380574",
    "movie_id": "10442"
  },
  {
    "review": "마지막장면은.......",
    "date": "08.01.01",
    "rating": "10",
    "author": "gabr****",
    "review_id": "2286577",
    "movie_id": "10442"
  },
  {
    "review": "전쟁의 비극.",
    "date": "07.12.30",
    "rating": "10",
    "author": "chos****",
    "review_id": "2281018",
    "movie_id": "10442"
  },
  {
    "review": "리메이크되면 정말 재밌을듯 ^^",
    "date": "07.12.25",
    "rating": "10",
    "author": "cho1****",
    "review_id": "2265095",
    "movie_id": "10442"
  },
  {
    "review": "새벽에 국군방송에서 하더라고요....정말 감동이었어요 ㅠ",
    "date": "07.12.02",
    "rating": "10",
    "author": "gksd****",
    "review_id": "2200916",
    "movie_id": "10442"
  },
  {
    "review": "이영화의 엔딩은,,,,,잊혀지지가 안어,,,",
    "date": "07.11.05",
    "rating": "10",
    "author": "airb****",
    "review_id": "2135336",
    "movie_id": "10442"
  },
  {
    "review": "사람들이 이 영화가 걸작이라고 한 이유를 이제 알겠다...",
    "date": "07.11.05",
    "rating": "10",
    "author": "mlty****",
    "review_id": "2134396",
    "movie_id": "10442"
  },
  {
    "review": "몇번을 보아도...",
    "date": "07.10.13",
    "rating": "10",
    "author": "artl****",
    "review_id": "2085577",
    "movie_id": "10442"
  },
  {
    "review": "불멸의 영화.이 영화의 엔딩은 정말 영원히 잊혀지지 않는다",
    "date": "07.09.23",
    "rating": "10",
    "author": "baks****",
    "review_id": "2041225",
    "movie_id": "10442"
  },
  {
    "review": "마지막 장면에 가슴이 뭉클했던 영화 명작 중 명작",
    "date": "07.09.22",
    "rating": "10",
    "author": "sadt****",
    "review_id": "2039352",
    "movie_id": "10442"
  },
  {
    "review": "정말 이 정도로 간결하면서도 심금을 울리는 영화 흔치 않다.",
    "date": "07.09.14",
    "rating": "10",
    "author": "ghos****",
    "review_id": "2020316",
    "movie_id": "10442"
  },
  {
    "review": "음악레슨학원에서 오빠찾는장면 슬펐다..",
    "date": "07.09.08",
    "rating": "10",
    "author": "bioc****",
    "review_id": "2009093",
    "movie_id": "10442"
  },
  {
    "review": "가장 흥미진진하고 감동적인 레지스탕스 영화",
    "date": "07.08.13",
    "rating": "8",
    "author": "cine****",
    "review_id": "1931304",
    "movie_id": "10442"
  },
  {
    "review": "초딩때 관람후 마지막장면이 생각나 다시봤지만 역시 걸작이다.",
    "date": "07.08.13",
    "rating": "10",
    "author": "jws1****",
    "review_id": "1930505",
    "movie_id": "10442"
  },
  {
    "review": "이정도면 굿이지....",
    "date": "07.08.11",
    "rating": "9",
    "author": "luci****",
    "review_id": "1922598",
    "movie_id": "10442"
  }
]