[
  {
    "review": "1939년 작품인되도 현재 CG처리한 영상보다 아름답게 나오네... 다들 연기력도 끝내주고.. 역시 미국",
    "date": "15.07.09",
    "rating": "9",
    "author": "youn****",
    "review_id": "10085107",
    "movie_id": "10448"
  },
  {
    "review": "완벽함, 그 자체. 거의 100여년 가까운 시간히 흐른 지금도 전혀 부족함이 없다",
    "date": "15.04.23",
    "rating": "10",
    "author": "toda****",
    "review_id": "9859641",
    "movie_id": "10448"
  },
  {
    "review": "기괴하지만 사랑스럽다. 싸구려같지만 아름답다.",
    "date": "15.03.06",
    "rating": "9",
    "author": "floo****",
    "review_id": "9759636",
    "movie_id": "10448"
  },
  {
    "review": "무섭다 커피같아 만화방가야지",
    "date": "15.03.03",
    "rating": "1",
    "author": "hide****",
    "review_id": "9753796",
    "movie_id": "10448"
  },
  {
    "review": "아주 옛날 작품이지만 지금 제작한 왠만한 영화 보다 더 나음",
    "date": "15.02.17",
    "rating": "8",
    "author": "adiv****",
    "review_id": "9705907",
    "movie_id": "10448"
  },
  {
    "review": "동심으로 빠져들게 하는신비의 영화.",
    "date": "15.02.13",
    "rating": "10",
    "author": "bn23****",
    "review_id": "9691684",
    "movie_id": "10448"
  },
  {
    "review": "이때당시 최고인거같은영화",
    "date": "15.02.10",
    "rating": "9",
    "author": "xx41****",
    "review_id": "9684063",
    "movie_id": "10448"
  },
  {
    "review": "놀라운 연출로 무장한 아름다운 동화 한 편",
    "date": "15.02.09",
    "rating": "8",
    "author": "mix2****",
    "review_id": "9682060",
    "movie_id": "10448"
  },
  {
    "review": "깜놀 이게 30년대 작품이라니....칼라가 펼쳐지면서 온몸에 소름도 돋앗다 엄청재밋다기보다는 대단하다는게 맞을듯",
    "date": "15.01.31",
    "rating": "8",
    "author": "clfc****",
    "review_id": "9654623",
    "movie_id": "10448"
  },
  {
    "review": "정말 명작입니다! 특히 영화의 뜻을 이해했을 땐 매우 감동적이고 많은 교훈을 받았습니다.. 계속 몇번이고 봐야 될 것 같습니다! 시대가 시대라서 CG와 연출이 부자연스러워도 연기가 정말 훌륭했어요!",
    "date": "15.01.29",
    "rating": "10",
    "author": "ns46****",
    "review_id": "9648169",
    "movie_id": "10448"
  },
  {
    "review": "39년도 허리우드영화수준이 이정도 옛날영화치고 배우들연기력도 수준급이고. 특히 어렸을때녹색마녀보고 무서웠던기억이. 오즈마법사영화중 최고인듯...",
    "date": "15.01.22",
    "rating": "10",
    "author": "emfz****",
    "review_id": "9624403",
    "movie_id": "10448"
  },
  {
    "review": "진짜 이거는 그냥 최고..ㅠ",
    "date": "15.01.09",
    "rating": "10",
    "author": "penn****",
    "review_id": "9578229",
    "movie_id": "10448"
  },
  {
    "review": "감독인 빅터 플레밍 이란분이 감독 연출 다햇구만... 더 놀라운건 같은해에 바람과 함께 사라지다 를 만들엇다라는점....감독이 1889년도생 ㅎㅎㅎ 기가 막히는구나...",
    "date": "14.12.10",
    "rating": "10",
    "author": "pin0****",
    "review_id": "9461895",
    "movie_id": "10448"
  },
  {
    "review": "지금보아도 재미있는 명작 동화 쥬디갈란드+_+",
    "date": "14.11.30",
    "rating": "10",
    "author": "cass****",
    "review_id": "9435992",
    "movie_id": "10448"
  },
  {
    "review": "유치하지만 너무 재밌었다",
    "date": "14.11.18",
    "rating": "10",
    "author": "4805****",
    "review_id": "9398965",
    "movie_id": "10448"
  },
  {
    "review": "별이 10개여도 부족한 영화. 지금 극장에서 재개봉해도 손색없을 정도의 퀄리티를 갖고 있는 매력적인 영화. 노래, 스토리, 연기 모두 좋다.. 강아지 토토의 연기도 인상적이다.",
    "date": "14.10.01",
    "rating": "10",
    "author": "1402****",
    "review_id": "9252838",
    "movie_id": "10448"
  },
  {
    "review": "오즈의 마법사하면 떠오르는 영화! 캐릭터, 음악등 어떤 것도 빠지는 게 없는 영화. 고전영화 중에서 제일 좋아한다.",
    "date": "14.09.26",
    "rating": "10",
    "author": "pped****",
    "review_id": "9241505",
    "movie_id": "10448"
  },
  {
    "review": "어릴적에  보았지만 지금도 마음속에 깊이 남는 영화",
    "date": "14.08.11",
    "rating": "10",
    "author": "kinq****",
    "review_id": "9068074",
    "movie_id": "10448"
  },
  {
    "review": "정말 재밌게 본 만화였습니다.",
    "date": "14.08.01",
    "rating": "10",
    "author": "yeon****",
    "review_id": "9004024",
    "movie_id": "10448"
  },
  {
    "review": "최고의영화, 오랜시간이 지났는데도 촌스럽지않은매력이있다 주디갈란드에게 애도를.. ㅠ원작만큼 좋은영화입니다 강추",
    "date": "14.07.24",
    "rating": "10",
    "author": "ima3****",
    "review_id": "8951219",
    "movie_id": "10448"
  },
  {
    "review": "보는내내 신선했다ㅎㅎ",
    "date": "14.07.23",
    "rating": "9",
    "author": "kep3****",
    "review_id": "8941387",
    "movie_id": "10448"
  },
  {
    "review": "전체적으로 무난했다. 좀 더 어렸을때 봤으면 어땠을까 하는 아쉬움. 주디 갈랜드는 이 영화로 엄청 떳지만 도로시의 족쇄가 그녀를 괴롭혔던거 같다. 외모에 대조되는 사생활도 안타까울 따름이다",
    "date": "14.07.05",
    "rating": "7",
    "author": "zxvt****",
    "review_id": "8884809",
    "movie_id": "10448"
  },
  {
    "review": "뮤지컬 싫어하는 사람은 별로...레미제라블도 재미없게 봤었던 기억이",
    "date": "14.07.01",
    "rating": "6",
    "author": "chod****",
    "review_id": "8872409",
    "movie_id": "10448"
  },
  {
    "review": "지금보면 세트랑 특수효과 등이 엉성하겠지만 1939년작이란 걸 보면 시대를 앞서간 명작. 재밌게 보았다. 도로시도 사랑스럽고.",
    "date": "14.05.01",
    "rating": "9",
    "author": "ieew****",
    "review_id": "8689719",
    "movie_id": "10448"
  },
  {
    "review": "1939년작이라니....",
    "date": "14.04.09",
    "rating": "10",
    "author": "jsn0****",
    "review_id": "8638358",
    "movie_id": "10448"
  },
  {
    "review": "도로시의 그 구두 참...",
    "date": "14.03.18",
    "rating": "8",
    "author": "5292****",
    "review_id": "8586300",
    "movie_id": "10448"
  },
  {
    "review": "너무 귀엽고 순수한 아름다운 동화다!",
    "date": "13.12.15",
    "rating": "8",
    "author": "rudl****",
    "review_id": "8216758",
    "movie_id": "10448"
  },
  {
    "review": "정말 눈물이 난다.저 생생한 눈빛과 생동감넘치는 몸짓발짓의 멋진 연기를 하셨던 분들모두가 거의 100년전의 분들이라니 말이 되는가.하다못해 강아지토토의 연기마저 감탄.모두 돌아가셨을껄 생각하니 시간의 흐름이 너무 슬프다.",
    "date": "13.12.06",
    "rating": "10",
    "author": "gran****",
    "review_id": "8193432",
    "movie_id": "10448"
  },
  {
    "review": "빠져들었다. 뮤지컬 대사의 라임이 매혹적이다.영어를 배워서라도 자막없이 다시 보고 싶다.",
    "date": "13.11.26",
    "rating": "10",
    "author": "kis8****",
    "review_id": "8170422",
    "movie_id": "10448"
  },
  {
    "review": "지금으로부터 20년도 훨씬 넘은 어릴적 TV에서 정말 재밌게 봤던 영화인데 이게 1939년도 작품이라는 사실을 최근에야 알고 경악했다.",
    "date": "13.10.26",
    "rating": "10",
    "author": "warr****",
    "review_id": "8091973",
    "movie_id": "10448"
  },
  {
    "review": "우리나라는 일제시대였는데 헐리우드에선 이렇게 위대한 영화가 나오다니...",
    "date": "13.10.21",
    "rating": "10",
    "author": "nana****",
    "review_id": "8078805",
    "movie_id": "10448"
  },
  {
    "review": "배경과 특수효과들이 예전의 것이라기에는 정말 정교하게 되어있어서 전혀 촌스럽지 않았다. 또한 캔자스의 세피아 배경과 오즈의 컬러배경 대비는 빅터 플레밍 감독의 신의 한수. 거기에 배경음악마저도 완벽한 명작이다. 다만 결말이 아쉽다",
    "date": "13.10.12",
    "rating": "10",
    "author": "toug****",
    "review_id": "8055648",
    "movie_id": "10448"
  },
  {
    "review": "무지개를 넘어서 가장 아름다운 영화가 되다.",
    "date": "13.10.11",
    "rating": "10",
    "author": "bbb2****",
    "review_id": "8051791",
    "movie_id": "10448"
  },
  {
    "review": "Somewhere Over The Rainbow...",
    "date": "13.10.08",
    "rating": "10",
    "author": "mara****",
    "review_id": "8045736",
    "movie_id": "10448"
  },
  {
    "review": "이건 그냥 바람과 함께 사리지다를 제치고 아카데미 작품상을 탔어도 될법한 영화역사상 올타임 1위 영화다. 판타지계의 반지의 제왕? 어림없다. SF의 아바타 스타워즈 이티? 어림없다. 이건 무려 1939년작인데도 전혀 저들에게 밀리지 않는다.",
    "date": "13.10.07",
    "rating": "10",
    "author": "ajho****",
    "review_id": "8043676",
    "movie_id": "10448"
  },
  {
    "review": "판타지와 뮤지컬 영화의 교과서",
    "date": "13.09.28",
    "rating": "5",
    "author": "yols****",
    "review_id": "8019314",
    "movie_id": "10448"
  },
  {
    "review": "진짜 말이필요없는 최고의 영화!",
    "date": "13.09.01",
    "rating": "10",
    "author": "jjh5****",
    "review_id": "7939057",
    "movie_id": "10448"
  },
  {
    "review": "흑백에서 컬러로 바뀌는 그 장면 정말 놀라웠었음 ㅋㅋ",
    "date": "13.08.21",
    "rating": "10",
    "author": "gun6****",
    "review_id": "7908547",
    "movie_id": "10448"
  },
  {
    "review": "원본이 최고",
    "date": "13.08.10",
    "rating": "10",
    "author": "cles****",
    "review_id": "7865795",
    "movie_id": "10448"
  },
  {
    "review": "재미없다",
    "date": "13.07.12",
    "rating": "3",
    "author": "acho****",
    "review_id": "7728434",
    "movie_id": "10448"
  },
  {
    "review": "저 시대에 이런 영화가 만들어졌다니 정말 놀라울 뿐",
    "date": "13.07.10",
    "rating": "10",
    "author": "trez****",
    "review_id": "7723405",
    "movie_id": "10448"
  },
  {
    "review": "영화 사상 최고의 환타지.",
    "date": "13.06.25",
    "rating": "10",
    "author": "arti****",
    "review_id": "7678211",
    "movie_id": "10448"
  },
  {
    "review": "시대를 앞서간 영화",
    "date": "13.06.22",
    "rating": "10",
    "author": "mnlk****",
    "review_id": "7669536",
    "movie_id": "10448"
  },
  {
    "review": "네이버 평점 상위권에 등록 되었으면 좋겠다 개인적으로 이영화 너무 행복하게 봤다",
    "date": "13.05.30",
    "rating": "10",
    "author": "my4s****",
    "review_id": "7562421",
    "movie_id": "10448"
  },
  {
    "review": "등장인물 모두가 연기를 너무 잘한다",
    "date": "13.05.24",
    "rating": "10",
    "author": "qkre****",
    "review_id": "7551956",
    "movie_id": "10448"
  },
  {
    "review": "시대의 명작이다. 모든 부분에서 흠잡을 수 없고, 오히려 감탄하면서 봤다. 배경이나 특수효과, 연출, 분장등 모든 부분이 최고였다.",
    "date": "13.05.05",
    "rating": "10",
    "author": "dwc0****",
    "review_id": "7508268",
    "movie_id": "10448"
  },
  {
    "review": "감히 이 영화를 평가하지 마라.",
    "date": "13.04.30",
    "rating": "10",
    "author": "bakt****",
    "review_id": "7495325",
    "movie_id": "10448"
  },
  {
    "review": "저시대에저런영화를 만들 수 있다니..동화치곤좀무서움 죽은마녀빨간신발도그렇고 푸르딩딩한마녀얼굴도그렇고 ㅠ",
    "date": "13.04.23",
    "rating": "7",
    "author": "choo****",
    "review_id": "7476461",
    "movie_id": "10448"
  },
  {
    "review": "39년도 영화 퀄리티가 이렇게 뛰어난 게 아직도 놀라울 따름이다. 조금 촌스럽고 유치하지만 오히려 요즘 CG범벅 투성이인 영화보다 백배 나음!",
    "date": "13.04.20",
    "rating": "9",
    "author": "dlcj****",
    "review_id": "7469450",
    "movie_id": "10448"
  },
  {
    "review": "rrrrrrrrrrrrrrrrrrrrrrrrrrrrrrrrrrrrrrrrrrrrrrrrrrrrrrrrrrrrrrrrrrrrrrrrrrrrrrrrrrrrrrrrrrrrrrrrrrrrrrrrrrrrrrrrrrrrrrrrrrrrrrrrrrrrrrrrrrrr",
    "date": "13.04.06",
    "rating": "5",
    "author": "sund****",
    "review_id": "7439316",
    "movie_id": "10448"
  },
  {
    "review": "보고 나면 마음이 편안해진다.",
    "date": "13.03.18",
    "rating": "10",
    "author": "bele****",
    "review_id": "7361738",
    "movie_id": "10448"
  },
  {
    "review": "We represent the lollipop guild!",
    "date": "13.03.16",
    "rating": "9",
    "author": "lanj****",
    "review_id": "7352816",
    "movie_id": "10448"
  },
  {
    "review": "정말 재밌는 모험영화다.환상적인 세상을 느낄수 있었다.",
    "date": "13.03.13",
    "rating": "10",
    "author": "odjs****",
    "review_id": "7344417",
    "movie_id": "10448"
  },
  {
    "review": "39년에 이렇게 만들수 있다니 대단하다고 밖에... 모든 면에서 두고두고 봐야할 영화 판타지 영화의 기준이 되어버린 영화",
    "date": "13.03.11",
    "rating": "9",
    "author": "deff****",
    "review_id": "7341814",
    "movie_id": "10448"
  },
  {
    "review": "동심만 있다면 누구라도",
    "date": "13.03.03",
    "rating": "9",
    "author": "no23****",
    "review_id": "7322329",
    "movie_id": "10448"
  },
  {
    "review": "over the rainbow",
    "date": "13.02.24",
    "rating": "10",
    "author": "zmfh****",
    "review_id": "7296917",
    "movie_id": "10448"
  },
  {
    "review": "There is no place like home!!",
    "date": "13.01.26",
    "rating": "10",
    "author": "shin****",
    "review_id": "7174374",
    "movie_id": "10448"
  },
  {
    "review": "주인공 여자애가 귀엽고 이뻐요 목소리도 좋고 노래도 아주 잘불러요 이영화 보고 도로시역 주디갈란드 영상 찾아서  유튜브에서 다른영화 영상이나 노래도 많이 듣고 있어요",
    "date": "13.01.22",
    "rating": "10",
    "author": "lhsm****",
    "review_id": "7154429",
    "movie_id": "10448"
  },
  {
    "review": "여자애 너무 이뻐 ㅋ",
    "date": "12.12.28",
    "rating": "9",
    "author": "dldu****",
    "review_id": "7056811",
    "movie_id": "10448"
  },
  {
    "review": "오즈의 마법사",
    "date": "12.12.28",
    "rating": "9",
    "author": "soqk****",
    "review_id": "7056563",
    "movie_id": "10448"
  },
  {
    "review": "집 만한 곳은 없다~",
    "date": "12.11.04",
    "rating": "8",
    "author": "2601****",
    "review_id": "6855737",
    "movie_id": "10448"
  },
  {
    "review": "Does it need some words to describe?",
    "date": "12.10.31",
    "rating": "10",
    "author": "kyuj****",
    "review_id": "6837740",
    "movie_id": "10448"
  },
  {
    "review": "시대를 앞서도 한참 앞선 영화. 2039년 사람들이 봐도 10점 줄 영화다.",
    "date": "12.10.16",
    "rating": "10",
    "author": "eeuu****",
    "review_id": "6806323",
    "movie_id": "10448"
  },
  {
    "review": "뮤지컬영화의 바이블",
    "date": "12.10.09",
    "rating": "9",
    "author": "rd72****",
    "review_id": "6778016",
    "movie_id": "10448"
  },
  {
    "review": "내 인생 최고의 영화!! 두번 보세요 ㅠ",
    "date": "12.08.31",
    "rating": "10",
    "author": "mark****",
    "review_id": "6658852",
    "movie_id": "10448"
  },
  {
    "review": "무슨 말이 필요해? 1939년에 만든 것 치고 엄청 잘 만든 거다.",
    "date": "12.08.26",
    "rating": "10",
    "author": "fjqm****",
    "review_id": "6646482",
    "movie_id": "10448"
  },
  {
    "review": "지금 봐도 감동을 주는 명작입니다^^",
    "date": "12.08.23",
    "rating": "10",
    "author": "sang****",
    "review_id": "6636929",
    "movie_id": "10448"
  },
  {
    "review": "70여년의 시간동안 변함없이 사랑받는 명작 중의 명작..",
    "date": "12.08.15",
    "rating": "9",
    "author": "blue****",
    "review_id": "6609444",
    "movie_id": "10448"
  },
  {
    "review": "괞찬네요.어릴적 만화로 보았던 그느낌 생각나게 해주어 좋네요",
    "date": "12.07.09",
    "rating": "8",
    "author": "hiha****",
    "review_id": "6465977",
    "movie_id": "10448"
  },
  {
    "review": "명작은 시간이 지나도 변함이 없다",
    "date": "12.07.09",
    "rating": "10",
    "author": "wjst****",
    "review_id": "6464046",
    "movie_id": "10448"
  },
  {
    "review": "1939년 이라는 점을 감안할때 잘만들었다 하지만 지금보면 흠...",
    "date": "12.07.08",
    "rating": "7",
    "author": "ybmc****",
    "review_id": "6462521",
    "movie_id": "10448"
  },
  {
    "review": "1939년  영화로써 이정도면 잘만든듯하고요. 고전 명작 오즈의 마법사 굿~!",
    "date": "12.07.08",
    "rating": "8",
    "author": "dlru****",
    "review_id": "6462473",
    "movie_id": "10448"
  },
  {
    "review": "1990년쯤 영화에 빠져있을때 아빠와 봤던 작품..정말......맘에 드는 고전입니다^^",
    "date": "12.06.27",
    "rating": "10",
    "author": "aphy****",
    "review_id": "6418863",
    "movie_id": "10448"
  },
  {
    "review": "보면 볼수록 신비한 마력에 이끌리게 하는 총천연색 집대성작.",
    "date": "12.06.07",
    "rating": "10",
    "author": "hyuk****",
    "review_id": "6374837",
    "movie_id": "10448"
  },
  {
    "review": "1939년에 만들어진 작품이라고 생각되지 않을 정도로 잘 만든 것 같다.",
    "date": "12.06.06",
    "rating": "10",
    "author": "kkkh****",
    "review_id": "6369636",
    "movie_id": "10448"
  },
  {
    "review": "이건 내가 어렸을때 봤던 영화! 다시봐도 재밌는...",
    "date": "12.05.21",
    "rating": "10",
    "author": "wkd1****",
    "review_id": "6317934",
    "movie_id": "10448"
  },
  {
    "review": "아 재밌다",
    "date": "12.05.20",
    "rating": "10",
    "author": "seh0****",
    "review_id": "6315975",
    "movie_id": "10448"
  },
  {
    "review": "오즈의 마법사같은 영화를 한번더 보는게 소원이다.",
    "date": "12.05.19",
    "rating": "10",
    "author": "eksd****",
    "review_id": "6311940",
    "movie_id": "10448"
  },
  {
    "review": "재밌음!!!",
    "date": "12.05.18",
    "rating": "10",
    "author": "juli****",
    "review_id": "6310017",
    "movie_id": "10448"
  },
  {
    "review": "얼마전에 케이블에서 다시 봤지만, 판타지 고전 작품중에서 단연 최고",
    "date": "12.05.17",
    "rating": "10",
    "author": "kens****",
    "review_id": "6304306",
    "movie_id": "10448"
  },
  {
    "review": "굿~",
    "date": "12.05.16",
    "rating": "10",
    "author": "jade****",
    "review_id": "6303067",
    "movie_id": "10448"
  },
  {
    "review": "나는 재미없었는데",
    "date": "12.05.16",
    "rating": "1",
    "author": "kms8****",
    "review_id": "6302886",
    "movie_id": "10448"
  },
  {
    "review": "이거 원래 어린이 뮤지컬도 있어다는.....!",
    "date": "12.05.15",
    "rating": "10",
    "author": "rudg****",
    "review_id": "6300441",
    "movie_id": "10448"
  },
  {
    "review": "아주 웃겼습니다.",
    "date": "12.05.13",
    "rating": "10",
    "author": "sh15****",
    "review_id": "6295854",
    "movie_id": "10448"
  },
  {
    "review": "최고였다.",
    "date": "12.05.13",
    "rating": "10",
    "author": "iiii****",
    "review_id": "6295789",
    "movie_id": "10448"
  },
  {
    "review": "200번째로 평점을하다니!! 정말 최고의 명작.....",
    "date": "12.05.12",
    "rating": "10",
    "author": "dc71****",
    "review_id": "6292290",
    "movie_id": "10448"
  },
  {
    "review": "정말 진리예용ㅋㅋ",
    "date": "12.05.09",
    "rating": "10",
    "author": "jhe0****",
    "review_id": "6284416",
    "movie_id": "10448"
  },
  {
    "review": "영원한 뮤직컬 스타 쥬디갈란드....요즘봐도 간지가 장난아니네",
    "date": "12.05.09",
    "rating": "10",
    "author": "ange****",
    "review_id": "6284005",
    "movie_id": "10448"
  },
  {
    "review": "전 이것이 TV에서 해서 보았다지요ㅋㅋ",
    "date": "12.05.07",
    "rating": "10",
    "author": "lees****",
    "review_id": "6280562",
    "movie_id": "10448"
  },
  {
    "review": "넘사벽 평점.. 명작은 시간이 가도 명작,,.아니 진가가 더 발휘되는듯..",
    "date": "12.05.07",
    "rating": "10",
    "author": "slam****",
    "review_id": "6280482",
    "movie_id": "10448"
  },
  {
    "review": "33",
    "date": "12.05.07",
    "rating": "10",
    "author": "yube****",
    "review_id": "6280471",
    "movie_id": "10448"
  },
  {
    "review": "도로시 넘 예쁘고 토토두 넘 귀여웠어용",
    "date": "12.05.07",
    "rating": "10",
    "author": "cuty****",
    "review_id": "6280144",
    "movie_id": "10448"
  },
  {
    "review": "토토 귀요미~",
    "date": "12.05.07",
    "rating": "10",
    "author": "k895****",
    "review_id": "6279134",
    "movie_id": "10448"
  },
  {
    "review": "먼치킨들..귀엽당!",
    "date": "12.05.07",
    "rating": "10",
    "author": "shyh****",
    "review_id": "6279087",
    "movie_id": "10448"
  },
  {
    "review": "이거 본지 3년도 넘음 .....",
    "date": "12.05.06",
    "rating": "6",
    "author": "aud3****",
    "review_id": "6276772",
    "movie_id": "10448"
  },
  {
    "review": "고전 명작 ㅋㅋ",
    "date": "12.05.06",
    "rating": "9",
    "author": "llkk****",
    "review_id": "6276474",
    "movie_id": "10448"
  },
  {
    "review": "오즈의 마법사는 미국 대공황을 현란하게 비평한 동화죠",
    "date": "12.05.05",
    "rating": "6",
    "author": "rlaq****",
    "review_id": "6274245",
    "movie_id": "10448"
  },
  {
    "review": "완전 짱 감독 믿을 만 하다",
    "date": "12.05.05",
    "rating": "10",
    "author": "paul****",
    "review_id": "6273866",
    "movie_id": "10448"
  },
  {
    "review": "마지막 엔딩크레딧이 올라오는 순간 너의 심장 박동소리가 요동을 칠 것이다.",
    "date": "12.05.05",
    "rating": "9",
    "author": "bung****",
    "review_id": "6271955",
    "movie_id": "10448"
  },
  {
    "review": "최고",
    "date": "12.05.04",
    "rating": "10",
    "author": "wglo****",
    "review_id": "6271238",
    "movie_id": "10448"
  }
]