[
  {
    "review": "정말 28년전 일어난 가슴아픈 안타까운 현실 다시는 이런 사건이 발생해선 안된다 옛날 영화지만 보는 내내 가슴 아프고 안타까웠다 우리나라 역사에서도 이 사건은 잊혀져선 안된다",
    "date": "15.07.23",
    "rating": "10",
    "author": "robo****",
    "review_id": "10133122",
    "movie_id": "10446"
  },
  {
    "review": "정말 너무나도 못만든 영화..",
    "date": "15.05.27",
    "rating": "1",
    "author": "kimd****",
    "review_id": "9953567",
    "movie_id": "10446"
  },
  {
    "review": "가슴아픈 진실...우리 역사에서 다시는 잃어나서는 안 될 일",
    "date": "14.11.14",
    "rating": "10",
    "author": "bpre****",
    "review_id": "9383039",
    "movie_id": "10446"
  },
  {
    "review": "중학교 때 보았던 영화입니다 김현희 역시 분단으로 인해 희생된 피해자였습니다.",
    "date": "14.10.28",
    "rating": "10",
    "author": "yoon****",
    "review_id": "9325322",
    "movie_id": "10446"
  },
  {
    "review": "그것이 알고 싶다! 영화자체로도 뒷이야기가 많았을 영화.",
    "date": "14.10.16",
    "rating": "7",
    "author": "moon****",
    "review_id": "9296246",
    "movie_id": "10446"
  },
  {
    "review": "20년도 더 된 영화지만 실제 있었던 일이라는 사실에 참 가슴아프고 ...정말 한편으론 막막했습니다.",
    "date": "14.10.09",
    "rating": "10",
    "author": "cjfg****",
    "review_id": "9276349",
    "movie_id": "10446"
  },
  {
    "review": "볼만하던데요..ㅋㅋ 생각보단~ 저때 시대에 저정도면 괜찮은거 아닌가요? 어렸을때봤는데도 아직도 충격이 가시지 않았는데~ 요새 이 얘기가 많이 오더군요~ 다시한번 보고싶어지네요~ 지금 시대에 다시 한번 만들어도 좋을거같아요~",
    "date": "14.04.11",
    "rating": "9",
    "author": "bopi****",
    "review_id": "8643595",
    "movie_id": "10446"
  },
  {
    "review": "역시 재미없네요 이게참나",
    "date": "13.10.27",
    "rating": "1",
    "author": "jsga****",
    "review_id": "8094819",
    "movie_id": "10446"
  },
  {
    "review": "지옥에 떨어져라 이 악마년아",
    "date": "13.08.14",
    "rating": "10",
    "author": "pil7****",
    "review_id": "7881411",
    "movie_id": "10446"
  },
  {
    "review": "옛날 영환데 되게 잘만들었네요 ..주인공들 연기도 리얼하고, 외국 배경으로 한것도 잘됐고... 비행기 폭파할때와 유족들 나올 때 너무 가슴 아팠습니다.",
    "date": "13.04.09",
    "rating": "10",
    "author": "yesi****",
    "review_id": "7445850",
    "movie_id": "10446"
  },
  {
    "review": "한심한 영화 ㅉㅉ",
    "date": "13.02.08",
    "rating": "1",
    "author": "kom_****",
    "review_id": "7240005",
    "movie_id": "10446"
  },
  {
    "review": "이런거 많이 만들어졋으면 좋겟다",
    "date": "13.01.26",
    "rating": "10",
    "author": "dnjs****",
    "review_id": "7176571",
    "movie_id": "10446"
  },
  {
    "review": "KAL기폭파사건을,조작이라니,나도 우파는 아니다만,너희들 정말 너무들 하는구나.그냥 제가 믿고 싶은것만 믿으면 되는거냐?신은 존재하는지,안하는지,증명할수없기에,신의존재를 결코 믿을수 없다?가서옆집애나 돌봐주든가...아니면,발닦고,잠이나 주무시든가...",
    "date": "12.09.19",
    "rating": "8",
    "author": "baks****",
    "review_id": "6712082",
    "movie_id": "10446"
  },
  {
    "review": "다시 보고싶은영화...잘 보았습니다",
    "date": "12.06.26",
    "rating": "10",
    "author": "ansg****",
    "review_id": "6418246",
    "movie_id": "10446"
  },
  {
    "review": "연기력 굿굿 감명깊게 봤습니다",
    "date": "12.06.26",
    "rating": "10",
    "author": "nomi****",
    "review_id": "6418242",
    "movie_id": "10446"
  },
  {
    "review": "다시 보고 싶은 영화.김서라 정말 이쁘고 연기도 잘하는 멋진여자다.",
    "date": "12.05.01",
    "rating": "10",
    "author": "odjs****",
    "review_id": "6262104",
    "movie_id": "10446"
  },
  {
    "review": "또다시 보려고 DVD 구매한 1인. -_-v 돈주고 DVD 산 영화는 처음이자 마지막일듯",
    "date": "12.03.18",
    "rating": "9",
    "author": "ktf0****",
    "review_id": "6152407",
    "movie_id": "10446"
  },
  {
    "review": "또다시 보고 싶습니다",
    "date": "12.03.13",
    "rating": "9",
    "author": "guan****",
    "review_id": "6141745",
    "movie_id": "10446"
  },
  {
    "review": "흥미로운 스토리",
    "date": "11.09.19",
    "rating": "6",
    "author": "naeg****",
    "review_id": "5740274",
    "movie_id": "10446"
  },
  {
    "review": "24년전의 일이지만 다시보아도 너무 가슴아픈 사건이네요 ~~",
    "date": "11.01.10",
    "rating": "10",
    "author": "jal7****",
    "review_id": "5147987",
    "movie_id": "10446"
  },
  {
    "review": "청소년 관람불가네요. 초등학생때 학교 단체관람으로 중앙극장에서 봤습니다.",
    "date": "10.06.18",
    "rating": "10",
    "author": "jk40****",
    "review_id": "4573037",
    "movie_id": "10446"
  },
  {
    "review": "이거보고싶어서 중고싸이트에서삿는데..기대보단 떨어지지만 볼만햇음",
    "date": "10.05.22",
    "rating": "10",
    "author": "tree****",
    "review_id": "4516225",
    "movie_id": "10446"
  },
  {
    "review": "어찌 대한민국은 20년이지난 지금도 ..........점점 같아지고있을까",
    "date": "10.04.18",
    "rating": "10",
    "author": "clic****",
    "review_id": "4439992",
    "movie_id": "10446"
  },
  {
    "review": "다시 제작해야 한다!! 이걸 안믿는 개새들은 모두 김씨왕조 따라지들임!!",
    "date": "09.10.29",
    "rating": "10",
    "author": "hail****",
    "review_id": "3922868",
    "movie_id": "10446"
  },
  {
    "review": "폭파장면에서 살갖찢어지고 눈깔 튀어나오고 정말 처참했던 모습에 잠못잤다.",
    "date": "09.03.07",
    "rating": "10",
    "author": "coco****",
    "review_id": "3352453",
    "movie_id": "10446"
  },
  {
    "review": "KAL 폭파 장면 만큼은 예술이었다. 그 당시 때만 해도 최첨단 cg 였었는데...",
    "date": "09.01.06",
    "rating": "7",
    "author": "cj18****",
    "review_id": "3197058",
    "movie_id": "10446"
  },
  {
    "review": "초딩때 단체관람했던,, 사람들 죽는씬과 정치색짙은점, 생각해볼만했다",
    "date": "09.01.05",
    "rating": "8",
    "author": "yjo4****",
    "review_id": "3194445",
    "movie_id": "10446"
  },
  {
    "review": "난 어릴때 이영화 시민문화회관에서 해주길래봤었다.......ㅎㅎ 샤워장면에서 놀랐어",
    "date": "08.06.06",
    "rating": "6",
    "author": "uumm****",
    "review_id": "2683419",
    "movie_id": "10446"
  },
  {
    "review": "정말 진실성이 다분한 영화 칼기사건은 100% 진실하다고 주장합니다!!",
    "date": "07.11.20",
    "rating": "10",
    "author": "tesa****",
    "review_id": "2169309",
    "movie_id": "10446"
  },
  {
    "review": "이걸믿나? 우매한 군중들.. 쓰레기같은 정치관련영화",
    "date": "07.09.30",
    "rating": "1",
    "author": "cain****",
    "review_id": "2062238",
    "movie_id": "10446"
  },
  {
    "review": "소재로써는 아주 훌륭한데...언젠간 다시 제작되겠지..",
    "date": "07.08.11",
    "rating": "8",
    "author": "typo****",
    "review_id": "1919126",
    "movie_id": "10446"
  },
  {
    "review": "새롭다",
    "date": "07.07.22",
    "rating": "10",
    "author": "khh6****",
    "review_id": "1800741",
    "movie_id": "10446"
  },
  {
    "review": "모든 진실은 범인만이 알고있다..",
    "date": "07.03.01",
    "rating": "10",
    "author": "gema****",
    "review_id": "1509967",
    "movie_id": "10446"
  },
  {
    "review": "이제 다시 새롭게 다뤄볼만한 소재",
    "date": "06.10.07",
    "rating": "10",
    "author": "haey****",
    "review_id": "1167894",
    "movie_id": "10446"
  },
  {
    "review": "진실을 알고싶다",
    "date": "06.07.30",
    "rating": "10",
    "author": "zeed****",
    "review_id": "946234",
    "movie_id": "10446"
  },
  {
    "review": "이런 일이 다시는 일어나면 안된다...",
    "date": "06.04.12",
    "rating": "10",
    "author": "chul****",
    "review_id": "758761",
    "movie_id": "10446"
  },
  {
    "review": "지난 과거의 커다란 큰 충격입니다",
    "date": "06.02.04",
    "rating": "10",
    "author": "rage****",
    "review_id": "647708",
    "movie_id": "10446"
  },
  {
    "review": "내가 감독이라면 다시만들고 싶은 소재",
    "date": "05.08.26",
    "rating": "1",
    "author": "taij****",
    "review_id": "384210",
    "movie_id": "10446"
  },
  {
    "review": "진실이 무언지 정말 궁금하네요.",
    "date": "05.08.25",
    "rating": "5",
    "author": "riot****",
    "review_id": "382846",
    "movie_id": "10446"
  },
  {
    "review": "특수효과 장면이 암울합니다...한국영화 기술의 암울했던 과거",
    "date": "05.04.14",
    "rating": "1",
    "author": "skhs****",
    "review_id": "259564",
    "movie_id": "10446"
  },
  {
    "review": "정말 쓰레기...정치성이 너무 강하고.. 조작사건을 영화화..--",
    "date": "04.12.07",
    "rating": "1",
    "author": "blue****",
    "review_id": "158323",
    "movie_id": "10446"
  }
]