[
  {
    "review": "성룡 팬이라면 그 시절 추억에 빠질만하다",
    "date": "15.04.04",
    "rating": "6",
    "author": "sipj****",
    "review_id": "9827442",
    "movie_id": "10441"
  },
  {
    "review": "드라마에 성룡액션이 엄청난 조미료가 된것같다.",
    "date": "15.03.03",
    "rating": "9",
    "author": "bis2****",
    "review_id": "9754575",
    "movie_id": "10441"
  },
  {
    "review": "유머와 액션. 휴머니즘의 하모니",
    "date": "15.02.11",
    "rating": "10",
    "author": "josh****",
    "review_id": "9686918",
    "movie_id": "10441"
  },
  {
    "review": "당시에 홍콩 잘나가는 주조연들 대거 출연..  화려한 캐스팅으로 내용도 볼만한 내용",
    "date": "14.11.15",
    "rating": "7",
    "author": "adiv****",
    "review_id": "9385337",
    "movie_id": "10441"
  },
  {
    "review": "감동적인 성룡영화 멋있는 따거",
    "date": "14.11.06",
    "rating": "10",
    "author": "yjl1****",
    "review_id": "9344214",
    "movie_id": "10441"
  },
  {
    "review": "성룡의 액션은 역시나 예술이다",
    "date": "14.10.22",
    "rating": "9",
    "author": "clou****",
    "review_id": "9307802",
    "movie_id": "10441"
  },
  {
    "review": "존경스러운 성룡 형님 굿",
    "date": "14.10.03",
    "rating": "10",
    "author": "khh9****",
    "review_id": "9257307",
    "movie_id": "10441"
  },
  {
    "review": "성룡 영화중 최고라 할만함",
    "date": "14.07.31",
    "rating": "10",
    "author": "wsgu****",
    "review_id": "8994605",
    "movie_id": "10441"
  },
  {
    "review": "어렸을때 동아극장시사회(잡지'로드쇼'주최)에서 성룡과 악수했던 영화!!!(천여명관객들을 출입구에 서서 일일이 악수해줌) 생각관달리 초특급미남의 성룡을 보고 넋잃은 나의 볼을 꼬집어주던 성룡의 웃는 모습을 잊을수가 없네요~성룡, 당신은 최고입니다~!",
    "date": "14.06.22",
    "rating": "10",
    "author": "whia****",
    "review_id": "8848080",
    "movie_id": "10441"
  },
  {
    "review": "난 이때의 성룡 영화가 훨씬 더 낫다고 본다.",
    "date": "14.02.27",
    "rating": "8",
    "author": "laki****",
    "review_id": "8543647",
    "movie_id": "10441"
  },
  {
    "review": "미라클 정도는 아니고....",
    "date": "14.02.02",
    "rating": "8",
    "author": "gusn****",
    "review_id": "8463633",
    "movie_id": "10441"
  },
  {
    "review": "지금보니 새롭네요 어릴땐 액션만 본기억이있는데내용도 알차고 코믹도 많네요 하반장 눈팅이 밤탱이되는거보고 빵터졌음ㅋ 지금개봉해도 손색이없을정도로 잼있습니다. 성룡의 젊을때 모습보니 좋네요^^",
    "date": "14.01.30",
    "rating": "10",
    "author": "fa10****",
    "review_id": "8449423",
    "movie_id": "10441"
  },
  {
    "review": "다른 성룡 영화처럼 액션의 스케일이 크지는 않지만, 아기자기한 액션이 매우 훌륭하고 드라마적인 구성은 가장 탄탄한 영화. 매염방의 매력과 글로리아 입의 귀여운 모습도 인상적.",
    "date": "14.01.25",
    "rating": "10",
    "author": "slow****",
    "review_id": "8423775",
    "movie_id": "10441"
  },
  {
    "review": "성룡, 원표, 글로리아 입과 매염방까지.. 말이 필요합니까? 중절모 쓴 성룡의 색다른 모습이 인상적인 코믹 액션극. 극장에서 두번 본 영화. 이때만 해도 성룡영화 개봉하면 극장에 줄을 써서 기다렸었지",
    "date": "14.01.24",
    "rating": "9",
    "author": "gall****",
    "review_id": "8422554",
    "movie_id": "10441"
  },
  {
    "review": "전성기시절의 성룡은 액션의 신아다.",
    "date": "14.01.24",
    "rating": "10",
    "author": "clim****",
    "review_id": "8420013",
    "movie_id": "10441"
  },
  {
    "review": "액션 영화와.진짜영화라는 건 이런거다. 성룡이 요즘 배우들 귀때기 때리면서.잔소리해도..될 정도 의 영화임..요즘 배우들 너무 날로 먹는경향이 많음.",
    "date": "14.01.23",
    "rating": "10",
    "author": "shar****",
    "review_id": "8415387",
    "movie_id": "10441"
  },
  {
    "review": "영화관에서도 보고 나중에 비디오로도 빌려봤던 영화입니다. 카메라 장난과 CG만 가득한 최근의 가짜 액션 영화와는 다른 진짜 액션 영화지요.  영화관에서 상영하면 꼭 다시 보겠습니다.",
    "date": "14.01.22",
    "rating": "10",
    "author": "powe****",
    "review_id": "8413252",
    "movie_id": "10441"
  },
  {
    "review": "이거 어릴때 봤는데 디게 감동적임.. 성룡의 따뜻한 코믹.. 다시 개봉하면 보고 싶음..",
    "date": "14.01.22",
    "rating": "10",
    "author": "slam****",
    "review_id": "8411025",
    "movie_id": "10441"
  },
  {
    "review": "상영관이 어디인지 알아야 보든지 하지상영하는곳이 없잖아",
    "date": "14.01.22",
    "rating": "10",
    "author": "feel****",
    "review_id": "8409898",
    "movie_id": "10441"
  },
  {
    "review": "아주아주아주 재밋겟다",
    "date": "14.01.21",
    "rating": "10",
    "author": "dlej****",
    "review_id": "8406741",
    "movie_id": "10441"
  },
  {
    "review": "정녕 이영화를 극장서 큰스크린으로 볼수있는건가...매염방두 넘그립다..",
    "date": "14.01.20",
    "rating": "9",
    "author": "dudr****",
    "review_id": "8405162",
    "movie_id": "10441"
  },
  {
    "review": "하하 재개봉해서 기분이 좋군요",
    "date": "14.01.20",
    "rating": "10",
    "author": "cind****",
    "review_id": "8404658",
    "movie_id": "10441"
  },
  {
    "review": "최초로 극장에서 본 성룡 영화. 기억에 많이 남는다.",
    "date": "13.12.22",
    "rating": "10",
    "author": "ldj0****",
    "review_id": "8276735",
    "movie_id": "10441"
  },
  {
    "review": "개봉당시엔 열라 재밌게 본 기억이 나는데, 지금보니 아니구나",
    "date": "13.10.09",
    "rating": "5",
    "author": "dbzh****",
    "review_id": "8047545",
    "movie_id": "10441"
  },
  {
    "review": "명작이지 액션도 간간히 나오고 코믹적인 부분도 많이 나오고 지금은 고인이된 매염방도 나오고 성룡의 푸근한 모습과 따듯한 이야기의 영화다 플레이타임 만큼이나 푸짐한 영화",
    "date": "13.09.13",
    "rating": "10",
    "author": "tjdf****",
    "review_id": "7973739",
    "movie_id": "10441"
  },
  {
    "review": "성룡 하면 미라클이지.. 초딩때 봤는데 30을 훌쩍넘긴 지금 딛시봐도 재미난 영화..그때의 향수가 느껴진다",
    "date": "13.05.14",
    "rating": "10",
    "author": "hms3****",
    "review_id": "7528064",
    "movie_id": "10441"
  },
  {
    "review": "시나리오가 뭐 이래? 그나마 재키형님의 열연때문에..",
    "date": "13.04.27",
    "rating": "7",
    "author": "tn99****",
    "review_id": "7487921",
    "movie_id": "10441"
  },
  {
    "review": "아낰ㅋㅋㅋ 이게무슨 드라마여ㅋㅋㅋ 드라마라고해서 성룡의 드문 진지한 영환줄알앗는데 완전개그코미디영화임ㅋㅋㅋㅋㅋㅋ그리고 폴리스스토리같은 화려한 액션은없지만 사물을 이용한 아크로바틱액션은 성룡작품중 1빠인듯ㅋㅋㅋㅋㅋ대박ㅋㅋㅋ",
    "date": "13.03.29",
    "rating": "10",
    "author": "hkp1****",
    "review_id": "7418375",
    "movie_id": "10441"
  },
  {
    "review": "글쎄...액션도 별로 없고 스토리도 그닥;;  웃긴것도 아니고 진지한것도 아니고...",
    "date": "13.02.17",
    "rating": "1",
    "author": "mftr****",
    "review_id": "7275702",
    "movie_id": "10441"
  },
  {
    "review": "활활 타오르던 시절의 성룡의 명작중 하나.",
    "date": "13.02.17",
    "rating": "10",
    "author": "sktl****",
    "review_id": "7273351",
    "movie_id": "10441"
  },
  {
    "review": "성룡 수작중의 하나~~",
    "date": "12.12.26",
    "rating": "10",
    "author": "ongn****",
    "review_id": "7049475",
    "movie_id": "10441"
  },
  {
    "review": "추석2. 성룡영화에도 스토리가 있다. 성룡의액션과 재밌고 감동적인 스토리... 깨알같은 코미디... 누구랑 봐도 재밌고 유쾌하게 볼 수 있을것 같은... 꼭 소장해서 나중에 자녀랑 보고싶은 그런 영화...강츄!!!!!!!",
    "date": "12.09.30",
    "rating": "10",
    "author": "kimd****",
    "review_id": "6744781",
    "movie_id": "10441"
  },
  {
    "review": "재미는 있지만 중반부터는 스토리가 좀 영...",
    "date": "12.09.08",
    "rating": "9",
    "author": "mcsj****",
    "review_id": "6677586",
    "movie_id": "10441"
  },
  {
    "review": "멋진 연출과 스토리... 역시 최고의 액션 용형.",
    "date": "12.02.18",
    "rating": "10",
    "author": "mgr_****",
    "review_id": "6085779",
    "movie_id": "10441"
  },
  {
    "review": "뭔가좀 어설픈 설정...;;",
    "date": "12.02.07",
    "rating": "6",
    "author": "do11****",
    "review_id": "6059122",
    "movie_id": "10441"
  },
  {
    "review": "최고중의 최고!!!!!",
    "date": "12.01.18",
    "rating": "10",
    "author": "deux****",
    "review_id": "5994304",
    "movie_id": "10441"
  },
  {
    "review": "원작의 감동+액션. 성룡이 아니면 나올수 없었던 영화다",
    "date": "11.11.07",
    "rating": "10",
    "author": "hyew****",
    "review_id": "5833904",
    "movie_id": "10441"
  },
  {
    "review": "성룡은 홍콩의 채플린. 하지만 한번 보고 그뿐.",
    "date": "11.07.20",
    "rating": "2",
    "author": "sykm****",
    "review_id": "5555976",
    "movie_id": "10441"
  },
  {
    "review": "성룡의액션씬말고는재미없다",
    "date": "11.04.07",
    "rating": "1",
    "author": "zzzo****",
    "review_id": "5360247",
    "movie_id": "10441"
  },
  {
    "review": "이것이야 말로 나를 환장시키게 하는 액션 영화",
    "date": "11.01.18",
    "rating": "10",
    "author": "wjd9****",
    "review_id": "5167159",
    "movie_id": "10441"
  },
  {
    "review": "해피엔딩이여서 작품이 더 좋았던것 같다. 성룡의 액션도 뺴놓을수 없는 볼거리",
    "date": "11.01.12",
    "rating": "10",
    "author": "laks****",
    "review_id": "5152514",
    "movie_id": "10441"
  },
  {
    "review": "당시 느와르에게 밀려 고전하던 성룡이 재기를 할 수 있었던 작품.참 잼있게 봤었는데",
    "date": "10.11.26",
    "rating": "7",
    "author": "thra****",
    "review_id": "4993784",
    "movie_id": "10441"
  },
  {
    "review": "나까지 가슴 조렸네...NG장면 보면 왜 성룡이 대단한지 안다...와우...존경",
    "date": "10.10.15",
    "rating": "10",
    "author": "kkan****",
    "review_id": "4903318",
    "movie_id": "10441"
  },
  {
    "review": "이 영화 DVD로 안나오나? 사고 싶어 환장하겠음...",
    "date": "10.10.14",
    "rating": "10",
    "author": "king****",
    "review_id": "4902197",
    "movie_id": "10441"
  },
  {
    "review": "성룡의 액션만을 기대한다면 비추, 그러나 성룡의 팬이라면 강추. 색다른 성룡! 최고.",
    "date": "10.07.20",
    "rating": "10",
    "author": "lso1****",
    "review_id": "4655644",
    "movie_id": "10441"
  },
  {
    "review": "아주 재밌게 봤던 기억,,,,성룡의 진지한 작품 중 한편",
    "date": "10.04.13",
    "rating": "8",
    "author": "sola****",
    "review_id": "4431051",
    "movie_id": "10441"
  },
  {
    "review": "성룡이 감독으로써 재능이 액션뿐만 아니라 연출력도 뛰어나다는걸 증명한 작품..",
    "date": "10.01.13",
    "rating": "10",
    "author": "gh75****",
    "review_id": "4165869",
    "movie_id": "10441"
  },
  {
    "review": "성룡식 특유의 재치와 액션, 그리고 이제는 볼 수 없는 매염방의 매력..",
    "date": "09.12.11",
    "rating": "8",
    "author": "joji****",
    "review_id": "4034101",
    "movie_id": "10441"
  },
  {
    "review": "웃음이 넘치는 스토리와 좋았지만, 액션이 조금 부족한게 아닌가...",
    "date": "09.10.29",
    "rating": "8",
    "author": "ard2****",
    "review_id": "3923262",
    "movie_id": "10441"
  },
  {
    "review": "성룡형님 약간 아쉬운 작품 ㅠㅠ",
    "date": "09.10.22",
    "rating": "7",
    "author": "exam****",
    "review_id": "3908342",
    "movie_id": "10441"
  },
  {
    "review": "액션+감동 두마리 토끼를 낚은..",
    "date": "09.08.25",
    "rating": "10",
    "author": "minh****",
    "review_id": "3785934",
    "movie_id": "10441"
  },
  {
    "review": "ㅋㅋ 젊은 성룡 재밌다",
    "date": "09.05.04",
    "rating": "10",
    "author": "pop5****",
    "review_id": "3466952",
    "movie_id": "10441"
  },
  {
    "review": "중학생때 첨봤던 느낌 그대로 여전히 재밋네요",
    "date": "09.04.24",
    "rating": "10",
    "author": "mosp****",
    "review_id": "3437590",
    "movie_id": "10441"
  },
  {
    "review": "성룡의 다재다능함~~드라마연기에다 감독까지~~",
    "date": "09.02.02",
    "rating": "8",
    "author": "iss2****",
    "review_id": "3271272",
    "movie_id": "10441"
  },
  {
    "review": "역시 성룡은 최고다 !",
    "date": "09.01.13",
    "rating": "10",
    "author": "oper****",
    "review_id": "3217908",
    "movie_id": "10441"
  },
  {
    "review": "성룡식 액션에 가슴 따뜻한 스토리까지 더해진 영화",
    "date": "08.07.29",
    "rating": "8",
    "author": "uds0****",
    "review_id": "2815227",
    "movie_id": "10441"
  },
  {
    "review": "성룡의 영화는 재밌다...그런데...왜 이렇게 촌시럽...",
    "date": "07.12.26",
    "rating": "7",
    "author": "egyp****",
    "review_id": "2268905",
    "movie_id": "10441"
  },
  {
    "review": "신은 액션배우중 성룡만을 사랑하는 듯하다",
    "date": "07.12.20",
    "rating": "10",
    "author": "baks****",
    "review_id": "2248146",
    "movie_id": "10441"
  },
  {
    "review": "성룡의 극대치~",
    "date": "07.12.15",
    "rating": "10",
    "author": "clic****",
    "review_id": "2232748",
    "movie_id": "10441"
  },
  {
    "review": "너무 재미있었습니다^^",
    "date": "07.12.04",
    "rating": "10",
    "author": "lejj****",
    "review_id": "2205846",
    "movie_id": "10441"
  },
  {
    "review": "기적이라는 것이 무엇인지를 보여준다",
    "date": "07.07.11",
    "rating": "10",
    "author": "deff****",
    "review_id": "1764595",
    "movie_id": "10441"
  },
  {
    "review": "성룡영화를 좋아 하는 사람이라면 꼭 봐야 되는 영화.",
    "date": "07.04.24",
    "rating": "10",
    "author": "set4****",
    "review_id": "1603255",
    "movie_id": "10441"
  },
  {
    "review": "재미있다 !! ㅠㅠ",
    "date": "07.04.14",
    "rating": "10",
    "author": "wwe8****",
    "review_id": "1587721",
    "movie_id": "10441"
  },
  {
    "review": "성룡영화중에 최고...마지막 대사 최고..ㅋㅋㅋ",
    "date": "07.03.11",
    "rating": "10",
    "author": "timm****",
    "review_id": "1528431",
    "movie_id": "10441"
  },
  {
    "review": "성룡영화의 최고작",
    "date": "07.01.12",
    "rating": "10",
    "author": "ahd2****",
    "review_id": "1376995",
    "movie_id": "10441"
  },
  {
    "review": "매염방 때문에 1점 더 준다",
    "date": "07.01.03",
    "rating": "7",
    "author": "nala****",
    "review_id": "1352850",
    "movie_id": "10441"
  },
  {
    "review": "동감임!!!!!!!!!!!!",
    "date": "06.12.14",
    "rating": "10",
    "author": "qudv****",
    "review_id": "1292450",
    "movie_id": "10441"
  },
  {
    "review": "초호화 캐스팅 한번보면 재미없음 2번이상봐야 재밌는영화",
    "date": "06.11.05",
    "rating": "8",
    "author": "thfl****",
    "review_id": "1217141",
    "movie_id": "10441"
  },
  {
    "review": "두말할꺼 없이 성룡영화중 최고!!!",
    "date": "06.10.21",
    "rating": "10",
    "author": "taks****",
    "review_id": "1190795",
    "movie_id": "10441"
  },
  {
    "review": "청순했던 글로리아 입 ... 미라클이네 ...",
    "date": "06.08.14",
    "rating": "7",
    "author": "1stl****",
    "review_id": "1026188",
    "movie_id": "10441"
  },
  {
    "review": "영화광인 내가 정말 재미있다고 생각하는 옛날영화ㅋ",
    "date": "06.07.10",
    "rating": "10",
    "author": "pmab****",
    "review_id": "882780",
    "movie_id": "10441"
  },
  {
    "review": "어릴적에 너무 재밌게 봤었다..",
    "date": "06.07.06",
    "rating": "10",
    "author": "game****",
    "review_id": "872596",
    "movie_id": "10441"
  },
  {
    "review": "성룡영화의 하향세",
    "date": "06.06.19",
    "rating": "6",
    "author": "wake****",
    "review_id": "849700",
    "movie_id": "10441"
  },
  {
    "review": "아주어렸을때 봤지만 아직도 제목을 않잃어버리고 기억에남아요",
    "date": "06.03.23",
    "rating": "10",
    "author": "buti****",
    "review_id": "729764",
    "movie_id": "10441"
  },
  {
    "review": "성룡!!",
    "date": "06.02.27",
    "rating": "8",
    "author": "yimi****",
    "review_id": "695535",
    "movie_id": "10441"
  },
  {
    "review": "역시 잭키 찬!!!",
    "date": "06.02.26",
    "rating": "10",
    "author": "ksgo****",
    "review_id": "692535",
    "movie_id": "10441"
  },
  {
    "review": "최고다 최고.스토리 좋고,연기력 좋고,액션 좋고,웃기고...",
    "date": "06.02.22",
    "rating": "10",
    "author": "crea****",
    "review_id": "685809",
    "movie_id": "10441"
  },
  {
    "review": "성룡의 변신이 돋보인다",
    "date": "05.12.24",
    "rating": "7",
    "author": "kws7****",
    "review_id": "525427",
    "movie_id": "10441"
  },
  {
    "review": "성룡의 액션이면 한계도 뛰어넘는다.",
    "date": "05.12.23",
    "rating": "10",
    "author": "jcr3****",
    "review_id": "523034",
    "movie_id": "10441"
  },
  {
    "review": "ㅋㅋ 밧줄공장에서의 액션 목숨을 아끼지않는 룡형!",
    "date": "05.12.23",
    "rating": "10",
    "author": "basi****",
    "review_id": "521754",
    "movie_id": "10441"
  },
  {
    "review": "멋진 영화",
    "date": "05.10.19",
    "rating": "10",
    "author": "butk****",
    "review_id": "447876",
    "movie_id": "10441"
  },
  {
    "review": "훈훈한 스토리에 현란한 아크로바틱 액션이 잘 버무려진 수작",
    "date": "05.06.30",
    "rating": "9",
    "author": "rood****",
    "review_id": "309493",
    "movie_id": "10441"
  },
  {
    "review": "차가 달동네를 다 부수면서 내려오는 장면 명장면이다",
    "date": "05.05.13",
    "rating": "8",
    "author": "kpcc****",
    "review_id": "276988",
    "movie_id": "10441"
  },
  {
    "review": "굿 ^^",
    "date": "05.02.27",
    "rating": "10",
    "author": "star****",
    "review_id": "231731",
    "movie_id": "10441"
  },
  {
    "review": "정말 재밋게 본 영화!",
    "date": "05.01.10",
    "rating": "10",
    "author": "gosh****",
    "review_id": "182221",
    "movie_id": "10441"
  },
  {
    "review": "성룡식 액션이지만 드라마가 있었던..",
    "date": "04.11.08",
    "rating": "10",
    "author": "grit****",
    "review_id": "141854",
    "movie_id": "10441"
  },
  {
    "review": "성룡 그 이름만으로 충분한.",
    "date": "04.10.27",
    "rating": "10",
    "author": "juyu****",
    "review_id": "133677",
    "movie_id": "10441"
  },
  {
    "review": "프랭크 카프라 감독의 걸작 `포켓 가득한 행복`을 리메이크한 작품.",
    "date": "04.10.25",
    "rating": "7",
    "author": "o_ps****",
    "review_id": "132799",
    "movie_id": "10441"
  },
  {
    "review": "언제나 봐도 봐도!! 재밌는 영화!!",
    "date": "04.08.27",
    "rating": "10",
    "author": "m2mb****",
    "review_id": "98028",
    "movie_id": "10441"
  },
  {
    "review": "성룡영화중 얼마전에 처음본영화 재미있었다.",
    "date": "04.08.07",
    "rating": "10",
    "author": "ssor****",
    "review_id": "85522",
    "movie_id": "10441"
  },
  {
    "review": "개봉관에서 본 첫번째 성룡영화인 만큼 절대 잊을수 없는 추억의 영화",
    "date": "04.05.05",
    "rating": "10",
    "author": "allr****",
    "review_id": "41260",
    "movie_id": "10441"
  },
  {
    "review": "예술적으로 성룡최고 작품",
    "date": "03.12.05",
    "rating": "10",
    "author": "tdol****",
    "review_id": "1167",
    "movie_id": "10441"
  }
]