[
  {
    "review": "자막 만든 놈아.. 실력이 없으면 그냥 만들지를 마라... 개버러지같은 능력으로 깝죽대지말고 어머니 잡아다가 칼로 찌르고 죽여버리기전에 쓰레기자식이...",
    "date": "15.05.31",
    "rating": "2",
    "author": "park****",
    "review_id": "9967126",
    "movie_id": "10443"
  },
  {
    "review": "스탤론은 말할것도 없고 조연들 등 전부 다들 연기를 너무 잘하는것 같다 그리고 ost도 좋다",
    "date": "14.12.25",
    "rating": "10",
    "author": "hbo1****",
    "review_id": "9515842",
    "movie_id": "10443"
  },
  {
    "review": "스탤론 영화중엔 이거도 수작 아닌가?",
    "date": "14.10.09",
    "rating": "8",
    "author": "xfig****",
    "review_id": "9278923",
    "movie_id": "10443"
  },
  {
    "review": "스텔론의 손에 꼽을만한 작품 중 하나.",
    "date": "14.08.31",
    "rating": "7",
    "author": "comm****",
    "review_id": "9150430",
    "movie_id": "10443"
  },
  {
    "review": "믿고보는 실베형님!!!",
    "date": "14.07.09",
    "rating": "10",
    "author": "ske4****",
    "review_id": "8897847",
    "movie_id": "10443"
  },
  {
    "review": "스텔론의 전성기 때  모습을 볼 수 있는 것만으로도...",
    "date": "14.02.24",
    "rating": "10",
    "author": "life****",
    "review_id": "8534635",
    "movie_id": "10443"
  },
  {
    "review": "옛다! 9점  거친영화  극장에서봤다.",
    "date": "14.02.02",
    "rating": "9",
    "author": "wein****",
    "review_id": "8467026",
    "movie_id": "10443"
  },
  {
    "review": "탈옥이 아니라 출옥이네..",
    "date": "14.01.15",
    "rating": "8",
    "author": "katy****",
    "review_id": "8385650",
    "movie_id": "10443"
  },
  {
    "review": "엔딩씬에서 프랭크가 마이스너에게 하고 싶은 맗이 있었을텐데.\"마이스너, 당신은 멋진 사람이군.\"",
    "date": "14.01.14",
    "rating": "10",
    "author": "muse****",
    "review_id": "8383377",
    "movie_id": "10443"
  },
  {
    "review": "전영록의 돌아이 볼 때쯤 봤던 듯. 고등학교 때 이거 비디오로 보고 정말 감동 받았었는데 최근 우연히 다시 봐도 나쁘지 않네. 난 개인적으로 추천하지만 요즘 애들 보면 유치하다고 할 듯 ㅋㅋㅋ",
    "date": "14.01.01",
    "rating": "10",
    "author": "kson****",
    "review_id": "8336613",
    "movie_id": "10443"
  },
  {
    "review": "현실성 없는 스토리와 다소 과장된 연기들",
    "date": "13.05.27",
    "rating": "6",
    "author": "cont****",
    "review_id": "7559071",
    "movie_id": "10443"
  },
  {
    "review": "스탤론의 카리스마를 잊을수가없다.",
    "date": "13.05.12",
    "rating": "10",
    "author": "come****",
    "review_id": "7524237",
    "movie_id": "10443"
  },
  {
    "review": "감동",
    "date": "13.03.13",
    "rating": "10",
    "author": "ghka****",
    "review_id": "7344509",
    "movie_id": "10443"
  },
  {
    "review": "밋밋하네...",
    "date": "13.02.04",
    "rating": "3",
    "author": "dbzh****",
    "review_id": "7221624",
    "movie_id": "10443"
  },
  {
    "review": "최고!",
    "date": "13.01.28",
    "rating": "10",
    "author": "yuji****",
    "review_id": "7189618",
    "movie_id": "10443"
  },
  {
    "review": "내 기억엔.. 감독의 연출이 나름 괜찮았던....",
    "date": "13.01.21",
    "rating": "10",
    "author": "spar****",
    "review_id": "7139926",
    "movie_id": "10443"
  },
  {
    "review": "몇번을 봐도 재밌다.",
    "date": "13.01.01",
    "rating": "10",
    "author": "maru****",
    "review_id": "7070903",
    "movie_id": "10443"
  },
  {
    "review": "영화 시작부에 음악이 좋았던 기억이...",
    "date": "12.12.22",
    "rating": "9",
    "author": "2008****",
    "review_id": "7032033",
    "movie_id": "10443"
  },
  {
    "review": "12세 이긴 너무 폭력성인데",
    "date": "12.12.16",
    "rating": "8",
    "author": "tmdg****",
    "review_id": "7008148",
    "movie_id": "10443"
  },
  {
    "review": "감동이 있어야 잼있는 영화는 아니잖아?",
    "date": "12.06.23",
    "rating": "8",
    "author": "lees****",
    "review_id": "6410577",
    "movie_id": "10443"
  },
  {
    "review": "평점보고 봤다가 허무하네 그렇게 감동이었니 ?",
    "date": "12.04.25",
    "rating": "2",
    "author": "sunt****",
    "review_id": "6244907",
    "movie_id": "10443"
  },
  {
    "review": "나름 막판이 훈훈한 ...재미있게 봤다",
    "date": "12.03.25",
    "rating": "8",
    "author": "cred****",
    "review_id": "6166398",
    "movie_id": "10443"
  },
  {
    "review": "평점조절위원회",
    "date": "11.12.19",
    "rating": "1",
    "author": "mool****",
    "review_id": "5915407",
    "movie_id": "10443"
  },
  {
    "review": "관습적이지만 나름..",
    "date": "11.10.21",
    "rating": "8",
    "author": "kss7****",
    "review_id": "5799905",
    "movie_id": "10443"
  },
  {
    "review": "매력적인 액션으로 주지사의 후까시 뻘짓거릴 아작내며 80년대를 장식하다.",
    "date": "11.08.02",
    "rating": "6",
    "author": "pria****",
    "review_id": "5593206",
    "movie_id": "10443"
  },
  {
    "review": "다듬어 지지 않는 이상한 매력 스탤론이기 때문인가?",
    "date": "11.02.24",
    "rating": "7",
    "author": "izzo****",
    "review_id": "5272794",
    "movie_id": "10443"
  },
  {
    "review": "너무 모~~옷생겼어~",
    "date": "10.12.21",
    "rating": "10",
    "author": "ilov****",
    "review_id": "5071618",
    "movie_id": "10443"
  },
  {
    "review": "마지막은 통쾌하게",
    "date": "10.11.12",
    "rating": "8",
    "author": "jin1****",
    "review_id": "4953453",
    "movie_id": "10443"
  },
  {
    "review": "스탤론 횽아의 드라마틱하고 묵직한 탈옥 이야기",
    "date": "10.09.30",
    "rating": "8",
    "author": "gall****",
    "review_id": "4877298",
    "movie_id": "10443"
  },
  {
    "review": "영화라지만 억울함에 치를 떤다. 뻔한 스토리지만 좋은 영화",
    "date": "10.08.24",
    "rating": "8",
    "author": "kohs****",
    "review_id": "4787198",
    "movie_id": "10443"
  },
  {
    "review": "약간 지루했고 억지스러웠다.",
    "date": "10.08.03",
    "rating": "6",
    "author": "mete****",
    "review_id": "4703058",
    "movie_id": "10443"
  },
  {
    "review": "이정도 감동이면 충분하다고 생각.",
    "date": "10.05.12",
    "rating": "9",
    "author": "bw11****",
    "review_id": "4494404",
    "movie_id": "10443"
  },
  {
    "review": "꽤 잼있게 봤었던 기억에 우연히 접해서 다시 봤지만 잼있었음 ㅋㅋ",
    "date": "10.04.30",
    "rating": "9",
    "author": "kngc****",
    "review_id": "4466433",
    "movie_id": "10443"
  },
  {
    "review": "감동그자체",
    "date": "09.09.25",
    "rating": "10",
    "author": "mans****",
    "review_id": "3848716",
    "movie_id": "10443"
  },
  {
    "review": "굳",
    "date": "09.08.08",
    "rating": "8",
    "author": "toha****",
    "review_id": "3724581",
    "movie_id": "10443"
  },
  {
    "review": "80년대또하나의~실베스타스텔론형님의 명작^-^",
    "date": "09.03.20",
    "rating": "10",
    "author": "seal****",
    "review_id": "3377468",
    "movie_id": "10443"
  },
  {
    "review": "정품dvd구매로 접했는데 자막이형편없네요.의외로 잘만들어진 영화",
    "date": "09.03.12",
    "rating": "10",
    "author": "w7k1****",
    "review_id": "3360862",
    "movie_id": "10443"
  },
  {
    "review": "살짝 긴장은 되나 시걸이나 반담이 나오는 싸구려 영화류. 허풍과 억지. 몰입안됨.",
    "date": "09.02.13",
    "rating": "4",
    "author": "bepl****",
    "review_id": "3300924",
    "movie_id": "10443"
  },
  {
    "review": "약간 연식이 묻어나는 음악과 화면을빼면 스탤론 최고의 영화필모그라피중하나다!!",
    "date": "09.01.28",
    "rating": "10",
    "author": "yjpo****",
    "review_id": "3259183",
    "movie_id": "10443"
  },
  {
    "review": "재밌음",
    "date": "09.01.12",
    "rating": "9",
    "author": "asds****",
    "review_id": "3212094",
    "movie_id": "10443"
  },
  {
    "review": "굉장히 재밌다.. 스탤론은 최고의 배우이다..!!",
    "date": "08.12.19",
    "rating": "10",
    "author": "dntj****",
    "review_id": "3130165",
    "movie_id": "10443"
  },
  {
    "review": "스탤론! 그의 최고의영화는 록키도 람보도 아니었다! 바로 탈옥이었다",
    "date": "08.08.22",
    "rating": "10",
    "author": "aaa1****",
    "review_id": "2895306",
    "movie_id": "10443"
  },
  {
    "review": "평점써놓은거 믿은 내가 바보지....ㅋㅋㅋㅋ",
    "date": "08.08.18",
    "rating": "5",
    "author": "id_2****",
    "review_id": "2883670",
    "movie_id": "10443"
  },
  {
    "review": "꽤재미있었다",
    "date": "08.07.28",
    "rating": "7",
    "author": "aqzz****",
    "review_id": "2812287",
    "movie_id": "10443"
  },
  {
    "review": "흥미로운 영화...",
    "date": "08.07.06",
    "rating": "10",
    "author": "edau****",
    "review_id": "2743370",
    "movie_id": "10443"
  },
  {
    "review": "이런 대작을 이제 봐서 아쉬울뿐이다... 소장주변의 경찰들도 재수없더라...",
    "date": "08.06.25",
    "rating": "10",
    "author": "dsba****",
    "review_id": "2720185",
    "movie_id": "10443"
  },
  {
    "review": "그냥.. 괞찮게봤던 기억이 난다.",
    "date": "08.05.22",
    "rating": "7",
    "author": "pola****",
    "review_id": "2655783",
    "movie_id": "10443"
  },
  {
    "review": "볼만한 영화",
    "date": "08.01.25",
    "rating": "10",
    "author": "gjfr****",
    "review_id": "2369152",
    "movie_id": "10443"
  },
  {
    "review": "좋습니다.",
    "date": "07.12.27",
    "rating": "8",
    "author": "herc****",
    "review_id": "2272854",
    "movie_id": "10443"
  },
  {
    "review": "전형적이고 관습적인 쓰레기 영화중에도 그냥 좋아지는 영화가있다",
    "date": "07.09.15",
    "rating": "8",
    "author": "baks****",
    "review_id": "2021284",
    "movie_id": "10443"
  },
  {
    "review": "스텔론 최고의 연기를 보여줬던 작품",
    "date": "07.08.11",
    "rating": "7",
    "author": "lsh1****",
    "review_id": "1922595",
    "movie_id": "10443"
  },
  {
    "review": "분노가 치밀어 오르는...",
    "date": "07.08.11",
    "rating": "9",
    "author": "typo****",
    "review_id": "1919064",
    "movie_id": "10443"
  },
  {
    "review": "역시 80년대의 스탤론 영화다. 기본적인 재미는 있다.",
    "date": "07.07.26",
    "rating": "8",
    "author": "xxss****",
    "review_id": "1810570",
    "movie_id": "10443"
  },
  {
    "review": "역시 스탤론이다!!액션과 스릴이 잘조합된 스탤론식 영화!!",
    "date": "07.07.04",
    "rating": "10",
    "author": "some****",
    "review_id": "1745398",
    "movie_id": "10443"
  },
  {
    "review": "이 영화를 보고 나에겐 열정이란게 생겼다..",
    "date": "07.06.21",
    "rating": "10",
    "author": "1ast****",
    "review_id": "1713188",
    "movie_id": "10443"
  },
  {
    "review": "주인공과 마음을 같이 하는 기분이란. 정말 멋진 영화. 스릴, 긴장.",
    "date": "07.05.01",
    "rating": "10",
    "author": "anyt****",
    "review_id": "1614039",
    "movie_id": "10443"
  },
  {
    "review": "4점 이상은 어려운 영화다",
    "date": "07.02.25",
    "rating": "4",
    "author": "nala****",
    "review_id": "1500114",
    "movie_id": "10443"
  },
  {
    "review": "이거 조낸 재밌는건데 내 태어날때 나온건데 .믿어지지않는다.",
    "date": "07.02.10",
    "rating": "10",
    "author": "tjdd****",
    "review_id": "1460644",
    "movie_id": "10443"
  },
  {
    "review": "정말 재미있다,,,어떻게 실버스타 스텔론♡",
    "date": "07.01.08",
    "rating": "10",
    "author": "m7m7****",
    "review_id": "1368443",
    "movie_id": "10443"
  },
  {
    "review": "람보스타일의 B급탈옥영화! 감동은없지만, 액션은 있다!",
    "date": "07.01.07",
    "rating": "7",
    "author": "hide****",
    "review_id": "1363202",
    "movie_id": "10443"
  },
  {
    "review": "TV돌리다 본 오래된 영화중 수작이다. 젊을때 톰시즈모어 나옴",
    "date": "06.12.03",
    "rating": "10",
    "author": "asun****",
    "review_id": "1265639",
    "movie_id": "10443"
  },
  {
    "review": "스텔론의 남자다움",
    "date": "06.07.10",
    "rating": "10",
    "author": "jndb****",
    "review_id": "881844",
    "movie_id": "10443"
  },
  {
    "review": "지옥의반담보다 재밌고 쇼생크탈출보다는 조금 재미없다.",
    "date": "06.06.21",
    "rating": "10",
    "author": "cjst****",
    "review_id": "852186",
    "movie_id": "10443"
  },
  {
    "review": "재미있는 영화",
    "date": "06.03.15",
    "rating": "10",
    "author": "xexi****",
    "review_id": "718072",
    "movie_id": "10443"
  },
  {
    "review": "대니 트레조 도대체 어디서 나왔던거야~~",
    "date": "06.01.27",
    "rating": "7",
    "author": "kool****",
    "review_id": "627091",
    "movie_id": "10443"
  },
  {
    "review": "재미는 쇼생크 탈출보다 더있더라. 케이블방송용 영화 ㅎㅎ",
    "date": "06.01.27",
    "rating": "10",
    "author": "daer****",
    "review_id": "626809",
    "movie_id": "10443"
  },
  {
    "review": "보는 내내 재밌었습니다. 스탤론의 남자다움. 역시 .",
    "date": "06.01.13",
    "rating": "10",
    "author": "j20j****",
    "review_id": "586042",
    "movie_id": "10443"
  },
  {
    "review": "실베스타 스탤론 스펙이 부럽다..",
    "date": "06.01.05",
    "rating": "6",
    "author": "scal****",
    "review_id": "561205",
    "movie_id": "10443"
  },
  {
    "review": "개인적으로 스탤론 영화중 제일 재밌었다.",
    "date": "06.01.03",
    "rating": "10",
    "author": "rhau****",
    "review_id": "557315",
    "movie_id": "10443"
  },
  {
    "review": "보는내내 숨이 가빴던. 투지가 대단한 주인공.",
    "date": "05.12.24",
    "rating": "10",
    "author": "blue****",
    "review_id": "523774",
    "movie_id": "10443"
  },
  {
    "review": "각본은 엉망이지만 스탤론 영화다운 재미는 선사한다.",
    "date": "05.12.04",
    "rating": "6",
    "author": "movi****",
    "review_id": "493465",
    "movie_id": "10443"
  },
  {
    "review": "스텔론 콜렉션에 필히 들어가야할 작품",
    "date": "05.10.23",
    "rating": "9",
    "author": "m150****",
    "review_id": "453166",
    "movie_id": "10443"
  },
  {
    "review": "부정한 조직의 대한 한 남자의 투쟁과 생존의 드라마",
    "date": "05.07.11",
    "rating": "7",
    "author": "dbsw****",
    "review_id": "319130",
    "movie_id": "10443"
  },
  {
    "review": "특히 뜨거운 수도관 오를때의 긴장감.. 진짜 재밌어.",
    "date": "05.07.05",
    "rating": "10",
    "author": "dlgh****",
    "review_id": "313404",
    "movie_id": "10443"
  },
  {
    "review": "스텔론이 근육질 액션만 보여주지 않아 인상적이었다",
    "date": "05.06.02",
    "rating": "6",
    "author": "si2p****",
    "review_id": "291996",
    "movie_id": "10443"
  },
  {
    "review": "재밌게 봤어요.",
    "date": "05.04.13",
    "rating": "8",
    "author": "nspe****",
    "review_id": "259311",
    "movie_id": "10443"
  },
  {
    "review": "비디오로 여러번 봤었지.. 너무잼이써..",
    "date": "05.03.29",
    "rating": "10",
    "author": "oys0****",
    "review_id": "249732",
    "movie_id": "10443"
  },
  {
    "review": "잼있게 봤어요..",
    "date": "04.12.07",
    "rating": "10",
    "author": "josu****",
    "review_id": "158681",
    "movie_id": "10443"
  },
  {
    "review": "정말 재미있다",
    "date": "04.11.12",
    "rating": "10",
    "author": "hist****",
    "review_id": "144676",
    "movie_id": "10443"
  },
  {
    "review": "저분이 우리 아버지셨으면~ 실제로 아버지와 스탤론 씨가 분위기가 비슷",
    "date": "04.10.15",
    "rating": "10",
    "author": "gun_****",
    "review_id": "126229",
    "movie_id": "10443"
  },
  {
    "review": "실버 특유의 허구 적인 액션이 없고,, 특히 막판,전기 고문실에서는 긴장",
    "date": "04.08.05",
    "rating": "10",
    "author": "coal****",
    "review_id": "84016",
    "movie_id": "10443"
  }
]