[
  {
    "review": "배우들의 연기가 훌륭했..주윤발씨 여기서도 사랑과 의리 멋지네요ㅋㅋ",
    "date": "14.03.19",
    "rating": "10",
    "author": "kdw2****",
    "review_id": "8587167",
    "movie_id": "10445"
  },
  {
    "review": "석견 저 할아버지 돌아가셨네..연기 잘했는데 ...주성치랑 같이 나와서 코믹도 하고..영웅본색 3에서도 나오고..",
    "date": "13.01.24",
    "rating": "8",
    "author": "anyg****",
    "review_id": "7166413",
    "movie_id": "10445"
  },
  {
    "review": "일제시대 홍콩인들은 자유를 원했다 그러나 이룰수 없는 자유..",
    "date": "11.04.03",
    "rating": "7",
    "author": "thra****",
    "review_id": "5351086",
    "movie_id": "10445"
  },
  {
    "review": "다시한번 보고싶은데ㅠㅠ 썩재밌진않지만 감동과 연기력은 좋았던 ~~~~~~~~",
    "date": "11.01.15",
    "rating": "7",
    "author": "fnsk****",
    "review_id": "5159647",
    "movie_id": "10445"
  },
  {
    "review": "만자량형님, 연기 죽였는데. 주윤발은 얼굴. 만자량은 연기!",
    "date": "10.01.16",
    "rating": "9",
    "author": "alep****",
    "review_id": "4176848",
    "movie_id": "10445"
  },
  {
    "review": "윤발형님의 사랑과 자유를 향한 투쟁...감동의 도가니...",
    "date": "09.09.13",
    "rating": "10",
    "author": "xiph****",
    "review_id": "3828762",
    "movie_id": "10445"
  },
  {
    "review": "감동적인 스토리...윤발이 형님 때문에 내가 못살어..ㅠㅠ",
    "date": "09.09.08",
    "rating": "8",
    "author": "do11****",
    "review_id": "3819980",
    "movie_id": "10445"
  },
  {
    "review": "꼭 우리나라 일제시대독립군들 이야기 같아요...",
    "date": "04.07.04",
    "rating": "7",
    "author": "stil****",
    "review_id": "64710",
    "movie_id": "10445"
  }
]