[
  {
    "review": "개인적으로 한국더빙좀 해줬으면.. 원본보이스가 날라가서 미국더빙이 덮여지다니...",
    "date": "15.08.22",
    "rating": "10",
    "author": "555y****",
    "review_id": "10261357",
    "movie_id": "10440"
  },
  {
    "review": "홍콩식 코믹 무협물의 총집합체. 적당한 유머러스하고 무난한 이야기도 좋다. 다만 액션장면이 당대의 영화들과 비교하면 다소 어설픈 점이 있다.",
    "date": "15.07.12",
    "rating": "6",
    "author": "inos****",
    "review_id": "10096466",
    "movie_id": "10440"
  },
  {
    "review": "조국구!! 난 목조르기선수지",
    "date": "15.06.28",
    "rating": "10",
    "author": "rkaw****",
    "review_id": "10048786",
    "movie_id": "10440"
  },
  {
    "review": "이거 중독성 있네 5번은 넘게 봤을듯ㅋㅋ",
    "date": "15.05.08",
    "rating": "10",
    "author": "jmc0****",
    "review_id": "9904613",
    "movie_id": "10440"
  },
  {
    "review": "기존의 무협영화와 차별화된 코믹무협의 성공적인 시도",
    "date": "15.05.01",
    "rating": "7",
    "author": "guev****",
    "review_id": "9882787",
    "movie_id": "10440"
  },
  {
    "review": "보다가 너무 지루해서 잠",
    "date": "15.04.17",
    "rating": "1",
    "author": "high****",
    "review_id": "9849726",
    "movie_id": "10440"
  },
  {
    "review": "너무재미있어서 저도배워보고싶네요 그런데 소화자할아버지께서 돌아가셧다니 엄청슬프네요ㅜ 눈물이납니다 이영화는 제가 할아버지가 되도 계속기억할겁니다.",
    "date": "15.04.13",
    "rating": "10",
    "author": "dudg****",
    "review_id": "9844850",
    "movie_id": "10440"
  },
  {
    "review": "정교한 기술의 차원을 넘어 예술의 영역을 기웃거리는 중국무술과 얼빠지고 유치한 코메디와의 일견 불안하고 어색한 조합. 헌데 이 조합에서 놀라운 시너지가 성공적으로 뿜어져나온다.",
    "date": "15.02.01",
    "rating": "8",
    "author": "cksn****",
    "review_id": "9656585",
    "movie_id": "10440"
  },
  {
    "review": "코믹쿵푸영화의 서막을 알린 존경하는 성룡형님의 기념비적인 작품",
    "date": "14.12.02",
    "rating": "9",
    "author": "thra****",
    "review_id": "9441618",
    "movie_id": "10440"
  },
  {
    "review": "어렸을때 정말 재미있게 봤음",
    "date": "14.11.24",
    "rating": "7",
    "author": "adiv****",
    "review_id": "9419737",
    "movie_id": "10440"
  },
  {
    "review": "그 시대 취권을 모르는 어린이는 없었지",
    "date": "14.10.25",
    "rating": "8",
    "author": "danz****",
    "review_id": "9316887",
    "movie_id": "10440"
  },
  {
    "review": "79년대?정녕 명작을만드는사람들은 우리보다 항상 한 세대 먼저 앞서간다는건가?",
    "date": "14.10.14",
    "rating": "10",
    "author": "free****",
    "review_id": "9290837",
    "movie_id": "10440"
  },
  {
    "review": "적절한 무술과 위트의 조화. 폴리스 스토리로 만개하는 그의 준비단계!",
    "date": "14.08.27",
    "rating": "10",
    "author": "chlw****",
    "review_id": "9136722",
    "movie_id": "10440"
  },
  {
    "review": "족히 50번은봤다. 채널을 돌릴 수 없거든.",
    "date": "14.08.15",
    "rating": "10",
    "author": "jsn0****",
    "review_id": "9089667",
    "movie_id": "10440"
  },
  {
    "review": "그때 카메라나 연출력이 부족해서 그렇지액션 자체는 지금보다 훨씬 뛰어나다.놀라울 정도로 현란하며 경쾌하고 절도있는 특유의 액션.지금의 둔탁한 타격감은 이때의 경쾌한 타격감보다별로라고 생각될 때도 많다.",
    "date": "14.08.12",
    "rating": "9",
    "author": "0thd****",
    "review_id": "9071875",
    "movie_id": "10440"
  },
  {
    "review": "진짜 명작! 하ㅋㅋ 시간이란, 성룡은 이 영화 보면서 무슨 생각이 들까?",
    "date": "14.08.11",
    "rating": "10",
    "author": "vkfn****",
    "review_id": "9070422",
    "movie_id": "10440"
  },
  {
    "review": "못돼쳐먹었던 청년의 훌륭한 성장기~ 예전엔 그냥 웃기고 재미있는 영화라고 생각했고 성룡의 무술은 이소룡이 비하면 유치한수준인줄알았는데 완전 잘못봤다. 25살 성룡의 무술은 정말 신의경지고 완전 날아다닌다. 성룡, 당신은 최고입니다~!!",
    "date": "14.08.09",
    "rating": "10",
    "author": "whia****",
    "review_id": "9057332",
    "movie_id": "10440"
  },
  {
    "review": "성룡의 탄생. 소림 전통 취권이 아닌 영화 장르의 취권 탄생.",
    "date": "14.07.20",
    "rating": "10",
    "author": "gang****",
    "review_id": "8936082",
    "movie_id": "10440"
  },
  {
    "review": "말이 필요 없는 10점.",
    "date": "14.07.19",
    "rating": "10",
    "author": "yyw2****",
    "review_id": "8930985",
    "movie_id": "10440"
  },
  {
    "review": "정교한 액션의 합과 춤추듯 움직이는  성룡의 액션",
    "date": "14.07.03",
    "rating": "7",
    "author": "tumb****",
    "review_id": "8880943",
    "movie_id": "10440"
  },
  {
    "review": "이 영화는 봐도봐도 무술이 신기해서 보게된다.",
    "date": "14.07.01",
    "rating": "10",
    "author": "oh95****",
    "review_id": "8874495",
    "movie_id": "10440"
  },
  {
    "review": "지금봐도 참 쩌는 액션이라 생각된다",
    "date": "14.06.16",
    "rating": "10",
    "author": "sira****",
    "review_id": "8834376",
    "movie_id": "10440"
  },
  {
    "review": "딱딱한 무술을 코믹하게 잘 표현했다고 생각함",
    "date": "14.06.06",
    "rating": "10",
    "author": "youd****",
    "review_id": "8803091",
    "movie_id": "10440"
  },
  {
    "review": "와  진짜  재밌다 완전  옛날영화인데  요즘나오는  것보다  꿀잼",
    "date": "14.05.31",
    "rating": "10",
    "author": "guan****",
    "review_id": "8780142",
    "movie_id": "10440"
  },
  {
    "review": "다재밋고 멋지고좋긴한데 결말이 0.1프로부족한듯하네여",
    "date": "14.05.24",
    "rating": "10",
    "author": "dkwk****",
    "review_id": "8759924",
    "movie_id": "10440"
  },
  {
    "review": "사형도수의 복장과 동일한 점이 있다는 것이 흥미로움.",
    "date": "14.04.27",
    "rating": "10",
    "author": "rbag****",
    "review_id": "8676663",
    "movie_id": "10440"
  },
  {
    "review": "솔직히 이렇게 까지 평점 높을만한 영화는아님",
    "date": "14.04.26",
    "rating": "1",
    "author": "hang****",
    "review_id": "8674122",
    "movie_id": "10440"
  },
  {
    "review": "어렸을때 참 좋아라 했었지 ㅋㅋ",
    "date": "14.04.20",
    "rating": "10",
    "author": "kngc****",
    "review_id": "8662700",
    "movie_id": "10440"
  },
  {
    "review": "티벳독립 반대한 나쁜놈",
    "date": "14.03.29",
    "rating": "1",
    "author": "inth****",
    "review_id": "8614515",
    "movie_id": "10440"
  },
  {
    "review": "티벳독립 반대한 나쁜놈",
    "date": "14.03.29",
    "rating": "1",
    "author": "love****",
    "review_id": "8614513",
    "movie_id": "10440"
  },
  {
    "review": "웃음이 절로나는 유쾌한 반항아 길들이기",
    "date": "14.03.17",
    "rating": "10",
    "author": "orph****",
    "review_id": "8585091",
    "movie_id": "10440"
  },
  {
    "review": "방금봤는데언제봐도재밌음",
    "date": "14.01.29",
    "rating": "10",
    "author": "jysh****",
    "review_id": "8446397",
    "movie_id": "10440"
  },
  {
    "review": "그냥짱♥그냥짱짱짱짱",
    "date": "14.01.29",
    "rating": "10",
    "author": "suzy****",
    "review_id": "8445077",
    "movie_id": "10440"
  },
  {
    "review": "이 영화는 꼭보세요 스토리도 재밌고  진짜재밌어요 무조건 보세요 죽기전에 봐야할영화로뽑힌건 아니지만 완전 재밌습니다",
    "date": "14.01.25",
    "rating": "10",
    "author": "shaw****",
    "review_id": "8426086",
    "movie_id": "10440"
  },
  {
    "review": "먼가허술하나 퍼팩트한 완성도로 흥행할수밖에 없었던 무비",
    "date": "14.01.18",
    "rating": "10",
    "author": "uvx4****",
    "review_id": "8394010",
    "movie_id": "10440"
  },
  {
    "review": "자고로 영화는 이렇게 만들어야 한다. 영화의 교과서 같은 작품.",
    "date": "14.01.01",
    "rating": "10",
    "author": "ttae****",
    "review_id": "8336467",
    "movie_id": "10440"
  },
  {
    "review": "시대가 바뀌어도 절대 뒤쳐지질 않을 코메디 액션영화",
    "date": "13.11.28",
    "rating": "10",
    "author": "lkyl****",
    "review_id": "8172450",
    "movie_id": "10440"
  },
  {
    "review": "액션과 코미디가 좋았던 영화...^^",
    "date": "13.11.16",
    "rating": "10",
    "author": "dltm****",
    "review_id": "8144105",
    "movie_id": "10440"
  },
  {
    "review": "아무런 말이 필요 없는 명작",
    "date": "13.11.12",
    "rating": "10",
    "author": "hana****",
    "review_id": "8133967",
    "movie_id": "10440"
  },
  {
    "review": "와 이게 78년도 영화라니  지금봐도 재미있는데 ㅋ 개인적으로 늙어서 아쉬운배우 1위가 성룡ㅠ 더이상 이런영화를 볼수없다니..",
    "date": "13.10.27",
    "rating": "10",
    "author": "gamj****",
    "review_id": "8094877",
    "movie_id": "10440"
  },
  {
    "review": "성룡완전손오공같다 나라댕기네",
    "date": "13.10.09",
    "rating": "10",
    "author": "kick****",
    "review_id": "8046550",
    "movie_id": "10440"
  },
  {
    "review": "쿵푸라면,통배권,미종권,영춘권,대성권,무영각.태극권,팔극권,팔괘장,사학권,등 다른 무술은,모두 다 취권으로 발라버려...빰빠빠바밤..그래도,아마도 //북두의권//만은,아마 불가능할꺼다,중국4000년 무학의 진수만을 담았다나?물론 믿거나 말거나지만...",
    "date": "13.09.03",
    "rating": "10",
    "author": "baks****",
    "review_id": "7944853",
    "movie_id": "10440"
  },
  {
    "review": "참 쩌는 액션이다.성룡 액션는 보고또봐도 놀라워",
    "date": "13.08.30",
    "rating": "10",
    "author": "rldn****",
    "review_id": "7935707",
    "movie_id": "10440"
  },
  {
    "review": "스토리는 단순하고 유치하게 보이지만 35년전 영화임을 감안하면 무척 잘만들어진 것 같다. 쿵푸액션신은 지금으로부터 몇OO후에 봐도 장난아닐것 같음.",
    "date": "13.08.22",
    "rating": "10",
    "author": "gdlg****",
    "review_id": "7912489",
    "movie_id": "10440"
  },
  {
    "review": "소화자랑 성룡이 정말 콤비가 잘 맞았고 액션조차 웃겼고 좋았다",
    "date": "13.08.15",
    "rating": "10",
    "author": "miky****",
    "review_id": "7886030",
    "movie_id": "10440"
  },
  {
    "review": "정말 유치 짬뽕",
    "date": "13.08.15",
    "rating": "1",
    "author": "gray****",
    "review_id": "7883775",
    "movie_id": "10440"
  },
  {
    "review": "묘기에 가까운 쿵후액션의 연속. 단 스토리는 기대할지 말 것",
    "date": "13.08.11",
    "rating": "5",
    "author": "no13****",
    "review_id": "7870081",
    "movie_id": "10440"
  },
  {
    "review": "ㅋ",
    "date": "13.08.10",
    "rating": "10",
    "author": "dh64****",
    "review_id": "7865340",
    "movie_id": "10440"
  },
  {
    "review": "진짜 재밌다 ㅎㅎ",
    "date": "13.08.05",
    "rating": "10",
    "author": "cind****",
    "review_id": "7845733",
    "movie_id": "10440"
  },
  {
    "review": "아 취권 성룡나오길래 한번봣는데 안웃길줄알앗는데 초반에 완전웃기네 ㅋㅋㅋㅋㅋㅋㅋ 원래는 SF액션만 뎃글다는데 이것도아니엇군 ㅋㅋㅋㅋ케이블티비로 보는데 되게웃겨서 너무 크게웃다가 엄마한테혼남 ㅋㅋㅋㅋㅋㅋㅋㅋㅋㅋㅋㅋ",
    "date": "13.07.28",
    "rating": "10",
    "author": "prot****",
    "review_id": "7793415",
    "movie_id": "10440"
  },
  {
    "review": "레전드.",
    "date": "13.07.22",
    "rating": "10",
    "author": "nimo****",
    "review_id": "7773719",
    "movie_id": "10440"
  },
  {
    "review": "귀여운 성룡. 그러나 황정리가 더 멋있다!",
    "date": "13.07.21",
    "rating": "7",
    "author": "pont****",
    "review_id": "7769700",
    "movie_id": "10440"
  },
  {
    "review": "성룡 잘생겼다~",
    "date": "13.07.15",
    "rating": "8",
    "author": "46to****",
    "review_id": "7746547",
    "movie_id": "10440"
  },
  {
    "review": "내가 바로 성룡이다",
    "date": "13.07.06",
    "rating": "7",
    "author": "dnls****",
    "review_id": "7710971",
    "movie_id": "10440"
  },
  {
    "review": "재밌다",
    "date": "13.06.29",
    "rating": "10",
    "author": "qwd0****",
    "review_id": "7688056",
    "movie_id": "10440"
  },
  {
    "review": "지금봐도 참 쩌는 액션이라 생각된다",
    "date": "13.06.13",
    "rating": "10",
    "author": "yoon****",
    "review_id": "7635465",
    "movie_id": "10440"
  },
  {
    "review": "웃기다 싶다 그정?7",
    "date": "13.05.24",
    "rating": "10",
    "author": "jwoo****",
    "review_id": "7552441",
    "movie_id": "10440"
  },
  {
    "review": "웃기면서도 감동이되고 멋진 영화 꼭 봐야할 영화",
    "date": "13.05.05",
    "rating": "10",
    "author": "dltk****",
    "review_id": "7507737",
    "movie_id": "10440"
  },
  {
    "review": "영화가 코믹하고 액션이 나오니까 재밌습니다 10번을 넘개봐도 재밌는영화 마지막에 성룡과 황정리의 결투장면이 가장 재밌습니다",
    "date": "13.03.18",
    "rating": "10",
    "author": "sita****",
    "review_id": "7359369",
    "movie_id": "10440"
  },
  {
    "review": "재밋음",
    "date": "13.03.09",
    "rating": "9",
    "author": "chae****",
    "review_id": "7334006",
    "movie_id": "10440"
  },
  {
    "review": "지금의 성룡 행님이 있게 해준희대의 레전드 영화제정말 재미있게 미치도록 좋아했제중독성 임팩터 쩔제쿵푸의 화신명절 단골 영화 ㅎㅎ홍콩 영화의 명작이제쿵푸 억수로마 사랑한데이마",
    "date": "13.03.09",
    "rating": "10",
    "author": "yyho****",
    "review_id": "7333419",
    "movie_id": "10440"
  },
  {
    "review": "15번 넘게 볼만큼 성룡 최고의 명작",
    "date": "13.03.06",
    "rating": "10",
    "author": "tr87****",
    "review_id": "7326903",
    "movie_id": "10440"
  },
  {
    "review": "취권 넘 재밌다",
    "date": "13.03.05",
    "rating": "10",
    "author": "satt****",
    "review_id": "7325711",
    "movie_id": "10440"
  },
  {
    "review": "보진않았지만 성룡짱!",
    "date": "13.03.03",
    "rating": "6",
    "author": "kwk6****",
    "review_id": "7321957",
    "movie_id": "10440"
  },
  {
    "review": "진짜 몇번을봐도안질리는영화중 하나.. 런닝맨한다지금ㅋㅋㅋ",
    "date": "13.03.03",
    "rating": "10",
    "author": "rkdd****",
    "review_id": "7321907",
    "movie_id": "10440"
  },
  {
    "review": "재밌어서 열번 가까이 봄",
    "date": "13.03.01",
    "rating": "10",
    "author": "jeep****",
    "review_id": "7313544",
    "movie_id": "10440"
  },
  {
    "review": "악당 죽고 바로 the end네 ㅋㅋㅋㅋㅋㅋㅋㅋ",
    "date": "13.03.01",
    "rating": "9",
    "author": "lyk0****",
    "review_id": "7313276",
    "movie_id": "10440"
  },
  {
    "review": "정말좋쿤¡",
    "date": "13.03.01",
    "rating": "10",
    "author": "dlaf****",
    "review_id": "7311955",
    "movie_id": "10440"
  },
  {
    "review": "맨날봐도안질린다ㅋㅋ 항상tv에나오면 보는데 나홀로집에처럼 한20번이상은본듯 대사도외움",
    "date": "13.02.20",
    "rating": "10",
    "author": "jeon****",
    "review_id": "7284241",
    "movie_id": "10440"
  },
  {
    "review": "봐도 봐도 재밌다",
    "date": "13.02.20",
    "rating": "9",
    "author": "jwjw****",
    "review_id": "7283088",
    "movie_id": "10440"
  },
  {
    "review": "재미있다",
    "date": "13.01.25",
    "rating": "10",
    "author": "ls90****",
    "review_id": "7172409",
    "movie_id": "10440"
  },
  {
    "review": "안질림",
    "date": "13.01.21",
    "rating": "10",
    "author": "ehdr****",
    "review_id": "7141708",
    "movie_id": "10440"
  },
  {
    "review": "성룡 ㅋㅋㅋㅋ 취권은몇번을봐도안질렼 안본사람꼭보삼",
    "date": "13.01.16",
    "rating": "10",
    "author": "ban1****",
    "review_id": "7122365",
    "movie_id": "10440"
  },
  {
    "review": "성룡이란 전설의 시작을 알린작품백만년이흘러도 성룡을 능가하긴커녕 따라하고 흉내낼수나 있는 사람이 나오지 않을듯 하다",
    "date": "13.01.14",
    "rating": "9",
    "author": "tlat****",
    "review_id": "7116706",
    "movie_id": "10440"
  },
  {
    "review": "와 재미있네",
    "date": "13.01.11",
    "rating": "10",
    "author": "jeze****",
    "review_id": "7103265",
    "movie_id": "10440"
  },
  {
    "review": "너무 재미있어요! 꼭 한번 보세요!",
    "date": "13.01.07",
    "rating": "10",
    "author": "wyy3****",
    "review_id": "7089329",
    "movie_id": "10440"
  },
  {
    "review": "초등학교때 재밌게 봤음.",
    "date": "13.01.02",
    "rating": "10",
    "author": "tjwj****",
    "review_id": "7075042",
    "movie_id": "10440"
  },
  {
    "review": "너무재미있어요!",
    "date": "13.01.01",
    "rating": "10",
    "author": "min0****",
    "review_id": "7070221",
    "movie_id": "10440"
  },
  {
    "review": "아... 옛날을 회상하면서 다시 봤더니 실망이 크다...",
    "date": "12.11.21",
    "rating": "6",
    "author": "jiyu****",
    "review_id": "6910501",
    "movie_id": "10440"
  },
  {
    "review": "좋아",
    "date": "12.11.04",
    "rating": "10",
    "author": "kjb1****",
    "review_id": "6852789",
    "movie_id": "10440"
  },
  {
    "review": "아날로그세대 그 속의 심플함과 털털함",
    "date": "12.10.28",
    "rating": "10",
    "author": "ehdn****",
    "review_id": "6831986",
    "movie_id": "10440"
  },
  {
    "review": "봐도봐도재밌음",
    "date": "12.10.09",
    "rating": "10",
    "author": "didr****",
    "review_id": "6777551",
    "movie_id": "10440"
  },
  {
    "review": "성룡의 액션의 대뷔를 완벽히 보여준 고전영화24살의 성룡치곤 완전숙달된 싸움기술을 자랑",
    "date": "12.09.29",
    "rating": "10",
    "author": "leew****",
    "review_id": "6744172",
    "movie_id": "10440"
  },
  {
    "review": "ㅋㅋ 재밋음 성룡씨가 코믹액션연기 재밋었음ㅋ",
    "date": "12.09.17",
    "rating": "10",
    "author": "wnsw****",
    "review_id": "6709333",
    "movie_id": "10440"
  },
  {
    "review": "이소룡에게서벗어나 참신하고스릴있는스턴트 지금봐도 놀랍다. 감히 평가를할수없는영화",
    "date": "12.09.05",
    "rating": "10",
    "author": "lili****",
    "review_id": "6671259",
    "movie_id": "10440"
  },
  {
    "review": "액션 코미디",
    "date": "12.09.01",
    "rating": "10",
    "author": "tmdg****",
    "review_id": "6659900",
    "movie_id": "10440"
  },
  {
    "review": "액션과 코미디의 절묘한 조화가 돋보이는 명작..",
    "date": "12.08.25",
    "rating": "8",
    "author": "blue****",
    "review_id": "6643613",
    "movie_id": "10440"
  },
  {
    "review": "성룡의 시작 더이상 말이 필요없음",
    "date": "12.08.16",
    "rating": "10",
    "author": "swj3****",
    "review_id": "6615680",
    "movie_id": "10440"
  },
  {
    "review": "음식먹을때 맛있게 먹는다 ㅎㅎ 배고파",
    "date": "12.08.02",
    "rating": "10",
    "author": "moti****",
    "review_id": "6565628",
    "movie_id": "10440"
  },
  {
    "review": "액션신이 훌륭하다",
    "date": "12.07.23",
    "rating": "10",
    "author": "mara****",
    "review_id": "6521623",
    "movie_id": "10440"
  },
  {
    "review": "지금보면 촌스럽지만 액션이 훌륭함.",
    "date": "12.07.07",
    "rating": "10",
    "author": "kem1****",
    "review_id": "6452855",
    "movie_id": "10440"
  },
  {
    "review": "액션이야 2보단 못 하지만 최고!!",
    "date": "12.06.20",
    "rating": "10",
    "author": "tkk4****",
    "review_id": "6403838",
    "movie_id": "10440"
  },
  {
    "review": "최고!! 이걸 몇번째 보는건지 모르겠어요ㅎㅎ성룡아저씨의 젊은시절 볼수있어 좋아요",
    "date": "12.06.04",
    "rating": "10",
    "author": "yesl****",
    "review_id": "6363968",
    "movie_id": "10440"
  },
  {
    "review": "최고의 영화 성룡이 짱",
    "date": "12.05.27",
    "rating": "10",
    "author": "hooo****",
    "review_id": "6336185",
    "movie_id": "10440"
  },
  {
    "review": "최고의 쿵후영화..황정리의 카리스마가 일품이었음..",
    "date": "12.05.22",
    "rating": "10",
    "author": "arse****",
    "review_id": "6320196",
    "movie_id": "10440"
  },
  {
    "review": "성룡이 손가락으로 번개다리의 불알을 깨버림 ㅋㅋ 호두깨기",
    "date": "12.05.20",
    "rating": "9",
    "author": "wimb****",
    "review_id": "6313938",
    "movie_id": "10440"
  },
  {
    "review": "이거 1년에 1~2번씩은 본거같음",
    "date": "12.05.13",
    "rating": "10",
    "author": "zc54****",
    "review_id": "6295857",
    "movie_id": "10440"
  },
  {
    "review": "그냥 굿",
    "date": "12.05.12",
    "rating": "10",
    "author": "asdf****",
    "review_id": "6292600",
    "movie_id": "10440"
  },
  {
    "review": "뭐 이런 영화가 평점이 좋지?",
    "date": "12.05.01",
    "rating": "1",
    "author": "haya****",
    "review_id": "6262025",
    "movie_id": "10440"
  },
  {
    "review": "이거 진짜 개재미있던뎈ㅋㅋㅋㅋ",
    "date": "12.04.11",
    "rating": "10",
    "author": "jjw8****",
    "review_id": "6211056",
    "movie_id": "10440"
  }
]