[
  {
    "review": "ost가 좋아서 별 10개",
    "date": "15.07.13",
    "rating": "10",
    "author": "namj****",
    "review_id": "10100642",
    "movie_id": "10454"
  },
  {
    "review": "요즘은 이런 영화가 없는게 아쉬워서 다시 찾아 봤어요, OST도 전부 좋았고 특히 케니지의 다잉영은 최고네요.",
    "date": "15.04.17",
    "rating": "10",
    "author": "avel****",
    "review_id": "9849270",
    "movie_id": "10454"
  },
  {
    "review": "케니지의 사운드트랙은 정말 좋은데 영화는 너무 지루함.",
    "date": "14.09.29",
    "rating": "1",
    "author": "aolm****",
    "review_id": "9249173",
    "movie_id": "10454"
  },
  {
    "review": "티비에서 보고 몇년후 다시 보고 싶어 중고비디오를 산 기억이 난다. 다시 보고 싶은데 비디오플레이어가 없어 답답할 뿐이다. 티비에서 보여줬으면 좋겠다.",
    "date": "14.09.02",
    "rating": "8",
    "author": "silb****",
    "review_id": "9155699",
    "movie_id": "10454"
  },
  {
    "review": "캠벨 스코트의 고된 연기가 돋보인다.케니 지의 음악은 너무도 유명.",
    "date": "14.08.28",
    "rating": "8",
    "author": "pont****",
    "review_id": "9139136",
    "movie_id": "10454"
  },
  {
    "review": "음악이 환상이다~~~ 줄리아로버츠 역쉬 아름답고~",
    "date": "14.06.28",
    "rating": "7",
    "author": "pyh6****",
    "review_id": "8863548",
    "movie_id": "10454"
  },
  {
    "review": "줄리아 누님.. 너무 마르셨어.. ㅋ",
    "date": "14.06.15",
    "rating": "6",
    "author": "tn99****",
    "review_id": "8833442",
    "movie_id": "10454"
  },
  {
    "review": "첫부분은 별 7개 중간부분은 별 8개 끝부분은 별 5개 ㅋ 힐러리가 파티장에서 고든이랑 춤추는거 보고 별 5개됨.외국은 문화가 달라서 그런가? 일편단심이 부족한듯.. 이리갔다 저리갔다.  이런걸 사랑이라 말할수 있을까? 최종적으로 별4개",
    "date": "14.05.08",
    "rating": "4",
    "author": "gust****",
    "review_id": "8715679",
    "movie_id": "10454"
  },
  {
    "review": "드라마틱합니다 약간에 위트와 진심 어린사랑이 느껴지는 마음이 따뜻햐지는것 같았었어요 저런사랑해보고싶어요",
    "date": "14.05.08",
    "rating": "10",
    "author": "that****",
    "review_id": "8715241",
    "movie_id": "10454"
  },
  {
    "review": "영화보단 케니지 ost가 더 기억에남는ㅠㅠ",
    "date": "14.05.05",
    "rating": "7",
    "author": "open****",
    "review_id": "8704528",
    "movie_id": "10454"
  },
  {
    "review": "명작이죠... 음악도 한 몫하고..",
    "date": "14.04.04",
    "rating": "10",
    "author": "joji****",
    "review_id": "8627351",
    "movie_id": "10454"
  },
  {
    "review": "지금까지 봐온 멜로, 로맨스영화중 다섯손가락 안에드는 명작",
    "date": "14.01.10",
    "rating": "10",
    "author": "ttf1****",
    "review_id": "8366468",
    "movie_id": "10454"
  },
  {
    "review": "파워 오브 러브! 익숙한 케니지의 섹소폰 멜로디",
    "date": "14.01.04",
    "rating": "8",
    "author": "okre****",
    "review_id": "8346384",
    "movie_id": "10454"
  },
  {
    "review": "케니지 콘서트 한다고 하니.. 이 영화가 생각나더라구여~  다시 보고싶은데... 다운로드가 안되 아쉽네여",
    "date": "13.11.09",
    "rating": "10",
    "author": "leeg****",
    "review_id": "8128069",
    "movie_id": "10454"
  },
  {
    "review": "내용은 재미없다 ... 음악은 좋다",
    "date": "13.11.06",
    "rating": "5",
    "author": "senw****",
    "review_id": "8120118",
    "movie_id": "10454"
  },
  {
    "review": "검은 머리 곱게 자란 모습으로 평범하게 사랑을 해보고 싶었던 남자의 사랑이야기.",
    "date": "13.11.01",
    "rating": "7",
    "author": "jung****",
    "review_id": "8106143",
    "movie_id": "10454"
  },
  {
    "review": "결말은 믿고싶은대로 흘러가는거겠지. 요즘년놈들이 쳐봤으면 개소리라 쳐지껄일 니네는 아픔을 겪어봐야 이해할 수 있는 이야기..",
    "date": "13.09.06",
    "rating": "6",
    "author": "matr****",
    "review_id": "7951527",
    "movie_id": "10454"
  },
  {
    "review": "결국 빅터는 어떻게 되나요?",
    "date": "13.06.30",
    "rating": "10",
    "author": "dbsg****",
    "review_id": "7692295",
    "movie_id": "10454"
  },
  {
    "review": "결국 섹스한 번 못해보고 죽을뻔한 남자가 여자 각선미에 반해서 사랑에 빠지는 아름다운 영화",
    "date": "13.06.26",
    "rating": "5",
    "author": "roya****",
    "review_id": "7682336",
    "movie_id": "10454"
  },
  {
    "review": "내가 본 명작 중에 하나...이거 중학교때 봣는데 엄청..펑펑..울었다너무 아름답고 감동적인 영화에요주변에 영화좋아하는 분들에게 추천!!!",
    "date": "13.06.10",
    "rating": "10",
    "author": "wldo****",
    "review_id": "7622141",
    "movie_id": "10454"
  },
  {
    "review": "....ㅠㅡㅜ",
    "date": "13.04.09",
    "rating": "10",
    "author": "gula****",
    "review_id": "7444711",
    "movie_id": "10454"
  },
  {
    "review": "내 기억 속에 남아 있는 처음으로 엉엉엉 울면서 본 영화",
    "date": "13.04.04",
    "rating": "9",
    "author": "teo0****",
    "review_id": "7435052",
    "movie_id": "10454"
  },
  {
    "review": "ㅠㅠ",
    "date": "13.03.04",
    "rating": "10",
    "author": "dr82****",
    "review_id": "7323449",
    "movie_id": "10454"
  },
  {
    "review": "볼때 무척 슬펐는데 엔딩이 나름 해피여서 좋았다. 명작인듯",
    "date": "13.02.07",
    "rating": "9",
    "author": "kmj9****",
    "review_id": "7234675",
    "movie_id": "10454"
  },
  {
    "review": "명작이고 케니지 음악이 유명해서 십몇년만에 다시 봤는데 줄리아 로버츠의 풋풋한 신인때 모습이 좋았고 영화 배경음악이고 주제곡인 케니지의 다잉 영 음악이 너무 감미롭고 영화와 조화가 잘 되어서 ost 때문에 기억에 많이 남는 영화로 남을것 같습니다.^^",
    "date": "12.10.13",
    "rating": "8",
    "author": "kjw9****",
    "review_id": "6795069",
    "movie_id": "10454"
  },
  {
    "review": "중학교 시절에 봤는데 그때 완전 펑펑울며 봤어요 OST도 정말 다 듣기 좋아요",
    "date": "12.08.20",
    "rating": "10",
    "author": "sund****",
    "review_id": "6629363",
    "movie_id": "10454"
  },
  {
    "review": "병을 극복하고 행복하게 살거 있겠지?? 긍정은 좋은거니까",
    "date": "12.07.09",
    "rating": "10",
    "author": "dlgo****",
    "review_id": "6465079",
    "movie_id": "10454"
  },
  {
    "review": "중학교떄 티비에서 해주었을때 감명깊게 밨엇던 영화 슬프다.",
    "date": "12.03.24",
    "rating": "8",
    "author": "meha****",
    "review_id": "6164481",
    "movie_id": "10454"
  },
  {
    "review": "감동적이다.. 눈물이..",
    "date": "12.02.21",
    "rating": "10",
    "author": "jnwk****",
    "review_id": "6093785",
    "movie_id": "10454"
  },
  {
    "review": "케니지 연주와 아름다운 사랑이야기.",
    "date": "12.02.06",
    "rating": "10",
    "author": "nkot****",
    "review_id": "6055545",
    "movie_id": "10454"
  },
  {
    "review": "그냥저냥..",
    "date": "11.09.23",
    "rating": "5",
    "author": "dbzh****",
    "review_id": "5747655",
    "movie_id": "10454"
  },
  {
    "review": "고통받기전에 도망가겠다는게 무슨 진정한 사랑?? 감동도 없고..",
    "date": "11.08.07",
    "rating": "6",
    "author": "wlfa****",
    "review_id": "5616057",
    "movie_id": "10454"
  },
  {
    "review": "정말 오랜만에 수작 로맨스 영화를 봤습니다. 감동 그이상의 표현이 필요하군요",
    "date": "11.05.22",
    "rating": "10",
    "author": "daso****",
    "review_id": "5442428",
    "movie_id": "10454"
  },
  {
    "review": "줄리아의 뽀얀 피부와 늘씬한 기러지.",
    "date": "11.04.19",
    "rating": "7",
    "author": "lemo****",
    "review_id": "5382994",
    "movie_id": "10454"
  },
  {
    "review": "뻔한 신파극",
    "date": "11.02.27",
    "rating": "4",
    "author": "inos****",
    "review_id": "5279374",
    "movie_id": "10454"
  },
  {
    "review": "엣다!8점 백혈병 소재의 543523번째 영화",
    "date": "11.02.07",
    "rating": "8",
    "author": "wein****",
    "review_id": "5224345",
    "movie_id": "10454"
  },
  {
    "review": "젊은 줄리아로버츠 정말 매력적이다..영화는..음악이 더 유명한 이유를 알수 있다.",
    "date": "11.01.24",
    "rating": "7",
    "author": "come****",
    "review_id": "5181029",
    "movie_id": "10454"
  },
  {
    "review": "무엇인지 모르지만 가슴속 저깊은 곳에서 뭉클한? 감동이 잔잔하게 밀려온다!",
    "date": "11.01.23",
    "rating": "10",
    "author": "baby****",
    "review_id": "5178332",
    "movie_id": "10454"
  },
  {
    "review": "진정한 사랑을 해본적이 있다면......강추.....",
    "date": "10.12.13",
    "rating": "10",
    "author": "papi****",
    "review_id": "5051087",
    "movie_id": "10454"
  },
  {
    "review": "케니지 음악이 영화를 더욱 더 아름답게 만든..",
    "date": "10.09.03",
    "rating": "8",
    "author": "yoon****",
    "review_id": "4813270",
    "movie_id": "10454"
  },
  {
    "review": "정말 평범한 이야기..영화로는..",
    "date": "10.08.05",
    "rating": "5",
    "author": "1pim****",
    "review_id": "4707452",
    "movie_id": "10454"
  },
  {
    "review": "신선한줄리아로버츠만의 매력 ~",
    "date": "10.07.28",
    "rating": "10",
    "author": "1115****",
    "review_id": "4678282",
    "movie_id": "10454"
  },
  {
    "review": "내내 무겁고 칙칙해 짜증났지만 결말만큼은 아름답고.또 부럽구나. 아무리 판타지래도",
    "date": "10.05.16",
    "rating": "5",
    "author": "kkot****",
    "review_id": "4501972",
    "movie_id": "10454"
  },
  {
    "review": "영상과 음악이 영화에서 얼마나 중요한지 단적으로 보여주는 영화",
    "date": "10.03.09",
    "rating": "8",
    "author": "robo****",
    "review_id": "4345217",
    "movie_id": "10454"
  },
  {
    "review": "재미있네여 ㅎㅎ 줄리아 로버츠 젊었을때 이렇게 매력있다니",
    "date": "10.01.19",
    "rating": "9",
    "author": "dlcj****",
    "review_id": "4186823",
    "movie_id": "10454"
  },
  {
    "review": "기억에 남는영화...",
    "date": "09.07.02",
    "rating": "10",
    "author": "sopi****",
    "review_id": "3605948",
    "movie_id": "10454"
  },
  {
    "review": "셋이같이보다둘은울었더랬지. 스토리자체보다 대사와영상과음악이 눈물샘을자극한작품",
    "date": "09.01.14",
    "rating": "10",
    "author": "true****",
    "review_id": "3219710",
    "movie_id": "10454"
  },
  {
    "review": "케니지가 아니면 어떡할뻔 했어? 그냥 슬픈영화",
    "date": "08.10.20",
    "rating": "6",
    "author": "evil****",
    "review_id": "3009799",
    "movie_id": "10454"
  },
  {
    "review": "죽을만큼 아프고 또 아파도 날위해 모든걸 희생할수있는 그런 사랑 사람을 만나고싶다",
    "date": "08.10.18",
    "rating": "10",
    "author": "like****",
    "review_id": "3005169",
    "movie_id": "10454"
  },
  {
    "review": "나도 그렇게 사랑하고 싶다. 절절하다고 표현할 수 밖에 없는  사랑",
    "date": "08.05.22",
    "rating": "9",
    "author": "oton****",
    "review_id": "2655701",
    "movie_id": "10454"
  },
  {
    "review": "아주 예전에 봤지만 케니지의 음악이 아직도 귓가에....",
    "date": "08.04.30",
    "rating": "7",
    "author": "leh0****",
    "review_id": "2606389",
    "movie_id": "10454"
  },
  {
    "review": "good",
    "date": "08.04.16",
    "rating": "10",
    "author": "sola****",
    "review_id": "2584044",
    "movie_id": "10454"
  },
  {
    "review": "아름다운영상,두배우의열연,클림트그림들이좋았던.. -진부하고지루했던스토리가아쉽다",
    "date": "08.04.07",
    "rating": "8",
    "author": "yong****",
    "review_id": "2565255",
    "movie_id": "10454"
  },
  {
    "review": "리틀러너보면서 어디서 본사람인데 했는데 여기서 봤었구나!!초미남ㅠ",
    "date": "08.03.01",
    "rating": "10",
    "author": "suna****",
    "review_id": "2495134",
    "movie_id": "10454"
  },
  {
    "review": "흔한 사랑이야기지만 왠지 모르게 이 영화는 다른 느낌이 들었다..",
    "date": "07.12.11",
    "rating": "9",
    "author": "beau****",
    "review_id": "2223740",
    "movie_id": "10454"
  },
  {
    "review": "케니지 색소폰과 줄리아에 취했던 영화.이후 보지 못한 캠벨 스캇까지도.",
    "date": "07.12.10",
    "rating": "8",
    "author": "iufg****",
    "review_id": "2221259",
    "movie_id": "10454"
  },
  {
    "review": "오래전에 보았던, 기억은 가물하지만.. 9점대 영화.",
    "date": "07.12.10",
    "rating": "9",
    "author": "lcky****",
    "review_id": "2220161",
    "movie_id": "10454"
  },
  {
    "review": "bad",
    "date": "07.12.02",
    "rating": "1",
    "author": "cles****",
    "review_id": "2200934",
    "movie_id": "10454"
  },
  {
    "review": "울고싶거나 진짜 사랑이 뭘까 고민되시는분들 꼭 보시길..ㅋㅋ",
    "date": "07.11.30",
    "rating": "10",
    "author": "gnlw****",
    "review_id": "2195472",
    "movie_id": "10454"
  },
  {
    "review": "이 영화가 널리 알려졌으면 좋겠다.내 목숨 바쳐.이런사랑 해볼수 있을까.",
    "date": "07.11.21",
    "rating": "10",
    "author": "vust****",
    "review_id": "2172593",
    "movie_id": "10454"
  },
  {
    "review": "건강하게 살다가 죽어야 되는데!!!!!!!",
    "date": "07.11.20",
    "rating": "10",
    "author": "wjdq****",
    "review_id": "2169764",
    "movie_id": "10454"
  },
  {
    "review": "어쩌면저렇게잘생겻을까",
    "date": "07.11.20",
    "rating": "10",
    "author": "sooy****",
    "review_id": "2168526",
    "movie_id": "10454"
  },
  {
    "review": "강추~~ 가슴이 아릴 정도로 슬펐다-  난 이런 사랑 못할거같어ㅠ",
    "date": "07.11.19",
    "rating": "10",
    "author": "hong****",
    "review_id": "2166400",
    "movie_id": "10454"
  },
  {
    "review": "캠밸 스콧 ^^ 어릴적 진한 감동 받았던 영화~!!",
    "date": "07.11.18",
    "rating": "10",
    "author": "jini****",
    "review_id": "2164751",
    "movie_id": "10454"
  },
  {
    "review": "이영화의캠벨만기억하고싶다 ,,",
    "date": "07.11.18",
    "rating": "10",
    "author": "cz_h****",
    "review_id": "2164418",
    "movie_id": "10454"
  },
  {
    "review": "사랑스런줄리아로버츠 아름다운결말",
    "date": "07.11.18",
    "rating": "8",
    "author": "pqpq****",
    "review_id": "2164364",
    "movie_id": "10454"
  },
  {
    "review": "이런 사랑 ,,,",
    "date": "07.11.18",
    "rating": "10",
    "author": "hyun****",
    "review_id": "2163849",
    "movie_id": "10454"
  },
  {
    "review": "주인공둘다 넘 멋있구 예쁘다..",
    "date": "07.11.18",
    "rating": "10",
    "author": "cute****",
    "review_id": "2163823",
    "movie_id": "10454"
  },
  {
    "review": "슬퍼요 ㅠㅠ그치만 볼만한영화",
    "date": "07.11.11",
    "rating": "10",
    "author": "ssw4****",
    "review_id": "2145210",
    "movie_id": "10454"
  },
  {
    "review": "좋은 영화 발견.. 비슷한 영화도 많지만 또다른 분위기가 있다..",
    "date": "07.11.02",
    "rating": "9",
    "author": "smnb****",
    "review_id": "2128915",
    "movie_id": "10454"
  },
  {
    "review": "사랑한다면 이들처럼",
    "date": "07.10.30",
    "rating": "10",
    "author": "appl****",
    "review_id": "2122954",
    "movie_id": "10454"
  },
  {
    "review": "정말 가슴이 찡해지는 영화입니다. 줄리아로버츠 캠벨도 너무너무 좋아요~",
    "date": "07.10.29",
    "rating": "10",
    "author": "love****",
    "review_id": "2121488",
    "movie_id": "10454"
  },
  {
    "review": "슬프고 지루한 영화",
    "date": "07.08.27",
    "rating": "1",
    "author": "ysuh****",
    "review_id": "1983220",
    "movie_id": "10454"
  },
  {
    "review": "갑자기 끝나긴 하지만 기억에 남는 영화 줄리아보저츠 완전 롱다리..",
    "date": "07.08.05",
    "rating": "10",
    "author": "yeon****",
    "review_id": "1886146",
    "movie_id": "10454"
  },
  {
    "review": "애절한 사랑은 인정하는데 지루한 것은 왜 일까",
    "date": "07.07.28",
    "rating": "3",
    "author": "deff****",
    "review_id": "1820912",
    "movie_id": "10454"
  },
  {
    "review": "여운이오랜남는영화. 음악만큼이나.남자배우넘멋진.",
    "date": "07.07.13",
    "rating": "10",
    "author": "ooju****",
    "review_id": "1771686",
    "movie_id": "10454"
  },
  {
    "review": "10번은 넘게봤던것같아요가장감동깊게본영화.가장좋아하는음악으로남게되었습니다",
    "date": "07.06.26",
    "rating": "10",
    "author": "vex8****",
    "review_id": "1722032",
    "movie_id": "10454"
  },
  {
    "review": "멋있었다 영화는 끝났짐나 이 이야기의 끝이 어떻게 날지 정말 궁금하다",
    "date": "07.06.23",
    "rating": "10",
    "author": "amy0****",
    "review_id": "1717074",
    "movie_id": "10454"
  },
  {
    "review": "간만에 재미있는 영화 한편 티비에서 봤어요 영화 좋아요",
    "date": "07.06.23",
    "rating": "10",
    "author": "bje1****",
    "review_id": "1716589",
    "movie_id": "10454"
  },
  {
    "review": "멜로영화다운 영상은 좋았지만 영화는 그닥 볼만하진 않다",
    "date": "07.06.23",
    "rating": "5",
    "author": "nala****",
    "review_id": "1716176",
    "movie_id": "10454"
  },
  {
    "review": "옛날 그시절에 볼땐 재미있었는데...음악도 좋았고. 지금 다시보면 글쎄.",
    "date": "07.06.19",
    "rating": "8",
    "author": "moon****",
    "review_id": "1709538",
    "movie_id": "10454"
  },
  {
    "review": "나의 마음을 울렸던 너무나 멋진 영화~",
    "date": "07.06.09",
    "rating": "10",
    "author": "myjm****",
    "review_id": "1692378",
    "movie_id": "10454"
  },
  {
    "review": "스토리는 이쁜데,",
    "date": "07.06.03",
    "rating": "6",
    "author": "naeg****",
    "review_id": "1679944",
    "movie_id": "10454"
  },
  {
    "review": "13년이 지난후 봐도 여전히 감동적인 영화... 현재의 빅터는 안습...",
    "date": "07.04.28",
    "rating": "9",
    "author": "befo****",
    "review_id": "1609242",
    "movie_id": "10454"
  },
  {
    "review": "스토리빈약 ,, 모든게 빈약",
    "date": "07.04.27",
    "rating": "1",
    "author": "eowj****",
    "review_id": "1607602",
    "movie_id": "10454"
  },
  {
    "review": "허술이 아니라 빈약이겠지",
    "date": "07.04.15",
    "rating": "10",
    "author": "taba****",
    "review_id": "1589393",
    "movie_id": "10454"
  },
  {
    "review": "어릴땐 이게 먹혔다... ㅠ_ㅠ",
    "date": "07.04.04",
    "rating": "10",
    "author": "bird****",
    "review_id": "1572083",
    "movie_id": "10454"
  },
  {
    "review": "사랑으로 이룩한 기적같은 이야기,애뜻했다...",
    "date": "07.03.10",
    "rating": "8",
    "author": "give****",
    "review_id": "1527355",
    "movie_id": "10454"
  },
  {
    "review": "스토리가 좀 허술...",
    "date": "07.02.17",
    "rating": "7",
    "author": "apwn****",
    "review_id": "1479852",
    "movie_id": "10454"
  },
  {
    "review": "good",
    "date": "07.01.30",
    "rating": "3",
    "author": "kcch****",
    "review_id": "1428006",
    "movie_id": "10454"
  },
  {
    "review": "오케이",
    "date": "07.01.25",
    "rating": "4",
    "author": "henr****",
    "review_id": "1413111",
    "movie_id": "10454"
  },
  {
    "review": "또, 백혈병.......슬프긴 하지만, 진부했다.",
    "date": "06.12.28",
    "rating": "7",
    "author": "ziyi****",
    "review_id": "1336012",
    "movie_id": "10454"
  },
  {
    "review": "캠벨..이작품이후 평범한 그저그런 배우로 전락함이 아쉬운.",
    "date": "06.12.26",
    "rating": "10",
    "author": "elf2****",
    "review_id": "1328949",
    "movie_id": "10454"
  },
  {
    "review": "아직도 기억나는군요..줄리아의 섹시하고 완벽한 각선미.....",
    "date": "06.10.31",
    "rating": "8",
    "author": "ddor****",
    "review_id": "1209074",
    "movie_id": "10454"
  },
  {
    "review": "개봉 당시에 봤을 때도 너무 진부하다는 느낌이..",
    "date": "06.10.25",
    "rating": "6",
    "author": "glos****",
    "review_id": "1198542",
    "movie_id": "10454"
  },
  {
    "review": "눈물이 글썽 감동적이 영화 최고",
    "date": "06.08.20",
    "rating": "10",
    "author": "nobe****",
    "review_id": "1061332",
    "movie_id": "10454"
  },
  {
    "review": "음악이 반은 먹고 들어간 영화^)^",
    "date": "06.06.07",
    "rating": "10",
    "author": "siri****",
    "review_id": "835834",
    "movie_id": "10454"
  },
  {
    "review": "잔잔하며 볼때마다 감동. 어릴때부터 열번은 넘게 본..",
    "date": "06.01.11",
    "rating": "10",
    "author": "0630****",
    "review_id": "579607",
    "movie_id": "10454"
  },
  {
    "review": "현대판 눈물 짜내는 신파극.",
    "date": "06.01.09",
    "rating": "5",
    "author": "movi****",
    "review_id": "573998",
    "movie_id": "10454"
  },
  {
    "review": "사랑을 믿게 만드는 영화 . 최고입니다",
    "date": "05.12.17",
    "rating": "10",
    "author": "ludi****",
    "review_id": "511120",
    "movie_id": "10454"
  }
]