[
  {
    "review": "추억 돋네요 물론 나는 이때 안태어났음 중딩때 보고 10년 만에 다시보니 재밌네요",
    "date": "15.08.12",
    "rating": "10",
    "author": "jsga****",
    "review_id": "10219085",
    "movie_id": "10458"
  },
  {
    "review": "어릴때 엄청 재미있게 봤음.  리차드  프라이어하고 웃기고 재미있었는데..",
    "date": "14.10.03",
    "rating": "8",
    "author": "adiv****",
    "review_id": "9258487",
    "movie_id": "10458"
  },
  {
    "review": "기본골격은 히치콕스럽고 아이디어가 좋지만 결과적으론 허술하다",
    "date": "14.04.26",
    "rating": "6",
    "author": "wjsr****",
    "review_id": "8674603",
    "movie_id": "10458"
  },
  {
    "review": "알프레드 히치콕의 '북북서로 진로를 돌려라' 에 대한 아더 힐러의 오마쥬.",
    "date": "10.07.18",
    "rating": "10",
    "author": "youe****",
    "review_id": "4649554",
    "movie_id": "10458"
  },
  {
    "review": "예전에 주말의 명화에서 했었는데, 생각보다 재미있음.",
    "date": "04.09.19",
    "rating": "4",
    "author": "lodo****",
    "review_id": "110981",
    "movie_id": "10458"
  }
]