[
  {
    "review": "더스틴 호프만의 연기력.... 정말 후덜덜 하다... 내 인생에서 TOP 10 안에는 들 영화이다. 영화가 끝나고 기립박수를 쳤다",
    "date": "15.08.12",
    "rating": "10",
    "author": "whdu****",
    "review_id": "10220741",
    "movie_id": "10453"
  },
  {
    "review": "스토리가 막장인건 아무 상관없는데 내내 개연성없는 전개가 아쉽다. 앤 뱅크로프트 아줌마는 완전 매력있다.",
    "date": "15.07.31",
    "rating": "4",
    "author": "claz****",
    "review_id": "10164980",
    "movie_id": "10453"
  },
  {
    "review": "인물들도 분위기도 그냥 다 좋다.",
    "date": "15.07.27",
    "rating": "10",
    "author": "ques****",
    "review_id": "10151661",
    "movie_id": "10453"
  },
  {
    "review": "솔직히 보는 내내 좀 많이 어이가 없었다.",
    "date": "15.07.23",
    "rating": "5",
    "author": "isla****",
    "review_id": "10135017",
    "movie_id": "10453"
  },
  {
    "review": "길에서 시작해 길에서 끝나는 청춘 로드 무비. 풍요로움 속에서도 어느새 장전되는 청춘의 불안감과 강박감. Think about it. Plastics. Art. Marriage. A definite plan. Too Late. Not for me.",
    "date": "15.07.22",
    "rating": "9",
    "author": "cool****",
    "review_id": "10127060",
    "movie_id": "10453"
  },
  {
    "review": "감독이 만들어 놓은 장치를 다 이해는 못했지만 정말 재미있는 영화고, 잘 만든 영화다. 꼭 보시라..",
    "date": "15.07.22",
    "rating": "10",
    "author": "alka****",
    "review_id": "10126911",
    "movie_id": "10453"
  },
  {
    "review": "60년대 미국의 파격적인 가치관과 생활상을 엿볼 수 있으며 무엇보다도 너무나 훌륭한 OST가 분위기를 압도하는 영화",
    "date": "15.04.26",
    "rating": "9",
    "author": "nost****",
    "review_id": "9869177",
    "movie_id": "10453"
  },
  {
    "review": "그냥 스토리만 봤을 땐 한국 막장 드라마 하지만 직접 보면 감독의 감각 위트 배우들의 매력이 어우러져 잊을 수 없는 여운을 남긴다 교훈도 없다고 볼 수 없음",
    "date": "15.04.15",
    "rating": "10",
    "author": "1a00****",
    "review_id": "9847036",
    "movie_id": "10453"
  },
  {
    "review": "미국 중산층의 나른함을 보여주는 감각적인 영상이 압권... 음악이 화룡점정",
    "date": "15.03.04",
    "rating": "10",
    "author": "poie****",
    "review_id": "9756030",
    "movie_id": "10453"
  },
  {
    "review": "인생은 수많은 선택과 유혹의 연속... 설사 그 결정이 실패로 돌아가더라도,그것을 돌릴 수 있는 것은 청춘의 특권이 아닐까?",
    "date": "15.01.15",
    "rating": "8",
    "author": "smar****",
    "review_id": "9595319",
    "movie_id": "10453"
  },
  {
    "review": "호프만의  어설픈 모습은  연기같으면서도 연기같지 않았다. 당시에는 정말  파격적인 영화였을 듯.. 이젠 영상으로만 남은  배우들도  많은  작품.",
    "date": "15.01.11",
    "rating": "9",
    "author": "pjh9****",
    "review_id": "9585762",
    "movie_id": "10453"
  },
  {
    "review": "이런 파격적인 최초의 영화가 아니었을까 생각하며, 왠지 씁슬한건 보고서 저렇게 행동하고 싶다는 생각이 들지만 그러지 못하는 내현실 때문인것 같다.",
    "date": "14.12.21",
    "rating": "10",
    "author": "kimg****",
    "review_id": "9495118",
    "movie_id": "10453"
  },
  {
    "review": "The Sound of Silence.. 엔딩씬과 너무 잘 어울림..",
    "date": "14.12.04",
    "rating": "7",
    "author": "tn99****",
    "review_id": "9447447",
    "movie_id": "10453"
  },
  {
    "review": "마지막 일레인이 결혼식에서 벤자민을 보고 그냥 놀랐다가, 부모나 칼의 표정을 보고는 갑자기 벤을 부르고 엄청 사랑한 사이처럼 같이 도망가는게..일레인도 벤자민도 능동적으로 느낄 수 있는 자극을 원했던 것 같다. 일탈, 반항, 금기를 깨는 것..",
    "date": "14.10.31",
    "rating": "9",
    "author": "bara****",
    "review_id": "9332496",
    "movie_id": "10453"
  },
  {
    "review": "일레인과 결혼해야 한다고 갑자기 단호히 결심하고 애걸복걸한게 뭐랄까...그녀어머니와 관계를 가진것에 대해 스스로 가진 죄의식, 순수하고 평범한사랑에 대한 열망같았다. 도망쳐 올라탄 버스에서 일레인을 쳐다보지도 않던것. 죄책감의 돌파뒤에 밀려온 허무함.",
    "date": "14.10.19",
    "rating": "10",
    "author": "haya****",
    "review_id": "9301301",
    "movie_id": "10453"
  },
  {
    "review": "50년 가까이된 영화라 믿기지않는 감독의 세련된 연출력. 불안하고 흔들리는 청춘은 누구나 겪는 시기이기에 이영화가 시대를 초월한 명작이 된것같다. 일탈을 꿈꾸지만 결국 허무함이 되어 돌아오는 감정을 몰입할수있게 연기한 더스틴호프만 정말 대단한 배우.",
    "date": "14.10.18",
    "rating": "9",
    "author": "cool****",
    "review_id": "9299874",
    "movie_id": "10453"
  },
  {
    "review": "매력적인 영화. 대단한 시나리오 1967년에 나온 작품이라니..요즘도 이정도의 파격적인 스토리는 나오기 어렵다.",
    "date": "14.10.18",
    "rating": "10",
    "author": "daku****",
    "review_id": "9299048",
    "movie_id": "10453"
  },
  {
    "review": "아니 이게 왜 평점 9점이 안됩니까?",
    "date": "14.10.18",
    "rating": "10",
    "author": "joma****",
    "review_id": "9298988",
    "movie_id": "10453"
  },
  {
    "review": "영화의 미학이 시대를 앞선 영화. 벤자민의 시간은 거꾸로 간다.",
    "date": "14.10.01",
    "rating": "10",
    "author": "hwr0****",
    "review_id": "9252407",
    "movie_id": "10453"
  },
  {
    "review": "갠적으로 가슴과 머리가 터지도록 부러웠던 벤자민..67년작이라니 그저 놀라울 따름!! 그 시대의 미국배경을 보는것도 좋았고 암튼  나는 오프닝이 머릿 속에서 잊혀지질 않는다",
    "date": "14.09.07",
    "rating": "10",
    "author": "soof****",
    "review_id": "9179199",
    "movie_id": "10453"
  },
  {
    "review": "솔직히 내용면에서만 보자면 한국 막장 드라마 뺨친다. 엔딩장면과 노래, 배우들의 연기가 살린 영화같다.",
    "date": "14.09.01",
    "rating": "8",
    "author": "meni****",
    "review_id": "9153514",
    "movie_id": "10453"
  },
  {
    "review": "이 영화 그냥 너무 좋아 최고",
    "date": "14.08.17",
    "rating": "10",
    "author": "love****",
    "review_id": "9099001",
    "movie_id": "10453"
  },
  {
    "review": "영화보다 유명한 포스터와 사이먼앤가펑클 OST 역시 좋음.. 엄마의 육체.. 딸의 마음을 사로잡은 방황하던 청춘의 이야기는 이 영화가 만들어진 1967년엔 꽤나 파격적 스토리 였을듯.. 마지막 결혼식 웨딩드레스 탈출씬 후에 밀려오는 허탈한 표정 굿",
    "date": "14.06.10",
    "rating": "8",
    "author": "danz****",
    "review_id": "8817790",
    "movie_id": "10453"
  },
  {
    "review": "이거 장르가 뭔지 잘 모르겠다. 멜로도 아닌거 같고 코미디도 아닌거 같고 뭔가 독특한 느낌을 준다. 주인공의 맹함이 주요 재미 요소 였고 카메라의 올드한 움직임이 돋보인 영화인거 같다. 그렇게 크게 재밌지는 않았다. 특히 일레인의 행동은 참 이해가..",
    "date": "14.06.04",
    "rating": "7",
    "author": "nura****",
    "review_id": "8791837",
    "movie_id": "10453"
  },
  {
    "review": "The Sound of Silence",
    "date": "14.06.02",
    "rating": "10",
    "author": "gta3****",
    "review_id": "8786946",
    "movie_id": "10453"
  },
  {
    "review": "기대 이상 정말 재밌었다 신기한게 갈수록 남자주인공에게 감정이입이 되었다 이것도 감독의 재능이라면 재능인듯",
    "date": "14.06.02",
    "rating": "10",
    "author": "thsu****",
    "review_id": "8786273",
    "movie_id": "10453"
  },
  {
    "review": "결말만 잘 맺으면 영화의 질이 달라진다.",
    "date": "14.04.01",
    "rating": "7",
    "author": "ghzm****",
    "review_id": "8622095",
    "movie_id": "10453"
  },
  {
    "review": "처음 볼때의 은밀한 유혹이 지금도 생생하고.",
    "date": "14.03.27",
    "rating": "8",
    "author": "clie****",
    "review_id": "8609989",
    "movie_id": "10453"
  },
  {
    "review": "이 영화는 사랑이 아닌 순간적인  충동에 쌓여 일탈을 꿈꾸지만 버스안에서 그런 일탈뒤의 허탈함과 후회가 교차하는 착잡한 표정의 남녀주인공의 마지막을 통해 관객에게 우리가 일상의 틀에서 겪는 일탈의 충동과 인생이 주는 막연한 불안감을 잘표현한 수작이다",
    "date": "14.01.19",
    "rating": "10",
    "author": "lsm4****",
    "review_id": "8399575",
    "movie_id": "10453"
  },
  {
    "review": "지금봐도 충분히 낭만적인.",
    "date": "14.01.18",
    "rating": "9",
    "author": "floo****",
    "review_id": "8397195",
    "movie_id": "10453"
  },
  {
    "review": "모던하다 20년쯤 앞서간 분위기",
    "date": "13.12.12",
    "rating": "8",
    "author": "vick****",
    "review_id": "8208909",
    "movie_id": "10453"
  },
  {
    "review": "자기 엄마랑 침대에서 뒹군 남자를 좋아하는 막장 여자. 아내도 뺏기고 딸도 뺏기는 불쌍하기 그지없는 엘레인의 아버지.",
    "date": "13.11.08",
    "rating": "1",
    "author": "mara****",
    "review_id": "8124652",
    "movie_id": "10453"
  },
  {
    "review": "남성용 할리퀸. 엔딩은 본격 현자타임.",
    "date": "13.09.25",
    "rating": "5",
    "author": "mary****",
    "review_id": "8015580",
    "movie_id": "10453"
  },
  {
    "review": "이영화 감독이 37년후 클로져를 만들다니 놀랍군.남녀 성별을 바꾸면 막장드라마.찌질한 애송이의 집착이 여럿 피곤하게 만든다.버스속 엔딩 마지막 표정,'대체 우리가 뭘한거고 앞으론 어떻게 하지?' 68혁명은 히피로 표현되나 무개념은 아닌건데.",
    "date": "13.08.29",
    "rating": "6",
    "author": "acin****",
    "review_id": "7933320",
    "movie_id": "10453"
  },
  {
    "review": "배경음악과 엔딩씬만 멋지다. 패륜, 패악을 미화한 영화. 그 이하 그 이상도 아니다.",
    "date": "13.08.23",
    "rating": "3",
    "author": "keie****",
    "review_id": "7913414",
    "movie_id": "10453"
  },
  {
    "review": "대학생때 tv로 본 영화, 엔팅씬도 너무 유명하고 사이몬앤 가펑클의 ost도 좋다~",
    "date": "13.08.11",
    "rating": "7",
    "author": "lees****",
    "review_id": "7869673",
    "movie_id": "10453"
  },
  {
    "review": "60년대 말 반전세대의 진보적 가치관을 상징하는 영화...기성세대의 대한 반항과 새시대의 도래를 알린 역작....",
    "date": "13.07.18",
    "rating": "10",
    "author": "safe****",
    "review_id": "7755219",
    "movie_id": "10453"
  },
  {
    "review": "Elaine 도 넘 예쁘고 Mrs.Robinson 도 매력적이고.... Sound of Silence 좋아하는 곡인데 이 영화 ost로 유명해진건지..?  반세기전에 만든 영화라는게 놀랍고 고뇌하는 표정이 갑 ㅠㅠ 마지막은 정말..",
    "date": "13.07.02",
    "rating": "9",
    "author": "firs****",
    "review_id": "7696654",
    "movie_id": "10453"
  },
  {
    "review": "딸내미는 뭐가 좋아서 저런 놈한테 반했을까? 다 좋은데 이게 의문이다... 어떻게보면 철저하게 남자 판타지 입장이 아닌가? 뭐 난 남자니깐 재밌게 봤다만.. ㅋㅋ",
    "date": "13.06.24",
    "rating": "9",
    "author": "chba****",
    "review_id": "7677219",
    "movie_id": "10453"
  },
  {
    "review": "홀로서기를 시작한 청년의 끝나지 않은 성장기",
    "date": "13.06.10",
    "rating": "8",
    "author": "blue****",
    "review_id": "7625617",
    "movie_id": "10453"
  },
  {
    "review": "[아카데미]1968년40회 감독1개부문수상작.대학을졸업한청년이아버지친구의부인을만나육체적관계가되다그부인의딸을알게되어진정한사랑에빠지게되는데후에그딸의결혼식을찾아가그녀를데리고나와버스에타는마지막장면과 사이먼앤가펑클의OST가유명하다.정서적으로안맞을수도있다.",
    "date": "13.03.26",
    "rating": "9",
    "author": "new7****",
    "review_id": "7412383",
    "movie_id": "10453"
  },
  {
    "review": "거의 반세기 지난 영화의 감성이 오늘 다시봐도 마음에 복잡한 여러가지 숙제를 준다  알파로메오 스파이더 카브리올레는 올드카팬에게 선물과 같은 명장면을 선사한다",
    "date": "13.03.01",
    "rating": "10",
    "author": "jkid****",
    "review_id": "7315564",
    "movie_id": "10453"
  },
  {
    "review": "억지 과장 없는 자연스런 진행과 대화,연출로 은근히 몰입이 되는 영화/ 작품성 9점 오락성 8점",
    "date": "13.01.12",
    "rating": "9",
    "author": "ohwd****",
    "review_id": "7107455",
    "movie_id": "10453"
  },
  {
    "review": "ost와 영상들이 좋다...연기도 좋고 내용은 막장이다만 인연이 그렇게 꼬인걸어쩌겠어......마지막5분은 정말로 좋다!",
    "date": "13.01.12",
    "rating": "9",
    "author": "codu****",
    "review_id": "7104361",
    "movie_id": "10453"
  },
  {
    "review": "ㅋㅋ 잘모르겠지만 음 볼 가치가 있는 영화 (재미가 아니라 가치가 가치!) 살짝 고전 영화들은 스치는 재미들이 있죠잉 ㅋㅋ",
    "date": "13.01.05",
    "rating": "8",
    "author": "dan_****",
    "review_id": "7082797",
    "movie_id": "10453"
  },
  {
    "review": "80년 후반 영화 이전것은 본적이 거의 없는데 인상깊은 명작이다. 딸이 왜이렇게 푹 빠졌는지는 의문이다만..",
    "date": "12.12.24",
    "rating": "8",
    "author": "sean****",
    "review_id": "7038539",
    "movie_id": "10453"
  },
  {
    "review": "그들 혹은 우리들",
    "date": "12.10.21",
    "rating": "10",
    "author": "oz11****",
    "review_id": "6818160",
    "movie_id": "10453"
  },
  {
    "review": "처음과 마지막, 벤자민의 극적인 변화 과정.대학을 졸업하기까지도 부모님과 주변사람들의 기대로만 살아오는 벤자민이자기 삶을 찾아나서는.",
    "date": "12.09.28",
    "rating": "8",
    "author": "seyu****",
    "review_id": "6741153",
    "movie_id": "10453"
  },
  {
    "review": "포스터만으로도 10점",
    "date": "12.09.20",
    "rating": "10",
    "author": "egoh****",
    "review_id": "6715298",
    "movie_id": "10453"
  },
  {
    "review": "인상깊은 ost. 인상깊은 엔딩.",
    "date": "12.07.21",
    "rating": "9",
    "author": "wook****",
    "review_id": "6506486",
    "movie_id": "10453"
  },
  {
    "review": "청년, 방황을 졸업하고 사랑을 시작하다",
    "date": "12.07.05",
    "rating": "8",
    "author": "wkdd****",
    "review_id": "6448418",
    "movie_id": "10453"
  },
  {
    "review": "아름다운 음악이 어우러진 명작. 삶에서 진정한 졸업이란 뭘까 생각하게 하는 영화.",
    "date": "12.06.06",
    "rating": "9",
    "author": "aldu****",
    "review_id": "6367503",
    "movie_id": "10453"
  },
  {
    "review": "올드 감성이란 뭔가 보여주는군 캬~",
    "date": "12.06.03",
    "rating": "10",
    "author": "meta****",
    "review_id": "6359594",
    "movie_id": "10453"
  },
  {
    "review": "주인공이 아주 자기가 하고 싶은대로만 하는데 그에 대한 처벌이 너무 밍밍하다...",
    "date": "12.04.03",
    "rating": "1",
    "author": "solp****",
    "review_id": "6190266",
    "movie_id": "10453"
  },
  {
    "review": "명화는 이유가 있네 80년대에 만들어졌지만, 절대 촌스럽지않고 빵빵터지는 웃음과감동",
    "date": "12.04.03",
    "rating": "10",
    "author": "bean****",
    "review_id": "6190079",
    "movie_id": "10453"
  },
  {
    "review": "단순하고 촌스러워도, 고전 로맨스로서 타당한 가치가 있는 영화",
    "date": "12.02.23",
    "rating": "6",
    "author": "breg****",
    "review_id": "6099265",
    "movie_id": "10453"
  },
  {
    "review": "깜놀",
    "date": "12.01.27",
    "rating": "8",
    "author": "sksd****",
    "review_id": "6025563",
    "movie_id": "10453"
  },
  {
    "review": "로멘스",
    "date": "12.01.15",
    "rating": "10",
    "author": "ccor****",
    "review_id": "5986617",
    "movie_id": "10453"
  },
  {
    "review": "역시 명작이네... 주인공의 심리묘사가 탁월하다",
    "date": "12.01.13",
    "rating": "8",
    "author": "ws10****",
    "review_id": "5982202",
    "movie_id": "10453"
  },
  {
    "review": "망설임섞인 용기가 새삼스런 아련함을 안겨주었던 추억의 명화",
    "date": "12.01.10",
    "rating": "8",
    "author": "spik****",
    "review_id": "5975525",
    "movie_id": "10453"
  },
  {
    "review": "주인공이 넘 바보같음 욕하면서 봤다",
    "date": "12.01.07",
    "rating": "7",
    "author": "awer****",
    "review_id": "5967280",
    "movie_id": "10453"
  },
  {
    "review": "명작은 옛날과 현재의 동일한 공감대 위에 놓인다. 그리고 더스틴 호프만의 섹시미^^",
    "date": "12.01.04",
    "rating": "10",
    "author": "nkot****",
    "review_id": "5960467",
    "movie_id": "10453"
  },
  {
    "review": "일레인과 도망쳐, 버스에 앉아 가지만 서로 아무 말도 없다. 웃음기도 잠시뿐,무얼",
    "date": "11.12.28",
    "rating": "9",
    "author": "rnal****",
    "review_id": "5943533",
    "movie_id": "10453"
  },
  {
    "review": "씁쓸한 현실로 돌아가는 마지막장면. 20대의 방황, 현실에 맞지않던 선택들과 가슴아픔 생각남.",
    "date": "11.12.28",
    "rating": "9",
    "author": "kene****",
    "review_id": "5941607",
    "movie_id": "10453"
  },
  {
    "review": "묘사와 의미는 Good But 시대적상황과 현실을 보더라도 분륜녀와 그딸과의 개연성은좀",
    "date": "11.11.30",
    "rating": "1",
    "author": "waci****",
    "review_id": "5878628",
    "movie_id": "10453"
  },
  {
    "review": "청춘의 사랑과 방황 그리고... 선택",
    "date": "11.11.27",
    "rating": "9",
    "author": "figh****",
    "review_id": "5873879",
    "movie_id": "10453"
  },
  {
    "review": "추억을 부르는 ost",
    "date": "11.11.23",
    "rating": "9",
    "author": "ahhu****",
    "review_id": "5867279",
    "movie_id": "10453"
  },
  {
    "review": "더스틴 호프만의 연기가 좋았다. 나는 이 영화를 이해하기엔 좀 어리지 않은가 싶다",
    "date": "11.11.19",
    "rating": "9",
    "author": "0104****",
    "review_id": "5858785",
    "movie_id": "10453"
  },
  {
    "review": "더스틴 호프먼의 풋풋한 모습과 OST 명곡의 아름다운 조화",
    "date": "11.11.17",
    "rating": "8",
    "author": "777s****",
    "review_id": "5854459",
    "movie_id": "10453"
  },
  {
    "review": "마지막 웃음 뒤에 그 표정. 그 꿈과 현실의 괴리",
    "date": "11.11.13",
    "rating": "8",
    "author": "anar****",
    "review_id": "5847887",
    "movie_id": "10453"
  },
  {
    "review": "청년 더스틴호프만의 풋풋한 모습과 지금도 마음을 찡하게 하는 사이먼가펑클의 노래",
    "date": "11.11.12",
    "rating": "10",
    "author": "anst****",
    "review_id": "5843888",
    "movie_id": "10453"
  },
  {
    "review": "약40년전 고교시절 관람후 몇일 가슴 먹먹했었는데 오늘 그시절 그 감동이 새삼...",
    "date": "11.11.12",
    "rating": "10",
    "author": "suns****",
    "review_id": "5843726",
    "movie_id": "10453"
  },
  {
    "review": "미국낭만의 시대...감수성 충만한 젊음의 영화가 나의 가슴을 아리게 하는군...",
    "date": "11.11.12",
    "rating": "10",
    "author": "thin****",
    "review_id": "5843705",
    "movie_id": "10453"
  },
  {
    "review": "미래를 위한 마음가짐을 준비하려는 청년들을 위한 영화",
    "date": "11.11.12",
    "rating": "10",
    "author": "heur****",
    "review_id": "5843666",
    "movie_id": "10453"
  },
  {
    "review": "사이먼 & 가펑클의 위대한 명곡이 가슴에 진하게 남는작품",
    "date": "11.11.12",
    "rating": "10",
    "author": "mom3****",
    "review_id": "5843615",
    "movie_id": "10453"
  },
  {
    "review": "OST와 영화가 조화를 가장 잘 이룬 영화. 명작이란 칭호를 안겨다준 마지막 버스안씬",
    "date": "11.11.07",
    "rating": "10",
    "author": "wlfa****",
    "review_id": "5835384",
    "movie_id": "10453"
  },
  {
    "review": "좋아요.",
    "date": "11.11.04",
    "rating": "10",
    "author": "mbtl****",
    "review_id": "5827090",
    "movie_id": "10453"
  },
  {
    "review": "시대에비해 좀 파격적인 내용.. 감독이 사이몬의 노래에 감동을 받았나보다",
    "date": "11.10.01",
    "rating": "6",
    "author": "hjj5****",
    "review_id": "5764179",
    "movie_id": "10453"
  },
  {
    "review": "이 역시 나이들면 유치해지는 듯",
    "date": "11.09.17",
    "rating": "8",
    "author": "band****",
    "review_id": "5736935",
    "movie_id": "10453"
  },
  {
    "review": "자의식을 찾아가는 젊은이의 방황기",
    "date": "11.09.14",
    "rating": "9",
    "author": "scnd****",
    "review_id": "5729893",
    "movie_id": "10453"
  },
  {
    "review": "최고다. 부디 둘의 삶에 행복이 가득하길",
    "date": "11.09.13",
    "rating": "10",
    "author": "baej****",
    "review_id": "5726397",
    "movie_id": "10453"
  },
  {
    "review": "최고의 영화. 재미있다.",
    "date": "11.08.29",
    "rating": "10",
    "author": "dmag****",
    "review_id": "5696802",
    "movie_id": "10453"
  },
  {
    "review": "이 영화가 왜 8점대임?",
    "date": "11.08.26",
    "rating": "10",
    "author": "grac****",
    "review_id": "5688640",
    "movie_id": "10453"
  },
  {
    "review": "많은 청춘들에게 불을 지펴주는 영화, 그 이후는 생각하고 싶지 않아",
    "date": "11.08.19",
    "rating": "7",
    "author": "tabu****",
    "review_id": "5667700",
    "movie_id": "10453"
  },
  {
    "review": "졸업생의 졸업은 이제부터.",
    "date": "11.08.14",
    "rating": "7",
    "author": "psyc****",
    "review_id": "5649378",
    "movie_id": "10453"
  },
  {
    "review": "롱테이크 구성과 씬전환이 지금봐도 참신하고 좋다. 다른 부분들도 말할것 없이 좋다.",
    "date": "11.07.05",
    "rating": "9",
    "author": "dark****",
    "review_id": "5523221",
    "movie_id": "10453"
  },
  {
    "review": "뭘까싶다.",
    "date": "11.07.02",
    "rating": "5",
    "author": "jjon****",
    "review_id": "5516389",
    "movie_id": "10453"
  },
  {
    "review": "농익은 유부녀의 사타구니를 조심하라. 만고의 진리니라~~",
    "date": "11.06.17",
    "rating": "10",
    "author": "vedd****",
    "review_id": "5485908",
    "movie_id": "10453"
  },
  {
    "review": "100년 후에도 기억될 영화다.",
    "date": "11.06.07",
    "rating": "10",
    "author": "zndz****",
    "review_id": "5470434",
    "movie_id": "10453"
  },
  {
    "review": "진심은 방황을 졸업시켜줄 이정표다",
    "date": "11.05.22",
    "rating": "9",
    "author": "kim9****",
    "review_id": "5444251",
    "movie_id": "10453"
  },
  {
    "review": "OST도 좋고 정말 괜찮았던 영화",
    "date": "11.04.04",
    "rating": "9",
    "author": "nwhg****",
    "review_id": "5351931",
    "movie_id": "10453"
  },
  {
    "review": "이런 게 대작이지.",
    "date": "11.02.14",
    "rating": "10",
    "author": "choi****",
    "review_id": "5242063",
    "movie_id": "10453"
  },
  {
    "review": "인생은 선택과 갈등의 연속... 계속 귀에 맴도는 ost.",
    "date": "11.02.05",
    "rating": "8",
    "author": "ilil****",
    "review_id": "5219665",
    "movie_id": "10453"
  },
  {
    "review": "수작.",
    "date": "11.01.21",
    "rating": "9",
    "author": "dlwl****",
    "review_id": "5174442",
    "movie_id": "10453"
  },
  {
    "review": "마지막 더스틴 호프만의 표정이 알쏭달쏭.",
    "date": "11.01.03",
    "rating": "8",
    "author": "cube****",
    "review_id": "5119448",
    "movie_id": "10453"
  },
  {
    "review": "67년 작이 왜 88년에 개봉한거야...",
    "date": "10.12.22",
    "rating": "10",
    "author": "bizz****",
    "review_id": "5074175",
    "movie_id": "10453"
  },
  {
    "review": "음악과 각본, 배우 열연까지 삼박자를 갖춘 영화. 강추!!!",
    "date": "10.11.06",
    "rating": "10",
    "author": "eul8****",
    "review_id": "4941350",
    "movie_id": "10453"
  },
  {
    "review": "마지막 장면 때문에 클래식이 된 것 같다",
    "date": "10.11.05",
    "rating": "7",
    "author": "resm****",
    "review_id": "4939873",
    "movie_id": "10453"
  },
  {
    "review": "끝, 그리고 시작의 기로에 서서 으헝헝",
    "date": "10.10.31",
    "rating": "9",
    "author": "good****",
    "review_id": "4931377",
    "movie_id": "10453"
  },
  {
    "review": "주체성의 자각, 성장 그리고 두려움.",
    "date": "10.09.19",
    "rating": "8",
    "author": "park****",
    "review_id": "4846422",
    "movie_id": "10453"
  }
]