[
  {
    "review": "8.5 프랑스 영화, 배우 미술...언제나 아름답다... 평범한 인간적 복수...",
    "date": "14.11.22",
    "rating": "8",
    "author": "kyj8****",
    "review_id": "9408672",
    "movie_id": "10465"
  },
  {
    "review": "경찰이 민주경찰이네요. 방망이로 안때리고 요목조목 친절하게 설명해주고 ㅋㅋ",
    "date": "09.11.22",
    "rating": "8",
    "author": "alep****",
    "review_id": "3981592",
    "movie_id": "10465"
  },
  {
    "review": "좋다. 이런 스타일.",
    "date": "08.07.05",
    "rating": "10",
    "author": "2pur****",
    "review_id": "2742362",
    "movie_id": "10465"
  },
  {
    "review": "유럽식 복수극이란 이런 것이다?",
    "date": "07.03.01",
    "rating": "7",
    "author": "donj****",
    "review_id": "1509471",
    "movie_id": "10465"
  },
  {
    "review": "히치콕을 먹고 자란 또 하나의 새로운 물결.",
    "date": "06.11.04",
    "rating": "7",
    "author": "jals****",
    "review_id": "1215072",
    "movie_id": "10465"
  },
  {
    "review": "음.",
    "date": "05.10.10",
    "rating": "8",
    "author": "m60d****",
    "review_id": "439321",
    "movie_id": "10465"
  },
  {
    "review": "모두 다 죽어야 한다.  무서워",
    "date": "03.12.17",
    "rating": "10",
    "author": "cacg****",
    "review_id": "3555",
    "movie_id": "10465"
  },
  {
    "review": "최고의 유럽 스릴러 중 하나",
    "date": "03.12.08",
    "rating": "10",
    "author": "tdol****",
    "review_id": "1434",
    "movie_id": "10465"
  }
]