[
  {
    "review": "밑분 말에 동감합니다!!",
    "date": "13.12.18",
    "rating": "10",
    "author": "zbxl****",
    "review_id": "8231058",
    "movie_id": "10467"
  },
  {
    "review": "요즘 드라마나 영화처럼 뻔히 역사책에 사실관계가 나와있는 부분조차 작가의 상상력으로 역사왜곡질을 아무렇지도 않게 하는걸 보면 차라리 이런 다큐같은 사극이 훨씬 보기좋다.",
    "date": "13.11.29",
    "rating": "10",
    "author": "kom_****",
    "review_id": "8178258",
    "movie_id": "10467"
  },
  {
    "review": "고전 영화에서만 볼 수 있는 작품성을 보게됐습니다~!",
    "date": "13.09.17",
    "rating": "9",
    "author": "week****",
    "review_id": "7989403",
    "movie_id": "10467"
  },
  {
    "review": "50년 전 영화 치고는 괜찮은 영화",
    "date": "12.05.20",
    "rating": "7",
    "author": "tmdf****",
    "review_id": "6315424",
    "movie_id": "10467"
  },
  {
    "review": "밑에분들은 62년도 영화인데...얼마나 많을걸 기대하시는지...50년이나 지난겁니다.",
    "date": "12.01.22",
    "rating": "9",
    "author": "cool****",
    "review_id": "6008151",
    "movie_id": "10467"
  },
  {
    "review": "퉤이 새1꺄 이게 영화냐",
    "date": "12.01.21",
    "rating": "1",
    "author": "king****",
    "review_id": "6005838",
    "movie_id": "10467"
  },
  {
    "review": "...이건도대체 영화인지 자장가인지...",
    "date": "12.01.21",
    "rating": "1",
    "author": "jwoa****",
    "review_id": "6004354",
    "movie_id": "10467"
  },
  {
    "review": "연산군의 인간적인 모습들",
    "date": "11.08.28",
    "rating": "8",
    "author": "2pup****",
    "review_id": "5695374",
    "movie_id": "10467"
  },
  {
    "review": "옳다구나^^;;",
    "date": "09.01.24",
    "rating": "9",
    "author": "ghos****",
    "review_id": "3245001",
    "movie_id": "10467"
  },
  {
    "review": "이해가 안 간다. 왜 신상옥 감독은 이 영화를 증오할까. 내겐 최고의 사극 영화인데.",
    "date": "08.11.13",
    "rating": "10",
    "author": "sega****",
    "review_id": "3046888",
    "movie_id": "10467"
  },
  {
    "review": "제1회대종상수상작이니 10점",
    "date": "08.06.27",
    "rating": "10",
    "author": "osds****",
    "review_id": "2724731",
    "movie_id": "10467"
  }
]