[
  {
    "review": "믿고보는 장예모, 공리 콤비",
    "date": "15.07.23",
    "rating": "10",
    "author": "pr5g****",
    "review_id": "10132735",
    "movie_id": "10479"
  },
  {
    "review": "취권 이후로 짱께 영화를 몰입해서 본 처음이자 마지막 영화",
    "date": "15.06.16",
    "rating": "9",
    "author": "tlsg****",
    "review_id": "10004785",
    "movie_id": "10479"
  },
  {
    "review": "붉게 물든 수수밭. 적절한 시대반영.",
    "date": "15.02.08",
    "rating": "8",
    "author": "rudg****",
    "review_id": "9680643",
    "movie_id": "10479"
  },
  {
    "review": "중국문화를 잘 드러낸 영화. 색감이나, 담긴 의미이나..분석하기 좋은 중국영화인 것 같다.",
    "date": "14.11.28",
    "rating": "8",
    "author": "dhwl****",
    "review_id": "9427945",
    "movie_id": "10479"
  },
  {
    "review": "옛날에 재밌게 봤었다.",
    "date": "14.11.20",
    "rating": "8",
    "author": "kem1****",
    "review_id": "9401799",
    "movie_id": "10479"
  },
  {
    "review": "명작 색감의 활용과 중국 특유 느낌의 음악 다 훌륭하다",
    "date": "14.10.29",
    "rating": "9",
    "author": "banv****",
    "review_id": "9326433",
    "movie_id": "10479"
  },
  {
    "review": "중국백성들의 슬픔...",
    "date": "14.09.18",
    "rating": "8",
    "author": "marc****",
    "review_id": "9224059",
    "movie_id": "10479"
  },
  {
    "review": "이거 보다 국두가 훨씬 잼있다 .",
    "date": "14.05.04",
    "rating": "6",
    "author": "redw****",
    "review_id": "8700549",
    "movie_id": "10479"
  },
  {
    "review": "내 젊은 날의 기억이다 영화가 이렇게 시작할 수 있구나! 처음부터 관객을 몰입시켜 끝까지 끌고가는구나  그래서 명작이구나  \"노틀담의꼽추\"마냥  노틀담의곱추는 운명을 얘기하면서 시작했고 끝까지 몰입을로 끌려갔던 기억이나네요 평점85입니다",
    "date": "14.05.03",
    "rating": "8",
    "author": "deha****",
    "review_id": "8695053",
    "movie_id": "10479"
  },
  {
    "review": "장예모랑 공리는 진짜 잘어울린다..",
    "date": "14.01.08",
    "rating": "9",
    "author": "do11****",
    "review_id": "8361390",
    "movie_id": "10479"
  },
  {
    "review": "고량주같이 새빨간 중국 민중의 생명력.",
    "date": "13.11.12",
    "rating": "9",
    "author": "pont****",
    "review_id": "8133092",
    "movie_id": "10479"
  },
  {
    "review": "딱히 인상적으로 볼만한부분도없고 스토리도 그닥 전체적으로 별루임.",
    "date": "13.07.03",
    "rating": "5",
    "author": "kis5****",
    "review_id": "7701686",
    "movie_id": "10479"
  },
  {
    "review": "장예모연출에 공리출연한 작품중에 별루인듯.복잡한 내면갈등을 엄청 잘표현하는감독이던데,이 영화는 그다지..",
    "date": "13.03.17",
    "rating": "6",
    "author": "a109****",
    "review_id": "7355999",
    "movie_id": "10479"
  },
  {
    "review": "분위기 붉은색으로 음악 기억날거같다.",
    "date": "13.03.15",
    "rating": "9",
    "author": "hll0****",
    "review_id": "7348172",
    "movie_id": "10479"
  },
  {
    "review": "자꾸생각나는영화! 공리언니에게 푹빠져버려땅",
    "date": "13.02.05",
    "rating": "10",
    "author": "hlsh****",
    "review_id": "7228779",
    "movie_id": "10479"
  },
  {
    "review": "붉은 흙, 붉은 수수, 붉은 고량주, 붉은 태양 그리고 붉은 피에 관한 영화. 중국 공산주의를 찬양했으나 영화의 예술성이 그 의도를 뛰어넘어 위대한 작품이 되었다. 장예모와 공리는 데뷰부터 영화인생의 절정에 도달해버렸고....",
    "date": "13.02.01",
    "rating": "10",
    "author": "wkim****",
    "review_id": "7209000",
    "movie_id": "10479"
  },
  {
    "review": "중국스타일",
    "date": "13.01.12",
    "rating": "8",
    "author": "fcup****",
    "review_id": "7104414",
    "movie_id": "10479"
  },
  {
    "review": "정말 일본인들이 이 영화를 보면 어떤 생각을 할까... 역사의 반성 없이는 아무 미래도 없다는 것을 그들도, 그리고 모든 사람이 깨달았으면 좋겠다...",
    "date": "13.01.08",
    "rating": "10",
    "author": "sbe0****",
    "review_id": "7093415",
    "movie_id": "10479"
  },
  {
    "review": "과연 지금의 일본사람들이 이 영화를 보면 어떤 생각을 가질지 궁금하네요... 너무도 슬픈 역사가 우리가 사는 이 현재를 만들고 있다는 생각에 많은 느낌을 받았습니다.",
    "date": "13.01.08",
    "rating": "10",
    "author": "yama****",
    "review_id": "7093402",
    "movie_id": "10479"
  },
  {
    "review": "감독의 데뷔작이라 그런지 연출면에서 투박하지만 강렬한 에너지를 내뿜는 영화임에는 틀림없다. 척박한 환경 속에서 살아온 중국인들의 강한 생명력을 느낄 수 있는 영화다.",
    "date": "12.12.14",
    "rating": "9",
    "author": "jahn****",
    "review_id": "7002869",
    "movie_id": "10479"
  },
  {
    "review": "붉은색으로 일관되는 이 영화, 과연 중국적인 것은 무엇일까?",
    "date": "12.11.12",
    "rating": "8",
    "author": "yksn****",
    "review_id": "6880222",
    "movie_id": "10479"
  },
  {
    "review": "봉건과 제국주의, 모두 민중의 적 아니겠는가",
    "date": "12.10.12",
    "rating": "5",
    "author": "hany****",
    "review_id": "6787232",
    "movie_id": "10479"
  },
  {
    "review": "원작이 상탓다 1빠~    다음도 내가 1빠찍음ㅋㅋㅋㅋㅋㅋㅋㅋㅋㅋㅋㅋ",
    "date": "12.10.11",
    "rating": "7",
    "author": "kids****",
    "review_id": "6783492",
    "movie_id": "10479"
  },
  {
    "review": "술이 붉은색이라서 피같이 보임",
    "date": "12.08.12",
    "rating": "7",
    "author": "twis****",
    "review_id": "6596735",
    "movie_id": "10479"
  },
  {
    "review": "누군가의 인생을 통해 앞일을 예측할 수 없는 인간의 연약함을 생각.",
    "date": "12.07.12",
    "rating": "9",
    "author": "5292****",
    "review_id": "6471534",
    "movie_id": "10479"
  },
  {
    "review": "강렬한 영화다..",
    "date": "12.06.30",
    "rating": "9",
    "author": "gksq****",
    "review_id": "6432378",
    "movie_id": "10479"
  },
  {
    "review": "장예모.. 전작들도 그렇고 그냥 그랬다..",
    "date": "12.06.04",
    "rating": "6",
    "author": "tn99****",
    "review_id": "6364842",
    "movie_id": "10479"
  },
  {
    "review": "장이모 감독의 영화에 큰 매력을 못느끼겠다...평범한 범작..단지 붉은거만 기억에",
    "date": "12.05.21",
    "rating": "6",
    "author": "thra****",
    "review_id": "6317888",
    "movie_id": "10479"
  },
  {
    "review": "붉다. 강의시간에 보게됬지만 붉다.",
    "date": "12.05.14",
    "rating": "9",
    "author": "yhl2****",
    "review_id": "6297976",
    "movie_id": "10479"
  },
  {
    "review": "강렬한 마지막...",
    "date": "12.03.19",
    "rating": "9",
    "author": "jmp0****",
    "review_id": "6154241",
    "movie_id": "10479"
  },
  {
    "review": "중국인 특유의 연기력이 아쉬운 붉은 영화",
    "date": "12.02.05",
    "rating": "6",
    "author": "bbq2****",
    "review_id": "6055171",
    "movie_id": "10479"
  },
  {
    "review": "붉은색만큼 강렬하게 기억에 남을 것 같다.내가 중국인이었다면 이 걸 보고어땠을지",
    "date": "12.01.03",
    "rating": "9",
    "author": "loew****",
    "review_id": "5957809",
    "movie_id": "10479"
  },
  {
    "review": "강렬한 색감으로 화려하게 등장하다. 데뷔작부터 전성기가 시작되다.",
    "date": "11.11.27",
    "rating": "7",
    "author": "pria****",
    "review_id": "5874663",
    "movie_id": "10479"
  },
  {
    "review": "명작",
    "date": "11.08.31",
    "rating": "10",
    "author": "cool****",
    "review_id": "5699389",
    "movie_id": "10479"
  },
  {
    "review": "중국 최고 명작~한번씩 다시봐도 그 분위기에 취하네요",
    "date": "11.05.05",
    "rating": "9",
    "author": "chee****",
    "review_id": "5406959",
    "movie_id": "10479"
  },
  {
    "review": "good..........",
    "date": "11.03.18",
    "rating": "10",
    "author": "soul****",
    "review_id": "5320627",
    "movie_id": "10479"
  },
  {
    "review": "장이모 감독의 남다른 색채감각은 이 영화에서도 찾아볼 수 있다",
    "date": "11.03.04",
    "rating": "10",
    "author": "kill****",
    "review_id": "5292502",
    "movie_id": "10479"
  },
  {
    "review": "붉고 붉은 배경속에 녹아들어 있는 그들의 슬프고도 격동적인 삶. 강렬한 대서사시.",
    "date": "11.01.10",
    "rating": "8",
    "author": "deka****",
    "review_id": "5145807",
    "movie_id": "10479"
  },
  {
    "review": "영상미가 주는 강렬함과 그 내면에 슬픔만큼은 최고였다",
    "date": "10.12.18",
    "rating": "7",
    "author": "ejia****",
    "review_id": "5062089",
    "movie_id": "10479"
  },
  {
    "review": "내러티브의 '다소 부실함'을 강렬한 영상으로 '간단명료'로 승화시킨다.",
    "date": "10.09.29",
    "rating": "8",
    "author": "lovi****",
    "review_id": "4875455",
    "movie_id": "10479"
  },
  {
    "review": "좋아요~!",
    "date": "10.09.27",
    "rating": "10",
    "author": "dg_g****",
    "review_id": "4871769",
    "movie_id": "10479"
  },
  {
    "review": "뭔가 싹둑 잘라먹은 느낌.. 공리의 홍등이 더 좋다..",
    "date": "10.09.09",
    "rating": "6",
    "author": "kuic****",
    "review_id": "4824854",
    "movie_id": "10479"
  },
  {
    "review": "10부작짜리 대하드라마 스케일을 90분안에 우겨넣은듯한.. 완성도가 아쉽다",
    "date": "10.06.24",
    "rating": "5",
    "author": "goms****",
    "review_id": "4588766",
    "movie_id": "10479"
  },
  {
    "review": "마지막에 붉은 수수밭의 참된 의미를 알았다.중국영화 진짜 대단하다",
    "date": "10.05.12",
    "rating": "10",
    "author": "rinj****",
    "review_id": "4494431",
    "movie_id": "10479"
  },
  {
    "review": "중국적이라는것",
    "date": "09.10.16",
    "rating": "10",
    "author": "ezbi****",
    "review_id": "3896995",
    "movie_id": "10479"
  },
  {
    "review": "좋아요.",
    "date": "09.09.12",
    "rating": "10",
    "author": "diri****",
    "review_id": "3825509",
    "movie_id": "10479"
  },
  {
    "review": "어우..... 붉은 수수밭보다도 더 강렬했던 영화....공리.....",
    "date": "09.02.09",
    "rating": "9",
    "author": "iss2****",
    "review_id": "3289023",
    "movie_id": "10479"
  },
  {
    "review": "인생보단 완성도가 떨어졌지만 슬프고 상징성이 뛰어난 영화였다 공리의 카리스마",
    "date": "08.12.30",
    "rating": "9",
    "author": "myiv****",
    "review_id": "3168032",
    "movie_id": "10479"
  },
  {
    "review": "마지막 시퀀스는 대박이다. 중화사상이 어느정도 기입된영화^^",
    "date": "08.07.31",
    "rating": "8",
    "author": "love****",
    "review_id": "2821479",
    "movie_id": "10479"
  },
  {
    "review": "붉은 빛깔의 광활한 가로 영상미 .. 대극장에서 봐야하는 영화",
    "date": "08.06.26",
    "rating": "10",
    "author": "dowo****",
    "review_id": "2721244",
    "movie_id": "10479"
  },
  {
    "review": "중국은 참 영화도 잘만드는.. 꽤 재밌게 봤었던영화입니다. 추천해요 ^^",
    "date": "08.05.12",
    "rating": "9",
    "author": "tjfg****",
    "review_id": "2635894",
    "movie_id": "10479"
  },
  {
    "review": "중국의 시대적 아픔을 민초들의 삶에서 볼 수 있었던 영화!",
    "date": "08.03.23",
    "rating": "8",
    "author": "aset****",
    "review_id": "2537234",
    "movie_id": "10479"
  },
  {
    "review": "초등학교 4학년때 보고 슬퍼서 잠을 못잤던 영화. . 여성의 내면도 솔직하게그려냈다",
    "date": "08.02.11",
    "rating": "10",
    "author": "summ****",
    "review_id": "2434704",
    "movie_id": "10479"
  },
  {
    "review": "어릴 적에 이거 보고 얼마나 슬펐는지...",
    "date": "08.02.09",
    "rating": "8",
    "author": "show****",
    "review_id": "2427884",
    "movie_id": "10479"
  },
  {
    "review": "담백하고 진솔한 맛(일본군 나오기 전까지는), 공리의 풋풋하고 청초한 매력!",
    "date": "08.02.09",
    "rating": "8",
    "author": "team****",
    "review_id": "2425517",
    "movie_id": "10479"
  },
  {
    "review": "붉은 중국적 이미지의 향연 !!!",
    "date": "08.01.29",
    "rating": "9",
    "author": "evil****",
    "review_id": "2383165",
    "movie_id": "10479"
  },
  {
    "review": "깊이 빠져들 수록 매력적인 걸작.",
    "date": "07.12.16",
    "rating": "10",
    "author": "2pur****",
    "review_id": "2236548",
    "movie_id": "10479"
  },
  {
    "review": "리포트 때문에 본영화지만 정말 감명깊게 봤다.. 공리 이뿌다 진짜ㅋ",
    "date": "07.12.14",
    "rating": "8",
    "author": "yjkj****",
    "review_id": "2232032",
    "movie_id": "10479"
  },
  {
    "review": "공리 정말 예뻤다",
    "date": "07.11.24",
    "rating": "7",
    "author": "vaga****",
    "review_id": "2178266",
    "movie_id": "10479"
  },
  {
    "review": "공리란여배우의발견..",
    "date": "07.11.18",
    "rating": "10",
    "author": "vera****",
    "review_id": "2160928",
    "movie_id": "10479"
  },
  {
    "review": "very good !",
    "date": "07.10.22",
    "rating": "10",
    "author": "cles****",
    "review_id": "2105013",
    "movie_id": "10479"
  },
  {
    "review": "지루한스토리를일본이반전시켰다.",
    "date": "07.10.07",
    "rating": "7",
    "author": "yesj****",
    "review_id": "2075481",
    "movie_id": "10479"
  },
  {
    "review": "건달에게 겁탈당한 불쌍한 (어린)공리.그리고 그런 자의 자식을 낳다니.",
    "date": "07.09.29",
    "rating": "2",
    "author": "sykm****",
    "review_id": "2060546",
    "movie_id": "10479"
  },
  {
    "review": "장예모 감독의 최고작품,  붉은화면속의 그 시대 가난한이의 이야기.",
    "date": "07.09.22",
    "rating": "10",
    "author": "mana****",
    "review_id": "2038365",
    "movie_id": "10479"
  },
  {
    "review": "미친색채, 중국최고의여배우 공리!",
    "date": "07.09.18",
    "rating": "9",
    "author": "quil****",
    "review_id": "2028099",
    "movie_id": "10479"
  },
  {
    "review": "잔잔한 수수밭에 들이닥친 눈부신아픔이 블록버스터의 그것보다 더 와닿는다",
    "date": "07.09.10",
    "rating": "9",
    "author": "asun****",
    "review_id": "2012463",
    "movie_id": "10479"
  },
  {
    "review": "MBC 9월9일이라고,,저번주는 석방됐다고 마더테레사 하더니..천젠데",
    "date": "07.09.10",
    "rating": "10",
    "author": "unif****",
    "review_id": "2012227",
    "movie_id": "10479"
  },
  {
    "review": "아름다운색채..",
    "date": "07.09.10",
    "rating": "10",
    "author": "yj15****",
    "review_id": "2012191",
    "movie_id": "10479"
  },
  {
    "review": "장예모와 공리!",
    "date": "07.09.10",
    "rating": "10",
    "author": "pudu****",
    "review_id": "2012175",
    "movie_id": "10479"
  },
  {
    "review": "기구한 한 여인의 삶...마음이 아프다..",
    "date": "07.08.11",
    "rating": "10",
    "author": "typo****",
    "review_id": "1919609",
    "movie_id": "10479"
  },
  {
    "review": "공리는 은근 이쁘다. 일본놈들의 잔학함이란.. 근데 요점이 머야",
    "date": "07.07.22",
    "rating": "7",
    "author": "ldgu****",
    "review_id": "1798680",
    "movie_id": "10479"
  },
  {
    "review": "붉은 수수밭인 이유가 있군. 붉게 물드는구나~ 공리 웃는 모습은 별로였어",
    "date": "07.07.14",
    "rating": "9",
    "author": "hs00****",
    "review_id": "1774275",
    "movie_id": "10479"
  },
  {
    "review": "good",
    "date": "07.07.13",
    "rating": "10",
    "author": "iwbd****",
    "review_id": "1771874",
    "movie_id": "10479"
  },
  {
    "review": "공리의 알수없는 매력",
    "date": "07.05.27",
    "rating": "10",
    "author": "shld****",
    "review_id": "1667948",
    "movie_id": "10479"
  },
  {
    "review": "이때까지 장예모는 괜찮았었었었었다. 그러나...",
    "date": "07.05.05",
    "rating": "9",
    "author": "cmh4****",
    "review_id": "1620617",
    "movie_id": "10479"
  },
  {
    "review": "모든것이 붉은 수수밭으로 빨려 들어간다.",
    "date": "07.05.04",
    "rating": "8",
    "author": "pawr****",
    "review_id": "1619346",
    "movie_id": "10479"
  },
  {
    "review": "이것이 바로 자예모의 붉은색!",
    "date": "07.04.17",
    "rating": "10",
    "author": "korn****",
    "review_id": "1592807",
    "movie_id": "10479"
  },
  {
    "review": "갑자기 공리가 좋아졌다. 명작이다..",
    "date": "07.04.15",
    "rating": "10",
    "author": "perl****",
    "review_id": "1589901",
    "movie_id": "10479"
  },
  {
    "review": "붉은 것들의 향연",
    "date": "07.04.12",
    "rating": "9",
    "author": "dark****",
    "review_id": "1584769",
    "movie_id": "10479"
  },
  {
    "review": "예상외로 꽤 재미있었던 기억. 인상적인 이미지들.",
    "date": "07.04.11",
    "rating": "9",
    "author": "seun****",
    "review_id": "1583659",
    "movie_id": "10479"
  },
  {
    "review": "상업영화와 예술영화의 경계를 허물다",
    "date": "07.03.20",
    "rating": "9",
    "author": "oklo****",
    "review_id": "1544294",
    "movie_id": "10479"
  },
  {
    "review": "장예모의 인생-홍등-붉은수수밭은 손색없는 시대극이다.",
    "date": "07.02.28",
    "rating": "10",
    "author": "drea****",
    "review_id": "1508313",
    "movie_id": "10479"
  },
  {
    "review": "예전의 장예모는 색채뿐 아니라 이야기도 잘 만들었었다.",
    "date": "07.02.26",
    "rating": "9",
    "author": "wan8****",
    "review_id": "1504870",
    "movie_id": "10479"
  },
  {
    "review": "붉은 수수밭? ㅎㅎ 그때도, 우린 아직 뽕밭 근처에만 머물러 있었죠..",
    "date": "07.02.17",
    "rating": "9",
    "author": "heod****",
    "review_id": "1477686",
    "movie_id": "10479"
  },
  {
    "review": "중국영화를 즐겨 보게 만든 영화",
    "date": "07.02.06",
    "rating": "9",
    "author": "ysuh****",
    "review_id": "1448490",
    "movie_id": "10479"
  },
  {
    "review": "생애 처음으로 감동먹은 영화, 물론 어릴때~",
    "date": "07.01.16",
    "rating": "10",
    "author": "deam****",
    "review_id": "1388460",
    "movie_id": "10479"
  },
  {
    "review": "애매한 아름다움. 그러나 이해해 주고싶지는 않아.",
    "date": "06.12.13",
    "rating": "9",
    "author": "myoh****",
    "review_id": "1290139",
    "movie_id": "10479"
  },
  {
    "review": "붉은 비극. 감탄할 수 밖에 업는 중국 영화의 힘.",
    "date": "06.12.06",
    "rating": "10",
    "author": "bepl****",
    "review_id": "1270265",
    "movie_id": "10479"
  },
  {
    "review": "붉다",
    "date": "06.11.17",
    "rating": "9",
    "author": "isgl****",
    "review_id": "1237237",
    "movie_id": "10479"
  },
  {
    "review": "머랄까 정말 머라 할말 수 없는..",
    "date": "06.09.18",
    "rating": "10",
    "author": "sbs2****",
    "review_id": "1131322",
    "movie_id": "10479"
  },
  {
    "review": "별다른 스토리도없는거 같은데.왜이리 감동인지.최고다",
    "date": "06.09.13",
    "rating": "10",
    "author": "pjhl****",
    "review_id": "1120066",
    "movie_id": "10479"
  },
  {
    "review": "카메라로 많은 이야기를 하는 영화,,",
    "date": "06.09.13",
    "rating": "10",
    "author": "cree****",
    "review_id": "1119572",
    "movie_id": "10479"
  },
  {
    "review": "아무리 봐도 질리지않는 장이모우의 초기작, 붉은 물결의 스크린",
    "date": "06.09.04",
    "rating": "10",
    "author": "cine****",
    "review_id": "1102975",
    "movie_id": "10479"
  },
  {
    "review": "년도에 비해 잘만든 듯, 나름 재미, 엔딩 실망",
    "date": "06.08.20",
    "rating": "8",
    "author": "sum_****",
    "review_id": "1062004",
    "movie_id": "10479"
  },
  {
    "review": "이걸 대작이라 할수있나??",
    "date": "06.08.19",
    "rating": "3",
    "author": "blac****",
    "review_id": "1058837",
    "movie_id": "10479"
  },
  {
    "review": "진짜 언제봐도 명작이다.",
    "date": "06.08.19",
    "rating": "9",
    "author": "yomi****",
    "review_id": "1058115",
    "movie_id": "10479"
  },
  {
    "review": "'잘 나가다가 갑자기 이야기가 끝나는 영화.' 에 올인",
    "date": "06.08.19",
    "rating": "8",
    "author": "qufs****",
    "review_id": "1056527",
    "movie_id": "10479"
  },
  {
    "review": "가슴으로감상하라.그럼 장예모가 전달하려는메시지를 알수있을것",
    "date": "06.08.19",
    "rating": "10",
    "author": "rhdc****",
    "review_id": "1055757",
    "movie_id": "10479"
  },
  {
    "review": "진부한 얘기를 예술로 만드는 중국적 탐미주의와 연출역량.",
    "date": "06.08.19",
    "rating": "7",
    "author": "hadl****",
    "review_id": "1055222",
    "movie_id": "10479"
  },
  {
    "review": "붉은 수수밭 속에서의 추억.",
    "date": "06.08.19",
    "rating": "10",
    "author": "jkh1****",
    "review_id": "1055062",
    "movie_id": "10479"
  }
]