[
  {
    "review": "원작을 보았다면 결코 칭찬할 수 없는 영화. 하지만 원작을 극화 했다는 것 만으로도 대단해서 5점은 준다.",
    "date": "15.08.19",
    "rating": "5",
    "author": "enig****",
    "review_id": "10251686",
    "movie_id": "10473"
  },
  {
    "review": "이런 영화를 그 뭐드라 그... 걸고 싶은데 작어. 걸작.",
    "date": "15.08.05",
    "rating": "10",
    "author": "uggo****",
    "review_id": "10187232",
    "movie_id": "10473"
  },
  {
    "review": "그러나 지금 이렇게 하얗게 늙어서도 지난 세월에서 떠오르는 수많은 얼굴 중에서 그 소녀의 얼굴이 가장 또렷한 게 부끄럽다 이 오랜 세월 동안 꿈에서 지울 수 없었던 얼굴 속세의 내 유일한 사랑이었던 그녀 그럼에도 지금까지 그녀의 이름을 알지 못한다",
    "date": "15.06.02",
    "rating": "10",
    "author": "nasu****",
    "review_id": "9969506",
    "movie_id": "10473"
  },
  {
    "review": "사람들의 하마평이 다 좋은 것은 아니지만.. 다 이유는 분명 있다..",
    "date": "15.05.23",
    "rating": "10",
    "author": "spar****",
    "review_id": "9940311",
    "movie_id": "10473"
  },
  {
    "review": "명작이 명화를 낳았다. 그리고  최고의 배우. 지적 신념과 신앙의 균형을 잃지 않으며 자신의 주장을 당당하게 말하는 윌리엄 신부, 그리고 숀 코너리. 원작과는 일부 다른 편집이 있기는 하지만 이 보다 더 원작을 충실하게 묘사할 수도 없을 것 같다.",
    "date": "15.01.06",
    "rating": "10",
    "author": "inth****",
    "review_id": "9567435",
    "movie_id": "10473"
  },
  {
    "review": "몰입도 100   책을  읽어서인지 더욱더 재미가",
    "date": "15.01.05",
    "rating": "10",
    "author": "kan3****",
    "review_id": "9563507",
    "movie_id": "10473"
  },
  {
    "review": "이 작품 때문에 댄 브라운이 나올수 있었다고 봄",
    "date": "14.12.28",
    "rating": "10",
    "author": "kimg****",
    "review_id": "9527996",
    "movie_id": "10473"
  },
  {
    "review": "몇 번을 봐도 졸리운 영화였다.",
    "date": "14.12.23",
    "rating": "6",
    "author": "dio3****",
    "review_id": "9502965",
    "movie_id": "10473"
  },
  {
    "review": "천재작가 움베르트에코의 빼어난 소설을 영화로 이토록 잘 만들었을까...소설 &  영화 모두 강강추!♤그래도 소설을 먼저 보시길~!",
    "date": "14.12.06",
    "rating": "10",
    "author": "yvet****",
    "review_id": "9453482",
    "movie_id": "10473"
  },
  {
    "review": "종교적 어두운면을 보여줘서 더 좋은거 같음",
    "date": "14.12.03",
    "rating": "7",
    "author": "do11****",
    "review_id": "9444091",
    "movie_id": "10473"
  },
  {
    "review": "소설 원작의 분위기를 잘 표현한 수작.",
    "date": "14.10.26",
    "rating": "8",
    "author": "tear****",
    "review_id": "9319814",
    "movie_id": "10473"
  },
  {
    "review": "크리스찬 슬레이터가 이렇게 귀여운시절이 ....",
    "date": "14.10.06",
    "rating": "9",
    "author": "loui****",
    "review_id": "9270305",
    "movie_id": "10473"
  },
  {
    "review": "종교의 어두운 단면과 두가지 다른 사랑을 대하는 종교인의 자세. 그리고 살인과 관련된 미스터리와 스릴.. 느슨하지만 텐션이 있었던 재밌는 작품이었다.",
    "date": "14.09.20",
    "rating": "10",
    "author": "heod****",
    "review_id": "9228045",
    "movie_id": "10473"
  },
  {
    "review": "책 자체도 굉장했지만 영화 역시 충실한 중세 고증이 매혹적이었고, 스토리 흐름도 긴박감 있게 잘 살려냈다. 원작가 에코  교수, 배우들, 감독, 스태프 모두에게 경의를 표하게 되던 영화.",
    "date": "14.09.09",
    "rating": "9",
    "author": "qwd8****",
    "review_id": "9193117",
    "movie_id": "10473"
  },
  {
    "review": "숀 코네리 연기만으로도 볼만하다.",
    "date": "14.08.29",
    "rating": "7",
    "author": "adiv****",
    "review_id": "9142959",
    "movie_id": "10473"
  },
  {
    "review": "원작 자체가 훌륭하고 영화도 그 원작을 충실하게 표현한 작품",
    "date": "14.08.24",
    "rating": "8",
    "author": "dan_****",
    "review_id": "9127522",
    "movie_id": "10473"
  },
  {
    "review": "좋은 원작 배우 감독 등이 잘 어우러져있다. 짧은 시간에 원작의 철학을 모두 보여주긴 힘들었을 것이다.",
    "date": "14.06.26",
    "rating": "9",
    "author": "jmp0****",
    "review_id": "8856517",
    "movie_id": "10473"
  },
  {
    "review": "아 정말 좋은 영화네요! 종교에 대하여 생각해보게 만드는",
    "date": "14.06.22",
    "rating": "10",
    "author": "clou****",
    "review_id": "8846478",
    "movie_id": "10473"
  },
  {
    "review": "여러분 영화도 좋지만 시간 되신다면 원작 소설도 읽어보세요.원작이 훨씬 재밌습니다^^",
    "date": "14.06.20",
    "rating": "10",
    "author": "dyrj****",
    "review_id": "8842249",
    "movie_id": "10473"
  },
  {
    "review": "단연 최고의 영화....",
    "date": "14.06.16",
    "rating": "10",
    "author": "saha****",
    "review_id": "8835611",
    "movie_id": "10473"
  },
  {
    "review": "우린 신앙이란 이름으로 얼마나 많은 잘못을 저지를까? 추천!",
    "date": "14.01.27",
    "rating": "9",
    "author": "pure****",
    "review_id": "8437334",
    "movie_id": "10473"
  },
  {
    "review": "종교의 이중성과 모순됨을 까발리는 스승과 제자의 두뇌와 기지..중세교회의 스산하고 엄숙한 묘사가 맘에 든다",
    "date": "14.01.19",
    "rating": "10",
    "author": "rkav****",
    "review_id": "8401466",
    "movie_id": "10473"
  },
  {
    "review": "소녀의 마지막 원망스런 눈빛",
    "date": "13.12.31",
    "rating": "10",
    "author": "gott****",
    "review_id": "8327160",
    "movie_id": "10473"
  },
  {
    "review": "이건진짜 와 내가 본 영화중에 제일제일제일제일제일 재밌고 스토리도 짜임새도 특히 남자주인공 연기 너무 잘함 진짜 좋음!!",
    "date": "13.12.04",
    "rating": "10",
    "author": "limm****",
    "review_id": "8189622",
    "movie_id": "10473"
  },
  {
    "review": "원작이 어려우면 영화로 보면 되지..",
    "date": "13.08.24",
    "rating": "9",
    "author": "tn99****",
    "review_id": "7917053",
    "movie_id": "10473"
  },
  {
    "review": "멋져요! 완벽",
    "date": "13.08.03",
    "rating": "10",
    "author": "clau****",
    "review_id": "7828824",
    "movie_id": "10473"
  },
  {
    "review": "당시 시대상을 잘 보여줘서 재밌고 또 숀 코네리의 추리를 보는 재미도 쏠쏠하다. 하지만 후반부에서 자칫 지루함이 몰려올 수 있다",
    "date": "13.07.29",
    "rating": "8",
    "author": "foun****",
    "review_id": "7796766",
    "movie_id": "10473"
  },
  {
    "review": "원작을 보지 못해서 내용의 충실도에 대해선 뭐라 할 순 없지만 영화가 흘러가는 완급조절이 참 좋았습니다! 배우들의 호연도, 마지막의 카타르시스도!! 종교인이 나오지만 신의 이야기가 아닌 영화.",
    "date": "13.05.01",
    "rating": "9",
    "author": "xell****",
    "review_id": "7497714",
    "movie_id": "10473"
  },
  {
    "review": "신화가 된 영화.",
    "date": "13.02.20",
    "rating": "10",
    "author": "dlwo****",
    "review_id": "7284515",
    "movie_id": "10473"
  },
  {
    "review": "정말 좋은 영화는 몇 번을 봐도 재미있는 영화이다.",
    "date": "13.02.13",
    "rating": "9",
    "author": "seli****",
    "review_id": "7260812",
    "movie_id": "10473"
  },
  {
    "review": "소설의 영화화가 어렵고",
    "date": "13.01.25",
    "rating": "7",
    "author": "clie****",
    "review_id": "7171791",
    "movie_id": "10473"
  },
  {
    "review": "다 좋은데 좀 지루하네",
    "date": "12.11.19",
    "rating": "7",
    "author": "dma9****",
    "review_id": "6906133",
    "movie_id": "10473"
  },
  {
    "review": "재밋게 잘봣고 중세 수도원에 대해서 많이 배워가게됨",
    "date": "12.11.05",
    "rating": "9",
    "author": "arar****",
    "review_id": "6857614",
    "movie_id": "10473"
  },
  {
    "review": "원작을 영상으로 옮기기 어렵다는건 알겠지만 그래도 너무 한다. 원작의 철학을 다 잘라내고 단순한 추리영화가 되어버렸다",
    "date": "12.10.13",
    "rating": "4",
    "author": "read****",
    "review_id": "6794079",
    "movie_id": "10473"
  },
  {
    "review": "요즘도 자신들의 믿음만 진리이고 다른 지식들은 이단이라고 믿는 것들이 많지",
    "date": "12.07.26",
    "rating": "9",
    "author": "reki****",
    "review_id": "6532945",
    "movie_id": "10473"
  },
  {
    "review": "아마 움베르토에코는 이시대에서 가장 똑똑한 석학중의 한명일듯....",
    "date": "12.06.03",
    "rating": "8",
    "author": "zx33****",
    "review_id": "6360633",
    "movie_id": "10473"
  },
  {
    "review": "아리스토텔레스의 권위 때문에 희극을 못보게 한 거임. 죄악이어서가 아니라.",
    "date": "12.04.15",
    "rating": "9",
    "author": "cree****",
    "review_id": "6224116",
    "movie_id": "10473"
  },
  {
    "review": "중세시대에서 아리스토텔레스는 죄악이였다.",
    "date": "12.04.10",
    "rating": "6",
    "author": "mazi****",
    "review_id": "6207137",
    "movie_id": "10473"
  },
  {
    "review": "그시대의 현실을 잘 보여주었다는 점에서 ....",
    "date": "12.04.10",
    "rating": "9",
    "author": "d273****",
    "review_id": "6206723",
    "movie_id": "10473"
  },
  {
    "review": "굿",
    "date": "12.03.28",
    "rating": "10",
    "author": "devi****",
    "review_id": "6174060",
    "movie_id": "10473"
  },
  {
    "review": "영화 도중 움베르토 에코의 이름이 언급된 순간 피식했다. 역시 재치쟁이",
    "date": "12.03.17",
    "rating": "8",
    "author": "kkm0****",
    "review_id": "6150929",
    "movie_id": "10473"
  },
  {
    "review": "진리를 위해 목숨을 건 수도사, 일족을 위해 몸을 바친 그녀 그리고...",
    "date": "12.03.04",
    "rating": "9",
    "author": "kusa****",
    "review_id": "6122628",
    "movie_id": "10473"
  },
  {
    "review": "몇년전에엠비씨에서명절특선으로방송했는데..끝까지못번게후회된다.책으로읽어야겠다",
    "date": "12.02.28",
    "rating": "8",
    "author": "jene****",
    "review_id": "6109135",
    "movie_id": "10473"
  },
  {
    "review": "원작을 이정도 담아 낸 것도 대단하다. 추천!",
    "date": "12.02.27",
    "rating": "9",
    "author": "9e0n****",
    "review_id": "6107591",
    "movie_id": "10473"
  },
  {
    "review": "최고의 작품이다 한번보고선 작품을 설명할수없다 일단 세번이상봐라  못보던 것들이보일것이다",
    "date": "12.01.31",
    "rating": "10",
    "author": "sung****",
    "review_id": "6038217",
    "movie_id": "10473"
  },
  {
    "review": "웃음. 엄숙함을 파괴하는 해악의 위대함",
    "date": "11.11.29",
    "rating": "7",
    "author": "rd72****",
    "review_id": "5876722",
    "movie_id": "10473"
  },
  {
    "review": "작품성 굿.",
    "date": "11.10.26",
    "rating": "10",
    "author": "gk2w****",
    "review_id": "5810846",
    "movie_id": "10473"
  },
  {
    "review": "최고! 난해해. 책은 난해해~",
    "date": "11.10.20",
    "rating": "10",
    "author": "jyjj****",
    "review_id": "5798747",
    "movie_id": "10473"
  },
  {
    "review": "중세시대와 종교, 철학에 대해 다시금 생각해 보게 되었다.",
    "date": "11.09.11",
    "rating": "8",
    "author": "angg****",
    "review_id": "5720869",
    "movie_id": "10473"
  },
  {
    "review": "가벼운 호기심부터 심오한 내용까지 담은 미스터리스릴러",
    "date": "11.07.02",
    "rating": "8",
    "author": "no13****",
    "review_id": "5515182",
    "movie_id": "10473"
  },
  {
    "review": "난해한 책을 이정도의 효율적 압축으로 연출한 것도 또다른 위대한 창작이다.",
    "date": "11.06.22",
    "rating": "10",
    "author": "brav****",
    "review_id": "5494160",
    "movie_id": "10473"
  },
  {
    "review": "잘 봤습니다^^",
    "date": "11.05.10",
    "rating": "10",
    "author": "gard****",
    "review_id": "5419717",
    "movie_id": "10473"
  },
  {
    "review": "그냥 책으로 보는게 10배는 나음",
    "date": "11.01.27",
    "rating": "6",
    "author": "0323****",
    "review_id": "5187530",
    "movie_id": "10473"
  },
  {
    "review": "차라리 책이 더 좋을 것을, 영상으로 옮기니 너무 침울하다",
    "date": "11.01.13",
    "rating": "7",
    "author": "cont****",
    "review_id": "5155425",
    "movie_id": "10473"
  },
  {
    "review": "흥미로운 중세 추리물",
    "date": "11.01.06",
    "rating": "9",
    "author": "yser****",
    "review_id": "5132953",
    "movie_id": "10473"
  },
  {
    "review": "수수께끼가 단순하다고 느끼는 건 원작을 오마쥬한 작품을 많이 접했기 때문이겠죠",
    "date": "10.12.21",
    "rating": "8",
    "author": "jej6****",
    "review_id": "5071540",
    "movie_id": "10473"
  },
  {
    "review": "수수께끼가 너무 단순하다는 점을 제외하면, 상당히 완성도가 높다..",
    "date": "10.11.07",
    "rating": "8",
    "author": "imf0****",
    "review_id": "4943005",
    "movie_id": "10473"
  },
  {
    "review": "중세 기독교 사회의 신화적인 속성에 대해서도 고찰해 볼 수 있었던 영화",
    "date": "10.11.04",
    "rating": "10",
    "author": "bsb9****",
    "review_id": "4938748",
    "movie_id": "10473"
  },
  {
    "review": "중세수도원의 암울한 분위기를 완벽히 재현한 유일무이한 걸작! DMR고화질판 충격두배",
    "date": "10.10.16",
    "rating": "10",
    "author": "iceb****",
    "review_id": "4905070",
    "movie_id": "10473"
  },
  {
    "review": "원작원작하는 바보들은 그냥 책을 읽어라. 120분에 책에서의 느낌을 어떻게 다 넣니..",
    "date": "10.10.11",
    "rating": "9",
    "author": "thor****",
    "review_id": "4897567",
    "movie_id": "10473"
  },
  {
    "review": "처음엔 난해했지만, 상당히 흥미로운 영화.....",
    "date": "10.10.05",
    "rating": "9",
    "author": "kkr5****",
    "review_id": "4885739",
    "movie_id": "10473"
  },
  {
    "review": "굉장히 섬세하게 잘만든 영화다 우너작만큼은 아니더라도....",
    "date": "10.08.11",
    "rating": "7",
    "author": "si2p****",
    "review_id": "4734742",
    "movie_id": "10473"
  },
  {
    "review": "킬링타임용으론 좋은 영화",
    "date": "10.07.16",
    "rating": "6",
    "author": "cheo****",
    "review_id": "4642869",
    "movie_id": "10473"
  },
  {
    "review": "재밌게 봤음~",
    "date": "10.07.07",
    "rating": "10",
    "author": "bree****",
    "review_id": "4618592",
    "movie_id": "10473"
  },
  {
    "review": "소설기대하면 아마 못미칠듯..영화만 놓고 본다면 충분히 볼만한 영화라고 생각됨.",
    "date": "10.06.20",
    "rating": "10",
    "author": "jesh****",
    "review_id": "4580504",
    "movie_id": "10473"
  },
  {
    "review": "<에코>의 원작은 따라갈수 없지만 정말 재밌었던 영화",
    "date": "10.06.11",
    "rating": "10",
    "author": "penc****",
    "review_id": "4559607",
    "movie_id": "10473"
  },
  {
    "review": "원작만큼의 깊이를 기대한다면 졸작, 비주얼 쪽에 좀더 관심을 가진다면 평작 이상",
    "date": "10.06.06",
    "rating": "7",
    "author": "mygr****",
    "review_id": "4547688",
    "movie_id": "10473"
  },
  {
    "review": "아쉬운 각색, 뛰어난 미술적 감각",
    "date": "10.05.19",
    "rating": "5",
    "author": "goms****",
    "review_id": "4509832",
    "movie_id": "10473"
  },
  {
    "review": "나도 독실한크리스찬슬레이터처럼 살아야겠다고 느낀작품",
    "date": "10.04.29",
    "rating": "10",
    "author": "se77****",
    "review_id": "4463300",
    "movie_id": "10473"
  },
  {
    "review": "소설에서 말하고자 하는 핵심은 다 놓쳐버린 영화",
    "date": "10.04.12",
    "rating": "5",
    "author": "sans****",
    "review_id": "4429521",
    "movie_id": "10473"
  },
  {
    "review": "100점짜리 원작 소설을 50점으로 만들어버린 영화",
    "date": "10.03.29",
    "rating": "10",
    "author": "yosh****",
    "review_id": "4396656",
    "movie_id": "10473"
  },
  {
    "review": "원작만큼은 아니지만 나름의 재미가 있는 영화",
    "date": "10.03.24",
    "rating": "9",
    "author": "come****",
    "review_id": "4384063",
    "movie_id": "10473"
  },
  {
    "review": "진짜 원작을 봐야한다.",
    "date": "10.02.27",
    "rating": "6",
    "author": "bin0****",
    "review_id": "4322363",
    "movie_id": "10473"
  },
  {
    "review": "원작을 보지 않아 비교할 수 없으나 영화 만으로도 충분히 마스터피스",
    "date": "10.02.23",
    "rating": "10",
    "author": "kkya****",
    "review_id": "4312218",
    "movie_id": "10473"
  },
  {
    "review": "원작이 워낙 뛰어난 터라 영화화에 그닥 큰 기대를 걸지 않고 본 게 사실.",
    "date": "10.02.15",
    "rating": "7",
    "author": "miki****",
    "review_id": "4284743",
    "movie_id": "10473"
  },
  {
    "review": "뭔가 있는듯 했으나 별로 없는",
    "date": "10.01.26",
    "rating": "5",
    "author": "lead****",
    "review_id": "4210319",
    "movie_id": "10473"
  },
  {
    "review": "별 한개도 아깝다..원작 소설의 1/100도 못따라간 영화..",
    "date": "09.12.13",
    "rating": "1",
    "author": "eroi****",
    "review_id": "4039084",
    "movie_id": "10473"
  },
  {
    "review": "책을 먼저 보니 영화에 대한 평가가 힘들군",
    "date": "09.12.09",
    "rating": "8",
    "author": "jayu****",
    "review_id": "4031096",
    "movie_id": "10473"
  },
  {
    "review": "1번볼때와 2번째볼때의 느낌이 확! 다른영화 자꾸보면 볼수록 이해도가 높아지는 영화",
    "date": "09.10.27",
    "rating": "10",
    "author": "sost****",
    "review_id": "3918760",
    "movie_id": "10473"
  },
  {
    "review": "장자끄아노는 비쥬얼적으로 인정받는 감독이다..고증과 스토리 구성이 훌륭했던영화",
    "date": "09.09.18",
    "rating": "7",
    "author": "thra****",
    "review_id": "3836808",
    "movie_id": "10473"
  },
  {
    "review": "유럽문화에 대해 깊게 알고 더 생각해보게해준영화..",
    "date": "09.09.12",
    "rating": "8",
    "author": "fore****",
    "review_id": "3825943",
    "movie_id": "10473"
  },
  {
    "review": "살인사건이 전부가 아니다. 영화 내 모든 것이 중요하다.",
    "date": "09.07.11",
    "rating": "10",
    "author": "chc2****",
    "review_id": "3623291",
    "movie_id": "10473"
  },
  {
    "review": "많은생각을해주게 하는영화",
    "date": "09.06.29",
    "rating": "10",
    "author": "zass****",
    "review_id": "3600942",
    "movie_id": "10473"
  },
  {
    "review": "옛날 영화라 그런지 연출은 좀...",
    "date": "09.06.13",
    "rating": "8",
    "author": "mike****",
    "review_id": "3562109",
    "movie_id": "10473"
  },
  {
    "review": "아노 감독은 대단한 사람 수작은 아니더라도 괜잖은 영화",
    "date": "09.06.12",
    "rating": "8",
    "author": "fhll****",
    "review_id": "3560362",
    "movie_id": "10473"
  },
  {
    "review": "종교에 대한 관념을 다시 돌이키게 하는 영화!",
    "date": "09.05.21",
    "rating": "10",
    "author": "whit****",
    "review_id": "3510503",
    "movie_id": "10473"
  },
  {
    "review": "너무 기대를 했나...원작만 못한느낌..뭐 스토리 이해에는 나쁘지 않은듯",
    "date": "09.05.12",
    "rating": "6",
    "author": "ctrl****",
    "review_id": "3490863",
    "movie_id": "10473"
  },
  {
    "review": "내 기대가 너무 컸는지 생각보다 별로였다 차라리 책을 읽어야겠군",
    "date": "09.05.03",
    "rating": "4",
    "author": "myiv****",
    "review_id": "3462017",
    "movie_id": "10473"
  },
  {
    "review": "방대한 원작을 잘 요약한 축약본. 꼭 이후 원작을 보시라!!!",
    "date": "09.04.26",
    "rating": "10",
    "author": "spee****",
    "review_id": "3441636",
    "movie_id": "10473"
  },
  {
    "review": "중세수도사들 나오는 영화를 좋아하는 분들은 무조건 오케이....",
    "date": "09.04.24",
    "rating": "10",
    "author": "mood****",
    "review_id": "3438343",
    "movie_id": "10473"
  },
  {
    "review": "어디서 보셨나요,,? ㅜ",
    "date": "09.04.23",
    "rating": "10",
    "author": "manh****",
    "review_id": "3436402",
    "movie_id": "10473"
  },
  {
    "review": "일단 재밌네요.",
    "date": "09.04.23",
    "rating": "10",
    "author": "diri****",
    "review_id": "3436142",
    "movie_id": "10473"
  },
  {
    "review": "재밌었다 조금 지루한감이 있긴했지만은 ! 흥미진진",
    "date": "09.03.31",
    "rating": "10",
    "author": "indr****",
    "review_id": "3398327",
    "movie_id": "10473"
  },
  {
    "review": "원작을 그럭저럭 잘 살린 괜찮은 영화",
    "date": "09.03.13",
    "rating": "7",
    "author": "cnsy****",
    "review_id": "3363197",
    "movie_id": "10473"
  },
  {
    "review": "내가 죽기전에 이 영화를 봐서 정말 다행이다! 보는내내 치밀한 구성에 혀를내뺐다",
    "date": "09.02.14",
    "rating": "10",
    "author": "skrt****",
    "review_id": "3303316",
    "movie_id": "10473"
  },
  {
    "review": "쿄쿄~십점만점에 십점!!",
    "date": "09.02.09",
    "rating": "10",
    "author": "leo8****",
    "review_id": "3290991",
    "movie_id": "10473"
  },
  {
    "review": "좋은 원작, 좋은 감독, 좋은 배우가 어우러진 영화",
    "date": "09.01.20",
    "rating": "9",
    "author": "holo****",
    "review_id": "3234188",
    "movie_id": "10473"
  },
  {
    "review": "어리석은 자들은 제 웃음으로 목청을 채운다는 대사. 작가적 상상력이 정말 대단하다",
    "date": "09.01.04",
    "rating": "10",
    "author": "moon****",
    "review_id": "3187203",
    "movie_id": "10473"
  },
  {
    "review": "움베르트의 천재성을 나타내는데 영화로 분명 한계가 있다 비교적 잘 만든 작품",
    "date": "08.12.11",
    "rating": "8",
    "author": "deff****",
    "review_id": "3106701",
    "movie_id": "10473"
  },
  {
    "review": "영화화에 박수를 쳐주고 싶지만, 전체적인 틀은 실망스럽다,",
    "date": "08.11.25",
    "rating": "5",
    "author": "ghdl****",
    "review_id": "3071517",
    "movie_id": "10473"
  }
]