[
  {
    "review": "몽타주로 표현한 혁명의 강렬함과 역동성",
    "date": "15.06.29",
    "rating": "8",
    "author": "kusa****",
    "review_id": "10052081",
    "movie_id": "10470"
  },
  {
    "review": "내용이 소비에트 혁명을 담고있어도 이 영화에 나온 몽타주 기법이나 작품성은 시대를 초월한다...명작이라 평가받을 만하다.",
    "date": "14.05.06",
    "rating": "10",
    "author": "31to****",
    "review_id": "8710446",
    "movie_id": "10470"
  },
  {
    "review": "오늘도 이 영화는 영화과 학생들을 영원히 고통받게 함니다오늘도 이 영화는 영화과 학생들을 영원히 고통받게 함니다오늘도 이 영화는 영화과 학생들을 영원히 고통받게 함니다오늘도 이 영화는 영화과 학생들을 영원히 고통받게 함니다오늘도 이 영화는 영화과 학생",
    "date": "14.04.22",
    "rating": "7",
    "author": "bruc****",
    "review_id": "8666047",
    "movie_id": "10470"
  },
  {
    "review": "오늘도 이 영화는 영화과 학생들을 영원히 고통받게 함니다",
    "date": "14.04.16",
    "rating": "7",
    "author": "seco****",
    "review_id": "8653481",
    "movie_id": "10470"
  },
  {
    "review": "이건 또하나의 '국가의 탄생'이며, '의지의 승리'는 아닐런지...",
    "date": "13.11.11",
    "rating": "7",
    "author": "ykdi****",
    "review_id": "8132887",
    "movie_id": "10470"
  },
  {
    "review": "명작. 몽타주고 뭐고 너무 재밌다.",
    "date": "13.07.26",
    "rating": "8",
    "author": "boyc****",
    "review_id": "7788069",
    "movie_id": "10470"
  },
  {
    "review": "오데사의 계단 시민학살 장면이 하이라이트인듯! 몽타주 기법의 최고봉입니다! 에이젠슈타인과 히치콕은 고전영화사의 거장.",
    "date": "13.06.23",
    "rating": "9",
    "author": "art1****",
    "review_id": "7671632",
    "movie_id": "10470"
  },
  {
    "review": "미안하지만 전함 야마토가 더 쎔",
    "date": "13.03.11",
    "rating": "7",
    "author": "bali****",
    "review_id": "7339902",
    "movie_id": "10470"
  },
  {
    "review": "잘 만든 프로파간다 영화의 효시.",
    "date": "12.12.26",
    "rating": "8",
    "author": "tear****",
    "review_id": "7050209",
    "movie_id": "10470"
  },
  {
    "review": "그 유명한 장면은 전율이다.",
    "date": "12.07.12",
    "rating": "9",
    "author": "dlwo****",
    "review_id": "6471369",
    "movie_id": "10470"
  },
  {
    "review": "재미있는 영화일줄은 몰랐다. 걍 졸리는 옛날영활줄 알았는데",
    "date": "12.04.11",
    "rating": "10",
    "author": "nang****",
    "review_id": "6207979",
    "movie_id": "10470"
  },
  {
    "review": "동시대 감독인 지가 베르토프의 '카메라를 든 사나이'가 훨씬 더 좋았다.",
    "date": "12.03.30",
    "rating": "6",
    "author": "leel****",
    "review_id": "6179283",
    "movie_id": "10470"
  },
  {
    "review": "무성영화인데 지루함 전혀 없이 사실감이 있고 계단에서의 학살하는 장면은 꽤 충격적",
    "date": "12.02.26",
    "rating": "10",
    "author": "02mu****",
    "review_id": "6105520",
    "movie_id": "10470"
  },
  {
    "review": "혁명적인 고전이지만 영화가 강요하는 의미는 글쎄..",
    "date": "11.11.25",
    "rating": "7",
    "author": "wolf****",
    "review_id": "5869222",
    "movie_id": "10470"
  },
  {
    "review": "충각이 내 머리를 그대로 받아버리는구나. 충격에서 헤어나오지 못했다",
    "date": "11.09.18",
    "rating": "9",
    "author": "swat****",
    "review_id": "5738433",
    "movie_id": "10470"
  },
  {
    "review": "재밌게 봄",
    "date": "11.08.17",
    "rating": "8",
    "author": "naeg****",
    "review_id": "5663921",
    "movie_id": "10470"
  },
  {
    "review": "영화의 아버지 에이젠슈타인",
    "date": "11.08.05",
    "rating": "9",
    "author": "rd72****",
    "review_id": "5606112",
    "movie_id": "10470"
  },
  {
    "review": "샷의 연결이 아닌 충돌만큼이나 거룩한 제목 또한 인상적이구려",
    "date": "11.06.06",
    "rating": "10",
    "author": "2pup****",
    "review_id": "5466870",
    "movie_id": "10470"
  },
  {
    "review": "1925년작 영화야 이게???? 보면서 편집이나 화명구성에 놀람..",
    "date": "11.05.16",
    "rating": "10",
    "author": "2hee****",
    "review_id": "5431814",
    "movie_id": "10470"
  },
  {
    "review": "진정한 클래식!",
    "date": "11.04.13",
    "rating": "10",
    "author": "thec****",
    "review_id": "5371791",
    "movie_id": "10470"
  },
  {
    "review": "러시아영화의 가치 . 몽타주기법으로 세계를 놀라게한영화",
    "date": "11.01.24",
    "rating": "10",
    "author": "zhsm****",
    "review_id": "5181680",
    "movie_id": "10470"
  },
  {
    "review": "완성도란 이런 것이다",
    "date": "10.10.15",
    "rating": "10",
    "author": "thed****",
    "review_id": "4904478",
    "movie_id": "10470"
  },
  {
    "review": "영화사적인 면에서만 가치가 있는 작품.",
    "date": "10.01.17",
    "rating": "6",
    "author": "jjyn****",
    "review_id": "4178910",
    "movie_id": "10470"
  },
  {
    "review": "리얼리즘 미학을 스크린에 접목시킨 영화의 교과서",
    "date": "10.01.01",
    "rating": "9",
    "author": "mygr****",
    "review_id": "4115171",
    "movie_id": "10470"
  },
  {
    "review": "세계 최초의 블록버스터 영화",
    "date": "09.12.31",
    "rating": "8",
    "author": "qmfk****",
    "review_id": "4111637",
    "movie_id": "10470"
  },
  {
    "review": "혁명세대가 아니고 흑백의 무성영화라서 그런지 전혀 감정이입이 되지 않았다.",
    "date": "09.09.13",
    "rating": "4",
    "author": "cinc****",
    "review_id": "3827158",
    "movie_id": "10470"
  },
  {
    "review": "에이젠스타인의 몽타주이론을 과감히 실현시킨 작품.",
    "date": "09.05.19",
    "rating": "9",
    "author": "wjdd****",
    "review_id": "3507372",
    "movie_id": "10470"
  },
  {
    "review": "정치색이 강하지만 영화자체 재미있다. 오데사 계단씬 압권이고 전함 내부묘사 리얼함",
    "date": "09.02.03",
    "rating": "8",
    "author": "bepl****",
    "review_id": "3274925",
    "movie_id": "10470"
  },
  {
    "review": "역사적인영화^-^",
    "date": "09.01.24",
    "rating": "10",
    "author": "seal****",
    "review_id": "3245084",
    "movie_id": "10470"
  },
  {
    "review": "눈물 없이는 볼 수가 없는 궁극의 편집!",
    "date": "09.01.21",
    "rating": "10",
    "author": "pola****",
    "review_id": "3237698",
    "movie_id": "10470"
  },
  {
    "review": "혁명은 억눌렸던 분노의 갑작스런 폭발이다. 놀라운 작품!",
    "date": "08.12.18",
    "rating": "8",
    "author": "hany****",
    "review_id": "3126628",
    "movie_id": "10470"
  },
  {
    "review": "꼭봐야할꺼.",
    "date": "08.12.06",
    "rating": "10",
    "author": "newj****",
    "review_id": "3093821",
    "movie_id": "10470"
  },
  {
    "review": "이건 완전 걸작이잖아~!!",
    "date": "08.08.16",
    "rating": "10",
    "author": "yuly****",
    "review_id": "2877862",
    "movie_id": "10470"
  },
  {
    "review": "예술적인 구쏘련 사회주의 정훈비디오",
    "date": "08.08.08",
    "rating": "10",
    "author": "melo****",
    "review_id": "2848913",
    "movie_id": "10470"
  },
  {
    "review": "이것이 1920년대 만들어진 영화라는게 말이되는가? 충돌의몽타주의 모든것이다.",
    "date": "08.07.06",
    "rating": "8",
    "author": "love****",
    "review_id": "2742980",
    "movie_id": "10470"
  },
  {
    "review": "완전 완소영화... 1925년도에 만들어진 작품이라고는 생각이 안든다... 최고다..!!",
    "date": "08.06.05",
    "rating": "10",
    "author": "grut****",
    "review_id": "2681472",
    "movie_id": "10470"
  },
  {
    "review": "혁명 선전물로 보기엔 그 미학적 감수성이 너무나도 뛰어났다.",
    "date": "08.04.24",
    "rating": "7",
    "author": "tekk****",
    "review_id": "2595922",
    "movie_id": "10470"
  },
  {
    "review": "영화사상 최고의 명장면으로 남을 오데사의 계단...............",
    "date": "08.01.26",
    "rating": "10",
    "author": "oran****",
    "review_id": "2373210",
    "movie_id": "10470"
  },
  {
    "review": "영화사적 의미만 남는다.",
    "date": "07.11.18",
    "rating": "6",
    "author": "kuic****",
    "review_id": "2161769",
    "movie_id": "10470"
  },
  {
    "review": "몽타주 기법의 시작",
    "date": "07.10.30",
    "rating": "10",
    "author": "khs8****",
    "review_id": "2122014",
    "movie_id": "10470"
  },
  {
    "review": "이건 그야말로 전설이다... 25년에 만들어진 영화라니!!",
    "date": "07.10.30",
    "rating": "10",
    "author": "jhj8****",
    "review_id": "2121995",
    "movie_id": "10470"
  },
  {
    "review": "6분간의혁명,그리고쇼스타코비치...",
    "date": "07.09.14",
    "rating": "9",
    "author": "wnsg****",
    "review_id": "2019587",
    "movie_id": "10470"
  },
  {
    "review": "기막힌몽타주",
    "date": "07.08.12",
    "rating": "10",
    "author": "sfeb****",
    "review_id": "1926467",
    "movie_id": "10470"
  },
  {
    "review": "1925년에 이런 영화가.",
    "date": "07.08.12",
    "rating": "10",
    "author": "cjw2****",
    "review_id": "1925289",
    "movie_id": "10470"
  },
  {
    "review": "러시아 혁명과 영화를 공부하는 사람은 필수관람. 아이젠슈타인의 역작.",
    "date": "07.07.26",
    "rating": "10",
    "author": "pant****",
    "review_id": "1812280",
    "movie_id": "10470"
  },
  {
    "review": "재미 완젼 없음",
    "date": "07.07.16",
    "rating": "1",
    "author": "dign****",
    "review_id": "1781720",
    "movie_id": "10470"
  },
  {
    "review": "좋다길래 봤다...좋은건지나쁜건지.. 잘모르겠다..",
    "date": "07.06.19",
    "rating": "7",
    "author": "drd1****",
    "review_id": "1709489",
    "movie_id": "10470"
  },
  {
    "review": "솔직히 재미는 없자나. ㅋㅋ",
    "date": "07.06.06",
    "rating": "7",
    "author": "imlo****",
    "review_id": "1686559",
    "movie_id": "10470"
  },
  {
    "review": "밑에 글 제대로다 -_-",
    "date": "07.05.30",
    "rating": "8",
    "author": "u2dk****",
    "review_id": "1673008",
    "movie_id": "10470"
  },
  {
    "review": "영화내공 향상을 위해 이를 악물고.. 감내해야할 성장통",
    "date": "07.04.28",
    "rating": "4",
    "author": "down****",
    "review_id": "1610168",
    "movie_id": "10470"
  },
  {
    "review": "옛날 영화지만... 그래도 지금봐도 재미있다!",
    "date": "07.04.22",
    "rating": "10",
    "author": "vict****",
    "review_id": "1601519",
    "movie_id": "10470"
  },
  {
    "review": "말이 필요없다. 그 급진성을 온몸으로 느껴보라.",
    "date": "07.04.12",
    "rating": "10",
    "author": "jeta****",
    "review_id": "1584058",
    "movie_id": "10470"
  },
  {
    "review": "율동의/운율의/음조의/배음의/지적인 몽타주",
    "date": "07.03.29",
    "rating": "10",
    "author": "yana****",
    "review_id": "1560489",
    "movie_id": "10470"
  },
  {
    "review": "사실 이런건 점수고 뭐고.",
    "date": "07.03.20",
    "rating": "10",
    "author": "rap4****",
    "review_id": "1545034",
    "movie_id": "10470"
  },
  {
    "review": "몽타주 이론을 완성시킨 영화편집의 교과서",
    "date": "07.03.15",
    "rating": "10",
    "author": "oklo****",
    "review_id": "1534679",
    "movie_id": "10470"
  },
  {
    "review": "선동영화로만 보기에는, 인간 본연에 대한 존중이 감동적이다",
    "date": "06.12.22",
    "rating": "10",
    "author": "sioh****",
    "review_id": "1312419",
    "movie_id": "10470"
  },
  {
    "review": "21세기의 관객은 영화사적 의미밖에 찾아내질 못했답니다.",
    "date": "06.12.07",
    "rating": "7",
    "author": "gold****",
    "review_id": "1273867",
    "movie_id": "10470"
  },
  {
    "review": "오래된 무성영화에서 많은걸 배울 수 있다",
    "date": "06.10.27",
    "rating": "10",
    "author": "sime****",
    "review_id": "1201748",
    "movie_id": "10470"
  },
  {
    "review": "내가 주는 평점은 재미가 있느냐 없느냐.",
    "date": "06.08.24",
    "rating": "7",
    "author": "supe****",
    "review_id": "1073372",
    "movie_id": "10470"
  },
  {
    "review": "명작",
    "date": "06.08.11",
    "rating": "8",
    "author": "pawr****",
    "review_id": "999207",
    "movie_id": "10470"
  },
  {
    "review": "80년전 사람들의 의식을 느끼게 해주는 타임머신과 같은 영화",
    "date": "06.07.05",
    "rating": "10",
    "author": "assa****",
    "review_id": "871568",
    "movie_id": "10470"
  },
  {
    "review": "흑백임에도 너무도 강렬한 영상, 터질 듯 하다.",
    "date": "06.05.19",
    "rating": "9",
    "author": "hadl****",
    "review_id": "806162",
    "movie_id": "10470"
  },
  {
    "review": "영화사 수업에 빼질수 없는 포템킨과 시민케인",
    "date": "06.05.14",
    "rating": "10",
    "author": "3694****",
    "review_id": "799263",
    "movie_id": "10470"
  },
  {
    "review": "대단한 선동영화지만 감탄했다.",
    "date": "06.05.10",
    "rating": "10",
    "author": "spad****",
    "review_id": "794203",
    "movie_id": "10470"
  },
  {
    "review": "영화사의 초창기..연기력, 블록버스터, 앵글, 표현력...Good..",
    "date": "06.04.09",
    "rating": "10",
    "author": "risa****",
    "review_id": "755647",
    "movie_id": "10470"
  },
  {
    "review": "레닌사상을 바탕으로 짜리즘에 대항한 기법좋은 혁명서",
    "date": "06.02.27",
    "rating": "10",
    "author": "jals****",
    "review_id": "694755",
    "movie_id": "10470"
  },
  {
    "review": "1920년대에 나온 영화라고는 믿기지가 않는다",
    "date": "06.02.06",
    "rating": "6",
    "author": "okjo****",
    "review_id": "651478",
    "movie_id": "10470"
  },
  {
    "review": "시도는 좋지만 너무 긴장감을 높이려 질질끈 장면도 없지않아.",
    "date": "06.01.16",
    "rating": "9",
    "author": "nobu****",
    "review_id": "592121",
    "movie_id": "10470"
  },
  {
    "review": "엄청 재미없는 건 아니지만.. 볼 때마다 감탄한다..",
    "date": "05.09.24",
    "rating": "8",
    "author": "idda****",
    "review_id": "420639",
    "movie_id": "10470"
  },
  {
    "review": "영화의 혁명",
    "date": "05.06.18",
    "rating": "10",
    "author": "nnal****",
    "review_id": "301873",
    "movie_id": "10470"
  },
  {
    "review": "무성영화지만 정말 잘만들었다!",
    "date": "05.04.19",
    "rating": "10",
    "author": "lakt****",
    "review_id": "262697",
    "movie_id": "10470"
  },
  {
    "review": "몽타쥬 기법의 본보기를 보여준다..",
    "date": "05.02.13",
    "rating": "10",
    "author": "tjsd****",
    "review_id": "218742",
    "movie_id": "10470"
  },
  {
    "review": "`구더기`가 혁명을 일으켰다.",
    "date": "04.10.01",
    "rating": "8",
    "author": "dio3****",
    "review_id": "118545",
    "movie_id": "10470"
  },
  {
    "review": "당시로는 상상할 수 없었던 리듬감과 속도감이 있다.",
    "date": "04.09.21",
    "rating": "9",
    "author": "ruby****",
    "review_id": "112356",
    "movie_id": "10470"
  },
  {
    "review": "글쎄...남는건 오데사 계단 장면....",
    "date": "04.07.24",
    "rating": "10",
    "author": "klux****",
    "review_id": "76276",
    "movie_id": "10470"
  },
  {
    "review": "현대인들이 본다면 색다를 영화일 것이다..",
    "date": "04.07.01",
    "rating": "10",
    "author": "jcr3****",
    "review_id": "63482",
    "movie_id": "10470"
  },
  {
    "review": "현대감성으로는 보기 좀.. 그러나 그 파격적인 영상시각~!",
    "date": "04.06.17",
    "rating": "10",
    "author": "dsd1****",
    "review_id": "55640",
    "movie_id": "10470"
  }
]