[
  {
    "review": "이게 바로 교육후진국의 평점이지, 당췌 금성비디오와 영화평점이 무슨 관계냐.. 요새 보라면 아무도 못본다. 자녀가 말썽 피우면 벌로 이거 다보게 하면 다시는 안그럴것.",
    "date": "15.03.15",
    "rating": "1",
    "author": "mich****",
    "review_id": "9785433",
    "movie_id": "10472"
  },
  {
    "review": "돈만 노리는 헐리웃 영화에는 없는 진한 감동이 있었죠, 전 금성 비디오 사니까 신최가박당이랑 같이 줬었다는 정말 두고두고 봤던 감동적인 영화",
    "date": "14.11.21",
    "rating": "10",
    "author": "fant****",
    "review_id": "9406849",
    "movie_id": "10472"
  },
  {
    "review": "골드스타와 유년기를 보낸 사람이라면 당연히 함께한 추억의 영화ㅋㅋ지금 다시 보는 중인데 내용이 새록새록 기억남..눈물이 난다",
    "date": "14.11.16",
    "rating": "10",
    "author": "tlat****",
    "review_id": "9389030",
    "movie_id": "10472"
  },
  {
    "review": "영화도좋았지만 음악도너무좋은 영화",
    "date": "14.11.08",
    "rating": "10",
    "author": "tkaw****",
    "review_id": "9357577",
    "movie_id": "10472"
  },
  {
    "review": "여기가 금성향우회인가요",
    "date": "14.06.30",
    "rating": "10",
    "author": "uhmj****",
    "review_id": "8870011",
    "movie_id": "10472"
  },
  {
    "review": "금성티비 1人 추가요 ㅋㅋ어릴때 정말 테이프가 늘어날때까지 보고또보고 했던 영화,,다시 보고싶네요~",
    "date": "14.05.27",
    "rating": "10",
    "author": "drun****",
    "review_id": "8769580",
    "movie_id": "10472"
  },
  {
    "review": "유투브에 자막없는 원작을 다시 찾아 봤는데도  모든 장면마다의 대사를 이해하는데 전혀 어려움 없을 만큼 수십번 보았던 추억의 영화",
    "date": "14.05.21",
    "rating": "10",
    "author": "anan****",
    "review_id": "8752203",
    "movie_id": "10472"
  },
  {
    "review": "그럭저럭 킬링타임용에 그치는군",
    "date": "13.10.01",
    "rating": "6",
    "author": "guev****",
    "review_id": "8025519",
    "movie_id": "10472"
  },
  {
    "review": "ㅂㅅ같은 애들이랑 엮이지 말자!",
    "date": "13.09.11",
    "rating": "6",
    "author": "tn99****",
    "review_id": "7965102",
    "movie_id": "10472"
  },
  {
    "review": "부성애+코믹. 그들이 함께 잘 살았으면 하는 바람",
    "date": "12.10.03",
    "rating": "9",
    "author": "enco****",
    "review_id": "6755935",
    "movie_id": "10472"
  },
  {
    "review": "볼만한 코미디 범죄 영화",
    "date": "12.09.10",
    "rating": "8",
    "author": "figh****",
    "review_id": "6685269",
    "movie_id": "10472"
  },
  {
    "review": "그냥 나도 모르게 눈물이~",
    "date": "12.06.16",
    "rating": "10",
    "author": "kmhh****",
    "review_id": "6396523",
    "movie_id": "10472"
  },
  {
    "review": "10",
    "date": "11.08.16",
    "rating": "10",
    "author": "suck****",
    "review_id": "5657270",
    "movie_id": "10472"
  },
  {
    "review": "엉성함 속에 짠한 장면도 한둘 있다. 한글제목은 기절할 노릇.. 뉘 짓인지..",
    "date": "11.02.24",
    "rating": "4",
    "author": "pria****",
    "review_id": "5270958",
    "movie_id": "10472"
  },
  {
    "review": "쟌느야 보고 싶다~~",
    "date": "10.12.26",
    "rating": "10",
    "author": "baep****",
    "review_id": "5086565",
    "movie_id": "10472"
  },
  {
    "review": "금성TV 사면서 오게된 비디오. 어렸을 쩍 재미있어서 계속 무한 반복했던 추억.",
    "date": "10.12.07",
    "rating": "10",
    "author": "nuri****",
    "review_id": "5032552",
    "movie_id": "10472"
  },
  {
    "review": "'퍼펙트월드'보다 헐 낫다.",
    "date": "10.10.15",
    "rating": "10",
    "author": "yytt****",
    "review_id": "4904206",
    "movie_id": "10472"
  },
  {
    "review": "초딩때 선생님이 틀어준 영화..아직도 생생하다",
    "date": "10.08.11",
    "rating": "10",
    "author": "sos2****",
    "review_id": "4735035",
    "movie_id": "10472"
  },
  {
    "review": "금성인이여 모여라!!",
    "date": "10.07.21",
    "rating": "10",
    "author": "kele****",
    "review_id": "4657223",
    "movie_id": "10472"
  },
  {
    "review": "다들 똑같은 경로로 봤군요ㅋㅋ 저도 비디오 살 때 받은 테이프로 봤는데 넘 재밌었음",
    "date": "10.07.04",
    "rating": "10",
    "author": "redo****",
    "review_id": "4609761",
    "movie_id": "10472"
  },
  {
    "review": "나도 비디오살 때 공짜로 받음.. 91년...ㅋㅋㅋ",
    "date": "10.06.27",
    "rating": "10",
    "author": "ubre****",
    "review_id": "4594688",
    "movie_id": "10472"
  },
  {
    "review": "코믹한 상황에서도 감동을 이끌어내는 재주가 놀랍다",
    "date": "10.06.13",
    "rating": "9",
    "author": "mygr****",
    "review_id": "4563279",
    "movie_id": "10472"
  },
  {
    "review": "감동과재미를동시에잡는놀라운영화!",
    "date": "10.05.10",
    "rating": "10",
    "author": "wood****",
    "review_id": "4491739",
    "movie_id": "10472"
  },
  {
    "review": "비디오살때 88올림픽이랑 둘중고르라고해서 공짜소장하게됏는데 의외로엄청난재미가ㅋ",
    "date": "10.03.29",
    "rating": "10",
    "author": "wall****",
    "review_id": "4396783",
    "movie_id": "10472"
  },
  {
    "review": "완전 재밌었어. 가끔 생각난다는...",
    "date": "10.03.06",
    "rating": "10",
    "author": "auau****",
    "review_id": "4338256",
    "movie_id": "10472"
  },
  {
    "review": "영화도 영화지만 영화음악이 너무 좋다.",
    "date": "09.11.09",
    "rating": "10",
    "author": "jmp0****",
    "review_id": "3946774",
    "movie_id": "10472"
  },
  {
    "review": "우와 ~ 나도 완전 어렸을때 금성 비디오 사서 본건데~지금도 잊혀지지 않는 영환데 ㅋ",
    "date": "09.08.15",
    "rating": "10",
    "author": "hyun****",
    "review_id": "3749544",
    "movie_id": "10472"
  },
  {
    "review": "저두 이거 어렷을때 금성 비디오 사서 보게된건데..  다운받는곳도 찾기힘들고 ㅜ.ㅜ",
    "date": "09.08.13",
    "rating": "10",
    "author": "mich****",
    "review_id": "3743794",
    "movie_id": "10472"
  },
  {
    "review": "금성이라봤지만 비디오가 없어서 최근에 pc로 봤는데 그때 그감동은 잊을수가 없음..",
    "date": "09.07.04",
    "rating": "10",
    "author": "tukk****",
    "review_id": "3608987",
    "movie_id": "10472"
  },
  {
    "review": "나도 금성비디오사서 보게된사람인데 ㅋㅋ 진짜신기하다 ㅋㅋㅋㅋㅋㅋㅋㅋㅋ",
    "date": "09.06.19",
    "rating": "8",
    "author": "newc****",
    "review_id": "3574681",
    "movie_id": "10472"
  },
  {
    "review": "다들 보게되신 경로가 비슷 저역시 금성비디오 살때.. 많은의미가 있는영화.",
    "date": "09.04.02",
    "rating": "10",
    "author": "kwan****",
    "review_id": "3400049",
    "movie_id": "10472"
  },
  {
    "review": "저도 어릴떄 아빠가 사다주셔서 매일봤던건데ㅋㅋ 다시 보고싶어요 이 영화",
    "date": "09.03.08",
    "rating": "10",
    "author": "haze****",
    "review_id": "3354134",
    "movie_id": "10472"
  },
  {
    "review": "시작은 미약하나 끝은 창대하다랄까 재밌었다.",
    "date": "09.02.24",
    "rating": "10",
    "author": "nms9****",
    "review_id": "3330174",
    "movie_id": "10472"
  },
  {
    "review": "진짜 어렸을때 비디오사면서 딸려왔던 테이프인데 10번도 넘게 본 기억이..",
    "date": "08.12.12",
    "rating": "10",
    "author": "jkh0****",
    "review_id": "3109144",
    "movie_id": "10472"
  },
  {
    "review": "십점 만점에 십점",
    "date": "08.10.14",
    "rating": "10",
    "author": "gumi****",
    "review_id": "2999221",
    "movie_id": "10472"
  },
  {
    "review": "다시보고싶다...ㅠㅠ 근데 비디오가 없어.. 이 영화파일 구할곳은 없는건가..ㅠㅠ",
    "date": "08.09.27",
    "rating": "10",
    "author": "tqkr****",
    "review_id": "2971224",
    "movie_id": "10472"
  },
  {
    "review": "제발 다시보고 싶어요 제가 태어나서 처음 본 영화입니다",
    "date": "08.08.16",
    "rating": "10",
    "author": "powb****",
    "review_id": "2875556",
    "movie_id": "10472"
  },
  {
    "review": "꼭 다시 보고싶고.. 봐야할 대명작이다... 어릴 적 이 영화 한 편으로 행복했다.",
    "date": "08.07.08",
    "rating": "10",
    "author": "gris****",
    "review_id": "2747524",
    "movie_id": "10472"
  },
  {
    "review": "감동적인 영화 ..",
    "date": "08.05.30",
    "rating": "10",
    "author": "1221****",
    "review_id": "2671394",
    "movie_id": "10472"
  },
  {
    "review": "꼭 보세요",
    "date": "08.05.26",
    "rating": "10",
    "author": "glar****",
    "review_id": "2665796",
    "movie_id": "10472"
  },
  {
    "review": "저희집에도 이 비디오가 있었어요.!초등학교때 심심하면 맨날봤는데..ㅋㅋ반갑네요",
    "date": "08.04.25",
    "rating": "10",
    "author": "damb****",
    "review_id": "2598350",
    "movie_id": "10472"
  },
  {
    "review": "10년전 한 5살때 봤던 영화.. 지식in요청으로 다행히 찾아서 dvd사서 봤더니",
    "date": "08.04.13",
    "rating": "10",
    "author": "zmfo****",
    "review_id": "2579392",
    "movie_id": "10472"
  },
  {
    "review": "내 기억에 명화로 남은 가장 어릴적에 본 영화..",
    "date": "08.02.13",
    "rating": "10",
    "author": "haru****",
    "review_id": "2441106",
    "movie_id": "10472"
  },
  {
    "review": "이거 어디서 못 구해요?? 아무리 OO도 엄네 ~ 너무 재미있었는데!!",
    "date": "08.02.10",
    "rating": "10",
    "author": "lowp****",
    "review_id": "2429773",
    "movie_id": "10472"
  },
  {
    "review": "ㅋ생각나서찾아봤는데15년전에봤던..금성비디오사니까딸려온테잎ㅋㅋ본사람들이많네요",
    "date": "08.02.07",
    "rating": "10",
    "author": "ahdf****",
    "review_id": "2418263",
    "movie_id": "10472"
  },
  {
    "review": "정말 어릴때 봤던 영화인데..몇번을봐도 너무 재밌음^^최고!",
    "date": "07.12.23",
    "rating": "10",
    "author": "assa****",
    "review_id": "2256163",
    "movie_id": "10472"
  },
  {
    "review": "금성비디오..하하!! 초등학교2학년일까.. 몇번을 보면서도 가슴졸였던 기억이..",
    "date": "07.12.20",
    "rating": "10",
    "author": "sade****",
    "review_id": "2247481",
    "movie_id": "10472"
  },
  {
    "review": "TV사면서딸려왔던 테이프라 기대안했는데 최고다!!",
    "date": "07.08.22",
    "rating": "10",
    "author": "vptv****",
    "review_id": "1969395",
    "movie_id": "10472"
  },
  {
    "review": "제라르 드빠르디유가 왜 유럽 최고의 국민배우인가!",
    "date": "07.08.07",
    "rating": "10",
    "author": "oran****",
    "review_id": "1898022",
    "movie_id": "10472"
  },
  {
    "review": "이거 코미디다 코미디. 끊임없이 낄낄대면서 봤다.",
    "date": "07.06.27",
    "rating": "10",
    "author": "marl****",
    "review_id": "1723650",
    "movie_id": "10472"
  },
  {
    "review": "재미있게 잘 만들어진 작품",
    "date": "07.04.15",
    "rating": "9",
    "author": "nala****",
    "review_id": "1590612",
    "movie_id": "10472"
  },
  {
    "review": "다들 금성이구나..ㅋㅋㅋㅋㅋㅋㅋㅋㅋㅋ나도 금성이라서 봤던..",
    "date": "06.12.14",
    "rating": "8",
    "author": "lyog****",
    "review_id": "1290925",
    "movie_id": "10472"
  },
  {
    "review": "집에 테이프가 있길래 봤는데.................",
    "date": "06.12.13",
    "rating": "10",
    "author": "hkjj****",
    "review_id": "1289169",
    "movie_id": "10472"
  },
  {
    "review": "금성비디오의 샘플로 ㅋㅋ말이필요없는 최고의 감동이다!!",
    "date": "06.12.11",
    "rating": "10",
    "author": "elfi****",
    "review_id": "1283651",
    "movie_id": "10472"
  },
  {
    "review": "정말 명작중의 명작...지금도 그때의 여운이...",
    "date": "06.12.07",
    "rating": "10",
    "author": "logi****",
    "review_id": "1273906",
    "movie_id": "10472"
  },
  {
    "review": "금성비디오 꽤 많구나. 수십번 봤더랬지",
    "date": "06.10.31",
    "rating": "8",
    "author": "naye****",
    "review_id": "1209334",
    "movie_id": "10472"
  },
  {
    "review": "금성비디오의 센스",
    "date": "06.10.31",
    "rating": "10",
    "author": "gene****",
    "review_id": "1209261",
    "movie_id": "10472"
  },
  {
    "review": "명작이다... 영화에 삽입된 음악이 넘 좋다...",
    "date": "06.10.17",
    "rating": "10",
    "author": "flow****",
    "review_id": "1185578",
    "movie_id": "10472"
  },
  {
    "review": "정말 멋진 영화..^^",
    "date": "06.07.16",
    "rating": "10",
    "author": "woda****",
    "review_id": "897250",
    "movie_id": "10472"
  },
  {
    "review": "나 역시 최초로 본 영화일까? 집에 비디오테잎이 있었음;",
    "date": "06.07.03",
    "rating": "8",
    "author": "boym****",
    "review_id": "868039",
    "movie_id": "10472"
  },
  {
    "review": "내인생 최고의 영화...",
    "date": "06.06.16",
    "rating": "10",
    "author": "gost****",
    "review_id": "846099",
    "movie_id": "10472"
  },
  {
    "review": "내인생 최.초.로 관람한 영화가 이작품인게 너무 다행이다!",
    "date": "06.04.04",
    "rating": "10",
    "author": "daso****",
    "review_id": "748403",
    "movie_id": "10472"
  },
  {
    "review": "자꾸 봐도 질리지 않는 잔잔한 웃음과 행복이 있는 영화",
    "date": "06.03.24",
    "rating": "10",
    "author": "goma****",
    "review_id": "732045",
    "movie_id": "10472"
  },
  {
    "review": "초등학생때보고, 15년만에 다시봤는데 장면과 음악이 그때그대로",
    "date": "06.03.11",
    "rating": "10",
    "author": "blog****",
    "review_id": "712757",
    "movie_id": "10472"
  },
  {
    "review": "여운이 남는 가족영화",
    "date": "06.02.19",
    "rating": "8",
    "author": "tink****",
    "review_id": "680304",
    "movie_id": "10472"
  },
  {
    "review": "내가어릴때금성비디오사서공짜로받은것 리샤드의 여장연기 최강",
    "date": "05.12.12",
    "rating": "10",
    "author": "celt****",
    "review_id": "502069",
    "movie_id": "10472"
  },
  {
    "review": "정말 재밌고도 슬프게 본.. 아이가 너무 귀여웠던..",
    "date": "05.08.03",
    "rating": "10",
    "author": "luvi****",
    "review_id": "350023",
    "movie_id": "10472"
  },
  {
    "review": "어렸을때 볼대마다 재밌게봤던 ^^ 아이가 너무 귀여워요",
    "date": "05.06.10",
    "rating": "10",
    "author": "gunt****",
    "review_id": "296955",
    "movie_id": "10472"
  },
  {
    "review": "최고의 코믹가족영화~~ 이보다 더 재미있을 수 없다ㅎㅎ",
    "date": "05.06.09",
    "rating": "10",
    "author": "gnca****",
    "review_id": "296388",
    "movie_id": "10472"
  },
  {
    "review": "아이와 함께 보는 가족영화로 만점^^ 저도 초2때 봤어요..",
    "date": "05.04.12",
    "rating": "10",
    "author": "refo****",
    "review_id": "258880",
    "movie_id": "10472"
  },
  {
    "review": "딸이 너무 귀여웠다..세사람의 조화 잊을수없다.",
    "date": "05.03.13",
    "rating": "9",
    "author": "red0****",
    "review_id": "240159",
    "movie_id": "10472"
  },
  {
    "review": "초등학교때 잼나게 본 영화!! ^.^  지금은 사라져 버림..ㅋㅋ",
    "date": "05.01.25",
    "rating": "10",
    "author": "bioj****",
    "review_id": "195814",
    "movie_id": "10472"
  },
  {
    "review": "정말 젬나게 봤는데",
    "date": "04.11.01",
    "rating": "10",
    "author": "kim3****",
    "review_id": "137039",
    "movie_id": "10472"
  },
  {
    "review": "초등학교때 봤는데도 장면이나 음악이 아직도 ㄱ이난다 신기한 일이다..",
    "date": "04.09.20",
    "rating": "10",
    "author": "youz****",
    "review_id": "111904",
    "movie_id": "10472"
  },
  {
    "review": "유치원때부터있던 비디오태잎이었다. 몇년전에봤는데재미있었다.",
    "date": "04.07.26",
    "rating": "9",
    "author": "ssor****",
    "review_id": "77465",
    "movie_id": "10472"
  },
  {
    "review": "역시 초딩떄 봤는데 은은하고 행복한 영화",
    "date": "04.07.20",
    "rating": "7",
    "author": "julb****",
    "review_id": "73947",
    "movie_id": "10472"
  },
  {
    "review": "중학생때 본영화인데..25살먹은 아직까지 잊혀지지않는 명작^^",
    "date": "04.06.20",
    "rating": "10",
    "author": "limi****",
    "review_id": "57124",
    "movie_id": "10472"
  },
  {
    "review": "학교에서 봤는데 너무 재미있게 봤어요//ㅋㅋ 나 태어날때 나온 영화던데",
    "date": "04.06.07",
    "rating": "10",
    "author": "djsw****",
    "review_id": "51216",
    "movie_id": "10472"
  },
  {
    "review": "드빠르디유의 다작들의 중간쯤 되지 않을까?",
    "date": "04.05.05",
    "rating": "6",
    "author": "lala****",
    "review_id": "41101",
    "movie_id": "10472"
  }
]