[
  {
    "review": "영민은 쓰레기고 중한은 맷집좋고 사실상 혼자서 다 처리 ㅋㅋ., 각자 사연있는 매춘부들의 이야기. 지금은 진화되어  아침이나 일일드라마에 응용됨.소재만 매춘이 아닐뿐.,",
    "date": "15.06.10",
    "rating": "6",
    "author": "dma9****",
    "review_id": "9987310",
    "movie_id": "10486"
  },
  {
    "review": "내용에 비해 쓸데없이 화제였던 영화로 기억.",
    "date": "15.03.03",
    "rating": "4",
    "author": "pont****",
    "review_id": "9753506",
    "movie_id": "10486"
  },
  {
    "review": "고1때, 포스터만으로도 지린 영화..물론 아직까지도 보지 못함... 안봐도  신파일 듯",
    "date": "15.03.02",
    "rating": "3",
    "author": "yise****",
    "review_id": "9751677",
    "movie_id": "10486"
  },
  {
    "review": "흥행 성공 미스테리?",
    "date": "12.05.14",
    "rating": "3",
    "author": "pria****",
    "review_id": "6297616",
    "movie_id": "10486"
  },
  {
    "review": "매춘 소재의 에로영화중 이토록 강렬한 작품은 없었지. 나영희 김문희 캬아~",
    "date": "11.08.18",
    "rating": "8",
    "author": "gall****",
    "review_id": "5664284",
    "movie_id": "10486"
  },
  {
    "review": "어려운 시절, 이름없는 그들에게 있었음직한 이야기. 마지막 장면이 정말 압권이었다.",
    "date": "09.08.13",
    "rating": "8",
    "author": "deka****",
    "review_id": "3743821",
    "movie_id": "10486"
  },
  {
    "review": "아이스크림 생각난다...",
    "date": "09.01.28",
    "rating": "8",
    "author": "3655****",
    "review_id": "3258100",
    "movie_id": "10486"
  },
  {
    "review": "나영희의 어디라고 말로 할수없는 그 부위의 무성한 정글을 눈으로 확인할수 있다.",
    "date": "08.08.23",
    "rating": "10",
    "author": "baks****",
    "review_id": "2896148",
    "movie_id": "10486"
  },
  {
    "review": "이 영화 본지 정말 오래되었다",
    "date": "07.10.13",
    "rating": "6",
    "author": "deff****",
    "review_id": "2087057",
    "movie_id": "10486"
  },
  {
    "review": "나영희 발견",
    "date": "06.08.04",
    "rating": "10",
    "author": "zeed****",
    "review_id": "967936",
    "movie_id": "10486"
  },
  {
    "review": "고등학교때 동시상영관으로 본 영화...",
    "date": "06.03.22",
    "rating": "3",
    "author": "ockt****",
    "review_id": "728520",
    "movie_id": "10486"
  },
  {
    "review": "당시 개방 바람을 타고 흥행에 성공. 야했으니까",
    "date": "04.01.24",
    "rating": "6",
    "author": "aris****",
    "review_id": "12856",
    "movie_id": "10486"
  }
]