[
  {
    "review": "스릴러의 한 역사를 기록할.",
    "date": "15.08.09",
    "rating": "7",
    "author": "tear****",
    "review_id": "10208983",
    "movie_id": "10489"
  },
  {
    "review": "땅콩회항 조현아가 생각난다.",
    "date": "15.07.29",
    "rating": "8",
    "author": "skip****",
    "review_id": "10156584",
    "movie_id": "10489"
  },
  {
    "review": "재가 된 초안을 미저리 입에 처 넣을 때 통괘함!!!진심 심장 쫄깃하게 해주는 고전 명작.",
    "date": "15.07.27",
    "rating": "10",
    "author": "uggc****",
    "review_id": "10149227",
    "movie_id": "10489"
  },
  {
    "review": "저 아줌마 악몽 꾸면 나올꺼같다 ㅜ.ㅜ",
    "date": "15.07.19",
    "rating": "10",
    "author": "high****",
    "review_id": "10121161",
    "movie_id": "10489"
  },
  {
    "review": "최고. 누가 뭐래도!!",
    "date": "15.07.06",
    "rating": "10",
    "author": "shin****",
    "review_id": "10074747",
    "movie_id": "10489"
  },
  {
    "review": "연출과 연기가 빚어낸 최고의 스릴",
    "date": "15.06.30",
    "rating": "8",
    "author": "soqu****",
    "review_id": "10055399",
    "movie_id": "10489"
  },
  {
    "review": "역사에 남을 스릴러 역작!!",
    "date": "15.06.22",
    "rating": "10",
    "author": "sin0****",
    "review_id": "10022935",
    "movie_id": "10489"
  },
  {
    "review": "흔히 스토커같이 집착하는 사람보고 미져리야 미져리..이런말이 유행이었죠 지금도 미져리본 세대는 그말할만큼 이영화는 스토커 싸이코의 대표적인 영화 큰이슈가되었죠",
    "date": "15.06.21",
    "rating": "10",
    "author": "jush****",
    "review_id": "10017764",
    "movie_id": "10489"
  },
  {
    "review": "아주 어렸을적 tv에서 잠깐 밨는데두 개섬뜩ㅜㅜ아줌마 연기력이 이영화를 살렸다해두 과언갑자 날괴롭히던 그분이 떠오르게 하는 포스터네 ㅋ 저 아저씨 존나공감 ㄷㄷ",
    "date": "15.06.13",
    "rating": "6",
    "author": "rkdd****",
    "review_id": "9995182",
    "movie_id": "10489"
  },
  {
    "review": "캐시 베이츠 싸이코 연기가 정말 대단했음 ㅋㅋ 근데 기대를 많이하고 봐서 뭔가 아쉬운 감이 있었다..",
    "date": "15.06.10",
    "rating": "9",
    "author": "qqq2****",
    "review_id": "9988666",
    "movie_id": "10489"
  },
  {
    "review": "이 영화가 무섭지 않다는 사람은, 사람 대 사람으로 마주 본적이 없는 사람이다. 현실적으로 일어날수 있는 공포를 최대한으로 부각해준 영화",
    "date": "15.06.06",
    "rating": "9",
    "author": "gkdd****",
    "review_id": "9979210",
    "movie_id": "10489"
  },
  {
    "review": "여친이랑 이제서야 같이 봤은데 와...",
    "date": "15.05.28",
    "rating": "10",
    "author": "gene****",
    "review_id": "9955979",
    "movie_id": "10489"
  },
  {
    "review": "케시 베이츠 연기력..ㅎㄷㄷ",
    "date": "15.05.25",
    "rating": "10",
    "author": "ef14****",
    "review_id": "9947384",
    "movie_id": "10489"
  },
  {
    "review": "영화 줄거리도 줄거리지만 여주인공 연기가 진짜 압권입니다...   특히 번개칠때 표정 ㅋㅋㅋ 귀신영화도 아닌데 무서움",
    "date": "15.05.18",
    "rating": "10",
    "author": "blue****",
    "review_id": "9928684",
    "movie_id": "10489"
  },
  {
    "review": "이거봐라 여주얼굴이 10년 지나도 기억날거다.",
    "date": "15.05.17",
    "rating": "9",
    "author": "cybe****",
    "review_id": "9926672",
    "movie_id": "10489"
  },
  {
    "review": "줄거리가 99퍼센트다.네이버 ㅁㅊ건가?",
    "date": "15.04.28",
    "rating": "10",
    "author": "totd****",
    "review_id": "9876449",
    "movie_id": "10489"
  },
  {
    "review": "여자와 남자 그리고 집 밖에 안나오는데 이렇게 몰입도가 높다니! 긴장감도 좋고... 정말 잘만들었다.",
    "date": "15.04.24",
    "rating": "10",
    "author": "simp****",
    "review_id": "9864425",
    "movie_id": "10489"
  },
  {
    "review": "여자친구랑 보다가 잠들었다 ㅅㅂ",
    "date": "15.04.20",
    "rating": "1",
    "author": "wlse****",
    "review_id": "9855096",
    "movie_id": "10489"
  },
  {
    "review": "공포영화는 작품성과 몰입도에 비해 이상하고 짜증날 정도로 평점이 낮은데... 단지 불편해서거나 기분이 나빠서라거나 결말이 맘에 안들어서라면 보지 마시길. 이 영화가 9점대가 아니면, 쇼생크탈출이 8점대여야 한다!!",
    "date": "15.04.10",
    "rating": "10",
    "author": "brav****",
    "review_id": "9837548",
    "movie_id": "10489"
  },
  {
    "review": "보는 내내 정말 집착이 대단하다는 생각만 드네",
    "date": "15.03.26",
    "rating": "8",
    "author": "ckgh****",
    "review_id": "9808026",
    "movie_id": "10489"
  },
  {
    "review": "싸이코 영화의 대명사. 케시 베이츠 연기 진짜 잘한다... 거의 25년이 지난 지금 봐도 긴장감 있고 흥미진진함.",
    "date": "15.03.19",
    "rating": "9",
    "author": "ddal****",
    "review_id": "9793592",
    "movie_id": "10489"
  },
  {
    "review": "내가 주인공이엇다면 진짜 끔찍햇을꺼같다ㄷㄷ",
    "date": "15.03.17",
    "rating": "10",
    "author": "paem****",
    "review_id": "9790269",
    "movie_id": "10489"
  },
  {
    "review": "캐시 베이츠 정말 연기 소름 끼치게 잘한다. 두 말 할 필요가 없는 최고의 스릴러.",
    "date": "15.03.12",
    "rating": "9",
    "author": "sipj****",
    "review_id": "9775432",
    "movie_id": "10489"
  },
  {
    "review": "재밋네요 ^^ 악역쪽이 너무 밀어붙이지 않고 김정에 흔들리는 부분도 굉장히 현실적이면서 흥미진진했어요. 그동안 고어물 좀비물을 많이 봤고 매니아인데 이런 장르는 밀어붙이는게 많거든요. 막가파식으로 그냥 죽이는게.다인데 미저리는 그렇지 않네요",
    "date": "15.03.09",
    "rating": "10",
    "author": "0943****",
    "review_id": "9768894",
    "movie_id": "10489"
  },
  {
    "review": "최고의 스릴러물이지... 벌써25년이나 됐네... -_-;;;;",
    "date": "15.03.03",
    "rating": "10",
    "author": "thom****",
    "review_id": "9754443",
    "movie_id": "10489"
  },
  {
    "review": "ㅋㅋㅋㅋ스릴러최강 아줌마 너무 무서워 ㅠ 두 주연의 열연이 돋 보였다",
    "date": "15.02.21",
    "rating": "10",
    "author": "goa1****",
    "review_id": "9720918",
    "movie_id": "10489"
  },
  {
    "review": "정말 많은 장면을 묘사하지도 않으면서 이렇게 긴장감을 고조시키는게 놀랍다.. 사이코패스 여자가 종이 사러갈때 폴이 집안 둘러볼때가 제일 두근했던순간.. 지나친 집착은 해가된다는 교훈도 얻었다..",
    "date": "15.02.18",
    "rating": "10",
    "author": "love****",
    "review_id": "9707411",
    "movie_id": "10489"
  },
  {
    "review": "연기력 ㅎㄷㄷ내가 마치 남주인공이된 느낌",
    "date": "15.02.10",
    "rating": "9",
    "author": "leew****",
    "review_id": "9684919",
    "movie_id": "10489"
  },
  {
    "review": "정말 소름끼치게 싸이코를 연기한 케시 베이츠의 연기력이 놀랍다.",
    "date": "15.02.08",
    "rating": "8",
    "author": "ajtw****",
    "review_id": "9677726",
    "movie_id": "10489"
  },
  {
    "review": "25년전 영화이지만 명작리메이크작 보고싶습니다.피분장은 약간 부실",
    "date": "15.02.03",
    "rating": "10",
    "author": "stry****",
    "review_id": "9662328",
    "movie_id": "10489"
  },
  {
    "review": "그 당시 최고 유명했던 스릴러. 몰입도 100%. 현재도 스토커같은 사람한테 이 \"미져리같은  X\" 라 칭한다.",
    "date": "15.01.27",
    "rating": "10",
    "author": "line****",
    "review_id": "9642277",
    "movie_id": "10489"
  },
  {
    "review": "베뎃 ㄳㄳ 덕분에 네이버 영화 내용 안보고 잼나게 봄",
    "date": "15.01.27",
    "rating": "10",
    "author": "jsw4****",
    "review_id": "9641437",
    "movie_id": "10489"
  },
  {
    "review": "개꿀잼ㅋㅋ 진짜 명작  개무서움",
    "date": "15.01.16",
    "rating": "10",
    "author": "yna0****",
    "review_id": "9601321",
    "movie_id": "10489"
  },
  {
    "review": "보안관 할부지 넘 허무하게 가심 ㅠ",
    "date": "15.01.12",
    "rating": "10",
    "author": "emdt****",
    "review_id": "9586205",
    "movie_id": "10489"
  },
  {
    "review": "아.. 솔직히 소름돋았어요",
    "date": "15.01.11",
    "rating": "9",
    "author": "abc1****",
    "review_id": "9585819",
    "movie_id": "10489"
  },
  {
    "review": "광기어린 스릴러 클래식",
    "date": "15.01.11",
    "rating": "9",
    "author": "byul****",
    "review_id": "9582762",
    "movie_id": "10489"
  },
  {
    "review": "미저리역의 미친,광기어린 연기....상 받을만하더~ 돼지소리 킁킁 거릴때 웃겨죽을뻔",
    "date": "15.01.06",
    "rating": "10",
    "author": "clin****",
    "review_id": "9568218",
    "movie_id": "10489"
  },
  {
    "review": "사이코 연기 제대로네. 남자 주인공 영화촬영 후에도 두고두고 여자 얼굴 생각나서 소름끼칠듯...",
    "date": "14.12.28",
    "rating": "10",
    "author": "ghdr****",
    "review_id": "9528185",
    "movie_id": "10489"
  },
  {
    "review": "어렸을때 재밌고 무섭게 봤던 명화...",
    "date": "14.12.16",
    "rating": "10",
    "author": "manb****",
    "review_id": "9477754",
    "movie_id": "10489"
  },
  {
    "review": "귀신은 명함도 못 내밀정도로 무서운게 인간인것같다.",
    "date": "14.11.26",
    "rating": "10",
    "author": "482d****",
    "review_id": "9422309",
    "movie_id": "10489"
  },
  {
    "review": "이런 게 진정한 싸이코 스릴러",
    "date": "14.11.07",
    "rating": "9",
    "author": "rout****",
    "review_id": "9350492",
    "movie_id": "10489"
  },
  {
    "review": "이 영화가 왜9점을 못넘는지 의문스럽다 9점대넘는 한국영화따위보다 못하는가?",
    "date": "14.11.04",
    "rating": "10",
    "author": "ske4****",
    "review_id": "9340407",
    "movie_id": "10489"
  },
  {
    "review": "오래된 영화임에도 불구하고 섬뜩한 음악과 연출이 세련됐던 영화..그런데 네이버가 영화소개에 직접 스포한 내용을 봐버려서 아쉽....ㅡㅡ",
    "date": "14.10.02",
    "rating": "8",
    "author": "0718****",
    "review_id": "9256056",
    "movie_id": "10489"
  },
  {
    "review": "영화사 수많은 싸이코 캐릭터 중 단연 독보적인 존재감",
    "date": "14.10.01",
    "rating": "8",
    "author": "goms****",
    "review_id": "9252037",
    "movie_id": "10489"
  },
  {
    "review": "초딩때 진짜 재밋게 무섭게 봤는데",
    "date": "14.09.20",
    "rating": "10",
    "author": "woos****",
    "review_id": "9229774",
    "movie_id": "10489"
  },
  {
    "review": "9..2 이건 정말 명작이다. 저예산? 무색할만큼 원초적인 스릴감 공포감 끌어내, 어렵게 돌아가서 망하는 망작보다 훨씬더 낫다. 열에 아홉은 좋아할 명작. 내가 이런 영화를 안봤다니.... 애니님 명연기 잘봤습니다ㅠㅠ 남자차에서끌려나올때리얼한표정대박",
    "date": "14.09.19",
    "rating": "9",
    "author": "eoas****",
    "review_id": "9225391",
    "movie_id": "10489"
  },
  {
    "review": "줄거리에 스포를 왜적어",
    "date": "14.09.18",
    "rating": "10",
    "author": "yosu****",
    "review_id": "9222500",
    "movie_id": "10489"
  },
  {
    "review": "댓글스포당하지말고 무서운장면없으니까 걱정말고  밤에불끄고봐도되요~공포영화못보는사람도 모두볼수있음 하지만 그런장면없어도 정말재밌음",
    "date": "14.08.17",
    "rating": "10",
    "author": "seok****",
    "review_id": "9099162",
    "movie_id": "10489"
  },
  {
    "review": "아카데미 상 은 개나소나 받는게 아니다.",
    "date": "14.07.29",
    "rating": "10",
    "author": "pc59****",
    "review_id": "8979062",
    "movie_id": "10489"
  },
  {
    "review": "진짜 오랫동안기억나는영화",
    "date": "14.07.23",
    "rating": "10",
    "author": "dlgh****",
    "review_id": "8944611",
    "movie_id": "10489"
  },
  {
    "review": "숨막히는 스릴러. 지금까지도 우리세대에게는 집착의 대명사.",
    "date": "14.07.23",
    "rating": "10",
    "author": "jere****",
    "review_id": "8942854",
    "movie_id": "10489"
  },
  {
    "review": "스릴러 영화의 클래식.",
    "date": "14.07.08",
    "rating": "8",
    "author": "this****",
    "review_id": "8895514",
    "movie_id": "10489"
  },
  {
    "review": "가족용 공포물...안타까움만 가득한 공포드라마...정도...개인적으로 8점 . 케시베이츠 얼굴과 연기가 점수의 80%!!",
    "date": "14.06.13",
    "rating": "1",
    "author": "sad2****",
    "review_id": "8827103",
    "movie_id": "10489"
  },
  {
    "review": "TV서 재밌게 봤었다.",
    "date": "14.06.09",
    "rating": "9",
    "author": "kem1****",
    "review_id": "8815841",
    "movie_id": "10489"
  },
  {
    "review": "옛날 영화라 그런지 마지막 격투씬은.... 좀  코믹하네요...",
    "date": "14.06.08",
    "rating": "9",
    "author": "fifa****",
    "review_id": "8811356",
    "movie_id": "10489"
  },
  {
    "review": "이야~  우리들 사회안에서도 충분히 있을것 같은 사이코패스 집착 아줌니. 배우님들 연기 압권입니다.",
    "date": "14.06.01",
    "rating": "10",
    "author": "daft****",
    "review_id": "8783637",
    "movie_id": "10489"
  },
  {
    "review": "제목자체부터 너무 유명한 작품. 90년 작품이라는 것을 감안하고 보면 상당히 잘 만든 수작. 케시 베이츠의 섬뜩한 표정과 연기가 압권임.",
    "date": "14.05.25",
    "rating": "8",
    "author": "jjaj****",
    "review_id": "8762701",
    "movie_id": "10489"
  },
  {
    "review": "한술 더 뜨는 현시대 악당들 덕에 공감은 줄어들 수 밖에",
    "date": "14.05.22",
    "rating": "6",
    "author": "synv****",
    "review_id": "8752483",
    "movie_id": "10489"
  },
  {
    "review": "재밋음 오래된영화인데도 겁나볼만함",
    "date": "14.05.12",
    "rating": "8",
    "author": "cd26****",
    "review_id": "8726785",
    "movie_id": "10489"
  },
  {
    "review": "시간아깝다.. 긴장감을 못느꼈어.",
    "date": "14.05.10",
    "rating": "3",
    "author": "rmsg****",
    "review_id": "8719395",
    "movie_id": "10489"
  },
  {
    "review": "이것이야 말로 스릴러이고 공포이지 않을까",
    "date": "14.04.27",
    "rating": "9",
    "author": "lkyl****",
    "review_id": "8678667",
    "movie_id": "10489"
  },
  {
    "review": "가끔 섬뜩하긴 하지만 전체적으로 무섭진 않다",
    "date": "14.04.27",
    "rating": "8",
    "author": "alst****",
    "review_id": "8675936",
    "movie_id": "10489"
  },
  {
    "review": "어렸을 때 동네 비디오 가게에서 주인 아저씨가 추천해줘서 집에 아무도 없을 때 혼자 봤는데..최고였다.ㅋ",
    "date": "14.04.26",
    "rating": "10",
    "author": "john****",
    "review_id": "8672825",
    "movie_id": "10489"
  },
  {
    "review": "한 여자가 사람잡는다.",
    "date": "14.03.10",
    "rating": "8",
    "author": "ogr5****",
    "review_id": "8566637",
    "movie_id": "10489"
  },
  {
    "review": "타이타닉 채광갑부 아주머님의 흑역사",
    "date": "14.03.01",
    "rating": "9",
    "author": "whdx****",
    "review_id": "8548684",
    "movie_id": "10489"
  },
  {
    "review": "마지막에 \"암유얼넘버원팬\" 말할때 소름....",
    "date": "14.02.24",
    "rating": "10",
    "author": "kang****",
    "review_id": "8533370",
    "movie_id": "10489"
  },
  {
    "review": "이런게 스릴러지.. 무서운게아니라 두려운것!",
    "date": "14.02.20",
    "rating": "10",
    "author": "moon****",
    "review_id": "8522001",
    "movie_id": "10489"
  },
  {
    "review": "집착은 결국 자신의 파멸을 가져옴..국내 작품 올가미에 영향을 준거 같음",
    "date": "14.02.16",
    "rating": "7",
    "author": "thra****",
    "review_id": "8513406",
    "movie_id": "10489"
  },
  {
    "review": "지금까지도 집착하는사람을보면 \"너 미저리야\" 할정도로 압도적인 영화 ....그리고 배우",
    "date": "14.02.09",
    "rating": "8",
    "author": "outs****",
    "review_id": "8490862",
    "movie_id": "10489"
  },
  {
    "review": "싸이코 여자연기를 잘소화시킨 케시베이츠.... 아름답게 잘묘사된 스릴러물",
    "date": "14.02.08",
    "rating": "8",
    "author": "cstp****",
    "review_id": "8488332",
    "movie_id": "10489"
  },
  {
    "review": "옛날 영화에 한계....",
    "date": "14.02.08",
    "rating": "5",
    "author": "geon****",
    "review_id": "8486481",
    "movie_id": "10489"
  },
  {
    "review": "역시 명성대로 애니 넘 무섭네요 확실히 배우가 영화에서 차지하는 비율이 정말 크네요",
    "date": "14.01.27",
    "rating": "8",
    "author": "taeg****",
    "review_id": "8434987",
    "movie_id": "10489"
  },
  {
    "review": "와~그 당시에는 얼마나 충격적이고 획기적인 시나리오 였을까? 지금봐도 전혀 어색하지 않는 영화~",
    "date": "14.01.26",
    "rating": "7",
    "author": "hamj****",
    "review_id": "8430795",
    "movie_id": "10489"
  },
  {
    "review": "아주 재밌는 소설한편 읽은 기분",
    "date": "14.01.23",
    "rating": "9",
    "author": "zhde****",
    "review_id": "8416310",
    "movie_id": "10489"
  },
  {
    "review": "웃섭다는 게 뭔지 보여주는 영화. 분명히 공포스러운데 웃으면서 봄",
    "date": "14.01.19",
    "rating": "10",
    "author": "hanc****",
    "review_id": "8398288",
    "movie_id": "10489"
  },
  {
    "review": "정말 무섭다..소름끼친다는게 이런거였어",
    "date": "14.01.15",
    "rating": "9",
    "author": "k38x****",
    "review_id": "8383772",
    "movie_id": "10489"
  },
  {
    "review": "한순간도 지루하지 않았음 마지막결말 몇분만을 위해 달려가는 스릴러영화가 아니라 좋았다. 오 폴~",
    "date": "14.01.01",
    "rating": "10",
    "author": "tjsg****",
    "review_id": "8336635",
    "movie_id": "10489"
  },
  {
    "review": "진짜 장난아니다.. 스토리, 연출, 연기 전부 대박이다. 이렇게 몰입해서 본것도 오랜만인듯",
    "date": "13.12.07",
    "rating": "10",
    "author": "fod4****",
    "review_id": "8195974",
    "movie_id": "10489"
  },
  {
    "review": "지금 봐도 너무 재밌네요 ㅋㅋ",
    "date": "13.11.15",
    "rating": "10",
    "author": "tbvj****",
    "review_id": "8139590",
    "movie_id": "10489"
  },
  {
    "review": "역시 옛날영화라 스릴이 없음",
    "date": "13.10.25",
    "rating": "7",
    "author": "dfdv****",
    "review_id": "8088188",
    "movie_id": "10489"
  },
  {
    "review": "현재의 평점에선 틀릴지 몰라도 예전에 볼때는...그 긴박함. 초초함. 헤어날수 없을것 같은 공포 ...몰입감이 정말 최고였죠... 당시 이영화 보고난뒤..모두..미저리...미저리..ㅋㅋㅋ",
    "date": "13.10.25",
    "rating": "10",
    "author": "sybb****",
    "review_id": "8087096",
    "movie_id": "10489"
  },
  {
    "review": "보안관이 애니집찾아갔을때 타이핑보는데 의자가없다는걸왜눈치채지못한거지??",
    "date": "13.10.20",
    "rating": "7",
    "author": "ja00****",
    "review_id": "8074520",
    "movie_id": "10489"
  },
  {
    "review": "케시 베이츠 그녀의 연기는 엄청나다!!!! 원작만큼 훌륭한 영화!!! 감탄했다.",
    "date": "13.10.14",
    "rating": "10",
    "author": "moda****",
    "review_id": "8059938",
    "movie_id": "10489"
  },
  {
    "review": "잊을수없는 그녀의 모습",
    "date": "13.10.10",
    "rating": "8",
    "author": "qhru****",
    "review_id": "8049922",
    "movie_id": "10489"
  },
  {
    "review": "스릴러의 정석.. 이런 영화에 10점을 안주면 대체 어떤 영화에 10점을 준단말인가?",
    "date": "13.10.02",
    "rating": "10",
    "author": "gent****",
    "review_id": "8026851",
    "movie_id": "10489"
  },
  {
    "review": "다시 보니 새로운 느낌 ,.",
    "date": "13.10.01",
    "rating": "9",
    "author": "dma9****",
    "review_id": "8025507",
    "movie_id": "10489"
  },
  {
    "review": "10자압박 스릴러굿10자압박 스릴러굿10자압박 스릴러굿",
    "date": "13.09.27",
    "rating": "10",
    "author": "fltr****",
    "review_id": "8017775",
    "movie_id": "10489"
  },
  {
    "review": "정말 무서운 영화..",
    "date": "13.09.21",
    "rating": "10",
    "author": "alem****",
    "review_id": "8005597",
    "movie_id": "10489"
  },
  {
    "review": "긴장감쩔어..... 오 폴~",
    "date": "13.09.12",
    "rating": "9",
    "author": "pupu****",
    "review_id": "7970809",
    "movie_id": "10489"
  },
  {
    "review": "보는 내내 실제 내가 앤에게 벗어나고 싶은 스트레스까지 오는.. 그만큼 배우들의 연기도 일품이요. 흡입력도 일품인 스릴러.",
    "date": "13.09.01",
    "rating": "10",
    "author": "gold****",
    "review_id": "7939530",
    "movie_id": "10489"
  },
  {
    "review": "어렸을때 토요명화로 엄마아빠 기다리며 누나와 같이 방방뛰면서 이불도 덮어가면서 봤었는데 마지막 후반부는 아직도 잊지못했다 다시봐도 찰진영화",
    "date": "13.08.29",
    "rating": "9",
    "author": "boyj****",
    "review_id": "7931228",
    "movie_id": "10489"
  },
  {
    "review": "ㅗ",
    "date": "13.07.31",
    "rating": "1",
    "author": "sbe9****",
    "review_id": "7802860",
    "movie_id": "10489"
  },
  {
    "review": "진짜 영화 속 저런 여자 있을꺼같다..",
    "date": "13.07.20",
    "rating": "7",
    "author": "hyeo****",
    "review_id": "7766078",
    "movie_id": "10489"
  },
  {
    "review": "진짜 재밌게 무섭다",
    "date": "13.07.13",
    "rating": "10",
    "author": "x120****",
    "review_id": "7732218",
    "movie_id": "10489"
  },
  {
    "review": "여주인공의 좌절감이 엿보인부분이있었는데...희망과현실의자신과의괴리가 너무큰탓...불쌍했다 ㅜㅜ    연기를 환상으로 잘해서 그런 느낌가지준듯........!",
    "date": "13.06.29",
    "rating": "9",
    "author": "bsm0****",
    "review_id": "7690236",
    "movie_id": "10489"
  },
  {
    "review": "광기와 집착이 가져오는 긴장감",
    "date": "13.06.29",
    "rating": "6",
    "author": "blue****",
    "review_id": "7689819",
    "movie_id": "10489"
  },
  {
    "review": "연기가 살린영화.. 내용은 그저그럼.. 연출은 서스펜스의 정석이라고보면됨.. 그렇게 무섭거나 긴장안되고 보다보면 걍 웃김",
    "date": "13.06.24",
    "rating": "10",
    "author": "whit****",
    "review_id": "7676189",
    "movie_id": "10489"
  },
  {
    "review": "최고",
    "date": "13.06.22",
    "rating": "9",
    "author": "dpdj****",
    "review_id": "7668370",
    "movie_id": "10489"
  },
  {
    "review": "이영화에서 케시베이츠의 연기는 정말이지 경악할만한 경지. 공포와 서스펜스를 경험하고싶다면 이영화를 봐야한다.",
    "date": "13.06.19",
    "rating": "10",
    "author": "rock****",
    "review_id": "7656422",
    "movie_id": "10489"
  },
  {
    "review": "게시 베이츠님의 연기는 정말이지 멋졌다!!",
    "date": "13.06.17",
    "rating": "10",
    "author": "spar****",
    "review_id": "7651215",
    "movie_id": "10489"
  }
]