[
  {
    "review": "예쁜 풍경과 배경음악,  잔잔하면서도 따뜻한 분위기가 너무 좋았다. 하지만 스토리는 너무 뻔하다.... 그리고 전개가 한참 느리다가 갑자기 빨라지니 조금은 황당한...",
    "date": "15.05.16",
    "rating": "8",
    "author": "symp****",
    "review_id": "9921392",
    "movie_id": "10480"
  },
  {
    "review": "세상에나.. 이렇게 아름다운 명작을 지금서야 보다니.. 장면 하나하나.. 한 폭의 멋진 '그림'들을 보는 듯한 느낌이다. 유난히, 인상적인 키스씬들이 아름다운 풍경들과 멋드러지게 연출되었으며, 철없는 귀족아가씨가 이룩한 정신적인 성장도 감동으로다가옴.",
    "date": "15.03.12",
    "rating": "9",
    "author": "pola****",
    "review_id": "9775916",
    "movie_id": "10480"
  },
  {
    "review": "제인 오스틴 스타일의 로맨스 소설을 읽는 듯한 전형적인 영국 드라마. 잔잔하지만 깊은 스토리의 흐름이 흥미롭다.",
    "date": "15.02.22",
    "rating": "7",
    "author": "tear****",
    "review_id": "9729421",
    "movie_id": "10480"
  },
  {
    "review": "이영화는 한 번만 보면 놓치기 쉬운 대사가 많다.대사를 꼭꼭 씹어 먹고 싶른 영화!!",
    "date": "15.01.30",
    "rating": "8",
    "author": "lun8****",
    "review_id": "9650937",
    "movie_id": "10480"
  },
  {
    "review": "나도 여행이나 가볼까.",
    "date": "14.12.21",
    "rating": "10",
    "author": "ddeg****",
    "review_id": "9495264",
    "movie_id": "10480"
  },
  {
    "review": "잔잔하고 로맨틱하다. ost와 풍경의 조화도 굿",
    "date": "14.07.22",
    "rating": "8",
    "author": "do22****",
    "review_id": "8939999",
    "movie_id": "10480"
  },
  {
    "review": "20세기초의 로맨스 소설은 촌스럽기도 하고 순수하기도 하다.",
    "date": "14.05.01",
    "rating": "7",
    "author": "ykdi****",
    "review_id": "8690939",
    "movie_id": "10480"
  },
  {
    "review": "내가 느끼기에는 영상미도 있고 잔잔한 내용은 좋으나  왜 여주인공이 세실보다 죠지를 좋아하게 된건지 설득력이 부족하다. 세실이 더 순수하고 진실되어 보이고 죠지는 단지 충동적인 사람으로 보인다. 1989년도에 봤더라면 로맨틱하다고 느꼈을지도..",
    "date": "13.11.26",
    "rating": "7",
    "author": "illu****",
    "review_id": "8170147",
    "movie_id": "10480"
  },
  {
    "review": "키스신이 굉장히 로맨틱한 영화 스토리도 산뜻하고 아기자기하다",
    "date": "13.10.26",
    "rating": "8",
    "author": "jjcv****",
    "review_id": "8091647",
    "movie_id": "10480"
  },
  {
    "review": "Everything is Faith. 사랑도 운명이다~",
    "date": "13.10.25",
    "rating": "7",
    "author": "tjdf****",
    "review_id": "8089171",
    "movie_id": "10480"
  },
  {
    "review": "영국 고전 스타일 코메디. 별로 느낌이 없음. 풍광은 좋음",
    "date": "13.07.14",
    "rating": "3",
    "author": "ysuh****",
    "review_id": "7742430",
    "movie_id": "10480"
  },
  {
    "review": "파혼을 결정할 정도로 그들의 사랑이 운명적이었는지 납득이 완전히 안되고 (물론 시셀이 낫다는 것은 아니다) 그저 허세가 아름답게 포장된거 같다는 생각도 든다. 이 영화의 유일한 장점은 명배우들의 옛된 모습을 보는 소소한 재미 정도..",
    "date": "13.05.04",
    "rating": "6",
    "author": "byul****",
    "review_id": "7506825",
    "movie_id": "10480"
  },
  {
    "review": "상류층의 배부른 꼴통 낭만",
    "date": "13.04.01",
    "rating": "5",
    "author": "kimg****",
    "review_id": "7429240",
    "movie_id": "10480"
  },
  {
    "review": "20여년전쯤 개봉했을 때 보고 싶었는데 못 봤다.  오늘에서야  봤다. 원작소설이 있다면 읽어보고 싶다. 그리고 누군가와 사랑을 해야겠다.청춘을 떠난지 아주 오래되었지만...",
    "date": "13.03.31",
    "rating": "9",
    "author": "joch****",
    "review_id": "7426495",
    "movie_id": "10480"
  },
  {
    "review": "전에는 보지못한 열정과 자유가 있는 로맨스.ㅋㅋ 낡았다고 새로운 것이 없는 것이 아니다. 명작은 시대를 통하는 것. 게다가 덤으로 이제는 관록의 명배우들의 과거까지 감상가능하네. ㅋㅋ",
    "date": "13.03.31",
    "rating": "8",
    "author": "terr****",
    "review_id": "7425933",
    "movie_id": "10480"
  },
  {
    "review": "잔잔하고 아름다운 영화  그렇다고 너무 잔잔한것도 아닌것이... 다시 사랑하고싶게 만드는 영화 너무 옛날 영화같지 않아서 적응하는데 힘들지않았어요 아름다운 로맨스 고전소설읽는 느낌 아무튼 추천입니다.",
    "date": "13.03.31",
    "rating": "10",
    "author": "bomy****",
    "review_id": "7424769",
    "movie_id": "10480"
  },
  {
    "review": "처음부터 끝까지 재밌는 영화.",
    "date": "13.01.13",
    "rating": "10",
    "author": "sdan****",
    "review_id": "7110649",
    "movie_id": "10480"
  },
  {
    "review": "잔잔한 연애소설을 읽는 듯한 두근거림과 함께 아름다운 배경들이 감성을 자극했던 영화예요. 피렌체에 여행갔을 때 영화에서의 전망을 상상하며 호텔방창턱에 앉아보던 기억도 나네요. 오만과 편견이나 제인에어를 감동깊게 봤던 분이라면 강추!",
    "date": "13.01.07",
    "rating": "8",
    "author": "miky****",
    "review_id": "7089841",
    "movie_id": "10480"
  },
  {
    "review": "우울할떄 마다 돌려보는 영화입니다. 소녀감성 충만한영화",
    "date": "12.12.10",
    "rating": "9",
    "author": "aris****",
    "review_id": "6991774",
    "movie_id": "10480"
  },
  {
    "review": "사랑으로 가는 길~ Follow your heart ^^",
    "date": "12.11.25",
    "rating": "10",
    "author": "hear****",
    "review_id": "6926135",
    "movie_id": "10480"
  },
  {
    "review": "너무 잔잔해서 지루한 .....노출이 있다고 했는데 남자...",
    "date": "12.09.27",
    "rating": "7",
    "author": "ynot****",
    "review_id": "6737679",
    "movie_id": "10480"
  },
  {
    "review": "영화가 진짜 아름답다는 말밖에 안나온다고 해야하나? 잔잔하면서 고요한 영화 좋아하는지라 재밌게 봤네요",
    "date": "12.09.25",
    "rating": "8",
    "author": "skyl****",
    "review_id": "6730914",
    "movie_id": "10480"
  },
  {
    "review": "극적 긴장은 별로 없고 연출과 연기도 지나칠 정도로 절제되었지만, 아름다운 풍광과 시대상을 잘 표현했고, 당대 영국 부르주아들의 허위의식에서 탈출하여 진정한 사랑을 찾는 연인의 모습이 아름답다. 헬레나 본햄 카터의 앳된 아름다움.",
    "date": "12.07.30",
    "rating": "8",
    "author": "mist****",
    "review_id": "6555020",
    "movie_id": "10480"
  },
  {
    "review": "너무 잔잔해서 지루해요.",
    "date": "12.06.26",
    "rating": "4",
    "author": "kic4****",
    "review_id": "6417501",
    "movie_id": "10480"
  },
  {
    "review": "배경,음악,, 헬레나의 여리한 얼굴이 좋다. 감성충만영화",
    "date": "12.03.30",
    "rating": "9",
    "author": "jack****",
    "review_id": "6180112",
    "movie_id": "10480"
  },
  {
    "review": "이런게 영화지...",
    "date": "12.03.07",
    "rating": "8",
    "author": "peac****",
    "review_id": "6128534",
    "movie_id": "10480"
  },
  {
    "review": "피렌체에 가면 기대치 못했던 사랑을 과감히 할수 있을것만같은 아름다운 상상을하게되는 영화.",
    "date": "12.01.22",
    "rating": "7",
    "author": "herm****",
    "review_id": "6009936",
    "movie_id": "10480"
  },
  {
    "review": "초반엔 So 잔잔하다 급 전개되는데, 주인공 둘을 좋아할 수 없다;. 세실이 불쌍하다.",
    "date": "12.01.22",
    "rating": "6",
    "author": "leel****",
    "review_id": "6009735",
    "movie_id": "10480"
  },
  {
    "review": "여주의 반전외모(청순,사랑스러움)놀랍다..여행속 로맨스를 꿈꾸게 만드는 예쁜 영화",
    "date": "12.01.04",
    "rating": "8",
    "author": "iixo****",
    "review_id": "5960191",
    "movie_id": "10480"
  },
  {
    "review": "아름다운 영상....그러나 솔직히 내용은 별로....",
    "date": "11.12.25",
    "rating": "7",
    "author": "lene****",
    "review_id": "5933638",
    "movie_id": "10480"
  },
  {
    "review": "훌륭한 연기를 보여주는 배우들...그러나 개인적으론 좋아하는 취향의 영화는 아니다",
    "date": "11.09.13",
    "rating": "6",
    "author": "nine****",
    "review_id": "5727290",
    "movie_id": "10480"
  },
  {
    "review": "내가 피곤했나보다..왜이리 잠이 쏟아지는지;; 여주인공과 배경,의상,소품이 너무예뻐",
    "date": "11.09.10",
    "rating": "7",
    "author": "epis****",
    "review_id": "5719507",
    "movie_id": "10480"
  },
  {
    "review": "헬레나 본햄 카터의 청아하고 귀여운 외모와 영화는 닮은꼴..",
    "date": "11.08.03",
    "rating": "8",
    "author": "gnca****",
    "review_id": "5595091",
    "movie_id": "10480"
  },
  {
    "review": "책을읽는 분위기네요",
    "date": "11.05.20",
    "rating": "9",
    "author": "chee****",
    "review_id": "5437853",
    "movie_id": "10480"
  },
  {
    "review": "영국영화는 역시내취향이 아닌듯~수면제보다도 강력하다",
    "date": "11.05.02",
    "rating": "6",
    "author": "ypal****",
    "review_id": "5402297",
    "movie_id": "10480"
  },
  {
    "review": "아름다운 시절의 아름다운 영화..",
    "date": "11.03.24",
    "rating": "10",
    "author": "chyk****",
    "review_id": "5332485",
    "movie_id": "10480"
  },
  {
    "review": "영화의 배경과 음악, 배우들의 연기가 잘 어우러진 보면 볼수록 아름다운 영화입니다",
    "date": "11.02.28",
    "rating": "10",
    "author": "wang****",
    "review_id": "5284935",
    "movie_id": "10480"
  },
  {
    "review": "고전을 읽는 듯하다. 잔잔하지만 흡입력이 있다.",
    "date": "10.11.06",
    "rating": "7",
    "author": "cont****",
    "review_id": "4941373",
    "movie_id": "10480"
  },
  {
    "review": "배경이좋네요",
    "date": "10.10.20",
    "rating": "8",
    "author": "0212****",
    "review_id": "4912759",
    "movie_id": "10480"
  },
  {
    "review": "지루하고 결말도 뻔했다..헬레나 본햄 카터의 어릴적 모습이라 그나마 괜찮았던영화?",
    "date": "10.08.22",
    "rating": "5",
    "author": "son1****",
    "review_id": "4779174",
    "movie_id": "10480"
  },
  {
    "review": "사춘기 소녀가 꿈꾸는 사랑을 이보다 더 아름답게 그린 영화가 있을까!",
    "date": "10.06.01",
    "rating": "10",
    "author": "legi****",
    "review_id": "4536820",
    "movie_id": "10480"
  },
  {
    "review": "여러번 봤어요 볼때마나 정말 좋네요 ㅎㅎ",
    "date": "10.05.16",
    "rating": "10",
    "author": "amel****",
    "review_id": "4503745",
    "movie_id": "10480"
  },
  {
    "review": "격정적이진 않지만 점잖고 품위있는 구애와 결혼에 이르는 길.",
    "date": "10.02.03",
    "rating": "6",
    "author": "luna****",
    "review_id": "4240981",
    "movie_id": "10480"
  },
  {
    "review": "절제된 이야기도 좋지만 배경으로 깔리는 클래식, 영상, 캐스팅까지 모두 좋다",
    "date": "09.11.01",
    "rating": "10",
    "author": "gate****",
    "review_id": "3930233",
    "movie_id": "10480"
  },
  {
    "review": "영국영화는 언제나 20%가 부족한데, 그동안 본 영국영화 중에 몇 안되는 잘만든영화.",
    "date": "09.06.15",
    "rating": "9",
    "author": "0007****",
    "review_id": "3567170",
    "movie_id": "10480"
  },
  {
    "review": "줄리안샌즈와 헬레나본햄카터,.그외배우들의 명연기!! 소설을 읽는것같은 스토리~",
    "date": "09.06.01",
    "rating": "10",
    "author": "fuwa****",
    "review_id": "3538201",
    "movie_id": "10480"
  },
  {
    "review": "이 영화를 본 후 가슴속에 쓰나미가 일었다! George&Lucy는 어딨을까",
    "date": "09.04.14",
    "rating": "10",
    "author": "niki****",
    "review_id": "3421407",
    "movie_id": "10480"
  },
  {
    "review": "왠지 ......짜증나서 못보겠음 ..여자주인공 정말 싫었음",
    "date": "09.03.19",
    "rating": "1",
    "author": "ggon****",
    "review_id": "3374548",
    "movie_id": "10480"
  },
  {
    "review": "조금 졸렸어 ㅜㅜㅋㅋ",
    "date": "09.01.29",
    "rating": "8",
    "author": "ki__****",
    "review_id": "3262245",
    "movie_id": "10480"
  },
  {
    "review": "두번쯤봤는데 다소 전형적인 느낌도 들고 전개가 단조롭다. 취향타는 영화",
    "date": "09.01.26",
    "rating": "6",
    "author": "antw****",
    "review_id": "3251402",
    "movie_id": "10480"
  },
  {
    "review": "누군가의 전유물이 되기 전에 사회의 구속에서 벗어나, 진실한 사랑을 얻게되는 루시.",
    "date": "08.12.03",
    "rating": "10",
    "author": "unde****",
    "review_id": "3088976",
    "movie_id": "10480"
  },
  {
    "review": "몇번봐도 아름다운 영화다. 장면장면들이 완소.",
    "date": "08.11.20",
    "rating": "9",
    "author": "leh0****",
    "review_id": "3061355",
    "movie_id": "10480"
  },
  {
    "review": "헬레나 본햄 카터.. 그녀도 왕년엔 이랬다!",
    "date": "08.10.11",
    "rating": "8",
    "author": "bbq2****",
    "review_id": "2993543",
    "movie_id": "10480"
  },
  {
    "review": "황금물결 속에서의 키스신 만으로도..",
    "date": "08.08.26",
    "rating": "5",
    "author": "kkot****",
    "review_id": "2903973",
    "movie_id": "10480"
  },
  {
    "review": "가장 좋아하는 영화들중의 하나. 몇년이 지난 지금까지도 두근거리게한다.",
    "date": "08.08.18",
    "rating": "10",
    "author": "epsz****",
    "review_id": "2884542",
    "movie_id": "10480"
  },
  {
    "review": "아직 이런 고전풍의 영화를 받아들일 준비가 안되있는 나인거같다;",
    "date": "08.02.20",
    "rating": "7",
    "author": "pksj****",
    "review_id": "2465572",
    "movie_id": "10480"
  },
  {
    "review": "수십번을 봐도 항상 감동적이다. 잔잔하고 절제된 사랑",
    "date": "08.02.04",
    "rating": "10",
    "author": "sums****",
    "review_id": "2406847",
    "movie_id": "10480"
  },
  {
    "review": "음악과 영상이 잘 어우러졌다. 과장도 없이 잔잔하게 흘러갔으며 연기가 특히 굿!",
    "date": "07.12.31",
    "rating": "9",
    "author": "dnfo****",
    "review_id": "2283657",
    "movie_id": "10480"
  },
  {
    "review": "여운이남는 잔잔한 영화 보리밭?키스가 숨막히듯 멋있다죠",
    "date": "07.12.13",
    "rating": "8",
    "author": "jiro****",
    "review_id": "2228232",
    "movie_id": "10480"
  },
  {
    "review": "여성취향이라 난 여자가 아닌가? >.신고",
    "date": "07.10.28",
    "rating": "5",
    "author": "kuic****",
    "review_id": "2118842",
    "movie_id": "10480"
  },
  {
    "review": "아름다운 영상. 훈훈한 프레디. 절제의 미학.",
    "date": "07.09.14",
    "rating": "7",
    "author": "9763****",
    "review_id": "2018626",
    "movie_id": "10480"
  },
  {
    "review": "목가적 전원에서 공주옷을 입고 금발미남과...보기만 해도 좋구나.",
    "date": "07.06.30",
    "rating": "7",
    "author": "hadl****",
    "review_id": "1733239",
    "movie_id": "10480"
  },
  {
    "review": "여성취향. 예쁜영화",
    "date": "07.03.15",
    "rating": "8",
    "author": "naeg****",
    "review_id": "1535353",
    "movie_id": "10480"
  },
  {
    "review": "영상은 아름다웠지만 원작의 묘미는 거의 느낄 수 없었던 영화.",
    "date": "07.01.21",
    "rating": "6",
    "author": "homo****",
    "review_id": "1402575",
    "movie_id": "10480"
  },
  {
    "review": "예쁜 화면속 숨겨진 사랑을 재미있게 지켜볼 수 있는 영화",
    "date": "06.12.11",
    "rating": "10",
    "author": "dpfr****",
    "review_id": "1283375",
    "movie_id": "10480"
  },
  {
    "review": "내 스타일이 아니여서...",
    "date": "06.11.16",
    "rating": "8",
    "author": "call****",
    "review_id": "1236090",
    "movie_id": "10480"
  },
  {
    "review": "내 고3병을 달래주었던 영화, 내 인생 다섯영화중 하나",
    "date": "06.11.01",
    "rating": "10",
    "author": "vict****",
    "review_id": "1210358",
    "movie_id": "10480"
  },
  {
    "review": "지루하지만 참을 수 있었다",
    "date": "06.09.09",
    "rating": "10",
    "author": "zeed****",
    "review_id": "1112081",
    "movie_id": "10480"
  },
  {
    "review": "보리밭에서의 키스신, 플로렌스를 향한 꿈을 만들어준 영화!",
    "date": "06.08.16",
    "rating": "10",
    "author": "zabo****",
    "review_id": "1043146",
    "movie_id": "10480"
  },
  {
    "review": "어찌보면 지루할수도, 그래도 목욕신은 웃겼다ㅋㅋ",
    "date": "06.08.04",
    "rating": "9",
    "author": "lsge****",
    "review_id": "968177",
    "movie_id": "10480"
  },
  {
    "review": "본지 너무 오래되서 기억이 안나지만 두근두근한 맘만은 여전",
    "date": "06.07.29",
    "rating": "10",
    "author": "daem****",
    "review_id": "938098",
    "movie_id": "10480"
  },
  {
    "review": "지루.",
    "date": "06.06.10",
    "rating": "5",
    "author": "scal****",
    "review_id": "839409",
    "movie_id": "10480"
  },
  {
    "review": "아주 오래전에 봤었던 영화...가슴이 많이 떨렸었다!",
    "date": "06.05.14",
    "rating": "9",
    "author": "sout****",
    "review_id": "799929",
    "movie_id": "10480"
  },
  {
    "review": "기억에 오래도록 남는 아름다운 영화^^",
    "date": "06.05.03",
    "rating": "10",
    "author": "zamp****",
    "review_id": "784358",
    "movie_id": "10480"
  },
  {
    "review": "숲 속 목욕신 너무 우껴서 떼굴떼굴 굴렀지요",
    "date": "06.04.24",
    "rating": "10",
    "author": "dlfh****",
    "review_id": "773715",
    "movie_id": "10480"
  },
  {
    "review": "기대가 컸던 만큼 실망도 컸던 영화. 흥미진진?Oh no~",
    "date": "06.03.16",
    "rating": "7",
    "author": "lipt****",
    "review_id": "719119",
    "movie_id": "10480"
  },
  {
    "review": "그때의 감동을 아직도 잊을 수 없다.멋진 영화!!",
    "date": "06.02.11",
    "rating": "10",
    "author": "hjki****",
    "review_id": "663640",
    "movie_id": "10480"
  },
  {
    "review": "우연히TV에서보고 푹빠짐.소장하고 몇번이나봄.'?'가 인상적",
    "date": "06.01.23",
    "rating": "10",
    "author": "ball****",
    "review_id": "614554",
    "movie_id": "10480"
  },
  {
    "review": "명성과 포스터로 유명해져 기댈 했었는데, 내용은 지루하기까지",
    "date": "06.01.13",
    "rating": "7",
    "author": "uran****",
    "review_id": "584251",
    "movie_id": "10480"
  },
  {
    "review": "다시 보고 싶은 영화.. 몇번이나 봤던 영화..아름다운 영화",
    "date": "05.10.18",
    "rating": "10",
    "author": "ipro****",
    "review_id": "446496",
    "movie_id": "10480"
  },
  {
    "review": "명성에 비해그다지 감동은 없었던 영화,흔한 사랑놀음 정도..?",
    "date": "05.07.01",
    "rating": "7",
    "author": "gig7****",
    "review_id": "310165",
    "movie_id": "10480"
  },
  {
    "review": "모든 영화는 그 당시의 가치관을 어렴풋이 드러내는듯..",
    "date": "05.06.27",
    "rating": "9",
    "author": "abag****",
    "review_id": "307879",
    "movie_id": "10480"
  },
  {
    "review": "영국은 사랑하는 방식도 우아하고 점잔케(?) 한다.",
    "date": "05.04.27",
    "rating": "9",
    "author": "tjsd****",
    "review_id": "267159",
    "movie_id": "10480"
  },
  {
    "review": "포스터가 넘 이뻐서 봤는데 지루했고,헬레나 안어울렸음",
    "date": "05.04.26",
    "rating": "7",
    "author": "rpdm****",
    "review_id": "266789",
    "movie_id": "10480"
  },
  {
    "review": "글쎄..그다지 재미없음..명성에 비해",
    "date": "05.04.03",
    "rating": "5",
    "author": "red0****",
    "review_id": "252554",
    "movie_id": "10480"
  },
  {
    "review": "피렌체를 가보게 만든 영화",
    "date": "05.02.15",
    "rating": "10",
    "author": "icoc****",
    "review_id": "220663",
    "movie_id": "10480"
  },
  {
    "review": "허공에의 질주를 비롯하여 80년대를 대표하는 영화...",
    "date": "05.01.21",
    "rating": "10",
    "author": "haei****",
    "review_id": "191865",
    "movie_id": "10480"
  },
  {
    "review": "영화로 보는 책같은 느낌..",
    "date": "05.01.07",
    "rating": "7",
    "author": "spri****",
    "review_id": "179540",
    "movie_id": "10480"
  },
  {
    "review": "헉..벌써 이영화본게..7년전이구나..배경이랑 음악이 너무 예뻤던..영화",
    "date": "04.10.16",
    "rating": "10",
    "author": "moi6****",
    "review_id": "126878",
    "movie_id": "10480"
  },
  {
    "review": "몇년이 흐른 지금에도 감동과 여운은 그대로다.",
    "date": "04.10.13",
    "rating": "10",
    "author": "gma7****",
    "review_id": "124787",
    "movie_id": "10480"
  },
  {
    "review": "내 인생의 영화 다섯편 중 하나",
    "date": "04.10.01",
    "rating": "10",
    "author": "miff****",
    "review_id": "118439",
    "movie_id": "10480"
  },
  {
    "review": "아름다운 플로방스와 푸치니의 음악이 조화를 이뤄 더 아름다운 영화",
    "date": "04.08.25",
    "rating": "10",
    "author": "blue****",
    "review_id": "96972",
    "movie_id": "10480"
  },
  {
    "review": "솔직히 인내심이 아주 필요한 영화였어요.",
    "date": "04.08.24",
    "rating": "8",
    "author": "didr****",
    "review_id": "96332",
    "movie_id": "10480"
  },
  {
    "review": "첫사랑에 대한 짠한 느낌과 조용한 전원 풍경을 느끼며 ...",
    "date": "04.08.06",
    "rating": "10",
    "author": "plok****",
    "review_id": "84734",
    "movie_id": "10480"
  },
  {
    "review": "10년전에 봤던 영화가 제 기억에 아직두 남아 있는영화....",
    "date": "04.07.23",
    "rating": "10",
    "author": "gus5****",
    "review_id": "75122",
    "movie_id": "10480"
  },
  {
    "review": "묘하게 가슴두근거리게 만드는 영화.",
    "date": "04.07.14",
    "rating": "10",
    "author": "wind****",
    "review_id": "70509",
    "movie_id": "10480"
  },
  {
    "review": "당시 빅토리아 시대의 여성상을 볼수있는 영화...",
    "date": "04.06.12",
    "rating": "9",
    "author": "hhhu****",
    "review_id": "53258",
    "movie_id": "10480"
  },
  {
    "review": "사랑을 아는 사람은 알수 있는 영화~ 최고..^^b",
    "date": "04.04.26",
    "rating": "10",
    "author": "only****",
    "review_id": "39255",
    "movie_id": "10480"
  }
]