[
  {
    "review": "영국 귀족 계급의 가식과 모순, 여성의 주체적인 삶 보다는 차타레 부인의 억눌린 욕정을 표현하는 것에만 너무 치우친 듯.",
    "date": "15.02.14",
    "rating": "7",
    "author": "sipj****",
    "review_id": "9695281",
    "movie_id": "10482"
  },
  {
    "review": "옛날영화들의 공통분모인지 신분차를 넘는사랑이라니?실화였으면 저러다 금방깨질거고 여자는 진퇴양난이되겠지, 육체적사랑은 순간일뿐이다~남편이 한말이 진심이라고 생각하는 여주도 멍청하고, 어찌보면 간호?할매가 다 꾸민 자작극처럼보임 젤영악함 ㅎㅎ",
    "date": "15.02.05",
    "rating": "5",
    "author": "inuk****",
    "review_id": "9669232",
    "movie_id": "10482"
  },
  {
    "review": "예술성이 돋보이는 대작이다. 너무 야한 쪽으로만 보지말라!",
    "date": "13.03.23",
    "rating": "10",
    "author": "kyus****",
    "review_id": "7401031",
    "movie_id": "10482"
  },
  {
    "review": "예술작품인데,,,야한것만 기대했다면 야동을 봐야지,,",
    "date": "13.02.24",
    "rating": "9",
    "author": "khh2****",
    "review_id": "7297501",
    "movie_id": "10482"
  },
  {
    "review": "차타레 부인의 사랑... 이 같은 작품에 별점을 기대하는게 넘 이상한가??ㅜㅠ",
    "date": "12.11.24",
    "rating": "8",
    "author": "spar****",
    "review_id": "6922096",
    "movie_id": "10482"
  },
  {
    "review": "말 허벅지와 삼두근육...그리고 무성한 수염..",
    "date": "12.03.31",
    "rating": "10",
    "author": "vedd****",
    "review_id": "6181838",
    "movie_id": "10482"
  },
  {
    "review": "막상 뚜껑을 열고 나선.. 이게 뭐야? 이게 다야? 고작 이거야?  했더라는..",
    "date": "11.10.14",
    "rating": "2",
    "author": "pria****",
    "review_id": "5787768",
    "movie_id": "10482"
  },
  {
    "review": "잘된 영화인데 평점 너무짜다. 캐스팅도 좋고",
    "date": "11.05.08",
    "rating": "10",
    "author": "chha****",
    "review_id": "5415071",
    "movie_id": "10482"
  },
  {
    "review": "더이상 섹시하지않은 에로배우와 더이상작품(?)을 남길수없는 노작가와의 망령된만남.",
    "date": "10.11.17",
    "rating": "6",
    "author": "baks****",
    "review_id": "4966441",
    "movie_id": "10482"
  },
  {
    "review": "크...실비아 크리스텔....그녀를 아는가.!!",
    "date": "10.03.17",
    "rating": "1",
    "author": "wham****",
    "review_id": "4363105",
    "movie_id": "10482"
  },
  {
    "review": "본능에충실하자",
    "date": "09.06.09",
    "rating": "10",
    "author": "sseo****",
    "review_id": "3554471",
    "movie_id": "10482"
  },
  {
    "review": "원작을 읽으세요",
    "date": "06.08.01",
    "rating": "10",
    "author": "zeed****",
    "review_id": "952706",
    "movie_id": "10482"
  },
  {
    "review": "부와 명예보다 진정한 사랑을 찾아라!? 도덕적 모순도 버리면서?",
    "date": "05.12.31",
    "rating": "5",
    "author": "jals****",
    "review_id": "546493",
    "movie_id": "10482"
  },
  {
    "review": "영화가 전개돼는 곳이 한정돼어 있고 너무 단순하다...",
    "date": "04.05.28",
    "rating": "4",
    "author": "arie****",
    "review_id": "47065",
    "movie_id": "10482"
  }
]