[
  {
    "review": "초중반이 약간 지루할수도있는데 후반이 그걸다 보상해줌",
    "date": "15.06.06",
    "rating": "7",
    "author": "mond****",
    "review_id": "9980598",
    "movie_id": "10488"
  },
  {
    "review": "아주 오래된 영화지만 그래픽 떡칠한 요새 영화보다 천배는 좋은 영화다. 우울할때 보면 기분 좋은 영화..",
    "date": "15.06.03",
    "rating": "9",
    "author": "vlkj****",
    "review_id": "9971439",
    "movie_id": "10488"
  },
  {
    "review": "80년대에 이렇게 세련되고 유쾌한 영화가..서부 배경도 너무 멋지고 코믹한 로버트 드니로의 연기. 다음 생에 만나자. 또 걷게 생겼군.",
    "date": "15.05.15",
    "rating": "10",
    "author": "jdud****",
    "review_id": "9920409",
    "movie_id": "10488"
  },
  {
    "review": "특유의 진지하면서 엉뚱한 코믹과 잔잔한 감동이 영화 내내 계속됨. 배우들의 명연기는 두말할 것 없고, 결말도 기분 좋다 ^^ 이런 좋은 영화를 추천해준 지인에게 무한한 감사를...",
    "date": "15.04.12",
    "rating": "10",
    "author": "flig****",
    "review_id": "9843270",
    "movie_id": "10488"
  },
  {
    "review": "말이 필요없는 영화~~드니로도 좋지만,찰스 그로딘의 능청맞은 연기는 보는 내내 실소를 자아내게 만든다.비행기 조종사였어????이 대사와 장면에서는 정말 배꼽 빠지게 웃은~~유쾌함이란 이런감정이 아닐까 싶게 만드는 영화..",
    "date": "15.04.06",
    "rating": "10",
    "author": "jojo****",
    "review_id": "9831969",
    "movie_id": "10488"
  },
  {
    "review": "새벽에 잠안와서 깻는데 티비를 켜니까 영화채널에서 방영하데요 2시에 시작했던데 30분 까먹고 기차에서 치킨뜯는거 보고 배고프기도 하고 훈훈해서 계속 보다보니 4시임 원래 영화를 보면 몰입 잘 못하는데 억수로 신기하다 이영화. 넘 잘만들었다",
    "date": "15.04.06",
    "rating": "10",
    "author": "rail****",
    "review_id": "9830770",
    "movie_id": "10488"
  },
  {
    "review": "롸벗니로~ 를 좋아하게 만든 영화! 가끔 다시 보는 영화 중, 하나",
    "date": "14.12.28",
    "rating": "10",
    "author": "mjka****",
    "review_id": "9529470",
    "movie_id": "10488"
  },
  {
    "review": "드니로의 80년대 액션수작",
    "date": "14.11.27",
    "rating": "9",
    "author": "rnfh****",
    "review_id": "9426258",
    "movie_id": "10488"
  },
  {
    "review": "2번 봐도 재밌다. 딸이 돈 줄 때 살짝 눈물도 나고 대사들도 재치있고 두탑의 앙상블도 뛰어나고... 어렸을 땐 늑수구리해 보였는데 이젠 나랑 나이차이도 안 나네.... 그래선지 귀엽네....이런 느낌 주는 영화 는 이제 만나기 어렵다.",
    "date": "14.09.03",
    "rating": "10",
    "author": "jrwo****",
    "review_id": "9158151",
    "movie_id": "10488"
  },
  {
    "review": "마지막 엔딩크래딧이 올라갈때 혼자서 박수치게 한영화...스토리만큼은 최고라고 자부하고 싶다.로버트 드니로 본인역시 가장 기억에 남는 영화라고 한영화다.마틴브래스트는 이작품이후 이만한 작품을 만들고 있지못해많이 아쉽다.",
    "date": "14.06.21",
    "rating": "10",
    "author": "hsi1****",
    "review_id": "8844932",
    "movie_id": "10488"
  },
  {
    "review": "소장하면서 두루두루 보여주고 같이 웃고 싶은 영화",
    "date": "14.05.26",
    "rating": "9",
    "author": "saka****",
    "review_id": "8766482",
    "movie_id": "10488"
  },
  {
    "review": "진짜 대박이다..꿀잼",
    "date": "14.03.17",
    "rating": "10",
    "author": "nbw4****",
    "review_id": "8584008",
    "movie_id": "10488"
  },
  {
    "review": "보는 내내 이렇게 훈훈할 수가 없었다. 드니로가 연기한 캐릭터 중 가장 맘에 든 영화이며 스토리가 어떻게 흘러갈지 눈에 빤히 보이는데도 충분히 몰입하며 재밌게 볼 수 있었고, 출연진 모두가 빛나는 그런 명작이었다. 다들 한번쯤 보기를 강추한다.",
    "date": "14.02.14",
    "rating": "10",
    "author": "rsk4****",
    "review_id": "8505576",
    "movie_id": "10488"
  },
  {
    "review": "괜찮다.. 그러나 딱히 기억에 남는 거는 없다",
    "date": "14.02.12",
    "rating": "8",
    "author": "xx41****",
    "review_id": "8501051",
    "movie_id": "10488"
  },
  {
    "review": "바로 이맛! 이런영화는 이제 더이상 나올수 없다는게 슬프다",
    "date": "14.01.14",
    "rating": "10",
    "author": "boon****",
    "review_id": "8382936",
    "movie_id": "10488"
  },
  {
    "review": "다시 보고 싶은 영화... 중학교 1학년때 봤는데.. 형, 누나, 엄마는 깔깔대며 웃었는데.. 나만 유머코드를 이해 못했음 ㅠ_ㅠ.. 구하기도 힘들어 ㅠ_ㅠ",
    "date": "13.12.24",
    "rating": "6",
    "author": "klei****",
    "review_id": "8287512",
    "movie_id": "10488"
  },
  {
    "review": "80년대에 지금까지 통하는 장면 과 유머 정말 대단하다",
    "date": "13.11.05",
    "rating": "8",
    "author": "kth3****",
    "review_id": "8116960",
    "movie_id": "10488"
  },
  {
    "review": "유쾌하고 연기도 좋은영화.마지막엔 지금까지의 장면들을 주마등처럼 지나가게 하고 생각까지하게만드는 여운까지.최고의 오락영화다 이래서 80,90년대가 그립다니까.",
    "date": "13.06.16",
    "rating": "8",
    "author": "chjy****",
    "review_id": "7647421",
    "movie_id": "10488"
  },
  {
    "review": "보는 내내 유쾌한 영화.고전 명작",
    "date": "13.04.10",
    "rating": "10",
    "author": "cred****",
    "review_id": "7447988",
    "movie_id": "10488"
  },
  {
    "review": "삶에지쳐  답답하고 웃고싶을때  이 영화를 다시 꺼내봅니다 매우 아끼는 외국영화",
    "date": "13.03.09",
    "rating": "10",
    "author": "ypal****",
    "review_id": "7333754",
    "movie_id": "10488"
  },
  {
    "review": "갱스터 영화로만 봤던 로버트 드니롤 코미디 영화로도 볼 수 있어 재밌었다.^^",
    "date": "13.01.23",
    "rating": "9",
    "author": "rara****",
    "review_id": "7158536",
    "movie_id": "10488"
  },
  {
    "review": "지금 봐도 재미있다 간만에 즐겁게 그리고 훈훈하게 웃을수 있는 영화였다",
    "date": "12.12.02",
    "rating": "10",
    "author": "xjum****",
    "review_id": "6961967",
    "movie_id": "10488"
  },
  {
    "review": "훈훈하고 정이 느껴지는 영화 너무 좋다",
    "date": "12.11.04",
    "rating": "8",
    "author": "meha****",
    "review_id": "6852096",
    "movie_id": "10488"
  },
  {
    "review": "또 걷게 생겼군",
    "date": "12.10.14",
    "rating": "10",
    "author": "lym6****",
    "review_id": "6801091",
    "movie_id": "10488"
  },
  {
    "review": "전형적이지만 팝콘무비로서 즐길만한  오락물",
    "date": "12.08.30",
    "rating": "5",
    "author": "rd72****",
    "review_id": "6656963",
    "movie_id": "10488"
  },
  {
    "review": "정말 잘만든 영화",
    "date": "12.08.25",
    "rating": "10",
    "author": "hong****",
    "review_id": "6641630",
    "movie_id": "10488"
  },
  {
    "review": "그런데 이게 왜 18세?",
    "date": "12.07.02",
    "rating": "10",
    "author": "last****",
    "review_id": "6437528",
    "movie_id": "10488"
  },
  {
    "review": "볼수록 완벽함",
    "date": "12.04.14",
    "rating": "10",
    "author": "wkan****",
    "review_id": "6218876",
    "movie_id": "10488"
  },
  {
    "review": "강력추천",
    "date": "12.04.13",
    "rating": "10",
    "author": "ahhu****",
    "review_id": "6214963",
    "movie_id": "10488"
  },
  {
    "review": "대작중의 대작",
    "date": "12.03.01",
    "rating": "10",
    "author": "myje****",
    "review_id": "6114002",
    "movie_id": "10488"
  },
  {
    "review": "괜찮았던 로드무비... 마지막 여운까지...",
    "date": "12.02.29",
    "rating": "9",
    "author": "sarg****",
    "review_id": "6113264",
    "movie_id": "10488"
  },
  {
    "review": "오랜만에 진짜 재밌는 영화 봤네요 ㅎㅎ 강추",
    "date": "12.02.13",
    "rating": "10",
    "author": "ksh1****",
    "review_id": "6073123",
    "movie_id": "10488"
  },
  {
    "review": "23년됐다.. 그런데도 재밌다.. 평점을 떨어뜨리지 않기 위해 10점.",
    "date": "11.12.31",
    "rating": "10",
    "author": "worn****",
    "review_id": "5949265",
    "movie_id": "10488"
  },
  {
    "review": "다음 생애에서도 만나고 싶다.",
    "date": "11.12.27",
    "rating": "9",
    "author": "bbq2****",
    "review_id": "5939941",
    "movie_id": "10488"
  },
  {
    "review": "80,90년대 영화를 사랑할 수 밖에 없는 이유",
    "date": "11.12.21",
    "rating": "10",
    "author": "bsba****",
    "review_id": "5920134",
    "movie_id": "10488"
  },
  {
    "review": "적당히 볼만함.",
    "date": "11.12.20",
    "rating": "7",
    "author": "dbzh****",
    "review_id": "5918311",
    "movie_id": "10488"
  },
  {
    "review": "좋은 연기! 뛰어난 유머!",
    "date": "11.11.26",
    "rating": "10",
    "author": "pica****",
    "review_id": "5870886",
    "movie_id": "10488"
  },
  {
    "review": "이런 '맛'이 항상 그리웠다고!!",
    "date": "11.10.16",
    "rating": "9",
    "author": "kent****",
    "review_id": "5792949",
    "movie_id": "10488"
  },
  {
    "review": "웃긴 로드무비 마지막에는 잔잔한 여운 까지...",
    "date": "11.08.21",
    "rating": "8",
    "author": "unre****",
    "review_id": "5676728",
    "movie_id": "10488"
  },
  {
    "review": "너무 길어서 지루한맛도있었지만 뭐..그럭저럭 볼만했다..조금은 여운이남는다",
    "date": "11.07.17",
    "rating": "7",
    "author": "pido****",
    "review_id": "5550493",
    "movie_id": "10488"
  },
  {
    "review": "편안한 마음으로 볼 수 있는 유쾌한 영화.",
    "date": "11.06.28",
    "rating": "10",
    "author": "jude****",
    "review_id": "5504657",
    "movie_id": "10488"
  },
  {
    "review": "소재가 촌스럽고 구식이어도 정말 괜찮은 영화는 상관이 없더라 살짝진부한건봐주자",
    "date": "11.06.23",
    "rating": "8",
    "author": "jh_a****",
    "review_id": "5494323",
    "movie_id": "10488"
  },
  {
    "review": "처음부터 마지막장면까지 입가에 웃음을 짓게하는 영화",
    "date": "11.06.01",
    "rating": "8",
    "author": "sunn****",
    "review_id": "5459717",
    "movie_id": "10488"
  },
  {
    "review": "당연 드니로 그리고 최고의 코미디 콤비영화",
    "date": "11.05.28",
    "rating": "7",
    "author": "hjj5****",
    "review_id": "5452957",
    "movie_id": "10488"
  },
  {
    "review": "탄탄한 스토리와 변치 않는 로버트 드니로의 연기",
    "date": "11.02.26",
    "rating": "8",
    "author": "cont****",
    "review_id": "5276252",
    "movie_id": "10488"
  },
  {
    "review": "드니로 최고의 영화다. 드니로 본인도 애착이 간 영화라고 했음 조연들이 탄탄함",
    "date": "10.10.14",
    "rating": "10",
    "author": "antk****",
    "review_id": "4901470",
    "movie_id": "10488"
  },
  {
    "review": "20이지난후 다시보는중 글남기내요 드라마나코메디 조아하시는분들에게 강추!!!",
    "date": "10.10.03",
    "rating": "10",
    "author": "allh****",
    "review_id": "4881759",
    "movie_id": "10488"
  },
  {
    "review": "다음생에서 만나자 라는 대사가 기억에 남는다.",
    "date": "10.10.02",
    "rating": "10",
    "author": "ahn9****",
    "review_id": "4879973",
    "movie_id": "10488"
  },
  {
    "review": "마빈! 마빈!",
    "date": "10.07.17",
    "rating": "10",
    "author": "zedk****",
    "review_id": "4645787",
    "movie_id": "10488"
  },
  {
    "review": "잭과 듀크는 서로에 대해 견디지 못했던 폴리머 분자가 결합하는 관계가 되었다.",
    "date": "10.06.23",
    "rating": "10",
    "author": "youe****",
    "review_id": "4586760",
    "movie_id": "10488"
  },
  {
    "review": "아 이 영화 다시 보고 싶다..어디서 보나,,,",
    "date": "10.04.27",
    "rating": "10",
    "author": "mone****",
    "review_id": "4459065",
    "movie_id": "10488"
  },
  {
    "review": "그대 담배,선글라스 개그를 아는가??보는 내내 웃음이 끊기지 않는 유쾌한 영화",
    "date": "10.04.03",
    "rating": "10",
    "author": "yarn****",
    "review_id": "4408578",
    "movie_id": "10488"
  },
  {
    "review": "이 영화 다시 한번 봐야겠다. 정말 재미있는 영화.",
    "date": "10.03.21",
    "rating": "9",
    "author": "mist****",
    "review_id": "4371380",
    "movie_id": "10488"
  },
  {
    "review": "시간이 금방감. 추격전 완전 재밌음 ㅋㅋ",
    "date": "10.03.06",
    "rating": "10",
    "author": "qhrt****",
    "review_id": "4337663",
    "movie_id": "10488"
  },
  {
    "review": "'작정'하고 배꼽 빼는 영화.",
    "date": "10.02.04",
    "rating": "8",
    "author": "luna****",
    "review_id": "4243674",
    "movie_id": "10488"
  },
  {
    "review": "스콜세지의 감독이아닌작품의 드니로가 더끌리는 이유는 왜일까?  유쾌한 영화였다",
    "date": "10.01.12",
    "rating": "9",
    "author": "kimh****",
    "review_id": "4161854",
    "movie_id": "10488"
  },
  {
    "review": "20년전 영화인데도 완전 재밌음 ㅋㅋㅋ",
    "date": "09.12.31",
    "rating": "10",
    "author": "ferv****",
    "review_id": "4112657",
    "movie_id": "10488"
  },
  {
    "review": "재치있는 대사들이 일품! 이만한 오락영화 보기 힘들 듯하다.",
    "date": "09.12.01",
    "rating": "8",
    "author": "cube****",
    "review_id": "4008091",
    "movie_id": "10488"
  },
  {
    "review": "그냥 재밌다",
    "date": "09.12.01",
    "rating": "10",
    "author": "sdb1****",
    "review_id": "4006788",
    "movie_id": "10488"
  },
  {
    "review": "이런 명작이 왜 아직도 더 나오지 않는가??? 최고의 영화!!!",
    "date": "09.11.23",
    "rating": "10",
    "author": "tran****",
    "review_id": "3985897",
    "movie_id": "10488"
  },
  {
    "review": "젊은 드니로 보아서 좋았내요",
    "date": "09.11.08",
    "rating": "8",
    "author": "o0wl****",
    "review_id": "3945663",
    "movie_id": "10488"
  },
  {
    "review": "굿굿굿",
    "date": "09.10.09",
    "rating": "10",
    "author": "wis7****",
    "review_id": "3881964",
    "movie_id": "10488"
  },
  {
    "review": "내 평생 가장 재밌게 본 영화...세상사가 힘겨울때 지금도 꺼내보는 영화...",
    "date": "09.09.27",
    "rating": "10",
    "author": "pin5****",
    "review_id": "3853282",
    "movie_id": "10488"
  },
  {
    "review": "이런 유쾌한 영화가 좋아..  good~",
    "date": "09.07.03",
    "rating": "9",
    "author": "ydh2****",
    "review_id": "3607415",
    "movie_id": "10488"
  },
  {
    "review": "'재밌다'는 한마디면 그만인 영화다.ㅋㅋㅋ",
    "date": "09.06.21",
    "rating": "10",
    "author": "jmp0****",
    "review_id": "3580739",
    "movie_id": "10488"
  },
  {
    "review": "올드버젼 트랜스포터~ 그시절의 맛이 살아있구나!",
    "date": "09.06.09",
    "rating": "7",
    "author": "fon9****",
    "review_id": "3555142",
    "movie_id": "10488"
  },
  {
    "review": "짱~!!!!!",
    "date": "09.05.28",
    "rating": "10",
    "author": "crys****",
    "review_id": "3526750",
    "movie_id": "10488"
  },
  {
    "review": "유쾌 상쾌 통쾌!!",
    "date": "09.05.27",
    "rating": "10",
    "author": "zsed****",
    "review_id": "3526055",
    "movie_id": "10488"
  },
  {
    "review": "이영화가 왜 18금????",
    "date": "09.05.05",
    "rating": "10",
    "author": "ecst****",
    "review_id": "3470141",
    "movie_id": "10488"
  },
  {
    "review": "유쾌하고 웃기면서 적당한 액션도 포함된 영화",
    "date": "09.04.09",
    "rating": "7",
    "author": "deff****",
    "review_id": "3412837",
    "movie_id": "10488"
  },
  {
    "review": "찰스 그로딘의 표정연기가 압권",
    "date": "09.04.07",
    "rating": "10",
    "author": "jeek****",
    "review_id": "3409723",
    "movie_id": "10488"
  },
  {
    "review": "ㅋㅋㅋㅋㅋㅋ진짜재밋네",
    "date": "09.02.01",
    "rating": "10",
    "author": "dw40****",
    "review_id": "3270670",
    "movie_id": "10488"
  },
  {
    "review": "한 10번은 봤나.. 봐도봐도 재밌다..",
    "date": "09.01.24",
    "rating": "10",
    "author": "2001****",
    "review_id": "3244583",
    "movie_id": "10488"
  },
  {
    "review": "국민학교때 봤던 언제봐도 유쾌한 로드무비",
    "date": "08.12.24",
    "rating": "9",
    "author": "yaso****",
    "review_id": "3144060",
    "movie_id": "10488"
  },
  {
    "review": "이게 20년 전꺼라니.. 밑기지않는다 촤고다!",
    "date": "08.10.22",
    "rating": "10",
    "author": "quat****",
    "review_id": "3013719",
    "movie_id": "10488"
  },
  {
    "review": "이만큼 재미있는 영화도 드물음. 10점을 안줄 수 없음.",
    "date": "08.10.15",
    "rating": "10",
    "author": "jhyo****",
    "review_id": "3000512",
    "movie_id": "10488"
  },
  {
    "review": "평점이 좋길레 봤는데 ... 참 재밌네요",
    "date": "08.10.03",
    "rating": "10",
    "author": "neos****",
    "review_id": "2981296",
    "movie_id": "10488"
  },
  {
    "review": "3번다 처음부터 끝까지 집중해서 본영화,",
    "date": "08.09.20",
    "rating": "10",
    "author": "newj****",
    "review_id": "2960624",
    "movie_id": "10488"
  },
  {
    "review": "20년이 지났지만 여전히 재미있는 영화",
    "date": "08.07.31",
    "rating": "10",
    "author": "scho****",
    "review_id": "2818878",
    "movie_id": "10488"
  },
  {
    "review": "FBI와 현상범들과 갱들이 얽히고 섥히는 이야기가 꽤 흥미진진하다.",
    "date": "08.07.18",
    "rating": "9",
    "author": "pola****",
    "review_id": "2776575",
    "movie_id": "10488"
  },
  {
    "review": "짜임새있는 스토리전게에 드니로그로딘의 명품코믹연기가 돋보이는 영화~~",
    "date": "08.06.25",
    "rating": "10",
    "author": "s040****",
    "review_id": "2719704",
    "movie_id": "10488"
  },
  {
    "review": "드니로와 찰스 그로딘 두 남자 너무 사랑스럽다",
    "date": "08.06.14",
    "rating": "10",
    "author": "stro****",
    "review_id": "2698381",
    "movie_id": "10488"
  },
  {
    "review": "10번도 더 본 영화",
    "date": "08.02.22",
    "rating": "10",
    "author": "iamt****",
    "review_id": "2472443",
    "movie_id": "10488"
  },
  {
    "review": "고딩때 영화관에서본영화...지금생각해도 넘재밌음..",
    "date": "08.01.13",
    "rating": "10",
    "author": "feng****",
    "review_id": "2324613",
    "movie_id": "10488"
  },
  {
    "review": "어떻게 10점을 안주니...!!!!!이런영화에",
    "date": "07.12.25",
    "rating": "10",
    "author": "tlsf****",
    "review_id": "2263597",
    "movie_id": "10488"
  },
  {
    "review": "옛날영화치곤 굿!! 20년이라는세월이 무색할정도~~",
    "date": "07.10.11",
    "rating": "10",
    "author": "song****",
    "review_id": "2082908",
    "movie_id": "10488"
  },
  {
    "review": "작정하고 만든 오락영화..한마디로 잼있따",
    "date": "07.09.05",
    "rating": "9",
    "author": "baks****",
    "review_id": "2003128",
    "movie_id": "10488"
  },
  {
    "review": "얽히는 상황이 참 재미있었다!!뭔가 깔끔한 느낌??^^",
    "date": "07.06.10",
    "rating": "8",
    "author": "revo****",
    "review_id": "1693560",
    "movie_id": "10488"
  },
  {
    "review": "오랜만에 봐도 역시 재미있는 80년대 정말 잘 만들어진 코미디",
    "date": "07.05.01",
    "rating": "10",
    "author": "7sop****",
    "review_id": "1614763",
    "movie_id": "10488"
  },
  {
    "review": "뜻밖에 발견한 수작 영화. 드니로와 그로딘의 버디 연기는 의외로 괜찮은 조화.",
    "date": "07.04.25",
    "rating": "8",
    "author": "cksn****",
    "review_id": "1604899",
    "movie_id": "10488"
  },
  {
    "review": "간만에 재밌는 영화봔네...찰스 그로딘때문에 배꼽이...",
    "date": "07.03.25",
    "rating": "10",
    "author": "cjw2****",
    "review_id": "1554555",
    "movie_id": "10488"
  },
  {
    "review": "볼만함",
    "date": "07.03.13",
    "rating": "8",
    "author": "cjrl****",
    "review_id": "1532475",
    "movie_id": "10488"
  },
  {
    "review": "쫓고 쫓기는 추격전속에 반전에 반전을 거듭하는 재기발랄한 버디무비",
    "date": "07.02.17",
    "rating": "7",
    "author": "down****",
    "review_id": "1480044",
    "movie_id": "10488"
  },
  {
    "review": "볼만한데",
    "date": "06.12.24",
    "rating": "8",
    "author": "zeed****",
    "review_id": "1322557",
    "movie_id": "10488"
  },
  {
    "review": "유명세에 비해선 조금 실망인데...너무 기대했나",
    "date": "06.12.23",
    "rating": "8",
    "author": "nala****",
    "review_id": "1316850",
    "movie_id": "10488"
  },
  {
    "review": "일본 만화 건스미스 캣츠도 이영화가 모티브라지",
    "date": "06.12.20",
    "rating": "10",
    "author": "soli****",
    "review_id": "1306655",
    "movie_id": "10488"
  },
  {
    "review": "이 영화의 매력은 아무리 봐도 질리지 않는다는점",
    "date": "06.12.20",
    "rating": "10",
    "author": "matr****",
    "review_id": "1306654",
    "movie_id": "10488"
  },
  {
    "review": "각본.완벽한 배우들의 연기.모든요소들이 다 완벽하다.",
    "date": "06.12.17",
    "rating": "10",
    "author": "yjpa****",
    "review_id": "1301402",
    "movie_id": "10488"
  },
  {
    "review": "형사코미디의 정석.명작 그리고 색다른 버디.로드무비..",
    "date": "06.10.01",
    "rating": "9",
    "author": "jaux****",
    "review_id": "1151701",
    "movie_id": "10488"
  },
  {
    "review": "스토리를 외우게된 영화.",
    "date": "06.09.08",
    "rating": "10",
    "author": "kula****",
    "review_id": "1111097",
    "movie_id": "10488"
  }
]