[
  {
    "review": "할아버지 81생일날 81모양의 초를 카메라 앵글이 돌려 반대편으로 가면서 18로 보이는 장면 아직도 생생하네요.. 한번도 보고 싶은데 찾을수가 없네요",
    "date": "15.01.25",
    "rating": "10",
    "author": "nebu****",
    "review_id": "9634158",
    "movie_id": "10496"
  },
  {
    "review": "최고입니다.옛날생각많이나네요.",
    "date": "15.01.18",
    "rating": "10",
    "author": "dspv****",
    "review_id": "9609964",
    "movie_id": "10496"
  },
  {
    "review": "92년도인가 93년도인가sbs에서 보여준건데 지금도 가끔 생각이 난다. 20년이 더 됐구나. 그만큼 재미있었다.",
    "date": "14.06.07",
    "rating": "10",
    "author": "alra****",
    "review_id": "8810149",
    "movie_id": "10496"
  },
  {
    "review": "이 영화 보고 시퍼여 어떻게 하면 되여 현재는 볼수 없나요?",
    "date": "13.11.27",
    "rating": "10",
    "author": "ctic****",
    "review_id": "8170862",
    "movie_id": "10496"
  },
  {
    "review": "평점이 너무 낮아서 올립니다",
    "date": "13.11.18",
    "rating": "10",
    "author": "expo****",
    "review_id": "8149327",
    "movie_id": "10496"
  },
  {
    "review": "다시 보고싶어 찾은 추억의 영화",
    "date": "12.12.17",
    "rating": "10",
    "author": "snow****",
    "review_id": "7013670",
    "movie_id": "10496"
  },
  {
    "review": "강추합니다!~~~~~~~",
    "date": "12.01.22",
    "rating": "10",
    "author": "ryan****",
    "review_id": "6007764",
    "movie_id": "10496"
  },
  {
    "review": "별로야 .....",
    "date": "11.11.09",
    "rating": "4",
    "author": "drd1****",
    "review_id": "5837459",
    "movie_id": "10496"
  },
  {
    "review": "평점이 너무 높아서 내립니다",
    "date": "11.08.17",
    "rating": "1",
    "author": "qkrt****",
    "review_id": "5662232",
    "movie_id": "10496"
  },
  {
    "review": "적당히 괜찮은 영화. 나름 재미는 있음.",
    "date": "10.11.29",
    "rating": "5",
    "author": "whit****",
    "review_id": "5005349",
    "movie_id": "10496"
  },
  {
    "review": "티비에서 재미있게 봤던 추억의 영화",
    "date": "10.05.22",
    "rating": "9",
    "author": "seun****",
    "review_id": "4516573",
    "movie_id": "10496"
  },
  {
    "review": "최고였죠.",
    "date": "09.10.04",
    "rating": "10",
    "author": "cale****",
    "review_id": "3872281",
    "movie_id": "10496"
  },
  {
    "review": "우와 평점 10점이야... 다시 보고 싶어지네요.",
    "date": "09.09.21",
    "rating": "10",
    "author": "thdn****",
    "review_id": "3842022",
    "movie_id": "10496"
  },
  {
    "review": "티비에서정말재밌게봤던영화인데,다시보고싶네요.17어게인은쓰레기고.",
    "date": "09.08.28",
    "rating": "10",
    "author": "ball****",
    "review_id": "3793743",
    "movie_id": "10496"
  },
  {
    "review": "정말 잼있게 본 영화인데 별로 유명하지 않네요...^^;",
    "date": "09.08.22",
    "rating": "10",
    "author": "mira****",
    "review_id": "3776694",
    "movie_id": "10496"
  },
  {
    "review": "이영화 볼수있는데 없을까요??다시한번 꼭 보고싶은데...",
    "date": "09.07.14",
    "rating": "10",
    "author": "maya****",
    "review_id": "3632296",
    "movie_id": "10496"
  },
  {
    "review": "다시 보고싶은데 구할수가 없네요 정말 재밋는 영화인데",
    "date": "09.06.10",
    "rating": "10",
    "author": "magi****",
    "review_id": "3555658",
    "movie_id": "10496"
  },
  {
    "review": "너무 재밌게 봐서 비디오로 개인소장하고 있는 영화. 10번 봤음.",
    "date": "09.04.12",
    "rating": "10",
    "author": "stit****",
    "review_id": "3418123",
    "movie_id": "10496"
  },
  {
    "review": "우연찬케 검색하다가 과거에 보았다는걸 알게된 기억을 고맙게 생각 합니다! 추천",
    "date": "09.03.17",
    "rating": "10",
    "author": "zinw****",
    "review_id": "3371579",
    "movie_id": "10496"
  },
  {
    "review": "15년전? 오래전에 반해서, 나이먹구 또 보려 자료를 아무리 찾아도 없었는데.. 있네용",
    "date": "09.03.07",
    "rating": "10",
    "author": "jhmi****",
    "review_id": "3352002",
    "movie_id": "10496"
  },
  {
    "review": "완소 영화입니다 또보고싶은데 쉽지가 않네요",
    "date": "08.05.23",
    "rating": "10",
    "author": "hisi****",
    "review_id": "2658387",
    "movie_id": "10496"
  },
  {
    "review": "중1때 TV에서 봤는데 지금도 다시 보고싶은 영화예요. 재미있고 따뜻한 영화죠",
    "date": "08.01.21",
    "rating": "10",
    "author": "nigh****",
    "review_id": "2353178",
    "movie_id": "10496"
  },
  {
    "review": "세대 간의 이해만이 아니라 사랑과 이해,가족애등을 아우른",
    "date": "07.11.01",
    "rating": "10",
    "author": "kism****",
    "review_id": "2125563",
    "movie_id": "10496"
  },
  {
    "review": "오래전 본 영화인데도 잊혀지지 않는 정말 재미있는 영화~",
    "date": "06.07.20",
    "rating": "10",
    "author": "reza****",
    "review_id": "908329",
    "movie_id": "10496"
  },
  {
    "review": "정말 재미있고 감동이 있는 영화.. 3번본듯..",
    "date": "06.07.08",
    "rating": "10",
    "author": "spir****",
    "review_id": "876384",
    "movie_id": "10496"
  },
  {
    "review": "기대 이상의 영화 이영화가 유명하지 않은지 의문",
    "date": "05.06.13",
    "rating": "10",
    "author": "pace****",
    "review_id": "298959",
    "movie_id": "10496"
  },
  {
    "review": "너무 재밌게봤던 영화... 한 세번인가 봤었음",
    "date": "05.05.16",
    "rating": "10",
    "author": "desi****",
    "review_id": "279145",
    "movie_id": "10496"
  }
]