[
  {
    "review": "너무너무 감명깊게봤는데  다시보고싶네요",
    "date": "12.12.23",
    "rating": "10",
    "author": "dac2****",
    "review_id": "7036382",
    "movie_id": "10499"
  },
  {
    "review": "날 영화매니아로 만든, 철들고 최초로 본 극장 영화",
    "date": "12.05.03",
    "rating": "10",
    "author": "airl****",
    "review_id": "6267689",
    "movie_id": "10499"
  },
  {
    "review": "정말루 영화 감동적임",
    "date": "11.09.13",
    "rating": "10",
    "author": "popo****",
    "review_id": "5727044",
    "movie_id": "10499"
  },
  {
    "review": "실화를 바탕으로 한 아름다운 사랑이야기.",
    "date": "10.09.23",
    "rating": "9",
    "author": "wan6****",
    "review_id": "4861916",
    "movie_id": "10499"
  }
]