[
  {
    "review": "오프닝때 소피마르소 얼굴을 보여줄때 소름이 쫙 돋는다...아 정말 미치도록 이쁘다! 한시대를 대표하는 진정한 미녀!!",
    "date": "15.08.05",
    "rating": "10",
    "author": "riii****",
    "review_id": "10186970",
    "movie_id": "10494"
  },
  {
    "review": "소피마르소 눈엔 보석이 있네. 어쩜 얼굴형에 몸매까지 모난 구석 없이 저리 예쁠까?",
    "date": "15.05.17",
    "rating": "10",
    "author": "3535****",
    "review_id": "9927838",
    "movie_id": "10494"
  },
  {
    "review": "소피마르소가 가장 이뻤을때 찍은 영화. OST 'You call it love'가 흘러나오면서, 소프마르소 얼굴을 클로즈업하는 케이블카에서의 오프닝씬은 신비로운 여신을 가장 아름답게 연출한 최고의 명장면이다.",
    "date": "15.02.08",
    "rating": "10",
    "author": "kjk9****",
    "review_id": "9677512",
    "movie_id": "10494"
  },
  {
    "review": "세상에는 수많은 미인들이 많다. 하지만 국제적이며 모두가 공감하는 세기적인 미인들은 그렇게 많진 않다. 내가 생각하는 미인은 동양적으로는  히로스에 료코, 왕조현 등이며 서양에서는 오드리햅번,올리비아핫세,그리고 소피마르소 인것 같다...",
    "date": "15.01.21",
    "rating": "10",
    "author": "catd****",
    "review_id": "9617710",
    "movie_id": "10494"
  },
  {
    "review": "오프닝 시퀀스만 8점. 그 이후로는 3점도 아까움. 대체 이 로맨스를 통해서 뭘 느껴야 하는지를 모르겠음. 아예 구성이란 걸 모르고 쓴 각본같다는 생각이 들었다.",
    "date": "14.10.16",
    "rating": "3",
    "author": "para****",
    "review_id": "9296478",
    "movie_id": "10494"
  },
  {
    "review": "옛날 영화라는 느낌은 강하지만 오히려 그런 부분에서 주인공들의 순수함이 잘 묻어나는듯. 프랑스 영화만의 이 독특함이 너무 잘 묻어나는 영화! 그리고.. 여주인공 어떻게 이렇게 생길 수 있나 싶다... 참고:15세 영화로 봐도 될듯^^",
    "date": "14.10.12",
    "rating": "10",
    "author": "moks****",
    "review_id": "9286018",
    "movie_id": "10494"
  },
  {
    "review": "극장 간판에 \"유 콜 잇 러브\"였는데 제목이 \"여학생\"??? ...누가 관리하는지 몰라도 아무생각 없으면서, 세상물정 모르는 젊은 아 인 것 같네... 근데, 이 영화가 이렇게 야 했나?? 많이도 잘라냈네..",
    "date": "14.10.06",
    "rating": "9",
    "author": "bete****",
    "review_id": "9270484",
    "movie_id": "10494"
  },
  {
    "review": "이제와 기억나는건 스키곤돌라에서 조금씩 드러나는 소피의 아름다운 얼굴 뿐",
    "date": "14.09.17",
    "rating": "8",
    "author": "lees****",
    "review_id": "9220586",
    "movie_id": "10494"
  },
  {
    "review": "너무 예쁜 소피 마르소 +_+여자인 내가 봐도 하트뿅뿅",
    "date": "14.08.18",
    "rating": "8",
    "author": "lime****",
    "review_id": "9104729",
    "movie_id": "10494"
  },
  {
    "review": "별 내용의 깊이가 존재하지 않고 자잘한 소재들이 평행적이지 않게 자잘한 곡선을 그리고 있는 영화. 여 주인공에 비해 남자 주인공이 매력이 없음. 탄탄한 스토리, 연관성, 소재 부족이 이 영화의 단점이라고 볼수 있다. 너무 감정적으로만 접근한 영화이다.",
    "date": "14.07.25",
    "rating": "5",
    "author": "1127****",
    "review_id": "8959388",
    "movie_id": "10494"
  },
  {
    "review": "내 생에 사랑의 감정을 처음 느낀 영화였고 이 영화의 OST가 어딘가에서 흘러나오면 아직도 설렌다...",
    "date": "14.07.22",
    "rating": "9",
    "author": "robb****",
    "review_id": "8939546",
    "movie_id": "10494"
  },
  {
    "review": "못구해서 못보다가 티비에서 해줘서 이제서야 봤는데.주제가가 좋아서 보려했던 영화인데 생각만큼 아니 그 이상의 감동이다. 요즘은 이런 수작이 없어서 아쉽다.세기의 수작♥ 기대하지도 않았던 소피마르소의 뛰어난 연기력에 한번더 놀랐다.  최고의 여배우임",
    "date": "14.06.18",
    "rating": "10",
    "author": "sdss****",
    "review_id": "8838113",
    "movie_id": "10494"
  },
  {
    "review": "유~~콜~~잇럽~~노래조탕",
    "date": "14.06.14",
    "rating": "10",
    "author": "anam****",
    "review_id": "8829683",
    "movie_id": "10494"
  },
  {
    "review": "소파마르소~이런여자랑 사랑을한다면 세상에모든 사물이 전부 아름답게 느껴질듯~ 그시절연애영화로는 최고인듯~물론 소피마르소가 있었기에 최고였지만^^",
    "date": "14.06.02",
    "rating": "10",
    "author": "min0****",
    "review_id": "8787591",
    "movie_id": "10494"
  },
  {
    "review": "넘 귀여워서 웃을 때만 해도 내가 울 줄은 몰랐는데 ㅎ 여자에 대한 이야기같아서 왠지 위로를 받은 기분이드네요. 폭풍연애~ 제 내부의 두 여자가 싸우는 듯한 대사들이 인상적....  그래서 감동적입니다",
    "date": "14.05.12",
    "rating": "10",
    "author": "jhka****",
    "review_id": "8724964",
    "movie_id": "10494"
  },
  {
    "review": "가끔씩 볼때마다 소피마르소의 미모에 감탄하게되는 영화.캐롤라인 크루거의 예쁜목소리도 참 듣기좋다.",
    "date": "14.05.12",
    "rating": "10",
    "author": "rosy****",
    "review_id": "8724953",
    "movie_id": "10494"
  },
  {
    "review": "소피~! 소피~! 소피~!",
    "date": "14.05.11",
    "rating": "9",
    "author": "tn99****",
    "review_id": "8724935",
    "movie_id": "10494"
  },
  {
    "review": "전반적으로 훌륭하다. 긴 말 필요없다.",
    "date": "14.05.11",
    "rating": "10",
    "author": "rkaw****",
    "review_id": "8723984",
    "movie_id": "10494"
  },
  {
    "review": "첫 장면인 스키장에서의 설렘, 빠리의 낭만을 보여주는 것도 모자라 OST까지 마음을 살살 간지럽힌다. 전화선을 타며 설레는 마음을 쭉 이어가길 바랬는데 중간중간 만났던 것이 아주 약간 아쉽다. 오랜만에 가슴 떨리는 영화를 봐서 좋다.",
    "date": "14.04.04",
    "rating": "9",
    "author": "veri****",
    "review_id": "8626834",
    "movie_id": "10494"
  },
  {
    "review": "내 고등학교때 개봉한 영화, 그 때를 생각나게 하는 영화, 내 어릴 적 영원한 핀업걸",
    "date": "14.03.31",
    "rating": "6",
    "author": "yise****",
    "review_id": "8619447",
    "movie_id": "10494"
  },
  {
    "review": "소피마르소가 너무나 예뻤던 아름다운 사랑 이야기",
    "date": "14.02.27",
    "rating": "8",
    "author": "mais****",
    "review_id": "8541042",
    "movie_id": "10494"
  },
  {
    "review": "소피 마르소의 최절정기에 나온 영화! 솔직히 이후론 그저그런 행보를 걸었는데 이 영화 하나가 정말이지;; 소피마르소란 배우가 아니라면 없었을 영화라 해도 과언이 아닌 시절이지..",
    "date": "14.01.15",
    "rating": "10",
    "author": "orra****",
    "review_id": "8385052",
    "movie_id": "10494"
  },
  {
    "review": "사랑에 빠진 여자의 모습, 행동, 심리를 정말 리얼하게 잘 그려냈다. 절박하게 공부 해야할 때 사랑에 빠졌던 내 스물한살의 기억이 아련하게 떠올라 더 공감이 간다.",
    "date": "13.12.31",
    "rating": "10",
    "author": "fash****",
    "review_id": "8327753",
    "movie_id": "10494"
  },
  {
    "review": "아직까지 못본 사람이 있으면 꼭 다운 받아서라도 보시길... 재미도 재미지만 로맨스 영화답게 너무 달달하네요. 지금과는 약간은 다른 시대의 영화라 오글거리면서도 답답한 면도 있지만 모든것을 감안하고 본다면 최고의 로맨스 영화라 생각합니다.",
    "date": "13.12.15",
    "rating": "10",
    "author": "cksd****",
    "review_id": "8215606",
    "movie_id": "10494"
  },
  {
    "review": "진짜 여운을 많이 남기고 가슴이 따뜻해지는영화이네요 ♥",
    "date": "13.12.02",
    "rating": "10",
    "author": "gust****",
    "review_id": "8185011",
    "movie_id": "10494"
  },
  {
    "review": "이 아름다운 영화가 다시 개봉되었군요. 현재 사랑을 하고있는, 사랑을 원하는 모든 20대들에게 이 영화를 추천합니다.",
    "date": "13.11.22",
    "rating": "9",
    "author": "opti****",
    "review_id": "8159922",
    "movie_id": "10494"
  },
  {
    "review": "내가 태어나 본 사람중에 가장 이쁘다고 생각한 사람이 올리비아핫세인데... 이영화에서의 소피마르소의 미모는 이미 인간사가 아닌듯 싶다. 여신그 자체인듯하다;;;",
    "date": "13.11.21",
    "rating": "9",
    "author": "syy2****",
    "review_id": "8157986",
    "movie_id": "10494"
  },
  {
    "review": "이번에 리마스터링으로 다시 극장에서 관람했습니다. 1988년도 작임에도 전혀 촌스럽지가 않네요. 카메라샷 하나하나가 CF의 여신같은 소피마르소, 2013년 현재 연애의 밀당과 전혀 다를게 없던 1988년도 남녀관계는 변한게 없네요.",
    "date": "13.11.20",
    "rating": "8",
    "author": "podo****",
    "review_id": "8154092",
    "movie_id": "10494"
  },
  {
    "review": "어릴때 TV에서 이 영화를 보고 잠을 이루지 못했다.  OST가 아직도 생생하다.",
    "date": "13.11.17",
    "rating": "10",
    "author": "chds****",
    "review_id": "8148403",
    "movie_id": "10494"
  },
  {
    "review": "정말 재미있게 잘봤네요~^^",
    "date": "13.11.04",
    "rating": "10",
    "author": "roff****",
    "review_id": "8114145",
    "movie_id": "10494"
  },
  {
    "review": "사랑은 이런 것. 눈동자가 예쁘네요.",
    "date": "13.10.01",
    "rating": "10",
    "author": "writ****",
    "review_id": "8024867",
    "movie_id": "10494"
  },
  {
    "review": "갠적으로 별로 소피마르소라 기대햇는데...",
    "date": "13.09.19",
    "rating": "6",
    "author": "rhfl****",
    "review_id": "7995504",
    "movie_id": "10494"
  },
  {
    "review": "이 영화의 오프닝 스키장에서 소피마르소가 얼굴보일때의 장면은 그야말로 세기의 미인이라는 말이 왜 생겼나를 느낄수 있는 장면이죠.... 소피마르소가 가장 이쁜 리즈 시절에 만든 영화가 아닐까 싶습니다....",
    "date": "13.09.11",
    "rating": "9",
    "author": "pin0****",
    "review_id": "7965129",
    "movie_id": "10494"
  },
  {
    "review": "참....소피는 저런 바람둥이기질의 예술가 짜식이 뭐가 좋다구.... ,흑흑ㅡㅡㅜㅜ",
    "date": "13.08.28",
    "rating": "2",
    "author": "orga****",
    "review_id": "7929102",
    "movie_id": "10494"
  },
  {
    "review": "처음엔 촌스럽게 느껴졌던 OST가 이젠 참 매력적이고 좋다.  그들의 일에대한,사랑에 대한 열정이 너무 부럽고 멋지다.",
    "date": "13.08.25",
    "rating": "9",
    "author": "yeei****",
    "review_id": "7920492",
    "movie_id": "10494"
  },
  {
    "review": "비디오로 보고 근 13만에 다시 봄. 소피의 미모는 절정. 스토리는 그럭저럭. ost는 굿!",
    "date": "13.04.29",
    "rating": "6",
    "author": "lees****",
    "review_id": "7494463",
    "movie_id": "10494"
  },
  {
    "review": "솔까말. 라붐은 어린시절 봐도 그냥 그랬고. 소년시절에 봐도 유아틱함. 이게 지존이지. 당시 세기의 3대 미녀 피비 게이츠와 브룩 쉴즈가 무인도에서 표류하며 벌거벗고 소피 마르소가 그녀들에게 좌초되나 싶더니 여기서 음모노출로 단번에 본좌로 떠오른 작품",
    "date": "13.04.07",
    "rating": "10",
    "author": "dudo****",
    "review_id": "7442198",
    "movie_id": "10494"
  },
  {
    "review": "그 어느 누구도 범접할 수 없는 연녹갈색 눈동자, 아! 너무나 아름다운 그녀.내 가슴속에 영원하리라 소피마르소~",
    "date": "13.03.27",
    "rating": "9",
    "author": "yijg****",
    "review_id": "7414996",
    "movie_id": "10494"
  },
  {
    "review": "아름다운 영화!!",
    "date": "13.02.18",
    "rating": "10",
    "author": "alem****",
    "review_id": "7279273",
    "movie_id": "10494"
  },
  {
    "review": "라붐과 함께 소피 마르소 출연작 중 젤 재밌음...",
    "date": "13.02.11",
    "rating": "10",
    "author": "slvi****",
    "review_id": "7250555",
    "movie_id": "10494"
  },
  {
    "review": "너무재미없다. 프랑스영화는 참 별루다",
    "date": "13.01.20",
    "rating": "5",
    "author": "dlat****",
    "review_id": "7137822",
    "movie_id": "10494"
  },
  {
    "review": "다시봐도 너무 좋고 천사처럼 예쁘다.",
    "date": "12.12.29",
    "rating": "10",
    "author": "shin****",
    "review_id": "7060044",
    "movie_id": "10494"
  },
  {
    "review": "다시봐도 좋아...",
    "date": "12.12.29",
    "rating": "10",
    "author": "sork****",
    "review_id": "7058759",
    "movie_id": "10494"
  },
  {
    "review": "참네... 별점은 너무 너무 짜요 다들....ㅜㅠ",
    "date": "12.12.20",
    "rating": "10",
    "author": "spar****",
    "review_id": "7024772",
    "movie_id": "10494"
  },
  {
    "review": "소피마르소는 예쁘다 영화는 쩜쩜쩜",
    "date": "12.11.21",
    "rating": "6",
    "author": "dlgo****",
    "review_id": "6910961",
    "movie_id": "10494"
  },
  {
    "review": "최고.가장 현실적인 사랑의 감정을 담아낸 잔잔한 로맨스. 남얘기 같지 않다.",
    "date": "12.11.03",
    "rating": "9",
    "author": "yieu****",
    "review_id": "6847575",
    "movie_id": "10494"
  },
  {
    "review": "소피의 초절정 미모와 주제가만 남는 영화..영화 자체로는 빵점..",
    "date": "12.10.27",
    "rating": "6",
    "author": "dust****",
    "review_id": "6828997",
    "movie_id": "10494"
  },
  {
    "review": "미모 최절정때ㅠ 난 스토리도 좋던뎅",
    "date": "12.09.23",
    "rating": "10",
    "author": "baby****",
    "review_id": "6727194",
    "movie_id": "10494"
  },
  {
    "review": "이영화 원래제목은 \"여대생\" ost가 좋아서 그걸루 제목을 바깠었죠^^ 소피넘예쁨",
    "date": "12.06.24",
    "rating": "10",
    "author": "ldh0****",
    "review_id": "6413147",
    "movie_id": "10494"
  },
  {
    "review": "정말 재미없고 지루함",
    "date": "12.04.12",
    "rating": "1",
    "author": "kana****",
    "review_id": "6213057",
    "movie_id": "10494"
  },
  {
    "review": "전개, 구성 많이 부족함... 영화로서는 엉망. 소피마르소때문엔 볼만함 ㅋ",
    "date": "12.02.18",
    "rating": "5",
    "author": "qwer****",
    "review_id": "6083971",
    "movie_id": "10494"
  },
  {
    "review": "소피마르소 미모와 주제곡때문에 7점",
    "date": "12.01.01",
    "rating": "7",
    "author": "toma****",
    "review_id": "5951478",
    "movie_id": "10494"
  },
  {
    "review": "소피마르소 미모의 최정점이었던 시기 + 대박 ost",
    "date": "11.12.19",
    "rating": "10",
    "author": "niji****",
    "review_id": "5916138",
    "movie_id": "10494"
  },
  {
    "review": "OST만큼이나 예뻤던 영화. 소피마르소 정말 아름답다.",
    "date": "11.08.20",
    "rating": "8",
    "author": "clau****",
    "review_id": "5671868",
    "movie_id": "10494"
  },
  {
    "review": "아따 소피마르소가 이쁘긴 진짜 이뻣구나...",
    "date": "11.08.13",
    "rating": "10",
    "author": "dbzh****",
    "review_id": "5643647",
    "movie_id": "10494"
  },
  {
    "review": "몰리에르의 해석을 두고 멋지게 논리를 펴는 소피 마르소의 연기가 돋보이는 영화",
    "date": "11.08.05",
    "rating": "8",
    "author": "crys****",
    "review_id": "5604974",
    "movie_id": "10494"
  },
  {
    "review": "80년대초반에10대였던,프랑스국보급.소피마르소의 미모란,지구를 들었다 놓았다 했다.",
    "date": "11.07.28",
    "rating": "7",
    "author": "baks****",
    "review_id": "5575454",
    "movie_id": "10494"
  },
  {
    "review": "내용은 단순히 개인적인 일때문에 갈등과 오해가 생기는 영화. 그걸 살린 소피마르소",
    "date": "11.07.12",
    "rating": "8",
    "author": "leei****",
    "review_id": "5538359",
    "movie_id": "10494"
  },
  {
    "review": "처음스키장씬만기억하고싶다",
    "date": "11.07.12",
    "rating": "8",
    "author": "sksd****",
    "review_id": "5537422",
    "movie_id": "10494"
  },
  {
    "review": "태양처럼 뜨거운 사랑",
    "date": "11.06.20",
    "rating": "9",
    "author": "no13****",
    "review_id": "5491090",
    "movie_id": "10494"
  },
  {
    "review": "명작이네요. 정말 사랑에 빠지고 싶게 만드는, 행복한 영화에요♥",
    "date": "11.05.24",
    "rating": "10",
    "author": "akj0****",
    "review_id": "5446493",
    "movie_id": "10494"
  },
  {
    "review": "완전 이해는 안가지만 소피마르소는 같은 여자가 봐도 참 예쁘다는거..",
    "date": "11.05.23",
    "rating": "8",
    "author": "hey_****",
    "review_id": "5445613",
    "movie_id": "10494"
  },
  {
    "review": "재밌네",
    "date": "11.04.19",
    "rating": "10",
    "author": "0164****",
    "review_id": "5382104",
    "movie_id": "10494"
  },
  {
    "review": "you call it love, 소피 마르소만으로도 즐겁다",
    "date": "11.03.04",
    "rating": "9",
    "author": "wlfa****",
    "review_id": "5293066",
    "movie_id": "10494"
  },
  {
    "review": "무엇과도 견줄수 없는 소피 마르소 난 이 영화를 보는 것 자체가 즐겁다",
    "date": "11.03.03",
    "rating": "10",
    "author": "croe****",
    "review_id": "5290693",
    "movie_id": "10494"
  },
  {
    "review": "사랑엔 희생이 필요한법이다.. 그게 이해건 용서건간에 말이다.",
    "date": "11.01.14",
    "rating": "8",
    "author": "ejia****",
    "review_id": "5156500",
    "movie_id": "10494"
  },
  {
    "review": "최고다....",
    "date": "11.01.10",
    "rating": "10",
    "author": "hiph****",
    "review_id": "5145180",
    "movie_id": "10494"
  },
  {
    "review": "가장 빛나던 시절의 소피마르소",
    "date": "11.01.01",
    "rating": "10",
    "author": "uzup****",
    "review_id": "5111172",
    "movie_id": "10494"
  },
  {
    "review": "내용이 좀 산만하지만.. 소피마르소 땜에 볼만한 ㅋㅋ",
    "date": "10.11.24",
    "rating": "10",
    "author": "rlaw****",
    "review_id": "4986049",
    "movie_id": "10494"
  },
  {
    "review": "솔직히 영화는 재미없었지만, 여신소피와 ost덕분에 볼만했음-19女",
    "date": "10.10.25",
    "rating": "6",
    "author": "psy9****",
    "review_id": "4920279",
    "movie_id": "10494"
  },
  {
    "review": "소피마르소보는거랑 주제곡 빼고는 별로 내용이 너무 산만하다",
    "date": "10.10.04",
    "rating": "4",
    "author": "thra****",
    "review_id": "4883887",
    "movie_id": "10494"
  },
  {
    "review": "사소한게 전부다ㅠ.ㅠ",
    "date": "10.09.21",
    "rating": "10",
    "author": "hyej****",
    "review_id": "4854492",
    "movie_id": "10494"
  },
  {
    "review": "소피마르소 이뻤음 그리고 전체적으로도 볼만했음 기억에 좀 남는영화.",
    "date": "10.08.29",
    "rating": "10",
    "author": "bnm8****",
    "review_id": "4803729",
    "movie_id": "10494"
  },
  {
    "review": "초코바먹다가 첫눈에반한 벵상 링던 표정♡_♡ 나라도그랬을껄?",
    "date": "10.08.28",
    "rating": "10",
    "author": "il_d****",
    "review_id": "4797492",
    "movie_id": "10494"
  },
  {
    "review": "소피마르소의 미모가 절정일 때의 영화다. 넋 놓고 소피의 아름다움에 감탄했다.",
    "date": "10.08.17",
    "rating": "10",
    "author": "maxi****",
    "review_id": "4758705",
    "movie_id": "10494"
  },
  {
    "review": "소피마르소가 너무 이뻤다",
    "date": "10.08.03",
    "rating": "10",
    "author": "mara****",
    "review_id": "4700020",
    "movie_id": "10494"
  },
  {
    "review": "옛날 영화치곤 볼만... 소피마르소는 정말 ㅎㄷㄷㄷㄷ",
    "date": "10.07.24",
    "rating": "6",
    "author": "yihs****",
    "review_id": "4668084",
    "movie_id": "10494"
  },
  {
    "review": "소피 마르소를 나의 이상형으로 만들어준 영화... 종종 보고싶은 영화",
    "date": "10.07.15",
    "rating": "9",
    "author": "drks****",
    "review_id": "4640841",
    "movie_id": "10494"
  },
  {
    "review": "\"고통을 주는 그 사람이 자기를 사랑하는 사람이란걸 알았을때\"",
    "date": "10.05.23",
    "rating": "10",
    "author": "obri****",
    "review_id": "4517785",
    "movie_id": "10494"
  },
  {
    "review": "정말 우리나라 제목하난 잘 지음... ㅋㅋ OST 덕분에 이런 제목을~",
    "date": "10.05.14",
    "rating": "10",
    "author": "sant****",
    "review_id": "4498647",
    "movie_id": "10494"
  },
  {
    "review": "소피 마르소만 이쁘지 프랑스 헛소리들",
    "date": "10.05.14",
    "rating": "5",
    "author": "bbq2****",
    "review_id": "4497508",
    "movie_id": "10494"
  },
  {
    "review": "소피 마르소의 미모와 신나는 OST 밖에 건질게 없다.솔직히 줄거리는...",
    "date": "10.04.12",
    "rating": "1",
    "author": "stup****",
    "review_id": "4429553",
    "movie_id": "10494"
  },
  {
    "review": "풋풋하면서도 섬세한 남녀의 감정",
    "date": "10.04.06",
    "rating": "10",
    "author": "defk****",
    "review_id": "4414897",
    "movie_id": "10494"
  },
  {
    "review": "변덕스러운 변화는 인간의 성격을 닮은 영화의 설정, 이기적인 소피마르소의 아름다움",
    "date": "10.04.05",
    "rating": "9",
    "author": "hj78****",
    "review_id": "4414675",
    "movie_id": "10494"
  },
  {
    "review": "소피의 미모때문에 영화가 더욱 빛나고 재미있는 영화!",
    "date": "10.02.20",
    "rating": "9",
    "author": "jjyn****",
    "review_id": "4302399",
    "movie_id": "10494"
  },
  {
    "review": "Very good!",
    "date": "10.02.05",
    "rating": "9",
    "author": "nost****",
    "review_id": "4249969",
    "movie_id": "10494"
  },
  {
    "review": "OST 만으로도 최고다... 초반 노래에서 눈물 나올 뻔..",
    "date": "10.01.12",
    "rating": "10",
    "author": "boll****",
    "review_id": "4161847",
    "movie_id": "10494"
  },
  {
    "review": "음악이 넘흐 아름답다",
    "date": "10.01.04",
    "rating": "2",
    "author": "swee****",
    "review_id": "4130273",
    "movie_id": "10494"
  },
  {
    "review": "소피 마르소 좀 성격이 고약하긴 했지만 그냥 볼만했음",
    "date": "09.11.30",
    "rating": "9",
    "author": "didc****",
    "review_id": "4004032",
    "movie_id": "10494"
  },
  {
    "review": "사랑은 장난으로 하지 마세요...ㅜㅜ",
    "date": "09.11.30",
    "rating": "9",
    "author": "deja****",
    "review_id": "4003991",
    "movie_id": "10494"
  },
  {
    "review": "너무 좋은 여행입니다 ^^",
    "date": "09.11.29",
    "rating": "10",
    "author": "wood****",
    "review_id": "4001326",
    "movie_id": "10494"
  },
  {
    "review": "현실에 부딪힌 사랑. 소피의 아름다움. 그리고 OST",
    "date": "09.11.25",
    "rating": "7",
    "author": "sams****",
    "review_id": "3989634",
    "movie_id": "10494"
  },
  {
    "review": "신나는 노래로 유명한 영화",
    "date": "09.09.09",
    "rating": "10",
    "author": "alsl****",
    "review_id": "3821353",
    "movie_id": "10494"
  },
  {
    "review": "소피마르소 아니었음 영화 들어가지도 못 했을 듯.",
    "date": "09.08.20",
    "rating": "6",
    "author": "eorn****",
    "review_id": "3770711",
    "movie_id": "10494"
  },
  {
    "review": "사랑을 하면서도  멋지게 공부하는 소피마르소에게 감동했다. 트레비앙~",
    "date": "09.08.16",
    "rating": "10",
    "author": "mdh8****",
    "review_id": "3754373",
    "movie_id": "10494"
  },
  {
    "review": "소피 마르소때문에 이영화가 흥행이된 중심이랄까.",
    "date": "09.08.07",
    "rating": "7",
    "author": "dnst****",
    "review_id": "3720618",
    "movie_id": "10494"
  },
  {
    "review": "라붐은 릴된게 있던데 유콜은 못 본듯 다시 보고싶다 소극장에서 조용히~",
    "date": "09.08.04",
    "rating": "8",
    "author": "movi****",
    "review_id": "3709066",
    "movie_id": "10494"
  },
  {
    "review": "스토리 이런거 다 필요없어. ost좋고 소피마르소 나오면 됬지!!!",
    "date": "09.06.21",
    "rating": "10",
    "author": "grip****",
    "review_id": "3579063",
    "movie_id": "10494"
  },
  {
    "review": "사랑의 과정, 그리고 그 마음이 너무 와닿는다.",
    "date": "09.05.17",
    "rating": "8",
    "author": "shyj****",
    "review_id": "3501954",
    "movie_id": "10494"
  },
  {
    "review": "완전 최고,. 완전 공감 ㅠㅠ",
    "date": "09.04.30",
    "rating": "10",
    "author": "jjon****",
    "review_id": "3449677",
    "movie_id": "10494"
  }
]