[
  {
    "review": "참다 결국 포기하다.",
    "date": "12.06.11",
    "rating": "1",
    "author": "pria****",
    "review_id": "6383978",
    "movie_id": "10491"
  },
  {
    "review": "스토리가 병맛..정말 노래만 괜찮은..",
    "date": "11.06.04",
    "rating": "2",
    "author": "nets****",
    "review_id": "5464109",
    "movie_id": "10491"
  },
  {
    "review": "음악빼면,시체인 영화.큰 기대를 했다가는 ,아주 피보게 될것이다.한마디로 시시하다.",
    "date": "11.02.19",
    "rating": "2",
    "author": "baks****",
    "review_id": "5255792",
    "movie_id": "10491"
  },
  {
    "review": "시대 감안하면 잘 만들었네",
    "date": "10.11.23",
    "rating": "7",
    "author": "expr****",
    "review_id": "4982972",
    "movie_id": "10491"
  },
  {
    "review": "다른거다떠나서주제가음악이정말흥미롭다.",
    "date": "08.11.02",
    "rating": "8",
    "author": "ldg0****",
    "review_id": "3031152",
    "movie_id": "10491"
  },
  {
    "review": "영화도 볼만 하지만 O.ST.도 Stevie Wonder가 참여해서 좀 쩔어요 최고 !",
    "date": "08.09.19",
    "rating": "10",
    "author": "play****",
    "review_id": "2957024",
    "movie_id": "10491"
  },
  {
    "review": "very good !",
    "date": "07.10.19",
    "rating": "8",
    "author": "cles****",
    "review_id": "2098612",
    "movie_id": "10491"
  },
  {
    "review": "유쾌한 내용전개가 돋보인다",
    "date": "07.03.11",
    "rating": "8",
    "author": "nala****",
    "review_id": "1528973",
    "movie_id": "10491"
  },
  {
    "review": "바람피우는 사내와 계집의 우스개 이야기, 보기에 무척 즐겁다.",
    "date": "07.01.06",
    "rating": "10",
    "author": "baeh****",
    "review_id": "1361347",
    "movie_id": "10491"
  },
  {
    "review": "재밋는 코메디",
    "date": "06.12.05",
    "rating": "8",
    "author": "ysuh****",
    "review_id": "1268218",
    "movie_id": "10491"
  }
]