[
  {
    "review": "대충 만든 느낌의 영화..",
    "date": "15.01.16",
    "rating": "5",
    "author": "adiv****",
    "review_id": "9602415",
    "movie_id": "10490"
  },
  {
    "review": "베스트 쓰레기 영화였음.",
    "date": "14.10.19",
    "rating": "1",
    "author": "ilvo****",
    "review_id": "9302375",
    "movie_id": "10490"
  },
  {
    "review": "오직 주님만의 살길이다... 반기독교인의 혹평이 영화를 망친다...",
    "date": "14.08.26",
    "rating": "10",
    "author": "jupi****",
    "review_id": "9136033",
    "movie_id": "10490"
  },
  {
    "review": "중학교때 극장에서 봤는데 그때 그 당시 느낌으로 9점 줍니다. 상당히 종말의 분위기가 잘 표현됨.",
    "date": "14.08.08",
    "rating": "9",
    "author": "lion****",
    "review_id": "9048121",
    "movie_id": "10490"
  },
  {
    "review": "나는 무신론자이지만 꽤 흥미롭게 봤음.. 무려 20년이 넘은 영화.. 성서니 히브리어니 유대인이니 낯설음 자체가 오묘함.. 그리고 89년도의 뉴스와 지금의 뉴스가 변함없이 똑같거나 더 심해졌다는 것도 인상적.",
    "date": "13.09.20",
    "rating": "6",
    "author": "lyk0****",
    "review_id": "8000357",
    "movie_id": "10490"
  },
  {
    "review": "찝찝한영화중의 하나",
    "date": "13.07.20",
    "rating": "6",
    "author": "dlat****",
    "review_id": "7767504",
    "movie_id": "10490"
  },
  {
    "review": "그럭저럭",
    "date": "13.07.03",
    "rating": "5",
    "author": "skat****",
    "review_id": "7699448",
    "movie_id": "10490"
  },
  {
    "review": "이 영화는 성서에 나오는 종말론을 풀어서 만든건데 인상깊은 장면이 몇있다. 마지막에 세상을 구하는 애비...이런 비극은 오지 않기를.",
    "date": "13.07.01",
    "rating": "9",
    "author": "miko****",
    "review_id": "7694611",
    "movie_id": "10490"
  },
  {
    "review": "역시 네이버 평점은 믿을게 못된다, 2점 주는애들은 정말... 개독 싫어하지만 꼭 개독이 아니라도 좋은영화다..",
    "date": "13.05.24",
    "rating": "10",
    "author": "kats****",
    "review_id": "7551520",
    "movie_id": "10490"
  },
  {
    "review": "어릴적에봤을때는 꽤재밌었다. 지금보면 어떨진모르겠지만 일단10점!",
    "date": "12.09.10",
    "rating": "10",
    "author": "song****",
    "review_id": "6684497",
    "movie_id": "10490"
  },
  {
    "review": "평점왜이래? 괜찮은데",
    "date": "12.08.27",
    "rating": "10",
    "author": "kuky****",
    "review_id": "6648174",
    "movie_id": "10490"
  },
  {
    "review": "파릇파릇 데미무어 구경하기. 끝.",
    "date": "11.09.16",
    "rating": "2",
    "author": "pria****",
    "review_id": "5735903",
    "movie_id": "10490"
  },
  {
    "review": "이거 뭐야....특히 마지막은....정말 황당...",
    "date": "10.10.03",
    "rating": "5",
    "author": "son1****",
    "review_id": "4882018",
    "movie_id": "10490"
  },
  {
    "review": "초반에는 꽤 흥미로운듯 했는데 정말 벌것 없다. 요즘 기준으로 보면 너무 식상함.",
    "date": "10.05.16",
    "rating": "3",
    "author": "nasu****",
    "review_id": "4502525",
    "movie_id": "10490"
  },
  {
    "review": "당시 흥미로운 소재와 톱 배우들 주연에 비해 영화적 재미는 떨어졌던 ..",
    "date": "09.04.06",
    "rating": "6",
    "author": "gall****",
    "review_id": "3408614",
    "movie_id": "10490"
  },
  {
    "review": "데미무어 애낳느라 고생하는 장면 기억남",
    "date": "08.10.31",
    "rating": "7",
    "author": "seun****",
    "review_id": "3027595",
    "movie_id": "10490"
  },
  {
    "review": "인류에 대한 선한 희망이있는 영화...신의 뜻을바꾼 사람",
    "date": "08.07.11",
    "rating": "10",
    "author": "sunr****",
    "review_id": "2753753",
    "movie_id": "10490"
  },
  {
    "review": "7번째 종말을 위한 계시를 담았다 흥미로운 설정과 전개",
    "date": "08.06.16",
    "rating": "7",
    "author": "deff****",
    "review_id": "2703262",
    "movie_id": "10490"
  },
  {
    "review": "예고편은 10점 만점. 데미무어 때문에 7점 줬다.",
    "date": "08.05.14",
    "rating": "7",
    "author": "poli****",
    "review_id": "2641127",
    "movie_id": "10490"
  },
  {
    "review": "예전에 봤음 모르겠지만,지금보니..왕식상해요...",
    "date": "07.09.13",
    "rating": "3",
    "author": "drd1****",
    "review_id": "2018121",
    "movie_id": "10490"
  },
  {
    "review": "기독교를 싫어하지만 영화는 최고다",
    "date": "07.09.04",
    "rating": "10",
    "author": "turu****",
    "review_id": "2001383",
    "movie_id": "10490"
  },
  {
    "review": "제법 재미있다니까 벌어지는 사건도 그럴듯하고",
    "date": "07.07.23",
    "rating": "8",
    "author": "baks****",
    "review_id": "1801734",
    "movie_id": "10490"
  },
  {
    "review": "오래 되었지만 지금봐도 볼만함",
    "date": "07.07.22",
    "rating": "8",
    "author": "zeed****",
    "review_id": "1799301",
    "movie_id": "10490"
  },
  {
    "review": "무섭다기 보다는 왠지 슬픔이 느껴졌던...",
    "date": "07.03.01",
    "rating": "7",
    "author": "nala****",
    "review_id": "1510480",
    "movie_id": "10490"
  },
  {
    "review": "이야기는 그럴 듯하지만 감독의 연출력이 부족",
    "date": "07.01.08",
    "rating": "3",
    "author": "lemo****",
    "review_id": "1368243",
    "movie_id": "10490"
  },
  {
    "review": "나름 재밌음",
    "date": "06.12.30",
    "rating": "7",
    "author": "naeg****",
    "review_id": "1341992",
    "movie_id": "10490"
  },
  {
    "review": "근데 그 동그란 인간 그려져 있는것을 무엇일까",
    "date": "06.09.05",
    "rating": "8",
    "author": "baba****",
    "review_id": "1105341",
    "movie_id": "10490"
  },
  {
    "review": "오래된 영화 많이 나온 소재지만 그래도 볼만하다.",
    "date": "06.09.02",
    "rating": "8",
    "author": "gret****",
    "review_id": "1095672",
    "movie_id": "10490"
  },
  {
    "review": "아주 오래전 영화...  기억에 오래남는 편",
    "date": "06.03.13",
    "rating": "8",
    "author": "geni****",
    "review_id": "715776",
    "movie_id": "10490"
  },
  {
    "review": "가물가물..",
    "date": "05.12.24",
    "rating": "7",
    "author": "blue****",
    "review_id": "524019",
    "movie_id": "10490"
  },
  {
    "review": "정말 오래전에 본 영화 재밌었다..",
    "date": "05.12.08",
    "rating": "8",
    "author": "wjdk****",
    "review_id": "498022",
    "movie_id": "10490"
  },
  {
    "review": "톱배우가 두명이나 나와 봤는데 완전실망",
    "date": "05.10.06",
    "rating": "1",
    "author": "okjo****",
    "review_id": "434932",
    "movie_id": "10490"
  },
  {
    "review": "흥미로운 각본을 감독의 빈약한 연출로 망쳤다.",
    "date": "05.09.16",
    "rating": "6",
    "author": "movi****",
    "review_id": "407525",
    "movie_id": "10490"
  },
  {
    "review": "인류종말에 대한 특이한 작품이였고, 좋았던 기억의 작품이다.",
    "date": "05.05.23",
    "rating": "10",
    "author": "hurs****",
    "review_id": "285070",
    "movie_id": "10490"
  },
  {
    "review": "그럭저럭 볼만하다 하지만 좀 지루하다",
    "date": "05.02.16",
    "rating": "3",
    "author": "beck****",
    "review_id": "221595",
    "movie_id": "10490"
  },
  {
    "review": "오컬트와 TV 드라마 사이에서 헤매고 또 헤매고..",
    "date": "04.10.27",
    "rating": "4",
    "author": "thin****",
    "review_id": "133724",
    "movie_id": "10490"
  },
  {
    "review": "볼만한 작품이다. 가치가 있었다.",
    "date": "04.09.10",
    "rating": "8",
    "author": "poin****",
    "review_id": "105824",
    "movie_id": "10490"
  },
  {
    "review": "한 사람의 희망으로 종말에서 세계를 구원해낸다는 줄거리로 함축할수 있다.",
    "date": "04.08.24",
    "rating": "7",
    "author": "fire****",
    "review_id": "96174",
    "movie_id": "10490"
  },
  {
    "review": "종말론 따윈 집어치워라!",
    "date": "04.08.03",
    "rating": "5",
    "author": "kpcc****",
    "review_id": "82538",
    "movie_id": "10490"
  },
  {
    "review": "무신론자가 봐도 감동받을수있는영화",
    "date": "04.04.27",
    "rating": "7",
    "author": "lee7****",
    "review_id": "39546",
    "movie_id": "10490"
  }
]