[
  {
    "review": "판소리에서 영화로...",
    "date": "13.04.09",
    "rating": "6",
    "author": "snbr****",
    "review_id": "7445386",
    "movie_id": "10509"
  },
  {
    "review": "남자배우가 저질 에로전문배우이고 연기력 밑바닥  캐스팅실패!",
    "date": "07.05.20",
    "rating": "1",
    "author": "j388****",
    "review_id": "1647885",
    "movie_id": "10509"
  },
  {
    "review": "굿^^",
    "date": "05.01.27",
    "rating": "10",
    "author": "dlsg****",
    "review_id": "197411",
    "movie_id": "10509"
  }
]