[
  {
    "review": "70년대 영화라서 화면은 구리지만 지금봐도 손색없는 스릴러~~",
    "date": "15.03.13",
    "rating": "9",
    "author": "spik****",
    "review_id": "9778769",
    "movie_id": "10503"
  },
  {
    "review": "로버트 레드포드와 막스 폰 시도우, 페이 더너웨이의 연기가 더할 나위없이 좋았다. 극본과 연출도 촘촘하고 탄탄하다. 쳐고의 작품.",
    "date": "15.01.21",
    "rating": "10",
    "author": "stem****",
    "review_id": "9620713",
    "movie_id": "10503"
  },
  {
    "review": "이유가 너무 어이없다. 구성, 진행은 참 좋았는데... 너무 허무하다.",
    "date": "14.12.13",
    "rating": "7",
    "author": "ykdi****",
    "review_id": "9471546",
    "movie_id": "10503"
  },
  {
    "review": "막스 폰 시도우 역시 대배우답게 작은역을 맡아도 존재감이 크다",
    "date": "14.11.15",
    "rating": "8",
    "author": "rnfh****",
    "review_id": "9388085",
    "movie_id": "10503"
  },
  {
    "review": "멋지네요 로버트 레드포드",
    "date": "14.11.14",
    "rating": "9",
    "author": "blon****",
    "review_id": "9384262",
    "movie_id": "10503"
  },
  {
    "review": "평점이 생각보다 너무 낮아서 그게 더 실망스럽다! 최소한 8.5점 이상 나와야하는 영화인데 고작 7점대라니.... 1970년대에 제작된 영화임을 감안한다면 상당히 잘 만들어진 스릴러영화다 요즘엔 볼만한 스릴러영화가 너무 없어서 옛날이 진짜 그립다",
    "date": "14.10.19",
    "rating": "9",
    "author": "mbes****",
    "review_id": "9303362",
    "movie_id": "10503"
  },
  {
    "review": "70년대에 만들어진 걸 감안하면 썩 잘 만들어진 첩보영화. 레드포드의 매력이 영화를 살렸음.",
    "date": "14.09.20",
    "rating": "10",
    "author": "aolm****",
    "review_id": "9228846",
    "movie_id": "10503"
  },
  {
    "review": "70년대에는 충격적이었을지 모르나... 라는 가정을 제외하고도 미적지근한 첩보영화. 설정이 주제와 맞물리지 못해 삐그덕거리고 전지전능에 가까운 로버트 레드포드와 히트맨 간의 교감은 물음표만 불러온다. 원작소설이 훨씬 더 나은.",
    "date": "14.05.25",
    "rating": "7",
    "author": "gmlw****",
    "review_id": "8765049",
    "movie_id": "10503"
  },
  {
    "review": "시드니 폴락의 스릴러물(선택, 야망의 함정 등)은 음모에 억울하게 말려든 책상물림 남자들을 선호한다. 이야말로 히치콕의 계승이지만, 폴락에게는 좀 더 뚜렷한 현실성의 레이어가 덮혀있다. 이 냉담하지 않은 현실성은, 사실 많은 감독들이 놓치는 것이다.",
    "date": "14.03.21",
    "rating": "9",
    "author": "nivr****",
    "review_id": "8593829",
    "movie_id": "10503"
  },
  {
    "review": "오 서스펜스 좋던데,. ㅎㅎ",
    "date": "13.01.04",
    "rating": "9",
    "author": "dma9****",
    "review_id": "7081283",
    "movie_id": "10503"
  },
  {
    "review": "주제는 좋으나 영화적 재미는 글쎄......",
    "date": "12.10.15",
    "rating": "6",
    "author": "bbob****",
    "review_id": "6803841",
    "movie_id": "10503"
  },
  {
    "review": "나아가지 못하고 어정쩡하다.",
    "date": "11.12.30",
    "rating": "5",
    "author": "pria****",
    "review_id": "5948574",
    "movie_id": "10503"
  },
  {
    "review": "굳..굳..역시 결말이 좀 찜찜하지만.. 관객의 상상에 맡기는 방식도 나쁘진 않은듯...",
    "date": "11.11.02",
    "rating": "8",
    "author": "unim****",
    "review_id": "5823977",
    "movie_id": "10503"
  },
  {
    "review": "아직 잘 못 봐서 다시 집중해서 봐야 하지만 재미있음!!!",
    "date": "11.11.01",
    "rating": "8",
    "author": "yeah****",
    "review_id": "5822696",
    "movie_id": "10503"
  },
  {
    "review": "70년대 미국사회와 첩보영화의 결합이 맞물린다. 지금의 첩보영화와는 다른 앙상블",
    "date": "11.10.30",
    "rating": "7",
    "author": "tabu****",
    "review_id": "5817937",
    "movie_id": "10503"
  },
  {
    "review": "제목은 재미없어 보이는데 생각보다 재밌다.",
    "date": "11.10.30",
    "rating": "7",
    "author": "hadl****",
    "review_id": "5817784",
    "movie_id": "10503"
  },
  {
    "review": "75년산 본아이던티티! 맷데이먼보다 멋진 로버트 레드포드",
    "date": "11.10.30",
    "rating": "8",
    "author": "jazz****",
    "review_id": "5817758",
    "movie_id": "10503"
  },
  {
    "review": "결말이 마음에 듬.",
    "date": "11.07.02",
    "rating": "7",
    "author": "dlwo****",
    "review_id": "5516938",
    "movie_id": "10503"
  },
  {
    "review": "정치적 의의가 크게 다가올 뿐.",
    "date": "11.03.16",
    "rating": "7",
    "author": "idle****",
    "review_id": "5315827",
    "movie_id": "10503"
  },
  {
    "review": "범작 스릴러. 다소 지겹기까지.... 시드니 폴락에겐 스릴러는 무리였나봐.",
    "date": "10.05.30",
    "rating": "7",
    "author": "mist****",
    "review_id": "4531728",
    "movie_id": "10503"
  },
  {
    "review": "최고의 첩보물이긴 한데 청부업자의 돌변과 미스테리한 결말이 옥의 티.",
    "date": "09.11.05",
    "rating": "9",
    "author": "skss****",
    "review_id": "3938777",
    "movie_id": "10503"
  },
  {
    "review": "사건의 개연성도 부족하고, 무엇보다 너무나도 지루하고 결말이 허무하다.",
    "date": "09.09.21",
    "rating": "1",
    "author": "noxp****",
    "review_id": "3842892",
    "movie_id": "10503"
  },
  {
    "review": "구성이 뛰어나구만요",
    "date": "09.09.03",
    "rating": "8",
    "author": "movi****",
    "review_id": "3808036",
    "movie_id": "10503"
  },
  {
    "review": "그럴듯하지만 억지스런 설정이 눈에 거실려요.... 여자의 설정이 특히 그러네요",
    "date": "08.07.21",
    "rating": "7",
    "author": "acti****",
    "review_id": "2788717",
    "movie_id": "10503"
  },
  {
    "review": "이라크 전쟁을 예견한 영화라고 할 수 있죠.",
    "date": "08.05.02",
    "rating": "9",
    "author": "writ****",
    "review_id": "2610104",
    "movie_id": "10503"
  },
  {
    "review": "제대로된 배우가 만들어낸 제대로된 고전 첩보영화..",
    "date": "07.10.29",
    "rating": "9",
    "author": "hide****",
    "review_id": "2120305",
    "movie_id": "10503"
  },
  {
    "review": "놀라운 옛날 첩보물,설명할수  없는 위험한 그 느낌의 분위기가 죽인다",
    "date": "07.09.23",
    "rating": "10",
    "author": "baks****",
    "review_id": "2040775",
    "movie_id": "10503"
  },
  {
    "review": "70년대 첩보물의 분위기는 나름대로 매혹적으로 다가온다.",
    "date": "07.01.31",
    "rating": "8",
    "author": "cksn****",
    "review_id": "1430197",
    "movie_id": "10503"
  },
  {
    "review": "화려한 액션도 질주도 폭발도 없는 최고의 첩보영화.",
    "date": "07.01.08",
    "rating": "10",
    "author": "kjk1****",
    "review_id": "1367793",
    "movie_id": "10503"
  },
  {
    "review": "저격자와 비슷한 시기의 멋진 첩보영화",
    "date": "06.11.03",
    "rating": "9",
    "author": "hwp0****",
    "review_id": "1213509",
    "movie_id": "10503"
  },
  {
    "review": "내가태어나기전에만들어진영환데요즘첩보쓰레기물보다열배났다",
    "date": "06.10.24",
    "rating": "7",
    "author": "maiu****",
    "review_id": "1197563",
    "movie_id": "10503"
  },
  {
    "review": "70년대 최고의 스릴러물이자 첩보물의 교과서",
    "date": "06.07.11",
    "rating": "9",
    "author": "chh7****",
    "review_id": "884224",
    "movie_id": "10503"
  },
  {
    "review": "후진 화면이 맘에 안든다",
    "date": "05.12.24",
    "rating": "6",
    "author": "kws7****",
    "review_id": "525037",
    "movie_id": "10503"
  },
  {
    "review": "레드포드, 폴락 그리고 최고의 원작!! 이것이 클래식이다.",
    "date": "05.06.05",
    "rating": "10",
    "author": "cine****",
    "review_id": "294143",
    "movie_id": "10503"
  }
]