[
  {
    "review": "곽재용의 역작. 10대시절의 내 맘을 흔들던 영화.",
    "date": "15.02.23",
    "rating": "9",
    "author": "pont****",
    "review_id": "9730353",
    "movie_id": "10502"
  },
  {
    "review": "비오는날의모습과 영상이  아름다웠던 영화어릴때 보고서 비오는 풍경이 아름다워서  봄비를  좋아하게되었다남주  여주  둘다  모두 여신 남신 이었음ㅋㅋ",
    "date": "14.12.10",
    "rating": "10",
    "author": "yhfj****",
    "review_id": "9462175",
    "movie_id": "10502"
  },
  {
    "review": "옥소리가 정말 사랑스러웠던 꽤 오래전 이야기…강석현의 어색한 연기를 여기까지만 봐서 참 다행이다…ost가 좋아서 1점 더 준다",
    "date": "14.08.17",
    "rating": "8",
    "author": "lees****",
    "review_id": "9103677",
    "movie_id": "10502"
  },
  {
    "review": "옥소리누님  이때 참 예뻤지..내 맘속의 영원한 여신^^",
    "date": "13.11.13",
    "rating": "10",
    "author": "dust****",
    "review_id": "8134887",
    "movie_id": "10502"
  },
  {
    "review": "그립다. . 너무재밌게봤었는데..이경영도많이좋아했구 ㅠㅠ",
    "date": "13.05.18",
    "rating": "10",
    "author": "ds5u****",
    "review_id": "7540011",
    "movie_id": "10502"
  },
  {
    "review": "이 영화 다운로드 서비스 좀 해주세요~!!",
    "date": "13.04.13",
    "rating": "10",
    "author": "tall****",
    "review_id": "7455167",
    "movie_id": "10502"
  },
  {
    "review": "<클래식>보고는 하도 OO가태서 욕나왔는데...이 영화는 오래전 정말 재밌게 봤었다. 세상에서 옥소리가 젤 예쁜줄 알았고...정말 애절했었는데....클래식은 왜 그렇게 만들었어...",
    "date": "13.02.19",
    "rating": "10",
    "author": "cjw2****",
    "review_id": "7282347",
    "movie_id": "10502"
  },
  {
    "review": "어릴적에 보면서 마지막에 나오는 이경영의 까마귀는 정말 아직도 가슴을 아리게 한다",
    "date": "13.01.26",
    "rating": "9",
    "author": "cota****",
    "review_id": "7177632",
    "movie_id": "10502"
  },
  {
    "review": "감수성의 끝판왕.. 강석현이라는 무서운 신인의 등장. 이경영의 까마귀. 이 영화는 레전드다",
    "date": "12.08.19",
    "rating": "10",
    "author": "nex7****",
    "review_id": "6625588",
    "movie_id": "10502"
  },
  {
    "review": "어린시절 가슴 설레이게 했던 첫 영화",
    "date": "12.08.17",
    "rating": "10",
    "author": "bini****",
    "review_id": "6619239",
    "movie_id": "10502"
  },
  {
    "review": "중학생이었던 당시 이 영화를 극장에서 보고 그 무엇인가에 반해 5~6번을 극장에서 보았던 추억이 있다. 소설도 보고 OST는 테잎이 늘어지도록 듣고... 명동의 작고 허름했던 영화사 직접 찾아가 포스터도 얻어오고... 내 어릴적 감수성의 99%.",
    "date": "12.07.23",
    "rating": "10",
    "author": "geos****",
    "review_id": "6519902",
    "movie_id": "10502"
  },
  {
    "review": "이 영화를 보며 감상에 젖던 이십여년전이 그립다...",
    "date": "12.04.16",
    "rating": "10",
    "author": "jaur****",
    "review_id": "6225156",
    "movie_id": "10502"
  },
  {
    "review": "멋진 주연배우들.",
    "date": "12.03.02",
    "rating": "1",
    "author": "pria****",
    "review_id": "6118986",
    "movie_id": "10502"
  },
  {
    "review": "레전드 영화..",
    "date": "12.02.06",
    "rating": "10",
    "author": "cdoh****",
    "review_id": "6057210",
    "movie_id": "10502"
  },
  {
    "review": "이경현 처음이자 마지막수작",
    "date": "11.10.31",
    "rating": "10",
    "author": "qngh****",
    "review_id": "5821212",
    "movie_id": "10502"
  },
  {
    "review": "비오는 날의 수채화 속에서 강석현이 머리 자르고 나타난 모습에 완전 반했삼 ^^",
    "date": "11.09.03",
    "rating": "10",
    "author": "enti****",
    "review_id": "5704991",
    "movie_id": "10502"
  },
  {
    "review": "옥소리 때문에 10점만점에 10점...너무 청순하고 아름답다",
    "date": "11.05.17",
    "rating": "10",
    "author": "tayh****",
    "review_id": "5433213",
    "movie_id": "10502"
  },
  {
    "review": "서정적 멜로..  주제가는 지금 들어도 좋다",
    "date": "09.01.10",
    "rating": "8",
    "author": "gall****",
    "review_id": "3209107",
    "movie_id": "10502"
  },
  {
    "review": "세월이지난지금도가슴한켠에남이있는영화...비오는날의수채화.",
    "date": "08.12.14",
    "rating": "10",
    "author": "tnsk****",
    "review_id": "3117689",
    "movie_id": "10502"
  },
  {
    "review": "ost도 좋고 강석현이 좋아질 정도로 가슴을 적시던 영화,옥소리도 짱",
    "date": "08.06.22",
    "rating": "10",
    "author": "leaf****",
    "review_id": "2712783",
    "movie_id": "10502"
  },
  {
    "review": "이를 봤다면 지금의 불편한 옥소리를 상상할 수 없을 것이다. 아 옛날이여 ~",
    "date": "08.01.27",
    "rating": "7",
    "author": "1stl****",
    "review_id": "2374599",
    "movie_id": "10502"
  },
  {
    "review": "곽재용 감독의 소나기에 대한 열정은 끝이없는거 같다..박수!!",
    "date": "07.08.06",
    "rating": "8",
    "author": "typo****",
    "review_id": "1888493",
    "movie_id": "10502"
  },
  {
    "review": "이경영 캐릭터가 인상적이었던 기억",
    "date": "07.07.14",
    "rating": "7",
    "author": "seun****",
    "review_id": "1775375",
    "movie_id": "10502"
  },
  {
    "review": "이영화 어디서 구하나요? ㅜㅜ 다시 보고싶은데..",
    "date": "07.06.03",
    "rating": "10",
    "author": "ejrv****",
    "review_id": "1680327",
    "movie_id": "10502"
  },
  {
    "review": "이거 책도있던데 ㅜㅜ 다시 보고싶은 영화",
    "date": "07.06.03",
    "rating": "10",
    "author": "1231****",
    "review_id": "1680314",
    "movie_id": "10502"
  },
  {
    "review": "다시 한번 더 보고픈 영화",
    "date": "07.02.25",
    "rating": "10",
    "author": "yakd****",
    "review_id": "1501572",
    "movie_id": "10502"
  },
  {
    "review": "그래도 1편은 볼만했었다 옥소리도 이뻤고...",
    "date": "07.01.12",
    "rating": "9",
    "author": "nala****",
    "review_id": "1378380",
    "movie_id": "10502"
  },
  {
    "review": "한번 쯤 봐도 나쁘진 않은...",
    "date": "07.01.09",
    "rating": "4",
    "author": "ppp0****",
    "review_id": "1369484",
    "movie_id": "10502"
  },
  {
    "review": "어렸을땐때볼땐 가슴이 먹먹했는데 커서보니 집만 인상적이더라",
    "date": "06.10.04",
    "rating": "8",
    "author": "oioi****",
    "review_id": "1158800",
    "movie_id": "10502"
  },
  {
    "review": "젊은이여",
    "date": "06.08.03",
    "rating": "10",
    "author": "zeed****",
    "review_id": "959207",
    "movie_id": "10502"
  },
  {
    "review": "한편의 수채화..그당시엔 보여줄수 없었던 뛰어난 색채감..",
    "date": "06.06.06",
    "rating": "10",
    "author": "love****",
    "review_id": "833717",
    "movie_id": "10502"
  },
  {
    "review": "수채화같은 영상과 가슴을 울리는 음악이 조화된 잊지못할 명작",
    "date": "06.02.16",
    "rating": "10",
    "author": "ican****",
    "review_id": "674647",
    "movie_id": "10502"
  },
  {
    "review": "센세이션을 불러일으킨 명작중의 명작!! 아직도소장하고 있슴돠!",
    "date": "06.01.26",
    "rating": "10",
    "author": "wals****",
    "review_id": "622688",
    "movie_id": "10502"
  },
  {
    "review": "그냥 질주하는 젊음이 좋았던 낭만적 영화",
    "date": "05.12.26",
    "rating": "7",
    "author": "kws7****",
    "review_id": "529814",
    "movie_id": "10502"
  },
  {
    "review": "흠..그냥 너무아름다운 기억으로 남은 영화...",
    "date": "05.11.01",
    "rating": "10",
    "author": "mooj****",
    "review_id": "460993",
    "movie_id": "10502"
  },
  {
    "review": "아 그리운 시절이여..",
    "date": "05.10.02",
    "rating": "10",
    "author": "c2s2****",
    "review_id": "430495",
    "movie_id": "10502"
  },
  {
    "review": "옥소리 정말 이쁘게 나온다.",
    "date": "05.09.14",
    "rating": "7",
    "author": "dus4****",
    "review_id": "405197",
    "movie_id": "10502"
  },
  {
    "review": "가을동화가 생각 난다, 그래도 비하고수채화는 너무 잘어울린다.",
    "date": "05.08.01",
    "rating": "8",
    "author": "izzo****",
    "review_id": "345513",
    "movie_id": "10502"
  },
  {
    "review": "나를 처음 울게 만든 영화~ 옥소리누님 짱~~",
    "date": "05.06.09",
    "rating": "10",
    "author": "7600****",
    "review_id": "296314",
    "movie_id": "10502"
  },
  {
    "review": "음악,배경,스토리 모두가 칭찬할만한 영화.",
    "date": "05.04.16",
    "rating": "10",
    "author": "char****",
    "review_id": "260740",
    "movie_id": "10502"
  },
  {
    "review": "어린 시절에 봤을 때 아주 인상 깊었어요.",
    "date": "05.03.25",
    "rating": "9",
    "author": "milk****",
    "review_id": "246979",
    "movie_id": "10502"
  },
  {
    "review": "당시엔..그럭저럭..이경영의 연기도 돋보였고",
    "date": "05.03.13",
    "rating": "7",
    "author": "red0****",
    "review_id": "240453",
    "movie_id": "10502"
  },
  {
    "review": "정말 가슴이 찡했던 영화입니다.",
    "date": "04.12.15",
    "rating": "10",
    "author": "ufma****",
    "review_id": "162712",
    "movie_id": "10502"
  },
  {
    "review": "군대가기전 가장 가슴에 와 다았던 영화...최고!!!",
    "date": "04.08.18",
    "rating": "10",
    "author": "zoov****",
    "review_id": "92612",
    "movie_id": "10502"
  },
  {
    "review": "아래님아 초딩이니까 쓰레기라고 생각한게 아니고요?",
    "date": "04.08.08",
    "rating": "8",
    "author": "dhap****",
    "review_id": "86129",
    "movie_id": "10502"
  },
  {
    "review": "당시 초딩이었는데도 이 영화는 쓰레기라고 생각했다...",
    "date": "04.07.28",
    "rating": "1",
    "author": "jean****",
    "review_id": "78753",
    "movie_id": "10502"
  },
  {
    "review": "당시 정말 가슴아프게 보던 영화였던 기억이...",
    "date": "04.07.02",
    "rating": "10",
    "author": "vinv****",
    "review_id": "63876",
    "movie_id": "10502"
  },
  {
    "review": "아름다운 풍경만 맘에 들었던 영화 -_-;;",
    "date": "04.03.28",
    "rating": "5",
    "author": "www5****",
    "review_id": "32048",
    "movie_id": "10502"
  }
]