[
  {
    "review": "미치지 않고는 견딜 수 없는 전쟁의 공포",
    "date": "15.08.27",
    "rating": "10",
    "author": "john****",
    "review_id": "10277766",
    "movie_id": "10501"
  },
  {
    "review": "전쟁의 광기가 이 영화 한편에 담겨있다",
    "date": "15.08.22",
    "rating": "10",
    "author": "usna****",
    "review_id": "10262454",
    "movie_id": "10501"
  },
  {
    "review": "많은 전쟁 영화를 봤지만 전쟁의 본질에 대한 영화라고 정의 해본다. 나는 이영화를 보면서 이해가 안되고 누가 미치는건지도 모르겠다.... 런닝타임이 많이 길고 한편으론 허무한 우리 인생의 보는거 같기도 하다.",
    "date": "15.08.16",
    "rating": "7",
    "author": "skfr****",
    "review_id": "10238517",
    "movie_id": "10501"
  },
  {
    "review": "마치 베트남 전쟁의 오디세이를 보는 것 같다. 목적을 달성해도 돌아갈 곳이 없다는 것이 다르지만 말이다. 점차 미쳐가는 병사들의 모습은 보는 이를 소름돋게 만든다.",
    "date": "15.07.28",
    "rating": "9",
    "author": "cask****",
    "review_id": "10153233",
    "movie_id": "10501"
  },
  {
    "review": "예술가의 작품이 아니고 작품에 완전한 통제권을 쥔 제작자의 작품이다. 그런면에선 일종의 예술작품처럼 느껴지기도 함.",
    "date": "15.07.14",
    "rating": "8",
    "author": "akir****",
    "review_id": "10105091",
    "movie_id": "10501"
  },
  {
    "review": "스케일과 스펙터클함이 묻어나는 베트남전 영화!시대를 넘나든다. 79년에 이런 영화가 대박~마지막에 윌라드 대위가 커츠 대령을 알아가는 과정과살해하는 과정이 인상깊게 기억에 남는다호러! 더~호러!",
    "date": "15.07.08",
    "rating": "10",
    "author": "leew****",
    "review_id": "10079434",
    "movie_id": "10501"
  },
  {
    "review": "여러 평가를 할수 있지만 이 작품에 대한 평가는 한결같다 시대를 앞서간 전쟁 영화라고...",
    "date": "15.07.01",
    "rating": "9",
    "author": "deff****",
    "review_id": "10058462",
    "movie_id": "10501"
  },
  {
    "review": "상당히 과대평가 된 졸작이다",
    "date": "15.06.27",
    "rating": "1",
    "author": "jsga****",
    "review_id": "10043202",
    "movie_id": "10501"
  },
  {
    "review": "The horror..the horror.",
    "date": "15.06.26",
    "rating": "10",
    "author": "gksr****",
    "review_id": "10040042",
    "movie_id": "10501"
  },
  {
    "review": "지옥이 돌아온다. 웰컴투더헬",
    "date": "15.06.26",
    "rating": "10",
    "author": "honn****",
    "review_id": "10038657",
    "movie_id": "10501"
  },
  {
    "review": "헐.. 꼭 보러 가야지!",
    "date": "15.06.26",
    "rating": "10",
    "author": "byeo****",
    "review_id": "10037699",
    "movie_id": "10501"
  },
  {
    "review": "전쟁영화에 평론가들이 좋아하는 뜬구름 중2병 영상을 섞었음",
    "date": "15.06.18",
    "rating": "2",
    "author": "elel****",
    "review_id": "10010394",
    "movie_id": "10501"
  },
  {
    "review": "전쟁의 광기가 스스로를 파멸시켰고 그것에서 벗어나는 길은 죽음밖에 없다는 의미일까?",
    "date": "15.06.18",
    "rating": "8",
    "author": "kusa****",
    "review_id": "10008812",
    "movie_id": "10501"
  },
  {
    "review": "솔직히 이 영화는 꼭 봐야할 영화.  안보면 평생 후회.",
    "date": "15.06.10",
    "rating": "10",
    "author": "80rh****",
    "review_id": "9987456",
    "movie_id": "10501"
  },
  {
    "review": "cg로 첨철된 다른 영화들과 비교마라~!",
    "date": "15.06.05",
    "rating": "10",
    "author": "tn99****",
    "review_id": "9977487",
    "movie_id": "10501"
  },
  {
    "review": "이런 걸작영화가 평점 8.44이라니... 정말 말도 안된다",
    "date": "15.05.01",
    "rating": "10",
    "author": "jewe****",
    "review_id": "9883481",
    "movie_id": "10501"
  },
  {
    "review": "킬고어 대령까진 좋았는데,커츠까지 가는길이 쓸데없이 길고 점점 재미가 떨어졌음, 결말은 뭐 생각하기 나름",
    "date": "15.04.16",
    "rating": "8",
    "author": "beat****",
    "review_id": "9848464",
    "movie_id": "10501"
  },
  {
    "review": "광기어린 전쟁 광기어린 영화",
    "date": "15.03.23",
    "rating": "8",
    "author": "kara****",
    "review_id": "9801068",
    "movie_id": "10501"
  },
  {
    "review": "CG효과가 없는 진짜 리얼한 영화",
    "date": "15.03.15",
    "rating": "10",
    "author": "awjs****",
    "review_id": "9784544",
    "movie_id": "10501"
  },
  {
    "review": "전쟁영화로 시작해서 다큐멘터리로 끝. 특히 해탈한 커츠를 만난 이후에 전하고자 하는 메세지는 알겠으나 뜬금없는 장면들의 나열로 점점 메세지에 힘을 잃어버림.",
    "date": "15.02.11",
    "rating": "2",
    "author": "jiyu****",
    "review_id": "9685762",
    "movie_id": "10501"
  },
  {
    "review": "전쟁은 지옥 그 자체라는 것을 너무나 잘 보여주는 영화.",
    "date": "15.01.24",
    "rating": "9",
    "author": "kko0****",
    "review_id": "9628869",
    "movie_id": "10501"
  },
  {
    "review": "한국가 또는 인간 그자체를 잡아먹는 전쟁. 그러므로 높으신분들이 아랫것들을 컨트롤하게에는 전쟁만큼 효과적인 것은 없다. 이에 반대하는 무리들은 결국 묵시룩을 맞이한다.",
    "date": "15.01.22",
    "rating": "10",
    "author": "sanh****",
    "review_id": "9622289",
    "movie_id": "10501"
  },
  {
    "review": "긴 여운이 남는 영화.. 8점대는 조금 아쉽다. 약간 지루한감도 있지만..",
    "date": "14.12.15",
    "rating": "9",
    "author": "saro****",
    "review_id": "9475375",
    "movie_id": "10501"
  },
  {
    "review": "처음엔 이래저래 전쟁장면도 있고 꽤 흥미로운데 가면갈수록 독백장면만 많아지면서 난해해지고 약간 지루해짐. 뭔가 감독이 전하고자하는 메시지가 보이긴하지만 그외에 딱히 느껴지는것은 없었다 재미도 감동도... 남들이 명작이라하니 나도 마지못해 인정해줌",
    "date": "14.12.07",
    "rating": "1",
    "author": "ddab****",
    "review_id": "9455145",
    "movie_id": "10501"
  },
  {
    "review": "세상은 모두 미쳐간다. 누가 정상인지 비정상인지 모르겠다. 죽음의 공포를 극복하는 방법은 죽음뿐. 전쟁의 광기를 생생하게 그려냈다. 세상살이와 큰 차이 없다.",
    "date": "14.11.29",
    "rating": "9",
    "author": "sunw****",
    "review_id": "9431835",
    "movie_id": "10501"
  },
  {
    "review": "좋은 의미이든, 그 반대의 의미이든  대단한 작품임엔  틀림없다",
    "date": "14.11.06",
    "rating": "10",
    "author": "sira****",
    "review_id": "9343647",
    "movie_id": "10501"
  },
  {
    "review": "개인적인평... 지옥의묵시록 >플레툰 > 블랙호크다운 > 라이언일병구하기 > 위워솔저스  순으로 재밌음... 전쟁영화중 최고걸작인듯",
    "date": "14.10.08",
    "rating": "10",
    "author": "gang****",
    "review_id": "9273329",
    "movie_id": "10501"
  },
  {
    "review": "보기전인데 재개봉까지 했으니 분명 재미있는 영화일것이야",
    "date": "14.08.29",
    "rating": "10",
    "author": "shis****",
    "review_id": "9143557",
    "movie_id": "10501"
  },
  {
    "review": "프랑스인 농장씬은 큰 의미가 없는 듯. 말론 브란도의 칼있으마!",
    "date": "14.07.23",
    "rating": "9",
    "author": "pont****",
    "review_id": "8941247",
    "movie_id": "10501"
  },
  {
    "review": "몇 번째 보지만.. 영화 이렇게 어렵게 만들면 참으로 해석하기 힘들다. 아니, 해석하지 말아야 한다.. 느낌 그대로~~",
    "date": "14.07.17",
    "rating": "10",
    "author": "spar****",
    "review_id": "8922346",
    "movie_id": "10501"
  },
  {
    "review": "베트남 정글속의 지옥에 대한 묘사가 압권. 근데 리덕스 199분 버젼은 너무 길다..",
    "date": "14.07.01",
    "rating": "9",
    "author": "virt****",
    "review_id": "8874234",
    "movie_id": "10501"
  },
  {
    "review": "이해하려고 하지마라 그냥봐라 미친영화",
    "date": "14.06.27",
    "rating": "10",
    "author": "toro****",
    "review_id": "8862221",
    "movie_id": "10501"
  },
  {
    "review": "지옥의 열기와 광기 속으로",
    "date": "14.06.15",
    "rating": "8",
    "author": "setm****",
    "review_id": "8833785",
    "movie_id": "10501"
  },
  {
    "review": "최전방 지나기 전(중간 다시 방어전선) 까지는 정말 재미있었다",
    "date": "14.05.26",
    "rating": "7",
    "author": "b744****",
    "review_id": "8768133",
    "movie_id": "10501"
  },
  {
    "review": "다행히 이영화를 극장에서 봤음.  전쟁의 잔혹함과 참상을 잘 보여준 현대전쟁영화의 갑중의 갑",
    "date": "14.04.28",
    "rating": "10",
    "author": "adiv****",
    "review_id": "8679833",
    "movie_id": "10501"
  },
  {
    "review": "최고의영화. 깊은생각을하게해주는 철학적이기도하며 적절한 긴장감을 느끼게하며 전혀 지루하지도 않다. 오늘날의 왠만한 영화보다 나은듯",
    "date": "14.04.03",
    "rating": "10",
    "author": "pink****",
    "review_id": "8626204",
    "movie_id": "10501"
  },
  {
    "review": "유기적인 인간의 본성을 베트남전의 실태와 잘 연결하여 표현한 거 같다.마지막 소를 죽이는 장면과 인간의 살해장면 또한 대비적 효과를 준 것이 아닐까.",
    "date": "14.03.06",
    "rating": "10",
    "author": "kut0****",
    "review_id": "8558181",
    "movie_id": "10501"
  },
  {
    "review": "난해했지만..대단한 영화인것은 명백하다.",
    "date": "14.01.21",
    "rating": "9",
    "author": "toha****",
    "review_id": "8408318",
    "movie_id": "10501"
  },
  {
    "review": "영화역사상 최고의 걸작이다. 괴물같은 영화,",
    "date": "14.01.17",
    "rating": "10",
    "author": "dark****",
    "review_id": "8393012",
    "movie_id": "10501"
  },
  {
    "review": "79년도에 이정도 연출은 정말 놀랍다. 그러나 리덕스를 본 나로써는 너무 길고 의미가 난해하지 않았나 싶다.",
    "date": "14.01.08",
    "rating": "8",
    "author": "jong****",
    "review_id": "8360630",
    "movie_id": "10501"
  },
  {
    "review": "플래툰 그리고 지옥의 묵시록...진짜 전쟁은 이런것이다",
    "date": "13.12.14",
    "rating": "10",
    "author": "zndz****",
    "review_id": "8214200",
    "movie_id": "10501"
  },
  {
    "review": "쉬운 이야기를 돈OO 개고생하며 말하는 괴작.",
    "date": "13.12.05",
    "rating": "5",
    "author": "goms****",
    "review_id": "8190762",
    "movie_id": "10501"
  },
  {
    "review": "'도대체 무엇을 위해 싸우고 있는가?', 인간의 원초적인 부조리함을 바로 보지 못할 정도로 헤쳐놓은 전쟁영화중 걸작. 반복되는 무한한 공포에서 자유로울 방법은 결국 죽음에 이르러서야 끝남을 깨달은 커츠대령의 삶은 니힐리즘을 실존주의로 승화시킨다.",
    "date": "13.11.18",
    "rating": "10",
    "author": "gene****",
    "review_id": "8150173",
    "movie_id": "10501"
  },
  {
    "review": "긴 러닝타임에도 크게 지루하지 않게 봤다.",
    "date": "13.11.12",
    "rating": "7",
    "author": "biga****",
    "review_id": "8133517",
    "movie_id": "10501"
  },
  {
    "review": "충격그자체 하지만 아직은 나이가어린가봅니다",
    "date": "13.11.10",
    "rating": "8",
    "author": "rhfl****",
    "review_id": "8129553",
    "movie_id": "10501"
  },
  {
    "review": "정말 지옥을 보는듯한 느낌. 보는내내 불쾌한 영상들",
    "date": "13.11.02",
    "rating": "8",
    "author": "awak****",
    "review_id": "8109312",
    "movie_id": "10501"
  },
  {
    "review": "캐스팅이나 스케일이 엄청 큰 영화.표현력도 좋았고 다만 긴 상영시간이 단점.",
    "date": "13.10.13",
    "rating": "10",
    "author": "a109****",
    "review_id": "8057137",
    "movie_id": "10501"
  },
  {
    "review": "교과서가 지루한건 당연지사",
    "date": "13.10.12",
    "rating": "9",
    "author": "masa****",
    "review_id": "8055924",
    "movie_id": "10501"
  },
  {
    "review": "이  영화 재미있게 본 분들은  이 영화 제작기 다큐인 \" Hearts of Darkness : A Filmmaker's Apocalypse\" 라는 다큐를 보세요.  또 다른 재미를 느끼실 수 있을 겁니다. 한글자막도 있으니 검색해서 찾아 보시길.",
    "date": "13.10.09",
    "rating": "9",
    "author": "phil****",
    "review_id": "8046108",
    "movie_id": "10501"
  },
  {
    "review": "뒤로 갈수록 너무 지루하다 그리고 일본기업 띄어주네",
    "date": "13.09.30",
    "rating": "1",
    "author": "mara****",
    "review_id": "8023175",
    "movie_id": "10501"
  },
  {
    "review": "최고의작품 영화에 먹힌느낌",
    "date": "13.09.26",
    "rating": "10",
    "author": "supe****",
    "review_id": "8015956",
    "movie_id": "10501"
  },
  {
    "review": "비주얼과 음악, 작춤 전반에 흐르는 오삭한 광기는 10점 만점에 10점이다. 그렇지만 다소 뜬금없는 전개와 이에 대한 불친절한 해설로 인해 작품 해석의 여지가 너무 넓어진다. 초등학생의 일기로도 보일 수 있고 불후의 명작으로 보일 수도 있는 작품",
    "date": "13.09.03",
    "rating": "7",
    "author": "next****",
    "review_id": "7945914",
    "movie_id": "10501"
  },
  {
    "review": "그때나 지금이나 사회주의자, 사민주의자, 공산주의자를 굳이 구별하려는 수고는 하지 않는다. 베트남사람이 미국인,프랑스인,호주인을 구별하려는 수고를 하지 않듯이. 대충 편가르고 아무쪽편에 서서 상대를 죽이면 그뿐.",
    "date": "13.08.05",
    "rating": "10",
    "author": "korn****",
    "review_id": "7841643",
    "movie_id": "10501"
  },
  {
    "review": "한마디로 잘 만든 영화",
    "date": "13.08.04",
    "rating": "8",
    "author": "marc****",
    "review_id": "7836486",
    "movie_id": "10501"
  },
  {
    "review": "좋은영화다..투박한 전개와 지루함을 비난하는사람은 영화보는 깊이가 없는듯하다.허영심에 들떠서 좋은영화를 깔보는..이영화는 기술적으로 평가할 영화가 아니다.감독의 철학과 영화의 무게감만으로 이영화는 최고다.하지만 너무 미친게 흠이다.내용도.결말도",
    "date": "13.08.03",
    "rating": "8",
    "author": "chjy****",
    "review_id": "7830061",
    "movie_id": "10501"
  },
  {
    "review": "내 인생 최고 영화중에 하나.. 인간에 대한 깊은 고찰과 난해함",
    "date": "13.07.13",
    "rating": "10",
    "author": "astr****",
    "review_id": "7737356",
    "movie_id": "10501"
  },
  {
    "review": "쌍팔년도 드립치는 놈아 넌 조선영화나 쳐봐라!",
    "date": "13.07.09",
    "rating": "10",
    "author": "ske4****",
    "review_id": "7719551",
    "movie_id": "10501"
  },
  {
    "review": "조금 지루한면은 있다. 사실 재미는없다. 재미로 보면 안되는 영화.",
    "date": "13.06.13",
    "rating": "9",
    "author": "qorc****",
    "review_id": "7632828",
    "movie_id": "10501"
  },
  {
    "review": "지옥같은 영화에 지옥같은 현실이다.보고보고 또봐도 영화의 스팩트럼이 너무 넓어서 함부로 말하지 못하겠다.이 영화에 대해 혹평하는사람들도 그 스팩트럼중에 한 줄기일것이다.하지만 나 당당히 말해두지 표면을 보지말고 이면을보라고.",
    "date": "13.06.02",
    "rating": "10",
    "author": "comb****",
    "review_id": "7571592",
    "movie_id": "10501"
  },
  {
    "review": "OO 이런 영화는 쌍팔년대나 통하지 지금은 흥미요소가 거의 없다. 으메 아까운 시간만 날렸네 이거볼 시간에 아무것도 안하고 가만히 있는게 낫다.",
    "date": "13.05.23",
    "rating": "2",
    "author": "kyki****",
    "review_id": "7550453",
    "movie_id": "10501"
  },
  {
    "review": "인간의 광기란 참 무섭네요 ㅠㅠ 진정한 명작입니다.ㅎㅎ . 근데 지금보니 포스터가 재밌군요..ㅎㅎ 아포칼립스 나우!란 제목을 지옥의 묵시록으로 초월해석한것도 그렇고... 해리슨포드는 비중도 그다지 없는데.. 마틴쉰과 말론브란도와 어깰 마주하고 있고ㅎ",
    "date": "13.05.14",
    "rating": "10",
    "author": "akst****",
    "review_id": "7527551",
    "movie_id": "10501"
  },
  {
    "review": "소름끼치는 영화",
    "date": "13.05.05",
    "rating": "10",
    "author": "yaku****",
    "review_id": "7509129",
    "movie_id": "10501"
  },
  {
    "review": "전쟁의 요한계시록....",
    "date": "13.05.02",
    "rating": "10",
    "author": "kimd****",
    "review_id": "7500998",
    "movie_id": "10501"
  },
  {
    "review": "[아카데미]1980년52회 촬영,음향 2개부문수상작.찰리쉰의아버지마틴쉰이주연을맡았고배를타고가는로드무비형식이다.마지막 목적지에와서철학적으로감독프란시스코폴라는말하는데예전엔 먹혔겠지만뜬구름잡소리같음.제아이디클릭개봉전,개봉후영화중참여수가적은영화찾아서평점부탁!",
    "date": "13.04.24",
    "rating": "7",
    "author": "new7****",
    "review_id": "7477542",
    "movie_id": "10501"
  },
  {
    "review": "말이필요하나 명작이지",
    "date": "13.04.05",
    "rating": "10",
    "author": "kjuo****",
    "review_id": "7437303",
    "movie_id": "10501"
  },
  {
    "review": "지금 지옥이라는 '이라크 폭탄테러 현장' 이나 '아프리카 내전' 에 있는 것과 맞먹는 생지옥같은 체험을 엄청난 물량과 수년의 시간, 개고생하며 만든 인류최고의 영화중 하나. 하지만 리덕스판이 모든걸 망쳤다. 이 영화만은 꼭 극장판으로 볼것.",
    "date": "13.03.26",
    "rating": "10",
    "author": "morb****",
    "review_id": "7412708",
    "movie_id": "10501"
  },
  {
    "review": "촬영할때 실제 네이팜탄을 터뜨리고, 헬기, 전투기 다 동원하고, 영화내용과 등장인물들도 반쯤 미쳐있고...지옥의 묵시록은 촬영부터 내용까지 미치게 만들었다",
    "date": "13.02.25",
    "rating": "10",
    "author": "rara****",
    "review_id": "7299631",
    "movie_id": "10501"
  },
  {
    "review": "전쟁의 참상은 공포 인간과인간이 적대시하는게 공포 끝에 결말의 마루리는 누군가의 죽음 , 죽음또한 공포",
    "date": "13.02.19",
    "rating": "7",
    "author": "hose****",
    "review_id": "7282153",
    "movie_id": "10501"
  },
  {
    "review": "79년엔 명작이었겠으나 지금시대관에선 저것도 별것아님.. 이미 더  무서운 공포가 많은데.. 겨우 서로 싸우다 죽는거? 왕따가 더 호러겠다 이양반아 ㅋㅋㅋ",
    "date": "13.02.07",
    "rating": "6",
    "author": "star****",
    "review_id": "7233348",
    "movie_id": "10501"
  },
  {
    "review": "초중반까지는 손에 땀을 쥐게 하는 내용이었지만 후반부로 갈수록 극에 치닫는 지루함과 조금은 말도 안되는 전개와 허무한 결말 때문에 실망했다.",
    "date": "13.01.28",
    "rating": "7",
    "author": "wild****",
    "review_id": "7186363",
    "movie_id": "10501"
  },
  {
    "review": "인물 모두가 반쯤은 정신이 나가 있는 영화. 미쳐 버릴 수밖에 없는 현실을 3시간이 넘도록 지루하지 않게 풀어가는 능력! 이런 게 바로 작품성 높은 블록버스터지.",
    "date": "13.01.12",
    "rating": "10",
    "author": "ldj0****",
    "review_id": "7105797",
    "movie_id": "10501"
  },
  {
    "review": "BOB, 퍼시픽... 전쟁영화 왠만큼 보는 편인데 이런 건 본적이 없다; 분위기부터가 뭔가 다르다. 이게 70년대 영화라고? 대박....",
    "date": "13.01.09",
    "rating": "10",
    "author": "bloo****",
    "review_id": "7096258",
    "movie_id": "10501"
  },
  {
    "review": "아이러니하게 최고의 전투장면과 지독한 반전메세지가 동시에 공존하는 코폴라 감독의 '대부'에 이은 최고의 걸작.",
    "date": "13.01.08",
    "rating": "10",
    "author": "robo****",
    "review_id": "7093511",
    "movie_id": "10501"
  },
  {
    "review": "분명 영화사상 최고의 걸작이다. 앞으로도 이런 영화는 못나온다. 전투용 헬기 수십대를 띄우고 실제 네이팜을 쏘고, 수십톤의 폭탄을 터뜨리고, 소를 생으로 잡고... CG가 있던 시대였다면 가능했겠는가, 이것은 정말 괴물같은 영화다.",
    "date": "12.12.11",
    "rating": "10",
    "author": "nypo****",
    "review_id": "6992586",
    "movie_id": "10501"
  },
  {
    "review": "..........................................",
    "date": "12.11.27",
    "rating": "10",
    "author": "mini****",
    "review_id": "6931116",
    "movie_id": "10501"
  },
  {
    "review": "지금은 이런 전쟁영화가 왜 안나올가",
    "date": "12.11.26",
    "rating": "9",
    "author": "isky****",
    "review_id": "6927255",
    "movie_id": "10501"
  },
  {
    "review": "이 영화는 메인스트림 전쟁영화를 생각하고 본다면 대실망일것이다 하지만 컬트적 분위기 몬도가네와같은 B급 영상물에서 들어봤음직한 배경음악 90년대에 유행했던 몽환적인 얼터나티브적 요소까지 시대를 한참 앞서갔던 영화임에는 틀림이 없다",
    "date": "12.11.09",
    "rating": "10",
    "author": "amb0****",
    "review_id": "6869981",
    "movie_id": "10501"
  },
  {
    "review": "영화의 스토리외에 미장센과 분위기 그리고 연기로만 이정도로 압도하는 영화가 많이 있을까... 영화 속 수많은 장면들을 보면서 어떻게 이런 씬들이 구성 되었을까하며 경탄하게 된다. 정말 놀라운 작품.",
    "date": "12.11.06",
    "rating": "9",
    "author": "jys4****",
    "review_id": "6860767",
    "movie_id": "10501"
  },
  {
    "review": "미국은 람보를 만드는 추잡함과 지옥의 묵시록을 만드는 위대함을 동시에 지닌 듯...",
    "date": "12.11.02",
    "rating": "9",
    "author": "orim****",
    "review_id": "6845628",
    "movie_id": "10501"
  },
  {
    "review": "할리우드 영화의 한 시대를 상징하는 기념비적인 작품",
    "date": "12.10.02",
    "rating": "7",
    "author": "hana****",
    "review_id": "6752026",
    "movie_id": "10501"
  },
  {
    "review": "잘만든 작품",
    "date": "12.09.20",
    "rating": "9",
    "author": "gamj****",
    "review_id": "6714784",
    "movie_id": "10501"
  },
  {
    "review": "너무 진하다못해, 숨이 막혀버릴 지경이다.",
    "date": "12.09.13",
    "rating": "9",
    "author": "ll3l****",
    "review_id": "6693372",
    "movie_id": "10501"
  },
  {
    "review": "영혼의 상실이 느껴지는 영화 the horror the horror",
    "date": "12.09.04",
    "rating": "10",
    "author": "swle****",
    "review_id": "6670224",
    "movie_id": "10501"
  },
  {
    "review": "내가 너무 감성마인드가 아닌 이성마인드로 봤나? 도데체 미군들은 장교부터 사병까지 작전수행이불가한 정신병자들로 싸웠나? 정상인 군인들이 없어...그리고 프랑스 군인들은 뭐지? 민간인들은 뭐고? 너무 억지스런...개연성..",
    "date": "12.09.02",
    "rating": "7",
    "author": "yn11****",
    "review_id": "6663449",
    "movie_id": "10501"
  },
  {
    "review": "내 인생 최고의 영화중 한편... 소름끼치는 걸작... 코폴라...",
    "date": "12.08.30",
    "rating": "10",
    "author": "bc60****",
    "review_id": "6655067",
    "movie_id": "10501"
  },
  {
    "review": "시대를 압도하는 걸작의 아우라.",
    "date": "12.08.25",
    "rating": "10",
    "author": "oken****",
    "review_id": "6642238",
    "movie_id": "10501"
  },
  {
    "review": "전쟁의 추악함을 보여주는 영화. 그런데 보면 볼수록 이상한 느낌이 강해진다.",
    "date": "12.07.24",
    "rating": "9",
    "author": "0104****",
    "review_id": "6524939",
    "movie_id": "10501"
  },
  {
    "review": "임팩트가 좀 약하지않았나..",
    "date": "12.06.12",
    "rating": "7",
    "author": "mild****",
    "review_id": "6386450",
    "movie_id": "10501"
  },
  {
    "review": "전쟁 느낌 잘 살림",
    "date": "12.05.29",
    "rating": "10",
    "author": "wpsw****",
    "review_id": "6344900",
    "movie_id": "10501"
  },
  {
    "review": "원작 Joseph Conrad의 Heart of Darkness을 각색한 영화. 원작을 읽고 보길 바란다.",
    "date": "12.05.05",
    "rating": "10",
    "author": "muzs****",
    "review_id": "6272066",
    "movie_id": "10501"
  },
  {
    "review": "전쟁터에서는 이겨도, 져도 몸과 마음이 상처투성이",
    "date": "12.04.20",
    "rating": "8",
    "author": "enmi****",
    "review_id": "6234262",
    "movie_id": "10501"
  },
  {
    "review": "전쟁속에 드러난 인간의 광기",
    "date": "12.03.01",
    "rating": "8",
    "author": "guev****",
    "review_id": "6115094",
    "movie_id": "10501"
  },
  {
    "review": "어렵다! 어렵고 심오하다 그러나 딱한가지이해할수있다 전쟁은사람을미치게한다라는걸",
    "date": "12.02.13",
    "rating": "8",
    "author": "dnf7****",
    "review_id": "6071876",
    "movie_id": "10501"
  },
  {
    "review": "꼭 한번 봐야할 영화!",
    "date": "12.02.03",
    "rating": "10",
    "author": "toto****",
    "review_id": "6049399",
    "movie_id": "10501"
  },
  {
    "review": "지옥을 볼수있었다",
    "date": "12.01.11",
    "rating": "10",
    "author": "sang****",
    "review_id": "5977878",
    "movie_id": "10501"
  },
  {
    "review": "난해하기그지없음",
    "date": "12.01.01",
    "rating": "5",
    "author": "rane****",
    "review_id": "5951523",
    "movie_id": "10501"
  },
  {
    "review": "참 있어보이는\"척\"하는 영화. '씬레드라인'하고 거의 쌍벽을 이룸.",
    "date": "11.12.24",
    "rating": "5",
    "author": "nkot****",
    "review_id": "5928790",
    "movie_id": "10501"
  },
  {
    "review": "어둡고 음침한 영화... 비오는데 총구는 하늘을 향해...",
    "date": "11.12.20",
    "rating": "7",
    "author": "wjsu****",
    "review_id": "5916461",
    "movie_id": "10501"
  },
  {
    "review": "리덕스도 나한텐 난해하다--;",
    "date": "11.11.28",
    "rating": "8",
    "author": "wkhi****",
    "review_id": "5875255",
    "movie_id": "10501"
  },
  {
    "review": "가장 추악한 영화 , 개성있는 인물들^^",
    "date": "11.11.17",
    "rating": "10",
    "author": "abio****",
    "review_id": "5855013",
    "movie_id": "10501"
  }
]