[
  {
    "review": "기대가 너무 컸나. 생각보다 별루네. 잠수함영화의 최고봉은 역시 크림슨타이드라는걸 다시 한번 느꼈다.",
    "date": "15.08.26",
    "rating": "7",
    "author": "kjk9****",
    "review_id": "10275542",
    "movie_id": "10519"
  },
  {
    "review": "소비에트의 중후한 매력!",
    "date": "15.08.24",
    "rating": "9",
    "author": "pont****",
    "review_id": "10269742",
    "movie_id": "10519"
  },
  {
    "review": "도입부터 푸르고 추운 가슴조이는 잠수함영화",
    "date": "15.08.18",
    "rating": "9",
    "author": "yuri****",
    "review_id": "10249481",
    "movie_id": "10519"
  },
  {
    "review": "존 맥티어넌 최고의 걸작!",
    "date": "15.06.30",
    "rating": "10",
    "author": "kisn****",
    "review_id": "10056653",
    "movie_id": "10519"
  },
  {
    "review": "이런 긴장감넘치는 영화가 또 나올까요?",
    "date": "15.06.27",
    "rating": "10",
    "author": "akql****",
    "review_id": "10042690",
    "movie_id": "10519"
  },
  {
    "review": "흥미로운 소재지만 개연성이 다소 떨어진다",
    "date": "15.06.14",
    "rating": "6",
    "author": "west****",
    "review_id": "9997861",
    "movie_id": "10519"
  },
  {
    "review": "이 영화의 포커스는 잠수함이 아니라... 폭격과 총알이 빗발치는 전면전이 아닌 늘 대치와 긴장 상태가 흐르는 냉전의 바닷속이 얼마나 참담하고 잔인한지를 보여주는 거임... 초딩들이 미소 냉전 시대를 알까나...",
    "date": "15.02.17",
    "rating": "10",
    "author": "rose****",
    "review_id": "9705994",
    "movie_id": "10519"
  },
  {
    "review": "재미있습니다. 추천합니다",
    "date": "15.02.16",
    "rating": "10",
    "author": "free****",
    "review_id": "9701347",
    "movie_id": "10519"
  },
  {
    "review": "톰 클랜시의 노예가 되었습니다.",
    "date": "15.02.09",
    "rating": "10",
    "author": "yejo****",
    "review_id": "9682279",
    "movie_id": "10519"
  },
  {
    "review": "아추제미좋아요 싸운드 좋아요",
    "date": "14.12.14",
    "rating": "5",
    "author": "kt84****",
    "review_id": "9473549",
    "movie_id": "10519"
  },
  {
    "review": "냉전시대를 뒤로한 지금의 현재를 다시 생각한 본다",
    "date": "14.12.10",
    "rating": "7",
    "author": "fsre****",
    "review_id": "9462158",
    "movie_id": "10519"
  },
  {
    "review": "그당시의 기술로 이정도면 잘만든 영화다",
    "date": "14.12.08",
    "rating": "7",
    "author": "kpor****",
    "review_id": "9457779",
    "movie_id": "10519"
  },
  {
    "review": "최고다.. 숀코네리 최고! 잭라이언 시리즈 중 최고",
    "date": "14.11.28",
    "rating": "10",
    "author": "pass****",
    "review_id": "9430119",
    "movie_id": "10519"
  },
  {
    "review": "허접한 CG. 역시 잠수함 소재 최고의 영화는 크림슨 타이드",
    "date": "14.11.09",
    "rating": "5",
    "author": "jjaj****",
    "review_id": "9360212",
    "movie_id": "10519"
  },
  {
    "review": "숀 코네리의 카리스마가 느껴지는",
    "date": "14.10.26",
    "rating": "5",
    "author": "adiv****",
    "review_id": "9319930",
    "movie_id": "10519"
  },
  {
    "review": "1번 어뢰 그래픽 디진다",
    "date": "14.09.26",
    "rating": "7",
    "author": "mien****",
    "review_id": "9241455",
    "movie_id": "10519"
  },
  {
    "review": "아,,졸라 지루함..3일에 걸려서 보다 자고 보다자고..언제 재밋는거야? 이제 절반봤다...k-19은 재밌더만..존맥티어난 믿고 봤더니 개실망함",
    "date": "14.09.06",
    "rating": "1",
    "author": "7606****",
    "review_id": "9172786",
    "movie_id": "10519"
  },
  {
    "review": "재미가없다 전쟁영화인줄알고밧는데 머야",
    "date": "14.08.26",
    "rating": "1",
    "author": "zzzo****",
    "review_id": "9136134",
    "movie_id": "10519"
  },
  {
    "review": "냉전시대가 줄수있는 최고의 긴장감,명배우, 명감독, 멋진음악의 하모니",
    "date": "14.08.23",
    "rating": "10",
    "author": "soin****",
    "review_id": "9123368",
    "movie_id": "10519"
  },
  {
    "review": "시나리오는 좋은데 연출이 아쉽다",
    "date": "14.08.11",
    "rating": "5",
    "author": "chom****",
    "review_id": "9066124",
    "movie_id": "10519"
  },
  {
    "review": "붉은 10월  잠수함의 웅장함 과 함께 숀코너리의 옹 의 카리스마 는",
    "date": "14.07.27",
    "rating": "10",
    "author": "mki2****",
    "review_id": "8966791",
    "movie_id": "10519"
  },
  {
    "review": "뭐랄까.. 깡좋은 남자영화? 그래도 잠수함 영화 원탑은 크림슨 타이드",
    "date": "14.07.24",
    "rating": "10",
    "author": "milk****",
    "review_id": "8949646",
    "movie_id": "10519"
  },
  {
    "review": "잠수함 영화로서 중박 이상은 한다.수작까지는 아니지만 숀코네리가 중심을 잘 잡아준 영화",
    "date": "14.05.27",
    "rating": "7",
    "author": "cred****",
    "review_id": "8770597",
    "movie_id": "10519"
  },
  {
    "review": "어렸을 때 보고 오늘에야 다시 봤는데.. 역시 톰클랜시의 역작이네요. 치밀한 구성이 돋보이는 불후의 명작",
    "date": "14.05.17",
    "rating": "9",
    "author": "imsw****",
    "review_id": "8738511",
    "movie_id": "10519"
  },
  {
    "review": "거장 탐-클랜시의 걸작소설이, 웅장한 영화로 재탄생! 힘차고 정밀한 각본! 거대하고 신비로운 타이푼-원잠의 기동! 훌륭한 셋트! 스릴넘치는 연출과 음악! 거칠고 신묘한 수중전! 코넬리와 명배우들의 중후한 열연! 볼수록, 잭-라이언엔 볼드윈이 최고였어!",
    "date": "14.05.16",
    "rating": "10",
    "author": "wana****",
    "review_id": "8735797",
    "movie_id": "10519"
  },
  {
    "review": "잭 라이언 시리즈 중에서 가장 잘 만든 영화 . . .",
    "date": "14.05.12",
    "rating": "9",
    "author": "pure****",
    "review_id": "8726908",
    "movie_id": "10519"
  },
  {
    "review": "잠수함 영화로도 최고요, 톰 클랜시 영화 중에서도 최고.",
    "date": "14.04.25",
    "rating": "9",
    "author": "ykdi****",
    "review_id": "8672397",
    "movie_id": "10519"
  },
  {
    "review": "지금 봐도  대단한 영화... 꼭 봐야할 영화중에 하나라고 생각",
    "date": "14.03.29",
    "rating": "10",
    "author": "pppx****",
    "review_id": "8614017",
    "movie_id": "10519"
  },
  {
    "review": "정말 소름끼치는 영화이다!!!",
    "date": "14.03.07",
    "rating": "10",
    "author": "ske4****",
    "review_id": "8560452",
    "movie_id": "10519"
  },
  {
    "review": "정말 점수로표현하자면 1점만점에10점이다 1990년껀데 고정관념에서벗어나 정말재밌었다",
    "date": "14.02.23",
    "rating": "10",
    "author": "cjfc****",
    "review_id": "8531621",
    "movie_id": "10519"
  },
  {
    "review": "시대감안해도 그래픽이 너무 아쉬움..",
    "date": "14.02.15",
    "rating": "8",
    "author": "tn99****",
    "review_id": "8509921",
    "movie_id": "10519"
  },
  {
    "review": "최고다. 잠수함 영화는 이게 처음인데 아마 앞으로도 이 보다 더 쩌는 잠수함 영화는 없지 싶다.. 이OO도 더 지난 영화인데도 시대에 뒤쳐지지 않음..",
    "date": "14.01.19",
    "rating": "10",
    "author": "nada****",
    "review_id": "8399303",
    "movie_id": "10519"
  },
  {
    "review": "보면서 4번이나 졸았다. 이런 영화는 내 취향이 아닌가 보다.",
    "date": "14.01.02",
    "rating": "2",
    "author": "bayd****",
    "review_id": "8341357",
    "movie_id": "10519"
  },
  {
    "review": "오래됐지만 재미있구만 음악도 웅장하고 CG없을땐 수작업이지 ㅋㅋㅋ",
    "date": "13.12.04",
    "rating": "9",
    "author": "pepe****",
    "review_id": "8189002",
    "movie_id": "10519"
  },
  {
    "review": "대작이다...전투할때 긴장해서 살떨림추천영화",
    "date": "13.11.28",
    "rating": "10",
    "author": "0551****",
    "review_id": "8174887",
    "movie_id": "10519"
  },
  {
    "review": "최고의 잠수함 영화중에 하나.",
    "date": "13.11.07",
    "rating": "10",
    "author": "kimw****",
    "review_id": "8122582",
    "movie_id": "10519"
  },
  {
    "review": "나에겐 최고의 잠수함 영화다",
    "date": "13.09.25",
    "rating": "10",
    "author": "jcg4****",
    "review_id": "8015900",
    "movie_id": "10519"
  },
  {
    "review": "원작 소설이 워낙 뛰어나기에 각본은 평이하게 나왔으나 긴박감을 나타내기엔 연출이 조금 부족함. 잠수함의 웅장함과 음향 효과들로도 볼 만은 하다.",
    "date": "13.08.24",
    "rating": "6",
    "author": "ouic****",
    "review_id": "7916847",
    "movie_id": "10519"
  },
  {
    "review": "ost부터 웅장한 영화.잠수함 영화의 전설",
    "date": "13.08.11",
    "rating": "10",
    "author": "yma1****",
    "review_id": "7870697",
    "movie_id": "10519"
  },
  {
    "review": "지루하네",
    "date": "13.07.21",
    "rating": "5",
    "author": "dbzh****",
    "review_id": "7772611",
    "movie_id": "10519"
  },
  {
    "review": "잠수함 영화에 대표작,,~!",
    "date": "13.07.11",
    "rating": "8",
    "author": "milk****",
    "review_id": "7725496",
    "movie_id": "10519"
  },
  {
    "review": "레전드",
    "date": "13.06.10",
    "rating": "10",
    "author": "wing****",
    "review_id": "7622619",
    "movie_id": "10519"
  },
  {
    "review": "멋짐",
    "date": "13.05.18",
    "rating": "10",
    "author": "lsh5****",
    "review_id": "7538631",
    "movie_id": "10519"
  },
  {
    "review": "지금 보기엔 그냥 그래요",
    "date": "13.05.08",
    "rating": "6",
    "author": "tops****",
    "review_id": "7516345",
    "movie_id": "10519"
  },
  {
    "review": "다시 봐도 명작.",
    "date": "13.02.11",
    "rating": "10",
    "author": "sktl****",
    "review_id": "7250298",
    "movie_id": "10519"
  },
  {
    "review": "내가 가는 곳까지 따라 올 수는 없어.",
    "date": "13.01.31",
    "rating": "10",
    "author": "suno****",
    "review_id": "7204589",
    "movie_id": "10519"
  },
  {
    "review": "지금 보기엔 스릴감이 다소 떨어지나 명작이라는 점은 불변.",
    "date": "13.01.30",
    "rating": "8",
    "author": "sinb****",
    "review_id": "7198072",
    "movie_id": "10519"
  },
  {
    "review": "잠수함전의 묘미를 가르쳐준 영화 ㄷㄷ",
    "date": "13.01.29",
    "rating": "10",
    "author": "ppjq****",
    "review_id": "7191030",
    "movie_id": "10519"
  },
  {
    "review": "냉전시대 핵잠수함을 그린 최고 불후의 명작이야...숀의 카리스마 큭...",
    "date": "13.01.17",
    "rating": "10",
    "author": "xscr****",
    "review_id": "7123353",
    "movie_id": "10519"
  },
  {
    "review": "어리석게 잠수함 영화는 무조건 U-571이 다인줄 알았고 최고인줄 알았다. 하지만 붉은10월에 비하면 그 재미가 반도 안된다는 걸 알았다..명작이다...",
    "date": "13.01.16",
    "rating": "10",
    "author": "0411****",
    "review_id": "7121626",
    "movie_id": "10519"
  },
  {
    "review": "10점",
    "date": "12.12.25",
    "rating": "10",
    "author": "hamc****",
    "review_id": "7040359",
    "movie_id": "10519"
  },
  {
    "review": "ㅈ최고의영화",
    "date": "12.11.11",
    "rating": "10",
    "author": "j559****",
    "review_id": "6878673",
    "movie_id": "10519"
  },
  {
    "review": "재밌게 봤어요~",
    "date": "12.10.19",
    "rating": "10",
    "author": "dami****",
    "review_id": "6812643",
    "movie_id": "10519"
  },
  {
    "review": "특전유보트를 아직 보지 못해 감히 말해도 되나 싶지만, 현재까지 최고의 잠수함 액션 영화 임은 틀림없다.",
    "date": "12.10.06",
    "rating": "9",
    "author": "macc****",
    "review_id": "6766766",
    "movie_id": "10519"
  },
  {
    "review": "재밌다",
    "date": "12.09.14",
    "rating": "8",
    "author": "newl****",
    "review_id": "6696847",
    "movie_id": "10519"
  },
  {
    "review": "지 가슴 울렁이면 남들도 울려야만 한다고 생각하는 사람은 머리가 병인게지. 내가 인정한걸 부정하면 천하의 죽일놈이 되는거지.",
    "date": "12.09.04",
    "rating": "1",
    "author": "soul****",
    "review_id": "6670340",
    "movie_id": "10519"
  },
  {
    "review": "말이 필요없는 명작 이영화가 별로라는사람은 다 눈이 병인게지",
    "date": "12.09.04",
    "rating": "10",
    "author": "dexe****",
    "review_id": "6669973",
    "movie_id": "10519"
  },
  {
    "review": "배경만 좋으면 다냐.",
    "date": "12.08.15",
    "rating": "4",
    "author": "tori****",
    "review_id": "6610180",
    "movie_id": "10519"
  },
  {
    "review": "잠수함 영화의 최고봉",
    "date": "12.05.14",
    "rating": "10",
    "author": "kimj****",
    "review_id": "6298839",
    "movie_id": "10519"
  },
  {
    "review": "소련을 군사적, 외교적으로 너무 무능하게 그려서 거북하다 못해 피식하게됨",
    "date": "12.05.13",
    "rating": "7",
    "author": "ratm****",
    "review_id": "6295312",
    "movie_id": "10519"
  },
  {
    "review": "존맥티어난 감독 예전에 연출력이 다시 생겼으면 좋겠다",
    "date": "12.05.12",
    "rating": "10",
    "author": "snow****",
    "review_id": "6293444",
    "movie_id": "10519"
  },
  {
    "review": "특전유보트 다음으로 잘 만들어진 잠수함영화.",
    "date": "12.04.29",
    "rating": "9",
    "author": "new_****",
    "review_id": "6257742",
    "movie_id": "10519"
  },
  {
    "review": "숀코네리의 멋진 연기.. 계속되는 긴장감.. 최고",
    "date": "12.04.26",
    "rating": "10",
    "author": "bbod****",
    "review_id": "6247185",
    "movie_id": "10519"
  },
  {
    "review": "미국 함장으로 나온 스콧 글랜 어디서 봤다 했더니 김갑수",
    "date": "12.01.28",
    "rating": "9",
    "author": "bokb****",
    "review_id": "6030379",
    "movie_id": "10519"
  },
  {
    "review": "극의 긴장감이 크림슨타이드에 비하면 한 수 아래다.",
    "date": "11.12.07",
    "rating": "7",
    "author": "hack****",
    "review_id": "5892732",
    "movie_id": "10519"
  },
  {
    "review": "생각보다 별로..",
    "date": "11.07.23",
    "rating": "6",
    "author": "kusa****",
    "review_id": "5563984",
    "movie_id": "10519"
  },
  {
    "review": "끝까지 몰입하면서 보았다.",
    "date": "11.06.24",
    "rating": "9",
    "author": "hing****",
    "review_id": "5495963",
    "movie_id": "10519"
  },
  {
    "review": "애랬든 저랬든 헐리웃은 20년 전부터 이정도의 잠수함 영화를 만들어냈다.",
    "date": "11.06.22",
    "rating": "7",
    "author": "real****",
    "review_id": "5493554",
    "movie_id": "10519"
  },
  {
    "review": "어릴때 잼있게 봤다는...",
    "date": "11.05.29",
    "rating": "10",
    "author": "heyh****",
    "review_id": "5454042",
    "movie_id": "10519"
  },
  {
    "review": "타이푼급의 위용을 볼수있는 영화.. 숀코넬리가 함장의 위엄을 내뿜는다 긴장감있다",
    "date": "11.05.10",
    "rating": "9",
    "author": "jwbj****",
    "review_id": "5419698",
    "movie_id": "10519"
  },
  {
    "review": "90년작이라기엔 너무나도 훌륭한 영화. 하지만 영화 내용이 다소 어려웠던 것은 사실",
    "date": "11.04.27",
    "rating": "9",
    "author": "terr****",
    "review_id": "5394502",
    "movie_id": "10519"
  },
  {
    "review": "최고임",
    "date": "11.04.23",
    "rating": "10",
    "author": "sigi****",
    "review_id": "5388637",
    "movie_id": "10519"
  },
  {
    "review": "긴장감 넘치는 영화",
    "date": "11.02.28",
    "rating": "10",
    "author": "kang****",
    "review_id": "5282464",
    "movie_id": "10519"
  },
  {
    "review": "유명한 톰클랜시의 원작을 영화화한 작품.밀리터리 지식이 떨어지면 지루할수도 있다.",
    "date": "11.02.23",
    "rating": "8",
    "author": "bloo****",
    "review_id": "5268619",
    "movie_id": "10519"
  },
  {
    "review": "영화가 어려웠어요 ㅠ 힝 ㅠ 남자들의 전문적인 세계 ㅠ 잠수함은 멋지던걸요!ㅋ",
    "date": "11.02.12",
    "rating": "6",
    "author": "sugi****",
    "review_id": "5239117",
    "movie_id": "10519"
  },
  {
    "review": "잠수함 지존 최고 인생의 영화라하는사람들 특전U보트롤 못봤겠지.......",
    "date": "11.02.05",
    "rating": "4",
    "author": "ccpk****",
    "review_id": "5217229",
    "movie_id": "10519"
  },
  {
    "review": "산만한 연출",
    "date": "11.02.05",
    "rating": "4",
    "author": "rame****",
    "review_id": "5217226",
    "movie_id": "10519"
  },
  {
    "review": "사설이 너무 길었어",
    "date": "11.02.05",
    "rating": "4",
    "author": "kpcc****",
    "review_id": "5217224",
    "movie_id": "10519"
  },
  {
    "review": "최고의 영화...",
    "date": "10.12.25",
    "rating": "10",
    "author": "high****",
    "review_id": "5083576",
    "movie_id": "10519"
  },
  {
    "review": "잭 라이언 시리즈중 가장 기억에 남는다..",
    "date": "10.12.13",
    "rating": "10",
    "author": "a109****",
    "review_id": "5049969",
    "movie_id": "10519"
  },
  {
    "review": "너무나 먼 듯한 느낌 공감이 잘 안됨.그냥 형식만 잘 갖춘 베스트셀러느낌이 많이남",
    "date": "10.12.09",
    "rating": "7",
    "author": "wkdl****",
    "review_id": "5039617",
    "movie_id": "10519"
  },
  {
    "review": "잠수함영화의 지존.",
    "date": "10.11.07",
    "rating": "10",
    "author": "rain****",
    "review_id": "4942748",
    "movie_id": "10519"
  },
  {
    "review": "조용한 냉전시대 잠수함 이야기",
    "date": "10.11.05",
    "rating": "7",
    "author": "ikic****",
    "review_id": "4939277",
    "movie_id": "10519"
  },
  {
    "review": "중학교때 비디오로 참재미있게 봤었던 영화 맥티어넌 좋았음",
    "date": "10.11.03",
    "rating": "6",
    "author": "thra****",
    "review_id": "4936357",
    "movie_id": "10519"
  },
  {
    "review": "원작이 톰 클랜시이기 때문에 잘 살려만 내면 되는 영화였다. 감독은 잘 살려냈다.",
    "date": "10.11.03",
    "rating": "10",
    "author": "heim****",
    "review_id": "4936075",
    "movie_id": "10519"
  },
  {
    "review": "아~좀더 일찍 봤어야 할 영화...늦게 본것이 후회 스럽다 ㅜㅜ",
    "date": "10.10.20",
    "rating": "8",
    "author": "hamj****",
    "review_id": "4911744",
    "movie_id": "10519"
  },
  {
    "review": "역대 잠수함 영화중 최고로 뽑을만 하다..",
    "date": "10.09.23",
    "rating": "10",
    "author": "neyc****",
    "review_id": "4862492",
    "movie_id": "10519"
  },
  {
    "review": "오늘 첨 봤는데, 진짜 재밌다~! 마지막에 달라스호가 유도하는 장면은 최고였어~ ㅠ",
    "date": "10.09.11",
    "rating": "10",
    "author": "akpl****",
    "review_id": "4829969",
    "movie_id": "10519"
  },
  {
    "review": "내 인생 Movie Best Top10에 넣겠다!! 멋지고 재밌다! I would like to fish with 숀",
    "date": "10.08.17",
    "rating": "10",
    "author": "necr****",
    "review_id": "4758535",
    "movie_id": "10519"
  },
  {
    "review": "바다는남자들에게새로운희망을갖도록해준다. 마치잠이꿈속의고향으로인도하는것처럼",
    "date": "10.04.22",
    "rating": "7",
    "author": "bbq2****",
    "review_id": "4447685",
    "movie_id": "10519"
  },
  {
    "review": "이영화가 재미없으면 도대체 뭐가 재미있단 말인가,,20년 넘은 영화인데도 대단함...",
    "date": "10.04.09",
    "rating": "10",
    "author": "kawo****",
    "review_id": "4420890",
    "movie_id": "10519"
  },
  {
    "review": "u-571처럼 긴박감은 조금 떨어지지만 시나리오가 더 뛰어난것 같다..조금 볼만은 하다",
    "date": "10.03.25",
    "rating": "7",
    "author": "line****",
    "review_id": "4384752",
    "movie_id": "10519"
  },
  {
    "review": "재밋엇다. 숀코네리 글거 나홀로2 호텔에서 뚱뚱한 의심덩어리 직원 나오네 ㅋㅋ",
    "date": "10.03.12",
    "rating": "10",
    "author": "pop5****",
    "review_id": "4352373",
    "movie_id": "10519"
  },
  {
    "review": "다 좋은데, 과연 당시 소련의 정보력이 저렇게 허접했을까?  미국이 가지고 놀정도로",
    "date": "10.02.15",
    "rating": "8",
    "author": "kimh****",
    "review_id": "4282505",
    "movie_id": "10519"
  },
  {
    "review": "명성만큼은 아니었다",
    "date": "10.02.13",
    "rating": "7",
    "author": "skat****",
    "review_id": "4275670",
    "movie_id": "10519"
  },
  {
    "review": "스릴감을 극도로 느낄 수 있는 영화.",
    "date": "10.02.09",
    "rating": "9",
    "author": "noxp****",
    "review_id": "4262701",
    "movie_id": "10519"
  },
  {
    "review": "좋다",
    "date": "10.02.06",
    "rating": "10",
    "author": "ljh7****",
    "review_id": "4253916",
    "movie_id": "10519"
  },
  {
    "review": "잠수함/항해 관련 용어를 알았다면 더 재밌었을지도. 알고 싶지 안타 근데..",
    "date": "10.01.25",
    "rating": "8",
    "author": "1una****",
    "review_id": "4206708",
    "movie_id": "10519"
  },
  {
    "review": "잠수함을 소재로 영화중 가장 수작으로 꼽히는 영화.",
    "date": "09.11.16",
    "rating": "6",
    "author": "full****",
    "review_id": "3966981",
    "movie_id": "10519"
  },
  {
    "review": "보는내내 미제국주의 홍보영상의 느낌이... 재미는 있었습니다.",
    "date": "09.11.11",
    "rating": "7",
    "author": "mugg****",
    "review_id": "3953062",
    "movie_id": "10519"
  }
]