[
  {
    "review": "최고의 감동적인 가족영화입니다.",
    "date": "15.07.15",
    "rating": "10",
    "author": "enta****",
    "review_id": "10106522",
    "movie_id": "10512"
  },
  {
    "review": "벤지 너무 너무 귀여운~ 주제곡도 중독성 있어요^^",
    "date": "14.12.03",
    "rating": "10",
    "author": "yesu****",
    "review_id": "9443703",
    "movie_id": "10512"
  },
  {
    "review": "지금 보면 어설픈씬들이 많지만 동물고전..",
    "date": "14.11.26",
    "rating": "7",
    "author": "kara****",
    "review_id": "9422942",
    "movie_id": "10512"
  },
  {
    "review": "동물영화 중 가장 감명 깊게 본 영화. 베리 궀!",
    "date": "13.01.03",
    "rating": "10",
    "author": "soli****",
    "review_id": "7077347",
    "movie_id": "10512"
  },
  {
    "review": "I feel love. . . 잔잔한 감동의 여운이 남는 따듯한 외화시 시리즈.때뭍은 어른이 된 지금...나를 다시 돌아보게한다...",
    "date": "12.12.01",
    "rating": "9",
    "author": "xxge****",
    "review_id": "6957115",
    "movie_id": "10512"
  },
  {
    "review": "지금봐도맘따듯해지는영화",
    "date": "12.12.01",
    "rating": "10",
    "author": "alst****",
    "review_id": "6957055",
    "movie_id": "10512"
  },
  {
    "review": "벤지 귀여워요 감동감동",
    "date": "12.06.04",
    "rating": "10",
    "author": "ggon****",
    "review_id": "6362551",
    "movie_id": "10512"
  },
  {
    "review": "나 이거 8살때도 봤었는데 13살인 지금에도 다시 한번 또 보니깐 그래두 재밌당ㅋ",
    "date": "12.06.02",
    "rating": "10",
    "author": "jasb****",
    "review_id": "6357502",
    "movie_id": "10512"
  },
  {
    "review": "벤지와 티파니의 훌륭한 연기력에 감동받음",
    "date": "12.01.13",
    "rating": "10",
    "author": "gjal****",
    "review_id": "5983346",
    "movie_id": "10512"
  },
  {
    "review": "소설로 읽었을때보다 영화로 보니까 더 재밌다.역시 강아지들은 우리의 소중한 친구다",
    "date": "11.02.20",
    "rating": "10",
    "author": "odjs****",
    "review_id": "5259740",
    "movie_id": "10512"
  },
  {
    "review": "어렸을때 참 잼있게봤던영화...",
    "date": "10.11.30",
    "rating": "6",
    "author": "thra****",
    "review_id": "5010343",
    "movie_id": "10512"
  },
  {
    "review": "개가 마실을 나가는 모습을 그린 작품",
    "date": "10.11.09",
    "rating": "1",
    "author": "burz****",
    "review_id": "4947278",
    "movie_id": "10512"
  },
  {
    "review": "정말펑펑 울었어요.. 소리내면서흐느끼면서 .....정말감동적임안보신분들은꼭보세요 !",
    "date": "10.08.23",
    "rating": "10",
    "author": "kkk3****",
    "review_id": "4785494",
    "movie_id": "10512"
  },
  {
    "review": "개보다 못한 사람만 있는 게 아니다. 사람보다 연기를 잘하는 개도 있다",
    "date": "10.06.04",
    "rating": "8",
    "author": "mygr****",
    "review_id": "4543554",
    "movie_id": "10512"
  },
  {
    "review": "여덟살정도에 봤던 영화데..그때가 그리워지는 추억의 영화ㅠ.ㅠ",
    "date": "10.05.26",
    "rating": "10",
    "author": "pure****",
    "review_id": "4525604",
    "movie_id": "10512"
  },
  {
    "review": "아카데미 주제가상을 받은게 아닙니다. 후보에만 올랐지... 영화는 넘조앙",
    "date": "10.02.24",
    "rating": "8",
    "author": "evil****",
    "review_id": "4314801",
    "movie_id": "10512"
  },
  {
    "review": "최고의 명작이다~ 정말 오래된 영화인데 넘 감동적이다ㅠ벤지 지금은없겠지..",
    "date": "09.09.02",
    "rating": "10",
    "author": "gate****",
    "review_id": "3805931",
    "movie_id": "10512"
  },
  {
    "review": "또보고 싶다 정말",
    "date": "09.07.02",
    "rating": "10",
    "author": "gi77****",
    "review_id": "3605560",
    "movie_id": "10512"
  },
  {
    "review": "이건명작 중의 명작이라 할만 하다. 개의 영혼을 느낄 수가있었다.",
    "date": "09.04.17",
    "rating": "10",
    "author": "look****",
    "review_id": "3426018",
    "movie_id": "10512"
  },
  {
    "review": "벤지와 여자친구와의 사랑, 슬로모션으로 달리는 벤지의 회상씬 등, 초OO절의 추억.",
    "date": "09.01.28",
    "rating": "5",
    "author": "acin****",
    "review_id": "3256000",
    "movie_id": "10512"
  },
  {
    "review": "추억의 명작.그래도9.41짜리는 아니라고 본다.실제로는 7~8점 정도?",
    "date": "08.10.19",
    "rating": "1",
    "author": "baks****",
    "review_id": "3007728",
    "movie_id": "10512"
  },
  {
    "review": "완전잼있다...이런거 많이 나왔으면",
    "date": "08.06.01",
    "rating": "10",
    "author": "dlru****",
    "review_id": "2674438",
    "movie_id": "10512"
  },
  {
    "review": "내 어린시절 사랑스런 추억의 영화~",
    "date": "07.10.25",
    "rating": "10",
    "author": "matm****",
    "review_id": "2110849",
    "movie_id": "10512"
  },
  {
    "review": "very good !",
    "date": "07.10.19",
    "rating": "9",
    "author": "cles****",
    "review_id": "2098540",
    "movie_id": "10512"
  },
  {
    "review": "DVD로 매일 보다시피해요. 볼때마다 감동",
    "date": "07.10.19",
    "rating": "10",
    "author": "tazf****",
    "review_id": "2098294",
    "movie_id": "10512"
  },
  {
    "review": "다시봐도 감동적인 너무나 이쁜 영화",
    "date": "07.10.13",
    "rating": "10",
    "author": "khki****",
    "review_id": "2086886",
    "movie_id": "10512"
  },
  {
    "review": "dvd로 사서 다시 봤는데 정말 좋네요~~~~~~~~~",
    "date": "07.07.07",
    "rating": "10",
    "author": "sued****",
    "review_id": "1752469",
    "movie_id": "10512"
  },
  {
    "review": "어찌나 펑펑울었는지 몇번을 봤는데도,,",
    "date": "07.06.02",
    "rating": "10",
    "author": "yasu****",
    "review_id": "1677262",
    "movie_id": "10512"
  },
  {
    "review": "너무 귀엽고 감동...ㅠㅠ",
    "date": "07.03.15",
    "rating": "10",
    "author": "mium****",
    "review_id": "1535506",
    "movie_id": "10512"
  },
  {
    "review": "사람 울리는 벤지의 대 활약",
    "date": "07.02.19",
    "rating": "9",
    "author": "nala****",
    "review_id": "1484265",
    "movie_id": "10512"
  },
  {
    "review": "감동에 물결 ㅠ.ㅠ 울고싶어",
    "date": "06.12.26",
    "rating": "10",
    "author": "jss7****",
    "review_id": "1329103",
    "movie_id": "10512"
  },
  {
    "review": "최고 동물가족영화",
    "date": "06.12.03",
    "rating": "9",
    "author": "ysuh****",
    "review_id": "1264649",
    "movie_id": "10512"
  },
  {
    "review": "강아지의 연기가 대단..",
    "date": "06.09.24",
    "rating": "10",
    "author": "dogf****",
    "review_id": "1141069",
    "movie_id": "10512"
  },
  {
    "review": "맞아 100점 주쟈 !",
    "date": "06.09.20",
    "rating": "10",
    "author": "whdu****",
    "review_id": "1134561",
    "movie_id": "10512"
  },
  {
    "review": "너무잘된영화라 10점이 넘어야함",
    "date": "06.06.24",
    "rating": "10",
    "author": "dwte****",
    "review_id": "855896",
    "movie_id": "10512"
  },
  {
    "review": "예전에 감동적으로 봤던..ㅋㅋ",
    "date": "06.02.20",
    "rating": "9",
    "author": "hong****",
    "review_id": "682335",
    "movie_id": "10512"
  },
  {
    "review": "아 귀여워 ㅋㅋㅋ 재밌어요 울었다",
    "date": "06.01.17",
    "rating": "10",
    "author": "gasu****",
    "review_id": "596258",
    "movie_id": "10512"
  },
  {
    "review": "귀여운벤지.. 똑똑한 벤지  예쁘고 귀여운 친구...  압삘럽 ㅎ",
    "date": "05.12.12",
    "rating": "10",
    "author": "k2hd****",
    "review_id": "501464",
    "movie_id": "10512"
  },
  {
    "review": "최고~~~",
    "date": "05.04.12",
    "rating": "10",
    "author": "dvin****",
    "review_id": "259028",
    "movie_id": "10512"
  },
  {
    "review": "최고",
    "date": "04.09.12",
    "rating": "10",
    "author": "fuck****",
    "review_id": "107022",
    "movie_id": "10512"
  },
  {
    "review": "국민학교다닐때 색종이 겉표지로도 나왔었는데..",
    "date": "04.09.08",
    "rating": "7",
    "author": "rg52****",
    "review_id": "104878",
    "movie_id": "10512"
  },
  {
    "review": "말이 필요없어요  최고의 가족영화라고 봅니다. 적극추천",
    "date": "04.09.07",
    "rating": "10",
    "author": "syj7****",
    "review_id": "104298",
    "movie_id": "10512"
  },
  {
    "review": "생각없이 채널 돌리다가 몇번이나 보게 되었는데 최고요!",
    "date": "04.08.09",
    "rating": "10",
    "author": "thir****",
    "review_id": "86752",
    "movie_id": "10512"
  },
  {
    "review": "다시한번보고싶은영화",
    "date": "04.08.05",
    "rating": "10",
    "author": "sksf****",
    "review_id": "84520",
    "movie_id": "10512"
  },
  {
    "review": "오늘 봤는데ㅠㅁㅜ)//  감동먹었어요-_ㅠ 열연 대단해요-_-)b",
    "date": "04.05.29",
    "rating": "10",
    "author": "cndm****",
    "review_id": "47306",
    "movie_id": "10512"
  },
  {
    "review": "얼마전에 봤는데.. 감동먹었어요-_ㅠ",
    "date": "04.05.08",
    "rating": "10",
    "author": "koal****",
    "review_id": "41801",
    "movie_id": "10512"
  },
  {
    "review": "흰색개가불쌍하다",
    "date": "04.05.02",
    "rating": "10",
    "author": "wlst****",
    "review_id": "40539",
    "movie_id": "10512"
  },
  {
    "review": "어릴때 너무 좋와하던영화입니다.",
    "date": "04.03.01",
    "rating": "1",
    "author": "ju12****",
    "review_id": "25850",
    "movie_id": "10512"
  }
]