[
  {
    "review": "같은 남자가 봐도 어처구니 없을 정도로 잘생긴 세기의 미남 배우도 맞춤 옷을 입은 듯한 톰 리플리 라는 배역을 만나지 못했다면 지금의 전설적인 명배우가 되지 못했을 것같다.세번쯤 보고나니 연출 연기 패션 음악 모든게 마음에 쏙 드는 명작 영화",
    "date": "15.08.24",
    "rating": "10",
    "author": "sund****",
    "review_id": "10270222",
    "movie_id": "10514"
  },
  {
    "review": "영화 진짜 재미 있게 잘 봤고 알랭드롱 사람이 아니네",
    "date": "15.08.15",
    "rating": "10",
    "author": "pc59****",
    "review_id": "10234443",
    "movie_id": "10514"
  },
  {
    "review": "같이 느낄수 있는 영화. 명작... 알랭들롱의 눈빛은 어느 누구도 흉내 못낼것이다.",
    "date": "15.08.11",
    "rating": "10",
    "author": "kimd****",
    "review_id": "10216146",
    "movie_id": "10514"
  },
  {
    "review": "한 옴므파탈의 서글픈 결핍과 갈증이 불러온 파국",
    "date": "15.08.06",
    "rating": "8",
    "author": "syoc****",
    "review_id": "10194242",
    "movie_id": "10514"
  },
  {
    "review": "물론 기라성같은 배우들이야 많고 개인적으로 탑계열이라고 생각하는  몇몇배우들도 여러매체로 접해봤지만 역대본 배우중에서 외모만큼은  개인적으로 원탑으로 꼽네요..",
    "date": "15.07.29",
    "rating": "10",
    "author": "emrt****",
    "review_id": "10155301",
    "movie_id": "10514"
  },
  {
    "review": "태양은 가득히....",
    "date": "15.06.15",
    "rating": "6",
    "author": "alem****",
    "review_id": "10002225",
    "movie_id": "10514"
  },
  {
    "review": "지금 웬만한 헐리우드 영화보다 작품성 있고 흥미진진하고 연출력도 훨씬좋은 영혀?화 시대를 너무 앞서간 명작",
    "date": "15.06.14",
    "rating": "9",
    "author": "5454****",
    "review_id": "9997897",
    "movie_id": "10514"
  },
  {
    "review": "명작이지 성기야 꼭봐라 ㅋㅋㅋ",
    "date": "15.05.18",
    "rating": "10",
    "author": "mess****",
    "review_id": "9930546",
    "movie_id": "10514"
  },
  {
    "review": "현실사회에서 저렇게 살면 알랭 들롱이라도 사고 구조가 삐뚤어진 정신이상자로 정평되어 정신병원에 강제이송된다.",
    "date": "15.03.30",
    "rating": "6",
    "author": "godo****",
    "review_id": "9816450",
    "movie_id": "10514"
  },
  {
    "review": "무릇 영화란 이래야 한다",
    "date": "15.03.22",
    "rating": "10",
    "author": "poie****",
    "review_id": "9800268",
    "movie_id": "10514"
  },
  {
    "review": "머리 좋은 알랑 드롱...",
    "date": "15.02.16",
    "rating": "10",
    "author": "nazz****",
    "review_id": "9701281",
    "movie_id": "10514"
  },
  {
    "review": "이탈이아구경...미남구경만 실컨.",
    "date": "15.02.08",
    "rating": "6",
    "author": "cjw2****",
    "review_id": "9679223",
    "movie_id": "10514"
  },
  {
    "review": "결말은 ㅜㅜ 하지만 알랭드롱의 빛나는 외모,연기력 좋았다♥",
    "date": "15.01.22",
    "rating": "10",
    "author": "jiho****",
    "review_id": "9622005",
    "movie_id": "10514"
  },
  {
    "review": "알랑드롱을 위한 영화!!!!",
    "date": "14.12.25",
    "rating": "9",
    "author": "favo****",
    "review_id": "9511738",
    "movie_id": "10514"
  },
  {
    "review": "한량마스크를 타고난 그의 연기. 놈팽이의 추락은 비명과 같이 온다",
    "date": "14.12.19",
    "rating": "8",
    "author": "suda****",
    "review_id": "9488569",
    "movie_id": "10514"
  },
  {
    "review": "마지막 장면 압권지중해 영상미와 알랭드롱의 매력",
    "date": "14.12.17",
    "rating": "9",
    "author": "st57****",
    "review_id": "9479806",
    "movie_id": "10514"
  },
  {
    "review": "태양보다 뜨거웠던 그의 파란 눈을 기억하며",
    "date": "14.11.23",
    "rating": "7",
    "author": "setm****",
    "review_id": "9414800",
    "movie_id": "10514"
  },
  {
    "review": "매력적인 각본에 빈틈없는 연출, 두 주연배우의 환상적인 미모까지. 훌륭한 영화.",
    "date": "14.11.17",
    "rating": "9",
    "author": "jys4****",
    "review_id": "9393716",
    "movie_id": "10514"
  },
  {
    "review": "완벽한 영화....고전명작중에서도 명작....아직도 안봤냐?",
    "date": "14.11.08",
    "rating": "10",
    "author": "kara****",
    "review_id": "9354460",
    "movie_id": "10514"
  },
  {
    "review": "머리속이 복잡하거나 마음이 울적할때 또는 가슴이 답답할때 꼭 보게 되는 작품...영화라기보단 텍스트에 더 가까운 걸작! 단 알랑 드롱의 치명적 옴므파탈  매력은 이 한편에서 완성되고 끝났다! 그 후의 작품들은 전부 이 작품 캐릭터 우려먹은 것에 불과!",
    "date": "14.08.05",
    "rating": "10",
    "author": "nasu****",
    "review_id": "9029835",
    "movie_id": "10514"
  },
  {
    "review": "이 영화보고 싸인 따라하기를 몇년은 연습한것같다.",
    "date": "14.07.29",
    "rating": "10",
    "author": "pasd****",
    "review_id": "8978219",
    "movie_id": "10514"
  },
  {
    "review": "화면이 이쁘고 절제되었으며 젊은 알랭드롱이 너무 매려력적임",
    "date": "14.05.27",
    "rating": "10",
    "author": "ncnp****",
    "review_id": "8769715",
    "movie_id": "10514"
  },
  {
    "review": "불안한 비행 불안한 착지 아름다운 욕망",
    "date": "14.05.01",
    "rating": "10",
    "author": "avie****",
    "review_id": "8690385",
    "movie_id": "10514"
  },
  {
    "review": "영화 <리플리>먼저 보고 이어 봐서 알랭 들롱 계속 주드로 역할인 줄 알고 헷갈렸다. 옷도 비슷한 푸른셔츠 입고 있어서. 낡고 촌스러운 옷 입는 것이 설정인데 전~~혀 싼티나지 않았어.. 역시 패완얼이야 퉤",
    "date": "14.04.26",
    "rating": "9",
    "author": "icye****",
    "review_id": "8674420",
    "movie_id": "10514"
  },
  {
    "review": "마르쥬의 손바닥에 키스하는 리플리의 눈빛. .다음 생이란 것이 있다면 알랭 들롱의 얼굴로 태어나고 싶다.",
    "date": "14.04.13",
    "rating": "10",
    "author": "ghye****",
    "review_id": "8646467",
    "movie_id": "10514"
  },
  {
    "review": "세월이 흘러도 아름다움은 영원히",
    "date": "14.04.05",
    "rating": "10",
    "author": "drag****",
    "review_id": "8629635",
    "movie_id": "10514"
  },
  {
    "review": "계단에서 살해한 시신을 끌어 내릴 때 나오는 엷고 느린 피아노 음악...이런 감각을 배울 수 있을까",
    "date": "14.04.05",
    "rating": "10",
    "author": "balc****",
    "review_id": "8629272",
    "movie_id": "10514"
  },
  {
    "review": "결말 .... 와 우....",
    "date": "14.04.05",
    "rating": "10",
    "author": "bnen****",
    "review_id": "8628700",
    "movie_id": "10514"
  },
  {
    "review": "알랭드롱. 우수적인 눈빛녹아든다 배경도 진부한 질투심도",
    "date": "14.04.05",
    "rating": "9",
    "author": "bbac****",
    "review_id": "8628688",
    "movie_id": "10514"
  },
  {
    "review": "알랭 드롱의 치명적인 아름다움만으로도 이 영화는 잊혀지질 않을 것이다.",
    "date": "14.03.12",
    "rating": "10",
    "author": "fubu****",
    "review_id": "8569350",
    "movie_id": "10514"
  },
  {
    "review": "알랭들롱 하나로도 이미 명작...정말 부러운외모..그리고 평온하고 아름다운 타는듯한 옛날 이탈리아를 보는맛이 멋지네요",
    "date": "14.03.02",
    "rating": "10",
    "author": "chal****",
    "review_id": "8552607",
    "movie_id": "10514"
  },
  {
    "review": "마지막 반전이 아주 그냥,,!!!",
    "date": "14.01.22",
    "rating": "10",
    "author": "pass****",
    "review_id": "8408572",
    "movie_id": "10514"
  },
  {
    "review": "마지막까지 이어지는 답답함과 흥미진진함.",
    "date": "14.01.11",
    "rating": "9",
    "author": "jong****",
    "review_id": "8370027",
    "movie_id": "10514"
  },
  {
    "review": "극중 알랑드롱 쓰레기같은 살인마네",
    "date": "13.12.26",
    "rating": "1",
    "author": "rmsi****",
    "review_id": "8306888",
    "movie_id": "10514"
  },
  {
    "review": "약간 지루한 감은 있지만 1960년을 생각하면 굿. 반전은 대박.",
    "date": "13.12.26",
    "rating": "9",
    "author": "xeww****",
    "review_id": "8303482",
    "movie_id": "10514"
  },
  {
    "review": "나는 존나 오징어다..",
    "date": "13.09.18",
    "rating": "10",
    "author": "fpah****",
    "review_id": "7992063",
    "movie_id": "10514"
  },
  {
    "review": "스토리 ,배경,음악,배우 하나같이 예술 그 차제다.",
    "date": "13.09.01",
    "rating": "10",
    "author": "jagu****",
    "review_id": "7941297",
    "movie_id": "10514"
  },
  {
    "review": "알랭드롱눈빛이화면을뚫을것같음 진심이때까지본사람중가장잘생겼다..",
    "date": "13.08.31",
    "rating": "10",
    "author": "salm****",
    "review_id": "7936693",
    "movie_id": "10514"
  },
  {
    "review": "더할나위 없이 우아하다. 알랑 드롱의 외모는 자꾸만 주인공을 응원하게 만든다",
    "date": "13.08.17",
    "rating": "9",
    "author": "harr****",
    "review_id": "7894371",
    "movie_id": "10514"
  },
  {
    "review": "요사이는 왜 이런 영화가 없지",
    "date": "13.08.14",
    "rating": "10",
    "author": "banj****",
    "review_id": "7878104",
    "movie_id": "10514"
  },
  {
    "review": "이영화 오래된거같음",
    "date": "13.08.05",
    "rating": "10",
    "author": "odim****",
    "review_id": "7845364",
    "movie_id": "10514"
  },
  {
    "review": "인물들의 심리를 좀 더 세밀하게 그렸다면 훨씬 더 치밀한 작품이 되지 않았을까.",
    "date": "13.08.01",
    "rating": "8",
    "author": "brad****",
    "review_id": "7815086",
    "movie_id": "10514"
  },
  {
    "review": "알랑 드롱: 더 사인 마스터",
    "date": "13.07.31",
    "rating": "8",
    "author": "expr****",
    "review_id": "7803597",
    "movie_id": "10514"
  },
  {
    "review": "명작이다. 알랑드롱 겁나게 잘생김.",
    "date": "13.07.23",
    "rating": "10",
    "author": "roko****",
    "review_id": "7778685",
    "movie_id": "10514"
  },
  {
    "review": "너무 재미있게봤어요. 음악도좋고 스토리도좋고 결말도 좋아요",
    "date": "13.07.15",
    "rating": "10",
    "author": "sunh****",
    "review_id": "7744849",
    "movie_id": "10514"
  },
  {
    "review": "재밌고 여자가너무이쁨",
    "date": "13.06.23",
    "rating": "10",
    "author": "rkdc****",
    "review_id": "7673154",
    "movie_id": "10514"
  },
  {
    "review": "50여년전의 영화라기엔 믿기지않을 만큼의 세련됨에 반했다.알랭 드롱의 비주얼과 연기는 갑!",
    "date": "13.06.23",
    "rating": "10",
    "author": "reno****",
    "review_id": "7672712",
    "movie_id": "10514"
  },
  {
    "review": "알랑 드롱의 출세작이자 누벨바그에게 르네 클레망이 한 수 가르쳐 준 최고의 영화! 야망을 위해 살인까지 해야 했던 젊은 영혼의 몸부림이 서스펜스로 펼쳐진다. 무엇보다 잊을 수 없는 음악과 함께!",
    "date": "13.06.22",
    "rating": "10",
    "author": "bird****",
    "review_id": "7668405",
    "movie_id": "10514"
  },
  {
    "review": "절대로 눈을 뗄 수 없는 영화. 눈을 떼는순간 영화의 흐름을놓혀버린다",
    "date": "13.06.19",
    "rating": "8",
    "author": "cath****",
    "review_id": "7656098",
    "movie_id": "10514"
  },
  {
    "review": "최고의명작",
    "date": "13.05.31",
    "rating": "10",
    "author": "reds****",
    "review_id": "7565643",
    "movie_id": "10514"
  },
  {
    "review": "범인을 알고 사건을 풀어 가고, 음악도 좋고. 유명한 남자 배우",
    "date": "13.05.23",
    "rating": "8",
    "author": "clie****",
    "review_id": "7549693",
    "movie_id": "10514"
  },
  {
    "review": "역대세계최고의 미남자 알랭들롱의 리즈비주얼이담긴 대표작.그외말은필요가없음.",
    "date": "13.05.22",
    "rating": "10",
    "author": "drag****",
    "review_id": "7547123",
    "movie_id": "10514"
  },
  {
    "review": "고고등학교 재학시절에봤습니다참 보기좋은 영화라고 생각이들면서아름다운음악을떠오르게하네요",
    "date": "13.05.21",
    "rating": "9",
    "author": "seol****",
    "review_id": "7546160",
    "movie_id": "10514"
  },
  {
    "review": "굿",
    "date": "13.05.03",
    "rating": "9",
    "author": "p770****",
    "review_id": "7503404",
    "movie_id": "10514"
  },
  {
    "review": "말로 표현 못할 분위기. 요즘 영화에서는 사라진 오히려 더욱 사실적인 분위기가 살아있다.",
    "date": "13.04.22",
    "rating": "10",
    "author": "corn****",
    "review_id": "7474232",
    "movie_id": "10514"
  },
  {
    "review": "이영화를 당신이 보게 된다면 알랑드롱을 사랑하게 될것이고 영화가 끝나면 르네 클레망을 잊지 못하게 될것이다.",
    "date": "13.04.20",
    "rating": "10",
    "author": "bawo****",
    "review_id": "7469449",
    "movie_id": "10514"
  },
  {
    "review": "50년이훨씬지났지만 지금봐도 전혀촌스럽지않은 명품스릴러 새파랗게젊은시절의알랑드롱 지금시선으로봐도최고의미남",
    "date": "13.04.16",
    "rating": "10",
    "author": "came****",
    "review_id": "7462820",
    "movie_id": "10514"
  },
  {
    "review": "겁나 잘생김 알랑드롱",
    "date": "13.04.12",
    "rating": "10",
    "author": "tjrw****",
    "review_id": "7453635",
    "movie_id": "10514"
  },
  {
    "review": "조마조마한 줄타기를 하는것같은 느낌이랄까.. 완전했을것만 같은 범죄는 그렇게 맺는구나.. 리플리의 영리함으로도 채우지 못한 사건의 결말.. 시간을 들여서 보길 잘했다. 탄탄한 내용으로 지루할 틈이 없구나.",
    "date": "13.03.28",
    "rating": "10",
    "author": "kbut****",
    "review_id": "7415843",
    "movie_id": "10514"
  },
  {
    "review": "진짜 이건  봐야된다. 세월이  흘러도  빛 바래지  않는  명품영화.",
    "date": "13.02.21",
    "rating": "8",
    "author": "gent****",
    "review_id": "7287603",
    "movie_id": "10514"
  },
  {
    "review": "알랭드롱을 최고의배우로만들어준 작품.탄탄한 내용구성전개와 아름다운 비주얼이 합쳐져서  완벽한영화. 마지막장면의 그린리프의 시신이 나오고 그와함께 들리는 비명소리. 영화의엔딩이 무척 인상적이였다.",
    "date": "13.02.07",
    "rating": "10",
    "author": "68rh****",
    "review_id": "7235224",
    "movie_id": "10514"
  },
  {
    "review": "아랑드롱 정말 잘생겼다",
    "date": "13.01.13",
    "rating": "10",
    "author": "gkst****",
    "review_id": "7108634",
    "movie_id": "10514"
  },
  {
    "review": "나쁜 범죄를 저지른 가난뱅이지만, 너무 매혹적이어서 안타깝게 느껴진다",
    "date": "12.10.08",
    "rating": "8",
    "author": "kimg****",
    "review_id": "6774973",
    "movie_id": "10514"
  },
  {
    "review": "인간의 욕망을 비웃는 감독의 냉혹한 시선이 고스란히 투영된 마지막 엔딩에 잠시 멍해진다. 수OO후에 만들어진 미국판 리플리는 그저 애교수준",
    "date": "12.09.04",
    "rating": "9",
    "author": "frei****",
    "review_id": "6670353",
    "movie_id": "10514"
  },
  {
    "review": "알랭들롱 눈빛만큼이나 격정적이고 강렬하다.",
    "date": "12.08.26",
    "rating": "8",
    "author": "rd72****",
    "review_id": "6644772",
    "movie_id": "10514"
  },
  {
    "review": "마지막 반전에 정말 놀랐다.. 완전 범죄로 끝날 것 같더니만",
    "date": "12.08.03",
    "rating": "9",
    "author": "figh****",
    "review_id": "6568707",
    "movie_id": "10514"
  },
  {
    "review": "알랭드롱... 너무 잘생겻다",
    "date": "12.07.10",
    "rating": "10",
    "author": "wjdw****",
    "review_id": "6467991",
    "movie_id": "10514"
  },
  {
    "review": "역시 명작이다. 마지막 반전을 보고 몇초동안말이 나오지 않았다..",
    "date": "12.07.07",
    "rating": "10",
    "author": "jasm****",
    "review_id": "6454307",
    "movie_id": "10514"
  },
  {
    "review": "보고나면 아프다, 나타나지 않았던 내 과거를 영화가 찌른다",
    "date": "12.06.26",
    "rating": "8",
    "author": "korn****",
    "review_id": "6418420",
    "movie_id": "10514"
  },
  {
    "review": "책 죄와벌/푸른불꽃같이 이것도 이상하게 살인한거 걸릴까봐 조마조마하면서 보게된다",
    "date": "12.06.20",
    "rating": "10",
    "author": "hs00****",
    "review_id": "6405096",
    "movie_id": "10514"
  },
  {
    "review": "지금 봐도 보는 데 지루하지 않고 개연성도 훌륭합니다..",
    "date": "12.06.16",
    "rating": "9",
    "author": "bwbw****",
    "review_id": "6394985",
    "movie_id": "10514"
  },
  {
    "review": "히치콕이 비정상인거지.. 이영화가 비정상인게 아님. 그렇다고 10점줄 생각도 없음",
    "date": "12.06.04",
    "rating": "1",
    "author": "rhrh****",
    "review_id": "6364099",
    "movie_id": "10514"
  },
  {
    "review": "정말 더 이상 말이 필요없는 영화임. 최고.",
    "date": "12.04.30",
    "rating": "10",
    "author": "herm****",
    "review_id": "6258486",
    "movie_id": "10514"
  },
  {
    "review": "마지막 장면이 소름끼침...",
    "date": "12.04.17",
    "rating": "9",
    "author": "real****",
    "review_id": "6228990",
    "movie_id": "10514"
  },
  {
    "review": "내게 최고",
    "date": "12.03.21",
    "rating": "10",
    "author": "beca****",
    "review_id": "6159058",
    "movie_id": "10514"
  },
  {
    "review": "친구 필립의 싸인을 따라하기 위해 등사기를 벽에 비춰 싸인을 연습하는 장면",
    "date": "12.01.28",
    "rating": "10",
    "author": "arti****",
    "review_id": "6029728",
    "movie_id": "10514"
  },
  {
    "review": "굿",
    "date": "12.01.15",
    "rating": "10",
    "author": "jazz****",
    "review_id": "5987848",
    "movie_id": "10514"
  },
  {
    "review": "명작!! 말이 필요없다..",
    "date": "11.12.26",
    "rating": "10",
    "author": "sing****",
    "review_id": "5935930",
    "movie_id": "10514"
  },
  {
    "review": "알랑 들롱 그 이름 하나만으로 충분한",
    "date": "11.10.29",
    "rating": "9",
    "author": "skyb****",
    "review_id": "5815931",
    "movie_id": "10514"
  },
  {
    "review": "반전없이 톰의 완전범죄로 끝나길 바랬지만, 반전이 있어 이 영화는 명화가 되었다..",
    "date": "11.10.27",
    "rating": "10",
    "author": "deka****",
    "review_id": "5813489",
    "movie_id": "10514"
  },
  {
    "review": "들롱과 라포레의 미모,지중해와 니노 로타. 단 심리탐구가 더 치밀했더라면....",
    "date": "11.10.03",
    "rating": "8",
    "author": "mist****",
    "review_id": "5767771",
    "movie_id": "10514"
  },
  {
    "review": "스토리 전개가 굉장히 튼튼하고 인간의 현실적인 모습을 나타내는 좋은 영화입니다.",
    "date": "11.09.19",
    "rating": "10",
    "author": "bms2****",
    "review_id": "5740622",
    "movie_id": "10514"
  },
  {
    "review": "Good",
    "date": "11.09.01",
    "rating": "10",
    "author": "subw****",
    "review_id": "5701562",
    "movie_id": "10514"
  },
  {
    "review": "쓸쓸한 음악, 아름다운 배경, 명연기,연출력, 그리고 이 모든 것들의 조화 - 명불허전",
    "date": "11.08.21",
    "rating": "10",
    "author": "youn****",
    "review_id": "5675203",
    "movie_id": "10514"
  },
  {
    "review": "지금보아도 최고의 영화",
    "date": "11.07.28",
    "rating": "10",
    "author": "sm52****",
    "review_id": "5577946",
    "movie_id": "10514"
  },
  {
    "review": "원작은 원작만의, 리메이크는 리메이크만의 매력",
    "date": "11.07.08",
    "rating": "7",
    "author": "bbq2****",
    "review_id": "5528597",
    "movie_id": "10514"
  },
  {
    "review": "마지막 와이어줄이 나올때 나는 소스라치게 놀랐다. 그 후로 보고 또 보고",
    "date": "11.06.27",
    "rating": "10",
    "author": "syj3****",
    "review_id": "5502423",
    "movie_id": "10514"
  },
  {
    "review": "최고의 명작입니다 긴장감 내내 잃지 않았구요 그보다 알랭들롱은 역사상 최고의 미남",
    "date": "11.06.20",
    "rating": "10",
    "author": "cndu****",
    "review_id": "5491194",
    "movie_id": "10514"
  },
  {
    "review": "음악 마지막 장면이 인상깊네요",
    "date": "11.05.04",
    "rating": "10",
    "author": "chee****",
    "review_id": "5406001",
    "movie_id": "10514"
  },
  {
    "review": "약간 지루하기도 했지만 1960년대인데 진짜 멋있다 주인공도 배경도",
    "date": "11.05.03",
    "rating": "10",
    "author": "bear****",
    "review_id": "5403244",
    "movie_id": "10514"
  },
  {
    "review": "신이 만들어낸 최고의 걸작품..알랑들롱..~그어떤 찬사도 필요없는 영화... 최고~~",
    "date": "11.04.26",
    "rating": "10",
    "author": "juse****",
    "review_id": "5392602",
    "movie_id": "10514"
  },
  {
    "review": "이 명작영화에 비하면 리플리는 삼류쓰레기",
    "date": "11.03.26",
    "rating": "10",
    "author": "safe****",
    "review_id": "5335004",
    "movie_id": "10514"
  },
  {
    "review": "역사상 최고의 미남..앞으로도 이런 연기력과 얼굴을 갖춘 배우는 나오지 못할듯",
    "date": "11.03.02",
    "rating": "10",
    "author": "dust****",
    "review_id": "5289248",
    "movie_id": "10514"
  },
  {
    "review": "재미있게 봤습니다^^",
    "date": "11.02.28",
    "rating": "10",
    "author": "wltj****",
    "review_id": "5281545",
    "movie_id": "10514"
  },
  {
    "review": "심장을 가득히 조여오는 미칠듯한 긴장감",
    "date": "11.02.26",
    "rating": "10",
    "author": "leem****",
    "review_id": "5278070",
    "movie_id": "10514"
  },
  {
    "review": "적막함 속  숨막히는 공포",
    "date": "11.02.06",
    "rating": "10",
    "author": "ajum****",
    "review_id": "5220296",
    "movie_id": "10514"
  },
  {
    "review": "아랑 드롱 역대 최고의 미남, 앞으로도 이런 미남은 나오기 힘들듯...",
    "date": "10.11.30",
    "rating": "10",
    "author": "wkgy****",
    "review_id": "5010468",
    "movie_id": "10514"
  },
  {
    "review": "알랭드롱은 빛났다..",
    "date": "10.11.21",
    "rating": "7",
    "author": "come****",
    "review_id": "4976140",
    "movie_id": "10514"
  },
  {
    "review": "너무도 치명적인 드롱, 너무 아름다워 눈을 뗄수 없는 21C 최고 미남.",
    "date": "10.11.05",
    "rating": "10",
    "author": "best****",
    "review_id": "4939341",
    "movie_id": "10514"
  },
  {
    "review": "매혹으로 가득 찬 영화",
    "date": "10.10.10",
    "rating": "9",
    "author": "toto****",
    "review_id": "4894524",
    "movie_id": "10514"
  }
]