[
  {
    "review": "작고 귀여운 다니엘과 멜로디 언제까지나  행복하길",
    "date": "15.07.13",
    "rating": "10",
    "author": "kan3****",
    "review_id": "10100997",
    "movie_id": "10520"
  },
  {
    "review": "내 인생 최고의 영화.  30년전에 들은 음악의 영화가 바로 이 영화였다니. 찬사를 보낸다.",
    "date": "13.12.29",
    "rating": "10",
    "author": "swar****",
    "review_id": "8319169",
    "movie_id": "10520"
  },
  {
    "review": "오래된 영환데 그닥 촌스럽지 않고 음악이랑 영화가 참 잘 어울리는  어렸을적 향수가 느껴지는 영화였다",
    "date": "13.11.19",
    "rating": "8",
    "author": "polr****",
    "review_id": "8153396",
    "movie_id": "10520"
  },
  {
    "review": "너무 좋다ㅎ 영화랑 음악이 진짜 잘 어울린다",
    "date": "13.04.28",
    "rating": "10",
    "author": "psh9****",
    "review_id": "7491356",
    "movie_id": "10520"
  },
  {
    "review": "어린이들의 순수한 사랑을 표현한 영화...",
    "date": "13.04.28",
    "rating": "10",
    "author": "pshf****",
    "review_id": "7491328",
    "movie_id": "10520"
  },
  {
    "review": "최고다",
    "date": "13.02.11",
    "rating": "10",
    "author": "kgl0****",
    "review_id": "7251220",
    "movie_id": "10520"
  },
  {
    "review": "플립 이상의 영화.평점 9점대는 나와야해",
    "date": "13.02.11",
    "rating": "10",
    "author": "gkwk****",
    "review_id": "7251217",
    "movie_id": "10520"
  },
  {
    "review": "너무순수하고부러울정도로행복해보이는영화ㅠㅠ",
    "date": "12.10.26",
    "rating": "10",
    "author": "tjsa****",
    "review_id": "6826735",
    "movie_id": "10520"
  },
  {
    "review": "잔망스럽고 귀여운 아이들을 보고 있으려니 그저 입가에 미소가 번진다.",
    "date": "11.11.24",
    "rating": "6",
    "author": "tabu****",
    "review_id": "5868144",
    "movie_id": "10520"
  },
  {
    "review": "요즘 기분이 울적했는데 이 영화 보고나니 입가에 잔잔한 미소가 떠오르네요^^",
    "date": "11.06.22",
    "rating": "10",
    "author": "visu****",
    "review_id": "5493043",
    "movie_id": "10520"
  },
  {
    "review": "안타깝게도 난 이런시절이 없었는데... 정말 순수하고 낭만적인 영화~",
    "date": "10.11.15",
    "rating": "10",
    "author": "kyj0****",
    "review_id": "4962498",
    "movie_id": "10520"
  },
  {
    "review": "나이는 다니엘과 멜로디 세배로 들었지만, 이들같이 티없이 사랑하련다",
    "date": "10.11.07",
    "rating": "8",
    "author": "1una****",
    "review_id": "4944271",
    "movie_id": "10520"
  },
  {
    "review": "오, 귀여워 귀여워..★",
    "date": "10.09.01",
    "rating": "10",
    "author": "pm04****",
    "review_id": "4809569",
    "movie_id": "10520"
  },
  {
    "review": "오랜만에 동심으로 돌아간 느낌.^^",
    "date": "10.07.29",
    "rating": "10",
    "author": "2723****",
    "review_id": "4684651",
    "movie_id": "10520"
  },
  {
    "review": "보고나면 기분좋다. 마음이 순수해지는듯~~ 기억에남을영화",
    "date": "10.04.04",
    "rating": "10",
    "author": "flyh****",
    "review_id": "4409401",
    "movie_id": "10520"
  },
  {
    "review": "싱글싱글 풋사랑.",
    "date": "09.12.22",
    "rating": "7",
    "author": "fren****",
    "review_id": "4071170",
    "movie_id": "10520"
  },
  {
    "review": "이거 꼭 다시 보고싶네요",
    "date": "09.12.22",
    "rating": "10",
    "author": "amas****",
    "review_id": "4070977",
    "movie_id": "10520"
  },
  {
    "review": "어릴적동네비디오가게에서빌려보고아직가끔생각나는영화.혹시나검색해보니있네요^^",
    "date": "09.12.20",
    "rating": "10",
    "author": "dihe****",
    "review_id": "4059774",
    "movie_id": "10520"
  },
  {
    "review": "음악도조코 영상도 이뿌고..아련한느낌이 드는 영화..^^",
    "date": "08.04.05",
    "rating": "7",
    "author": "revo****",
    "review_id": "2559209",
    "movie_id": "10520"
  },
  {
    "review": "오랫동안 찾았던 영화!!",
    "date": "07.11.15",
    "rating": "10",
    "author": "taba****",
    "review_id": "2153742",
    "movie_id": "10520"
  },
  {
    "review": "영원히 못잊을 영화. 아~~~ 멜로디를 사랑해",
    "date": "07.07.27",
    "rating": "10",
    "author": "gold****",
    "review_id": "1816508",
    "movie_id": "10520"
  },
  {
    "review": "음악과 순수한 사랑이 너무 잘 어울리는 추억의 영화!",
    "date": "07.07.15",
    "rating": "10",
    "author": "seun****",
    "review_id": "1778737",
    "movie_id": "10520"
  },
  {
    "review": "예쁘고 귀여운 그들을 보면 피로가 가신다",
    "date": "07.06.25",
    "rating": "9",
    "author": "holl****",
    "review_id": "1721389",
    "movie_id": "10520"
  },
  {
    "review": "비지스와 아무것도 바라지 않는 사랑.....",
    "date": "06.10.15",
    "rating": "8",
    "author": "jshj****",
    "review_id": "1182501",
    "movie_id": "10520"
  },
  {
    "review": "비지스의 음악은 좋았는데.. 영환 그저 그러던데..",
    "date": "06.06.12",
    "rating": "3",
    "author": "lshp****",
    "review_id": "841788",
    "movie_id": "10520"
  },
  {
    "review": "어린시절로 미치듯 돌아가고 싶게 만드는 감동의 명작",
    "date": "06.05.02",
    "rating": "10",
    "author": "desp****",
    "review_id": "783621",
    "movie_id": "10520"
  },
  {
    "review": "비지스 음악이 너무 좋은 영화...",
    "date": "06.02.17",
    "rating": "10",
    "author": "nara****",
    "review_id": "676094",
    "movie_id": "10520"
  },
  {
    "review": "사랑스러운 영화",
    "date": "05.12.28",
    "rating": "10",
    "author": "ocdg****",
    "review_id": "533919",
    "movie_id": "10520"
  },
  {
    "review": "알란 파커의 무정부주의적 색채가 너무나 이쁘게 담아진 사랑스",
    "date": "05.02.17",
    "rating": "9",
    "author": "murt****",
    "review_id": "222725",
    "movie_id": "10520"
  },
  {
    "review": "끝내주게 좋은영화",
    "date": "05.02.11",
    "rating": "10",
    "author": "anne****",
    "review_id": "216754",
    "movie_id": "10520"
  },
  {
    "review": "세상의 중심에서..말하던 영화인데 한번 보고 싶네요, 귀여울거 같아요",
    "date": "04.11.14",
    "rating": "7",
    "author": "muro****",
    "review_id": "145704",
    "movie_id": "10520"
  }
]