[
  {
    "review": "검은비를 맞고 자란 그를 미 형사가 잡는다.액션  스타일리쉬의 걸작",
    "date": "15.05.24",
    "rating": "9",
    "author": "timb****",
    "review_id": "9943335",
    "movie_id": "10521"
  },
  {
    "review": "폼 잡지 않아도 멋진 사나이들의 영화.",
    "date": "15.05.04",
    "rating": "7",
    "author": "cube****",
    "review_id": "9891802",
    "movie_id": "10521"
  },
  {
    "review": "80년대 일본 경제붐에 편승하려는 일본 빠심.",
    "date": "15.03.24",
    "rating": "2",
    "author": "rd72****",
    "review_id": "9803504",
    "movie_id": "10521"
  },
  {
    "review": "늘 평점이 사라져 다시본다",
    "date": "15.03.13",
    "rating": "7",
    "author": "2328****",
    "review_id": "9778200",
    "movie_id": "10521"
  },
  {
    "review": "마츠다 유사쿠의 짧지만 강렬한 이미지가 좋았다. 마츠다 유사쿠는 요절한 재일 한국계 배우",
    "date": "15.03.10",
    "rating": "9",
    "author": "stem****",
    "review_id": "9770734",
    "movie_id": "10521"
  },
  {
    "review": "무난합니다 나쁘지는 않아요",
    "date": "15.03.04",
    "rating": "7",
    "author": "2_dp****",
    "review_id": "9756298",
    "movie_id": "10521"
  },
  {
    "review": "평점 9점대는 나와야 할 영화. 모든 배우들의 그에 걸맞는 연기를 보여주었다.",
    "date": "14.12.31",
    "rating": "10",
    "author": "bjw2****",
    "review_id": "9540525",
    "movie_id": "10521"
  },
  {
    "review": "1980년대의 고도성장기의 일본과 미국의 불안감을 제대로 묘사한 수작...",
    "date": "14.10.25",
    "rating": "6",
    "author": "jjsc****",
    "review_id": "9316158",
    "movie_id": "10521"
  },
  {
    "review": "자막있는 것 어디에서 다운받을수 있나요",
    "date": "14.10.19",
    "rating": "10",
    "author": "ms20****",
    "review_id": "9303336",
    "movie_id": "10521"
  },
  {
    "review": "리들리스콧이라서 조금 실망스럽다",
    "date": "14.09.29",
    "rating": "7",
    "author": "lees****",
    "review_id": "9248743",
    "movie_id": "10521"
  },
  {
    "review": "리들리 스콧의 평타. 멋진 간지의 영상과 훈훈한 결말. 무엇보다도 같은 시기의 걸작 레인맨과 함께 한스짐머 영화음악의 서장을 열어준 작품.",
    "date": "14.08.09",
    "rating": "10",
    "author": "acel****",
    "review_id": "9053096",
    "movie_id": "10521"
  },
  {
    "review": "솔직히 좀 루즈하긴 함...",
    "date": "14.05.20",
    "rating": "7",
    "author": "do11****",
    "review_id": "8748722",
    "movie_id": "10521"
  },
  {
    "review": "일본인이 한탄한...오사카의 밤거리를 창조한 리들리스캇!동양인들보다 더 동양적인 정서를 선율에 담은 한스짐머!",
    "date": "14.05.07",
    "rating": "10",
    "author": "fran****",
    "review_id": "8714683",
    "movie_id": "10521"
  },
  {
    "review": "어릴때 본 추억의 영화 마이클 더글라스의 최전성기 시절 영화",
    "date": "14.03.28",
    "rating": "7",
    "author": "adiv****",
    "review_id": "8612972",
    "movie_id": "10521"
  },
  {
    "review": "후반부 액션이 올드하다는 것 빼고는 최신영화와 비교해도 흠잡을데 없다.",
    "date": "14.03.11",
    "rating": "8",
    "author": "inte****",
    "review_id": "8568092",
    "movie_id": "10521"
  },
  {
    "review": "소름끼칠 정도로 멋진 영화",
    "date": "14.03.08",
    "rating": "10",
    "author": "mdjo****",
    "review_id": "8561715",
    "movie_id": "10521"
  },
  {
    "review": "동시대 헐리웃영화가 일본전성기를 찬양하던 그시절의 수작..",
    "date": "14.01.30",
    "rating": "9",
    "author": "junl****",
    "review_id": "8449922",
    "movie_id": "10521"
  },
  {
    "review": "시대를 앞서 간  느와르, 카메라 구도, 오사카의 야경",
    "date": "13.11.16",
    "rating": "10",
    "author": "pek8****",
    "review_id": "8144880",
    "movie_id": "10521"
  },
  {
    "review": "최고의형사물.음악은,소름끼칠 정도.형사가,나오는,영화중,첩혈쌍웅,더티 해리 씨리즈와 함께,이 분야의,헐리우드 노하우의 결정판.이것보다 더 좋았던 형사물은 다이 하드 씨리즈랑,리썰 웨폰 씨리즈,매드 맥스 씨리즈 정도?외에는,거의 없었네.개인적으로는...",
    "date": "13.11.04",
    "rating": "10",
    "author": "baks****",
    "review_id": "8114384",
    "movie_id": "10521"
  },
  {
    "review": "재밌게 잘 봤네요.오랫만에 보니  과거의 배우들이 연기 잘 했네요",
    "date": "13.09.30",
    "rating": "10",
    "author": "kbc1****",
    "review_id": "8023701",
    "movie_id": "10521"
  },
  {
    "review": "감동그자체",
    "date": "13.08.31",
    "rating": "10",
    "author": "qhrr****",
    "review_id": "7936451",
    "movie_id": "10521"
  },
  {
    "review": "켄이 기억에 남네요.",
    "date": "13.07.22",
    "rating": "10",
    "author": "zack****",
    "review_id": "7773506",
    "movie_id": "10521"
  },
  {
    "review": "수작",
    "date": "13.06.26",
    "rating": "7",
    "author": "neoi****",
    "review_id": "7682268",
    "movie_id": "10521"
  },
  {
    "review": "탄탄한 스토리라인과 연기. 그리고 감독의 색깔이 분명한 영화배경속 분위기즐겁게 본 영화입니다",
    "date": "13.05.19",
    "rating": "8",
    "author": "x1sx****",
    "review_id": "7541673",
    "movie_id": "10521"
  },
  {
    "review": "80년대 일본을 헐리우드 시각으로 볼 수 있는 작품",
    "date": "13.04.14",
    "rating": "7",
    "author": "cont****",
    "review_id": "7457543",
    "movie_id": "10521"
  },
  {
    "review": "연기, 화면, 음악 .. 어떤 것도 빠지지 않는 액션 느와르의 최고봉 .. 간지란 이런것",
    "date": "13.02.18",
    "rating": "9",
    "author": "macc****",
    "review_id": "7279481",
    "movie_id": "10521"
  },
  {
    "review": "얼마 전에 이거 봤었는데, 스토리라인, ost 모두 괜찮고 최고였다!!!",
    "date": "12.11.29",
    "rating": "10",
    "author": "dino****",
    "review_id": "6940002",
    "movie_id": "10521"
  },
  {
    "review": "동시대의 작품으로서 스스로를 클래식화한, 리들리 스콧의 필름느와르 연구 보고서.",
    "date": "12.10.21",
    "rating": "10",
    "author": "kor1****",
    "review_id": "6816986",
    "movie_id": "10521"
  },
  {
    "review": "응답하라 1997에 비할 바가 아닌 80년대의 액션 후까시!",
    "date": "12.09.17",
    "rating": "8",
    "author": "igch****",
    "review_id": "6709065",
    "movie_id": "10521"
  },
  {
    "review": "요즘 액션 영화들에 비하면 호흡도 길고, 액션에서도 아쉬운 부분이 많이 보인다. 그래도 작품의 구성이나 소재 등은 요즘 액션작품들의 원조격으로 봐도 될만큼 여기저기서 많이 보던 재미있는 부분들이 많다. 20년이 넘은 작품이지만 감상할 가치는 있다.",
    "date": "12.09.17",
    "rating": "7",
    "author": "sbj1****",
    "review_id": "6708642",
    "movie_id": "10521"
  },
  {
    "review": "한스 짐머의 OST!! 조성모 불멸의 사랑 뮤직비디오 배경음악으로도 쓰였었죠.. 저작권 문제로 돈 많이 지불했었겠죠... 아마....^^",
    "date": "12.08.30",
    "rating": "10",
    "author": "spar****",
    "review_id": "6657138",
    "movie_id": "10521"
  },
  {
    "review": "마이클 더글라스 왠지 주제무리뉴 축구감독하고 살짝 닮은거같애",
    "date": "12.07.29",
    "rating": "6",
    "author": "fate****",
    "review_id": "6552566",
    "movie_id": "10521"
  },
  {
    "review": "거장의 근사한 평타...풋내기 감독에겐 언감생심.",
    "date": "12.07.12",
    "rating": "8",
    "author": "rock****",
    "review_id": "6472806",
    "movie_id": "10521"
  },
  {
    "review": "89년꺼 치고는 꽤 하는데?ㅋ",
    "date": "12.07.07",
    "rating": "9",
    "author": "park****",
    "review_id": "6454498",
    "movie_id": "10521"
  },
  {
    "review": "흠...글쎄, 비교적 평범한 축 아니었나?",
    "date": "12.06.12",
    "rating": "6",
    "author": "undo****",
    "review_id": "6386033",
    "movie_id": "10521"
  },
  {
    "review": "미국과 일본이 합작하면 3류 중국영화가 탄생한다는 공식",
    "date": "12.03.06",
    "rating": "3",
    "author": "bbq2****",
    "review_id": "6126493",
    "movie_id": "10521"
  },
  {
    "review": "영상과 음악, 스토리와 캐릭터, 모두 뷰티풀! 거듭 봐도 완벽한 형사물! 거장의 작품!",
    "date": "12.02.13",
    "rating": "10",
    "author": "wana****",
    "review_id": "6071759",
    "movie_id": "10521"
  },
  {
    "review": "만들다 만듯한 느낌...",
    "date": "11.11.05",
    "rating": "4",
    "author": "gila****",
    "review_id": "5830211",
    "movie_id": "10521"
  },
  {
    "review": "블레이드 러너와 함께 리들리 스콧감독의 최고의 느와르 영화",
    "date": "11.10.11",
    "rating": "10",
    "author": "hole****",
    "review_id": "5783726",
    "movie_id": "10521"
  },
  {
    "review": "느와르의 분위기를 이 영화가 알고 있다",
    "date": "11.08.18",
    "rating": "8",
    "author": "kimg****",
    "review_id": "5666871",
    "movie_id": "10521"
  },
  {
    "review": "최고의 영화",
    "date": "11.07.04",
    "rating": "10",
    "author": "ddug****",
    "review_id": "5521132",
    "movie_id": "10521"
  },
  {
    "review": "폭력과 욕설이 가장 적당했었고, 일부 폭력적인 장면이 재미있었어요~",
    "date": "11.04.10",
    "rating": "10",
    "author": "kana****",
    "review_id": "5366045",
    "movie_id": "10521"
  },
  {
    "review": "방사능 비올때 최고의 영화!  20년전 보았던 이영화가 오늘 문득 생각났다.",
    "date": "11.04.07",
    "rating": "10",
    "author": "soci****",
    "review_id": "5359394",
    "movie_id": "10521"
  },
  {
    "review": "킬링타임인데 개걸작이다",
    "date": "11.02.10",
    "rating": "8",
    "author": "asun****",
    "review_id": "5233624",
    "movie_id": "10521"
  },
  {
    "review": "어떻게 보면 이 작품이 가장 현실적인 일본의 모습을 다루지 않았나 싶다",
    "date": "10.10.24",
    "rating": "10",
    "author": "sega****",
    "review_id": "4918942",
    "movie_id": "10521"
  },
  {
    "review": "형사 버디무비 장르의 걸작",
    "date": "10.10.13",
    "rating": "10",
    "author": "egoh****",
    "review_id": "4900522",
    "movie_id": "10521"
  },
  {
    "review": "클라이막스가 조금 아쉽지만 리들리의 영상과 한스짐머의 음악의 완벽한 조화",
    "date": "10.02.21",
    "rating": "10",
    "author": "ship****",
    "review_id": "4307094",
    "movie_id": "10521"
  },
  {
    "review": "heart of asia가 배경으로 잔잔하게 깔렸고 다카쿠라 켄 연기도 인상적이었죠",
    "date": "10.01.07",
    "rating": "10",
    "author": "dark****",
    "review_id": "4144848",
    "movie_id": "10521"
  },
  {
    "review": "리들리스콧ㅎ  화면은 역시 최고. 스모크향 그윽한 영화 .",
    "date": "09.11.18",
    "rating": "10",
    "author": "ukeu****",
    "review_id": "3974785",
    "movie_id": "10521"
  },
  {
    "review": "자신들을 과거의 피해자라고 항변하는 일본인의 본심이 담겨졌다.",
    "date": "09.11.13",
    "rating": "5",
    "author": "urus****",
    "review_id": "3957249",
    "movie_id": "10521"
  },
  {
    "review": "영웅본색 첩혈쌍웅 그리고 블랙레인,,,느와르의 진수라고 할수있지",
    "date": "09.11.11",
    "rating": "10",
    "author": "hms3****",
    "review_id": "3951443",
    "movie_id": "10521"
  },
  {
    "review": "고딩때 비디오 테입으로 봤던 영화 신선했다.다카쿠라켄과 마이클더글라스 잘어울렸음",
    "date": "09.10.08",
    "rating": "6",
    "author": "thra****",
    "review_id": "3879959",
    "movie_id": "10521"
  },
  {
    "review": "마초영화의 진수",
    "date": "09.09.05",
    "rating": "10",
    "author": "tjsd****",
    "review_id": "3812271",
    "movie_id": "10521"
  },
  {
    "review": "알려지지 않은 또하나의 명작. 인종을 뛰어넘은 우정. 당시 홍콩느와르에 버금갈영화!",
    "date": "09.06.08",
    "rating": "9",
    "author": "deka****",
    "review_id": "3551620",
    "movie_id": "10521"
  },
  {
    "review": "음악과 어우러지는 황금의 비율영화",
    "date": "09.01.28",
    "rating": "10",
    "author": "harr****",
    "review_id": "3256867",
    "movie_id": "10521"
  },
  {
    "review": "한스 짐머의 음악이 모든걸 커버하는 영화. 다른 건 그저 좀 괜찮은 형사물 정도..?",
    "date": "08.12.18",
    "rating": "8",
    "author": "japa****",
    "review_id": "3126480",
    "movie_id": "10521"
  },
  {
    "review": "영상의 분위기나 액션은 괜찮았던거 같다..",
    "date": "08.12.13",
    "rating": "7",
    "author": "gall****",
    "review_id": "3113688",
    "movie_id": "10521"
  },
  {
    "review": "일본을 배경으로 한 품격있는 액션물 감각적인 화면이 돋보인다",
    "date": "08.12.01",
    "rating": "8",
    "author": "deff****",
    "review_id": "3083366",
    "movie_id": "10521"
  },
  {
    "review": "참 영화볼줄 모그는 사람 많네~최고의 범죄영화중 하나!!",
    "date": "08.10.17",
    "rating": "10",
    "author": "kenn****",
    "review_id": "3004569",
    "movie_id": "10521"
  },
  {
    "review": "시각적 스타일에 매몰된 내러티브.",
    "date": "08.08.10",
    "rating": "6",
    "author": "movi****",
    "review_id": "2859634",
    "movie_id": "10521"
  },
  {
    "review": "전체적으로 볼만하지는 않으나.. 마지막 30분간이 괞찮았다.",
    "date": "08.07.22",
    "rating": "7",
    "author": "pola****",
    "review_id": "2793171",
    "movie_id": "10521"
  },
  {
    "review": "지금봐도 왠만한 형사물은 이영화한테 안됨..음악이 죽이죠...",
    "date": "08.02.01",
    "rating": "10",
    "author": "gh75****",
    "review_id": "2395514",
    "movie_id": "10521"
  },
  {
    "review": "지금봐도 나쁘지 않은..명장의 숨결..?",
    "date": "08.01.13",
    "rating": "8",
    "author": "web9****",
    "review_id": "2323681",
    "movie_id": "10521"
  },
  {
    "review": "분위기나 줄거리나 액션이나 모두 그럴듯 했음 어디하나 크게 나무랄곳 없네요",
    "date": "07.12.18",
    "rating": "8",
    "author": "vavy****",
    "review_id": "2243097",
    "movie_id": "10521"
  },
  {
    "review": "리들리 스콧의 영상미학과 한스 짐머의 음악... 후까란 바로 이런 것이다.",
    "date": "07.08.26",
    "rating": "10",
    "author": "comb****",
    "review_id": "1979420",
    "movie_id": "10521"
  },
  {
    "review": "리들리 스콧의 몇 안되는 졸작",
    "date": "07.08.02",
    "rating": "7",
    "author": "free****",
    "review_id": "1849066",
    "movie_id": "10521"
  },
  {
    "review": "목소리깔고 무게잡던 야쿠자가 멋졌었던 기억이~",
    "date": "07.07.01",
    "rating": "7",
    "author": "dhkq****",
    "review_id": "1735553",
    "movie_id": "10521"
  },
  {
    "review": "야쿠자에 대한 강렬한 인상을 심어주었던 영화",
    "date": "07.03.29",
    "rating": "8",
    "author": "seun****",
    "review_id": "1561277",
    "movie_id": "10521"
  },
  {
    "review": "OST와 더불어 영화자체도 초명작! 분위기너무 멋지고 맛스다형의 카리스마",
    "date": "07.03.20",
    "rating": "10",
    "author": "zedk****",
    "review_id": "1544127",
    "movie_id": "10521"
  },
  {
    "review": "당시 양키들이 쪽바리에 대해 가진 두려움이 나오는 영화",
    "date": "07.02.19",
    "rating": "5",
    "author": "nala****",
    "review_id": "1484400",
    "movie_id": "10521"
  },
  {
    "review": "리들리 스콧감독의 역량과 더글라스의 매력! 최고의 버디무비",
    "date": "07.01.13",
    "rating": "10",
    "author": "hide****",
    "review_id": "1380183",
    "movie_id": "10521"
  },
  {
    "review": "유사쿠..",
    "date": "07.01.04",
    "rating": "10",
    "author": "mala****",
    "review_id": "1355076",
    "movie_id": "10521"
  },
  {
    "review": "잠오는 예술영화나 쳐보는 것들은 평점매기지말고 꺼져라.",
    "date": "06.12.22",
    "rating": "10",
    "author": "asaz****",
    "review_id": "1312664",
    "movie_id": "10521"
  },
  {
    "review": "미국이 바라보는 일본",
    "date": "06.10.09",
    "rating": "7",
    "author": "jm_j****",
    "review_id": "1173380",
    "movie_id": "10521"
  },
  {
    "review": "잔인하지만그래도짜릿하다",
    "date": "06.07.09",
    "rating": "10",
    "author": "i971****",
    "review_id": "881192",
    "movie_id": "10521"
  },
  {
    "review": "평작이긴 하지만 질리지 않는 영화. 영상과 음악이 일품",
    "date": "06.04.17",
    "rating": "9",
    "author": "dari****",
    "review_id": "765710",
    "movie_id": "10521"
  },
  {
    "review": "네이버 평점은 70% 믿을만 하다",
    "date": "06.03.10",
    "rating": "3",
    "author": "scal****",
    "review_id": "710567",
    "movie_id": "10521"
  },
  {
    "review": "더글라스.폴링다운에서는한국인때리더니이번엔 일본놈하고히히덕",
    "date": "06.02.09",
    "rating": "2",
    "author": "gjdh****",
    "review_id": "657678",
    "movie_id": "10521"
  },
  {
    "review": "너무 급조한 느낌..",
    "date": "05.12.25",
    "rating": "6",
    "author": "blue****",
    "review_id": "527682",
    "movie_id": "10521"
  },
  {
    "review": "폭력적인 영화",
    "date": "05.12.24",
    "rating": "7",
    "author": "kws7****",
    "review_id": "525004",
    "movie_id": "10521"
  },
  {
    "review": "스콧의 영화 중 유일하게 과대포장된 영화.",
    "date": "05.07.18",
    "rating": "6",
    "author": "otom****",
    "review_id": "325793",
    "movie_id": "10521"
  },
  {
    "review": "마쓰다 유사쿠만으로 볼만한 가치가 있다",
    "date": "05.06.17",
    "rating": "8",
    "author": "arca****",
    "review_id": "301124",
    "movie_id": "10521"
  },
  {
    "review": "스콕의 영상,멋진음악,모든면에서 느와르같은느낌이 많은수작",
    "date": "05.05.23",
    "rating": "7",
    "author": "si2p****",
    "review_id": "284609",
    "movie_id": "10521"
  },
  {
    "review": "사람목긋는장면만안나왔으면  멋진영화",
    "date": "05.05.05",
    "rating": "4",
    "author": "nazz****",
    "review_id": "271378",
    "movie_id": "10521"
  },
  {
    "review": "잊혀지지 않는 마쓰다 유사쿠의 카리스마",
    "date": "05.04.27",
    "rating": "10",
    "author": "kdh5****",
    "review_id": "267157",
    "movie_id": "10521"
  },
  {
    "review": "갠적으로 리들리 스콧 영화중 단연 최고다......사또의 눈빛....",
    "date": "05.04.06",
    "rating": "10",
    "author": "boom****",
    "review_id": "254594",
    "movie_id": "10521"
  },
  {
    "review": "아...동료 죽을때 야쿠자들 정말 증오했음..",
    "date": "05.03.22",
    "rating": "10",
    "author": "hyuc****",
    "review_id": "245197",
    "movie_id": "10521"
  },
  {
    "review": "형사물로는단연최고라생각한다.",
    "date": "04.11.01",
    "rating": "10",
    "author": "torp****",
    "review_id": "137545",
    "movie_id": "10521"
  },
  {
    "review": "마츠다 유사쿠의 연기는 최고였다.",
    "date": "04.09.28",
    "rating": "10",
    "author": "verm****",
    "review_id": "116081",
    "movie_id": "10521"
  },
  {
    "review": "일본을 배경으로한 멋있는 액션영화",
    "date": "04.05.21",
    "rating": "10",
    "author": "nams****",
    "review_id": "44561",
    "movie_id": "10521"
  },
  {
    "review": "오사카의 거리에 검은비가 내린다",
    "date": "04.03.28",
    "rating": "6",
    "author": "flee****",
    "review_id": "32026",
    "movie_id": "10521"
  },
  {
    "review": "재미 있고, 감독 특유의 색채감은 정말 인상적인 한 마디로 잘 만든 영화",
    "date": "03.12.23",
    "rating": "1",
    "author": "aris****",
    "review_id": "5521",
    "movie_id": "10521"
  }
]