[
  {
    "review": "정말 한국 영화는 퇴보하는 것 같다. 최고의 영화!!! 배우들의 구성도 역대급이고, 열연 ㄷㄷㄷ 원미경 미모 최고!",
    "date": "14.07.17",
    "rating": "9",
    "author": "gold****",
    "review_id": "8926012",
    "movie_id": "10522"
  },
  {
    "review": "원작이 워낙 좋아서... 다만 비디오에서는 일부가 잘려나간채로...헐...  오싱,설국,실락원 등등 일본소설을 영화화한게 많은 우리나라... 개인적으로 67년작 빙점과  일본소설은 아니지만 잃어버린 수작 66년작 만추를 정말 보고싶다는...  ^^",
    "date": "14.04.04",
    "rating": "10",
    "author": "nimm****",
    "review_id": "8626912",
    "movie_id": "10522"
  },
  {
    "review": "별로",
    "date": "12.12.05",
    "rating": "1",
    "author": "kunj****",
    "review_id": "6975581",
    "movie_id": "10522"
  },
  {
    "review": "재밌음",
    "date": "11.10.12",
    "rating": "10",
    "author": "kwag****",
    "review_id": "5784166",
    "movie_id": "10522"
  },
  {
    "review": "재밌음  빙점은",
    "date": "10.02.22",
    "rating": "10",
    "author": "alsx****",
    "review_id": "4309070",
    "movie_id": "10522"
  }
]