[
  {
    "review": "이거 초딩 1학년땐가 닌텐도DS 유행할때 봣는데 젤다의전설에서 바람의섬에서 이거랑 죽이는방식까지 똑같은몬스터 잇엇는데..",
    "date": "15.07.22",
    "rating": "10",
    "author": "king****",
    "review_id": "10129185",
    "movie_id": "10532"
  },
  {
    "review": "불가사리를 사냥하는 4가지 방법!",
    "date": "15.07.05",
    "rating": "8",
    "author": "pont****",
    "review_id": "10070280",
    "movie_id": "10532"
  },
  {
    "review": "오옹 이런영화일줄은생각도못했네",
    "date": "15.06.26",
    "rating": "10",
    "author": "dnjs****",
    "review_id": "10037508",
    "movie_id": "10532"
  },
  {
    "review": "영화의 이미지부터 멋지고 정말 아름답군요 한번영화를보니 와우 판타스틱 베이베 후훟",
    "date": "15.06.12",
    "rating": "10",
    "author": "bsh0****",
    "review_id": "9992412",
    "movie_id": "10532"
  },
  {
    "review": "이거 진짜로 의외로 굉장히 재미 있다.  지금 처럼 영화가 폭풍처럼 쏟아 지지 않았던 시대에 비디오 빌려봤는데 몰입감 장난이 아니였던게  아직도 기억난다. b급 같은 느낌이지만 굉장히 잘 만든 영화다.",
    "date": "15.06.08",
    "rating": "10",
    "author": "next****",
    "review_id": "9983882",
    "movie_id": "10532"
  },
  {
    "review": "최고의 B급 괴물영화 어렸을때 재밌게 봤었지",
    "date": "15.04.30",
    "rating": "8",
    "author": "ksa2****",
    "review_id": "9879593",
    "movie_id": "10532"
  },
  {
    "review": "어릴적 KBS서 네바다불가사리 라는 제목으로 더빙 방영햇엇지여.그때 장광씨랑 기타 더빙하신 성우분이 정말 연기를 잘해줘서 오래도록 제인생의 최고영화로 남아있었습니다. 세월이흐르고 원판을 구해다봣는데 케빈베이컨 목소리는 진짜아니올시다 한국성우들의 위대함",
    "date": "15.04.17",
    "rating": "9",
    "author": "quee****",
    "review_id": "9849198",
    "movie_id": "10532"
  },
  {
    "review": "가족끼리보기너무좋은영화 킬링타임으로도제격이고가끔은 이런무서운듯하면서 유쾌한영화를보는것도스트레스풀리고 좋다고생각한다 추천!",
    "date": "15.03.22",
    "rating": "10",
    "author": "gusc****",
    "review_id": "9800810",
    "movie_id": "10532"
  },
  {
    "review": "10번도 넘게 봤는데 진짜 재밌었음 ㅋㅋㅋ",
    "date": "15.03.16",
    "rating": "10",
    "author": "qkqh****",
    "review_id": "9787248",
    "movie_id": "10532"
  },
  {
    "review": "20여년만에 다시보아도 명작시네요^^",
    "date": "15.02.22",
    "rating": "10",
    "author": "cass****",
    "review_id": "9726973",
    "movie_id": "10532"
  },
  {
    "review": "처음에 보고 대단히 인상적인 공포영화였음.",
    "date": "15.01.24",
    "rating": "8",
    "author": "adiv****",
    "review_id": "9630007",
    "movie_id": "10532"
  },
  {
    "review": "네이버영화 별점 주는 넘들은 옛날영화는 대체로 고평가하는 경향이 있음. 초등학생 이하들이 보면 딱 좋은 덜 잔인한 괴물영화임. 배우들 전부 다 과장된 몸짓에 정서적으로도 안 맞고 개답답 바로 삭제했음. 베댓넘들 오바하긴 ㅉㅉ",
    "date": "15.01.21",
    "rating": "3",
    "author": "kore****",
    "review_id": "9618969",
    "movie_id": "10532"
  },
  {
    "review": "훌륭한 영화 무조건 최고...",
    "date": "15.01.17",
    "rating": "10",
    "author": "xsan****",
    "review_id": "9606736",
    "movie_id": "10532"
  },
  {
    "review": "유치해서 말하기도 싫다",
    "date": "15.01.04",
    "rating": "1",
    "author": "jann****",
    "review_id": "9558750",
    "movie_id": "10532"
  },
  {
    "review": "최고의영화!! 저보다 일곱살이나 많은 영화라니 ㅋㅋ 어릴때 오들오들 떨면서 끝까지 다봤던 기억이나네요  또봐도 너무재밌습니다 전혀 시간이 아깝지 않은 영화 ㅎ 감히 명작이라 불러봅니다",
    "date": "14.12.20",
    "rating": "10",
    "author": "dbfl****",
    "review_id": "9493894",
    "movie_id": "10532"
  },
  {
    "review": "이영화를 처음 봤을때부터 저 괴물은 어디서 온놈인지 궁금했다.",
    "date": "14.12.09",
    "rating": "6",
    "author": "oris****",
    "review_id": "9460252",
    "movie_id": "10532"
  },
  {
    "review": "연기가 좀 어설퍼 보이는 일반 장면을 제외하면 당시로서는 상당히 잘 만든 영화다. 장르 중에서는 상당히 높은 수준. B급이라고 하기엔 이미 너무 널리 알려진 작품.",
    "date": "14.12.06",
    "rating": "8",
    "author": "tscm****",
    "review_id": "9450784",
    "movie_id": "10532"
  },
  {
    "review": "이 영화 본 이후로 내 발을 바닥이란 모든 바닥에 내딛지를 못 했다ㅡㅡ",
    "date": "14.11.25",
    "rating": "10",
    "author": "jjyn****",
    "review_id": "9420633",
    "movie_id": "10532"
  },
  {
    "review": "피가 난무하는 여타 크리쳐물과는 다르게, 전혀 공포스럽지않고 유쾌하게 볼수있는 가족용 코믹크리쳐물.",
    "date": "14.11.12",
    "rating": "10",
    "author": "kjk9****",
    "review_id": "9372769",
    "movie_id": "10532"
  },
  {
    "review": "괴수 영화 치곤 사람이 많이 안죽네요 그건 좀 신선한듯 ㅋ 뭔가 많이 살아남아서 훈훈한",
    "date": "14.11.05",
    "rating": "8",
    "author": "taeg****",
    "review_id": "9342591",
    "movie_id": "10532"
  },
  {
    "review": "지금 봐도 재미는 여전하지만 몇몇 장면은 너무나도 허접해서 눈에 거슬림",
    "date": "14.11.03",
    "rating": "9",
    "author": "mien****",
    "review_id": "9338425",
    "movie_id": "10532"
  },
  {
    "review": "훌륭함 정말 재미있게 봤음 ㅋ",
    "date": "14.10.24",
    "rating": "9",
    "author": "hyun****",
    "review_id": "9314045",
    "movie_id": "10532"
  },
  {
    "review": "스카이콩콩 여자애는 몇 년 뒤, 코스타리카 외딴 섬에 테마파크 공원 만들려는 할아아버지 때문에 훨씬 더 큰 공포를 맞봐야 했지!",
    "date": "14.10.08",
    "rating": "10",
    "author": "hybr****",
    "review_id": "9274396",
    "movie_id": "10532"
  },
  {
    "review": "20년전에 만든거면 훌륭한거지!",
    "date": "14.09.28",
    "rating": "10",
    "author": "wrgm****",
    "review_id": "9247186",
    "movie_id": "10532"
  },
  {
    "review": "저예산 sci-fi...  교본,, 지금 봐도 재밋어...",
    "date": "14.09.27",
    "rating": "9",
    "author": "klei****",
    "review_id": "9243183",
    "movie_id": "10532"
  },
  {
    "review": "옛날 영화치곤 정말 좋은 영화네요.",
    "date": "14.09.25",
    "rating": "10",
    "author": "dpdl****",
    "review_id": "9239597",
    "movie_id": "10532"
  },
  {
    "review": "어린시절  비디오로 봤을 때  최고였음,,  물론  지금봐도 재밌음",
    "date": "14.09.19",
    "rating": "10",
    "author": "fghy****",
    "review_id": "9224642",
    "movie_id": "10532"
  },
  {
    "review": "오래오래 기억될 영화. 공포와 모험, 유머, 서스펜션의 절묘한 조화",
    "date": "14.09.01",
    "rating": "10",
    "author": "pass****",
    "review_id": "9154179",
    "movie_id": "10532"
  },
  {
    "review": "보고 나서 나이를 먹다 보면 이 영화가 얼마나 노잼인지를 알수가 있다.",
    "date": "14.08.03",
    "rating": "1",
    "author": "hang****",
    "review_id": "9016800",
    "movie_id": "10532"
  },
  {
    "review": "초딩시절 항상 챙겨보던 영화. 마지막 주인공의 날아갈 수 있겠냐, 이 멍청아!!! 라는 대사가 아직도 기억에 남는다",
    "date": "14.08.02",
    "rating": "9",
    "author": "akak****",
    "review_id": "9010366",
    "movie_id": "10532"
  },
  {
    "review": "재밌게 봤구요~ 봐도봐도 질리지 않아요...무엇보다...저런 괴물  만들어 낸 영화 스텝 기술자들...대단합니다..역시 헐리우드는 남다르구나 싶네요~",
    "date": "14.07.28",
    "rating": "10",
    "author": "jimi****",
    "review_id": "8973199",
    "movie_id": "10532"
  },
  {
    "review": "이게진리다.진짜로 대박영화다.정말재미있다",
    "date": "14.07.27",
    "rating": "10",
    "author": "sang****",
    "review_id": "8970201",
    "movie_id": "10532"
  },
  {
    "review": "늦었지만.. 당시 초딩시절 가장 재밌게 본 영화 1순위다.",
    "date": "14.07.27",
    "rating": "10",
    "author": "st00****",
    "review_id": "8969506",
    "movie_id": "10532"
  },
  {
    "review": "어릴때재밌게봤는데 제목이기억안났던ㅠ 이거였구나ㅠㅜ",
    "date": "14.07.21",
    "rating": "10",
    "author": "jain****",
    "review_id": "8936860",
    "movie_id": "10532"
  },
  {
    "review": "최고의 괴수영화라고 말할수있는 영화다. 요즘괴수영화는 거의 B급밖에 못만들지만 이건 진리다",
    "date": "14.07.15",
    "rating": "10",
    "author": "sooh****",
    "review_id": "8918657",
    "movie_id": "10532"
  },
  {
    "review": "더 높은곳으로 올라가!",
    "date": "14.04.26",
    "rating": "10",
    "author": "wjda****",
    "review_id": "8674607",
    "movie_id": "10532"
  },
  {
    "review": "재밌게 봤었음. 10점 빵",
    "date": "14.04.15",
    "rating": "10",
    "author": "hood****",
    "review_id": "8651081",
    "movie_id": "10532"
  },
  {
    "review": "기발한 괴물 코메디. 재미있슴",
    "date": "14.03.28",
    "rating": "10",
    "author": "cles****",
    "review_id": "8613786",
    "movie_id": "10532"
  },
  {
    "review": "TV 에 방영되면 여전히 채널을 못돌리게 만든다. 케빈 베이컨  젊은 모습이 정겹다.",
    "date": "14.03.23",
    "rating": "10",
    "author": "kero****",
    "review_id": "8599790",
    "movie_id": "10532"
  },
  {
    "review": "B급 영화중에서도 수작이다.",
    "date": "14.03.10",
    "rating": "10",
    "author": "nall****",
    "review_id": "8567751",
    "movie_id": "10532"
  },
  {
    "review": "20년도 더 된 영화라니..",
    "date": "14.03.07",
    "rating": "8",
    "author": "hath****",
    "review_id": "8560777",
    "movie_id": "10532"
  },
  {
    "review": "예전에  TV에서 참 재미있게 봤던 영화임...킬링타임용으로는 딱임",
    "date": "14.03.03",
    "rating": "6",
    "author": "thra****",
    "review_id": "8554137",
    "movie_id": "10532"
  },
  {
    "review": "어릴때 토요명화에서 졸라 재미있게즐겨 봤는데 지금 보도 최고의 걸작이네 ㅎㅎ",
    "date": "14.02.08",
    "rating": "10",
    "author": "yyho****",
    "review_id": "8486968",
    "movie_id": "10532"
  },
  {
    "review": "케빈 베이컨과 함께하는 통쾌한 괴물소탕.",
    "date": "14.01.30",
    "rating": "8",
    "author": "skaw****",
    "review_id": "8449505",
    "movie_id": "10532"
  },
  {
    "review": "B급 냄새 나는 영화인데도 보면 볼수록 감칠맛이나",
    "date": "14.01.28",
    "rating": "9",
    "author": "gooz****",
    "review_id": "8438225",
    "movie_id": "10532"
  },
  {
    "review": "어렸을 때 자주 보던 괴물 영화 ㅎ",
    "date": "14.01.04",
    "rating": "10",
    "author": "pc59****",
    "review_id": "8347006",
    "movie_id": "10532"
  },
  {
    "review": "진짜 재미있고 스릴 있어요.~^^",
    "date": "13.12.16",
    "rating": "9",
    "author": "jjun****",
    "review_id": "8217895",
    "movie_id": "10532"
  },
  {
    "review": "정말 소름끼친다!!!",
    "date": "13.12.13",
    "rating": "10",
    "author": "ske4****",
    "review_id": "8210975",
    "movie_id": "10532"
  },
  {
    "review": "지금 보기엔 CG가 다소 어설프겠지만 90년도에 그정도면 괜찮은것 같다. 스토리도 무난하고 흥미롭다.",
    "date": "13.11.21",
    "rating": "7",
    "author": "ehwj****",
    "review_id": "8158449",
    "movie_id": "10532"
  },
  {
    "review": "만점짜리 B급 괴수영화",
    "date": "13.11.13",
    "rating": "9",
    "author": "scif****",
    "review_id": "8135668",
    "movie_id": "10532"
  },
  {
    "review": "잊을 수 없는 명작이지?",
    "date": "13.11.11",
    "rating": "9",
    "author": "djaa****",
    "review_id": "8132840",
    "movie_id": "10532"
  },
  {
    "review": "저예산 영화의 바이블.",
    "date": "13.11.03",
    "rating": "8",
    "author": "maes****",
    "review_id": "8112950",
    "movie_id": "10532"
  },
  {
    "review": "어렸을때 본거지만 최고였다",
    "date": "13.11.02",
    "rating": "10",
    "author": "seve****",
    "review_id": "8110595",
    "movie_id": "10532"
  },
  {
    "review": "이게 뭐냐 도무지...에효",
    "date": "13.10.17",
    "rating": "1",
    "author": "dbzh****",
    "review_id": "8066629",
    "movie_id": "10532"
  },
  {
    "review": "가벼우면서도 보여줄건 다 보여주는 성실함.",
    "date": "13.10.10",
    "rating": "9",
    "author": "reco****",
    "review_id": "8050821",
    "movie_id": "10532"
  },
  {
    "review": "요즘 시대의 가짜 티 팍팍 나는 어설픈 CG보다 이 시대의 실물 특수 효과가 훨씬 더 재밌네유. 근디 제목 번역은 어느 바보가 한거야. 웬 불가사리?",
    "date": "13.10.09",
    "rating": "5",
    "author": "real****",
    "review_id": "8047240",
    "movie_id": "10532"
  },
  {
    "review": "ㅋㅋ 세월이 흘러도 정말 명작임 ㅋㅋ TV로도 몇번을 봤고 컴터로도 또 보고 ㅋㅋ 최고다 ㅋ",
    "date": "13.10.07",
    "rating": "9",
    "author": "ryus****",
    "review_id": "8043347",
    "movie_id": "10532"
  },
  {
    "review": "걍 심심할때 보는게 딱 좋음",
    "date": "13.10.01",
    "rating": "10",
    "author": "op34****",
    "review_id": "8025831",
    "movie_id": "10532"
  },
  {
    "review": "마지막에 박수를 치고 싶게 만드는 이런 영화를 나는 너무도 사랑한다",
    "date": "13.09.17",
    "rating": "10",
    "author": "unma****",
    "review_id": "7989883",
    "movie_id": "10532"
  },
  {
    "review": "최고 내어린시절의 최고였음 ㄷㄷㄷㄷㄷㄷㄷㄷ",
    "date": "13.09.16",
    "rating": "10",
    "author": "mian****",
    "review_id": "7985369",
    "movie_id": "10532"
  },
  {
    "review": "어릴적 누나랑 토요명화에서 처음 보았던 영화 ㅠㅠ그때정말흥미진지ㅋㅋ",
    "date": "13.09.11",
    "rating": "9",
    "author": "cjfa****",
    "review_id": "7967295",
    "movie_id": "10532"
  },
  {
    "review": "재미있음 `  ~   Good ~",
    "date": "13.08.24",
    "rating": "10",
    "author": "tekk****",
    "review_id": "7919104",
    "movie_id": "10532"
  },
  {
    "review": "10년정도 전에 보고 다시 본 영화, 역시 재밌어 지금보면 억지스러운 부분도 꽤 보이지만, 그래도 재밌는 영화, 개그요소도 재밌고, 정말 명작이다.",
    "date": "13.08.16",
    "rating": "10",
    "author": "bell****",
    "review_id": "7888988",
    "movie_id": "10532"
  },
  {
    "review": "최근에 봤지만 그래도 생생하고 무섭고 재미있음",
    "date": "13.08.15",
    "rating": "10",
    "author": "mooy****",
    "review_id": "7885792",
    "movie_id": "10532"
  },
  {
    "review": "쩝...",
    "date": "13.08.13",
    "rating": "1",
    "author": "vipa****",
    "review_id": "7876368",
    "movie_id": "10532"
  },
  {
    "review": "어릴적 공포의 존재중 하나였던 불가사리...",
    "date": "13.07.09",
    "rating": "8",
    "author": "jdh2****",
    "review_id": "7719821",
    "movie_id": "10532"
  },
  {
    "review": "b급 괴수물의 원칙을 철저히 지키지만 재밌다",
    "date": "13.07.02",
    "rating": "7",
    "author": "sk41****",
    "review_id": "7698259",
    "movie_id": "10532"
  },
  {
    "review": "엔딩도 깔끔하다.",
    "date": "13.06.27",
    "rating": "8",
    "author": "park****",
    "review_id": "7684126",
    "movie_id": "10532"
  },
  {
    "review": "어렸을때 진짜 티비에서 맨날 해줬었는데... 봤던건데도 또 보곤했지... 다시 보고싶어서 찾아봣는데 끝까지 볼만은 했다. 물론 예전 작품이라 허술하기도 하고 어떻게 괴물이 셋팅됬는지 눈에 보일정도지만 그래도 괜찮았다.",
    "date": "13.06.24",
    "rating": "8",
    "author": "qhre****",
    "review_id": "7676513",
    "movie_id": "10532"
  },
  {
    "review": "지금까지본영화중에 최고예요",
    "date": "13.06.14",
    "rating": "10",
    "author": "song****",
    "review_id": "7636219",
    "movie_id": "10532"
  },
  {
    "review": "이 영화 보고 공포에 질려 바닥을 보면서 걸었다. ㅋㅋ 머리속에서 계속 생각남",
    "date": "13.06.07",
    "rating": "10",
    "author": "rkag****",
    "review_id": "7606958",
    "movie_id": "10532"
  },
  {
    "review": "진짜 평점 오바다 그저 옛날에 봐서 재밋다고 10점 씩을 주다니 내가 본게 죄지 당시에 봣으면 나도 10점줫겟다 하지만 지금은 너무나도 허술하다",
    "date": "13.05.30",
    "rating": "3",
    "author": "qlxj****",
    "review_id": "7563033",
    "movie_id": "10532"
  },
  {
    "review": "최고의 영화다~~ 초딩시절 토요명화에서 해주는걸 녹화해서 100번도 넘게봣고 비디오 시절이 사라진 지금 우연히 슈퍼액션에서 해주는걸 봣는데 25년전 작품이라 하기에 손색이 없다~~ 최고다~~~!!!!!!!",
    "date": "13.05.13",
    "rating": "10",
    "author": "king****",
    "review_id": "7525856",
    "movie_id": "10532"
  },
  {
    "review": "어렸을 적, TV영화로 나올때 밤에 식구들 모여서 가슴 조리며 본 영화",
    "date": "13.05.10",
    "rating": "9",
    "author": "male****",
    "review_id": "7519816",
    "movie_id": "10532"
  },
  {
    "review": "불가사리의 4차원을 넘어선 8차원 개그코드는 나와 너무나 잘맞는다",
    "date": "13.05.06",
    "rating": "10",
    "author": "no34****",
    "review_id": "7512079",
    "movie_id": "10532"
  },
  {
    "review": "처음에는 심심했는데 보다가 몰입되서 다봐버림.ㅋㅋ",
    "date": "13.04.06",
    "rating": "10",
    "author": "clys****",
    "review_id": "7439777",
    "movie_id": "10532"
  },
  {
    "review": "진짜 기대안하고 보다가 몰입했어여 ㅋㅋ재밌음",
    "date": "13.03.23",
    "rating": "10",
    "author": "qhdr****",
    "review_id": "7401675",
    "movie_id": "10532"
  },
  {
    "review": "볼수록 매력이 느껴진다 ㅋㅋㅋ 이상하게 질리지가 않음 이후 2,3탄도 나왓지만 1편이 갑임!!",
    "date": "13.03.21",
    "rating": "9",
    "author": "psy4****",
    "review_id": "7387357",
    "movie_id": "10532"
  },
  {
    "review": "화려한 CG에 있는 요즘 관객들에겐 어떨지 모르겠지만...20년 전 첨 영화를 봤을 땐 진짜 리얼이였다. 한동안 운동장 바닥보고 다녔을 정도.",
    "date": "13.03.06",
    "rating": "9",
    "author": "shki****",
    "review_id": "7326824",
    "movie_id": "10532"
  },
  {
    "review": "심심풀이로 보다가 완전 몰입!",
    "date": "13.02.28",
    "rating": "10",
    "author": "ranc****",
    "review_id": "7308906",
    "movie_id": "10532"
  },
  {
    "review": "시리즈중 1이 제일 재밌었다",
    "date": "13.02.15",
    "rating": "9",
    "author": "skps****",
    "review_id": "7267106",
    "movie_id": "10532"
  },
  {
    "review": "어렸을적 이영화보고 운동장에 왜이리 가기싫던짘ㅋㅋ결국 구름다리위에서..",
    "date": "13.02.13",
    "rating": "7",
    "author": "kdju****",
    "review_id": "7258098",
    "movie_id": "10532"
  },
  {
    "review": "오랜만에 다시 보니까 지겹더라. 예전에는 어렸을때라 흥미진진했는데..",
    "date": "13.02.07",
    "rating": "6",
    "author": "jere****",
    "review_id": "7235655",
    "movie_id": "10532"
  },
  {
    "review": "불가사리 시리즈는 그냥 언제봐도 재밌다. 킬링타임용으로 이만한 영화가 있을까, TV에서 틀어줄때마다 넋놓고 본다 ㅋㅋ",
    "date": "13.02.07",
    "rating": "10",
    "author": "gmlt****",
    "review_id": "7235596",
    "movie_id": "10532"
  },
  {
    "review": "중간중간 피식피식 빵빵 터져주는 상황적 애드립들이 너무 재밌네ㅋㅋ",
    "date": "13.02.07",
    "rating": "9",
    "author": "cycl****",
    "review_id": "7234735",
    "movie_id": "10532"
  },
  {
    "review": "코믹하다.",
    "date": "13.01.09",
    "rating": "7",
    "author": "marc****",
    "review_id": "7095702",
    "movie_id": "10532"
  },
  {
    "review": "지금 봐도 재밌다~~",
    "date": "12.12.10",
    "rating": "10",
    "author": "bara****",
    "review_id": "6990010",
    "movie_id": "10532"
  },
  {
    "review": "불확실한 괴물의 탄생만 빼곤 나무랄데 없는",
    "date": "12.12.09",
    "rating": "7",
    "author": "dizi****",
    "review_id": "6988902",
    "movie_id": "10532"
  },
  {
    "review": "대밬ㅋㅋ",
    "date": "12.12.02",
    "rating": "10",
    "author": "ssd7****",
    "review_id": "6961416",
    "movie_id": "10532"
  },
  {
    "review": "한적한 외딴 마을에서 벌어지는 사건 ...이런거 좋아!!",
    "date": "12.12.01",
    "rating": "9",
    "author": "jsk9****",
    "review_id": "6950155",
    "movie_id": "10532"
  },
  {
    "review": "공포와 코믹이 적절히 섞여서 재밌었음.",
    "date": "12.11.16",
    "rating": "9",
    "author": "kem1****",
    "review_id": "6893177",
    "movie_id": "10532"
  },
  {
    "review": "재미있고 독창적인 괴물 영화",
    "date": "12.10.17",
    "rating": "10",
    "author": "ysuh****",
    "review_id": "6807870",
    "movie_id": "10532"
  },
  {
    "review": "두더지 같은 악어가 나타나서 마을을 쑥대밭으로 만드는 영화로써, 보이지는 않고 진동으로만 공포를 느끼게 해준다는 발상이 참신했다. 코끼리 잡는 총으로도 못죽이고 절벽에서 떨어지게했던거 같은 기억이 나는군.",
    "date": "12.10.05",
    "rating": "10",
    "author": "bajj****",
    "review_id": "6764178",
    "movie_id": "10532"
  },
  {
    "review": "킬링타임용으로 적절하군",
    "date": "12.09.20",
    "rating": "7",
    "author": "guev****",
    "review_id": "6714849",
    "movie_id": "10532"
  },
  {
    "review": "20년전 영화인걸 감안하더라도 너무 지루했다. 그저 괴수 영화의 전형적인 클래식.",
    "date": "12.08.23",
    "rating": "4",
    "author": "ball****",
    "review_id": "6636725",
    "movie_id": "10532"
  },
  {
    "review": "명작",
    "date": "12.07.26",
    "rating": "10",
    "author": "scar****",
    "review_id": "6533352",
    "movie_id": "10532"
  },
  {
    "review": "참으로 재밌게 봤던 영화.",
    "date": "12.07.21",
    "rating": "9",
    "author": "ci30****",
    "review_id": "6511215",
    "movie_id": "10532"
  },
  {
    "review": "어릴적 꽤나 재밋게 봤지",
    "date": "12.07.19",
    "rating": "10",
    "author": "ckk2****",
    "review_id": "6498277",
    "movie_id": "10532"
  },
  {
    "review": "화려함을 더 추가해서 리메이크해도 괜찮을꺼 같다.",
    "date": "12.07.13",
    "rating": "7",
    "author": "wlfa****",
    "review_id": "6475347",
    "movie_id": "10532"
  },
  {
    "review": "예전에 진짜 잼있게 봤던기억으로 한번더 봤다 역시 최고",
    "date": "12.07.11",
    "rating": "10",
    "author": "myrc****",
    "review_id": "6469487",
    "movie_id": "10532"
  }
]