[
  {
    "review": "어릴때 존나 재밌게 봤었는데 영화 내용상 미국을 응원하면서도 왠지 죄책감 느끼게 했던영화 요즘 애쉐이들은 그런 애국심이 없겠지 귀화드립이나 졸라 처대겠지",
    "date": "15.01.16",
    "rating": "10",
    "author": "yeob****",
    "review_id": "9599924",
    "movie_id": "10539"
  },
  {
    "review": "OO전까지도 비디도테잎 가지고 있었는데...잊어버리고..이 영화 진짜 정말 다시 보고싶은데 어디가야 볼수 있나요???찾을 수가 없군요",
    "date": "14.12.27",
    "rating": "10",
    "author": "cheo****",
    "review_id": "9526396",
    "movie_id": "10539"
  },
  {
    "review": "진정한 한류영화. 요즘 나오는 뭐같은 리부트보다 백배낫다. 게다가 왜곡된 시선이 아닌 진짜 문화와 인종이 어우러지는 엔딩. 모두가 승자가 된 듯한 스포츠맨쉽이 감동적이었다...",
    "date": "14.12.03",
    "rating": "10",
    "author": "pimp****",
    "review_id": "9442535",
    "movie_id": "10539"
  },
  {
    "review": "실전성은 떨어져도 태권도가 확실히 스크린빨은 먹는 스포츠라는걸 보여주는 영화",
    "date": "14.07.17",
    "rating": "7",
    "author": "hack****",
    "review_id": "8922969",
    "movie_id": "10539"
  },
  {
    "review": "중딩시절 토욜날 학교끝나고 화양극장가서 봤는데 그때감동이 아직까지 새록새록..ㅎㅎ",
    "date": "14.06.15",
    "rating": "10",
    "author": "thef****",
    "review_id": "8833189",
    "movie_id": "10539"
  },
  {
    "review": "개봉 당시 흥행 대실패 했음.  개봉하자 마자 3류극장으로 직행..  내용도 지루하고",
    "date": "14.04.04",
    "rating": "4",
    "author": "adiv****",
    "review_id": "8628450",
    "movie_id": "10539"
  },
  {
    "review": "진짜 그당시 엄청 재밌게 봤는데 액션이 엄청 멋짐~!! 디비디로 진짜 구하고 싶은데 왜 안나오는 거야~~~",
    "date": "13.11.08",
    "rating": "10",
    "author": "nada****",
    "review_id": "8123513",
    "movie_id": "10539"
  },
  {
    "review": "멋진영화",
    "date": "13.06.01",
    "rating": "10",
    "author": "asa3****",
    "review_id": "7570404",
    "movie_id": "10539"
  },
  {
    "review": "초딩1때 친구가 완죤 재밌는거 집에 있다고 따라가서 보고난뒤 태권도 도장 3개월 다님ㅋ",
    "date": "12.04.23",
    "rating": "8",
    "author": "wjdg****",
    "review_id": "6240498",
    "movie_id": "10539"
  },
  {
    "review": "저는태권도를하는사람이어서지금도보고싶은데 볼수가없으니 아쉬워요?",
    "date": "10.04.16",
    "rating": "10",
    "author": "rnb2****",
    "review_id": "4434936",
    "movie_id": "10539"
  },
  {
    "review": "옛날에 사촌형이 보여준 영화 참 재밌게 봤는데 ㅎㅎ",
    "date": "10.04.06",
    "rating": "10",
    "author": "lkw8****",
    "review_id": "4415707",
    "movie_id": "10539"
  },
  {
    "review": "저때 당시 최고였다..",
    "date": "10.01.06",
    "rating": "10",
    "author": "jkh0****",
    "review_id": "4141003",
    "movie_id": "10539"
  },
  {
    "review": "초딩5학년때 극장에서 봤을땐 명작이었는데..",
    "date": "09.11.05",
    "rating": "7",
    "author": "0323****",
    "review_id": "3937744",
    "movie_id": "10539"
  },
  {
    "review": "한창 격투물이 유행할때 나왔는데, 태권도 장면은 인상적이나 전체적 완성도는 떨어짐",
    "date": "08.12.29",
    "rating": "6",
    "author": "gall****",
    "review_id": "3165607",
    "movie_id": "10539"
  },
  {
    "review": "한국을 좋게 표현한건지 좀 나쁘게표현한건지 아리송하지만 재미는 있었음",
    "date": "08.12.06",
    "rating": "9",
    "author": "sola****",
    "review_id": "3094877",
    "movie_id": "10539"
  },
  {
    "review": "제목처럼 최고중에 최고~~",
    "date": "08.07.26",
    "rating": "10",
    "author": "amig****",
    "review_id": "2804863",
    "movie_id": "10539"
  },
  {
    "review": "당시에는 상당히 재미있었는데...",
    "date": "08.06.19",
    "rating": "10",
    "author": "edau****",
    "review_id": "2707720",
    "movie_id": "10539"
  },
  {
    "review": "태권도 장면만 그럴듯한 3류 액션 영화",
    "date": "07.09.27",
    "rating": "4",
    "author": "baks****",
    "review_id": "2054807",
    "movie_id": "10539"
  },
  {
    "review": "당시 화제의 영화",
    "date": "07.09.26",
    "rating": "8",
    "author": "moff****",
    "review_id": "2049527",
    "movie_id": "10539"
  },
  {
    "review": "액션장면 그럭저럭 괜찮았다",
    "date": "07.08.25",
    "rating": "6",
    "author": "deff****",
    "review_id": "1977082",
    "movie_id": "10539"
  },
  {
    "review": "국내개봉당시 상당한 화제였죠...",
    "date": "07.08.08",
    "rating": "5",
    "author": "typo****",
    "review_id": "1906867",
    "movie_id": "10539"
  },
  {
    "review": "솔직히 한국인들이보면 좀 웃긴영화..",
    "date": "07.07.24",
    "rating": "7",
    "author": "hide****",
    "review_id": "1804414",
    "movie_id": "10539"
  },
  {
    "review": "개봉당시 태권도 때문에 회자되던...",
    "date": "07.02.19",
    "rating": "3",
    "author": "nala****",
    "review_id": "1484250",
    "movie_id": "10539"
  },
  {
    "review": "우리집에 이거 씨디있는데 제법 재밋게 봄",
    "date": "07.02.18",
    "rating": "9",
    "author": "blue****",
    "review_id": "1483037",
    "movie_id": "10539"
  },
  {
    "review": "이 영화 구할방법이 없을까..",
    "date": "06.12.17",
    "rating": "10",
    "author": "jini****",
    "review_id": "1300656",
    "movie_id": "10539"
  },
  {
    "review": "괜찮다... itf 같다..  찌질한 우리나라 태권도 아닌듯.....",
    "date": "05.10.30",
    "rating": "9",
    "author": "pira****",
    "review_id": "459358",
    "movie_id": "10539"
  },
  {
    "review": "최고다",
    "date": "05.10.25",
    "rating": "10",
    "author": "ryan****",
    "review_id": "454889",
    "movie_id": "10539"
  },
  {
    "review": "파쇼적인 한국인 이미지는 화려한 액션을 위한 필요악?",
    "date": "05.03.25",
    "rating": "4",
    "author": "whit****",
    "review_id": "246556",
    "movie_id": "10539"
  },
  {
    "review": "마지막 장충체육관의 관중들은 마치 북한 사람들 같다..",
    "date": "04.12.03",
    "rating": "2",
    "author": "kima****",
    "review_id": "156117",
    "movie_id": "10539"
  },
  {
    "review": "태권도가나와서정말좋았는데ㅠㅠ 내용은 별루... 그래도 꽤 재밌더군요.",
    "date": "04.06.02",
    "rating": "8",
    "author": "star****",
    "review_id": "48719",
    "movie_id": "10539"
  },
  {
    "review": "어떻게흥행했는지 도저히 이해가안감 액션영화로써 박진감도 없고",
    "date": "04.05.03",
    "rating": "3",
    "author": "yooj****",
    "review_id": "40590",
    "movie_id": "10539"
  },
  {
    "review": "보구싶어요",
    "date": "04.04.17",
    "rating": "10",
    "author": "mc81****",
    "review_id": "37326",
    "movie_id": "10539"
  }
]