[
  {
    "review": "이영화를아직보지못했어도 성룡영화가좋아서올린다, 나와남동생이생각나. . .",
    "date": "15.08.26",
    "rating": "10",
    "author": "youn****",
    "review_id": "10276819",
    "movie_id": "10537"
  },
  {
    "review": "전성기 성룡영화다운 박진감넘치는 액션들이 볼만하지만 성룡영화로는 드물게 저능아 형과의 애틋한 형제애가 전편에 깔려있다. 형을 구하기 위해 풋풋하게 키워온 사랑마저 포기하는 라스트는 전편에 흐르는 애잔함을 더한다.",
    "date": "15.06.21",
    "rating": "9",
    "author": "crea****",
    "review_id": "10018846",
    "movie_id": "10537"
  },
  {
    "review": "울뻔함ㅠ 감동적이고 액션도 짱!",
    "date": "15.04.13",
    "rating": "10",
    "author": "jih2****",
    "review_id": "9844706",
    "movie_id": "10537"
  },
  {
    "review": "나에게 성룡을 홍콩을 .. 첨알게해준영화.. 강남역 동아극장.. 중2.. 그때의 그 떨림은 평생잊지못할것같다...",
    "date": "15.02.21",
    "rating": "10",
    "author": "jeed****",
    "review_id": "9721144",
    "movie_id": "10537"
  },
  {
    "review": "십대 때 엉엉울면서 봤다는...성룡 팬으로서 감동 억수로 받은 영화",
    "date": "15.02.19",
    "rating": "10",
    "author": "jsyf****",
    "review_id": "9715449",
    "movie_id": "10537"
  },
  {
    "review": "멋진 영화! 레인맨 같은 느낌!",
    "date": "14.12.26",
    "rating": "10",
    "author": "clou****",
    "review_id": "9520002",
    "movie_id": "10537"
  },
  {
    "review": "가슴이 뭉클해지는..ost도 일품",
    "date": "14.10.04",
    "rating": "10",
    "author": "clou****",
    "review_id": "9262019",
    "movie_id": "10537"
  },
  {
    "review": "성룡과 홍금보가 우애깊은 형제지간으로 나온적이 있었구나",
    "date": "14.07.18",
    "rating": "5",
    "author": "almo****",
    "review_id": "8926439",
    "movie_id": "10537"
  },
  {
    "review": "엔딩 결투씬이 좀 맥빠지지만 성룡과 홍금보 둘의 연기가 돋보였던 영화. 의외의 찐한 키스씬까지~성룡, 당신은 최고입니다~!!!",
    "date": "14.06.18",
    "rating": "10",
    "author": "whia****",
    "review_id": "8839106",
    "movie_id": "10537"
  },
  {
    "review": "약 30년만에 다시 봤어도, 액션 뿐만 아닌 스토리 구성도 탄탄한 성룡영화의 백미였다.",
    "date": "14.05.29",
    "rating": "10",
    "author": "bigf****",
    "review_id": "8773618",
    "movie_id": "10537"
  },
  {
    "review": "영원한 따거 성룡  굿 !!!",
    "date": "14.05.22",
    "rating": "10",
    "author": "okok****",
    "review_id": "8754636",
    "movie_id": "10537"
  },
  {
    "review": "어렸을적 비디오로 일본버전을 먼저봐서 그런지 개인적으로 음악을 일본인이 담당한 무삭제 일본버젼이 홍콩판보단 나은것같다..",
    "date": "14.03.24",
    "rating": "9",
    "author": "gh75****",
    "review_id": "8603604",
    "movie_id": "10537"
  },
  {
    "review": "그누가 성룡,홍금보를 액션만 잘하는 스타라 했는가!!??이 영화를 보라!!!그들이 얼마나 뛰어난 배우인지를 알게된다!!!!,",
    "date": "14.03.11",
    "rating": "10",
    "author": "djse****",
    "review_id": "8568774",
    "movie_id": "10537"
  },
  {
    "review": "감동적이고 너무 재밌게 본 영화..역시 홍금보와 성룡은 짱!!!",
    "date": "14.01.26",
    "rating": "10",
    "author": "cham****",
    "review_id": "8428912",
    "movie_id": "10537"
  },
  {
    "review": "성룡은 무조건 10점!!!!",
    "date": "14.01.26",
    "rating": "10",
    "author": "ok99****",
    "review_id": "8427720",
    "movie_id": "10537"
  },
  {
    "review": "성룡영화 중에 의외로 감동적인 작품.. 약간 아쉬운 면이 있긴하지만 이정도 평점은 받을 자격이 있는영화.",
    "date": "13.11.03",
    "rating": "7",
    "author": "kyn9****",
    "review_id": "8113292",
    "movie_id": "10537"
  },
  {
    "review": "감동",
    "date": "13.06.29",
    "rating": "10",
    "author": "qwd0****",
    "review_id": "7688059",
    "movie_id": "10537"
  },
  {
    "review": "홍금보 하고 성룡 에서 감동적 이었음 최고 임.그치만 홍금보 가  저능아 역할 할때 불쌍함",
    "date": "13.04.09",
    "rating": "10",
    "author": "ojin****",
    "review_id": "7445833",
    "movie_id": "10537"
  },
  {
    "review": "존내 울면서 봤음ㅜㅜ 홍금보, 성룡 하면 액션 이미지가 먼저 떠올랐는데 감성연기도 끝내줬다. 근데 이 시대에 읽  진한 키쓰신이 나오다니 진짜 시대를 앞서가긴 했눼ㅎ",
    "date": "13.04.02",
    "rating": "10",
    "author": "kgwz****",
    "review_id": "7430937",
    "movie_id": "10537"
  },
  {
    "review": "최고 따거!",
    "date": "13.03.14",
    "rating": "10",
    "author": "d_le****",
    "review_id": "7346691",
    "movie_id": "10537"
  },
  {
    "review": "굿~~~~~~~~",
    "date": "13.03.07",
    "rating": "10",
    "author": "yong****",
    "review_id": "7329111",
    "movie_id": "10537"
  },
  {
    "review": "가족중에 장애인이 있다면 절대웃으면서만 볼수없는 명작..내가 성룡이었다면 그럴수있었을까..가슴이 먹먹해지는 명화..",
    "date": "12.09.24",
    "rating": "10",
    "author": "ses5****",
    "review_id": "6728654",
    "movie_id": "10537"
  },
  {
    "review": "아무래도 원작이 낫다",
    "date": "12.05.29",
    "rating": "4",
    "author": "ccpp****",
    "review_id": "6344231",
    "movie_id": "10537"
  },
  {
    "review": "동네 바보형 역할에 홍금보가 딱이지",
    "date": "12.05.29",
    "rating": "4",
    "author": "rame****",
    "review_id": "6344230",
    "movie_id": "10537"
  },
  {
    "review": "의 홍콩 무술버전",
    "date": "12.05.29",
    "rating": "4",
    "author": "kpcc****",
    "review_id": "6344229",
    "movie_id": "10537"
  },
  {
    "review": "단순오락영화인줄 알았는데 기대이상이었음",
    "date": "12.05.22",
    "rating": "9",
    "author": "arse****",
    "review_id": "6320147",
    "movie_id": "10537"
  },
  {
    "review": "옛날의 추억을 떠올리게 만드는 영화",
    "date": "12.04.25",
    "rating": "8",
    "author": "nala****",
    "review_id": "6245349",
    "movie_id": "10537"
  },
  {
    "review": "우리나라 보다 훨씬 잘살았던 홍콩의 모습~",
    "date": "12.03.17",
    "rating": "10",
    "author": "prop****",
    "review_id": "6151067",
    "movie_id": "10537"
  },
  {
    "review": "형제애를 느낄수 있는 영화.전가락님 잘생기셨음.용적심때 사진있으신분 보내주세욯ㅎ",
    "date": "12.01.25",
    "rating": "10",
    "author": "wldn****",
    "review_id": "6020913",
    "movie_id": "10537"
  },
  {
    "review": "제 동생은 생각이늦는데 저걸보고 성룡처럼 반드시 잘챙겨줄수잇나생각하다 눈물이..",
    "date": "12.01.10",
    "rating": "10",
    "author": "ssk3****",
    "review_id": "5975728",
    "movie_id": "10537"
  },
  {
    "review": "또 다른 성룡을 보았다",
    "date": "11.10.17",
    "rating": "10",
    "author": "nice****",
    "review_id": "5795111",
    "movie_id": "10537"
  },
  {
    "review": "세상은 약자와 함께 하려 하지 않는다..주보의 이쁘다ㅋㅋ",
    "date": "11.08.30",
    "rating": "10",
    "author": "kzxk****",
    "review_id": "5698779",
    "movie_id": "10537"
  },
  {
    "review": "억지감동을 짜낼 것 같은 소재. 그러나 2%만 그렇다.",
    "date": "11.08.23",
    "rating": "7",
    "author": "ango****",
    "review_id": "5681230",
    "movie_id": "10537"
  },
  {
    "review": "형......그리고 동생.......",
    "date": "11.08.04",
    "rating": "10",
    "author": "ch27****",
    "review_id": "5597692",
    "movie_id": "10537"
  },
  {
    "review": "감동과 액션이 넘나드는 슬픈영화... 성룡의 액션도 멋졌음 정말 재밌게본 영화!",
    "date": "11.07.20",
    "rating": "10",
    "author": "powi****",
    "review_id": "5558071",
    "movie_id": "10537"
  },
  {
    "review": "정말 재밌게 봤는데 마지막 액션은 정말 짱이었음",
    "date": "11.05.19",
    "rating": "10",
    "author": "etdo****",
    "review_id": "5436787",
    "movie_id": "10537"
  },
  {
    "review": "어릴적 이거보고 많이 울었는데",
    "date": "11.01.28",
    "rating": "8",
    "author": "myst****",
    "review_id": "5189151",
    "movie_id": "10537"
  },
  {
    "review": "역시 최고의 배우와 감독은 완성도 높은 연출과 연기로 언제나 관객에게 감동을 준다.",
    "date": "10.12.13",
    "rating": "9",
    "author": "deka****",
    "review_id": "5049295",
    "movie_id": "10537"
  },
  {
    "review": "성룡 형님의 액션보다 성룡 형님의 명연기가 돋보인 영화...",
    "date": "10.10.09",
    "rating": "9",
    "author": "kkan****",
    "review_id": "4892716",
    "movie_id": "10537"
  },
  {
    "review": "홍금보 바보연기도 잘함 ... 영웅본색 주보의 .. ㅎㅎ",
    "date": "10.09.15",
    "rating": "10",
    "author": "nice****",
    "review_id": "4836853",
    "movie_id": "10537"
  },
  {
    "review": "이거진짜슬픔ㅜ성룡과 홍금보.. 액션뿐 아니라 연기력도 최고란걸 증명하는작품..최고",
    "date": "10.07.22",
    "rating": "10",
    "author": "lso1****",
    "review_id": "4659749",
    "movie_id": "10537"
  },
  {
    "review": "홍금보가 바보로나왓지만 어색하지가 않앗고 감동적인영화고 액션또한재밋고멋지다",
    "date": "10.07.11",
    "rating": "10",
    "author": "powi****",
    "review_id": "4629094",
    "movie_id": "10537"
  },
  {
    "review": "홍금보 귀엽게 나오네",
    "date": "10.06.03",
    "rating": "8",
    "author": "ccpk****",
    "review_id": "4541381",
    "movie_id": "10537"
  },
  {
    "review": "정말 감동깊은 형제애과 주제가도 쩐다",
    "date": "10.05.15",
    "rating": "10",
    "author": "ship****",
    "review_id": "4500705",
    "movie_id": "10537"
  },
  {
    "review": "과장된 액션도 포장된 이야기도 없는 가슴 따뜻한 영화",
    "date": "10.05.09",
    "rating": "10",
    "author": "dbwl****",
    "review_id": "4488965",
    "movie_id": "10537"
  },
  {
    "review": "나 어릴 적 가슴 설레던 추억속의 영화",
    "date": "10.03.19",
    "rating": "10",
    "author": "tjls****",
    "review_id": "4368164",
    "movie_id": "10537"
  },
  {
    "review": "감동도 있고 재미도 있지만, 마지막이 너무 심심했다.",
    "date": "10.02.25",
    "rating": "8",
    "author": "ard2****",
    "review_id": "4316665",
    "movie_id": "10537"
  },
  {
    "review": "진짜 할말이 없다 대단하단 말밖에~주제가도 좋다 싶더니 상도 탔었네 최고다 진짜",
    "date": "09.11.16",
    "rating": "10",
    "author": "ledd****",
    "review_id": "3968901",
    "movie_id": "10537"
  },
  {
    "review": "이 영화에 10점 안주는 사람이 신기하다 ;; ㅋㅋ",
    "date": "09.11.01",
    "rating": "10",
    "author": "allr****",
    "review_id": "3930292",
    "movie_id": "10537"
  },
  {
    "review": "두붅의내면연기를볼수있는영화.최근신주쿠사건으로한방더터뜨린성룡.근데주보의넘이뻐",
    "date": "09.10.20",
    "rating": "10",
    "author": "kms_****",
    "review_id": "3904777",
    "movie_id": "10537"
  },
  {
    "review": "액션이 좀 잔인하긴 했어도 재밌었습니다 ~",
    "date": "09.07.18",
    "rating": "9",
    "author": "hm32****",
    "review_id": "3644234",
    "movie_id": "10537"
  },
  {
    "review": "성룡을좋아하게된영화",
    "date": "09.06.19",
    "rating": "10",
    "author": "moha****",
    "review_id": "3575285",
    "movie_id": "10537"
  },
  {
    "review": "액션만이 아닌 감동까지 있는 영화. 최고다",
    "date": "09.02.10",
    "rating": "10",
    "author": "jmp0****",
    "review_id": "3292663",
    "movie_id": "10537"
  },
  {
    "review": "홍금보가 진짜 불쌍하게나오지만 그래도 마음이 따뜻해지고 재밌게 봤음...",
    "date": "08.10.25",
    "rating": "9",
    "author": "thra****",
    "review_id": "3018842",
    "movie_id": "10537"
  },
  {
    "review": "람보성룡VS람보임정영 하하.. 총격씬,오토바이 카추격씬 굿.",
    "date": "08.05.09",
    "rating": "10",
    "author": "lgju****",
    "review_id": "2628026",
    "movie_id": "10537"
  },
  {
    "review": "성룡영화중 이런영화가 있었다니",
    "date": "08.05.02",
    "rating": "10",
    "author": "aaa1****",
    "review_id": "2611400",
    "movie_id": "10537"
  },
  {
    "review": "그냥뭐 .. 멋집니다",
    "date": "08.03.25",
    "rating": "10",
    "author": "kcsk****",
    "review_id": "2541102",
    "movie_id": "10537"
  },
  {
    "review": "또 보고 싶군..바보 홍금보..",
    "date": "08.02.15",
    "rating": "9",
    "author": "gud0****",
    "review_id": "2446885",
    "movie_id": "10537"
  },
  {
    "review": "감동적인 영화 80년대 그당시엔 졸라 재밌었겠지만 지금관점으로 보면 조금 지루함",
    "date": "08.01.26",
    "rating": "8",
    "author": "appl****",
    "review_id": "2371798",
    "movie_id": "10537"
  },
  {
    "review": "성룡의 전형적인 코미디액션과달리 드라마도있었던이영화.....동생이있는난많이울었다",
    "date": "08.01.24",
    "rating": "10",
    "author": "hshp****",
    "review_id": "2365027",
    "movie_id": "10537"
  },
  {
    "review": "good",
    "date": "07.12.02",
    "rating": "3",
    "author": "cles****",
    "review_id": "2201016",
    "movie_id": "10537"
  },
  {
    "review": "아놔 진짜 너무 재밋네 - - 10점을 안 줄래야 안 줄 수가 없네",
    "date": "07.11.30",
    "rating": "10",
    "author": "kmm2****",
    "review_id": "2194196",
    "movie_id": "10537"
  },
  {
    "review": "성룡 굿!!",
    "date": "07.11.12",
    "rating": "8",
    "author": "pksj****",
    "review_id": "2148092",
    "movie_id": "10537"
  },
  {
    "review": "성룡의 키스신이 화제였던 영화였지. 80년대에 봤음",
    "date": "07.10.23",
    "rating": "9",
    "author": "conf****",
    "review_id": "2107136",
    "movie_id": "10537"
  },
  {
    "review": "하고자 하는 이야기를 극명하게 담아냄.",
    "date": "07.10.22",
    "rating": "9",
    "author": "befo****",
    "review_id": "2106446",
    "movie_id": "10537"
  },
  {
    "review": "홍금보,,,성룡,,,,둘다 너무좋았다 ㅠㅠ",
    "date": "07.09.22",
    "rating": "10",
    "author": "aqzz****",
    "review_id": "2038027",
    "movie_id": "10537"
  },
  {
    "review": "홍금보는 홍콩영화 역사상 최고의 무술감독",
    "date": "07.09.15",
    "rating": "10",
    "author": "baks****",
    "review_id": "2021218",
    "movie_id": "10537"
  },
  {
    "review": "볼만",
    "date": "07.09.08",
    "rating": "3",
    "author": "ysuh****",
    "review_id": "2007870",
    "movie_id": "10537"
  },
  {
    "review": "어렸을땐 추억을 지금보면 용기를 나게 해주는 영화!!",
    "date": "07.09.01",
    "rating": "10",
    "author": "mrbe****",
    "review_id": "1994049",
    "movie_id": "10537"
  },
  {
    "review": "당연히 액션인줄알고 봤는데 아니여서 놀랐던 ㅋ",
    "date": "07.08.10",
    "rating": "7",
    "author": "king****",
    "review_id": "1916597",
    "movie_id": "10537"
  },
  {
    "review": "성룡영화에서 감동을 느끼기는 처음이네...",
    "date": "07.07.17",
    "rating": "6",
    "author": "okjo****",
    "review_id": "1786308",
    "movie_id": "10537"
  },
  {
    "review": "감동적이다 지금 다시 보면 어떨지 궁금하다",
    "date": "07.07.10",
    "rating": "10",
    "author": "deff****",
    "review_id": "1764563",
    "movie_id": "10537"
  },
  {
    "review": "아주 감동적인영화",
    "date": "07.05.19",
    "rating": "10",
    "author": "cyyo****",
    "review_id": "1645637",
    "movie_id": "10537"
  },
  {
    "review": "마지막 액션씬 감동영화답지 않게 너무 잔인하다. 뭐 이해는 하다만...",
    "date": "07.04.29",
    "rating": "10",
    "author": "yhk2****",
    "review_id": "1611718",
    "movie_id": "10537"
  },
  {
    "review": "성룡영화에서 느끼는 감동.",
    "date": "07.03.04",
    "rating": "9",
    "author": "psyc****",
    "review_id": "1517226",
    "movie_id": "10537"
  },
  {
    "review": "이영화가 날울렸다",
    "date": "07.02.27",
    "rating": "10",
    "author": "wwe8****",
    "review_id": "1506319",
    "movie_id": "10537"
  },
  {
    "review": "어라 원표 안나왔네;;;",
    "date": "07.02.01",
    "rating": "9",
    "author": "kumc****",
    "review_id": "1432087",
    "movie_id": "10537"
  },
  {
    "review": "감동이란 말이 입에서 새어 나올 정도로 완벽한영화!!",
    "date": "06.12.19",
    "rating": "10",
    "author": "dltm****",
    "review_id": "1305021",
    "movie_id": "10537"
  },
  {
    "review": "감동 + 감동 + 감동",
    "date": "06.12.11",
    "rating": "9",
    "author": "qwer****",
    "review_id": "1283648",
    "movie_id": "10537"
  },
  {
    "review": "옛날생각나네",
    "date": "06.12.01",
    "rating": "10",
    "author": "zeed****",
    "review_id": "1260253",
    "movie_id": "10537"
  },
  {
    "review": "국민학교 다닐때 이거 동생이랑 보다가.... 눈물이...ㅋ",
    "date": "06.11.27",
    "rating": "10",
    "author": "oran****",
    "review_id": "1253368",
    "movie_id": "10537"
  },
  {
    "review": "초딩 때 이 영화 보면서 홍금보땜에 어찌나 울었던지..",
    "date": "06.11.13",
    "rating": "8",
    "author": "cat1****",
    "review_id": "1231338",
    "movie_id": "10537"
  },
  {
    "review": "성룡영화중 가장 암울한 느낌의 영화.....",
    "date": "06.11.03",
    "rating": "8",
    "author": "dhwj****",
    "review_id": "1213146",
    "movie_id": "10537"
  },
  {
    "review": "마치 진짜 형제같은 모습이다 슬프고 감동적임",
    "date": "06.11.03",
    "rating": "10",
    "author": "last****",
    "review_id": "1212689",
    "movie_id": "10537"
  },
  {
    "review": "다시한번 가족, 형제를  생각하게 합니다. 리얼 강추!!!",
    "date": "06.10.31",
    "rating": "10",
    "author": "ikew****",
    "review_id": "1208884",
    "movie_id": "10537"
  },
  {
    "review": "홍콩영화는 리얼액션이 볼만해..역시..",
    "date": "06.10.25",
    "rating": "10",
    "author": "nowi****",
    "review_id": "1198309",
    "movie_id": "10537"
  },
  {
    "review": "우아 ..쫌 슬프다 \"진짜 재밌다\"",
    "date": "06.10.06",
    "rating": "10",
    "author": "dltm****",
    "review_id": "1164776",
    "movie_id": "10537"
  },
  {
    "review": "난생처음 접해본 성룡 영화의 진지함 ...",
    "date": "06.08.07",
    "rating": "7",
    "author": "1stl****",
    "review_id": "982500",
    "movie_id": "10537"
  },
  {
    "review": "눈물없이 볼수없는 진한 형제애에 감미로운 주제가까지 굿!",
    "date": "06.06.10",
    "rating": "10",
    "author": "higa****",
    "review_id": "838328",
    "movie_id": "10537"
  },
  {
    "review": "10살때 티비로보고 재밌어서 비디오로 또 빌려봤어요",
    "date": "06.05.03",
    "rating": "10",
    "author": "smoo****",
    "review_id": "784105",
    "movie_id": "10537"
  },
  {
    "review": "진짜 재밌다.",
    "date": "06.03.31",
    "rating": "10",
    "author": "sksc****",
    "review_id": "743198",
    "movie_id": "10537"
  },
  {
    "review": "바보연기를 정말 리얼하게 해낸 홍금보에게 박수를...^^",
    "date": "06.01.13",
    "rating": "10",
    "author": "sbh0****",
    "review_id": "585357",
    "movie_id": "10537"
  },
  {
    "review": "와!눈물날 뻔했다..",
    "date": "06.01.03",
    "rating": "10",
    "author": "hkc8****",
    "review_id": "556496",
    "movie_id": "10537"
  },
  {
    "review": "이거좀 꺼벙한 영화 액션이 없음",
    "date": "05.12.24",
    "rating": "7",
    "author": "kws7****",
    "review_id": "525262",
    "movie_id": "10537"
  },
  {
    "review": "초등학교 시절 무지 재밌게 본 영화",
    "date": "05.11.14",
    "rating": "10",
    "author": "scal****",
    "review_id": "474278",
    "movie_id": "10537"
  },
  {
    "review": "홍금보의 바보연기,.,,,웃기면서도 슬픈.... ㅠㅠ",
    "date": "05.11.01",
    "rating": "10",
    "author": "reve****",
    "review_id": "461304",
    "movie_id": "10537"
  },
  {
    "review": "성룡과 홍금보의 진지하고도 슬픈 연기 멋있다! 눈물이 찔끔",
    "date": "05.10.26",
    "rating": "10",
    "author": "dlem****",
    "review_id": "455776",
    "movie_id": "10537"
  },
  {
    "review": "홍금보씨의연기에 감동함",
    "date": "05.08.05",
    "rating": "10",
    "author": "kty5****",
    "review_id": "353706",
    "movie_id": "10537"
  },
  {
    "review": "이거 잘 기억안나지만 옛날에 잼있게 본 영화",
    "date": "05.05.05",
    "rating": "10",
    "author": "kill****",
    "review_id": "271175",
    "movie_id": "10537"
  },
  {
    "review": "슬프지만 액션이 너무 부족해서 아쉬움",
    "date": "05.02.16",
    "rating": "10",
    "author": "zhow****",
    "review_id": "221841",
    "movie_id": "10537"
  }
]