[
  {
    "review": "영화 짜임새는 엉성. 그리스 군부독재를 고발하고 양심적 인사를 현양한 의의는 산다.",
    "date": "11.05.11",
    "rating": "7",
    "author": "mist****",
    "review_id": "5422771",
    "movie_id": "10548"
  },
  {
    "review": "4년전에만 봤더라면 편안하게 봤을것을.... 2010년 지금 보니 너무 섬짓한 이유는?",
    "date": "10.11.19",
    "rating": "9",
    "author": "jp47****",
    "review_id": "4972361",
    "movie_id": "10548"
  },
  {
    "review": "본다는 게 영광이다.",
    "date": "09.11.07",
    "rating": "10",
    "author": "m_ja****",
    "review_id": "3943239",
    "movie_id": "10548"
  },
  {
    "review": "재밌다. 답답하기 그지 없지만, 신난다.",
    "date": "09.10.29",
    "rating": "9",
    "author": "darq****",
    "review_id": "3922718",
    "movie_id": "10548"
  },
  {
    "review": "절대 칭찬할 수 없는 영화. 프랑스 '대가'들은 내러티브 창작법 좀 공부해야 한다.",
    "date": "09.10.11",
    "rating": "5",
    "author": "paus****",
    "review_id": "3886253",
    "movie_id": "10548"
  },
  {
    "review": "한국이 이제 이런과정을 밟고있다.선진국에 비해 문화적으로 30년OO상황",
    "date": "09.08.10",
    "rating": "10",
    "author": "sr82****",
    "review_id": "3731697",
    "movie_id": "10548"
  },
  {
    "review": "한국을 보는듯한 영화다.",
    "date": "09.07.29",
    "rating": "10",
    "author": "kroy****",
    "review_id": "3679723",
    "movie_id": "10548"
  },
  {
    "review": "영원히 우리에게 회자될 정치영화의 진정한 \"명작\"",
    "date": "09.05.12",
    "rating": "10",
    "author": "pola****",
    "review_id": "3491008",
    "movie_id": "10548"
  },
  {
    "review": "시궁창 냄새 가득한 기득권 권력유지의 작태",
    "date": "08.04.26",
    "rating": "9",
    "author": "seiz****",
    "review_id": "2599010",
    "movie_id": "10548"
  },
  {
    "review": "가브라스 정치영화의 최고봉!",
    "date": "07.03.01",
    "rating": "10",
    "author": "inkw****",
    "review_id": "1509675",
    "movie_id": "10548"
  }
]