[
  {
    "review": "도박영화의 쌍두마차... 도신. 지존무상",
    "date": "15.08.16",
    "rating": "8",
    "author": "adiv****",
    "review_id": "10237627",
    "movie_id": "10545"
  },
  {
    "review": "멋잇다는말이나온다 남자의우정",
    "date": "15.08.03",
    "rating": "10",
    "author": "zzzo****",
    "review_id": "10179160",
    "movie_id": "10545"
  },
  {
    "review": "진정한 홍콩느와르 마지막 반전은 기가막힌다",
    "date": "15.07.18",
    "rating": "10",
    "author": "ksu0****",
    "review_id": "10115648",
    "movie_id": "10545"
  },
  {
    "review": "영웅본색의 주윤발,첩혈쌍웅의 이수현, 그리고...지존무상의 유덕화.그시절 최고의 느와르.",
    "date": "15.06.10",
    "rating": "10",
    "author": "jjok****",
    "review_id": "9988691",
    "movie_id": "10545"
  },
  {
    "review": "최고의 영화~유덕화 완존 멋있음 ♡♡",
    "date": "15.03.01",
    "rating": "10",
    "author": "jung****",
    "review_id": "9748756",
    "movie_id": "10545"
  },
  {
    "review": "느와르가 뭔지 알 수 있다",
    "date": "14.12.24",
    "rating": "9",
    "author": "reds****",
    "review_id": "9505700",
    "movie_id": "10545"
  },
  {
    "review": "엄청옛날에봤던  기억이. .. 최고의 영화",
    "date": "14.12.03",
    "rating": "9",
    "author": "tall****",
    "review_id": "9444456",
    "movie_id": "10545"
  },
  {
    "review": "ㅎㅎ 대단하다고 할 수 밖에...",
    "date": "14.05.20",
    "rating": "10",
    "author": "pass****",
    "review_id": "8750004",
    "movie_id": "10545"
  },
  {
    "review": "이런 기가막힌 반전을 오랜만에 본다. 초반에 친구의 우정을 보는 것도 재밌었는데 마지막의 전개로 인해 명작이 탄생됬다.",
    "date": "14.01.15",
    "rating": "10",
    "author": "sser****",
    "review_id": "8384017",
    "movie_id": "10545"
  },
  {
    "review": "막판에 너무 질질끄는것 같아서 별로.. 도박할돈 킬러들한테 주고 타로 부자 능지처참하는게 더 깔끔했을듯",
    "date": "13.11.30",
    "rating": "7",
    "author": "dica****",
    "review_id": "8181142",
    "movie_id": "10545"
  },
  {
    "review": "조금 내용이 엉성함. 재미는있는데.. 자연스럽지 않는 내용전개..",
    "date": "13.11.25",
    "rating": "8",
    "author": "qorc****",
    "review_id": "8166722",
    "movie_id": "10545"
  },
  {
    "review": "의리....하지만 너무 불쌍한 커플 유덕화-관지림 ~",
    "date": "13.10.11",
    "rating": "10",
    "author": "gksw****",
    "review_id": "8051858",
    "movie_id": "10545"
  },
  {
    "review": "세 개 술잔 중 독잔이 아닌 것은 하나. 그 중 하나를 골라 마신 후 적진을 빠져나오며 '울지마요. 당신이 울면 보보와 나의 죽음은 아무 것도 아닌 것이 되요'라고 말하며 죽는 장면은 영웅본색의 장국영을 뛰어 넘는다.. 내가 본 홍콩영화 중 최고",
    "date": "13.08.16",
    "rating": "10",
    "author": "ligh****",
    "review_id": "7889570",
    "movie_id": "10545"
  },
  {
    "review": "왜 킹페어라고 했는지...생각의 차원이 틀리다는걸 느꼈음..하지만 결말의 의미는 아는 사람만 알거 같아서 별로네요..전 아직 알지 못하겠어요",
    "date": "13.07.02",
    "rating": "7",
    "author": "zhde****",
    "review_id": "7696636",
    "movie_id": "10545"
  },
  {
    "review": "잘생겼다 알란 탐",
    "date": "13.06.14",
    "rating": "7",
    "author": "cont****",
    "review_id": "7636272",
    "movie_id": "10545"
  },
  {
    "review": "사업자금 준다고 할때 받지 뭐한다고 다른사람피해입히고  마누라하고  자기까지 죽고있냐?????????????",
    "date": "13.05.31",
    "rating": "7",
    "author": "stra****",
    "review_id": "7564923",
    "movie_id": "10545"
  },
  {
    "review": "도신과 더불어 최고의 도박영화였다.",
    "date": "12.12.26",
    "rating": "10",
    "author": "ldj0****",
    "review_id": "7047166",
    "movie_id": "10545"
  },
  {
    "review": "진정한 사나이의 의리란......이영화를 보고 고등학교 친구들끼리 맹세를 한게..어언..",
    "date": "12.12.09",
    "rating": "10",
    "author": "tteu****",
    "review_id": "6987683",
    "movie_id": "10545"
  },
  {
    "review": "뭔가 김빠지게 진행되네...",
    "date": "12.10.26",
    "rating": "5",
    "author": "kara****",
    "review_id": "6826430",
    "movie_id": "10545"
  },
  {
    "review": "굿",
    "date": "12.09.20",
    "rating": "10",
    "author": "mbw7****",
    "review_id": "6714812",
    "movie_id": "10545"
  },
  {
    "review": "재밌었다",
    "date": "12.03.01",
    "rating": "9",
    "author": "nike****",
    "review_id": "6113503",
    "movie_id": "10545"
  },
  {
    "review": "어르신들의 회상용 성인만화.. 어렸을 때 봤으면 재밌었을듯",
    "date": "12.01.28",
    "rating": "3",
    "author": "imf0****",
    "review_id": "6029197",
    "movie_id": "10545"
  },
  {
    "review": "스토리와 연기가 좋았다.",
    "date": "11.11.22",
    "rating": "8",
    "author": "karc****",
    "review_id": "5865993",
    "movie_id": "10545"
  },
  {
    "review": "구석구석 보이는 엉성함에도 불구하고 감동드라마로 재밌게 만들어 내다.",
    "date": "11.11.21",
    "rating": "6",
    "author": "pria****",
    "review_id": "5862823",
    "movie_id": "10545"
  },
  {
    "review": "요즘 이런 영화 본적 있어!!",
    "date": "11.09.28",
    "rating": "10",
    "author": "smpl****",
    "review_id": "5758048",
    "movie_id": "10545"
  },
  {
    "review": "지존파의탄생",
    "date": "11.06.13",
    "rating": "7",
    "author": "pani****",
    "review_id": "5479161",
    "movie_id": "10545"
  },
  {
    "review": "확실히 배우들은 GOOD이었다.. 하지만 역시 왕정은 BAD",
    "date": "11.05.05",
    "rating": "2",
    "author": "ccpk****",
    "review_id": "5406851",
    "movie_id": "10545"
  },
  {
    "review": "멜로인지 도박인지 액션인지 갈피를 못 잡는 영화. 그중에 한가지라도 잘했으면...",
    "date": "11.05.05",
    "rating": "2",
    "author": "rame****",
    "review_id": "5406850",
    "movie_id": "10545"
  },
  {
    "review": "진기한 기술이 많이 나왔어야 하는데 그냥 홍콩영화구나",
    "date": "11.05.05",
    "rating": "2",
    "author": "kpcc****",
    "review_id": "5406849",
    "movie_id": "10545"
  },
  {
    "review": "간만에 봐도 역지 재밌네~~",
    "date": "11.03.02",
    "rating": "10",
    "author": "dbzh****",
    "review_id": "5288413",
    "movie_id": "10545"
  },
  {
    "review": "유덕화, 관지림의 팬이 된 영화!!",
    "date": "11.01.26",
    "rating": "10",
    "author": "dcup****",
    "review_id": "5185317",
    "movie_id": "10545"
  },
  {
    "review": "멜로인지 도박인지 액션인지 갈피를 못 잡는 영화. 그중에 한가지라도 잘했으면...",
    "date": "10.10.24",
    "rating": "6",
    "author": "jcr3****",
    "review_id": "4918409",
    "movie_id": "10545"
  },
  {
    "review": "당연10점 영화",
    "date": "10.10.17",
    "rating": "10",
    "author": "dbru****",
    "review_id": "4907598",
    "movie_id": "10545"
  },
  {
    "review": "최고 도박영화.",
    "date": "10.10.16",
    "rating": "10",
    "author": "dhtj****",
    "review_id": "4905484",
    "movie_id": "10545"
  },
  {
    "review": "총질영화의 최고작은 영웅본색 도박영화의 최고작은 지존무상",
    "date": "10.10.09",
    "rating": "8",
    "author": "tycr****",
    "review_id": "4894184",
    "movie_id": "10545"
  },
  {
    "review": "순수한 남자는 결국 죽는다.",
    "date": "10.09.07",
    "rating": "7",
    "author": "lemo****",
    "review_id": "4822548",
    "movie_id": "10545"
  },
  {
    "review": "어렸을때 유덕화가 얼마나 남자다웠던지 ㅋㅋㅋㅋㅋㅋㅋㅋㅋㅋ참 새롭다",
    "date": "10.06.22",
    "rating": "10",
    "author": "jwjw****",
    "review_id": "4585663",
    "movie_id": "10545"
  },
  {
    "review": "유덕화 간지난다 ㅋㅅㅋ",
    "date": "10.06.07",
    "rating": "10",
    "author": "cold****",
    "review_id": "4552001",
    "movie_id": "10545"
  },
  {
    "review": "끝부분이 젤 좋았고 간간히 명장면들이 나온다 약간 긴듯하다",
    "date": "10.06.04",
    "rating": "9",
    "author": "ledd****",
    "review_id": "4544191",
    "movie_id": "10545"
  },
  {
    "review": "카지노 영화 중엔 최고 걸작인듯하나 마지막 포커 로얄플러쉬가 멋지다.",
    "date": "10.05.29",
    "rating": "10",
    "author": "devi****",
    "review_id": "4531090",
    "movie_id": "10545"
  },
  {
    "review": "홍콩영화중에 제일 좋아한다 막판카지노 장면이 예술..특히 엔딩이 맘에 든다",
    "date": "10.05.28",
    "rating": "10",
    "author": "slav****",
    "review_id": "4527608",
    "movie_id": "10545"
  },
  {
    "review": "예전엔 어려서 몰랐구나.초간지 장면들...",
    "date": "10.05.01",
    "rating": "10",
    "author": "cyni****",
    "review_id": "4470775",
    "movie_id": "10545"
  },
  {
    "review": "홍콩영화 최고의 작품이라 말할수있다..",
    "date": "10.04.29",
    "rating": "10",
    "author": "pdw1****",
    "review_id": "4465667",
    "movie_id": "10545"
  },
  {
    "review": "구라를 예술의 경지까지 올렸다....",
    "date": "10.04.17",
    "rating": "10",
    "author": "kwun****",
    "review_id": "4437758",
    "movie_id": "10545"
  },
  {
    "review": "진짜 남자들의 뜨거운 가슴",
    "date": "10.02.04",
    "rating": "9",
    "author": "myst****",
    "review_id": "4245363",
    "movie_id": "10545"
  },
  {
    "review": "제 나이 27살. 한 10년후쯤에 꼭 한번 더 봐야 할 영화.",
    "date": "10.01.01",
    "rating": "10",
    "author": "heon****",
    "review_id": "4116100",
    "movie_id": "10545"
  },
  {
    "review": "다른 홍콩 느와르에 비해 무겁고 그다지 별로였다 밋밋함",
    "date": "09.11.08",
    "rating": "5",
    "author": "thra****",
    "review_id": "3946615",
    "movie_id": "10545"
  },
  {
    "review": "간지나는 사나이들의 진정한 느와르. 기억에 잊혀지지 않는 여러 장면들에 몸을떨었다",
    "date": "09.08.12",
    "rating": "10",
    "author": "deka****",
    "review_id": "3739748",
    "movie_id": "10545"
  },
  {
    "review": "젠장..",
    "date": "09.07.16",
    "rating": "10",
    "author": "newj****",
    "review_id": "3638006",
    "movie_id": "10545"
  },
  {
    "review": "우정,, 의리, 복수. 사나이의, 사나이에 의한, 사나이를 위한 영화!!!",
    "date": "09.05.09",
    "rating": "10",
    "author": "yons****",
    "review_id": "3481559",
    "movie_id": "10545"
  },
  {
    "review": "최고유덕화짱",
    "date": "09.04.26",
    "rating": "10",
    "author": "shfd****",
    "review_id": "3441615",
    "movie_id": "10545"
  },
  {
    "review": "남자라면... 남자들의 우정을 뜨겁고 멋지게 그린 영화",
    "date": "09.04.24",
    "rating": "9",
    "author": "iss2****",
    "review_id": "3437154",
    "movie_id": "10545"
  },
  {
    "review": "마지막 장면 압권이다...............멋지다 영화 지금봐도 허걱...",
    "date": "09.03.30",
    "rating": "10",
    "author": "bse5****",
    "review_id": "3396525",
    "movie_id": "10545"
  },
  {
    "review": "할말 잃은 영화..............장난아니네요....",
    "date": "09.02.19",
    "rating": "10",
    "author": "kkan****",
    "review_id": "3315911",
    "movie_id": "10545"
  },
  {
    "review": "칼 손으로 잡는 장면, 동전 장면, 피 질질흘리며 죽은여친 눈감아주는 장면 멋집니다",
    "date": "09.02.13",
    "rating": "10",
    "author": "jin9****",
    "review_id": "3299611",
    "movie_id": "10545"
  },
  {
    "review": "열번넘게본영화....당시 극장에서보고 비디오테잎사서 두고두고 본영화^^",
    "date": "09.02.07",
    "rating": "10",
    "author": "fnsk****",
    "review_id": "3284161",
    "movie_id": "10545"
  },
  {
    "review": "도박영화로는 정전자와 더불어 손에 꼽을 걸작..",
    "date": "09.01.12",
    "rating": "9",
    "author": "gall****",
    "review_id": "3216644",
    "movie_id": "10545"
  },
  {
    "review": "도박영화의 교과서나고나 할까? 정전자씨리즈 같은친구에대한의리가정말볼만 절대강추",
    "date": "08.12.28",
    "rating": "10",
    "author": "kimk****",
    "review_id": "3161135",
    "movie_id": "10545"
  },
  {
    "review": "유덕화, 알람탐 당시 최고 그리고 최고의 영화",
    "date": "08.12.03",
    "rating": "10",
    "author": "jeeb****",
    "review_id": "3088948",
    "movie_id": "10545"
  },
  {
    "review": "캡~캡~캡~ 이런영화를 이제야 봤다니... 최고 10점",
    "date": "08.11.03",
    "rating": "10",
    "author": "kmhh****",
    "review_id": "3033657",
    "movie_id": "10545"
  },
  {
    "review": "이런 류의 영화가 코믹적인 요소가 많았던데 비해 이 영화는 정말 진지하다... 최고",
    "date": "08.10.30",
    "rating": "10",
    "author": "neyc****",
    "review_id": "3027406",
    "movie_id": "10545"
  },
  {
    "review": "80년대 홍콩 느와르의 정점, 아니 그 이상.",
    "date": "08.08.19",
    "rating": "9",
    "author": "k4he****",
    "review_id": "2886102",
    "movie_id": "10545"
  },
  {
    "review": "우정을 위하여 목숨을 걸다.피를 토하는 유덕화.사나이 로망의 결정체",
    "date": "08.08.10",
    "rating": "8",
    "author": "hini****",
    "review_id": "2858972",
    "movie_id": "10545"
  },
  {
    "review": "굳",
    "date": "08.07.18",
    "rating": "10",
    "author": "wnlt****",
    "review_id": "2776085",
    "movie_id": "10545"
  },
  {
    "review": "너무오래되어 가물거렸던 홍콩영화의 내가 반한 이유가 여기서 나온다..",
    "date": "08.05.08",
    "rating": "10",
    "author": "jool****",
    "review_id": "2624245",
    "movie_id": "10545"
  },
  {
    "review": "내 생애 최고의 영화....(포카 모르는 사람은 족보 미리 배우고 보실 것ㅋ)",
    "date": "08.05.06",
    "rating": "10",
    "author": "37ak****",
    "review_id": "2620511",
    "movie_id": "10545"
  },
  {
    "review": "알란 탐..ㅋㅋ 이번영화는 덕화형보다 알란형이 캐짱이였음..ㅎ",
    "date": "08.04.28",
    "rating": "9",
    "author": "do11****",
    "review_id": "2604524",
    "movie_id": "10545"
  },
  {
    "review": "타짜에는 입에 침이 마르도록 칭찬하고..20년전에 홍콩느와르는 짱꼴라 식이냐??",
    "date": "07.12.30",
    "rating": "10",
    "author": "star****",
    "review_id": "2279907",
    "movie_id": "10545"
  },
  {
    "review": "멋진 영화",
    "date": "07.12.25",
    "rating": "10",
    "author": "andu****",
    "review_id": "2265135",
    "movie_id": "10545"
  },
  {
    "review": "뻥구라에도 차원이 있다",
    "date": "07.12.07",
    "rating": "8",
    "author": "baks****",
    "review_id": "2212312",
    "movie_id": "10545"
  },
  {
    "review": "문득 잊고 있었다.. 이런영화 엄청 좋아했던거..",
    "date": "07.10.26",
    "rating": "10",
    "author": "iucd****",
    "review_id": "2112445",
    "movie_id": "10545"
  },
  {
    "review": "이석환 교수님 만세",
    "date": "07.10.23",
    "rating": "10",
    "author": "21cd****",
    "review_id": "2107481",
    "movie_id": "10545"
  },
  {
    "review": "이런 영화 다시 볼수있을까...",
    "date": "07.10.22",
    "rating": "10",
    "author": "dlrp****",
    "review_id": "2104496",
    "movie_id": "10545"
  },
  {
    "review": "같은 겜블이라도 틀리다.",
    "date": "07.10.14",
    "rating": "10",
    "author": "avri****",
    "review_id": "2089391",
    "movie_id": "10545"
  },
  {
    "review": "진한 남자들의 의리",
    "date": "07.10.01",
    "rating": "10",
    "author": "lyt5****",
    "review_id": "2063729",
    "movie_id": "10545"
  },
  {
    "review": "남자들의 우정때문에 7점",
    "date": "07.09.25",
    "rating": "7",
    "author": "susk****",
    "review_id": "2046925",
    "movie_id": "10545"
  },
  {
    "review": "유덕화.. 남자.. 멋진 복수 엇갈린 사랑..",
    "date": "07.09.11",
    "rating": "10",
    "author": "sun0****",
    "review_id": "2014899",
    "movie_id": "10545"
  },
  {
    "review": "마지막이 너무 슬픈영화다",
    "date": "07.08.24",
    "rating": "9",
    "author": "lsk2****",
    "review_id": "1973523",
    "movie_id": "10545"
  },
  {
    "review": "이런 영화는 이제 안 나오겠지",
    "date": "07.08.22",
    "rating": "8",
    "author": "deff****",
    "review_id": "1968606",
    "movie_id": "10545"
  },
  {
    "review": "명장면이 즐비하다.. 유덕화와 관지림이 빨리 죽는거 같아 아쉽다...",
    "date": "07.08.06",
    "rating": "10",
    "author": "mand****",
    "review_id": "1889283",
    "movie_id": "10545"
  },
  {
    "review": "도신,타짜 보다 이 영화가 진짜다...",
    "date": "07.07.20",
    "rating": "10",
    "author": "jang****",
    "review_id": "1794043",
    "movie_id": "10545"
  },
  {
    "review": "좋아하는 영화니깐 평점10",
    "date": "07.07.09",
    "rating": "10",
    "author": "shld****",
    "review_id": "1762010",
    "movie_id": "10545"
  },
  {
    "review": "홍콩영화의 추억..",
    "date": "07.07.01",
    "rating": "8",
    "author": "skat****",
    "review_id": "1737784",
    "movie_id": "10545"
  },
  {
    "review": "가장 좋아하는 홍콩영화중 하나",
    "date": "07.06.14",
    "rating": "10",
    "author": "damu****",
    "review_id": "1701112",
    "movie_id": "10545"
  },
  {
    "review": "국딩시절본 정전자에서 이어지는 최고의 도박영화 지존무상!",
    "date": "07.06.09",
    "rating": "10",
    "author": "ssru****",
    "review_id": "1691333",
    "movie_id": "10545"
  },
  {
    "review": "몇번을 봐도 멋지다.",
    "date": "07.05.02",
    "rating": "10",
    "author": "nike****",
    "review_id": "1616050",
    "movie_id": "10545"
  },
  {
    "review": "죄다 10점이군. 이건 아닌데...",
    "date": "07.04.26",
    "rating": "1",
    "author": "enmo****",
    "review_id": "1605846",
    "movie_id": "10545"
  },
  {
    "review": "홍콩영화 좋아하지만 이건 별로였다. ★6",
    "date": "07.04.26",
    "rating": "1",
    "author": "fabi****",
    "review_id": "1605841",
    "movie_id": "10545"
  },
  {
    "review": "마지막 장면 최고 유덕화 정말 멋지다",
    "date": "07.04.18",
    "rating": "10",
    "author": "kkkh****",
    "review_id": "1594381",
    "movie_id": "10545"
  },
  {
    "review": "지금 생각해도 어떻게 왕정감독이 이런 명작을 찍었을 때가 있었는지..",
    "date": "07.03.01",
    "rating": "10",
    "author": "lizz****",
    "review_id": "1511362",
    "movie_id": "10545"
  },
  {
    "review": "괜히 지존이 아니다..",
    "date": "07.03.01",
    "rating": "10",
    "author": "hoju****",
    "review_id": "1509978",
    "movie_id": "10545"
  },
  {
    "review": "영화보다는 40자평이 너무 괜찮은 영화..",
    "date": "07.02.18",
    "rating": "8",
    "author": "red4****",
    "review_id": "1481868",
    "movie_id": "10545"
  },
  {
    "review": "멋있는카지노기술이난무할줄알았는데.오우삼식이잖어...",
    "date": "07.01.26",
    "rating": "7",
    "author": "izzo****",
    "review_id": "1414707",
    "movie_id": "10545"
  },
  {
    "review": "스토리, 음악, 배우 모두 흠잡을때가 없다.",
    "date": "07.01.14",
    "rating": "10",
    "author": "befo****",
    "review_id": "1382199",
    "movie_id": "10545"
  },
  {
    "review": "유덕화가 정말 멋지게 나오는 영화.",
    "date": "07.01.13",
    "rating": "10",
    "author": "taks****",
    "review_id": "1379735",
    "movie_id": "10545"
  },
  {
    "review": "제목이 너무 마음에 들었었지 영화는 그럭저럭 좋은편",
    "date": "07.01.07",
    "rating": "8",
    "author": "nala****",
    "review_id": "1363853",
    "movie_id": "10545"
  },
  {
    "review": "홍콩느와르의 최전성기 화룡정점의 영화",
    "date": "06.12.26",
    "rating": "10",
    "author": "elf2****",
    "review_id": "1329084",
    "movie_id": "10545"
  },
  {
    "review": "홍콩 영화의 전성기. 느림의 미학.",
    "date": "06.12.25",
    "rating": "10",
    "author": "usno****",
    "review_id": "1327640",
    "movie_id": "10545"
  },
  {
    "review": "영웅본색,첩혈쌍웅 그리고??",
    "date": "06.12.25",
    "rating": "10",
    "author": "arse****",
    "review_id": "1323017",
    "movie_id": "10545"
  },
  {
    "review": "전설적 홍콩카지노영화. 2가 더 좋았다.",
    "date": "06.12.06",
    "rating": "10",
    "author": "bepl****",
    "review_id": "1270160",
    "movie_id": "10545"
  }
]