[
  {
    "review": "눈물 대신 사랑을 믿는다.",
    "date": "15.06.23",
    "rating": "10",
    "author": "pdal****",
    "review_id": "10023519",
    "movie_id": "10540"
  },
  {
    "review": "처음엔 이게 뭔가싶었는데 정말 괜찮게봄. 주인공과 고샤가 진짜 멋짐...",
    "date": "15.04.03",
    "rating": "8",
    "author": "fkdz****",
    "review_id": "9824470",
    "movie_id": "10540"
  },
  {
    "review": "30년도 더 된 영화지만 지금 봐도 전혀 손색없는 작품이에요",
    "date": "14.09.28",
    "rating": "10",
    "author": "wjdw****",
    "review_id": "9245473",
    "movie_id": "10540"
  },
  {
    "review": "인생은40부터라 아직꽃을피워보지도못한것같다 36살도박으로인해 노력하여40살부턴안정을찻아야겟다",
    "date": "14.08.24",
    "rating": "5",
    "author": "zzzo****",
    "review_id": "9129388",
    "movie_id": "10540"
  },
  {
    "review": "기대하고 보셔도 후회는 없을꺼여요.",
    "date": "14.05.28",
    "rating": "10",
    "author": "size****",
    "review_id": "8771554",
    "movie_id": "10540"
  },
  {
    "review": "옛날 사고방식과 가치관을 자랑느레 촌스럽고 유치한 연출로 드라마화했구나",
    "date": "14.01.08",
    "rating": "4",
    "author": "ykdi****",
    "review_id": "8361733",
    "movie_id": "10540"
  },
  {
    "review": "재밋어요 ㅋㅋ 재밋어요 ㅋㅋ 재밋어요 ㅋㅋ",
    "date": "13.12.03",
    "rating": "10",
    "author": "als3****",
    "review_id": "8186696",
    "movie_id": "10540"
  },
  {
    "review": "옛날영화를 본건 이 영화가 처음이었다. 화질 좋은 영화만 봐서 아무리 작품성이 좋아도 안보는데 이건 정말 보기를 잘했다. 러시아라는 국적과는 상관없이 인간의 삶이 잘 묻어나는 작품이었다.",
    "date": "12.08.24",
    "rating": "10",
    "author": "love****",
    "review_id": "6640146",
    "movie_id": "10540"
  },
  {
    "review": "10살쯤인가 본듯한대 단한번 본기억으로, 너무나 갈망하여얼마전 어렵게 구해서 다시봤는대 내 평생 몇손가락안에들 너무나 명작,이영화 한편에 한시대 한사람의 인생이 고스란히 녹여져있는,,,'쓰레기 영화만 난무하는 요즘 오아시스 같은 작품이다",
    "date": "12.07.28",
    "rating": "10",
    "author": "degl****",
    "review_id": "6546451",
    "movie_id": "10540"
  },
  {
    "review": "아카데미 상을 받은 소련 영화~ 오래된 작품이고 러닝타임도 길지만 좋은 작품!",
    "date": "12.06.06",
    "rating": "8",
    "author": "ykt7****",
    "review_id": "6368215",
    "movie_id": "10540"
  },
  {
    "review": "첫 러시아 영화 굿^^",
    "date": "12.05.02",
    "rating": "10",
    "author": "tkde****",
    "review_id": "6266550",
    "movie_id": "10540"
  },
  {
    "review": "러시아의 신파극은 처음이다. 내나이 40부터 새로운 인생이 시작되는건가? ^^",
    "date": "12.04.01",
    "rating": "8",
    "author": "kusa****",
    "review_id": "6185570",
    "movie_id": "10540"
  },
  {
    "review": "훌륭한 영화 잘 봤습니다.",
    "date": "08.12.24",
    "rating": "8",
    "author": "eorn****",
    "review_id": "3145079",
    "movie_id": "10540"
  },
  {
    "review": "제목의 원뜻은 모스크바에서 눈물은 잠깐이고 결국 희망이 넘쳐흐른다는 의미",
    "date": "07.10.11",
    "rating": "10",
    "author": "airl****",
    "review_id": "2083825",
    "movie_id": "10540"
  },
  {
    "review": "고샤의 기묘한 매력이 잊혀지지 않는 영화~ 굿!!",
    "date": "07.06.22",
    "rating": "10",
    "author": "lazk****",
    "review_id": "1714416",
    "movie_id": "10540"
  },
  {
    "review": "약 30년 전의 작품/ 인생극 /인생이란....이런 것...",
    "date": "07.02.24",
    "rating": "10",
    "author": "obba****",
    "review_id": "1498714",
    "movie_id": "10540"
  },
  {
    "review": "인생은 40부터",
    "date": "06.08.09",
    "rating": "10",
    "author": "choc****",
    "review_id": "988261",
    "movie_id": "10540"
  },
  {
    "review": "러시아가 자본주의로 바뀌던 격동기의 여성들의 삶과 행복..",
    "date": "06.06.14",
    "rating": "10",
    "author": "dnjf****",
    "review_id": "843570",
    "movie_id": "10540"
  },
  {
    "review": "인생의 반은 사랑.",
    "date": "06.05.28",
    "rating": "7",
    "author": "damu****",
    "review_id": "819599",
    "movie_id": "10540"
  },
  {
    "review": "그야말로 한 시대를 대변하는 한 여성의 이야기이다.",
    "date": "05.05.13",
    "rating": "10",
    "author": "mina****",
    "review_id": "276960",
    "movie_id": "10540"
  },
  {
    "review": "순하게 그려나간 소련 여성들의 삶",
    "date": "05.02.01",
    "rating": "9",
    "author": "odil****",
    "review_id": "202841",
    "movie_id": "10540"
  },
  {
    "review": "러시아의 느낌...",
    "date": "04.10.20",
    "rating": "8",
    "author": "chki****",
    "review_id": "129418",
    "movie_id": "10540"
  },
  {
    "review": "러시아여자의 살아가는 모습을 볼 수 있어 좋았다",
    "date": "04.07.24",
    "rating": "9",
    "author": "ging****",
    "review_id": "75706",
    "movie_id": "10540"
  }
]