[
  {
    "review": "대사를 자제하며 분위기와 표정으로 이야기를 한다.. 방황하며 마음 둘 곳 없는 청춘을..",
    "date": "15.07.30",
    "rating": "7",
    "author": "blue****",
    "review_id": "10163486",
    "movie_id": "10546"
  },
  {
    "review": "발없는 새, 장국영...",
    "date": "15.07.26",
    "rating": "10",
    "author": "hair****",
    "review_id": "10144496",
    "movie_id": "10546"
  },
  {
    "review": "조용한데 잊혀지지 않을 명대사가 많다",
    "date": "15.07.19",
    "rating": "10",
    "author": "a171****",
    "review_id": "10118188",
    "movie_id": "10546"
  },
  {
    "review": "이 영화를 본 사람들은 발없는 새와 혼연일체되고, 정말 발없는 새처럼 살다간 장국영이라는 남자를 절대 잊지 못할 것이다. 쓸쓸한 눈빛과 경쾌하지만 어딘가 슬픈 뒷모습까지도 말이다.",
    "date": "15.07.18",
    "rating": "10",
    "author": "pr5g****",
    "review_id": "10117066",
    "movie_id": "10546"
  },
  {
    "review": "대사하나 부터 한장면이 서정적이고 쓸쓸함이 느껴진다.  어디서도 볼 수 없는 옛 필름만이 느껴지는 이 아련한 느낌...",
    "date": "15.06.20",
    "rating": "8",
    "author": "dhfb****",
    "review_id": "10014065",
    "movie_id": "10546"
  },
  {
    "review": "상처입은 사람들은 또 누군가에게 상처를 준다. 외롭고 무의미한 세상살이",
    "date": "15.06.13",
    "rating": "8",
    "author": "sunw****",
    "review_id": "9997618",
    "movie_id": "10546"
  },
  {
    "review": "절제와 추측으로 일구어낸 사랑, 이별, 재회",
    "date": "15.05.31",
    "rating": "8",
    "author": "syoc****",
    "review_id": "9965070",
    "movie_id": "10546"
  },
  {
    "review": "습한 날씨와 끈적이는 피부처럼 들러 붙어 클로즈업으로 촬영한 영상과 독특하고 감각적인 뉘앙스. 거칠고 자유로운 젊은 새의 욕망과 절망.",
    "date": "15.05.17",
    "rating": "8",
    "author": "tear****",
    "review_id": "9924460",
    "movie_id": "10546"
  },
  {
    "review": "솔직히 이영화는 너무 지루하다 그러나 장국영의 맘보춤은 정말 잊을수없다 멋있다",
    "date": "15.05.11",
    "rating": "6",
    "author": "dnf7****",
    "review_id": "9910226",
    "movie_id": "10546"
  },
  {
    "review": "어쩌면 장국영이 우리 곁을 떠났기에 더 먹먹한 영화...아비와 장국영이 혼연일체가 된거같아 더 슬픔...진짜 기가 막힘...",
    "date": "15.04.22",
    "rating": "10",
    "author": "tjdk****",
    "review_id": "9857075",
    "movie_id": "10546"
  },
  {
    "review": "장국영과 같이 생각나는영화",
    "date": "15.04.13",
    "rating": "10",
    "author": "viki****",
    "review_id": "9844063",
    "movie_id": "10546"
  },
  {
    "review": "4월 1일 장국영을 기억하려고 본 영화왕가위감독 영화중 유일하게 놓치고 안봤던건데  좋다!",
    "date": "15.04.02",
    "rating": "9",
    "author": "stin****",
    "review_id": "9821044",
    "movie_id": "10546"
  },
  {
    "review": "장국영과 장만옥이 아니면 보지 않았을 영화. 평점 중 3점은 장국영, 나머지 3점은 장만옥에게 부여하는 점수일뿐.",
    "date": "15.03.08",
    "rating": "6",
    "author": "inth****",
    "review_id": "9766514",
    "movie_id": "10546"
  },
  {
    "review": "그렇게 부지런히도 날아다닌 끝에 도착했지만 이미 죽어버린 주인공",
    "date": "15.03.01",
    "rating": "7",
    "author": "uhue****",
    "review_id": "9750052",
    "movie_id": "10546"
  },
  {
    "review": "아비정전은 그냥 다 좋았다... 개인적으로 금성무의  짝사랑이  더 좋았고, 장만옥의 오지않는 전화를 기다리는 곳부터 시작되는 나래이션이  짙게  남는다.",
    "date": "15.02.03",
    "rating": "10",
    "author": "dmsa****",
    "review_id": "9662406",
    "movie_id": "10546"
  },
  {
    "review": "장국영은 정말 멋진 홍콩스타였다.영화보는 내내 지루함없고 재밌는 최강의 영화다.",
    "date": "15.01.17",
    "rating": "10",
    "author": "odjs****",
    "review_id": "9605220",
    "movie_id": "10546"
  },
  {
    "review": "젊은이들의 쓸쓸한 인간관계와 방황하는 청춘에 대한 연민과 그리움의 '시' 같은 영화.. 전설이된 장국영과 중국 최고의 배우 장만옥을 한번에 보는 것도 큰 재미다. 멜랑꼴리한 초록 색감과 우울한 느낌을 주는 부감쇼트, 롱테이크들이 기억에 남는 명작..",
    "date": "15.01.08",
    "rating": "10",
    "author": "pola****",
    "review_id": "9573474",
    "movie_id": "10546"
  },
  {
    "review": "나의 오래된 베스트중 하나. 자세한 이야기는 생략한다.",
    "date": "14.12.10",
    "rating": "10",
    "author": "k248****",
    "review_id": "9463566",
    "movie_id": "10546"
  },
  {
    "review": "한편의 예술작품이다.",
    "date": "14.11.23",
    "rating": "10",
    "author": "soyo****",
    "review_id": "9413400",
    "movie_id": "10546"
  },
  {
    "review": "뭔가 예전아날로그시절로 돌아가서 그때의 감수성들을 자극하는것같은...",
    "date": "14.11.08",
    "rating": "9",
    "author": "ehqh****",
    "review_id": "9353616",
    "movie_id": "10546"
  },
  {
    "review": "케이블에서 가끔해주는데 정말 볼때마다재밌음 100점이라도 주고싶다",
    "date": "14.08.25",
    "rating": "10",
    "author": "wjdw****",
    "review_id": "9133499",
    "movie_id": "10546"
  },
  {
    "review": "인간이 우연히 맺는 인연에 대해 사색하게 된다. 멋있는 분위기와 홍콩 배우 올스타를 보는건 덤이였다.",
    "date": "14.08.24",
    "rating": "10",
    "author": "kimg****",
    "review_id": "9129440",
    "movie_id": "10546"
  },
  {
    "review": "명화는 역시 언제봐도 감동을 줍니다 이런 영화가 나오지않는 현실이 아쉽네요",
    "date": "14.08.10",
    "rating": "10",
    "author": "amle****",
    "review_id": "9062489",
    "movie_id": "10546"
  },
  {
    "review": "감동의 정전상태,, 장국영은  무슨 영화에 나와도 혼자만 빛나는구나.",
    "date": "14.07.17",
    "rating": "1",
    "author": "yewa****",
    "review_id": "8925896",
    "movie_id": "10546"
  },
  {
    "review": "장국영 그 이름만 들어도 설레이는 사람. 아비정전의 잔잔하고 고독한 흐름이 그를 더욱 떠올리게 만든다.",
    "date": "14.07.15",
    "rating": "9",
    "author": "good****",
    "review_id": "8917587",
    "movie_id": "10546"
  },
  {
    "review": "흠... 남자들이 볼때 잼있었겠다...;",
    "date": "14.06.29",
    "rating": "7",
    "author": "rudl****",
    "review_id": "8868639",
    "movie_id": "10546"
  },
  {
    "review": "자기연민에 빠져버린 고독한 청년이 갈망하던건 결국 누군가로부터의 사랑이었지만 사랑을 베푸는 것에는 서툰 나머지 도피하기에 이르는데... 그리고 그 도피 속에서 결국 생모에게조차 버림받는 아비의 뒷모습은 평생 잊을 수 없는 장면이 될 거 같다.",
    "date": "14.06.09",
    "rating": "10",
    "author": "dkwl****",
    "review_id": "8817586",
    "movie_id": "10546"
  },
  {
    "review": "살아있던 적이 없어, 쉴 수도 없었던 한 남자의 마음",
    "date": "14.06.06",
    "rating": "9",
    "author": "lala****",
    "review_id": "8804168",
    "movie_id": "10546"
  },
  {
    "review": "장국영과 장만옥. . . 한 화면에 둘만으로도 너무 좋은데 왕가위 감독이면. . .",
    "date": "14.05.27",
    "rating": "9",
    "author": "comf****",
    "review_id": "8769195",
    "movie_id": "10546"
  },
  {
    "review": "장국영의 연기는 볼 때마다 즐겁다.",
    "date": "14.05.05",
    "rating": "10",
    "author": "jmp0****",
    "review_id": "8705002",
    "movie_id": "10546"
  },
  {
    "review": "장국영의 절정을 보다. 두 주먹 불끈 쥐고 외길을 걸어가던 그의 모습이 아직도 사무친다. 늘 정처없는 바람에 흩날려야했던 지친 새, 편히 쉬기를.",
    "date": "14.05.05",
    "rating": "10",
    "author": "dbwl****",
    "review_id": "8704524",
    "movie_id": "10546"
  },
  {
    "review": "그 밤거리 ..한번걷고싶네",
    "date": "14.05.05",
    "rating": "9",
    "author": "dodo****",
    "review_id": "8703770",
    "movie_id": "10546"
  },
  {
    "review": "왕가위감독 역시 홍콩영화계의 거장이다",
    "date": "14.04.18",
    "rating": "10",
    "author": "ssc4****",
    "review_id": "8657020",
    "movie_id": "10546"
  },
  {
    "review": "왕가위의 극과 극을 보여주는 영화",
    "date": "14.04.14",
    "rating": "6",
    "author": "lede****",
    "review_id": "8650839",
    "movie_id": "10546"
  },
  {
    "review": "왜 뒤도 돌아보지 않고 그리 무정하게 우릴 떠났나요",
    "date": "14.04.07",
    "rating": "10",
    "author": "ksrl****",
    "review_id": "8634115",
    "movie_id": "10546"
  },
  {
    "review": "91년 이후 일곱번을 본 영화. 볼 때 마다 또 다른 느낌과 의미를 발견하게 된다. 왕가위 영화 중에서도 가장 좋아하는 작품이다.",
    "date": "14.03.09",
    "rating": "10",
    "author": "sipj****",
    "review_id": "8565529",
    "movie_id": "10546"
  },
  {
    "review": "사랑이 되지 못한 찰나는 시간과 경험으로 남는다.",
    "date": "14.02.21",
    "rating": "9",
    "author": "rygh****",
    "review_id": "8526964",
    "movie_id": "10546"
  },
  {
    "review": "담담하게 말하고 멋있게 끝낸다.",
    "date": "14.02.18",
    "rating": "8",
    "author": "rlad****",
    "review_id": "8519111",
    "movie_id": "10546"
  },
  {
    "review": "왕가위의 감성과 배우들의 명대사",
    "date": "14.02.03",
    "rating": "8",
    "author": "maxw****",
    "review_id": "8472321",
    "movie_id": "10546"
  },
  {
    "review": "요즘 애들이 보면 '정말 허세 쩐다!'고도 할 수 있는 왕가위 스타일이지만, 당시엔 파격이자 로망이었다.",
    "date": "14.01.08",
    "rating": "8",
    "author": "mygr****",
    "review_id": "8360682",
    "movie_id": "10546"
  },
  {
    "review": "두번째 보는건데 킵. 다시 봐야겠다.",
    "date": "13.12.30",
    "rating": "8",
    "author": "come****",
    "review_id": "8326786",
    "movie_id": "10546"
  },
  {
    "review": "어렸을 적 아비정전은 몰랐어도 맘보춤장면은 알았었는데.. 근래에 제대로 보니까 느낌이 색다르네요. 이런 영화였군요^^ 보고 난 후에도 계속 묘하게 여운이 가시지 않았던..",
    "date": "13.12.11",
    "rating": "10",
    "author": "gdlg****",
    "review_id": "8206642",
    "movie_id": "10546"
  },
  {
    "review": "내 인생 최고의 영화. 백점을 줘도 아깝지 않은 영화...장국영이 보고 싶다",
    "date": "13.12.10",
    "rating": "10",
    "author": "days****",
    "review_id": "8204906",
    "movie_id": "10546"
  },
  {
    "review": "너무 기대하고 봐서 그런지 그렇게 감명깊게 보지 못한것 같다 그래도 좋은작품인건 확실한거 같다",
    "date": "13.11.26",
    "rating": "7",
    "author": "dksa****",
    "review_id": "8170131",
    "movie_id": "10546"
  },
  {
    "review": "살아서도 죽어서도 지독히외로웠던 남자의이야기",
    "date": "13.11.24",
    "rating": "10",
    "author": "gust****",
    "review_id": "8165350",
    "movie_id": "10546"
  },
  {
    "review": "내 스탈은 아니다. 수작인거같긴한데",
    "date": "13.11.19",
    "rating": "6",
    "author": "shss****",
    "review_id": "8153140",
    "movie_id": "10546"
  },
  {
    "review": "왕가위의 본격적인 등장을 위한 테마.",
    "date": "13.11.03",
    "rating": "7",
    "author": "beni****",
    "review_id": "8113454",
    "movie_id": "10546"
  },
  {
    "review": "상처주는 이유는 누군가에 상처받았기 때문이고 상처받았기에 누군가에는 상처를 주게되는 어긋남의 로맨스. 부유하듯 떠다니는 카메라 속 이미지에 부유하듯 떠다니는 상처받은 영혼들.",
    "date": "13.10.20",
    "rating": "10",
    "author": "k641****",
    "review_id": "8075489",
    "movie_id": "10546"
  },
  {
    "review": "그리운 그시절. 그리운 장국영. 왕가위 작품 중 중경삼림과 함께 가장 아끼는 수작",
    "date": "13.10.20",
    "rating": "10",
    "author": "infi****",
    "review_id": "8074457",
    "movie_id": "10546"
  },
  {
    "review": "맘보춤 아직도 기억남.,.",
    "date": "13.10.12",
    "rating": "10",
    "author": "kim6****",
    "review_id": "8054995",
    "movie_id": "10546"
  },
  {
    "review": "역시 왕가위 영화는 음향과 색채가 너무 좋다. 어두침침하고 비에 젖은 듯한 분위기가 매력적이었다. 그리고 왕가위는 캐릭터 하나 하나 개성을 부여하는 능력도 쩌는듯. 중경삼림이나 화양연화 만큼 와닿지는 않았지만 금방 잊혀질 영화는 아닌 것 같다.",
    "date": "13.10.02",
    "rating": "8",
    "author": "choa****",
    "review_id": "8027199",
    "movie_id": "10546"
  },
  {
    "review": "왕가위 영화를 이거하고 중경삼림 딱 두 편 봤는데. 두편 다 내 스타일 아니다.정확히 뭔가를 찝어주면 좋겠는데, 여러 인물들의 뜬구름잡는 이야기들만 줄줄 늘어놓는것같은 느낌.. 영화 특유의 분위기와 색채는 되게 좋은데..여튼 내스타일 아녀..",
    "date": "13.08.23",
    "rating": "6",
    "author": "hyeo****",
    "review_id": "7916033",
    "movie_id": "10546"
  },
  {
    "review": "발 없는 새, 지친 날개를 접다.",
    "date": "13.08.17",
    "rating": "9",
    "author": "apre****",
    "review_id": "7892860",
    "movie_id": "10546"
  },
  {
    "review": "왕가위 영화 중 젤 좋았음",
    "date": "13.07.12",
    "rating": "9",
    "author": "mati****",
    "review_id": "7728460",
    "movie_id": "10546"
  },
  {
    "review": "왕가위 영화는 절대 내스타일이 아니다. 하지만 영화속에서 표현하고자 하는 감정선들을 굳이 긴대사 아닌 분위기 만으로 눈치채게 만드는 재주는 대단하다 그리고 영화인척 하면서 알고보면 굉장히 현실적이다 오락용으로 왕가위 영화를 택한다면 큰 실수",
    "date": "13.07.09",
    "rating": "7",
    "author": "zhde****",
    "review_id": "7719742",
    "movie_id": "10546"
  },
  {
    "review": "<봄에> 최림",
    "date": "13.06.07",
    "rating": "10",
    "author": "llls****",
    "review_id": "7601966",
    "movie_id": "10546"
  },
  {
    "review": "우울하구먼...",
    "date": "13.06.06",
    "rating": "6",
    "author": "pass****",
    "review_id": "7591305",
    "movie_id": "10546"
  },
  {
    "review": "영상만큼 재미가 딸려오지는 못한 영화....... 영상미만큼은 대박",
    "date": "13.06.02",
    "rating": "8",
    "author": "rkdc****",
    "review_id": "7573773",
    "movie_id": "10546"
  },
  {
    "review": "장국영의 황홀한 연기와 날이 선 왕가위의 완벽한 조합. 홍콩에서 왜 늘 위대한 영화 1,2위를 다투는지 궁금하다면 확인해 볼것.",
    "date": "13.05.23",
    "rating": "10",
    "author": "kink****",
    "review_id": "7549905",
    "movie_id": "10546"
  },
  {
    "review": "근 20년만에 다시보니 어릴척봤을때는 그저 주연만보고 총싸움을 기대했다가 실망한 영화 였는데 이번엔 느낌이 다르다. 우리가 함께한 이 1분은 영원히 기억될거야.. 다리없는 새는 단 한번 내려온다.. 어머니에게 나도 얼굴을 보여주지않겠다",
    "date": "13.05.15",
    "rating": "7",
    "author": "danz****",
    "review_id": "7529046",
    "movie_id": "10546"
  },
  {
    "review": "완벽하게 나쁜 놈, 완벽하게 불쌍한 놈.",
    "date": "13.04.27",
    "rating": "9",
    "author": "qhrh****",
    "review_id": "7488380",
    "movie_id": "10546"
  },
  {
    "review": "장국영이기에. 가슴 먹먹하다.",
    "date": "13.04.21",
    "rating": "10",
    "author": "kukl****",
    "review_id": "7473150",
    "movie_id": "10546"
  },
  {
    "review": "날아본적도없이 지치고 상처받은 그  .... 수리진의품에안겨 쉴수는없었을까 흰색런닝과트렁크만입고 맘보춤을추던 장국영 엄마를보지않고 두주먹을쥐고걷던슬픈발걸음당신을영원히사랑해요",
    "date": "13.04.21",
    "rating": "10",
    "author": "pue0****",
    "review_id": "7472893",
    "movie_id": "10546"
  },
  {
    "review": "그냥 한 사람의 인생을 가감없이 본 것 같다.",
    "date": "13.04.13",
    "rating": "8",
    "author": "psyc****",
    "review_id": "7455307",
    "movie_id": "10546"
  },
  {
    "review": ".",
    "date": "13.04.03",
    "rating": "10",
    "author": "kafk****",
    "review_id": "7433059",
    "movie_id": "10546"
  },
  {
    "review": "명작",
    "date": "13.04.03",
    "rating": "10",
    "author": "twis****",
    "review_id": "7432926",
    "movie_id": "10546"
  },
  {
    "review": "왕가위감독은 양조위를 진짜 좋아하는거 같다...;;왜 마지막에 양조위가 나왔는지는 아직까지 미스테리임..;;;",
    "date": "13.01.15",
    "rating": "8",
    "author": "do11****",
    "review_id": "7118351",
    "movie_id": "10546"
  },
  {
    "review": "홍콩의 영유권 반환 시점인 세기 말 삶의 극단적인 허무주의에 기인한 사회적 반작용,  즉 이성과의 관계, 이해하기 어려운 반항, 폭력 등 왕기위 감독의 대표작..  영화 비트를 시작으로 대다수 한국 감독 들은 현재까지도 어줍잖게 배끼기에 여념 없음",
    "date": "13.01.13",
    "rating": "10",
    "author": "prel****",
    "review_id": "7108523",
    "movie_id": "10546"
  },
  {
    "review": "최고의 영화",
    "date": "12.12.25",
    "rating": "10",
    "author": "piri****",
    "review_id": "7046709",
    "movie_id": "10546"
  },
  {
    "review": "최고",
    "date": "12.12.25",
    "rating": "10",
    "author": "dksw****",
    "review_id": "7044113",
    "movie_id": "10546"
  },
  {
    "review": "마약같은 영화..",
    "date": "12.12.16",
    "rating": "9",
    "author": "abc0****",
    "review_id": "7008866",
    "movie_id": "10546"
  },
  {
    "review": "왕자웨이 아비정전 1990 그리고 중경삼림 화양연화 ㅋㅋ",
    "date": "12.12.12",
    "rating": "10",
    "author": "dma9****",
    "review_id": "6995086",
    "movie_id": "10546"
  },
  {
    "review": "잊혀지지 않는 그 몇몇 장면들..",
    "date": "12.11.16",
    "rating": "9",
    "author": "nuja****",
    "review_id": "6892276",
    "movie_id": "10546"
  },
  {
    "review": "진짜명작, ㅅㅣ간날때마다 돌려보는데 그때마다 느껴진다.ㅠㅠ 이런영화또 만드실 계획없나요 왕가위님 ㅠ",
    "date": "12.10.30",
    "rating": "10",
    "author": "eye0****",
    "review_id": "6837014",
    "movie_id": "10546"
  },
  {
    "review": "... 심심하다.",
    "date": "12.10.11",
    "rating": "4",
    "author": "kara****",
    "review_id": "6784412",
    "movie_id": "10546"
  },
  {
    "review": "인생은 흘러가고 아비의 춤사위는 지워져간다",
    "date": "12.10.05",
    "rating": "9",
    "author": "kens****",
    "review_id": "6764108",
    "movie_id": "10546"
  },
  {
    "review": "모르겠다",
    "date": "12.09.30",
    "rating": "2",
    "author": "ohzr****",
    "review_id": "6746618",
    "movie_id": "10546"
  },
  {
    "review": "이미 지나갔지만,... 장국영 그의 생일을 축하합니다...♥",
    "date": "12.09.28",
    "rating": "9",
    "author": "ulsk****",
    "review_id": "6741018",
    "movie_id": "10546"
  },
  {
    "review": "딴거 볼거없다 장만옥 개쩐다",
    "date": "12.09.17",
    "rating": "5",
    "author": "ban3****",
    "review_id": "6706939",
    "movie_id": "10546"
  },
  {
    "review": "멋지게 살다 가는 것 또한 즐거운 인생일지도",
    "date": "12.09.16",
    "rating": "10",
    "author": "ecoo****",
    "review_id": "6705613",
    "movie_id": "10546"
  },
  {
    "review": "취향문제. 내 인생에서 가장 특별하다고 생각하는 영화. 내게 유일 10점. 일단은.",
    "date": "12.09.16",
    "rating": "10",
    "author": "stak****",
    "review_id": "6702258",
    "movie_id": "10546"
  },
  {
    "review": "인생은 만남을 통해서 이루어지는 것 같다.",
    "date": "12.09.04",
    "rating": "10",
    "author": "raby****",
    "review_id": "6670004",
    "movie_id": "10546"
  },
  {
    "review": "난 왕가위 감독이 아픈 사람이자 천재라고 생각한다. 많은 영화를 봐왔지만 이만한 여운을 주는 영화는 없었다.",
    "date": "12.08.22",
    "rating": "10",
    "author": "plan****",
    "review_id": "6635490",
    "movie_id": "10546"
  },
  {
    "review": "극장에서 느꼈던 여운이 지금도... 최고네요. 근데 원래대로 2부가 나왔다면 어땠을까.",
    "date": "12.07.14",
    "rating": "10",
    "author": "thsd****",
    "review_id": "6476839",
    "movie_id": "10546"
  },
  {
    "review": "나한텐 좀 어려운 영화",
    "date": "12.07.06",
    "rating": "7",
    "author": "core****",
    "review_id": "6451474",
    "movie_id": "10546"
  },
  {
    "review": "엄마 사랑을 못 받고 자라서 자기도 사랑할 줄 모르는 남자인가보군..",
    "date": "12.06.01",
    "rating": "6",
    "author": "psy9****",
    "review_id": "6354863",
    "movie_id": "10546"
  },
  {
    "review": "Very good!",
    "date": "12.05.04",
    "rating": "9",
    "author": "nost****",
    "review_id": "6270965",
    "movie_id": "10546"
  },
  {
    "review": "그립다 그의 아름다운눈을 보고파라 ㅠ0ㅠ 잘게시죠?물론 영화는 아름다운 정막이다 국영정전",
    "date": "12.04.23",
    "rating": "10",
    "author": "wjdt****",
    "review_id": "6240644",
    "movie_id": "10546"
  },
  {
    "review": "정말 촤고라는 말밖에,...",
    "date": "12.04.18",
    "rating": "10",
    "author": "ahc4****",
    "review_id": "6231720",
    "movie_id": "10546"
  },
  {
    "review": "가슴이 먹먹하고 아려서 또 볼 자신이 없다...",
    "date": "12.04.10",
    "rating": "9",
    "author": "asm7****",
    "review_id": "6207192",
    "movie_id": "10546"
  },
  {
    "review": "국영님영화는눈으로보는것보다마음으로보아야한다.아름답고다시봐도떨리는영화...",
    "date": "12.04.10",
    "rating": "10",
    "author": "qnft****",
    "review_id": "6206986",
    "movie_id": "10546"
  },
  {
    "review": "빛바랜 화면에 번져오는 우울함. 그걸 이렇게 잘 표현한 영화가 있을까",
    "date": "12.04.09",
    "rating": "8",
    "author": "mari****",
    "review_id": "6205517",
    "movie_id": "10546"
  },
  {
    "review": "왜 이렇게 가슴이 아플까?",
    "date": "12.03.24",
    "rating": "9",
    "author": "oicn****",
    "review_id": "6165702",
    "movie_id": "10546"
  },
  {
    "review": "아비정전명작ㅜ 어제보면서또한번느꼈다 Leslie의새로운모습을더이상볼수없다는게슬프다",
    "date": "12.03.24",
    "rating": "10",
    "author": "harr****",
    "review_id": "6165273",
    "movie_id": "10546"
  },
  {
    "review": "보고난 후에 먹먹해서 한참 못 잤다.",
    "date": "12.03.24",
    "rating": "8",
    "author": "beas****",
    "review_id": "6164823",
    "movie_id": "10546"
  },
  {
    "review": "영화좀제대로보고평점을줘야한다",
    "date": "12.03.24",
    "rating": "3",
    "author": "kimo****",
    "review_id": "6164700",
    "movie_id": "10546"
  },
  {
    "review": "영화 망한 이유를 알겠다.",
    "date": "12.03.24",
    "rating": "3",
    "author": "wiku****",
    "review_id": "6164253",
    "movie_id": "10546"
  },
  {
    "review": "장국영 생전 말씀하시길,아비정전은 반은 내 이야기다ㅠ그의 어머니는 그의 양육을 거부했었다",
    "date": "12.03.24",
    "rating": "10",
    "author": "3les****",
    "review_id": "6164178",
    "movie_id": "10546"
  },
  {
    "review": "장면 하나하나가 가슴을 후벼판다",
    "date": "12.03.24",
    "rating": "10",
    "author": "ssw8****",
    "review_id": "6163859",
    "movie_id": "10546"
  },
  {
    "review": "어머니와 헤어져 나오는 장국영의 모습이 짠하게 오래 남는...감동; ;",
    "date": "12.03.23",
    "rating": "10",
    "author": "noma****",
    "review_id": "6162830",
    "movie_id": "10546"
  }
]