[
  {
    "review": "월터힐의 숨은 명작중 하나 야수에서 미남으로 바뀌어도 사람의 본성은 바뀌지않으며 과거역시 바뀌지않는 다는 것을 보여준다 미키루크의 작품중 추천작",
    "date": "14.08.25",
    "rating": "10",
    "author": "dust****",
    "review_id": "9133550",
    "movie_id": "10549"
  },
  {
    "review": "조용히 죽음을 받아들인다할까? 인상적이고 매우 슬폈던 영화..",
    "date": "11.12.19",
    "rating": "10",
    "author": "alep****",
    "review_id": "5914802",
    "movie_id": "10549"
  },
  {
    "review": "스무살.. 꽤 재밌게 본영화! 당시 미키루크 정말 괜찮았지요. 지금과 비교 절대금물^^",
    "date": "11.04.09",
    "rating": "10",
    "author": "leek****",
    "review_id": "5363955",
    "movie_id": "10549"
  },
  {
    "review": "추남 쟈니 핸섬!! 유일한 친구 마이키의 복수를 위해 훈남 미키 루크로 변신하다^-^o",
    "date": "11.03.28",
    "rating": "5",
    "author": "beat****",
    "review_id": "5340009",
    "movie_id": "10549"
  },
  {
    "review": "이 영화 어디서 못구합니까?",
    "date": "09.10.20",
    "rating": "10",
    "author": "rfky****",
    "review_id": "3905798",
    "movie_id": "10549"
  },
  {
    "review": "워터힐 감독과 미키루크의 합작이지만 뭐 그리 대단한 작품이 아니다",
    "date": "09.06.28",
    "rating": "6",
    "author": "deff****",
    "review_id": "3598267",
    "movie_id": "10549"
  },
  {
    "review": "월터힐의 범작.그러나 다른 감독의 수작보다도 즐겁다.",
    "date": "08.12.01",
    "rating": "7",
    "author": "baks****",
    "review_id": "3083520",
    "movie_id": "10549"
  },
  {
    "review": "명작중의 명작!",
    "date": "07.09.13",
    "rating": "10",
    "author": "moon****",
    "review_id": "2018154",
    "movie_id": "10549"
  },
  {
    "review": "잼있는평작.이랬던 미키가 왜 그리 망가졌대니...ㅠㅠ",
    "date": "07.01.03",
    "rating": "7",
    "author": "naeg****",
    "review_id": "1354075",
    "movie_id": "10549"
  },
  {
    "review": "미키루크 외모.연기 모든걸 갖추었던 시절..잘만든영화",
    "date": "06.08.31",
    "rating": "10",
    "author": "jaux****",
    "review_id": "1092255",
    "movie_id": "10549"
  },
  {
    "review": "음울한 분위기를 즐기기 좋다. 여자 역할이 미미한 게 아쉽지만",
    "date": "05.02.01",
    "rating": "9",
    "author": "kimj****",
    "review_id": "203615",
    "movie_id": "10549"
  },
  {
    "review": "랜스 헨릭슨의 악역연기가 돋보이는 영화",
    "date": "04.06.30",
    "rating": "8",
    "author": "cat1****",
    "review_id": "63069",
    "movie_id": "10549"
  }
]