[
  {
    "review": "무거운 영화였습니다. 1961년 한국의 어려운 현실을 모두 모아놓은 영화.?",
    "date": "15.04.16",
    "rating": "10",
    "author": "clie****",
    "review_id": "9848099",
    "movie_id": "10555"
  },
  {
    "review": "이해하기 어려웠던... 소설을봐논터라 이해함",
    "date": "13.12.20",
    "rating": "10",
    "author": "aes0****",
    "review_id": "8254150",
    "movie_id": "10555"
  },
  {
    "review": "딱히 쓸 평은 없는데.. 좋은 영화다",
    "date": "13.11.05",
    "rating": "10",
    "author": "dnwl****",
    "review_id": "8115682",
    "movie_id": "10555"
  },
  {
    "review": "한국영화의 고전 걸작. 전후 붕괴되는 한 기정의 가장을 통해 한국사회를 잘 드러낸 리얼리즘 걸작",
    "date": "13.09.25",
    "rating": "9",
    "author": "ykdi****",
    "review_id": "8015806",
    "movie_id": "10555"
  },
  {
    "review": "예전에 소설로 읽었었는데.. 영화만의 묘미가 살아있네요 명작임..",
    "date": "13.04.22",
    "rating": "10",
    "author": "hu12****",
    "review_id": "7475293",
    "movie_id": "10555"
  },
  {
    "review": "유투브로 봤습니다.. 유명한 영화라 평을 남기기가 머시기하네요..",
    "date": "13.02.21",
    "rating": "10",
    "author": "kj99****",
    "review_id": "7287959",
    "movie_id": "10555"
  },
  {
    "review": "촌스러운 만듦새,  묵직한 주제",
    "date": "12.11.08",
    "rating": "6",
    "author": "rd72****",
    "review_id": "6867663",
    "movie_id": "10555"
  },
  {
    "review": "61년도 치고는 원작에 충실하고 잘 재현한 영화다.",
    "date": "12.09.16",
    "rating": "8",
    "author": "kyki****",
    "review_id": "6703298",
    "movie_id": "10555"
  },
  {
    "review": "당시 제작여건에 비해서 너무 놀라운 작품. 심리묘사를 중심으로 리메이크는 어떨지?",
    "date": "12.04.09",
    "rating": "9",
    "author": "dazm****",
    "review_id": "6203668",
    "movie_id": "10555"
  },
  {
    "review": "최고는 아니라도 한국 영화 중 역작임은 틀림없을 듯하다",
    "date": "12.03.27",
    "rating": "9",
    "author": "kos4****",
    "review_id": "6171826",
    "movie_id": "10555"
  },
  {
    "review": "솔직히",
    "date": "11.11.29",
    "rating": "4",
    "author": "uiwa****",
    "review_id": "5878347",
    "movie_id": "10555"
  },
  {
    "review": "60년대 서울의 모습을 볼 수 있는 좋은 기회였습니다, 마지막 장면도 기억에 남구요",
    "date": "11.03.19",
    "rating": "10",
    "author": "node****",
    "review_id": "5321894",
    "movie_id": "10555"
  },
  {
    "review": "와우",
    "date": "11.02.28",
    "rating": "9",
    "author": "0109****",
    "review_id": "5282911",
    "movie_id": "10555"
  },
  {
    "review": "우리나라 영화사에서 가장 대표적인 영화. 유현목 감독님. 김진규배우님. 자랑스럽습니다.",
    "date": "11.02.28",
    "rating": "10",
    "author": "witj****",
    "review_id": "5281728",
    "movie_id": "10555"
  },
  {
    "review": "원작은 못따라오네. 소설을 먼저 읽어보기를..",
    "date": "11.02.14",
    "rating": "5",
    "author": "nian****",
    "review_id": "5242353",
    "movie_id": "10555"
  },
  {
    "review": "50년이 지났어도 너무 공감간다, 전쟁이 끝난 지 얼마 안된 비굴하고 가난한 가족사",
    "date": "10.10.15",
    "rating": "10",
    "author": "chul****",
    "review_id": "4903025",
    "movie_id": "10555"
  },
  {
    "review": "대단한영화. 다른 50년대 영화들과는달리 지금봐도많이 어색하지 않다. 거의 완벽",
    "date": "10.06.19",
    "rating": "10",
    "author": "susa****",
    "review_id": "4576805",
    "movie_id": "10555"
  },
  {
    "review": "절망의 시대에 구어체 만연",
    "date": "10.03.05",
    "rating": "4",
    "author": "pria****",
    "review_id": "4335802",
    "movie_id": "10555"
  },
  {
    "review": "소설이 더 낫다",
    "date": "10.01.23",
    "rating": "5",
    "author": "qmfk****",
    "review_id": "4201243",
    "movie_id": "10555"
  },
  {
    "review": "감독이 대단하다. 당시에 이렇게 높은 이해도를 가지고 장면을 구성했다는게 놀라움.",
    "date": "09.11.27",
    "rating": "8",
    "author": "cosm****",
    "review_id": "3994333",
    "movie_id": "10555"
  },
  {
    "review": "가자~",
    "date": "09.11.20",
    "rating": "10",
    "author": "hiro****",
    "review_id": "3976961",
    "movie_id": "10555"
  },
  {
    "review": "왜 오발탄, 오발탄 하는지를 이제야 알았다.",
    "date": "09.10.28",
    "rating": "10",
    "author": "bobb****",
    "review_id": "3921480",
    "movie_id": "10555"
  },
  {
    "review": "이 명작을 뒤늦게봐서 부끄럽습니다.",
    "date": "09.09.12",
    "rating": "10",
    "author": "ange****",
    "review_id": "3826986",
    "movie_id": "10555"
  },
  {
    "review": "가난은불행한것이다인간답게살려면돈이필요하다최무룡이나랑좀비슷한성격같다",
    "date": "09.08.09",
    "rating": "1",
    "author": "zzzo****",
    "review_id": "3726488",
    "movie_id": "10555"
  },
  {
    "review": "소설만 위대한것이 아니었다.",
    "date": "09.08.09",
    "rating": "9",
    "author": "sr82****",
    "review_id": "3725736",
    "movie_id": "10555"
  },
  {
    "review": "한국고전영화의 리얼리즘의 극치",
    "date": "09.07.21",
    "rating": "10",
    "author": "hwjj****",
    "review_id": "3653886",
    "movie_id": "10555"
  },
  {
    "review": "좋습니다.",
    "date": "08.08.28",
    "rating": "10",
    "author": "kimi****",
    "review_id": "2908199",
    "movie_id": "10555"
  },
  {
    "review": "죽여준다. 정말 이 말 밖엔 할 말이 없다.",
    "date": "08.08.26",
    "rating": "10",
    "author": "sega****",
    "review_id": "2904741",
    "movie_id": "10555"
  },
  {
    "review": "영화는 다소 구식이지만 절절한 시대의 현실이 가슴속에 파고든다.",
    "date": "08.06.29",
    "rating": "8",
    "author": "kusa****",
    "review_id": "2727643",
    "movie_id": "10555"
  },
  {
    "review": "원작을 영화화 한것 중 수작의 반열에 드는 작품. 분위기 감각 탁월하다.",
    "date": "08.04.16",
    "rating": "9",
    "author": "bepl****",
    "review_id": "2583842",
    "movie_id": "10555"
  },
  {
    "review": "재밌어",
    "date": "08.04.01",
    "rating": "10",
    "author": "eek5****",
    "review_id": "2553223",
    "movie_id": "10555"
  },
  {
    "review": "한국판 자전거도둑. 아 슬퍼ㅠㅠ",
    "date": "07.12.16",
    "rating": "10",
    "author": "gene****",
    "review_id": "2237907",
    "movie_id": "10555"
  },
  {
    "review": "쓰레기라니..참나",
    "date": "07.07.15",
    "rating": "9",
    "author": "ting****",
    "review_id": "1776743",
    "movie_id": "10555"
  },
  {
    "review": "아 지금상황에서도 공감간다...",
    "date": "07.06.14",
    "rating": "10",
    "author": "arse****",
    "review_id": "1700253",
    "movie_id": "10555"
  },
  {
    "review": "이 영화를 쓰레기라 하는 사람은 영화를 모르는사람 -_-",
    "date": "07.06.09",
    "rating": "10",
    "author": "ddub****",
    "review_id": "1692937",
    "movie_id": "10555"
  },
  {
    "review": "지우지마라 -_- 쓰레기다이건",
    "date": "07.04.14",
    "rating": "1",
    "author": "skys****",
    "review_id": "1588756",
    "movie_id": "10555"
  },
  {
    "review": "보존상태가 너무나 아쉬운 한국적 레오리얼리즘의 진수",
    "date": "07.03.20",
    "rating": "9",
    "author": "oklo****",
    "review_id": "1544327",
    "movie_id": "10555"
  },
  {
    "review": "거대하다.",
    "date": "07.03.13",
    "rating": "10",
    "author": "blue****",
    "review_id": "1531896",
    "movie_id": "10555"
  },
  {
    "review": "xlo011 아이디 여러개 만들어서 추한 짓 하지말아라",
    "date": "07.02.28",
    "rating": "10",
    "author": "zzae****",
    "review_id": "1508611",
    "movie_id": "10555"
  },
  {
    "review": "한국영화라는 고산준령의 정점, 걸작!",
    "date": "07.01.20",
    "rating": "10",
    "author": "atom****",
    "review_id": "1399257",
    "movie_id": "10555"
  },
  {
    "review": "분노의 포도보다 낫고 자전거 도둑과 견줄만 하다",
    "date": "07.01.06",
    "rating": "10",
    "author": "ike_****",
    "review_id": "1361851",
    "movie_id": "10555"
  },
  {
    "review": "나 또한 이세상에 오발탄",
    "date": "06.11.01",
    "rating": "10",
    "author": "tubt****",
    "review_id": "1210890",
    "movie_id": "10555"
  },
  {
    "review": "시간이 지난 지금 봐도 긴장감과 감정표현들이 정말 최고입니다.",
    "date": "06.09.28",
    "rating": "10",
    "author": "fool****",
    "review_id": "1146471",
    "movie_id": "10555"
  },
  {
    "review": "쓰레기",
    "date": "06.09.16",
    "rating": "1",
    "author": "xld0****",
    "review_id": "1126201",
    "movie_id": "10555"
  },
  {
    "review": "쓰레기",
    "date": "06.09.16",
    "rating": "1",
    "author": "xld0****",
    "review_id": "1126196",
    "movie_id": "10555"
  },
  {
    "review": "명작",
    "date": "06.08.03",
    "rating": "10",
    "author": "zeed****",
    "review_id": "960227",
    "movie_id": "10555"
  },
  {
    "review": "정말 한번쯤은 볼만한 영화입니다. 꼭 보시길~",
    "date": "06.07.24",
    "rating": "9",
    "author": "dela****",
    "review_id": "920221",
    "movie_id": "10555"
  },
  {
    "review": "정처없는 오발탄. 한국 영화 궁극의 경지, 그 신호탄.",
    "date": "05.10.14",
    "rating": "9",
    "author": "m60d****",
    "review_id": "442200",
    "movie_id": "10555"
  },
  {
    "review": "한국 문예영화의 궁극. 그래봐야 예술장르 영화의 유치짬뽕.",
    "date": "05.03.15",
    "rating": "3",
    "author": "godc****",
    "review_id": "241733",
    "movie_id": "10555"
  },
  {
    "review": "작품 최고입니다...",
    "date": "04.11.09",
    "rating": "10",
    "author": "ahfe****",
    "review_id": "142939",
    "movie_id": "10555"
  },
  {
    "review": "흠.. 책읽으셨다면 볼만한 영화..",
    "date": "04.11.08",
    "rating": "7",
    "author": "mild****",
    "review_id": "141864",
    "movie_id": "10555"
  },
  {
    "review": "그냥그래요",
    "date": "04.09.18",
    "rating": "2",
    "author": "civi****",
    "review_id": "110494",
    "movie_id": "10555"
  },
  {
    "review": "너무나도 위대한 작품1!!!!!! 감동이 물씬 온다~",
    "date": "04.08.17",
    "rating": "10",
    "author": "gch4****",
    "review_id": "91838",
    "movie_id": "10555"
  },
  {
    "review": "누가 이 명작에 돌을 던지리...",
    "date": "04.07.22",
    "rating": "10",
    "author": "klux****",
    "review_id": "74614",
    "movie_id": "10555"
  },
  {
    "review": "오발탄짱 찬호",
    "date": "03.12.21",
    "rating": "10",
    "author": "juch****",
    "review_id": "4558",
    "movie_id": "10555"
  }
]