[
  {
    "review": "리처드 기어와 킴 베이싱어의 젊은시절 ^^",
    "date": "14.10.01",
    "rating": "10",
    "author": "redj****",
    "review_id": "9252043",
    "movie_id": "10560"
  },
  {
    "review": "중딩때 뭣모르고 본 이후, 어제 케이블에서 우연히 다시보니..숨겨진 액션걸작일세...",
    "date": "13.08.11",
    "rating": "10",
    "author": "cjw2****",
    "review_id": "7868034",
    "movie_id": "10560"
  },
  {
    "review": "오래전에 보았던 영화지만 다시 한번 보고싶음",
    "date": "13.08.01",
    "rating": "9",
    "author": "gadg****",
    "review_id": "7805535",
    "movie_id": "10560"
  },
  {
    "review": "지금 또 보고싶어 찾아본 영화...볼길은 없나?",
    "date": "13.06.03",
    "rating": "9",
    "author": "kita****",
    "review_id": "7576264",
    "movie_id": "10560"
  },
  {
    "review": "미국의 모순, 그리고 사랑 아름다운 영화이다. 특히, 도망중 샤워장에서 몸을 녹이던 장면은 내평생 잊혀지지 않는다. 다시 꼭 보고 싶은데 방법이 없다. 현재는...",
    "date": "13.03.09",
    "rating": "9",
    "author": "yo70****",
    "review_id": "7335156",
    "movie_id": "10560"
  },
  {
    "review": "아... 베드신 다시 보고싶네... 기억이 가물가물...",
    "date": "10.03.12",
    "rating": "8",
    "author": "aris****",
    "review_id": "4351502",
    "movie_id": "10560"
  },
  {
    "review": "24년 된영화??? 지금도 잊혀지지 않는 영화",
    "date": "10.02.15",
    "rating": "10",
    "author": "clas****",
    "review_id": "4285906",
    "movie_id": "10560"
  },
  {
    "review": "다시보고싶은데...",
    "date": "08.12.19",
    "rating": "7",
    "author": "hani****",
    "review_id": "3129976",
    "movie_id": "10560"
  },
  {
    "review": "도망가는 두 젊은 남녀, 당시는 내용보다 기어와 베신저의 인기때문에 열광",
    "date": "08.12.13",
    "rating": "6",
    "author": "deff****",
    "review_id": "3111131",
    "movie_id": "10560"
  },
  {
    "review": "지금 보면 너무 엉성하다",
    "date": "08.09.07",
    "rating": "1",
    "author": "sias****",
    "review_id": "2926921",
    "movie_id": "10560"
  },
  {
    "review": "그당시엔 그런대로 호평받았었지",
    "date": "07.09.21",
    "rating": "8",
    "author": "scri****",
    "review_id": "2034151",
    "movie_id": "10560"
  },
  {
    "review": "볼만하더군",
    "date": "06.09.01",
    "rating": "7",
    "author": "zeed****",
    "review_id": "1095224",
    "movie_id": "10560"
  },
  {
    "review": "두 스타의 매력은 잘 묻어났지만",
    "date": "06.01.22",
    "rating": "4",
    "author": "okjo****",
    "review_id": "610060",
    "movie_id": "10560"
  },
  {
    "review": "그래도 괜찮은걸",
    "date": "05.12.24",
    "rating": "6",
    "author": "kws7****",
    "review_id": "525400",
    "movie_id": "10560"
  }
]