[
  {
    "review": "청춘의 아이콘이라는 상징성 때문인지 연기력에 대해서는 크게 회자가 되지 않은 듯 한데 뭔가 말론 브란도님의 연기에 영향을 받은 듯 굉장히 자연스럽게 연기까지 잘하는 배우였음을 깨닫게 해준 영화~초반부는 좀 지루하긴했음",
    "date": "15.08.21",
    "rating": "10",
    "author": "sund****",
    "review_id": "10256773",
    "movie_id": "10566"
  },
  {
    "review": "이유없는 반항?  이유있는 반항!",
    "date": "15.06.26",
    "rating": "8",
    "author": "etp8****",
    "review_id": "10037175",
    "movie_id": "10566"
  },
  {
    "review": "이거보느니 욕망이라는 이름의 열차를 봄. 청춘스타 제임스딘? 기대하고 봤는데 실망이 크다. 마음으로는 5점인데 평점너무 높아서 깎기위해 1점줌.",
    "date": "15.06.19",
    "rating": "1",
    "author": "tfgd****",
    "review_id": "10012955",
    "movie_id": "10566"
  },
  {
    "review": "멋진 제임스 딘의 눈빛..",
    "date": "15.03.16",
    "rating": "6",
    "author": "alem****",
    "review_id": "9788575",
    "movie_id": "10566"
  },
  {
    "review": "간지가쩌는영화임ㅋㅋ",
    "date": "15.03.16",
    "rating": "9",
    "author": "xx41****",
    "review_id": "9788528",
    "movie_id": "10566"
  },
  {
    "review": "평범한 이야기를 흥미롭게 전개시킨 니콜라스 레이의 연출이 돋보이는군",
    "date": "15.02.21",
    "rating": "7",
    "author": "guev****",
    "review_id": "9721687",
    "movie_id": "10566"
  },
  {
    "review": "약간 부족하기는 하다...",
    "date": "15.01.23",
    "rating": "8",
    "author": "j2w0****",
    "review_id": "9626341",
    "movie_id": "10566"
  },
  {
    "review": "성장하는 과정. 그 과도기의 아픔...",
    "date": "14.08.10",
    "rating": "10",
    "author": "sjzm****",
    "review_id": "9064428",
    "movie_id": "10566"
  },
  {
    "review": "이해하려고 하지마... 이유가 없으니까",
    "date": "14.07.26",
    "rating": "7",
    "author": "setm****",
    "review_id": "8960542",
    "movie_id": "10566"
  },
  {
    "review": "제임스딘 살아 있었으면 하네.",
    "date": "14.05.15",
    "rating": "10",
    "author": "yaec****",
    "review_id": "8732478",
    "movie_id": "10566"
  },
  {
    "review": "주인공의 행동이 이해안가고 지루하다",
    "date": "14.04.03",
    "rating": "1",
    "author": "mara****",
    "review_id": "8626324",
    "movie_id": "10566"
  },
  {
    "review": "옛날이었다면 모르겠지만 요즘 기준으로는 노잼임지루함으로는 일본침몰급이었음",
    "date": "14.03.27",
    "rating": "7",
    "author": "imso****",
    "review_id": "8610697",
    "movie_id": "10566"
  },
  {
    "review": "제목같이 인생이 무슨 이유가 있을까",
    "date": "14.03.22",
    "rating": "10",
    "author": "kimg****",
    "review_id": "8595969",
    "movie_id": "10566"
  },
  {
    "review": "전설의 영화. 제임스 딘 정말 간지난다... 화려한 고전, 위대한 역작!",
    "date": "14.03.22",
    "rating": "9",
    "author": "deka****",
    "review_id": "8594871",
    "movie_id": "10566"
  },
  {
    "review": "보기전부터 기대품고봤는데 생각보다 별로다",
    "date": "14.02.19",
    "rating": "3",
    "author": "nigg****",
    "review_id": "8520685",
    "movie_id": "10566"
  },
  {
    "review": "못미더운 부모를 가졌다면 제임스 딘이 이해될것..",
    "date": "14.01.17",
    "rating": "6",
    "author": "maen****",
    "review_id": "8391312",
    "movie_id": "10566"
  },
  {
    "review": "이유없는 간지....",
    "date": "13.09.29",
    "rating": "9",
    "author": "diri****",
    "review_id": "8021216",
    "movie_id": "10566"
  },
  {
    "review": "이렇게 찝찝하고 씁쓸한 반항. 대사 한마디 한마디가 사춘기 시절의 나를 찌른다...",
    "date": "13.07.10",
    "rating": "8",
    "author": "cher****",
    "review_id": "7721994",
    "movie_id": "10566"
  },
  {
    "review": "뭔가 알맹이가 빠진 거 같다..",
    "date": "13.06.10",
    "rating": "7",
    "author": "katy****",
    "review_id": "7625150",
    "movie_id": "10566"
  },
  {
    "review": "제임스딘  매력적이다 그 옛날 영화라고 믿기지  않을 정도로 작품성도  뛰어나다.",
    "date": "13.02.21",
    "rating": "10",
    "author": "zmfh****",
    "review_id": "7288316",
    "movie_id": "10566"
  },
  {
    "review": "시대를 초월하는 그의 눈빛",
    "date": "13.02.13",
    "rating": "10",
    "author": "ston****",
    "review_id": "7260414",
    "movie_id": "10566"
  },
  {
    "review": "당시 시대를 감안한다면 놀라운 걸작...10대들의 모습을 잘 그려낸 영화..역시 니콜라스 레이",
    "date": "12.12.31",
    "rating": "7",
    "author": "thra****",
    "review_id": "7068042",
    "movie_id": "10566"
  },
  {
    "review": "1955 년대라는 맞지않는 서스펜스가 있으며, 제임스딘이 전설이될만하다.",
    "date": "12.11.29",
    "rating": "9",
    "author": "hdcp****",
    "review_id": "6935169",
    "movie_id": "10566"
  },
  {
    "review": "생각보단 구성이 괜찮네요. 제임스 딘의 연기보다도 약간 홀든 콜필드적인 감성이 더 두드러져 보입니다.",
    "date": "12.08.21",
    "rating": "9",
    "author": "ndga****",
    "review_id": "6631311",
    "movie_id": "10566"
  },
  {
    "review": "제임스 딘 영화 처음 봤는데 괜찮음",
    "date": "12.07.22",
    "rating": "8",
    "author": "figh****",
    "review_id": "6515697",
    "movie_id": "10566"
  },
  {
    "review": "생각과는 다른 영화... 신선했습니다.",
    "date": "12.07.07",
    "rating": "9",
    "author": "dusg****",
    "review_id": "6455469",
    "movie_id": "10566"
  },
  {
    "review": "그당시 이정도의 영화라면 수작이었을듯. 이리 인간적인 캐릭터였다니..드디어봤군..",
    "date": "12.06.10",
    "rating": "8",
    "author": "balb****",
    "review_id": "6382806",
    "movie_id": "10566"
  },
  {
    "review": "제임스딘..그 이름만으로도 이미 모든것을 뒤덮는다",
    "date": "12.01.08",
    "rating": "10",
    "author": "djaj****",
    "review_id": "5969494",
    "movie_id": "10566"
  },
  {
    "review": "볼만함",
    "date": "12.01.06",
    "rating": "9",
    "author": "real****",
    "review_id": "5963753",
    "movie_id": "10566"
  },
  {
    "review": "제임스딘",
    "date": "11.11.27",
    "rating": "10",
    "author": "cold****",
    "review_id": "5874090",
    "movie_id": "10566"
  },
  {
    "review": "그 땐 이유가 없어도 되었지...히히히 난 앞으로도 그럴거야 히히히히",
    "date": "11.10.10",
    "rating": "6",
    "author": "good****",
    "review_id": "5782555",
    "movie_id": "10566"
  },
  {
    "review": "나는 잘 모르겠다.. 메시지는 뚜렷한 것 같은데",
    "date": "11.08.29",
    "rating": "6",
    "author": "oper****",
    "review_id": "5696703",
    "movie_id": "10566"
  },
  {
    "review": "주인공 빌리닮앗다",
    "date": "11.07.13",
    "rating": "9",
    "author": "dkls****",
    "review_id": "5540691",
    "movie_id": "10566"
  },
  {
    "review": "영화에 나오는 모든 붉은색에 주목하라.",
    "date": "11.03.11",
    "rating": "9",
    "author": "bbq2****",
    "review_id": "5304864",
    "movie_id": "10566"
  },
  {
    "review": "수영장 씬에서 어른들 흉내내는 씬은 잊혀지지가 않는다.",
    "date": "11.02.25",
    "rating": "10",
    "author": "alsl****",
    "review_id": "5275619",
    "movie_id": "10566"
  },
  {
    "review": "지금 봐도 충격적인 전개....시대를 뛰어넘는 영화",
    "date": "11.02.25",
    "rating": "10",
    "author": "stup****",
    "review_id": "5275617",
    "movie_id": "10566"
  },
  {
    "review": "보고 멍해진다..",
    "date": "11.02.25",
    "rating": "10",
    "author": "alsl****",
    "review_id": "5275614",
    "movie_id": "10566"
  },
  {
    "review": "영화보다도 더 빛이났던 고인 제임스딘...",
    "date": "11.02.12",
    "rating": "7",
    "author": "kent****",
    "review_id": "5237466",
    "movie_id": "10566"
  },
  {
    "review": "'이유 있는 반항'",
    "date": "10.12.17",
    "rating": "8",
    "author": "wwwy****",
    "review_id": "5059460",
    "movie_id": "10566"
  },
  {
    "review": "난좋은데?",
    "date": "10.11.29",
    "rating": "10",
    "author": "jang****",
    "review_id": "5003222",
    "movie_id": "10566"
  },
  {
    "review": "글쎄다",
    "date": "10.10.27",
    "rating": "6",
    "author": "hing****",
    "review_id": "4923178",
    "movie_id": "10566"
  },
  {
    "review": "엄청난 버블",
    "date": "10.07.23",
    "rating": "5",
    "author": "kos4****",
    "review_id": "4663515",
    "movie_id": "10566"
  },
  {
    "review": "에덴의 동쪽과 더불어 확실한 제임스딘의 이미지 각인",
    "date": "10.03.24",
    "rating": "8",
    "author": "yuye****",
    "review_id": "4384114",
    "movie_id": "10566"
  },
  {
    "review": "나는 잘 모르겠다.... ;;;",
    "date": "10.03.14",
    "rating": "5",
    "author": "nnnu****",
    "review_id": "4357573",
    "movie_id": "10566"
  },
  {
    "review": "55년도 영화 제임스딘과 나탈리우드 아름답다 이유가없는게 이유 ㄷㄷ",
    "date": "10.02.24",
    "rating": "7",
    "author": "idko****",
    "review_id": "4314167",
    "movie_id": "10566"
  },
  {
    "review": "많은 누리꾼들이 호평하는 가운데 난 이유없는 반항을 하게 됐다.",
    "date": "10.01.28",
    "rating": "3",
    "author": "claz****",
    "review_id": "4218390",
    "movie_id": "10566"
  },
  {
    "review": "그 때는 이유가 없는 게 이유.. 제임스딘이 연기한 캐릭터는 모두 좋다.",
    "date": "10.01.02",
    "rating": "10",
    "author": "gjsw****",
    "review_id": "4122836",
    "movie_id": "10566"
  },
  {
    "review": "요즘 애들 말로 하자면...그냥 Jot 간지..전설이 된 이유를 알수있는작품",
    "date": "09.07.23",
    "rating": "10",
    "author": "ruff****",
    "review_id": "3658066",
    "movie_id": "10566"
  },
  {
    "review": "제임스딘   메소드연기자  맡은배역의 삶을살아버리는..   그냥닥치고킹왕짱",
    "date": "09.06.30",
    "rating": "10",
    "author": "niil****",
    "review_id": "3602066",
    "movie_id": "10566"
  },
  {
    "review": "제임스 딘의 이유있는 걸작",
    "date": "09.06.12",
    "rating": "8",
    "author": "uds0****",
    "review_id": "3561202",
    "movie_id": "10566"
  },
  {
    "review": "각본이 조금 아쉽긴 하지만, 영화 자체는 훌륭하다.",
    "date": "09.03.14",
    "rating": "8",
    "author": "paus****",
    "review_id": "3364655",
    "movie_id": "10566"
  },
  {
    "review": "미국당시의 사회적문젤 미국청소년심리로 잘 비춰낸청춘영화 제임스딘이 아쉬운ㅠ",
    "date": "09.02.27",
    "rating": "9",
    "author": "ksi1****",
    "review_id": "3336281",
    "movie_id": "10566"
  },
  {
    "review": "오래된영화지만 지금 다시봐도 최고의 명작",
    "date": "09.02.22",
    "rating": "10",
    "author": "blbl****",
    "review_id": "3323200",
    "movie_id": "10566"
  },
  {
    "review": "제임스딘 왜 유명한지 이걸보고알았다 간지쩌내 50년전이아니라 10년전같아;;;",
    "date": "09.02.07",
    "rating": "10",
    "author": "ghdg****",
    "review_id": "3286249",
    "movie_id": "10566"
  },
  {
    "review": "이유있는 반항... 제임스딘의 간지 굳",
    "date": "08.11.13",
    "rating": "9",
    "author": "lsyu****",
    "review_id": "3047183",
    "movie_id": "10566"
  },
  {
    "review": "굿.. 어른들은 이해하지못해~~~~~",
    "date": "08.09.01",
    "rating": "10",
    "author": "kass****",
    "review_id": "2917158",
    "movie_id": "10566"
  },
  {
    "review": "최고의 10대무비.. 스텝업이나 힐러리더프따위가 나온 영화들과는 격이다른..",
    "date": "08.08.27",
    "rating": "10",
    "author": "pola****",
    "review_id": "2905522",
    "movie_id": "10566"
  },
  {
    "review": "저도 10대지만 공감이 갑니다. 청소년의 방황은 시대를 막론하고 항상..존재하는..",
    "date": "08.08.19",
    "rating": "10",
    "author": "adel****",
    "review_id": "2885458",
    "movie_id": "10566"
  },
  {
    "review": "짐을 보니 실제 제임스딘의 인생을 보는것같다",
    "date": "08.06.11",
    "rating": "10",
    "author": "rd72****",
    "review_id": "2692306",
    "movie_id": "10566"
  },
  {
    "review": "신세대인 내가 보면 절대 공감 안가는 영화...",
    "date": "08.06.01",
    "rating": "5",
    "author": "sonk****",
    "review_id": "2674888",
    "movie_id": "10566"
  },
  {
    "review": "세월,국적 불문 하고 어떻게 이렇게 공감갈수가....제임스딘 간지 정말 대박이다...",
    "date": "08.06.01",
    "rating": "9",
    "author": "jys4****",
    "review_id": "2674734",
    "movie_id": "10566"
  },
  {
    "review": "공감",
    "date": "08.05.25",
    "rating": "9",
    "author": "neve****",
    "review_id": "2661807",
    "movie_id": "10566"
  },
  {
    "review": "공감가는영화",
    "date": "08.04.28",
    "rating": "10",
    "author": "suye****",
    "review_id": "2604323",
    "movie_id": "10566"
  },
  {
    "review": "제임스딘 그가 나옴으로서 이영화는 걸작이 된샘.",
    "date": "08.04.03",
    "rating": "10",
    "author": "kune****",
    "review_id": "2556212",
    "movie_id": "10566"
  },
  {
    "review": "가장 약한자가 가장 강한지도 모른다",
    "date": "08.03.13",
    "rating": "9",
    "author": "pnk7****",
    "review_id": "2518768",
    "movie_id": "10566"
  },
  {
    "review": "10대들의 이유있는 반항, 그 중심에 서 있는 제임스 딘.",
    "date": "08.02.27",
    "rating": "8",
    "author": "team****",
    "review_id": "2487079",
    "movie_id": "10566"
  },
  {
    "review": "제임스딘때문에보기시작했지만영화또한 명작인",
    "date": "08.02.25",
    "rating": "10",
    "author": "dack****",
    "review_id": "2481156",
    "movie_id": "10566"
  },
  {
    "review": "제임스딘 그의 매력을 누가 따라올까...",
    "date": "08.02.09",
    "rating": "10",
    "author": "vpfm****",
    "review_id": "2425111",
    "movie_id": "10566"
  },
  {
    "review": "빨간잠바입은 제임스딘 그의 허탈한 웃음이 제일 기억에 남는다.",
    "date": "07.12.26",
    "rating": "8",
    "author": "crue****",
    "review_id": "2270293",
    "movie_id": "10566"
  },
  {
    "review": "in memory of the James Dean",
    "date": "07.11.23",
    "rating": "10",
    "author": "dukj****",
    "review_id": "2176613",
    "movie_id": "10566"
  },
  {
    "review": "내 노말하고 심플했던 시절이 어째 좀 억울. 객기도 한때지만 멋지진 않아",
    "date": "07.10.24",
    "rating": "7",
    "author": "kuic****",
    "review_id": "2108791",
    "movie_id": "10566"
  },
  {
    "review": "very good !",
    "date": "07.10.20",
    "rating": "8",
    "author": "cles****",
    "review_id": "2101620",
    "movie_id": "10566"
  },
  {
    "review": "내가 보기에는 이유있는 방황인데....ㅡ.ㅡ",
    "date": "07.10.14",
    "rating": "9",
    "author": "aw23****",
    "review_id": "2090135",
    "movie_id": "10566"
  },
  {
    "review": "겁쟁이는 싫다",
    "date": "07.10.08",
    "rating": "8",
    "author": "othe****",
    "review_id": "2078222",
    "movie_id": "10566"
  },
  {
    "review": "지금으로써는 공감하기 힘들지만 제임스 딘의 눈빛은 멋지다는...",
    "date": "07.10.02",
    "rating": "8",
    "author": "radi****",
    "review_id": "2065563",
    "movie_id": "10566"
  },
  {
    "review": "그 어떤 청춘 스타도 이 영화의 남자 주인공 만큼 빛 나지 않는다",
    "date": "07.09.23",
    "rating": "10",
    "author": "baks****",
    "review_id": "2041235",
    "movie_id": "10566"
  },
  {
    "review": "차갑다..",
    "date": "07.09.02",
    "rating": "8",
    "author": "0tae****",
    "review_id": "1997088",
    "movie_id": "10566"
  },
  {
    "review": "50년전에 만들어진 영화임에도 짜임새와 딘의 매력은 여전하다!",
    "date": "07.07.26",
    "rating": "9",
    "author": "holl****",
    "review_id": "1809825",
    "movie_id": "10566"
  },
  {
    "review": "별로 공감가지 않지만 제임스 때문에...",
    "date": "07.03.11",
    "rating": "7",
    "author": "nala****",
    "review_id": "1530004",
    "movie_id": "10566"
  },
  {
    "review": "온전히 제임스딘의 영화",
    "date": "07.02.06",
    "rating": "8",
    "author": "naeg****",
    "review_id": "1448867",
    "movie_id": "10566"
  },
  {
    "review": "볼만",
    "date": "07.01.21",
    "rating": "7",
    "author": "henr****",
    "review_id": "1402391",
    "movie_id": "10566"
  },
  {
    "review": "굿",
    "date": "06.12.15",
    "rating": "8",
    "author": "ysuh****",
    "review_id": "1293725",
    "movie_id": "10566"
  },
  {
    "review": "10점을 줘야겠다",
    "date": "06.10.29",
    "rating": "10",
    "author": "nh90****",
    "review_id": "1205229",
    "movie_id": "10566"
  },
  {
    "review": "말로 표현하지 못하는 그런 느낌..",
    "date": "06.09.27",
    "rating": "10",
    "author": "cool****",
    "review_id": "1145043",
    "movie_id": "10566"
  },
  {
    "review": "영원한 청춘스타 제임스 딘만 빛날뿐..",
    "date": "06.09.13",
    "rating": "7",
    "author": "movi****",
    "review_id": "1119688",
    "movie_id": "10566"
  },
  {
    "review": "저 나이땐 이유가 없는게 이유이지 않을까? 명장면 가득한 명화",
    "date": "06.08.28",
    "rating": "7",
    "author": "jals****",
    "review_id": "1086607",
    "movie_id": "10566"
  },
  {
    "review": "우와아 정말이지 이건...",
    "date": "06.08.19",
    "rating": "10",
    "author": "cpzl****",
    "review_id": "1058546",
    "movie_id": "10566"
  },
  {
    "review": "최고",
    "date": "06.08.11",
    "rating": "10",
    "author": "free****",
    "review_id": "995728",
    "movie_id": "10566"
  },
  {
    "review": "제임스딘은 내 우상!!",
    "date": "06.07.18",
    "rating": "10",
    "author": "hjhc****",
    "review_id": "902767",
    "movie_id": "10566"
  },
  {
    "review": "제임스딘과 반항 그리고..포르쉐",
    "date": "06.07.09",
    "rating": "10",
    "author": "xxxx****",
    "review_id": "879198",
    "movie_id": "10566"
  },
  {
    "review": "최고의명작...안타까운 배우의 죽음...",
    "date": "06.06.04",
    "rating": "10",
    "author": "pink****",
    "review_id": "830295",
    "movie_id": "10566"
  },
  {
    "review": "청춘 영화라는 장르를 탄생시킨 명작...",
    "date": "06.04.23",
    "rating": "9",
    "author": "mani****",
    "review_id": "772621",
    "movie_id": "10566"
  },
  {
    "review": "제임스 딘 그였기에 특별한 영화 빨간잠바 자동차 사랑",
    "date": "06.01.22",
    "rating": "10",
    "author": "lamu****",
    "review_id": "609085",
    "movie_id": "10566"
  },
  {
    "review": "세상에는이유없는반항은없다.마무리는너무극적인감이있다.",
    "date": "05.09.06",
    "rating": "8",
    "author": "izzo****",
    "review_id": "395469",
    "movie_id": "10566"
  },
  {
    "review": "미국 사회의 문제점을 제기 소외받은 어린양들",
    "date": "05.08.16",
    "rating": "7",
    "author": "okjo****",
    "review_id": "370539",
    "movie_id": "10566"
  },
  {
    "review": "이 영화의후반부- 미국 사회의 총기문제를 정면에서 다루고있다!",
    "date": "05.07.09",
    "rating": "10",
    "author": "odil****",
    "review_id": "316850",
    "movie_id": "10566"
  },
  {
    "review": "제임스 딘 그는  상처받기 쉬운 섬세한 영혼의 소유자다~~",
    "date": "05.07.09",
    "rating": "10",
    "author": "dean****",
    "review_id": "316232",
    "movie_id": "10566"
  },
  {
    "review": "오래된 영화지만 지금도 가슴에 와닿는 영화~~~",
    "date": "04.09.23",
    "rating": "10",
    "author": "nata****",
    "review_id": "113255",
    "movie_id": "10566"
  },
  {
    "review": "이 영화로 젊은 이의 우상으로..",
    "date": "04.04.11",
    "rating": "8",
    "author": "echo****",
    "review_id": "35857",
    "movie_id": "10566"
  },
  {
    "review": "반항적인 제임스딘의 명 연기 !",
    "date": "04.03.27",
    "rating": "10",
    "author": "qmfo****",
    "review_id": "31920",
    "movie_id": "10566"
  }
]