[
  {
    "review": "아버지의 쓸쓸한 자화상. 대부의 마침표를 찍다.",
    "date": "15.08.17",
    "rating": "8",
    "author": "kjk9****",
    "review_id": "10243566",
    "movie_id": "10561"
  },
  {
    "review": "진짜 시리즈 모두 다완벽하다 최고다",
    "date": "15.08.12",
    "rating": "10",
    "author": "cani****",
    "review_id": "10220066",
    "movie_id": "10561"
  },
  {
    "review": "30년걸쳐만들어졌다는게대단한점같다.사실따지고보면마피아도일개살인및살인교사나하는쓰레기집단이다.가족을위해남을헤친다는데어불성설.애초에그런쪽에발을들이면안되는것.부인의두려움과혐오가분명어떤의미인지안다.두텁게측근처럼지내도수가좀만틀어져배신의배신을거듭하는게딱해보이기도함",
    "date": "15.08.08",
    "rating": "10",
    "author": "0411****",
    "review_id": "10200511",
    "movie_id": "10561"
  },
  {
    "review": "정말 감명깊게 봤다  ,, 이게바로 영화 아닌가  씁슬하고 멋있는 결말이였다",
    "date": "15.08.08",
    "rating": "10",
    "author": "jong****",
    "review_id": "10200260",
    "movie_id": "10561"
  },
  {
    "review": "3에서야 비로소 완성된 걸작",
    "date": "15.08.05",
    "rating": "10",
    "author": "hey_****",
    "review_id": "10187537",
    "movie_id": "10561"
  },
  {
    "review": "1,2의 내용을 대부분 이해하고 3편을 보니 정말 몰입되고  아들이  마이클 앞에서  꼴레오네 마을 민요를 연주할 때, 마이클의 고해성사 때, '프레도!' 하면서 당뇨병으로 쓰러지는 마이클, 울컥했고 마지막 장면에서는 눈물이 났다.",
    "date": "15.08.01",
    "rating": "10",
    "author": "jung****",
    "review_id": "10169105",
    "movie_id": "10561"
  },
  {
    "review": "걸작의 비극적인 마무리..",
    "date": "15.07.17",
    "rating": "10",
    "author": "ankd****",
    "review_id": "10113024",
    "movie_id": "10561"
  },
  {
    "review": "시대가 흐른 만큼 현대식 마피아물에 가까워졌으나 그만큼 원작들이 가진 대부의 느낌과는 많이 달라졌다. 소피아 코폴라의 엄청난 발연기도 옥의 티다. 그나마 클라이막스 시퀀스가 일품인 점이 다행.",
    "date": "15.07.12",
    "rating": "6",
    "author": "inos****",
    "review_id": "10096525",
    "movie_id": "10561"
  },
  {
    "review": "사실 인과응보라고 봐야지,, 피는 피로 씻는 법.",
    "date": "15.07.10",
    "rating": "9",
    "author": "pont****",
    "review_id": "10085784",
    "movie_id": "10561"
  },
  {
    "review": "고독하다..고독하다.. 이 영화는 혼자 보길 권한다. 엔딩크래딧이 올라갈 때도 차마 일어서지(끄질)못할 것이다.",
    "date": "15.07.05",
    "rating": "10",
    "author": "unma****",
    "review_id": "10071995",
    "movie_id": "10561"
  },
  {
    "review": "진정 \"최고\"라고 걸맞는 영화. 마지막 장면은 정말 잊을수가 없는 장면이다..",
    "date": "15.07.03",
    "rating": "10",
    "author": "tkak****",
    "review_id": "10064456",
    "movie_id": "10561"
  },
  {
    "review": "장대한 서사 대부 트릴로지의 완벽한 마무리... 한 남자의 생을 필름에 옮겼다.",
    "date": "15.06.23",
    "rating": "10",
    "author": "dpdj****",
    "review_id": "10023310",
    "movie_id": "10561"
  },
  {
    "review": "전율을 느끼지 않을 수 없는 명작 중의 명작... 두고두고 인생을 곱씹게해줄 남자와 가정, 그 대서사시...",
    "date": "15.06.20",
    "rating": "10",
    "author": "mjad****",
    "review_id": "10015029",
    "movie_id": "10561"
  },
  {
    "review": "참 재미있었다. ㅎㅎㅎㅎ",
    "date": "15.06.09",
    "rating": "9",
    "author": "os_n****",
    "review_id": "9987058",
    "movie_id": "10561"
  },
  {
    "review": "종합 평점은 9점 드립니다.",
    "date": "15.06.03",
    "rating": "9",
    "author": "terr****",
    "review_id": "9971290",
    "movie_id": "10561"
  },
  {
    "review": "마이클과 관객 모두 지칠대로 지쳤지만 결국 하얗게 불사른 마무리",
    "date": "15.04.21",
    "rating": "7",
    "author": "syoc****",
    "review_id": "9856242",
    "movie_id": "10561"
  },
  {
    "review": "불후의 명작 그 마무리..",
    "date": "15.04.09",
    "rating": "10",
    "author": "mins****",
    "review_id": "9836120",
    "movie_id": "10561"
  },
  {
    "review": "뭘 위해 살아왔고 뭘 위해 사력을 다했는가.. 인생은 덧 없다.. 주마등처럼 지나가는 그 과거들",
    "date": "15.03.14",
    "rating": "9",
    "author": "woxn****",
    "review_id": "9781960",
    "movie_id": "10561"
  },
  {
    "review": "후우...세상에..",
    "date": "15.03.12",
    "rating": "10",
    "author": "leet****",
    "review_id": "9774940",
    "movie_id": "10561"
  },
  {
    "review": "코폴라 딸의 연기가 영화를 흐렸지만 역시 대부.  대부 시리즈는 나이가 들며 10년에 한번씩 다시 보면 다른 느낌을 줄 것이다.  세상에서 몇 안되는 가슴에 남는 영화. 그리고 알 파치노를 품을 수 있는 영화다.",
    "date": "15.02.28",
    "rating": "9",
    "author": "ifor****",
    "review_id": "9747892",
    "movie_id": "10561"
  },
  {
    "review": "한편의 대서사시를 보며 진짜 행복이란 뭔지를 생각하게 해준 영화였고 영화는 시대를 앞서간 기술이 전부가 아니라는 것을 깨닫게 해주었다 , 기회가 된다면 극장에 가서 다시 한번 보고 싶다",
    "date": "15.02.26",
    "rating": "9",
    "author": "the0****",
    "review_id": "9738943",
    "movie_id": "10561"
  },
  {
    "review": "이제서야 대부1,2,3 를 다봤다.. 내 인생 최고의 영화..",
    "date": "15.02.22",
    "rating": "10",
    "author": "jslu****",
    "review_id": "9729986",
    "movie_id": "10561"
  },
  {
    "review": "후반부의 오페라씬, 계단에서의 오열 장면, 마이클 꼴리오네가 과거의 세 여인(이탈리아인 부인, 케이, 딸)과의 춤추는 모습을 회상하는 장면만 보더라도 박수 받아 마땅한 시리즈의 마무리라고 생각한다. 다만 소피아 코폴라의 발연기때문에 -2점...",
    "date": "15.02.17",
    "rating": "8",
    "author": "kkkh****",
    "review_id": "9705943",
    "movie_id": "10561"
  },
  {
    "review": "마이클 콜레오네의 파란만장했던 인생의 대단원의 막을 내리는 쓸쓸한 엔딩",
    "date": "15.01.17",
    "rating": "8",
    "author": "sipj****",
    "review_id": "9604984",
    "movie_id": "10561"
  },
  {
    "review": "재밌게 잘 보았습니다.",
    "date": "15.01.14",
    "rating": "9",
    "author": "jin1****",
    "review_id": "9593787",
    "movie_id": "10561"
  },
  {
    "review": "씁쓸한 엔딩이다.. 허무하다는게 맞다. 어찌어찌 흘러 그렇게 살게되었지만 도대체 무얼 위해서 그랬나?!라는 질문을 던지게된다.  비극이다",
    "date": "15.01.08",
    "rating": "9",
    "author": "zzel****",
    "review_id": "9575370",
    "movie_id": "10561"
  },
  {
    "review": "걸작을가지고 내가 뭐라고러는건 아니지만 빈센트 이용해먹고 후계자하게해준다고 안심시킨다음 죽이고 딸은자살하고 그게더 극적일꺼같은데 좀아쉽다 알파치노의 연기는 역시최고 도니브레스코에서 대부에서못한 알파치노 마피아 에비애?가나오는듯 뭐든지 파더빽이최고",
    "date": "15.01.07",
    "rating": "10",
    "author": "cs79****",
    "review_id": "9569913",
    "movie_id": "10561"
  },
  {
    "review": "확실히 이전 대부1,2 에 비해서 실망 할 수도 있다. 하지만 대서사시를 마무리 짓는데는 전혀 큰 문제가 있어 보이지는 않는다.",
    "date": "15.01.06",
    "rating": "10",
    "author": "gues****",
    "review_id": "9567931",
    "movie_id": "10561"
  },
  {
    "review": "Godfather Trilogy. 대부1,2,3.",
    "date": "15.01.06",
    "rating": "10",
    "author": "dosu****",
    "review_id": "9567220",
    "movie_id": "10561"
  },
  {
    "review": "대부 (Don)돈 꼴레오네에서 다시 남자 마이클(Micheal) 꼴레오네로 돌아오고싶었지만,  그러지 못했다. 명작이라는 이름 그대로의 찬사를 받을 두글자 '대부(GodFather)'",
    "date": "14.12.29",
    "rating": "10",
    "author": "dlwh****",
    "review_id": "9534232",
    "movie_id": "10561"
  },
  {
    "review": "그냥 말이 필요없다... 내 인생 최고의 영화!! 과거회상하는 장면과 계단씬 잊을수없음...",
    "date": "14.12.19",
    "rating": "10",
    "author": "gus2****",
    "review_id": "9487582",
    "movie_id": "10561"
  },
  {
    "review": "덧없는 인생 하....",
    "date": "14.12.16",
    "rating": "10",
    "author": "kjw3****",
    "review_id": "9479517",
    "movie_id": "10561"
  },
  {
    "review": "패밀리를 위해 살아온 대부 마이클 꼴레오네. 그렇게 별이 지다.",
    "date": "14.12.13",
    "rating": "4",
    "author": "samg****",
    "review_id": "9469837",
    "movie_id": "10561"
  },
  {
    "review": "대부 시리즈의 완성작...메리 딸뇬이 죽는 순간까지 책읽어주는 여자같은 연기로 보는 내내 거슬리긴 했지만 알파치노의 절규가 모든것들 커버 함",
    "date": "14.12.05",
    "rating": "10",
    "author": "blac****",
    "review_id": "9449114",
    "movie_id": "10561"
  },
  {
    "review": "세기의 배우 알파치노. 알파치노는 마이클 그 자체였다 사랑.고독.쓸쓸함을 이렇게 슬프고도 아름답게 표현할수 있는 배우가 또 있을까..대부1.2의 40년전 그리고 대부3의 20년전 알파치노가 보고싶다. 내인생 최고의 명작!",
    "date": "14.11.30",
    "rating": "10",
    "author": "cool****",
    "review_id": "9434689",
    "movie_id": "10561"
  },
  {
    "review": "대부 시리즈중 제일 감명깊게 봤다",
    "date": "14.11.30",
    "rating": "10",
    "author": "jhoo****",
    "review_id": "9434308",
    "movie_id": "10561"
  },
  {
    "review": "1,2,3에 대해 어느 것이 더 좋았는지,덜 좋았는지 평할 필요가 없다고 생각함. 아직도 가끔 보게되는, 앞으로도 가끔 볼 최고의 영화.",
    "date": "14.11.29",
    "rating": "10",
    "author": "nrgi****",
    "review_id": "9432432",
    "movie_id": "10561"
  },
  {
    "review": "대부는 내 인생 최고의 영화다.",
    "date": "14.11.28",
    "rating": "10",
    "author": "love****",
    "review_id": "9430420",
    "movie_id": "10561"
  },
  {
    "review": "전편에 비해선 조금은 기대에 못미친다고 생각한다,그래도 이건 대부의 마지막 작품이다.마지막 마이클의 절규를 보고나니 점수를 깎을 수가 없더라.",
    "date": "14.11.25",
    "rating": "10",
    "author": "lcj8****",
    "review_id": "9420369",
    "movie_id": "10561"
  },
  {
    "review": "정말 좋은 영화다. 영화를 재미로 보는 나조차도 대부 1,2,3은 정말 명작이라 생각하며 좋아한다. 다만 3편에서 로버트 듀발(톰 헤이건)이 안나오는건 참 아쉽다. 출연료 때문이었다던데...",
    "date": "14.11.23",
    "rating": "8",
    "author": "yunm****",
    "review_id": "9413169",
    "movie_id": "10561"
  },
  {
    "review": "아버지와는 다른 임종을 거두는(똥개두마리만 곁에 맴도는)마이클..",
    "date": "14.11.21",
    "rating": "10",
    "author": "ghgh****",
    "review_id": "9406818",
    "movie_id": "10561"
  },
  {
    "review": "권력의 무상함과 고독이 주는 씁쓸함",
    "date": "14.11.20",
    "rating": "8",
    "author": "rcan****",
    "review_id": "9401679",
    "movie_id": "10561"
  },
  {
    "review": "Ebs 대부시리즈  1편 밤늦도록 또봐도 걸작이네..한국영화 본받길ㅋ",
    "date": "14.11.16",
    "rating": "10",
    "author": "smmk****",
    "review_id": "9389726",
    "movie_id": "10561"
  },
  {
    "review": "대부트릴로지는 3편의 영화가 아니라  대부 그 전체가 하나의 영화다.대부2가 낫네 1이 낫네 하는 논라는 한심한 논란이다.",
    "date": "14.11.01",
    "rating": "10",
    "author": "hch3****",
    "review_id": "9334055",
    "movie_id": "10561"
  },
  {
    "review": "소피아 코폴라만 제하면 완벽한 명작",
    "date": "14.10.27",
    "rating": "10",
    "author": "leed****",
    "review_id": "9322082",
    "movie_id": "10561"
  },
  {
    "review": "3편까지 오면서도 그 긴장감을 유지할 수 있는 비결은 무엇인가?",
    "date": "14.10.18",
    "rating": "10",
    "author": "spar****",
    "review_id": "9299331",
    "movie_id": "10561"
  },
  {
    "review": "2편까지의 완성도가 너무 높았다... 하지만 수작임은 틀림없다",
    "date": "14.09.27",
    "rating": "8",
    "author": "psh_****",
    "review_id": "9244022",
    "movie_id": "10561"
  },
  {
    "review": "ㅇㅅㅇ..이건조금평점낮게줄게요",
    "date": "14.09.26",
    "rating": "6",
    "author": "gpvk****",
    "review_id": "9241338",
    "movie_id": "10561"
  },
  {
    "review": "가장 가깝게 느껴졌던 죽음이란 그림자가 익숙치 않은 자에게 덮쳤을때 비로써 마이클은 깨달았고 절규했고 마지막까지 괴로웠다.",
    "date": "14.08.25",
    "rating": "7",
    "author": "zxvt****",
    "review_id": "9131470",
    "movie_id": "10561"
  },
  {
    "review": "사필귀정. 그리고 절규와 허무...",
    "date": "14.08.20",
    "rating": "8",
    "author": "jiyu****",
    "review_id": "9115883",
    "movie_id": "10561"
  },
  {
    "review": "20세기 가장 위대한 시리즈의 마지막.",
    "date": "14.08.20",
    "rating": "8",
    "author": "ogr5****",
    "review_id": "9114740",
    "movie_id": "10561"
  },
  {
    "review": "역대 최고의 트릴로지.",
    "date": "14.08.17",
    "rating": "10",
    "author": "zndz****",
    "review_id": "9099017",
    "movie_id": "10561"
  },
  {
    "review": "이제서야 이 3부작을 다 봤다.  벅차다... 마이클의 인생 자체를 봐버린 한사람의 인생을 3편의 영화로 같이했다. 그를 이해할수 있기에 마지막 장면이 더더욱 슬프지 않았을까.",
    "date": "14.07.10",
    "rating": "10",
    "author": "dksk****",
    "review_id": "8902867",
    "movie_id": "10561"
  },
  {
    "review": "영화보는 취미를 갖게 만든 영화~",
    "date": "14.06.29",
    "rating": "10",
    "author": "kmh4****",
    "review_id": "8869529",
    "movie_id": "10561"
  },
  {
    "review": "말해무얼해 최고의 걸작을 장식하는 최고의 편",
    "date": "14.06.28",
    "rating": "10",
    "author": "wjsf****",
    "review_id": "8865683",
    "movie_id": "10561"
  },
  {
    "review": "남자의 인생이 무엇인지 다른 어떤 영화보다도 잘 보여주는 영화다. 가족들을 지키기 위해서 노력했지만 정작 가족들에게 제대로 인정받지 못하는 마이클은 우리 시대의 가장들과 닮았다. 그의 불행은 그가 마피아 집안에서 태어났다는 것에서 시작되었다.",
    "date": "14.06.26",
    "rating": "10",
    "author": "kko0****",
    "review_id": "8859865",
    "movie_id": "10561"
  },
  {
    "review": "마이클을 보며 비토를 생각했다. 내가 마이클이 된 것 처럼..비토 였다면 이 상황에서 어떻게 대처했을까..마이클이 죽는 씬은 너무 사무치게 외로워서 내 머릿 속을 통제할 수가 없었다.가장의 책임감..험난하고 긴 외로움의 끝은 결국 외로움 그대로였다..",
    "date": "14.06.26",
    "rating": "10",
    "author": "mr_m****",
    "review_id": "8856436",
    "movie_id": "10561"
  },
  {
    "review": "평가가  1,2편에 비해 안좋은 것이 어쩌면 마이클이 무너지는 과정을 그리는 편이 바로 이 영화이기 때문일 것이다. 1편에서는 마이클이 보스로서 완성되는 과정을, 2편에서는 마이클이 가족과 패밀리를  잔인하면서도 냉철하게 지키는 과정을 그렸으니까.",
    "date": "14.06.23",
    "rating": "10",
    "author": "kine****",
    "review_id": "8848991",
    "movie_id": "10561"
  },
  {
    "review": "음..뭐라고 남겨야할지 한참 생각해도 먹먹함에서 벗어날수없다눈물이 흐르며 씁슬하고 슬픈데 너무 좋은영화라 이상한 감정이 마구 샘솟는 영화",
    "date": "14.06.04",
    "rating": "10",
    "author": "nock****",
    "review_id": "8795431",
    "movie_id": "10561"
  },
  {
    "review": "난 20년이 지난지금 123편 다보고왔는데 옛날에 봤을때보다 더 재미있을줄은 몰랐어 필근아",
    "date": "14.05.23",
    "rating": "10",
    "author": "yudl****",
    "review_id": "8755947",
    "movie_id": "10561"
  },
  {
    "review": "알파치노에 의한 알파치노를 위한 알파치노의 대부",
    "date": "14.05.14",
    "rating": "10",
    "author": "6482****",
    "review_id": "8729637",
    "movie_id": "10561"
  },
  {
    "review": "걸작임에 틀림없지만 전작에 비해 아쉬운점이 많았다. 그러나 3편은 꼭 필요했고, 3편이 존재하기에 대부시리즈가 더욱 더 빛난다고 생각한다.",
    "date": "14.05.08",
    "rating": "10",
    "author": "goto****",
    "review_id": "8714983",
    "movie_id": "10561"
  },
  {
    "review": "어릴때 본 대부 오늘20년만에 다시보니 역시 명작",
    "date": "14.04.29",
    "rating": "10",
    "author": "eter****",
    "review_id": "8681848",
    "movie_id": "10561"
  },
  {
    "review": "모르겠다 나는 이게 왜?",
    "date": "14.04.24",
    "rating": "1",
    "author": "kst7****",
    "review_id": "8670157",
    "movie_id": "10561"
  },
  {
    "review": "번외편느낌의 3부 괜찮다. 빈센트의 로맨스는 좀 아쉬운부분이었지만 새시대의 젊은 마피아의 표현은 괜찮았던것같다. 오페라씬부터 계단총격신까지는 매우좋았다. 다만 계단씬에서 끝내더라면하는 아쉬움이 가득",
    "date": "14.04.02",
    "rating": "7",
    "author": "kwmm****",
    "review_id": "8623888",
    "movie_id": "10561"
  },
  {
    "review": "마지막이새드엔딩이네요 ㅠㅠ",
    "date": "14.03.25",
    "rating": "10",
    "author": "dksw****",
    "review_id": "8605075",
    "movie_id": "10561"
  },
  {
    "review": "2편에서 이어지는 늘어난 변명과 설명. 그런데도 중요한 설명은 아예 하지도 않고 넘어간다. 주제는 이미 드래곤볼을 보는 느낌. 2편에서 시도했어야 할 깊은 성찰이 없었으니 그냥 더 쎈놈이 나왔을 뿐. 그나마 시리즈의 결론은 내서 다행. 중구난방 직전",
    "date": "14.03.22",
    "rating": "7",
    "author": "solz****",
    "review_id": "8594591",
    "movie_id": "10561"
  },
  {
    "review": "쓸쓸함의 끝이네 표현하기가 힘들다",
    "date": "14.03.01",
    "rating": "10",
    "author": "hani****",
    "review_id": "8548543",
    "movie_id": "10561"
  },
  {
    "review": "모든 트릴로지의 마지막은 평이 좋을 수가 없다. 하지만 알 파치노가 3편의 가치를 밝힌다.",
    "date": "14.02.25",
    "rating": "10",
    "author": "cabi****",
    "review_id": "8535821",
    "movie_id": "10561"
  },
  {
    "review": "마지막 마이클 자신이사랑했던 세여자회상하면서 죽을때 감명받았고 진짜 그냥 인생영화다 이만한영화는 돈얼마를주고봐도안아까울정도의 대작이다",
    "date": "14.02.24",
    "rating": "10",
    "author": "wjsk****",
    "review_id": "8534871",
    "movie_id": "10561"
  },
  {
    "review": "알파차노는 이영화로 인해 전설로 남을듯하다. 살아계셔서 감사합니다.",
    "date": "14.02.15",
    "rating": "8",
    "author": "cstp****",
    "review_id": "8509894",
    "movie_id": "10561"
  },
  {
    "review": "너무 완벽한 작품이라서 평가가 필요없다",
    "date": "14.02.02",
    "rating": "10",
    "author": "kimg****",
    "review_id": "8464289",
    "movie_id": "10561"
  },
  {
    "review": "1.2.3편의 우열을 가릴 수가 없는 유일한 작품",
    "date": "14.02.01",
    "rating": "10",
    "author": "tjgu****",
    "review_id": "8458420",
    "movie_id": "10561"
  },
  {
    "review": "알 파치노의 오열 연기가 압권인 마지막 시리즈. 개인적으로 대부의 딸이 비호감으로 보여 살짝 거슬리기는 함.",
    "date": "14.01.21",
    "rating": "9",
    "author": "jjaj****",
    "review_id": "8406451",
    "movie_id": "10561"
  },
  {
    "review": "느와르 보면서 울기는  처음일세. . .",
    "date": "14.01.20",
    "rating": "10",
    "author": "slic****",
    "review_id": "8404595",
    "movie_id": "10561"
  },
  {
    "review": "3편도 걸작이다 ㄷㄷㄷ",
    "date": "14.01.14",
    "rating": "10",
    "author": "dark****",
    "review_id": "8383154",
    "movie_id": "10561"
  },
  {
    "review": "마지막 그 장면은 가슴 속에서 잊혀지지 않는다. 내가 본 영화 중에서 제일 좋은 것 같다",
    "date": "14.01.09",
    "rating": "10",
    "author": "hk93****",
    "review_id": "8362904",
    "movie_id": "10561"
  },
  {
    "review": "아들이부르는 노래를 들으며 과거를 회상하며 눈물짓는 마이클정말 인상 깊었다 2 (이부분의 카메라 클로즈업과 알파치노 연기와 과거 장면의 편집이 예술)  그리고 아들이 직접 부르는 시칠리안 민요도 적절...근데 왜 이게 ost에 없는지 의아함",
    "date": "14.01.07",
    "rating": "8",
    "author": "jdh1****",
    "review_id": "8358622",
    "movie_id": "10561"
  },
  {
    "review": "나도 3편이 젤 좋았다.",
    "date": "14.01.07",
    "rating": "9",
    "author": "jong****",
    "review_id": "8358107",
    "movie_id": "10561"
  },
  {
    "review": "가족을 위한 전설,  \"대부\"",
    "date": "14.01.05",
    "rating": "10",
    "author": "jumo****",
    "review_id": "8352882",
    "movie_id": "10561"
  },
  {
    "review": "이런게 진정한 느와르 영화다. 조폭들 나와서 백날 쌈질이나 해대는 3류급 범죄 영화밖에 만들줄 모르는 한국 영화에서는 죽었다 깨어나도 이런 영화 절대 못만들지.ㅉㅉ",
    "date": "14.01.05",
    "rating": "10",
    "author": "ruli****",
    "review_id": "8351880",
    "movie_id": "10561"
  },
  {
    "review": "전작들과 분위기가 많이 다르다. 이제는 늙은 마이클 꼴레오네의 이야기다. 마이클 꼴레오네가 1편의 돈 꼴레오네의 포스를 풍기지만 그는 가족들과 뭔가 멀어보이고 고독해 보인다. 가족들과 화해, 그리고 빈센트의 거취.. 전작보다 더 스릴있다",
    "date": "13.12.25",
    "rating": "9",
    "author": "supe****",
    "review_id": "8301798",
    "movie_id": "10561"
  },
  {
    "review": "최고의 명작 이라고 하길래 봤는데 명작 맞다.",
    "date": "13.12.21",
    "rating": "10",
    "author": "pc59****",
    "review_id": "8261944",
    "movie_id": "10561"
  },
  {
    "review": "1, 2편의 긴장감은 그대로 유지하나 뭔지모르게 재미는 반감된듯",
    "date": "13.12.19",
    "rating": "6",
    "author": "yols****",
    "review_id": "8246463",
    "movie_id": "10561"
  },
  {
    "review": "정말 너무 외롭다 마이클. 너무 외로워...",
    "date": "13.11.19",
    "rating": "9",
    "author": "juny****",
    "review_id": "8153318",
    "movie_id": "10561"
  },
  {
    "review": "위대한 걸작의 위대한 마무리...",
    "date": "13.11.19",
    "rating": "10",
    "author": "rara****",
    "review_id": "8153298",
    "movie_id": "10561"
  },
  {
    "review": "꼴레오네가 마지막 통곡하는 모습은 정말 가슴에 남는다. 존경합니다. 알파치노...진정 배우시네요...",
    "date": "13.11.15",
    "rating": "10",
    "author": "cbkk****",
    "review_id": "8140604",
    "movie_id": "10561"
  },
  {
    "review": "전작과의비교로 혹평을하기엔 가혹하다 파트3의 작품성이 좋고나쁘고를떠나 코르레오네패밀리일대기에 반드시 필요한 시점을 그려낸 작품이다 3에대한 평가와 무관하게 이미 그들은 전설이다",
    "date": "13.11.10",
    "rating": "10",
    "author": "cooo****",
    "review_id": "8128825",
    "movie_id": "10561"
  },
  {
    "review": "3편만을 독립적 본다면 그 자체로는 뛰어난 영화이다. 1.2편과는 다른 감정을 느끼게한다.그러나 3편인 것을 감안한다면 다소 실망스럽다.",
    "date": "13.11.04",
    "rating": "8",
    "author": "ssys****",
    "review_id": "8115570",
    "movie_id": "10561"
  },
  {
    "review": "주변에 적은 만들지 말자라는 교훈을 얻었다.",
    "date": "13.11.02",
    "rating": "10",
    "author": "hjwm****",
    "review_id": "8111303",
    "movie_id": "10561"
  },
  {
    "review": "3편의 엔딩이 시리즈를 아우르는 젖절한 결말이었음. 이건 범죄 스릴러 영화가 아니라 가족영화임",
    "date": "13.10.21",
    "rating": "10",
    "author": "shlt****",
    "review_id": "8076327",
    "movie_id": "10561"
  },
  {
    "review": "2편에서의 카리스마넘치던 마이클의 모습은 없어지고 나이가 들어서인지 힘이빠진 모습에 실망~ 딸역의 소피아코폴라는 표정이 똑같고 연기넘 못함~1,2편에 비해서 완성도도 떨어지는듯하나  그래도3시간넘는동안 지루하지 않고 재밌게 볼수있었다",
    "date": "13.09.17",
    "rating": "7",
    "author": "roma****",
    "review_id": "7990305",
    "movie_id": "10561"
  },
  {
    "review": "역시 부와 명예, 권력을 가진다 해도 가장 중요한건 역시 가족.....",
    "date": "13.09.16",
    "rating": "10",
    "author": "wjdg****",
    "review_id": "7985514",
    "movie_id": "10561"
  },
  {
    "review": "3편의 우수성이야 어떻든............그 마지막 계단의 장면이.........대부 1, 2, 3 의 총 줄거리이자.......결말이라고 보면 된다.",
    "date": "13.09.14",
    "rating": "10",
    "author": "rezz****",
    "review_id": "7978850",
    "movie_id": "10561"
  },
  {
    "review": "솔직히 진짜  그냥 대부라서 10점말이필요없이주고  3편은진짜 알파치노 연기빼고 볼게없다.......후회뿐인 삶에 참회의장면들과 마지막에 울부짖는 장면 ㅠㅠ 그리고 매리랑 빈센트 연기 개처럼못하네 ㅡㅡ",
    "date": "13.09.08",
    "rating": "10",
    "author": "sodu****",
    "review_id": "7959798",
    "movie_id": "10561"
  },
  {
    "review": "아들이부르는 노래를 들으며 과거를 회상하며 눈물짓는 마이클정말 인상 깊었다",
    "date": "13.09.05",
    "rating": "10",
    "author": "ludi****",
    "review_id": "7950936",
    "movie_id": "10561"
  },
  {
    "review": "이미 두려움의 대상이 되어버린 갓파더. 뉘우쳐도 스스로 판 무덤에서 헤어나오긴 늦었고, 그렇게 순환의 고리는 완성된다.",
    "date": "13.09.03",
    "rating": "7",
    "author": "bbq2****",
    "review_id": "7945746",
    "movie_id": "10561"
  },
  {
    "review": "감히 이 영화가 1, 2반열에 오른다고 있을 수 없다. 그래서 1점",
    "date": "13.09.02",
    "rating": "1",
    "author": "kba7****",
    "review_id": "7942846",
    "movie_id": "10561"
  },
  {
    "review": "어떻게 이 영화가 1,2 보다 평점이 높게 나오나. 결말이라는 점은 그렇지만이건 좀 아니지",
    "date": "13.09.02",
    "rating": "1",
    "author": "sanb****",
    "review_id": "7942845",
    "movie_id": "10561"
  },
  {
    "review": "MLC",
    "date": "13.08.27",
    "rating": "10",
    "author": "rapf****",
    "review_id": "7927432",
    "movie_id": "10561"
  }
]