[
  {
    "review": "천여 편 넘게 본 영화 중에서 다섯손가락 안에 꼽는 걸작 중의 걸작",
    "date": "15.05.30",
    "rating": "10",
    "author": "note****",
    "review_id": "9963068",
    "movie_id": "10568"
  },
  {
    "review": "낭만주의자에겐 최고의 영화 . 커피와 담배를 찾는 사람들이 늘어날것같다 .",
    "date": "15.04.06",
    "rating": "8",
    "author": "warm****",
    "review_id": "9830984",
    "movie_id": "10568"
  },
  {
    "review": "개인적으로 철학이고 메시지 담긴 영화 좋아하는데, 이건 너무 지루하다. 인간에게 응원을 줄 때 흑백에서 컬러로 바뀌는데. 이 효과를 위해 많은 시간을 흑백로 봐야한다. 굉장히 경제적이지 못한 연출효과다. 그리고 전개가 너무 루즈하다.",
    "date": "15.03.12",
    "rating": "1",
    "author": "tfgd****",
    "review_id": "9773383",
    "movie_id": "10568"
  },
  {
    "review": "아이가 아이였을때 아이는 무엇이든 될 수 있었다",
    "date": "15.01.10",
    "rating": "10",
    "author": "2001****",
    "review_id": "9581245",
    "movie_id": "10568"
  },
  {
    "review": "걸작 영상시..,,.",
    "date": "14.11.27",
    "rating": "1",
    "author": "mool****",
    "review_id": "9425219",
    "movie_id": "10568"
  },
  {
    "review": "우리는 계속해서 나 자신에 대한 물음을 던지며 스스로를 느낀다. 사람이기에 가질수있는 현재의 특권, 선택할수있다는 축복 에 관하여..",
    "date": "14.11.03",
    "rating": "10",
    "author": "jumo****",
    "review_id": "9338366",
    "movie_id": "10568"
  },
  {
    "review": "기본교양이 없으면 이해하기 힘든 영화 그러나 명작",
    "date": "14.07.15",
    "rating": "8",
    "author": "film****",
    "review_id": "8917426",
    "movie_id": "10568"
  },
  {
    "review": "천사가 인간으로 진화하다.",
    "date": "14.03.28",
    "rating": "10",
    "author": "rnjs****",
    "review_id": "8611451",
    "movie_id": "10568"
  },
  {
    "review": "잔잔하고 고요한 울림이 있다.",
    "date": "14.02.16",
    "rating": "10",
    "author": "4444****",
    "review_id": "8512486",
    "movie_id": "10568"
  },
  {
    "review": "대사부터 몽환적인 한 편의 시",
    "date": "14.02.08",
    "rating": "8",
    "author": "jjog****",
    "review_id": "8488232",
    "movie_id": "10568"
  },
  {
    "review": "지금의 내가 느끼는 내용과, 나이가 더 들어서 느끼는 내용이 다를 영화. 지루하지 않게 잘 봤습니다.",
    "date": "14.01.19",
    "rating": "9",
    "author": "tran****",
    "review_id": "8398084",
    "movie_id": "10568"
  },
  {
    "review": "천사도 인간을 부러워 하더라",
    "date": "14.01.18",
    "rating": "9",
    "author": "sola****",
    "review_id": "8397020",
    "movie_id": "10568"
  },
  {
    "review": "아름답고 순수하다. 천사니까.",
    "date": "13.12.24",
    "rating": "6",
    "author": "ykdi****",
    "review_id": "8291995",
    "movie_id": "10568"
  },
  {
    "review": "내가 가장 좋아하는 영화 중 하나. 오래된 영화이지만 촌스럽지 않은 명화 중의 명화. 모든 것이 완벽하게 조화되어 있는 영화다.",
    "date": "13.11.06",
    "rating": "10",
    "author": "lich****",
    "review_id": "8117916",
    "movie_id": "10568"
  },
  {
    "review": "내 인생에 있어서 결코 아깝지 않은 130분─ 사유의 아름다움과, 육체와 정신체의 행복한 결합을 볼 수 있었던!",
    "date": "13.08.22",
    "rating": "10",
    "author": "loli****",
    "review_id": "7912047",
    "movie_id": "10568"
  },
  {
    "review": "참여하는 삶의 가치. 이러한 철학적 고민을 하지않는 인간이 어딨을까. 다만 영화 속접근방식이 관객을 지치게 만들기는 한다.",
    "date": "13.06.23",
    "rating": "8",
    "author": "jys4****",
    "review_id": "7672590",
    "movie_id": "10568"
  },
  {
    "review": "오락성을 제외한 모든 면에서 10점.. 좋은 영화를 찾고 헤매고있다면 여기서 잠깐 멈춰 서시라...",
    "date": "12.12.26",
    "rating": "10",
    "author": "shee****",
    "review_id": "7047823",
    "movie_id": "10568"
  },
  {
    "review": "독일국민의 실상",
    "date": "12.11.17",
    "rating": "8",
    "author": "marc****",
    "review_id": "6898306",
    "movie_id": "10568"
  },
  {
    "review": "실존의 의미에 대해서 진지하게 읊조리는 영화. 삶의 욕구가 샘솟는다.",
    "date": "12.11.05",
    "rating": "10",
    "author": "chri****",
    "review_id": "6859120",
    "movie_id": "10568"
  },
  {
    "review": "저음의 나레이션과 느린 분위기가 견디기 힘들었지만 좋은영화임엔 틀림없다",
    "date": "12.09.15",
    "rating": "6",
    "author": "wjdg****",
    "review_id": "6698051",
    "movie_id": "10568"
  },
  {
    "review": "전쟁의 역사, 시대의 역사, 불완전한 그들의 역사, 그리고 이 영화의 영향을 준 영화사의 역사까지도,  살아있음에 감사한다.",
    "date": "12.08.21",
    "rating": "7",
    "author": "tabu****",
    "review_id": "6631222",
    "movie_id": "10568"
  },
  {
    "review": "언제나 보고싶은, 그리운, 따뜻한 영화.",
    "date": "12.08.19",
    "rating": "10",
    "author": "lol_****",
    "review_id": "6627749",
    "movie_id": "10568"
  },
  {
    "review": "밑에 영화평들 쩐다",
    "date": "12.08.14",
    "rating": "8",
    "author": "neoi****",
    "review_id": "6604002",
    "movie_id": "10568"
  },
  {
    "review": "사유와 관념의 세련된 표현. 모노톤과 칼로톤 화면의 대비는 천재적이라 할 만하다.",
    "date": "12.05.30",
    "rating": "10",
    "author": "leel****",
    "review_id": "6348193",
    "movie_id": "10568"
  },
  {
    "review": "영화 전개나 대사에서 내포하고 있는 의미, 연출 모두 훌륭하다.",
    "date": "12.05.29",
    "rating": "9",
    "author": "fing****",
    "review_id": "6346316",
    "movie_id": "10568"
  },
  {
    "review": "정말로 빔 벤더스를 사랑할 것 같다.",
    "date": "12.04.02",
    "rating": "10",
    "author": "athe****",
    "review_id": "6186961",
    "movie_id": "10568"
  },
  {
    "review": "영원한 고독 속에서 카시엘은 무엇을 느꼈을까",
    "date": "12.03.27",
    "rating": "10",
    "author": "zkaw****",
    "review_id": "6172317",
    "movie_id": "10568"
  },
  {
    "review": "절망의 끝에서 모든 세상이 아름다워 보이는",
    "date": "12.03.10",
    "rating": "7",
    "author": "hjj5****",
    "review_id": "6135104",
    "movie_id": "10568"
  },
  {
    "review": "그는 왜 허무한 인간의 삶을 원한건가. 천사로서의 삶이 더 아름답지 아니한가?",
    "date": "12.01.01",
    "rating": "8",
    "author": "cry2****",
    "review_id": "5952748",
    "movie_id": "10568"
  },
  {
    "review": "다소 지루한 전반부만 잘 견뎌낸다면, 분명 색다른 깨달음을 얻게 될지니..",
    "date": "11.12.27",
    "rating": "8",
    "author": "mygr****",
    "review_id": "5939279",
    "movie_id": "10568"
  },
  {
    "review": "아름답다",
    "date": "11.11.12",
    "rating": "10",
    "author": "iii1****",
    "review_id": "5844467",
    "movie_id": "10568"
  },
  {
    "review": "영화로만 남기엔 아까운 영화, 천재적이다.",
    "date": "11.09.10",
    "rating": "10",
    "author": "vinc****",
    "review_id": "5718746",
    "movie_id": "10568"
  },
  {
    "review": "모든 장면이 의미있는 영화..",
    "date": "11.09.10",
    "rating": "10",
    "author": "ssky****",
    "review_id": "5718744",
    "movie_id": "10568"
  },
  {
    "review": "영화이상의 예술 작품으로써 가치가 있다. 갤러리와 어울리는 영화다.깊은 영화다.",
    "date": "11.09.10",
    "rating": "10",
    "author": "roth****",
    "review_id": "5718742",
    "movie_id": "10568"
  },
  {
    "review": "영감을 주는 영화",
    "date": "11.09.09",
    "rating": "10",
    "author": "jayu****",
    "review_id": "5717628",
    "movie_id": "10568"
  },
  {
    "review": "나도 사람 일수 있어서 참 다행이다.",
    "date": "11.09.08",
    "rating": "9",
    "author": "25jo****",
    "review_id": "5714586",
    "movie_id": "10568"
  },
  {
    "review": "너무 어려움. 예술영화임은 분명하지만 현대 세대의 정서엔 맞지 않음",
    "date": "11.08.26",
    "rating": "1",
    "author": "ddab****",
    "review_id": "5688348",
    "movie_id": "10568"
  },
  {
    "review": "살아있기 때문에 느낄 수 있다. 좋건 나쁘건 간에",
    "date": "11.07.06",
    "rating": "10",
    "author": "plas****",
    "review_id": "5524610",
    "movie_id": "10568"
  },
  {
    "review": "천사보다 인간이 좋다.",
    "date": "11.05.12",
    "rating": "9",
    "author": "bbq2****",
    "review_id": "5423327",
    "movie_id": "10568"
  },
  {
    "review": "시의 내용은 잘 모르겠는데 영상은 정말 아름답다",
    "date": "11.04.22",
    "rating": "9",
    "author": "rr92****",
    "review_id": "5387261",
    "movie_id": "10568"
  },
  {
    "review": "가장 인상깊은 영화였다.",
    "date": "11.03.17",
    "rating": "10",
    "author": "jod2****",
    "review_id": "5318281",
    "movie_id": "10568"
  },
  {
    "review": "천사이건 인간이건 간에 중요한 것은..",
    "date": "10.11.26",
    "rating": "10",
    "author": "coco****",
    "review_id": "4992972",
    "movie_id": "10568"
  },
  {
    "review": "커피와 담배, 그리고 술과 여자...",
    "date": "10.11.09",
    "rating": "9",
    "author": "arti****",
    "review_id": "4947895",
    "movie_id": "10568"
  },
  {
    "review": "무의식에 취해 늘 행동하던 지루한 삶이 누군가에겐 소박한 꿈이 될 수 있다.",
    "date": "10.07.29",
    "rating": "10",
    "author": "youe****",
    "review_id": "4682010",
    "movie_id": "10568"
  },
  {
    "review": "아름다운 시, 아름다운 영화.",
    "date": "10.07.26",
    "rating": "10",
    "author": "kws2****",
    "review_id": "4672386",
    "movie_id": "10568"
  },
  {
    "review": "좀 지루한 면이 있긴 한 거 같으나 괜찮은 영화였다.",
    "date": "10.06.03",
    "rating": "7",
    "author": "undo****",
    "review_id": "4541064",
    "movie_id": "10568"
  },
  {
    "review": "말하려는바는 모르겠지만 영상이 너무 아름답고, 대사도 너무 좋다",
    "date": "10.06.01",
    "rating": "9",
    "author": "w427****",
    "review_id": "4536180",
    "movie_id": "10568"
  },
  {
    "review": "내옆에도 천사가있다면..",
    "date": "10.03.28",
    "rating": "9",
    "author": "zerg****",
    "review_id": "4394908",
    "movie_id": "10568"
  },
  {
    "review": "광장에 모인 사람들의 미래가 둘이라는 놀라움에 있어라.",
    "date": "10.03.13",
    "rating": "9",
    "author": "wlcj****",
    "review_id": "4352946",
    "movie_id": "10568"
  },
  {
    "review": "참 오묘해. 전혀 지루하지 않은 작품. 다시 봐도 신비하고 매력적",
    "date": "10.03.01",
    "rating": "10",
    "author": "kaos****",
    "review_id": "4327838",
    "movie_id": "10568"
  },
  {
    "review": "멋진 작품. 조금 지루한 러닝타임. 텍스트가 좀 과도한 게 흠",
    "date": "10.02.25",
    "rating": "8",
    "author": "sola****",
    "review_id": "4316929",
    "movie_id": "10568"
  },
  {
    "review": "하나의 예술작품",
    "date": "10.01.11",
    "rating": "10",
    "author": "ryu_****",
    "review_id": "4157672",
    "movie_id": "10568"
  },
  {
    "review": "만약 완벽함이 있다면 그건 바로 이 영화를 위해 만들어진 말이다.",
    "date": "09.11.19",
    "rating": "10",
    "author": "suen****",
    "review_id": "3976650",
    "movie_id": "10568"
  },
  {
    "review": "과제 때문에 본 영화, 교수님께서 보여주신 이유를 알 것 같다",
    "date": "09.11.09",
    "rating": "9",
    "author": "1990****",
    "review_id": "3949344",
    "movie_id": "10568"
  },
  {
    "review": "안 지루해요2",
    "date": "09.10.27",
    "rating": "10",
    "author": "penn****",
    "review_id": "3920271",
    "movie_id": "10568"
  },
  {
    "review": "안 지루해요",
    "date": "09.09.05",
    "rating": "10",
    "author": "imag****",
    "review_id": "3813359",
    "movie_id": "10568"
  },
  {
    "review": "정말 아름다운 최고의 영화다.",
    "date": "09.07.26",
    "rating": "10",
    "author": "llol****",
    "review_id": "3668192",
    "movie_id": "10568"
  },
  {
    "review": "생각하는 힘을 키워주는 진정한 영화다",
    "date": "09.06.01",
    "rating": "10",
    "author": "akim****",
    "review_id": "3537016",
    "movie_id": "10568"
  },
  {
    "review": "지루함의 극치를 달리는 영화..",
    "date": "09.04.11",
    "rating": "1",
    "author": "pola****",
    "review_id": "3415531",
    "movie_id": "10568"
  },
  {
    "review": "감동을 위해 지루함을 단단히 각오하고 봤지만... 내 예상보다 더 심했다.",
    "date": "08.12.25",
    "rating": "3",
    "author": "comb****",
    "review_id": "3146609",
    "movie_id": "10568"
  },
  {
    "review": "다소 지루하게 느껴져 보기가 힘들었는데, 마지막 10분이 아주 대박이다.",
    "date": "08.12.19",
    "rating": "9",
    "author": "lsal****",
    "review_id": "3130467",
    "movie_id": "10568"
  },
  {
    "review": "지루함과 졸림을 이겨내면 삶의 근원을 되물을 수 있는 자신과의 시간을 가질 수 있다",
    "date": "08.11.15",
    "rating": "8",
    "author": "kusa****",
    "review_id": "3053331",
    "movie_id": "10568"
  },
  {
    "review": "정말 시적이야...지루하긴 하지만..",
    "date": "08.11.05",
    "rating": "5",
    "author": "drd1****",
    "review_id": "3035931",
    "movie_id": "10568"
  },
  {
    "review": "이런 붕뜬 이야기보단 현실적인 영화가 더 낫다..",
    "date": "08.10.18",
    "rating": "3",
    "author": "1pim****",
    "review_id": "3006404",
    "movie_id": "10568"
  },
  {
    "review": "에이 뭐가 재밌는지. 자기전 수면제대용으론 최고",
    "date": "08.10.17",
    "rating": "2",
    "author": "easy****",
    "review_id": "3004836",
    "movie_id": "10568"
  },
  {
    "review": "어른을 위한 동화. 모두가 보고 생각에 잠겨볼 가치가 있다. 충분히 만점짜리.",
    "date": "08.09.02",
    "rating": "10",
    "author": "sswk****",
    "review_id": "2917579",
    "movie_id": "10568"
  },
  {
    "review": "인간은 늘 '염원'이라는 이름의 날개를 달고 있다. 다만 보이지 않을 뿐.",
    "date": "08.08.16",
    "rating": "8",
    "author": "rap4****",
    "review_id": "2877831",
    "movie_id": "10568"
  },
  {
    "review": "실존주의와 인간애를 다룬 철학영화의 걸작. 대사 하나하나는 페터 한트케의 시 자체",
    "date": "08.07.15",
    "rating": "10",
    "author": "yaso****",
    "review_id": "2765008",
    "movie_id": "10568"
  },
  {
    "review": "영화같은 영화, 영화다운 영화",
    "date": "08.06.17",
    "rating": "10",
    "author": "mind****",
    "review_id": "2704328",
    "movie_id": "10568"
  },
  {
    "review": "글쎄, 모르겠다. 좋은 영화라는데... 대단함을 느끼지 못하겠다.",
    "date": "08.05.01",
    "rating": "5",
    "author": "caca****",
    "review_id": "2609229",
    "movie_id": "10568"
  },
  {
    "review": "바스락거리는 낙엽같은 영화?",
    "date": "08.04.27",
    "rating": "10",
    "author": "tmlm****",
    "review_id": "2600877",
    "movie_id": "10568"
  },
  {
    "review": "어린 나에게도 감동이 되어, 10년후의 나에게 보여주고 싶은 영화",
    "date": "08.04.22",
    "rating": "10",
    "author": "fpah****",
    "review_id": "2594241",
    "movie_id": "10568"
  },
  {
    "review": "정말 나에게는 멋진영화 감동&gt&lt",
    "date": "08.03.27",
    "rating": "10",
    "author": "yung****",
    "review_id": "2544809",
    "movie_id": "10568"
  },
  {
    "review": "Human Beings, the beginning........the end.......",
    "date": "08.02.23",
    "rating": "9",
    "author": "aheh****",
    "review_id": "2475658",
    "movie_id": "10568"
  },
  {
    "review": "그래도 산다는 건 축복이야",
    "date": "08.02.19",
    "rating": "9",
    "author": "mast****",
    "review_id": "2463813",
    "movie_id": "10568"
  },
  {
    "review": "순간과 영원이 이어지는 통로",
    "date": "08.02.13",
    "rating": "10",
    "author": "pptt****",
    "review_id": "2441884",
    "movie_id": "10568"
  },
  {
    "review": "나에겐 아직 너무나 어려운 영화....",
    "date": "08.02.03",
    "rating": "8",
    "author": "jiwo****",
    "review_id": "2401885",
    "movie_id": "10568"
  },
  {
    "review": "이런게 비디오 대여점에 있던게 신기... 정말 철학적이더군",
    "date": "08.01.26",
    "rating": "9",
    "author": "adel****",
    "review_id": "2372130",
    "movie_id": "10568"
  },
  {
    "review": "전능한 관찰자보단, 부족한 인간으로 채워지고 싶다.",
    "date": "08.01.15",
    "rating": "9",
    "author": "unit****",
    "review_id": "2334473",
    "movie_id": "10568"
  },
  {
    "review": "자살하기전에 봐야할 영화",
    "date": "08.01.01",
    "rating": "9",
    "author": "asun****",
    "review_id": "2289218",
    "movie_id": "10568"
  },
  {
    "review": "city of angel 을 낳은 영화라지요.. 가슴한구석이 찌릿해집니다.",
    "date": "07.12.04",
    "rating": "10",
    "author": "nost****",
    "review_id": "2205515",
    "movie_id": "10568"
  },
  {
    "review": "안티크한 필터처리와 시적인 독백...이런 느낌의 영화... 음미하라..",
    "date": "07.11.23",
    "rating": "9",
    "author": "ssum****",
    "review_id": "2176778",
    "movie_id": "10568"
  },
  {
    "review": "너무나 유려한 카메라웍과 영상미에 숨이 몇번이나 턱턱막혓다",
    "date": "07.11.01",
    "rating": "10",
    "author": "gfun****",
    "review_id": "2126771",
    "movie_id": "10568"
  },
  {
    "review": "본질에 가까워지는 인간이 천사보다 아름다울 수 밖에 없는 이유",
    "date": "07.10.25",
    "rating": "9",
    "author": "ghdl****",
    "review_id": "2109684",
    "movie_id": "10568"
  },
  {
    "review": "천사가 스케치해 가는 베를린, 그 속에 색을 채우는 인간들.. 걸작.",
    "date": "07.10.16",
    "rating": "9",
    "author": "paci****",
    "review_id": "2092957",
    "movie_id": "10568"
  },
  {
    "review": "고통스럽고 외로운 유한한 생 그럼에도 불구하고 인간만이 가능한 교감들.",
    "date": "07.10.12",
    "rating": "10",
    "author": "kuic****",
    "review_id": "2084255",
    "movie_id": "10568"
  },
  {
    "review": "너무나도 잔잔하고 아름다운 사랑",
    "date": "07.10.11",
    "rating": "8",
    "author": "v292****",
    "review_id": "2083833",
    "movie_id": "10568"
  },
  {
    "review": "그냥 가슴으로 느끼자..",
    "date": "07.10.08",
    "rating": "10",
    "author": "h465****",
    "review_id": "2078304",
    "movie_id": "10568"
  },
  {
    "review": "얄미운 감독",
    "date": "07.09.24",
    "rating": "9",
    "author": "7th_****",
    "review_id": "2044017",
    "movie_id": "10568"
  },
  {
    "review": "인류역사상 둘째가라면 서러운 걸작",
    "date": "07.09.16",
    "rating": "10",
    "author": "baks****",
    "review_id": "2023885",
    "movie_id": "10568"
  },
  {
    "review": "내 생에 최고의 영화.",
    "date": "07.08.27",
    "rating": "10",
    "author": "mart****",
    "review_id": "1984674",
    "movie_id": "10568"
  },
  {
    "review": "말이필요없음~",
    "date": "07.08.05",
    "rating": "10",
    "author": "quil****",
    "review_id": "1882829",
    "movie_id": "10568"
  },
  {
    "review": "역시 대단하다. 빔 벤더스.. 명성 만큼이나 감동적인 영화였다.",
    "date": "07.06.25",
    "rating": "10",
    "author": "sunw****",
    "review_id": "1720778",
    "movie_id": "10568"
  },
  {
    "review": "조금 어려웠다. 하지만 영화에서 담아내려는 의미는 정말 독특했다. 좋았다.",
    "date": "07.06.09",
    "rating": "9",
    "author": "woom****",
    "review_id": "1692557",
    "movie_id": "10568"
  },
  {
    "review": "솔직히 별로였다",
    "date": "07.06.03",
    "rating": "3",
    "author": "pung****",
    "review_id": "1679130",
    "movie_id": "10568"
  },
  {
    "review": "철학적 내용.대사에 너무 많이 의존한다.김홍준감독이 이 영화에 열광하더라",
    "date": "07.05.18",
    "rating": "7",
    "author": "bepl****",
    "review_id": "1644582",
    "movie_id": "10568"
  },
  {
    "review": "내가 이걸 20살때 봤는데, 그때 뭘 봤을까?",
    "date": "07.05.13",
    "rating": "8",
    "author": "sspi****",
    "review_id": "1635457",
    "movie_id": "10568"
  },
  {
    "review": "잠안올때 보면 좋음",
    "date": "07.04.23",
    "rating": "10",
    "author": "ct02****",
    "review_id": "1602303",
    "movie_id": "10568"
  },
  {
    "review": "빔벤더슨영화중 가장 유명하고 가장 난해한 영화 . .2번봐도 모르겠다",
    "date": "07.04.01",
    "rating": "7",
    "author": "farm****",
    "review_id": "1567743",
    "movie_id": "10568"
  },
  {
    "review": "존재하는 모든 것들에 대한 찬양, 그 아름다움과 다양성을 향한 찬미의 시",
    "date": "07.03.31",
    "rating": "5",
    "author": "down****",
    "review_id": "1564357",
    "movie_id": "10568"
  }
]