[
  {
    "review": "해방이 되었어도 맘껏 말하고 행동할수 없었는 문청과 같은 답답한 벙어리가 되어야만 했던시대.. 분노와 슬픔의 역사.. 그래도 역사는 사진처럼 일기처럼 계속해서 개인에의해 찍히고 기록되어 후대의 우리에게는 고스란히 그 진실만이 전달될 것이다.",
    "date": "15.06.09",
    "rating": "10",
    "author": "shin****",
    "review_id": "9985749",
    "movie_id": "10564"
  },
  {
    "review": "역사의 한 가운데에 서있는 느낌이었다. 내가 승자의 시각에 익숙하구나를 느꼈다. 역사가 얼마나 승자의 시각에서 다루어져왔었는지..",
    "date": "15.04.24",
    "rating": "10",
    "author": "gom3****",
    "review_id": "9864219",
    "movie_id": "10564"
  },
  {
    "review": "물같은 영화....별거없지만 묘한 묘력...그외엔 거품...",
    "date": "15.01.19",
    "rating": "8",
    "author": "kara****",
    "review_id": "9612519",
    "movie_id": "10564"
  },
  {
    "review": "등장인물 관계도 설명이 부족하고, 스토리 전개가 지루해서 아쉬웠다.",
    "date": "14.12.20",
    "rating": "6",
    "author": "qhrt****",
    "review_id": "9491995",
    "movie_id": "10564"
  },
  {
    "review": "비정한 시대, 대만의 고독",
    "date": "14.07.20",
    "rating": "10",
    "author": "redv****",
    "review_id": "8936072",
    "movie_id": "10564"
  },
  {
    "review": "전쟁과 이데올로기가 불러온 시대의 아픔을 정적인 화면을 통해 가슴 아프게 그린 명작 중의 명작..",
    "date": "14.02.10",
    "rating": "10",
    "author": "pola****",
    "review_id": "8495144",
    "movie_id": "10564"
  },
  {
    "review": "처음엔 뭐지??이러면서 계속 보다보니깐 점점 빨려들어가는 뭔가가 있다...이감독 매력적이다",
    "date": "13.12.18",
    "rating": "8",
    "author": "do11****",
    "review_id": "8222114",
    "movie_id": "10564"
  },
  {
    "review": "대만도 파란만장 격동의 20세기를 겪었구나",
    "date": "13.11.04",
    "rating": "7",
    "author": "ykdi****",
    "review_id": "8115453",
    "movie_id": "10564"
  },
  {
    "review": "상당히 지루할수 있겠다. 대만해방 이후 4년이 궁금하다면 보시길.",
    "date": "12.08.08",
    "rating": "9",
    "author": "lmj2****",
    "review_id": "6581693",
    "movie_id": "10564"
  },
  {
    "review": "228과 518이 겹쳐지며 그들의 슬픔에 깊은 공감을 느낄 수 있었다.",
    "date": "12.06.23",
    "rating": "8",
    "author": "kusa****",
    "review_id": "6411359",
    "movie_id": "10564"
  },
  {
    "review": "평범한사람들에겐 그저 쓴약일뿐 영화학을하는 학생들이나 평론가들은 다를까",
    "date": "12.04.22",
    "rating": "5",
    "author": "tjrw****",
    "review_id": "6239478",
    "movie_id": "10564"
  },
  {
    "review": "거대한 역사 앞에서 한 인간은 얼마나 작은가",
    "date": "12.02.07",
    "rating": "8",
    "author": "euge****",
    "review_id": "6058791",
    "movie_id": "10564"
  },
  {
    "review": "영화가 정말 길게 느껴진다... 평화로운듯한? 풍경이 독특한 분위기를 낸다",
    "date": "11.08.15",
    "rating": "6",
    "author": "twis****",
    "review_id": "5653039",
    "movie_id": "10564"
  },
  {
    "review": "대만에 대해 알게된 영화",
    "date": "11.05.27",
    "rating": "9",
    "author": "chee****",
    "review_id": "5450608",
    "movie_id": "10564"
  },
  {
    "review": "내 인생 최고의 영화",
    "date": "11.02.19",
    "rating": "10",
    "author": "youn****",
    "review_id": "5256899",
    "movie_id": "10564"
  },
  {
    "review": "이 영화 10점 준 자는 영화가 무엇인지 아는 진정한 영화학도라고 말할 수 있다!!!!",
    "date": "10.11.11",
    "rating": "10",
    "author": "godo****",
    "review_id": "4952717",
    "movie_id": "10564"
  },
  {
    "review": "감상이 굉장히 힘듦..........",
    "date": "10.05.24",
    "rating": "4",
    "author": "naeg****",
    "review_id": "4521044",
    "movie_id": "10564"
  },
  {
    "review": "임씨가족을 통해 대만의 뼈아픈 역사를 짚어본다.너무 여백의 미를 내세운걸까",
    "date": "09.10.02",
    "rating": "7",
    "author": "ador****",
    "review_id": "3867677",
    "movie_id": "10564"
  },
  {
    "review": "지루하리라,,,,",
    "date": "09.09.13",
    "rating": "6",
    "author": "leem****",
    "review_id": "3827418",
    "movie_id": "10564"
  },
  {
    "review": "품격 높은 비유법",
    "date": "09.07.28",
    "rating": "8",
    "author": "wrap****",
    "review_id": "3676406",
    "movie_id": "10564"
  },
  {
    "review": "비극의 현대사와 마주한 한 시대의 일기...그리고 삶은 계속된다...",
    "date": "09.05.18",
    "rating": "9",
    "author": "limp****",
    "review_id": "3504346",
    "movie_id": "10564"
  },
  {
    "review": "좀 고요하긴 하지만 그 나름대로 흡입력이 있다. 아픔이 느껴진다",
    "date": "09.02.27",
    "rating": "7",
    "author": "iss2****",
    "review_id": "3335507",
    "movie_id": "10564"
  },
  {
    "review": "슬픈 역사를 어쩜 그리 담담한 영상과 시선으로...",
    "date": "09.01.22",
    "rating": "7",
    "author": "egyp****",
    "review_id": "3239252",
    "movie_id": "10564"
  },
  {
    "review": "말이 필요없다",
    "date": "08.07.23",
    "rating": "10",
    "author": "ippo****",
    "review_id": "2795237",
    "movie_id": "10564"
  },
  {
    "review": "길지만, 확 오는 순간이 있는, 그때부터가 지금이 되는,",
    "date": "08.07.22",
    "rating": "10",
    "author": "0109****",
    "review_id": "2791142",
    "movie_id": "10564"
  },
  {
    "review": "겨우 봤다. 롱~~~~~~~~~~~~~~~~테이크",
    "date": "08.07.19",
    "rating": "1",
    "author": "henr****",
    "review_id": "2778787",
    "movie_id": "10564"
  },
  {
    "review": "가슴에 와 닿는 면도 있지만 심하게 불친절하고 지루함",
    "date": "08.07.18",
    "rating": "2",
    "author": "ysuh****",
    "review_id": "2777147",
    "movie_id": "10564"
  },
  {
    "review": "별 다섯개를 줄 수 있는 기회가 있기에...",
    "date": "08.05.17",
    "rating": "10",
    "author": "plan****",
    "review_id": "2647196",
    "movie_id": "10564"
  },
  {
    "review": "정적인 호흡, 길고 긴 시선",
    "date": "08.03.20",
    "rating": "9",
    "author": "iuba****",
    "review_id": "2531171",
    "movie_id": "10564"
  },
  {
    "review": "누군가 말했지 허우 샤오시엔은 최고의 거장이라고 허나 그와 난 코드가 안맞나 보다",
    "date": "08.02.08",
    "rating": "4",
    "author": "okjo****",
    "review_id": "2421591",
    "movie_id": "10564"
  },
  {
    "review": "고요할뿐...",
    "date": "07.11.15",
    "rating": "8",
    "author": "qksq****",
    "review_id": "2153600",
    "movie_id": "10564"
  },
  {
    "review": "장예모의 인생이랑 비슷한 느낌?",
    "date": "07.09.02",
    "rating": "10",
    "author": "shld****",
    "review_id": "1997695",
    "movie_id": "10564"
  },
  {
    "review": "지루한데 재밌다. 정말로",
    "date": "07.09.02",
    "rating": "10",
    "author": "pdc8****",
    "review_id": "1997692",
    "movie_id": "10564"
  },
  {
    "review": "대만은 섬이다... 그때도... 지금도... 모두에게...",
    "date": "07.06.11",
    "rating": "10",
    "author": "mniy****",
    "review_id": "1696275",
    "movie_id": "10564"
  },
  {
    "review": "명작에는 다 이유가 있다.",
    "date": "07.04.25",
    "rating": "10",
    "author": "yytt****",
    "review_id": "1605182",
    "movie_id": "10564"
  },
  {
    "review": "'관조'의 의미를 체감시켜 주는 영화",
    "date": "07.02.22",
    "rating": "10",
    "author": "bars****",
    "review_id": "1494123",
    "movie_id": "10564"
  },
  {
    "review": "히로미가 해주는 밥 같은 영화",
    "date": "06.12.09",
    "rating": "10",
    "author": "qweb****",
    "review_id": "1278012",
    "movie_id": "10564"
  },
  {
    "review": "난 너무너무 좋았다. 말 못하는 양조위도-",
    "date": "06.11.03",
    "rating": "10",
    "author": "dion****",
    "review_id": "1213127",
    "movie_id": "10564"
  },
  {
    "review": "아시아 영화 걸작선에 뽑혔던",
    "date": "06.08.02",
    "rating": "10",
    "author": "zeed****",
    "review_id": "956622",
    "movie_id": "10564"
  },
  {
    "review": "역사에 길이 남을 걸작. 이 작품이 있어 나는 너무 행복하다.",
    "date": "06.07.19",
    "rating": "10",
    "author": "rem4****",
    "review_id": "905480",
    "movie_id": "10564"
  },
  {
    "review": "역사속에 휘말린 가족의 사랑. 희망",
    "date": "06.06.14",
    "rating": "9",
    "author": "dlfh****",
    "review_id": "843525",
    "movie_id": "10564"
  },
  {
    "review": "허우샤오시엔과 동시대를 살고 있다는 것만으로도 감사하다.",
    "date": "06.06.12",
    "rating": "10",
    "author": "amos****",
    "review_id": "842214",
    "movie_id": "10564"
  },
  {
    "review": "역사/일상은 정제된 쇼트가 제격, 하지만 이 영환 군더더기투성",
    "date": "06.05.24",
    "rating": "7",
    "author": "donj****",
    "review_id": "814580",
    "movie_id": "10564"
  },
  {
    "review": "우리네 역사와 너무 닮아있다..구구절절 와닿는 속저림...",
    "date": "06.04.20",
    "rating": "10",
    "author": "raco****",
    "review_id": "769130",
    "movie_id": "10564"
  },
  {
    "review": "섣부른 감동을 유도하지 않고, 삶, 그 자체만 말한다",
    "date": "06.04.14",
    "rating": "8",
    "author": "hadl****",
    "review_id": "760992",
    "movie_id": "10564"
  },
  {
    "review": "잘 고른 영화.",
    "date": "06.01.22",
    "rating": "10",
    "author": "quad****",
    "review_id": "609140",
    "movie_id": "10564"
  },
  {
    "review": "식민지 광복 일제잔제 이념대립등 아픔을 공유할수 있었다.",
    "date": "05.10.30",
    "rating": "10",
    "author": "jals****",
    "review_id": "459492",
    "movie_id": "10564"
  },
  {
    "review": "어떻게 10점을 안주지?",
    "date": "05.09.09",
    "rating": "10",
    "author": "godc****",
    "review_id": "398614",
    "movie_id": "10564"
  },
  {
    "review": "슬픔 조차도 내겐 너무 사치스럽게 다가왔던 영화였다.",
    "date": "05.09.03",
    "rating": "10",
    "author": "mcki****",
    "review_id": "391561",
    "movie_id": "10564"
  },
  {
    "review": "대만의 격변기를 한가족의 흥망성쇄를통해 교묘히 보여주는 솜씨",
    "date": "05.06.28",
    "rating": "10",
    "author": "tjsd****",
    "review_id": "308650",
    "movie_id": "10564"
  },
  {
    "review": "집안으로부터의 사색.",
    "date": "05.06.27",
    "rating": "9",
    "author": "erhe****",
    "review_id": "307313",
    "movie_id": "10564"
  },
  {
    "review": "그저그렇다.강력한 임팩트가없다.",
    "date": "05.05.31",
    "rating": "6",
    "author": "tubt****",
    "review_id": "290871",
    "movie_id": "10564"
  },
  {
    "review": "양조위의 명연기를 보는 것 만으로도 의미있는 영화",
    "date": "05.05.06",
    "rating": "10",
    "author": "manm****",
    "review_id": "272275",
    "movie_id": "10564"
  },
  {
    "review": "역시 양조위다..이런 탄성을 지르게 했던 영화",
    "date": "04.12.25",
    "rating": "9",
    "author": "cutt****",
    "review_id": "169092",
    "movie_id": "10564"
  },
  {
    "review": "당시의 시대상황이라고 하면 뻔한 이야기라고 할 수가 있을까요?",
    "date": "04.12.08",
    "rating": "9",
    "author": "canu****",
    "review_id": "158916",
    "movie_id": "10564"
  },
  {
    "review": "너무 뻔한 이야기를 너무 뻔한 방식으로 지루하게 늘어놓으며 고문하는 영화",
    "date": "04.12.04",
    "rating": "3",
    "author": "trot****",
    "review_id": "156509",
    "movie_id": "10564"
  },
  {
    "review": "홍콩영화계의 걸작",
    "date": "04.10.19",
    "rating": "9",
    "author": "ssd3****",
    "review_id": "128518",
    "movie_id": "10564"
  },
  {
    "review": "양조위의 발견. 귀머거리 문청의 견딤. 너무나 잔혹했던 그래서 슬픈",
    "date": "04.10.18",
    "rating": "10",
    "author": "murt****",
    "review_id": "128207",
    "movie_id": "10564"
  },
  {
    "review": "가을 햇살이 스며드는 늦은오후 강의실같은 영화",
    "date": "04.09.29",
    "rating": "7",
    "author": "rg52****",
    "review_id": "116734",
    "movie_id": "10564"
  },
  {
    "review": "작은 움직임이 큰 울림을 만들어내는 영화",
    "date": "04.01.07",
    "rating": "8",
    "author": "k_bo****",
    "review_id": "9026",
    "movie_id": "10564"
  }
]