[
  {
    "review": "넘사벽 번슈타인의 음악명불허전. 안무와 이야기. 리얼리스틱!",
    "date": "14.10.17",
    "rating": "10",
    "author": "k38s****",
    "review_id": "9298253",
    "movie_id": "10563"
  },
  {
    "review": "로미오와 줄리엣의 현대적 해석, 뮤지컬의 현장으로 초대한다",
    "date": "14.07.30",
    "rating": "6",
    "author": "hany****",
    "review_id": "8982043",
    "movie_id": "10563"
  },
  {
    "review": "슬프다..그냥 슬프다...우리 현실도 이런게 아닐까...원하지만 이뤄지지 않고 서서히 죽어간다..누구나...예외는 없다.",
    "date": "14.07.09",
    "rating": "10",
    "author": "uaso****",
    "review_id": "8898240",
    "movie_id": "10563"
  },
  {
    "review": "스토리보단 음악과 볼거리",
    "date": "14.07.07",
    "rating": "9",
    "author": "n220****",
    "review_id": "8893906",
    "movie_id": "10563"
  },
  {
    "review": "뮤지칼의 최고 작품. 보라색의 서츠를 언젠가는 입고 싶고.",
    "date": "14.03.28",
    "rating": "10",
    "author": "clie****",
    "review_id": "8612829",
    "movie_id": "10563"
  },
  {
    "review": "반세기 전 영화도 이리 매력적일 수 있다.",
    "date": "14.03.16",
    "rating": "10",
    "author": "lsh5****",
    "review_id": "8582311",
    "movie_id": "10563"
  },
  {
    "review": "번슈타인, 나탈리 우드. 뮤지칼으로 볼만.",
    "date": "13.10.15",
    "rating": "8",
    "author": "cles****",
    "review_id": "8061440",
    "movie_id": "10563"
  },
  {
    "review": "마리아!",
    "date": "13.08.03",
    "rating": "10",
    "author": "icoq****",
    "review_id": "7826154",
    "movie_id": "10563"
  },
  {
    "review": "[아카데미]1962년34회 작품,남우조연,여우조연,감독,촬영,미술,의상,음향,편집,음악 10개부문수상작.이탈리아계제트단과푸에토리코계샤크단의세력다툼속에로미와줄리엣같은비극적사랑을보여준다.음악을번스타인맡아서했고감독은사운드오브뮤직감독이다.상에비해영화는별로임.",
    "date": "13.04.26",
    "rating": "6",
    "author": "new7****",
    "review_id": "7485343",
    "movie_id": "10563"
  },
  {
    "review": "구성과 스토리가 유치하다고 생각할 수도 있겠으나 뮤지컬이 원래 감정을 쉬운말로 솔직하게 노래하는것이니 난 괜찮았다. 다만 고전영화 광으로서 연출이 60년초 작품치고는 50년대,40년대와 별다르지 않아서 -1점... 가벼운마음으로 신나게 감상했다",
    "date": "13.03.29",
    "rating": "9",
    "author": "na00****",
    "review_id": "7420217",
    "movie_id": "10563"
  },
  {
    "review": "그야말로 고전 영화음악",
    "date": "12.09.06",
    "rating": "10",
    "author": "egoh****",
    "review_id": "6672817",
    "movie_id": "10563"
  },
  {
    "review": "지금 감상해도 세월의 벽을 느낄 수 없는 작품",
    "date": "12.02.27",
    "rating": "10",
    "author": "kimg****",
    "review_id": "6106693",
    "movie_id": "10563"
  },
  {
    "review": "경쾌함 리듬감 으아 군무가 이렇게 신나! 게다가 멋스럽다!",
    "date": "12.02.27",
    "rating": "8",
    "author": "7ele****",
    "review_id": "6106686",
    "movie_id": "10563"
  },
  {
    "review": "음악과 안무가 굳",
    "date": "12.02.26",
    "rating": "9",
    "author": "rsye****",
    "review_id": "6105878",
    "movie_id": "10563"
  },
  {
    "review": "뮤지컬영화는 언제나 좋음.",
    "date": "12.02.26",
    "rating": "9",
    "author": "rach****",
    "review_id": "6105717",
    "movie_id": "10563"
  },
  {
    "review": "고전영화 안좋아하는데 재밌게봤다..살짝지루한감이있지만ㅋㅋ",
    "date": "12.02.26",
    "rating": "7",
    "author": "suaq****",
    "review_id": "6105712",
    "movie_id": "10563"
  },
  {
    "review": "춤, 음악에 공감을 못하니 남는 것은 없다.",
    "date": "12.01.29",
    "rating": "4",
    "author": "claz****",
    "review_id": "6033979",
    "movie_id": "10563"
  },
  {
    "review": "리셋 읽고나서 DVD로 봤는데 아, 최고임-_-b 6,800원에 이런 명작이라니",
    "date": "11.08.15",
    "rating": "10",
    "author": "ksle****",
    "review_id": "5651114",
    "movie_id": "10563"
  },
  {
    "review": "스토리를 논하기 앞서 본격적으로 현대무용을 안무로 쓴 영화로 감상할 것",
    "date": "11.04.09",
    "rating": "9",
    "author": "kari****",
    "review_id": "5363884",
    "movie_id": "10563"
  },
  {
    "review": "불후의 명작 뮤지컬을 보고 이따위 평점을 주는 내가 잘못된 거다.",
    "date": "11.02.09",
    "rating": "2",
    "author": "pria****",
    "review_id": "5229902",
    "movie_id": "10563"
  },
  {
    "review": "뮤지컬 명작",
    "date": "11.01.25",
    "rating": "10",
    "author": "mais****",
    "review_id": "5182452",
    "movie_id": "10563"
  },
  {
    "review": "젊은것들이 감히 비평할수 없는 당대의 수작",
    "date": "10.12.22",
    "rating": "10",
    "author": "ilov****",
    "review_id": "5073928",
    "movie_id": "10563"
  },
  {
    "review": "스토리는 별로다.",
    "date": "10.12.22",
    "rating": "5",
    "author": "bbq2****",
    "review_id": "5073346",
    "movie_id": "10563"
  },
  {
    "review": "드디어 보았다. 왜 유명한지 알았지만.. 2010년에 보기엔 다소 무리가..",
    "date": "10.10.01",
    "rating": "7",
    "author": "come****",
    "review_id": "4878522",
    "movie_id": "10563"
  },
  {
    "review": "쩐다 ㅠㅠ",
    "date": "10.07.12",
    "rating": "10",
    "author": "clas****",
    "review_id": "4633377",
    "movie_id": "10563"
  },
  {
    "review": "본인은 이 영화에 나타난 초고난이도의 율동 안무에 대해 놀라움을 나타내었다",
    "date": "10.05.09",
    "rating": "2",
    "author": "spar****",
    "review_id": "4488806",
    "movie_id": "10563"
  },
  {
    "review": "이런 뮤지컬 대작을 브로드웨이가 아닌 집에서도 볼수 있다는게 감사할 따름!",
    "date": "09.11.06",
    "rating": "9",
    "author": "si2p****",
    "review_id": "3941001",
    "movie_id": "10563"
  },
  {
    "review": "Rumble까지는 최고의 뮤지컬 & 러브스토리, 이후는 급격한 스토리 상실 & 감정의 상실",
    "date": "09.06.29",
    "rating": "6",
    "author": "sioh****",
    "review_id": "3601197",
    "movie_id": "10563"
  },
  {
    "review": "30여년전에 본것인데 기억이  생생하다 계단위 창문에서의 만남은 사랑의 절정이다",
    "date": "09.02.11",
    "rating": "10",
    "author": "cccm****",
    "review_id": "3294230",
    "movie_id": "10563"
  },
  {
    "review": "청소년 문제를 제법 밀도있게 파헤치고 있다.",
    "date": "08.12.19",
    "rating": "9",
    "author": "pola****",
    "review_id": "3130277",
    "movie_id": "10563"
  },
  {
    "review": "보는 동안 달콤함에 빠져들었다. 젊음과 사랑, 춤과 노래 언제봐도 좋지.",
    "date": "08.09.11",
    "rating": "8",
    "author": "hadl****",
    "review_id": "2935595",
    "movie_id": "10563"
  },
  {
    "review": "신파적 이야기지만 그들의 젊음과 음악은 예술이 되었다.",
    "date": "07.08.09",
    "rating": "8",
    "author": "myou****",
    "review_id": "1909646",
    "movie_id": "10563"
  },
  {
    "review": "로미오와 줄리엣을 현대판 뮤지컬로 만든 고전 영화",
    "date": "07.05.19",
    "rating": "6",
    "author": "okyk****",
    "review_id": "1646786",
    "movie_id": "10563"
  },
  {
    "review": "시대를 초월한 전설의 뮤지컬 영화, 하지만 이젠 고전이 되었다.",
    "date": "07.04.20",
    "rating": "7",
    "author": "team****",
    "review_id": "1596397",
    "movie_id": "10563"
  },
  {
    "review": "거침없는 아드레날린의 분출",
    "date": "07.03.15",
    "rating": "9",
    "author": "qhat****",
    "review_id": "1535565",
    "movie_id": "10563"
  },
  {
    "review": "오늘밤 아주 죽여준다. 셰익스피어의 춤과 노래..",
    "date": "07.03.05",
    "rating": "8",
    "author": "jals****",
    "review_id": "1519968",
    "movie_id": "10563"
  },
  {
    "review": "노래,춤이 잘 어우러지고..45년 전 영화라는게 안 믿기네요^o^",
    "date": "06.11.29",
    "rating": "10",
    "author": "csy1****",
    "review_id": "1257991",
    "movie_id": "10563"
  },
  {
    "review": "눈물이 나온다.명작",
    "date": "06.10.09",
    "rating": "10",
    "author": "imk7****",
    "review_id": "1173248",
    "movie_id": "10563"
  },
  {
    "review": "사운드오브뮤직과 더불어 뮤지컬의 최고봉~!!",
    "date": "06.09.06",
    "rating": "10",
    "author": "fanm****",
    "review_id": "1108452",
    "movie_id": "10563"
  },
  {
    "review": "재미있는 영화~!",
    "date": "06.09.01",
    "rating": "10",
    "author": "kang****",
    "review_id": "1094432",
    "movie_id": "10563"
  },
  {
    "review": "뻔하고 지루하고 리듬감도 떨어져 보인다.",
    "date": "06.08.09",
    "rating": "5",
    "author": "logo****",
    "review_id": "987711",
    "movie_id": "10563"
  },
  {
    "review": "넘넘 재밌어요",
    "date": "06.04.10",
    "rating": "9",
    "author": "shin****",
    "review_id": "756781",
    "movie_id": "10563"
  },
  {
    "review": "좋다...",
    "date": "06.01.03",
    "rating": "9",
    "author": "take****",
    "review_id": "556863",
    "movie_id": "10563"
  },
  {
    "review": "그 당시 청춘물의 대표작",
    "date": "05.07.31",
    "rating": "8",
    "author": "okjo****",
    "review_id": "344893",
    "movie_id": "10563"
  },
  {
    "review": "번슈타인에게 경의를",
    "date": "05.02.14",
    "rating": "9",
    "author": "mett****",
    "review_id": "219403",
    "movie_id": "10563"
  },
  {
    "review": "40년전 영화라니... = ㅅ=;;; 대단해...",
    "date": "05.02.06",
    "rating": "9",
    "author": "muku****",
    "review_id": "209424",
    "movie_id": "10563"
  },
  {
    "review": "잘찍은 영화는 맞는데 내 취향은 아니었다...(너무길다)",
    "date": "04.12.26",
    "rating": "8",
    "author": "a296****",
    "review_id": "169868",
    "movie_id": "10563"
  },
  {
    "review": "춤과 노래는 좋은데...",
    "date": "04.11.08",
    "rating": "6",
    "author": "chki****",
    "review_id": "142428",
    "movie_id": "10563"
  },
  {
    "review": "투나잇~~감동적(이 노래만...)",
    "date": "04.10.07",
    "rating": "8",
    "author": "htop****",
    "review_id": "121632",
    "movie_id": "10563"
  },
  {
    "review": "시험끝나면 꼮 볼꺼에요!!",
    "date": "04.10.05",
    "rating": "10",
    "author": "winb****",
    "review_id": "120768",
    "movie_id": "10563"
  },
  {
    "review": "마지막이 너무 감동적이 였다. 젊었을 쩍 생각이 나게 하는 영화이다..",
    "date": "04.05.25",
    "rating": "9",
    "author": "taeo****",
    "review_id": "45965",
    "movie_id": "10563"
  }
]