[
  {
    "review": "올리버 스톤의 걸작.. '정치적인 상황'이 어떻게 무고한 시민들의 삶을 도륙낼 수 있는지를 리얼하게 담아서 보여준다. 혼란스런 당시 시대상을 리얼하게 카메라에 담았으며, 핸드핼드 카메라로 주인공을 따라다니며 찍은 쇼트들이 현실감을 더한다.",
    "date": "15.07.11",
    "rating": "9",
    "author": "pola****",
    "review_id": "10091386",
    "movie_id": "10579"
  },
  {
    "review": "오! 미국은 엘살바도르의 인권에는 관심이 없어. 민의 반하는 군부를 돕다니.  영와 보기가 불편했다. 찌질이 기자도 그렇고,  학살도 그렇고. shit!",
    "date": "15.02.22",
    "rating": "10",
    "author": "tark****",
    "review_id": "9726028",
    "movie_id": "10579"
  },
  {
    "review": "여러가지로 의미있는 영화.연출이 80년대식 연출이라 긴장감이 떨어짐.이런 고발영화 자주 나왔음 좋겠다.",
    "date": "13.05.17",
    "rating": "8",
    "author": "a109****",
    "review_id": "7533186",
    "movie_id": "10579"
  },
  {
    "review": "최고.",
    "date": "12.12.28",
    "rating": "10",
    "author": "dkny****",
    "review_id": "7057808",
    "movie_id": "10579"
  },
  {
    "review": "탈출도 끝날 때까지 끝난 게 아니다",
    "date": "12.10.01",
    "rating": "4",
    "author": "expr****",
    "review_id": "6751325",
    "movie_id": "10579"
  },
  {
    "review": "중국이 탈북자들을 북한으로 다시 보내는 현실이 보이네요.",
    "date": "12.03.20",
    "rating": "9",
    "author": "kate****",
    "review_id": "6156874",
    "movie_id": "10579"
  },
  {
    "review": "잔인한 군부독재의 폐해, 주연의 신들린 연기력, 대단한 영화이다.",
    "date": "11.07.04",
    "rating": "9",
    "author": "dene****",
    "review_id": "5521208",
    "movie_id": "10579"
  },
  {
    "review": "굿",
    "date": "10.11.13",
    "rating": "10",
    "author": "jazz****",
    "review_id": "4957265",
    "movie_id": "10579"
  },
  {
    "review": "진짜 너무 가슴아픕니다.. 마지막 부분은 정말 너무 가슴찢어지더군요...슬픈 영화..",
    "date": "10.06.28",
    "rating": "10",
    "author": "wjdg****",
    "review_id": "4598153",
    "movie_id": "10579"
  },
  {
    "review": "별로 재미는 없다",
    "date": "10.04.17",
    "rating": "7",
    "author": "yuye****",
    "review_id": "4437881",
    "movie_id": "10579"
  },
  {
    "review": "제임스 우즈의 신들린 듯한 연기",
    "date": "10.04.16",
    "rating": "7",
    "author": "cont****",
    "review_id": "4434702",
    "movie_id": "10579"
  },
  {
    "review": "속물(돈)과휴머니티.일관된신념이없는 '실존'캐릭이'영화적'인완성도는 떨어뜨린다 :)",
    "date": "10.02.28",
    "rating": "7",
    "author": "luna****",
    "review_id": "4323239",
    "movie_id": "10579"
  },
  {
    "review": "라틴아메리카가 미국을 증오할수밖에없는.. 아니 증오해야하만하는 이유..",
    "date": "10.02.16",
    "rating": "10",
    "author": "ghwl****",
    "review_id": "4290377",
    "movie_id": "10579"
  },
  {
    "review": "수녀를 윤간하고 사살하는 장면은 아직까지 잊혀지지 않습니다. (전과 후만 보여줌)",
    "date": "09.10.28",
    "rating": "10",
    "author": "jeon****",
    "review_id": "3921534",
    "movie_id": "10579"
  },
  {
    "review": "대단한 영화입니다. 눈을 뗄수없었던..실화이면서 현장을 그대로 전해주는 영화군요.",
    "date": "09.10.17",
    "rating": "10",
    "author": "chrh****",
    "review_id": "3897455",
    "movie_id": "10579"
  },
  {
    "review": "볼만한 영화",
    "date": "09.10.01",
    "rating": "10",
    "author": "md10****",
    "review_id": "3863578",
    "movie_id": "10579"
  },
  {
    "review": "많은 것을 보고 느낄 수 있는 좋은 영화.",
    "date": "09.09.29",
    "rating": "10",
    "author": "milk****",
    "review_id": "3861196",
    "movie_id": "10579"
  },
  {
    "review": "감독 이름만 봐도 이건 10점이다.",
    "date": "09.09.05",
    "rating": "10",
    "author": "takb****",
    "review_id": "3812814",
    "movie_id": "10579"
  },
  {
    "review": "올리버 스톤은 단순한 선악과 정의가 아닌 자국에 대한 비판과 반성까지 말한다.",
    "date": "09.04.02",
    "rating": "7",
    "author": "hadl****",
    "review_id": "3400953",
    "movie_id": "10579"
  },
  {
    "review": "한번만 봐서는 모든 메시지를 절대 깨닫기 힘든 영화. 정말 많은것들을 느끼게 해준다",
    "date": "08.07.26",
    "rating": "10",
    "author": "folk****",
    "review_id": "2803749",
    "movie_id": "10579"
  },
  {
    "review": "JFK,닉슨등 정치물의 대가 올리버스톤 역시 실망시키지 않는다",
    "date": "08.07.17",
    "rating": "10",
    "author": "soli****",
    "review_id": "2771794",
    "movie_id": "10579"
  },
  {
    "review": "올리버 스톤 감독의 영화는 감동을 주네요.",
    "date": "08.07.03",
    "rating": "10",
    "author": "beey****",
    "review_id": "2738518",
    "movie_id": "10579"
  },
  {
    "review": "미국의 부정적인 정치이념과  비극적인 혈실성의 조화!!",
    "date": "08.07.03",
    "rating": "7",
    "author": "evil****",
    "review_id": "2738506",
    "movie_id": "10579"
  },
  {
    "review": "미국의 두 얼굴은 남미에서도 유효하다.",
    "date": "08.04.17",
    "rating": "8",
    "author": "seiz****",
    "review_id": "2584648",
    "movie_id": "10579"
  },
  {
    "review": "표피적이고 정리정돈이 안된느낌.별로 슬프지도 메세지도 다가오지",
    "date": "08.03.29",
    "rating": "6",
    "author": "tubt****",
    "review_id": "2547235",
    "movie_id": "10579"
  },
  {
    "review": "자신의죽음이 가족들에게얼마나큰아픔인지느꼇다 근데중반에섹장면은왜넣었을까",
    "date": "07.10.31",
    "rating": "6",
    "author": "jaew****",
    "review_id": "2123750",
    "movie_id": "10579"
  },
  {
    "review": "외면할 수 없는, 가슴아픈 걸작.",
    "date": "07.10.18",
    "rating": "10",
    "author": "2pur****",
    "review_id": "2095771",
    "movie_id": "10579"
  },
  {
    "review": "누가 아메리카 드림이라 하였는가?",
    "date": "07.06.24",
    "rating": "9",
    "author": "ador****",
    "review_id": "1719210",
    "movie_id": "10579"
  },
  {
    "review": "올리버스톤 단짝친구 제임스우즈.",
    "date": "07.03.06",
    "rating": "8",
    "author": "sspi****",
    "review_id": "1522050",
    "movie_id": "10579"
  },
  {
    "review": "오래전이지만 무척이나 찡하게 본 영화였습니다..",
    "date": "07.01.27",
    "rating": "10",
    "author": "pong****",
    "review_id": "1416747",
    "movie_id": "10579"
  },
  {
    "review": "마지막 비정함은 평생 잊을 수 없을 것이다...",
    "date": "06.12.23",
    "rating": "10",
    "author": "kunn****",
    "review_id": "1317966",
    "movie_id": "10579"
  },
  {
    "review": "많은 것을 느낄 수 있는 영화였다.",
    "date": "06.11.29",
    "rating": "9",
    "author": "yoon****",
    "review_id": "1256922",
    "movie_id": "10579"
  },
  {
    "review": "이념과 인간이라는 관계는 좋았으나 케릭터의 정체성 부재..",
    "date": "06.11.16",
    "rating": "7",
    "author": "aabv****",
    "review_id": "1236235",
    "movie_id": "10579"
  },
  {
    "review": "다큐멘타리라 해도 믿겠다..전쟁영화 만드는 넘들은 보고배워라!",
    "date": "06.08.29",
    "rating": "10",
    "author": "jaux****",
    "review_id": "1089097",
    "movie_id": "10579"
  },
  {
    "review": "그의 천재성이 나온 첫번째 영화.",
    "date": "06.08.03",
    "rating": "8",
    "author": "vert****",
    "review_id": "963586",
    "movie_id": "10579"
  },
  {
    "review": "올리버 스톤 정치 영화의 흡입력은 놀라울뿐이다.",
    "date": "06.07.17",
    "rating": "8",
    "author": "movi****",
    "review_id": "899194",
    "movie_id": "10579"
  },
  {
    "review": "중남미 좌파열풍의 원인을 알수있게 해주는 영화",
    "date": "06.07.13",
    "rating": "10",
    "author": "roos****",
    "review_id": "887904",
    "movie_id": "10579"
  },
  {
    "review": "좋은영화 굿~~~",
    "date": "06.07.04",
    "rating": "10",
    "author": "ghda****",
    "review_id": "870405",
    "movie_id": "10579"
  },
  {
    "review": "역시 올리버스톤의 힘이란.... 마지막 장면은 너무 비극적이다..",
    "date": "06.06.24",
    "rating": "10",
    "author": "pseu****",
    "review_id": "854892",
    "movie_id": "10579"
  },
  {
    "review": "'이념'중심이냐, '인간'중심이냐. '올리버스톤'은 꽤...",
    "date": "06.04.28",
    "rating": "8",
    "author": "dio3****",
    "review_id": "778642",
    "movie_id": "10579"
  },
  {
    "review": "우연히 보게된 올리버 스톤 감독의 전쟁 현실 고백의 영화",
    "date": "06.03.25",
    "rating": "9",
    "author": "wind****",
    "review_id": "734352",
    "movie_id": "10579"
  },
  {
    "review": "공포스런 현실의 묘사!!",
    "date": "05.08.01",
    "rating": "10",
    "author": "iceb****",
    "review_id": "345576",
    "movie_id": "10579"
  },
  {
    "review": "볼만한 영화다!!!중남미와 미국의 악연의 고리를 이해하는 사람이라면 더욱",
    "date": "05.01.04",
    "rating": "9",
    "author": "myma****",
    "review_id": "176684",
    "movie_id": "10579"
  }
]