[
  {
    "review": "살아있네...^^ 아직 이런자연미인이 많아야 살맛이 날텐데..^^ㅎ",
    "date": "14.12.31",
    "rating": "10",
    "author": "kyng****",
    "review_id": "9542688",
    "movie_id": "10572"
  },
  {
    "review": "물체가 움직이거나 어떤 일이 진행되는 빠르기.",
    "date": "14.10.17",
    "rating": "3",
    "author": "almo****",
    "review_id": "9297134",
    "movie_id": "10572"
  },
  {
    "review": "옛애인의 공수부대 침투가 인상적. ㅋ",
    "date": "14.08.01",
    "rating": "7",
    "author": "pont****",
    "review_id": "8997605",
    "movie_id": "10572"
  },
  {
    "review": "7~80년대 한국영화의 암흑기를 그대로 대변해 주는 그런수준.",
    "date": "14.03.09",
    "rating": "3",
    "author": "ykdi****",
    "review_id": "8564529",
    "movie_id": "10572"
  },
  {
    "review": "기대를 짓밟은 빈약한 노출씬에 놀라다.",
    "date": "13.03.04",
    "rating": "2",
    "author": "pria****",
    "review_id": "7323014",
    "movie_id": "10572"
  },
  {
    "review": "한국 애로 영화의 큰 획은 그은 영화의 시작이라고 할까",
    "date": "10.06.02",
    "rating": "5",
    "author": "deff****",
    "review_id": "4539576",
    "movie_id": "10572"
  },
  {
    "review": "괜히 말을 등장시켜서 ,말초신경만 자극하는 3류에로 무비.예술을 빙자한 사기극.",
    "date": "10.04.14",
    "rating": "1",
    "author": "baks****",
    "review_id": "4431746",
    "movie_id": "10572"
  },
  {
    "review": "B급에로물이지만, '애마부인'이 자리매김한 한국영화에서의 역사성은 부정할 수 없다",
    "date": "10.01.13",
    "rating": "6",
    "author": "mygr****",
    "review_id": "4164559",
    "movie_id": "10572"
  },
  {
    "review": "애마부인은 우리 문화가 다양하게 커나갈수 있게해준 엄청난 존재감을 갖춘 영화.",
    "date": "09.08.28",
    "rating": "10",
    "author": "smil****",
    "review_id": "3794733",
    "movie_id": "10572"
  },
  {
    "review": "에로영화로만 알려진게 안타깝다...영상미와 음악 너무 아름다운영화...",
    "date": "09.06.06",
    "rating": "10",
    "author": "turb****",
    "review_id": "3548609",
    "movie_id": "10572"
  },
  {
    "review": "부실한 내용과 형편없는 연출, 한국영화 암흑기에 만들어진 작품다운 졸작",
    "date": "09.06.03",
    "rating": "2",
    "author": "cine****",
    "review_id": "3543025",
    "movie_id": "10572"
  },
  {
    "review": "영화 이외에도, '애마부인'이란 상징성은 커다란 이슈였음. 조금씩 변하고 있었다.",
    "date": "09.04.02",
    "rating": "6",
    "author": "acin****",
    "review_id": "3400412",
    "movie_id": "10572"
  },
  {
    "review": "에로영화의 큰장을 연애마부인1탄 최고닷..ㅋ",
    "date": "08.08.05",
    "rating": "10",
    "author": "rain****",
    "review_id": "2837159",
    "movie_id": "10572"
  },
  {
    "review": "주정이의 '서글픈사랑' 넘좋다. 주제가만으로도10점",
    "date": "07.03.04",
    "rating": "10",
    "author": "rriu****",
    "review_id": "1517634",
    "movie_id": "10572"
  },
  {
    "review": "당시로써는 파격적인 영상미와 스토리라인!!",
    "date": "07.03.04",
    "rating": "8",
    "author": "hide****",
    "review_id": "1517006",
    "movie_id": "10572"
  },
  {
    "review": "이거 KBS2에서 토요일 해요... 뭐지~ㅋㅋㅋㅋㅋㅋㅋ",
    "date": "07.03.01",
    "rating": "10",
    "author": "nabi****",
    "review_id": "1509775",
    "movie_id": "10572"
  },
  {
    "review": "ㅁㅊ 이걸 kbs한다나?ㅋㅋㅋ 졸황당",
    "date": "07.02.25",
    "rating": "10",
    "author": "kims****",
    "review_id": "1499875",
    "movie_id": "10572"
  },
  {
    "review": "성차별 성억압에 대한 비판...",
    "date": "07.01.28",
    "rating": "10",
    "author": "cmh4****",
    "review_id": "1420261",
    "movie_id": "10572"
  },
  {
    "review": "당시 시대상에 부압하려는 시도는 좋았다.....",
    "date": "07.01.21",
    "rating": "6",
    "author": "1415****",
    "review_id": "1403276",
    "movie_id": "10572"
  },
  {
    "review": "명작 에로물",
    "date": "06.08.02",
    "rating": "10",
    "author": "zeed****",
    "review_id": "959176",
    "movie_id": "10572"
  },
  {
    "review": "최장 시리즈 탄생의 서막! 각 시대적 기준의 느낌은 다양할테지",
    "date": "05.12.15",
    "rating": "3",
    "author": "tara****",
    "review_id": "505723",
    "movie_id": "10572"
  },
  {
    "review": "오 예~~~~~~~~~~~~~~",
    "date": "04.11.25",
    "rating": "6",
    "author": "taaz****",
    "review_id": "151509",
    "movie_id": "10572"
  },
  {
    "review": "어렸을때 이게 왜 그렇게 보고싶었었는지...ㅋㅋㅋ",
    "date": "04.11.08",
    "rating": "6",
    "author": "htop****",
    "review_id": "142369",
    "movie_id": "10572"
  },
  {
    "review": "지금보면 매우 심심한 장면들이 과거에는 이렇게까지 충격이었다..",
    "date": "04.10.09",
    "rating": "5",
    "author": "inst****",
    "review_id": "122952",
    "movie_id": "10572"
  },
  {
    "review": "보통이다",
    "date": "04.07.06",
    "rating": "3",
    "author": "hjjm****",
    "review_id": "66220",
    "movie_id": "10572"
  },
  {
    "review": "우리나라 대표 영화다 그래서 난 그렇게 생각한다",
    "date": "04.03.22",
    "rating": "10",
    "author": "kss1****",
    "review_id": "30744",
    "movie_id": "10572"
  }
]