[
  {
    "review": "그리운 애마 누님들..",
    "date": "14.09.30",
    "rating": "6",
    "author": "pont****",
    "review_id": "9249856",
    "movie_id": "10573"
  },
  {
    "review": "처가는,사랑하는누라를 위해,다른여자와의관계를해야만한다?걱정마세요",
    "date": "12.03.23",
    "rating": "2",
    "author": "baks****",
    "review_id": "6161929",
    "movie_id": "10573"
  },
  {
    "review": "최고다",
    "date": "11.01.19",
    "rating": "10",
    "author": "ezha****",
    "review_id": "5169843",
    "movie_id": "10573"
  },
  {
    "review": "오수비를 알리게 한 작품 애마부인도 여러 명의 여배우를 뜨게 하지",
    "date": "10.06.03",
    "rating": "3",
    "author": "deff****",
    "review_id": "4543091",
    "movie_id": "10573"
  },
  {
    "review": "\"애마부인\"이란 이름에 진정으로 \"3류\"란 딱지를 달게 한 첫 작품..",
    "date": "10.04.15",
    "rating": "2",
    "author": "mygr****",
    "review_id": "4433121",
    "movie_id": "10573"
  },
  {
    "review": "선정성은 1편보다 심하지만 내용은 1편이 더남...",
    "date": "07.01.21",
    "rating": "6",
    "author": "1415****",
    "review_id": "1403286",
    "movie_id": "10573"
  },
  {
    "review": "볼만함",
    "date": "06.08.04",
    "rating": "8",
    "author": "zeed****",
    "review_id": "967717",
    "movie_id": "10573"
  }
]