[
  {
    "review": "김부선 아줌마와 씨름선수의 이종격투기 한 판!",
    "date": "14.10.16",
    "rating": "5",
    "author": "pont****",
    "review_id": "9294899",
    "movie_id": "10574"
  },
  {
    "review": "떡볶이집아줌마는 길거리에서,캐스팅된건 아니었군요...그날 현수(미성년자)는...음.",
    "date": "12.03.26",
    "rating": "2",
    "author": "baks****",
    "review_id": "6170068",
    "movie_id": "10574"
  },
  {
    "review": "애마부인 ㅋㅋㅋ 권상우 녹이다",
    "date": "11.09.02",
    "rating": "10",
    "author": "yooc****",
    "review_id": "5703892",
    "movie_id": "10574"
  },
  {
    "review": "더 최고다",
    "date": "11.01.19",
    "rating": "10",
    "author": "ezha****",
    "review_id": "5169846",
    "movie_id": "10574"
  },
  {
    "review": "김부선 이 작품으로 조금 뜨지 지금은 뭐 하는지",
    "date": "10.06.03",
    "rating": "3",
    "author": "deff****",
    "review_id": "4543096",
    "movie_id": "10574"
  },
  {
    "review": "김부선의 염해리 적 탱탱한 모습을 보는 게 그나마 재미라면 재미랄까",
    "date": "10.04.23",
    "rating": "3",
    "author": "mygr****",
    "review_id": "4449168",
    "movie_id": "10574"
  },
  {
    "review": "이정길 베드신은 나오지도 않고~ ㅋㅋ 주연은 이정길~ㅋㅋㅋ",
    "date": "09.08.07",
    "rating": "10",
    "author": "eles****",
    "review_id": "3719057",
    "movie_id": "10574"
  },
  {
    "review": "김부선 역시 배드씬 잘하더라",
    "date": "09.01.30",
    "rating": "10",
    "author": "rnwn****",
    "review_id": "3263856",
    "movie_id": "10574"
  },
  {
    "review": "정인엽 다운 !!!",
    "date": "07.01.28",
    "rating": "9",
    "author": "cmh4****",
    "review_id": "1420268",
    "movie_id": "10574"
  },
  {
    "review": "연기 압권!",
    "date": "06.08.04",
    "rating": "10",
    "author": "zeed****",
    "review_id": "967721",
    "movie_id": "10574"
  },
  {
    "review": "한번도 보지는  못했지만  한번  보고싶어요  너무나 이",
    "date": "04.09.16",
    "rating": "4",
    "author": "sos8****",
    "review_id": "109141",
    "movie_id": "10574"
  }
]