[
  {
    "review": "명작",
    "date": "13.09.01",
    "rating": "8",
    "author": "alem****",
    "review_id": "7941403",
    "movie_id": "10584"
  },
  {
    "review": "걍 짱임",
    "date": "13.08.17",
    "rating": "10",
    "author": "davi****",
    "review_id": "7896316",
    "movie_id": "10584"
  },
  {
    "review": "어려서였을까. 그냥 호구오빠 애잔한데 귀엽네가 감상의 전부였다. 갈대밭에 멀리 잡힌 남자 모습이 스틸컷으로 기억에 남아있는데 리메이크버전인지. 어쩃든.. 이성고민이 최대난제였던 과거의 내가 부럽다고~..",
    "date": "13.06.06",
    "rating": "8",
    "author": "baba****",
    "review_id": "7587685",
    "movie_id": "10584"
  },
  {
    "review": "올해 나온 버젼 보다 이 버젼이 원작에 더 충실해서 좋더군요. 소설에 나오는 대사 하나하나를 원작 그대로 썼으니 지루하다 생각하지 마시고... 그리고 로버트 레드포드 그냥 잘생겼;;;.......",
    "date": "13.05.31",
    "rating": "9",
    "author": "zooe****",
    "review_id": "7565322",
    "movie_id": "10584"
  },
  {
    "review": "감독 얼굴확대 굉장히 좋아한다..",
    "date": "13.05.25",
    "rating": "5",
    "author": "bana****",
    "review_id": "7554353",
    "movie_id": "10584"
  },
  {
    "review": "OO 두줄에 스포가 있잖아 개씨1발 지금 소설초반부 읽는중인데",
    "date": "13.05.21",
    "rating": "1",
    "author": "fina****",
    "review_id": "7546486",
    "movie_id": "10584"
  },
  {
    "review": "ㅠㅠ 저 이영화는 어디서 어떻게 보신건가요? 디비디도 다 품절이라고 나오고 p2p사이트에서도 못찾겠고.. 보고싶은데 ㅠㅠ",
    "date": "13.05.20",
    "rating": "8",
    "author": "zaus****",
    "review_id": "7544686",
    "movie_id": "10584"
  },
  {
    "review": "난 이번에 나온 개츠비영화보다 더 좋던데 평점이 낮네. 이영화가 더 시대적 배경을 표현잘하고 공허한 느낌과 연출도괜찮던데. 뭣보다 미아 패로우가 최고였다.",
    "date": "13.05.19",
    "rating": "9",
    "author": "kaie****",
    "review_id": "7543006",
    "movie_id": "10584"
  },
  {
    "review": "명작이라 불리우는 원작의  재미를 느끼기에는 너무 지루한 영화",
    "date": "13.05.19",
    "rating": "5",
    "author": "92gu****",
    "review_id": "7541932",
    "movie_id": "10584"
  },
  {
    "review": "아놔,,, 원작은 졸면서 읽었지만, 영화를 보니 이런 내용이었군... 여주인공 캐릭터...진짜..... ....화나네...",
    "date": "13.05.18",
    "rating": "8",
    "author": "pass****",
    "review_id": "7539930",
    "movie_id": "10584"
  },
  {
    "review": "정말 시간 가는 줄 몰랐다. 영어 공부 열심히 해서 원서 읽고 싶을 정도",
    "date": "13.05.04",
    "rating": "10",
    "author": "band****",
    "review_id": "7504611",
    "movie_id": "10584"
  },
  {
    "review": "정말 지루하다.. 2시간20분짜리 영환데 30분 정도로 압축하면 딱 좋을 듯..",
    "date": "13.04.27",
    "rating": "5",
    "author": "katy****",
    "review_id": "7486618",
    "movie_id": "10584"
  },
  {
    "review": "원작에 충실한 영화. 단순히 영화적 긴장감만 생각한다면 좀 더 중간중간 편집하는 게 좋겠다 싶긴 하지만 책의 호흡을 생각하면 이 정도 흐름도 나쁘지 않다. 그리고 70년대작이란 것도 감안해서. 내가 책을 읽으면서 상상했던 모습 그대로여서 놀랬다.",
    "date": "13.04.21",
    "rating": "8",
    "author": "blan****",
    "review_id": "7471726",
    "movie_id": "10584"
  },
  {
    "review": "태양은 가득히 정도의 명성을 얻을 수 있는 작품이었을 것 같은데, 영화의 결말처럼 작품 역시 꿀꿀한 평가에 머물고 마는구나... 곧 개봉 할 디카프리오판 개츠비는 또 어떨런지.... 레드포드와 디카프리오의 분위기가 은근히 비슷한 것 같기도하고...",
    "date": "13.04.09",
    "rating": "9",
    "author": "heod****",
    "review_id": "7445135",
    "movie_id": "10584"
  },
  {
    "review": "원작을 원문,번역 다 읽었고 나름 이책에대해서 공부도 했었는데 이영화 참 마음에 들었음 시간가는줄 모르고 봤네 이번에 나오는 디카프리오 주연 위대한게츠비도 기대중",
    "date": "13.03.21",
    "rating": "9",
    "author": "dohd****",
    "review_id": "7385317",
    "movie_id": "10584"
  },
  {
    "review": "1920년대의 화려함이 너무 마음에듬",
    "date": "13.02.06",
    "rating": "10",
    "author": "ojy0****",
    "review_id": "7231331",
    "movie_id": "10584"
  },
  {
    "review": "마음한쪽이 아련해지네요.....",
    "date": "13.02.01",
    "rating": "10",
    "author": "2611****",
    "review_id": "7209353",
    "movie_id": "10584"
  },
  {
    "review": "참나...어휴...",
    "date": "13.01.28",
    "rating": "2",
    "author": "bleu****",
    "review_id": "7188232",
    "movie_id": "10584"
  },
  {
    "review": "원작에 아주충실한영화. 책만큼이나 보고나면 우울함",
    "date": "13.01.02",
    "rating": "7",
    "author": "dlat****",
    "review_id": "7073739",
    "movie_id": "10584"
  },
  {
    "review": "상실의 시대를 쓴 무라야미 히루키님 소설에 많이 언급되는 원작소설.. 원작이 훌륭하니 배우들의 부담이 만만치 않았었을 것~!! 그래도 아낌없이 주련다 별별별",
    "date": "12.12.29",
    "rating": "10",
    "author": "spar****",
    "review_id": "7061072",
    "movie_id": "10584"
  },
  {
    "review": "랄프로렌 의상은 볼만하다",
    "date": "12.05.30",
    "rating": "5",
    "author": "rd72****",
    "review_id": "6348314",
    "movie_id": "10584"
  },
  {
    "review": "한국사회와 별반다를바없음. 메시지가 큰 영화",
    "date": "12.05.09",
    "rating": "10",
    "author": "dwte****",
    "review_id": "6284992",
    "movie_id": "10584"
  },
  {
    "review": "소설의 내용을 단순히 시각적으로 나열하는데 급급한. 영화의상은 참 아름다운데...",
    "date": "12.02.14",
    "rating": "5",
    "author": "aldu****",
    "review_id": "6073937",
    "movie_id": "10584"
  },
  {
    "review": "인생 허무하다 허무해...",
    "date": "11.12.29",
    "rating": "7",
    "author": "iss2****",
    "review_id": "5944733",
    "movie_id": "10584"
  },
  {
    "review": "30분 보고 껏다. 다시한번 시계태엽오렌지의 감독 스탠리큐브릭의 위대함을 알았다.",
    "date": "11.11.27",
    "rating": "4",
    "author": "hwj0****",
    "review_id": "5873802",
    "movie_id": "10584"
  },
  {
    "review": "정교하다",
    "date": "11.08.21",
    "rating": "9",
    "author": "jhsu****",
    "review_id": "5676372",
    "movie_id": "10584"
  },
  {
    "review": "역시 내 기대를 넘어선 영화다",
    "date": "11.03.01",
    "rating": "10",
    "author": "geeh****",
    "review_id": "5285802",
    "movie_id": "10584"
  },
  {
    "review": "원작과'절대'비교할순없지만의상,캐스팅,연기는상당히좋았다.",
    "date": "11.01.07",
    "rating": "8",
    "author": "mana****",
    "review_id": "5135818",
    "movie_id": "10584"
  },
  {
    "review": "톰과 머틀 빼면 캐스팅도 괜찮았고 원작을 최대한 세세하게 살리려는 의도가 돋보였던",
    "date": "10.12.25",
    "rating": "9",
    "author": "luvl****",
    "review_id": "5085661",
    "movie_id": "10584"
  },
  {
    "review": "로맨티스트 개츠비",
    "date": "10.12.23",
    "rating": "10",
    "author": "miss****",
    "review_id": "5078329",
    "movie_id": "10584"
  },
  {
    "review": "소설원작을 안 읽어봐서 모르겠지만 너무 밋밋해서 전혀 집중할 수가 없었다.",
    "date": "10.12.12",
    "rating": "2",
    "author": "bbq2****",
    "review_id": "5047993",
    "movie_id": "10584"
  },
  {
    "review": "개츠비의 한여자를 위한삶... 위대하고말고..",
    "date": "10.11.10",
    "rating": "10",
    "author": "yytt****",
    "review_id": "4949224",
    "movie_id": "10584"
  },
  {
    "review": "사랑에 배신당한 개츠비 하지만 그는 위대했다..",
    "date": "10.10.28",
    "rating": "9",
    "author": "dm05****",
    "review_id": "4925068",
    "movie_id": "10584"
  },
  {
    "review": "작품성, 연기력을 다떠나서 영화자체가 재미없다, 오직 레포트를위해 끝까지 봤다",
    "date": "10.09.05",
    "rating": "5",
    "author": "odau****",
    "review_id": "4817478",
    "movie_id": "10584"
  },
  {
    "review": "개츠비의 슬픈 순애보ㅠㅠ",
    "date": "10.07.18",
    "rating": "10",
    "author": "vale****",
    "review_id": "4649045",
    "movie_id": "10584"
  },
  {
    "review": "명작이 될 수도 있었던 영화",
    "date": "10.02.15",
    "rating": "4",
    "author": "pria****",
    "review_id": "4283356",
    "movie_id": "10584"
  },
  {
    "review": "왠지기분이싫음",
    "date": "09.07.01",
    "rating": "1",
    "author": "my30****",
    "review_id": "3604044",
    "movie_id": "10584"
  },
  {
    "review": "제대로 망쳐놨네. 와우",
    "date": "07.11.04",
    "rating": "1",
    "author": "kuic****",
    "review_id": "2132664",
    "movie_id": "10584"
  },
  {
    "review": "짱",
    "date": "07.10.30",
    "rating": "10",
    "author": "head****",
    "review_id": "2123278",
    "movie_id": "10584"
  },
  {
    "review": "밑에쓰신분책을읽으시고보신건가요데이지의목소리톰캐스팅-_-",
    "date": "07.09.22",
    "rating": "5",
    "author": "polo****",
    "review_id": "2036909",
    "movie_id": "10584"
  },
  {
    "review": "아쉬워라",
    "date": "05.12.18",
    "rating": "7",
    "author": "sogu****",
    "review_id": "511667",
    "movie_id": "10584"
  },
  {
    "review": "원작을 따라하나 막상 중요(?)한 부분은 희한하게 고치는 센스",
    "date": "05.11.22",
    "rating": "2",
    "author": "bjki****",
    "review_id": "482128",
    "movie_id": "10584"
  },
  {
    "review": "원작에 미치지 못해서 안타깝다..",
    "date": "05.11.20",
    "rating": "6",
    "author": "nons****",
    "review_id": "479243",
    "movie_id": "10584"
  },
  {
    "review": "차라리 책으로 봐라~",
    "date": "05.09.16",
    "rating": "1",
    "author": "knoc****",
    "review_id": "407731",
    "movie_id": "10584"
  },
  {
    "review": "다소 지루한...",
    "date": "04.11.25",
    "rating": "7",
    "author": "chki****",
    "review_id": "151573",
    "movie_id": "10584"
  },
  {
    "review": "평론가들로부터 호된 비평을 받은 이유가 궁금한 영화 너무 좋았다",
    "date": "04.11.08",
    "rating": "10",
    "author": "vigi****",
    "review_id": "142074",
    "movie_id": "10584"
  },
  {
    "review": "great movie! =)",
    "date": "04.11.01",
    "rating": "10",
    "author": "myle****",
    "review_id": "137164",
    "movie_id": "10584"
  },
  {
    "review": "어메리칸드림이 죽은 시대에 꿈을 가진 미국인의 위대함",
    "date": "04.06.19",
    "rating": "8",
    "author": "hyej****",
    "review_id": "56700",
    "movie_id": "10584"
  }
]