[
  {
    "review": "너무 슬프다ㅜㅜ시간 가는 줄 모르고 봤다bbb",
    "date": "15.04.08",
    "rating": "10",
    "author": "k104****",
    "review_id": "9834591",
    "movie_id": "10588"
  },
  {
    "review": "실버 극장 첨 나들이...  수잔브링크의 아리랑을 다시 영화관에서 볼줄이랴... ^^ 최진실의 연기와 추억을 다시금 끄집어 낼 수 있어 값진 시간...  멀리까지 갔다 온 보람이 있다",
    "date": "15.02.08",
    "rating": "9",
    "author": "suda****",
    "review_id": "9679369",
    "movie_id": "10588"
  },
  {
    "review": "어릴때봤지만 20년이지난 지금도 생각나는 인상깊은영화에요 오늘따라 다시보고싶어요",
    "date": "15.01.07",
    "rating": "10",
    "author": "alsg****",
    "review_id": "9569532",
    "movie_id": "10588"
  },
  {
    "review": "정말어릴때봤지만 아직도선명히기억나는작품..가슴이 먹먹해지고 진실언니가 그리워요...",
    "date": "14.10.05",
    "rating": "10",
    "author": "chlt****",
    "review_id": "9265162",
    "movie_id": "10588"
  },
  {
    "review": "눈물 나오게 만드는 영화",
    "date": "14.10.01",
    "rating": "7",
    "author": "adiv****",
    "review_id": "9252930",
    "movie_id": "10588"
  },
  {
    "review": "에휴... 최진실... 왜 그렇게... ㅜㅠ;;;",
    "date": "14.08.10",
    "rating": "7",
    "author": "popy****",
    "review_id": "9061462",
    "movie_id": "10588"
  },
  {
    "review": "연기도 연출도 좋았습니다....  가슴 먹먹해요...하늘에있는 최진실 안타깝습니다...그의 동생 최진영도...",
    "date": "14.08.05",
    "rating": "10",
    "author": "majj****",
    "review_id": "9033738",
    "movie_id": "10588"
  },
  {
    "review": "지옥의 한조각. 인생이 영화다.",
    "date": "14.07.30",
    "rating": "9",
    "author": "5292****",
    "review_id": "8987322",
    "movie_id": "10588"
  },
  {
    "review": "몇시간 전 Ebs에서 보고 왔어요. 실화라 너무 가슴 아프고 먹먹하네요. 당시 한국에서 입양아로 보내진 많은 아이들이 겪어야 했을 내면을 제대로 알 수 있었던 영화",
    "date": "14.07.28",
    "rating": "9",
    "author": "youe****",
    "review_id": "8971930",
    "movie_id": "10588"
  },
  {
    "review": "굳하다최진실연기도오랜만에",
    "date": "14.07.28",
    "rating": "10",
    "author": "heos****",
    "review_id": "8971671",
    "movie_id": "10588"
  },
  {
    "review": "실화라서 더 가슴 아픈...",
    "date": "14.07.28",
    "rating": "10",
    "author": "jari****",
    "review_id": "8971664",
    "movie_id": "10588"
  },
  {
    "review": "EBS 최고! 예전의 감동 그대로네요. 마지막 장면에선 나도 모르게 눈물이... 이젠 고인이 된 최진실의 모습이 투영되어서 더 애틋하고 맘이 짠하네요",
    "date": "14.07.28",
    "rating": "10",
    "author": "s980****",
    "review_id": "8971625",
    "movie_id": "10588"
  },
  {
    "review": "어릴때 이영화를보고 가난하지만 날 입양안시킨 부모님께 감사하단 생각을했었는데...다크고봐도 너무 슬프네..물론 입양아들이 다불행한건 아니겠지만...아직도 해외입양보내는 아이들이 많다던데 정말안타깝다 ㅠㅠ",
    "date": "14.07.28",
    "rating": "10",
    "author": "minn****",
    "review_id": "8971576",
    "movie_id": "10588"
  },
  {
    "review": "감동적인영화입니다Real",
    "date": "14.07.28",
    "rating": "10",
    "author": "hyun****",
    "review_id": "8971575",
    "movie_id": "10588"
  },
  {
    "review": "스토리때문에 울고 최진실 보고 또울고ㅠㅠ정말 훌륭한영화!!!",
    "date": "14.07.28",
    "rating": "10",
    "author": "kron****",
    "review_id": "8971559",
    "movie_id": "10588"
  },
  {
    "review": "이거 EBS에서보고 울었다.",
    "date": "14.07.28",
    "rating": "10",
    "author": "sws7****",
    "review_id": "8971551",
    "movie_id": "10588"
  },
  {
    "review": "지금도 일어나고 있을까요? 슬프고 안타까운 현실...",
    "date": "14.07.28",
    "rating": "10",
    "author": "nonl****",
    "review_id": "8971546",
    "movie_id": "10588"
  },
  {
    "review": "뻔한스토리지만 너무슬퍼서 펑펑울었어요",
    "date": "14.07.28",
    "rating": "9",
    "author": "so11****",
    "review_id": "8971534",
    "movie_id": "10588"
  },
  {
    "review": "정말 진심이 느껴지는 짠~한 영화...",
    "date": "14.07.28",
    "rating": "10",
    "author": "love****",
    "review_id": "8971494",
    "movie_id": "10588"
  },
  {
    "review": "누나가 피아노 치며 아리랑 부르는 장면이 아직도 생생하게 기억나요. 거기서 잘 계시죠? 꼭 행복해야해요 진실누나^^",
    "date": "14.07.28",
    "rating": "10",
    "author": "rlfe****",
    "review_id": "8971451",
    "movie_id": "10588"
  },
  {
    "review": "우와 이런 대단한 작품이있었다니 ㄷㄷㄷㄷ 최신질 연기력 대박",
    "date": "14.07.28",
    "rating": "10",
    "author": "qquu****",
    "review_id": "8971302",
    "movie_id": "10588"
  },
  {
    "review": "대단히 잘만들어진 작품 고최신질씨의 연기력이 발군임",
    "date": "14.07.28",
    "rating": "10",
    "author": "lobc****",
    "review_id": "8971293",
    "movie_id": "10588"
  },
  {
    "review": "오늘 다시보는데 벌써... 슬피고 생각이 많아지게 하는 영화",
    "date": "14.07.28",
    "rating": "10",
    "author": "siaw****",
    "review_id": "8971289",
    "movie_id": "10588"
  },
  {
    "review": "지금  EBS에서 하는데, 슬픈 내용도 내용이지만, 최고의 스타 최진실의 20대 모습을 보니 더 슬프다.",
    "date": "14.07.27",
    "rating": "10",
    "author": "cute****",
    "review_id": "8971179",
    "movie_id": "10588"
  },
  {
    "review": "입양이 미덕인 한국은 언제 되려나.",
    "date": "14.07.27",
    "rating": "10",
    "author": "yitf****",
    "review_id": "8971058",
    "movie_id": "10588"
  },
  {
    "review": "인간시대에서 엄마랑 상봉하는 장면보고 많이 울었는데 어렸을 적이지만 생생하게 기억난다. 모국의 음식 불고기와 김을 챙겨 먹고 한국말연습하던 그녀",
    "date": "14.07.27",
    "rating": "10",
    "author": "yang****",
    "review_id": "8970951",
    "movie_id": "10588"
  },
  {
    "review": "신유숙씨 암으로 사망 수잔 브링크, 스웨덴 입양아 신유숙씨가 최근 암으로 사망한 것으로 확인되었다. 국제입양인연합(UIA)는 2009년1월 23일 신유숙씨가 올해 46살로 암으로 세상을 떠났다고 밝히며...고인의 명복을 빕니다",
    "date": "14.07.21",
    "rating": "10",
    "author": "saku****",
    "review_id": "8936841",
    "movie_id": "10588"
  },
  {
    "review": "오늘따라 최진실 언니가 너무 그립습니다.되돌릴수만있다면 .. 그곳에서 동생분과 행복하시길 항상 기도합니다.너무 많이 그립네요. .",
    "date": "14.07.14",
    "rating": "10",
    "author": "swit****",
    "review_id": "8917188",
    "movie_id": "10588"
  },
  {
    "review": "이영화 다시보고싶은데 구할데가 없을까~",
    "date": "14.06.29",
    "rating": "9",
    "author": "pret****",
    "review_id": "8867123",
    "movie_id": "10588"
  },
  {
    "review": "청소년기에 봤던 영화..정말 충격적이면서도 감동적이었늠",
    "date": "14.06.14",
    "rating": "10",
    "author": "seen****",
    "review_id": "8830493",
    "movie_id": "10588"
  },
  {
    "review": "92년생인데 어릴적 TV에서 보여준거 봤는데 너무 슬퍼서 잊혀지지 않는다 ㅠㅠ 그 느낌이 너무 좋아 다시 보게됨",
    "date": "14.05.29",
    "rating": "10",
    "author": "hong****",
    "review_id": "8774590",
    "movie_id": "10588"
  },
  {
    "review": "91년도에 극장에서 정말 감동적으로 봤는데.. 네이버 평점을 보니 저같은 분이 많으신가 봐요.. 한가지 안타까운건 수잔 브링크 님은 2009년 1월에 암으로 돌아가셨습니다.. 삼가 고인의 명복을 빕니다..",
    "date": "14.05.15",
    "rating": "10",
    "author": "neyc****",
    "review_id": "8734526",
    "movie_id": "10588"
  },
  {
    "review": "92년생인 내가 이 영화를 보고, 또 이영화를 기억하고 있다는 사실이 신기하다. 어린 나이에  받아들이기에 슬프고 무거웠던 영화였다...",
    "date": "14.05.12",
    "rating": "9",
    "author": "char****",
    "review_id": "8725945",
    "movie_id": "10588"
  },
  {
    "review": "영화도 배우도 마음을 너무 슬프게 하는 영화 ..정말 꺽꺽대면서 봤는데 이거본지 10년도 훌쩍넘은거 같은데 다크서클 가득낀채로 마트 장보던 최진실의 모습이 떠나지 않네요",
    "date": "14.03.13",
    "rating": "10",
    "author": "zhde****",
    "review_id": "8571483",
    "movie_id": "10588"
  },
  {
    "review": "다시보니 예전에 첨봤을때보단 별루임.",
    "date": "14.02.24",
    "rating": "8",
    "author": "kis5****",
    "review_id": "8534599",
    "movie_id": "10588"
  },
  {
    "review": "그 당시 필자는 매우 어린 나이였지만 이 영화로 하여금, 외국어(영어) 라는것을 처음 알았던 기억이 납니다. 그 전에는 한국어만 있는줄 알았죠. --;; 주인공 수잔이 유년시절 입양 보내져 양모와 형제들에게 멸시 받았던 설움. 슬프게 본영화였어요.",
    "date": "14.01.12",
    "rating": "10",
    "author": "auth****",
    "review_id": "8374084",
    "movie_id": "10588"
  },
  {
    "review": "수건 들고 1시간 이상 울게 했던 영화...ㅠ.ㅠ",
    "date": "13.07.10",
    "rating": "9",
    "author": "nanq****",
    "review_id": "7722650",
    "movie_id": "10588"
  },
  {
    "review": "끝까지 보진 못했지만, 어렸을 적 충격적으로 슬펐던 영화.",
    "date": "12.08.13",
    "rating": "10",
    "author": "minj****",
    "review_id": "6599457",
    "movie_id": "10588"
  },
  {
    "review": "다시 보고싶은 영화,, 나라면 어떻게 되었을까???",
    "date": "12.07.08",
    "rating": "10",
    "author": "pooh****",
    "review_id": "6461271",
    "movie_id": "10588"
  },
  {
    "review": "너무 슬펐던,,,ㅠㅠ",
    "date": "12.03.02",
    "rating": "10",
    "author": "ekc_****",
    "review_id": "6117908",
    "movie_id": "10588"
  },
  {
    "review": "개봉당시 센세이셔널했다",
    "date": "12.02.05",
    "rating": "8",
    "author": "nike****",
    "review_id": "6053881",
    "movie_id": "10588"
  },
  {
    "review": "어릴 때 보고 정말 펑펑 울었던 기억이 나네요",
    "date": "11.09.17",
    "rating": "9",
    "author": "upit****",
    "review_id": "5736383",
    "movie_id": "10588"
  },
  {
    "review": "어렸을때 봤는데 많이 안타깝고 가슴아팠던 영화",
    "date": "11.09.06",
    "rating": "8",
    "author": "naeg****",
    "review_id": "5711375",
    "movie_id": "10588"
  },
  {
    "review": "국민학교때'수잔브링크의아리랑'을보며'최진실'이라는배우를처음알게된영화..",
    "date": "11.05.28",
    "rating": "9",
    "author": "arte****",
    "review_id": "5451849",
    "movie_id": "10588"
  },
  {
    "review": "초등생때 봤는데 너무 재밌고 슬펐다 지금보면 어떨지몰라도 아직까지 기억에 남는다",
    "date": "10.09.12",
    "rating": "9",
    "author": "rudd****",
    "review_id": "4832395",
    "movie_id": "10588"
  },
  {
    "review": "최진실이 가장 아름답게 나온영화인것같다!! 이영화보고 완전 팬됨!!!!",
    "date": "10.07.15",
    "rating": "10",
    "author": "bin1****",
    "review_id": "4642395",
    "movie_id": "10588"
  },
  {
    "review": "좋은얘기다놔두고,이딴스토리만,인간승리로포장하고싶은,그심리를정말이해할수가없다.",
    "date": "09.11.19",
    "rating": "2",
    "author": "baks****",
    "review_id": "3976359",
    "movie_id": "10588"
  },
  {
    "review": "그땐 너무 어렸을때봐서 이해가 가질 않았는데 지금은 참 기분이 꽁기꽁기하네요;;",
    "date": "09.08.11",
    "rating": "10",
    "author": "boyx****",
    "review_id": "3735613",
    "movie_id": "10588"
  },
  {
    "review": "포토중 첫번째 검정 조끼를 입은 최진실은 정말 미인이네",
    "date": "09.08.06",
    "rating": "10",
    "author": "busa****",
    "review_id": "3715053",
    "movie_id": "10588"
  },
  {
    "review": "어렸을때 진짜 재밌게봤음..",
    "date": "09.02.24",
    "rating": "10",
    "author": "jkh0****",
    "review_id": "3328878",
    "movie_id": "10588"
  },
  {
    "review": "초등학교때 접했던영화치곤 기억에아주많이남았던영화 재미도있고 최진실씨가그립네요",
    "date": "09.02.22",
    "rating": "10",
    "author": "mebo****",
    "review_id": "3323292",
    "movie_id": "10588"
  },
  {
    "review": "수잔 브링크씨 삼가 고인의 명복을 빕니다. 정말 안타깝네요ㅠ.ㅠ",
    "date": "09.02.21",
    "rating": "10",
    "author": "fres****",
    "review_id": "3322552",
    "movie_id": "10588"
  },
  {
    "review": "수잔 브링크씨...고인의 명복을 빕니다.최진실씨도 보고 싶네요..흑흑..",
    "date": "09.02.21",
    "rating": "10",
    "author": "pian****",
    "review_id": "3321754",
    "movie_id": "10588"
  },
  {
    "review": "영화 실제 인물인 수잔 브링크 씨가 암으로 투병 중 돌아가셨다고 하네요..",
    "date": "09.02.21",
    "rating": "10",
    "author": "4509****",
    "review_id": "3320641",
    "movie_id": "10588"
  },
  {
    "review": "정말 어릴때 봤지만 기억에서 지워지지 않는 영화",
    "date": "09.01.04",
    "rating": "10",
    "author": "gosi****",
    "review_id": "3184954",
    "movie_id": "10588"
  },
  {
    "review": "당시 실화를 바탕으로 만든 영화였음!",
    "date": "08.12.15",
    "rating": "10",
    "author": "mwsi****",
    "review_id": "3119189",
    "movie_id": "10588"
  },
  {
    "review": "내가 접한 첫 영화. 뇌리에서 사라지지 않던 첫번째 영화.",
    "date": "08.11.24",
    "rating": "10",
    "author": "woqj****",
    "review_id": "3069726",
    "movie_id": "10588"
  },
  {
    "review": "친모오빠찾은 후 사업한다고 돈 뜯기고 오히려 양부모 곁으로 돌아가게 된...",
    "date": "08.10.31",
    "rating": "10",
    "author": "kooo****",
    "review_id": "3028624",
    "movie_id": "10588"
  },
  {
    "review": "시간이 지난 지금까지도 잊혀지지 않는 영화입니다.",
    "date": "08.10.13",
    "rating": "10",
    "author": "il53****",
    "review_id": "2998497",
    "movie_id": "10588"
  },
  {
    "review": "너무너무 예쁘고 인간미 있는 사람 최진실... 마음속 깊은곳을 어루만져준다.",
    "date": "08.10.11",
    "rating": "10",
    "author": "habr****",
    "review_id": "2994480",
    "movie_id": "10588"
  },
  {
    "review": "20년가끼이된영화라고는 믿기지 않을정도의 퀄리티와 스토리",
    "date": "08.10.05",
    "rating": "10",
    "author": "do1l****",
    "review_id": "2985048",
    "movie_id": "10588"
  },
  {
    "review": "실화가 더 영화 같았던...",
    "date": "08.08.01",
    "rating": "5",
    "author": "meth****",
    "review_id": "2825318",
    "movie_id": "10588"
  },
  {
    "review": "10년도 넘은 영화지만 지금봐도 괜찮은거 같다. 입양아들의 아픔을 되새겨보는 영화",
    "date": "08.06.29",
    "rating": "8",
    "author": "audd****",
    "review_id": "2728551",
    "movie_id": "10588"
  },
  {
    "review": "최진실의 재발견 ? ? 다시봐도 감동적인영화~",
    "date": "08.05.16",
    "rating": "10",
    "author": "yowl****",
    "review_id": "2644894",
    "movie_id": "10588"
  },
  {
    "review": "7살 꼬맹이적에 보고 펑펑 울었던 영화.. 아직도 가슴에 남아있는..",
    "date": "08.04.08",
    "rating": "10",
    "author": "shye****",
    "review_id": "2566940",
    "movie_id": "10588"
  },
  {
    "review": "보면서 얼마나 울었는지 모른다.. 정말이지 최진실 연기력은 대단하다.. 감동",
    "date": "08.03.10",
    "rating": "10",
    "author": "alth****",
    "review_id": "2514463",
    "movie_id": "10588"
  },
  {
    "review": "정말...오늘 특집으로 봤는데 정말 연기 잘했음...",
    "date": "08.02.22",
    "rating": "9",
    "author": "cind****",
    "review_id": "2472277",
    "movie_id": "10588"
  },
  {
    "review": "질질짜는영화. 지금의 최진실이 딱 그꼴이다.",
    "date": "08.02.14",
    "rating": "4",
    "author": "evil****",
    "review_id": "2445103",
    "movie_id": "10588"
  },
  {
    "review": "오늘 갑자기 떠오르네요. 최진실의 연기도...일품.",
    "date": "08.01.27",
    "rating": "10",
    "author": "siss****",
    "review_id": "2376519",
    "movie_id": "10588"
  },
  {
    "review": "10년도 더된영화인데 무언가 감명깊었다",
    "date": "08.01.05",
    "rating": "10",
    "author": "yeun****",
    "review_id": "2300615",
    "movie_id": "10588"
  },
  {
    "review": "당시 화제였던 이야기",
    "date": "07.11.22",
    "rating": "8",
    "author": "dcap****",
    "review_id": "2174246",
    "movie_id": "10588"
  },
  {
    "review": "실화라는 감동만을 믿고 간 다소 무책임한 각본과 연출..",
    "date": "07.09.01",
    "rating": "5",
    "author": "skat****",
    "review_id": "1993532",
    "movie_id": "10588"
  },
  {
    "review": "현재 수잔브링크는 어떻게 살고 있을까? 쓰레기같은 부모형제에게",
    "date": "07.08.27",
    "rating": "10",
    "author": "miss****",
    "review_id": "1984403",
    "movie_id": "10588"
  },
  {
    "review": "이거 너무 슬펐음..",
    "date": "07.08.24",
    "rating": "8",
    "author": "lsk2****",
    "review_id": "1973596",
    "movie_id": "10588"
  },
  {
    "review": "최진실 영화중 가장 뛰어난 작품",
    "date": "07.08.08",
    "rating": "6",
    "author": "lsh1****",
    "review_id": "1907303",
    "movie_id": "10588"
  },
  {
    "review": "오래 전에 봤는데.. 재밌긴 무지 재밌었다",
    "date": "07.06.15",
    "rating": "10",
    "author": "gnwl****",
    "review_id": "1702605",
    "movie_id": "10588"
  },
  {
    "review": "언젠진 모르겠지만초1쯤에진짜슬프고재밌던영화.또보고싶음.난92년생",
    "date": "07.06.08",
    "rating": "10",
    "author": "whgp****",
    "review_id": "1690644",
    "movie_id": "10588"
  },
  {
    "review": "내가 본영화중 가장 많이 울었던 영화.....",
    "date": "07.05.16",
    "rating": "10",
    "author": "banl****",
    "review_id": "1641555",
    "movie_id": "10588"
  },
  {
    "review": "위대한 명작이다... 해외 입양.. 우리 사회의 어두운 부분을 잘 꼬집고 있다..",
    "date": "07.04.27",
    "rating": "10",
    "author": "self****",
    "review_id": "1607820",
    "movie_id": "10588"
  },
  {
    "review": "예전에 감명깊게 본 영화",
    "date": "07.04.01",
    "rating": "10",
    "author": "nell****",
    "review_id": "1566063",
    "movie_id": "10588"
  },
  {
    "review": "소설 이상의",
    "date": "07.01.27",
    "rating": "10",
    "author": "tsac****",
    "review_id": "1416832",
    "movie_id": "10588"
  },
  {
    "review": "옛날생각 나는 영화;;",
    "date": "06.12.30",
    "rating": "10",
    "author": "ollc****",
    "review_id": "1342838",
    "movie_id": "10588"
  },
  {
    "review": "7살때인가티비에서본거같은데 ㅠㅠ어렸을때엄청울면서봤던영화",
    "date": "06.11.03",
    "rating": "10",
    "author": "bora****",
    "review_id": "1213705",
    "movie_id": "10588"
  },
  {
    "review": "6년전쯤에 티비서보고눈물이멈추지않았던영화정말재미있었음",
    "date": "06.10.31",
    "rating": "10",
    "author": "luvs****",
    "review_id": "1208810",
    "movie_id": "10588"
  },
  {
    "review": "이건 한편의 다큐멘터리라고 봐도 무방할듯.",
    "date": "06.10.26",
    "rating": "10",
    "author": "wfy0****",
    "review_id": "1200281",
    "movie_id": "10588"
  },
  {
    "review": "어렸을적 엄청 울면서 본 기억이 있다..최진실..",
    "date": "06.10.08",
    "rating": "9",
    "author": "azel****",
    "review_id": "1172034",
    "movie_id": "10588"
  },
  {
    "review": "어렸을적 펑펑 울었던 기억이 있던 영화",
    "date": "06.09.28",
    "rating": "10",
    "author": "sbrl****",
    "review_id": "1147409",
    "movie_id": "10588"
  },
  {
    "review": "수잔 브링크란 입양아의 너무나 가슴아픈 실화랍니다.",
    "date": "06.09.18",
    "rating": "10",
    "author": "jass****",
    "review_id": "1129804",
    "movie_id": "10588"
  },
  {
    "review": "최진실의드문걸작...",
    "date": "06.09.10",
    "rating": "9",
    "author": "reki****",
    "review_id": "1116168",
    "movie_id": "10588"
  },
  {
    "review": "명작입니다",
    "date": "06.08.02",
    "rating": "10",
    "author": "zeed****",
    "review_id": "959190",
    "movie_id": "10588"
  },
  {
    "review": "한때 이슈..였었음",
    "date": "06.07.24",
    "rating": "8",
    "author": "saru****",
    "review_id": "920064",
    "movie_id": "10588"
  },
  {
    "review": "정말 펑펑 울면서 보았었지",
    "date": "06.07.23",
    "rating": "10",
    "author": "game****",
    "review_id": "917805",
    "movie_id": "10588"
  },
  {
    "review": "하도 울어서 크리넥스 한 통을 다 썼던 영화..",
    "date": "06.07.16",
    "rating": "10",
    "author": "true****",
    "review_id": "895679",
    "movie_id": "10588"
  },
  {
    "review": "눈물 호호호호홓 눈물이 날라구래",
    "date": "06.06.04",
    "rating": "10",
    "author": "popo****",
    "review_id": "831310",
    "movie_id": "10588"
  },
  {
    "review": "극장포스터에 손수건을갖고오세요라고 써있던게 기억나네요",
    "date": "06.05.16",
    "rating": "10",
    "author": "suji****",
    "review_id": "801996",
    "movie_id": "10588"
  },
  {
    "review": "내가 한국인이기에,,, 이 영화를 형편없다고 말할 수 없다",
    "date": "06.04.08",
    "rating": "8",
    "author": "goma****",
    "review_id": "753384",
    "movie_id": "10588"
  },
  {
    "review": "정말 가슴아프게본영화~~~ 다시 보구싶은데 어케볼수없나",
    "date": "06.04.02",
    "rating": "10",
    "author": "cby0****",
    "review_id": "744701",
    "movie_id": "10588"
  },
  {
    "review": "해외입양아들을 다시 생각해보게 하는 영화!! 최고!!",
    "date": "06.03.13",
    "rating": "10",
    "author": "seon****",
    "review_id": "715877",
    "movie_id": "10588"
  },
  {
    "review": "어릴적에 너무 슬프게봤다..",
    "date": "05.09.04",
    "rating": "9",
    "author": "hong****",
    "review_id": "393635",
    "movie_id": "10588"
  },
  {
    "review": "정말 한국적인 영화",
    "date": "05.08.21",
    "rating": "10",
    "author": "webp****",
    "review_id": "377170",
    "movie_id": "10588"
  }
]