[
  {
    "review": "충실한 해석이 좀 밋밋하지만...",
    "date": "15.07.19",
    "rating": "7",
    "author": "ykdi****",
    "review_id": "10121445",
    "movie_id": "10580"
  },
  {
    "review": "대작. 하지만 책을 읽어야하고. 나폴레옹이 실패맀는데, 히틀러는 130년후에 왜 다시 시도했을까? 귀족들의 사랑 이야기가  초점인데 소설도 그럴까?",
    "date": "14.12.17",
    "rating": "8",
    "author": "clie****",
    "review_id": "9480202",
    "movie_id": "10580"
  },
  {
    "review": "솔직히 영화는 지루한데 전성기의 오드리 헵번과 멜 페러를 볼 수 있다는 점에서 10점 준다.",
    "date": "14.08.23",
    "rating": "10",
    "author": "rich****",
    "review_id": "9126330",
    "movie_id": "10580"
  },
  {
    "review": "이 영화는 한용기획에서 수입했었죠~ 개봉당시 극장에 열명채우기가 버거웠답니다. 시원하게 망했습니다.저희 아버지 회사였습니다",
    "date": "14.06.12",
    "rating": "5",
    "author": "jink****",
    "review_id": "8824804",
    "movie_id": "10580"
  },
  {
    "review": "결말이 해피엔딩이라서 좋으네요~",
    "date": "14.02.10",
    "rating": "9",
    "author": "iwtw****",
    "review_id": "8495237",
    "movie_id": "10580"
  },
  {
    "review": "제작비도 빵빵하게 지원받았겠다, 오드리햅번도 있겠다,, 별 고심없이 만든영화..",
    "date": "13.12.13",
    "rating": "4",
    "author": "qual****",
    "review_id": "8211538",
    "movie_id": "10580"
  },
  {
    "review": "책을 읽어야하는이유ㅠㅠ",
    "date": "13.11.22",
    "rating": "1",
    "author": "myls****",
    "review_id": "8160163",
    "movie_id": "10580"
  },
  {
    "review": "가장 어렵지만 필수적인 것은 삶이 괴로워도 사랑하는 것이다.     -톨스토이",
    "date": "13.09.08",
    "rating": "7",
    "author": "bbq2****",
    "review_id": "7959711",
    "movie_id": "10580"
  },
  {
    "review": "단지 오드리 햅번이 나올 뿐인 영화. 원작의 중요한 장면이며 인물들의 훌륭한 심리묘사를 전혀 살리지 못한채 돈만 많이 들인 작품",
    "date": "13.06.08",
    "rating": "6",
    "author": "ksks****",
    "review_id": "7609336",
    "movie_id": "10580"
  },
  {
    "review": "죽기전에 꼭 봐야 할 영화 200선에 들어가는 영화",
    "date": "13.04.22",
    "rating": "10",
    "author": "ibg3****",
    "review_id": "7475309",
    "movie_id": "10580"
  },
  {
    "review": "머 이 정도면 돈 왕창 써서 만드렀겠구만 봐줄만 허내.",
    "date": "13.04.22",
    "rating": "10",
    "author": "hu12****",
    "review_id": "7475267",
    "movie_id": "10580"
  },
  {
    "review": "오드리 영화는 다 챙겨보는데.. 정말 대작이네요. 고전영화중에 최고네요",
    "date": "13.04.22",
    "rating": "10",
    "author": "kitt****",
    "review_id": "7475224",
    "movie_id": "10580"
  },
  {
    "review": "오드리 헵번이 나온다기에 본다...룰루랄라ㅋㅋㅋㅋㅋㅋㅋㅋㅋㅋㅋㅋ",
    "date": "11.11.23",
    "rating": "10",
    "author": "song****",
    "review_id": "5866875",
    "movie_id": "10580"
  },
  {
    "review": "별론데....",
    "date": "11.07.07",
    "rating": "5",
    "author": "drd1****",
    "review_id": "5526938",
    "movie_id": "10580"
  },
  {
    "review": "오드리햅번이 가장 멋지네. 역사공부도 되고 좋군요.",
    "date": "10.12.03",
    "rating": "9",
    "author": "skss****",
    "review_id": "5019675",
    "movie_id": "10580"
  },
  {
    "review": "헵번의사랑스러운목소리,그치만남자주인공이별로였다.",
    "date": "10.09.21",
    "rating": "6",
    "author": "ymb0****",
    "review_id": "4853613",
    "movie_id": "10580"
  },
  {
    "review": "구닥다리 옛날 영화 아닌가? ㅉㅉ",
    "date": "10.08.18",
    "rating": "1",
    "author": "fuck****",
    "review_id": "4762084",
    "movie_id": "10580"
  },
  {
    "review": "원작에 거의 충실한 영화, 피에르역이 좀 안어울리지만 재밌음",
    "date": "10.07.30",
    "rating": "10",
    "author": "spri****",
    "review_id": "4688045",
    "movie_id": "10580"
  },
  {
    "review": "대작이지만 재미는 썩..",
    "date": "10.03.25",
    "rating": "8",
    "author": "yuye****",
    "review_id": "4386756",
    "movie_id": "10580"
  },
  {
    "review": "오드리 햅번의 발랄함은 시대를 초월한다....",
    "date": "09.10.20",
    "rating": "10",
    "author": "ruff****",
    "review_id": "3905929",
    "movie_id": "10580"
  },
  {
    "review": "최고의 대작",
    "date": "09.02.22",
    "rating": "10",
    "author": "kcch****",
    "review_id": "3323448",
    "movie_id": "10580"
  },
  {
    "review": "재미있음",
    "date": "09.02.13",
    "rating": "10",
    "author": "cles****",
    "review_id": "3299801",
    "movie_id": "10580"
  },
  {
    "review": "이영화 볼만함",
    "date": "09.02.06",
    "rating": "10",
    "author": "govl****",
    "review_id": "3283328",
    "movie_id": "10580"
  },
  {
    "review": "3시간 30분짜리 풀 버전은 만점짜리 대작",
    "date": "09.02.05",
    "rating": "10",
    "author": "ysuh****",
    "review_id": "3278677",
    "movie_id": "10580"
  },
  {
    "review": "연기가 약간 어색하긴 하지만 내용 자체만을 고려하면 재미있는 영화",
    "date": "08.09.09",
    "rating": "10",
    "author": "hale****",
    "review_id": "2932872",
    "movie_id": "10580"
  },
  {
    "review": "그럭 저럭",
    "date": "08.04.13",
    "rating": "10",
    "author": "vksw****",
    "review_id": "2578067",
    "movie_id": "10580"
  },
  {
    "review": "너무 길다 무삭제판이여, 고문이야. 고문",
    "date": "08.04.04",
    "rating": "5",
    "author": "ghdl****",
    "review_id": "2558161",
    "movie_id": "10580"
  },
  {
    "review": "러시아혁명과 톨스토이..이것만으로도 가슴이 벅찰텐데~",
    "date": "08.01.28",
    "rating": "8",
    "author": "acin****",
    "review_id": "2381563",
    "movie_id": "10580"
  },
  {
    "review": "이상과 현실, 개인과 사회, 사랑을 진중하게 그려낸 작품",
    "date": "08.01.26",
    "rating": "7",
    "author": "asun****",
    "review_id": "2371663",
    "movie_id": "10580"
  },
  {
    "review": "햅번의 전성기 영화중 제일 재미없다 햅번이 안나오면 안봤을 영화다",
    "date": "07.12.16",
    "rating": "10",
    "author": "sibe****",
    "review_id": "2235927",
    "movie_id": "10580"
  },
  {
    "review": "지루하긴 했으나 이 시대 이런 웅장한 영화는 나쁘지 않았다.",
    "date": "07.11.02",
    "rating": "6",
    "author": "shh8****",
    "review_id": "2128634",
    "movie_id": "10580"
  },
  {
    "review": "내가 2번째로 본 헵번의 작품...평작 정도?",
    "date": "07.09.20",
    "rating": "8",
    "author": "thel****",
    "review_id": "2033205",
    "movie_id": "10580"
  },
  {
    "review": "참나 이게 뭐냐 지루해 죽겠네",
    "date": "07.08.26",
    "rating": "1",
    "author": "junb****",
    "review_id": "1981060",
    "movie_id": "10580"
  },
  {
    "review": "이거 무삭제판 보느라 죽을 뻔했지만... 역시 명작입니다!",
    "date": "07.05.11",
    "rating": "9",
    "author": "0704****",
    "review_id": "1632703",
    "movie_id": "10580"
  },
  {
    "review": "감독,주연배우들은 세상을 떠나셨지만.. 정말 명작",
    "date": "06.11.09",
    "rating": "10",
    "author": "song****",
    "review_id": "1224578",
    "movie_id": "10580"
  },
  {
    "review": "역시 헵번",
    "date": "06.11.09",
    "rating": "10",
    "author": "zx96****",
    "review_id": "1224574",
    "movie_id": "10580"
  },
  {
    "review": "헵번나온다고해서 봤었던..사랑과 평화의 로맨스버전",
    "date": "06.04.22",
    "rating": "10",
    "author": "eown****",
    "review_id": "771407",
    "movie_id": "10580"
  },
  {
    "review": "이영화의 주제는 `여자의 마음은 갈대!!` 대작같지만 스토리가",
    "date": "05.12.22",
    "rating": "6",
    "author": "blue****",
    "review_id": "520937",
    "movie_id": "10580"
  },
  {
    "review": "톨스토이의 명작에 비해선 한도 없이 약하다 그런대로 볼만은 함",
    "date": "05.12.06",
    "rating": "6",
    "author": "okjo****",
    "review_id": "495955",
    "movie_id": "10580"
  },
  {
    "review": "오드리 햅번의 또다른 매력 +_+",
    "date": "05.07.12",
    "rating": "10",
    "author": "jean****",
    "review_id": "320002",
    "movie_id": "10580"
  },
  {
    "review": "돌스토이가 추구했던 감동이 와닿지 않는 명작",
    "date": "04.11.17",
    "rating": "7",
    "author": "foll****",
    "review_id": "147313",
    "movie_id": "10580"
  },
  {
    "review": "너무너무 감동☆",
    "date": "04.10.03",
    "rating": "10",
    "author": "codn****",
    "review_id": "119638",
    "movie_id": "10580"
  },
  {
    "review": "이영화의 주제는 `여자의 마음은 갈대!!` 대작같지만 스토리가 빈약.",
    "date": "04.09.06",
    "rating": "6",
    "author": "jjs7****",
    "review_id": "103854",
    "movie_id": "10580"
  }
]