[
  {
    "review": "레오까락스 영화중 가장 쉬운? 영화인듯 근데 드니 라방은 어릴때도 진짜 못생겼구나 줄리델피랑 줄리엣 비노쉬 옆에 있어서 더 못생겨보이는 듯",
    "date": "15.08.06",
    "rating": "7",
    "author": "tell****",
    "review_id": "10190916",
    "movie_id": "10599"
  },
  {
    "review": "한 번 봐선 부족한 영화네요. 모든 장면이 아름답습니다",
    "date": "15.05.29",
    "rating": "10",
    "author": "ekc_****",
    "review_id": "9960231",
    "movie_id": "10599"
  },
  {
    "review": "소화되지 않는 기억을 소화시키기 위한 몸부림들... 아름답고 영감을 불러 일으키는 빛과 소리",
    "date": "15.03.14",
    "rating": "10",
    "author": "mono****",
    "review_id": "9780629",
    "movie_id": "10599"
  },
  {
    "review": "모두의 순수하고 깊은 눈빛.",
    "date": "14.12.15",
    "rating": "10",
    "author": "yong****",
    "review_id": "9475919",
    "movie_id": "10599"
  },
  {
    "review": "모든 장면들이... 영화를 다시 보고 싶게 한다.",
    "date": "14.12.12",
    "rating": "9",
    "author": "bong****",
    "review_id": "9468849",
    "movie_id": "10599"
  },
  {
    "review": "사랑이나 연애라는 허울에 힘없이 쫓기는 젊은이들에게 남겨진 질문",
    "date": "14.11.16",
    "rating": "10",
    "author": "cbzl****",
    "review_id": "9390852",
    "movie_id": "10599"
  },
  {
    "review": "완벽한 대사와 아름다운 연출",
    "date": "14.08.22",
    "rating": "10",
    "author": "xins****",
    "review_id": "9122145",
    "movie_id": "10599"
  },
  {
    "review": "아직은 형용할 수 없는 낯섦.",
    "date": "14.05.23",
    "rating": "6",
    "author": "cube****",
    "review_id": "8756927",
    "movie_id": "10599"
  },
  {
    "review": "소통할 수 없고 외로울 수밖에 없는 관계 속에서 얽히고 설킨 우리들의 이야기. 까락스 3부작 중 가장 난해하지만 가장 오래 기억된다",
    "date": "14.04.12",
    "rating": "10",
    "author": "wldk****",
    "review_id": "8644033",
    "movie_id": "10599"
  },
  {
    "review": "형용할수없는 형용한다면 그 아름다움이 변질되어버릴듯한",
    "date": "14.01.31",
    "rating": "10",
    "author": "1720****",
    "review_id": "8454625",
    "movie_id": "10599"
  },
  {
    "review": "소통가능성과 이해의 먼 저편에서, 지극히 개인적이고 자폐적인 이미지들의 향연. 이토록 매혹적인 영화사의 한 불모지.",
    "date": "14.01.16",
    "rating": "8",
    "author": "kang****",
    "review_id": "8388853",
    "movie_id": "10599"
  },
  {
    "review": "라캉의 형식으로 만든 진솔한 사랑 영화. 바보들에게는 지루한 영화",
    "date": "14.01.14",
    "rating": "9",
    "author": "drem****",
    "review_id": "8381359",
    "movie_id": "10599"
  },
  {
    "review": "그냥 지겹다...이런 관념적인 영화는 별 재미를 못느낀다",
    "date": "14.01.12",
    "rating": "4",
    "author": "thra****",
    "review_id": "8375107",
    "movie_id": "10599"
  },
  {
    "review": "도달할 수 없는 사랑, 그것에 집착 할 수 있는건 인생을 돌려 놓을 시간이 아직 많다고 믿게 만드는 젊음이 있기 때문에.",
    "date": "13.10.24",
    "rating": "7",
    "author": "2sip****",
    "review_id": "8083310",
    "movie_id": "10599"
  },
  {
    "review": "사랑과 자유에 대해 침묵하련다",
    "date": "13.08.11",
    "rating": "10",
    "author": "jjh8****",
    "review_id": "7867716",
    "movie_id": "10599"
  },
  {
    "review": "감독 배우 영화 최고!",
    "date": "13.06.17",
    "rating": "10",
    "author": "east****",
    "review_id": "7651109",
    "movie_id": "10599"
  },
  {
    "review": "황홀하고, 아름답고, 진지한 사랑.",
    "date": "13.05.31",
    "rating": "10",
    "author": "doro****",
    "review_id": "7566844",
    "movie_id": "10599"
  },
  {
    "review": "사랑없는 섹스가 죽음으로 이르게 한다는 발상이 기억에 두고두고 남는다",
    "date": "13.04.22",
    "rating": "10",
    "author": "infi****",
    "review_id": "7474098",
    "movie_id": "10599"
  },
  {
    "review": "어렵지만 독특한 영화. 모던러브가 나오며 달리는 장면은 두고두고 보게 된다.",
    "date": "13.02.10",
    "rating": "9",
    "author": "0411****",
    "review_id": "7246809",
    "movie_id": "10599"
  },
  {
    "review": "이미지의 영화.",
    "date": "13.02.07",
    "rating": "8",
    "author": "dlwo****",
    "review_id": "7232724",
    "movie_id": "10599"
  },
  {
    "review": "순수의 아름다움",
    "date": "13.01.05",
    "rating": "7",
    "author": "diri****",
    "review_id": "7082757",
    "movie_id": "10599"
  },
  {
    "review": "영화의 내용 그자체보다 영화속에 보여지는 이미지에 많은 것을 집중했다. 1980년대 '네 멋대로 해라'같은 느낌. 젊음이 느껴지는 영화다.",
    "date": "12.10.19",
    "rating": "7",
    "author": "jys4****",
    "review_id": "6812388",
    "movie_id": "10599"
  },
  {
    "review": "쉽게 볼 수 없는 캐릭터들이 매력적이었다. 그리고 아름답다.",
    "date": "12.03.19",
    "rating": "8",
    "author": "sida****",
    "review_id": "6155358",
    "movie_id": "10599"
  },
  {
    "review": "자신이 좋아하는 것을 닮아간다는 건 섬뜩한 일이다",
    "date": "12.02.18",
    "rating": "10",
    "author": "para****",
    "review_id": "6084845",
    "movie_id": "10599"
  },
  {
    "review": "표현 하나하나가 아름답다. 하지만 변해가는 프랑스.ㅠㅠ",
    "date": "12.01.19",
    "rating": "10",
    "author": "beka****",
    "review_id": "6000850",
    "movie_id": "10599"
  },
  {
    "review": "알렉스의 시적인 표현.  최근에 본 영화중에서 제일 예술적인 내생에 최고의 영화.",
    "date": "11.11.18",
    "rating": "10",
    "author": "girl****",
    "review_id": "5856270",
    "movie_id": "10599"
  },
  {
    "review": "시와 그림같은 영화",
    "date": "11.10.28",
    "rating": "10",
    "author": "alyd****",
    "review_id": "5815220",
    "movie_id": "10599"
  },
  {
    "review": "퐁네프보단 좋았지만 와닿는 장면이 없다",
    "date": "11.10.20",
    "rating": "7",
    "author": "dlgo****",
    "review_id": "5798467",
    "movie_id": "10599"
  },
  {
    "review": "'영화를 본다'는 측면보다  '영화를 책처럼 읽게 한다!'",
    "date": "11.07.23",
    "rating": "9",
    "author": "reas****",
    "review_id": "5563939",
    "movie_id": "10599"
  },
  {
    "review": "어쩌면 최고의 영화 이해안되는 장면조차 아름답다",
    "date": "11.07.11",
    "rating": "10",
    "author": "idid****",
    "review_id": "5535540",
    "movie_id": "10599"
  },
  {
    "review": "배경이 미래 였다니...",
    "date": "11.05.13",
    "rating": "5",
    "author": "izzo****",
    "review_id": "5425951",
    "movie_id": "10599"
  },
  {
    "review": "나쁘다.",
    "date": "11.04.23",
    "rating": "4",
    "author": "bbq2****",
    "review_id": "5387903",
    "movie_id": "10599"
  },
  {
    "review": "특유의 분위기와 영상.. 그저 프랑스영화 답다",
    "date": "11.03.27",
    "rating": "7",
    "author": "bbag****",
    "review_id": "5338349",
    "movie_id": "10599"
  },
  {
    "review": "난 레오까락스의 감성을 이해못하겠다. 내가 무지한 탓이겠지..",
    "date": "11.03.19",
    "rating": "6",
    "author": "ejia****",
    "review_id": "5322227",
    "movie_id": "10599"
  },
  {
    "review": "레오까락스 작품 중에 제일 괜찮은 거 같음",
    "date": "11.03.18",
    "rating": "10",
    "author": "ksyk****",
    "review_id": "5321013",
    "movie_id": "10599"
  },
  {
    "review": "마음의 여유를 가지고 다시한번 보리라..",
    "date": "11.02.26",
    "rating": "7",
    "author": "come****",
    "review_id": "5277559",
    "movie_id": "10599"
  },
  {
    "review": "줄리엣비노쉬..아름다운 여배우",
    "date": "11.01.25",
    "rating": "8",
    "author": "ybta****",
    "review_id": "5183340",
    "movie_id": "10599"
  },
  {
    "review": "오래되었는데도앞으로도이것의기억의단상들이얽혀맴돌거야",
    "date": "10.11.20",
    "rating": "10",
    "author": "jaeh****",
    "review_id": "4973856",
    "movie_id": "10599"
  },
  {
    "review": "장면 하나 하나가 기억에 꽂힌다",
    "date": "10.10.06",
    "rating": "10",
    "author": "idid****",
    "review_id": "4888169",
    "movie_id": "10599"
  },
  {
    "review": "알렉스. 그의 정점을 찍은 작품",
    "date": "10.09.10",
    "rating": "10",
    "author": "aj_k****",
    "review_id": "4826381",
    "movie_id": "10599"
  },
  {
    "review": "줄리엣 비노쉬를 보는 것만으로도 정신을 차릴수 없지만 그 이상이 있는 영화",
    "date": "10.09.08",
    "rating": "8",
    "author": "f2sh****",
    "review_id": "4823424",
    "movie_id": "10599"
  },
  {
    "review": "뛰어난 연출력과 배우들의 호연",
    "date": "10.08.23",
    "rating": "10",
    "author": "gwen****",
    "review_id": "4782340",
    "movie_id": "10599"
  },
  {
    "review": "크.. 하나도 놓치지 않는 영상미의 섬세함, 아름다운 우울함,세 배우의 연기...",
    "date": "10.07.10",
    "rating": "10",
    "author": "cha1****",
    "review_id": "4626226",
    "movie_id": "10599"
  },
  {
    "review": "뱃속은 수많은 감정들이 꿈틀거리고 움켜쥐고 해소될수만 있다면 맘껏 달려라 알렉스",
    "date": "10.07.10",
    "rating": "10",
    "author": "ssoo****",
    "review_id": "4625668",
    "movie_id": "10599"
  },
  {
    "review": "이렇게 멋진 영화를 이제서 보다니..",
    "date": "10.05.25",
    "rating": "10",
    "author": "lees****",
    "review_id": "4523477",
    "movie_id": "10599"
  },
  {
    "review": "한번 봐선  모르겠다 영..",
    "date": "10.05.24",
    "rating": "10",
    "author": "arti****",
    "review_id": "4521404",
    "movie_id": "10599"
  },
  {
    "review": "줄리엣 비노쉬 너무 이쁘다. 사랑스럽네..",
    "date": "10.05.23",
    "rating": "10",
    "author": "huni****",
    "review_id": "4518003",
    "movie_id": "10599"
  },
  {
    "review": "재밌다",
    "date": "10.05.22",
    "rating": "10",
    "author": "eek5****",
    "review_id": "4515078",
    "movie_id": "10599"
  },
  {
    "review": "보는 내내 나무는 보였고. 숲은 보지 못했다.",
    "date": "10.03.16",
    "rating": "6",
    "author": "kuic****",
    "review_id": "4361220",
    "movie_id": "10599"
  },
  {
    "review": "감각적인 영상은 이럴때쓰는 문구이다...명작...허무한 철학적인것이 가득하다",
    "date": "10.03.09",
    "rating": "10",
    "author": "kara****",
    "review_id": "4346250",
    "movie_id": "10599"
  },
  {
    "review": "지극히 개인적으로.. 남자주인공이 거슬려 싫어",
    "date": "10.03.02",
    "rating": "7",
    "author": "nyr3****",
    "review_id": "4330802",
    "movie_id": "10599"
  },
  {
    "review": "줄리엣비노쉬는 정말 아름답다.",
    "date": "10.01.22",
    "rating": "1",
    "author": "cho1****",
    "review_id": "4199088",
    "movie_id": "10599"
  },
  {
    "review": "기분 좋은 몽롱함. 근데 좀 어렵다... 다시 보면 이해할수 있으려나",
    "date": "09.12.15",
    "rating": "9",
    "author": "yena****",
    "review_id": "4046282",
    "movie_id": "10599"
  },
  {
    "review": "레오 까락스는 천재군여",
    "date": "09.12.14",
    "rating": "10",
    "author": "cmhh****",
    "review_id": "4041717",
    "movie_id": "10599"
  },
  {
    "review": "줄리엣 비노쉬의 눈깜빡임에 반해버렸다",
    "date": "09.12.11",
    "rating": "9",
    "author": "ched****",
    "review_id": "4035319",
    "movie_id": "10599"
  },
  {
    "review": "당신은 감성쟁이",
    "date": "09.10.02",
    "rating": "10",
    "author": "xuan****",
    "review_id": "3867463",
    "movie_id": "10599"
  },
  {
    "review": "사랑은 누군가를 그리워하고, 한쪽으로만 굽이쳐 흐르는 빗물과 같다.",
    "date": "09.09.20",
    "rating": "10",
    "author": "swea****",
    "review_id": "3839925",
    "movie_id": "10599"
  },
  {
    "review": "80년대 중후반, 누벨 이마주의 새로운 시도, 독특한 분위기의 미장센,숨막히는 스토리",
    "date": "09.09.08",
    "rating": "9",
    "author": "deka****",
    "review_id": "3819649",
    "movie_id": "10599"
  },
  {
    "review": "너에겐 미숙함이란 젊음의 선물이 있어... 잊혀지지 않아",
    "date": "09.08.24",
    "rating": "9",
    "author": "muz1****",
    "review_id": "3782470",
    "movie_id": "10599"
  },
  {
    "review": "쳐부수는 영화에 열광하는 감성으로는 이 영화 느낄 수 없다. 원색과 젊음의 향기",
    "date": "09.08.01",
    "rating": "10",
    "author": "issa****",
    "review_id": "3692549",
    "movie_id": "10599"
  },
  {
    "review": "작품성이고 뭐고 도무지",
    "date": "09.07.09",
    "rating": "1",
    "author": "miss****",
    "review_id": "3619458",
    "movie_id": "10599"
  },
  {
    "review": "감각적인비쥬얼과 인상깊은대사들의 향연",
    "date": "09.06.07",
    "rating": "8",
    "author": "wjdg****",
    "review_id": "3550397",
    "movie_id": "10599"
  },
  {
    "review": "생략과 과장의 미학. 개인적으로 내 인생 최고의 영화",
    "date": "09.05.23",
    "rating": "10",
    "author": "im_w****",
    "review_id": "3514989",
    "movie_id": "10599"
  },
  {
    "review": "그의 표현방법에 으헝헝",
    "date": "09.03.28",
    "rating": "8",
    "author": "good****",
    "review_id": "3392733",
    "movie_id": "10599"
  },
  {
    "review": "인상 깊었던 영화.. 특히 줄리델피 너무아름답다",
    "date": "09.03.08",
    "rating": "10",
    "author": "soo1****",
    "review_id": "3355354",
    "movie_id": "10599"
  },
  {
    "review": "감히 판단할 용기조차안나는 위대한스크린의 詩  레오까락스, 천재맞다",
    "date": "09.01.24",
    "rating": "10",
    "author": "zyh0****",
    "review_id": "3244104",
    "movie_id": "10599"
  },
  {
    "review": "이런시도가 이후 영화들에 끼친영향을 평가",
    "date": "08.12.26",
    "rating": "10",
    "author": "anfw****",
    "review_id": "3154487",
    "movie_id": "10599"
  },
  {
    "review": "걍 모든게 적절하다.86년작이라는게 믿기지 않을정도로..",
    "date": "08.12.13",
    "rating": "10",
    "author": "bana****",
    "review_id": "3112762",
    "movie_id": "10599"
  },
  {
    "review": "평조차 사족이 되는 영화",
    "date": "08.11.28",
    "rating": "10",
    "author": "rets****",
    "review_id": "3077959",
    "movie_id": "10599"
  },
  {
    "review": "알렉스의 침묵! 안나의 마지막 날개짓! 죽고싶은 나의 마음,,",
    "date": "08.08.24",
    "rating": "10",
    "author": "kjhf****",
    "review_id": "2899800",
    "movie_id": "10599"
  },
  {
    "review": "솔직히 별로;; 제발 지식가지고 영화본다고좀 하지마요",
    "date": "08.08.23",
    "rating": "4",
    "author": "m_w_****",
    "review_id": "2897728",
    "movie_id": "10599"
  },
  {
    "review": "날지 못하던 백조가 스스로의 비상을 꿈꾸기 시작한다. 잊을 수 없는 modern love.",
    "date": "08.07.30",
    "rating": "9",
    "author": "oroo****",
    "review_id": "2815762",
    "movie_id": "10599"
  },
  {
    "review": "아련한 첫사랑 같은 영화",
    "date": "08.07.09",
    "rating": "10",
    "author": "jpra****",
    "review_id": "2750568",
    "movie_id": "10599"
  },
  {
    "review": "나쁘지 않았다.",
    "date": "08.02.11",
    "rating": "7",
    "author": "1961****",
    "review_id": "2434753",
    "movie_id": "10599"
  },
  {
    "review": "아름답다는말이 참 오랫만에 나오는구나",
    "date": "08.01.09",
    "rating": "10",
    "author": "musi****",
    "review_id": "2309968",
    "movie_id": "10599"
  },
  {
    "review": "공감 못하는 너도 대중이었더냐? 본인 무식함을 탓하시오. 괜한 영화탓하지말고.",
    "date": "08.01.06",
    "rating": "10",
    "author": "leej****",
    "review_id": "2301780",
    "movie_id": "10599"
  },
  {
    "review": "영환자기보기나름인것을사랑영화로본분들을무식하다라고한분이더무식한듯ㅋ편협하긴ㅋ",
    "date": "07.11.01",
    "rating": "9",
    "author": "yggg****",
    "review_id": "2125488",
    "movie_id": "10599"
  },
  {
    "review": "이걸 사랑영화라하는 무식한 사람이 있다니 ㅋ",
    "date": "07.10.24",
    "rating": "10",
    "author": "x6wo****",
    "review_id": "2108910",
    "movie_id": "10599"
  },
  {
    "review": "과묵한떠벌이알렉스의사랑과삶?의이야기.오토바이탄천사 리즈..너무 이뻤다..^^;;",
    "date": "07.10.17",
    "rating": "7",
    "author": "revo****",
    "review_id": "2095250",
    "movie_id": "10599"
  },
  {
    "review": "뭐야 대중을 공감시켜야지 감독지혼자만 공감하냐",
    "date": "07.09.30",
    "rating": "1",
    "author": "vtfx****",
    "review_id": "2061606",
    "movie_id": "10599"
  },
  {
    "review": "배우 자체가 시다, 아름다운 그들을 박제시킨 미덕, 칭송.",
    "date": "07.09.28",
    "rating": "10",
    "author": "clea****",
    "review_id": "2058075",
    "movie_id": "10599"
  },
  {
    "review": "유명한 영화라면 이해 못해도 무조건 10점 주는 개티즌들 솔찍해 져봐",
    "date": "07.09.22",
    "rating": "1",
    "author": "triv****",
    "review_id": "2037622",
    "movie_id": "10599"
  },
  {
    "review": "영화의 신에게 아들이 있다면 아마 레오 까락스일 꺼다",
    "date": "07.09.21",
    "rating": "10",
    "author": "baks****",
    "review_id": "2034861",
    "movie_id": "10599"
  },
  {
    "review": "정말 실타",
    "date": "07.07.12",
    "rating": "2",
    "author": "sand****",
    "review_id": "1768626",
    "movie_id": "10599"
  },
  {
    "review": "음.....나에겐 와닿지가 않네여..;다시보면 괴안을까요?;",
    "date": "07.07.05",
    "rating": "6",
    "author": "drd1****",
    "review_id": "1749486",
    "movie_id": "10599"
  },
  {
    "review": "이럴수는 없어..아..가슴에 와닿는 아름다운 언어들..너무..멋잇다ㅜㅡㅜ",
    "date": "07.05.19",
    "rating": "10",
    "author": "wlgp****",
    "review_id": "1645343",
    "movie_id": "10599"
  },
  {
    "review": "때론변화를위해모두바꿔야해모든것이허물어지기전에말야",
    "date": "07.04.23",
    "rating": "9",
    "author": "mise****",
    "review_id": "1602367",
    "movie_id": "10599"
  },
  {
    "review": "알렉스는 죽었지만 그의 영혼은 행복하리라.",
    "date": "07.04.13",
    "rating": "10",
    "author": "seiz****",
    "review_id": "1586267",
    "movie_id": "10599"
  },
  {
    "review": "미친 듯이 달려가지만 결국 도달할 수없는 사랑, 그것이 사랑의 완결이다.",
    "date": "07.03.29",
    "rating": "6",
    "author": "down****",
    "review_id": "1561123",
    "movie_id": "10599"
  },
  {
    "review": "대단한 작품이구나",
    "date": "07.03.19",
    "rating": "10",
    "author": "zeed****",
    "review_id": "1542881",
    "movie_id": "10599"
  },
  {
    "review": "마지막 질주의 표정이 영화 전체를 말한다",
    "date": "07.03.10",
    "rating": "10",
    "author": "yana****",
    "review_id": "1526624",
    "movie_id": "10599"
  },
  {
    "review": "..여기평점쓴사람들, 설마한번보고리뷰하는거?",
    "date": "07.02.20",
    "rating": "10",
    "author": "mato****",
    "review_id": "1486845",
    "movie_id": "10599"
  },
  {
    "review": "드니라방의 쉬크함,깔끔한 쥴리델피의 묘한 조화,비노쉬의 포스",
    "date": "07.01.05",
    "rating": "8",
    "author": "ooop****",
    "review_id": "1357852",
    "movie_id": "10599"
  },
  {
    "review": "레오 까락스를 이해하지 않는한 이 영화를 이해할수 없다",
    "date": "06.12.29",
    "rating": "7",
    "author": "okjo****",
    "review_id": "1339380",
    "movie_id": "10599"
  },
  {
    "review": "불멸의 콤피 레오&줄리엣비노슈",
    "date": "06.12.29",
    "rating": "10",
    "author": "naeg****",
    "review_id": "1338783",
    "movie_id": "10599"
  },
  {
    "review": "레오 까락스.. 그는 이미 천재였다.",
    "date": "06.12.28",
    "rating": "9",
    "author": "ziyi****",
    "review_id": "1336206",
    "movie_id": "10599"
  },
  {
    "review": "베스트로 꼽는 영화 중 한 편. 수작이다!",
    "date": "06.12.14",
    "rating": "10",
    "author": "yoon****",
    "review_id": "1291955",
    "movie_id": "10599"
  },
  {
    "review": "무엇보다 지루하다는거. 자신을 인질로 택한것만 맘에 든다.",
    "date": "06.12.07",
    "rating": "2",
    "author": "bepl****",
    "review_id": "1271777",
    "movie_id": "10599"
  },
  {
    "review": "아름다움의 박제 줄리엣과 쥴리에게서 눈을 못떼겠소",
    "date": "06.11.10",
    "rating": "9",
    "author": "fifi****",
    "review_id": "1225692",
    "movie_id": "10599"
  },
  {
    "review": "4번째본뒤에.. 이게 의미가 있다는 사실에 상당히 놀랐다..",
    "date": "06.08.29",
    "rating": "10",
    "author": "occu****",
    "review_id": "1087909",
    "movie_id": "10599"
  }
]