[
  {
    "review": "한국공포영화는 아무리 특촬하고 그래픽잘해도 이영화 구식못따라옴. 긴장감",
    "date": "15.07.16",
    "rating": "10",
    "author": "newa****",
    "review_id": "10108787",
    "movie_id": "10596"
  },
  {
    "review": "재미있게 본 영화....ㄷㄷ",
    "date": "15.07.05",
    "rating": "10",
    "author": "meca****",
    "review_id": "10070339",
    "movie_id": "10596"
  },
  {
    "review": "괴기스러운 분위기와 발상은 좋았지만 이야기를 좀 더 압축시키면 좋았을 것 같다. 쫓기는 장면 빼고는 너무 지루. 개연성도 부족.",
    "date": "15.07.01",
    "rating": "3",
    "author": "seul****",
    "review_id": "10057223",
    "movie_id": "10596"
  },
  {
    "review": "굿잡 음악은 괴기하고 제니퍼는 청초하다",
    "date": "15.06.29",
    "rating": "9",
    "author": "kan3****",
    "review_id": "10053071",
    "movie_id": "10596"
  },
  {
    "review": "긴장감 넘치는 장면들마다 신나는 비트의 음악 나와서 정말 깨더라",
    "date": "15.04.23",
    "rating": "6",
    "author": "obri****",
    "review_id": "9858984",
    "movie_id": "10596"
  },
  {
    "review": "써스페리아를 생각하면 너무 아쉬운 범작",
    "date": "15.03.16",
    "rating": "5",
    "author": "rd72****",
    "review_id": "9786775",
    "movie_id": "10596"
  },
  {
    "review": "제니퍼 코넬리 정말 예뻣지..  영화도 재미있었고",
    "date": "15.01.23",
    "rating": "8",
    "author": "adiv****",
    "review_id": "9625186",
    "movie_id": "10596"
  },
  {
    "review": "지금 들으면 음악이 좀 촌스럽고 오버하는 면이 있는데 음악만으로 보면 정말 대단한 사운드임. 영화도 괜찮았고요.",
    "date": "14.11.18",
    "rating": "9",
    "author": "echo****",
    "review_id": "9399032",
    "movie_id": "10596"
  },
  {
    "review": "년도를 고려하면 무난하게 볼 수 있는 편제니퍼 코넬리 정말 청초해서  더 집중해서 보게 된 듯뜬금없는 음악들은 정말 별로였음..",
    "date": "14.11.09",
    "rating": "8",
    "author": "vvvv****",
    "review_id": "9360464",
    "movie_id": "10596"
  },
  {
    "review": "괜한 거장이 아니다... 아름다운 호러의 거장 다리오 아르젠토의 대표작.",
    "date": "14.11.05",
    "rating": "10",
    "author": "fubu****",
    "review_id": "9341974",
    "movie_id": "10596"
  },
  {
    "review": "어설픈듯한 효과마저도 음산한 분위기와 음향으로 커버하는 독특한 스타일의 공포영화",
    "date": "14.10.25",
    "rating": "7",
    "author": "byul****",
    "review_id": "9315336",
    "movie_id": "10596"
  },
  {
    "review": "어릴적 보고나서,성인이 되어서까지 여전히 귓가를 멤도는 고블린의 강력한 사운드때문에 다시 찾아보게 됐던 영화. 이 영화에서의 제니퍼코넬리는 정말 신비로울 정도로 이쁘고 매력적이다.",
    "date": "14.10.23",
    "rating": "10",
    "author": "kjk9****",
    "review_id": "9309599",
    "movie_id": "10596"
  },
  {
    "review": "묘한 분위기와 음악 그리고 원숭이가 떠오른다. 어린시절 봤던 영화라 굉장히 무섭고 음산하게 느껴졌음...끈질기게괴롭히는 악역이 떠오름!!",
    "date": "14.09.26",
    "rating": "8",
    "author": "kse0****",
    "review_id": "9242783",
    "movie_id": "10596"
  },
  {
    "review": "공포영화를 멜로영화로 만드는 제니퍼 코넬리의 여신미모. 연신 진짜 예쁘다라는 말 밖에 안한듯",
    "date": "14.08.06",
    "rating": "8",
    "author": "taeg****",
    "review_id": "9036825",
    "movie_id": "10596"
  },
  {
    "review": "제니퍼 코넬리 이쁘고 지금은 늙었지만 왕성한 활동하네. 옛영화인만큼 다소 촌스러운 음악과 연출이기는 해도 볼만은 했다. 공포물인데 의도치않게 쾨믹물 같기도 하다",
    "date": "14.08.06",
    "rating": "7",
    "author": "almo****",
    "review_id": "9035116",
    "movie_id": "10596"
  },
  {
    "review": "공포영화의  수작.공포스러우면서도 그보다 환타지적인 성격이 강했다.독특한 배경음악과 함께 특유의 분위기가 특징.여주인공 당시 어린시절 미모가 상당하고 침팬지의 활약까지 여운이 많이 남는 영화다.",
    "date": "14.06.05",
    "rating": "10",
    "author": "jwjy****",
    "review_id": "8799316",
    "movie_id": "10596"
  },
  {
    "review": "노래들이 진심 내스타일이다. 락브금에 공포장면을 넣으니 무섭다기보단 탐험하는 느낌이었다. 공포라기보단 판타지어드벤처영화같은 느낌이 강했다. 여주가 참 예쁜건 인정하는데 좀 멍청하다. 답답했음.. 아들얼굴 참 징그럽다ㅋ 글구 침팬지 키워보고 싶어짐ㅋ",
    "date": "14.01.03",
    "rating": "6",
    "author": "happ****",
    "review_id": "8344542",
    "movie_id": "10596"
  },
  {
    "review": "VTR 보급율이 이제 막 시작됐을때 공중파 주말영화방송에서 아버지랑 봤었는데 다보고 무서워서 아버지랑 같이 잤던 기억이 나네요..제니퍼코넬리 너무 이뻤고..ㅎㅎ터미네이터1도 TV로 봤었는데...",
    "date": "13.11.27",
    "rating": "10",
    "author": "kimw****",
    "review_id": "8172103",
    "movie_id": "10596"
  },
  {
    "review": "어렸을때 발을 동동구르며 봤던 공포물 그때 코넬리는 참 청순미의 대명사",
    "date": "13.08.09",
    "rating": "9",
    "author": "zhde****",
    "review_id": "7861731",
    "movie_id": "10596"
  },
  {
    "review": "제니퍼 코네리 리즈시절. 어린시절 주말의 명화에서 보았을땐 정말 섭찟했던 것 같다. 영화 제목도, 내용도 제대로 기억이 나지 않았지만, 주인공 예뻤다는 것은 기억에 남았다. 세월이 흘러 다시보니 내용은 유치하기도 하지만  제니퍼코네리는 역시 예쁘다.",
    "date": "13.07.27",
    "rating": "9",
    "author": "lagi****",
    "review_id": "7792203",
    "movie_id": "10596"
  },
  {
    "review": "10살때봤는데 아직도 기억에 남아있는 영화..다시볼수없나..",
    "date": "13.04.06",
    "rating": "10",
    "author": "kjw1****",
    "review_id": "7437789",
    "movie_id": "10596"
  },
  {
    "review": "어렸을때 본 공포영화중 젤 인상적인 영화.",
    "date": "13.04.06",
    "rating": "10",
    "author": "jisu****",
    "review_id": "7437689",
    "movie_id": "10596"
  },
  {
    "review": "중반까지는 어느 정도의 인내심이 요구될 정도로 따분하게 흘러가지만, 후반부로 가면 꽤 긴장감 넘친다.",
    "date": "13.03.19",
    "rating": "8",
    "author": "theh****",
    "review_id": "7367160",
    "movie_id": "10596"
  },
  {
    "review": "추억을 핑계로 별점 날림하지 마라! 이게1990년영화인데 같은년도에 좋은영화 더많다",
    "date": "13.02.28",
    "rating": "1",
    "author": "meso****",
    "review_id": "7308623",
    "movie_id": "10596"
  },
  {
    "review": "어릴적 한번 봤던 영화인데 아직도 기억에 남아있는 영화",
    "date": "13.01.30",
    "rating": "9",
    "author": "sien****",
    "review_id": "7195697",
    "movie_id": "10596"
  },
  {
    "review": "정말 무섭게 본 추억의 영화,또 보구싶다,아,",
    "date": "13.01.17",
    "rating": "10",
    "author": "love****",
    "review_id": "7125265",
    "movie_id": "10596"
  },
  {
    "review": "시대를 넘는 명작까진 절대 아닌듯.. 개봉당시엔 어땠는지 몰랏도 지금 보자니 엄청나게 촌스럽고 흐름도 엉성한게 한두군대가 아니다. 다만 어린 제니퍼 코넬리의 청초한 아름다움 만큼은 확실히 시대를 초월한 놀라움을 준다",
    "date": "13.01.13",
    "rating": "5",
    "author": "leec****",
    "review_id": "7111698",
    "movie_id": "10596"
  },
  {
    "review": "제니퍼코넬리 완죤 이쁘고 청순해요 이영화 어렸을때 정말 잼나게 봤어요 또보고 싶당",
    "date": "12.11.15",
    "rating": "10",
    "author": "lhn3****",
    "review_id": "6889644",
    "movie_id": "10596"
  },
  {
    "review": "어렸을때 정말 무섭게본영화네요 ㅎㅎ지금은 유치할지몰라도예전엔 정말 신선한충격인영화였죠",
    "date": "12.11.02",
    "rating": "10",
    "author": "sjhl****",
    "review_id": "6844032",
    "movie_id": "10596"
  },
  {
    "review": "추억팔이로 평점 올리지 마라 OOO기 영화",
    "date": "12.10.09",
    "rating": "1",
    "author": "jung****",
    "review_id": "6776251",
    "movie_id": "10596"
  },
  {
    "review": "호려영화사의 마스터피스라고 할 수 있는 작품. 후대 영화는 물론 호러게임들에도 영향을 다수 끼쳤다.",
    "date": "12.10.02",
    "rating": "10",
    "author": "jjs1****",
    "review_id": "6752434",
    "movie_id": "10596"
  },
  {
    "review": "그저 이쁘기만 해보였던 제니퍼 코넬리를  다시 보게  됐던 영화..  사실.. 그녀 나오는 영화를 다 섭렵했겠지??ㅋㅋ",
    "date": "12.09.01",
    "rating": "9",
    "author": "spar****",
    "review_id": "6661556",
    "movie_id": "10596"
  },
  {
    "review": "지금 보면 밋밋하겠지만, 어렸을때 주말의 명화보고 충격을 받았던... 지금도 생생한 장면들...",
    "date": "12.07.21",
    "rating": "8",
    "author": "wing****",
    "review_id": "6507631",
    "movie_id": "10596"
  },
  {
    "review": "비내리는 날 극장에서 본 추억이... 제니퍼코넬리와 고블린의 주제음악이 아직도..",
    "date": "12.06.05",
    "rating": "10",
    "author": "mani****",
    "review_id": "6366569",
    "movie_id": "10596"
  },
  {
    "review": "배경음악 음산한 영상. 공포영화 지존급 벌레소리와 벌레떼 ㅋㅋ다시 보고 싶다.",
    "date": "12.06.05",
    "rating": "10",
    "author": "esin****",
    "review_id": "6364929",
    "movie_id": "10596"
  },
  {
    "review": "한창 때의 제니퍼 코넬리를 보겠다는 일념으로...",
    "date": "12.04.04",
    "rating": "5",
    "author": "yood****",
    "review_id": "6192560",
    "movie_id": "10596"
  },
  {
    "review": "보다가 말음 ㅅㅂ 이게 뭔 명작이야 심지어 내눈엔 코넬리도 별로",
    "date": "12.02.04",
    "rating": "4",
    "author": "cha1****",
    "review_id": "6049938",
    "movie_id": "10596"
  },
  {
    "review": "제니퍼 코넬리는 보는 즐거움 외에는...",
    "date": "12.01.25",
    "rating": "4",
    "author": "nala****",
    "review_id": "6019275",
    "movie_id": "10596"
  },
  {
    "review": "흥미로운 설정에 제니퍼 코넬리의 미모가 더해진 볼 만한 공포물",
    "date": "11.09.08",
    "rating": "7",
    "author": "nine****",
    "review_id": "5714840",
    "movie_id": "10596"
  },
  {
    "review": "어린 코넬리가 다다.",
    "date": "11.08.30",
    "rating": "4",
    "author": "bbq2****",
    "review_id": "5698079",
    "movie_id": "10596"
  },
  {
    "review": "제니퍼 코넬리의 미모만큼이나 무서운 공포영화~ 명작이죠~",
    "date": "11.08.08",
    "rating": "10",
    "author": "karl****",
    "review_id": "5620124",
    "movie_id": "10596"
  },
  {
    "review": "우왓 나 어렸을때 진짜 무섭게 봤던 영환데 어디 구할수 없으려나",
    "date": "11.08.01",
    "rating": "10",
    "author": "cele****",
    "review_id": "5588946",
    "movie_id": "10596"
  },
  {
    "review": "초등학교 다니던 아이가 봤을때는 정말 충격적인 공포였습니다.",
    "date": "11.07.07",
    "rating": "10",
    "author": "bucs****",
    "review_id": "5526998",
    "movie_id": "10596"
  },
  {
    "review": "아르젠토의 초기 수작! 알마니가 의상을 맡았네.명품옷들이네..",
    "date": "11.07.01",
    "rating": "9",
    "author": "y500****",
    "review_id": "5513059",
    "movie_id": "10596"
  },
  {
    "review": "뒤늦게 봤는데 기대와 달리 별로네요 마지막은 괜찮았지만 제니퍼가 너무 이쁨.",
    "date": "11.05.06",
    "rating": "6",
    "author": "tgun****",
    "review_id": "5411063",
    "movie_id": "10596"
  },
  {
    "review": "청순가련 여주가 벌레 쓰다듬는 모습이 압권이던데..",
    "date": "11.01.29",
    "rating": "9",
    "author": "page****",
    "review_id": "5194072",
    "movie_id": "10596"
  },
  {
    "review": "소장가치 100프로의 [ 명.작.공.포 ]",
    "date": "10.11.23",
    "rating": "10",
    "author": "edwi****",
    "review_id": "4983350",
    "movie_id": "10596"
  },
  {
    "review": "식사 전에 보지 마세요 TT",
    "date": "10.10.22",
    "rating": "6",
    "author": "nils****",
    "review_id": "4915539",
    "movie_id": "10596"
  },
  {
    "review": "고전호러의진수...음악은 정말 압권",
    "date": "10.08.23",
    "rating": "10",
    "author": "kimc****",
    "review_id": "4783699",
    "movie_id": "10596"
  },
  {
    "review": "지금 다시 보기엔 좀.. ^^;; 볼거리는 제니퍼 코넬리의 미모뿐..",
    "date": "10.08.19",
    "rating": "8",
    "author": "ykm3****",
    "review_id": "4763698",
    "movie_id": "10596"
  },
  {
    "review": "정말 어릴때 티비에서 이거 보고 며칠간을 힘들게 했던. 다시 보고싶네요",
    "date": "10.08.05",
    "rating": "10",
    "author": "exgi****",
    "review_id": "4711772",
    "movie_id": "10596"
  },
  {
    "review": "코넬리의 어릴적 모습 감상만으로도 충분",
    "date": "10.05.20",
    "rating": "4",
    "author": "pksj****",
    "review_id": "4511127",
    "movie_id": "10596"
  },
  {
    "review": "나도 주말의 영화 보고 극한의 공포 느낀 세대 ㅠㅠㅠㅠ",
    "date": "10.05.12",
    "rating": "9",
    "author": "stit****",
    "review_id": "4494413",
    "movie_id": "10596"
  },
  {
    "review": "공주를 데려다 촬영했네, 절벽에 매달려 있어도 곱게 빗어넘긴 머리",
    "date": "10.05.12",
    "rating": "4",
    "author": "rlad****",
    "review_id": "4494163",
    "movie_id": "10596"
  },
  {
    "review": "밑에분 말처럼 주말의 명화로 봤으면 극한의 공포를 느낀세대임 ㅋㅋㅋ",
    "date": "10.04.17",
    "rating": "10",
    "author": "ckh0****",
    "review_id": "4439516",
    "movie_id": "10596"
  },
  {
    "review": "이영화를 주말의 명화에서 보여줬던게 정말 공포지 ㅋㅋ 여전히 최고",
    "date": "10.04.13",
    "rating": "10",
    "author": "blue****",
    "review_id": "4430614",
    "movie_id": "10596"
  },
  {
    "review": "재밌다",
    "date": "09.12.16",
    "rating": "10",
    "author": "eek5****",
    "review_id": "4048602",
    "movie_id": "10596"
  },
  {
    "review": "주말의 명화를 통해,, 이쁜 여주인공 때문에 봤지만, 정말 무서워서 잠도 못잤다능;;",
    "date": "09.12.09",
    "rating": "10",
    "author": "robo****",
    "review_id": "4031250",
    "movie_id": "10596"
  },
  {
    "review": "밋밋한 촬영, 제니퍼의 미적지근한 연기로 전혀 극적이지가 않은데 메탈만 틀어제낀다",
    "date": "09.11.07",
    "rating": "4",
    "author": "stro****",
    "review_id": "3942699",
    "movie_id": "10596"
  },
  {
    "review": "어릴적 가장 무섭게봤던 영화.몽유병,원숭이,구더기,나뒹구는 팔목..잊혀지지않네요.",
    "date": "09.03.09",
    "rating": "10",
    "author": "wlgm****",
    "review_id": "3355860",
    "movie_id": "10596"
  },
  {
    "review": "제니퍼역시이쁘군...원숭이에혼신을다한연기..어마무시하군",
    "date": "09.02.12",
    "rating": "2",
    "author": "fnsk****",
    "review_id": "3296089",
    "movie_id": "10596"
  },
  {
    "review": "제니퍼역시이쁘군...원숭이에혼신을다한연기..어마무시하군",
    "date": "09.02.12",
    "rating": "2",
    "author": "fnsk****",
    "review_id": "3296090",
    "movie_id": "10596"
  },
  {
    "review": "음산한분위기 와 음악 제니퍼코넬리 너무 에쁘다.",
    "date": "09.02.09",
    "rating": "8",
    "author": "unre****",
    "review_id": "3291187",
    "movie_id": "10596"
  },
  {
    "review": "재미와 감동 최고에요! 마지막 옥동자 카리스마 압권!!",
    "date": "09.01.29",
    "rating": "10",
    "author": "dons****",
    "review_id": "3259388",
    "movie_id": "10596"
  },
  {
    "review": "제니퍼의 신선함이 더욱 빛난 작품이라고 할까 내용도 공포로서는 훌룡",
    "date": "09.01.05",
    "rating": "7",
    "author": "deff****",
    "review_id": "3194500",
    "movie_id": "10596"
  },
  {
    "review": "어릴때 봤다가 거의 기절.. 공포물은 어린나이에는 보면 득될것 없다고 느꼈음.",
    "date": "08.11.14",
    "rating": "10",
    "author": "mell****",
    "review_id": "3049982",
    "movie_id": "10596"
  },
  {
    "review": "여름밤에 시원하게 볼만한 옛 공포물",
    "date": "08.08.04",
    "rating": "8",
    "author": "dcap****",
    "review_id": "2833061",
    "movie_id": "10596"
  },
  {
    "review": "살인마의 흉측한 아들, 시체웅덩이, 아직도 기억이 생새하네요~",
    "date": "08.06.26",
    "rating": "10",
    "author": "elim****",
    "review_id": "2721077",
    "movie_id": "10596"
  },
  {
    "review": "역겹지만..그래도잼있으니",
    "date": "08.06.21",
    "rating": "10",
    "author": "tksk****",
    "review_id": "2711194",
    "movie_id": "10596"
  },
  {
    "review": "일단 음악이 맞지 않았고, 공포스럽지도 않다. 후반부만 그럭저럭 볼만했다.",
    "date": "08.04.30",
    "rating": "6",
    "author": "pola****",
    "review_id": "2607284",
    "movie_id": "10596"
  },
  {
    "review": "정말 역겨운 밥맛떨어지는영화 음악은 들을만",
    "date": "08.04.14",
    "rating": "3",
    "author": "tico****",
    "review_id": "2580356",
    "movie_id": "10596"
  },
  {
    "review": "어렷을적 주말의영화에서 보고 크면 꼭 다시봐야지 했던영화ㅋㅋ",
    "date": "08.03.28",
    "rating": "10",
    "author": "asre****",
    "review_id": "2545485",
    "movie_id": "10596"
  },
  {
    "review": "주말의영화에서귀신도없는영화보구,어린맘에새벽4시까지잠못자게 했던 영화 ㅠ.ㅠ",
    "date": "08.03.02",
    "rating": "10",
    "author": "pass****",
    "review_id": "2497429",
    "movie_id": "10596"
  },
  {
    "review": "이영화보면 다른 공포영화가 눈에 안 들어와요..",
    "date": "08.02.12",
    "rating": "10",
    "author": "wkdl****",
    "review_id": "2438434",
    "movie_id": "10596"
  },
  {
    "review": "분위기와 영상..긴장감..호러영화의 모든걸 갖추었다..여배우까지~",
    "date": "08.01.07",
    "rating": "10",
    "author": "hurr****",
    "review_id": "2304218",
    "movie_id": "10596"
  },
  {
    "review": "어릴적 주말의명화에서 본 그 무서운 영화 ㄷㄷㄷ",
    "date": "07.12.10",
    "rating": "7",
    "author": "evil****",
    "review_id": "2221124",
    "movie_id": "10596"
  },
  {
    "review": "제니퍼 코넬리의 작살미모",
    "date": "07.11.15",
    "rating": "8",
    "author": "insa****",
    "review_id": "2153123",
    "movie_id": "10596"
  },
  {
    "review": "영화 좀 안다면 강추 강강추 어린 제니퍼 코넬리 간지 지대로",
    "date": "07.11.08",
    "rating": "10",
    "author": "kidh****",
    "review_id": "2139745",
    "movie_id": "10596"
  },
  {
    "review": "나름잼써",
    "date": "07.09.17",
    "rating": "10",
    "author": "banl****",
    "review_id": "2026451",
    "movie_id": "10596"
  },
  {
    "review": "10점 남발..재미없던데요....",
    "date": "07.09.13",
    "rating": "5",
    "author": "drd1****",
    "review_id": "2017641",
    "movie_id": "10596"
  },
  {
    "review": "영화 배경음악이 영화분위기와 딱 맞아 떨어집니다.",
    "date": "07.09.06",
    "rating": "10",
    "author": "amaz****",
    "review_id": "2004186",
    "movie_id": "10596"
  },
  {
    "review": "변해버린 제니퍼 코넬리 ㅠㅠ 년대 생각해서 10점주고 가야지",
    "date": "07.08.19",
    "rating": "10",
    "author": "park****",
    "review_id": "1959126",
    "movie_id": "10596"
  },
  {
    "review": "차가운 향수 같은느낌이였습니다 묘한..  십수년이흘럿지만 여운이 남는영화",
    "date": "07.07.24",
    "rating": "10",
    "author": "kim8****",
    "review_id": "1805036",
    "movie_id": "10596"
  },
  {
    "review": "마지막 살인마의 모습이 정말 대단했고 옛날영화임에도 공포를 불러일으킨다",
    "date": "07.07.15",
    "rating": "10",
    "author": "jtlk****",
    "review_id": "1776690",
    "movie_id": "10596"
  },
  {
    "review": "스파케티 호러의 황금기를 이끌었던 작품. 오감을 만족시킨다.",
    "date": "07.06.27",
    "rating": "8",
    "author": "teo0****",
    "review_id": "1724728",
    "movie_id": "10596"
  },
  {
    "review": "영화가 어찌나 강렬한지 십수년이 지난 지금도 잊혀지지가 않네;;",
    "date": "07.06.19",
    "rating": "10",
    "author": "empe****",
    "review_id": "1709241",
    "movie_id": "10596"
  },
  {
    "review": "대략적인 장면이초등학생때였는데 기억날 정도..수많은 파리들 - -",
    "date": "07.06.06",
    "rating": "10",
    "author": "kies****",
    "review_id": "1684282",
    "movie_id": "10596"
  },
  {
    "review": "뭔가 흥미진진한 설정...재미있든데...^^",
    "date": "07.05.15",
    "rating": "8",
    "author": "revo****",
    "review_id": "1639257",
    "movie_id": "10596"
  },
  {
    "review": "13년전 MBC 주말의 명화에서 이 영화보구선 제니퍼 코넬리 보구 뻑갔음",
    "date": "07.05.12",
    "rating": "10",
    "author": "jang****",
    "review_id": "1632955",
    "movie_id": "10596"
  },
  {
    "review": "여러가지로 기억에 남는 영화. 독특하고 섬찟하고 여배우 예뻤음.",
    "date": "07.05.07",
    "rating": "10",
    "author": "bepl****",
    "review_id": "1626101",
    "movie_id": "10596"
  },
  {
    "review": "코넬리 초이쁨",
    "date": "07.04.30",
    "rating": "8",
    "author": "yana****",
    "review_id": "1612873",
    "movie_id": "10596"
  },
  {
    "review": "이 영화보고 제니퍼의 팬이 되었었다는...강추.",
    "date": "07.04.23",
    "rating": "10",
    "author": "bala****",
    "review_id": "1601669",
    "movie_id": "10596"
  },
  {
    "review": "히벌...보다가 잠든 최초의 공포영화.....ㅡㅡ.",
    "date": "07.02.09",
    "rating": "1",
    "author": "mack****",
    "review_id": "1458292",
    "movie_id": "10596"
  },
  {
    "review": "20년전영화라는걸 감안하고 봐도...영.....",
    "date": "07.02.03",
    "rating": "6",
    "author": "ssw8****",
    "review_id": "1439915",
    "movie_id": "10596"
  },
  {
    "review": "제가 본 공포 영화 중 최고라고 말하고 싶네요.",
    "date": "07.01.06",
    "rating": "10",
    "author": "smg8****",
    "review_id": "1362886",
    "movie_id": "10596"
  },
  {
    "review": "아르젠토님과 제니퍼가 만나면...= 환상의 궁합이구나!!",
    "date": "07.01.05",
    "rating": "9",
    "author": "nam1****",
    "review_id": "1358064",
    "movie_id": "10596"
  },
  {
    "review": "뭔가 완성도를 못느끼겠어...",
    "date": "07.01.01",
    "rating": "1",
    "author": "jtso****",
    "review_id": "1346754",
    "movie_id": "10596"
  },
  {
    "review": "오래됬네 ㅋ",
    "date": "06.12.12",
    "rating": "10",
    "author": "drzl****",
    "review_id": "1288069",
    "movie_id": "10596"
  },
  {
    "review": "제니퍼 코넬리는 역시 환상이지만, 망할 배경음악이 -1.",
    "date": "06.10.24",
    "rating": "8",
    "author": "the_****",
    "review_id": "1197926",
    "movie_id": "10596"
  },
  {
    "review": "사이버 펑크 심령 공포물. 동물적 본능에 대한 전향적 시선.",
    "date": "06.09.30",
    "rating": "8",
    "author": "jeta****",
    "review_id": "1151017",
    "movie_id": "10596"
  }
]