[
  {
    "review": "전쟁과 신파, 애국심은 영화계의 곰국",
    "date": "15.08.21",
    "rating": "5",
    "author": "rd72****",
    "review_id": "10259729",
    "movie_id": "10593"
  },
  {
    "review": "평점이 8밖에 안됐던 게 아쉬워 10점",
    "date": "15.06.07",
    "rating": "10",
    "author": "char****",
    "review_id": "9981430",
    "movie_id": "10593"
  },
  {
    "review": "아직 2차대전의 여운이 남은 한국전쟁이 끝난 시절의 전쟁과 사랑.",
    "date": "15.05.27",
    "rating": "6",
    "author": "tear****",
    "review_id": "9955454",
    "movie_id": "10593"
  },
  {
    "review": "군대영화 불멸의 고전.. 지극히 사실적이고, 휴머니즘으로 가득찬 군대영화다. 나라에 대한 애국심과 '전쟁'으로 인한 비극.. 그리고 군대 내 비리와 전우애 등등.. 군대 내의 일을 놀랍도록 사실적이고 감동 깊게 묘사한 걸작이다.",
    "date": "15.04.14",
    "rating": "10",
    "author": "pola****",
    "review_id": "9845664",
    "movie_id": "10593"
  }
]