[
  {
    "review": "시간이 흘러도 변치않는 빛나는 흑백영화",
    "date": "15.06.03",
    "rating": "10",
    "author": "nap3****",
    "review_id": "9972289",
    "movie_id": "10590"
  },
  {
    "review": "유통기한이 지나지 않은 신선함",
    "date": "15.03.24",
    "rating": "5",
    "author": "rd72****",
    "review_id": "9803493",
    "movie_id": "10590"
  },
  {
    "review": "셰인의 알란 라드, 지상에서 영원으로의 버트 랜카스터, 줄리우스 시저의 말론 브란도, 성의의 리처드 버튼을 제치고 1953년 아카데미 남우주연상을 차지한 윌리암 홀든의 최고 역작!",
    "date": "15.01.15",
    "rating": "10",
    "author": "stev****",
    "review_id": "9598730",
    "movie_id": "10590"
  }
]