[
  {
    "review": "오랜된영화지만 그때생각에 최고였다",
    "date": "15.05.30",
    "rating": "10",
    "author": "tlaw****",
    "review_id": "9963633",
    "movie_id": "10595"
  },
  {
    "review": "미워도 다시 한번만 ㅠㅠ",
    "date": "14.01.19",
    "rating": "10",
    "author": "p770****",
    "review_id": "8401243",
    "movie_id": "10595"
  },
  {
    "review": "여자는 至高至純한 사랑을 하고, 부인은 마음이 바다처럼 넓으나, 유부남은 치사하고                비굴하고, 관림 중 눈물을 강요해서 흘리게 됩니다.",
    "date": "13.09.06",
    "rating": "8",
    "author": "clie****",
    "review_id": "7952050",
    "movie_id": "10595"
  },
  {
    "review": "문희이래 우주보다,아름다운 눈빛이라는 김지수도 푹푹 썩히는 마당에...문희를 썩히는 거야,그게 뭐 이상한 일이며,뭐 그리 대수랴?한국영화에 기대심리 접은지 이미 오래다...미국산 수퍼액션 히어로영화들에 푹 빠져사느라,다른건 생각해 볼수도 없었지만...",
    "date": "13.09.05",
    "rating": "3",
    "author": "baks****",
    "review_id": "7948014",
    "movie_id": "10595"
  },
  {
    "review": "극 중 주인공들의 연령대에선 심심찮게 주변에 저런 가정이 있었다, 그래서 영화에 쉽게 빠져 들었던 것이지,, 참 세상이 너무도 많이 변했다",
    "date": "13.09.02",
    "rating": "10",
    "author": "mymy****",
    "review_id": "7942274",
    "movie_id": "10595"
  },
  {
    "review": "이 영화 굉장한 명작이었는데 참 영화볼줄 모르네ㅉㅉ",
    "date": "12.12.03",
    "rating": "10",
    "author": "divi****",
    "review_id": "6963468",
    "movie_id": "10595"
  },
  {
    "review": "60년대 영화적 정서를 잘 느낄 수 있었습니다",
    "date": "11.02.06",
    "rating": "10",
    "author": "jyj5****",
    "review_id": "5222058",
    "movie_id": "10595"
  },
  {
    "review": "이따위가 시리즈로 제작되었던 한국영화계.",
    "date": "10.12.01",
    "rating": "2",
    "author": "pria****",
    "review_id": "5011948",
    "movie_id": "10595"
  },
  {
    "review": "이런 걸 보면서라도 실컷 울어야 했던 때가 있었던 거다",
    "date": "10.03.15",
    "rating": "5",
    "author": "mygr****",
    "review_id": "4358350",
    "movie_id": "10595"
  },
  {
    "review": "60년대 영화적 정서를 잘 느낄 수 있었소이다..",
    "date": "09.10.15",
    "rating": "6",
    "author": "papi****",
    "review_id": "3893067",
    "movie_id": "10595"
  },
  {
    "review": "내가 태어난 해의 영화와 요즘 막장드라마의 정서를 비교하면 정신이 몽롱~",
    "date": "09.03.15",
    "rating": "6",
    "author": "acin****",
    "review_id": "3368801",
    "movie_id": "10595"
  },
  {
    "review": "울고싶을때보는영화",
    "date": "09.01.31",
    "rating": "10",
    "author": "song****",
    "review_id": "3266285",
    "movie_id": "10595"
  },
  {
    "review": "오래된영화가더날때도많다.되려요즘졸작들보다낫다",
    "date": "09.01.28",
    "rating": "10",
    "author": "dwte****",
    "review_id": "3257671",
    "movie_id": "10595"
  },
  {
    "review": "35년쯤전에 이거보고 왜 울었는지 지금보니 이해불가",
    "date": "09.01.28",
    "rating": "3",
    "author": "hiss****",
    "review_id": "3257148",
    "movie_id": "10595"
  },
  {
    "review": "므흣~ 68년 6월1일은 토요일이었군... 먼길을 돌아 부모님세대와 만난듯 하다.",
    "date": "08.12.15",
    "rating": "9",
    "author": "heod****",
    "review_id": "3119522",
    "movie_id": "10595"
  },
  {
    "review": "수많은 아류작들을 탄생시킨 문제의 그 영화",
    "date": "07.11.04",
    "rating": "7",
    "author": "stra****",
    "review_id": "2132853",
    "movie_id": "10595"
  },
  {
    "review": "good",
    "date": "07.10.26",
    "rating": "8",
    "author": "cles****",
    "review_id": "2113003",
    "movie_id": "10595"
  },
  {
    "review": "수많은 최루성 멜로는 여기에서...",
    "date": "07.03.01",
    "rating": "10",
    "author": "qhat****",
    "review_id": "1509830",
    "movie_id": "10595"
  },
  {
    "review": "최루탄 수작",
    "date": "07.02.13",
    "rating": "8",
    "author": "ysuh****",
    "review_id": "1467917",
    "movie_id": "10595"
  }
]