[
  {
    "review": "재밌어요 특히 이자벨 위페르랑 크리스 크리스토퍼슨이 같이 춤추는 부분이 좋았어요",
    "date": "15.06.30",
    "rating": "8",
    "author": "blac****",
    "review_id": "10055105",
    "movie_id": "10605"
  },
  {
    "review": "예술가의 야심과 막대한 자본의 결합",
    "date": "15.05.20",
    "rating": "9",
    "author": "copy****",
    "review_id": "9933042",
    "movie_id": "10605"
  },
  {
    "review": "엄청난 자연과 광활함..이 기억난다",
    "date": "15.03.25",
    "rating": "8",
    "author": "lili****",
    "review_id": "9805211",
    "movie_id": "10605"
  },
  {
    "review": "개봉 때는 망작, 지금은 명작.",
    "date": "15.02.15",
    "rating": "7",
    "author": "ghye****",
    "review_id": "9697739",
    "movie_id": "10605"
  },
  {
    "review": "황홀하고 아름다운 빛의 대향연",
    "date": "15.02.13",
    "rating": "10",
    "author": "dlgn****",
    "review_id": "9692413",
    "movie_id": "10605"
  },
  {
    "review": "천국의 문을 보았다. 그것도 극장에서",
    "date": "15.02.11",
    "rating": "8",
    "author": "rock****",
    "review_id": "9685612",
    "movie_id": "10605"
  },
  {
    "review": "박찬욱 ㅅㅌㅊ 10자10자",
    "date": "15.02.10",
    "rating": "10",
    "author": "mizy****",
    "review_id": "9685349",
    "movie_id": "10605"
  },
  {
    "review": "감독판을 보면 레전드급이라는 것을 알 수있다.",
    "date": "15.02.09",
    "rating": "10",
    "author": "vane****",
    "review_id": "9682686",
    "movie_id": "10605"
  },
  {
    "review": "유나이티드 아티스트 스튜디오를 홀랑 말아먹었다고는 하지만, 마이클 치미노의 야심 하나는 대단한 영화! 이자벨 위페르가 그렇게 아름다운지, 크리스토퍼 월큰이 그렇게 샤프했는지 처음 알았다. 216분이 길게 느껴지지 않았던 대작.",
    "date": "15.02.09",
    "rating": "8",
    "author": "cine****",
    "review_id": "9682289",
    "movie_id": "10605"
  },
  {
    "review": "밑에 분에 전적으로 동감합니다",
    "date": "15.02.08",
    "rating": "9",
    "author": "newt****",
    "review_id": "9680558",
    "movie_id": "10605"
  },
  {
    "review": "3점짜리영화. CG 본격 도입 직전 시절 마지막으로 나온 재앙. 규모에만 관심있는 감독이 거대자본을 쥐고 아무런 비판과 제약을 받지않을때 어떤 결과물이 나오는지 잘 보여주는 작품.",
    "date": "15.01.31",
    "rating": "1",
    "author": "krad****",
    "review_id": "9653553",
    "movie_id": "10605"
  },
  {
    "review": "극장에서 누릴 수 있는 황홀함",
    "date": "15.01.24",
    "rating": "10",
    "author": "best****",
    "review_id": "9631868",
    "movie_id": "10605"
  },
  {
    "review": "볼만한 영화입니다...",
    "date": "15.01.15",
    "rating": "8",
    "author": "inev****",
    "review_id": "9598973",
    "movie_id": "10605"
  },
  {
    "review": "꿀잼영화이다 ㅇㄱㄹㅇ",
    "date": "15.01.15",
    "rating": "10",
    "author": "abab****",
    "review_id": "9597753",
    "movie_id": "10605"
  }
]