[
  {
    "review": "나의 젊음과 닮아있다?좋은 영화",
    "date": "14.09.19",
    "rating": "10",
    "author": "ktki****",
    "review_id": "9226513",
    "movie_id": "10608"
  },
  {
    "review": "지식인들의 유희는 어렵다 .... 삼포가는 길도 보이고",
    "date": "14.05.16",
    "rating": "8",
    "author": "tomb****",
    "review_id": "8734857",
    "movie_id": "10608"
  },
  {
    "review": "그 시절... 젊은 날 방랑길...",
    "date": "14.04.19",
    "rating": "8",
    "author": "popy****",
    "review_id": "8658189",
    "movie_id": "10608"
  },
  {
    "review": "젊은날의 방황이 뭔지 지대로 보여준다",
    "date": "13.12.30",
    "rating": "9",
    "author": "chom****",
    "review_id": "8324760",
    "movie_id": "10608"
  },
  {
    "review": "명배우들의 과거연기와 시대배경 연출이 너무도 가슴에 남는 영화",
    "date": "13.12.26",
    "rating": "10",
    "author": "bbsd****",
    "review_id": "8303237",
    "movie_id": "10608"
  },
  {
    "review": "대한민국 최대 기생충 삼팔육들의 오글거리는 개소리",
    "date": "13.12.26",
    "rating": "1",
    "author": "dbdh****",
    "review_id": "8302665",
    "movie_id": "10608"
  },
  {
    "review": "나 태어나고 2주후에 개봉 ㄷㄷ 정보석 아저씨나 옥소리아줌마나미남미녀엿네",
    "date": "13.12.26",
    "rating": "10",
    "author": "m132****",
    "review_id": "8302506",
    "movie_id": "10608"
  },
  {
    "review": "20대 순수하고 감성이 풍부했던 시절, 방황과 꿈도 많았던 그때가 그립네요이젠 그시절로 ㄷ돌아갈수 없는 현실이 안타깝습니다. 세월이 그만큼 지나고 삭막해져가는 현실이 두렵습니다.",
    "date": "13.12.23",
    "rating": "9",
    "author": "hanj****",
    "review_id": "8280568",
    "movie_id": "10608"
  },
  {
    "review": "원작소설을 안보면 줄거리의 개연성을 거의 느끼기 힘들 정도로 구성이 산만합니다. 그나마 원작과는 다른 배종옥님의 역할 및 좋은 연기 덕분에 중후반부는 조금낫지만, 아무리 좋게 보려해도 전반부는 정말 최악입니다.",
    "date": "13.12.23",
    "rating": "6",
    "author": "yuns****",
    "review_id": "8278771",
    "movie_id": "10608"
  },
  {
    "review": "22년전 으로 돌아가는 추억의 한국영화",
    "date": "13.12.23",
    "rating": "10",
    "author": "cjsw****",
    "review_id": "8277664",
    "movie_id": "10608"
  },
  {
    "review": "1991년 겨울 눈내리던밤 친구와 심야영화보구 학원골목에서 소주병채 마시면서 감성을 버리자고 외쳤는데 ㅎㅇ이문열 니는 어쩌다 답고없는 새누리파가 되었남 ㅎ",
    "date": "13.12.23",
    "rating": "9",
    "author": "gurn****",
    "review_id": "8277630",
    "movie_id": "10608"
  },
  {
    "review": "독재 군부 정치 시절때 반정부 시위학생들을 은근히 까대는 노태우 시절의 협잡질 영화",
    "date": "13.12.03",
    "rating": "1",
    "author": "maxs****",
    "review_id": "8186785",
    "movie_id": "10608"
  },
  {
    "review": "소설원작이 궁금하다..",
    "date": "13.05.31",
    "rating": "10",
    "author": "thsd****",
    "review_id": "7564597",
    "movie_id": "10608"
  },
  {
    "review": "어여쁜 옥소리의 초상",
    "date": "12.11.15",
    "rating": "5",
    "author": "rd72****",
    "review_id": "6888860",
    "movie_id": "10608"
  },
  {
    "review": "세상이많이변했군아 OO로또1등이나걸려라중독되겟다",
    "date": "12.08.08",
    "rating": "1",
    "author": "zzzo****",
    "review_id": "6582108",
    "movie_id": "10608"
  },
  {
    "review": "유튜브 한국고전영화채널에 가서 볼수있음",
    "date": "12.08.04",
    "rating": "7",
    "author": "nang****",
    "review_id": "6570698",
    "movie_id": "10608"
  },
  {
    "review": "그 시대를 살지 않은 30 중반으로 이 영화를 보게 되니, 삶을 돌아보게 되네요.",
    "date": "12.04.22",
    "rating": "10",
    "author": "toxo****",
    "review_id": "6238744",
    "movie_id": "10608"
  },
  {
    "review": "20년 후인 지금에도 여전히 보석같은 영화...",
    "date": "11.12.15",
    "rating": "10",
    "author": "trea****",
    "review_id": "5907544",
    "movie_id": "10608"
  },
  {
    "review": "어딜가나 늘 모순과 혼돈은 있었고 또한 온정과 순수도 있었다...",
    "date": "11.12.15",
    "rating": "10",
    "author": "proj****",
    "review_id": "5906307",
    "movie_id": "10608"
  },
  {
    "review": "이제는 모두 중견 배우..",
    "date": "11.11.06",
    "rating": "9",
    "author": "tn99****",
    "review_id": "5832876",
    "movie_id": "10608"
  },
  {
    "review": "절망은 끝이 아니라 새로운 시작이다.",
    "date": "11.10.16",
    "rating": "7",
    "author": "sykm****",
    "review_id": "5792831",
    "movie_id": "10608"
  },
  {
    "review": "허무와 절망은 지금 내 존재의 끝이 아니라 진정한 출발",
    "date": "11.10.16",
    "rating": "10",
    "author": "redp****",
    "review_id": "5791117",
    "movie_id": "10608"
  },
  {
    "review": "영화도 좋았고.. 정보석이 이렇게 멋있었던가? 여주인공들의 젊음도 너무 눈부시다.",
    "date": "11.09.26",
    "rating": "9",
    "author": "sosk****",
    "review_id": "5753914",
    "movie_id": "10608"
  },
  {
    "review": "가슴이 먹먹해진다... 그리고 여운이 너무 오래남아 있는 영화.",
    "date": "11.09.26",
    "rating": "9",
    "author": "alch****",
    "review_id": "5752977",
    "movie_id": "10608"
  },
  {
    "review": "내 젊은날을 기억하며....",
    "date": "11.09.13",
    "rating": "10",
    "author": "port****",
    "review_id": "5729363",
    "movie_id": "10608"
  },
  {
    "review": "배종옥의 아름답고 풋풋했던 시절을 다시 볼수 있는 영화.",
    "date": "11.07.17",
    "rating": "10",
    "author": "odjs****",
    "review_id": "5549616",
    "movie_id": "10608"
  },
  {
    "review": "청춘의 달콤함과 씁쓸함",
    "date": "11.04.10",
    "rating": "10",
    "author": "cage****",
    "review_id": "5365221",
    "movie_id": "10608"
  },
  {
    "review": "명장 곽지균 연출, 원조 꽃미남 정보석, 배종옥 풋풋함, 옥소리 넘 예쁘다",
    "date": "10.07.19",
    "rating": "10",
    "author": "boom****",
    "review_id": "4653489",
    "movie_id": "10608"
  },
  {
    "review": "제목만 들어도 영화가 떠오르는데... 삼가 고인의 명복을 빕니다..",
    "date": "10.05.27",
    "rating": "10",
    "author": "winb****",
    "review_id": "4526918",
    "movie_id": "10608"
  },
  {
    "review": "삼가 고인의 명복을 빕니다",
    "date": "10.05.26",
    "rating": "8",
    "author": "bkm1****",
    "review_id": "4525614",
    "movie_id": "10608"
  },
  {
    "review": "고인의 명복을 빕니다...",
    "date": "10.05.26",
    "rating": "10",
    "author": "bey3****",
    "review_id": "4525002",
    "movie_id": "10608"
  },
  {
    "review": "좋은대로 가시길 빌어 드립니다.",
    "date": "10.05.26",
    "rating": "8",
    "author": "desh****",
    "review_id": "4524801",
    "movie_id": "10608"
  },
  {
    "review": "고인의 명복을 빌며 젊은날의 초상을 기립니다.",
    "date": "10.05.26",
    "rating": "9",
    "author": "whyf****",
    "review_id": "4524561",
    "movie_id": "10608"
  },
  {
    "review": "삼가고인의 명복을 빕니다.",
    "date": "10.05.26",
    "rating": "10",
    "author": "nest****",
    "review_id": "4524539",
    "movie_id": "10608"
  },
  {
    "review": "고인의 명복을 빕니다..",
    "date": "10.05.26",
    "rating": "10",
    "author": "musi****",
    "review_id": "4524490",
    "movie_id": "10608"
  },
  {
    "review": "무릎팍보고 온 1ㅅ",
    "date": "10.04.24",
    "rating": "1",
    "author": "agra****",
    "review_id": "4452032",
    "movie_id": "10608"
  },
  {
    "review": "영훈의 심적갈등 묘사를 나레이션만으로 해결하려 하니 영화적 재미가 떨어진다",
    "date": "10.04.11",
    "rating": "6",
    "author": "mygr****",
    "review_id": "4426325",
    "movie_id": "10608"
  },
  {
    "review": "방황속에서 오히려 삶의 의미를 깨닫고 새출발을 할 수 있다는 심오한 영화.",
    "date": "09.10.12",
    "rating": "10",
    "author": "skss****",
    "review_id": "3888769",
    "movie_id": "10608"
  },
  {
    "review": "돌아가자 이제 이 심각한 유희는 끝나도 좋을때다. 절망은 존재의..",
    "date": "09.08.30",
    "rating": "10",
    "author": "voor****",
    "review_id": "3799772",
    "movie_id": "10608"
  },
  {
    "review": "혜연의연기때문에 집중이 되질 않았다., 막판은 그나마 점숙이때문에.,영화가 살음",
    "date": "09.03.26",
    "rating": "9",
    "author": "o0wl****",
    "review_id": "3389246",
    "movie_id": "10608"
  },
  {
    "review": "절망은희망의시작이다",
    "date": "09.03.16",
    "rating": "9",
    "author": "lloo****",
    "review_id": "3369079",
    "movie_id": "10608"
  },
  {
    "review": "괜찮은 원작을 신파극으로 만든 연출...",
    "date": "09.02.07",
    "rating": "5",
    "author": "song****",
    "review_id": "3286148",
    "movie_id": "10608"
  },
  {
    "review": "티하나 없는 아련한 저 혜연이가 간통시비에 휘말려...  아 세월아!",
    "date": "08.08.03",
    "rating": "10",
    "author": "mild****",
    "review_id": "2832505",
    "movie_id": "10608"
  },
  {
    "review": "오래두고 다시봐도 좋을 영화 배종옥의 순수를 볼 수 있음에 더 행복한 영화",
    "date": "08.07.18",
    "rating": "10",
    "author": "thrh****",
    "review_id": "2776528",
    "movie_id": "10608"
  },
  {
    "review": "내나이 27. 좀더 일찍 봤어야했다... 배종옥~~~~",
    "date": "08.03.28",
    "rating": "10",
    "author": "rhap****",
    "review_id": "2545945",
    "movie_id": "10608"
  },
  {
    "review": "캥거루킥",
    "date": "07.09.22",
    "rating": "7",
    "author": "kyki****",
    "review_id": "2036816",
    "movie_id": "10608"
  },
  {
    "review": "원작자의 교묘한 정치적 노림수만 빼면 나무랄데 없는 영화",
    "date": "07.06.25",
    "rating": "8",
    "author": "hedo****",
    "review_id": "1721410",
    "movie_id": "10608"
  },
  {
    "review": "이걸 보고난 후 왜 내가 여태껏 이걸 보지않았을까 라는 후회를 남기는영화",
    "date": "07.05.02",
    "rating": "10",
    "author": "meet****",
    "review_id": "1615410",
    "movie_id": "10608"
  },
  {
    "review": "답답함이 밀려온다. 유희는 끝이 났는가.",
    "date": "07.03.06",
    "rating": "10",
    "author": "inse****",
    "review_id": "1521200",
    "movie_id": "10608"
  },
  {
    "review": "더할 나위 업는 성장 영화. 원작을 뛰어나게 그려냈다.",
    "date": "06.12.06",
    "rating": "10",
    "author": "bepl****",
    "review_id": "1270278",
    "movie_id": "10608"
  },
  {
    "review": "잘만든 영화",
    "date": "06.07.28",
    "rating": "10",
    "author": "zeed****",
    "review_id": "929685",
    "movie_id": "10608"
  },
  {
    "review": "아름다운영화",
    "date": "06.07.07",
    "rating": "10",
    "author": "illa****",
    "review_id": "874957",
    "movie_id": "10608"
  },
  {
    "review": "대중성 확보때문에 핵심에서 벗어난 부분이 부각되는게 흠.",
    "date": "06.06.23",
    "rating": "8",
    "author": "quic****",
    "review_id": "853998",
    "movie_id": "10608"
  },
  {
    "review": "소설보다는 못한듯.. 그래도 재밌게 봤음",
    "date": "06.05.28",
    "rating": "9",
    "author": "mast****",
    "review_id": "820986",
    "movie_id": "10608"
  },
  {
    "review": "옥소리 장면은 소름을돋게한다.청순함 완벽그차제이기다.",
    "date": "06.03.27",
    "rating": "9",
    "author": "wals****",
    "review_id": "737116",
    "movie_id": "10608"
  },
  {
    "review": "젊은 날, 이런 차가운 방황을 해본 이라면 따뜻해질 수 있으리라",
    "date": "06.02.22",
    "rating": "9",
    "author": "goma****",
    "review_id": "685253",
    "movie_id": "10608"
  },
  {
    "review": "기대 이하..",
    "date": "06.01.25",
    "rating": "7",
    "author": "scal****",
    "review_id": "620681",
    "movie_id": "10608"
  },
  {
    "review": "너무 일찍 보고, 너무 늦게 본 듯...",
    "date": "05.12.09",
    "rating": "5",
    "author": "tara****",
    "review_id": "499014",
    "movie_id": "10608"
  },
  {
    "review": "20살에원작을보고영화를본나는해운아이었을까?",
    "date": "05.08.24",
    "rating": "9",
    "author": "izzo****",
    "review_id": "382344",
    "movie_id": "10608"
  },
  {
    "review": "이문열, 곽지균, 배종옥 말이 필요있나? 20대 초반에 영화를 봤다면..",
    "date": "04.10.15",
    "rating": "9",
    "author": "jp47****",
    "review_id": "125932",
    "movie_id": "10608"
  }
]