[
  {
    "review": "이렇게  재미있는 영화는  처음이었어요.한번더 보고싶네요.",
    "date": "15.07.27",
    "rating": "10",
    "author": "bipa****",
    "review_id": "10149548",
    "movie_id": "10600"
  },
  {
    "review": "열 세살의 톰 행크스라니!",
    "date": "15.07.23",
    "rating": "9",
    "author": "ilil****",
    "review_id": "10131822",
    "movie_id": "10600"
  },
  {
    "review": "25년전 영화라고 우습게 생각하지 마시길.유쾌하고 즐거운 영화.",
    "date": "15.07.18",
    "rating": "9",
    "author": "babi****",
    "review_id": "10117802",
    "movie_id": "10600"
  },
  {
    "review": "보는 내내 입가에서 엄마 미소가 사라지지 않았던 영화.",
    "date": "15.07.08",
    "rating": "9",
    "author": "floo****",
    "review_id": "10079475",
    "movie_id": "10600"
  },
  {
    "review": "엄청 재미있고 ~ 상큼하고 ~  즐거운 영화 ㅎ",
    "date": "15.06.30",
    "rating": "10",
    "author": "tekk****",
    "review_id": "10054445",
    "movie_id": "10600"
  },
  {
    "review": "꼭 봐야 하는  영화. 어릴때는 제미로, 어른이 돼어서는  진정한 어른이 되게하는 영화라고 생각해요.",
    "date": "15.06.22",
    "rating": "10",
    "author": "nsg7****",
    "review_id": "10022280",
    "movie_id": "10600"
  },
  {
    "review": "인터넷수능보고온사람 손ㅋㅋ",
    "date": "15.06.09",
    "rating": "10",
    "author": "lmh4****",
    "review_id": "9985741",
    "movie_id": "10600"
  },
  {
    "review": "여러가지 생각을 하게 만들었다. 순수했던 나의 시절이 어느새 떠나버렸다.",
    "date": "15.06.05",
    "rating": "10",
    "author": "jsw8****",
    "review_id": "9977691",
    "movie_id": "10600"
  },
  {
    "review": "젊은시절 톰행크스를봐서 좋았다",
    "date": "15.05.05",
    "rating": "8",
    "author": "mond****",
    "review_id": "9895476",
    "movie_id": "10600"
  },
  {
    "review": "이영화 정말 재미있음ㅎㅎ 젊은시절 귀여운 톰행크스를 보는것도 하나의 즐거움이였음ㅎ",
    "date": "15.04.03",
    "rating": "10",
    "author": "besl****",
    "review_id": "9824659",
    "movie_id": "10600"
  },
  {
    "review": "나도 동심을 잃고 살게될줄은 몰랐는데 어느샌가부터 즐거움을 잃고 살았던 것 같다. 정말 많은 것들을 생각하게만드는 영화",
    "date": "15.03.14",
    "rating": "10",
    "author": "kait****",
    "review_id": "9779381",
    "movie_id": "10600"
  },
  {
    "review": "어릴때 보고 최근 다시 봤는데 어른이 되서 보니더 재밌네ㅠㅠ 톰행크스 너무 좋아",
    "date": "15.02.28",
    "rating": "10",
    "author": "mium****",
    "review_id": "9745584",
    "movie_id": "10600"
  },
  {
    "review": "정말 어른다운게 무엇인가 생각하게되는 영화. \"He is grown up\" 이라는 대사가 잊혀지지 않는다. 진짜 영화 잘만들었다....",
    "date": "15.02.24",
    "rating": "10",
    "author": "hari****",
    "review_id": "9733714",
    "movie_id": "10600"
  },
  {
    "review": "그 시절에 살아본 것도 아닌데 그 시절이 그립다.",
    "date": "15.02.20",
    "rating": "10",
    "author": "ajtw****",
    "review_id": "9716061",
    "movie_id": "10600"
  },
  {
    "review": "아무리 좋게 봐줄래도 손발이 오그라드는 느낌...너무 유치해.",
    "date": "14.12.15",
    "rating": "1",
    "author": "wjrh****",
    "review_id": "9476927",
    "movie_id": "10600"
  },
  {
    "review": "누가 보면 지적 장애인인 줄 알만큼 톰행크스의 소년 연기가 너무 좋았다 ㅋㅋㅋ",
    "date": "14.12.12",
    "rating": "9",
    "author": "qhrt****",
    "review_id": "9467879",
    "movie_id": "10600"
  },
  {
    "review": "어른이 되고 보니 다른 느낌이네요. 디테일이 보이니 더 재밌군요 ㅎㅎ",
    "date": "14.12.07",
    "rating": "10",
    "author": "wggg****",
    "review_id": "9455217",
    "movie_id": "10600"
  },
  {
    "review": "무한한 가능성의 틀로 제작되어 획일적인 틀로 완성되는 어른들을 향한 따끔한 한마디.",
    "date": "14.12.01",
    "rating": "7",
    "author": "dpdj****",
    "review_id": "9439806",
    "movie_id": "10600"
  },
  {
    "review": "왜 우리나라는 이런 영화를 못 만들까.. 감독의 연출과 메세지에 깊은 생각에 잠기게 되네요. 가슴 따듯해지는 동시에 먹먹해 지네요. 마지막 여주인공 대사가 참 와 닿네요.",
    "date": "14.11.17",
    "rating": "10",
    "author": "0167****",
    "review_id": "9396996",
    "movie_id": "10600"
  },
  {
    "review": "톰 행크스의 연기력에 지리고 영화에 두번 지렸다",
    "date": "14.11.06",
    "rating": "8",
    "author": "ac67****",
    "review_id": "9346670",
    "movie_id": "10600"
  },
  {
    "review": "어릴적에 보았을때는 멋도 모르고 재밌게 보며 얼른 어른이 되고싶었는데, 어른이 되서 다시보니 재미는 있는데 미묘하게 뭔가 달라졌다는게 느껴진다, 그사이 난 정말 33살먹은 어른이 되버렸나보다. 이영화를 보고 즐길수가 없고 머리가 복잡해져가다니 ㅎㅎㅎ",
    "date": "14.11.05",
    "rating": "10",
    "author": "bajj****",
    "review_id": "9342774",
    "movie_id": "10600"
  },
  {
    "review": "모쏠아다는 이 영화 보지마세요 부러워서 눈물이 흐릅니다.",
    "date": "14.10.07",
    "rating": "8",
    "author": "n_ko****",
    "review_id": "9271606",
    "movie_id": "10600"
  },
  {
    "review": "보는내내 엄마미소 지었습니다.^^",
    "date": "14.09.24",
    "rating": "10",
    "author": "rjwl****",
    "review_id": "9238600",
    "movie_id": "10600"
  },
  {
    "review": "그당시엔 인기많았을텐데 지금보면 좀 유치한영화 근데 잼있긴 재밌었다  톰행크스 젊을적 모습이 살짝 노이어랑 닮은거같은데",
    "date": "14.09.10",
    "rating": "8",
    "author": "wjaw****",
    "review_id": "9196277",
    "movie_id": "10600"
  },
  {
    "review": "사는게지쳐 ..아 나도 순수한 어릴때가 있었구나..기억나게 해준다. 진정한 행복이 무엇인지...",
    "date": "14.08.09",
    "rating": "10",
    "author": "cozy****",
    "review_id": "9054109",
    "movie_id": "10600"
  },
  {
    "review": "어렸을적 그토록  어른이되고싶었는데 ...성인이된후 이영화를보니 순수했던 어린시절 그때가너무그립다",
    "date": "14.08.03",
    "rating": "10",
    "author": "swee****",
    "review_id": "9020694",
    "movie_id": "10600"
  },
  {
    "review": "순수하고 아름답다 :)",
    "date": "14.08.02",
    "rating": "10",
    "author": "0718****",
    "review_id": "9004552",
    "movie_id": "10600"
  },
  {
    "review": "짱짱! 그냥 말이 필요없는 영화!!!",
    "date": "14.07.28",
    "rating": "10",
    "author": "jun0****",
    "review_id": "8975824",
    "movie_id": "10600"
  },
  {
    "review": "잔잔하게.. 뭔가가 오느 느낌..",
    "date": "14.07.27",
    "rating": "9",
    "author": "kijo****",
    "review_id": "8969470",
    "movie_id": "10600"
  },
  {
    "review": "나는 이미 겪었어. 명대사",
    "date": "14.07.24",
    "rating": "10",
    "author": "inow****",
    "review_id": "8952349",
    "movie_id": "10600"
  },
  {
    "review": "왜 평점이 높은지 알겠다. 빵빵 터지는 웃음은 없지만 지루하지 않고 계속 보게되는 매력있는 영화, 톰행크스에대해 다시알게됨. ㅎ",
    "date": "14.07.17",
    "rating": "10",
    "author": "wlgp****",
    "review_id": "8923088",
    "movie_id": "10600"
  },
  {
    "review": "내 어린시절 정말 재밌게 보고 선망했던 영화. 새벽에 추억돋네ㅋ",
    "date": "14.07.08",
    "rating": "10",
    "author": "jere****",
    "review_id": "8895066",
    "movie_id": "10600"
  },
  {
    "review": "환경이 사람을 만드는 듯. 13살짜리 어린애도 어른 사회에 젖다보니 어른처럼 변하다니. 역시 믿고 보는 톰 행크스♥♥♥",
    "date": "14.06.29",
    "rating": "10",
    "author": "witc****",
    "review_id": "8868738",
    "movie_id": "10600"
  },
  {
    "review": "순수함은 시간이 갈수록 소멸하는 것인가",
    "date": "14.06.25",
    "rating": "8",
    "author": "soqu****",
    "review_id": "8855792",
    "movie_id": "10600"
  },
  {
    "review": "정말 최고....나이듦에따라  세상과타협하는 어른들...참된어른이란?",
    "date": "14.06.17",
    "rating": "10",
    "author": "wkds****",
    "review_id": "8836293",
    "movie_id": "10600"
  },
  {
    "review": "재밌게봤어요오요오요오요",
    "date": "14.06.08",
    "rating": "10",
    "author": "sooy****",
    "review_id": "8813579",
    "movie_id": "10600"
  },
  {
    "review": "아름답다ㅎ잼씀강추ㅋ",
    "date": "14.05.29",
    "rating": "10",
    "author": "dpqm****",
    "review_id": "8774595",
    "movie_id": "10600"
  },
  {
    "review": "지금 보니 어른이 아니라 부사장이 되는 게 진짜 판타지",
    "date": "14.05.26",
    "rating": "3",
    "author": "expr****",
    "review_id": "8768747",
    "movie_id": "10600"
  },
  {
    "review": "초딩 때 재밌게 봤었는데 성인이 된 지금 봐도 역시 재밌다이런 게 진짜 명화지!",
    "date": "14.05.23",
    "rating": "10",
    "author": "danc****",
    "review_id": "8758467",
    "movie_id": "10600"
  },
  {
    "review": "어릴 적  TV에서  하던 게  기억난다. 겁나 재밌었지 벌써 OOO은 된거 같은데 아직도 기억나니깐.. 마지막에 친구랑 둘이 걸어가는 장면이 찡했던 것 같다.",
    "date": "14.05.13",
    "rating": "9",
    "author": "chba****",
    "review_id": "8728677",
    "movie_id": "10600"
  },
  {
    "review": "톰행크스라는 배우를 좋아하게된 영화다",
    "date": "14.05.07",
    "rating": "10",
    "author": "tokt****",
    "review_id": "8712654",
    "movie_id": "10600"
  },
  {
    "review": "26년전에도 이렇게 신선한 영화라니.. 코믹하면서도 오바하지않고 담백한.. 사장과 함께 피아노 춤추는 장면 너무좋다. heart and soul...^^",
    "date": "14.04.20",
    "rating": "10",
    "author": "pjy2****",
    "review_id": "8660834",
    "movie_id": "10600"
  },
  {
    "review": "그냥 아무생각없이 빅 이란영화를 보게되었는데 그냥보면서 그냥좋더라 특히마지막에..작아지면서 인사할때 그배경이랑 분위기가 너무 좋더라",
    "date": "14.04.19",
    "rating": "10",
    "author": "jaeh****",
    "review_id": "8657899",
    "movie_id": "10600"
  },
  {
    "review": "소장해서 아직도꺼내봄",
    "date": "14.04.16",
    "rating": "10",
    "author": "ollo****",
    "review_id": "8653083",
    "movie_id": "10600"
  },
  {
    "review": "89년에 이런 걸작이 나와서 수많은 영화들이 이 컨셉을 배꼈지만, 이런 작품은 나오지 못하는 구나.",
    "date": "14.03.26",
    "rating": "10",
    "author": "plto****",
    "review_id": "8607249",
    "movie_id": "10600"
  },
  {
    "review": "아무런 사전 정보없이 보았던 영화. 단성사에서 개봉일에 고등학생이었던 사촌 조카와 보았는데 극장 간판에 피아노 건반 위에 서 있는 톰의 포스터가 그려져 있어 더욱 내용을 짐작할 수 없었다. 하지만 너무 재미있고 몰입해서 보아 아직도 스토리가 생생하다.",
    "date": "14.03.18",
    "rating": "10",
    "author": "beat****",
    "review_id": "8586736",
    "movie_id": "10600"
  },
  {
    "review": "너무나도 행복해지는  영화",
    "date": "14.03.16",
    "rating": "10",
    "author": "pky8****",
    "review_id": "8582005",
    "movie_id": "10600"
  },
  {
    "review": "하하하 잼난 영화입니다.",
    "date": "14.03.14",
    "rating": "7",
    "author": "mirj****",
    "review_id": "8574415",
    "movie_id": "10600"
  },
  {
    "review": "옛날영화인것같지않은영화! 소재랑 내용도 너무재미있음ㅜㅜ 배우 톰행크스가 나오는 영화는 보고나서 후회한적이 없는듯. 완전 최고!",
    "date": "14.02.10",
    "rating": "10",
    "author": "qkrw****",
    "review_id": "8494713",
    "movie_id": "10600"
  },
  {
    "review": "30살의 모습을 하고 있지만 실제로 13살인 톰행크스를 평가하는 여자의 한 마디가 이 영화 그 자체이다. \"He is grown up.\"",
    "date": "14.02.10",
    "rating": "10",
    "author": "hoon****",
    "review_id": "8494541",
    "movie_id": "10600"
  },
  {
    "review": "나도 어릴 때 빨리 어른이 되기를 희망했었지...",
    "date": "14.02.06",
    "rating": "6",
    "author": "craz****",
    "review_id": "8479205",
    "movie_id": "10600"
  },
  {
    "review": "어린 시절 누구나 꿈꿔 보았던 생각을 영화로... 여러번 봤는데도 재미있고, 공감되는...",
    "date": "14.02.03",
    "rating": "9",
    "author": "01aj****",
    "review_id": "8471344",
    "movie_id": "10600"
  },
  {
    "review": "처음에 무슨 옛날 영화냐고 했는데 역시 예전이나 지금이나 톰행크스는 연기력의 끝이다",
    "date": "14.02.02",
    "rating": "10",
    "author": "dnjs****",
    "review_id": "8465812",
    "movie_id": "10600"
  },
  {
    "review": "요 근래 본 영화중 최고의 영화였다.",
    "date": "14.01.30",
    "rating": "10",
    "author": "cher****",
    "review_id": "8448634",
    "movie_id": "10600"
  },
  {
    "review": "앜ㅋㅋ 톰행크스 너무 귀여워 ㅋㅋㅋ20년이 지난 지금 봐도 너무 싱그럽고 잘만들어진 영화^^",
    "date": "13.12.11",
    "rating": "10",
    "author": "smsy****",
    "review_id": "8206680",
    "movie_id": "10600"
  },
  {
    "review": "나이를 먹었지만 다시봐도 좋은 영화입니다",
    "date": "13.12.07",
    "rating": "10",
    "author": "dkwl****",
    "review_id": "8195596",
    "movie_id": "10600"
  },
  {
    "review": "동심과 사랑 사이에서 오는 갈등을 잘 표현한 영화마지막 장면은 많은 여운을 가져다준다.조쉬의 어릴때 모습과 어른의 모습 오히려 조쉬의 선택은 어린이가 아닌 이미 어른으로 성장했다는 사실이 아닐까...?",
    "date": "13.11.14",
    "rating": "10",
    "author": "seun****",
    "review_id": "8136005",
    "movie_id": "10600"
  },
  {
    "review": "어릴적 추억을 간직한 영화",
    "date": "13.11.13",
    "rating": "10",
    "author": "smch****",
    "review_id": "8135095",
    "movie_id": "10600"
  },
  {
    "review": "잃어버린 나의 동심에게 이 영화를 바친다.",
    "date": "13.11.09",
    "rating": "8",
    "author": "mono****",
    "review_id": "8128331",
    "movie_id": "10600"
  },
  {
    "review": "080 500 4949",
    "date": "13.11.01",
    "rating": "10",
    "author": "kunm****",
    "review_id": "8107742",
    "movie_id": "10600"
  },
  {
    "review": "어렸을 적 감명 깊게 본 영화. 커서 본대도 재미있겠지.",
    "date": "13.10.21",
    "rating": "10",
    "author": "ldj0****",
    "review_id": "8078209",
    "movie_id": "10600"
  },
  {
    "review": "장난감 회사 사장과 같이뛰는 젓가락 행진곡 씬은 이 영화의 백미다.DDR의 원조라 불러도 손색이 없을듯...",
    "date": "13.10.19",
    "rating": "10",
    "author": "chor****",
    "review_id": "8070508",
    "movie_id": "10600"
  },
  {
    "review": "톰행크스 어릴때 귀여웟군",
    "date": "13.10.09",
    "rating": "10",
    "author": "hell****",
    "review_id": "8047201",
    "movie_id": "10600"
  },
  {
    "review": "옛날에 아무것도 모르고 친구들 우리집에 초대하면 막 보여줬던 영화인데.... 제목 그대로의 영화다. 너무 재밌다. 발랄하고",
    "date": "13.10.06",
    "rating": "10",
    "author": "mirn****",
    "review_id": "8039905",
    "movie_id": "10600"
  },
  {
    "review": "제가 본 영화중에 가장 감명깊은 영화. 이런 아이디어에 감동을 주는 영화는 처음이자 마지막일꺼 같다.",
    "date": "13.09.30",
    "rating": "10",
    "author": "ttil****",
    "review_id": "8023980",
    "movie_id": "10600"
  },
  {
    "review": "VCR로 처음본 영화",
    "date": "13.09.21",
    "rating": "8",
    "author": "rjsw****",
    "review_id": "8006584",
    "movie_id": "10600"
  },
  {
    "review": "역시 톰행크스!!!! 젊은 톰행크스 처음보는데 잘생겼네",
    "date": "13.09.15",
    "rating": "10",
    "author": "igel****",
    "review_id": "7981458",
    "movie_id": "10600"
  },
  {
    "review": "보고나면 기분이 좋아지는영화..",
    "date": "13.09.10",
    "rating": "9",
    "author": "o141****",
    "review_id": "7964021",
    "movie_id": "10600"
  },
  {
    "review": "영화니까 상상은 자유, 하지만 지나친 비약은 본전 생각나게하기도......",
    "date": "13.08.28",
    "rating": "5",
    "author": "cosc****",
    "review_id": "7930097",
    "movie_id": "10600"
  },
  {
    "review": "발로 피아노 칠때 그냥 미소가 절로 나오더라..",
    "date": "13.08.22",
    "rating": "10",
    "author": "kims****",
    "review_id": "7910193",
    "movie_id": "10600"
  },
  {
    "review": "너무나 사랑스럽고 아름다운 영화입니다. 오늘 또 봤는데 웃으며 보다가 결국 코 끝이 찡해지네요^^",
    "date": "13.08.18",
    "rating": "10",
    "author": "soun****",
    "review_id": "7897043",
    "movie_id": "10600"
  },
  {
    "review": "톰행크스♥",
    "date": "13.07.30",
    "rating": "10",
    "author": "yeni****",
    "review_id": "7800593",
    "movie_id": "10600"
  },
  {
    "review": "진짜넘잼게봤어요",
    "date": "13.07.25",
    "rating": "10",
    "author": "fbsr****",
    "review_id": "7785274",
    "movie_id": "10600"
  },
  {
    "review": "굿",
    "date": "13.07.20",
    "rating": "10",
    "author": "dlgk****",
    "review_id": "7768243",
    "movie_id": "10600"
  },
  {
    "review": "당시에 이영화 상당히 재미있었죠.. 지금 시대가 엄청 흘렀지만 아직도 볼만함.",
    "date": "13.07.18",
    "rating": "8",
    "author": "adiv****",
    "review_id": "7758849",
    "movie_id": "10600"
  },
  {
    "review": "어른이 된다는 것. 현재 순수성과 열정을 잃어가는 어른들을 풍자하는 영화. 대체 어른다움이란건 뭘까의 아이러니. 그리고 톰 행크스.",
    "date": "13.07.18",
    "rating": "9",
    "author": "ldy6****",
    "review_id": "7757771",
    "movie_id": "10600"
  },
  {
    "review": "정말 진짜 재밌어요저도 13살이거든요^^",
    "date": "13.07.16",
    "rating": "10",
    "author": "agne****",
    "review_id": "7748326",
    "movie_id": "10600"
  },
  {
    "review": "아 정말 어렸을때 보고 이제 서른이 되어서 다시 보게 됐는데 너무 감동적이고 재밌네요 ㅠㅠ 눈물 난당",
    "date": "13.07.09",
    "rating": "10",
    "author": "surp****",
    "review_id": "7721198",
    "movie_id": "10600"
  },
  {
    "review": "그아이가사랑에빠져서졸타에게어른이되어달라고빌다니...",
    "date": "13.07.06",
    "rating": "10",
    "author": "6212****",
    "review_id": "7709618",
    "movie_id": "10600"
  },
  {
    "review": "내게도 그런 때가 있었어. 한 번 겪었으면 됐어. 내 말 알겠어? 알리가 없지..",
    "date": "13.07.05",
    "rating": "7",
    "author": "bbb2****",
    "review_id": "7708340",
    "movie_id": "10600"
  },
  {
    "review": "때론 발랄해지고싶다",
    "date": "13.06.12",
    "rating": "8",
    "author": "xlas****",
    "review_id": "7631188",
    "movie_id": "10600"
  },
  {
    "review": "어릴땐 장난감 가지고 노는게 그렇게 재밌었는데...왜 지금은 하나도 재미가 없을까 ㅠㅠ 아아 잃어버린 나의 동심이여 ㅠㅠ",
    "date": "13.05.03",
    "rating": "10",
    "author": "cesa****",
    "review_id": "7503059",
    "movie_id": "10600"
  },
  {
    "review": "좋은 영화는 억대의 제작비와 CG로 만들어지는게 아니라는 것을 보여주는 영화",
    "date": "13.05.03",
    "rating": "10",
    "author": "fron****",
    "review_id": "7503048",
    "movie_id": "10600"
  },
  {
    "review": "영화는 늙어도 영화가 주는 교훈은 늙지 않는다. 근데 이 영화 1988년도 영화 맞아? 요즘 만드는 영화보다 훨 낫다. 진심.",
    "date": "13.05.03",
    "rating": "10",
    "author": "lexi****",
    "review_id": "7503041",
    "movie_id": "10600"
  },
  {
    "review": "재밌다~!!^^ 시간가는 줄 모르고 봤다~! 옛날 영화인데도 되게 잘 만든 것 같다~!! 마지막에는 코미디로 밝게 끝났으면 더 좋았을 것 같다~! 톰행크스 연기 아이처럼 되게 잘하는 것 같다~!^^ 재밌었다~!!^^",
    "date": "13.04.24",
    "rating": "10",
    "author": "jyjx****",
    "review_id": "7478636",
    "movie_id": "10600"
  },
  {
    "review": "Perfect",
    "date": "13.04.24",
    "rating": "10",
    "author": "psh4****",
    "review_id": "7478071",
    "movie_id": "10600"
  },
  {
    "review": "어른이 된다는건 무엇일까... 과거의 우리는..",
    "date": "13.04.15",
    "rating": "9",
    "author": "yeo_****",
    "review_id": "7460124",
    "movie_id": "10600"
  },
  {
    "review": "나홀로집에와더불어 나의최고의영화..",
    "date": "13.04.13",
    "rating": "10",
    "author": "jeon****",
    "review_id": "7457162",
    "movie_id": "10600"
  },
  {
    "review": "아......나의 사랑스런 영화여.....",
    "date": "13.04.08",
    "rating": "10",
    "author": "pale****",
    "review_id": "7442945",
    "movie_id": "10600"
  },
  {
    "review": "지금도 잊혀지지 않는 피아노 장면",
    "date": "13.04.07",
    "rating": "10",
    "author": "smph****",
    "review_id": "7441388",
    "movie_id": "10600"
  },
  {
    "review": "This is the best movie in the whole wide world !!!!!!!!!!!!!!!!!!!!!",
    "date": "13.04.02",
    "rating": "10",
    "author": "ymn1****",
    "review_id": "7430242",
    "movie_id": "10600"
  },
  {
    "review": "말이 필요 없다, 최고의 영화",
    "date": "13.03.21",
    "rating": "10",
    "author": "ofma****",
    "review_id": "7384099",
    "movie_id": "10600"
  },
  {
    "review": "13살로돌아가서 여자를꼬시고싶다",
    "date": "13.03.16",
    "rating": "9",
    "author": "thdd****",
    "review_id": "7351591",
    "movie_id": "10600"
  },
  {
    "review": "유쾌하고 순수하고 사랑스럽고 아름다운 영화",
    "date": "13.02.27",
    "rating": "10",
    "author": "emin****",
    "review_id": "7306763",
    "movie_id": "10600"
  },
  {
    "review": "갑자기 커져버린 아이. 아이처럼 살기엔 현실은 너무 힘들지..",
    "date": "13.02.20",
    "rating": "8",
    "author": "jwjw****",
    "review_id": "7283086",
    "movie_id": "10600"
  },
  {
    "review": "지금은 어린 시절로 돌아가고 싶어.",
    "date": "13.02.18",
    "rating": "9",
    "author": "kckz****",
    "review_id": "7279367",
    "movie_id": "10600"
  },
  {
    "review": "아 톰행크스 이렇게 멋졌다니 중년을 넘긴 나이에 그를 연기력때문에 좋아했는데 역시 젊음은 최고의 재산이구나 정말 아이를 보는 듯 했다 순수한 열정이 돋보이는 아주 재밌고 유쾌한 감동적인 영화 젊을 때 모습에 뿅 반했다",
    "date": "13.02.06",
    "rating": "10",
    "author": "ilov****",
    "review_id": "7229961",
    "movie_id": "10600"
  },
  {
    "review": "몇번이나 다시보고싶어질것같은 기분좋은영화^^그리고 톰행크스..이렇게나 매력있는배우인줄이제알았다..젊었을땐 잘생겼었구나..그 순수한 연기가 너무사랑스러웠다..그리고 13살아이의 역할을 완벽히 소화해낸 명배우. 이래서 다들통행크스 톰행크스 하는구나",
    "date": "13.02.03",
    "rating": "10",
    "author": "irla****",
    "review_id": "7216767",
    "movie_id": "10600"
  },
  {
    "review": "어릴적 기억 한켠에 장면 하나만이 기억에 남았는데 8년전에 보고 이번에 보면서 20대 중반을 넘어가면서  이토록 현실과 밀착된 가슴아련한 동화라니, 싶어 뭉클해졌다. 세월속에  어른이 되어간다는건.. 정확히 언제 동심을 잃어버렸는지도 기억나지 않는다.",
    "date": "13.01.28",
    "rating": "9",
    "author": "fran****",
    "review_id": "7187095",
    "movie_id": "10600"
  },
  {
    "review": "어른이 된다는것은 싫어도 내색하지 않고 웃을수 있어야 하고, 자식에게 화나는 일이 있더라도 내색하지 않아야 하며, 제 멋대로 하는 것이 하니라 자신이 책임져야  하는 것을 말한다.",
    "date": "13.01.25",
    "rating": "5",
    "author": "kos4****",
    "review_id": "7170979",
    "movie_id": "10600"
  }
]