[
  {
    "review": "과연 일본영화하면 거론되면 머릿속에 자연스럽게 그려지는7인의 사무라이. 지난세월속에 잔혹한경험과 결말의 고독함과 쓰라림을 잘 표현한 작품답게 시대는 넘나드는 명작으로 손꼽힌다",
    "date": "15.08.19",
    "rating": "10",
    "author": "af93****",
    "review_id": "10250279",
    "movie_id": "10609"
  },
  {
    "review": "진짜 지금까지 이만한 영화 거의 없어요.",
    "date": "15.08.11",
    "rating": "10",
    "author": "jjy3****",
    "review_id": "10215560",
    "movie_id": "10609"
  },
  {
    "review": "기나긴 전개 후 이어지는 긴 여운... 구로사와 아키라 감독의 영화는 늘 그렇다",
    "date": "15.08.06",
    "rating": "10",
    "author": "play****",
    "review_id": "10194574",
    "movie_id": "10609"
  },
  {
    "review": "막장 영화 이미지가 많은 일본영화에 이런 영화도 있었다니. 명작이네요.",
    "date": "15.08.01",
    "rating": "10",
    "author": "thel****",
    "review_id": "10172910",
    "movie_id": "10609"
  },
  {
    "review": "재미와 아름다움 두개 다 잡은 명작 영화",
    "date": "15.07.08",
    "rating": "10",
    "author": "cori****",
    "review_id": "10079826",
    "movie_id": "10609"
  },
  {
    "review": "400명 이런 친일파들 이순신이 이거보고 운다",
    "date": "15.06.27",
    "rating": "1",
    "author": "tyqs****",
    "review_id": "10042901",
    "movie_id": "10609"
  },
  {
    "review": "별로 그냥 이유없이 극혐 일본이니깐",
    "date": "15.06.17",
    "rating": "1",
    "author": "jsga****",
    "review_id": "10006559",
    "movie_id": "10609"
  },
  {
    "review": "러닝 타임이 길어 지루할줄 알았으나 기우였다.",
    "date": "15.06.04",
    "rating": "9",
    "author": "marc****",
    "review_id": "9974994",
    "movie_id": "10609"
  },
  {
    "review": "런닝타임 3시간30분.... 이정도 영화라면 지루하지않다",
    "date": "15.05.17",
    "rating": "10",
    "author": "win1****",
    "review_id": "9926208",
    "movie_id": "10609"
  },
  {
    "review": "이야기자체는  흥미롭지만 설정이 너무 단순하군",
    "date": "15.05.04",
    "rating": "5",
    "author": "guev****",
    "review_id": "9892369",
    "movie_id": "10609"
  },
  {
    "review": "네이버 평점 만점이 10점이 있는 이유는 바로 이 영화를 위해서 이다.",
    "date": "15.04.13",
    "rating": "10",
    "author": "chin****",
    "review_id": "9843407",
    "movie_id": "10609"
  },
  {
    "review": "구로사와 아키라 타계 이후 일본 영화는 몰락했다. 말이 필요 없는 명작",
    "date": "15.03.23",
    "rating": "10",
    "author": "mrq1****",
    "review_id": "9801762",
    "movie_id": "10609"
  },
  {
    "review": "세계영화사에 큰 영향을 준 일본작품을 든다면..",
    "date": "15.03.17",
    "rating": "9",
    "author": "pont****",
    "review_id": "9788705",
    "movie_id": "10609"
  },
  {
    "review": "54년 영화라니..케릭터.기승전결.촬영.성공적",
    "date": "15.03.08",
    "rating": "10",
    "author": "leet****",
    "review_id": "9766084",
    "movie_id": "10609"
  },
  {
    "review": "이게 70년전 영화라니... 명작은 정말 시대를 초월하는구나.  컬러로 영상만 바꾼다면 바로 올해 나왔다고 해도 믿겠다. 서양의 어떤 서부극보다도 훨씬 의미깊고 무거우면서 스펙타클했다. 역시 대단한 구로사와 아키라 감독님..",
    "date": "15.03.01",
    "rating": "10",
    "author": "1231****",
    "review_id": "9748646",
    "movie_id": "10609"
  },
  {
    "review": "모든 영화의 교과서는 <시민케인>보다는 <7인의 사무라이>다",
    "date": "15.02.20",
    "rating": "10",
    "author": "sjzm****",
    "review_id": "9718430",
    "movie_id": "10609"
  },
  {
    "review": "클래식. 음악으로 치자면 바흐나 모짜르트의 교향곡 같은 영화",
    "date": "15.02.09",
    "rating": "10",
    "author": "ojec****",
    "review_id": "9681601",
    "movie_id": "10609"
  },
  {
    "review": "3시간 26분짜리 영화인데 하나도 안지루하네.. ㅎㅎ",
    "date": "15.01.25",
    "rating": "9",
    "author": "boga****",
    "review_id": "9633521",
    "movie_id": "10609"
  },
  {
    "review": "근현대 아시아 최고의 명작영화",
    "date": "15.01.09",
    "rating": "10",
    "author": "deli****",
    "review_id": "9577660",
    "movie_id": "10609"
  },
  {
    "review": "지금영화와 비교하자면 지루하고 엉성한데가 없는건 아니나 시대를 초월하는 묵직함이 있다. 아 물론 200분동안 보자니 힘들긴 하더라.",
    "date": "14.11.09",
    "rating": "8",
    "author": "seou****",
    "review_id": "9361903",
    "movie_id": "10609"
  },
  {
    "review": "중간에 보다가맘지루해서.. 이게 명작이라 불리는이유는 현대영화에 교과서적인 작품이라 그렇지 지금보면 솔직히 별로임..",
    "date": "14.11.05",
    "rating": "5",
    "author": "wjaw****",
    "review_id": "9341940",
    "movie_id": "10609"
  },
  {
    "review": "사극중에 사극!!! 민중의 강인한 생명력!!! 평화 속의 사무라이의 쓸쓸함...",
    "date": "14.10.19",
    "rating": "10",
    "author": "hoon****",
    "review_id": "9303261",
    "movie_id": "10609"
  },
  {
    "review": "정말 최고의 영화!!!!",
    "date": "14.10.09",
    "rating": "10",
    "author": "wong****",
    "review_id": "9277836",
    "movie_id": "10609"
  },
  {
    "review": "CG가 넘치는 현대의 영화보다 더욱 띄어났습니다.",
    "date": "14.10.05",
    "rating": "10",
    "author": "zaq1****",
    "review_id": "9265035",
    "movie_id": "10609"
  },
  {
    "review": "이 영화는 지금있는 대부분의 영화들의 원작이라 해도 과언이 아니다.",
    "date": "14.10.05",
    "rating": "10",
    "author": "mrju****",
    "review_id": "9264747",
    "movie_id": "10609"
  },
  {
    "review": "긴 러닝타임이 지루하기도 했지만 몰입해서 본 영화.",
    "date": "14.09.10",
    "rating": "8",
    "author": "ltg1****",
    "review_id": "9196835",
    "movie_id": "10609"
  },
  {
    "review": "겉멋만 들고 자극적이고 기름진 요즘영화와 다른, 진짜 영화보는 맛이 나는, 고전 흑백영화의 진수. 게다가 엄청난 런닝시간에도 불구하고 전혀 지루하지 않은 역사적인 작품",
    "date": "14.08.25",
    "rating": "10",
    "author": "byul****",
    "review_id": "9133309",
    "movie_id": "10609"
  },
  {
    "review": "시네마테크에서 때론 졸기도, 때론 압도되어 보았던 작품. 스크린을 꽉 채우는 스펙터클.",
    "date": "14.08.22",
    "rating": "8",
    "author": "cube****",
    "review_id": "9122901",
    "movie_id": "10609"
  },
  {
    "review": "명작임은 틀림없으나 젊은 사람들이 보기엔 너무 길고 지루하고 쉽게 전개 내용을 예측하는거 같다.",
    "date": "14.08.17",
    "rating": "6",
    "author": "emce****",
    "review_id": "9100706",
    "movie_id": "10609"
  },
  {
    "review": "감동적인 영화같고 재미있음",
    "date": "14.08.17",
    "rating": "10",
    "author": "ko37****",
    "review_id": "9100075",
    "movie_id": "10609"
  },
  {
    "review": "시대는 격동해도 불변하는 것이 있다.",
    "date": "14.08.17",
    "rating": "10",
    "author": "tmxl****",
    "review_id": "9099916",
    "movie_id": "10609"
  },
  {
    "review": "60년이 아니라 600년후에도 남을 걸작",
    "date": "14.08.11",
    "rating": "10",
    "author": "himi****",
    "review_id": "9067177",
    "movie_id": "10609"
  },
  {
    "review": "영화에 대한 자부심 넘쳐나는 내가 이 영화를 지금 접했다니. 아직도 흥분된다.",
    "date": "14.08.04",
    "rating": "10",
    "author": "sh87****",
    "review_id": "9022222",
    "movie_id": "10609"
  },
  {
    "review": "과연, 미국에서 리메이크할만한 시대의 역작이다.",
    "date": "14.08.03",
    "rating": "10",
    "author": "heod****",
    "review_id": "9014520",
    "movie_id": "10609"
  },
  {
    "review": "한마디로 표현하면시대의 걸작",
    "date": "14.07.31",
    "rating": "10",
    "author": "wkdw****",
    "review_id": "8994997",
    "movie_id": "10609"
  },
  {
    "review": "드림팀의 오리지널! 그렇지만 60살이 된 영화이기에 나이는 속일 수 없었나보다.",
    "date": "14.07.28",
    "rating": "7",
    "author": "jaew****",
    "review_id": "8971912",
    "movie_id": "10609"
  },
  {
    "review": "너무 장황하다....",
    "date": "14.07.24",
    "rating": "1",
    "author": "jsi0****",
    "review_id": "8951401",
    "movie_id": "10609"
  },
  {
    "review": "이 영화가 바로 영화 스타워즈의 시초라는 그 쿠로사와 아키라 감독의 7인의 사무라이군요. 스타워즈 감독인 조지 루카스가 이 7인의 사무라이를 보고 사무라이,일본도 문화에 심취해서 스타워즈를 제작했다는게 사실이군요",
    "date": "14.07.19",
    "rating": "10",
    "author": "roak****",
    "review_id": "8929169",
    "movie_id": "10609"
  },
  {
    "review": "만점을 안주고 넘어갈래야 갈 수가 없었다. 3시간 동안 푹 빠졌던 흑백의 세계.",
    "date": "14.07.11",
    "rating": "10",
    "author": "klux****",
    "review_id": "8903640",
    "movie_id": "10609"
  },
  {
    "review": "2007.11.27",
    "date": "14.07.10",
    "rating": "6",
    "author": "dawn****",
    "review_id": "8901596",
    "movie_id": "10609"
  },
  {
    "review": "별 기대안하고봤는데... 이렇게 재밌을줄이야",
    "date": "14.07.08",
    "rating": "10",
    "author": "inch****",
    "review_id": "8896327",
    "movie_id": "10609"
  },
  {
    "review": "이게 1950년대 영화라는게 믿기지 않는다. 단순한 스토리를 3시간이 넘는 시간에 담아냈는데도 한순간도 지루하지 않았다.",
    "date": "14.07.06",
    "rating": "10",
    "author": "minc****",
    "review_id": "8890145",
    "movie_id": "10609"
  },
  {
    "review": "정말 놀라지 않을수가 없다.이게 무려 60년전 작품이라는 사실이.",
    "date": "14.07.05",
    "rating": "10",
    "author": "bigb****",
    "review_id": "8885814",
    "movie_id": "10609"
  },
  {
    "review": "이걸 왜 이제서야 보았을까",
    "date": "14.06.30",
    "rating": "10",
    "author": "kuni****",
    "review_id": "8871310",
    "movie_id": "10609"
  },
  {
    "review": "현대판으로 리메이크?? 절대 불가능함",
    "date": "14.06.22",
    "rating": "10",
    "author": "eree****",
    "review_id": "8846347",
    "movie_id": "10609"
  },
  {
    "review": "일본, 아시아, 서양 국토의 의미를 넘어서 당시의 기술력으로 이루어낸 영화적 성취를 현시대  거장들의 스탠스에 영향력을 행사하는 그에게 경의를! 기고만장한 20대인 나에게 꽂는 선대의 예술적 일침",
    "date": "14.06.21",
    "rating": "10",
    "author": "brak****",
    "review_id": "8843735",
    "movie_id": "10609"
  },
  {
    "review": "200분.시간 활용 진짜 잘함. 1954년 치곤 요즘 나오는 영화랑 비교도 안 될 정도로 잘만듬. 길이 남을 명작임.",
    "date": "14.06.07",
    "rating": "10",
    "author": "igel****",
    "review_id": "8809944",
    "movie_id": "10609"
  },
  {
    "review": "스토리가 아주 탄탄한 영화 1954년작이라 형편 없을 것이라 생각 했는데도 감동을 했다 영화는 정치와 별개로 봐야 하고 미화가 아닌 단지 영화로서 평가 한다면 상당히 잘 만든 영화, 일본에 유학시절 접한 영화 현재 영화보다 훨씬 작품성이 뛰어난듯 하다",
    "date": "14.06.06",
    "rating": "10",
    "author": "hang****",
    "review_id": "8805771",
    "movie_id": "10609"
  },
  {
    "review": "옜날 흑백영화가 뭐이리 재밌엌ㅋㅋㅋㅋ 진짜 예상외러 졸라 재밌게 봄. 현대판으로 리메이크 해도 재밌을듯.",
    "date": "14.06.01",
    "rating": "10",
    "author": "yaoy****",
    "review_id": "8783612",
    "movie_id": "10609"
  },
  {
    "review": "긴 영화지만 지루하지 않고 정말 재미있게 봤습니다. 스토리가 탄탄.",
    "date": "14.05.31",
    "rating": "10",
    "author": "inho****",
    "review_id": "8780085",
    "movie_id": "10609"
  },
  {
    "review": "이게 정말 50년대 영화 맞나? 엄청난 작품이다!!",
    "date": "14.05.25",
    "rating": "10",
    "author": "bong****",
    "review_id": "8764890",
    "movie_id": "10609"
  },
  {
    "review": "진심다봤다. 감독이 담고 싶은 모든것을 이 스크린안에 짜임새와 전개를 자연스럽게 해냈다. 왜 이렇게 긴가 했는데 서론. 본론. 후반. 마무리교훈등. 버릴게 없네. 중간에 잠시 쉬어가는 시간도 ㅋㅋㅋㅋ211분짜리라나.",
    "date": "14.05.23",
    "rating": "10",
    "author": "yhdo****",
    "review_id": "8757691",
    "movie_id": "10609"
  },
  {
    "review": "굉장한 영화네요. 힘없고 가난에 찌든 소박한 농민들의 목숨을 건 싸움.",
    "date": "14.05.18",
    "rating": "10",
    "author": "wjdg****",
    "review_id": "8745676",
    "movie_id": "10609"
  },
  {
    "review": "일본영화는 옛날영화가 갑이지",
    "date": "14.05.18",
    "rating": "9",
    "author": "zmdn****",
    "review_id": "8744677",
    "movie_id": "10609"
  },
  {
    "review": "더 세븐 사무라이...",
    "date": "14.05.13",
    "rating": "1",
    "author": "whtj****",
    "review_id": "8728475",
    "movie_id": "10609"
  },
  {
    "review": "50년대에 이런 연출이 가능하다니 어떤 경지를 보는 것 같다. 시대를 역행한 작품",
    "date": "14.05.10",
    "rating": "10",
    "author": "ghzm****",
    "review_id": "8720960",
    "movie_id": "10609"
  },
  {
    "review": "60년전 작품임에도 21세기의 관객을 끌어들이는 작품성이 있다",
    "date": "14.05.04",
    "rating": "10",
    "author": "gran****",
    "review_id": "8700192",
    "movie_id": "10609"
  },
  {
    "review": "서부영화의 대결구도를 일본역사적 배경에 도입한 영화. 선악의 대결구도. 마을사람의 이중적 태도(어쨌든?). 결국 터전을 지켜낸 마을사람들과 단지 전우들만 잃은 사무라이. 사무라이, 그들은 역사의 뒤안길로. 비극속에서도 인간미를 감싸안는 감독의 시선.",
    "date": "14.05.04",
    "rating": "9",
    "author": "manj****",
    "review_id": "8698842",
    "movie_id": "10609"
  },
  {
    "review": "구로사와 아키라 감독의 대표 걸작, 강추드립니다, 라쇼몽과 쌍벽을 이룹니다",
    "date": "14.05.03",
    "rating": "10",
    "author": "bgyu****",
    "review_id": "8695547",
    "movie_id": "10609"
  },
  {
    "review": "구로사와 아키라는 일본의 전설이다..",
    "date": "14.03.16",
    "rating": "10",
    "author": "cos1****",
    "review_id": "8580959",
    "movie_id": "10609"
  },
  {
    "review": "일본영화의 퇴화를 증명해주는 영화. 50년대 영화가 이수준인데 어케된게 2000년대 영화는 졸작만 만들어대냐..",
    "date": "14.03.04",
    "rating": "10",
    "author": "jyh1****",
    "review_id": "8555863",
    "movie_id": "10609"
  },
  {
    "review": "현대 영화가 기술적으로는 발달했지만 예술적으로는 퇴보했다는 것을 증명하는 걸작 중의 하나,  구로사와 아키라에게 경배를!",
    "date": "14.02.19",
    "rating": "10",
    "author": "punk****",
    "review_id": "8520255",
    "movie_id": "10609"
  },
  {
    "review": "노홍철 닮 은 배우 캐스팅 대박이었다",
    "date": "14.02.17",
    "rating": "7",
    "author": "almo****",
    "review_id": "8517348",
    "movie_id": "10609"
  },
  {
    "review": "일본의 영화계는 퇴보한 것인가 아님 구로사와 아키라가 너무나도 뛰어났건 것인가.",
    "date": "14.01.31",
    "rating": "10",
    "author": "moos****",
    "review_id": "8455656",
    "movie_id": "10609"
  },
  {
    "review": "이다지도 오래된 영화가 어떻게 이다지도 촌스럽지 않고 재미를 주는지 신비롭기까지한 영화~",
    "date": "14.01.20",
    "rating": "8",
    "author": "shut****",
    "review_id": "8404592",
    "movie_id": "10609"
  },
  {
    "review": "길지만, 가벼운 마음으로 볼 수 있는 오락영화..중요한건 이 영화가 만들어진 시기... 대단하다.",
    "date": "14.01.10",
    "rating": "9",
    "author": "joon****",
    "review_id": "8366534",
    "movie_id": "10609"
  },
  {
    "review": "이 영화 두번 봤지만 볼수록 명작이라는 생각 밖에 안든다...영화내 결투씬이라든지 고속촬영씬은 정말 대단하다는 생각이든다..구로사와의 팬으로써 경의를 표합니다",
    "date": "14.01.05",
    "rating": "9",
    "author": "thra****",
    "review_id": "8351928",
    "movie_id": "10609"
  },
  {
    "review": "한마디로 대박긴런닝타임때문에 거부감이 들었지만 막상 보니 심하게 빠져들었음 미후네토시로의 연기는 지금봐도 지림",
    "date": "13.12.24",
    "rating": "10",
    "author": "yjl1****",
    "review_id": "8288135",
    "movie_id": "10609"
  },
  {
    "review": "영화의 교과서... 고전이란 이런영화를 말하는 것이다.",
    "date": "13.12.01",
    "rating": "10",
    "author": "wyk6****",
    "review_id": "8181692",
    "movie_id": "10609"
  },
  {
    "review": "초걸작! 괴물을 물리쳐 백성을 구하는 신화적 영웅담을, 리얼하고 생생한 실사영화 활극으로 힘차게 펼쳐냈다. 사무라이 장르속에.. 프리랜서의 고뇌, 민중의 생명력, 인간세계의 아픔을 모두 세밀하게 담아냈기에, 60년 세월이 넘도록 생명력이 꿈틀거린다~!",
    "date": "13.11.26",
    "rating": "10",
    "author": "wana****",
    "review_id": "8169116",
    "movie_id": "10609"
  },
  {
    "review": "보는 도중부터 60년전에 만들어진 작품이란걸 자꾸 잊어버린다... 한 10년 전 작품만 해도 후진건 후진데, 이건 레벨이 틀리다. 시대를 초월한 대작.",
    "date": "13.11.18",
    "rating": "10",
    "author": "keib****",
    "review_id": "8149728",
    "movie_id": "10609"
  },
  {
    "review": "걸작이다..ㄷㄷㄷㄷ",
    "date": "13.11.06",
    "rating": "10",
    "author": "dark****",
    "review_id": "8118391",
    "movie_id": "10609"
  },
  {
    "review": "재미있기 때문에 너무 아쉬움이 많다.",
    "date": "13.11.06",
    "rating": "8",
    "author": "fors****",
    "review_id": "8117900",
    "movie_id": "10609"
  },
  {
    "review": "연기력 대박. 배우들 스탭들 정말 고생 했을 듯.. 말까지 명연기 ㅎㅎ 강백호 같은 놈 한명 있음... 진짜 이거 옛날 영화 맞음? 오히려 흑백이 만화 같은 느낌을 주는군요. 연출력도 대박. 수비형 사무라이 정말 멋짐 ㅋㅋ",
    "date": "13.10.30",
    "rating": "10",
    "author": "insi****",
    "review_id": "8100253",
    "movie_id": "10609"
  },
  {
    "review": "50~60년대의 일본영화는 세계 영화의 중심이었고, 그 정점에 있는 작품이 구로사와 아키라의 칠인의 사무라이인 것 같다. 이런 거장을 배출한 일본이 부럽고, 그후부터 지금까지 이어져온 일본문화의 영향력과 힘을 새삼 인정할 수 밖에 없다.",
    "date": "13.10.24",
    "rating": "10",
    "author": "jahn****",
    "review_id": "8085835",
    "movie_id": "10609"
  },
  {
    "review": "대중심리에 대한 심도깊은 고찰을 영화로 흥미있게 풀어놓았다.",
    "date": "13.10.17",
    "rating": "10",
    "author": "prot****",
    "review_id": "8066978",
    "movie_id": "10609"
  },
  {
    "review": "시대 보정 안하면...",
    "date": "13.10.17",
    "rating": "6",
    "author": "ffam****",
    "review_id": "8066306",
    "movie_id": "10609"
  },
  {
    "review": "참 오묘한 맛이 있다 이 영화. 생각할 거리를 툭툭 던져주면서도 맛깔난 재미로 버무려낼 땐 더더구나.",
    "date": "13.10.14",
    "rating": "9",
    "author": "ha_e****",
    "review_id": "8060289",
    "movie_id": "10609"
  },
  {
    "review": "1954년에 이미 80년대 웨스턴보다 나은 초월적 연출. 천재 감독의 마스터피스 중 하나.",
    "date": "13.10.03",
    "rating": "10",
    "author": "tear****",
    "review_id": "8031640",
    "movie_id": "10609"
  },
  {
    "review": "몰입도가 대단하다! 감독이 대단한건지 연기자들이 대단한건지 ...초반부터 영화속으로 끌어당긴다!",
    "date": "13.09.30",
    "rating": "10",
    "author": "cbsq****",
    "review_id": "8023343",
    "movie_id": "10609"
  },
  {
    "review": "진지함과 유머러스함이균형적으로 다뤄진 연출력과연기.....   그냥 짱 재밌다.",
    "date": "13.09.25",
    "rating": "10",
    "author": "hess****",
    "review_id": "8014702",
    "movie_id": "10609"
  },
  {
    "review": "1954년과 지금이 공감할 수 있다는 걸 보여주는 영화. 지금 나와도 명작이면 어쩌란 말인가",
    "date": "13.09.24",
    "rating": "10",
    "author": "ttls****",
    "review_id": "8013175",
    "movie_id": "10609"
  },
  {
    "review": "숙제를 끝낸 느낌",
    "date": "13.09.05",
    "rating": "8",
    "author": "ykdi****",
    "review_id": "7950709",
    "movie_id": "10609"
  },
  {
    "review": "일본영화는 죄다 쓰레긴줄알았는데 이런 명작도 있었구만 어째 점점 퇴하하네",
    "date": "13.09.01",
    "rating": "8",
    "author": "tidk****",
    "review_id": "7939701",
    "movie_id": "10609"
  },
  {
    "review": "Magnificent Seven으로 이어지는 구로자와 아키라의 사상... 하층 농민계급의 용기있는 투쟁과 이를 돕는 사무라이 계급의 정의감이 보는 사람들의 도덕률을 자극해... 1950년대 참신한 다중 주인공 체제와 일곱 인물들이 뚜렷한 개성...",
    "date": "13.08.26",
    "rating": "8",
    "author": "sioh****",
    "review_id": "7924044",
    "movie_id": "10609"
  },
  {
    "review": "54년도에 이런 명작이....",
    "date": "13.08.20",
    "rating": "10",
    "author": "tnao****",
    "review_id": "7907320",
    "movie_id": "10609"
  },
  {
    "review": "50년대 갓본영화 ㅎㄷㄷ",
    "date": "13.08.15",
    "rating": "8",
    "author": "nuru****",
    "review_id": "7885754",
    "movie_id": "10609"
  },
  {
    "review": "오늘 본 설국열차와 비교한다면, 작품을 만드는 감독의 의지와 애정을 느낄 수 있다.",
    "date": "13.08.11",
    "rating": "9",
    "author": "kos4****",
    "review_id": "7869490",
    "movie_id": "10609"
  },
  {
    "review": "음악 연기 연출 스토리 잼있다",
    "date": "13.08.10",
    "rating": "10",
    "author": "mabu****",
    "review_id": "7865360",
    "movie_id": "10609"
  },
  {
    "review": "이런 고전들을 보면서 항상 느끼는건데 일본영화는 위대한 감독들이 사라지니 영화수준이 엄청 낮아지네..",
    "date": "13.08.05",
    "rating": "10",
    "author": "xm36****",
    "review_id": "7844916",
    "movie_id": "10609"
  },
  {
    "review": "지루...",
    "date": "13.08.05",
    "rating": "1",
    "author": "kyoo****",
    "review_id": "7843287",
    "movie_id": "10609"
  },
  {
    "review": "이긴 것은 저 농민들이다.",
    "date": "13.07.31",
    "rating": "8",
    "author": "easa****",
    "review_id": "7801402",
    "movie_id": "10609"
  },
  {
    "review": "과대포장 거품",
    "date": "13.07.18",
    "rating": "1",
    "author": "avri****",
    "review_id": "7756131",
    "movie_id": "10609"
  },
  {
    "review": "멀티캐스팅의 원조와 정석. 아직도 촌스럽지 않다.",
    "date": "13.07.18",
    "rating": "9",
    "author": "suky****",
    "review_id": "7754918",
    "movie_id": "10609"
  },
  {
    "review": "아무리 원형이라고 해도 떠들어 대는 명성이라고 하여도...너무 재미가 없다.",
    "date": "13.07.17",
    "rating": "6",
    "author": "zixi****",
    "review_id": "7749455",
    "movie_id": "10609"
  },
  {
    "review": "캐릭터 분석, 촬영, 스토리, 연출까지 현대 훌륭한 영화와 대비해도 전혀 꿇리지 않는다.(어쩌면 훨씬 훌륭하다.) 특히 남성성을 자극하는 대단한 연출은 놀라울 따름이다.",
    "date": "13.07.11",
    "rating": "9",
    "author": "jys4****",
    "review_id": "7726297",
    "movie_id": "10609"
  },
  {
    "review": "지루한 가운데 한국정서를 보았다. 무사가 떠나기 전 잡는 그 여자를 남자가 어릴때 놀던 수풀집 속에델고가는 밭이 아닌. 남자는 떠난다. 무사들은 원숭이 처럼 귀엽게 싸우며 자신들의 꿈을 이룬다.",
    "date": "13.07.03",
    "rating": "7",
    "author": "oran****",
    "review_id": "7700531",
    "movie_id": "10609"
  },
  {
    "review": "3시간 반동안 상영관에서 앉아있기 참 힘들었지만 영화는 재밌었다",
    "date": "13.07.02",
    "rating": "10",
    "author": "syj3****",
    "review_id": "7698009",
    "movie_id": "10609"
  },
  {
    "review": "3시간을 밤을 새서 보게 만든 영화...",
    "date": "13.07.01",
    "rating": "10",
    "author": "iam8****",
    "review_id": "7694510",
    "movie_id": "10609"
  },
  {
    "review": "한번을봐도 질리는영화,몇번을봐도 그맛이좋은영화가있다. 전자는 대부분의영화이고, 후자는 이른바 명작이라고 불리는영화다.명작은 연기,카메라구도,시나리오,연출,영상,오디오 이모든것이 어우러져야 간신히 그 아우라가 풍겨져나온다.이작품은 얼마안되는 명작중하나다",
    "date": "13.06.29",
    "rating": "9",
    "author": "turb****",
    "review_id": "7690230",
    "movie_id": "10609"
  }
]