[
  {
    "review": "그시대에 나온 영화중 손꼽히는 작품",
    "date": "15.08.17",
    "rating": "10",
    "author": "kdy4****",
    "review_id": "10244085",
    "movie_id": "10614"
  },
  {
    "review": "미국의 용감한 고딩들이 잔악한 테러리스트를 무찌르고 학교와 나라를 구한다는 교훈적인 영화",
    "date": "15.08.01",
    "rating": "3",
    "author": "sipj****",
    "review_id": "10170604",
    "movie_id": "10614"
  },
  {
    "review": "인간의 선한 본성에 대한 믿음으로부터.",
    "date": "15.07.20",
    "rating": "7",
    "author": "tear****",
    "review_id": "10121994",
    "movie_id": "10614"
  },
  {
    "review": "넘넘 재미잇게 본 영화~",
    "date": "15.03.09",
    "rating": "10",
    "author": "miya****",
    "review_id": "9768322",
    "movie_id": "10614"
  },
  {
    "review": "진찐 재미있었는데..또 보고싶다",
    "date": "15.02.18",
    "rating": "10",
    "author": "fash****",
    "review_id": "9708152",
    "movie_id": "10614"
  },
  {
    "review": "정말 소름끼치는 영화다 강추!!!",
    "date": "14.04.24",
    "rating": "10",
    "author": "ske4****",
    "review_id": "8668969",
    "movie_id": "10614"
  },
  {
    "review": "숀이 구니스의 미키였고 반지의 제왕의 샘이구나! 샘없는 프로도는 있을 수 없었지ㅋ 이 영화 정말 재미있었다는!",
    "date": "14.03.10",
    "rating": "10",
    "author": "anne****",
    "review_id": "8567034",
    "movie_id": "10614"
  },
  {
    "review": "이 작품이 어떻게 8 점대 밖에 안되냐.",
    "date": "13.09.02",
    "rating": "10",
    "author": "kimd****",
    "review_id": "7944086",
    "movie_id": "10614"
  },
  {
    "review": "진흙 속의 진주 같은 명작인데 잘 안 알려졌음",
    "date": "12.08.04",
    "rating": "9",
    "author": "dudw****",
    "review_id": "6569868",
    "movie_id": "10614"
  },
  {
    "review": "와 다시 보고싶네요 진짜 재미있었는데",
    "date": "11.08.27",
    "rating": "10",
    "author": "wkd3****",
    "review_id": "5691924",
    "movie_id": "10614"
  },
  {
    "review": "유치하지도 않고 어린시절 봤으면 뇌리에 남을영화 멋졌다",
    "date": "10.05.28",
    "rating": "8",
    "author": "unre****",
    "review_id": "4527955",
    "movie_id": "10614"
  },
  {
    "review": "어릴때봤는데 개재밌게 봤음 그땐 충격",
    "date": "09.12.16",
    "rating": "10",
    "author": "poma****",
    "review_id": "4048144",
    "movie_id": "10614"
  },
  {
    "review": "차라리 초딩이 테러리스트를 무찔렀으면 아동영화라고 눈감아 줄 수라도 있지...",
    "date": "09.12.04",
    "rating": "3",
    "author": "imf0****",
    "review_id": "4015406",
    "movie_id": "10614"
  },
  {
    "review": "내가 학생이기에 더좋았던영화 !",
    "date": "09.04.11",
    "rating": "10",
    "author": "hchl****",
    "review_id": "3415183",
    "movie_id": "10614"
  },
  {
    "review": "최고",
    "date": "09.04.07",
    "rating": "10",
    "author": "nice****",
    "review_id": "3408970",
    "movie_id": "10614"
  },
  {
    "review": "학생이 테러리스트를 무찌른다는 당시 설정이 상당히 맘에 들었던 작품",
    "date": "09.01.27",
    "rating": "8",
    "author": "gall****",
    "review_id": "3255912",
    "movie_id": "10614"
  },
  {
    "review": "테러리스트과의 한판승 기대하지 않았는데 재미난 작품을 보았다고 할까 볼만함",
    "date": "08.12.11",
    "rating": "8",
    "author": "deff****",
    "review_id": "3106703",
    "movie_id": "10614"
  },
  {
    "review": "학생들을 얕봤다가 큰 코 다치는 테러리스트들의 최후를 그린 영화... ㅎㅎ",
    "date": "08.09.27",
    "rating": "10",
    "author": "unde****",
    "review_id": "2971351",
    "movie_id": "10614"
  },
  {
    "review": "어릴때 정말 재밌게 극장에서 본영화 최고였는데~",
    "date": "08.07.19",
    "rating": "10",
    "author": "serv****",
    "review_id": "2781396",
    "movie_id": "10614"
  },
  {
    "review": "토요명화의 추억과 함께 유쾌/통쾌한 십대 액션영화!",
    "date": "08.06.07",
    "rating": "9",
    "author": "sinb****",
    "review_id": "2684560",
    "movie_id": "10614"
  },
  {
    "review": "오홋~정말 기대없이 봤는데, 꽤 재밌다!! 이정도면 괜찮은 영화다.",
    "date": "08.04.25",
    "rating": "10",
    "author": "narc****",
    "review_id": "2597801",
    "movie_id": "10614"
  },
  {
    "review": "크리스마스전날이가 봤던기억이난다 한번밨는대도 아직도 기억이나는영화",
    "date": "08.03.21",
    "rating": "10",
    "author": "love****",
    "review_id": "2532857",
    "movie_id": "10614"
  },
  {
    "review": "킬링타임용으로 더할 나위 없다.",
    "date": "08.02.18",
    "rating": "8",
    "author": "xxss****",
    "review_id": "2458415",
    "movie_id": "10614"
  },
  {
    "review": "비웃음도 웃음이라면 가장 웃기는 영화중의 하나.뻥 구라가 진짜 웃긴다",
    "date": "07.09.27",
    "rating": "10",
    "author": "baks****",
    "review_id": "2054084",
    "movie_id": "10614"
  },
  {
    "review": "대충 볼만한 TV용 영화",
    "date": "07.09.26",
    "rating": "7",
    "author": "moff****",
    "review_id": "2051552",
    "movie_id": "10614"
  },
  {
    "review": "이런 폭력적인 영화를 왜 단체관람 시켰던거지?? 교장이 돈 먹었나;",
    "date": "07.08.11",
    "rating": "7",
    "author": "typo****",
    "review_id": "1919200",
    "movie_id": "10614"
  },
  {
    "review": "태극기~",
    "date": "07.07.16",
    "rating": "10",
    "author": "eric****",
    "review_id": "1781694",
    "movie_id": "10614"
  },
  {
    "review": "good",
    "date": "07.05.27",
    "rating": "10",
    "author": "hdu1****",
    "review_id": "1667762",
    "movie_id": "10614"
  },
  {
    "review": "재밌어요~ 곰플레이어에서 무료로 봤어요 ~ ㅋㅋ",
    "date": "07.05.27",
    "rating": "10",
    "author": "na_3****",
    "review_id": "1667632",
    "movie_id": "10614"
  },
  {
    "review": "철저한 오락영화지만 어릴적 느낀 감정은 정말 스릴넘쳤다...",
    "date": "07.05.10",
    "rating": "7",
    "author": "skat****",
    "review_id": "1630558",
    "movie_id": "10614"
  },
  {
    "review": "포스터보다는 볼만한 영화",
    "date": "07.04.15",
    "rating": "8",
    "author": "lllm****",
    "review_id": "1590436",
    "movie_id": "10614"
  },
  {
    "review": "숀 애스틴의 풋풋함이 느껴진 영화.",
    "date": "07.03.25",
    "rating": "10",
    "author": "kyom****",
    "review_id": "1554448",
    "movie_id": "10614"
  },
  {
    "review": "이야.. 설마했는데 숀애스틴이였다니;;샘의 모습이 남아있네.",
    "date": "07.03.25",
    "rating": "8",
    "author": "minh****",
    "review_id": "1553741",
    "movie_id": "10614"
  },
  {
    "review": "이 영화를 학창시절 봤다면 오랫동안 기억될거다...",
    "date": "07.03.25",
    "rating": "9",
    "author": "radi****",
    "review_id": "1552610",
    "movie_id": "10614"
  },
  {
    "review": "식당에 태극기 달려있어요~~나쁜놈이 설교할때 천장에 달려잇음",
    "date": "07.03.10",
    "rating": "10",
    "author": "dkss****",
    "review_id": "1528164",
    "movie_id": "10614"
  },
  {
    "review": "곰TV무료영화. 존니 잼있네. 90년대 초반 미국스타일 좋아.ㅋ",
    "date": "07.03.04",
    "rating": "10",
    "author": "smbo****",
    "review_id": "1519117",
    "movie_id": "10614"
  },
  {
    "review": "말도안되는 오락영화 시간남으면 볼것",
    "date": "07.01.08",
    "rating": "3",
    "author": "nala****",
    "review_id": "1368079",
    "movie_id": "10614"
  },
  {
    "review": "학창시절 명절때 봤던 추억으로 더 기억남는 영화...",
    "date": "06.10.06",
    "rating": "8",
    "author": "jwsy****",
    "review_id": "1164192",
    "movie_id": "10614"
  },
  {
    "review": "어렸을적 너무 기억에 남아 꿈에서도 몇번 나온 기억남는 영화",
    "date": "06.09.27",
    "rating": "10",
    "author": "q357****",
    "review_id": "1145462",
    "movie_id": "10614"
  },
  {
    "review": "중후반까지 흥미진진하게 나가다가 후딱 끝내버림.",
    "date": "06.08.17",
    "rating": "8",
    "author": "seun****",
    "review_id": "1046389",
    "movie_id": "10614"
  },
  {
    "review": "규모 크게 노는 그저그런 10대용 영화",
    "date": "06.08.16",
    "rating": "2",
    "author": "okjo****",
    "review_id": "1043377",
    "movie_id": "10614"
  },
  {
    "review": "너무 재밋엇는데... 어디서 다운받지 ㅠㅠdvd라도 소장하고싶삼",
    "date": "06.08.13",
    "rating": "10",
    "author": "rhka****",
    "review_id": "1019165",
    "movie_id": "10614"
  },
  {
    "review": "나름 재미 ㅎ_ㅎ",
    "date": "06.08.05",
    "rating": "8",
    "author": "gold****",
    "review_id": "973578",
    "movie_id": "10614"
  },
  {
    "review": "킬링타임 무비",
    "date": "06.08.02",
    "rating": "8",
    "author": "zeed****",
    "review_id": "956080",
    "movie_id": "10614"
  },
  {
    "review": "좋은영환데 ㅋ",
    "date": "06.08.01",
    "rating": "8",
    "author": "sad_****",
    "review_id": "952486",
    "movie_id": "10614"
  },
  {
    "review": "그저 그런 B급 액션물.",
    "date": "06.06.30",
    "rating": "5",
    "author": "movi****",
    "review_id": "863563",
    "movie_id": "10614"
  },
  {
    "review": "초딩때 티비서 여러번 봤죠 재밌었는데 태극기도 나오고~ㅋ",
    "date": "06.02.22",
    "rating": "9",
    "author": "yama****",
    "review_id": "686161",
    "movie_id": "10614"
  },
  {
    "review": "저급해서 빠리감기로 봤다",
    "date": "05.12.26",
    "rating": "2",
    "author": "kws7****",
    "review_id": "531705",
    "movie_id": "10614"
  },
  {
    "review": "어렸을때 몇번을 보고 또 보고했던 영화죠~ ^^",
    "date": "05.12.03",
    "rating": "10",
    "author": "pdnj****",
    "review_id": "492275",
    "movie_id": "10614"
  },
  {
    "review": "전 tv로 봤는데 진짜 재미있게 봤습니다.",
    "date": "05.07.25",
    "rating": "10",
    "author": "adlo****",
    "review_id": "334222",
    "movie_id": "10614"
  },
  {
    "review": "lforest...소년시절은 아니고 소년시절은 구니스 겠죠.",
    "date": "04.05.27",
    "rating": "7",
    "author": "jose****",
    "review_id": "46577",
    "movie_id": "10614"
  },
  {
    "review": "황당스토리 하지만 재미있습니다.",
    "date": "04.03.01",
    "rating": "6",
    "author": "madp****",
    "review_id": "26016",
    "movie_id": "10614"
  },
  {
    "review": "재미있음",
    "date": "04.02.23",
    "rating": "10",
    "author": "yang****",
    "review_id": "23205",
    "movie_id": "10614"
  }
]