[
  {
    "review": "타잔이 슬픈스토리였나...왠지 짠하다.",
    "date": "12.05.13",
    "rating": "8",
    "author": "dlat****",
    "review_id": "6295664",
    "movie_id": "10617"
  },
  {
    "review": "이제까지 가장 멋진 타잔을 만날 수 있다",
    "date": "10.04.23",
    "rating": "10",
    "author": "tear****",
    "review_id": "4450072",
    "movie_id": "10617"
  },
  {
    "review": "람버트의 원시적인 출연으로 유명했던 작품이지만 재미면에서는 그리 크지 않다",
    "date": "08.11.23",
    "rating": "5",
    "author": "deff****",
    "review_id": "3068410",
    "movie_id": "10617"
  },
  {
    "review": "원작에 충실한것도 좋지만 영화적 재미는 적다",
    "date": "07.02.19",
    "rating": "6",
    "author": "nala****",
    "review_id": "1484078",
    "movie_id": "10617"
  },
  {
    "review": "괜찮던데..",
    "date": "07.01.25",
    "rating": "8",
    "author": "lmyy****",
    "review_id": "1413563",
    "movie_id": "10617"
  },
  {
    "review": "타잔 영화중 가장 좋았다.",
    "date": "06.12.21",
    "rating": "9",
    "author": "kid_****",
    "review_id": "1310910",
    "movie_id": "10617"
  },
  {
    "review": "타잔 시리즈 중에서도 원작에 충실한 영화.",
    "date": "06.08.14",
    "rating": "10",
    "author": "oran****",
    "review_id": "1026831",
    "movie_id": "10617"
  },
  {
    "review": "바닥에 깔려있는 백인 우월주의의 망상!",
    "date": "06.06.05",
    "rating": "2",
    "author": "gksq****",
    "review_id": "832142",
    "movie_id": "10617"
  },
  {
    "review": "크리스토퍼 램버트의 야생적이고 아름다운 눈빛은 최고",
    "date": "06.05.21",
    "rating": "9",
    "author": "muld****",
    "review_id": "811132",
    "movie_id": "10617"
  },
  {
    "review": "자연 속에서 폭력을 배운 타잔 현실에서는 폭력에 경악하다 즐",
    "date": "06.05.12",
    "rating": "2",
    "author": "okjo****",
    "review_id": "796727",
    "movie_id": "10617"
  },
  {
    "review": "약간 고전적인 느낌이 더 어울리는 영화",
    "date": "06.04.27",
    "rating": "9",
    "author": "rees****",
    "review_id": "777679",
    "movie_id": "10617"
  },
  {
    "review": "이걸 점수를 줘야 되나...",
    "date": "06.03.19",
    "rating": "3",
    "author": "scal****",
    "review_id": "723517",
    "movie_id": "10617"
  },
  {
    "review": "갠적으론 타잔 영화 중 최고..",
    "date": "05.09.18",
    "rating": "10",
    "author": "jay7****",
    "review_id": "410016",
    "movie_id": "10617"
  },
  {
    "review": "램버트의 신비로운 눈빛연기와 아름답고 슬픈영화",
    "date": "04.03.14",
    "rating": "10",
    "author": "yhki****",
    "review_id": "28812",
    "movie_id": "10617"
  },
  {
    "review": "나의 10대때 가장 감동을 준 영화 !!",
    "date": "04.03.13",
    "rating": "10",
    "author": "godz****",
    "review_id": "28592",
    "movie_id": "10617"
  },
  {
    "review": "그런데로 괜찮은 영화. 램버트 영화중 제일 낫다.",
    "date": "04.03.08",
    "rating": "8",
    "author": "aris****",
    "review_id": "27739",
    "movie_id": "10617"
  },
  {
    "review": "램버트가 미쳤다! 이런 괜찮은 영화를 찍다니..",
    "date": "04.02.24",
    "rating": "5",
    "author": "jtot****",
    "review_id": "23639",
    "movie_id": "10617"
  },
  {
    "review": "good",
    "date": "04.02.23",
    "rating": "9",
    "author": "kym_****",
    "review_id": "23067",
    "movie_id": "10617"
  },
  {
    "review": "영화가 너무 좋아요..",
    "date": "04.02.17",
    "rating": "10",
    "author": "hwl1****",
    "review_id": "21216",
    "movie_id": "10617"
  }
]