[
  {
    "review": "꼭 다시보고픈영화..",
    "date": "15.08.11",
    "rating": "8",
    "author": "ache****",
    "review_id": "10215406",
    "movie_id": "10610"
  },
  {
    "review": "옛날에 TV서 재밌게 봤었다.",
    "date": "14.11.07",
    "rating": "8",
    "author": "kem1****",
    "review_id": "9349519",
    "movie_id": "10610"
  },
  {
    "review": "솔직히 10점짜리는 아니지만 평점이 너무 낮네요. 여하튼 이 영화는 재미도 재미지만 굉장히 기발하고 독창적인 소재를 어색하지 않고 유치하지 않게 표현하였고 또한 매우 감동적인 영화입니다. 이런 영화를 아이들이 많이 보며 자란다면 정신세계가 풍요로워",
    "date": "14.09.14",
    "rating": "10",
    "author": "aaro****",
    "review_id": "9214405",
    "movie_id": "10610"
  },
  {
    "review": "정말 재밌게 본영화.. 여배우가 너무 예쁘다. ㅎㅎ",
    "date": "14.06.21",
    "rating": "10",
    "author": "down****",
    "review_id": "8843577",
    "movie_id": "10610"
  },
  {
    "review": "이런 좋은 영화에다가 평점테러를 쳐하다니 ㅉㅉㅉ 그냥 한쿡영화나 봐라!",
    "date": "14.05.18",
    "rating": "10",
    "author": "ske4****",
    "review_id": "8743354",
    "movie_id": "10610"
  },
  {
    "review": "되게 재밌다. 이게 91년도 작품이라니",
    "date": "14.05.18",
    "rating": "10",
    "author": "chad****",
    "review_id": "8743310",
    "movie_id": "10610"
  },
  {
    "review": "지금 봐도 재미있기만 하네 ^^",
    "date": "14.05.18",
    "rating": "10",
    "author": "kimd****",
    "review_id": "8743198",
    "movie_id": "10610"
  },
  {
    "review": "6살 때 영화관에서 처음 본 영화입니다. 그 당시 정말 재미있었어요!!",
    "date": "13.12.04",
    "rating": "8",
    "author": "rapp****",
    "review_id": "8188537",
    "movie_id": "10610"
  },
  {
    "review": "참 재미있어요^^",
    "date": "13.05.25",
    "rating": "10",
    "author": "hyos****",
    "review_id": "7553591",
    "movie_id": "10610"
  },
  {
    "review": "덧글은 긍정적인데 평점이낮아 점수를 무리해서줬음 어릴적 콘에어가 다신오지못할감동을안겨줬지만 지금보면 역시하면서 아쉬운느낌처럼 코메디드라마론 촌스럽지만 90년대 베스트",
    "date": "13.04.02",
    "rating": "10",
    "author": "suna****",
    "review_id": "7429921",
    "movie_id": "10610"
  },
  {
    "review": "80년대 후반 헐리우드 코미디를 거론할 때 빠질 수 없는 영화지!",
    "date": "12.02.16",
    "rating": "6",
    "author": "stit****",
    "review_id": "6079515",
    "movie_id": "10610"
  },
  {
    "review": "킴베신저의 백치미가 빛나는 재미있는 코믹물 좋았어",
    "date": "11.04.11",
    "rating": "7",
    "author": "deff****",
    "review_id": "5368608",
    "movie_id": "10610"
  },
  {
    "review": "오래전 영화군. 지금은 많이 늙었던데",
    "date": "11.03.12",
    "rating": "8",
    "author": "ccpk****",
    "review_id": "5308027",
    "movie_id": "10610"
  },
  {
    "review": "저 정도 미인이라면 외계인이라도 괜찮을 듯",
    "date": "11.03.12",
    "rating": "8",
    "author": "rame****",
    "review_id": "5308026",
    "movie_id": "10610"
  },
  {
    "review": "젊은 킴 베신저의 미모 감상",
    "date": "11.03.12",
    "rating": "8",
    "author": "kpcc****",
    "review_id": "5308024",
    "movie_id": "10610"
  },
  {
    "review": "엉뚱함이 있네ㅋㅋ",
    "date": "11.02.10",
    "rating": "10",
    "author": "6418****",
    "review_id": "5233270",
    "movie_id": "10610"
  },
  {
    "review": "그당시에 혹평이라굽쇼? 얼마나 재밌고 신선했는데 그런 소릴 하십니까?",
    "date": "10.10.05",
    "rating": "8",
    "author": "gall****",
    "review_id": "4887216",
    "movie_id": "10610"
  },
  {
    "review": "실수 연발 외계인, 재밋다. 킴 베신저 너무 좋아 ♥",
    "date": "10.01.29",
    "rating": "10",
    "author": "5292****",
    "review_id": "4221492",
    "movie_id": "10610"
  },
  {
    "review": "아아.. 이게 이렇게 오래된 영화였었다니",
    "date": "09.10.29",
    "rating": "7",
    "author": "rlad****",
    "review_id": "3922272",
    "movie_id": "10610"
  },
  {
    "review": "추억의 그 영화.영화 역사를 빛낸 걸작이 아니어도 그걸로 충분하다.",
    "date": "08.10.05",
    "rating": "7",
    "author": "baks****",
    "review_id": "2984600",
    "movie_id": "10610"
  },
  {
    "review": "정말 재밌게 봤던 영화였는데.. 어느덧 17년전 영화구나.. 하하..",
    "date": "08.02.25",
    "rating": "9",
    "author": "juyu****",
    "review_id": "2481927",
    "movie_id": "10610"
  },
  {
    "review": "ㅠㅠ감동적이야",
    "date": "08.02.14",
    "rating": "10",
    "author": "xorr****",
    "review_id": "2444246",
    "movie_id": "10610"
  },
  {
    "review": "아, 이거 정말 재밌었는데 ㅋㅋ",
    "date": "07.11.11",
    "rating": "7",
    "author": "pksj****",
    "review_id": "2145374",
    "movie_id": "10610"
  },
  {
    "review": "남자가 꿈꾸는 달콤한 판타지",
    "date": "07.10.19",
    "rating": "8",
    "author": "seun****",
    "review_id": "2098081",
    "movie_id": "10610"
  },
  {
    "review": "어차피 추억의 영화다..아직까지 몇 장면 기억이 난다는 것이 중요하지..",
    "date": "07.08.23",
    "rating": "7",
    "author": "skat****",
    "review_id": "1970622",
    "movie_id": "10610"
  },
  {
    "review": "기분좋은 가족코미디.",
    "date": "07.08.19",
    "rating": "7",
    "author": "tori****",
    "review_id": "1957392",
    "movie_id": "10610"
  },
  {
    "review": "하도 오래되서 기억도 안 나네....",
    "date": "07.07.27",
    "rating": "6",
    "author": "chuc****",
    "review_id": "1813629",
    "movie_id": "10610"
  },
  {
    "review": "어릴때 본건데..가족영환줄 알았는데 베신저 누님의 육감적 육체의 향연..",
    "date": "07.04.27",
    "rating": "6",
    "author": "bepl****",
    "review_id": "1608479",
    "movie_id": "10610"
  },
  {
    "review": "오래된 작품이니 이해하고 보시길",
    "date": "07.01.07",
    "rating": "8",
    "author": "nala****",
    "review_id": "1364175",
    "movie_id": "10610"
  },
  {
    "review": "어렸을때 재밌게본건뎅 ㅠㅠ아다시보고싶다",
    "date": "06.12.04",
    "rating": "10",
    "author": "puck****",
    "review_id": "1266417",
    "movie_id": "10610"
  },
  {
    "review": "재미잇던뎀;80년대 치고는 잘만들엇지안나?",
    "date": "06.08.31",
    "rating": "10",
    "author": "gktj****",
    "review_id": "1092038",
    "movie_id": "10610"
  },
  {
    "review": "엉뚱함이 매력",
    "date": "06.08.19",
    "rating": "8",
    "author": "zeed****",
    "review_id": "1053798",
    "movie_id": "10610"
  },
  {
    "review": "댄 아이크로이드와 킴 베신저의 그 언밸런스란..",
    "date": "06.06.14",
    "rating": "5",
    "author": "movi****",
    "review_id": "843534",
    "movie_id": "10610"
  },
  {
    "review": "이종 교배에 대한 고찰.",
    "date": "06.05.28",
    "rating": "5",
    "author": "damu****",
    "review_id": "819596",
    "movie_id": "10610"
  },
  {
    "review": "좀 황당했어. 지금보니, 80년대 영화라 그랬던 거 같아.",
    "date": "06.03.25",
    "rating": "7",
    "author": "neco****",
    "review_id": "733328",
    "movie_id": "10610"
  },
  {
    "review": "킴베이싱어가 미쳣지",
    "date": "05.12.25",
    "rating": "4",
    "author": "kws7****",
    "review_id": "527101",
    "movie_id": "10610"
  },
  {
    "review": "독특한소재. 엄마의 기계체조가? 생각난다.",
    "date": "05.12.24",
    "rating": "8",
    "author": "blue****",
    "review_id": "525972",
    "movie_id": "10610"
  },
  {
    "review": "아무 생각 없이 편하게 웃으며 볼 수 있어 좋다.",
    "date": "05.09.10",
    "rating": "7",
    "author": "soom****",
    "review_id": "399310",
    "movie_id": "10610"
  },
  {
    "review": "엉뚱 상큼 발랄에 꾹~",
    "date": "05.08.02",
    "rating": "7",
    "author": "izzo****",
    "review_id": "347381",
    "movie_id": "10610"
  },
  {
    "review": "^^ 그냥 웃고마는 영화~ 재밌었다죠?",
    "date": "05.07.31",
    "rating": "7",
    "author": "luvi****",
    "review_id": "343397",
    "movie_id": "10610"
  },
  {
    "review": "옛날스러운 순진함이 엿보임...ㅋ엉뚱하기에 유쾌한..",
    "date": "05.04.09",
    "rating": "7",
    "author": "pjyl****",
    "review_id": "256544",
    "movie_id": "10610"
  },
  {
    "review": "엄청 예전에 봤었는데 ㅋㅋㅋㅋ 재밌어요!",
    "date": "05.01.22",
    "rating": "10",
    "author": "vvvv****",
    "review_id": "192964",
    "movie_id": "10610"
  },
  {
    "review": "저도이거 초딩때 본것 같아요 ㅋ 힘들게 찾앗네여 ㅋ 제목이 기억이 안나서",
    "date": "04.09.06",
    "rating": "10",
    "author": "kmj8****",
    "review_id": "103899",
    "movie_id": "10610"
  },
  {
    "review": "저때는 킴 베이싱어가 예뻤는데... 에서 본 그녀는......",
    "date": "04.08.28",
    "rating": "7",
    "author": "kpcc****",
    "review_id": "98170",
    "movie_id": "10610"
  },
  {
    "review": "초등학교때 봤는데 아주 재밌었음 ㅋ 지금은 고3",
    "date": "04.08.09",
    "rating": "7",
    "author": "ss_l****",
    "review_id": "86908",
    "movie_id": "10610"
  },
  {
    "review": "약간은 유치할수도 있지만... 그래도 잼있게 봤어요..^^6",
    "date": "04.03.30",
    "rating": "7",
    "author": "jbsm****",
    "review_id": "32677",
    "movie_id": "10610"
  }
]