[
  {
    "review": "지금 봐도 재밌을거 가탕요",
    "date": "15.02.18",
    "rating": "10",
    "author": "lali****",
    "review_id": "9708743",
    "movie_id": "10627"
  },
  {
    "review": "쓰레기다 솔직히...",
    "date": "15.01.06",
    "rating": "1",
    "author": "ht8k****",
    "review_id": "9567072",
    "movie_id": "10627"
  },
  {
    "review": "무협영화의 걸작! 몇몇 멍청이들이 화질 운운하는데? 무협 미장센을 모르는 게임중독자들 눈엔 화질이 구려 보일듯?!",
    "date": "14.08.27",
    "rating": "9",
    "author": "viol****",
    "review_id": "9136856",
    "movie_id": "10627"
  },
  {
    "review": "내러티브의 통일성은 조금 아쉽지만, SF 무협의 신기원을 이룬 점에서 뛰어난 작품",
    "date": "14.07.11",
    "rating": "7",
    "author": "hhan****",
    "review_id": "8905282",
    "movie_id": "10627"
  },
  {
    "review": "영화 도입부에 말 위에서 낚시줄 처리가 잘 안되 그대로 보인게 옥의티고 옛날 영화라서 화질이 구린건 어쩔 수 없네. 특수효과도 B급 초보 수준이지만 임청하가 이뻐서 6점 준다. 임청하는 진짜 동양의 절세미녀네...",
    "date": "14.05.27",
    "rating": "6",
    "author": "barb****",
    "review_id": "8770202",
    "movie_id": "10627"
  },
  {
    "review": "80년도 영화에 퀄리티를 많이 바라지도 마라 ㅜ.ㅜ",
    "date": "14.05.20",
    "rating": "6",
    "author": "revo****",
    "review_id": "8749152",
    "movie_id": "10627"
  },
  {
    "review": "지금보면 어설프지만 볼만은 하다",
    "date": "14.02.15",
    "rating": "6",
    "author": "nuex****",
    "review_id": "8508953",
    "movie_id": "10627"
  },
  {
    "review": "추억의 영화...임청하.이새봉.하광리의 파릇파릇한 모습을 볼 수 있었음..홍콩SF시작을 알렸던 작품...볼만함",
    "date": "13.12.28",
    "rating": "7",
    "author": "thra****",
    "review_id": "8315894",
    "movie_id": "10627"
  },
  {
    "review": "이뿌타임청하....와!!!!!",
    "date": "13.07.06",
    "rating": "10",
    "author": "wprh****",
    "review_id": "7709487",
    "movie_id": "10627"
  },
  {
    "review": "케이블에선 봤었는데 잼있쬬..  무협 판타지에 또 스토리도 RPG 비슷한 느낌도 나구,, 액쎤도 괜찮쿠,, 다만 맨끝에 싸울때 쫌 너무 판타지 같다는 느낌이 있었지만 좋은 작품이죠",
    "date": "13.07.06",
    "rating": "9",
    "author": "nvhd****",
    "review_id": "7709451",
    "movie_id": "10627"
  },
  {
    "review": "무협 영화의 상상력을 한단계 업했고 출연 배우가 화려하다는 것 외에는 다소 실망스럽다.",
    "date": "12.12.09",
    "rating": "6",
    "author": "puls****",
    "review_id": "6986797",
    "movie_id": "10627"
  },
  {
    "review": "홍콩 무협 판타지의 원조. 임청하 젊었을땐 정말 이쁘구나",
    "date": "11.05.20",
    "rating": "9",
    "author": "enig****",
    "review_id": "5438165",
    "movie_id": "10627"
  },
  {
    "review": "^~^) 오호! 허무맹랑 무협의 선두주자, 허나 선지적 기술력이 이 영화의 의미겠지요.",
    "date": "11.02.08",
    "rating": "7",
    "author": "wind****",
    "review_id": "5228633",
    "movie_id": "10627"
  },
  {
    "review": "8.5점 정도. 주제를 잘 나타내었고, 개그요소로 웃음까지.",
    "date": "11.02.07",
    "rating": "8",
    "author": "cecq****",
    "review_id": "5227032",
    "movie_id": "10627"
  },
  {
    "review": "스카라극장에서 중2때 본 영화. 잘 짜여진 스토리, 훌륭한 배우들. well-made film.",
    "date": "10.08.28",
    "rating": "10",
    "author": "bodd****",
    "review_id": "4799292",
    "movie_id": "10627"
  },
  {
    "review": "중학교 1학년때 이 영화보고 일주일동안 밤잠을 설쳤다. 임청하 정말 예뻤다.",
    "date": "10.08.19",
    "rating": "10",
    "author": "mood****",
    "review_id": "4765624",
    "movie_id": "10627"
  },
  {
    "review": "그 시절 SF영화론 최고였슴을 인정함 촉산2가 더 재미있었슴",
    "date": "10.08.16",
    "rating": "10",
    "author": "fero****",
    "review_id": "4754202",
    "movie_id": "10627"
  },
  {
    "review": "반지제왕은 무작정 판타스틱하고 동양껀 구리다 이거냐? 당시로선 재밌고 환상적였음",
    "date": "10.04.15",
    "rating": "9",
    "author": "sola****",
    "review_id": "4433088",
    "movie_id": "10627"
  },
  {
    "review": "무협환타지중 최고인듯..",
    "date": "10.04.02",
    "rating": "9",
    "author": "tjtm****",
    "review_id": "4404322",
    "movie_id": "10627"
  },
  {
    "review": "임청하때문에본영화인데임청하는별로나오지도않네.유치하기짝이없는영화다.",
    "date": "10.01.27",
    "rating": "6",
    "author": "pian****",
    "review_id": "4213676",
    "movie_id": "10627"
  },
  {
    "review": "엉성하지만 시대를 감안하면 나쁘진않다. 하지만 높은점수는 주기 힘들다",
    "date": "09.10.16",
    "rating": "6",
    "author": "west****",
    "review_id": "3895329",
    "movie_id": "10627"
  },
  {
    "review": "감히 무협환타지 최고의 영화라 할만하다.",
    "date": "09.07.11",
    "rating": "10",
    "author": "ljd3****",
    "review_id": "3624646",
    "movie_id": "10627"
  },
  {
    "review": "환타지무협의 장르를 개척한 영화!!서극감독의 실험정신",
    "date": "09.07.11",
    "rating": "10",
    "author": "kks3****",
    "review_id": "3624639",
    "movie_id": "10627"
  },
  {
    "review": "옛 추억 완전 재밌게 본 영화",
    "date": "09.06.28",
    "rating": "10",
    "author": "kdb0****",
    "review_id": "3597758",
    "movie_id": "10627"
  },
  {
    "review": "기념비적인 작품이라지만 나랑 맞지는 않는구나",
    "date": "09.06.27",
    "rating": "5",
    "author": "tjsd****",
    "review_id": "3595084",
    "movie_id": "10627"
  },
  {
    "review": "무협영화를 거의 완벽하게 표현한 걸작",
    "date": "09.06.08",
    "rating": "10",
    "author": "jose****",
    "review_id": "3551551",
    "movie_id": "10627"
  },
  {
    "review": "어후.. 보주 너무 이뻐...",
    "date": "09.04.28",
    "rating": "10",
    "author": "immo****",
    "review_id": "3446137",
    "movie_id": "10627"
  },
  {
    "review": "무협환타지의 새로운 장을 연 작품..",
    "date": "09.04.02",
    "rating": "10",
    "author": "mira****",
    "review_id": "3400897",
    "movie_id": "10627"
  },
  {
    "review": "나의 컬트영화..어렷을때 이 영화 보고 그 날 잠을 못잔 기억이..",
    "date": "09.04.02",
    "rating": "10",
    "author": "drwh****",
    "review_id": "3400895",
    "movie_id": "10627"
  },
  {
    "review": "중국 무협 세계관의 모든 것이 들어있다. 미국엔 서부개척신화, 중국엔 무협 환타지.",
    "date": "09.01.10",
    "rating": "8",
    "author": "bepl****",
    "review_id": "3207033",
    "movie_id": "10627"
  },
  {
    "review": "오래전 추억의 무협영화. 당시엔 대단했는데 지금보니 왠지 유치찬란...",
    "date": "08.12.16",
    "rating": "6",
    "author": "lks3****",
    "review_id": "3121571",
    "movie_id": "10627"
  },
  {
    "review": "SFX 무협영화의 장을 연 작품..",
    "date": "08.12.15",
    "rating": "9",
    "author": "tows****",
    "review_id": "3120586",
    "movie_id": "10627"
  },
  {
    "review": "무협영화중의최고조에달했고, 홍금보와원표그리고정소추까지보게되어영광이다",
    "date": "08.09.07",
    "rating": "8",
    "author": "ldg0****",
    "review_id": "2928251",
    "movie_id": "10627"
  },
  {
    "review": "완전쓰레기 ..;;",
    "date": "08.07.27",
    "rating": "1",
    "author": "enia****",
    "review_id": "2809077",
    "movie_id": "10627"
  },
  {
    "review": "그냥 볼만함 ..",
    "date": "08.07.19",
    "rating": "10",
    "author": "shee****",
    "review_id": "2777923",
    "movie_id": "10627"
  },
  {
    "review": "무협영화의 최고봉 !!",
    "date": "08.02.08",
    "rating": "8",
    "author": "evil****",
    "review_id": "2423464",
    "movie_id": "10627"
  },
  {
    "review": "원작소설의 발가락의 때만큼도 안될지라도 스타들 보는 재미는 살아 있다",
    "date": "07.09.27",
    "rating": "5",
    "author": "baks****",
    "review_id": "2055680",
    "movie_id": "10627"
  },
  {
    "review": "말이 필요없음...",
    "date": "07.09.17",
    "rating": "10",
    "author": "maun****",
    "review_id": "2027739",
    "movie_id": "10627"
  },
  {
    "review": "홍콩 영화 서극 감독의 이름을 만 천하에 알린 걸작",
    "date": "07.08.27",
    "rating": "10",
    "author": "deff****",
    "review_id": "1984718",
    "movie_id": "10627"
  },
  {
    "review": "최고다.",
    "date": "07.08.05",
    "rating": "10",
    "author": "rlaw****",
    "review_id": "1882467",
    "movie_id": "10627"
  },
  {
    "review": "답이 딱나오잖아...",
    "date": "07.03.22",
    "rating": "10",
    "author": "kse6****",
    "review_id": "1547095",
    "movie_id": "10627"
  },
  {
    "review": "무협영화중 최고의 걸작",
    "date": "07.01.28",
    "rating": "10",
    "author": "skss****",
    "review_id": "1421413",
    "movie_id": "10627"
  },
  {
    "review": "원표가 왜 조연이양... 젤 많이 나오는구만...ㅋㅋ 재미있음...",
    "date": "07.01.28",
    "rating": "10",
    "author": "perl****",
    "review_id": "1421412",
    "movie_id": "10627"
  },
  {
    "review": "시대를 앞서갔던 비운의 작품, 당시엔 나도 적응이안되던..",
    "date": "07.01.23",
    "rating": "6",
    "author": "gall****",
    "review_id": "1409000",
    "movie_id": "10627"
  },
  {
    "review": "빠른전개가 일품인 촉산전의 전신인 작품",
    "date": "06.11.15",
    "rating": "9",
    "author": "kws7****",
    "review_id": "1233220",
    "movie_id": "10627"
  },
  {
    "review": "4500만 대한국민 국민이 봐야할영화",
    "date": "06.07.16",
    "rating": "10",
    "author": "kore****",
    "review_id": "895495",
    "movie_id": "10627"
  },
  {
    "review": "장르에 '코메디'추가해야 하는 것 아닌가요? 무협매냐의 영화",
    "date": "06.03.07",
    "rating": "5",
    "author": "lshp****",
    "review_id": "707957",
    "movie_id": "10627"
  },
  {
    "review": "초반에 홍금보와 원표...지대 웃김~ㅋㅋㅋㅋㅋㅋㅋㅋㅋ",
    "date": "06.02.10",
    "rating": "10",
    "author": "sbh0****",
    "review_id": "658399",
    "movie_id": "10627"
  },
  {
    "review": "이후 영화에 심취 심오하고 당시 내게 문화적 충격.",
    "date": "06.01.29",
    "rating": "10",
    "author": "blue****",
    "review_id": "631367",
    "movie_id": "10627"
  },
  {
    "review": "당시 특수효과는 좀 어설펐지만 배우들은 볼 만하다.",
    "date": "05.12.15",
    "rating": "7",
    "author": "kimj****",
    "review_id": "507076",
    "movie_id": "10627"
  },
  {
    "review": "정성이 느껴지는 무협영화!!",
    "date": "05.12.10",
    "rating": "9",
    "author": "fpdl****",
    "review_id": "499862",
    "movie_id": "10627"
  },
  {
    "review": "정소추의 정통무협 연기와 서극의 sf가 만나다~!!",
    "date": "05.12.09",
    "rating": "9",
    "author": "cat1****",
    "review_id": "499000",
    "movie_id": "10627"
  },
  {
    "review": "오예 나도 10점주고가야지 ㅋㅋ",
    "date": "05.11.01",
    "rating": "10",
    "author": "reve****",
    "review_id": "461049",
    "movie_id": "10627"
  },
  {
    "review": "무협영화 의 최고봉 수작",
    "date": "05.08.06",
    "rating": "10",
    "author": "fvc1****",
    "review_id": "354335",
    "movie_id": "10627"
  },
  {
    "review": "화려하다. 서극이 이때의 모습으로 돌아왔으면...",
    "date": "05.05.17",
    "rating": "9",
    "author": "jcr3****",
    "review_id": "279581",
    "movie_id": "10627"
  },
  {
    "review": "앳된 임청하도 이쁘다! 당대 최고의 배우들을 보는 재미!",
    "date": "05.04.05",
    "rating": "10",
    "author": "rock****",
    "review_id": "254255",
    "movie_id": "10627"
  },
  {
    "review": "정소추의 날아다니는 검(칠성검이던가?)",
    "date": "04.11.09",
    "rating": "10",
    "author": "yunj****",
    "review_id": "142644",
    "movie_id": "10627"
  },
  {
    "review": "내가본 무협영화중 단연 최고",
    "date": "04.07.03",
    "rating": "10",
    "author": "magn****",
    "review_id": "64415",
    "movie_id": "10627"
  },
  {
    "review": "재미있는 작품",
    "date": "04.03.29",
    "rating": "9",
    "author": "qmfo****",
    "review_id": "32430",
    "movie_id": "10627"
  },
  {
    "review": "아기자기하면서도 기괴한 매력이 있는 걸작",
    "date": "03.12.08",
    "rating": "9",
    "author": "tdol****",
    "review_id": "1494",
    "movie_id": "10627"
  }
]