[
  {
    "review": "가족의 의미, 부성애, 모성애",
    "date": "15.07.08",
    "rating": "9",
    "author": "mild****",
    "review_id": "10079341",
    "movie_id": "10629"
  },
  {
    "review": "명배우는 사랑과 전쟁도 고전으로 만든다",
    "date": "15.05.29",
    "rating": "7",
    "author": "rd72****",
    "review_id": "9960781",
    "movie_id": "10629"
  },
  {
    "review": "크레이머의 세상은 크레이머가.",
    "date": "15.05.27",
    "rating": "10",
    "author": "hwr0****",
    "review_id": "9955513",
    "movie_id": "10629"
  },
  {
    "review": "굿....계속 빌리에게 감정이입이 되면서 어린시절의 나의 모습이 떠올라서 몇번이나 울컥했다. 배우들의 명연기에 더욱 몰입해서 봤다. 중간에 정글짐에서 떨어진 빌리를 안고 뛰는 장면은 계속 기억에 남을 것 같다..",
    "date": "15.05.15",
    "rating": "10",
    "author": "shau****",
    "review_id": "9919873",
    "movie_id": "10629"
  },
  {
    "review": "명배우의 명연기를 보는 재미. 여성의 삶과 부성애에 대한 화두를 던진, 70년대 당시로썬 의미있는 영화.",
    "date": "15.04.22",
    "rating": "8",
    "author": "sipj****",
    "review_id": "9857276",
    "movie_id": "10629"
  },
  {
    "review": "자식들 귀찮아 하는 부모들..  이 영화 보고 반성했으면..",
    "date": "15.04.20",
    "rating": "10",
    "author": "pete****",
    "review_id": "9853949",
    "movie_id": "10629"
  },
  {
    "review": "당연하다고 생각된 것들에 대한 반성.",
    "date": "15.02.20",
    "rating": "8",
    "author": "sawo****",
    "review_id": "9719535",
    "movie_id": "10629"
  },
  {
    "review": "깔끔한 가족, 법정드라마. 연출의 어느 부분도 넘치지 않게 조정되었다. 두 배우의 연기 역시 훌륭했다.",
    "date": "15.01.04",
    "rating": "8",
    "author": "jys4****",
    "review_id": "9561220",
    "movie_id": "10629"
  },
  {
    "review": "존나 재밌다 겁나ㅜ감동적이당ㅇ",
    "date": "15.01.04",
    "rating": "9",
    "author": "suhj****",
    "review_id": "9558954",
    "movie_id": "10629"
  }
]