[
  {
    "review": "깔끔하고 깊이있는 로드무비",
    "date": "15.05.05",
    "rating": "10",
    "author": "mara****",
    "review_id": "9896664",
    "movie_id": "10624"
  },
  {
    "review": "경이롭다 매트릭스를 봤을때보다 더충격이다",
    "date": "15.04.07",
    "rating": "10",
    "author": "digl****",
    "review_id": "9832545",
    "movie_id": "10624"
  },
  {
    "review": "익숙함과 낯섦의 경계, 천국보다 낯선 현실",
    "date": "15.02.16",
    "rating": "6",
    "author": "tnis****",
    "review_id": "9701963",
    "movie_id": "10624"
  },
  {
    "review": "흑백화면에 고요하고 묘한 분위기에 취한다. 이 영화에서 메시지를 찾으려는 것 자체게 잘못이다. 영화 전체가 하나의 메시지다.",
    "date": "15.02.04",
    "rating": "10",
    "author": "kimg****",
    "review_id": "9666008",
    "movie_id": "10624"
  },
  {
    "review": "황량한 미국 속의 무료하고 지겨운 인생들. 파라다이스처럼 보이는 곳으로 대책없이 도피를 해보지만 그 곳도 건조하게 말라버린 것은 매한가지인지라 우린 딱히 갈 데가 없다. 인생 뭐 있겠나, 그냥 이렇게 사는 것이겠지.",
    "date": "14.12.28",
    "rating": "8",
    "author": "cksn****",
    "review_id": "9527623",
    "movie_id": "10624"
  },
  {
    "review": "일상과 영화의 모호한 경계, 짐자무쉬의 슈퍼드라이 조크, 여백의 미. 오랜만에 진정한 담백한 영화를 보았다.",
    "date": "14.12.22",
    "rating": "9",
    "author": "jys4****",
    "review_id": "9501774",
    "movie_id": "10624"
  },
  {
    "review": "특이한 편집..,,.",
    "date": "14.11.10",
    "rating": "1",
    "author": "mool****",
    "review_id": "9366745",
    "movie_id": "10624"
  },
  {
    "review": "언제 어디서 어떤 천국을 꿈 꾸던, 결국은 똑같다.",
    "date": "14.11.02",
    "rating": "8",
    "author": "floo****",
    "review_id": "9335757",
    "movie_id": "10624"
  },
  {
    "review": "흑백화면과 정지한 듯한 카메라, 그리고 롱테이크로 표현된 젊은 하층민들의 고독과 비극적인 아메리칸 드림의 모습들을 표현한 걸작이다. 처음본 짐 자무쉬 영화지만, 놀라움을 감추지 못하였다.",
    "date": "14.07.06",
    "rating": "10",
    "author": "pola****",
    "review_id": "8889072",
    "movie_id": "10624"
  },
  {
    "review": "나름 매력있는 작품인데 본 후 남은 것이 없다.",
    "date": "14.07.05",
    "rating": "7",
    "author": "aeri****",
    "review_id": "8886678",
    "movie_id": "10624"
  },
  {
    "review": "낮설고, 어긋나고, 머무를 수 없는 우리네 인생",
    "date": "14.04.08",
    "rating": "7",
    "author": "wkdd****",
    "review_id": "8636768",
    "movie_id": "10624"
  },
  {
    "review": "일상으로부터의 탈출, 그 곳에 도착하면 또 다른 세상을 만날 수 있을까?",
    "date": "13.09.02",
    "rating": "6",
    "author": "lees****",
    "review_id": "7944475",
    "movie_id": "10624"
  },
  {
    "review": "낯설지 않은 암울함.. 여기에 천국은 없다.",
    "date": "13.08.20",
    "rating": "6",
    "author": "bbq2****",
    "review_id": "7907019",
    "movie_id": "10624"
  },
  {
    "review": "나에게 최고의 영화",
    "date": "13.08.03",
    "rating": "10",
    "author": "dign****",
    "review_id": "7829527",
    "movie_id": "10624"
  },
  {
    "review": "우리가 쫒는 천국... 그건 예상보다 낯설 수 도 있다! 그리고 포스터... 참 멋지다...",
    "date": "13.02.28",
    "rating": "7",
    "author": "yoon****",
    "review_id": "7309914",
    "movie_id": "10624"
  },
  {
    "review": "변화를 바라고 낯선 곳으로 떠나보지만 결국 그곳도 별 다를게 없는 세상..  제목은 역설적인 표현인가??...",
    "date": "13.02.06",
    "rating": "9",
    "author": "dono****",
    "review_id": "7230220",
    "movie_id": "10624"
  },
  {
    "review": "보니와 클라이드의 아이들",
    "date": "13.01.12",
    "rating": "8",
    "author": "brad****",
    "review_id": "7103704",
    "movie_id": "10624"
  },
  {
    "review": "그래 기대와 꿈이 전부지ㅋㅋ 다똑같아. 바람은 바람이요 땅은 땅이로다. 모두 다 자연이고 결국 일상일 뿐",
    "date": "12.11.05",
    "rating": "10",
    "author": "hb54****",
    "review_id": "6856423",
    "movie_id": "10624"
  },
  {
    "review": "약간 모자란듯한 평범한 이방인들의 방황이 정겨우면서도 쓸쓸하다.",
    "date": "12.10.21",
    "rating": "7",
    "author": "kusa****",
    "review_id": "6816557",
    "movie_id": "10624"
  },
  {
    "review": "그래서 윌리는 부다페스트에서 무엇을 했을까",
    "date": "12.05.19",
    "rating": "9",
    "author": "luvl****",
    "review_id": "6313270",
    "movie_id": "10624"
  },
  {
    "review": "우리가 꿈꾸는 천국이란 과연 어떠한 곳일까. 스산하고 허무한 산업주의의 잔상..",
    "date": "12.04.23",
    "rating": "9",
    "author": "daha****",
    "review_id": "6241043",
    "movie_id": "10624"
  },
  {
    "review": "공허한 세상",
    "date": "12.02.16",
    "rating": "8",
    "author": "jjh8****",
    "review_id": "6079764",
    "movie_id": "10624"
  },
  {
    "review": "에바처럼 저도 그 거친녀석의 음악이 좋았습니다.",
    "date": "11.12.27",
    "rating": "8",
    "author": "zhen****",
    "review_id": "5939862",
    "movie_id": "10624"
  },
  {
    "review": "천국보다 낯선곳에 도착하더라도 결국 천국은 없다.",
    "date": "11.12.23",
    "rating": "9",
    "author": "mapl****",
    "review_id": "5924425",
    "movie_id": "10624"
  },
  {
    "review": "낯선 곳에 갔어도 바뀌는건 없었다.",
    "date": "11.11.26",
    "rating": "10",
    "author": "dent****",
    "review_id": "5872269",
    "movie_id": "10624"
  },
  {
    "review": "자무시의 역사가 시작된 영화 한편",
    "date": "11.11.23",
    "rating": "8",
    "author": "skyb****",
    "review_id": "5866532",
    "movie_id": "10624"
  },
  {
    "review": "Familiar than Hell",
    "date": "11.07.02",
    "rating": "6",
    "author": "muz1****",
    "review_id": "5515665",
    "movie_id": "10624"
  },
  {
    "review": "그래....우리가꿈꾸고사는세상이다그렇지..",
    "date": "11.06.22",
    "rating": "8",
    "author": "hooj****",
    "review_id": "5492937",
    "movie_id": "10624"
  },
  {
    "review": "기회와 연대에 목마른 헝가리 집시들의 미국 방랑기. 떠나면 괴롭고, 남아도 외롭다.",
    "date": "11.03.16",
    "rating": "9",
    "author": "mist****",
    "review_id": "5317300",
    "movie_id": "10624"
  },
  {
    "review": "귀엽고 볼만하기만 했는데, 속뜻을 알고 생각하면 제대로다",
    "date": "11.03.01",
    "rating": "8",
    "author": "gkag****",
    "review_id": "5288006",
    "movie_id": "10624"
  },
  {
    "review": "우와 ㅋㅋ 진짜명작이다",
    "date": "11.01.16",
    "rating": "10",
    "author": "fami****",
    "review_id": "5162155",
    "movie_id": "10624"
  },
  {
    "review": "최고의 데뷔작",
    "date": "10.11.22",
    "rating": "10",
    "author": "topo****",
    "review_id": "4979142",
    "movie_id": "10624"
  },
  {
    "review": "굿..",
    "date": "10.07.02",
    "rating": "10",
    "author": "abu_****",
    "review_id": "4606636",
    "movie_id": "10624"
  },
  {
    "review": "아메리칸 드림을 쫒는 청년들 그속의 허망함 마지막 반전은 정말 길이 남는다",
    "date": "10.04.29",
    "rating": "6",
    "author": "hjj5****",
    "review_id": "4463725",
    "movie_id": "10624"
  },
  {
    "review": "ㅋㅋㅋ귀엽다!!",
    "date": "10.04.12",
    "rating": "10",
    "author": "malz****",
    "review_id": "4428711",
    "movie_id": "10624"
  },
  {
    "review": "다시 만나게 될까? 하지만 그렇다고 한들.",
    "date": "10.02.22",
    "rating": "9",
    "author": "1una****",
    "review_id": "4308459",
    "movie_id": "10624"
  },
  {
    "review": "영화는 재미없다. 하지만 영화 속에는 '텅 빈' 피넛버터 바틀이 있다.",
    "date": "10.02.20",
    "rating": "7",
    "author": "stit****",
    "review_id": "4302292",
    "movie_id": "10624"
  },
  {
    "review": "영화의 텅빈 부분이 마음을 완전히 사로잡았다..",
    "date": "10.01.05",
    "rating": "10",
    "author": "lsyu****",
    "review_id": "4137990",
    "movie_id": "10624"
  },
  {
    "review": "굉장히 잔잔하게 영화는 진행된다...",
    "date": "09.08.16",
    "rating": "7",
    "author": "leem****",
    "review_id": "3756035",
    "movie_id": "10624"
  },
  {
    "review": "TV디너. 고기같지 않은 고기, 그것이 천국보다 낯선 미국청년들의 꿈",
    "date": "09.08.01",
    "rating": "8",
    "author": "jego****",
    "review_id": "3694719",
    "movie_id": "10624"
  },
  {
    "review": "천국보다 낯선 인간 관계, 삶의 목적을 지는 세 청년",
    "date": "09.04.10",
    "rating": "10",
    "author": "craz****",
    "review_id": "3413618",
    "movie_id": "10624"
  },
  {
    "review": "내용도 내용이지만, 감각을 자극하는 신선한 영화.",
    "date": "09.04.02",
    "rating": "9",
    "author": "5292****",
    "review_id": "3400307",
    "movie_id": "10624"
  },
  {
    "review": "데뷔작답지 않은 데뷔작. 미국에는 이러한 황량함도 있다.",
    "date": "09.03.08",
    "rating": "9",
    "author": "paus****",
    "review_id": "3353971",
    "movie_id": "10624"
  },
  {
    "review": "스트레이트한 데뷔작",
    "date": "08.12.01",
    "rating": "9",
    "author": "mind****",
    "review_id": "3084118",
    "movie_id": "10624"
  },
  {
    "review": "좋다",
    "date": "08.10.30",
    "rating": "10",
    "author": "ftts****",
    "review_id": "3026227",
    "movie_id": "10624"
  },
  {
    "review": "개인적으로 어릴때 이 영화를 극장에서 본것을 행운으로 생각한다",
    "date": "08.10.17",
    "rating": "9",
    "author": "gren****",
    "review_id": "3003488",
    "movie_id": "10624"
  },
  {
    "review": "고독그자체다",
    "date": "08.10.02",
    "rating": "10",
    "author": "chin****",
    "review_id": "2978592",
    "movie_id": "10624"
  },
  {
    "review": "새로운 도전정신! 그렇지만 치밀한 영화!!",
    "date": "08.09.10",
    "rating": "9",
    "author": "good****",
    "review_id": "2934482",
    "movie_id": "10624"
  },
  {
    "review": "ㅋㅋㅋㅋㅋㅋ 에전엔 이런거 좋아햇는데..지금은..그닥..허무한 마지막",
    "date": "08.08.31",
    "rating": "7",
    "author": "ygfa****",
    "review_id": "2914316",
    "movie_id": "10624"
  },
  {
    "review": "암전도 계속 보니 익숙해진다. 고독, 그리고 이끌림. 에바 예뻐서 아주 좋다.",
    "date": "08.08.14",
    "rating": "8",
    "author": "bepl****",
    "review_id": "2871035",
    "movie_id": "10624"
  },
  {
    "review": "대표적 허무주의 영화. 이땅에 천국은 없다는 것, 이제 알았나?",
    "date": "08.05.13",
    "rating": "6",
    "author": "hany****",
    "review_id": "2638093",
    "movie_id": "10624"
  },
  {
    "review": "낯선 곳의 정제된 냉소, 결미는 실상.",
    "date": "08.04.30",
    "rating": "6",
    "author": "paci****",
    "review_id": "2606290",
    "movie_id": "10624"
  },
  {
    "review": "천국을 찾아서 떠난 긴 여정의 끝은 실체없는 아메리칸 드림 뿐이더라..",
    "date": "08.02.03",
    "rating": "10",
    "author": "movi****",
    "review_id": "2402048",
    "movie_id": "10624"
  },
  {
    "review": "어디든 황량하긴 매한가지.....",
    "date": "08.01.08",
    "rating": "8",
    "author": "bomb****",
    "review_id": "2308327",
    "movie_id": "10624"
  },
  {
    "review": "이 영화를 안보고 짐 자무쉬를 거론 할 수 없다.",
    "date": "08.01.01",
    "rating": "10",
    "author": "amos****",
    "review_id": "2289228",
    "movie_id": "10624"
  },
  {
    "review": "이 영화 너무 낯설다.",
    "date": "07.12.29",
    "rating": "7",
    "author": "godj****",
    "review_id": "2279576",
    "movie_id": "10624"
  },
  {
    "review": "느린 진행에 익숙해지면, 짐 자무쉬의 영화가 은근히 재밌다는 걸 느낄 것이다",
    "date": "07.12.18",
    "rating": "10",
    "author": "myiv****",
    "review_id": "2242509",
    "movie_id": "10624"
  },
  {
    "review": "미국엔 꿈꾸는 파라다이스가 없다. 건조하고 단조롭지만 이상한 매력이 있다",
    "date": "07.11.06",
    "rating": "8",
    "author": "kuic****",
    "review_id": "2137266",
    "movie_id": "10624"
  },
  {
    "review": "인생은의도하지않은코미디의연속이다",
    "date": "07.10.02",
    "rating": "10",
    "author": "pwl1****",
    "review_id": "2066106",
    "movie_id": "10624"
  },
  {
    "review": "영화에 클라이막스가 꼭 필요한것은아니다",
    "date": "07.09.14",
    "rating": "10",
    "author": "cold****",
    "review_id": "2019501",
    "movie_id": "10624"
  },
  {
    "review": "표면 거친 화면은 자무시의 소유물이다",
    "date": "07.09.06",
    "rating": "10",
    "author": "scri****",
    "review_id": "2005161",
    "movie_id": "10624"
  },
  {
    "review": "짐자무시를 사랑하는이유",
    "date": "07.08.12",
    "rating": "10",
    "author": "sims****",
    "review_id": "1923813",
    "movie_id": "10624"
  },
  {
    "review": "칼라무비였으면 매력이 절반으로 떨어졌을듯한",
    "date": "07.08.07",
    "rating": "10",
    "author": "jhj8****",
    "review_id": "1899311",
    "movie_id": "10624"
  },
  {
    "review": "미국 가기 싫다.뉴욕이건 플로리다건 .부다페스트나 가자",
    "date": "07.07.27",
    "rating": "10",
    "author": "sinj****",
    "review_id": "1814351",
    "movie_id": "10624"
  },
  {
    "review": "자무시 스타일 만의 스타일",
    "date": "07.06.24",
    "rating": "10",
    "author": "jang****",
    "review_id": "1718051",
    "movie_id": "10624"
  },
  {
    "review": "독특한 구도,과감한 편집,정적인 영상,짐자무쉬만이 만들어낼수 있는 영화",
    "date": "07.05.11",
    "rating": "9",
    "author": "chop****",
    "review_id": "1631963",
    "movie_id": "10624"
  },
  {
    "review": "무성 영화에 대한 향수, 아웃사이더가 보여주는 별볼일 없는 건조한 삶",
    "date": "07.05.07",
    "rating": "10",
    "author": "donj****",
    "review_id": "1627305",
    "movie_id": "10624"
  },
  {
    "review": "스산한 미국을 유럽식으로 구성한 자무쉬의 흑백사진",
    "date": "07.03.20",
    "rating": "9",
    "author": "oklo****",
    "review_id": "1544287",
    "movie_id": "10624"
  },
  {
    "review": "그냥 짠한.....",
    "date": "07.02.21",
    "rating": "8",
    "author": "ocdg****",
    "review_id": "1490380",
    "movie_id": "10624"
  },
  {
    "review": "음악이 자꾸자꾸 맴돈다",
    "date": "07.02.11",
    "rating": "8",
    "author": "star****",
    "review_id": "1462439",
    "movie_id": "10624"
  },
  {
    "review": "난해한 아메리칸 드림,,,건조하지만 묘한 매력이~~",
    "date": "07.02.08",
    "rating": "10",
    "author": "tls7****",
    "review_id": "1452617",
    "movie_id": "10624"
  },
  {
    "review": "달력 넘기듯 넘어가는 주인공들의 화려한 휴가계획서",
    "date": "07.01.17",
    "rating": "8",
    "author": "fred****",
    "review_id": "1390851",
    "movie_id": "10624"
  },
  {
    "review": "짐 자무시가 바라본 세심한 시선.",
    "date": "06.12.31",
    "rating": "9",
    "author": "gyp_****",
    "review_id": "1343959",
    "movie_id": "10624"
  },
  {
    "review": "아.......정말 좋은 영화.......",
    "date": "06.12.28",
    "rating": "10",
    "author": "tkae****",
    "review_id": "1336098",
    "movie_id": "10624"
  },
  {
    "review": "짐 자무시야 말로 진정으로 미국에 대해 잘 알고있는 감독이다",
    "date": "06.11.04",
    "rating": "7",
    "author": "okjo****",
    "review_id": "1215552",
    "movie_id": "10624"
  },
  {
    "review": "내 인생의 영화, 영화를 사랑하는 이유",
    "date": "06.08.12",
    "rating": "10",
    "author": "ever****",
    "review_id": "1004034",
    "movie_id": "10624"
  },
  {
    "review": "사랑하는 영화.사랑하는 사랑하는,,,",
    "date": "06.08.08",
    "rating": "10",
    "author": "worl****",
    "review_id": "983288",
    "movie_id": "10624"
  },
  {
    "review": "이 영화를 처음 봤을 때 그 즐거움이란....(9점)",
    "date": "06.08.02",
    "rating": "10",
    "author": "moon****",
    "review_id": "957129",
    "movie_id": "10624"
  },
  {
    "review": "끝까지 챙기던 빈 병.",
    "date": "06.07.08",
    "rating": "8",
    "author": "wpdu****",
    "review_id": "878449",
    "movie_id": "10624"
  },
  {
    "review": "완성된 스타일로의 데뷔! 훌륭한 지휘자!",
    "date": "06.05.06",
    "rating": "9",
    "author": "domi****",
    "review_id": "789517",
    "movie_id": "10624"
  },
  {
    "review": "무미건조한 흑백 화면보다 더 매마른 미국의 사회성...",
    "date": "06.02.27",
    "rating": "8",
    "author": "jals****",
    "review_id": "694885",
    "movie_id": "10624"
  },
  {
    "review": "진정한 로드무비. 나도 꿈을 꾼다.",
    "date": "06.02.19",
    "rating": "10",
    "author": "mox2****",
    "review_id": "681144",
    "movie_id": "10624"
  },
  {
    "review": "건조한 차창밖의 풍경으로 자무쉬는 이미 신시대를 예견했다.",
    "date": "05.12.06",
    "rating": "10",
    "author": "gkdu****",
    "review_id": "496270",
    "movie_id": "10624"
  },
  {
    "review": "이영화가 존재하기때문에 내 꿈은 피어난다.",
    "date": "05.08.13",
    "rating": "10",
    "author": "stru****",
    "review_id": "364262",
    "movie_id": "10624"
  },
  {
    "review": "아트무비보다 더 아트했슴",
    "date": "05.05.05",
    "rating": "10",
    "author": "euro****",
    "review_id": "271579",
    "movie_id": "10624"
  },
  {
    "review": "천국이 있는걸까? 호러 섹스씬이 없어두 재미있다.",
    "date": "05.04.24",
    "rating": "9",
    "author": "miru****",
    "review_id": "265201",
    "movie_id": "10624"
  },
  {
    "review": "결국 그들은 천국을 찾지 못했다.",
    "date": "05.04.17",
    "rating": "8",
    "author": "ccsy****",
    "review_id": "261587",
    "movie_id": "10624"
  },
  {
    "review": "너무 낯설었던 영화.지루함을 견뎌야하는.결국 천국은 없는가?",
    "date": "05.03.06",
    "rating": "7",
    "author": "hadl****",
    "review_id": "236104",
    "movie_id": "10624"
  },
  {
    "review": "브레송+고다르+오즈=짐 자무쉬",
    "date": "05.02.13",
    "rating": "10",
    "author": "tjsd****",
    "review_id": "218520",
    "movie_id": "10624"
  },
  {
    "review": "난해한 영화. 공허함만 남는 구나.. 그러나 왠지 좋다.",
    "date": "05.02.04",
    "rating": "10",
    "author": "rasi****",
    "review_id": "207099",
    "movie_id": "10624"
  },
  {
    "review": "`천국`에 방점을 찍으면 대략 낭패. 낯설지만 같은 곳에서 느끼는 공허함",
    "date": "05.01.15",
    "rating": "9",
    "author": "yoju****",
    "review_id": "186735",
    "movie_id": "10624"
  },
  {
    "review": "흑백사진첩을 한장한장 넘겨 본 기분...남는건 왠지 모를 공허함뿐...",
    "date": "04.11.22",
    "rating": "10",
    "author": "pepo****",
    "review_id": "150219",
    "movie_id": "10624"
  },
  {
    "review": "내 인생에 가장 난해한 영화. 아메리카 드림은 없었던것인가...",
    "date": "04.09.04",
    "rating": "10",
    "author": "adon****",
    "review_id": "102776",
    "movie_id": "10624"
  },
  {
    "review": "오랫동안 가슴에 남아있는영화에요 다시보구싶어지고정말 재미있고...",
    "date": "04.09.04",
    "rating": "10",
    "author": "ttjr****",
    "review_id": "102443",
    "movie_id": "10624"
  },
  {
    "review": "영화계의 교과서라 할만한 영화~.",
    "date": "04.08.14",
    "rating": "10",
    "author": "visc****",
    "review_id": "90214",
    "movie_id": "10624"
  },
  {
    "review": "잊혀지지 않을..",
    "date": "04.07.21",
    "rating": "9",
    "author": "lccl****",
    "review_id": "74561",
    "movie_id": "10624"
  },
  {
    "review": "멋진 롱테이크를 볼수있는영화.",
    "date": "04.06.15",
    "rating": "10",
    "author": "beat****",
    "review_id": "54750",
    "movie_id": "10624"
  }
]