[
  {
    "review": "인종차별적인 요소가 있지만 오히려 현실적인 서양인의 시각이라 자연스럽다. 영화속 대사에서도 주인공보고 인종차별주의자라고 하는 등.. 의도된 각본인듯 하기도 하고. 베트남인과 중국인을 헤깔려하는 듯한 주인공의 복수본능은 넌센스.",
    "date": "15.08.16",
    "rating": "8",
    "author": "chin****",
    "review_id": "10240264",
    "movie_id": "10620"
  },
  {
    "review": "제가 쓴 '20세기 할리우드 드문 영화 걸작선 94편' 이라는 책에도 이 영화 내용이 있습니다. 네이버에서 바로 검색됩니다. 이어 오브 드래곤 뿐만 아니라 주옥같은 작품들을 모아놨습니다. 동양인에 대한 인종차별과 중국 갱스터와의 혈투를 담은 수작",
    "date": "14.07.24",
    "rating": "9",
    "author": "sykm****",
    "review_id": "8951208",
    "movie_id": "10620"
  },
  {
    "review": "미키 루크보단 존 론이 더 멋져. 약간의 인종 차별.",
    "date": "14.01.12",
    "rating": "7",
    "author": "pont****",
    "review_id": "8372311",
    "movie_id": "10620"
  },
  {
    "review": "존 론 때문에 봤지만, imdb 평 보니까 안습. 잘만든 언터처블과의 비교는 실례임.",
    "date": "11.08.09",
    "rating": "5",
    "author": "comb****",
    "review_id": "5628935",
    "movie_id": "10620"
  },
  {
    "review": "이때만 해도 미키루크 정말 핸섬하고 멋쟁이였는데 영화 볼만함",
    "date": "08.09.19",
    "rating": "7",
    "author": "deff****",
    "review_id": "2958309",
    "movie_id": "10620"
  },
  {
    "review": "비디오로봤는데기획대작은조금부족하지만감독주연의기대라면높은점수를줄만하다",
    "date": "08.06.21",
    "rating": "9",
    "author": "ldg0****",
    "review_id": "2710948",
    "movie_id": "10620"
  },
  {
    "review": "폼으로 살고 폼에 죽는다.폼생폼사",
    "date": "08.01.02",
    "rating": "10",
    "author": "baks****",
    "review_id": "2290145",
    "movie_id": "10620"
  },
  {
    "review": "폭풍간지",
    "date": "06.12.02",
    "rating": "10",
    "author": "drhe****",
    "review_id": "1262319",
    "movie_id": "10620"
  },
  {
    "review": "존론보다도 스톤의 시나리오보다도 트레이시(코이즈미)가 최고!",
    "date": "05.10.08",
    "rating": "10",
    "author": "0jun****",
    "review_id": "436423",
    "movie_id": "10620"
  },
  {
    "review": "기획은 별로이나 감독 역량 배우 역량으로 버틴 영화",
    "date": "05.03.27",
    "rating": "8",
    "author": "hiss****",
    "review_id": "248265",
    "movie_id": "10620"
  },
  {
    "review": "감독은 왜 이렇게 남성성에 얽매여 있는 걸까. 물론 배우는 멋짐",
    "date": "05.02.04",
    "rating": "7",
    "author": "kimj****",
    "review_id": "207861",
    "movie_id": "10620"
  },
  {
    "review": "미키루크와 존 론이 아니었다면..",
    "date": "04.08.18",
    "rating": "6",
    "author": "thin****",
    "review_id": "92448",
    "movie_id": "10620"
  },
  {
    "review": "언터쳐블과 비슷하지만, 더 알차고, 더 강렬하다",
    "date": "03.12.09",
    "rating": "10",
    "author": "tdol****",
    "review_id": "1523",
    "movie_id": "10620"
  }
]