[
  {
    "review": "고전미를 느낄 수 있는 개명작!",
    "date": "15.03.30",
    "rating": "10",
    "author": "katy****",
    "review_id": "9817393",
    "movie_id": "10638"
  },
  {
    "review": "특종을 노리는 기자와 특수인의 만남이란 점에서 로마의 휴일을 연상시킴. 돈보기를 돌같이 하는 주인공이 답답하면서도 부럽게 만드는 유쾌한 스토리",
    "date": "14.07.05",
    "rating": "8",
    "author": "jhzm****",
    "review_id": "8886542",
    "movie_id": "10638"
  },
  {
    "review": "자본주의에 진정 필요한 longfellow",
    "date": "13.05.30",
    "rating": "6",
    "author": "bbq2****",
    "review_id": "7563481",
    "movie_id": "10638"
  },
  {
    "review": "왜 이런 영상이 아직도 더 끌리는지 모르겠다*",
    "date": "12.08.13",
    "rating": "10",
    "author": "dma9****",
    "review_id": "6599440",
    "movie_id": "10638"
  },
  {
    "review": "휴머니즘이 있는 고전영화",
    "date": "12.04.30",
    "rating": "10",
    "author": "dkma****",
    "review_id": "6258911",
    "movie_id": "10638"
  },
  {
    "review": "이런류의 영화를 만든 감독이나 시나리오작가에게 한없는 고마움을 느낀다..",
    "date": "11.02.19",
    "rating": "9",
    "author": "isbl****",
    "review_id": "5255482",
    "movie_id": "10638"
  },
  {
    "review": "역시 카프라. 클라스는 영원하다.",
    "date": "10.03.28",
    "rating": "10",
    "author": "beat****",
    "review_id": "4394602",
    "movie_id": "10638"
  },
  {
    "review": "누가 정상이고 누가 미쳤는지 판사는 올바로 판단할 수 있을까?",
    "date": "10.02.14",
    "rating": "7",
    "author": "kusa****",
    "review_id": "4281737",
    "movie_id": "10638"
  },
  {
    "review": "돈키호테 같은 돈 많은 재산가의 이야기...",
    "date": "10.02.06",
    "rating": "7",
    "author": "jjyn****",
    "review_id": "4251253",
    "movie_id": "10638"
  },
  {
    "review": "주인공같은 성격을 great persoality라고 한답니다..세상을 아름답고 이쁘게 만드는..",
    "date": "09.09.17",
    "rating": "10",
    "author": "anze****",
    "review_id": "3835302",
    "movie_id": "10638"
  },
  {
    "review": "감독의 세계관이 좋다",
    "date": "09.08.18",
    "rating": "7",
    "author": "tjsd****",
    "review_id": "3764384",
    "movie_id": "10638"
  },
  {
    "review": "메시지는 좋았으나 조금 느슨한 전개가 흠.. 그냥 그저그런.....",
    "date": "09.04.02",
    "rating": "3",
    "author": "lay8****",
    "review_id": "3401181",
    "movie_id": "10638"
  },
  {
    "review": "메시지는 그럴듯 한데 현실성도 떨어지고 존나 지루함.",
    "date": "09.04.01",
    "rating": "1",
    "author": "dldk****",
    "review_id": "3399468",
    "movie_id": "10638"
  },
  {
    "review": "가슴을 훈훈하게 해주는 프랭크 카프라식 성인용 동화.",
    "date": "08.12.25",
    "rating": "8",
    "author": "team****",
    "review_id": "3147281",
    "movie_id": "10638"
  },
  {
    "review": "카프라가 왜 명감독인지를 말해주는 영화.. 말이 필요없다.",
    "date": "08.11.18",
    "rating": "10",
    "author": "pola****",
    "review_id": "3058652",
    "movie_id": "10638"
  },
  {
    "review": "세월이 흐를수록 아름다운 낙관주의는 전설이 되어 길이 남으리.",
    "date": "08.11.13",
    "rating": "8",
    "author": "hadl****",
    "review_id": "3048766",
    "movie_id": "10638"
  },
  {
    "review": "멋진 인생과 더불어 카프라의 대표적 도덕 교과서, 가슴이 따듯해진다",
    "date": "08.05.22",
    "rating": "8",
    "author": "sioh****",
    "review_id": "2655492",
    "movie_id": "10638"
  },
  {
    "review": "카프라가 창조해낸 세계는 언제봐도 아름답다",
    "date": "07.06.23",
    "rating": "8",
    "author": "okjo****",
    "review_id": "1716986",
    "movie_id": "10638"
  },
  {
    "review": "카프라의 영화는 언제나 따뜻하다",
    "date": "07.04.28",
    "rating": "9",
    "author": "o_ps****",
    "review_id": "1610114",
    "movie_id": "10638"
  },
  {
    "review": "별나네요",
    "date": "07.04.03",
    "rating": "8",
    "author": "coco****",
    "review_id": "1570213",
    "movie_id": "10638"
  },
  {
    "review": "오래된 고전영화라도 후한히 남겨진다...",
    "date": "06.11.12",
    "rating": "10",
    "author": "kims****",
    "review_id": "1229040",
    "movie_id": "10638"
  },
  {
    "review": "우리가 고전영화를 사랑할수 밖에 없는 이유.",
    "date": "06.11.11",
    "rating": "10",
    "author": "movi****",
    "review_id": "1226274",
    "movie_id": "10638"
  },
  {
    "review": "프랑크 카프라가 그리는 세상에서 살고싶다. 현실은 너무 차갑다",
    "date": "06.07.24",
    "rating": "8",
    "author": "jals****",
    "review_id": "919689",
    "movie_id": "10638"
  },
  {
    "review": "`미국`, 국제 사회 지위가 높아지기 이전에 토대를 형성한 영화",
    "date": "05.01.04",
    "rating": "9",
    "author": "dio3****",
    "review_id": "177330",
    "movie_id": "10638"
  },
  {
    "review": "마음이 밝아지는 영화",
    "date": "04.10.30",
    "rating": "10",
    "author": "chki****",
    "review_id": "135440",
    "movie_id": "10638"
  },
  {
    "review": "젊었을 때,  게리쿠퍼",
    "date": "04.10.03",
    "rating": "9",
    "author": "hmr3****",
    "review_id": "119559",
    "movie_id": "10638"
  },
  {
    "review": "금전 만능주의 시대에 꼭 봐야 할 영화.",
    "date": "04.09.25",
    "rating": "10",
    "author": "pby1****",
    "review_id": "114059",
    "movie_id": "10638"
  }
]