[
  {
    "review": "무엇보다 크리스챤 베일의 연기에는 정말 감탄을 숨길 수가 없네요.. 아직도 어린 베일(제이미)의 눈빛과 치열한 생존과정이 눈에 선하네요.  제 인생에 몇 안되는 명작으로 기억 날 겁니다.",
    "date": "15.07.18",
    "rating": "10",
    "author": "hone****",
    "review_id": "10115623",
    "movie_id": "10636"
  },
  {
    "review": "전쟁이라는 환경이 미성숙한 소년의 정서에 미칠 수 있는 영향을 극한으로 보여준다, 처음에는 굶주린 배를 움켜 쥐며 어머니를 찾던 소년은 점차 자신이 처한 끔찍한 상황을 인지하지 못하며 결국 전쟁이라는 광기에 휩쓸려간다.",
    "date": "15.07.09",
    "rating": "7",
    "author": "inos****",
    "review_id": "10085486",
    "movie_id": "10636"
  },
  {
    "review": "마음으로 감동이 다가오지 않았다.",
    "date": "15.07.06",
    "rating": "6",
    "author": "easi****",
    "review_id": "10076129",
    "movie_id": "10636"
  },
  {
    "review": "크리스찬 베일의 연기뺴곤 볼것이 없는 영화",
    "date": "15.06.24",
    "rating": "1",
    "author": "wivn****",
    "review_id": "10027402",
    "movie_id": "10636"
  },
  {
    "review": "호기심 많은 아이의 눈을 통해 본 전쟁. 그래서 더 처참하고 단순하다. 전쟁 영화 특유의 선과 악은 없다. 그 속에서 살아남고자 하는 아이만 존재 할 뿐. 크리스챤 베일의 동선이 영화를 이끈다. 천재적인 눈빛 연기에 감탄하다.",
    "date": "15.06.21",
    "rating": "9",
    "author": "yong****",
    "review_id": "10017464",
    "movie_id": "10636"
  },
  {
    "review": "일본포로수용소에서 직접 겪은 실화 영화, 역사의 야만적인 행위가 한번도 표현 되지 않았다고 해서 미화라고 하기에는... 어디까지나 작가가 어린시절 느낀 시점이라 보여진다.  미화가 아닐 수 없다는건 아니지만 그렇다고 공격적으로 볼정도의 영화도 아닌듯.",
    "date": "15.06.03",
    "rating": "9",
    "author": "dday****",
    "review_id": "9972837",
    "movie_id": "10636"
  },
  {
    "review": "스필버그와 베일, 그야 말로 '천재적인' 영화.",
    "date": "15.05.12",
    "rating": "8",
    "author": "dpdj****",
    "review_id": "9912315",
    "movie_id": "10636"
  },
  {
    "review": "평점이 너무 높다. 조절해줘야겠다",
    "date": "15.04.25",
    "rating": "1",
    "author": "hang****",
    "review_id": "9866561",
    "movie_id": "10636"
  },
  {
    "review": "처음에 이 아이가 크리스천베일임을 알아보고 매우 깜짝놀랐다. 역시 명배우의 이름답게 어릴 때부터 재능을 가지고 계셨구나... 어린아이가 본 시선으로 전쟁이 아닌, 때 묻지 않은 순수함과 호기심을 풀어낸게 멋지다.",
    "date": "15.04.22",
    "rating": "10",
    "author": "wlak****",
    "review_id": "9856738",
    "movie_id": "10636"
  },
  {
    "review": "평점이너무 낮다  최고의 수작",
    "date": "15.04.17",
    "rating": "10",
    "author": "mkci****",
    "review_id": "9849174",
    "movie_id": "10636"
  },
  {
    "review": "민족적인 감정을 떠나 소년의 눈을 통해 본 전쟁을 보아라. 그 어떤 영화보다도 잘 표현해낸 작품이다.",
    "date": "15.02.22",
    "rating": "10",
    "author": "cute****",
    "review_id": "9727090",
    "movie_id": "10636"
  },
  {
    "review": "스토리도 좋지만 크리스챤 베일의 아역때의 모습도  소름끼친다.",
    "date": "15.02.11",
    "rating": "10",
    "author": "rand****",
    "review_id": "9688170",
    "movie_id": "10636"
  },
  {
    "review": "영국 소년이 중국에서 겪은 일본의 침략 전쟁 이야기라 신선했다. 전쟁통에 어떻게든 살아 남아 부모님을 찾고 싶었던 소년..후반에 엄마 얼굴이 기억나지 않는다고 할때 가슴이 너무 아팠다. 이 영화를 본 후, 크리스찬 베일이라는 배우에 관심이 생겼다.",
    "date": "14.11.26",
    "rating": "10",
    "author": "qhrt****",
    "review_id": "9423240",
    "movie_id": "10636"
  },
  {
    "review": "불균형한 세계관을 가진 감독의 불편한 영화.. 궂이 확인할 필요는 없음.",
    "date": "14.11.26",
    "rating": "5",
    "author": "king****",
    "review_id": "9422853",
    "movie_id": "10636"
  },
  {
    "review": "크리스찬 베일의 아역 시절.",
    "date": "14.11.24",
    "rating": "7",
    "author": "tear****",
    "review_id": "9417096",
    "movie_id": "10636"
  },
  {
    "review": "최고의 영화..  무섭고 불쌍하다 크리스찬 베일..",
    "date": "14.10.28",
    "rating": "10",
    "author": "lks_****",
    "review_id": "9323591",
    "movie_id": "10636"
  },
  {
    "review": "가해자를 피해자처럼 보이게 만드는 영화. 스티븐 스필버그가 거장이고 이 영화 또한 작품성을 인정하지만 일본을 미화하는게 보인다. 그런 의도가 아니었어도 그렇게 보인다는 것이 참 아쉽다",
    "date": "14.10.10",
    "rating": "2",
    "author": "goki****",
    "review_id": "9280391",
    "movie_id": "10636"
  },
  {
    "review": "진짜 명작이라고해서 추천받고 봤는데 생각보다 별로였다.",
    "date": "14.09.29",
    "rating": "4",
    "author": "gusw****",
    "review_id": "9249361",
    "movie_id": "10636"
  },
  {
    "review": "작품성만 놓고본다면 10점 .... 그러나",
    "date": "14.09.28",
    "rating": "10",
    "author": "dlck****",
    "review_id": "9246449",
    "movie_id": "10636"
  },
  {
    "review": "크리스찬베일의 팬임에도 소년 크리스찬베일이 너무 연기를 잘하니까 오히려 비호감...영화가 그다지 인상깊진 않다.",
    "date": "14.09.03",
    "rating": "6",
    "author": "whia****",
    "review_id": "9158469",
    "movie_id": "10636"
  },
  {
    "review": "연출부터 배우까지 완벽한 최고의 영화",
    "date": "14.09.02",
    "rating": "10",
    "author": "huku****",
    "review_id": "9155230",
    "movie_id": "10636"
  },
  {
    "review": "그래도 한국인이라서 좀 그런지 씁쓸하긴 하네..",
    "date": "14.08.26",
    "rating": "8",
    "author": "tn99****",
    "review_id": "9135087",
    "movie_id": "10636"
  },
  {
    "review": "어떤 전쟁이던지 겪은사람에 의해 쓰여진다일본이 어쩌구 미국이 어쩌구 를 떠나서 중국에서 태어난 부유한영국인꼬마의 시선으로 최고의 영화",
    "date": "14.08.24",
    "rating": "10",
    "author": "rewa****",
    "review_id": "9129415",
    "movie_id": "10636"
  },
  {
    "review": "전쟁으로 변해가는 한 소년의 이야기",
    "date": "14.08.16",
    "rating": "10",
    "author": "i971****",
    "review_id": "9098553",
    "movie_id": "10636"
  },
  {
    "review": "미국영화에 성조기  나오면 평점깎고 이 걸작 영화는 그냥 일본싫다고 평점깎고 ㅋㅋㅋㅋ미개하다",
    "date": "14.08.13",
    "rating": "10",
    "author": "beat****",
    "review_id": "9075955",
    "movie_id": "10636"
  },
  {
    "review": "일본과 일본군이 어땠는지 제대로 공부한 감독이라면 만들지 않았을 영화",
    "date": "14.08.03",
    "rating": "1",
    "author": "mara****",
    "review_id": "9012479",
    "movie_id": "10636"
  },
  {
    "review": "저 꼬마애가 크리스찬 베일이었다니 재미있게 잘보았다.",
    "date": "14.07.27",
    "rating": "9",
    "author": "drea****",
    "review_id": "8966438",
    "movie_id": "10636"
  },
  {
    "review": "개념없는 부르조아 소년의 전쟁 통과기",
    "date": "14.06.20",
    "rating": "6",
    "author": "ykdi****",
    "review_id": "8843396",
    "movie_id": "10636"
  },
  {
    "review": "대형 음식점에서 조미료 팍팍 들어간 감자탕을 먹은 기분이다.  배우들의 연기나 연출력, 음악 등 어느것 하나 흠잡을데 없지만 보고나서 그저그런.. 그냥 시간떼웠다는 느낌..",
    "date": "14.06.05",
    "rating": "6",
    "author": "sua9****",
    "review_id": "8799896",
    "movie_id": "10636"
  },
  {
    "review": "성장 영화로 보자... !!!",
    "date": "14.05.21",
    "rating": "8",
    "author": "pass****",
    "review_id": "8752362",
    "movie_id": "10636"
  },
  {
    "review": "재밌네요 괜찮아요ㅎㅎ",
    "date": "14.05.05",
    "rating": "6",
    "author": "jswo****",
    "review_id": "8706538",
    "movie_id": "10636"
  },
  {
    "review": "믿고보는 스필버스옹 영화!!!! 그런데 평점 꼬라지가 왜이런가?ㅉㅉㅉ",
    "date": "14.05.01",
    "rating": "10",
    "author": "ske4****",
    "review_id": "8688099",
    "movie_id": "10636"
  },
  {
    "review": "어른들의 전쟁에 최대 피해자는 어린 아이들",
    "date": "14.04.10",
    "rating": "8",
    "author": "mont****",
    "review_id": "8638806",
    "movie_id": "10636"
  },
  {
    "review": "전쟁의 다른 한쪽면을 보여주는 영화. 제이미의 노래가 떠오른다.",
    "date": "14.02.15",
    "rating": "8",
    "author": "emfj****",
    "review_id": "8510570",
    "movie_id": "10636"
  },
  {
    "review": "영화에서 나타나는일본은 다소 보는 이들에게 불편함과 왜곡을 줄 수 있는 영화이나 영화 자체의 완성도는 상당하며, 전쟁 영화의 주제 의식을 잘 살렸다.",
    "date": "14.02.08",
    "rating": "8",
    "author": "keep****",
    "review_id": "8487213",
    "movie_id": "10636"
  },
  {
    "review": "이 영화를 전쟁미화나 일본제국주의 미화로 보는 사람도 있구나... 우리나라 국민성의 후짐은 알아줘야 한다.",
    "date": "14.01.26",
    "rating": "10",
    "author": "moos****",
    "review_id": "8429877",
    "movie_id": "10636"
  },
  {
    "review": "여기 성별 연령별 평점을 보면 참 재미있다. 절대적이라고 할순 없지만, 우선 남자보다 여자가 일본에 대해 관대하다. 혹은 객관적이다. 10대에서 40대로 갈수록 평점이 낮아지는걸 보면 나이가 어릴수록 일본에 관대하다. 혹은 객관적이다.",
    "date": "14.01.04",
    "rating": "8",
    "author": "awak****",
    "review_id": "8348545",
    "movie_id": "10636"
  },
  {
    "review": "내어릴적기억속리틀킹과더불어최고의영화.",
    "date": "13.12.22",
    "rating": "10",
    "author": "dada****",
    "review_id": "8271301",
    "movie_id": "10636"
  },
  {
    "review": "몇 년 만에 다시 본 이 영화,  우리 부부는 눈물만 줄줄 흘렸습니다.크리스찬 베일, 스티븐 스필버그.. 참으로 멋진 사람들입니다.",
    "date": "13.12.16",
    "rating": "10",
    "author": "deep****",
    "review_id": "8218619",
    "movie_id": "10636"
  },
  {
    "review": "크리스찬 베일의 연기가 첫작인데도 불구하고 소름끼칠정도로 잘한다.",
    "date": "13.12.16",
    "rating": "9",
    "author": "dhee****",
    "review_id": "8217835",
    "movie_id": "10636"
  },
  {
    "review": "다 좋은데 네이버 OO아 줄거리를 죄다 써놨네. 영화 안 본 사람들 배려는 안 하냐? 크리스챤 베일... 정말 떡잎부터 다르구나 싶다. 이게 전쟁 미화일까? 어린 아이의 순수함이 전쟁을 더욱 비극적으로 느끼게 해준다. 이보다 더 잔인해지라고?",
    "date": "13.11.18",
    "rating": "10",
    "author": "pluc****",
    "review_id": "8149348",
    "movie_id": "10636"
  },
  {
    "review": "이게 재미있다는 사람들은 뭔가?",
    "date": "13.10.24",
    "rating": "5",
    "author": "xx41****",
    "review_id": "8083803",
    "movie_id": "10636"
  },
  {
    "review": "크리스찬 베일 첫 영화 꼭 봐야 겠다. ㅎ",
    "date": "13.10.20",
    "rating": "10",
    "author": "pc59****",
    "review_id": "8075063",
    "movie_id": "10636"
  },
  {
    "review": "아이의 눈으로 바라보는 전쟁을 잘 표현한 듯.",
    "date": "13.10.12",
    "rating": "9",
    "author": "rapi****",
    "review_id": "8054620",
    "movie_id": "10636"
  },
  {
    "review": "일본에게 당한 뼈아픈 과거가있는 우리로서는, 일본의 잔인했던 역사가 좀 미화된것같아 속상하긴했지만,, 어쨌든 중일전쟁과 직접적연관없는, 비행기를 좋아하고 조종사를 꿈꾸던 제이미에게는 그렇게 비춰졌을지도. 영화는너무재미있다.",
    "date": "13.10.10",
    "rating": "10",
    "author": "ruda****",
    "review_id": "8050786",
    "movie_id": "10636"
  },
  {
    "review": "너무나도 감동적인 영화..",
    "date": "13.10.05",
    "rating": "10",
    "author": "este****",
    "review_id": "8037391",
    "movie_id": "10636"
  },
  {
    "review": "소년의눈으로 본전장 크리스찬베일은 연기의천재인가",
    "date": "13.09.26",
    "rating": "10",
    "author": "supe****",
    "review_id": "8016685",
    "movie_id": "10636"
  },
  {
    "review": "가슴이 먹먹해지는 영화다.",
    "date": "13.09.24",
    "rating": "10",
    "author": "dolf****",
    "review_id": "8013603",
    "movie_id": "10636"
  },
  {
    "review": "일본에 대한 제3자의 현실적인 관점을  영화로 잘 표현함",
    "date": "13.09.16",
    "rating": "9",
    "author": "stj1****",
    "review_id": "7985665",
    "movie_id": "10636"
  },
  {
    "review": "보고나서...음...뭘말하고자하는영화인지는 모르겠음일본을 조금 덜 잔혹하게 표현한점이나...그냥 음 넌 좀 그래",
    "date": "13.09.07",
    "rating": "9",
    "author": "jade****",
    "review_id": "7956405",
    "movie_id": "10636"
  },
  {
    "review": "멋진영화네요",
    "date": "13.09.01",
    "rating": "10",
    "author": "mona****",
    "review_id": "7939887",
    "movie_id": "10636"
  },
  {
    "review": "80년대전쟁영화중 편하고감동있게본영화80년대 최고의수작",
    "date": "13.08.31",
    "rating": "8",
    "author": "cjfc****",
    "review_id": "7937995",
    "movie_id": "10636"
  },
  {
    "review": "크리스찬베일인지 몰랐다. 역시. 중학교때 이 영화 보고 엄청 감동먹었던...전쟁미화 따위는 없다. 그냥 애가 전쟁속에서 살아남은 이야기다.",
    "date": "13.08.31",
    "rating": "9",
    "author": "osca****",
    "review_id": "7937827",
    "movie_id": "10636"
  },
  {
    "review": "대일본제국 만세",
    "date": "13.08.30",
    "rating": "10",
    "author": "skul****",
    "review_id": "7934059",
    "movie_id": "10636"
  },
  {
    "review": "이오지마에서 온 편지와 더불어 일본군에 대한 논란이 있지만 이것은 순수하게 소년의 시점에서 본 전쟁의 모습이므로 너무 미화에 중점을 두는 것은 잘못된 관점 . 그리고 스필버그 감독은 미국 우월주의나 전쟁미화 같은 사상으로 영화를 만드는 분이 아닙니다",
    "date": "13.08.28",
    "rating": "10",
    "author": "leah****",
    "review_id": "7930156",
    "movie_id": "10636"
  },
  {
    "review": "전쟁은 원래 다각도로 보는거다 꼭 그렇게 애국심 으로 패션하는 놈들이 정작 정부는 개무시하지",
    "date": "13.08.23",
    "rating": "8",
    "author": "masa****",
    "review_id": "7913287",
    "movie_id": "10636"
  },
  {
    "review": "아이입장에서 봐야할 영화..",
    "date": "13.08.17",
    "rating": "8",
    "author": "wjdt****",
    "review_id": "7895002",
    "movie_id": "10636"
  },
  {
    "review": "망작이다ㅡ~ㅡ",
    "date": "13.08.16",
    "rating": "1",
    "author": "kes3****",
    "review_id": "7888627",
    "movie_id": "10636"
  },
  {
    "review": "1점도 아깝다.",
    "date": "13.08.09",
    "rating": "1",
    "author": "newt****",
    "review_id": "7863312",
    "movie_id": "10636"
  },
  {
    "review": "솔직히 한국인의 피가 흐르는 나 자신의 입장에서 일본의 침략전쟁 당시의 내용중 지극히 희박한양의 내용이라도 미화하였다면 평점은 영원히 0점이다. 하지만 영화 완성도만을 본다면 볼만하다. 난 한국인이다. 0점과 7점 둘의 차이점은 크다.",
    "date": "13.08.01",
    "rating": "7",
    "author": "road****",
    "review_id": "7814185",
    "movie_id": "10636"
  },
  {
    "review": "아무것도 모르는 소년의 입장에서 표현했다고는 하나, 보면서 불편했던 마음을 떨쳐버릴 수 없었네요. 그 불편함 마음 떨쳐 버릴만큼 영화도 재미있지 않았고 ~",
    "date": "13.08.01",
    "rating": "5",
    "author": "aya1****",
    "review_id": "7811935",
    "movie_id": "10636"
  },
  {
    "review": "옛날에 역사관계모르던 시절에 봤을땐 아직까지도 기억에 남고 내 생애 최고의 영화라해도 과언이 아닐듯 했었는데, 알거 다 아는 지금 접하려 했지만 포기. 옛날의 추억으로 남겨두자",
    "date": "13.07.29",
    "rating": "3",
    "author": "twof****",
    "review_id": "7797779",
    "movie_id": "10636"
  },
  {
    "review": "멍청한 꼬맹이",
    "date": "13.07.29",
    "rating": "8",
    "author": "thri****",
    "review_id": "7797569",
    "movie_id": "10636"
  },
  {
    "review": "진짜 재미없었다",
    "date": "13.07.25",
    "rating": "1",
    "author": "kiho****",
    "review_id": "7783602",
    "movie_id": "10636"
  },
  {
    "review": "내용은 열받는 부분이 다소 있었지만 그저 크리스찬 베일 연기력에 점수줌",
    "date": "13.07.17",
    "rating": "6",
    "author": "aoki****",
    "review_id": "7752029",
    "movie_id": "10636"
  },
  {
    "review": "작품성은 인정하지만. 이것을 보고 일본군 미화한 영화로 안본다면 친일파일 가능성이 높다. 난 이 영화를 보고 잔인하고 악랄하게 죽이고 강간했던 것을 다큐맨터리 또는 사진으로 봤기 때문에 일본 군의 인간적인 모습이 굉장히 기분이 나쁘다.ㅡㅡ^",
    "date": "13.06.13",
    "rating": "1",
    "author": "jini****",
    "review_id": "7635701",
    "movie_id": "10636"
  },
  {
    "review": "보다가 껐음 최악",
    "date": "13.06.10",
    "rating": "1",
    "author": "msoa****",
    "review_id": "7624466",
    "movie_id": "10636"
  },
  {
    "review": "떡잎부터 다른 크리스찬 베일의 연기",
    "date": "13.05.25",
    "rating": "8",
    "author": "bele****",
    "review_id": "7553497",
    "movie_id": "10636"
  },
  {
    "review": "전쟁미화???",
    "date": "13.05.22",
    "rating": "8",
    "author": "skwp****",
    "review_id": "7546843",
    "movie_id": "10636"
  },
  {
    "review": "이 영화를 전쟁미화로 보지 않았다면 역사의식이 없거나 또 다시 한국이 위험에 처했을 때 매국노가 될 가능성이 크다.  등장인물들을 독일과 유태인으로 바꾸어서 영화를 만들었다면 스필버그는 분명 개거품을 물었을 거다.",
    "date": "13.05.05",
    "rating": "1",
    "author": "thom****",
    "review_id": "7509274",
    "movie_id": "10636"
  },
  {
    "review": "이 영화를 전쟁이나 일본군을 미화한 영화로 본다면 그건 영화를 잘못감상한 거다.",
    "date": "13.04.29",
    "rating": "10",
    "author": "wpfh****",
    "review_id": "7492393",
    "movie_id": "10636"
  },
  {
    "review": "다시 돌아봐야될 영화 중 하나이다.",
    "date": "13.03.28",
    "rating": "9",
    "author": "haur****",
    "review_id": "7417679",
    "movie_id": "10636"
  },
  {
    "review": "마음이 짠한영화",
    "date": "13.03.26",
    "rating": "10",
    "author": "buzz****",
    "review_id": "7413317",
    "movie_id": "10636"
  },
  {
    "review": "전쟁의 이면",
    "date": "13.03.25",
    "rating": "10",
    "author": "floe****",
    "review_id": "7410579",
    "movie_id": "10636"
  },
  {
    "review": "지금도 유럽인 미국인들은 전범기가 뭔지도 모르고 휘둘고 있다. 그 만큼 역사인식이 없다는 거다. 이 영화를 보고 과연 서양인들은 어떤 생각을 했을까?  영화 마지막 부분에서는 일본을  동정까지 했을거라 생각하니 더 치가 떨린다.",
    "date": "13.03.23",
    "rating": "1",
    "author": "ya_9****",
    "review_id": "7403063",
    "movie_id": "10636"
  },
  {
    "review": "아이의 입장에서 바라본 것은 이해해야 겠지만 전쟁이 미화된 느낌이 없지않아 있다",
    "date": "13.03.09",
    "rating": "7",
    "author": "sjh6****",
    "review_id": "7333750",
    "movie_id": "10636"
  },
  {
    "review": "동심을 통해 본 전쟁이라도 비난받아야하지만 동화처럼 미화된 점은 영 찜찜하다. 전쟁의 참혹함이나 교훈보다는 어린아이의 성장드라마에 가까운 영화",
    "date": "13.03.02",
    "rating": "6",
    "author": "byul****",
    "review_id": "7319667",
    "movie_id": "10636"
  },
  {
    "review": "가히 스틸버그 5대 명작중 하나이다...  전투기를 사랑하는 순수한  꼬마의 모습이  감동적이다...",
    "date": "13.02.24",
    "rating": "10",
    "author": "yang****",
    "review_id": "7298373",
    "movie_id": "10636"
  },
  {
    "review": "OOO 영화네 ㅋㅋㅋㅋㅋ 주인공을 중국이나 한국인으로 바꾸고 일본군을 독일군으로 바꿨으면 유태인인 스필버그는 아마 뒷목잡고 누웠을거다 ㅋㅋㅋㅋㅋㅋㅋㅋ 지들 당한건 억울해서 쉰들러 리스트처럼 표현하고 다른 민족이 당한건 알바 아니라는건가???",
    "date": "13.02.20",
    "rating": "1",
    "author": "tong****",
    "review_id": "7282967",
    "movie_id": "10636"
  },
  {
    "review": "중간 중간 나오는 일본에 관한 이야기가 인상을 찌푸렸지만 좋은 영화임에는 틀림없다",
    "date": "13.02.12",
    "rating": "8",
    "author": "ehsq****",
    "review_id": "7255510",
    "movie_id": "10636"
  },
  {
    "review": "..................",
    "date": "13.02.11",
    "rating": "10",
    "author": "lees****",
    "review_id": "7250459",
    "movie_id": "10636"
  },
  {
    "review": "난 그냥 영화보는 내내 뭐지 싸가지없고 또라이 새낀?이생각 밖에 안났음",
    "date": "13.02.08",
    "rating": "5",
    "author": "ojae****",
    "review_id": "7237038",
    "movie_id": "10636"
  },
  {
    "review": "크리스찬베일의 광기는 어릴때부터 이미.. +__+",
    "date": "13.02.04",
    "rating": "10",
    "author": "skwo****",
    "review_id": "7225208",
    "movie_id": "10636"
  },
  {
    "review": "그저 크리스찬 베일의 아역시절의 연기력만 보고 소름이 돋았다.",
    "date": "13.01.27",
    "rating": "10",
    "author": "oo7b****",
    "review_id": "7184222",
    "movie_id": "10636"
  },
  {
    "review": "편가름이 아니다. 전쟁이 우리에게 무슨의미인가라는 물음을 던지는 영화이다.인간은 구별지어져도 같은존재이다. 소년에 눈엔 전쟁이란 그저 동경하는 전투기가 날아다니는 쇼일지 모른다.전쟁은 과연 인류가 선택한 가장 이성적인 타협을 위해 불가피한 수단인가",
    "date": "13.01.23",
    "rating": "9",
    "author": "dy65****",
    "review_id": "7157058",
    "movie_id": "10636"
  },
  {
    "review": "솔직히 잘만든길 잘만들었으나 이야기가 가끔은 너무 두서가 없고 산만하다. 큰 플롯안에 들어있는 작은 플롯들이 조금 거슬렸다.",
    "date": "13.01.21",
    "rating": "6",
    "author": "2thb****",
    "review_id": "7141481",
    "movie_id": "10636"
  },
  {
    "review": "d",
    "date": "13.01.07",
    "rating": "10",
    "author": "mins****",
    "review_id": "7089330",
    "movie_id": "10636"
  },
  {
    "review": "2차 세계대전을 검색하다가 갑자기 생각난 영화.....어릴때 봤지만 또 다시 보고 싶은 영화....케이블 영화체널에서 한번 상영해주었음 좋겄다...",
    "date": "13.01.02",
    "rating": "10",
    "author": "vipe****",
    "review_id": "7074555",
    "movie_id": "10636"
  },
  {
    "review": "어렸을 땐 꼬맹이(아역)가 크리스찬 베일인 줄 모르고 보았지....",
    "date": "12.12.07",
    "rating": "10",
    "author": "kwae****",
    "review_id": "6981884",
    "movie_id": "10636"
  },
  {
    "review": "스티븐 스필버그 답다.",
    "date": "12.12.07",
    "rating": "10",
    "author": "rlaw****",
    "review_id": "6981881",
    "movie_id": "10636"
  },
  {
    "review": "재밋게 본 영화들중 몇개 안되는 영화이네요 ㅎ 꽤 재밌게봣습니다.",
    "date": "12.12.07",
    "rating": "10",
    "author": "azaz****",
    "review_id": "6981855",
    "movie_id": "10636"
  },
  {
    "review": "이거 아빠가 나 어릴대 집에서 본영화 진짜 난이게 1987년도 영화 라는게 믿겨지지않아 이렇게 좋은데 진짜 이영화 다시보삼 난이 영화 최고임게다가 크리스찬베일의 아역시절 영화 진짜 최고다 그냥 아련하고 후우우한 기분~~ 순수할 나이에 보면 좋은영화",
    "date": "12.11.29",
    "rating": "10",
    "author": "aaaw****",
    "review_id": "6938925",
    "movie_id": "10636"
  },
  {
    "review": "흠",
    "date": "12.11.27",
    "rating": "8",
    "author": "shae****",
    "review_id": "6931881",
    "movie_id": "10636"
  },
  {
    "review": "어느 꼬꼬마 비행기 양덕후의 중일전쟁 관전기",
    "date": "12.11.26",
    "rating": "1",
    "author": "nams****",
    "review_id": "6927490",
    "movie_id": "10636"
  },
  {
    "review": "best of best",
    "date": "12.10.28",
    "rating": "10",
    "author": "cthm****",
    "review_id": "6832740",
    "movie_id": "10636"
  },
  {
    "review": "뭐야...뭔말인지 알겠는데 그 메세지가 전혀 와닿지않고 주인공은 어수선하고 과장되고... 크리스찬연기야 최고지만 그게 다가 아님ㅡㅡ평점 낚였네",
    "date": "12.10.17",
    "rating": "3",
    "author": "lion****",
    "review_id": "6808789",
    "movie_id": "10636"
  },
  {
    "review": "사이코패스 소년의 전쟁일기",
    "date": "12.10.03",
    "rating": "1",
    "author": "sean****",
    "review_id": "6757602",
    "movie_id": "10636"
  },
  {
    "review": "너무 기대를 했나......................",
    "date": "12.09.24",
    "rating": "8",
    "author": "obth****",
    "review_id": "6728909",
    "movie_id": "10636"
  },
  {
    "review": "홈 얼론 인 상하이, 4000대 1 크리스찬 베일",
    "date": "12.09.23",
    "rating": "5",
    "author": "expr****",
    "review_id": "6727682",
    "movie_id": "10636"
  },
  {
    "review": "이건 진짜 만점자리 영화다 별10개 이상주고 싶다..",
    "date": "12.09.23",
    "rating": "10",
    "author": "heyb****",
    "review_id": "6724821",
    "movie_id": "10636"
  }
]