[
  {
    "review": "훗날 내 자식이나 조카들에게 꼭 보여주고 싶은 영화입니다. 근데 내 자식에겐 못 보여줄듯 ...ㅠ",
    "date": "15.08.01",
    "rating": "10",
    "author": "nako****",
    "review_id": "10168396",
    "movie_id": "10630"
  },
  {
    "review": "참전군인에서 반전운동가가 되기까지의 뻔한 줄거리",
    "date": "15.04.27",
    "rating": "5",
    "author": "rd72****",
    "review_id": "9874643",
    "movie_id": "10630"
  },
  {
    "review": "육체만큼 황폐해진 정신적 고통을 톰크루즈가  잘연기 했다",
    "date": "15.04.19",
    "rating": "9",
    "author": "ydh2****",
    "review_id": "9851990",
    "movie_id": "10630"
  },
  {
    "review": "전쟁 후의 시점에서 바라보는 전쟁의 비극",
    "date": "15.02.22",
    "rating": "7",
    "author": "rcan****",
    "review_id": "9726152",
    "movie_id": "10630"
  },
  {
    "review": "그냥 그냥 명작....",
    "date": "14.12.31",
    "rating": "10",
    "author": "bigt****",
    "review_id": "9539575",
    "movie_id": "10630"
  },
  {
    "review": "미국의 6.70년대 상황을 잘 그려냈고, 톰크루즈의 폐인 연기가 참 인상깊었네요..평생 전쟁 후유증을 겪으며 살아갈 것 같았는데..예상치 못한 결말..마음에 듭니다..",
    "date": "14.12.13",
    "rating": "9",
    "author": "qhrt****",
    "review_id": "9470014",
    "movie_id": "10630"
  },
  {
    "review": "미국의 60년대 상황을 이 영화만큼 적나라하게 잘 드러낸 영화는 없을 듯. 톰크루즈의 열연도 돋보였고 정치적 성향이 강한 영화이긴 하지만, 명작임에는 분명함..",
    "date": "14.11.30",
    "rating": "9",
    "author": "khj8****",
    "review_id": "9435440",
    "movie_id": "10630"
  },
  {
    "review": "베트남전은 잘못된 전쟁이지만 무조건 반전은 아니지..",
    "date": "14.11.24",
    "rating": "7",
    "author": "tn99****",
    "review_id": "9418916",
    "movie_id": "10630"
  },
  {
    "review": "영화에 완전히 몰입되지 못하고 아카데미남우주연상을 향한 한 남자의 처절한 사투를 보는 것 같다",
    "date": "14.11.22",
    "rating": "6",
    "author": "whia****",
    "review_id": "9409938",
    "movie_id": "10630"
  },
  {
    "review": "굳굳진심너무나도굳이다이건",
    "date": "14.09.30",
    "rating": "10",
    "author": "haey****",
    "review_id": "9250376",
    "movie_id": "10630"
  },
  {
    "review": "베트남 상이군인을 통한 최고의 전쟁영화.민주당측관점에서 올리버감독이 연출을 해서 공화당입장에선 불편하겠지만 사실감있는 영상은25년이 지난 오늘에도 반전영화로서 최고라고 하겠다. 국가와 정권은 별개고 깨어있고 국민만이 올바르고 정의로운 사회를 만든다",
    "date": "14.09.01",
    "rating": "10",
    "author": "phil****",
    "review_id": "9152367",
    "movie_id": "10630"
  },
  {
    "review": "진짜 영화를 보려면 이런 영화를 봐야죠ㅠㅠ 요즘엔 이런 영화 안나오나요? 진짜 우연히 보게됬는데 최고였어요",
    "date": "14.07.18",
    "rating": "10",
    "author": "ganz****",
    "review_id": "8928782",
    "movie_id": "10630"
  },
  {
    "review": "군대를 갔다온사람으로서 더욱 와닿고 진짜 이런 배테랑들이 국가를 비난해야한다 집에서 아무것도모르는 사람이 키보드로 국가를 욕하는것보다는",
    "date": "14.07.08",
    "rating": "10",
    "author": "we50****",
    "review_id": "8895183",
    "movie_id": "10630"
  },
  {
    "review": "난 이 영화를 25년전 극장에서 봤다...",
    "date": "14.07.06",
    "rating": "10",
    "author": "cleo****",
    "review_id": "8889104",
    "movie_id": "10630"
  },
  {
    "review": "톰크루즈의 영화중에 마이너리티리포트와 이 영화를 최고로 여긴다 전쟁으로 인해 망가져버린 개인, 그리고 그것을 극복해내는 드라마가 감동적이었다",
    "date": "14.07.06",
    "rating": "10",
    "author": "df00****",
    "review_id": "8888555",
    "movie_id": "10630"
  },
  {
    "review": "140자 안으로 표현하기 힘드네요. 그냥 보세요. 제발 많운 분둘이 보시고 다양헌 관점에서 사건을 바라볼수있는 마음가짐이 생기길 바랍니다. 정말 연출부터 스토리와 교훈까지 훌륭한영화였어요ㅠㅠ 이비에스감사",
    "date": "14.07.06",
    "rating": "10",
    "author": "baek****",
    "review_id": "8888497",
    "movie_id": "10630"
  },
  {
    "review": "전쟁영화중에서 가장 압권이었다.",
    "date": "14.07.06",
    "rating": "10",
    "author": "rema****",
    "review_id": "8888466",
    "movie_id": "10630"
  },
  {
    "review": "내가 미국인이 아니라 직접적 감흥은 없으나 베트남전에 대한 미국의 뿌리깊은 아픔을 냉정하게 보여주는 영화같다. 난 오히려 전후, 분단상황의 우리나라가 떠올랐다. 꾸준히 반전 외치는 올리버스턴 멋있고 탐크루즈 일생에 최고 연기중 하나가 아닐까 싶음.",
    "date": "14.07.06",
    "rating": "8",
    "author": "clau****",
    "review_id": "8888292",
    "movie_id": "10630"
  },
  {
    "review": "전우 부모님께 찾아가서 자기가 죽였다고 고백할 때 울지 않을 수가 없었다",
    "date": "14.07.06",
    "rating": "10",
    "author": "cona****",
    "review_id": "8888262",
    "movie_id": "10630"
  },
  {
    "review": "베트남전의 진실! 이런일들이 있었구나 용기있는 영화,톰크르즈 연기잘하는건 알았지만 최고네요.완전짱!!",
    "date": "14.07.06",
    "rating": "10",
    "author": "leew****",
    "review_id": "8888256",
    "movie_id": "10630"
  },
  {
    "review": "현재 베트남인들은 무슨 생각을할까? 국가에대한 영광에 집착한 광기가 사람들을 어떤 지경으로 몰아갈수있는지 경고하는듯한 영화",
    "date": "14.07.06",
    "rating": "10",
    "author": "jhun****",
    "review_id": "8888229",
    "movie_id": "10630"
  },
  {
    "review": "탐 크루즈를 다시 평가하게 된 영화 전쟁이 없어지길 바란다 누구에게도 좋은 것이 없다 특히 참전자에게",
    "date": "14.07.06",
    "rating": "10",
    "author": "ahha****",
    "review_id": "8888143",
    "movie_id": "10630"
  },
  {
    "review": "이 영화 아직 못본분들 개불쌍.",
    "date": "14.07.06",
    "rating": "10",
    "author": "heal****",
    "review_id": "8888021",
    "movie_id": "10630"
  },
  {
    "review": "발성이 완성되지 않은 톰크루즈 연기와. 그의 젊음. 그리고 군인을 좀 더 알 수 있었다.",
    "date": "14.07.06",
    "rating": "9",
    "author": "wide****",
    "review_id": "8887935",
    "movie_id": "10630"
  },
  {
    "review": "나 7월 4일생인데 뭔가 씁쓸하네ㅋ",
    "date": "14.07.06",
    "rating": "10",
    "author": "hjty****",
    "review_id": "8887919",
    "movie_id": "10630"
  },
  {
    "review": "밑 댓글 우연히 보고 말하러옴 딱 생일도 아니고 하루차이인데 당연히 우연이죠",
    "date": "14.07.05",
    "rating": "10",
    "author": "gjf8****",
    "review_id": "8887729",
    "movie_id": "10630"
  },
  {
    "review": "솔직히 톰크루즈 영화 중에서 최고작으로 본다.",
    "date": "14.06.11",
    "rating": "10",
    "author": "fghy****",
    "review_id": "8820948",
    "movie_id": "10630"
  },
  {
    "review": "근데 톰크루즈 생일 7월3일.... 우연일까?",
    "date": "14.06.11",
    "rating": "10",
    "author": "mimi****",
    "review_id": "8820009",
    "movie_id": "10630"
  },
  {
    "review": "진짜 전쟁은 누구를 위해 하는 것인지 그 폐해에 대해 잘 보여 준 영화. 하지만 좀 무미건조한 느낌.",
    "date": "14.05.10",
    "rating": "7",
    "author": "jjaj****",
    "review_id": "8719476",
    "movie_id": "10630"
  },
  {
    "review": "톰 크루즈 최고의 연기 그리고 명작...",
    "date": "14.04.25",
    "rating": "10",
    "author": "gch0****",
    "review_id": "8670805",
    "movie_id": "10630"
  },
  {
    "review": "뱀파이어와의 인터뷰에 이은 탐크루즈 최고의 영화",
    "date": "14.04.06",
    "rating": "9",
    "author": "pssh****",
    "review_id": "8631378",
    "movie_id": "10630"
  },
  {
    "review": "당시 미국 참전병이 겪어야 했던 가장 일반적인 PSTD와 그 가족, 그리고 당사자 이야기.",
    "date": "14.03.09",
    "rating": "10",
    "author": "pant****",
    "review_id": "8565846",
    "movie_id": "10630"
  },
  {
    "review": "주제는 좋은데 중반부터 지루하다",
    "date": "14.02.06",
    "rating": "1",
    "author": "mara****",
    "review_id": "8480268",
    "movie_id": "10630"
  },
  {
    "review": "실감나는 카메라촬영등이 마치 그곳에 있는 듯한 느낌을 준다.",
    "date": "14.02.03",
    "rating": "8",
    "author": "seoc****",
    "review_id": "8470856",
    "movie_id": "10630"
  },
  {
    "review": "베트남전쟁 뿐만 아니라 그당시 미국의 정치적 상황까지 보면 론 코빅이라는 인물이 얼마나 험난하게 살았는지 알 수 있다",
    "date": "14.01.09",
    "rating": "10",
    "author": "seun****",
    "review_id": "8363205",
    "movie_id": "10630"
  },
  {
    "review": "툭하면 빨갱이 라는 게 어디서 많이 보던 모습",
    "date": "13.11.30",
    "rating": "10",
    "author": "mool****",
    "review_id": "8180161",
    "movie_id": "10630"
  },
  {
    "review": "총명했던 젊음의 망가짐과 재기....",
    "date": "13.11.09",
    "rating": "9",
    "author": "pass****",
    "review_id": "8125774",
    "movie_id": "10630"
  },
  {
    "review": "일베 시각에선 좌빨 분탕 종자라고 할 듯. 니가 전쟁을 아느냐?",
    "date": "13.10.13",
    "rating": "10",
    "author": "xeno****",
    "review_id": "8056804",
    "movie_id": "10630"
  },
  {
    "review": "징집일수록 군인에 대한 경외심을 가져야 한다.특별함이 없다면 그들도 움직이기 힘들기 때문이다.",
    "date": "13.09.17",
    "rating": "8",
    "author": "masa****",
    "review_id": "7987855",
    "movie_id": "10630"
  },
  {
    "review": "영화가 길긴한데 마지막 장면은 진짜 닭살 돋는다.명불허전 톰크루즈 연기력",
    "date": "13.09.10",
    "rating": "10",
    "author": "als9****",
    "review_id": "7963597",
    "movie_id": "10630"
  },
  {
    "review": "명작이다. 톰크루즈의 명연기가 더욱 몰입감을 더 해준다.",
    "date": "13.07.23",
    "rating": "10",
    "author": "virt****",
    "review_id": "7777647",
    "movie_id": "10630"
  },
  {
    "review": "소름끼친다",
    "date": "13.07.19",
    "rating": "10",
    "author": "ske4****",
    "review_id": "7761895",
    "movie_id": "10630"
  },
  {
    "review": "전쟁의 아픔을 노래한 명작이죠..",
    "date": "13.07.15",
    "rating": "8",
    "author": "adiv****",
    "review_id": "7747084",
    "movie_id": "10630"
  },
  {
    "review": "명작!",
    "date": "13.05.09",
    "rating": "10",
    "author": "lsh5****",
    "review_id": "7517702",
    "movie_id": "10630"
  },
  {
    "review": "전쟁의 참혹한 모습을 개인적 관점에서 제대로 표현한 훌륭한 영화라고 생각한다.자신의 신념을 위해 베트남전을 참전하였지만, 후에 신념을 꺾고 신념에 반하는 진실을 밝히기 위해 또다시 싸우는 로니의 모습에 뭉클해지는 영화다.",
    "date": "13.04.16",
    "rating": "10",
    "author": "answ****",
    "review_id": "7463789",
    "movie_id": "10630"
  },
  {
    "review": "제목 7월4일생이 뭘까 고민했는데, 영화를 보면서 의문이 풀렸다.전쟁을 개인의 관점에서 생각해주기를 바란 감독의 속뜻이 아니었을까?",
    "date": "13.04.12",
    "rating": "10",
    "author": "dayd****",
    "review_id": "7452452",
    "movie_id": "10630"
  },
  {
    "review": "진짜 감동적 ㅠ",
    "date": "13.03.17",
    "rating": "10",
    "author": "xode****",
    "review_id": "7357495",
    "movie_id": "10630"
  },
  {
    "review": "최고의 반전 영화.",
    "date": "12.12.08",
    "rating": "10",
    "author": "rote****",
    "review_id": "6983972",
    "movie_id": "10630"
  },
  {
    "review": "세월은 지났지만, 진가는 여전히 발휘하는 영화다.. 공감이가고 마음도 아프고 반면에 안도감도 느껴진다..",
    "date": "12.11.24",
    "rating": "10",
    "author": "aper****",
    "review_id": "6919596",
    "movie_id": "10630"
  },
  {
    "review": "와...... 이정도 영화였나..국가, 애국, 희생, 반공주의, 전쟁... 던지는 메시지가 정말 강렬하고 현재 한국에도 너무 필요한 메시지가 아닐까. 애국을 운운하며 전쟁을 쉽게 말하는 사람이 꼭 봐야할 영화.스토리도 연기도 최고..",
    "date": "12.09.04",
    "rating": "10",
    "author": "seyu****",
    "review_id": "6668883",
    "movie_id": "10630"
  },
  {
    "review": "대단하다는 말밖에..너무 잘만들었다",
    "date": "12.07.22",
    "rating": "10",
    "author": "chp1****",
    "review_id": "6513656",
    "movie_id": "10630"
  },
  {
    "review": "중반이후 살짝 지루했지만 전체적으로 괜찮네...",
    "date": "12.04.16",
    "rating": "8",
    "author": "dbzh****",
    "review_id": "6227260",
    "movie_id": "10630"
  },
  {
    "review": "베트남전쟁의 참혹함을 잘 보여준다. 기대에는 솔직히 좀 못미친다..",
    "date": "12.02.21",
    "rating": "8",
    "author": "skaw****",
    "review_id": "6092208",
    "movie_id": "10630"
  },
  {
    "review": "good",
    "date": "12.02.17",
    "rating": "10",
    "author": "fiz0****",
    "review_id": "6081313",
    "movie_id": "10630"
  },
  {
    "review": "톰크루즈 어렸는데 연기 참 잘했음.. 비참하면서도 멋진 영화",
    "date": "12.01.24",
    "rating": "10",
    "author": "wlfh****",
    "review_id": "6014180",
    "movie_id": "10630"
  },
  {
    "review": "구정물 속에서 핀 꽃처럼 희망이 보이지 않는 삶 속에서 스스로 일어선 자의 아름다움",
    "date": "11.12.14",
    "rating": "10",
    "author": "sara****",
    "review_id": "5904493",
    "movie_id": "10630"
  },
  {
    "review": "인간의 극도의 절망감을 표현한 영화.극한으로 내몰리고 고립된 감정연기가 인상깊음",
    "date": "11.12.11",
    "rating": "10",
    "author": "tmdt****",
    "review_id": "5900031",
    "movie_id": "10630"
  },
  {
    "review": "무엇을 위한 전쟁인지도 모르고 희생된 젊은이들의 끝나지 않은 전쟁..",
    "date": "11.12.11",
    "rating": "10",
    "author": "bonn****",
    "review_id": "5899756",
    "movie_id": "10630"
  },
  {
    "review": "명예로운 군인의 뒤에, 참혹하고 현실적인 고통을 훌륭한 연기로 보여줬다",
    "date": "11.12.11",
    "rating": "10",
    "author": "kimg****",
    "review_id": "5899479",
    "movie_id": "10630"
  },
  {
    "review": "사람의행복을 빼앗아간다.전쟁에대한 가장 훌륭하고도 올바른관점이 들어간명작.",
    "date": "11.12.11",
    "rating": "10",
    "author": "blak****",
    "review_id": "5899396",
    "movie_id": "10630"
  },
  {
    "review": "다른 베트남 반전 영화보다 재미는 덜하지만 무게감은 분명 있다.",
    "date": "11.12.11",
    "rating": "7",
    "author": "hadl****",
    "review_id": "5899350",
    "movie_id": "10630"
  },
  {
    "review": "다 좋았는데 영화 끝나고 나니 들은게 fuck밖에없는 느낌이다.....",
    "date": "11.12.11",
    "rating": "8",
    "author": "dqgw****",
    "review_id": "5899330",
    "movie_id": "10630"
  },
  {
    "review": "20 년전 톰크루즈 .. 같은 남자가 봐도 우월하다 ..     영화가 드라마 같다는 단점은 아쉽다 ㅜ",
    "date": "11.12.11",
    "rating": "6",
    "author": "koc1****",
    "review_id": "5899173",
    "movie_id": "10630"
  },
  {
    "review": "정신적치유의 과정에 관한 최고의 영화라고 생각한다",
    "date": "11.11.21",
    "rating": "10",
    "author": "asun****",
    "review_id": "5862752",
    "movie_id": "10630"
  },
  {
    "review": "야심찬 기획. 성과는 야심에 못 미치다.",
    "date": "11.11.07",
    "rating": "7",
    "author": "pria****",
    "review_id": "5834120",
    "movie_id": "10630"
  },
  {
    "review": "전쟁영화는 멋있어 보이지만 이 영화는 무엇을 멋있게 여겨야 하지를 알려준다.",
    "date": "11.09.29",
    "rating": "10",
    "author": "tlsg****",
    "review_id": "5759671",
    "movie_id": "10630"
  },
  {
    "review": "톰 크루즈의 최고의 연기 .. !!",
    "date": "11.09.05",
    "rating": "9",
    "author": "leet****",
    "review_id": "5709711",
    "movie_id": "10630"
  },
  {
    "review": "6~70년대 미국에 대한 강렬한 정치적 발언이다. 이건 영화라기 보단 운동이다.",
    "date": "11.08.04",
    "rating": "8",
    "author": "pit8****",
    "review_id": "5600025",
    "movie_id": "10630"
  },
  {
    "review": "몰입안되 씝..",
    "date": "11.08.01",
    "rating": "1",
    "author": "bumj****",
    "review_id": "5587914",
    "movie_id": "10630"
  },
  {
    "review": "올리버 스톤 영화는 보고 나서 좋았다 하기에 애매한 뭔가가 있다.",
    "date": "11.07.18",
    "rating": "5",
    "author": "claz****",
    "review_id": "5553944",
    "movie_id": "10630"
  },
  {
    "review": "플래툰, 라이언일병 구하기 만큼은 아니지만 수작.",
    "date": "11.07.04",
    "rating": "10",
    "author": "nkot****",
    "review_id": "5521305",
    "movie_id": "10630"
  },
  {
    "review": "더 많은 사람들이 이 영화를 보길 희망함",
    "date": "11.06.30",
    "rating": "10",
    "author": "yunj****",
    "review_id": "5508529",
    "movie_id": "10630"
  },
  {
    "review": "전쟁은 현실임을 일깨워준다. 비참함과 고통이 수반된...",
    "date": "11.06.20",
    "rating": "7",
    "author": "sco_****",
    "review_id": "5490510",
    "movie_id": "10630"
  },
  {
    "review": "캬.대단하다.재미가아니라.심오함이느껴진다.베트남전쟁에대한...역시올리버스톤감독",
    "date": "11.06.20",
    "rating": "10",
    "author": "zang****",
    "review_id": "5490346",
    "movie_id": "10630"
  },
  {
    "review": "부럽다. 어떻게 이런 영화를. 존경한다. 영화사100년,반전의 걸작,불후의 명작..",
    "date": "11.04.06",
    "rating": "10",
    "author": "nchu****",
    "review_id": "5357173",
    "movie_id": "10630"
  },
  {
    "review": "상처와 영광이 전율이되어 돌아온다",
    "date": "11.03.18",
    "rating": "10",
    "author": "nwhg****",
    "review_id": "5320647",
    "movie_id": "10630"
  },
  {
    "review": "전쟁의 이면을 보여준 영화.....한번 생각해 보게 된다..",
    "date": "11.03.17",
    "rating": "8",
    "author": "naiv****",
    "review_id": "5319164",
    "movie_id": "10630"
  },
  {
    "review": "결국 그건 그 어떤 누구를 위한 전쟁이 아니었다. 그들끼리의 의미없는 전쟁이었다.",
    "date": "11.02.24",
    "rating": "8",
    "author": "deka****",
    "review_id": "5271125",
    "movie_id": "10630"
  },
  {
    "review": "톰의 연기 + 올리버의 연출력+ 반전 메시지. 저울질 불가",
    "date": "11.02.22",
    "rating": "9",
    "author": "izzo****",
    "review_id": "5267841",
    "movie_id": "10630"
  },
  {
    "review": "300명이 안되서 랭크에 없네요",
    "date": "11.02.21",
    "rating": "10",
    "author": "anti****",
    "review_id": "5264996",
    "movie_id": "10630"
  },
  {
    "review": "반 베트남전쟁 영화 중 최고. 물론 톰 크루즈의 최고의 열연과 함께",
    "date": "11.02.12",
    "rating": "10",
    "author": "some****",
    "review_id": "5239228",
    "movie_id": "10630"
  },
  {
    "review": "톰 크루즈의 연기가 볼만하고 반전의 의미를 생각하게 하는 영화.",
    "date": "11.02.03",
    "rating": "8",
    "author": "newf****",
    "review_id": "5208917",
    "movie_id": "10630"
  },
  {
    "review": "베트남전 영상은 좋았지만 이후 지루한 전개, 톰크루즈의 연기는 좋았다.",
    "date": "11.01.31",
    "rating": "7",
    "author": "son1****",
    "review_id": "5199166",
    "movie_id": "10630"
  },
  {
    "review": "무의미한 전쟁은 한 개인을 파탄내며 한 국가를 분열시킨다.",
    "date": "11.01.09",
    "rating": "10",
    "author": "bjw4****",
    "review_id": "5142251",
    "movie_id": "10630"
  },
  {
    "review": "원작실화를 멋지게 연기한 톰에게 박수를.. 역시 남우주연상 받을만했다..",
    "date": "10.12.31",
    "rating": "9",
    "author": "ykm3****",
    "review_id": "5106242",
    "movie_id": "10630"
  },
  {
    "review": "영웅이 되려고 떠났지만 돌아온 그에게 향하는 시선은 동정 뿐이다",
    "date": "10.12.21",
    "rating": "6",
    "author": "inos****",
    "review_id": "5070870",
    "movie_id": "10630"
  },
  {
    "review": "영화 밖의 관객이 아닌 영화속 주인공으로 몰입하게 하는영화다.",
    "date": "10.12.18",
    "rating": "10",
    "author": "pks7****",
    "review_id": "5062370",
    "movie_id": "10630"
  },
  {
    "review": "외면하고 싶은 불쌍한 삶, 교훈이 좋다.",
    "date": "10.12.10",
    "rating": "7",
    "author": "zzan****",
    "review_id": "5042080",
    "movie_id": "10630"
  },
  {
    "review": "베트남 전쟁영화중 최고의 수작.",
    "date": "10.11.21",
    "rating": "10",
    "author": "skss****",
    "review_id": "4977839",
    "movie_id": "10630"
  },
  {
    "review": "반전이 있는 반전 영화",
    "date": "10.11.06",
    "rating": "10",
    "author": "miss****",
    "review_id": "4941669",
    "movie_id": "10630"
  },
  {
    "review": "이럴수가!!!단순한전쟁영화인줄알았는데이런거였다니!!",
    "date": "10.10.24",
    "rating": "10",
    "author": "dnf7****",
    "review_id": "4918007",
    "movie_id": "10630"
  },
  {
    "review": "현실을 눈가림 당하고 권력집단의 이간질에 놀아나는 사람들 그냥 불쌍하다",
    "date": "10.10.11",
    "rating": "10",
    "author": "mais****",
    "review_id": "4897724",
    "movie_id": "10630"
  },
  {
    "review": "디어헌터보다도 높게 평가하고 싶음",
    "date": "10.09.20",
    "rating": "10",
    "author": "csw8****",
    "review_id": "4849774",
    "movie_id": "10630"
  },
  {
    "review": "올리버 스톤 특유의 냉소적인 시선이 느껴지는 반전영화.",
    "date": "10.09.18",
    "rating": "9",
    "author": "maxi****",
    "review_id": "4843735",
    "movie_id": "10630"
  },
  {
    "review": "헐",
    "date": "10.09.10",
    "rating": "10",
    "author": "nice****",
    "review_id": "4826327",
    "movie_id": "10630"
  },
  {
    "review": "we don't have Fucking WAR~!!!!! ㅠㅠ~!!!!! 두 다리의 소중함 ㅠㅠ",
    "date": "10.08.16",
    "rating": "10",
    "author": "dudw****",
    "review_id": "4756156",
    "movie_id": "10630"
  },
  {
    "review": "좋은 주제다, 하지만 재미는 없다.",
    "date": "10.08.09",
    "rating": "6",
    "author": "jonh****",
    "review_id": "4726643",
    "movie_id": "10630"
  },
  {
    "review": "내 이념과이상이 과연 옳은것인지 판단하려면 어떻게해야할까?애초에 옳은것이있을까?",
    "date": "10.08.02",
    "rating": "10",
    "author": "herh****",
    "review_id": "4695879",
    "movie_id": "10630"
  },
  {
    "review": "역시 올리버 스톤",
    "date": "10.07.14",
    "rating": "10",
    "author": "cutt****",
    "review_id": "4639676",
    "movie_id": "10630"
  },
  {
    "review": "빨갱이라 부르짖는 놈들에게 보여줘야하는 영화인데",
    "date": "10.07.11",
    "rating": "8",
    "author": "tabu****",
    "review_id": "4628534",
    "movie_id": "10630"
  }
]