[
  {
    "review": "뻔한 액션이었지만, 나름 재밌다.",
    "date": "15.05.25",
    "rating": "8",
    "author": "sdad****",
    "review_id": "9949154",
    "movie_id": "10634"
  },
  {
    "review": "아나콘다인줄 알고 뱀은 언제나오나 했다 ㅋㅋㅋ",
    "date": "15.05.14",
    "rating": "10",
    "author": "hanj****",
    "review_id": "9916957",
    "movie_id": "10634"
  },
  {
    "review": "킬링간지액션의 바이블.... 롱코트 튜닝카 이쑤시게, 핵깔린보이스ㅋㅋㅋcg가없을때임, 스턴트맨들의 카체이싱",
    "date": "15.05.10",
    "rating": "10",
    "author": "k790****",
    "review_id": "9907640",
    "movie_id": "10634"
  },
  {
    "review": "87년작이면 내캉 친구네 ㅎㅎ스텔론 행님의 개명작이네 ~정말 재미있게 잘 즐겨 봤다 ㅎ간지가 깝이시네 ㅋ",
    "date": "15.05.01",
    "rating": "10",
    "author": "yyho****",
    "review_id": "9883703",
    "movie_id": "10634"
  },
  {
    "review": "케이블에서 해줘서 봤는데 요즘 영화보다 더 재밌네요 실베스타 형님은 진짜 이때가 최고간지였다...근데 보는 내내 북두의권이 이 분을 참 많이 참고했단걸 다시한번 느낍니다 지금은 세월의 흔적이 보이지만 이 영화에서 진짜 멋있게 나옴",
    "date": "15.03.19",
    "rating": "10",
    "author": "crit****",
    "review_id": "9793094",
    "movie_id": "10634"
  },
  {
    "review": "80년대 영화란게 믿어지지 않을 정도로 잘만든영화다브리짓닐슨의 젊을때 모습도 인상적이다",
    "date": "14.08.27",
    "rating": "8",
    "author": "pose****",
    "review_id": "9138544",
    "movie_id": "10634"
  },
  {
    "review": "B급영화 중에서 A 급이라고 설명하고 싶다.",
    "date": "14.08.19",
    "rating": "5",
    "author": "matt****",
    "review_id": "9109723",
    "movie_id": "10634"
  },
  {
    "review": "80년대의 찬란한 액션 명작. 이쑤시개는 주윤발이 아니라, 스탤론이 원조!",
    "date": "14.07.26",
    "rating": "10",
    "author": "cube****",
    "review_id": "8960602",
    "movie_id": "10634"
  },
  {
    "review": "실베형님에 대한 의리로 10점준다!!!",
    "date": "14.05.17",
    "rating": "10",
    "author": "ske4****",
    "review_id": "8740827",
    "movie_id": "10634"
  },
  {
    "review": "조금 어설픈 장면도 있지만 스탤론 간지만으로 충분히 10점",
    "date": "14.03.29",
    "rating": "10",
    "author": "chow****",
    "review_id": "8616033",
    "movie_id": "10634"
  },
  {
    "review": "극중 범죄자 인권 운운하는 찌질한 새끼 보니까 우리나라가 생각남",
    "date": "14.03.17",
    "rating": "7",
    "author": "cred****",
    "review_id": "8585054",
    "movie_id": "10634"
  },
  {
    "review": "그 시절이 그립다.... 정말 간지란 이런것!!!",
    "date": "13.07.30",
    "rating": "10",
    "author": "soof****",
    "review_id": "7800526",
    "movie_id": "10634"
  },
  {
    "review": "스탤론형과 럭셔리형사는 안 어울려.",
    "date": "13.07.09",
    "rating": "6",
    "author": "pont****",
    "review_id": "7718960",
    "movie_id": "10634"
  },
  {
    "review": "짧지만 충분히 강렬했다.",
    "date": "13.05.08",
    "rating": "10",
    "author": "come****",
    "review_id": "7516251",
    "movie_id": "10634"
  },
  {
    "review": "너무  조은영화",
    "date": "13.01.27",
    "rating": "10",
    "author": "dosa****",
    "review_id": "7184634",
    "movie_id": "10634"
  },
  {
    "review": "역시나 스텔론 형님의, 형님에 의한, 형님을 위한 또하나의 영화.. 코브라... 중딩땐 넘 멋졌다.. 포스터... 책받침으로 얼마나 사랑했었었나??",
    "date": "13.01.23",
    "rating": "7",
    "author": "spar****",
    "review_id": "7162377",
    "movie_id": "10634"
  },
  {
    "review": "스탤론이 더티 하리 따라하다 망한영화다",
    "date": "13.01.09",
    "rating": "1",
    "author": "lsw6****",
    "review_id": "7094761",
    "movie_id": "10634"
  },
  {
    "review": "오래된 영화지만 긴장감도 있고 음악도 좋고 액션도 괜찮은",
    "date": "12.11.05",
    "rating": "9",
    "author": "fait****",
    "review_id": "6857060",
    "movie_id": "10634"
  },
  {
    "review": "아따, 코브라 성님 죽이네 ㅋㅋ. 닐슨(+1)",
    "date": "12.09.23",
    "rating": "4",
    "author": "expr****",
    "review_id": "6727252",
    "movie_id": "10634"
  },
  {
    "review": "폼 잡는 거 하나는 실베스타가 참 잘 해요.  어설픈 시나리오지만, 폼쟁이 스텔론 땜에 7점은 줘야함",
    "date": "12.08.17",
    "rating": "7",
    "author": "mggw****",
    "review_id": "6619339",
    "movie_id": "10634"
  },
  {
    "review": "옛날생각 많이 나게해주는 영화...멋진 코브라..악당을 물리쳐라",
    "date": "12.04.16",
    "rating": "6",
    "author": "thra****",
    "review_id": "6225984",
    "movie_id": "10634"
  },
  {
    "review": "연애현장이라 훈훈하다.",
    "date": "11.08.24",
    "rating": "1",
    "author": "pria****",
    "review_id": "5684284",
    "movie_id": "10634"
  },
  {
    "review": "현실성 없지만 멋있던 경찰 캐릭터",
    "date": "11.07.29",
    "rating": "8",
    "author": "ccpp****",
    "review_id": "5579919",
    "movie_id": "10634"
  },
  {
    "review": "잠자리 선글라스에 성냥개비 삐뚜루 물고 ㅋ 이땐 개폼잡는게 왤케 멋져보이던지",
    "date": "11.07.29",
    "rating": "8",
    "author": "rame****",
    "review_id": "5579916",
    "movie_id": "10634"
  },
  {
    "review": "흉악범들에겐 이런 흉폭한 경찰도 필요하다고 생각해",
    "date": "11.07.29",
    "rating": "8",
    "author": "kpcc****",
    "review_id": "5579911",
    "movie_id": "10634"
  },
  {
    "review": "이런만화같은 영화나름의 재미가 있다 화끈하고 통쾌한 영화",
    "date": "11.06.27",
    "rating": "10",
    "author": "rnrd****",
    "review_id": "5503181",
    "movie_id": "10634"
  },
  {
    "review": "쓰레기들은 말로해선 안된다.",
    "date": "11.06.04",
    "rating": "10",
    "author": "lbj4****",
    "review_id": "5463970",
    "movie_id": "10634"
  },
  {
    "review": "스탤론 형님의 의리때문에 봤다. 점수도 의리로.",
    "date": "11.01.25",
    "rating": "6",
    "author": "foun****",
    "review_id": "5182644",
    "movie_id": "10634"
  },
  {
    "review": "유치하면 어떠랴! 80년대 향수를 진하게 풍기는 이 작품은 진정한 클래식이다! ㅋㅋㅋ",
    "date": "10.10.31",
    "rating": "8",
    "author": "iceb****",
    "review_id": "4929684",
    "movie_id": "10634"
  },
  {
    "review": "지금은 왜 이런 액션물이 없는지... 기관총으로 흉악범을 쓸어버리는 형사물의 로망",
    "date": "10.04.21",
    "rating": "10",
    "author": "evil****",
    "review_id": "4447000",
    "movie_id": "10634"
  },
  {
    "review": "하하하",
    "date": "10.04.18",
    "rating": "10",
    "author": "nice****",
    "review_id": "4440870",
    "movie_id": "10634"
  },
  {
    "review": "예전 추억이 떠올랐다 ㅎㅎ",
    "date": "09.11.04",
    "rating": "8",
    "author": "ledd****",
    "review_id": "3937361",
    "movie_id": "10634"
  },
  {
    "review": "이 어이없는 촌스러움과 유치함...",
    "date": "09.06.21",
    "rating": "3",
    "author": "rd72****",
    "review_id": "3578997",
    "movie_id": "10634"
  },
  {
    "review": "이때 스탤론 뽀대 작살이었는데~",
    "date": "09.05.11",
    "rating": "8",
    "author": "gall****",
    "review_id": "3489459",
    "movie_id": "10634"
  },
  {
    "review": "수류탄, 기관단총으로 범죄자보다 더 폭력적인 형사캐릭터. 스타일은 역대형사중최고",
    "date": "09.02.17",
    "rating": "9",
    "author": "redo****",
    "review_id": "3311006",
    "movie_id": "10634"
  },
  {
    "review": "이 영화를 어쩌구 저쩌구 욕할 이유 없다. 액션 영화의 A to Z!!!",
    "date": "09.02.07",
    "rating": "9",
    "author": "luna****",
    "review_id": "3285605",
    "movie_id": "10634"
  },
  {
    "review": "옛날엔 그렇게 멋있을수가 없었는데, 지금보면 유치 만빵..ㅋㅋ",
    "date": "09.01.11",
    "rating": "8",
    "author": "pass****",
    "review_id": "3210435",
    "movie_id": "10634"
  },
  {
    "review": "타임킬링용으로는~더할나위 없는 영화~Good~~~~~~~~~~~~~~s(^^;)乃",
    "date": "08.02.12",
    "rating": "10",
    "author": "jaty****",
    "review_id": "2438807",
    "movie_id": "10634"
  },
  {
    "review": "그럴듯한 도입부에 어울리지 않는 끔찍하고 형편없는 결말.노래도 촌스럽기 그지 없다",
    "date": "07.12.25",
    "rating": "4",
    "author": "baks****",
    "review_id": "2262969",
    "movie_id": "10634"
  },
  {
    "review": "나도 굿",
    "date": "07.10.26",
    "rating": "6",
    "author": "pksj****",
    "review_id": "2112601",
    "movie_id": "10634"
  },
  {
    "review": "good",
    "date": "07.10.20",
    "rating": "5",
    "author": "cles****",
    "review_id": "2101641",
    "movie_id": "10634"
  },
  {
    "review": "액션 영화가 지루하다면 얘기는 끝난 것 아닌가. 도입부만 흥미로웠다.",
    "date": "07.09.17",
    "rating": "4",
    "author": "skat****",
    "review_id": "2027710",
    "movie_id": "10634"
  },
  {
    "review": "스텔론다운 B급 킬링 타임 액션",
    "date": "07.08.20",
    "rating": "10",
    "author": "oran****",
    "review_id": "1963817",
    "movie_id": "10634"
  },
  {
    "review": "80년대영화니까 그렇지 ㅡㅡ유치하긴..보는내내 긴장했다",
    "date": "07.08.19",
    "rating": "10",
    "author": "days****",
    "review_id": "1960660",
    "movie_id": "10634"
  },
  {
    "review": "누가 뭐래도 최고의 액션영화..",
    "date": "07.08.12",
    "rating": "10",
    "author": "sand****",
    "review_id": "1923940",
    "movie_id": "10634"
  },
  {
    "review": "유치한 설정에 유치한 후반부",
    "date": "07.08.11",
    "rating": "2",
    "author": "lsh1****",
    "review_id": "1922586",
    "movie_id": "10634"
  },
  {
    "review": "매우 슬림한 실베스타. 이때만해도..",
    "date": "07.07.16",
    "rating": "8",
    "author": "lsm4****",
    "review_id": "1780949",
    "movie_id": "10634"
  },
  {
    "review": "프레데터 단성사대박! 코브라 피카디리 한날같이봤는데..자빠져 잤던영화!",
    "date": "07.06.30",
    "rating": "2",
    "author": "dhkq****",
    "review_id": "1733572",
    "movie_id": "10634"
  },
  {
    "review": "코브라손잡이 콜트45와 성냥개비는 당시 남자들의 로망이었다..",
    "date": "07.06.23",
    "rating": "8",
    "author": "hide****",
    "review_id": "1716980",
    "movie_id": "10634"
  },
  {
    "review": "어릴때 잼나게본 영화",
    "date": "07.05.12",
    "rating": "7",
    "author": "s202****",
    "review_id": "1633203",
    "movie_id": "10634"
  },
  {
    "review": "단지 오락영화로 평가될 스텔론표 영화",
    "date": "07.05.11",
    "rating": "1",
    "author": "okjo****",
    "review_id": "1632273",
    "movie_id": "10634"
  },
  {
    "review": "어느정도 스릴있었고 스텔론이 앞에 차에 있던 사람 츄리닝 쥐어뜯을때 폭소",
    "date": "07.05.07",
    "rating": "6",
    "author": "minn****",
    "review_id": "1626443",
    "movie_id": "10634"
  },
  {
    "review": "good",
    "date": "07.05.02",
    "rating": "10",
    "author": "up70****",
    "review_id": "1616430",
    "movie_id": "10634"
  },
  {
    "review": "ㅅㅂ 마초 영화의 절정! two thumbs UP! 이다!!!",
    "date": "07.04.18",
    "rating": "10",
    "author": "velv****",
    "review_id": "1594671",
    "movie_id": "10634"
  },
  {
    "review": "실베스터 스탤론 너무 멋있다 ㅎㅎㅎ",
    "date": "07.02.17",
    "rating": "10",
    "author": "solu****",
    "review_id": "1478984",
    "movie_id": "10634"
  },
  {
    "review": "굿",
    "date": "07.02.15",
    "rating": "10",
    "author": "gnld****",
    "review_id": "1472953",
    "movie_id": "10634"
  },
  {
    "review": "good",
    "date": "07.01.30",
    "rating": "6",
    "author": "kcch****",
    "review_id": "1428047",
    "movie_id": "10634"
  },
  {
    "review": "미국 범죄현실을 적절히 표현하고 있었다고 봄",
    "date": "06.12.29",
    "rating": "7",
    "author": "nala****",
    "review_id": "1340078",
    "movie_id": "10634"
  },
  {
    "review": "볼만",
    "date": "06.12.15",
    "rating": "5",
    "author": "ysuh****",
    "review_id": "1293979",
    "movie_id": "10634"
  },
  {
    "review": "스탤론 진짜 멋있다..남자답구...ㅎㅎ",
    "date": "06.10.08",
    "rating": "8",
    "author": "half****",
    "review_id": "1169263",
    "movie_id": "10634"
  },
  {
    "review": "시간때우기로 적절한 폭력액션무비",
    "date": "06.07.20",
    "rating": "8",
    "author": "kws7****",
    "review_id": "909068",
    "movie_id": "10634"
  },
  {
    "review": "멋진영화..",
    "date": "06.03.15",
    "rating": "10",
    "author": "xexi****",
    "review_id": "718064",
    "movie_id": "10634"
  },
  {
    "review": "스탤론, 의상도 무기도 멋있었음",
    "date": "06.02.08",
    "rating": "10",
    "author": "vonz****",
    "review_id": "655140",
    "movie_id": "10634"
  },
  {
    "review": "성냥개비 문 저 포스터가 대단한 인기였지!!",
    "date": "05.12.24",
    "rating": "9",
    "author": "blue****",
    "review_id": "523769",
    "movie_id": "10634"
  },
  {
    "review": "멋있다 재밌다",
    "date": "05.11.24",
    "rating": "9",
    "author": "baks****",
    "review_id": "483757",
    "movie_id": "10634"
  },
  {
    "review": "스탤론 영화답게 영화적으론 \"졸작\"이나 쏠쏠한 재미는 있다.",
    "date": "05.11.18",
    "rating": "6",
    "author": "movi****",
    "review_id": "477282",
    "movie_id": "10634"
  },
  {
    "review": "멜깁슨의 전선위의참새처럼 스탤론의 숨겨진 훌륭한 작품",
    "date": "05.10.23",
    "rating": "8",
    "author": "varg****",
    "review_id": "451735",
    "movie_id": "10634"
  },
  {
    "review": "스탤론나온여오하중에 젤루 멋있었다.",
    "date": "05.08.31",
    "rating": "7",
    "author": "izzo****",
    "review_id": "389211",
    "movie_id": "10634"
  },
  {
    "review": "스텔론이 아니면 누가 맡으랴. 대단하다.",
    "date": "05.08.25",
    "rating": "9",
    "author": "wons****",
    "review_id": "383141",
    "movie_id": "10634"
  },
  {
    "review": "쓰잘데기 없이 잔인하기만 함.",
    "date": "05.06.26",
    "rating": "1",
    "author": "kcka****",
    "review_id": "306989",
    "movie_id": "10634"
  },
  {
    "review": "어제 ocn으로 봤는데 정말 감동적이었고 스릴있었다!!!!",
    "date": "05.05.30",
    "rating": "10",
    "author": "cjst****",
    "review_id": "290346",
    "movie_id": "10634"
  },
  {
    "review": "완전 흥미진진! 주인공 코브라의 저음의 보이쓰는 환상적이당",
    "date": "05.04.11",
    "rating": "10",
    "author": "moon****",
    "review_id": "258505",
    "movie_id": "10634"
  },
  {
    "review": "싸이코 집단과의 일대 격전, 끝까지 흥미진진 땀을 쥐게한다.",
    "date": "05.03.06",
    "rating": "8",
    "author": "rood****",
    "review_id": "236188",
    "movie_id": "10634"
  },
  {
    "review": "음....",
    "date": "05.01.07",
    "rating": "4",
    "author": "runn****",
    "review_id": "179672",
    "movie_id": "10634"
  },
  {
    "review": "스타일과 스탤론덕에 흥미진진, 근데 홍성진시 반경 5킬로 수류탄? 핵들었",
    "date": "04.12.16",
    "rating": "8",
    "author": "gkdl****",
    "review_id": "163707",
    "movie_id": "10634"
  },
  {
    "review": "짜릿한 액션이 돋보이는영화. 어렷을적 재밌게본 기억이나네..",
    "date": "04.12.10",
    "rating": "8",
    "author": "sexy****",
    "review_id": "159963",
    "movie_id": "10634"
  },
  {
    "review": "이 영화 보고 한동안 이쑤시게 물고 다녔다는..",
    "date": "04.11.09",
    "rating": "8",
    "author": "htop****",
    "review_id": "143017",
    "movie_id": "10634"
  },
  {
    "review": "천하무적 람보의 매력이 흠씬 풍긴다.",
    "date": "04.09.20",
    "rating": "9",
    "author": "kpcc****",
    "review_id": "111948",
    "movie_id": "10634"
  },
  {
    "review": "더티해리+람보+코만도=웁쓰",
    "date": "04.08.06",
    "rating": "3",
    "author": "thin****",
    "review_id": "84784",
    "movie_id": "10634"
  },
  {
    "review": "범인이 카리스마가 장난이 아님,",
    "date": "04.08.05",
    "rating": "9",
    "author": "coal****",
    "review_id": "84017",
    "movie_id": "10634"
  },
  {
    "review": "부메랑칼",
    "date": "04.02.14",
    "rating": "10",
    "author": "u4u3****",
    "review_id": "20207",
    "movie_id": "10634"
  },
  {
    "review": "몇가지 멋진 화면과 스타일을 보여주지만, 코스마토스 영화는 재미가 없다.",
    "date": "03.12.04",
    "rating": "6",
    "author": "tdol****",
    "review_id": "1120",
    "movie_id": "10634"
  }
]