[
  {
    "review": "아놀드도 코미디가 가능하다는것을 보여준 영화",
    "date": "15.07.29",
    "rating": "5",
    "author": "adiv****",
    "review_id": "10155535",
    "movie_id": "10645"
  },
  {
    "review": "심플한 소재와 플롯. 그것을 편안하고 재미있게 잘 풀어냈다. 아놀드찡 넘 귀엽긔 ^^ 역할은 유전자 몰빵 받은 완벽남인데 순둥순둥하고 유한 성격. 힘 쓸 땐 터미네이터! 아놀드 찡 매력에 빠지네요. 현재에는 없는 체격과 매력을 가진 배우 ♥",
    "date": "15.02.24",
    "rating": "10",
    "author": "yumi****",
    "review_id": "9733453",
    "movie_id": "10645"
  },
  {
    "review": "아 국딩때 비디오 테이프로 몇번을 돌려봤던 기억이",
    "date": "14.12.05",
    "rating": "10",
    "author": "pool****",
    "review_id": "9449643",
    "movie_id": "10645"
  },
  {
    "review": "대니드비토과 아놀드의 발연기를 감싸다",
    "date": "14.08.05",
    "rating": "8",
    "author": "lees****",
    "review_id": "9032070",
    "movie_id": "10645"
  },
  {
    "review": "찌꺼기 대니 드비토.. ㅋㅋ",
    "date": "14.01.19",
    "rating": "9",
    "author": "tn99****",
    "review_id": "8399137",
    "movie_id": "10645"
  },
  {
    "review": "방금 봤는데 참신한 소재네요~",
    "date": "13.11.02",
    "rating": "10",
    "author": "dhxh****",
    "review_id": "8110755",
    "movie_id": "10645"
  },
  {
    "review": "와 대바 영화 쩌네~~~",
    "date": "13.10.24",
    "rating": "10",
    "author": "deli****",
    "review_id": "8084541",
    "movie_id": "10645"
  },
  {
    "review": "아놀드가 완전 순둥이",
    "date": "13.08.11",
    "rating": "9",
    "author": "sss0****",
    "review_id": "7870353",
    "movie_id": "10645"
  },
  {
    "review": "한번쯤은 봐야될 영화라고 생각되는 영화",
    "date": "13.04.20",
    "rating": "10",
    "author": "come****",
    "review_id": "7469925",
    "movie_id": "10645"
  },
  {
    "review": "그야말로 요새 흔히들 말하는 유전자 몰빵현상..ㅋㅋㅋ 재밌고 편안한 영화였다",
    "date": "13.02.12",
    "rating": "9",
    "author": "bsmi****",
    "review_id": "7256287",
    "movie_id": "10645"
  },
  {
    "review": "퍽이나.",
    "date": "12.10.17",
    "rating": "5",
    "author": "tori****",
    "review_id": "6808890",
    "movie_id": "10645"
  },
  {
    "review": "글쎄 이반 감독은 이상함.. 코미디에 아놀드형님을 출연시킬 생각도 하고.. ㅋㅋ 생각보다 성공한 작품.. 데니 드비토의 연기도 좋았고...ㅋㅋ",
    "date": "12.09.30",
    "rating": "9",
    "author": "spar****",
    "review_id": "6747545",
    "movie_id": "10645"
  },
  {
    "review": "후속작 트리플레츠 기대되넹 26년만에ㅋㅋ",
    "date": "12.08.04",
    "rating": "10",
    "author": "1992****",
    "review_id": "6570070",
    "movie_id": "10645"
  },
  {
    "review": "옛날 이걸 보면서 아놀드가 코미디에서도 잘 어울리는군 하고 느꼈던 영화",
    "date": "08.10.16",
    "rating": "7",
    "author": "gall****",
    "review_id": "3001611",
    "movie_id": "10645"
  },
  {
    "review": "어릴쩍 이영화보면서 켈리프레스톤 넘 이쁘다고 생각했었는데..",
    "date": "08.10.06",
    "rating": "10",
    "author": "koma****",
    "review_id": "2985495",
    "movie_id": "10645"
  },
  {
    "review": "한번정도는 볼만한데 지금봐도 웃길지는..",
    "date": "08.09.01",
    "rating": "6",
    "author": "jere****",
    "review_id": "2915600",
    "movie_id": "10645"
  },
  {
    "review": "아놀드의 코미디 연기도 쩐다..",
    "date": "08.02.27",
    "rating": "10",
    "author": "trea****",
    "review_id": "2487784",
    "movie_id": "10645"
  },
  {
    "review": "즐거움에 감동까지 있는 코미디 영화...재미있게 봤던 기억이...ㅋ",
    "date": "08.01.23",
    "rating": "9",
    "author": "777s****",
    "review_id": "2363017",
    "movie_id": "10645"
  },
  {
    "review": "상당히 재밌게 본 코메디...",
    "date": "07.08.11",
    "rating": "9",
    "author": "typo****",
    "review_id": "1919570",
    "movie_id": "10645"
  },
  {
    "review": "코미디에 도전한 그 일단 성공이다",
    "date": "07.07.16",
    "rating": "7",
    "author": "deff****",
    "review_id": "1782407",
    "movie_id": "10645"
  },
  {
    "review": "즐거운 영화..",
    "date": "07.03.24",
    "rating": "9",
    "author": "2601****",
    "review_id": "1550408",
    "movie_id": "10645"
  },
  {
    "review": "웃음도 있고 약간의 감동도 있는 재미있게 본 영화",
    "date": "07.01.28",
    "rating": "8",
    "author": "seun****",
    "review_id": "1419936",
    "movie_id": "10645"
  },
  {
    "review": "대니의 연기력이 아놀드에게 영향을 준걸까? 재미있네",
    "date": "06.12.29",
    "rating": "9",
    "author": "nala****",
    "review_id": "1339997",
    "movie_id": "10645"
  },
  {
    "review": "아놀드 최고의 코미디 영화!!!",
    "date": "06.10.08",
    "rating": "10",
    "author": "half****",
    "review_id": "1169231",
    "movie_id": "10645"
  },
  {
    "review": "일부러찾아볼만한영화는아니나..아놀드의 매력재발견",
    "date": "06.10.04",
    "rating": "6",
    "author": "oioi****",
    "review_id": "1160270",
    "movie_id": "10645"
  },
  {
    "review": "자아발견에 대한 통찰력있는 영화",
    "date": "06.06.25",
    "rating": "10",
    "author": "magi****",
    "review_id": "856709",
    "movie_id": "10645"
  },
  {
    "review": "17년이 지났네. tv에 영화광고 엄청했었는데..",
    "date": "05.12.23",
    "rating": "10",
    "author": "blue****",
    "review_id": "523696",
    "movie_id": "10645"
  },
  {
    "review": "언발런스 콤비의 유쾌한 코미디.",
    "date": "05.10.04",
    "rating": "7",
    "author": "movi****",
    "review_id": "433245",
    "movie_id": "10645"
  },
  {
    "review": "아놀드의 유머스러움을 유감없이 발휘한 작품",
    "date": "05.05.30",
    "rating": "7",
    "author": "si2p****",
    "review_id": "290374",
    "movie_id": "10645"
  },
  {
    "review": "아놀드도 가끔은 이런영화에도 어울리는군.나름대로잼남",
    "date": "05.03.13",
    "rating": "6",
    "author": "red0****",
    "review_id": "240032",
    "movie_id": "10645"
  },
  {
    "review": "코메디까지 ㅋㅋ 아놀드 넘 웃긴다 그 특유의 말투 멋지넹~",
    "date": "04.11.09",
    "rating": "10",
    "author": "shek****",
    "review_id": "142578",
    "movie_id": "10645"
  },
  {
    "review": "감동...",
    "date": "04.06.16",
    "rating": "10",
    "author": "ads8****",
    "review_id": "54898",
    "movie_id": "10645"
  },
  {
    "review": "아놀드의 순수함이 보인다..",
    "date": "04.03.20",
    "rating": "8",
    "author": "ohse****",
    "review_id": "30183",
    "movie_id": "10645"
  }
]