[
  {
    "review": "크 역시 명작. 2차대전 영화중 손에 꼽는 작품입니다.",
    "date": "15.06.26",
    "rating": "9",
    "author": "madd****",
    "review_id": "10036812",
    "movie_id": "10647"
  },
  {
    "review": "마지막 30분을 보기 위해 180분의 긴 과정을 거쳐야한다.",
    "date": "15.06.14",
    "rating": "6",
    "author": "sipj****",
    "review_id": "9998903",
    "movie_id": "10647"
  },
  {
    "review": "독일인들의 뚝심이 느껴지는 묵직한 전쟁영화.",
    "date": "15.06.13",
    "rating": "9",
    "author": "pont****",
    "review_id": "9994627",
    "movie_id": "10647"
  },
  {
    "review": "말이필요없다 5번넘게봄",
    "date": "15.06.06",
    "rating": "10",
    "author": "hosu****",
    "review_id": "9978348",
    "movie_id": "10647"
  },
  {
    "review": "평점매길때 마우스가 자동으로 텐으로 이동했다 가장 감명깊게 본 영화중 Top 10 에 드는 명작이다 이 영화를 보고 난 뒤 크림슨타이드라는 영화는 그냥 평범한 영화에 지나지 않았다",
    "date": "15.06.01",
    "rating": "10",
    "author": "nap3****",
    "review_id": "9969277",
    "movie_id": "10647"
  },
  {
    "review": "영상미와 사운드의 멋진결합 진짜 잠수함을 타고있다는 착각을 불러일으키는 명작",
    "date": "15.05.29",
    "rating": "9",
    "author": "thra****",
    "review_id": "9960119",
    "movie_id": "10647"
  },
  {
    "review": "이렇게 정말 소름끼치는 작품은 눈으로 보지 말고 마음으로 봐야한다11",
    "date": "15.05.15",
    "rating": "10",
    "author": "ske4****",
    "review_id": "9918882",
    "movie_id": "10647"
  },
  {
    "review": "그때 당시는 엄청났겠지만...요즘 보기는 조금 버겁네...",
    "date": "15.05.14",
    "rating": "6",
    "author": "hamj****",
    "review_id": "9916090",
    "movie_id": "10647"
  },
  {
    "review": "내가 잠수함의 일원인것인다",
    "date": "15.05.04",
    "rating": "10",
    "author": "urci****",
    "review_id": "9891828",
    "movie_id": "10647"
  },
  {
    "review": "초반엔 지루했다. 그런데 계속 보다보니 어느새 엔딩임.. 몰입도 최고",
    "date": "15.04.26",
    "rating": "10",
    "author": "jecs****",
    "review_id": "9872018",
    "movie_id": "10647"
  },
  {
    "review": "잠수함 영화 가운데 단연 최고봉. 아...어떻게 이런 걸 찍었지? 대단하다 정말...지금봐도 재미있네...박진감 넘치고 스릴있고 거기다가 작품성까지...대단하다.",
    "date": "15.02.28",
    "rating": "10",
    "author": "nbpu****",
    "review_id": "9745354",
    "movie_id": "10647"
  },
  {
    "review": "잠수함 영화의 고전 명작",
    "date": "15.02.19",
    "rating": "10",
    "author": "hyke****",
    "review_id": "9711703",
    "movie_id": "10647"
  },
  {
    "review": "한정된 공간에서 이렇게 긴장감을 잃지 않을수  있다니배우들의 연기 음악이 너무나 좋았던 영화",
    "date": "14.12.13",
    "rating": "10",
    "author": "ghmi****",
    "review_id": "9469450",
    "movie_id": "10647"
  },
  {
    "review": "나도 어느새 U-96 에 탑승한 수병 중 한명이 되어 있다.",
    "date": "14.11.20",
    "rating": "10",
    "author": "real****",
    "review_id": "9401901",
    "movie_id": "10647"
  },
  {
    "review": "It's a Long Way to Tipperary",
    "date": "14.11.16",
    "rating": "10",
    "author": "kong****",
    "review_id": "9389298",
    "movie_id": "10647"
  },
  {
    "review": "러닝타임이 길어..,,",
    "date": "14.11.06",
    "rating": "2",
    "author": "mool****",
    "review_id": "9343852",
    "movie_id": "10647"
  },
  {
    "review": "한계수심이 250 이었는데 점점 내려가고... 수심 280 미터 .... 그때 옆에 있던 친구놈이 외쳤다. '야 역시 독일제라 좋구나'  극장안은 폭소가 터졌고 긴장감에서 해소되었다.",
    "date": "14.10.08",
    "rating": "10",
    "author": "kimd****",
    "review_id": "9274911",
    "movie_id": "10647"
  },
  {
    "review": "3시간 이상의  시간을 할애해서  30년 이 ㅈ본  영화  처음은 좀 지루할 수도 있지만  헐리우드 영화와   다른  인간의 심리 를 잘  묘사한  작품, 폭뢰에 대한 공포와  잠수함이 갈아앉을 때 삶에 대한 절망감 을 사실적으로 묘사한 수작",
    "date": "14.10.08",
    "rating": "10",
    "author": "co23****",
    "review_id": "9273889",
    "movie_id": "10647"
  },
  {
    "review": "영화도 10점 만점에 10점 박진감 넘치는 OST 도 10점 만점에 10점",
    "date": "14.09.24",
    "rating": "10",
    "author": "lee7****",
    "review_id": "9239126",
    "movie_id": "10647"
  },
  {
    "review": "말이 필요 없는 잔쟁영화 최고의 명작!",
    "date": "14.08.18",
    "rating": "10",
    "author": "ghos****",
    "review_id": "9106473",
    "movie_id": "10647"
  },
  {
    "review": "두말할 나위없이 마스터피스!!!",
    "date": "14.07.29",
    "rating": "10",
    "author": "xini****",
    "review_id": "8978474",
    "movie_id": "10647"
  },
  {
    "review": "전쟁의 처절함과 허무함을 제대로 느끼게 해주는 전설의 명작.",
    "date": "14.06.26",
    "rating": "10",
    "author": "reco****",
    "review_id": "8858705",
    "movie_id": "10647"
  },
  {
    "review": "크... 명작 지금나오는 웬만한 헐리웃대작들과 견주어도 손색이없는 영화 영화음악이 압권입니다. 꼭 들어보세요ㅠㅠ",
    "date": "14.05.22",
    "rating": "10",
    "author": "ashd****",
    "review_id": "8755033",
    "movie_id": "10647"
  },
  {
    "review": "그렇게 개고생하며 버텼는데...",
    "date": "14.04.07",
    "rating": "8",
    "author": "ykdi****",
    "review_id": "8635496",
    "movie_id": "10647"
  },
  {
    "review": "문득 창문을 보면 밤이어서 깜깜한지 해저여서 깜깜한지 분간이 되지 않음.",
    "date": "14.03.10",
    "rating": "9",
    "author": "masa****",
    "review_id": "8567678",
    "movie_id": "10647"
  },
  {
    "review": "진짜 과장없고 현장감이 느껴지는 전쟁영화다. 요즘영화같으면 좀 더 화끈하게 보여줬을텐데, 아무래도 연합군이 아니라 전범국 독일군에 관한 영화라서 그런지 연합군을 박살내는 장면이 많이 생략되었네.",
    "date": "14.02.13",
    "rating": "10",
    "author": "jjan****",
    "review_id": "8503910",
    "movie_id": "10647"
  },
  {
    "review": "210분이라는 시간이 결코 길지 않음을 느끼게 해주는 영화.... 마치 내가 잠수함에 타고 있다는 불쾌함까지 느끼게 됨.",
    "date": "13.12.16",
    "rating": "9",
    "author": "awak****",
    "review_id": "8217843",
    "movie_id": "10647"
  },
  {
    "review": "못만들어서 지루한게 아니라 너무 사실적이어서 지루한 영화 감상시 입체음향 필수",
    "date": "13.12.09",
    "rating": "10",
    "author": "cruf****",
    "review_id": "8201488",
    "movie_id": "10647"
  },
  {
    "review": "죽음앞에 떠는 한낱 인간일 뿐이다!!",
    "date": "13.12.05",
    "rating": "10",
    "author": "mjp0****",
    "review_id": "8191434",
    "movie_id": "10647"
  },
  {
    "review": "고등학생  때 이 영화를 보고 너무 감명 받은 나머지 해군을 갔지. 그러나 전역 후 다시 보았을 때도 느낌은 사뭇 다르다.",
    "date": "13.11.29",
    "rating": "10",
    "author": "zkzk****",
    "review_id": "8177700",
    "movie_id": "10647"
  },
  {
    "review": "대단한 영화다.보는 내내  지루함을 찾을수가 없었음..특히 후반부로 가면 갈수록 더 긴장되고..참담한 결말이 가슴을 울린다..",
    "date": "13.11.02",
    "rating": "10",
    "author": "alsk****",
    "review_id": "8110980",
    "movie_id": "10647"
  },
  {
    "review": "긴 러닝타임 중 흥미롭게 본 부분이 없다. 너무 지루하다",
    "date": "13.10.24",
    "rating": "1",
    "author": "mara****",
    "review_id": "8085595",
    "movie_id": "10647"
  },
  {
    "review": "뭐 이런 진짜같은 영화가 다 있냐...",
    "date": "13.10.08",
    "rating": "10",
    "author": "zard****",
    "review_id": "8045525",
    "movie_id": "10647"
  },
  {
    "review": "심리묘사가 탁월하지만 영화 마지막 부분에서 옥의 틱 발견...시체가 카메라 보며 눈뜨고 있다가 살포시 눈을 감을 때 뒤에서 폭탄 터지니깐 놀라서 몸을 움추림..ㅋㅋㅋ",
    "date": "13.09.25",
    "rating": "9",
    "author": "sgle****",
    "review_id": "8015083",
    "movie_id": "10647"
  },
  {
    "review": "꼭 봐야하는 명작입니다",
    "date": "13.09.07",
    "rating": "10",
    "author": "next****",
    "review_id": "7957337",
    "movie_id": "10647"
  },
  {
    "review": "최고의 잠수함영화~",
    "date": "13.08.24",
    "rating": "10",
    "author": "gwch****",
    "review_id": "7916066",
    "movie_id": "10647"
  },
  {
    "review": "개인에 따라 지루할 수도 있는 영화다. 그런데 보고있는 동안 정말 내가 잠수함 속에서 살아남으려고 발버둥 치려고 하는 느낌이 들어 보는 내내 긴장을 놓을 수가 없는 영화였다... 리얼리티란 이 영화를 두고 하는 말 인듯...",
    "date": "13.07.09",
    "rating": "10",
    "author": "dkwl****",
    "review_id": "7721288",
    "movie_id": "10647"
  },
  {
    "review": "개인적으로 전쟁영화 광인데 꼭 봐야 할 영화중 한작품이다 ~ 전쟁영화광으로써 꼭 감상할 작품이 몇가지 있는데 그중 3가지가 1. 특전 U보트 2. 상과 하 3. 라이언일병 구하기가 아닐까 생각이 든다 ~ ㅎㅎ 지극히 개인적인 생각이다 ㅋㅋ",
    "date": "13.07.02",
    "rating": "10",
    "author": "home****",
    "review_id": "7696758",
    "movie_id": "10647"
  },
  {
    "review": "베리베리아주좋아요",
    "date": "13.06.17",
    "rating": "10",
    "author": "whgo****",
    "review_id": "7652739",
    "movie_id": "10647"
  },
  {
    "review": "지금 수준으로 보면 9점 정도이겠으나, 1981년 영화이니 당연히 10점을 부여할 수밖에 없다. 극도로 폐쇄적인 공간에서 일어나는 극도의 긴장감. 최고였음.",
    "date": "13.06.17",
    "rating": "10",
    "author": "zoo7****",
    "review_id": "7652292",
    "movie_id": "10647"
  },
  {
    "review": "요즘 오락성이 강하고 촬영기술도 좋아진 요즘 입맛을 기준으로 하면 조금은 지루할 수도 있지만 그 시대의 영화수준을 감안하면 굉장한 작품이다. 페터젠감독의 대표작이므로 존경의 차원에서 10점 드리고 싶다.",
    "date": "13.05.05",
    "rating": "10",
    "author": "cptm****",
    "review_id": "7509095",
    "movie_id": "10647"
  },
  {
    "review": "음악... 구성... 이보다 뛰어난 잠수함 배경 영화는 없다. 아직까지는..",
    "date": "13.04.20",
    "rating": "10",
    "author": "bloo****",
    "review_id": "7469755",
    "movie_id": "10647"
  },
  {
    "review": "잠수함이 부상할때 나오는 마초적인 음악은 정말 남자의 가슴을 흥분시킨다. 잠수함이라는 특수한 공간의 폐쇄성을 지극히 사실적으로 살린 수작 중의 수작!!! 아무리 헐리웃의 CG특수효과가 대단하다하지만 아날로그의 감성을 절대 이길 수는 없지...",
    "date": "13.04.17",
    "rating": "10",
    "author": "milk****",
    "review_id": "7464572",
    "movie_id": "10647"
  },
  {
    "review": "다다 다스부츠 다다 다스부츠 우야",
    "date": "13.03.06",
    "rating": "8",
    "author": "whdu****",
    "review_id": "7327975",
    "movie_id": "10647"
  },
  {
    "review": "잠수함 영화의 최고봉. 그러나 많이 지루해서 단순 오락용으로는 붉은 10월보다 못하다.",
    "date": "13.02.18",
    "rating": "8",
    "author": "kimr****",
    "review_id": "7279882",
    "movie_id": "10647"
  },
  {
    "review": "전쟁영화 고전중에서도 손에 꼽을만한 명작이라고 생각합니다",
    "date": "13.02.13",
    "rating": "10",
    "author": "hg60****",
    "review_id": "7260015",
    "movie_id": "10647"
  },
  {
    "review": "당연히 십점이다. 이건 정말 길이남을 명작이다",
    "date": "13.01.29",
    "rating": "10",
    "author": "jun9****",
    "review_id": "7190999",
    "movie_id": "10647"
  },
  {
    "review": "수작이긴 수작이나 지루하단 느낌이 들었다. 폭뢰에 맞거나 수압에 의해 압사당할듯한 장면에서 긴장감보다는 왠지 모를 지루함이 강했다. 잠수함 내부에 관한 디테일은 단연 최고인 것 같고,, 그냥 오락용으로는 붉은10월이 훨씬 낫다고 본다.",
    "date": "13.01.21",
    "rating": "8",
    "author": "0411****",
    "review_id": "7139443",
    "movie_id": "10647"
  },
  {
    "review": "반지의 제왕에 버금가는 러닝타임. 하지만 시간투자할만한 역작임!!",
    "date": "13.01.07",
    "rating": "9",
    "author": "shsj****",
    "review_id": "7089044",
    "movie_id": "10647"
  },
  {
    "review": "굉장히 사실적이다. 이건 진짜 전쟁터를 스크린에 옮겨놓은 듯 하다.",
    "date": "13.01.01",
    "rating": "10",
    "author": "c3bd****",
    "review_id": "7071096",
    "movie_id": "10647"
  },
  {
    "review": "1981년에 만들어진 이 영화가 요즘 나오는 영화보다 전하는 메시지와 볼거리가 훨씬 많은지 매우 신기하다..",
    "date": "12.12.30",
    "rating": "10",
    "author": "kimm****",
    "review_id": "7065007",
    "movie_id": "10647"
  },
  {
    "review": "아침뉴스에 나오는 음악이 이 음악이었군. 아무튼 요즘영화보다 백배낫다.",
    "date": "12.12.30",
    "rating": "9",
    "author": "y113****",
    "review_id": "7064995",
    "movie_id": "10647"
  },
  {
    "review": "명작은 시간을 초월한다 라는 말이 이 영화를 보고 실감이 간다.",
    "date": "12.12.23",
    "rating": "10",
    "author": "vjdn****",
    "review_id": "7032383",
    "movie_id": "10647"
  },
  {
    "review": "31년전 작품인데 아직도 볼만하다.티비에서 해준거 보다가 요번에다시봤는데 실감나게 만들었다.",
    "date": "12.12.06",
    "rating": "10",
    "author": "a109****",
    "review_id": "6978355",
    "movie_id": "10647"
  },
  {
    "review": "the best of the best",
    "date": "12.11.19",
    "rating": "10",
    "author": "insp****",
    "review_id": "6905558",
    "movie_id": "10647"
  },
  {
    "review": "최고의 잠수함영화",
    "date": "12.10.29",
    "rating": "10",
    "author": "ses2****",
    "review_id": "6834259",
    "movie_id": "10647"
  },
  {
    "review": "14t세때 3류 극장에서 보고 잊혀지지 않는 영화.",
    "date": "12.09.23",
    "rating": "10",
    "author": "md31****",
    "review_id": "6725083",
    "movie_id": "10647"
  },
  {
    "review": "명품 영화란 이걸 두고 하는말인가?ㅋㅋ",
    "date": "12.08.29",
    "rating": "10",
    "author": "lsh0****",
    "review_id": "6653522",
    "movie_id": "10647"
  },
  {
    "review": "폭풍이 몰아치는 8월의 어느 새벽이면 병걸린 사람처럼 나는 이 영화를 본다..이 영화를 본 지 25년이 지났는데도...  시간이 흘러도 또 다시 찾게 되는 영화..그것이 명작이다..",
    "date": "12.08.25",
    "rating": "10",
    "author": "ehdz****",
    "review_id": "6641838",
    "movie_id": "10647"
  },
  {
    "review": "6살때 광화문국제극장에서 본내인생의 최고명작 중 하나아직도 그장면이 머리에 맴돋다  ~잠수함 돌진하때 그 음악 크 죽인다죽여 !!!",
    "date": "12.07.24",
    "rating": "10",
    "author": "jyw1****",
    "review_id": "6525013",
    "movie_id": "10647"
  },
  {
    "review": "잠수함 영화의 걸작 ㅡㅡb",
    "date": "12.07.21",
    "rating": "10",
    "author": "duat****",
    "review_id": "6507358",
    "movie_id": "10647"
  },
  {
    "review": "어쩌면 이영화로 모든 잠수함 영화는 끝이 났다고 볼 수 있다. 분위기, 연기, 결말까지 전쟁 잠수함영화의 모든걸 갖춘영화.",
    "date": "12.07.18",
    "rating": "9",
    "author": "jys4****",
    "review_id": "6490943",
    "movie_id": "10647"
  },
  {
    "review": "역시 명작",
    "date": "12.07.10",
    "rating": "10",
    "author": "asp3****",
    "review_id": "6466449",
    "movie_id": "10647"
  },
  {
    "review": "독일이 당시 저런 잠수함을 만들었다는 사실에 존경을 표한다.",
    "date": "12.07.09",
    "rating": "9",
    "author": "alsk****",
    "review_id": "6464435",
    "movie_id": "10647"
  },
  {
    "review": "진짜 명작!",
    "date": "12.07.03",
    "rating": "10",
    "author": "illu****",
    "review_id": "6442758",
    "movie_id": "10647"
  },
  {
    "review": "으 진짜 참전용사들은 존경스럽다",
    "date": "12.06.23",
    "rating": "8",
    "author": "dryw****",
    "review_id": "6410090",
    "movie_id": "10647"
  },
  {
    "review": "대단한 작품이긴한데. 연출이 좀 루즈해서 3시간30분이 힘드렀음",
    "date": "12.06.14",
    "rating": "9",
    "author": "juyu****",
    "review_id": "6389840",
    "movie_id": "10647"
  },
  {
    "review": "영화관에서 볼 수 있다면",
    "date": "12.06.11",
    "rating": "10",
    "author": "spar****",
    "review_id": "6385796",
    "movie_id": "10647"
  },
  {
    "review": "액티브 소나의 핑핑~소리가 다가올때의 긴장감! 결말이 주는 여운! 정말 대작이다!",
    "date": "12.06.08",
    "rating": "10",
    "author": "saku****",
    "review_id": "6375204",
    "movie_id": "10647"
  },
  {
    "review": "실화를 바탕으로 했다는데 독일놈들 진짜 대단해!",
    "date": "12.06.05",
    "rating": "9",
    "author": "josa****",
    "review_id": "6364945",
    "movie_id": "10647"
  },
  {
    "review": "잠수활 생활의 지루함이 영화를 통해서도 느껴짐",
    "date": "12.05.30",
    "rating": "10",
    "author": "soma****",
    "review_id": "6348180",
    "movie_id": "10647"
  },
  {
    "review": "두번 봐도 질리지 않는 명작일세",
    "date": "12.05.27",
    "rating": "10",
    "author": "iuni****",
    "review_id": "6337242",
    "movie_id": "10647"
  },
  {
    "review": "수작. 시간이 지났어도 여전히 최고의 잠수함 영화",
    "date": "12.05.24",
    "rating": "10",
    "author": "heim****",
    "review_id": "6328652",
    "movie_id": "10647"
  },
  {
    "review": "잠수함 승무원들의 공포와 고통, 그리고 환희가 생생하게 느껴진다.",
    "date": "12.05.16",
    "rating": "10",
    "author": "sure****",
    "review_id": "6302295",
    "movie_id": "10647"
  },
  {
    "review": "최고의 전쟁영화, 사상 최고의 비극적인 반전결말",
    "date": "12.05.15",
    "rating": "10",
    "author": "cha1****",
    "review_id": "6300731",
    "movie_id": "10647"
  },
  {
    "review": "지루한가 싶으면 갑자기 터지는 비상사태, 긴박감. 진한 여운을 남기는 영화.",
    "date": "12.05.07",
    "rating": "10",
    "author": "korm****",
    "review_id": "6279650",
    "movie_id": "10647"
  },
  {
    "review": "단순한 액션전쟁물이 아니라 생각을 하게 만드는 깊이있는 영화였다.",
    "date": "12.05.04",
    "rating": "10",
    "author": "lead****",
    "review_id": "6269952",
    "movie_id": "10647"
  },
  {
    "review": "2차대전시 생동력있는 느낌을 고스란히 담은 잠수함 영화중 최고의 걸작이다",
    "date": "12.05.01",
    "rating": "10",
    "author": "nav3****",
    "review_id": "6263138",
    "movie_id": "10647"
  },
  {
    "review": "정말 대작은 대작이다. 시간가는 줄 모르고 봤다.",
    "date": "12.05.01",
    "rating": "10",
    "author": "hide****",
    "review_id": "6262053",
    "movie_id": "10647"
  },
  {
    "review": "엄청난 현실성과 작품성. 하지만 러닝타임이 좀 줄어들었으면 하는 아쉬움.",
    "date": "12.04.29",
    "rating": "9",
    "author": "geta****",
    "review_id": "6257319",
    "movie_id": "10647"
  },
  {
    "review": "나를 로그인하게 만들다니! 2번 봐도 감명깊은 영화였다!",
    "date": "12.04.27",
    "rating": "10",
    "author": "litt****",
    "review_id": "6248340",
    "movie_id": "10647"
  },
  {
    "review": "진짜 리얼리티 최고네요!",
    "date": "12.04.25",
    "rating": "10",
    "author": "binn****",
    "review_id": "6243961",
    "movie_id": "10647"
  },
  {
    "review": "크림슨타이드나 붉은10월보다 나은 것 같다.",
    "date": "12.04.23",
    "rating": "10",
    "author": "rayb****",
    "review_id": "6241473",
    "movie_id": "10647"
  },
  {
    "review": "30년전 영화인데다 참 잘 만들었다는 생각이다.",
    "date": "12.04.23",
    "rating": "10",
    "author": "hobu****",
    "review_id": "6240690",
    "movie_id": "10647"
  },
  {
    "review": "진정한 유보트의 저력을 느낄 수 있는 영화!",
    "date": "12.04.22",
    "rating": "10",
    "author": "gene****",
    "review_id": "6239964",
    "movie_id": "10647"
  },
  {
    "review": "전쟁, 우리가 봐야할 모든것을 보여준 전쟁영화계의 최고봉이라 부르고싶다.",
    "date": "12.04.17",
    "rating": "10",
    "author": "ksw0****",
    "review_id": "6229072",
    "movie_id": "10647"
  },
  {
    "review": "몰입도가 뛰어나서 시간가는줄 모르게 봤고 내인생 최고의 영화중 하나가 되었네요",
    "date": "12.03.30",
    "rating": "10",
    "author": "k_id****",
    "review_id": "6178775",
    "movie_id": "10647"
  },
  {
    "review": "수준깊은 독일영화..미국만세 영화와의 차이점을 깨닫게된 作品",
    "date": "12.03.09",
    "rating": "10",
    "author": "yt16****",
    "review_id": "6132550",
    "movie_id": "10647"
  },
  {
    "review": "영화 U-571도꽤좋은 영화였다. 이영화를보기전까진... 그저 오마주에 지나지않았음을",
    "date": "12.03.04",
    "rating": "10",
    "author": "spec****",
    "review_id": "6124124",
    "movie_id": "10647"
  },
  {
    "review": "스토리+영상+음악 삼박자가 너무나 조화롭다 몇번을 봐도 질리지 않는다",
    "date": "12.02.16",
    "rating": "10",
    "author": "y3au****",
    "review_id": "6077966",
    "movie_id": "10647"
  },
  {
    "review": "이렇게 훌륭한 2차세계대전 영화가 있었을 줄이야",
    "date": "12.02.03",
    "rating": "10",
    "author": "myje****",
    "review_id": "6047370",
    "movie_id": "10647"
  },
  {
    "review": "최고",
    "date": "12.01.29",
    "rating": "10",
    "author": "wjdd****",
    "review_id": "6032721",
    "movie_id": "10647"
  },
  {
    "review": "10년전에 보았어도 기억이 새록새록 난다.",
    "date": "12.01.14",
    "rating": "10",
    "author": "iiii****",
    "review_id": "5985170",
    "movie_id": "10647"
  },
  {
    "review": "지금까지 내가 본 영화중 가히 최고라 말할 수 있다.",
    "date": "12.01.14",
    "rating": "10",
    "author": "johy****",
    "review_id": "5985154",
    "movie_id": "10647"
  },
  {
    "review": "숨이 턱턱 막힐 정도로 세밀하게 그려낸 잠수함 속 사투",
    "date": "12.01.03",
    "rating": "9",
    "author": "swat****",
    "review_id": "5957911",
    "movie_id": "10647"
  },
  {
    "review": "재밌었어요 ㅋㅋㅋ",
    "date": "11.12.27",
    "rating": "10",
    "author": "dara****",
    "review_id": "5940582",
    "movie_id": "10647"
  },
  {
    "review": "독일군의 시점으로 만든 영화, 추천.",
    "date": "11.12.17",
    "rating": "10",
    "author": "matr****",
    "review_id": "5911142",
    "movie_id": "10647"
  },
  {
    "review": "드라마도 보고 싶음",
    "date": "11.12.05",
    "rating": "9",
    "author": "wkhi****",
    "review_id": "5890092",
    "movie_id": "10647"
  },
  {
    "review": "30년전 감동깊게보고 그당시 내나이또래인 아들에게 다운로드시켜 다시 감상, 굳",
    "date": "11.11.19",
    "rating": "10",
    "author": "sinp****",
    "review_id": "5857355",
    "movie_id": "10647"
  },
  {
    "review": "언제나 다시봐도  감동적인영화",
    "date": "11.11.18",
    "rating": "10",
    "author": "harr****",
    "review_id": "5856933",
    "movie_id": "10647"
  }
]