[
  {
    "review": "배우들 연기는 무척 좋고 좋아하는 감독이 만들었지만 노래나  내용이  별루라서..",
    "date": "13.12.11",
    "rating": "6",
    "author": "a109****",
    "review_id": "8206126",
    "movie_id": "10646"
  },
  {
    "review": "2시간동안 DVD방은 정신과 시간의 방.",
    "date": "13.09.13",
    "rating": "6",
    "author": "masa****",
    "review_id": "7972134",
    "movie_id": "10646"
  },
  {
    "review": "최고!!!",
    "date": "13.07.28",
    "rating": "10",
    "author": "inch****",
    "review_id": "7793539",
    "movie_id": "10646"
  },
  {
    "review": "이거 제대로 마약빤 광기의 음악인을 보여주는 영화네 재밌게봤다",
    "date": "13.01.05",
    "rating": "8",
    "author": "epql****",
    "review_id": "7083460",
    "movie_id": "10646"
  },
  {
    "review": "도어즈의 음악과 올리버스톤의 영상. 부연설명이 뭐가 팔요할까.",
    "date": "12.05.25",
    "rating": "10",
    "author": "poti****",
    "review_id": "6331939",
    "movie_id": "10646"
  },
  {
    "review": "지루하지만 보여줄 수 있는 최고의 표현력",
    "date": "12.01.23",
    "rating": "6",
    "author": "bbq2****",
    "review_id": "6012944",
    "movie_id": "10646"
  },
  {
    "review": "짐 모리슨, 그의 축복과 저주를 동시에 받은 삶 지켜보기 with 경이 그리고 안타까움",
    "date": "11.01.14",
    "rating": "8",
    "author": "airi****",
    "review_id": "5157906",
    "movie_id": "10646"
  },
  {
    "review": "발킬머의 짐모리슨 빙의...",
    "date": "10.12.24",
    "rating": "8",
    "author": "kimc****",
    "review_id": "5080562",
    "movie_id": "10646"
  },
  {
    "review": "허세낀 영화",
    "date": "10.10.27",
    "rating": "6",
    "author": "rane****",
    "review_id": "4923777",
    "movie_id": "10646"
  },
  {
    "review": "발킬머의 연기력은 훌륭했지만, 영화의 초점이 지나치게 짐모리슨 위주라는게 흠.",
    "date": "10.09.18",
    "rating": "7",
    "author": "evil****",
    "review_id": "4843457",
    "movie_id": "10646"
  },
  {
    "review": "당신은 도어즈의음악에 빠져본 행운아인가? 도어즈팬이라면 봐야할영화",
    "date": "10.09.14",
    "rating": "10",
    "author": "fatb****",
    "review_id": "4834890",
    "movie_id": "10646"
  },
  {
    "review": "그냥 도어즈 팬 아니라면 그냥저냥인 수준",
    "date": "10.05.14",
    "rating": "7",
    "author": "okco****",
    "review_id": "4499145",
    "movie_id": "10646"
  },
  {
    "review": "요즘 시대의 공장에서 찍어낸는가수들은 반드시 보아야 할 최고의 락밴드의 전설",
    "date": "10.04.18",
    "rating": "10",
    "author": "monk****",
    "review_id": "4440329",
    "movie_id": "10646"
  },
  {
    "review": "미야자키 하야오선생님처럼 전쟁터에서 살아남은자는 뭐가 달라도 다르다.",
    "date": "10.02.25",
    "rating": "10",
    "author": "baks****",
    "review_id": "4317440",
    "movie_id": "10646"
  },
  {
    "review": "하드록의 초석을 닦은 아티스트..도어스의 짐모리슨의 일대기...",
    "date": "09.12.09",
    "rating": "6",
    "author": "full****",
    "review_id": "4030001",
    "movie_id": "10646"
  },
  {
    "review": "도어즈팬으로서 그저 웃음만 나오는 영화.",
    "date": "09.10.05",
    "rating": "6",
    "author": "wldk****",
    "review_id": "3875700",
    "movie_id": "10646"
  },
  {
    "review": "락앤롤은 없다. 이 영화속 짐모리슨은 샤먼같은 느낌이다. 삶보단 죽음에 가깝다.",
    "date": "09.09.26",
    "rating": "8",
    "author": "ucja****",
    "review_id": "3851874",
    "movie_id": "10646"
  },
  {
    "review": "락의 정신은 이것이 아닌데... 변모된 영화..",
    "date": "09.06.15",
    "rating": "7",
    "author": "hj78****",
    "review_id": "3568678",
    "movie_id": "10646"
  },
  {
    "review": "머리에서 마약 나오는 느낌의 영화.. 발킬머의 연기가 대단하다.",
    "date": "09.03.01",
    "rating": "9",
    "author": "adol****",
    "review_id": "3341262",
    "movie_id": "10646"
  },
  {
    "review": "발킬머의 연기는 진짜 짐모리슨 같은 인상을 느끼게 하는 강렬함",
    "date": "08.11.18",
    "rating": "7",
    "author": "deff****",
    "review_id": "3058678",
    "movie_id": "10646"
  },
  {
    "review": "죽지못해 살다가 세상을 떠난다",
    "date": "08.08.19",
    "rating": "8",
    "author": "ngda****",
    "review_id": "2885373",
    "movie_id": "10646"
  },
  {
    "review": "실제와 환상을 뒤섞는 놀라운 연출력",
    "date": "08.07.10",
    "rating": "10",
    "author": "shin****",
    "review_id": "2751587",
    "movie_id": "10646"
  },
  {
    "review": "짐 모리슨이 지금 살아있으면 어떤모습으로 변했을까.......",
    "date": "08.02.08",
    "rating": "8",
    "author": "shin****",
    "review_id": "2422971",
    "movie_id": "10646"
  },
  {
    "review": "전기 영화는 다 OOO",
    "date": "07.12.30",
    "rating": "3",
    "author": "7th_****",
    "review_id": "2280511",
    "movie_id": "10646"
  },
  {
    "review": "진짜 이상하다.",
    "date": "07.12.10",
    "rating": "10",
    "author": "hj06****",
    "review_id": "2219976",
    "movie_id": "10646"
  },
  {
    "review": "불꽃같은 삶, 도피, 자유. 환영받기 어려웠던 광기의 천재!!",
    "date": "07.11.13",
    "rating": "10",
    "author": "matm****",
    "review_id": "2148574",
    "movie_id": "10646"
  },
  {
    "review": "혼란스럽지만 아름답고 강렬했던 그의 삶.",
    "date": "07.11.10",
    "rating": "9",
    "author": "absi****",
    "review_id": "2142621",
    "movie_id": "10646"
  },
  {
    "review": "자줏비가 내리는 그곳",
    "date": "07.08.15",
    "rating": "7",
    "author": "nana****",
    "review_id": "1939607",
    "movie_id": "10646"
  },
  {
    "review": "보고난후 한동안 가슴 벅찼던...",
    "date": "07.08.11",
    "rating": "9",
    "author": "typo****",
    "review_id": "1919579",
    "movie_id": "10646"
  },
  {
    "review": "혼란했던 사회에 짧고 강렬히 불타오르다 사라져간 그를 위한 영화",
    "date": "07.07.14",
    "rating": "9",
    "author": "skcl****",
    "review_id": "1776159",
    "movie_id": "10646"
  },
  {
    "review": "겉멋만 잔뜩 들어가지고서는. 그 허풍을 참기 힘들었다.",
    "date": "07.07.11",
    "rating": "6",
    "author": "gold****",
    "review_id": "1766594",
    "movie_id": "10646"
  },
  {
    "review": "발킬머..모리슨이랑 너무 똑같아서 놀랐던.. 목소리까지 흡사해..대단!",
    "date": "07.06.14",
    "rating": "10",
    "author": "moon****",
    "review_id": "1700405",
    "movie_id": "10646"
  },
  {
    "review": "올리버 영화에 딱 어울리는 밴드. 무겁고 재미없고 우울하고 하드하고..",
    "date": "07.05.07",
    "rating": "6",
    "author": "bepl****",
    "review_id": "1626413",
    "movie_id": "10646"
  },
  {
    "review": "짐모리슨의 삶을 보게 되었다.",
    "date": "07.03.18",
    "rating": "8",
    "author": "gp48****",
    "review_id": "1540042",
    "movie_id": "10646"
  },
  {
    "review": "멋진 연주였다... 짐 모리슨",
    "date": "07.03.10",
    "rating": "10",
    "author": "yana****",
    "review_id": "1526606",
    "movie_id": "10646"
  },
  {
    "review": "꽃처럼 살다 불같이 꺼진,, 짐 모리슨에게 경의를.,,",
    "date": "07.02.10",
    "rating": "9",
    "author": "cree****",
    "review_id": "1460908",
    "movie_id": "10646"
  },
  {
    "review": "최고.",
    "date": "07.02.08",
    "rating": "10",
    "author": "mjsp****",
    "review_id": "1454408",
    "movie_id": "10646"
  },
  {
    "review": "영화 자체는 별로지만 발킬머의 연기는 제대로다",
    "date": "07.02.08",
    "rating": "4",
    "author": "okjo****",
    "review_id": "1454201",
    "movie_id": "10646"
  },
  {
    "review": "발 킬머의 일생일대 최고의 연기를 확인해보세요.",
    "date": "07.02.02",
    "rating": "7",
    "author": "movi****",
    "review_id": "1435259",
    "movie_id": "10646"
  },
  {
    "review": "발킬머는 짐모리스의 영혼을 본듯한 느낌이 들게했다..",
    "date": "07.01.17",
    "rating": "10",
    "author": "dnjs****",
    "review_id": "1391672",
    "movie_id": "10646"
  },
  {
    "review": "보는 내가 대마초 핀 것 같은 느낌....어지러웠다",
    "date": "07.01.08",
    "rating": "9",
    "author": "icoc****",
    "review_id": "1367728",
    "movie_id": "10646"
  },
  {
    "review": "발 킬머에게 주어진 최고의 캐릭터",
    "date": "06.12.31",
    "rating": "8",
    "author": "naeg****",
    "review_id": "1345329",
    "movie_id": "10646"
  },
  {
    "review": "맥라이언 가슴 처음봤다",
    "date": "06.12.30",
    "rating": "8",
    "author": "eek5****",
    "review_id": "1341657",
    "movie_id": "10646"
  },
  {
    "review": "음악; 머리속의 영혼을 일깨우는 인간의 다른 인식계. Meg, 45",
    "date": "06.11.19",
    "rating": "9",
    "author": "luck****",
    "review_id": "1241772",
    "movie_id": "10646"
  },
  {
    "review": "발 킬머는 짐 모리슨 역을 위해 태어났다.",
    "date": "06.11.14",
    "rating": "10",
    "author": "jeta****",
    "review_id": "1231941",
    "movie_id": "10646"
  },
  {
    "review": "Not To Touch The Earth~",
    "date": "06.10.16",
    "rating": "10",
    "author": "cat1****",
    "review_id": "1183897",
    "movie_id": "10646"
  },
  {
    "review": "최고!!",
    "date": "06.10.15",
    "rating": "10",
    "author": "adva****",
    "review_id": "1181907",
    "movie_id": "10646"
  },
  {
    "review": "실험적인 영상 발킬머의 놀라운 연기 하지만 2%부족한 연출",
    "date": "06.05.28",
    "rating": "8",
    "author": "spad****",
    "review_id": "819103",
    "movie_id": "10646"
  },
  {
    "review": "굿",
    "date": "06.04.12",
    "rating": "10",
    "author": "dlwl****",
    "review_id": "758317",
    "movie_id": "10646"
  },
  {
    "review": "락앤롤은 '불꽃'에 비유할수 있다.",
    "date": "06.04.04",
    "rating": "8",
    "author": "robo****",
    "review_id": "748428",
    "movie_id": "10646"
  },
  {
    "review": "발킬머가 그래도 연기는 꽤 한다고 생각한다",
    "date": "06.02.26",
    "rating": "8",
    "author": "caus****",
    "review_id": "693608",
    "movie_id": "10646"
  },
  {
    "review": "'레이' 와 비교해서 전혀 뒤떨어지지 않는다!",
    "date": "05.12.22",
    "rating": "10",
    "author": "yytt****",
    "review_id": "519635",
    "movie_id": "10646"
  },
  {
    "review": "짐 모리슨의 팬들에겐 최고,팬이 아니라면 지루+난해.",
    "date": "05.11.26",
    "rating": "8",
    "author": "cher****",
    "review_id": "485206",
    "movie_id": "10646"
  },
  {
    "review": "도어즈의 음악이 주술처럼 들리는 이유를 알것같다..",
    "date": "05.08.31",
    "rating": "8",
    "author": "suor****",
    "review_id": "389627",
    "movie_id": "10646"
  },
  {
    "review": "짐모리슨짐모리슨짐모리슨짐모리슨짐모리슨짐모리슨짐모리슨",
    "date": "05.08.31",
    "rating": "10",
    "author": "abso****",
    "review_id": "389202",
    "movie_id": "10646"
  },
  {
    "review": "핑크플로이드의 벽같은 영화인가..",
    "date": "05.04.06",
    "rating": "10",
    "author": "kkks****",
    "review_id": "255072",
    "movie_id": "10646"
  },
  {
    "review": "그는 음악가이기에 앞서 당대 최고의 음유시인이었다!!",
    "date": "05.01.27",
    "rating": "10",
    "author": "jack****",
    "review_id": "196925",
    "movie_id": "10646"
  },
  {
    "review": "도어즈, 그들의 이름만 하나이다면 최고다! 20세기당대최고그룹!!",
    "date": "05.01.26",
    "rating": "10",
    "author": "wjdw****",
    "review_id": "196821",
    "movie_id": "10646"
  },
  {
    "review": "이 영화 한편이 당신의 운명을 바꿀 수도 있다",
    "date": "05.01.26",
    "rating": "10",
    "author": "neon****",
    "review_id": "196228",
    "movie_id": "10646"
  },
  {
    "review": "짐 모리슨을 정확하게 포착한 발 킬머",
    "date": "04.10.22",
    "rating": "7",
    "author": "thin****",
    "review_id": "130535",
    "movie_id": "10646"
  },
  {
    "review": "영화속 도어즈의 음악들이 마음을 쿵쿵울려줄거라고 장담함..음악에 10점.",
    "date": "04.07.17",
    "rating": "10",
    "author": "siha****",
    "review_id": "71960",
    "movie_id": "10646"
  },
  {
    "review": "여자친구와 봤는데 보자그랬던 제가 무안할 정도였습니다 ㅜㅜ",
    "date": "04.03.15",
    "rating": "3",
    "author": "cyll****",
    "review_id": "29071",
    "movie_id": "10646"
  }
]