[
  {
    "review": "이 명작이 왠 쓰레기 동명 한국영화에 검색창에서 가려지다니....수치다 수치 ㅡㅡ 최고의 마피아 영화",
    "date": "15.07.24",
    "rating": "10",
    "author": "emer****",
    "review_id": "10138202",
    "movie_id": "10640"
  },
  {
    "review": "조폭들의 우정이란  다 그런 식..",
    "date": "15.07.23",
    "rating": "9",
    "author": "pont****",
    "review_id": "10131594",
    "movie_id": "10640"
  },
  {
    "review": "아무것도 남는게 없는 영화. 배우들 연기는 몰입도가 있어서 1점 줄게.",
    "date": "15.06.18",
    "rating": "1",
    "author": "100q****",
    "review_id": "10007629",
    "movie_id": "10640"
  },
  {
    "review": "대부처럼 마피아안좋게 그린다면서 캐릭터는 다 미화시키는 앞뒤다른 영화보다 캐릭터와 주제모두 마피아의 더러운 세계를 잘그린 이 영화에 대부가받은 좋은점수 모두를 주고싶다",
    "date": "15.06.13",
    "rating": "10",
    "author": "sang****",
    "review_id": "9995921",
    "movie_id": "10640"
  },
  {
    "review": "악당은 악당일뿐...그리고 이건 실화임....",
    "date": "15.06.10",
    "rating": "10",
    "author": "khj1****",
    "review_id": "9988562",
    "movie_id": "10640"
  },
  {
    "review": "가장 완벽한 갱스터 영화",
    "date": "15.05.07",
    "rating": "10",
    "author": "scif****",
    "review_id": "9902633",
    "movie_id": "10640"
  },
  {
    "review": "실제로 갱들이 얼마나 더럽고 추악한지 알수 있다갱들을 미화하고 멋있어보이게 만드는 영화감독들은 반성 좀 하길",
    "date": "15.05.02",
    "rating": "10",
    "author": "bsgo****",
    "review_id": "9885629",
    "movie_id": "10640"
  },
  {
    "review": "albaldfvlakdjvlkasjdflknv",
    "date": "15.04.22",
    "rating": "8",
    "author": "dksg****",
    "review_id": "9856447",
    "movie_id": "10640"
  },
  {
    "review": "최고최고최고최고최고최고",
    "date": "15.04.12",
    "rating": "10",
    "author": "jjun****",
    "review_id": "9841879",
    "movie_id": "10640"
  },
  {
    "review": "믿고 보는 배우들이 아주 많아서 호강 했다. 물론 감독 또한 ㅎ",
    "date": "15.04.08",
    "rating": "10",
    "author": "pc59****",
    "review_id": "9834952",
    "movie_id": "10640"
  },
  {
    "review": "스콜세지 영화 중 제일 좋다,일년에 한번씩은 봐줘야한다 2008.2.7 한 인간의 파멸에 대한 고찰은 스콜세지가 최고다.",
    "date": "15.04.07",
    "rating": "9",
    "author": "mlif****",
    "review_id": "9833368",
    "movie_id": "10640"
  },
  {
    "review": "조페시....쩐다진짜,,,,",
    "date": "15.03.23",
    "rating": "10",
    "author": "war_****",
    "review_id": "9801915",
    "movie_id": "10640"
  },
  {
    "review": "러닝 타임 두시간 내내 한번도 시계를 쳐다보지 않았다. 마틴 스콜세지 공포증을 없애 준 유일한 영화.",
    "date": "15.03.09",
    "rating": "10",
    "author": "floo****",
    "review_id": "9769577",
    "movie_id": "10640"
  },
  {
    "review": "뭐 그닥.. 지루함.. 죠 페시의 연기만 기억에 남는다..",
    "date": "15.03.06",
    "rating": "7",
    "author": "tkfr****",
    "review_id": "9759876",
    "movie_id": "10640"
  },
  {
    "review": "옛날 영화라서 조금 보기 힘들지만.. 그래도 9점 받을 가치는 있다.",
    "date": "15.02.06",
    "rating": "9",
    "author": "chba****",
    "review_id": "9671770",
    "movie_id": "10640"
  },
  {
    "review": "롱테이크 씬 보고 쌌습니다.",
    "date": "15.01.31",
    "rating": "9",
    "author": "minn****",
    "review_id": "9655285",
    "movie_id": "10640"
  },
  {
    "review": "로버트 드니로와 조 페시 레이 리오타 영화를 모조리 다 보고싶게 만드는 OOO기와 스콜세지의 엄청난  연출력 우리나라 너저분한 깡패영화 만드는 감독들 배우들 꼭 봐야하는 영화",
    "date": "15.01.01",
    "rating": "10",
    "author": "wjdd****",
    "review_id": "9543593",
    "movie_id": "10640"
  },
  {
    "review": "마피아 영화를 싫어하는 내가 이걸 보고 이렇게 재미있는 영화가 세상에 있었다니 하며 탄식에 잠겼다. 예술이고 나발이고 영화는 일단 재미가 있어야 한다.",
    "date": "14.12.28",
    "rating": "10",
    "author": "hide****",
    "review_id": "9528186",
    "movie_id": "10640"
  },
  {
    "review": "조 페시 미친 연기를 볼 수 있다",
    "date": "14.11.27",
    "rating": "10",
    "author": "sh87****",
    "review_id": "9426272",
    "movie_id": "10640"
  },
  {
    "review": "그냥저냥 재미있었다. 마피아의 인간적인 모습? 이나 깡패같은 모습 둘다를 보여준거 같고 배우들 연기도 괜찮았던거 같다. 우리나라 조폭영화와는 또 다른 냄새가 나고 옛날영화의 냄새가 나서 좋았다. 그냥저냥 만족",
    "date": "14.11.17",
    "rating": "8",
    "author": "nura****",
    "review_id": "9394215",
    "movie_id": "10640"
  },
  {
    "review": "진정한 누와르. 국내 동영 영화와는 비교불가",
    "date": "14.10.30",
    "rating": "10",
    "author": "djmi****",
    "review_id": "9327961",
    "movie_id": "10640"
  },
  {
    "review": "좀 지루한 스타일이지만  나름 볼만했다",
    "date": "14.10.26",
    "rating": "6",
    "author": "ehwj****",
    "review_id": "9319850",
    "movie_id": "10640"
  },
  {
    "review": "마틴 스콜세지, 로버트 드 니로 더 이상 무슨 말이 필요함?",
    "date": "14.09.30",
    "rating": "10",
    "author": "rand****",
    "review_id": "9249957",
    "movie_id": "10640"
  },
  {
    "review": "oblivion1님 흐지부지 된게 아니라 그것때문에 나중에 토미가 마피아들한테 보복 당합니다. 마피아의 일원으로 받아들여 준다는걸 미끼로 해서 보복한거",
    "date": "14.09.10",
    "rating": "10",
    "author": "ksh1****",
    "review_id": "9201885",
    "movie_id": "10640"
  },
  {
    "review": "좋다 재미있게 봤다 명작이란 이런 것",
    "date": "14.09.07",
    "rating": "8",
    "author": "bear****",
    "review_id": "9177812",
    "movie_id": "10640"
  },
  {
    "review": "조 페시. 나한텐 '좋은 친구들'하면 이 세글자가 떠오를 것 같다.",
    "date": "14.08.27",
    "rating": "8",
    "author": "jira****",
    "review_id": "9137823",
    "movie_id": "10640"
  },
  {
    "review": "기가막힌 연기의 향연. 하지만 10점을 난무하기엔 결말이나 스토리 전개가 아쉽다. 중간에 죽인 마피아는 어떤 이야기로 이어질것 같다가 그냥 흐지부지되고 토미라는 무거운 배역을 거두절미하고 죽여버린것만 같아 아쉽다.",
    "date": "14.08.23",
    "rating": "8",
    "author": "shki****",
    "review_id": "9124916",
    "movie_id": "10640"
  },
  {
    "review": "빈틈없이 완벽한 연출과 조페시 리오타 드니로의 소름돋는 연기, 그리고 올드팝 명곡들로 이루어진 ost에 눈과 귀를 맡기다 보면 긴 러닝타임이 너무나도 짧게 느껴지게 된다. 스콜세지 인생작이자 단연 최고의 갱스터 무비.",
    "date": "14.08.15",
    "rating": "10",
    "author": "dari****",
    "review_id": "9090322",
    "movie_id": "10640"
  },
  {
    "review": "정말 양아치들의 특성을 잘살린 리얼리티한 영화",
    "date": "14.08.05",
    "rating": "10",
    "author": "juve****",
    "review_id": "9031367",
    "movie_id": "10640"
  },
  {
    "review": "갱스터 영화의 수작. 갱스터를 현실적으로 표현했다.",
    "date": "14.07.26",
    "rating": "8",
    "author": "aaas****",
    "review_id": "8962805",
    "movie_id": "10640"
  },
  {
    "review": "최근 개봉한 동명작품과 비교가 되지 않는 영원한 수작. 쓰레기스러운 덩명영화들 때문에 검색에서 이젠 흔적이 희미하네",
    "date": "14.07.24",
    "rating": "10",
    "author": "vena****",
    "review_id": "8952076",
    "movie_id": "10640"
  },
  {
    "review": "느와르 갱스터물 장르에선 단연 돋보이는 영화. 각본 자체가 갱스터의 세계를 철저히 냉정하면서도 현실적이게 그려내며 물 흐르듯 잘 흘러간다. 배우들의 연기와 연출,각본 등 너무나도 잘 맞아떨어진 영화.",
    "date": "14.07.02",
    "rating": "9",
    "author": "keep****",
    "review_id": "8876552",
    "movie_id": "10640"
  },
  {
    "review": "실화를 바탕으로 둬서 그럴까",
    "date": "14.06.14",
    "rating": "10",
    "author": "qudr****",
    "review_id": "8829215",
    "movie_id": "10640"
  },
  {
    "review": "멋있어보이는 찌질남들의 이야기?ㅋㅋㅋㅋ여자도 거부감없이 몰입할 수 있는 마틴 스콜세지의 명작 중 하나.",
    "date": "14.06.02",
    "rating": "10",
    "author": "suns****",
    "review_id": "8786325",
    "movie_id": "10640"
  },
  {
    "review": "말이 필요없다. 최고입니다!",
    "date": "14.05.21",
    "rating": "10",
    "author": "chlt****",
    "review_id": "8750848",
    "movie_id": "10640"
  },
  {
    "review": "로버트 드니로 보다는 레이리오타의 비중이 많아서 좋았습니다",
    "date": "14.05.14",
    "rating": "7",
    "author": "b744****",
    "review_id": "8730991",
    "movie_id": "10640"
  },
  {
    "review": "헨리가 마약 사업에 손을 대지만 않았으면 이런 인생 살아보는거도 나쁘지 않을거같다. 스콜세지는 갱스터들의 냉혹한 현실을 보여주는데 집중했는데도 난 그 와중에 낭만이 보이네",
    "date": "14.05.07",
    "rating": "8",
    "author": "pete****",
    "review_id": "8712518",
    "movie_id": "10640"
  },
  {
    "review": "범죄 영화 중 단연 최고봉",
    "date": "14.04.28",
    "rating": "10",
    "author": "aneh****",
    "review_id": "8679939",
    "movie_id": "10640"
  },
  {
    "review": "세 배우의 앙상블이 기가 막히다.",
    "date": "14.04.09",
    "rating": "9",
    "author": "bele****",
    "review_id": "8637462",
    "movie_id": "10640"
  },
  {
    "review": "최고의 영화 대단한 감독에 대단한배우",
    "date": "14.04.05",
    "rating": "10",
    "author": "jjjj****",
    "review_id": "8630949",
    "movie_id": "10640"
  },
  {
    "review": "거들먹거리지 않는 마피아 속살. 거기 의리도 찌질하더라.",
    "date": "14.03.23",
    "rating": "8",
    "author": "tear****",
    "review_id": "8600345",
    "movie_id": "10640"
  },
  {
    "review": "끝내주는 내용에 올드팝까지 이건뭐..",
    "date": "14.02.14",
    "rating": "9",
    "author": "pepe****",
    "review_id": "8505645",
    "movie_id": "10640"
  },
  {
    "review": "범죄자의 일생을 그냥 보여준 영화. 재미와 감동은 기대하지 말라.",
    "date": "14.02.12",
    "rating": "5",
    "author": "paek****",
    "review_id": "8500430",
    "movie_id": "10640"
  },
  {
    "review": "내생애최고의영화!말이필요없는영화!",
    "date": "14.02.11",
    "rating": "10",
    "author": "gkad****",
    "review_id": "8497194",
    "movie_id": "10640"
  },
  {
    "review": "거친 삶이란 이런 거야 꼬마야",
    "date": "14.01.27",
    "rating": "10",
    "author": "jumo****",
    "review_id": "8437305",
    "movie_id": "10640"
  },
  {
    "review": "씁쓸한 맛이 달게 느껴진다",
    "date": "14.01.21",
    "rating": "7",
    "author": "rcan****",
    "review_id": "8405734",
    "movie_id": "10640"
  },
  {
    "review": "로버트드니로가 조연이기는하지만 인상은 가장 깊네 쩐다 이영화",
    "date": "14.01.03",
    "rating": "10",
    "author": "xx41****",
    "review_id": "8345319",
    "movie_id": "10640"
  },
  {
    "review": "알고보니 레이 리오타가 주연이고 로버트 드니로는 조연인 영화. 사실적인 범죄물. 다만 과도한 나레이션이 몰입에 방해가 될 정도.",
    "date": "14.01.02",
    "rating": "8",
    "author": "ohys****",
    "review_id": "8338755",
    "movie_id": "10640"
  },
  {
    "review": "걸작 갱스터 영화!! 조 페시와 드니로의 연기가 아주 섬뜩할정도로 대단하다!",
    "date": "13.12.29",
    "rating": "10",
    "author": "dark****",
    "review_id": "8319777",
    "movie_id": "10640"
  },
  {
    "review": "마피아영화에서는 최고의 영화가 아닐까 대부가 너무 진지하다면 마틴스콜세즈식 유머가 양념으로 곁들여지는 미국식 마피아영화같다.",
    "date": "13.12.27",
    "rating": "10",
    "author": "sads****",
    "review_id": "8309130",
    "movie_id": "10640"
  },
  {
    "review": "스콜세지 공식에 충실한 명작",
    "date": "13.12.18",
    "rating": "10",
    "author": "twij****",
    "review_id": "8226619",
    "movie_id": "10640"
  },
  {
    "review": "재밌게 잘 봤습니다 갱스터들의 화려함속 내부를 표현한 점이 마음에 드네요.",
    "date": "13.11.29",
    "rating": "9",
    "author": "ssya****",
    "review_id": "8175756",
    "movie_id": "10640"
  },
  {
    "review": "순도99.9%의 순수한(?) 갱스터무비~ 겉멋 잔뜩든 깡패 미화들 영화와는 차원이 다르다.",
    "date": "13.11.17",
    "rating": "9",
    "author": "real****",
    "review_id": "8145857",
    "movie_id": "10640"
  },
  {
    "review": "마피아 영화의 표본이자 교과서",
    "date": "13.11.08",
    "rating": "10",
    "author": "sunl****",
    "review_id": "8124390",
    "movie_id": "10640"
  },
  {
    "review": "뭐든 '잘'만들었다고 느끼는 예술 작품들은 잘보이거나, 잘들리거나, 잘읽히거나, 잘느껴진다. 이 영화가 그렇다.",
    "date": "13.10.27",
    "rating": "9",
    "author": "dpdj****",
    "review_id": "8092973",
    "movie_id": "10640"
  },
  {
    "review": "좋은 친구들은 결국 서로 배신하게 되는 군. 쓸쓸한 조폭의 말로.",
    "date": "13.10.19",
    "rating": "7",
    "author": "ykdi****",
    "review_id": "8072682",
    "movie_id": "10640"
  },
  {
    "review": "영화같은 흥에서 현실의 망까지 범죄 영화의 최고봉",
    "date": "13.10.11",
    "rating": "10",
    "author": "kth3****",
    "review_id": "8053955",
    "movie_id": "10640"
  },
  {
    "review": "조 페시의 미친 연기 드니로의 존재감 리오타의 에너지",
    "date": "13.10.02",
    "rating": "10",
    "author": "trfo****",
    "review_id": "8026863",
    "movie_id": "10640"
  },
  {
    "review": "대부와 전혀 다르면서 대부 클래스의 밀도를 보여주는 명작.",
    "date": "13.10.01",
    "rating": "10",
    "author": "acdc****",
    "review_id": "8025816",
    "movie_id": "10640"
  },
  {
    "review": "굿",
    "date": "13.09.16",
    "rating": "10",
    "author": "jazz****",
    "review_id": "7986548",
    "movie_id": "10640"
  },
  {
    "review": "낭만이 없고 도덕이 없어서 더욱 훌륭한 마피아, 범죄 영화의 분수령",
    "date": "13.09.07",
    "rating": "10",
    "author": "hom3****",
    "review_id": "7956215",
    "movie_id": "10640"
  },
  {
    "review": "지루할틈을 주지않는 갱스터영화. 마피아의 모든것에 어떠한 개입없이 있는그대로의 모습을 보여줘서 더 좋다.",
    "date": "13.08.29",
    "rating": "10",
    "author": "dwc0****",
    "review_id": "7930811",
    "movie_id": "10640"
  },
  {
    "review": "대부를 뛰어넘은 명작",
    "date": "13.08.23",
    "rating": "10",
    "author": "loop****",
    "review_id": "7913918",
    "movie_id": "10640"
  },
  {
    "review": "인생에서 가장 중요한 두 가지를 알려준  지미에 대한 , 헨리의 가장 정당한 선택.",
    "date": "13.08.09",
    "rating": "8",
    "author": "acoy****",
    "review_id": "7861214",
    "movie_id": "10640"
  },
  {
    "review": "명작 게임 마피아(Mafia)를 탄생시킨  불후의 작품",
    "date": "13.08.03",
    "rating": "9",
    "author": "grav****",
    "review_id": "7826792",
    "movie_id": "10640"
  },
  {
    "review": "최고의 영화 굿 .",
    "date": "13.07.30",
    "rating": "10",
    "author": "dusq****",
    "review_id": "7799812",
    "movie_id": "10640"
  },
  {
    "review": "연출력,연기력은 좋았다.하지만 끝으로 갈수록 힘과 임팩트가 약해지고 스토리가 비는 느낌이다.초중반 흥미를 끝까지 유지하지못한것이 아쉬울뿐이다.그래도 워낙 출중한 영화니까..하지만 예상외로 단순한 갱영화였다는점이 아쉽다.",
    "date": "13.07.14",
    "rating": "8",
    "author": "chjy****",
    "review_id": "7741211",
    "movie_id": "10640"
  },
  {
    "review": "스콜세지 필모그래피의 최고의 역작 90년대 최고의 영화. 영화 내내 나오는 올드팝들은 내 귀 또한 만족시켜주었다. 실화라는점에서 점수를 더 주고싶네",
    "date": "13.07.06",
    "rating": "10",
    "author": "wnse****",
    "review_id": "7711474",
    "movie_id": "10640"
  },
  {
    "review": "조페시와친구들",
    "date": "13.05.29",
    "rating": "10",
    "author": "bang****",
    "review_id": "7561010",
    "movie_id": "10640"
  },
  {
    "review": "잘만든 작품은 장르불문하고 시대를 넘어 빛을 내뿜는다. 거장은 괜히 거장이 아님을 보여주는 굉장한 수작.",
    "date": "13.05.26",
    "rating": "9",
    "author": "rock****",
    "review_id": "7556586",
    "movie_id": "10640"
  },
  {
    "review": "물론 연출력이나 연기력은 검증된영화임은 틀림없다. 난 택시드라이버를 상당히 좋아한다 . 하지만 마틴스콜세지의 다른영화들, 성난황소, 좋은친구들, 코미디의왕, 예수의 마지막유혹 등을 끝까지 보기가 어려웠다. 왜냐면 너무 지루하기 때문이다. 극도로지루하다",
    "date": "13.05.26",
    "rating": "1",
    "author": "kraf****",
    "review_id": "7556383",
    "movie_id": "10640"
  },
  {
    "review": "굳 도니브래스코보다 훨씬낫다",
    "date": "13.05.17",
    "rating": "10",
    "author": "sooh****",
    "review_id": "7533773",
    "movie_id": "10640"
  },
  {
    "review": "대박이네요...",
    "date": "13.04.28",
    "rating": "10",
    "author": "nffk****",
    "review_id": "7490011",
    "movie_id": "10640"
  },
  {
    "review": "단언코 내가 본 영화중에 최고이며 최고일것.",
    "date": "13.04.08",
    "rating": "10",
    "author": "newm****",
    "review_id": "7443165",
    "movie_id": "10640"
  },
  {
    "review": "조 페시의 연기는 진짜 최고다",
    "date": "13.04.04",
    "rating": "10",
    "author": "bamb****",
    "review_id": "7435111",
    "movie_id": "10640"
  },
  {
    "review": "최고!",
    "date": "13.03.30",
    "rating": "10",
    "author": "lsh5****",
    "review_id": "7423474",
    "movie_id": "10640"
  },
  {
    "review": "25년에 가까이 지난 지금도 나에겐 최고의 마틴 스콜세지 영화.",
    "date": "13.03.28",
    "rating": "10",
    "author": "face****",
    "review_id": "7415735",
    "movie_id": "10640"
  },
  {
    "review": "대부 , 원스 어폰 어 타임 인 아메리카 그리고 좋은 친구들",
    "date": "13.03.21",
    "rating": "10",
    "author": "jmp0****",
    "review_id": "7386332",
    "movie_id": "10640"
  },
  {
    "review": "억지전개 없고 끝맺음 좋은 현실적인 마피아 영화",
    "date": "13.03.20",
    "rating": "9",
    "author": "2519****",
    "review_id": "7374712",
    "movie_id": "10640"
  },
  {
    "review": "저평가된 신화를 부순 영화.",
    "date": "13.03.07",
    "rating": "10",
    "author": "dlwo****",
    "review_id": "7328344",
    "movie_id": "10640"
  },
  {
    "review": "대부와 비슷하지만 전혀 다른 이야기.갱스터 무비의 바이블을 논한다면 꼭 3손가락 안에 들어갈 영화",
    "date": "13.02.28",
    "rating": "10",
    "author": "ujum****",
    "review_id": "7308675",
    "movie_id": "10640"
  },
  {
    "review": "마틴 스콜세지의 범죄 영화. 재미도 있고 연기도 좋고",
    "date": "13.02.27",
    "rating": "8",
    "author": "harr****",
    "review_id": "7307323",
    "movie_id": "10640"
  },
  {
    "review": "인생영화",
    "date": "13.02.25",
    "rating": "10",
    "author": "hcje****",
    "review_id": "7299620",
    "movie_id": "10640"
  },
  {
    "review": "마피아에 대한 가장 돌직구적인 영화라고나 할까, 힘있게 잔가지 없이 가는 훌륭한 범죄영화.",
    "date": "13.02.10",
    "rating": "9",
    "author": "jys4****",
    "review_id": "7245768",
    "movie_id": "10640"
  },
  {
    "review": "개인적으로 대부보다 더 재밌게 봤다",
    "date": "13.01.31",
    "rating": "10",
    "author": "aida****",
    "review_id": "7200801",
    "movie_id": "10640"
  },
  {
    "review": "최고다진짜 ...",
    "date": "13.01.27",
    "rating": "10",
    "author": "alcc****",
    "review_id": "7181957",
    "movie_id": "10640"
  },
  {
    "review": "최고",
    "date": "13.01.04",
    "rating": "10",
    "author": "seun****",
    "review_id": "7080443",
    "movie_id": "10640"
  },
  {
    "review": "연출 연기 뭐하나빠지지않네",
    "date": "12.12.10",
    "rating": "10",
    "author": "ahzk****",
    "review_id": "6990140",
    "movie_id": "10640"
  },
  {
    "review": "누구나 한번쯤 캥이 되고 싶은 상상을 하지 않을까.,.,",
    "date": "12.11.28",
    "rating": "8",
    "author": "milk****",
    "review_id": "6934152",
    "movie_id": "10640"
  },
  {
    "review": "왜 자꾸 대부랑 비교하는지 모르겠다. 대부랑 이영화는 다르다.대부는 갱중에서도 최고위치의 얘기고 좋은 친구들은 갱중에서도 하위층의 얘기다. 서있는 자리가 다르기때문에 전해고자하는 얘기가 다를수밖에없다. 이 영화는 이 영화나름의 재미가 있는법이다.",
    "date": "12.11.22",
    "rating": "8",
    "author": "qkqn****",
    "review_id": "6911485",
    "movie_id": "10640"
  },
  {
    "review": "갱들 이야기인지 영화가 참 요란스러웠다. .그래서 보고 와도 후반 장면 빼곤 이야기가 눈에 잘 안들어왔고, 실제 실화를 바탕으로 만든 영화다 보니 무섭기도 하고 불쾌했지만 그러면서도 갱들의 세계에 점점 빠져들었다.연기랑 음악이 참 좋았다.",
    "date": "12.11.18",
    "rating": "8",
    "author": "wngu****",
    "review_id": "6902144",
    "movie_id": "10640"
  },
  {
    "review": "친구도 친구지만 솔직히 지가 말아 먹었네",
    "date": "12.10.14",
    "rating": "5",
    "author": "expr****",
    "review_id": "6801789",
    "movie_id": "10640"
  },
  {
    "review": "55me",
    "date": "12.09.29",
    "rating": "10",
    "author": "otom****",
    "review_id": "6741561",
    "movie_id": "10640"
  },
  {
    "review": "good fellas. good movie",
    "date": "12.09.01",
    "rating": "8",
    "author": "prim****",
    "review_id": "6659901",
    "movie_id": "10640"
  },
  {
    "review": "탄탄한 스토리가 실감나게 전개되는군",
    "date": "12.08.28",
    "rating": "7",
    "author": "guev****",
    "review_id": "6649726",
    "movie_id": "10640"
  },
  {
    "review": "ㅇ",
    "date": "12.08.07",
    "rating": "10",
    "author": "dlqn****",
    "review_id": "6580051",
    "movie_id": "10640"
  },
  {
    "review": "이걸지금보다니_best 네요",
    "date": "12.08.02",
    "rating": "10",
    "author": "nihi****",
    "review_id": "6565214",
    "movie_id": "10640"
  },
  {
    "review": "참 좋은 녀석들이구만^^",
    "date": "12.07.03",
    "rating": "8",
    "author": "last****",
    "review_id": "6440711",
    "movie_id": "10640"
  },
  {
    "review": "언제나 주인공의 세상에 빠져들게 만드는 마틴스콜세지의 천재성.",
    "date": "12.06.20",
    "rating": "9",
    "author": "blac****",
    "review_id": "6404987",
    "movie_id": "10640"
  },
  {
    "review": "정말 좋은 친구들일까? 스콜세지식 갱영화의 최정점.",
    "date": "12.06.06",
    "rating": "10",
    "author": "bamg****",
    "review_id": "6367348",
    "movie_id": "10640"
  }
]