[
  {
    "review": "자기 작품의 아류작을 스스로 찍는 코폴라",
    "date": "14.06.06",
    "rating": "1",
    "author": "expr****",
    "review_id": "8805653",
    "movie_id": "10643"
  },
  {
    "review": "난 괜찮았음...리차드 기어의 매력이 장난아님..;;;",
    "date": "13.06.25",
    "rating": "8",
    "author": "do11****",
    "review_id": "7679681",
    "movie_id": "10643"
  },
  {
    "review": "코폴라 필모를 훑는 사람이라면 이 작품 만큼은 피해라",
    "date": "13.01.10",
    "rating": "1",
    "author": "neoi****",
    "review_id": "7099337",
    "movie_id": "10643"
  },
  {
    "review": "배우 연기력도 연출도 코폴라를 거장으로 만들어준 <대부 트릴로지>의 코스프레",
    "date": "13.01.10",
    "rating": "1",
    "author": "neoi****",
    "review_id": "7099329",
    "movie_id": "10643"
  },
  {
    "review": "같은 세대 거장 들 영화들보다 못하다. 칼로 사람 죽이는 씬이 있었는데  어떻게 이렇게 지루 할 수가 있는가",
    "date": "13.01.10",
    "rating": "1",
    "author": "neoi****",
    "review_id": "7099308",
    "movie_id": "10643"
  },
  {
    "review": "코폴라 슬슬 거품이 부글 부글 끓기 시작 할 때",
    "date": "13.01.10",
    "rating": "1",
    "author": "neoi****",
    "review_id": "7099299",
    "movie_id": "10643"
  },
  {
    "review": "진짜 재미없다",
    "date": "13.01.10",
    "rating": "1",
    "author": "neoi****",
    "review_id": "7099295",
    "movie_id": "10643"
  },
  {
    "review": "젊고 섹시한 리차드 기어ㅎㅎ 내용도 나쁘지않았다 실제이야기를 바탕으로 한 영화라 드라마틱한 내용이라기 보다는 잔잔하게 재미있었다 ㅎㅎ",
    "date": "12.11.15",
    "rating": "10",
    "author": "dora****",
    "review_id": "6891643",
    "movie_id": "10643"
  },
  {
    "review": "까마귀 날자 배 떨어지는 스토리. 싸다구 장면만 볼만하다.",
    "date": "12.09.19",
    "rating": "3",
    "author": "l00s****",
    "review_id": "6713306",
    "movie_id": "10643"
  },
  {
    "review": "다이안 레인이 리차드 기어한테 홀딱 반해서, 촬영 스케줄이 마비되었던 바로 그 영화",
    "date": "12.03.13",
    "rating": "8",
    "author": "kjk1****",
    "review_id": "6140972",
    "movie_id": "10643"
  },
  {
    "review": "탭댄스와 따발총",
    "date": "11.10.08",
    "rating": "7",
    "author": "bbq2****",
    "review_id": "5777307",
    "movie_id": "10643"
  },
  {
    "review": "영화랑 음악이랑 춤이 서로 어울리지 못했다. 다이안 레인의 젊은 시절만 돋보인다",
    "date": "10.11.17",
    "rating": "4",
    "author": "cont****",
    "review_id": "4968251",
    "movie_id": "10643"
  },
  {
    "review": "특별한 주제도 없이 내용이 전개되는 영화임.",
    "date": "10.08.14",
    "rating": "6",
    "author": "jjyn****",
    "review_id": "4746362",
    "movie_id": "10643"
  },
  {
    "review": "racism. 다이안 레인의 눈부신 미모와 리처드 기어의 젊은 날의 섹시함",
    "date": "10.06.01",
    "rating": "8",
    "author": "come****",
    "review_id": "4536579",
    "movie_id": "10643"
  },
  {
    "review": "거장과 명배우였음에도 기억나는 건 흑인, 분홍빛, 지루함.. 84년 고딩 시절이여~",
    "date": "09.03.04",
    "rating": "3",
    "author": "acin****",
    "review_id": "3346482",
    "movie_id": "10643"
  },
  {
    "review": "다이안 레인이 팜므파탈과 같은 매력이 물씬- *",
    "date": "08.05.13",
    "rating": "10",
    "author": "tmlm****",
    "review_id": "2639548",
    "movie_id": "10643"
  },
  {
    "review": "탭댄스를 조금만 덜 췄었더라면.",
    "date": "08.03.10",
    "rating": "6",
    "author": "fren****",
    "review_id": "2513805",
    "movie_id": "10643"
  },
  {
    "review": "good",
    "date": "07.10.20",
    "rating": "5",
    "author": "cles****",
    "review_id": "2101597",
    "movie_id": "10643"
  },
  {
    "review": "뿌연담배연기같았던 분위기만 기억나네;;",
    "date": "07.01.04",
    "rating": "8",
    "author": "naeg****",
    "review_id": "1355676",
    "movie_id": "10643"
  },
  {
    "review": "볼만",
    "date": "06.12.15",
    "rating": "6",
    "author": "ysuh****",
    "review_id": "1292925",
    "movie_id": "10643"
  },
  {
    "review": "코폴라의 실수.",
    "date": "06.11.02",
    "rating": "3",
    "author": "ingr****",
    "review_id": "1212249",
    "movie_id": "10643"
  },
  {
    "review": "인종차별과주인공들의 과거무력의 힘과 순환 맞물려이야기가진행",
    "date": "06.10.19",
    "rating": "10",
    "author": "rian****",
    "review_id": "1188685",
    "movie_id": "10643"
  },
  {
    "review": "멋진 영화",
    "date": "06.10.13",
    "rating": "10",
    "author": "zeed****",
    "review_id": "1177855",
    "movie_id": "10643"
  },
  {
    "review": "바람아 오늘만은 그냥 지나가라. 오늘은 쉬고 싶다!",
    "date": "06.10.04",
    "rating": "7",
    "author": "gehe****",
    "review_id": "1160172",
    "movie_id": "10643"
  },
  {
    "review": "카튼클럽의 화려함과 어두움의 조화 (평점너무낮다)",
    "date": "06.10.01",
    "rating": "10",
    "author": "ran2****",
    "review_id": "1153369",
    "movie_id": "10643"
  },
  {
    "review": "좀 지루하지만 나름대로 보는 맛이 있는 작품",
    "date": "06.10.01",
    "rating": "6",
    "author": "okjo****",
    "review_id": "1152497",
    "movie_id": "10643"
  },
  {
    "review": "밋밋한 줄거리로 채우지 못한 갈증을 음악과 춤이 대신한다.",
    "date": "06.10.01",
    "rating": "7",
    "author": "hadl****",
    "review_id": "1151832",
    "movie_id": "10643"
  },
  {
    "review": "재미있더군!!",
    "date": "04.10.13",
    "rating": "7",
    "author": "arie****",
    "review_id": "125212",
    "movie_id": "10643"
  },
  {
    "review": "5공시절 어린나이에 충격적으로 본 작품..",
    "date": "04.03.16",
    "rating": "9",
    "author": "cine****",
    "review_id": "29290",
    "movie_id": "10643"
  }
]