[
  {
    "review": "소설인가 만화인가는 꽤나 재밌었던 인기작. 영화도 1편이 시리즈중 젤 볼만했던 기억",
    "date": "12.02.23",
    "rating": "6",
    "author": "gall****",
    "review_id": "6099316",
    "movie_id": "10649"
  },
  {
    "review": "1990년 당시 복카치오라는 만화가 스포츠신문에 연재되었었죠.",
    "date": "10.06.20",
    "rating": "1",
    "author": "mcle****",
    "review_id": "4580431",
    "movie_id": "10649"
  },
  {
    "review": "3류 에로물 이란 말이 딱 어울리는",
    "date": "07.09.22",
    "rating": "3",
    "author": "evil****",
    "review_id": "2036566",
    "movie_id": "10649"
  },
  {
    "review": "3류란 말이 딱 어울리는 ~",
    "date": "07.04.23",
    "rating": "1",
    "author": "salm****",
    "review_id": "1601751",
    "movie_id": "10649"
  },
  {
    "review": "동시상영 극장에서 담배꼬나물고 본~~당시에는 은근야했는데..",
    "date": "07.04.02",
    "rating": "10",
    "author": "s010****",
    "review_id": "1569528",
    "movie_id": "10649"
  }
]