[
  {
    "review": "어떤 특별한 주제가 없는 거 같다! 좀 지루한 편..",
    "date": "14.03.21",
    "rating": "7",
    "author": "katy****",
    "review_id": "8593993",
    "movie_id": "10651"
  },
  {
    "review": "상남자 !케빈클라인,",
    "date": "13.12.04",
    "rating": "10",
    "author": "pass****",
    "review_id": "8188496",
    "movie_id": "10651"
  },
  {
    "review": "전형적이지만 거부할 수 없는 서부극의 묘미...",
    "date": "12.12.07",
    "rating": "9",
    "author": "ggae****",
    "review_id": "6982492",
    "movie_id": "10651"
  },
  {
    "review": "뻔한 이야기지만 남자라면 이런 서부극에 끌릴수밖에 없다",
    "date": "12.11.19",
    "rating": "8",
    "author": "sinb****",
    "review_id": "6906010",
    "movie_id": "10651"
  },
  {
    "review": "그럭저럭",
    "date": "12.05.05",
    "rating": "5",
    "author": "dbzh****",
    "review_id": "6274738",
    "movie_id": "10651"
  },
  {
    "review": "ㅇㅇ 잼있었다 ㅋㅋㅋ",
    "date": "12.02.23",
    "rating": "10",
    "author": "ghkd****",
    "review_id": "6097852",
    "movie_id": "10651"
  },
  {
    "review": "기대가 넘 컸다 갈등 고조는 적절했으나 복수과정이 너무 약하고 어설프게 끝나버린다",
    "date": "12.02.11",
    "rating": "6",
    "author": "mggw****",
    "review_id": "6067714",
    "movie_id": "10651"
  },
  {
    "review": "중반 이후부터 흥미진진. 잘 짜여진 각본과 배우들의 호연이 빚어낸 명작.",
    "date": "12.02.09",
    "rating": "10",
    "author": "wooj****",
    "review_id": "6063662",
    "movie_id": "10651"
  },
  {
    "review": "케빈코스트너와 제프골드브럼이 조연으로 나온다",
    "date": "11.04.18",
    "rating": "10",
    "author": "pkaa****",
    "review_id": "5380028",
    "movie_id": "10651"
  },
  {
    "review": "괜찮은 서부영화...",
    "date": "11.04.18",
    "rating": "10",
    "author": "jm01****",
    "review_id": "5379855",
    "movie_id": "10651"
  },
  {
    "review": "잼있어요...",
    "date": "11.04.17",
    "rating": "10",
    "author": "qhde****",
    "review_id": "5379163",
    "movie_id": "10651"
  },
  {
    "review": "ebs일요내시마로 봤는데 굿!!!",
    "date": "11.04.17",
    "rating": "10",
    "author": "dudr****",
    "review_id": "5379154",
    "movie_id": "10651"
  },
  {
    "review": "볼만하지만 너무 긍정적인게 서부극 맛을 떨어지게 하는거 같아",
    "date": "11.04.17",
    "rating": "7",
    "author": "kimg****",
    "review_id": "5379150",
    "movie_id": "10651"
  },
  {
    "review": "미국적 사고와 동양적 정서의 혼합같은 캐스단의 편안한 오락서부극",
    "date": "10.09.03",
    "rating": "8",
    "author": "ador****",
    "review_id": "4813020",
    "movie_id": "10651"
  },
  {
    "review": "good!!",
    "date": "10.02.09",
    "rating": "10",
    "author": "drwo****",
    "review_id": "4264198",
    "movie_id": "10651"
  },
  {
    "review": "정말 괜찮은 서부영화",
    "date": "09.10.31",
    "rating": "8",
    "author": "bete****",
    "review_id": "3927535",
    "movie_id": "10651"
  },
  {
    "review": "지루해서 보다가 낙오하겠다. 스피디한 전개가 없어 아쉽다. 배우들의 역량이 묻힘.",
    "date": "09.06.21",
    "rating": "1",
    "author": "sykm****",
    "review_id": "3579977",
    "movie_id": "10651"
  },
  {
    "review": "그냥 나쁘진 않은데 지루하고 길다.",
    "date": "09.06.21",
    "rating": "6",
    "author": "hadl****",
    "review_id": "3579881",
    "movie_id": "10651"
  },
  {
    "review": "가장 맘에들었던건 짜임세있는 진행방식이다.",
    "date": "07.12.03",
    "rating": "8",
    "author": "wuta****",
    "review_id": "2202631",
    "movie_id": "10651"
  },
  {
    "review": "서부 영화 좋다",
    "date": "07.11.04",
    "rating": "7",
    "author": "deff****",
    "review_id": "2131905",
    "movie_id": "10651"
  },
  {
    "review": "감동을 원없이 제대로 먹여준다.고전 서부영화의 걸작들 못지않은 최고경지",
    "date": "07.09.17",
    "rating": "10",
    "author": "baks****",
    "review_id": "2026732",
    "movie_id": "10651"
  },
  {
    "review": "헉 이게 85년도꺼 -_-대단",
    "date": "06.06.30",
    "rating": "10",
    "author": "djaa****",
    "review_id": "864286",
    "movie_id": "10651"
  },
  {
    "review": "웨스턴 영화 \"걸작\"은 아닐지라도 기대 이상의 재미는 있다.",
    "date": "06.01.02",
    "rating": "7",
    "author": "movi****",
    "review_id": "551831",
    "movie_id": "10651"
  },
  {
    "review": "웨스턴 무비의 걸작",
    "date": "05.12.24",
    "rating": "9",
    "author": "kws7****",
    "review_id": "524535",
    "movie_id": "10651"
  },
  {
    "review": "총잡이들의 시대, 아주 볼만한 서부극",
    "date": "05.08.01",
    "rating": "8",
    "author": "varg****",
    "review_id": "345153",
    "movie_id": "10651"
  },
  {
    "review": "나쁘지 않은 서부영화",
    "date": "05.07.30",
    "rating": "7",
    "author": "pbug****",
    "review_id": "340879",
    "movie_id": "10651"
  },
  {
    "review": "멋있는 영화~~!",
    "date": "04.07.25",
    "rating": "10",
    "author": "ydon****",
    "review_id": "76721",
    "movie_id": "10651"
  },
  {
    "review": "너무너무 재미 있고 감동적 이에요.",
    "date": "04.07.25",
    "rating": "4",
    "author": "jhhp****",
    "review_id": "76719",
    "movie_id": "10651"
  },
  {
    "review": "보고싶은 영화",
    "date": "04.07.25",
    "rating": "10",
    "author": "reon****",
    "review_id": "76467",
    "movie_id": "10651"
  }
]