[
  {
    "review": "여자 이쁨 동거냐 ㅡㅡ;;;",
    "date": "14.10.15",
    "rating": "5",
    "author": "kang****",
    "review_id": "9293234",
    "movie_id": "10659"
  },
  {
    "review": "83년도에 저런 개방적 성을 가진 여성이 있어나?ㅋㅋㅋ",
    "date": "14.10.06",
    "rating": "8",
    "author": "mirj****",
    "review_id": "9269965",
    "movie_id": "10659"
  },
  {
    "review": "봐줄만하다. 여자가 너무 헤프다.",
    "date": "14.05.16",
    "rating": "7",
    "author": "kyki****",
    "review_id": "8736875",
    "movie_id": "10659"
  },
  {
    "review": "여자 캐이쁨.  더군다나 1983년작이란걸 잊지마셈~",
    "date": "14.04.11",
    "rating": "10",
    "author": "revo****",
    "review_id": "8641241",
    "movie_id": "10659"
  },
  {
    "review": "본사람이 없는건가 이런명작을 ㅎ",
    "date": "13.02.24",
    "rating": "10",
    "author": "iwc7****",
    "review_id": "7296235",
    "movie_id": "10659"
  }
]