[
  {
    "review": "화려한 출연진에 못미쳐도 한참 못미치는 영화, 지루해 죽는 줄.",
    "date": "14.10.24",
    "rating": "1",
    "author": "rich****",
    "review_id": "9313017",
    "movie_id": "10650"
  },
  {
    "review": "ㅋㅋㅋㅋㅋㅋㅋㅋㅋㅋㅋㅋㅋㅋㅋㅋ",
    "date": "13.08.12",
    "rating": "1",
    "author": "koas****",
    "review_id": "7871567",
    "movie_id": "10650"
  },
  {
    "review": "imdb 3점대에 빛나는 저예산 괴작. 찾아봤더니 피라냐2 괴작 만든 사람이었네",
    "date": "12.03.16",
    "rating": "2",
    "author": "morb****",
    "review_id": "6147005",
    "movie_id": "10650"
  },
  {
    "review": "아오 드럽게 재미없다. 바다의 왕자는 킬러웨일(범고래)이라는 교훈",
    "date": "12.03.16",
    "rating": "1",
    "author": "dtsl****",
    "review_id": "6146770",
    "movie_id": "10650"
  },
  {
    "review": "그냥 올드보이 보냈으면 진작에 해결되는 건데...ㅋ",
    "date": "12.03.05",
    "rating": "7",
    "author": "sepe****",
    "review_id": "6125403",
    "movie_id": "10650"
  },
  {
    "review": "77년 여름, 대한극장에서 줄서서 봤던영화.다시보니 웃음밖엔 안나오네...",
    "date": "10.09.06",
    "rating": "10",
    "author": "sly1****",
    "review_id": "4819453",
    "movie_id": "10650"
  },
  {
    "review": "문어의 방구때메 난 이영화에 실망을 가지게 됬다",
    "date": "08.08.14",
    "rating": "10",
    "author": "ajtw****",
    "review_id": "2871523",
    "movie_id": "10650"
  },
  {
    "review": "문어보다 곰치가 무서웟다.",
    "date": "06.12.15",
    "rating": "4",
    "author": "para****",
    "review_id": "1294085",
    "movie_id": "10650"
  }
]