[
  {
    "review": "정말 옛영화 그당시 넘 잼났는데 ㅋ",
    "date": "14.12.09",
    "rating": "10",
    "author": "donj****",
    "review_id": "9461666",
    "movie_id": "10657"
  },
  {
    "review": "강박증, 강박장애를 스릴러 소재로써 굉장히 효과적으로 표현한 영화.",
    "date": "14.11.18",
    "rating": "10",
    "author": "ball****",
    "review_id": "9397268",
    "movie_id": "10657"
  },
  {
    "review": "스릴러로서 상당히 임팩트 없는 비호감 줄리아 로버츠 주연의 영화",
    "date": "14.10.03",
    "rating": "1",
    "author": "jjaj****",
    "review_id": "9257120",
    "movie_id": "10657"
  },
  {
    "review": "남편   나올때  죠스 보는느낌  ㅋㅋㅋㅋ빠밤~빠밤",
    "date": "14.09.17",
    "rating": "8",
    "author": "zhde****",
    "review_id": "9221243",
    "movie_id": "10657"
  },
  {
    "review": "또보네요  스릴최고예요",
    "date": "14.09.11",
    "rating": "10",
    "author": "jaka****",
    "review_id": "9205915",
    "movie_id": "10657"
  },
  {
    "review": "옛날 영화라는 점을 감안해도 적당한 긴장감과 스릴감이 좋았다",
    "date": "14.09.03",
    "rating": "8",
    "author": "ehwj****",
    "review_id": "9161298",
    "movie_id": "10657"
  },
  {
    "review": "위험한정사와 비교해서 봐도 좋을듯. 상대방이 싫다고 하면 그만두는게 사랑이다.",
    "date": "14.07.12",
    "rating": "8",
    "author": "whia****",
    "review_id": "8907613",
    "movie_id": "10657"
  },
  {
    "review": "여자 주인공이 너무도 예쁜데 괴롭히는 남자 배역도 딱 그런 타입으로 골라서 진짜 인상깊은 영화..",
    "date": "14.05.17",
    "rating": "10",
    "author": "na71****",
    "review_id": "8738244",
    "movie_id": "10657"
  },
  {
    "review": "줄리아로버츠만 빛나는 멜로 스릴러물",
    "date": "14.01.11",
    "rating": "8",
    "author": "katy****",
    "review_id": "8369173",
    "movie_id": "10657"
  },
  {
    "review": "초반 탈출하기 위한 짧은 준비가 인상깊네요,",
    "date": "13.12.18",
    "rating": "8",
    "author": "pass****",
    "review_id": "8225829",
    "movie_id": "10657"
  },
  {
    "review": "한 순간에 끝나버리는 결말이 아쉽다좀 아쉽다,,",
    "date": "13.11.29",
    "rating": "6",
    "author": "dae6****",
    "review_id": "8175991",
    "movie_id": "10657"
  },
  {
    "review": "후반부 급허무개콘 됨.. 그럴 거면 벤은 대체 왜 등장했으며 그렇게 장황하게 이야기는 왜 만듦..ㅋ..최악이다. 진짜 별점 엄청 후하게 주는 편인데 이건 딱 이게 적당한 영화. 그나마 초중반부 스릴 때문에 5점이라도 준다.. 개황당하네 진짜.",
    "date": "13.10.13",
    "rating": "5",
    "author": "yasi****",
    "review_id": "8057221",
    "movie_id": "10657"
  },
  {
    "review": "와 진짜...무서워서..ㅋㅋㅋ 남편 연기 진짜...와...",
    "date": "13.07.16",
    "rating": "10",
    "author": "dbsr****",
    "review_id": "7748689",
    "movie_id": "10657"
  },
  {
    "review": "긴장감 도는 순간에도 아.. 줄리아로버츠 예쁘다는 생각이 안 떠남.ㅎㅎ 오래된 영화치곤 재밌게 봄~",
    "date": "13.07.01",
    "rating": "7",
    "author": "soda****",
    "review_id": "7694917",
    "movie_id": "10657"
  },
  {
    "review": "스릴러속에서도 빛나는 줄리아로버츠의 미소 무조건응원하게되는 그녀",
    "date": "13.05.19",
    "rating": "8",
    "author": "jjcv****",
    "review_id": "7541304",
    "movie_id": "10657"
  },
  {
    "review": "손꼽는 영화",
    "date": "13.01.26",
    "rating": "10",
    "author": "sowh****",
    "review_id": "7179779",
    "movie_id": "10657"
  },
  {
    "review": "스릴러의 최고봉",
    "date": "13.01.15",
    "rating": "10",
    "author": "cap1****",
    "review_id": "7119856",
    "movie_id": "10657"
  },
  {
    "review": "소재도 독특하고 남편이 연기를 잘해요..마지막 부분은 긴장감이 폭발",
    "date": "12.11.24",
    "rating": "8",
    "author": "seul****",
    "review_id": "6922740",
    "movie_id": "10657"
  },
  {
    "review": "남편의 눈빛 생각만해도 소름끼쳐요",
    "date": "12.07.22",
    "rating": "8",
    "author": "kbgi****",
    "review_id": "6514807",
    "movie_id": "10657"
  },
  {
    "review": "시대가 지난 지금 영화보고 아 별루네 하는 건 실례야... 상당한 영화였다구 이건",
    "date": "12.07.12",
    "rating": "8",
    "author": "sute****",
    "review_id": "6472370",
    "movie_id": "10657"
  },
  {
    "review": "다시 봐도 재미있네^^",
    "date": "12.01.03",
    "rating": "10",
    "author": "binn****",
    "review_id": "5956236",
    "movie_id": "10657"
  },
  {
    "review": "잼있습니다.",
    "date": "11.09.17",
    "rating": "10",
    "author": "kang****",
    "review_id": "5736555",
    "movie_id": "10657"
  },
  {
    "review": "스파이물인줄 알았는데 의처증 소재 스릴러물이었군. 근데 좀 상투적인것 같아 아쉬움",
    "date": "11.09.09",
    "rating": "7",
    "author": "deka****",
    "review_id": "5718133",
    "movie_id": "10657"
  },
  {
    "review": "정점이 지나치게 높네요",
    "date": "11.07.15",
    "rating": "6",
    "author": "foun****",
    "review_id": "5544464",
    "movie_id": "10657"
  },
  {
    "review": "변화 앞에서 용기는 필수사항. 담대하기",
    "date": "11.06.22",
    "rating": "8",
    "author": "5292****",
    "review_id": "5492769",
    "movie_id": "10657"
  },
  {
    "review": "뒤늦게 보고 딴지걸지 마시고.. 당시엔 의처증 소재로 섬득하고 긴장감 넘쳤던 스릴러",
    "date": "11.06.17",
    "rating": "9",
    "author": "gall****",
    "review_id": "5485843",
    "movie_id": "10657"
  },
  {
    "review": "오래전 작품이지만, 나름 긴장감 있었고 볼만하네요.",
    "date": "11.05.18",
    "rating": "9",
    "author": "sjan****",
    "review_id": "5434421",
    "movie_id": "10657"
  },
  {
    "review": "좋아요",
    "date": "11.05.05",
    "rating": "10",
    "author": "mymi****",
    "review_id": "5407196",
    "movie_id": "10657"
  },
  {
    "review": "중간에 춤추는장면이 멋있음. 마지막 스릴러도 괜찮음.",
    "date": "11.04.27",
    "rating": "5",
    "author": "myst****",
    "review_id": "5394928",
    "movie_id": "10657"
  },
  {
    "review": "나도 모르게 점점 긴장되는 스릴러",
    "date": "11.04.02",
    "rating": "7",
    "author": "no13****",
    "review_id": "5348867",
    "movie_id": "10657"
  },
  {
    "review": "의처증 무섭다. 남자 사이코. ㅋㅋ",
    "date": "11.01.18",
    "rating": "10",
    "author": "heyh****",
    "review_id": "5167388",
    "movie_id": "10657"
  },
  {
    "review": "괜찮..볼만...ㅋㅋ",
    "date": "11.01.04",
    "rating": "10",
    "author": "suma****",
    "review_id": "5127719",
    "movie_id": "10657"
  },
  {
    "review": "후반부로 갈수록 아쉬워는 영화",
    "date": "11.01.04",
    "rating": "10",
    "author": "wjdd****",
    "review_id": "5127702",
    "movie_id": "10657"
  },
  {
    "review": "줄리아로버츠 젊엇을때도 역시 미모는 굿이군요 ^^",
    "date": "10.11.29",
    "rating": "7",
    "author": "su83****",
    "review_id": "5007608",
    "movie_id": "10657"
  },
  {
    "review": "상영시간동안 단 1분도 방심의 끈을 놓을 수 없게 만드는 영화............",
    "date": "10.07.02",
    "rating": "10",
    "author": "hhle****",
    "review_id": "4605019",
    "movie_id": "10657"
  },
  {
    "review": "볼만한 스릴러물.",
    "date": "10.06.30",
    "rating": "6",
    "author": "cube****",
    "review_id": "4600412",
    "movie_id": "10657"
  },
  {
    "review": "단순히 줄리아로버츠라는 여배우의 힘만으로 끌고가기에는 러닝타임내내 너무 버겁다.",
    "date": "10.05.21",
    "rating": "3",
    "author": "baks****",
    "review_id": "4512489",
    "movie_id": "10657"
  },
  {
    "review": "이제는 보기 힘든 90년대 특유의 느낌의 스릴러물 중 한편. 괜찮았다.",
    "date": "10.02.14",
    "rating": "9",
    "author": "char****",
    "review_id": "4279188",
    "movie_id": "10657"
  },
  {
    "review": "'사랑과 전쟁'의 스릴러판 같은데 작은 얘기지만 스릴 있게 만든 솜씨가 훌륭하다.",
    "date": "09.11.30",
    "rating": "7",
    "author": "bepl****",
    "review_id": "4005541",
    "movie_id": "10657"
  },
  {
    "review": "jou1318 영화 제대로 안봤나보네. 뭘 본거냐??",
    "date": "09.11.23",
    "rating": "10",
    "author": "dlsd****",
    "review_id": "3986001",
    "movie_id": "10657"
  },
  {
    "review": "jou1318님 여자가맞을짓하면 맞다니요 부부는서로 동등한관계입니다..",
    "date": "09.10.19",
    "rating": "10",
    "author": "dldb****",
    "review_id": "3904099",
    "movie_id": "10657"
  },
  {
    "review": "마지막에 총쏘는 모습 멋짐 쥴리아 로버츠 수작이네",
    "date": "09.01.20",
    "rating": "10",
    "author": "adis****",
    "review_id": "3234831",
    "movie_id": "10657"
  },
  {
    "review": "결국은 누구에게도 기댈수 없고 스스로의 손으로 매듭을 지을 수 밖에...",
    "date": "09.01.14",
    "rating": "8",
    "author": "muku****",
    "review_id": "3221533",
    "movie_id": "10657"
  },
  {
    "review": "여자가 맞을짓하면 맞는거지뭐...",
    "date": "08.12.20",
    "rating": "10",
    "author": "jou1****",
    "review_id": "3132494",
    "movie_id": "10657"
  },
  {
    "review": "마지막 총을 쏘며 웃는 줄리아로버츠의 모습은 정말 잊혀지지 않는다",
    "date": "08.12.20",
    "rating": "10",
    "author": "lse9****",
    "review_id": "3131521",
    "movie_id": "10657"
  },
  {
    "review": "말이 필요없는 가슴깊이 조여드는 서스펜스의 명작",
    "date": "08.12.14",
    "rating": "10",
    "author": "hoon****",
    "review_id": "3118031",
    "movie_id": "10657"
  },
  {
    "review": "두고두고 생각 날 줄리아 로버츠의 라스트 전화 씬..",
    "date": "08.11.23",
    "rating": "7",
    "author": "skat****",
    "review_id": "3066340",
    "movie_id": "10657"
  },
  {
    "review": "결혼후 돌변하는 남자들의 본성에 대한 영화...",
    "date": "08.11.22",
    "rating": "6",
    "author": "evil****",
    "review_id": "3064557",
    "movie_id": "10657"
  },
  {
    "review": "굿-남편너무무서움..",
    "date": "08.10.28",
    "rating": "8",
    "author": "dlal****",
    "review_id": "3024421",
    "movie_id": "10657"
  },
  {
    "review": "너없인 살수 없어, 나없이 살게하진 않을꺼야 윽 정말 소름끼칠정도로섬뜩하다",
    "date": "08.10.25",
    "rating": "10",
    "author": "like****",
    "review_id": "3017785",
    "movie_id": "10657"
  },
  {
    "review": "너무 재밌는데?! 17년 전에 이런영화가 만들어 졌다니..... 놀라울 따름^ ^",
    "date": "08.09.25",
    "rating": "10",
    "author": "my0h****",
    "review_id": "2968749",
    "movie_id": "10657"
  },
  {
    "review": "손 안닿는 곳을 시원하게 긁어준 영화",
    "date": "08.07.04",
    "rating": "9",
    "author": "ever****",
    "review_id": "2739836",
    "movie_id": "10657"
  },
  {
    "review": "귀여운 여인 줄리아 로버츠가 새롭게 스릴러물에 도전, 실패작은 아니다",
    "date": "08.07.01",
    "rating": "6",
    "author": "si2p****",
    "review_id": "2732628",
    "movie_id": "10657"
  },
  {
    "review": "몰입하게하고 김장감도주고...재밌게 본걸로 기억되는 영화",
    "date": "08.04.05",
    "rating": "9",
    "author": "true****",
    "review_id": "2559356",
    "movie_id": "10657"
  },
  {
    "review": "그냥 평작정도는 간다.. 볼만한 스릴러정도..",
    "date": "08.03.01",
    "rating": "7",
    "author": "pola****",
    "review_id": "2495619",
    "movie_id": "10657"
  },
  {
    "review": "무섭당",
    "date": "07.12.30",
    "rating": "6",
    "author": "7th_****",
    "review_id": "2280579",
    "movie_id": "10657"
  },
  {
    "review": "very good !",
    "date": "07.10.21",
    "rating": "8",
    "author": "cles****",
    "review_id": "2103393",
    "movie_id": "10657"
  },
  {
    "review": "어린 나이에 봐서 임팩트가 컸다...",
    "date": "07.10.04",
    "rating": "10",
    "author": "choi****",
    "review_id": "2071122",
    "movie_id": "10657"
  },
  {
    "review": "저런 남자 만날까봐 겁나...숨죽이면서 본 영화...",
    "date": "07.10.04",
    "rating": "10",
    "author": "2001****",
    "review_id": "2071121",
    "movie_id": "10657"
  },
  {
    "review": "지금 생각해도 마지막 암시는 너무도 섬뜩하다.",
    "date": "07.08.18",
    "rating": "8",
    "author": "tori****",
    "review_id": "1953753",
    "movie_id": "10657"
  },
  {
    "review": "지금 극장에서 다시 상영한다해도 보러 갈 영화",
    "date": "07.08.15",
    "rating": "8",
    "author": "stra****",
    "review_id": "1940237",
    "movie_id": "10657"
  },
  {
    "review": "편집증을 가진 남자와 산다는 것은 ..미국에서 빅히트친 작품",
    "date": "07.07.28",
    "rating": "6",
    "author": "deff****",
    "review_id": "1820920",
    "movie_id": "10657"
  },
  {
    "review": "멋진 스릴러, 후반부 조금만 더 신경썼으면..",
    "date": "07.04.01",
    "rating": "8",
    "author": "kagu****",
    "review_id": "1567083",
    "movie_id": "10657"
  },
  {
    "review": "영화 미저리를 연상케하는군!!!!",
    "date": "07.03.04",
    "rating": "9",
    "author": "dhkq****",
    "review_id": "1517436",
    "movie_id": "10657"
  },
  {
    "review": "good",
    "date": "07.01.30",
    "rating": "7",
    "author": "kcch****",
    "review_id": "1428008",
    "movie_id": "10657"
  },
  {
    "review": "남편의 의처증 연기가 덜덜덜...",
    "date": "07.01.05",
    "rating": "10",
    "author": "env9****",
    "review_id": "1359207",
    "movie_id": "10657"
  },
  {
    "review": "정말 이정도믄 enemy가 확실한거다.ㅎ",
    "date": "07.01.04",
    "rating": "8",
    "author": "naeg****",
    "review_id": "1355423",
    "movie_id": "10657"
  },
  {
    "review": "이 영화의 긴장감은 대단했다",
    "date": "07.01.03",
    "rating": "10",
    "author": "nala****",
    "review_id": "1354301",
    "movie_id": "10657"
  },
  {
    "review": "굿",
    "date": "06.12.17",
    "rating": "8",
    "author": "ysuh****",
    "review_id": "1298312",
    "movie_id": "10657"
  },
  {
    "review": "처음으로 10점 주는 영화. 모든 것이 다 너무 좋았음.",
    "date": "06.10.25",
    "rating": "10",
    "author": "glos****",
    "review_id": "1198537",
    "movie_id": "10657"
  },
  {
    "review": "처음부터 끝까지 긴장감을 놓을수가 없네요",
    "date": "06.09.26",
    "rating": "10",
    "author": "huge****",
    "review_id": "1143921",
    "movie_id": "10657"
  },
  {
    "review": "무섭다 진짜 잘만든 스토커 영화~",
    "date": "06.09.17",
    "rating": "9",
    "author": "lemo****",
    "review_id": "1127722",
    "movie_id": "10657"
  },
  {
    "review": "역시 사람이 제일 무섭다.",
    "date": "06.08.19",
    "rating": "8",
    "author": "zmgm****",
    "review_id": "1057989",
    "movie_id": "10657"
  },
  {
    "review": "굉장히 스릴있네요",
    "date": "06.07.16",
    "rating": "9",
    "author": "qkrg****",
    "review_id": "895665",
    "movie_id": "10657"
  },
  {
    "review": "제가 초등학교때 본 영환데... 그때 기억으로 재밌었는데..",
    "date": "06.04.20",
    "rating": "10",
    "author": "ohj1****",
    "review_id": "768970",
    "movie_id": "10657"
  },
  {
    "review": "저희 아버지가 스물여덟일때 기억나는 작품이라고,,",
    "date": "06.04.04",
    "rating": "10",
    "author": "dung****",
    "review_id": "748143",
    "movie_id": "10657"
  },
  {
    "review": "우리 아버지께서 28세 때, 기억나시는 작품이라고,,",
    "date": "06.02.22",
    "rating": "10",
    "author": "lhcg****",
    "review_id": "685286",
    "movie_id": "10657"
  },
  {
    "review": "우리 아버지가 28살 때, 기억나는 작품이라고,,",
    "date": "06.02.22",
    "rating": "10",
    "author": "leeh****",
    "review_id": "685285",
    "movie_id": "10657"
  },
  {
    "review": "솔직히 뭐냐.. 완전 기대이하다",
    "date": "06.02.11",
    "rating": "3",
    "author": "cute****",
    "review_id": "660702",
    "movie_id": "10657"
  },
  {
    "review": "two thumps up!",
    "date": "06.01.22",
    "rating": "7",
    "author": "as25****",
    "review_id": "609679",
    "movie_id": "10657"
  },
  {
    "review": "서스펜스 스릴러가 아니라 줄리아로버츠 영화다",
    "date": "05.12.26",
    "rating": "4",
    "author": "kws7****",
    "review_id": "530349",
    "movie_id": "10657"
  },
  {
    "review": "공포라니, 장르선별 바로 하자!",
    "date": "05.05.28",
    "rating": "5",
    "author": "that****",
    "review_id": "288001",
    "movie_id": "10657"
  },
  {
    "review": "그냥 정신병자와 그 주변사람들에 대한 평범한 이야기다",
    "date": "05.01.20",
    "rating": "6",
    "author": "kpcc****",
    "review_id": "190567",
    "movie_id": "10657"
  },
  {
    "review": "좀 그래요잉",
    "date": "05.01.12",
    "rating": "5",
    "author": "runn****",
    "review_id": "183616",
    "movie_id": "10657"
  },
  {
    "review": "로라는 용감한 여자이다,1",
    "date": "04.11.29",
    "rating": "9",
    "author": "shin****",
    "review_id": "154104",
    "movie_id": "10657"
  },
  {
    "review": "몇몇 인상적인 장면들이 있지만 스릴러로서 너무 구멍이 많다..",
    "date": "04.09.29",
    "rating": "4",
    "author": "thin****",
    "review_id": "116758",
    "movie_id": "10657"
  },
  {
    "review": "줄리아 로버츠가 주연으로 나온다는사실이 더 충격적",
    "date": "04.08.09",
    "rating": "9",
    "author": "john****",
    "review_id": "87043",
    "movie_id": "10657"
  },
  {
    "review": "의처증 남편 무서워서 혼났습니다. 집에서 혼자 불끄고 보니 재밌네요",
    "date": "04.07.13",
    "rating": "8",
    "author": "minc****",
    "review_id": "70247",
    "movie_id": "10657"
  },
  {
    "review": "그땐 정말재미 있게본 영화중하나.재미있답니다.",
    "date": "04.06.21",
    "rating": "8",
    "author": "andu****",
    "review_id": "58368",
    "movie_id": "10657"
  },
  {
    "review": "재밌네요;; 남편 짜증나 죽는줄 알았음.. -_ㅡ+",
    "date": "04.05.08",
    "rating": "9",
    "author": "meme****",
    "review_id": "41720",
    "movie_id": "10657"
  },
  {
    "review": "이야...꽤 오래된 영화네..근래에 나온영화인줄 알앗는데...재밌음..",
    "date": "03.12.15",
    "rating": "9",
    "author": "anji****",
    "review_id": "2519",
    "movie_id": "10657"
  }
]