[
  {
    "review": "보고싶다 전화줘 010  3227  2293   김현일",
    "date": "13.08.03",
    "rating": "10",
    "author": "qqhy****",
    "review_id": "7826138",
    "movie_id": "10665"
  },
  {
    "review": "영원히 간직될 주옥같은 명곡들 김현식....그립습니다.",
    "date": "11.01.16",
    "rating": "10",
    "author": "hdat****",
    "review_id": "5160684",
    "movie_id": "10665"
  },
  {
    "review": "김현식님 너무 편하고 노래도 좋아요",
    "date": "10.10.13",
    "rating": "10",
    "author": "aoma****",
    "review_id": "4901299",
    "movie_id": "10665"
  },
  {
    "review": "쓰레기같은 연출, 쓰레기같은 메세지",
    "date": "10.03.28",
    "rating": "1",
    "author": "dg_d****",
    "review_id": "4392419",
    "movie_id": "10665"
  },
  {
    "review": "김현식의 주옥같은 노래에도 불구, 영화는 평탄하기만 하다",
    "date": "06.06.17",
    "rating": "7",
    "author": "goma****",
    "review_id": "846553",
    "movie_id": "10665"
  }
]