[
  {
    "review": "원래 사귀던 여자애인이 참 불쌍하더라.",
    "date": "15.01.27",
    "rating": "6",
    "author": "ahn9****",
    "review_id": "9643217",
    "movie_id": "10661"
  },
  {
    "review": "독특한 소재에 비해 지루했던 작품...하지만 주윤발과 임청하의 만남으로도가치가 있는 작품",
    "date": "13.12.01",
    "rating": "6",
    "author": "thra****",
    "review_id": "8182797",
    "movie_id": "10661"
  },
  {
    "review": "독특한 소재, 침침한 분위기. 주윤발 정말 멋짐. 주윤발의 정사씬을 그때 처음 봄",
    "date": "11.08.23",
    "rating": "6",
    "author": "ango****",
    "review_id": "5681171",
    "movie_id": "10661"
  },
  {
    "review": "어설프고 허약한 황당 에로 영화.",
    "date": "11.06.19",
    "rating": "2",
    "author": "pria****",
    "review_id": "5488783",
    "movie_id": "10661"
  },
  {
    "review": "이영화역시 너무오래전에 봐서 정확히 기억은 안나지만 괜찮게본 기억이 ~~~~~",
    "date": "10.12.22",
    "rating": "7",
    "author": "fnsk****",
    "review_id": "5072780",
    "movie_id": "10661"
  },
  {
    "review": "꿈을 꾸듯 몽환적인 매력의 임청하, 시공을 초월한 아련한 사랑.. 잊혀지지 않는 여운",
    "date": "10.12.12",
    "rating": "7",
    "author": "gall****",
    "review_id": "5046398",
    "movie_id": "10661"
  },
  {
    "review": "작가주의로 빠지다 보니 정작 사랑은 물거품에 불과 .",
    "date": "10.03.23",
    "rating": "4",
    "author": "evil****",
    "review_id": "4378296",
    "movie_id": "10661"
  },
  {
    "review": "스토리가 신비하고 신선하다. 8년 사랑이나 2000년 사랑이나 똑같은 거에요!!!",
    "date": "09.03.22",
    "rating": "9",
    "author": "yons****",
    "review_id": "3381024",
    "movie_id": "10661"
  },
  {
    "review": "그냥 천녀유혼을 연상시킬뿐,다른점이 있다면 쳔녀유혼은 지루하지 않았다는것 정도?",
    "date": "09.03.11",
    "rating": "3",
    "author": "baks****",
    "review_id": "3359366",
    "movie_id": "10661"
  },
  {
    "review": "주윤발과 임청하의 현대판 귀신이야기",
    "date": "09.03.03",
    "rating": "7",
    "author": "deff****",
    "review_id": "3345265",
    "movie_id": "10661"
  },
  {
    "review": "스토리가 좀...아쉽다ㅋㅋ",
    "date": "08.08.24",
    "rating": "7",
    "author": "iiij****",
    "review_id": "2899544",
    "movie_id": "10661"
  },
  {
    "review": "풋풋한 모습에 즐겁고 이야기는 아름답다",
    "date": "08.07.07",
    "rating": "6",
    "author": "si2p****",
    "review_id": "2745951",
    "movie_id": "10661"
  },
  {
    "review": "본지 15년도 지난 것 같은데 아직도 아련하게나마 기억난다",
    "date": "08.02.16",
    "rating": "9",
    "author": "kism****",
    "review_id": "2451960",
    "movie_id": "10661"
  },
  {
    "review": "짧은머리의 임청하..",
    "date": "07.01.14",
    "rating": "9",
    "author": "hoju****",
    "review_id": "1384907",
    "movie_id": "10661"
  },
  {
    "review": "한박자 느린 환타지..",
    "date": "06.12.26",
    "rating": "8",
    "author": "elf2****",
    "review_id": "1329052",
    "movie_id": "10661"
  },
  {
    "review": "임청하의 모습이 낫설고, 지금보니 무지 지루함..",
    "date": "06.04.21",
    "rating": "5",
    "author": "lshp****",
    "review_id": "770184",
    "movie_id": "10661"
  },
  {
    "review": "지루하지만 임청하가 참 예뻤다..",
    "date": "06.03.25",
    "rating": "8",
    "author": "kast****",
    "review_id": "732443",
    "movie_id": "10661"
  },
  {
    "review": "잘 다듬은 홍콩영화의 수작.",
    "date": "06.01.22",
    "rating": "8",
    "author": "quad****",
    "review_id": "609102",
    "movie_id": "10661"
  },
  {
    "review": "임청하때메 봤지만... 슬프고 재밌었다..... 여운을 주는....",
    "date": "05.07.21",
    "rating": "9",
    "author": "amy0****",
    "review_id": "329280",
    "movie_id": "10661"
  },
  {
    "review": "나무랄 데 없는 로맨스 영화긴 하지만 솔직히 매우 지루함",
    "date": "05.02.01",
    "rating": "8",
    "author": "kimj****",
    "review_id": "202939",
    "movie_id": "10661"
  },
  {
    "review": "내가 가장 좋아하는 사랑이야기..그리고 인연처럼 무거운 첼로음",
    "date": "04.10.30",
    "rating": "9",
    "author": "luna****",
    "review_id": "135521",
    "movie_id": "10661"
  },
  {
    "review": "주윤발과 임청하 그리고 2천년의 시공간 ... 그속에 사랑이니 말 다했지",
    "date": "04.07.04",
    "rating": "9",
    "author": "stil****",
    "review_id": "64726",
    "movie_id": "10661"
  },
  {
    "review": "천년지애의 원조..너무 이쁜 임청하를 보는 것만으로도 행운^^",
    "date": "04.04.21",
    "rating": "10",
    "author": "deep****",
    "review_id": "38333",
    "movie_id": "10661"
  }
]