[
  {
    "review": "이 영화는 초딩때 봤는데 20년이 지나서 봐도 멋진 영화다",
    "date": "15.06.07",
    "rating": "9",
    "author": "hp_m****",
    "review_id": "9983169",
    "movie_id": "10663"
  },
  {
    "review": "스티븐 시걸 아무리 시대지난 액션배우라지만 전성기시절 영화는 모두 8점대는 받아야됨",
    "date": "15.03.28",
    "rating": "10",
    "author": "ddab****",
    "review_id": "9812925",
    "movie_id": "10663"
  },
  {
    "review": "초창기 홀쭉한 시걸 형님의 모습을 볼 수 있는 ~",
    "date": "15.01.29",
    "rating": "9",
    "author": "cred****",
    "review_id": "9647562",
    "movie_id": "10663"
  },
  {
    "review": "절대 안맞는 시갈형님의 패기~",
    "date": "15.01.01",
    "rating": "8",
    "author": "wjdd****",
    "review_id": "9543685",
    "movie_id": "10663"
  },
  {
    "review": "시걸 형님 영화는 닥치고 본느것이 예의다!!",
    "date": "14.11.29",
    "rating": "10",
    "author": "ske4****",
    "review_id": "9432952",
    "movie_id": "10663"
  },
  {
    "review": "시걸엉님의 연기는 이시절이 차라리 좋았다.",
    "date": "14.09.29",
    "rating": "7",
    "author": "reco****",
    "review_id": "9248749",
    "movie_id": "10663"
  },
  {
    "review": "시걸의 허무맹랑 액션. 액션영화도 좀 그럴듯하고 공감이 가야 말이지...",
    "date": "13.08.15",
    "rating": "3",
    "author": "heli****",
    "review_id": "7883399",
    "movie_id": "10663"
  },
  {
    "review": "진격의 시걸!",
    "date": "13.07.30",
    "rating": "7",
    "author": "pont****",
    "review_id": "7798959",
    "movie_id": "10663"
  },
  {
    "review": "무적의 시걸",
    "date": "13.07.25",
    "rating": "8",
    "author": "come****",
    "review_id": "7782724",
    "movie_id": "10663"
  },
  {
    "review": "스티븐 시걸 형님 진짜 멋있습니다!",
    "date": "13.05.13",
    "rating": "8",
    "author": "aoa0****",
    "review_id": "7526606",
    "movie_id": "10663"
  },
  {
    "review": "시걸 성님의 걸작",
    "date": "13.04.12",
    "rating": "10",
    "author": "woo7****",
    "review_id": "7452843",
    "movie_id": "10663"
  },
  {
    "review": "흥미롭다...",
    "date": "11.11.29",
    "rating": "7",
    "author": "yana****",
    "review_id": "5878351",
    "movie_id": "10663"
  },
  {
    "review": "궁디를 조 차삐까?",
    "date": "11.09.30",
    "rating": "1",
    "author": "pria****",
    "review_id": "5761319",
    "movie_id": "10663"
  },
  {
    "review": "아버지 친구집을 개판으로 만드네,사람죽이고 휴가간단다.포르노와 뭔차이?",
    "date": "11.03.29",
    "rating": "4",
    "author": "ador****",
    "review_id": "5342520",
    "movie_id": "10663"
  },
  {
    "review": "우왕 1!",
    "date": "11.02.08",
    "rating": "10",
    "author": "nice****",
    "review_id": "5228891",
    "movie_id": "10663"
  },
  {
    "review": "마대자루로 도망나와도 간지나는 시걸이형",
    "date": "10.10.01",
    "rating": "10",
    "author": "sull****",
    "review_id": "4878182",
    "movie_id": "10663"
  },
  {
    "review": "난 따귀 때릴때하고 거시기에 총쏠뻔한게 웃겼음",
    "date": "10.07.02",
    "rating": "10",
    "author": "chls****",
    "review_id": "4604677",
    "movie_id": "10663"
  },
  {
    "review": "영화제목이 사자성어여서 어렸을때 첨볼때 홍콩 느와르 영화인줄...ㄷㄷ",
    "date": "10.05.12",
    "rating": "10",
    "author": "sant****",
    "review_id": "4494890",
    "movie_id": "10663"
  },
  {
    "review": "시걸액션의 진수, 20년전이네 벌써",
    "date": "10.05.04",
    "rating": "7",
    "author": "scri****",
    "review_id": "4479058",
    "movie_id": "10663"
  },
  {
    "review": "아놔, 웃겨죽겠네...ㅋㅋㅋ",
    "date": "10.03.22",
    "rating": "2",
    "author": "expr****",
    "review_id": "4378215",
    "movie_id": "10663"
  },
  {
    "review": "ㅋㅋ 존나웃긴영화네",
    "date": "10.02.02",
    "rating": "10",
    "author": "sjaq****",
    "review_id": "4237939",
    "movie_id": "10663"
  },
  {
    "review": "처음 시갈을 접하게 된 영화 나쁘지 않습니다",
    "date": "09.12.15",
    "rating": "7",
    "author": "inha****",
    "review_id": "4045585",
    "movie_id": "10663"
  },
  {
    "review": "오히려 최근시걸영화들보다도 잼없었던 영화",
    "date": "09.12.10",
    "rating": "1",
    "author": "jdgh****",
    "review_id": "4033292",
    "movie_id": "10663"
  },
  {
    "review": "역시 백악관 경호권 답군~~~스토리가 단순해서 좋내 ㅋㅋ",
    "date": "09.11.30",
    "rating": "8",
    "author": "gore****",
    "review_id": "4005165",
    "movie_id": "10663"
  },
  {
    "review": "모르겠다.",
    "date": "09.09.26",
    "rating": "5",
    "author": "dlwo****",
    "review_id": "3852194",
    "movie_id": "10663"
  },
  {
    "review": "지금은 진부한 내용이지만 개봉 당시는 상당히 파격적이었다",
    "date": "08.12.19",
    "rating": "8",
    "author": "vbnm****",
    "review_id": "3130803",
    "movie_id": "10663"
  },
  {
    "review": "다른 단점을 떠나 시걸의 특유의 무술을 마음껏 볼수 있는 영화",
    "date": "08.06.21",
    "rating": "5",
    "author": "si2p****",
    "review_id": "2712271",
    "movie_id": "10663"
  },
  {
    "review": "내가본 시걸의 첫 작품이자 마지막 작품...",
    "date": "08.03.27",
    "rating": "5",
    "author": "meth****",
    "review_id": "2543940",
    "movie_id": "10663"
  },
  {
    "review": "이 영화 15년?전에 티비 방영명이 \"7년만의 복수\"였던걸로 기억",
    "date": "08.02.25",
    "rating": "6",
    "author": "stra****",
    "review_id": "2481013",
    "movie_id": "10663"
  },
  {
    "review": "그냥 볼만하다. 마지막 저택에서의 액션씬이 압권이다.",
    "date": "08.02.16",
    "rating": "7",
    "author": "pola****",
    "review_id": "2451287",
    "movie_id": "10663"
  },
  {
    "review": "스티븐시걸의 B급영화 치곤. 그나마 보기 무난한..",
    "date": "08.02.14",
    "rating": "7",
    "author": "evil****",
    "review_id": "2445575",
    "movie_id": "10663"
  },
  {
    "review": "뻔한 스토리, 허무맹랑한 액션",
    "date": "08.02.07",
    "rating": "1",
    "author": "popc****",
    "review_id": "2418944",
    "movie_id": "10663"
  },
  {
    "review": "무술만은 볼만하다는것이 중론",
    "date": "07.09.02",
    "rating": "8",
    "author": "baks****",
    "review_id": "1995957",
    "movie_id": "10663"
  },
  {
    "review": "오랜 잠에서 깬 그가 복수를 시작하다",
    "date": "07.09.02",
    "rating": "7",
    "author": "deff****",
    "review_id": "1995891",
    "movie_id": "10663"
  },
  {
    "review": "액션을 많이 볼수있어서 좋다",
    "date": "07.08.17",
    "rating": "6",
    "author": "fodu****",
    "review_id": "1949595",
    "movie_id": "10663"
  },
  {
    "review": "시걸의 초창기 작품들은 그럭저럭 볼만했다",
    "date": "07.02.19",
    "rating": "7",
    "author": "nala****",
    "review_id": "1484295",
    "movie_id": "10663"
  },
  {
    "review": "이시절이 제일좋았지..시걸",
    "date": "07.02.11",
    "rating": "7",
    "author": "hide****",
    "review_id": "1461598",
    "movie_id": "10663"
  },
  {
    "review": "시걸영화인걸 생각한다면 이정도면 훌륭한거",
    "date": "07.01.27",
    "rating": "5",
    "author": "ppp0****",
    "review_id": "1418832",
    "movie_id": "10663"
  },
  {
    "review": "집중하고 보면 매력적 일 수 있는 무비",
    "date": "06.04.11",
    "rating": "7",
    "author": "izzo****",
    "review_id": "757481",
    "movie_id": "10663"
  },
  {
    "review": "이쁘다 시걸 도와준 여자 ㅋㅋ",
    "date": "06.03.02",
    "rating": "8",
    "author": "sexy****",
    "review_id": "700749",
    "movie_id": "10663"
  },
  {
    "review": "스티븐 시걸 영화중 가장 볼만한 영화중 하나!",
    "date": "06.02.27",
    "rating": "9",
    "author": "env9****",
    "review_id": "695276",
    "movie_id": "10663"
  },
  {
    "review": "별 감흥없는 시걸표 액션.",
    "date": "06.01.09",
    "rating": "5",
    "author": "movi****",
    "review_id": "574008",
    "movie_id": "10663"
  },
  {
    "review": "정말 당시엔 최고였던 무술액션물",
    "date": "05.12.25",
    "rating": "10",
    "author": "kws7****",
    "review_id": "527175",
    "movie_id": "10663"
  },
  {
    "review": "웃었다",
    "date": "05.12.15",
    "rating": "5",
    "author": "scal****",
    "review_id": "506873",
    "movie_id": "10663"
  },
  {
    "review": "시걸도 충분히 가능성이 있건만..",
    "date": "05.09.09",
    "rating": "7",
    "author": "varg****",
    "review_id": "398312",
    "movie_id": "10663"
  },
  {
    "review": "이소룡의 \"사망유희\" 와 기본 주제는 비슷",
    "date": "05.07.09",
    "rating": "7",
    "author": "nams****",
    "review_id": "317022",
    "movie_id": "10663"
  },
  {
    "review": "시걸 액션에 처음 빠졌던 영화",
    "date": "05.05.25",
    "rating": "10",
    "author": "knel****",
    "review_id": "286150",
    "movie_id": "10663"
  },
  {
    "review": "스토리는 괜찮은데 시걸의 뭔가 엉성한 액션!",
    "date": "05.02.15",
    "rating": "5",
    "author": "inom****",
    "review_id": "220816",
    "movie_id": "10663"
  },
  {
    "review": "나는 이영화때문에 시걸을 2류액션배우라 말하지 않는다",
    "date": "05.02.08",
    "rating": "10",
    "author": "yoju****",
    "review_id": "213086",
    "movie_id": "10663"
  },
  {
    "review": "멋져.",
    "date": "04.11.09",
    "rating": "10",
    "author": "mac1****",
    "review_id": "142687",
    "movie_id": "10663"
  },
  {
    "review": "스티븐 시걸의 멋진 무술",
    "date": "04.10.27",
    "rating": "10",
    "author": "schm****",
    "review_id": "133580",
    "movie_id": "10663"
  },
  {
    "review": "[킬빌]이 이영화에서 아이디어를 얻었나? 완전똑같네..허허",
    "date": "04.09.09",
    "rating": "7",
    "author": "thin****",
    "review_id": "105223",
    "movie_id": "10663"
  },
  {
    "review": "스티븐 시걸영화야 전형적인.",
    "date": "04.07.29",
    "rating": "7",
    "author": "jcr3****",
    "review_id": "79418",
    "movie_id": "10663"
  },
  {
    "review": "액션연기가 약간 부족한 것 빼곤 재미있다",
    "date": "04.01.31",
    "rating": "9",
    "author": "styn****",
    "review_id": "14566",
    "movie_id": "10663"
  }
]