[
  {
    "review": "말이 필요없는 내생에 최고영화",
    "date": "15.08.22",
    "rating": "10",
    "author": "tear****",
    "review_id": "10264025",
    "movie_id": "10670"
  },
  {
    "review": "유역비의 천녀유혼이 나왔을때 유역비가 제 2의 왕조현인 것처럼 여신급 취급..하지만 영화는 흥행참패..진정한 천녀유혼의 여신 왕조현라 읽고 아름다운 귀신의 사랑이야기라 이라고 쓴다..",
    "date": "15.08.20",
    "rating": "10",
    "author": "shan****",
    "review_id": "10256265",
    "movie_id": "10670"
  },
  {
    "review": "동양에서왕조현보다이쁜사람은보질못했다...",
    "date": "15.08.16",
    "rating": "10",
    "author": "did3****",
    "review_id": "10238748",
    "movie_id": "10670"
  },
  {
    "review": "천녀유혼 감성에 대한 추억이 없는 사람들이 안타까울 정도...",
    "date": "15.08.14",
    "rating": "10",
    "author": "http****",
    "review_id": "10226521",
    "movie_id": "10670"
  },
  {
    "review": "2편에서 장학우의 마디마디홍 주문이 명대사",
    "date": "15.08.07",
    "rating": "9",
    "author": "beat****",
    "review_id": "10197970",
    "movie_id": "10670"
  },
  {
    "review": "최고의 홍콩 영화..여러번 본사람 많을 영화",
    "date": "15.07.22",
    "rating": "8",
    "author": "mais****",
    "review_id": "10127232",
    "movie_id": "10670"
  },
  {
    "review": "반야바라밀 반야바라밀ㅋㅋ",
    "date": "15.07.19",
    "rating": "10",
    "author": "dhlo****",
    "review_id": "10120206",
    "movie_id": "10670"
  },
  {
    "review": "왕조현은 인류 역사상 최고의 동양 미녀다.  전무후무.",
    "date": "15.07.18",
    "rating": "10",
    "author": "illg****",
    "review_id": "10114438",
    "movie_id": "10670"
  },
  {
    "review": "동양권에서 지금까지도 왕조현 바를사람 없는거같음; 장국영 왕조현만으로 겜 끝...거기다 30년 다되가는데도 고급진 연출력b !!!!",
    "date": "15.07.06",
    "rating": "10",
    "author": "glas****",
    "review_id": "10074351",
    "movie_id": "10670"
  },
  {
    "review": "다시 보면 별로 일줄 알았는데 재밌고도 아련하네 몇장면은 유명해서 그런가 생생하고 코믹한장면도 있고 배우들도 좋고 다시 없을 홍콩영화",
    "date": "15.07.03",
    "rating": "10",
    "author": "kimm****",
    "review_id": "10063681",
    "movie_id": "10670"
  },
  {
    "review": "아름다운 리즈시절의 왕조현..그리운 장국영...지금봐도 하나도 촌스럽지않고 고급지다...",
    "date": "15.07.03",
    "rating": "10",
    "author": "noo0****",
    "review_id": "10063582",
    "movie_id": "10670"
  },
  {
    "review": "굵은 눈썹이 이렇게 잘 어우리는 미인이 어디 또 있을까.",
    "date": "15.06.17",
    "rating": "10",
    "author": "band****",
    "review_id": "10005731",
    "movie_id": "10670"
  },
  {
    "review": "난 중국영화를 좋아하지만 천녀유혼은 5번밖에 안봤다. 어릴때라 영화에 대해 무지해서 명절때 누나가 보는걸 따라봤다. 하지만 20대가 되고나서 그시절 왜 장국영, 왕조현이 넘사벽인지 이영화를 보고 느꼈다. 왕조현 장국영은 아시아최고라 생각한다.",
    "date": "15.06.09",
    "rating": "10",
    "author": "okdy****",
    "review_id": "9985999",
    "movie_id": "10670"
  },
  {
    "review": "good good good",
    "date": "15.05.16",
    "rating": "9",
    "author": "nost****",
    "review_id": "9922573",
    "movie_id": "10670"
  },
  {
    "review": "멜로, 코믹, 호러, 액션에 약간의 에로틱함까지 모든게 완벽하게 잘 버무려져 있는 종합선물세트 같은 영화. 장국영, 왕조현의 리즈시절 비쥬얼을 감상하는 것만으로 소장가치가 있는 작품.",
    "date": "15.05.08",
    "rating": "9",
    "author": "happ****",
    "review_id": "9903011",
    "movie_id": "10670"
  },
  {
    "review": "어렸을적 이 영화에서 왕조현 보고 잠을 못이뤘던 기억이.. 참 재밌게 봤던 기억이 나네. 오랜만에 또 보고싶다",
    "date": "15.04.29",
    "rating": "10",
    "author": "zelo****",
    "review_id": "9877384",
    "movie_id": "10670"
  },
  {
    "review": "별점 억개드릴수있는 레젼드영화임",
    "date": "15.04.28",
    "rating": "10",
    "author": "grat****",
    "review_id": "9876136",
    "movie_id": "10670"
  },
  {
    "review": "아 생각만 해도 가슴찡하다..",
    "date": "15.04.22",
    "rating": "10",
    "author": "wwss****",
    "review_id": "9856484",
    "movie_id": "10670"
  },
  {
    "review": "왕조현의 아름다운 모습에 사랑에 안빠지는 남자가 없을 정도로 예쁘게 나옴",
    "date": "15.04.17",
    "rating": "8",
    "author": "adiv****",
    "review_id": "9850249",
    "movie_id": "10670"
  },
  {
    "review": "중고등학생 때 몇번이나 보고 또 보고 했었는지... 이런 명작 다시 나오기 어렵지요...",
    "date": "15.04.14",
    "rating": "10",
    "author": "pjhd****",
    "review_id": "9845849",
    "movie_id": "10670"
  },
  {
    "review": "100번본영화 최고다",
    "date": "15.04.12",
    "rating": "10",
    "author": "subr****",
    "review_id": "9841385",
    "movie_id": "10670"
  },
  {
    "review": "아 장국영도 멋있고 왕조현은...말이필요없고 ㅠㅠ 여신님  얼른 2도 봐야겠다",
    "date": "15.04.09",
    "rating": "10",
    "author": "vinc****",
    "review_id": "9836373",
    "movie_id": "10670"
  },
  {
    "review": "그 시절의 추억에 빠지게 하는 영화~!!",
    "date": "15.04.09",
    "rating": "9",
    "author": "saha****",
    "review_id": "9835902",
    "movie_id": "10670"
  },
  {
    "review": "30대 초반인 나는 개봉할 때는 못 봤지만 비디오로 빌려서 봤었다... 명절에도 나오면 봤었지... 정말 왕조현은 할말이 없었다... 내 친누나라면 얼마나  좋을까? 하고 상상을 했었다... 요즘 한류 한류하는데 왕조현,장국영은 감히 비교가...",
    "date": "15.04.06",
    "rating": "10",
    "author": "rkdh****",
    "review_id": "9832150",
    "movie_id": "10670"
  },
  {
    "review": "이 영화를 극장에서 볼 수있다는게 너무 감동적이다. 장국영, 왕조현은 너무 아름답고 영화중 울려퍼지는 '여명불요래' 엽천문의 목소리도 너무 너무 좋았다. 2도 재개봉하면 꼭 보러갈 생각이다!!",
    "date": "15.04.06",
    "rating": "9",
    "author": "sall****",
    "review_id": "9831435",
    "movie_id": "10670"
  },
  {
    "review": "중국영화 \"촉산\"이란 영화가 있었고 촉산을 보며 이소룡 저리가라 할정도의 충격을  받았던 기억.그뒤로 이렇다할 중국영화가 없다 1980년대 중국영화의 전성기가 열리면서  영웅본색,  첩혈쌍웅, 천녀유혼 등등이 나왔는데 귀신영화의 새로운 장르를연 영화",
    "date": "15.04.06",
    "rating": "9",
    "author": "copy****",
    "review_id": "9831115",
    "movie_id": "10670"
  },
  {
    "review": "옛날 영화지만 재밌습니다!",
    "date": "15.04.04",
    "rating": "10",
    "author": "lovc****",
    "review_id": "9826956",
    "movie_id": "10670"
  },
  {
    "review": "순전히 장국영땜에 봤다 ㅠ ㅠ ㅎ",
    "date": "15.04.04",
    "rating": "8",
    "author": "dimo****",
    "review_id": "9826949",
    "movie_id": "10670"
  },
  {
    "review": "국영이 아저씨가 보고싶다",
    "date": "15.04.03",
    "rating": "10",
    "author": "chan****",
    "review_id": "9824350",
    "movie_id": "10670"
  },
  {
    "review": "오늘 고 장국영님 추모 12주년 기념으로 재상영 소식듣고 바로 보러 갔는 데... 최고의 명작을 다시 볼수 있어서 좋았습니다....",
    "date": "15.04.01",
    "rating": "10",
    "author": "pgw0****",
    "review_id": "9820810",
    "movie_id": "10670"
  },
  {
    "review": "오늘따라 장국영이 더더욱 생각 나는 날이네요",
    "date": "15.04.01",
    "rating": "10",
    "author": "kilh****",
    "review_id": "9820790",
    "movie_id": "10670"
  },
  {
    "review": "이야 이야 이야 진짜 이야",
    "date": "15.04.01",
    "rating": "10",
    "author": "85lc****",
    "review_id": "9820616",
    "movie_id": "10670"
  },
  {
    "review": "너무 잼 있어서 보고 또 봤던 기억이나네요장국영은 이세상에 없고 왕조현은 어디론가 사라져 버려서 지금은 볼수없지많 원조 천녀유혼으로 다시보게 되니 반갑네요",
    "date": "15.04.01",
    "rating": "10",
    "author": "swle****",
    "review_id": "9820254",
    "movie_id": "10670"
  },
  {
    "review": "여기 짜장면 곱빼기 추가요~ㅋㅋㅋ",
    "date": "15.03.29",
    "rating": "1",
    "author": "coml****",
    "review_id": "9814885",
    "movie_id": "10670"
  },
  {
    "review": "전세계 통틀어 동양인 최고의 여신 왕조현.. 그리고 최고의 다크멜로판타지 천녀유혼!!!",
    "date": "15.03.29",
    "rating": "10",
    "author": "lagn****",
    "review_id": "9813968",
    "movie_id": "10670"
  },
  {
    "review": "진심 극중 왕조현이 뿜는 아름다움은 그 어디서도 보지못했다",
    "date": "15.03.29",
    "rating": "10",
    "author": "ggu7****",
    "review_id": "9813499",
    "movie_id": "10670"
  },
  {
    "review": "왕조현같은 귀신과 올나잇하고 싶다..",
    "date": "15.03.29",
    "rating": "8",
    "author": "pont****",
    "review_id": "9813151",
    "movie_id": "10670"
  },
  {
    "review": "스토리, 연출, 배우 모든 것이 뛰어나다.",
    "date": "15.03.26",
    "rating": "10",
    "author": "droi****",
    "review_id": "9807670",
    "movie_id": "10670"
  },
  {
    "review": "이 영화를 보고나면 일주일간 왕조현 생각만 난다.",
    "date": "15.03.24",
    "rating": "10",
    "author": "cjw2****",
    "review_id": "9803806",
    "movie_id": "10670"
  },
  {
    "review": "장국영 그의 풋풋한 외모와 잘 어울렸던 눈빛과 멋진베드신..까지.. ㅜㅡㅠ좋아용..!!! 그의 순수한 사랑이 보여진 연기에 중간중간 풉 하게 만든 장면들두 껴있어요 ..ㅋㅋ",
    "date": "15.03.23",
    "rating": "10",
    "author": "tkfl****",
    "review_id": "9802542",
    "movie_id": "10670"
  },
  {
    "review": "20대에 봤던 영상을 40대에 봐도 전혀 어색하지 않네요  서극은 천재네요  왕조현 너무 청초하고 장국영 귀엽고 그립습니다",
    "date": "15.03.23",
    "rating": "8",
    "author": "jimi****",
    "review_id": "9802082",
    "movie_id": "10670"
  },
  {
    "review": "내 최고의 영화 중 하나.",
    "date": "15.03.22",
    "rating": "10",
    "author": "chic****",
    "review_id": "9799965",
    "movie_id": "10670"
  },
  {
    "review": "역시나가 역시나입니다.",
    "date": "15.03.22",
    "rating": "10",
    "author": "seag****",
    "review_id": "9799628",
    "movie_id": "10670"
  },
  {
    "review": "진심 이건 별5개가 아깝지 않은 영화다!",
    "date": "15.03.22",
    "rating": "10",
    "author": "diam****",
    "review_id": "9798345",
    "movie_id": "10670"
  },
  {
    "review": "시간이 흘러도 진한 두 배우의 임팩트",
    "date": "15.03.21",
    "rating": "10",
    "author": "yeou****",
    "review_id": "9797501",
    "movie_id": "10670"
  },
  {
    "review": "멜로 액션 코믹 멜로 두루가미 됐지만 뭐하나 어색하지 않은 완벽한 조화!오랜시간이 지났지면 여전히 좋은영화네요!",
    "date": "15.03.21",
    "rating": "9",
    "author": "oasi****",
    "review_id": "9797231",
    "movie_id": "10670"
  },
  {
    "review": "상업영화는 이렇게만들어야함 이영화가 내가태어나기전에나왔다는사실이놀랍기만하다",
    "date": "15.03.21",
    "rating": "9",
    "author": "kkum****",
    "review_id": "9796351",
    "movie_id": "10670"
  },
  {
    "review": "하...진심 나 초등학교 때 보았지만..이걸보면서 사춘기의 시작을 알리는 신호탄이였지....먼가 머리속에 꽉차서.,",
    "date": "15.03.21",
    "rating": "10",
    "author": "rhwl****",
    "review_id": "9796171",
    "movie_id": "10670"
  },
  {
    "review": "캬..,역시 레젼드 미인 요즘 토나오는 골빈 된장년들에 비하면 진정 여신이다   성형 OO들은 좀  사라졋으면 토나온다",
    "date": "15.03.20",
    "rating": "10",
    "author": "jiho****",
    "review_id": "9795660",
    "movie_id": "10670"
  },
  {
    "review": "천녀유혼 시리즈 첫번째.. ..됬고 왕조현 이쁘다...",
    "date": "15.03.20",
    "rating": "10",
    "author": "tj49****",
    "review_id": "9795276",
    "movie_id": "10670"
  },
  {
    "review": "이것도 역시 유명하지...",
    "date": "15.03.20",
    "rating": "10",
    "author": "534k****",
    "review_id": "9794196",
    "movie_id": "10670"
  },
  {
    "review": "거의 30년전에 만들어진 영화라는 것이 무색할정도로 지금 봐도 손색이 없다.",
    "date": "15.03.19",
    "rating": "10",
    "author": "youg****",
    "review_id": "9793361",
    "movie_id": "10670"
  },
  {
    "review": "천녀유혼 동방불패.. 아련한 나의추억들...",
    "date": "15.03.17",
    "rating": "10",
    "author": "dkde****",
    "review_id": "9790038",
    "movie_id": "10670"
  },
  {
    "review": "최고지 말이 필요없다 다들 알자나",
    "date": "15.03.17",
    "rating": "10",
    "author": "zen7****",
    "review_id": "9790034",
    "movie_id": "10670"
  },
  {
    "review": "정말 예뻐서 아련한 기억 속에서도 소천은 뚜렷이 각인된다",
    "date": "15.03.17",
    "rating": "10",
    "author": "mins****",
    "review_id": "9789032",
    "movie_id": "10670"
  },
  {
    "review": "내 인생의 최고의 영화 !  영원한 나의 히로인 왕조현이 그립다.",
    "date": "15.03.16",
    "rating": "10",
    "author": "hwyi****",
    "review_id": "9788396",
    "movie_id": "10670"
  },
  {
    "review": "여운이 남는 영화베스트에는 반박불가인 두작품이 있다, 1.천녀유혼 2.주성치의 서유기  이 두작품을 보고 미칠듯한 여운을 못느낀다면 싸이코패스라는 증거",
    "date": "15.03.16",
    "rating": "10",
    "author": "smrm****",
    "review_id": "9787923",
    "movie_id": "10670"
  },
  {
    "review": "다시 한 번 스크린으로 볼 수 있다는 것에 가슴 벅차오름을 느낍니다..30여년 전의 감동을 다시 느껴보고 싶어요",
    "date": "15.03.16",
    "rating": "10",
    "author": "kong****",
    "review_id": "9787496",
    "movie_id": "10670"
  },
  {
    "review": "왕조현의 눈빛 하나로 말이 필요없는 영화.. 꿈에라도 만나고 싶어지는 아련함..",
    "date": "15.03.14",
    "rating": "10",
    "author": "chwb****",
    "review_id": "9781272",
    "movie_id": "10670"
  },
  {
    "review": "무슨말이 더 필요하냐?",
    "date": "15.03.13",
    "rating": "10",
    "author": "fink****",
    "review_id": "9778463",
    "movie_id": "10670"
  },
  {
    "review": "평점 조절합시다...",
    "date": "15.03.13",
    "rating": "1",
    "author": "go9m****",
    "review_id": "9778159",
    "movie_id": "10670"
  },
  {
    "review": "살아생전,극장에서 또 접할수있다니...감동이네요ㅎㅎ지방원정이라도 가겠습니다~~~꼭 개봉해주세요^^",
    "date": "15.03.13",
    "rating": "10",
    "author": "cute****",
    "review_id": "9776189",
    "movie_id": "10670"
  },
  {
    "review": "사랑, 우정, 액션, 공포, 스릴, 판타지, 에로, 음악, 특수효과 등 영화의 모든 것을 담은 가장 완벽한 레전드 고전영화. 보너스로 이젠 향수까지 간직한 최고의 걸작이다.",
    "date": "15.03.12",
    "rating": "10",
    "author": "gogo****",
    "review_id": "9775706",
    "movie_id": "10670"
  },
  {
    "review": "섭소천 역의  왕조현, 영채신 역의 장국영의 가슴아픈 사랑이야기.. 무슨  말이 더  필요한가?",
    "date": "15.03.02",
    "rating": "10",
    "author": "cnrl****",
    "review_id": "9753084",
    "movie_id": "10670"
  },
  {
    "review": "말이 필요없는 최고의 수작!내 마음속의 영원한 레전드!",
    "date": "15.02.21",
    "rating": "10",
    "author": "cold****",
    "review_id": "9724029",
    "movie_id": "10670"
  },
  {
    "review": "1997연 제나이19 살 수능을 한달여 앞에 둔 고3학생이었죠  제2회 부산국제영화제에서재개봉을해서 비디오로 대사를 외울 정도로많이 보았지만 죽을때까지 영화관에서 못볼것 같아 보았었습니다그후로 영화는 영화관에서 봐야겠구나 생각합니다 그때의감흥이....",
    "date": "15.02.15",
    "rating": "10",
    "author": "drea****",
    "review_id": "9697618",
    "movie_id": "10670"
  },
  {
    "review": "초딩인가 중딩 이후로 처음 봐서 혹시 옛날 화면에 실망하면 어쩌지 고민했는데, 신선하면서도 가슴이 아리네요 ㅎ 30대라면 재감상 강추입니다. 다음은 청사를 다시 보려고 합니다.",
    "date": "15.01.31",
    "rating": "10",
    "author": "iris****",
    "review_id": "9653280",
    "movie_id": "10670"
  },
  {
    "review": "나의 인생 최고의 판타지로맨스",
    "date": "15.01.30",
    "rating": "10",
    "author": "bboy****",
    "review_id": "9650334",
    "movie_id": "10670"
  },
  {
    "review": "이건 진짜 박물관에 넣어 놔야한다.",
    "date": "15.01.21",
    "rating": "10",
    "author": "gusn****",
    "review_id": "9620167",
    "movie_id": "10670"
  },
  {
    "review": "정말 다시봐도 질리지가 않는..",
    "date": "15.01.16",
    "rating": "10",
    "author": "ceci****",
    "review_id": "9599776",
    "movie_id": "10670"
  },
  {
    "review": "정말 왕조현 누님은 신이 내려준 여신이다!!!",
    "date": "15.01.13",
    "rating": "10",
    "author": "ske4****",
    "review_id": "9589184",
    "movie_id": "10670"
  },
  {
    "review": "다시봐도 이쁘고이쁜영화다",
    "date": "15.01.04",
    "rating": "10",
    "author": "2328****",
    "review_id": "9561965",
    "movie_id": "10670"
  },
  {
    "review": "지금 봐도 잼있다. ㅎㅎ",
    "date": "14.12.31",
    "rating": "8",
    "author": "tops****",
    "review_id": "9542264",
    "movie_id": "10670"
  },
  {
    "review": "솔직히 홍콩영화 전혀 관심없다가 우연히 이틀전에 이영화를 봣는데...상사병걸려서 2틀째 미치겟네요 27살에 이게뭔짓인지 ㅠㅠㅠ영화보고 배우에 빠져서 상사병이라니 ㅠㅠ꿈에서도 나오고 환장하겟네요 처음느껴보는 비쥬얼쇼크입니다 왕조현..",
    "date": "14.12.23",
    "rating": "10",
    "author": "yuby****",
    "review_id": "9504339",
    "movie_id": "10670"
  },
  {
    "review": "왕조현의 세계최고 미인이었을 시절. 왕조현의 미모만으로 평점 10점 왕조현은 사진발이 안 받네요. 영화에서 훨씬 예쁘게 나와요.",
    "date": "14.12.14",
    "rating": "10",
    "author": "seno****",
    "review_id": "9472678",
    "movie_id": "10670"
  },
  {
    "review": "아.. 조현누나.. 저때가 그립다 ㅠㅠ",
    "date": "14.11.28",
    "rating": "10",
    "author": "mona****",
    "review_id": "9428695",
    "movie_id": "10670"
  },
  {
    "review": "최고의 판타지 로맨스..장국영과 왕조현 미모가 진짜 아름답다.",
    "date": "14.11.23",
    "rating": "10",
    "author": "bblo****",
    "review_id": "9413439",
    "movie_id": "10670"
  },
  {
    "review": "스토리? 진부하다. 특수효과? 현재영화 기술에 비하면 겜도 안된다 . 그러나 이 모든걸 상쇄해 버릴 수 있는 장국영 왕조현 두 배우만의 마력이 있고 이것만으로도 10점이다",
    "date": "14.11.18",
    "rating": "10",
    "author": "qhrs****",
    "review_id": "9398893",
    "movie_id": "10670"
  },
  {
    "review": "왕조현의 뽀얀발... 여자발이 섹시하다는 것을 이떄 알았다. 나에게 발페티쉬가 생기게 한 영화",
    "date": "14.11.09",
    "rating": "10",
    "author": "kara****",
    "review_id": "9359954",
    "movie_id": "10670"
  },
  {
    "review": "어렸을적 힘들게 비디오테잎빌려서 여러 친구들과 같이 봤던 추억의 영화. 왕조현의 초절정 미모에 넋을 잃고 보다가, 마지막엔 너무 슬퍼서 펑펑 울었던 기억이 난다. 소천을 떠올리면 아직도 가슴이 설렌다.",
    "date": "14.10.24",
    "rating": "10",
    "author": "kjk9****",
    "review_id": "9311824",
    "movie_id": "10670"
  },
  {
    "review": "옛날거라 그래픽이  별로지만 볼만함",
    "date": "14.10.23",
    "rating": "8",
    "author": "real****",
    "review_id": "9308845",
    "movie_id": "10670"
  },
  {
    "review": "어떻게.대단히.매우.정말 이 이야기를 실화라고 믿어버릴것 같다.",
    "date": "14.10.22",
    "rating": "9",
    "author": "mool****",
    "review_id": "9307228",
    "movie_id": "10670"
  },
  {
    "review": "아 요새 이런영화 안나오나???",
    "date": "14.10.12",
    "rating": "10",
    "author": "rued****",
    "review_id": "9286685",
    "movie_id": "10670"
  },
  {
    "review": "심금을 울리는 참신한 내용 아름다운 배우 연기",
    "date": "14.09.30",
    "rating": "10",
    "author": "kimm****",
    "review_id": "9250738",
    "movie_id": "10670"
  },
  {
    "review": "왕조현 진짜이쁘다 .. 인간의 미모가 아님",
    "date": "14.09.15",
    "rating": "10",
    "author": "wjaw****",
    "review_id": "9216457",
    "movie_id": "10670"
  },
  {
    "review": "이 감정을 못 느낀 사람들이 너무 불쌍하다..",
    "date": "14.08.20",
    "rating": "10",
    "author": "sona****",
    "review_id": "9113388",
    "movie_id": "10670"
  },
  {
    "review": "말이 필요없는 걸작 ,,,지금봐도 역시 걸작!!",
    "date": "14.07.29",
    "rating": "10",
    "author": "bee2****",
    "review_id": "8978257",
    "movie_id": "10670"
  },
  {
    "review": "왕조현,장국영 최고! 하 ㅠㅠ OST또한 최고!",
    "date": "14.07.24",
    "rating": "10",
    "author": "form****",
    "review_id": "8953770",
    "movie_id": "10670"
  },
  {
    "review": "당대 왕조현은 최고였죠. 요즘 아이돌들이 나와서 학창시절에 여신이라고 불렸었다고 하는데, 우습네요.  여신은 왕조현 정도는 되어야 여신이라고 불릴 자격이 있는 겁니다.",
    "date": "14.07.21",
    "rating": "10",
    "author": "jjn3****",
    "review_id": "8936624",
    "movie_id": "10670"
  },
  {
    "review": "왕조현..장말 가슴설래였지..",
    "date": "14.07.16",
    "rating": "10",
    "author": "jaeh****",
    "review_id": "8920542",
    "movie_id": "10670"
  },
  {
    "review": "화면빨부터 압도적...완벽한 이야기는 아니지만 장국영,왕조현 분위기 아주좋음..",
    "date": "14.07.14",
    "rating": "9",
    "author": "kara****",
    "review_id": "8914738",
    "movie_id": "10670"
  },
  {
    "review": "예전에 감명깊게본영화였는데 오랬만에 다시봐도 명작 왕조현 첫사랑이였던 전여친이랑 닮아서 너무 아프고 아련했다",
    "date": "14.07.08",
    "rating": "10",
    "author": "leon****",
    "review_id": "8895181",
    "movie_id": "10670"
  },
  {
    "review": "정말 세월이 흘러도 잊혀지지 않는 영화 리메이크는 원작을 전혀 따라오지 못한다",
    "date": "14.07.06",
    "rating": "9",
    "author": "infu****",
    "review_id": "8891041",
    "movie_id": "10670"
  },
  {
    "review": "무슨말이필요할까...",
    "date": "14.07.06",
    "rating": "10",
    "author": "jrjr****",
    "review_id": "8890947",
    "movie_id": "10670"
  },
  {
    "review": "다시 만나지 못하고 환생하는것으로 끝나는 것이 아쉽군요. 잘 봤습니다.",
    "date": "14.07.04",
    "rating": "10",
    "author": "sans****",
    "review_id": "8881145",
    "movie_id": "10670"
  },
  {
    "review": "이거보고 장국영한테 반했지.. 동성애자라는게 충격이지만ㅠ 그립다 정말",
    "date": "14.06.20",
    "rating": "10",
    "author": "kkot****",
    "review_id": "8843487",
    "movie_id": "10670"
  },
  {
    "review": "27년만에 다시 봐도 여전히 깊은 감동은 주는 영화! 이 영화만 생각하면 '여명불요래' 그 노래가 함께 떠오른다. 오래 전 영화지만 다시 봐도 편집이며 스토리 진행이 참으로 세련되어 있다는 생각이다. 내 생애 최고의 영화중 하나. 10년이 지나도  또",
    "date": "14.06.17",
    "rating": "10",
    "author": "inth****",
    "review_id": "8837719",
    "movie_id": "10670"
  },
  {
    "review": "왠만하면 이런거 댓글 안남기는데.... 지금 봐도 대단한 여운이다. 왕조현이 이시절 미모가 대단했다는것도 있지만 그냥 이 역활에 잘어울리는듯 하다. 그리고 신조협려2006(드라마)도 좋은 것 같다.",
    "date": "14.06.02",
    "rating": "10",
    "author": "azsx****",
    "review_id": "8788214",
    "movie_id": "10670"
  },
  {
    "review": "완벽이란 없으므로 고로 9점",
    "date": "14.05.28",
    "rating": "9",
    "author": "neop****",
    "review_id": "8772721",
    "movie_id": "10670"
  },
  {
    "review": "평점 낮은애들은 지가 엄청나게 영화보는 눈이 높은줄 착각하는 아이던가 아니면 독특한 매니아성향 아니면 어떤영화던 평점 낮게주는 아이들이네여...ㅋ디워를 10점 주면서 당시 최고에 홍콩영활 1~2점 주는거보면 답없슴ㅋㅋ",
    "date": "14.05.27",
    "rating": "10",
    "author": "al2d****",
    "review_id": "8769084",
    "movie_id": "10670"
  }
]