[
  {
    "review": "쓰레기 노답 핵노잼..",
    "date": "15.04.14",
    "rating": "1",
    "author": "hang****",
    "review_id": "9845298",
    "movie_id": "10683"
  },
  {
    "review": "내 인생 최고의 영화  Best  of Best",
    "date": "15.02.06",
    "rating": "10",
    "author": "hann****",
    "review_id": "9673822",
    "movie_id": "10683"
  },
  {
    "review": "긴장감도 있고 재미도 있고....",
    "date": "14.11.02",
    "rating": "8",
    "author": "ks10****",
    "review_id": "9337507",
    "movie_id": "10683"
  },
  {
    "review": "최고 최고!!평생 소장용",
    "date": "14.10.26",
    "rating": "10",
    "author": "xo53****",
    "review_id": "9318100",
    "movie_id": "10683"
  },
  {
    "review": "긴장감도 잇고 감동도 잇는 최고의 작품^^",
    "date": "14.09.12",
    "rating": "10",
    "author": "ging****",
    "review_id": "9206515",
    "movie_id": "10683"
  },
  {
    "review": "진부한 소재를 흥미롭게 살렸군",
    "date": "13.11.15",
    "rating": "7",
    "author": "guev****",
    "review_id": "8141406",
    "movie_id": "10683"
  },
  {
    "review": "웰메이드 스파이 멜로 스릴러. 골든 라즈베리 믿지마라.",
    "date": "13.09.22",
    "rating": "9",
    "author": "pont****",
    "review_id": "8007201",
    "movie_id": "10683"
  },
  {
    "review": "내가 태어나던 해에 나온 영화로군.  영화 자체는 볼만한데, 아 진짜 여주인공  최악의 미스캐스팅이다. 좀 스파이가 생긴 것도 멍청한데 말투도 애같고...하는 짓도 답답(이건 시나리오가 그런거니 참겠으나..)반데라스는 이여자 뭐좋다고...바보멍충이",
    "date": "12.12.25",
    "rating": "8",
    "author": "psy9****",
    "review_id": "7041204",
    "movie_id": "10683"
  },
  {
    "review": "여주가 절라 구리네...아네트 베닝이나 샤론스톤이였으면 짱 좋았겠구만...",
    "date": "12.09.19",
    "rating": "1",
    "author": "dbzh****",
    "review_id": "6713597",
    "movie_id": "10683"
  },
  {
    "review": "고전적인 분위기의 스파이영화...Dvd를 구하고 싶은...",
    "date": "12.04.28",
    "rating": "10",
    "author": "shan****",
    "review_id": "6253829",
    "movie_id": "10683"
  },
  {
    "review": "여주인공 1점도 아깝다.. 보는내내 짜증.. 명색이 스파이 역할인데..영화 다 망친다;;",
    "date": "11.09.18",
    "rating": "8",
    "author": "juse****",
    "review_id": "5738376",
    "movie_id": "10683"
  },
  {
    "review": "구멍 숭숭 시나리오, 부실한 연출력, 멜라니 그리피스의 목석같은 연기가 실망스럽다",
    "date": "11.08.14",
    "rating": "6",
    "author": "mist****",
    "review_id": "5649516",
    "movie_id": "10683"
  },
  {
    "review": "정말 재밌게봤는데 다시보구 싶네요",
    "date": "11.06.20",
    "rating": "10",
    "author": "hmk3****",
    "review_id": "5490575",
    "movie_id": "10683"
  },
  {
    "review": "약 15년전 철없을 때 본 영화인데 아직도 기억이생생하고 감동 또한 잊혀지지 않는 영화",
    "date": "11.03.11",
    "rating": "10",
    "author": "appl****",
    "review_id": "5306201",
    "movie_id": "10683"
  },
  {
    "review": "왜 멜라니 그리피스가 골든 라즈베리 상을 받았는지 모르겠어요, 이렇게 감동인데",
    "date": "10.11.02",
    "rating": "10",
    "author": "panp****",
    "review_id": "4934421",
    "movie_id": "10683"
  },
  {
    "review": "볼만허네..",
    "date": "10.05.18",
    "rating": "7",
    "author": "pksj****",
    "review_id": "4508128",
    "movie_id": "10683"
  },
  {
    "review": "다시보고싶은 영화1위 OOO이지난지금도 보고싶네요",
    "date": "10.04.28",
    "rating": "10",
    "author": "sige****",
    "review_id": "4462080",
    "movie_id": "10683"
  },
  {
    "review": "지금 사랑에 빠져있다면,절대 점수를 낮게줄수가 없다.이싱글들아 결혼이나 해라.ㅋㅋ",
    "date": "10.03.16",
    "rating": "10",
    "author": "baks****",
    "review_id": "4361618",
    "movie_id": "10683"
  },
  {
    "review": "기대이하 지루함. 93년 최악의 감독상과 최악의 여우주연상받은덴 이유가 있었다 역시",
    "date": "10.03.04",
    "rating": "7",
    "author": "kimh****",
    "review_id": "4333794",
    "movie_id": "10683"
  },
  {
    "review": "지금도 잊혀지지 않은 영화",
    "date": "09.11.15",
    "rating": "10",
    "author": "zoog****",
    "review_id": "3964064",
    "movie_id": "10683"
  },
  {
    "review": "마지막 30분이 최고다... 영화음악 또한 뛰어나다.",
    "date": "09.07.19",
    "rating": "10",
    "author": "jmp0****",
    "review_id": "3648162",
    "movie_id": "10683"
  },
  {
    "review": "90년대 중반에 수십번은 봤던 영화예요...감미로운 노래는 지금도 듣고 있어요~",
    "date": "09.06.06",
    "rating": "10",
    "author": "snag****",
    "review_id": "3548566",
    "movie_id": "10683"
  },
  {
    "review": "연출 각본 구성 연기 등이 어우러진 수작",
    "date": "09.01.01",
    "rating": "9",
    "author": "flyi****",
    "review_id": "3173941",
    "movie_id": "10683"
  },
  {
    "review": "오래간만에 보니 새롭네요... 정말 최고의 영화.. 마지막 반전은 아직도 감동이에요~~",
    "date": "08.12.26",
    "rating": "10",
    "author": "frmf****",
    "review_id": "3152397",
    "movie_id": "10683"
  },
  {
    "review": "시간이 지나도 기억에서 지워지지 않는다.",
    "date": "08.11.19",
    "rating": "10",
    "author": "sing****",
    "review_id": "3060175",
    "movie_id": "10683"
  },
  {
    "review": "원 제목과 달리 왜 사랑의용기라는 제목으로 나왔는지 보면 안다 스토리가 괜찮았다",
    "date": "08.10.02",
    "rating": "7",
    "author": "deff****",
    "review_id": "2978026",
    "movie_id": "10683"
  },
  {
    "review": "말이필요없는영화~최고",
    "date": "08.07.17",
    "rating": "10",
    "author": "gjrb****",
    "review_id": "2772465",
    "movie_id": "10683"
  },
  {
    "review": "16년이 지나도 잊혀지지 않는 영화",
    "date": "08.03.18",
    "rating": "10",
    "author": "khs1****",
    "review_id": "2527198",
    "movie_id": "10683"
  },
  {
    "review": "최고",
    "date": "07.12.30",
    "rating": "10",
    "author": "fill****",
    "review_id": "2280259",
    "movie_id": "10683"
  },
  {
    "review": "통속적이고 뻔한 러브스토리, 스릴러는 아니다",
    "date": "07.10.15",
    "rating": "4",
    "author": "sura****",
    "review_id": "2091819",
    "movie_id": "10683"
  },
  {
    "review": "드라마지만.. 여러가지 요소가 게다가 감동까지~~",
    "date": "07.08.04",
    "rating": "10",
    "author": "hain****",
    "review_id": "1871395",
    "movie_id": "10683"
  },
  {
    "review": "오래 기억되는 영화에요...좋아요^^",
    "date": "07.04.07",
    "rating": "10",
    "author": "lacv****",
    "review_id": "1575874",
    "movie_id": "10683"
  },
  {
    "review": "로맨스 스릴러 반전 모든게 너무 잘 표현된 영화",
    "date": "07.04.05",
    "rating": "10",
    "author": "shuf****",
    "review_id": "1573014",
    "movie_id": "10683"
  },
  {
    "review": "본지10년이 지난지금도 가슴속에 남은영화 다시볼수없을까...",
    "date": "07.04.03",
    "rating": "10",
    "author": "dddu****",
    "review_id": "1570060",
    "movie_id": "10683"
  },
  {
    "review": "용기 있는 사랑은 더욱 아름답고 감동적이었다",
    "date": "07.01.02",
    "rating": "10",
    "author": "osop****",
    "review_id": "1350658",
    "movie_id": "10683"
  },
  {
    "review": "초감동이야...감동그자체.........",
    "date": "06.12.31",
    "rating": "8",
    "author": "naeg****",
    "review_id": "1345139",
    "movie_id": "10683"
  },
  {
    "review": "젊었을때 마이클 더글라스 진짜 매력있네",
    "date": "06.12.10",
    "rating": "7",
    "author": "kat2****",
    "review_id": "1282792",
    "movie_id": "10683"
  },
  {
    "review": "오래전에 봤지만 아직도 감동의 여운이 가시지 않는 명작",
    "date": "06.11.29",
    "rating": "10",
    "author": "sirv****",
    "review_id": "1257790",
    "movie_id": "10683"
  },
  {
    "review": "20번도 넘게 봤네요.. dvd 구매가 안됩니다. 안타까워 죽겠어요.",
    "date": "06.11.21",
    "rating": "10",
    "author": "raph****",
    "review_id": "1244464",
    "movie_id": "10683"
  },
  {
    "review": "감동의 도가니탕~~`",
    "date": "06.11.15",
    "rating": "10",
    "author": "ronn****",
    "review_id": "1234133",
    "movie_id": "10683"
  },
  {
    "review": "장난아님..눈을뗄수없는영화..감동백배..흑..",
    "date": "06.09.03",
    "rating": "10",
    "author": "she1****",
    "review_id": "1097916",
    "movie_id": "10683"
  },
  {
    "review": "긴장감 백배 러브스토리.. 정말 명작이다 생각합니다.",
    "date": "06.02.23",
    "rating": "10",
    "author": "web1****",
    "review_id": "688013",
    "movie_id": "10683"
  },
  {
    "review": "전쟁의 가운데에서 서로를 지키기 위해 죽음을 불사른 사랑",
    "date": "06.01.23",
    "rating": "5",
    "author": "okjo****",
    "review_id": "614582",
    "movie_id": "10683"
  },
  {
    "review": "굿",
    "date": "05.12.27",
    "rating": "9",
    "author": "llen****",
    "review_id": "532659",
    "movie_id": "10683"
  },
  {
    "review": "2시간내내 긴장하면서 봤네요. 마이클 더글라스의 연기가 일품.",
    "date": "05.12.22",
    "rating": "9",
    "author": "blue****",
    "review_id": "520973",
    "movie_id": "10683"
  },
  {
    "review": "드라마로서 이정도면 훌륭한 영화!!",
    "date": "05.10.03",
    "rating": "10",
    "author": "visi****",
    "review_id": "431766",
    "movie_id": "10683"
  },
  {
    "review": "아~ 이영화 기억나네요 진짜 숨겨진 명작 다시 볼수 있을까",
    "date": "05.09.01",
    "rating": "10",
    "author": "alle****",
    "review_id": "389996",
    "movie_id": "10683"
  },
  {
    "review": "이건 정말 나를 울리게 한 최초의 영화 명작!!",
    "date": "05.09.01",
    "rating": "10",
    "author": "zghp****",
    "review_id": "389963",
    "movie_id": "10683"
  },
  {
    "review": "볼때마다 감동하는 영화. 아름답고 용기있는 영화.",
    "date": "05.08.25",
    "rating": "10",
    "author": "soms****",
    "review_id": "383357",
    "movie_id": "10683"
  },
  {
    "review": "진짜 지겹다 이렇게 지루할수가",
    "date": "05.08.25",
    "rating": "6",
    "author": "pjiy****",
    "review_id": "383343",
    "movie_id": "10683"
  },
  {
    "review": "스릴있는 로맨스영화..재밌어요..무엇보다 영화음악 강추...",
    "date": "05.08.06",
    "rating": "9",
    "author": "mihu****",
    "review_id": "354648",
    "movie_id": "10683"
  },
  {
    "review": "맘편히 사랑영화르 ㄹ봤어요",
    "date": "05.06.12",
    "rating": "9",
    "author": "milk****",
    "review_id": "298695",
    "movie_id": "10683"
  },
  {
    "review": "사랑영화의 굵직한 계보를 잇기에 충분한 영화!",
    "date": "05.02.28",
    "rating": "10",
    "author": "todd****",
    "review_id": "232382",
    "movie_id": "10683"
  },
  {
    "review": "내 영화 리스트에 빠지지 않을 대단한 작품",
    "date": "05.02.08",
    "rating": "10",
    "author": "chop****",
    "review_id": "212967",
    "movie_id": "10683"
  },
  {
    "review": "제일 좋아하는 영화입니다!",
    "date": "04.12.21",
    "rating": "4",
    "author": "m334****",
    "review_id": "166804",
    "movie_id": "10683"
  },
  {
    "review": "잔잔한 재미...",
    "date": "04.10.16",
    "rating": "6",
    "author": "chki****",
    "review_id": "126571",
    "movie_id": "10683"
  },
  {
    "review": "2시간내내 긴장하면서 봤네요. 마이클 더글라스의 연기가 일품.",
    "date": "04.09.08",
    "rating": "9",
    "author": "jjs7****",
    "review_id": "104952",
    "movie_id": "10683"
  },
  {
    "review": "헐리웃은 이제 이런 영화를 만들 수 없을 것이다",
    "date": "04.07.05",
    "rating": "10",
    "author": "iskr****",
    "review_id": "65506",
    "movie_id": "10683"
  },
  {
    "review": "제목이 왜 사랑의 용기일까...ㅡㅡ",
    "date": "04.05.28",
    "rating": "8",
    "author": "spri****",
    "review_id": "46887",
    "movie_id": "10683"
  },
  {
    "review": "내용도 좋았구...가슴도..벅찼구...",
    "date": "04.04.05",
    "rating": "9",
    "author": "star****",
    "review_id": "34373",
    "movie_id": "10683"
  },
  {
    "review": "이영화만한 감동은 없져....^^;보신분들은 아실듯~~",
    "date": "04.02.02",
    "rating": "10",
    "author": "jmyy****",
    "review_id": "15302",
    "movie_id": "10683"
  },
  {
    "review": "감동이 밀려옵니다~~",
    "date": "04.01.18",
    "rating": "10",
    "author": "viol****",
    "review_id": "11315",
    "movie_id": "10683"
  },
  {
    "review": "내가 본 영화중, 기억에 남을 만한 영화중 하나이다.",
    "date": "04.01.11",
    "rating": "10",
    "author": "pala****",
    "review_id": "9666",
    "movie_id": "10683"
  }
]