[
  {
    "review": "심오한 뜻은 이해가  가나  재미는 낫씽",
    "date": "15.08.14",
    "rating": "6",
    "author": "kan3****",
    "review_id": "10230018",
    "movie_id": "10680"
  },
  {
    "review": "살아있는 이 순간에 충실하는 게 인간으로서 할 수 있는 최선이 아닐까한다.",
    "date": "15.07.08",
    "rating": "10",
    "author": "kko0****",
    "review_id": "10079295",
    "movie_id": "10680"
  },
  {
    "review": "얕고 좁고 허술한, 통속적 사유.",
    "date": "15.06.21",
    "rating": "6",
    "author": "tear****",
    "review_id": "10020148",
    "movie_id": "10680"
  },
  {
    "review": "신은 어디에, 죽음은 어디에",
    "date": "14.11.30",
    "rating": "8",
    "author": "frif****",
    "review_id": "9436193",
    "movie_id": "10680"
  },
  {
    "review": "죽음은 눈앞에 닥쳐왔지만 끝내 나타나지 않는 신의 존재",
    "date": "14.10.14",
    "rating": "10",
    "author": "sanh****",
    "review_id": "9291044",
    "movie_id": "10680"
  },
  {
    "review": "원래 평점을 잘 매기지 않지만 내 생애 이런 완벽한 영화는 처음이다, 시민케인을 뛰어넘는 영화 사상 최고의 걸작",
    "date": "14.08.06",
    "rating": "10",
    "author": "nave****",
    "review_id": "9035141",
    "movie_id": "10680"
  },
  {
    "review": "마지막 장면이 인상 깊네요.",
    "date": "14.05.24",
    "rating": "7",
    "author": "ekc_****",
    "review_id": "8758698",
    "movie_id": "10680"
  },
  {
    "review": "무슨 얘기하는지 모르겠다",
    "date": "14.04.23",
    "rating": "1",
    "author": "mara****",
    "review_id": "8668101",
    "movie_id": "10680"
  },
  {
    "review": "신의 존재와 필연적인 죽음에 관한 질문, 종교의 구원과 사후세계에 대해 진지하게 묻고 있는 영화다. 영화도 충분히 철학적인 도구가 될 수 있음을 증명하는 불후의 \"걸작\"",
    "date": "14.04.19",
    "rating": "10",
    "author": "pola****",
    "review_id": "8657893",
    "movie_id": "10680"
  },
  {
    "review": "죽음과 신에 대한 고뇌는 영화를 통해 신에게 구원을 외치지만.",
    "date": "14.02.07",
    "rating": "8",
    "author": "hman****",
    "review_id": "8483099",
    "movie_id": "10680"
  },
  {
    "review": "글쎄 내가 종교적 구도의 경험이 없어서인지 별로 와 닿지 않는다.",
    "date": "13.11.13",
    "rating": "6",
    "author": "ykdi****",
    "review_id": "8135696",
    "movie_id": "10680"
  },
  {
    "review": "삶 죽음에 대해 진지한 물음을 제기했던 명작",
    "date": "13.09.14",
    "rating": "10",
    "author": "alie****",
    "review_id": "7979055",
    "movie_id": "10680"
  },
  {
    "review": "진지하면서도착찹하게 만들지 않는...",
    "date": "13.08.11",
    "rating": "10",
    "author": "infi****",
    "review_id": "7869387",
    "movie_id": "10680"
  },
  {
    "review": "지금, 여기.. 현재의 삶이 얼마나 소중한지..",
    "date": "13.04.02",
    "rating": "10",
    "author": "vlfr****",
    "review_id": "7430032",
    "movie_id": "10680"
  },
  {
    "review": "저자의 의도를 모르겠음. 죽음의 의미에 대한 질문을 던지는 것 같기는 하나..",
    "date": "13.02.25",
    "rating": "8",
    "author": "sunw****",
    "review_id": "7302253",
    "movie_id": "10680"
  },
  {
    "review": "보고 보고 또 봐도 계속 땡기는 영화는 드물다",
    "date": "13.02.20",
    "rating": "10",
    "author": "okas****",
    "review_id": "7284654",
    "movie_id": "10680"
  },
  {
    "review": "관객을 심오하게 빠져들게 한다",
    "date": "13.01.29",
    "rating": "8",
    "author": "rlag****",
    "review_id": "7194434",
    "movie_id": "10680"
  },
  {
    "review": "범죄저지르지마세요...자해하지마세요...자살하지마세요...",
    "date": "12.12.28",
    "rating": "1",
    "author": "smss****",
    "review_id": "7055251",
    "movie_id": "10680"
  },
  {
    "review": "죽음이 나에게 다가올때 웃으며 맞이하라",
    "date": "12.12.18",
    "rating": "9",
    "author": "laeh****",
    "review_id": "7015167",
    "movie_id": "10680"
  },
  {
    "review": "플롯은 개판",
    "date": "12.10.14",
    "rating": "1",
    "author": "lotu****",
    "review_id": "6799502",
    "movie_id": "10680"
  },
  {
    "review": "다 아는 고찰을 심오한 척",
    "date": "12.10.04",
    "rating": "5",
    "author": "rd72****",
    "review_id": "6763364",
    "movie_id": "10680"
  },
  {
    "review": "무거운 주제지만 영화적 재미를 그리 희생시키지 않았다는.....",
    "date": "12.09.04",
    "rating": "7",
    "author": "jjke****",
    "review_id": "6669187",
    "movie_id": "10680"
  },
  {
    "review": "이 영화속의 @죽음@보다 더 진짜같은@죽음@을 나는 본적이 없다...배우가 연기하는게 아니라,마치 진짜,죽음이 다가오는것만 같은 느낌.일본만화걸작데스노트에도 깊은 영향을 끼쳤으며,막스 폰 시도우가 끝없이 시덥지 않은 엔터테인먼트영화들에 불려다니는 이유",
    "date": "12.08.15",
    "rating": "10",
    "author": "baks****",
    "review_id": "6610067",
    "movie_id": "10680"
  },
  {
    "review": "그시절엔 걸작이었는지 몰라도 지금 시각에선 많이 어설프다. 내용도 연기도..",
    "date": "12.07.20",
    "rating": "4",
    "author": "ygch****",
    "review_id": "6503873",
    "movie_id": "10680"
  },
  {
    "review": "한번 보고 평점 남기는 거지만 여러번 보면 더욱더 깊이가 느껴질 것 같다. 종교의 허구성과 모순에 대한 냉철한 시선이 인상적이다. 종교란 과연 무엇인가... 우리에게 어떠한 존재일까... 한번쯤은 생각해 볼만한 사항인듯 하다. 분위기 있는 클래식.",
    "date": "12.07.09",
    "rating": "8",
    "author": "deux****",
    "review_id": "6465137",
    "movie_id": "10680"
  },
  {
    "review": "영화예술의 정점",
    "date": "12.06.30",
    "rating": "10",
    "author": "punk****",
    "review_id": "6433648",
    "movie_id": "10680"
  },
  {
    "review": "초반부분 조금 지나서부터 집중하기 시작. 명작이라는 데는 이유가 다 있다.",
    "date": "12.06.26",
    "rating": "9",
    "author": "sick****",
    "review_id": "6416613",
    "movie_id": "10680"
  },
  {
    "review": "세월이 흘러도 역시 최고다!",
    "date": "12.06.19",
    "rating": "9",
    "author": "day6****",
    "review_id": "6401708",
    "movie_id": "10680"
  },
  {
    "review": "클래식의 힘. 신은 어디에?라는 우문에 현답을 보여준 거장감독.",
    "date": "12.06.09",
    "rating": "9",
    "author": "piw8****",
    "review_id": "6379890",
    "movie_id": "10680"
  },
  {
    "review": "우리가 생각해 보아야 할 것",
    "date": "12.06.05",
    "rating": "10",
    "author": "musi****",
    "review_id": "6365896",
    "movie_id": "10680"
  },
  {
    "review": "모든 중세의 모습과, 시대를 이어왔던 신의 존재에 고뇌하는 인물이 잘 그려진 영화.",
    "date": "12.06.01",
    "rating": "10",
    "author": "sys9****",
    "review_id": "6353515",
    "movie_id": "10680"
  },
  {
    "review": "신과 죽음 그리고 모순에 가득찬 세상에 관한 새로울 것 없는 고찰",
    "date": "12.05.31",
    "rating": "7",
    "author": "acea****",
    "review_id": "6350513",
    "movie_id": "10680"
  },
  {
    "review": "고전은 이래서 칭송받는구나.",
    "date": "12.05.21",
    "rating": "10",
    "author": "yann****",
    "review_id": "6317995",
    "movie_id": "10680"
  },
  {
    "review": "명작이래니까 다들 찬양하는듯  장면의 질감 외에 그 어떤 곳에서도 감동을 못느낌",
    "date": "12.05.17",
    "rating": "1",
    "author": "andu****",
    "review_id": "6305927",
    "movie_id": "10680"
  },
  {
    "review": "철학적임",
    "date": "12.05.17",
    "rating": "9",
    "author": "aked****",
    "review_id": "6304995",
    "movie_id": "10680"
  },
  {
    "review": "명작중의 명작...",
    "date": "12.05.16",
    "rating": "10",
    "author": "pink****",
    "review_id": "6302267",
    "movie_id": "10680"
  },
  {
    "review": "영화에서도 고전의 힘은 강하다",
    "date": "12.05.16",
    "rating": "10",
    "author": "sere****",
    "review_id": "6302095",
    "movie_id": "10680"
  },
  {
    "review": "이런 영화에 만점을 주지 않을 수 있을까요? 보여주셔서 감사한 영화였습니다.",
    "date": "12.05.13",
    "rating": "10",
    "author": "else****",
    "review_id": "6294953",
    "movie_id": "10680"
  },
  {
    "review": "훌륭한 시 같은 영화. 인간의 삶에 대해 이렇게 뛰어난 통찰은 다시 없을 것이다.",
    "date": "12.05.09",
    "rating": "10",
    "author": "stay****",
    "review_id": "6285381",
    "movie_id": "10680"
  },
  {
    "review": "한번 더 봐야겠다. 지루하지 않고 집중해서 볼 수 있었다.",
    "date": "12.05.07",
    "rating": "9",
    "author": "coco****",
    "review_id": "6281045",
    "movie_id": "10680"
  },
  {
    "review": "아직도 신이 있다고 믿는가? 죽음은 인간의 숙명, 언제나 우리 곁에 있다.",
    "date": "12.04.16",
    "rating": "8",
    "author": "bbq2****",
    "review_id": "6227310",
    "movie_id": "10680"
  },
  {
    "review": "항상 곁에 있는 죽음을 인식할 때 우리는 죽음과 대면하게 된다는 이야기인 듯..",
    "date": "12.03.11",
    "rating": "9",
    "author": "heod****",
    "review_id": "6135690",
    "movie_id": "10680"
  },
  {
    "review": "감독이 살아서 요즘 개독들 보면 아마 기가 막힐 듯.",
    "date": "11.12.19",
    "rating": "9",
    "author": "mbtl****",
    "review_id": "5915916",
    "movie_id": "10680"
  },
  {
    "review": "아아, 어딘가에 계셔야만할 주님..",
    "date": "11.08.08",
    "rating": "8",
    "author": "tjrw****",
    "review_id": "5621623",
    "movie_id": "10680"
  },
  {
    "review": "잉마르 베리히만이 던지는 근본적인 질문에 빠져들었던 영화.",
    "date": "11.08.08",
    "rating": "9",
    "author": "alch****",
    "review_id": "5619223",
    "movie_id": "10680"
  },
  {
    "review": "이 영화에 의미를 부여하는 순간, 가치는 사라진다.",
    "date": "11.07.26",
    "rating": "8",
    "author": "10pu****",
    "review_id": "5570866",
    "movie_id": "10680"
  },
  {
    "review": "기괴하지만 재미있다",
    "date": "11.07.05",
    "rating": "9",
    "author": "plas****",
    "review_id": "5524580",
    "movie_id": "10680"
  },
  {
    "review": "목숨을 걸고하는 체스.. 체스로 보는 사회",
    "date": "11.04.09",
    "rating": "9",
    "author": "dlgk****",
    "review_id": "5364490",
    "movie_id": "10680"
  },
  {
    "review": "생사의 경계에서 인생을 논하다..",
    "date": "11.01.27",
    "rating": "10",
    "author": "ca24****",
    "review_id": "5188805",
    "movie_id": "10680"
  },
  {
    "review": "솔직히 중간중간 지루했던것도 사실이나, 후반부를 본 후에는 또다시 보고싶게한다.",
    "date": "11.01.14",
    "rating": "10",
    "author": "redo****",
    "review_id": "5157309",
    "movie_id": "10680"
  },
  {
    "review": "죽음이란 누구나 한번쯤 생각한다..중세시대의 잘못된 종교에 대한 고찰",
    "date": "11.01.10",
    "rating": "8",
    "author": "thra****",
    "review_id": "5145945",
    "movie_id": "10680"
  },
  {
    "review": "세월이 지나고, 강산이 변해도 풀리지 않는 인간의 실존에 관한 물음",
    "date": "10.11.23",
    "rating": "8",
    "author": "lms7****",
    "review_id": "4983048",
    "movie_id": "10680"
  },
  {
    "review": "실로 오랜만에 대면한 진지하고 근본적인 질문이었음..",
    "date": "10.11.12",
    "rating": "9",
    "author": "nils****",
    "review_id": "4954415",
    "movie_id": "10680"
  },
  {
    "review": "우직하지만 섬세하다. 이렇게도 어려운 질문이 있을까?",
    "date": "10.11.07",
    "rating": "10",
    "author": "sund****",
    "review_id": "4944307",
    "movie_id": "10680"
  },
  {
    "review": "잉마르 베리만 영화는 처음인데 (50년대 영화인데도) 하나도 지루하지 않다",
    "date": "10.10.05",
    "rating": "9",
    "author": "csw8****",
    "review_id": "4886673",
    "movie_id": "10680"
  },
  {
    "review": "재밌다",
    "date": "10.06.21",
    "rating": "10",
    "author": "eek5****",
    "review_id": "4583235",
    "movie_id": "10680"
  },
  {
    "review": "삶의 마지막 의미를 찾기위한 시간을 유예받기 위한 체스게임.",
    "date": "10.04.15",
    "rating": "10",
    "author": "youe****",
    "review_id": "4433193",
    "movie_id": "10680"
  },
  {
    "review": "종교는 공포가 만든 허상, 죽음에겐 언제나 진다, 죽기전까지 사랑으로 서로 보듬자.",
    "date": "10.03.13",
    "rating": "9",
    "author": "mist****",
    "review_id": "4352839",
    "movie_id": "10680"
  },
  {
    "review": "마지막 장면 잊혀지지가 않는다...",
    "date": "10.03.05",
    "rating": "10",
    "author": "hyeh****",
    "review_id": "4335516",
    "movie_id": "10680"
  },
  {
    "review": "하나님은침묵치않으신다.광댈보라.멸망의순간에도깨어있다면 그분의구원을얻을수있다",
    "date": "09.12.12",
    "rating": "8",
    "author": "5292****",
    "review_id": "4037901",
    "movie_id": "10680"
  },
  {
    "review": "제7의 봉인",
    "date": "09.05.14",
    "rating": "10",
    "author": "ktqn****",
    "review_id": "3493805",
    "movie_id": "10680"
  },
  {
    "review": "신의 존재라는 근원적인 물음에 대한 해답을 구하는 기사의 비장한 모습",
    "date": "09.03.03",
    "rating": "9",
    "author": "fram****",
    "review_id": "3346230",
    "movie_id": "10680"
  },
  {
    "review": "인간은 다 죽음에 이르는 병에 걸려있다. 키에르케고르의 말인가?",
    "date": "09.02.26",
    "rating": "9",
    "author": "meul****",
    "review_id": "3335429",
    "movie_id": "10680"
  },
  {
    "review": "다양한 의미 재생산을 원한다면 이렇게 만들어라. 질문,인간,삶,질병,죽음,신,희망..",
    "date": "09.01.10",
    "rating": "8",
    "author": "bepl****",
    "review_id": "3207042",
    "movie_id": "10680"
  },
  {
    "review": "지금은 답을 알고 있겠네요? 죽음 다음엔 뭐가 있던가요.",
    "date": "08.12.16",
    "rating": "7",
    "author": "movi****",
    "review_id": "3123112",
    "movie_id": "10680"
  },
  {
    "review": "졸음과 싸우다 보면 어느새 신과 인간에 대한 진지한 고민에 맞닥뜨리게 된다.",
    "date": "08.12.02",
    "rating": "9",
    "author": "kusa****",
    "review_id": "3085226",
    "movie_id": "10680"
  },
  {
    "review": "죽음에 대한 공포와 침묵하는 신에 대한 의문, 결국 누구나 마주해야 할 난제",
    "date": "08.11.30",
    "rating": "8",
    "author": "hany****",
    "review_id": "3083183",
    "movie_id": "10680"
  },
  {
    "review": "죽기위해 사는것은 아니다. 어쩌면 신은 못믿을 존재일지도...",
    "date": "08.09.16",
    "rating": "7",
    "author": "yuly****",
    "review_id": "2952658",
    "movie_id": "10680"
  },
  {
    "review": "예술영화와 나는 상성이 맞질 않는다...",
    "date": "08.06.14",
    "rating": "6",
    "author": "sand****",
    "review_id": "2697625",
    "movie_id": "10680"
  },
  {
    "review": "신의 존재에 대한 의문, 신앙에 대한 근원적인 질문들, 흑사병 및 죽음과의 대면...",
    "date": "08.06.03",
    "rating": "8",
    "author": "sioh****",
    "review_id": "2678225",
    "movie_id": "10680"
  },
  {
    "review": "nihilism shit...... 처음 죽음이 등장하는 부분만 맘에 든다",
    "date": "08.03.15",
    "rating": "5",
    "author": "stro****",
    "review_id": "2521506",
    "movie_id": "10680"
  },
  {
    "review": "신과 죽음 이후의 삶에 대한 고뇌",
    "date": "08.03.04",
    "rating": "10",
    "author": "stsp****",
    "review_id": "2503351",
    "movie_id": "10680"
  },
  {
    "review": "신과 죽음에 관한 고찰",
    "date": "08.01.23",
    "rating": "10",
    "author": "andr****",
    "review_id": "2360801",
    "movie_id": "10680"
  },
  {
    "review": "그래도 우린 끈질기게 물어야 한다. 신과 죽음이 무엇인지!",
    "date": "08.01.19",
    "rating": "9",
    "author": "cahd****",
    "review_id": "2348336",
    "movie_id": "10680"
  },
  {
    "review": "죽음앞에서 나약한인간. 불청객이 찾아오면 겁이나겠지 하지만 웃으며말하리",
    "date": "07.10.28",
    "rating": "7",
    "author": "kuic****",
    "review_id": "2117718",
    "movie_id": "10680"
  },
  {
    "review": "죽음에 맞선 이들의 인간구원의 열망과 고민을 그린 드라마",
    "date": "07.10.23",
    "rating": "8",
    "author": "donj****",
    "review_id": "2106513",
    "movie_id": "10680"
  },
  {
    "review": "내 세대에는 숱하게 써먹힌 주제, 내면으로 보는 영화",
    "date": "07.10.21",
    "rating": "8",
    "author": "kuro****",
    "review_id": "2103925",
    "movie_id": "10680"
  },
  {
    "review": "죽음과 체스를 ......아마 이겼다면....ㅋㅋㅋ",
    "date": "07.09.27",
    "rating": "10",
    "author": "kore****",
    "review_id": "2053285",
    "movie_id": "10680"
  },
  {
    "review": "죽음과 내기를 함으로써 신의 구원을 받고자 하는 기사 죽음의 확신",
    "date": "07.09.12",
    "rating": "9",
    "author": "thfk****",
    "review_id": "2016337",
    "movie_id": "10680"
  },
  {
    "review": "승산이 없는 내기를 하면서 까지,,인간의 어리석음이란",
    "date": "07.09.08",
    "rating": "10",
    "author": "seee****",
    "review_id": "2007479",
    "movie_id": "10680"
  },
  {
    "review": "죽음 앞에 인간은 무엇인가. 떠나지 않는 의미, 그리고 영화.",
    "date": "07.09.01",
    "rating": "10",
    "author": "clsc****",
    "review_id": "1993409",
    "movie_id": "10680"
  },
  {
    "review": "베르히만 최고의 명작",
    "date": "07.08.27",
    "rating": "10",
    "author": "zito****",
    "review_id": "1984559",
    "movie_id": "10680"
  },
  {
    "review": "죽음과 신에 대해 생각해보게 만든 최고의 영화",
    "date": "07.08.19",
    "rating": "10",
    "author": "vipe****",
    "review_id": "1958423",
    "movie_id": "10680"
  },
  {
    "review": "그걸 물어볼려고 일케 지루하게? 하여간 예술영화란것들은.",
    "date": "07.08.11",
    "rating": "5",
    "author": "cjw2****",
    "review_id": "1919683",
    "movie_id": "10680"
  },
  {
    "review": "얼마전 타계한 잉그마르 베르히만의 독특한 구성과 철학이 그립다...",
    "date": "07.08.07",
    "rating": "9",
    "author": "gent****",
    "review_id": "1898831",
    "movie_id": "10680"
  },
  {
    "review": "베르히만 영면. 오락성은 심하게 떨어지나 마지막 장면이 기억나서.",
    "date": "07.07.31",
    "rating": "8",
    "author": "comb****",
    "review_id": "1830412",
    "movie_id": "10680"
  },
  {
    "review": "종교영화치고 이렇게 안 지루한 영화가 있던가.",
    "date": "07.07.06",
    "rating": "9",
    "author": "anjo****",
    "review_id": "1752299",
    "movie_id": "10680"
  },
  {
    "review": "인간에게 죽음이란 무엇인가",
    "date": "07.04.12",
    "rating": "8",
    "author": "pawr****",
    "review_id": "1584860",
    "movie_id": "10680"
  },
  {
    "review": "죽음을 무기로 인간을 조롱하는 종교에 일침을 가한 명작",
    "date": "07.03.17",
    "rating": "10",
    "author": "idre****",
    "review_id": "1538943",
    "movie_id": "10680"
  },
  {
    "review": "신의 유무에 관한 강속 직구. 신은 정녕 없는 것인가?",
    "date": "07.01.31",
    "rating": "10",
    "author": "cksn****",
    "review_id": "1430893",
    "movie_id": "10680"
  },
  {
    "review": "죽음 두려움, 신에 대한 의문 적절하게 잘 드러낸 명작.",
    "date": "06.12.11",
    "rating": "9",
    "author": "pass****",
    "review_id": "1284355",
    "movie_id": "10680"
  },
  {
    "review": "인간에 있어서 신의 존재란...",
    "date": "06.11.12",
    "rating": "10",
    "author": "yana****",
    "review_id": "1229137",
    "movie_id": "10680"
  },
  {
    "review": "여호와가 곧 사탄이다.",
    "date": "06.09.20",
    "rating": "10",
    "author": "bbul****",
    "review_id": "1133583",
    "movie_id": "10680"
  },
  {
    "review": "영화를 끝까지 안 보면 죽음이다.",
    "date": "06.09.07",
    "rating": "7",
    "author": "saki****",
    "review_id": "1110135",
    "movie_id": "10680"
  },
  {
    "review": "명작",
    "date": "06.08.19",
    "rating": "10",
    "author": "zeed****",
    "review_id": "1058446",
    "movie_id": "10680"
  },
  {
    "review": "믿음을 의심치 않는자만이 영생을 얻으리...",
    "date": "06.07.10",
    "rating": "10",
    "author": "k641****",
    "review_id": "882021",
    "movie_id": "10680"
  },
  {
    "review": "존재의 의문과 구원의 확신에 관한 간절한 두드림.",
    "date": "06.05.28",
    "rating": "10",
    "author": "hadl****",
    "review_id": "821058",
    "movie_id": "10680"
  },
  {
    "review": "졸리니까 자러 가야겠다.",
    "date": "06.05.16",
    "rating": "3",
    "author": "scal****",
    "review_id": "802213",
    "movie_id": "10680"
  },
  {
    "review": "신과 죽음에 대한 근원적 고찰",
    "date": "06.05.06",
    "rating": "9",
    "author": "spad****",
    "review_id": "788484",
    "movie_id": "10680"
  },
  {
    "review": "운명이란 거스를 수 없는것..신은 부재한다.",
    "date": "06.03.31",
    "rating": "10",
    "author": "tmxl****",
    "review_id": "742159",
    "movie_id": "10680"
  }
]