[
  {
    "review": "장국영과 왕조현이 ..",
    "date": "15.08.22",
    "rating": "10",
    "author": "tear****",
    "review_id": "10264011",
    "movie_id": "10686"
  },
  {
    "review": "1편의 분위기를 이어가기엔 역부족.",
    "date": "15.08.06",
    "rating": "8",
    "author": "kjk9****",
    "review_id": "10193670",
    "movie_id": "10686"
  },
  {
    "review": "그냥 왕조현 하나로 gg",
    "date": "15.07.18",
    "rating": "10",
    "author": "illg****",
    "review_id": "10114450",
    "movie_id": "10686"
  },
  {
    "review": "어렸을때 중학생 관람가 였는데... 우뢰매 이후 오랜만에 극장나들이~",
    "date": "15.07.15",
    "rating": "10",
    "author": "herm****",
    "review_id": "10107816",
    "movie_id": "10686"
  },
  {
    "review": "무언가 몽환적이면서도 애절한 이야기. 이영화를 보고나면 사랑하는 사람을 꼭 지키고 싶어진다.",
    "date": "15.07.15",
    "rating": "10",
    "author": "kool****",
    "review_id": "10105638",
    "movie_id": "10686"
  },
  {
    "review": "1도 재밌지만 2탄도 전혀 실망감이 없는 몇 안되는 후속작 아 아련하다 비디오 빌려서 봤던...",
    "date": "15.07.03",
    "rating": "10",
    "author": "kimm****",
    "review_id": "10063686",
    "movie_id": "10686"
  },
  {
    "review": "1편의 애틋한 이별이 2편의 뭉클한 결합으로 이어지다니.",
    "date": "15.06.17",
    "rating": "10",
    "author": "band****",
    "review_id": "10005764",
    "movie_id": "10686"
  },
  {
    "review": "장국영,왕조현. 두 배우! 무슨 말이 더 필요하랴.",
    "date": "15.05.25",
    "rating": "10",
    "author": "boy0****",
    "review_id": "9947007",
    "movie_id": "10686"
  },
  {
    "review": "2편도 1편 못지않게 재미있다.",
    "date": "15.04.17",
    "rating": "8",
    "author": "adiv****",
    "review_id": "9850256",
    "movie_id": "10686"
  },
  {
    "review": "아 장국영 ㅠ 재개봉으로   스크린에서 그의 모습 다시 볼 수 있어 넘 좋아요",
    "date": "15.04.11",
    "rating": "10",
    "author": "min8****",
    "review_id": "9840700",
    "movie_id": "10686"
  },
  {
    "review": "왕조현은 보면볼수록 이쁜듯",
    "date": "15.04.10",
    "rating": "10",
    "author": "534k****",
    "review_id": "9837408",
    "movie_id": "10686"
  },
  {
    "review": "대단했지 투유초콜렛 광고도 한번보삼 추억이 새록새록ㅎ",
    "date": "15.04.08",
    "rating": "10",
    "author": "jmd2****",
    "review_id": "9834478",
    "movie_id": "10686"
  },
  {
    "review": "당대 최고의 홍콩 남,녀 배우들이 만든 최고의 명작!!!!",
    "date": "15.04.07",
    "rating": "10",
    "author": "dlwn****",
    "review_id": "9832367",
    "movie_id": "10686"
  },
  {
    "review": "90년에 개봉했을 때 내 나이가 7살 때였다... 극장에선 못 보고 몇년 후에 비디오 빌려서 봤는데 초등학교 4학년 땐가 5학년 때 보고 식겁했다... 누나나 여동생이 없는 난 그 때 이런 생각을 했었다...  저렇게 예쁜 여자가 내 누나였으면...",
    "date": "15.04.06",
    "rating": "10",
    "author": "rkdh****",
    "review_id": "9832110",
    "movie_id": "10686"
  },
  {
    "review": "이건 무조건 봐야 함.ㅠㅠㅠ",
    "date": "15.04.03",
    "rating": "10",
    "author": "hiph****",
    "review_id": "9823806",
    "movie_id": "10686"
  },
  {
    "review": "천녀유혼 2 - 인간도 약가 부족하다",
    "date": "15.04.01",
    "rating": "8",
    "author": "qlaa****",
    "review_id": "9820474",
    "movie_id": "10686"
  },
  {
    "review": "역시 천녀유혼은 장국영만 소화할수 있는 연기와 그에 맞는 이미지!.. 최고입니다 ^^..",
    "date": "15.03.23",
    "rating": "10",
    "author": "tkfl****",
    "review_id": "9802523",
    "movie_id": "10686"
  },
  {
    "review": "그냥본다그냥보고있다정말잼나개보다",
    "date": "15.01.31",
    "rating": "7",
    "author": "2328****",
    "review_id": "9654329",
    "movie_id": "10686"
  },
  {
    "review": "1편의 아쉬움을 잘달래준....아무리 오랜 세월이 지나도 잊혀지지 않네",
    "date": "15.01.16",
    "rating": "10",
    "author": "ceci****",
    "review_id": "9599778",
    "movie_id": "10686"
  },
  {
    "review": "이 영화는 한번보고 두번봐라 왕조현 누님의 미모 만으로도 10점 받기 충분하다!!",
    "date": "15.01.13",
    "rating": "10",
    "author": "ske4****",
    "review_id": "9589185",
    "movie_id": "10686"
  },
  {
    "review": "지금 이 시대는, 이런 감성의 영화를 정령 만들지 못한단말인가.",
    "date": "14.11.14",
    "rating": "9",
    "author": "mool****",
    "review_id": "9384309",
    "movie_id": "10686"
  },
  {
    "review": "1편에 비해서 약간 떨어졌지만 천녀유혼에서 느꼈던 애잔한 감정을 정말 잘 표현했다. 요괴는 요즘보면 너무 허술하겠지만 시대를 생각해본다면 충분히 이해가능하다. 천녀유혼의 분위기를 너무 잘 살린 해피엔딩..",
    "date": "14.08.21",
    "rating": "8",
    "author": "sona****",
    "review_id": "9116760",
    "movie_id": "10686"
  },
  {
    "review": "어릴적 티브이 재방송으로 보고 왕조현의 매력과 퇴마사들의 멋진 모습에 열광했었던 기억이 납니다. 최고의 영화 중 하나였어요",
    "date": "14.08.11",
    "rating": "10",
    "author": "tjxo****",
    "review_id": "9066502",
    "movie_id": "10686"
  },
  {
    "review": "90년대에 저런 외모라면 엄청난 거다. 왕조현만이 여신이라 불릴 자격이 있다.",
    "date": "14.07.21",
    "rating": "10",
    "author": "jjn3****",
    "review_id": "8936634",
    "movie_id": "10686"
  },
  {
    "review": "재밌음 부처지네가 가마타고 다닐때 흘러나오는 소름끼치도록 몽환적인 음악이 아직도 생생함..전편에 이어 잘 만들어진 후속편",
    "date": "14.07.06",
    "rating": "10",
    "author": "petb****",
    "review_id": "8888677",
    "movie_id": "10686"
  },
  {
    "review": "후속편은 항상 전작과 비교하게 되는 데 이 작품 역시 전작을 못 따라가지만 나름의 재미는 있다.",
    "date": "14.04.29",
    "rating": "7",
    "author": "hepy****",
    "review_id": "8681279",
    "movie_id": "10686"
  },
  {
    "review": "말이 필요없는 명작시리즈",
    "date": "14.04.05",
    "rating": "10",
    "author": "happ****",
    "review_id": "8630955",
    "movie_id": "10686"
  },
  {
    "review": "집에서는 청풍이라고 불러요.",
    "date": "14.01.25",
    "rating": "10",
    "author": "godo****",
    "review_id": "8424792",
    "movie_id": "10686"
  },
  {
    "review": "21세기에 이런 중국영화를 볼수없다는게 너무 아쉽다. 대체 중국에선 무슨일이 일어났기에 문화 대학살이라도 일어난건지 21세기 중국영화는 죽었어.",
    "date": "14.01.25",
    "rating": "10",
    "author": "cidd****",
    "review_id": "8423872",
    "movie_id": "10686"
  },
  {
    "review": "1편의 명맥을 이어가는 후속편",
    "date": "14.01.16",
    "rating": "6",
    "author": "mi86****",
    "review_id": "8389345",
    "movie_id": "10686"
  },
  {
    "review": "워낙에 유명했던 1편의 후속작. 홍콩영화의 영광은 다시 올 수 있을까.",
    "date": "13.12.08",
    "rating": "9",
    "author": "nost****",
    "review_id": "8199168",
    "movie_id": "10686"
  },
  {
    "review": "액션 멋지구 멜로 좋았습니다...*_*",
    "date": "13.11.15",
    "rating": "10",
    "author": "dltm****",
    "review_id": "8139484",
    "movie_id": "10686"
  },
  {
    "review": "왜 장학우는 배우 목록에 없는 것인가!! 2편에서 그래도 꽤 주요역인데.. 옛날에 보면서 얼마나 슬펐다고..",
    "date": "13.10.28",
    "rating": "10",
    "author": "true****",
    "review_id": "8097339",
    "movie_id": "10686"
  },
  {
    "review": "전편보다 떨어지는 느낌이.. 굉장히 유치한 느낌이 든다.. 어쩔수 없지만...",
    "date": "13.10.08",
    "rating": "5",
    "author": "rktn****",
    "review_id": "8043959",
    "movie_id": "10686"
  },
  {
    "review": "멜로도 좋았지만 전 액션이 제일 맘에 드네요. 이자웅이 팔이 짤려서 칼 입에 물고 한팔로 싸우는 장면은 기가 막히는 명장면 인것 같아요. 그리고 반야바라밀도 지금도 중독성있고 ㅋㅋ 특히 악마주술 부처님 요괴가 인상적이네요..",
    "date": "13.10.04",
    "rating": "10",
    "author": "awef****",
    "review_id": "8035293",
    "movie_id": "10686"
  },
  {
    "review": "홍콩영화의 황금기,  왕조현의 미모는 요즘 연예인과 비교를해도 전혀 손색이 없을정도로 훌륭하다.   이게 80~90년대 영화라고 믿기 힘든정도",
    "date": "13.09.29",
    "rating": "10",
    "author": "papp****",
    "review_id": "8021659",
    "movie_id": "10686"
  },
  {
    "review": "1,2,3편 말이 필요없다",
    "date": "13.09.14",
    "rating": "10",
    "author": "melo****",
    "review_id": "7978653",
    "movie_id": "10686"
  },
  {
    "review": "왕조현도 이쁘지만 동방불패 이후 아름다운 이가흔을 볼 수 있어서 좋았음",
    "date": "13.09.02",
    "rating": "9",
    "author": "wowl****",
    "review_id": "7942460",
    "movie_id": "10686"
  },
  {
    "review": "전편의 새드 엔딩이 여기서 해피엔딩으로 이어진듯한 기분이라 너무도 흐뭇했기에. 1편의 아련함을 그대로 끌고와 여기서 싹 풀어주는 그게 너무 좋았음.",
    "date": "13.08.29",
    "rating": "10",
    "author": "aval****",
    "review_id": "7933695",
    "movie_id": "10686"
  },
  {
    "review": "1편의 여운이 만이 남았는데, 그 여운이 계속 남았다... 후속편으로는 성공적...",
    "date": "13.08.24",
    "rating": "10",
    "author": "2sky****",
    "review_id": "7917935",
    "movie_id": "10686"
  },
  {
    "review": "모든 걸 아우르는 동양 판타지의 결정판...",
    "date": "13.08.15",
    "rating": "10",
    "author": "clim****",
    "review_id": "7884752",
    "movie_id": "10686"
  },
  {
    "review": "최고의 1편 그 이후 그들의 사랑 스토리를 너무 기대했지만 2편은조금 부족했다. 하지만 왕조현과 장국영의 조합이라는 이유 만으로도 원작의 연장선 이라 9점은 줄만하다.",
    "date": "13.08.12",
    "rating": "9",
    "author": "wino****",
    "review_id": "7872782",
    "movie_id": "10686"
  },
  {
    "review": "장국영,왕조현 영원히 잊지 못할 아름다운 조합의 영화...",
    "date": "13.08.03",
    "rating": "10",
    "author": "sbch****",
    "review_id": "7828979",
    "movie_id": "10686"
  },
  {
    "review": "대박..",
    "date": "13.07.13",
    "rating": "10",
    "author": "bisy****",
    "review_id": "7733594",
    "movie_id": "10686"
  },
  {
    "review": "액션이 꽤 잼나죠...아아 천녀유혼",
    "date": "13.06.05",
    "rating": "9",
    "author": "yama****",
    "review_id": "7580177",
    "movie_id": "10686"
  },
  {
    "review": "목욕씬 인상적이다ㅜㅜ스크린으로 보니까ㅜ좋았다ㅜㅜㅜ",
    "date": "13.05.27",
    "rating": "10",
    "author": "kimj****",
    "review_id": "7558497",
    "movie_id": "10686"
  },
  {
    "review": "변하지 않는 감성.",
    "date": "13.05.24",
    "rating": "10",
    "author": "bbb2****",
    "review_id": "7550874",
    "movie_id": "10686"
  },
  {
    "review": "천녀유혼 시리즈 중에 제일 아쉬움",
    "date": "13.05.11",
    "rating": "7",
    "author": "sugi****",
    "review_id": "7520540",
    "movie_id": "10686"
  },
  {
    "review": "히히히ㅎㅎ",
    "date": "13.04.24",
    "rating": "10",
    "author": "dlrl****",
    "review_id": "7479036",
    "movie_id": "10686"
  },
  {
    "review": "왕조현 진짜 말이 더 필요한가",
    "date": "13.04.16",
    "rating": "10",
    "author": "fash****",
    "review_id": "7462608",
    "movie_id": "10686"
  },
  {
    "review": "15년전.. 중학생 시절.. 천녀유혼3 다음으로 봤던 2편.. 장국영과 왕조현의 러브스토리.. 너무 좋았고, 해피엔딩으로 되서 더 좋았던 아련한 기억이.. 향수가 느껴지는 명작..",
    "date": "13.04.11",
    "rating": "10",
    "author": "batt****",
    "review_id": "7449513",
    "movie_id": "10686"
  },
  {
    "review": "그냥 좋음... 좋은데 이유가 없으니까.",
    "date": "13.03.28",
    "rating": "10",
    "author": "rulr****",
    "review_id": "7417374",
    "movie_id": "10686"
  },
  {
    "review": "왕조현 짱",
    "date": "13.02.28",
    "rating": "8",
    "author": "jwjw****",
    "review_id": "7308433",
    "movie_id": "10686"
  },
  {
    "review": "아무리 단역이라지만 장학우 사진은 어디에...",
    "date": "13.02.24",
    "rating": "8",
    "author": "alex****",
    "review_id": "7299153",
    "movie_id": "10686"
  },
  {
    "review": "굿",
    "date": "13.02.24",
    "rating": "9",
    "author": "st10****",
    "review_id": "7295799",
    "movie_id": "10686"
  },
  {
    "review": "1편에 여운을 2편에서 해결하려했지만.. 1편은 여운이 남아서 좋았다..2편 해피엔딩도 물론 좋지만 ㅎㅎ..",
    "date": "13.02.15",
    "rating": "9",
    "author": "bogd****",
    "review_id": "7266704",
    "movie_id": "10686"
  },
  {
    "review": "완전 재미있당ㅠ3ㅠ 요즘엔 이런 영화 안나오나??ㅋㅋㅋㅋ 영채신 귀엽ㅋ왕조현 이쁨ㅋㅋㅋ추일엽 웃김ㅋㅋㅋㅋ최고///",
    "date": "12.12.13",
    "rating": "10",
    "author": "came****",
    "review_id": "6999023",
    "movie_id": "10686"
  },
  {
    "review": "옛다! 7.5점   홍콩영화 전성시대",
    "date": "12.10.05",
    "rating": "7",
    "author": "wein****",
    "review_id": "6763822",
    "movie_id": "10686"
  },
  {
    "review": "1만큼 애절함은 없었지만 2도 재밌었다. 하지만 1과 2의 왕조현은 얼굴만 똑같고 다른 역할(귀신과 인간)이었기 때문에 둘이 이루어져도 슬픈 느낌..ㅠㅠ 귀신왕조현이 더 좋아ㅠㅠㅠㅠㅠㅠㅠㅠㅠㅠㅠㅠ",
    "date": "12.10.01",
    "rating": "9",
    "author": "shin****",
    "review_id": "6750453",
    "movie_id": "10686"
  },
  {
    "review": "그냥 재밋네ㅋ",
    "date": "12.09.10",
    "rating": "10",
    "author": "jhch****",
    "review_id": "6685489",
    "movie_id": "10686"
  },
  {
    "review": "말필요없음",
    "date": "12.08.30",
    "rating": "10",
    "author": "nimi****",
    "review_id": "6655388",
    "movie_id": "10686"
  },
  {
    "review": "최고다 진짜 ㅠㅠ",
    "date": "12.08.28",
    "rating": "10",
    "author": "kwk9****",
    "review_id": "6649644",
    "movie_id": "10686"
  },
  {
    "review": "계속 봐도 재밌다",
    "date": "12.08.19",
    "rating": "10",
    "author": "khsk****",
    "review_id": "6627610",
    "movie_id": "10686"
  },
  {
    "review": "액션이 더 좋아졌다. 당시에 날아다니는 칼 그래픽이 멋있었었지.",
    "date": "12.07.09",
    "rating": "10",
    "author": "kem1****",
    "review_id": "6463019",
    "movie_id": "10686"
  },
  {
    "review": "왕조현 좋다",
    "date": "12.06.19",
    "rating": "9",
    "author": "ggan****",
    "review_id": "6401765",
    "movie_id": "10686"
  },
  {
    "review": "스토리자체가 너무 슬프다.. 인간과 귀신의 사랑이라..",
    "date": "12.06.04",
    "rating": "10",
    "author": "o3ho****",
    "review_id": "6363406",
    "movie_id": "10686"
  },
  {
    "review": "전작보다 더 재밌었다 청풍 보다는 월지가 더 마음에 든다 해피엔딩이라 약간 아쉽다",
    "date": "12.06.01",
    "rating": "9",
    "author": "sayb****",
    "review_id": "6354087",
    "movie_id": "10686"
  },
  {
    "review": "왕조현, 이가흔 이 둘 나이 먹는게 제일 안타까워 ㅋㅋㅋ",
    "date": "12.05.18",
    "rating": "9",
    "author": "youn****",
    "review_id": "6308356",
    "movie_id": "10686"
  },
  {
    "review": "전편보다는 감성이 좀 약함..  이가흔은  손담비 삘이네~^",
    "date": "12.04.23",
    "rating": "9",
    "author": "holy****",
    "review_id": "6241256",
    "movie_id": "10686"
  },
  {
    "review": "왕조현 진짜 너무 이쁜듯...왕조현이 영화를 살렸다",
    "date": "12.02.02",
    "rating": "10",
    "author": "ll06****",
    "review_id": "6045383",
    "movie_id": "10686"
  },
  {
    "review": "여전한 섭소천여신..거기다 이가흔까지...2편 나름대로의 매력과 재미까지.",
    "date": "12.01.29",
    "rating": "10",
    "author": "cjw2****",
    "review_id": "6032688",
    "movie_id": "10686"
  },
  {
    "review": "이건 뭐냐? 우뢰매냐? ;;;",
    "date": "12.01.08",
    "rating": "3",
    "author": "tn99****",
    "review_id": "5971506",
    "movie_id": "10686"
  },
  {
    "review": "또 다시 보고 싶은 영화중 하나이다. 장국영 왕조현 다시 보고 싶다~ 명작중의 명작",
    "date": "11.12.27",
    "rating": "10",
    "author": "catd****",
    "review_id": "5939368",
    "movie_id": "10686"
  },
  {
    "review": "장국영과 왕조현.. 그것말고는 .",
    "date": "11.12.23",
    "rating": "7",
    "author": "virt****",
    "review_id": "5927153",
    "movie_id": "10686"
  },
  {
    "review": "현대 CG 기술로 화려하게 포장한다면 나무랄데 없을 듯하다",
    "date": "11.11.25",
    "rating": "8",
    "author": "cont****",
    "review_id": "5870414",
    "movie_id": "10686"
  },
  {
    "review": "89년생인데 이제봐서 아쉽네요 정말 전편의 미칠듯한 여운을 인간도에서 잘끝낸듯!!ㅠ",
    "date": "11.11.21",
    "rating": "10",
    "author": "qufa****",
    "review_id": "5864241",
    "movie_id": "10686"
  },
  {
    "review": "속편이 이렇다저렇다 말많지만 분명한건 전무후무한 수작!1탄의 여운을 가시게해줌",
    "date": "11.11.19",
    "rating": "10",
    "author": "chic****",
    "review_id": "5859131",
    "movie_id": "10686"
  },
  {
    "review": "유일하게 몰래 나이 속이고 들어가서 극장가서 봤던 2탄 또봐도또봐도 그리운 영화",
    "date": "11.11.19",
    "rating": "10",
    "author": "mora****",
    "review_id": "5857479",
    "movie_id": "10686"
  },
  {
    "review": "장국영 왕조현 완벽조화!",
    "date": "11.10.24",
    "rating": "10",
    "author": "happ****",
    "review_id": "5807950",
    "movie_id": "10686"
  },
  {
    "review": "지금 보기에 부족한 면이 많다",
    "date": "11.07.30",
    "rating": "4",
    "author": "milk****",
    "review_id": "5584474",
    "movie_id": "10686"
  },
  {
    "review": "환상.......",
    "date": "11.06.28",
    "rating": "8",
    "author": "xtai****",
    "review_id": "5504986",
    "movie_id": "10686"
  },
  {
    "review": "환생이 아니라서 다 안타까웠음..",
    "date": "11.06.20",
    "rating": "10",
    "author": "ryob****",
    "review_id": "5491156",
    "movie_id": "10686"
  },
  {
    "review": "전편에 못미치나 등장인물의 연속성이 한 몫",
    "date": "11.06.09",
    "rating": "10",
    "author": "leem****",
    "review_id": "5472769",
    "movie_id": "10686"
  },
  {
    "review": "천녀유혼 2까진 볼만했다.",
    "date": "11.06.07",
    "rating": "9",
    "author": "tlaq****",
    "review_id": "5470703",
    "movie_id": "10686"
  },
  {
    "review": "흐뭇해지는 영화.",
    "date": "11.06.03",
    "rating": "10",
    "author": "zusl****",
    "review_id": "5462373",
    "movie_id": "10686"
  },
  {
    "review": "전편의 애틋한 사랑은 온데간데 없고 3류 영화가 되어버렸다.",
    "date": "11.06.03",
    "rating": "3",
    "author": "khkk****",
    "review_id": "5462135",
    "movie_id": "10686"
  },
  {
    "review": "1편의 후광을 받았지만 러브라인,코믹코드,특수효과등에서 다소 어설픈 모습을 비추다",
    "date": "11.06.01",
    "rating": "3",
    "author": "goms****",
    "review_id": "5459314",
    "movie_id": "10686"
  },
  {
    "review": "1편보다는 못하지만 그래도 나름 명작이다",
    "date": "11.05.23",
    "rating": "10",
    "author": "newk****",
    "review_id": "5446206",
    "movie_id": "10686"
  },
  {
    "review": "천녀유혼 시리즈는 세상을 어지럽히는 부패관리와 사이비교주 척결의 주제도 담고있다",
    "date": "11.05.21",
    "rating": "7",
    "author": "fate****",
    "review_id": "5441498",
    "movie_id": "10686"
  },
  {
    "review": "1편과는 다른 느낌! 사랑의 애절함보단 인간의 희노애락을 느끼다",
    "date": "11.05.17",
    "rating": "8",
    "author": "pupp****",
    "review_id": "5433980",
    "movie_id": "10686"
  },
  {
    "review": "1편만큼은 아니었지만... 장국영, 왕조현 보는 것만으로도 좋았던 영화.",
    "date": "11.05.09",
    "rating": "10",
    "author": "qian****",
    "review_id": "5417964",
    "movie_id": "10686"
  },
  {
    "review": "약간 아쉽지만 멋진 영화",
    "date": "11.05.05",
    "rating": "10",
    "author": "vkfo****",
    "review_id": "5408794",
    "movie_id": "10686"
  },
  {
    "review": "아름다운 장국영,왕조현 커플을 다시 볼 수 있는 것만으로도 이 영화는 가치가 있다.",
    "date": "11.05.03",
    "rating": "10",
    "author": "moni****",
    "review_id": "5403901",
    "movie_id": "10686"
  },
  {
    "review": "재밌긴했지만 1만큼은 아니다",
    "date": "11.04.17",
    "rating": "8",
    "author": "gogo****",
    "review_id": "5378924",
    "movie_id": "10686"
  },
  {
    "review": "이게 젤 막장임",
    "date": "11.04.10",
    "rating": "6",
    "author": "rjsw****",
    "review_id": "5365014",
    "movie_id": "10686"
  },
  {
    "review": "1편보단 조금 떨어지지만 그래도 볼만 했다",
    "date": "11.04.03",
    "rating": "9",
    "author": "psh3****",
    "review_id": "5350451",
    "movie_id": "10686"
  },
  {
    "review": "최고라는말밖에..",
    "date": "11.04.02",
    "rating": "10",
    "author": "seco****",
    "review_id": "5348301",
    "movie_id": "10686"
  },
  {
    "review": "너무나 그리운 왕조현과 장국영의 애절한 사랑 2편. 장국영을 추모합니다.",
    "date": "11.03.31",
    "rating": "10",
    "author": "morp****",
    "review_id": "5345619",
    "movie_id": "10686"
  },
  {
    "review": "미치도록 유쾌하고 재미있다 개인적으로 1편보다 더 나은후속편이라 본다",
    "date": "11.02.18",
    "rating": "10",
    "author": "rnrd****",
    "review_id": "5254914",
    "movie_id": "10686"
  },
  {
    "review": "소천이 나왔으면 했는데..",
    "date": "11.02.03",
    "rating": "8",
    "author": "dlwl****",
    "review_id": "5209476",
    "movie_id": "10686"
  }
]