[
  {
    "review": "줄거리만 읽었는데 끝이 슬프다. 사랑하는 사람들은 헤어지면 안되는데.",
    "date": "15.08.23",
    "rating": "7",
    "author": "soma****",
    "review_id": "10265949",
    "movie_id": "10689"
  },
  {
    "review": "이런 건 간통의 범주에 집어넣으면 아니되죠.",
    "date": "15.04.25",
    "rating": "10",
    "author": "pbjc****",
    "review_id": "9865366",
    "movie_id": "10689"
  },
  {
    "review": "나무랄 곳 없는 명작. 명작의 감동은 영원하다.",
    "date": "14.11.17",
    "rating": "10",
    "author": "sali****",
    "review_id": "9395603",
    "movie_id": "10689"
  },
  {
    "review": "불륜의 연속이지만 남자주인공과 여자주인공을 탓할수만은 없었음....그리고 노래가 가장 예술",
    "date": "14.09.28",
    "rating": "9",
    "author": "skyl****",
    "review_id": "9245607",
    "movie_id": "10689"
  },
  {
    "review": "지루하지않고 이야기방식도 좋고 다좋은데 모든인물이 불륜을저지르고 불륜을통해 가정으로 돌아간다는게 씁쓸...",
    "date": "13.08.15",
    "rating": "8",
    "author": "tks1****",
    "review_id": "7885970",
    "movie_id": "10689"
  },
  {
    "review": "최고의 영화",
    "date": "13.08.07",
    "rating": "10",
    "author": "adul****",
    "review_id": "7853007",
    "movie_id": "10689"
  },
  {
    "review": "가정에는 자신들만의 말못할 사연이 있지 그걸 자연습럽게 잘보여준 작푼",
    "date": "12.05.12",
    "rating": "10",
    "author": "jara****",
    "review_id": "6291370",
    "movie_id": "10689"
  },
  {
    "review": "지루해",
    "date": "11.10.21",
    "rating": "1",
    "author": "dbzh****",
    "review_id": "5800030",
    "movie_id": "10689"
  },
  {
    "review": "참 괜찮은 영화.",
    "date": "11.08.20",
    "rating": "9",
    "author": "psy9****",
    "review_id": "5674337",
    "movie_id": "10689"
  },
  {
    "review": "의미있는 작품",
    "date": "10.10.24",
    "rating": "9",
    "author": "mais****",
    "review_id": "4919873",
    "movie_id": "10689"
  },
  {
    "review": "내용은 간통으로 오는 행복한 가정, 의미는 영적-물적-심적건강으로 오는 행복한 가정",
    "date": "10.09.22",
    "rating": "7",
    "author": "gkag****",
    "review_id": "4855556",
    "movie_id": "10689"
  },
  {
    "review": "부모 잘못 만나서.. 니들이 맘고생이 많다",
    "date": "10.08.10",
    "rating": "8",
    "author": "soda****",
    "review_id": "4730454",
    "movie_id": "10689"
  },
  {
    "review": "잔잔하게 흐르는",
    "date": "10.07.30",
    "rating": "6",
    "author": "erhe****",
    "review_id": "4688730",
    "movie_id": "10689"
  },
  {
    "review": "오랫도안 마음에 남는 좋은영화~",
    "date": "09.12.06",
    "rating": "10",
    "author": "hepz****",
    "review_id": "4021327",
    "movie_id": "10689"
  },
  {
    "review": "잠시도 눈을 떼지 못할 정도로 심리묘사가 뛰어나다. 최고의 심리치료영화.",
    "date": "09.11.26",
    "rating": "10",
    "author": "skss****",
    "review_id": "3992210",
    "movie_id": "10689"
  },
  {
    "review": "부모의 탓.",
    "date": "09.06.11",
    "rating": "7",
    "author": "elfm****",
    "review_id": "3557541",
    "movie_id": "10689"
  },
  {
    "review": "진짜 정신과학적으로도 의미있는 영화. 화면보다는 인물의 내면을 보세요.",
    "date": "09.04.05",
    "rating": "10",
    "author": "shin****",
    "review_id": "3406249",
    "movie_id": "10689"
  },
  {
    "review": "정신심리사회 쪽에서 보자면 안볼래야 안볼 수 없는 영화!",
    "date": "09.03.29",
    "rating": "10",
    "author": "6k6k****",
    "review_id": "3394902",
    "movie_id": "10689"
  },
  {
    "review": "정말 다시 찾아보기 힘들만큼 좋은 영화",
    "date": "09.03.22",
    "rating": "10",
    "author": "sunn****",
    "review_id": "3380068",
    "movie_id": "10689"
  },
  {
    "review": "그저그런",
    "date": "09.02.21",
    "rating": "6",
    "author": "drd1****",
    "review_id": "3320573",
    "movie_id": "10689"
  },
  {
    "review": "너무기대한 탓인가 약간의 아쉬움상담을 공부하고자하는 심리학도에겐 꼭 필요",
    "date": "09.02.19",
    "rating": "9",
    "author": "elde****",
    "review_id": "3316215",
    "movie_id": "10689"
  },
  {
    "review": "상상을초월하는가족의상처. 불륜이지만그상처를치유해준소중한불륜이라는점이아이러니",
    "date": "08.11.10",
    "rating": "10",
    "author": "cute****",
    "review_id": "3044120",
    "movie_id": "10689"
  },
  {
    "review": "무의식적으로 접어버린 한남자의기억이나오는 순간,  흥미로움",
    "date": "08.04.06",
    "rating": "10",
    "author": "swee****",
    "review_id": "2563686",
    "movie_id": "10689"
  },
  {
    "review": "그저그런중년불륜드라마일줄알았는데...주연겸감독의미스캐스팅은좀불만...",
    "date": "07.10.03",
    "rating": "10",
    "author": "bebe****",
    "review_id": "2067421",
    "movie_id": "10689"
  },
  {
    "review": "충격적인 영화.. 심리치료사인 내 직업의 중요성을 더 깨닫게한 영화",
    "date": "07.04.20",
    "rating": "10",
    "author": "qlwu****",
    "review_id": "1596536",
    "movie_id": "10689"
  },
  {
    "review": "영화 말미. 남자 주인공의 독백에 어쩔 수 없이 고개가 끄덕여진다.",
    "date": "07.03.23",
    "rating": "10",
    "author": "inse****",
    "review_id": "1548958",
    "movie_id": "10689"
  },
  {
    "review": "심리학도라면 필수적으로 봐야하는 작품",
    "date": "07.03.01",
    "rating": "9",
    "author": "nala****",
    "review_id": "1510298",
    "movie_id": "10689"
  },
  {
    "review": "가슴이 뭉클해지는 영화입니다... ^^",
    "date": "06.03.03",
    "rating": "10",
    "author": "pmg9****",
    "review_id": "701798",
    "movie_id": "10689"
  },
  {
    "review": "주말의 명화에서 봤던가..아줌마의 열정이 묻어났었던.",
    "date": "05.12.27",
    "rating": "7",
    "author": "blue****",
    "review_id": "532099",
    "movie_id": "10689"
  },
  {
    "review": "마냥 숨긴다고 해서 다 해결되는건 아닌데...",
    "date": "05.10.08",
    "rating": "8",
    "author": "jdlg****",
    "review_id": "437002",
    "movie_id": "10689"
  },
  {
    "review": "가족.어린시절의 아픈기억을 치유하는 건.. 사랑과용서.",
    "date": "05.06.28",
    "rating": "8",
    "author": "namu****",
    "review_id": "308526",
    "movie_id": "10689"
  },
  {
    "review": "꼭보세여!!! 강추강추",
    "date": "05.02.08",
    "rating": "10",
    "author": "chop****",
    "review_id": "212960",
    "movie_id": "10689"
  },
  {
    "review": "가족이라는 정의 울타리와 사랑의 딜레마를 아름답게 장식한 영화~!",
    "date": "04.07.05",
    "rating": "9",
    "author": "ki16****",
    "review_id": "65547",
    "movie_id": "10689"
  }
]