[
  {
    "review": "멋모르고 봤다가 엔딩을 보고 충격을 심하게 받았다.",
    "date": "15.08.07",
    "rating": "8",
    "author": "rmag****",
    "review_id": "10199280",
    "movie_id": "10688"
  },
  {
    "review": "노잼... 영상미는 좋았는데 스토리가 탄탄하지 않음",
    "date": "15.08.04",
    "rating": "5",
    "author": "nadj****",
    "review_id": "10182281",
    "movie_id": "10688"
  },
  {
    "review": "우울하다... 우울하다...우울하다... 우울하다...우울하다... 우울하다...우울하다... 우울하다...우울하다... 우울하다...우울하다... 우울하다...우울하다... 우울하다...우울하다... 우울하다...우울하다... 우울하다...우울하다.",
    "date": "15.08.03",
    "rating": "10",
    "author": "reim****",
    "review_id": "10178827",
    "movie_id": "10688"
  },
  {
    "review": "영화 사상 가장 차가운 휴머니즘. 자포자기적 안락사가 안겨주는 영혼 자유에의 의지.",
    "date": "15.08.03",
    "rating": "10",
    "author": "bloc****",
    "review_id": "10178495",
    "movie_id": "10688"
  },
  {
    "review": "나는 저 사람들을 정신병자라고 했지만 저 사람들은 나를 정신병자라고 하겠지.",
    "date": "15.07.28",
    "rating": "10",
    "author": "woxn****",
    "review_id": "10152179",
    "movie_id": "10688"
  },
  {
    "review": "이 영화를 알고 본 것은  정말 큰 행운이였다.",
    "date": "15.07.10",
    "rating": "10",
    "author": "jism****",
    "review_id": "10088624",
    "movie_id": "10688"
  },
  {
    "review": "볼 때는 다소 지루한데 다 보고 나면 여운이 진하게 남는다. 특히 니콜슨 연기가 압권이다. 래치드 연기를 한 여배우도 차가운 가면 연기를 잘한 것 같다. 사회는 개개인의 다양성을 존중해줘야함을 느꼈다.",
    "date": "15.07.03",
    "rating": "8",
    "author": "kaaa****",
    "review_id": "10064901",
    "movie_id": "10688"
  },
  {
    "review": "사회의 낙인으로 낙인찍힌 '범죄자'라는 이름의 선의 날개를 갖고 있었음을 시사",
    "date": "15.06.21",
    "rating": "9",
    "author": "sona****",
    "review_id": "10020079",
    "movie_id": "10688"
  },
  {
    "review": "구르는 돌에는 이끼가 끼지 않는다고",
    "date": "15.06.19",
    "rating": "10",
    "author": "hwr0****",
    "review_id": "10011219",
    "movie_id": "10688"
  },
  {
    "review": "무엇이 그들을 정신병자라고 부를수 있을까 결국 자신들도 불안정한 인간일 뿐이면서",
    "date": "15.06.15",
    "rating": "8",
    "author": "gkwl****",
    "review_id": "10001521",
    "movie_id": "10688"
  },
  {
    "review": "굿가나다라마바사아자",
    "date": "15.05.18",
    "rating": "10",
    "author": "m0ne****",
    "review_id": "9928393",
    "movie_id": "10688"
  },
  {
    "review": "무슨 표현이 필요한가?",
    "date": "15.05.10",
    "rating": "9",
    "author": "sms7****",
    "review_id": "9907627",
    "movie_id": "10688"
  },
  {
    "review": "슬프지만 절망적이지는 않은, 희망적이지만 씁쓸한",
    "date": "15.04.04",
    "rating": "10",
    "author": "tnis****",
    "review_id": "9827050",
    "movie_id": "10688"
  },
  {
    "review": "추장 반전 소오름!!!",
    "date": "15.03.29",
    "rating": "10",
    "author": "emdt****",
    "review_id": "9814944",
    "movie_id": "10688"
  },
  {
    "review": "최고의영화.. 한번씩들 꼭 보시길바랍니다..",
    "date": "15.03.01",
    "rating": "10",
    "author": "user****",
    "review_id": "9749407",
    "movie_id": "10688"
  },
  {
    "review": "내가 본 최고의 영화 중 하나",
    "date": "15.02.23",
    "rating": "10",
    "author": "iris****",
    "review_id": "9731704",
    "movie_id": "10688"
  },
  {
    "review": "배우들의 열연..감동",
    "date": "15.02.22",
    "rating": "9",
    "author": "dkxh****",
    "review_id": "9729039",
    "movie_id": "10688"
  },
  {
    "review": "지금 당신의 삶을 바꿔줄 영화",
    "date": "15.02.22",
    "rating": "10",
    "author": "foxs****",
    "review_id": "9727393",
    "movie_id": "10688"
  },
  {
    "review": "뻐꾸기는 마침내 둥지위로 날아갔지 .",
    "date": "15.02.19",
    "rating": "10",
    "author": "aldl****",
    "review_id": "9715102",
    "movie_id": "10688"
  },
  {
    "review": "이 영화 다시 한 번 보고 싶다.",
    "date": "15.02.16",
    "rating": "9",
    "author": "cool****",
    "review_id": "9702142",
    "movie_id": "10688"
  },
  {
    "review": "걸작중에 걸작. 잭 니콜슨의 어마어마한 연기를 볼수있다. 제목만 보고 3류영화라고 오판하지 마시길.",
    "date": "15.01.30",
    "rating": "10",
    "author": "brav****",
    "review_id": "9650502",
    "movie_id": "10688"
  },
  {
    "review": "현시대와 먼 미래시대를 통틀어 젊은이들이 꼭 봐야할 영화!",
    "date": "15.01.29",
    "rating": "10",
    "author": "burn****",
    "review_id": "9649186",
    "movie_id": "10688"
  },
  {
    "review": "Not now? When?",
    "date": "15.01.29",
    "rating": "10",
    "author": "sona****",
    "review_id": "9646977",
    "movie_id": "10688"
  },
  {
    "review": "절망을 희망으로 바꿀 수 있다 라는 것을 보여준다. 특히 결말은 유쾌하지만 먹먹하다.",
    "date": "15.01.19",
    "rating": "9",
    "author": "dpdj****",
    "review_id": "9611701",
    "movie_id": "10688"
  },
  {
    "review": "결말은 좀 슬프다.  전두엽 수수을 끝내 받아서 맥머피는 이젠 예전의 맥머피가 아니라 어쩔수 없이 치프가 죽여줘서 영혼이라도 탈출을 시도 하게 한거 같다.  빌리와 맥머피의 죽음은 정말 값진 죽음으로 비춰진다.",
    "date": "15.01.17",
    "rating": "10",
    "author": "klpr****",
    "review_id": "9603787",
    "movie_id": "10688"
  },
  {
    "review": "어려운 영화였지만 뭔가 설명할 수 없는 감동이 있는 영화였다",
    "date": "15.01.16",
    "rating": "10",
    "author": "dofj****",
    "review_id": "9602113",
    "movie_id": "10688"
  },
  {
    "review": "20년 전쯤에 봤는데 다시 보고 싶다.",
    "date": "15.01.10",
    "rating": "10",
    "author": "resp****",
    "review_id": "9578938",
    "movie_id": "10688"
  },
  {
    "review": "자신에 틀에서 새어나오지 못하고 알게 모르게 남을 강요하진 않앗나..",
    "date": "15.01.09",
    "rating": "9",
    "author": "phea****",
    "review_id": "9577257",
    "movie_id": "10688"
  },
  {
    "review": "결말의 카타르시스는 그야말로 최고",
    "date": "15.01.07",
    "rating": "10",
    "author": "kasi****",
    "review_id": "9572273",
    "movie_id": "10688"
  },
  {
    "review": "구세기 인간들의 참혹한 참상",
    "date": "14.12.28",
    "rating": "10",
    "author": "suny****",
    "review_id": "9528869",
    "movie_id": "10688"
  },
  {
    "review": "나이 어린, 이십대 초반분들, 꼭 보시라...좀 옛날영화가 되었지만...미국 명배우 , 잭 니콜슨도 보고,,,,숨쉬는 공기....느껴보라구요..",
    "date": "14.12.06",
    "rating": "10",
    "author": "feel****",
    "review_id": "9453068",
    "movie_id": "10688"
  },
  {
    "review": "다른걸 떠나서 간호사 죽여버리고 싶더라",
    "date": "14.11.24",
    "rating": "10",
    "author": "lsc1****",
    "review_id": "9418562",
    "movie_id": "10688"
  },
  {
    "review": "마지막 인디언 추장이 병원 탈출 할때 들려오던 휘파람 소리는 정말 아련하네..",
    "date": "14.11.21",
    "rating": "10",
    "author": "nasu****",
    "review_id": "9405495",
    "movie_id": "10688"
  },
  {
    "review": "올해 본 영화 중 가장 좋았습니다. 잭 니콜슨의 영화를 줄지어 보고싶어졌어요.",
    "date": "14.11.18",
    "rating": "10",
    "author": "cher****",
    "review_id": "9398379",
    "movie_id": "10688"
  },
  {
    "review": "잘 모르겠네 군대보다 훨씬 좋아보이는데....ㅋㅋ",
    "date": "14.10.23",
    "rating": "10",
    "author": "nanm****",
    "review_id": "9311051",
    "movie_id": "10688"
  },
  {
    "review": "규칙과 억압에 맞설 자유라는 환희가 있기에",
    "date": "14.10.22",
    "rating": "9",
    "author": "setm****",
    "review_id": "9308365",
    "movie_id": "10688"
  },
  {
    "review": "잭니콜슨의 연기가 아주 일품인 영화!! 결말...꼭 그래야했을까? 안타까운 마음도 드는 영화 ㅠㅠ",
    "date": "14.10.18",
    "rating": "8",
    "author": "qhrt****",
    "review_id": "9299581",
    "movie_id": "10688"
  },
  {
    "review": "자유와 억압에 대해 누구나 알고 있을 주제를 말하지만, 두 주연 배우의 상반된 형태의 훌륭한 연기와 몰입하게 만드는 흥미진진한 이야기 덕분에 영화는 걸작에 올라선다.",
    "date": "14.10.01",
    "rating": "9",
    "author": "zxc1****",
    "review_id": "9251450",
    "movie_id": "10688"
  },
  {
    "review": "자유..그것이 얼마나 중요한것인지.. 인간은 억압할수록 벗어나고픈 욕구가 큰법.",
    "date": "14.09.18",
    "rating": "7",
    "author": "ehwj****",
    "review_id": "9224560",
    "movie_id": "10688"
  },
  {
    "review": "피지배자들을 보살펴준다는 명목으로 자유를 억압하는 지배자들의 이야기. 지금 보기에는 세련되지 않은 연출이나 이야기가 다소 지루할 수도 있다.",
    "date": "14.09.14",
    "rating": "6",
    "author": "inos****",
    "review_id": "9215766",
    "movie_id": "10688"
  },
  {
    "review": "또 보고싶고 또 보고싶다",
    "date": "14.09.06",
    "rating": "10",
    "author": "mxs1****",
    "review_id": "9173000",
    "movie_id": "10688"
  },
  {
    "review": "세월이 지나도 영원히 남을 영화.",
    "date": "14.08.26",
    "rating": "1",
    "author": "mool****",
    "review_id": "9134649",
    "movie_id": "10688"
  },
  {
    "review": "뻐꾸기는 남의 둥지에 멋대로 들어와서는 기존의 알을 모두 밀쳐내버리고 자신의 알을 낳았다. 비록 어미는 새끼의 모습을 끝내 보지 못하였지만 알은 부화했고 새끼는 어미의 바람대로 멋지게 둥지를 날아갔다.",
    "date": "14.08.17",
    "rating": "9",
    "author": "jaew****",
    "review_id": "9098756",
    "movie_id": "10688"
  },
  {
    "review": "가자, 우리 안으로, 자유로",
    "date": "14.08.15",
    "rating": "10",
    "author": "hyeb****",
    "review_id": "9087874",
    "movie_id": "10688"
  },
  {
    "review": "그저, 남들보다 좀 더 예민한 사람들일 뿐인데....",
    "date": "14.08.14",
    "rating": "10",
    "author": "dudg****",
    "review_id": "9082465",
    "movie_id": "10688"
  },
  {
    "review": "마지막 타버의 웃음이 잊혀지지가 않는다....",
    "date": "14.08.08",
    "rating": "10",
    "author": "poll****",
    "review_id": "9047696",
    "movie_id": "10688"
  },
  {
    "review": "마지막 결말이 상상을 초월할 정도로 완벽했고, 사람들에게 생기는 변화들을 잘 표현하였다. 세월이 지나서 봐도 항상 좋을 영화일 것 같다.",
    "date": "14.08.06",
    "rating": "10",
    "author": "dhtp****",
    "review_id": "9039533",
    "movie_id": "10688"
  },
  {
    "review": "말이필요없다. 대작.",
    "date": "14.08.05",
    "rating": "10",
    "author": "suny****",
    "review_id": "9032956",
    "movie_id": "10688"
  },
  {
    "review": "꼭봐라 두번봐라.,.,",
    "date": "14.07.26",
    "rating": "10",
    "author": "chun****",
    "review_id": "8959811",
    "movie_id": "10688"
  },
  {
    "review": "영화를 보고 있으면 맥머피는 흉악범이 아니라 작은 영웅으로까지 느껴질 정도이다..",
    "date": "14.07.13",
    "rating": "10",
    "author": "hanr****",
    "review_id": "8914066",
    "movie_id": "10688"
  },
  {
    "review": "말이 필요없다. 일단 보시라.",
    "date": "14.07.13",
    "rating": "10",
    "author": "prot****",
    "review_id": "8913663",
    "movie_id": "10688"
  },
  {
    "review": "내 생애 최고의 영화!!",
    "date": "14.07.10",
    "rating": "10",
    "author": "kore****",
    "review_id": "8903060",
    "movie_id": "10688"
  },
  {
    "review": "제가 가장 좋아하는... 제 인생의 영화입니다.",
    "date": "14.07.03",
    "rating": "10",
    "author": "nave****",
    "review_id": "8878308",
    "movie_id": "10688"
  },
  {
    "review": "맥머피는 날아가지 않았다. 아직 남아있다.",
    "date": "14.06.28",
    "rating": "10",
    "author": "aaas****",
    "review_id": "8864741",
    "movie_id": "10688"
  },
  {
    "review": "날아다니는 새를 바라보는 이유.",
    "date": "14.06.22",
    "rating": "9",
    "author": "ogr5****",
    "review_id": "8848046",
    "movie_id": "10688"
  },
  {
    "review": "최고의찬사를 보내고싶은명작중의명작",
    "date": "14.05.19",
    "rating": "10",
    "author": "kool****",
    "review_id": "8746566",
    "movie_id": "10688"
  },
  {
    "review": "어쨌든 시도는 해봤잖아 최소한의 노력은 해봤다구",
    "date": "14.05.18",
    "rating": "10",
    "author": "gksr****",
    "review_id": "8744959",
    "movie_id": "10688"
  },
  {
    "review": "명작은 시대가 지나도 명작. 진정한 장애는 신체적, 정신적 결함이 아닌 일방적인 의사소통에 의한 고립인 듯. 그 속에 변함없이 홀로 춤을 추던 노인과 추장의 뒷모습이 가슴에 박힙니다.",
    "date": "14.05.06",
    "rating": "10",
    "author": "over****",
    "review_id": "8708799",
    "movie_id": "10688"
  },
  {
    "review": "마음 속 깊이 맺히는 영화.  다시 한번 곱씹어 보고싶은 영화",
    "date": "14.04.28",
    "rating": "10",
    "author": "qs14****",
    "review_id": "8680954",
    "movie_id": "10688"
  },
  {
    "review": "그리고 모두 자유를 찾았다.",
    "date": "14.04.22",
    "rating": "10",
    "author": "j_61****",
    "review_id": "8665018",
    "movie_id": "10688"
  },
  {
    "review": "사회에서 격리 대상으로 취급받는 머피, 병원 내에서 귀머거리 멍청이로 알려져있던 치프. 사뭇 비슷하다. 수동적인 치프를 한 층 성숙한 '머피'로서 거듭나게하는 에너지를 보고 있노라면, 사람은 죽어도 무언가 남는다는 그 말이 벅차오른다",
    "date": "14.04.15",
    "rating": "10",
    "author": "ferr****",
    "review_id": "8652613",
    "movie_id": "10688"
  },
  {
    "review": "우리는 왜 부당한 사회에 끝까지 도전을 해야하는지를 알려준 영화",
    "date": "14.04.11",
    "rating": "10",
    "author": "mrju****",
    "review_id": "8643677",
    "movie_id": "10688"
  },
  {
    "review": "평론가들처럼 뭔가 멋잇게 딱 정의내리고싶은데 느껴지는게 많아서 한줄로 정리되지 않는다.",
    "date": "14.04.09",
    "rating": "10",
    "author": "rami****",
    "review_id": "8638107",
    "movie_id": "10688"
  },
  {
    "review": "뻐꾸기둥지는 원래 없다",
    "date": "14.04.07",
    "rating": "10",
    "author": "dust****",
    "review_id": "8634154",
    "movie_id": "10688"
  },
  {
    "review": "힘 없고 빽 없는 사회 약자들을 환자에 비유하여 잘 표현한 영화",
    "date": "14.04.04",
    "rating": "8",
    "author": "adiv****",
    "review_id": "8628437",
    "movie_id": "10688"
  },
  {
    "review": "뻐꾸기 둥지에 뻐꾸기는 없었다.",
    "date": "14.03.10",
    "rating": "10",
    "author": "masa****",
    "review_id": "8567668",
    "movie_id": "10688"
  },
  {
    "review": "어느샌가 지금 사는 세상에 익숙해진 우리는 모두 정신병자였구나",
    "date": "14.03.05",
    "rating": "9",
    "author": "coco****",
    "review_id": "8556923",
    "movie_id": "10688"
  },
  {
    "review": "자유에 대한 갈망을 막을 자는 없다!",
    "date": "14.02.15",
    "rating": "10",
    "author": "sjzm****",
    "review_id": "8510202",
    "movie_id": "10688"
  },
  {
    "review": "왜 명작이라고 평가를봤는지 알겠다 그래도 결말이좀  아쉬웠음",
    "date": "14.02.09",
    "rating": "9",
    "author": "xx41****",
    "review_id": "8491338",
    "movie_id": "10688"
  },
  {
    "review": "이 영화가 명작으로 꼽힐 수 밖에 없다. 많은 사람들이 간호사가 아닌 맥의 시선으로 같이 아파하고 공감할 것이기 때문에.",
    "date": "14.02.08",
    "rating": "10",
    "author": "tran****",
    "review_id": "8486688",
    "movie_id": "10688"
  },
  {
    "review": "참 지루하고 재미없는 영화. 잭 니콜슨의 연기를 제외하면 시체다",
    "date": "14.02.06",
    "rating": "7",
    "author": "sunw****",
    "review_id": "8481440",
    "movie_id": "10688"
  },
  {
    "review": "\"But I tried, didn't I? Goddamnit, at least I did that.\"",
    "date": "14.02.01",
    "rating": "9",
    "author": "soul****",
    "review_id": "8459736",
    "movie_id": "10688"
  },
  {
    "review": "미치지않고는 살기힘든 세상...",
    "date": "14.01.30",
    "rating": "10",
    "author": "fubu****",
    "review_id": "8452082",
    "movie_id": "10688"
  },
  {
    "review": "잭니콜슨에 연기는좋았다.. 근데 뭘말하려는건지 정확히 모르겠다.",
    "date": "14.01.11",
    "rating": "7",
    "author": "hjyh****",
    "review_id": "8370245",
    "movie_id": "10688"
  },
  {
    "review": "이런 명작을 이제서야 봤다니..",
    "date": "13.12.28",
    "rating": "10",
    "author": "alem****",
    "review_id": "8316894",
    "movie_id": "10688"
  },
  {
    "review": "별로 집중되지도 않고, 의도를 모르겠음..  꽤 유명한것같아서 봐봤는데 왜유명한건지 모르겠다.",
    "date": "13.12.26",
    "rating": "5",
    "author": "gjw0****",
    "review_id": "8308576",
    "movie_id": "10688"
  },
  {
    "review": "진짜 최고..!!!! 결말도 꽤 충격적이면서 신선하고 후유증도 많이 남아 여러가지에 대해 많이 생각하게 되는 영화",
    "date": "13.11.28",
    "rating": "10",
    "author": "jian****",
    "review_id": "8174280",
    "movie_id": "10688"
  },
  {
    "review": "평생 기억될 걸작! 여운이 진짜 많이 남는다.",
    "date": "13.11.19",
    "rating": "10",
    "author": "dark****",
    "review_id": "8152498",
    "movie_id": "10688"
  },
  {
    "review": "혼자만의 생각으로 갇혀 있지마라 다름을 인정하고 다르다고 갇아두지마라 억압하지마라 정신이 낮든 높든 누구나 좋아하는것이 있고 즐길 권리가 있고 생각할... 그리고 말할 권리가 있다 어떤 누구도 그것을 억압하면 안된다.",
    "date": "13.11.11",
    "rating": "8",
    "author": "dirc****",
    "review_id": "8131355",
    "movie_id": "10688"
  },
  {
    "review": "100% 이 영화를 이해하지 못하겠다. 하지만 결말에 찡함은 왜일까",
    "date": "13.11.10",
    "rating": "6",
    "author": "k_mi****",
    "review_id": "8131149",
    "movie_id": "10688"
  },
  {
    "review": "예술이다 말이 필요없다",
    "date": "13.10.28",
    "rating": "10",
    "author": "seye****",
    "review_id": "8095812",
    "movie_id": "10688"
  },
  {
    "review": "가슴이 먹먹해져서 눈물이 나는 영화",
    "date": "13.10.17",
    "rating": "10",
    "author": "iiay****",
    "review_id": "8064323",
    "movie_id": "10688"
  },
  {
    "review": "100점 입니다",
    "date": "13.09.14",
    "rating": "10",
    "author": "bell****",
    "review_id": "7975644",
    "movie_id": "10688"
  },
  {
    "review": "결말이 기억에남는 찡한 명작",
    "date": "13.09.01",
    "rating": "9",
    "author": "lsan****",
    "review_id": "7940968",
    "movie_id": "10688"
  },
  {
    "review": "영화가 아니라, 농축 된 우리네 인생을 보는 듯 하다. 영원한, 클래식.",
    "date": "13.08.15",
    "rating": "10",
    "author": "acoy****",
    "review_id": "7882595",
    "movie_id": "10688"
  },
  {
    "review": "책도 잼있었는데 이거 보고 니콜슨의 광팬됨.진짜 초감동.",
    "date": "13.08.12",
    "rating": "10",
    "author": "sams****",
    "review_id": "7873973",
    "movie_id": "10688"
  },
  {
    "review": "역대 최고 명작 중 하나!",
    "date": "13.08.07",
    "rating": "10",
    "author": "kyoo****",
    "review_id": "7853923",
    "movie_id": "10688"
  },
  {
    "review": "꼭봐야할영화중하나",
    "date": "13.06.25",
    "rating": "10",
    "author": "litt****",
    "review_id": "7677895",
    "movie_id": "10688"
  },
  {
    "review": "아카데미 5관왕의 위엄이다. 걸작이다.",
    "date": "13.06.23",
    "rating": "9",
    "author": "ldy6****",
    "review_id": "7670538",
    "movie_id": "10688"
  },
  {
    "review": "명작.",
    "date": "13.06.16",
    "rating": "10",
    "author": "floo****",
    "review_id": "7648673",
    "movie_id": "10688"
  },
  {
    "review": "위대한 영화",
    "date": "13.06.06",
    "rating": "10",
    "author": "nirv****",
    "review_id": "7597954",
    "movie_id": "10688"
  },
  {
    "review": "너는 왕따나 낙오자나 정신병자가 아니야 너 스스로 그걸 인정할때 그것에 가둬질 뿐이야~ 고개들어 어깨펴 당당하게 날아봐 자유를 느껴봐 너스스로 가두는 건 다른 사람의 시각일뿐 너자신이 될 필욘없어~그런거죠??",
    "date": "13.06.02",
    "rating": "10",
    "author": "milk****",
    "review_id": "7572634",
    "movie_id": "10688"
  },
  {
    "review": "마무리가 아쉽다",
    "date": "13.05.30",
    "rating": "1",
    "author": "mara****",
    "review_id": "7563996",
    "movie_id": "10688"
  },
  {
    "review": "인간의 존엄성은 지켜져야  한다는 강력한 메세지...배우들의 기막힌 연기력!!",
    "date": "13.05.20",
    "rating": "10",
    "author": "rkdm****",
    "review_id": "7544110",
    "movie_id": "10688"
  },
  {
    "review": "무엇을 이야기 하고자 하는 걸까 이해가 되지 않았다. 하지만  맥머피의 머리 수술 흔적을 보고 먹먹해졌다.",
    "date": "13.05.19",
    "rating": "8",
    "author": "refr****",
    "review_id": "7542628",
    "movie_id": "10688"
  },
  {
    "review": "잭 니콜슨은 항상 옳다!",
    "date": "13.05.03",
    "rating": "8",
    "author": "harr****",
    "review_id": "7504209",
    "movie_id": "10688"
  },
  {
    "review": "말이 필요 없는 수작!",
    "date": "13.04.28",
    "rating": "10",
    "author": "lsh5****",
    "review_id": "7490265",
    "movie_id": "10688"
  },
  {
    "review": "허술한 시스템도 그렇거니와 술에 취해 깜박 잠이 들었다는 설정 자체가 아주 마음에 안든다. 만약 거기서 제대로 탈출했다면 저런식의 엔딩으론 끝나지 않았을듯.",
    "date": "13.04.24",
    "rating": "4",
    "author": "jiyu****",
    "review_id": "7479015",
    "movie_id": "10688"
  },
  {
    "review": "참 잘만들었다",
    "date": "13.03.21",
    "rating": "10",
    "author": "fore****",
    "review_id": "7384832",
    "movie_id": "10688"
  },
  {
    "review": "[아카데미]1976년48회작품,남우주연,여우주연,감독,각색 5개부문수상작(Top5수상)정신병원에 한남자가교도소에서생활보다편하게지내기위해오게된다.그속에서그들과동화되고그들에게 험하지못했던걸경험시켜주며리더가된다.하지만 정신병원감시가그리허술할까아쉬운점은있다,",
    "date": "13.03.19",
    "rating": "8",
    "author": "new7****",
    "review_id": "7363474",
    "movie_id": "10688"
  }
]