[
  {
    "review": "생각해보니,무려 22년전영화네.그때 내가 뭘했는지조차 가물가물한데도,영화만 기억남",
    "date": "12.01.16",
    "rating": "7",
    "author": "baks****",
    "review_id": "5989509",
    "movie_id": "10695"
  },
  {
    "review": "닉놀테의 깊이 패인 이마주름....거기에도 카리스마가 넘친다",
    "date": "07.09.30",
    "rating": "8",
    "author": "scri****",
    "review_id": "2060744",
    "movie_id": "10695"
  },
  {
    "review": "항상 기본 이상은 하는 시드니 루멧. 내가 좋아한 티모시 휴튼",
    "date": "05.02.04",
    "rating": "9",
    "author": "kimj****",
    "review_id": "207790",
    "movie_id": "10695"
  }
]