[
  {
    "review": "제가 쓴 '20세기 할리우드 드문 영화 걸작선 94편' 이라는 책에도 이 영화 내용이 있습니다. 네이버에서 바로 검색됩니다. 블랙 썬데이 뿐만 아니라 주옥같은 작품들을 모아놨습니다. 영화 전편에 긴장이 흐르는 서스펜스 물.",
    "date": "14.08.01",
    "rating": "8",
    "author": "sykm****",
    "review_id": "8999044",
    "movie_id": "10696"
  },
  {
    "review": "걸출한 제목으로 아류작 흉내내기",
    "date": "12.02.01",
    "rating": "3",
    "author": "bbq2****",
    "review_id": "6041165",
    "movie_id": "10696"
  },
  {
    "review": "스피디한 전개와 짜임새있는 스토리가 살아있는 명작스릴러.",
    "date": "12.01.31",
    "rating": "7",
    "author": "guev****",
    "review_id": "6038949",
    "movie_id": "10696"
  },
  {
    "review": "아직 못 보셨다면 보세요 더 이상 설명이 필요없는 걸작",
    "date": "11.05.26",
    "rating": "8",
    "author": "deff****",
    "review_id": "5450040",
    "movie_id": "10696"
  },
  {
    "review": "프랑켄하이머 마지막 불꽃.. 기술력이 조금만 받쳐줬더라면...",
    "date": "08.01.10",
    "rating": "8",
    "author": "moon****",
    "review_id": "2312420",
    "movie_id": "10696"
  },
  {
    "review": "와 77년도에 봤으면 정말 재미있었을 액션스릴러영화!",
    "date": "04.12.17",
    "rating": "10",
    "author": "gkdl****",
    "review_id": "163857",
    "movie_id": "10696"
  }
]