[
  {
    "review": "너무 많은 것을 느껴서 무엇부터 얘기하고 곱씹어야 할지... 최고의 영화, 최고의 이야기 입니다!",
    "date": "15.08.25",
    "rating": "10",
    "author": "kong****",
    "review_id": "10275103",
    "movie_id": "10697"
  },
  {
    "review": "오프라원프리 가 소피아라는 사실을평점을 보고 알았다. 배우였다니..그것도 모른 무정보의 나..하지만 영화는 굿이었다.100년전 흑인으로 태어나지 않음을감사하며...",
    "date": "15.06.29",
    "rating": "10",
    "author": "gonn****",
    "review_id": "10052789",
    "movie_id": "10697"
  },
  {
    "review": "스필버그 팬이지만... E.T를 상당히 유치하게 본 사람으로서 \"E.T와 더불어 가장 감동적인 영화\"라는 평을 보니 보고싶은 마음이 사라졌다",
    "date": "15.05.02",
    "rating": "1",
    "author": "ddab****",
    "review_id": "9886665",
    "movie_id": "10697"
  },
  {
    "review": "10대의 끝자락에서 봤던 느낌과 지금 현재 가정을 꾸리려는 20대의 마지막에 보는 느낌이 색다르네요.",
    "date": "15.01.05",
    "rating": "10",
    "author": "ygd6****",
    "review_id": "9565398",
    "movie_id": "10697"
  },
  {
    "review": "ET 와 더불어 스티븐 스필버그 작품 중에서 가장 감동적인 영화",
    "date": "14.12.29",
    "rating": "10",
    "author": "kimd****",
    "review_id": "9533792",
    "movie_id": "10697"
  },
  {
    "review": "대부분의 인생을 비참하게 살았지만 주변 사람들을 진심(?)으로 대해줬던 마음씨 착한 한 흑인여성의 파란만장했던 스토리...그녀가 그토록 간절히 원했던 여동생 네티의 편지...몇몇 배우들의 풋풋한 모습이 참 신선하구나...",
    "date": "14.12.11",
    "rating": "8",
    "author": "egyp****",
    "review_id": "9466109",
    "movie_id": "10697"
  },
  {
    "review": "10년이 지나서야 다시보게 된,, 스필버그 3대 명작 중 하나",
    "date": "14.09.01",
    "rating": "10",
    "author": "wide****",
    "review_id": "9153850",
    "movie_id": "10697"
  },
  {
    "review": "스필버그의 작품중 단연 으뜸 혹시 이 영화를 아직 못 보셨다면 인생의 2시간을 감동으로 느낄수 있는 기회를 아직 못 누리신겁니다 꼭 보세요",
    "date": "14.08.06",
    "rating": "9",
    "author": "com3****",
    "review_id": "9035256",
    "movie_id": "10697"
  },
  {
    "review": "평점 조절하자...9점대의 영화는 아니다..7.5점 정도...",
    "date": "14.08.04",
    "rating": "1",
    "author": "fing****",
    "review_id": "9022502",
    "movie_id": "10697"
  },
  {
    "review": "어렸을때 잘 알지도 못하면서 본 영화인데도 감동과 슬픔에 눈물흘리며 봤던 영화 어려 ET를 만든 감독영화라니 그런류를 기대했지만 의외의 영화엿지만~~아직도 가슴에 우피골드버그 오프라 윈프리 하면 이영화가 생각 나는건 너무나 감동적였기에 그런듯 하다는",
    "date": "14.06.25",
    "rating": "10",
    "author": "whit****",
    "review_id": "8852284",
    "movie_id": "10697"
  },
  {
    "review": "여러모로 최고다. 아이를 재우고 밤늦게 TV를 켰는데, 우연히 보게 됐다. 처음에는 지루한 듯하다가 점점 빨려들어갔다. 지금은 책을 구입하려는데 절판이란다.",
    "date": "14.05.17",
    "rating": "10",
    "author": "real****",
    "review_id": "8738060",
    "movie_id": "10697"
  },
  {
    "review": "명불허전이군요. 우피 골드버그와 오프라윈프리, 대니 글로버~",
    "date": "14.04.19",
    "rating": "8",
    "author": "appl****",
    "review_id": "8658304",
    "movie_id": "10697"
  },
  {
    "review": "오프라가 왜 단역이지...?;;;",
    "date": "14.04.11",
    "rating": "8",
    "author": "popy****",
    "review_id": "8643250",
    "movie_id": "10697"
  },
  {
    "review": "내가 초등학생때 주말의명화에서 봤었다.큰충격을 주었던영화였고 절대 잊혀지지 않는 영화.최고였다.",
    "date": "14.02.09",
    "rating": "10",
    "author": "yunh****",
    "review_id": "8490526",
    "movie_id": "10697"
  },
  {
    "review": "자매간의 애틋함이 많이 묻어나는 영화.... 불쌍하다ㅠ.ㅠ",
    "date": "14.01.21",
    "rating": "7",
    "author": "kimd****",
    "review_id": "8407011",
    "movie_id": "10697"
  },
  {
    "review": "인생 최고의 영화중 한 편이라고 말 할수 있겠다.셀리의 비극적인 삶..하지만 그속에서 웃음을 잃지 않는 그녀...  셀리 이외의 소피아,셕,네티 의 인생이야기도... 감동적인 영화이다",
    "date": "14.01.20",
    "rating": "10",
    "author": "un90****",
    "review_id": "8401792",
    "movie_id": "10697"
  },
  {
    "review": "비애와 감동을 함께한 영화",
    "date": "14.01.19",
    "rating": "10",
    "author": "math****",
    "review_id": "8398403",
    "movie_id": "10697"
  },
  {
    "review": "많은 교훈과 지식을 얻엇으며 스토리가 재미있으면서 감동적이여서좋았다.",
    "date": "14.01.19",
    "rating": "10",
    "author": "hiil****",
    "review_id": "8397300",
    "movie_id": "10697"
  },
  {
    "review": "91년엔가 중학생때 주말의명화에서 우피골드가나오길래본기억이있다 우피골드버그의 끔찍한 출산장면 여동생과의 행복했던시절 어떤 애딸린남자와의결혼 그남자의폭행구박 여동생이 남편에게 끔찍한일을당할뻔하다가 여동생이쫒겨난거까지보고 그이후에보고싶었던영화인데",
    "date": "14.01.18",
    "rating": "10",
    "author": "cute****",
    "review_id": "8396609",
    "movie_id": "10697"
  },
  {
    "review": "한국인 정서론 이해할순없지만 지루하진않았다..",
    "date": "14.01.18",
    "rating": "10",
    "author": "zxcv****",
    "review_id": "8396203",
    "movie_id": "10697"
  },
  {
    "review": "내가 태어나기도 전에 이런 아름다운 영화가 있었다능게 놀랍네요.꼭 추천하고싶은영화",
    "date": "14.01.18",
    "rating": "10",
    "author": "buda****",
    "review_id": "8394169",
    "movie_id": "10697"
  },
  {
    "review": "엔딩컷 보고나서 쎄쎄쎄 따라하게되네 ㅎㅎ",
    "date": "14.01.18",
    "rating": "9",
    "author": "koas****",
    "review_id": "8394166",
    "movie_id": "10697"
  },
  {
    "review": "감동적이에요~~~~",
    "date": "14.01.18",
    "rating": "10",
    "author": "rhtk****",
    "review_id": "8393861",
    "movie_id": "10697"
  },
  {
    "review": "세월이 흘러도 영화는 그대로 남네요..서른 넘어 처음 보게 된 영화~ 여운이 길게 남을 것 같아요..아~잠이 올까요?",
    "date": "14.01.18",
    "rating": "9",
    "author": "crea****",
    "review_id": "8393806",
    "movie_id": "10697"
  },
  {
    "review": "진짜 대박이다처음엔 뭐지? 하고보다가어느새 샐리의 마음이 되어 있었다역시 스필버그구나 느낀 대작임그리고 소피아어디서 본 사람인가싶더니오프라 윈프리였음ㅎ",
    "date": "14.01.18",
    "rating": "10",
    "author": "buys****",
    "review_id": "8393791",
    "movie_id": "10697"
  },
  {
    "review": "다시봐도 재밌다   잘만들었다",
    "date": "14.01.18",
    "rating": "10",
    "author": "miso****",
    "review_id": "8393775",
    "movie_id": "10697"
  },
  {
    "review": "너무 오랜만에 본 영화다운영화네여 길지만 진행이빨라서 시간가는 줄 모르고 봤어요 배경도너무 예쁘구요 왜 이제봤나싶네요 이런 명작을..",
    "date": "14.01.18",
    "rating": "10",
    "author": "suky****",
    "review_id": "8393764",
    "movie_id": "10697"
  },
  {
    "review": "명작이다 최고라는 말이외에 뭐가 필요하다고 10자이상을쓰래..",
    "date": "14.01.18",
    "rating": "10",
    "author": "chsh****",
    "review_id": "8393756",
    "movie_id": "10697"
  },
  {
    "review": "정말좋은영화다....",
    "date": "14.01.18",
    "rating": "10",
    "author": "qhqo****",
    "review_id": "8393755",
    "movie_id": "10697"
  },
  {
    "review": "긴 시간 아갑지 않은 명작 잘봤습니다!!",
    "date": "14.01.18",
    "rating": "10",
    "author": "nsun****",
    "review_id": "8393750",
    "movie_id": "10697"
  },
  {
    "review": "정말 오랜만에 푹 빠져들었던 영화!",
    "date": "14.01.18",
    "rating": "10",
    "author": "pigl****",
    "review_id": "8393749",
    "movie_id": "10697"
  },
  {
    "review": "아름다운 영화어릴적 보았던 그느낌 그대로...너무감동적인영화 였다. 추억을 곱씹었던 시간",
    "date": "14.01.18",
    "rating": "10",
    "author": "wwhj****",
    "review_id": "8393741",
    "movie_id": "10697"
  },
  {
    "review": "우연히 접하게된 컬러퍼플. 두시간 넘는 시간. 점점 빠져들게된영화. 거의 30년전 영화인데 이렇게 잘만들어졌다니. 감탄에 감동일뿐.역시 스티븐스필버그감독영화는 최고다.",
    "date": "14.01.18",
    "rating": "10",
    "author": "sara****",
    "review_id": "8393736",
    "movie_id": "10697"
  },
  {
    "review": "감동적인 내용 같아요.",
    "date": "14.01.18",
    "rating": "10",
    "author": "jooh****",
    "review_id": "8393733",
    "movie_id": "10697"
  },
  {
    "review": "명작이네요 잘봣습니다",
    "date": "14.01.18",
    "rating": "10",
    "author": "sepi****",
    "review_id": "8393732",
    "movie_id": "10697"
  },
  {
    "review": "정말 좋은 영화였습니다.",
    "date": "14.01.18",
    "rating": "10",
    "author": "metr****",
    "review_id": "8393725",
    "movie_id": "10697"
  },
  {
    "review": "정말 따뜻하고 감동적인 영화다..",
    "date": "14.01.18",
    "rating": "10",
    "author": "dlal****",
    "review_id": "8393717",
    "movie_id": "10697"
  },
  {
    "review": "감동적인 영화였어요  우피골드짱",
    "date": "14.01.18",
    "rating": "10",
    "author": "heig****",
    "review_id": "8393714",
    "movie_id": "10697"
  },
  {
    "review": "정말 다른 그냥 재미 위주 영화와는 다른 뜻 깊은 영화다",
    "date": "14.01.18",
    "rating": "10",
    "author": "jinw****",
    "review_id": "8393647",
    "movie_id": "10697"
  },
  {
    "review": "의붓아버지 조루였나?지 마누라가 안받아주니까",
    "date": "14.01.18",
    "rating": "7",
    "author": "0709****",
    "review_id": "8393358",
    "movie_id": "10697"
  },
  {
    "review": "스필버그가 왜 대단한 감독인지 알게 해준 영화는 화려한 블록버스터가 아니라 이 영화가 아닐듯 싶네요~ 스모크, 내츄럴, 하늘에서 온 엽서, 옥토버스카이와 함께 제가 꼽는 베스트5 고전영화 중에 하나입니다^^",
    "date": "14.01.18",
    "rating": "10",
    "author": "hide****",
    "review_id": "8393282",
    "movie_id": "10697"
  },
  {
    "review": "오랜만에 다시 보는 감동의 명작입니다. 수OO이 흘러도 그때의 감동은 여전하네요.",
    "date": "14.01.18",
    "rating": "10",
    "author": "jule****",
    "review_id": "8393260",
    "movie_id": "10697"
  },
  {
    "review": "10점은 너무 과하고 9점까진 약간 모자란듯한 영화... 전달해주는 내용은 10점이였으나 너무 많은 내용을 담아내려고 한듯...",
    "date": "13.10.12",
    "rating": "8",
    "author": "tont****",
    "review_id": "8055230",
    "movie_id": "10697"
  },
  {
    "review": "굿!",
    "date": "13.09.14",
    "rating": "10",
    "author": "yuno****",
    "review_id": "7977156",
    "movie_id": "10697"
  },
  {
    "review": "뭐라고 더 말이 필요하겠습니까? 잔잔히 흘러가는 인생 스토리, 좋습니다. 10점을 주고싶지만 그런 점수는 너무 뻥같고.......",
    "date": "13.08.15",
    "rating": "9",
    "author": "cosc****",
    "review_id": "7882873",
    "movie_id": "10697"
  },
  {
    "review": "최근에 접한 영화 중에서 가히 최고였던 것 같습니다.",
    "date": "13.07.22",
    "rating": "10",
    "author": "mute****",
    "review_id": "7772930",
    "movie_id": "10697"
  },
  {
    "review": "피부색상으로 가치를 결정하는 추악한 인간성",
    "date": "13.06.25",
    "rating": "9",
    "author": "whan****",
    "review_id": "7679989",
    "movie_id": "10697"
  },
  {
    "review": "이런 영화는 100점주고싶다. 말이 필요없음. 감독 누굴까 했는데 스필버그 의외이기도하면서 고개가 끄덕여지는..",
    "date": "13.05.16",
    "rating": "10",
    "author": "chyk****",
    "review_id": "7530485",
    "movie_id": "10697"
  },
  {
    "review": "이상하게 안 와닿았다. 결말 부분에선 눈물 찔끔.",
    "date": "13.03.24",
    "rating": "7",
    "author": "floo****",
    "review_id": "7403414",
    "movie_id": "10697"
  },
  {
    "review": "이런영화는 10점을 받아야죠",
    "date": "13.01.18",
    "rating": "10",
    "author": "rosa****",
    "review_id": "7128290",
    "movie_id": "10697"
  },
  {
    "review": "감동적이지만 스토리가 마음에 들진 않음",
    "date": "12.12.15",
    "rating": "8",
    "author": "bele****",
    "review_id": "7005979",
    "movie_id": "10697"
  },
  {
    "review": "순하고 우직한 것이 마치 황소같았던 여인, 셀리.... 아 정말 아름다운 영화였습니다.",
    "date": "12.08.29",
    "rating": "9",
    "author": "psy9****",
    "review_id": "6652291",
    "movie_id": "10697"
  },
  {
    "review": "진짜 슬프고 감동적이네요",
    "date": "12.06.03",
    "rating": "10",
    "author": "hyer****",
    "review_id": "6361367",
    "movie_id": "10697"
  },
  {
    "review": "대박",
    "date": "12.03.04",
    "rating": "10",
    "author": "jdj3****",
    "review_id": "6122438",
    "movie_id": "10697"
  },
  {
    "review": "정말 오프라 윈프리가 나왔었네요~~ 하도 오래돼서 우피골드버그뿐이 기억이 안났는데",
    "date": "11.11.15",
    "rating": "9",
    "author": "hisi****",
    "review_id": "5850586",
    "movie_id": "10697"
  },
  {
    "review": "동화처럼 빠져든다",
    "date": "11.07.31",
    "rating": "7",
    "author": "korn****",
    "review_id": "5587035",
    "movie_id": "10697"
  },
  {
    "review": "근본적인 문제 해결이나 그 의지없이 감상적으로만 흘러 버린다.",
    "date": "11.07.30",
    "rating": "5",
    "author": "claz****",
    "review_id": "5583774",
    "movie_id": "10697"
  },
  {
    "review": "시간 가는줄 모르고 빠져들게 되는 영화.. 강추",
    "date": "11.03.26",
    "rating": "10",
    "author": "82si****",
    "review_id": "5334751",
    "movie_id": "10697"
  },
  {
    "review": "여기 나오는 모든 배우들의 연기로 영화가 아니라 다큐를 보는 듯 했다.",
    "date": "11.03.11",
    "rating": "10",
    "author": "kkw1****",
    "review_id": "5304210",
    "movie_id": "10697"
  },
  {
    "review": "이거 한때 흑인들에게 비난을 받은적이 있었죠.",
    "date": "11.01.11",
    "rating": "9",
    "author": "sh10****",
    "review_id": "5149852",
    "movie_id": "10697"
  },
  {
    "review": "오프라윈프리 최고라는 댓글이 영화감동 다 까먹고 있네.아놔..",
    "date": "11.01.11",
    "rating": "10",
    "author": "ubin****",
    "review_id": "5148668",
    "movie_id": "10697"
  },
  {
    "review": "명작",
    "date": "11.01.09",
    "rating": "10",
    "author": "ango****",
    "review_id": "5142667",
    "movie_id": "10697"
  },
  {
    "review": "감동 웃음 눈물",
    "date": "10.09.03",
    "rating": "10",
    "author": "yeup****",
    "review_id": "4813293",
    "movie_id": "10697"
  },
  {
    "review": "오프라 원프리 최고이고 저가 본 것 중에서도 최고!!",
    "date": "10.07.31",
    "rating": "10",
    "author": "wntm****",
    "review_id": "4689858",
    "movie_id": "10697"
  },
  {
    "review": "스필버그가 블록버스터감독만이 아닌 진짜감독임을 보여준 작품",
    "date": "10.07.21",
    "rating": "8",
    "author": "si2p****",
    "review_id": "4656919",
    "movie_id": "10697"
  },
  {
    "review": "셀리의 인생역정 이야기. 볼만했다.",
    "date": "10.04.17",
    "rating": "9",
    "author": "0104****",
    "review_id": "4437488",
    "movie_id": "10697"
  },
  {
    "review": "지금까지 내가 본 1천편의 영화 중 다섯손가락 안에 드는 영화~",
    "date": "10.03.23",
    "rating": "10",
    "author": "sall****",
    "review_id": "4381081",
    "movie_id": "10697"
  },
  {
    "review": "우피 골드버그의 귀엽고 순진한 연기",
    "date": "10.03.10",
    "rating": "7",
    "author": "bbq2****",
    "review_id": "4347544",
    "movie_id": "10697"
  },
  {
    "review": "↓이런짓 하지좀 말지...",
    "date": "10.03.02",
    "rating": "10",
    "author": "eden****",
    "review_id": "4330235",
    "movie_id": "10697"
  },
  {
    "review": "점수 낮추기.",
    "date": "09.12.30",
    "rating": "3",
    "author": "scal****",
    "review_id": "4108008",
    "movie_id": "10697"
  },
  {
    "review": "어릴적 커다란 충격을 준 작품",
    "date": "09.12.12",
    "rating": "10",
    "author": "napa****",
    "review_id": "4035965",
    "movie_id": "10697"
  },
  {
    "review": "마음 한켠을 따뜻하게 하는 그녀의 캐릭터를 닮아보고 싶다.",
    "date": "09.11.05",
    "rating": "7",
    "author": "kuic****",
    "review_id": "3938140",
    "movie_id": "10697"
  },
  {
    "review": "따스함에도 정곡을 찌르는 무언가가 있죠",
    "date": "09.07.25",
    "rating": "8",
    "author": "pth3****",
    "review_id": "3665999",
    "movie_id": "10697"
  },
  {
    "review": "정말최고다 .. 옛날에 흑인들이 얼마나불쌍햇는지..알수있네",
    "date": "09.01.27",
    "rating": "10",
    "author": "skeh****",
    "review_id": "3252793",
    "movie_id": "10697"
  },
  {
    "review": "너무 작위적인 부분만 편집했다면 훨씬 좋았을 것을.. 아쉽다",
    "date": "08.09.27",
    "rating": "8",
    "author": "kusa****",
    "review_id": "2971801",
    "movie_id": "10697"
  },
  {
    "review": "스필버그가 이런 걸 다 만들었나 했지만, 보고나선 역시 스필버그답게 만들었다는...",
    "date": "08.05.01",
    "rating": "7",
    "author": "hadl****",
    "review_id": "2609927",
    "movie_id": "10697"
  },
  {
    "review": "곳곳에 참을 수 없는 유치한 씬들",
    "date": "08.04.25",
    "rating": "7",
    "author": "mind****",
    "review_id": "2597748",
    "movie_id": "10697"
  },
  {
    "review": "정말 차별이라는 것이 무엇인가를 눈으로 보여준 영화? good",
    "date": "08.04.19",
    "rating": "10",
    "author": "rlar****",
    "review_id": "2587651",
    "movie_id": "10697"
  },
  {
    "review": "스필버그 특유의 스타일을 재확인시켜주었다. 그만의 특유한 따스한 시선이 강렬해.",
    "date": "08.04.02",
    "rating": "10",
    "author": "temp****",
    "review_id": "2554551",
    "movie_id": "10697"
  },
  {
    "review": "유치원 다니는 유대인이 바라본 흑인의 엇갈린 관점, 치기어린 선택.",
    "date": "08.03.17",
    "rating": "4",
    "author": "erhe****",
    "review_id": "2525802",
    "movie_id": "10697"
  },
  {
    "review": "성차별, 인종차별을 고달프게 받고 가까스로 자아를 찾는 착한 여성의 이야기~",
    "date": "08.02.12",
    "rating": "10",
    "author": "rmft****",
    "review_id": "2439540",
    "movie_id": "10697"
  },
  {
    "review": "이 영화. 흑인으로써 봐도 좋은 영화일까?",
    "date": "08.01.23",
    "rating": "5",
    "author": "so_b****",
    "review_id": "2361433",
    "movie_id": "10697"
  },
  {
    "review": "제가6살때상영된,한세기를넘어보게된영화,,But 낯설지않은....가슴한쪽이 찡했습니다",
    "date": "08.01.12",
    "rating": "10",
    "author": "ggog****",
    "review_id": "2321670",
    "movie_id": "10697"
  },
  {
    "review": "억압을 벗기고 핏줄의 공존을 위하여 날카롭게 휴머니즘을 강조",
    "date": "08.01.09",
    "rating": "6",
    "author": "paci****",
    "review_id": "2310081",
    "movie_id": "10697"
  },
  {
    "review": "내가 영화감동이 된다면 바로 이 영화 때문이다",
    "date": "07.11.28",
    "rating": "10",
    "author": "wogk****",
    "review_id": "2189848",
    "movie_id": "10697"
  },
  {
    "review": "어릴때 보면 감동받는다.",
    "date": "07.11.24",
    "rating": "7",
    "author": "vaga****",
    "review_id": "2178268",
    "movie_id": "10697"
  },
  {
    "review": "very good !",
    "date": "07.11.05",
    "rating": "8",
    "author": "cles****",
    "review_id": "2134683",
    "movie_id": "10697"
  },
  {
    "review": "명작인가? 난 너무 매말랐나봐 감동이 안와",
    "date": "07.10.19",
    "rating": "8",
    "author": "dcap****",
    "review_id": "2097621",
    "movie_id": "10697"
  },
  {
    "review": "소피아가 오프라윈프리라니 놀랠노자로다!!",
    "date": "07.10.08",
    "rating": "9",
    "author": "09ne****",
    "review_id": "2077512",
    "movie_id": "10697"
  },
  {
    "review": "명작은 이런거다..",
    "date": "07.10.03",
    "rating": "10",
    "author": "powe****",
    "review_id": "2069035",
    "movie_id": "10697"
  },
  {
    "review": "아카데미가미쳤지..상을안주다니 이런  명작품에",
    "date": "07.10.01",
    "rating": "10",
    "author": "dj16****",
    "review_id": "2064465",
    "movie_id": "10697"
  },
  {
    "review": "ㅠㅠㅠㅠㅠㅠ 잊혀지지 않아요ㅠㅠㅠ",
    "date": "07.09.04",
    "rating": "10",
    "author": "shit****",
    "review_id": "2001032",
    "movie_id": "10697"
  },
  {
    "review": "보석과 같은 영화",
    "date": "07.08.18",
    "rating": "10",
    "author": "damu****",
    "review_id": "1956374",
    "movie_id": "10697"
  },
  {
    "review": "우리내삶에도 있을법한 같은인종의 무시하는행동",
    "date": "07.08.15",
    "rating": "10",
    "author": "ieod****",
    "review_id": "1942970",
    "movie_id": "10697"
  },
  {
    "review": "왜..?전..이렇게 지루하져 ;;",
    "date": "07.08.09",
    "rating": "6",
    "author": "drd1****",
    "review_id": "1908262",
    "movie_id": "10697"
  },
  {
    "review": "This is one of the most favorate movies...  Maybe I saw this about 40 times",
    "date": "07.08.07",
    "rating": "10",
    "author": "pcdv****",
    "review_id": "1898189",
    "movie_id": "10697"
  },
  {
    "review": "스필버그는 SF만 강한게 아니다. 오히려 인종문제 영화에 진가가 나타난다",
    "date": "07.07.30",
    "rating": "10",
    "author": "wuts****",
    "review_id": "1827221",
    "movie_id": "10697"
  },
  {
    "review": "한 번 보기 아까운 영화에요",
    "date": "07.07.22",
    "rating": "10",
    "author": "dlfq****",
    "review_id": "1799522",
    "movie_id": "10697"
  },
  {
    "review": "아카데미를 제패하고 싶던 스필버그의 야심. 아카데미를 향한 그의 첫번째 도전.",
    "date": "07.06.26",
    "rating": "8",
    "author": "movi****",
    "review_id": "1722575",
    "movie_id": "10697"
  },
  {
    "review": "정말 감동적입니다. 보시면 후회 않할듯...",
    "date": "07.06.24",
    "rating": "10",
    "author": "duck****",
    "review_id": "1718945",
    "movie_id": "10697"
  }
]