[
  {
    "review": "중간중간 천사라기보단 강아지같은 애완동물의 매력을 내뿜는 베아르.. 유치함과 낭만이 섞인 야릇한 느낌으로 그리 높은 완성도가 아님에도 만족스러웠던건 대다수의 사람들처럼 나또한 천사에게 홀려서인듯",
    "date": "15.06.27",
    "rating": "7",
    "author": "wjsr****",
    "review_id": "10040702",
    "movie_id": "10690"
  },
  {
    "review": "스플래쉬 천사판? 개인적으로는 천사가 그닥...",
    "date": "15.04.27",
    "rating": "5",
    "author": "thra****",
    "review_id": "9873426",
    "movie_id": "10690"
  },
  {
    "review": "엠마누엘 베아르가 피비게이츠 떡실신시키는 영화",
    "date": "15.03.31",
    "rating": "10",
    "author": "dfsg****",
    "review_id": "9818012",
    "movie_id": "10690"
  },
  {
    "review": "피비 게이츠가 외모에서 밀린게 이영화가 첨이자 마지막일듯... 그만큼 엠마누엘 베아르가 개쩔었음....",
    "date": "15.03.05",
    "rating": "9",
    "author": "woon****",
    "review_id": "9757869",
    "movie_id": "10690"
  },
  {
    "review": "1990년... 중1때... 주말 tv에서 보여줘서 봤는데....  엠마누엘 베아르는.. 정말 천사인줄 알았어..",
    "date": "14.09.10",
    "rating": "8",
    "author": "klei****",
    "review_id": "9196904",
    "movie_id": "10690"
  },
  {
    "review": "엠마뉴엘 베아르를 위한 영화.",
    "date": "14.06.24",
    "rating": "1",
    "author": "mool****",
    "review_id": "8851395",
    "movie_id": "10690"
  },
  {
    "review": "어릴적 추억의 영화.이제 볼 수 없나요",
    "date": "14.05.05",
    "rating": "10",
    "author": "zinj****",
    "review_id": "8706672",
    "movie_id": "10690"
  },
  {
    "review": "지금 보면 굉장히 유치할 수 있지만 예전에 정말 인상깊게 보았던 영화... 특히 여주인공 정말 천사인 줄 알았당",
    "date": "14.04.12",
    "rating": "10",
    "author": "romy****",
    "review_id": "8645509",
    "movie_id": "10690"
  },
  {
    "review": "에마뉴엘 베아르때문인가 평점은 이 정도밖에 줄 수없다",
    "date": "14.03.01",
    "rating": "5",
    "author": "clef****",
    "review_id": "8548004",
    "movie_id": "10690"
  },
  {
    "review": "유치하고 단순한 내용이지만 , 그 만큼 순수한 전개가 기분좋은 영화 ! 사실상 악역들도 귀여운 수준이라 자극적인 영화들에 지칠 때 본다면 더할나위 없이 좋음~~ 남주인공이나 여주인공이나 참 사랑스럽다^^~~",
    "date": "13.07.01",
    "rating": "8",
    "author": "vvvv****",
    "review_id": "7694152",
    "movie_id": "10690"
  },
  {
    "review": "파워레인져 보다 유치한느낌인데 여주인공 너무이쁘다 그냥 여주보는맛으로 봐도 재밌다 ㅋㅋㅋㅋ 악역개불쌍",
    "date": "13.06.16",
    "rating": "9",
    "author": "gtg2****",
    "review_id": "7648516",
    "movie_id": "10690"
  },
  {
    "review": "단순한 내용에 아름다운 주인공인 영화스토리보단 주인공에 점수를 후하게 칠수밖에없는영화볼것이라곤 엠마뉴엘베아르의 천사연기지만그것만으로도 충분히 볼가치가잇는영화임",
    "date": "12.09.30",
    "rating": "10",
    "author": "tjtj****",
    "review_id": "6744896",
    "movie_id": "10690"
  },
  {
    "review": "짐 친구들 그 OOO들 3명만 없었다면 더 완벽했을텐데",
    "date": "12.07.23",
    "rating": "8",
    "author": "fash****",
    "review_id": "6519410",
    "movie_id": "10690"
  },
  {
    "review": "엠마뉴엘 베아르...이땐 천사였는데...요즘은 인조인간이 되었지...T_T",
    "date": "12.03.27",
    "rating": "8",
    "author": "wham****",
    "review_id": "6172486",
    "movie_id": "10690"
  },
  {
    "review": "어릴때 내 감성을 자극했던 영화 너무 애잔해서 좋아",
    "date": "11.11.30",
    "rating": "10",
    "author": "zhde****",
    "review_id": "5878753",
    "movie_id": "10690"
  },
  {
    "review": "진심 좋다... 우리나라도 이런 영화가 나오면 좋겠다. 영화가 이래야 재밌지ㅋ",
    "date": "11.09.18",
    "rating": "9",
    "author": "sams****",
    "review_id": "5739237",
    "movie_id": "10690"
  },
  {
    "review": "둘다 너무 이쁨",
    "date": "11.08.17",
    "rating": "8",
    "author": "chee****",
    "review_id": "5663299",
    "movie_id": "10690"
  },
  {
    "review": "이거쓸려구로그인했음ㅋㅋㅋㅋㅋ아진심너무귀여워서 노트북깨물어버릴뻔ㅋㅋㅋㅋㅋㅋ",
    "date": "11.06.14",
    "rating": "10",
    "author": "kimb****",
    "review_id": "5480992",
    "movie_id": "10690"
  },
  {
    "review": "유치하지만, 재밌네",
    "date": "11.06.07",
    "rating": "7",
    "author": "seri****",
    "review_id": "5469453",
    "movie_id": "10690"
  },
  {
    "review": "막장 친구 vs. 막장 애인 vs. 막장부모 vs. 막장 천사.. ;;;",
    "date": "11.03.18",
    "rating": "6",
    "author": "tn99****",
    "review_id": "5320986",
    "movie_id": "10690"
  },
  {
    "review": "피비케이츠 팬이었는데 천사역의 엠마뉴엘 베아르가 정말 정말 예뻤음",
    "date": "11.02.11",
    "rating": "6",
    "author": "ango****",
    "review_id": "5234983",
    "movie_id": "10690"
  },
  {
    "review": "중3때.. 친구들과 극장서본 첫 헐리웃 감성영화..추억과 시간의 아쉬움이 여운으로..",
    "date": "11.01.24",
    "rating": "10",
    "author": "k108****",
    "review_id": "5182034",
    "movie_id": "10690"
  },
  {
    "review": "재밌네요 ㅎㅎ",
    "date": "11.01.12",
    "rating": "10",
    "author": "epro****",
    "review_id": "5152021",
    "movie_id": "10690"
  },
  {
    "review": "그녀는 하나의 별",
    "date": "10.10.19",
    "rating": "2",
    "author": "bbq2****",
    "review_id": "4910904",
    "movie_id": "10690"
  },
  {
    "review": "최악의 영화 평점이 너무 높다... 안봤을때로 시간을 돌리고 싶음...",
    "date": "10.10.08",
    "rating": "1",
    "author": "cont****",
    "review_id": "4891415",
    "movie_id": "10690"
  },
  {
    "review": "줄거리에 스토리 네타 다 되어 있네 ㅡ ㅡ 미쳤나 네이버",
    "date": "10.09.29",
    "rating": "10",
    "author": "chao****",
    "review_id": "4875541",
    "movie_id": "10690"
  },
  {
    "review": "영화를 다 본후에도 천사가 눈앞에 아른거렸다.",
    "date": "10.07.25",
    "rating": "10",
    "author": "love****",
    "review_id": "4669490",
    "movie_id": "10690"
  },
  {
    "review": "베아르의 천사표 미소와 케이츠의 감초 연기가 살린 영화",
    "date": "10.07.22",
    "rating": "10",
    "author": "ar02****",
    "review_id": "4661877",
    "movie_id": "10690"
  },
  {
    "review": "피비 케이츠가 망가지는 영화..뭐 솔직히 지금보면 유치하다. 화장 진한 천사도 좀;;;",
    "date": "10.06.03",
    "rating": "5",
    "author": "undo****",
    "review_id": "4541044",
    "movie_id": "10690"
  },
  {
    "review": "20년 전에 봤다면 대작! 10년 전에 봤다면 수작! 하지만 판타지는 23년이란 시간이 독",
    "date": "10.05.30",
    "rating": "3",
    "author": "moir****",
    "review_id": "4531657",
    "movie_id": "10690"
  },
  {
    "review": "재밌게 봤습니다 ㅎㅎㅎ",
    "date": "10.05.29",
    "rating": "10",
    "author": "zike****",
    "review_id": "4530460",
    "movie_id": "10690"
  },
  {
    "review": "다시 봐도 어색하지 않고 오래도록 기억이 남네여",
    "date": "10.05.10",
    "rating": "9",
    "author": "sysl****",
    "review_id": "4490409",
    "movie_id": "10690"
  },
  {
    "review": "지금이거찾고있는데 어찌못볼까여?울면서 봤었는데 국딩때^^",
    "date": "10.05.09",
    "rating": "10",
    "author": "bj4i****",
    "review_id": "4488647",
    "movie_id": "10690"
  },
  {
    "review": "사춘기때 엠마뉴엘의 천사같은외모에 반넋이 나간채로 보았던 기억이...",
    "date": "10.05.03",
    "rating": "10",
    "author": "dlww****",
    "review_id": "4474211",
    "movie_id": "10690"
  },
  {
    "review": "유치하지만. 유치한만큼 순수하고 깨끗한 영화. 이런사랑이 있을까??",
    "date": "10.01.20",
    "rating": "10",
    "author": "boxe****",
    "review_id": "4190122",
    "movie_id": "10690"
  },
  {
    "review": "최고였습니다.. 엠마누엘 베아르 커서도 계속 기억남는 영화..",
    "date": "09.12.05",
    "rating": "10",
    "author": "shc3****",
    "review_id": "4018904",
    "movie_id": "10690"
  },
  {
    "review": "참 어릴때 진정한판타지멜로라 생각하며 재밌게봤던 엔딩이 참 기억에 남는 작품",
    "date": "09.12.03",
    "rating": "10",
    "author": "tnfu****",
    "review_id": "4011860",
    "movie_id": "10690"
  },
  {
    "review": "약간 유치하기도 하지만 재밌게 잘 봤습니다",
    "date": "09.07.12",
    "rating": "10",
    "author": "vipe****",
    "review_id": "3625533",
    "movie_id": "10690"
  },
  {
    "review": "자꾸 보다보니 진짜 천사 같더라",
    "date": "09.04.24",
    "rating": "8",
    "author": "almo****",
    "review_id": "3438682",
    "movie_id": "10690"
  },
  {
    "review": "국딩때 토요명화 에서 본듯(?) 세월이 많이 흘렀지만 지금도 잊을수 없는 영화..",
    "date": "09.04.02",
    "rating": "10",
    "author": "pjh7****",
    "review_id": "3400837",
    "movie_id": "10690"
  },
  {
    "review": "소재도 참신했고 무엇보다 진짜 천사같은 엠마누엘 베아르의 미모는 잊을수 없다",
    "date": "09.03.03",
    "rating": "9",
    "author": "gall****",
    "review_id": "3346135",
    "movie_id": "10690"
  },
  {
    "review": "좋구만",
    "date": "09.01.27",
    "rating": "10",
    "author": "terr****",
    "review_id": "3255310",
    "movie_id": "10690"
  },
  {
    "review": "베아르는 예쁘다. 근데...너무 유치;",
    "date": "09.01.26",
    "rating": "2",
    "author": "taku****",
    "review_id": "3251685",
    "movie_id": "10690"
  },
  {
    "review": "라스트씬은 괜찮았다.",
    "date": "09.01.04",
    "rating": "3",
    "author": "caca****",
    "review_id": "3184956",
    "movie_id": "10690"
  },
  {
    "review": "재미있는 소재와 정말 천사같았던 엠마뉴엘의 모습이 기억에 남는 영화",
    "date": "09.01.01",
    "rating": "7",
    "author": "sepe****",
    "review_id": "3175222",
    "movie_id": "10690"
  },
  {
    "review": "다시보고싶은 영화",
    "date": "08.12.16",
    "rating": "10",
    "author": "hani****",
    "review_id": "3123669",
    "movie_id": "10690"
  },
  {
    "review": "이 영화 다시 볼수없나... 다시 보고싶어 미치겠다...",
    "date": "08.11.30",
    "rating": "10",
    "author": "choi****",
    "review_id": "3082176",
    "movie_id": "10690"
  },
  {
    "review": "엠마뉴엘 베아르에 때묻지 않는 연기를 보고 가슴두근두근 했던 생각이...",
    "date": "08.10.12",
    "rating": "10",
    "author": "lbon****",
    "review_id": "2995475",
    "movie_id": "10690"
  },
  {
    "review": "어릴적 토요명화로 봤었는데 드뎌 찾았네요. 아직도 떨리는 느낌을 기억할정도의 영화",
    "date": "08.09.05",
    "rating": "10",
    "author": "lear****",
    "review_id": "2923764",
    "movie_id": "10690"
  },
  {
    "review": "최고",
    "date": "08.08.05",
    "rating": "10",
    "author": "limi****",
    "review_id": "2838467",
    "movie_id": "10690"
  },
  {
    "review": "나는 엠마뉴엘 베아르의 여리고 청순한 이미지를 사랑한다",
    "date": "08.07.10",
    "rating": "10",
    "author": "cutt****",
    "review_id": "2751535",
    "movie_id": "10690"
  },
  {
    "review": "너무나 아름다운 천사와의 꿈같은 이야기. 꼭 다시보고 싶은 영화.",
    "date": "08.06.24",
    "rating": "9",
    "author": "hste****",
    "review_id": "2719011",
    "movie_id": "10690"
  },
  {
    "review": "중딩때 극장가서 보고 뿅~반해 버린영화..천사도 이뿌지만 스토리도 괜찮은..^^",
    "date": "08.03.02",
    "rating": "10",
    "author": "vjx1****",
    "review_id": "2497681",
    "movie_id": "10690"
  },
  {
    "review": "정말 한심하게 유쾌한 영화.",
    "date": "08.01.25",
    "rating": "10",
    "author": "rsm8****",
    "review_id": "2369577",
    "movie_id": "10690"
  },
  {
    "review": "정말 오래전 추억의 영화...어린시절 이 영화로 인해 나에게도 이상형이 생겼었지...",
    "date": "08.01.15",
    "rating": "9",
    "author": "sutr****",
    "review_id": "2334800",
    "movie_id": "10690"
  },
  {
    "review": "피비보려고 20년전 연흥극장에서 본 영화.",
    "date": "07.09.10",
    "rating": "4",
    "author": "cine****",
    "review_id": "2013750",
    "movie_id": "10690"
  },
  {
    "review": "모든 점수를 주어도 아깝지 않을 정말 예술적인 영화입니다. 모두들 빠져 봅시다!!",
    "date": "07.07.24",
    "rating": "10",
    "author": "kime****",
    "review_id": "1806409",
    "movie_id": "10690"
  },
  {
    "review": "꼭 다시 볼거얌",
    "date": "07.06.06",
    "rating": "10",
    "author": "banl****",
    "review_id": "1685596",
    "movie_id": "10690"
  },
  {
    "review": "아~~진짜 또 보구 싶다..^^;;추억의 영화...",
    "date": "07.05.08",
    "rating": "10",
    "author": "revo****",
    "review_id": "1628480",
    "movie_id": "10690"
  },
  {
    "review": "올만에 기억해 낸 영화...초딩인지 중딩인지 주말명화같은데서 했는데",
    "date": "07.03.02",
    "rating": "10",
    "author": "5lov****",
    "review_id": "1514457",
    "movie_id": "10690"
  },
  {
    "review": "이젠 추억이 된 영화...",
    "date": "07.02.27",
    "rating": "10",
    "author": "zzpe****",
    "review_id": "1505831",
    "movie_id": "10690"
  },
  {
    "review": "어떠케구할수있나여",
    "date": "07.01.26",
    "rating": "10",
    "author": "tomi****",
    "review_id": "1415108",
    "movie_id": "10690"
  },
  {
    "review": "꼭한번 다시 보고 싶습니다 초딩때 봤는데 아직도 아른아른",
    "date": "06.12.27",
    "rating": "10",
    "author": "trop****",
    "review_id": "1334411",
    "movie_id": "10690"
  },
  {
    "review": "이영화 구할려고 전국 비디오가계 수소문했다",
    "date": "06.12.21",
    "rating": "10",
    "author": "haju****",
    "review_id": "1311873",
    "movie_id": "10690"
  },
  {
    "review": "너무좋아하는영화!!!!!!!",
    "date": "06.12.17",
    "rating": "10",
    "author": "sawa****",
    "review_id": "1298437",
    "movie_id": "10690"
  },
  {
    "review": "정말 이쁘다...",
    "date": "06.11.21",
    "rating": "10",
    "author": "okm2****",
    "review_id": "1244652",
    "movie_id": "10690"
  },
  {
    "review": "베아르 여사의 살인미모;;모든남자가 꿈꾸는 바로 그 천사!!!--;",
    "date": "06.08.27",
    "rating": "10",
    "author": "kocb****",
    "review_id": "1085198",
    "movie_id": "10690"
  },
  {
    "review": "영화의 작품성은 일단 무시하고 베아르의 미모로 모든게 용서",
    "date": "06.08.27",
    "rating": "10",
    "author": "xxss****",
    "review_id": "1082394",
    "movie_id": "10690"
  },
  {
    "review": "엠마뉴엘 베아르를 위한 영화..피비케이츠는 굴욕적인..",
    "date": "06.07.08",
    "rating": "10",
    "author": "hoho****",
    "review_id": "878788",
    "movie_id": "10690"
  },
  {
    "review": "정말옜날에봤는데너무좋은영화몇번을봐도 절대 안질림!",
    "date": "05.08.30",
    "rating": "10",
    "author": "coco****",
    "review_id": "389137",
    "movie_id": "10690"
  },
  {
    "review": "죽기전에 마지막으로 보고 싶은 영화...",
    "date": "05.07.18",
    "rating": "10",
    "author": "6man****",
    "review_id": "326278",
    "movie_id": "10690"
  },
  {
    "review": "참 아름답게 느껴졌던 천사로 기억되는 영화",
    "date": "05.03.05",
    "rating": "10",
    "author": "nest****",
    "review_id": "235332",
    "movie_id": "10690"
  },
  {
    "review": "저도 엄청 어렸을때 봐서 몰랐었는데 드디어 알게됐네요,이영화였어ㅠㅠ",
    "date": "04.12.13",
    "rating": "10",
    "author": "hhhs****",
    "review_id": "161757",
    "movie_id": "10690"
  },
  {
    "review": "정말 좋은 영화예요... 평론은 별로 일지 몰라도 보면 감동의 물결^^",
    "date": "04.08.25",
    "rating": "10",
    "author": "phuo****",
    "review_id": "96712",
    "movie_id": "10690"
  },
  {
    "review": "내 생애 최고의 영화 이 영화 구할수는 없나요 ㅠ.ㅠ",
    "date": "04.08.20",
    "rating": "10",
    "author": "ange****",
    "review_id": "93200",
    "movie_id": "10690"
  },
  {
    "review": "내생에최고의영화",
    "date": "04.06.27",
    "rating": "10",
    "author": "121n****",
    "review_id": "61613",
    "movie_id": "10690"
  },
  {
    "review": "8명의 연인보셔요~ㅋㅋ",
    "date": "04.02.16",
    "rating": "6",
    "author": "domp****",
    "review_id": "21002",
    "movie_id": "10690"
  },
  {
    "review": "이 영화로 인해 엠마뉴엘 베아르를 너무도 좋아했었죠...지금은 뭐하는지.",
    "date": "04.01.23",
    "rating": "7",
    "author": "u2u2****",
    "review_id": "12439",
    "movie_id": "10690"
  }
]