[
  {
    "review": "이 영화 어디서 다시 구해서보냐.. 보고싶은데 이거",
    "date": "15.05.30",
    "rating": "9",
    "author": "kdu4****",
    "review_id": "9962712",
    "movie_id": "10707"
  },
  {
    "review": "그냥 제작비 많이 든 비싼 뮤직비디오.",
    "date": "15.02.01",
    "rating": "4",
    "author": "ybta****",
    "review_id": "9656703",
    "movie_id": "10707"
  },
  {
    "review": "제니 라이트 존나 이쁘다 .... 제니 라이트 때매 10점 내 손가락도 주고싶다 ㅠㅠ",
    "date": "15.01.20",
    "rating": "10",
    "author": "sin0****",
    "review_id": "9614968",
    "movie_id": "10707"
  },
  {
    "review": "두번봤다 메세지를 이해하고자, 하지만 이 영화떄문에 기분만 우울해지고 정신병이라도 걸릴거 같다.스스로 미친듯이 우울해 지고싶으면 봐라.그렇지않고 이 영화를 본다면 후회한다.",
    "date": "14.12.26",
    "rating": "1",
    "author": "zaqx****",
    "review_id": "9521900",
    "movie_id": "10707"
  },
  {
    "review": "핑크플로이드. 더이상의 설명이 필요한가?",
    "date": "14.12.02",
    "rating": "10",
    "author": "drkj****",
    "review_id": "9442146",
    "movie_id": "10707"
  },
  {
    "review": "사회 부적응자의 납득가는 응당한 비명.",
    "date": "14.10.06",
    "rating": "8",
    "author": "dpdj****",
    "review_id": "9270823",
    "movie_id": "10707"
  },
  {
    "review": "어릴적 남의 집 티비 화면에서 지나치듯 본 장면, 어렴풋이 기억나는..람들이 벨트를 따라 흘러가고 소시지가 되어 나오던 충격적인 장면.. 서른이 된 지금까지도 잊혀지지 않아서 찾았더니 이것이었네요..의미도 모르는 어린 나에겐 트라우마처럼 남아있네요",
    "date": "14.10.06",
    "rating": "8",
    "author": "elis****",
    "review_id": "9269838",
    "movie_id": "10707"
  },
  {
    "review": "미치광이의 최후의 발악.",
    "date": "14.09.09",
    "rating": "1",
    "author": "wjrh****",
    "review_id": "9193402",
    "movie_id": "10707"
  },
  {
    "review": "어렸을 적에 봤을때는 꽤나 임팩트 강하게 봤는데..지금 다시 보니 게으르고 나약하고 생활력 없는 젊은이의 사회를 향한 한풀이 정도로 느껴지는 듯.",
    "date": "14.09.09",
    "rating": "1",
    "author": "ferd****",
    "review_id": "9193257",
    "movie_id": "10707"
  },
  {
    "review": "평점이 너무 높다..그 당시에는 충격이었을지 몰라도 지금보면 너무 지루하고 별로 파격적으로 느껴지지 않는다.",
    "date": "14.09.09",
    "rating": "1",
    "author": "pass****",
    "review_id": "9193240",
    "movie_id": "10707"
  },
  {
    "review": "The Wall 앨범만으로 부족한 부분을 영화에서 채웠다. Comfortably Numb는 정말 잊을 수가 없다. 절절한 데이비드 길모어의 기타리프하며 가사...",
    "date": "14.06.24",
    "rating": "10",
    "author": "jhy8****",
    "review_id": "8852060",
    "movie_id": "10707"
  },
  {
    "review": "난해하지만, 강렬하게 각인되는 이미지들.",
    "date": "14.05.28",
    "rating": "7",
    "author": "cube****",
    "review_id": "8772677",
    "movie_id": "10707"
  },
  {
    "review": "90년대 초반 핑크플로이드와 프로그레시브록을 듣던 나에게 최고의 영화.. 알란파커.. 비디오테입을 돌려가며 자막을 다 노트에 적었던 기억이 난다.. 오늘 밥겔돌프의 딸이 사망했다는 기사를 보았다.. 세계를 구한 그가 딸을 잃었다니 애도를..벽뒤에 벽.",
    "date": "14.04.08",
    "rating": "10",
    "author": "danz****",
    "review_id": "8636087",
    "movie_id": "10707"
  },
  {
    "review": "perfect!!!",
    "date": "14.03.24",
    "rating": "10",
    "author": "ddar****",
    "review_id": "8603397",
    "movie_id": "10707"
  },
  {
    "review": "벽은 부숴지지 않는 것인가...?",
    "date": "14.03.21",
    "rating": "10",
    "author": "crea****",
    "review_id": "8591678",
    "movie_id": "10707"
  },
  {
    "review": "핑크플로이드의 위대한 컨셉앨범을 알란파커감독의 아름다운 실사와 제라드 스카프의 스케치로 표현한 예술영화. 로저워터스의 훌륭한 작품을 잘 살린 명작.",
    "date": "14.01.25",
    "rating": "10",
    "author": "toni****",
    "review_id": "8425192",
    "movie_id": "10707"
  },
  {
    "review": "보면서 평가가 극명하게 나뉠영화라 생각이들었다...몰입해서 보거나  졸거나...그렇다고 어떤사람이 더 낫다고 말하려는것은 아니다. 우리가 당연하다고 생각하는 가치관을 파괴하는 묘미가 있다고 해야하나.. 우리나라에서 이런영화를 만들기는 어려울것 같다.",
    "date": "13.10.25",
    "rating": "10",
    "author": "sooz****",
    "review_id": "8088788",
    "movie_id": "10707"
  },
  {
    "review": "딱 내 스타일 영화~어둡지만 강하다..염세주의자의 한탄이랄까?",
    "date": "13.09.20",
    "rating": "9",
    "author": "2601****",
    "review_id": "8002341",
    "movie_id": "10707"
  },
  {
    "review": "핑플 짱!",
    "date": "13.07.13",
    "rating": "10",
    "author": "kyen****",
    "review_id": "7736785",
    "movie_id": "10707"
  },
  {
    "review": "연출 , 메시지  모두 괜찮다",
    "date": "13.07.04",
    "rating": "7",
    "author": "bang****",
    "review_id": "7703471",
    "movie_id": "10707"
  },
  {
    "review": "the wall이 위대한 앨범인 이유를 증명해주고앨범이 전하는 메세지를 강렬하게 전달한 알란 파커 감독의 연출이 돋보인 영화",
    "date": "13.06.09",
    "rating": "10",
    "author": "p393****",
    "review_id": "7615229",
    "movie_id": "10707"
  },
  {
    "review": "우리는 모두 벽돌 한 장일 뿐.",
    "date": "13.06.04",
    "rating": "10",
    "author": "a1on****",
    "review_id": "7577036",
    "movie_id": "10707"
  },
  {
    "review": "99년 5월 25일 지금은 없어진 중랑구 새서울극장에서 보았던영화. 관객들 대부분은 졸고 보다 나가고 ㅎㅎ;; 대중들의 취향과는 먼 아주 어두운 영화입니다.. 바닥끝까지 우울해지고 싶으신분께 추천.",
    "date": "13.05.30",
    "rating": "8",
    "author": "crue****",
    "review_id": "7564066",
    "movie_id": "10707"
  },
  {
    "review": "아직도 무너지지 않는 벽",
    "date": "13.02.08",
    "rating": "10",
    "author": "myst****",
    "review_id": "7236235",
    "movie_id": "10707"
  },
  {
    "review": "보면서 많은 감동과 생각을 하게되었습니다. 10점도 과분하다고 생각하네요.",
    "date": "13.02.04",
    "rating": "10",
    "author": "5a21****",
    "review_id": "7222400",
    "movie_id": "10707"
  },
  {
    "review": "보는 내내 이 영화가 어떠한 메세지를 보내는지, 어떠한걸 의도하는지 계속 생각을 하게 도와준 작품이다. 개인적으로 이 영화를 아주 사랑하고 좋아한다.본 후 많은 영감을 받았는데 이 영화로 인하여 엄청난 큰 영향이당시에 왔었을것 같다.",
    "date": "13.01.29",
    "rating": "10",
    "author": "vnfn****",
    "review_id": "7191923",
    "movie_id": "10707"
  },
  {
    "review": "이 영화는 메세지가 확실하다. 하지만 마니아층에게만 통하는 영화이다.",
    "date": "12.12.13",
    "rating": "9",
    "author": "bumd****",
    "review_id": "6998685",
    "movie_id": "10707"
  },
  {
    "review": "어려운 영화.",
    "date": "12.10.02",
    "rating": "8",
    "author": "dlwo****",
    "review_id": "6753898",
    "movie_id": "10707"
  },
  {
    "review": "걸작 음악영화",
    "date": "12.09.05",
    "rating": "10",
    "author": "egoh****",
    "review_id": "6671007",
    "movie_id": "10707"
  },
  {
    "review": "영화사에 길이 남을 영화",
    "date": "12.08.29",
    "rating": "10",
    "author": "pman****",
    "review_id": "6653279",
    "movie_id": "10707"
  },
  {
    "review": "이해는 잘 못하겠지만 영화 자체에 담긴 메세지는 확실한것 같네요",
    "date": "12.06.20",
    "rating": "8",
    "author": "chld****",
    "review_id": "6404371",
    "movie_id": "10707"
  },
  {
    "review": "내가 1시간이나 참아냈다는게 대단하다. 독특하지만 지루하고 뮤지컬형식이란걸 깜빡.",
    "date": "12.04.16",
    "rating": "6",
    "author": "0411****",
    "review_id": "6225389",
    "movie_id": "10707"
  },
  {
    "review": "우리는 왜 그만큼 아파하지 않는가",
    "date": "12.04.04",
    "rating": "10",
    "author": "tngu****",
    "review_id": "6192230",
    "movie_id": "10707"
  },
  {
    "review": "로저 워터스의 일생",
    "date": "12.02.24",
    "rating": "8",
    "author": "bbag****",
    "review_id": "6101161",
    "movie_id": "10707"
  },
  {
    "review": "확실히 어려운 영화 하지만 보면서 마음이 아팠다",
    "date": "12.02.21",
    "rating": "10",
    "author": "tjsa****",
    "review_id": "6092119",
    "movie_id": "10707"
  },
  {
    "review": "영화는 드럼게 어렵지만 쩌는 영화",
    "date": "12.01.03",
    "rating": "10",
    "author": "2850****",
    "review_id": "5956784",
    "movie_id": "10707"
  },
  {
    "review": "충격입니다.",
    "date": "11.11.14",
    "rating": "10",
    "author": "bach****",
    "review_id": "5850296",
    "movie_id": "10707"
  },
  {
    "review": "걍 메시지전달에만 충실한 핑플의 역작 뮤직비디오",
    "date": "11.11.02",
    "rating": "2",
    "author": "rane****",
    "review_id": "5823713",
    "movie_id": "10707"
  },
  {
    "review": "내가 100번째 평가네.. 어린것들은 마냥 재미없는 영화일듯, 난 일단 음악에서 뻑 감",
    "date": "11.09.19",
    "rating": "9",
    "author": "kwj9****",
    "review_id": "5741731",
    "movie_id": "10707"
  },
  {
    "review": "엄청난 영화네요.",
    "date": "11.09.15",
    "rating": "9",
    "author": "seoo****",
    "review_id": "5733674",
    "movie_id": "10707"
  },
  {
    "review": "덜 다듬어졌지만 그래서 괜찮은 블랙뮤지컬",
    "date": "11.08.14",
    "rating": "7",
    "author": "bbq2****",
    "review_id": "5649042",
    "movie_id": "10707"
  },
  {
    "review": "처음부터 끝까지 무진장 우울하다. 이런류의 사회비판적 내용물은 너무 뻔하고 질린다",
    "date": "11.07.18",
    "rating": "5",
    "author": "mins****",
    "review_id": "5553350",
    "movie_id": "10707"
  },
  {
    "review": "권력자가 보기에는 참 불편한 영화. 권력에 반하는 내용을 충격적인 영상미로 풀어냄.",
    "date": "11.04.01",
    "rating": "10",
    "author": "minw****",
    "review_id": "5347477",
    "movie_id": "10707"
  },
  {
    "review": "미안하지만 머리 굵어지고 한번 더 보겠습니다 ㅜㅠ",
    "date": "11.03.24",
    "rating": "6",
    "author": "kmog****",
    "review_id": "5332545",
    "movie_id": "10707"
  },
  {
    "review": "아놔 좡난?",
    "date": "11.03.08",
    "rating": "1",
    "author": "jang****",
    "review_id": "5300585",
    "movie_id": "10707"
  },
  {
    "review": "좋은영상.좋은음악",
    "date": "10.12.20",
    "rating": "8",
    "author": "my92****",
    "review_id": "5069337",
    "movie_id": "10707"
  },
  {
    "review": "자살을유도하는영화인듯전쟁과쓰레기같은사회를비판하는영화재미없다",
    "date": "10.12.15",
    "rating": "1",
    "author": "zzzo****",
    "review_id": "5054797",
    "movie_id": "10707"
  },
  {
    "review": "Tear down the wall!",
    "date": "10.10.07",
    "rating": "10",
    "author": "shtm****",
    "review_id": "4889891",
    "movie_id": "10707"
  },
  {
    "review": "이것은 핑크의 앨범을 정확히 이해하고 만든 영화이다.",
    "date": "10.09.21",
    "rating": "10",
    "author": "sws0****",
    "review_id": "4852613",
    "movie_id": "10707"
  },
  {
    "review": "뭐이딴 영화가 다있냐?? 모든 영화감독과 음악가들에게 뛰어넘기 힘든 벽같은 영화",
    "date": "10.09.12",
    "rating": "10",
    "author": "ohch****",
    "review_id": "4830808",
    "movie_id": "10707"
  },
  {
    "review": "한 15점은 주고싶다",
    "date": "10.08.28",
    "rating": "10",
    "author": "bnmq****",
    "review_id": "4799271",
    "movie_id": "10707"
  },
  {
    "review": "<더 월>앨범에 대한 사전 공부를 하고 보는게 좋을듯. 섬찟한 애니메이션과 음악",
    "date": "10.07.30",
    "rating": "8",
    "author": "less****",
    "review_id": "4685412",
    "movie_id": "10707"
  },
  {
    "review": "많은영화를 받지만 진짜 할말이없다...초현실적이고 드러나고하는바를 잘드러내었다",
    "date": "10.07.15",
    "rating": "10",
    "author": "hnh_****",
    "review_id": "4641973",
    "movie_id": "10707"
  },
  {
    "review": "시대를앞서간명작. 이성이아닌감성으로느끼자.",
    "date": "10.06.20",
    "rating": "10",
    "author": "mana****",
    "review_id": "4579399",
    "movie_id": "10707"
  },
  {
    "review": "내면에서 끓어 오르는 분노의 표현이 인상깊다 근데 왠지 영화를 보고나면 슬퍼진다",
    "date": "10.06.12",
    "rating": "9",
    "author": "leem****",
    "review_id": "4561792",
    "movie_id": "10707"
  },
  {
    "review": "21세기에도 여전히 신선하다!",
    "date": "10.05.20",
    "rating": "8",
    "author": "bsbm****",
    "review_id": "4511613",
    "movie_id": "10707"
  },
  {
    "review": "앨범을 듣고.... 봐야 진짜 느낄 수 있다.",
    "date": "10.04.29",
    "rating": "10",
    "author": "chae****",
    "review_id": "4465207",
    "movie_id": "10707"
  },
  {
    "review": "이제 와서는 벽의 가치도 인정받을만 하다고 생각한다..",
    "date": "10.04.06",
    "rating": "9",
    "author": "imf0****",
    "review_id": "4416742",
    "movie_id": "10707"
  },
  {
    "review": "사회의 부조리와 개인에게의 폭력성, 그 회귀를 나타내는 섬뜩하면서도 허망한 결말",
    "date": "10.03.22",
    "rating": "10",
    "author": "den_****",
    "review_id": "4376185",
    "movie_id": "10707"
  },
  {
    "review": "소름이 돋는다.",
    "date": "09.11.14",
    "rating": "10",
    "author": "leek****",
    "review_id": "3960532",
    "movie_id": "10707"
  },
  {
    "review": "영화속의 벽은 부숴졌지만 21세기의 벽은 아직도 부숴지지 않았다",
    "date": "09.11.12",
    "rating": "10",
    "author": "kime****",
    "review_id": "3956414",
    "movie_id": "10707"
  },
  {
    "review": "부조리한 현실의 모든벽",
    "date": "09.09.21",
    "rating": "8",
    "author": "lucy****",
    "review_id": "3843006",
    "movie_id": "10707"
  },
  {
    "review": "핑크 플로이드와 The Wall 앨범을 사랑한다면...",
    "date": "09.07.22",
    "rating": "10",
    "author": "jmp0****",
    "review_id": "3656348",
    "movie_id": "10707"
  },
  {
    "review": "내가 코드를 잘못 읽었나 ? 어려웠고 딱히 와닿진 않았다",
    "date": "09.06.24",
    "rating": "7",
    "author": "witc****",
    "review_id": "3584988",
    "movie_id": "10707"
  },
  {
    "review": "마지막 벽을 부실때",
    "date": "09.04.19",
    "rating": "10",
    "author": "dw40****",
    "review_id": "3429265",
    "movie_id": "10707"
  },
  {
    "review": "엥? 어떻게 잘랐길래 국내 등급이 12세 관람가지?",
    "date": "09.04.18",
    "rating": "10",
    "author": "klei****",
    "review_id": "3426478",
    "movie_id": "10707"
  },
  {
    "review": "솔직히해지자 얘들아. 예술성만 보더라도 이 영환 졸작이야",
    "date": "09.04.14",
    "rating": "2",
    "author": "elfm****",
    "review_id": "3421635",
    "movie_id": "10707"
  },
  {
    "review": "무삭제 판으로 보니 또다른 충격이 찾아왔다. 꼭 무삭제판으로 보시길.",
    "date": "09.01.17",
    "rating": "10",
    "author": "fred****",
    "review_id": "3226243",
    "movie_id": "10707"
  },
  {
    "review": "어렵진 않지만 강렬한 메시지, 달콤하진 않지만 멋진 음악, 이 거대한 벽!",
    "date": "09.01.03",
    "rating": "9",
    "author": "cius****",
    "review_id": "3181405",
    "movie_id": "10707"
  },
  {
    "review": "벽속에서",
    "date": "08.12.27",
    "rating": "10",
    "author": "fros****",
    "review_id": "3158632",
    "movie_id": "10707"
  },
  {
    "review": "정말 잘 만들었는데....드럽게 잼없더라 정말....",
    "date": "08.12.16",
    "rating": "6",
    "author": "gore****",
    "review_id": "3123288",
    "movie_id": "10707"
  },
  {
    "review": "영상이 상당히 특이한 영화..음악 좋았다",
    "date": "08.10.24",
    "rating": "8",
    "author": "drag****",
    "review_id": "3017326",
    "movie_id": "10707"
  },
  {
    "review": "'벽'을 보았다.",
    "date": "08.08.04",
    "rating": "10",
    "author": "knso****",
    "review_id": "2834640",
    "movie_id": "10707"
  },
  {
    "review": "알란파커를 알게해준...",
    "date": "08.07.18",
    "rating": "10",
    "author": "joon****",
    "review_id": "2774905",
    "movie_id": "10707"
  },
  {
    "review": "뮤직무비로 끝까지 가는데... 어렵지만 머리속에서 떠나지 않을 영화",
    "date": "08.06.08",
    "rating": "10",
    "author": "sbs3****",
    "review_id": "2687356",
    "movie_id": "10707"
  },
  {
    "review": "철학적 문제의 접근성. 시간이 지나도 퇴색해 보이지 않는다 +명곡",
    "date": "08.05.01",
    "rating": "9",
    "author": "siou****",
    "review_id": "2608308",
    "movie_id": "10707"
  },
  {
    "review": "시대를 뛰어넘은 그벽을 넘기힘든 수작ㄱ",
    "date": "08.02.25",
    "rating": "10",
    "author": "bsjb****",
    "review_id": "2480605",
    "movie_id": "10707"
  },
  {
    "review": "이게 왜 12세??우리 학교에서 보여준건 엄청 징그럽던데;;;;",
    "date": "08.01.30",
    "rating": "1",
    "author": "rabi****",
    "review_id": "2387884",
    "movie_id": "10707"
  },
  {
    "review": "보는 동안 끊임없이 눈물이 흘렀다.",
    "date": "08.01.05",
    "rating": "10",
    "author": "zasz****",
    "review_id": "2298606",
    "movie_id": "10707"
  },
  {
    "review": "절규가 느껴져",
    "date": "08.01.03",
    "rating": "10",
    "author": "kore****",
    "review_id": "2293371",
    "movie_id": "10707"
  },
  {
    "review": "인간이 시도한 뮤직비디오중 최고의 걸작",
    "date": "07.12.24",
    "rating": "10",
    "author": "baks****",
    "review_id": "2259743",
    "movie_id": "10707"
  },
  {
    "review": "이 영화 외국판 보세요 애니메이션 삽입장면에 잔인한거 많이나옴 ;",
    "date": "07.12.11",
    "rating": "10",
    "author": "xero****",
    "review_id": "2224057",
    "movie_id": "10707"
  },
  {
    "review": "시대가 달라져도 명작이네요.",
    "date": "07.11.29",
    "rating": "10",
    "author": "atom****",
    "review_id": "2191844",
    "movie_id": "10707"
  },
  {
    "review": "엔딩이 마음에 든다.",
    "date": "07.11.18",
    "rating": "8",
    "author": "pawr****",
    "review_id": "2164728",
    "movie_id": "10707"
  },
  {
    "review": "이렇게 어려운영화는 생에첨이네. 많은것을 생각하게하는 여운이 남는영화.",
    "date": "07.10.11",
    "rating": "8",
    "author": "sjs1****",
    "review_id": "2082684",
    "movie_id": "10707"
  },
  {
    "review": "전쟁/ 소외/ 인생/ 음악 모두를 표현한 영화",
    "date": "07.09.19",
    "rating": "10",
    "author": "suwo****",
    "review_id": "2031604",
    "movie_id": "10707"
  },
  {
    "review": "당신의 인생을 뒤흔들수 있는 영화. 그리고 음악.",
    "date": "07.08.21",
    "rating": "10",
    "author": "moon****",
    "review_id": "1966329",
    "movie_id": "10707"
  },
  {
    "review": "세상에.......   이건 음악영화가 아니다......",
    "date": "07.06.20",
    "rating": "10",
    "author": "yytt****",
    "review_id": "1711116",
    "movie_id": "10707"
  },
  {
    "review": "음.. 레포트 생각때문에 재미가 반감되었지만 어쨌든 볼만했다..",
    "date": "07.05.26",
    "rating": "7",
    "author": "bigo****",
    "review_id": "1664657",
    "movie_id": "10707"
  },
  {
    "review": "다만 핑크플로이드 전기적 뮤직비됴영화. 영화적 재미없음.",
    "date": "07.05.07",
    "rating": "6",
    "author": "bepl****",
    "review_id": "1626421",
    "movie_id": "10707"
  },
  {
    "review": "어릴적 Pink Floyd를 모르고 봤는데도 최고였다..",
    "date": "07.04.10",
    "rating": "10",
    "author": "hide****",
    "review_id": "1582333",
    "movie_id": "10707"
  },
  {
    "review": "죽기전에 반드시 봐야할 영화",
    "date": "07.03.02",
    "rating": "10",
    "author": "noel****",
    "review_id": "1513790",
    "movie_id": "10707"
  },
  {
    "review": "영화도 음악도 최고",
    "date": "07.02.27",
    "rating": "10",
    "author": "mrfn****",
    "review_id": "1506475",
    "movie_id": "10707"
  },
  {
    "review": "같은 영화 두번 보지 않는데 두번 보고 또 보고 싶어지는 영화",
    "date": "07.02.14",
    "rating": "10",
    "author": "j119****",
    "review_id": "1469371",
    "movie_id": "10707"
  },
  {
    "review": "미쳐버릴 것만 같은 음악",
    "date": "07.02.12",
    "rating": "10",
    "author": "empt****",
    "review_id": "1465095",
    "movie_id": "10707"
  },
  {
    "review": "미쳐버릴 것만 같은 영화",
    "date": "06.12.26",
    "rating": "10",
    "author": "alre****",
    "review_id": "1329523",
    "movie_id": "10707"
  },
  {
    "review": "시대가 지나도 명작은 명작",
    "date": "06.12.12",
    "rating": "10",
    "author": "zeed****",
    "review_id": "1286179",
    "movie_id": "10707"
  },
  {
    "review": "한편의 영화. 나의 가치관을 바꿔놓다.",
    "date": "06.10.21",
    "rating": "10",
    "author": "yana****",
    "review_id": "1192657",
    "movie_id": "10707"
  },
  {
    "review": "내가 지금까지 본 영화 중 가장 최고였다.",
    "date": "06.09.26",
    "rating": "10",
    "author": "duda****",
    "review_id": "1143410",
    "movie_id": "10707"
  },
  {
    "review": "나 말고도 다 본사람들이 있구나 시대가 지나서 8.5",
    "date": "06.09.15",
    "rating": "9",
    "author": "supe****",
    "review_id": "1123138",
    "movie_id": "10707"
  }
]