[
  {
    "review": "브루스 윌리스는 미국식 B급영화의 선두주자.. 그냥 생각없이 영화 보고 싶으면 이영화가 최고이다.. ㅋㅋㅋ 중간중간 어이없는 장면들 보면 역시 미국 영화구나.. 전형적인 90년대 스타일임..",
    "date": "15.07.08",
    "rating": "10",
    "author": "sb33****",
    "review_id": "10079754",
    "movie_id": "10700"
  },
  {
    "review": "누가 머래도 내인생 최고의 영화. 모든영화는 이영화를 교과서 삼아야 한다.",
    "date": "15.06.15",
    "rating": "10",
    "author": "beca****",
    "review_id": "10001886",
    "movie_id": "10700"
  },
  {
    "review": "유쾌하고 잼있음..ㅎㅎ 윌리스 형의 간지는 상상이상",
    "date": "15.05.30",
    "rating": "8",
    "author": "do11****",
    "review_id": "9963168",
    "movie_id": "10700"
  },
  {
    "review": "열받은 브루스 아저씨. 폭발한다!",
    "date": "15.02.06",
    "rating": "7",
    "author": "pont****",
    "review_id": "9671092",
    "movie_id": "10700"
  },
  {
    "review": "유치하고 특별한것 없는 무난한 헐리우드 클리셰",
    "date": "14.08.18",
    "rating": "1",
    "author": "mara****",
    "review_id": "9109032",
    "movie_id": "10700"
  },
  {
    "review": "아 수영장에서 대사...싸움의기술이랑..ㅋㅋ",
    "date": "14.05.25",
    "rating": "9",
    "author": "arse****",
    "review_id": "8762840",
    "movie_id": "10700"
  },
  {
    "review": "토니스콧의 명복을 빌며~~~윌리스 형님의 만사 귀찮은 듯 한 연기가 돋보인다",
    "date": "14.05.13",
    "rating": "8",
    "author": "cred****",
    "review_id": "8728256",
    "movie_id": "10700"
  },
  {
    "review": "무식한 미국 마초의 정서로 만든 영화. 위트있는 대사와 긴장감 넘치는 상황들이 솔솔한 재미를 준다.",
    "date": "13.10.11",
    "rating": "7",
    "author": "bbob****",
    "review_id": "8054177",
    "movie_id": "10700"
  },
  {
    "review": "졸라 잼있음 한대만 더 떄리면 넌죽어 ㅋㅋㅋㅋㅋㅋㅋㅋㅋㅋㅋㅋㅋㅋㅋㅋㅋㅋㅋㅋ",
    "date": "13.09.07",
    "rating": "10",
    "author": "cksd****",
    "review_id": "7954839",
    "movie_id": "10700"
  },
  {
    "review": "역시 브루스 형님!",
    "date": "13.09.07",
    "rating": "10",
    "author": "ske4****",
    "review_id": "7954805",
    "movie_id": "10700"
  },
  {
    "review": "명실공히 최고의 마초영화.",
    "date": "13.09.07",
    "rating": "10",
    "author": "sang****",
    "review_id": "7954534",
    "movie_id": "10700"
  },
  {
    "review": "힘찬 오프닝, 싱싱하고 맛깔난 대사들, 시니컬한 유머와 박력있는 액션, 냉소와 따뜻함이 가득찬.. 하드보일드 탐정물! 터프하고 빠른 흑백 버디무비로, 작가 \"쉐인 블랙\"과 \"토니 스콧\" 감독의 완벽한 팀웤이 신명난다! 통쾌한 해피엔딩이 지금도 빛난다!",
    "date": "13.09.07",
    "rating": "10",
    "author": "wana****",
    "review_id": "7954206",
    "movie_id": "10700"
  },
  {
    "review": "대단한지는 모르겠다.",
    "date": "13.08.17",
    "rating": "6",
    "author": "dlwo****",
    "review_id": "7893679",
    "movie_id": "10700"
  },
  {
    "review": "윌리스 한창 잘나갈때 찍은영화",
    "date": "13.05.29",
    "rating": "7",
    "author": "adiv****",
    "review_id": "7561267",
    "movie_id": "10700"
  },
  {
    "review": "비디오로 한참 빌려볼때 봤던 영화.",
    "date": "13.02.13",
    "rating": "5",
    "author": "jere****",
    "review_id": "7258263",
    "movie_id": "10700"
  },
  {
    "review": "볼만하네~",
    "date": "13.01.25",
    "rating": "7",
    "author": "dbzh****",
    "review_id": "7172410",
    "movie_id": "10700"
  },
  {
    "review": "다시한번 고 토니 스콧 감독님의 명복을 빕니다..",
    "date": "12.09.13",
    "rating": "8",
    "author": "spar****",
    "review_id": "6692952",
    "movie_id": "10700"
  },
  {
    "review": "무난하다",
    "date": "12.03.04",
    "rating": "8",
    "author": "nike****",
    "review_id": "6123997",
    "movie_id": "10700"
  },
  {
    "review": "지나치게 진지하기만 한 브루스",
    "date": "12.01.15",
    "rating": "3",
    "author": "cont****",
    "review_id": "5988664",
    "movie_id": "10700"
  },
  {
    "review": "적당히 멍청한 똥폼 개그를 마구 날리다.",
    "date": "11.12.06",
    "rating": "3",
    "author": "pria****",
    "review_id": "5890673",
    "movie_id": "10700"
  },
  {
    "review": "무난한 90년대 오리지날 헐리우드 액션",
    "date": "11.11.08",
    "rating": "8",
    "author": "jaem****",
    "review_id": "5836101",
    "movie_id": "10700"
  },
  {
    "review": "역시 한방있는 토니스콧 스타일의 엔딩",
    "date": "11.10.29",
    "rating": "7",
    "author": "asun****",
    "review_id": "5815479",
    "movie_id": "10700"
  },
  {
    "review": "브루스 윌리스의 전형적인 액션.. 다이하드보다는 못한 듯..",
    "date": "11.08.04",
    "rating": "8",
    "author": "tn99****",
    "review_id": "5600541",
    "movie_id": "10700"
  },
  {
    "review": "박력있는 액션과 그들의 틱틱거리는 모습, 강한전개, 이정도면 굿이다",
    "date": "11.02.05",
    "rating": "8",
    "author": "yjo4****",
    "review_id": "5216389",
    "movie_id": "10700"
  },
  {
    "review": "브루스 윌리스 다운걸 찾다보면 빼 놓을 수 없쥐요",
    "date": "11.01.12",
    "rating": "10",
    "author": "ming****",
    "review_id": "5151192",
    "movie_id": "10700"
  },
  {
    "review": "전개도 자연스럽고 액션도 멋있고 괜찬^^",
    "date": "10.12.25",
    "rating": "8",
    "author": "sshs****",
    "review_id": "5085407",
    "movie_id": "10700"
  },
  {
    "review": "완벽하다!",
    "date": "10.11.21",
    "rating": "10",
    "author": "gore****",
    "review_id": "4976311",
    "movie_id": "10700"
  },
  {
    "review": "마지막에 춤 추던 모습이 하도 어이없어서 아직까지 기억에 남는 영화..",
    "date": "10.09.19",
    "rating": "4",
    "author": "imf0****",
    "review_id": "4848269",
    "movie_id": "10700"
  },
  {
    "review": "다시보니 상당히 대사가 위트있다",
    "date": "10.06.12",
    "rating": "8",
    "author": "holy****",
    "review_id": "4560463",
    "movie_id": "10700"
  },
  {
    "review": "지금 다시보니 살짝 걸리는 부분도 있다 그래도 재밌다",
    "date": "10.05.23",
    "rating": "9",
    "author": "pers****",
    "review_id": "4519758",
    "movie_id": "10700"
  },
  {
    "review": "평정 8.5 !",
    "date": "10.04.10",
    "rating": "9",
    "author": "cyhh****",
    "review_id": "4422893",
    "movie_id": "10700"
  },
  {
    "review": "유치하다. 가장 거슬리는 캐릭터는 브루스 윌리스의 딸.",
    "date": "10.03.14",
    "rating": "5",
    "author": "caca****",
    "review_id": "4356691",
    "movie_id": "10700"
  },
  {
    "review": "마지막보지으삭웃",
    "date": "10.01.21",
    "rating": "10",
    "author": "sk84****",
    "review_id": "4195640",
    "movie_id": "10700"
  },
  {
    "review": "내 인생 몇 안되는 킬링타임 최고의 영화. 절대적인 브루스윌리스 스타일 액션 무비.",
    "date": "09.12.22",
    "rating": "10",
    "author": "mono****",
    "review_id": "4070858",
    "movie_id": "10700"
  },
  {
    "review": "다이하드 수준엔 못미치나 적당히 볼만했던 브루스 주연의 액션물",
    "date": "09.08.25",
    "rating": "7",
    "author": "gall****",
    "review_id": "3788211",
    "movie_id": "10700"
  },
  {
    "review": "브루스 답다",
    "date": "09.06.06",
    "rating": "9",
    "author": "bgol****",
    "review_id": "3547909",
    "movie_id": "10700"
  },
  {
    "review": "캐릭터를 완벽히 소화해낸 부르스에게 박수를 보낸다.....",
    "date": "09.05.24",
    "rating": "10",
    "author": "tjsd****",
    "review_id": "3519100",
    "movie_id": "10700"
  },
  {
    "review": "good",
    "date": "09.05.15",
    "rating": "9",
    "author": "umdo****",
    "review_id": "3497575",
    "movie_id": "10700"
  },
  {
    "review": "우연히 채널돌리다 OCN에서 봤는데.. 끝날때까지 본 영화다 !!",
    "date": "09.03.05",
    "rating": "10",
    "author": "reow****",
    "review_id": "3349094",
    "movie_id": "10700"
  },
  {
    "review": "마지막 춤출때 ㅋㅋㅋㅋㅋㅋㅋㅋㅋㅋㅋㅋ",
    "date": "09.03.05",
    "rating": "9",
    "author": "aaa9****",
    "review_id": "3348473",
    "movie_id": "10700"
  },
  {
    "review": "최고의 명대사는 마지막 부분에 나온다에 올인.",
    "date": "09.01.06",
    "rating": "7",
    "author": "esch****",
    "review_id": "3195831",
    "movie_id": "10700"
  },
  {
    "review": "감히 최고의 오프닝이라고 말하고 싶다. 캐릭터들도 마음에 들고..",
    "date": "09.01.03",
    "rating": "9",
    "author": "robo****",
    "review_id": "3182836",
    "movie_id": "10700"
  },
  {
    "review": "브루스 윌리스 그 이름 하나만으로",
    "date": "08.10.20",
    "rating": "7",
    "author": "zito****",
    "review_id": "3009727",
    "movie_id": "10700"
  },
  {
    "review": "액션이 왜이리 지루한지........그거 빼고는 괜찮았음",
    "date": "08.10.16",
    "rating": "6",
    "author": "jeon****",
    "review_id": "3003058",
    "movie_id": "10700"
  },
  {
    "review": "너무나 박력있는 영화... 보는 내내 들떴다",
    "date": "08.10.04",
    "rating": "8",
    "author": "kimg****",
    "review_id": "2982350",
    "movie_id": "10700"
  },
  {
    "review": "아, 지루해",
    "date": "08.08.23",
    "rating": "5",
    "author": "pksj****",
    "review_id": "2897516",
    "movie_id": "10700"
  },
  {
    "review": "그닥..",
    "date": "08.07.11",
    "rating": "4",
    "author": "etha****",
    "review_id": "2753930",
    "movie_id": "10700"
  },
  {
    "review": "어느 영화를 봐도 다이하드의 이미지를 고수하는 브루스 윌리스. 그래도 좋다.",
    "date": "08.06.13",
    "rating": "7",
    "author": "khkk****",
    "review_id": "2696046",
    "movie_id": "10700"
  },
  {
    "review": "그냥.. 그럭저럭 볼만하다.",
    "date": "08.03.19",
    "rating": "7",
    "author": "pola****",
    "review_id": "2529043",
    "movie_id": "10700"
  },
  {
    "review": "좋았어!!    바로 이거야!",
    "date": "08.02.05",
    "rating": "7",
    "author": "evil****",
    "review_id": "2410092",
    "movie_id": "10700"
  },
  {
    "review": "즐겨라 느껴라 하앍 ! 옛기억들이 떠오르네사타구니에우산을끼우고펼쳐라 맞나 ? ㅋㅋ",
    "date": "08.01.18",
    "rating": "10",
    "author": "hsjh****",
    "review_id": "2343693",
    "movie_id": "10700"
  },
  {
    "review": "재밌따!!",
    "date": "07.10.25",
    "rating": "10",
    "author": "reno****",
    "review_id": "2110412",
    "movie_id": "10700"
  },
  {
    "review": "유치한 요소들이 한데모여 끝내주게 화음을 이룬 영화. 입담최고",
    "date": "07.10.24",
    "rating": "10",
    "author": "jobb****",
    "review_id": "2109446",
    "movie_id": "10700"
  },
  {
    "review": "브루스 윌리스의 시니컬한 모습이 멋지지만 지루함",
    "date": "07.10.10",
    "rating": "7",
    "author": "nell****",
    "review_id": "2082027",
    "movie_id": "10700"
  },
  {
    "review": "내 생애 최고의 간지 영화~! 이 영화에서 브루스가 제일 멋지다",
    "date": "07.09.30",
    "rating": "10",
    "author": "cota****",
    "review_id": "2061194",
    "movie_id": "10700"
  },
  {
    "review": "The truth is a beautiful thing.",
    "date": "07.08.28",
    "rating": "10",
    "author": "unde****",
    "review_id": "1986131",
    "movie_id": "10700"
  },
  {
    "review": "브루스 윌리스의 액션영화라면 당연히 봐줘야",
    "date": "07.08.27",
    "rating": "8",
    "author": "k_yo****",
    "review_id": "1983146",
    "movie_id": "10700"
  },
  {
    "review": "이건다운받아서보면안됨더빙이나비됴판으로다운자막이개판이라..",
    "date": "07.08.24",
    "rating": "10",
    "author": "bloo****",
    "review_id": "1974269",
    "movie_id": "10700"
  },
  {
    "review": "저땐 브루스 대머리가 아닌점에 10점만점",
    "date": "07.08.20",
    "rating": "10",
    "author": "park****",
    "review_id": "1962175",
    "movie_id": "10700"
  },
  {
    "review": "괜찮다, 역시 부르스햄의 입담",
    "date": "07.08.13",
    "rating": "10",
    "author": "sala****",
    "review_id": "1934172",
    "movie_id": "10700"
  },
  {
    "review": "한마디로 화끈하다 스크린이 터져나갈듯한 박력",
    "date": "07.08.01",
    "rating": "8",
    "author": "baks****",
    "review_id": "1834416",
    "movie_id": "10700"
  },
  {
    "review": "한번만 더 건드리면 죽는다ㅋㅋ 그당시에 보고 2편 나올줄알았는데 안나오네",
    "date": "07.07.30",
    "rating": "10",
    "author": "kjsy****",
    "review_id": "1827382",
    "movie_id": "10700"
  },
  {
    "review": "비아냥의 대명사 브루스행님..",
    "date": "07.07.24",
    "rating": "10",
    "author": "hure****",
    "review_id": "1806344",
    "movie_id": "10700"
  },
  {
    "review": "이 영화 액션영화가 갖추어야 할 바람직한 자세의 영화다.",
    "date": "07.07.17",
    "rating": "10",
    "author": "toru****",
    "review_id": "1785365",
    "movie_id": "10700"
  },
  {
    "review": "꽤 재밌었던 액션영화. 브루스 윌리스를 대표하는 작품 중 하나.",
    "date": "07.07.16",
    "rating": "8",
    "author": "lsh1****",
    "review_id": "1780644",
    "movie_id": "10700"
  },
  {
    "review": "멋진 액션씬이 넘친다",
    "date": "07.07.15",
    "rating": "8",
    "author": "deff****",
    "review_id": "1779521",
    "movie_id": "10700"
  },
  {
    "review": "스콧의 저주받은 걸작이라는데, 역시 아쉬움이 많다. 그래도 재밌다.",
    "date": "07.06.14",
    "rating": "8",
    "author": "rott****",
    "review_id": "1701154",
    "movie_id": "10700"
  },
  {
    "review": "약하다 약해.. 스토리, 액션 모두에서. 소품에도 못낌.",
    "date": "07.05.07",
    "rating": "2",
    "author": "bepl****",
    "review_id": "1626655",
    "movie_id": "10700"
  },
  {
    "review": "브루스윌리스의 다이하드식 액션과 캐릭터가 잘 살아 있는 영화",
    "date": "07.04.01",
    "rating": "9",
    "author": "skip****",
    "review_id": "1566196",
    "movie_id": "10700"
  },
  {
    "review": "볼만한재미와액션..ㅎ",
    "date": "07.03.12",
    "rating": "8",
    "author": "wjd1****",
    "review_id": "1531657",
    "movie_id": "10700"
  },
  {
    "review": "이 영화에서의 브루스 윌리스가 제일 좋다",
    "date": "07.02.05",
    "rating": "8",
    "author": "chio****",
    "review_id": "1446282",
    "movie_id": "10700"
  },
  {
    "review": "춤추는 장면이 특히 썰렁.",
    "date": "07.01.30",
    "rating": "5",
    "author": "damu****",
    "review_id": "1425931",
    "movie_id": "10700"
  },
  {
    "review": "볼만한 재미와 액션",
    "date": "07.01.25",
    "rating": "10",
    "author": "zeed****",
    "review_id": "1413804",
    "movie_id": "10700"
  },
  {
    "review": "내가 이걸 몇번 봤을까",
    "date": "07.01.02",
    "rating": "10",
    "author": "eeec****",
    "review_id": "1349590",
    "movie_id": "10700"
  },
  {
    "review": "토니스콧의 숨겨진 명작. 재치있는 입담이 배꼽빠지게함 ㅋㅋ",
    "date": "06.12.30",
    "rating": "10",
    "author": "nher****",
    "review_id": "1341710",
    "movie_id": "10700"
  },
  {
    "review": "한번정도 볼만한 액션영화",
    "date": "06.12.29",
    "rating": "8",
    "author": "nala****",
    "review_id": "1340187",
    "movie_id": "10700"
  },
  {
    "review": "이 상황에서 살아남으면 춤이라도추겠다.",
    "date": "06.12.04",
    "rating": "9",
    "author": "kazu****",
    "review_id": "1267440",
    "movie_id": "10700"
  },
  {
    "review": "숨은 명작중 하나",
    "date": "06.11.22",
    "rating": "10",
    "author": "kayw****",
    "review_id": "1245388",
    "movie_id": "10700"
  },
  {
    "review": "시나리오가 100 만불 짜리라는데 ...",
    "date": "06.11.21",
    "rating": "9",
    "author": "wshi****",
    "review_id": "1244918",
    "movie_id": "10700"
  },
  {
    "review": "제대로잼있는데?",
    "date": "06.11.19",
    "rating": "10",
    "author": "wogm****",
    "review_id": "1240686",
    "movie_id": "10700"
  },
  {
    "review": "그 재치있는 입담..(우산으로 똥침하고 확 펴버린다 ㅋ)",
    "date": "06.11.19",
    "rating": "10",
    "author": "kimb****",
    "review_id": "1240681",
    "movie_id": "10700"
  },
  {
    "review": "재밌고 쿨하다.",
    "date": "06.09.08",
    "rating": "7",
    "author": "pawr****",
    "review_id": "1111080",
    "movie_id": "10700"
  },
  {
    "review": "기대치곤 괜찮은영화",
    "date": "06.08.11",
    "rating": "6",
    "author": "gray****",
    "review_id": "995156",
    "movie_id": "10700"
  },
  {
    "review": "기대심리를 무지막지하게 무너트린다.",
    "date": "06.05.12",
    "rating": "6",
    "author": "izzo****",
    "review_id": "796182",
    "movie_id": "10700"
  },
  {
    "review": "15년전 영화인데 지금봐도 재밌다. 주고 받는 대화 넘 웃기다.",
    "date": "06.05.02",
    "rating": "7",
    "author": "kimp****",
    "review_id": "783436",
    "movie_id": "10700"
  },
  {
    "review": "지금시대엔 진부하지만.비디오시절 최고의 액션영화.",
    "date": "06.04.10",
    "rating": "10",
    "author": "luck****",
    "review_id": "756058",
    "movie_id": "10700"
  },
  {
    "review": "마지막 스탠드 위에서 춤추는 씬은 정말 흐믓^^",
    "date": "06.02.11",
    "rating": "8",
    "author": "taks****",
    "review_id": "660712",
    "movie_id": "10700"
  },
  {
    "review": "그냥 보통의 액션.. 시간 떼우기용",
    "date": "06.01.22",
    "rating": "7",
    "author": "shh7****",
    "review_id": "612059",
    "movie_id": "10700"
  },
  {
    "review": "재밌었는데 왜 기억이 안나지???",
    "date": "06.01.04",
    "rating": "6",
    "author": "iam_****",
    "review_id": "558144",
    "movie_id": "10700"
  },
  {
    "review": "10만점의 오락물",
    "date": "05.12.24",
    "rating": "10",
    "author": "kws7****",
    "review_id": "524623",
    "movie_id": "10700"
  },
  {
    "review": "수상보트? 에서 총쏘는 장면이 기억난다..",
    "date": "05.12.23",
    "rating": "8",
    "author": "blue****",
    "review_id": "522224",
    "movie_id": "10700"
  },
  {
    "review": "...",
    "date": "05.10.23",
    "rating": "10",
    "author": "kyki****",
    "review_id": "452567",
    "movie_id": "10700"
  },
  {
    "review": "와 함께 토니 스콧의 최고작중 한편.",
    "date": "05.09.27",
    "rating": "8",
    "author": "movi****",
    "review_id": "424385",
    "movie_id": "10700"
  },
  {
    "review": "그런대로 볼만한 부르스 윌리스의 액션.",
    "date": "05.05.23",
    "rating": "8",
    "author": "jcr3****",
    "review_id": "284952",
    "movie_id": "10700"
  },
  {
    "review": "브루스가 한주먹으로 사람 죽이는 장면은 잊을수없다",
    "date": "05.05.18",
    "rating": "5",
    "author": "si2p****",
    "review_id": "280114",
    "movie_id": "10700"
  },
  {
    "review": "부르스윌리스...딱 맞는 역할..",
    "date": "05.05.11",
    "rating": "9",
    "author": "baul****",
    "review_id": "275740",
    "movie_id": "10700"
  },
  {
    "review": "브루스 윌리스, 역시 액션.",
    "date": "05.05.06",
    "rating": "8",
    "author": "kpcc****",
    "review_id": "271921",
    "movie_id": "10700"
  },
  {
    "review": "본지오래됬지만,기억에남는다.마지막덴스",
    "date": "05.02.24",
    "rating": "10",
    "author": "kiss****",
    "review_id": "228616",
    "movie_id": "10700"
  },
  {
    "review": "부르스 윌리스 멋져여...",
    "date": "04.11.08",
    "rating": "10",
    "author": "zzo1****",
    "review_id": "141949",
    "movie_id": "10700"
  },
  {
    "review": "돈값은 하는 영화..",
    "date": "04.10.26",
    "rating": "6",
    "author": "thin****",
    "review_id": "133227",
    "movie_id": "10700"
  }
]