[
  {
    "review": "정치적인 상황을 이렇게 삶에 묻어나게 하는데 성공한 영화는 없다고 단언한다. 예를 들어 비노쉬 외도할 때의 상황은 매우 시사적이다. 결말부분은 인생유전을 묘사한 대목이겠지만 엉뚱한 것 같으면서도 성공적이었다.",
    "date": "14.12.31",
    "rating": "7",
    "author": "heli****",
    "review_id": "9540099",
    "movie_id": "10702"
  },
  {
    "review": "역시 여자들은 남자가 수차례나 바람 피워도 결국 그다지 상관없나 보군",
    "date": "14.06.01",
    "rating": "1",
    "author": "mara****",
    "review_id": "8783213",
    "movie_id": "10702"
  },
  {
    "review": "아름다운배우역사적시대스토리탄탄한 원작이 조화들이 잘 어우러진듯",
    "date": "14.02.24",
    "rating": "10",
    "author": "malr****",
    "review_id": "8533508",
    "movie_id": "10702"
  },
  {
    "review": "‘사랑’에 대한 무게를 주인공을 통해 느낄수 있었으며 토마스와 테레사가 죽음의 오솔길을 달리는 엔딩씬은 정말 최고이다. 역시 밀란쿤데라 원작인 만큼 철할적이고 정치적인 체코의 당시 시대적배경을 볼수 있어서 좋았다.",
    "date": "14.01.15",
    "rating": "10",
    "author": "okre****",
    "review_id": "8383998",
    "movie_id": "10702"
  },
  {
    "review": "이렇게 집중하면서 본 영화는 오랜만이었다~공부를 미리하고 원작의 메세지를 알고 보아서 그랬는지 몰라도 참 아름답고 깊이있게 느껴졌다.",
    "date": "13.06.11",
    "rating": "10",
    "author": "jenn****",
    "review_id": "7625981",
    "movie_id": "10702"
  },
  {
    "review": "정말좋은영화.3번이나봤음",
    "date": "13.03.26",
    "rating": "10",
    "author": "hjyo****",
    "review_id": "7412143",
    "movie_id": "10702"
  },
  {
    "review": "개인적으로 다니엘 데이 루이스의 연기를 정말 좋아하는데 이 영화에서는 줄리엣 비노쉬..",
    "date": "13.03.14",
    "rating": "9",
    "author": "spzm****",
    "review_id": "7346765",
    "movie_id": "10702"
  },
  {
    "review": "쿤데라의 철학소설, [참을 수 없는 존재의 가벼움]을 원작으로 제작된 영화. 영화만의 장점을 잘 살려 내어 훌륭히 각색해 내었다고 할수 있을 듯.",
    "date": "13.02.12",
    "rating": "8",
    "author": "pent****",
    "review_id": "7255521",
    "movie_id": "10702"
  },
  {
    "review": "너무 원작 내용에만 충실했단 느낌이 든다.. 캐릭터에대한 설명이 너무 부족해 책을 안읽고 영화를 본 사람들한테는 큰 감흥이 안느껴질듯",
    "date": "13.02.06",
    "rating": "6",
    "author": "dono****",
    "review_id": "7230227",
    "movie_id": "10702"
  },
  {
    "review": "다니엘 데이 루이스의 눈빛 연기가 기억에 남는다.",
    "date": "12.12.12",
    "rating": "8",
    "author": "bele****",
    "review_id": "6994394",
    "movie_id": "10702"
  },
  {
    "review": "세부적인 부분은 기억이 안나지만 원작이 매우 훌륭했었다.영화도 재미있게 보았다.pubic hair가 자주 나오는데  원작 훼손없이 국내 개봉했을지 궁금하다.",
    "date": "12.11.29",
    "rating": "10",
    "author": "groo****",
    "review_id": "6940077",
    "movie_id": "10702"
  },
  {
    "review": "Take off your cloths",
    "date": "12.11.25",
    "rating": "8",
    "author": "bbq2****",
    "review_id": "6923971",
    "movie_id": "10702"
  },
  {
    "review": "원작도 명작이지만, 영화 또한 좋았어요~",
    "date": "12.03.07",
    "rating": "10",
    "author": "thsd****",
    "review_id": "6128265",
    "movie_id": "10702"
  },
  {
    "review": "원작을 보리라... 젊은 다니엘데이루이스 거 참 매력적이네.",
    "date": "12.02.09",
    "rating": "8",
    "author": "come****",
    "review_id": "6062668",
    "movie_id": "10702"
  },
  {
    "review": "초반은 멋있었는데 갈수록 스토리가 산으로 그리고 마지막 장면 완전 하이킥이다",
    "date": "11.11.10",
    "rating": "7",
    "author": "zzoo****",
    "review_id": "5839451",
    "movie_id": "10702"
  },
  {
    "review": "닥터 지바고 같았다",
    "date": "10.12.20",
    "rating": "7",
    "author": "plzb****",
    "review_id": "5067173",
    "movie_id": "10702"
  },
  {
    "review": "원작을 제대로 반영하지 못한 것 같으나 배우의 연기는 참 좋았다.",
    "date": "10.12.11",
    "rating": "7",
    "author": "0104****",
    "review_id": "5045365",
    "movie_id": "10702"
  },
  {
    "review": "훌륭한 소설을 각본으로 이해한 결과, 존재는 사라지고 가벼움만 남았다",
    "date": "10.07.08",
    "rating": "4",
    "author": "basi****",
    "review_id": "4621095",
    "movie_id": "10702"
  },
  {
    "review": "나는 지붕뚫고 하이킥 마지막회를 보고 이 영화의 마지막 장면을 생각했다.",
    "date": "10.03.31",
    "rating": "10",
    "author": "thom****",
    "review_id": "4400337",
    "movie_id": "10702"
  },
  {
    "review": "지루함의 끝이 종국엔 긴 여운으로 다가오는 매력있는 영화...",
    "date": "10.03.25",
    "rating": "10",
    "author": "mood****",
    "review_id": "4386864",
    "movie_id": "10702"
  },
  {
    "review": "다른건 몰라도... 남주의 눈빛이 완전 매력적이다. 내가 가지고 싶을 정도로...",
    "date": "10.03.09",
    "rating": "10",
    "author": "wlxo****",
    "review_id": "4346227",
    "movie_id": "10702"
  },
  {
    "review": "아.. 참을 수 없는 영화의 지루함..........",
    "date": "09.12.18",
    "rating": "6",
    "author": "liza****",
    "review_id": "4052637",
    "movie_id": "10702"
  },
  {
    "review": "밀란 쿤데라의 힘이 반감되지만~ 역동과 격정~",
    "date": "09.11.15",
    "rating": "8",
    "author": "kore****",
    "review_id": "3963749",
    "movie_id": "10702"
  },
  {
    "review": "좀 지루할려고 했으나 뒤집어 보면 참 좋았던 영화였다...",
    "date": "09.11.03",
    "rating": "6",
    "author": "thra****",
    "review_id": "3934790",
    "movie_id": "10702"
  },
  {
    "review": "굿",
    "date": "09.07.10",
    "rating": "10",
    "author": "clou****",
    "review_id": "3621168",
    "movie_id": "10702"
  },
  {
    "review": "너무 아름답다..",
    "date": "09.06.28",
    "rating": "10",
    "author": "immo****",
    "review_id": "3596990",
    "movie_id": "10702"
  },
  {
    "review": "존재감 있는 영화. 결말이 좀... 제목처럼 존재가 덧없다는 뜻인가?",
    "date": "09.05.24",
    "rating": "8",
    "author": "ysuh****",
    "review_id": "3518515",
    "movie_id": "10702"
  },
  {
    "review": "삶의 무거움에서 도망치며,  가벼운 삶이나 강요하는 니힐리스트들의 본질",
    "date": "09.05.04",
    "rating": "2",
    "author": "hany****",
    "review_id": "3465265",
    "movie_id": "10702"
  },
  {
    "review": "정말 참을 수 없는 지겨움... 다니엘 횽님의 광안만은..",
    "date": "08.10.04",
    "rating": "6",
    "author": "curu****",
    "review_id": "2983000",
    "movie_id": "10702"
  },
  {
    "review": "소비에트연방으로 바뀐 러시아가 동유럽에 꼬붕을 만들려구 체코슬로바키아를 점령.",
    "date": "08.09.01",
    "rating": "10",
    "author": "vedd****",
    "review_id": "2917137",
    "movie_id": "10702"
  },
  {
    "review": "역동적이며, 격정적이다. 그리고 슬프지만 아름다운...",
    "date": "08.03.01",
    "rating": "9",
    "author": "team****",
    "review_id": "2495118",
    "movie_id": "10702"
  },
  {
    "review": "참기 힘들 정도로 가벼운 존재란",
    "date": "08.02.02",
    "rating": "6",
    "author": "okjo****",
    "review_id": "2398517",
    "movie_id": "10702"
  },
  {
    "review": "밀란 쿤데라의 원작을 못 보신 분들이라면 , 보신분도 괜찮구 ..^^",
    "date": "08.01.25",
    "rating": "7",
    "author": "1stl****",
    "review_id": "2368191",
    "movie_id": "10702"
  },
  {
    "review": "기억 나는 건 음악",
    "date": "07.12.30",
    "rating": "6",
    "author": "7th_****",
    "review_id": "2280564",
    "movie_id": "10702"
  },
  {
    "review": "캐릭터에 공감이 가지 않는다. 책이 이랬던가?",
    "date": "07.12.20",
    "rating": "5",
    "author": "good****",
    "review_id": "2249036",
    "movie_id": "10702"
  },
  {
    "review": "배우의 힘이란 바로 이런것...명작중의 명작",
    "date": "07.10.20",
    "rating": "10",
    "author": "flyn****",
    "review_id": "2099784",
    "movie_id": "10702"
  },
  {
    "review": "원작의 내용과 의도를 하나도 못살렸다..",
    "date": "07.10.10",
    "rating": "3",
    "author": "yoon****",
    "review_id": "2082268",
    "movie_id": "10702"
  },
  {
    "review": "내용보단 꼼꼼하게 만든 영화 자체에 점수를. 작고 깜찍한 줄렛 누님^^*",
    "date": "07.10.03",
    "rating": "8",
    "author": "bepl****",
    "review_id": "2069031",
    "movie_id": "10702"
  },
  {
    "review": "좋은 영화네요. 잘 봤습니다.",
    "date": "07.09.28",
    "rating": "10",
    "author": "rayf****",
    "review_id": "2057540",
    "movie_id": "10702"
  },
  {
    "review": "참을 수 없는 존재의 가벼움.",
    "date": "07.09.16",
    "rating": "10",
    "author": "ssar****",
    "review_id": "2024243",
    "movie_id": "10702"
  },
  {
    "review": "정말 힘들었어요... 지루하네여..;",
    "date": "07.09.04",
    "rating": "5",
    "author": "drd1****",
    "review_id": "2000949",
    "movie_id": "10702"
  },
  {
    "review": "영화 내내의 지루함을 참기 힘들었다.",
    "date": "07.08.22",
    "rating": "6",
    "author": "shh8****",
    "review_id": "1968612",
    "movie_id": "10702"
  },
  {
    "review": "허무함쓸쓸함 그렇게 끝이나긴했지만 행복하게 느껴지는 마지막",
    "date": "07.07.08",
    "rating": "10",
    "author": "cami****",
    "review_id": "1756773",
    "movie_id": "10702"
  },
  {
    "review": "원작과는 다른시선으로 만든 영화. 그들의 사랑살이가 가슴에 젖는다.",
    "date": "07.06.16",
    "rating": "9",
    "author": "rott****",
    "review_id": "1703961",
    "movie_id": "10702"
  },
  {
    "review": "다니엘 데이 루이스의 매력에 완전 정신이 혼미해진다. ㅠㅠ",
    "date": "07.06.13",
    "rating": "10",
    "author": "moon****",
    "review_id": "1699440",
    "movie_id": "10702"
  },
  {
    "review": "프라하의 봄에 묻히는 애정과 인생. 슬프고 매혹적이다!",
    "date": "07.06.12",
    "rating": "10",
    "author": "pant****",
    "review_id": "1697496",
    "movie_id": "10702"
  },
  {
    "review": "가볍게 날라가 버린 그들의 삶, 정말 매혹적이다.",
    "date": "07.05.05",
    "rating": "10",
    "author": "fait****",
    "review_id": "1620886",
    "movie_id": "10702"
  },
  {
    "review": "토마스 테레사 사비나  영화속에서는... 아무도 옳거나 틀리지 않다",
    "date": "07.04.01",
    "rating": "10",
    "author": "vust****",
    "review_id": "1566031",
    "movie_id": "10702"
  },
  {
    "review": "어떻게 이런 영화를 만들 수 있을까? 나도 만들고 싶다",
    "date": "07.03.27",
    "rating": "10",
    "author": "orso****",
    "review_id": "1557051",
    "movie_id": "10702"
  },
  {
    "review": "충분히 매혹적인 영화",
    "date": "07.03.02",
    "rating": "8",
    "author": "hide****",
    "review_id": "1512969",
    "movie_id": "10702"
  },
  {
    "review": "어렵다..참을 수 없는 존재의 가벼움..",
    "date": "07.03.01",
    "rating": "10",
    "author": "je48****",
    "review_id": "1511932",
    "movie_id": "10702"
  },
  {
    "review": "야나체크 현악 4중주 1번 톨스토이의 에 부쳐",
    "date": "06.11.25",
    "rating": "10",
    "author": "iren****",
    "review_id": "1250891",
    "movie_id": "10702"
  },
  {
    "review": "이 영화에 나오는 현악4중주 음악의 출처 아시는 분",
    "date": "06.11.15",
    "rating": "10",
    "author": "fj16****",
    "review_id": "1234168",
    "movie_id": "10702"
  },
  {
    "review": "내 생애 최고의 영화",
    "date": "06.10.24",
    "rating": "10",
    "author": "your****",
    "review_id": "1197075",
    "movie_id": "10702"
  },
  {
    "review": "영어제목보고 맥주는 빛나야한다, 곰은 가벼워야한다로 알았지",
    "date": "06.09.10",
    "rating": "10",
    "author": "saki****",
    "review_id": "1116016",
    "movie_id": "10702"
  },
  {
    "review": "책 만큼이나 재이있었던 정말 감동적인 영화",
    "date": "06.09.09",
    "rating": "10",
    "author": "hoon****",
    "review_id": "1112250",
    "movie_id": "10702"
  },
  {
    "review": "행복은 너무 비싼 대가가....",
    "date": "06.09.06",
    "rating": "10",
    "author": "krpa****",
    "review_id": "1108542",
    "movie_id": "10702"
  },
  {
    "review": "참을 수 없는 존재의 가벼움!",
    "date": "06.08.01",
    "rating": "9",
    "author": "leej****",
    "review_id": "951520",
    "movie_id": "10702"
  },
  {
    "review": "변화하는 세상 속에서 그렇게 살아가는 것이 인생의 한단면",
    "date": "06.07.31",
    "rating": "10",
    "author": "reki****",
    "review_id": "948890",
    "movie_id": "10702"
  },
  {
    "review": "존재의 여정, 가벼움과 무거움 속에서 찾아내는 사랑과 행복",
    "date": "06.06.25",
    "rating": "10",
    "author": "bree****",
    "review_id": "857023",
    "movie_id": "10702"
  },
  {
    "review": "가벼움의 미학. 다니엘-데이-루이스의 잊을 수 없는 눈빛",
    "date": "06.06.04",
    "rating": "10",
    "author": "dbdj****",
    "review_id": "831159",
    "movie_id": "10702"
  },
  {
    "review": "세상엔 절대 옳지 않은 것도 없고 절대 옳은 것도 없다.",
    "date": "06.01.17",
    "rating": "10",
    "author": "jc20****",
    "review_id": "594284",
    "movie_id": "10702"
  },
  {
    "review": "무거움과 가벼움, 선택은 당신의 것",
    "date": "05.12.18",
    "rating": "9",
    "author": "sogu****",
    "review_id": "511656",
    "movie_id": "10702"
  },
  {
    "review": "아~~ 별로다 오락성엔 비추!",
    "date": "05.10.20",
    "rating": "6",
    "author": "hiso****",
    "review_id": "448526",
    "movie_id": "10702"
  },
  {
    "review": "영화를 본 후의 이 감동, 이 여운을 어떻게 할 수가 없다.",
    "date": "05.07.02",
    "rating": "10",
    "author": "oran****",
    "review_id": "311046",
    "movie_id": "10702"
  },
  {
    "review": "감동 그자체",
    "date": "05.06.22",
    "rating": "10",
    "author": "mean****",
    "review_id": "304614",
    "movie_id": "10702"
  },
  {
    "review": "눈을 뗄 수 없는 영화. 사상과 인간에 관해 생각해보게 한다.",
    "date": "05.05.18",
    "rating": "10",
    "author": "ju79****",
    "review_id": "280202",
    "movie_id": "10702"
  },
  {
    "review": "재잘거리는듯한 일상의 무게로 철학을 이야기한다",
    "date": "05.04.07",
    "rating": "10",
    "author": "hiss****",
    "review_id": "255749",
    "movie_id": "10702"
  },
  {
    "review": "바람과 같이 가벼웠던 토마스를 잠재운 한 여자의 사랑..",
    "date": "05.02.23",
    "rating": "8",
    "author": "abag****",
    "review_id": "227957",
    "movie_id": "10702"
  },
  {
    "review": "영화는 우리에게 지독하게 매혹적으로 다가와서 물러난다..",
    "date": "05.02.13",
    "rating": "9",
    "author": "tjsd****",
    "review_id": "218702",
    "movie_id": "10702"
  },
  {
    "review": "괜찮은영화인것같습니다 강추입니다",
    "date": "05.01.29",
    "rating": "10",
    "author": "drea****",
    "review_id": "199477",
    "movie_id": "10702"
  },
  {
    "review": "지독히 매력적인 영화!! 프라하의 공기를 마시고 싶다.",
    "date": "04.12.28",
    "rating": "10",
    "author": "anna****",
    "review_id": "171571",
    "movie_id": "10702"
  },
  {
    "review": "삶은 봄의 향기마냥 짧고 지독하다,",
    "date": "04.11.14",
    "rating": "10",
    "author": "ipse****",
    "review_id": "146023",
    "movie_id": "10702"
  },
  {
    "review": "어렵지만...기억에 오래도록 남는 영화",
    "date": "04.10.16",
    "rating": "10",
    "author": "masw****",
    "review_id": "126609",
    "movie_id": "10702"
  },
  {
    "review": "토마스의 솜털같은 자유로움에 너무나 무거운 젤러시를 느낀다.",
    "date": "04.09.22",
    "rating": "9",
    "author": "6591****",
    "review_id": "112791",
    "movie_id": "10702"
  },
  {
    "review": "존재의 가벼움과 무거움이라...",
    "date": "04.09.22",
    "rating": "9",
    "author": "chki****",
    "review_id": "112662",
    "movie_id": "10702"
  },
  {
    "review": "원작은 아직 못 읽었지만 꼭 읽어보고 싶어지네요",
    "date": "04.09.19",
    "rating": "10",
    "author": "spri****",
    "review_id": "111052",
    "movie_id": "10702"
  },
  {
    "review": "원작을 읽고 봤더니 참 좋네요. 프라하 참 예뻐요. 줄리엣 비노쉬도^^",
    "date": "04.08.23",
    "rating": "10",
    "author": "estr****",
    "review_id": "95711",
    "movie_id": "10702"
  },
  {
    "review": "정말 잘만들었다.하지만, 원작을 읽어야만 이해할 수 있는 불친절함...",
    "date": "04.08.18",
    "rating": "9",
    "author": "99bl****",
    "review_id": "92582",
    "movie_id": "10702"
  },
  {
    "review": "참지 말고 느끼자",
    "date": "04.07.04",
    "rating": "10",
    "author": "dabb****",
    "review_id": "65123",
    "movie_id": "10702"
  },
  {
    "review": "참을수 없는 존재의 가벼움...이 읽고 싶어진다..",
    "date": "04.03.29",
    "rating": "10",
    "author": "icar****",
    "review_id": "32446",
    "movie_id": "10702"
  }
]