[
  {
    "review": "인간이 얼마나 잔인해질 수 있는가를 보여준 영화.. 우리가 아무런 생각없이 누리고 있는 이 문명이 얼마나 소중하고 필요한것인지 각성시켜 준다는 것만으로도 의미있는 영화가 아닐까?",
    "date": "15.07.04",
    "rating": "8",
    "author": "maxl****",
    "review_id": "10069499",
    "movie_id": "10708"
  },
  {
    "review": "공황상태는 집단을 지배하기위한 최고의 도구",
    "date": "15.04.25",
    "rating": "7",
    "author": "tipp****",
    "review_id": "9868015",
    "movie_id": "10708"
  },
  {
    "review": "내가 랄프였다면 칼 뺏기기 전에 잭 목아지 뜯어버릴텐데",
    "date": "15.01.11",
    "rating": "9",
    "author": "dwrk****",
    "review_id": "9582800",
    "movie_id": "10708"
  },
  {
    "review": "문명없는 고립된 공간에 남겨진 아이들이 어떻게 행동하고 선동될 수 있는지에 대해 보여주는 영화.",
    "date": "14.12.28",
    "rating": "7",
    "author": "floo****",
    "review_id": "9531898",
    "movie_id": "10708"
  },
  {
    "review": "집단의 어리석은 이기가 가져오는 잔혹함과 그에 맞서는 인간성을 지키는 자의 싸움",
    "date": "14.11.10",
    "rating": "9",
    "author": "radi****",
    "review_id": "9367036",
    "movie_id": "10708"
  },
  {
    "review": "이건 산호초 패러디 버전입니다. 산호초에서 서로 사이 좋았던 랠프와 잭은 적대 관계이며 작중에 산호초가 많이 언급 됩니다.",
    "date": "14.08.25",
    "rating": "8",
    "author": "rjse****",
    "review_id": "9133513",
    "movie_id": "10708"
  },
  {
    "review": "섬뜩하면서도 씁쓸한 영화",
    "date": "14.05.12",
    "rating": "9",
    "author": "sara****",
    "review_id": "8725030",
    "movie_id": "10708"
  },
  {
    "review": "원작이 너무 훌륭해서였을까? 25년전 작품이라는걸 고려하면 어느정도 웰메이드 무비라고 볼 수도 있겠지만 내가 느끼기엔 그냥 평작이었다",
    "date": "14.04.29",
    "rating": "7",
    "author": "dlwj****",
    "review_id": "8681221",
    "movie_id": "10708"
  },
  {
    "review": "컬러판을 구할 수 있는지..  소장 가치가 있다..",
    "date": "14.02.22",
    "rating": "10",
    "author": "sanh****",
    "review_id": "8528010",
    "movie_id": "10708"
  },
  {
    "review": "20년 넘은 영화지만  오래된 영화라고 믿기지 않을만큼 재미있게 보았다..인간의 나약함....하....",
    "date": "14.01.01",
    "rating": "8",
    "author": "lhj5****",
    "review_id": "8332170",
    "movie_id": "10708"
  },
  {
    "review": "초등학교때 본거 같은데 당시 비슷한 나이의 애들이 어른을 죽이는거 보고 충격받았던 기억이..",
    "date": "13.10.20",
    "rating": "8",
    "author": "extr****",
    "review_id": "8073300",
    "movie_id": "10708"
  },
  {
    "review": "이런 명작이 겨우 7점대인게 믿기지가 않는다. 이거 컬러판도 있으니 한번 꼭 봐보세요 많이 느끼는게 있음",
    "date": "13.07.24",
    "rating": "10",
    "author": "pose****",
    "review_id": "7781573",
    "movie_id": "10708"
  },
  {
    "review": "jack팀이 simon과 piggy를 죽였을때 진짜 야만인처럼 보였다는게 인상깊었다",
    "date": "13.05.19",
    "rating": "10",
    "author": "meek****",
    "review_id": "7542665",
    "movie_id": "10708"
  },
  {
    "review": "국가의 탄생.",
    "date": "13.04.30",
    "rating": "10",
    "author": "japa****",
    "review_id": "7494692",
    "movie_id": "10708"
  },
  {
    "review": "재밌다",
    "date": "13.03.01",
    "rating": "10",
    "author": "qkrc****",
    "review_id": "7312625",
    "movie_id": "10708"
  },
  {
    "review": "마지막이 인상깊었다",
    "date": "13.02.07",
    "rating": "10",
    "author": "gkgk****",
    "review_id": "7234446",
    "movie_id": "10708"
  },
  {
    "review": "어린파리대왕이 크면 무엇이 될까? 아이들이 주인공이라 해도 무서웠다광기가.",
    "date": "13.01.29",
    "rating": "9",
    "author": "cd26****",
    "review_id": "7193218",
    "movie_id": "10708"
  },
  {
    "review": "별로..",
    "date": "12.11.28",
    "rating": "5",
    "author": "lcm3****",
    "review_id": "6932596",
    "movie_id": "10708"
  },
  {
    "review": "지금 이 세상에도 수많은 파리대왕이 득시글거린다.  일부러 편을 가르고 가상의 몬스터를 만들어 보호해준다는 명목하에 겁을주고 복종하게 만든다. 근데 아이들만 욕할수 없는건 그들을 구하러온 군인들은 핵전쟁중이라는것이 반전",
    "date": "12.11.04",
    "rating": "8",
    "author": "danz****",
    "review_id": "6852049",
    "movie_id": "10708"
  },
  {
    "review": "우리가 이런상황에 직접 맞닿지않았다고 영화자체라고만 보기에는 아쉬움이남고 꼭 현실이라고 하기에도 아직 경험이 없기때문에 딱잘라말할순없었지만 여러 아이들의 생존 하는모습이 사람과 동물의 차이가 많지않다라고도 느껴지고 슬프면서도 뭔가 사실적으로 느껴졌다.",
    "date": "12.11.02",
    "rating": "8",
    "author": "shn0****",
    "review_id": "6843874",
    "movie_id": "10708"
  },
  {
    "review": "집단심리와 무질서 속에 어린 아이들이, 혹은 인간이 얼마나 악해질 수 있는지. 좋은 영화였지만 찝찝했다.",
    "date": "12.10.22",
    "rating": "8",
    "author": "haru****",
    "review_id": "6821499",
    "movie_id": "10708"
  },
  {
    "review": "좋은 영화....충격...그리고 슬픔...",
    "date": "12.10.06",
    "rating": "9",
    "author": "myun****",
    "review_id": "6765769",
    "movie_id": "10708"
  },
  {
    "review": "책은 모르겠는데 영화는 최악 그자체고 쓰레기다 무슨 감독도 개 OO같은 조무래기가 찍은 허접한 영화가지고 뭔가를 느꼈네 어쩌네 하는데 어이가 없다 백인 애새끼들이 장난이라는 명목으로 집단구성하고 누굴 죽이고 내용도 그딴거밖에 안나오고 그거에 대해",
    "date": "12.09.23",
    "rating": "2",
    "author": "isun****",
    "review_id": "6726192",
    "movie_id": "10708"
  },
  {
    "review": "애들끼리 편가르고죽이는거보면서 인간의 야만성에대해 깨달음을얻었냐? 개인적으로 최악의영화였음",
    "date": "12.09.07",
    "rating": "4",
    "author": "mkll****",
    "review_id": "6675479",
    "movie_id": "10708"
  },
  {
    "review": "무인도 얘기가 약했다...",
    "date": "12.07.06",
    "rating": "4",
    "author": "wodl****",
    "review_id": "6450430",
    "movie_id": "10708"
  },
  {
    "review": "자유를 얻으려는 자는 언제나 외롭다",
    "date": "12.04.27",
    "rating": "9",
    "author": "mins****",
    "review_id": "6248901",
    "movie_id": "10708"
  },
  {
    "review": "어른만이 아닌 세계에서도의 계속되는 보수",
    "date": "12.04.07",
    "rating": "7",
    "author": "hjj5****",
    "review_id": "6200111",
    "movie_id": "10708"
  },
  {
    "review": "대략 19년만에 다시보는데, 이런 의미가 있다니...",
    "date": "12.02.04",
    "rating": "9",
    "author": "pass****",
    "review_id": "6051609",
    "movie_id": "10708"
  },
  {
    "review": "아이는 어른 그 이상의 것을 잠재한다.",
    "date": "12.01.26",
    "rating": "7",
    "author": "algj****",
    "review_id": "6024177",
    "movie_id": "10708"
  },
  {
    "review": "명작입니다. 하지만 별을 한개 깎은 이유는, 책의 핵심내용을 너무 많이 생략했습니다",
    "date": "11.11.25",
    "rating": "8",
    "author": "rhee****",
    "review_id": "5869860",
    "movie_id": "10708"
  },
  {
    "review": "그저 그랬음..",
    "date": "11.10.21",
    "rating": "4",
    "author": "rand****",
    "review_id": "5799863",
    "movie_id": "10708"
  },
  {
    "review": "보기 메스껍다고 별점 깎을거면 애시당초 쓰질마라 잉여들아.",
    "date": "11.08.18",
    "rating": "8",
    "author": "gg39****",
    "review_id": "5667255",
    "movie_id": "10708"
  },
  {
    "review": "인간의 잔인함을 어떻게 해보여는지를 알게해줌.",
    "date": "11.08.13",
    "rating": "10",
    "author": "haha****",
    "review_id": "5645250",
    "movie_id": "10708"
  },
  {
    "review": "인간의 광기를 보여주는 영화",
    "date": "11.08.13",
    "rating": "10",
    "author": "nate****",
    "review_id": "5645248",
    "movie_id": "10708"
  },
  {
    "review": "판단력, 정신이 미숙한 어린애들이 통제가 없을때 어떻게 된다는걸 보여주는영화",
    "date": "11.08.05",
    "rating": "3",
    "author": "redo****",
    "review_id": "5604900",
    "movie_id": "10708"
  },
  {
    "review": "아이들은 어른들의 축소판이다.",
    "date": "11.07.25",
    "rating": "8",
    "author": "crys****",
    "review_id": "5569478",
    "movie_id": "10708"
  },
  {
    "review": "내가 국민학교6학년때 봤는데, 정말 감명깊은 영화였다. 저주받은 명작!",
    "date": "11.07.21",
    "rating": "10",
    "author": "m5zo****",
    "review_id": "5559641",
    "movie_id": "10708"
  },
  {
    "review": "소설의 일부분만 차용한 허접한 영화",
    "date": "11.07.18",
    "rating": "4",
    "author": "rnwl****",
    "review_id": "5553782",
    "movie_id": "10708"
  },
  {
    "review": "나름 몰입감있다",
    "date": "11.07.18",
    "rating": "10",
    "author": "virt****",
    "review_id": "5552582",
    "movie_id": "10708"
  },
  {
    "review": "애들은 순수하나, 그 '순수'가 곧 선은 아니다. 집단광기는 '순수악'을 낳는다.",
    "date": "11.05.29",
    "rating": "9",
    "author": "pwoo****",
    "review_id": "5454101",
    "movie_id": "10708"
  },
  {
    "review": "정신 이탈로 2명를 죽이고 한명을 죽이고  정신이 다시 돌아오는 영화",
    "date": "11.05.26",
    "rating": "1",
    "author": "ssd8****",
    "review_id": "5449999",
    "movie_id": "10708"
  },
  {
    "review": "병맛임그냥ㅋㅋ아진짜이거보고토나오는줄ㅋ애를창으로찔러죽이고큰돌로쳐죽이고 대박",
    "date": "11.05.17",
    "rating": "1",
    "author": "rabb****",
    "review_id": "5433294",
    "movie_id": "10708"
  },
  {
    "review": "그냥 애들이 날뛰는 걸로밖에 안보이는데.. 원작을 안봤기에 망정이지ㅋ",
    "date": "11.05.12",
    "rating": "5",
    "author": "swee****",
    "review_id": "5423887",
    "movie_id": "10708"
  },
  {
    "review": "90분동안 애새끼들 OO육갑 떠는거 견뎌낼 자신있는분만 보세요",
    "date": "11.03.17",
    "rating": "6",
    "author": "tops****",
    "review_id": "5319018",
    "movie_id": "10708"
  },
  {
    "review": "원작 소설한번 읽어 봐야겠다.",
    "date": "11.02.17",
    "rating": "8",
    "author": "akdl****",
    "review_id": "5249521",
    "movie_id": "10708"
  },
  {
    "review": "이런 미친...내 생애 최악의 영화/..이 거 보다가 정신병 걸릴것 같음...추천XXXX",
    "date": "11.02.13",
    "rating": "1",
    "author": "glad****",
    "review_id": "5240790",
    "movie_id": "10708"
  },
  {
    "review": "90년엔 재밌었겠지만 지금보면 짜증납니다.",
    "date": "11.02.12",
    "rating": "3",
    "author": "yunj****",
    "review_id": "5237277",
    "movie_id": "10708"
  },
  {
    "review": "옛다! 9점  작가에 의지가 영화로 충분히 전달됐다.",
    "date": "11.02.01",
    "rating": "9",
    "author": "wein****",
    "review_id": "5202985",
    "movie_id": "10708"
  },
  {
    "review": "로스트의검은연기보다 두려운인간내면의어두운모습들 jj는실은리메이크작가일뿐?!",
    "date": "11.01.30",
    "rating": "8",
    "author": "gene****",
    "review_id": "5197479",
    "movie_id": "10708"
  },
  {
    "review": "The end was very touching and summed it all up, without any words being spoken..",
    "date": "11.01.29",
    "rating": "8",
    "author": "mchy****",
    "review_id": "5192686",
    "movie_id": "10708"
  },
  {
    "review": "초등학교때 엄마가 빌려다준 비디오로 참 재밌게봤다. 아직도 기억에 남는다.",
    "date": "11.01.26",
    "rating": "10",
    "author": "rosy****",
    "review_id": "5184713",
    "movie_id": "10708"
  },
  {
    "review": "의외로 긴장감있네요",
    "date": "11.01.07",
    "rating": "7",
    "author": "2052****",
    "review_id": "5139010",
    "movie_id": "10708"
  },
  {
    "review": "좋은 소재를 조금 낭비한 듯하지만 아이러니한 결말이 맘에 들었다.",
    "date": "10.11.27",
    "rating": "6",
    "author": "cube****",
    "review_id": "4997926",
    "movie_id": "10708"
  },
  {
    "review": "볼 만하네 .. 두 번 볼 만큼 여운이 남는 건 아니지만 .. 강한 메시지다 .",
    "date": "10.11.23",
    "rating": "8",
    "author": "nadd****",
    "review_id": "4981883",
    "movie_id": "10708"
  },
  {
    "review": "너무나도 재밌었다.",
    "date": "10.11.02",
    "rating": "10",
    "author": "chsu****",
    "review_id": "4934861",
    "movie_id": "10708"
  },
  {
    "review": "애들이 미쳤다 -_-",
    "date": "10.10.28",
    "rating": "10",
    "author": "sund****",
    "review_id": "4924427",
    "movie_id": "10708"
  },
  {
    "review": "영화 그럭저럭.. 내가 재미있는 말 해드림 신발을",
    "date": "10.08.24",
    "rating": "7",
    "author": "seoj****",
    "review_id": "4789478",
    "movie_id": "10708"
  },
  {
    "review": "큰것을 보는 작은것의 두려움",
    "date": "10.08.08",
    "rating": "10",
    "author": "twin****",
    "review_id": "4722863",
    "movie_id": "10708"
  },
  {
    "review": "인간 내면에 잠재한 사악함과 욕심을 드러낸 작품",
    "date": "10.07.30",
    "rating": "8",
    "author": "pine****",
    "review_id": "4685810",
    "movie_id": "10708"
  },
  {
    "review": "사회규정이나법칙을잘이건재미보다우리의사회모습을더욱더살펴보아야하는영화",
    "date": "10.07.19",
    "rating": "10",
    "author": "jspl****",
    "review_id": "4652122",
    "movie_id": "10708"
  },
  {
    "review": "교훈적인 면은 있었지만 재미는 별로",
    "date": "10.07.17",
    "rating": "2",
    "author": "qudr****",
    "review_id": "4646400",
    "movie_id": "10708"
  },
  {
    "review": "인간본성은 그렇다치고, 영화적인 재미로만 봐도 걸작",
    "date": "10.06.28",
    "rating": "10",
    "author": "ccpk****",
    "review_id": "4596429",
    "movie_id": "10708"
  },
  {
    "review": "인간 본성에 대한 충격적이고 흥미진진한 영화",
    "date": "10.06.28",
    "rating": "10",
    "author": "rame****",
    "review_id": "4596427",
    "movie_id": "10708"
  },
  {
    "review": "고립되고 어린이들이라는 특수한 상황설정이지만, 그게 인간본성일까봐 무서움",
    "date": "10.06.28",
    "rating": "10",
    "author": "kpcc****",
    "review_id": "4596424",
    "movie_id": "10708"
  },
  {
    "review": "충분히 있을 수도 있...나???",
    "date": "10.05.06",
    "rating": "6",
    "author": "bbq2****",
    "review_id": "4482040",
    "movie_id": "10708"
  },
  {
    "review": "헐 이 주인공이 발타자게티였다니..귀여웠던 애가 커서 시에나 밀러랑 불륜이나 하고",
    "date": "10.04.22",
    "rating": "10",
    "author": "mcfl****",
    "review_id": "4448981",
    "movie_id": "10708"
  },
  {
    "review": "다시봐도 참 무섭다..충격적이다..근데 마지막이아쉽네.그후어찌됐는지나오면좋을텐데",
    "date": "10.04.17",
    "rating": "9",
    "author": "ggan****",
    "review_id": "4437720",
    "movie_id": "10708"
  },
  {
    "review": "이건 책으로 읽어도 정말 무서웠어요ㅠㅠ",
    "date": "10.04.07",
    "rating": "7",
    "author": "ermj****",
    "review_id": "4417637",
    "movie_id": "10708"
  },
  {
    "review": "왜 제목이 파리대왕이지????",
    "date": "10.03.20",
    "rating": "7",
    "author": "love****",
    "review_id": "4368299",
    "movie_id": "10708"
  },
  {
    "review": "영화를 본 뒤 충격에서 벗어나지 못했었다 ㅇㅅ ㅇ 최고의 영화! 원작도 훌륭!",
    "date": "10.03.17",
    "rating": "10",
    "author": "psyc****",
    "review_id": "4362753",
    "movie_id": "10708"
  },
  {
    "review": "책보단 덜하지만 영화도 최고였음. 정말 가슴에 교훈이 남는여화",
    "date": "10.03.06",
    "rating": "10",
    "author": "io67****",
    "review_id": "4339415",
    "movie_id": "10708"
  },
  {
    "review": "별로.",
    "date": "10.02.19",
    "rating": "3",
    "author": "elfm****",
    "review_id": "4299768",
    "movie_id": "10708"
  },
  {
    "review": "초딩때 봤던 영화 그때의 강렬한 기억이 아직까지 떠오른다 좋은영화",
    "date": "10.02.05",
    "rating": "10",
    "author": "jk60****",
    "review_id": "4248927",
    "movie_id": "10708"
  },
  {
    "review": "원작의 위대함을 벗어나지는 못한 그저그런 평작",
    "date": "09.11.09",
    "rating": "6",
    "author": "hjki****",
    "review_id": "3949366",
    "movie_id": "10708"
  },
  {
    "review": "어린나이에 EBS에서 방영한 것을 봤었지만 충격이였음",
    "date": "09.08.17",
    "rating": "10",
    "author": "redt****",
    "review_id": "3760192",
    "movie_id": "10708"
  },
  {
    "review": "윤리와 법이 소중하게 느껴지는 영화.. 그옛날 공자 맹자가 새롭게 느껴지는구나..",
    "date": "09.08.06",
    "rating": "7",
    "author": "fill****",
    "review_id": "3716343",
    "movie_id": "10708"
  },
  {
    "review": "원작에 너무 충실하지 못했다. 결말은 완전 다른것 뿐만아니라, 중간중간건너뛴게많다",
    "date": "09.07.22",
    "rating": "6",
    "author": "choo****",
    "review_id": "3657277",
    "movie_id": "10708"
  },
  {
    "review": "소설에 비해 너무 허접.. 영화란 장르의 장점을 살리지도 못함",
    "date": "09.07.12",
    "rating": "3",
    "author": "o_o5****",
    "review_id": "3625690",
    "movie_id": "10708"
  },
  {
    "review": "전달하고자 하는 의미는 알겠지만.. 연출력이 부족한가? 아이들의 연기력이 부족한가?",
    "date": "09.07.08",
    "rating": "6",
    "author": "shun****",
    "review_id": "3618761",
    "movie_id": "10708"
  },
  {
    "review": "나이어린 소년들의 광기여서 더 인간의 본능을 잘 보여준듯하다",
    "date": "09.07.07",
    "rating": "8",
    "author": "nala****",
    "review_id": "3616530",
    "movie_id": "10708"
  },
  {
    "review": "로스트의 잭은 착한데..",
    "date": "09.07.05",
    "rating": "10",
    "author": "slug****",
    "review_id": "3611605",
    "movie_id": "10708"
  },
  {
    "review": "인간은본능본성잔인하다무인도에갇인아색히들2팀으로나뉘지만1팀을괴롭힌다",
    "date": "09.06.29",
    "rating": "5",
    "author": "gkst****",
    "review_id": "3601098",
    "movie_id": "10708"
  },
  {
    "review": "이렇게 잔인할 줄이야..ㅠㅠ 아직도 무섭다..",
    "date": "09.05.25",
    "rating": "8",
    "author": "sdh1****",
    "review_id": "3520571",
    "movie_id": "10708"
  },
  {
    "review": "쇼킹 쇼킹",
    "date": "09.05.24",
    "rating": "7",
    "author": "kcch****",
    "review_id": "3518076",
    "movie_id": "10708"
  },
  {
    "review": "무서운 인간의 본성, 법질서, 공권력의 중요성을 보여주는거 같기도......",
    "date": "09.05.18",
    "rating": "7",
    "author": "iss2****",
    "review_id": "3504085",
    "movie_id": "10708"
  },
  {
    "review": "나도 행정학과 사회학개론 시간에 봤는데 ㅋ",
    "date": "09.05.16",
    "rating": "10",
    "author": "0695****",
    "review_id": "3498315",
    "movie_id": "10708"
  },
  {
    "review": "행정학과(야)시간 단국대에서 보았음. 최고였음.",
    "date": "09.05.15",
    "rating": "10",
    "author": "yfas****",
    "review_id": "3497648",
    "movie_id": "10708"
  },
  {
    "review": "15소년 표류기의 어두운..아니 현실적인 버전",
    "date": "09.02.26",
    "rating": "10",
    "author": "luvb****",
    "review_id": "3333623",
    "movie_id": "10708"
  },
  {
    "review": "무서운 아이들",
    "date": "09.02.16",
    "rating": "7",
    "author": "cles****",
    "review_id": "3307817",
    "movie_id": "10708"
  },
  {
    "review": "인간의 본성을 제대로 다룬 영화.",
    "date": "09.02.03",
    "rating": "8",
    "author": "leh0****",
    "review_id": "3274083",
    "movie_id": "10708"
  },
  {
    "review": "다좋은데왜여자가없어",
    "date": "09.01.27",
    "rating": "9",
    "author": "imit****",
    "review_id": "3254444",
    "movie_id": "10708"
  },
  {
    "review": "이전 버전이 더 낫지만 이 작품도 수준급",
    "date": "09.01.12",
    "rating": "7",
    "author": "ysuh****",
    "review_id": "3216278",
    "movie_id": "10708"
  },
  {
    "review": "초딩들은 무섭군요.",
    "date": "09.01.05",
    "rating": "6",
    "author": "diri****",
    "review_id": "3195362",
    "movie_id": "10708"
  },
  {
    "review": "역시 인간이란 존재는 무섭다...",
    "date": "09.01.02",
    "rating": "8",
    "author": "seag****",
    "review_id": "3177160",
    "movie_id": "10708"
  },
  {
    "review": "유명한거라 책도 읽어보고 영화도 봤지만 좀 시간 아까웠음-_-;;",
    "date": "08.12.16",
    "rating": "7",
    "author": "top7****",
    "review_id": "3121180",
    "movie_id": "10708"
  },
  {
    "review": "볼만하다..",
    "date": "08.11.20",
    "rating": "10",
    "author": "2001****",
    "review_id": "3061047",
    "movie_id": "10708"
  },
  {
    "review": "초딩때 봤지만 마음에 남는 영화였다.인간의 본성의 무서움을 보여준다.",
    "date": "08.11.11",
    "rating": "9",
    "author": "slal****",
    "review_id": "3045428",
    "movie_id": "10708"
  },
  {
    "review": "인간은 답이 없는 존재.. 원작을 접해보고 싶다.",
    "date": "08.11.08",
    "rating": "9",
    "author": "dudv****",
    "review_id": "3039553",
    "movie_id": "10708"
  },
  {
    "review": "생존법칙의 원천을 보여준다",
    "date": "08.11.02",
    "rating": "8",
    "author": "dhtn****",
    "review_id": "3031795",
    "movie_id": "10708"
  },
  {
    "review": "무섭고 혼란스러움",
    "date": "08.10.20",
    "rating": "8",
    "author": "qkrt****",
    "review_id": "3009884",
    "movie_id": "10708"
  }
]