[
  {
    "review": "명배우셨던 말론 브란도님 조차도 살리기 힘든 몹시 이상한 영화",
    "date": "15.08.27",
    "rating": "7",
    "author": "sund****",
    "review_id": "10278080",
    "movie_id": "10701"
  },
  {
    "review": "70년대는 이렇게 사랑했나 보다",
    "date": "15.08.13",
    "rating": "7",
    "author": "tom1****",
    "review_id": "10223932",
    "movie_id": "10701"
  },
  {
    "review": "세련된 연출과 노련한 말론브란도 그리고 순진한 마리아슈나이더의 고독한 서사시",
    "date": "15.06.08",
    "rating": "8",
    "author": "pink****",
    "review_id": "9985132",
    "movie_id": "10701"
  },
  {
    "review": "파리에서의 마지막 탱고..",
    "date": "15.05.30",
    "rating": "6",
    "author": "alem****",
    "review_id": "9963828",
    "movie_id": "10701"
  },
  {
    "review": "결혼이라는 사회적 통념을 생각하는 순간 사랑은 사라진다. 진정한 사랑은 아무런 조건 없이 이름을 모르고도 같이 있고 싶은 것",
    "date": "15.03.08",
    "rating": "10",
    "author": "sunw****",
    "review_id": "9767331",
    "movie_id": "10701"
  },
  {
    "review": "현대인의 욕망과 고독, 관계와 소통에 관해 말하는 감각적인 영화.",
    "date": "15.02.07",
    "rating": "7",
    "author": "sipj****",
    "review_id": "9675744",
    "movie_id": "10701"
  },
  {
    "review": "이 영화에서 말론 브란도의 연기를 보고나서 어떤 누구도 브란도보다 연기를 잘할수있는 배우를 못찾겠다. 아니  어떤배우도 브란도 성님앞에선 어린아이에 불과하며 만족스럽지 못할것같다.",
    "date": "13.12.02",
    "rating": "9",
    "author": "neoi****",
    "review_id": "8184609",
    "movie_id": "10701"
  },
  {
    "review": "개봉당시 줄서서 필름으로 접했던 때는 \"이게 뭐야?\"했지만 현대인들의 지독한 고독을 강렬하게 그린 작품으로 기억한다",
    "date": "13.09.10",
    "rating": "7",
    "author": "lees****",
    "review_id": "7963912",
    "movie_id": "10701"
  },
  {
    "review": "당대 최고스타였던 말론브란도 아니었으면 그냥 3류에로물로 묻힐 영화. 허무에 휩싸인 초라한 중년이 모습을 완벽히 표현한 말론 브란도의 공허한 눈빛은 오래도록 기억에 남는다. 말론브란도 때문에 영화도 살고 마리아 슈나이더의 도발적매력도 같이 살았다.",
    "date": "13.07.09",
    "rating": "7",
    "author": "kjc7****",
    "review_id": "7719827",
    "movie_id": "10701"
  },
  {
    "review": "강렬하다",
    "date": "13.05.24",
    "rating": "10",
    "author": "chem****",
    "review_id": "7551311",
    "movie_id": "10701"
  },
  {
    "review": "고독한 자여. 그대를 위한 쉼터는 없으리니..",
    "date": "13.05.22",
    "rating": "9",
    "author": "pont****",
    "review_id": "7546949",
    "movie_id": "10701"
  },
  {
    "review": "지루했다. 갈수록 폴은 미친사람같았고 처음만났는데 갑자기 ㅅㅅ하는것도 이상했다. 사랑한다하면서 이제 끝내자고 하고 점점 이해가 안갔다. 여주인공이 갓 20살에 뭘하는지 모르고 찍었다는데 나중에 후회했다고 들었다.  감독의 의도를 잘 모르겠다",
    "date": "12.11.28",
    "rating": "7",
    "author": "dwc0****",
    "review_id": "6932577",
    "movie_id": "10701"
  },
  {
    "review": "그는 아내 장래식을 치르기 전까지는 자신에 대해 말하려 하지 않았던 것으로 보인다. 그 이후 여자를 잡아보려하지만 이미 집착이였던 것.. 말론 브란도가 대부랑 같은해 공개한 작품이란게 신기하다",
    "date": "12.09.21",
    "rating": "7",
    "author": "danz****",
    "review_id": "6716635",
    "movie_id": "10701"
  },
  {
    "review": "사랑에 대해서 알고 싶나? 이 작품에 모든것이 담겨 있다.",
    "date": "12.09.14",
    "rating": "10",
    "author": "rd72****",
    "review_id": "6697854",
    "movie_id": "10701"
  },
  {
    "review": "현대사회의 자기중심성과 관계 상실을 잘 보여주는 70년대 영화.",
    "date": "12.07.20",
    "rating": "9",
    "author": "5292****",
    "review_id": "6498896",
    "movie_id": "10701"
  },
  {
    "review": "결국에 결혼은 현실이고, 사회규범의 하나.욕망엔 익명의 사람과도 사랑하고 싶다는..",
    "date": "12.04.20",
    "rating": "8",
    "author": "ninj****",
    "review_id": "6235316",
    "movie_id": "10701"
  },
  {
    "review": "이토록 세련되고 솔직한 영화를 만나기란 쉽지 않은 것이다",
    "date": "12.03.06",
    "rating": "10",
    "author": "scol****",
    "review_id": "6126330",
    "movie_id": "10701"
  },
  {
    "review": "초중반은 지루했지만 후반부는 좋았음",
    "date": "12.02.12",
    "rating": "8",
    "author": "figh****",
    "review_id": "6070072",
    "movie_id": "10701"
  },
  {
    "review": "알고 싶은 게 많다..",
    "date": "12.01.02",
    "rating": "8",
    "author": "smil****",
    "review_id": "5953854",
    "movie_id": "10701"
  },
  {
    "review": "아 이런 영화를 만들고 싶어..... 말론 브란도.....",
    "date": "11.08.02",
    "rating": "9",
    "author": "gsm1****",
    "review_id": "5590866",
    "movie_id": "10701"
  },
  {
    "review": "예술도외설도아니었다,마지막컷전까진/절망이커서절망할수없는남자기꺼이놀아나던여자",
    "date": "11.06.21",
    "rating": "9",
    "author": "mida****",
    "review_id": "5491393",
    "movie_id": "10701"
  },
  {
    "review": "가식없이 편안하지만 지독하게 외롭고 쓸쓸한 영화... 명작의 기품이 살아있다.",
    "date": "11.02.24",
    "rating": "10",
    "author": "fubu****",
    "review_id": "5272116",
    "movie_id": "10701"
  },
  {
    "review": "파리에서의 마지막 탱고 선율.",
    "date": "10.07.12",
    "rating": "8",
    "author": "hhel****",
    "review_id": "4634066",
    "movie_id": "10701"
  },
  {
    "review": "필사적인 몸부림이 이런 식으로 나오는구나.",
    "date": "10.06.21",
    "rating": "7",
    "author": "psyc****",
    "review_id": "4581973",
    "movie_id": "10701"
  },
  {
    "review": "대부도 72년 작인데..대부의 말론 브란도완 전혀 다른 사람이네..역시 명배우",
    "date": "10.06.10",
    "rating": "8",
    "author": "come****",
    "review_id": "4556264",
    "movie_id": "10701"
  },
  {
    "review": "나에겐 명작이 아닌 그저 인간의 탐욕만 표현한 기분좋지 않은 영화였다.",
    "date": "10.05.28",
    "rating": "7",
    "author": "iod2****",
    "review_id": "4528635",
    "movie_id": "10701"
  },
  {
    "review": "힘들게 봤다",
    "date": "10.04.02",
    "rating": "5",
    "author": "yuye****",
    "review_id": "4403841",
    "movie_id": "10701"
  },
  {
    "review": "좋은 음악만으로도 이 영화는 볼만하다 .",
    "date": "10.04.01",
    "rating": "5",
    "author": "evil****",
    "review_id": "4403230",
    "movie_id": "10701"
  },
  {
    "review": "이런걸 명작이라고 하는 자들의 두뇌구조를 알고싶다.",
    "date": "10.01.26",
    "rating": "3",
    "author": "jjyn****",
    "review_id": "4210876",
    "movie_id": "10701"
  },
  {
    "review": "돈 콜레오네의 고독감이 나를 짖누른다",
    "date": "10.01.07",
    "rating": "8",
    "author": "tjsd****",
    "review_id": "4146074",
    "movie_id": "10701"
  },
  {
    "review": "지독하고 처절한 탱고선율 같은 욕망,,,",
    "date": "09.11.24",
    "rating": "9",
    "author": "lyk8****",
    "review_id": "3988304",
    "movie_id": "10701"
  },
  {
    "review": "...후... 이건 최고다",
    "date": "09.11.03",
    "rating": "10",
    "author": "hart****",
    "review_id": "3935389",
    "movie_id": "10701"
  },
  {
    "review": "지루하다,감독이자신의예술관을드러내는건좋지만나하곤맞지않았다.",
    "date": "09.10.29",
    "rating": "4",
    "author": "yuri****",
    "review_id": "3923774",
    "movie_id": "10701"
  },
  {
    "review": "깊고 진했다",
    "date": "09.08.05",
    "rating": "8",
    "author": "jmp0****",
    "review_id": "3712797",
    "movie_id": "10701"
  },
  {
    "review": "영감이랑동거진실로결혼하자니깐여잔거부를한다여자의변태적성격털뭉치는머야",
    "date": "09.07.27",
    "rating": "7",
    "author": "zzzo****",
    "review_id": "3671733",
    "movie_id": "10701"
  },
  {
    "review": "글쎄.. 이런 종류의 명작을 모두 좋아할 수는 없지..",
    "date": "09.04.01",
    "rating": "6",
    "author": "kusa****",
    "review_id": "3399874",
    "movie_id": "10701"
  },
  {
    "review": "욕망만 쫒다보면 언젠가는 추락하게 되있다....",
    "date": "09.02.02",
    "rating": "7",
    "author": "hide****",
    "review_id": "3273024",
    "movie_id": "10701"
  },
  {
    "review": "우리는 이름 없이 사랑할 수 있나요?",
    "date": "09.02.02",
    "rating": "9",
    "author": "8eun****",
    "review_id": "3271481",
    "movie_id": "10701"
  },
  {
    "review": "난 좀 그러네",
    "date": "09.01.31",
    "rating": "5",
    "author": "love****",
    "review_id": "3266659",
    "movie_id": "10701"
  },
  {
    "review": "너무나도 유명한 작품 아주 아주 늦게 보았는데 그렇게 감흥이 없었다",
    "date": "09.01.30",
    "rating": "2",
    "author": "deff****",
    "review_id": "3264514",
    "movie_id": "10701"
  },
  {
    "review": "고독과 관능, 그 종점을 우아하게 표현해내는 베르나르도 베로톨루치",
    "date": "08.03.01",
    "rating": "8",
    "author": "ghdl****",
    "review_id": "2496296",
    "movie_id": "10701"
  },
  {
    "review": "누구도이해못할무엇으로도채워지지않을 지독한절대고독.인정하기싫지만외롭다",
    "date": "07.11.03",
    "rating": "8",
    "author": "kuic****",
    "review_id": "2130422",
    "movie_id": "10701"
  },
  {
    "review": "말론 브란도의 겉멋이 전부인 영화인데... 껌붙이고 죽는 건 기억에 남는다.",
    "date": "07.10.08",
    "rating": "6",
    "author": "comb****",
    "review_id": "2079334",
    "movie_id": "10701"
  },
  {
    "review": "과대평가 받은 영화",
    "date": "07.10.06",
    "rating": "6",
    "author": "cine****",
    "review_id": "2073945",
    "movie_id": "10701"
  },
  {
    "review": "영상미는 뛰어나지만, 하나하나 계산된 동작이 좀 인위적으로 느껴진다...",
    "date": "07.09.18",
    "rating": "8",
    "author": "tjmr****",
    "review_id": "2028824",
    "movie_id": "10701"
  },
  {
    "review": "인정하는 영상의 미학",
    "date": "07.08.13",
    "rating": "10",
    "author": "ecli****",
    "review_id": "1932411",
    "movie_id": "10701"
  },
  {
    "review": "30년간 파격적인 영화가 하도 나와서 뭐..",
    "date": "07.08.13",
    "rating": "5",
    "author": "cjw2****",
    "review_id": "1930635",
    "movie_id": "10701"
  },
  {
    "review": "결국 필요에 의해서 서로 만난.. 욕구해소용, 외로움해소용...",
    "date": "07.08.09",
    "rating": "8",
    "author": "asun****",
    "review_id": "1908869",
    "movie_id": "10701"
  },
  {
    "review": "전에 얼핏 본 기억... 그러나 한 장면이 아직도 잊혀지지 않는다.",
    "date": "07.08.01",
    "rating": "6",
    "author": "hamo****",
    "review_id": "1838679",
    "movie_id": "10701"
  },
  {
    "review": "냉장고 안의 버터만 보면 무작정 따라하고 싶어진다 푸하하",
    "date": "07.07.24",
    "rating": "10",
    "author": "baks****",
    "review_id": "1804505",
    "movie_id": "10701"
  },
  {
    "review": "공감은 하지 않는다. 그러나 고독에서 우러나온 그의 행동은 이해가 간다",
    "date": "07.07.17",
    "rating": "9",
    "author": "skcl****",
    "review_id": "1784875",
    "movie_id": "10701"
  },
  {
    "review": "고독한건 알겠는데...... 어쩌라고?",
    "date": "07.07.12",
    "rating": "3",
    "author": "shh8****",
    "review_id": "1770014",
    "movie_id": "10701"
  },
  {
    "review": "명작이지만 사실 잘 이해가지 않는 감정표현들..",
    "date": "07.06.24",
    "rating": "8",
    "author": "mana****",
    "review_id": "1717969",
    "movie_id": "10701"
  },
  {
    "review": "Bravo",
    "date": "07.06.24",
    "rating": "10",
    "author": "flyn****",
    "review_id": "1717743",
    "movie_id": "10701"
  },
  {
    "review": "연출의 절도와 변주를 보라. 지루할지언정 끝까지보게 하잖냐! [8.8점]",
    "date": "07.05.26",
    "rating": "8",
    "author": "west****",
    "review_id": "1661949",
    "movie_id": "10701"
  },
  {
    "review": "채워질 수 없는 외롭고 우울함..",
    "date": "07.05.04",
    "rating": "10",
    "author": "kool****",
    "review_id": "1618934",
    "movie_id": "10701"
  },
  {
    "review": "소외와 고독을 벗기위한 그들만의 바디랭귀지",
    "date": "07.03.29",
    "rating": "8",
    "author": "yana****",
    "review_id": "1560607",
    "movie_id": "10701"
  },
  {
    "review": "다소 변태적인 행위들... 그 이상의 특별함은 없다.",
    "date": "07.03.17",
    "rating": "5",
    "author": "caca****",
    "review_id": "1538641",
    "movie_id": "10701"
  },
  {
    "review": "불후의 명작이란 칭호는 괜히 달리는게 아니다...",
    "date": "07.02.08",
    "rating": "10",
    "author": "take****",
    "review_id": "1452428",
    "movie_id": "10701"
  },
  {
    "review": "좋구만,, 평점에 인색하군...",
    "date": "07.01.18",
    "rating": "10",
    "author": "juno****",
    "review_id": "1394944",
    "movie_id": "10701"
  },
  {
    "review": "명작",
    "date": "06.12.24",
    "rating": "10",
    "author": "zeed****",
    "review_id": "1322589",
    "movie_id": "10701"
  },
  {
    "review": "길이남을수작.하지만 과대포장된것도 부인할 수없다",
    "date": "06.12.01",
    "rating": "8",
    "author": "naeg****",
    "review_id": "1260798",
    "movie_id": "10701"
  },
  {
    "review": "자유에 대한 갈망... 잔느 넌 나와같은 겁쟁이구나",
    "date": "06.08.31",
    "rating": "10",
    "author": "bben****",
    "review_id": "1092656",
    "movie_id": "10701"
  },
  {
    "review": "끝까지 쓸쓸함이 느껴지는 명작..",
    "date": "06.08.06",
    "rating": "10",
    "author": "cree****",
    "review_id": "978198",
    "movie_id": "10701"
  },
  {
    "review": "강렬하다... 그리고 마음이 아프다..",
    "date": "06.07.27",
    "rating": "10",
    "author": "shal****",
    "review_id": "928838",
    "movie_id": "10701"
  },
  {
    "review": "지독한사치로서의고독.치명적인,혹은와닿지않는.",
    "date": "06.06.16",
    "rating": "9",
    "author": "seig****",
    "review_id": "846142",
    "movie_id": "10701"
  },
  {
    "review": "만약 사람에게 이름이 없다면? 아마 영리한 짐승일 뿐이지않을까",
    "date": "06.06.08",
    "rating": "8",
    "author": "jals****",
    "review_id": "836402",
    "movie_id": "10701"
  },
  {
    "review": "이해불능...몇번더볼까?",
    "date": "06.05.06",
    "rating": "7",
    "author": "pooh****",
    "review_id": "789811",
    "movie_id": "10701"
  },
  {
    "review": "글쎄 왜 가슴에 남지는 않는걸까..",
    "date": "06.02.22",
    "rating": "7",
    "author": "juli****",
    "review_id": "685112",
    "movie_id": "10701"
  },
  {
    "review": "말론 브란도는 연기의 신이다 광기어리다",
    "date": "06.02.02",
    "rating": "6",
    "author": "okjo****",
    "review_id": "642975",
    "movie_id": "10701"
  },
  {
    "review": "쓸쓸함, 외로움, 공허감, 그리고 두려움....",
    "date": "06.01.03",
    "rating": "10",
    "author": "oran****",
    "review_id": "555451",
    "movie_id": "10701"
  },
  {
    "review": "전혀 이해할 수 없는..",
    "date": "05.11.12",
    "rating": "5",
    "author": "ilov****",
    "review_id": "472167",
    "movie_id": "10701"
  },
  {
    "review": "거장감독이라지만..도무지 느껴지지 않는영화..몇번더 볼까?",
    "date": "05.09.16",
    "rating": "7",
    "author": "faye****",
    "review_id": "407213",
    "movie_id": "10701"
  },
  {
    "review": "변태적이지만 이런명작, 베르나르도와 말론이 있었기에 가능했다",
    "date": "05.05.26",
    "rating": "9",
    "author": "si2p****",
    "review_id": "286805",
    "movie_id": "10701"
  },
  {
    "review": "어디선가.. 탱고가 들려온다..",
    "date": "05.04.16",
    "rating": "10",
    "author": "ange****",
    "review_id": "260541",
    "movie_id": "10701"
  },
  {
    "review": "현대인의 고독과 감수성을 육체적언어로 표현한 명작..",
    "date": "05.03.30",
    "rating": "10",
    "author": "sexy****",
    "review_id": "249907",
    "movie_id": "10701"
  },
  {
    "review": "묘한 매력이 있는 영화. 아마 오래 남을 거 같다.",
    "date": "05.03.13",
    "rating": "9",
    "author": "ima7****",
    "review_id": "240543",
    "movie_id": "10701"
  },
  {
    "review": "지독하게 고독한 한 남자.. 그리고 그를 사랑한 한 여자..",
    "date": "05.02.23",
    "rating": "6",
    "author": "abag****",
    "review_id": "227931",
    "movie_id": "10701"
  },
  {
    "review": "재미있게 봤다^^",
    "date": "04.11.26",
    "rating": "9",
    "author": "arie****",
    "review_id": "152009",
    "movie_id": "10701"
  },
  {
    "review": "아프겠다....많이...",
    "date": "04.10.10",
    "rating": "10",
    "author": "klux****",
    "review_id": "123514",
    "movie_id": "10701"
  },
  {
    "review": "말이 필요없는 명작",
    "date": "04.10.06",
    "rating": "10",
    "author": "mkyu****",
    "review_id": "121351",
    "movie_id": "10701"
  },
  {
    "review": "사랑...",
    "date": "04.08.15",
    "rating": "10",
    "author": "gimu****",
    "review_id": "90719",
    "movie_id": "10701"
  },
  {
    "review": "기대했는데 별로 야하지도 않아서 실망",
    "date": "04.07.07",
    "rating": "6",
    "author": "muro****",
    "review_id": "66512",
    "movie_id": "10701"
  },
  {
    "review": "인간의고독이 치밀하고도 ..적나라하다 .. 말론브란도는 역시 명배우",
    "date": "04.05.20",
    "rating": "9",
    "author": "junh****",
    "review_id": "44214",
    "movie_id": "10701"
  },
  {
    "review": "이해되지 않는 영화",
    "date": "04.02.16",
    "rating": "7",
    "author": "jeeb****",
    "review_id": "20682",
    "movie_id": "10701"
  },
  {
    "review": "적나라한 쓸쓸함을 느끼게 했던 영화. 인간은 영원히 고독하다",
    "date": "04.02.15",
    "rating": "9",
    "author": "hadl****",
    "review_id": "20389",
    "movie_id": "10701"
  }
]