[
  {
    "review": "이거 옛날에 비디오로 빌려보고 웃겨 죽는 줄 알았다.. 애마부인 세 자매라니..ㅎㅎ",
    "date": "10.08.14",
    "rating": "1",
    "author": "mygr****",
    "review_id": "4744600",
    "movie_id": "10714"
  },
  {
    "review": "4,5,6대가 모두 나와버려는군 뭐 독고영재를 보고 인정하자",
    "date": "10.06.04",
    "rating": "2",
    "author": "deff****",
    "review_id": "4544900",
    "movie_id": "10714"
  },
  {
    "review": "독고영재의출연에 의의가 있다",
    "date": "08.12.01",
    "rating": "3",
    "author": "wood****",
    "review_id": "3085211",
    "movie_id": "10714"
  },
  {
    "review": "여배우 하나로는 부족한... 삼류배우였음을 제작자가 인정한...",
    "date": "07.01.28",
    "rating": "1",
    "author": "cmh4****",
    "review_id": "1420278",
    "movie_id": "10714"
  },
  {
    "review": "새로운 배우를 썼다면",
    "date": "06.08.04",
    "rating": "7",
    "author": "zeed****",
    "review_id": "967732",
    "movie_id": "10714"
  }
]