[
  {
    "review": "산만하여 집중이 안된다.",
    "date": "15.03.16",
    "rating": "3",
    "author": "bbq2****",
    "review_id": "9788134",
    "movie_id": "10716"
  },
  {
    "review": "비디오테잎이 늘어날때까지봤던영화",
    "date": "14.11.08",
    "rating": "10",
    "author": "sobo****",
    "review_id": "9354184",
    "movie_id": "10716"
  },
  {
    "review": "최고의 영화 한번씩 꺼내보는 영화",
    "date": "14.05.21",
    "rating": "10",
    "author": "flym****",
    "review_id": "8751820",
    "movie_id": "10716"
  },
  {
    "review": "그대들 모두 주인공입니다.",
    "date": "14.04.25",
    "rating": "8",
    "author": "izzo****",
    "review_id": "8672079",
    "movie_id": "10716"
  },
  {
    "review": "한정된 시간과 공간이란 제한속에서 영화 곳곳에 배치된 인상적인 거울을 통한 효과나 조명, 카메라움직임 그리고 흥겨운 음악과 안무 마지막으로 각자의 사연등... 엔딩씬의 가득 메운 화면 만큼 영화도 군더더기없이 알찬느낌이다",
    "date": "14.02.08",
    "rating": "10",
    "author": "wjsr****",
    "review_id": "8488114",
    "movie_id": "10716"
  },
  {
    "review": "감각적이고 화려하지만, 쓴맛과 긴장도 감추고 있어 좋은 느낌마지막 엔딩은 압권",
    "date": "13.03.10",
    "rating": "8",
    "author": "tscm****",
    "review_id": "7336589",
    "movie_id": "10716"
  },
  {
    "review": "등장인물 모두 매력적이고 각자 사연도 잘표현되고 흥거운 멜로디, 좋은 뮤지컬 영화",
    "date": "13.01.08",
    "rating": "10",
    "author": "mepi****",
    "review_id": "7092861",
    "movie_id": "10716"
  },
  {
    "review": "최고의 뮤지컬 영화. 춤을 추거나, 좋아하는 사람들은 꼭 보시길.",
    "date": "12.10.08",
    "rating": "10",
    "author": "rrom****",
    "review_id": "6772215",
    "movie_id": "10716"
  },
  {
    "review": "좋아요",
    "date": "12.05.28",
    "rating": "8",
    "author": "bri2****",
    "review_id": "6341013",
    "movie_id": "10716"
  },
  {
    "review": "무대가 끝난 후 가슴이 더욱 뛰는 영화.  One의 가사 하나하나가 기억에 남아요 ~",
    "date": "12.03.20",
    "rating": "10",
    "author": "yunj****",
    "review_id": "6156428",
    "movie_id": "10716"
  },
  {
    "review": "동작하나하나가 정말열정이넘치고 멋졌다, 대박..보는내내 감탄사만나오는듯..",
    "date": "11.04.16",
    "rating": "10",
    "author": "11wh****",
    "review_id": "5376265",
    "movie_id": "10716"
  },
  {
    "review": "Can't Stop Dreaming",
    "date": "10.12.26",
    "rating": "10",
    "author": "anti****",
    "review_id": "5086072",
    "movie_id": "10716"
  },
  {
    "review": "뮤지컬배우를 꿈꾸는 사람으로써 정말 가슴에 와닿은 얘기, 정말 사랑하는 영화 !!!!!",
    "date": "10.09.19",
    "rating": "10",
    "author": "qord****",
    "review_id": "4848239",
    "movie_id": "10716"
  },
  {
    "review": "스타를 꿈꾸며 스타를 노래하는 자기인생의 스타들",
    "date": "09.03.20",
    "rating": "4",
    "author": "nala****",
    "review_id": "3376285",
    "movie_id": "10716"
  },
  {
    "review": "내러티브가 뭐가 그리 중요한가. 그저 춤과 노래를 즐겨라.",
    "date": "08.08.08",
    "rating": "7",
    "author": "movi****",
    "review_id": "2850891",
    "movie_id": "10716"
  },
  {
    "review": "이게 진짜 춤",
    "date": "08.07.03",
    "rating": "10",
    "author": "cyo_****",
    "review_id": "2737997",
    "movie_id": "10716"
  },
  {
    "review": "시간이 정신없이 흘러가네... 굿굿굿굿!!!!",
    "date": "08.01.09",
    "rating": "10",
    "author": "kmhh****",
    "review_id": "2310047",
    "movie_id": "10716"
  },
  {
    "review": "영화를 통째로 테이프에 녹음을 해서 듣고 다녔던 영화..",
    "date": "07.12.12",
    "rating": "10",
    "author": "soon****",
    "review_id": "2225390",
    "movie_id": "10716"
  },
  {
    "review": "심장을 뛰게 하는 영화~! 음악, 춤, 무대...멋진 극본",
    "date": "07.11.04",
    "rating": "10",
    "author": "iamg****",
    "review_id": "2133480",
    "movie_id": "10716"
  },
  {
    "review": "볼만한데",
    "date": "06.12.12",
    "rating": "9",
    "author": "zeed****",
    "review_id": "1286137",
    "movie_id": "10716"
  },
  {
    "review": "점점 흥미진진해지는 지원자들의 인생얘기",
    "date": "06.09.19",
    "rating": "8",
    "author": "seun****",
    "review_id": "1132335",
    "movie_id": "10716"
  },
  {
    "review": "Tits and Ass? 저것도 몸뚱아리라고... 1점 감점.",
    "date": "06.05.16",
    "rating": "9",
    "author": "comb****",
    "review_id": "802034",
    "movie_id": "10716"
  },
  {
    "review": "50번은 봤다.  봐도봐도 재미있다.",
    "date": "06.04.19",
    "rating": "10",
    "author": "aria****",
    "review_id": "768023",
    "movie_id": "10716"
  },
  {
    "review": "최고예요.최고!",
    "date": "06.04.11",
    "rating": "10",
    "author": "star****",
    "review_id": "757470",
    "movie_id": "10716"
  },
  {
    "review": "어쩨서 이영화 평가한사람이 10대가 많아; 보고 평가한거 맞나?",
    "date": "06.04.08",
    "rating": "9",
    "author": "meca****",
    "review_id": "753518",
    "movie_id": "10716"
  },
  {
    "review": "오질나게 춤만 쳐대는구나..",
    "date": "06.03.25",
    "rating": "7",
    "author": "scal****",
    "review_id": "733882",
    "movie_id": "10716"
  },
  {
    "review": "최고였는데..",
    "date": "05.11.19",
    "rating": "10",
    "author": "skfi****",
    "review_id": "478146",
    "movie_id": "10716"
  },
  {
    "review": "9점을 줘도 아깝지 않다",
    "date": "05.09.02",
    "rating": "9",
    "author": "mbsm****",
    "review_id": "390890",
    "movie_id": "10716"
  },
  {
    "review": "쓰레기같은이라니..?내용은 별로라도 볼거리 하나만은 끝내줬다.",
    "date": "05.04.02",
    "rating": "9",
    "author": "kida****",
    "review_id": "251624",
    "movie_id": "10716"
  },
  {
    "review": "잼없다? 하긴 보는 사람마다 기준이 다르니까",
    "date": "05.01.25",
    "rating": "10",
    "author": "soli****",
    "review_id": "195283",
    "movie_id": "10716"
  },
  {
    "review": "별로 재미 없었다.. 근데 밑에사람이 1점줘서 난 쪼금 더 줄란다",
    "date": "04.11.10",
    "rating": "8",
    "author": "spri****",
    "review_id": "143479",
    "movie_id": "10716"
  },
  {
    "review": "쓰레기 같은 마이오니즘 적인 영화..이런 영화는 양키 밖에 못 만든다.",
    "date": "04.11.08",
    "rating": "1",
    "author": "kill****",
    "review_id": "141881",
    "movie_id": "10716"
  },
  {
    "review": "110분간의 춤과 노래의 향연..극장에서 보지 못한것이 안타까울뿐..!!",
    "date": "04.09.26",
    "rating": "9",
    "author": "pepo****",
    "review_id": "114613",
    "movie_id": "10716"
  },
  {
    "review": "좋은영화",
    "date": "04.04.10",
    "rating": "10",
    "author": "calr****",
    "review_id": "35579",
    "movie_id": "10716"
  },
  {
    "review": "인간의 삶과 내면에 대한 개성을 너무 잘 표현했다고 느껴요",
    "date": "04.04.08",
    "rating": "9",
    "author": "mags****",
    "review_id": "35025",
    "movie_id": "10716"
  }
]