[
  {
    "review": "말하고 하는거 안나오는데 왠 애마",
    "date": "10.07.25",
    "rating": "10",
    "author": "pado****",
    "review_id": "4669265",
    "movie_id": "10712"
  },
  {
    "review": "이제는 이것도 막 가기 시작하는구나",
    "date": "10.06.03",
    "rating": "2",
    "author": "deff****",
    "review_id": "4543098",
    "movie_id": "10712"
  },
  {
    "review": "원조 애마부인을 모독하는 완벽한 쓰레기..",
    "date": "10.05.09",
    "rating": "1",
    "author": "mygr****",
    "review_id": "4487924",
    "movie_id": "10712"
  },
  {
    "review": "고등학교때 반에 떠돌던 걸 빌려봤음. 아마 보고 쳤을 것임.",
    "date": "08.09.21",
    "rating": "1",
    "author": "bepl****",
    "review_id": "2961459",
    "movie_id": "10712"
  },
  {
    "review": "정인엽이 떠난 삼류 애로영화.",
    "date": "07.01.28",
    "rating": "1",
    "author": "cmh4****",
    "review_id": "1420271",
    "movie_id": "10712"
  },
  {
    "review": "이번 배우는 그저 그랬는데",
    "date": "06.08.04",
    "rating": "7",
    "author": "zeed****",
    "review_id": "967725",
    "movie_id": "10712"
  }
]