[
  {
    "review": "재미없는건 사실, 그렇지만 지루하지는 않았다",
    "date": "15.08.13",
    "rating": "5",
    "author": "jsga****",
    "review_id": "10222453",
    "movie_id": "10718"
  },
  {
    "review": "월 스트리트에 대한 조소가 게코이즘으로 돌아온 시대의 아이러니.",
    "date": "15.05.12",
    "rating": "6",
    "author": "psbo****",
    "review_id": "9912136",
    "movie_id": "10718"
  },
  {
    "review": "남자들 이라면 불끈불끈 하지 않겠는가",
    "date": "15.02.25",
    "rating": "8",
    "author": "ujum****",
    "review_id": "9735789",
    "movie_id": "10718"
  },
  {
    "review": "도입부의 플라이미투더문이 인상적이었고 뉴욕을 너무나 가고 싶게 만들어줬던 영화. 마지막 비오는 센트럴 파크의 신이 너무 멋있었다.",
    "date": "15.02.16",
    "rating": "8",
    "author": "gold****",
    "review_id": "9703832",
    "movie_id": "10718"
  },
  {
    "review": "버드폭스가 2에서는 악인이더만 1에서는 헐~~~~.3나오면 샘이 악인으로 나올까?",
    "date": "14.12.27",
    "rating": "6",
    "author": "xscr****",
    "review_id": "9526518",
    "movie_id": "10718"
  },
  {
    "review": "더 이상 말이 필요없다. 이 영화를 보고 내 인생을 증권가로  전환하게 만드영화이니...",
    "date": "14.09.25",
    "rating": "10",
    "author": "0176****",
    "review_id": "9240103",
    "movie_id": "10718"
  },
  {
    "review": "영화시장에 새로운 분야를 제시한 영화",
    "date": "14.09.04",
    "rating": "10",
    "author": "gch0****",
    "review_id": "9166851",
    "movie_id": "10718"
  },
  {
    "review": "자신의 주식 기법보다 단순 흥신소적인 행태로 돈을 버는 장면만 나와서 썩...",
    "date": "14.08.17",
    "rating": "5",
    "author": "jiyu****",
    "review_id": "9104162",
    "movie_id": "10718"
  },
  {
    "review": "찰리쉰의 연기가 엉성하고 연출이나 편집이 지금의 시각에서 보면 어딘가 부족하다. 하지만 고든게코 역을 맡은 마이클 더글라스의 연기가 이 모든 단점을 보완했다.",
    "date": "14.07.07",
    "rating": "10",
    "author": "wjrh****",
    "review_id": "8893391",
    "movie_id": "10718"
  },
  {
    "review": "27년전 영화. 시간은 흘렀지만 사람의 본성은 바뀌지 않았다. 부자가 되고 싶은 열망을 가진 모든 사람들의 말초신경을 자극해왔을 영화. 이 영화의 아류는 이 영화 이후에 엄청나게 쏟아졌다. 그 중 성공한 영화는 최근에 개봉한 울프 오브 더 월스트리트.",
    "date": "14.02.07",
    "rating": "10",
    "author": "sh87****",
    "review_id": "8483287",
    "movie_id": "10718"
  },
  {
    "review": "마이클 더글라스의 명연기...진짜 말하는거 하나하나 다 명대사네..;",
    "date": "13.11.12",
    "rating": "8",
    "author": "do11****",
    "review_id": "8133352",
    "movie_id": "10718"
  },
  {
    "review": "델타제지 대주주로서의 연설 中.. 명대사들이 기억에 남는 영화Money never sleeps",
    "date": "13.11.04",
    "rating": "10",
    "author": "afri****",
    "review_id": "8114461",
    "movie_id": "10718"
  },
  {
    "review": "8.3 매우 실용적인 영화. 새삼 정보의 중요성을 일깨워주고, 주식은 단지 돈 벌기 위한 수단이 아닌 나라를 살리고 기업을 살리고 한 사람을 살릴 수 있다는 결국 나까지도 살린다. 는 깊은 뜻이 있는 영화.",
    "date": "13.08.29",
    "rating": "8",
    "author": "eoas****",
    "review_id": "7930744",
    "movie_id": "10718"
  },
  {
    "review": "재밌네요. 찰리쉰...",
    "date": "13.05.25",
    "rating": "10",
    "author": "j2w0****",
    "review_id": "7553369",
    "movie_id": "10718"
  },
  {
    "review": "타블로이드가 이걸보고 경제학공부를 했다고하는 전설의영화! ㅋㅋㅋㅋ 어떻게 이걸보고 경제학을 배울수있지?",
    "date": "13.04.27",
    "rating": "10",
    "author": "heal****",
    "review_id": "7488557",
    "movie_id": "10718"
  },
  {
    "review": "돈 놓고 돈 먹는 게임은 시대가 변해도 변하지 않는다. 월 스트리트를 흥미롭게 있는 그대로 보여주는 걸작품.",
    "date": "13.04.07",
    "rating": "10",
    "author": "kimg****",
    "review_id": "7441800",
    "movie_id": "10718"
  },
  {
    "review": "탐욕스런 게코의 명대사들이 기억에 남는 영화. 미국은 민주주의가 아닌 자유주의 시장일 뿐 이라는  일갈.",
    "date": "13.04.07",
    "rating": "8",
    "author": "mrle****",
    "review_id": "7441600",
    "movie_id": "10718"
  },
  {
    "review": "아주 묵직하진  않지만 재미와 의미를 모두 살리려 그런대로 애썼다.",
    "date": "13.04.07",
    "rating": "6",
    "author": "hadl****",
    "review_id": "7441105",
    "movie_id": "10718"
  },
  {
    "review": "무려 25년 전 영화고, 재밌다. 당시의 인물과 사회가 참 지금의 그것과도 닮았다. 어쩜 그렇게도 똑같나. 늘어지는 삶에서 각성하게 만드는 몇몇장면과 타짜의 연상케하는 결말. 돈으로 꾸려지는 세상에서 (망하기 전의)마이클처럼살아봐야되는데.",
    "date": "13.04.07",
    "rating": "8",
    "author": "lyk0****",
    "review_id": "7440533",
    "movie_id": "10718"
  },
  {
    "review": "스타일 떨어진다는 걸로 영화자체 퀄리티를 논할수 없는 작품이다.경제와 주식에 대한 지식이 없는데 매카니즘의 일부를  알았다.",
    "date": "13.04.07",
    "rating": "10",
    "author": "love****",
    "review_id": "7440428",
    "movie_id": "10718"
  },
  {
    "review": "Greed, for lack of a better word, is good.",
    "date": "12.09.18",
    "rating": "10",
    "author": "youe****",
    "review_id": "6711861",
    "movie_id": "10718"
  },
  {
    "review": "결국 정의는 승리한다는 헐리우드의 눈속임",
    "date": "12.08.21",
    "rating": "6",
    "author": "rd72****",
    "review_id": "6631734",
    "movie_id": "10718"
  },
  {
    "review": "옛날 영화는 재미 없네요",
    "date": "12.06.27",
    "rating": "5",
    "author": "rule****",
    "review_id": "6419241",
    "movie_id": "10718"
  },
  {
    "review": "돈에 대한 순수하고도 위험한 욕망. 그 욕망에 잠식되거나 벗어나거나.",
    "date": "12.06.23",
    "rating": "8",
    "author": "seiz****",
    "review_id": "6411108",
    "movie_id": "10718"
  },
  {
    "review": "불쌍한 개미들..",
    "date": "12.06.15",
    "rating": "8",
    "author": "tn99****",
    "review_id": "6392666",
    "movie_id": "10718"
  },
  {
    "review": "구관이 명관.",
    "date": "12.05.14",
    "rating": "9",
    "author": "daft****",
    "review_id": "6298829",
    "movie_id": "10718"
  },
  {
    "review": "Greed is good...",
    "date": "12.04.12",
    "rating": "8",
    "author": "arti****",
    "review_id": "6212967",
    "movie_id": "10718"
  },
  {
    "review": "8.8 정도는 되야지",
    "date": "12.01.11",
    "rating": "10",
    "author": "gkfl****",
    "review_id": "5978701",
    "movie_id": "10718"
  },
  {
    "review": "80년대 영화이지마나 지금 미국이 망해가고 있는 이유를 적나라하게 보여준다.",
    "date": "11.11.18",
    "rating": "9",
    "author": "fire****",
    "review_id": "5855711",
    "movie_id": "10718"
  },
  {
    "review": "굿",
    "date": "11.05.07",
    "rating": "10",
    "author": "mink****",
    "review_id": "5411778",
    "movie_id": "10718"
  },
  {
    "review": "월스트리트2보단 100배 재밌다..",
    "date": "11.05.06",
    "rating": "10",
    "author": "dird****",
    "review_id": "5410875",
    "movie_id": "10718"
  },
  {
    "review": "매혹적이며 치명적인 세계. 월가는 지금도 현재진행중이다. 돈은 잠들지 않는 법.",
    "date": "11.04.07",
    "rating": "7",
    "author": "cksn****",
    "review_id": "5358707",
    "movie_id": "10718"
  },
  {
    "review": "명감독, 명배우에 평이 좋아 많이 기대했지만 주식시장 영화치고 스토리가 너무 단순",
    "date": "11.04.06",
    "rating": "7",
    "author": "yaso****",
    "review_id": "5358417",
    "movie_id": "10718"
  },
  {
    "review": "역시월스트리트.흥미로운소재.whoami?.난gecko가 되고싶다.재미있다.",
    "date": "11.02.05",
    "rating": "10",
    "author": "zang****",
    "review_id": "5218401",
    "movie_id": "10718"
  },
  {
    "review": "준수한 주식 영화.",
    "date": "11.01.24",
    "rating": "8",
    "author": "dlwo****",
    "review_id": "5180375",
    "movie_id": "10718"
  },
  {
    "review": "감추어져 있는 냉정한 세계를 잘 표현해낸 영화..",
    "date": "11.01.21",
    "rating": "7",
    "author": "blue****",
    "review_id": "5174216",
    "movie_id": "10718"
  },
  {
    "review": "착하게 살자",
    "date": "10.11.30",
    "rating": "7",
    "author": "jjog****",
    "review_id": "5010695",
    "movie_id": "10718"
  },
  {
    "review": "경제영화 치고 선방한 느낌. 재미와 깊이의 비율을 적절하게 배분한 것 같다..",
    "date": "10.11.21",
    "rating": "7",
    "author": "imf0****",
    "review_id": "4977056",
    "movie_id": "10718"
  },
  {
    "review": "시각과 음향과 내용이 금융이라는 지루함을 깨버리는군요",
    "date": "10.11.07",
    "rating": "6",
    "author": "hjj5****",
    "review_id": "4943694",
    "movie_id": "10718"
  },
  {
    "review": "자본주의의 빛과 그늘..",
    "date": "10.11.02",
    "rating": "8",
    "author": "hdso****",
    "review_id": "4934869",
    "movie_id": "10718"
  },
  {
    "review": "찰리쉰 여태껏 코믹배우로 알고 있었는데 까리한데요? ㄷㄷ",
    "date": "10.10.31",
    "rating": "10",
    "author": "chul****",
    "review_id": "4930132",
    "movie_id": "10718"
  },
  {
    "review": "말이 필요없음.!",
    "date": "10.10.30",
    "rating": "10",
    "author": "pass****",
    "review_id": "4927669",
    "movie_id": "10718"
  },
  {
    "review": "자본주의의 추악한 뒷모습과 인간의 욕망에 대한 냉소적인 시선을 보내다.",
    "date": "10.10.26",
    "rating": "9",
    "author": "evil****",
    "review_id": "4922995",
    "movie_id": "10718"
  },
  {
    "review": "탐욕은.... 결국 나쁜거네",
    "date": "10.10.25",
    "rating": "8",
    "author": "nwit****",
    "review_id": "4920974",
    "movie_id": "10718"
  },
  {
    "review": "금융 관련 영화중 지금까지도 전설로 남아있는 작품",
    "date": "10.10.24",
    "rating": "9",
    "author": "gall****",
    "review_id": "4919890",
    "movie_id": "10718"
  },
  {
    "review": "자본주의하에서 탐욕의 정당성을 논한 게코의 연설이 기억난다",
    "date": "10.10.24",
    "rating": "7",
    "author": "agp0****",
    "review_id": "4918169",
    "movie_id": "10718"
  },
  {
    "review": "꽤 재밋엇다.배경음이 강렬하지않은게ㅠ근데후속작이왜23년후에나오는지알겟다",
    "date": "10.10.23",
    "rating": "8",
    "author": "ghrj****",
    "review_id": "4916893",
    "movie_id": "10718"
  },
  {
    "review": "증권 시장을 소재로 이렇게나 재밌게 만드는게 전성기 시절 스톤",
    "date": "10.10.23",
    "rating": "9",
    "author": "csw8****",
    "review_id": "4916538",
    "movie_id": "10718"
  },
  {
    "review": "증권사 다니는 나로는.. 이것만큼 현실적이고 와닿는 주식영화가 없음",
    "date": "10.10.22",
    "rating": "10",
    "author": "muwo****",
    "review_id": "4916086",
    "movie_id": "10718"
  },
  {
    "review": "금융관련영화중 가장 현실적이고 잘 만든 영화",
    "date": "10.10.22",
    "rating": "10",
    "author": "jyka****",
    "review_id": "4915612",
    "movie_id": "10718"
  },
  {
    "review": "아니 이것은 타블로님께서 경제학을 깨우치실 때 보셨다는 그 영화!",
    "date": "10.10.22",
    "rating": "10",
    "author": "dili****",
    "review_id": "4915419",
    "movie_id": "10718"
  },
  {
    "review": "BUD FOX : WHO  AM  I  ???",
    "date": "10.10.15",
    "rating": "10",
    "author": "kwbh****",
    "review_id": "4904286",
    "movie_id": "10718"
  },
  {
    "review": "돈나고 사람났나, 사람나고 돈났지",
    "date": "10.10.04",
    "rating": "8",
    "author": "asun****",
    "review_id": "4885388",
    "movie_id": "10718"
  },
  {
    "review": "지금 봐도 재미있는 영화.",
    "date": "10.10.04",
    "rating": "10",
    "author": "left****",
    "review_id": "4885350",
    "movie_id": "10718"
  },
  {
    "review": "오래된 영화지만 전혀 지루하지 않음 이런게 잘 만들어진 영화",
    "date": "10.09.26",
    "rating": "7",
    "author": "frie****",
    "review_id": "4869486",
    "movie_id": "10718"
  },
  {
    "review": "그당시는 정말 재밌었겠지만, 지금보기는 식상한.. X86컴퓨터 ^^;;",
    "date": "10.08.26",
    "rating": "7",
    "author": "inte****",
    "review_id": "4794660",
    "movie_id": "10718"
  },
  {
    "review": "스톤의 감각적인 연출력과 악마적인 연기력의 더글라스의 문제작!",
    "date": "10.07.23",
    "rating": "8",
    "author": "si2p****",
    "review_id": "4663642",
    "movie_id": "10718"
  },
  {
    "review": "재밌음.. 정말 시간 가는 줄 모르고 봤습니다",
    "date": "10.06.19",
    "rating": "8",
    "author": "rosl****",
    "review_id": "4575209",
    "movie_id": "10718"
  },
  {
    "review": "Greed is good. 이 한 마디가 머리를 떠나지 않는다",
    "date": "10.06.10",
    "rating": "9",
    "author": "mt_p****",
    "review_id": "4557039",
    "movie_id": "10718"
  },
  {
    "review": "쉰 부자와 더글라스 열연이 인상적이고 잘 만든 각본도 오랜 세월에 변색되지 않았다",
    "date": "10.05.06",
    "rating": "10",
    "author": "jnlu****",
    "review_id": "4482144",
    "movie_id": "10718"
  },
  {
    "review": "잘짜여진 각본의 드라마. 재미로 보기엔 딱",
    "date": "10.04.29",
    "rating": "7",
    "author": "de_m****",
    "review_id": "4463564",
    "movie_id": "10718"
  },
  {
    "review": "와! 수작이다",
    "date": "10.03.14",
    "rating": "10",
    "author": "whdt****",
    "review_id": "4355547",
    "movie_id": "10718"
  },
  {
    "review": "명배우 명감독이 만들어낸 대단한 수작!! 꼭 보세요.",
    "date": "10.03.13",
    "rating": "10",
    "author": "grac****",
    "review_id": "4355288",
    "movie_id": "10718"
  },
  {
    "review": "80년대 영화이지만 신선했다. 시간을 거슬러 올라간 느낌. 올해 나올 속편 기대된다.",
    "date": "10.03.06",
    "rating": "10",
    "author": "ing_****",
    "review_id": "4338947",
    "movie_id": "10718"
  },
  {
    "review": "머리 검은 동물은 거두는게 아니니라.. 결국 뒤통수 때리게 되있거든..",
    "date": "10.01.04",
    "rating": "10",
    "author": "sung****",
    "review_id": "4134602",
    "movie_id": "10718"
  },
  {
    "review": "음악이 엄청 촌스러운게 향수를 불러 일으키네",
    "date": "09.12.27",
    "rating": "6",
    "author": "bbq2****",
    "review_id": "4094663",
    "movie_id": "10718"
  },
  {
    "review": "좋은 영화였다. 많은도움이되었다.",
    "date": "09.11.01",
    "rating": "10",
    "author": "audr****",
    "review_id": "3930273",
    "movie_id": "10718"
  },
  {
    "review": "재미있게 봤습니다.",
    "date": "09.10.30",
    "rating": "8",
    "author": "dmsr****",
    "review_id": "3925457",
    "movie_id": "10718"
  },
  {
    "review": "증권가에서 성공하고 싶어하는 젊은이의 고뇌를 그린 스톤감독의 작품 괜찮았다!",
    "date": "09.09.25",
    "rating": "7",
    "author": "thra****",
    "review_id": "3848927",
    "movie_id": "10718"
  },
  {
    "review": "전체적으론 깔끔하지만, 도시 이야기임에도 세련되게 만들지 못한게 흠",
    "date": "09.07.20",
    "rating": "6",
    "author": "hjki****",
    "review_id": "3651786",
    "movie_id": "10718"
  },
  {
    "review": "20년전 월가의 배경 . 유익한 영화다",
    "date": "09.02.18",
    "rating": "10",
    "author": "tjdr****",
    "review_id": "3314123",
    "movie_id": "10718"
  },
  {
    "review": "유명한 감독 배우들의 명 연기로 비지니스 세계를 아주 적나라하게 보연준 수작",
    "date": "08.12.01",
    "rating": "8",
    "author": "deff****",
    "review_id": "3083371",
    "movie_id": "10718"
  },
  {
    "review": "지름길은 없다.",
    "date": "08.11.28",
    "rating": "9",
    "author": "tops****",
    "review_id": "3077006",
    "movie_id": "10718"
  },
  {
    "review": "지루하고 불쾌하다..경제공부하는사람한테는도움될 듯..",
    "date": "08.08.27",
    "rating": "5",
    "author": "drag****",
    "review_id": "2906162",
    "movie_id": "10718"
  },
  {
    "review": "음.. 꽤 괞찮은 영화.. 교훈적인 주식영화.",
    "date": "08.08.22",
    "rating": "9",
    "author": "pola****",
    "review_id": "2895249",
    "movie_id": "10718"
  },
  {
    "review": "주식시장에 관한 최고의 영화",
    "date": "08.08.01",
    "rating": "8",
    "author": "noxp****",
    "review_id": "2822684",
    "movie_id": "10718"
  },
  {
    "review": "마이클 더글러스 너무 멋있어,연기도 잘하구.. 각본이 더 치밀했으면 아쉽네",
    "date": "08.07.22",
    "rating": "10",
    "author": "tumm****",
    "review_id": "2791702",
    "movie_id": "10718"
  },
  {
    "review": "보일러룸과 함께 몇안되는 증권관련 영화의 대표작",
    "date": "08.07.19",
    "rating": "10",
    "author": "soli****",
    "review_id": "2781264",
    "movie_id": "10718"
  },
  {
    "review": "교훈적인영화 마이클더글라스의 악역 제대로다",
    "date": "08.07.10",
    "rating": "10",
    "author": "dj16****",
    "review_id": "2752445",
    "movie_id": "10718"
  },
  {
    "review": "옛날영화지만....탄탄한 구성...좋아요....",
    "date": "08.03.16",
    "rating": "8",
    "author": "jjos****",
    "review_id": "2524991",
    "movie_id": "10718"
  },
  {
    "review": "오래됐지만 다시봐도 잘만든 영화다  요즘보다 80년대 영화가 명작이많다",
    "date": "08.03.16",
    "rating": "10",
    "author": "dwte****",
    "review_id": "2524169",
    "movie_id": "10718"
  },
  {
    "review": "8점을 바칩니다.",
    "date": "08.03.16",
    "rating": "8",
    "author": "tubt****",
    "review_id": "2524100",
    "movie_id": "10718"
  },
  {
    "review": "올리버스톤영화치곤 교훈적인 영화, 주식트레이딩 재밌음",
    "date": "08.01.07",
    "rating": "8",
    "author": "ador****",
    "review_id": "2304012",
    "movie_id": "10718"
  },
  {
    "review": "볼만하다. 주식에 관심있는 분이라면 심심풀이로 보셈",
    "date": "08.01.03",
    "rating": "10",
    "author": "drog****",
    "review_id": "2294429",
    "movie_id": "10718"
  },
  {
    "review": "볼만은 했는데 어딘가 쫌..",
    "date": "07.12.12",
    "rating": "8",
    "author": "coll****",
    "review_id": "2225866",
    "movie_id": "10718"
  },
  {
    "review": "내 가슴속 열정을 다시 한번 느끼게 했다.",
    "date": "07.11.12",
    "rating": "10",
    "author": "cold****",
    "review_id": "2146644",
    "movie_id": "10718"
  },
  {
    "review": "완전한 졸작....할 말이 없음.-_-",
    "date": "07.11.02",
    "rating": "1",
    "author": "hydr****",
    "review_id": "2128418",
    "movie_id": "10718"
  },
  {
    "review": "올리버 스톤의 전성기에는 이런 영화도 통했다",
    "date": "07.09.04",
    "rating": "8",
    "author": "scri****",
    "review_id": "2001347",
    "movie_id": "10718"
  },
  {
    "review": "소재는 좋았는데.. 대중의 이해를 배려하지 못했다.",
    "date": "07.08.16",
    "rating": "7",
    "author": "ldgu****",
    "review_id": "1944595",
    "movie_id": "10718"
  },
  {
    "review": "기대안하고 봤는데 잼있게 봄~",
    "date": "07.07.21",
    "rating": "8",
    "author": "naeg****",
    "review_id": "1796119",
    "movie_id": "10718"
  },
  {
    "review": "20년이 지난 지금봐도 참 많은것을 말해주는 영화",
    "date": "07.07.14",
    "rating": "9",
    "author": "nala****",
    "review_id": "1773527",
    "movie_id": "10718"
  },
  {
    "review": "참 잔인한 영화",
    "date": "07.04.24",
    "rating": "10",
    "author": "yags****",
    "review_id": "1604217",
    "movie_id": "10718"
  },
  {
    "review": "돈벌고 싶다",
    "date": "07.04.20",
    "rating": "10",
    "author": "harr****",
    "review_id": "1596718",
    "movie_id": "10718"
  },
  {
    "review": "더글라스의 카리스마가 돋보였던.",
    "date": "07.04.03",
    "rating": "8",
    "author": "seun****",
    "review_id": "1570242",
    "movie_id": "10718"
  },
  {
    "review": "자본주의 사회의 단면...",
    "date": "07.02.12",
    "rating": "7",
    "author": "hope****",
    "review_id": "1466528",
    "movie_id": "10718"
  },
  {
    "review": "생산적인 일을 해라!!!",
    "date": "07.02.09",
    "rating": "8",
    "author": "dark****",
    "review_id": "1457632",
    "movie_id": "10718"
  },
  {
    "review": "경제학의 기본을 조금 알게되엇다.",
    "date": "07.02.04",
    "rating": "9",
    "author": "myfl****",
    "review_id": "1442987",
    "movie_id": "10718"
  },
  {
    "review": "9점이지만 더클라스 팬으로서 10점 준다",
    "date": "06.10.29",
    "rating": "10",
    "author": "wide****",
    "review_id": "1204573",
    "movie_id": "10718"
  },
  {
    "review": "마이클 더글라스 생애 최고의 명연.. 제발 돌아가다오",
    "date": "06.10.16",
    "rating": "9",
    "author": "cat1****",
    "review_id": "1183887",
    "movie_id": "10718"
  },
  {
    "review": "비즈니스게의 냉정함..초심..많은걸 깨닫게 해주는영화..",
    "date": "06.08.31",
    "rating": "10",
    "author": "jaux****",
    "review_id": "1091263",
    "movie_id": "10718"
  }
]