[
  {
    "review": "원편의 이미지를 다 깍아먹는 구나...",
    "date": "10.07.11",
    "rating": "5",
    "author": "evbw****",
    "review_id": "4629321",
    "movie_id": "10713"
  },
  {
    "review": "석도원이 바통을 이어받은 후부터의 '애마'는 그저 발정난 암캐에 불과하다",
    "date": "10.06.29",
    "rating": "1",
    "author": "mygr****",
    "review_id": "4598419",
    "movie_id": "10713"
  },
  {
    "review": "갈수록 가관이구나 말만 나오면 다냐",
    "date": "10.06.04",
    "rating": "1",
    "author": "deff****",
    "review_id": "4544896",
    "movie_id": "10713"
  },
  {
    "review": "김호진씨 실망입니다...(0점은 없나?)",
    "date": "07.03.21",
    "rating": "1",
    "author": "vip4****",
    "review_id": "1546739",
    "movie_id": "10713"
  },
  {
    "review": "생각없는 저질 애로영화",
    "date": "07.01.28",
    "rating": "1",
    "author": "cmh4****",
    "review_id": "1420272",
    "movie_id": "10713"
  },
  {
    "review": "시리즈가 거듭될수록 스토리는 나아지지 않는다",
    "date": "06.08.04",
    "rating": "7",
    "author": "zeed****",
    "review_id": "967730",
    "movie_id": "10713"
  }
]