[
  {
    "review": "내가 찾는 곳이 파리 아니면 텍사스 아니면 그대라니",
    "date": "15.06.08",
    "rating": "10",
    "author": "hwr0****",
    "review_id": "9984331",
    "movie_id": "10710"
  },
  {
    "review": "친구가 추천해줘서보긴봤는데 이야기가 그렇게 마음에 와닿진않았다 .시간여유롭다하신분들 한번 보시면 좋을듯",
    "date": "15.05.13",
    "rating": "7",
    "author": "mond****",
    "review_id": "9914114",
    "movie_id": "10710"
  },
  {
    "review": "오직 세월많이 이 영화를 이해할수 있겠네요",
    "date": "15.02.08",
    "rating": "10",
    "author": "jwyo****",
    "review_id": "9679324",
    "movie_id": "10710"
  },
  {
    "review": "로드무비로도..,,.",
    "date": "14.11.25",
    "rating": "10",
    "author": "mool****",
    "review_id": "9421985",
    "movie_id": "10710"
  },
  {
    "review": "내 생의 최고의 명작!! 강추합니다",
    "date": "14.10.21",
    "rating": "10",
    "author": "ggog****",
    "review_id": "9305955",
    "movie_id": "10710"
  },
  {
    "review": "처음부터 끝까지 지루하지않고 마지막결말까지 모두 다 마음에드네요",
    "date": "14.09.10",
    "rating": "10",
    "author": "gjy1****",
    "review_id": "9201440",
    "movie_id": "10710"
  },
  {
    "review": "재미있고재미있고재미있어",
    "date": "14.06.02",
    "rating": "10",
    "author": "hi00****",
    "review_id": "8788379",
    "movie_id": "10710"
  },
  {
    "review": "어머니, 모든 사람에게 죽는 순간까지 마음의 안식처가 되는 곳.",
    "date": "14.05.13",
    "rating": "10",
    "author": "skku****",
    "review_id": "8727261",
    "movie_id": "10710"
  },
  {
    "review": "피는 물보다 진하다지만 그동안 키워주신 삼촌댁인데 헌터 너무 매정하게 떠나네..또 남편 목소리도 처음부터 못알아 듣는게 좀 이상했지만 영화 자체는 너무 좋았다. 뭔가 먹먹하고 여운이 남는다.",
    "date": "14.05.09",
    "rating": "8",
    "author": "ehwj****",
    "review_id": "8718587",
    "movie_id": "10710"
  },
  {
    "review": "트래비스, 괜찮아요.",
    "date": "14.03.28",
    "rating": "10",
    "author": "rnjs****",
    "review_id": "8611473",
    "movie_id": "10710"
  },
  {
    "review": "나스타샤 킨스키 예쁘다",
    "date": "14.03.24",
    "rating": "1",
    "author": "mara****",
    "review_id": "8604660",
    "movie_id": "10710"
  },
  {
    "review": "취향에 맞지 않아서 그런지 몰라도 그냥 평작으로 느껴진다.",
    "date": "14.02.09",
    "rating": "8",
    "author": "katy****",
    "review_id": "8493806",
    "movie_id": "10710"
  },
  {
    "review": "오.. 트래비스..지금도 어느 사막을 헤메이고 있을 남자의 이야기..엔딩 크래딧을 보면서도 눈물을 훔치게 하는 영화",
    "date": "14.01.27",
    "rating": "10",
    "author": "only****",
    "review_id": "8434801",
    "movie_id": "10710"
  },
  {
    "review": "우리는 태어남과 동시에 애정과 결핍을 함께 받는다. 이 둘은 항시 동시자발적으로 일어난다. 그리고 이 모든 것이 파리 텍사스로부터 비롯되었다. 그렇기에 트래비스는 파리 텍사스로 역행한다. 파리 텍사스에선 이 모든 결핍이 채워지리라 희망하며..",
    "date": "14.01.06",
    "rating": "10",
    "author": "cock****",
    "review_id": "8357155",
    "movie_id": "10710"
  },
  {
    "review": "진정한 부모와 남편으로써의 자아 찾기",
    "date": "14.01.03",
    "rating": "8",
    "author": "figh****",
    "review_id": "8341858",
    "movie_id": "10710"
  },
  {
    "review": "대체로 평이하지만 잔잔하게 와닿는 작품",
    "date": "13.12.17",
    "rating": "9",
    "author": "nuru****",
    "review_id": "8220493",
    "movie_id": "10710"
  },
  {
    "review": "이럴수가.. 영화를 사랑하는 사람으로서.. 이 영화를 이제서야 보다니...",
    "date": "13.11.26",
    "rating": "10",
    "author": "xinp****",
    "review_id": "8170364",
    "movie_id": "10710"
  },
  {
    "review": "길 속에서 찾아가는 '어떤 것'",
    "date": "13.08.31",
    "rating": "10",
    "author": "bsj1****",
    "review_id": "7936475",
    "movie_id": "10710"
  },
  {
    "review": "색감이 넘 이뻐서 계속 보고 싶다..",
    "date": "13.06.10",
    "rating": "10",
    "author": "my4s****",
    "review_id": "7625375",
    "movie_id": "10710"
  },
  {
    "review": "뛰어난 미쟝센, 그만큼의 여운과 과제를 남기는 먹먹함.",
    "date": "13.05.07",
    "rating": "9",
    "author": "kklq****",
    "review_id": "7514593",
    "movie_id": "10710"
  },
  {
    "review": "아름다운 영화",
    "date": "13.01.28",
    "rating": "10",
    "author": "jisu****",
    "review_id": "7186617",
    "movie_id": "10710"
  },
  {
    "review": "우연히 영화를 추천해달라는 말에 이 영화가 생각이 났다... 평생 잊혀지지 않을 영화다... 와인 한병(or 막걸리)과 같이 하면 좋다",
    "date": "13.01.13",
    "rating": "10",
    "author": "lynn****",
    "review_id": "7108339",
    "movie_id": "10710"
  },
  {
    "review": "가족이라는 이름하에서의 고독과 애정, 그리고 그로부터의 탈피와 회귀가 너무도 쓸쓸하게 그려져있는 영화.",
    "date": "12.12.26",
    "rating": "9",
    "author": "jys4****",
    "review_id": "7048651",
    "movie_id": "10710"
  },
  {
    "review": "나스타샤 킨스키",
    "date": "12.11.28",
    "rating": "10",
    "author": "vedd****",
    "review_id": "6932443",
    "movie_id": "10710"
  },
  {
    "review": "범 세계적으로 진행되고 있는 가족해체, 자기상실. 빔벤더스 감독의 영화들은 황량한 사막속에서 숙제를 내주는 듯 하다",
    "date": "12.11.27",
    "rating": "9",
    "author": "asun****",
    "review_id": "6929825",
    "movie_id": "10710"
  },
  {
    "review": "독한 블랙러시안 한잔 마신듯 속이 아리다, 아름답다.",
    "date": "12.11.07",
    "rating": "9",
    "author": "nofx****",
    "review_id": "6861525",
    "movie_id": "10710"
  },
  {
    "review": "소통의 중요성",
    "date": "12.10.03",
    "rating": "9",
    "author": "bele****",
    "review_id": "6757723",
    "movie_id": "10710"
  },
  {
    "review": "붉은색과 기타소리가 뇌리에 여운으로 남는 영화",
    "date": "12.09.06",
    "rating": "6",
    "author": "wjdg****",
    "review_id": "6673502",
    "movie_id": "10710"
  },
  {
    "review": "너무좋음ㅠㅠ",
    "date": "12.06.10",
    "rating": "10",
    "author": "yyj9****",
    "review_id": "6383209",
    "movie_id": "10710"
  },
  {
    "review": "이 명작이 왜 이렇게 평점이 낮아요?",
    "date": "12.02.29",
    "rating": "10",
    "author": "hoto****",
    "review_id": "6111226",
    "movie_id": "10710"
  },
  {
    "review": "뒤늦은 만남, 뻐근한 버거움 가운데 붉은색의 매혹적 은유. 쉬이 잊혀지지않는 여백",
    "date": "12.02.28",
    "rating": "8",
    "author": "spik****",
    "review_id": "6110277",
    "movie_id": "10710"
  },
  {
    "review": "무슨 말이 필요한가?엄마가 왔는데, … 누가뭐래도 같은 금발의 엄마와 아들",
    "date": "11.12.11",
    "rating": "9",
    "author": "ador****",
    "review_id": "5899870",
    "movie_id": "10710"
  },
  {
    "review": "허세 쩌는 애들이 깐느 심사위원으로 둔갑하기 좋은 영화",
    "date": "11.11.07",
    "rating": "5",
    "author": "nadd****",
    "review_id": "5833776",
    "movie_id": "10710"
  },
  {
    "review": "10점으로도 부족! 자녀 가지신 분들은 꼭 한번 보세요.",
    "date": "11.08.04",
    "rating": "10",
    "author": "song****",
    "review_id": "5597331",
    "movie_id": "10710"
  },
  {
    "review": "매순간 말하려고 애쓰지 않아도 된다는 걸 그냥 텅 비워도 된다는 걸 깨달았다.",
    "date": "11.06.29",
    "rating": "9",
    "author": "myca****",
    "review_id": "5505609",
    "movie_id": "10710"
  },
  {
    "review": "잔잔하고 의미있는영화",
    "date": "11.06.02",
    "rating": "10",
    "author": "moji****",
    "review_id": "5460491",
    "movie_id": "10710"
  },
  {
    "review": "사이사이 파고드는 기타 선율에 취하게 되는 영화.",
    "date": "11.03.25",
    "rating": "8",
    "author": "yul3****",
    "review_id": "5333087",
    "movie_id": "10710"
  },
  {
    "review": "여운이 길고 길다",
    "date": "11.02.19",
    "rating": "10",
    "author": "astr****",
    "review_id": "5256556",
    "movie_id": "10710"
  },
  {
    "review": "멍...",
    "date": "11.02.04",
    "rating": "10",
    "author": "jmp0****",
    "review_id": "5214236",
    "movie_id": "10710"
  },
  {
    "review": "금발의 단발머리가 아름다웠던 순간.",
    "date": "11.01.06",
    "rating": "8",
    "author": "eowj****",
    "review_id": "5133604",
    "movie_id": "10710"
  },
  {
    "review": "정말.. 영화다..",
    "date": "10.12.17",
    "rating": "10",
    "author": "athe****",
    "review_id": "5059269",
    "movie_id": "10710"
  },
  {
    "review": "범작.",
    "date": "10.12.06",
    "rating": "6",
    "author": "dlwl****",
    "review_id": "5028355",
    "movie_id": "10710"
  },
  {
    "review": "Don't go Travis!!",
    "date": "10.11.05",
    "rating": "10",
    "author": "arti****",
    "review_id": "4940081",
    "movie_id": "10710"
  },
  {
    "review": "Last Long Take!",
    "date": "10.10.12",
    "rating": "8",
    "author": "bbq2****",
    "review_id": "4898469",
    "movie_id": "10710"
  },
  {
    "review": "비오는 밤 와인과 함께",
    "date": "10.08.24",
    "rating": "10",
    "author": "ckr3****",
    "review_id": "4789301",
    "movie_id": "10710"
  },
  {
    "review": "최 고",
    "date": "10.05.12",
    "rating": "10",
    "author": "koib****",
    "review_id": "4494178",
    "movie_id": "10710"
  },
  {
    "review": "어디론가 또 다시...",
    "date": "10.05.03",
    "rating": "10",
    "author": "inxs****",
    "review_id": "4473928",
    "movie_id": "10710"
  },
  {
    "review": "슬프다 갈 곳을 잃은 발걸음",
    "date": "10.05.02",
    "rating": "8",
    "author": "lucy****",
    "review_id": "4473550",
    "movie_id": "10710"
  },
  {
    "review": "먹먹한 감동",
    "date": "10.04.30",
    "rating": "10",
    "author": "thep****",
    "review_id": "4467312",
    "movie_id": "10710"
  },
  {
    "review": "좋았다..생각이 많이진다..",
    "date": "10.03.22",
    "rating": "10",
    "author": "mino****",
    "review_id": "4377431",
    "movie_id": "10710"
  },
  {
    "review": "간만에 좋은 영화를 보았다. 문화적 결핍이 해소되는듯한 느낌!! 다시보고 싶다..",
    "date": "10.03.01",
    "rating": "10",
    "author": "funf****",
    "review_id": "4328362",
    "movie_id": "10710"
  },
  {
    "review": "어제 다시 보았는데 역시 좋은 영화입니다.",
    "date": "10.02.06",
    "rating": "10",
    "author": "1234****",
    "review_id": "4251281",
    "movie_id": "10710"
  },
  {
    "review": "26년전 영화라니.. 믿을수가 없다.. 당시 한획을 그었다는데 동감한다..",
    "date": "10.01.30",
    "rating": "10",
    "author": "ykm3****",
    "review_id": "4223010",
    "movie_id": "10710"
  },
  {
    "review": "이 영화가 명작이라는 것에 대해 나는 절대 동의 못함.",
    "date": "10.01.10",
    "rating": "4",
    "author": "jjyn****",
    "review_id": "4154465",
    "movie_id": "10710"
  },
  {
    "review": "심금을 울리는 기타 소리와 음악, 아름다운 배경, 마지막의 깊은 여운",
    "date": "09.11.06",
    "rating": "10",
    "author": "gate****",
    "review_id": "3940667",
    "movie_id": "10710"
  },
  {
    "review": "여운이 남네요.",
    "date": "09.10.17",
    "rating": "8",
    "author": "diri****",
    "review_id": "3897701",
    "movie_id": "10710"
  },
  {
    "review": "떨어져있지만 그리움은 깊어진다... 파리텍사스 안의 행복한 가정의 모습이 그려진다.",
    "date": "09.10.13",
    "rating": "10",
    "author": "dlgo****",
    "review_id": "3890126",
    "movie_id": "10710"
  },
  {
    "review": "슬픈,그래서 더 슬픔....",
    "date": "09.08.08",
    "rating": "10",
    "author": "dlwo****",
    "review_id": "3722695",
    "movie_id": "10710"
  },
  {
    "review": "Good,Good",
    "date": "09.07.28",
    "rating": "10",
    "author": "subw****",
    "review_id": "3676411",
    "movie_id": "10710"
  },
  {
    "review": "그저 모범생같은 수작의 한계를 보는 것이 아주 살짝 답답한 정도?",
    "date": "09.07.17",
    "rating": "8",
    "author": "0109****",
    "review_id": "3639175",
    "movie_id": "10710"
  },
  {
    "review": "어디로 튈지 모르는 트래비스때문에 영화내내 완전 아찔",
    "date": "09.06.30",
    "rating": "8",
    "author": "5292****",
    "review_id": "3602531",
    "movie_id": "10710"
  },
  {
    "review": "상처와 사랑을 잘 해석한 영화이지만 서두에 이전 삶이 전개되었으면 하는 아쉬움",
    "date": "09.06.22",
    "rating": "8",
    "author": "goll****",
    "review_id": "3581964",
    "movie_id": "10710"
  },
  {
    "review": "스토리는 평범하고 약간 지루하지만 Ry Cooder의 기타소리는 심금을 울린다.",
    "date": "09.03.22",
    "rating": "9",
    "author": "kusa****",
    "review_id": "3381135",
    "movie_id": "10710"
  },
  {
    "review": "여운이 길다...",
    "date": "08.09.06",
    "rating": "10",
    "author": "s3lo****",
    "review_id": "2924529",
    "movie_id": "10710"
  },
  {
    "review": "사랑하는 영화",
    "date": "08.08.22",
    "rating": "10",
    "author": "axdf****",
    "review_id": "2894039",
    "movie_id": "10710"
  },
  {
    "review": "충격적으로 다가온 영상의 아름다움,심리를 대변하는 음악",
    "date": "08.08.17",
    "rating": "9",
    "author": "soju****",
    "review_id": "2880149",
    "movie_id": "10710"
  },
  {
    "review": "진정한 소통 속에서 트래비스의 뒷모습은 외롭지 않다",
    "date": "08.08.10",
    "rating": "9",
    "author": "hmor****",
    "review_id": "2859065",
    "movie_id": "10710"
  },
  {
    "review": "내생에 최고의 영화다.",
    "date": "08.07.29",
    "rating": "10",
    "author": "jhxl****",
    "review_id": "2814037",
    "movie_id": "10710"
  },
  {
    "review": "한 씬조차 그냥 지나칠 수 없는 빔 벤더스의 색채가 넘친다!",
    "date": "08.06.20",
    "rating": "9",
    "author": "napo****",
    "review_id": "2709575",
    "movie_id": "10710"
  },
  {
    "review": "처음 봤을 때부터 흠잡을 데가 없었던",
    "date": "08.06.17",
    "rating": "10",
    "author": "mind****",
    "review_id": "2704345",
    "movie_id": "10710"
  },
  {
    "review": "2시간 감상, 20년의 여운...",
    "date": "08.05.31",
    "rating": "9",
    "author": "mado****",
    "review_id": "2672390",
    "movie_id": "10710"
  },
  {
    "review": "잔잔한 감동과 깊은 여운을 선사한다. 나스타샤킨스키의 매력만으로도 10점.",
    "date": "08.05.24",
    "rating": "10",
    "author": "pola****",
    "review_id": "2659361",
    "movie_id": "10710"
  },
  {
    "review": "명작의 여운... 다시 보아도 좋은 영화임을 알겠다.",
    "date": "08.05.07",
    "rating": "9",
    "author": "caca****",
    "review_id": "2622817",
    "movie_id": "10710"
  },
  {
    "review": "오랜 단절 후의 해후, 그리고 소통. 정적인 구성방식이 더욱 설득력 있게 다가온다.",
    "date": "08.03.28",
    "rating": "10",
    "author": "temp****",
    "review_id": "2545950",
    "movie_id": "10710"
  },
  {
    "review": "인고에 생긴 공허감을 양간의 유리창 대화까지 진전시킨 치유책",
    "date": "08.02.05",
    "rating": "8",
    "author": "paci****",
    "review_id": "2409844",
    "movie_id": "10710"
  },
  {
    "review": "기대반 감동반.. 느낌반...",
    "date": "08.02.04",
    "rating": "7",
    "author": "evil****",
    "review_id": "2408777",
    "movie_id": "10710"
  },
  {
    "review": "느낌이 묘했던 영화 특별한거 없이 좋다",
    "date": "08.02.02",
    "rating": "7",
    "author": "okjo****",
    "review_id": "2398426",
    "movie_id": "10710"
  },
  {
    "review": "인간의 소통에 관한 거장의 시각 빔 밴더스의 최고의 영화",
    "date": "08.01.30",
    "rating": "10",
    "author": "1mio****",
    "review_id": "2388003",
    "movie_id": "10710"
  },
  {
    "review": "종착역 없는 인생의 대유. 트레비스는 단지 흘러간다.",
    "date": "08.01.15",
    "rating": "9",
    "author": "unit****",
    "review_id": "2334468",
    "movie_id": "10710"
  },
  {
    "review": "빔밴더스는 과대평가된 감독이란 생각밖에는...",
    "date": "08.01.13",
    "rating": "6",
    "author": "sal_****",
    "review_id": "2327747",
    "movie_id": "10710"
  },
  {
    "review": "슬픔을뛰어넘은'슬픔'의향연",
    "date": "07.12.13",
    "rating": "10",
    "author": "opti****",
    "review_id": "2229932",
    "movie_id": "10710"
  },
  {
    "review": "슬프더라.....그 아름다운 아드님...생각나네",
    "date": "07.11.27",
    "rating": "10",
    "author": "riqu****",
    "review_id": "2188116",
    "movie_id": "10710"
  },
  {
    "review": "제한된 사운드와 여백의 미학, 식상한 할리우드보다 좋다.",
    "date": "07.11.05",
    "rating": "8",
    "author": "mayo****",
    "review_id": "2135641",
    "movie_id": "10710"
  },
  {
    "review": "젊음이란 인생이란.",
    "date": "07.10.19",
    "rating": "10",
    "author": "tlst****",
    "review_id": "2098324",
    "movie_id": "10710"
  },
  {
    "review": "빔 벤더스 최고..",
    "date": "07.09.29",
    "rating": "10",
    "author": "hime****",
    "review_id": "2058716",
    "movie_id": "10710"
  },
  {
    "review": "평점이 8점대라니.",
    "date": "07.08.05",
    "rating": "10",
    "author": "quil****",
    "review_id": "1882820",
    "movie_id": "10710"
  },
  {
    "review": "단연 걸작이다. 감동..",
    "date": "07.07.31",
    "rating": "10",
    "author": "sunw****",
    "review_id": "1832142",
    "movie_id": "10710"
  },
  {
    "review": "영화음악중 단연최고 옛날을 회상하는 트레비스의 독백이란..",
    "date": "07.06.18",
    "rating": "10",
    "author": "zyh0****",
    "review_id": "1708754",
    "movie_id": "10710"
  },
  {
    "review": "그와 그녀의 이질감같은곳... 파리,텍사스",
    "date": "07.05.29",
    "rating": "8",
    "author": "bebe****",
    "review_id": "1670593",
    "movie_id": "10710"
  },
  {
    "review": "그래 사람과의 관계라는 게 자기가 꿈꾸는 행복대로 되는 게 아니지.",
    "date": "07.04.13",
    "rating": "8",
    "author": "idre****",
    "review_id": "1586295",
    "movie_id": "10710"
  },
  {
    "review": "파리프랑스는 가지 못한다. 서로를 직접확인할수없다..",
    "date": "07.04.02",
    "rating": "8",
    "author": "dela****",
    "review_id": "1569599",
    "movie_id": "10710"
  },
  {
    "review": "이 영화만큼 아름다운 노을을 못봤다..",
    "date": "07.04.02",
    "rating": "10",
    "author": "cree****",
    "review_id": "1567981",
    "movie_id": "10710"
  },
  {
    "review": "참 예쁘게 아프다 . .따뜻하다 라는 느낌의 영화 . .",
    "date": "07.04.01",
    "rating": "10",
    "author": "farm****",
    "review_id": "1567741",
    "movie_id": "10710"
  },
  {
    "review": "20년도 넘은 영화라는 것이 믿겨지지 않음. 놀라운 영화..",
    "date": "07.03.30",
    "rating": "10",
    "author": "22di****",
    "review_id": "1562711",
    "movie_id": "10710"
  },
  {
    "review": "글쎄",
    "date": "07.03.30",
    "rating": "2",
    "author": "tolb****",
    "review_id": "1562460",
    "movie_id": "10710"
  },
  {
    "review": "과대포장",
    "date": "07.03.30",
    "rating": "1",
    "author": "chy6****",
    "review_id": "1562456",
    "movie_id": "10710"
  },
  {
    "review": "치유란건 이런거다. 비록 불완전일지라도.",
    "date": "07.03.29",
    "rating": "9",
    "author": "gold****",
    "review_id": "1561561",
    "movie_id": "10710"
  },
  {
    "review": "과포장 된 것 같다. 4년 간 외 숨었는지 공명이 안 됨.",
    "date": "07.03.24",
    "rating": "6",
    "author": "tolb****",
    "review_id": "1552078",
    "movie_id": "10710"
  },
  {
    "review": "마음의 고향을 찾는, 아직 찾지 못한 외로움.",
    "date": "07.03.19",
    "rating": "8",
    "author": "jury****",
    "review_id": "1543691",
    "movie_id": "10710"
  },
  {
    "review": "그가 사랑하는 방법을 깨닫는데 4년이란 시간이 흘렀다..",
    "date": "07.03.15",
    "rating": "10",
    "author": "k641****",
    "review_id": "1535764",
    "movie_id": "10710"
  }
]