[
  {
    "review": "그닥.. 이번건 1편에 비해 많이 약했네 그려...",
    "date": "15.08.08",
    "rating": "7",
    "author": "pola****",
    "review_id": "10204570",
    "movie_id": "10723"
  },
  {
    "review": "이스트우드와 여자파트너라는 신선함이 있었던 고전 명작~경찰윗선의 비굴함도 보여주는 메세지도 있다.",
    "date": "15.06.24",
    "rating": "7",
    "author": "cred****",
    "review_id": "10025539",
    "movie_id": "10723"
  },
  {
    "review": "짧고 나름 스피디한 전계가 장점이자 단점인 영화.이전 시리즈 보다 볼거리가 좀 줄어서 아쉬움.",
    "date": "13.01.12",
    "rating": "6",
    "author": "foun****",
    "review_id": "7107432",
    "movie_id": "10723"
  },
  {
    "review": "라스트 높은탑에서 악당을 박격포로 보내버리는장면은 박력있는 캐릭터를 잘표현했다..",
    "date": "12.11.20",
    "rating": "10",
    "author": "ljhv****",
    "review_id": "6908058",
    "movie_id": "10723"
  },
  {
    "review": "여형사역(타인 댈리)의 개성이 인상적인 작품. 방탄조끼는 필수.",
    "date": "10.05.21",
    "rating": "5",
    "author": "sykm****",
    "review_id": "4512463",
    "movie_id": "10723"
  },
  {
    "review": "1탄은 스릴러 2탄은 미스터리 3탄은 선명한 드라마로 씁쓸한 페이소스가 인상깊다",
    "date": "09.06.07",
    "rating": "8",
    "author": "donj****",
    "review_id": "3550024",
    "movie_id": "10723"
  },
  {
    "review": "1>2>3 대체적으로 다재밌긴한데 이정도..",
    "date": "09.01.01",
    "rating": "10",
    "author": "2001****",
    "review_id": "3175654",
    "movie_id": "10723"
  },
  {
    "review": "근데 꼭 야한장면이 모든 시리즈에 조금씩은 나온다는...",
    "date": "08.07.07",
    "rating": "10",
    "author": "band****",
    "review_id": "2747283",
    "movie_id": "10723"
  },
  {
    "review": "매그넘과 클린턴의 활약이 볼만한 시리즈물======  76년작으로는 괜찮았음",
    "date": "08.07.05",
    "rating": "7",
    "author": "deff****",
    "review_id": "2740673",
    "movie_id": "10723"
  },
  {
    "review": "이 씨리즈의 열광적인 팬으로써 나와준 것만으로도 고맙다",
    "date": "07.12.17",
    "rating": "10",
    "author": "baks****",
    "review_id": "2238912",
    "movie_id": "10723"
  },
  {
    "review": "5부작중 재미만 놓고 따지면 가장 낫다.",
    "date": "07.03.03",
    "rating": "7",
    "author": "movi****",
    "review_id": "1516625",
    "movie_id": "10723"
  },
  {
    "review": "치밀하거나 개성있지는 않지만 그럭저럭 봐줄만 하다",
    "date": "06.10.29",
    "rating": "7",
    "author": "goma****",
    "review_id": "1204721",
    "movie_id": "10723"
  },
  {
    "review": "더티해리는 3편까지만..더이상은 볼꺼없다",
    "date": "06.08.08",
    "rating": "7",
    "author": "hide****",
    "review_id": "983753",
    "movie_id": "10723"
  },
  {
    "review": "나두 3편까지 밖에 못봤다",
    "date": "05.12.24",
    "rating": "6",
    "author": "kws7****",
    "review_id": "525511",
    "movie_id": "10723"
  },
  {
    "review": "클린트이스트우드의 카리스마. 그럭저럭 볼만함.",
    "date": "05.04.21",
    "rating": "8",
    "author": "nams****",
    "review_id": "263535",
    "movie_id": "10723"
  }
]