[
  {
    "review": "스토리나 연출이 5편보다 다소 아쉽지만 이스트우드의 만사귀찮으면서도 강렬한 표정은 이 시리즈의 백미.",
    "date": "15.06.24",
    "rating": "7",
    "author": "cred****",
    "review_id": "10025113",
    "movie_id": "10724"
  },
  {
    "review": "70년대 시리즈의 재미를  고스란히 살려냈군",
    "date": "14.11.30",
    "rating": "7",
    "author": "guev****",
    "review_id": "9435226",
    "movie_id": "10724"
  },
  {
    "review": "클린트 이스트우드가 직접 매가폰을 잡고 만든 더티 해리 시리즈 첫 작품.시작이 나쁘지 않다 하지만 기존의 칼라한의 이미지에 인간미를 더했더니또 다른 맞이 있지만 논란이 생겨버렸군.",
    "date": "13.01.13",
    "rating": "7",
    "author": "foun****",
    "review_id": "7108257",
    "movie_id": "10724"
  },
  {
    "review": "당시도 미국서 논란이 크게 되었던 4탄. 연쇄살인범을 눈감아주는 형사라 이런병맛이",
    "date": "12.07.08",
    "rating": "2",
    "author": "morb****",
    "review_id": "6462297",
    "movie_id": "10724"
  },
  {
    "review": "언제봐도 잼있는 더티해리시리즈...이스트우드는 감독으로서도 뛰어나다",
    "date": "12.06.19",
    "rating": "7",
    "author": "thra****",
    "review_id": "6402100",
    "movie_id": "10724"
  },
  {
    "review": "범인들 죽일때 총질 어설픈거빼곤 흠잡을때없는 느와르 액션같음..ㅎㅎ",
    "date": "10.09.27",
    "rating": "10",
    "author": "il_d****",
    "review_id": "4872980",
    "movie_id": "10724"
  },
  {
    "review": "손드라 록의 은밀한 복수극을 그린 이스트우드의 연출작. 맛이 좀 다르다.",
    "date": "10.05.20",
    "rating": "7",
    "author": "sykm****",
    "review_id": "4511764",
    "movie_id": "10724"
  },
  {
    "review": "시리즈중 격있는 더티하리 이스트우드 감독 작 품위 있다 good",
    "date": "09.12.10",
    "rating": "10",
    "author": "sson****",
    "review_id": "4031650",
    "movie_id": "10724"
  },
  {
    "review": "여전히 재밌어",
    "date": "08.07.08",
    "rating": "10",
    "author": "band****",
    "review_id": "2749468",
    "movie_id": "10724"
  },
  {
    "review": "써든임팩트로 더 잘 알려진 작품으로 조금 지루한 감이 있다",
    "date": "08.07.06",
    "rating": "6",
    "author": "deff****",
    "review_id": "2743517",
    "movie_id": "10724"
  },
  {
    "review": "4편은 좀 지루하네...",
    "date": "08.02.20",
    "rating": "6",
    "author": "midd****",
    "review_id": "2465802",
    "movie_id": "10724"
  },
  {
    "review": "단 한번도 실망시킨적 없는 씨리즈물",
    "date": "07.12.17",
    "rating": "10",
    "author": "baks****",
    "review_id": "2238913",
    "movie_id": "10724"
  },
  {
    "review": "그저그런 B급 형사물",
    "date": "06.08.08",
    "rating": "7",
    "author": "hide****",
    "review_id": "983755",
    "movie_id": "10724"
  },
  {
    "review": "당시 이 영화로 극장주들이 뽑은 최고의 관객동원 배우 1위 등극",
    "date": "05.04.19",
    "rating": "7",
    "author": "dga9****",
    "review_id": "262594",
    "movie_id": "10724"
  },
  {
    "review": "이 작품의 대사가 당시 엄청 히트쳤는데, 영화자체는 그냥 B급스러운 재미",
    "date": "03.12.03",
    "rating": "7",
    "author": "tdol****",
    "review_id": "943",
    "movie_id": "10724"
  }
]