[
  {
    "review": "에밀 쿠스트리차 감독의 '아리조나 드림'은 되게 재밌게 봤는데 이 영화는 너무 옛날영화라 그런가 아님 내가 본게 자막이 이상해서 그런가 보는내내 지루했음 ; 독백하는 장면들도 전부 연기가 어색하고 개인적으로 별로였음... 평점에 낚인 기분",
    "date": "15.05.05",
    "rating": "1",
    "author": "ddab****",
    "review_id": "9895397",
    "movie_id": "10729"
  },
  {
    "review": "죽기전에 꼭 봐야 할 영화....",
    "date": "15.03.23",
    "rating": "10",
    "author": "stem****",
    "review_id": "9801603",
    "movie_id": "10729"
  },
  {
    "review": "아름답고 조화롭고 환상적이다. 아즈라를 즐겁게 해줬던 움직이는 깡통이 살의를 가진 포크로 바뀌는 절묘함까지.",
    "date": "14.11.12",
    "rating": "10",
    "author": "korn****",
    "review_id": "9373078",
    "movie_id": "10729"
  },
  {
    "review": "오랜민에 몰입해서 보았던 최고의 영화,,,",
    "date": "14.09.14",
    "rating": "10",
    "author": "late****",
    "review_id": "9214064",
    "movie_id": "10729"
  },
  {
    "review": "많이들 봤음 좋겠네요 좋은영화였습니다",
    "date": "14.07.09",
    "rating": "9",
    "author": "drem****",
    "review_id": "8899526",
    "movie_id": "10729"
  },
  {
    "review": "마술적 리얼리즘이란 이런거구나",
    "date": "14.04.07",
    "rating": "10",
    "author": "rema****",
    "review_id": "8634735",
    "movie_id": "10729"
  },
  {
    "review": "이영화는 안티가 없네요",
    "date": "14.02.05",
    "rating": "10",
    "author": "vics****",
    "review_id": "8476307",
    "movie_id": "10729"
  },
  {
    "review": "작정하고 비극을 만들어내는 감독.",
    "date": "13.10.20",
    "rating": "8",
    "author": "ykdi****",
    "review_id": "8075761",
    "movie_id": "10729"
  },
  {
    "review": "깊고 긴 호흡의 영화. 하지만 그 안에 희노애락이 느껴지는 수작이다.",
    "date": "13.04.28",
    "rating": "9",
    "author": "mary****",
    "review_id": "7491192",
    "movie_id": "10729"
  },
  {
    "review": "구려보였는데 너무너무 좋은영화다.",
    "date": "13.02.25",
    "rating": "10",
    "author": "olp4****",
    "review_id": "7299840",
    "movie_id": "10729"
  },
  {
    "review": "인간의 존재에 대하여 다시 생각.",
    "date": "12.09.09",
    "rating": "8",
    "author": "seo1****",
    "review_id": "6683620",
    "movie_id": "10729"
  },
  {
    "review": "영화가 많이 엉성하다.",
    "date": "12.06.09",
    "rating": "6",
    "author": "kusa****",
    "review_id": "6379973",
    "movie_id": "10729"
  },
  {
    "review": "언더그라운드와 집시의 시간. 명작입니다.",
    "date": "12.05.27",
    "rating": "10",
    "author": "ssw6****",
    "review_id": "6336976",
    "movie_id": "10729"
  },
  {
    "review": "순수와 자본. 광기와 순진의 사이에서.",
    "date": "12.03.30",
    "rating": "10",
    "author": "brot****",
    "review_id": "6180632",
    "movie_id": "10729"
  },
  {
    "review": "쎄...쎄다...",
    "date": "11.09.03",
    "rating": "8",
    "author": "korn****",
    "review_id": "5705697",
    "movie_id": "10729"
  },
  {
    "review": "이것이 포스트모더니즘이던가",
    "date": "10.09.19",
    "rating": "10",
    "author": "han6****",
    "review_id": "4847605",
    "movie_id": "10729"
  },
  {
    "review": "보고나면 피로가 몰아치는 에밀쿠스트리차의 영화",
    "date": "10.08.15",
    "rating": "7",
    "author": "izin****",
    "review_id": "4750750",
    "movie_id": "10729"
  },
  {
    "review": "이 슬픔을 어떻게 감당해야 할까...",
    "date": "10.07.21",
    "rating": "10",
    "author": "p_bu****",
    "review_id": "4656364",
    "movie_id": "10729"
  },
  {
    "review": "염력 쓰는 초능력자의 이야기",
    "date": "10.06.24",
    "rating": "8",
    "author": "cnnl****",
    "review_id": "4588758",
    "movie_id": "10729"
  },
  {
    "review": "4년전 교양수업에서 봤던영화. 그 몽환적인 느낌을 지울 수 없어서 다시 찾았습니다..",
    "date": "10.04.24",
    "rating": "10",
    "author": "cosm****",
    "review_id": "4451290",
    "movie_id": "10729"
  },
  {
    "review": "쿠스트리차의 영화를 찾아보고 싶어진다.",
    "date": "10.03.21",
    "rating": "8",
    "author": "kuic****",
    "review_id": "4374697",
    "movie_id": "10729"
  },
  {
    "review": "쩌는 영화",
    "date": "10.02.27",
    "rating": "10",
    "author": "naeg****",
    "review_id": "4322002",
    "movie_id": "10729"
  },
  {
    "review": "최고",
    "date": "10.01.27",
    "rating": "10",
    "author": "sky6****",
    "review_id": "4213843",
    "movie_id": "10729"
  },
  {
    "review": "그 한없이 애절하고 처연한 음악이 계속 맴돌아서.. 나도모르게 계속 읊조리게 만든다",
    "date": "10.01.25",
    "rating": "10",
    "author": "oedi****",
    "review_id": "4206907",
    "movie_id": "10729"
  },
  {
    "review": "정말 다시 봐도 감동적이네요. 오랫만에 감성 충전했습니다.",
    "date": "10.01.25",
    "rating": "10",
    "author": "tole****",
    "review_id": "4206592",
    "movie_id": "10729"
  },
  {
    "review": "보고도 제목보고 봤었는지 기억나지않는 영화,제목부터 기억하는 영화.이영화는 후자.",
    "date": "10.01.25",
    "rating": "9",
    "author": "pami****",
    "review_id": "4206241",
    "movie_id": "10729"
  },
  {
    "review": "엄마랑 같이 재밌게 봤음 ㅋ",
    "date": "10.01.24",
    "rating": "10",
    "author": "yooo****",
    "review_id": "4204710",
    "movie_id": "10729"
  },
  {
    "review": "아름다운 음악.. 돈때문에 바뀐 인간..",
    "date": "10.01.24",
    "rating": "10",
    "author": "chtk****",
    "review_id": "4204474",
    "movie_id": "10729"
  },
  {
    "review": "93년에 나온 영화라고는 믿기지 않고 ebsHD화질 덕분에 감탄,감사하며 본 영화!",
    "date": "10.01.24",
    "rating": "10",
    "author": "minu****",
    "review_id": "4203925",
    "movie_id": "10729"
  },
  {
    "review": "EBS HD화질 쩌네요 ㅋㅋ근데 방송심의때문인지 편집 좀 하셨네 ㅠ",
    "date": "10.01.24",
    "rating": "10",
    "author": "yomi****",
    "review_id": "4203380",
    "movie_id": "10729"
  },
  {
    "review": "방금 봤습니다. 왜 이영화를 이때까지 안봤을까요.",
    "date": "10.01.24",
    "rating": "10",
    "author": "skle****",
    "review_id": "4203233",
    "movie_id": "10729"
  },
  {
    "review": "gypsie",
    "date": "10.01.24",
    "rating": "10",
    "author": "fkep****",
    "review_id": "4203207",
    "movie_id": "10729"
  },
  {
    "review": "인간의 모순된 단면 ㅜ_ㅜ",
    "date": "09.11.08",
    "rating": "9",
    "author": "leem****",
    "review_id": "3945772",
    "movie_id": "10729"
  },
  {
    "review": "멋진영화",
    "date": "09.11.02",
    "rating": "10",
    "author": "mobs****",
    "review_id": "3932876",
    "movie_id": "10729"
  },
  {
    "review": "음악도 좋고 다 좋음, 정말 좋은 영화",
    "date": "09.09.09",
    "rating": "10",
    "author": "seul****",
    "review_id": "3820534",
    "movie_id": "10729"
  },
  {
    "review": "가슴이 짠해지는 영화. 엔딩에 미친 형님때문에 울컥했다.",
    "date": "09.08.16",
    "rating": "9",
    "author": "5292****",
    "review_id": "3757282",
    "movie_id": "10729"
  },
  {
    "review": "뛰어나다...그래도 최고작은 언더그라운드",
    "date": "09.08.01",
    "rating": "7",
    "author": "tjsd****",
    "review_id": "3691262",
    "movie_id": "10729"
  },
  {
    "review": "우왕 짱이당",
    "date": "09.06.17",
    "rating": "10",
    "author": "n869****",
    "review_id": "3571804",
    "movie_id": "10729"
  },
  {
    "review": "삶",
    "date": "09.05.02",
    "rating": "9",
    "author": "irsl****",
    "review_id": "3460022",
    "movie_id": "10729"
  },
  {
    "review": "검은 아침에 기차가 옵니다",
    "date": "09.01.28",
    "rating": "10",
    "author": "qkwl****",
    "review_id": "3256577",
    "movie_id": "10729"
  },
  {
    "review": "최고의 영화 !!",
    "date": "08.12.21",
    "rating": "10",
    "author": "glay****",
    "review_id": "3136348",
    "movie_id": "10729"
  },
  {
    "review": "희노애락애오욕 인생의 모든 것이 들어 있는 그 자체로 하나의 삶인 영화",
    "date": "08.08.01",
    "rating": "10",
    "author": "maha****",
    "review_id": "2822883",
    "movie_id": "10729"
  },
  {
    "review": "내 인생의 영화",
    "date": "08.07.09",
    "rating": "10",
    "author": "jpra****",
    "review_id": "2750566",
    "movie_id": "10729"
  },
  {
    "review": "순수하고 불쌍한 집시의 인생,폐란도 젊은 생을 마감한다.",
    "date": "08.06.06",
    "rating": "8",
    "author": "ador****",
    "review_id": "2683944",
    "movie_id": "10729"
  },
  {
    "review": "마지막 흰칠면조 샷은 정말 웃음을 참으면 슬퍼했다.",
    "date": "08.05.21",
    "rating": "6",
    "author": "deat****",
    "review_id": "2654494",
    "movie_id": "10729"
  },
  {
    "review": "재밌다",
    "date": "08.05.16",
    "rating": "10",
    "author": "eek5****",
    "review_id": "2644194",
    "movie_id": "10729"
  },
  {
    "review": "삶속의 방랑자인 인간,과연 자유와 구원은 있는가.주사위던지기같은 인간의 운명",
    "date": "08.05.05",
    "rating": "9",
    "author": "nalj****",
    "review_id": "2618453",
    "movie_id": "10729"
  },
  {
    "review": "쿠스트리차 답지않게 '재미'까지 있네!",
    "date": "08.04.24",
    "rating": "10",
    "author": "yytt****",
    "review_id": "2597146",
    "movie_id": "10729"
  },
  {
    "review": "한 집시의 삶을 통해....사랑...애환....몽환....등 많은것을 보여준다...",
    "date": "08.02.19",
    "rating": "9",
    "author": "fhxm****",
    "review_id": "2461629",
    "movie_id": "10729"
  },
  {
    "review": "특별한 영화임엔 틀림없다.",
    "date": "08.02.02",
    "rating": "6",
    "author": "caca****",
    "review_id": "2397632",
    "movie_id": "10729"
  },
  {
    "review": "완벽한 제3세계 영화...나하곤 안 맞다",
    "date": "08.02.01",
    "rating": "5",
    "author": "okyk****",
    "review_id": "2396868",
    "movie_id": "10729"
  },
  {
    "review": "로마니(집시)족의 아픈 현실을 차갑게 그린 수작.",
    "date": "08.01.19",
    "rating": "10",
    "author": "cahd****",
    "review_id": "2348434",
    "movie_id": "10729"
  },
  {
    "review": "포스터만 보고 판단하지말것.",
    "date": "08.01.07",
    "rating": "9",
    "author": "bomb****",
    "review_id": "2306402",
    "movie_id": "10729"
  },
  {
    "review": "내가 꼽는 최고의 영화중 한편! 음악의 전률과 포크 날릴때의 그 카타르시스란..",
    "date": "07.12.23",
    "rating": "10",
    "author": "heod****",
    "review_id": "2258614",
    "movie_id": "10729"
  },
  {
    "review": "심장을 전율케 하는 음악과 눈 앞이 아찔해지는 아즈라의 상반신에 올인!",
    "date": "07.12.09",
    "rating": "10",
    "author": "hyuk****",
    "review_id": "2217643",
    "movie_id": "10729"
  },
  {
    "review": "10점 이상!!",
    "date": "07.11.15",
    "rating": "10",
    "author": "590a****",
    "review_id": "2153391",
    "movie_id": "10729"
  },
  {
    "review": "음악만 들어도..",
    "date": "07.09.27",
    "rating": "10",
    "author": "braz****",
    "review_id": "2055603",
    "movie_id": "10729"
  },
  {
    "review": "환상적 리얼리즘의 전도사, 에밀쿠스트리챠의 모든 영화는 정말 대단해.",
    "date": "07.09.10",
    "rating": "10",
    "author": "verm****",
    "review_id": "2013213",
    "movie_id": "10729"
  },
  {
    "review": "천재가 무엇인지 확인할 수 있는 방법",
    "date": "07.08.15",
    "rating": "10",
    "author": "lull****",
    "review_id": "1940637",
    "movie_id": "10729"
  },
  {
    "review": "영화뿐만 아니라 음악만 가지고도 그 가치가 높습니다.",
    "date": "07.04.28",
    "rating": "10",
    "author": "byh7****",
    "review_id": "1610095",
    "movie_id": "10729"
  },
  {
    "review": "10점 이상의 영화입니다. 기억에 오래남네요.",
    "date": "07.04.10",
    "rating": "10",
    "author": "perl****",
    "review_id": "1581715",
    "movie_id": "10729"
  },
  {
    "review": "매혹적인 영상, 인간의 타락과 구원을 담다.",
    "date": "07.02.14",
    "rating": "9",
    "author": "clsc****",
    "review_id": "1469977",
    "movie_id": "10729"
  },
  {
    "review": "난 결국 꿈을 꾸고 말았다.",
    "date": "07.01.10",
    "rating": "6",
    "author": "damu****",
    "review_id": "1371877",
    "movie_id": "10729"
  },
  {
    "review": "쉽게 지워지지 않을 그 몽환적인...뭔가 가슴까지 파고든다.",
    "date": "07.01.04",
    "rating": "10",
    "author": "kiki****",
    "review_id": "1355472",
    "movie_id": "10729"
  },
  {
    "review": "무엇이라 말해야하는지조차잊게한다 에밀에게감사!",
    "date": "06.12.26",
    "rating": "10",
    "author": "winw****",
    "review_id": "1328260",
    "movie_id": "10729"
  },
  {
    "review": "집시...방황...몽환...그느낌...부산함...",
    "date": "06.11.09",
    "rating": "10",
    "author": "habr****",
    "review_id": "1223413",
    "movie_id": "10729"
  },
  {
    "review": "아즈라~~..환상속을 헤메는 듯한기분..",
    "date": "06.10.08",
    "rating": "10",
    "author": "jaux****",
    "review_id": "1171880",
    "movie_id": "10729"
  },
  {
    "review": "방황의 시간, 극복의 시간, 사랑의 시간, 집시의 시간",
    "date": "06.05.09",
    "rating": "10",
    "author": "ckna****",
    "review_id": "793147",
    "movie_id": "10729"
  },
  {
    "review": "명화는 스치기만 해도 알수있다..",
    "date": "06.04.18",
    "rating": "10",
    "author": "tsum****",
    "review_id": "766109",
    "movie_id": "10729"
  },
  {
    "review": "내 기억속의 막연한 집시를 또렷한 집시로 그린작품.",
    "date": "05.11.27",
    "rating": "10",
    "author": "tubt****",
    "review_id": "486530",
    "movie_id": "10729"
  },
  {
    "review": "10점 안 준 분들은 영화는 안 보고 주무셨나?",
    "date": "05.10.31",
    "rating": "10",
    "author": "spac****",
    "review_id": "460273",
    "movie_id": "10729"
  },
  {
    "review": "최고의 영화",
    "date": "05.09.13",
    "rating": "10",
    "author": "yth4****",
    "review_id": "403817",
    "movie_id": "10729"
  },
  {
    "review": "굳이 지금  이 영화의 평을 쓸만큼 기억에 남는 영화",
    "date": "05.08.21",
    "rating": "10",
    "author": "wind****",
    "review_id": "376927",
    "movie_id": "10729"
  },
  {
    "review": "아직도 난 이 영화보다 아름다운 영상은 보지 못했다.",
    "date": "05.07.25",
    "rating": "10",
    "author": "oond****",
    "review_id": "333414",
    "movie_id": "10729"
  },
  {
    "review": "아름다운 영상 비극적 결말같지만 결국 희망을 담은..",
    "date": "04.11.10",
    "rating": "10",
    "author": "ddre****",
    "review_id": "143423",
    "movie_id": "10729"
  },
  {
    "review": "박하사탕의 그 느낌과 비슷한 씁쓸함이 전해져 오네요",
    "date": "04.09.02",
    "rating": "7",
    "author": "bloo****",
    "review_id": "101416",
    "movie_id": "10729"
  },
  {
    "review": "한 집시청년의 고단한 삶을 몽환적, 비극적으로 보여준다.",
    "date": "04.03.27",
    "rating": "8",
    "author": "hadl****",
    "review_id": "31800",
    "movie_id": "10729"
  }
]