[
  {
    "review": "김정은이 인상 깊게 봤다는 바로 그 영화!!!",
    "date": "15.08.21",
    "rating": "10",
    "author": "kki6****",
    "review_id": "10256968",
    "movie_id": "10726"
  },
  {
    "review": "비버리힐즈캅.리쎌웨폰과 더불어 80년대 캅스무비",
    "date": "15.07.06",
    "rating": "7",
    "author": "thra****",
    "review_id": "10074935",
    "movie_id": "10726"
  },
  {
    "review": "흑백콤비의 원조 할애비",
    "date": "15.07.01",
    "rating": "9",
    "author": "rick****",
    "review_id": "10057644",
    "movie_id": "10726"
  },
  {
    "review": "별로 추천하고 싶지않은 영화...노 잼.",
    "date": "15.04.09",
    "rating": "1",
    "author": "pass****",
    "review_id": "9836694",
    "movie_id": "10726"
  },
  {
    "review": "아무리 잘 봐주려고 해도 이 영화는 솔직히 재미없다.",
    "date": "15.04.09",
    "rating": "1",
    "author": "rich****",
    "review_id": "9836666",
    "movie_id": "10726"
  },
  {
    "review": "닉 놀테 이제는 할배네..    추억의 시간속으로 사라져가는 영화..",
    "date": "14.03.23",
    "rating": "7",
    "author": "adiv****",
    "review_id": "8598258",
    "movie_id": "10726"
  },
  {
    "review": "지금보면 지루하고 별로지만 그시절 총기및 주변 효과음은 센세션 이었다. 이후 제작된 리셀웨폰도 저런 총기음을 사용했지 그리고 이후의 액션물총기효과의 교과서가 된다. 재미는 그럭저럭",
    "date": "13.06.19",
    "rating": "8",
    "author": "msf9****",
    "review_id": "7656824",
    "movie_id": "10726"
  },
  {
    "review": "그냥저냥 Soso.",
    "date": "12.10.07",
    "rating": "4",
    "author": "pria****",
    "review_id": "6769328",
    "movie_id": "10726"
  },
  {
    "review": "의외의 흑백 버디무비",
    "date": "12.04.20",
    "rating": "5",
    "author": "bbq2****",
    "review_id": "6235068",
    "movie_id": "10726"
  },
  {
    "review": "지금봐도 정말 웃기다.최고의 작품",
    "date": "11.12.03",
    "rating": "10",
    "author": "akin****",
    "review_id": "5884209",
    "movie_id": "10726"
  },
  {
    "review": "귀신찍혔다",
    "date": "10.05.25",
    "rating": "10",
    "author": "rlar****",
    "review_id": "4524370",
    "movie_id": "10726"
  },
  {
    "review": "그냥 에디머피영화중에서는최고작 볼만함",
    "date": "10.05.01",
    "rating": "8",
    "author": "ghrj****",
    "review_id": "4469519",
    "movie_id": "10726"
  },
  {
    "review": "액션버디무비의 진수작 리셀웨폰,러시아워,에 형님격영화",
    "date": "09.12.07",
    "rating": "9",
    "author": "unre****",
    "review_id": "4025667",
    "movie_id": "10726"
  },
  {
    "review": "영화를 감상한 후 당시 에디 머피의 나이가 약관임을 알았을때 놀라움이란..",
    "date": "09.11.22",
    "rating": "10",
    "author": "youe****",
    "review_id": "3983595",
    "movie_id": "10726"
  },
  {
    "review": "에디머피 첨 나올때랑 라스트신 존나 웃김 ㅋㅋㅋ 그것만으로도 볼 가치가 있음",
    "date": "09.05.01",
    "rating": "9",
    "author": "weal****",
    "review_id": "3455019",
    "movie_id": "10726"
  },
  {
    "review": "그냥 재밌게봤었는데.. 기억에없넹..",
    "date": "08.03.29",
    "rating": "7",
    "author": "pola****",
    "review_id": "2548491",
    "movie_id": "10726"
  },
  {
    "review": "very good !",
    "date": "07.10.18",
    "rating": "8",
    "author": "cles****",
    "review_id": "2096928",
    "movie_id": "10726"
  },
  {
    "review": "액션이 리썰웨폰,다이하드 씨리즈도 울고간다",
    "date": "07.09.27",
    "rating": "10",
    "author": "baks****",
    "review_id": "2054078",
    "movie_id": "10726"
  },
  {
    "review": "월터힐 감독의 손꼽히는 작품",
    "date": "07.06.11",
    "rating": "8",
    "author": "deff****",
    "review_id": "1696232",
    "movie_id": "10726"
  },
  {
    "review": "생각보다 더 오래전 영화였구나. 무난한 재미.",
    "date": "07.04.07",
    "rating": "8",
    "author": "seun****",
    "review_id": "1576065",
    "movie_id": "10726"
  },
  {
    "review": "리쎌웨폰과 함께 버디무비의 걸작!",
    "date": "07.03.13",
    "rating": "10",
    "author": "hide****",
    "review_id": "1532103",
    "movie_id": "10726"
  },
  {
    "review": "이거 괜찮은 버디무비",
    "date": "07.01.31",
    "rating": "10",
    "author": "zeed****",
    "review_id": "1431221",
    "movie_id": "10726"
  },
  {
    "review": "좋아",
    "date": "06.12.01",
    "rating": "8",
    "author": "ysuh****",
    "review_id": "1260369",
    "movie_id": "10726"
  },
  {
    "review": "월터 힐의 걸작 버디 무비...",
    "date": "06.08.02",
    "rating": "10",
    "author": "vert****",
    "review_id": "956944",
    "movie_id": "10726"
  },
  {
    "review": "재밌다. 그냥.",
    "date": "05.12.27",
    "rating": "8",
    "author": "blue****",
    "review_id": "532095",
    "movie_id": "10726"
  },
  {
    "review": "액션이 볼만하다",
    "date": "05.12.24",
    "rating": "10",
    "author": "kws7****",
    "review_id": "524667",
    "movie_id": "10726"
  },
  {
    "review": "머피의 입담만으로도 즐거운....",
    "date": "05.12.12",
    "rating": "8",
    "author": "cat1****",
    "review_id": "502224",
    "movie_id": "10726"
  },
  {
    "review": "액션과 코미디가 적절하게 혼합된 80년대 대표 버디 무비.",
    "date": "05.11.26",
    "rating": "7",
    "author": "movi****",
    "review_id": "485509",
    "movie_id": "10726"
  },
  {
    "review": "만든지 20년이 넘었다니. 아 다시 보고 싶어라~",
    "date": "05.09.05",
    "rating": "8",
    "author": "izzo****",
    "review_id": "393899",
    "movie_id": "10726"
  },
  {
    "review": "평점 당혹",
    "date": "05.07.30",
    "rating": "10",
    "author": "typh****",
    "review_id": "340977",
    "movie_id": "10726"
  },
  {
    "review": "잘만든 캅버디영화로 닉과 정신없는에디의 콥비연기가 볼만",
    "date": "05.05.25",
    "rating": "7",
    "author": "si2p****",
    "review_id": "285957",
    "movie_id": "10726"
  },
  {
    "review": "에디 머피를 이 영화에서 처음 봤던 듯...당시엔 시끄러웠다. ㅋ",
    "date": "05.02.22",
    "rating": "8",
    "author": "kimj****",
    "review_id": "227738",
    "movie_id": "10726"
  },
  {
    "review": "수작임^^",
    "date": "04.10.05",
    "rating": "10",
    "author": "tabl****",
    "review_id": "120922",
    "movie_id": "10726"
  },
  {
    "review": "이거수작인데.-ㅁ-평점어이가엄씀.",
    "date": "04.09.12",
    "rating": "9",
    "author": "shch****",
    "review_id": "107014",
    "movie_id": "10726"
  },
  {
    "review": "이거 상당한 수작인 것으로 기억하는데, 평점들이 너무 짜지 않나...",
    "date": "04.08.19",
    "rating": "8",
    "author": "good****",
    "review_id": "92959",
    "movie_id": "10726"
  },
  {
    "review": "고전",
    "date": "04.06.21",
    "rating": "2",
    "author": "fran****",
    "review_id": "58414",
    "movie_id": "10726"
  },
  {
    "review": "꽤 잼난다",
    "date": "03.12.11",
    "rating": "7",
    "author": "vaga****",
    "review_id": "1736",
    "movie_id": "10726"
  },
  {
    "review": "액션과 유머, 이야기구조 모든게 꽉 짜인 걸작",
    "date": "03.12.04",
    "rating": "10",
    "author": "tdol****",
    "review_id": "1132",
    "movie_id": "10726"
  }
]