[
  {
    "review": "비슷한 스토리의 속편 전편의 아성은 뛰어넘지 못한다",
    "date": "15.07.23",
    "rating": "6",
    "author": "adiv****",
    "review_id": "10132699",
    "movie_id": "10727"
  },
  {
    "review": "재미없고 지루한 48시간 속편.",
    "date": "15.04.09",
    "rating": "1",
    "author": "rich****",
    "review_id": "9836670",
    "movie_id": "10727"
  },
  {
    "review": "폭주족들이 메탈리카 인줄 알았던 고딩때 영화 ㅋㅋ",
    "date": "11.12.19",
    "rating": "10",
    "author": "alep****",
    "review_id": "5914805",
    "movie_id": "10727"
  },
  {
    "review": "에디머피의 베이베베이베베이베 아주 배가 빠짐.",
    "date": "11.12.03",
    "rating": "10",
    "author": "akin****",
    "review_id": "5884210",
    "movie_id": "10727"
  },
  {
    "review": "1편에서 하지못한 복수를 드디어 해냈다. 맨마지막 진짜 웃겼다.",
    "date": "09.12.12",
    "rating": "8",
    "author": "unre****",
    "review_id": "4035906",
    "movie_id": "10727"
  },
  {
    "review": "1편에서의 아쉬움을 2편에서 잘 달래주었다.",
    "date": "09.11.22",
    "rating": "10",
    "author": "youe****",
    "review_id": "3983602",
    "movie_id": "10727"
  },
  {
    "review": "전편과 다른점이 안보인다..",
    "date": "07.10.22",
    "rating": "7",
    "author": "hide****",
    "review_id": "2105666",
    "movie_id": "10727"
  },
  {
    "review": "good",
    "date": "07.10.18",
    "rating": "5",
    "author": "cles****",
    "review_id": "2096935",
    "movie_id": "10727"
  },
  {
    "review": "액션이 다이하드,리썰웨폰 씨리즈가 울고 간다니까",
    "date": "07.09.27",
    "rating": "10",
    "author": "baks****",
    "review_id": "2054080",
    "movie_id": "10727"
  },
  {
    "review": "전편보다 액션은 커졌다 볼만했던 작품",
    "date": "07.06.11",
    "rating": "8",
    "author": "deff****",
    "review_id": "1696234",
    "movie_id": "10727"
  },
  {
    "review": "전형적인 버디무비. 전작의 파워만큼은 못한거 같다!~",
    "date": "06.10.23",
    "rating": "6",
    "author": "kool****",
    "review_id": "1195266",
    "movie_id": "10727"
  },
  {
    "review": "전편의 수준에는 미치지 못하는 \"범작\" 버디 영화.",
    "date": "06.03.07",
    "rating": "6",
    "author": "movi****",
    "review_id": "708100",
    "movie_id": "10727"
  },
  {
    "review": "지금보면 액션이 단순하다",
    "date": "05.12.25",
    "rating": "7",
    "author": "kws7****",
    "review_id": "527028",
    "movie_id": "10727"
  },
  {
    "review": "전편보다 강한 인상은 없지만, 이상하게 중독성이 강한 영화",
    "date": "05.12.12",
    "rating": "10",
    "author": "cat1****",
    "review_id": "502245",
    "movie_id": "10727"
  },
  {
    "review": "닉 놀테를 사랑하시는분은 무조건 보세요",
    "date": "05.08.23",
    "rating": "9",
    "author": "zoot****",
    "review_id": "380842",
    "movie_id": "10727"
  },
  {
    "review": "이야기는 산만하나 여전히 전편만큼 웃기고, 액션도 꽤 괜찮다",
    "date": "03.12.04",
    "rating": "8",
    "author": "tdol****",
    "review_id": "1130",
    "movie_id": "10727"
  }
]