[
  {
    "review": "누군가는 손에 피를 묻혀야한다(면).",
    "date": "15.07.31",
    "rating": "7",
    "author": "rygh****",
    "review_id": "10166132",
    "movie_id": "10721"
  },
  {
    "review": "클린트옹이 한번만 다시 리메이크해줬으면",
    "date": "15.06.03",
    "rating": "10",
    "author": "leol****",
    "review_id": "9971593",
    "movie_id": "10721"
  },
  {
    "review": "인정사정 없는 테이큰의 원조",
    "date": "15.06.02",
    "rating": "4",
    "author": "rd72****",
    "review_id": "9970302",
    "movie_id": "10721"
  },
  {
    "review": "적극적인 자유인가?도심속의 파시스트인가?",
    "date": "15.05.25",
    "rating": "8",
    "author": "pont****",
    "review_id": "9946752",
    "movie_id": "10721"
  },
  {
    "review": "클린트이스트우드가 저리  잘생겼었다니.40여년전영화가  요즘 국내 범죄스릴러영화보다 더 수준있네요",
    "date": "15.05.22",
    "rating": "9",
    "author": "bsm0****",
    "review_id": "9937153",
    "movie_id": "10721"
  },
  {
    "review": "어찌 이 영화 평점준 사람이 3명밖에 안되나? 놀랍네...",
    "date": "15.05.21",
    "rating": "9",
    "author": "o0o1****",
    "review_id": "9937047",
    "movie_id": "10721"
  },
  {
    "review": "이스트 우드의 살아 있는 눈빛.만사 귀찮은 듯한 표정.",
    "date": "15.03.13",
    "rating": "9",
    "author": "cred****",
    "review_id": "9776517",
    "movie_id": "10721"
  },
  {
    "review": "글쎄..... 이해가 안 되네",
    "date": "15.02.19",
    "rating": "1",
    "author": "minb****",
    "review_id": "9714988",
    "movie_id": "10721"
  },
  {
    "review": "액션의 명작... 리메이크가 되면 좋겠군",
    "date": "15.02.14",
    "rating": "10",
    "author": "kimd****",
    "review_id": "9694405",
    "movie_id": "10721"
  }
]