[
  {
    "review": "클라이맥스에만 손에 쥐지 않은 총이 시리즈에 대한 변명이 될까.",
    "date": "15.07.31",
    "rating": "6",
    "author": "rygh****",
    "review_id": "10166822",
    "movie_id": "10722"
  },
  {
    "review": "전편의 재미를 이어가는군",
    "date": "14.11.30",
    "rating": "7",
    "author": "guev****",
    "review_id": "9434868",
    "movie_id": "10722"
  },
  {
    "review": "그들의 행동은 속 시원하지만... 그렇다고 그들이 옳은가?",
    "date": "14.08.03",
    "rating": "9",
    "author": "comm****",
    "review_id": "9013933",
    "movie_id": "10722"
  },
  {
    "review": "코브라의 스탤론 형님이 더 똥품 멋있게 잡나요? 아님 더티해리의 이스트우드 형님이 더 똥폼 멋있게 잡나요? 님들의 선택은?",
    "date": "14.05.15",
    "rating": "10",
    "author": "rfky****",
    "review_id": "8734323",
    "movie_id": "10722"
  },
  {
    "review": "진심 리메이크 했으면 좋겠다!! 시리즈 중 최고라고 생각됩니다!!",
    "date": "13.04.06",
    "rating": "9",
    "author": "chey****",
    "review_id": "7439711",
    "movie_id": "10722"
  },
  {
    "review": "클린트 이스트우드 특유의 캑릭터가 잘 녹아든 영화.이전의 웨스턴 무비하고는 또 다른 매력",
    "date": "13.01.12",
    "rating": "7",
    "author": "foun****",
    "review_id": "7107415",
    "movie_id": "10722"
  },
  {
    "review": "단 하나 아쉬운 건 캘라한이 1편의 명대사를 내뱉지 않는다는 것뿐.",
    "date": "12.12.14",
    "rating": "8",
    "author": "cube****",
    "review_id": "6999776",
    "movie_id": "10722"
  },
  {
    "review": "정말 좋아하는 더티해리시리즈..캘래한 캐릭터 너무 마음에 든다 최고의 영화중 하나!",
    "date": "12.03.19",
    "rating": "8",
    "author": "thra****",
    "review_id": "6154448",
    "movie_id": "10722"
  },
  {
    "review": "변하지 않는 맛.",
    "date": "11.12.04",
    "rating": "5",
    "author": "pria****",
    "review_id": "5888038",
    "movie_id": "10722"
  },
  {
    "review": "더티해리중, 이영화만 봤는데 미국 서부를 배경으로한 범죄영화의 전형적인 작품.",
    "date": "11.03.18",
    "rating": "7",
    "author": "wham****",
    "review_id": "5319396",
    "movie_id": "10722"
  },
  {
    "review": "매그넘 포스. 형사 액션물의 바이블. 코믹조폭물과 인스턴트액션물은 이제 그만",
    "date": "09.11.05",
    "rating": "10",
    "author": "kanj****",
    "review_id": "3937688",
    "movie_id": "10722"
  },
  {
    "review": "1편과 2편만 보았는데 저는 1편이 더 좋네요.",
    "date": "09.09.05",
    "rating": "7",
    "author": "tole****",
    "review_id": "3813581",
    "movie_id": "10722"
  },
  {
    "review": "하드코어하다, 액션씬은 호쾌하며 테크닉이 더 좋아졌다, 스토리는 좀 작위적이 됨",
    "date": "09.06.04",
    "rating": "7",
    "author": "donj****",
    "review_id": "3543733",
    "movie_id": "10722"
  },
  {
    "review": "이것이 리얼 형사물",
    "date": "09.01.04",
    "rating": "8",
    "author": "newj****",
    "review_id": "3188341",
    "movie_id": "10722"
  },
  {
    "review": "2도 볼만함..",
    "date": "09.01.01",
    "rating": "10",
    "author": "2001****",
    "review_id": "3174977",
    "movie_id": "10722"
  },
  {
    "review": "전 시리즈 다 보세요.",
    "date": "08.07.07",
    "rating": "10",
    "author": "band****",
    "review_id": "2747281",
    "movie_id": "10722"
  },
  {
    "review": "전편에 이어 매그넘이 계속 불을 뿜는다 악인은 총알맛이 최고여",
    "date": "08.07.05",
    "rating": "6",
    "author": "deff****",
    "review_id": "2740667",
    "movie_id": "10722"
  },
  {
    "review": "1편의 포스에는 미치지못하지만 무난함",
    "date": "08.06.11",
    "rating": "7",
    "author": "ngda****",
    "review_id": "2692351",
    "movie_id": "10722"
  },
  {
    "review": "이게 30년도 더 된 영화라니..",
    "date": "08.05.03",
    "rating": "9",
    "author": "cheo****",
    "review_id": "2612590",
    "movie_id": "10722"
  },
  {
    "review": "1편도 재밌지만 이게 개인적으로 더 잼남",
    "date": "08.02.16",
    "rating": "9",
    "author": "okyk****",
    "review_id": "2449988",
    "movie_id": "10722"
  },
  {
    "review": "단점이 있지만 감각있는 액션 연출과 폼나는 이스트우드로 가볍게 상쇄..",
    "date": "08.01.22",
    "rating": "8",
    "author": "moon****",
    "review_id": "2359231",
    "movie_id": "10722"
  },
  {
    "review": "통쾌무비하기가 북두의 권도 울고 간다",
    "date": "07.12.17",
    "rating": "10",
    "author": "baks****",
    "review_id": "2238910",
    "movie_id": "10722"
  },
  {
    "review": "Man's got to know his limitation.",
    "date": "07.10.04",
    "rating": "10",
    "author": "rata****",
    "review_id": "2070312",
    "movie_id": "10722"
  },
  {
    "review": "훌륭한..캐릭터^^ 시원한 영화",
    "date": "07.09.14",
    "rating": "10",
    "author": "mala****",
    "review_id": "2018715",
    "movie_id": "10722"
  },
  {
    "review": "화끈하더군",
    "date": "07.06.08",
    "rating": "7",
    "author": "jump****",
    "review_id": "1690232",
    "movie_id": "10722"
  },
  {
    "review": "\"Man should know his limitation\"",
    "date": "06.09.15",
    "rating": "10",
    "author": "walk****",
    "review_id": "1123323",
    "movie_id": "10722"
  },
  {
    "review": "2번글쓴넘 바보..더티해리시리즈중 최고작이다!!",
    "date": "06.08.08",
    "rating": "10",
    "author": "hide****",
    "review_id": "983752",
    "movie_id": "10722"
  },
  {
    "review": "시리즈중 가장 폭력적인 시리즈 2번째 작품.",
    "date": "06.04.14",
    "rating": "7",
    "author": "movi****",
    "review_id": "760547",
    "movie_id": "10722"
  },
  {
    "review": "이 영화부터 망가지기 시작한다",
    "date": "05.12.24",
    "rating": "7",
    "author": "kws7****",
    "review_id": "525510",
    "movie_id": "10722"
  },
  {
    "review": "시리즈중 가장 파워풀한 액션신을 담고있습니다..",
    "date": "04.07.14",
    "rating": "9",
    "author": "leff****",
    "review_id": "70829",
    "movie_id": "10722"
  }
]