[
  {
    "review": "판타지가 되어 버린 씁쓸함",
    "date": "15.03.16",
    "rating": "3",
    "author": "rcan****",
    "review_id": "9787271",
    "movie_id": "10738"
  },
  {
    "review": "이건 별로다. ~~~.",
    "date": "15.02.11",
    "rating": "6",
    "author": "lion****",
    "review_id": "9686641",
    "movie_id": "10738"
  },
  {
    "review": "그렇게 나쁘지만은 않았다. 전편들의 밝았던 분위기에 비해서 한층 어두워진 분위기가 정통 호러를 표방했던 1편과 어느 정도 일맥상통하며 곳곳에서 묻어나는 다양한 상상력이 돋보인다.",
    "date": "14.08.09",
    "rating": "9",
    "author": "ajtw****",
    "review_id": "9055459",
    "movie_id": "10738"
  },
  {
    "review": "4편부터 막장으로 가더니..역시 5편도 딱 그 수준.",
    "date": "14.02.27",
    "rating": "1",
    "author": "rich****",
    "review_id": "8541693",
    "movie_id": "10738"
  },
  {
    "review": "엘름가의 악몽 : 꿈 아이. 4편에서 여주인공이었던 앨리스가 5편에서도 주인공이네유. 1,2,3편 여주인공들은 별로 안 예쁜데 앨리스는 예뻐서 연속으로 주인공 했나보네유. 편이 거듭될수록 특수 효과가 점점 더 발전하네유.",
    "date": "14.02.24",
    "rating": "5",
    "author": "real****",
    "review_id": "8535308",
    "movie_id": "10738"
  },
  {
    "review": "이때만 해도 그럭저럭 볼만은 했지만 식상한 내용",
    "date": "14.01.19",
    "rating": "6",
    "author": "adiv****",
    "review_id": "8400716",
    "movie_id": "10738"
  },
  {
    "review": "이 씨리즈는,하나도 빠짐없이 모두 다 즐겁다",
    "date": "13.09.25",
    "rating": "10",
    "author": "baks****",
    "review_id": "8015673",
    "movie_id": "10738"
  },
  {
    "review": "이제까지의 나이트메어 후속작 중 참신함이 가장 돋보이는 편",
    "date": "13.03.18",
    "rating": "7",
    "author": "awak****",
    "review_id": "7360268",
    "movie_id": "10738"
  },
  {
    "review": "여기서부터 망가졋구나...ㅋㅋ",
    "date": "10.08.21",
    "rating": "3",
    "author": "chob****",
    "review_id": "4774239",
    "movie_id": "10738"
  },
  {
    "review": "아주 실패하지는 않은 속편. 음식에 관한 공포의 꿈을 꾸는 여자 캐릭터가 생각남.",
    "date": "10.04.04",
    "rating": "5",
    "author": "stit****",
    "review_id": "4408927",
    "movie_id": "10738"
  },
  {
    "review": "만화적 기법 도용 등 상상력은 좋았다. 하지만 슬슬 잡탕이 되어간다.",
    "date": "08.10.18",
    "rating": "6",
    "author": "linu****",
    "review_id": "3006827",
    "movie_id": "10738"
  },
  {
    "review": "2편보단 3편이 3편보단 4편이 4편보단 이게 낫다.  제일 잘만든건 역시 1이지",
    "date": "08.07.05",
    "rating": "8",
    "author": "blue****",
    "review_id": "2741573",
    "movie_id": "10738"
  },
  {
    "review": "5편부터 솔직히 바닥이 드러나기 시작한다. ㅋㅋ",
    "date": "07.11.04",
    "rating": "8",
    "author": "lst8****",
    "review_id": "2133006",
    "movie_id": "10738"
  },
  {
    "review": "나이트메어~ 아 향수여~",
    "date": "07.08.05",
    "rating": "7",
    "author": "zito****",
    "review_id": "1885540",
    "movie_id": "10738"
  },
  {
    "review": "1이 제일 낫긴 낫다..",
    "date": "07.05.24",
    "rating": "8",
    "author": "toug****",
    "review_id": "1656429",
    "movie_id": "10738"
  },
  {
    "review": "3,4편 만큼은 아니었으나  그래도 기본은 한다!",
    "date": "07.01.15",
    "rating": "7",
    "author": "gall****",
    "review_id": "1387851",
    "movie_id": "10738"
  },
  {
    "review": "시리즈별로 높은 점을 주고 싶어도 도저히..",
    "date": "06.09.14",
    "rating": "5",
    "author": "mjmm****",
    "review_id": "1121230",
    "movie_id": "10738"
  },
  {
    "review": "아직까지 괜찮게 봤다.",
    "date": "06.08.27",
    "rating": "7",
    "author": "xxss****",
    "review_id": "1082327",
    "movie_id": "10738"
  },
  {
    "review": "시리즈를 거듭할 수록 판타지영화가 되어간다",
    "date": "06.08.05",
    "rating": "6",
    "author": "lemo****",
    "review_id": "970939",
    "movie_id": "10738"
  },
  {
    "review": "죽이는 것고 기술이 필요하다",
    "date": "06.07.30",
    "rating": "9",
    "author": "deff****",
    "review_id": "944049",
    "movie_id": "10738"
  },
  {
    "review": "시리즈....",
    "date": "06.07.27",
    "rating": "7",
    "author": "zeed****",
    "review_id": "929497",
    "movie_id": "10738"
  },
  {
    "review": "억지는 억지인데 재미는 그럭저럭 있음.",
    "date": "06.07.05",
    "rating": "8",
    "author": "qhdh****",
    "review_id": "872328",
    "movie_id": "10738"
  },
  {
    "review": "바퀴벌레 ....ㅎㅎㅎㅎ",
    "date": "06.01.11",
    "rating": "10",
    "author": "dang****",
    "review_id": "579909",
    "movie_id": "10738"
  },
  {
    "review": "아 그냥 팍",
    "date": "05.12.25",
    "rating": "5",
    "author": "kws7****",
    "review_id": "527394",
    "movie_id": "10738"
  },
  {
    "review": "드디어 스토리 얽히고 설혔다... 잘 풀릴수도 있었던 편인데...",
    "date": "05.08.10",
    "rating": "5",
    "author": "nabi****",
    "review_id": "360319",
    "movie_id": "10738"
  },
  {
    "review": "4편보다재미없어도6편보다재미있다",
    "date": "05.02.28",
    "rating": "10",
    "author": "vmfp****",
    "review_id": "232408",
    "movie_id": "10738"
  },
  {
    "review": "2편이에요 2편.. 전체적인 스토리맥락에 안맞는 이상한구성;;",
    "date": "04.11.24",
    "rating": "8",
    "author": "song****",
    "review_id": "151255",
    "movie_id": "10738"
  },
  {
    "review": "맞아요 최악의 졸작은 2편이죠... 5편은 비쥬얼만해도 볼만하죠",
    "date": "04.06.13",
    "rating": "8",
    "author": "mdem****",
    "review_id": "53380",
    "movie_id": "10738"
  },
  {
    "review": "최악의 졸작은 2편이지...홍성진 형님~",
    "date": "04.05.12",
    "rating": "8",
    "author": "kens****",
    "review_id": "42678",
    "movie_id": "10738"
  },
  {
    "review": "나이트메어 시리즈 중에서 시각적보기는 그때치고 젤 신선하다.",
    "date": "04.04.13",
    "rating": "7",
    "author": "byme****",
    "review_id": "36390",
    "movie_id": "10738"
  }
]