[
  {
    "review": "시리즈중 가장 스타일리쉬한 연출1.4.3 나머진 글쎄..",
    "date": "15.06.03",
    "rating": "10",
    "author": "cool****",
    "review_id": "9972913",
    "movie_id": "10737"
  },
  {
    "review": "오락성을 덧칠하여 장점이 사라졌다",
    "date": "15.03.16",
    "rating": "5",
    "author": "rcan****",
    "review_id": "9787270",
    "movie_id": "10737"
  },
  {
    "review": "초등학생 때 이거 보고 몇일동안 무서웠다... 몇OO 지난 지금 다시 보니 프레디 귀엽네..",
    "date": "14.07.22",
    "rating": "9",
    "author": "bc20****",
    "review_id": "8939917",
    "movie_id": "10737"
  },
  {
    "review": "3에는 약간 못미치는 듯 하지만 재밌는 편이다.무섭다기보다 코믹스러운 장면들이 있어 좀 아쉽다.",
    "date": "14.06.22",
    "rating": "8",
    "author": "jwjy****",
    "review_id": "8847043",
    "movie_id": "10737"
  },
  {
    "review": "감독이름보고 봤는데..정말 이건 아니다.",
    "date": "14.02.27",
    "rating": "1",
    "author": "rich****",
    "review_id": "8541690",
    "movie_id": "10737"
  },
  {
    "review": "엘름가의 악몽 4. 3편에서 살았던 애들 또 나오는디 결국 다 죽네유. 나이트메어 프레디와 13일의 금요일 제이슨은 매번 죽었다가 별 희한한 뜬금없는 이유로 다시 살아나니께 황당하네유. 나이트메어는 공포 영화라는 생각이 안 드네유.",
    "date": "14.02.11",
    "rating": "5",
    "author": "real****",
    "review_id": "8497450",
    "movie_id": "10737"
  },
  {
    "review": "더 화끈하게 죽이는 프레디 더 막강해짐",
    "date": "13.12.18",
    "rating": "7",
    "author": "adiv****",
    "review_id": "8221807",
    "movie_id": "10737"
  },
  {
    "review": "매우실감났다",
    "date": "13.04.06",
    "rating": "10",
    "author": "jura****",
    "review_id": "7439300",
    "movie_id": "10737"
  },
  {
    "review": "똑같다 똑같다",
    "date": "13.03.18",
    "rating": "7",
    "author": "awak****",
    "review_id": "7360159",
    "movie_id": "10737"
  },
  {
    "review": "나이트메어 1편과 함께 최고로 치는 4편. 스크린속으로 빨려들어 날아가는 장면압권",
    "date": "12.03.10",
    "rating": "10",
    "author": "chik****",
    "review_id": "6135325",
    "movie_id": "10737"
  },
  {
    "review": "3편 4편이 제일 잼있음..  1.2편은 살짝잔인하고 좀 지루함.5편부터는 쓰레기됨.ㅋ",
    "date": "12.02.15",
    "rating": "9",
    "author": "msh1****",
    "review_id": "6077354",
    "movie_id": "10737"
  },
  {
    "review": "나이트메어는 1,2편이 진리. 3편부터는 과다특수효과와 프레디랑 장난만 가득",
    "date": "10.05.12",
    "rating": "7",
    "author": "redo****",
    "review_id": "4494179",
    "movie_id": "10737"
  },
  {
    "review": "난 왜 1보다 4가 더 재밌지? 시리즈중 4가 최고다 ㅎ",
    "date": "10.05.06",
    "rating": "10",
    "author": "cjsr****",
    "review_id": "4483880",
    "movie_id": "10737"
  },
  {
    "review": "가장 맘에 드는 속편. 바디카운트 10점,음악 10점,데쓰신 10점,배우 10점,미학 10점",
    "date": "10.04.01",
    "rating": "10",
    "author": "stit****",
    "review_id": "4401171",
    "movie_id": "10737"
  },
  {
    "review": "풉 ㅋㅋ",
    "date": "10.02.28",
    "rating": "10",
    "author": "ajtw****",
    "review_id": "4324422",
    "movie_id": "10737"
  },
  {
    "review": "잔재미면에서는 시리즈 최고인 작품",
    "date": "09.02.03",
    "rating": "8",
    "author": "tgun****",
    "review_id": "3274304",
    "movie_id": "10737"
  },
  {
    "review": "꿈과 현실, 현실과 꿈, 꿈과 현실, 현실과 꿈, ....,   무한반복의 루즈함.",
    "date": "08.11.26",
    "rating": "6",
    "author": "skat****",
    "review_id": "3072673",
    "movie_id": "10737"
  },
  {
    "review": "처음본 나이트메어시리즈.. 따분한 밤시간에 잠 확달아나게 하는군ㅋㅋ",
    "date": "08.11.25",
    "rating": "10",
    "author": "pedi****",
    "review_id": "3072518",
    "movie_id": "10737"
  },
  {
    "review": "레니할린 감독보고 봤는데...이건머 상OO영화네 이걸보느니 자야지",
    "date": "08.11.18",
    "rating": "1",
    "author": "dudl****",
    "review_id": "3058863",
    "movie_id": "10737"
  },
  {
    "review": "아이디어는 좋다. 아그러나.........대체왜본거지?ㅠㅠ",
    "date": "08.11.13",
    "rating": "6",
    "author": "yeon****",
    "review_id": "3046970",
    "movie_id": "10737"
  },
  {
    "review": "지금봐도 재미있다 당시 극장에서 봤으면 더 재미있었을듯",
    "date": "08.11.11",
    "rating": "8",
    "author": "ledd****",
    "review_id": "3044455",
    "movie_id": "10737"
  },
  {
    "review": "딱 레니할린의 색깔이 묻어난다. 아이디어는 좋았다.",
    "date": "08.10.18",
    "rating": "7",
    "author": "linu****",
    "review_id": "3006819",
    "movie_id": "10737"
  },
  {
    "review": "나이트메어씨리즈 중 최고",
    "date": "08.09.23",
    "rating": "10",
    "author": "0303****",
    "review_id": "2965095",
    "movie_id": "10737"
  },
  {
    "review": "재밌당",
    "date": "08.07.14",
    "rating": "10",
    "author": "ciub****",
    "review_id": "2762170",
    "movie_id": "10737"
  },
  {
    "review": "스릴러적인 면은 없어지고 호러적이고 잔인함만 남았다",
    "date": "08.07.12",
    "rating": "2",
    "author": "si2p****",
    "review_id": "2756634",
    "movie_id": "10737"
  },
  {
    "review": "2,3편 보다는 낫군",
    "date": "08.07.04",
    "rating": "7",
    "author": "blue****",
    "review_id": "2739900",
    "movie_id": "10737"
  },
  {
    "review": "넘 징그러운 장면이 많은거 빼곤 최고~",
    "date": "07.11.04",
    "rating": "9",
    "author": "lst8****",
    "review_id": "2133001",
    "movie_id": "10737"
  },
  {
    "review": "액션스타일이 부각된 레니할린 스타일!!",
    "date": "07.06.27",
    "rating": "7",
    "author": "hide****",
    "review_id": "1724274",
    "movie_id": "10737"
  },
  {
    "review": "전작들에 없던 코믹한 요소도 추가되었다.약간 황당한것도 있고..재밌네.",
    "date": "07.05.21",
    "rating": "8",
    "author": "toug****",
    "review_id": "1649811",
    "movie_id": "10737"
  },
  {
    "review": "꽤나 볼만한 작품",
    "date": "07.04.08",
    "rating": "6",
    "author": "cube****",
    "review_id": "1577690",
    "movie_id": "10737"
  },
  {
    "review": "시리즈중 극장서 최초로 봤던... 그래서 갠적으로 젤 재밌었던..",
    "date": "07.01.15",
    "rating": "9",
    "author": "gall****",
    "review_id": "1387850",
    "movie_id": "10737"
  },
  {
    "review": "항상 당하던 주인공이 이번 작품에서 반격을 시도한다 최고",
    "date": "07.01.15",
    "rating": "9",
    "author": "nala****",
    "review_id": "1386699",
    "movie_id": "10737"
  },
  {
    "review": "메뚜기변신처럼 창의적인 비주얼이 멋진 레니할린의 떡잎",
    "date": "07.01.06",
    "rating": "6",
    "author": "teo0****",
    "review_id": "1360232",
    "movie_id": "10737"
  },
  {
    "review": "공포영화 인데 액션은 강하지만 시리즈중 수작!",
    "date": "06.09.29",
    "rating": "9",
    "author": "tpff****",
    "review_id": "1148484",
    "movie_id": "10737"
  },
  {
    "review": "시리즈가 갈수록 이야기가 연결되는구나..",
    "date": "06.09.12",
    "rating": "5",
    "author": "mjmm****",
    "review_id": "1118261",
    "movie_id": "10737"
  },
  {
    "review": "크리스틴 왤케 이쁘니 ㅎㅎ",
    "date": "06.09.10",
    "rating": "8",
    "author": "junm****",
    "review_id": "1114844",
    "movie_id": "10737"
  },
  {
    "review": "공포감은 거의 실종되었지만 재미는 있다.",
    "date": "06.08.27",
    "rating": "8",
    "author": "xxss****",
    "review_id": "1082323",
    "movie_id": "10737"
  },
  {
    "review": "1편보고최근에만들었음괜찮을수도해서봤는데(88년작)괜히봄ㅡ.",
    "date": "06.08.17",
    "rating": "5",
    "author": "idze****",
    "review_id": "1046862",
    "movie_id": "10737"
  },
  {
    "review": "80년도 작품을 지금 보자니...아아~",
    "date": "06.08.08",
    "rating": "6",
    "author": "saru****",
    "review_id": "986007",
    "movie_id": "10737"
  },
  {
    "review": "나이트메어 특유의 호러성에 레니할린식 액션을 가미",
    "date": "06.08.05",
    "rating": "7",
    "author": "lemo****",
    "review_id": "970936",
    "movie_id": "10737"
  },
  {
    "review": "잠을 자면 죽는다 일어나라",
    "date": "06.07.30",
    "rating": "9",
    "author": "deff****",
    "review_id": "944050",
    "movie_id": "10737"
  },
  {
    "review": "나이트메어시리즈중제일무섭네여",
    "date": "06.06.03",
    "rating": "10",
    "author": "jing****",
    "review_id": "829601",
    "movie_id": "10737"
  },
  {
    "review": "제일 좋아하는 시리즈다 ㅎㅎㅎ",
    "date": "06.01.11",
    "rating": "10",
    "author": "dang****",
    "review_id": "579901",
    "movie_id": "10737"
  },
  {
    "review": "오락성은 훌륭",
    "date": "05.12.30",
    "rating": "7",
    "author": "wjst****",
    "review_id": "541134",
    "movie_id": "10737"
  },
  {
    "review": "시리즈중 제일 재미없다",
    "date": "05.12.24",
    "rating": "1",
    "author": "kws7****",
    "review_id": "525073",
    "movie_id": "10737"
  },
  {
    "review": "재밌기는 하다... 근데 등장인물이 별로 맘에 안 들어...",
    "date": "05.08.10",
    "rating": "7",
    "author": "nabi****",
    "review_id": "360317",
    "movie_id": "10737"
  },
  {
    "review": "꽤재미있다특히마지막부분이",
    "date": "05.02.28",
    "rating": "10",
    "author": "vmfp****",
    "review_id": "232413",
    "movie_id": "10737"
  },
  {
    "review": "이게 재밌어? 5편이 훨씬 낫던데.",
    "date": "04.10.31",
    "rating": "6",
    "author": "sara****",
    "review_id": "136198",
    "movie_id": "10737"
  },
  {
    "review": "번외편까지 총 8편.. 그중 나이트메어 초특급 절정판..",
    "date": "04.08.28",
    "rating": "8",
    "author": "daro****",
    "review_id": "98248",
    "movie_id": "10737"
  },
  {
    "review": "시리즈중 재미로 치면 가장 재미있는것 같다.",
    "date": "04.08.22",
    "rating": "8",
    "author": "u3dk****",
    "review_id": "94836",
    "movie_id": "10737"
  },
  {
    "review": "감독이 유명해서...인지..잘 만들었음.",
    "date": "04.08.09",
    "rating": "10",
    "author": "deep****",
    "review_id": "87169",
    "movie_id": "10737"
  }
]