[
  {
    "review": "누구한테 하는 복수인가 허접함의 연속",
    "date": "15.03.05",
    "rating": "3",
    "author": "rcan****",
    "review_id": "9756842",
    "movie_id": "10735"
  },
  {
    "review": "흉내도 제대로 못 내는 감독의 민폐작",
    "date": "14.08.24",
    "rating": "3",
    "author": "touc****",
    "review_id": "9130270",
    "movie_id": "10735"
  },
  {
    "review": "엘름가의 악몽 파트 2. 1편은 지루한 면이 있지만 그래도 독특한 소재라는 이유로 점수 줬는디 2편은 그냥 지루함 뿐이네유. 졸작이네유.",
    "date": "14.02.10",
    "rating": "1",
    "author": "real****",
    "review_id": "8496285",
    "movie_id": "10735"
  },
  {
    "review": "크리스토퍼 영의 영화음악 만으로도 8점받을 가치가 충분하다고 인정.",
    "date": "14.01.07",
    "rating": "8",
    "author": "rich****",
    "review_id": "8358489",
    "movie_id": "10735"
  },
  {
    "review": "꿈속에서 나와 13일의 할로윈에 나타난 프레디...이건 죽도 밥도 아닌 음식물쓰레기.",
    "date": "13.10.30",
    "rating": "1",
    "author": "clim****",
    "review_id": "8102091",
    "movie_id": "10735"
  },
  {
    "review": "전편인1편에 전혀 OOO 않는,기가 막히고,코가 막힌 속편의시작...그야말로,피의축제의시작이다...만끽하라...화려한 피의축제를...쓰잘데기 없이 화면에 피칠갑으로 떡칠한,13일의 금요일씨리즈랑 같을쏘냐?하고,감독이 말했습니다...아니,좀 나은편인가?",
    "date": "13.09.26",
    "rating": "10",
    "author": "baks****",
    "review_id": "8016011",
    "movie_id": "10735"
  },
  {
    "review": "1편 보다는 좀더 재미있게 이야기가 진행되면서 국내 인기 시작..",
    "date": "13.07.28",
    "rating": "7",
    "author": "adiv****",
    "review_id": "7795970",
    "movie_id": "10735"
  },
  {
    "review": "볼때 쌍욕하면서 봤던영화",
    "date": "13.06.01",
    "rating": "1",
    "author": "neja****",
    "review_id": "7569076",
    "movie_id": "10735"
  },
  {
    "review": "1편이 조금은 소극적인 프레디였다면 2편은 적극적인 성격의 프레디가 등장함",
    "date": "13.01.27",
    "rating": "7",
    "author": "awak****",
    "review_id": "7181588",
    "movie_id": "10735"
  },
  {
    "review": "진지한 프레디,음울한 분위기,동성애 코드.시리즈 중 색다른 이녀석에게 애정이 간다.",
    "date": "12.02.27",
    "rating": "8",
    "author": "blur****",
    "review_id": "6107148",
    "movie_id": "10735"
  },
  {
    "review": "독특한 상황설정에 한표...",
    "date": "11.07.31",
    "rating": "10",
    "author": "hole****",
    "review_id": "5586164",
    "movie_id": "10735"
  },
  {
    "review": "개인적으로 2편을 당시에 가장 무섭게 봣엇음",
    "date": "10.08.09",
    "rating": "10",
    "author": "rnrd****",
    "review_id": "4727461",
    "movie_id": "10735"
  },
  {
    "review": "1편의 성공에 고무되어 너무 안일하게 만들지 않았나 싶다. 허접한 장면이 너무 많음",
    "date": "10.06.28",
    "rating": "5",
    "author": "mygr****",
    "review_id": "4595864",
    "movie_id": "10735"
  },
  {
    "review": "전작에 비해선 너무 이펙트가 약하고 무섭지도 않은...",
    "date": "10.06.05",
    "rating": "4",
    "author": "cudd****",
    "review_id": "4545554",
    "movie_id": "10735"
  },
  {
    "review": "1,2편이 진국이라고 보는데... 3편부터는 너무 특수효과로 공포감 다 사라짐.",
    "date": "10.05.22",
    "rating": "10",
    "author": "redo****",
    "review_id": "4515248",
    "movie_id": "10735"
  },
  {
    "review": "프레디는 최고의 캐릭~ 2편까지는 참 무섭고 재밌었던것같은데..나만 그런가?ㅋ",
    "date": "10.05.11",
    "rating": "9",
    "author": "pama****",
    "review_id": "4492743",
    "movie_id": "10735"
  },
  {
    "review": "마크 패튼이 이끄는 독특한 속편. 주인공은 이 영화 이후 사라짐. 킴 마이어스 풋풋.",
    "date": "10.03.31",
    "rating": "7",
    "author": "stit****",
    "review_id": "4399580",
    "movie_id": "10735"
  },
  {
    "review": "호러라기보단, 미스테리군..=_=;; 전편보다 떨어지는 프레디의 카리스마.",
    "date": "09.05.06",
    "rating": "6",
    "author": "naru****",
    "review_id": "3475659",
    "movie_id": "10735"
  },
  {
    "review": "나이트 메어 시리즈 최대 졸작...",
    "date": "09.02.03",
    "rating": "2",
    "author": "tgun****",
    "review_id": "3274299",
    "movie_id": "10735"
  },
  {
    "review": "남자주인공 비명소리가 여자같다고 생각한 사람은 나뿐인거야??;;",
    "date": "08.10.26",
    "rating": "1",
    "author": "drea****",
    "review_id": "3020012",
    "movie_id": "10735"
  },
  {
    "review": "전작의 성공에 힘입어 이에 편승하려는 전형적인 타감독의 아류작",
    "date": "08.10.16",
    "rating": "5",
    "author": "linu****",
    "review_id": "3002730",
    "movie_id": "10735"
  },
  {
    "review": "1편에 비해 한참 모자란 작품 긴장도 공포도 모두 잃어 버렸다.",
    "date": "08.07.24",
    "rating": "6",
    "author": "vhzm****",
    "review_id": "2797012",
    "movie_id": "10735"
  },
  {
    "review": "프레디의 복수치고는 좀 허접하긴 했다",
    "date": "08.07.12",
    "rating": "2",
    "author": "si2p****",
    "review_id": "2756610",
    "movie_id": "10735"
  },
  {
    "review": "이건 뭐야.-ㅅ- 프레디가 이래도 되는거야? 실망스럽다.",
    "date": "08.07.06",
    "rating": "4",
    "author": "blue****",
    "review_id": "2744123",
    "movie_id": "10735"
  },
  {
    "review": "근데 어이없는건 이 작품에선 프레디가 꿈속에서 죽인 사람은 한명도 없네요",
    "date": "08.07.04",
    "rating": "10",
    "author": "ajtw****",
    "review_id": "2738739",
    "movie_id": "10735"
  },
  {
    "review": "약간 코믹스러워서 재밌내요.ㅎㅎ",
    "date": "08.02.27",
    "rating": "8",
    "author": "semi****",
    "review_id": "2486357",
    "movie_id": "10735"
  },
  {
    "review": "1편에 비해 재미없음",
    "date": "08.01.01",
    "rating": "1",
    "author": "wjsh****",
    "review_id": "2287178",
    "movie_id": "10735"
  },
  {
    "review": "솔직히 5점대의 평점을 받을 작품은 아니다.",
    "date": "07.11.04",
    "rating": "8",
    "author": "lst8****",
    "review_id": "2132996",
    "movie_id": "10735"
  },
  {
    "review": "1편이 너무 좋았던 거다",
    "date": "07.09.23",
    "rating": "5",
    "author": "stra****",
    "review_id": "2040471",
    "movie_id": "10735"
  },
  {
    "review": "1편이 너무 재미있어서....",
    "date": "07.08.05",
    "rating": "6",
    "author": "zito****",
    "review_id": "1885545",
    "movie_id": "10735"
  },
  {
    "review": "1편에 비해 상당히 실망스러웠다.긴장감이 왜케 떨어지던지...",
    "date": "07.05.20",
    "rating": "6",
    "author": "toug****",
    "review_id": "1647712",
    "movie_id": "10735"
  },
  {
    "review": "전작의 특유한 무게감은 살렸어야 한다.단, 치장의 노력은 인정.",
    "date": "07.03.29",
    "rating": "6",
    "author": "west****",
    "review_id": "1560557",
    "movie_id": "10735"
  },
  {
    "review": "2편은 나이트 메어 전 시리즈에서 가장 떨어짐",
    "date": "07.01.15",
    "rating": "5",
    "author": "gall****",
    "review_id": "1387845",
    "movie_id": "10735"
  },
  {
    "review": "나이트메어 시리즈가 다른 공포물 시리즈보다는 좋다",
    "date": "07.01.15",
    "rating": "6",
    "author": "nala****",
    "review_id": "1386689",
    "movie_id": "10735"
  },
  {
    "review": "졸작에 한표 더",
    "date": "06.10.23",
    "rating": "2",
    "author": "lemo****",
    "review_id": "1195558",
    "movie_id": "10735"
  },
  {
    "review": "한마디로 말해서 졸작..",
    "date": "06.09.14",
    "rating": "1",
    "author": "jing****",
    "review_id": "1121325",
    "movie_id": "10735"
  },
  {
    "review": "상황설정이 엉성하잖아! 진정한 프레디의 모습을 보기 힘들구",
    "date": "06.09.06",
    "rating": "5",
    "author": "mjmm****",
    "review_id": "1107738",
    "movie_id": "10735"
  },
  {
    "review": "이질적인 작품이지만 괜찮게 봤다.",
    "date": "06.08.27",
    "rating": "8",
    "author": "xxss****",
    "review_id": "1082321",
    "movie_id": "10735"
  },
  {
    "review": "복수를 하기 위해 돌아온 꿈속의 전사",
    "date": "06.07.30",
    "rating": "8",
    "author": "deff****",
    "review_id": "944063",
    "movie_id": "10735"
  },
  {
    "review": "1편보다 지루했삼..그래도 괜찮았음..",
    "date": "06.07.16",
    "rating": "5",
    "author": "jeon****",
    "review_id": "896466",
    "movie_id": "10735"
  },
  {
    "review": "사실2는 좀 지루하다...",
    "date": "06.07.02",
    "rating": "5",
    "author": "qhdh****",
    "review_id": "867151",
    "movie_id": "10735"
  },
  {
    "review": "그럭저럭 볼만한  시리즈 2편.",
    "date": "06.03.30",
    "rating": "6",
    "author": "movi****",
    "review_id": "740620",
    "movie_id": "10735"
  },
  {
    "review": "ㅎㅎㅎㅎㅎ",
    "date": "06.01.11",
    "rating": "10",
    "author": "dang****",
    "review_id": "579903",
    "movie_id": "10735"
  },
  {
    "review": "일글런드 연기 지겹다",
    "date": "05.12.25",
    "rating": "4",
    "author": "kws7****",
    "review_id": "527395",
    "movie_id": "10735"
  },
  {
    "review": "지루한 영화...",
    "date": "05.08.10",
    "rating": "6",
    "author": "nabi****",
    "review_id": "360315",
    "movie_id": "10735"
  },
  {
    "review": "나이트메어6편보다는재미있는것갔다",
    "date": "05.02.28",
    "rating": "10",
    "author": "vmfp****",
    "review_id": "232414",
    "movie_id": "10735"
  },
  {
    "review": "내가 본 나이트메어시리즈중 최악",
    "date": "04.10.31",
    "rating": "4",
    "author": "sara****",
    "review_id": "136201",
    "movie_id": "10735"
  }
]