[
  {
    "review": "중심도 안 잡혀있는 중구난방 산으로 가는 스토리",
    "date": "15.04.07",
    "rating": "1",
    "author": "rcan****",
    "review_id": "9832330",
    "movie_id": "10739"
  },
  {
    "review": "프레디를 죽이고 그의 과거를 다루는데, 완성도는 총체적 난국에 최악이다.",
    "date": "14.03.22",
    "rating": "2",
    "author": "zxc1****",
    "review_id": "8596383",
    "movie_id": "10739"
  },
  {
    "review": "공포든 SF든 내용이고 나발이고 볼거리가 많은 게 최고인디 볼거리는 조금 밖에 없네유. 프레디의 과거를 보여주는 건 괜찮네유. 제목 번역 어느 바보가 한거여. 나이트메어6가 아니라 파이널 나이트메어잖여.",
    "date": "14.02.08",
    "rating": "5",
    "author": "real****",
    "review_id": "8486358",
    "movie_id": "10739"
  },
  {
    "review": "갈수록 스토리 고갈에 공포감은 거의 없고 우려먹기 대표작",
    "date": "14.01.19",
    "rating": "4",
    "author": "adiv****",
    "review_id": "8400707",
    "movie_id": "10739"
  },
  {
    "review": "난 관대하다...이 씨리즈에게는,특히 그렇다",
    "date": "13.09.26",
    "rating": "10",
    "author": "baks****",
    "review_id": "8015997",
    "movie_id": "10739"
  },
  {
    "review": "너무 유치하게 만들지 않았나싶다. 어린이 영화같은...",
    "date": "13.03.25",
    "rating": "6",
    "author": "awak****",
    "review_id": "7409600",
    "movie_id": "10739"
  },
  {
    "review": "최후를 이렇게 말아먹으면 되나? 3D라기도 창피.",
    "date": "12.04.19",
    "rating": "2",
    "author": "sykm****",
    "review_id": "6231843",
    "movie_id": "10739"
  },
  {
    "review": "몇몇 데쓰 신을 빼놓고는 거론할 것이 없는 작품. 마지막이라더니 속편은 왜?",
    "date": "10.04.10",
    "rating": "3",
    "author": "stit****",
    "review_id": "4423218",
    "movie_id": "10739"
  },
  {
    "review": "아 진짜 재미없었음.. 그래도 프레디니까 1점은 안주겠다만",
    "date": "10.02.04",
    "rating": "2",
    "author": "tjtm****",
    "review_id": "4245401",
    "movie_id": "10739"
  },
  {
    "review": "이건 좀 아닌거 같은데 ...명성이 비해서 별로였음...",
    "date": "09.09.28",
    "rating": "6",
    "author": "jbc1****",
    "review_id": "3858640",
    "movie_id": "10739"
  },
  {
    "review": "나 진짜 1점 잘 안주는데.. 처음부터 끝까지 어색하고 구려",
    "date": "09.04.13",
    "rating": "1",
    "author": "hell****",
    "review_id": "3419606",
    "movie_id": "10739"
  },
  {
    "review": "역시 최악은 2편이고 이건 그다음 바로 뒤를 잇는 최악.",
    "date": "08.11.10",
    "rating": "10",
    "author": "show****",
    "review_id": "3043110",
    "movie_id": "10739"
  },
  {
    "review": "시리즈 중 최악의 졸작",
    "date": "08.10.20",
    "rating": "4",
    "author": "linu****",
    "review_id": "3010509",
    "movie_id": "10739"
  },
  {
    "review": "프레디가 정말 맥없이 죽긴 하네... 개인적으로 2편보다는 낫네... 2편은 정말 --",
    "date": "08.07.06",
    "rating": "6",
    "author": "blue****",
    "review_id": "2744121",
    "movie_id": "10739"
  },
  {
    "review": "나이트메어를 제대로 망가트린 영화 후속작이 나올수도 없을만큼 ㅋㅋ",
    "date": "07.11.04",
    "rating": "7",
    "author": "lst8****",
    "review_id": "2133010",
    "movie_id": "10739"
  },
  {
    "review": "어릴적극장에서 3D안경쓰고봤던 기억이나네..ㅋㅋ",
    "date": "07.06.27",
    "rating": "5",
    "author": "hide****",
    "review_id": "1724279",
    "movie_id": "10739"
  },
  {
    "review": "시리즈라 끝까지 봤지..갈수록 영.......",
    "date": "07.05.30",
    "rating": "5",
    "author": "toug****",
    "review_id": "1673558",
    "movie_id": "10739"
  },
  {
    "review": "최고의 졸작..  그나마 배우들의 연기때문에 본다. 시간때우기 용",
    "date": "07.05.15",
    "rating": "5",
    "author": "dbsr****",
    "review_id": "1640048",
    "movie_id": "10739"
  },
  {
    "review": "허무... 2편과 더불어 비추 작품..",
    "date": "07.01.15",
    "rating": "6",
    "author": "gall****",
    "review_id": "1387861",
    "movie_id": "10739"
  },
  {
    "review": "프레디 딸도 있었네~?! 1편에 이어 조니뎁이 나오네~",
    "date": "06.09.20",
    "rating": "5",
    "author": "mjmm****",
    "review_id": "1133348",
    "movie_id": "10739"
  },
  {
    "review": "욕 나옴..프레디가 처량하다.",
    "date": "06.08.27",
    "rating": "3",
    "author": "xxss****",
    "review_id": "1082328",
    "movie_id": "10739"
  },
  {
    "review": "조니 뎁이 TV화면속에 나와서 프라이팬으로 맞는 영화",
    "date": "06.08.05",
    "rating": "3",
    "author": "open****",
    "review_id": "972137",
    "movie_id": "10739"
  },
  {
    "review": ".",
    "date": "06.07.29",
    "rating": "10",
    "author": "eun7****",
    "review_id": "939284",
    "movie_id": "10739"
  },
  {
    "review": "1편감독님이 화나실만도하네,,,",
    "date": "06.06.03",
    "rating": "1",
    "author": "jing****",
    "review_id": "829609",
    "movie_id": "10739"
  },
  {
    "review": "프레디 디지다........",
    "date": "06.01.11",
    "rating": "1",
    "author": "dang****",
    "review_id": "579912",
    "movie_id": "10739"
  },
  {
    "review": "뭐하냐..",
    "date": "05.12.25",
    "rating": "1",
    "author": "kws7****",
    "review_id": "527396",
    "movie_id": "10739"
  },
  {
    "review": "시리즈 중 최악... 약발다한 프레디...ㅉㅉ",
    "date": "05.08.10",
    "rating": "1",
    "author": "nabi****",
    "review_id": "360321",
    "movie_id": "10739"
  },
  {
    "review": "꿈속에서들리는실루엣음성이젤루무섭다",
    "date": "05.07.25",
    "rating": "7",
    "author": "izzo****",
    "review_id": "333020",
    "movie_id": "10739"
  },
  {
    "review": "역시...역시 코메디군...최악",
    "date": "05.03.03",
    "rating": "2",
    "author": "deep****",
    "review_id": "234641",
    "movie_id": "10739"
  },
  {
    "review": "너무재미없어서하말없음....갑자기왠딸이라냐?",
    "date": "05.02.28",
    "rating": "1",
    "author": "vmfp****",
    "review_id": "232410",
    "movie_id": "10739"
  },
  {
    "review": "레디형은 영원해!!!",
    "date": "04.02.14",
    "rating": "10",
    "author": "asdf****",
    "review_id": "20028",
    "movie_id": "10739"
  }
]