[
  {
    "review": "화려해지고 괴기스러워진 특수기법과 개인에서 팀 플레이로 진화된 싸움",
    "date": "15.03.09",
    "rating": "6",
    "author": "rcan****",
    "review_id": "9768380",
    "movie_id": "10736"
  },
  {
    "review": "1,3,4편 중에서는 3편이 제일 재밌다",
    "date": "15.01.22",
    "rating": "9",
    "author": "bagg****",
    "review_id": "9621289",
    "movie_id": "10736"
  },
  {
    "review": "오버한 부분도 없지 않아 있지만 그래도 항상 프레디 크루거는 알 수 없는 무언의 공포감을 선사한다.아쉬운 부분도 있었지만 괜찮았다",
    "date": "14.12.31",
    "rating": "8",
    "author": "tjdg****",
    "review_id": "9542410",
    "movie_id": "10736"
  },
  {
    "review": "나이트메어는 3,4탄이 최고~  8.5점",
    "date": "14.12.06",
    "rating": "8",
    "author": "gall****",
    "review_id": "9451080",
    "movie_id": "10736"
  },
  {
    "review": "꿈속에서의 공포는 참 인상적이었다.",
    "date": "14.12.01",
    "rating": "8",
    "author": "kem1****",
    "review_id": "9437542",
    "movie_id": "10736"
  },
  {
    "review": "아 네이버 뭐냐;; 나이트메어 시리즈 다 보고 평점까지 다 등록해놨는데 다시 리셋시킨건 뭐여;; 아 짜증나네 여기 등록 안되어 있으면 안본건줄 알고 또는데 아 다음으로 갈아탈까",
    "date": "14.10.17",
    "rating": "7",
    "author": "awak****",
    "review_id": "9297240",
    "movie_id": "10736"
  }
]