[
  {
    "review": "인생 법정 영화 중 하나가 될듯. 다만 러닝 타임 때문에 지루하게 느끼는 사람도 많은 것 같으니 긴 영화 못 보는 사람은 주의할 것.",
    "date": "15.08.20",
    "rating": "9",
    "author": "ef14****",
    "review_id": "10253255",
    "movie_id": "10740"
  },
  {
    "review": "판사들은 정부딸랑이해서 국회의원이나 장관되려고 영혼파는경우가 많은데, 공부한게 아까워서라도 딸랑이 편인데, 핵소름... 목숨걸고 투혼..",
    "date": "15.08.16",
    "rating": "10",
    "author": "wowc****",
    "review_id": "10240891",
    "movie_id": "10740"
  },
  {
    "review": "정말 잘만든 웰메이드 영화. 케빈 코스트너와의 연기는 관객을 매혹시키기 충분했다. 10년이 지나도, 20년이 지나도, 케네디 대통령의 보고서가 공개되는 2029년 이후에도 계속 사랑받는 영화일것 같다.",
    "date": "15.08.15",
    "rating": "9",
    "author": "kenn****",
    "review_id": "10234080",
    "movie_id": "10740"
  },
  {
    "review": "1등 줘야만 하는 영화. 영화의 존재 이유",
    "date": "15.08.08",
    "rating": "10",
    "author": "egal****",
    "review_id": "10202432",
    "movie_id": "10740"
  },
  {
    "review": "왜 이 영화를 보는내내 현재 대한민국과 오버랩되어 보이는 걸까",
    "date": "15.08.05",
    "rating": "10",
    "author": "mind****",
    "review_id": "10190711",
    "movie_id": "10740"
  },
  {
    "review": "케네디  저격은 한명이 아니라 여러명에서 철저한 계획 이래 한 듯",
    "date": "15.08.03",
    "rating": "10",
    "author": "hjwm****",
    "review_id": "10178431",
    "movie_id": "10740"
  },
  {
    "review": "개리올드만도 나왔었네 ㅋㅋ  극장에서 봤는데 감동이었다.",
    "date": "15.08.01",
    "rating": "10",
    "author": "jang****",
    "review_id": "10170148",
    "movie_id": "10740"
  },
  {
    "review": "영화의 완성도엔 9점을, 허구성엔 1점을 준다. 감독의 편집증적인 시선을 따라 음모론에 안주하기보단 한번쯤 진실을 쫓는 자가 되어보는 건 어떨지.",
    "date": "15.07.19",
    "rating": "5",
    "author": "that****",
    "review_id": "10120980",
    "movie_id": "10740"
  },
  {
    "review": "짜임새 있는 플롯과 내러티브는 음모론의 진위를 떠나서 영화 내내 몰입하게 만든다.",
    "date": "15.07.15",
    "rating": "7",
    "author": "inos****",
    "review_id": "10107856",
    "movie_id": "10740"
  },
  {
    "review": "진실에 다가가려했던 감독에게 경의를",
    "date": "15.07.02",
    "rating": "10",
    "author": "kan3****",
    "review_id": "10061124",
    "movie_id": "10740"
  },
  {
    "review": "마지막 엔딩에 ~ 나오는 내용이 인상깊었다 . . .진실을 쫒는 젊은이들에게 이 영화를 바친다 . . .",
    "date": "15.06.24",
    "rating": "10",
    "author": "tekk****",
    "review_id": "10025592",
    "movie_id": "10740"
  },
  {
    "review": "그 어떤 부류에도 속하지 않는 감독의 진정으로 경이로운 영화",
    "date": "15.06.03",
    "rating": "10",
    "author": "sven****",
    "review_id": "9972778",
    "movie_id": "10740"
  },
  {
    "review": "추악한 권력이 저지른 이상주의자를 향한 공개처형",
    "date": "15.04.24",
    "rating": "10",
    "author": "clue****",
    "review_id": "9863975",
    "movie_id": "10740"
  },
  {
    "review": "믿고 보는 케빈코스트너. 양들의 침묵이 너무 막강했지만, 개인적으로는 91년 최고 작품.",
    "date": "15.04.10",
    "rating": "10",
    "author": "lsh5****",
    "review_id": "9837716",
    "movie_id": "10740"
  },
  {
    "review": "복잡한 인물들 나열.지루한스토리.무엇보다 케빈코스트너 목소리거슬려. 발연기",
    "date": "15.03.14",
    "rating": "2",
    "author": "dlat****",
    "review_id": "9780962",
    "movie_id": "10740"
  },
  {
    "review": "이 영화는 필수지...",
    "date": "15.02.11",
    "rating": "10",
    "author": "song****",
    "review_id": "9687704",
    "movie_id": "10740"
  },
  {
    "review": "어떻게보면 정말 지루할수도있는 이야기를 이렇게 흥미진진하게 끌고간다는게 대단하다.",
    "date": "15.02.07",
    "rating": "10",
    "author": "rain****",
    "review_id": "9676308",
    "movie_id": "10740"
  },
  {
    "review": "장시간의 러닝타임을 한 호흡으로 끌어가는 연출력",
    "date": "15.02.03",
    "rating": "8",
    "author": "rcan****",
    "review_id": "9662041",
    "movie_id": "10740"
  },
  {
    "review": "올리버 스톤에게도 이런 레전드시절이 있었지.",
    "date": "15.01.14",
    "rating": "8",
    "author": "rd72****",
    "review_id": "9594550",
    "movie_id": "10740"
  },
  {
    "review": "옜다! 8.5점.처음과 끝을 알수있는영화. 베트남은 케네디를 잃다",
    "date": "14.10.22",
    "rating": "8",
    "author": "wein****",
    "review_id": "9308285",
    "movie_id": "10740"
  },
  {
    "review": "진실? 음모론? 6대4에 한표~!",
    "date": "14.10.15",
    "rating": "8",
    "author": "tn99****",
    "review_id": "9294078",
    "movie_id": "10740"
  },
  {
    "review": "진실을 찾아 파헤치려고 노력하는 모습이 멋지다",
    "date": "14.09.22",
    "rating": "10",
    "author": "mara****",
    "review_id": "9233779",
    "movie_id": "10740"
  },
  {
    "review": "지루할 수 있는 내용임에도 정말 재미있게 봤습니다...",
    "date": "14.09.19",
    "rating": "9",
    "author": "psh_****",
    "review_id": "9224777",
    "movie_id": "10740"
  },
  {
    "review": "분명 괜찮은 영화다  하지만 재미를 잊을 정도로 길고 지루하다",
    "date": "14.08.25",
    "rating": "9",
    "author": "kmh0****",
    "review_id": "9133628",
    "movie_id": "10740"
  },
  {
    "review": "미국에 대해 정치, 역사적으로 관심이 덜한 사람에겐 3시간이 넘는 러닝 타임이 힘들고 지루할 수 있다. 하지만 정의를 위해 진실을 밝히는 과정이 얼마나 중요한지를 충분히 잘 느낄 수 있다.",
    "date": "14.08.10",
    "rating": "8",
    "author": "zxc1****",
    "review_id": "9062798",
    "movie_id": "10740"
  },
  {
    "review": "이익을 위해 대통령까지 암살하는 놈들....",
    "date": "14.08.06",
    "rating": "10",
    "author": "roon****",
    "review_id": "9034441",
    "movie_id": "10740"
  },
  {
    "review": "변호인이 이 영화를 모티브로 만들었겠구나",
    "date": "14.08.01",
    "rating": "10",
    "author": "dlap****",
    "review_id": "8998842",
    "movie_id": "10740"
  },
  {
    "review": "내용중 :  \"케네디를 왜 죽인지 알아요? .뺄갱이라 죽인거에요\" 미국이나 한국이나...기득권 반대세력  처단하기에  제일 만만한게  빨갱이로 모는거구나....",
    "date": "14.07.19",
    "rating": "10",
    "author": "rort****",
    "review_id": "8928962",
    "movie_id": "10740"
  },
  {
    "review": "러닝 타임 길지만 올리버 스톤의 최고 걸작이라고 생각합니다.",
    "date": "14.07.13",
    "rating": "10",
    "author": "clou****",
    "review_id": "8911569",
    "movie_id": "10740"
  },
  {
    "review": "3시간동안 감동하고 분노하고  때때로 소름돋기도하고..",
    "date": "14.06.21",
    "rating": "10",
    "author": "munh****",
    "review_id": "8843892",
    "movie_id": "10740"
  },
  {
    "review": "최고의 걸작이지. 케빈코스트너 법정 연기 압권",
    "date": "14.06.20",
    "rating": "10",
    "author": "nice****",
    "review_id": "8841734",
    "movie_id": "10740"
  },
  {
    "review": "개인적으로 존에프케네디 암살의 흥미있고 새로운 스토리는 좋았다. 우리나라도 근현대사 의문의 암살 사건은 꽤 있었다. 김구가 그랬고 박정희도 그랬고... 암튼 3시간 동안 역사공부를 한 느낌이랄까... 하지만 어떤이에겐 수면제 영화가 될 수도 있겠다",
    "date": "14.06.15",
    "rating": "6",
    "author": "zxvt****",
    "review_id": "8831391",
    "movie_id": "10740"
  },
  {
    "review": "올리버 스톤의 전성기 영화로 Director's cut으로 봐도 3시간 넘는 러닝타임이 전혀 지루하지 않다. 마지막 재판 장면에서 케빈 코스트너의 15분 넘는 스피치는 대단한 전율을 준다. 미국 역사와 법에 관심있는 젊은이들은 꼭 보기를 바란다.",
    "date": "14.05.22",
    "rating": "10",
    "author": "yaso****",
    "review_id": "8753864",
    "movie_id": "10740"
  },
  {
    "review": "영화는 이렇게 만들어야 한다!",
    "date": "14.05.07",
    "rating": "10",
    "author": "gch0****",
    "review_id": "8712828",
    "movie_id": "10740"
  },
  {
    "review": "최강이다. 3시간을 날리고 싶으면 이 영화를 꼭 보셔야함. 몰입도 개 쩜. 연기력 쩔고 마지막 법정이 진짜 스릴 쩔었음.",
    "date": "14.05.06",
    "rating": "10",
    "author": "sams****",
    "review_id": "8711816",
    "movie_id": "10740"
  },
  {
    "review": "와~이거 개 명작이다. 3시간이 이렇게나 짧았나? 진짜 몰입감 쩐다. 배경음 때문에 공포영화 보는줄 전율이 확옴.정말 심오한 영화이다. 마지막 법정 영화로 변호인이나 부러진 화살의 선조를 보는듯....진짜 많은 명언도 나오고 케빈의 연기력에 감탄.",
    "date": "14.05.05",
    "rating": "10",
    "author": "igel****",
    "review_id": "8707870",
    "movie_id": "10740"
  },
  {
    "review": "음모론의 총집합!! 그러나 한편의 잘 만들어진 다큐멘터리를 보는 듯 몰입감과 흥미도는 그 어떤 영화와 비교해도 전혀 떨어지지 않았다. 이 세상엔 우리가 속고 있거나 숨겨진 진실들이 너무나도 많은 듯하다.",
    "date": "14.04.30",
    "rating": "9",
    "author": "dkwl****",
    "review_id": "8685911",
    "movie_id": "10740"
  },
  {
    "review": "올리버 스톤이 얼마나 뛰어난 감독인지..  보여주는 명작",
    "date": "14.04.04",
    "rating": "9",
    "author": "adiv****",
    "review_id": "8628462",
    "movie_id": "10740"
  },
  {
    "review": "세상엔 수많은 음모론이 있지만 이렇게 타당한 근거를 제시하는 '음모론'이 있다는 것이 가능할까?",
    "date": "14.04.02",
    "rating": "9",
    "author": "jcr3****",
    "review_id": "8623896",
    "movie_id": "10740"
  },
  {
    "review": "그러나.. 자신들의 이익을 위해서라면 대통령도 죽이는 그들은 아직까지 멀쩡하다.. 이것이 현실이다~!!",
    "date": "14.02.17",
    "rating": "10",
    "author": "spar****",
    "review_id": "8517627",
    "movie_id": "10740"
  },
  {
    "review": "세상은정말넓고 나는너무너무작은존재이고..",
    "date": "14.02.17",
    "rating": "10",
    "author": "2008****",
    "review_id": "8515332",
    "movie_id": "10740"
  },
  {
    "review": "사실인지 아닌지를 떠나서 당시 미국인들이 이 사건에 대해 느끼던 감정을 그대로 대변해주는 명작이다...",
    "date": "14.02.06",
    "rating": "10",
    "author": "andy****",
    "review_id": "8481216",
    "movie_id": "10740"
  },
  {
    "review": "재밌게 잘보았습니다..",
    "date": "14.01.30",
    "rating": "7",
    "author": "jin1****",
    "review_id": "8449738",
    "movie_id": "10740"
  },
  {
    "review": "러닝타임이 전혀 길게 안 느껴짐",
    "date": "14.01.26",
    "rating": "10",
    "author": "kwak****",
    "review_id": "8432873",
    "movie_id": "10740"
  },
  {
    "review": "영화의 진짜 시작은 클레이 쇼를 법정에 세운 마지막 30분이다. 마지막이 바로 하이라이트.",
    "date": "14.01.24",
    "rating": "9",
    "author": "skaw****",
    "review_id": "8418243",
    "movie_id": "10740"
  },
  {
    "review": "결국은 음모가 있었군. 고위직 정부 관료들과 CIA FBI 경찰 모두 연관되 있구나.. 언제 진실이 밝혀질런지.. 훗날 보면 캐네디의 주장이 대부분 옳았다.. 안타깝다. 영화 중반부터 정말 몰입있게 봤다. 안보시분들 추천~!!",
    "date": "14.01.20",
    "rating": "10",
    "author": "qorc****",
    "review_id": "8402690",
    "movie_id": "10740"
  },
  {
    "review": "최고의 걸작!! 엄청난울림을 주는 영화이다.",
    "date": "14.01.15",
    "rating": "10",
    "author": "dark****",
    "review_id": "8385587",
    "movie_id": "10740"
  },
  {
    "review": "냉전을 겪고 있던 60년대의 미국을 담은 이 영화는 현재의 한국을 담은 변호인과 너무도 닮아있다. 영화가 닮은건지, 세태가 닮은건지..  국가가 국민이라는 뻔한 명제를 법정에서 말하는 두 주인공 역시, 닮아있다. 왜 우리는 2010년대에 이걸 재현할까",
    "date": "14.01.03",
    "rating": "10",
    "author": "kmog****",
    "review_id": "8342334",
    "movie_id": "10740"
  },
  {
    "review": "영화라기보다는 지루한 다큐를 보는듯 했고 상황전개도 느리고 스토리상 필요없는 내용도 불필요하게 많았고 무엇보다 당시 언론에서 재기했던 내용들은 반영이 안되고 정부편에서서 영화를 제작해서 미국 언론에게 질타를 받았고 미국내 평점은 쓰레기 수준.",
    "date": "13.12.24",
    "rating": "1",
    "author": "meso****",
    "review_id": "8287115",
    "movie_id": "10740"
  },
  {
    "review": "2차대전 이후 힘이 커진 <군수업체와 권력기관>들이 국민이 뽑은 대통령까지 공개처형하는 사실을 낫낫히 파해치고 있다.세계대전과 냉전을 거치면서 그들에 왜 대통령을 쥐고 흔들며 전쟁을 즐기는지 지금에 미국이 왜 그렇게 흘러가는지 이해할수있는 영화",
    "date": "13.12.02",
    "rating": "10",
    "author": "na00****",
    "review_id": "8186216",
    "movie_id": "10740"
  },
  {
    "review": "명작. 진실과 정의를 찾기위한 진정한 모습",
    "date": "13.11.17",
    "rating": "10",
    "author": "yjhm****",
    "review_id": "8146092",
    "movie_id": "10740"
  },
  {
    "review": "20년이 훨씬 지난 영화인데도 개쩌는 긴장감",
    "date": "13.11.03",
    "rating": "10",
    "author": "pian****",
    "review_id": "8112915",
    "movie_id": "10740"
  },
  {
    "review": "마지막 재판장면이 너무 멋진영화다.영화내용이 정말 전부 사실을 바탕으로 만들엇다면케네디 암살에대한 생각을 더해보게만든다.",
    "date": "13.10.16",
    "rating": "10",
    "author": "jjsy****",
    "review_id": "8062469",
    "movie_id": "10740"
  },
  {
    "review": "숨죽이면서 봤다. 이런느낌 느끼려고 영화본다.",
    "date": "13.09.14",
    "rating": "10",
    "author": "sng0****",
    "review_id": "7977004",
    "movie_id": "10740"
  },
  {
    "review": "3ㅅ;긴 내내 jfk의 죽음을 상기 시켜준 영화",
    "date": "13.09.07",
    "rating": "10",
    "author": "ssh0****",
    "review_id": "7955585",
    "movie_id": "10740"
  },
  {
    "review": "정말 지루한 영화 보는 내내 잤던 영화 (절대보지마시길)1점도 주기 아깝네",
    "date": "13.08.16",
    "rating": "1",
    "author": "emin****",
    "review_id": "7889920",
    "movie_id": "10740"
  },
  {
    "review": "Where is the truth?",
    "date": "13.07.30",
    "rating": "9",
    "author": "46to****",
    "review_id": "7800151",
    "movie_id": "10740"
  },
  {
    "review": "확실히 처음보는사람들에겐 재밌는 영화는 아니다. 하지만 영화는 최고다. 인내심을 가지고 맨마지막까지 꼭 볼것을 추천한다. 그럼 다시 보고싶어질 것이다. 다시 보면 재밌을것이다. 그럼  빠질것이다.",
    "date": "13.07.27",
    "rating": "10",
    "author": "m410****",
    "review_id": "7792208",
    "movie_id": "10740"
  },
  {
    "review": "물증은 없으나 심증은 있다. 하지만 그 물증이 공개되는 날 미국은 큰 소란을 겪게될 것이다.",
    "date": "13.07.12",
    "rating": "8",
    "author": "jiyu****",
    "review_id": "7730712",
    "movie_id": "10740"
  },
  {
    "review": "그냥 보면 안다요",
    "date": "13.07.08",
    "rating": "10",
    "author": "js48****",
    "review_id": "7717112",
    "movie_id": "10740"
  },
  {
    "review": "여태 본 모든 법정 장면을 통틀어서 최고의 장면입니다. 초중반 빠른전개를 못 따라가다가 중후반으로 갈수록 영화에 쏙 빨려들어 갔네요 단지 케네디사건의 진실을 넘어서 세상 모든 부정함과 그것들을 알고도 싸우지 못하는 이들에게 메시지를 던지는 영화",
    "date": "13.07.06",
    "rating": "10",
    "author": "rlae****",
    "review_id": "7710500",
    "movie_id": "10740"
  },
  {
    "review": "일베충 개누리당이보면 기겁할영화",
    "date": "13.06.28",
    "rating": "10",
    "author": "body****",
    "review_id": "7685732",
    "movie_id": "10740"
  },
  {
    "review": "당시 이영화로 인하여 미국국회는 제작된 영화에 대한 사전심의구성 법안을 통과시킴... 최고는 아니더라도 대단한 영화인건 확실함",
    "date": "13.06.15",
    "rating": "9",
    "author": "crum****",
    "review_id": "7644526",
    "movie_id": "10740"
  },
  {
    "review": "천조국은 쿠테타 스케일두 크내 ㅋㅋ영화를 보고 정말 잘 만들었다 박수는 나오지만왠지 모를 씁쓸함은 ......",
    "date": "13.05.26",
    "rating": "10",
    "author": "h0ro****",
    "review_id": "7556679",
    "movie_id": "10740"
  },
  {
    "review": "2029년이 되면 진실을 알수있을까 과연...",
    "date": "13.05.16",
    "rating": "9",
    "author": "kimw****",
    "review_id": "7531557",
    "movie_id": "10740"
  },
  {
    "review": "최고의 영화는 아니지만 죽기전에 꼭 한번 봐야할 영화다.",
    "date": "13.05.12",
    "rating": "10",
    "author": "zzzd****",
    "review_id": "7524632",
    "movie_id": "10740"
  },
  {
    "review": "최고기득권이 연합하여 세상을 자기들마음대로 통치한다... 냉정하고 객관적으로 봐도 이건 현실성 있습니다. 그들이 인간성마저 포기하며 권력과 부를 쌓고있다면 충분히 가능한 일입니다.",
    "date": "13.04.26",
    "rating": "10",
    "author": "euig****",
    "review_id": "7483708",
    "movie_id": "10740"
  },
  {
    "review": "최고의 영화",
    "date": "13.04.18",
    "rating": "10",
    "author": "mjki****",
    "review_id": "7466914",
    "movie_id": "10740"
  },
  {
    "review": "음모론으로 몰리는 일들의 진행에 대한 교과서적 패턴을 잘 보여 주었네요. 음모론으로 매도된 진실이 어떻게 조작, 포장되고 변질되어 가는지.. 의심 받는, 끊임없는 의혹이 제기되는 사건들을 다시 생각해보게 만드는 영화네요..",
    "date": "13.04.15",
    "rating": "10",
    "author": "nygi****",
    "review_id": "7461649",
    "movie_id": "10740"
  },
  {
    "review": "[아카데미]1992년64회 촬영,편집 2개부문수상작.세시간이좀넘는긴영화지만존에프케네디대통령의암살사건과그배후에대해그것이알고싶다처럼다큐도적절하게섞여있는영화다.영화를본후엔어떤결론을내릴순없지만암살사건은오스왈드혼자선하기불가능했다는확신하게된다.등장배우도화려하다.",
    "date": "13.03.27",
    "rating": "9",
    "author": "new7****",
    "review_id": "7415324",
    "movie_id": "10740"
  },
  {
    "review": "대단한 영화다. 한편의 다큐를 본 것 같다.",
    "date": "13.03.04",
    "rating": "10",
    "author": "giga****",
    "review_id": "7323285",
    "movie_id": "10740"
  },
  {
    "review": "약간 지루하긴 함",
    "date": "13.02.28",
    "rating": "9",
    "author": "gkco****",
    "review_id": "7310837",
    "movie_id": "10740"
  },
  {
    "review": "이익을 얻은 자가 범인이다!!",
    "date": "13.02.25",
    "rating": "10",
    "author": "6mmd****",
    "review_id": "7299749",
    "movie_id": "10740"
  },
  {
    "review": "... 그래,, 진실과 마주하기가 두려웠습니다... 하지만 이제 마주하겠습니다...",
    "date": "13.01.19",
    "rating": "10",
    "author": "rams****",
    "review_id": "7133823",
    "movie_id": "10740"
  },
  {
    "review": "영화가 주는  메시지를 보면 대단함에 틀림없으나 러닝타임이 너무 길고 지루한느낌은 어쩔수 없다.",
    "date": "13.01.06",
    "rating": "8",
    "author": "pikk****",
    "review_id": "7088556",
    "movie_id": "10740"
  },
  {
    "review": "왜 인제서 봤을까.. 그 많은영화 다봐놓고...",
    "date": "13.01.04",
    "rating": "9",
    "author": "dkdl****",
    "review_id": "7080694",
    "movie_id": "10740"
  },
  {
    "review": "\"가끔 진실이 개인의 안위에 위협이 될 때도 있지만, 국민 개개인은 그 커다란 위험을 감수하고서라도 권력에 맞서야 합니다. 그것이 참된 민주주의니까요\" 장문의 대사들을 무리없이 소화한 것만으로도, 케빈코스트너와 명배우들의 열연은 박수받을만하다.",
    "date": "13.01.01",
    "rating": "9",
    "author": "mang****",
    "review_id": "7069746",
    "movie_id": "10740"
  },
  {
    "review": "마지막 재판장면이 모든걸말해줬다. 진실이뭘까 정말많은생각을하게해준영화",
    "date": "12.12.19",
    "rating": "10",
    "author": "kars****",
    "review_id": "7018318",
    "movie_id": "10740"
  },
  {
    "review": "차라리 음모론이었으면 좋겠다. 소름끼친다",
    "date": "12.12.15",
    "rating": "10",
    "author": "theb****",
    "review_id": "7007077",
    "movie_id": "10740"
  },
  {
    "review": "내 인생 최고의 영화는 이걸로 할란다",
    "date": "12.12.08",
    "rating": "10",
    "author": "reey****",
    "review_id": "6983622",
    "movie_id": "10740"
  },
  {
    "review": "3시간이 넘는 러닝타임이 전혀 지루하지 않았다. 10점 밖에 못 주는 것이 아쉬울 뿐이다.",
    "date": "12.11.10",
    "rating": "10",
    "author": "dbsk****",
    "review_id": "6873175",
    "movie_id": "10740"
  },
  {
    "review": "진실을 원한다.",
    "date": "12.10.31",
    "rating": "10",
    "author": "samy****",
    "review_id": "6838979",
    "movie_id": "10740"
  },
  {
    "review": "거짓말인지 진실인지 너는 어떻게 아냐 ㅄ ㅎㅎ",
    "date": "12.10.23",
    "rating": "10",
    "author": "zepl****",
    "review_id": "6821954",
    "movie_id": "10740"
  },
  {
    "review": "의미있는 주제를 진부한 내러티브로 서숭한다",
    "date": "12.09.28",
    "rating": "8",
    "author": "nike****",
    "review_id": "6738634",
    "movie_id": "10740"
  },
  {
    "review": "이 내용으로 이보다 졸리게 만들 감독 많다. 올리버 스톤의 내공이 돋보이는 영화",
    "date": "12.09.01",
    "rating": "10",
    "author": "h3vi****",
    "review_id": "6662397",
    "movie_id": "10740"
  },
  {
    "review": "역사상 가장 추악한 범죄를 파헤친 영화",
    "date": "12.05.06",
    "rating": "10",
    "author": "byul****",
    "review_id": "6276725",
    "movie_id": "10740"
  },
  {
    "review": "민주시민이라면 꼭 봐야 할 작품 감독의 연출과 배우들의 연기가 압권이다!",
    "date": "12.04.27",
    "rating": "10",
    "author": "mugs****",
    "review_id": "6249492",
    "movie_id": "10740"
  },
  {
    "review": "권력에 맞서는 용기가 어떤것인지를 제대로 보여준 영화",
    "date": "12.04.15",
    "rating": "10",
    "author": "ehdr****",
    "review_id": "6225136",
    "movie_id": "10740"
  },
  {
    "review": "아 케네디",
    "date": "12.04.10",
    "rating": "9",
    "author": "iize****",
    "review_id": "6205779",
    "movie_id": "10740"
  },
  {
    "review": "No. 1 영화 한편을 통해 많은 것들을 얻을 수 있다는 것을 알게 해준 최고의 영화.",
    "date": "12.03.18",
    "rating": "10",
    "author": "jjon****",
    "review_id": "6152628",
    "movie_id": "10740"
  },
  {
    "review": "알권리를 침해하는 파시즘과 같은 행위도 문제지만, 우리들의 관심 미달도 문제란다.",
    "date": "12.02.28",
    "rating": "10",
    "author": "rnal****",
    "review_id": "6109969",
    "movie_id": "10740"
  },
  {
    "review": "영화자체의 완성도도 뛰어나지만, 소재 자체가 주는 놀라움에 압도되어 버린다.",
    "date": "12.02.21",
    "rating": "8",
    "author": "jjwj****",
    "review_id": "6093882",
    "movie_id": "10740"
  },
  {
    "review": "없다. 단 익숙한 배우들 무더기로나옴.",
    "date": "12.02.04",
    "rating": "5",
    "author": "sywb****",
    "review_id": "6050751",
    "movie_id": "10740"
  },
  {
    "review": "방금 봤어요~ 밑에분말처럼  케빈 마지막 연설때 눈물이 주르륵.진실은 밝혀져야해요",
    "date": "12.02.01",
    "rating": "10",
    "author": "bsbz****",
    "review_id": "6042813",
    "movie_id": "10740"
  },
  {
    "review": "마지막 케빈의 연설 연기력은 타의추종불과하다.구성력 흡입력 모든 면에서 최강!",
    "date": "12.01.29",
    "rating": "10",
    "author": "goja****",
    "review_id": "6032300",
    "movie_id": "10740"
  },
  {
    "review": "압도되었다.",
    "date": "12.01.18",
    "rating": "10",
    "author": "hidl****",
    "review_id": "5997324",
    "movie_id": "10740"
  },
  {
    "review": "문제는 사람들은 아직도 권력의 음모가  영화일 뿐 실제 현실은 아니라고 믿는다는 것",
    "date": "12.01.15",
    "rating": "10",
    "author": "kkm0****",
    "review_id": "5988305",
    "movie_id": "10740"
  },
  {
    "review": "케네디 대통령의 암살 배경을 군산복합체와 정치권력의 부정적인 커넥션으로 지목함",
    "date": "12.01.01",
    "rating": "10",
    "author": "cons****",
    "review_id": "5953330",
    "movie_id": "10740"
  },
  {
    "review": "3시간 30분이 지루하지 않고 전혀 아깝지 않았던 영화",
    "date": "11.12.04",
    "rating": "10",
    "author": "into****",
    "review_id": "5886165",
    "movie_id": "10740"
  },
  {
    "review": "완벽한 영화.",
    "date": "11.11.30",
    "rating": "10",
    "author": "eorn****",
    "review_id": "5878787",
    "movie_id": "10740"
  }
]