[
  {
    "review": "노래만큼 슬펐던 영화였습니다.",
    "date": "15.06.25",
    "rating": "9",
    "author": "lebe****",
    "review_id": "10032983",
    "movie_id": "10745"
  },
  {
    "review": "쯧쯧쭛.. 개못한듬 ㅉ",
    "date": "14.02.19",
    "rating": "1",
    "author": "qkrd****",
    "review_id": "8520385",
    "movie_id": "10745"
  },
  {
    "review": "순재 형님의 야동 카리스마! 야동 나와라~ 야동~ 야..한..동..영..상",
    "date": "08.01.29",
    "rating": "9",
    "author": "evil****",
    "review_id": "2382740",
    "movie_id": "10745"
  }
]