[
  {
    "review": "성룡이 전화받는 장면이 제일웃기다",
    "date": "15.08.10",
    "rating": "10",
    "author": "luck****",
    "review_id": "10214518",
    "movie_id": "10746"
  },
  {
    "review": "???? 뭐지 평점사기",
    "date": "15.08.06",
    "rating": "1",
    "author": "vkfk****",
    "review_id": "10192204",
    "movie_id": "10746"
  },
  {
    "review": "성룡이 직접 스턴트했던 ...오래전 영화이지만 스턴트 액션영화 역사에 길이남을 진수를 맛볼수있다..",
    "date": "15.07.23",
    "rating": "10",
    "author": "nock****",
    "review_id": "10133995",
    "movie_id": "10746"
  },
  {
    "review": "영등포 연흥극장. 너냐?",
    "date": "15.07.03",
    "rating": "10",
    "author": "ee47****",
    "review_id": "10064784",
    "movie_id": "10746"
  },
  {
    "review": "자동차로 달동네 판자집 밀어버리면서 내려오는 장면은 지금봐도 놀라움",
    "date": "15.06.22",
    "rating": "10",
    "author": "cod1****",
    "review_id": "10022053",
    "movie_id": "10746"
  },
  {
    "review": "이게 85년 영화라는게 믿기지가 않는다. 수많은 액션 영화중 단연 수작이다. 엔딩에서 볼 수 있듯이 정말 엄청난 노력이 만들어낸 명작",
    "date": "15.06.22",
    "rating": "10",
    "author": "sjh4****",
    "review_id": "10021963",
    "movie_id": "10746"
  },
  {
    "review": "언제나 봐도 명작이죠! 오늘 아침에 티비로 영화채널로 다시 봤는데 액션이 좋습니다. 특히 백화점 샹들리에 낙하씬이 그렇죠",
    "date": "15.05.25",
    "rating": "10",
    "author": "sdh5****",
    "review_id": "9948609",
    "movie_id": "10746"
  },
  {
    "review": "정말 지금 봐도 대단한 명작 취권이 성룡을 중화권에서 히트를 쳤다면 폴리스 스토리는 전세계에서 성룡을 알린작품  대단한 액션과 연기력",
    "date": "15.05.01",
    "rating": "10",
    "author": "minq****",
    "review_id": "9882800",
    "movie_id": "10746"
  },
  {
    "review": "이미 30년이나 되어버린 영화이기 때문에 지금보면... 정말 재미있다!!!",
    "date": "15.04.25",
    "rating": "10",
    "author": "neyc****",
    "review_id": "9867168",
    "movie_id": "10746"
  },
  {
    "review": "재밌게 봤어요.역시 성룡이내^^",
    "date": "15.04.22",
    "rating": "10",
    "author": "jihu****",
    "review_id": "9857298",
    "movie_id": "10746"
  },
  {
    "review": "진짜 액션을 보고싶다면..",
    "date": "15.04.10",
    "rating": "10",
    "author": "long****",
    "review_id": "9838133",
    "movie_id": "10746"
  },
  {
    "review": "GOOD!!!GOOD!!!GOOD!!!GOOD!!!",
    "date": "15.04.06",
    "rating": "10",
    "author": "kals****",
    "review_id": "9831447",
    "movie_id": "10746"
  },
  {
    "review": "성룡의 미친 액션 그리고 개그 그리고 젊었을 적 임청하. 통통한 장만옥 그리고 이제서야 보이는 많은 단역들 보고 또봐도 재밌고 마지막 신나게 얻어맞는 초원아재 불쌍 내동댕이 쳐지는 청하언니도 불쌍 ㅜㅠ",
    "date": "15.04.06",
    "rating": "9",
    "author": "sall****",
    "review_id": "9831442",
    "movie_id": "10746"
  },
  {
    "review": "성룡 영화들 중 가장 최고가 아닐까 생각한다.",
    "date": "15.03.26",
    "rating": "10",
    "author": "droi****",
    "review_id": "9807675",
    "movie_id": "10746"
  },
  {
    "review": "다시 봐도 명작이지만 개봉당시에 봤던 나같은 사람의 감동은 어떻게 설명할 수 있을까",
    "date": "15.03.24",
    "rating": "10",
    "author": "dela****",
    "review_id": "9802821",
    "movie_id": "10746"
  },
  {
    "review": "성룡형님의 절정기시절의 액션",
    "date": "15.03.22",
    "rating": "8",
    "author": "1104****",
    "review_id": "9800984",
    "movie_id": "10746"
  },
  {
    "review": "성룡이다 성룡 액션이다 액션",
    "date": "15.03.21",
    "rating": "10",
    "author": "poo_****",
    "review_id": "9796531",
    "movie_id": "10746"
  },
  {
    "review": "명작!!! 나의 액션 영웅!!!",
    "date": "15.03.20",
    "rating": "10",
    "author": "kkor****",
    "review_id": "9795152",
    "movie_id": "10746"
  },
  {
    "review": "이거 예전에 본적있는데..",
    "date": "15.03.20",
    "rating": "10",
    "author": "534k****",
    "review_id": "9794197",
    "movie_id": "10746"
  },
  {
    "review": "영화계에 전설로 남을 성룡, 다른건 다 제쳐두고 이건 확실함 - 앞으로 최소 100년간은 성룡같은 배우는 나오지 않는다는거",
    "date": "15.03.16",
    "rating": "10",
    "author": "smrm****",
    "review_id": "9787915",
    "movie_id": "10746"
  },
  {
    "review": "마지막 백화점에서 봉타고 내려오는 씬은 압권",
    "date": "15.03.16",
    "rating": "8",
    "author": "leet****",
    "review_id": "9786435",
    "movie_id": "10746"
  },
  {
    "review": "영원한 진가구! 영원한 성룡!",
    "date": "15.03.08",
    "rating": "10",
    "author": "nirv****",
    "review_id": "9766143",
    "movie_id": "10746"
  },
  {
    "review": "어제우연히티비에서 폴리스스토리4 살짝보다가 아..성룡도마니늙었구나 세월이란..하고생각하다가 폴리스스토리재밌나?하고다운받아봤는데 첨엔넘옛날거라 좀그랬는데보다보니까 빵터지는거많네요ㅋㅋ특히 경찰서에서여러개전화받는거랑 장만옥이오토바이타는거ㅋㅋ암튼재밌게봤다ㅋ",
    "date": "15.03.05",
    "rating": "9",
    "author": "badg****",
    "review_id": "9757209",
    "movie_id": "10746"
  },
  {
    "review": "85년에 이미비됴로 본뒤 미칠거같은 벅찬심정을 길가는 누구에게라도 말하고싶을정도였습니다 특히 백화점에서의 액션씬은 지금껏 나온 어떤 무술액션영화도 따르지못하고 앞으로도 없을겁니다...이소룡을 떡 쳐바르고도남는 프로젝트a와 더불어 2대명작 입니다...",
    "date": "15.01.09",
    "rating": "10",
    "author": "ahts****",
    "review_id": "9576593",
    "movie_id": "10746"
  },
  {
    "review": "역시 성룡이란 말을 나오게 만드는 액션 영화 성룡아니면 누가 이런 영화 만들까..??",
    "date": "14.11.15",
    "rating": "8",
    "author": "adiv****",
    "review_id": "9385356",
    "movie_id": "10746"
  },
  {
    "review": "어렸을때는 그저 아무것도 모르거 봤는데 크고나서 보니까 이건 그냥 자살영화수준에 순수액션 정말 감동임....",
    "date": "14.10.24",
    "rating": "10",
    "author": "sksm****",
    "review_id": "9311921",
    "movie_id": "10746"
  },
  {
    "review": "요즘 영화들은 구시대 영화보다 재미없는게 많다 이건 지금봐도 몰입도 좋고 재밌음 전혀 꿀리지않음",
    "date": "14.10.20",
    "rating": "10",
    "author": "tkdy****",
    "review_id": "9303936",
    "movie_id": "10746"
  },
  {
    "review": "이거 한 27년전에 영등포 연흥극장서 본놈 있냐? 그때 존나 깔깔거리며 환호성 지르던 놈 바로 나다",
    "date": "14.09.30",
    "rating": "10",
    "author": "xgog****",
    "review_id": "9249841",
    "movie_id": "10746"
  },
  {
    "review": "급전개인점이 좀 있지만 그것 빼고는 가히 훌륭하다",
    "date": "14.09.24",
    "rating": "9",
    "author": "xx41****",
    "review_id": "9238283",
    "movie_id": "10746"
  },
  {
    "review": "몸을 사리지않는액션 백화점에서 밑층으로 뛰어내리는장면은 성룡영화 통틀어서 제일 인상적인 장면이다",
    "date": "14.08.21",
    "rating": "10",
    "author": "powi****",
    "review_id": "9119404",
    "movie_id": "10746"
  },
  {
    "review": "나 여자ㅋㅋ  한 열번봤나?  매번 볼때마다 신선함ㅋㅋ",
    "date": "14.08.16",
    "rating": "10",
    "author": "als7****",
    "review_id": "9098026",
    "movie_id": "10746"
  },
  {
    "review": "와.. 무슨 영화를 목숨까지 걸어가며.. 성룡 그정신이대단합니다",
    "date": "14.08.04",
    "rating": "10",
    "author": "jfre****",
    "review_id": "9026031",
    "movie_id": "10746"
  },
  {
    "review": "이거 보다 클레멘타인이 잼있음",
    "date": "14.07.27",
    "rating": "1",
    "author": "rona****",
    "review_id": "8966112",
    "movie_id": "10746"
  },
  {
    "review": "나의 성룡 ㅠ.ㅠ 임팩트  개쩐다",
    "date": "14.07.19",
    "rating": "10",
    "author": "kure****",
    "review_id": "8932011",
    "movie_id": "10746"
  },
  {
    "review": "말이필요없는..     대박",
    "date": "14.07.17",
    "rating": "10",
    "author": "qorc****",
    "review_id": "8923342",
    "movie_id": "10746"
  },
  {
    "review": "후반 백화점 격투씬은 언제나 봐도 끝내준다라고 밖에 할 수 없다. 십수년이 지난 지금도 그 어떤 액션 영화보다 기억에 남는다.",
    "date": "14.07.11",
    "rating": "10",
    "author": "comm****",
    "review_id": "8904819",
    "movie_id": "10746"
  },
  {
    "review": "엄마아빠 시대 때, 명절만 되면 왜 성룡 영화를 찾았는지 알 것 같다. 액션도 후덜덜하고 내용도 굿이다.",
    "date": "14.07.01",
    "rating": "10",
    "author": "ddeg****",
    "review_id": "8873619",
    "movie_id": "10746"
  },
  {
    "review": "폴리스스토리 시리즈는 내꺼다.",
    "date": "14.06.12",
    "rating": "10",
    "author": "miha****",
    "review_id": "8824168",
    "movie_id": "10746"
  },
  {
    "review": "내 인생최고의 영화 100점을 줘도 부족하다...매년 꼭 한번씩은 봐야 직성이 풀리는 영화",
    "date": "14.06.10",
    "rating": "10",
    "author": "thra****",
    "review_id": "8818945",
    "movie_id": "10746"
  },
  {
    "review": "한번이라도 보고싶은 사람...",
    "date": "14.06.01",
    "rating": "10",
    "author": "tenn****",
    "review_id": "8783665",
    "movie_id": "10746"
  },
  {
    "review": "너무 높다 이 정도까진 아니다",
    "date": "14.05.30",
    "rating": "1",
    "author": "hang****",
    "review_id": "8777479",
    "movie_id": "10746"
  },
  {
    "review": "영화시작후 자동차로 판자촌 파괴하는 추격씬은 마이클베이 감독이 \"나쁜 녀석들2\"에서 재연됨따라 한건가?",
    "date": "14.05.24",
    "rating": "10",
    "author": "mcky****",
    "review_id": "8759679",
    "movie_id": "10746"
  },
  {
    "review": "성룡 영화중에서도 최고작, 당시 영화관에서 보았을때의 그 감동과 전율을 아직 잊을수가 없다.",
    "date": "14.04.29",
    "rating": "10",
    "author": "spik****",
    "review_id": "8681809",
    "movie_id": "10746"
  },
  {
    "review": "온전히 액션으로 감동을 줄 수 있다니.",
    "date": "14.04.04",
    "rating": "7",
    "author": "rygh****",
    "review_id": "8627305",
    "movie_id": "10746"
  },
  {
    "review": "세월이 지나도 변함없는 명작!!!!",
    "date": "14.03.10",
    "rating": "10",
    "author": "djse****",
    "review_id": "8567314",
    "movie_id": "10746"
  },
  {
    "review": "갑자기 이게 1위가 된  이유를 모르겠음 평점 조작??",
    "date": "14.03.08",
    "rating": "1",
    "author": "forc****",
    "review_id": "8563756",
    "movie_id": "10746"
  },
  {
    "review": "알바쓰네..이러지마 유통사야..",
    "date": "14.03.08",
    "rating": "1",
    "author": "gala****",
    "review_id": "8563125",
    "movie_id": "10746"
  },
  {
    "review": "쇼생크 탈출 만세...!",
    "date": "14.03.08",
    "rating": "1",
    "author": "miko****",
    "review_id": "8562842",
    "movie_id": "10746"
  },
  {
    "review": "평점 뭐 이따구냐 놀지마라",
    "date": "14.03.08",
    "rating": "10",
    "author": "ksss****",
    "review_id": "8562827",
    "movie_id": "10746"
  },
  {
    "review": "이게 왜 평점 1등;..",
    "date": "14.03.08",
    "rating": "1",
    "author": "eu_0****",
    "review_id": "8562606",
    "movie_id": "10746"
  },
  {
    "review": "내려가라 내려가 뭔 이딴영화가 1등이야",
    "date": "14.03.08",
    "rating": "1",
    "author": "beat****",
    "review_id": "8562549",
    "movie_id": "10746"
  },
  {
    "review": "옛날건데 왜 이렇게 평점이 높지?",
    "date": "14.03.08",
    "rating": "1",
    "author": "fhfh****",
    "review_id": "8562428",
    "movie_id": "10746"
  },
  {
    "review": "평점이 너무 높네요. 9점정도가 적당한데...",
    "date": "14.03.08",
    "rating": "1",
    "author": "segy****",
    "review_id": "8562192",
    "movie_id": "10746"
  },
  {
    "review": "이게 뭐하는 짓입니까. 평점가지고 놀지 마세요",
    "date": "14.03.08",
    "rating": "1",
    "author": "edsy****",
    "review_id": "8562191",
    "movie_id": "10746"
  },
  {
    "review": "펑점미침ㅋ이아오우오아이",
    "date": "14.03.08",
    "rating": "1",
    "author": "asdz****",
    "review_id": "8562072",
    "movie_id": "10746"
  },
  {
    "review": "역대 평점 1위 영화급은 아니지만...재밌긴 함..",
    "date": "14.03.07",
    "rating": "10",
    "author": "milp****",
    "review_id": "8560749",
    "movie_id": "10746"
  },
  {
    "review": "10점 아닌게 놀라울 따름!!주제가도 너무 좋아 벨소리로 쓴적도 있었다.The real!!",
    "date": "14.03.06",
    "rating": "10",
    "author": "inc_****",
    "review_id": "8559569",
    "movie_id": "10746"
  },
  {
    "review": "이건뭐 말이 필요 없. 그냥 장이야. 어벤져스,토르,아이언맨,스파이더맨기타등등 cg떡칠 영화들 다가따버려 폴리스스토리1이 짱짱 학학 성룡만이 유일한 진짜 액션 히어로야!!!",
    "date": "14.03.01",
    "rating": "10",
    "author": "hmp3****",
    "review_id": "8547322",
    "movie_id": "10746"
  },
  {
    "review": "진짜 장난아니다,  와  이런건 헐리우드가 절대 못만드는 영화야..성룡대박..",
    "date": "14.02.13",
    "rating": "10",
    "author": "malz****",
    "review_id": "8502364",
    "movie_id": "10746"
  },
  {
    "review": "와 개 잼있는 액션코미디다. 근데 끝이 왜저래? ㅋㅋ 근데 진자 성룡은  진짜 몸을 사라지 않고 영화 찍는데 충실하시는 분이네요.",
    "date": "14.02.10",
    "rating": "10",
    "author": "igel****",
    "review_id": "8496645",
    "movie_id": "10746"
  },
  {
    "review": "70,80년대를 떠나 21세기에도 만들 수 없는 메이드 인 성룡의 완결판. 지금 나온다 해도 전혀 꿀릴것이 없는 미친 액션.",
    "date": "14.02.06",
    "rating": "10",
    "author": "grea****",
    "review_id": "8481528",
    "movie_id": "10746"
  },
  {
    "review": "성룡의 전성기 시절 액션을 볼 수 있는 영화.. 대단하다는 말밖에 나오지 않는다..",
    "date": "14.02.01",
    "rating": "8",
    "author": "blue****",
    "review_id": "8461736",
    "movie_id": "10746"
  },
  {
    "review": "참 아름다우신 아미누님",
    "date": "14.01.31",
    "rating": "10",
    "author": "qwe0****",
    "review_id": "8454654",
    "movie_id": "10746"
  },
  {
    "review": "중학교 시절 처음으로 영화관에서 본 그 시절 그영화!!",
    "date": "14.01.29",
    "rating": "10",
    "author": "scly****",
    "review_id": "8445855",
    "movie_id": "10746"
  },
  {
    "review": "마지막에 ng에서 보면 모든 액션부분이 정말 위험하지..유리창에 부딪친 장면만 봐도..이때는 진짜유리창 이라  요즘과는 달리...여하튼 전설이야..",
    "date": "14.01.25",
    "rating": "10",
    "author": "hana****",
    "review_id": "8424724",
    "movie_id": "10746"
  },
  {
    "review": "옛날 아시아를 주름잡던 홍콩영화의 결정판. 성룡의 젊었을적 작품들을 쭈욱 감상해보면 성룡의 다이나믹한 움직임과 리얼한 액션이 요즘 헐리웃 영화들의 최첨단 그래픽과 와이어액션따위랑은 비교가 안된다는걸 느낄수있음.",
    "date": "14.01.23",
    "rating": "10",
    "author": "jhj1****",
    "review_id": "8415764",
    "movie_id": "10746"
  },
  {
    "review": "성룡..  전설의 시작~~",
    "date": "14.01.23",
    "rating": "10",
    "author": "hang****",
    "review_id": "8415713",
    "movie_id": "10746"
  },
  {
    "review": "홍콩영화 초전성기때의 모든 기가 모인듯한 황금기 종합선물세트같은 대단한 액션영화 코믹과 진지함 열정까지 있던 성룡 영화의 대표작",
    "date": "14.01.17",
    "rating": "10",
    "author": "spad****",
    "review_id": "8392918",
    "movie_id": "10746"
  },
  {
    "review": "이미 그 자체로 전설이다.",
    "date": "14.01.17",
    "rating": "10",
    "author": "ljho****",
    "review_id": "8389709",
    "movie_id": "10746"
  },
  {
    "review": "성룡 액션의 최고봉. 장만옥과의 알콩달콩 러브라인도 폴리스스토리의 매력이었죠..",
    "date": "14.01.14",
    "rating": "10",
    "author": "logu****",
    "review_id": "8381615",
    "movie_id": "10746"
  },
  {
    "review": "수십번을 봐도 질리지 않는 최고의 영화... 이 시절의 성룡이 그립고 내가 그립다",
    "date": "13.12.25",
    "rating": "10",
    "author": "trut****",
    "review_id": "8294007",
    "movie_id": "10746"
  },
  {
    "review": "마지막 스턴트 촬영 장면들에서 청룽 아저씨의 스턴트에 대한 투혼이 느껴진다",
    "date": "13.12.17",
    "rating": "10",
    "author": "ccy1****",
    "review_id": "8220672",
    "movie_id": "10746"
  },
  {
    "review": "최고라는 말밖에 안나오네요",
    "date": "13.12.11",
    "rating": "10",
    "author": "knub****",
    "review_id": "8205504",
    "movie_id": "10746"
  },
  {
    "review": "자기 몸을 사리지 않으면서 만들어낸 액션이라  더 볼만함.",
    "date": "13.12.05",
    "rating": "10",
    "author": "rbag****",
    "review_id": "8192861",
    "movie_id": "10746"
  },
  {
    "review": "진짜 영화를 어떻게 찍었을지 상상도 할수 없을거 같다. 몸을 사리지 않는 배우와 스턴트맨에게 박수를 보내고 싶다",
    "date": "13.12.04",
    "rating": "9",
    "author": "do11****",
    "review_id": "8190130",
    "movie_id": "10746"
  },
  {
    "review": "그 어떤 말이 필요하랴~ 액션계 불멸의 명작!!",
    "date": "13.11.30",
    "rating": "10",
    "author": "kuks****",
    "review_id": "8179062",
    "movie_id": "10746"
  },
  {
    "review": "버스 매달리는 거 진짜;;",
    "date": "13.11.25",
    "rating": "10",
    "author": "thel****",
    "review_id": "8167550",
    "movie_id": "10746"
  },
  {
    "review": "성룡영화중 감히 최고라 부를수 있는 명작 코미디 액션이 뛰어난데 그렇다고 스토리가 빠지지는 않는다",
    "date": "13.11.05",
    "rating": "9",
    "author": "48ho****",
    "review_id": "8116604",
    "movie_id": "10746"
  },
  {
    "review": "이시리즈 특히 1편은 스턴트액션영화의 바이블로 남아야한다. 미국진출 실패후 자신이 감독과 주연을 맡아서 정말 아낌없이 눌러담은 수작.",
    "date": "13.09.16",
    "rating": "10",
    "author": "mclw****",
    "review_id": "7986534",
    "movie_id": "10746"
  },
  {
    "review": "외 이게 85년도에 나온영화라니....최고다!",
    "date": "13.09.02",
    "rating": "10",
    "author": "mylo****",
    "review_id": "7942626",
    "movie_id": "10746"
  },
  {
    "review": "성룡이아님어쩔뻔했어",
    "date": "13.08.24",
    "rating": "10",
    "author": "dntj****",
    "review_id": "7917295",
    "movie_id": "10746"
  },
  {
    "review": "국민학교 6학년 시절 봤던 폴리스 스토리. 다시 봐도 이만한 리얼 액션 명작은 나오지 않을 정도로 끝판왕 영화가 폴리스스토리다. 주제가도 짠 짜짠 짜짠 짜자잔. 온몸에 전율이 흐르도록 했던 주제가도 명곡이다.",
    "date": "13.08.24",
    "rating": "10",
    "author": "tema****",
    "review_id": "7916621",
    "movie_id": "10746"
  },
  {
    "review": "성룡죽을뻔했다ㅠㅠ",
    "date": "13.08.15",
    "rating": "10",
    "author": "rlac****",
    "review_id": "7884471",
    "movie_id": "10746"
  },
  {
    "review": "성룡의 초창기 작품이지만 놀라운점은 감독과 주연이 성룡이라는거다, 이건뭐 원맨쑈 같은 영화야, 모든것이 그의 통제하에서 이루어졌다는점과 초고난이도 액션을 대역없이 소화해냈다는 점이 정말 인정안할래야 안할수가없게 만든다.",
    "date": "13.08.14",
    "rating": "10",
    "author": "bajj****",
    "review_id": "7877684",
    "movie_id": "10746"
  },
  {
    "review": "액션 작살~!",
    "date": "13.07.29",
    "rating": "10",
    "author": "tn99****",
    "review_id": "7796979",
    "movie_id": "10746"
  },
  {
    "review": "10점을 안 줄 수가 없다... 지금까지 살아계신 게 다행이다",
    "date": "13.07.06",
    "rating": "10",
    "author": "85yo****",
    "review_id": "7709501",
    "movie_id": "10746"
  },
  {
    "review": "성룡영화중 주제가가 가장 좋은 영화, 프로젝트A와는 또다른 경찰의 모습을 보여준 영화, 마여룡, 진가구 모두 좋다~ 70년대 후반에 이어 성룡의 제2의 전성시대를 열어준 영화인것 같다  성룡, 당신은 최고입니다!!",
    "date": "13.07.01",
    "rating": "10",
    "author": "whia****",
    "review_id": "7696237",
    "movie_id": "10746"
  },
  {
    "review": "함지몽~~~",
    "date": "13.06.26",
    "rating": "10",
    "author": "temo****",
    "review_id": "7681368",
    "movie_id": "10746"
  },
  {
    "review": "성룡이 죽으면 그의 물품들은 엄청난 경매가에 팔릴거같다",
    "date": "13.05.24",
    "rating": "10",
    "author": "fifa****",
    "review_id": "7551204",
    "movie_id": "10746"
  },
  {
    "review": "정말이건 뭐라말로표현못한다 ㅋㅋ 거의 30년이지난지금봐도 별로꿀리지않고 암튼개꿀재미 ㅋㅋㅋ ost가 잊혀지지않는다 ㅋㅋㅋ",
    "date": "13.05.17",
    "rating": "10",
    "author": "ghdw****",
    "review_id": "7532975",
    "movie_id": "10746"
  },
  {
    "review": "재밌게 본 영화는 셀수없이 많지만 성룡영화만큼 많이 본 영화는 없는듯...어뜨케 매번 봐도 재밌냐 ㅠㅠ",
    "date": "13.03.19",
    "rating": "10",
    "author": "drac****",
    "review_id": "7371108",
    "movie_id": "10746"
  },
  {
    "review": "같은 경극학교 선후배 출신인 홍금보, 원표의 도움이 없이 감독, 각본, 제작등 홀로서기를 시도한 작품으로 성룡의 배우생활에 있어서 아주 중요한 이정표적인 작품이며, 흥행에도 아주 성공해서 2탄, 3탄을 제작하게 되었음.",
    "date": "13.03.17",
    "rating": "10",
    "author": "kiss****",
    "review_id": "7358313",
    "movie_id": "10746"
  },
  {
    "review": "성룡형 최고",
    "date": "13.03.09",
    "rating": "10",
    "author": "wook****",
    "review_id": "7332675",
    "movie_id": "10746"
  },
  {
    "review": "지나가다 이말은 꼭 하고 가야될꺼같아 평점 남기고 감. 어릴적 최고의 영화였음.",
    "date": "13.03.07",
    "rating": "10",
    "author": "hnli****",
    "review_id": "7329022",
    "movie_id": "10746"
  },
  {
    "review": "지금 봐도 재미있네.....성룡 최고의 액션!! 명작의 시작",
    "date": "13.03.06",
    "rating": "8",
    "author": "nba1****",
    "review_id": "7327754",
    "movie_id": "10746"
  },
  {
    "review": "최고",
    "date": "13.03.05",
    "rating": "10",
    "author": "cycl****",
    "review_id": "7326760",
    "movie_id": "10746"
  },
  {
    "review": "조와 아주 조와~~~~~~",
    "date": "13.03.04",
    "rating": "9",
    "author": "vnfa****",
    "review_id": "7323926",
    "movie_id": "10746"
  },
  {
    "review": "최고의 액션名作...마지막에 성룡형님이 손바닥이 다 찢어져가며 쇠기둥타고 고층에서 뛰어내리는장면은 압권.엔딩곡도 지금다시들어도 가슴이 설렌다.",
    "date": "13.03.04",
    "rating": "10",
    "author": "acek****",
    "review_id": "7323056",
    "movie_id": "10746"
  },
  {
    "review": "지금하는 아이리스 2보다 낫네...........폴리스 스토리 주제곡 들으니까......심장이 두근두근 거리더라.....룡이 형님 짱....",
    "date": "13.03.02",
    "rating": "10",
    "author": "hjw2****",
    "review_id": "7318283",
    "movie_id": "10746"
  },
  {
    "review": "성룡 영화중에서 제일 재밌었다",
    "date": "13.03.01",
    "rating": "10",
    "author": "buti****",
    "review_id": "7313156",
    "movie_id": "10746"
  }
]