[
  {
    "review": "큰 기대 안하고 봤는데 몰입감 있고 재미남...",
    "date": "15.08.17",
    "rating": "10",
    "author": "jist****",
    "review_id": "10243561",
    "movie_id": "10742"
  },
  {
    "review": "시대를 넘나들을 감각적인 스릴러.",
    "date": "15.08.06",
    "rating": "8",
    "author": "tjsd****",
    "review_id": "10193733",
    "movie_id": "10742"
  },
  {
    "review": "샤론스톤의 미칠듯한 존재감.",
    "date": "15.08.04",
    "rating": "10",
    "author": "kimd****",
    "review_id": "10182773",
    "movie_id": "10742"
  },
  {
    "review": "와 이게 92년도 작품이 맞나 지금봐도 안꿀리네",
    "date": "15.07.30",
    "rating": "10",
    "author": "gust****",
    "review_id": "10159650",
    "movie_id": "10742"
  },
  {
    "review": "결말이 애매해서 더 좋은 예외적인 영화",
    "date": "15.07.21",
    "rating": "10",
    "author": "bus2****",
    "review_id": "10125054",
    "movie_id": "10742"
  },
  {
    "review": "샤론스톤존예영화도좋다",
    "date": "15.07.16",
    "rating": "8",
    "author": "2ele****",
    "review_id": "10108596",
    "movie_id": "10742"
  },
  {
    "review": "샤론스톤의  늪은  어마어마 하다  헤어 나올수가 없었다.",
    "date": "15.06.29",
    "rating": "9",
    "author": "otu2****",
    "review_id": "10051636",
    "movie_id": "10742"
  },
  {
    "review": "샤론스톤 진짜예쁨..; 알고보니 우리엄마랑동갑...; 그냥 섹시스타라고 싸보이는게 전혀아닌 고급스러운얼굴..얼굴에 귀여움과 섹시함이 동시에 공존하는....;",
    "date": "15.06.25",
    "rating": "10",
    "author": "sono****",
    "review_id": "10034205",
    "movie_id": "10742"
  },
  {
    "review": "서스펜스의 모범, 그리고 새로움",
    "date": "15.06.12",
    "rating": "10",
    "author": "skwn****",
    "review_id": "9992684",
    "movie_id": "10742"
  },
  {
    "review": "스릴러 매니아로써 회자가 안될수 없는 명작 중의 명작.",
    "date": "15.06.12",
    "rating": "10",
    "author": "pre0****",
    "review_id": "9992017",
    "movie_id": "10742"
  },
  {
    "review": "1992년도 스릴러가 이정도의 완성도를 자랑하다니;; 수작",
    "date": "15.05.27",
    "rating": "9",
    "author": "kjsg****",
    "review_id": "9954138",
    "movie_id": "10742"
  },
  {
    "review": "샤론 스톤 매력에 빠지다.",
    "date": "15.05.17",
    "rating": "7",
    "author": "adiv****",
    "review_id": "9925671",
    "movie_id": "10742"
  },
  {
    "review": "종합 평점은 7점 드립니다.",
    "date": "15.05.05",
    "rating": "7",
    "author": "terr****",
    "review_id": "9895258",
    "movie_id": "10742"
  },
  {
    "review": "와...할말이 없다...",
    "date": "15.04.10",
    "rating": "10",
    "author": "kst7****",
    "review_id": "9837444",
    "movie_id": "10742"
  },
  {
    "review": "90년대에 봤다면 더 나았을지 모르지만 지금으로선 납득할 수 없는 부분들이 있다. 스릴러로서 열린 결말은 이 영화에겐 양날의 검이란 생각이든다. 그럼에도 불구하고 팽팽한 심리싸움과 샤론스톤의 연기는 정말 좋았다고 생각된다.",
    "date": "15.03.28",
    "rating": "8",
    "author": "ddal****",
    "review_id": "9811176",
    "movie_id": "10742"
  },
  {
    "review": "에로틱이란 상업성을 충분히 살리면서도  처음부터 절정으로 시작해 점점 더 고조되는 긴장감과 함께 음악 스토리가 최고다 누구도대체할 수 없는 샤론스톤까지.. 나이들어 다시보니 정말 명작이다",
    "date": "15.03.08",
    "rating": "10",
    "author": "0270****",
    "review_id": "9765017",
    "movie_id": "10742"
  },
  {
    "review": "배경음악과 함께 마지막까지 조여오는 긴장감은  어느 영화에서도 느껴본적 없는 섹시한 긴장감이었다.",
    "date": "15.02.20",
    "rating": "9",
    "author": "ditn****",
    "review_id": "9715872",
    "movie_id": "10742"
  },
  {
    "review": "샤론 스톤의 매력에 영혼을 털린다.",
    "date": "15.01.30",
    "rating": "10",
    "author": "qian****",
    "review_id": "9652053",
    "movie_id": "10742"
  },
  {
    "review": "마지막 얼음송곳 ㄷㄷㄷ",
    "date": "15.01.02",
    "rating": "10",
    "author": "woda****",
    "review_id": "9549238",
    "movie_id": "10742"
  },
  {
    "review": "영화 역사상 팜므파탈은 오직 한 명... 원초적본능의 캐서린 트러멜 뿐이다",
    "date": "14.12.05",
    "rating": "10",
    "author": "blue****",
    "review_id": "9448232",
    "movie_id": "10742"
  },
  {
    "review": "긴장감 개쩔 ㅋㅋㅋ;ㄷㄷ 미루다가 보게되었는데 재밌다 + 샤론스톤 개 ㅎㄷㄷ.... 헠헠",
    "date": "14.11.17",
    "rating": "10",
    "author": "goa1****",
    "review_id": "9396669",
    "movie_id": "10742"
  },
  {
    "review": "Masterpiece",
    "date": "14.11.09",
    "rating": "10",
    "author": "482d****",
    "review_id": "9359942",
    "movie_id": "10742"
  },
  {
    "review": "닉은 대체 무엇을 보고 4층으로 뛰어올라 간걸까...",
    "date": "14.10.25",
    "rating": "5",
    "author": "beat****",
    "review_id": "9314552",
    "movie_id": "10742"
  },
  {
    "review": "결말이 애매모하다 결론은누가 범인인것인가?",
    "date": "14.10.21",
    "rating": "10",
    "author": "chlr****",
    "review_id": "9306324",
    "movie_id": "10742"
  },
  {
    "review": "샤론 누나 리즈시절 소름끼치는 미모!!",
    "date": "14.10.11",
    "rating": "10",
    "author": "ske4****",
    "review_id": "9283570",
    "movie_id": "10742"
  },
  {
    "review": "폴버호벤을 좋아하기 시작했다...상업영화의 본분을 절대 잊지 않는다",
    "date": "14.09.26",
    "rating": "9",
    "author": "lees****",
    "review_id": "9241752",
    "movie_id": "10742"
  },
  {
    "review": "미친듯이 빨려들어간다. 캐릭터가 기가맥히고, 시나리오, 연출, 연기 모두 기가 맥힌다.",
    "date": "14.09.24",
    "rating": "8",
    "author": "samg****",
    "review_id": "9237491",
    "movie_id": "10742"
  },
  {
    "review": "재밌네요 샤론스톤 진짜 이쁨",
    "date": "14.09.21",
    "rating": "7",
    "author": "chik****",
    "review_id": "9230483",
    "movie_id": "10742"
  },
  {
    "review": "자극적이고 강렬한 오프닝과 흥미진진한 취조 장면은 무척이나 인상적이지만, 그 이후 영화는 그저 방황하고 반전만을 위해 캐릭터와 스토리를 희생시킨다.",
    "date": "14.08.25",
    "rating": "6",
    "author": "zxc1****",
    "review_id": "9132674",
    "movie_id": "10742"
  },
  {
    "review": "90년대 초반에 이정도의 노출 영화가 나오다니 대단하다. 더군다나 모두 그때 당시에도 인지도가 있었는데도 나온다는건 정말로 그때 당시의 각본이 정말 좋았다는 것. 폴 감독의 연출도 좋았고, 가장 좋았던 것은 음악!",
    "date": "14.07.20",
    "rating": "9",
    "author": "h2o8****",
    "review_id": "8934701",
    "movie_id": "10742"
  },
  {
    "review": "로보캅과 함께 폴버호벤감독의 최고걸작. 샤론스톤의 카리스마가 영화의 완성도를 높임.",
    "date": "14.07.09",
    "rating": "10",
    "author": "peon****",
    "review_id": "8898307",
    "movie_id": "10742"
  },
  {
    "review": "멋진 각본과 샤론스톤의 아름다움.",
    "date": "14.07.08",
    "rating": "10",
    "author": "ferd****",
    "review_id": "8896755",
    "movie_id": "10742"
  },
  {
    "review": "섹스와 범죄가 만났을 때",
    "date": "14.06.30",
    "rating": "8",
    "author": "soqu****",
    "review_id": "8871813",
    "movie_id": "10742"
  },
  {
    "review": "팜므 파탈이란 말은 아무 데나 갖다 붙여도 되는 게 아니다. 적어도 이 정되는 되어야.",
    "date": "14.06.20",
    "rating": "7",
    "author": "cube****",
    "review_id": "8842120",
    "movie_id": "10742"
  },
  {
    "review": "납득 안되는 스토리도 주인공이 샤론 스톤이라서 납득이 된다",
    "date": "14.05.11",
    "rating": "8",
    "author": "kimg****",
    "review_id": "8723108",
    "movie_id": "10742"
  },
  {
    "review": "정사신 아니어도 괜찮았다..",
    "date": "14.04.13",
    "rating": "8",
    "author": "tn99****",
    "review_id": "8646154",
    "movie_id": "10742"
  },
  {
    "review": "샤론 스톤의 꿀벅지가 아직도~",
    "date": "14.02.09",
    "rating": "8",
    "author": "pont****",
    "review_id": "8490360",
    "movie_id": "10742"
  },
  {
    "review": "샤론스톤의 포르노급 비주얼만 볼만했다",
    "date": "14.02.09",
    "rating": "1",
    "author": "mara****",
    "review_id": "8490355",
    "movie_id": "10742"
  },
  {
    "review": "에로는 저급한 것이 아니라는 것을 확인시켜준 최고의 스릴 명작",
    "date": "14.01.09",
    "rating": "10",
    "author": "sher****",
    "review_id": "8362803",
    "movie_id": "10742"
  },
  {
    "review": "명작이다  스토리  탄탄하고  보는내내  손에  땀을 쥐게한다  양들의 침묵  세븐 과  함께  내가본  스릴러물중  최고다",
    "date": "14.01.08",
    "rating": "10",
    "author": "kkkk****",
    "review_id": "8361322",
    "movie_id": "10742"
  },
  {
    "review": "그녀의 유혹.... 누가 이길까",
    "date": "13.11.30",
    "rating": "10",
    "author": "ssh0****",
    "review_id": "8179232",
    "movie_id": "10742"
  },
  {
    "review": "진짜 개명작 두번보세요 ㅠㅠ",
    "date": "13.11.26",
    "rating": "10",
    "author": "naga****",
    "review_id": "8170000",
    "movie_id": "10742"
  },
  {
    "review": "최고 샤론스톤 너무나 아름답다",
    "date": "13.11.02",
    "rating": "9",
    "author": "qkrt****",
    "review_id": "8111307",
    "movie_id": "10742"
  },
  {
    "review": "이영화좋읍니다.안보신분한본보세여",
    "date": "13.10.25",
    "rating": "10",
    "author": "whgo****",
    "review_id": "8087340",
    "movie_id": "10742"
  },
  {
    "review": "당시에 파격적인 소재들을 써서 더 화제가 됐을법한.. 긴장감이 있지만 조금만 런닝타임을 줄였어도 괜찮을 것 같다",
    "date": "13.10.24",
    "rating": "7",
    "author": "seul****",
    "review_id": "8084901",
    "movie_id": "10742"
  },
  {
    "review": "요물~~!!!",
    "date": "13.09.12",
    "rating": "10",
    "author": "oops****",
    "review_id": "7969098",
    "movie_id": "10742"
  },
  {
    "review": "1992년 작품이라는 것을 감안하고 보더라도 상당히 매력적인 스릴러. 결말이 애매모호하게 해석되는 것이 장점이자 단점. 샤론 스톤의 대표적 작품.",
    "date": "13.08.20",
    "rating": "9",
    "author": "jjaj****",
    "review_id": "7907747",
    "movie_id": "10742"
  },
  {
    "review": "어억!!! 스릴 개 쩐다!!!! 아이구 내 뒤통수야! 미져리 이후로 이런 결말은 처음이네.",
    "date": "13.08.20",
    "rating": "10",
    "author": "sams****",
    "review_id": "7907420",
    "movie_id": "10742"
  },
  {
    "review": "왜 원초적본능 거리는지 성인이된 이제 알았다 그야말로 샤론스톤은 역사적인 팜므파탈~~!!!",
    "date": "13.08.12",
    "rating": "9",
    "author": "gkgh****",
    "review_id": "7872382",
    "movie_id": "10742"
  },
  {
    "review": "지금봐도 세련된 희대의 대작. 흔한소재를 배우와 긴장감으로 채운건 더 대단. 다시없을 스릴러계의 명작. 다른 배우가 연기했다면 결코 전설이되진 못했을듯",
    "date": "13.08.07",
    "rating": "10",
    "author": "bong****",
    "review_id": "7852828",
    "movie_id": "10742"
  },
  {
    "review": "개쩐다 진짜.",
    "date": "13.07.10",
    "rating": "10",
    "author": "d_s_****",
    "review_id": "7721685",
    "movie_id": "10742"
  },
  {
    "review": "난..이 영화가 지금까지 야한영화인줄 알았는데, 알고보니 존나섹시한영화였네.",
    "date": "13.07.08",
    "rating": "9",
    "author": "malz****",
    "review_id": "7717128",
    "movie_id": "10742"
  },
  {
    "review": "마지막에 송곳 보여줄때 예상하고잇엇음에도 불구하고 소름이 돋음",
    "date": "13.05.09",
    "rating": "10",
    "author": "john****",
    "review_id": "7516722",
    "movie_id": "10742"
  },
  {
    "review": "개봉 당시 정사신에만 치중을 두는 마케팅이 아쉬웠던 명작 영화~ 지금봐도 상당히 훌륭한 스릴러물인듯",
    "date": "13.04.19",
    "rating": "10",
    "author": "wham****",
    "review_id": "7468206",
    "movie_id": "10742"
  },
  {
    "review": "20년이 지난 지금 봐도 요즘 영화에 비해 전혀 꿀리지 않는다.",
    "date": "13.04.07",
    "rating": "10",
    "author": "lsh5****",
    "review_id": "7440965",
    "movie_id": "10742"
  },
  {
    "review": "한시도 긴장을 놓을 수 없는 탄탄한 스릴러! 수작이다!! 그리고 샤론스톤의 카리스마에 넋을 잃는다..",
    "date": "13.04.02",
    "rating": "10",
    "author": "chur****",
    "review_id": "7429986",
    "movie_id": "10742"
  },
  {
    "review": "sex",
    "date": "13.03.30",
    "rating": "10",
    "author": "cha6****",
    "review_id": "7423869",
    "movie_id": "10742"
  },
  {
    "review": "LA컨피덴셜과 견주어도 달리지않는 스릴러물이네요팜므파탈~아주 매력적~",
    "date": "13.03.26",
    "rating": "9",
    "author": "zeti****",
    "review_id": "7412336",
    "movie_id": "10742"
  },
  {
    "review": "섹시하다",
    "date": "13.03.23",
    "rating": "9",
    "author": "ghka****",
    "review_id": "7398766",
    "movie_id": "10742"
  },
  {
    "review": "앞으로 이런 장르에 원초적 본능을 능가하는 영화가 나오기는 매우 힘들다..",
    "date": "13.03.06",
    "rating": "9",
    "author": "dust****",
    "review_id": "7327494",
    "movie_id": "10742"
  },
  {
    "review": "본능과 습관의 차이라면, 본능은 변치않으며 습관은 변한다.",
    "date": "13.02.17",
    "rating": "7",
    "author": "kos4****",
    "review_id": "7277117",
    "movie_id": "10742"
  },
  {
    "review": "야한영화인 줄알았는데 추리물 이군요. 재미있다는!  샤론스톤 진짜 매력쩔어요!",
    "date": "13.02.12",
    "rating": "8",
    "author": "fool****",
    "review_id": "7257916",
    "movie_id": "10742"
  },
  {
    "review": "겁나 예쁘네",
    "date": "13.02.07",
    "rating": "10",
    "author": "rlgk****",
    "review_id": "7235721",
    "movie_id": "10742"
  },
  {
    "review": "흔히 알려진 것은 야한 영화인 것으로 알려졌으나 정말 끝까지 긴장을 놓칠수 없게 만드는 스릴러다. 정말 명작이다.",
    "date": "13.02.02",
    "rating": "10",
    "author": "qpqp****",
    "review_id": "7211103",
    "movie_id": "10742"
  },
  {
    "review": "로보캅과 함께 전성기 폴 버호벤의 감각이 어느정도인지를 알려주는 역사상 가장 섹시한 스릴러",
    "date": "13.01.24",
    "rating": "10",
    "author": "yaso****",
    "review_id": "7163523",
    "movie_id": "10742"
  },
  {
    "review": "남자와 여자를 모두 매료시키는 세기의 섹스심벌! 끝까지 긴장감을 놓지 않는 연출!",
    "date": "13.01.16",
    "rating": "10",
    "author": "hann****",
    "review_id": "7122164",
    "movie_id": "10742"
  },
  {
    "review": "Fuck of the century",
    "date": "13.01.07",
    "rating": "7",
    "author": "46to****",
    "review_id": "7089616",
    "movie_id": "10742"
  },
  {
    "review": "완성도와 개연성의 완결! 스릴러 작품주 단연 최고 !!!!",
    "date": "13.01.03",
    "rating": "9",
    "author": "vele****",
    "review_id": "7078674",
    "movie_id": "10742"
  },
  {
    "review": "스토리 개 엉망이라 더러운기분으로 봤는데, 마지막 장면에서 싹 없애버리네요.. 굿굿!!",
    "date": "12.12.27",
    "rating": "7",
    "author": "baer****",
    "review_id": "7052396",
    "movie_id": "10742"
  },
  {
    "review": "선정적이라는 조명 아래 감춰진 작품성.",
    "date": "12.12.20",
    "rating": "10",
    "author": "chul****",
    "review_id": "7022445",
    "movie_id": "10742"
  },
  {
    "review": "그냥 야한영화인줄만 알고 있었는데 스토리도 좋고 여배우도 매력적이고 긴장감도 있었다",
    "date": "12.09.21",
    "rating": "10",
    "author": "jhch****",
    "review_id": "6717385",
    "movie_id": "10742"
  },
  {
    "review": "긴장감이 쉴틈이 없다",
    "date": "12.09.17",
    "rating": "9",
    "author": "xbff****",
    "review_id": "6708248",
    "movie_id": "10742"
  },
  {
    "review": "개인적으론 결말이 좀 아쉬운 영화예요. 해피엔딩으로 끝날 줄 알았는데.ㅠ,ㅜ",
    "date": "12.09.07",
    "rating": "9",
    "author": "jun0****",
    "review_id": "6676816",
    "movie_id": "10742"
  },
  {
    "review": "스릴러 영화계의 전설 폴버호벤은 천재가 분명하다",
    "date": "12.08.23",
    "rating": "10",
    "author": "dnf7****",
    "review_id": "6638348",
    "movie_id": "10742"
  },
  {
    "review": "재밌엇다",
    "date": "12.08.23",
    "rating": "10",
    "author": "dufu****",
    "review_id": "6637806",
    "movie_id": "10742"
  },
  {
    "review": "스릴러에 양념처럼뿌려진 섹시 잘 버무려진 멋진 영화",
    "date": "12.08.14",
    "rating": "9",
    "author": "comi****",
    "review_id": "6604446",
    "movie_id": "10742"
  },
  {
    "review": "샤론스톤이란 이름을 기억하게 만들었던 추억의 영화..",
    "date": "12.05.31",
    "rating": "10",
    "author": "dkrl****",
    "review_id": "6351086",
    "movie_id": "10742"
  },
  {
    "review": "희대의 섹시 아이콘 샤론 스톤의 매력. 소름돋는 엔딩. 훌륭한 스릴러",
    "date": "12.05.21",
    "rating": "9",
    "author": "thel****",
    "review_id": "6317315",
    "movie_id": "10742"
  },
  {
    "review": "반전에 등골이 서늘해지는 스릴러!!!!",
    "date": "12.03.31",
    "rating": "10",
    "author": "rend****",
    "review_id": "6181117",
    "movie_id": "10742"
  },
  {
    "review": "9점대는 만들어야지..",
    "date": "12.03.30",
    "rating": "10",
    "author": "rigu****",
    "review_id": "6179459",
    "movie_id": "10742"
  },
  {
    "review": "섹스씬이랑 피튀기는 잔인한 씬 빼고 남는게 없는 영화.그냥 구리다.",
    "date": "12.03.13",
    "rating": "3",
    "author": "un51****",
    "review_id": "6141314",
    "movie_id": "10742"
  },
  {
    "review": "샤론스톤이 전설이 된 영화.",
    "date": "12.02.17",
    "rating": "10",
    "author": "milk****",
    "review_id": "6082401",
    "movie_id": "10742"
  },
  {
    "review": "진자 재밌네 샤론스톤 젊었을땐 정말 섹시하다",
    "date": "12.02.10",
    "rating": "9",
    "author": "jou1****",
    "review_id": "6065509",
    "movie_id": "10742"
  },
  {
    "review": "the most sexiest movie",
    "date": "12.02.01",
    "rating": "10",
    "author": "rnfh****",
    "review_id": "6042046",
    "movie_id": "10742"
  },
  {
    "review": "탄탄한 스릴러+ 샤론스톤",
    "date": "12.01.12",
    "rating": "9",
    "author": "virt****",
    "review_id": "5980599",
    "movie_id": "10742"
  },
  {
    "review": "보고 개지림.. 이런 영화를 만들수 있다니",
    "date": "11.12.29",
    "rating": "10",
    "author": "eric****",
    "review_id": "5944606",
    "movie_id": "10742"
  },
  {
    "review": "유명한 이유가 있다",
    "date": "11.12.20",
    "rating": "7",
    "author": "milk****",
    "review_id": "5916346",
    "movie_id": "10742"
  },
  {
    "review": "샤론 스톤의 치명적인 관능미",
    "date": "11.12.04",
    "rating": "10",
    "author": "hana****",
    "review_id": "5887208",
    "movie_id": "10742"
  },
  {
    "review": "귀여운 결말",
    "date": "11.09.21",
    "rating": "8",
    "author": "92gu****",
    "review_id": "5744542",
    "movie_id": "10742"
  },
  {
    "review": "그땐 샤론스톤이 맘에 들었지만...지금은 진트리플혼의 매력이 끌리네...",
    "date": "11.09.06",
    "rating": "9",
    "author": "iswg****",
    "review_id": "5711597",
    "movie_id": "10742"
  },
  {
    "review": "반전이 없는게 반전인줄 알았는데 역시나 반전은있었다 ㅋ형사와 용의자의 두뇌대결!",
    "date": "11.08.17",
    "rating": "10",
    "author": "jwbj****",
    "review_id": "5662619",
    "movie_id": "10742"
  },
  {
    "review": "샤론스톤 보다 더 섹시하고 세련된 플롯",
    "date": "11.07.22",
    "rating": "9",
    "author": "hyli****",
    "review_id": "5561398",
    "movie_id": "10742"
  },
  {
    "review": "으. 진짜 재밌다..",
    "date": "11.07.18",
    "rating": "10",
    "author": "dmag****",
    "review_id": "5551811",
    "movie_id": "10742"
  },
  {
    "review": "와.눈을뗄수가없다.최고의영화.완전내스탈이다.ㅋㅋ.샤론스톤...이랑.하고싶다.ㅋ대박",
    "date": "11.07.07",
    "rating": "10",
    "author": "zang****",
    "review_id": "5528022",
    "movie_id": "10742"
  },
  {
    "review": "이 영화 개봉당시에도 상당한 센세이션이었지 지금봐도 샤론스톤은 정말 섹시하다",
    "date": "11.06.25",
    "rating": "8",
    "author": "foun****",
    "review_id": "5499710",
    "movie_id": "10742"
  },
  {
    "review": "위험하지만 치명적인 아름다움을 지닌 팜므파탈 샤론 스톤.",
    "date": "11.06.23",
    "rating": "10",
    "author": "ring****",
    "review_id": "5495308",
    "movie_id": "10742"
  },
  {
    "review": "뭐 그냥..",
    "date": "11.06.03",
    "rating": "6",
    "author": "xtai****",
    "review_id": "5461792",
    "movie_id": "10742"
  },
  {
    "review": "10",
    "date": "11.05.12",
    "rating": "10",
    "author": "7758****",
    "review_id": "5423146",
    "movie_id": "10742"
  },
  {
    "review": "얼음송곳처럼 차갑고 치명적인 매력을 지닌 90년대 최고의 화제종결작",
    "date": "11.04.21",
    "rating": "6",
    "author": "goms****",
    "review_id": "5385578",
    "movie_id": "10742"
  },
  {
    "review": "갈피를 잡을수 없었던 반전의 반전을 계속하는 영화",
    "date": "11.04.20",
    "rating": "10",
    "author": "woos****",
    "review_id": "5384955",
    "movie_id": "10742"
  }
]