[
  {
    "review": "파리.프랑스하면 꼭 요딴 상상만 하는..",
    "date": "15.03.05",
    "rating": "3",
    "author": "pont****",
    "review_id": "9756819",
    "movie_id": "10747"
  },
  {
    "review": "한지붕 세가족의 내가 아는 현석이란 배우 이미지랑 달라서 컬쳐쇼크였던 가발꽁지머리는 안어울렸다",
    "date": "15.02.08",
    "rating": "5",
    "author": "tipe****",
    "review_id": "9678866",
    "movie_id": "10747"
  },
  {
    "review": "유해리 굿",
    "date": "13.07.10",
    "rating": "10",
    "author": "unit****",
    "review_id": "7721520",
    "movie_id": "10747"
  },
  {
    "review": "점수가 너무낮다 ㅋㅋㅋㅋ",
    "date": "13.06.17",
    "rating": "10",
    "author": "hn27****",
    "review_id": "7652995",
    "movie_id": "10747"
  },
  {
    "review": "유혜리보다 잠깐 나온 민복기가 더 육감적이었다. 현석 아저씨는 하나도 안 어울리고 스토리는 뭐 논할 가치도 없다.",
    "date": "12.08.31",
    "rating": "2",
    "author": "mist****",
    "review_id": "6658237",
    "movie_id": "10747"
  },
  {
    "review": "청춘의 한 지점에 오롯이 살아 있구나.  유혜리.. 극한 매력을 발산하다.",
    "date": "11.10.04",
    "rating": "6",
    "author": "pria****",
    "review_id": "5771542",
    "movie_id": "10747"
  },
  {
    "review": "유혜리밖에 안떠올라.",
    "date": "11.08.22",
    "rating": "5",
    "author": "alch****",
    "review_id": "5680118",
    "movie_id": "10747"
  },
  {
    "review": "아류작은 아류에 불과하다는 것을 증명한다",
    "date": "10.06.07",
    "rating": "1",
    "author": "deff****",
    "review_id": "4551633",
    "movie_id": "10747"
  },
  {
    "review": "안에서 새던 바가지 밖에 나가니 아예 깨져 버렸네~",
    "date": "10.04.25",
    "rating": "1",
    "author": "mygr****",
    "review_id": "4453752",
    "movie_id": "10747"
  },
  {
    "review": "아니,파리까지 가서 할 짓거리가 그거밖에 없었어?응?ㅋㅋㅋㅋㅋ",
    "date": "10.01.29",
    "rating": "3",
    "author": "baks****",
    "review_id": "4220429",
    "movie_id": "10747"
  },
  {
    "review": "유혜리의 색시한 매력발산",
    "date": "08.05.23",
    "rating": "3",
    "author": "meth****",
    "review_id": "2657045",
    "movie_id": "10747"
  },
  {
    "review": "유혜리씨의 파격적인 모습인가 !!",
    "date": "08.01.14",
    "rating": "5",
    "author": "evil****",
    "review_id": "2331688",
    "movie_id": "10747"
  },
  {
    "review": "과연 애마부인의 아버지 ! 정인엽",
    "date": "07.01.28",
    "rating": "10",
    "author": "cmh4****",
    "review_id": "1420288",
    "movie_id": "10747"
  },
  {
    "review": "정말이지 말이 안나오는영화 --;;;",
    "date": "07.01.21",
    "rating": "3",
    "author": "1415****",
    "review_id": "1403278",
    "movie_id": "10747"
  },
  {
    "review": "유혜리의 도발",
    "date": "06.08.02",
    "rating": "10",
    "author": "zeed****",
    "review_id": "959169",
    "movie_id": "10747"
  },
  {
    "review": "최순옥 여사!TV에서는 이지적 모습으로 출연했는데 저런 과거?",
    "date": "06.04.19",
    "rating": "5",
    "author": "stag****",
    "review_id": "768145",
    "movie_id": "10747"
  }
]