[
  {
    "review": "원시 시대를 배경으로한 두번 다시 없을 걸작",
    "date": "15.05.23",
    "rating": "8",
    "author": "guev****",
    "review_id": "9941025",
    "movie_id": "10744"
  },
  {
    "review": "정말 감독이 대단한듯!",
    "date": "15.02.13",
    "rating": "10",
    "author": "lyko****",
    "review_id": "9693508",
    "movie_id": "10744"
  },
  {
    "review": "꼬라기 非추천 영화.... the 21th .... 복사 http://blog.naver.com/oroblast/220230242965",
    "date": "15.01.05",
    "rating": "9",
    "author": "orob****",
    "review_id": "9564786",
    "movie_id": "10744"
  },
  {
    "review": "손에 꼽을 명작. 그 시대를 보는듯한, 배우들의 연기력이 대단 함",
    "date": "14.11.29",
    "rating": "10",
    "author": "bete****",
    "review_id": "9431262",
    "movie_id": "10744"
  },
  {
    "review": "이랬던 인간이 지금은 원자력을 이용하고 있다.",
    "date": "14.10.13",
    "rating": "10",
    "author": "urus****",
    "review_id": "9290355",
    "movie_id": "10744"
  },
  {
    "review": "요소요소가 다 흥미롭습니다. 호모사피엔스 여러 부족이 나오고  말없는 행동을 해석하는 것도 한 즐거움. 무기나 복장이 저랬을거 같다는 느낌이 듭니다",
    "date": "14.08.16",
    "rating": "10",
    "author": "nike****",
    "review_id": "9092930",
    "movie_id": "10744"
  },
  {
    "review": "대사가 없이도 내용을 잘 전달을 해줬지만, 시간이 지날수록 지루했다.",
    "date": "14.08.01",
    "rating": "5",
    "author": "dlgu****",
    "review_id": "9000219",
    "movie_id": "10744"
  },
  {
    "review": "학교에서 수업시간에 보여줘서 본 사람 공감ㅋㅋㅋ",
    "date": "14.06.17",
    "rating": "10",
    "author": "csa1****",
    "review_id": "8837448",
    "movie_id": "10744"
  },
  {
    "review": "학습 면에서도 좋았는데 동영상을 통해서 시대의 상황을 잘 이해하게 되었고 많은 걸 느끼게 했다.",
    "date": "14.03.23",
    "rating": "10",
    "author": "rlaw****",
    "review_id": "8598516",
    "movie_id": "10744"
  },
  {
    "review": "그 어떤 영화보다도 감명 깊게 보았다..",
    "date": "13.12.04",
    "rating": "10",
    "author": "nana****",
    "review_id": "8189403",
    "movie_id": "10744"
  },
  {
    "review": "이 영화 너무 볼만함. 감독이 대단한 사람인 듯.",
    "date": "13.09.03",
    "rating": "8",
    "author": "cool****",
    "review_id": "7945449",
    "movie_id": "10744"
  },
  {
    "review": "시대를 뛰어넘는 클래식한대작",
    "date": "13.04.14",
    "rating": "10",
    "author": "kiro****",
    "review_id": "7459866",
    "movie_id": "10744"
  },
  {
    "review": "대작입니다. 이런 영화 또 나올지...",
    "date": "13.04.01",
    "rating": "10",
    "author": "ksyk****",
    "review_id": "7427867",
    "movie_id": "10744"
  },
  {
    "review": "완 전 재미있어~",
    "date": "13.02.01",
    "rating": "9",
    "author": "qweq****",
    "review_id": "7209526",
    "movie_id": "10744"
  },
  {
    "review": "이야기마져도 단조로울수밖에없는 한계란.",
    "date": "12.11.29",
    "rating": "6",
    "author": "tubt****",
    "review_id": "6937219",
    "movie_id": "10744"
  },
  {
    "review": "남는게 많은 영화네요. 이종교배 장면이 가장 인상적이더군요. 요즘 학설로는 임신이 불가능하다고는 하지만... 암튼 감동적인 다큐를 본 느낌입니다.",
    "date": "12.10.08",
    "rating": "10",
    "author": "heal****",
    "review_id": "6772517",
    "movie_id": "10744"
  },
  {
    "review": "원시인들의 삶과 아주먼과거 불의 중요성에 대한 간접적인 경험을 할수있게 되어서 좋았다. 얼마전에 본 영화 프로메테우스가 생각났다",
    "date": "12.10.03",
    "rating": "9",
    "author": "dntl****",
    "review_id": "6759586",
    "movie_id": "10744"
  },
  {
    "review": "현생인류의 기원... 적절한 유머와 감동이 있다... 그 어떤 드라마 보다 드라마틱한 이야기.. 정말 8만년 전에는 저랬을 거 같다..",
    "date": "12.08.22",
    "rating": "10",
    "author": "junp****",
    "review_id": "6633330",
    "movie_id": "10744"
  },
  {
    "review": "현생인류와 네안데르탈인의 교잡? 30년전엔 비웃음거리였을 얘기가 최근엔 사실로 입증이 됐지.",
    "date": "12.08.18",
    "rating": "10",
    "author": "alsn****",
    "review_id": "6621053",
    "movie_id": "10744"
  },
  {
    "review": "요즘에 나오는 판타지 모험영화와 비교해도 결코 OOO 않는다",
    "date": "12.04.10",
    "rating": "9",
    "author": "ccpp****",
    "review_id": "6206871",
    "movie_id": "10744"
  },
  {
    "review": "81년작이란 게 믿기지 않을 정도로 특수분장을 비롯한 촬영기법이 사실적",
    "date": "12.04.10",
    "rating": "9",
    "author": "rame****",
    "review_id": "6206866",
    "movie_id": "10744"
  },
  {
    "review": "대사가 없어도 이렇게 흥미진진 할 수 있다니!",
    "date": "12.04.10",
    "rating": "9",
    "author": "kpcc****",
    "review_id": "6206865",
    "movie_id": "10744"
  },
  {
    "review": "장자크아노 감독의 사전에 대사란 없다!! ㅋㅋㅋㅋㅋ",
    "date": "11.12.25",
    "rating": "10",
    "author": "samm****",
    "review_id": "5931861",
    "movie_id": "10744"
  },
  {
    "review": "원시시대를 배경으로 한 프랑스 거장의 불과 인류, 그리고 진화에 관한 흥미로운 작품",
    "date": "11.11.04",
    "rating": "9",
    "author": "deka****",
    "review_id": "5828211",
    "movie_id": "10744"
  },
  {
    "review": "위대한 불의 발견이 경이롭기만 하다.",
    "date": "11.09.27",
    "rating": "8",
    "author": "kusa****",
    "review_id": "5756839",
    "movie_id": "10744"
  },
  {
    "review": "헐 무심코 봤는데 진짜 잘만들었네요.. 여운이 많이 남네요",
    "date": "11.08.26",
    "rating": "10",
    "author": "cstg****",
    "review_id": "5689791",
    "movie_id": "10744"
  },
  {
    "review": "대사 하나 없이도 잘 통하는 재미! 허풍은 심하지만 인류학적인 내용도 흥미로움!",
    "date": "11.07.09",
    "rating": "9",
    "author": "acii****",
    "review_id": "5532348",
    "movie_id": "10744"
  },
  {
    "review": "후배위하는 원시인 여자배우가 코만도에서 아놀드주지사 도왔던 여배우였다니",
    "date": "11.04.28",
    "rating": "10",
    "author": "hanx****",
    "review_id": "5395536",
    "movie_id": "10744"
  },
  {
    "review": "81년에 이런 영화가??  와진짜 신선한 충격 대박",
    "date": "11.03.26",
    "rating": "10",
    "author": "whds****",
    "review_id": "5334798",
    "movie_id": "10744"
  },
  {
    "review": "불피우는모습을 보고 감동에겨워 눈물을 흘리는 장면,,정말 나까지 울번 했다 ㅋㅋ",
    "date": "11.03.23",
    "rating": "10",
    "author": "sole****",
    "review_id": "5331101",
    "movie_id": "10744"
  },
  {
    "review": "인류와 불의 만남은 불행인가 다행인가",
    "date": "11.02.10",
    "rating": "6",
    "author": "bbq2****",
    "review_id": "5232668",
    "movie_id": "10744"
  },
  {
    "review": "ㅋㅋ 자막필요없음...그리고 생각보다 잼있음..",
    "date": "11.02.09",
    "rating": "10",
    "author": "stee****",
    "review_id": "5232250",
    "movie_id": "10744"
  },
  {
    "review": "문명..",
    "date": "11.02.05",
    "rating": "10",
    "author": "dcap****",
    "review_id": "5217663",
    "movie_id": "10744"
  },
  {
    "review": "불의 소중함과 원시인들의 삶을 잘 알게 해주는 영화.",
    "date": "11.01.09",
    "rating": "9",
    "author": "0104****",
    "review_id": "5143832",
    "movie_id": "10744"
  },
  {
    "review": "작품성은 모르겠고...재미없어서 잤다.",
    "date": "11.01.09",
    "rating": "1",
    "author": "zang****",
    "review_id": "5142692",
    "movie_id": "10744"
  },
  {
    "review": "대사 한줄 없으나 이렇게 흥미롭고 깊이 있는 관점이라니 놀랍다 9점대가 아깝지 않은",
    "date": "11.01.06",
    "rating": "10",
    "author": "deep****",
    "review_id": "5134818",
    "movie_id": "10744"
  },
  {
    "review": "인류의 근원과 발전은 어디서 온것일까.",
    "date": "11.01.01",
    "rating": "10",
    "author": "ultr****",
    "review_id": "5114351",
    "movie_id": "10744"
  },
  {
    "review": "론펄먼 원시인 그 자체여",
    "date": "10.12.10",
    "rating": "10",
    "author": "elio****",
    "review_id": "5040970",
    "movie_id": "10744"
  },
  {
    "review": "교양때문에 이거 본 단국대생 모여라~",
    "date": "10.09.16",
    "rating": "10",
    "author": "yang****",
    "review_id": "4840847",
    "movie_id": "10744"
  },
  {
    "review": "티라노의 발톱-1994년 불을찾아서-1981년.. 존나 비교된다..",
    "date": "10.07.17",
    "rating": "10",
    "author": "skul****",
    "review_id": "4645729",
    "movie_id": "10744"
  },
  {
    "review": "요즘에 나오는 판타지 모험영화와 비교해도 결코 OOO 않는다",
    "date": "10.04.20",
    "rating": "10",
    "author": "ccpk****",
    "review_id": "4444739",
    "movie_id": "10744"
  },
  {
    "review": "1981년 영화....영화 역사에 올라갈 만한 작품...맞습니다.",
    "date": "10.01.01",
    "rating": "10",
    "author": "eleg****",
    "review_id": "4117209",
    "movie_id": "10744"
  },
  {
    "review": "왜곡된 역사",
    "date": "09.11.26",
    "rating": "8",
    "author": "kws4****",
    "review_id": "3992492",
    "movie_id": "10744"
  },
  {
    "review": "지금 만들어도 이정도로 만들긴 어렵겠다.재미도 있다",
    "date": "09.08.20",
    "rating": "8",
    "author": "meta****",
    "review_id": "3768944",
    "movie_id": "10744"
  },
  {
    "review": "정말 좋네요.",
    "date": "09.05.01",
    "rating": "10",
    "author": "diri****",
    "review_id": "3453375",
    "movie_id": "10744"
  },
  {
    "review": "저랑 나이가 같네여 영화가 ㅋ",
    "date": "09.04.27",
    "rating": "10",
    "author": "kiwi****",
    "review_id": "3444092",
    "movie_id": "10744"
  },
  {
    "review": "이건... 최고라는 말 말고는... 할말이 없는...",
    "date": "09.04.06",
    "rating": "10",
    "author": "cjc9****",
    "review_id": "3408020",
    "movie_id": "10744"
  },
  {
    "review": "원시시대의 삶을 잘표현해냈습니다. 최고입니다",
    "date": "09.02.26",
    "rating": "10",
    "author": "pop5****",
    "review_id": "3334530",
    "movie_id": "10744"
  },
  {
    "review": "정말 멋진 영화입니다",
    "date": "09.02.26",
    "rating": "10",
    "author": "mega****",
    "review_id": "3333559",
    "movie_id": "10744"
  },
  {
    "review": "불을발견하고도구를사용하게되는것이이렇게대단한일이구나 감독대단해",
    "date": "08.08.09",
    "rating": "10",
    "author": "nury****",
    "review_id": "2855409",
    "movie_id": "10744"
  },
  {
    "review": "이거진짜다들한번씩봐야함ㅋㅋㅋㅋ",
    "date": "08.06.22",
    "rating": "10",
    "author": "xian****",
    "review_id": "2713191",
    "movie_id": "10744"
  },
  {
    "review": "저런 인류가 이렇게 발전했다니...믿을수가",
    "date": "08.05.12",
    "rating": "10",
    "author": "band****",
    "review_id": "2637315",
    "movie_id": "10744"
  },
  {
    "review": "최고로 꼽는 몇안되는 영화중에 하나",
    "date": "08.04.28",
    "rating": "10",
    "author": "bean****",
    "review_id": "2603464",
    "movie_id": "10744"
  },
  {
    "review": "음.. 굉장히 의미심장하게 본영화..",
    "date": "08.04.02",
    "rating": "8",
    "author": "pola****",
    "review_id": "2554528",
    "movie_id": "10744"
  },
  {
    "review": "이게 감독의 힘인가보군요",
    "date": "08.03.23",
    "rating": "10",
    "author": "jlee****",
    "review_id": "2536338",
    "movie_id": "10744"
  },
  {
    "review": "론펄만의 모습을 보면 왜 그가 원시인분장에 잘 어울리는지 알수 있음ㅋㅋㅋ",
    "date": "07.11.24",
    "rating": "10",
    "author": "secu****",
    "review_id": "2179496",
    "movie_id": "10744"
  },
  {
    "review": "명작(名作), 많은 것을 내포한 역사 다큐멘터리 같은 작품.",
    "date": "07.11.09",
    "rating": "10",
    "author": "befo****",
    "review_id": "2140848",
    "movie_id": "10744"
  },
  {
    "review": "학교에서 봤다.. 물가에서의 교미장면은 평생 잊을수없을거같다 -_-",
    "date": "07.08.25",
    "rating": "9",
    "author": "nfsn****",
    "review_id": "1978918",
    "movie_id": "10744"
  },
  {
    "review": "별 기대 없었는데 의외로 꽤 재밌다.",
    "date": "07.08.01",
    "rating": "8",
    "author": "seun****",
    "review_id": "1834940",
    "movie_id": "10744"
  },
  {
    "review": "구석기시대의 삶을 잘표현한 영화 (추천)",
    "date": "07.07.22",
    "rating": "10",
    "author": "kimb****",
    "review_id": "1801026",
    "movie_id": "10744"
  },
  {
    "review": "불을 만드는 모습을 목격하고 희열을 느끼는 표정 연기는 압권!!!!",
    "date": "07.07.10",
    "rating": "10",
    "author": "kim9****",
    "review_id": "1764213",
    "movie_id": "10744"
  },
  {
    "review": "영화학적으로 의미있는 작품 허나 관심없다",
    "date": "07.07.07",
    "rating": "4",
    "author": "okjo****",
    "review_id": "1753812",
    "movie_id": "10744"
  },
  {
    "review": "구석기시대를 아는자만 즐길수 있다. 바보사절.",
    "date": "07.05.08",
    "rating": "10",
    "author": "wood****",
    "review_id": "1628188",
    "movie_id": "10744"
  },
  {
    "review": "최고다",
    "date": "07.04.13",
    "rating": "10",
    "author": "xyan****",
    "review_id": "1585471",
    "movie_id": "10744"
  },
  {
    "review": "말이필요없다 간단히 재밋게 볼수 잇는영화!",
    "date": "07.04.05",
    "rating": "10",
    "author": "chlg****",
    "review_id": "1572906",
    "movie_id": "10744"
  },
  {
    "review": "무성영화는 음악이라도 나오지만.. 이 영화는 소리자체가 필요없다.",
    "date": "07.03.31",
    "rating": "10",
    "author": "pcpc****",
    "review_id": "1565464",
    "movie_id": "10744"
  },
  {
    "review": "아트라 ! 아트라!",
    "date": "07.02.01",
    "rating": "10",
    "author": "sade****",
    "review_id": "1431483",
    "movie_id": "10744"
  },
  {
    "review": "예술영화 수준은 아니지만 쉽게 즐길수 있는 영화는 아니다",
    "date": "07.01.07",
    "rating": "9",
    "author": "nala****",
    "review_id": "1363858",
    "movie_id": "10744"
  },
  {
    "review": "안본사람 모냐 ㅜ.ㅜ",
    "date": "06.12.25",
    "rating": "10",
    "author": "daum****",
    "review_id": "1327185",
    "movie_id": "10744"
  },
  {
    "review": "명작",
    "date": "06.11.30",
    "rating": "10",
    "author": "zeed****",
    "review_id": "1258607",
    "movie_id": "10744"
  },
  {
    "review": "8만년 전 인류의 조상에게 불의 의미란..",
    "date": "06.08.01",
    "rating": "9",
    "author": "miin****",
    "review_id": "954477",
    "movie_id": "10744"
  },
  {
    "review": "학교 교육 비디오 자료로도 좋을꺼 같다.",
    "date": "06.04.07",
    "rating": "10",
    "author": "hoho****",
    "review_id": "751489",
    "movie_id": "10744"
  },
  {
    "review": "이게모여",
    "date": "06.04.04",
    "rating": "1",
    "author": "yjs5****",
    "review_id": "748221",
    "movie_id": "10744"
  },
  {
    "review": "잘만든것 같은데 대화 내용을 알수가 있어야지....",
    "date": "06.02.15",
    "rating": "6",
    "author": "noon****",
    "review_id": "672742",
    "movie_id": "10744"
  },
  {
    "review": "무자비한 원시인..ㅎㅎ 역시 장로가 많이 알고 있더군요..",
    "date": "05.12.05",
    "rating": "9",
    "author": "east****",
    "review_id": "495225",
    "movie_id": "10744"
  },
  {
    "review": "비언어적인표현으로 언어의 가치를 느낄수있었다.",
    "date": "05.12.05",
    "rating": "10",
    "author": "ybjo****",
    "review_id": "494553",
    "movie_id": "10744"
  },
  {
    "review": "막판 대반전이 죽여요.ㅋㅋㅋㅋ",
    "date": "05.09.06",
    "rating": "10",
    "author": "mohi****",
    "review_id": "395079",
    "movie_id": "10744"
  },
  {
    "review": "역사학 수업시간에 시청했음. 많은 생각이 드는 영화.*^^*",
    "date": "05.08.28",
    "rating": "10",
    "author": "smbo****",
    "review_id": "386321",
    "movie_id": "10744"
  },
  {
    "review": "지극히 평범한 내용이지만, 감동이 살아있다고나 할까^^",
    "date": "05.06.03",
    "rating": "9",
    "author": "dogs****",
    "review_id": "292374",
    "movie_id": "10744"
  },
  {
    "review": "그 어떤 조건을 떠나서 무조건 한번은 봐야할 영화",
    "date": "05.05.07",
    "rating": "10",
    "author": "lay7****",
    "review_id": "272586",
    "movie_id": "10744"
  },
  {
    "review": "역시 장자끄아노 감독답다 !!!",
    "date": "05.02.04",
    "rating": "10",
    "author": "ykss****",
    "review_id": "207776",
    "movie_id": "10744"
  },
  {
    "review": "영화의 진수를 보여주는 작품이라고 할수 있겠다.참 고증을 거쳐서 잘 만듬",
    "date": "04.10.30",
    "rating": "5",
    "author": "hong****",
    "review_id": "135611",
    "movie_id": "10744"
  },
  {
    "review": "최고의영화,말이필요없다..눈물,감동..재미..100%",
    "date": "04.09.03",
    "rating": "10",
    "author": "s627****",
    "review_id": "102202",
    "movie_id": "10744"
  },
  {
    "review": "영화란 이런 것이다. 말이 필요없다.",
    "date": "04.08.03",
    "rating": "10",
    "author": "piel****",
    "review_id": "83032",
    "movie_id": "10744"
  },
  {
    "review": "불과 일부일처제의 전파. 잘 만들었네요. 재미있게 봤습니다.",
    "date": "04.06.05",
    "rating": "10",
    "author": "twel****",
    "review_id": "49704",
    "movie_id": "10744"
  },
  {
    "review": "정말 옛날시대엔 저랬을까..",
    "date": "04.04.25",
    "rating": "10",
    "author": "love****",
    "review_id": "39172",
    "movie_id": "10744"
  },
  {
    "review": "정말 대단한 영화다.",
    "date": "04.04.25",
    "rating": "10",
    "author": "love****",
    "review_id": "39171",
    "movie_id": "10744"
  },
  {
    "review": "원초적인 모습을 볼 수 있어서 재밌다.",
    "date": "04.04.11",
    "rating": "9",
    "author": "bang****",
    "review_id": "35939",
    "movie_id": "10744"
  },
  {
    "review": "Good!!",
    "date": "04.04.08",
    "rating": "10",
    "author": "hoya****",
    "review_id": "35038",
    "movie_id": "10744"
  },
  {
    "review": "잼있다.",
    "date": "04.02.13",
    "rating": "10",
    "author": "gurl****",
    "review_id": "19772",
    "movie_id": "10744"
  }
]