[
  {
    "review": "이게 왜 평점이 높은지 이해불가... 날라리 30대남자에게 철없는 어린마음에 몸까지준 불쌍한 스토리...",
    "date": "15.08.23",
    "rating": "1",
    "author": "gmja****",
    "review_id": "10268779",
    "movie_id": "10741"
  },
  {
    "review": "양가휘가 짝사랑했던 쌤 닮아서 더 아련했던 영화 ....",
    "date": "15.07.17",
    "rating": "9",
    "author": "wjdg****",
    "review_id": "10113382",
    "movie_id": "10741"
  },
  {
    "review": "영상은 끈적하지만 메시지는 담백한 영화.서로의 몸과 영혼을 탐하려는 욕망. 그것이 사랑이며그 욕망을 보석처럼 소중히 여길 때, 사랑은 가장 숭고하다.",
    "date": "15.06.29",
    "rating": "10",
    "author": "hest****",
    "review_id": "10052755",
    "movie_id": "10741"
  },
  {
    "review": "진짜 두고두고 보고 싶은 영화에요!",
    "date": "15.06.20",
    "rating": "10",
    "author": "onew****",
    "review_id": "10014686",
    "movie_id": "10741"
  },
  {
    "review": "떠나온 배안에서 소녀는 비로소 깨달았다...그것은 사랑이었노라고...",
    "date": "15.06.02",
    "rating": "10",
    "author": "nasu****",
    "review_id": "9969521",
    "movie_id": "10741"
  },
  {
    "review": "L'Amant....",
    "date": "15.05.11",
    "rating": "7",
    "author": "alem****",
    "review_id": "9912037",
    "movie_id": "10741"
  },
  {
    "review": "이런 게 진짜 영화지. 이 영화 보고서 영화보는 눈이 달라졌다.",
    "date": "15.04.26",
    "rating": "10",
    "author": "cj11****",
    "review_id": "9872137",
    "movie_id": "10741"
  },
  {
    "review": "정말 아름다운 사랑이야기다 나도 이런 사랑해보고싶다",
    "date": "15.04.06",
    "rating": "9",
    "author": "kpor****",
    "review_id": "9830378",
    "movie_id": "10741"
  },
  {
    "review": "예술과 외설의 차이가 뭔지 몰랐는데 이거 보고 알게되었다. 이런게 예술이구나.. 너무 아름답고 슬프다..심리 표현을 너무 잘했다. 이건 처음부터 끝까지 철저히 사랑 영화다.",
    "date": "15.02.08",
    "rating": "10",
    "author": "bean****",
    "review_id": "9680086",
    "movie_id": "10741"
  },
  {
    "review": "볼때마다 여운이 진하게남는 영화",
    "date": "15.02.04",
    "rating": "10",
    "author": "clsr****",
    "review_id": "9665390",
    "movie_id": "10741"
  },
  {
    "review": "이십대 초반에 보고, 나이가 들어가면서 지금은 사십대 후반이 되어가지만, 다시 볼때마다 느낌과 감동이 다르다....참 잘 만든 영화...",
    "date": "15.01.21",
    "rating": "10",
    "author": "hane****",
    "review_id": "9617864",
    "movie_id": "10741"
  },
  {
    "review": "모래의 배설물처럼 뒤섞여 버린 현실 속에서 난 깨닫게 되었어요.",
    "date": "15.01.06",
    "rating": "10",
    "author": "gksr****",
    "review_id": "9569306",
    "movie_id": "10741"
  },
  {
    "review": "초중반까지는 소녀 버전 엠마뉴엘을 보는 느낌이었으나, 이별 장면부터는 감동적이었음.식민지에 간 프랑스인, 프랑스 유학 다녀온 중국인이 영어를 말한다는게 좀 안어울림. 프랑스어였다면 몰입도가 더 좋았을듯...",
    "date": "15.01.03",
    "rating": "6",
    "author": "nice****",
    "review_id": "9558226",
    "movie_id": "10741"
  },
  {
    "review": "좋다 ! 그냥 좋다! 말이 필요있나! 좋다!",
    "date": "14.12.22",
    "rating": "9",
    "author": "doem****",
    "review_id": "9502336",
    "movie_id": "10741"
  },
  {
    "review": "최고...슬프네요...ㅜ.ㅜ",
    "date": "14.12.03",
    "rating": "10",
    "author": "jinm****",
    "review_id": "9442400",
    "movie_id": "10741"
  },
  {
    "review": "정말 좋다. 또 보고싶다",
    "date": "14.11.11",
    "rating": "10",
    "author": "cywo****",
    "review_id": "9370533",
    "movie_id": "10741"
  },
  {
    "review": "흐르는 분위기 숨소리 만으로 야하다. 그러나 너무나 저리고 아린영화.",
    "date": "14.11.03",
    "rating": "10",
    "author": "sara****",
    "review_id": "9338264",
    "movie_id": "10741"
  },
  {
    "review": "결코 단순하지 않은 영화",
    "date": "14.10.31",
    "rating": "10",
    "author": "lisa****",
    "review_id": "9331813",
    "movie_id": "10741"
  },
  {
    "review": "작년 21살 여름에 이영화를 봤었는데, 그후 디비디와 책까지 구매했었다. 이뤄지지 않았기떄문에 아름다운 사랑아닐까. 언제든 가능성이 있는거니까.",
    "date": "14.10.27",
    "rating": "9",
    "author": "paaa****",
    "review_id": "9321351",
    "movie_id": "10741"
  },
  {
    "review": "에로물로 볼꺼면 절루 꺼져라",
    "date": "14.10.14",
    "rating": "10",
    "author": "son9****",
    "review_id": "9291717",
    "movie_id": "10741"
  },
  {
    "review": "마지막에 나도 모르게 눈물이...ㅠㅠ 슬프고도 아름다운 영화!",
    "date": "14.10.02",
    "rating": "10",
    "author": "cuci****",
    "review_id": "9254386",
    "movie_id": "10741"
  },
  {
    "review": "계속 보고싶어지는 영화",
    "date": "14.10.01",
    "rating": "10",
    "author": "rock****",
    "review_id": "9251486",
    "movie_id": "10741"
  },
  {
    "review": "넌 이런 애틋함을 알까 평생 잊혀질수 없는 사랑을 원하기나 할까 지워지지 않으려고 추억하고 또 그리워하는 사랑을. 부두앞 우두커니 서있는 자동차를 바라볼때의 그 심정 내 같았으면 그자리에서 엉엉 울었겠지",
    "date": "14.09.30",
    "rating": "10",
    "author": "ppoo****",
    "review_id": "9249930",
    "movie_id": "10741"
  },
  {
    "review": "대사부터  내용 구성 까지..그냥 처음부터 끝까지 눈을 못  떼고 보았던 영화.여자 주인공의 17살이라는 믿기지 않는 나이의 연기력, 영화 자체 특유의 분위기.. 또, 시의 구절 같은 대사 하나 하나 .수십번을  봐도  새롭고 설레이는 느낌",
    "date": "14.09.27",
    "rating": "9",
    "author": "vvvv****",
    "review_id": "9243681",
    "movie_id": "10741"
  },
  {
    "review": "펑펑 울었어요... 가슴이 먹먹",
    "date": "14.09.09",
    "rating": "10",
    "author": "ra30****",
    "review_id": "9189554",
    "movie_id": "10741"
  },
  {
    "review": "사랑을 하고 그들을 이해할 감성이 있어야 느낄수있는 감동 갓 대학생때 명작이라고 보고 다시본 작품인데 그때 느낀 감동이 1이라면 지금은 10 진짜 걸작이네",
    "date": "14.09.08",
    "rating": "10",
    "author": "rncl****",
    "review_id": "9185888",
    "movie_id": "10741"
  },
  {
    "review": "현실 도피적인 사랑, 이뤄지지 않았기에 아름다워 보이는 사랑이 아닌가. 그녀는 중국인에 대한 편견에도 사랑을 지켜냈을까?그는 욕정만이 아닌 정신적인 교감을 그녀와 이뤄낼 수 있었을까?뻔한 러브스토리를 매혹적으로 살린 연출력에 큰 박수를..",
    "date": "14.09.08",
    "rating": "8",
    "author": "lee_****",
    "review_id": "9182157",
    "movie_id": "10741"
  },
  {
    "review": "중1때 개봉영화..보고싶었는데 관람 불가라 못보고 20년이 지난 지금에야 봤다..최고최고.. 눈물이 주룩주룩 ...감정선, 연출, 분위기, 의상,음악.. 최고다.",
    "date": "14.09.03",
    "rating": "10",
    "author": "oliv****",
    "review_id": "9160159",
    "movie_id": "10741"
  },
  {
    "review": "이랬던 양가휘가...흑흑",
    "date": "14.08.31",
    "rating": "10",
    "author": "joli****",
    "review_id": "9151497",
    "movie_id": "10741"
  },
  {
    "review": "내인생잊지못할최고의영화",
    "date": "14.08.23",
    "rating": "10",
    "author": "xkwk****",
    "review_id": "9123626",
    "movie_id": "10741"
  },
  {
    "review": "스무살에 봤을 땐 야했고 마흔이 다되서는 아름답다. 명작은 세월을 타지 않는다",
    "date": "14.08.10",
    "rating": "10",
    "author": "neoc****",
    "review_id": "9059539",
    "movie_id": "10741"
  },
  {
    "review": "책읽고 본 영환데 짠하고 여운이 오래가는것같다..",
    "date": "14.07.12",
    "rating": "10",
    "author": "qufo****",
    "review_id": "8909088",
    "movie_id": "10741"
  },
  {
    "review": "영상이 순수하고 아름다워요",
    "date": "14.07.12",
    "rating": "9",
    "author": "keib****",
    "review_id": "8907553",
    "movie_id": "10741"
  },
  {
    "review": "평점 한번 정직하네ㅋ 진짜....보고나서 여운이 크게 남는 그런 명작이다",
    "date": "14.07.06",
    "rating": "10",
    "author": "smh6****",
    "review_id": "8887967",
    "movie_id": "10741"
  },
  {
    "review": "명작입니다연인=인연 남자의 사랑이 감동이네요",
    "date": "14.06.29",
    "rating": "10",
    "author": "hana****",
    "review_id": "8866732",
    "movie_id": "10741"
  },
  {
    "review": "양가휘 너무멋지다.지금모습은 아니지만..",
    "date": "14.06.27",
    "rating": "10",
    "author": "ejae****",
    "review_id": "8861263",
    "movie_id": "10741"
  },
  {
    "review": "Perfect Love",
    "date": "14.06.25",
    "rating": "10",
    "author": "0040****",
    "review_id": "8852571",
    "movie_id": "10741"
  },
  {
    "review": "너무아름다웠던영화에요",
    "date": "14.06.24",
    "rating": "10",
    "author": "dmlt****",
    "review_id": "8851234",
    "movie_id": "10741"
  },
  {
    "review": "아... 그건 사랑이었지...그건 사랑이었어..",
    "date": "14.06.20",
    "rating": "10",
    "author": "bigo****",
    "review_id": "8843449",
    "movie_id": "10741"
  },
  {
    "review": "추천으로 봤는데 평점값하네요..가슴이 먹먹하고 슬프네요",
    "date": "14.06.13",
    "rating": "10",
    "author": "cb99****",
    "review_id": "8827715",
    "movie_id": "10741"
  },
  {
    "review": "레옹과 더불어 가장 좋아하는 영화 ...",
    "date": "14.06.05",
    "rating": "9",
    "author": "xyon****",
    "review_id": "8800249",
    "movie_id": "10741"
  },
  {
    "review": "존재와 존재물사이의 넘나듬",
    "date": "14.05.24",
    "rating": "8",
    "author": "repl****",
    "review_id": "8758913",
    "movie_id": "10741"
  },
  {
    "review": "시간이 지날수록, 더 아련해지는 영화",
    "date": "14.05.19",
    "rating": "9",
    "author": "song****",
    "review_id": "8748268",
    "movie_id": "10741"
  },
  {
    "review": "아....아무말도필요없다",
    "date": "14.04.20",
    "rating": "10",
    "author": "ollo****",
    "review_id": "8660908",
    "movie_id": "10741"
  },
  {
    "review": "양가휘 연기양가휘는 어느작품이라도 다 소화해내는거같다뜬금없지만 엉덩이 완전 이뻤다 ㅋㅋ",
    "date": "14.04.06",
    "rating": "10",
    "author": "khsc****",
    "review_id": "8631712",
    "movie_id": "10741"
  },
  {
    "review": "책보다 영화가 더좋았어",
    "date": "14.03.17",
    "rating": "9",
    "author": "sies****",
    "review_id": "8585099",
    "movie_id": "10741"
  },
  {
    "review": "정말 슬픈 영화. 쇼팽의 곡이 나올 때ㅠㅠ",
    "date": "14.03.13",
    "rating": "10",
    "author": "dudd****",
    "review_id": "8571065",
    "movie_id": "10741"
  },
  {
    "review": "잊지 못할 사랑을 해본 사람은 행복하겠죠?",
    "date": "14.03.12",
    "rating": "10",
    "author": "kiri****",
    "review_id": "8570355",
    "movie_id": "10741"
  },
  {
    "review": "아름답고 슬프고 아련하고 파격적인...must-see-film",
    "date": "14.03.11",
    "rating": "10",
    "author": "kite****",
    "review_id": "8568957",
    "movie_id": "10741"
  },
  {
    "review": "양가휘의 감정표현에 정말 남자도 아름다울 수 있다는 걸 알게 됐다. 섬세하게 모든 것을 전달해주었다.  미치도록 아름다운 영화.",
    "date": "14.03.08",
    "rating": "10",
    "author": "caro****",
    "review_id": "8562658",
    "movie_id": "10741"
  },
  {
    "review": "씁쓸하긴 하지만 긴 여운을 주는 아름다운 영화인듯",
    "date": "14.03.06",
    "rating": "10",
    "author": "wani****",
    "review_id": "8558156",
    "movie_id": "10741"
  },
  {
    "review": "아름다운영화 보고나서 마음 한켠이 찡하면서도 따뜻해지는 영화네요",
    "date": "14.03.05",
    "rating": "10",
    "author": "icdi****",
    "review_id": "8557809",
    "movie_id": "10741"
  },
  {
    "review": "아름답지만 가슴이 저릿저릿하고 왠지 슬픈영화",
    "date": "14.03.05",
    "rating": "9",
    "author": "cjfg****",
    "review_id": "8556619",
    "movie_id": "10741"
  },
  {
    "review": "하~ 좋다. 분위기도 배경도 인물도 의상도 장소도 전부 다. 근데 관계하는 신이 좀 단조로운 듯?",
    "date": "14.03.01",
    "rating": "10",
    "author": "choc****",
    "review_id": "8549479",
    "movie_id": "10741"
  },
  {
    "review": "위대한 개츠비가 떠오르는 영화.",
    "date": "14.02.28",
    "rating": "8",
    "author": "high****",
    "review_id": "8544764",
    "movie_id": "10741"
  },
  {
    "review": "너무 어릴때봐서 잘 이해하지 못했던 영화~ 어른이되서 다시 보니 참 괜찮은 영화",
    "date": "14.02.27",
    "rating": "7",
    "author": "jjom****",
    "review_id": "8541611",
    "movie_id": "10741"
  },
  {
    "review": "포스터가 어디서 많이 낮익다",
    "date": "14.02.24",
    "rating": "10",
    "author": "534k****",
    "review_id": "8533057",
    "movie_id": "10741"
  },
  {
    "review": "격정적인 사랑을 담담하고 과하지 않게 아름답게 그린 명작. 캐스팅도 훌륭했다.",
    "date": "14.02.23",
    "rating": "9",
    "author": "fati****",
    "review_id": "8532608",
    "movie_id": "10741"
  },
  {
    "review": "간만에 다시 보니 재미있어요",
    "date": "14.02.23",
    "rating": "10",
    "author": "inso****",
    "review_id": "8530644",
    "movie_id": "10741"
  },
  {
    "review": "색정도 사랑일 수 있을까. 뭐, 사랑에도 여러 종류가 있을 수 있으니 불가능하다고 생각하진 않는다. 하지만 그저 예술지상주의로서만 받아들일 뿐이다.",
    "date": "14.02.22",
    "rating": "8",
    "author": "marc****",
    "review_id": "8529656",
    "movie_id": "10741"
  },
  {
    "review": "여운이 정말 많이 남았던 영화...",
    "date": "14.02.20",
    "rating": "10",
    "author": "neyc****",
    "review_id": "8524512",
    "movie_id": "10741"
  },
  {
    "review": "원작에 너무 감명받아서 실망할줄알았는데 되게괜찮음 원작에 나름 충실한데다 시각적즐거움까지ㅎ",
    "date": "14.02.20",
    "rating": "8",
    "author": "goof****",
    "review_id": "8522643",
    "movie_id": "10741"
  },
  {
    "review": "헐.. 이거 재개봉임? ㄷㄷㄷ",
    "date": "14.02.20",
    "rating": "10",
    "author": "leuc****",
    "review_id": "8522471",
    "movie_id": "10741"
  },
  {
    "review": "90년대 최고 고단백영화",
    "date": "14.02.18",
    "rating": "10",
    "author": "sang****",
    "review_id": "8518916",
    "movie_id": "10741"
  },
  {
    "review": "극장에서 또 보고싶은데 어디서 하는지 좀...",
    "date": "14.02.18",
    "rating": "10",
    "author": "salt****",
    "review_id": "8518680",
    "movie_id": "10741"
  },
  {
    "review": "시종일관 감정표현도 없고, 냉소적이었던 소녀가 피아노 곡을 들으며 울 때, 같이 울 수밖에 없었던.",
    "date": "14.02.17",
    "rating": "10",
    "author": "snow****",
    "review_id": "8517211",
    "movie_id": "10741"
  },
  {
    "review": "벌써  20년이나 지난 영화가 되어 버려네   고등학교때 막 성에 눈뜨기 시작하며  본 영화데  미성년자라 비디오로  친구들하고  시험 끝나고 단체 영화 안보고  집에서 때로다 보며  마지마  배위에서 나레이션 할때  막 울었는데  그게 20년이 넘어",
    "date": "14.02.13",
    "rating": "10",
    "author": "hchu****",
    "review_id": "8504627",
    "movie_id": "10741"
  },
  {
    "review": "솔직히 본지 오래되어 기억이 정확하게 나지는 않지만 그리 대단한 작품은 아니었다 뭘 보라는거지",
    "date": "14.02.10",
    "rating": "4",
    "author": "deff****",
    "review_id": "8496380",
    "movie_id": "10741"
  },
  {
    "review": "음.. 우리나라 사람 정서에 잘맞는 영화인거 같음.. 그런데 개인적으론 성향에 안맞아서 아무느낌도 없었음. 내가 이걸 왜본거지 ㄷㄷ",
    "date": "14.01.29",
    "rating": "5",
    "author": "dark****",
    "review_id": "8441823",
    "movie_id": "10741"
  },
  {
    "review": "넘 감동적이고 잊지못할 영화에요",
    "date": "14.01.26",
    "rating": "10",
    "author": "psy5****",
    "review_id": "8428657",
    "movie_id": "10741"
  },
  {
    "review": "너무나 기억나는 영화 고딩때 보고 그뒤 보고 보고 또보고 정말 여운과 메콩강 날 베트남으로 여행을 하게 한건 이 영화때문이다 그래 메콩강 그 메콩강 그 대사 처럼 흘러간다",
    "date": "14.01.23",
    "rating": "10",
    "author": "aqus****",
    "review_id": "8413756",
    "movie_id": "10741"
  },
  {
    "review": "여주인공의  눈망울이 가슴을 저민다!",
    "date": "13.12.27",
    "rating": "10",
    "author": "katy****",
    "review_id": "8313096",
    "movie_id": "10741"
  },
  {
    "review": "복잡해.. 좀 답답하지만 그래도 가슴이 미어지는 사랑??",
    "date": "13.12.23",
    "rating": "10",
    "author": "soml****",
    "review_id": "8279874",
    "movie_id": "10741"
  },
  {
    "review": "아련한 첫사랑이련가?",
    "date": "13.12.21",
    "rating": "9",
    "author": "pass****",
    "review_id": "8258226",
    "movie_id": "10741"
  },
  {
    "review": "어릴 적에는 멋도 모르고 케이블티비서 봤는데..성인이 된 지금에서야 온몸으로 감성을 이해할 수 있따는..",
    "date": "13.12.08",
    "rating": "10",
    "author": "61ch****",
    "review_id": "8198845",
    "movie_id": "10741"
  },
  {
    "review": "걍 그래...후....별루....",
    "date": "13.11.20",
    "rating": "1",
    "author": "dnpf****",
    "review_id": "8154403",
    "movie_id": "10741"
  },
  {
    "review": "good!  좋은영화같습니다",
    "date": "13.11.02",
    "rating": "10",
    "author": "id69****",
    "review_id": "8110187",
    "movie_id": "10741"
  },
  {
    "review": "그냥 야한 영화라는 생각밖에는...",
    "date": "13.09.26",
    "rating": "4",
    "author": "biga****",
    "review_id": "8016500",
    "movie_id": "10741"
  },
  {
    "review": "별로",
    "date": "13.09.19",
    "rating": "1",
    "author": "jesi****",
    "review_id": "7995640",
    "movie_id": "10741"
  },
  {
    "review": "그냥 정말 아름다운 영화",
    "date": "13.09.16",
    "rating": "10",
    "author": "kth3****",
    "review_id": "7986160",
    "movie_id": "10741"
  },
  {
    "review": "단순한 에로물은 아닙니다. 영화속 시대상을 이해하면서 보면 깊이있는 작품 같습니다. 인도차이나라는 영화도 함께 보심 좋을듯.",
    "date": "13.09.16",
    "rating": "9",
    "author": "sola****",
    "review_id": "7985398",
    "movie_id": "10741"
  },
  {
    "review": "좀 야하긴 한데 그걸 떠나 스토리 자체는 생각보다 괜찮았다.",
    "date": "13.08.16",
    "rating": "8",
    "author": "ehwj****",
    "review_id": "7888424",
    "movie_id": "10741"
  },
  {
    "review": "된장녀와 반푼이제벌2세. 그래도 사랑은 아름답다. 그래서 눈물난다.",
    "date": "13.08.14",
    "rating": "8",
    "author": "hoho****",
    "review_id": "7876873",
    "movie_id": "10741"
  },
  {
    "review": "마지막 이별하는 고동소리.. 멀리서 숨은듯 멈춰 바라보는 까만 차..배안에서 음악을 들으면서 웃음과 울음 섞인 슬픔ㅜㅜ 남자의 사랑이 애처롭고 슬펐습니다..",
    "date": "13.08.08",
    "rating": "10",
    "author": "sell****",
    "review_id": "7856871",
    "movie_id": "10741"
  },
  {
    "review": "아름다운 영화입니다. 여운이 정말 오래가고가슴이 저리네요 ㅠ",
    "date": "13.08.05",
    "rating": "10",
    "author": "byco****",
    "review_id": "7843589",
    "movie_id": "10741"
  },
  {
    "review": "마지막에 소녀가 그 남자를 사랑함을 뒤늦게 깨닫고 눈물 흘릴 때를 잊을 수 없네요. 최근에 본 영화 중 가장 가슴아픈 사랑 이야기인듯..",
    "date": "13.08.04",
    "rating": "10",
    "author": "kay9****",
    "review_id": "7838964",
    "movie_id": "10741"
  },
  {
    "review": "에로티즘 영화류 중 연인 만큼 더러운 배설 또는 역겨운 난해함 없이 아름답게 감상 할 수 있는 영화도 찾기 어려울 듯.",
    "date": "13.08.02",
    "rating": "10",
    "author": "kkya****",
    "review_id": "7823401",
    "movie_id": "10741"
  },
  {
    "review": "쿵쿵쿵쿵쿵쾅쾅",
    "date": "13.07.28",
    "rating": "10",
    "author": "bbb2****",
    "review_id": "7793570",
    "movie_id": "10741"
  },
  {
    "review": "가슴이 저리다소녀가 떠날때 차안에서의 그는 어땠을까?외설과 예술의 차이를알게해준 청년과소녀의 정사신차안 둘이 처음손끝이 닿는 순간이가장 야하게 느껴졌다  정사신보다...",
    "date": "13.07.08",
    "rating": "9",
    "author": "mold****",
    "review_id": "7717032",
    "movie_id": "10741"
  },
  {
    "review": "재밌어요 ..ㅠㅜ",
    "date": "13.06.04",
    "rating": "10",
    "author": "thfk****",
    "review_id": "7579635",
    "movie_id": "10741"
  },
  {
    "review": "인간 감정과 본성에 대해 정말 공감가면서 정확히 표현해준 수작이다.",
    "date": "13.06.03",
    "rating": "9",
    "author": "kimg****",
    "review_id": "7576751",
    "movie_id": "10741"
  },
  {
    "review": "태어나기도 전에 만들어진 영화...하지만 내 새끼손가락이 떨리고 가슴이먹먹해지는 멜로였다.",
    "date": "13.05.25",
    "rating": "9",
    "author": "alal****",
    "review_id": "7552751",
    "movie_id": "10741"
  },
  {
    "review": "주제가 원작에 비해 터무니없이 빈약하다. 인물들의 미장센과 연기는 좋았다. 이 영화가 뒤라스의 연인이 되기엔 무리가 있다.",
    "date": "13.05.12",
    "rating": "8",
    "author": "krit****",
    "review_id": "7523249",
    "movie_id": "10741"
  },
  {
    "review": "아름답지만 가슴아픈..원작보다 나은 영화",
    "date": "13.04.28",
    "rating": "10",
    "author": "chel****",
    "review_id": "7491423",
    "movie_id": "10741"
  },
  {
    "review": "리메이크가 절실한 작품. 원작의 다층성을 슬픈 격정멜로로 단순화시킨 느낌. 훗날 뒤라스는 이 작품을 맹렬히 깠다지.",
    "date": "13.04.27",
    "rating": "4",
    "author": "enyp****",
    "review_id": "7486980",
    "movie_id": "10741"
  },
  {
    "review": "슬프다. 아름답다.",
    "date": "13.04.16",
    "rating": "10",
    "author": "sksd****",
    "review_id": "7463799",
    "movie_id": "10741"
  },
  {
    "review": "울었어 배타거 떠날때 ㅠㅠㅠㅠㅠ",
    "date": "13.04.07",
    "rating": "10",
    "author": "ohl0****",
    "review_id": "7440876",
    "movie_id": "10741"
  },
  {
    "review": "이루어 질수 없기에 더욱 너무나 애절하고 안타까운 야하기만 한게 아니라 너무나 아름다운 영상. 그리고 소녀를 사랑하는 마음을 이룰 수 없는 중국인 청년의 안타깝고 애절한 눈빛. 소녀와 여인의 경계에 있는 제인마치도 너무나 묘하게 잘 어울린다.",
    "date": "13.03.21",
    "rating": "10",
    "author": "trus****",
    "review_id": "7386011",
    "movie_id": "10741"
  },
  {
    "review": "영화가 끝난 뒤에야 느끼는 감정",
    "date": "13.02.24",
    "rating": "10",
    "author": "qkqh****",
    "review_id": "7296234",
    "movie_id": "10741"
  },
  {
    "review": "인정하지 않았던 그 감정이 사랑임을 알았을 때 흐르던 눈물. 모래 속 배설물이던 사랑의 정의를 오롯이 보듬는다.",
    "date": "13.02.23",
    "rating": "9",
    "author": "tear****",
    "review_id": "7294584",
    "movie_id": "10741"
  }
]