[
  {
    "review": "나같으면 저런 무인도에서 그닥 할일도 없을텐데 브룩쉴즈랑그냥 매일 떡이나치며 행복하게 살았을것같습니다. 싸고 또싸고또싸도 계속 쌀것같습니다 ㅋ ㅋ",
    "date": "15.08.23",
    "rating": "1",
    "author": "cap1****",
    "review_id": "10267228",
    "movie_id": "10751"
  },
  {
    "review": "두 주인공이 사랑하는 모습을 보니까 나도 사랑하고 싶어졌다. 재밌고 아름다운 영화.",
    "date": "15.08.15",
    "rating": "10",
    "author": "jhjj****",
    "review_id": "10232955",
    "movie_id": "10751"
  },
  {
    "review": "19금이지만 개인적 생각으론 오히려 청소년들이 봐도 무방할 듯. 성장과정과 특히 성에 눈 뜰 때 너무나 아름답게 표현한 영화다. 나도 십대때 이 영화를 처음 봤으니ㅋㅋ마지막이 너무나 슬펐음ㅜㅜ",
    "date": "15.08.15",
    "rating": "10",
    "author": "bboo****",
    "review_id": "10231815",
    "movie_id": "10751"
  },
  {
    "review": "아름답다는 말은 바로 브룩쉴즈를 두고 하는 말이다..영화의 배경 섬도 완전 낙원 같았다.",
    "date": "15.07.26",
    "rating": "8",
    "author": "adiv****",
    "review_id": "10143516",
    "movie_id": "10751"
  },
  {
    "review": "지금 수퍼액션에서 방송해주네요. 예전에 야한 영화라고 들어서 호기심에 웹하드에서 다운받아 봤었는데 오랜만에 다시보니 감회가 새롭군요. 언제봐도 브룩쉴즈는 참 이쁩니다",
    "date": "15.07.25",
    "rating": "9",
    "author": "zelo****",
    "review_id": "10139210",
    "movie_id": "10751"
  },
  {
    "review": "2015년 7월25일  action tv 푸른 산호초 원 제목 리처드 대사 확인대한민국 충남 서산시 아진 아파트 104동 1001호TV 인지면 무학로",
    "date": "15.07.25",
    "rating": "10",
    "author": "sinh****",
    "review_id": "10139184",
    "movie_id": "10751"
  },
  {
    "review": "낳은 아기가 열매 먹고 죽으니까 둘도 같이 죽어버리네유. 브룩 쉴즈 몸 보려고 봤는디 10대라서 가슴이 전혀 없네유. 영화라서 억지스러운 면이 있기는 하네유. 이런 경관 좋은 곳에서 인간들 없이 살고 싶어서 여운이 오래 가서 10점 줘유.",
    "date": "15.07.24",
    "rating": "10",
    "author": "real****",
    "review_id": "10137502",
    "movie_id": "10751"
  },
  {
    "review": "정말이 엉화는 말로 표현할수 없이 아름다운 영화 였다.그리고.특히나 거기에 남주인공 여주인공도 아름웠고 또.거의 배경이 되는 섬이 정말 아름다웠다.이 영화는 세대를 지나 계속 사랑을 받을것 같다.",
    "date": "15.06.19",
    "rating": "10",
    "author": "seon****",
    "review_id": "10012462",
    "movie_id": "10751"
  },
  {
    "review": "시간을 늘려서라도 조금 더 볼륨을 풍성히 하고 에로씬도  보다 과감했더라면 하는 아쉬움이 크게 남는다.",
    "date": "15.06.10",
    "rating": "6",
    "author": "almo****",
    "review_id": "9988778",
    "movie_id": "10751"
  },
  {
    "review": "인간의 아름다움을 느낄 수 있었던 영화.",
    "date": "15.05.30",
    "rating": "10",
    "author": "ci30****",
    "review_id": "9962428",
    "movie_id": "10751"
  },
  {
    "review": "여태까지 본 영화중에 가장 순수한 주제를 담은 영화",
    "date": "15.03.27",
    "rating": "10",
    "author": "solv****",
    "review_id": "9808770",
    "movie_id": "10751"
  },
  {
    "review": "20번은본거같다 브룩쉴즈의미모가눈부셨다",
    "date": "15.03.23",
    "rating": "10",
    "author": "iyan****",
    "review_id": "9801774",
    "movie_id": "10751"
  },
  {
    "review": "공부하다가 우연히 봤는데 완전 좋음 ㅠㅠ 힐링 영화",
    "date": "15.03.10",
    "rating": "10",
    "author": "isun****",
    "review_id": "9770509",
    "movie_id": "10751"
  },
  {
    "review": "1980년대에 만들어졌다는게 믿기지 않을 정도로 영상미가 돋보이는 영화. 성에  대해 완전히 무지하던 두 남녀가 성장해가는 모습이 너무 귀엽고 사랑스럽다.",
    "date": "15.03.06",
    "rating": "10",
    "author": "blbr****",
    "review_id": "9760366",
    "movie_id": "10751"
  },
  {
    "review": "망상만 남겨주는 요새의 허무맹랑한 판타지 영화들보다 오히려 이 영화가 낫다. 평점 딱 9점이 적당한 것 같지만 이 점수대로 줘야 평점 유지할거 같아서 10점 준다.",
    "date": "15.02.19",
    "rating": "10",
    "author": "jkjk****",
    "review_id": "9715330",
    "movie_id": "10751"
  },
  {
    "review": "20번이상본것같다...올만에 봤는데 요즘 쓰레기 영화보단 100배 났다!!!!",
    "date": "15.02.19",
    "rating": "10",
    "author": "7878****",
    "review_id": "9712059",
    "movie_id": "10751"
  },
  {
    "review": "명작이니까 추천~11123123123",
    "date": "15.01.14",
    "rating": "10",
    "author": "spon****",
    "review_id": "9592385",
    "movie_id": "10751"
  },
  {
    "review": "아름다움에도 숙취가 있다.",
    "date": "15.01.13",
    "rating": "4",
    "author": "rygh****",
    "review_id": "9589271",
    "movie_id": "10751"
  },
  {
    "review": "와~~~ 외국배우 관심없는데 여주인공 짱짱 여자가봐도 너무이뻐서 눈을 못돌리게 만드네요ㅎㅎ 오랫만에 좋은영화본거같아요~~  너무너무 이쁘고 사랑스러운 영화였어요~♥♥",
    "date": "14.11.09",
    "rating": "10",
    "author": "spip****",
    "review_id": "9359488",
    "movie_id": "10751"
  },
  {
    "review": "안간의 본성을 아름다움에 초점을 두어 멋진 배경과 더불어 환상을 꿈꾸게 만들었다",
    "date": "14.09.14",
    "rating": "9",
    "author": "kimg****",
    "review_id": "9214193",
    "movie_id": "10751"
  },
  {
    "review": "순수와 문명 사이, 아름다운 간극",
    "date": "14.09.10",
    "rating": "6",
    "author": "tnis****",
    "review_id": "9198486",
    "movie_id": "10751"
  },
  {
    "review": "위대한 영화... 영화란  이런 것을 보여줄 수 있다.",
    "date": "14.08.13",
    "rating": "10",
    "author": "psyw****",
    "review_id": "9075881",
    "movie_id": "10751"
  },
  {
    "review": "나도 미성년자랑 무인도에 표류해서 애낳고 행복하게 살고 싶다",
    "date": "14.08.08",
    "rating": "1",
    "author": "mara****",
    "review_id": "9048516",
    "movie_id": "10751"
  },
  {
    "review": "이영화가 19세인걸알고 놀랐다 노출이많아도 전혀야한생각이들지않았고 오히려 아름답게만느껴졌다 꼭추천하고싶은영화",
    "date": "14.07.31",
    "rating": "10",
    "author": "gusc****",
    "review_id": "8993528",
    "movie_id": "10751"
  },
  {
    "review": "이 영화는 자연을 배경이라고 생각하는 현대사회에 반하여  자연과 조화를 이루는 인간의 본성을 표현하고싶은게 아닐까. 스토리나 결말에 중심을 두고 볼게 아니라 아름다운 영상미와 인간의 순수성을 음미해야하는 영화인듯.",
    "date": "14.07.31",
    "rating": "10",
    "author": "mmmm****",
    "review_id": "8988867",
    "movie_id": "10751"
  },
  {
    "review": "이토록 아름다운 포르노라니",
    "date": "14.07.17",
    "rating": "8",
    "author": "wowk****",
    "review_id": "8924604",
    "movie_id": "10751"
  },
  {
    "review": "지금까지 어떤 영화보다 아름다운 영화",
    "date": "14.07.14",
    "rating": "10",
    "author": "wqkr****",
    "review_id": "8914820",
    "movie_id": "10751"
  },
  {
    "review": "이것도 영화냐? 장난하냐?",
    "date": "14.07.14",
    "rating": "1",
    "author": "fing****",
    "review_id": "8914708",
    "movie_id": "10751"
  },
  {
    "review": "모야? 줄거리 보니까 근친상간 아닌가? 조연 남자의 아들하고 조카딸하고 애기 낳은 거잖아??",
    "date": "14.07.14",
    "rating": "10",
    "author": "osam****",
    "review_id": "8914602",
    "movie_id": "10751"
  },
  {
    "review": "평점 9점 이상인 건 그냥 믿고 봐도 될듯..",
    "date": "14.07.09",
    "rating": "10",
    "author": "smh6****",
    "review_id": "8897692",
    "movie_id": "10751"
  },
  {
    "review": "금단의 열매를 먹고 구원(?)된 아담과 이브",
    "date": "14.07.03",
    "rating": "6",
    "author": "expr****",
    "review_id": "8880921",
    "movie_id": "10751"
  },
  {
    "review": "여자와 남자가 벌거벗고 나와도 전혀 야하지 않는 영화.",
    "date": "14.06.30",
    "rating": "9",
    "author": "rudl****",
    "review_id": "8870071",
    "movie_id": "10751"
  },
  {
    "review": "결말의 의미공자가 자연에 숨어사는 노자에게 말했지. 짐승도 끼리끼리 사는데 사람이라고 따로 사냐고 진정 순수함은 더러운것사이에서도 그 빛을 유지하는것 ·",
    "date": "14.05.30",
    "rating": "10",
    "author": "jung****",
    "review_id": "8777093",
    "movie_id": "10751"
  },
  {
    "review": "아름답다, 끝까지 아름답다..",
    "date": "14.05.27",
    "rating": "10",
    "author": "indr****",
    "review_id": "8769174",
    "movie_id": "10751"
  },
  {
    "review": "브룩쉴즈가 왜 3대 책받침 미녀인지 알게 해준 영화. 내용 전개도 빠르고 아름다운 배경, 1998년 당시엔 식상하지 않았을 주제.. 재밌게 봤어요",
    "date": "14.05.16",
    "rating": "9",
    "author": "bylb****",
    "review_id": "8737470",
    "movie_id": "10751"
  },
  {
    "review": "너무 아름다운 영화 ... 매번 봐도 너무너무 아름다운영화다",
    "date": "14.05.13",
    "rating": "10",
    "author": "ahsl****",
    "review_id": "8727799",
    "movie_id": "10751"
  },
  {
    "review": "20년이 지난영화인데도. 한번 보면 눈을뗄수가 없어요.  브룩쉴즈는 아름다운 천사. 그 섬은 천국... 남주인공은 가브리엘. 아기는 큐피드.",
    "date": "14.05.13",
    "rating": "9",
    "author": "aoji****",
    "review_id": "8727520",
    "movie_id": "10751"
  },
  {
    "review": "이렇게 아름다운 영화가 왜  주인공들 최악의 남녀주연상을 받았을까...도무지 이해불가네",
    "date": "14.05.13",
    "rating": "10",
    "author": "ap88****",
    "review_id": "8727470",
    "movie_id": "10751"
  },
  {
    "review": "20년이 지나도 아련한 기억이 감는 영화이기에 , 정말 사랑합니다.",
    "date": "14.05.12",
    "rating": "10",
    "author": "reco****",
    "review_id": "8725752",
    "movie_id": "10751"
  },
  {
    "review": "나름 괸찮았었네요 ㅋㅋ",
    "date": "14.04.27",
    "rating": "8",
    "author": "chlk****",
    "review_id": "8677632",
    "movie_id": "10751"
  },
  {
    "review": "가슴이 잔잔해지는.... 그리고 사랑에 대해 다시 생각해보게하는.... 무인도에서의 생활을 현실적으로 또한 순수하게 표현한 점이 인상깊었다. 마지막 장면에서 뭔가 확실하지 않은 여운을 남겼지만, 그래도 마음속으로 결말을 계속 생각하게 만드는 엔딩이다.",
    "date": "14.04.03",
    "rating": "9",
    "author": "gkdl****",
    "review_id": "8624357",
    "movie_id": "10751"
  },
  {
    "review": "나도 80년대에 학창시절을 보냈고 브룩쉴즈 좋아했었다. 그래도 이런 영화가 평점이 9점씩이나 되면 ...  무슨 영화평점을 여배우 몸매만 보고 주나?",
    "date": "14.03.16",
    "rating": "1",
    "author": "kjh_****",
    "review_id": "8579953",
    "movie_id": "10751"
  },
  {
    "review": "재밌게 잘 보았습니다.",
    "date": "14.03.15",
    "rating": "7",
    "author": "jin1****",
    "review_id": "8579912",
    "movie_id": "10751"
  },
  {
    "review": "눈이 즐겁고 마음이 훈훈해지는 영화",
    "date": "14.02.08",
    "rating": "8",
    "author": "luv8****",
    "review_id": "8489846",
    "movie_id": "10751"
  },
  {
    "review": "사실 이 영화본계기가 피비케이츠의 파라다이스를 보려다 파라다이스가 블루라군의 아류작이라길래 먼저보고 보려고 했는데, 일단 브룩쉴즈 미모에서 10점은 깔고가는.. ㄷㄷ 20대 초중반이라 브룩쉴즈의 리즈시절을 몰랐는데.. 교훈, 재미도 있고 ㅎ",
    "date": "14.02.07",
    "rating": "10",
    "author": "jong****",
    "review_id": "8482606",
    "movie_id": "10751"
  },
  {
    "review": "아름답다 무얼더 말하랴",
    "date": "14.01.10",
    "rating": "10",
    "author": "bart****",
    "review_id": "8365861",
    "movie_id": "10751"
  },
  {
    "review": "9점? 너무 고평점을 남발하는게 아닌지. 시대를 뛰어넘는 고전명작들앞에 이런 평점은 모독이다. 브룩쉴즈의 미모도 아름다운 자연경관도 허술한 영화를 살리기에는 부족했다",
    "date": "13.12.31",
    "rating": "6",
    "author": "shki****",
    "review_id": "8328351",
    "movie_id": "10751"
  },
  {
    "review": "로맨스 영화를 보면서... 이렇게 해피엔딩을 바래본 것은 처음인듯...",
    "date": "13.12.24",
    "rating": "10",
    "author": "fllf****",
    "review_id": "8290693",
    "movie_id": "10751"
  },
  {
    "review": "브룩쉴즈라는 당대 미녀를 알게 해준 영화 아름다운 성교육을 받았다 안보면 후회할 영화임",
    "date": "13.12.11",
    "rating": "9",
    "author": "zxvt****",
    "review_id": "8205171",
    "movie_id": "10751"
  },
  {
    "review": "브룩쉴즈 진짜 와; 말이안나오게 예쁘네 진짜 와;",
    "date": "13.11.07",
    "rating": "10",
    "author": "gbwl****",
    "review_id": "8122318",
    "movie_id": "10751"
  },
  {
    "review": "정말 소름끼친다!!!",
    "date": "13.10.29",
    "rating": "10",
    "author": "ske4****",
    "review_id": "8099014",
    "movie_id": "10751"
  },
  {
    "review": "미소년 미소녀와 떠나는 판타지 아일랜드",
    "date": "13.10.22",
    "rating": "8",
    "author": "kth3****",
    "review_id": "8079717",
    "movie_id": "10751"
  },
  {
    "review": "와 진짜 너무 이쁜 영화♥ 정말 마지막에 안죽은거겟지??죽지않아서 다행이다 처음에 죽는줄알고 소리도못내고 울엇는데",
    "date": "13.10.13",
    "rating": "10",
    "author": "dbst****",
    "review_id": "8058542",
    "movie_id": "10751"
  },
  {
    "review": "정말 말로 표현할 수 없을만큼 아름다운 영화....",
    "date": "13.10.01",
    "rating": "10",
    "author": "skyo****",
    "review_id": "8024649",
    "movie_id": "10751"
  },
  {
    "review": "너무나도 맑고 깨끗하고 자연스러운 사랑과 그리면서도  의도적인 영화속 장치가 인상깊었음",
    "date": "13.09.27",
    "rating": "10",
    "author": "udtm****",
    "review_id": "8018373",
    "movie_id": "10751"
  },
  {
    "review": "정말 아름답다....",
    "date": "13.09.26",
    "rating": "10",
    "author": "dlad****",
    "review_id": "8017156",
    "movie_id": "10751"
  },
  {
    "review": "아름답고 잔잔한 영화",
    "date": "13.08.19",
    "rating": "9",
    "author": "wbki****",
    "review_id": "7905149",
    "movie_id": "10751"
  },
  {
    "review": "15세때 브룩쉴즈는 바비인형보다도, 이 영화의 끝내주는 자연경관보다도 훨씬 더 아름답다. 결혼식 이후에는 스토리-연출-촬영-편집 모두 총체적 난국에 빠지지만,그녀의 매력만으로 모든걸 용서할 수 있다! 그녀의 최근 사진은 보지 않는게 좋았을뻔 했다.",
    "date": "13.08.18",
    "rating": "7",
    "author": "acin****",
    "review_id": "7897102",
    "movie_id": "10751"
  },
  {
    "review": "케이블에서 하는 한낱 포르노 영화라 생각했었는데... 야한데 안 야한 너무 아름다운 이야기.",
    "date": "13.08.07",
    "rating": "10",
    "author": "kaki****",
    "review_id": "7854288",
    "movie_id": "10751"
  },
  {
    "review": "아름답다...",
    "date": "13.08.07",
    "rating": "9",
    "author": "o0o1****",
    "review_id": "7852607",
    "movie_id": "10751"
  },
  {
    "review": "영화를 본지 3일.. 그간 느낀점과 생각을 여기에 다 표현할순 없다 근데 진짜 이상한게 펑펑울면 가슴이 메이듯이 막 가슴이 메인다  그리고 어릴적 순수함을 찾게한다",
    "date": "13.07.30",
    "rating": "10",
    "author": "hano****",
    "review_id": "7800563",
    "movie_id": "10751"
  },
  {
    "review": "어렸을때봐서그런지 엄청 순수하게봤다",
    "date": "13.07.30",
    "rating": "10",
    "author": "yhj8****",
    "review_id": "7799924",
    "movie_id": "10751"
  },
  {
    "review": "볼만하네요",
    "date": "13.07.02",
    "rating": "6",
    "author": "igse****",
    "review_id": "7696382",
    "movie_id": "10751"
  },
  {
    "review": "아름답다",
    "date": "13.06.28",
    "rating": "10",
    "author": "alem****",
    "review_id": "7687456",
    "movie_id": "10751"
  },
  {
    "review": "비록 노출이 많았지만 오히려 아름답게만 느껴졌던 영화. 브룩 쉴즈로 인해 한번보고 아름다운 자연과 순수한 사랑해 두번 보고 그 잔잔한 감동에 계속 돌려보게 된다.",
    "date": "13.06.21",
    "rating": "10",
    "author": "kyou****",
    "review_id": "7662258",
    "movie_id": "10751"
  },
  {
    "review": "브룩쉴즈 예쁨. 그못지않게 영화에 나오는 풍경들이 예쁨. 자연 속 환상을 그린 아름다운 영화임.",
    "date": "13.06.09",
    "rating": "10",
    "author": "94la****",
    "review_id": "7615640",
    "movie_id": "10751"
  },
  {
    "review": "이렇게아름답게 표현될수가있다니!이때의젊음을기록한것이정말 다행이라고생각할정도... 캐스팅도너무좋았다",
    "date": "13.05.12",
    "rating": "10",
    "author": "cjsw****",
    "review_id": "7523096",
    "movie_id": "10751"
  },
  {
    "review": "예뻐요",
    "date": "13.05.04",
    "rating": "10",
    "author": "mnmn****",
    "review_id": "7507364",
    "movie_id": "10751"
  },
  {
    "review": "무릉도원",
    "date": "13.04.25",
    "rating": "10",
    "author": "sinj****",
    "review_id": "7482072",
    "movie_id": "10751"
  },
  {
    "review": "아름다운 판타지 비디오",
    "date": "13.04.17",
    "rating": "10",
    "author": "iepa****",
    "review_id": "7464661",
    "movie_id": "10751"
  },
  {
    "review": "인간이 항상 꿈꾸는 원초적 본능을 잘 표현한 영화 그리고 아름다운 영상미 19금도 이렇게 아름다울수 있다!",
    "date": "13.03.14",
    "rating": "10",
    "author": "lieb****",
    "review_id": "7345573",
    "movie_id": "10751"
  },
  {
    "review": "30년 전의 영화라 그런지 지금 보았을때 조금은 잔인한 장면들이 아무렇지 않게 나오기도 한다. 순수한 아름다움에 빠지게 하면서 감동을 주는 명작이라 생각한다",
    "date": "13.03.09",
    "rating": "9",
    "author": "keas****",
    "review_id": "7332546",
    "movie_id": "10751"
  },
  {
    "review": "마음이 포근해지는 영화",
    "date": "13.03.08",
    "rating": "10",
    "author": "pj73****",
    "review_id": "7332170",
    "movie_id": "10751"
  },
  {
    "review": "아름답다 ..최고",
    "date": "13.02.25",
    "rating": "10",
    "author": "minj****",
    "review_id": "7299809",
    "movie_id": "10751"
  },
  {
    "review": "인간 본연만의 순수함과 사랑이 느껴지는 영화내 삶속에서의  사랑과 비교를하게된다",
    "date": "13.02.22",
    "rating": "10",
    "author": "dovm****",
    "review_id": "7291404",
    "movie_id": "10751"
  },
  {
    "review": "노출보다 영상미가 돋보였다 그리고 아이에서 어른으로 성장해가는 세세한 부분들을 잘 담아냈다고 생각한다",
    "date": "13.02.22",
    "rating": "9",
    "author": "mayb****",
    "review_id": "7289467",
    "movie_id": "10751"
  },
  {
    "review": "순수그자체",
    "date": "13.02.21",
    "rating": "10",
    "author": "jame****",
    "review_id": "7288216",
    "movie_id": "10751"
  },
  {
    "review": "너무나 아름다운 영화다!",
    "date": "13.02.04",
    "rating": "10",
    "author": "fabm****",
    "review_id": "7222663",
    "movie_id": "10751"
  },
  {
    "review": "순수했다..",
    "date": "13.01.30",
    "rating": "10",
    "author": "suns****",
    "review_id": "7196059",
    "movie_id": "10751"
  },
  {
    "review": "이거 야동이자나",
    "date": "13.01.24",
    "rating": "3",
    "author": "hock****",
    "review_id": "7167902",
    "movie_id": "10751"
  },
  {
    "review": "아이들이 성장한 모습도 좋았지만 아직 어릴때 수영하는 모습이 그렇게 아름다울 수 없었다. '아름답다!' 이 생각이 끊이지 않았음.",
    "date": "12.12.30",
    "rating": "10",
    "author": "heey****",
    "review_id": "7064562",
    "movie_id": "10751"
  },
  {
    "review": "아름다운 영화",
    "date": "12.12.30",
    "rating": "10",
    "author": "king****",
    "review_id": "7062846",
    "movie_id": "10751"
  },
  {
    "review": "쓰레기",
    "date": "12.12.25",
    "rating": "1",
    "author": "8996****",
    "review_id": "7041216",
    "movie_id": "10751"
  },
  {
    "review": "결말이 조금아쉬워도 재밌게 봤어요",
    "date": "12.12.23",
    "rating": "9",
    "author": "yons****",
    "review_id": "7034593",
    "movie_id": "10751"
  },
  {
    "review": "브룩쉴즈의 리즈 시절을 볼수 있다는것만으로도 의미가 있는 작품",
    "date": "12.12.21",
    "rating": "9",
    "author": "sinb****",
    "review_id": "7025409",
    "movie_id": "10751"
  },
  {
    "review": "순수하고 낭만적인 소년, 소녀의 내추럴한 성장기",
    "date": "12.12.14",
    "rating": "9",
    "author": "ccab****",
    "review_id": "7000234",
    "movie_id": "10751"
  },
  {
    "review": "평점이 너무 높은듯..평점조절~",
    "date": "12.12.12",
    "rating": "1",
    "author": "howz****",
    "review_id": "6995936",
    "movie_id": "10751"
  },
  {
    "review": "최고오~주인공들 너무귀여워^^ 결말은 찝찝해..",
    "date": "12.12.06",
    "rating": "10",
    "author": "1117****",
    "review_id": "6976899",
    "movie_id": "10751"
  },
  {
    "review": "굿",
    "date": "12.12.02",
    "rating": "10",
    "author": "ichi****",
    "review_id": "6959054",
    "movie_id": "10751"
  },
  {
    "review": "꼭봐야할영화!ㅜ 결말죽은거아니지???!!ㅋ아닐거야... 결말이좀허술했어",
    "date": "12.11.20",
    "rating": "10",
    "author": "soji****",
    "review_id": "6907882",
    "movie_id": "10751"
  },
  {
    "review": "아 방금봤는데 명작이네요,,",
    "date": "12.11.17",
    "rating": "10",
    "author": "fann****",
    "review_id": "6897298",
    "movie_id": "10751"
  },
  {
    "review": "최고의 명작이네요 ㅎㅎ 늦은밤 안자고 본 보람이 있네요",
    "date": "12.11.05",
    "rating": "10",
    "author": "kora****",
    "review_id": "6857026",
    "movie_id": "10751"
  },
  {
    "review": "재미난 고전 명작영화.",
    "date": "12.11.02",
    "rating": "8",
    "author": "virt****",
    "review_id": "6844943",
    "movie_id": "10751"
  },
  {
    "review": "평점그대로 최고",
    "date": "12.10.12",
    "rating": "10",
    "author": "yj45****",
    "review_id": "6792836",
    "movie_id": "10751"
  },
  {
    "review": "명작이네요",
    "date": "12.10.08",
    "rating": "10",
    "author": "bark****",
    "review_id": "6772908",
    "movie_id": "10751"
  },
  {
    "review": "어렷을때 여주인공나올때마다 심장이 머지는줄 알았던 기억이 생생하다...만화좋아하고 이럴때인데 이 영화는 끝까지 눈을 떼지 못했던 영화 결국 지금와서 인정받는군",
    "date": "12.09.07",
    "rating": "9",
    "author": "esru****",
    "review_id": "6676116",
    "movie_id": "10751"
  },
  {
    "review": "알흠답다",
    "date": "12.09.06",
    "rating": "10",
    "author": "perf****",
    "review_id": "6672683",
    "movie_id": "10751"
  },
  {
    "review": "추억의명작",
    "date": "12.09.04",
    "rating": "10",
    "author": "mr05****",
    "review_id": "6669989",
    "movie_id": "10751"
  },
  {
    "review": "처음엔 우연히 티비돌리다가 봤다 브룩쉴즈의 아름다움에 넋을놓고 검색햇다 32년전 영화란다 브룩쉴즈라는 배우 하나만으로 평점 10000점을주고싶다 역사상 최고의 미녀다",
    "date": "12.08.24",
    "rating": "10",
    "author": "ckda****",
    "review_id": "6639706",
    "movie_id": "10751"
  },
  {
    "review": "대자연의 아름다움과 순수한 사랑이야기",
    "date": "12.08.18",
    "rating": "9",
    "author": "hana****",
    "review_id": "6619894",
    "movie_id": "10751"
  }
]