[
  {
    "review": "스릴도 있고 알 파치노의 연기도 좋지만 완성도는 충분치 못하다",
    "date": "15.04.18",
    "rating": "7",
    "author": "cont****",
    "review_id": "9850805",
    "movie_id": "10754"
  },
  {
    "review": "옛날 영화 치고는... 편집의 중요성을 다시한번 느낀...",
    "date": "14.05.19",
    "rating": "7",
    "author": "01aj****",
    "review_id": "8748247",
    "movie_id": "10754"
  },
  {
    "review": "저는 정말 재밌게 봤습니다",
    "date": "13.01.27",
    "rating": "10",
    "author": "chec****",
    "review_id": "7182520",
    "movie_id": "10754"
  },
  {
    "review": "여배우 예쁘고 내용도 지루하지 않음",
    "date": "13.01.22",
    "rating": "8",
    "author": "vezi****",
    "review_id": "7146640",
    "movie_id": "10754"
  },
  {
    "review": "특유의 분위기와 음악이 잘 어우려진 영화 !! 위대한 알파치노 그리고  엘렌바킨",
    "date": "12.04.13",
    "rating": "10",
    "author": "wnwk****",
    "review_id": "6217188",
    "movie_id": "10754"
  },
  {
    "review": "범죄가 아니구 로맨스영화구만...재미 열라없다",
    "date": "11.10.12",
    "rating": "2",
    "author": "dbzh****",
    "review_id": "5784216",
    "movie_id": "10754"
  },
  {
    "review": "걸작은 아니지만 졸작이라 하기엔 아까운 영화. 파치노 형님의 외로운 남자 연기 굿.",
    "date": "11.10.03",
    "rating": "7",
    "author": "mist****",
    "review_id": "5767756",
    "movie_id": "10754"
  },
  {
    "review": "알파치노의 뛰어난 연기력을 볼 수 없어서 다소 아쉬웠던 영화. 반전스릴러의 실패작",
    "date": "11.07.25",
    "rating": "8",
    "author": "s2re****",
    "review_id": "5567783",
    "movie_id": "10754"
  },
  {
    "review": "알 파치노가 안나왔더라면 끔찍하다",
    "date": "11.03.26",
    "rating": "6",
    "author": "rd72****",
    "review_id": "5335667",
    "movie_id": "10754"
  },
  {
    "review": "후즐근한 분위기의 영화. 알파치노의 연기력 만으로 버티는 수사물 .",
    "date": "08.10.31",
    "rating": "4",
    "author": "evil****",
    "review_id": "3027755",
    "movie_id": "10754"
  },
  {
    "review": "반전은 좋지만.. 전체적으로 전개가 느긋하다.. 그치만.. 서스펜스는 괞찮았다.",
    "date": "08.03.30",
    "rating": "7",
    "author": "pola****",
    "review_id": "2548848",
    "movie_id": "10754"
  },
  {
    "review": "이런 영화가 7점대라니,. 너무 하잖아?",
    "date": "08.02.18",
    "rating": "10",
    "author": "mfth****",
    "review_id": "2461466",
    "movie_id": "10754"
  },
  {
    "review": "범죄 스릴러로는 완전 실패했지만 멜로 드라마로는 겨우 체면을 유지했다",
    "date": "08.02.13",
    "rating": "7",
    "author": "goma****",
    "review_id": "2442722",
    "movie_id": "10754"
  },
  {
    "review": "알파치노이기때문에어쩔수없다.그는.역시.",
    "date": "06.01.10",
    "rating": "10",
    "author": "litt****",
    "review_id": "575981",
    "movie_id": "10754"
  },
  {
    "review": "알 파치노를 다시 영화계로 컴백하게 만든 스릴러물.",
    "date": "05.11.26",
    "rating": "7",
    "author": "movi****",
    "review_id": "485006",
    "movie_id": "10754"
  },
  {
    "review": "꽤나 흥미롭게 진행되는 스토리. 알 파치노 보는 것 만으로도",
    "date": "05.11.20",
    "rating": "7",
    "author": "palm****",
    "review_id": "479871",
    "movie_id": "10754"
  },
  {
    "review": "스토리도 좋고 알파치노 연기도 좋고",
    "date": "05.11.06",
    "rating": "8",
    "author": "eggi****",
    "review_id": "466158",
    "movie_id": "10754"
  },
  {
    "review": "알 파치노다운 러브 스토리~",
    "date": "05.09.16",
    "rating": "10",
    "author": "knoc****",
    "review_id": "407610",
    "movie_id": "10754"
  },
  {
    "review": "싱거운 스토리도 주인공을 잘 만나면..?",
    "date": "05.05.28",
    "rating": "6",
    "author": "that****",
    "review_id": "287943",
    "movie_id": "10754"
  },
  {
    "review": "여배우 진짜 맘에 안든다. 샴엘잭슨과 헨리연쇄살인자도 등장",
    "date": "05.03.24",
    "rating": "4",
    "author": "gkdl****",
    "review_id": "246073",
    "movie_id": "10754"
  },
  {
    "review": "ㅋㅋㅋㅋ",
    "date": "04.10.13",
    "rating": "7",
    "author": "arie****",
    "review_id": "125087",
    "movie_id": "10754"
  },
  {
    "review": "4년만에 멋지게 부활한 알 파치노..마지막 반전도 쏠쏠함..",
    "date": "04.02.09",
    "rating": "8",
    "author": "thin****",
    "review_id": "18261",
    "movie_id": "10754"
  }
]