[
  {
    "review": "캐스팅만으로도 그냥 10점주고싶다..",
    "date": "15.03.14",
    "rating": "10",
    "author": "vipt****",
    "review_id": "9779596",
    "movie_id": "10758"
  },
  {
    "review": "재미는 잘 모르겠지만   컬트적 분위기가 좋은 영화",
    "date": "15.02.24",
    "rating": "6",
    "author": "boga****",
    "review_id": "9733514",
    "movie_id": "10758"
  },
  {
    "review": "호머들의 이야기 나도 고등학교때 아저씨들 한테 몸 팔았었는데 딱 그이야기다",
    "date": "15.02.03",
    "rating": "10",
    "author": "blas****",
    "review_id": "9662542",
    "movie_id": "10758"
  },
  {
    "review": "굳이설정을저걸널필요가있었나",
    "date": "15.01.31",
    "rating": "5",
    "author": "xx41****",
    "review_id": "9652796",
    "movie_id": "10758"
  },
  {
    "review": "영화를 보고 나서 리버 피닉스가 이미 저세상 사람이라는 소식을 들었을때 마음이 너무 아팠다. 영화 속 방황하던 청년, 마이크가 다시 보인다. 스콧(키아누 리브스)에게 고백했던 장면은 정말 명장면 ㅠㅠ",
    "date": "15.01.26",
    "rating": "7",
    "author": "qhrt****",
    "review_id": "9638890",
    "movie_id": "10758"
  },
  {
    "review": "오롯이 리버 피닉스의 매력을 보여주는 아주 어려운 서사시.",
    "date": "15.01.25",
    "rating": "8",
    "author": "ykdi****",
    "review_id": "9635274",
    "movie_id": "10758"
  },
  {
    "review": "구스반산트의 컬트로드무비 아이다호. 난 리버피닉스 광팬였고. 그후 리버피닉스의죽음으로 매우 힘들었던 키아누리브스. 아직도 생각나는 영화 [마이 오운 프라이빗 아이다호] 둘은 별처럼 빛나는 전미최고의 아이돌스타였다.",
    "date": "15.01.08",
    "rating": "10",
    "author": "skyc****",
    "review_id": "9574164",
    "movie_id": "10758"
  },
  {
    "review": "배 바지를 제외하곤 지금 봐도 멋진 리버의패션과 퇴폐미는 최고다!",
    "date": "14.12.18",
    "rating": "10",
    "author": "cool****",
    "review_id": "9486803",
    "movie_id": "10758"
  },
  {
    "review": "머리로는 이해되지만..가슴으론 느껴지진 않는다..밥은 자살한 것이 아닙니다.줄거리 수정 부탁드립니다.",
    "date": "14.09.27",
    "rating": "6",
    "author": "snur****",
    "review_id": "9243626",
    "movie_id": "10758"
  },
  {
    "review": "지금도 가장 기억에 남고 좋아하는 영화 중 하나...문득 오늘 리버 피닉스가 그리워지네요.",
    "date": "14.09.17",
    "rating": "10",
    "author": "rudf****",
    "review_id": "9220643",
    "movie_id": "10758"
  },
  {
    "review": "리버 피닉스 feat. 키아누 리브스",
    "date": "14.09.11",
    "rating": "9",
    "author": "k248****",
    "review_id": "9202815",
    "movie_id": "10758"
  },
  {
    "review": "지독하리만큼 어둡고 슬프다. 그들의 눈빛이 더하다.",
    "date": "14.05.18",
    "rating": "7",
    "author": "izzo****",
    "review_id": "8745061",
    "movie_id": "10758"
  },
  {
    "review": "재밌게 잘 보았습니다.",
    "date": "14.05.11",
    "rating": "1",
    "author": "jin1****",
    "review_id": "8722921",
    "movie_id": "10758"
  },
  {
    "review": "어렵다 어려워, 다른 이들의 리뷰를 보고서야 조금 이해가 되었고 극중 마이크에 대해서도 다시 생각하게끔 되었다 .",
    "date": "14.04.05",
    "rating": "7",
    "author": "jong****",
    "review_id": "8629796",
    "movie_id": "10758"
  },
  {
    "review": "채워질수 없는 가장 큰 가난을 그려낸거 같다",
    "date": "14.03.01",
    "rating": "8",
    "author": "ghzm****",
    "review_id": "8546917",
    "movie_id": "10758"
  },
  {
    "review": "컬트적인 연출 속에 살아있는 리버 피닉스",
    "date": "14.02.23",
    "rating": "5",
    "author": "breg****",
    "review_id": "8529867",
    "movie_id": "10758"
  },
  {
    "review": "최고의 영화  ~!!!! ㅜㅜ",
    "date": "14.02.02",
    "rating": "10",
    "author": "dker****",
    "review_id": "8466276",
    "movie_id": "10758"
  },
  {
    "review": "가슴이 쓰리고 아프다 천재적 연기와 함께 떠나간 리버 피닉스때문에",
    "date": "13.12.29",
    "rating": "10",
    "author": "hong****",
    "review_id": "8321027",
    "movie_id": "10758"
  },
  {
    "review": "리버피닉스와 키아누리브스",
    "date": "13.12.16",
    "rating": "10",
    "author": "rkdg****",
    "review_id": "8217769",
    "movie_id": "10758"
  },
  {
    "review": "리버 피닉스가 더욱 아름답게 그리는 청춘 서사시",
    "date": "13.12.05",
    "rating": "9",
    "author": "kth3****",
    "review_id": "8190582",
    "movie_id": "10758"
  },
  {
    "review": "아무리 발버둥쳐도 어느 거리 이상 가까워질 수 없는, 그 사람이 싫은 게 아니라 본질적으로 너무나도 나와 다른 사람의 존재를 겪어보았다면 이 영화가 조금은 의미있게 다가올 듯 하다.",
    "date": "13.11.19",
    "rating": "9",
    "author": "clae****",
    "review_id": "8152109",
    "movie_id": "10758"
  },
  {
    "review": "내취향과는 다소 맞지않았지만.. unusual해서 기억에 각인되는 영화",
    "date": "13.11.12",
    "rating": "6",
    "author": "ybgc****",
    "review_id": "8134291",
    "movie_id": "10758"
  },
  {
    "review": "좀.. 뭔가 좀 이해가 잘 안되고...마이크가 너무 불쌍해...",
    "date": "13.11.04",
    "rating": "8",
    "author": "rose****",
    "review_id": "8114340",
    "movie_id": "10758"
  },
  {
    "review": "지나치게 여성향을 띄지만 청춘이라는 소재는 남녀불문.",
    "date": "13.10.23",
    "rating": "8",
    "author": "masa****",
    "review_id": "8081626",
    "movie_id": "10758"
  },
  {
    "review": "다듬어지지않은 날것의 방황과 청춘이 리버피닉스를 통해 보여지네요. 최고의 배우",
    "date": "13.08.24",
    "rating": "10",
    "author": "js62****",
    "review_id": "7917580",
    "movie_id": "10758"
  },
  {
    "review": "리버피닉스  지금도 독보적인 존재감",
    "date": "13.08.14",
    "rating": "10",
    "author": "goak****",
    "review_id": "7880233",
    "movie_id": "10758"
  },
  {
    "review": "한껏 껴안아주고픈 영화",
    "date": "13.08.06",
    "rating": "10",
    "author": "bora****",
    "review_id": "7848337",
    "movie_id": "10758"
  },
  {
    "review": "두  청년의  비슷한듯 하지만  불쾌할만큼  대조적인 삶 ....보고난뒤에도  뭔가  찝찝한영화  신경쓰고 좋은 영화 인것은 같으나  우울함이 먹어버린 영화 . 우울하고 어려운영화....",
    "date": "13.07.29",
    "rating": "6",
    "author": "juhw****",
    "review_id": "7798585",
    "movie_id": "10758"
  },
  {
    "review": "계속 감식해야 되는 영화. 과감하고 실험적이며 상징성 과다 표출",
    "date": "13.07.17",
    "rating": "7",
    "author": "prim****",
    "review_id": "7749563",
    "movie_id": "10758"
  },
  {
    "review": "저는 이 영화가 저랑 안맞았네요...취향이 아니던...그냥 평점보고 내용보고 댓글보고 나가려고 했는데...mcks님이 남긴 댓글을 보는순간..기분이 나쁘던..사람 취향이라는게 있는데...영화를 볼줄 모른다니 어쩐다니..ㅉㅉ",
    "date": "13.07.15",
    "rating": "1",
    "author": "dbsr****",
    "review_id": "7745483",
    "movie_id": "10758"
  },
  {
    "review": "돌아갈 곳이 있는 소년과, 돌아갈 곳도 가진 것도 없는 소년. 방황하는 두 소년의 대조적인 성장담과 함께 구스 반 산트의 실험적인 색채가 입혀져 불친절하면서도 상당히 매력적인 영화.",
    "date": "13.07.12",
    "rating": "9",
    "author": "floo****",
    "review_id": "7731850",
    "movie_id": "10758"
  },
  {
    "review": "몸은 떨었지만 와닿지는 않았다",
    "date": "13.06.30",
    "rating": "8",
    "author": "sksd****",
    "review_id": "7693609",
    "movie_id": "10758"
  },
  {
    "review": "정말 명작이라 생각하는데.. 지루하는 사람도 있네요  물론 개인차가 있겠지만 영화를 볼 줄 모르는 사람인거 같아요",
    "date": "13.05.22",
    "rating": "10",
    "author": "mcks****",
    "review_id": "7548842",
    "movie_id": "10758"
  },
  {
    "review": "리버 피닉스 너무 불쌍해요 ㅜ",
    "date": "13.04.22",
    "rating": "9",
    "author": "sigi****",
    "review_id": "7474440",
    "movie_id": "10758"
  },
  {
    "review": "흐릿한 리버피닉스의 얼굴",
    "date": "13.04.15",
    "rating": "6",
    "author": "jjcv****",
    "review_id": "7461379",
    "movie_id": "10758"
  },
  {
    "review": "대체로 지루 ..인상적인신이 그닥없다",
    "date": "13.02.21",
    "rating": "7",
    "author": "oscu****",
    "review_id": "7286132",
    "movie_id": "10758"
  },
  {
    "review": "몇십번을봐도명작이다",
    "date": "13.02.10",
    "rating": "10",
    "author": "cros****",
    "review_id": "7248918",
    "movie_id": "10758"
  },
  {
    "review": "나의 청춘에 불을 지폈던 영화...",
    "date": "13.02.02",
    "rating": "10",
    "author": "rin0****",
    "review_id": "7212450",
    "movie_id": "10758"
  },
  {
    "review": "진정 그의 안식처가 되어줄 곳은 도대체 어디에...기면 발작증...솔직히 전체적인 영화내용(그냥 코믹한 연극같은)은 맘에 안들지만...마이크의 기구한 운명에 가슴 한 편이 먹먹해져온다...",
    "date": "13.01.08",
    "rating": "5",
    "author": "egyp****",
    "review_id": "7092076",
    "movie_id": "10758"
  },
  {
    "review": "볼만해",
    "date": "12.12.04",
    "rating": "8",
    "author": "flzk****",
    "review_id": "6970984",
    "movie_id": "10758"
  },
  {
    "review": "아름다운 청년 리버. 나를 글썽이게 만들었다.",
    "date": "12.11.09",
    "rating": "10",
    "author": "fio1****",
    "review_id": "6870528",
    "movie_id": "10758"
  },
  {
    "review": "두 주인공의 연기는 그저 그랬다",
    "date": "12.10.28",
    "rating": "4",
    "author": "cont****",
    "review_id": "6831995",
    "movie_id": "10758"
  },
  {
    "review": "기면 발작증 하나 알아 간다",
    "date": "12.10.09",
    "rating": "3",
    "author": "expr****",
    "review_id": "6777333",
    "movie_id": "10758"
  },
  {
    "review": "리버피닉스가 살아있었다면 정말 독보적인 배우가 되었을 텐데",
    "date": "12.09.11",
    "rating": "10",
    "author": "hiw1****",
    "review_id": "6687866",
    "movie_id": "10758"
  },
  {
    "review": "어딘지 모르는곳에서 깨어나 예고없이 쓰러지는것 그 무엇과 닮아 참 슬퍼.  모든 것은 다 결정되어 있는건 아닐까 생각해버렸고.. 씨발",
    "date": "12.08.30",
    "rating": "10",
    "author": "korn****",
    "review_id": "6654741",
    "movie_id": "10758"
  },
  {
    "review": "리버 피닉스는 참 멋진 청년이었구나",
    "date": "12.07.11",
    "rating": "9",
    "author": "luvl****",
    "review_id": "6471112",
    "movie_id": "10758"
  },
  {
    "review": "리버 나의 리버 ㅠㅠ",
    "date": "12.07.06",
    "rating": "10",
    "author": "r1ve****",
    "review_id": "6451064",
    "movie_id": "10758"
  },
  {
    "review": "배우도좋고 연기도좋았는데, 내겐 어려웠다",
    "date": "12.06.19",
    "rating": "8",
    "author": "ala9****",
    "review_id": "6403270",
    "movie_id": "10758"
  },
  {
    "review": "지루하다",
    "date": "12.06.06",
    "rating": "1",
    "author": "mool****",
    "review_id": "6368431",
    "movie_id": "10758"
  },
  {
    "review": "보는 사람까지 충격속에 현실이 두렵고 어지러워진다.",
    "date": "12.05.21",
    "rating": "8",
    "author": "west****",
    "review_id": "6318720",
    "movie_id": "10758"
  },
  {
    "review": "그 결말이 너무도 당연해서 가슴아팠다.",
    "date": "12.05.17",
    "rating": "9",
    "author": "soyo****",
    "review_id": "6306230",
    "movie_id": "10758"
  },
  {
    "review": "하...연기부터 감성, 공감대와 여운까지 ..",
    "date": "12.04.24",
    "rating": "10",
    "author": "tlc6****",
    "review_id": "6242438",
    "movie_id": "10758"
  },
  {
    "review": "뭐 이래.....지루하다!!!",
    "date": "12.04.06",
    "rating": "5",
    "author": "jeon****",
    "review_id": "6197352",
    "movie_id": "10758"
  },
  {
    "review": "내 대가리로는 이해할수없는 영화였지만 리버피닉스가 너무 짠하고 아름다웠다",
    "date": "12.02.13",
    "rating": "8",
    "author": "savi****",
    "review_id": "6072099",
    "movie_id": "10758"
  },
  {
    "review": "리버피닉스를 우상화시켜준 바로 그것!",
    "date": "12.01.01",
    "rating": "6",
    "author": "nkot****",
    "review_id": "5951284",
    "movie_id": "10758"
  },
  {
    "review": "훌륭한 영화..이 영화에서 동성애는 주제가 아니라 소재.",
    "date": "11.11.19",
    "rating": "10",
    "author": "jass****",
    "review_id": "5859418",
    "movie_id": "10758"
  },
  {
    "review": "2011년 현 시대의 감성과도 통하는 20년전 영화..리버피닉스의 연기최고!",
    "date": "11.11.18",
    "rating": "10",
    "author": "jooa****",
    "review_id": "5855750",
    "movie_id": "10758"
  },
  {
    "review": "두남자의 사랑,빛나는 미모? 이건 그런게 중요한게 아니란 말이다.",
    "date": "11.10.28",
    "rating": "9",
    "author": "shim****",
    "review_id": "5813877",
    "movie_id": "10758"
  },
  {
    "review": "어렵지만 느낌있는 영화",
    "date": "11.10.12",
    "rating": "8",
    "author": "dhwo****",
    "review_id": "5784265",
    "movie_id": "10758"
  },
  {
    "review": "기억 안나 또 봐야지ㅜ",
    "date": "11.09.24",
    "rating": "8",
    "author": "ses2****",
    "review_id": "5749853",
    "movie_id": "10758"
  },
  {
    "review": "처음에 키아누 떔에 봤는데 리버피닉스를 처음 알게되고 그의 천재적 연기에 빠졌다.",
    "date": "11.09.19",
    "rating": "10",
    "author": "neou****",
    "review_id": "5740420",
    "movie_id": "10758"
  },
  {
    "review": "뭔가 지루하진 않은데 의미를 모르겠어..",
    "date": "11.09.14",
    "rating": "10",
    "author": "dhkt****",
    "review_id": "5731807",
    "movie_id": "10758"
  },
  {
    "review": "텅빈 아스팔트 도로를 볼때면 늘 생각나는 길의 감식자, 리버...",
    "date": "11.09.10",
    "rating": "10",
    "author": "jude****",
    "review_id": "5719918",
    "movie_id": "10758"
  },
  {
    "review": "쓰레기영화에 쓰레기역할을 맡은 피닉스. 키아누리브스는 왜 이런거에 출연했을까....",
    "date": "11.09.05",
    "rating": "4",
    "author": "wlfa****",
    "review_id": "5709845",
    "movie_id": "10758"
  },
  {
    "review": "어느 이성영화보다도 더 애절하고 안타까웠어요 심리묘사와 눈빛이 정말 끝내줍니다",
    "date": "11.08.16",
    "rating": "10",
    "author": "zmfl****",
    "review_id": "5657266",
    "movie_id": "10758"
  },
  {
    "review": "같은질병을앓고있어서인지 여운도깊게느껴진다.......",
    "date": "11.07.30",
    "rating": "10",
    "author": "csky****",
    "review_id": "5583006",
    "movie_id": "10758"
  },
  {
    "review": "'날것의 젊음'이 인간으로써 존재한다면 이 영화에서의 키아누와 리버일 겁니다.",
    "date": "11.07.29",
    "rating": "10",
    "author": "cooi****",
    "review_id": "5578557",
    "movie_id": "10758"
  },
  {
    "review": "리버피닉스를 알게된 영화.",
    "date": "11.07.08",
    "rating": "10",
    "author": "dkda****",
    "review_id": "5528522",
    "movie_id": "10758"
  },
  {
    "review": "정처없는 삶의 길 한가운데서 방황하는 청춘, 그것을 연출해낸 구스 반 산트",
    "date": "11.07.07",
    "rating": "10",
    "author": "reno****",
    "review_id": "5527796",
    "movie_id": "10758"
  },
  {
    "review": "현대판 브로크백마운틴... 퀴어영화는 왜이리 다 슬픈걸까?ㅠㅠ",
    "date": "11.05.11",
    "rating": "10",
    "author": "fubu****",
    "review_id": "5421619",
    "movie_id": "10758"
  },
  {
    "review": "두 남자가 너무 아름다웠다... 눈이 부시도록...",
    "date": "11.05.11",
    "rating": "10",
    "author": "mini****",
    "review_id": "5421618",
    "movie_id": "10758"
  },
  {
    "review": "1",
    "date": "11.05.09",
    "rating": "10",
    "author": "floy****",
    "review_id": "5416057",
    "movie_id": "10758"
  },
  {
    "review": "마이크하고리버가어떤일정부분상당히겹쳐보인다는것그래서더욱슬프게다가왔더라는.",
    "date": "11.03.30",
    "rating": "10",
    "author": "2hj_****",
    "review_id": "5342831",
    "movie_id": "10758"
  },
  {
    "review": "리버 피닉스...",
    "date": "11.03.25",
    "rating": "10",
    "author": "pers****",
    "review_id": "5333257",
    "movie_id": "10758"
  },
  {
    "review": "영화자체는 별로였다... 하지만 그들의 연기는 최고였어!!!!",
    "date": "11.03.15",
    "rating": "10",
    "author": "tmdg****",
    "review_id": "5314285",
    "movie_id": "10758"
  },
  {
    "review": "리버 피닉스를 본 것만으로도 괜찮은 영화",
    "date": "11.03.14",
    "rating": "7",
    "author": "sunn****",
    "review_id": "5314212",
    "movie_id": "10758"
  },
  {
    "review": "영화가 전체적으로 지루하다. 리버 피닉스의 엄마찾아 삼만리",
    "date": "11.03.13",
    "rating": "8",
    "author": "whij****",
    "review_id": "5310355",
    "movie_id": "10758"
  },
  {
    "review": "7점정도의 영화지만 나에게는 남달랐음",
    "date": "11.02.22",
    "rating": "9",
    "author": "gbik****",
    "review_id": "5265686",
    "movie_id": "10758"
  },
  {
    "review": "뭔가 씁쓸한 여운이 남는 영화다.",
    "date": "11.02.21",
    "rating": "7",
    "author": "marc****",
    "review_id": "5265425",
    "movie_id": "10758"
  },
  {
    "review": "다른사람들은 이해하기 어려운 자기 세계만을 갖는 영화...이런거 싫어함.",
    "date": "11.01.28",
    "rating": "7",
    "author": "son1****",
    "review_id": "5190918",
    "movie_id": "10758"
  },
  {
    "review": "분위기로만 대충 인지하고 때울영화같진않지만 결정적으로 이해하고싶지않아ㅗ",
    "date": "11.01.21",
    "rating": "7",
    "author": "holh****",
    "review_id": "5173517",
    "movie_id": "10758"
  },
  {
    "review": "쓸쓸하다. 내 마음의 고향",
    "date": "10.11.24",
    "rating": "10",
    "author": "mymi****",
    "review_id": "4986066",
    "movie_id": "10758"
  },
  {
    "review": "자신이 원해서 하는 행동과 어쩔 수 없이 하는 행동은 다른 것",
    "date": "10.10.29",
    "rating": "10",
    "author": "jung****",
    "review_id": "4926157",
    "movie_id": "10758"
  },
  {
    "review": "그때 그시간은 얼마나 소중했던가",
    "date": "10.10.21",
    "rating": "10",
    "author": "fool****",
    "review_id": "4913427",
    "movie_id": "10758"
  },
  {
    "review": "내 마음의 고향",
    "date": "10.10.21",
    "rating": "10",
    "author": "hwat****",
    "review_id": "4913342",
    "movie_id": "10758"
  },
  {
    "review": "리버피닉스. 참 아까운 배우",
    "date": "10.10.16",
    "rating": "7",
    "author": "resm****",
    "review_id": "4905540",
    "movie_id": "10758"
  },
  {
    "review": "인간의 삶도 길도- 절대 같은길은 없듯이 같은방향 일지라도 위치는 다르다.",
    "date": "10.10.14",
    "rating": "7",
    "author": "gkag****",
    "review_id": "4901560",
    "movie_id": "10758"
  },
  {
    "review": "미안하다...내머리로는 어렵다",
    "date": "10.09.23",
    "rating": "6",
    "author": "leei****",
    "review_id": "4859685",
    "movie_id": "10758"
  },
  {
    "review": "어렵고 씁쓸하다.",
    "date": "10.09.12",
    "rating": "6",
    "author": "bona****",
    "review_id": "4830718",
    "movie_id": "10758"
  },
  {
    "review": "좋은영화",
    "date": "10.08.20",
    "rating": "10",
    "author": "hoju****",
    "review_id": "4768020",
    "movie_id": "10758"
  },
  {
    "review": "굉장히 어려웠지만, 너무 가슴 아팠던 영화...리버 피닉스의 눈빛도 잊혀지지 않는다.",
    "date": "10.08.02",
    "rating": "10",
    "author": "yej1****",
    "review_id": "4697685",
    "movie_id": "10758"
  },
  {
    "review": "그래 길을 맛봐라",
    "date": "10.08.02",
    "rating": "8",
    "author": "hoho****",
    "review_id": "4696548",
    "movie_id": "10758"
  },
  {
    "review": "정말 씁쓸한영화...그래서더멋지다. 근데 키아누리브스는 20년전이랑 지금이랑 여전",
    "date": "10.07.05",
    "rating": "9",
    "author": "ghrj****",
    "review_id": "4614476",
    "movie_id": "10758"
  },
  {
    "review": "공허함, 쓸쓸함. 뭔가가 어긋나있는듯한 느낌.",
    "date": "10.06.30",
    "rating": "10",
    "author": "diff****",
    "review_id": "4601727",
    "movie_id": "10758"
  },
  {
    "review": "이거 ost 어디서 팝니까?ㅡㅡ;;",
    "date": "10.06.30",
    "rating": "10",
    "author": "zola****",
    "review_id": "4600170",
    "movie_id": "10758"
  },
  {
    "review": "초반엔 괜찮다가 뒤로갈 수록 난해해진다..리버의 눈빛은 가슴을 아프게한다.",
    "date": "10.06.29",
    "rating": "9",
    "author": "ssss****",
    "review_id": "4599257",
    "movie_id": "10758"
  },
  {
    "review": "가슴이 정말 먹먹해진다. 리버피닉스 연기가 참 좋았다.",
    "date": "10.06.07",
    "rating": "10",
    "author": "thes****",
    "review_id": "4550577",
    "movie_id": "10758"
  },
  {
    "review": "정말 불쾌하고 지루했지만 돌이켜보면 좋은 영화였다.. 소속감을 강조하는 영화",
    "date": "10.05.21",
    "rating": "5",
    "author": "hjj5****",
    "review_id": "4513939",
    "movie_id": "10758"
  },
  {
    "review": "좋은영화지만 나에겐 어려웠다.",
    "date": "10.05.11",
    "rating": "7",
    "author": "bbol****",
    "review_id": "4492860",
    "movie_id": "10758"
  },
  {
    "review": "리버의 눈빛이 계속 떠오른다...",
    "date": "10.04.22",
    "rating": "10",
    "author": "pray****",
    "review_id": "4447511",
    "movie_id": "10758"
  }
]