[
  {
    "review": "아름다운 소품",
    "date": "07.09.16",
    "rating": "10",
    "author": "baks****",
    "review_id": "2023913",
    "movie_id": "10757"
  },
  {
    "review": "배우로 먹고 들어가네",
    "date": "07.01.25",
    "rating": "10",
    "author": "zeed****",
    "review_id": "1413812",
    "movie_id": "10757"
  },
  {
    "review": "연기력이 돋 보임.  특히 레나 올린",
    "date": "06.01.10",
    "rating": "9",
    "author": "sr26****",
    "review_id": "576354",
    "movie_id": "10757"
  }
]