[
  {
    "review": "개인적으로 최고의 한국영화로 꼽는 명작. 4K급으로 리마스터링 된 화질로 다시 보고 싶다",
    "date": "14.12.23",
    "rating": "10",
    "author": "reck****",
    "review_id": "9503957",
    "movie_id": "10762"
  },
  {
    "review": "무시무종에 본래물일물이라. 시작도 끝도 없어라.. 대사 하나하나가 오묘한 가르침을 주고, 고뇌와 번민 그리고 구도에 대한 갈망을 예술적인 영상미와 잘 조화시켰다.. 마음이 어지럽고 갈피를 못잡을 때 보아야 할..",
    "date": "14.06.29",
    "rating": "9",
    "author": "gent****",
    "review_id": "8868815",
    "movie_id": "10762"
  },
  {
    "review": "나의 주인공은 어디로 가는가?",
    "date": "14.03.19",
    "rating": "9",
    "author": "socl****",
    "review_id": "8587540",
    "movie_id": "10762"
  },
  {
    "review": "잊혀지지 않는 명작. 나의 아둔함을 느깐다.",
    "date": "13.12.10",
    "rating": "10",
    "author": "kkwm****",
    "review_id": "8203556",
    "movie_id": "10762"
  },
  {
    "review": "안드레이 타르코프스키 '거울' 아류작",
    "date": "13.08.13",
    "rating": "4",
    "author": "bsj1****",
    "review_id": "7875661",
    "movie_id": "10762"
  },
  {
    "review": "도리의 뿌리",
    "date": "13.05.04",
    "rating": "9",
    "author": "bbq2****",
    "review_id": "7505690",
    "movie_id": "10762"
  },
  {
    "review": "염세주의에 빠졌다는 사람들은 이 영화의 깊은 성찰을 보지 못하고 그저 고통스러워하는 기봉스님의 눈을 통해본  고통 자체를 맛 본 것이다. 염세주의가 아니라  우주만사 공하다는 것이다 . 공을 알면 이젠 그 너머에 뭐가 있는지 화두를 던지는 영화다.",
    "date": "13.04.29",
    "rating": "9",
    "author": "pota****",
    "review_id": "7494336",
    "movie_id": "10762"
  },
  {
    "review": "런닝타임이 길다고 느꼈지만 한폭의 그림, 한편의 다큐를 보는듯해서 좋았다.",
    "date": "12.06.09",
    "rating": "7",
    "author": "wngu****",
    "review_id": "6379002",
    "movie_id": "10762"
  },
  {
    "review": "많은 생각을 하게 해주는 매우 좋은 영화다. 하지만 조금 아쉬운 부분이 있다.",
    "date": "12.02.17",
    "rating": "9",
    "author": "psy8****",
    "review_id": "6080805",
    "movie_id": "10762"
  },
  {
    "review": "염세관이 느껴진다.깨달음이 뭔지 구체적으로 보여주진 않는다.",
    "date": "12.02.08",
    "rating": "10",
    "author": "galf****",
    "review_id": "6061456",
    "movie_id": "10762"
  },
  {
    "review": "내가 생각하는 불교 자체다. 다만 진리의 단서를 애써 보여주지 않는 것이 서운하다.",
    "date": "12.01.28",
    "rating": "7",
    "author": "airi****",
    "review_id": "6030587",
    "movie_id": "10762"
  },
  {
    "review": "한국영화역사상최고걸작.감독이이후에,차기작을 못찍는 이유.",
    "date": "11.11.07",
    "rating": "10",
    "author": "baks****",
    "review_id": "5833766",
    "movie_id": "10762"
  },
  {
    "review": "열라 멋져요 살아있는 달마같아요",
    "date": "11.11.01",
    "rating": "10",
    "author": "voya****",
    "review_id": "5822031",
    "movie_id": "10762"
  },
  {
    "review": "(어쩌면) 역대 최고의 한국 영화라고 할 수 있을지도...",
    "date": "11.10.20",
    "rating": "10",
    "author": "gate****",
    "review_id": "5798463",
    "movie_id": "10762"
  },
  {
    "review": "89년... 이런 영화가 우리나라에서 만들어진게 기적만같다...  가슴이먹먹해진다.",
    "date": "11.03.25",
    "rating": "10",
    "author": "vebe****",
    "review_id": "5333729",
    "movie_id": "10762"
  },
  {
    "review": "한국의 봄 그림자, 햇살, 바람, 어둠.감사하다 어떠한 말로도 표현이 어렵다 대단하다",
    "date": "11.03.01",
    "rating": "10",
    "author": "scie****",
    "review_id": "5285584",
    "movie_id": "10762"
  },
  {
    "review": "20대 초반임에도 불구하고 불교에 대해 잘 몰라서 그런지 내용 이해하기 너무 힘들다",
    "date": "10.12.12",
    "rating": "1",
    "author": "i_s2****",
    "review_id": "5047150",
    "movie_id": "10762"
  },
  {
    "review": "시간과 공간 그리고 존재와 삶, 그 영원무구한 주제. 예술이 궁극의 해답이다.",
    "date": "10.09.19",
    "rating": "10",
    "author": "tkaf****",
    "review_id": "4848983",
    "movie_id": "10762"
  },
  {
    "review": "마음달이 물 밑에서 차 오를 때 나의 주인공은 어디로 가느냐",
    "date": "10.03.12",
    "rating": "10",
    "author": "ioio****",
    "review_id": "4352569",
    "movie_id": "10762"
  },
  {
    "review": "표현할 수 없어도, 울림은 느낄 수 있다..",
    "date": "09.11.27",
    "rating": "8",
    "author": "imf0****",
    "review_id": "3994168",
    "movie_id": "10762"
  },
  {
    "review": "한국 영화의 자부심 !!! 최고의 걸작이다",
    "date": "09.10.10",
    "rating": "10",
    "author": "18vi****",
    "review_id": "3883225",
    "movie_id": "10762"
  },
  {
    "review": "창작자가 되기를 원하는 사람으로서 가장 도착하길 바라는 작가주의 그 자체",
    "date": "09.07.27",
    "rating": "10",
    "author": "gusd****",
    "review_id": "3674522",
    "movie_id": "10762"
  },
  {
    "review": "전세계에서 최고가 된 한국적 영상미의 초절정 - 영화 좀 대극장에서 보셈..",
    "date": "09.07.19",
    "rating": "10",
    "author": "dowo****",
    "review_id": "3646531",
    "movie_id": "10762"
  },
  {
    "review": "영화가 예술일 수 있음을 보여준 한국 영화 최고의 걸작..",
    "date": "09.05.18",
    "rating": "10",
    "author": "news****",
    "review_id": "3505029",
    "movie_id": "10762"
  },
  {
    "review": "불교의 세계관으로 인간의 삶을 영화라는 도화지에 그려낸 한국영화계의 숨겨진 걸작",
    "date": "09.05.01",
    "rating": "10",
    "author": "nalj****",
    "review_id": "3455579",
    "movie_id": "10762"
  },
  {
    "review": "자연이 만들어내는 아름다움의 극치가 스크린으로 고스란히 옮겨져온 걸작",
    "date": "09.03.21",
    "rating": "10",
    "author": "west****",
    "review_id": "3378088",
    "movie_id": "10762"
  },
  {
    "review": "어릴때 볼때는 어려웠는데 다시보니대단한 걸작임을느낀다. 선불교의본질에이른수준.",
    "date": "08.12.28",
    "rating": "10",
    "author": "chha****",
    "review_id": "3162517",
    "movie_id": "10762"
  },
  {
    "review": "세계 영화 역사 상 베스트 10에 선정된 대한민국의 자랑거리가 아닐 수 없다.",
    "date": "08.11.28",
    "rating": "10",
    "author": "bgth****",
    "review_id": "3078135",
    "movie_id": "10762"
  },
  {
    "review": "내생에 다시없을 최고의 한국영화!",
    "date": "08.05.26",
    "rating": "10",
    "author": "caso****",
    "review_id": "2665064",
    "movie_id": "10762"
  },
  {
    "review": "헐 평이 좋다니... 진짜 대사 없고 지루하던데 -_- 3점 정도 예쌍했음..",
    "date": "08.04.20",
    "rating": "1",
    "author": "lj34****",
    "review_id": "2590789",
    "movie_id": "10762"
  },
  {
    "review": "유일무이",
    "date": "07.09.06",
    "rating": "10",
    "author": "zelk****",
    "review_id": "2004414",
    "movie_id": "10762"
  },
  {
    "review": "진정한 작가 배용균 감독님",
    "date": "07.06.18",
    "rating": "10",
    "author": "zeed****",
    "review_id": "1707144",
    "movie_id": "10762"
  },
  {
    "review": "예술영화의 지루함,난해함,조잡함,어거지 따위를 뛰어넘은 걸작우리영화!!",
    "date": "07.05.07",
    "rating": "10",
    "author": "bepl****",
    "review_id": "1626485",
    "movie_id": "10762"
  },
  {
    "review": "인상적인 영화였다",
    "date": "07.04.26",
    "rating": "9",
    "author": "nala****",
    "review_id": "1607129",
    "movie_id": "10762"
  },
  {
    "review": "잘만든 불교영화.",
    "date": "07.02.01",
    "rating": "9",
    "author": "skss****",
    "review_id": "1433733",
    "movie_id": "10762"
  },
  {
    "review": "대한민국 대표영화 20선에 들 영화....",
    "date": "06.08.02",
    "rating": "10",
    "author": "moon****",
    "review_id": "957106",
    "movie_id": "10762"
  },
  {
    "review": "아름답고 철학적인 종교영화.",
    "date": "06.02.20",
    "rating": "10",
    "author": "ocdg****",
    "review_id": "681512",
    "movie_id": "10762"
  },
  {
    "review": "매력이 있다.",
    "date": "06.02.19",
    "rating": "1",
    "author": "aaal****",
    "review_id": "680196",
    "movie_id": "10762"
  },
  {
    "review": "불교적 색깔이 잘 드러나는 아름다운 영화.",
    "date": "05.12.14",
    "rating": "7",
    "author": "tara****",
    "review_id": "505088",
    "movie_id": "10762"
  },
  {
    "review": "삶과 죽음이 다르지 않다는 공관사상",
    "date": "05.02.14",
    "rating": "10",
    "author": "r000****",
    "review_id": "219886",
    "movie_id": "10762"
  },
  {
    "review": "본질적인 물음들을 던지는, 참으로 진지하게 본 영화...",
    "date": "04.07.27",
    "rating": "10",
    "author": "dant****",
    "review_id": "78091",
    "movie_id": "10762"
  },
  {
    "review": "세상살이 여러번 생각하게 해줍니다",
    "date": "04.07.17",
    "rating": "7",
    "author": "ska5****",
    "review_id": "71991",
    "movie_id": "10762"
  }
]