[
  {
    "review": "크게 볼만한 액션이나 전쟁씬은 없지만 긴장감 있게 도망다니는 진 헥크만 연기는 볼만했다.",
    "date": "15.08.14",
    "rating": "7",
    "author": "adiv****",
    "review_id": "10230926",
    "movie_id": "10768"
  },
  {
    "review": "가볍게 킬링타임용으로 볼만한 영화!",
    "date": "13.02.14",
    "rating": "10",
    "author": "ske4****",
    "review_id": "7264138",
    "movie_id": "10768"
  },
  {
    "review": "모든면에서 무난한 전쟁 영화의 표본.감동이라는 측면에서 상당한 수준.",
    "date": "09.08.11",
    "rating": "7",
    "author": "baks****",
    "review_id": "3735005",
    "movie_id": "10768"
  },
  {
    "review": "볼만하기는 한데 지루한 감도 조금 있다",
    "date": "09.05.13",
    "rating": "6",
    "author": "deff****",
    "review_id": "3491771",
    "movie_id": "10768"
  },
  {
    "review": "TV에서 할 때 꽤 재미있게 봤던 추억",
    "date": "08.02.11",
    "rating": "8",
    "author": "seun****",
    "review_id": "2436291",
    "movie_id": "10768"
  },
  {
    "review": "별로 잼없어여...월남 영화랑 좀 거리가 있따.ㅎㅎ",
    "date": "07.11.09",
    "rating": "6",
    "author": "aa11****",
    "review_id": "2140582",
    "movie_id": "10768"
  },
  {
    "review": "죽음을 불사한 의리,우정... 실화라서 더욱 감동",
    "date": "07.09.18",
    "rating": "10",
    "author": "matr****",
    "review_id": "2029979",
    "movie_id": "10768"
  },
  {
    "review": "초등학교때 보고 최근에 봤는데 괜찮은영화 입니다.",
    "date": "07.07.19",
    "rating": "10",
    "author": "airb****",
    "review_id": "1790403",
    "movie_id": "10768"
  },
  {
    "review": "중학생때 티비에서봤다..",
    "date": "06.02.20",
    "rating": "10",
    "author": "gonj****",
    "review_id": "683185",
    "movie_id": "10768"
  }
]