[
  {
    "review": "나 태어나기 1년전에 나온 영화인데도 너무 재밌다.. 안성기 배우가 안고 잇는 애기 7개월이랬는데 나보다 누나네.. 힛",
    "date": "15.06.08",
    "rating": "10",
    "author": "balc****",
    "review_id": "9983828",
    "movie_id": "10764"
  },
  {
    "review": "16번을 봤습니다 대한민국 최고의 로맨틱영화 입니다 안성기이사장님의 연기는 진심이 담겨있는 연기 입니다 진정한 연기자 안성기이사장님...",
    "date": "15.05.16",
    "rating": "10",
    "author": "stor****",
    "review_id": "9921866",
    "movie_id": "10764"
  },
  {
    "review": "50가까운 세월동안 다 셀 수 없이 많은 영화를 봐왔지만, 이 영화와 시네마천국같은 작품은 아직...",
    "date": "15.02.10",
    "rating": "10",
    "author": "yeel****",
    "review_id": "9685584",
    "movie_id": "10764"
  },
  {
    "review": "슬픔 보다는 담담하게 해비엔딩?  으로 마무리?",
    "date": "15.01.25",
    "rating": "7",
    "author": "kara****",
    "review_id": "9633047",
    "movie_id": "10764"
  },
  {
    "review": "배창호. 뉴웨이브의 시작",
    "date": "14.09.19",
    "rating": "7",
    "author": "rd72****",
    "review_id": "9227111",
    "movie_id": "10764"
  },
  {
    "review": "내 어릴적 80년대 후반 참으로 순수하고 그리워지는 그시절 그때의 건물. 사람. 거리의 풀까지도 다시 그리워지게하는 그순간. 잔잔하지만 한없이 애절하고 너무나 마음아프지만 담담해지는 슬픔 그래서 더욱 슬픈 마지막. 슬픈추억의 노스텔지어",
    "date": "14.06.21",
    "rating": "10",
    "author": "onem****",
    "review_id": "8844401",
    "movie_id": "10764"
  },
  {
    "review": "잔잔한 영화 당시에 보았더라면 더 좋았을 것을...",
    "date": "14.04.09",
    "rating": "8",
    "author": "nala****",
    "review_id": "8637444",
    "movie_id": "10764"
  },
  {
    "review": "이 영화를 처음 봤던 게 90년대 중반에 티비를 통해서였는데, 세월이 흐르고 2000년대 중후반에 극장에서 봤었지만 지금은 너무 슬픈 영화는 다시 보기싫다. 그래도 다시 볼 만한 영화 중 하나다. 영화를 보면 황신혜가 늘 우리 곁에 있는 이유를 안다.",
    "date": "14.04.05",
    "rating": "10",
    "author": "godo****",
    "review_id": "8630007",
    "movie_id": "10764"
  },
  {
    "review": "황신혜의 눈부신 외모.  80년대에 우리나라에 이런 세련된영화도 있었구나.",
    "date": "14.02.25",
    "rating": "8",
    "author": "ykdi****",
    "review_id": "8537414",
    "movie_id": "10764"
  },
  {
    "review": "당대 최고의 감성 로맨스 영화!!  흥행성, 잔잔한 감동, 시나리오, 연출.. 시대상황상 어쩔 수 없는 약간의 촌스러움만 빼면 정말 완벽하다. 배창호 감독님을 최고감독 반열로 올린 영화가 아닌가 싶다.",
    "date": "14.01.05",
    "rating": "10",
    "author": "brav****",
    "review_id": "8350815",
    "movie_id": "10764"
  },
  {
    "review": "영화에 대한 편식을 끊게한 영화",
    "date": "14.01.02",
    "rating": "9",
    "author": "dugn****",
    "review_id": "8339461",
    "movie_id": "10764"
  },
  {
    "review": "하하하 저 때는 참 순수 했는데....",
    "date": "13.08.18",
    "rating": "8",
    "author": "mirj****",
    "review_id": "7899144",
    "movie_id": "10764"
  },
  {
    "review": "최고의 로코? ^^",
    "date": "13.07.17",
    "rating": "9",
    "author": "zixi****",
    "review_id": "7749463",
    "movie_id": "10764"
  },
  {
    "review": "지금 봐도 재밌는 영화",
    "date": "13.04.26",
    "rating": "7",
    "author": "nine****",
    "review_id": "7484099",
    "movie_id": "10764"
  },
  {
    "review": "배창호의 감수성, 안성기의 섬세한 연기, 당대 최고의 미녀 황신혜가 만나니 최고의 시너지를 이루는구나",
    "date": "13.01.01",
    "rating": "9",
    "author": "lhj2****",
    "review_id": "7073528",
    "movie_id": "10764"
  },
  {
    "review": "80년대말 사회의 배경을 볼 수있어 좋다. 마지막 벤치씬에서의 꼬마가 내 또래일것 같은데..",
    "date": "12.12.31",
    "rating": "9",
    "author": "tegu****",
    "review_id": "7066069",
    "movie_id": "10764"
  },
  {
    "review": "비록 요즘 영화처럼 자극적인 과장은 없지만 황신혜를 향한 안성기의 진심어린 연기에 동정이 가는 배창호감독의 작품성이 엿보이는 영화",
    "date": "12.12.31",
    "rating": "9",
    "author": "qkrd****",
    "review_id": "7065879",
    "movie_id": "10764"
  },
  {
    "review": "예전 87년 한참 더울날씨에 명동근처 극장으로 보려고 갔던 기억이 나네요^^",
    "date": "12.07.14",
    "rating": "10",
    "author": "ming****",
    "review_id": "6477476",
    "movie_id": "10764"
  },
  {
    "review": "역시 지금 보기엔 무리다..",
    "date": "12.05.13",
    "rating": "7",
    "author": "tn99****",
    "review_id": "6297467",
    "movie_id": "10764"
  },
  {
    "review": "촬영이 마음에 들었던 영화 최불암의 쏴!",
    "date": "12.04.22",
    "rating": "10",
    "author": "stew****",
    "review_id": "6238841",
    "movie_id": "10764"
  },
  {
    "review": "아련한 향수를 느낄 수 있어서  좋았어요~",
    "date": "12.04.09",
    "rating": "10",
    "author": "thsd****",
    "review_id": "6204232",
    "movie_id": "10764"
  },
  {
    "review": "너무 밋밋한 느낌이였음",
    "date": "12.03.21",
    "rating": "5",
    "author": "meta****",
    "review_id": "6157749",
    "movie_id": "10764"
  },
  {
    "review": "내가 본 최고의 영화",
    "date": "12.02.28",
    "rating": "10",
    "author": "jyj4****",
    "review_id": "6109298",
    "movie_id": "10764"
  },
  {
    "review": "나쁘지 않고 답답하다.",
    "date": "12.01.30",
    "rating": "4",
    "author": "pria****",
    "review_id": "6036441",
    "movie_id": "10764"
  },
  {
    "review": "다시 봐도 좋은 영화..안성기 최고의 연기~처음 봤을땐 눈물이 났었는데.",
    "date": "12.01.20",
    "rating": "10",
    "author": "fall****",
    "review_id": "6003958",
    "movie_id": "10764"
  },
  {
    "review": "역시 황신혜는 젊었을때나 지금이나 미모의 여신이다.",
    "date": "11.11.22",
    "rating": "10",
    "author": "odjs****",
    "review_id": "5865024",
    "movie_id": "10764"
  },
  {
    "review": "그냥 그랬어유....",
    "date": "11.09.23",
    "rating": "2",
    "author": "sykm****",
    "review_id": "5747117",
    "movie_id": "10764"
  },
  {
    "review": "어벙한 주인공의 분위기를 상쇄할만한 요소가 없어 영화 전체 분위기 역시 어벙",
    "date": "11.09.20",
    "rating": "6",
    "author": "yoon****",
    "review_id": "5742513",
    "movie_id": "10764"
  },
  {
    "review": "몇 번을 보았는지 가슴이 따뜻하게 만드는 배창호식  로멘스 군더더기 없는 깔끔함",
    "date": "11.09.19",
    "rating": "10",
    "author": "tomb****",
    "review_id": "5741071",
    "movie_id": "10764"
  },
  {
    "review": "한국영화을 빛낸 최고의 걸작",
    "date": "11.09.19",
    "rating": "10",
    "author": "huny****",
    "review_id": "5740288",
    "movie_id": "10764"
  },
  {
    "review": "행복이란 과연 무엇인가? 잡힐듯 말듯 하는 인생의 안타까운 순간순간들. 美人薄命.",
    "date": "11.08.14",
    "rating": "8",
    "author": "deka****",
    "review_id": "5649317",
    "movie_id": "10764"
  },
  {
    "review": "영민과 혜린 결혼식장면에 배창호감독, 이명세 조감독이 까메오 출연했더라구요.^^",
    "date": "11.08.10",
    "rating": "8",
    "author": "baeg****",
    "review_id": "5629988",
    "movie_id": "10764"
  },
  {
    "review": "명작 입니다.가슴이 아린영화",
    "date": "11.08.08",
    "rating": "10",
    "author": "kkun****",
    "review_id": "5619072",
    "movie_id": "10764"
  },
  {
    "review": "황신혜가 이렇게 예뻤다니!! 왕조현한테 빠져있었던 날 용서해줘",
    "date": "11.08.07",
    "rating": "10",
    "author": "ukil****",
    "review_id": "5613919",
    "movie_id": "10764"
  },
  {
    "review": "슬프면서 슬프지 않은 잊을 수 없는 마지막 장면",
    "date": "11.08.06",
    "rating": "10",
    "author": "cruf****",
    "review_id": "5612695",
    "movie_id": "10764"
  },
  {
    "review": "겨울나그네와 더불어 80년대한국영화의 정점.내젊은날의 노스탤지어.그리고 마지막 씬",
    "date": "11.04.18",
    "rating": "10",
    "author": "2000****",
    "review_id": "5381075",
    "movie_id": "10764"
  },
  {
    "review": "그때가 생각난다...좋은 영화는 하나의 추억으로...",
    "date": "11.03.10",
    "rating": "10",
    "author": "dong****",
    "review_id": "5302917",
    "movie_id": "10764"
  },
  {
    "review": "마지막 장면이 정말 훈훈하다",
    "date": "11.01.12",
    "rating": "9",
    "author": "hing****",
    "review_id": "5151119",
    "movie_id": "10764"
  },
  {
    "review": "그때...배창호와 이명세는 천재였다.",
    "date": "10.12.16",
    "rating": "10",
    "author": "lees****",
    "review_id": "5057378",
    "movie_id": "10764"
  },
  {
    "review": "20여년전..마지막 장면의 먹먹함이 아직도 현재진행형인 수작...",
    "date": "10.10.29",
    "rating": "10",
    "author": "janu****",
    "review_id": "4926474",
    "movie_id": "10764"
  },
  {
    "review": "Good",
    "date": "10.06.04",
    "rating": "10",
    "author": "subw****",
    "review_id": "4545207",
    "movie_id": "10764"
  },
  {
    "review": "최고의 영화",
    "date": "10.01.10",
    "rating": "10",
    "author": "haha****",
    "review_id": "4154817",
    "movie_id": "10764"
  },
  {
    "review": "슬프면서 감동적이다 이시대의 아름다운 러브스토리..배우들의 연기력도 좋았다",
    "date": "09.11.20",
    "rating": "7",
    "author": "thra****",
    "review_id": "3977510",
    "movie_id": "10764"
  },
  {
    "review": "이시절의 힘뺀 안성기가 좋다",
    "date": "09.07.15",
    "rating": "7",
    "author": "tjsd****",
    "review_id": "3632611",
    "movie_id": "10764"
  },
  {
    "review": "신파가 다다를 수 없는 걸작의 경지. 불멸의 순애보 드라마.",
    "date": "09.05.04",
    "rating": "10",
    "author": "goin****",
    "review_id": "3465272",
    "movie_id": "10764"
  },
  {
    "review": "따뜻한 영상과 스토리. 그치만 여주인공을 그리는 시선은 마음에 들지 않는다.",
    "date": "09.05.02",
    "rating": "6",
    "author": "kkot****",
    "review_id": "3459810",
    "movie_id": "10764"
  },
  {
    "review": "이영화 고등학교때 보고서, 아직도 첫사랑을 잊지 못한다...또보고싶다...",
    "date": "08.11.12",
    "rating": "10",
    "author": "kyhc****",
    "review_id": "3046815",
    "movie_id": "10764"
  },
  {
    "review": "너무도 감동적으로 본 영화.정말 잊혀지지 안는 영화.무덤에까지 가지고 갈 정도로..",
    "date": "08.08.29",
    "rating": "10",
    "author": "umgg****",
    "review_id": "2909620",
    "movie_id": "10764"
  },
  {
    "review": "1984년생인 내가 지금 보아도 너무 좋다",
    "date": "08.08.09",
    "rating": "10",
    "author": "wook****",
    "review_id": "2853722",
    "movie_id": "10764"
  },
  {
    "review": "어리버리 소심남의 미인 쟁취기 해피 or 새드 엔딩?",
    "date": "08.06.03",
    "rating": "9",
    "author": "spil****",
    "review_id": "2678287",
    "movie_id": "10764"
  },
  {
    "review": "너무좋았다.",
    "date": "08.05.31",
    "rating": "10",
    "author": "ax85****",
    "review_id": "2673147",
    "movie_id": "10764"
  },
  {
    "review": "한국 멜로 영화의 보물 (영화 러브스토리 오마쥬)",
    "date": "08.02.15",
    "rating": "10",
    "author": "ockt****",
    "review_id": "2448900",
    "movie_id": "10764"
  },
  {
    "review": "개봉 당시 평점 8점, 지금 다시보니 5점. 내가 나이든 건가? 라비앙로제~",
    "date": "08.01.28",
    "rating": "8",
    "author": "acin****",
    "review_id": "2381900",
    "movie_id": "10764"
  },
  {
    "review": "한국영화계의 돌파구.. 이런 영화 보구 배우시길...",
    "date": "07.12.29",
    "rating": "10",
    "author": "sep1****",
    "review_id": "2276680",
    "movie_id": "10764"
  },
  {
    "review": "명보극장의 감동이 두배!",
    "date": "07.11.16",
    "rating": "10",
    "author": "haen****",
    "review_id": "2157015",
    "movie_id": "10764"
  },
  {
    "review": "정말 최고",
    "date": "07.11.08",
    "rating": "10",
    "author": "ydy6****",
    "review_id": "2139658",
    "movie_id": "10764"
  },
  {
    "review": "good",
    "date": "07.10.21",
    "rating": "2",
    "author": "cles****",
    "review_id": "2102374",
    "movie_id": "10764"
  },
  {
    "review": "지존..",
    "date": "07.09.01",
    "rating": "10",
    "author": "fld1****",
    "review_id": "1994088",
    "movie_id": "10764"
  },
  {
    "review": "볼만, 다만 의사가 죽는대도 애 놓다니...",
    "date": "07.07.13",
    "rating": "2",
    "author": "ysuh****",
    "review_id": "1772157",
    "movie_id": "10764"
  },
  {
    "review": "역시 마지막 덕수궁 벤치 장면은 보고 또 보아도....",
    "date": "07.06.29",
    "rating": "10",
    "author": "inse****",
    "review_id": "1730061",
    "movie_id": "10764"
  },
  {
    "review": "안성기아저씨의소심하고답답한연기지대루였다..담담하게풀어낸젊은날의이야기",
    "date": "07.06.16",
    "rating": "7",
    "author": "revo****",
    "review_id": "1703354",
    "movie_id": "10764"
  },
  {
    "review": "20년이 흐른 한국영화계... 반성하자.",
    "date": "07.05.28",
    "rating": "10",
    "author": "yags****",
    "review_id": "1669793",
    "movie_id": "10764"
  },
  {
    "review": "굿b",
    "date": "07.05.21",
    "rating": "10",
    "author": "prot****",
    "review_id": "1649959",
    "movie_id": "10764"
  },
  {
    "review": "마지막 공원에서의 잔잔한 여운이 20년이라는 시간을 무색케 한다",
    "date": "07.05.15",
    "rating": "10",
    "author": "upto****",
    "review_id": "1639748",
    "movie_id": "10764"
  },
  {
    "review": "가슴 아린 순애보...비디오를 찾으러 청계천을 OOO도 했었네.",
    "date": "06.09.26",
    "rating": "10",
    "author": "8day****",
    "review_id": "1143751",
    "movie_id": "10764"
  },
  {
    "review": "연인들에게 추천하는 영화",
    "date": "06.09.08",
    "rating": "10",
    "author": "zeed****",
    "review_id": "1111045",
    "movie_id": "10764"
  },
  {
    "review": "이것이 바로 우리나라 영화의 저력이다. 그런데 지금은?..",
    "date": "06.08.20",
    "rating": "10",
    "author": "minm****",
    "review_id": "1060138",
    "movie_id": "10764"
  },
  {
    "review": "다시 돌아올 수 없는 우리의 젊은 날이여, 그 추억이여",
    "date": "06.07.19",
    "rating": "9",
    "author": "k4he****",
    "review_id": "907322",
    "movie_id": "10764"
  },
  {
    "review": "내가 초등학교6학교때 상영한거네..대단한 영화당..",
    "date": "06.06.18",
    "rating": "8",
    "author": "tkae****",
    "review_id": "848831",
    "movie_id": "10764"
  },
  {
    "review": "어려서 나에게 마냥 여자에 대한 환타지만 만들어준 영화",
    "date": "06.03.30",
    "rating": "8",
    "author": "spad****",
    "review_id": "741542",
    "movie_id": "10764"
  },
  {
    "review": "80년대 영화가 이렇게 빼어나다니",
    "date": "06.03.04",
    "rating": "10",
    "author": "cinn****",
    "review_id": "703318",
    "movie_id": "10764"
  },
  {
    "review": "가끔씩 꺼내어보는 추억과같은 영화입니다.",
    "date": "06.02.18",
    "rating": "10",
    "author": "yeop****",
    "review_id": "678186",
    "movie_id": "10764"
  },
  {
    "review": "달려라 하니 풍의 분위기가 맘에 든다..",
    "date": "06.01.10",
    "rating": "10",
    "author": "scal****",
    "review_id": "576184",
    "movie_id": "10764"
  },
  {
    "review": "이런 걸작은 리메이크로 한번더 만들어달라.",
    "date": "05.12.24",
    "rating": "10",
    "author": "blue****",
    "review_id": "523878",
    "movie_id": "10764"
  },
  {
    "review": "내 젊은 날은 이만큼 기뻤을까?",
    "date": "05.12.14",
    "rating": "7",
    "author": "tara****",
    "review_id": "505018",
    "movie_id": "10764"
  },
  {
    "review": "어린나이에본영화지만 아직까지도 아름답게느껴지느영화",
    "date": "05.10.24",
    "rating": "10",
    "author": "pmd2****",
    "review_id": "453706",
    "movie_id": "10764"
  },
  {
    "review": "삶은계란과 사이다 그리고 안성기.역시 배창호감독은 로맨티스트",
    "date": "05.09.25",
    "rating": "10",
    "author": "icec****",
    "review_id": "420811",
    "movie_id": "10764"
  },
  {
    "review": "그 대의 그 감동 아직도 지워지지 않습니다",
    "date": "05.09.01",
    "rating": "10",
    "author": "milk****",
    "review_id": "390065",
    "movie_id": "10764"
  },
  {
    "review": "초등학교 2학년때 첨봤는데...지금봐도 정말 최고..^^",
    "date": "05.01.27",
    "rating": "10",
    "author": "oasi****",
    "review_id": "197315",
    "movie_id": "10764"
  },
  {
    "review": "저도 이 영화 추천 합니다",
    "date": "04.10.26",
    "rating": "10",
    "author": "damu****",
    "review_id": "133174",
    "movie_id": "10764"
  },
  {
    "review": "국화꽃 향기가 이거보고 시나리오 완전 복사를 했죠..아마",
    "date": "04.01.19",
    "rating": "10",
    "author": "dicd****",
    "review_id": "11516",
    "movie_id": "10764"
  },
  {
    "review": "한번쯤 경험하고 싶은 순수한 사랑이야기",
    "date": "04.01.05",
    "rating": "10",
    "author": "cine****",
    "review_id": "8463",
    "movie_id": "10764"
  },
  {
    "review": "아주 좋은 사랑 얘기를 그린 영화입니다. 연인이고픈 님들 왕 추천",
    "date": "03.12.16",
    "rating": "5",
    "author": "bugg****",
    "review_id": "3259",
    "movie_id": "10764"
  }
]