[
  {
    "review": "흥미진진한 내용의 필름느와르 수작.. 마릴린 먼로의 팜므파탈적인 모습이 영화를 압도한다. 다만, 흑백으로 촬영되었으면, 더 좋았을 듯 싶다.",
    "date": "15.06.17",
    "rating": "9",
    "author": "pola****",
    "review_id": "10006895",
    "movie_id": "10761"
  },
  {
    "review": "박진감 넘치는 막판 5분이 전부",
    "date": "15.06.01",
    "rating": "3",
    "author": "rd72****",
    "review_id": "9969273",
    "movie_id": "10761"
  }
]