[
  {
    "review": "인생 최고의 영화! 소중하게 제 하루하루를 살아가고 싶습니다.",
    "date": "15.08.15",
    "rating": "10",
    "author": "yese****",
    "review_id": "10236737",
    "movie_id": "10767"
  },
  {
    "review": "나에겐 , 보는 내내 울수 밖에 없었다.",
    "date": "15.05.27",
    "rating": "9",
    "author": "lee2****",
    "review_id": "9954417",
    "movie_id": "10767"
  },
  {
    "review": "이 영화가 실화라는 게 놀랍다.",
    "date": "15.04.08",
    "rating": "9",
    "author": "dle2****",
    "review_id": "9834179",
    "movie_id": "10767"
  },
  {
    "review": "로버트 드니로와 이제는 고인이된 로빈 윌리엄스의 연기를 볼수있었음에 감사를. 비록 안타까운 결말이었지만 오히려 평범한 현실에 감사해야함을 자각시켜준것 같아 고맙기도하다",
    "date": "15.03.14",
    "rating": "9",
    "author": "shki****",
    "review_id": "9782144",
    "movie_id": "10767"
  },
  {
    "review": "마지막에 가슴이 먹먹해졌다. 결국 울고 말았다.",
    "date": "15.02.03",
    "rating": "10",
    "author": "hayl****",
    "review_id": "9664272",
    "movie_id": "10767"
  },
  {
    "review": "초반 30분까지는 지루하지만  그후부터는 잔잔한 일상의 감동",
    "date": "15.01.15",
    "rating": "8",
    "author": "love****",
    "review_id": "9596460",
    "movie_id": "10767"
  },
  {
    "review": "슬프고도 잔인한 아름다운 인생을 말해주네요ㅜㅜ",
    "date": "15.01.10",
    "rating": "10",
    "author": "kimd****",
    "review_id": "9580331",
    "movie_id": "10767"
  },
  {
    "review": "살아있음에 감사합니다",
    "date": "14.12.17",
    "rating": "10",
    "author": "mere****",
    "review_id": "9482148",
    "movie_id": "10767"
  },
  {
    "review": "로보트 드니로!! 이 영화로 주연상 받을만 한 작품!감동적인 작품!!",
    "date": "14.12.14",
    "rating": "9",
    "author": "kate****",
    "review_id": "9473751",
    "movie_id": "10767"
  },
  {
    "review": "영화를 통해 기적을 보았다",
    "date": "14.12.10",
    "rating": "9",
    "author": "phea****",
    "review_id": "9464072",
    "movie_id": "10767"
  },
  {
    "review": "감동이라는 말로는 부족하다",
    "date": "14.12.10",
    "rating": "10",
    "author": "woor****",
    "review_id": "9461989",
    "movie_id": "10767"
  },
  {
    "review": "레너드가 도와달라고했을때...너무 마음 아팠어요 영화내내 울면서 봤네요 따듯하지만 마음아픈영화..",
    "date": "14.12.04",
    "rating": "10",
    "author": "shwj****",
    "review_id": "9445221",
    "movie_id": "10767"
  },
  {
    "review": "굉장히 좋은 영화라고 생각한다. 아무 생각 없이 봤다가 울게 된 영화.",
    "date": "14.11.20",
    "rating": "10",
    "author": "ruic****",
    "review_id": "9404121",
    "movie_id": "10767"
  },
  {
    "review": "로버트 드니로의 연기.. 빼앗기 위해 생명을 준 사람을 자상한 사람이라고 할 수 있습니까?..세이어 당신은 레너드의 친구였어요. 영화 정말 최고라고 할 수 밖에 없다. 우리보고 반성하라는 듯이 메시지를 전달한다.",
    "date": "14.11.11",
    "rating": "10",
    "author": "akse****",
    "review_id": "9372543",
    "movie_id": "10767"
  },
  {
    "review": "그냥최고꼭 보시길..",
    "date": "14.08.25",
    "rating": "10",
    "author": "oran****",
    "review_id": "9131788",
    "movie_id": "10767"
  },
  {
    "review": "최고의 영화. 사랑의 기적을 믿고싶다. 춤추는 장면이후 눈물 펑펑 쏟아짐.",
    "date": "14.08.24",
    "rating": "10",
    "author": "inte****",
    "review_id": "9130185",
    "movie_id": "10767"
  },
  {
    "review": "로빈 윌리엄스 사망 추모와 관련없이 이 영화는 진짜 명작임 지금 봐도 개명작. 로버트 드니로가 식당에서 춤추는씬 단 한장면만으로도 나는 10점준다",
    "date": "14.08.22",
    "rating": "10",
    "author": "ddab****",
    "review_id": "9120293",
    "movie_id": "10767"
  },
  {
    "review": "익숙함을 찾고 싶었던 사람들.. 마치 세상에 처음 발을 밟은것같은 사람들에게 일상생활의 아름다움을 찾을수 있었다. 로버트 드 니로의 연기가 정말 최고였다.",
    "date": "14.08.16",
    "rating": "10",
    "author": "zba8****",
    "review_id": "9093201",
    "movie_id": "10767"
  },
  {
    "review": "아무리 감동적인 영화라도 나이많은 환자들만 나오는 영화를 보는 건 좀 힘들다!",
    "date": "14.08.06",
    "rating": "6",
    "author": "katy****",
    "review_id": "9035268",
    "movie_id": "10767"
  },
  {
    "review": "우리에게 익숙한 것을 새롭게 일깨워준 영화        마치 죽은 사람이 생명을 얻고 돌아와 일깨워 준듯하다.. 눈물까지 흘리고 어휴..",
    "date": "14.06.08",
    "rating": "10",
    "author": "gtu1****",
    "review_id": "8812353",
    "movie_id": "10767"
  },
  {
    "review": "아 진짜 남자 나이 서른 다섯에 영화 보면서 울기가 참 쉽지 않은데... 펑펑 울었다 간만에. 로버트 드니로 연기가 사람을 미치게 한다.",
    "date": "14.06.07",
    "rating": "10",
    "author": "crom****",
    "review_id": "8806266",
    "movie_id": "10767"
  },
  {
    "review": "로버트드니로는 어떤 장애인 연기 보다 제일 잘함. 그리고 이 영화 속에 메세지가 꽤 인상깊다.",
    "date": "14.05.21",
    "rating": "10",
    "author": "igel****",
    "review_id": "8752061",
    "movie_id": "10767"
  },
  {
    "review": "리버피닉스가 이영화 보고 흐느꼈다고 한다",
    "date": "14.05.12",
    "rating": "10",
    "author": "rnfh****",
    "review_id": "8727055",
    "movie_id": "10767"
  },
  {
    "review": "익숙함에 모든걸 잊고사는 사람들에게 보여줘야할영화다..",
    "date": "14.03.31",
    "rating": "10",
    "author": "kjsj****",
    "review_id": "8620915",
    "movie_id": "10767"
  },
  {
    "review": "배우들의 연기력 작품성 감동 재미지다",
    "date": "14.02.13",
    "rating": "10",
    "author": "qodu****",
    "review_id": "8503643",
    "movie_id": "10767"
  },
  {
    "review": "실화를 배경으로 했다는 점은 놀랍지만 큰 감동을 주지는 못했다",
    "date": "14.02.11",
    "rating": "5",
    "author": "nala****",
    "review_id": "8499432",
    "movie_id": "10767"
  },
  {
    "review": "감동과 슬픔이 교차하는 멋진 영화.",
    "date": "14.01.27",
    "rating": "10",
    "author": "happ****",
    "review_id": "8436322",
    "movie_id": "10767"
  },
  {
    "review": "불안과 불확실 속에서 허우적대던 내게 소명과 삶의 선물, 정신의 위대함을 일깨워준 영화. 역대최고의 작품이다..!",
    "date": "13.12.04",
    "rating": "10",
    "author": "snlo****",
    "review_id": "8189357",
    "movie_id": "10767"
  },
  {
    "review": "이건 미친 영화다. 두 배우의 연기력 미쳤다. 보는 내내 울었다. 별 1억개도 모자란다. 내 생에 최고의 영화다. ㅠㅠㅠㅠㅠㅠㅠㅠㅠㅠ",
    "date": "13.09.21",
    "rating": "10",
    "author": "ljho****",
    "review_id": "8002809",
    "movie_id": "10767"
  },
  {
    "review": "아름다운 감동. 실화에 기초했다니 놀라움",
    "date": "13.09.03",
    "rating": "10",
    "author": "cles****",
    "review_id": "7944896",
    "movie_id": "10767"
  },
  {
    "review": "'당신들은 물건을 깨운것이 아니라 사람을 깨운것입니다. 저는 사람입니다.'",
    "date": "13.08.31",
    "rating": "10",
    "author": "ttyu****",
    "review_id": "7937204",
    "movie_id": "10767"
  },
  {
    "review": "로버트드니로의 명품연기..이게 실화라니..참...ㅠㅠ 잠깐동안의 일어난건 정말 기적이였을까요..??ㅠㅠ",
    "date": "13.07.12",
    "rating": "8",
    "author": "do11****",
    "review_id": "7730002",
    "movie_id": "10767"
  },
  {
    "review": "우연히 생각없이 보다가 빵하고 감정이 터져버린 영화.뛰쳐가려는 그를 잡는 그...",
    "date": "12.12.23",
    "rating": "10",
    "author": "taeh****",
    "review_id": "7035386",
    "movie_id": "10767"
  },
  {
    "review": "자연스럼게 지나가는 소중한 것들을 다시 한번 생각하게 해주는 영화",
    "date": "12.12.14",
    "rating": "10",
    "author": "savi****",
    "review_id": "7001878",
    "movie_id": "10767"
  },
  {
    "review": "불치병 환자를 다루는 휴머니즘이야 헐리우드가 자부하지",
    "date": "12.09.06",
    "rating": "6",
    "author": "rd72****",
    "review_id": "6674746",
    "movie_id": "10767"
  },
  {
    "review": "밖으로 나가려는 레너드의 돌발행동에서 울컥했어요ㅠㅠ",
    "date": "12.07.07",
    "rating": "10",
    "author": "last****",
    "review_id": "6454255",
    "movie_id": "10767"
  },
  {
    "review": "번역된 제목이 참 '아쉽다' 이 영화는 사랑보다는 '우정'과 인류애를 다뤘다.",
    "date": "12.06.15",
    "rating": "8",
    "author": "daha****",
    "review_id": "6393084",
    "movie_id": "10767"
  },
  {
    "review": "최고로치는 영화 중 한편...같이본여자가재미없다해서그여자를접었다",
    "date": "12.06.12",
    "rating": "10",
    "author": "lees****",
    "review_id": "6386113",
    "movie_id": "10767"
  },
  {
    "review": "가슴먹먹함이 오래 가네요",
    "date": "12.06.11",
    "rating": "10",
    "author": "cast****",
    "review_id": "6385542",
    "movie_id": "10767"
  },
  {
    "review": "저도 오늘 밥먹다 우연히 ebs에서 봤는데 울었습니다... 참고로 29세 남자임...",
    "date": "12.06.10",
    "rating": "10",
    "author": "48us****",
    "review_id": "6383296",
    "movie_id": "10767"
  },
  {
    "review": "일요일 오후, EBS에서 좋은 영화 한편봤네요. 계속 울면서 봤어요ㅠㅠ",
    "date": "12.06.10",
    "rating": "10",
    "author": "minu****",
    "review_id": "6383033",
    "movie_id": "10767"
  },
  {
    "review": "제목이아쉽다 사랑의기적..배우들의명연기가멋지고 일상이얼마나소중한건지새삼깨닫는다",
    "date": "12.06.10",
    "rating": "10",
    "author": "bett****",
    "review_id": "6382907",
    "movie_id": "10767"
  },
  {
    "review": "마음으로 연기하는 로빈 윌리엄스 . 감동은 여운을 남기고",
    "date": "12.06.10",
    "rating": "10",
    "author": "xpne****",
    "review_id": "6382894",
    "movie_id": "10767"
  },
  {
    "review": "점심먹고있는데 EBS에서 좋은영화를 하더군요.. 밥먹다 울었어요ㅠㅠ",
    "date": "12.06.10",
    "rating": "10",
    "author": "tkzz****",
    "review_id": "6382871",
    "movie_id": "10767"
  },
  {
    "review": "정말감명이네요",
    "date": "12.06.10",
    "rating": "10",
    "author": "ills****",
    "review_id": "6382814",
    "movie_id": "10767"
  },
  {
    "review": "좋은영화..로버트 드니로. 로빈 윌리암스 모두 젊으시네요..^^",
    "date": "12.06.10",
    "rating": "10",
    "author": "luri****",
    "review_id": "6382713",
    "movie_id": "10767"
  },
  {
    "review": "로버트 드니로를 더욱 더 좋아하게 된 영화...",
    "date": "12.03.22",
    "rating": "10",
    "author": "sche****",
    "review_id": "6160701",
    "movie_id": "10767"
  },
  {
    "review": "굿윌헌팅, 패치아담스보다 더 흥미롭게 봤다.",
    "date": "12.02.18",
    "rating": "10",
    "author": "seyu****",
    "review_id": "6083900",
    "movie_id": "10767"
  },
  {
    "review": "그들에게 그해 여름은 어떻게 기억될까..",
    "date": "12.02.17",
    "rating": "7",
    "author": "ratm****",
    "review_id": "6083274",
    "movie_id": "10767"
  },
  {
    "review": "정말 로빈윌리엄스의 자상한 연기력.. 로버트 드니로 역시 연기잘한다",
    "date": "12.01.05",
    "rating": "9",
    "author": "holl****",
    "review_id": "5960617",
    "movie_id": "10767"
  },
  {
    "review": "니로의 연기력만으로 별점을 채우다. 무의미하다는...",
    "date": "11.12.16",
    "rating": "6",
    "author": "pria****",
    "review_id": "5909484",
    "movie_id": "10767"
  },
  {
    "review": "↓ 호접몽이 뭔줄 아는가? 꿈과 현실의 경계는 없다.. 오히려 꿈이 진실에 가깝지..",
    "date": "11.11.20",
    "rating": "10",
    "author": "wind****",
    "review_id": "5861134",
    "movie_id": "10767"
  },
  {
    "review": "그들에겐 그날이 호접몽 아니었을까?",
    "date": "11.09.27",
    "rating": "7",
    "author": "kusa****",
    "review_id": "5756821",
    "movie_id": "10767"
  },
  {
    "review": "페니마샬. 그녀의 영화에는 한방이 있다",
    "date": "11.09.20",
    "rating": "9",
    "author": "sksd****",
    "review_id": "5742866",
    "movie_id": "10767"
  },
  {
    "review": "매 순간 맞이하는 소소한 일상의 소중함을 다시 한 번 되새길 수 있었다.",
    "date": "11.09.16",
    "rating": "10",
    "author": "jude****",
    "review_id": "5734696",
    "movie_id": "10767"
  },
  {
    "review": "전율과 감동이 가득한 정말 좋은 영화",
    "date": "11.08.10",
    "rating": "10",
    "author": "cysi****",
    "review_id": "5630260",
    "movie_id": "10767"
  },
  {
    "review": "인생 최고의 작품",
    "date": "11.08.09",
    "rating": "10",
    "author": "jack****",
    "review_id": "5626963",
    "movie_id": "10767"
  },
  {
    "review": "눈물만 나오는 영화... 감동적입니다 로버트 드 니로 연기 좋았죠....",
    "date": "11.06.01",
    "rating": "10",
    "author": "wis7****",
    "review_id": "5459858",
    "movie_id": "10767"
  },
  {
    "review": "짧은순간에 모든것을 가르쳐준 드니로",
    "date": "11.05.22",
    "rating": "7",
    "author": "idko****",
    "review_id": "5444194",
    "movie_id": "10767"
  },
  {
    "review": "자신과 사회에 얽매인 고리를 사랑으로 파기하다.",
    "date": "11.05.08",
    "rating": "8",
    "author": "dlgk****",
    "review_id": "5414434",
    "movie_id": "10767"
  },
  {
    "review": "티비로 본 영화 중 최고 정말 감동깊었어요",
    "date": "11.04.13",
    "rating": "10",
    "author": "ducc****",
    "review_id": "5371182",
    "movie_id": "10767"
  },
  {
    "review": "정말 훌륭한 영화입니다....실화이기에 더욱 가슴찡하고요.",
    "date": "11.04.10",
    "rating": "8",
    "author": "bhho****",
    "review_id": "5366307",
    "movie_id": "10767"
  },
  {
    "review": "이것은 기적이 아니라, 세이어 박사의 환자들을 향한 사랑의 결실이었습니다.",
    "date": "11.04.10",
    "rating": "8",
    "author": "psy9****",
    "review_id": "5365954",
    "movie_id": "10767"
  },
  {
    "review": "두 거장이 보여주는 잔잔한 명화... 드니로 형님 춤출 때 눈물이 아흑.....",
    "date": "11.04.10",
    "rating": "10",
    "author": "kimg****",
    "review_id": "5365746",
    "movie_id": "10767"
  },
  {
    "review": "잼있어요...",
    "date": "11.04.10",
    "rating": "10",
    "author": "qhde****",
    "review_id": "5365740",
    "movie_id": "10767"
  },
  {
    "review": "최곱니다..머라고 더 할말이 없을정도로...",
    "date": "11.04.10",
    "rating": "10",
    "author": "ufoo****",
    "review_id": "5365727",
    "movie_id": "10767"
  },
  {
    "review": "관객에게 기적과 사랑을 일깨워주는 영화",
    "date": "11.04.02",
    "rating": "6",
    "author": "hjj5****",
    "review_id": "5348655",
    "movie_id": "10767"
  },
  {
    "review": "1",
    "date": "11.03.13",
    "rating": "10",
    "author": "drd1****",
    "review_id": "5310227",
    "movie_id": "10767"
  },
  {
    "review": "삶이라는 기적",
    "date": "11.02.05",
    "rating": "10",
    "author": "chk6****",
    "review_id": "5219716",
    "movie_id": "10767"
  },
  {
    "review": "이런 캐릭터도 완전히 소화하는 로버트 드니로이기에 관객들이 그를 좋아하나보다!",
    "date": "11.02.01",
    "rating": "7",
    "author": "maiu****",
    "review_id": "5202586",
    "movie_id": "10767"
  },
  {
    "review": "일상적인 행복을 소중하게 여길 수 밖에 없는 영화.",
    "date": "10.11.12",
    "rating": "10",
    "author": "deep****",
    "review_id": "4955275",
    "movie_id": "10767"
  },
  {
    "review": "실화라서 아쉬운 결말이랄까... 하지만 최고",
    "date": "10.11.07",
    "rating": "10",
    "author": "wing****",
    "review_id": "4944519",
    "movie_id": "10767"
  },
  {
    "review": "아~~로버트 드니로",
    "date": "10.10.17",
    "rating": "9",
    "author": "mais****",
    "review_id": "4907026",
    "movie_id": "10767"
  },
  {
    "review": "사랑의 기적으로 환자가 건강을 되찾지만 다시 되돌아가는 해피 엔딩이 아닌 영화..",
    "date": "10.10.06",
    "rating": "7",
    "author": "kjw9****",
    "review_id": "4887832",
    "movie_id": "10767"
  },
  {
    "review": "살아진다는 것은 사라진다는 것. 그리하여 우리는 살아가야 하는...",
    "date": "10.07.24",
    "rating": "10",
    "author": "wkdj****",
    "review_id": "4666845",
    "movie_id": "10767"
  },
  {
    "review": "두 배우의 명연기와 감동적인 실화~",
    "date": "10.07.09",
    "rating": "9",
    "author": "kkk2****",
    "review_id": "4624608",
    "movie_id": "10767"
  },
  {
    "review": "'우리를 일깨우는 건 무엇인가'를 생각케 하는.",
    "date": "10.07.07",
    "rating": "7",
    "author": "cube****",
    "review_id": "4618140",
    "movie_id": "10767"
  },
  {
    "review": "너무도 악랄한 희망 차라리 못 일어 났다면 아무것도 못느꼈을것을 절망만 느끼며...",
    "date": "10.05.10",
    "rating": "10",
    "author": "khan****",
    "review_id": "4491132",
    "movie_id": "10767"
  },
  {
    "review": "건강하면 왜냐고 묻지 않지만 병에 걸리고선 왜냐고 묻는다..",
    "date": "10.05.10",
    "rating": "9",
    "author": "ykm3****",
    "review_id": "4490818",
    "movie_id": "10767"
  },
  {
    "review": "소설영화",
    "date": "10.05.08",
    "rating": "7",
    "author": "bkm1****",
    "review_id": "4486405",
    "movie_id": "10767"
  },
  {
    "review": "그냥 감동적인 영화라고 하기엔 너무 안타깝다.. 평범한것조차도 허용되지 않는이들..",
    "date": "10.05.07",
    "rating": "10",
    "author": "sanj****",
    "review_id": "4484473",
    "movie_id": "10767"
  },
  {
    "review": "로버트드니로 소름돋는 연기를 보여준다.드니로가 엄마에게 달려가는 장면..",
    "date": "10.03.24",
    "rating": "10",
    "author": "airs****",
    "review_id": "4382343",
    "movie_id": "10767"
  },
  {
    "review": "인간이라면 꼭 봐야할 영화!!!",
    "date": "10.03.13",
    "rating": "10",
    "author": "dung****",
    "review_id": "4353215",
    "movie_id": "10767"
  },
  {
    "review": "진짜최고의배우 2명의연기..한시도눈을땔수없다",
    "date": "10.02.23",
    "rating": "10",
    "author": "kfc2****",
    "review_id": "4313529",
    "movie_id": "10767"
  },
  {
    "review": "상당히 지루합니다. 하지만 드니로의 열연을 보고싶다면 추천하고싶은영화",
    "date": "10.01.22",
    "rating": "8",
    "author": "kimh****",
    "review_id": "4197100",
    "movie_id": "10767"
  },
  {
    "review": "배우들의 연기가 빛이 나내요., 아름다운 영화예요",
    "date": "10.01.06",
    "rating": "10",
    "author": "o0wl****",
    "review_id": "4142749",
    "movie_id": "10767"
  },
  {
    "review": "입을 다물수가 없는 로버트 드니로의 영화",
    "date": "10.01.06",
    "rating": "10",
    "author": "dnst****",
    "review_id": "4140875",
    "movie_id": "10767"
  },
  {
    "review": "제목도 모르고 로빈윌리엄스가 나올길래 뭔가 싶어 보다 계속봤다.. 멋찐영화!!",
    "date": "09.11.17",
    "rating": "10",
    "author": "cajw****",
    "review_id": "3971134",
    "movie_id": "10767"
  },
  {
    "review": "사람에 대한 기본적인 예의를 가르쳐준 영화",
    "date": "09.10.22",
    "rating": "10",
    "author": "wai0****",
    "review_id": "3909174",
    "movie_id": "10767"
  },
  {
    "review": "삶의 소중함을 일깨워준 영화. 레너드의 어머니를 보며 눈물이 남.",
    "date": "09.09.23",
    "rating": "10",
    "author": "skss****",
    "review_id": "3845397",
    "movie_id": "10767"
  },
  {
    "review": "제목만 잘 지었으면 '사랑과 영혼'만큼이나 떴을 영화",
    "date": "09.09.19",
    "rating": "10",
    "author": "mdde****",
    "review_id": "3839292",
    "movie_id": "10767"
  },
  {
    "review": "식당에서 춤추는 장면에서 울컥",
    "date": "09.08.10",
    "rating": "8",
    "author": "movi****",
    "review_id": "3730101",
    "movie_id": "10767"
  },
  {
    "review": "살아있다는것과 살아간다는것.",
    "date": "09.07.26",
    "rating": "10",
    "author": "lukn****",
    "review_id": "3667627",
    "movie_id": "10767"
  },
  {
    "review": "아주 오래전에 봤지만... 계속 기억나는 영화",
    "date": "09.05.25",
    "rating": "10",
    "author": "with****",
    "review_id": "3521929",
    "movie_id": "10767"
  },
  {
    "review": "감동적 실화",
    "date": "09.04.18",
    "rating": "10",
    "author": "ysuh****",
    "review_id": "3428172",
    "movie_id": "10767"
  },
  {
    "review": "보면서 3번 울엇어요 식당에서의 춤장면은 잊혀지지않네요",
    "date": "09.04.18",
    "rating": "10",
    "author": "dw40****",
    "review_id": "3426535",
    "movie_id": "10767"
  },
  {
    "review": "실화가 주는 약간의 지루함과 큰 감동, 그리고 드니로의 명연기",
    "date": "09.03.01",
    "rating": "10",
    "author": "jmp0****",
    "review_id": "3342530",
    "movie_id": "10767"
  },
  {
    "review": "세상은 넓고 봐야할 영화는 많다.",
    "date": "09.01.12",
    "rating": "8",
    "author": "sinb****",
    "review_id": "3214151",
    "movie_id": "10767"
  },
  {
    "review": "보자마자 대작의 기운이 풍기더만",
    "date": "08.12.22",
    "rating": "9",
    "author": "bbq2****",
    "review_id": "3139284",
    "movie_id": "10767"
  },
  {
    "review": "훌륭한 영화다. 2번 보니 눈물이 났다 ^^",
    "date": "08.11.10",
    "rating": "9",
    "author": "lees****",
    "review_id": "3043954",
    "movie_id": "10767"
  }
]