[
  {
    "review": "뉴욕이 뭐길래. 홍콩에서 해도 될 이야기",
    "date": "15.07.13",
    "rating": "4",
    "author": "rd72****",
    "review_id": "10102301",
    "movie_id": "10771"
  },
  {
    "review": "보는내내 지루하지않고 재밌게 잘봄",
    "date": "15.02.10",
    "rating": "10",
    "author": "mcsj****",
    "review_id": "9684706",
    "movie_id": "10771"
  },
  {
    "review": "흔한 영화가 아니라.. 이 영화로부터 영향 받은 영화들이 흔해졌지. 개인적으로는 8월의 크리스마스, 첨밀밀, 러브레터와 더불어 동양 멜로의 마스터피스, 전설이라고 할 수 있지.",
    "date": "15.01.29",
    "rating": "10",
    "author": "jilt****",
    "review_id": "9647559",
    "movie_id": "10771"
  },
  {
    "review": "그좋았던 뉴욕의 80년대 후반...모든게 풍요롭고 흥청되었든...그시절..그리고 로맨스",
    "date": "15.01.05",
    "rating": "10",
    "author": "anze****",
    "review_id": "9564916",
    "movie_id": "10771"
  },
  {
    "review": "너무 오래된영화라, 유치하고, 불필요한 내용이 많다.",
    "date": "14.12.04",
    "rating": "1",
    "author": "heli****",
    "review_id": "9446052",
    "movie_id": "10771"
  },
  {
    "review": ".주말의 명화로  봤던  때의  감성이 되살아나다..",
    "date": "14.11.25",
    "rating": "9",
    "author": "send****",
    "review_id": "9421368",
    "movie_id": "10771"
  },
  {
    "review": "아~~ 이맘때즘이면 항상 생각나네요",
    "date": "14.10.19",
    "rating": "10",
    "author": "ejuh****",
    "review_id": "9303408",
    "movie_id": "10771"
  },
  {
    "review": "종초홍이 너무나도 아름다웠던 영화",
    "date": "14.10.17",
    "rating": "8",
    "author": "lees****",
    "review_id": "9297746",
    "movie_id": "10771"
  },
  {
    "review": "쓸쓸한 가을이 되면 더욱 그리운 영화",
    "date": "14.10.01",
    "rating": "10",
    "author": "jamt****",
    "review_id": "9252564",
    "movie_id": "10771"
  },
  {
    "review": "다시보고싶다....",
    "date": "14.07.03",
    "rating": "10",
    "author": "wkrr****",
    "review_id": "8878863",
    "movie_id": "10771"
  },
  {
    "review": "잔잔하고 여운 있던 영화. 내용도 연기도 굿굿",
    "date": "14.06.28",
    "rating": "10",
    "author": "ddeg****",
    "review_id": "8864775",
    "movie_id": "10771"
  },
  {
    "review": "여운이 남는영화....",
    "date": "14.04.20",
    "rating": "10",
    "author": "baej****",
    "review_id": "8660485",
    "movie_id": "10771"
  },
  {
    "review": "시끌서끌한 가운데 잔잔하게 흐르는 애틋한 감정, 그래 영화제목같이 동화다. 좋았었다. 오랫만에 본 시간이 아까웠다는 생각이 안든 영화.",
    "date": "13.12.12",
    "rating": "8",
    "author": "yoon****",
    "review_id": "8209097",
    "movie_id": "10771"
  },
  {
    "review": "주윤발의 리얼한 허당연기만큼이나 영화도 허당스러움. 역시 돈이 있어야 여자도 온다는 교훈외엔 남는게 없슴.",
    "date": "13.12.03",
    "rating": "5",
    "author": "cjw2****",
    "review_id": "8188461",
    "movie_id": "10771"
  },
  {
    "review": "신사동 영동극장.. 아 그립다. 지금도 마지막 삼판이 제니를 따라가던 그 길에 흐르던 음악을  가끔 읊조리는데...",
    "date": "13.03.24",
    "rating": "10",
    "author": "ukic****",
    "review_id": "7407988",
    "movie_id": "10771"
  },
  {
    "review": "홍콩영화의 백미",
    "date": "13.02.07",
    "rating": "9",
    "author": "rnfh****",
    "review_id": "7233364",
    "movie_id": "10771"
  },
  {
    "review": "사랑은 이런 것이라는 걸 느끼게 해 준 깔끔한 영화",
    "date": "13.02.03",
    "rating": "7",
    "author": "seri****",
    "review_id": "7220931",
    "movie_id": "10771"
  },
  {
    "review": "세월이 흐른 늦은밤 우연히 다시보게되니.. 정말 그리운 향기가 그득합니다..남자지만 울어버렸네요ㅎ^^;",
    "date": "13.01.09",
    "rating": "10",
    "author": "tow8****",
    "review_id": "7094104",
    "movie_id": "10771"
  },
  {
    "review": "남영동 남영극장에서 봤던 기억이 나는군요. 주윤발의 멜로연기가 일품이며, 그의 후반부 절정을 이루는 부분의 표정연기가 기억에 선합니다. 당시 숙대누나들이 많이 울었다는..",
    "date": "12.12.24",
    "rating": "10",
    "author": "kbut****",
    "review_id": "7038715",
    "movie_id": "10771"
  },
  {
    "review": "이런 영화가 왜 요즘엔 안 나올까...",
    "date": "12.12.19",
    "rating": "10",
    "author": "denm****",
    "review_id": "7018576",
    "movie_id": "10771"
  },
  {
    "review": "스토리 전개가 좋음",
    "date": "12.12.17",
    "rating": "7",
    "author": "cles****",
    "review_id": "7012393",
    "movie_id": "10771"
  },
  {
    "review": "80년대, 사람 냄새가 물씬 풍기는 잔잔한 그림같은.. 그들은 키스는 커녕 손도 제대로 잡아본 적 없는대 전혀 밋밋하지 않다표현하지 못한 진심을 알기에",
    "date": "12.12.09",
    "rating": "8",
    "author": "dlgo****",
    "review_id": "6986284",
    "movie_id": "10771"
  },
  {
    "review": "People for two?",
    "date": "12.11.14",
    "rating": "10",
    "author": "sulp****",
    "review_id": "6888739",
    "movie_id": "10771"
  },
  {
    "review": "현실적인 로맨스 영화의  수작...요즘 겉만 화려한 영화들과 비교가 안될만큼 웰메이드 영화...순수함이 묻어있다..그녀를 사랑했지만 그녀에게 진정 사랑을 고백하지 못한 주윤발..이게 진정 모든 남자들의 사랑이 아닐련지...",
    "date": "12.10.15",
    "rating": "7",
    "author": "thra****",
    "review_id": "6803208",
    "movie_id": "10771"
  },
  {
    "review": "사람냄새나는 영화.. 연기도, 배우도 너무 좋았어요~",
    "date": "12.10.02",
    "rating": "9",
    "author": "jyki****",
    "review_id": "6755482",
    "movie_id": "10771"
  },
  {
    "review": "오랜만에 다시봤다...여전히 좋구나 ...",
    "date": "12.07.25",
    "rating": "8",
    "author": "ppop****",
    "review_id": "6526552",
    "movie_id": "10771"
  },
  {
    "review": "아~ 너무 낭만적인 앤딩~~~~~",
    "date": "12.06.08",
    "rating": "10",
    "author": "thsd****",
    "review_id": "6375330",
    "movie_id": "10771"
  },
  {
    "review": "주윤발 맬로작품 중에서 가장 아름다운작품...몇번을봐도 질리지않고 여운이남는좋은영화",
    "date": "12.05.17",
    "rating": "10",
    "author": "ruka****",
    "review_id": "6304133",
    "movie_id": "10771"
  },
  {
    "review": "추억이 더해져서 더 좋다",
    "date": "12.04.23",
    "rating": "10",
    "author": "btno****",
    "review_id": "6241362",
    "movie_id": "10771"
  },
  {
    "review": "딱 홍콩영화 같다 좋은영화임!",
    "date": "12.04.23",
    "rating": "9",
    "author": "tjsa****",
    "review_id": "6240593",
    "movie_id": "10771"
  },
  {
    "review": "갓 자란 애새기들이 뭘 안다고 평가하며 별점을 흐리누노?",
    "date": "12.03.04",
    "rating": "10",
    "author": "njha****",
    "review_id": "6122975",
    "movie_id": "10771"
  },
  {
    "review": "셩격좋은데 능력없는남자...여자가 떠나는구나~",
    "date": "11.09.19",
    "rating": "5",
    "author": "dbzh****",
    "review_id": "5740320",
    "movie_id": "10771"
  },
  {
    "review": "바닷가에서의 마지막 장면이 큰 여운을 남긴다. 홍콩 로맨스 영화 중 최고",
    "date": "11.08.23",
    "rating": "8",
    "author": "ango****",
    "review_id": "5681107",
    "movie_id": "10771"
  },
  {
    "review": "주연 2인이 몰입을 방해하다.",
    "date": "11.06.27",
    "rating": "3",
    "author": "pria****",
    "review_id": "5502205",
    "movie_id": "10771"
  },
  {
    "review": "Good",
    "date": "11.04.12",
    "rating": "10",
    "author": "subw****",
    "review_id": "5369419",
    "movie_id": "10771"
  },
  {
    "review": "느끼하지 않고 깔끔한 러브스토리 최고~!!",
    "date": "11.02.27",
    "rating": "10",
    "author": "did4****",
    "review_id": "5280072",
    "movie_id": "10771"
  },
  {
    "review": "홍콩영화의 전성기를 살짝 엿볼수있는 영화.그들의 만만치않은 내공을 느낄수있다.",
    "date": "11.02.04",
    "rating": "8",
    "author": "baks****",
    "review_id": "5211964",
    "movie_id": "10771"
  },
  {
    "review": "내 생에 최고의 사랑 영화. 이 영화는 제목 그대로 가을날의 동화다.",
    "date": "11.01.21",
    "rating": "10",
    "author": "dung****",
    "review_id": "5172821",
    "movie_id": "10771"
  },
  {
    "review": "사랑을 아는 사람이라면 가슴에 남을 영화..",
    "date": "11.01.07",
    "rating": "10",
    "author": "step****",
    "review_id": "5136956",
    "movie_id": "10771"
  },
  {
    "review": "명작은 명작이구나",
    "date": "10.11.07",
    "rating": "8",
    "author": "shar****",
    "review_id": "4943006",
    "movie_id": "10771"
  },
  {
    "review": "잔잔하고 아름답다.",
    "date": "10.10.26",
    "rating": "10",
    "author": "kimy****",
    "review_id": "4922539",
    "movie_id": "10771"
  },
  {
    "review": "마지막 선물 장면 기억에 남는다...평온한 마음을 보기 좋은 영화...",
    "date": "10.10.23",
    "rating": "9",
    "author": "kkan****",
    "review_id": "4917525",
    "movie_id": "10771"
  },
  {
    "review": "주윤발의 담백한매력이 돋보인다 ~~~~~~~~",
    "date": "10.09.22",
    "rating": "9",
    "author": "fnsk****",
    "review_id": "4856299",
    "movie_id": "10771"
  },
  {
    "review": "감동~",
    "date": "10.09.06",
    "rating": "10",
    "author": "sexy****",
    "review_id": "4821441",
    "movie_id": "10771"
  },
  {
    "review": "옹종하다.옹종했다.추억한다.추억했다. 지금 내얼굴에 미소가 그려진다.",
    "date": "10.07.05",
    "rating": "10",
    "author": "kaos****",
    "review_id": "4614484",
    "movie_id": "10771"
  },
  {
    "review": "외로움에 지친 한 남자의 사랑이야기",
    "date": "09.11.04",
    "rating": "10",
    "author": "chae****",
    "review_id": "3936728",
    "movie_id": "10771"
  },
  {
    "review": "촌스럽긴 해도 쌍권총 아저씨는 로맨틱하다",
    "date": "09.10.26",
    "rating": "6",
    "author": "tjsd****",
    "review_id": "3918090",
    "movie_id": "10771"
  },
  {
    "review": "우연히 다시봄,중추훙 박선영닮앗고 윤발 무지 젊고,나의 사춘기때 영화~",
    "date": "09.10.17",
    "rating": "10",
    "author": "nbee****",
    "review_id": "3897172",
    "movie_id": "10771"
  },
  {
    "review": "주윤발 원래 멜로.코믹전문배우인데.. 영웅본색으로 확떠서 그렇지 ㅋㅋㅋ 만능",
    "date": "09.09.28",
    "rating": "10",
    "author": "syh1****",
    "review_id": "3856560",
    "movie_id": "10771"
  },
  {
    "review": "지금까지 본 주융발의 영화중 최고의 작품이다",
    "date": "09.06.14",
    "rating": "10",
    "author": "matt****",
    "review_id": "3564516",
    "movie_id": "10771"
  },
  {
    "review": "로맨스...잊혀지지않는 ..",
    "date": "09.05.25",
    "rating": "10",
    "author": "clay****",
    "review_id": "3520896",
    "movie_id": "10771"
  },
  {
    "review": "참 훈훈하고 풋풋하구나~",
    "date": "09.03.15",
    "rating": "10",
    "author": "jmp0****",
    "review_id": "3368679",
    "movie_id": "10771"
  },
  {
    "review": "긴 여운,잊혀지지 않을수 밖에...",
    "date": "09.02.21",
    "rating": "10",
    "author": "jsa7****",
    "review_id": "3320766",
    "movie_id": "10771"
  },
  {
    "review": "임창정의 슬픈혼잣말 뮤비가 이 영화를 모델로 했군요...정말 감동깊은 영화...^^",
    "date": "09.02.15",
    "rating": "10",
    "author": "gkxm****",
    "review_id": "3305557",
    "movie_id": "10771"
  },
  {
    "review": "훈훈한 사랑영화..좋은 영화로군하^^",
    "date": "09.01.25",
    "rating": "9",
    "author": "drag****",
    "review_id": "3248864",
    "movie_id": "10771"
  },
  {
    "review": "어익후 조쿠나",
    "date": "08.07.10",
    "rating": "10",
    "author": "kaja****",
    "review_id": "2752307",
    "movie_id": "10771"
  },
  {
    "review": "볼만, 평균이상",
    "date": "08.07.05",
    "rating": "6",
    "author": "ysuh****",
    "review_id": "2741718",
    "movie_id": "10771"
  },
  {
    "review": "80년대에 이런 수작이 나오다니 주윤발 종초횽 연기 진짜 ㅠㅠ!!!",
    "date": "08.03.22",
    "rating": "10",
    "author": "shin****",
    "review_id": "2534368",
    "movie_id": "10771"
  },
  {
    "review": "윤발이형 멜로연기 쩐다 쩔어. 지금봐도 전혀 촌스럽지않은 수작",
    "date": "08.03.15",
    "rating": "10",
    "author": "gaml****",
    "review_id": "2521276",
    "movie_id": "10771"
  },
  {
    "review": "주윤발도 이런 연기를 할수 있구나 !! 토요명화에서 상당히 많이 봤었는데",
    "date": "08.01.21",
    "rating": "8",
    "author": "evil****",
    "review_id": "2353538",
    "movie_id": "10771"
  },
  {
    "review": "오 헨리의 크리스마스 선물 패러디? 주윤발, 종초홍 다시 봐서 좋았다",
    "date": "07.11.05",
    "rating": "10",
    "author": "jele****",
    "review_id": "2134423",
    "movie_id": "10771"
  },
  {
    "review": "유치하고 촌스럽고,,ㅋㅋㅂ봐줄만한,",
    "date": "07.10.31",
    "rating": "8",
    "author": "a202****",
    "review_id": "2124788",
    "movie_id": "10771"
  },
  {
    "review": "아름다움으로 포장된 영화",
    "date": "07.10.20",
    "rating": "6",
    "author": "deff****",
    "review_id": "2099956",
    "movie_id": "10771"
  },
  {
    "review": "세상을 몰랐던 어린 나에게도 전해졌던 미묘한 사랑의 감정",
    "date": "07.09.02",
    "rating": "8",
    "author": "teo0****",
    "review_id": "1997839",
    "movie_id": "10771"
  },
  {
    "review": "너무 예전 영화라서 그런가..유치하고 흔해 빠진 이야기..",
    "date": "07.08.27",
    "rating": "1",
    "author": "1pim****",
    "review_id": "1982947",
    "movie_id": "10771"
  },
  {
    "review": "너무 아름다웠던. 주윤발의 새로운면을볼수있던 영화",
    "date": "07.08.11",
    "rating": "10",
    "author": "spee****",
    "review_id": "1920273",
    "movie_id": "10771"
  },
  {
    "review": "가을 엽서같은 로맨스 영화. 그러나 뉴욕의 이미지는 별루. 그래도 좋네.",
    "date": "07.06.18",
    "rating": "8",
    "author": "rott****",
    "review_id": "1707822",
    "movie_id": "10771"
  },
  {
    "review": "내가 본 영화중에 최고였다. 중학교 3학년때 본걸로 기억하는데",
    "date": "07.05.04",
    "rating": "10",
    "author": "choo****",
    "review_id": "1618996",
    "movie_id": "10771"
  },
  {
    "review": "주윤발이 멜로라는 연기변신을 했지만, 상당히 좋은 작품이었다.",
    "date": "07.03.06",
    "rating": "10",
    "author": "salm****",
    "review_id": "1521197",
    "movie_id": "10771"
  },
  {
    "review": "너무나 아름다운 동화같은 사랑이야기.... 끝 장면이에서 그만 ㅜㅜ",
    "date": "07.03.04",
    "rating": "9",
    "author": "cine****",
    "review_id": "1516967",
    "movie_id": "10771"
  },
  {
    "review": "지금은 진부할 수도 있지만, 그 당시엔 참 좋았어요",
    "date": "07.03.03",
    "rating": "9",
    "author": "lizz****",
    "review_id": "1514785",
    "movie_id": "10771"
  },
  {
    "review": "멜로 저우룬파",
    "date": "07.02.11",
    "rating": "8",
    "author": "cjsa****",
    "review_id": "1463453",
    "movie_id": "10771"
  },
  {
    "review": "가슴속에 남은 영화...",
    "date": "07.01.29",
    "rating": "10",
    "author": "moon****",
    "review_id": "1424805",
    "movie_id": "10771"
  },
  {
    "review": "20년이지난지금 환상에서 실제를본다",
    "date": "06.12.30",
    "rating": "4",
    "author": "erhe****",
    "review_id": "1343448",
    "movie_id": "10771"
  },
  {
    "review": "20년전 극장에서 보고도 아직도 생각나는 엔딩..",
    "date": "06.12.26",
    "rating": "10",
    "author": "elf2****",
    "review_id": "1329053",
    "movie_id": "10771"
  },
  {
    "review": "사랑본색^^",
    "date": "06.12.23",
    "rating": "10",
    "author": "khod****",
    "review_id": "1316118",
    "movie_id": "10771"
  },
  {
    "review": "오래전 사춘기에 접어들 무렵 보았던 잊혀질 수 없는 영화...",
    "date": "06.11.27",
    "rating": "10",
    "author": "know****",
    "review_id": "1254145",
    "movie_id": "10771"
  },
  {
    "review": "가을에 생각나는 영화",
    "date": "06.11.18",
    "rating": "9",
    "author": "kic4****",
    "review_id": "1238454",
    "movie_id": "10771"
  },
  {
    "review": "부시시한 주윤발...하지만 어느 때보다 멋지다",
    "date": "06.10.06",
    "rating": "10",
    "author": "bory****",
    "review_id": "1166007",
    "movie_id": "10771"
  },
  {
    "review": "엔딩 장면이 굿 (중간 중간에 야경도 좋코요)",
    "date": "06.09.10",
    "rating": "10",
    "author": "jae4****",
    "review_id": "1114995",
    "movie_id": "10771"
  },
  {
    "review": "내 인생 최고의 영화",
    "date": "06.09.03",
    "rating": "10",
    "author": "biga****",
    "review_id": "1099434",
    "movie_id": "10771"
  },
  {
    "review": "별다른감흥을못주는......",
    "date": "06.08.29",
    "rating": "6",
    "author": "reki****",
    "review_id": "1088833",
    "movie_id": "10771"
  },
  {
    "review": "꾸밈없는 스토리에 꾸밈없는 순수한 배우들의 모습...",
    "date": "06.07.24",
    "rating": "10",
    "author": "nitr****",
    "review_id": "918564",
    "movie_id": "10771"
  },
  {
    "review": "예전에 비디오로 재밌게 본 영화",
    "date": "06.03.21",
    "rating": "10",
    "author": "su37****",
    "review_id": "726991",
    "movie_id": "10771"
  },
  {
    "review": "부담없이 볼 수 있는 영화. 그러나 조금은 흔한 영화.",
    "date": "06.01.22",
    "rating": "6",
    "author": "quad****",
    "review_id": "609071",
    "movie_id": "10771"
  },
  {
    "review": "주윤발은 멜로도 참 잘어울립니다.",
    "date": "05.11.13",
    "rating": "8",
    "author": "lsk2****",
    "review_id": "472356",
    "movie_id": "10771"
  },
  {
    "review": "영화를 보면.. 사랑이란것을 다시 생각하게 하는 영화",
    "date": "05.10.09",
    "rating": "10",
    "author": "jury****",
    "review_id": "437912",
    "movie_id": "10771"
  },
  {
    "review": "최고의 라스트 씬...",
    "date": "05.09.20",
    "rating": "10",
    "author": "gill****",
    "review_id": "413414",
    "movie_id": "10771"
  },
  {
    "review": "화려하진 않지만 따뜻한",
    "date": "05.09.06",
    "rating": "10",
    "author": "akko****",
    "review_id": "395100",
    "movie_id": "10771"
  },
  {
    "review": "고교시절부터 33살인 지금까지 17번 봤다.",
    "date": "05.08.26",
    "rating": "10",
    "author": "lhyo****",
    "review_id": "384149",
    "movie_id": "10771"
  },
  {
    "review": "오헨리의 크리스마스 선물이 떠오르는... 너무 슬픈...",
    "date": "05.08.18",
    "rating": "10",
    "author": "ilov****",
    "review_id": "372901",
    "movie_id": "10771"
  },
  {
    "review": "보는내내 미소가 떠나지 않앗던.. 주윤발의 연기에 올인이다~",
    "date": "05.08.12",
    "rating": "10",
    "author": "khf6****",
    "review_id": "363601",
    "movie_id": "10771"
  },
  {
    "review": "내 일생일대의 최고의 영화..주윤발...다시 나올수 없는배우다",
    "date": "05.06.15",
    "rating": "10",
    "author": "spgi****",
    "review_id": "300470",
    "movie_id": "10771"
  },
  {
    "review": "금지옥엽,첨밀밀과 더불어 홍콩3대 오리지널 멜로영화",
    "date": "05.05.09",
    "rating": "10",
    "author": "alft****",
    "review_id": "274402",
    "movie_id": "10771"
  },
  {
    "review": "꾸밈없는 순수한 로맨스 영화. 입가에 미소를 띄게 한다",
    "date": "05.02.06",
    "rating": "9",
    "author": "kimj****",
    "review_id": "210070",
    "movie_id": "10771"
  },
  {
    "review": "주윤발에게 총잡이외의 모습도 있다는것을 보여준 영화.",
    "date": "05.01.10",
    "rating": "10",
    "author": "musi****",
    "review_id": "182179",
    "movie_id": "10771"
  },
  {
    "review": "순수한 영화",
    "date": "04.12.31",
    "rating": "10",
    "author": "king****",
    "review_id": "173688",
    "movie_id": "10771"
  },
  {
    "review": "주윤발의 구수한 연기가 돋보엿다",
    "date": "04.12.25",
    "rating": "8",
    "author": "kras****",
    "review_id": "168832",
    "movie_id": "10771"
  },
  {
    "review": "이 영화보고 감동받은 사람은 순수한 영혼의 소유자",
    "date": "04.11.25",
    "rating": "10",
    "author": "tyhn****",
    "review_id": "151497",
    "movie_id": "10771"
  },
  {
    "review": "내가 13년전 가을날에 가슴 찌리리하게 본 영화",
    "date": "04.10.28",
    "rating": "10",
    "author": "jso9****",
    "review_id": "134143",
    "movie_id": "10771"
  }
]