[
  {
    "review": "프랭키와 잔다고???",
    "date": "15.08.12",
    "rating": "10",
    "author": "kyk_****",
    "review_id": "10219241",
    "movie_id": "10775"
  },
  {
    "review": "한때 제일 좋아한 로맨스 작품",
    "date": "15.05.20",
    "rating": "10",
    "author": "gotj****",
    "review_id": "9933102",
    "movie_id": "10775"
  },
  {
    "review": "드니로에게 '스탠리와 아이리스'가 있다면 알 파치노에겐 이 영화가 있다",
    "date": "15.02.04",
    "rating": "10",
    "author": "jmp0****",
    "review_id": "9666583",
    "movie_id": "10775"
  },
  {
    "review": "알 파치노는 귀여운 남자임 ㅎㅎ",
    "date": "14.05.31",
    "rating": "10",
    "author": "edit****",
    "review_id": "8779834",
    "movie_id": "10775"
  },
  {
    "review": "알파치노와 미쉘파이퍼 이 두사람이면 믿을수 있지 않냐??",
    "date": "14.04.28",
    "rating": "7",
    "author": "do11****",
    "review_id": "8680818",
    "movie_id": "10775"
  },
  {
    "review": "한때 내가 제일 좋아했던 영화... 좋은 영어를 배울 수 있는 영화입니다.. 사람과 사람의 관계가 조금씩 변화하는 것을 보여주는 영화...",
    "date": "14.03.27",
    "rating": "10",
    "author": "bmha****",
    "review_id": "8611226",
    "movie_id": "10775"
  },
  {
    "review": "영화속에서 라디오를 통해 전해지는 드뷔시의 달빛선율이 아직도 기억에 남아 있네요. 형기왕성한 20대 초반 나이였던 그 시절 로맨스영화는  처다도 보지않던 나에게 로맨스영화의 재미를 앉겨준 영화였음. 강추합니다.",
    "date": "14.01.03",
    "rating": "10",
    "author": "fire****",
    "review_id": "8342543",
    "movie_id": "10775"
  },
  {
    "review": "달콤 쌉싸름하다기보다는,처음부터 끝까지 달달한 로맨스.미셸 파이퍼와알 파치노는,의외로 잘어울린다.둘이 끝까지 가봤을꺼라는 데에,내 인생을 걸어도 좋다.잭 니콜슨,레오나르도 디카프리오와함께 여자 좋아하는 걸로 유명한,알 파치노가 내버려 두었을리가 있나?",
    "date": "13.02.20",
    "rating": "7",
    "author": "baks****",
    "review_id": "7284894",
    "movie_id": "10775"
  },
  {
    "review": "알파치노는 로멘스하고 진짜 안맞는다.",
    "date": "12.12.17",
    "rating": "6",
    "author": "sinb****",
    "review_id": "7013303",
    "movie_id": "10775"
  },
  {
    "review": "8점만들자",
    "date": "12.11.30",
    "rating": "10",
    "author": "chok****",
    "review_id": "6947183",
    "movie_id": "10775"
  },
  {
    "review": "킬링타임용으로 적절하군",
    "date": "12.09.11",
    "rating": "6",
    "author": "guev****",
    "review_id": "6686916",
    "movie_id": "10775"
  },
  {
    "review": "연애의 목적 앞에 여주인공 심리변화가 돋보인다",
    "date": "12.08.18",
    "rating": "9",
    "author": "egoh****",
    "review_id": "6620484",
    "movie_id": "10775"
  },
  {
    "review": "귀여운여인과는 또다른 매력의 게리마샬의 로멘스! 알파치노 너무 잘생겼다.",
    "date": "12.07.16",
    "rating": "10",
    "author": "gusa****",
    "review_id": "6484180",
    "movie_id": "10775"
  },
  {
    "review": "하여간 여자패는 넘들은 잘라버려야돼...",
    "date": "12.06.02",
    "rating": "7",
    "author": "dbzh****",
    "review_id": "6358891",
    "movie_id": "10775"
  },
  {
    "review": "맥라이언이 그랬던 것처럼 여자는 영화한편에 뜨죠 알파치노는? 당연최고",
    "date": "11.08.11",
    "rating": "7",
    "author": "hjj5****",
    "review_id": "5637312",
    "movie_id": "10775"
  },
  {
    "review": "해는 다시 떠오릅니다. 좋은 영화입니다.",
    "date": "11.07.30",
    "rating": "9",
    "author": "song****",
    "review_id": "5583809",
    "movie_id": "10775"
  },
  {
    "review": "대사하나하나가마음을울린다",
    "date": "11.04.13",
    "rating": "10",
    "author": "miso****",
    "review_id": "5370724",
    "movie_id": "10775"
  },
  {
    "review": "드뷔시의 달빛처럼 아련한",
    "date": "11.03.12",
    "rating": "6",
    "author": "rd72****",
    "review_id": "5309116",
    "movie_id": "10775"
  },
  {
    "review": "사실적이어서 감동이나 재미는 적었다.",
    "date": "11.03.03",
    "rating": "6",
    "author": "nala****",
    "review_id": "5290944",
    "movie_id": "10775"
  },
  {
    "review": "알파치노,미쉘파이퍼커플의~성숙하고상처받은이들의로맨스^-^",
    "date": "11.03.02",
    "rating": "10",
    "author": "seal****",
    "review_id": "5289426",
    "movie_id": "10775"
  },
  {
    "review": "방방뜬다.",
    "date": "11.02.05",
    "rating": "5",
    "author": "bbq2****",
    "review_id": "5219485",
    "movie_id": "10775"
  },
  {
    "review": "현실 속 사랑도 아름답다. 이 영화가 <귀여운 여인>보다 평점이 낮다니...",
    "date": "11.02.03",
    "rating": "10",
    "author": "sung****",
    "review_id": "5210220",
    "movie_id": "10775"
  },
  {
    "review": "기억에 남는 무언가는 분명히 있었지......",
    "date": "10.09.05",
    "rating": "5",
    "author": "stit****",
    "review_id": "4817393",
    "movie_id": "10775"
  },
  {
    "review": "좀과장되긴하지만 확실히 미국이 우리보다 개방적이긴 한것같다..재미있는진 모르겠음",
    "date": "10.07.21",
    "rating": "6",
    "author": "1pim****",
    "review_id": "4656043",
    "movie_id": "10775"
  },
  {
    "review": "우수워 보이는 로맨스가 아닌 성숙한 로맨스",
    "date": "10.05.16",
    "rating": "8",
    "author": "seee****",
    "review_id": "4502839",
    "movie_id": "10775"
  },
  {
    "review": "감동적이었습니다..!!",
    "date": "09.12.27",
    "rating": "10",
    "author": "skid****",
    "review_id": "4093848",
    "movie_id": "10775"
  },
  {
    "review": "약간은 이질감이 드는 사랑의 방식, 마지막 아침햇살이 너무도 눈부셨다....",
    "date": "09.11.22",
    "rating": "8",
    "author": "ard2****",
    "review_id": "3982647",
    "movie_id": "10775"
  },
  {
    "review": "최고의 로맨스 영화!!",
    "date": "09.11.16",
    "rating": "10",
    "author": "4867****",
    "review_id": "3970284",
    "movie_id": "10775"
  },
  {
    "review": "사랑은 언제나 감미롭다",
    "date": "09.10.30",
    "rating": "7",
    "author": "sfor****",
    "review_id": "3924792",
    "movie_id": "10775"
  },
  {
    "review": "어린나이에 봤음에도 꽤나 좋아했던 로맨틱코미디",
    "date": "09.01.20",
    "rating": "9",
    "author": "gren****",
    "review_id": "3234156",
    "movie_id": "10775"
  },
  {
    "review": "기억에 오래 남을것 같다",
    "date": "09.01.19",
    "rating": "9",
    "author": "purp****",
    "review_id": "3231513",
    "movie_id": "10775"
  },
  {
    "review": "역시 알파치노..",
    "date": "09.01.05",
    "rating": "10",
    "author": "khki****",
    "review_id": "3195141",
    "movie_id": "10775"
  },
  {
    "review": "나이가 들수록 이런 현실적인 멜로가 더 마음을 울린다",
    "date": "09.01.01",
    "rating": "10",
    "author": "stea****",
    "review_id": "3172774",
    "movie_id": "10775"
  },
  {
    "review": "가족만들기의 보편적 사랑이야기. 그럼에도 따뜻해질 수 밖에 없구나",
    "date": "08.12.06",
    "rating": "6",
    "author": "ghdl****",
    "review_id": "3095969",
    "movie_id": "10775"
  },
  {
    "review": "저 아래 있는넘,,아이디3개로 돌려서 별짓을 다하네,",
    "date": "08.09.25",
    "rating": "10",
    "author": "minb****",
    "review_id": "2967730",
    "movie_id": "10775"
  },
  {
    "review": "전체적으로 지루하긴 했는데.. 마지막20분간, 서로간의 깊은 애정이 가슴에 와닿는다.",
    "date": "08.07.16",
    "rating": "7",
    "author": "pola****",
    "review_id": "2767634",
    "movie_id": "10775"
  },
  {
    "review": "가끔 나오는 괜찮은 영화",
    "date": "08.07.16",
    "rating": "10",
    "author": "new_****",
    "review_id": "2767456",
    "movie_id": "10775"
  },
  {
    "review": "사랑은 채워주고 보다듬어 주는 것",
    "date": "08.06.14",
    "rating": "10",
    "author": "cyo_****",
    "review_id": "2698917",
    "movie_id": "10775"
  },
  {
    "review": "알의 말랑한 연기가 인상적,미셸은 지금봐도 매력적,예상외로 탈장르적인 멜로영화",
    "date": "08.01.13",
    "rating": "8",
    "author": "mlif****",
    "review_id": "2323949",
    "movie_id": "10775"
  },
  {
    "review": "최악중의 최악",
    "date": "08.01.11",
    "rating": "1",
    "author": "ggal****",
    "review_id": "2316876",
    "movie_id": "10775"
  },
  {
    "review": "OOO기영화",
    "date": "08.01.11",
    "rating": "1",
    "author": "ggal****",
    "review_id": "2316861",
    "movie_id": "10775"
  },
  {
    "review": "OOO기영화",
    "date": "08.01.11",
    "rating": "1",
    "author": "ggal****",
    "review_id": "2316840",
    "movie_id": "10775"
  },
  {
    "review": "좋아하는 배우라 평점 보고 봤는데 그다지... ★6",
    "date": "07.11.10",
    "rating": "1",
    "author": "fabi****",
    "review_id": "2142847",
    "movie_id": "10775"
  },
  {
    "review": "내가 가장 사랑하는 영화 중 하나",
    "date": "07.09.25",
    "rating": "10",
    "author": "radi****",
    "review_id": "2046061",
    "movie_id": "10775"
  },
  {
    "review": "지구상에서 가장 다가가기 힘든 작업에 도전하는 알 파치노",
    "date": "07.09.06",
    "rating": "9",
    "author": "scri****",
    "review_id": "2004999",
    "movie_id": "10775"
  },
  {
    "review": "예전에 보았을 땐 그저 그랬는데 다시보니 색다른 맛이 나는 영화이다.",
    "date": "07.05.27",
    "rating": "9",
    "author": "beat****",
    "review_id": "1665764",
    "movie_id": "10775"
  },
  {
    "review": "아픈과거의상처를잊기는힘들겠지만,더나은미래를위해서는잊도록노력해야하지않을까?",
    "date": "07.03.20",
    "rating": "8",
    "author": "bboj****",
    "review_id": "1543807",
    "movie_id": "10775"
  },
  {
    "review": "인생이라는 무대에서 주연보다는 조연에 더 가까운 우리들",
    "date": "07.02.09",
    "rating": "5",
    "author": "down****",
    "review_id": "1456066",
    "movie_id": "10775"
  },
  {
    "review": "너무 마음에 드네요.",
    "date": "06.12.24",
    "rating": "10",
    "author": "same****",
    "review_id": "1319084",
    "movie_id": "10775"
  },
  {
    "review": "누군가를 사랑하고 싶게만드는영화..미셜파이퍼 진짜 예술이다..",
    "date": "06.09.03",
    "rating": "9",
    "author": "jaux****",
    "review_id": "1098196",
    "movie_id": "10775"
  },
  {
    "review": "잔잔한 감동",
    "date": "06.08.01",
    "rating": "10",
    "author": "zeed****",
    "review_id": "952552",
    "movie_id": "10775"
  },
  {
    "review": "미셸 파이퍼와 알 파치노의 하모니. 브로드웨이 히트작이기도.",
    "date": "06.06.25",
    "rating": "10",
    "author": "bree****",
    "review_id": "857038",
    "movie_id": "10775"
  },
  {
    "review": "삶이 녹아있는 영화!",
    "date": "06.03.24",
    "rating": "10",
    "author": "gusd****",
    "review_id": "731325",
    "movie_id": "10775"
  },
  {
    "review": "소시민들의 애환과 사랑을 그린 수준 높은 로맨틱 코미디.",
    "date": "06.03.14",
    "rating": "7",
    "author": "movi****",
    "review_id": "716490",
    "movie_id": "10775"
  },
  {
    "review": "이런 사랑 부럽다. 알 파치노도 부럽다.",
    "date": "05.11.20",
    "rating": "8",
    "author": "palm****",
    "review_id": "479864",
    "movie_id": "10775"
  },
  {
    "review": "이런게 진정한 로맨스 -",
    "date": "05.09.22",
    "rating": "10",
    "author": "ch1s****",
    "review_id": "417215",
    "movie_id": "10775"
  },
  {
    "review": "때론 사랑이 상처를 보듬어주는 기특한 일을 하기도 한다.",
    "date": "05.08.22",
    "rating": "8",
    "author": "m60d****",
    "review_id": "379909",
    "movie_id": "10775"
  },
  {
    "review": "이런사랑하고푸다ㅋㅋ",
    "date": "05.08.06",
    "rating": "10",
    "author": "juny****",
    "review_id": "355412",
    "movie_id": "10775"
  },
  {
    "review": "이런게 진짜 사람사이에 일어나는 일이지...",
    "date": "05.06.25",
    "rating": "10",
    "author": "idom****",
    "review_id": "305799",
    "movie_id": "10775"
  },
  {
    "review": "다시 틀어주는 음악이 나오는 순간 너무 좋았음..",
    "date": "05.06.21",
    "rating": "8",
    "author": "yoll****",
    "review_id": "303906",
    "movie_id": "10775"
  },
  {
    "review": "최고의 로맨스영화 너무 아름답다...",
    "date": "05.06.21",
    "rating": "9",
    "author": "yand****",
    "review_id": "303500",
    "movie_id": "10775"
  },
  {
    "review": "그렇고 그런 영화라고 생각하고 본  내가 바보같았다.",
    "date": "05.06.20",
    "rating": "10",
    "author": "jcr3****",
    "review_id": "303147",
    "movie_id": "10775"
  },
  {
    "review": "기대를 해서 약간 기대이하..사랑 탐구는 좋았음. 자니압박",
    "date": "05.06.18",
    "rating": "7",
    "author": "viol****",
    "review_id": "301897",
    "movie_id": "10775"
  },
  {
    "review": "내가 사랑하고픈 로맨스 지금껏최고의로맨스영화",
    "date": "05.06.18",
    "rating": "10",
    "author": "kfin****",
    "review_id": "301831",
    "movie_id": "10775"
  },
  {
    "review": "달콤하지도 화려하지도 않으나 진실된, 사람 냄새나는 멜로.",
    "date": "05.06.18",
    "rating": "6",
    "author": "hadl****",
    "review_id": "301707",
    "movie_id": "10775"
  },
  {
    "review": "그때 당시엔 어땠는지 모르겠지만 지금 보기엔 좀..;;;",
    "date": "05.06.18",
    "rating": "8",
    "author": "spri****",
    "review_id": "301696",
    "movie_id": "10775"
  },
  {
    "review": "상처입은 서로를 보담으면서 다른사랑을 키워나가는 그들..",
    "date": "05.05.04",
    "rating": "9",
    "author": "tjsd****",
    "review_id": "270594",
    "movie_id": "10775"
  },
  {
    "review": "알파치노의 감자 장미꽃을 나두 받았으믄.... 최고의 멜로영화...",
    "date": "04.06.19",
    "rating": "9",
    "author": "pshd****",
    "review_id": "56836",
    "movie_id": "10775"
  },
  {
    "review": "90년대 초반의 재미를 느껴주는 영화",
    "date": "04.01.25",
    "rating": "9",
    "author": "ssle****",
    "review_id": "13195",
    "movie_id": "10775"
  }
]