[
  {
    "review": "재밌다 ㅋㅋ 옛날영화도 이런 맛이 있구나. 재밌게 봤다",
    "date": "15.04.25",
    "rating": "10",
    "author": "euns****",
    "review_id": "9865657",
    "movie_id": "10781"
  },
  {
    "review": "동심 가득한상상력의 발현",
    "date": "15.02.17",
    "rating": "6",
    "author": "rcan****",
    "review_id": "9704008",
    "movie_id": "10781"
  },
  {
    "review": "초딩4학년때 보면서 시리얼 땡겨서 급하게 말아 와서 먹으면서 봤던 기억이 ㅋㅋㅋㅋ 나름 재미도 있었고 옛추억까지 더해서 12점 주고 싶다. 저기 나온 개가 무지 귀여웠던 기억이...",
    "date": "15.01.28",
    "rating": "10",
    "author": "jigg****",
    "review_id": "9646872",
    "movie_id": "10781"
  },
  {
    "review": "닭고기 크게 불려 먹던 마지막 장면.. 정말 부러웠다.ㅠㅠ",
    "date": "15.01.18",
    "rating": "8",
    "author": "mono****",
    "review_id": "9609924",
    "movie_id": "10781"
  },
  {
    "review": "계속 잔디밭에서만 헤매는게 좀 아쉬웠지만 89년도에 이런 영화가 나왔다는게 참 대단하다 ㄷㄷㄷ",
    "date": "15.01.05",
    "rating": "9",
    "author": "qhrt****",
    "review_id": "9565045",
    "movie_id": "10781"
  },
  {
    "review": "나는 희망한다. 나의 꿈을... 영화는 나에게 알게해줬다! 나의 마음속에 담겨져 있는 나의 마음을...",
    "date": "14.12.22",
    "rating": "10",
    "author": "1004****",
    "review_id": "9500802",
    "movie_id": "10781"
  },
  {
    "review": "꿈과 미래, 컴퓨터의 상용화로 과학 기술에대한 동경이 충만했던 90년대초, 어른 아이할것 없이 연출자의 센세이션한 아이어로 무장한 공상과학 무비에 웃고 즐기며 감동받았던 기억이 새록새록하다.",
    "date": "14.11.11",
    "rating": "10",
    "author": "ssoz****",
    "review_id": "9370909",
    "movie_id": "10781"
  },
  {
    "review": "어린시절엔 이런 판타지가 가미된 애들 나오는 영화를 좋아라했다. 뭔가 나에게도 저런일이 생길 수 있을 것 같다는상상력을 자극하기 때문인 것 같다!  신기하고 재밌게 봤던추억의 영화!  다시 보고싶다",
    "date": "14.09.26",
    "rating": "9",
    "author": "kse0****",
    "review_id": "9242772",
    "movie_id": "10781"
  },
  {
    "review": "당시에는 재미있게 봤음. 대표적인 가족영화",
    "date": "14.08.15",
    "rating": "7",
    "author": "adiv****",
    "review_id": "9092152",
    "movie_id": "10781"
  },
  {
    "review": "초딩때 진짜 재밌게 봤던 영화 ㅋㅋ",
    "date": "14.05.25",
    "rating": "10",
    "author": "dahy****",
    "review_id": "8763415",
    "movie_id": "10781"
  },
  {
    "review": "80 90 년대 사춘기 소년소녀들의 추억의 영화 ^^",
    "date": "14.05.25",
    "rating": "8",
    "author": "bs87****",
    "review_id": "8762780",
    "movie_id": "10781"
  },
  {
    "review": "와 어렸을때 주말마다 엠비씨인가?에서 본 기억이 나는데 오래된 영환데도 재밌네",
    "date": "14.03.20",
    "rating": "10",
    "author": "jung****",
    "review_id": "8591264",
    "movie_id": "10781"
  },
  {
    "review": "소소한재미가있네요줄거리도간단하면서흥미진진개미참귀여움ㅋㅋ",
    "date": "14.03.19",
    "rating": "9",
    "author": "wook****",
    "review_id": "8587667",
    "movie_id": "10781"
  },
  {
    "review": "당시 획기적인 주제로 엄마아빠와 함께 여러번봐도 재밌었던 영화.  작게나마 액션 로맨스 코미디 장르가 모두 들어있음ㅋㅋ",
    "date": "14.03.19",
    "rating": "8",
    "author": "yuki****",
    "review_id": "8587639",
    "movie_id": "10781"
  },
  {
    "review": "이것도 문화유산이다ㅋ",
    "date": "14.03.19",
    "rating": "10",
    "author": "revo****",
    "review_id": "8587538",
    "movie_id": "10781"
  },
  {
    "review": "정말 소름끼치게 보고 싶은 영화다 그런데 평점 꼬라지가 이게 뭐니 이게!",
    "date": "14.03.14",
    "rating": "10",
    "author": "ske4****",
    "review_id": "8574383",
    "movie_id": "10781"
  },
  {
    "review": "아 이거 진짜 어릴떄 자주 본거다 요즘 왜 안해주냐 짜증난다",
    "date": "14.01.19",
    "rating": "10",
    "author": "kubo****",
    "review_id": "8398027",
    "movie_id": "10781"
  },
  {
    "review": "그 시절의 풋풋한 상상과 지난 날의 추억.",
    "date": "13.12.13",
    "rating": "8",
    "author": "befo****",
    "review_id": "8210431",
    "movie_id": "10781"
  },
  {
    "review": "또보고싶은데 볼수있는곳이 없네",
    "date": "13.11.17",
    "rating": "10",
    "author": "sohn****",
    "review_id": "8146996",
    "movie_id": "10781"
  },
  {
    "review": "이 영화를 본지가 오래됐지만 그 때 당시에는 정말 재미있게 본 영화.",
    "date": "13.08.08",
    "rating": "8",
    "author": "here****",
    "review_id": "7858739",
    "movie_id": "10781"
  },
  {
    "review": "어릴 적 주말에 티비 채널 돌리다 우연히 빠져 보던 영화 중 하나 였던듯. 커서봐도 재밌다.",
    "date": "13.08.07",
    "rating": "9",
    "author": "kaki****",
    "review_id": "7854280",
    "movie_id": "10781"
  },
  {
    "review": "토요일 학교 갔다 캘로그에 우유 비벼보며재밋게 봤던 영화.....그저 즐거웠던",
    "date": "13.06.22",
    "rating": "8",
    "author": "cjfa****",
    "review_id": "7667823",
    "movie_id": "10781"
  },
  {
    "review": "어릴때보던게생각나서다시봤다ㅋㅋ개미죽는거다시울었네. 추억속의영화",
    "date": "13.06.18",
    "rating": "9",
    "author": "q002****",
    "review_id": "7654708",
    "movie_id": "10781"
  },
  {
    "review": "89년작임을 생각하면, 뛰어난 가족영화",
    "date": "13.02.09",
    "rating": "7",
    "author": "virt****",
    "review_id": "7240732",
    "movie_id": "10781"
  },
  {
    "review": "아이디어좋고연출좋고연기도 나름 괜찮고 만점 ㅎ",
    "date": "13.01.07",
    "rating": "10",
    "author": "wwww****",
    "review_id": "7091157",
    "movie_id": "10781"
  },
  {
    "review": "솔직히 이만한 가족영화가 없다.",
    "date": "13.01.05",
    "rating": "9",
    "author": "bbob****",
    "review_id": "7084681",
    "movie_id": "10781"
  },
  {
    "review": "지금봐도 어색하지 않는 특수효과, 속속들이 개그..너무 잘만들었다.",
    "date": "12.11.20",
    "rating": "9",
    "author": "vezi****",
    "review_id": "6908766",
    "movie_id": "10781"
  },
  {
    "review": "그 때에 봤으면 정말 기발했던 영화였음. 개미가 왜 그렇게 슬프던지.",
    "date": "12.11.04",
    "rating": "9",
    "author": "kem1****",
    "review_id": "6856240",
    "movie_id": "10781"
  },
  {
    "review": "어릴적보았는데 또다시보고싶네요^^*강추해요^^*",
    "date": "12.08.21",
    "rating": "10",
    "author": "myna****",
    "review_id": "6630979",
    "movie_id": "10781"
  },
  {
    "review": "개미를 타고 다니느 장면이 인상적임. 상상을 스크린으로 옮긴...",
    "date": "12.04.23",
    "rating": "8",
    "author": "ccpp****",
    "review_id": "6241837",
    "movie_id": "10781"
  },
  {
    "review": "당시 획기적이었던 특수효과와 모험담",
    "date": "12.04.23",
    "rating": "8",
    "author": "rame****",
    "review_id": "6241835",
    "movie_id": "10781"
  },
  {
    "review": "일상의 사물들이 거대해진 상황 자체가 주는 즐거움",
    "date": "12.04.23",
    "rating": "8",
    "author": "kpcc****",
    "review_id": "6241833",
    "movie_id": "10781"
  },
  {
    "review": "지루한감이 없잖아 있었지만 상상력만큼은 충분히 자극시킬수 있던영화",
    "date": "11.11.29",
    "rating": "8",
    "author": "0718****",
    "review_id": "5878226",
    "movie_id": "10781"
  },
  {
    "review": "초딩때 재미있게 본 기억이..",
    "date": "11.08.24",
    "rating": "10",
    "author": "tn99****",
    "review_id": "5683489",
    "movie_id": "10781"
  },
  {
    "review": "지금에서야 우스꽝스럽게 보일지라도 닌자거북이 따위와는 그 의미가 다르지.",
    "date": "11.07.09",
    "rating": "5",
    "author": "tori****",
    "review_id": "5532316",
    "movie_id": "10781"
  },
  {
    "review": "초등학교 때인가 중학교 때 봤던건데 이렇게 오래된 영화인지 몰랐내요 그때 참 재밋",
    "date": "11.06.29",
    "rating": "10",
    "author": "co5b****",
    "review_id": "5505797",
    "movie_id": "10781"
  },
  {
    "review": "극장 젤 앞자리에 보니 공포영화였다. 너무 재미있게 본 기억이^&^",
    "date": "11.06.29",
    "rating": "10",
    "author": "tran****",
    "review_id": "5505773",
    "movie_id": "10781"
  },
  {
    "review": "어렸을때 봤던 추억의 가족영화.",
    "date": "11.05.08",
    "rating": "10",
    "author": "odjs****",
    "review_id": "5415009",
    "movie_id": "10781"
  },
  {
    "review": ";;;;;;;;;;;;;;;;;;;;;;;;;;;;;;;;;;;;;;;;;;;;;;;;;;;;;;;;;;;;;;;;;;;;;;;;;;;;;;;",
    "date": "11.02.24",
    "rating": "9",
    "author": "muse****",
    "review_id": "5271730",
    "movie_id": "10781"
  },
  {
    "review": "아 시1발눈물날거같다.ㅠㅠ 어릴때정말재밌게봤는데,,ㅠㅠ왜갑자기눈물이날라하지ㅠㅠ",
    "date": "11.02.11",
    "rating": "10",
    "author": "id_m****",
    "review_id": "5236754",
    "movie_id": "10781"
  },
  {
    "review": "현실이라면.. 식량난은 끝인데!!",
    "date": "11.01.14",
    "rating": "8",
    "author": "pree****",
    "review_id": "5157424",
    "movie_id": "10781"
  },
  {
    "review": "만화적 상상력을 현실로 옮겨놓은 디즈니표 가족영화",
    "date": "11.01.09",
    "rating": "7",
    "author": "jusp****",
    "review_id": "5142519",
    "movie_id": "10781"
  },
  {
    "review": "별 바랄 게 없다.",
    "date": "10.09.24",
    "rating": "2",
    "author": "pria****",
    "review_id": "4866202",
    "movie_id": "10781"
  },
  {
    "review": "참신한 발상이 돋보인 손색 없는 가족영화",
    "date": "10.08.16",
    "rating": "8",
    "author": "mygr****",
    "review_id": "4755774",
    "movie_id": "10781"
  },
  {
    "review": "당시 획기적이었던 특수효과와 모험담",
    "date": "10.05.06",
    "rating": "8",
    "author": "ccpk****",
    "review_id": "4482746",
    "movie_id": "10781"
  },
  {
    "review": "오랜만에 봤는데 옛날 영화인데도 재미있었다~ 훈훈~",
    "date": "10.02.14",
    "rating": "10",
    "author": "khj9****",
    "review_id": "4279213",
    "movie_id": "10781"
  },
  {
    "review": "어릴때 이거랑 나홀로집에랑 맨날 빌려봤다는 ㅋㅋㅋㅋ",
    "date": "10.02.13",
    "rating": "10",
    "author": "tjtm****",
    "review_id": "4277606",
    "movie_id": "10781"
  },
  {
    "review": "학교에서 봤는데 엄청 재미있었어..",
    "date": "09.10.21",
    "rating": "10",
    "author": "kmar****",
    "review_id": "3907485",
    "movie_id": "10781"
  },
  {
    "review": "어릴때 진짜 재미있게 봤음ㅋㅋㅋㅋ",
    "date": "09.10.16",
    "rating": "10",
    "author": "ding****",
    "review_id": "3895103",
    "movie_id": "10781"
  },
  {
    "review": "최근에티비에서봤는데나름재밌게본~",
    "date": "09.09.15",
    "rating": "7",
    "author": "yuj1****",
    "review_id": "3833390",
    "movie_id": "10781"
  },
  {
    "review": "크림 과자? 암튼 과자먹는모습이 정말 좋다 나도 작아져서 맛있는거 많이 먹고싶다",
    "date": "09.07.26",
    "rating": "8",
    "author": "rkdw****",
    "review_id": "3668263",
    "movie_id": "10781"
  },
  {
    "review": "재미있는 영화 ㅋㅋ",
    "date": "09.07.14",
    "rating": "9",
    "author": "rkd2****",
    "review_id": "3631056",
    "movie_id": "10781"
  },
  {
    "review": "어렸을때 정말 잼있게봤는데",
    "date": "09.06.24",
    "rating": "10",
    "author": "p75m****",
    "review_id": "3584797",
    "movie_id": "10781"
  },
  {
    "review": "잔디밭에서 전갈이 왜나올까~_~ㅋ",
    "date": "09.06.22",
    "rating": "5",
    "author": "unbr****",
    "review_id": "3582896",
    "movie_id": "10781"
  },
  {
    "review": "예전에 어렸을 때 본 기억이 드문 드문 나는데  다시봐도 잼따",
    "date": "09.05.09",
    "rating": "10",
    "author": "kyji****",
    "review_id": "3482301",
    "movie_id": "10781"
  },
  {
    "review": "재밌는 소재~~ 아기자기한 재미가 가득 ㅋㅋㅋㅋ",
    "date": "09.03.24",
    "rating": "7",
    "author": "iss2****",
    "review_id": "3384367",
    "movie_id": "10781"
  },
  {
    "review": "어렸을때 재밌게 본 영화.",
    "date": "09.03.21",
    "rating": "10",
    "author": "jkh0****",
    "review_id": "3377772",
    "movie_id": "10781"
  },
  {
    "review": "소재도 신선했고 당시 최고의 가족영화",
    "date": "09.03.12",
    "rating": "9",
    "author": "gall****",
    "review_id": "3362004",
    "movie_id": "10781"
  },
  {
    "review": "완점 재미있음",
    "date": "09.02.16",
    "rating": "10",
    "author": "thdg****",
    "review_id": "3308290",
    "movie_id": "10781"
  },
  {
    "review": "신선한 소재. 재미있는 가족 영화",
    "date": "09.02.15",
    "rating": "9",
    "author": "qudr****",
    "review_id": "3305246",
    "movie_id": "10781"
  },
  {
    "review": "이영화는 참~!재미가있어요...^_^",
    "date": "09.02.14",
    "rating": "10",
    "author": "godu****",
    "review_id": "3301720",
    "movie_id": "10781"
  },
  {
    "review": "작아진 애들이 겪는 모험을 시각적으로 잘 표현",
    "date": "08.10.23",
    "rating": "8",
    "author": "seun****",
    "review_id": "3014299",
    "movie_id": "10781"
  },
  {
    "review": "진짜 blrulee2님 의견처럼 결말있네요.. 이래서야 이 영화 보나..",
    "date": "08.07.19",
    "rating": "10",
    "author": "yena****",
    "review_id": "2781920",
    "movie_id": "10781"
  },
  {
    "review": "전형적인 미국적인 가족영화. 어렸을때는 그나마 볼만했었지...",
    "date": "08.06.30",
    "rating": "5",
    "author": "evil****",
    "review_id": "2730417",
    "movie_id": "10781"
  },
  {
    "review": "보고 또 봐도 질리지 않는 재미있는 영화 ㅋㅋ 소재 내용 정말 좋았음",
    "date": "08.03.28",
    "rating": "9",
    "author": "mess****",
    "review_id": "2545599",
    "movie_id": "10781"
  },
  {
    "review": "소재와 줄거리 모든 면에서 최고의 가족 영화임",
    "date": "08.03.12",
    "rating": "10",
    "author": "deff****",
    "review_id": "2516113",
    "movie_id": "10781"
  },
  {
    "review": "줄거리에 결말이 있는건 뭐지 ㄱ-;;;",
    "date": "08.03.12",
    "rating": "9",
    "author": "blru****",
    "review_id": "2516102",
    "movie_id": "10781"
  },
  {
    "review": "많은 장면중에 크림샌드위치 먹는 장면..",
    "date": "08.02.22",
    "rating": "10",
    "author": "vivi****",
    "review_id": "2472649",
    "movie_id": "10781"
  },
  {
    "review": "어릴적 정말 잼있게 본 영화",
    "date": "08.02.11",
    "rating": "9",
    "author": "sjfm****",
    "review_id": "2434576",
    "movie_id": "10781"
  },
  {
    "review": "어릴때 정말 재밌게 본 영화.. 지금 보면 유치하겠지만^^;",
    "date": "08.02.09",
    "rating": "9",
    "author": "refr****",
    "review_id": "2427435",
    "movie_id": "10781"
  },
  {
    "review": "어린이 헐리웃영화의 대작!! 재밌었다!!",
    "date": "07.11.27",
    "rating": "9",
    "author": "radi****",
    "review_id": "2187464",
    "movie_id": "10781"
  },
  {
    "review": "ㅎㅎㅎㅎㅎㅎ진짜 재밌게 봤었는데 어릴때 ㅎㅎㅎㅎ",
    "date": "07.11.04",
    "rating": "10",
    "author": "pear****",
    "review_id": "2131576",
    "movie_id": "10781"
  },
  {
    "review": "추억의 영화,",
    "date": "07.10.07",
    "rating": "10",
    "author": "wndb****",
    "review_id": "2075336",
    "movie_id": "10781"
  },
  {
    "review": "어렸을때 잼있는영화 ㅋㅋ",
    "date": "07.10.02",
    "rating": "8",
    "author": "hw55****",
    "review_id": "2066859",
    "movie_id": "10781"
  },
  {
    "review": "어린이영화로는 단연최고지~~",
    "date": "07.09.24",
    "rating": "9",
    "author": "aqzz****",
    "review_id": "2044549",
    "movie_id": "10781"
  },
  {
    "review": "아동물도 영원히 찍어올것을 허락하노라",
    "date": "07.09.19",
    "rating": "9",
    "author": "baks****",
    "review_id": "2030967",
    "movie_id": "10781"
  },
  {
    "review": "정말 당시로썬 상당히 신기했던...",
    "date": "07.08.11",
    "rating": "8",
    "author": "typo****",
    "review_id": "1919180",
    "movie_id": "10781"
  },
  {
    "review": "흥미로운 상상에 숨죽이며 봤었던..",
    "date": "07.08.02",
    "rating": "9",
    "author": "skat****",
    "review_id": "1847839",
    "movie_id": "10781"
  },
  {
    "review": "소재와 연출 모든게 좋았었지",
    "date": "07.01.14",
    "rating": "9",
    "author": "nala****",
    "review_id": "1384519",
    "movie_id": "10781"
  },
  {
    "review": "참신한 소재",
    "date": "07.01.09",
    "rating": "5",
    "author": "ppp0****",
    "review_id": "1370509",
    "movie_id": "10781"
  },
  {
    "review": "어렸을때 아이가 커졌어요 아빠가 줄었어요와 좋아했던..",
    "date": "06.11.07",
    "rating": "10",
    "author": "8901****",
    "review_id": "1221663",
    "movie_id": "10781"
  },
  {
    "review": "독특하고 기발한 발상. 보는 내내 즐겁고 짜릿하다.",
    "date": "06.10.06",
    "rating": "10",
    "author": "wfy0****",
    "review_id": "1164144",
    "movie_id": "10781"
  },
  {
    "review": "어렸을때 정말 재밌게 봤다. 시리즈까지 모두 섭렵",
    "date": "06.10.04",
    "rating": "10",
    "author": "oioi****",
    "review_id": "1159122",
    "movie_id": "10781"
  },
  {
    "review": "비디오 처음 산날 빌려보았던 비디오 벌써 15년이 지나다니..",
    "date": "06.08.30",
    "rating": "10",
    "author": "dkrl****",
    "review_id": "1089579",
    "movie_id": "10781"
  },
  {
    "review": "어릴땐 재미있었던...",
    "date": "06.08.07",
    "rating": "8",
    "author": "reki****",
    "review_id": "982590",
    "movie_id": "10781"
  },
  {
    "review": "어렸을때의수작",
    "date": "06.07.31",
    "rating": "9",
    "author": "tera****",
    "review_id": "946628",
    "movie_id": "10781"
  },
  {
    "review": "어릴때 잼있게 본 수작중 하나!",
    "date": "06.07.28",
    "rating": "8",
    "author": "saru****",
    "review_id": "930972",
    "movie_id": "10781"
  },
  {
    "review": "졸라 웃기고 재밋엇음 ㅋㅋ",
    "date": "06.04.06",
    "rating": "10",
    "author": "zmgm****",
    "review_id": "750955",
    "movie_id": "10781"
  },
  {
    "review": "얘들영화",
    "date": "05.12.25",
    "rating": "7",
    "author": "kws7****",
    "review_id": "527121",
    "movie_id": "10781"
  },
  {
    "review": "참신한 소재.. 만족...",
    "date": "05.11.21",
    "rating": "7",
    "author": "wick****",
    "review_id": "481179",
    "movie_id": "10781"
  },
  {
    "review": "허...90년도영화네 정말 재밌었는데 ㅋㅋㅋㅋ",
    "date": "05.11.06",
    "rating": "10",
    "author": "desp****",
    "review_id": "466535",
    "movie_id": "10781"
  },
  {
    "review": "어릴적 정말 재미나게 보았다, 참신한 소재.",
    "date": "05.09.10",
    "rating": "8",
    "author": "soom****",
    "review_id": "399307",
    "movie_id": "10781"
  },
  {
    "review": "ㅋㅋ어렸을때 만족..",
    "date": "05.08.29",
    "rating": "10",
    "author": "hong****",
    "review_id": "387525",
    "movie_id": "10781"
  },
  {
    "review": "아직도 기억이 생생함. 계속봐도 재밌는 영화.ㅋ",
    "date": "05.08.20",
    "rating": "10",
    "author": "riot****",
    "review_id": "375134",
    "movie_id": "10781"
  },
  {
    "review": "하하 웃기에 좋은 영화",
    "date": "05.08.10",
    "rating": "9",
    "author": "sill****",
    "review_id": "360546",
    "movie_id": "10781"
  },
  {
    "review": "너무 재밌어요",
    "date": "05.06.07",
    "rating": "10",
    "author": "limj****",
    "review_id": "295469",
    "movie_id": "10781"
  },
  {
    "review": "기발한 아이디어로 가족과 함께 볼만한 재미를 제공한다",
    "date": "05.06.02",
    "rating": "6",
    "author": "si2p****",
    "review_id": "292183",
    "movie_id": "10781"
  },
  {
    "review": "무척이나 재밌게 봤던 추억의 영화",
    "date": "05.05.19",
    "rating": "7",
    "author": "kiki****",
    "review_id": "281182",
    "movie_id": "10781"
  },
  {
    "review": "재밌게 본 기억..대자연의 위대함(?)을 경험할 수 있쥐~",
    "date": "05.03.26",
    "rating": "8",
    "author": "abag****",
    "review_id": "247606",
    "movie_id": "10781"
  },
  {
    "review": "디즈니 다운 기발한 아이디어의 영화.",
    "date": "05.03.26",
    "rating": "7",
    "author": "pcw0****",
    "review_id": "247590",
    "movie_id": "10781"
  }
]