[
  {
    "review": "가짜성룡이 나오는 짜집기 영화~돈이 뭐길래",
    "date": "15.01.27",
    "rating": "1",
    "author": "6gab****",
    "review_id": "9643439",
    "movie_id": "10788"
  },
  {
    "review": "연결이 자연스럽지않고 상황이 억지스럽다 성룡영화중에 가장실망한 작품",
    "date": "12.07.18",
    "rating": "6",
    "author": "dntj****",
    "review_id": "6491636",
    "movie_id": "10788"
  },
  {
    "review": "기본적으로는,양심의 문제,근본적으론 상식의문제.짜집기필름활용은사망유희로 족하다",
    "date": "11.09.09",
    "rating": "2",
    "author": "baks****",
    "review_id": "5716878",
    "movie_id": "10788"
  },
  {
    "review": "전편을 거의 그대로 캡쳐해놨네! 변장모습들 다 가짜성룡들! 보지마라 성룡출연가짜임",
    "date": "10.09.28",
    "rating": "1",
    "author": "merm****",
    "review_id": "4874480",
    "movie_id": "10788"
  },
  {
    "review": "소권괴초를 짜집기해서 만든영화..쿵푸영화 찍기 싫어하는 성룡의 모습",
    "date": "10.09.23",
    "rating": "3",
    "author": "thra****",
    "review_id": "4859393",
    "movie_id": "10788"
  },
  {
    "review": "불타는 집을 바라보며 허허허허허허허허 웃는 천지쌍살의 얼굴이 잊혀지지 않는다",
    "date": "10.06.29",
    "rating": "10",
    "author": "humi****",
    "review_id": "4598832",
    "movie_id": "10788"
  },
  {
    "review": "이건 성룡자신도 수치 스럽게 생각 하는 영화일것이다 정말 한심한영화",
    "date": "10.01.18",
    "rating": "1",
    "author": "room****",
    "review_id": "4185562",
    "movie_id": "10788"
  },
  {
    "review": "하하하",
    "date": "09.10.03",
    "rating": "10",
    "author": "nice****",
    "review_id": "3869019",
    "movie_id": "10788"
  },
  {
    "review": "옛날에 다 봤던 영화인데 재밌다 근데 볼방법이 없으니;;;;",
    "date": "09.06.22",
    "rating": "10",
    "author": "ok99****",
    "review_id": "3580959",
    "movie_id": "10788"
  },
  {
    "review": "소권괴초는 아직못봤지만, 용등호야는 성룡이라도 별로 호응이 없다.....",
    "date": "08.10.13",
    "rating": "6",
    "author": "ldg0****",
    "review_id": "2998342",
    "movie_id": "10788"
  },
  {
    "review": "소권괴초와 중복되는 액션장면땜에 어이상실.....",
    "date": "08.06.14",
    "rating": "5",
    "author": "sall****",
    "review_id": "2697785",
    "movie_id": "10788"
  },
  {
    "review": "전편에 비해 패주기 활약성이나 유쾌감은 떨어진것같은 느낌.",
    "date": "08.05.01",
    "rating": "6",
    "author": "lgju****",
    "review_id": "2609041",
    "movie_id": "10788"
  },
  {
    "review": "83년작 이게 소권괴초2란 말인가 재미있었는데 진실을 알고 나니 씁슬하다",
    "date": "08.02.07",
    "rating": "6",
    "author": "deff****",
    "review_id": "2417508",
    "movie_id": "10788"
  },
  {
    "review": "영화재밌다",
    "date": "07.04.02",
    "rating": "10",
    "author": "khs9****",
    "review_id": "1569159",
    "movie_id": "10788"
  },
  {
    "review": "이영화 받았는데 자막 어디서 구해요",
    "date": "07.04.02",
    "rating": "7",
    "author": "pjkm****",
    "review_id": "1567918",
    "movie_id": "10788"
  },
  {
    "review": "ㅋㅋㅋ화질 좋은자료 있나이거  재밌긴 재밌는데 성룡 좋아!ㅋ",
    "date": "05.08.16",
    "rating": "10",
    "author": "godq****",
    "review_id": "369517",
    "movie_id": "10788"
  }
]