[
  {
    "review": "모두의 연기가 좋았습니다",
    "date": "13.11.28",
    "rating": "10",
    "author": "qudd****",
    "review_id": "8172613",
    "movie_id": "10789"
  },
  {
    "review": "수작 입니다. 기화되면 꼭 보시길  최유라씨 연기 다시보고 싶습니다.",
    "date": "13.10.13",
    "rating": "10",
    "author": "gown****",
    "review_id": "8057980",
    "movie_id": "10789"
  },
  {
    "review": "한국사회의 가부장제의 몰락을 온몸으로 호소하다.",
    "date": "11.07.28",
    "rating": "7",
    "author": "evil****",
    "review_id": "5575610",
    "movie_id": "10789"
  },
  {
    "review": "김인문씨의 무기력한 중년 연기가 참 그럴듯했는데...영화 참 좋았구요 명복을 빕니다",
    "date": "11.04.25",
    "rating": "10",
    "author": "flam****",
    "review_id": "5392204",
    "movie_id": "10789"
  },
  {
    "review": "예전에 비디오 있었는데..다시 한번 보고 싶은데..어딘있는지 모름..아쉬워요..",
    "date": "10.02.08",
    "rating": "10",
    "author": "jypa****",
    "review_id": "4258350",
    "movie_id": "10789"
  },
  {
    "review": "제가 최초로 접한 성인물^^ 엄마한테 걸려 엄청 혼났던 기억이 있음.. 잊지 못할ㅎㅎ",
    "date": "09.03.31",
    "rating": "10",
    "author": "time****",
    "review_id": "3397777",
    "movie_id": "10789"
  },
  {
    "review": "최유라의 연기가 아주 좋았으며 역시 그녀는 신인상을 받을만 했었다고 느낀다..",
    "date": "08.12.01",
    "rating": "10",
    "author": "jds0****",
    "review_id": "3083349",
    "movie_id": "10789"
  },
  {
    "review": "김희라 무지웃김. 덤으로 최유라의 벗은 뒷모습까지..",
    "date": "05.03.24",
    "rating": "9",
    "author": "suny****",
    "review_id": "246387",
    "movie_id": "10789"
  }
]