[
  {
    "review": "와 내가 제일 좋아하는 배우 중 1명이 조디포스터인데 진짜 이쁘네",
    "date": "15.08.22",
    "rating": "10",
    "author": "jsga****",
    "review_id": "10261265",
    "movie_id": "10793"
  },
  {
    "review": "홀로 생각하고 홀로 분노하고 홀로 광란에 빠지다 폭팔해 버리는 은둔형 외톨이. 자신만의 시야, 자신만의 잣대로 세상을 정의 내릴 때 치닫는 극단의 폐해....가 아닌 의외의 효과??",
    "date": "15.08.19",
    "rating": "10",
    "author": "sanh****",
    "review_id": "10250416",
    "movie_id": "10793"
  },
  {
    "review": "로버트드니로 전성기시절 최고의 연기를 감상할수있는 작품.",
    "date": "15.08.17",
    "rating": "10",
    "author": "kjk9****",
    "review_id": "10243580",
    "movie_id": "10793"
  },
  {
    "review": "로버트드니로를 좋아하게되고 그의영화를 보게된계기가 된 영화",
    "date": "15.08.15",
    "rating": "10",
    "author": "dprt****",
    "review_id": "10234016",
    "movie_id": "10793"
  },
  {
    "review": "난 별로 재미없었다. 아이리스가 조디포스터 라는게 최고의 반전 ㅋㅋ",
    "date": "15.07.18",
    "rating": "4",
    "author": "nikk****",
    "review_id": "10117836",
    "movie_id": "10793"
  },
  {
    "review": "30 40년 전 영화지만 요즈음 현실과도 다를 바 없는 외로움들..대사하나하나가주옥같다",
    "date": "15.06.22",
    "rating": "10",
    "author": "char****",
    "review_id": "10020798",
    "movie_id": "10793"
  },
  {
    "review": "다시 이 영화를 보고 싶다는 건 이 사회를 살아가는 나의 심리를 보는 듯한 공감떄문인가",
    "date": "15.06.14",
    "rating": "9",
    "author": "k050****",
    "review_id": "9999595",
    "movie_id": "10793"
  },
  {
    "review": "싸늘하다.뭔지 모를 외로움이 몰려 온다.",
    "date": "15.05.26",
    "rating": "7",
    "author": "marc****",
    "review_id": "9951722",
    "movie_id": "10793"
  },
  {
    "review": "요즘은 상업감독으로  탈바꿈했지만 택시드라이버는 명백히 예술가의 작품이다",
    "date": "15.05.19",
    "rating": "9",
    "author": "akir****",
    "review_id": "9932187",
    "movie_id": "10793"
  },
  {
    "review": "드니로의 연기, 음악 까지 다 좋네요",
    "date": "15.05.13",
    "rating": "9",
    "author": "wogh****",
    "review_id": "9914771",
    "movie_id": "10793"
  },
  {
    "review": "권선징악이란말이 이영화에선 모순",
    "date": "15.04.29",
    "rating": "10",
    "author": "vldm****",
    "review_id": "9877265",
    "movie_id": "10793"
  },
  {
    "review": "노잼임. 영화속 시대땐 공감 받고 극찬이였겠지만. 지금의 극찬은 뭘로 하는건지 도통 모르겠다. 마냥 10점 주는건가? 고로 난 평점좀 제대로 떨궈주겠다",
    "date": "15.04.10",
    "rating": "1",
    "author": "qhdy****",
    "review_id": "9838449",
    "movie_id": "10793"
  },
  {
    "review": "역시 대부 때 부터 포스가 남다르다는건 알았지만",
    "date": "15.04.02",
    "rating": "10",
    "author": "pc59****",
    "review_id": "9822913",
    "movie_id": "10793"
  },
  {
    "review": "이런게 영화라는...",
    "date": "15.03.13",
    "rating": "10",
    "author": "ging****",
    "review_id": "9777820",
    "movie_id": "10793"
  },
  {
    "review": "왜 많은 영화 관계자나 배우들이 이 영화를 보고 배우나 감독의 꿈을 키웠다는 줄 알겠다",
    "date": "15.03.09",
    "rating": "10",
    "author": "tell****",
    "review_id": "9769728",
    "movie_id": "10793"
  },
  {
    "review": "로버트드니로=택시드라이버....그의 대표작....이런느낌을 주는 영화는 몇편없다....",
    "date": "15.03.04",
    "rating": "10",
    "author": "kara****",
    "review_id": "9755551",
    "movie_id": "10793"
  },
  {
    "review": "이 영화를 보는 내내 푸코가 떠오름 거장들은 철학을 생으로 보여주는 기이한 능력이 있는 듯 아니면 서구적 사고방식이 자연스레 서구 영화에 묻어나오는 거거나.",
    "date": "15.03.01",
    "rating": "10",
    "author": "tpfl****",
    "review_id": "9749896",
    "movie_id": "10793"
  },
  {
    "review": "총질활극쯤을 기대하고 보고나서 실망해 평점 1점 주는 테러리스트들이 더 이상 생기질 않길 바라며...70년대 미국의 정치.경제.사회적 배경과 그 속에 살아가는 무력하고 고독한 개인과의 관계를 고찰한 명작. 배경에 대한 지식과 이해가 반드시 필요.",
    "date": "15.02.24",
    "rating": "10",
    "author": "stem****",
    "review_id": "9733950",
    "movie_id": "10793"
  },
  {
    "review": "명성과 재미는 언제나 반비례 관계..",
    "date": "15.02.19",
    "rating": "5",
    "author": "seen****",
    "review_id": "9714542",
    "movie_id": "10793"
  },
  {
    "review": "어떤 미친놈의 광기어린 영웅놀이",
    "date": "15.02.10",
    "rating": "9",
    "author": "sipj****",
    "review_id": "9685301",
    "movie_id": "10793"
  },
  {
    "review": "So- Sick!!!  리얼리 퍽드 업. 정말 좋아하는 영화!",
    "date": "15.02.02",
    "rating": "10",
    "author": "ozfu****",
    "review_id": "9660520",
    "movie_id": "10793"
  },
  {
    "review": "최고의 히어로무비 걸작",
    "date": "15.02.02",
    "rating": "10",
    "author": "rhdu****",
    "review_id": "9659736",
    "movie_id": "10793"
  },
  {
    "review": "지독히도 불만스럽고 답답했던 한 택시 기사의 발악의 총놀이.",
    "date": "15.01.19",
    "rating": "9",
    "author": "dpdj****",
    "review_id": "9614274",
    "movie_id": "10793"
  },
  {
    "review": "로버트드니로는 대단하다~ 어떻게 저런 연기를...ㄷㄷㄷ",
    "date": "15.01.17",
    "rating": "10",
    "author": "luna****",
    "review_id": "9604035",
    "movie_id": "10793"
  },
  {
    "review": "no.1 persona",
    "date": "15.01.07",
    "rating": "10",
    "author": "pgh3****",
    "review_id": "9570919",
    "movie_id": "10793"
  },
  {
    "review": "그의 펜이 되었다...",
    "date": "15.01.02",
    "rating": "10",
    "author": "fing****",
    "review_id": "9549945",
    "movie_id": "10793"
  },
  {
    "review": "로버트드니로 작품 중 명작인데..여자들에게도 공감을 불러일으킬 지는 ...남자에게는 와닿는 혼잣말이 많음..",
    "date": "14.12.26",
    "rating": "8",
    "author": "bvkr****",
    "review_id": "9520766",
    "movie_id": "10793"
  },
  {
    "review": "연출도 훌륭하지만 로버트 드니로의 연기에 경악을 금치못한다",
    "date": "14.12.26",
    "rating": "10",
    "author": "wjdd****",
    "review_id": "9518114",
    "movie_id": "10793"
  },
  {
    "review": "개명작졸잼짱잼굿잼잼",
    "date": "14.12.22",
    "rating": "10",
    "author": "skdn****",
    "review_id": "9501305",
    "movie_id": "10793"
  },
  {
    "review": "드니로의 좋은 연기력 옛날 영화이지만 지금봐도 꿀 잼.",
    "date": "14.12.15",
    "rating": "10",
    "author": "goa1****",
    "review_id": "9476582",
    "movie_id": "10793"
  },
  {
    "review": "너무 기대하고 봐서 그런지 실망..",
    "date": "14.12.12",
    "rating": "6",
    "author": "jhpa****",
    "review_id": "9467161",
    "movie_id": "10793"
  },
  {
    "review": "쓸어버리자니 능력이 없고 고독하다. 쓸어버렸더니 더더욱 고독하다.",
    "date": "14.12.11",
    "rating": "8",
    "author": "kklq****",
    "review_id": "9464735",
    "movie_id": "10793"
  },
  {
    "review": "You talkin' to me?",
    "date": "14.11.30",
    "rating": "10",
    "author": "jdyj****",
    "review_id": "9436325",
    "movie_id": "10793"
  },
  {
    "review": "이런 영화가 진짜 명작이다. 이상하게 자꾸만 보게되는 영화",
    "date": "14.11.17",
    "rating": "10",
    "author": "smhe****",
    "review_id": "9396433",
    "movie_id": "10793"
  },
  {
    "review": "이영화가 왜 명작이라구 하는지 이해가 안됨 .시간이 이깝다",
    "date": "14.11.13",
    "rating": "1",
    "author": "cnn3****",
    "review_id": "9376984",
    "movie_id": "10793"
  },
  {
    "review": "음악도 좋고 하지만 주인공 좀 4차원이네",
    "date": "14.11.09",
    "rating": "7",
    "author": "xfig****",
    "review_id": "9361285",
    "movie_id": "10793"
  },
  {
    "review": "1976년, 지금은 2014년. 도대체 뭐가 달라졌는가?",
    "date": "14.11.07",
    "rating": "10",
    "author": "ttae****",
    "review_id": "9347799",
    "movie_id": "10793"
  },
  {
    "review": "보는 내내 졸았다. 게다가 이해하기 힘든 결말..남는건 OST 뿐..",
    "date": "14.11.04",
    "rating": "6",
    "author": "qhrt****",
    "review_id": "9340520",
    "movie_id": "10793"
  },
  {
    "review": "내가 보기 아까운 영화라 1점 줍니다",
    "date": "14.10.20",
    "rating": "1",
    "author": "nadi****",
    "review_id": "9303847",
    "movie_id": "10793"
  },
  {
    "review": "이영화  정말 희안한게  볼때는 그냥 그런가보다 하는데  끝나고 나면  또보고 싶다   이런느낌은 첨받아본다 재밌어서 또보고 싶은 케이스 가아닌..알수없는 매력",
    "date": "14.10.17",
    "rating": "9",
    "author": "zhde****",
    "review_id": "9297406",
    "movie_id": "10793"
  },
  {
    "review": "음악말곤 남는게 없다.",
    "date": "14.10.11",
    "rating": "1",
    "author": "dbwl****",
    "review_id": "9285468",
    "movie_id": "10793"
  },
  {
    "review": "'조디 포스터는 언제 나오지?' 하면서 보는데, 처음엔 눈화장 때문에 몰라봤다. 지루하고 외로운 주인공. 인간쓰레기들로 가득한 뉴욕. 영웅이 된 택시 드라이버. 일상은 계속 된다.",
    "date": "14.10.01",
    "rating": "8",
    "author": "kjy3****",
    "review_id": "9252810",
    "movie_id": "10793"
  },
  {
    "review": "지금 봐도 대단한 작품.",
    "date": "14.09.16",
    "rating": "10",
    "author": "rlfe****",
    "review_id": "9219042",
    "movie_id": "10793"
  },
  {
    "review": "블루문 특급의 시빌 쉐퍼드의 아름다웟던 시절,  조디 퍼스터의  어린시절, 두 여자를 대면하는 드니로.그리고 연기파 배우 하비 케이틀일단 영화가 전혀 지루하지 않고 짜임새가 아주 훌륭하다.음악이 영화에서 얼마나 중요한지도 보여주는 영화.최고임",
    "date": "14.09.02",
    "rating": "10",
    "author": "irh7****",
    "review_id": "9155063",
    "movie_id": "10793"
  },
  {
    "review": "70년대 미국의 모습을 볼 수 있어 좋고, 무엇보다 음악과 로버트 드 니로의 연기에 만점을 주고싶다.",
    "date": "14.08.27",
    "rating": "8",
    "author": "kaga****",
    "review_id": "9137281",
    "movie_id": "10793"
  },
  {
    "review": "로버트 드니로의 연기만해도 10점이다",
    "date": "14.08.24",
    "rating": "10",
    "author": "whcj****",
    "review_id": "9127668",
    "movie_id": "10793"
  },
  {
    "review": "이영화의  흐름이나 결말은 이해하기 힘들지만..볼만은 했음",
    "date": "14.08.23",
    "rating": "9",
    "author": "1pim****",
    "review_id": "9125730",
    "movie_id": "10793"
  },
  {
    "review": "처절하다. 그리고 생각치 못한 결말…….",
    "date": "14.08.19",
    "rating": "8",
    "author": "rame****",
    "review_id": "9111652",
    "movie_id": "10793"
  },
  {
    "review": "택시드라이버로 위장한 사회의 쓰레기들을 제거할려는 한 남자...어리석다고 생각할 수 있었던 그의 호기로운 행동이 그래도 한명은 구해내고 만다. 영화는 좋게 끝났지만 이후에도 주인공이 어리석은 행동을 또 할지 걱정이다",
    "date": "14.08.12",
    "rating": "6",
    "author": "zxvt****",
    "review_id": "9074032",
    "movie_id": "10793"
  },
  {
    "review": "주제의식? 그런거 다 필요없고 재즈 풍의 배경에서 음악까지 즐기다보면 대단하고 느껴짐. 음악이 이렇게 중요한 요소이구나를 느끼게 해주는 작품. 주제의식은 강하지만 여러 해석이 가능할듯. 음악만 보면 10점.",
    "date": "14.08.10",
    "rating": "9",
    "author": "chae****",
    "review_id": "9062107",
    "movie_id": "10793"
  },
  {
    "review": "브루주아들은 절대로 이 영화 이해 못할거야. 돈만 밝히는 자본가들 진짜 알고보면 네들 때매 저런 환경이 만들어 진거야.",
    "date": "14.08.07",
    "rating": "10",
    "author": "sams****",
    "review_id": "9044961",
    "movie_id": "10793"
  },
  {
    "review": "정제된 스콜세지와 드 니로가 만들어낸 합작.",
    "date": "14.08.03",
    "rating": "10",
    "author": "ogr5****",
    "review_id": "9017901",
    "movie_id": "10793"
  },
  {
    "review": "스콜세지 영화중 가장 난해한 영화",
    "date": "14.08.03",
    "rating": "7",
    "author": "gong****",
    "review_id": "9014022",
    "movie_id": "10793"
  },
  {
    "review": "그 시대, 영화의 교과서.",
    "date": "14.07.22",
    "rating": "10",
    "author": "aaas****",
    "review_id": "8940401",
    "movie_id": "10793"
  },
  {
    "review": "영웅 없는 사회에서 몸부림 치는 한 소시민의 이야기.",
    "date": "14.07.21",
    "rating": "9",
    "author": "kko0****",
    "review_id": "8938425",
    "movie_id": "10793"
  },
  {
    "review": "내 인생 최고의 영화들 중 하나",
    "date": "14.07.18",
    "rating": "10",
    "author": "dmc1****",
    "review_id": "8927016",
    "movie_id": "10793"
  },
  {
    "review": "걸작 제조기 로보트 드니로여~! 영원하라!!",
    "date": "14.07.12",
    "rating": "10",
    "author": "spar****",
    "review_id": "8910025",
    "movie_id": "10793"
  },
  {
    "review": "레알 명작 명불허전 드니로",
    "date": "14.07.08",
    "rating": "9",
    "author": "powe****",
    "review_id": "8895162",
    "movie_id": "10793"
  },
  {
    "review": "로버트 드니로 - 마틴 스콜세지",
    "date": "14.07.05",
    "rating": "10",
    "author": "luvf****",
    "review_id": "8886024",
    "movie_id": "10793"
  },
  {
    "review": "몰입도 최상, 영화의 거무튀튀한 빨간색 배경화면이 모든 걸 말해준다.",
    "date": "14.06.28",
    "rating": "10",
    "author": "wlsg****",
    "review_id": "8865960",
    "movie_id": "10793"
  },
  {
    "review": "살다보면 인간 쓰레기같은 새기들한테 환멸을 느낄때가 많다. 그때 정말 총이 있다면 쏴죽여버리고 싶다는 충동을 느낀다. 기술발전 국력발전? ㅋㅋ 인간쓰레기들은 갈수록 넘쳐날 것이다. 그래서 트래비스의 기사도 정신은 전혀 촌스러워 보이지 않다.",
    "date": "14.06.22",
    "rating": "9",
    "author": "gree****",
    "review_id": "8846052",
    "movie_id": "10793"
  },
  {
    "review": "아 젊은 시절 드니로 너무 멋있다~~~~! 새로웠어",
    "date": "14.06.20",
    "rating": "10",
    "author": "shis****",
    "review_id": "8843240",
    "movie_id": "10793"
  },
  {
    "review": "중학생의 조디 포스터가 나왔다는 사실. 기억에 남는 장면은 you taling to me? 오락적인 측면에서는 매력이 없는 영화. 로버트 드 니로의 섬뜩한 카리스마.",
    "date": "14.06.20",
    "rating": "1",
    "author": "jjaj****",
    "review_id": "8841973",
    "movie_id": "10793"
  },
  {
    "review": "이 영화로 말미암에 내 인생의 방향이 결정되었다. 영화 그 이상의 마력이 흘러넘치는 영화...",
    "date": "14.06.17",
    "rating": "10",
    "author": "fore****",
    "review_id": "8836439",
    "movie_id": "10793"
  },
  {
    "review": "마틴 스콜세지 팬이 되버렸습니다.",
    "date": "14.06.13",
    "rating": "10",
    "author": "toto****",
    "review_id": "8825159",
    "movie_id": "10793"
  },
  {
    "review": "9점짜린 절대아닌듯...",
    "date": "14.06.04",
    "rating": "1",
    "author": "sunr****",
    "review_id": "8792121",
    "movie_id": "10793"
  },
  {
    "review": "명화 중 명화이다. 꼭 보길 바란다.",
    "date": "14.06.03",
    "rating": "9",
    "author": "ocka****",
    "review_id": "8791418",
    "movie_id": "10793"
  },
  {
    "review": "마지막총격신이 너무 인상적이라 기억에서 잊혀지질 않는다",
    "date": "14.05.29",
    "rating": "9",
    "author": "qlxm****",
    "review_id": "8773153",
    "movie_id": "10793"
  },
  {
    "review": "9점짜린 절대아닌듯....",
    "date": "14.05.26",
    "rating": "1",
    "author": "ysh0****",
    "review_id": "8768211",
    "movie_id": "10793"
  },
  {
    "review": "영화내용은 정말 흥미롭고 재미있었고 로버트드니로의 연기도 좋았는데 네이버 영화줄거리뭐냐??사람들이 흥미를느끼고 보게끔 앞부분만 살짝얘기해주던지 그래야지 줄거리에서 영화뒷부분내용까지 다 얘기하고있네 참나",
    "date": "14.05.20",
    "rating": "9",
    "author": "life****",
    "review_id": "8748869",
    "movie_id": "10793"
  },
  {
    "review": "글쎄ㅈ잘모르겠다  노랜좋음",
    "date": "14.05.19",
    "rating": "1",
    "author": "ollo****",
    "review_id": "8746348",
    "movie_id": "10793"
  },
  {
    "review": "무난무난 그당시 미국사회의 현실을 잘 꼬집은것 같다.그나저나 조디 포스터 너무 예쁘다",
    "date": "14.05.16",
    "rating": "7",
    "author": "ehwj****",
    "review_id": "8737598",
    "movie_id": "10793"
  },
  {
    "review": "와.. 진짜 드니로 어린 나이때부터 연기력 지린다.",
    "date": "14.05.15",
    "rating": "10",
    "author": "bela****",
    "review_id": "8731253",
    "movie_id": "10793"
  },
  {
    "review": "잘그렸지만 불쾌한 자화상",
    "date": "14.05.12",
    "rating": "7",
    "author": "love****",
    "review_id": "8725377",
    "movie_id": "10793"
  },
  {
    "review": "영화좀 꼼꼼히봐라. 영웅심리타령하는 멍청이들아. 트래비스는 죽음을 각오하고 쓰레기속에서 아이리스를 구하러 들어갔고. 실제로 죽으려고 방아쇠를 당겼다.아이리스에게 미리 여비를 편지로 붙이고 받을땐 아마 난 죽었을거라고 했지.",
    "date": "14.05.02",
    "rating": "10",
    "author": "klar****",
    "review_id": "8693458",
    "movie_id": "10793"
  },
  {
    "review": "외로운 택시 드라이버의 이야기",
    "date": "14.04.30",
    "rating": "8",
    "author": "kp20****",
    "review_id": "8684935",
    "movie_id": "10793"
  },
  {
    "review": "이젠 그냥 누워서 봐도 꿈속에서 펼쳐지는 영화",
    "date": "14.04.30",
    "rating": "10",
    "author": "suvr****",
    "review_id": "8683470",
    "movie_id": "10793"
  },
  {
    "review": "인간의 외로움, 소외감을 트래비스가 잘 대변하는 것 같다. 극 전편에 흐르는 긴장감과 드니로의 연기는 정말 대단하다. 트래비스의 헤어스타일이 스포츠였다가 긴 머리로 돌아갔다가 하는 부분은 옥의 티다.",
    "date": "14.04.20",
    "rating": "10",
    "author": "sunw****",
    "review_id": "8661429",
    "movie_id": "10793"
  },
  {
    "review": "타락하고 더러워진 이 사회에 대한 답답함과 고민으로 진정으로 외로워하고 괴로워하는 트래비스같은 캐릭터가 모든 영화 통틀어서 얼마나 되나? 온갖 부도덕으로 뒤덥힌 사회를 살아가는 현대인들에게 이 영화는 필수이며 보고 한번쯤 생각해봐야 할 최고의 영화다.",
    "date": "14.04.04",
    "rating": "10",
    "author": "mara****",
    "review_id": "8627760",
    "movie_id": "10793"
  },
  {
    "review": "한  직장인의 화끈한  일상탈출 , 시대를  앞서간  트래비스의  모히칸  , 걸작",
    "date": "14.04.01",
    "rating": "10",
    "author": "otu2****",
    "review_id": "8621870",
    "movie_id": "10793"
  },
  {
    "review": "스콜세지 최고의 명작 + 드니로 포스터의 연기력",
    "date": "14.03.26",
    "rating": "10",
    "author": "gch0****",
    "review_id": "8606826",
    "movie_id": "10793"
  },
  {
    "review": "드니로와 스콜세지 감독의 대단한 작품입니다.",
    "date": "14.03.17",
    "rating": "10",
    "author": "digi****",
    "review_id": "8583935",
    "movie_id": "10793"
  },
  {
    "review": "정말 통쾌하다.  역겨운 아동 포주놈들",
    "date": "14.03.11",
    "rating": "9",
    "author": "wjdg****",
    "review_id": "8568333",
    "movie_id": "10793"
  },
  {
    "review": "영웅이 되고싶겟지만 그저 현실 도피.",
    "date": "14.03.04",
    "rating": "10",
    "author": "boxg****",
    "review_id": "8554999",
    "movie_id": "10793"
  },
  {
    "review": "작살난다 분위기에 압도",
    "date": "14.02.13",
    "rating": "10",
    "author": "pepe****",
    "review_id": "8502342",
    "movie_id": "10793"
  },
  {
    "review": "이건 연약한 영웅도 아니고 한마디로 또라이다! 첨엔 그럴싸 했는데 중반 이후 좀 지루하고 다른 영화보다 특별난 것이 없는 평작이다!",
    "date": "14.02.07",
    "rating": "7",
    "author": "katy****",
    "review_id": "8485852",
    "movie_id": "10793"
  },
  {
    "review": "기가 막히다..76년 작!",
    "date": "14.02.01",
    "rating": "9",
    "author": "jdh1****",
    "review_id": "8460869",
    "movie_id": "10793"
  },
  {
    "review": "사회 부적응자의 몸부림",
    "date": "14.01.14",
    "rating": "10",
    "author": "chlw****",
    "review_id": "8380880",
    "movie_id": "10793"
  },
  {
    "review": "현실이 시궁창인데,  나또한 시궁창이더군. 위선적일뿐, '무지한 위선' 세상을 모르겠어. 지금봐도 너무 멋진 예술영화.",
    "date": "14.01.05",
    "rating": "10",
    "author": "mome****",
    "review_id": "8353330",
    "movie_id": "10793"
  },
  {
    "review": "'마틴스콜세지필름'의 초기버전. 하지만 미숙하지 않은 인물 내면의 표현.",
    "date": "13.12.17",
    "rating": "8",
    "author": "mju9****",
    "review_id": "8219510",
    "movie_id": "10793"
  },
  {
    "review": "그로선 그위치에선 모든 것을 쏟아부었다.",
    "date": "13.12.10",
    "rating": "8",
    "author": "biga****",
    "review_id": "8204011",
    "movie_id": "10793"
  },
  {
    "review": "철학 있는 긴장감이 만들어낸 깊이 있는 여운",
    "date": "13.12.10",
    "rating": "9",
    "author": "soqu****",
    "review_id": "8203863",
    "movie_id": "10793"
  },
  {
    "review": "배어버린 신념 찌질한 현실  그의 영웅담",
    "date": "13.12.08",
    "rating": "9",
    "author": "kang****",
    "review_id": "8199620",
    "movie_id": "10793"
  },
  {
    "review": "내 인생 영화!! 마틴스콜세지와 로버트 드니로의 만남의 정점",
    "date": "13.11.28",
    "rating": "10",
    "author": "ms99****",
    "review_id": "8173157",
    "movie_id": "10793"
  },
  {
    "review": "자기식의 세상해석. 얼떨떨한 영웅",
    "date": "13.11.24",
    "rating": "8",
    "author": "ddol****",
    "review_id": "8163954",
    "movie_id": "10793"
  },
  {
    "review": "사회고발영화  조디포스터의어릴때모습도 볼수있다",
    "date": "13.11.14",
    "rating": "8",
    "author": "xx41****",
    "review_id": "8137266",
    "movie_id": "10793"
  },
  {
    "review": "말이필요없다.. 이건  걸작!!",
    "date": "13.11.06",
    "rating": "10",
    "author": "dark****",
    "review_id": "8118317",
    "movie_id": "10793"
  },
  {
    "review": "이보다 더 재밌는 1976년작 영화는 정말 드물겁니다.",
    "date": "13.11.03",
    "rating": "10",
    "author": "ange****",
    "review_id": "8113638",
    "movie_id": "10793"
  },
  {
    "review": "다시는 나올 수 없는 불후의 명작",
    "date": "13.11.03",
    "rating": "10",
    "author": "jhpr****",
    "review_id": "8111909",
    "movie_id": "10793"
  },
  {
    "review": "로버트 드 니로, 조디 포스터, 버나드 허먼.",
    "date": "13.11.02",
    "rating": "10",
    "author": "rnjs****",
    "review_id": "8109365",
    "movie_id": "10793"
  }
]