[
  {
    "review": "대작이죠. 꼭 보세요. *^^*",
    "date": "15.04.19",
    "rating": "10",
    "author": "brot****",
    "review_id": "9853220",
    "movie_id": "10796"
  },
  {
    "review": "영화 좋다. 한번 쯤 꼭 볼만하다...",
    "date": "15.02.27",
    "rating": "10",
    "author": "edau****",
    "review_id": "9743822",
    "movie_id": "10796"
  },
  {
    "review": "Twenty dwarves took turns doing hands stands on the carpet",
    "date": "15.01.30",
    "rating": "10",
    "author": "nasu****",
    "review_id": "9650322",
    "movie_id": "10796"
  },
  {
    "review": "엄연한 범죄자를 멋있고 야망있는 인물로 포장",
    "date": "14.08.08",
    "rating": "1",
    "author": "mara****",
    "review_id": "9047810",
    "movie_id": "10796"
  },
  {
    "review": "\"Everybody deserves a fresh start every once in a while.\" 은 최고의 명대사.",
    "date": "13.05.03",
    "rating": "10",
    "author": "paul****",
    "review_id": "7503087",
    "movie_id": "10796"
  },
  {
    "review": "벅시의 포스에 넋놓고 본 영화.",
    "date": "13.01.07",
    "rating": "10",
    "author": "kkw1****",
    "review_id": "7089780",
    "movie_id": "10796"
  },
  {
    "review": "주인공에 너무 빠져서 잠시 체험을 한 기분",
    "date": "12.04.16",
    "rating": "9",
    "author": "kimg****",
    "review_id": "6225245",
    "movie_id": "10796"
  },
  {
    "review": "쉽게 납득못하나 독특한 열정,아집의 워렌비티와 아네트버닝 매력! 댠 대부처럼 감동주진못함.",
    "date": "12.04.15",
    "rating": "8",
    "author": "hoon****",
    "review_id": "6222462",
    "movie_id": "10796"
  },
  {
    "review": "엔딩크레딧이 올라갈때 이렇게 오묘한감정을 이끌어낸다는것은 분명 대작이다.",
    "date": "12.04.15",
    "rating": "9",
    "author": "elbi****",
    "review_id": "6222009",
    "movie_id": "10796"
  },
  {
    "review": "좋다",
    "date": "12.04.15",
    "rating": "10",
    "author": "jw10****",
    "review_id": "6221835",
    "movie_id": "10796"
  },
  {
    "review": "아래 리뷰보니까 남자라면꼭봐야한다는데... 정말 이해안가는 말이다?찌질인데",
    "date": "12.01.13",
    "rating": "1",
    "author": "veaf****",
    "review_id": "5984028",
    "movie_id": "10796"
  },
  {
    "review": "남자는 절대로돈관리를 여자에게 맡기면 안된다는 것을 확실히 보여준 영화",
    "date": "11.09.24",
    "rating": "9",
    "author": "sejo****",
    "review_id": "5748610",
    "movie_id": "10796"
  },
  {
    "review": "러브어패어보고 베닝이이뻐서 봤는데 별루다...",
    "date": "11.07.15",
    "rating": "6",
    "author": "dbzh****",
    "review_id": "5543830",
    "movie_id": "10796"
  },
  {
    "review": "배짱과 야망이 있어야 큰물에서 논다는걸 재차 확인한 영화.. 베닝은 눈부시다",
    "date": "11.02.18",
    "rating": "8",
    "author": "come****",
    "review_id": "5251955",
    "movie_id": "10796"
  },
  {
    "review": "진짜 남자라면 꼭 봐야된다. 보고나면 성공하고 싶은 야망이 솟아오른다.",
    "date": "11.01.17",
    "rating": "10",
    "author": "ring****",
    "review_id": "5165976",
    "movie_id": "10796"
  },
  {
    "review": "야망을 키우고 싶은 남자라면 꼭 봐야할 영화~",
    "date": "10.12.23",
    "rating": "10",
    "author": "dene****",
    "review_id": "5077159",
    "movie_id": "10796"
  },
  {
    "review": "재밌게 보고 궁금해서 검색했는데 의외로 참여인원이 적네요",
    "date": "10.11.10",
    "rating": "9",
    "author": "horo****",
    "review_id": "4949755",
    "movie_id": "10796"
  },
  {
    "review": "수작영화인데 참여인원이 적네..",
    "date": "10.10.24",
    "rating": "10",
    "author": "mais****",
    "review_id": "4919867",
    "movie_id": "10796"
  },
  {
    "review": "웨렌 비티의 연기가 좀 어색해 보였다",
    "date": "10.07.26",
    "rating": "6",
    "author": "bbq2****",
    "review_id": "4675028",
    "movie_id": "10796"
  },
  {
    "review": "워렌비티, 아네트베닝이랑 결혼했었다가 이혼했지",
    "date": "10.07.09",
    "rating": "10",
    "author": "bajj****",
    "review_id": "4623778",
    "movie_id": "10796"
  },
  {
    "review": "천하의 알카포네도 아네트 베닝의 매력에 넘어갈 것 이다.",
    "date": "09.12.17",
    "rating": "9",
    "author": "rd72****",
    "review_id": "4051214",
    "movie_id": "10796"
  },
  {
    "review": "미래를 두려워 말라",
    "date": "09.12.13",
    "rating": "10",
    "author": "pkh0****",
    "review_id": "4038684",
    "movie_id": "10796"
  },
  {
    "review": "아네트 베닝이 너무 심심한 캐릭터로 나와서 아쉽;",
    "date": "09.10.19",
    "rating": "10",
    "author": "dj16****",
    "review_id": "3904113",
    "movie_id": "10796"
  },
  {
    "review": "잔잔한 역사물.. 특별하진 않지만, 운치가 있다..",
    "date": "09.09.17",
    "rating": "6",
    "author": "imf0****",
    "review_id": "3836584",
    "movie_id": "10796"
  },
  {
    "review": "라스베가스를 건설한 전설적인 벅시 시걸의 야망과 사랑을 흥미롭게 다룬 작품",
    "date": "09.09.17",
    "rating": "7",
    "author": "gall****",
    "review_id": "3835180",
    "movie_id": "10796"
  },
  {
    "review": "라스베가스의 낭만적인 갱스터",
    "date": "09.07.24",
    "rating": "8",
    "author": "leh0****",
    "review_id": "3662158",
    "movie_id": "10796"
  },
  {
    "review": "내가본 영화중에 갱스터로맨스중 최고영화",
    "date": "08.10.07",
    "rating": "10",
    "author": "jyw1****",
    "review_id": "2987316",
    "movie_id": "10796"
  },
  {
    "review": "수작",
    "date": "08.08.27",
    "rating": "9",
    "author": "bmw7****",
    "review_id": "2906160",
    "movie_id": "10796"
  },
  {
    "review": "여운이남으면서도 연기력에 찬사를 보내다",
    "date": "08.01.25",
    "rating": "7",
    "author": "trib****",
    "review_id": "2369657",
    "movie_id": "10796"
  },
  {
    "review": "최고의 영화...",
    "date": "08.01.21",
    "rating": "10",
    "author": "jun0****",
    "review_id": "2355114",
    "movie_id": "10796"
  },
  {
    "review": "아네트베닝 때문에~",
    "date": "08.01.03",
    "rating": "10",
    "author": "piee****",
    "review_id": "2293122",
    "movie_id": "10796"
  },
  {
    "review": "그녀의 사랑이 마음을 아프게 한다",
    "date": "07.12.03",
    "rating": "10",
    "author": "baks****",
    "review_id": "2202975",
    "movie_id": "10796"
  },
  {
    "review": "영화의 주제곡을 엔니오 모리꼬네가 맡아서 더욱 유명한 영화",
    "date": "07.10.05",
    "rating": "10",
    "author": "jun5****",
    "review_id": "2073294",
    "movie_id": "10796"
  },
  {
    "review": "내 인생 최고의 영화, 벅시 배리 레빈슨감독에 감사한다.",
    "date": "07.09.29",
    "rating": "10",
    "author": "flam****",
    "review_id": "2059642",
    "movie_id": "10796"
  },
  {
    "review": "바람둥이 워렌을 한방에 넉다운시킨 베닝..",
    "date": "07.08.27",
    "rating": "8",
    "author": "typo****",
    "review_id": "1982748",
    "movie_id": "10796"
  },
  {
    "review": "시간이 지날수록 계속 생각이 난다..",
    "date": "07.08.25",
    "rating": "8",
    "author": "daro****",
    "review_id": "1979000",
    "movie_id": "10796"
  },
  {
    "review": "벌레같은갱스터,꿈을꾸는라스베가스,목숨을버린사랑,이게실화?",
    "date": "07.04.20",
    "rating": "8",
    "author": "isaa****",
    "review_id": "1596897",
    "movie_id": "10796"
  },
  {
    "review": "재미는 있지만 베스트는 아니야",
    "date": "07.04.09",
    "rating": "6",
    "author": "yags****",
    "review_id": "1581152",
    "movie_id": "10796"
  },
  {
    "review": "아네트베닝의 매력에 흠뻑.",
    "date": "07.02.01",
    "rating": "9",
    "author": "blue****",
    "review_id": "1431863",
    "movie_id": "10796"
  },
  {
    "review": "말이 필요 없다..최고!!!",
    "date": "06.04.11",
    "rating": "10",
    "author": "kox4****",
    "review_id": "757522",
    "movie_id": "10796"
  },
  {
    "review": "한여자를 향한 끝없는 마음 꿈을 위한 죽음 멋있다",
    "date": "06.02.18",
    "rating": "6",
    "author": "okjo****",
    "review_id": "678685",
    "movie_id": "10796"
  },
  {
    "review": "갱스터 영화를 이렇게 로맨틱하게 만들다니..",
    "date": "06.01.09",
    "rating": "7",
    "author": "movi****",
    "review_id": "574017",
    "movie_id": "10796"
  },
  {
    "review": "몇번을 봐도 마음에 팍 꽂히는 영화..  바로 그 영화. 벅시",
    "date": "05.12.28",
    "rating": "10",
    "author": "miso****",
    "review_id": "534324",
    "movie_id": "10796"
  },
  {
    "review": "갱 영화가 꼭 치고 박고 때릴 필요가 없음을 보여주는 영화.",
    "date": "05.12.11",
    "rating": "6",
    "author": "tara****",
    "review_id": "501172",
    "movie_id": "10796"
  },
  {
    "review": "\"벅시시걸\"처럼 살아있는 영화..나에겐 몇안되는 멋진영화!!",
    "date": "05.10.06",
    "rating": "10",
    "author": "rlf0****",
    "review_id": "434860",
    "movie_id": "10796"
  },
  {
    "review": "브레이크 없는 남자 그가 목숨바쳐 사랑한 여자 명작 중의 명작",
    "date": "05.09.27",
    "rating": "10",
    "author": "dusr****",
    "review_id": "423923",
    "movie_id": "10796"
  },
  {
    "review": "진심은 누구에게나 통하는 법",
    "date": "05.09.02",
    "rating": "8",
    "author": "cat1****",
    "review_id": "391144",
    "movie_id": "10796"
  },
  {
    "review": "개인적으로 영화사상 가장 멋진 영화로 생각함.",
    "date": "05.08.19",
    "rating": "10",
    "author": "geor****",
    "review_id": "374507",
    "movie_id": "10796"
  },
  {
    "review": "감동의 물결",
    "date": "05.07.18",
    "rating": "10",
    "author": "jwkk****",
    "review_id": "325684",
    "movie_id": "10796"
  },
  {
    "review": "사랑하는 여인과 함께 꿈을 위해 쉬지않고 내달렸던 남자.",
    "date": "05.05.12",
    "rating": "9",
    "author": "tjsd****",
    "review_id": "276210",
    "movie_id": "10796"
  },
  {
    "review": "뭐 그럭저럭..그치만 큰 여운이 남지않는 이유는 뭘까?",
    "date": "05.03.16",
    "rating": "6",
    "author": "red0****",
    "review_id": "241996",
    "movie_id": "10796"
  },
  {
    "review": "라스베가스의 역사를 보여주는 영화",
    "date": "04.11.17",
    "rating": "8",
    "author": "chki****",
    "review_id": "147653",
    "movie_id": "10796"
  },
  {
    "review": "섹시함과 도도함 당당함과 지적 매력이 돋보이는 그녀를 위한 영화",
    "date": "04.09.25",
    "rating": "5",
    "author": "stel****",
    "review_id": "114124",
    "movie_id": "10796"
  },
  {
    "review": "자주보게되는 영화...",
    "date": "04.06.23",
    "rating": "9",
    "author": "bewh****",
    "review_id": "59261",
    "movie_id": "10796"
  },
  {
    "review": "워렌 비티보다 아네트 베닝하면 떠오르는 영화..",
    "date": "04.06.22",
    "rating": "9",
    "author": "nach****",
    "review_id": "58930",
    "movie_id": "10796"
  },
  {
    "review": "재미도 있고..무엇보다도 너무 이쁜 아네트 베닝..",
    "date": "04.02.17",
    "rating": "7",
    "author": "kym_****",
    "review_id": "21055",
    "movie_id": "10796"
  }
]