[
  {
    "review": "실화를 영화로 만들어서 그런지 긴장감이 많이 느껴짐",
    "date": "15.02.08",
    "rating": "7",
    "author": "adiv****",
    "review_id": "9677729",
    "movie_id": "10802"
  },
  {
    "review": "매우중요한사건이다 종종상영하였으좋겠다",
    "date": "14.08.16",
    "rating": "10",
    "author": "chos****",
    "review_id": "9096081",
    "movie_id": "10802"
  },
  {
    "review": "아... 일본 새끼들... 걍 싫어...!!!",
    "date": "14.05.12",
    "rating": "8",
    "author": "popy****",
    "review_id": "8726255",
    "movie_id": "10802"
  },
  {
    "review": "나의 부모는 한국인이지만 나는 일본에서 태어났고 일본인이다. 차별하지말라. 라는 내용인데? 긴장과 액션은 잼씀",
    "date": "14.03.31",
    "rating": "7",
    "author": "iddq****",
    "review_id": "8619518",
    "movie_id": "10802"
  },
  {
    "review": "당시 이 영화를 보고 큰 충격을 받았었는데...",
    "date": "12.04.01",
    "rating": "8",
    "author": "kos4****",
    "review_id": "6186123",
    "movie_id": "10802"
  },
  {
    "review": "뭐가 주인공이 에러냐?딱 어울리는 구만.민주당똥꼬나 핧는녀석들이 여기서도 설치네",
    "date": "12.02.12",
    "rating": "9",
    "author": "btmc****",
    "review_id": "6069567",
    "movie_id": "10802"
  },
  {
    "review": "김희로, 권희로......영화 자체는 어느정도 민족주의를 자극한다...",
    "date": "10.03.26",
    "rating": "6",
    "author": "ultr****",
    "review_id": "4388663",
    "movie_id": "10802"
  },
  {
    "review": "주인공은 미워하되, 영화는 미워하지 말라. 배우만하지 왜.. 에혀",
    "date": "10.03.26",
    "rating": "10",
    "author": "huhs****",
    "review_id": "4388358",
    "movie_id": "10802"
  },
  {
    "review": "쪽바리들을 옹호하는 집단들은 밞아죽여한다.....주인공이 에러네 OO놈ㅉㅉㅉㅉㅉㅉ",
    "date": "10.03.26",
    "rating": "10",
    "author": "rnal****",
    "review_id": "4388224",
    "movie_id": "10802"
  },
  {
    "review": "영화 같은 실화라 더 빛을 발하는 리얼리티와, 진짜 배우로서의 유인촌을 볼 수 있다",
    "date": "10.03.24",
    "rating": "8",
    "author": "mygr****",
    "review_id": "4382428",
    "movie_id": "10802"
  },
  {
    "review": "요즘은 왜 이런 영화들이 안 나올까~  리메이크 해주면 좋으련만",
    "date": "10.03.14",
    "rating": "8",
    "author": "gall****",
    "review_id": "4358205",
    "movie_id": "10802"
  },
  {
    "review": "왜나라당 개인촌 주연의 어이없는명화",
    "date": "09.07.17",
    "rating": "10",
    "author": "tjsd****",
    "review_id": "3639615",
    "movie_id": "10802"
  },
  {
    "review": "학교에서봣는데옛날영화임에도불구하고긴장감과 김희로의 한이보엿음",
    "date": "09.04.01",
    "rating": "10",
    "author": "dong****",
    "review_id": "3399721",
    "movie_id": "10802"
  },
  {
    "review": "TV에서 두번 보고 강렬한 충격...차별철폐 메시지!!(근데 인촌씨...어쩌다...ㅠㅠ)",
    "date": "09.01.26",
    "rating": "9",
    "author": "lsn2****",
    "review_id": "3250117",
    "movie_id": "10802"
  },
  {
    "review": "인촌이형 요즘은 왜이리 됐어? 이때가 좋았지.. 명바가 똥꼬 핧느라고 힘들지?",
    "date": "08.06.05",
    "rating": "7",
    "author": "evil****",
    "review_id": "2681552",
    "movie_id": "10802"
  },
  {
    "review": "김의 전쟁 이해가 간다 분노하는",
    "date": "07.10.26",
    "rating": "6",
    "author": "deff****",
    "review_id": "2112395",
    "movie_id": "10802"
  },
  {
    "review": "당시 상당히 큰 이슈였던 영화... 유인촌님 영화에서 또 본적 있나?",
    "date": "07.08.06",
    "rating": "8",
    "author": "typo****",
    "review_id": "1888508",
    "movie_id": "10802"
  },
  {
    "review": "정말 옛날에 본거 같은데 아직도 기억에 남네요",
    "date": "07.03.16",
    "rating": "9",
    "author": "eute****",
    "review_id": "1536102",
    "movie_id": "10802"
  },
  {
    "review": "감독이 임권택인줄 알았다. -.-",
    "date": "07.01.04",
    "rating": "8",
    "author": "bepl****",
    "review_id": "1355828",
    "movie_id": "10802"
  },
  {
    "review": "유인촌의 연기에 주목",
    "date": "06.08.02",
    "rating": "10",
    "author": "zeed****",
    "review_id": "959149",
    "movie_id": "10802"
  },
  {
    "review": "무시는 살인을 불러오고, 무관심은 자살을 불러온다",
    "date": "06.02.16",
    "rating": "10",
    "author": "scal****",
    "review_id": "673750",
    "movie_id": "10802"
  },
  {
    "review": "시대는 따라가질 못했다 역사여 증명하라 이것이 한국액션영화다",
    "date": "06.01.22",
    "rating": "10",
    "author": "lamu****",
    "review_id": "609267",
    "movie_id": "10802"
  },
  {
    "review": "어설픈 액션으로 가듣찬 정크무비",
    "date": "06.01.06",
    "rating": "2",
    "author": "kws7****",
    "review_id": "564824",
    "movie_id": "10802"
  },
  {
    "review": "일본서고생하는우리동포들좀생각하자구요TV에서자주해주었으면",
    "date": "05.07.24",
    "rating": "8",
    "author": "izzo****",
    "review_id": "332437",
    "movie_id": "10802"
  },
  {
    "review": "좋슴니데이... 사람들이 너무 안보니 유감입니데이......",
    "date": "05.01.19",
    "rating": "10",
    "author": "macl****",
    "review_id": "190449",
    "movie_id": "10802"
  },
  {
    "review": "너무 슬프당",
    "date": "05.01.15",
    "rating": "10",
    "author": "nura****",
    "review_id": "186272",
    "movie_id": "10802"
  }
]