[
  {
    "review": "진희진만 매력 있었던 영화",
    "date": "14.09.27",
    "rating": "6",
    "author": "lees****",
    "review_id": "9244045",
    "movie_id": "10806"
  },
  {
    "review": "우리사회의 기묘한 일본선호가 낳은 기이한 영화.일본은 싫은데,일본여자는 좋다?빠가",
    "date": "11.12.07",
    "rating": "6",
    "author": "baks****",
    "review_id": "5892411",
    "movie_id": "10806"
  },
  {
    "review": "시나리오가 문제네",
    "date": "10.01.22",
    "rating": "1",
    "author": "pkh0****",
    "review_id": "4199727",
    "movie_id": "10806"
  },
  {
    "review": "참 낭만적이고 배경이 아름답습니다.의상도 음악도 좋구요~ 여운이 남네요",
    "date": "09.11.11",
    "rating": "10",
    "author": "rora****",
    "review_id": "3951828",
    "movie_id": "10806"
  },
  {
    "review": "진희진의 파격 노출신과 S라인 몸매는 요즘 영화 못지 않았다.",
    "date": "09.10.01",
    "rating": "10",
    "author": "uhue****",
    "review_id": "3863404",
    "movie_id": "10806"
  },
  {
    "review": "제가 보았을 때는 일본 지식인의 무기력함과 배신을 이야기한 영화, 느리면서 서정적",
    "date": "09.09.28",
    "rating": "7",
    "author": "ssuk****",
    "review_id": "3856651",
    "movie_id": "10806"
  },
  {
    "review": "아...진희진정말 예뻐요; 이영화만 찍고 뭍혀버린듯...아쉬워라..;;",
    "date": "07.09.22",
    "rating": "8",
    "author": "a9jj****",
    "review_id": "2037259",
    "movie_id": "10806"
  },
  {
    "review": "애란인지 계란인지 뭐가 보여야지... 이거 원 깜깜해서..",
    "date": "07.09.15",
    "rating": "4",
    "author": "cine****",
    "review_id": "2022411",
    "movie_id": "10806"
  },
  {
    "review": "요즘영화보다뛰어난 에로틱장면만으로도..정성일평론가의각본이라.",
    "date": "07.07.12",
    "rating": "8",
    "author": "hada****",
    "review_id": "1768185",
    "movie_id": "10806"
  },
  {
    "review": "당시에 진희진의 노출신은 파격적이었죠. 지금이야 아무것도 아니지만...",
    "date": "07.03.29",
    "rating": "10",
    "author": "matt****",
    "review_id": "1560570",
    "movie_id": "10806"
  },
  {
    "review": "한국 영화 산맥의 희귀종 난(蘭). 난(亂)이 아니라고.",
    "date": "06.12.13",
    "rating": "7",
    "author": "damu****",
    "review_id": "1288805",
    "movie_id": "10806"
  },
  {
    "review": "박영규..ㅋㅋ",
    "date": "06.06.04",
    "rating": "3",
    "author": "tkae****",
    "review_id": "831078",
    "movie_id": "10806"
  },
  {
    "review": "부족하다.",
    "date": "06.04.15",
    "rating": "1",
    "author": "aaal****",
    "review_id": "762009",
    "movie_id": "10806"
  },
  {
    "review": "잘만든 영환데 그냥 에로영화로 비쳐졌었죠.",
    "date": "05.12.24",
    "rating": "8",
    "author": "blue****",
    "review_id": "523982",
    "movie_id": "10806"
  },
  {
    "review": "다시한번 보고싶은데...잘 없네...",
    "date": "04.10.10",
    "rating": "8",
    "author": "klux****",
    "review_id": "123588",
    "movie_id": "10806"
  },
  {
    "review": "풍경이 아름다운 영화... 영화 구성과 이야기는 매우 조잡하고 엉성한느낌",
    "date": "04.10.09",
    "rating": "5",
    "author": "inst****",
    "review_id": "122929",
    "movie_id": "10806"
  },
  {
    "review": "첨엔 일본영화인줄 알았죠...감동적인 애정영화...추천합니당...^^",
    "date": "04.08.08",
    "rating": "8",
    "author": "loon****",
    "review_id": "86400",
    "movie_id": "10806"
  },
  {
    "review": "화질이 어둡지만 볼만함",
    "date": "04.05.11",
    "rating": "5",
    "author": "rain****",
    "review_id": "42596",
    "movie_id": "10806"
  },
  {
    "review": "고전적인 분위기의 수준높은 애정영화. 박중훈은 잠깐 까메오로 나옵니다.",
    "date": "03.12.04",
    "rating": "8",
    "author": "aris****",
    "review_id": "1044",
    "movie_id": "10806"
  }
]