[
  {
    "review": "무슨말이 필요하냐~!! 원작소설의 탄탄함에 제작진의 상상력이 추가된 최고의sf액션대작이다~!!! 뛰어난 특수효과와 폴바호벤의 연출력. 제리골드스미스의 음악까지 뭐하나 빠질게 없다.  아놀드형님이 출연한 영화중 이렇게 작품성 뛰어난 영화는 손가락에 꼽음",
    "date": "15.07.01",
    "rating": "10",
    "author": "hsh6****",
    "review_id": "10058356",
    "movie_id": "10800"
  },
  {
    "review": "리메이크보다 열받아서 여기찾아와서 글남김",
    "date": "15.05.17",
    "rating": "10",
    "author": "moto****",
    "review_id": "9924801",
    "movie_id": "10800"
  },
  {
    "review": "리메이크 망해서 오랜만에 다시봤는데 아직도 진짜 재미있네",
    "date": "15.05.16",
    "rating": "10",
    "author": "mftr****",
    "review_id": "9920627",
    "movie_id": "10800"
  },
  {
    "review": "\"인셉션\"보다 무려 20년이나 먼저 나온 영화!!! 탄탄한 시나리오+숨막히는 액션+화려한 배우들의 명품연기까지 볼거리가 풍성한 영화다! 특히 이런 시나리오를 쓴 작가..정말 천재아닐까?!",
    "date": "15.03.30",
    "rating": "10",
    "author": "qhrt****",
    "review_id": "9816582",
    "movie_id": "10800"
  },
  {
    "review": "명작인데 리메이크는 망작",
    "date": "15.03.15",
    "rating": "10",
    "author": "ebad****",
    "review_id": "9785510",
    "movie_id": "10800"
  },
  {
    "review": "현재는 기술이 발전했지만 영화의 참신함과 연출은 예전보다 별로인것같다. 무에서 유를 창조할만한 소스가 이미 다 나와있는것이기도 하고 ...그 당시 눈알튀어나오는걸 경악할만큼 충격으로 다가왔고 지금까지도 최고의 SF영화다",
    "date": "15.03.09",
    "rating": "10",
    "author": "sang****",
    "review_id": "9769310",
    "movie_id": "10800"
  },
  {
    "review": "아날로그 특수효과의 강렬한 충격과 결코 해피 엔딩이 아니라는 섬뜩한 결말",
    "date": "15.02.19",
    "rating": "9",
    "author": "getl****",
    "review_id": "9712689",
    "movie_id": "10800"
  },
  {
    "review": "어릴적에본 기억으로 다시본 토탈리콜은... 정말 대단했다는것. 꽤나 그로데스크한 특수효과와 극악한 상상력이 합쳐져서 놀랄만한 물건을 만들다.",
    "date": "15.01.23",
    "rating": "9",
    "author": "z08k****",
    "review_id": "9625317",
    "movie_id": "10800"
  },
  {
    "review": "고전영화인데도 지금 봐도 재밌다. 그때 당시 저 영활 봤다면 엄청나게 충격이었을듯하다..",
    "date": "15.01.16",
    "rating": "8",
    "author": "binn****",
    "review_id": "9599260",
    "movie_id": "10800"
  },
  {
    "review": "캬 왜 샤론스톤 에게 열광했늣지 알겠다. 너무 예쁨",
    "date": "15.01.13",
    "rating": "10",
    "author": "rla9****",
    "review_id": "9590844",
    "movie_id": "10800"
  },
  {
    "review": "그저 최고. 말이 필요 없음.",
    "date": "15.01.12",
    "rating": "10",
    "author": "ldj0****",
    "review_id": "9588600",
    "movie_id": "10800"
  },
  {
    "review": "상상력이 가히 창의적이고 철학적인 최고의 SF",
    "date": "15.01.10",
    "rating": "10",
    "author": "nde2****",
    "review_id": "9580792",
    "movie_id": "10800"
  },
  {
    "review": "어릴적에 봤을때는 당연히 모두 현실이라고 생각했는데. 사실 후반부 화성은 리콜에의한 가상이라는 견해의 근거도 읽고보니 또 그런거 같기도하고. 또 현실이라는 주장도 근거가 제법잇다보니. 그냥 관점과 관객 생각하기 나름인듯. 90년 작품에 이정도면 만점.",
    "date": "15.01.01",
    "rating": "10",
    "author": "shad****",
    "review_id": "9547633",
    "movie_id": "10800"
  },
  {
    "review": "옛날 영화보면 스토리가 개연성이 없어도 어거지로 넘어가는 경우가 있는데 이 영화는 전혀 없다. 정말 오랜만에 재밌게 본 고전? 영화네요. 느낌있는 아놀드 형의 액션 볼만했음.",
    "date": "14.11.19",
    "rating": "9",
    "author": "maey****",
    "review_id": "9399612",
    "movie_id": "10800"
  },
  {
    "review": "화성에서 지구와 비슷한 환경과 같이 만들려면 최소 80년은 걸릴듯",
    "date": "14.11.18",
    "rating": "10",
    "author": "jsga****",
    "review_id": "9397908",
    "movie_id": "10800"
  },
  {
    "review": "줄거리에 결말이다 나오는구만",
    "date": "14.10.16",
    "rating": "7",
    "author": "byun****",
    "review_id": "9296442",
    "movie_id": "10800"
  },
  {
    "review": "1990년대 최고의 SF영화로 꼽는데 주저함이 없다",
    "date": "14.10.02",
    "rating": "10",
    "author": "lees****",
    "review_id": "9253614",
    "movie_id": "10800"
  },
  {
    "review": "이 당시에 이정도 특수효과도 대단했지만 스토리와 상상력의 힘이 영화를 좌지우지 한다는 좋은예",
    "date": "14.08.16",
    "rating": "9",
    "author": "cult****",
    "review_id": "9095146",
    "movie_id": "10800"
  },
  {
    "review": "내가 왜 로보캅 감독이였는지 쐐기를 박는다.",
    "date": "14.08.02",
    "rating": "10",
    "author": "come****",
    "review_id": "9006180",
    "movie_id": "10800"
  },
  {
    "review": "당췌 뭔 내용인지 이해가안감....아무리 옛날영화라 하지만 무슨 80년대 영화도 아니고 진짜 해도해도 너무하다는 생각이듬....",
    "date": "14.07.27",
    "rating": "1",
    "author": "qwer****",
    "review_id": "8966040",
    "movie_id": "10800"
  },
  {
    "review": "처음 봤을 때 충격이었음 ㅋ",
    "date": "14.06.17",
    "rating": "9",
    "author": "fghy****",
    "review_id": "8836795",
    "movie_id": "10800"
  },
  {
    "review": "당시에는 획기 적인 내용의 sf물",
    "date": "14.06.05",
    "rating": "7",
    "author": "adiv****",
    "review_id": "8797201",
    "movie_id": "10800"
  },
  {
    "review": "최근 리메이크보고 실망...원작이 훨씬 재미있고 잘 만들었어요!!",
    "date": "14.05.27",
    "rating": "9",
    "author": "canc****",
    "review_id": "8770287",
    "movie_id": "10800"
  },
  {
    "review": "액션신은 첨단 기술이 도입된 리메이크작이 낫다.",
    "date": "14.05.23",
    "rating": "6",
    "author": "resi****",
    "review_id": "8757672",
    "movie_id": "10800"
  },
  {
    "review": "영화 자체의 재미는 모르겠고 샤론 누님의 미모만 떠오른다..",
    "date": "14.05.23",
    "rating": "7",
    "author": "katy****",
    "review_id": "8756332",
    "movie_id": "10800"
  },
  {
    "review": "90년 영화 치고는 상당히 신선한 소재임. 그러나 지금에 보면 어설픈 연기와 액션들이 눈에 거슬림.",
    "date": "14.05.19",
    "rating": "8",
    "author": "jjaj****",
    "review_id": "8746626",
    "movie_id": "10800"
  },
  {
    "review": "90년대 SF물의 느낌이 좋다~ 샤론스톤 매우 이뻤구나!!",
    "date": "14.05.05",
    "rating": "10",
    "author": "hath****",
    "review_id": "8704396",
    "movie_id": "10800"
  },
  {
    "review": "SF영화에는 역시 육덕진 사람들이 나와야지. 아놀드 형님처럼 말이죠.",
    "date": "14.04.27",
    "rating": "10",
    "author": "cthu****",
    "review_id": "8677630",
    "movie_id": "10800"
  },
  {
    "review": "샤론스톤이 여주인공이었어야 했다...",
    "date": "14.03.10",
    "rating": "8",
    "author": "yrpc****",
    "review_id": "8566929",
    "movie_id": "10800"
  },
  {
    "review": "옜날영화답게 유치하지만.. 그건 연출적인부분일뿐 정말 재밌다 새삼 영화채널에서 다시 보는데 새삼 몰입해서 봤음 그건 그렇고.. 샤론스톤이 정말 너무 예뻤다 섹시하고 요염한데다가 예쁘다 마지막으로 한번 더 할래?♡하고 교태부릴땐 정말 설레였음",
    "date": "14.03.07",
    "rating": "10",
    "author": "dlwj****",
    "review_id": "8560310",
    "movie_id": "10800"
  },
  {
    "review": "누구든 미래로 가고있는 사람이라면 꼭 봐야하는 영화~!",
    "date": "14.02.20",
    "rating": "10",
    "author": "angk****",
    "review_id": "8522239",
    "movie_id": "10800"
  },
  {
    "review": "볼 때 마다 결말의 해석을 달리 할 수 있는 영화.",
    "date": "14.02.17",
    "rating": "8",
    "author": "kxvt****",
    "review_id": "8517716",
    "movie_id": "10800"
  },
  {
    "review": "자신만을 위한 이익이 아닌 다른 사람들을 위한 마음이 가장 다가온다.",
    "date": "14.02.17",
    "rating": "9",
    "author": "hell****",
    "review_id": "8516070",
    "movie_id": "10800"
  },
  {
    "review": "구작임에도 스토리며 연출이며 리메이크작보다 월등했다!",
    "date": "14.02.14",
    "rating": "10",
    "author": "cndx****",
    "review_id": "8508176",
    "movie_id": "10800"
  },
  {
    "review": "마지막 장면이 아직도 아른거린다 ㅋㅋ",
    "date": "14.02.11",
    "rating": "7",
    "author": "kyn9****",
    "review_id": "8498241",
    "movie_id": "10800"
  },
  {
    "review": "추억의 영화 너무 재미있게잘 즐겨 봤데이 역시 터미네이터 성님까리하제 ㅎㅎ",
    "date": "14.02.11",
    "rating": "10",
    "author": "yyho****",
    "review_id": "8497234",
    "movie_id": "10800"
  },
  {
    "review": "리메이크 봣다가 생각나서 들렸다",
    "date": "14.02.06",
    "rating": "8",
    "author": "gusn****",
    "review_id": "8480008",
    "movie_id": "10800"
  },
  {
    "review": "정말 놓쳐서는 안될 수작.... 스토리라인,특수효과,특수분장 거의 완벽에 가까움.... 그리고 샤론스톤의 절정의 미모..",
    "date": "14.02.02",
    "rating": "10",
    "author": "zkaq****",
    "review_id": "8464062",
    "movie_id": "10800"
  },
  {
    "review": "대박재미있음똡고싶다",
    "date": "14.01.24",
    "rating": "10",
    "author": "khc6****",
    "review_id": "8421340",
    "movie_id": "10800"
  },
  {
    "review": "우왕굳 good very good",
    "date": "14.01.22",
    "rating": "10",
    "author": "azam****",
    "review_id": "8412887",
    "movie_id": "10800"
  },
  {
    "review": "아놀드 형님 역시 모든 영화가 다 재미 있다. ㅎ",
    "date": "14.01.18",
    "rating": "10",
    "author": "pc59****",
    "review_id": "8394854",
    "movie_id": "10800"
  },
  {
    "review": "24년이 지난 지금 리메이크작이 나왔음에도 불구하고 이때의 충격과 감흥은 리메이크 할 수 없었다",
    "date": "14.01.14",
    "rating": "8",
    "author": "lkyl****",
    "review_id": "8380863",
    "movie_id": "10800"
  },
  {
    "review": "2014년에 처음봤는데 재밌어",
    "date": "14.01.09",
    "rating": "10",
    "author": "hisa****",
    "review_id": "8362625",
    "movie_id": "10800"
  },
  {
    "review": "단순한 추억의 영화 그 이상.,",
    "date": "14.01.08",
    "rating": "10",
    "author": "dma9****",
    "review_id": "8360714",
    "movie_id": "10800"
  },
  {
    "review": "서로 다른 기억을 가진 동일인물 퀘이드와 하우저의 대비적인 정체성이 흥미로웠다. 그의 정체성을 확립하고 있는 것은 기억.",
    "date": "14.01.08",
    "rating": "4",
    "author": "pent****",
    "review_id": "8360471",
    "movie_id": "10800"
  },
  {
    "review": "스토리가 탄탄하니 나보다 나이가 많은 영화임에도 정말 재미있게 보았다",
    "date": "13.11.19",
    "rating": "8",
    "author": "soqu****",
    "review_id": "8152995",
    "movie_id": "10800"
  },
  {
    "review": "헐...1990년 작...",
    "date": "13.10.24",
    "rating": "8",
    "author": "osot****",
    "review_id": "8083503",
    "movie_id": "10800"
  },
  {
    "review": "지금봐도 흥미진진하고 심오한 가공된 기억 속 화성탐험 무용담",
    "date": "13.10.13",
    "rating": "8",
    "author": "bboy****",
    "review_id": "8056836",
    "movie_id": "10800"
  },
  {
    "review": "영화장르나 스타일이 내 취향이 아님에도 되게 재밌게 봤음. 그림은 촌스러운데 오히려 미술적 아이디어나 미래 모습에 대한 아이디어는 리메이크판보다 훨씬 신선하고 재밌는 부분이 많았음",
    "date": "13.10.13",
    "rating": "9",
    "author": "comp****",
    "review_id": "8056812",
    "movie_id": "10800"
  },
  {
    "review": "공기가 밖으로부터 밀어닥치는 장면은 모든 영화를 통틀어도 최고 중 하나",
    "date": "13.10.12",
    "rating": "10",
    "author": "goot****",
    "review_id": "8056601",
    "movie_id": "10800"
  },
  {
    "review": "아무리 설명해 무엇하나 보세여 원작을 극장서 보던 기억이 나네여^^",
    "date": "13.10.12",
    "rating": "8",
    "author": "koda****",
    "review_id": "8055909",
    "movie_id": "10800"
  },
  {
    "review": "시대를 뛰어넘는 상상력과 탄탄한 각본의 힘",
    "date": "13.10.09",
    "rating": "8",
    "author": "pigo****",
    "review_id": "8048319",
    "movie_id": "10800"
  },
  {
    "review": "작년 리메이크 보고  이거봤는데..ㄷㄷㄷㄷ 90년에 이런영화가...ㄷㄷ",
    "date": "13.09.25",
    "rating": "10",
    "author": "mooh****",
    "review_id": "8014559",
    "movie_id": "10800"
  },
  {
    "review": "말이 필요없는 90년도의 SF액션",
    "date": "13.09.21",
    "rating": "10",
    "author": "buti****",
    "review_id": "8007108",
    "movie_id": "10800"
  },
  {
    "review": "지금봐도 정말 재밌는영화m",
    "date": "13.09.20",
    "rating": "10",
    "author": "jyou****",
    "review_id": "7999960",
    "movie_id": "10800"
  },
  {
    "review": "연기력, 연출이런 부분을 생각하지말고 오락영화로 봐야함막 센세이션하지도 않고",
    "date": "13.09.18",
    "rating": "6",
    "author": "cray****",
    "review_id": "7990984",
    "movie_id": "10800"
  },
  {
    "review": "청소년 관람불가 영화라서 극장에서 보지 못했던...  그러나 무삭제 스크리너 비디오 테이프을 빌려다가 몇 번이나 돌려봤던 최고의 SF영화!",
    "date": "13.09.09",
    "rating": "10",
    "author": "xidb****",
    "review_id": "7963041",
    "movie_id": "10800"
  },
  {
    "review": "샤론스톤 사라진후로부터 그냥 쓰레기였슴...",
    "date": "13.09.07",
    "rating": "6",
    "author": "do11****",
    "review_id": "7956185",
    "movie_id": "10800"
  },
  {
    "review": "엽기적인 부분이 많다. 나는 리메이크가 더 낫다고 생각한다. sf는 세월이 흘러 보면 어쩔 수 없는 부분들이 있다.",
    "date": "13.07.17",
    "rating": "7",
    "author": "s2pi****",
    "review_id": "7750796",
    "movie_id": "10800"
  },
  {
    "review": "역시 리메이크는 원작을 이길수가 없다",
    "date": "13.07.10",
    "rating": "10",
    "author": "kapp****",
    "review_id": "7722597",
    "movie_id": "10800"
  },
  {
    "review": "배우들도 좋고 감독의 연출도좋다. 옛날영화지만 대단하다. 지금도 우린 이정도 못만드는데.ㅎㅎㅎ 2012버전 토탈리콜도 보고시팓.",
    "date": "13.06.29",
    "rating": "8",
    "author": "ssys****",
    "review_id": "7690492",
    "movie_id": "10800"
  },
  {
    "review": "캐릭터는 있고 배우는 없다.",
    "date": "13.06.24",
    "rating": "6",
    "author": "rygh****",
    "review_id": "7675132",
    "movie_id": "10800"
  },
  {
    "review": "삼젖녀의 미친존재감과 함께 '오픈유어마인드'",
    "date": "13.04.15",
    "rating": "10",
    "author": "cast****",
    "review_id": "7460351",
    "movie_id": "10800"
  },
  {
    "review": "몇 년이 지나도 생각난다. 아 다시 보고 싶다",
    "date": "13.03.15",
    "rating": "10",
    "author": "oz11****",
    "review_id": "7350383",
    "movie_id": "10800"
  },
  {
    "review": "그 당시에 봤다면 신세계였지만, 지금 다시 보니, 조금 많이 허접ㅋㅋ 그래도 스토리는 괜찮음;",
    "date": "13.03.10",
    "rating": "6",
    "author": "nba1****",
    "review_id": "7336958",
    "movie_id": "10800"
  },
  {
    "review": "세개달린여자 모자이크처리됨 --;; 이젠 젖보기도 힘들구나 ..",
    "date": "13.03.05",
    "rating": "5",
    "author": "gjqj****",
    "review_id": "7325690",
    "movie_id": "10800"
  },
  {
    "review": "공기의 소중함",
    "date": "13.03.05",
    "rating": "9",
    "author": "0116****",
    "review_id": "7325656",
    "movie_id": "10800"
  },
  {
    "review": "세개 달린 여자가 젤 기억에 남는다.",
    "date": "13.02.21",
    "rating": "7",
    "author": "jere****",
    "review_id": "7286528",
    "movie_id": "10800"
  },
  {
    "review": "내가 재미있게 봤던영화중 하나이다 2012년작과는 비교가 안된다",
    "date": "13.02.05",
    "rating": "10",
    "author": "evqe****",
    "review_id": "7228288",
    "movie_id": "10800"
  },
  {
    "review": "지금보면 유치한 액션에 허접한 효과로 보이지만 독특한 세계관과 매력적인 캐릭터와 반전까지 SF액션 영화로서 이정도면 충분한 명작이다",
    "date": "13.01.12",
    "rating": "6",
    "author": "inos****",
    "review_id": "7106218",
    "movie_id": "10800"
  },
  {
    "review": "좋다. 아기자기한 요소들이 넘쳐난다",
    "date": "13.01.09",
    "rating": "8",
    "author": "46to****",
    "review_id": "7094585",
    "movie_id": "10800"
  },
  {
    "review": "와 정말 개.재.미. 이런 영화를 20년 후에야 보다니 나도 참...",
    "date": "13.01.01",
    "rating": "10",
    "author": "rach****",
    "review_id": "7069710",
    "movie_id": "10800"
  },
  {
    "review": "명불허전",
    "date": "12.12.17",
    "rating": "9",
    "author": "jhyu****",
    "review_id": "7011435",
    "movie_id": "10800"
  },
  {
    "review": "리메이커작이 왜 망했는지 모르겠다.",
    "date": "12.12.06",
    "rating": "6",
    "author": "tops****",
    "review_id": "6979019",
    "movie_id": "10800"
  },
  {
    "review": "22년전 영화..... 22년동안 100번은 본듯한.. 리메이크 나와서 오랜만에 다시봤는데도 여전히 재밌다",
    "date": "12.12.05",
    "rating": "10",
    "author": "milk****",
    "review_id": "6974770",
    "movie_id": "10800"
  },
  {
    "review": "고전으로 돌아갑시다",
    "date": "12.11.25",
    "rating": "10",
    "author": "akwp****",
    "review_id": "6924984",
    "movie_id": "10800"
  },
  {
    "review": "스펙터클한 영화",
    "date": "12.11.23",
    "rating": "8",
    "author": "no13****",
    "review_id": "6916180",
    "movie_id": "10800"
  },
  {
    "review": "wow",
    "date": "12.11.22",
    "rating": "10",
    "author": "bd10****",
    "review_id": "6913699",
    "movie_id": "10800"
  },
  {
    "review": "이번 리메이크작 보다 낫네",
    "date": "12.11.18",
    "rating": "9",
    "author": "lcg2****",
    "review_id": "6901724",
    "movie_id": "10800"
  },
  {
    "review": "오랜만에 다시보니깐 왜케 어린이영화같냐;",
    "date": "12.11.16",
    "rating": "1",
    "author": "tian****",
    "review_id": "6893575",
    "movie_id": "10800"
  },
  {
    "review": "산소 없어서 얼굴 터지는 것만 생각남. 90년에 나온 걸 감안하면 리메이크작보다 역시 나은 듯..",
    "date": "12.11.14",
    "rating": "8",
    "author": "0107****",
    "review_id": "6887740",
    "movie_id": "10800"
  },
  {
    "review": "이것이 진짜 토르타리꼬르!!",
    "date": "12.11.13",
    "rating": "9",
    "author": "reck****",
    "review_id": "6883912",
    "movie_id": "10800"
  },
  {
    "review": "리메이크작이 원작보다는 훨씬 낫다. 좀 웃겼다. 그 때 당시에는 센세이션  했을 듯...",
    "date": "12.11.09",
    "rating": "7",
    "author": "01aj****",
    "review_id": "6871822",
    "movie_id": "10800"
  },
  {
    "review": "왜 주연이 샤론스톤이 아닌거지...샤론스톤이 훨씬  예뻤는데...",
    "date": "12.11.09",
    "rating": "8",
    "author": "silv****",
    "review_id": "6869068",
    "movie_id": "10800"
  },
  {
    "review": "정말 재미있었음...정말로...그 시절, 최고의 기술로 만든 영화,,,스토리 짱",
    "date": "12.11.03",
    "rating": "10",
    "author": "sens****",
    "review_id": "6847742",
    "movie_id": "10800"
  },
  {
    "review": "깨닳는 순간 충격은 시작되지만.. 비쥬얼만은 솔직하다",
    "date": "12.11.03",
    "rating": "8",
    "author": "yoon****",
    "review_id": "6846910",
    "movie_id": "10800"
  },
  {
    "review": "폴바호벤, 정말 너무나 과대포장된 3류감독. 폴영화중 제대로된게 하나도없다. 그나마 로보캅이 봐줄만.",
    "date": "12.11.02",
    "rating": "4",
    "author": "rock****",
    "review_id": "6846537",
    "movie_id": "10800"
  },
  {
    "review": "뛰어난 상상력과 스케일..",
    "date": "12.10.29",
    "rating": "10",
    "author": "kimd****",
    "review_id": "6834201",
    "movie_id": "10800"
  },
  {
    "review": "22년전 영화... 시간가는줄 모르고 봤다. 이로서 폴 버호벤 감독작을 7편 감상",
    "date": "12.10.23",
    "rating": "8",
    "author": "come****",
    "review_id": "6823353",
    "movie_id": "10800"
  },
  {
    "review": "대박이다",
    "date": "12.10.14",
    "rating": "10",
    "author": "hand****",
    "review_id": "6801763",
    "movie_id": "10800"
  },
  {
    "review": "와 대박이네요 ㅋㅋㅋ 잘봤습니다 !!!",
    "date": "12.10.13",
    "rating": "10",
    "author": "hn23****",
    "review_id": "6796928",
    "movie_id": "10800"
  },
  {
    "review": "뛰어난 상상력이 돋보였던 sf 걸작!",
    "date": "12.10.07",
    "rating": "9",
    "author": "thel****",
    "review_id": "6770417",
    "movie_id": "10800"
  },
  {
    "review": "당시엔.. 아놀드 할배 나오는 건 다봤던 편이였는데.. 기대 이상 수작~!!",
    "date": "12.09.30",
    "rating": "9",
    "author": "spar****",
    "review_id": "6747560",
    "movie_id": "10800"
  },
  {
    "review": "상상력을 거의 완벽하게 묘사해낸것같다. 오락성과 작품성 모두 뛰어난 작품",
    "date": "12.09.29",
    "rating": "9",
    "author": "sptm****",
    "review_id": "6742700",
    "movie_id": "10800"
  },
  {
    "review": "1990년 영화가 이정도로 잘 만들었다니..",
    "date": "12.09.29",
    "rating": "9",
    "author": "sung****",
    "review_id": "6742296",
    "movie_id": "10800"
  },
  {
    "review": "지금봐도 이야..",
    "date": "12.09.25",
    "rating": "10",
    "author": "a652****",
    "review_id": "6733055",
    "movie_id": "10800"
  },
  {
    "review": "미국영화의 힘!",
    "date": "12.09.22",
    "rating": "10",
    "author": "ske4****",
    "review_id": "6719880",
    "movie_id": "10800"
  },
  {
    "review": "미친 이게 22년전 상상력이라니...  시나리오 자체도  매트릭스처럼 철학적이다. 과연 엔딩도 꿈이었을까?",
    "date": "12.09.21",
    "rating": "10",
    "author": "qqww****",
    "review_id": "6717276",
    "movie_id": "10800"
  },
  {
    "review": "그래픽과 특수효과가 떨어지긴 하지만 이 영화가 22년전 개봉한 영화라는 점, 그리고 젊었을 적 아놀드와 샤론의 모습, 기발한 시나리오등은 지금도 참신하다. 그나저나 아놀드 형은 같은 남자가 봐도 멋지네.. 후속편 나왔다는데 어떨런지..",
    "date": "12.09.17",
    "rating": "10",
    "author": "khj8****",
    "review_id": "6709255",
    "movie_id": "10800"
  },
  {
    "review": "헐... 얼마나 배를 잡고 웃었던지 ㅋㅋㅋ 근데 진짜 15세 등급 관람 맞아요? ㅋㅋㅋㅋㅋㅋ   제작비 7천만달러.. 쩌네요><",
    "date": "12.09.15",
    "rating": "10",
    "author": "nori****",
    "review_id": "6701418",
    "movie_id": "10800"
  }
]