[
  {
    "review": "요세 그냥 배우 빨로도 모자라 아이돌것들 기어나오는  한국영화들은 반성해야 할것이다!!",
    "date": "15.08.07",
    "rating": "10",
    "author": "ske4****",
    "review_id": "10196315",
    "movie_id": "10814"
  },
  {
    "review": "마포 쌥쌥이 때문에 지렸다",
    "date": "15.08.05",
    "rating": "10",
    "author": "kick****",
    "review_id": "10187912",
    "movie_id": "10814"
  },
  {
    "review": "장군의 아들에 나왔던 송채환씨의 얼굴이 참 예뻤는데 , 성형을 해서 그런지 , 그때의 얼굴이 그립네요 , 뭇 남성들이 그 눈빛을 받으면 정신을 차리지 못할만큼 혼미해 질것같은 묘한 느낌의 눈빛 과 다아한 얼굴 , 그때의 얼굴이 그리운건 나뿐일까 ???",
    "date": "15.06.29",
    "rating": "10",
    "author": "ekm9****",
    "review_id": "10052745",
    "movie_id": "10814"
  },
  {
    "review": "오우 베리굿 박상민씨의 리즈시절이라고 해도 과언이 아닌영화..90년대 영화치곤 화려했다",
    "date": "15.03.29",
    "rating": "9",
    "author": "kyn9****",
    "review_id": "9815742",
    "movie_id": "10814"
  },
  {
    "review": "1편이 연습이었다면 2편은 실전!!! 1편보다 더 업그레이드 된 액션씬 그리고 24년이 지나도 전혀 촌스럽지 않은 작품!!!",
    "date": "15.03.29",
    "rating": "10",
    "author": "robo****",
    "review_id": "9813409",
    "movie_id": "10814"
  },
  {
    "review": "지금봐도  몰입감있고.액션신도볼만함.내가영화투자자또는 영화감독이라면  리메이크해보고싶은영화..리메이크하면 대박날듯",
    "date": "15.03.13",
    "rating": "9",
    "author": "mins****",
    "review_id": "9776815",
    "movie_id": "10814"
  },
  {
    "review": "무엇보다도 마포쌥쌥이가 짱이다",
    "date": "15.02.19",
    "rating": "10",
    "author": "cngk****",
    "review_id": "9713958",
    "movie_id": "10814"
  },
  {
    "review": "임권택은 배우들 연기에 별로 신경을 안쓰는거 같다. 하나같이 아마추어같은 연기. 특히 박상민, 연기 정말 못한다. 그리고 1편에 이어 스토리상의 문제. 희대의 뻥쟁이 김동회가  김두한과 맞짱. 김두한은 김좌진 아들로 둔갑.",
    "date": "14.10.02",
    "rating": "6",
    "author": "csmo****",
    "review_id": "9256168",
    "movie_id": "10814"
  },
  {
    "review": "최고의 명작! 한 20번은 본듯한!!",
    "date": "14.09.24",
    "rating": "10",
    "author": "viol****",
    "review_id": "9237999",
    "movie_id": "10814"
  },
  {
    "review": "20년이 지난후에 봐도 좋구만  근데 이영화가 23년이 훌쩍넘어버렸다니 인상무상",
    "date": "14.08.08",
    "rating": "9",
    "author": "kayw****",
    "review_id": "9048889",
    "movie_id": "10814"
  },
  {
    "review": "1편 못지 않은 재미로 볼만했음.",
    "date": "14.08.02",
    "rating": "8",
    "author": "adiv****",
    "review_id": "9007825",
    "movie_id": "10814"
  },
  {
    "review": "장군의아들의 마지막시리즈는 원작이랑 똑같이 만들지말았어야했다 2편은 종로패가 최고의시기",
    "date": "14.08.02",
    "rating": "10",
    "author": "tai2****",
    "review_id": "9005629",
    "movie_id": "10814"
  },
  {
    "review": "내가 조선의 조폭이다!",
    "date": "14.05.13",
    "rating": "7",
    "author": "pont****",
    "review_id": "8727234",
    "movie_id": "10814"
  },
  {
    "review": "시리즈 중 가장 격투장면이 흥미로움. 김두한이 본격적으로 전국구급 주먹으로 통합하는 과정과 좌절. 마지막 종로에서 하야시와의 패싸움 장면은 장군의 아들 통틀어 최고의 명장면. 그리고 김진수, 정두홍, 이철민 단역 시절 모습도 볼 수 있다.",
    "date": "14.03.15",
    "rating": "10",
    "author": "jjaj****",
    "review_id": "8576973",
    "movie_id": "10814"
  },
  {
    "review": "어색한 더빙때문에 ㅠㅠ",
    "date": "14.02.10",
    "rating": "7",
    "author": "kado****",
    "review_id": "8494208",
    "movie_id": "10814"
  },
  {
    "review": "이야 시구문패두목이 울아빤데 이야이야 역시아빠",
    "date": "13.05.27",
    "rating": "10",
    "author": "wo88****",
    "review_id": "7557546",
    "movie_id": "10814"
  },
  {
    "review": "명작은 20년 후에 봐도 변함 없이 볼만함",
    "date": "13.05.08",
    "rating": "9",
    "author": "cred****",
    "review_id": "7515763",
    "movie_id": "10814"
  },
  {
    "review": "두환이가 푼돈이라면 하야시는 T.O.P 급으로 강탈해가~ 제법 돈좀 만진다는 종로상인들의 우상 김두환...어찌보면 그들의 의도대로 움직여준 그를 지지하는것이 너무나 사실적으로 보였다. 애국이런거랑은 상관없어~ 걍 재미로 봐 세상이런거다 하고",
    "date": "13.05.06",
    "rating": "10",
    "author": "bajj****",
    "review_id": "7512248",
    "movie_id": "10814"
  },
  {
    "review": "장군의 아들은 딱 여기까지가 좋았다",
    "date": "13.01.05",
    "rating": "9",
    "author": "shki****",
    "review_id": "7085398",
    "movie_id": "10814"
  },
  {
    "review": "말이 필요없는 국내 액션 영화 전설",
    "date": "12.07.22",
    "rating": "9",
    "author": "hana****",
    "review_id": "6513319",
    "movie_id": "10814"
  },
  {
    "review": "1편이 사실적인 액션이였다면... 2편은 좀 더 오바를 보태 더 액션이 멋있졌다!!",
    "date": "12.07.18",
    "rating": "8",
    "author": "youn****",
    "review_id": "6492518",
    "movie_id": "10814"
  },
  {
    "review": "1편보다 더 재밌게봄.",
    "date": "12.07.11",
    "rating": "10",
    "author": "kem1****",
    "review_id": "6468835",
    "movie_id": "10814"
  },
  {
    "review": "액션은 정두홍무술감독의 스승 김영모 이사람때문에  멋진장면연출됨",
    "date": "12.05.12",
    "rating": "10",
    "author": "pjy7****",
    "review_id": "6292451",
    "movie_id": "10814"
  },
  {
    "review": "옛날영화라고 무시하면안될듯 액션신도 잘찍었고 박상민씨가이렇게 잘생겼는지 몰랐음",
    "date": "12.04.19",
    "rating": "9",
    "author": "cjsw****",
    "review_id": "6233561",
    "movie_id": "10814"
  },
  {
    "review": "요요요 동치미같은 액숀씬이란!!!!!그냥 한번 보시랑께",
    "date": "12.01.15",
    "rating": "9",
    "author": "mand****",
    "review_id": "5986495",
    "movie_id": "10814"
  },
  {
    "review": "여기까지만 했었어야 했다..",
    "date": "11.11.20",
    "rating": "7",
    "author": "tn99****",
    "review_id": "5862382",
    "movie_id": "10814"
  },
  {
    "review": "개재밋군 김두한 개멋잇다",
    "date": "11.09.24",
    "rating": "10",
    "author": "wjs4****",
    "review_id": "5749247",
    "movie_id": "10814"
  },
  {
    "review": "이거보고 남자들 어깨에 힘즘 들어 갔지,",
    "date": "11.09.19",
    "rating": "8",
    "author": "milk****",
    "review_id": "5740230",
    "movie_id": "10814"
  },
  {
    "review": "1편만한 감각은 아니지만 그런대로 볼만. 3편은 만들지 말았어야..",
    "date": "11.08.02",
    "rating": "5",
    "author": "sykm****",
    "review_id": "5591410",
    "movie_id": "10814"
  },
  {
    "review": "의리가 얼마나 중요한지 깨닫기 위해 안본사람이라면 반드시 봐야할 영화.",
    "date": "11.02.03",
    "rating": "10",
    "author": "odjs****",
    "review_id": "5210136",
    "movie_id": "10814"
  },
  {
    "review": "이것이 남자의 세계다",
    "date": "11.01.05",
    "rating": "9",
    "author": "yser****",
    "review_id": "5130102",
    "movie_id": "10814"
  },
  {
    "review": "조선최고의 협객. 정말최고!",
    "date": "10.04.03",
    "rating": "10",
    "author": "skar****",
    "review_id": "4408513",
    "movie_id": "10814"
  },
  {
    "review": "그냥 1편으로 끝냈으면 깔끔했을 것을.. 그래도 재미 면에선 1편에 OOO 않는다",
    "date": "10.04.01",
    "rating": "7",
    "author": "mygr****",
    "review_id": "4401009",
    "movie_id": "10814"
  },
  {
    "review": "협객은 무슨...한낱 깡패새끼를 미화하지 말라.",
    "date": "10.02.02",
    "rating": "1",
    "author": "rd72****",
    "review_id": "4238277",
    "movie_id": "10814"
  },
  {
    "review": "이때 까진 재밌었따.",
    "date": "09.12.07",
    "rating": "10",
    "author": "alsl****",
    "review_id": "4026211",
    "movie_id": "10814"
  },
  {
    "review": "장군의 아들 X 깡패 김두한 O",
    "date": "09.10.18",
    "rating": "6",
    "author": "papi****",
    "review_id": "3901290",
    "movie_id": "10814"
  },
  {
    "review": "하하하",
    "date": "09.10.05",
    "rating": "10",
    "author": "nice****",
    "review_id": "3875739",
    "movie_id": "10814"
  },
  {
    "review": "또 보고 싶은 장군의 아들.",
    "date": "09.09.24",
    "rating": "7",
    "author": "jbc1****",
    "review_id": "3847804",
    "movie_id": "10814"
  },
  {
    "review": "잼있다! 머 장군의아들이니깐 ㅋ_ㅋ",
    "date": "09.03.15",
    "rating": "6",
    "author": "tleh****",
    "review_id": "3367195",
    "movie_id": "10814"
  },
  {
    "review": "말이필요없는 한국영화!!",
    "date": "09.03.08",
    "rating": "10",
    "author": "kjsg****",
    "review_id": "3354353",
    "movie_id": "10814"
  },
  {
    "review": "액션 멋있고 재밌음 ㅋㅋ",
    "date": "09.01.28",
    "rating": "10",
    "author": "yunp****",
    "review_id": "3256124",
    "movie_id": "10814"
  },
  {
    "review": "2편은 좀더 화려해진(?) 액션을 맛볼수 있다",
    "date": "09.01.25",
    "rating": "8",
    "author": "gall****",
    "review_id": "3249648",
    "movie_id": "10814"
  },
  {
    "review": "재미있어..ㅋㅋㅋ",
    "date": "09.01.25",
    "rating": "10",
    "author": "rkd2****",
    "review_id": "3246924",
    "movie_id": "10814"
  },
  {
    "review": "내생에 최고의영화..",
    "date": "09.01.08",
    "rating": "10",
    "author": "jkh0****",
    "review_id": "3201343",
    "movie_id": "10814"
  },
  {
    "review": "이거는 봐도봐도 또보고 싶은 영화예요...",
    "date": "09.01.01",
    "rating": "10",
    "author": "hwan****",
    "review_id": "3173047",
    "movie_id": "10814"
  },
  {
    "review": "너무 후진 소재임에도 1편 흥행에 묻어가는 연년생 시리즈물.",
    "date": "08.12.16",
    "rating": "3",
    "author": "acin****",
    "review_id": "3121655",
    "movie_id": "10814"
  },
  {
    "review": "장군의 아들 시리즈는 모두 잼있게 봤다~!!",
    "date": "08.12.02",
    "rating": "10",
    "author": "kimk****",
    "review_id": "3085713",
    "movie_id": "10814"
  },
  {
    "review": "김두한의 세력확장기",
    "date": "08.05.20",
    "rating": "5",
    "author": "meth****",
    "review_id": "2652732",
    "movie_id": "10814"
  },
  {
    "review": "김두한 그는 진정한 남자다..시리즈로 좀 더 탄탄하게 만들어 주길 바라는 영화",
    "date": "08.02.10",
    "rating": "9",
    "author": "oliv****",
    "review_id": "2431874",
    "movie_id": "10814"
  },
  {
    "review": "김두한 사랑이야기를 보는 재미가 있긴 하지만 확실히 전작에 비해 별로",
    "date": "08.02.08",
    "rating": "4",
    "author": "okjo****",
    "review_id": "2421596",
    "movie_id": "10814"
  },
  {
    "review": "잊을 수 없는 박상민의 카리스마..",
    "date": "08.01.31",
    "rating": "9",
    "author": "pksj****",
    "review_id": "2390219",
    "movie_id": "10814"
  },
  {
    "review": "1편과 비교해 크게 OOO않는 속편..",
    "date": "08.01.24",
    "rating": "7",
    "author": "hide****",
    "review_id": "2364936",
    "movie_id": "10814"
  },
  {
    "review": "조낸 재밌다....걸작중 걸작..",
    "date": "08.01.05",
    "rating": "10",
    "author": "y081****",
    "review_id": "2299442",
    "movie_id": "10814"
  },
  {
    "review": "굳.......",
    "date": "07.12.04",
    "rating": "10",
    "author": "gurw****",
    "review_id": "2205262",
    "movie_id": "10814"
  },
  {
    "review": "김두한 시리즈의 명작...",
    "date": "07.11.29",
    "rating": "10",
    "author": "gema****",
    "review_id": "2191438",
    "movie_id": "10814"
  },
  {
    "review": "장군의 아들 시리즈 중에서도 특히 2는 최고 걸작이다!!",
    "date": "07.10.04",
    "rating": "10",
    "author": "some****",
    "review_id": "2071027",
    "movie_id": "10814"
  },
  {
    "review": "장군의아들시리즈는 다재미있었어",
    "date": "07.09.23",
    "rating": "10",
    "author": "aqzz****",
    "review_id": "2040802",
    "movie_id": "10814"
  },
  {
    "review": "시리즈 중 단연 최고~!!",
    "date": "07.09.09",
    "rating": "10",
    "author": "hoon****",
    "review_id": "2010975",
    "movie_id": "10814"
  },
  {
    "review": "최고다...bar에 나왔던 조연 여자배들중 내스탈 있오....ㅠㅠ",
    "date": "07.09.07",
    "rating": "10",
    "author": "anou****",
    "review_id": "2005496",
    "movie_id": "10814"
  },
  {
    "review": "그런데.. 왜 1편이 18세이지?",
    "date": "07.08.12",
    "rating": "9",
    "author": "xx41****",
    "review_id": "1927482",
    "movie_id": "10814"
  },
  {
    "review": "송채환이의 몽환적인 눈빛, 전편에 OOO않는 수작",
    "date": "07.08.03",
    "rating": "10",
    "author": "o121****",
    "review_id": "1864255",
    "movie_id": "10814"
  },
  {
    "review": "연출에 힘이 들어간 작품",
    "date": "07.07.21",
    "rating": "7",
    "author": "lsh1****",
    "review_id": "1795771",
    "movie_id": "10814"
  },
  {
    "review": "1편에 이어 2편도 잼있었다",
    "date": "07.07.19",
    "rating": "8",
    "author": "kjhh****",
    "review_id": "1791414",
    "movie_id": "10814"
  },
  {
    "review": "나름대로 멋들어진 작품",
    "date": "07.07.17",
    "rating": "7",
    "author": "deff****",
    "review_id": "1783903",
    "movie_id": "10814"
  },
  {
    "review": "다소 무게감이 덜한 이유는 전작이 워낙 뛰어났기 때문이리라..",
    "date": "07.06.30",
    "rating": "8",
    "author": "skat****",
    "review_id": "1734315",
    "movie_id": "10814"
  },
  {
    "review": "중딩때 극장서 재미있게 본 추억의 영화.",
    "date": "07.03.12",
    "rating": "8",
    "author": "seun****",
    "review_id": "1531414",
    "movie_id": "10814"
  },
  {
    "review": "엔딩하난 멋지더군",
    "date": "07.01.08",
    "rating": "3",
    "author": "ppp0****",
    "review_id": "1366776",
    "movie_id": "10814"
  },
  {
    "review": "최고 지금의 박상민을 만들어준 영화",
    "date": "06.12.21",
    "rating": "10",
    "author": "nulu****",
    "review_id": "1309215",
    "movie_id": "10814"
  },
  {
    "review": "대단한 시리즈물",
    "date": "06.12.03",
    "rating": "10",
    "author": "zeed****",
    "review_id": "1263982",
    "movie_id": "10814"
  },
  {
    "review": "점점더 내려가는이유는??",
    "date": "06.10.11",
    "rating": "7",
    "author": "abso****",
    "review_id": "1175653",
    "movie_id": "10814"
  },
  {
    "review": "야~ 이거 초등학생때 비디오 가게서 빌려보고 완전감동 한거.",
    "date": "06.10.05",
    "rating": "10",
    "author": "ctra****",
    "review_id": "1163015",
    "movie_id": "10814"
  },
  {
    "review": "재미만 있던데... 뭐가 별로인지... 내용도 괞찮고..",
    "date": "06.08.07",
    "rating": "10",
    "author": "zpcm****",
    "review_id": "979509",
    "movie_id": "10814"
  },
  {
    "review": "1편보다 더 잼났던 영화.",
    "date": "06.03.30",
    "rating": "9",
    "author": "taks****",
    "review_id": "741887",
    "movie_id": "10814"
  },
  {
    "review": "이봐! 마포꼬마가 아니구 마포 쌥쌥이야",
    "date": "06.03.26",
    "rating": "10",
    "author": "gasw****",
    "review_id": "735641",
    "movie_id": "10814"
  },
  {
    "review": "1편으로만은 뭔가 분이 안찬듯?",
    "date": "06.03.11",
    "rating": "3",
    "author": "bell****",
    "review_id": "711882",
    "movie_id": "10814"
  },
  {
    "review": "종로꼬마,글구 마포에서 종로꼬마와 맞짱뜬 마포꼬마.",
    "date": "06.02.26",
    "rating": "10",
    "author": "bing****",
    "review_id": "692447",
    "movie_id": "10814"
  },
  {
    "review": "김두한 부하중에 난쟁이가 둘씩이나 있었나?",
    "date": "06.02.24",
    "rating": "10",
    "author": "scal****",
    "review_id": "689210",
    "movie_id": "10814"
  },
  {
    "review": "시리즈 최고의 파워액션무비",
    "date": "05.12.25",
    "rating": "10",
    "author": "kws7****",
    "review_id": "527318",
    "movie_id": "10814"
  },
  {
    "review": "임권택! 이제 관객을 향해 나아간다.",
    "date": "05.12.09",
    "rating": "5",
    "author": "tara****",
    "review_id": "499013",
    "movie_id": "10814"
  },
  {
    "review": "너무 허구적이고 사실을 왜곡한영화.야인시대보다 못해",
    "date": "05.10.13",
    "rating": "7",
    "author": "dhm4****",
    "review_id": "441721",
    "movie_id": "10814"
  },
  {
    "review": "1편보다 항일 영웅 우상화에 바쁘고 액션은 1편만큼 보여준다.",
    "date": "05.09.23",
    "rating": "7",
    "author": "whit****",
    "review_id": "418709",
    "movie_id": "10814"
  },
  {
    "review": "대작! 역시 권택이!!",
    "date": "05.09.06",
    "rating": "10",
    "author": "lexu****",
    "review_id": "395193",
    "movie_id": "10814"
  },
  {
    "review": "빠지지는 않는다.",
    "date": "05.08.23",
    "rating": "8",
    "author": "izzo****",
    "review_id": "381178",
    "movie_id": "10814"
  },
  {
    "review": "현주님 짱~",
    "date": "05.06.27",
    "rating": "10",
    "author": "ahn7****",
    "review_id": "307584",
    "movie_id": "10814"
  },
  {
    "review": "사시미만 안들었을뿐 깡패는 깡패...영화는 잼있다..",
    "date": "05.06.05",
    "rating": "7",
    "author": "seag****",
    "review_id": "293578",
    "movie_id": "10814"
  },
  {
    "review": "마지막 장면은 우리나라의 긍지를 일으켜준다",
    "date": "05.06.03",
    "rating": "9",
    "author": "si2p****",
    "review_id": "292559",
    "movie_id": "10814"
  },
  {
    "review": "김두환응 영웅도 협객도 아니다. 그냥 깡패였다.",
    "date": "05.05.02",
    "rating": "8",
    "author": "kpcc****",
    "review_id": "269471",
    "movie_id": "10814"
  },
  {
    "review": "점점..같은 내용의 반복인듯한",
    "date": "05.03.13",
    "rating": "6",
    "author": "red0****",
    "review_id": "240526",
    "movie_id": "10814"
  },
  {
    "review": "감동 그자체...",
    "date": "04.08.03",
    "rating": "10",
    "author": "rock****",
    "review_id": "82928",
    "movie_id": "10814"
  },
  {
    "review": "그래도 멋진 한국 액션영화",
    "date": "04.07.24",
    "rating": "8",
    "author": "jcr3****",
    "review_id": "75931",
    "movie_id": "10814"
  },
  {
    "review": "야한씬도 있었다지?",
    "date": "04.07.17",
    "rating": "6",
    "author": "wjdg****",
    "review_id": "72180",
    "movie_id": "10814"
  },
  {
    "review": "한국 액션 영화의 자존심 입니다",
    "date": "04.01.31",
    "rating": "9",
    "author": "kend****",
    "review_id": "14702",
    "movie_id": "10814"
  }
]