[
  {
    "review": "볼게 많은 영화입니다. 액션씬은 인상깊지 않았고 주인공은 정의로운 성격 외에 매력은 없었지만 만화같은 영상과 더 만화같은 악당들. 감초같은 더스틴 호프만의 멈블링 연기, 귀여운 키드와 마돈나.. 정서가 안맞아 추천하긴 그렇지만 저는 재밌게 봤어요.",
    "date": "15.04.02",
    "rating": "10",
    "author": "rees****",
    "review_id": "9821324",
    "movie_id": "10817"
  },
  {
    "review": "특이한 영화적 무대에 대한 발상 그리고 유쾌한 영화. 40년대 마돈나가 존재했으면 어떠했을지를 보여주었던 영화. 그리고 미국인들의 오래된 추억거리를 담은 영화.",
    "date": "14.04.13",
    "rating": "8",
    "author": "jayr****",
    "review_id": "8648654",
    "movie_id": "10817"
  },
  {
    "review": "색감 하나만큼은 진짜 최강이었던 영화",
    "date": "14.03.31",
    "rating": "10",
    "author": "cos1****",
    "review_id": "8620207",
    "movie_id": "10817"
  },
  {
    "review": "재밌게 봤었는데 평점이 왜 이럴까? 그당시 흥행성적도 괜찮았었다.",
    "date": "13.07.25",
    "rating": "8",
    "author": "outf****",
    "review_id": "7782594",
    "movie_id": "10817"
  },
  {
    "review": "신선한 시도임에도 과한 미국풍이 영화를 버렸다.",
    "date": "13.03.08",
    "rating": "4",
    "author": "bbq2****",
    "review_id": "7330904",
    "movie_id": "10817"
  },
  {
    "review": "덜 알려진 수퍼히어로. 후달리는 이유도 있는듯.",
    "date": "13.01.17",
    "rating": "6",
    "author": "cesa****",
    "review_id": "7126481",
    "movie_id": "10817"
  },
  {
    "review": "만화같은 영상미",
    "date": "11.08.07",
    "rating": "7",
    "author": "virt****",
    "review_id": "5616901",
    "movie_id": "10817"
  },
  {
    "review": "배트맨에 재키브라운을 섞은맛이라 해야하나?? 어쨋든 파치노 연기 굿",
    "date": "11.06.26",
    "rating": "8",
    "author": "hjj5****",
    "review_id": "5501694",
    "movie_id": "10817"
  },
  {
    "review": "토미페이지의 블루나잇이란 OST는 어디서 듣나요? 듣고싶어요!",
    "date": "10.09.16",
    "rating": "10",
    "author": "back****",
    "review_id": "4839356",
    "movie_id": "10817"
  },
  {
    "review": "본인은 이 영화에 대해 호감을 나타내었다",
    "date": "10.06.10",
    "rating": "7",
    "author": "spar****",
    "review_id": "4556895",
    "movie_id": "10817"
  },
  {
    "review": "이걸본 미국애들은 거리에서 딕 딕 이러고 다녔다든데;;; (AVGN 딕트레이시편참조)",
    "date": "10.03.10",
    "rating": "8",
    "author": "jski****",
    "review_id": "4347516",
    "movie_id": "10817"
  },
  {
    "review": "한국 영화심의 졸라 웃기네 미국에서 PG 영화를 왜 한국에서는 18세로 정해놓은건지",
    "date": "10.02.05",
    "rating": "10",
    "author": "watr****",
    "review_id": "4248833",
    "movie_id": "10817"
  },
  {
    "review": "점수 왜 이래 재밌어서 다섯번은 봤던 영환데....",
    "date": "09.11.28",
    "rating": "10",
    "author": "thaw****",
    "review_id": "3997000",
    "movie_id": "10817"
  },
  {
    "review": "팀버튼의 배트맨이 생각나는건 왜일까...",
    "date": "08.09.05",
    "rating": "1",
    "author": "dj16****",
    "review_id": "2923583",
    "movie_id": "10817"
  },
  {
    "review": "색감이 특이했던 영화..",
    "date": "08.07.31",
    "rating": "7",
    "author": "pola****",
    "review_id": "2821638",
    "movie_id": "10817"
  },
  {
    "review": "만화 같은 그래픽 말고는 별로 볼만한게 없다",
    "date": "08.05.01",
    "rating": "4",
    "author": "cont****",
    "review_id": "2608190",
    "movie_id": "10817"
  },
  {
    "review": "만화적 상상력을 영화로 풀어내기 ...",
    "date": "08.02.01",
    "rating": "6",
    "author": "1stl****",
    "review_id": "2395612",
    "movie_id": "10817"
  },
  {
    "review": "색감은 최고인데 동선연출이 너무 부족하다.액션도 영 아니올시다",
    "date": "07.12.22",
    "rating": "2",
    "author": "baks****",
    "review_id": "2253780",
    "movie_id": "10817"
  },
  {
    "review": "good",
    "date": "07.10.22",
    "rating": "2",
    "author": "cles****",
    "review_id": "2105794",
    "movie_id": "10817"
  },
  {
    "review": "색채가 정말 화려했던 작품 마돈나도 정말 색시하게 잘 나옴",
    "date": "07.08.28",
    "rating": "9",
    "author": "deff****",
    "review_id": "1985370",
    "movie_id": "10817"
  },
  {
    "review": "이거 참 웰메이드..",
    "date": "07.06.19",
    "rating": "10",
    "author": "empe****",
    "review_id": "1709893",
    "movie_id": "10817"
  },
  {
    "review": "워렌과 알의 만남, 워렌의 감수성",
    "date": "07.05.29",
    "rating": "9",
    "author": "yags****",
    "review_id": "1671030",
    "movie_id": "10817"
  },
  {
    "review": "영화끝날때까지 더스틴호프만만찾았다..ㅋㅋ 마돈나가 매력적이던걸",
    "date": "07.05.10",
    "rating": "9",
    "author": "bebe****",
    "review_id": "1630591",
    "movie_id": "10817"
  },
  {
    "review": "원작이 만화였구나.그렇다면 조금 이해가 가는군.",
    "date": "07.04.30",
    "rating": "6",
    "author": "naeg****",
    "review_id": "1612674",
    "movie_id": "10817"
  },
  {
    "review": "참 독특하고 좋았다. 너무 원작만화에 충심한 느낌.",
    "date": "07.04.27",
    "rating": "8",
    "author": "bepl****",
    "review_id": "1608498",
    "movie_id": "10817"
  },
  {
    "review": "다양하고 화려한 색으로 이루어진 영화. 내용은 유치하나 연기는 괜찮다.",
    "date": "07.04.25",
    "rating": "8",
    "author": "cksn****",
    "review_id": "1604920",
    "movie_id": "10817"
  },
  {
    "review": "영상에 주목하라.. 내용도 그리 진부하진 않다..",
    "date": "07.04.13",
    "rating": "8",
    "author": "blue****",
    "review_id": "1586046",
    "movie_id": "10817"
  },
  {
    "review": "지루함이 영화의 다른 특징을 압도하는...",
    "date": "07.04.08",
    "rating": "7",
    "author": "seun****",
    "review_id": "1578943",
    "movie_id": "10817"
  },
  {
    "review": "특이한 영화지..색채감 좋음.만화느낌.마돈나 나온다.여기.",
    "date": "07.03.19",
    "rating": "5",
    "author": "siri****",
    "review_id": "1543364",
    "movie_id": "10817"
  },
  {
    "review": "만화같은 칼라와 영상전개가 특이하다",
    "date": "07.02.08",
    "rating": "2",
    "author": "ysuh****",
    "review_id": "1453168",
    "movie_id": "10817"
  },
  {
    "review": "good",
    "date": "07.01.30",
    "rating": "4",
    "author": "kcch****",
    "review_id": "1427879",
    "movie_id": "10817"
  },
  {
    "review": "영상미가 조금 있었던듯 싶지만 그외에는 글쎄...",
    "date": "07.01.15",
    "rating": "7",
    "author": "nala****",
    "review_id": "1387496",
    "movie_id": "10817"
  },
  {
    "review": "분장과 색채와 함께 조연들의 뛰어난 연기가 돋보인다.",
    "date": "06.07.16",
    "rating": "10",
    "author": "jsh1****",
    "review_id": "897782",
    "movie_id": "10817"
  },
  {
    "review": "화려한 색체가 돋보인다....",
    "date": "06.03.01",
    "rating": "9",
    "author": "shh7****",
    "review_id": "698716",
    "movie_id": "10817"
  },
  {
    "review": "만화와 다연발 소총이 만난 희대극",
    "date": "05.12.24",
    "rating": "8",
    "author": "kws7****",
    "review_id": "525135",
    "movie_id": "10817"
  },
  {
    "review": "완전 배트맨 음악에 만화같은 색감. 명배우들 보는 재미...",
    "date": "05.11.20",
    "rating": "7",
    "author": "palm****",
    "review_id": "479866",
    "movie_id": "10817"
  },
  {
    "review": "음악이 조금 살리고 색깔이 살리고 그러다보니 평작 이상",
    "date": "05.10.15",
    "rating": "7",
    "author": "ghvl****",
    "review_id": "443164",
    "movie_id": "10817"
  },
  {
    "review": "히틀러같은 아저씨나왔다....",
    "date": "05.09.25",
    "rating": "10",
    "author": "minh****",
    "review_id": "421906",
    "movie_id": "10817"
  },
  {
    "review": "만화와 영화가 이렇게 잘어울리다니..",
    "date": "05.09.16",
    "rating": "7",
    "author": "movi****",
    "review_id": "407498",
    "movie_id": "10817"
  },
  {
    "review": "별로인",
    "date": "05.08.19",
    "rating": "4",
    "author": "okjo****",
    "review_id": "374716",
    "movie_id": "10817"
  },
  {
    "review": "만화같은 배경의 독특한 연출과 세트만 놀랍군.",
    "date": "05.07.03",
    "rating": "2",
    "author": "dbsw****",
    "review_id": "311793",
    "movie_id": "10817"
  },
  {
    "review": "배트맨보다는 유치한것같지만 잘된연출등 놀라운 영화",
    "date": "05.05.18",
    "rating": "7",
    "author": "si2p****",
    "review_id": "280076",
    "movie_id": "10817"
  },
  {
    "review": "즐거운 미술.",
    "date": "05.04.29",
    "rating": "7",
    "author": "m60d****",
    "review_id": "267887",
    "movie_id": "10817"
  },
  {
    "review": "15년이 지났어도 세련되고 독특한 영화. 인상깊은 캐릭터들",
    "date": "04.12.05",
    "rating": "7",
    "author": "maat****",
    "review_id": "157620",
    "movie_id": "10817"
  },
  {
    "review": "워우,환상적인 무대~!~!하지만 은근히 지루한...",
    "date": "04.07.18",
    "rating": "6",
    "author": "sick****",
    "review_id": "72678",
    "movie_id": "10817"
  }
]