[
  {
    "review": "나도 죽이고 싶다",
    "date": "06.09.02",
    "rating": "6",
    "author": "zeed****",
    "review_id": "1095309",
    "movie_id": "10810"
  },
  {
    "review": "불쌍해서 ㅋㅋㅋㅋㅋㅋㅋㅋㅋㅋㅋㅋㅋㅋㅋㅋㅋㅋㅋㅋ",
    "date": "06.07.04",
    "rating": "10",
    "author": "sjrn****",
    "review_id": "870829",
    "movie_id": "10810"
  },
  {
    "review": "모두가 죽이고 싶던 감독...최야성",
    "date": "06.03.27",
    "rating": "3",
    "author": "kwan****",
    "review_id": "736335",
    "movie_id": "10810"
  },
  {
    "review": "재미있게 봤습니다^0^",
    "date": "05.09.15",
    "rating": "10",
    "author": "hotk****",
    "review_id": "406428",
    "movie_id": "10810"
  },
  {
    "review": "good!",
    "date": "05.09.13",
    "rating": "10",
    "author": "nada****",
    "review_id": "404313",
    "movie_id": "10810"
  },
  {
    "review": "제목 하나는 끝내준다.",
    "date": "04.10.16",
    "rating": "5",
    "author": "domi****",
    "review_id": "126751",
    "movie_id": "10810"
  }
]