[
  {
    "review": "조폭 형사 살인범 쳐나오는 한국영화들은 예전 영화들을 교훈삼고 반성해야 할것이다!!",
    "date": "15.08.12",
    "rating": "10",
    "author": "ske4****",
    "review_id": "10219170",
    "movie_id": "10815"
  },
  {
    "review": "1,2에 비해 임팩트는 떨어지지만 그래도 시리즈 마지막답게 잘 만들었고 지금 시대에 나와도 절대 꿀리지 않는 액션씬!!! 최고의 명작!!!",
    "date": "15.03.29",
    "rating": "10",
    "author": "robo****",
    "review_id": "9813884",
    "movie_id": "10815"
  },
  {
    "review": "요즘 더 유명하신 장광 아저씨가 김두환 목소리셨구나 ㅋㅋ 1편은 또 다른분이 김두환 목소리시네 ㅋ",
    "date": "15.02.26",
    "rating": "10",
    "author": "hwan****",
    "review_id": "9739617",
    "movie_id": "10815"
  },
  {
    "review": "1편,2편에 비하면 다소 스펙이 떨어지지만 그래도 최고!!",
    "date": "14.09.24",
    "rating": "9",
    "author": "viol****",
    "review_id": "9238010",
    "movie_id": "10815"
  },
  {
    "review": "장군의 아들 마지막 시리즈",
    "date": "14.09.09",
    "rating": "10",
    "author": "9kuu****",
    "review_id": "9187905",
    "movie_id": "10815"
  },
  {
    "review": "오래된 영화라 역시 한계가 보인다. 구성이 난잡하고 그냥 액션밖에 볼거리가 없는 영화",
    "date": "14.08.07",
    "rating": "5",
    "author": "eigo****",
    "review_id": "9046626",
    "movie_id": "10815"
  },
  {
    "review": "시리즈중 마지막 전편들을 능가하지 못했지만 볼만했음",
    "date": "14.08.06",
    "rating": "7",
    "author": "adiv****",
    "review_id": "9035277",
    "movie_id": "10815"
  },
  {
    "review": "2편보다는 약했다.  3편은 종로패가 강해지는것보다는 혼마찌깡이 강해졌기때문에...싸움요소도 많이없다",
    "date": "14.08.02",
    "rating": "1",
    "author": "tai2****",
    "review_id": "9005614",
    "movie_id": "10815"
  },
  {
    "review": "영화는 그냥 영화다..진짜 김두한이 어떤놈인지  모르는  사람이  많아서  안타깝다.",
    "date": "14.07.27",
    "rating": "1",
    "author": "tjxo****",
    "review_id": "8969111",
    "movie_id": "10815"
  },
  {
    "review": "2편이 상당히 흥미로운 요소들이 많았던 반면 급하게 결말을 맺은 듯 한 마지막 시리즈. 시리즈 전체적으로 보면서 느낀 건 액션배우들의 훌륭한 액션연기가 정말 예술이었음.",
    "date": "14.03.15",
    "rating": "9",
    "author": "jjaj****",
    "review_id": "8576974",
    "movie_id": "10815"
  },
  {
    "review": "야인시대랑 내용이 완전이 틀리지만 이정도면 명작이다.",
    "date": "14.02.01",
    "rating": "8",
    "author": "kyn9****",
    "review_id": "8462212",
    "movie_id": "10815"
  },
  {
    "review": "역시 장군의아들이야 무엇보다 박상민이 최고다 완전한 액션 짱짱짱...?",
    "date": "14.01.19",
    "rating": "10",
    "author": "vldz****",
    "review_id": "8400408",
    "movie_id": "10815"
  },
  {
    "review": "3가 제일 재밌음 ㅋㅋㅋ",
    "date": "14.01.19",
    "rating": "10",
    "author": "tmdg****",
    "review_id": "8399803",
    "movie_id": "10815"
  },
  {
    "review": "차라리 야인시대가 낫다..",
    "date": "14.01.05",
    "rating": "6",
    "author": "tn99****",
    "review_id": "8352908",
    "movie_id": "10815"
  },
  {
    "review": "정말좋습니다 임감독님 존경합니다 이런영화를 만들어주셔서",
    "date": "13.10.03",
    "rating": "10",
    "author": "cjfa****",
    "review_id": "8032106",
    "movie_id": "10815"
  },
  {
    "review": "김두한이 건달이긴하지만 그시대에 일본넘들하고 대등하게 싸울수있는 사람이 있었나???",
    "date": "13.08.15",
    "rating": "8",
    "author": "lsw2****",
    "review_id": "7885414",
    "movie_id": "10815"
  },
  {
    "review": "좋아요",
    "date": "13.08.07",
    "rating": "9",
    "author": "min1****",
    "review_id": "7854177",
    "movie_id": "10815"
  },
  {
    "review": "지금봐도 뭔가 오글거리지않음!",
    "date": "13.07.18",
    "rating": "8",
    "author": "revo****",
    "review_id": "7755500",
    "movie_id": "10815"
  },
  {
    "review": "말이 필요합니까..????",
    "date": "13.06.13",
    "rating": "10",
    "author": "kyse****",
    "review_id": "7634551",
    "movie_id": "10815"
  },
  {
    "review": "90년대 조폭영화의 끝판왕이라 불를만했다. 총,칼을 앞세운 한국출신의 일본후빨하던 조폭 하야시를 낭만주먹 긴또깡의 종로지역 자릿세 패권을 다룬영화로 이영화가 조폭들을 많이 미화한 부분이 맘에 안들지만, 재미로만 본다면 재밌지~ 그냥 재미로 보는영화",
    "date": "13.05.06",
    "rating": "10",
    "author": "bajj****",
    "review_id": "7512206",
    "movie_id": "10815"
  },
  {
    "review": "지금도 최고라 칭할수 있는영화죠",
    "date": "13.04.07",
    "rating": "10",
    "author": "buda****",
    "review_id": "7442547",
    "movie_id": "10815"
  },
  {
    "review": "재미익스오",
    "date": "13.02.21",
    "rating": "10",
    "author": "lgge****",
    "review_id": "7287034",
    "movie_id": "10815"
  },
  {
    "review": "니뽄 3 대 1 대결에 스트리트파이터 녀석들이 나오네 ㅋㅋㅋ 액션은 1편이 제일 현실적인듯 ㅋㅋ",
    "date": "12.07.30",
    "rating": "7",
    "author": "youn****",
    "review_id": "6553749",
    "movie_id": "10815"
  },
  {
    "review": "말이 필요없는 국내 액션 영화 전설",
    "date": "12.07.22",
    "rating": "8",
    "author": "hana****",
    "review_id": "6513320",
    "movie_id": "10815"
  },
  {
    "review": "전편들보단 좀 빠지지만 괜찮았던 마무리.",
    "date": "12.07.11",
    "rating": "10",
    "author": "kem1****",
    "review_id": "6468839",
    "movie_id": "10815"
  },
  {
    "review": "이거보고 남자들 어깨에 힘즘 들어 갔지,",
    "date": "11.09.19",
    "rating": "7",
    "author": "milk****",
    "review_id": "5740335",
    "movie_id": "10815"
  },
  {
    "review": "뚝섬점백이와 장은실의 신음소리,봉천 마적단,헌병대 대결등이 볼만한 영화*",
    "date": "11.03.13",
    "rating": "9",
    "author": "dma9****",
    "review_id": "5311430",
    "movie_id": "10815"
  },
  {
    "review": "김두한짱이지 멋짐",
    "date": "11.02.18",
    "rating": "10",
    "author": "kwm8****",
    "review_id": "5251974",
    "movie_id": "10815"
  },
  {
    "review": "아 조용히들좀해 초뒹들아",
    "date": "11.02.05",
    "rating": "10",
    "author": "mix1****",
    "review_id": "5217719",
    "movie_id": "10815"
  },
  {
    "review": "김두한은 깡패가 아니라 영웅이다.",
    "date": "11.02.04",
    "rating": "10",
    "author": "odjs****",
    "review_id": "5214021",
    "movie_id": "10815"
  },
  {
    "review": "카리스마있는 액션",
    "date": "11.01.05",
    "rating": "9",
    "author": "yser****",
    "review_id": "5130105",
    "movie_id": "10815"
  },
  {
    "review": "그냥 평점깍고 싶어하는 놈들이 있는듯...",
    "date": "10.09.05",
    "rating": "10",
    "author": "bull****",
    "review_id": "4817865",
    "movie_id": "10815"
  },
  {
    "review": "그냥최고",
    "date": "10.09.05",
    "rating": "10",
    "author": "konu****",
    "review_id": "4817861",
    "movie_id": "10815"
  },
  {
    "review": "조선최고의 협객. 정말최고!",
    "date": "10.04.03",
    "rating": "10",
    "author": "skar****",
    "review_id": "4408516",
    "movie_id": "10815"
  },
  {
    "review": "정말이지 1,2편에 비해 3편은 어떻게든 시간만 채우려고 한 티가 너무 난다",
    "date": "10.04.03",
    "rating": "5",
    "author": "mygr****",
    "review_id": "4405942",
    "movie_id": "10815"
  },
  {
    "review": "드럽게 지루하네",
    "date": "09.11.11",
    "rating": "2",
    "author": "papi****",
    "review_id": "3953292",
    "movie_id": "10815"
  },
  {
    "review": "하하",
    "date": "09.10.05",
    "rating": "10",
    "author": "nice****",
    "review_id": "3875735",
    "movie_id": "10815"
  },
  {
    "review": "TV에서 예전엔 자주 해줬었는데..요즘엔 잘 안해주네..",
    "date": "09.09.24",
    "rating": "7",
    "author": "jbc1****",
    "review_id": "3847798",
    "movie_id": "10815"
  },
  {
    "review": "한국의<대부>시리즈.3편이 졸작인 것도 닮았다.",
    "date": "09.06.20",
    "rating": "4",
    "author": "blob****",
    "review_id": "3577204",
    "movie_id": "10815"
  },
  {
    "review": "오연수는 이뻤으니깐 머.. ㅋ_ㅋ;;",
    "date": "09.03.15",
    "rating": "5",
    "author": "tleh****",
    "review_id": "3367199",
    "movie_id": "10815"
  },
  {
    "review": "어쨋든 재밌는건 사실이자나?ㅋㅋ",
    "date": "09.01.28",
    "rating": "10",
    "author": "yunp****",
    "review_id": "3256119",
    "movie_id": "10815"
  },
  {
    "review": "내생에 최고의영화..",
    "date": "09.01.08",
    "rating": "10",
    "author": "jkh0****",
    "review_id": "3201347",
    "movie_id": "10815"
  },
  {
    "review": "이런 소재의 영화가 제작되었다는 자체가 비극. 아버지와는 반대의 삶을 산 아들.",
    "date": "08.12.17",
    "rating": "3",
    "author": "acin****",
    "review_id": "3124557",
    "movie_id": "10815"
  },
  {
    "review": "1.2편에 비해 다소 떨어지지만...그래도 나름 볼만했다.....오연수 신음소리는 후덜덜",
    "date": "08.12.02",
    "rating": "10",
    "author": "kimk****",
    "review_id": "3085716",
    "movie_id": "10815"
  },
  {
    "review": "김두한은 최고다.. 욕하는 놈들은 나라를 위해 뭘 했냐?",
    "date": "08.05.30",
    "rating": "10",
    "author": "lldo****",
    "review_id": "2671359",
    "movie_id": "10815"
  },
  {
    "review": "그냥 건달이지 애국자는 아니자나...",
    "date": "08.05.21",
    "rating": "3",
    "author": "meth****",
    "review_id": "2654180",
    "movie_id": "10815"
  },
  {
    "review": "잊을 수 없는 박상민의 카리스마..",
    "date": "08.01.31",
    "rating": "9",
    "author": "pksj****",
    "review_id": "2390220",
    "movie_id": "10815"
  },
  {
    "review": "하야시가 좀 허접하긴 했지만...어쨋든 재밌었다 ㅋㅋ",
    "date": "08.01.05",
    "rating": "10",
    "author": "y081****",
    "review_id": "2299448",
    "movie_id": "10815"
  },
  {
    "review": "그래도 잘 만들었네...",
    "date": "07.11.29",
    "rating": "10",
    "author": "gema****",
    "review_id": "2191442",
    "movie_id": "10815"
  },
  {
    "review": "후반부 빼고는 전체적으로 아쉬움이 많이 남았다...",
    "date": "07.10.04",
    "rating": "7",
    "author": "some****",
    "review_id": "2071032",
    "movie_id": "10815"
  },
  {
    "review": "이것도 좋앗지..",
    "date": "07.09.23",
    "rating": "10",
    "author": "aqzz****",
    "review_id": "2040804",
    "movie_id": "10815"
  },
  {
    "review": "별루 였다..",
    "date": "07.08.12",
    "rating": "2",
    "author": "xx41****",
    "review_id": "1927486",
    "movie_id": "10815"
  },
  {
    "review": "장군의아들 시리즈중 개인적으로 가장 좋았던...연수님..좋아했어요ㅠㅠ",
    "date": "07.08.06",
    "rating": "9",
    "author": "typo****",
    "review_id": "1888543",
    "movie_id": "10815"
  },
  {
    "review": "오연수의 새벽 신음소리, 어린나이에 참 민망했었다는...",
    "date": "07.08.03",
    "rating": "9",
    "author": "o121****",
    "review_id": "1864265",
    "movie_id": "10815"
  },
  {
    "review": "아쉬움이 남는 작품",
    "date": "07.07.21",
    "rating": "6",
    "author": "lsh1****",
    "review_id": "1795769",
    "movie_id": "10815"
  },
  {
    "review": "3편도 잼있다~",
    "date": "07.07.19",
    "rating": "8",
    "author": "kjhh****",
    "review_id": "1791416",
    "movie_id": "10815"
  },
  {
    "review": "갈수록 힘이 많이 딸린다",
    "date": "07.07.17",
    "rating": "6",
    "author": "deff****",
    "review_id": "1783906",
    "movie_id": "10815"
  },
  {
    "review": "로맨스는 새로웠지만 김두한은 싸울때가 가장 멋지다..",
    "date": "07.06.30",
    "rating": "6",
    "author": "skat****",
    "review_id": "1734330",
    "movie_id": "10815"
  },
  {
    "review": "여관?에서의 씬이 기억난다 소리만 났다",
    "date": "07.01.23",
    "rating": "8",
    "author": "mins****",
    "review_id": "1407443",
    "movie_id": "10815"
  },
  {
    "review": "시리즈중 최악;;김두한이 마약거랠--?",
    "date": "07.01.08",
    "rating": "1",
    "author": "ppp0****",
    "review_id": "1366777",
    "movie_id": "10815"
  },
  {
    "review": "왜이런 쓰래기를???",
    "date": "06.10.11",
    "rating": "3",
    "author": "abso****",
    "review_id": "1175654",
    "movie_id": "10815"
  },
  {
    "review": "박상민의 부담스런 모습이 좀 보였지만..",
    "date": "06.04.09",
    "rating": "8",
    "author": "scal****",
    "review_id": "754743",
    "movie_id": "10815"
  },
  {
    "review": "결국 김똥깡은 할 줄 아는게 주먹질박에 없었다!",
    "date": "06.03.11",
    "rating": "3",
    "author": "bell****",
    "review_id": "711886",
    "movie_id": "10815"
  },
  {
    "review": "급하게 만든 티가 난다",
    "date": "05.12.25",
    "rating": "7",
    "author": "kws7****",
    "review_id": "527319",
    "movie_id": "10815"
  },
  {
    "review": "2편으로 끝이어야 했나? 너무 관객만 신경쓴 듯. 너무.",
    "date": "05.12.09",
    "rating": "3",
    "author": "tara****",
    "review_id": "499008",
    "movie_id": "10815"
  },
  {
    "review": "너무 허구적이고 사실을 왜곡한영화.야인시대보다 못해",
    "date": "05.10.13",
    "rating": "10",
    "author": "dhm4****",
    "review_id": "441718",
    "movie_id": "10815"
  },
  {
    "review": "대작!!",
    "date": "05.09.06",
    "rating": "10",
    "author": "lexu****",
    "review_id": "395192",
    "movie_id": "10815"
  },
  {
    "review": "야인시대가 계보를 이은 걸까?",
    "date": "05.08.23",
    "rating": "8",
    "author": "izzo****",
    "review_id": "381179",
    "movie_id": "10815"
  },
  {
    "review": "마무리 부실...그래도 강패는 깡패...",
    "date": "05.06.05",
    "rating": "6",
    "author": "seag****",
    "review_id": "293582",
    "movie_id": "10815"
  },
  {
    "review": "완결편을 너무 기대한 나머지 실망도 컸다",
    "date": "05.06.03",
    "rating": "7",
    "author": "si2p****",
    "review_id": "292561",
    "movie_id": "10815"
  },
  {
    "review": "하야시 죽였어야 하는데... ㅋ",
    "date": "05.05.02",
    "rating": "7",
    "author": "kpcc****",
    "review_id": "269472",
    "movie_id": "10815"
  },
  {
    "review": "더이상의속편이 나왔으면..흥행 참패했을수도",
    "date": "05.03.13",
    "rating": "5",
    "author": "red0****",
    "review_id": "240527",
    "movie_id": "10815"
  },
  {
    "review": "맨주먹의 람보",
    "date": "05.01.02",
    "rating": "5",
    "author": "kmjn****",
    "review_id": "175348",
    "movie_id": "10815"
  },
  {
    "review": "말이 필요없다",
    "date": "04.08.03",
    "rating": "10",
    "author": "rock****",
    "review_id": "82930",
    "movie_id": "10815"
  },
  {
    "review": "그래도 하야시와의 끝장이 있기에 이 영화가 멋질 수 있다.",
    "date": "04.07.24",
    "rating": "8",
    "author": "jcr3****",
    "review_id": "75934",
    "movie_id": "10815"
  },
  {
    "review": "2편에서 끝냈으면 걸작이 될 뻔했다. 김두한 항일 우상화는 이제 그만.",
    "date": "04.05.29",
    "rating": "6",
    "author": "whit****",
    "review_id": "47187",
    "movie_id": "10815"
  },
  {
    "review": "마지막이 너무 아쉬워 쓸쓸함이 짙다.",
    "date": "04.01.31",
    "rating": "9",
    "author": "kend****",
    "review_id": "14703",
    "movie_id": "10815"
  },
  {
    "review": "통쾌하고도 비정미넘치는 마지막 라스트씬",
    "date": "04.01.24",
    "rating": "10",
    "author": "spik****",
    "review_id": "12704",
    "movie_id": "10815"
  }
]