[
  {
    "review": "유승준영화보고싶다재미있다",
    "date": "15.08.23",
    "rating": "10",
    "author": "abcd****",
    "review_id": "10269264",
    "movie_id": "10819"
  },
  {
    "review": "어렸을때 극장가서 봤는데재밌었던 기억이 아직도 나네요",
    "date": "15.08.09",
    "rating": "10",
    "author": "300s****",
    "review_id": "10205917",
    "movie_id": "10819"
  },
  {
    "review": "이거 유튜브에 올라와서 다시 봤는데 옛추억에 웃음이 떠나질 않네요. 연출이라던지 등장인물 대사라던지 유치하긴 하지만,  코흘리게 어린시절엔 정말 잼있게 봤었던 기억이 나네요 ㅋ",
    "date": "15.07.24",
    "rating": "10",
    "author": "peto****",
    "review_id": "10137677",
    "movie_id": "10819"
  },
  {
    "review": "이 당시에 터미네이터1이 먼저 나왔는데 보다가 진짜 이게 뭔가싶다 진짜 차이가 엄청심하네",
    "date": "15.06.21",
    "rating": "1",
    "author": "2233****",
    "review_id": "10019133",
    "movie_id": "10819"
  },
  {
    "review": "당대의 유초딩의 뽀통령이라면 요새 애들이라면 이해하겠니?",
    "date": "15.06.13",
    "rating": "10",
    "author": "ygom****",
    "review_id": "9994788",
    "movie_id": "10819"
  },
  {
    "review": "그 당시 그야말로 짱였음.",
    "date": "15.05.06",
    "rating": "10",
    "author": "fort****",
    "review_id": "9900463",
    "movie_id": "10819"
  },
  {
    "review": "87년생 추억의 어린이 영화제학교 가면 아이들하고 우뢰매 놀이 하고 놀고우뢰매 용품 누가 더 가지고 있는지 싸우기도 하며 국산 최고의 히어로물이지 말이 필요 없는 영구 행님의 불후의 명작이시라 ㅋ?",
    "date": "15.04.01",
    "rating": "10",
    "author": "yyho****",
    "review_id": "9819622",
    "movie_id": "10819"
  },
  {
    "review": "추억의 우뢰매 당시 어린이들 인기 영화",
    "date": "15.03.09",
    "rating": "8",
    "author": "adiv****",
    "review_id": "9768708",
    "movie_id": "10819"
  },
  {
    "review": "엄마랑 시장갔다오면서 비디오가게에 들려서 빌려봤었는뎁",
    "date": "15.02.22",
    "rating": "10",
    "author": "ming****",
    "review_id": "9727558",
    "movie_id": "10819"
  },
  {
    "review": "86년도 나중학교1학년때인데 자세하게관람하지않았다 지금알고보니까 로봇에한해서 말하지만 김청기감독은 표절왕이다",
    "date": "14.12.04",
    "rating": "1",
    "author": "sunt****",
    "review_id": "9447706",
    "movie_id": "10819"
  },
  {
    "review": "이 모든 원흉의 시작...",
    "date": "14.12.04",
    "rating": "10",
    "author": "isdn****",
    "review_id": "9447532",
    "movie_id": "10819"
  },
  {
    "review": "이건 요즘 ㅈ중고딩들이 구할래야 구하기도 어려우니 평점 테러가 없구만 ㅋㅋ 당시 기준 최고의 히어로물!!",
    "date": "14.11.29",
    "rating": "9",
    "author": "saku****",
    "review_id": "9431405",
    "movie_id": "10819"
  },
  {
    "review": "다시봤는데 의외로 액션씬이 괜찮다. 그 당시 제작비와 환경을 생각해도 나름 나쁘지 않게 뽑은 듯... 특히 액션 시 딱딱 끊어지게 움직임을  편집한 것이 참 마음에 든다.",
    "date": "14.11.15",
    "rating": "10",
    "author": "comm****",
    "review_id": "9385181",
    "movie_id": "10819"
  },
  {
    "review": "전투방식이 지금봐도 신선한게....무술처럼 공격과 방어의 기본 틀을  기준으로 손으로 쏘는 레이저가 주 공격이고 그걸 팔로 막아내는 식의 공방이 펼쳐진다..이런 방식은 지금 생각해봐도 상당히 독보적이다이런 전투 방식은 우뢰매가 유일하다",
    "date": "14.10.21",
    "rating": "9",
    "author": "popi****",
    "review_id": "9306800",
    "movie_id": "10819"
  },
  {
    "review": "추억의 영화. 만화 그림이 섞인게 참 참신했다 ㅋㅋ 동네 형은 우뢰매를 자꾸 우뢰맨이라 불렀다는 ㅋㅋ",
    "date": "14.09.27",
    "rating": "9",
    "author": "free****",
    "review_id": "9243786",
    "movie_id": "10819"
  },
  {
    "review": "심형래하면 우뢰매.슈퍼홍길동.영구와땡칠이가생각난다.참땡칠이아직도살아있나?죽었겠다 땡칠이도보고싶네",
    "date": "14.09.25",
    "rating": "9",
    "author": "wooj****",
    "review_id": "9240450",
    "movie_id": "10819"
  },
  {
    "review": "시리즈 총 관객수 2110만 평균 관객수 350만 역대급 명작!",
    "date": "14.08.14",
    "rating": "10",
    "author": "bagh****",
    "review_id": "9084222",
    "movie_id": "10819"
  },
  {
    "review": "이건 전설이다...  심형래 아저씨..  우뢰매 2015 로 리메이크 부탁드릴게요...",
    "date": "14.07.10",
    "rating": "10",
    "author": "jusi****",
    "review_id": "8901582",
    "movie_id": "10819"
  },
  {
    "review": "이당시에도 관객수 파악이 됐다면 아마 천만관객 가까이 되지 않았을까 싶다",
    "date": "14.07.06",
    "rating": "10",
    "author": "siak****",
    "review_id": "8889509",
    "movie_id": "10819"
  },
  {
    "review": "희대의 명장이다. 이건.",
    "date": "14.06.27",
    "rating": "10",
    "author": "mmse****",
    "review_id": "8861659",
    "movie_id": "10819"
  },
  {
    "review": "이게 왜 유치하다고 할까 ? 어린이용 영화이고 또 내용도 상당히 잘된 작품이다. 씨리즈 뒤로 갈수록 산으로 갔지만 1-3 편은 명작이다.",
    "date": "14.06.09",
    "rating": "10",
    "author": "kimd****",
    "review_id": "8815532",
    "movie_id": "10819"
  },
  {
    "review": "당시에 최고의 애니메이션..",
    "date": "14.05.25",
    "rating": "10",
    "author": "luna****",
    "review_id": "8762344",
    "movie_id": "10819"
  },
  {
    "review": "심형래는 디워 리메이크 하지말고 우뢰매나 리메이크해라",
    "date": "14.04.27",
    "rating": "10",
    "author": "lion****",
    "review_id": "8676687",
    "movie_id": "10819"
  },
  {
    "review": "김청기 감독의 작품중에서 최고라고 생각합니다.그런데 우뢰매 포스터 출력해서 제 방에 걸어놓고 싶네요 ㅠ너무 정겹네요~",
    "date": "14.03.09",
    "rating": "10",
    "author": "totn****",
    "review_id": "8565850",
    "movie_id": "10819"
  },
  {
    "review": "정말 소름끼치는 어린이 영화! 다시보고 싶다!",
    "date": "14.02.24",
    "rating": "10",
    "author": "ske4****",
    "review_id": "8533648",
    "movie_id": "10819"
  },
  {
    "review": "이거 의외로 스토리 구성이 탄탄한 편인데 사람들이 유치하다고 깍아내리네..팔OO대 슈퍼맨 영화 비롯해서 미국 히어로물 스토리 이것보다 사시유치한게 태반임",
    "date": "13.08.23",
    "rating": "10",
    "author": "onyo****",
    "review_id": "7915016",
    "movie_id": "10819"
  },
  {
    "review": "1986년 6살때의 기억이 아직도 생생하다. 서초구 방배동 이수극장 지하 1층에서 아이들과 학부모들이 우뢰매를 보려고 장사진을 치뤘었다. 당시의 인기는 최고였다. 극장 바로 앞에선 우뢰매 책받침을 주었고, 우뢰매 완구를 팔았었다. 최고의 향수다. ㅠ",
    "date": "13.07.06",
    "rating": "9",
    "author": "comt****",
    "review_id": "7712061",
    "movie_id": "10819"
  },
  {
    "review": "어린시절 우리 초등학생들의 꿈을 키워줬던 영화입니다. 지금보면 형편없지만, 그당시 우리나라에서 처음으로 실사영화와 만화영화를 같이 보게 한 영화입니다. 에스퍼맨의 활약상도 멋있었고... 그래서 27년만에 다시 보게 되네요.",
    "date": "13.06.09",
    "rating": "9",
    "author": "seri****",
    "review_id": "7618474",
    "movie_id": "10819"
  },
  {
    "review": "추억보정이고 뭐고 최고의 영화다!!!",
    "date": "13.04.20",
    "rating": "10",
    "author": "luca****",
    "review_id": "7471612",
    "movie_id": "10819"
  },
  {
    "review": "방학시즌이맞춰 개봉하면 설레여서 어쩔줄을 모르던 그때가 그립당.. 지금 아이들은 모르는 그때 그시절 동시상영극장 그리고 내가 살던 신림동 미림극장 그립다~~",
    "date": "13.04.12",
    "rating": "10",
    "author": "agja****",
    "review_id": "7452293",
    "movie_id": "10819"
  },
  {
    "review": "유치하고, 뻔하고, 특수효과는 초딩도 가능한 수준이었던 그런영화, 하지만 80년대 우리는 겨우 이정도다 라는걸, 이정도 밖에 못해서 아무도 안했던걸 했던 용기와 시도에 박수를 보낸다. 영화자체로는 ㅎㅎㅎ 말이필요없는 졸작",
    "date": "13.03.15",
    "rating": "10",
    "author": "bajj****",
    "review_id": "7348773",
    "movie_id": "10819"
  },
  {
    "review": "나 국딩때는 최고의 히어로 물이었으니 별다섯대 줌.울엄미 나 극장에 넣어주고 쇼핑하고 오심 ㅋㅋ",
    "date": "13.02.14",
    "rating": "10",
    "author": "yigi****",
    "review_id": "7263911",
    "movie_id": "10819"
  },
  {
    "review": "최고ㅓ의 영화입니다 열번보세요",
    "date": "13.02.12",
    "rating": "10",
    "author": "nan3****",
    "review_id": "7257698",
    "movie_id": "10819"
  },
  {
    "review": "80년대생은 누구나 필히 본..",
    "date": "13.01.29",
    "rating": "9",
    "author": "aw90****",
    "review_id": "7193730",
    "movie_id": "10819"
  },
  {
    "review": "스타워즈 아바타 에일리언 모두 우뢰매에 속하고 벗어나질않는다",
    "date": "12.10.25",
    "rating": "10",
    "author": "giga****",
    "review_id": "6825277",
    "movie_id": "10819"
  },
  {
    "review": "적어도 지금 30대 이상은 다 안다",
    "date": "12.10.24",
    "rating": "9",
    "author": "jins****",
    "review_id": "6824561",
    "movie_id": "10819"
  },
  {
    "review": "우뢰매1이 Tv에서 첫방할때 아버지는 씨름을보셨다.엉엉울었다.Tv가 1대밖에 없던 시절..난 아버지가 너무 싫어서 그렇게 울었다.",
    "date": "12.09.08",
    "rating": "9",
    "author": "culb****",
    "review_id": "6677900",
    "movie_id": "10819"
  },
  {
    "review": "당시 최고의 흥행 헐리웃 영화를 재쳤던 최고의 명작이죠 현재 이런 슈퍼히어로 국내에 없다보니 외국 영웅들에 치우쳐져있는 제 아이에게 리메이크 작이 나온다면 꼭 같이가서 보고 싶네요",
    "date": "12.08.26",
    "rating": "10",
    "author": "sina****",
    "review_id": "6646275",
    "movie_id": "10819"
  },
  {
    "review": "정말 리메이크 제대로 해서 보고 싶은 고전 명작 ㅋ",
    "date": "12.08.15",
    "rating": "10",
    "author": "otot****",
    "review_id": "6607569",
    "movie_id": "10819"
  },
  {
    "review": "그냥최고!",
    "date": "12.08.11",
    "rating": "10",
    "author": "thug****",
    "review_id": "6592856",
    "movie_id": "10819"
  },
  {
    "review": "최고의 어린이 영화. 더이상 말이 필요없음",
    "date": "12.06.27",
    "rating": "10",
    "author": "silv****",
    "review_id": "6418788",
    "movie_id": "10819"
  },
  {
    "review": "옜다 1점",
    "date": "12.06.18",
    "rating": "1",
    "author": "sh15****",
    "review_id": "6400643",
    "movie_id": "10819"
  },
  {
    "review": "심형래니까 1점",
    "date": "12.06.18",
    "rating": "1",
    "author": "shsh****",
    "review_id": "6400642",
    "movie_id": "10819"
  },
  {
    "review": "완전 쓰레기네",
    "date": "12.06.12",
    "rating": "1",
    "author": "iiii****",
    "review_id": "6386830",
    "movie_id": "10819"
  },
  {
    "review": "슈발......... 김청기 감독은 신이었다. 갓댐",
    "date": "12.04.29",
    "rating": "10",
    "author": "drog****",
    "review_id": "6254966",
    "movie_id": "10819"
  },
  {
    "review": "지금은 아니지만 그때는 쵝오!",
    "date": "11.12.29",
    "rating": "9",
    "author": "milk****",
    "review_id": "5943880",
    "movie_id": "10819"
  },
  {
    "review": "할렐루야",
    "date": "11.08.11",
    "rating": "10",
    "author": "yong****",
    "review_id": "5636935",
    "movie_id": "10819"
  },
  {
    "review": "최고의 영화",
    "date": "11.04.28",
    "rating": "10",
    "author": "kmkj****",
    "review_id": "5396114",
    "movie_id": "10819"
  },
  {
    "review": "변신하려고 한바퀴돌아본 사람 손들어",
    "date": "11.01.14",
    "rating": "10",
    "author": "soeu****",
    "review_id": "5157159",
    "movie_id": "10819"
  },
  {
    "review": "그때는 정말 최고로 재미있게 봤죠... 데일리 말투가 상당한 버터식이었었는데...ㅋ",
    "date": "11.01.13",
    "rating": "10",
    "author": "boxh****",
    "review_id": "5154512",
    "movie_id": "10819"
  },
  {
    "review": "어릴절 정말 날 흥분시켰던 영화",
    "date": "11.01.13",
    "rating": "10",
    "author": "zzi0****",
    "review_id": "5154175",
    "movie_id": "10819"
  },
  {
    "review": "7,80년대 김청기감독 만화영화 자리가없어서 서서보기도어려웠다.",
    "date": "11.01.10",
    "rating": "10",
    "author": "baeq****",
    "review_id": "5145806",
    "movie_id": "10819"
  },
  {
    "review": "아무도 없는곳에서 옆으로 돌면 변신을 하는줄 알고 한참을 따라했었던 기억이..",
    "date": "11.01.03",
    "rating": "10",
    "author": "hthj****",
    "review_id": "5124713",
    "movie_id": "10819"
  },
  {
    "review": "나 이거 집에 테잎도 있었다 1편인줄은 모르고 있었는데 지금은 어디갔나 모르겠네",
    "date": "10.12.31",
    "rating": "10",
    "author": "extr****",
    "review_id": "5107047",
    "movie_id": "10819"
  },
  {
    "review": "잘했다",
    "date": "10.12.18",
    "rating": "10",
    "author": "mhcy****",
    "review_id": "5063765",
    "movie_id": "10819"
  },
  {
    "review": "ㅋㅋㅋㅋㅋ어렸을때 재밋게봄 ㅋㅋㅋㅋㅋㅋㅋㅋㅋㅋㅋㅋㅋㅋ",
    "date": "10.12.16",
    "rating": "10",
    "author": "neze****",
    "review_id": "5057735",
    "movie_id": "10819"
  },
  {
    "review": "ㅋㅋㅋㅋ 어릴때 신나게 보고는 나이들었다고 악평하면 안되지",
    "date": "10.12.10",
    "rating": "10",
    "author": "elio****",
    "review_id": "5040969",
    "movie_id": "10819"
  },
  {
    "review": "한국영화 최고의 작품~!! 우뢰매~!!  우리의 데일리~!!",
    "date": "10.11.29",
    "rating": "10",
    "author": "hsp8****",
    "review_id": "5003117",
    "movie_id": "10819"
  },
  {
    "review": "그래그래 1은 잼났어...",
    "date": "10.11.21",
    "rating": "10",
    "author": "doct****",
    "review_id": "4976942",
    "movie_id": "10819"
  },
  {
    "review": "우뢰매를 보고 감동받아 완구도 샀었지,",
    "date": "10.11.18",
    "rating": "10",
    "author": "pitc****",
    "review_id": "4969238",
    "movie_id": "10819"
  },
  {
    "review": "심형래의 영웅과 바보를 오가는 놀라운 연기력",
    "date": "10.10.24",
    "rating": "9",
    "author": "ccpk****",
    "review_id": "4918634",
    "movie_id": "10819"
  },
  {
    "review": "지금보면 촌스러울지 몰라도 정작 요즘엔 이런 재밌는 어린이용 영화를 못 만든다는거",
    "date": "10.10.24",
    "rating": "9",
    "author": "rame****",
    "review_id": "4918633",
    "movie_id": "10819"
  },
  {
    "review": "어릴 때 극장에서 보고 우뢰매 책받침 받았다",
    "date": "10.10.24",
    "rating": "9",
    "author": "kpcc****",
    "review_id": "4918631",
    "movie_id": "10819"
  },
  {
    "review": "어릴적꿈에나타난데일리 므흣 ㅋㅋ",
    "date": "10.10.10",
    "rating": "10",
    "author": "semi****",
    "review_id": "4894687",
    "movie_id": "10819"
  },
  {
    "review": "B급이 아닌 C나 D급을 찾고싶나? 그러면 이것을 봐라.........",
    "date": "10.10.05",
    "rating": "1",
    "author": "hyuk****",
    "review_id": "4886053",
    "movie_id": "10819"
  },
  {
    "review": "왘굳",
    "date": "10.10.04",
    "rating": "10",
    "author": "rlag****",
    "review_id": "4884861",
    "movie_id": "10819"
  },
  {
    "review": "각설하고 무조건 세계최고다!!",
    "date": "10.09.11",
    "rating": "10",
    "author": "mili****",
    "review_id": "4829269",
    "movie_id": "10819"
  },
  {
    "review": "어릴적 나에게 에스퍼맨은 영웅 데일리는 여신이었다.",
    "date": "10.09.06",
    "rating": "10",
    "author": "genj****",
    "review_id": "4820495",
    "movie_id": "10819"
  },
  {
    "review": "아직 우뢰매를 기억하시는 분들이 많네여..그립네여 꼬마시절이..",
    "date": "10.08.25",
    "rating": "10",
    "author": "dilo****",
    "review_id": "4790658",
    "movie_id": "10819"
  },
  {
    "review": "포스터를 보는순간 난 그자리에서 오줌을 지렸다",
    "date": "10.08.11",
    "rating": "10",
    "author": "tjrw****",
    "review_id": "4734177",
    "movie_id": "10819"
  },
  {
    "review": "100년에 한번 나올만한 한국영화의 최고 수작.",
    "date": "10.08.09",
    "rating": "10",
    "author": "a514****",
    "review_id": "4727348",
    "movie_id": "10819"
  },
  {
    "review": "참.. 옛날 치고는 괜찮은 영화 ^^",
    "date": "10.07.12",
    "rating": "7",
    "author": "gjtj****",
    "review_id": "4634026",
    "movie_id": "10819"
  },
  {
    "review": "우뢰매시리즈는극장에서앉아서본적이 없다. 관객수가몇이었을까?",
    "date": "10.07.11",
    "rating": "10",
    "author": "agai****",
    "review_id": "4629869",
    "movie_id": "10819"
  },
  {
    "review": "10점 만점에 10점",
    "date": "10.06.12",
    "rating": "10",
    "author": "yatt****",
    "review_id": "4561168",
    "movie_id": "10819"
  },
  {
    "review": "내인생 최고의 영화..",
    "date": "10.06.07",
    "rating": "10",
    "author": "xdro****",
    "review_id": "4551428",
    "movie_id": "10819"
  },
  {
    "review": "손가락 쪽쪽 빨고 봤던 영화 나름 반전도 ㅋㅋ",
    "date": "10.06.02",
    "rating": "10",
    "author": "10hi****",
    "review_id": "4538900",
    "movie_id": "10819"
  },
  {
    "review": "전설의 명작...ㅠㅠ",
    "date": "10.05.17",
    "rating": "10",
    "author": "seok****",
    "review_id": "4504778",
    "movie_id": "10819"
  },
  {
    "review": "내평생 유일하게 욕심났던 배역이 있었다면 그것은 바로 에스퍼맨역이었다 - 알파치노",
    "date": "10.05.16",
    "rating": "10",
    "author": "kiss****",
    "review_id": "4503709",
    "movie_id": "10819"
  },
  {
    "review": "전투씬이 개쩝 ㅠㅠ",
    "date": "10.05.16",
    "rating": "10",
    "author": "hdic****",
    "review_id": "4502733",
    "movie_id": "10819"
  },
  {
    "review": "손에 땀을 쥐게 하는 액션 스타워즈를 능가하는 CG 이것이 바로 영화다",
    "date": "10.05.01",
    "rating": "10",
    "author": "wpwn****",
    "review_id": "4468746",
    "movie_id": "10819"
  },
  {
    "review": "나의 동심과 함께하는 영화",
    "date": "10.04.14",
    "rating": "10",
    "author": "janu****",
    "review_id": "4432703",
    "movie_id": "10819"
  },
  {
    "review": "이영화를 통해 소리가 빛보다 빠르다는것을 깨달았다",
    "date": "10.04.13",
    "rating": "10",
    "author": "megu****",
    "review_id": "4430605",
    "movie_id": "10819"
  },
  {
    "review": "우뢰매가 없었다면 스타워즈는 나오지 않았을것이다..... - 조지 루카스",
    "date": "10.04.13",
    "rating": "10",
    "author": "dong****",
    "review_id": "4430600",
    "movie_id": "10819"
  },
  {
    "review": "전투씬 감명받았습니다 시걸형님도 울고갈 액션영화...",
    "date": "10.04.13",
    "rating": "10",
    "author": "iris****",
    "review_id": "4430509",
    "movie_id": "10819"
  },
  {
    "review": "이생키들아 찬양해라. 우뢰매님이시다",
    "date": "10.04.12",
    "rating": "10",
    "author": "wukg****",
    "review_id": "4427904",
    "movie_id": "10819"
  },
  {
    "review": "장 뤽 고다르가 말했지 내영화 인생은 우뢰매 전과 후로 나뉜다고 조평신들아......",
    "date": "10.04.12",
    "rating": "10",
    "author": "litt****",
    "review_id": "4427454",
    "movie_id": "10819"
  },
  {
    "review": "이건 누가 뭐라해도 최고의 액션 영화다",
    "date": "10.04.11",
    "rating": "10",
    "author": "ppck****",
    "review_id": "4426851",
    "movie_id": "10819"
  },
  {
    "review": "세계 최고의 액션신",
    "date": "10.04.11",
    "rating": "10",
    "author": "kona****",
    "review_id": "4426425",
    "movie_id": "10819"
  },
  {
    "review": "최고의 액션씬",
    "date": "10.04.11",
    "rating": "10",
    "author": "dsad****",
    "review_id": "4426368",
    "movie_id": "10819"
  },
  {
    "review": "ㅋㅋㅋㅋㅋㅋㅋㅋㅋㅋㅋㅋㅋㅋㅋㅋㅋㅋㅋㅋㅋㅋㅋㅋㅋㅋㅋㅋ손발증발욬ㅋㅋㅋ",
    "date": "10.04.11",
    "rating": "10",
    "author": "sign****",
    "review_id": "4426367",
    "movie_id": "10819"
  },
  {
    "review": "올드보이를 능가하는 최고의 역작",
    "date": "10.04.11",
    "rating": "10",
    "author": "aqua****",
    "review_id": "4425643",
    "movie_id": "10819"
  },
  {
    "review": "짝퉁쓰래기",
    "date": "10.02.11",
    "rating": "1",
    "author": "hjoe****",
    "review_id": "4268313",
    "movie_id": "10819"
  },
  {
    "review": "우뢰매 너무 좋아요 굿",
    "date": "10.02.04",
    "rating": "1",
    "author": "jeil****",
    "review_id": "4245931",
    "movie_id": "10819"
  },
  {
    "review": "개쩐다",
    "date": "09.12.23",
    "rating": "10",
    "author": "wank****",
    "review_id": "4074164",
    "movie_id": "10819"
  },
  {
    "review": "내가 태어날때 개봉한거네 ㅋㅋ비됴루 나름 재밌게 봤던건데 ㅋ",
    "date": "09.11.24",
    "rating": "10",
    "author": "atom****",
    "review_id": "3987174",
    "movie_id": "10819"
  },
  {
    "review": "어린시절 테이프가 닳도록 보고 또 봤던 우뢰매",
    "date": "09.09.22",
    "rating": "10",
    "author": "west****",
    "review_id": "3844220",
    "movie_id": "10819"
  },
  {
    "review": "난 이거 3살때 첨봤는데. 예전에 시리즈 다봤음  다시 보고싶다  다시 함 봤음 좋겠다",
    "date": "09.09.21",
    "rating": "10",
    "author": "kiab****",
    "review_id": "3841861",
    "movie_id": "10819"
  },
  {
    "review": "아.. 최고다!!!",
    "date": "09.08.09",
    "rating": "10",
    "author": "mom1****",
    "review_id": "3726308",
    "movie_id": "10819"
  },
  {
    "review": "이걸 다시 현대판 리메이크로 심형래씨가 제작한다면 디워에서 못이룬흥행을할것이다",
    "date": "09.08.04",
    "rating": "10",
    "author": "myst****",
    "review_id": "3708434",
    "movie_id": "10819"
  },
  {
    "review": "이거보고 연예인의 꿈을 키웠다",
    "date": "09.08.02",
    "rating": "10",
    "author": "bqtj****",
    "review_id": "3697804",
    "movie_id": "10819"
  }
]