[
  {
    "review": "박중훈이 나름 캐릭터잡아서연기하는데 아쉽고 유혜리의 연기도 아쉽....그러나 8090 쪽 관심있음 보면 만족하는영화다..",
    "date": "15.04.17",
    "rating": "8",
    "author": "kara****",
    "review_id": "9849304",
    "movie_id": "10813"
  },
  {
    "review": "이 영화의 평점이 너무 높다!",
    "date": "14.10.30",
    "rating": "1",
    "author": "ske4****",
    "review_id": "9328640",
    "movie_id": "10813"
  },
  {
    "review": "한국영화 암흑기에 탄생한 명작. 캐릭터가 살아  숨쉰다. 최명길 연기는 진짜같고, 박중훈, 유혜리 연기도 죽인다.",
    "date": "14.09.30",
    "rating": "9",
    "author": "csmo****",
    "review_id": "9250752",
    "movie_id": "10813"
  },
  {
    "review": "불륜의불편함,(아이를버린여자!!) 결국다시만나비닐하우스반성의눈물..불륜은 불행함 뿐인가....!   그시절의 시대성을 잘 표현함",
    "date": "14.01.30",
    "rating": "8",
    "author": "thy5****",
    "review_id": "8448160",
    "movie_id": "10813"
  },
  {
    "review": "경기도 변두리 논두렁 옆 집들이 왜이리 정겹게 느껴지느 걸까 ?그 시대를 산 사람으로서 영화에서 추억을 향수를 진하게 느끼고 보았습니다 . 요즘 맨날 세련된 사랑들만 보다 촌스럽고 한스런 사랑정말 반갑고 새롭게 다가오는 영화네요 .",
    "date": "13.12.25",
    "rating": "8",
    "author": "tomb****",
    "review_id": "8301951",
    "movie_id": "10813"
  },
  {
    "review": "불륜이 아름답지는 않다.",
    "date": "13.11.01",
    "rating": "7",
    "author": "bele****",
    "review_id": "8108086",
    "movie_id": "10813"
  },
  {
    "review": "우리네 평범하면서 가장 진솔하고 리얼한 사랑과 삶이야기  그시대를 살아본 사람만이 영화의 배경에 향수와 싸하고 느껴지는 냄새를 느낄 수 있다",
    "date": "13.08.30",
    "rating": "9",
    "author": "gkdl****",
    "review_id": "7934228",
    "movie_id": "10813"
  },
  {
    "review": "70!~80년대의 남루한(?) 사랑..이 영화의 리얼하면서 궁상스런 전개는 사실적이다..영화인지 일종의 몰래카메라인지 약간은 헷갈리만치 진솔하다...최명길의 순박하고  다소곳한 연기는 오히려 역설적으로 너무나 섹시하다!.박중훈의 건들대는 연기 일품이다",
    "date": "13.08.22",
    "rating": "10",
    "author": "roma****",
    "review_id": "7913177",
    "movie_id": "10813"
  },
  {
    "review": "좋다 좋아 !!! 구질구질한 사랑 . 처연하다",
    "date": "13.05.18",
    "rating": "10",
    "author": "bvin****",
    "review_id": "7539411",
    "movie_id": "10813"
  },
  {
    "review": "지지고 뽁고 난리부르스 치는 구질한인생들을 따뜻하게 바라보는 장선우의 시선",
    "date": "13.01.26",
    "rating": "10",
    "author": "doro****",
    "review_id": "7175406",
    "movie_id": "10813"
  },
  {
    "review": "박중훈은,배우네요~",
    "date": "13.01.12",
    "rating": "7",
    "author": "chal****",
    "review_id": "7103948",
    "movie_id": "10813"
  },
  {
    "review": "너무 재밌네요 ^-^ 마을사람들.주민들.어린아이들이 다 웃고 그중에서 어린아이들이 얼레리꼴레리 하면서 놀리는게 재미있네요 재밌게 잘 보았습니다. ^-^",
    "date": "13.01.03",
    "rating": "10",
    "author": "jtj8****",
    "review_id": "7079818",
    "movie_id": "10813"
  },
  {
    "review": "시대의 감성을 그대로 영화에서 보여주고 있다..요즘 좋은 기술과 제작환경으로 저당시의 감성을 이것보다 더 정확하게 표현할수는 없을것.",
    "date": "13.01.03",
    "rating": "10",
    "author": "kom_****",
    "review_id": "7079618",
    "movie_id": "10813"
  },
  {
    "review": "(2012년 시각으로 평가)  극본부터 연출, 연기, 조명, 음악, 편집 등 모든 면에서 거슬린다. 1980년대 중반부터 조금씩 보이기 시작한 한국영화의 발전 조류에 편승하지 못했다. 후졌다구. 몇년후 '거짓말'이라는 걸작을 만들어 낸 감독 맞는지.",
    "date": "12.11.25",
    "rating": "4",
    "author": "acin****",
    "review_id": "6926399",
    "movie_id": "10813"
  },
  {
    "review": "로맨스란 이름의 해방구, 불륜이란 이름의 현실의 벽",
    "date": "12.03.15",
    "rating": "4",
    "author": "goms****",
    "review_id": "6145127",
    "movie_id": "10813"
  },
  {
    "review": "힘들었던. ;;그시대가 그립다",
    "date": "11.12.07",
    "rating": "9",
    "author": "jky0****",
    "review_id": "5893529",
    "movie_id": "10813"
  },
  {
    "review": "명성에 살짝 속다. 역할에 비해 너무 지나치게 뛰어난 미모의 유혜리.",
    "date": "11.10.09",
    "rating": "4",
    "author": "pria****",
    "review_id": "5779207",
    "movie_id": "10813"
  },
  {
    "review": "삶의 찢어지는 조각들..다시 가고 싶다..그곳...우묵배미......",
    "date": "11.10.06",
    "rating": "9",
    "author": "jazz****",
    "review_id": "5774375",
    "movie_id": "10813"
  },
  {
    "review": "확실히 장선우, 그만의 찝찝함이 있다.",
    "date": "11.09.06",
    "rating": "8",
    "author": "m60d****",
    "review_id": "5712391",
    "movie_id": "10813"
  },
  {
    "review": "남루한 젊음의 하늘빛 사랑 이야기",
    "date": "11.07.27",
    "rating": "7",
    "author": "evil****",
    "review_id": "5575298",
    "movie_id": "10813"
  },
  {
    "review": "최명길이 너무 짠하네요....  가슴 아픔니다",
    "date": "11.04.19",
    "rating": "10",
    "author": "msdr****",
    "review_id": "5382085",
    "movie_id": "10813"
  },
  {
    "review": "유쾌하면서도 슬프고 철학적이고..",
    "date": "10.11.29",
    "rating": "10",
    "author": "nils****",
    "review_id": "5008083",
    "movie_id": "10813"
  },
  {
    "review": "이리저리 일상생활 속의 파편들이 나뒹구는 그곳.... 그곳이 우묵배미",
    "date": "10.11.17",
    "rating": "9",
    "author": "kos4****",
    "review_id": "4966954",
    "movie_id": "10813"
  },
  {
    "review": "지금은 왜 이런 찐한 영화가 안 나오는 거냐구",
    "date": "10.10.01",
    "rating": "10",
    "author": "magn****",
    "review_id": "4878141",
    "movie_id": "10813"
  },
  {
    "review": "본인은 이 영화에 대해 깊은 호감을 나타내었다",
    "date": "10.07.24",
    "rating": "8",
    "author": "spar****",
    "review_id": "4666047",
    "movie_id": "10813"
  },
  {
    "review": "최고의 영화.. 지금도 가끔씩 보는 걸작이다.. 박중훈에게 가장 어울렸던..",
    "date": "10.05.18",
    "rating": "10",
    "author": "ict2****",
    "review_id": "4508393",
    "movie_id": "10813"
  },
  {
    "review": "박중훈의 연기가 어색하지만 연출이 좋다",
    "date": "10.04.28",
    "rating": "8",
    "author": "feel****",
    "review_id": "4461577",
    "movie_id": "10813"
  },
  {
    "review": "50년대 영상에 약간의 연기력?",
    "date": "10.04.28",
    "rating": "6",
    "author": "kfen****",
    "review_id": "4461339",
    "movie_id": "10813"
  },
  {
    "review": "한국영화중 몇안되는 수작,,,지금도 가끔씩 본다 ~~~~~~",
    "date": "10.04.21",
    "rating": "10",
    "author": "fnsk****",
    "review_id": "4447362",
    "movie_id": "10813"
  },
  {
    "review": "언제가 기회 되면 필름으로 다시 보고 싶다. 저개발,달동네의 추억들",
    "date": "09.01.26",
    "rating": "10",
    "author": "tumm****",
    "review_id": "3250949",
    "movie_id": "10813"
  },
  {
    "review": "감동+재미",
    "date": "08.07.23",
    "rating": "9",
    "author": "blee****",
    "review_id": "2794584",
    "movie_id": "10813"
  },
  {
    "review": "불륜, 딴 살림, 매맞는 남편. 그리고보니 온통 자극적 소재.",
    "date": "08.07.09",
    "rating": "4",
    "author": "ccpk****",
    "review_id": "2749564",
    "movie_id": "10813"
  },
  {
    "review": "연기 정말 쩐다~!!",
    "date": "08.05.23",
    "rating": "10",
    "author": "soci****",
    "review_id": "2657059",
    "movie_id": "10813"
  },
  {
    "review": "재미있는영화~",
    "date": "07.11.18",
    "rating": "10",
    "author": "vera****",
    "review_id": "2161173",
    "movie_id": "10813"
  },
  {
    "review": "재밌다",
    "date": "07.08.13",
    "rating": "10",
    "author": "eek5****",
    "review_id": "1931485",
    "movie_id": "10813"
  },
  {
    "review": "뛰어난 감독과 연기파 배우들이 빚어낸 걸작!",
    "date": "07.03.08",
    "rating": "10",
    "author": "romy****",
    "review_id": "1523773",
    "movie_id": "10813"
  },
  {
    "review": "박중훈의 연기가 GOOD!",
    "date": "06.10.23",
    "rating": "10",
    "author": "msoh****",
    "review_id": "1195979",
    "movie_id": "10813"
  },
  {
    "review": "박중훈 최고의작품!연기 굿!",
    "date": "06.09.19",
    "rating": "10",
    "author": "well****",
    "review_id": "1132017",
    "movie_id": "10813"
  },
  {
    "review": "술마시고 친정어머니생각하면서 꺼이꺼이 울던 새댁 연기 굿!",
    "date": "06.09.14",
    "rating": "9",
    "author": "lhcg****",
    "review_id": "1121255",
    "movie_id": "10813"
  },
  {
    "review": "내 인생 최고의 영화! 박중훈의 연기도 너무 좋다!",
    "date": "06.08.02",
    "rating": "10",
    "author": "ufof****",
    "review_id": "956735",
    "movie_id": "10813"
  },
  {
    "review": "사람 사는 일상과 고된 사랑..",
    "date": "06.06.21",
    "rating": "6",
    "author": "duck****",
    "review_id": "851965",
    "movie_id": "10813"
  },
  {
    "review": "사람 사는 냄새가 난다",
    "date": "06.05.28",
    "rating": "10",
    "author": "zeed****",
    "review_id": "819304",
    "movie_id": "10813"
  },
  {
    "review": "우리 모두의 고된 일상과 아픈 사랑의 모습!!최명길..",
    "date": "06.04.04",
    "rating": "9",
    "author": "minm****",
    "review_id": "747994",
    "movie_id": "10813"
  },
  {
    "review": "박중훈,,박중훈",
    "date": "06.04.03",
    "rating": "10",
    "author": "ct79****",
    "review_id": "747034",
    "movie_id": "10813"
  },
  {
    "review": "고된 삶, 고된 사랑...",
    "date": "06.01.20",
    "rating": "7",
    "author": "zazu****",
    "review_id": "602441",
    "movie_id": "10813"
  },
  {
    "review": "장선우가 이거하난 잘만들었군",
    "date": "06.01.09",
    "rating": "9",
    "author": "kws7****",
    "review_id": "573793",
    "movie_id": "10813"
  },
  {
    "review": "박중훈의 놈팽이연기에 유혜리의 거쌘 연기.ㅋ",
    "date": "05.12.24",
    "rating": "10",
    "author": "blue****",
    "review_id": "523987",
    "movie_id": "10813"
  },
  {
    "review": "소박한 사랑과 현실 사이의 외줄타기.",
    "date": "05.12.09",
    "rating": "6",
    "author": "tara****",
    "review_id": "499018",
    "movie_id": "10813"
  },
  {
    "review": "최명길의 절제된 연기는 정말 소름이 돋을 정도로 탁월하다",
    "date": "05.09.22",
    "rating": "10",
    "author": "cine****",
    "review_id": "417843",
    "movie_id": "10813"
  },
  {
    "review": "역시 박중훈!영화 재미있어요!",
    "date": "05.05.22",
    "rating": "10",
    "author": "toyo****",
    "review_id": "284158",
    "movie_id": "10813"
  },
  {
    "review": "그시절의 박중훈 연기가 난 더 그립구만..",
    "date": "05.03.16",
    "rating": "8",
    "author": "red0****",
    "review_id": "242035",
    "movie_id": "10813"
  },
  {
    "review": "아름다운 시절.재미있게 봤어요.",
    "date": "05.01.12",
    "rating": "10",
    "author": "kyun****",
    "review_id": "183449",
    "movie_id": "10813"
  },
  {
    "review": "박중훈은 역시 짱!",
    "date": "04.12.26",
    "rating": "10",
    "author": "cine****",
    "review_id": "169783",
    "movie_id": "10813"
  },
  {
    "review": "그 여자가 최명길이였구나... -_-ㅋ",
    "date": "04.09.12",
    "rating": "1",
    "author": "kpcc****",
    "review_id": "107061",
    "movie_id": "10813"
  },
  {
    "review": "박중훈님 연기에 얼마나 웃었는지 모른다",
    "date": "04.08.17",
    "rating": "10",
    "author": "kans****",
    "review_id": "91862",
    "movie_id": "10813"
  },
  {
    "review": "왜 장선우는 이때로 돌아갈수 없는가...",
    "date": "04.08.09",
    "rating": "10",
    "author": "klux****",
    "review_id": "87192",
    "movie_id": "10813"
  },
  {
    "review": "장선우감독의 치열한 리얼리즘 정신을 느낄수 있다. 최고의 방화!!",
    "date": "04.08.06",
    "rating": "10",
    "author": "bepl****",
    "review_id": "84852",
    "movie_id": "10813"
  }
]