[
  {
    "review": "솔까 재미있잖아 원래 애들이 더 유행에 민감하다",
    "date": "15.06.23",
    "rating": "10",
    "author": "qngh****",
    "review_id": "10024238",
    "movie_id": "10828"
  },
  {
    "review": "어떻게 이딴게 평점이 높을수가있지 .... 이런 병맛영화가",
    "date": "15.06.02",
    "rating": "1",
    "author": "tyqs****",
    "review_id": "9970791",
    "movie_id": "10828"
  },
  {
    "review": "머리 털 나고 처음 극장가서 본 영화",
    "date": "15.05.04",
    "rating": "10",
    "author": "beat****",
    "review_id": "9892340",
    "movie_id": "10828"
  },
  {
    "review": "무슨말이 필요한가? 만점영화이다~",
    "date": "15.03.27",
    "rating": "10",
    "author": "khtc****",
    "review_id": "9809787",
    "movie_id": "10828"
  },
  {
    "review": "다들 같이 죽어봅시다 ㅋㅋ",
    "date": "15.03.19",
    "rating": "9",
    "author": "over****",
    "review_id": "9792191",
    "movie_id": "10828"
  },
  {
    "review": "진짜 영화 티비 음반 다 성공한건 이 아저씨밖에 없지않나 ㅋㅋㅋ 옆집누나들이랑 동시상영관가서 처음본 영화...",
    "date": "15.03.07",
    "rating": "9",
    "author": "uzek****",
    "review_id": "9761905",
    "movie_id": "10828"
  },
  {
    "review": "솔직히..땡칠이는 너무 날로 먹는거 아냐?",
    "date": "15.02.26",
    "rating": "4",
    "author": "pont****",
    "review_id": "9738357",
    "movie_id": "10828"
  },
  {
    "review": "나만 당할순 없지....",
    "date": "15.02.14",
    "rating": "10",
    "author": "dlff****",
    "review_id": "9696147",
    "movie_id": "10828"
  },
  {
    "review": "어릴적 꿈을 심어준 한국최고 코메디언이다",
    "date": "14.11.17",
    "rating": "10",
    "author": "ddaa****",
    "review_id": "9394892",
    "movie_id": "10828"
  },
  {
    "review": "추억의영화그당시엔무지재밌었다..!",
    "date": "14.09.25",
    "rating": "10",
    "author": "lpnl****",
    "review_id": "9239511",
    "movie_id": "10828"
  },
  {
    "review": "지금은좀..ㅋㅋ 그래도 코미디계전설아니더냐",
    "date": "14.09.20",
    "rating": "10",
    "author": "free****",
    "review_id": "9229484",
    "movie_id": "10828"
  },
  {
    "review": "어린이 여러분 우리모두 영구를 불러봅시다~ 하나~둘~셋!!",
    "date": "14.09.04",
    "rating": "10",
    "author": "moma****",
    "review_id": "9164209",
    "movie_id": "10828"
  },
  {
    "review": "제가초6인데요 개콘 웃찾사 저리가라네요",
    "date": "14.06.06",
    "rating": "10",
    "author": "sert****",
    "review_id": "8804572",
    "movie_id": "10828"
  },
  {
    "review": "네이버 평점은 믿을게 못된다.",
    "date": "14.04.30",
    "rating": "1",
    "author": "zimb****",
    "review_id": "8683341",
    "movie_id": "10828"
  },
  {
    "review": "ㅋㅋㅋㅋ지금보니깐좀그렇당ㅠㅠㅠㅠ",
    "date": "14.04.28",
    "rating": "1",
    "author": "leej****",
    "review_id": "8679201",
    "movie_id": "10828"
  },
  {
    "review": "정말 소름끼치는 어린이 영화!",
    "date": "14.04.21",
    "rating": "10",
    "author": "ske4****",
    "review_id": "8663939",
    "movie_id": "10828"
  },
  {
    "review": "아 정태우가ㅋㅋ 넘귀여움ㅜㅜ",
    "date": "14.04.10",
    "rating": "9",
    "author": "kkot****",
    "review_id": "8638735",
    "movie_id": "10828"
  },
  {
    "review": "줄거리를 바보가 적었나. 다르네유. 영구가 줄거리 적었는가? 지금 보면 아주 엉성하지만 당시의 어린이들에게는 대단했지유. 각종 괴물들이 다 나오는디 요즘에 이 캐릭터들 다 모아서 영화 만들어도 재밌겠네유. 외국엔 공공칠 007. 한국엔 땡칠이 072",
    "date": "13.12.21",
    "rating": "10",
    "author": "real****",
    "review_id": "8259926",
    "movie_id": "10828"
  },
  {
    "review": "올만에 보니 잼잇네요@_@",
    "date": "13.09.30",
    "rating": "10",
    "author": "jang****",
    "review_id": "8023826",
    "movie_id": "10828"
  },
  {
    "review": "캬..ㅋㅋㅋㅋㅋㅋㅋ",
    "date": "13.09.11",
    "rating": "10",
    "author": "hiph****",
    "review_id": "7965599",
    "movie_id": "10828"
  },
  {
    "review": "영화판에서 가장 성공한 개그맨 이면서, 슬랩스틱 코미디에선 정말 독보적인 배우이다. 하지만 그의 말년은 참....그리고 감독으로서 스토리 전개력은 최악이긴한데, 배우자체로는 빛났는데 그래서 아쉬워",
    "date": "13.04.03",
    "rating": "10",
    "author": "bajj****",
    "review_id": "7432251",
    "movie_id": "10828"
  },
  {
    "review": "당신은 영원한 우리의 우상입니다.",
    "date": "13.04.02",
    "rating": "10",
    "author": "kubo****",
    "review_id": "7431344",
    "movie_id": "10828"
  },
  {
    "review": "그래 평점9점은 줄만하지.. 잼있구 그리운 영화ㅠ....  심형래아저씨 뭐하세요...",
    "date": "12.12.26",
    "rating": "10",
    "author": "hila****",
    "review_id": "7051545",
    "movie_id": "10828"
  },
  {
    "review": "잼나요~♡",
    "date": "12.11.04",
    "rating": "10",
    "author": "miny****",
    "review_id": "6852104",
    "movie_id": "10828"
  },
  {
    "review": "국내 영화역사상 최고의 역작으로 대한민국 영화역사를 모두 뒤집어 엎는 대작중의 대작.  영구와땡칠이 시리즈3탄인 영구람보에서는 볼수 없었던 반전과 스펠트클한 화면구성으로 탄탄한 스토리전개가 돗보이는 본격하드코어서바이벌액션로망 영화로 평가됨.",
    "date": "12.10.04",
    "rating": "10",
    "author": "smil****",
    "review_id": "6763351",
    "movie_id": "10828"
  },
  {
    "review": "쩝 낮출거",
    "date": "12.09.08",
    "rating": "1",
    "author": "hw94****",
    "review_id": "6678224",
    "movie_id": "10828"
  },
  {
    "review": "영구 영화의 기념비적인 작품. 어떻게 호러와 코미디를 접목할 생각을 했을까. 어렸을 땐 재밌었다.",
    "date": "12.09.05",
    "rating": "10",
    "author": "kem1****",
    "review_id": "6670764",
    "movie_id": "10828"
  },
  {
    "review": "각자 소신껏 주면 되지 평점이 높다고 낮추려고 일부러 1점은 뭐냐",
    "date": "12.08.29",
    "rating": "6",
    "author": "garn****",
    "review_id": "6653788",
    "movie_id": "10828"
  },
  {
    "review": "아 이게 무슨 9점대야.",
    "date": "12.08.19",
    "rating": "1",
    "author": "megi****",
    "review_id": "6624192",
    "movie_id": "10828"
  },
  {
    "review": "이게 왜 9점대인가?!!! 지금봐도 감탄할만한 영화가 9점대인거지 그당시에 인기끌엇다고 9점대영화가 되는게 아니여! 그래서1점",
    "date": "12.08.13",
    "rating": "1",
    "author": "dlsd****",
    "review_id": "6600120",
    "movie_id": "10828"
  },
  {
    "review": "정말 이건 대단한거!! 역시 평점 높네!",
    "date": "12.08.10",
    "rating": "10",
    "author": "rlag****",
    "review_id": "6589338",
    "movie_id": "10828"
  },
  {
    "review": "이게 무슨 평점이 이렇게 높아 ㅋㅋㅋㅋㅋㅋㅋㅋㅋㅋ대단들",
    "date": "12.06.20",
    "rating": "3",
    "author": "nssy****",
    "review_id": "6403550",
    "movie_id": "10828"
  },
  {
    "review": "그놈의 디워가 뭐길래..",
    "date": "12.06.19",
    "rating": "1",
    "author": "rnjs****",
    "review_id": "6403254",
    "movie_id": "10828"
  },
  {
    "review": "아놔 ㅋㅋㅋ 드라큘라가 영구 피 먹을때 \"아우 이 때좀봐\" 대사 개웃김 ㅋㅋㅋ",
    "date": "12.06.05",
    "rating": "7",
    "author": "unbr****",
    "review_id": "6365008",
    "movie_id": "10828"
  },
  {
    "review": "이건 말이 필요없다.",
    "date": "12.05.29",
    "rating": "10",
    "author": "khmj****",
    "review_id": "6345108",
    "movie_id": "10828"
  },
  {
    "review": "천하를삼분하겠다며,원히라만치던,자칭룡선생은,인생쳤네.칠",
    "date": "12.03.18",
    "rating": "2",
    "author": "baks****",
    "review_id": "6151788",
    "movie_id": "10828"
  },
  {
    "review": "한핏줄영화 아바타 뭐냐?",
    "date": "12.01.08",
    "rating": "10",
    "author": "dull****",
    "review_id": "5971912",
    "movie_id": "10828"
  },
  {
    "review": "내 장담하지 심형래가 평점 9점대 감독이라고 투자사기쳐먹을날 다시온다",
    "date": "11.12.19",
    "rating": "10",
    "author": "netc****",
    "review_id": "5914776",
    "movie_id": "10828"
  },
  {
    "review": "그당시100만이본영화 지금보면유치하지만 1점2점받기엔 아까운영화다",
    "date": "11.11.07",
    "rating": "10",
    "author": "kams****",
    "review_id": "5834279",
    "movie_id": "10828"
  },
  {
    "review": "심형래는 남기남과 김창기 조합일때가 최고였다.",
    "date": "11.09.13",
    "rating": "10",
    "author": "igal****",
    "review_id": "5727005",
    "movie_id": "10828"
  },
  {
    "review": "영구의 전설에 경의를 표한다 모든 것은 필름을 남기남? 감독에게 있고 영구에겐 없다",
    "date": "11.08.05",
    "rating": "8",
    "author": "reno****",
    "review_id": "5605173",
    "movie_id": "10828"
  },
  {
    "review": "뭐라 할말이 없다.",
    "date": "11.07.29",
    "rating": "8",
    "author": "crys****",
    "review_id": "5581324",
    "movie_id": "10828"
  },
  {
    "review": "물질만능,가식적인 신비주의,외모지상주의에 오염된 현대에 필요한 진솔한 인간미",
    "date": "11.07.11",
    "rating": "10",
    "author": "thre****",
    "review_id": "5535769",
    "movie_id": "10828"
  },
  {
    "review": "대박이다;;;;;;;레알대박 근데 1준사람 뭔지 ㅡㅡ... 개그하시나?나도 1 ㅋㅋㅋ",
    "date": "11.06.25",
    "rating": "1",
    "author": "ghee****",
    "review_id": "5498262",
    "movie_id": "10828"
  },
  {
    "review": "호러코미디 영화의 한확을 그은 수작이다",
    "date": "11.06.24",
    "rating": "10",
    "author": "left****",
    "review_id": "5495912",
    "movie_id": "10828"
  },
  {
    "review": "심형래의 연기도 훌륭했지만 땡칠이의 내면연기도 일품이였던 보기드문 영화.",
    "date": "11.06.23",
    "rating": "10",
    "author": "rant****",
    "review_id": "5494785",
    "movie_id": "10828"
  },
  {
    "review": "1점도아까운영화ㅡㅡ",
    "date": "11.06.17",
    "rating": "1",
    "author": "hiju****",
    "review_id": "5485678",
    "movie_id": "10828"
  },
  {
    "review": "물질만능,가식적인 신비주의,외모지상주의에 오염된 현대에 필요한 진솔한 인간미",
    "date": "11.03.26",
    "rating": "10",
    "author": "gomo****",
    "review_id": "5335940",
    "movie_id": "10828"
  },
  {
    "review": "ㅎㅎㅎㅎㅎㅎㅎ",
    "date": "11.02.18",
    "rating": "10",
    "author": "then****",
    "review_id": "5252062",
    "movie_id": "10828"
  },
  {
    "review": "지금보면 당연히유치했겠지ㅉㅉ",
    "date": "11.02.17",
    "rating": "10",
    "author": "leet****",
    "review_id": "5251480",
    "movie_id": "10828"
  },
  {
    "review": "전체영화중 1위",
    "date": "11.02.17",
    "rating": "10",
    "author": "ko98****",
    "review_id": "5251148",
    "movie_id": "10828"
  },
  {
    "review": "알바는꺼저라",
    "date": "11.02.17",
    "rating": "1",
    "author": "yul8****",
    "review_id": "5249559",
    "movie_id": "10828"
  },
  {
    "review": "넘 재밌어용",
    "date": "11.02.16",
    "rating": "10",
    "author": "tjda****",
    "review_id": "5248261",
    "movie_id": "10828"
  },
  {
    "review": "10점 만점에 10점",
    "date": "11.02.14",
    "rating": "10",
    "author": "soft****",
    "review_id": "5243940",
    "movie_id": "10828"
  },
  {
    "review": "홍콩할매귀신짱재미있음*^^*",
    "date": "11.02.05",
    "rating": "10",
    "author": "ycc0****",
    "review_id": "5216628",
    "movie_id": "10828"
  },
  {
    "review": "여건진짜오늘본다이가",
    "date": "11.02.04",
    "rating": "10",
    "author": "lky1****",
    "review_id": "5212062",
    "movie_id": "10828"
  },
  {
    "review": "오 재밌다 라스트 갓 파더 보다!",
    "date": "11.01.26",
    "rating": "10",
    "author": "youd****",
    "review_id": "5185460",
    "movie_id": "10828"
  },
  {
    "review": "한국의 역사 영화 띠리리리리~ 너미 재미있다",
    "date": "11.01.17",
    "rating": "10",
    "author": "jck9****",
    "review_id": "5164692",
    "movie_id": "10828"
  },
  {
    "review": "75년생에서 85년생 중 어렸을적 이영화 안본 사람없을껄요?",
    "date": "11.01.14",
    "rating": "10",
    "author": "soeu****",
    "review_id": "5157146",
    "movie_id": "10828"
  },
  {
    "review": "역사상 최고의 영화.",
    "date": "11.01.13",
    "rating": "10",
    "author": "asex****",
    "review_id": "5154954",
    "movie_id": "10828"
  },
  {
    "review": "이거 잼게봤는데",
    "date": "11.01.13",
    "rating": "10",
    "author": "nasa****",
    "review_id": "5153734",
    "movie_id": "10828"
  },
  {
    "review": "쵝오~",
    "date": "11.01.13",
    "rating": "10",
    "author": "blue****",
    "review_id": "5153733",
    "movie_id": "10828"
  },
  {
    "review": "이런걸인정하니깐 발전이없는거야;진짜평정9점넘는건오버다.",
    "date": "11.01.13",
    "rating": "6",
    "author": "zero****",
    "review_id": "5153417",
    "movie_id": "10828"
  },
  {
    "review": "게그계의 신,영구짱!!!!",
    "date": "11.01.08",
    "rating": "10",
    "author": "pitt****",
    "review_id": "5141465",
    "movie_id": "10828"
  },
  {
    "review": "그냥 한마디로 쵝오다 ㅋㅋㅋㅋ 저 포스터만 봐도 웃겨죽겠넹",
    "date": "11.01.03",
    "rating": "10",
    "author": "wldk****",
    "review_id": "5120026",
    "movie_id": "10828"
  },
  {
    "review": "대작이다. 이거까지만했어야됬어",
    "date": "11.01.01",
    "rating": "10",
    "author": "hsk0****",
    "review_id": "5112998",
    "movie_id": "10828"
  },
  {
    "review": "ㅋㅋㅋㅋㅋㅋㅋㅋ이게 평점1위네 유지합시다 십점 ㄱㄱㄱㄱ",
    "date": "10.12.31",
    "rating": "10",
    "author": "yama****",
    "review_id": "5106660",
    "movie_id": "10828"
  },
  {
    "review": "아낰ㅋㅋㅋㅋ",
    "date": "10.12.28",
    "rating": "10",
    "author": "ggik****",
    "review_id": "5096061",
    "movie_id": "10828"
  },
  {
    "review": "ㅋㅋㅋㅋㅋ",
    "date": "10.12.28",
    "rating": "10",
    "author": "tadi****",
    "review_id": "5095826",
    "movie_id": "10828"
  },
  {
    "review": "어렸을때 재밌었지",
    "date": "10.12.28",
    "rating": "8",
    "author": "mr_p****",
    "review_id": "5094526",
    "movie_id": "10828"
  },
  {
    "review": "내 인생의 첫 영화.",
    "date": "10.12.21",
    "rating": "10",
    "author": "pree****",
    "review_id": "5070185",
    "movie_id": "10828"
  },
  {
    "review": "ㅋㅋㅋ 추억의 평점 한표",
    "date": "10.12.20",
    "rating": "10",
    "author": "gebo****",
    "review_id": "5069044",
    "movie_id": "10828"
  },
  {
    "review": "이시절 이당시 이영화를 봤을때 정말 즐거웠다..지금본다면 유치하겠지만...",
    "date": "10.12.10",
    "rating": "9",
    "author": "tlso****",
    "review_id": "5042411",
    "movie_id": "10828"
  },
  {
    "review": "불멸의 캐릭터. 원~투~원투쓰리포 띠리리리리리~ 영구 없~다.",
    "date": "10.12.08",
    "rating": "4",
    "author": "tori****",
    "review_id": "5035741",
    "movie_id": "10828"
  },
  {
    "review": "쯔쯔...어렸을적 생각혀...이 며느리 구박하는 시어미같은 것들아",
    "date": "10.11.30",
    "rating": "10",
    "author": "elio****",
    "review_id": "5010099",
    "movie_id": "10828"
  },
  {
    "review": "제발 인정할건 인정하자~ 이중적인 잣대로 평점주지마라 1점주는사람들은 뭥미?",
    "date": "10.11.30",
    "rating": "10",
    "author": "kts7****",
    "review_id": "5008880",
    "movie_id": "10828"
  },
  {
    "review": "명작 ㅋㅋㅋ",
    "date": "10.11.29",
    "rating": "10",
    "author": "smj6****",
    "review_id": "5006928",
    "movie_id": "10828"
  },
  {
    "review": "재미있었어 ㅋㅋㅋㅋ 몇년전이냐 벌써 ㅎㅎ",
    "date": "10.11.29",
    "rating": "10",
    "author": "jhle****",
    "review_id": "5005159",
    "movie_id": "10828"
  },
  {
    "review": "최고의 오프닝과 일품 코믹연기! 심형래 선생님의 불후의 명작!!!",
    "date": "10.11.29",
    "rating": "10",
    "author": "m5zo****",
    "review_id": "5002954",
    "movie_id": "10828"
  },
  {
    "review": "나중에 아들 낳으면 같이 봐야지 ^^",
    "date": "10.11.24",
    "rating": "10",
    "author": "uinq****",
    "review_id": "4984896",
    "movie_id": "10828"
  },
  {
    "review": "말이 필요 없다.",
    "date": "10.11.24",
    "rating": "10",
    "author": "hook****",
    "review_id": "4984891",
    "movie_id": "10828"
  },
  {
    "review": "한국의 전설..",
    "date": "10.10.12",
    "rating": "10",
    "author": "theb****",
    "review_id": "4898493",
    "movie_id": "10828"
  },
  {
    "review": "디워는 별 100개씩 줄기세.. 제발 영화로 평가하자",
    "date": "10.09.30",
    "rating": "1",
    "author": "eoqk****",
    "review_id": "4876220",
    "movie_id": "10828"
  },
  {
    "review": "화려한 CG와 감동적인 스토리! 한국영화상 최고의 대작. 10점을 주고도 모자르다!",
    "date": "10.09.24",
    "rating": "10",
    "author": "sang****",
    "review_id": "4864049",
    "movie_id": "10828"
  },
  {
    "review": "ㅋㅋㅋㅋㅋㅋㅋㅋㅋㅋㅋㅋㅋㅋㅋㅋㅋㅋㅋㅋㅋㅋㅋ 그냥 웃기다",
    "date": "10.09.24",
    "rating": "10",
    "author": "rlar****",
    "review_id": "4863268",
    "movie_id": "10828"
  },
  {
    "review": "영구와 땡칠이라는 캐릭터 자체는 엄청나다",
    "date": "10.09.19",
    "rating": "8",
    "author": "deff****",
    "review_id": "4848589",
    "movie_id": "10828"
  },
  {
    "review": "낮아저라 뿅",
    "date": "10.09.11",
    "rating": "1",
    "author": "kwon****",
    "review_id": "4829007",
    "movie_id": "10828"
  },
  {
    "review": "점수가 너무 높네요. ㅡㅡ;",
    "date": "10.08.24",
    "rating": "1",
    "author": "arul****",
    "review_id": "4787200",
    "movie_id": "10828"
  },
  {
    "review": "이건좀.",
    "date": "10.07.25",
    "rating": "1",
    "author": "tabl****",
    "review_id": "4669620",
    "movie_id": "10828"
  },
  {
    "review": "이해를 하기보다는 그냥 보기만 해야한다",
    "date": "10.07.22",
    "rating": "1",
    "author": "qaz1****",
    "review_id": "4662000",
    "movie_id": "10828"
  },
  {
    "review": "SF 판타지 대작이다.",
    "date": "10.07.22",
    "rating": "10",
    "author": "shoj****",
    "review_id": "4659047",
    "movie_id": "10828"
  },
  {
    "review": "쵝오!",
    "date": "10.07.17",
    "rating": "10",
    "author": "cale****",
    "review_id": "4647993",
    "movie_id": "10828"
  },
  {
    "review": "명작",
    "date": "10.07.14",
    "rating": "10",
    "author": "asio****",
    "review_id": "4638485",
    "movie_id": "10828"
  },
  {
    "review": "명작인데 ㅇㅇ;",
    "date": "10.07.11",
    "rating": "10",
    "author": "roma****",
    "review_id": "4629659",
    "movie_id": "10828"
  },
  {
    "review": "어렸을때 무지 잼있게 본 영화 ㅋㅋ",
    "date": "10.07.08",
    "rating": "10",
    "author": "apro****",
    "review_id": "4621902",
    "movie_id": "10828"
  },
  {
    "review": "최고의 영화다! 코미디가 우끼면 되는것이지",
    "date": "10.07.08",
    "rating": "10",
    "author": "belo****",
    "review_id": "4620875",
    "movie_id": "10828"
  },
  {
    "review": "1점은 대체 먼가요.. 어렸을때 재밌게 보고 지금 이러지맙시다. ..",
    "date": "10.07.07",
    "rating": "10",
    "author": "dkdl****",
    "review_id": "4618877",
    "movie_id": "10828"
  },
  {
    "review": "최고 ㅋㅋ",
    "date": "10.07.01",
    "rating": "10",
    "author": "nice****",
    "review_id": "4603441",
    "movie_id": "10828"
  },
  {
    "review": "굿",
    "date": "10.06.16",
    "rating": "10",
    "author": "spap****",
    "review_id": "4570094",
    "movie_id": "10828"
  },
  {
    "review": "지금보면 재미없을지 몰라도 80년도에 이런영화 아무나 못만듬!! 명작ㅊ",
    "date": "10.06.15",
    "rating": "10",
    "author": "ssag****",
    "review_id": "4566222",
    "movie_id": "10828"
  }
]