[
  {
    "review": "거장 존 휴스턴의 해양대작!!!",
    "date": "15.08.15",
    "rating": "10",
    "author": "sanb****",
    "review_id": "10232786",
    "movie_id": "10822"
  },
  {
    "review": "방금 ebs에서 봤는데 70년대 영화인줄 알았습니다.진짜 촬영과 특수효과 입 벌리고 봤거든요.다 본 후 제작년도 확인해보고 바지에 오줌 지렸네요 기술적으로 장난이 아닌 영화군요",
    "date": "15.08.15",
    "rating": "10",
    "author": "kji1****",
    "review_id": "10231868",
    "movie_id": "10822"
  },
  {
    "review": "50년대에 만들어졌단 사실이 경이롭다.",
    "date": "15.08.15",
    "rating": "9",
    "author": "seli****",
    "review_id": "10231847",
    "movie_id": "10822"
  },
  {
    "review": "ebs에서 방금 봤네요. 잘생기고 카리스마 넘치는 선장이 누군가 했더니 그 유명한 그레고리 선생님이시네ㅎㅎ 굉장히 철학적인 영화입니다. 오래전 영화라 특수효과가 좀 어색한데도 긴장감이 상당하네요. 명작입니다.",
    "date": "15.08.15",
    "rating": "10",
    "author": "zelo****",
    "review_id": "10231818",
    "movie_id": "10822"
  },
  {
    "review": "역시 대작이다. 현대에선 느끼기 드문.",
    "date": "15.08.14",
    "rating": "10",
    "author": "gydb****",
    "review_id": "10231373",
    "movie_id": "10822"
  },
  {
    "review": "뭔내용이지 구분이안간다",
    "date": "15.08.05",
    "rating": "1",
    "author": "smeo****",
    "review_id": "10187180",
    "movie_id": "10822"
  },
  {
    "review": "개인적으로 이런 고전 명작들은 리메이크 안했으면 좋겠음",
    "date": "15.04.19",
    "rating": "10",
    "author": "okdd****",
    "review_id": "9853083",
    "movie_id": "10822"
  },
  {
    "review": "그레고리 펙의 악마적 눈빛이 기억에 남는 수작. 마지막 장면이 인상깊습니다.",
    "date": "15.01.23",
    "rating": "10",
    "author": "c721****",
    "review_id": "9625715",
    "movie_id": "10822"
  },
  {
    "review": "인간의 집착, 승부욕, 광기를 잘 표현해낸 작품. 엣날 영화지만 고래를 잡아낸 특수효과 무시할 수 없음.그레고리팩의 연기가 빛난다",
    "date": "14.08.09",
    "rating": "10",
    "author": "lion****",
    "review_id": "9058237",
    "movie_id": "10822"
  },
  {
    "review": "에이헙의 광기를 탓해야하나, 대자연의 거대함에 무리하게 맞선 것에 대한 죄값이려나.여러모로 생각하게 만드는 작품.잘봤습니다.",
    "date": "14.06.10",
    "rating": "10",
    "author": "gusg****",
    "review_id": "8818011",
    "movie_id": "10822"
  }
]