[
  {
    "review": "80년대말90년대초 하이틴 영화는 우울하거나 개몽적이거나 비현실적이였으나 영심이는 달랐고 대담했다.만화원작과 현실적인 10대영심이의 일상이 마치 시트콤처럼 펼쳐진 명작.극장팝콘씬은 라붐의 그장면이 생각났고 문안이의 허리 아래또리빼곤 다가져의 섹드립ㅎ",
    "date": "15.07.07",
    "rating": "8",
    "author": "roll****",
    "review_id": "10078587",
    "movie_id": "10827"
  },
  {
    "review": "거침없이 하이킥처럼 가족 시티콤.달려라하니 영심이 등등 가족 만화영화좀 만들어라",
    "date": "15.01.02",
    "rating": "9",
    "author": "chaj****",
    "review_id": "9550066",
    "movie_id": "10827"
  },
  {
    "review": "요세 거지같은 한국영화보다 옛날 영화들이 훨씬 낫다!",
    "date": "14.08.21",
    "rating": "10",
    "author": "ske4****",
    "review_id": "9117244",
    "movie_id": "10827"
  },
  {
    "review": "원작 만화,애니가 더 잼있었더구나...................",
    "date": "13.08.04",
    "rating": "1",
    "author": "shel****",
    "review_id": "7839811",
    "movie_id": "10827"
  },
  {
    "review": "추억이",
    "date": "13.08.01",
    "rating": "10",
    "author": "cywo****",
    "review_id": "7814153",
    "movie_id": "10827"
  },
  {
    "review": "20년전엔 보통여고생의 이야기를 다룬 작품은 거의없었다...특히 이쁘지도 몸매가 잘빠지지도 공부를 잘하지 못하는 여고생의 절대다수를 차지하는 이들의 이야기가없었더니 참 아이러니한 상황에서 나온 한줄기 빛같은 영화",
    "date": "13.04.22",
    "rating": "10",
    "author": "bajj****",
    "review_id": "7474503",
    "movie_id": "10827"
  },
  {
    "review": "프로필에 초,중학교를 기재 안한 이유는 뭐니?? 왜 ?? 봉천동 출신이란 사실을 부정하고 싶었니?그리고 그동안 구설수가 없었다는건 잊혀졌다는 증거다.?당곡ㅎㅎ 원하면 만들어주고 ㅎㅎ",
    "date": "12.12.16",
    "rating": "1",
    "author": "kml0****",
    "review_id": "7008294",
    "movie_id": "10827"
  },
  {
    "review": "제 평생의 오영심을 만나다. 추억에 젖게만드는 작품 너무 좋다. 이혜근 화이팅",
    "date": "12.06.02",
    "rating": "10",
    "author": "jk60****",
    "review_id": "6357415",
    "movie_id": "10827"
  },
  {
    "review": "제가어릴때본것같아요  중1때  다시한번보고싶어요",
    "date": "11.12.07",
    "rating": "10",
    "author": "hell****",
    "review_id": "5892410",
    "movie_id": "10827"
  },
  {
    "review": "난 나름 재미있었는데~ㅋㅋㅋㅋ",
    "date": "10.03.13",
    "rating": "10",
    "author": "ksoo****",
    "review_id": "4352833",
    "movie_id": "10827"
  },
  {
    "review": "이혜근 연기 엄청 잘한다.어릴땐 인기좋은 외모였는데 어른되어서 인기를 끌지 못해서",
    "date": "09.07.26",
    "rating": "10",
    "author": "fren****",
    "review_id": "3668186",
    "movie_id": "10827"
  },
  {
    "review": "이런느낌의 영화 다신 못볼것같다. 그때 그시절이 그립네..박남정나와서 좋아했었는데",
    "date": "09.05.22",
    "rating": "10",
    "author": "eunk****",
    "review_id": "3512922",
    "movie_id": "10827"
  },
  {
    "review": "재밌었다.... 다시 보고 싶다...꼭",
    "date": "09.04.01",
    "rating": "10",
    "author": "llti****",
    "review_id": "3398591",
    "movie_id": "10827"
  },
  {
    "review": "잠깐나온 당시 최고아이돌~박남정씨^-^기억이 새록새록~ㅋㅋ",
    "date": "09.02.04",
    "rating": "10",
    "author": "seal****",
    "review_id": "3277714",
    "movie_id": "10827"
  },
  {
    "review": "0심이는 개인적으로 신혜수가 더 어울리지 않을까 생각함.",
    "date": "08.02.12",
    "rating": "6",
    "author": "evil****",
    "review_id": "2439341",
    "movie_id": "10827"
  },
  {
    "review": "작품성이라는것만 빼고보면 잼있게 볼수 있어요",
    "date": "07.11.06",
    "rating": "6",
    "author": "stra****",
    "review_id": "2137077",
    "movie_id": "10827"
  },
  {
    "review": "정말이걸 영화로 만든거야?? 쳇;;",
    "date": "07.08.11",
    "rating": "7",
    "author": "typo****",
    "review_id": "1919177",
    "movie_id": "10827"
  },
  {
    "review": "볼만해..근데 만화가 낫다",
    "date": "07.01.09",
    "rating": "4",
    "author": "ppp0****",
    "review_id": "1369565",
    "movie_id": "10827"
  },
  {
    "review": "다시보고싶다 ㅜㅜㅜ",
    "date": "06.12.18",
    "rating": "10",
    "author": "c8v8****",
    "review_id": "1302153",
    "movie_id": "10827"
  },
  {
    "review": "영심이 팬입니다",
    "date": "06.08.03",
    "rating": "10",
    "author": "zeed****",
    "review_id": "959228",
    "movie_id": "10827"
  },
  {
    "review": "영심이짱!! 다시보고시퍼요 ㅜㅜ",
    "date": "06.07.19",
    "rating": "10",
    "author": "nola****",
    "review_id": "905765",
    "movie_id": "10827"
  },
  {
    "review": "이혜근씨 지금도 연기 잘해요^^; 이것이인생이다.ebs 등등",
    "date": "06.01.16",
    "rating": "10",
    "author": "daer****",
    "review_id": "592203",
    "movie_id": "10827"
  },
  {
    "review": "와~~ 정말 보고싶네요",
    "date": "05.10.17",
    "rating": "10",
    "author": "zzan****",
    "review_id": "445409",
    "movie_id": "10827"
  },
  {
    "review": "이거보믄 김나운의 애띤 모습을 볼수있을듯.;;",
    "date": "04.11.25",
    "rating": "4",
    "author": "taaz****",
    "review_id": "151502",
    "movie_id": "10827"
  }
]