[
  {
    "review": "'내사랑 동키호테'라는 노래도 너무 좋았던... 추억의 영화,, 그리고 그날들",
    "date": "14.08.28",
    "rating": "10",
    "author": "peac****",
    "review_id": "9140226",
    "movie_id": "10820"
  },
  {
    "review": "추억 돋네.  아련한 추억의 영화",
    "date": "14.03.10",
    "rating": "7",
    "author": "adiv****",
    "review_id": "8567823",
    "movie_id": "10820"
  },
  {
    "review": "아스팔트 위의 동키호테 였던걸로 기억하는데.. ?",
    "date": "11.07.24",
    "rating": "5",
    "author": "evil****",
    "review_id": "5566081",
    "movie_id": "10820"
  },
  {
    "review": "옛날옛적 ...청춘 멜로물... 그 주인공은 최재성 박중훈 이라 ...",
    "date": "08.01.27",
    "rating": "6",
    "author": "1stl****",
    "review_id": "2374542",
    "movie_id": "10820"
  },
  {
    "review": "개봉때 극장가서 팬들과 사진촬영하는 박중훈뒤에서궁딩이때리고 도망갔다는..",
    "date": "07.06.30",
    "rating": "8",
    "author": "dhkq****",
    "review_id": "1733610",
    "movie_id": "10820"
  },
  {
    "review": "이런 영화를 성인들이 제작하던 시대가 있었다.",
    "date": "06.12.10",
    "rating": "1",
    "author": "damu****",
    "review_id": "1280948",
    "movie_id": "10820"
  },
  {
    "review": "아름다운 추억!젊은 스타 박중훈! 뺑뺑~!",
    "date": "06.09.19",
    "rating": "10",
    "author": "well****",
    "review_id": "1132019",
    "movie_id": "10820"
  },
  {
    "review": "스타 박중훈의 그 때 그 모습~",
    "date": "06.08.02",
    "rating": "10",
    "author": "ufof****",
    "review_id": "956750",
    "movie_id": "10820"
  },
  {
    "review": "또 보고 싶다.",
    "date": "05.12.23",
    "rating": "8",
    "author": "blue****",
    "review_id": "522125",
    "movie_id": "10820"
  },
  {
    "review": "영화 재미있어!",
    "date": "05.05.22",
    "rating": "10",
    "author": "toyo****",
    "review_id": "284153",
    "movie_id": "10820"
  },
  {
    "review": "박중훈은 역시 짱!",
    "date": "05.01.12",
    "rating": "10",
    "author": "kyun****",
    "review_id": "183452",
    "movie_id": "10820"
  },
  {
    "review": "젊은 박중훈 멋이있다!",
    "date": "04.12.26",
    "rating": "10",
    "author": "cine****",
    "review_id": "169773",
    "movie_id": "10820"
  }
]