[
  {
    "review": "사회주의 이상, 분단, 입양. 좋은 소재들이지만 내용과 관련없는 장면들과 다소 산만한 연출이 아쉽다. 왜 남주가 여주에게 오빠를 만난 사실을 숨겼는지, 어째서 여주가 폐인이 되었는지에 대한 좀 더 섬세한 연출이 필요했다. 박광수 작품치고는 다소 아쉬움",
    "date": "15.05.12",
    "rating": "7",
    "author": "lakt****",
    "review_id": "9912747",
    "movie_id": "10837"
  },
  {
    "review": "괜찮은 영화",
    "date": "06.08.24",
    "rating": "10",
    "author": "zeed****",
    "review_id": "1074506",
    "movie_id": "10837"
  },
  {
    "review": "GOOD!",
    "date": "06.08.14",
    "rating": "10",
    "author": "qafa****",
    "review_id": "1027887",
    "movie_id": "10837"
  },
  {
    "review": "상당히 괜찮은 영화",
    "date": "06.06.21",
    "rating": "9",
    "author": "duck****",
    "review_id": "851955",
    "movie_id": "10837"
  },
  {
    "review": "정말 괜찮은 영화 입니다..",
    "date": "06.06.18",
    "rating": "10",
    "author": "axax****",
    "review_id": "848178",
    "movie_id": "10837"
  },
  {
    "review": "단절된 감정과 행동의 연출로 몰입이 쉽지 않다",
    "date": "06.03.01",
    "rating": "5",
    "author": "goma****",
    "review_id": "698075",
    "movie_id": "10837"
  }
]