[
  {
    "review": "미국만큼 재미있는 시나리오가 많이 굴러다니는 나라가 있을까?",
    "date": "08.10.04",
    "rating": "8",
    "author": "baks****",
    "review_id": "2982710",
    "movie_id": "10832"
  },
  {
    "review": "드니로가 속사포처럼 쏟아대는 대사만큼 활력이 넘치는 영화.",
    "date": "05.10.23",
    "rating": "7",
    "author": "movi****",
    "review_id": "452810",
    "movie_id": "10832"
  },
  {
    "review": "드 니로의 빠른 대사만큼이나 생명력이 넘쳐나는 뒷골목 엿보기",
    "date": "05.09.02",
    "rating": "9",
    "author": "cat1****",
    "review_id": "391009",
    "movie_id": "10832"
  },
  {
    "review": "새로운 장르군",
    "date": "05.01.09",
    "rating": "10",
    "author": "dnjs****",
    "review_id": "180833",
    "movie_id": "10832"
  }
]