[
  {
    "review": "하명중 미남이시네요^^",
    "date": "15.06.29",
    "rating": "10",
    "author": "sara****",
    "review_id": "10050755",
    "movie_id": "10834"
  },
  {
    "review": "탄탄한 원작소설을 영화화해서 깊이있고 연기파 배우들도 많이 볼 수 있어서 좋았네요",
    "date": "15.06.29",
    "rating": "9",
    "author": "hope****",
    "review_id": "10050363",
    "movie_id": "10834"
  },
  {
    "review": "힘도 없으면서 편이나 가르는 못난짓은 21세기도 별 다름이 없는듯",
    "date": "15.06.28",
    "rating": "10",
    "author": "hgp1****",
    "review_id": "10049887",
    "movie_id": "10834"
  },
  {
    "review": "으ㅂ으으ㄱ으ㄴ으움으음",
    "date": "15.06.28",
    "rating": "1",
    "author": "ener****",
    "review_id": "10049778",
    "movie_id": "10834"
  },
  {
    "review": "암울 한 시대상을 잘 보여준 영화~",
    "date": "14.09.22",
    "rating": "8",
    "author": "mirj****",
    "review_id": "9234235",
    "movie_id": "10834"
  },
  {
    "review": "화려한 외모의 하명중 , 연기도 잘하네",
    "date": "13.03.04",
    "rating": "10",
    "author": "rnfh****",
    "review_id": "7324227",
    "movie_id": "10834"
  },
  {
    "review": "흠... 주체적인 깃발, 보이지 않는 깃발. 그것은 바로 좌우익의 화합!",
    "date": "10.04.30",
    "rating": "10",
    "author": "macl****",
    "review_id": "4466748",
    "movie_id": "10834"
  },
  {
    "review": "명작, 마지막 하명중 멋있어. 문학적 깊이감 슬프다 인생이",
    "date": "09.08.17",
    "rating": "10",
    "author": "sson****",
    "review_id": "3757817",
    "movie_id": "10834"
  },
  {
    "review": "생각함이 필요한 영화. 그러나, 시대가 많이 흘러서  나름대로 의미있는 영화입니다.",
    "date": "08.05.25",
    "rating": "10",
    "author": "sans****",
    "review_id": "2661631",
    "movie_id": "10834"
  },
  {
    "review": "정말 재미없던 영화였지요...",
    "date": "07.01.15",
    "rating": "10",
    "author": "vip4****",
    "review_id": "1386305",
    "movie_id": "10834"
  }
]