[
  {
    "review": "헐...이걸 지금 다시 허리우드극장에서 하다니...다운로드는 없나요? 꼭 다시 보고 싶은데...",
    "date": "15.03.30",
    "rating": "10",
    "author": "paek****",
    "review_id": "9817083",
    "movie_id": "10835"
  },
  {
    "review": "꽤 재밌다. 당시 흥행1위의 위엄이 느껴진다. 그레고리 백이 너무 밉다.",
    "date": "13.12.28",
    "rating": "10",
    "author": "turb****",
    "review_id": "8317687",
    "movie_id": "10835"
  },
  {
    "review": "내가 본 최고의 한국 영화. 명보극장이 그립다,",
    "date": "13.12.04",
    "rating": "10",
    "author": "days****",
    "review_id": "8188536",
    "movie_id": "10835"
  },
  {
    "review": "흥미진진하면서도 짠했던 영화.",
    "date": "13.09.28",
    "rating": "10",
    "author": "rosi****",
    "review_id": "8019974",
    "movie_id": "10835"
  },
  {
    "review": "구성도 나름 잘짜이고 연기도 훌륭 레포트 때문에 의외로 좋은영화봄",
    "date": "12.06.11",
    "rating": "8",
    "author": "choi****",
    "review_id": "6385745",
    "movie_id": "10835"
  },
  {
    "review": "아메리칸 드림을 꿈꾸는 자는 밤에만 꿈을 꾸는가",
    "date": "12.03.12",
    "rating": "7",
    "author": "kos4****",
    "review_id": "6138477",
    "movie_id": "10835"
  },
  {
    "review": "안성기의 올바르고 중후한 이미지만 보아온 나에게있어서  아주 재밌게본 영화..",
    "date": "12.02.09",
    "rating": "8",
    "author": "choi****",
    "review_id": "6063069",
    "movie_id": "10835"
  },
  {
    "review": "당시 극장가를 뜨겁게 달구던,방화1위작.당대의흥행감독 배창호의 승부수가 돋보인다.",
    "date": "11.10.20",
    "rating": "8",
    "author": "baks****",
    "review_id": "5799438",
    "movie_id": "10835"
  },
  {
    "review": "이정도면 그당시 수작이지 뭘 더 바라나?시대가 어떤시대인데.역사의 슬픈이면도 있고",
    "date": "10.09.19",
    "rating": "9",
    "author": "saka****",
    "review_id": "4849037",
    "movie_id": "10835"
  },
  {
    "review": "리포트 때문에봤는데 옛날영화치고는 .. ㅋ",
    "date": "10.05.22",
    "rating": "7",
    "author": "smj6****",
    "review_id": "4517344",
    "movie_id": "10835"
  },
  {
    "review": "안성기 매력 굿. 그나 장미흰거북했다. 웬똥폼인가. 늘 배창호감독님의 헐렁함이좋타.",
    "date": "09.12.21",
    "rating": "9",
    "author": "5292****",
    "review_id": "4064680",
    "movie_id": "10835"
  },
  {
    "review": "안성기의 연기는 놀랍다",
    "date": "09.12.05",
    "rating": "9",
    "author": "chae****",
    "review_id": "4016628",
    "movie_id": "10835"
  },
  {
    "review": "상당히 완성도 높은 작품 ㅋ 클락션소리가 맴도네",
    "date": "09.05.17",
    "rating": "8",
    "author": "jsi1****",
    "review_id": "3503841",
    "movie_id": "10835"
  },
  {
    "review": "배창호 전성기 시절  미국로케 야심작. 시종일관 흐르는 음악이 영 거슬린다.",
    "date": "09.03.13",
    "rating": "5",
    "author": "acin****",
    "review_id": "3363402",
    "movie_id": "10835"
  },
  {
    "review": "\"당신의 꿈은 물 위의 사막같은 거에요.\" 크아~!",
    "date": "08.09.08",
    "rating": "10",
    "author": "sega****",
    "review_id": "2931045",
    "movie_id": "10835"
  },
  {
    "review": "아메리칸 드림... 역사의 슬픈 이면이 있을 뿐이다..",
    "date": "08.02.27",
    "rating": "8",
    "author": "deka****",
    "review_id": "2488171",
    "movie_id": "10835"
  },
  {
    "review": "괜찮은 작품",
    "date": "08.02.18",
    "rating": "6",
    "author": "crux****",
    "review_id": "2459574",
    "movie_id": "10835"
  },
  {
    "review": "왜 난리쳤지 대수롭지도 않은 작품이구만",
    "date": "07.10.26",
    "rating": "3",
    "author": "deff****",
    "review_id": "2112393",
    "movie_id": "10835"
  },
  {
    "review": "뛰어난 영화인들의 전력투구에 비해, 완성도가 떨어지고 억지스럽다.",
    "date": "07.06.16",
    "rating": "7",
    "author": "rott****",
    "review_id": "1703128",
    "movie_id": "10835"
  },
  {
    "review": "다시 보아도 따끈따끈 차갑다~",
    "date": "07.04.28",
    "rating": "7",
    "author": "west****",
    "review_id": "1609883",
    "movie_id": "10835"
  },
  {
    "review": "외국적 연출 기법이 돋보인  훌륭한 작품",
    "date": "07.03.12",
    "rating": "10",
    "author": "floy****",
    "review_id": "1530606",
    "movie_id": "10835"
  },
  {
    "review": "65만명이 넘은 영화 당시에는 수작",
    "date": "06.11.28",
    "rating": "9",
    "author": "xx41****",
    "review_id": "1255832",
    "movie_id": "10835"
  },
  {
    "review": "주제가 뭔지??",
    "date": "06.09.08",
    "rating": "6",
    "author": "zeed****",
    "review_id": "1111048",
    "movie_id": "10835"
  },
  {
    "review": "1984년. 한국영화 침체기에 이 정도면 용서가능한 영화...",
    "date": "06.03.25",
    "rating": "7",
    "author": "goma****",
    "review_id": "732781",
    "movie_id": "10835"
  },
  {
    "review": "배우들의 어색한 영어가 감점요인",
    "date": "06.01.06",
    "rating": "5",
    "author": "kws7****",
    "review_id": "564602",
    "movie_id": "10835"
  },
  {
    "review": "어릴때 포스터 보고 대게 야한줄 알았는데..",
    "date": "05.12.24",
    "rating": "6",
    "author": "blue****",
    "review_id": "523865",
    "movie_id": "10835"
  },
  {
    "review": "결국 어메리칸 드림은 단지 허상일 뿐인 것?",
    "date": "05.12.14",
    "rating": "3",
    "author": "tara****",
    "review_id": "505002",
    "movie_id": "10835"
  },
  {
    "review": "짜증나는 한국배우의 미국식 절충연기",
    "date": "04.11.02",
    "rating": "5",
    "author": "htop****",
    "review_id": "137870",
    "movie_id": "10835"
  }
]