[
  {
    "review": "90년도 영화치고는 그래픽은 초기 클레이 애니메이션 보는듯한 어설프고 우선적인 단점을 꼽아서 말하자면 괴물의 행동이 너무 느리다 는것..;이에  죽는 장면들도 좀 어이가 없었음.그 요점에 맞추고 싶었는지 몇몇 액션씬들도 상당히 어설펐던 영화",
    "date": "14.02.26",
    "rating": "5",
    "author": "marl****",
    "review_id": "8538126",
    "movie_id": "10831"
  },
  {
    "review": "비디오 소장중 ㅡㅡㅋ",
    "date": "10.06.13",
    "rating": "1",
    "author": "h85i****",
    "review_id": "4563571",
    "movie_id": "10831"
  },
  {
    "review": "70년대 영환줄알았다. 사건의 원흉 민폐 낸시박사 OOO.",
    "date": "10.04.27",
    "rating": "2",
    "author": "kjh_****",
    "review_id": "4460143",
    "movie_id": "10831"
  },
  {
    "review": "사장 잘 죽었다",
    "date": "09.08.10",
    "rating": "10",
    "author": "ajtw****",
    "review_id": "3733115",
    "movie_id": "10831"
  },
  {
    "review": "나름 웃기면서 재미있던데요.",
    "date": "09.01.31",
    "rating": "6",
    "author": "show****",
    "review_id": "3265461",
    "movie_id": "10831"
  },
  {
    "review": "나 이영화를 6년전에 봤었는데 그당시에도 보고나서 욕많이했었다..",
    "date": "08.11.22",
    "rating": "2",
    "author": "newj****",
    "review_id": "3064650",
    "movie_id": "10831"
  },
  {
    "review": "허접의 진수성찬 장소는 오로지 연구소안",
    "date": "08.01.11",
    "rating": "1",
    "author": "deff****",
    "review_id": "2316363",
    "movie_id": "10831"
  },
  {
    "review": "괜챦은 작품인데, 국내제목땜에 평가절하되는 대표적인 작품,,",
    "date": "07.12.24",
    "rating": "6",
    "author": "hide****",
    "review_id": "2260796",
    "movie_id": "10831"
  },
  {
    "review": "기대에 미흡했던 기억이...",
    "date": "07.01.15",
    "rating": "5",
    "author": "gall****",
    "review_id": "1387790",
    "movie_id": "10831"
  },
  {
    "review": "몸에서 나오는 미끈한 핏빛 촉수가 기억난다 10년도 더 전에",
    "date": "06.06.17",
    "rating": "1",
    "author": "hoju****",
    "review_id": "847441",
    "movie_id": "10831"
  },
  {
    "review": "제목부터 심상치 않더만 역시나 OOO기네",
    "date": "05.06.20",
    "rating": "1",
    "author": "puma****",
    "review_id": "303086",
    "movie_id": "10831"
  },
  {
    "review": "유치하고 엉성한 B급 에이리언 영화",
    "date": "05.02.26",
    "rating": "3",
    "author": "chil****",
    "review_id": "230713",
    "movie_id": "10831"
  },
  {
    "review": "생각보다 재밌다  미끈미끈하고",
    "date": "04.08.22",
    "rating": "7",
    "author": "u3dk****",
    "review_id": "94831",
    "movie_id": "10831"
  }
]