[
  {
    "review": "아주 젛아여;;",
    "date": "13.09.03",
    "rating": "10",
    "author": "cook****",
    "review_id": "7946268",
    "movie_id": "10836"
  },
  {
    "review": "현실을 조금 씩 합리화하는 전혀 인디언 같지 않은 인디언 나오는 오락 영화",
    "date": "12.04.16",
    "rating": "6",
    "author": "kimg****",
    "review_id": "6225269",
    "movie_id": "10836"
  },
  {
    "review": "공주의 남자 승유와 세령이 보였어..;;근데...결말은 좀 허무하군",
    "date": "12.04.15",
    "rating": "7",
    "author": "jieu****",
    "review_id": "6223795",
    "movie_id": "10836"
  },
  {
    "review": "인디언배우가 없던 시절",
    "date": "12.02.23",
    "rating": "5",
    "author": "kos4****",
    "review_id": "6099409",
    "movie_id": "10836"
  },
  {
    "review": "간만에 괜찮은 영화를 본듯하다...버트의 캐릭터가 맘에든다",
    "date": "12.02.13",
    "rating": "8",
    "author": "thra****",
    "review_id": "6071746",
    "movie_id": "10836"
  },
  {
    "review": "전쟁이었다기 보다는 학살이었지.",
    "date": "11.01.23",
    "rating": "6",
    "author": "nala****",
    "review_id": "5177164",
    "movie_id": "10836"
  },
  {
    "review": "아파치역의버트랭카스터는 헐리우드역사상최악의 미스캐스팅이다.정말 눈뜨고 못봐줌.",
    "date": "10.12.08",
    "rating": "3",
    "author": "baks****",
    "review_id": "5035267",
    "movie_id": "10836"
  },
  {
    "review": "자막이 필요해~",
    "date": "10.05.11",
    "rating": "10",
    "author": "zemy****",
    "review_id": "4493526",
    "movie_id": "10836"
  },
  {
    "review": "동화되는 인디언",
    "date": "10.03.27",
    "rating": "2",
    "author": "pria****",
    "review_id": "4391697",
    "movie_id": "10836"
  },
  {
    "review": "동영상만 있었으면",
    "date": "10.03.15",
    "rating": "9",
    "author": "hag0****",
    "review_id": "4359962",
    "movie_id": "10836"
  },
  {
    "review": "미서부개척시대 마지막 인디언전사의 외로운 전투",
    "date": "07.08.15",
    "rating": "8",
    "author": "stsp****",
    "review_id": "1942033",
    "movie_id": "10836"
  },
  {
    "review": "흥미롭다~",
    "date": "07.03.19",
    "rating": "7",
    "author": "zeed****",
    "review_id": "1542803",
    "movie_id": "10836"
  },
  {
    "review": "독특하면서도 다른 느낌을 주는 서부극",
    "date": "07.03.16",
    "rating": "6",
    "author": "okjo****",
    "review_id": "1537064",
    "movie_id": "10836"
  },
  {
    "review": "뉴아메리칸 웨스턴. 알드리치의 작가로서 첫 OO점.",
    "date": "07.01.04",
    "rating": "8",
    "author": "movi****",
    "review_id": "1355571",
    "movie_id": "10836"
  }
]