[
  {
    "review": "다시 보고싶은 영화 어디가면 볼수있을까요",
    "date": "15.01.20",
    "rating": "10",
    "author": "maya****",
    "review_id": "9616970",
    "movie_id": "10841"
  },
  {
    "review": "달마가 동쪽으로 간 까닭보다 조금은 더 편하게 볼 수 있는 영화. 다시 보고 싶다.",
    "date": "14.12.23",
    "rating": "10",
    "author": "reck****",
    "review_id": "9503981",
    "movie_id": "10841"
  },
  {
    "review": "어릴때 본 영화였는데 인생의 희노애락이 아주 잘 나타나있어 가슴한켠이 서늘해진걸 느꼈습니다다시한번 보고싶은데 볼데가 없네요",
    "date": "14.12.22",
    "rating": "10",
    "author": "star****",
    "review_id": "9499994",
    "movie_id": "10841"
  },
  {
    "review": "어릴 때 tv로 본 영화인데 여운이 아직도 가득합니다. 음..지나온 인생을 주욱 돌이켜 보면 참 그렇습니다. '꿈', 이 영화 속의 조신의 꿈처럼요. 그러니 삶 전체를 부감하고 의미를 두기보다는 차라리 찰나와 순간을 소중히 여겨야겠어요.",
    "date": "14.12.21",
    "rating": "10",
    "author": "ks21****",
    "review_id": "9499657",
    "movie_id": "10841"
  },
  {
    "review": "너무 깊이 있고 감동적이다.",
    "date": "14.12.15",
    "rating": "10",
    "author": "plot****",
    "review_id": "9475906",
    "movie_id": "10841"
  },
  {
    "review": "영화광까지는 안되지만 많은 작품을 접하면서 이렇게 훌륭한 원작으로  배우들의 명연기와 감독의 해석,말로 다 표현못할 감동인생이 무잇인지, 살아간다는것은 또 어떤 메타포를 함유하는 것인지 깨닫게 됨불혹을 넘기신 나이라면 꼭 추천드립니다~^^",
    "date": "14.10.01",
    "rating": "10",
    "author": "sara****",
    "review_id": "9252364",
    "movie_id": "10841"
  },
  {
    "review": "정말 어린 꼬마였을 때. 저도 티비에서 우연히 보았을 뿐인데... 아직까지 아련한 감흥이 남아있는 영화이네요.",
    "date": "13.04.06",
    "rating": "10",
    "author": "abra****",
    "review_id": "7438898",
    "movie_id": "10841"
  },
  {
    "review": "뭘 모르던 어릴 적에 TV를 통해 보면서 묘한 감동을 느꼈던 영화. 이제는 어렴풋이 몇몇 장면만 기억 날 뿐 세세한 스토리는 기억나지 않지만 여전히 잘 만든 영화로 머리 속에 남아 있다. 다시 보고픈 한국영화 중 하나...",
    "date": "12.06.29",
    "rating": "9",
    "author": "anti****",
    "review_id": "6428143",
    "movie_id": "10841"
  },
  {
    "review": "조신의 꿈.. 어릴떄 tv에서 보고 지렸지.. 이거 어디서 다시 볼 수 있는요??",
    "date": "12.03.12",
    "rating": "10",
    "author": "body****",
    "review_id": "6139270",
    "movie_id": "10841"
  },
  {
    "review": "아주 오래전에 tv에서 방영할때 보았을때 느낌이 아직도 기억납니다.",
    "date": "12.03.02",
    "rating": "9",
    "author": "yskn****",
    "review_id": "6117142",
    "movie_id": "10841"
  },
  {
    "review": "내 인생최고의 영화 브라보~~~~~~~~",
    "date": "11.09.13",
    "rating": "10",
    "author": "cray****",
    "review_id": "5727338",
    "movie_id": "10841"
  },
  {
    "review": "정말 괜찮은영화!",
    "date": "11.08.08",
    "rating": "10",
    "author": "kkun****",
    "review_id": "5619062",
    "movie_id": "10841"
  },
  {
    "review": "꿈",
    "date": "10.02.09",
    "rating": "9",
    "author": "pkh0****",
    "review_id": "4263635",
    "movie_id": "10841"
  },
  {
    "review": "아 씨X 꿈",
    "date": "09.10.21",
    "rating": "1",
    "author": "zosi****",
    "review_id": "3907167",
    "movie_id": "10841"
  },
  {
    "review": "정말... 이런... 감사할 뿐.",
    "date": "08.12.22",
    "rating": "10",
    "author": "ljsh****",
    "review_id": "3139920",
    "movie_id": "10841"
  },
  {
    "review": "배창호감독님의 기억에서 잊혀지지 않던 최고의 작품.. 볼수록 매혹적이다..",
    "date": "08.01.23",
    "rating": "9",
    "author": "daro****",
    "review_id": "2360345",
    "movie_id": "10841"
  },
  {
    "review": "옛~~날에 TV문학관에서 정종준씨가 출연했던 그 작품도 있었지..",
    "date": "08.01.21",
    "rating": "8",
    "author": "evil****",
    "review_id": "2353589",
    "movie_id": "10841"
  },
  {
    "review": "인생 한낮 꿈에 지나지 않나...",
    "date": "08.01.20",
    "rating": "10",
    "author": "lyk8****",
    "review_id": "2350930",
    "movie_id": "10841"
  },
  {
    "review": "정말 인생은 한낱 긴꿈에 불과한지도 모르겠다..",
    "date": "07.10.31",
    "rating": "10",
    "author": "cgsy****",
    "review_id": "2124844",
    "movie_id": "10841"
  },
  {
    "review": "잘 만든 우리영화, 왜 세계시장에 못나갔는지",
    "date": "07.10.28",
    "rating": "9",
    "author": "rott****",
    "review_id": "2118246",
    "movie_id": "10841"
  },
  {
    "review": "명작이라고 생각하는 영화",
    "date": "07.09.19",
    "rating": "10",
    "author": "tion****",
    "review_id": "2030922",
    "movie_id": "10841"
  },
  {
    "review": "안성기,황신혜 콤비의 역작. 배창호의 연출력도 good",
    "date": "07.03.06",
    "rating": "10",
    "author": "salm****",
    "review_id": "1521116",
    "movie_id": "10841"
  },
  {
    "review": "여러번봤는데.. 정말 나도 이런 꿈을 꾸고 깨우쳤다-_-;",
    "date": "06.10.04",
    "rating": "10",
    "author": "oioi****",
    "review_id": "1158738",
    "movie_id": "10841"
  },
  {
    "review": "8점 / 배감독의 영화중 가장 좋아하는 작품",
    "date": "06.08.02",
    "rating": "10",
    "author": "moon****",
    "review_id": "957273",
    "movie_id": "10841"
  },
  {
    "review": "우리나라 고전설화를 영화로 잘 만든 영화.",
    "date": "06.07.05",
    "rating": "8",
    "author": "park****",
    "review_id": "871817",
    "movie_id": "10841"
  },
  {
    "review": "어릴때봐서 이해하기 힘들었던.. 지금 구해 보자.",
    "date": "05.12.24",
    "rating": "8",
    "author": "blue****",
    "review_id": "523886",
    "movie_id": "10841"
  },
  {
    "review": "구운몽을 영화로 보는 느낌.. 극적인 요소가 지나친 것이 흠",
    "date": "05.08.20",
    "rating": "7",
    "author": "cat1****",
    "review_id": "376077",
    "movie_id": "10841"
  },
  {
    "review": "인생의즐거움에 대한 욕망은 한 순간의 꿈이요,고통의 근원이니",
    "date": "05.06.06",
    "rating": "10",
    "author": "enjo****",
    "review_id": "294588",
    "movie_id": "10841"
  },
  {
    "review": "역시 배창호 감독.",
    "date": "04.11.29",
    "rating": "9",
    "author": "skst****",
    "review_id": "154015",
    "movie_id": "10841"
  },
  {
    "review": "인생의 어느 한 시점에서 꼭 한 번은 봐야 할 영화...",
    "date": "04.11.16",
    "rating": "5",
    "author": "ksw0****",
    "review_id": "147001",
    "movie_id": "10841"
  },
  {
    "review": "스타일이나 분위기에 있어 베르히만이나 쿠로자와 감독을 연상케 하는..",
    "date": "03.12.11",
    "rating": "9",
    "author": "inmy****",
    "review_id": "1747",
    "movie_id": "10841"
  }
]