[
  {
    "review_id": "10274036",
    "movie_id": "100015",
    "author": "wldu****",
    "review": "Good 완전 재밌어요",
    "rating": "10",
    "date": "15.08.25"
  },
  {
    "review_id": "10227849",
    "movie_id": "100015",
    "author": "nkjh****",
    "review": "재미 만점..아이와함께",
    "rating": "9",
    "date": "15.08.14"
  },
  {
    "review_id": "10226738",
    "movie_id": "100015",
    "author": "alex****",
    "review": "픽사처럼 감동이 있는것도 아니고,,, 솔직히 셔먼이 \"나도 개다\" 하고 다른 사람들도 개라고 할때 리오2만큼 오글거림. 그냥 어린이용 학습영화",
    "rating": "5",
    "date": "15.08.14"
  },
  {
    "review_id": "10200946",
    "movie_id": "100015",
    "author": "mj46****",
    "review": "정말 잼있어용 ㅎㅎ 수고하세요",
    "rating": "10",
    "date": "15.08.08"
  },
  {
    "review_id": "10169818",
    "movie_id": "100015",
    "author": "h225****",
    "review": "보면서도 상상을  하게하는 영화였습니다^^",
    "rating": "10",
    "date": "15.08.01"
  },
  {
    "review_id": "10164951",
    "movie_id": "100015",
    "author": "jiyo****",
    "review": "내용이어렵고지루함유아들이보기에어렵다",
    "rating": "5",
    "date": "15.07.31"
  },
  {
    "review_id": "10161515",
    "movie_id": "100015",
    "author": "prri****",
    "review": "유치할 수는 있어도 재미없을 수는 없다.",
    "rating": "10",
    "date": "15.07.30"
  },
  {
    "review_id": "10156331",
    "movie_id": "100015",
    "author": "aroo****",
    "review": "8세, 5세 아이들과 함께 봤어요. 역사적인 백그라운드가 없어도 이해할까 싶었는데...뭐 아이들이 좋아하는 포인트는 순간순간의 재미였던지라...별 상관없이 즐긴 듯 하고, 몇 주 지나서도 간간히 또 보자는 말을 하는 걸 보니 재미있게 본 듯해요.",
    "rating": "10",
    "date": "15.07.29"
  },
  {
    "review_id": "10144909",
    "movie_id": "100015",
    "author": "gs10****",
    "review": "아이들이 좋아합니다",
    "rating": "8",
    "date": "15.07.26"
  },
  {
    "review_id": "10114905",
    "movie_id": "100015",
    "author": "kimt****",
    "review": "아주 만족스러웠습니다. 과거의 사실적내용과 애니메이션의 조화로 유쾌한 내용이 아주 많았던것같고 미스터피바디와 셔면의 관계 더불어 페니와 여러사람들의 어우러져 감동을 주는 구성까지 정말 오랜만에 마음에 드는 영화였습니다.",
    "rating": "10",
    "date": "15.07.18"
  },
  {
    "review_id": "10065735",
    "movie_id": "100015",
    "author": "hele****",
    "review": "애들이나 부모님들이 느끼기엔 꽤 재밌고 유익했을 영화일지 모르겠지만,객관적으로 영화자체의 줄거리를 봤을 때전개되는 내내 사건이 끊임이 없는데다그사이에 부자의 사랑을 억지로 끼워 넣으려고 쥐어짜서 그런지 스토리가 너무 산만하고 집중을 못하겠습니다",
    "rating": "6",
    "date": "15.07.03"
  },
  {
    "review_id": "10016556",
    "movie_id": "100015",
    "author": "anmi****",
    "review": "아이들이너무재밌게보았어요",
    "rating": "8",
    "date": "15.06.20"
  },
  {
    "review_id": "9994605",
    "movie_id": "100015",
    "author": "dlwn****",
    "review": "3D애니메이션영화를 즐겨보는 매니아입니다. 생각보단 재미없었습니다. 캐릭터가 단순하지않고 너무 고지식한 수다쟁이캐릭이라그런지 별로...",
    "rating": "5",
    "date": "15.06.13"
  },
  {
    "review_id": "9960532",
    "movie_id": "100015",
    "author": "tbwn****",
    "review": "어른들이 보면 재미없어요.어른들이 보기에도 재밌다는 말에 보러갔다가 낭패봤어요. 내용도 없고 그냥 정신없어요.왠만한 유아용애니메이션 아니면 재미있개 보는편인데 이건 진짜재미없어요. 어린이용 영화에요.",
    "rating": "5",
    "date": "15.05.29"
  },
  {
    "review_id": "9885372",
    "movie_id": "100015",
    "author": "lgl2****",
    "review": "아이들이 좋아하고 어른이봐도 재미있어요",
    "rating": "10",
    "date": "15.05.02"
  },
  {
    "review_id": "9814064",
    "movie_id": "100015",
    "author": "himn****",
    "review": "매우매우 재미 없다. 재미가 없다.",
    "rating": "1",
    "date": "15.03.29"
  },
  {
    "review_id": "9805248",
    "movie_id": "100015",
    "author": "dbsa****",
    "review": "일단 피바디가 똑똑한데 귀여움 ㅋㅋ 내용이 좀 난잡해서 그렇지 재미는 있어요.",
    "rating": "8",
    "date": "15.03.25"
  },
  {
    "review_id": "9795093",
    "movie_id": "100015",
    "author": "mice****",
    "review": "3d효과는 괜찮았는데 심하게 유치하고 오글거리는 자아도취형 캐릭터와 억지전개는 거북하다못해 좀 불쾌할정도ㅎㅎ",
    "rating": "5",
    "date": "15.03.20"
  },
  {
    "review_id": "9749967",
    "movie_id": "100015",
    "author": "wjdd****",
    "review": "여자애 너무 귀엽고 예뻐요 ㅋㅋ",
    "rating": "10",
    "date": "15.03.01"
  },
  {
    "review_id": "9722032",
    "movie_id": "100015",
    "author": "bseu****",
    "review": "세계사를 모르는 유치원생  딸들에게 세계사를 쉽고 부담없이 보면서 다가갈수 있도록 해줄수 있어서 좋았던 영화",
    "rating": "8",
    "date": "15.02.21"
  },
  {
    "review_id": "9709437",
    "movie_id": "100015",
    "author": "dead****",
    "review": "평점에 속았다. 영화가 아니고 애들 학습만화다.",
    "rating": "1",
    "date": "15.02.18"
  },
  {
    "review_id": "9683312",
    "movie_id": "100015",
    "author": "lsm8****",
    "review": "기발한  소재였어요 딸과  재밌게  봤어요",
    "rating": "9",
    "date": "15.02.09"
  },
  {
    "review_id": "9664175",
    "movie_id": "100015",
    "author": "supe****",
    "review": "영화를 보고 딱 하나 남는 것은 부성애도 강하다. 몇몇의 억지성이 불편하게 만들지만 빠른  전개와 타임머신을 통한 역사여행 설정, 다양한 액션신이 그럭저럭 부족한 부분을 메웠다.",
    "rating": "5",
    "date": "15.02.03"
  },
  {
    "review_id": "9655884",
    "movie_id": "100015",
    "author": "nic7****",
    "review": "아이들이 좋아할 만화....",
    "rating": "6",
    "date": "15.02.01"
  },
  {
    "review_id": "9650891",
    "movie_id": "100015",
    "author": "nanj****",
    "review": "아이가 보기엔 흥미로운 주제가 아니고, 어른이 보기엔 유치한 영화. 그래도 스토리를 끌고가는 부분은 잘 편집되어 집중해서 봤음.",
    "rating": "6",
    "date": "15.01.30"
  },
  {
    "review_id": "9645300",
    "movie_id": "100015",
    "author": "hell****",
    "review": "아이들이 너무 재밌어해요.",
    "rating": "10",
    "date": "15.01.28"
  },
  {
    "review_id": "9590395",
    "movie_id": "100015",
    "author": "tear****",
    "review": "뒤섞인 역사는 좋은데 이야기도 어지러이 중구난방.",
    "rating": "6",
    "date": "15.01.13"
  },
  {
    "review_id": "9588803",
    "movie_id": "100015",
    "author": "k2wk****",
    "review": "볼만함  그저 킬링타임 정도?",
    "rating": "7",
    "date": "15.01.13"
  },
  {
    "review_id": "9583293",
    "movie_id": "100015",
    "author": "ozea****",
    "review": "역사공부도하며 아이들과 즐길 수 있는 좋은영화!",
    "rating": "9",
    "date": "15.01.11"
  },
  {
    "review_id": "9580810",
    "movie_id": "100015",
    "author": "sug2****",
    "review": "재밌음 한번 보셈 겁나 재있음",
    "rating": "10",
    "date": "15.01.10"
  },
  {
    "review_id": "9557170",
    "movie_id": "100015",
    "author": "qwg0****",
    "review": "평점을 늦게 올립니다. 진짜 재미있었습니다.",
    "rating": "10",
    "date": "15.01.03"
  },
  {
    "review_id": "9538013",
    "movie_id": "100015",
    "author": "goms****",
    "review": "아이디어가 특이한 영화",
    "rating": "8",
    "date": "14.12.30"
  },
  {
    "review_id": "9528842",
    "movie_id": "100015",
    "author": "pooh****",
    "review": "재미있어요 조금 지루한감이 있어요",
    "rating": "5",
    "date": "14.12.28"
  },
  {
    "review_id": "9513896",
    "movie_id": "100015",
    "author": "love****",
    "review": "아이들과 재미있게 봤어요심도있게 시대별로나온건 아니였지만딱  유아들부터 초등생까지  눈높이에딱 맞아요^^",
    "rating": "9",
    "date": "14.12.25"
  },
  {
    "review_id": "9511523",
    "movie_id": "100015",
    "author": "phy6****",
    "review": "너무 어린 아이들은 이해하기 힘든내용..하지만 나름 재미있습니다",
    "rating": "7",
    "date": "14.12.25"
  },
  {
    "review_id": "9507120",
    "movie_id": "100015",
    "author": "eham****",
    "review": "너무 재미 있었고 좋았어요. 짱입니다.",
    "rating": "10",
    "date": "14.12.24"
  },
  {
    "review_id": "9504938",
    "movie_id": "100015",
    "author": "jyjn****",
    "review": "대단하다... 정말 걸작이 될 수 있었던 작품,,,,",
    "rating": "9",
    "date": "14.12.23"
  },
  {
    "review_id": "9489834",
    "movie_id": "100015",
    "author": "risa****",
    "review": "드림웍스 명성만 믿고 봤는데..이건 뭐..어른들이 볼만한 애니는 아닌듯 개연성은 그렇다쳐도 캐릭터들의 매력이 전무..그래도 아이디어는 기발했음",
    "rating": "6",
    "date": "14.12.19"
  },
  {
    "review_id": "9481258",
    "movie_id": "100015",
    "author": "jsnr****",
    "review": "어린이들의 상상력 발전에 도움이 되는 영화입니다.",
    "rating": "8",
    "date": "14.12.17"
  },
  {
    "review_id": "9471095",
    "movie_id": "100015",
    "author": "gpal****",
    "review": "아 완전 귀요미네요!! 진짜 너무 재밌게 봤습니다!! 이런 종류의 영화 너무 좋아합니다.  애기들이 보면 너무 좋아할 것 같습니다!!",
    "rating": "10",
    "date": "14.12.13"
  },
  {
    "review_id": "9462584",
    "movie_id": "100015",
    "author": "tlem****",
    "review": "아이랑 같이 봤는데 잼있었어용~~^^",
    "rating": "8",
    "date": "14.12.10"
  },
  {
    "review_id": "9423040",
    "movie_id": "100015",
    "author": "csmo****",
    "review": "스토리가 난잡하지만 어른이 봐도 볼만하다. 애들이 볼때는 역사적 인물의 관심도 상승.",
    "rating": "7",
    "date": "14.11.26"
  },
  {
    "review_id": "9406805",
    "movie_id": "100015",
    "author": "viol****",
    "review": "아이들만. 봤는데.   재미있어했어요",
    "rating": "9",
    "date": "14.11.21"
  },
  {
    "review_id": "9391910",
    "movie_id": "100015",
    "author": "sidi****",
    "review": "어른이 보긴엔 좀,,,,아이들이 볼만한 영화",
    "rating": "7",
    "date": "14.11.16"
  },
  {
    "review_id": "9383570",
    "movie_id": "100015",
    "author": "wing****",
    "review": "가족들과보기에즐거운영화!강추!",
    "rating": "8",
    "date": "14.11.14"
  },
  {
    "review_id": "9382166",
    "movie_id": "100015",
    "author": "jiru****",
    "review": "10살아들과 함께 봤는데 광팬이 됬어요 흥미진진하 소재와 스토리로 아이들과 어른들의 시선을 빼앗아가는 영화였어요",
    "rating": "10",
    "date": "14.11.14"
  },
  {
    "review_id": "9367378",
    "movie_id": "100015",
    "author": "ms35****",
    "review": "아이들도 어른들도 재미있게 볼 수 있는 영화~그 후로 아이들 성화에 집에서 유료 다시 보기로 몇 번을 보여줬는지 몰라요...",
    "rating": "10",
    "date": "14.11.10"
  },
  {
    "review_id": "9364394",
    "movie_id": "100015",
    "author": "gywn****",
    "review": "영화보는내 유쾌하였고 구성자체도 색다로워서 재밌게 본것 같다.",
    "rating": "8",
    "date": "14.11.09"
  },
  {
    "review_id": "9331198",
    "movie_id": "100015",
    "author": "clai****",
    "review": "모든게  완벽하다..오래간만에 진정한 아름다운 영화를 봤다사람과 사람사이에 존재하나 잊혀진 측은지심,배려, 사랑..배우 김서형씨의 절재된 연기는  또다른 감동을 주었다이런 봄이 우리 사는 세상에 늘 존재한다면...행복하겠다",
    "rating": "10",
    "date": "14.10.31"
  },
  {
    "review_id": "9313748",
    "movie_id": "100015",
    "author": "rede****",
    "review": "아이들보기 어려웠지만 잼있게보고왔네요",
    "rating": "8",
    "date": "14.10.24"
  },
  {
    "review_id": "9305865",
    "movie_id": "100015",
    "author": "jumm****",
    "review": "상당히 재미있네요. 아이들의 역사공부에도 유익할테고요. 문제는 늘 여자들이 만드네요.ㅋ",
    "rating": "9",
    "date": "14.10.21"
  },
  {
    "review_id": "9291072",
    "movie_id": "100015",
    "author": "dlco****",
    "review": "학원에서 봤는데 영화 안에 내용도 많고 알아야할점도 많아서 재밌게 봤습니다!",
    "rating": "10",
    "date": "14.10.14"
  },
  {
    "review_id": "9282081",
    "movie_id": "100015",
    "author": "sjms****",
    "review": "재미있었어요 피바디귀엽ㅋ",
    "rating": "10",
    "date": "14.10.10"
  },
  {
    "review_id": "9281037",
    "movie_id": "100015",
    "author": "rnde****",
    "review": "어른이 보기에도 재밌는 영화에요",
    "rating": "10",
    "date": "14.10.10"
  },
  {
    "review_id": "9274969",
    "movie_id": "100015",
    "author": "grac****",
    "review": "스토리 탄탄하고 정말 좋았어요~~.",
    "rating": "10",
    "date": "14.10.08"
  },
  {
    "review_id": "9267847",
    "movie_id": "100015",
    "author": "ukin****",
    "review": "역시속 인물을 유추해보는 재미가 있네요~^^",
    "rating": "8",
    "date": "14.10.05"
  },
  {
    "review_id": "9267603",
    "movie_id": "100015",
    "author": "dalk****",
    "review": "정말 잼났다 첨엔 뻔한얘긴줄알앗는데  내용의반전 개가아빠라는 감동적이엇다",
    "rating": "10",
    "date": "14.10.05"
  },
  {
    "review_id": "9265748",
    "movie_id": "100015",
    "author": "send****",
    "review": "천재강아지 미스터 피바디는 어른과 함께 어린이들이 보기에 적합한 영화라고 생각됩니다. 재미있게 잘 봤어요.",
    "rating": "9",
    "date": "14.10.05"
  },
  {
    "review_id": "9254479",
    "movie_id": "100015",
    "author": "cibe****",
    "review": "One of my favorite animated films of all time!",
    "rating": "10",
    "date": "14.10.02"
  },
  {
    "review_id": "9235438",
    "movie_id": "100015",
    "author": "smk8****",
    "review": "저희딸이 아주 재밌게 봤어요",
    "rating": "8",
    "date": "14.09.22"
  },
  {
    "review_id": "9213373",
    "movie_id": "100015",
    "author": "bibi****",
    "review": "아이들이 즐겁게 본 영화ㅎㅎ",
    "rating": "8",
    "date": "14.09.14"
  },
  {
    "review_id": "9193618",
    "movie_id": "100015",
    "author": "sunj****",
    "review": "재미있네요 아이들과 함께 볼민함",
    "rating": "9",
    "date": "14.09.09"
  },
  {
    "review_id": "9191510",
    "movie_id": "100015",
    "author": "shee****",
    "review": "아이들이 좋아해요 재밌었습니다",
    "rating": "10",
    "date": "14.09.09"
  },
  {
    "review_id": "9185101",
    "movie_id": "100015",
    "author": "alsw****",
    "review": "아이어른 모두 즐길수있는 애니메이션  드림윅스의 상상력이놀랍다",
    "rating": "8",
    "date": "14.09.08"
  },
  {
    "review_id": "9183147",
    "movie_id": "100015",
    "author": "psh0****",
    "review": "아이가 정말 정말. 재밌게 보는 영화",
    "rating": "9",
    "date": "14.09.08"
  },
  {
    "review_id": "9180486",
    "movie_id": "100015",
    "author": "khj8****",
    "review": "중간부분까지는 색다른 타임머신타고 세계사 공부하는 것처럼 재미있었으나, 후반부로 갈수록 알수없는 물리학이며 엉성한 스토리 전개에 아쉬움..",
    "rating": "6",
    "date": "14.09.07"
  },
  {
    "review_id": "9149917",
    "movie_id": "100015",
    "author": "brig****",
    "review": "애기랑같이봤는데 재밌었어요^^",
    "rating": "6",
    "date": "14.08.31"
  },
  {
    "review_id": "9149286",
    "movie_id": "100015",
    "author": "shin****",
    "review": "그냥 그럼그럭 저럭입니다",
    "rating": "5",
    "date": "14.08.31"
  },
  {
    "review_id": "9142678",
    "movie_id": "100015",
    "author": "rkte****",
    "review": "재미있는데 이해가  안된는 부분이 있어서",
    "rating": "5",
    "date": "14.08.29"
  },
  {
    "review_id": "9138402",
    "movie_id": "100015",
    "author": "imag****",
    "review": "보다가 엄청 짜증남...애들 말 엄청 안듣고 피바디는 해결사일뿐...ㅋ",
    "rating": "4",
    "date": "14.08.27"
  },
  {
    "review_id": "9132022",
    "movie_id": "100015",
    "author": "herr****",
    "review": "영화 봤는데 완전 재밌었어요!!ㅋㅋ",
    "rating": "10",
    "date": "14.08.25"
  },
  {
    "review_id": "9127322",
    "movie_id": "100015",
    "author": "worb****",
    "review": "보면서 재미도 있고 감동도 있었고 많은 생각을 하게 해준 것 같다!",
    "rating": "10",
    "date": "14.08.24"
  },
  {
    "review_id": "9116369",
    "movie_id": "100015",
    "author": "mhwi****",
    "review": "3학년 이상 아이들에겐 공부도 될 것 같아요 발상이 재밌어요",
    "rating": "7",
    "date": "14.08.21"
  },
  {
    "review_id": "9112648",
    "movie_id": "100015",
    "author": "zen2****",
    "review": "재밌었는데 생각했던것 보단 좀....이유는 애들이 너무 짜증난다. 약간 일에 연관성이 부족한듯, 기대를 너무 많이 한 것 같기도하다",
    "rating": "7",
    "date": "14.08.20"
  },
  {
    "review_id": "9111915",
    "movie_id": "100015",
    "author": "cook****",
    "review": "내용도  좋고 다 좋은데 페니가 너무  짜증낰ㅋㅋㅋ원흉임 원흉",
    "rating": "8",
    "date": "14.08.19"
  },
  {
    "review_id": "9107984",
    "movie_id": "100015",
    "author": "nell****",
    "review": "애들이 무척 좋아해요^^",
    "rating": "7",
    "date": "14.08.18"
  },
  {
    "review_id": "9106356",
    "movie_id": "100015",
    "author": "sicr****",
    "review": "완전즐겁게유쾌하게본영화",
    "rating": "9",
    "date": "14.08.18"
  },
  {
    "review_id": "9100367",
    "movie_id": "100015",
    "author": "meda****",
    "review": "아이와 함께 볼만한 영화입니다  가슴도 약간 찡하구요",
    "rating": "10",
    "date": "14.08.17"
  },
  {
    "review_id": "9092391",
    "movie_id": "100015",
    "author": "tori****",
    "review": "유쾌하고 따뜻한 가족 영화.",
    "rating": "6",
    "date": "14.08.15"
  },
  {
    "review_id": "9086026",
    "movie_id": "100015",
    "author": "72la****",
    "review": "기대없이 갔다가 나름 재미있게 보고 왔습니다",
    "rating": "10",
    "date": "14.08.14"
  },
  {
    "review_id": "9077425",
    "movie_id": "100015",
    "author": "jiny****",
    "review": "공부하는 요소와 과거와 현재가 만나는 시점을 애니메이션으로 만든것은 훌륭하나 어린 아이들이 보기에는 너무 어려운 웨이백사용법이 나와 단점이 됐지만 아이들과 공부하면서 볼수있는 역사공부영화!ご,.ごㆀ",
    "rating": "8",
    "date": "14.08.13"
  },
  {
    "review_id": "9071382",
    "movie_id": "100015",
    "author": "gyjy****",
    "review": "아이들이 넘넘 좋아하더군요내용도 캐릭도 완전 만족이었어요",
    "rating": "10",
    "date": "14.08.12"
  },
  {
    "review_id": "9065202",
    "movie_id": "100015",
    "author": "joyl****",
    "review": "스토리구성이 신선하고 예기치 못한 진행에 스릴까지 너무나 즐거웠다",
    "rating": "10",
    "date": "14.08.10"
  },
  {
    "review_id": "9058610",
    "movie_id": "100015",
    "author": "moon****",
    "review": "재미있었어요 근데 못된여자주인공이 너네아빠강아지라고 따시킬때 진짜 너무하다생각함요즘그런인간들좀 있는데 현실성반영인가요과거로가는이야기도잼있고캐릭터도너무귀엽고해서 재미있게 봤어요",
    "rating": "8",
    "date": "14.08.09"
  },
  {
    "review_id": "9057728",
    "movie_id": "100015",
    "author": "cuys****",
    "review": "잼있게 잘 봤어요...",
    "rating": "7",
    "date": "14.08.09"
  },
  {
    "review_id": "9055657",
    "movie_id": "100015",
    "author": "park****",
    "review": "가족이랑 같이 봤어요. 그냥 볼만해요.",
    "rating": "8",
    "date": "14.08.09"
  },
  {
    "review_id": "9053979",
    "movie_id": "100015",
    "author": "limi****",
    "review": "귀엽구 깜찍한 영화에용  저런 타임머신 하나 있음 좋겠네요~~",
    "rating": "7",
    "date": "14.08.09"
  },
  {
    "review_id": "9052510",
    "movie_id": "100015",
    "author": "minh****",
    "review": "재미있네요잘봤습니다",
    "rating": "10",
    "date": "14.08.08"
  },
  {
    "review_id": "9051164",
    "movie_id": "100015",
    "author": "ilji****",
    "review": "그냥 애들이랑 볼만하네요.",
    "rating": "10",
    "date": "14.08.08"
  },
  {
    "review_id": "9049494",
    "movie_id": "100015",
    "author": "sun1****",
    "review": "강아지만 보면 다들 미스터피바디인줄 알아요...ㅋㅋㅋ 나름 재미있게 본듯 해요....",
    "rating": "8",
    "date": "14.08.08"
  },
  {
    "review_id": "9047137",
    "movie_id": "100015",
    "author": "ejaq****",
    "review": "이건 애니메이션계에 혁명이다. 이런 화질에 이런 스케일에 얼마나 화려한가. 역사와 인물의 묘사등 스토리 등 모든것이 즐겁다. 이것이 흥행하지 못한것이 드림윅스는 큰 한이 될것이다.",
    "rating": "10",
    "date": "14.08.07"
  },
  {
    "review_id": "9044019",
    "movie_id": "100015",
    "author": "alsd****",
    "review": "너무재미있어요 본지가 몇달이 지났는데 딸아이가 아직도얘기행해요 너무재미있고 좋았었나봐요",
    "rating": "10",
    "date": "14.08.07"
  },
  {
    "review_id": "9043773",
    "movie_id": "100015",
    "author": "tops****",
    "review": "잼나고 즐거웠어요. 아이들이 넘 잼있어하네요.",
    "rating": "9",
    "date": "14.08.07"
  },
  {
    "review_id": "9043310",
    "movie_id": "100015",
    "author": "niya****",
    "review": "재미있었는데 6세 아이가 보기엔 어러운 영화인것같음",
    "rating": "6",
    "date": "14.08.07"
  },
  {
    "review_id": "9043145",
    "movie_id": "100015",
    "author": "mins****",
    "review": "역시 어른들이 봐도 재밌는 영화!! 지루하지않고 흥미진진하고 재밌었어요 강추강추!!",
    "rating": "10",
    "date": "14.08.07"
  },
  {
    "review_id": "9040389",
    "movie_id": "100015",
    "author": "gkdl****",
    "review": "20대어른이 보아도 재밋고 시대별역사를 되짚어볼수있어 참좋앗네요^^  아이들보여줘도 역사공부도되고 교육에도좋을꺼같아요!!",
    "rating": "10",
    "date": "14.08.06"
  },
  {
    "review_id": "9036285",
    "movie_id": "100015",
    "author": "bogr****",
    "review": "재미는 별루고 교육용 애니메이션으로 딱 맞네..역사에대해 호기심을 가질수 있는 정도~~",
    "rating": "7",
    "date": "14.08.06"
  },
  {
    "review_id": "9032916",
    "movie_id": "100015",
    "author": "qmdl****",
    "review": "생각했던만큼 재밌지 않앗네요..계속 미스터피마디! 미스터피바디..거리고ㅠㅠ 유머도 그닥...",
    "rating": "4",
    "date": "14.08.05"
  },
  {
    "review_id": "9029622",
    "movie_id": "100015",
    "author": "jaem****",
    "review": "액설런트 어드밴쳐 생각나는",
    "rating": "10",
    "date": "14.08.05"
  },
  {
    "review_id": "9027867",
    "movie_id": "100015",
    "author": "koun****",
    "review": "볼만한데 그럭저럭 그냥그래",
    "rating": "7",
    "date": "14.08.04"
  }
]