[
  {
    "review_id": "10191350",
    "movie_id": "100075",
    "author": "oxey****",
    "review": "보는 내내 힐링 할 수있었던 영화☆",
    "rating": "10",
    "date": "15.08.06"
  },
  {
    "review_id": "10173950",
    "movie_id": "100075",
    "author": "juni****",
    "review": "기억을 추억으로 만들어가는 영화",
    "rating": "7",
    "date": "15.08.02"
  },
  {
    "review_id": "10168910",
    "movie_id": "100075",
    "author": "ghlg****",
    "review": "평정이더높아야할영화",
    "rating": "10",
    "date": "15.08.01"
  },
  {
    "review_id": "10148594",
    "movie_id": "100075",
    "author": "dmsk****",
    "review": "오랜만에 프로포지대작전 요시다레이로 돌아온거 같은 나가사와 마사미보는 재미가 ...",
    "rating": "10",
    "date": "15.07.27"
  },
  {
    "review_id": "10079072",
    "movie_id": "100075",
    "author": "cowc****",
    "review": "무츠미가 너무 귀여워서 몇번을 돌려봤나 모르겠다ㅠㅠㅜ사랑스러미ㅠ_ㅠ♡",
    "rating": "9",
    "date": "15.07.07"
  },
  {
    "review_id": "10048248",
    "movie_id": "100075",
    "author": "swpk****",
    "review": "독특한 배경을 다룬 영화.  차분하면서도 서정적이고, 바로 옆에 있는 나라지만 한국과는 많이 다른 일본만의 분위기를 느낄 수 있는 그런 편안한 영화. 나가사와 마사미도 예쁘고, 잘생긴 남주 덕분에 차분함이 지루함으로 변하지 않은 좋은 영화.",
    "rating": "10",
    "date": "15.06.28"
  },
  {
    "review_id": "10041126",
    "movie_id": "100075",
    "author": "cy96****",
    "review": "굿 명작....여운이 오래남는다",
    "rating": "10",
    "date": "15.06.27"
  },
  {
    "review_id": "9953310",
    "movie_id": "100075",
    "author": "kyle****",
    "review": "독특한 매력이 있는 영화...평이 넘 낮은거 같아서 후하게 줌. 잔잔한거 땡길때 추천합니다",
    "rating": "9",
    "date": "15.05.27"
  },
  {
    "review_id": "9950832",
    "movie_id": "100075",
    "author": "ehd7****",
    "review": "생각보다 괜찮은 내용이네요",
    "rating": "8",
    "date": "15.05.26"
  },
  {
    "review_id": "9942236",
    "movie_id": "100075",
    "author": "kimg****",
    "review": "훈훈하고 예쁜건 좋은데 보는 사람을 끌고가는 힘이 모자라거나 일본 특유 짜증 유발하는 유치함이 아쉽다.",
    "rating": "5",
    "date": "15.05.23"
  },
  {
    "review_id": "9778373",
    "movie_id": "100075",
    "author": "mmin****",
    "review": "일본다운 영화였음 열자",
    "rating": "10",
    "date": "15.03.13"
  },
  {
    "review_id": "9756423",
    "movie_id": "100075",
    "author": "djsu****",
    "review": "겨울연가 한장면도 빠짐없이 100% 표절이구만",
    "rating": "1",
    "date": "15.03.04"
  },
  {
    "review_id": "9747203",
    "movie_id": "100075",
    "author": "fran****",
    "review": "전 이런 장르 너무너무 조아하는데요..개인적으로 조아하는 배우들이 나와서 더 잼있게 잘보았습니다...ㅋㅋ핸드폰에 소장되어있어서 계속계속 보구있어요ㅋㅋㅋ",
    "rating": "10",
    "date": "15.02.28"
  },
  {
    "review_id": "9740848",
    "movie_id": "100075",
    "author": "hvay****",
    "review": "좋아하는 배우 나와서 봤지,.. 그냥 그럼.",
    "rating": "7",
    "date": "15.02.26"
  },
  {
    "review_id": "9737422",
    "movie_id": "100075",
    "author": "only****",
    "review": "정말 가슴이 따듯해지는 영화",
    "rating": "10",
    "date": "15.02.25"
  },
  {
    "review_id": "9672835",
    "movie_id": "100075",
    "author": "love****",
    "review": "하루타ㅠㅠㅡ?ㅜㅡㅗ?ㅠ♡",
    "rating": "10",
    "date": "15.02.06"
  },
  {
    "review_id": "9659221",
    "movie_id": "100075",
    "author": "qkrw****",
    "review": "만화로는 안봐봤지만 재밌네요 대리설렘 ㅎ",
    "rating": "9",
    "date": "15.02.01"
  },
  {
    "review_id": "9657735",
    "movie_id": "100075",
    "author": "rumi****",
    "review": "보는내내 또 누가 죽으려나? 하면서 조마조마 했던 영화. 로맨스 영화가 이렇게 조마조마하긴 처음이다. 그래도 배우들의 깨끗한 외모에 집중할 수 있었다. 그저그런 일본 특유의 영화.",
    "rating": "6",
    "date": "15.02.01"
  },
  {
    "review_id": "9652405",
    "movie_id": "100075",
    "author": "mwi0****",
    "review": "내용이 좋긴하나 좀 지루함감이 없진 않았음 그래도 좋았음",
    "rating": "8",
    "date": "15.01.30"
  },
  {
    "review_id": "9621660",
    "movie_id": "100075",
    "author": "nmj9****",
    "review": "나름괜찮은데평점이낮네",
    "rating": "10",
    "date": "15.01.22"
  },
  {
    "review_id": "9615933",
    "movie_id": "100075",
    "author": "m753****",
    "review": "괜찮은 주제, 나쁜 연출.",
    "rating": "5",
    "date": "15.01.20"
  },
  {
    "review_id": "9574891",
    "movie_id": "100075",
    "author": "9123****",
    "review": "죄책감은 잊을 수도 지울 수도 없다.잊으려고 지우려고 하면 할 수록 더욱더  늪에  빠지기때문이다. 하지만 희미하게 만들 수는 있다. 죄책감에 맞서면 된다.",
    "rating": "8",
    "date": "15.01.08"
  },
  {
    "review_id": "9572622",
    "movie_id": "100075",
    "author": "jy01****",
    "review": "나름대로 만족하고 잔잔한 감동을 준다. 지루한걸 좋아하지 않는사람들은 재미가 없을지도 모르나 나는 이런 감성적인 내용과 대사 하나하나에 담긴 뜻이 무엇을 의미하는건지 생각해보는것을 좋아하기 때문에 나름 재미있었다고 생각한다 한가지 끝이 약간 심심하다",
    "rating": "8",
    "date": "15.01.08"
  },
  {
    "review_id": "9563690",
    "movie_id": "100075",
    "author": "ab81****",
    "review": "힐링영화ㅠㅠ진짜 재밌게 봄!",
    "rating": "10",
    "date": "15.01.05"
  },
  {
    "review_id": "9562149",
    "movie_id": "100075",
    "author": "sunh****",
    "review": "내평  생각보다 지루했음. 그리고 여주가 괜찮다고 생각했는데 우익이었음ㅡㅡ 우익이 나오는 영화가 한국에서 개봉하는 거 너무 불쾌함.",
    "rating": "5",
    "date": "15.01.04"
  },
  {
    "review_id": "9534259",
    "movie_id": "100075",
    "author": "rhkr****",
    "review": "재미짱성양인들이봐도재미잇을듯",
    "rating": "10",
    "date": "14.12.29"
  },
  {
    "review_id": "9532232",
    "movie_id": "100075",
    "author": "suha****",
    "review": "7광구의 위대함을 알려준 2시간이였다. 7광구는 훌륭한 영화였습니다.",
    "rating": "4",
    "date": "14.12.28"
  },
  {
    "review_id": "9478837",
    "movie_id": "100075",
    "author": "blue****",
    "review": "개연성 부족ㅠ 코라켄고 나올 때 까지는 볼만했음",
    "rating": "5",
    "date": "14.12.16"
  },
  {
    "review_id": "9475569",
    "movie_id": "100075",
    "author": "real****",
    "review": "내용 메시지 좋으나 재미도 없고 감동도없음",
    "rating": "7",
    "date": "14.12.15"
  },
  {
    "review_id": "9460600",
    "movie_id": "100075",
    "author": "vana****",
    "review": "남자가 보기엔 노잼ㅇㅇ초반 좀 보다가 껐음 역하렘물인듯",
    "rating": "1",
    "date": "14.12.09"
  },
  {
    "review_id": "9460465",
    "movie_id": "100075",
    "author": "misl****",
    "review": "이쁜데 뭔가 아쉬움....",
    "rating": "6",
    "date": "14.12.09"
  },
  {
    "review_id": "9420488",
    "movie_id": "100075",
    "author": "rule****",
    "review": "참 아름다운 영화다. 30대가 되고 바쁘게 살아가다보니 잊고 있었던 감정들을 다시 느끼게 해준...",
    "rating": "10",
    "date": "14.11.25"
  },
  {
    "review_id": "9393617",
    "movie_id": "100075",
    "author": "st4r****",
    "review": "만화보다 부족해서 아쉽네요",
    "rating": "8",
    "date": "14.11.16"
  },
  {
    "review_id": "9385259",
    "movie_id": "100075",
    "author": "nine****",
    "review": "나가사와 마사미와 어울리는 제목...",
    "rating": "6",
    "date": "14.11.15"
  },
  {
    "review_id": "9374868",
    "movie_id": "100075",
    "author": "anyw****",
    "review": "노잼영화를 노잼영화라고 부르는데 뭔 10글자가 필요한가",
    "rating": "1",
    "date": "14.11.12"
  },
  {
    "review_id": "9370897",
    "movie_id": "100075",
    "author": "twel****",
    "review": "오~ 나가사와 마사미!",
    "rating": "9",
    "date": "14.11.11"
  },
  {
    "review_id": "9364479",
    "movie_id": "100075",
    "author": "whgu****",
    "review": "비슷한 아픔을 가진 두 사람이 서로를 알아가는 과정이 좋아습니다!",
    "rating": "8",
    "date": "14.11.09"
  },
  {
    "review_id": "9362649",
    "movie_id": "100075",
    "author": "b2ut****",
    "review": "제목이 곧 내용이었지만 배우들의 예쁜 연기는 오래오래 내 기억속에 머물것 같다",
    "rating": "10",
    "date": "14.11.09"
  },
  {
    "review_id": "9355226",
    "movie_id": "100075",
    "author": "qqww****",
    "review": "남자가볼껀 아니라는~ 그냥영화자체가 제목이름인듯보여~",
    "rating": "5",
    "date": "14.11.08"
  },
  {
    "review_id": "9348062",
    "movie_id": "100075",
    "author": "wldi****",
    "review": "배우들의 비주얼이 살린 영화. 뻔한 로맨스 영화.",
    "rating": "5",
    "date": "14.11.07"
  },
  {
    "review_id": "9345737",
    "movie_id": "100075",
    "author": "tjrt****",
    "review": "조용하고 따뜻했던 영화 재밌어요",
    "rating": "10",
    "date": "14.11.06"
  },
  {
    "review_id": "9342948",
    "movie_id": "100075",
    "author": "zxc2****",
    "review": "일본멜로 좋아하시는 분만 보세요",
    "rating": "10",
    "date": "14.11.05"
  },
  {
    "review_id": "9338884",
    "movie_id": "100075",
    "author": "adel****",
    "review": "소녀 김세윤 영화애호가님의 추천으로 보게 되었어요. 영화 이름처럼 깨끗하고 연약한 것 같기도 하지만 영화는 정말 재밌었습니다. 마사키 완소남. 흡.",
    "rating": "10",
    "date": "14.11.03"
  },
  {
    "review_id": "9338534",
    "movie_id": "100075",
    "author": "mzk1****",
    "review": "아련아련한 작품! 지금 시즌에 딱인듯!",
    "rating": "10",
    "date": "14.11.03"
  },
  {
    "review_id": "9338031",
    "movie_id": "100075",
    "author": "dj_l****",
    "review": "영화만의 매력이 더 있었으면...너무 무난해",
    "rating": "5",
    "date": "14.11.03"
  },
  {
    "review_id": "9336047",
    "movie_id": "100075",
    "author": "taek****",
    "review": "마음 아픈 분들은 꼭 보세요!!!",
    "rating": "9",
    "date": "14.11.02"
  },
  {
    "review_id": "9333862",
    "movie_id": "100075",
    "author": "534k****",
    "review": "오카다 마사키에 나가사와 마사미",
    "rating": "10",
    "date": "14.11.01"
  },
  {
    "review_id": "9333687",
    "movie_id": "100075",
    "author": "tkyo****",
    "review": "어제 왕십리에서 심야로 보고 왓는데막 기대햇는데그냥 뭐 무난하다는 그런 영화일본영화 저 처럼 좋아하시는 분들은 볼만해요",
    "rating": "7",
    "date": "14.11.01"
  },
  {
    "review_id": "9331036",
    "movie_id": "100075",
    "author": "rumi****",
    "review": "가을에 보기 너무 좋아요 추천 !",
    "rating": "10",
    "date": "14.10.31"
  },
  {
    "review_id": "9330978",
    "movie_id": "100075",
    "author": "vnfm****",
    "review": "오랜만에 느껴보는 일본 로맨스영화의 감성~!!!",
    "rating": "10",
    "date": "14.10.31"
  },
  {
    "review_id": "9330977",
    "movie_id": "100075",
    "author": "ps_h****",
    "review": "오랜만에  보는 따뜻한 감성의 영화. 다양한 연기 스펙터럼을 가진 오카다 마사키가 다시 한 번 빛난 멋진 드라마~",
    "rating": "10",
    "date": "14.10.31"
  },
  {
    "review_id": "9330913",
    "movie_id": "100075",
    "author": "seau****",
    "review": "멜로/로맨스인데 웃음만 나오는 영화그나마 별점은 배경이 이쁘고 어쩌다보니 등장인물들한테 정이붙어서...어이가 없어서 웃다가 정들엇다^^.. 너무 기대하지마세요",
    "rating": "2",
    "date": "14.10.31"
  },
  {
    "review_id": "9329751",
    "movie_id": "100075",
    "author": "good****",
    "review": "오늘 서울극장에만 개봉해서 찾아가서 봤습니다. 나가사와 마사미 주연 이라는 것만 알고 봤는데.. 생각과는 달리, 하이틴 로맨스물이라기 보다는 휴먼 드라마에 가까운 영화였습니다. 큰 사건으로 인해 트라우마를 겪는 남녀의 모습을 섬세하게 보여줍니다.",
    "rating": "9",
    "date": "14.10.30"
  },
  {
    "review_id": "9329682",
    "movie_id": "100075",
    "author": "sky1****",
    "review": "따뜻함이 느껴지는 아름다운 영화 다시한번 보고싶다.",
    "rating": "1",
    "date": "14.10.30"
  },
  {
    "review_id": "9329271",
    "movie_id": "100075",
    "author": "haya****",
    "review": "따뜻함이 느껴지는 영화~",
    "rating": "10",
    "date": "14.10.30"
  }
]