[
  {
    "review_id": "10162491",
    "movie_id": "100098",
    "author": "moni****",
    "review": "니노미야카즈나리의연기가독보임",
    "rating": "10",
    "date": "15.07.30"
  },
  {
    "review_id": "10113435",
    "movie_id": "100098",
    "author": "aldj****",
    "review": "솔직히 지루했어요. 초반부터 쭉 뭔가 몰입도가 아쉬운 영화",
    "rating": "3",
    "date": "15.07.17"
  },
  {
    "review_id": "10063379",
    "movie_id": "100098",
    "author": "juli****",
    "review": "이상하고 허접한 재미없는 영화 잘 봤습니다.",
    "rating": "2",
    "date": "15.07.03"
  },
  {
    "review_id": "10050696",
    "movie_id": "100098",
    "author": "doem****",
    "review": "이러나저러나 니즈의 연기가 절호조(=최상)였습니다.",
    "rating": "10",
    "date": "15.06.29"
  },
  {
    "review_id": "9770277",
    "movie_id": "100098",
    "author": "ke_y****",
    "review": "일본영화 오랜만에 보는데 재밌네요",
    "rating": "10",
    "date": "15.03.10"
  },
  {
    "review_id": "9715938",
    "movie_id": "100098",
    "author": "chun****",
    "review": "나름 괜찮았다 다만 .. 뭔가 몰입하기 힘든 부분이 있었다면 주연배우들 연기력..? 토요카와에츠시  제외한ㅎ..",
    "rating": "9",
    "date": "15.02.20"
  },
  {
    "review_id": "9469301",
    "movie_id": "100098",
    "author": "vm4e****",
    "review": "중반까진 헐리웃급 스릴러, 중-후반부턴 다시 그저그런 일본영화로..",
    "rating": "7",
    "date": "14.12.13"
  },
  {
    "review_id": "9416345",
    "movie_id": "100098",
    "author": "ykdi****",
    "review": "짝퉁 마이너리티 리포트 지만 재밌었어.",
    "rating": "8",
    "date": "14.11.23"
  },
  {
    "review_id": "9233307",
    "movie_id": "100098",
    "author": "ruka****",
    "review": "전형적으로 크게 재미있지도않고 재미없지도 않은 그냥 평타인 영화. 소재는 외국영화에서 하도 많이보던 거라 좀 식상했고, 중간에 추격신이 쓸데없이 너무 길었다. 마지막 내용은 좀 공감갔다. '모글' , '고위인사'' 스포는 자제중.",
    "rating": "7",
    "date": "14.09.21"
  },
  {
    "review_id": "9155879",
    "movie_id": "100098",
    "author": "uki0****",
    "review": "진짜 재밌었어요ㅠ 뭔가 웅어리져서... 원작 소설울 읽어본적이 없는데 한번 읽어보고싶네요.... 니노미야 정말 이뻐요ㅠ",
    "rating": "9",
    "date": "14.09.02"
  },
  {
    "review_id": "9147969",
    "movie_id": "100098",
    "author": "dk72****",
    "review": "재밋음진짜강추히가시노게이고작가님의작품은진짜짱♡니노미야카즈나리잘생김♡♡♡",
    "rating": "10",
    "date": "14.08.30"
  },
  {
    "review_id": "9125271",
    "movie_id": "100098",
    "author": "lhl1****",
    "review": "스즈랑의 존재를 없애지 말지.",
    "rating": "8",
    "date": "14.08.23"
  },
  {
    "review_id": "9104183",
    "movie_id": "100098",
    "author": "yaje****",
    "review": "저 이 영화, 다운받아서 4번째보는 중...",
    "rating": "10",
    "date": "14.08.17"
  },
  {
    "review_id": "8982127",
    "movie_id": "100098",
    "author": "wltn****",
    "review": "결국 다운 받아 봤는데 기대보단 별로지만 괜찮고 좋았습니다!",
    "rating": "10",
    "date": "14.07.30"
  },
  {
    "review_id": "8820854",
    "movie_id": "100098",
    "author": "jayg****",
    "review": "책으로 다시 봐야지 ㅎㅎ",
    "rating": "8",
    "date": "14.06.11"
  },
  {
    "review_id": "8712742",
    "movie_id": "100098",
    "author": "dbzh****",
    "review": "이것도 그다지 재미는 없네",
    "rating": "5",
    "date": "14.05.07"
  },
  {
    "review_id": "8698817",
    "movie_id": "100098",
    "author": "hyun****",
    "review": "스토리 나쁘지 않았어 좀 지루함.. 교훈이 있는 영화 ㅎ",
    "rating": "8",
    "date": "14.05.04"
  },
  {
    "review_id": "8665928",
    "movie_id": "100098",
    "author": "leah****",
    "review": "모든 영화가 원작을 완벽히 살리기 힘들듯이, 이 영화도 결국은 원작의 작품성보다는 낮은 결과물. 다만 오락영화로써는 괜찮다. 그런데 별 높게 준 평점들에 비공감 하는 시키가 있는데 지 재미없는 걸 꼭 밝히고 살아야 적성이 풀리나 ? ㅡㅡ",
    "rating": "8",
    "date": "14.04.22"
  },
  {
    "review_id": "8613940",
    "movie_id": "100098",
    "author": "gade****",
    "review": "니노 정색하고 연기하는데 왜리이 어색하고 오버스러운지.. 팬이라도 쉴드 못쳐줄 수준이었음;; 스토리, 연출은 바닥이고 등장인물들도 매력없고 그냥 전반적으로 전부 기대이하...",
    "rating": "1",
    "date": "14.03.29"
  },
  {
    "review_id": "8609129",
    "movie_id": "100098",
    "author": "sky3****",
    "review": "다 좋았는데 개봉관 진짜...ㅋ",
    "rating": "10",
    "date": "14.03.26"
  },
  {
    "review_id": "8586513",
    "movie_id": "100098",
    "author": "0905****",
    "review": "초반의 스릴러적인 분위기에서 후반부의 교훈적인 분위기로 가는 중간이 조금 느러진느낌이 든다. 그러나 니노와토요카와 두 주연배우의 연기력은 역시나 이 영화에서도 빛을 바랬다",
    "rating": "8",
    "date": "14.03.18"
  },
  {
    "review_id": "8585324",
    "movie_id": "100098",
    "author": "wina****",
    "review": "재미있다!!! 원작을 안봐서 원작이 어떤지 모르겠지만... 진짜 재미있다!! 라는 말밖에... 정말 잘만든 영화같다",
    "rating": "8",
    "date": "14.03.17"
  },
  {
    "review_id": "8582888",
    "movie_id": "100098",
    "author": "sing****",
    "review": "흠 그냥 그렇네요 니노땜에 봄",
    "rating": "8",
    "date": "14.03.16"
  },
  {
    "review_id": "8582559",
    "movie_id": "100098",
    "author": "sinr****",
    "review": "기대이하 원작을 보고 어떨까 기대를했지만이걸 이렇게 만드냐 원작의틀을 너무깨부신듯 스즈랑이 없어지다니가장 중요한장면 인물이 빠짐 원작을 망치는 영화",
    "rating": "2",
    "date": "14.03.16"
  },
  {
    "review_id": "8551829",
    "movie_id": "100098",
    "author": "sanj****",
    "review": "원작보고 기대했는데  넘 따분해서 내가   다중인격되겠다. 주인공은  왜 저리  초딩같이 작을애를  뽑아놔서   멜로가  코미디같잖아...",
    "rating": "5",
    "date": "14.03.02"
  },
  {
    "review_id": "8548428",
    "movie_id": "100098",
    "author": "dong****",
    "review": "그냥 소설로 봅시다! 저는 소설이 좋은듯",
    "rating": "5",
    "date": "14.03.01"
  },
  {
    "review_id": "8531103",
    "movie_id": "100098",
    "author": "rlae****",
    "review": "놀랍지도 않았던 반전 영화 다른 사람에게 추천하고 싶지는 않네 아 근데 여기 여자 배우 너무 못생겨서 보는내내 토나올뻔 ;; 배우들의 연기들은 좋았다",
    "rating": "5",
    "date": "14.02.23"
  },
  {
    "review_id": "8529593",
    "movie_id": "100098",
    "author": "gall****",
    "review": "일본영화를 좋아하는 극소수 덕후들 말곤 과연 이걸 재밌어 할 사람은 얼마나 될까?   밋밋하고 긴장감 없는 연출과 꼬꼬마 고딩같은 주인공을 보고있노라니  그저 한숨밖에 안나온다",
    "rating": "3",
    "date": "14.02.22"
  },
  {
    "review_id": "8502674",
    "movie_id": "100098",
    "author": "alee****",
    "review": "니노 연기 굿반전 반전 재미",
    "rating": "9",
    "date": "14.02.13"
  },
  {
    "review_id": "8494336",
    "movie_id": "100098",
    "author": "pass****",
    "review": "탁월한 감독이다. 뭘 믿고 2시간 10여분을 채웠을까?",
    "rating": "3",
    "date": "14.02.10"
  },
  {
    "review_id": "8444669",
    "movie_id": "100098",
    "author": "ichi****",
    "review": "니노미야카즈나리 외모에도 반하고 연기력에도 반하고 정말 최고",
    "rating": "10",
    "date": "14.01.29"
  },
  {
    "review_id": "8438548",
    "movie_id": "100098",
    "author": "tjwj****",
    "review": "난괜찮던데...악평이왜케많지..내가팬이라서그런가?ㅎ",
    "rating": "10",
    "date": "14.01.28"
  },
  {
    "review_id": "8434126",
    "movie_id": "100098",
    "author": "epst****",
    "review": "차라리 애니였다면.. 이 좋은 소재를 너무나 지루하게 만듬. 영화는 영화답게 만들었다면 좋았을 것을 영화를 애니처럼 만듬. 눈앞에서 자꾸 범인을 놓치는 엉성한 연출두 못봐주겠음... 한마디로 지루한 영화.",
    "rating": "3",
    "date": "14.01.27"
  },
  {
    "review_id": "8430152",
    "movie_id": "100098",
    "author": "cmhc****",
    "review": "재미는 있는데 원작은 잘 못 살린듯...",
    "rating": "8",
    "date": "14.01.26"
  },
  {
    "review_id": "8403752",
    "movie_id": "100098",
    "author": "dntn****",
    "review": "니노 오랜만에 영화로 봐서 넘 귀여웠어♥ 키가 작아서 여자를 아래에서 위로 올려다보는 시선ㅋㅋㅋ화를 내도 귀엽고 뭘해도 귀여워♥ 근데 이번건 연기가 조금~ 별로였어. 중반부로 갈수록 점점 어색해졌거든. 그래도 잘봤어.ㅎㅎ한국 내한좀 해~",
    "rating": "7",
    "date": "14.01.20"
  },
  {
    "review_id": "8399104",
    "movie_id": "100098",
    "author": "lawr****",
    "review": "재미없다.. 연출이 너무 느슨하다.. SF도 미스터리도 스릴러도 액션도 아닌 맛없는 비빔밥같은 영화..",
    "rating": "4",
    "date": "14.01.19"
  },
  {
    "review_id": "8387726",
    "movie_id": "100098",
    "author": "soek****",
    "review": "그냥개존잼..ㅋㅋㅋ",
    "rating": "10",
    "date": "14.01.16"
  },
  {
    "review_id": "8382647",
    "movie_id": "100098",
    "author": "seo7****",
    "review": "영화는 괜첞았음.. 근데..? 최첨단 기술로 무장한 일본 방범시스템에는 휴대폰 위치추적시스템따위는 없는듯...!",
    "rating": "10",
    "date": "14.01.14"
  },
  {
    "review_id": "8381389",
    "movie_id": "100098",
    "author": "alsw****",
    "review": "추격전은 좀 지루한 면이 있었지만내용 자체는 좋았다.후반부에 갑자기 급하게 전개되는 느낌이 있었다.원작에 자세히 나오는 것 같은데 꼭 봐야겠다.",
    "rating": "10",
    "date": "14.01.14"
  },
  {
    "review_id": "8366708",
    "movie_id": "100098",
    "author": "hyun****",
    "review": "10점짜리는 아니지만 8점으로 만들려고",
    "rating": "10",
    "date": "14.01.10"
  },
  {
    "review_id": "8331353",
    "movie_id": "100098",
    "author": "wjsg****",
    "review": "원작을 모르기에 원작과 영화를 비교해 가며 평가를 내릴 수는 없지만, 재밌게 잘 봤습니다. 그런데 후반에 갈 수록 이해 할 수 없던 부분이 조금 있었던것 같아요.. 원작을 한번 봐야겠네요 ㅎㅎ",
    "rating": "8",
    "date": "14.01.01"
  },
  {
    "review_id": "8322449",
    "movie_id": "100098",
    "author": "jina****",
    "review": "연기자들이 다들 연기파여서 그런지 너무 재미있었고 생각했던거와는 조금 다른 후반부내용도 흥미진진했습니다~~~ 개봉 기대했는데; 개봉을 한 의미가 전혀 없네요.. 그리고 영화 보지도 않고 평점 남기는 사람들은 먼가요;;;",
    "rating": "10",
    "date": "13.12.29"
  },
  {
    "review_id": "8306248",
    "movie_id": "100098",
    "author": "stai****",
    "review": "한심하다 일본영화는 다 왜 이래",
    "rating": "2",
    "date": "13.12.26"
  },
  {
    "review_id": "8301924",
    "movie_id": "100098",
    "author": "prai****",
    "review": "원작이 있는 영화인데 실망않고 잘 봤다.히가시노 게이고의 소설답게 결말이 흥미진진했다",
    "rating": "10",
    "date": "13.12.25"
  },
  {
    "review_id": "8279066",
    "movie_id": "100098",
    "author": "sani****",
    "review": "니노 연기는 대박이었지만 상영관 진짜 골때리더라; 니노연기생각해서 7점",
    "rating": "7",
    "date": "13.12.23"
  },
  {
    "review_id": "8267535",
    "movie_id": "100098",
    "author": "repi****",
    "review": "영화는 다 좋은데 상영관 개수가....",
    "rating": "10",
    "date": "13.12.21"
  },
  {
    "review_id": "8259052",
    "movie_id": "100098",
    "author": "bles****",
    "review": "점점 늘어지니 한숨이 나온다",
    "rating": "5",
    "date": "13.12.21"
  },
  {
    "review_id": "8255171",
    "movie_id": "100098",
    "author": "irdb****",
    "review": "니노 팬이라서 봤는데 괜찮긴 한데 책의 내용과 많이 벗어나서 좀 그랬음....좀 많이 벗어나서... 책 겁나 재밌었는데ㅠㅠ",
    "rating": "10",
    "date": "13.12.20"
  },
  {
    "review_id": "8254029",
    "movie_id": "100098",
    "author": "addi****",
    "review": "원작소설이랑 비교해가면서 보는 맛이 있네요 시간대랑 상영관은 좀 아쉽",
    "rating": "10",
    "date": "13.12.20"
  },
  {
    "review_id": "8253570",
    "movie_id": "100098",
    "author": "yuna****",
    "review": "국내개봉은 좋은데 지방에 사는사람은 어떻게보라고 전부 서울이나 검단에서 합니까 ㅜㅜ 서울까지 3~4시간 걸립니다",
    "rating": "10",
    "date": "13.12.20"
  },
  {
    "review_id": "8241351",
    "movie_id": "100098",
    "author": "kmwa****",
    "review": "너무 반전이 약하게 다가왔달까요 .. 중간 흐름이 자연스럽지 않은 느낌도 있고 좀 실망스러웠어요 ...",
    "rating": "6",
    "date": "13.12.19"
  },
  {
    "review_id": "8236604",
    "movie_id": "100098",
    "author": "luxu****",
    "review": "이런 영화도 있었군 이거 뭐..일본판 마이너리티리포트인가...??",
    "rating": "1",
    "date": "13.12.19"
  },
  {
    "review_id": "8236487",
    "movie_id": "100098",
    "author": "anon****",
    "review": "니노미야 팬이면 참고 볼듯.마이너리티 리포트와 유사한 설정.이 영화가 말하는 주제는 알겠으나,sf스릴러를 가장한 범죄 드라마일뿐.초반부는 괜찮음.중반부터 늘어지고 범인추측이 가능해짐.마이너리티 리포트+이중인격+인간의본질 합친 지루한 드라마영화..",
    "rating": "5",
    "date": "13.12.19"
  },
  {
    "review_id": "8231782",
    "movie_id": "100098",
    "author": "bawa****",
    "review": "가볍게 보기에도 좋은 스토리와 연출에 살짝살짝 보여주는 감독의 세계관이 보는 이에 따라 전달되는 의미가 매우 달라 질수 있다는 점 또한 재미있고 인상적이다. 영화가 끝난 후 인간의 본질과 본성에 대해 다시 한번 깊게 생각해 보는 기회가 되었다.",
    "rating": "10",
    "date": "13.12.18"
  },
  {
    "review_id": "8227093",
    "movie_id": "100098",
    "author": "allr****",
    "review": "니노를 스크린으로 보게되어 완전좋았음!!!근데 상영광&상영시간..이건뭐 한국팬들과 싸우자는건가..니노를위해 친구와 외박을했다..ㅠㅠㅠㅠ",
    "rating": "10",
    "date": "13.12.18"
  },
  {
    "review_id": "8226575",
    "movie_id": "100098",
    "author": "lees****",
    "review": "개봉을 했으면 전국개봉을 하던가  몇군데만 하면 어쩌러는 거임",
    "rating": "10",
    "date": "13.12.18"
  },
  {
    "review_id": "8220535",
    "movie_id": "100098",
    "author": "redo****",
    "review": "재미없음 재미없음 재미없음 재미없음 재미없음 재미없음 재미없음 재미없음 재미없음 재미없음 재미없음 재미없음 재미없음 재미없음 재미없음",
    "rating": "1",
    "date": "13.12.17"
  },
  {
    "review_id": "8219279",
    "movie_id": "100098",
    "author": "naof****",
    "review": "팬심은 10점. 냉정하게 조금 감점. ...제가 아는 플래티나데이터가 아니었어요. 그런데. 다른 점을 찾는 것도 즐거운 일이겠죠 ㅎㅎ 비교적 괜찮았습니다♡",
    "rating": "9",
    "date": "13.12.16"
  },
  {
    "review_id": "8218621",
    "movie_id": "100098",
    "author": "sage****",
    "review": "내가 봤던 책은 좀 더 긴장됐었는데...히가시노게이고의 팬이라서 봤는데 뭔가 안타깝....그렇지만 의외로 니노미야의 연기가 괜찮았다...조금이지만 ㅠㅠ",
    "rating": "7",
    "date": "13.12.16"
  },
  {
    "review_id": "8218419",
    "movie_id": "100098",
    "author": "mhr7****",
    "review": "히가시노 게이고를 좋아하는 한 팬으로서 이 영화에 굉장히 실망이 컸다 뭣보다 원작에서 가장 중요한 장면과 캐릭터를 아예 빼버렸기에 원작을 보지 않은 사람들은 아마 중후반부에 이해하기 어려울지도",
    "rating": "5",
    "date": "13.12.16"
  },
  {
    "review_id": "8218383",
    "movie_id": "100098",
    "author": "sher****",
    "review": "원작의 50%에도 채 못 미치는 퀄리티. 기대한만큼 실망스러움.",
    "rating": "5",
    "date": "13.12.16"
  },
  {
    "review_id": "8216913",
    "movie_id": "100098",
    "author": "rlar****",
    "review": "지금 장난하낰ㅋㅋㅋ 내가 개봉일을 얼마나 기다려왔는데 전국 개봉 안하는게 말이가 .. 서울도 새벽시간 ㄱㅋㅋ대체 예매매진되는 영화를 왜 이렇게 안밀어주는 거임",
    "rating": "10",
    "date": "13.12.15"
  },
  {
    "review_id": "8216659",
    "movie_id": "100098",
    "author": "gaqw****",
    "review": "개봉관 좀 어떻게 해주세요ㅠㅠ",
    "rating": "10",
    "date": "13.12.15"
  },
  {
    "review_id": "8216491",
    "movie_id": "100098",
    "author": "8327****",
    "review": "니노의 이중인격연기 두근거리네요♥",
    "rating": "10",
    "date": "13.12.15"
  },
  {
    "review_id": "8215719",
    "movie_id": "100098",
    "author": "y648****",
    "review": "이 작품 책으로 먼저 읽어봤는데요 역시 히가시노 게이고 작품이라그런지 반전의 반전입니다 재미있어요",
    "rating": "10",
    "date": "13.12.15"
  },
  {
    "review_id": "8215095",
    "movie_id": "100098",
    "author": "chl1****",
    "review": "왜 전국개봉 안해주나요 .. 지방팬들은 어쩌라고;;",
    "rating": "10",
    "date": "13.12.15"
  },
  {
    "review_id": "8214865",
    "movie_id": "100098",
    "author": "zzaz****",
    "review": "전국 개봉을 해야 보지요 ,,,",
    "rating": "10",
    "date": "13.12.14"
  },
  {
    "review_id": "8214096",
    "movie_id": "100098",
    "author": "rams****",
    "review": "보고싶은데 보라는거야말라는거야;;",
    "rating": "10",
    "date": "13.12.14"
  },
  {
    "review_id": "8214030",
    "movie_id": "100098",
    "author": "shan****",
    "review": "니노니노니노니노니노니노밍",
    "rating": "10",
    "date": "13.12.14"
  },
  {
    "review_id": "8212676",
    "movie_id": "100098",
    "author": "jjon****",
    "review": "와 거의 반년넘게 한국개봉 기다린 사람입니다 정말 실망입니다 도키엔터.... 어쩜.... 인천사는데 검단? 저희집에서 2시간걸립니다 역도없고요 아 그리고 검단가는 사람도 못가요 밤12시넘는 영화를 졸려서 어떻게 봐요 보다가 잘듯해요 상영관그리고",
    "rating": "10",
    "date": "13.12.14"
  },
  {
    "review_id": "8210523",
    "movie_id": "100098",
    "author": "seig****",
    "review": "니노ㅜㅜ 푸른불꽃의 연기력은 아니지만, 믿고봄",
    "rating": "10",
    "date": "13.12.13"
  },
  {
    "review_id": "8210002",
    "movie_id": "100098",
    "author": "dani****",
    "review": "히가시노 게이고 정말 좋아하는 작가이고 배우진도 마음에 듭니다 하지만 히가시노 게이고 영화는 거의 우리나라에서는 말아먹는 것같네요 ㅠㅠ",
    "rating": "10",
    "date": "13.12.12"
  },
  {
    "review_id": "8209616",
    "movie_id": "100098",
    "author": "dbm0****",
    "review": "다 좋은데 전국개봉은 왜 안해주는 거임",
    "rating": "10",
    "date": "13.12.12"
  },
  {
    "review_id": "8209432",
    "movie_id": "100098",
    "author": "3104****",
    "review": "큰스크린으로 볼 수 있어서 행복근데 전국개봉이 아닌것은 아쉽 ㅠ",
    "rating": "10",
    "date": "13.12.12"
  },
  {
    "review_id": "8209252",
    "movie_id": "100098",
    "author": "1998****",
    "review": "제발 전국 개봉좀해주세요!!!!경기도도 안해주시나여...?ㅜㅠㅠ",
    "rating": "10",
    "date": "13.12.12"
  },
  {
    "review_id": "8209136",
    "movie_id": "100098",
    "author": "kagi****",
    "review": "진짜 재밌고 좋은데 상영시간이랑 상영관 뭐야;;; dvd는 나오려나..??",
    "rating": "10",
    "date": "13.12.12"
  },
  {
    "review_id": "8209010",
    "movie_id": "100098",
    "author": "hkhk****",
    "review": "여러가지를생각하게한영화였숩니다.연기도좋았구생각보다 보고 느낄점이많았어요.배경음악도너무좋았습니다!!",
    "rating": "10",
    "date": "13.12.12"
  },
  {
    "review_id": "8208916",
    "movie_id": "100098",
    "author": "dark****",
    "review": "전북지역에도 좀...;ㅅ;",
    "rating": "10",
    "date": "13.12.12"
  },
  {
    "review_id": "8208671",
    "movie_id": "100098",
    "author": "cult****",
    "review": "포인트랄까, 관점을 달리 해서 또 보고 싶네요 ㅠㅠ",
    "rating": "8",
    "date": "13.12.12"
  },
  {
    "review_id": "8208293",
    "movie_id": "100098",
    "author": "wine****",
    "review": "초반부까지는 괜찮았는데 중간부터랑 결말은 은근 추리가 있어서 바로바로 이해가 안갔음...",
    "rating": "6",
    "date": "13.12.12"
  },
  {
    "review_id": "8208286",
    "movie_id": "100098",
    "author": "yany****",
    "review": "마이너리티 리포트랑 똑같은데? 이거 볼 바에 그거 다시 보겠음",
    "rating": "1",
    "date": "13.12.12"
  },
  {
    "review_id": "8207539",
    "movie_id": "100098",
    "author": "viga****",
    "review": "국내개봉까지는 좋았는데..샹ㅋㅋ상영관  상영시간 이거뭐 나랑 장난치자는거임?",
    "rating": "10",
    "date": "13.12.12"
  },
  {
    "review_id": "8207453",
    "movie_id": "100098",
    "author": "godj****",
    "review": "결론만말하면 이중인격 이야기.. 그냥 그래요. soso. 기억에 남지않는 영화.",
    "rating": "3",
    "date": "13.12.12"
  }
]