[
  {
    "review_id": "10202520",
    "movie_id": "100021",
    "author": "coun****",
    "review": "종교철학영화로 신의자녀인 인간이 신이만든 이세계에서 사랑의신앙을 구현해야 한다는.인류를위해, 우주를위해 지구인의 사명임을 역설.신의 피조물인 모든 것들은 령으로서 하나.군사국으로 회귀중인 일본 군국주의,제국주의에 일침을 가하는,일본인들이 봐야 할 영화",
    "rating": "10",
    "date": "15.08.08"
  },
  {
    "review_id": "9877972",
    "movie_id": "100021",
    "author": "hoy1****",
    "review": "아... 진심으로 할 말이 없다.",
    "rating": "1",
    "date": "15.04.29"
  },
  {
    "review_id": "8178079",
    "movie_id": "100021",
    "author": "ccpp****",
    "review": "\"그래, 우리 힘을 합쳐 지구의 평화를 지키자!!\" 후레시맨 이후로 처음 듣는 유치한 대사들의 향연",
    "rating": "1",
    "date": "13.11.29"
  },
  {
    "review_id": "8178078",
    "movie_id": "100021",
    "author": "rame****",
    "review": "신흥군사강대국의 등장으로 인한 세계정세 불안과 세계적 독재자의 등장. 초반 설정은 흥미로웠는데, 불타 나오고 금성공주 나오고, 악마 나오고 유령병사에 용에 … 개판된 판타지",
    "rating": "1",
    "date": "13.11.29"
  },
  {
    "review_id": "8178077",
    "movie_id": "100021",
    "author": "kpcc****",
    "review": "\"인류는 죄를 범했다. 그 죄란 신앙이 약한 것이다!!\", \"내 말을 믿는다면 함께 기도해주길 바란다. 지구와 지구에 사는 모든 사람들을 위해서!!\", 이딴 개소리가 판치는 이런 종교영화 너무 밥맛이넹",
    "rating": "1",
    "date": "13.11.29"
  },
  {
    "review_id": "8023699",
    "movie_id": "100021",
    "author": "dalo****",
    "review": "0.001점은 없는건가요??",
    "rating": "1",
    "date": "13.09.30"
  },
  {
    "review_id": "8009599",
    "movie_id": "100021",
    "author": "qlcp****",
    "review": "일본.우익.종교.단체가 만든게 확실함. 별은 지옥에서나 줘야 할 쓰레기 애니임.",
    "rating": "1",
    "date": "13.09.22"
  },
  {
    "review_id": "7927275",
    "movie_id": "100021",
    "author": "qnfx****",
    "review": "내용이신선하네요",
    "rating": "10",
    "date": "13.08.27"
  },
  {
    "review_id": "7754466",
    "movie_id": "100021",
    "author": "choi****",
    "review": "잘시간줄여서 받아본게 아깝다겉으로 평화가 어쨌네 저쨌네하면서울나라하고 중국이 지네 위협될성싶으니 한나라로묶어서 그려놨네열도 털린것도 힘이 없어 털린거고주인공은는 도저히 통일교 문선명할배말고는 생각안됨시간아깝다",
    "rating": "1",
    "date": "13.07.18"
  },
  {
    "review_id": "7741307",
    "movie_id": "100021",
    "author": "rlag****",
    "review": "전쟁, 평화... 둘 중 우리는 지금 어떤 미래로 가고 있는가?",
    "rating": "6",
    "date": "13.07.14"
  },
  {
    "review_id": "7561752",
    "movie_id": "100021",
    "author": "khak****",
    "review": "1점도 아깝네요 ㅋㅋ 거기에 더해서 더빙 오글거리는 말투가 거슬림",
    "rating": "1",
    "date": "13.05.29"
  },
  {
    "review_id": "7538949",
    "movie_id": "100021",
    "author": "jeun****",
    "review": "1점도 아까울 정도. 일본인 자위용 애니. 내가 본 애니 중에 가장 최악",
    "rating": "1",
    "date": "13.05.18"
  },
  {
    "review_id": "7501528",
    "movie_id": "100021",
    "author": "kims****",
    "review": "이젠 초딩이 시나리오쓰나?   뭘 이야기 하고 싶은거야 미친~",
    "rating": "1",
    "date": "13.05.02"
  },
  {
    "review_id": "7493637",
    "movie_id": "100021",
    "author": "guev****",
    "review": "스토리 자체가 허술해서 영화적 흥미가 전혀 없군",
    "rating": "1",
    "date": "13.04.29"
  },
  {
    "review_id": "7477021",
    "movie_id": "100021",
    "author": "yang****",
    "review": "재미 더럽게없다..1점준거중 한국영화 9~10점주는 매미OO있네.",
    "rating": "1",
    "date": "13.04.23"
  },
  {
    "review_id": "7454487",
    "movie_id": "100021",
    "author": "1231****",
    "review": "불타재탄과 비슷한 류의 신흥종교 애니인가. 불타재탄도 그렇지만, 아무 그대를 접고 보면 꽤 볼만할수도 있다. 기묘할 정도로 스케일도 크고.",
    "rating": "6",
    "date": "13.04.12"
  },
  {
    "review_id": "7447697",
    "movie_id": "100021",
    "author": "zaek****",
    "review": "평화에 대한 작은 메세지라 생각합시다. 맨날 아이들에게 찔러 죽이는 것만 보여주는게 다가 아닌 그런의미로..허나 댓글보니 지구가 멸망해도 아쉬울것 하나도 없겠네..",
    "rating": "10",
    "date": "13.04.10"
  },
  {
    "review_id": "7441856",
    "movie_id": "100021",
    "author": "jhms****",
    "review": "뭐 이딴 애니를 만들었어. 배경도 이상하고 스토리 계연성도 적고 액션도 ㅈ망",
    "rating": "1",
    "date": "13.04.07"
  },
  {
    "review_id": "7441427",
    "movie_id": "100021",
    "author": "gosu****",
    "review": "사랑과관용으로용서해줄께",
    "rating": "1",
    "date": "13.04.07"
  },
  {
    "review_id": "7441264",
    "movie_id": "100021",
    "author": "hard****",
    "review": "뭐하나 제대로 된 내용이 없는 사이비 짬뽕 스토리, 작가는 나라, 종교, 군사, 인간 그 무엇하나 제대로 알고 있는 것도 이해하는 것도 없다. 기술력까지 ...일본애니 나락까지 갔구나.",
    "rating": "1",
    "date": "13.04.07"
  },
  {
    "review_id": "7435792",
    "movie_id": "100021",
    "author": "anti****",
    "review": "40분쯤에 20초간 진행되는 장 레이카의 신음소리만 기억날뿐... 그림체는 괜찮았지만 스토리는 삼류 야애니급이었다",
    "rating": "1",
    "date": "13.04.05"
  },
  {
    "review_id": "7435772",
    "movie_id": "100021",
    "author": "zrol****",
    "review": "세상의모든종교의 신은 하나의 영혼에서 비롯됬고 그 신의 영혼을 가진 미래를 보는자가 가면쓴 싸이코 악마 천재과학자에 슬픈과거있던 초능력자 독재자를 처막는데 중간에 외계인이 개입함 엔딩은 세일러문에 나올만한 마법봉으로 원기옥사용 막장애니의 끝판왕",
    "rating": "1",
    "date": "13.04.05"
  },
  {
    "review_id": "7434044",
    "movie_id": "100021",
    "author": "redm****",
    "review": "어처구니가 없구나 원숭이들아 당췌 너네 섬나라인간들은 답이 없는거니??정말로 나라가 가라앉아서 멸족되야 하는건가부다",
    "rating": "1",
    "date": "13.04.04"
  },
  {
    "review_id": "7433208",
    "movie_id": "100021",
    "author": "ps14****",
    "review": "해피 사이언스라는 사이비 종교의 총재가.....쓴 소설이 원작이라는듯...........부처까지는 그런가보다했다......외계인을 부르는 법.....병맛이 이런거구나했다.",
    "rating": "1",
    "date": "13.04.03"
  },
  {
    "review_id": "7431820",
    "movie_id": "100021",
    "author": "haca****",
    "review": "꽤 많은 정성과 자금이 투입 된 듯 하다. 그 나라 국민들의 생각을 참고할 만한 영상으로서 볼만한 가치는 있다. (일본인들이 자기자신과 세계을 어떻게 평가하고 어느정도 깊이가 있는지 브리핑 해주는 영화.)",
    "rating": "1",
    "date": "13.04.03"
  },
  {
    "review_id": "7431436",
    "movie_id": "100021",
    "author": "tree****",
    "review": "보면서 이상하다 했더니 리뷰에 있네요.. 일본우익애들이 만든것 같은 만화.. 성우들 손발 오그라 들어서 힘드셨을거 같네요..",
    "rating": "1",
    "date": "13.04.03"
  },
  {
    "review_id": "7430501",
    "movie_id": "100021",
    "author": "quie****",
    "review": "내용음 김치맨에게 감동을 주지만 너무단순하고 마치 유아용종교편을 보는거같은누낌.. 평점을 이렇게줄수밖에없다",
    "rating": "1",
    "date": "13.04.02"
  },
  {
    "review_id": "7430016",
    "movie_id": "100021",
    "author": "kilh****",
    "review": "알바 너무하네요 이건 점수주기도 아까운 내용을가진 애니",
    "rating": "1",
    "date": "13.04.02"
  },
  {
    "review_id": "7429916",
    "movie_id": "100021",
    "author": "rlaa****",
    "review": "신선한 충격과 메세지를 전하는 영화이다.선과 악, 지구상에 존재하는 모든 종교들, 분쟁들을 다시 한번 돌아보며사랑과 관용을 가지며 내가 존재하는 지구를 위해 자신을 되돌아보고 반성하게 되는 교훈을 준다.",
    "rating": "10",
    "date": "13.04.02"
  },
  {
    "review_id": "7271314",
    "movie_id": "100021",
    "author": "audg****",
    "review": "영화 맞습니까? 반에들이랑같이보다 요절할뻔ㅡㅡ마지막에 원기옥쓰는거보고 박수쳤다.",
    "rating": "1",
    "date": "13.02.16"
  },
  {
    "review_id": "7120932",
    "movie_id": "100021",
    "author": "love****",
    "review": "추천 추천",
    "rating": "10",
    "date": "13.01.16"
  },
  {
    "review_id": "7083597",
    "movie_id": "100021",
    "author": "kill****",
    "review": "메시지는 둘째치고 너무 재미가 없다. ‘세계모든종교짱짱짱‘이런 내용 -.-",
    "rating": "5",
    "date": "13.01.05"
  },
  {
    "review_id": "6959140",
    "movie_id": "100021",
    "author": "baks****",
    "review": "신비의법?아동청소년보호법?정말 신기하긴,시기하지.프로게이머가 국제경기중에,셧다운제 지킬라고,접속 끊고,G.G.를 선언할 정도니...이세상 그어디에도 없는,@신비의법@이긴 하다만...왠지 쪽 팔리네.역시...그따위법.여성 가족부나 지키고 살아라.(웃음)",
    "rating": "10",
    "date": "12.12.02"
  },
  {
    "review_id": "6955711",
    "movie_id": "100021",
    "author": "wind****",
    "review": "아름다운 영상에 애니의 질도 아주 훌륭했어요. 지구의 동서 역사와 미래를 관통하는  심오한 내용까지. . .",
    "rating": "10",
    "date": "12.12.01"
  },
  {
    "review_id": "6936130",
    "movie_id": "100021",
    "author": "rkdx****",
    "review": "헐...이게 왜 10점 씩이나???",
    "rating": "5",
    "date": "12.11.29"
  },
  {
    "review_id": "6935530",
    "movie_id": "100021",
    "author": "chof****",
    "review": "10점~!",
    "rating": "10",
    "date": "12.11.29"
  }
]