[
  {
    "review_id": "8975051",
    "movie_id": "100109",
    "author": "love****",
    "review": "여주 진짜 멍청함..왜 나왓음???",
    "rating": "1",
    "date": "14.07.28"
  },
  {
    "review_id": "8443115",
    "movie_id": "100109",
    "author": "mast****",
    "review": "1편 보다는 확실히 나아서 나름 재밌게 봤다.나치 좋아하는 녀석들은 좋아할 영화.",
    "rating": "8",
    "date": "14.01.29"
  },
  {
    "review_id": "8049386",
    "movie_id": "100109",
    "author": "bles****",
    "review": "액션도 꽝 스릴도 꽝 다음편도?",
    "rating": "2",
    "date": "13.10.10"
  },
  {
    "review_id": "8018449",
    "movie_id": "100109",
    "author": "leeg****",
    "review": "괜찮아여 전편만큼은 아니어도",
    "rating": "8",
    "date": "13.09.27"
  },
  {
    "review_id": "7912690",
    "movie_id": "100109",
    "author": "fkil****",
    "review": "대체적으로 배경색이 밝아서 전편의 어두움속의 잔인함과 긴장감은 없지만.전편에서 나온 배우가 잠깐 나옵니다.",
    "rating": "5",
    "date": "13.08.22"
  }
]