[
  {
    "review_id": "10271843",
    "movie_id": "100203",
    "author": "jump****",
    "review": "러닝타임이 길어서 그런지 좀 지루했고 범인이 누군지 알게된 후에 진행이 좀 느린감이 있었음",
    "rating": "3",
    "date": "15.08.24"
  },
  {
    "review_id": "10210525",
    "movie_id": "100203",
    "author": "seoe****",
    "review": "최고다 . 휴잭맨과 제이크질렌할의 연기력, 퍼즐을맞추듯이 연결되는 상황에 소름돋음ㅜㅜㅜ  마지막 형사가 질주를하면서 아이살리려고 계속말하는 혼잣말이 정말 감동적",
    "rating": "10",
    "date": "15.08.09"
  },
  {
    "review_id": "10204748",
    "movie_id": "100203",
    "author": "lsy_****",
    "review": "어려웠지만 작품성이 최고..",
    "rating": "10",
    "date": "15.08.08"
  },
  {
    "review_id": "10188693",
    "movie_id": "100203",
    "author": "yepp****",
    "review": "배우들의 굉장한 연기와 굉장한 연출!",
    "rating": "8",
    "date": "15.08.05"
  },
  {
    "review_id": "10178683",
    "movie_id": "100203",
    "author": "nola****",
    "review": "기분 나쁘게 하는 영화ㅠ  몰입감 인정~ 근데 어두운 거 못보시는 분들 보면 싫어하실 듯!",
    "rating": "3",
    "date": "15.08.03"
  },
  {
    "review_id": "10169000",
    "movie_id": "100203",
    "author": "oys7****",
    "review": "젠장 영화를 너무 많이 봤나....범인이 누군지 미리 알다니;;",
    "rating": "10",
    "date": "15.08.01"
  },
  {
    "review_id": "10155803",
    "movie_id": "100203",
    "author": "kenf****",
    "review": "아무말없이 그냥 보자...",
    "rating": "10",
    "date": "15.07.29"
  },
  {
    "review_id": "10148882",
    "movie_id": "100203",
    "author": "visi****",
    "review": "휴잭맨을 제압하는 슈퍼할머니 ㅡㅡ",
    "rating": "8",
    "date": "15.07.27"
  },
  {
    "review_id": "10144023",
    "movie_id": "100203",
    "author": "tell****",
    "review": "드니 빌뇌브감독었구나. 이분영화는 숨은 의미를 찾는 재미가있죠. 신부랑 숙모가 한말 잘 생각하시면서 보심 더 재밋습니다.",
    "rating": "9",
    "date": "15.07.26"
  },
  {
    "review_id": "10136691",
    "movie_id": "100203",
    "author": "jjon****",
    "review": "두시간이 넘는 영화지만 전혀 지루하지 않았다. 잔잔한듯하면서도 잔잔하지않는 긴장감이 좋았다",
    "rating": "10",
    "date": "15.07.24"
  },
  {
    "review_id": "10126082",
    "movie_id": "100203",
    "author": "digi****",
    "review": "몰입도는 있으나, 어디선가 본듯한 스토리....경찰의 수사과정이 너무 허접한것도 옥에티...보면서 내가다 알아차릴 사건.. 이런류의 영화좀 본사람이라면....",
    "rating": "6",
    "date": "15.07.21"
  },
  {
    "review_id": "10108626",
    "movie_id": "100203",
    "author": "sama****",
    "review": "배우들 모두 연기 너무 잘한다. 정말 너무 잘해. 내용도 훌륭하고 반전도 좋고, 엔딩도 깔끔하게 마무리 잘한듯. 진심 추천",
    "rating": "10",
    "date": "15.07.16"
  },
  {
    "review_id": "10094391",
    "movie_id": "100203",
    "author": "icec****",
    "review": "마무리만 잘 풀어냈어도, 배우들 연기가 너무 완벽해서 역대급 스릴러가 될 수도 있었는데....",
    "rating": "8",
    "date": "15.07.12"
  },
  {
    "review_id": "10086273",
    "movie_id": "100203",
    "author": "gb64****",
    "review": "굿 완전재밋어요 대박인듯",
    "rating": "10",
    "date": "15.07.10"
  },
  {
    "review_id": "10077517",
    "movie_id": "100203",
    "author": "pepe****",
    "review": "꿀잼이네 가을에보면 딱이겠다",
    "rating": "9",
    "date": "15.07.07"
  },
  {
    "review_id": "10074678",
    "movie_id": "100203",
    "author": "yona****",
    "review": "지나치게 지루했다. 특히나 경찰의 삽질과 아버지의 준비없는 살인자집 방문장면에선 짜증이 일었다. 와 결국 이럴거면서 그토록 스토리를 질질 끌었던거야? 끝으로 히고 싶은말은 알렉스 불쌍해",
    "rating": "6",
    "date": "15.07.06"
  },
  {
    "review_id": "10074393",
    "movie_id": "100203",
    "author": "terr****",
    "review": "종합 평점은 7점 드립니다.",
    "rating": "7",
    "date": "15.07.06"
  },
  {
    "review_id": "10068618",
    "movie_id": "100203",
    "author": "ster****",
    "review": "'죄수들'의 죄는 누가 사하여 주나",
    "rating": "10",
    "date": "15.07.04"
  },
  {
    "review_id": "10062945",
    "movie_id": "100203",
    "author": "2001****",
    "review": "한시도 지루할 틈 없었던 영화.",
    "rating": "9",
    "date": "15.07.02"
  },
  {
    "review_id": "10056840",
    "movie_id": "100203",
    "author": "ckh0****",
    "review": "장담하는데 한국에 이정도의 연기력과 연출 그리고 이런 영화는 20년 뒤쯤에나 나올것이다.휴잭맨 제이크질렌할 그외 조연들..진짜 OOO기력이 뭔지 제대로 보여준다.리얼함를 극대화 시킨 그들의 연기에 찬사를보낸다",
    "rating": "10",
    "date": "15.07.01"
  },
  {
    "review_id": "10037009",
    "movie_id": "100203",
    "author": "side****",
    "review": "제이크질렌할...:) 최고",
    "rating": "10",
    "date": "15.06.26"
  },
  {
    "review_id": "10032312",
    "movie_id": "100203",
    "author": "sin3****",
    "review": "관객을 두시간 반이나 붙잡아두고 했어야 할 이야기치고는 너무 허술하지 않은가",
    "rating": "7",
    "date": "15.06.25"
  },
  {
    "review_id": "10025561",
    "movie_id": "100203",
    "author": "love****",
    "review": "켈러가 교도관이었고, 로키는 과거 소년원에 있었다고 했죠. 왜 그걸 굳이 대사 사이에 억지로 넣어 알려주려하나, 혹시 과거 둘 사이에 접점이라도 있었던 것인가?생각했는데..그건 아니었군요. 단지 선과 악의 혼재, 바뀐 처지와 상황의 아이러니. 그 뿐?",
    "rating": "8",
    "date": "15.06.24"
  },
  {
    "review_id": "10022810",
    "movie_id": "100203",
    "author": "suo9****",
    "review": "초중반의 지루함이 아쉽지만 잘봤습미다",
    "rating": "8",
    "date": "15.06.22"
  },
  {
    "review_id": "10021051",
    "movie_id": "100203",
    "author": "socc****",
    "review": "보는 내내 지루함이 없고 배우들 연기 잘 하고...따봉",
    "rating": "9",
    "date": "15.06.22"
  },
  {
    "review_id": "10019105",
    "movie_id": "100203",
    "author": "deux****",
    "review": "팽팽한 긴장감과 반전까지 무엇하나 빠지지 않는 스토리가 좋은 영화",
    "rating": "9",
    "date": "15.06.21"
  },
  {
    "review_id": "10006609",
    "movie_id": "100203",
    "author": "sind****",
    "review": "밑에 6월4일 00시59분 하니유라혜리님? 평 극공감 합니다 . 네이버 평점보고 이렇게 공감해본적 처음이네요",
    "rating": "10",
    "date": "15.06.17"
  },
  {
    "review_id": "10004832",
    "movie_id": "100203",
    "author": "drmy****",
    "review": "끝까지 결론을 알 수 없는 팽팽한 긴장감이 돋보이는 미스테리스릴러 수작",
    "rating": "9",
    "date": "15.06.16"
  },
  {
    "review_id": "9973625",
    "movie_id": "100203",
    "author": "free****",
    "review": "박평식은 이제 영화평론가라기보단 그냥 성격장애 정신장애자인듯 언어적표현력도 많이 뒤쳐지고",
    "rating": "10",
    "date": "15.06.04"
  },
  {
    "review_id": "9971618",
    "movie_id": "100203",
    "author": "jayu****",
    "review": "영화 아주 잘 만들었네... 이런 영화라면 보는 보람이 있다.",
    "rating": "9",
    "date": "15.06.03"
  },
  {
    "review_id": "9970685",
    "movie_id": "100203",
    "author": "wndg****",
    "review": "해결 된 듯 하지만 찝찝해서 열받는 영화",
    "rating": "9",
    "date": "15.06.02"
  },
  {
    "review_id": "9929819",
    "movie_id": "100203",
    "author": "lang****",
    "review": "아ㅠ 보는 내내 심장 쫄려서 죽을뻔ㅠ 개인적으론 전개가 쪼금만 더 빨랐으면 했음  아이 납치 행방불명은 싫어ㅜㅜ",
    "rating": "8",
    "date": "15.05.18"
  },
  {
    "review_id": "9899933",
    "movie_id": "100203",
    "author": "akwl****",
    "review": "평론가들 뭘 모르네 너무과소평가받은 영화",
    "rating": "10",
    "date": "15.05.06"
  },
  {
    "review_id": "9889003",
    "movie_id": "100203",
    "author": "artj****",
    "review": "와 너무 재밌게 봤네요 와 스릴러영화 좋아하시는 분들이면 감탄할 영화네요 와 최고네요 최고 간만에 영화다운 영화 봤어요!!",
    "rating": "10",
    "date": "15.05.03"
  },
  {
    "review_id": "9887172",
    "movie_id": "100203",
    "author": "marc****",
    "review": "수준있는 스릴러다.몰입감 최고.",
    "rating": "9",
    "date": "15.05.02"
  },
  {
    "review_id": "9886001",
    "movie_id": "100203",
    "author": "wool****",
    "review": "볼 만한 영화라고 생각합니다. 함께 본 사람과 이런 저런 이야기를 나누기에도 좋고요. 다만, 영화 초반에 '저 사람 좀 수상한데. 보통 저런 상황에서 저렇게 대응하나? 범인아냐?' 하고 눈치를 채버렸어요. 그래서 재미가 좀 떨어졌습니다.",
    "rating": "7",
    "date": "15.05.02"
  },
  {
    "review_id": "9882689",
    "movie_id": "100203",
    "author": "cuzi****",
    "review": "피해자의 가족으로서의 절박한 심정. 그로인해 죄를 짓게되는 아이러니까지. 흥미진진하게 잘 표현했다곤 생각하지만. 범인의 범죄의도성이 너무 추상적이라 스토리가 살짝 부족하단 느낌이 드네요.",
    "rating": "7",
    "date": "15.05.01"
  },
  {
    "review_id": "9866224",
    "movie_id": "100203",
    "author": "atar****",
    "review": "폭스캐쳐를 보고나니 프리즈너스가 생각났다 프리즈너스는 또 보기가 겁난다 영화가 너무 버거워서..",
    "rating": "8",
    "date": "15.04.25"
  },
  {
    "review_id": "9851289",
    "movie_id": "100203",
    "author": "namu****",
    "review": "배우들과함께 긴장된 일주일을 보낸 기분, 두 말 필요없이 훌륭한 영화-",
    "rating": "10",
    "date": "15.04.18"
  },
  {
    "review_id": "9842240",
    "movie_id": "100203",
    "author": "pree****",
    "review": "스릴은 정말 최고다! 계속되는 긴장감 속에 손에 땀이 없는 나도 땀이 나는 느낌이다. 하지만 경찰을 믿지 않는 시민과 혼자 다니는 경찰이 답답하긴 하다!",
    "rating": "9",
    "date": "15.04.12"
  },
  {
    "review_id": "9820450",
    "movie_id": "100203",
    "author": "tjsd****",
    "review": "한없이 황폐한 스릴러.",
    "rating": "7",
    "date": "15.04.01"
  },
  {
    "review_id": "9810643",
    "movie_id": "100203",
    "author": "sall****",
    "review": "확실히 장르 영화로서는 정확히 패턴을 따르되 반전이 있는 영화였다",
    "rating": "8",
    "date": "15.03.28"
  },
  {
    "review_id": "9808976",
    "movie_id": "100203",
    "author": "coco****",
    "review": "드뇌 빌뢰브 감독 연출은 정말 어우 와 .. 내 숨통을 만지작 만지작 어루만졌다 꽉 쥐었다 한다 그냥 봐라",
    "rating": "10",
    "date": "15.03.27"
  },
  {
    "review_id": "9808974",
    "movie_id": "100203",
    "author": "ssan****",
    "review": "탄탄한 스토리에 휴잭맨과 제이크 질렌할의연기가 좋았음",
    "rating": "9",
    "date": "15.03.27"
  },
  {
    "review_id": "9808973",
    "movie_id": "100203",
    "author": "cccc****",
    "review": "2시간 반의 러닝타임이 느껴지지 않을 정도로 긴장감 넘치고 몰입감이 있다...",
    "rating": "10",
    "date": "15.03.27"
  },
  {
    "review_id": "9808968",
    "movie_id": "100203",
    "author": "gksd****",
    "review": "잼있네..보면서 막 화두나고 진짜 잘만든영화 폭력은썼지만그래두 입양아들 납치아들 감금해서 수사관이 살인마집에가서 애죽이는거말린셈이니 아버지가 딸구한거네요",
    "rating": "10",
    "date": "15.03.27"
  },
  {
    "review_id": "9787338",
    "movie_id": "100203",
    "author": "dion****",
    "review": "보는내내 심장을 계속 쪼여오는 긴장감 연출,촬영,연기,네러티브 흠잡을때 없네요. 다시 보기 겂나요.",
    "rating": "10",
    "date": "15.03.16"
  },
  {
    "review_id": "9786591",
    "movie_id": "100203",
    "author": "kale****",
    "review": "인생 베스트영화중에 하나라고 말할수있는 최고의영화질렌할과 휴잭맨의연기는 기똥찬다",
    "rating": "10",
    "date": "15.03.16"
  },
  {
    "review_id": "9781379",
    "movie_id": "100203",
    "author": "penn****",
    "review": "영화를 보기 시작한 후 한순간도 딴짓을 할 수 없었다.",
    "rating": "9",
    "date": "15.03.14"
  },
  {
    "review_id": "9776379",
    "movie_id": "100203",
    "author": "ghrm****",
    "review": "그냥 \"대박\" 이거뿐 이영화를왜 지금에서야 봤는지",
    "rating": "10",
    "date": "15.03.13"
  },
  {
    "review_id": "9768546",
    "movie_id": "100203",
    "author": "jdud****",
    "review": "2시간 반동안에도 지루할 틈 없는 탄탄한 스릴러",
    "rating": "9",
    "date": "15.03.09"
  },
  {
    "review_id": "9767233",
    "movie_id": "100203",
    "author": "hars****",
    "review": "곳곳에 복선이 잘 배치된 영화. 사건의 전모를 마지막까지 가늠할 수 없었다",
    "rating": "8",
    "date": "15.03.08"
  },
  {
    "review_id": "9761763",
    "movie_id": "100203",
    "author": "lgic****",
    "review": "끝까지 범인이 누군지 알기힘든 잘 만든 영화다. 마지막에 좀 결말이 깨끗했으면 좋았을걸..",
    "rating": "8",
    "date": "15.03.07"
  },
  {
    "review_id": "9756968",
    "movie_id": "100203",
    "author": "drin****",
    "review": "심리묘사가 좋은영화.",
    "rating": "8",
    "date": "15.03.05"
  },
  {
    "review_id": "9752309",
    "movie_id": "100203",
    "author": "reds****",
    "review": "다시 봐도 2013년 최고 영화 중 하나. 긴 런닝타임이 전혀 아깝지 않은 영화. 극장에서 보길 잘했지. 배우들 연기가 끝내주는데 특히 제이크 질렌할 연기가 가장 좋았음. 일부러 살도 찌우고. 조용하고 회색빛  마을 배경의 분위기가 크게 한 몫함",
    "rating": "10",
    "date": "15.03.02"
  },
  {
    "review_id": "9748312",
    "movie_id": "100203",
    "author": "cycl****",
    "review": "쓸데 없이 길다. 호루라기는 아빠말고 딸이 불어야 제맛이지",
    "rating": "1",
    "date": "15.03.01"
  },
  {
    "review_id": "9745294",
    "movie_id": "100203",
    "author": "eksg****",
    "review": "뒤늦게 봤는데... 이 영화 관객 평점이 왜이리 높았던거지...? 911이 있는데 왜 자기가 위험하게 병원으로? 16명을 죽인 부부가 사는 집인데 수색도 안하나? 땅을 파야지.. 휴 잭맨 아내는 애가 실종 됐는데 약 먹고 잠이나 자고.. 혈압 오름!",
    "rating": "6",
    "date": "15.02.28"
  },
  {
    "review_id": "9723372",
    "movie_id": "100203",
    "author": "kusa****",
    "review": "감정이 이성을 압도할때 무엇이 그것을 막을 수 있을까?",
    "rating": "8",
    "date": "15.02.21"
  },
  {
    "review_id": "9716254",
    "movie_id": "100203",
    "author": "yous****",
    "review": "웰메이드 스릴러 영화의 표본. 정적인 스릴러의 진수. 시종일관 유지되는 긴장감과 영화의 분위기.. 보는 내내 손에 땀을 쥐게 만드는 영화다. 배우들은 말할 것 도 없이 훌륭하다.",
    "rating": "9",
    "date": "15.02.20"
  },
  {
    "review_id": "9707542",
    "movie_id": "100203",
    "author": "star****",
    "review": "간만에 수작을 만났다. 굉장히 치밀한 시나리오에 배우들의 연기 정말 좋았다. 뜨거운 휴잭맨 차가운 질렌할.",
    "rating": "10",
    "date": "15.02.18"
  },
  {
    "review_id": "9704393",
    "movie_id": "100203",
    "author": "pin_****",
    "review": "범죄와 심리를 맛깔나게 섞어 완벽한 명작을 만들어냈다. 각본과 연출, 편집, 배우들 연기까지 모든것이 톱니바퀴처럼 맞물려서 절정을 이루었다. 개인적으로는 본격 폴 다노 입구 영화.  끝나고 필모를 찾아보게 됐다.",
    "rating": "10",
    "date": "15.02.17"
  },
  {
    "review_id": "9693593",
    "movie_id": "100203",
    "author": "dosl****",
    "review": "영화 호흡이 \"쓸데없이\" \"매우\" 느려서 2시간 반이 넘어감..",
    "rating": "6",
    "date": "15.02.13"
  },
  {
    "review_id": "9685396",
    "movie_id": "100203",
    "author": "rizo****",
    "review": "긴장감 및 스토리 전개가 매끄럽다.!",
    "rating": "9",
    "date": "15.02.10"
  },
  {
    "review_id": "9680947",
    "movie_id": "100203",
    "author": "ysu0****",
    "review": "전반적이 스토리는 좋은데 약간 엉성하고 작위적인 부분이 있긴함 연기와 리얼리티한 연출은 최고였음",
    "rating": "8",
    "date": "15.02.08"
  },
  {
    "review_id": "9663362",
    "movie_id": "100203",
    "author": "jshb****",
    "review": "범죄 스릴러 - 긴장감 = 지루함 = 프리즈너스",
    "rating": "1",
    "date": "15.02.03"
  },
  {
    "review_id": "9656233",
    "movie_id": "100203",
    "author": "psm7****",
    "review": "10점까지는 아니다. 허나  8점에서 머물 작품은 더욱 아니다. 예상하기 어려운 전개, 연출과 배우들의 연기가 압권. 종교 이야기가 다소 마음에 들지 않지만 , 이건 각 인물의 '믿음'에 대한 파국이라고 해석할 수도 있을 것 같다.",
    "rating": "10",
    "date": "15.02.01"
  },
  {
    "review_id": "9653758",
    "movie_id": "100203",
    "author": "xhh5****",
    "review": "꿀잼. 다른사람에게 추천할만한 몇안되는 영화에 리스트업~!",
    "rating": "10",
    "date": "15.01.31"
  },
  {
    "review_id": "9652819",
    "movie_id": "100203",
    "author": "jamy****",
    "review": "(연기,연출,줄거리)가 섞인 차가운 음식. 장면이 넘어갈때 일반적인 컷 조절이 아니다. 보는데 '어? 여기서 장면을 마쳐?'를 외치면서 푹 빠져서 본 범죄스릴러. 뻔한듯한 스릴러의 결말로 볼수 있으나 연출만으로도 충분히 볼만한 영화.",
    "rating": "9",
    "date": "15.01.31"
  },
  {
    "review_id": "9633968",
    "movie_id": "100203",
    "author": "tige****",
    "review": "한시간 반짜리였음....",
    "rating": "1",
    "date": "15.01.25"
  },
  {
    "review_id": "9623781",
    "movie_id": "100203",
    "author": "tntc****",
    "review": "살인의 추억같다 살인의 추억같다",
    "rating": "9",
    "date": "15.01.22"
  },
  {
    "review_id": "9612288",
    "movie_id": "100203",
    "author": "kky6****",
    "review": "끝이 ㅜㅜ 구해주고 끝나지ㅜㅜ",
    "rating": "9",
    "date": "15.01.19"
  },
  {
    "review_id": "9612191",
    "movie_id": "100203",
    "author": "rlab****",
    "review": "구성이 정말 탄탄해요오랜만에 몰입해서 봤네요",
    "rating": "10",
    "date": "15.01.19"
  },
  {
    "review_id": "9612190",
    "movie_id": "100203",
    "author": "kai9****",
    "review": "와 진짜 결말 소름.... 미친 시나리오에 정말 소름돋는 결말...",
    "rating": "10",
    "date": "15.01.19"
  },
  {
    "review_id": "9589287",
    "movie_id": "100203",
    "author": "msco****",
    "review": "뭔가 있어보일려고 하는 인위적인  설정이 너무 거슬린다. 전체적인 스토리도 치밀하지 않음",
    "rating": "7",
    "date": "15.01.13"
  },
  {
    "review_id": "9543011",
    "movie_id": "100203",
    "author": "rd72****",
    "review": "세븐,조디악를 잇는 정통스릴러의 부활",
    "rating": "7",
    "date": "14.12.31"
  },
  {
    "review_id": "9539896",
    "movie_id": "100203",
    "author": "suhj****",
    "review": "터어아억요요요ㅛ요요료료",
    "rating": "10",
    "date": "14.12.31"
  },
  {
    "review_id": "9523261",
    "movie_id": "100203",
    "author": "k037****",
    "review": "진짜 머리 아프게 봤지만 8점준다 나라도 그렇게 했을듯",
    "rating": "8",
    "date": "14.12.27"
  },
  {
    "review_id": "9506037",
    "movie_id": "100203",
    "author": "rhtn****",
    "review": "품격있는 스릴러. 잊지 못할 휴 잭맨의 연기.",
    "rating": "9",
    "date": "14.12.24"
  },
  {
    "review_id": "9503306",
    "movie_id": "100203",
    "author": "radi****",
    "review": "차가운 감정의 스릴러!연출,연기,각본 어느하나 부족함이 없는 영화",
    "rating": "9",
    "date": "14.12.23"
  },
  {
    "review_id": "9501440",
    "movie_id": "100203",
    "author": "sean****",
    "review": "딸이 있는 나로서는 휴 잭맨의 고통을 조금이나마 느끼며 볼수 있었다. 미국 소도시 분위기를 잘 보여준 짜임새 있게 만들어진 어둡고 우울한 스릴러.",
    "rating": "8",
    "date": "14.12.22"
  },
  {
    "review_id": "9494830",
    "movie_id": "100203",
    "author": "2tae****",
    "review": "최고다!!! 말이 필요없음!",
    "rating": "10",
    "date": "14.12.21"
  },
  {
    "review_id": "9477987",
    "movie_id": "100203",
    "author": "jjaj****",
    "review": "납득이 안되고 답답한 행동을 하는 인물들.. 너무나 뻔한 반전...그래도 몰입도는 괜찮았음",
    "rating": "8",
    "date": "14.12.16"
  },
  {
    "review_id": "9474941",
    "movie_id": "100203",
    "author": "merr****",
    "review": "잠시라도 긴장을 늦출수 없게 만드네요. 굉장합니다. 감독의 연출력, 배우들의 명연기. .. 놀라운 시나리오, .. 마지막까지 보는 사람들의 애를 태우는군요",
    "rating": "9",
    "date": "14.12.14"
  },
  {
    "review_id": "9474819",
    "movie_id": "100203",
    "author": "nine****",
    "review": "장르영화로써의 쾌감은 좀 덜하지만 아이를 찾기 위해 고군분투하는 아버지와 형사역을 맡은 주연배우들의 연기는 훌륭하다..",
    "rating": "7",
    "date": "14.12.14"
  },
  {
    "review_id": "9474792",
    "movie_id": "100203",
    "author": "ykdi****",
    "review": "층층이 쌓아 올린 미로의 두께가 상당하다",
    "rating": "8",
    "date": "14.12.14"
  },
  {
    "review_id": "9468105",
    "movie_id": "100203",
    "author": "herb****",
    "review": "아..이걸영화라고. ..실화바탕인걸로 아는데, 너무엉성한연출, 내용 부자연스럽게연결.결말 아무것도없음.진심진심 보지마삼.시간낭비,감정낭비",
    "rating": "1",
    "date": "14.12.12"
  },
  {
    "review_id": "9435787",
    "movie_id": "100203",
    "author": "chld****",
    "review": "스릴러는 쉴틈없는 긴장감이 생명이다. 배우들의 연기력은 좋았으나 느린전개와 어정쩡한 긴장감만 느껴졌다.",
    "rating": "6",
    "date": "14.11.30"
  },
  {
    "review_id": "9431293",
    "movie_id": "100203",
    "author": "red4****",
    "review": "터스텔라보다 정확히 스물한배 잼있다 ~",
    "rating": "10",
    "date": "14.11.29"
  },
  {
    "review_id": "9408858",
    "movie_id": "100203",
    "author": "jaem****",
    "review": "결과적으로보면 거기서 거기여도 긴장감있는 연출력이렁 연기력으로 흡입력이 대단함. 재밋다",
    "rating": "9",
    "date": "14.11.22"
  },
  {
    "review_id": "9406907",
    "movie_id": "100203",
    "author": "2328****",
    "review": "내취향의영화는아니지만 그냥봤다",
    "rating": "6",
    "date": "14.11.21"
  },
  {
    "review_id": "9401586",
    "movie_id": "100203",
    "author": "cmlg****",
    "review": "무미건조하면서도 균형을 잘 잡아내는 영화.",
    "rating": "7",
    "date": "14.11.19"
  },
  {
    "review_id": "9396911",
    "movie_id": "100203",
    "author": "cont****",
    "review": "휴 잭맨의 필사의 연기는 모든 아버지의 멘토이다.",
    "rating": "8",
    "date": "14.11.17"
  },
  {
    "review_id": "9393441",
    "movie_id": "100203",
    "author": "sic1****",
    "review": "결말 때문에 여운이 더 남는다..",
    "rating": "10",
    "date": "14.11.16"
  },
  {
    "review_id": "9368959",
    "movie_id": "100203",
    "author": "timb****",
    "review": "끝까지 긴장감과 안타까움이 몸서리 쳐진다.잭맨, 질렌한의 연기가 나를 아프게 한다.",
    "rating": "9",
    "date": "14.11.10"
  },
  {
    "review_id": "9359885",
    "movie_id": "100203",
    "author": "whtj****",
    "review": "평점높아서 봤는데 진심 개노잼지루하고 뻔한스토리에 결말도 너무 뻔했고그냥 다큐수준 다큐도 이보단 재밌을듯감동도없고 의미도없고 주인공도 암 걍 노답 보지마세요",
    "rating": "1",
    "date": "14.11.09"
  },
  {
    "review_id": "9355385",
    "movie_id": "100203",
    "author": "ej00****",
    "review": "재미있네요..평점이 좋아서 봤는데 후회 안해요",
    "rating": "9",
    "date": "14.11.08"
  },
  {
    "review_id": "9349404",
    "movie_id": "100203",
    "author": "rqzv****",
    "review": "대체 그 잘생긴 미국경찰은 한게 뭐지? 영화막판에 용의자 집 수색이라니~~",
    "rating": "5",
    "date": "14.11.07"
  },
  {
    "review_id": "9348871",
    "movie_id": "100203",
    "author": "gus2****",
    "review": "집중도 대박!!! 제이크질렌할 올백머리와 새끼반지가 왜케 멋있어보이던지....",
    "rating": "10",
    "date": "14.11.07"
  },
  {
    "review_id": "9348801",
    "movie_id": "100203",
    "author": "hono****",
    "review": "막판에 좀 힘이 부치는 스타일이었지만 이정도면 매우재밌다 ㅎ. 물론 스릴러로써 수작들과 비교하면 캐릭터들의 당위성이나 명분이 매우 부족한편",
    "rating": "7",
    "date": "14.11.07"
  },
  {
    "review_id": "9332994",
    "movie_id": "100203",
    "author": "algo****",
    "review": "휴잭맨 구출좀 해주고 끝내징",
    "rating": "10",
    "date": "14.11.01"
  }
]