[
  {
    "review_id": "9978499",
    "movie_id": "100567",
    "author": "kyki****",
    "review": "뭐이리 평점이 안좋아 볼만하구만 브류스윌리스 펀치한방에 깡패새끼가 질질짜네",
    "rating": "7",
    "date": "15.06.06"
  },
  {
    "review_id": "9733679",
    "movie_id": "100567",
    "author": "ghkd****",
    "review": "막판에 힘빠지는건 사실이지만 그래도 충분히 킬링타임하기엔 만족이다. 소방재난영화와 액션물이 합쳐질 줄이야...ㅋㅋ",
    "rating": "7",
    "date": "15.02.24"
  },
  {
    "review_id": "9655613",
    "movie_id": "100567",
    "author": "gall****",
    "review": "주인공 소방관이 아니라 형사 브루스 윌리스가 화끈하게 싸워줬어야 스토리도 살고 재미도 살았을텐데..  저격씬까진 볼만하다가 점점 병맛이 되가는 영화. 윌리스 형아는 우정출연 수준",
    "rating": "4",
    "date": "15.01.31"
  },
  {
    "review_id": "9325635",
    "movie_id": "100567",
    "author": "reco****",
    "review": "일단 얻어터지는 이유는 리얼리티를 위함인가?",
    "rating": "4",
    "date": "14.10.29"
  },
  {
    "review_id": "9325631",
    "movie_id": "100567",
    "author": "jiks****",
    "review": "으으 방금 보는데 재미 없어요 ㅠ",
    "rating": "2",
    "date": "14.10.29"
  },
  {
    "review_id": "8884131",
    "movie_id": "100567",
    "author": "cont****",
    "review": "수작이 되기엔 여러모로 부족하다",
    "rating": "6",
    "date": "14.07.04"
  },
  {
    "review_id": "8877817",
    "movie_id": "100567",
    "author": "tull****",
    "review": "볼만은한데...브루스윌리스는 빛좋은 개살구 일줄이야..",
    "rating": "5",
    "date": "14.07.03"
  },
  {
    "review_id": "8715454",
    "movie_id": "100567",
    "author": "hoya****",
    "review": "배우들이 아깝다. 정크무비.",
    "rating": "1",
    "date": "14.05.08"
  },
  {
    "review_id": "8573488",
    "movie_id": "100567",
    "author": "icar****",
    "review": "이런 쓰레기영화가 있나.부르스 월리스 이제 아무영화나 출연하네.이감독은 이제 영원히 영화못만들걸.",
    "rating": "1",
    "date": "14.03.13"
  },
  {
    "review_id": "8573464",
    "movie_id": "100567",
    "author": "popo****",
    "review": "우리 보성형님보단 연기력이 딸리지만 다이하드 브루스형님에 으리로. 8점줌!   으리!",
    "rating": "8",
    "date": "14.03.13"
  },
  {
    "review_id": "8507486",
    "movie_id": "100567",
    "author": "khbb****",
    "review": "몰입해서 본다면 충분히 10점짜리임. 람보나 코만도에 열광했던 애들은 이미 늙었는가....",
    "rating": "10",
    "date": "14.02.14"
  },
  {
    "review_id": "8180809",
    "movie_id": "100567",
    "author": "kis5****",
    "review": "그냥 가볍게 킬링타임용. 큰기대안함 볼만함.",
    "rating": "6",
    "date": "13.11.30"
  },
  {
    "review_id": "8041626",
    "movie_id": "100567",
    "author": "aper****",
    "review": "낯익은 영화배우들이 많이 나오는 70년대식 TV 드라마...",
    "rating": "5",
    "date": "13.10.07"
  },
  {
    "review_id": "8022676",
    "movie_id": "100567",
    "author": "jinh****",
    "review": "내 시간 돌려주삼요..",
    "rating": "4",
    "date": "13.09.29"
  },
  {
    "review_id": "8009490",
    "movie_id": "100567",
    "author": "azus****",
    "review": "시간 아까운 영화...차라리 잠이나 자는게..",
    "rating": "1",
    "date": "13.09.22"
  },
  {
    "review_id": "7900012",
    "movie_id": "100567",
    "author": "rlxo****",
    "review": "시작은 넘 좋은데 뒤가 이게 머야. 시나리오 발로 썼냐?",
    "rating": "6",
    "date": "13.08.18"
  },
  {
    "review_id": "7800589",
    "movie_id": "100567",
    "author": "yasu****",
    "review": "총체적난국",
    "rating": "3",
    "date": "13.07.30"
  },
  {
    "review_id": "7693838",
    "movie_id": "100567",
    "author": "dica****",
    "review": "평점조정",
    "rating": "10",
    "date": "13.06.30"
  },
  {
    "review_id": "7693229",
    "movie_id": "100567",
    "author": "adiv****",
    "review": "초반에서 중반까지 이해가 가면서 내용이 공감이 갔는데...갑자기 후반부터 주인공이 무적이 되는 황당함이 좀 있음.마무리가 너무 쉽게 끝남... 시간때우기용으로 좋음",
    "rating": "7",
    "date": "13.06.30"
  },
  {
    "review_id": "7680547",
    "movie_id": "100567",
    "author": "grey****",
    "review": "감독이 잘못했네...주조연에 엑스트라에 심지어 주인공까지 전부 까메오향기  물씬~ 스토리짜맞추느라 주인공은 병맛케릭터되고  리얼리티는 안드로메다로..브루스월리스는 포스터 오른쪽 채우느라 나온듯...",
    "rating": "1",
    "date": "13.06.26"
  },
  {
    "review_id": "7637149",
    "movie_id": "100567",
    "author": "roka****",
    "review": "미드 감독으로 흥한 자 쭈~~욱 미드만 찍어라..",
    "rating": "5",
    "date": "13.06.14"
  },
  {
    "review_id": "7569849",
    "movie_id": "100567",
    "author": "lgic****",
    "review": "안싸우는 브루스윌리스, 조직 10명보다 강한 소방관 1명",
    "rating": "5",
    "date": "13.06.01"
  },
  {
    "review_id": "7567053",
    "movie_id": "100567",
    "author": "wogh****",
    "review": "뭔가 엉성하네요 마지막에 그 특유의기름냄새를맡았을텐데..또한 바닥에 일렬로기름이 흘러있던것을 의심했을텐데 뭔가 약간엉성한영화입니다.",
    "rating": "5",
    "date": "13.05.31"
  },
  {
    "review_id": "7561765",
    "movie_id": "100567",
    "author": "kolc****",
    "review": "머.. 이정도면 볼만하지...",
    "rating": "7",
    "date": "13.05.29"
  },
  {
    "review_id": "7557912",
    "movie_id": "100567",
    "author": "wprh****",
    "review": "멘탈리스트감독이네이시네요그냥멘탈리스트드라마감독하세요영화로빠지지마시고",
    "rating": "1",
    "date": "13.05.27"
  },
  {
    "review_id": "7557162",
    "movie_id": "100567",
    "author": "pass****",
    "review": "뭐지 조선영화같은 이 엉성함은",
    "rating": "4",
    "date": "13.05.26"
  },
  {
    "review_id": "7545545",
    "movie_id": "100567",
    "author": "come****",
    "review": "영화를 깔끔하게 만들었으면 괜찮을탠데 너무 답답하게 만들었다.",
    "rating": "3",
    "date": "13.05.21"
  },
  {
    "review_id": "7528210",
    "movie_id": "100567",
    "author": "sexy****",
    "review": "마더파더영화!!! 개쒸레기 윌리스 횽한테 낚임",
    "rating": "1",
    "date": "13.05.14"
  },
  {
    "review_id": "7526948",
    "movie_id": "100567",
    "author": "cine****",
    "review": "제작비가 진심 아깝다. 브루스 윌리스는 그냥 없어도 되는 역.",
    "rating": "3",
    "date": "13.05.13"
  },
  {
    "review_id": "7520087",
    "movie_id": "100567",
    "author": "firs****",
    "review": "그럭저럭",
    "rating": "5",
    "date": "13.05.11"
  },
  {
    "review_id": "7515487",
    "movie_id": "100567",
    "author": "mjw2****",
    "review": "삼류영화.",
    "rating": "4",
    "date": "13.05.08"
  },
  {
    "review_id": "7476728",
    "movie_id": "100567",
    "author": "izzo****",
    "review": "그래도 정의는 살아있네.",
    "rating": "5",
    "date": "13.04.23"
  },
  {
    "review_id": "7470689",
    "movie_id": "100567",
    "author": "shai****",
    "review": "브루스윌리스는먼지 당체... 주연은아닌듯 그냥저냥볼만함",
    "rating": "6",
    "date": "13.04.20"
  },
  {
    "review_id": "7466701",
    "movie_id": "100567",
    "author": "hyoj****",
    "review": "초반에 지대로 몰입하다가 후반가면 김빠지는 영화.... 그런대로 볼만함",
    "rating": "8",
    "date": "13.04.18"
  },
  {
    "review_id": "7447422",
    "movie_id": "100567",
    "author": "ss41****",
    "review": "감독이 문제지 배우가 문제는 아닌 듯.",
    "rating": "3",
    "date": "13.04.10"
  },
  {
    "review_id": "7440418",
    "movie_id": "100567",
    "author": "wow0****",
    "review": "예고편이 그대로 스포일러가 된듯~ ~ㅜㅜ 브루스형님 뭔가 좀 아쉽네요~",
    "rating": "7",
    "date": "13.04.07"
  },
  {
    "review_id": "7427676",
    "movie_id": "100567",
    "author": "astr****",
    "review": "이거 킬링타임용으로도 안됩니다. 브루스 윌리스가 왜 나오는 건지...보고 말씀해주세요. 브루스 윌리스가 왜 나와야했는지. 그것도 주연으로!!! 한게 없어. 그냥 일개 경찰역할 아무나 주면 되는 영화였습니다.",
    "rating": "1",
    "date": "13.04.01"
  },
  {
    "review_id": "7421489",
    "movie_id": "100567",
    "author": "luck****",
    "review": "킬링타임용으로 괜찮습니다",
    "rating": "10",
    "date": "13.03.30"
  },
  {
    "review_id": "7414528",
    "movie_id": "100567",
    "author": "tn99****",
    "review": "브루스 형님 내면 연기 하는거 보려고 이 영화 선택 했던 건 아니었잖아..",
    "rating": "6",
    "date": "13.03.27"
  },
  {
    "review_id": "7399595",
    "movie_id": "100567",
    "author": "som1****",
    "review": "브루스윌리스는 폼만 잡다 끝나지만, 한번 봐도 시간이 아까울 정도는 아님..현실적이고 공감이감.. 30대 이상이 봐야 공감할 듯..",
    "rating": "10",
    "date": "13.03.23"
  },
  {
    "review_id": "7397921",
    "movie_id": "100567",
    "author": "onet****",
    "review": "처음에는 소방관 애기인줄 알았는데 아니고 액션물.브루스 윌리스는 그냥 형사에서 형사로 끝나네 왜 나온것인지..그리고 불교에서 사용한 만하고 나치문장하고 헷갈리는 외국인이 아직도 많은가 보네..완전히 다른것인데..",
    "rating": "4",
    "date": "13.03.23"
  },
  {
    "review_id": "7376680",
    "movie_id": "100567",
    "author": "dlrl****",
    "review": "킬링타임용으로 차라리 다른 영화를.....브루스 윌리스는 왜 나오는지도 모르겠고....10분 나오나? 연출도 막장이고......무슨 생각으로 만든건지도 모르겠고...정말이지 이건 아닌듯 합니다.",
    "rating": "1",
    "date": "13.03.20"
  },
  {
    "review_id": "7356560",
    "movie_id": "100567",
    "author": "eodp****",
    "review": "5점은 된다~ 밑에 평대로 남자보다 못생긴 여자랑 사랑에 빠지다니 ㅋㅋㅋㅋ 브루스 윌리스 때문에 참고 봤음",
    "rating": "5",
    "date": "13.03.17"
  },
  {
    "review_id": "7353543",
    "movie_id": "100567",
    "author": "qube****",
    "review": "굳... 이런게 사나이의 영화다. 예수의 이름으로 범죄자들을 소탕하겠다. 아멘",
    "rating": "10",
    "date": "13.03.16"
  },
  {
    "review_id": "7353326",
    "movie_id": "100567",
    "author": "pmgr****",
    "review": "평점이 낮아서 기대안했는데 킬링타임용으로 좋네요  현실적이고 좋은데..왜 평점이 낮은지 모르겠네요",
    "rating": "6",
    "date": "13.03.16"
  },
  {
    "review_id": "7352966",
    "movie_id": "100567",
    "author": "jayu****",
    "review": "OO이 삽질하는 영화. 이 영화의 모든 것을 표현하는 문장이다.",
    "rating": "3",
    "date": "13.03.16"
  },
  {
    "review_id": "7345423",
    "movie_id": "100567",
    "author": "vlfx****",
    "review": "킬링타임용으로 그럭저럭~ B급 영화 냄새가 나는데 그렇다고 쓰레기도 아니고.",
    "rating": "7",
    "date": "13.03.14"
  },
  {
    "review_id": "7345267",
    "movie_id": "100567",
    "author": "diam****",
    "review": "뉘뮈~영화가 OOO기면 여주인공이라도 쭉쭉빵빵 이쁘든지...이건 머;;;영화 포스터 믿고 브루스 윌리스 영환줄 알고 봤다가...눈탱이 지대로 쳐맞앗네...콰~아~악~퉤~!!!",
    "rating": "1",
    "date": "13.03.14"
  },
  {
    "review_id": "7344824",
    "movie_id": "100567",
    "author": "m554****",
    "review": "내인생 최악의 영화 좋은 배우들 에리고 뭐하는건지 당최이해가 안감 쓰레기영화 절대로 보는걸 비추함",
    "rating": "1",
    "date": "13.03.13"
  },
  {
    "review_id": "7342617",
    "movie_id": "100567",
    "author": "lotu****",
    "review": "왠만한 남자보다도 못 생긴 여자와 사랑에 빠지는 상황이 영화에 대한 몰입 방해, 그 와중에 가슴도 드러내지 않음, 사랑하는 사람에게 총을 쏜 악당이 코 앞에서 도망을 치는데 그냥 두는 초현실적 상황에 관람을 중단할 수 밖에 없었음.",
    "rating": "1",
    "date": "13.03.12"
  },
  {
    "review_id": "7339901",
    "movie_id": "100567",
    "author": "tori****",
    "review": "흉내도 못 낸다.",
    "rating": "3",
    "date": "13.03.11"
  },
  {
    "review_id": "7337000",
    "movie_id": "100567",
    "author": "vtro****",
    "review": "브루스 윌리스 나온데서 개기대하고 봤는데 정작하는거 엄슴.....  분량도 개작은데다가 전화질밖에 안함.  뭐....  나쁘진 않은 영화임.  그저 시간때우기에는 충분한 정도.",
    "rating": "5",
    "date": "13.03.10"
  },
  {
    "review_id": "7333727",
    "movie_id": "100567",
    "author": "pria****",
    "review": "윌리스는 무슨 생각으로 영화를 선택할까? 궁금하다.",
    "rating": "2",
    "date": "13.03.09"
  },
  {
    "review_id": "7330247",
    "movie_id": "100567",
    "author": "youn****",
    "review": "평점보니 보기가 겁난다 ㄷㄷㄷㄷㄷㄷ",
    "rating": "1",
    "date": "13.03.07"
  },
  {
    "review_id": "7322827",
    "movie_id": "100567",
    "author": "wwjd****",
    "review": "너무별루",
    "rating": "1",
    "date": "13.03.03"
  },
  {
    "review_id": "7321407",
    "movie_id": "100567",
    "author": "kmj0****",
    "review": "킬링타임용으로 추천",
    "rating": "7",
    "date": "13.03.03"
  },
  {
    "review_id": "7318726",
    "movie_id": "100567",
    "author": "kjhk****",
    "review": "브루스 윌리스 이색히 ㅣ요즘에 떡밥 존ㄴ 날리네 ㅅㅂ ㅡㅡ 브루스 나와서 뭔가 대작이다 싶어서 평점도 안보고 받았더니  ㅁㅊ  OOO기  베를린보다 더 구려 ㅡㅡ",
    "rating": "2",
    "date": "13.03.02"
  },
  {
    "review_id": "7318667",
    "movie_id": "100567",
    "author": "dbzh****",
    "review": "여주가 너무 구리다",
    "rating": "5",
    "date": "13.03.02"
  },
  {
    "review_id": "7314995",
    "movie_id": "100567",
    "author": "flor****",
    "review": "아... 이건 좀 아니다.",
    "rating": "1",
    "date": "13.03.01"
  },
  {
    "review_id": "7313962",
    "movie_id": "100567",
    "author": "minb****",
    "review": "브루스형 이제 단역인듯 ㅠㅠ",
    "rating": "5",
    "date": "13.03.01"
  },
  {
    "review_id": "7313552",
    "movie_id": "100567",
    "author": "cs79****",
    "review": "야비군만가도 핸드폰 압수하는데 먼초반부터ㅋㅋ흙언니랑떡을치지않나 범인이랑 폰색을하지않나 평점개죽이네ㅋㅋ그래도난 끝까지볼테다 브루스형님 ㅠㅠ로자리어도슨은 신시티2땜시 협박해서출연했나",
    "rating": "10",
    "date": "13.03.01"
  },
  {
    "review_id": "7312616",
    "movie_id": "100567",
    "author": "foxt****",
    "review": "빈약한 스토리에 엉성한 연출까지 킬링타임도 안되는 수준.브루스윌리스는 왜 나왔을까?",
    "rating": "1",
    "date": "13.03.01"
  },
  {
    "review_id": "7312497",
    "movie_id": "100567",
    "author": "into****",
    "review": "저 배우들로 이 정도 밖에 못 뽑나",
    "rating": "1",
    "date": "13.03.01"
  },
  {
    "review_id": "7312292",
    "movie_id": "100567",
    "author": "pysh****",
    "review": "드라마하다 영화만들려니 영화가 드라마가 되는겨",
    "rating": "2",
    "date": "13.03.01"
  },
  {
    "review_id": "7296760",
    "movie_id": "100567",
    "author": "soho****",
    "review": "내용이 아주 진부하고 드라마지 액션은 아닌듯 배우들이 아깝다",
    "rating": "3",
    "date": "13.02.24"
  },
  {
    "review_id": "7293153",
    "movie_id": "100567",
    "author": "cws8****",
    "review": "브루수 윌리스 그는 나에게 전설이다..",
    "rating": "10",
    "date": "13.02.23"
  },
  {
    "review_id": "7288196",
    "movie_id": "100567",
    "author": "yang****",
    "review": "출연 배우는 좋은데..영화는 재미는없다..",
    "rating": "2",
    "date": "13.02.21"
  }
]