[
  {
    "review_id": "10041036",
    "movie_id": "100580",
    "author": "acla****",
    "review": "연출 한 번 개떡같이도 해놨네",
    "rating": "1",
    "date": "15.06.27"
  },
  {
    "review_id": "9994209",
    "movie_id": "100580",
    "author": "adiv****",
    "review": "시리즈 끝네라..  갈수록 개판이다.",
    "rating": "1",
    "date": "15.06.12"
  },
  {
    "review_id": "9975352",
    "movie_id": "100580",
    "author": "hyne****",
    "review": "겁나 쓰레기 임.내용이 너무 불친절함.뭔 같잖은 말도안되는 조종이 다있어?",
    "rating": "1",
    "date": "15.06.04"
  },
  {
    "review_id": "9531376",
    "movie_id": "100580",
    "author": "zxcv****",
    "review": "유치한 애들영화보단 낫다. 사실적인 액션 좋아하는 사람이면 봐라. 복제인간 내용이다.",
    "rating": "10",
    "date": "14.12.28"
  },
  {
    "review_id": "9132263",
    "movie_id": "100580",
    "author": "fifa****",
    "review": "꾸준히 매년 쓰레기 하나씩 만들어주는 반담 옹",
    "rating": "2",
    "date": "14.08.25"
  },
  {
    "review_id": "8813145",
    "movie_id": "100580",
    "author": "tlru****",
    "review": "씹리얼리티를 가담한 개패왕급 액션 여태까지본 최근 액션영화중에 이걸 능가하는 액션영화는 없다",
    "rating": "10",
    "date": "14.06.08"
  },
  {
    "review_id": "8681487",
    "movie_id": "100580",
    "author": "ske4****",
    "review": "반담성님에 대한 예의로...",
    "rating": "10",
    "date": "14.04.29"
  },
  {
    "review_id": "8636597",
    "movie_id": "100580",
    "author": "skau****",
    "review": "진짜 무슨 이딴 영화가 있는지 ㄷㄷ 너무 화가남",
    "rating": "1",
    "date": "14.04.08"
  },
  {
    "review_id": "8123589",
    "movie_id": "100580",
    "author": "wana****",
    "review": "다크의 절정으로 치닫는 시리즈! 본+ 로보캅+ 블레이드 러너로 가다가 \"지옥의 묵시록\"으로 유야무야 끝내버리네~! 해방자라 자처하는 거짓 메시아를 척결하고, 우족탕 신화를 계승하는 반영웅! 스콧과 UFC 챔프 출신 알롶스키의 초인격투 씬은, 엑설런트!",
    "rating": "7",
    "date": "13.11.08"
  },
  {
    "review_id": "7928827",
    "movie_id": "100580",
    "author": "wg03****",
    "review": "ㅗㅗㅗㅗㅗㅗㅗㅗㅗㅗㅗㅗㅗㅗㅗㅗㅗ",
    "rating": "1",
    "date": "13.08.28"
  },
  {
    "review_id": "7913021",
    "movie_id": "100580",
    "author": "tomb****",
    "review": "유니버셜 솔져는 그냥 1편만 보는게 좋음. 정 더 봐야겠다면 킬링타임용으로 2편까지만...나머지는 그냥 다 늙은 주인공들에 영화제목만 따온 우려먹기의 절정.",
    "rating": "2",
    "date": "13.08.22"
  },
  {
    "review_id": "7758275",
    "movie_id": "100580",
    "author": "come****",
    "review": "반담과 돌프 룬드그렌 싸움에서 스콧 앳킨스가 들어갔다는건 좋은데 아쉽다.",
    "rating": "5",
    "date": "13.07.18"
  },
  {
    "review_id": "7727922",
    "movie_id": "100580",
    "author": "cjw2****",
    "review": "왜 찍었냐 도대체....유니버셜 1편은 액션걸작이었는데....1편의 명성에 흠집만 내고있다.",
    "rating": "1",
    "date": "13.07.12"
  },
  {
    "review_id": "7715987",
    "movie_id": "100580",
    "author": "bles****",
    "review": "액션이 안되니 조연으로 물러날 수 밖에",
    "rating": "4",
    "date": "13.07.07"
  },
  {
    "review_id": "7706409",
    "movie_id": "100580",
    "author": "woos****",
    "review": "조만간 5편에는 최홍만님도 불러줘. 이 영화에 딱이다.",
    "rating": "2",
    "date": "13.07.05"
  },
  {
    "review_id": "7700569",
    "movie_id": "100580",
    "author": "skyc****",
    "review": "반담영화는 참 재미없는게 많다....",
    "rating": "5",
    "date": "13.07.03"
  },
  {
    "review_id": "7695082",
    "movie_id": "100580",
    "author": "scve****",
    "review": "어릴적 장끌로드 형님 영화를 재밌게 봐서 10점 준다.이건 뭐 사실 0점 짜리지만",
    "rating": "10",
    "date": "13.07.01"
  },
  {
    "review_id": "7692737",
    "movie_id": "100580",
    "author": "tekk****",
    "review": "반담형님의 대한 예의로 6점! ㅋ",
    "rating": "6",
    "date": "13.06.30"
  },
  {
    "review_id": "7682652",
    "movie_id": "100580",
    "author": "keay****",
    "review": "왓더뻑!! 이게 뭐냐 대체... 스릴러물이냐 고어물이냐..",
    "rating": "3",
    "date": "13.06.27"
  },
  {
    "review_id": "7679301",
    "movie_id": "100580",
    "author": "rand****",
    "review": "노장에 대한 예의로....",
    "rating": "10",
    "date": "13.06.25"
  },
  {
    "review_id": "7678099",
    "movie_id": "100580",
    "author": "lth1****",
    "review": "액션영화에서  뭘더바라나...?  야구장가서  김연아  피겨볼래?  최고의  액션이다...이정도면...",
    "rating": "10",
    "date": "13.06.25"
  },
  {
    "review_id": "7676311",
    "movie_id": "100580",
    "author": "boot****",
    "review": "할아버지~  가서 람보 할배랑  익스펜더블이나 찍어요",
    "rating": "1",
    "date": "13.06.24"
  },
  {
    "review_id": "7667299",
    "movie_id": "100580",
    "author": "kjca****",
    "review": "그냥 볼만한 액션 영화. 스콧 앳킨스 나오잔아.",
    "rating": "8",
    "date": "13.06.22"
  },
  {
    "review_id": "7659946",
    "movie_id": "100580",
    "author": "kj04****",
    "review": "10점깨기",
    "rating": "1",
    "date": "13.06.20"
  },
  {
    "review_id": "7659947",
    "movie_id": "100580",
    "author": "kj04****",
    "review": "10점깨기",
    "rating": "1",
    "date": "13.06.20"
  },
  {
    "review_id": "7659514",
    "movie_id": "100580",
    "author": "jiyu****",
    "review": "장끌로드반담 나오는 영화는 재미 있음 기대합니다.",
    "rating": "10",
    "date": "13.06.20"
  }
]