[
  {
    "review_id": "10243356",
    "movie_id": "100610",
    "author": "0me0****",
    "review": "앰버 허드가 이뻐서 이만큼이라도 준다. 별 말도 안되는 스토리... 그냥 액션으로 끝까지 가던가. 삼천포로 빠져도 이렇게 빠지나.",
    "rating": "5",
    "date": "15.08.16"
  },
  {
    "review_id": "10220474",
    "movie_id": "100610",
    "author": "oneo****",
    "review": "맥지;케빈코스트너,엠버허드,코니닐슨",
    "rating": "7",
    "date": "15.08.12"
  },
  {
    "review_id": "10163032",
    "movie_id": "100610",
    "author": "7606****",
    "review": "스토리가 왔다리 갔다리 몰입이 안된다...포스터보고 속았다...딸내미가 이뻐서 2점 준다",
    "rating": "2",
    "date": "15.07.30"
  },
  {
    "review_id": "10155608",
    "movie_id": "100610",
    "author": "werb****",
    "review": "꿀잼. 재밌기만하네 액션이라고 무조건 진지하고  분위기가 무거울필요가있는것도아니고",
    "rating": "10",
    "date": "15.07.29"
  },
  {
    "review_id": "10155571",
    "movie_id": "100610",
    "author": "kmg1****",
    "review": "막판에는 시원한 액션을 기대했지만 계속 누워계심. 배우가 아깝다.",
    "rating": "1",
    "date": "15.07.29"
  },
  {
    "review_id": "10132808",
    "movie_id": "100610",
    "author": "ske4****",
    "review": "무슨말이 필요한가? 스토리고 나발이고 나에겐 소트니코바 닮은 헤일리 스테인펠드 그녀 하나 만으로도 충분히 만족한다!!",
    "rating": "10",
    "date": "15.07.23"
  },
  {
    "review_id": "10129854",
    "movie_id": "100610",
    "author": "heej****",
    "review": "본격 누워서 찍은 영화뭐 하려고 하면 쓰러져 뒹굼",
    "rating": "1",
    "date": "15.07.22"
  },
  {
    "review_id": "10103075",
    "movie_id": "100610",
    "author": "lik1****",
    "review": "약간 엉성하고 진지하지 않아서 편안하게 볼 수 있어 좋다",
    "rating": "7",
    "date": "15.07.14"
  },
  {
    "review_id": "9986409",
    "movie_id": "100610",
    "author": "stmi****",
    "review": "엠버 허드 매력 쩐다.. 이걸 왜 영화관에서 안 봤을까 ㅠ 아무튼 엠버 허드 때문에 영화가 재밌음",
    "rating": "10",
    "date": "15.06.09"
  },
  {
    "review_id": "9973607",
    "movie_id": "100610",
    "author": "ehwj****",
    "review": "너무 무난한듯 화려하지 않고 잔잔한 액션",
    "rating": "6",
    "date": "15.06.04"
  },
  {
    "review_id": "9971491",
    "movie_id": "100610",
    "author": "haha****",
    "review": "이거 중간중간 보다보면 개웃긴장면 많음 ㅋㅋㅋㅋ",
    "rating": "9",
    "date": "15.06.03"
  },
  {
    "review_id": "9876332",
    "movie_id": "100610",
    "author": "jyan****",
    "review": "어색하고 어설프며 어리석다",
    "rating": "4",
    "date": "15.04.28"
  },
  {
    "review_id": "9865329",
    "movie_id": "100610",
    "author": "bmw3****",
    "review": "낱 밷... 인데 언제 끝나나라는 생각이 몇 번 들었음",
    "rating": "8",
    "date": "15.04.25"
  },
  {
    "review_id": "9849882",
    "movie_id": "100610",
    "author": "ekff****",
    "review": "재미있었습니다~~^^",
    "rating": "8",
    "date": "15.04.17"
  },
  {
    "review_id": "9843044",
    "movie_id": "100610",
    "author": "bbac****",
    "review": "맥지 스타일의 액션 드라마아주 좋았음",
    "rating": "8",
    "date": "15.04.12"
  },
  {
    "review_id": "9833996",
    "movie_id": "100610",
    "author": "semi****",
    "review": "개인적으로 액션도 개그도 따뜻함도 연기도 다 좋았어요",
    "rating": "10",
    "date": "15.04.08"
  },
  {
    "review_id": "9804972",
    "movie_id": "100610",
    "author": "deff****",
    "review": "뭘 말하려고 한건지...원... 액션물,스파이물,가족드라마 중간중간 너무 짜증나게 전개 엠버허드 없었으면 정말 볼거리 없었을뻔...",
    "rating": "6",
    "date": "15.03.25"
  },
  {
    "review_id": "9803491",
    "movie_id": "100610",
    "author": "kimm****",
    "review": "1분전만해도 경호원들 망설임 없이 총쏴죽여놓고 마지막 보스는 왜 못죽이는지 모르겠다. 영화 컨셉은 알겠는데 스토리상 그냥 넘어가 줄 수 없는 억지설정이 너무 많다.",
    "rating": "3",
    "date": "15.03.24"
  },
  {
    "review_id": "9803358",
    "movie_id": "100610",
    "author": "ddam****",
    "review": "킬링타임용으로 봤습니다.. 볼만했음.",
    "rating": "7",
    "date": "15.03.24"
  },
  {
    "review_id": "9800580",
    "movie_id": "100610",
    "author": "sady****",
    "review": "기대보단별로 ㅋ 액션조금잇고 가족영화에 가까운듯",
    "rating": "6",
    "date": "15.03.22"
  },
  {
    "review_id": "9800490",
    "movie_id": "100610",
    "author": "skyb****",
    "review": "재밌어용~ㅋㅋㅋ생각없이 보다가 빵터지고ㅋㅋ",
    "rating": "10",
    "date": "15.03.22"
  },
  {
    "review_id": "9798445",
    "movie_id": "100610",
    "author": "seun****",
    "review": "겉멋만 부리는 어색한 스토리",
    "rating": "8",
    "date": "15.03.22"
  },
  {
    "review_id": "9798393",
    "movie_id": "100610",
    "author": "xodu****",
    "review": "대단한 액션보다는 소소한 개그가 재미있었네요",
    "rating": "8",
    "date": "15.03.22"
  },
  {
    "review_id": "9798388",
    "movie_id": "100610",
    "author": "geun****",
    "review": "무슨 영화인지도 모르고 봤는데 볼만해요 ㅎ 근데 액션인줄알고 기대하고보면 평점준 사람들처럼 분노할듯 ㅋㅋ 좀 엉성함ㅎ 여주가 충분히없앨수있는데 왜 자꾸 강요하는건지 좀 어이없고..테이큰 주인공보다 좀 더 착한 남주아저씨 ㅋㅋ",
    "rating": "6",
    "date": "15.03.22"
  },
  {
    "review_id": "9798219",
    "movie_id": "100610",
    "author": "sinc****",
    "review": "위트있는 킬러 아빠의개념없는 딸 뒤치닥거리 영화.",
    "rating": "3",
    "date": "15.03.21"
  },
  {
    "review_id": "9791369",
    "movie_id": "100610",
    "author": "lg30****",
    "review": "킬링타임용으로 10점 평론가적 입장에서 보면 뭐 다르겠지만.. 오락영화로만 본 평점임을 밝혀둠..",
    "rating": "9",
    "date": "15.03.18"
  },
  {
    "review_id": "9774715",
    "movie_id": "100610",
    "author": "lgic****",
    "review": "자기 딸은 소중하고 다른 사람의 목숨은 쓰레기냐? 액션에 가족영화를 섞는게 아니다",
    "rating": "6",
    "date": "15.03.12"
  },
  {
    "review_id": "9745155",
    "movie_id": "100610",
    "author": "stem****",
    "review": "액션도 괜챦고 위트도 있고 그런데로 재밌네. 킬링타임용으로 괜챦다.가족과 관계된 장면들이 많아 좀 몰입도가 떨어지고 중간 중간 흐름이 흐트러져 지루한 부분이 있는게 흠. 그래도 볼만하다.",
    "rating": "7",
    "date": "15.02.28"
  },
  {
    "review_id": "9733188",
    "movie_id": "100610",
    "author": "wlst****",
    "review": "굿굿굿 정말 좋아용ㅋㅋㅋㅋ",
    "rating": "10",
    "date": "15.02.23"
  },
  {
    "review_id": "9694273",
    "movie_id": "100610",
    "author": "swee****",
    "review": "왜이렇게 뒤죽박죽이냐",
    "rating": "5",
    "date": "15.02.14"
  },
  {
    "review_id": "9683172",
    "movie_id": "100610",
    "author": "good****",
    "review": "재미 있습니다.. 아무 생각 없이 보면 재미 있어요. 앰버 허드가 정말 매력적으로 나와서 더 좋았어요",
    "rating": "9",
    "date": "15.02.09"
  },
  {
    "review_id": "9667781",
    "movie_id": "100610",
    "author": "std3****",
    "review": "생각보다 유쾌한영화였음 막  화려한 액션씬은 기대x",
    "rating": "9",
    "date": "15.02.05"
  },
  {
    "review_id": "9659834",
    "movie_id": "100610",
    "author": "dbth****",
    "review": "굳이 엠버 허드를 저렇게 노골적인 장면을 넣어가면서 이 영화에 등장시켜야만 했었나.. 깔끔한 정장만 입고있어도 매력이 뚝뚝 흘러넘치는구만. 쓸모없고 다소 소모적인 역할로 화제성을 붙이려고 넣은것 같다. 구체적인 역할과 카리스마로 캐릭터를 줬더라면..",
    "rating": "6",
    "date": "15.02.02"
  },
  {
    "review_id": "9655456",
    "movie_id": "100610",
    "author": "blue****",
    "review": "기대에 어긋나지 않은 영화!시간가는 줄 모르고 재미나게 봤어요~ㅋ",
    "rating": "8",
    "date": "15.01.31"
  },
  {
    "review_id": "9654554",
    "movie_id": "100610",
    "author": "beck****",
    "review": "보디가드 보는줄.. 재밋다",
    "rating": "10",
    "date": "15.01.31"
  },
  {
    "review_id": "9653085",
    "movie_id": "100610",
    "author": "rock****",
    "review": "전혀개연성 없이 첩보,휴먼,성장,코미디,로맨스 모든게 들어가있는 뒤죽박죽 개잡탕영화. 감독이 고교 영화동아리수준",
    "rating": "1",
    "date": "15.01.31"
  },
  {
    "review_id": "9652139",
    "movie_id": "100610",
    "author": "hyun****",
    "review": "액션이 아주 없는것은 아니지만 들어가있음!! 그건확실함!!! 주인공여자가 그닥 영화에서 별 감흥이 없음... 아버지와 딸의 가족드라마 이야기인데 아버지가 전직 CIA였다가 병걸려서 가족에게 돌아와 딸을 사랑하는걸 보여주는 액션드라마",
    "rating": "7",
    "date": "15.01.30"
  },
  {
    "review_id": "9639048",
    "movie_id": "100610",
    "author": "sean****",
    "review": "한국영화에서나 나올듯한 어이없는 코미디까지 가미된 말도 안되는 설정을 진지하게 해나간다. 액션들은 좋다.",
    "rating": "5",
    "date": "15.01.26"
  },
  {
    "review_id": "9591542",
    "movie_id": "100610",
    "author": "mad3****",
    "review": "평점에 낚인 영화 ....",
    "rating": "3",
    "date": "15.01.14"
  },
  {
    "review_id": "9532954",
    "movie_id": "100610",
    "author": "imit****",
    "review": "굉장히 재밌게 봤네요 딸가진 아빠라서 그런가ㅎ 그런데 평점이 충격적으로 낮은데요;;",
    "rating": "10",
    "date": "14.12.29"
  },
  {
    "review_id": "9505709",
    "movie_id": "100610",
    "author": "nana****",
    "review": "잘만든 영화이긴한데 이건 부루스윌리스가 주연이어야했다",
    "rating": "7",
    "date": "14.12.24"
  },
  {
    "review_id": "9487342",
    "movie_id": "100610",
    "author": "94js****",
    "review": "역시나, 엠버 허드는 정말 이뻤다.",
    "rating": "7",
    "date": "14.12.18"
  },
  {
    "review_id": "9475394",
    "movie_id": "100610",
    "author": "ojhp****",
    "review": "기대이상재미있게봤어요",
    "rating": "10",
    "date": "14.12.15"
  },
  {
    "review_id": "9464540",
    "movie_id": "100610",
    "author": "mini****",
    "review": "무지 잼있습니다,즐감하세요",
    "rating": "10",
    "date": "14.12.11"
  },
  {
    "review_id": "9455435",
    "movie_id": "100610",
    "author": "inth****",
    "review": "이도 저도 아닌 영화. 비밀스러운 심각한 일을 하는 첩보요원 주인공, 하지만 그에게는 지켜야 할 가정이 있는. 흔히 봤던 소재의 영화. 처음엔 뭔가 다른 것이 있는가보다 지켜봤는데, 결국 이도 저도 아닌 영화로 끝남. 케빈 코스너 나이 많이 들었네.",
    "rating": "6",
    "date": "14.12.07"
  },
  {
    "review_id": "9450185",
    "movie_id": "100610",
    "author": "rlat****",
    "review": "진지해야 되는데 중간 중간에 딸한테 오는 휴대폰 소리에 빵빵 터진다  충분히 볼거리 영화",
    "rating": "9",
    "date": "14.12.05"
  },
  {
    "review_id": "9428723",
    "movie_id": "100610",
    "author": "sygo****",
    "review": "꽤 볼만함. 케빈형 아직도 정정",
    "rating": "7",
    "date": "14.11.28"
  },
  {
    "review_id": "9396470",
    "movie_id": "100610",
    "author": "tjfm****",
    "review": "예고편 폭파장면보고 기대했다가 낚인기분~~!!",
    "rating": "2",
    "date": "14.11.17"
  },
  {
    "review_id": "9385712",
    "movie_id": "100610",
    "author": "come****",
    "review": "편집을 잘못한건지 의도한건지? 그런 장면만 빼면 괜찮았던 영화",
    "rating": "7",
    "date": "14.11.15"
  },
  {
    "review_id": "9369308",
    "movie_id": "100610",
    "author": "hyuk****",
    "review": "총쏘면 다 죽이는 장면이 삼류 영화임에 틀림없음일당백 영화임억지로 짜 맟춘 가족이야기...없어도 되는 딸의 긴박한 상황...방화로 평가하자면최고 스파이, 최저 넘 많아서...말도 안되는",
    "rating": "1",
    "date": "14.11.10"
  },
  {
    "review_id": "9348937",
    "movie_id": "100610",
    "author": "smar****",
    "review": "실망 ..볼만햇지만 실망",
    "rating": "6",
    "date": "14.11.07"
  },
  {
    "review_id": "9346798",
    "movie_id": "100610",
    "author": "qrss****",
    "review": "액션에 많은기대는 하지않는것이 좋을 듯.그렇지만 스토리가 최고",
    "rating": "9",
    "date": "14.11.06"
  },
  {
    "review_id": "9341505",
    "movie_id": "100610",
    "author": "ins5****",
    "review": "평점8점까진 ㅇㅋ. 엠버허드 이쁘다. 액션스릴러 중간중간 코믹요소 재미있었다ㅎㅎ",
    "rating": "10",
    "date": "14.11.04"
  },
  {
    "review_id": "9339866",
    "movie_id": "100610",
    "author": "spek****",
    "review": "기대안하고 봤는데 편하게 가벼운마음으로 볼 수 있는 편안한 액션영화. 앰버허드가 역할에 비해 비중이 안컸던건 조금 아쉽",
    "rating": "9",
    "date": "14.11.03"
  },
  {
    "review_id": "9299915",
    "movie_id": "100610",
    "author": "shwo****",
    "review": "액션이 별로 없어서 아쉬웠지만 멋있었고 볼만했다",
    "rating": "8",
    "date": "14.10.18"
  },
  {
    "review_id": "9295039",
    "movie_id": "100610",
    "author": "nice****",
    "review": "그냥저냥 볼만한 것 같습니다.",
    "rating": "7",
    "date": "14.10.16"
  },
  {
    "review_id": "9293411",
    "movie_id": "100610",
    "author": "gusw****",
    "review": "저는 재밌게 봤는데 평점이 너무 낮아서 10점줍니다/",
    "rating": "10",
    "date": "14.10.15"
  },
  {
    "review_id": "9291548",
    "movie_id": "100610",
    "author": "clea****",
    "review": "액션물 못만들어도 왠만하면 킬링타임용이지만,  이건 그정도도 못된다. 너무 재미없어서 역겨울 정도.",
    "rating": "1",
    "date": "14.10.14"
  },
  {
    "review_id": "9289117",
    "movie_id": "100610",
    "author": "ebad****",
    "review": "우리 정서에도 잘 맞는듯 하다.보는 내내 즐거운 시간.",
    "rating": "10",
    "date": "14.10.13"
  },
  {
    "review_id": "9281011",
    "movie_id": "100610",
    "author": "self****",
    "review": "이게 액션 영화인지.. 가족간의 사랑을 그린 영화인지.. 경계가 불분명한건 아쉽지만.. 케빈 코스트너의 여전한 모습을 보는 건 분명히 가치 있다..",
    "rating": "7",
    "date": "14.10.10"
  },
  {
    "review_id": "9268357",
    "movie_id": "100610",
    "author": "adri****",
    "review": "유치하고 재미가 없었던 영화...",
    "rating": "5",
    "date": "14.10.06"
  },
  {
    "review_id": "9261632",
    "movie_id": "100610",
    "author": "rhfl****",
    "review": "평점 너무 후한듯 액션도 코미디도 감동도 다 따로노는 영화",
    "rating": "1",
    "date": "14.10.04"
  },
  {
    "review_id": "9243289",
    "movie_id": "100610",
    "author": "goll****",
    "review": "솔직히 볼만하던데; 8점 초반대면 딱 적당할꺼같은데.. 평점좀 오르면 좋겠네요",
    "rating": "10",
    "date": "14.09.27"
  },
  {
    "review_id": "9243060",
    "movie_id": "100610",
    "author": "capg****",
    "review": "재밌더군요 ㅎㅎ 테이큰 같아서 더더욱 좋더군요 ㅎㅎ 오랜만에 정말 재밌는 영화!!!  액션짱짱 케빈 코스트너 아저씨 만수무강하셔요!",
    "rating": "8",
    "date": "14.09.26"
  },
  {
    "review_id": "9237148",
    "movie_id": "100610",
    "author": "dyek****",
    "review": "재밌어요~~~~졸린상황에 본건데도 졸지않았습니다",
    "rating": "8",
    "date": "14.09.23"
  },
  {
    "review_id": "9233711",
    "movie_id": "100610",
    "author": "sson****",
    "review": "보는내내 ?? 가 가시지않다가 마지막에 결론이 났다.베스트 평점처럼 액션 휴먼코미디 가족영화",
    "rating": "7",
    "date": "14.09.22"
  },
  {
    "review_id": "9231017",
    "movie_id": "100610",
    "author": "oojj****",
    "review": "가족 드라마에 액션물을 더해 재미 감동을 다 잡았다. 액션도 잘 만들었다.",
    "rating": "8",
    "date": "14.09.21"
  },
  {
    "review_id": "9217281",
    "movie_id": "100610",
    "author": "hozz****",
    "review": "액션을 기대했는데 휴먼이 있었다.좋은 영화 잘 봤습니다.^^",
    "rating": "10",
    "date": "14.09.15"
  },
  {
    "review_id": "9214900",
    "movie_id": "100610",
    "author": "play****",
    "review": "전체적으로 볼만한 구성과 연출력. 비행기에서 보았는데, 케 빈 코스트너의 액션 연기도 적절했고. 뻔해보이는 느낌과 전개하는 과정이 매끄럽지않음. 이유불문하고 억지로 밀어붙이는 스토리 플롯이지만 뻔해서 몰입감을 줌. 앰버 허드는 그나저나 이뻣다.",
    "rating": "8",
    "date": "14.09.14"
  },
  {
    "review_id": "9206639",
    "movie_id": "100610",
    "author": "bcwh****",
    "review": "이게 대체 뭐말입니까 까부리지 마십시요",
    "rating": "1",
    "date": "14.09.12"
  },
  {
    "review_id": "9179684",
    "movie_id": "100610",
    "author": "rlae****",
    "review": "진짜최근에 가장꿀잼영화 시간가는줄 모르고봣네요 2시간짜릴",
    "rating": "10",
    "date": "14.09.07"
  },
  {
    "review_id": "9177549",
    "movie_id": "100610",
    "author": "ads7****",
    "review": "개그가 웃김 ㅋㅋㅋ ㄹㅇ",
    "rating": "10",
    "date": "14.09.07"
  },
  {
    "review_id": "9155422",
    "movie_id": "100610",
    "author": "hell****",
    "review": "액션보단 가족애가 주제인 영화. 한국배급사들은 언제 정신차릴지.",
    "rating": "9",
    "date": "14.09.02"
  },
  {
    "review_id": "9154973",
    "movie_id": "100610",
    "author": "kyo1****",
    "review": "뤽베송 특유에 코미디 좋아하는 편은 아니지만 그런대로 재밌다.",
    "rating": "9",
    "date": "14.09.02"
  },
  {
    "review_id": "9154289",
    "movie_id": "100610",
    "author": "kkod****",
    "review": "재밌었음 여친이랑 받는디 좋아했어용",
    "rating": "10",
    "date": "14.09.01"
  },
  {
    "review_id": "9151370",
    "movie_id": "100610",
    "author": "ashp****",
    "review": "킬링타임용 근데....액션이라기엔 좀부족하고 패밀리영화라기에도 애매함ㅋㅋ 거기다 앰버허드 왜나오는거야대체 ㅋㅋㅋㅋ",
    "rating": "8",
    "date": "14.08.31"
  },
  {
    "review_id": "9143931",
    "movie_id": "100610",
    "author": "yana****",
    "review": "무난하다고 본다...",
    "rating": "7",
    "date": "14.08.29"
  },
  {
    "review_id": "9140985",
    "movie_id": "100610",
    "author": "csmo****",
    "review": "간간히 웃기고 나쁘지 않은 킬링타임 영화네. 케빈 코스트너 연기도 나쁘지 않고.",
    "rating": "7",
    "date": "14.08.28"
  },
  {
    "review_id": "9133738",
    "movie_id": "100610",
    "author": "pria****",
    "review": "봉창 두드리는 유머코드.",
    "rating": "3",
    "date": "14.08.25"
  },
  {
    "review_id": "9131557",
    "movie_id": "100610",
    "author": "miss****",
    "review": "케빈 코스트너 같은 아빠 있음 좋겠다 ㅠ.ㅠ",
    "rating": "9",
    "date": "14.08.25"
  },
  {
    "review_id": "9131331",
    "movie_id": "100610",
    "author": "jmw6****",
    "review": "킬링타임용 그이상의 영화",
    "rating": "7",
    "date": "14.08.25"
  },
  {
    "review_id": "9128328",
    "movie_id": "100610",
    "author": "hoon****",
    "review": "T-스토어에서 무료영화 다운 안내메시지가 들어와서 다운 후 곧 바로 시청들어감. 덕분에 괴안은 영화 한편 잘 보았다.안 그래도 꼭 보고싶었던 영화였는데, 좋은 화질과 빵빵한 사운드로 감상한 결과는 상당히 만족스럽다.허나 맘이 좀 찡했던것은 세기",
    "rating": "9",
    "date": "14.08.24"
  },
  {
    "review_id": "9127730",
    "movie_id": "100610",
    "author": "ctwf****",
    "review": "가정의 달 영화. 금발의 Amber heard는 시선을 뗄수 없는 매력적.",
    "rating": "6",
    "date": "14.08.24"
  },
  {
    "review_id": "9127398",
    "movie_id": "100610",
    "author": "akwn****",
    "review": "악당이 너무 약하게 나옴 악당이랑 싸움할때 시시함",
    "rating": "5",
    "date": "14.08.24"
  },
  {
    "review_id": "9125365",
    "movie_id": "100610",
    "author": "gree****",
    "review": "나이든 첩보요원이 주인공이라는 엇비슷한 테이큰 같은 액션만 바란다면 지루할 수도 있겠으나.. 긴장하며 죽이려고 다가가던 타겟 앞에서 딸에게 온 전화를 받고 '요즘 애들은..' 하면서 돌아서는 장면처럼 마냥 진지한 주인공이 아니라는게 재밌는요소 같네요.",
    "rating": "8",
    "date": "14.08.23"
  },
  {
    "review_id": "9125242",
    "movie_id": "100610",
    "author": "urin****",
    "review": "그냥 뭐 첩보액션 가미된 가족영화 분위기..",
    "rating": "7",
    "date": "14.08.23"
  },
  {
    "review_id": "9116035",
    "movie_id": "100610",
    "author": "kbut****",
    "review": "드라마인지 액션영화인지 보다가 잠을 청하게 되는 이 기가막힌 스토리는 ..",
    "rating": "5",
    "date": "14.08.20"
  },
  {
    "review_id": "9108986",
    "movie_id": "100610",
    "author": "tjdt****",
    "review": "명영화는 아니지만 킬링타임용 또한 아니다. 재미있게봤다.",
    "rating": "10",
    "date": "14.08.18"
  },
  {
    "review_id": "9108257",
    "movie_id": "100610",
    "author": "flsl****",
    "review": "재밌어용 캐빈코스트너 짜아앙",
    "rating": "10",
    "date": "14.08.18"
  },
  {
    "review_id": "9106287",
    "movie_id": "100610",
    "author": "kimj****",
    "review": "그닥 뭐 볼만한 큰 액션도 없고 스토리도 부실하고 볼만한건 엠버허드의 관능미 정도",
    "rating": "6",
    "date": "14.08.18"
  },
  {
    "review_id": "9105963",
    "movie_id": "100610",
    "author": "kkgg****",
    "review": "그냥 가볍고 재미있게 볼수있어서 좋았다...그냥 이 시대를 살아가는 아버지가 특수요원직업만 달고 나온거라고 생각해....흔히 생각하는 스릴러하곤 달라",
    "rating": "9",
    "date": "14.08.18"
  },
  {
    "review_id": "9101880",
    "movie_id": "100610",
    "author": "ange****",
    "review": "액션영화아님.. 액션이 가미된 코미디가족영화..뤽베송각본이라 그 다운 웃음기가 가미된 그냥 재밌게본 영화..본시리즈같은 첩보액션같은걸 기대하신다면 비추입니다.",
    "rating": "6",
    "date": "14.08.17"
  },
  {
    "review_id": "9101626",
    "movie_id": "100610",
    "author": "p75m****",
    "review": "보디가드의 그가 생각난다.",
    "rating": "8",
    "date": "14.08.17"
  },
  {
    "review_id": "9099651",
    "movie_id": "100610",
    "author": "vide****",
    "review": "맥지 감독이라 약간의 기대. 뤽베송 각본에 역시나 실망. 엔딩 크레딧에 보이는 낯익은 이름, 크리스토프 램버트 제작?? 이게 제일 신기하다.",
    "rating": "6",
    "date": "14.08.17"
  },
  {
    "review_id": "9095986",
    "movie_id": "100610",
    "author": "rewq****",
    "review": "하나의 주제로만 밀고 나가지, 괜히  여러가지 주제를 쓸 데 없이 버무려서 요리를 망친 그런 느낌이다.",
    "rating": "5",
    "date": "14.08.16"
  },
  {
    "review_id": "9094018",
    "movie_id": "100610",
    "author": "timh****",
    "review": "가족애를 담은 드라마, 첩보 액션물. 정말 안어울리게 조합을 했다. 이도저도 아니고 따로 노는 기분.",
    "rating": "5",
    "date": "14.08.16"
  },
  {
    "review_id": "9084791",
    "movie_id": "100610",
    "author": "ej24****",
    "review": "괜춘해요~~~~! 그냥 볼만함..ㅋㅋㅋ",
    "rating": "6",
    "date": "14.08.14"
  },
  {
    "review_id": "9076668",
    "movie_id": "100610",
    "author": "ko19****",
    "review": "액션, 스릴러, 범죄, 드라마가 아니라 액션, 코미디 아닌가?",
    "rating": "8",
    "date": "14.08.13"
  },
  {
    "review_id": "9058281",
    "movie_id": "100610",
    "author": "bigd****",
    "review": "중후반까지 좋았는데 마지막에 가서 힘이 빠져 다소 아쉽네요 중요한 것 같은 인물들이 별 비중없이 나오는게 함정",
    "rating": "8",
    "date": "14.08.09"
  },
  {
    "review_id": "9055932",
    "movie_id": "100610",
    "author": "slud****",
    "review": "분위기도 좋고 볼만해요 여자들이 이뻐서 좋았음 ^^",
    "rating": "7",
    "date": "14.08.09"
  }
]