[
  {
    "review_id": "10277062",
    "movie_id": "100654",
    "author": "push****",
    "review": "사람답게 사는 세상에서 우리의 후손들이 살았으면 ..없어져야 할것들이 너무많아",
    "rating": "10",
    "date": "15.08.26"
  },
  {
    "review_id": "10264428",
    "movie_id": "100654",
    "author": "seon****",
    "review": "굴복하지맙시다모두..",
    "rating": "10",
    "date": "15.08.22"
  },
  {
    "review_id": "10247710",
    "movie_id": "100654",
    "author": "taek****",
    "review": "삼성이라면 끔뻑 죽는 어르신들이 봐야하는데...",
    "rating": "10",
    "date": "15.08.18"
  },
  {
    "review_id": "10238579",
    "movie_id": "100654",
    "author": "dudw****",
    "review": "꼭 보세요.. 보는내내 많이 울었습니다. 실화라니 믿기지가 않네요..",
    "rating": "10",
    "date": "15.08.16"
  },
  {
    "review_id": "10215167",
    "movie_id": "100654",
    "author": "limh****",
    "review": "평점처음등록한다삼성이 화가나서",
    "rating": "10",
    "date": "15.08.11"
  },
  {
    "review_id": "10215163",
    "movie_id": "100654",
    "author": "limy****",
    "review": "정말 봐야할 영화..연기자 분들 감사합니다",
    "rating": "10",
    "date": "15.08.11"
  },
  {
    "review_id": "10182489",
    "movie_id": "100654",
    "author": "hosn****",
    "review": "亡 한윤미의 경우, 각종 유해 화학물질과 방사선에 지속적으로 노출 되었고 3교대 근무를 하면서 수시로 생채 리듬을 깨는 야간근무 초과근무 등을 하여  업무상 과로와 스트레스를 받았는 바 亡 한윤미의 사망은 업무 상 재해에 해당된다.",
    "rating": "10",
    "date": "15.08.04"
  },
  {
    "review_id": "10153098",
    "movie_id": "100654",
    "author": "dong****",
    "review": "그저안타깝습니다.힘내십시오",
    "rating": "10",
    "date": "15.07.28"
  },
  {
    "review_id": "10134707",
    "movie_id": "100654",
    "author": "dleo****",
    "review": "슬프고 먹먹하긴했지만 딱 거기까지였다... 소재를보고 감성팔이에 나도모르게 끌려서보았지만 진짜 작품성은없디 없었다. 모기업의 횡포에 맞서는 가족의 슬픈싸움을다루었다. 하지만 영화가 담아낸 역량이 너무미미해서 고발이 제대로안됨",
    "rating": "1",
    "date": "15.07.23"
  },
  {
    "review_id": "10122431",
    "movie_id": "100654",
    "author": "hele****",
    "review": "이 영화를 만들어주신 영화사에게 감사를 이영화를 공중파에서 볼날이 있을까요?깨끗히 인정하자 셋별아",
    "rating": "10",
    "date": "15.07.20"
  },
  {
    "review_id": "10106013",
    "movie_id": "100654",
    "author": "chad****",
    "review": "good good good",
    "rating": "8",
    "date": "15.07.15"
  },
  {
    "review_id": "10105485",
    "movie_id": "100654",
    "author": "love****",
    "review": "그들의 아픔을 느낄 수 있게 해준 영화에 감사함을..",
    "rating": "8",
    "date": "15.07.15"
  },
  {
    "review_id": "10103963",
    "movie_id": "100654",
    "author": "dkdl****",
    "review": "짱짱짱짱ㅎ짱ㅎ<~~?~???짱짱짱ㅎ짱짱~~<?|??",
    "rating": "10",
    "date": "15.07.14"
  },
  {
    "review_id": "10102661",
    "movie_id": "100654",
    "author": "lee7****",
    "review": "너무 슬픈영화이면서한편으로 진심빡돌았다 쌤썽 고위직 식히들 진짜  나중에 천벌을 받을꺼다",
    "rating": "10",
    "date": "15.07.14"
  },
  {
    "review_id": "10101987",
    "movie_id": "100654",
    "author": "wjdd****",
    "review": "꼭 봐야 하는 영화입니다",
    "rating": "10",
    "date": "15.07.13"
  },
  {
    "review_id": "10090181",
    "movie_id": "100654",
    "author": "mild****",
    "review": "떳길래 웬 듣보잡 영화인가 해서 검색해보고 출연배우 청산규리 이경영나오는거 알고 바로 버렸다 쓰레기 영화일 듯",
    "rating": "1",
    "date": "15.07.11"
  },
  {
    "review_id": "10077958",
    "movie_id": "100654",
    "author": "ara_****",
    "review": "가슴이 먹먹해집니다.",
    "rating": "10",
    "date": "15.07.07"
  },
  {
    "review_id": "10051027",
    "movie_id": "100654",
    "author": "opti****",
    "review": "눈물뚝뚝 ... 좋은 영화인듯...",
    "rating": "10",
    "date": "15.06.29"
  },
  {
    "review_id": "10024197",
    "movie_id": "100654",
    "author": "sued****",
    "review": "이런 영화는 꼭 봐줘야 합니다.",
    "rating": "9",
    "date": "15.06.23"
  },
  {
    "review_id": "10006020",
    "movie_id": "100654",
    "author": "jhj5****",
    "review": "너무 가슴아픈 영화네요...삼가 고인의 명복을 빕니다",
    "rating": "10",
    "date": "15.06.17"
  },
  {
    "review_id": "9993808",
    "movie_id": "100654",
    "author": "leej****",
    "review": "방사능  이제 작작해야 할듯함",
    "rating": "7",
    "date": "15.06.12"
  },
  {
    "review_id": "9967190",
    "movie_id": "100654",
    "author": "junh****",
    "review": "유전무죄 무전유죄  사회는 돈과 인맥이다라는걸 새삼깨닫게된다..",
    "rating": "10",
    "date": "15.05.31"
  },
  {
    "review_id": "9966802",
    "movie_id": "100654",
    "author": "ques****",
    "review": "이 소재의 영화를 재미없다고 평 낮게한 사람들은 진짜 소원이나 7번방의 선물 이런 거 보지말고 도둑들이나 아이언맨, 해리포터 같이 볼 거리 많은 영화 보지... 왜 재미없다고 평 낮게 줘...",
    "rating": "10",
    "date": "15.05.31"
  },
  {
    "review_id": "9965087",
    "movie_id": "100654",
    "author": "heo3****",
    "review": "억지 감동을 이끌어내려는 영화..",
    "rating": "1",
    "date": "15.05.31"
  },
  {
    "review_id": "9964913",
    "movie_id": "100654",
    "author": "hdev****",
    "review": "정말 좋은 영화입니다.",
    "rating": "10",
    "date": "15.05.31"
  },
  {
    "review_id": "9942537",
    "movie_id": "100654",
    "author": "mskk****",
    "review": "웃기는 장면들이 꽤 있다! 그런데 본질적으로 뼛속깊이 재밌진 않다.",
    "rating": "7",
    "date": "15.05.23"
  },
  {
    "review_id": "9934235",
    "movie_id": "100654",
    "author": "28xk****",
    "review": "진실은 밝혀진다  ㅇㅇㅇ",
    "rating": "10",
    "date": "15.05.20"
  },
  {
    "review_id": "9932363",
    "movie_id": "100654",
    "author": "cmj2****",
    "review": "이 영화 도덕선생님이 보여주셨는데 진짜 슬프고 삼성진짜 노답임",
    "rating": "10",
    "date": "15.05.19"
  },
  {
    "review_id": "9905501",
    "movie_id": "100654",
    "author": "eart****",
    "review": "또 하나의 감성팔이 ^^",
    "rating": "1",
    "date": "15.05.09"
  },
  {
    "review_id": "9898454",
    "movie_id": "100654",
    "author": "mbgm****",
    "review": "사람있고 기업있는거지. 우선순위가 무엇인지 생각하게 해주는 영화",
    "rating": "9",
    "date": "15.05.05"
  },
  {
    "review_id": "9862418",
    "movie_id": "100654",
    "author": "mys3****",
    "review": "잘 봤습니다. 이렇게 묻혀진 사실들이 더욱 드러나야 합니다.",
    "rating": "10",
    "date": "15.04.24"
  },
  {
    "review_id": "9859589",
    "movie_id": "100654",
    "author": "kyw3****",
    "review": "굿 잼있을것 같아요~~",
    "rating": "10",
    "date": "15.04.23"
  },
  {
    "review_id": "9859357",
    "movie_id": "100654",
    "author": "kifa****",
    "review": "좋은영화네요. 이제야 dvd로 봤습니다. 이런분들이 세상을 바꾸겠지요. 거대권력과 끝까지 맞서 싸우는 분들~고인의 명복을 빕니다.",
    "rating": "10",
    "date": "15.04.23"
  },
  {
    "review_id": "9856374",
    "movie_id": "100654",
    "author": "4561****",
    "review": "또하나의약속....",
    "rating": "1",
    "date": "15.04.22"
  },
  {
    "review_id": "9855443",
    "movie_id": "100654",
    "author": "mika****",
    "review": "이 영화가 가슴을 아프게 합니다.",
    "rating": "10",
    "date": "15.04.21"
  },
  {
    "review_id": "9821388",
    "movie_id": "100654",
    "author": "sala****",
    "review": "좌좀들의 마음을 울리는 영화 쓰레기 인정!",
    "rating": "1",
    "date": "15.04.02"
  },
  {
    "review_id": "9815920",
    "movie_id": "100654",
    "author": "nikp****",
    "review": "잘못된건 잘못되었다고 인정할수있는 사회가 , 기업이, 사람들이 되길 바랍니다.",
    "rating": "10",
    "date": "15.03.29"
  },
  {
    "review_id": "9813832",
    "movie_id": "100654",
    "author": "pth3****",
    "review": "반드시 집고 넘어가야하는 문제. 더 성숙해지기를...",
    "rating": "9",
    "date": "15.03.29"
  },
  {
    "review_id": "9806082",
    "movie_id": "100654",
    "author": "fleu****",
    "review": "몇 년 전에 인터넷에서 접했었는데 그때 관심있게 읽지 않았던 것이 부끄럽게 느껴지네요. 영화보면서 참 많이 울었습니다. 답답하기도 하고. 피해자분들께 좋은 결과가 있길 기원합니다.",
    "rating": "10",
    "date": "15.03.25"
  },
  {
    "review_id": "9790529",
    "movie_id": "100654",
    "author": "poiu****",
    "review": "삼성을 공기업이라고 생각하고 삼성제품을 꼭 사야한다고 생각하는 사람들이 한번 봐야하는영화",
    "rating": "10",
    "date": "15.03.18"
  },
  {
    "review_id": "9788753",
    "movie_id": "100654",
    "author": "bat1****",
    "review": "최고의 영화!!!가슴아프다~~~",
    "rating": "10",
    "date": "15.03.17"
  },
  {
    "review_id": "9786909",
    "movie_id": "100654",
    "author": "neda****",
    "review": "영화 속에서 진성 = > 삼성. 삼성맨이 멋지다고 생각했지만 이젠 아니다.",
    "rating": "10",
    "date": "15.03.16"
  },
  {
    "review_id": "9786045",
    "movie_id": "100654",
    "author": "ehwj****",
    "review": "메세지가 참 좋은 영화. 부조리한 대기업에 맞서 싸우는건 우리나라에서 참 쉽지 않았을텐데 대단한듯.. 조금 오글거렸던거 빼고는..볼만했다.",
    "rating": "7",
    "date": "15.03.15"
  },
  {
    "review_id": "9780319",
    "movie_id": "100654",
    "author": "kkvv****",
    "review": "영화는 좋은데 김규리가 나와서 좌편향 영화인지 의심이 간다차라리 다른배우 썻으면 좋앗을것을",
    "rating": "8",
    "date": "15.03.14"
  },
  {
    "review_id": "9779081",
    "movie_id": "100654",
    "author": "dga6****",
    "review": "꼭 봐야할 영화.... 오래 기억 남을것 같아요",
    "rating": "10",
    "date": "15.03.14"
  },
  {
    "review_id": "9776210",
    "movie_id": "100654",
    "author": "leet****",
    "review": "아픈 현실에 가슴이 먹먹합니다",
    "rating": "8",
    "date": "15.03.13"
  },
  {
    "review_id": "9770313",
    "movie_id": "100654",
    "author": "bm80****",
    "review": "고인의 명복을빌며,삼성은 돈으로해결할려는 개잡법을 각성하라",
    "rating": "10",
    "date": "15.03.10"
  },
  {
    "review_id": "9766912",
    "movie_id": "100654",
    "author": "love****",
    "review": "s기업 하는짓 그지 같고 공화국 뺩치는 짓해도 그래도  국민들 먹고 사는뎅 도움되서 좋게 봤더만.. 이 영화 보고 난뒤에 생각은뒤론 개 쓰레기짓하는거 맞나 보네요..",
    "rating": "10",
    "date": "15.03.08"
  },
  {
    "review_id": "9766607",
    "movie_id": "100654",
    "author": "mana****",
    "review": "삼성은 정말 어휴...",
    "rating": "9",
    "date": "15.03.08"
  },
  {
    "review_id": "9765980",
    "movie_id": "100654",
    "author": "whdn****",
    "review": "감동적인 영화입니다 꼭보세요",
    "rating": "10",
    "date": "15.03.08"
  },
  {
    "review_id": "9762792",
    "movie_id": "100654",
    "author": "a159****",
    "review": "학교동아리시간때 봤었는데 보다가 울음..",
    "rating": "10",
    "date": "15.03.07"
  },
  {
    "review_id": "9762457",
    "movie_id": "100654",
    "author": "rlag****",
    "review": "보면서 울었다 진짜 ㅋㅋㅋㅋ",
    "rating": "10",
    "date": "15.03.07"
  },
  {
    "review_id": "9761658",
    "movie_id": "100654",
    "author": "ko77****",
    "review": "다시는 이런일이 반복되지 않는 날이 오길 바랍니다.",
    "rating": "10",
    "date": "15.03.06"
  },
  {
    "review_id": "9754756",
    "movie_id": "100654",
    "author": "redf****",
    "review": "좋은 영화 입니다, 이시대의 알아야 할 우리의 의무 입니다",
    "rating": "10",
    "date": "15.03.03"
  },
  {
    "review_id": "9747703",
    "movie_id": "100654",
    "author": "chj9****",
    "review": "최고의 영화 최고의 선물이다",
    "rating": "10",
    "date": "15.02.28"
  },
  {
    "review_id": "9741352",
    "movie_id": "100654",
    "author": "ji_y****",
    "review": "이제라도 산재 인정해준다니 다행이네",
    "rating": "10",
    "date": "15.02.26"
  },
  {
    "review_id": "9738949",
    "movie_id": "100654",
    "author": "khop****",
    "review": "대기업의 술수를 당해내기 어려운 피해자들이자 약자들이 얼마나 몸과 마음이 얼마나 고통받고 있었는지 잘 보았고 현재진행형이라하니 힘내시고 법이 강자편이 아니라 진리편에 있기를 바라는 한사람이었습니다.",
    "rating": "10",
    "date": "15.02.26"
  },
  {
    "review_id": "9735159",
    "movie_id": "100654",
    "author": "naia****",
    "review": "이이제이를 이제야 듣고 이 영화를 알게되었습니다. 슬프지만 꼭 봐야할 우리 영화입니다.",
    "rating": "9",
    "date": "15.02.24"
  },
  {
    "review_id": "9733509",
    "movie_id": "100654",
    "author": "hsun****",
    "review": "알게해주셔서 감사합니다.",
    "rating": "9",
    "date": "15.02.24"
  },
  {
    "review_id": "9726919",
    "movie_id": "100654",
    "author": "kjc4****",
    "review": "감동적이고 , 이슈가 많이 되었지만 잊고 지냈던 사실인데 영화로 만들어주시면서 다시 이슈가 되었고 앞으로도 누군가가 계속 보시길 바랍니다.",
    "rating": "9",
    "date": "15.02.22"
  },
  {
    "review_id": "9705067",
    "movie_id": "100654",
    "author": "jaka****",
    "review": "이런거 첨해봐요...가슴아프고 ?꼭 홧팅해서 승리하세요",
    "rating": "10",
    "date": "15.02.17"
  },
  {
    "review_id": "9700810",
    "movie_id": "100654",
    "author": "icep****",
    "review": "히잉ㅠㅠ 어른들이 미안해ㅠㅠ",
    "rating": "10",
    "date": "15.02.15"
  },
  {
    "review_id": "9699776",
    "movie_id": "100654",
    "author": "pure****",
    "review": "많은 생각을 하게 하는 영화입니다. 꼭 보세요",
    "rating": "10",
    "date": "15.02.15"
  },
  {
    "review_id": "9694032",
    "movie_id": "100654",
    "author": "dank****",
    "review": "심심한 법정드라마. 다만 그 대상이 삼성이라는것에 용기를",
    "rating": "7",
    "date": "15.02.14"
  },
  {
    "review_id": "9693032",
    "movie_id": "100654",
    "author": "milk****",
    "review": "그들의.희생이 있었기에 우리나라가 부국강대국인것이다... 모두 묵념 합니다",
    "rating": "7",
    "date": "15.02.13"
  },
  {
    "review_id": "9687891",
    "movie_id": "100654",
    "author": "with****",
    "review": "좋은작품 감사합니다. 그리고 진실된 용기에 마음속 박수를 보냅니다.",
    "rating": "10",
    "date": "15.02.11"
  },
  {
    "review_id": "9684957",
    "movie_id": "100654",
    "author": "godd****",
    "review": "영화속 아버지 마음이 이해된다.",
    "rating": "10",
    "date": "15.02.10"
  },
  {
    "review_id": "9677840",
    "movie_id": "100654",
    "author": "cold****",
    "review": "그들이 싸울때 저는 뭐했는지  반성할 뿐입니다",
    "rating": "10",
    "date": "15.02.08"
  },
  {
    "review_id": "9670194",
    "movie_id": "100654",
    "author": "wlgu****",
    "review": "삼성..정말실망이다",
    "rating": "10",
    "date": "15.02.05"
  },
  {
    "review_id": "9661208",
    "movie_id": "100654",
    "author": "vaen****",
    "review": "영화 내적인 완성도로도 외적인 메시지로도 훌륭한 영화",
    "rating": "10",
    "date": "15.02.02"
  },
  {
    "review_id": "9648765",
    "movie_id": "100654",
    "author": "ojo6****",
    "review": "영화배우 박철민을 한층더 돋보이게 하는 영화인것 같습니다. 김규리는 이런 영화에는 어울리지 않는것 같았고, 감옥에서 투쟁 할 때 큰 키에 조각스런 얼굴라인만 돋보였네요.",
    "rating": "9",
    "date": "15.01.29"
  },
  {
    "review_id": "9643911",
    "movie_id": "100654",
    "author": "dkfl****",
    "review": "감동입니다 대기업의 갑질 힘드네요",
    "rating": "10",
    "date": "15.01.28"
  },
  {
    "review_id": "9629591",
    "movie_id": "100654",
    "author": "daiz****",
    "review": "사회문제 다뤄주는 영화가 고맙습니다",
    "rating": "10",
    "date": "15.01.24"
  },
  {
    "review_id": "9629311",
    "movie_id": "100654",
    "author": "blue****",
    "review": "진짜 슬펐어요... 꼭 보시길",
    "rating": "10",
    "date": "15.01.24"
  },
  {
    "review_id": "9627117",
    "movie_id": "100654",
    "author": "poio****",
    "review": "안타깝고 또 안타깝다..",
    "rating": "10",
    "date": "15.01.23"
  },
  {
    "review_id": "9610510",
    "movie_id": "100654",
    "author": "pusa****",
    "review": "나예고편보면서 눈물났다 하지만 풀로 봤을때실망할걸 대비해서 9점준다",
    "rating": "9",
    "date": "15.01.18"
  },
  {
    "review_id": "9603136",
    "movie_id": "100654",
    "author": "whit****",
    "review": "뭔말이필요한가 맘아프다",
    "rating": "10",
    "date": "15.01.17"
  },
  {
    "review_id": "9580252",
    "movie_id": "100654",
    "author": "ivan****",
    "review": "삼성은 누가 뭐래도 명실상부  최고 기업이다. 이 딴 쓰레기영화 만들지 마라.",
    "rating": "1",
    "date": "15.01.10"
  },
  {
    "review_id": "9549702",
    "movie_id": "100654",
    "author": "shou****",
    "review": "또 하나의 약속... 많은 의미가 담긴 제목이네요. 삼성이 과거 기업 슬로건으로 \"또 하나의 가족을 내세웠죠\" 과연 이게 또 하나의 가족인지 배신감 마져 느끼네요. 대한민국 아직 한참 멀었다는걸 느낍니다.",
    "rating": "9",
    "date": "15.01.02"
  },
  {
    "review_id": "9538790",
    "movie_id": "100654",
    "author": "m1ms****",
    "review": "자는 사람은 깨우기 쉬워도 자는척 하는 사람은 힘들다는걸 알지만 억울한 사람들을 조그맣게 나마 위로해줄수 있어서 너무 좋습니다",
    "rating": "10",
    "date": "14.12.30"
  },
  {
    "review_id": "9536672",
    "movie_id": "100654",
    "author": "alma****",
    "review": "좋은 영화 만들어 주셔서 감사합니다. 세상에는 알아야 할 일들이 있지요. 영화를 보기 전엔 그저 잠깐 뉴스에서 접했던 것 같은이야기일뿐이었는데.. 많은 분들이 꼭 이 영화를 보셨으면 합니다.",
    "rating": "10",
    "date": "14.12.30"
  },
  {
    "review_id": "9536084",
    "movie_id": "100654",
    "author": "dkdl****",
    "review": "보면서 정말 안타까울뿐이었다 이렇게 용기있게 각오하고 이런 영화를 제작해줘서 감사하네요 앞으로 물론 어렵겠지만. 이런영화가 많이 개봉했으면 하는 바램이네요",
    "rating": "10",
    "date": "14.12.29"
  },
  {
    "review_id": "9528404",
    "movie_id": "100654",
    "author": "huma****",
    "review": "너무감동이예요!!^^",
    "rating": "10",
    "date": "14.12.28"
  },
  {
    "review_id": "9526318",
    "movie_id": "100654",
    "author": "yash****",
    "review": "이래서 윤리윤리 거리는거지... 지킬건 지켜야지 짜식들이..",
    "rating": "10",
    "date": "14.12.27"
  },
  {
    "review_id": "9524959",
    "movie_id": "100654",
    "author": "nooy****",
    "review": "박철민의 연기와 김태윤 감독의   용기에 찬사들 드린다.이본다 더 감동적인 영화가 있을까.",
    "rating": "9",
    "date": "14.12.27"
  },
  {
    "review_id": "9516706",
    "movie_id": "100654",
    "author": "hyk5****",
    "review": "대기업의  못된 불장난을 본 것 같습니다",
    "rating": "10",
    "date": "14.12.25"
  },
  {
    "review_id": "9509109",
    "movie_id": "100654",
    "author": "tcat****",
    "review": "영화 내용을 떠나 정말 가슴아픈 내용입니다.",
    "rating": "6",
    "date": "14.12.24"
  },
  {
    "review_id": "9508713",
    "movie_id": "100654",
    "author": "vvkh****",
    "review": "아버지의 마음을 알수있었던 영화였습니다",
    "rating": "9",
    "date": "14.12.24"
  },
  {
    "review_id": "9508664",
    "movie_id": "100654",
    "author": "heej****",
    "review": "'감동스럽지 않았다. 오히려 혐오였다.' 어릴적에 난 사람목숨이 세상에서 가장 소중한존재로 여겨왔다. 하지만 그 생각을 이 영화는 산산조각내버렸다.삼성과 같은 악덕회사가 또 있겠지만 이와같이생명을가지고비웃거나장난치는사람들모두죽었으면좋겠다고느낀순간이다.",
    "rating": "8",
    "date": "14.12.24"
  },
  {
    "review_id": "9505517",
    "movie_id": "100654",
    "author": "hojj****",
    "review": "화학약품에 노출된 근로자들은 진성반도체외에도 많을것입니다. 영화를 통해 잘 모르던 사실들을 알게 되었네요",
    "rating": "10",
    "date": "14.12.23"
  },
  {
    "review_id": "9492906",
    "movie_id": "100654",
    "author": "lsgb****",
    "review": "영화로는 본다면 9점이지만 출연자들 감독...그리고 피해자들은 생각한다면 10점 그이상이네요~!!!영화 끝나고 실제인물 황상기씨와 영화투자자들 이름이 나오는데 정말 감동이었습니다. 대기업을 상대로 이렇게 대단한 일을 하신분...너무 멋지십니다.",
    "rating": "9",
    "date": "14.12.20"
  },
  {
    "review_id": "9489142",
    "movie_id": "100654",
    "author": "xxha****",
    "review": "실화라는 사실에 분노 또 분노..",
    "rating": "8",
    "date": "14.12.19"
  },
  {
    "review_id": "9486064",
    "movie_id": "100654",
    "author": "crob****",
    "review": "생각보다 별로였음ㅠㅠ",
    "rating": "1",
    "date": "14.12.18"
  },
  {
    "review_id": "9481617",
    "movie_id": "100654",
    "author": "rheh****",
    "review": "굳구구구굳굳굳구구굳",
    "rating": "10",
    "date": "14.12.17"
  },
  {
    "review_id": "9477584",
    "movie_id": "100654",
    "author": "fnvl****",
    "review": "최고의 영화였습니다 삼성인지 모르겠지만 많이 반성 했으면 좋겠습니다",
    "rating": "10",
    "date": "14.12.16"
  },
  {
    "review_id": "9471218",
    "movie_id": "100654",
    "author": "ckdt****",
    "review": "실화를 바탕으로 한 영화로 억울한 사연을가진 가족의 이야기  따뜻한부성애를 느낌니다",
    "rating": "10",
    "date": "14.12.13"
  },
  {
    "review_id": "9461004",
    "movie_id": "100654",
    "author": "sooh****",
    "review": "답답하고 화나고....",
    "rating": "10",
    "date": "14.12.09"
  },
  {
    "review_id": "9458366",
    "movie_id": "100654",
    "author": "arti****",
    "review": "만듦새만 좋았어도 떳떳하게 추천했을텐데... 하지만 사실만으로",
    "rating": "9",
    "date": "14.12.08"
  },
  {
    "review_id": "9449453",
    "movie_id": "100654",
    "author": "akdl****",
    "review": "한국은 이런좋은 영화도만들수 있으면서 왜나쁜영화만 만들려고 할까",
    "rating": "10",
    "date": "14.12.05"
  },
  {
    "review_id": "9448790",
    "movie_id": "100654",
    "author": "zmff****",
    "review": "구체적으로 사건에 대해서 잘 모르는 사람들에게 이래저래해서 일어났다는 것을 잘 알려주는 좋은 영화라고 생각합니다.",
    "rating": "10",
    "date": "14.12.05"
  }
]