[
  {
    "review_id": "10251811",
    "movie_id": "100677",
    "author": "icec****",
    "review": "정말 짜증나는 영화네. 특히 여주!",
    "rating": "1",
    "date": "15.08.19"
  },
  {
    "review_id": "10248079",
    "movie_id": "100677",
    "author": "kkai****",
    "review": "에반스가 이렇게 매력적인 배우 였다니..",
    "rating": "9",
    "date": "15.08.18"
  },
  {
    "review_id": "10243239",
    "movie_id": "100677",
    "author": "cont****",
    "review": "잘 끌고 가던 시나리오가 엔딩에서 살짝 아쉬웠다.",
    "rating": "6",
    "date": "15.08.16"
  },
  {
    "review_id": "10142473",
    "movie_id": "100677",
    "author": "sosv****",
    "review": "정말 최악의 영화입니다...뻔한 스토리 현실적이지도 굉장히 로코같지도 않은 애매한 스토리에.. 배우에 매력도 한껏 뽑아내지 못하고... 스토리표현방법도 ... 진짜 지루합니다...",
    "rating": "1",
    "date": "15.07.25"
  },
  {
    "review_id": "10117315",
    "movie_id": "100677",
    "author": "ilil****",
    "review": "이 남자의 사랑이야기가 그다지 매력적으로 다가오지 않는건 왜일까.",
    "rating": "6",
    "date": "15.07.18"
  },
  {
    "review_id": "10089353",
    "movie_id": "100677",
    "author": "ehwj****",
    "review": "딱히 나쁘진 않았는데 뻔하고 지루..",
    "rating": "5",
    "date": "15.07.10"
  },
  {
    "review_id": "10061757",
    "movie_id": "100677",
    "author": "pass****",
    "review": "어설픈 우디알렌 흉내질. 섞이질 못하는 배우들. 남주의 이모뻘은 되보이는 여주.",
    "rating": "3",
    "date": "15.07.02"
  },
  {
    "review_id": "10040844",
    "movie_id": "100677",
    "author": "jimi****",
    "review": "너무웃겨요ㅋ아주유쾌한영화입니당~",
    "rating": "7",
    "date": "15.06.27"
  },
  {
    "review_id": "10016452",
    "movie_id": "100677",
    "author": "hath****",
    "review": "평점주려고 겨우 다 봤다. 영화산업의 파이를 키우는 것외엔 의미가 없는 영화다.",
    "rating": "5",
    "date": "15.06.20"
  },
  {
    "review_id": "10014463",
    "movie_id": "100677",
    "author": "vaga****",
    "review": "봤던 영환줄도 모르고 또 봤네.",
    "rating": "6",
    "date": "15.06.20"
  },
  {
    "review_id": "10004012",
    "movie_id": "100677",
    "author": "pers****",
    "review": "장: 독특한 연출과 영상미 / 단: 뻔한 스토리. 가볍고 지루함",
    "rating": "1",
    "date": "15.06.16"
  },
  {
    "review_id": "9988523",
    "movie_id": "100677",
    "author": "sama****",
    "review": "집중은 잘 안되지만, 볼만 한 .",
    "rating": "6",
    "date": "15.06.10"
  },
  {
    "review_id": "9965844",
    "movie_id": "100677",
    "author": "alem****",
    "review": "신선하긴 한데 별로 재미가 없다...",
    "rating": "6",
    "date": "15.05.31"
  },
  {
    "review_id": "9963971",
    "movie_id": "100677",
    "author": "sohe****",
    "review": "여주의 매력이 살았더라면 좋았을텐데.. 한번보고 잊혀질영화ㅠㅜㅜ 애슐리티스데일은 왜주연인것처럼 해놓으셨죠... 실망했네요",
    "rating": "4",
    "date": "15.05.31"
  },
  {
    "review_id": "9948493",
    "movie_id": "100677",
    "author": "nyro****",
    "review": "전하고자 하는 이야기는 좋다. 자신만의 사랑이야기를 써라.. 그런데 후반 빼고 영화 3분의 2 부분이 넘 지루했다 이야기가 들쑥날쑥하고.",
    "rating": "7",
    "date": "15.05.25"
  },
  {
    "review_id": "9899225",
    "movie_id": "100677",
    "author": "jms5****",
    "review": "크리스 에반스의 상상은 현실이 된다. 영화가 전체적으로 망상만 주구장창 늘어놓고, 정작 중요한 스토리는 놓치고 있다. 사랑에 대해서 친구들과의 토크쇼만 하다가 마지막에 성급하게 마무리되는 느낌이다. 촬영방법이 독특하긴 해도, 이 영화 진짜 맛없다.",
    "rating": "6",
    "date": "15.05.06"
  },
  {
    "review_id": "9835047",
    "movie_id": "100677",
    "author": "clga****",
    "review": "아주 굿 베리굿 나이스굿",
    "rating": "10",
    "date": "15.04.08"
  },
  {
    "review_id": "9755333",
    "movie_id": "100677",
    "author": "dong****",
    "review": "진짜 재밌게봤음!!! 한국드라마같지않아서 좋음ㅋㅋ",
    "rating": "9",
    "date": "15.03.04"
  },
  {
    "review_id": "9695139",
    "movie_id": "100677",
    "author": "hang****",
    "review": "믿고 보는 모나한 저도 꼭 볼게요",
    "rating": "10",
    "date": "15.02.14"
  },
  {
    "review_id": "9670737",
    "movie_id": "100677",
    "author": "psp2****",
    "review": "이래서 남자와 여자는 친구가 될수없다",
    "rating": "5",
    "date": "15.02.05"
  },
  {
    "review_id": "9654580",
    "movie_id": "100677",
    "author": "scza****",
    "review": "술집개작부들이 모여서 수다떠는것을 막걸리마시면서언제까지 들어줘야하는 심정으로 봤슴!",
    "rating": "3",
    "date": "15.01.31"
  },
  {
    "review_id": "9578290",
    "movie_id": "100677",
    "author": "why_****",
    "review": "재밌네~ 최강희 연기가 일품",
    "rating": "9",
    "date": "15.01.09"
  },
  {
    "review_id": "9559035",
    "movie_id": "100677",
    "author": "kimj****",
    "review": "기모노...? 장난하냐...?",
    "rating": "1",
    "date": "15.01.04"
  },
  {
    "review_id": "9556214",
    "movie_id": "100677",
    "author": "i100****",
    "review": "너무나 재밌었습니당 ㅎㅎㅎ",
    "rating": "9",
    "date": "15.01.03"
  },
  {
    "review_id": "9492643",
    "movie_id": "100677",
    "author": "love****",
    "review": "매력적이다 내 연인을 만나고싶네",
    "rating": "8",
    "date": "14.12.20"
  },
  {
    "review_id": "9467330",
    "movie_id": "100677",
    "author": "tung****",
    "review": "미셸 모나헌은 내 마음속 레이첼 맥아담스와 견줄정도로 매력있는 케릭터였다ㅋ 카페안에서 크림치즈와 생크림, 얼음으로 아이스크림을 만들어주는 크리스는 너무나 사랑스러웠다~ 게다가 마트에서 나온 그들의 벅찬감정은 나에게도 전해져왔다",
    "rating": "9",
    "date": "14.12.12"
  },
  {
    "review_id": "9443175",
    "movie_id": "100677",
    "author": "xose****",
    "review": "나름 로맨틱하고 즐거웠어요 추천요 ㅋㅋ",
    "rating": "8",
    "date": "14.12.03"
  },
  {
    "review_id": "9440697",
    "movie_id": "100677",
    "author": "dlvm****",
    "review": "유치하다... 00년대 로맨스 본듯하다. 결혼에임박한여자 결국결혼포기하고 몇번만나지않은 사랑선택하는... 뻔한로코",
    "rating": "2",
    "date": "14.12.02"
  },
  {
    "review_id": "9428418",
    "movie_id": "100677",
    "author": "okre****",
    "review": "안정적인 남자냐 나랑 소통이되는 남자냐물론. 소통이되는남자지만 만나기힘들다는게 함정",
    "rating": "8",
    "date": "14.11.28"
  },
  {
    "review_id": "9399593",
    "movie_id": "100677",
    "author": "jinn****",
    "review": "여자주인공이 넘 늙어보여서 크리스에반스랑   넘넘 안어울렸다그래서 한눈에 그여자한테 반한게 공감이 안됐음ㅡ으크리스에반스의 모처럼의 로맨틱영화인데..ㅠㅠ여자주인공만 딴사람이었음ㄴ좋았겠구나...ㅠㅠ",
    "rating": "3",
    "date": "14.11.19"
  },
  {
    "review_id": "9399151",
    "movie_id": "100677",
    "author": "star****",
    "review": "한시간 반이 이렇게 길줄이야...확 재미있지도 않고 그냥그랬음",
    "rating": "4",
    "date": "14.11.18"
  },
  {
    "review_id": "9396500",
    "movie_id": "100677",
    "author": "bles****",
    "review": "운명이 아니었으면 평생 나쁜 남자로 살았겠다",
    "rating": "5",
    "date": "14.11.17"
  },
  {
    "review_id": "9395645",
    "movie_id": "100677",
    "author": "zzan****",
    "review": "엔조이와 사랑의 차이를 명확히 제시해주지만, 영화는 영화일뿐 그런사랑은 나타나지 않는다. 영화에서 처럼 자고나면 죄책감만 남는 사랑이 대부분이다.",
    "rating": "8",
    "date": "14.11.17"
  },
  {
    "review_id": "9395458",
    "movie_id": "100677",
    "author": "tree****",
    "review": "가볍게 볼 수 있는 무난한 로멘스 :)",
    "rating": "8",
    "date": "14.11.17"
  },
  {
    "review_id": "9391244",
    "movie_id": "100677",
    "author": "com_****",
    "review": "잘만들었다. 현실성 있는, 유쾌하고 진중한 로코. 대사들이 참 마음에 들었다. 모든 캐릭터들의 대사가 구구절절  멋지고 공감간단 말이지. 포도주 스파클링 같았던 영화였다.",
    "rating": "10",
    "date": "14.11.16"
  },
  {
    "review_id": "9375996",
    "movie_id": "100677",
    "author": "rhym****",
    "review": "교훈적이면서도 감동있는 영화다. 단순하게 홍보를 위해 선정적으로 만든 영화랑은 다른듯",
    "rating": "7",
    "date": "14.11.12"
  },
  {
    "review_id": "9373676",
    "movie_id": "100677",
    "author": "egyp****",
    "review": "사랑에 빠져본적없는 글쓰는 남쥔공...?글쓰기위한 경험담...?이 영화도 그렇고 친구와 애인사이/루비 스팍스 등등...왜이리 비슷한 소재와 설정 등의 로맨틱/코미디가 많은지루비 스팍스 빼고 좀 식상하다...",
    "rating": "4",
    "date": "14.11.12"
  },
  {
    "review_id": "9372239",
    "movie_id": "100677",
    "author": "effo****",
    "review": "영화 분위기 뿐만 아니라, 대사가  와 닿는게 많아서 보는 내내 좋았음",
    "rating": "10",
    "date": "14.11.11"
  },
  {
    "review_id": "9370972",
    "movie_id": "100677",
    "author": "kuso****",
    "review": "에반스때문에 보긴했지만, 초반과 연관없는 내용의 전개와 말도안되는 스토리..여자들은 좋아할듯",
    "rating": "5",
    "date": "14.11.11"
  },
  {
    "review_id": "9369898",
    "movie_id": "100677",
    "author": "bans****",
    "review": "사랑은 다가오는것보다 찾아가는것이다",
    "rating": "8",
    "date": "14.11.11"
  },
  {
    "review_id": "9368516",
    "movie_id": "100677",
    "author": "plus****",
    "review": "다른 로맨틱 코미디와는 다른 현실적인 연인관계를 다루려는 시도는 좋았으나 결국엔 다시 본인들이 영화속에서 꼬집던 흔한 로맨스의 결말. 덧붙여 영화 편집의 문제인지 씬 하나하나 산만해서 몰입이 안됨 이 좋은 배우들을 갖고 이정도 연출밖에 못한게 아쉬움",
    "rating": "2",
    "date": "14.11.10"
  },
  {
    "review_id": "9368234",
    "movie_id": "100677",
    "author": "maev****",
    "review": "정말 좋았습니다~~~",
    "rating": "10",
    "date": "14.11.10"
  },
  {
    "review_id": "9364173",
    "movie_id": "100677",
    "author": "bbq2****",
    "review": "영웅 놀이에 지친 크리스 에반스의 쉬어가기 쯤.. 수많은 조연이 나와서 얼굴을 비추지만, 항상 다뤄왔던 뻔한 내용을 화려하게 할 순 없다. 특히 마지막은 가관.",
    "rating": "5",
    "date": "14.11.09"
  },
  {
    "review_id": "9362395",
    "movie_id": "100677",
    "author": "01aj****",
    "review": "관객에게 사랑은 무엇인가에 대해 계속 물음을 던지는... 초반엔 재미없는데... 볼수록 재미 있었던... 미쉘 모나한 이렇게 예쁘게 나온 작품은 처음인듯... 캡틴 아메리카도 좋았음...",
    "rating": "7",
    "date": "14.11.09"
  },
  {
    "review_id": "9358788",
    "movie_id": "100677",
    "author": "soll****",
    "review": "아주 유쾌한 영화~과연 우리도 이렇게 할수 있는 요기가 있을까낭",
    "rating": "9",
    "date": "14.11.09"
  },
  {
    "review_id": "9342824",
    "movie_id": "100677",
    "author": "mooz****",
    "review": "최근에 본 영화 중에서, 가장 수작이다. 이성을 만나 본  경험이 적은 사람들은 이해하기 힘들 영화다. 막 재미있고 심플한 영화는 아니다.",
    "rating": "10",
    "date": "14.11.05"
  },
  {
    "review_id": "9342442",
    "movie_id": "100677",
    "author": "pr00****",
    "review": "산만하고 집중이 잘안되는 영화였어요.개인적으로는 졸리고 지루하다가 마지막에 약간의...",
    "rating": "1",
    "date": "14.11.05"
  },
  {
    "review_id": "9339519",
    "movie_id": "100677",
    "author": "love****",
    "review": "솔직히 감동도 재미도 없는 그냥 그렇고 그런 영화였어요 돈 주고 보기에는 좀 아까운...ㅠ",
    "rating": "3",
    "date": "14.11.03"
  },
  {
    "review_id": "9339310",
    "movie_id": "100677",
    "author": "hana****",
    "review": "영화는 즐겁다,하지만 내옆구린운다..ㅠ",
    "rating": "9",
    "date": "14.11.03"
  },
  {
    "review_id": "9339306",
    "movie_id": "100677",
    "author": "dlwk****",
    "review": "보다보니깐 애슐리티스테일이 짱짱이쁜듯 ㅎㅎㅎㅎ 이번에 나온영화치고 그나마괜찮은듯함~",
    "rating": "10",
    "date": "14.11.03"
  },
  {
    "review_id": "9339300",
    "movie_id": "100677",
    "author": "haks****",
    "review": "저런사랑이 왜 나에게는 찾아오지 않는걸까요?",
    "rating": "9",
    "date": "14.11.03"
  },
  {
    "review_id": "9339295",
    "movie_id": "100677",
    "author": "alar****",
    "review": "타임투러브, 보고나니깐 영화제목대로 이제 사랑할시간이야!",
    "rating": "9",
    "date": "14.11.03"
  },
  {
    "review_id": "9339293",
    "movie_id": "100677",
    "author": "gyeh****",
    "review": "사랑불감증..휴 저도 느껴본적 있는데 힘들던데.영화에서도 그렇네용 외롭당 너무",
    "rating": "8",
    "date": "14.11.03"
  },
  {
    "review_id": "9339288",
    "movie_id": "100677",
    "author": "jk92****",
    "review": "작가라는 직업이 이렇게 매력적일주는 몰랐다!",
    "rating": "9",
    "date": "14.11.03"
  },
  {
    "review_id": "9339284",
    "movie_id": "100677",
    "author": "yunm****",
    "review": "나도 저런 마성의 매력녀가 꼭될거야",
    "rating": "9",
    "date": "14.11.03"
  },
  {
    "review_id": "9339283",
    "movie_id": "100677",
    "author": "kmsj****",
    "review": "내가 태어나서 영화보다가 감상후기적는건 또처음 . 솔직히 여친이보자했을때 돈이아까울줄알았는데 그냥내시간 쪼갠다생각하고 기대없이봣는데 초특급감동 ㅎㅎㅎ",
    "rating": "9",
    "date": "14.11.03"
  },
  {
    "review_id": "9339276",
    "movie_id": "100677",
    "author": "ahwl****",
    "review": "영화보고 집에가는 길에 끄적.. 히히 정말 훈훈했던 결말",
    "rating": "9",
    "date": "14.11.03"
  },
  {
    "review_id": "9339269",
    "movie_id": "100677",
    "author": "feel****",
    "review": "크리스에반스때문에 이런로코 좋아지네요 ㅎㅎㅎ 한국어할때 너무귀여워 ♡",
    "rating": "8",
    "date": "14.11.03"
  },
  {
    "review_id": "9339266",
    "movie_id": "100677",
    "author": "humb****",
    "review": "ㅜ정말 이쁜영화 내용은 흠 뭐라고 해야되지? 시공간을 초월한 로맨스라고 하면 이게 무슨내용이야? 라고 느낄텐데 좋았어여",
    "rating": "9",
    "date": "14.11.03"
  },
  {
    "review_id": "9339261",
    "movie_id": "100677",
    "author": "jima****",
    "review": "미셸모나한이 이번에 로코퀸정점을 찍으시겠네 ㅋㅋ",
    "rating": "9",
    "date": "14.11.03"
  },
  {
    "review_id": "9339259",
    "movie_id": "100677",
    "author": "haby****",
    "review": "휴..크리스 에반스랑 저렇게 데이트 하면 얼마나 설레고 좋을까/",
    "rating": "9",
    "date": "14.11.03"
  },
  {
    "review_id": "9339256",
    "movie_id": "100677",
    "author": "jyou****",
    "review": "자선파티에서 만남..식상한 내용일줄알았는데 전혀아니여서 깜놀!",
    "rating": "10",
    "date": "14.11.03"
  },
  {
    "review_id": "9339249",
    "movie_id": "100677",
    "author": "euyh****",
    "review": "누구나 한번쯤은 저런 로맨ㅅ를 꿈꿔보지 않을까요?",
    "rating": "8",
    "date": "14.11.03"
  },
  {
    "review_id": "9339246",
    "movie_id": "100677",
    "author": "nowt****",
    "review": "영화다보니깐 샌프란시스코 가고싶어짐 ㅋㅋ아 내년휴가때한번갔다올까",
    "rating": "10",
    "date": "14.11.03"
  },
  {
    "review_id": "9339230",
    "movie_id": "100677",
    "author": "chug****",
    "review": "비정상로맨틱 코미디라 이상하줄알았는데 잼잼",
    "rating": "9",
    "date": "14.11.03"
  },
  {
    "review_id": "9339199",
    "movie_id": "100677",
    "author": "kimh****",
    "review": "오랜만에 가을이랑어울리는 영화를 본듯한 이기분 좋다!",
    "rating": "9",
    "date": "14.11.03"
  },
  {
    "review_id": "9339192",
    "movie_id": "100677",
    "author": "daul****",
    "review": "ㅜㅜ내남자친구가 에반스였으면 좋겠당",
    "rating": "10",
    "date": "14.11.03"
  },
  {
    "review_id": "9339182",
    "movie_id": "100677",
    "author": "kiki****",
    "review": "나도 ㅜㅜ 저런  남자친구..만들고싶당..",
    "rating": "8",
    "date": "14.11.03"
  },
  {
    "review_id": "9339179",
    "movie_id": "100677",
    "author": "cds0****",
    "review": "영화보기전에는 에반스랑 모한나가 어울릴까 생각했는데 재밌네ㅕㅇ",
    "rating": "9",
    "date": "14.11.03"
  },
  {
    "review_id": "9339171",
    "movie_id": "100677",
    "author": "daem****",
    "review": "핫! 너무 재미있다 모하나도 너무 이쁘고 히히",
    "rating": "9",
    "date": "14.11.03"
  },
  {
    "review_id": "9339151",
    "movie_id": "100677",
    "author": "hjli****",
    "review": "에반스 연기 대성공 ㅜㅜ 가을이랑 정말 ㅏㄹ어울리는 영화",
    "rating": "9",
    "date": "14.11.03"
  },
  {
    "review_id": "9339146",
    "movie_id": "100677",
    "author": "dear****",
    "review": "흑 나도 에반스같은 남자한테 사랑해 라는말 듣고싶다앙",
    "rating": "8",
    "date": "14.11.03"
  },
  {
    "review_id": "9339143",
    "movie_id": "100677",
    "author": "wjy6****",
    "review": "사랑하는 사람이 있다면 한번쯤 같이 보면 진짜 좋은영화!",
    "rating": "10",
    "date": "14.11.03"
  },
  {
    "review_id": "9339139",
    "movie_id": "100677",
    "author": "jsfo****",
    "review": "내용이 너무좋아요 ㅜㅜ 어떤 말을 할려는건지도 팍알겠고 말이져ㅛ",
    "rating": "10",
    "date": "14.11.03"
  },
  {
    "review_id": "9339137",
    "movie_id": "100677",
    "author": "syse****",
    "review": "미션이파서블에서 나왔던 모한나 모습이랑응ㄴ 확실히다르고 에반스 역시 ㅜㅜ완전변신 성공",
    "rating": "9",
    "date": "14.11.03"
  },
  {
    "review_id": "9339134",
    "movie_id": "100677",
    "author": "bode****",
    "review": "c처음에는 반신반의 하면서 봤는데 전개도 좋고 내용도 좋아여~",
    "rating": "10",
    "date": "14.11.03"
  },
  {
    "review_id": "9339133",
    "movie_id": "100677",
    "author": "bobb****",
    "review": "이태까지 봤던 로코들이랑은 사뭇다른 내요 좋아요~!",
    "rating": "8",
    "date": "14.11.03"
  },
  {
    "review_id": "9339122",
    "movie_id": "100677",
    "author": "pjwo****",
    "review": "저런운명적인 사랑을 하면 기분이 어떨까요?",
    "rating": "8",
    "date": "14.11.03"
  },
  {
    "review_id": "9339119",
    "movie_id": "100677",
    "author": "euiy****",
    "review": "생각보다 정말 아무기대 안하고봤는데 재밌게 보고나온 영화!",
    "rating": "8",
    "date": "14.11.03"
  },
  {
    "review_id": "9339111",
    "movie_id": "100677",
    "author": "pipi****",
    "review": "영화보는 내내 진짜 잘생겼다 ㅜㅜ 라는 이야기들 그리고 둘 연기자 호흡이 진짜 좋네요",
    "rating": "9",
    "date": "14.11.03"
  },
  {
    "review_id": "9339107",
    "movie_id": "100677",
    "author": "inda****",
    "review": "가을이라는 계절 하고 정말 잘어울렸던 영화였습니당",
    "rating": "10",
    "date": "14.11.03"
  },
  {
    "review_id": "9339105",
    "movie_id": "100677",
    "author": "hyun****",
    "review": "나도 샌프란시스코로 한번휴..여행가봤으면 ㅜ",
    "rating": "10",
    "date": "14.11.03"
  },
  {
    "review_id": "9339089",
    "movie_id": "100677",
    "author": "song****",
    "review": "진짜 재미있게 보고왔네요 하하하",
    "rating": "9",
    "date": "14.11.03"
  },
  {
    "review_id": "9339088",
    "movie_id": "100677",
    "author": "ju41****",
    "review": "간만에 진짜 로코다운 로코보고온듯한 이기분 좋아영!",
    "rating": "9",
    "date": "14.11.03"
  },
  {
    "review_id": "9339078",
    "movie_id": "100677",
    "author": "east****",
    "review": "잼있게 잘보고왔습니당 ㅎㅎ 내용도 너무좋고..한가지 아쉬운게 제옆에 남자친구있으면 좋겠당",
    "rating": "10",
    "date": "14.11.03"
  },
  {
    "review_id": "9339075",
    "movie_id": "100677",
    "author": "cari****",
    "review": "사랑불감증이라는 말이너무 와닿네요 ㅎㅎ",
    "rating": "9",
    "date": "14.11.03"
  },
  {
    "review_id": "9339068",
    "movie_id": "100677",
    "author": "asdg****",
    "review": "역시 리어든 감독 로코가 너무좋아~!",
    "rating": "10",
    "date": "14.11.03"
  },
  {
    "review_id": "9339064",
    "movie_id": "100677",
    "author": "cute****",
    "review": "나는저런 운명적인 사랑 언제쯤 ..할수있을까? 휴",
    "rating": "9",
    "date": "14.11.03"
  },
  {
    "review_id": "9339049",
    "movie_id": "100677",
    "author": "dud0****",
    "review": "ㅜㅜ뮈셀모한나 ㅜㅜ 너무 진짜이쁜거같아여 ㅎㅎ",
    "rating": "10",
    "date": "14.11.03"
  },
  {
    "review_id": "9339044",
    "movie_id": "100677",
    "author": "jju8****",
    "review": "에반스 진짜 잘생깃다 ㅜㅜ",
    "rating": "9",
    "date": "14.11.03"
  },
  {
    "review_id": "9339034",
    "movie_id": "100677",
    "author": "gate****",
    "review": "베댓보니까 무슨 러브엑츄얼리랑 비교한사람이 있는데 그건 엄연히 영국로코여서 내용이다르고 공감대도 다릅니당 .. 이런 타임투러브 같은 미국 로코도 다른 매력이 있는거죵..흠 그거 가지고 혼자 판단하기란 쫌 ;;",
    "rating": "9",
    "date": "14.11.03"
  },
  {
    "review_id": "9339031",
    "movie_id": "100677",
    "author": "doom****",
    "review": "여자친구랑 여자친구 친구들이랑 보고왔는데 진짜 꿀잼 ㅎㅎ",
    "rating": "8",
    "date": "14.11.03"
  },
  {
    "review_id": "9339024",
    "movie_id": "100677",
    "author": "kbj9****",
    "review": "에반스 너무 잘생긴듯.. 짱 진짜 ㅜㅜ",
    "rating": "9",
    "date": "14.11.03"
  },
  {
    "review_id": "9339006",
    "movie_id": "100677",
    "author": "g981****",
    "review": "뭐 사람들마다 ㅜㅜ 이해하기 따라서 다르겠지만 ㅈㅓ는 정말 배밌게 보고와쎈욤",
    "rating": "9",
    "date": "14.11.03"
  },
  {
    "review_id": "9339001",
    "movie_id": "100677",
    "author": "skch****",
    "review": "간만에 ㅜㅜ 제대로된 로맨틱 영화 보고온듯 ^^찡",
    "rating": "9",
    "date": "14.11.03"
  },
  {
    "review_id": "9338769",
    "movie_id": "100677",
    "author": "like****",
    "review": "우와..진짜 재미없었는데..완전 돈 아까운 쓰레기 영화. 이때까지 본 영화 중에 제일 별로. 장면은 툭툭 끊기고 산만하고 저질 농담따먹기나 하고 감독이 말하고자 하는 것과 영화주제는 모순덩어리.평점이 왜이렇게 높은지 모르겠네..",
    "rating": "1",
    "date": "14.11.03"
  },
  {
    "review_id": "9338365",
    "movie_id": "100677",
    "author": "qusq****",
    "review": "'여자마음은 갈대'를 느꼈다. 중간중간에 몰입이 떨어지는 구성과 스토리가 있기도 했지만 그럭저럭 볼만했다.",
    "rating": "7",
    "date": "14.11.03"
  },
  {
    "review_id": "9337288",
    "movie_id": "100677",
    "author": "kar2****",
    "review": "좋아요아조아아조아 ㅎ",
    "rating": "10",
    "date": "14.11.02"
  },
  {
    "review_id": "9335292",
    "movie_id": "100677",
    "author": "sjs4****",
    "review": "나는 사막에서연어낚시가더재밌었어요",
    "rating": "7",
    "date": "14.11.02"
  },
  {
    "review_id": "9334932",
    "movie_id": "100677",
    "author": "yubi****",
    "review": "영화 보는 내내 머릿속에 물음표만 맴돌던... 크리스 에반스가 왜 이작품을 택했는지에 대한 물음표,  휙휙 널뛰는 스토리에 대한 물음표. 결말을 다 보고 앉아있을수가 없어서 그냥 나왔습니다.",
    "rating": "1",
    "date": "14.11.01"
  }
]