[
  {
    "review_id": "9055185",
    "movie_id": "100655",
    "author": "deff****",
    "review": "정말 어지간하면 이런 소리 안 하는데... 별 0개는 왜 없는건지... 이거 만든 사람들 제 정신인지 궁금",
    "rating": "1",
    "date": "14.08.09"
  },
  {
    "review_id": "8977457",
    "movie_id": "100655",
    "author": "jjh9****",
    "review": "컴퓨터 그래픽 수준이 파워포스 레인져 수준 ㅋㅋㅋ황당하네",
    "rating": "1",
    "date": "14.07.29"
  },
  {
    "review_id": "8779330",
    "movie_id": "100655",
    "author": "wary****",
    "review": "도대체 멀찍은거야 퉤퉤",
    "rating": "1",
    "date": "14.05.31"
  },
  {
    "review_id": "8671861",
    "movie_id": "100655",
    "author": "magi****",
    "review": "나만 볼수없지 정서에 아주 좋은 영화입니다 여러분",
    "rating": "10",
    "date": "14.04.25"
  },
  {
    "review_id": "8630222",
    "movie_id": "100655",
    "author": "icep****",
    "review": "버추어캅 보는 줄 알았네요. 엔딩이 징그러워요.",
    "rating": "10",
    "date": "14.04.05"
  },
  {
    "review_id": "8579883",
    "movie_id": "100655",
    "author": "tron****",
    "review": "총으로 쏴도 안죽는 외계인이 각목 맞아죽고 미사일맞아도 끄떡없는 우주선이 할아버지가 앉아서 권총 쏘니까 터지고 나원참 장르 바꿔라 SF에서 코미디로",
    "rating": "1",
    "date": "14.03.15"
  },
  {
    "review_id": "8553089",
    "movie_id": "100655",
    "author": "dead****",
    "review": "아바타를 뛰어넘는 수작이다.",
    "rating": "10",
    "date": "14.03.03"
  },
  {
    "review_id": "8520493",
    "movie_id": "100655",
    "author": "sgm4****",
    "review": "진심 스타워즈 포르노가 이것보다 낟다",
    "rating": "1",
    "date": "14.02.19"
  },
  {
    "review_id": "8400470",
    "movie_id": "100655",
    "author": "kyky****",
    "review": "너무 뒷부분이 해괴하고 소름돗아서 못보겟네",
    "rating": "1",
    "date": "14.01.19"
  },
  {
    "review_id": "8165935",
    "movie_id": "100655",
    "author": "skyg****",
    "review": "이 영화보다 화려한 CG는 본 적이 없다. 이 영화는 제대로 미쳤다.",
    "rating": "1",
    "date": "13.11.24"
  },
  {
    "review_id": "8047454",
    "movie_id": "100655",
    "author": "ddon****",
    "review": "한번쯤 이런 영화도 있구나 하고 봐도 됩니다. ..나만 당할 수 없다.",
    "rating": "10",
    "date": "13.10.09"
  },
  {
    "review_id": "8023851",
    "movie_id": "100655",
    "author": "nema****",
    "review": "비록 그래픽과 유명배우는 안나오지만 완벽한 시나리오 그리도 후반부의 반전은 식스섹스를 능가할 정도구요..유료로 보신분은 5공때 후레쉬면 비디오를 빌려 보는 듯한 추억에 젖으실 수도 잇습니다 여튼 굉장히 만족스러운 영화고 다른분들께 꼭 추천드리고 싶네요",
    "rating": "10",
    "date": "13.09.30"
  },
  {
    "review_id": "7985649",
    "movie_id": "100655",
    "author": "then****",
    "review": "1점도 아깝다",
    "rating": "1",
    "date": "13.09.16"
  },
  {
    "review_id": "7950677",
    "movie_id": "100655",
    "author": "fish****",
    "review": "감독이 닐 존슨이야 ㅋ 니들 이거보면 다 존슨 되는거야",
    "rating": "1",
    "date": "13.09.05"
  },
  {
    "review_id": "7909468",
    "movie_id": "100655",
    "author": "syk7****",
    "review": "이걸 돈 주고 보다니 ..  돈 받고도 보구 싶지 않음. 30분 보구 지움",
    "rating": "1",
    "date": "13.08.21"
  },
  {
    "review_id": "7721541",
    "movie_id": "100655",
    "author": "mini****",
    "review": "CG진짜 완전어색..컨트롤C컨트롤V한것도 아니고 설정도 어색하고..이런 삼류영화 좋아하시는분만 보시길..",
    "rating": "3",
    "date": "13.07.10"
  },
  {
    "review_id": "7712969",
    "movie_id": "100655",
    "author": "pomp****",
    "review": "심각하게 재미없다ㅡㅡ",
    "rating": "1",
    "date": "13.07.07"
  },
  {
    "review_id": "7704211",
    "movie_id": "100655",
    "author": "hell****",
    "review": "포스터만큼이나 재밌네요~ 한번 더 봐야겠습니다!!",
    "rating": "10",
    "date": "13.07.04"
  },
  {
    "review_id": "7700886",
    "movie_id": "100655",
    "author": "lipc****",
    "review": "지금까지 본 SF 영화중에 최고가 아닐까 싶다!! 독특한 소재 또한 내 흥미를 끌기엔 충분했던 영화!",
    "rating": "10",
    "date": "13.07.03"
  },
  {
    "review_id": "7697355",
    "movie_id": "100655",
    "author": "ting****",
    "review": "SF영화~!! 쵸큼.. 어설픈데 그래도 재밌게 봤어요~!!",
    "rating": "10",
    "date": "13.07.02"
  },
  {
    "review_id": "7519749",
    "movie_id": "100655",
    "author": "asty****",
    "review": "최고의 영화",
    "rating": "10",
    "date": "13.05.10"
  },
  {
    "review_id": "7448105",
    "movie_id": "100655",
    "author": "wowf****",
    "review": "감독을 수십번  바꾸어가며 만든듯한 특이한 영화.재밌다기보단 한번쯤 봐야할 영화.  살면서 이런걸 봤다는거에 만족할만함.후회없는 선택.  2012년에 나온것중에 특이한거라 평점 10점 드립니다.",
    "rating": "10",
    "date": "13.04.10"
  },
  {
    "review_id": "7397082",
    "movie_id": "100655",
    "author": "ckdn****",
    "review": "에라이 엿 처먹거라 별점도 아깝다",
    "rating": "1",
    "date": "13.03.22"
  },
  {
    "review_id": "7394148",
    "movie_id": "100655",
    "author": "swee****",
    "review": "잼있게  보고난뒤  혼자보기 아까워 주변사람들 한테 적극추천한 영화...이런영화 정말 혼자보기 너무 아까움..",
    "rating": "10",
    "date": "13.03.22"
  },
  {
    "review_id": "7343497",
    "movie_id": "100655",
    "author": "uses****",
    "review": "만들기 싫은데 어거지로 만든 영화 ㅋㅋ 돈날리면서 왜 이렇게 굳이,., 그냥 개인 UCC 보는게 더 낫겟다",
    "rating": "1",
    "date": "13.03.12"
  },
  {
    "review_id": "7343058",
    "movie_id": "100655",
    "author": "squi****",
    "review": "초반에 사람이 레이저 맞고 터져서 카메라에 피튀기는거보고 바로껏다 ㅋㅋㅋ",
    "rating": "1",
    "date": "13.03.12"
  },
  {
    "review_id": "7327775",
    "movie_id": "100655",
    "author": "efac****",
    "review": "영화평점 처음으로 올립니다본인이 시간이 남아서 할짓이 없다할만한거 다 해보고 보고싶은 영화 다 봤다그렇다면 이 영화를 추천드립니다당신은 4분이 지난후시간의 소중함을 깨닫게 될 것입니다-  0점도 만들어 주세요 ㅡㅡ+ -",
    "rating": "1",
    "date": "13.03.06"
  },
  {
    "review_id": "7322783",
    "movie_id": "100655",
    "author": "kuro****",
    "review": "good",
    "rating": "10",
    "date": "13.03.03"
  },
  {
    "review_id": "7273133",
    "movie_id": "100655",
    "author": "khy7****",
    "review": "쩌리쩌리",
    "rating": "1",
    "date": "13.02.16"
  },
  {
    "review_id": "7256563",
    "movie_id": "100655",
    "author": "uu4u****",
    "review": "이건 꼭 봐야만 하는 영화다 돈이 아깝지 않다.....라고 말하면 남들도 보려나..ㅠㅠ",
    "rating": "10",
    "date": "13.02.12"
  },
  {
    "review_id": "7252188",
    "movie_id": "100655",
    "author": "fdsa****",
    "review": "ㅋㅋㅋㅋㅋㅋㅋㅋㅋㅋㅋㅋㅋㅋㅋㅋㅋㅋㅋㅋㅋㅋㅋㅋㅋㅋㅋㅋㅋㅋ 웃음만 나오지요",
    "rating": "1",
    "date": "13.02.11"
  },
  {
    "review_id": "7232644",
    "movie_id": "100655",
    "author": "mnb8****",
    "review": "와!~니미ㅅㅂ 1940년 영화도 저따구론 안만드는데. 저건 저예산도 아님. 걍 친구들 모아서 ucc찍는 수준..내가 버린 cg도 쟤들이 갖다 주워쓰네..더럽다 더러워",
    "rating": "1",
    "date": "13.02.06"
  },
  {
    "review_id": "7230093",
    "movie_id": "100655",
    "author": "dark****",
    "review": "시대를 역행하는 최고의 영화다.",
    "rating": "1",
    "date": "13.02.06"
  },
  {
    "review_id": "7216477",
    "movie_id": "100655",
    "author": "hlm2****",
    "review": "평점1점이아까운영화이다. 이런 병맛같은 영화는 처음이다. 영화보기 전에 사전조사를 해야함다는것을 일께워준 존나 좋은 영화이고 이런영화가 2012년에 만들어졌다는것이 못 믿겨질 정도이다",
    "rating": "1",
    "date": "13.02.03"
  },
  {
    "review_id": "7152317",
    "movie_id": "100655",
    "author": "daly****",
    "review": "학교에서 보면 재밌습니다 황당하닌까요 ㅋㅋㅋㅋ",
    "rating": "1",
    "date": "13.01.22"
  },
  {
    "review_id": "7149143",
    "movie_id": "100655",
    "author": "wkwk****",
    "review": "이거볼빠엔;;  차라리 옛날 에일리언 보는게낫겠다 ㅋ",
    "rating": "1",
    "date": "13.01.22"
  },
  {
    "review_id": "7145466",
    "movie_id": "100655",
    "author": "fove****",
    "review": "정말... 답이 안나오는 영화다. 아니, 영화라는 말이 아까울 정도다. 스토리 전개,배우 연기, 음향, 그래픽 모두 다 형편없다.",
    "rating": "1",
    "date": "13.01.22"
  },
  {
    "review_id": "7131945",
    "movie_id": "100655",
    "author": "jhw8****",
    "review": "욕도과분한 '영..ㅎ'차마 영화라고는 못하겠다.영구와 공룡 쭈쭈가 더 나음.아놔 별점 빵점은 없냐왜",
    "rating": "1",
    "date": "13.01.19"
  },
  {
    "review_id": "7129844",
    "movie_id": "100655",
    "author": "lime****",
    "review": "최악..",
    "rating": "1",
    "date": "13.01.18"
  },
  {
    "review_id": "7123465",
    "movie_id": "100655",
    "author": "drag****",
    "review": "정말 끝내주는 영화랍니다....눈물이 멈추지 못하는 영화입니다....어쩜 이렇게....편집실력이 뭐.... 더럽다.... 정말로 더럽다....이영화를 보면 시간의 소중함을 알게될꺼예요....내용이최악 그래픽최악",
    "rating": "1",
    "date": "13.01.17"
  },
  {
    "review_id": "7117383",
    "movie_id": "100655",
    "author": "qogn****",
    "review": "ㅡㅡ",
    "rating": "1",
    "date": "13.01.15"
  },
  {
    "review_id": "7112690",
    "movie_id": "100655",
    "author": "hans****",
    "review": "님들아 이 영화는.. 충격과 공포에요 보면 안되는거에요 알았죠 ? ㅠㅠ",
    "rating": "1",
    "date": "13.01.13"
  },
  {
    "review_id": "7099471",
    "movie_id": "100655",
    "author": "love****",
    "review": "마이웨이~~ 스타일~ !! 영화평은 주관적이니까!!",
    "rating": "10",
    "date": "13.01.10"
  },
  {
    "review_id": "7095203",
    "movie_id": "100655",
    "author": "zld2****",
    "review": "ㅡ_ㅡ 내가 영화 웬만하면 평점도 안하고 댓글도안다는데,. 이건뭐..ㅁㄴㅇ람ㅈ다ㅓㅜ라ㅓㅁㅈ더ㅏ[진짜 앵간하면 만든사람생각해서 1점안주는데]",
    "rating": "1",
    "date": "13.01.09"
  },
  {
    "review_id": "7077212",
    "movie_id": "100655",
    "author": "lov2****",
    "review": "이영화를봣는대 어이가없음 총을 계속쏴서 겨우 죽이더라고요 근대 각목으로 여자가 한대치니까 쓰러지더니 죽어요.. 총싸움도 액션신도없이 제자리에서 쏘기만함 무슨 코미디영화같이 그러다 탈출은 개쉬게함 도망갈때도 그냥 쉽게도망가고 앤딩도 어이가없음 ㅋ보지맠ㅋ",
    "rating": "1",
    "date": "13.01.02"
  },
  {
    "review_id": "7076029",
    "movie_id": "100655",
    "author": "rlsh****",
    "review": "지금 20분 정도 보다가 그는데, 진짜 그래픽과 스토리가 개구리다. 어떻게 철모를 쓰고 전신 장갑까지 한 외계인이 여자가 휘두른 각목 한방에 죽냐고? 그리고 전투기로도 못잡는 UFO를 담배피면서 권총으로 쏴서 격추시키다니... 이건 코메디 용인가",
    "rating": "1",
    "date": "13.01.02"
  },
  {
    "review_id": "7075852",
    "movie_id": "100655",
    "author": "chun****",
    "review": "2012년 버젼 바이오맨 인가보다",
    "rating": "1",
    "date": "13.01.02"
  },
  {
    "review_id": "7052428",
    "movie_id": "100655",
    "author": "k043****",
    "review": "정말 대단한 영화입니다!! 꼭 보세요!!  근데 이거 개봉작임? 왜몰랐지 이렇게 재밌는영화가 있는줄..",
    "rating": "1",
    "date": "12.12.27"
  },
  {
    "review_id": "7048830",
    "movie_id": "100655",
    "author": "mguy****",
    "review": "생각에 따라서 다르게 볼 수도 있는 것인데 믿지못할 악플만 너무 많은 덧글들 같아서 누리꾼들 그 누리꾼들이 얼마나 형편없고 모자란 생각만 가지고 있는지 잘 알게 되서 이런 덧글을 쓸수가 있었네요. 정말 좋은 영화니까 누리꾼들 악플 믿지마세요.",
    "rating": "10",
    "date": "12.12.26"
  },
  {
    "review_id": "7012575",
    "movie_id": "100655",
    "author": "ori_****",
    "review": "관점에 따라 다르겠지만, 이렇게 평점이 낮은 건 이해가 안가네요..저예산 특유의 삘은 많이 나지만, 감안하고 본다면 충분히 즐기수 있습...이 OO 감독 새꺄...잡히면 니 곱창을 끄집어 내 동네 개 밥으로 주고 싶다...",
    "rating": "9",
    "date": "12.12.17"
  },
  {
    "review_id": "7000468",
    "movie_id": "100655",
    "author": "u238****",
    "review": "재밌습니다. 꼭 보세요. 두번 보세요!!        ..    ..   ..   ..             ...... 나만 죽을수 없다!",
    "rating": "8",
    "date": "12.12.14"
  },
  {
    "review_id": "6986324",
    "movie_id": "100655",
    "author": "lgic****",
    "review": "유치하고 지저분하고 재미없음",
    "rating": "1",
    "date": "12.12.09"
  },
  {
    "review_id": "6977875",
    "movie_id": "100655",
    "author": "jkli****",
    "review": "CG가 좀 엉성하긴 하지만 나름 재밌네요 ㅋㅋ",
    "rating": "10",
    "date": "12.12.06"
  },
  {
    "review_id": "6976584",
    "movie_id": "100655",
    "author": "skyu****",
    "review": "진짜 더럽고 징그러운 영화 공짜로 보라고 해도 절대 안볼 영화 ;;;  벌레가 인간 파먹고 내장 나오고 아진짜 토나와요 ㅠㅠ",
    "rating": "1",
    "date": "12.12.06"
  },
  {
    "review_id": "6958748",
    "movie_id": "100655",
    "author": "sing****",
    "review": "ㅋㅋㅋㅋㅋ 우뢰매보다 그래픽이 구려 ㅋㅋㅋㅋㅋㅋㅋㅋㅋㅋ ㅋㅋㅋㅋㅋㅋ 포스터보고 무지 기대했는데 ㅋㅋㅋㅋㅋㅋㅋㅋㅋㅋㅋㅋㅋㅋ 저예산이니 훌륭하다는 영화 드립치는 사람이있는데,  연기는 더럽게 어색하고 지구를 침략한 외계인이 각목에 죽음 ㅋㅋㅋㅋ",
    "rating": "1",
    "date": "12.12.02"
  },
  {
    "review_id": "6957925",
    "movie_id": "100655",
    "author": "vict****",
    "review": "동생이 인생최악의 영화라고하고 울음 ㅠㅠ 무섭대 ㅋㅋ",
    "rating": "1",
    "date": "12.12.02"
  },
  {
    "review_id": "6951226",
    "movie_id": "100655",
    "author": "kip1****",
    "review": "니미 1점도 아깝다......ㅋ",
    "rating": "1",
    "date": "12.12.01"
  },
  {
    "review_id": "6925518",
    "movie_id": "100655",
    "author": "klyj****",
    "review": "저예산 영화는 sf로 나오면 안되는건가?? 무조건 수백 수천억씩만 들인 메머드급 영화에만 환호를 하지,,,, 정상적인 방법으로 보고 쓴사람이 몇사람이나 될까??",
    "rating": "9",
    "date": "12.11.25"
  },
  {
    "review_id": "6920596",
    "movie_id": "100655",
    "author": "lele****",
    "review": "왜만해선돈주고받은영화 끝까지보는대 보는내내 끌까그냥 이생각3번정도하다가 20분쯤 그냥끄고 과감히삭제해버림ㅡㅡ진짜 쓰레기 포스터나 직샷보고 영화재밋겟다 생각햇다면 제발 리뷰보고 또다른피해자가없길",
    "rating": "1",
    "date": "12.11.24"
  },
  {
    "review_id": "6902419",
    "movie_id": "100655",
    "author": "2sho****",
    "review": "졸라 쓰래기",
    "rating": "1",
    "date": "12.11.18"
  },
  {
    "review_id": "6892747",
    "movie_id": "100655",
    "author": "star****",
    "review": "여자 외계인 총맞고 죽는데 바이오하자드란 겜하는줄 알았다...cg도 그렇고 영화 찍는기법도 그렇고 이건 뭐 아마추어들만 영화제작에 참여했나...이 영화를 보느니 용가리나 우뢰매를 적극 추천함돠....",
    "rating": "1",
    "date": "12.11.16"
  },
  {
    "review_id": "6891245",
    "movie_id": "100655",
    "author": "happ****",
    "review": "최악중에 악중에 악중에 최악임 역대 이런 쓰레기영화는 본적없음",
    "rating": "1",
    "date": "12.11.15"
  },
  {
    "review_id": "6889067",
    "movie_id": "100655",
    "author": "enjo****",
    "review": "점수주기도 아까운 영화",
    "rating": "1",
    "date": "12.11.15"
  },
  {
    "review_id": "6887700",
    "movie_id": "100655",
    "author": "giga****",
    "review": "야동 패러딘줄 알았네,.. 중간중간에  왠지 모르게 뜬금없이 옷벗고 한판해야 할 것 같은 분위기",
    "rating": "1",
    "date": "12.11.14"
  },
  {
    "review_id": "6886794",
    "movie_id": "100655",
    "author": "gbbp****",
    "review": "오! 내인생 최고의 영화임... 이렇게 웃긴 영화는 첨 봄 ㅋㅋㅋㅋㅋㅋ 보는내내 웃었음 ㅋㅋㅋㅋㅋㅋㅋ쿠ㅜ",
    "rating": "10",
    "date": "12.11.14"
  },
  {
    "review_id": "6886259",
    "movie_id": "100655",
    "author": "pp14****",
    "review": "이거 다시볼빠엔  재입대하겟음",
    "rating": "1",
    "date": "12.11.13"
  },
  {
    "review_id": "6884534",
    "movie_id": "100655",
    "author": "tata****",
    "review": "제가 이영화를 다운받고 가족이랑 싸웠네요왜이런 개같은 영화를 다운받았냐고",
    "rating": "1",
    "date": "12.11.13"
  },
  {
    "review_id": "6884018",
    "movie_id": "100655",
    "author": "rlwn****",
    "review": "그래픽이 벤허수준이다. 진짜... 아유... 뭐라고 할 말이 없다.",
    "rating": "1",
    "date": "12.11.13"
  },
  {
    "review_id": "6883155",
    "movie_id": "100655",
    "author": "capg****",
    "review": "굳 좆망.... 애국가가 나은거같에",
    "rating": "1",
    "date": "12.11.12"
  },
  {
    "review_id": "6879302",
    "movie_id": "100655",
    "author": "sera****",
    "review": "나만 당할 쏘냐  너희들도 멘붕 해보아라ps . 아침에 애국가 듣는게 이거 보다 재밋다",
    "rating": "10",
    "date": "12.11.11"
  },
  {
    "review_id": "6878577",
    "movie_id": "100655",
    "author": "bbbm****",
    "review": "발로만들어도 이거보다 잘 만들겠네 OOO기영화어떻게 이영화가 상영이됬지?",
    "rating": "1",
    "date": "12.11.11"
  },
  {
    "review_id": "6876314",
    "movie_id": "100655",
    "author": "bles****",
    "review": "설마 이정도일줄은...",
    "rating": "1",
    "date": "12.11.11"
  },
  {
    "review_id": "6875093",
    "movie_id": "100655",
    "author": "jhc8****",
    "review": "어지간 하면 끝가지보는데 도저히 못보겠다 이건",
    "rating": "1",
    "date": "12.11.10"
  },
  {
    "review_id": "6871290",
    "movie_id": "100655",
    "author": "jung****",
    "review": "무엇을 보든 상상이하를보게 될 것이다",
    "rating": "1",
    "date": "12.11.09"
  },
  {
    "review_id": "6870794",
    "movie_id": "100655",
    "author": "akrw****",
    "review": "ㅋㅋㅋㅋㅋㅋ2012년에 개봉한게 맞나 의심되는 퀄리티...95년대에 나온 영화랑 퀄리티가 비슷해보인다 ...",
    "rating": "1",
    "date": "12.11.09"
  },
  {
    "review_id": "6864516",
    "movie_id": "100655",
    "author": "jinu****",
    "review": "꼭 보세요!! 두번 보세요!! 진정 시간의 소중함을 알게됩니다.",
    "rating": "1",
    "date": "12.11.08"
  },
  {
    "review_id": "6862464",
    "movie_id": "100655",
    "author": "2005****",
    "review": "이영화를 개봉했다고?? 역사에 길이 남을 액션대작. 이 평을 쓰기위해 3배속으로 인내심을 갖고 보았음. 진짜 심형래감독은 세계적인 감독이다. 난 이제부터 심형래감독을 존경하기로 하였다. OO...",
    "rating": "1",
    "date": "12.11.07"
  },
  {
    "review_id": "6862460",
    "movie_id": "100655",
    "author": "silv****",
    "review": "최고의 영화다!이런 영화를 만드는 제작자가 대단하다.완전 날로 만드는 그런 영화같다.돈 아깝...................",
    "rating": "1",
    "date": "12.11.07"
  },
  {
    "review_id": "6862456",
    "movie_id": "100655",
    "author": "tjrg****",
    "review": "나도 당할수 없다 이게 영화관에서 개봉이된다면 많은 사람들이 욕을 하겠지..ㅋㅋ 영화 스토리 완전 개판에 한곳에 한 대략 20~30분가량 촬영티 팍팍나고 액션 없어 그딴거 보면 진짜 후회 돈아깝다 이정도 이게 영화냐 발로 했냐 바로 나온다.. 비추천",
    "rating": "1",
    "date": "12.11.07"
  },
  {
    "review_id": "6861784",
    "movie_id": "100655",
    "author": "yang****",
    "review": "3류 배우에 3류 스토리에 3류 CG까지,,진심 더럽게 재미없다..1점준것중에 한국영화는 7~10점주는 매미 OO들 있네..",
    "rating": "1",
    "date": "12.11.07"
  },
  {
    "review_id": "6861575",
    "movie_id": "100655",
    "author": "panh****",
    "review": "나만 당할수 없다 ㅋㅋㅋㅋㅋㅋ",
    "rating": "10",
    "date": "12.11.07"
  },
  {
    "review_id": "6861327",
    "movie_id": "100655",
    "author": "aaeq****",
    "review": "ㅋㅋㅋㅋㅋㅋㅋㅋㅋㅋㅋㅋ미리보기로 잠깐봣는데  ㅡㅡ 썩는다썩어 영화가 이런걸 왜만들엇지",
    "rating": "1",
    "date": "12.11.06"
  },
  {
    "review_id": "6859911",
    "movie_id": "100655",
    "author": "choi****",
    "review": "5분.......... 더이상 볼수가 없었음...................................",
    "rating": "1",
    "date": "12.11.06"
  },
  {
    "review_id": "6858650",
    "movie_id": "100655",
    "author": "dnjs****",
    "review": "보다가 깜놀",
    "rating": "1",
    "date": "12.11.05"
  },
  {
    "review_id": "6858554",
    "movie_id": "100655",
    "author": "nrhk****",
    "review": "앤간하면 킬링타임용으로보는데 이건 눈이썪는줄알았다. 존재의 이유를 모를영화",
    "rating": "1",
    "date": "12.11.05"
  },
  {
    "review_id": "6858156",
    "movie_id": "100655",
    "author": "mkyd****",
    "review": "웬만하면 이런거 댓글안다는데.. 영화 보지마시길 ㅡㅡ욕나옴 ㅡㅡ1점은 어쩔 수 없이 준거임.",
    "rating": "1",
    "date": "12.11.05"
  },
  {
    "review_id": "6858125",
    "movie_id": "100655",
    "author": "ccor****",
    "review": "영국도 영화 만드냐?????",
    "rating": "1",
    "date": "12.11.05"
  },
  {
    "review_id": "6857679",
    "movie_id": "100655",
    "author": "star****",
    "review": "1점이상준 사람들은 머지??이거에비해 디워는 대작이다",
    "rating": "1",
    "date": "12.11.05"
  },
  {
    "review_id": "6857518",
    "movie_id": "100655",
    "author": "jams****",
    "review": "우뢰매가 더 재밌다.",
    "rating": "1",
    "date": "12.11.05"
  },
  {
    "review_id": "6857078",
    "movie_id": "100655",
    "author": "imab****",
    "review": "............................",
    "rating": "1",
    "date": "12.11.05"
  },
  {
    "review_id": "6856966",
    "movie_id": "100655",
    "author": "baby****",
    "review": "ㅡㅡ하.......보지마세요",
    "rating": "1",
    "date": "12.11.05"
  },
  {
    "review_id": "6856944",
    "movie_id": "100655",
    "author": "ehdd****",
    "review": "1점도 아까운영화.영화라기도아까운....출연진웬지불쌍.",
    "rating": "1",
    "date": "12.11.05"
  },
  {
    "review_id": "6856831",
    "movie_id": "100655",
    "author": "icel****",
    "review": "존재 자체가 악이다.",
    "rating": "1",
    "date": "12.11.05"
  },
  {
    "review_id": "6856749",
    "movie_id": "100655",
    "author": "iros****",
    "review": "별점 추락봐라 개쩔개 추락하네.........................................볼려다 안볼래...",
    "rating": "1",
    "date": "12.11.05"
  },
  {
    "review_id": "6854722",
    "movie_id": "100655",
    "author": "sh13****",
    "review": "아 이영화 모야 ㅋㅋㅋㅋㅋㅋㅋㅋ",
    "rating": "1",
    "date": "12.11.04"
  },
  {
    "review_id": "6854293",
    "movie_id": "100655",
    "author": "myst****",
    "review": "네이거 평점을 신뢰하시길,,,  오른쪽 화살표로 본 3분짜리 영화,,",
    "rating": "1",
    "date": "12.11.04"
  },
  {
    "review_id": "6852542",
    "movie_id": "100655",
    "author": "hall****",
    "review": "소재는 괜찮은데, 볼거리는 최악의 영화",
    "rating": "1",
    "date": "12.11.04"
  },
  {
    "review_id": "6851419",
    "movie_id": "100655",
    "author": "sean****",
    "review": "초딩이 만든 수준",
    "rating": "1",
    "date": "12.11.04"
  },
  {
    "review_id": "6848330",
    "movie_id": "100655",
    "author": "chjc****",
    "review": "ㅋㅋㅋㅋㅋㅋㅋ 점수깍기",
    "rating": "1",
    "date": "12.11.03"
  },
  {
    "review_id": "6847414",
    "movie_id": "100655",
    "author": "shin****",
    "review": "내가 일등이다 ㅋㅋㅋ-.-ㅈㅅ..",
    "rating": "10",
    "date": "12.11.03"
  }
]