[
  {
    "review_id": "10273829",
    "movie_id": "100691",
    "author": "ymar****",
    "review": "트랜스포머 다음편은 안볼꺼 같습니다...",
    "rating": "5",
    "date": "15.08.25"
  },
  {
    "review_id": "10271260",
    "movie_id": "100691",
    "author": "mixp****",
    "review": "스토리 그런거 신경 안쓰는, CG 눈요기용 영화",
    "rating": "5",
    "date": "15.08.24"
  },
  {
    "review_id": "10268199",
    "movie_id": "100691",
    "author": "xogg****",
    "review": "ㅇㅇ 재밌게 봤어요 뭔 10글자씩이나 입력하래",
    "rating": "9",
    "date": "15.08.23"
  },
  {
    "review_id": "10264679",
    "movie_id": "100691",
    "author": "akan****",
    "review": "암걸릴뻔... 지못미프라임...",
    "rating": "1",
    "date": "15.08.22"
  },
  {
    "review_id": "10260117",
    "movie_id": "100691",
    "author": "shir****",
    "review": "완전 잼나게 봤습니당~^^",
    "rating": "10",
    "date": "15.08.21"
  },
  {
    "review_id": "10257310",
    "movie_id": "100691",
    "author": "wnsd****",
    "review": "변신조차 제대로 안한다",
    "rating": "2",
    "date": "15.08.21"
  },
  {
    "review_id": "10251704",
    "movie_id": "100691",
    "author": "sege****",
    "review": "기대가 너무 컸나보다..",
    "rating": "6",
    "date": "15.08.19"
  },
  {
    "review_id": "10251314",
    "movie_id": "100691",
    "author": "mons****",
    "review": "변신 로봇 만화 보다 못하다...",
    "rating": "4",
    "date": "15.08.19"
  },
  {
    "review_id": "10247609",
    "movie_id": "100691",
    "author": "hjh7****",
    "review": "시리즈가 갈수록 지루해진다",
    "rating": "6",
    "date": "15.08.18"
  },
  {
    "review_id": "10245393",
    "movie_id": "100691",
    "author": "prel****",
    "review": "cg가85 스토리가15",
    "rating": "10",
    "date": "15.08.17"
  },
  {
    "review_id": "10239315",
    "movie_id": "100691",
    "author": "bel2****",
    "review": "좋네좋아 박진감넘침ㅋㅋ",
    "rating": "8",
    "date": "15.08.16"
  },
  {
    "review_id": "10238682",
    "movie_id": "100691",
    "author": "tjdd****",
    "review": "날 수 있었으면 진작 날아댕기던가..",
    "rating": "5",
    "date": "15.08.16"
  },
  {
    "review_id": "10237328",
    "movie_id": "100691",
    "author": "jij4****",
    "review": "마크 윌버그 그의 딸 그리고 딸의 남자친구 회사 오토봇을 훔치다",
    "rating": "8",
    "date": "15.08.15"
  },
  {
    "review_id": "10234118",
    "movie_id": "100691",
    "author": "euni****",
    "review": "깜짝 놀랄정도로 형편없었음",
    "rating": "2",
    "date": "15.08.15"
  },
  {
    "review_id": "10230235",
    "movie_id": "100691",
    "author": "blue****",
    "review": "1편이 좋아요 점점..",
    "rating": "6",
    "date": "15.08.14"
  },
  {
    "review_id": "10219293",
    "movie_id": "100691",
    "author": "lkjh****",
    "review": "아직안봤지만 기대되넹?ㄷ",
    "rating": "10",
    "date": "15.08.12"
  },
  {
    "review_id": "10218491",
    "movie_id": "100691",
    "author": "aesi****",
    "review": "5편까지 나올 듯... 끝도 없다",
    "rating": "5",
    "date": "15.08.12"
  },
  {
    "review_id": "10217806",
    "movie_id": "100691",
    "author": "jcle****",
    "review": "정말 최고의 명작!! 시간 가는줄 모르고 봤다",
    "rating": "10",
    "date": "15.08.11"
  },
  {
    "review_id": "10217656",
    "movie_id": "100691",
    "author": "gala****",
    "review": "액션이랑 cg빼면 아무것도 없음 거기다 유치함. 시리즈가 가면 갈수록 심각해짐",
    "rating": "6",
    "date": "15.08.11"
  },
  {
    "review_id": "10216268",
    "movie_id": "100691",
    "author": "fbgk****",
    "review": "확실히 돈 아까울만 하네 ㅋㅋ 근데 킬링타임용으론 최고.",
    "rating": "6",
    "date": "15.08.11"
  },
  {
    "review_id": "10211978",
    "movie_id": "100691",
    "author": "song****",
    "review": "그린스크린 수정도 안하고 홍콩에서 시어스 타워가보인단다 ㄷㄷ 마이클 베이 가 영화를  대충만든듯",
    "rating": "3",
    "date": "15.08.10"
  },
  {
    "review_id": "10211175",
    "movie_id": "100691",
    "author": "happ****",
    "review": "이제는 cg도 밋밋해 보여",
    "rating": "1",
    "date": "15.08.10"
  },
  {
    "review_id": "10210881",
    "movie_id": "100691",
    "author": "alph****",
    "review": "정말 보다가 잠든 영화는 이 영화가 처음인듯 ㅎㅎ",
    "rating": "1",
    "date": "15.08.10"
  },
  {
    "review_id": "10204926",
    "movie_id": "100691",
    "author": "he_9****",
    "review": "싯발 어이가없네 잘나가다가 배우도 바꾸고 내용도 ㅂㅅ같네 여주는 존1나 발암이고 옵티머스 프라임때문에 끝까지봤지 걍 완전 딴 영화보는 느낌임 한마디 줫망ㅡㅡ",
    "rating": "1",
    "date": "15.08.08"
  },
  {
    "review_id": "10204152",
    "movie_id": "100691",
    "author": "tjsg****",
    "review": "너무너무재밌어요 정말환상의영화입니다",
    "rating": "10",
    "date": "15.08.08"
  },
  {
    "review_id": "10201808",
    "movie_id": "100691",
    "author": "sshi****",
    "review": "스케일크고 화려한 액션 영화",
    "rating": "10",
    "date": "15.08.08"
  },
  {
    "review_id": "10201282",
    "movie_id": "100691",
    "author": "viva****",
    "review": "기억안난다고열자에이",
    "rating": "1",
    "date": "15.08.08"
  },
  {
    "review_id": "10200831",
    "movie_id": "100691",
    "author": "kms1****",
    "review": "재미있었다 볼만한영화",
    "rating": "5",
    "date": "15.08.08"
  },
  {
    "review_id": "10200760",
    "movie_id": "100691",
    "author": "202b****",
    "review": "재밋어욧ㅋㅋ재밌어요 재밌어용",
    "rating": "10",
    "date": "15.08.08"
  },
  {
    "review_id": "10199596",
    "movie_id": "100691",
    "author": "3mwa****",
    "review": "지루하지않고  재밌네요^^",
    "rating": "9",
    "date": "15.08.08"
  },
  {
    "review_id": "10199347",
    "movie_id": "100691",
    "author": "xnau****",
    "review": "트랜스포머는 후속편들이 다재미있네요. 1편은 별로 2편부터다  스케일 크고 재미있음.",
    "rating": "10",
    "date": "15.08.07"
  },
  {
    "review_id": "10195503",
    "movie_id": "100691",
    "author": "ehdu****",
    "review": "재밋어요 추천해드립니다",
    "rating": "10",
    "date": "15.08.07"
  },
  {
    "review_id": "10194421",
    "movie_id": "100691",
    "author": "kw76****",
    "review": "1,2편을 못 따라가는것 같네요.아쉽지만 잼나요^^",
    "rating": "8",
    "date": "15.08.06"
  },
  {
    "review_id": "10193352",
    "movie_id": "100691",
    "author": "whdr****",
    "review": "생각보다 재미는없엇다...그냥그랫다",
    "rating": "5",
    "date": "15.08.06"
  },
  {
    "review_id": "10192586",
    "movie_id": "100691",
    "author": "laso****",
    "review": "스토리도 나름 괜찮은데 ㅎㅎ",
    "rating": "9",
    "date": "15.08.06"
  },
  {
    "review_id": "10189437",
    "movie_id": "100691",
    "author": "jung****",
    "review": "트랜스포머재밌었어요",
    "rating": "10",
    "date": "15.08.05"
  },
  {
    "review_id": "10188271",
    "movie_id": "100691",
    "author": "nr03****",
    "review": "왜 자꾸 평점쓰라고맨날 뜨냐",
    "rating": "6",
    "date": "15.08.05"
  },
  {
    "review_id": "10183989",
    "movie_id": "100691",
    "author": "oneo****",
    "review": "마이클 베이;마크 월버그",
    "rating": "6",
    "date": "15.08.04"
  },
  {
    "review_id": "10183246",
    "movie_id": "100691",
    "author": "tlsq****",
    "review": "굿굿 재미가있네유 ㅎㅎㅎ",
    "rating": "10",
    "date": "15.08.04"
  },
  {
    "review_id": "10183140",
    "movie_id": "100691",
    "author": "tkek****",
    "review": "마이클베이 조지밀러한테 액션이란걸 좀 배우고오면안되나?...",
    "rating": "10",
    "date": "15.08.04"
  },
  {
    "review_id": "10182852",
    "movie_id": "100691",
    "author": "tjsa****",
    "review": "너무재밌어요굿굿굿굿뜨",
    "rating": "10",
    "date": "15.08.04"
  },
  {
    "review_id": "10180025",
    "movie_id": "100691",
    "author": "guri****",
    "review": "완전 총싸움영화....",
    "rating": "10",
    "date": "15.08.03"
  },
  {
    "review_id": "10179209",
    "movie_id": "100691",
    "author": "lsj2****",
    "review": "역시 명작중에 명작 시간가는줄모르고 보다가 너무 일찍끝나 아쉬웠습니다",
    "rating": "10",
    "date": "15.08.03"
  },
  {
    "review_id": "10178647",
    "movie_id": "100691",
    "author": "wnsv****",
    "review": "마블사 영화좀 보고배워라 거긴 나올수록 발전해가는데 이놈들은 갈수록 퇴보하냐 이런놈들은 나이도 한살씩 뒷구녕으로 먹을 사람들리지",
    "rating": "1",
    "date": "15.08.03"
  },
  {
    "review_id": "10178503",
    "movie_id": "100691",
    "author": "terr****",
    "review": "종합 평점은 5점 드립니다.",
    "rating": "5",
    "date": "15.08.03"
  },
  {
    "review_id": "10178390",
    "movie_id": "100691",
    "author": "gola****",
    "review": "안봐서모름니다니다니다",
    "rating": "1",
    "date": "15.08.03"
  },
  {
    "review_id": "10169411",
    "movie_id": "100691",
    "author": "tjru****",
    "review": "재미나다요열자이상적으란다",
    "rating": "10",
    "date": "15.08.01"
  },
  {
    "review_id": "10161872",
    "movie_id": "100691",
    "author": "jeon****",
    "review": "굿굿굿입니다요 굿굿굿",
    "rating": "10",
    "date": "15.07.30"
  },
  {
    "review_id": "10161222",
    "movie_id": "100691",
    "author": "daln****",
    "review": "잼있어요 오래전에 봤는데...ㅎㅎ",
    "rating": "8",
    "date": "15.07.30"
  },
  {
    "review_id": "10153999",
    "movie_id": "100691",
    "author": "dlck****",
    "review": "그냥 돈주고 CG보고왔다",
    "rating": "7",
    "date": "15.07.28"
  },
  {
    "review_id": "10153857",
    "movie_id": "100691",
    "author": "soto****",
    "review": "내돈 내나라 ㅠㅠ 스토리도 스토리지만 사골이,,",
    "rating": "2",
    "date": "15.07.28"
  },
  {
    "review_id": "10153767",
    "movie_id": "100691",
    "author": "shfk****",
    "review": "박진감이 있어서 재미있었습니다.",
    "rating": "7",
    "date": "15.07.28"
  },
  {
    "review_id": "10153660",
    "movie_id": "100691",
    "author": "jiin****",
    "review": "시리즈 사상 최악...여주는 짜증나고 이제는 인간도 막 죽이는 범블비...거기다 뜬금없는 중국타령...거기다 제일 중요한게 정말 지루함....감독은 그대론데 왜 이리 트래쉬가 되어 버린거야...",
    "rating": "1",
    "date": "15.07.28"
  },
  {
    "review_id": "10153574",
    "movie_id": "100691",
    "author": "hjs5****",
    "review": "아들과 재밌게 잘 봤습니다~~^^",
    "rating": "10",
    "date": "15.07.28"
  },
  {
    "review_id": "10150708",
    "movie_id": "100691",
    "author": "taiy****",
    "review": "전체적으로 재미잇엇움",
    "rating": "9",
    "date": "15.07.27"
  },
  {
    "review_id": "10150668",
    "movie_id": "100691",
    "author": "neoy****",
    "review": "1. 영화 플레이타임 중 전투씬의 비중이 지나치게 높다. 스토리 전개는 글로 쓰면 10페이지도 안 될 듯   2. 주인공이 바뀌어서 적응이 안되는데 하필 개성도 없고 연기도 별로다   3.  조연들의 개그가 별로  4. 인간들이 락다운을 때려잡는..",
    "rating": "7",
    "date": "15.07.27"
  },
  {
    "review_id": "10149695",
    "movie_id": "100691",
    "author": "les5****",
    "review": "영화관에서 봤는데 재미있었어요.ㅎㅎ저도 트랜스포머 완전 좋아합니다.다음에도 재미있게 만들어주세요.^^",
    "rating": "10",
    "date": "15.07.27"
  },
  {
    "review_id": "10145874",
    "movie_id": "100691",
    "author": "kimc****",
    "review": "존나 재밌다 .. 시리즈 계속나왔으면 좋겠다..",
    "rating": "10",
    "date": "15.07.26"
  },
  {
    "review_id": "10137827",
    "movie_id": "100691",
    "author": "sanu****",
    "review": "여주인공 완전 발암물질이네그냥좀 초반에 죽어버리지 보고있는 내내 짜증나서 못참겠다",
    "rating": "2",
    "date": "15.07.24"
  },
  {
    "review_id": "10137682",
    "movie_id": "100691",
    "author": "oris****",
    "review": "화면속에서 계속 폭발하고 총쏘고 변신하지만 세번이나 잠드는 바람에 4일에 걸쳐서 보게되었다. 로봇영화에 인간이 왜나오는지 그 당위성은 네편째에도 여전히 알수없었다.",
    "rating": "2",
    "date": "15.07.24"
  },
  {
    "review_id": "10137073",
    "movie_id": "100691",
    "author": "q_in****",
    "review": "짜내고 짜내서 7 전작에 못한",
    "rating": "7",
    "date": "15.07.24"
  },
  {
    "review_id": "10134034",
    "movie_id": "100691",
    "author": "wlsd****",
    "review": "그만좀우려먹어 감독새끼야",
    "rating": "1",
    "date": "15.07.23"
  },
  {
    "review_id": "10133979",
    "movie_id": "100691",
    "author": "gora****",
    "review": "전편보다 더 재밌어효^^",
    "rating": "8",
    "date": "15.07.23"
  },
  {
    "review_id": "10124660",
    "movie_id": "100691",
    "author": "anjc****",
    "review": "굿  좋았 습니다좋았음 .좋다",
    "rating": "9",
    "date": "15.07.21"
  },
  {
    "review_id": "10124499",
    "movie_id": "100691",
    "author": "teng****",
    "review": "꼭 보삼  공백 제외 열자  끝",
    "rating": "2",
    "date": "15.07.20"
  },
  {
    "review_id": "10124484",
    "movie_id": "100691",
    "author": "yoon****",
    "review": "트랜스포머 재미있어요.",
    "rating": "5",
    "date": "15.07.20"
  },
  {
    "review_id": "10122841",
    "movie_id": "100691",
    "author": "akst****",
    "review": "여기 주인공 마크 윌버그 라는인간 한국인종 흑인인종 겁나까는놈인데;;",
    "rating": "1",
    "date": "15.07.20"
  },
  {
    "review_id": "10122030",
    "movie_id": "100691",
    "author": "lesw****",
    "review": "트랜스포머 자체가 재미없는 영화는 아닙니다. 트랜스포머4도 충분히 재미는 있지만 왠지 지루하고 지루함.. 1의 스토리나 2의 미군장비들 3의 스케일이 없는 그저 그런영화인듯합니다.",
    "rating": "5",
    "date": "15.07.20"
  },
  {
    "review_id": "10121719",
    "movie_id": "100691",
    "author": "ddol****",
    "review": "영화 스토리가 전체적으로 지루했으나 액션장면은 볼만했던 그냥 무난한 액션영화",
    "rating": "4",
    "date": "15.07.19"
  },
  {
    "review_id": "10119880",
    "movie_id": "100691",
    "author": "sker****",
    "review": "정말재미있고 재미있습니다 와으",
    "rating": "10",
    "date": "15.07.19"
  },
  {
    "review_id": "10118361",
    "movie_id": "100691",
    "author": "kem1****",
    "review": "길기만 길지 재미는 없다.",
    "rating": "5",
    "date": "15.07.19"
  },
  {
    "review_id": "10116963",
    "movie_id": "100691",
    "author": "moon****",
    "review": "월래 좋아하는 시리즈라 평점 높이줌 ㅎ",
    "rating": "9",
    "date": "15.07.18"
  },
  {
    "review_id": "10116843",
    "movie_id": "100691",
    "author": "ky26****",
    "review": "여기에 나온 로봇들 정말멋있고 돈을 내고 이영화본 보람이있네요",
    "rating": "10",
    "date": "15.07.18"
  },
  {
    "review_id": "10112075",
    "movie_id": "100691",
    "author": "dlwj****",
    "review": "CG는 훌륭하지만 기대할만한 내용은 없다",
    "rating": "7",
    "date": "15.07.17"
  },
  {
    "review_id": "10109996",
    "movie_id": "100691",
    "author": "01ho****",
    "review": "재미있게잘 봤어요~~~",
    "rating": "10",
    "date": "15.07.16"
  },
  {
    "review_id": "10109657",
    "movie_id": "100691",
    "author": "pbso****",
    "review": "1편에 비해서는 그닥...",
    "rating": "4",
    "date": "15.07.16"
  },
  {
    "review_id": "10108553",
    "movie_id": "100691",
    "author": "xsa1****",
    "review": "진심...돈아까운 영화였다",
    "rating": "1",
    "date": "15.07.16"
  },
  {
    "review_id": "10106189",
    "movie_id": "100691",
    "author": "lexy****",
    "review": "옵티머스때문에 7점준다 에혀 이렇게만들거믄 그냥 2탄에서 멈추지 왜자꾸만드는거에요ㅠㅠ",
    "rating": "7",
    "date": "15.07.15"
  },
  {
    "review_id": "10105573",
    "movie_id": "100691",
    "author": "t0ya****",
    "review": "sdergjkkllirfgjhj",
    "rating": "2",
    "date": "15.07.15"
  },
  {
    "review_id": "10105452",
    "movie_id": "100691",
    "author": "0905****",
    "review": "생각없이 보면 볼만하다 ㅋㅋ",
    "rating": "6",
    "date": "15.07.15"
  },
  {
    "review_id": "10104548",
    "movie_id": "100691",
    "author": "wkdd****",
    "review": "영화는 좋았다 전작에 비해 부족할뿐",
    "rating": "10",
    "date": "15.07.14"
  },
  {
    "review_id": "10103675",
    "movie_id": "100691",
    "author": "bara****",
    "review": "쥬라기 공원 보단 재밋네.",
    "rating": "7",
    "date": "15.07.14"
  },
  {
    "review_id": "10101947",
    "movie_id": "100691",
    "author": "smod****",
    "review": "극장 가서 봤는데 그냥 볼만했음.",
    "rating": "7",
    "date": "15.07.13"
  },
  {
    "review_id": "10101610",
    "movie_id": "100691",
    "author": "kore****",
    "review": "왜 지금 평점 하라고 나오지 트랜스포머는 이제 아웃",
    "rating": "3",
    "date": "15.07.13"
  },
  {
    "review_id": "10101397",
    "movie_id": "100691",
    "author": "gggg****",
    "review": "그래픽은 역대급. 스토리는 글쎼..",
    "rating": "6",
    "date": "15.07.13"
  },
  {
    "review_id": "10101195",
    "movie_id": "100691",
    "author": "toro****",
    "review": "추석때 집에서 보세요 십사십자십자",
    "rating": "6",
    "date": "15.07.13"
  },
  {
    "review_id": "10093950",
    "movie_id": "100691",
    "author": "impu****",
    "review": "명성 답게 그래픽은 볼만 했으나. 중반부터 점점 병맛 상황극으로 물 흐리더니 졸려 잠들게 까지 만들었네요.왜 조용히 나왔다가 묻힌지 알겠네요.",
    "rating": "7",
    "date": "15.07.11"
  },
  {
    "review_id": "10089084",
    "movie_id": "100691",
    "author": "ldg3****",
    "review": "공룡로봇 장관입니다.",
    "rating": "8",
    "date": "15.07.10"
  },
  {
    "review_id": "10086207",
    "movie_id": "100691",
    "author": "craz****",
    "review": "의리로 봤지만 화려함은 여전했다. 그러나 이젠 식상함...1편의 프라임 변신모드는 환상적이었지...",
    "rating": "7",
    "date": "15.07.10"
  },
  {
    "review_id": "10085960",
    "movie_id": "100691",
    "author": "bett****",
    "review": "이것이 1이었다면 와  하면서 그래픽빨로  버티면서 봤을텐데 4인데 그래픽도 알만큼 알았는데 스토리가 없으니 개망... ㅋㅋ 식스센스 반전 알고 보는거 보다 재미없음... ㅋㅋ",
    "rating": "1",
    "date": "15.07.10"
  },
  {
    "review_id": "10084672",
    "movie_id": "100691",
    "author": "dann****",
    "review": "최고!! 정말 재밌게 봤어요~",
    "rating": "10",
    "date": "15.07.09"
  },
  {
    "review_id": "10083792",
    "movie_id": "100691",
    "author": "mira****",
    "review": "뭔가 맛있게만들려다가 모든 재료를 막부어버린느낌...",
    "rating": "4",
    "date": "15.07.09"
  },
  {
    "review_id": "10081945",
    "movie_id": "100691",
    "author": "arre****",
    "review": "슈퍼로봇대전 스토리도 이것보단 짜임새가 있다",
    "rating": "4",
    "date": "15.07.09"
  },
  {
    "review_id": "10079516",
    "movie_id": "100691",
    "author": "ssad****",
    "review": "지금껏 본 영화중에 최고의 몰입감 영화!!!",
    "rating": "10",
    "date": "15.07.08"
  },
  {
    "review_id": "10072662",
    "movie_id": "100691",
    "author": "iced****",
    "review": "졸립지만 좋은 편이에요",
    "rating": "9",
    "date": "15.07.05"
  },
  {
    "review_id": "10072322",
    "movie_id": "100691",
    "author": "hsd5****",
    "review": "웅장한 영상이 볼만했다.",
    "rating": "8",
    "date": "15.07.05"
  },
  {
    "review_id": "10072170",
    "movie_id": "100691",
    "author": "rjsl****",
    "review": "1편:와진짜이건 혁명이다 2편:음..뭐 나쁘지않아3편:1편만한 속편이 어딨겠어?하하..4편:이제 그만하자",
    "rating": "5",
    "date": "15.07.05"
  },
  {
    "review_id": "10071598",
    "movie_id": "100691",
    "author": "thdr****",
    "review": "그토록 보고싶었던 트랜스포머 최신판! 남들보단 늦게 봤지만 그래도 나름 기대를 많이 했던 영화. CG는 정말 날로날로 좋아짐 하지만, 내용면에선 실망감이 없지않아 있었고, 조금 말이 않되는 장면도 있었다. 내가 줄 수 있는 점수는 7점!",
    "rating": "7",
    "date": "15.07.05"
  },
  {
    "review_id": "10070615",
    "movie_id": "100691",
    "author": "enth****",
    "review": "대단하다... 내가 어이가 없고 빡쳐서 여기 별점테러한 영화는 이거랑 디워. 두 영화뿐이다. 본인들이 만들면서 '이건 아니다' 싶지 않나? 이따위걸 쪽팔려서 어떻게 지 이름걸고 내는지 참 신기할따름ㅋㅋ",
    "rating": "1",
    "date": "15.07.05"
  },
  {
    "review_id": "10068794",
    "movie_id": "100691",
    "author": "bing****",
    "review": "스케일이나 보여지는 즐거움은 좋지만내용이 거기서 거기란 느낌",
    "rating": "4",
    "date": "15.07.04"
  }
]