[
  {
    "review_id": "10245607",
    "movie_id": "100642",
    "author": "dkdl****",
    "review": "엄청나게 황당한 정자왕 이야기인데 재미도 있고 감동도 있다. 제일 모자라 보이는 둘째였어도 장점은 있었음.",
    "rating": "10",
    "date": "15.08.17"
  },
  {
    "review_id": "10218124",
    "movie_id": "100642",
    "author": "rotj****",
    "review": "훈훈하고 자연스런 웃음을 짓게하는 영화.. 이런 소재의 영화는 유치할꺼라 예상했는데 완전 깨트리네요..",
    "rating": "9",
    "date": "15.08.11"
  },
  {
    "review_id": "10148657",
    "movie_id": "100642",
    "author": "yhch****",
    "review": "잔잔하네 코미디보단 드라마비슷 ㅋㅋ",
    "rating": "8",
    "date": "15.07.27"
  },
  {
    "review_id": "9969025",
    "movie_id": "100642",
    "author": "kjs7****",
    "review": "크리스프랫 뚱뚱한거 보소 ㅋㅋ",
    "rating": "8",
    "date": "15.06.01"
  },
  {
    "review_id": "9954339",
    "movie_id": "100642",
    "author": "pos1****",
    "review": "감동은 있을지 모르겠으나 조금 지루하다.",
    "rating": "7",
    "date": "15.05.27"
  },
  {
    "review_id": "9801259",
    "movie_id": "100642",
    "author": "good****",
    "review": "감동은 개뿔 대책도 없는 인간쓰레기의 무책임 억지감동",
    "rating": "1",
    "date": "15.03.23"
  },
  {
    "review_id": "9799880",
    "movie_id": "100642",
    "author": "alex****",
    "review": "현실성있진 않지만 정말정말 가슴따뜻해지고 행복해지는 영화 다보고나서 정말 여운이 남는..",
    "rating": "9",
    "date": "15.03.22"
  },
  {
    "review_id": "9729894",
    "movie_id": "100642",
    "author": "vani****",
    "review": "스토리는 재미 있으나 남자주인공이 별로다",
    "rating": "6",
    "date": "15.02.22"
  },
  {
    "review_id": "9675565",
    "movie_id": "100642",
    "author": "peac****",
    "review": "스타벅이라고 원래 있던 영환데 또 만들어서 망한듯 있던걸 왜 또만들었는지.. 재밌긴 재밌었는데",
    "rating": "10",
    "date": "15.02.07"
  },
  {
    "review_id": "9665890",
    "movie_id": "100642",
    "author": "chao****",
    "review": "마약하는 딸 안아줄때 찡했다..ㅠ",
    "rating": "10",
    "date": "15.02.04"
  },
  {
    "review_id": "9576458",
    "movie_id": "100642",
    "author": "meph****",
    "review": "아주정말로 잼있게 봤습니다",
    "rating": "10",
    "date": "15.01.09"
  },
  {
    "review_id": "9538610",
    "movie_id": "100642",
    "author": "tjdg****",
    "review": "한명 한명의 아버지 이야기",
    "rating": "8",
    "date": "14.12.30"
  },
  {
    "review_id": "9532716",
    "movie_id": "100642",
    "author": "gkzm****",
    "review": "소소한 웃음 포인트도 좋았고, 높은 점수를 준 이유는 캐릭터들이 모두 귀엽네요ㅋㅋ",
    "rating": "9",
    "date": "14.12.29"
  },
  {
    "review_id": "9518345",
    "movie_id": "100642",
    "author": "kama****",
    "review": "의미없이 목적없이 시간을 그저 '소비'하는 젊은 사람들에게 좀 더 의미있는, 생산적인 시간을 보내야한다는 자기반성적 메세지를 던지는 영화가 아닐까?",
    "rating": "10",
    "date": "14.12.26"
  },
  {
    "review_id": "9478588",
    "movie_id": "100642",
    "author": "mine****",
    "review": "재밌게 볼만한 영화입니다.",
    "rating": "10",
    "date": "14.12.16"
  },
  {
    "review_id": "9469564",
    "movie_id": "100642",
    "author": "tnfu****",
    "review": "잔잔하게 감동 주는 듯 정말 영화 같은 이야기 추천",
    "rating": "9",
    "date": "14.12.13"
  },
  {
    "review_id": "9466563",
    "movie_id": "100642",
    "author": "make****",
    "review": "정자기증으로 태어난 수많은 자식들의 친아빠 주인공 찿기 라는 신선한 소재만으로도 흥미를 끌었고, 정육배송직업과 빚쟁이 라는 주인공의 설정이 갈등과 훈훈함을 배가시켰다. 다만, 많은자식 이슈를 긴 중후반 일상씬과 자식 몇명에 편중케한 소모적 구성 아쉬움",
    "rating": "7",
    "date": "14.12.11"
  },
  {
    "review_id": "9458727",
    "movie_id": "100642",
    "author": "kowi****",
    "review": "있을법한 일이면서 불가능한 일인것 같아 1점은 내꺼고..9점 다 줬다.. 웰메이드 무비 굿굿...",
    "rating": "9",
    "date": "14.12.08"
  },
  {
    "review_id": "9450252",
    "movie_id": "100642",
    "author": "dktm****",
    "review": "어떻게 마무리지을까  기대반 걱정반... 크게 웃고 크게 울고 싶었는데, 지금 생각해보니 잔잔한 마무리가 오히려 좋았던거 같다. 연말에 보기에도 좋은영화 같습니다^^",
    "rating": "10",
    "date": "14.12.05"
  },
  {
    "review_id": "9441449",
    "movie_id": "100642",
    "author": "pass****",
    "review": "뉴스로 접하던 소재여서 낯익었을뿐 soso",
    "rating": "7",
    "date": "14.12.02"
  },
  {
    "review_id": "9434384",
    "movie_id": "100642",
    "author": "sygo****",
    "review": "웃음과 감동을 동시에 맛볼수 있다",
    "rating": "9",
    "date": "14.11.30"
  },
  {
    "review_id": "9426760",
    "movie_id": "100642",
    "author": "katl****",
    "review": "이 영화가 망한 이유를 모르겠다.",
    "rating": "10",
    "date": "14.11.27"
  },
  {
    "review_id": "9422427",
    "movie_id": "100642",
    "author": "bju1****",
    "review": "흠 뭐라고해야되지 곧있으면 2015년인데 이걸 보자마자 이게 내 올해 최고의 명작영화",
    "rating": "10",
    "date": "14.11.26"
  },
  {
    "review_id": "9396831",
    "movie_id": "100642",
    "author": "medi****",
    "review": "가슴뭉클해지고 따스해지는 영화. 추천해드리고 싶네요.",
    "rating": "10",
    "date": "14.11.17"
  },
  {
    "review_id": "9334354",
    "movie_id": "100642",
    "author": "zen2****",
    "review": "헐 이영화 망했었나요?? 정말 재밌는데",
    "rating": "9",
    "date": "14.11.01"
  },
  {
    "review_id": "9322756",
    "movie_id": "100642",
    "author": "es11****",
    "review": "소재도 좋고 감동 코믹 모두 밸런스가 좋은 영화",
    "rating": "9",
    "date": "14.10.27"
  },
  {
    "review_id": "9307729",
    "movie_id": "100642",
    "author": "pine****",
    "review": "어떻게 이야기를 풀어갈까 궁금했는데 감동도 주면서 약간의 현실을 반영한 것 같아요. 좋은 영화!",
    "rating": "8",
    "date": "14.10.22"
  },
  {
    "review_id": "9303066",
    "movie_id": "100642",
    "author": "khj8****",
    "review": "우리나라에선 상상도 할 수 없는 소재이지만, 정자 기증문화가 발달되어 있는 미국에서는 충분히 가능할 수 있는 소재. 영화 스토리만 보고선 코미디 영화일거라고 생각할 수 있지만, 나름대로 마음이 따뜻한 영화!!",
    "rating": "9",
    "date": "14.10.19"
  },
  {
    "review_id": "9182950",
    "movie_id": "100642",
    "author": "924_****",
    "review": "가슴이 따뜻해지고 넘 감동적인 영화. 초반엔 뭐지 지루해 했는데 갈수록...저런 아빠 있으면 세상을 다 가진 기분이겠다. 아빠가 될 사람들이 보면 더 좋을영화 :)",
    "rating": "10",
    "date": "14.09.08"
  },
  {
    "review_id": "9156810",
    "movie_id": "100642",
    "author": "skyj****",
    "review": "아!! 너무 좋은 영화였다!!",
    "rating": "10",
    "date": "14.09.03"
  },
  {
    "review_id": "9134233",
    "movie_id": "100642",
    "author": "300c****",
    "review": "최근에 본영화중 최고 인거 같아요",
    "rating": "10",
    "date": "14.08.26"
  },
  {
    "review_id": "9131109",
    "movie_id": "100642",
    "author": "reve****",
    "review": "as a father, I recommend this movie",
    "rating": "10",
    "date": "14.08.25"
  },
  {
    "review_id": "9129030",
    "movie_id": "100642",
    "author": "pjwl****",
    "review": "찡한감동ㅜㅜ 이런영화너무좋다",
    "rating": "10",
    "date": "14.08.24"
  },
  {
    "review_id": "9096739",
    "movie_id": "100642",
    "author": "dlwl****",
    "review": "포장은 거칠지만 맛은 부드러운 느낌.",
    "rating": "10",
    "date": "14.08.16"
  },
  {
    "review_id": "9084168",
    "movie_id": "100642",
    "author": "only****",
    "review": "빈스 본의 영화는 늘 따뜻하고 재미있음.",
    "rating": "9",
    "date": "14.08.14"
  },
  {
    "review_id": "9066022",
    "movie_id": "100642",
    "author": "shin****",
    "review": "비슷한 소재 진행 재미를 추구하는 요즘 영화와 다르게 정말 주옥같은 대사와 소소한 재미 감동을 주는 영화입니다 한참동안 이런영화를 못봐왔는데 근래에 가장 잼있게 본 영화 추천합니다",
    "rating": "10",
    "date": "14.08.11"
  },
  {
    "review_id": "9065196",
    "movie_id": "100642",
    "author": "ghta****",
    "review": "신선한아이디어다 ㅋㅋ감동도 진하고",
    "rating": "8",
    "date": "14.08.10"
  },
  {
    "review_id": "9060124",
    "movie_id": "100642",
    "author": "whdu****",
    "review": "솔찍히..솔찍히 마지막이 최금 아쉬웠다 충분히 감동 끌어낼 수 도 있었는데..그치만...너무 감동적이고...감동적이다.",
    "rating": "10",
    "date": "14.08.10"
  },
  {
    "review_id": "9053615",
    "movie_id": "100642",
    "author": "jung****",
    "review": "아 평점보고 봤는데 겁나 지루하네..  머가재밌다는거냐 대체.. 말도안되는 설정.. 356명의 수호천사로 평생살거냐? 그래서 얻는게뭔데? 영화 스토리를 이따위로 만들었냐",
    "rating": "2",
    "date": "14.08.09"
  },
  {
    "review_id": "9052363",
    "movie_id": "100642",
    "author": "eggh****",
    "review": "정말 재밋게봣다 자막이 중간 짤려서 아쉬운게잇엇지만 영화관에서 봐야할 영화를 집에서본게 무척이나 아쉽다",
    "rating": "10",
    "date": "14.08.08"
  },
  {
    "review_id": "9026462",
    "movie_id": "100642",
    "author": "the_****",
    "review": "시나리오 좋고 소재도 넘 재밌따",
    "rating": "8",
    "date": "14.08.04"
  },
  {
    "review_id": "9020061",
    "movie_id": "100642",
    "author": "bayd****",
    "review": "소재가 흥미롭고 내용도 감동적.",
    "rating": "8",
    "date": "14.08.03"
  },
  {
    "review_id": "8995910",
    "movie_id": "100642",
    "author": "netc****",
    "review": "손에 꼽을 만한 감동이네요. 왜 이제야 본거지?",
    "rating": "10",
    "date": "14.07.31"
  },
  {
    "review_id": "8954411",
    "movie_id": "100642",
    "author": "2005****",
    "review": "참 어이가없는 설정인데 영화가 만들어지는걸 보면 정말 대단혀",
    "rating": "10",
    "date": "14.07.25"
  },
  {
    "review_id": "8938850",
    "movie_id": "100642",
    "author": "ddon****",
    "review": "마음 따뜻해지는 영화 최고!",
    "rating": "10",
    "date": "14.07.21"
  },
  {
    "review_id": "8890429",
    "movie_id": "100642",
    "author": "qoxm****",
    "review": "그는 아버지다... 모두의 아버지",
    "rating": "10",
    "date": "14.07.06"
  },
  {
    "review_id": "8882887",
    "movie_id": "100642",
    "author": "jinw****",
    "review": "원작보단 못하지만, 스타벅의 이야기는 언제나 감동이네요.",
    "rating": "8",
    "date": "14.07.04"
  },
  {
    "review_id": "8877389",
    "movie_id": "100642",
    "author": "joow****",
    "review": "딸쟁이 최고의영화 너무좋다",
    "rating": "10",
    "date": "14.07.02"
  },
  {
    "review_id": "8763951",
    "movie_id": "100642",
    "author": "kits****",
    "review": "안봐도 상관없었던 영화그저그런 뻔한 결말 뻔한 설정",
    "rating": "3",
    "date": "14.05.25"
  },
  {
    "review_id": "8753980",
    "movie_id": "100642",
    "author": "rlaw****",
    "review": "설정은 조금 황당해도 내용 자체는 괜찮은 영화라고 생각해요 ㅎ",
    "rating": "10",
    "date": "14.05.22"
  },
  {
    "review_id": "8752282",
    "movie_id": "100642",
    "author": "tott****",
    "review": "다소 황당하고 터무니없는 설정이라고 여기며 봤지만~ 결국은 감동적이네요~ 오랜만에 좋은 영화 감상했습니다.",
    "rating": "10",
    "date": "14.05.21"
  },
  {
    "review_id": "8738160",
    "movie_id": "100642",
    "author": "wone****",
    "review": "넘치는 위트와 잔잔한 감동",
    "rating": "9",
    "date": "14.05.17"
  },
  {
    "review_id": "8737071",
    "movie_id": "100642",
    "author": "ssys****",
    "review": "대단한 유전자구나. 영화를 떠나서 현실로 본다면 그게 가능한 일인지도 궁금하네요.ㅎㅎ 나름 볼만한 영화네요 소재가 신선해서",
    "rating": "6",
    "date": "14.05.16"
  },
  {
    "review_id": "8727770",
    "movie_id": "100642",
    "author": "aman****",
    "review": "가슴이 따뜻해지는 좋은 영화.",
    "rating": "10",
    "date": "14.05.13"
  },
  {
    "review_id": "8726436",
    "movie_id": "100642",
    "author": "dptm****",
    "review": "재밌네요 배우들연기도좋고",
    "rating": "10",
    "date": "14.05.12"
  },
  {
    "review_id": "8716341",
    "movie_id": "100642",
    "author": "effo****",
    "review": "감동도 있고 재밌게 본 영화",
    "rating": "10",
    "date": "14.05.08"
  },
  {
    "review_id": "8702814",
    "movie_id": "100642",
    "author": "dusw****",
    "review": "감동 재미모두 있는 영화였다",
    "rating": "10",
    "date": "14.05.04"
  },
  {
    "review_id": "8702166",
    "movie_id": "100642",
    "author": "hjdh****",
    "review": "빈스본 영화는 언제나 감동이 쩐다~",
    "rating": "9",
    "date": "14.05.04"
  },
  {
    "review_id": "8698198",
    "movie_id": "100642",
    "author": "hath****",
    "review": "다들 착한 사람들이다. 현대판 동화.",
    "rating": "9",
    "date": "14.05.03"
  },
  {
    "review_id": "8686413",
    "movie_id": "100642",
    "author": "wkfg****",
    "review": "재미도 감동도 있어서 기대 안하고 봤는데 완전 잘 봤어요 ㅋㅋ",
    "rating": "10",
    "date": "14.04.30"
  },
  {
    "review_id": "8683195",
    "movie_id": "100642",
    "author": "suga****",
    "review": "기대 안하고 봤는데 생각외로 재밌게 봤다 중간에 코믹적인 요소들이 많아 극의 흐름이부드럽고 재밌다무엇보다 가족의 소중함을 느끼게 해 준 영화",
    "rating": "8",
    "date": "14.04.30"
  },
  {
    "review_id": "8683188",
    "movie_id": "100642",
    "author": "alsd****",
    "review": "가슴이 따뜻해지면서, 재미까지 있다. 500명의 아버지가 된다는 소재는 정말이지 참신했다.",
    "rating": "9",
    "date": "14.04.30"
  },
  {
    "review_id": "8671742",
    "movie_id": "100642",
    "author": "hogo****",
    "review": "골때리는 소재로 재미와 감동을 전하기 충분했다",
    "rating": "7",
    "date": "14.04.25"
  },
  {
    "review_id": "8667286",
    "movie_id": "100642",
    "author": "zxc1****",
    "review": "그럭저럭 괜찮은 이야기지만, 진행은 전형적이고 엔딩은 부자연스럽다. 주연을 맡은 빈스 본은 주인공 캐릭터에 어울리지 않는 것 같다.",
    "rating": "5",
    "date": "14.04.23"
  },
  {
    "review_id": "8665292",
    "movie_id": "100642",
    "author": "sevo****",
    "review": "웃음과 감동이 한꺼번에",
    "rating": "8",
    "date": "14.04.22"
  },
  {
    "review_id": "8651558",
    "movie_id": "100642",
    "author": "bjr2****",
    "review": "잼나고 감동도 있네요 ㅎㅎ",
    "rating": "10",
    "date": "14.04.15"
  },
  {
    "review_id": "8651362",
    "movie_id": "100642",
    "author": "sala****",
    "review": "7~8점이 적당하네요 지루하지도 않고 담백하며 소소한 감동도 있습니다. 하지만 깊은 맛은 좀 부족한듯",
    "rating": "8",
    "date": "14.04.15"
  },
  {
    "review_id": "8649493",
    "movie_id": "100642",
    "author": "cosm****",
    "review": "새벽 4시에 무작정 보기 시작했는데, 잠이 확 깨더라. 나쁘지 않단 영화란 반증",
    "rating": "8",
    "date": "14.04.14"
  },
  {
    "review_id": "8646389",
    "movie_id": "100642",
    "author": "tn99****",
    "review": "그래도 533명은 심했다.. ㅋ",
    "rating": "8",
    "date": "14.04.13"
  },
  {
    "review_id": "8640776",
    "movie_id": "100642",
    "author": "ehwj****",
    "review": "생각보다 정말 괜찮은 영화네요. 소재도 독특하고 소소한 재미와 따뜻하고 감동적인 영화. 훈훈한 영화네요ㅋㅋ",
    "rating": "9",
    "date": "14.04.10"
  },
  {
    "review_id": "8639297",
    "movie_id": "100642",
    "author": "mete****",
    "review": "웃기고 흐뭇하고 따뜻하고 감동적인 영화.",
    "rating": "9",
    "date": "14.04.10"
  },
  {
    "review_id": "8638927",
    "movie_id": "100642",
    "author": "gksr****",
    "review": "감동적이고 재미있다. 특히 라이언에게 내가 네 아빠라고 말할때..",
    "rating": "10",
    "date": "14.04.10"
  },
  {
    "review_id": "8635538",
    "movie_id": "100642",
    "author": "kism****",
    "review": "원작이 아직 기억에 생생하기에 더더욱 담백하게 느껴졌다. 포근한 영화",
    "rating": "10",
    "date": "14.04.07"
  },
  {
    "review_id": "8635104",
    "movie_id": "100642",
    "author": "adiv****",
    "review": "보고 나면 가슴 따뜻해지는 영화",
    "rating": "7",
    "date": "14.04.07"
  },
  {
    "review_id": "8634092",
    "movie_id": "100642",
    "author": "bles****",
    "review": "익히 알려져 버렸기에 다소 모자란 감동",
    "rating": "5",
    "date": "14.04.07"
  },
  {
    "review_id": "8631163",
    "movie_id": "100642",
    "author": "534k****",
    "review": "볼만한데 현지에선 망한듯",
    "rating": "10",
    "date": "14.04.06"
  },
  {
    "review_id": "8628804",
    "movie_id": "100642",
    "author": "1111****",
    "review": "소재가 좋다...재미고 있고.",
    "rating": "9",
    "date": "14.04.05"
  },
  {
    "review_id": "8628440",
    "movie_id": "100642",
    "author": "kis5****",
    "review": "그비슷한 스페인영화보단 이게 더나은듯. 볼만함.",
    "rating": "7",
    "date": "14.04.04"
  },
  {
    "review_id": "8628192",
    "movie_id": "100642",
    "author": "evol****",
    "review": "신선한 소재고 재미랑 교훈도 있음",
    "rating": "10",
    "date": "14.04.04"
  },
  {
    "review_id": "8626390",
    "movie_id": "100642",
    "author": "01aj****",
    "review": "말도 안되는 설정이지만 재미도 있고 감동도 있었다.",
    "rating": "8",
    "date": "14.04.03"
  },
  {
    "review_id": "8623855",
    "movie_id": "100642",
    "author": "zoro****",
    "review": "Mr.스타벅의 리메이크판이었군요 어쩐지 내용이 왜케 비슷하지 싶었네요..;",
    "rating": "10",
    "date": "14.04.02"
  },
  {
    "review_id": "8622375",
    "movie_id": "100642",
    "author": "xkfg****",
    "review": "코미디라는 장르로서 웃긴 면은 덜하지만 색다른 소재와 감동이 상당하다",
    "rating": "10",
    "date": "14.04.01"
  },
  {
    "review_id": "8622170",
    "movie_id": "100642",
    "author": "gran****",
    "review": "마음이 따뜻해지는 영화이다.",
    "rating": "10",
    "date": "14.04.01"
  },
  {
    "review_id": "8621517",
    "movie_id": "100642",
    "author": "pjy2****",
    "review": "아버지가 데이비드에게 해주는 말, 데이비드가 여주에게 해주는말 아주아주 멋있다.",
    "rating": "10",
    "date": "14.04.01"
  },
  {
    "review_id": "8621211",
    "movie_id": "100642",
    "author": "s646****",
    "review": "ㅇㅅㅇ 좀 쩌는듯. ㅊㅊ",
    "rating": "10",
    "date": "14.03.31"
  },
  {
    "review_id": "8621202",
    "movie_id": "100642",
    "author": "s646****",
    "review": "스타벅이랑 똑같아서 좀 그렇긴 한데 괜춘",
    "rating": "10",
    "date": "14.03.31"
  },
  {
    "review_id": "8621200",
    "movie_id": "100642",
    "author": "jh77****",
    "review": "재미있다.. 4점 준사람은 무슨 생각인지 모르겠다..",
    "rating": "10",
    "date": "14.03.31"
  },
  {
    "review_id": "8621192",
    "movie_id": "100642",
    "author": "s646****",
    "review": "시간 때우기에는 괜찬은것 같다...    색다른 소재가 신박하다.",
    "rating": "10",
    "date": "14.03.31"
  },
  {
    "review_id": "8619000",
    "movie_id": "100642",
    "author": "kos4****",
    "review": "특별한 남자와 평범한 영화",
    "rating": "7",
    "date": "14.03.30"
  },
  {
    "review_id": "8618536",
    "movie_id": "100642",
    "author": "deef****",
    "review": "영화 한달에 10편 이상씩은 꼭 보는 무비맨인데, 올해들어 본 영화 중 가장 마음 따뜻해지는 영화였음..중간중간 빵터지는 대사도 많고 ㅋㅋ",
    "rating": "10",
    "date": "14.03.30"
  },
  {
    "review_id": "8618187",
    "movie_id": "100642",
    "author": "up_4****",
    "review": "I envy him his lovely children",
    "rating": "10",
    "date": "14.03.30"
  },
  {
    "review_id": "8617199",
    "movie_id": "100642",
    "author": "jugh****",
    "review": "이 영화가 망한 이유를 모르겠다.",
    "rating": "10",
    "date": "14.03.30"
  },
  {
    "review_id": "8616100",
    "movie_id": "100642",
    "author": "whdm****",
    "review": "정말 나도 533명의 자녀가있었으면 하는 생각이나도록 감동깊게 감상한 영화중 TOP 1 인 영화입니다. 이렇게 감동적이고 재미있는 영화는 제가 살면서 여탯것 없었습니다. 이영화를 통해서 저에게 꿈을 주었고 이영화를 통해서 얻은 꿈을 활용하도록하겠습니다",
    "rating": "10",
    "date": "14.03.29"
  },
  {
    "review_id": "8615110",
    "movie_id": "100642",
    "author": "jjcv****",
    "review": "무난하다 크리스프랫이 눈에 들어온다",
    "rating": "6",
    "date": "14.03.29"
  },
  {
    "review_id": "8615013",
    "movie_id": "100642",
    "author": "viol****",
    "review": "베낀 영화라도 내용이 좋다보니...스타벅을 보던 이걸 보던 보는이에게 생명의 중요성? 우리 모두는 하나라는 메시지를 느낄 수 있게 해주어서 좋다~",
    "rating": "10",
    "date": "14.03.29"
  },
  {
    "review_id": "8614478",
    "movie_id": "100642",
    "author": "come****",
    "review": "비록 변화는 배경만 바뀐거지만 다시 한번더 깨달음을 얻는다.",
    "rating": "7",
    "date": "14.03.29"
  },
  {
    "review_id": "8613563",
    "movie_id": "100642",
    "author": "yell****",
    "review": "평점반만준다 스타벅과 이영화의차이는 배우뿐인데 감독이 한사람이니욕할순없는데 최소한 미국판은 조금은 다르게찍었어야지 너무똑같아서 조금보다말았네.대사조차 똑같네..켄 스콧저거 양아치네",
    "rating": "4",
    "date": "14.03.28"
  },
  {
    "review_id": "8612789",
    "movie_id": "100642",
    "author": "cbh5****",
    "review": "편하게 보기 괜찮아요 ㅎ",
    "rating": "9",
    "date": "14.03.28"
  },
  {
    "review_id": "8224508",
    "movie_id": "100642",
    "author": "doct****",
    "review": "핏줄의 중요성을 보여준 영화?",
    "rating": "8",
    "date": "13.12.18"
  }
]