[
  {
    "review_id": "7476770",
    "movie_id": "100637",
    "author": "cind****",
    "review": "재밋네",
    "rating": "10",
    "date": "13.04.23"
  },
  {
    "review_id": "7445683",
    "movie_id": "100637",
    "author": "qkre****",
    "review": "평점조정",
    "rating": "10",
    "date": "13.04.09"
  },
  {
    "review_id": "7397590",
    "movie_id": "100637",
    "author": "yang****",
    "review": "더럽게 재미없다..1점준거중 한국영화는 10점주는 매미OO있네..OO매미가 조폭영화 10점주라디?",
    "rating": "1",
    "date": "13.03.23"
  },
  {
    "review_id": "7313097",
    "movie_id": "100637",
    "author": "feel****",
    "review": "괜찮은 원단으로 대충 바느질해서 만든 옷처럼 엉성하다. 특히나 호위 무사(?)로 나오는 배우는 다른 길 찾는 게 어떨까 싶네.",
    "rating": "5",
    "date": "13.03.01"
  },
  {
    "review_id": "7298813",
    "movie_id": "100637",
    "author": "iamr****",
    "review": "볼만함이런류 영화중에 괜찮던데복선도 많고",
    "rating": "9",
    "date": "13.02.24"
  },
  {
    "review_id": "7288031",
    "movie_id": "100637",
    "author": "para****",
    "review": "짜증...",
    "rating": "1",
    "date": "13.02.21"
  },
  {
    "review_id": "7276165",
    "movie_id": "100637",
    "author": "adsl****",
    "review": "재미도없고 독창적인게 하나도없음 프레데터 디자인 배끼고 사힐런트힐 간호사 배끼고 먼깡으로 개봉한거야",
    "rating": "1",
    "date": "13.02.17"
  },
  {
    "review_id": "7266984",
    "movie_id": "100637",
    "author": "dais****",
    "review": "대단다하 대단해...무슨깡으로 개봉을...1점도 아깝다",
    "rating": "1",
    "date": "13.02.15"
  },
  {
    "review_id": "7259313",
    "movie_id": "100637",
    "author": "paus****",
    "review": "내가 다 부끄럽네 감독 얼굴보려고 왔음",
    "rating": "1",
    "date": "13.02.13"
  },
  {
    "review_id": "7246997",
    "movie_id": "100637",
    "author": "bles****",
    "review": "정말 무시무시했던 좀비",
    "rating": "1",
    "date": "13.02.10"
  },
  {
    "review_id": "7241738",
    "movie_id": "100637",
    "author": "ggan****",
    "review": "쓰레기네 ㅋㅋ뭐이런 병맛영화가다있지",
    "rating": "1",
    "date": "13.02.09"
  },
  {
    "review_id": "7238578",
    "movie_id": "100637",
    "author": "smil****",
    "review": "시간은 금이라구 친구",
    "rating": "10",
    "date": "13.02.08"
  },
  {
    "review_id": "7233248",
    "movie_id": "100637",
    "author": "neme****",
    "review": "ㅡ.ㅡ",
    "rating": "1",
    "date": "13.02.07"
  },
  {
    "review_id": "7231861",
    "movie_id": "100637",
    "author": "choi****",
    "review": "10년에 1번 나올까말까한 엄청난 영화",
    "rating": "10",
    "date": "13.02.06"
  },
  {
    "review_id": "7230892",
    "movie_id": "100637",
    "author": "fjqm****",
    "review": "ㅅㅂ. 내가 이걸 본 거 진짜 후회한다 에이 시1발 배우가 휘두르는 검하고 좀비 연출력 연기 영상 씨1발 다 따로논다 왠만하면 10점주는 편인데 에이샹 그래도 남자배우 잘생김",
    "rating": "1",
    "date": "13.02.06"
  },
  {
    "review_id": "7229724",
    "movie_id": "100637",
    "author": "doky****",
    "review": "연출, 영상, 연기 삼박자를 두루 갖춘 쓰레기 영화입니다. 초반의 NF 소나타 깡통 모델이 나와서 잠시 흥미로운거 말고는 10분도 채 눈뜨고는 볼 수없는 쓰레기 영화입니다. 안타깝네요. 소재는 괜찮은거 같았는데.",
    "rating": "1",
    "date": "13.02.06"
  },
  {
    "review_id": "7229637",
    "movie_id": "100637",
    "author": "kjen****",
    "review": "보지마세용~~",
    "rating": "1",
    "date": "13.02.06"
  },
  {
    "review_id": "7229409",
    "movie_id": "100637",
    "author": "yjh9****",
    "review": "강추! 세기의 역작임 꼭 보세요!",
    "rating": "10",
    "date": "13.02.06"
  },
  {
    "review_id": "7229324",
    "movie_id": "100637",
    "author": "crm_****",
    "review": "나만당할 수없지 함 보세요..영화보고나면 세상이 다르게보임..",
    "rating": "10",
    "date": "13.02.05"
  },
  {
    "review_id": "7225847",
    "movie_id": "100637",
    "author": "qqqk****",
    "review": "볼만하네",
    "rating": "10",
    "date": "13.02.04"
  },
  {
    "review_id": "7225729",
    "movie_id": "100637",
    "author": "solm****",
    "review": "관심 없다",
    "rating": "1",
    "date": "13.02.04"
  },
  {
    "review_id": "7184743",
    "movie_id": "100637",
    "author": "beak****",
    "review": "관심이 없는 거 같아서리..",
    "rating": "10",
    "date": "13.01.27"
  }
]