[
  {
    "review_id": "10054493",
    "movie_id": "100815",
    "author": "badu****",
    "review": "평점 1 주는 아가들은 슈렉이나 봐라. 중2병은 난치병 이라더라",
    "rating": "10",
    "date": "15.06.30"
  },
  {
    "review_id": "9432195",
    "movie_id": "100815",
    "author": "dlwl****",
    "review": "사상은 미워하되 그 위인의 위업까지 평가절하 하진 맙시다.",
    "rating": "10",
    "date": "14.11.29"
  },
  {
    "review_id": "9131544",
    "movie_id": "100815",
    "author": "over****",
    "review": "자신의 신념에 충실했던 체 게바라.  많은 이들과 함께 했지만, 끝까지 흔들리지 않았던 것은, 즐거움을 넘어선 신념이 있기 때문이 아닐까.",
    "rating": "10",
    "date": "14.08.25"
  },
  {
    "review_id": "8844406",
    "movie_id": "100815",
    "author": "5wol****",
    "review": "하도 빨길래 보니 웃음만.",
    "rating": "1",
    "date": "14.06.21"
  },
  {
    "review_id": "7689187",
    "movie_id": "100815",
    "author": "mjun****",
    "review": "추천합니다 진정한 혁명가를 알 수 있는 영화 물론 평전과 다른 책들을 같이 읽으면 더 좋지많ㅎ",
    "rating": "10",
    "date": "13.06.29"
  },
  {
    "review_id": "7566066",
    "movie_id": "100815",
    "author": "guev****",
    "review": "체 게바라는 공산주의나 자본주의를 추구하지 않고신세계,신인류를 추구한 뉴맨임을 적시한 흥미로운 다큐멘터리.",
    "rating": "7",
    "date": "13.05.31"
  },
  {
    "review_id": "7286610",
    "movie_id": "100815",
    "author": "bexc****",
    "review": "책과 상상으로만 만날 수 있었던 체 게바라의 삶과 기록을 음성과 영상을 통해 만나게 되니 감개무량하고 보는 내내 황홀하고 흥분되었다..",
    "rating": "10",
    "date": "13.02.21"
  },
  {
    "review_id": "7131068",
    "movie_id": "100815",
    "author": "rand****",
    "review": "그는 쿠바은행의 총재가 되었지만, 진정한 남미혁명을 위해 다시 게릴라전에 참전했다가, 그가 위협이 될거라 여긴 CIA에게 39살에 암살당했죠. 행동하는 혁명가. 아마 체 게바라같은 이는 다시 세상에 나타나기 힘들것 같습니다...",
    "rating": "10",
    "date": "13.01.19"
  },
  {
    "review_id": "7113626",
    "movie_id": "100815",
    "author": "jeyu****",
    "review": "체게바라를 잘 이해할 수 있었습니다.\"진정한 혁명은 자기자신에 대한 혁명이며, 어떠한 물질적 보상도 생각하지 않는 것이다.\"",
    "rating": "10",
    "date": "13.01.14"
  },
  {
    "review_id": "6976321",
    "movie_id": "100815",
    "author": "howa****",
    "review": "체의 평전을 꼭 읽어보길 바란 이념주의가 아닌 인간으로서 체를 알게 될것더불어서 공산주의와 자본주의 이념은 똑같은데서 시작했다는것을 알기 바란다 그리고 김정은 김정일은 OOO다 이념에 선동되지 말고 누구가 누구를 위하는가를 보라 정책을 보고 투표!",
    "rating": "10",
    "date": "12.12.05"
  },
  {
    "review_id": "6969524",
    "movie_id": "100815",
    "author": "ahn7****",
    "review": "hans****/ 마! 체게바라가 영웅이 아니면 누구도 영웅일수 없다.",
    "rating": "9",
    "date": "12.12.04"
  },
  {
    "review_id": "6968062",
    "movie_id": "100815",
    "author": "hans****",
    "review": "체게바라를 영웅으로 만드는것은 어느 자리 어느 위치의 누구인가...",
    "rating": "1",
    "date": "12.12.03"
  },
  {
    "review_id": "6953228",
    "movie_id": "100815",
    "author": "hite****",
    "review": "굿",
    "rating": "10",
    "date": "12.12.01"
  },
  {
    "review_id": "6946696",
    "movie_id": "100815",
    "author": "sco2****",
    "review": "ㅇㅇㅇㅇㅇ",
    "rating": "10",
    "date": "12.11.30"
  },
  {
    "review_id": "6945252",
    "movie_id": "100815",
    "author": "bald****",
    "review": "사람은 순수할지 몰라도 국내방영시기로는 그 순수성에 의심이 갈만한 작품...",
    "rating": "1",
    "date": "12.11.30"
  },
  {
    "review_id": "6941289",
    "movie_id": "100815",
    "author": "jieu****",
    "review": "사람들이 원하는 진정한 지도자의 상을 다 갖추고 있네요. 모든것을 몸소 실천하며 본이 되어주는 ,뜨거운 열정과 냉철한 이성을 가진 혁명가의 모습에 마음이 따뜻해집니다",
    "rating": "9",
    "date": "12.11.29"
  },
  {
    "review_id": "6939715",
    "movie_id": "100815",
    "author": "nyoc****",
    "review": "모터싸이클 다이어리라는 영화를 본 후 이 다규영화를 보면 더욱 이해가 높을 듯...     전세계 젊은이들의 저항 영웅 체 게바라의 다큐...",
    "rating": "9",
    "date": "12.11.29"
  }
]