[
  {
    "review_id": "9900049",
    "movie_id": "100802",
    "author": "rand****",
    "review": "B급 영화.. 재밌지는 않았음..",
    "rating": "3",
    "date": "15.05.06"
  },
  {
    "review_id": "9895245",
    "movie_id": "100802",
    "author": "kyki****",
    "review": "기대를 안해서 그런가 완전 재밌게 봤어요",
    "rating": "8",
    "date": "15.05.05"
  },
  {
    "review_id": "9877137",
    "movie_id": "100802",
    "author": "scy1****",
    "review": "가볍게 즐기기 좋은 액션영화.",
    "rating": "8",
    "date": "15.04.29"
  },
  {
    "review_id": "9707727",
    "movie_id": "100802",
    "author": "ppon****",
    "review": "생각보다재밌었다 기대를안하고봐야 나을듯",
    "rating": "8",
    "date": "15.02.18"
  },
  {
    "review_id": "9701378",
    "movie_id": "100802",
    "author": "khle****",
    "review": "미드팬들에겐 반가운 얼굴들이 줄줄이 나오는데...스토리는 그냥 비디오용B급액션을 못넘어선다",
    "rating": "6",
    "date": "15.02.16"
  },
  {
    "review_id": "9012237",
    "movie_id": "100802",
    "author": "oojj****",
    "review": "ㅎㅎ 어이없는 영화. 비급도 아닌 하~~~ 적을 것이 없다.ㅡㅡ;",
    "rating": "3",
    "date": "14.08.02"
  },
  {
    "review_id": "8743557",
    "movie_id": "100802",
    "author": "3rsx****",
    "review": "잘된 B급 영화들 어설프게 베낀 수준.. 그래도 배우들은 매력있고 별 기대없이 보면 재미는 있다",
    "rating": "7",
    "date": "14.05.18"
  },
  {
    "review_id": "8628375",
    "movie_id": "100802",
    "author": "ppon****",
    "review": "평점보고 기대안하고 봐떠니 생각보다 신 나는 B급 오락영화! 아가씨들 몸매도 착하고... 줄거리는 그냥그냥...시간가는줄모름~ 킬링타임용! 이정도면 정말 볼만함",
    "rating": "9",
    "date": "14.04.04"
  },
  {
    "review_id": "8204616",
    "movie_id": "100802",
    "author": "proa****",
    "review": "b급이지만  그냥저냥 볼만 합니다. 특히 여자와 격투신 .. ㅎㅎ",
    "rating": "4",
    "date": "13.12.10"
  },
  {
    "review_id": "8200361",
    "movie_id": "100802",
    "author": "534k****",
    "review": "그냥 평범한 액션 스릴러 영화",
    "rating": "6",
    "date": "13.12.08"
  },
  {
    "review_id": "8190083",
    "movie_id": "100802",
    "author": "cont****",
    "review": "대다수가 나쁜 사람들인 흔치 않은 영화",
    "rating": "6",
    "date": "13.12.04"
  },
  {
    "review_id": "8161980",
    "movie_id": "100802",
    "author": "lemo****",
    "review": "세형제의 총질하는 영화 중간중간 미인들도 나오긴하는데 야시꾸리한건 안나와요! 킬링타임용으로 적법한 영화입니다.",
    "rating": "7",
    "date": "13.11.23"
  },
  {
    "review_id": "8156084",
    "movie_id": "100802",
    "author": "gall****",
    "review": "타린티노와 로드리게스 흉내내다 자폭하는 꼴",
    "rating": "4",
    "date": "13.11.20"
  },
  {
    "review_id": "8131569",
    "movie_id": "100802",
    "author": "vm4e****",
    "review": "딱 B급용 킬링타임 오락영화 ㅋㅋ 아무생각 없이 보기에 괜찮은 영화",
    "rating": "6",
    "date": "13.11.11"
  },
  {
    "review_id": "8122867",
    "movie_id": "100802",
    "author": "pass****",
    "review": "백인이 흑인 히스패닉 인디안들 죽이고 다니는 아름다운 이야기~",
    "rating": "5",
    "date": "13.11.07"
  },
  {
    "review_id": "8114678",
    "movie_id": "100802",
    "author": "eldk****",
    "review": "난 B급영화가 왤케 좋지 ㅋㅋ",
    "rating": "10",
    "date": "13.11.04"
  },
  {
    "review_id": "8113109",
    "movie_id": "100802",
    "author": "scif****",
    "review": "오락용 액션영화가 이정도면 볼만함",
    "rating": "8",
    "date": "13.11.03"
  },
  {
    "review_id": "8112619",
    "movie_id": "100802",
    "author": "cs79****",
    "review": "꿀잼이네 ㅋㅋ지금도투박한맛이있어서 충분히 매력적이지만 좀만다듬으면 블록버스터도 급으로도 가능할듯 우디형재 짱짱맨 ㅋㅋㅋ",
    "rating": "10",
    "date": "13.11.03"
  },
  {
    "review_id": "8093466",
    "movie_id": "100802",
    "author": "dkdl****",
    "review": "그냥 무난하게 볼수있는것같아요 심심하고 마땅히 할게없을때 시간때우기용으로 보면 좋은영화겠네요",
    "rating": "8",
    "date": "13.10.27"
  },
  {
    "review_id": "8093383",
    "movie_id": "100802",
    "author": "psp2****",
    "review": "지루하지도 않고 신나지도 않고",
    "rating": "4",
    "date": "13.10.27"
  },
  {
    "review_id": "8091636",
    "movie_id": "100802",
    "author": "bles****",
    "review": "쿨하지도 신나지도 않는 스타일",
    "rating": "5",
    "date": "13.10.26"
  },
  {
    "review_id": "8087573",
    "movie_id": "100802",
    "author": "haro****",
    "review": "주인공도 매력적이고 재미있음. 그런데..악당은 죄다 유색인종.. 고약한 유머 빼면 볼만함..",
    "rating": "8",
    "date": "13.10.25"
  },
  {
    "review_id": "8083004",
    "movie_id": "100802",
    "author": "mysh****",
    "review": "생각없이 봤다가 짱 재밌었뜸",
    "rating": "10",
    "date": "13.10.23"
  },
  {
    "review_id": "8078874",
    "movie_id": "100802",
    "author": "soof****",
    "review": "인생살면서 누구나 한번 쯤 고민해 봤을 법한 깨알같은 교훈과 재미 두마리 토끼 다 잡았네^^*",
    "rating": "9",
    "date": "13.10.22"
  },
  {
    "review_id": "8073242",
    "movie_id": "100802",
    "author": "stom****",
    "review": "기대하지 않았지만 볼만하네.. 킬링타임용으로 적격.",
    "rating": "6",
    "date": "13.10.20"
  },
  {
    "review_id": "8067222",
    "movie_id": "100802",
    "author": "kis5****",
    "review": "지루하지않고 잼있었음.",
    "rating": "8",
    "date": "13.10.18"
  },
  {
    "review_id": "8062546",
    "movie_id": "100802",
    "author": "doky****",
    "review": "속시원한 무법 천지 형제들의 이야기.",
    "rating": "8",
    "date": "13.10.16"
  },
  {
    "review_id": "8061740",
    "movie_id": "100802",
    "author": "guev****",
    "review": "B급 무비의 정서를 가득 담았군",
    "rating": "7",
    "date": "13.10.15"
  },
  {
    "review_id": "7973738",
    "movie_id": "100802",
    "author": "pass****",
    "review": "최고일듯 ~  오늘 야간 봄 ㅋㅋㅋ",
    "rating": "10",
    "date": "13.09.13"
  },
  {
    "review_id": "7973189",
    "movie_id": "100802",
    "author": "wjdr****",
    "review": "꺼지셈 내가 1픽",
    "rating": "1",
    "date": "13.09.13"
  },
  {
    "review_id": "7973183",
    "movie_id": "100802",
    "author": "dhdv****",
    "review": "선픽",
    "rating": "10",
    "date": "13.09.13"
  }
]