[
  {
    "review_id": "10209386",
    "movie_id": "100819",
    "author": "zxc1****",
    "review": "도전적인 19금 코미디가 될 수 있을 소재인데, 영화는 뻔한 내용에 지루한 개그들만 늘어놓는다.",
    "rating": "4",
    "date": "15.08.09"
  },
  {
    "review_id": "10139044",
    "movie_id": "100819",
    "author": "terr****",
    "review": "종합 평점은 4점 드립니다.",
    "rating": "4",
    "date": "15.07.25"
  },
  {
    "review_id": "9994989",
    "movie_id": "100819",
    "author": "xds9****",
    "review": "왜 한번도 안하냐 19라봤는데",
    "rating": "1",
    "date": "15.06.13"
  },
  {
    "review_id": "9947335",
    "movie_id": "100819",
    "author": "hans****",
    "review": "감독도 배우들도 고생이 많았다. 채널CGV에서 틀어주는 것 그냥저냥 볼만 했음. 돈주고 보면 아까웠을 듯.",
    "rating": "5",
    "date": "15.05.25"
  },
  {
    "review_id": "9938361",
    "movie_id": "100819",
    "author": "rldn****",
    "review": "제목보고 설렜는데.., 안나오네..",
    "rating": "4",
    "date": "15.05.22"
  },
  {
    "review_id": "9914059",
    "movie_id": "100819",
    "author": "vezi****",
    "review": "밤에 보기엔 심심풀이로 괜찮은데..",
    "rating": "8",
    "date": "15.05.13"
  },
  {
    "review_id": "9913367",
    "movie_id": "100819",
    "author": "rosy****",
    "review": "시간버리고 돈아까운 영화",
    "rating": "1",
    "date": "15.05.12"
  },
  {
    "review_id": "9898764",
    "movie_id": "100819",
    "author": "pnyj****",
    "review": "5~6점 정도 그냥저냥 볼만함. 사회 문제 지적질 때문인지 별점 테러 세력과, 기대하고 본 사람들의 실망감이 어울러져 별점이 형성된듯.",
    "rating": "10",
    "date": "15.05.06"
  },
  {
    "review_id": "9890645",
    "movie_id": "100819",
    "author": "take****",
    "review": "기분이 막 좋아지든데 황우슬혜화이팅",
    "rating": "8",
    "date": "15.05.03"
  },
  {
    "review_id": "9859502",
    "movie_id": "100819",
    "author": "noro****",
    "review": "도대체투자자들이 뭘보고투자한거지미스테리영화다",
    "rating": "1",
    "date": "15.04.23"
  },
  {
    "review_id": "9849563",
    "movie_id": "100819",
    "author": "ske4****",
    "review": "진심으로 전기세가 아까웠다!!!",
    "rating": "1",
    "date": "15.04.17"
  },
  {
    "review_id": "9732577",
    "movie_id": "100819",
    "author": "aron****",
    "review": "난 기대안하고봐서 그런지 재밋엇음♥♥ 난여잔데도 두여자매력잇다 여자입에서 나오는 성에대해 솔직한 발언 너므재밋엇다",
    "rating": "10",
    "date": "15.02.23"
  },
  {
    "review_id": "9636682",
    "movie_id": "100819",
    "author": "hiro****",
    "review": "오민석씨. 내일 봅시다.",
    "rating": "1",
    "date": "15.01.25"
  },
  {
    "review_id": "9506076",
    "movie_id": "100819",
    "author": "cowb****",
    "review": "화질이 좀 안습이였지만 타임 킬링 용으로 괜찮은 영화였다 까는 놈들 뭘 보고 까는건지 단 한줌의 오바도 없는 담백하고 엉성한 부분도 드문 나름의 스타일로 꽉 짜여져 잘 만들어진 영화구만 볼 줄 모르네 뭐가 있어야만 영화면 블록버스터만 보든가ㅋㅋㅋ",
    "rating": "10",
    "date": "14.12.24"
  },
  {
    "review_id": "9465176",
    "movie_id": "100819",
    "author": "marl****",
    "review": "이런쓰레기는 도대체 왜만든것임",
    "rating": "1",
    "date": "14.12.11"
  },
  {
    "review_id": "9445456",
    "movie_id": "100819",
    "author": "morb****",
    "review": "30대 중반 아무도 안 찾는 노처녀들의 발악하는 코미디",
    "rating": "4",
    "date": "14.12.04"
  },
  {
    "review_id": "9370512",
    "movie_id": "100819",
    "author": "juho****",
    "review": "질투하면 어떻게 되지^^?",
    "rating": "8",
    "date": "14.11.11"
  },
  {
    "review_id": "9345581",
    "movie_id": "100819",
    "author": "ruru****",
    "review": "안벗을거면 신성한 B급영화 모독하지 마라 ㅗ",
    "rating": "1",
    "date": "14.11.06"
  },
  {
    "review_id": "9340283",
    "movie_id": "100819",
    "author": "gjdm****",
    "review": "진짜 한번을 안하네 한번을. 마지막엔 걍 끝나고",
    "rating": "3",
    "date": "14.11.04"
  },
  {
    "review_id": "9307256",
    "movie_id": "100819",
    "author": "jhlo****",
    "review": "황우슬혜너무귀엽고, 자극적이지않고 편하게보기좋았어요. 스토리는 별로~ㅜㅜ 매끄럽지도 않고.. 병맛;;;",
    "rating": "6",
    "date": "14.10.22"
  },
  {
    "review_id": "9296069",
    "movie_id": "100819",
    "author": "iare****",
    "review": "황우슬혜 연기 정말 잘하네요! 근데 영화 주제나 스토리가 너무 진부했던거같아요. 황우슬혜 잘됐으면 좋겠어요!!",
    "rating": "10",
    "date": "14.10.16"
  },
  {
    "review_id": "9278790",
    "movie_id": "100819",
    "author": "yoos****",
    "review": "역시 황우슬혜 황우슬혜 허허 귀엽고 깜찍하고 굳이 무언가를 하지 않아도 참 매력적인 배우죠 하하 그리고 사희가 옆에서 굳건하게 섹시미를 뽐내기에 잘 어우러지지 않나 생각됩니다。아주 유쾌하고 코믹한 로맨틱코미디 영화입니다。스토리도 있습니다！강력추천！！",
    "rating": "10",
    "date": "14.10.09"
  },
  {
    "review_id": "9167196",
    "movie_id": "100819",
    "author": "bbq2****",
    "review": "어떻게 이런 영화 만드는 사람이 감독을 하지",
    "rating": "1",
    "date": "14.09.04"
  },
  {
    "review_id": "9042617",
    "movie_id": "100819",
    "author": "alwj****",
    "review": "유치하지만 유치한재미가있어요.",
    "rating": "10",
    "date": "14.08.07"
  },
  {
    "review_id": "9001088",
    "movie_id": "100819",
    "author": "prs7****",
    "review": "코미디로 볼 만한다...",
    "rating": "6",
    "date": "14.08.01"
  },
  {
    "review_id": "8955329",
    "movie_id": "100819",
    "author": "tull****",
    "review": "재미없음 주연배우 떡신이라도 많이 나오던가,,엑스트라 벗는거밖에 없네",
    "rating": "1",
    "date": "14.07.25"
  },
  {
    "review_id": "8915184",
    "movie_id": "100819",
    "author": "pisc****",
    "review": "재밋구만 나만 그런거여 ? ;;",
    "rating": "8",
    "date": "14.07.14"
  },
  {
    "review_id": "8854464",
    "movie_id": "100819",
    "author": "mevi****",
    "review": "그냥올려봤다...긑까지볼수있을까.",
    "rating": "10",
    "date": "14.06.25"
  },
  {
    "review_id": "8800551",
    "movie_id": "100819",
    "author": "tn99****",
    "review": "슬혜씨.. 벗으려면 제대로..",
    "rating": "2",
    "date": "14.06.05"
  },
  {
    "review_id": "8796959",
    "movie_id": "100819",
    "author": "next****",
    "review": "내용도 없고 느낌도 없고 공기같은 영화",
    "rating": "1",
    "date": "14.06.05"
  },
  {
    "review_id": "8791102",
    "movie_id": "100819",
    "author": "real****",
    "review": "감독 이런 영화로 인기끌줄 알았나 어차피 망할게 뻔히 보이는데 왜 이딴영화만드냐",
    "rating": "3",
    "date": "14.06.03"
  },
  {
    "review_id": "8789274",
    "movie_id": "100819",
    "author": "refl****",
    "review": "이런 변태같은 스토리는 흥행하기 힘들다 이딴내용으로 인기끌려고 했나",
    "rating": "1",
    "date": "14.06.03"
  },
  {
    "review_id": "8691796",
    "movie_id": "100819",
    "author": "almo****",
    "review": "아다 말희와 OO 세영의  짝짜꿍 찍짓기 프로젝트?",
    "rating": "6",
    "date": "14.05.02"
  },
  {
    "review_id": "8676660",
    "movie_id": "100819",
    "author": "mirj****",
    "review": "음~음~음~ 뭔 야그를 하고 싶은거쥐?",
    "rating": "5",
    "date": "14.04.27"
  },
  {
    "review_id": "8658717",
    "movie_id": "100819",
    "author": "seon****",
    "review": "진짜 그저그렇네요..개봉작인거같은데.ㅋㅋ실망.",
    "rating": "4",
    "date": "14.04.19"
  },
  {
    "review_id": "8650909",
    "movie_id": "100819",
    "author": "yskp****",
    "review": "생각보단 괜찮은거같다",
    "rating": "7",
    "date": "14.04.14"
  },
  {
    "review_id": "8632412",
    "movie_id": "100819",
    "author": "dakk****",
    "review": "이건 어쩌면 남자보다 여자를 위한 영화가 아닐까 싶다.",
    "rating": "7",
    "date": "14.04.06"
  },
  {
    "review_id": "8630662",
    "movie_id": "100819",
    "author": "gust****",
    "review": "평점보다 더 구리다... 만든 목적이 뭘까? 한번도 안해본 사람이 언제부터 흉이었지?",
    "rating": "1",
    "date": "14.04.05"
  },
  {
    "review_id": "8625416",
    "movie_id": "100819",
    "author": "h757****",
    "review": "볼만한영화입니다. 꼭",
    "rating": "8",
    "date": "14.04.03"
  },
  {
    "review_id": "8624984",
    "movie_id": "100819",
    "author": "aaaa****",
    "review": "헐 평점들 다 왜그래?? 다들 어린관객들만 모였나.. 남자들은 다른 관점을보고 환상에 미치지 못하니 평점을 낮게 준거 같음;;",
    "rating": "10",
    "date": "14.04.03"
  },
  {
    "review_id": "8610351",
    "movie_id": "100819",
    "author": "limp****",
    "review": "잼있드만 뭐가 나오길 바라고 쳐 보니까 재미가 없지 저질들",
    "rating": "10",
    "date": "14.03.27"
  },
  {
    "review_id": "8606168",
    "movie_id": "100819",
    "author": "love****",
    "review": "그냥 가볍게 만든거같은데 그래두 재밋던데?!솔직히 극장에서 보기엔 그렇구 구냥 b급과 c급사이?!근데 잼씀!!",
    "rating": "6",
    "date": "14.03.25"
  },
  {
    "review_id": "8605131",
    "movie_id": "100819",
    "author": "tpwh****",
    "review": "공감되는 내용이었다. 그러나 작품성은 좀 부족한 듯",
    "rating": "7",
    "date": "14.03.25"
  },
  {
    "review_id": "8582954",
    "movie_id": "100819",
    "author": "endd****",
    "review": "감독이 누군지정말 궁금함 배경이며 캐릭터며 옛날틱하고 시간아깝고 돈 아깝고 제목만자극적이면 다인가",
    "rating": "2",
    "date": "14.03.16"
  },
  {
    "review_id": "8573388",
    "movie_id": "100819",
    "author": "jin1****",
    "review": "알 수 없는 영화....!!",
    "rating": "1",
    "date": "14.03.13"
  },
  {
    "review_id": "8564287",
    "movie_id": "100819",
    "author": "rapi****",
    "review": "장르가 먼지도 모르겠구 황우슬혜 몸을 너무 아껴서 아쉽네",
    "rating": "3",
    "date": "14.03.09"
  },
  {
    "review_id": "8561829",
    "movie_id": "100819",
    "author": "1894****",
    "review": "시간 떼우기용으로도 별로였던 영화.",
    "rating": "3",
    "date": "14.03.08"
  },
  {
    "review_id": "8546673",
    "movie_id": "100819",
    "author": "p75m****",
    "review": "촬영 장면등이 싸구려 영화같은 느낌이 난다랄까... 비디오캠으로 찍었나..",
    "rating": "2",
    "date": "14.03.01"
  },
  {
    "review_id": "8531074",
    "movie_id": "100819",
    "author": "mo_c****",
    "review": "제목과 다르게 해본여자 같은데?",
    "rating": "1",
    "date": "14.02.23"
  },
  {
    "review_id": "8525756",
    "movie_id": "100819",
    "author": "doog****",
    "review": "뭘얘기하고싶은 영화인가요?",
    "rating": "1",
    "date": "14.02.21"
  },
  {
    "review_id": "8521751",
    "movie_id": "100819",
    "author": "yjlo****",
    "review": "별도아깝움드럽게잼때가리읎음 돈만아까움OOO영화왜만듬?더랏나 아짜증나",
    "rating": "1",
    "date": "14.02.20"
  },
  {
    "review_id": "8521015",
    "movie_id": "100819",
    "author": "silv****",
    "review": "괜스레 마음이 무거워진다.. 이 영화 정말 뜬금없다.",
    "rating": "4",
    "date": "14.02.19"
  },
  {
    "review_id": "8520018",
    "movie_id": "100819",
    "author": "dbzh****",
    "review": "이따구 영화를 왜 만드는겨?",
    "rating": "1",
    "date": "14.02.19"
  },
  {
    "review_id": "8518676",
    "movie_id": "100819",
    "author": "cpld****",
    "review": "역시 안해본여자보단 해본여자다",
    "rating": "1",
    "date": "14.02.18"
  },
  {
    "review_id": "8517215",
    "movie_id": "100819",
    "author": "quf8****",
    "review": "진짜 한번도 안해본 여자가 있을까?.. 궁금증을 유발시켰던 제목이었다..^^ 여기서 나온 주인공같이 여린 여자에게 진정한 사랑은 언제쯤 다가올까? 섹스와 사랑은 별개인가 여자로써 여러가지 생각하게되는 영화였다",
    "rating": "6",
    "date": "14.02.17"
  },
  {
    "review_id": "8514546",
    "movie_id": "100819",
    "author": "wlst****",
    "review": "10자이상 작성하기도 아까운영화 그러나 1점을주려면 어쩔수없음",
    "rating": "1",
    "date": "14.02.16"
  },
  {
    "review_id": "8506055",
    "movie_id": "100819",
    "author": "okre****",
    "review": "아니 재미도없고 감동도 없으면 야하기라도해야지! 이런 쓰레기같은..",
    "rating": "5",
    "date": "14.02.14"
  },
  {
    "review_id": "8504854",
    "movie_id": "100819",
    "author": "wunb****",
    "review": "할 말이 없다. 뭔 생각으로 만든거지?",
    "rating": "1",
    "date": "14.02.13"
  },
  {
    "review_id": "8504413",
    "movie_id": "100819",
    "author": "hsj1****",
    "review": "정말 이러시면 안되는거잖아요.. ─━,,──━ㆀ",
    "rating": "1",
    "date": "14.02.13"
  },
  {
    "review_id": "8502771",
    "movie_id": "100819",
    "author": "gmsv****",
    "review": "헐랭 .. 한마디하고싶자는~~~~",
    "rating": "1",
    "date": "14.02.13"
  },
  {
    "review_id": "8502178",
    "movie_id": "100819",
    "author": "skyg****",
    "review": "꽤 재밋게 봣어요 제 기준에선 쪼끔 야햇엇어요...제가 이런건 거의 안 보거든요...결혼전야보다 덜 야햇던것같아요...",
    "rating": "7",
    "date": "14.02.12"
  },
  {
    "review_id": "8500901",
    "movie_id": "100819",
    "author": "ssys****",
    "review": "고등학생들이 만든 영화보다 못할꺼같은데...야하지도 않고, 재밌지도 않고, 감동도 없고, 무언가 임팩트도 없고...관객을 무시하는 듯한 영화",
    "rating": "1",
    "date": "14.02.12"
  },
  {
    "review_id": "8499024",
    "movie_id": "100819",
    "author": "psp2****",
    "review": "비디오대여점이 없으니~~~",
    "rating": "2",
    "date": "14.02.11"
  },
  {
    "review_id": "8496167",
    "movie_id": "100819",
    "author": "izzo****",
    "review": "지금 말하기에는 너무 낡았어.",
    "rating": "4",
    "date": "14.02.10"
  },
  {
    "review_id": "8489356",
    "movie_id": "100819",
    "author": "max7****",
    "review": "내가만들어도이거보단.잘만들듯.",
    "rating": "1",
    "date": "14.02.08"
  },
  {
    "review_id": "8488250",
    "movie_id": "100819",
    "author": "uyuu****",
    "review": "이게 평점이 3점대? 1점대가 적당하다",
    "rating": "1",
    "date": "14.02.08"
  },
  {
    "review_id": "8486138",
    "movie_id": "100819",
    "author": "kkki****",
    "review": "전형적인 b급 영화 .. ㅋㅋ",
    "rating": "4",
    "date": "14.02.08"
  },
  {
    "review_id": "8485120",
    "movie_id": "100819",
    "author": "zzzz****",
    "review": "맛있는섹스 그리고 사랑,연애의 목적,청춘처럼 화끈하게 야하던가 하녀처럼 그리 야하지않더라도 내용이 있던가 이건 전혀 청불도 아닌데 청불이고 내용도 없고..",
    "rating": "1",
    "date": "14.02.07"
  },
  {
    "review_id": "8482190",
    "movie_id": "100819",
    "author": "kkar****",
    "review": "반점 해장국 반점 열자이상 등록",
    "rating": "1",
    "date": "14.02.06"
  },
  {
    "review_id": "8478083",
    "movie_id": "100819",
    "author": "fore****",
    "review": "성에 대한 호기심을 자극하는 제목과는 따로 노는 내용과 전개",
    "rating": "3",
    "date": "14.02.05"
  },
  {
    "review_id": "8477454",
    "movie_id": "100819",
    "author": "0aos****",
    "review": "이건..알바도 반박불가 ㅋㅋ",
    "rating": "1",
    "date": "14.02.05"
  },
  {
    "review_id": "8476441",
    "movie_id": "100819",
    "author": "gim9****",
    "review": "10대 평점 봐봐. ㅋㅋ",
    "rating": "10",
    "date": "14.02.05"
  },
  {
    "review_id": "8473906",
    "movie_id": "100819",
    "author": "7606****",
    "review": "그럭저럭 볼만한데 냉정한 노답알바 섀키들 플랜맨에 다몰린듯..황우슬혜 친구 개꼴리게 생겼네 박음직스럽다..근데 이거 솔직히 극장서 돈내고 볼 수준까진 아님",
    "rating": "6",
    "date": "14.02.04"
  },
  {
    "review_id": "8473054",
    "movie_id": "100819",
    "author": "cnsw****",
    "review": "감독이나배우나  투자한 제작사나  배급사나  무슨생각인지...",
    "rating": "1",
    "date": "14.02.04"
  },
  {
    "review_id": "8472259",
    "movie_id": "100819",
    "author": "yusa****",
    "review": "평점 자체가 우습다는 생각 연기도 연기지만.. 스토리도 진부하고 그스토리를 가지고 만든 감독도 한심하다..",
    "rating": "1",
    "date": "14.02.03"
  },
  {
    "review_id": "8467790",
    "movie_id": "100819",
    "author": "bstk****",
    "review": "아무리 영화라지만 정서상으로나 말도안되는 스토리네",
    "rating": "1",
    "date": "14.02.02"
  },
  {
    "review_id": "8467602",
    "movie_id": "100819",
    "author": "haje****",
    "review": "하시간아까워내눈...내시간...",
    "rating": "1",
    "date": "14.02.02"
  },
  {
    "review_id": "8467024",
    "movie_id": "100819",
    "author": "titi****",
    "review": "난 재밌게봤음 황우슬예 존예",
    "rating": "7",
    "date": "14.02.02"
  },
  {
    "review_id": "8465573",
    "movie_id": "100819",
    "author": "popo****",
    "review": "배우가 아까운 영화. 진부할진 모르겠지만 나름 색깔있는 캐릭터들인데 필름이 망쳐놓은 케이스. 웃기지도 야하지도 않은 흐리멍텅 스토리. 정말 말도 안되는 전개는 이 영화를 봐야만 느낄수있다. 올해 최악의 영화로 남을듯. 4점은 사희와 황우슬혜에게",
    "rating": "4",
    "date": "14.02.02"
  },
  {
    "review_id": "8464486",
    "movie_id": "100819",
    "author": "cnk1****",
    "review": "아버지가 돌아가셨는데....이야~이건뭐   참....이영화  정체를밝켜라!!!!",
    "rating": "1",
    "date": "14.02.02"
  },
  {
    "review_id": "8462045",
    "movie_id": "100819",
    "author": "dh1k****",
    "review": "돈내고 보면 땅을 치고 후회함 진심임",
    "rating": "1",
    "date": "14.02.01"
  },
  {
    "review_id": "8460144",
    "movie_id": "100819",
    "author": "yksi****",
    "review": "아... 47분봤는데 진심 재미없다... 뭘 보여주고 싶은거냐",
    "rating": "1",
    "date": "14.02.01"
  },
  {
    "review_id": "8457970",
    "movie_id": "100819",
    "author": "yapo****",
    "review": "무슨말이 더 필요할까나...",
    "rating": "1",
    "date": "14.02.01"
  },
  {
    "review_id": "8457793",
    "movie_id": "100819",
    "author": "rhah****",
    "review": "아.. 평점 1점 드리고 갑니다 아..물론 영화는 안봤습니다 한번도 안해본 여자라는 제목은..SF물보다도 현실성이 없군요..차라리 촉수괴물 나오고 킹콩이나와서 건물을 때려부수는것이 현실성 있겠습니다...그럼이만",
    "rating": "1",
    "date": "14.02.01"
  },
  {
    "review_id": "8456847",
    "movie_id": "100819",
    "author": "dark****",
    "review": "스토리라인 자체도 별로 맘에 안드는데다 배우들 연기가 너무개판이라 도저히 볼수가 없어서 꺼버렸다.. 황우슬혜 연기 정말 안느는구나 싶었다.",
    "rating": "1",
    "date": "14.01.31"
  },
  {
    "review_id": "8449903",
    "movie_id": "100819",
    "author": "bles****",
    "review": "시덥잖은 이야기면 웃기기라도 했어야지",
    "rating": "3",
    "date": "14.01.30"
  },
  {
    "review_id": "8449782",
    "movie_id": "100819",
    "author": "dlar****",
    "review": "이야기의 주제랑 너무 많이 벗어난 것 같다.",
    "rating": "2",
    "date": "14.01.30"
  },
  {
    "review_id": "8449644",
    "movie_id": "100819",
    "author": "i_dv****",
    "review": "무색 무취(無色無臭)",
    "rating": "1",
    "date": "14.01.30"
  },
  {
    "review_id": "8449333",
    "movie_id": "100819",
    "author": "dazz****",
    "review": "황우슬혜는 발음 연습 안 하나? 혀짧은 걸 매력(?)으로 강하게 어필할 모양?",
    "rating": "2",
    "date": "14.01.30"
  },
  {
    "review_id": "8443717",
    "movie_id": "100819",
    "author": "love****",
    "review": "평점 보고 볼껄~ 시간 아깝 ㅠㅠ",
    "rating": "1",
    "date": "14.01.29"
  },
  {
    "review_id": "8442104",
    "movie_id": "100819",
    "author": "mais****",
    "review": "두여배우도 배역에 안맞아 보이고 제목만 자극적인 평범이하",
    "rating": "2",
    "date": "14.01.29"
  },
  {
    "review_id": "8441908",
    "movie_id": "100819",
    "author": "ehdb****",
    "review": "개쓉노잼 차라리 이시간에 ㅇㄷ보고 ㄸ을 쳐라 황우슬혜 벗지도않음",
    "rating": "1",
    "date": "14.01.29"
  },
  {
    "review_id": "8440999",
    "movie_id": "100819",
    "author": "pios****",
    "review": "아.... 너무하네요.... 대학생 졸업작품 보는 기분이었습니다..",
    "rating": "1",
    "date": "14.01.28"
  },
  {
    "review_id": "8440787",
    "movie_id": "100819",
    "author": "luca****",
    "review": "아놔 영화 영자도 모르는 내가 만들어도 이것보단 낫겠다. ^^; 이런거 만들거면 안 만드니보다 못한거야. 좀 한국 영화 수준 후퇴 시키지 좀 말자...",
    "rating": "1",
    "date": "14.01.28"
  },
  {
    "review_id": "8439366",
    "movie_id": "100819",
    "author": "egri****",
    "review": "보고잇는거 자체가 시간낭비다. 이러니까 상영관도 없이 개봉ㅂㅂ 햇지. 영상전환 하며 연기하며 스토리하며 걍 독립영화보다도 못함. 대학교 영화동아리가 찍은영화라해도믿을정도로 허접OOO",
    "rating": "1",
    "date": "14.01.28"
  },
  {
    "review_id": "8439336",
    "movie_id": "100819",
    "author": "kimw****",
    "review": "충무로의 유망주였던 황우슬혜가 어쩌다...영화 전체적으로 붕 떠 있다.",
    "rating": "4",
    "date": "14.01.28"
  },
  {
    "review_id": "8439115",
    "movie_id": "100819",
    "author": "goms****",
    "review": "황우슬혜의 어수룩한 매력의 캐릭터가 중심을 잡고있지만 맨 처음 콘셉트와는 전혀 무관한 방향으로 흘러가는 애매모호한 전개",
    "rating": "3",
    "date": "14.01.28"
  },
  {
    "review_id": "8438545",
    "movie_id": "100819",
    "author": "ravi****",
    "review": "생각보다 볼만합니다. 남자의 성적판타지와 여자의 사랑받고싶은판타지의 교집합이 ㅅㅅ다. 진부하지만 영화상영시간동안 앉아있을 수 있음",
    "rating": "7",
    "date": "14.01.28"
  },
  {
    "review_id": "8438383",
    "movie_id": "100819",
    "author": "anyo****",
    "review": "웃기지도 안코 야하지도 안코  3류들이  모여 만든 3류영화",
    "rating": "2",
    "date": "14.01.28"
  },
  {
    "review_id": "8438240",
    "movie_id": "100819",
    "author": "zdkf****",
    "review": "1점도 아깝습니다.. 공감좀..",
    "rating": "1",
    "date": "14.01.28"
  }
]