[
  {
    "review_id": "9804247",
    "movie_id": "100825",
    "author": "cur9****",
    "review": "현실에 가까운 드라마라 더욱 좋았음",
    "rating": "10",
    "date": "15.03.25"
  },
  {
    "review_id": "9733763",
    "movie_id": "100825",
    "author": "suha****",
    "review": "드라마로만 볼땐 여주의 독백신이 가장 마음에 드는 구성입니다. 허나 드라마가 소재면에서 좋다해서 전체적으로 좋은건 아닙니다. 특히나 여주가 어떻게 나오게 되는지는 표현력이 상당히 부족합니다. 남주가 쓸데없이 흐름을 방해하는 신은 배우가 아깝네요.",
    "rating": "6",
    "date": "15.02.24"
  },
  {
    "review_id": "9646162",
    "movie_id": "100825",
    "author": "ad21****",
    "review": "깨금 독미 너무 이뻐요 ^^",
    "rating": "10",
    "date": "15.01.28"
  },
  {
    "review_id": "9464145",
    "movie_id": "100825",
    "author": "thdd****",
    "review": "ㅠㅠㅠㅠ소장하고싶은드라마",
    "rating": "10",
    "date": "14.12.10"
  },
  {
    "review_id": "9410429",
    "movie_id": "100825",
    "author": "chld****",
    "review": "진심 케미폭발이엇는데",
    "rating": "10",
    "date": "14.11.22"
  },
  {
    "review_id": "9299524",
    "movie_id": "100825",
    "author": "leeh****",
    "review": "날씨가 차가워지니 다시금 생각나게 하는 드라마...몇번을 보고도 여운이 가시질 않아 이렇게 다시 보게 되네요^^ 박신혜씨의 고독미를 저는 지금 또 만나러갑니다...",
    "rating": "10",
    "date": "14.10.18"
  },
  {
    "review_id": "9279393",
    "movie_id": "100825",
    "author": "psy_****",
    "review": "재미와 깊이가 잘어우러진 드라마. 고독미를 연기하는박신혜의 또다른매력이 잘드러난~제목때매안보신분들추천",
    "rating": "9",
    "date": "14.10.09"
  },
  {
    "review_id": "8863981",
    "movie_id": "100825",
    "author": "tae7****",
    "review": "박신혜,,, 분위기 쩔고 미모에 뻑이 감~~ 따듯한 작품에 대체불가능한 신혜표 연기의 앙상블. 최고임~~♡",
    "rating": "10",
    "date": "14.06.28"
  },
  {
    "review_id": "8861496",
    "movie_id": "100825",
    "author": "daeb****",
    "review": "마음을 다친 이들을 위한 치유 드라마~ 절제된 연기, 최고의 배우 박신혜~~~!!!!",
    "rating": "10",
    "date": "14.06.27"
  },
  {
    "review_id": "8537318",
    "movie_id": "100825",
    "author": "minj****",
    "review": "영상체도 너무이쁘고 스토리도좋았어요무엇보다 자극적이지않고 편안한마음으로 잘 몰입할수있어서 더 좋았던거같고요웰메이드드라마인듯해요 ~~",
    "rating": "10",
    "date": "14.02.25"
  },
  {
    "review_id": "8514907",
    "movie_id": "100825",
    "author": "mhha****",
    "review": "박신혜의 연기 정말 죽이더라. 상속자들의 은상이와는 또 다른 장르의 연기였지만 그 또한 최고였다. 명불허전이다.",
    "rating": "10",
    "date": "14.02.16"
  },
  {
    "review_id": "8388347",
    "movie_id": "100825",
    "author": "min0****",
    "review": "신혜양이 상속자들에서 연기를 참 잘  하길래 이 드라마도 보게 됐는데요..진짜 웰메이드 힐링 드라마의 명작이라 할 만 하군요. 안 보신분들 강추합니다^^",
    "rating": "10",
    "date": "14.01.16"
  },
  {
    "review_id": "8360798",
    "movie_id": "100825",
    "author": "bone****",
    "review": "힐링 드라마입니다....이런 느낌 좋아요~~박신혜, 윤시윤 모두 조아조아",
    "rating": "9",
    "date": "14.01.08"
  },
  {
    "review_id": "8335010",
    "movie_id": "100825",
    "author": "fldk****",
    "review": "윤시윤,박신혜 모두가 예쁘게 그려진 드라마.내용도 탄탄하고. 주목을 많이 받지 못해서 아쉽지만 2013년 내게 가장 큰 여운을 주었던 힐링드라마다.",
    "rating": "10",
    "date": "14.01.01"
  },
  {
    "review_id": "8067915",
    "movie_id": "100825",
    "author": "choo****",
    "review": "대박 깨금이의 여운 ㅎㅎ",
    "rating": "10",
    "date": "13.10.18"
  },
  {
    "review_id": "7899624",
    "movie_id": "100825",
    "author": "jyke****",
    "review": "최고예요 연기",
    "rating": "10",
    "date": "13.08.18"
  },
  {
    "review_id": "7771835",
    "movie_id": "100825",
    "author": "l335****",
    "review": "ㅇㅇ",
    "rating": "10",
    "date": "13.07.21"
  },
  {
    "review_id": "7728025",
    "movie_id": "100825",
    "author": "oops****",
    "review": "사랑스런 독미~",
    "rating": "10",
    "date": "13.07.12"
  },
  {
    "review_id": "7640660",
    "movie_id": "100825",
    "author": "yesm****",
    "review": "재밌다",
    "rating": "10",
    "date": "13.06.15"
  },
  {
    "review_id": "7567940",
    "movie_id": "100825",
    "author": "ghar****",
    "review": "마지막이 아쉬웟지만 너무좋은드라마엿어요",
    "rating": "10",
    "date": "13.06.01"
  },
  {
    "review_id": "7533930",
    "movie_id": "100825",
    "author": "zlrk****",
    "review": "너무재미있게잘봄",
    "rating": "10",
    "date": "13.05.17"
  },
  {
    "review_id": "7532651",
    "movie_id": "100825",
    "author": "ssun****",
    "review": "착한 드라마.. 후반이 조금 아쉬웠지만 재미있다.",
    "rating": "9",
    "date": "13.05.17"
  },
  {
    "review_id": "7519617",
    "movie_id": "100825",
    "author": "gunh****",
    "review": "깍!",
    "rating": "10",
    "date": "13.05.10"
  },
  {
    "review_id": "7482874",
    "movie_id": "100825",
    "author": "jyg1****",
    "review": "좋아요",
    "rating": "10",
    "date": "13.04.26"
  },
  {
    "review_id": "7432725",
    "movie_id": "100825",
    "author": "zola****",
    "review": "스토리가 재밌고 최근 사회에서 강조하는 소통, 힐링 이라는 주제도 많이 부합하는 드마라였음. 어쨌든 그냥 멍때리고 보기에는 최고로 좋은 드라마임. 나름 여운도 남고.",
    "rating": "10",
    "date": "13.04.03"
  },
  {
    "review_id": "7418120",
    "movie_id": "100825",
    "author": "cact****",
    "review": "너무너무너무너무 재밌었던 드라마♥",
    "rating": "10",
    "date": "13.03.29"
  },
  {
    "review_id": "7406671",
    "movie_id": "100825",
    "author": "ferr****",
    "review": "진짜 너무 좋아요!! 계속 다시 봐도 또 보고싶은 힐링드라마!!  진짜 추천입니다!! 윤시윤 박신혜 연기가!! 죽여줘요!!ㅋㅋ 그남자그여자이야기도 힐링힐링~~",
    "rating": "10",
    "date": "13.03.24"
  },
  {
    "review_id": "7347972",
    "movie_id": "100825",
    "author": "efot****",
    "review": "ㅎㅎㅎ 좋아요",
    "rating": "10",
    "date": "13.03.15"
  },
  {
    "review_id": "7343159",
    "movie_id": "100825",
    "author": "boyt****",
    "review": "이거 박신혜 떄문에 봤는데 진심 너무 재밋게 봤음 정말 한장면 한장면 정말 다기억하고싶어지네 ㅎㅎ 박신혜 고독미 역할 잘한것같해요^^",
    "rating": "10",
    "date": "13.03.12"
  },
  {
    "review_id": "7325022",
    "movie_id": "100825",
    "author": "seon****",
    "review": "진짜 재밋엇음",
    "rating": "10",
    "date": "13.03.04"
  },
  {
    "review_id": "7321422",
    "movie_id": "100825",
    "author": "3719****",
    "review": "깨금이 완전 귀요미♥",
    "rating": "10",
    "date": "13.03.03"
  },
  {
    "review_id": "7318602",
    "movie_id": "100825",
    "author": "kore****",
    "review": "정말  좋은드라마를  볼수있게 해줘서감사합니다 . 너무나  따뜻하고  사랑스런드라마네요  최고입니다",
    "rating": "10",
    "date": "13.03.02"
  },
  {
    "review_id": "7317084",
    "movie_id": "100825",
    "author": "cher****",
    "review": "완전 잼있어요~ 전 아줌마라 애들보느라 잘못챙겨봤는데.. 못본게 막 한이될정도예여...ㅠㅠ 연기도 잘했지만 내용이 따뜻하고 넘 좋았습니다.다시 또 방송됐음 좋겠어여ㅠㅠ 윤시윤 짱!!ㅋㅋㅋ",
    "rating": "10",
    "date": "13.03.02"
  },
  {
    "review_id": "7316732",
    "movie_id": "100825",
    "author": "seor****",
    "review": "명대사가 팍팍 튀어나오는 유쾌한드라마!너무 좋았어요ㅠㅠ",
    "rating": "10",
    "date": "13.03.02"
  },
  {
    "review_id": "7313714",
    "movie_id": "100825",
    "author": "kimd****",
    "review": "세상으로 나가고, 사랑하고, 어려움을 이겨낼 용기를 가르쳐준 드라마! 감사합니다♥",
    "rating": "10",
    "date": "13.03.01"
  },
  {
    "review_id": "7313269",
    "movie_id": "100825",
    "author": "dig0****",
    "review": "완전재밋엇는데끝낫다니..이제드라마뭘보나..ㅜ",
    "rating": "10",
    "date": "13.03.01"
  },
  {
    "review_id": "7309677",
    "movie_id": "100825",
    "author": "sskk****",
    "review": "재밌따따다다다ㅏ",
    "rating": "10",
    "date": "13.02.28"
  },
  {
    "review_id": "7309056",
    "movie_id": "100825",
    "author": "7173****",
    "review": "짱짱",
    "rating": "10",
    "date": "13.02.28"
  },
  {
    "review_id": "7308996",
    "movie_id": "100825",
    "author": "bibi****",
    "review": "최고!!! 너무사랑스런 캐릭터들. 깨금이짱!!!",
    "rating": "10",
    "date": "13.02.28"
  },
  {
    "review_id": "7308746",
    "movie_id": "100825",
    "author": "alsk****",
    "review": "모든이의 감성을 자극할 만한 멜로",
    "rating": "10",
    "date": "13.02.28"
  },
  {
    "review_id": "7308717",
    "movie_id": "100825",
    "author": "lncy****",
    "review": "맨션전기나가고깨금이집에서독미랑오진락이창가에서얘기하는거단드라마라면깨금이가못듣고그냥자서서로오해하고그럴껀데이드라마는그런다른드라마에서보는뻔히보이는오해착각이없어서너무좋아요",
    "rating": "10",
    "date": "13.02.28"
  },
  {
    "review_id": "7307973",
    "movie_id": "100825",
    "author": "jess****",
    "review": "신혜누나 화이팅",
    "rating": "10",
    "date": "13.02.27"
  },
  {
    "review_id": "7307715",
    "movie_id": "100825",
    "author": "qhrg****",
    "review": "아~~~~이제 무엇을 보면서 살까????ㅠ",
    "rating": "10",
    "date": "13.02.27"
  },
  {
    "review_id": "7307178",
    "movie_id": "100825",
    "author": "skdm****",
    "review": "ㅠㅠㅠ끝나지마제발",
    "rating": "10",
    "date": "13.02.27"
  },
  {
    "review_id": "7306969",
    "movie_id": "100825",
    "author": "smil****",
    "review": "이 드라마는 로코가 아니라 내 마음까지 치료해준 힐링드라마였어요!  정말 두사람의 케미는 진리였어요! 끝나서 너무 아쉬워요!! 다음주부터 어떻게 살까요..ㅠㅠ 다시 월요병이 생기겠네요...ㅜ",
    "rating": "10",
    "date": "13.02.27"
  },
  {
    "review_id": "7306919",
    "movie_id": "100825",
    "author": "dpqk****",
    "review": "진심쩐다~!!!!와 낼부터 나 뭐보면서 사냐 ㅜㅜ 특집이라도 해주시쥐 아쉽당 ㅜㅡ 평정은 아주 좋아용~♥♥신혜누나짱!!",
    "rating": "10",
    "date": "13.02.27"
  },
  {
    "review_id": "7306399",
    "movie_id": "100825",
    "author": "ee59****",
    "review": "진심  사랑한다",
    "rating": "10",
    "date": "13.02.27"
  },
  {
    "review_id": "7306395",
    "movie_id": "100825",
    "author": "blin****",
    "review": "처음부터 끝까지 훈훈했던 드라마!내가 좋아하는 윤시윤박신혜도 너무 잘어울렸고 전체적으로 너무 재밌었어요!!다음주부터 뭐보지ㅠㅠ",
    "rating": "10",
    "date": "13.02.27"
  },
  {
    "review_id": "7305732",
    "movie_id": "100825",
    "author": "dufo****",
    "review": "깨방정 속에 진심이 묻어나는 ㅎㅎ참 잘했어요최고임 이제...다음주부턴 어쩜?",
    "rating": "10",
    "date": "13.02.27"
  },
  {
    "review_id": "7305624",
    "movie_id": "100825",
    "author": "dltn****",
    "review": "내가 젤 처음, 첫회부터 끝회까지 숨죽이며 지켜본 작품. 같이 웃고 같이 안타까워하고 오글거리는 장면이 나오면 자지러지게 웃기도 하고.. 다 그러시겠지?",
    "rating": "10",
    "date": "13.02.27"
  },
  {
    "review_id": "7305617",
    "movie_id": "100825",
    "author": "u22g****",
    "review": "윤시윤이 이렇게 연기를잘하는줄 몰랐어요..!박신혜는..글쎄요.그래도 둘이 너무어울리고,드라마가 정말 아기자기한느낌이여서 좋고 마음이따뜻해져서 좋네요ㅎㅎ",
    "rating": "10",
    "date": "13.02.27"
  },
  {
    "review_id": "7305599",
    "movie_id": "100825",
    "author": "kiki****",
    "review": "자극적인 소재가 난무하는 요즘 드라마들 가운데에 보기만해도 따뜻해지고 힐링되는 드라마!!!!!!!!! 캐릭터들두 상큼?하고 귀엽고 보면 걍 흐뭇해짐....... 약간 지루한 부분도 있긴한데 작가가 작품을 통해 주는 의미가 좋고 배우들도 좋음...",
    "rating": "10",
    "date": "13.02.27"
  },
  {
    "review_id": "7305592",
    "movie_id": "100825",
    "author": "kjh9****",
    "review": "간만에 행복에 흠뻑 젖게 해준 드라마^^♥",
    "rating": "10",
    "date": "13.02.27"
  },
  {
    "review_id": "7305578",
    "movie_id": "100825",
    "author": "gmlt****",
    "review": "추운겨울,발랄해지고 따뜻해지는드라마!",
    "rating": "10",
    "date": "13.02.27"
  },
  {
    "review_id": "7305575",
    "movie_id": "100825",
    "author": "kja0****",
    "review": "와 이거 진짜 지상파엿으면 제2의꽃보다남자엿을꺼임 아니꽃보다 남자보다 더 떳엇을꺼야 이건 말도 안되게 재밋어 꽃남은 눈만 즐거웟는데 이 드라마는 교훈도 주고 힐링도 해주고 안구정화해주고 시윤오빠 신혜언니 수진언니 옆집오빠 슬기 언니 옆집오빠동생 짱♥",
    "rating": "10",
    "date": "13.02.27"
  },
  {
    "review_id": "7305570",
    "movie_id": "100825",
    "author": "dlrh****",
    "review": "로코물인데도 불구하고 시청률도나오고무엇보다 깨미커플이 한몫한듯싶네여ㅎㅎ다음에 또 깨미커플볼수있었음좋겠어여ㅠㅜ진짜 방학동안 월화만기다리며본보람이있네여♥모두 수고하셨습니다!!",
    "rating": "10",
    "date": "13.02.27"
  },
  {
    "review_id": "7305566",
    "movie_id": "100825",
    "author": "1971****",
    "review": "연기자의 연기, 내용 둘다 최고였습니다. 모두들 수고 하셨어요 ㅠ",
    "rating": "10",
    "date": "13.02.27"
  },
  {
    "review_id": "7305564",
    "movie_id": "100825",
    "author": "godg****",
    "review": "월요일에 뭘봐야할지..ㅠㅠ 깨금♥독미 포에버~!",
    "rating": "10",
    "date": "13.02.27"
  },
  {
    "review_id": "7305561",
    "movie_id": "100825",
    "author": "mado****",
    "review": "마음 따듯해지는 힐링드라마.. 이젠 깨금이와 고독미를 떠나보내야하는ㅜㅜ 배우와 스텝분들 수고많으셨어요~~",
    "rating": "10",
    "date": "13.02.27"
  },
  {
    "review_id": "7305556",
    "movie_id": "100825",
    "author": "wlsm****",
    "review": "재미있게봤습니다",
    "rating": "10",
    "date": "13.02.27"
  },
  {
    "review_id": "7305555",
    "movie_id": "100825",
    "author": "jong****",
    "review": "아진심설리설리두준두준임!!♥♥♥♥♥♥♥윤시윤덕후됨ㅠㅠ",
    "rating": "10",
    "date": "13.02.27"
  },
  {
    "review_id": "7305552",
    "movie_id": "100825",
    "author": "yung****",
    "review": "마지막회ㅠㅠ 완전달달한로맨스ㅋ  재밋게잘봣어요~^^",
    "rating": "10",
    "date": "13.02.27"
  },
  {
    "review_id": "7305548",
    "movie_id": "100825",
    "author": "dlgu****",
    "review": "아아아ㅠㅠㅜ담주부터머바ㅠㅠㅜ완전히 깨금이홀릭이엿는뎅ㅠㅠ♥깨금잉♥",
    "rating": "10",
    "date": "13.02.27"
  },
  {
    "review_id": "7305543",
    "movie_id": "100825",
    "author": "tmdd****",
    "review": "하..이거보고 월요일을 기다렸는데끝나니깐..ㅠㅠㅠ 이웃집꽃미남 포에버♥",
    "rating": "10",
    "date": "13.02.27"
  },
  {
    "review_id": "7305534",
    "movie_id": "100825",
    "author": "nuri****",
    "review": "이제  월요일에 뭐보나ㅠ",
    "rating": "10",
    "date": "13.02.27"
  },
  {
    "review_id": "7305532",
    "movie_id": "100825",
    "author": "smsm****",
    "review": "흐엉엉ㅠ나이제뭐봐뭐봐ㅠㅠ아막뭔가허전한느낌이야ㅠㅠ",
    "rating": "10",
    "date": "13.02.27"
  },
  {
    "review_id": "7305531",
    "movie_id": "100825",
    "author": "mba4****",
    "review": "이거보면서얼마나힐링이됫는데ㅠㅜㅜㅜ",
    "rating": "10",
    "date": "13.02.27"
  },
  {
    "review_id": "7305520",
    "movie_id": "100825",
    "author": "dusg****",
    "review": "아오..마지막이라니..재밌는드라마들은 꼭 짧더라..ㅜㅜ 대하드라마 일일드라마들처럼 연장하라 연장하라!!ㅋㅋㅋ깨금 독미 마지막까지 수고했씁니다~다음 작품에서봅시댱♥",
    "rating": "10",
    "date": "13.02.27"
  },
  {
    "review_id": "7305510",
    "movie_id": "100825",
    "author": "puri****",
    "review": "마지막에깨금이가오네",
    "rating": "10",
    "date": "13.02.27"
  },
  {
    "review_id": "7305500",
    "movie_id": "100825",
    "author": "whit****",
    "review": "잘봐쓔ㅠㅠ잘가 고독미",
    "rating": "10",
    "date": "13.02.27"
  },
  {
    "review_id": "7305399",
    "movie_id": "100825",
    "author": "mrky****",
    "review": "짱!!",
    "rating": "10",
    "date": "13.02.26"
  },
  {
    "review_id": "7305042",
    "movie_id": "100825",
    "author": "psy0****",
    "review": "완전좋았는디 흐규 끝나지마여~",
    "rating": "10",
    "date": "13.02.26"
  },
  {
    "review_id": "7304875",
    "movie_id": "100825",
    "author": "ujin****",
    "review": "웹툰과는다른매력 ㅠㅠㅠㅠ오늘방송기대하겟뚬..!!!!!!!!!!!!!!!!",
    "rating": "10",
    "date": "13.02.26"
  },
  {
    "review_id": "7304599",
    "movie_id": "100825",
    "author": "myba****",
    "review": "아 왜 오늘이마지막회입니까ㅠㅠㅠ연장하지ㅜㅜㅜㅜ 진짜 깨금커플♥훈훈",
    "rating": "10",
    "date": "13.02.26"
  },
  {
    "review_id": "7303851",
    "movie_id": "100825",
    "author": "dnwl****",
    "review": "너무재밌어요 윤시윤♥박신혜 넘 잘어울림",
    "rating": "10",
    "date": "13.02.26"
  },
  {
    "review_id": "7303796",
    "movie_id": "100825",
    "author": "dls4****",
    "review": "이웃집 꽃미남 항상 대박나시길그런데 오늘이 마지막회라니 본방사수 하길.. 이웃집 꽃미남 홧팅.....",
    "rating": "10",
    "date": "13.02.26"
  },
  {
    "review_id": "7303594",
    "movie_id": "100825",
    "author": "unog****",
    "review": "가슴이 콩닥콩닥ㅠㅜ 깨미 둘다 달달 귀욤ㅋㅋ아.. 오늘 끝나는게 너무아쉽다 ㅠ",
    "rating": "10",
    "date": "13.02.26"
  },
  {
    "review_id": "7303370",
    "movie_id": "100825",
    "author": "sung****",
    "review": "공중파는 자극적인 소재드라마만 연달아 하는데 이 드라마보면 가슴설레고 힐링된당",
    "rating": "10",
    "date": "13.02.26"
  },
  {
    "review_id": "7302825",
    "movie_id": "100825",
    "author": "spdl****",
    "review": "완전공감가고관심가요.대박좋아요!^^이드라마를이제만나다니감동폭발ㅠ안빠지고챙겨본답니닷마지막까지홧팅~♥",
    "rating": "10",
    "date": "13.02.26"
  },
  {
    "review_id": "7302822",
    "movie_id": "100825",
    "author": "sun1****",
    "review": "꺄~~~~~오오옼!!! 깨금이♥고독미 정말 잘어울림☞☜ 내일 종영한더ㅠㅠ아 슬퍼 흐헝헝헝 스폐셜은 없나요??!ㅠ윤시윤 사랑해요~~~♥♥~♥ 이웃집꽃미남 배우들도♥",
    "rating": "10",
    "date": "13.02.26"
  },
  {
    "review_id": "7302804",
    "movie_id": "100825",
    "author": "khha****",
    "review": "너무 재밌당...........사랑해요 깨미커플♥",
    "rating": "10",
    "date": "13.02.26"
  },
  {
    "review_id": "7302797",
    "movie_id": "100825",
    "author": "kitt****",
    "review": "아이웃집꽃미남..깨그미진짜독미두고스페인떠날려나..ㅜㅜ",
    "rating": "10",
    "date": "13.02.26"
  },
  {
    "review_id": "7302789",
    "movie_id": "100825",
    "author": "hi93****",
    "review": "이웃집꽃미남 최공!!!독미랑깨금이너무잘어울리구ㅎㅎ신혜언니는 이쁘구 시윤오빠는 기엽구><오늘이 막방인데 너무 아쉽당ㅠㅠ!!",
    "rating": "10",
    "date": "13.02.26"
  },
  {
    "review_id": "7302784",
    "movie_id": "100825",
    "author": "dkzk****",
    "review": "오랜만에 빠져든 웰메이드 드라마.개인적으로 공감가는 부분도 많고 요즘말하는 힐링의 메세지도 있어서 좋다.거부 당한 마음들에게 추천해주고 싶은 드라마",
    "rating": "10",
    "date": "13.02.26"
  },
  {
    "review_id": "7302781",
    "movie_id": "100825",
    "author": "dudq****",
    "review": "진짜깨금독미커플짱인듯!!!♥♥",
    "rating": "10",
    "date": "13.02.26"
  },
  {
    "review_id": "7302763",
    "movie_id": "100825",
    "author": "simm****",
    "review": "말로는필요없어 한번봐봐요 ㅋㅋ",
    "rating": "10",
    "date": "13.02.26"
  },
  {
    "review_id": "7302724",
    "movie_id": "100825",
    "author": "rhks****",
    "review": "1화 부터 쭉 봐왔는데 너무 재미 있었어요내일이 마지막인데 그동안 이웃집꽃미남 보려고월 화 요일만 기다리게 했던 작품이어서 이제 허전할것 같네요너무 재미있는 작품이었습니다*^^*",
    "rating": "10",
    "date": "13.02.26"
  },
  {
    "review_id": "7302525",
    "movie_id": "100825",
    "author": "jgy5****",
    "review": "시작",
    "rating": "10",
    "date": "13.02.25"
  },
  {
    "review_id": "7302520",
    "movie_id": "100825",
    "author": "snow****",
    "review": "깨금깨금 고독고독미너무잘어울림!!!!",
    "rating": "10",
    "date": "13.02.25"
  },
  {
    "review_id": "7301602",
    "movie_id": "100825",
    "author": "wldn****",
    "review": "깨금이랑고동고동고동미언니잘어울려.ㅠㅠㅠ",
    "rating": "10",
    "date": "13.02.25"
  },
  {
    "review_id": "7300868",
    "movie_id": "100825",
    "author": "mali****",
    "review": "너무 잼있당 깨금 독미  넘 좋앙♥",
    "rating": "10",
    "date": "13.02.25"
  },
  {
    "review_id": "7292995",
    "movie_id": "100825",
    "author": "woog****",
    "review": "정말 멋있는 드라마. 공중파에서 원하는 드라마를 케이블에서 찾아보고 허덕이다니... 공중파에서 했다면 쩔었을 듯.. 주인공들의 대사가 귀에 맴돌정도로 좋다. 그냥 다 좋다. 안끝났으면..",
    "rating": "10",
    "date": "13.02.23"
  },
  {
    "review_id": "7292491",
    "movie_id": "100825",
    "author": "krwh****",
    "review": "ㄷㄷ",
    "rating": "10",
    "date": "13.02.23"
  },
  {
    "review_id": "7292081",
    "movie_id": "100825",
    "author": "1234****",
    "review": "담주면 끝이라니....OTL넘 슬퍼요 ㅠㅠㅠ퓨",
    "rating": "10",
    "date": "13.02.23"
  },
  {
    "review_id": "7291911",
    "movie_id": "100825",
    "author": "enyu****",
    "review": "ㅠㅠㅠ좀질질끄는맛이잇엇지만 ㅠㅠ배우들이 너무 좋앗다♥ 달달 깨미ㅠ 연장해주세요 연장연장 딱 20회까지만 합시당",
    "rating": "10",
    "date": "13.02.22"
  },
  {
    "review_id": "7291823",
    "movie_id": "100825",
    "author": "dpwl****",
    "review": "진짜최고다",
    "rating": "10",
    "date": "13.02.22"
  },
  {
    "review_id": "7290165",
    "movie_id": "100825",
    "author": "mait****",
    "review": "연장해주세요. 부탁드립니다~~^^정말 어떤 드라마를 봐도 연장해 달라고 하지 않았는데 이 드라마만큼만 더 해주시기 애원합니다~~~",
    "rating": "10",
    "date": "13.02.22"
  },
  {
    "review_id": "7288961",
    "movie_id": "100825",
    "author": "whek****",
    "review": "진짜오랜만에보는 스토리있고 조은드라마☞☜배우들 연기력도좋고 내용이 자극적이지않으면서 조용하고 깊게 끌리는작품!!><이웃집꽃미남 끝까지화이팅♥♥♥♥♥♥♥♥♥♥",
    "rating": "10",
    "date": "13.02.22"
  },
  {
    "review_id": "7288236",
    "movie_id": "100825",
    "author": "dpql****",
    "review": "깨금찡♥♥♥♥♥♥♥♥",
    "rating": "10",
    "date": "13.02.21"
  },
  {
    "review_id": "7287029",
    "movie_id": "100825",
    "author": "choe****",
    "review": "ㅉㅏㅇ",
    "rating": "10",
    "date": "13.02.21"
  }
]