[
  {
    "review_id": "10250139",
    "movie_id": "100974",
    "author": "hmms****",
    "review": "사실 영화 스토리는 뻔하고 우리가 배웠던 초등학교 국어책 내용이랑 비슷합니다. 하지만 정말 다시한번더 생각할수 있는 영화 였던것 같습니다.",
    "rating": "10",
    "date": "15.08.19"
  },
  {
    "review_id": "10218988",
    "movie_id": "100974",
    "author": "eunj****",
    "review": "무능력하고 게으른게 자랑이냐?",
    "rating": "1",
    "date": "15.08.12"
  },
  {
    "review_id": "10201778",
    "movie_id": "100974",
    "author": "chlg****",
    "review": "올해 최고의 영화인 것 같습니다 ^^",
    "rating": "10",
    "date": "15.08.08"
  },
  {
    "review_id": "10149748",
    "movie_id": "100974",
    "author": "flem****",
    "review": "애들 연기가 꽤 보기 좋았다.특히 주인공 남자 아이는 연기 계속하면 좋은 배우가 될 듯!",
    "rating": "9",
    "date": "15.07.27"
  },
  {
    "review_id": "10117705",
    "movie_id": "100974",
    "author": "uoos****",
    "review": "상필이가  그 나쁜 무리에서 어떻게 무사히 돌아왔는지..아이들을 도와주던 필홍이 어떻게 되었는지도 보여줬으면 더 좋았을 것 같아요~ 재밌게 잘 봤습니다!",
    "rating": "10",
    "date": "15.07.18"
  },
  {
    "review_id": "10111637",
    "movie_id": "100974",
    "author": "soon****",
    "review": "개봉했던것도 몰랐는데. 정말 재미있게 봤네요. 세계일주의 의미를 알것 같아요",
    "rating": "9",
    "date": "15.07.17"
  },
  {
    "review_id": "10109012",
    "movie_id": "100974",
    "author": "sere****",
    "review": "슬프도록 아름다운 이야기",
    "rating": "10",
    "date": "15.07.16"
  },
  {
    "review_id": "10090495",
    "movie_id": "100974",
    "author": "jun9****",
    "review": "나도 지호 같은 딸래미가 있었으면 좋겠다! 그리고 세상은 애들에게는 위험한 곳이지만 노출은 안됐더라도 조용히 지켜주는 손길이 있음을 새삼 확인했고 나쁜 어른들보다는 착한 어른들이 더 많다는 당연한 진리도 다시금 깨닫게끔 한 소중한 영화였다고 생각한다.",
    "rating": "10",
    "date": "15.07.11"
  },
  {
    "review_id": "10090323",
    "movie_id": "100974",
    "author": "chad****",
    "review": "good good good",
    "rating": "7",
    "date": "15.07.11"
  },
  {
    "review_id": "10023973",
    "movie_id": "100974",
    "author": "tkfk****",
    "review": "평점좋아서 4천원주고 다운받아 봤는데너무 답답했어요  대책없이 아빠찾아나서는 아이들지갑다흘리고다니고  노랑머리깡패 너무 짜증나고애들돌보지도않고 경찰서가있는 아빠도 짜증나고그나마 나은건 타이거jk하고 슈퍼마켓할머니스토리가 넘 엉성하고 답답했어요",
    "rating": "5",
    "date": "15.06.23"
  },
  {
    "review_id": "9987554",
    "movie_id": "100974",
    "author": "5199****",
    "review": "약간 억지스러운 연결만 빼면 최고",
    "rating": "9",
    "date": "15.06.10"
  },
  {
    "review_id": "9977215",
    "movie_id": "100974",
    "author": "skye****",
    "review": "세가족이 어머니의 그늘에서 벗어나 세상밖으로 나가는 과정을 정말 극적이고 감동적으로 표현함. 우연히 본 영화인데  뜻밖의 감동을 받고 갑니다.",
    "rating": "10",
    "date": "15.06.05"
  },
  {
    "review_id": "9946293",
    "movie_id": "100974",
    "author": "lily****",
    "review": "근래 보기 힘들었던 착한영화인 듯~ 품격있는 가족영화였습니다~아이의 상상력도 빛이나고~ ^^ 밋밋하지 않고 다이나믹하고 박진감 넘치는 재미가 훌륭했습니다~~",
    "rating": "10",
    "date": "15.05.24"
  },
  {
    "review_id": "9890873",
    "movie_id": "100974",
    "author": "jesu****",
    "review": "아역배우 연기 잘 하네요",
    "rating": "10",
    "date": "15.05.03"
  },
  {
    "review_id": "9880762",
    "movie_id": "100974",
    "author": "hnj1****",
    "review": "아이들과 함께 볼 수 있는 국내영화가 많지 않은 점에서 이런 영화가 있다는건 좋지만 주인공 중 누나는 솔직히 너무 답답했어요. 굳이 그렇게까지 상황을 답답하게 꼬지 않아도 괜찮았을것 같은데...",
    "rating": "7",
    "date": "15.04.30"
  },
  {
    "review_id": "9878294",
    "movie_id": "100974",
    "author": "arom****",
    "review": "울 마누라 울고 있네요. 애들 연기 짱!!!근데 서울 지하철이 그렇게 공포스러운가요???대낮에....",
    "rating": "10",
    "date": "15.04.29"
  },
  {
    "review_id": "9858109",
    "movie_id": "100974",
    "author": "eyey****",
    "review": "아직 봐보진 않았지만 재미있겠군요~",
    "rating": "10",
    "date": "15.04.23"
  },
  {
    "review_id": "9851731",
    "movie_id": "100974",
    "author": "cs79****",
    "review": "울면서 봤네 우리나라 경찰이 이렇게 유능하게 나온건 이 영화가 최초인거같다 경찰학교 정신교육 교제로 쓰면 좋을듯",
    "rating": "10",
    "date": "15.04.18"
  },
  {
    "review_id": "9851305",
    "movie_id": "100974",
    "author": "plsa****",
    "review": "눈물을 원래 잘 안흘리는데 이거보는도중 눈물이 왜자꾸나는걸까요? 감동 그자체! ㅠㅠ",
    "rating": "10",
    "date": "15.04.18"
  },
  {
    "review_id": "9851268",
    "movie_id": "100974",
    "author": "jyjy****",
    "review": "감동적입니다~~~~♥",
    "rating": "10",
    "date": "15.04.18"
  },
  {
    "review_id": "9847093",
    "movie_id": "100974",
    "author": "ohwo****",
    "review": "짱짱 그리고 저 구멍가게 어딘지 알았어요! 실제로 물건 많아요. 구멍가게 주소가서울 은평구 응암로34길 16-1옆이 에요!한번씩 가보세요 강추!",
    "rating": "10",
    "date": "15.04.15"
  },
  {
    "review_id": "9842151",
    "movie_id": "100974",
    "author": "kjhh****",
    "review": "순수하고 귀여운 그들의 일주 ... 하지만 너무 대책없는 캐릭터들이 난무한다. 그나마 훈훈한 마무리로 무난한 가족영화의 완성",
    "rating": "8",
    "date": "15.04.12"
  },
  {
    "review_id": "9838600",
    "movie_id": "100974",
    "author": "anyj****",
    "review": "아이들의 대사는 신선하고, 생각보다 억지스럽지는 않습니다.  판에박힌 상황을 갖고 들어 오긴 하지만,  실제 상황이라면 충분히 처할만한 상황이라 경고성 메세지로 충분하다고 생각합니다.",
    "rating": "10",
    "date": "15.04.10"
  },
  {
    "review_id": "9835028",
    "movie_id": "100974",
    "author": "koru****",
    "review": "저희 학교 후배가 찍은걸 보니 좋고, 영화도 재밌으면서도 중간과 마지막에 감동이 제일 좋았네요^^",
    "rating": "10",
    "date": "15.04.08"
  },
  {
    "review_id": "9832290",
    "movie_id": "100974",
    "author": "bky4****",
    "review": "별 기대 안하고 봤는데 진짜 최고!!이런영화가 자주 나왔음 좋겠다~~",
    "rating": "10",
    "date": "15.04.06"
  },
  {
    "review_id": "9832154",
    "movie_id": "100974",
    "author": "wjdd****",
    "review": "평점 처음으로 남깁니다. 별기대없이봤는데 진짜 엄청 울었어요 ㅠㅠ 너무감동적이예요",
    "rating": "10",
    "date": "15.04.06"
  },
  {
    "review_id": "9832121",
    "movie_id": "100974",
    "author": "il22****",
    "review": "첨으로 평점올려봅니다. 상필이의 소름돋는 카리스마 연기!!! 최곱니다.",
    "rating": "10",
    "date": "15.04.06"
  },
  {
    "review_id": "9830928",
    "movie_id": "100974",
    "author": "salt****",
    "review": "웃기도 하다가.. 자연스레 눈시울이 붉어지기도 하고..가족 모두가 봤는데, 8살 딸도 끝까지 몰입해서 봤습니다.저 아래 자칭 저널리스트라는 분은  차라리 자칭 국회의원이라고 해야 맞을 것 같습니다.맨날 국민들이래.. 관객들 타령은 원..",
    "rating": "10",
    "date": "15.04.06"
  },
  {
    "review_id": "9825836",
    "movie_id": "100974",
    "author": "eorm****",
    "review": "아역들 연기에 놀라웠다 귀엽고 이쁜아이들연기^^  이숙명평론가  멋도모르면 앞으로 평가하지말어라",
    "rating": "10",
    "date": "15.04.04"
  },
  {
    "review_id": "9825798",
    "movie_id": "100974",
    "author": "guev****",
    "review": "어린이가 주인공인 코미디의 경우, 유치하게 흘러갈수도 있는데 아역배우들의 출중한 연기력으로 그들의 험난한 여정이 흥미롭게 펼쳐지는군",
    "rating": "6",
    "date": "15.04.04"
  },
  {
    "review_id": "9825526",
    "movie_id": "100974",
    "author": "munt****",
    "review": "좋은영화네요!!!",
    "rating": "10",
    "date": "15.04.04"
  },
  {
    "review_id": "9825204",
    "movie_id": "100974",
    "author": "kjbt****",
    "review": "인생이 무의미하다고 느낄때 보면 좋은영화",
    "rating": "10",
    "date": "15.04.04"
  },
  {
    "review_id": "9824967",
    "movie_id": "100974",
    "author": "jore****",
    "review": "최근에 본 영화중에 최고다!! 이 영화를 보고 오늘 시청에 갔다. 한 가정이지만 도움을 주기로 했다. 내 맘을 흔든 영화다..",
    "rating": "10",
    "date": "15.04.03"
  },
  {
    "review_id": "9824212",
    "movie_id": "100974",
    "author": "baks****",
    "review": "한국영화를 좋아해서 찾아보다 보게됐는데 애기들 연기를 참 잘하네요 억지로 웃길라고하고 억지로 울릴려는 영화보다 훨씬 재미있게 봤습니다.^^",
    "rating": "10",
    "date": "15.04.03"
  },
  {
    "review_id": "9823611",
    "movie_id": "100974",
    "author": "chgm****",
    "review": "평론가는 다큐봣나? 사리분별찾지말고 별이나더주지...",
    "rating": "10",
    "date": "15.04.03"
  },
  {
    "review_id": "9823295",
    "movie_id": "100974",
    "author": "dlwn****",
    "review": "영화 잘 만들었따~!!!",
    "rating": "10",
    "date": "15.04.03"
  },
  {
    "review_id": "9823269",
    "movie_id": "100974",
    "author": "sdc2****",
    "review": "이숙명 영화 저널리스트 정말 지저분한 평론이네요. 네이버도 좀 거지같은 저널리스트들은 거름망으로 걸렀으면 좋겠네요. 영화 너무 잘봤고, 아버지에게 어렸을때 거짓말해서 맞았던 기억이 나네요.",
    "rating": "10",
    "date": "15.04.03"
  },
  {
    "review_id": "9823005",
    "movie_id": "100974",
    "author": "chsh****",
    "review": "애들하고 보기좋은영화예요~가족에 대해 생각해보게되네요.",
    "rating": "9",
    "date": "15.04.02"
  },
  {
    "review_id": "9822720",
    "movie_id": "100974",
    "author": "maos****",
    "review": "완전 꿀잼~ 아이들 너무 힘든모습만 보일까 걱정했는데 중간중간 액션?도있고 정말 재밌네요 jk나오면서 부터 완전 몰입",
    "rating": "10",
    "date": "15.04.02"
  },
  {
    "review_id": "9822575",
    "movie_id": "100974",
    "author": "bill****",
    "review": "잘 만든영화 좋은영화 사랑스러운영화입니다 가족끼리 보기에 더 없이 좋은 영화입니다~감사합니다",
    "rating": "10",
    "date": "15.04.02"
  },
  {
    "review_id": "9822224",
    "movie_id": "100974",
    "author": "fina****",
    "review": "가난하게 사는 불쌍한 애들 보여 줬으니 니들은 행복한 줄 알고 감사하며 살아라",
    "rating": "1",
    "date": "15.04.02"
  },
  {
    "review_id": "9822091",
    "movie_id": "100974",
    "author": "mona****",
    "review": "필홍이는 어떻게 됐나요? ㅠㅠ",
    "rating": "9",
    "date": "15.04.02"
  },
  {
    "review_id": "9821399",
    "movie_id": "100974",
    "author": "koft****",
    "review": "짱 재밌습니다.^^^",
    "rating": "10",
    "date": "15.04.02"
  },
  {
    "review_id": "9819518",
    "movie_id": "100974",
    "author": "love****",
    "review": "복잡하고 스트레스 받는 일상에서 잠시 벗어나 아이들의 눈으로 바라보는 세상이 잠시나마 머릿속을 채워주는 시간이 되었습니다..아역 배우들 연기 정말 잘하네요~화이팅!!~",
    "rating": "10",
    "date": "15.04.01"
  },
  {
    "review_id": "9818987",
    "movie_id": "100974",
    "author": "mend****",
    "review": "이런따땃한영화가 우리에게 더 많이많이 보여질수있도록많은 기회가 생겼으면 좋겠습니다",
    "rating": "10",
    "date": "15.03.31"
  },
  {
    "review_id": "9818925",
    "movie_id": "100974",
    "author": "fran****",
    "review": "가족들과 함께 보아서 더욱 좋았던 영화입니다. 오랜만에 보았던 가슴 따뜻한 감동적인 영화예요 :-):-) :-)",
    "rating": "10",
    "date": "15.03.31"
  },
  {
    "review_id": "9817932",
    "movie_id": "100974",
    "author": "tmos****",
    "review": "리뷰가 별로인게 많아서 기대 안하고 봤는데 생각보다 좋았다.잔잔한 감동을 주는 영화.예상했던 스토리에도 불구하고 아역들의 연기력이 뛰어나서 긴장하고 보게된다.ost도 들어봤는데, 영화에 삽입된 것보다 노래가 들어간 게 더 영화랑도 어울리고 좋은듯",
    "rating": "9",
    "date": "15.03.31"
  },
  {
    "review_id": "9816780",
    "movie_id": "100974",
    "author": "gaen****",
    "review": "평점이 높아서 본 영환데...사회복지사가 왜 나왔는지 모르겠어요. 전개와 전혀 상관없는 내용도 많이 나오고 여주 설정이 왜 전교1등인지도 잘모르겠네요",
    "rating": "3",
    "date": "15.03.30"
  },
  {
    "review_id": "9816617",
    "movie_id": "100974",
    "author": "stup****",
    "review": "부담없이 담백한 영화. 아이들에게도 편하게 다가갈수 있는 영화",
    "rating": "10",
    "date": "15.03.30"
  },
  {
    "review_id": "9816438",
    "movie_id": "100974",
    "author": "swkg****",
    "review": "어두운 내마음에 한줄기 빛처럼 다가온 영화 세계일주 대박예감^^",
    "rating": "10",
    "date": "15.03.30"
  },
  {
    "review_id": "9816392",
    "movie_id": "100974",
    "author": "lgm0****",
    "review": "토요일 할일도 없고 해서 아이들과 같이 별 기대없이 영화을 보았는대 정말 기대 이상 있었습니다. 가족과 갗이 보면 정말 좋은 영화 인것 같습니다. 정말 추천 드립니다",
    "rating": "10",
    "date": "15.03.30"
  },
  {
    "review_id": "9815355",
    "movie_id": "100974",
    "author": "mcma****",
    "review": "최근에  나온  어린이  주연의  영화  '개를 훔치는 완벽한 방법'이랑 비교해보면  답이 나옴..언제나  마지막에 신파만  보여주면  내용이나  연출  연기는  상관없이 별점  10점  달아대는  단순 무식한  한국 영화  관객..",
    "rating": "4",
    "date": "15.03.29"
  },
  {
    "review_id": "9815108",
    "movie_id": "100974",
    "author": "lday****",
    "review": "가족들과 보기에 정말 좋은 영화 같습니다. 처음에는 별 기대없이 보았으나 보면볼수록 감동적이고 재미있게 보았습니다",
    "rating": "10",
    "date": "15.03.29"
  },
  {
    "review_id": "9815076",
    "movie_id": "100974",
    "author": "mokd****",
    "review": "아이와같이 눈물흘리며 오랜만에 감동적인 영화",
    "rating": "9",
    "date": "15.03.29"
  },
  {
    "review_id": "9814871",
    "movie_id": "100974",
    "author": "coml****",
    "review": "ㅋㅋㅋ 애들이 주연으로 등장하고 눈물 연기 찍어놨는데도 감동없는 영화는 드물지 않나?? 80년대도 아니고 말이지, 스토리도 공감 안되고ㅋㅋㅋ 보다가 눈물?? 시끄러워서ㅋㅋ 차라리 옛날 영화 라이온킹 하쿠나마타타 한번 더 보는걸 추천.ㅋ",
    "rating": "1",
    "date": "15.03.29"
  },
  {
    "review_id": "9814651",
    "movie_id": "100974",
    "author": "pysk****",
    "review": "애 아빠인데 의외로 너무 재미 있게 보았네요.아이들의 순수한 연기를 그대로 담아 내느라 힘들었을듯...마음 정화 됩니다.^^",
    "rating": "10",
    "date": "15.03.29"
  },
  {
    "review_id": "9814571",
    "movie_id": "100974",
    "author": "2ile****",
    "review": "정말 재미있고 또 감동적이에요....좋은 영화....이런 따뜻한 영화도 많은 사람들이 선택해주길 바래요^^",
    "rating": "10",
    "date": "15.03.29"
  },
  {
    "review_id": "9813945",
    "movie_id": "100974",
    "author": "urrg****",
    "review": "맘이 따뜻해지는 영화~ 아이들의 연기 특히 선호의 연기는 과속스캔들 아역보다 더 맛깔스러운 대사와 표정연기가~ 최고^^ 90분동안웃고울고~완전 대박 강추^^  다만 안산에개봉관이 없어 병점까지 갔다는ㅠ 안산시민들도 따뜻한영봐 볼 수있는 기회를 주세요ㅠ",
    "rating": "10",
    "date": "15.03.29"
  },
  {
    "review_id": "9813215",
    "movie_id": "100974",
    "author": "tmdt****",
    "review": "아이들의 연기가 귀엽네요 가족영화로 가볍게 괜찮아요~",
    "rating": "10",
    "date": "15.03.29"
  },
  {
    "review_id": "9812932",
    "movie_id": "100974",
    "author": "whda****",
    "review": "아따~저가송파사는데개봉하는곳까지가서봤는데돈이아깝지않을정도로감동이몰려오고너무좋았어요~ㅠㅠ또보고싶어요..ㅠㅠ",
    "rating": "10",
    "date": "15.03.28"
  },
  {
    "review_id": "9812577",
    "movie_id": "100974",
    "author": "rfvd****",
    "review": "한부모가족의 슬픔을 진실되게 알아가는 영화였다정말 재미있었다",
    "rating": "10",
    "date": "15.03.28"
  },
  {
    "review_id": "9812575",
    "movie_id": "100974",
    "author": "rnjs****",
    "review": "중간중간 울먹한 영화 때묻지 않았고,가끔 오글거리는데 정말 감동 재미 모두 챙김,개인적으로 타이거형님 어떻게 됬는데 궁금함",
    "rating": "10",
    "date": "15.03.28"
  },
  {
    "review_id": "9812558",
    "movie_id": "100974",
    "author": "trai****",
    "review": "와 진짜 올만에 재밋는 영화",
    "rating": "10",
    "date": "15.03.28"
  },
  {
    "review_id": "9812557",
    "movie_id": "100974",
    "author": "s9o1****",
    "review": "재미 있었던 것 같다. 내용이 슬프다",
    "rating": "10",
    "date": "15.03.28"
  },
  {
    "review_id": "9812425",
    "movie_id": "100974",
    "author": "jsjy****",
    "review": "참 좋은 배우들의 열연과 똘똘한 아이들이 함께 있는 힐링영화입니다. 우연히 보게 된 이영화, 아이들의 대사에 눈물이 낫고 이 사회에 이러한 결말들이 점점 더 많아지길 원합니다. 정말 영화 속 아이들이 예쁘게 잘 자라기를:-^",
    "rating": "8",
    "date": "15.03.28"
  },
  {
    "review_id": "9812074",
    "movie_id": "100974",
    "author": "prk2****",
    "review": "오랫만에 가족간의 사랑이 무엇인지 알려주는 영화입니다눈물나게 좋은 영화입니다  가족들과 꼭 보세요",
    "rating": "10",
    "date": "15.03.28"
  },
  {
    "review_id": "9811949",
    "movie_id": "100974",
    "author": "leek****",
    "review": "현란속에서 목격한 따뜻한 영화!",
    "rating": "10",
    "date": "15.03.28"
  },
  {
    "review_id": "9811390",
    "movie_id": "100974",
    "author": "shin****",
    "review": "아니 무슨 평론가하고  네티즌하고  차이가  이렇게나냐",
    "rating": "10",
    "date": "15.03.28"
  },
  {
    "review_id": "9811243",
    "movie_id": "100974",
    "author": "indd****",
    "review": "기대보다  대박가족영화의 천만관객 동원돼겠네요울다가 감니다",
    "rating": "10",
    "date": "15.03.28"
  },
  {
    "review_id": "9811113",
    "movie_id": "100974",
    "author": "yose****",
    "review": "아역들의 연기가 최고!!특히 극 중 선호.. 역을 맡은 남자 아이가꼬맹이인데 제 맘을 울렸네요..영화 스토리도 재밌고 감동적이고..아이들에게 좋은 산교육이 될수있는 영화에요",
    "rating": "10",
    "date": "15.03.28"
  },
  {
    "review_id": "9810636",
    "movie_id": "100974",
    "author": "celi****",
    "review": "최근 한국 영화는 개봉하고 바로 보는건 정말 위험하네요. 네이버 평점보고 너무 높길래 약간 의심은 했지만 믿고 봤습니다. 억지스런 캐릭터 설정에 80년대에나 통할것 같은 개그코드, 안드로메다에서나 볼것 같은 스토리..슬로우 비디오와 더불어 최악입니다",
    "rating": "1",
    "date": "15.03.28"
  },
  {
    "review_id": "9810595",
    "movie_id": "100974",
    "author": "534k****",
    "review": "이거보니까 30일간의 세계일주생각남",
    "rating": "10",
    "date": "15.03.28"
  },
  {
    "review_id": "9810059",
    "movie_id": "100974",
    "author": "pinc****",
    "review": "아이들과 함께 봤으믄 씬 재미있었을영화~~ 때론 무섭고 때론 따뜻한~~오랫만에 카타르시스를 느꼈다~~",
    "rating": "9",
    "date": "15.03.27"
  },
  {
    "review_id": "9809932",
    "movie_id": "100974",
    "author": "ejle****",
    "review": "요즘 보기 드문 착한 가족 영화입니다. 험난하고 힘겨웠던아이들만의 세계일주~ 이번 주말 아이들 손잡고 함께 보시길 추천이요^^",
    "rating": "9",
    "date": "15.03.27"
  },
  {
    "review_id": "9809845",
    "movie_id": "100974",
    "author": "bmwi****",
    "review": "오늘 본 영화세계일주~~아이들의 눈으로 바라본 어른들의 세계^^두려웅 슬픔 따뜻함이 고스란히 묻어나는 영화~~초등생 아이들이 보먼 절대 가출하지 않을 가출방지영화^^세상 어떤 두려움도 이겨나가게 해주는것은  역시 가족이었다^^",
    "rating": "9",
    "date": "15.03.27"
  },
  {
    "review_id": "9809778",
    "movie_id": "100974",
    "author": "mkyu****",
    "review": "아이들과 함께 보면 좋은영화정말 훈훈해지는 착한영화입니다아이들 연기가 너무 좋아요~~~",
    "rating": "9",
    "date": "15.03.27"
  },
  {
    "review_id": "9809600",
    "movie_id": "100974",
    "author": "bgat****",
    "review": "이런 착한영화도 개봉해야지 암..",
    "rating": "10",
    "date": "15.03.27"
  },
  {
    "review_id": "9809395",
    "movie_id": "100974",
    "author": "jein****",
    "review": "가족의 소중함을 느끼게하는 영화였습니다.작가 분의 로드 스토리 구성의 참신함을 느꼈구요.감동과 코믹의 절묘한 조화가울다 웃다를 반복하게 하는 영화였어요.한동안 가슴 먹먹함이 가시지를 않네요.모처럼 좋은 영화 보고 왔습니다.",
    "rating": "10",
    "date": "15.03.27"
  },
  {
    "review_id": "9809318",
    "movie_id": "100974",
    "author": "jjoh****",
    "review": "아들과 본후 고래사냥 이후 최고의 로드뮤비라고 하니비뇨기과 안간다고 해서 가족끼리 헌참 웃었네요젬있게 잘봣슴다",
    "rating": "9",
    "date": "15.03.27"
  },
  {
    "review_id": "9809113",
    "movie_id": "100974",
    "author": "limj****",
    "review": "정말 마음 따뜻해 지는 영화 입니다! 정말 재미있게 보았네요.",
    "rating": "10",
    "date": "15.03.27"
  },
  {
    "review_id": "9809063",
    "movie_id": "100974",
    "author": "isaa****",
    "review": "따뜻한 감동이 있는 영화였습니다.",
    "rating": "10",
    "date": "15.03.27"
  },
  {
    "review_id": "9808506",
    "movie_id": "100974",
    "author": "sysj****",
    "review": "최근  보기드문 가족영화인 것 같아요!!보수적인 나도 애들의 천진스러운 생각과 가족에 대한 애듯한 사랑의 표현들에 나도 모르게  눈가에 눈물이 주르르 흐르더라고요!  다셋 ,여섯번정도..,저는 시사회에 두번 봤는데 , 두번째는 아들하고 함께봤어요!",
    "rating": "10",
    "date": "15.03.26"
  },
  {
    "review_id": "9808462",
    "movie_id": "100974",
    "author": "pyj1****",
    "review": "별기대 없이보게된 영화인데 너무너무많이 웃고 너무너무 많이 울었습니다.억지스럽지 않은 스토리 전개와 아역들의 천진한 연기에 시간가는줄 모르게영화가 끝이나더라구요.가족모두 볼수 있는 영화 같습니다.가족분들 함께 보시길 강추합니다.",
    "rating": "10",
    "date": "15.03.26"
  },
  {
    "review_id": "9808251",
    "movie_id": "100974",
    "author": "kjn1****",
    "review": "너무 재밌고 감동적인 영화",
    "rating": "10",
    "date": "15.03.26"
  },
  {
    "review_id": "9808078",
    "movie_id": "100974",
    "author": "cybe****",
    "review": "이런게 진짜 가족 영화지... 억지감동 짜내는 영화보다 훨씬 재밌네",
    "rating": "10",
    "date": "15.03.26"
  },
  {
    "review_id": "9808028",
    "movie_id": "100974",
    "author": "gohy****",
    "review": "재미와 감동이 있는 영화",
    "rating": "10",
    "date": "15.03.26"
  },
  {
    "review_id": "9807656",
    "movie_id": "100974",
    "author": "godc****",
    "review": "오랜만에 보는 따듯한 가족드라마~잔인한 액션과 말도 안되는 코미디에 익숙한 관객들에게 신선한 가족 사랑의 소중함을 다시금 느끼게 해주는 좋은 영화예요.",
    "rating": "10",
    "date": "15.03.26"
  },
  {
    "review_id": "9807555",
    "movie_id": "100974",
    "author": "jjcj****",
    "review": "내인생 최고의 영화. 감동 짱!!!",
    "rating": "10",
    "date": "15.03.26"
  },
  {
    "review_id": "9807486",
    "movie_id": "100974",
    "author": "yooy****",
    "review": "아역배우들의  감동연기가 빛을 발하는  영화입니다~자녀들과 보기 좋은 영화~^^",
    "rating": "10",
    "date": "15.03.26"
  }
]