[
  {
    "review_id": "10123090",
    "movie_id": "100935",
    "author": "wood****",
    "review": "다들 오해하시는데 디즈니 작품이지만 디즈니애니메이션 스튜디오나 픽사 애니메이션 스튜디오 제작이 아닙니다. 조금 2부격인 디즈니 카툰스튜디오작품. 원래 속편 비디오시리즈같은거 만드는 곳에서 제작한거에요. 공략층이 애초에 유아라 조금 유치할 수 있습니다.",
    "rating": "8",
    "date": "15.07.20"
  },
  {
    "review_id": "9710558",
    "movie_id": "100935",
    "author": "ehfd****",
    "review": "꽤 괜찮은 작품이었습니다 ㅋㅋ",
    "rating": "10",
    "date": "15.02.18"
  },
  {
    "review_id": "9461981",
    "movie_id": "100935",
    "author": "jjaj****",
    "review": "픽사 애니메이션을 매우 사랑하지만 이 작품은 글쎄. 이건 어른들이 보기에는 좀. 카의 번외편 수준도 안 되는 느낌. 픽사 애니메이션 중 흔하지 않은 실패작",
    "rating": "1",
    "date": "14.12.10"
  },
  {
    "review_id": "9333178",
    "movie_id": "100935",
    "author": "rule****",
    "review": "이렇게 귀여운 얼굴로 이렇게 감동주기냐.",
    "rating": "9",
    "date": "14.11.01"
  },
  {
    "review_id": "9319984",
    "movie_id": "100935",
    "author": "wpdb****",
    "review": "나  이  영화  봤는데ㅠㅠ  아기들  너무많아  재대로  못보았어  시끄러워 잘  볼수가  없었어하지만  좀  재미있네요",
    "rating": "10",
    "date": "14.10.26"
  },
  {
    "review_id": "9233155",
    "movie_id": "100935",
    "author": "leme****",
    "review": "짧은 상영시간처럼 빠른 전개, 캐릭터들이 사랑스럽긴 하나 애니메이션의 그 감동이 없다",
    "rating": "6",
    "date": "14.09.21"
  },
  {
    "review_id": "9095353",
    "movie_id": "100935",
    "author": "neob****",
    "review": "단순애들영화라 기대안하구봣는데..정말재밋메요..내용  그래픽  음악  전개  등등  모든게  좋앗습니다.저처럼  애들데리고는 물론이고  일반인들이봐도  재미잇을겁니다.추천드립니다",
    "rating": "10",
    "date": "14.08.16"
  },
  {
    "review_id": "9078896",
    "movie_id": "100935",
    "author": "ptg1****",
    "review": "내용 전개도 빠르고 생각보다 너무 괜찮았네요.^^카에 비하면 모자라지만 그래도 이 정도면 잘 만든 애니라고 생각합니다.^^ 2편 소방구조대도 기대해보겠습니다.^^ 더스티의 인생역전 애니메이션 잘 봤습니다.ㅎ",
    "rating": "9",
    "date": "14.08.13"
  },
  {
    "review_id": "8842703",
    "movie_id": "100935",
    "author": "hyos****",
    "review": "조카때문에 예약했는데, 가족들도 재밌게 봤네요~",
    "rating": "7",
    "date": "14.06.20"
  },
  {
    "review_id": "8789138",
    "movie_id": "100935",
    "author": "sysy****",
    "review": "아이들이 잼있어하고 너무 즐거워 했습니다",
    "rating": "8",
    "date": "14.06.03"
  },
  {
    "review_id": "8754491",
    "movie_id": "100935",
    "author": "1222****",
    "review": "애들이 보는거여서 별로 재미는 없었다.",
    "rating": "1",
    "date": "14.05.22"
  },
  {
    "review_id": "8722070",
    "movie_id": "100935",
    "author": "seoh****",
    "review": "최고최고최고최고최고",
    "rating": "9",
    "date": "14.05.11"
  },
  {
    "review_id": "8715171",
    "movie_id": "100935",
    "author": "seon****",
    "review": "꿈과야망이있고노력이있으니결과가있네요....애들이보면배울점이아주많은애니..애니만세..",
    "rating": "8",
    "date": "14.05.08"
  },
  {
    "review_id": "8711380",
    "movie_id": "100935",
    "author": "cont****",
    "review": "카의 명성을 이어 가긴 부족했지만, 찰나의 전투씬에서 가능성을 봤다.",
    "rating": "6",
    "date": "14.05.06"
  },
  {
    "review_id": "8703502",
    "movie_id": "100935",
    "author": "naug****",
    "review": "아이와의 첫영화. 기대만큼은 아니었지만 재미있게 관람했네요.",
    "rating": "8",
    "date": "14.05.05"
  },
  {
    "review_id": "8696892",
    "movie_id": "100935",
    "author": "ohjm****",
    "review": "아들이 넘 멋진 비행을 했다고 하네요..",
    "rating": "9",
    "date": "14.05.03"
  },
  {
    "review_id": "8681506",
    "movie_id": "100935",
    "author": "mati****",
    "review": "카 시리즈를 꼬마가 좋아해서 그 연장선상에서 보았습니다~ 개인적으로는 카 만큼 재밌지는 못했던것같습니다",
    "rating": "7",
    "date": "14.04.29"
  },
  {
    "review_id": "8677236",
    "movie_id": "100935",
    "author": "lsy7****",
    "review": "6살 아들이 직접 평점 주네요^^  아~~~주 많이 재밌었데요ㅋ",
    "rating": "10",
    "date": "14.04.27"
  },
  {
    "review_id": "8675212",
    "movie_id": "100935",
    "author": "kile****",
    "review": "애들도 잘보고 잼있네요",
    "rating": "10",
    "date": "14.04.26"
  },
  {
    "review_id": "8631921",
    "movie_id": "100935",
    "author": "mico****",
    "review": "카보다 더 재밌고 스릴있음^^",
    "rating": "9",
    "date": "14.04.06"
  },
  {
    "review_id": "8590171",
    "movie_id": "100935",
    "author": "mygi****",
    "review": "어른눈엔 별내용없이 지루하고 단순했지만 영화보기 무서워하는 아들 수준에 딱 맞았어요.~",
    "rating": "8",
    "date": "14.03.20"
  },
  {
    "review_id": "8541773",
    "movie_id": "100935",
    "author": "als9****",
    "review": "왜 제목을 카처럼 플레인이라고 안하고 비행기라고 했을까",
    "rating": "10",
    "date": "14.02.27"
  },
  {
    "review_id": "8536077",
    "movie_id": "100935",
    "author": "info****",
    "review": "아이가 참 좋아했어요 가족과 함케 보기좋은 영화^^",
    "rating": "10",
    "date": "14.02.25"
  },
  {
    "review_id": "8527054",
    "movie_id": "100935",
    "author": "zmzi****",
    "review": "카를 너무도 재밌게 봐서큰기대하고 봤는데..조금은 실망했어요.",
    "rating": "7",
    "date": "14.02.21"
  },
  {
    "review_id": "8520238",
    "movie_id": "100935",
    "author": "bogr****",
    "review": "딱 볼만한 수준~~  만족~",
    "rating": "7",
    "date": "14.02.19"
  },
  {
    "review_id": "8512636",
    "movie_id": "100935",
    "author": "lv10****",
    "review": "조아욤 재미이써요 아이가조아해여",
    "rating": "10",
    "date": "14.02.16"
  },
  {
    "review_id": "8494298",
    "movie_id": "100935",
    "author": "kimh****",
    "review": "그림이 참 예쁘네요~~~^^",
    "rating": "7",
    "date": "14.02.10"
  },
  {
    "review_id": "8489715",
    "movie_id": "100935",
    "author": "yobs****",
    "review": "다양한 비행기들 보는재미가 쏠쏠...",
    "rating": "9",
    "date": "14.02.08"
  },
  {
    "review_id": "8489253",
    "movie_id": "100935",
    "author": "tmdw****",
    "review": "평소 수준높은 영화들 보고오셧다면 정말 비추 어린이와 함께 볼거라면 추천",
    "rating": "5",
    "date": "14.02.08"
  },
  {
    "review_id": "8488725",
    "movie_id": "100935",
    "author": "newi****",
    "review": "카의 비행기판인데 재밌게 애하고 보기 좋습니다",
    "rating": "8",
    "date": "14.02.08"
  },
  {
    "review_id": "8488595",
    "movie_id": "100935",
    "author": "srid****",
    "review": "그럭저럭.. 그럭저럭...",
    "rating": "8",
    "date": "14.02.08"
  },
  {
    "review_id": "8487503",
    "movie_id": "100935",
    "author": "chs5****",
    "review": "아이들눈높이에서재미있게잘봤어요,집중도잘하고!",
    "rating": "10",
    "date": "14.02.08"
  },
  {
    "review_id": "8476870",
    "movie_id": "100935",
    "author": "jayu****",
    "review": "아이들도 좋아했지만 제가  더 재미나게 본영화",
    "rating": "10",
    "date": "14.02.05"
  },
  {
    "review_id": "8475301",
    "movie_id": "100935",
    "author": "g2ya****",
    "review": "재미와 감동이 함께 있어요~",
    "rating": "9",
    "date": "14.02.04"
  },
  {
    "review_id": "8474835",
    "movie_id": "100935",
    "author": "stra****",
    "review": "멋진 그래픽과 깜찍한 캐릭터들이 흔해빠진 스토리를 만나 결국 어린이 전용 애니메이션으로 전락하고야 만다!",
    "rating": "3",
    "date": "14.02.04"
  },
  {
    "review_id": "8467252",
    "movie_id": "100935",
    "author": "aksk****",
    "review": "그저그런 킬링타임용 디즈니 방식에 카영화의 복제본",
    "rating": "4",
    "date": "14.02.02"
  },
  {
    "review_id": "8464998",
    "movie_id": "100935",
    "author": "with****",
    "review": "아이가 마니 좋아합니다",
    "rating": "5",
    "date": "14.02.02"
  },
  {
    "review_id": "8463945",
    "movie_id": "100935",
    "author": "shid****",
    "review": "너무 신나고 재밌어요.  아이들과 재밌게봤습니다",
    "rating": "10",
    "date": "14.02.02"
  },
  {
    "review_id": "8456140",
    "movie_id": "100935",
    "author": "qkhy****",
    "review": "3d를 봤으면 더좋았을 아쉬움   너무 카와 같은 느낌의 아쉬움    그치만 애들이 보기엔 참좋은 밝은영화",
    "rating": "7",
    "date": "14.01.31"
  },
  {
    "review_id": "8454441",
    "movie_id": "100935",
    "author": "jje4****",
    "review": "와우! 애들이 보기에  딱좋은 영화인것같아요~ 저희도 재밌는데ㅋ",
    "rating": "10",
    "date": "14.01.31"
  },
  {
    "review_id": "8449011",
    "movie_id": "100935",
    "author": "kky2****",
    "review": "와우~~정말 카2보다 훨 잼있어요.",
    "rating": "8",
    "date": "14.01.30"
  },
  {
    "review_id": "8448881",
    "movie_id": "100935",
    "author": "eioh****",
    "review": "항상  스릴있고 더욱 기대감을 가지고보게하는 대사처리와 멋진 비행기모양과 실감나게  날아가는모습이 좋았다고 9세아들이 말하네요",
    "rating": "9",
    "date": "14.01.30"
  },
  {
    "review_id": "8448579",
    "movie_id": "100935",
    "author": "ulcn****",
    "review": "최고 최고 정말 재밌었어요",
    "rating": "10",
    "date": "14.01.30"
  },
  {
    "review_id": "8421210",
    "movie_id": "100935",
    "author": "blos****",
    "review": "카 시리즈를 아이도 저도 좋아해서 보러갔습니다자동차에서 비행기로 바뀌었을뿐 거의 같은 포맷이구요 아이는 좋아했을지 몰라도 카 시리즈엔 못미치네요",
    "rating": "7",
    "date": "14.01.24"
  },
  {
    "review_id": "8390547",
    "movie_id": "100935",
    "author": "rlae****",
    "review": "무언가를 말할수 없는 밋밋한 영화입나다",
    "rating": "6",
    "date": "14.01.17"
  },
  {
    "review_id": "8383151",
    "movie_id": "100935",
    "author": "char****",
    "review": "그냥재밋는데..말이필요없는데..ㅎ",
    "rating": "10",
    "date": "14.01.14"
  },
  {
    "review_id": "8382227",
    "movie_id": "100935",
    "author": "alsk****",
    "review": "카(맥퀸)우려먹기 맞긴한데..그래도 볼만하고 우리 아들이 얼마나 좋아하는지 주말마다 본다는. 난 한 5번봤음 앞으로 더 볼듯.",
    "rating": "7",
    "date": "14.01.14"
  },
  {
    "review_id": "8381026",
    "movie_id": "100935",
    "author": "bles****",
    "review": "아무런 감흥없는 어설픈 우려먹기",
    "rating": "3",
    "date": "14.01.14"
  },
  {
    "review_id": "8380041",
    "movie_id": "100935",
    "author": "keej****",
    "review": "굿  만족  재미있엉~~~~",
    "rating": "10",
    "date": "14.01.13"
  },
  {
    "review_id": "8375090",
    "movie_id": "100935",
    "author": "ftsu****",
    "review": "나이 15에 봐씨만 평점 7까진아니고 한 8.5?정도 재밌게 봤는데 카보다 재밌음 ㅇㅇ",
    "rating": "10",
    "date": "14.01.12"
  },
  {
    "review_id": "8374698",
    "movie_id": "100935",
    "author": "prin****",
    "review": "ㅋㅋㅋ 3류영화네 유딩전용",
    "rating": "1",
    "date": "14.01.12"
  },
  {
    "review_id": "8367773",
    "movie_id": "100935",
    "author": "base****",
    "review": "자동차에서 비행기로 진화한 생각이 조금 흥미로웠는데 카를 따라가기엔 역부족인듯한 ㅇㅅㅇ",
    "rating": "5",
    "date": "14.01.10"
  },
  {
    "review_id": "8362186",
    "movie_id": "100935",
    "author": "minn****",
    "review": "카의 명성을 이어가기엔 다소 부족... 기발한 아이디어가 곳곳에 보이긴 했지만 조금은 지루...",
    "rating": "6",
    "date": "14.01.09"
  },
  {
    "review_id": "8349396",
    "movie_id": "100935",
    "author": "ksk4****",
    "review": "되게재밌게봤어요ㅎㅎ",
    "rating": "10",
    "date": "14.01.04"
  },
  {
    "review_id": "8346509",
    "movie_id": "100935",
    "author": "kyy5****",
    "review": "ㅋㅋ 카는  재목  자동차 라고  하지 그랫냐",
    "rating": "7",
    "date": "14.01.04"
  },
  {
    "review_id": "8346044",
    "movie_id": "100935",
    "author": "byor****",
    "review": "보다 말았다.. 뭐랄까.. 딱 보자마자 자동차를 비행기로만 바꾼느낌..",
    "rating": "4",
    "date": "14.01.04"
  },
  {
    "review_id": "8344873",
    "movie_id": "100935",
    "author": "kubo****",
    "review": "이건 연예인 더빙이 단 1명도 없어서 만족한다!!!",
    "rating": "10",
    "date": "14.01.03"
  },
  {
    "review_id": "8344848",
    "movie_id": "100935",
    "author": "0702****",
    "review": "저... 정말 재.. 밌습니다. 아.. 알바아니예여;",
    "rating": "10",
    "date": "14.01.03"
  },
  {
    "review_id": "8344803",
    "movie_id": "100935",
    "author": "nick****",
    "review": "아이들이 보기에 좋은 가족영화지만솔직히 느낌이  아무리 모티브라지만 카와 비슷하고스토리 전개도 뻔하다이것보다 1월에 나오는  frozen 겨울왕국이 훨씬 기대된다",
    "rating": "7",
    "date": "14.01.03"
  },
  {
    "review_id": "8340209",
    "movie_id": "100935",
    "author": "wein****",
    "review": "너무 귀엽고 캐릭터들이 되게 멋있음 ㅋㅋㅋ",
    "rating": "10",
    "date": "14.01.02"
  },
  {
    "review_id": "8338158",
    "movie_id": "100935",
    "author": "kobe****",
    "review": "웬지 모를 카 영화하고 비슷한 느낌이 나는 이유가 뭘까?",
    "rating": "5",
    "date": "14.01.02"
  },
  {
    "review_id": "8328968",
    "movie_id": "100935",
    "author": "dbck****",
    "review": "만화영화에서는느낄수없는",
    "rating": "1",
    "date": "13.12.31"
  },
  {
    "review_id": "8325699",
    "movie_id": "100935",
    "author": "byun****",
    "review": "전알바입니다.그냥10점헤헤",
    "rating": "10",
    "date": "13.12.30"
  },
  {
    "review_id": "8324529",
    "movie_id": "100935",
    "author": "jsmb****",
    "review": "개인적으론 별로입니다. 경주가 스릴 넘쳐야 하는데 경주하다가 쉬고 다음날 또 경주하고 하다보니까 애들 집중력이 사라지네요. 영화관에서 애들이 모두 딴짓하는걸로 봐선 아이들에게 흡입력 있는 영화는 아닌것 같습니다.",
    "rating": "6",
    "date": "13.12.30"
  },
  {
    "review_id": "8324465",
    "movie_id": "100935",
    "author": "yeom****",
    "review": "하하하하''''재미잇죠뫃ㅎㅎ",
    "rating": "7",
    "date": "13.12.30"
  },
  {
    "review_id": "8324458",
    "movie_id": "100935",
    "author": "dhll****",
    "review": "네이버 평점/리뷰는 정말 알바들이 쓰는건가 ? 여기 있는 평점/리뷰 보고  봤는데 정말 영화 별로더라. 미도, 감동도 아무것도 없는 영화 그냥 그림만 괜찮게 그려놓은 영화. 보실 분들 참고하세요. 왜 빵점은 없는거야?",
    "rating": "1",
    "date": "13.12.30"
  },
  {
    "review_id": "8324047",
    "movie_id": "100935",
    "author": "nazz****",
    "review": "볼만하내용 그래도 카2 가 더잼있디는",
    "rating": "8",
    "date": "13.12.30"
  },
  {
    "review_id": "8322244",
    "movie_id": "100935",
    "author": "rlac****",
    "review": "영화엄청좋고 강추입ㄴ다",
    "rating": "10",
    "date": "13.12.29"
  },
  {
    "review_id": "8321311",
    "movie_id": "100935",
    "author": "love****",
    "review": "동생이랑 같이 봤는데ㅋ카랑 캐릭터가 겹치더라구요ㅎ전 잘 몰르겟는데 동생이 영화를 그렇게 좋아하는 놈도 아닌데 되게 흥분하면서 보길래 저도 은근 즐기면서 봤습니다ㅎ 강추까진 아니어도 추천합니다ㅋㅋ 10살 이하의 어린이들과 함께 보세요.새해복많이받으세요!",
    "rating": "10",
    "date": "13.12.29"
  },
  {
    "review_id": "8321244",
    "movie_id": "100935",
    "author": "omar****",
    "review": "디즈니판 '뽀로로 극장판 슈퍼썰매 대모험'. 스토리 라인은다소 평탄하지만, 시원한 화면 전개와 항공기(캐릭터)들의 디테일과 설정은 매우 좋았음. 다시한번 졸리로져스 미해군 비행대의 유명세를 이어갈 작품. ^^ 가족끼리 항공마니아라면 혼자라도. 추천.",
    "rating": "8",
    "date": "13.12.29"
  },
  {
    "review_id": "8321219",
    "movie_id": "100935",
    "author": "mooi****",
    "review": "더빙처리 않해서 우리 막내 보여주긴 힘들겠네요...그래도 카 씨리즈를 너무 좋아해서 평점은 무 더빙때문에 8점 줍니다.",
    "rating": "8",
    "date": "13.12.29"
  },
  {
    "review_id": "8319795",
    "movie_id": "100935",
    "author": "leec****",
    "review": "스토리는 뻔(?)합니다..언제나 그렇듯 꿈을 이룬 해피엔딩으로 끝나요...그러나, 역시 할리우드산 CG와 캐릭터의 조합은 좋네요...",
    "rating": "8",
    "date": "13.12.29"
  },
  {
    "review_id": "8319106",
    "movie_id": "100935",
    "author": "dian****",
    "review": "애기들과 보기 딱좋아요 ㅎㅎ",
    "rating": "10",
    "date": "13.12.29"
  },
  {
    "review_id": "8318210",
    "movie_id": "100935",
    "author": "tama****",
    "review": "어.. 왜 더빙이냐고 다...ㅠㅜ",
    "rating": "3",
    "date": "13.12.28"
  },
  {
    "review_id": "8314925",
    "movie_id": "100935",
    "author": "ldj6****",
    "review": "CAR를 보고 그리고 요즘 에니메이션들을 봤을때 빈약하게 느껴지는게 사실이다.",
    "rating": "6",
    "date": "13.12.28"
  },
  {
    "review_id": "8313868",
    "movie_id": "100935",
    "author": "zoba****",
    "review": "초딩4학년 아들과 봤는데 그럭저럭 볼만했습니다~",
    "rating": "7",
    "date": "13.12.28"
  },
  {
    "review_id": "8312704",
    "movie_id": "100935",
    "author": "ruby****",
    "review": "카의 팬으로서  기대했었는데  감동도 스릴도 없고 중간중간 짤라먹은듯한 스토리 좀 실망스럽네요  또 더스티의 목소리가 토이스토리의 우디와 똑같아 집중이 안되네요",
    "rating": "5",
    "date": "13.12.27"
  },
  {
    "review_id": "8312235",
    "movie_id": "100935",
    "author": "jihw****",
    "review": "무스탕,콜세어,bf-109,XP-55",
    "rating": "7",
    "date": "13.12.27"
  },
  {
    "review_id": "8312000",
    "movie_id": "100935",
    "author": "minj****",
    "review": "너무 재미잇어요. 카 영화 본것처럼,더 재미있는 것 같아요.",
    "rating": "10",
    "date": "13.12.27"
  },
  {
    "review_id": "8311679",
    "movie_id": "100935",
    "author": "clou****",
    "review": "아~ 멋져 너무 멋져 노력하면 저렇게 되는 거여",
    "rating": "10",
    "date": "13.12.27"
  },
  {
    "review_id": "8310821",
    "movie_id": "100935",
    "author": "ho21****",
    "review": "아이들의 눈높이에 정확히 맞춘영화.하지만 너무나도 정확한 눈높이에 어른들은 당황할 영화.연말인데 가족끼리 관람하면 좋을듯....",
    "rating": "6",
    "date": "13.12.27"
  },
  {
    "review_id": "8310632",
    "movie_id": "100935",
    "author": "milk****",
    "review": "어른이 된 내가 카1.2 는 정말 재미지게 봐서 소장하고 있는데,,, planes 는 그명성을 이어가기에 유아적이다,,,",
    "rating": "4",
    "date": "13.12.27"
  },
  {
    "review_id": "8310265",
    "movie_id": "100935",
    "author": "itsc****",
    "review": "6세 딸이랑 아주재미있게봤어요^^꿈은이루어진다~~~♡",
    "rating": "9",
    "date": "13.12.27"
  },
  {
    "review_id": "8308410",
    "movie_id": "100935",
    "author": "gisp****",
    "review": "더스티는  레이스에서 우승하기위해 아픈 과거가 있는 훌륭한 지도자를 만나게 되고 맘이 착한 주인공은 어려움을 이겨내지요. 비행기가 보여주는 스릴과 하늘을 나는 벅찬 즐거움을 보여줍니다. 원어로 들을 수 없어아쉽지만 아이들과 함께한 감동적 영화였습니다.",
    "rating": "10",
    "date": "13.12.26"
  },
  {
    "review_id": "8308189",
    "movie_id": "100935",
    "author": "dima****",
    "review": "Cars 카를 기대하지 마라. 비슷하지만 훨씬 평면적인 스토리에 훨씬 재미없는 캐릭터들. 매우 실망스럽다.",
    "rating": "4",
    "date": "13.12.26"
  },
  {
    "review_id": "8306801",
    "movie_id": "100935",
    "author": "kore****",
    "review": "중간에 너무 지루하고 집중력도 떨어지는 아이한테는 조금 힘들었던 영화.",
    "rating": "6",
    "date": "13.12.26"
  },
  {
    "review_id": "8303541",
    "movie_id": "100935",
    "author": "gold****",
    "review": "쓰레잌ㅋㅋㅋ 영화 알바 좇되랔ㅋ",
    "rating": "1",
    "date": "13.12.26"
  },
  {
    "review_id": "8300257",
    "movie_id": "100935",
    "author": "joji****",
    "review": "역시 픽사가  최고죠 !!!",
    "rating": "10",
    "date": "13.12.25"
  },
  {
    "review_id": "8299774",
    "movie_id": "100935",
    "author": "dong****",
    "review": "13년 12월 25일 14시30분 CGV 왕십리 1관    카보다 못하네...",
    "rating": "6",
    "date": "13.12.25"
  },
  {
    "review_id": "8291547",
    "movie_id": "100935",
    "author": "qogu****",
    "review": "말할것도 없이 잘만들었다",
    "rating": "10",
    "date": "13.12.24"
  },
  {
    "review_id": "8290491",
    "movie_id": "100935",
    "author": "choi****",
    "review": "아이들과 나름 흥미진진하게 봤음.",
    "rating": "6",
    "date": "13.12.24"
  },
  {
    "review_id": "8289551",
    "movie_id": "100935",
    "author": "hion****",
    "review": "비행기!!!! 제목도 뭔가 아쉬움이 남았는데 내용도 무지 아쉬움이... 할이야기가 많았던 탓...소재도 생소했던 것이 문제....글쎄 레이싱 대회가 그리 중요한 문제인가? 중간중간 에피소드도 꾸역꾸역... 5살 아들도 언제끝나냐고 그러네...",
    "rating": "7",
    "date": "13.12.24"
  },
  {
    "review_id": "8288014",
    "movie_id": "100935",
    "author": "phm1****",
    "review": "디즈니 영화는 꼭 아이들만 보는 영화는 아닌 것 같네요...그리고 어른 입장에선 자막으로 못 봐 아쉽고 아이들은 더빙이 이해하기 좀 어려운 듯.. 디즈니 다음 영화 프로즌은 정말 기대되네요..",
    "rating": "8",
    "date": "13.12.24"
  },
  {
    "review_id": "8285095",
    "movie_id": "100935",
    "author": "jieu****",
    "review": "짱~ 재밌어요~~~완전대박임",
    "rating": "9",
    "date": "13.12.23"
  },
  {
    "review_id": "8284120",
    "movie_id": "100935",
    "author": "frui****",
    "review": "노짱에게 없던  양력으로 중력과 싸워 이기는 내용입니다. 부엉이 바위의 사악한 중력도 이기는 친노들이 보면 울만한 영화임",
    "rating": "10",
    "date": "13.12.23"
  },
  {
    "review_id": "8283799",
    "movie_id": "100935",
    "author": "kole****",
    "review": "카에 비해 못해요~ 스토리 부재",
    "rating": "6",
    "date": "13.12.23"
  },
  {
    "review_id": "8283252",
    "movie_id": "100935",
    "author": "gyyj****",
    "review": "재밌네요 ㅋㅋ 기대안해서 그런가? 와웅",
    "rating": "8",
    "date": "13.12.23"
  },
  {
    "review_id": "8283246",
    "movie_id": "100935",
    "author": "mich****",
    "review": "귀요미 캐릭터들 ~ 짱잼~ 허니잼~!!!'-'d",
    "rating": "10",
    "date": "13.12.23"
  },
  {
    "review_id": "8283231",
    "movie_id": "100935",
    "author": "seai****",
    "review": "애들이랑 같이 재미있는 관람하였습니다. 같이 아이는 너무 잼있다고 집에오는 내내  쓩쓩쓩~하네요..ㅎ",
    "rating": "10",
    "date": "13.12.23"
  },
  {
    "review_id": "8282632",
    "movie_id": "100935",
    "author": "qweq****",
    "review": "이런귀여운영화 너무좋음~!",
    "rating": "10",
    "date": "13.12.23"
  }
]