[
  {
    "review_id": "9913062",
    "movie_id": "100991",
    "author": "knh4****",
    "review": "처음 20분보다가 재미없어서 채널 돌림",
    "rating": "1",
    "date": "15.05.12"
  },
  {
    "review_id": "9879476",
    "movie_id": "100991",
    "author": "mftr****",
    "review": "긴장감있는 스릴러 약간은 아쉬운 악당의 정체 비중있는 결말",
    "rating": "9",
    "date": "15.04.30"
  },
  {
    "review_id": "9782938",
    "movie_id": "100991",
    "author": "pipp****",
    "review": "피아노전공자라 흥미로워서 무료사이트에서 한번보게됬는데요 시나리오는 그럭저럭.. 근데 악장사이에 지휘자가 말을하고 피아노가 뒤에있고 악보보고 연주하고 연주하다가 왔다갔다하고 말, 전화하면서 연주하고 앵콜을 갑자기 아내를시키는데 반주쫙깔아주고.. 어이없음",
    "rating": "6",
    "date": "15.03.15"
  },
  {
    "review_id": "9775516",
    "movie_id": "100991",
    "author": "ippu****",
    "review": "난 재밌었는뎀... 너무 짬..",
    "rating": "10",
    "date": "15.03.12"
  },
  {
    "review_id": "9771310",
    "movie_id": "100991",
    "author": "yumi****",
    "review": "존쿠삭과 일라이자 우드의 연기력이 아까웠다. 음악과 스토리(스릴러적 요소) 모두 부족.. 이 감독의 위플래쉬 또한 비슷한 느낌...",
    "rating": "6",
    "date": "15.03.10"
  },
  {
    "review_id": "9623943",
    "movie_id": "100991",
    "author": "enaf****",
    "review": "한마디로 그냥그렇다 밋밋하다",
    "rating": "6",
    "date": "15.01.22"
  },
  {
    "review_id": "9595051",
    "movie_id": "100991",
    "author": "gall****",
    "review": "클래식 연주회와  폰부스류의 제한된 공간 스릴러의 이색 조합. 참신한 소재가 인상적이나 두 마리 토끼를 다 잡으려다 어중간해진 면이 있다. 그럼에도 메소드 연기를 보여주는 일라이저 우드의 심리 연기와 직접 연주한 피아노 연기는 마지막까지 힘을 발휘한다",
    "rating": "6",
    "date": "15.01.15"
  },
  {
    "review_id": "9569334",
    "movie_id": "100991",
    "author": "plov****",
    "review": "내용도 없는 영화. 엔딩도 없는 영화",
    "rating": "4",
    "date": "15.01.06"
  },
  {
    "review_id": "9566864",
    "movie_id": "100991",
    "author": "pina****",
    "review": "개봉하고 봐야지하다 이제서야봤는데 개인적인입장으로선 근래본영화중에 최고였습니다 영화취향이특이해서그런게아닌가하실수있겠지만 저도 영화많이보고 대중이반응하는영화에 적절히반응할줄도압니다 폰부스와 비슷한장르지만 사운드와 긴장감 적절했습니다 개인적으로쩔게재밌네요",
    "rating": "10",
    "date": "15.01.06"
  },
  {
    "review_id": "9495966",
    "movie_id": "100991",
    "author": "clea****",
    "review": "소재만 재밌다. 영화는 참 못만들고 내용도 엉성하다. 무엇보다 나오는 음악이 별로다.",
    "rating": "2",
    "date": "14.12.21"
  },
  {
    "review_id": "9481493",
    "movie_id": "100991",
    "author": "funk****",
    "review": "이런핵노잼은 오랜만어네ㅡㅡ",
    "rating": "1",
    "date": "14.12.17"
  },
  {
    "review_id": "9397661",
    "movie_id": "100991",
    "author": "bcwh****",
    "review": "미니 tv 드라마를 본 건지 영화를 본 건지",
    "rating": "1",
    "date": "14.11.18"
  },
  {
    "review_id": "9376596",
    "movie_id": "100991",
    "author": "kell****",
    "review": "긴장감은최고였는데 마지막엔딩으그닥..맘에들지는 않음",
    "rating": "10",
    "date": "14.11.13"
  },
  {
    "review_id": "9351334",
    "movie_id": "100991",
    "author": "oojj****",
    "review": "결말은 허접했고. 배우는 열연을 했다. 재미를 찾을부분은 없다.",
    "rating": "5",
    "date": "14.11.07"
  },
  {
    "review_id": "9335178",
    "movie_id": "100991",
    "author": "rmag****",
    "review": "너무 저평가된거 같아서 10점줌. 긴장감,음악 다좋고, 에딩이 좀 황당하긴해도 만족은 했다.",
    "rating": "10",
    "date": "14.11.01"
  },
  {
    "review_id": "9271305",
    "movie_id": "100991",
    "author": "vice****",
    "review": "세련된 장치, 미장셴, 그리고 긴장감을 잘 보여주는 영화. 거창한 액션은 없지만 제한된 장소, 시간, 그리고 상황이 주는 긴박감은 영화 에 몰입하게 만들어 준다. 그런데 한국 상영본은 띵하고 끝납니까?;;;",
    "rating": "9",
    "date": "14.10.07"
  },
  {
    "review_id": "9269952",
    "movie_id": "100991",
    "author": "godd****",
    "review": "이야기가 시작될 것 같으니까 끝나버렸음...피아노 연주장면은 좋았음",
    "rating": "8",
    "date": "14.10.06"
  },
  {
    "review_id": "9251197",
    "movie_id": "100991",
    "author": "pass****",
    "review": "잘 끌어가던 스릴을 그냥 말아먹다니.. 막판 어이없음.",
    "rating": "7",
    "date": "14.09.30"
  },
  {
    "review_id": "9248166",
    "movie_id": "100991",
    "author": "ykdi****",
    "review": "이건 온전히 감독의 역량 부족이다.",
    "rating": "3",
    "date": "14.09.29"
  },
  {
    "review_id": "9231281",
    "movie_id": "100991",
    "author": "1340****",
    "review": "모든 부분에서 허접의 극치를 달린다.",
    "rating": "2",
    "date": "14.09.21"
  },
  {
    "review_id": "9122027",
    "movie_id": "100991",
    "author": "rona****",
    "review": "중간까지는 대단해 보였는데 결말이 너무 아쉽고 약했다. 기대하고 보기엔 무리가 있어보임.",
    "rating": "3",
    "date": "14.08.22"
  },
  {
    "review_id": "9114536",
    "movie_id": "100991",
    "author": "dog2****",
    "review": "재미있게잘 보고갑니다 오랜만에 즐겨보는 짜릿함 무섭진않아요  원체 제가 무서운것을좋아해서그런건지도 모르겠습니다 고맙습니다",
    "rating": "8",
    "date": "14.08.20"
  },
  {
    "review_id": "9087615",
    "movie_id": "100991",
    "author": "13om****",
    "review": "결말이 아쉽긴 함내용의 퀄리티보다는 그냥 가볍게 즐길 수 있는 영화인듯몰입도 좋고 재밌었음",
    "rating": "8",
    "date": "14.08.15"
  },
  {
    "review_id": "9085533",
    "movie_id": "100991",
    "author": "qotp****",
    "review": "더이상프로도가아니다!",
    "rating": "7",
    "date": "14.08.14"
  },
  {
    "review_id": "8937182",
    "movie_id": "100991",
    "author": "free****",
    "review": "존쿠삭은 특별출연이야~ 용두사미 딱 그말이 어울리는 영화",
    "rating": "5",
    "date": "14.07.21"
  },
  {
    "review_id": "8869847",
    "movie_id": "100991",
    "author": "huve****",
    "review": "예고편에 제대로 낚임...",
    "rating": "1",
    "date": "14.06.30"
  },
  {
    "review_id": "8860584",
    "movie_id": "100991",
    "author": "ksal****",
    "review": "완전 잼있는데.. 기대 안하고봐서 그런가 연주도 환상이고 긴박감이 좋았음.. 빨리 끝나 좀 아쉽지만..",
    "rating": "10",
    "date": "14.06.27"
  },
  {
    "review_id": "8850687",
    "movie_id": "100991",
    "author": "mode****",
    "review": "괜찮았는데... 지루하지도 않고...여자주인공 이쁘다",
    "rating": "8",
    "date": "14.06.24"
  },
  {
    "review_id": "8829655",
    "movie_id": "100991",
    "author": "jang****",
    "review": "실망실망결말도 허무..",
    "rating": "5",
    "date": "14.06.14"
  },
  {
    "review_id": "8818524",
    "movie_id": "100991",
    "author": "kitt****",
    "review": "기대하고 보았는데 기대 이하네요 스토리가 많이 부족한 느낌 이에요 ! :(",
    "rating": "5",
    "date": "14.06.10"
  },
  {
    "review_id": "8799021",
    "movie_id": "100991",
    "author": "s646****",
    "review": "피아노 연주는 볼만 하긴 했는데 좀 아시움 결말도 그렇고 연기는 괜춘괜춘 ㅇㅇ 근데 6점은 좀 낮은 것 같아서 10 점 줌",
    "rating": "10",
    "date": "14.06.05"
  },
  {
    "review_id": "8783086",
    "movie_id": "100991",
    "author": "mi86****",
    "review": "긴장감 스토리 뭐하나 좋은게 없다",
    "rating": "4",
    "date": "14.06.01"
  },
  {
    "review_id": "8770164",
    "movie_id": "100991",
    "author": "pjso****",
    "review": "기대했던 것만큼은 아니지만 살짝 긴장되며 재미있네요",
    "rating": "7",
    "date": "14.05.27"
  },
  {
    "review_id": "8760210",
    "movie_id": "100991",
    "author": "gluv****",
    "review": "그냥 이해하기 힘드네요...",
    "rating": "5",
    "date": "14.05.24"
  },
  {
    "review_id": "8728307",
    "movie_id": "100991",
    "author": "jane****",
    "review": "스토리나 연출이나 너무너무 부족하다.. 학생들 졸업작품 수준의 영화...",
    "rating": "2",
    "date": "14.05.13"
  },
  {
    "review_id": "8727657",
    "movie_id": "100991",
    "author": "gusw****",
    "review": "그냥 재미가 없어요. 시간 낭비하지 마시길 ㅠㅠ",
    "rating": "2",
    "date": "14.05.13"
  },
  {
    "review_id": "8723341",
    "movie_id": "100991",
    "author": "ksss****",
    "review": "신랑이 피아노쪽 일을해서 보자해서봤는데 피아노관련 영화라고 보긴 어렵구마 뭐 그다지 지겹지는 않았던거 같은데 그리 재미있지도 않았던거 같아요",
    "rating": "5",
    "date": "14.05.11"
  },
  {
    "review_id": "8715930",
    "movie_id": "100991",
    "author": "rlad****",
    "review": "알바들 왜이리 많아요??;;/;/// 진심 씨네떼 무료시사회라서 봤지 내돈주고 봤으면 땅치고 후회할뻔.. 23인생 짧지만 제인생동안 영화관에서 본 영화중 제일 최악이었어요. 진심. 스릴도없고.... 이걸영화라고 만든건지..",
    "rating": "2",
    "date": "14.05.08"
  },
  {
    "review_id": "8715615",
    "movie_id": "100991",
    "author": "hyeo****",
    "review": "클래식+스릴러가 아니라 클래식연주회장안에서의 스릴러가 맞는 표현.. 클래식이라는 주제를 더 잘살렸으면 좋았을텐데 아쉬운 부분이 많은 영화",
    "rating": "6",
    "date": "14.05.08"
  },
  {
    "review_id": "8713564",
    "movie_id": "100991",
    "author": "sio7****",
    "review": "그냥 그래요.... 정말 그냥 그래요....",
    "rating": "6",
    "date": "14.05.07"
  },
  {
    "review_id": "8707931",
    "movie_id": "100991",
    "author": "shae****",
    "review": "요 정도만 볼만하지 않나?",
    "rating": "7",
    "date": "14.05.06"
  },
  {
    "review_id": "8700716",
    "movie_id": "100991",
    "author": "thma****",
    "review": "피아노연주 외에 이영화는없다",
    "rating": "3",
    "date": "14.05.04"
  },
  {
    "review_id": "8695681",
    "movie_id": "100991",
    "author": "bbq2****",
    "review": "보는 이를 부끄럽게 만드는 황당한 시츄에이션들",
    "rating": "4",
    "date": "14.05.03"
  },
  {
    "review_id": "8695426",
    "movie_id": "100991",
    "author": "hwan****",
    "review": "예고편이 반은 먹고 들어가는듯ㅠㅠ마지막 띵 소리....그래도 나름 긴장감있게봤어요",
    "rating": "8",
    "date": "14.05.03"
  },
  {
    "review_id": "8690778",
    "movie_id": "100991",
    "author": "emle****",
    "review": "처음부터 음악때문에 긴장감 대박!!끝이 약간 허무",
    "rating": "9",
    "date": "14.05.01"
  },
  {
    "review_id": "8687151",
    "movie_id": "100991",
    "author": "pery****",
    "review": "소재는 괜찮았으나 개연성 꽝, 연출 꽝, 몰입 꽝, 이렇게 몰입 안되는 영화는 첨이네요..",
    "rating": "3",
    "date": "14.05.01"
  },
  {
    "review_id": "8687014",
    "movie_id": "100991",
    "author": "hoyo****",
    "review": "그다지 스토리의 전개가 훅 오질않는다. 스릴도 느껴지지 않는다.",
    "rating": "6",
    "date": "14.05.01"
  },
  {
    "review_id": "8684968",
    "movie_id": "100991",
    "author": "inil****",
    "review": "오페라의 유령을 보는듯한 스릴을 느낄수있고 긴장감과 환상적인 피아노연주를 감상할수있는 명작인듯합니다. 다만 엔딩부분의 황금열쇠를 어찌 사용할지 궁금증을 유발하였기에 속편이 나올지도 모른다 생각해보았습니다. 스릴러를 좋아하고 음악을 좋아면 추천합니다~~",
    "rating": "7",
    "date": "14.04.30"
  },
  {
    "review_id": "8683857",
    "movie_id": "100991",
    "author": "popp****",
    "review": "왜 시나리오가  별로라고들 이야기하는지? 배배꼬아서 반전이 있어야 좋은 시나리오인가? 이정도면 완성도 높은 시나리오임.. 감독이 연출하고자한 느낌이 정확히 전달되니.. 너무잼나게봤음",
    "rating": "9",
    "date": "14.04.30"
  },
  {
    "review_id": "8680056",
    "movie_id": "100991",
    "author": "shas****",
    "review": "KTX에서  봤는데요... 생각보다 괜찮았네요. (중간부분부터  주무시는 분들 꽤 되더군요..)",
    "rating": "8",
    "date": "14.04.28"
  },
  {
    "review_id": "8679907",
    "movie_id": "100991",
    "author": "hogo****",
    "review": "영화를 만들다 만 느낌을 지울수 없다.  흐지부지한 클라이막스 전개가 아쉬움",
    "rating": "6",
    "date": "14.04.28"
  },
  {
    "review_id": "8679127",
    "movie_id": "100991",
    "author": "rktn****",
    "review": "초중반까지 몰입이랑 스릴은 괜찮았는데 뒤로 갈수록 스토리도 이상하고 결말은 도대체 먼지...",
    "rating": "6",
    "date": "14.04.28"
  },
  {
    "review_id": "8678532",
    "movie_id": "100991",
    "author": "sunh****",
    "review": "난 기차에서 정말 잼있게 봤는데,,, 아쉽네요, 평가가 그지 같아서,,,",
    "rating": "9",
    "date": "14.04.27"
  },
  {
    "review_id": "8677881",
    "movie_id": "100991",
    "author": "dhtj****",
    "review": "영화의 장르가 스릴러지만 스릴러같지않은 시시한 내용과 개연성이 집중하지못하게한다. 컨셉이 애매한 영화",
    "rating": "5",
    "date": "14.04.27"
  },
  {
    "review_id": "8676214",
    "movie_id": "100991",
    "author": "dlgm****",
    "review": "일라이저 우드의 이미지변신!! 많이 성숙해진거같다 ㅎㅎㅎ 그러나 그 초롱초롱한 눈빛은 생생히 빛난다결말이 좀 아쉽지만 스릴을느끼며보았던영화다",
    "rating": "10",
    "date": "14.04.27"
  },
  {
    "review_id": "8674357",
    "movie_id": "100991",
    "author": "tope****",
    "review": "제점수는요 5점입니다",
    "rating": "5",
    "date": "14.04.26"
  },
  {
    "review_id": "8674061",
    "movie_id": "100991",
    "author": "poke****",
    "review": "정말...나와같은 피해자가 더는 나오기 않기를 바랄 뿐이다..",
    "rating": "2",
    "date": "14.04.26"
  },
  {
    "review_id": "8672377",
    "movie_id": "100991",
    "author": "cont****",
    "review": "일라이저 우드의 피아노 연주 연기는 좋았다",
    "rating": "7",
    "date": "14.04.25"
  },
  {
    "review_id": "8672081",
    "movie_id": "100991",
    "author": "come****",
    "review": "정말 어이없이 끝나고그래서 재미없음",
    "rating": "1",
    "date": "14.04.25"
  },
  {
    "review_id": "8672039",
    "movie_id": "100991",
    "author": "sall****",
    "review": "정말 신선해서 꼭 보고싶네요",
    "rating": "10",
    "date": "14.04.25"
  },
  {
    "review_id": "8671668",
    "movie_id": "100991",
    "author": "dms7****",
    "review": "결말이 좀 아쉬웠던 영화...",
    "rating": "8",
    "date": "14.04.25"
  },
  {
    "review_id": "8671582",
    "movie_id": "100991",
    "author": "ksk8****",
    "review": "간만에 정말 재미있게 본 영화! 음악도 너무 좋았고 일라이저우드 연기도 압권!! 강추합니다~~~",
    "rating": "10",
    "date": "14.04.25"
  },
  {
    "review_id": "8671437",
    "movie_id": "100991",
    "author": "rlxo****",
    "review": "망작임..그래서 열쇠가 머 어쨌다고??",
    "rating": "6",
    "date": "14.04.25"
  },
  {
    "review_id": "8671282",
    "movie_id": "100991",
    "author": "dlwj****",
    "review": "재미없음 영화 광고 영상이 다임 기대하다 보면 망함ㅋㅋ",
    "rating": "2",
    "date": "14.04.25"
  },
  {
    "review_id": "8671034",
    "movie_id": "100991",
    "author": "qmec****",
    "review": "그 마지막 4마디를 쳐야 피아노 속에 금고 같은게 열린다는 거였음 ;; 마지막에 주인공이 끝낼게 있다면서 부서진 피아노로 가서 마지막 4마디를 쳤는데 금고열림;; 그 이후 나오는 열쇠모양이나 그런게 이런 뜻이었다니 ㅋㅋ",
    "rating": "7",
    "date": "14.04.25"
  },
  {
    "review_id": "8670980",
    "movie_id": "100991",
    "author": "pklo****",
    "review": "영화 폰부스를 다시 한번 본 느낌 이다 아니 좀 많이못 만들다 스릴도 없고 몰입도 않되고 최악정도는 아니지만 눈과귀가 즐거운. 영화는 아니다 킬링타임용",
    "rating": "5",
    "date": "14.04.25"
  },
  {
    "review_id": "8669916",
    "movie_id": "100991",
    "author": "hgw9****",
    "review": "끝나는게 너무 어중간하게 끝낫다",
    "rating": "3",
    "date": "14.04.24"
  },
  {
    "review_id": "8669576",
    "movie_id": "100991",
    "author": "znzn****",
    "review": "표현은 매력적이나....스토리가 전혀 받쳐주지 못한다....명탐정코난의 그저그런 에피소드급....",
    "rating": "5",
    "date": "14.04.24"
  },
  {
    "review_id": "8667096",
    "movie_id": "100991",
    "author": "myhi****",
    "review": "음악, 배우에서 좋았고, 시나리오에서 왕창 마이너스. 관객의 수준은 한참 올라갔는데 이렇게 완성도 낮은 영화를 만들다니. 보는 내내 참 재밌었는데 엔딩에서 엥?? 주연 존쿠삭은 나오자마자 허망하게죽고. 뭐 그렇게 쉽게 끝내버리나. 차~암 아쉬웠음.",
    "rating": "6",
    "date": "14.04.23"
  },
  {
    "review_id": "8665673",
    "movie_id": "100991",
    "author": "lkyl****",
    "review": "따른 배경음악을 깔을 필요없이 연주하는 음악에 의해 현 상황에 대한 긴장감을 살릴수있었던게 훌륭했다 하지만 악당이 너무 착했고, 약했다 5년을 계획한 작전이라고 하기에는 허술한 부분도 많았고 그냥 5년을 낭비했다고 생각한다",
    "rating": "7",
    "date": "14.04.22"
  },
  {
    "review_id": "8665486",
    "movie_id": "100991",
    "author": "tian****",
    "review": "잠이 쏟아지는 영화..",
    "rating": "1",
    "date": "14.04.22"
  },
  {
    "review_id": "8665223",
    "movie_id": "100991",
    "author": "nutc****",
    "review": "참. 스토리가 쓰레기고 시간 아까움. 일라이저 우드 보고 영화 봤는데 실망이 너무 큼.오랜만에 쓰레기 영화 한편 본 느낌이네..",
    "rating": "2",
    "date": "14.04.22"
  },
  {
    "review_id": "8665205",
    "movie_id": "100991",
    "author": "timh****",
    "review": "7.5 /만들다 만듯한 급작스런 마무리만 빼면, 음악과의 조화 등 수작이다.",
    "rating": "8",
    "date": "14.04.22"
  },
  {
    "review_id": "8665113",
    "movie_id": "100991",
    "author": "m518****",
    "review": "오랜만에 시간적 여우가 되서 봤는데 이것 참.... 피아노 치는동안 눈가 귀가 다 빨려 들어가는게.... 혼자 보러갔는데 정말 재밌었어요.",
    "rating": "10",
    "date": "14.04.22"
  },
  {
    "review_id": "8664913",
    "movie_id": "100991",
    "author": "rfv1****",
    "review": "지금 평 올린 분들 중 존 쿠삭의 연기는 어땠고 긴장감이 최고였고 피아노 치는 연기가 압권이다 뭐라 말하긴 하는데 긴장감은 폰부스보다 훨씬 떨어졌고 오히려 산만했을 뿐더러 존쿠삭의 연기가 좋았다니? 5분 남짓도 안 나온 배우를 어떻게 연기를 평가했나.",
    "rating": "6",
    "date": "14.04.22"
  },
  {
    "review_id": "8664901",
    "movie_id": "100991",
    "author": "4310****",
    "review": "클래식과 스릴러를 함께 다루려다가, 그 중간 어느 사이를 방황하는 듯한 전개.. 별로 긴박하지 않았다.. 마지막 액션은 정말.... ㄴㄴ",
    "rating": "3",
    "date": "14.04.22"
  },
  {
    "review_id": "8664687",
    "movie_id": "100991",
    "author": "pooh****",
    "review": "나만 이상한건가??난 스토리 별로였는데 ㅋ",
    "rating": "10",
    "date": "14.04.21"
  },
  {
    "review_id": "8662908",
    "movie_id": "100991",
    "author": "than****",
    "review": "조금에는 조금 지루했는데 내용이 탄탄하고 재밌더라고요 ㅎㅎ 피아노곡도 신선하고 흥미롭더라구요 마지막에 부인의 노래가 상황몰입에 더 어울려서 괜찮았던것 같아여 ㅎㅎ",
    "rating": "7",
    "date": "14.04.20"
  },
  {
    "review_id": "8662581",
    "movie_id": "100991",
    "author": "iflo****",
    "review": "허무한결말 좋아하시는분들만 보세요",
    "rating": "4",
    "date": "14.04.20"
  },
  {
    "review_id": "8662425",
    "movie_id": "100991",
    "author": "maxi****",
    "review": "영화보다 영화 다 끝나고 듣는 엔딩크레딧이 훨씬 좋다.",
    "rating": "5",
    "date": "14.04.20"
  },
  {
    "review_id": "8662400",
    "movie_id": "100991",
    "author": "alfz****",
    "review": "오랜만에 몰입하면서 본 영화에요 결말이 어떻게 될까하고 궁금했는데 약간 아쉬운감이 있었네요 하지만 주인공의 연기가 대단한 클래식스릴러라는 신선한 소재의 영화입니다!",
    "rating": "10",
    "date": "14.04.20"
  },
  {
    "review_id": "8662226",
    "movie_id": "100991",
    "author": "enjo****",
    "review": "결말이너무허무하네요.",
    "rating": "3",
    "date": "14.04.20"
  },
  {
    "review_id": "8662214",
    "movie_id": "100991",
    "author": "crp3****",
    "review": "보는 내내 긴장하면서 봤다. 결말이 쪼끔 아쉽긴한데 음악과 스릴러 결합이라 색다른것같고 몰입이 상당히 잘되서 좋았다 평점은 8점정도면될듯 근데지금평점 거지라 10점드림",
    "rating": "10",
    "date": "14.04.20"
  },
  {
    "review_id": "8662050",
    "movie_id": "100991",
    "author": "psyk****",
    "review": "영화소개프로에서 보고 잼있겠다 했는데 그게 영화의 가장 잼있는 부분전부라 전 쏘쏘. 요건 사전정보 전혀없이 보신 우리 어머니 평점 입니다. 괜찮으셨데요~^^",
    "rating": "8",
    "date": "14.04.20"
  },
  {
    "review_id": "8661169",
    "movie_id": "100991",
    "author": "sas1****",
    "review": "절때 보지마세요 진짜 개후회함 왜돈버리세요님들 이거볼빠엔 피아노 연주하는 공연장이나 가세요",
    "rating": "1",
    "date": "14.04.20"
  },
  {
    "review_id": "8660698",
    "movie_id": "100991",
    "author": "dbzh****",
    "review": "스릴러가 긴장감이 제로네",
    "rating": "1",
    "date": "14.04.20"
  },
  {
    "review_id": "8659990",
    "movie_id": "100991",
    "author": "yhs4****",
    "review": "참신한 아이디어, 그러나 부실한 시나리오... 아이디어로 시작해서 아이디어로 끝나는 영화다.",
    "rating": "3",
    "date": "14.04.19"
  },
  {
    "review_id": "8659786",
    "movie_id": "100991",
    "author": "caga****",
    "review": "몰입하기 좋은 간만의 수작",
    "rating": "9",
    "date": "14.04.19"
  },
  {
    "review_id": "8658886",
    "movie_id": "100991",
    "author": "free****",
    "review": "존쿠삭 저놈나오는영화는 열에한편정도볼만하다 저런놈계속캐스팅하는거보면 참 이상하다 ㅋㅋ",
    "rating": "3",
    "date": "14.04.19"
  },
  {
    "review_id": "8658874",
    "movie_id": "100991",
    "author": "pmlh****",
    "review": "사건의 크기에 비해 사건의 당위성이 약함. 그러나 한정된 시간 한정된 공간에서의 긴장도는 몰입을 높여줌",
    "rating": "7",
    "date": "14.04.19"
  },
  {
    "review_id": "8658764",
    "movie_id": "100991",
    "author": "zxc1****",
    "review": "전설의 곡을 제대로 연주하라는 범인의 협박과 이에 대응하는 주인공의 모습은 괜찮지만, 범인의 목적이 밝혀진 후엔 긴장감과 몰입도가 급격히 떨어진다.",
    "rating": "5",
    "date": "14.04.19"
  },
  {
    "review_id": "8658723",
    "movie_id": "100991",
    "author": "ench****",
    "review": "기대를와많이 해서인지 너무 실망함...장소의 이동이 거의 없다는 점은 흥미로웠고 음악도 너무 좋았지만  완전 옛날 영화보는 기분, 캐스팅이 올드해서인지 8,90년대 코미디를 보는 듯한 엉터리 스릴러 ㅠㅠ",
    "rating": "5",
    "date": "14.04.19"
  },
  {
    "review_id": "8658708",
    "movie_id": "100991",
    "author": "sgca****",
    "review": "기대없이 영화소개 프로에서 잼나게 봐서 극장갔는데 재밌었음.  일라이저우드 그 초조한 연기랑 피아노연주도 볼만했음. 근데 기대를 두고 가야함.",
    "rating": "7",
    "date": "14.04.19"
  },
  {
    "review_id": "8658551",
    "movie_id": "100991",
    "author": "luna****",
    "review": "영화가 그냥 일관성있게 쭈욱 끌다가 끝남. 끝나고 나서는 뭐냐..하는 기분이었음. 그나마 피아노 연주는 멋졌음.",
    "rating": "2",
    "date": "14.04.19"
  },
  {
    "review_id": "8658001",
    "movie_id": "100991",
    "author": "nbin****",
    "review": "너무도 밋밋한 스릴러에 실망",
    "rating": "3",
    "date": "14.04.19"
  },
  {
    "review_id": "8657902",
    "movie_id": "100991",
    "author": "laud****",
    "review": "피아노 연주는 볼 만 했다. 스토리는 그닥..",
    "rating": "5",
    "date": "14.04.19"
  },
  {
    "review_id": "8657875",
    "movie_id": "100991",
    "author": "mumm****",
    "review": "감독이 취미로 일을하면 이런 사고가 난다. -닥치고\"거두절미\"-",
    "rating": "5",
    "date": "14.04.19"
  },
  {
    "review_id": "8657736",
    "movie_id": "100991",
    "author": "kjs0****",
    "review": "피아노치는 영화인줄알았는데 스릴러 통수맞음ㅋㅋ",
    "rating": "10",
    "date": "14.04.19"
  },
  {
    "review_id": "8657463",
    "movie_id": "100991",
    "author": "thdd****",
    "review": "참 ...마지막 띵소리와 함께 끝났는데 하...조롱당한기분이에요 색다른느낌을 받고 싶다면 추천합니당",
    "rating": "2",
    "date": "14.04.18"
  },
  {
    "review_id": "8657419",
    "movie_id": "100991",
    "author": "ahyk****",
    "review": "빡센 스릴러였으면 좋았을텐데 아쉬운부분이 많은영화입니다 피아노곡이라도 진짜 좋아더라면ㅋㄱ",
    "rating": "3",
    "date": "14.04.18"
  }
]