[
  {
    "review_id": "10270844",
    "movie_id": "100953",
    "author": "18ky****",
    "review": "아들 경추 90도로 꺾어버리고싶다고 생각한사람",
    "rating": "3",
    "date": "15.08.24"
  },
  {
    "review_id": "10237715",
    "movie_id": "100953",
    "author": "zoid****",
    "review": "전개, 개연성 모두 노답",
    "rating": "2",
    "date": "15.08.16"
  },
  {
    "review_id": "10229967",
    "movie_id": "100953",
    "author": "vkav****",
    "review": "악당도 약하고 액션도없고 ㅈ ㄴ답답한 영화..특히 아들세키는 답답해서 보는내내 짜증유발",
    "rating": "1",
    "date": "15.08.14"
  },
  {
    "review_id": "10227883",
    "movie_id": "100953",
    "author": "love****",
    "review": "소재가 참신하다 딱 5점짜리 영화",
    "rating": "5",
    "date": "15.08.14"
  },
  {
    "review_id": "10222423",
    "movie_id": "100953",
    "author": "sinm****",
    "review": "이렇게 재밋는 소재를 짜증나게 만든것도 대단하다 진짜 ㅋㅋ 아빠말고는 그냥 가족들이 다 호구네 보는 내가 더 짜증나서 주인공가족들 전부 숙청하고싶더라",
    "rating": "1",
    "date": "15.08.13"
  },
  {
    "review_id": "10198964",
    "movie_id": "100953",
    "author": "jjan****",
    "review": "중2병이 왜 무서운지 보여주는영화",
    "rating": "1",
    "date": "15.08.07"
  },
  {
    "review_id": "10168326",
    "movie_id": "100953",
    "author": "jihy****",
    "review": "28주후 애새끼만큼 멍청하고 빡치는 단발머리애새끼... 일저질러놓고 죄책감도 전혀느끼지않음 아빠는 가족살릴라그러는데  정신못차림 그덕에 아빠만 죽음ㅋ엄마죽을뻔함  그나저나 헨리는 왜 아빠를 죽일라그런건지  영화끝날때까지 안알랴줌",
    "rating": "5",
    "date": "15.08.01"
  },
  {
    "review_id": "10167113",
    "movie_id": "100953",
    "author": "shne****",
    "review": "이런 좋은 소재도 역시 한편의 쓰레기 영화가 될 수 있다.",
    "rating": "1",
    "date": "15.07.31"
  },
  {
    "review_id": "10145741",
    "movie_id": "100953",
    "author": "audt****",
    "review": "박진감 넘치던데 ㅋㅋㅋㅋ 영상시간도 짧아서 집중해서 봤네요~",
    "rating": "8",
    "date": "15.07.26"
  },
  {
    "review_id": "10103135",
    "movie_id": "100953",
    "author": "kaik****",
    "review": "상황판단력과 목적의식이 뚜렷한 아빠가 가장 마음에 들었는데  남자꼬마랑 여자애  골빈게  마음에 안듬 부인도 어리버리하고 결단력없어서 존나 어리숙함  아빠만 불쌍하게 죽었음 애들은  지네들때문에 아빠가 죽었는데 슬퍼하지도 않음",
    "rating": "1",
    "date": "15.07.14"
  },
  {
    "review_id": "10103077",
    "movie_id": "100953",
    "author": "fanu****",
    "review": "재미있구만 네이버평점 믿지마라 . 어벤져스1 보다 . 아이언맨 보다 훨씬 재미나게 봤다 꼭 유명배우가 나와야 재미있는게 아니야",
    "rating": "9",
    "date": "15.07.14"
  },
  {
    "review_id": "10098621",
    "movie_id": "100953",
    "author": "ina5****",
    "review": "아.혈압올라 죽을뻔햇네.아악!!아들.딸 .마누라 겁네 답답하고 아빠한테 그냥 니가 노숙자대신 나가서죽으란식으로 몰아넣고 나중에 아빠 죽으니까 쳐울긴ㅋㅋ",
    "rating": "1",
    "date": "15.07.12"
  },
  {
    "review_id": "10087887",
    "movie_id": "100953",
    "author": "whtn****",
    "review": "왜 내생일에 퍼지데이야...ㅡ 3월21일",
    "rating": "1",
    "date": "15.07.10"
  },
  {
    "review_id": "10087661",
    "movie_id": "100953",
    "author": "fait****",
    "review": "기발한 소재이긴 하지만 답답하고 억지스러운 가족들의 행동과 심리는 거북한",
    "rating": "6",
    "date": "15.07.10"
  },
  {
    "review_id": "10034211",
    "movie_id": "100953",
    "author": "abd2****",
    "review": "참신한 소재에  b급 각본 뭐 답이없다 2편은 그나마 낫다",
    "rating": "1",
    "date": "15.06.25"
  },
  {
    "review_id": "10025582",
    "movie_id": "100953",
    "author": "park****",
    "review": "아빠 빼고 다후려 치고싶었다.",
    "rating": "1",
    "date": "15.06.24"
  },
  {
    "review_id": "9987576",
    "movie_id": "100953",
    "author": "thdq****",
    "review": "긴장감은 후속편보다 나은걸로",
    "rating": "5",
    "date": "15.06.10"
  },
  {
    "review_id": "9987424",
    "movie_id": "100953",
    "author": "wooj****",
    "review": "소재는 좋은데 내용은 짜증 유발",
    "rating": "1",
    "date": "15.06.10"
  },
  {
    "review_id": "9968405",
    "movie_id": "100953",
    "author": "kijo****",
    "review": "다 필요없고 일단 아들부터 존나게 패야할듯. 2순위는 딸래미 엄마. 근데 정말 아들면상때기볼때마다 분노가 치미는건 정말 어쩔수가없는듯",
    "rating": "1",
    "date": "15.06.01"
  },
  {
    "review_id": "9869994",
    "movie_id": "100953",
    "author": "mond****",
    "review": "이제 2편 봐야지 기대된다 흐흐",
    "rating": "5",
    "date": "15.04.26"
  },
  {
    "review_id": "9856892",
    "movie_id": "100953",
    "author": "hjs3****",
    "review": "ㄷㄷ.. 이런 신선한 아이디어로 이런 영화를 만들다니.. 우리나라 막장 드라마보다가 미국 막장 영화를 보니 그냥 실소만 나올뿐....ㅎㅎㅎ...ㅎ..",
    "rating": "3",
    "date": "15.04.22"
  },
  {
    "review_id": "9844848",
    "movie_id": "100953",
    "author": "kyou****",
    "review": "이해가 안감 찰리? 하.. 보다 암걸릴듯",
    "rating": "1",
    "date": "15.04.13"
  },
  {
    "review_id": "9831707",
    "movie_id": "100953",
    "author": "doub****",
    "review": "딸내미 아들내미 죽이고 싶다. 퍼지의 날에",
    "rating": "10",
    "date": "15.04.06"
  },
  {
    "review_id": "9815532",
    "movie_id": "100953",
    "author": "yser****",
    "review": "흥미로운 소재를 전혀 흥미롭지 않게 풀어내는 능력",
    "rating": "6",
    "date": "15.03.29"
  },
  {
    "review_id": "9814872",
    "movie_id": "100953",
    "author": "dudd****",
    "review": "희대에 쓰레기영화 내돈 2500원이 아까운영화 암걸리는영화",
    "rating": "1",
    "date": "15.03.29"
  },
  {
    "review_id": "9782982",
    "movie_id": "100953",
    "author": "kdym****",
    "review": "저 밑에 평론가 평이 딱 맞습니다.  \"외부의 적이 나타나기 전까지는 긴장된다\"",
    "rating": "3",
    "date": "15.03.15"
  },
  {
    "review_id": "9762222",
    "movie_id": "100953",
    "author": "wont****",
    "review": "아 정말 아들ㅅㄲ때문에 진심빡친다",
    "rating": "1",
    "date": "15.03.07"
  },
  {
    "review_id": "9733811",
    "movie_id": "100953",
    "author": "qazp****",
    "review": "역시 중2병은 맞아가며 커야되는것인가.",
    "rating": "6",
    "date": "15.02.24"
  },
  {
    "review_id": "9684266",
    "movie_id": "100953",
    "author": "namb****",
    "review": "영화 자체는 그렇게 나쁘진 않았는데.. 하룻밤 새에 일어나는 해프닝 같은 느낌이 들었음. 그만큼 긴장감은 별루.에단호크가 많이 늙었다는 거.. 나보다 두살이나 어린데..ㅠㅠ",
    "rating": "7",
    "date": "15.02.10"
  },
  {
    "review_id": "9675050",
    "movie_id": "100953",
    "author": "minw****",
    "review": "'부성애' 가 어떤건지 보여주는거 빼고 남는게 하나도 없는 영화",
    "rating": "2",
    "date": "15.02.07"
  },
  {
    "review_id": "9671745",
    "movie_id": "100953",
    "author": "9452****",
    "review": "네이버평점믿지마셈 난 영화관에서ㅜ안본게 후회될정도로 재미있던데 꼬맹이가 짜증나긴하지만 악역들연기가 대박 특히 초반에 가면벗은남자 진짜 멋있음 ㅋㅋ",
    "rating": "10",
    "date": "15.02.06"
  },
  {
    "review_id": "9656807",
    "movie_id": "100953",
    "author": "koma****",
    "review": "다들 짜증에 대공감  근데 평점2점준건  그와중에 딸래미가 너무이뻐보여서. . . .",
    "rating": "2",
    "date": "15.02.01"
  },
  {
    "review_id": "9637908",
    "movie_id": "100953",
    "author": "godn****",
    "review": "아들 사이코패스임? 남 죽을까봐 전전긍긍하더니 가족 죽고나서는 울지도 않음 무슨 개떡같은",
    "rating": "2",
    "date": "15.01.26"
  },
  {
    "review_id": "9628898",
    "movie_id": "100953",
    "author": "hen2****",
    "review": "애새끼 머리끄댕이 진짜 잡아 뜯어버리고싶다",
    "rating": "8",
    "date": "15.01.24"
  },
  {
    "review_id": "9628085",
    "movie_id": "100953",
    "author": "ehwo****",
    "review": "쓰레기 그한마디로 정의한다.",
    "rating": "1",
    "date": "15.01.23"
  },
  {
    "review_id": "9615717",
    "movie_id": "100953",
    "author": "haha****",
    "review": "보고나면 사람들 반응이 이해가 되는 영화. 엄마,아빠만 피해자됨 아들 죽이고싶다는 글이 왤캐 많은지는 보시면 압니다. 아들만 죽었었으면 사람들 반응이 이렇진 않았을듯. ㅋㅋㅋㅋ",
    "rating": "1",
    "date": "15.01.20"
  },
  {
    "review_id": "9611180",
    "movie_id": "100953",
    "author": "tsut****",
    "review": "정말 아들 한대 갈기고 싶다.",
    "rating": "4",
    "date": "15.01.18"
  },
  {
    "review_id": "9599167",
    "movie_id": "100953",
    "author": "blos****",
    "review": "무자식이 상팔자!!!",
    "rating": "1",
    "date": "15.01.16"
  },
  {
    "review_id": "9583564",
    "movie_id": "100953",
    "author": "iblu****",
    "review": "자식놈들때문에짜증나게봄..",
    "rating": "6",
    "date": "15.01.11"
  },
  {
    "review_id": "9566782",
    "movie_id": "100953",
    "author": "satu****",
    "review": "우연한 기회로 오늘보았다 전에 영화가좋다같은데서 소재참신하길래 보다 혈압올라 쓰러지겠다 OO욕튀어나온다자식들부터 찢어죽여야한다..개빡친다",
    "rating": "1",
    "date": "15.01.06"
  },
  {
    "review_id": "9549944",
    "movie_id": "100953",
    "author": "jorr****",
    "review": "흑..기대 안하고 혹시나..하고 봤는데도 재미없다ㅠㅠ 포스터보면 뭔가 있을듯하지만 뭔가 부족하고 비어있는듯한 느낌의 영화",
    "rating": "5",
    "date": "15.01.02"
  },
  {
    "review_id": "9517988",
    "movie_id": "100953",
    "author": "lbbh****",
    "review": "아빠한테 속아서봄...",
    "rating": "1",
    "date": "14.12.26"
  },
  {
    "review_id": "9505968",
    "movie_id": "100953",
    "author": "no01****",
    "review": "아들놈은 끝까지 아빠한테 미안한 감정 없어..ㅠ 소재가 신선했는데 영화 자체는 메시지도 모호하고 스토리가 짜임새 있지 않은 것 같다.",
    "rating": "4",
    "date": "14.12.24"
  },
  {
    "review_id": "9503253",
    "movie_id": "100953",
    "author": "lasv****",
    "review": "딸래미 진짜 ㅋㅋㅋ 와 보다가 암걸릴뻔",
    "rating": "1",
    "date": "14.12.23"
  },
  {
    "review_id": "9495270",
    "movie_id": "100953",
    "author": "hong****",
    "review": "모두들 아들 개쒜리개쒜리 하면서 보셨죠? 본격 암걸리는 영화",
    "rating": "1",
    "date": "14.12.21"
  },
  {
    "review_id": "9479438",
    "movie_id": "100953",
    "author": "1023****",
    "review": "아무리 영화라지만....",
    "rating": "5",
    "date": "14.12.16"
  },
  {
    "review_id": "9479363",
    "movie_id": "100953",
    "author": "youn****",
    "review": "부모 말 정말 안 듣는 철 없는 두 아들, 딸뇬때문에... 한 가정이 파탄나는 영화ㅋ",
    "rating": "2",
    "date": "14.12.16"
  },
  {
    "review_id": "9454031",
    "movie_id": "100953",
    "author": "dntn****",
    "review": "설정은 좋았으나 아들때문에 열받았던 영화. 결말은 또 뭐고.. 더이상의 살육은 없대ㅋㅋ눈앞에 지를 죽이려는 년놈들이 있는데 ㅡㅡㅋ 말도 안되는 전개들로 시간이 갈수록 힘이 빠진다.",
    "rating": "5",
    "date": "14.12.07"
  },
  {
    "review_id": "9450621",
    "movie_id": "100953",
    "author": "ps16****",
    "review": "처음으로 등록한다 쓰레기...",
    "rating": "1",
    "date": "14.12.06"
  },
  {
    "review_id": "9445046",
    "movie_id": "100953",
    "author": "dssm****",
    "review": "인간의 억눌린 욕구및 그해소를 물질 만능주의와 결합해서 결국 유지되는 부정적인 사회 모습을  소재로했으나 그로인한 범죄율 감소? 오히려 모든걸 한순간에 잃어 복수에 미쳐 날뛰는자들이더많을듯.",
    "rating": "2",
    "date": "14.12.04"
  },
  {
    "review_id": "9442421",
    "movie_id": "100953",
    "author": "kick****",
    "review": "연출 시나리오 연기등등 소재를 제외한 어느것 하나 멍청하지않은 것이 없는 영화감독은 이런영화를 만들어냈다는 자괴감이 들 법하지만더 무서운 사실은 북미에서의 흥행에 힘입어 2편까지만들어졌다는 것..근 몇년간 최악!! 에단호크가 아깝다",
    "rating": "1",
    "date": "14.12.03"
  },
  {
    "review_id": "9442380",
    "movie_id": "100953",
    "author": "gogo****",
    "review": "1점도아깝다 욕만나온다",
    "rating": "1",
    "date": "14.12.03"
  },
  {
    "review_id": "9442235",
    "movie_id": "100953",
    "author": "prou****",
    "review": "내생에첨으로 관람후기쓴다쓰레기같은영화. 아들새끼 때문에영화보기힘들었고 엄마하고딸도 이해할수없다. 지들이죽는다는데끝까지도덕 차리고있더라 아들.아내.딸로인해 아비가 어떤상황에쳐햇는지 눈똑바로뜨고봐라  내인생최고의 쓰레기영화",
    "rating": "1",
    "date": "14.12.03"
  },
  {
    "review_id": "9425503",
    "movie_id": "100953",
    "author": "peop****",
    "review": "논리를 찾아 보기 어려운 영화.",
    "rating": "2",
    "date": "14.11.27"
  },
  {
    "review_id": "9425462",
    "movie_id": "100953",
    "author": "akas****",
    "review": "어랏~평점이 넘 낮다....이런 신선한소재의 영화를 넘 과소평가 한 듯...나름 스릴있었고 정말 신선했다.",
    "rating": "9",
    "date": "14.11.27"
  },
  {
    "review_id": "9422622",
    "movie_id": "100953",
    "author": "yoyo****",
    "review": "2부터보고 괜찮아서 1본건데ㅋㅋㅋ에단호크한테 똥을 준 시나리오ㅋㅋ흑인 살려주고 아빠 죽으니 만족하나? 암걸릴것같다는 말ㅇ싢어하는데 아들딸이 왠수임ㅜㅜ마누라도 만만치않고",
    "rating": "1",
    "date": "14.11.26"
  },
  {
    "review_id": "9421532",
    "movie_id": "100953",
    "author": "cact****",
    "review": "밀폐된 공간 영화로썬 괜찮은 영화. 사람을 돈으로 값을 매기는 폐해의 단면을 보여줌",
    "rating": "7",
    "date": "14.11.25"
  },
  {
    "review_id": "9418819",
    "movie_id": "100953",
    "author": "ny_m****",
    "review": "아들 새끼 생긴것부터 존나 죽여버리고 싶게 생겼어. 기집애같이 머리 기른것부터. 딸년은 남친이랑 애정행각 벌이느라 부모는 안중에도 없고. 게임 시작하자마자 자식들부터 죽였어야 함.",
    "rating": "2",
    "date": "14.11.24"
  },
  {
    "review_id": "9417010",
    "movie_id": "100953",
    "author": "kjk9****",
    "review": "아들자식때문에 답답한건 사실이지만, 영화 자체는 잼있고 흥미롭다. 신선한 소재의 영화.",
    "rating": "8",
    "date": "14.11.24"
  },
  {
    "review_id": "9410933",
    "movie_id": "100953",
    "author": "sygo****",
    "review": "지금의 이 평점은 관람객들이 자식들에 대한 분노를 표출한 것임.",
    "rating": "6",
    "date": "14.11.22"
  },
  {
    "review_id": "9398768",
    "movie_id": "100953",
    "author": "mjap****",
    "review": "해외는 무쉰;;상황을 전세계로 생각하고 보면 될꺼아냐.영화를 현실적으로 생각하노..영화는 영화인디 호군가",
    "rating": "7",
    "date": "14.11.18"
  },
  {
    "review_id": "9389123",
    "movie_id": "100953",
    "author": "psy6****",
    "review": "소재는 신선했고 킬링용으로 괜찮았다. 총이랑 석궁같은 원거리 무기 두고 소방용 도끼나 마체테 들고 왔다갔다하는게 웃음 포인트.",
    "rating": "6",
    "date": "14.11.16"
  },
  {
    "review_id": "9376810",
    "movie_id": "100953",
    "author": "fora****",
    "review": "소재는 저 위에 있으나 각본과 연출은 시궁창",
    "rating": "3",
    "date": "14.11.13"
  },
  {
    "review_id": "9363584",
    "movie_id": "100953",
    "author": "good****",
    "review": "마지막 순간까지 지칠 줄 모르는 영화...",
    "rating": "10",
    "date": "14.11.09"
  },
  {
    "review_id": "9363579",
    "movie_id": "100953",
    "author": "enig****",
    "review": "새로운 소재라서 좋았다. 근데 애시당초 전혀 논리적이지 않은  소재라 전개자체도 억지일 수 밖에없다. 새로웠기에 7점.",
    "rating": "7",
    "date": "14.11.09"
  },
  {
    "review_id": "9346373",
    "movie_id": "100953",
    "author": "mski****",
    "review": "아무리 영화지만 미국넘들 별 희안한 법을 다 만들어서 버지데이 12시간동안 병원 소방서 모든 관공시설 운영안하고 버지데이 끝나면 온통 시체 환다들로 난릴텐데 1년 예산 버지데이 끝난 다음날  다  쏟아 붓겠네.  범죄율 1%라도 난 싫다 저런 세상.",
    "rating": "5",
    "date": "14.11.06"
  },
  {
    "review_id": "9342286",
    "movie_id": "100953",
    "author": "tong****",
    "review": "나름 볼만했다.아들녀석과 함께 봤던 더퍼지 요건 특히 밤에봐야 제격인 영화인것 같다.",
    "rating": "7",
    "date": "14.11.05"
  },
  {
    "review_id": "9340150",
    "movie_id": "100953",
    "author": "qudw****",
    "review": "6점이적당 그냥 속터진다고 무조건1점주진말자 짜증나고 답답한만큼 몰입은잘됨 느낌부터우중충하고 기분나쁜아들새1끼 병걸린 전형적반항미국딸내미 상황에따라급변하는이중인격자 엄마 그속에 불쌍하고 용감한가장",
    "rating": "6",
    "date": "14.11.04"
  },
  {
    "review_id": "9337869",
    "movie_id": "100953",
    "author": "ehwj****",
    "review": "2편이 더 재미있는듯..1편은 좀 아들때문에 좀 짜증이 나네 이해  못하는건 아니지만",
    "rating": "5",
    "date": "14.11.02"
  },
  {
    "review_id": "9335604",
    "movie_id": "100953",
    "author": "didr****",
    "review": "자녀 교육의 중요성을 깨달았다",
    "rating": "1",
    "date": "14.11.02"
  },
  {
    "review_id": "9328322",
    "movie_id": "100953",
    "author": "wind****",
    "review": "너무 억지스런 설정이라 공감이 안간다",
    "rating": "5",
    "date": "14.10.30"
  },
  {
    "review_id": "9328237",
    "movie_id": "100953",
    "author": "toha****",
    "review": "괜찮은 소재. 등장인물들의 답답한 행동은 별로 였다.",
    "rating": "6",
    "date": "14.10.30"
  },
  {
    "review_id": "9317403",
    "movie_id": "100953",
    "author": "dbsg****",
    "review": "재활용 할 수 없는 쓰레기같은 영화 돈주고안본게 천만 다행이다 휴",
    "rating": "1",
    "date": "14.10.26"
  },
  {
    "review_id": "9316243",
    "movie_id": "100953",
    "author": "radi****",
    "review": "독특한 아이디어와 설정 그러나 더딘 진행으로 지루한 감이 있다",
    "rating": "5",
    "date": "14.10.25"
  },
  {
    "review_id": "9311986",
    "movie_id": "100953",
    "author": "snh3****",
    "review": "초반에 아들,딸 존나싸대기 때려서 어디다 묶어놨어야한다!",
    "rating": "10",
    "date": "14.10.24"
  },
  {
    "review_id": "9311805",
    "movie_id": "100953",
    "author": "rive****",
    "review": "진짜 에단호크 가족들을 내가 죽이고  싶었다. 이도 저도 아닌 윤리지적 문제에 빠져서 암걸리게 만들고 있다",
    "rating": "5",
    "date": "14.10.24"
  },
  {
    "review_id": "9308591",
    "movie_id": "100953",
    "author": "yoto****",
    "review": "멍청하고 무모한 정의감으로 시작해 뜬금없고 어의없는 정의감으로 끝나는 졸작.  살다 살다 별 반개도 아까운 영화는 처음봄.",
    "rating": "1",
    "date": "14.10.23"
  },
  {
    "review_id": "9308428",
    "movie_id": "100953",
    "author": "7pmr****",
    "review": "개연성이 이렇게나 없는 영화는 첨 봄. 쓰래기 그 이상, 그 이하도 아님. 평점 5.0",
    "rating": "10",
    "date": "14.10.22"
  },
  {
    "review_id": "9307608",
    "movie_id": "100953",
    "author": "haha****",
    "review": "짜증나는 면이 있지만 그렇게 재미없고 형편없는 정도 까지는 아니었음 그냥 볼만함 시간때우기 용으로 괜찮아 보임",
    "rating": "7",
    "date": "14.10.22"
  },
  {
    "review_id": "9307384",
    "movie_id": "100953",
    "author": "clou****",
    "review": "아이디어는 굉장히 맘에 든다감독이 작품 쓸 때 암 걸리는 중2병 캐릭터 좀 안 넣었으면 좋겠다 1편은 아들 2편은 딸. 의견에 동의하고 싶어도 설거운 감정놀이 때문에 억지로라도 동의하기 싫어진다. 대립구도를 세우고 싶으면 냉철한 논리를 들고 왔으면.",
    "rating": "7",
    "date": "14.10.22"
  },
  {
    "review_id": "9305611",
    "movie_id": "100953",
    "author": "dhpr****",
    "review": "쓰레기중의 쓰레기영화 ...   1점도 아깝다. 먼저 개연성 부족/..딸내미는 마약한것처럼 지남친 죽고난뒤에 가만히 있으라니까 자꾸 쳐 쏘다니고. 아들내미는  \"왜 엄마아빠는 숙청 안해요?\" 하더만 나중에 흑인죽이려고 하니까 \"하지마~ ㅜㅜ\"",
    "rating": "1",
    "date": "14.10.21"
  },
  {
    "review_id": "9305391",
    "movie_id": "100953",
    "author": "yunu****",
    "review": "아버지가 싸우는 장면은 재밌는데 아들내미 너무 쓸때없이 정이 많네",
    "rating": "6",
    "date": "14.10.20"
  },
  {
    "review_id": "9305143",
    "movie_id": "100953",
    "author": "side****",
    "review": "한때 정말 좋아했던 에단 호크가 이런 졸작에  출연하다니....안타깝네",
    "rating": "1",
    "date": "14.10.20"
  },
  {
    "review_id": "9304072",
    "movie_id": "100953",
    "author": "vlai****",
    "review": "자식내미들 겁나 비뚤어진 군상으로 그려놨네. 이래 가지고 누가 감히 애를 낳을 생각을 할 수 있을까? 불쌍한 아빠.",
    "rating": "1",
    "date": "14.10.20"
  },
  {
    "review_id": "9303875",
    "movie_id": "100953",
    "author": "joer****",
    "review": "소재는 좋았으나 아들ㅅㅋ랑 딸년때문에 항암제가 절실했던 영화... 에단 호크는 무슨 죄냐 대체 ㅠㅠ",
    "rating": "4",
    "date": "14.10.20"
  },
  {
    "review_id": "9303207",
    "movie_id": "100953",
    "author": "kaze****",
    "review": "기분만 더러워진 영화...",
    "rating": "1",
    "date": "14.10.19"
  },
  {
    "review_id": "9301459",
    "movie_id": "100953",
    "author": "kazo****",
    "review": "개연성 없고 더 이상 발전없는 이야기는 그냥 버릴줄도 알아야 하는것을.. 배우들이 아깝다.",
    "rating": "2",
    "date": "14.10.19"
  },
  {
    "review_id": "9300814",
    "movie_id": "100953",
    "author": "wkdg****",
    "review": "무자식이 상팔자 한순간에 다무너졌어",
    "rating": "1",
    "date": "14.10.18"
  },
  {
    "review_id": "9298458",
    "movie_id": "100953",
    "author": "scro****",
    "review": "아들이 문열어줄때 욕하면서 끌려다가 간신히 진정하고 다시 볼려고 하는데 딸 남친이 아버지와 총격전을 하다가 남친이 총을 맞았는데 딸이 남친만 걱정하는거 보고 이건 더이상 볼필요가 없겠다 싶어서 그냥 껐습니다. 왠지 이 영화를 보면 암걸릴거같아서요",
    "rating": "1",
    "date": "14.10.17"
  },
  {
    "review_id": "9297284",
    "movie_id": "100953",
    "author": "sona****",
    "review": "이영화의 부제.1.부모님말씀을 잘듣자.2.자식이 왠수다.3.무자식 상팔자.",
    "rating": "1",
    "date": "14.10.17"
  },
  {
    "review_id": "9295985",
    "movie_id": "100953",
    "author": "bcwh****",
    "review": "신선한 자극적인 소재와 상반된 스토리의 부재",
    "rating": "5",
    "date": "14.10.16"
  },
  {
    "review_id": "9295344",
    "movie_id": "100953",
    "author": "road****",
    "review": "소재와 세계관은 좋았으나, 영화 자체는 재미 없었음. 보지 말것",
    "rating": "4",
    "date": "14.10.16"
  },
  {
    "review_id": "9294835",
    "movie_id": "100953",
    "author": "kngc****",
    "review": "소재가 참 좋은데 말야 ㅋㅋ 여튼 2편 기대~",
    "rating": "7",
    "date": "14.10.15"
  },
  {
    "review_id": "9294712",
    "movie_id": "100953",
    "author": "posk****",
    "review": "그나마 런닝타임은 짧네",
    "rating": "2",
    "date": "14.10.15"
  },
  {
    "review_id": "9293667",
    "movie_id": "100953",
    "author": "lovh****",
    "review": "오.. 소재도 좋고 몰입감도 좋고! 아들놈 보는내내 빡치네",
    "rating": "8",
    "date": "14.10.15"
  },
  {
    "review_id": "9293418",
    "movie_id": "100953",
    "author": "dlfw****",
    "review": "숙청의날에 난 아들 찰리를  반드시 숙청할꺼다.",
    "rating": "10",
    "date": "14.10.15"
  },
  {
    "review_id": "9290950",
    "movie_id": "100953",
    "author": "kiki****",
    "review": "철없는 중고딩의 막장을 제대로 보여준 영화",
    "rating": "5",
    "date": "14.10.14"
  },
  {
    "review_id": "9290794",
    "movie_id": "100953",
    "author": "kblu****",
    "review": "보는내내 자식들 쏴죽이고 싶었음 특히 아들놈 ㅡㅡㅋㅋ",
    "rating": "4",
    "date": "14.10.13"
  },
  {
    "review_id": "9290736",
    "movie_id": "100953",
    "author": "tjfl****",
    "review": "말도 안되는 설정이다..더 퍼지같은 정책이 생겨나면 빈곤층보다 상류층이 더 죽어나가고 피해볼텐데 무슨 빈곤층이 죽어나가냐?",
    "rating": "3",
    "date": "14.10.13"
  },
  {
    "review_id": "9289137",
    "movie_id": "100953",
    "author": "cook****",
    "review": "몰입감 높고 재밌었어요~  그럴싸 했음",
    "rating": "8",
    "date": "14.10.13"
  }
]