[
  {
    "review_id": "8366842",
    "movie_id": "100934",
    "author": "hhan****",
    "review": "무대는 좋았으나 역시 야외무대의 한계 때문인지 음향이 좋지는 않더라고요",
    "rating": "9",
    "date": "14.01.10"
  },
  {
    "review_id": "7265490",
    "movie_id": "100934",
    "author": "huni****",
    "review": "오늘 메가박스 킨택스에서 관람했는데기존의 오페라와 다른 매력이 있었다.환상적인 음악 ,배우들의  디테일한 연기너무너무 눈과 귀와 가슴이 풍요로웠던 하루였다.강추",
    "rating": "10",
    "date": "13.02.14"
  },
  {
    "review_id": "7258471",
    "movie_id": "100934",
    "author": "yang****",
    "review": "좋다..이런거",
    "rating": "8",
    "date": "13.02.13"
  },
  {
    "review_id": "7250589",
    "movie_id": "100934",
    "author": "moni****",
    "review": "무대장치가압권마라의 흉상을 무대에 설치하고다양한 장치들을 이용하여수변무대의 장점을 극대화함노래너무잘부르고의상도 너무다양하다미리 스토리를알고가면좋을듯하다오페라좋아하시분 꼭보세요",
    "rating": "10",
    "date": "13.02.11"
  },
  {
    "review_id": "7226164",
    "movie_id": "100934",
    "author": "king****",
    "review": "어서와 별점테러는 처음이지?",
    "rating": "1",
    "date": "13.02.04"
  },
  {
    "review_id": "7175832",
    "movie_id": "100934",
    "author": "baks****",
    "review": "무엇보다 여배우의 거대한 가슴에 아낌없이 평점10점만점을 주고,또 주고 싶다.(웃음)솔직히 세트장도 정말로 인상적.우리나라에선 죽었다 깨어나도 생각해 볼수 없는,탁월한 발상의 무대장치와세트에 경탄과 찬사를 보냅니다.정말 차원이 다르다는말로도 부족하군요",
    "rating": "10",
    "date": "13.01.26"
  },
  {
    "review_id": "7166122",
    "movie_id": "100934",
    "author": "mica****",
    "review": "특히 인상적인 무대장치가 인상적이였습니다.",
    "rating": "9",
    "date": "13.01.24"
  },
  {
    "review_id": "7158499",
    "movie_id": "100934",
    "author": "they****",
    "review": "아 요즘 진짜 세상 좋아졌네요 내 평생 이 공연을 일케 편하게 보다니.. 카르멘도 엄청 감명깊게 보구 자리에서 못일어났는데 이건 뭐.. 대박입니당",
    "rating": "10",
    "date": "13.01.23"
  },
  {
    "review_id": "7158460",
    "movie_id": "100934",
    "author": "bric****",
    "review": "31일 예약했는데 완전 기대됩니다! 정말 꼭 보고싶었던 건데..기대만땅이네요!ㅋ^^",
    "rating": "10",
    "date": "13.01.23"
  },
  {
    "review_id": "7158423",
    "movie_id": "100934",
    "author": "orch****",
    "review": "공연을 좋아한다면, 음악을 좋아한다면, 무대를 좋아한다면 이 정도는 봐야합니다!!!!!",
    "rating": "10",
    "date": "13.01.23"
  },
  {
    "review_id": "7158312",
    "movie_id": "100934",
    "author": "s169****",
    "review": "죽기전에 꼭 봐야 할 것~! 중 하나 입니다.",
    "rating": "9",
    "date": "13.01.23"
  },
  {
    "review_id": "7149124",
    "movie_id": "100934",
    "author": "huks****",
    "review": "잼있어요.",
    "rating": "10",
    "date": "13.01.22"
  },
  {
    "review_id": "7146020",
    "movie_id": "100934",
    "author": "ands****",
    "review": "지난토욜 코엑스 메가박스에서 관람,, 아이다 본 이후 최고 기대작이었는데, 기대를 저버리지 않음. 솔직히 강추, 브레겐츠 함 가보고싶당...!",
    "rating": "10",
    "date": "13.01.22"
  },
  {
    "review_id": "7141285",
    "movie_id": "100934",
    "author": "tkda****",
    "review": "재밌어요",
    "rating": "10",
    "date": "13.01.21"
  },
  {
    "review_id": "7140786",
    "movie_id": "100934",
    "author": "gbns****",
    "review": ".",
    "rating": "10",
    "date": "13.01.21"
  },
  {
    "review_id": "7137140",
    "movie_id": "100934",
    "author": "jyna****",
    "review": "어서와 ! 오스트리아영화는처음이지? (저 포스트 동상의 표정)",
    "rating": "1",
    "date": "13.01.20"
  },
  {
    "review_id": "7133216",
    "movie_id": "100934",
    "author": "pedr****",
    "review": "10점 영화기 만들기 작전!",
    "rating": "10",
    "date": "13.01.19"
  },
  {
    "review_id": "7132214",
    "movie_id": "100934",
    "author": "kdh4****",
    "review": "10점 영화 만들기 작전",
    "rating": "10",
    "date": "13.01.19"
  }
]