[
  {
    "review_id": "10151889",
    "movie_id": "100951",
    "author": "gugi****",
    "review": "...!..!...",
    "rating": "1",
    "date": "15.07.27"
  },
  {
    "review_id": "10141196",
    "movie_id": "100951",
    "author": "dltm****",
    "review": "지구의 종말 이라는 컨셉으로 이야기를 만들어주었는데 보는내내 긴장감에 휩싸였었고 더불어 실제로 이런일이 생긴다면 우린 어떻게 해야할까 생각이 들었던 영화였다.",
    "rating": "10",
    "date": "15.07.25"
  },
  {
    "review_id": "10016256",
    "movie_id": "100951",
    "author": "tort****",
    "review": "비맞아서 여주 OOO보이던데 왜12세에요??ㅋㅋ",
    "rating": "3",
    "date": "15.06.20"
  },
  {
    "review_id": "10010413",
    "movie_id": "100951",
    "author": "baik****",
    "review": "왜 별 0개는 없는거죠? 유플릭스로 봣는데 평점 1이 되어잇길래 살짝 불안햇는데 초반에 해일이 자동차 덮치는 장면 CG보고선 딱 감이 왓음 ㅠㅠ 살다 살다 이런 영화 처음임 ㅠㅠ",
    "rating": "1",
    "date": "15.06.18"
  },
  {
    "review_id": "9955370",
    "movie_id": "100951",
    "author": "ing0****",
    "review": "늬들이 잘못봐놓고 올레tv탓하지마;",
    "rating": "1",
    "date": "15.05.27"
  },
  {
    "review_id": "9946430",
    "movie_id": "100951",
    "author": "nava****",
    "review": "최악이다....,....",
    "rating": "1",
    "date": "15.05.24"
  },
  {
    "review_id": "9855085",
    "movie_id": "100951",
    "author": "hseo****",
    "review": "최악,  1점도  아까운  영화",
    "rating": "1",
    "date": "15.04.20"
  },
  {
    "review_id": "9757938",
    "movie_id": "100951",
    "author": "klhn****",
    "review": "영화부류. Sf.판타지 ㅋㅋㅋ 판타지소설을 모티브로한 판탄지내용을 첨부한 말그대로 판타지영화",
    "rating": "1",
    "date": "15.03.05"
  },
  {
    "review_id": "9723548",
    "movie_id": "100951",
    "author": "0176****",
    "review": "쓰레기 영화. 보지마세요",
    "rating": "1",
    "date": "15.02.21"
  },
  {
    "review_id": "9645030",
    "movie_id": "100951",
    "author": "tod_****",
    "review": "재밋게 봣습니다 ㅎㅎ밑에 1점주는 사람들은 죄다 알바인거같네여",
    "rating": "10",
    "date": "15.01.28"
  },
  {
    "review_id": "9607479",
    "movie_id": "100951",
    "author": "gksx****",
    "review": "졸라재밋네 올레티비 돈내나라",
    "rating": "1",
    "date": "15.01.18"
  },
  {
    "review_id": "9585951",
    "movie_id": "100951",
    "author": "leed****",
    "review": "노아는 무슨 찟긴데는 은박지 꾸겨놓고 아주 최악의 영화임.내 4000원!!!고치는건 불빛으로 하나 건드리고 다 고침...뭐지",
    "rating": "1",
    "date": "15.01.11"
  },
  {
    "review_id": "9549483",
    "movie_id": "100951",
    "author": "mkt1****",
    "review": "볼만한데....다들 왜 이렇게 흥분하는겨 ㅋㅋ",
    "rating": "7",
    "date": "15.01.02"
  },
  {
    "review_id": "9536249",
    "movie_id": "100951",
    "author": "asd9****",
    "review": "내 생애 최고의 영화, 추천 안합니다.",
    "rating": "1",
    "date": "14.12.29"
  },
  {
    "review_id": "9471797",
    "movie_id": "100951",
    "author": "m348****",
    "review": "절대 안보시는것이 ..ㅠㅠ",
    "rating": "1",
    "date": "14.12.13"
  },
  {
    "review_id": "9466587",
    "movie_id": "100951",
    "author": "esaj****",
    "review": "매우 판타스틱~! 했던 영화이다. 기독교 입장에서 보면 장말 망작이지만 노아의 성경이 야기를 아는 비기독교인이 보았을때는 상당히 새로운 시각이였고 지극히 인간적이였다. 하지만 종교적인 것을 소재로 삼아 해당 종교에 태클을 거는 감독의 의도는 잘못됬다.",
    "rating": "10",
    "date": "14.12.11"
  },
  {
    "review_id": "9463861",
    "movie_id": "100951",
    "author": "pana****",
    "review": "예고편만으로 영화가 보인다.",
    "rating": "1",
    "date": "14.12.10"
  },
  {
    "review_id": "9444184",
    "movie_id": "100951",
    "author": "dazy****",
    "review": "알바에요.재미쪄요",
    "rating": "10",
    "date": "14.12.03"
  },
  {
    "review_id": "9435358",
    "movie_id": "100951",
    "author": "whdb****",
    "review": "진심 왜만든 영화냐 그냥 내려라",
    "rating": "1",
    "date": "14.11.30"
  },
  {
    "review_id": "9401096",
    "movie_id": "100951",
    "author": "pen2****",
    "review": "좋아요 감사합니다~^^",
    "rating": "10",
    "date": "14.11.19"
  },
  {
    "review_id": "9389403",
    "movie_id": "100951",
    "author": "azus****",
    "review": "엔딩이 아쉽지만 난 좋았네요",
    "rating": "10",
    "date": "14.11.16"
  },
  {
    "review_id": "9275995",
    "movie_id": "100951",
    "author": "ojk3****",
    "review": "ㅠ 1점도 아깝다 진짜 ㅠㅠ   솔직히 내 점수는 0.01 최악의 영화",
    "rating": "1",
    "date": "14.10.08"
  },
  {
    "review_id": "9272759",
    "movie_id": "100951",
    "author": "821d****",
    "review": "Btv가 나한테 똥을줬어 똥을줬다고ㅡㅡ",
    "rating": "1",
    "date": "14.10.07"
  },
  {
    "review_id": "9252453",
    "movie_id": "100951",
    "author": "ange****",
    "review": "완전쓰레기영화임 그래픽 다 티남 노아 볼 시간에 목욕 하고  세 수하고 자는게남",
    "rating": "1",
    "date": "14.10.01"
  },
  {
    "review_id": "9249712",
    "movie_id": "100951",
    "author": "feel****",
    "review": "역시 사이비종교인이 만든 영화와 하나님이 만든 영화의 차이는 여기서 나타나는 듯 노아는 쓰레기 영화.. 내용도 성경과 무관함",
    "rating": "1",
    "date": "14.09.29"
  },
  {
    "review_id": "9244269",
    "movie_id": "100951",
    "author": "tac2****",
    "review": "평점 보고봤어야 하는데  저만 느끼는게 아니네요.. 정말 허접스런 CG ㅋㅋ",
    "rating": "1",
    "date": "14.09.27"
  },
  {
    "review_id": "9243479",
    "movie_id": "100951",
    "author": "oio4****",
    "review": "진짜 영화좋아해서 봣던거30번도더넘게보는편인데...  이건뭐..정말시간낭비..내와인낭비..(영화보면서 와인마시는거좋아해서~^^) 일단 영상.그래픽티팍팍그리고 그 사각턱진여자 연기 ㅎㄷㄷ..내평생에이런영화는첨임~ 2012따라하고파안달인데 새발에피도안됨",
    "rating": "1",
    "date": "14.09.27"
  },
  {
    "review_id": "9241538",
    "movie_id": "100951",
    "author": "dear****",
    "review": "와 살다살다 이렇게질떨어진 허접나부랭이를봣나.이딴걸 인기영화라고올려논 올레티비 양아치짓보소",
    "rating": "1",
    "date": "14.09.26"
  },
  {
    "review_id": "9241065",
    "movie_id": "100951",
    "author": "yuji****",
    "review": "올레티비로 보구있다.보다가 어처구니없어서 평점보러왔다.아~c 쓰레기네..",
    "rating": "1",
    "date": "14.09.25"
  },
  {
    "review_id": "9223448",
    "movie_id": "100951",
    "author": "jbch****",
    "review": "이게무슨영화에요ㅋㅋCG개떡같이해놈ㅋㅋㅋㅋ이거진심보지마세요돈아까워요",
    "rating": "1",
    "date": "14.09.18"
  },
  {
    "review_id": "9221244",
    "movie_id": "100951",
    "author": "nikk****",
    "review": "이걸 영화라고나참어이가없어 내가본영화들중에 가장최악이거  올레tv이걸인기영화라고  돈만 빼먹는놈들내8000천원 어캐할거임?  어떠게1960년대 영화보다못하냐?배우들도 연기가 어설프고 실망입니다.",
    "rating": "1",
    "date": "14.09.17"
  },
  {
    "review_id": "9220884",
    "movie_id": "100951",
    "author": "qkrw****",
    "review": "낚인건가 말만 노아구나",
    "rating": "1",
    "date": "14.09.17"
  },
  {
    "review_id": "9219904",
    "movie_id": "100951",
    "author": "thou****",
    "review": "열받네 올레티비....장난하나",
    "rating": "1",
    "date": "14.09.16"
  },
  {
    "review_id": "9198491",
    "movie_id": "100951",
    "author": "mzhe****",
    "review": "별 ㅈㄴ아까움 0점 없음?",
    "rating": "1",
    "date": "14.09.10"
  },
  {
    "review_id": "9197737",
    "movie_id": "100951",
    "author": "paig****",
    "review": "노아 짝퉁 아 정말짜증나 만화영화도 이보단 낫겠다...",
    "rating": "1",
    "date": "14.09.10"
  },
  {
    "review_id": "9188813",
    "movie_id": "100951",
    "author": "kore****",
    "review": "최악의쓰레기영화.아 짜증..",
    "rating": "1",
    "date": "14.09.09"
  },
  {
    "review_id": "9178599",
    "movie_id": "100951",
    "author": "dlfd****",
    "review": "스카이에서 하길래 볼라고했거든 근데 혹시나 재미없으면 어쩌나했는데 ㅋㅋㅋ안보길잘햇다 휴 ㅋ",
    "rating": "2",
    "date": "14.09.07"
  },
  {
    "review_id": "9177184",
    "movie_id": "100951",
    "author": "phj_****",
    "review": "어이~~쿡TV 양반들~~^^ 내 돈 돌리도 씨 부 럴....3류도 이런 3류가 있나..인기영화라고???완전 3류 에로영화보다도 못하네..혹시 느그들 빵 좋아하냐??죽 빵 한대씩 줄까?",
    "rating": "1",
    "date": "14.09.07"
  },
  {
    "review_id": "9173898",
    "movie_id": "100951",
    "author": "susi****",
    "review": "하하하하.... 시대에 뒤떨어지는 CG 배역들.. 다.. 완젼 저급영화... 시작부터 CG를 발로 했네 ㅋㅋ 아...",
    "rating": "1",
    "date": "14.09.06"
  },
  {
    "review_id": "9169147",
    "movie_id": "100951",
    "author": "jeon****",
    "review": "진짜 완전 쓰레기영화ㅡㅡ 연기도 드럽게 못하고 CG도 어설프고 모든게 최악임",
    "rating": "1",
    "date": "14.09.05"
  },
  {
    "review_id": "9157551",
    "movie_id": "100951",
    "author": "msga****",
    "review": "별하나도 아까울 영화임 처음부터 너무 이상해서 검색해보니 낚인거네 ㅠㅠ 영화제목잘확인해보고 영화봅시다 4,000원아깝다",
    "rating": "1",
    "date": "14.09.03"
  },
  {
    "review_id": "9156869",
    "movie_id": "100951",
    "author": "rksu****",
    "review": "아 별점도 주기 아깝네 아놔 연기초딩도 아니고 보다가 코미디인가 착각했네  kt왜 이걸 인기에 올린거냐 아 돈아까워 이런연기 나도 하겠다",
    "rating": "1",
    "date": "14.09.03"
  },
  {
    "review_id": "9156326",
    "movie_id": "100951",
    "author": "umin****",
    "review": "이쓰레기를 재미있게보는방법은 진득허니 아무생각없이 멍때리고보다가 스마트폰으로 노아에평점괴 댓글을보시면 쓰러집니다 ㅋㅋㅋ 역시 돈은 이렇게버는거야 나도 낚인 1인 ㅋㅋㅋ",
    "rating": "10",
    "date": "14.09.02"
  },
  {
    "review_id": "9156300",
    "movie_id": "100951",
    "author": "zxc0****",
    "review": "미치겠다 엉엉 영화보믄서 언제끝나냐 기다린건첨이네 70년대 영화만들었냐  내4000원 ㅠㅠ",
    "rating": "9",
    "date": "14.09.02"
  },
  {
    "review_id": "9155928",
    "movie_id": "100951",
    "author": "sliv****",
    "review": "우리나라 영화가 그래도 잘 만들고 잇는거구나..",
    "rating": "10",
    "date": "14.09.02"
  },
  {
    "review_id": "9155414",
    "movie_id": "100951",
    "author": "vlzk****",
    "review": "아놔 올레티비 결제해서 보고 있는데 무표정으로 보고 있음 ㅋㅋㅋ 너무 기댈 한것도 있지만 이건 뭐...왜 평점부터 찾아보지 않았나 후회하고 있음 ..이게 인기영화라고????이런 못된 올레티비 같으니라고!!!!",
    "rating": "1",
    "date": "14.09.02"
  },
  {
    "review_id": "9155125",
    "movie_id": "100951",
    "author": "rlaa****",
    "review": "ㅋㅋㅋㅋ미치겠다진짴ㅋㅋㅋ 노아의방주 그건줄알고 노아 제목만보고 결제햇는데 망할..낚였네ㅜㅜ 아 잿이똥도 읍당ㅜㅜㅡ",
    "rating": "1",
    "date": "14.09.02"
  },
  {
    "review_id": "9154774",
    "movie_id": "100951",
    "author": "love****",
    "review": "스토리를 지멋대로 만들면서 이렇게 재미없게 만드니? 노아가 살인자야..ㅋㅋㅋㅋ",
    "rating": "1",
    "date": "14.09.02"
  },
  {
    "review_id": "9153958",
    "movie_id": "100951",
    "author": "thdw****",
    "review": "사천원 날릴뻔했네요 희생하신분들 감사합니다ㅋㅋ",
    "rating": "1",
    "date": "14.09.01"
  },
  {
    "review_id": "9152536",
    "movie_id": "100951",
    "author": "itli****",
    "review": "올레티비 비티비등 보실때는 반드시 평점확인을 해야함을 깨달으실꺼에요^^",
    "rating": "1",
    "date": "14.09.01"
  },
  {
    "review_id": "9152085",
    "movie_id": "100951",
    "author": "zinj****",
    "review": "올레순위 8위라니 기적이다.나도 영화 하나 찍어야 겠네..명량: 겨울병정",
    "rating": "1",
    "date": "14.08.31"
  },
  {
    "review_id": "9151648",
    "movie_id": "100951",
    "author": "rlat****",
    "review": "와어이없어서말도안나오냌ㅋㄱㄲㄱ자다가물따귀맞은기분ㅋㄱㅋ별점1개도사치다ㅋㄲ",
    "rating": "1",
    "date": "14.08.31"
  },
  {
    "review_id": "9151246",
    "movie_id": "100951",
    "author": "kjk5****",
    "review": "내 생애 가장 허접한 영화가 아닐까 싶다.",
    "rating": "1",
    "date": "14.08.31"
  },
  {
    "review_id": "9151170",
    "movie_id": "100951",
    "author": "c988****",
    "review": "이거 별  빵게 없냐??올레 한테 돈 기부 했다이 돈 먹고 고객만족 좀 시켜라이딴 영화 탑에 올리지 마라내가 봤을땐 탑3였는데 이젠 탑2됬더랔ㅋ",
    "rating": "1",
    "date": "14.08.31"
  },
  {
    "review_id": "9149689",
    "movie_id": "100951",
    "author": "kiss****",
    "review": "그냥 안보는게 이득 ...",
    "rating": "1",
    "date": "14.08.31"
  },
  {
    "review_id": "9148381",
    "movie_id": "100951",
    "author": "abc2****",
    "review": "주겨버리거써...진짜 짜증..1일부터40일까지 계속 재미없이 40일까지 갑니다..이렇게 길고 재미없는 영화처음 봄 내돈내놔..영화보다 다 잠들었음",
    "rating": "1",
    "date": "14.08.31"
  },
  {
    "review_id": "9147923",
    "movie_id": "100951",
    "author": "jihy****",
    "review": "돈내고보기아깝네..옛날에만든영화인줄",
    "rating": "1",
    "date": "14.08.30"
  },
  {
    "review_id": "9147682",
    "movie_id": "100951",
    "author": "7853****",
    "review": "별점하나주기도아깝네요",
    "rating": "1",
    "date": "14.08.30"
  },
  {
    "review_id": "9146118",
    "movie_id": "100951",
    "author": "wons****",
    "review": "돈아깝구 시간아깝네6~70년대 그래픽에 배우들 연기두 그렇구심형래가 백배낳네",
    "rating": "1",
    "date": "14.08.30"
  },
  {
    "review_id": "9145060",
    "movie_id": "100951",
    "author": "jets****",
    "review": "보다가 스킵했음 말로 떼우는 연극보는거같네  잘못클릭해서 돈날렸네 내 3500 원 100원도아깝다",
    "rating": "1",
    "date": "14.08.30"
  },
  {
    "review_id": "9144695",
    "movie_id": "100951",
    "author": "kbx4****",
    "review": "야이 올레티비 진짜 이런식으로 사기치냐이러다 한방에 훅간다 아오 진짜",
    "rating": "1",
    "date": "14.08.30"
  },
  {
    "review_id": "9144258",
    "movie_id": "100951",
    "author": "cwg9****",
    "review": "개노잼 비가완전이상하케옴보지마요",
    "rating": "1",
    "date": "14.08.29"
  },
  {
    "review_id": "9143189",
    "movie_id": "100951",
    "author": "love****",
    "review": "와 겁나 재밋음ㅎㅎㅎ태어 나서 이런 허접한 영화는 첨봄대박일세...cg처리가 아주 그냥 확 그냥스토리가 스릴...하나도 없고연기는 일반인들 모아서 한듯? 존나 어색해",
    "rating": "10",
    "date": "14.08.29"
  },
  {
    "review_id": "9142361",
    "movie_id": "100951",
    "author": "dong****",
    "review": "당황스럽군;;;올레tv 나도 낚였고 / 공짜라고 해도 화내면서 안 볼 / 미취학아동용 / KT 쓰레기!! /",
    "rating": "1",
    "date": "14.08.29"
  },
  {
    "review_id": "9142353",
    "movie_id": "100951",
    "author": "chae****",
    "review": "아..진짜 러셀크로우 나오는 영화인줄..낚였네요ㅠㅠ",
    "rating": "1",
    "date": "14.08.29"
  },
  {
    "review_id": "9141802",
    "movie_id": "100951",
    "author": "ksat****",
    "review": "아 OO 로그인 해보긴 첨이네 ㅡㅡ 이게 왜 2위??",
    "rating": "1",
    "date": "14.08.28"
  },
  {
    "review_id": "9141475",
    "movie_id": "100951",
    "author": "bbo7****",
    "review": "올래티비 낚이지마세요짜증 납니다 ㅜㅜ",
    "rating": "1",
    "date": "14.08.28"
  },
  {
    "review_id": "9140072",
    "movie_id": "100951",
    "author": "kyo5****",
    "review": "완전 저질이네요 이런b급 영화는 만들지 마시길...",
    "rating": "1",
    "date": "14.08.28"
  },
  {
    "review_id": "9140005",
    "movie_id": "100951",
    "author": "jeeu****",
    "review": "CG는 물론 내용까지 말도안나옴 대박임 그냥 그림판으로 만든 영화인듯 태풍부는데 햇빛은 왜이리찜 몸은 하나도 안젖고 비오는 효과는 왜이리 허접 인류멸망할지 모른다는데 연기자들은 긴장감제로 진짜 내생에 이런영화 처음봄 집중이안됨 ㅠㅠ 아 발연기",
    "rating": "1",
    "date": "14.08.28"
  },
  {
    "review_id": "9139535",
    "movie_id": "100951",
    "author": "gogo****",
    "review": "올레티비로 봣는데 제대로 낚엿네요 씨지가 80년대 만화수준이고 태풍이불어서 나무가 뽑히는데 헬기는 한치의 흔들림도 없고 사람들의 머리는 젖지도 않고 왁스 발라져잇어요 ㅎㅎㅎ 아 바닥도 안젖더군 ㅎㅋㅋㅋ이게 무슨 영화여",
    "rating": "1",
    "date": "14.08.28"
  },
  {
    "review_id": "9139324",
    "movie_id": "100951",
    "author": "uest****",
    "review": "OO쓰레기 3류 졸작영화 이씨발 것 볼 86분에 발닦고 쳐자는게 낫다.",
    "rating": "1",
    "date": "14.08.28"
  },
  {
    "review_id": "9139068",
    "movie_id": "100951",
    "author": "shed****",
    "review": "옛다~~감독아4천원 적선한셈 친다.",
    "rating": "1",
    "date": "14.08.28"
  },
  {
    "review_id": "9138095",
    "movie_id": "100951",
    "author": "daki****",
    "review": "이세상 에서 최악의 영화...",
    "rating": "1",
    "date": "14.08.27"
  },
  {
    "review_id": "9137418",
    "movie_id": "100951",
    "author": "hsh3****",
    "review": "헐^^\"내살다살다 이런허접한영화는 처음~~화가다나네~이런 욕이막....짜증나짜증나",
    "rating": "1",
    "date": "14.08.27"
  },
  {
    "review_id": "9137408",
    "movie_id": "100951",
    "author": "anna****",
    "review": "쓰레기영화. 4천원 차라리 쓰레기통에 쳐박는게 낫겠어요 연기도 못하고 대사도 그지같고ㅋ스토리도 쓰레기 이건 재활용도 안됨",
    "rating": "1",
    "date": "14.08.27"
  },
  {
    "review_id": "9137398",
    "movie_id": "100951",
    "author": "rara****",
    "review": "미치도록 돈아깝고 허접해요~",
    "rating": "1",
    "date": "14.08.27"
  },
  {
    "review_id": "9137112",
    "movie_id": "100951",
    "author": "free****",
    "review": "2012를 능가하는 초특급대작 ㅋ",
    "rating": "10",
    "date": "14.08.27"
  },
  {
    "review_id": "9136786",
    "movie_id": "100951",
    "author": "hk26****",
    "review": "내 살다살다 이런 쓰레기 영화는 또 처음보네요 보는동안 내가 지금 이걸 왜 보는거지?라는 생각뿐이 안들었습니다",
    "rating": "1",
    "date": "14.08.27"
  },
  {
    "review_id": "9136638",
    "movie_id": "100951",
    "author": "cogn****",
    "review": "3분봤는대 ㅅ 4000원 이거뭐야 리뷰첨쓰네",
    "rating": "1",
    "date": "14.08.27"
  },
  {
    "review_id": "9136366",
    "movie_id": "100951",
    "author": "soo3****",
    "review": "올레티비 망해라 진짜..아 짜증남. 보다가 리모콘 던졌음..",
    "rating": "1",
    "date": "14.08.26"
  },
  {
    "review_id": "9136270",
    "movie_id": "100951",
    "author": "emi0****",
    "review": "세상에나 올레티비 너희를 믿고 이 영화를 보다니 내가 바보당 인제 무조건 순위보고 안본다 낼 고객센터 저나해서 따질려고 욕나오는거 참는다 별점 주라는데 꼭 줘야하나 주기도 실타",
    "rating": "1",
    "date": "14.08.26"
  },
  {
    "review_id": "9135418",
    "movie_id": "100951",
    "author": "aseu****",
    "review": "OO... 차라리 고질라를볼껄 ㅠㅠ",
    "rating": "1",
    "date": "14.08.26"
  },
  {
    "review_id": "9135316",
    "movie_id": "100951",
    "author": "alle****",
    "review": "노아인줄 알고 봤더니 아니였다. 이 점수도 아깝다. 내돈은 더 아깝다. CG는 30년전 기술인듯함.",
    "rating": "1",
    "date": "14.08.26"
  },
  {
    "review_id": "9134935",
    "movie_id": "100951",
    "author": "zpri****",
    "review": "여주의 꼭지말곤 볼거없는 c급영화",
    "rating": "10",
    "date": "14.08.26"
  },
  {
    "review_id": "9134041",
    "movie_id": "100951",
    "author": "dltj****",
    "review": "대 재앙이 일어났는데... 해결하는 사람이.. 6명이야ㅋ이런영화를 만들고 부끄럽지않냐 . 반성해라fuck son of the bich",
    "rating": "1",
    "date": "14.08.26"
  },
  {
    "review_id": "9133676",
    "movie_id": "100951",
    "author": "jcso****",
    "review": "올레tv수준이이것밖에안되냐?저걸영화라고올려놓고돈받아쳐먹냐?영화보는내내돈아까워서보다가욕나와서안본다인터넷당장바꿔야겠당~~",
    "rating": "1",
    "date": "14.08.25"
  },
  {
    "review_id": "9133465",
    "movie_id": "100951",
    "author": "id25****",
    "review": "허ㅡㅡ충북hcn 이것들도 진짜 ㅡㅡ 양심적으로 장사해라이딴걸 인기탑에 올려놓고 팔천원이나 받아쳐먹냐 완전 허잡 비급영화ㅡㅡ장난하냐",
    "rating": "1",
    "date": "14.08.25"
  },
  {
    "review_id": "9131294",
    "movie_id": "100951",
    "author": "yaya****",
    "review": "장난하나...이런  쓰...뤠...기!!!!",
    "rating": "1",
    "date": "14.08.25"
  },
  {
    "review_id": "9131061",
    "movie_id": "100951",
    "author": "youn****",
    "review": "개콘 끝나고 바로 봤는데, 깐죽거리 잔혹사 보다 더웃김.",
    "rating": "8",
    "date": "14.08.25"
  },
  {
    "review_id": "9130877",
    "movie_id": "100951",
    "author": "dudd****",
    "review": "저예산영화 노아 보러 오세요~~~ 헬기씬인데 세트에서 촬영합니다. 아...쓰레기노아. KT는 전체 환불처리 안해줍니까?",
    "rating": "1",
    "date": "14.08.24"
  },
  {
    "review_id": "9130404",
    "movie_id": "100951",
    "author": "jong****",
    "review": "1점도 아깝다 전대물보다 못하네",
    "rating": "1",
    "date": "14.08.24"
  },
  {
    "review_id": "9130305",
    "movie_id": "100951",
    "author": "euro****",
    "review": "이런걸 도대체 왜보냐 ㅋㅋㅋ",
    "rating": "1",
    "date": "14.08.24"
  },
  {
    "review_id": "9129866",
    "movie_id": "100951",
    "author": "hans****",
    "review": "아나!! 1점도 아깝다!! 그나마 올레티비서 8처넌 환불해준다니까 참는다!!!",
    "rating": "1",
    "date": "14.08.24"
  },
  {
    "review_id": "9129792",
    "movie_id": "100951",
    "author": "lee4****",
    "review": "ㅣ나ㄷㅐㅏㅇ나만당할순없지",
    "rating": "10",
    "date": "14.08.24"
  },
  {
    "review_id": "9129782",
    "movie_id": "100951",
    "author": "supe****",
    "review": "진심...보면 볼수록 인내심의 한계를 맛보았다..진심...진심....억울하네 아.... 괜히 본게 억울할정도다... 보고나서 모니터 부술수있다 레알",
    "rating": "1",
    "date": "14.08.24"
  },
  {
    "review_id": "9129752",
    "movie_id": "100951",
    "author": "blue****",
    "review": "이거 빵점..웃겨 죽는 줄 알았네 일부러 이렇게 만든거임? 장난이지 아마도... 진정한 F급 영화 ㅋ",
    "rating": "1",
    "date": "14.08.24"
  },
  {
    "review_id": "9129550",
    "movie_id": "100951",
    "author": "dh46****",
    "review": "살다살다 이런 영화는 첨보네요 다른분들은 속아서 보지 마시길.. 돈 아깝네요 그래픽은 1980년대 그래픽이고 스토리전개가 말로 다하네요 나참. 시간아깝네요",
    "rating": "1",
    "date": "14.08.24"
  },
  {
    "review_id": "9129045",
    "movie_id": "100951",
    "author": "wons****",
    "review": "살다살다 이런  ㅆㄹㄱ같은 영화는 첨이다..스토리는 지구는멸망해가는데 사령관은 탕비실에서커피타며 지시하고..시지는 80년대도 가능할것같고..  배우는 연기지망생들모아놨냐?? ㅋㅋㅋ 걍 영어공부한다생각했다.  올레 진짜이번건 니들이잘못했다",
    "rating": "1",
    "date": "14.08.24"
  },
  {
    "review_id": "9128964",
    "movie_id": "100951",
    "author": "vfp9****",
    "review": "올레 tv 정말 너무한다 이러지좀 말아줘요 학예회도 아니고 참 돈 돌려줘요",
    "rating": "10",
    "date": "14.08.24"
  },
  {
    "review_id": "9127888",
    "movie_id": "100951",
    "author": "leg2****",
    "review": "장난하시네요....  이걸영화라고 탑순위에 올려놓다니케이티 영화 그지 같은것만 올려놓는거 인정한두반 낚인게 아니라 억울함",
    "rating": "1",
    "date": "14.08.24"
  }
]