[
  {
    "review_id": "9586659",
    "movie_id": "100973",
    "author": "jeon****",
    "review": "''광수'역 의 편보승..여러가지 색이 보이는..앞으로가 더 기대되는 배우.제발 이상한 절차만 밟지않길...",
    "rating": "9",
    "date": "15.01.12"
  },
  {
    "review_id": "9498373",
    "movie_id": "100973",
    "author": "yuba****",
    "review": "남녀 두 주연의 과하지않게  힘을뺀 연기도 좋았고, 무엇보다 메세지가 있는 영화라 좋았다.",
    "rating": "9",
    "date": "14.12.21"
  },
  {
    "review_id": "9454469",
    "movie_id": "100973",
    "author": "hoda****",
    "review": "아...최고다..!! 임상준배우님 팬됐어요♥♥",
    "rating": "10",
    "date": "14.12.07"
  },
  {
    "review_id": "9326057",
    "movie_id": "100973",
    "author": "wnwj****",
    "review": "상업영화들보다 인디,독립영화가 더매력있고좋네요.아무튼 잘보고 갑니다..1인~~",
    "rating": "10",
    "date": "14.10.29"
  },
  {
    "review_id": "9250591",
    "movie_id": "100973",
    "author": "mirj****",
    "review": "가출! 나는 어릴 때 왜 안했지? 모르것따~ㅋㅋㅋㅋ",
    "rating": "6",
    "date": "14.09.30"
  },
  {
    "review_id": "9247914",
    "movie_id": "100973",
    "author": "gbwl****",
    "review": "아저씨 밥 좀 사주세연..",
    "rating": "10",
    "date": "14.09.29"
  },
  {
    "review_id": "9131598",
    "movie_id": "100973",
    "author": "gorj****",
    "review": "아이들을 계속해서 바라보고 따라가는 시선이 좋았다~",
    "rating": "10",
    "date": "14.08.25"
  },
  {
    "review_id": "8926683",
    "movie_id": "100973",
    "author": "jmsi****",
    "review": "사는게 돈이고 돈으로 사는세상...\"아저씨 밥좀 사주세요\"..ㅠㅠ",
    "rating": "9",
    "date": "14.07.18"
  },
  {
    "review_id": "8845923",
    "movie_id": "100973",
    "author": "cino****",
    "review": "학교에서 관람시켜주면 그들에게 도움이되지 않을까시픔.편보승이란 배우는 처음 알게 되었는데 이미지변화 폭이 참 넓은배우가 아닐까?하는 상상을해봄.저런 선한얼굴이 악역하면 더무섭던데..코믹 ,멜로도 잘어울릴것같아다양한 모습이 기대되는 배우가틈.",
    "rating": "8",
    "date": "14.06.22"
  },
  {
    "review_id": "8817422",
    "movie_id": "100973",
    "author": "zzim****",
    "review": "똥파리도 재밌게봤지만 똥파리보다 이영화가 훨씬 더 심리적표현을 잘한거같네요 정말 많은 공감이가고 스토리 연출 연기력까지 정말 10점이 아깝지않습니다 정말 잘표현해서 만들어주신영화 잘봤습니다 서지승도 서지수선수 동생이란걸 첨알았는데 연기정말 잘하시네요",
    "rating": "10",
    "date": "14.06.09"
  },
  {
    "review_id": "8787586",
    "movie_id": "100973",
    "author": "tank****",
    "review": "나는 왜 연기가 어색해 보일까....아쉽다...",
    "rating": "6",
    "date": "14.06.02"
  },
  {
    "review_id": "8773123",
    "movie_id": "100973",
    "author": "chan****",
    "review": "이런 결말이라니 ... 젠장 슬프다 ㅠ.ㅠ",
    "rating": "10",
    "date": "14.05.29"
  },
  {
    "review_id": "8766814",
    "movie_id": "100973",
    "author": "jhs1****",
    "review": "좋은 영화였습니다!!!!",
    "rating": "10",
    "date": "14.05.26"
  },
  {
    "review_id": "8765202",
    "movie_id": "100973",
    "author": "dhs1****",
    "review": "포스터랑 줄거리도 안보고 낚였다는놈들은 참... 먼생각인지",
    "rating": "6",
    "date": "14.05.25"
  },
  {
    "review_id": "8762444",
    "movie_id": "100973",
    "author": "jodi****",
    "review": "이런 영화를 통해서 가출청소년의 아픔을 조금 알수 있었네요...슬픕니다 저예산 영화지만 상당히 좋은 영화입니다 꼭들보세요",
    "rating": "8",
    "date": "14.05.25"
  },
  {
    "review_id": "8756586",
    "movie_id": "100973",
    "author": "ligh****",
    "review": "스토리의 완성도가 높지 않아 영화라기 보다는  재연 다큐 같은데, 배우들이 정말 연기를 잘해서, 그 배우들이 정말 그 처지인 것 처럼 느껴져서, 너무 불쌍하고 슬퍼지고 우울하고 안타까운 감정이 막 북받힌다.",
    "rating": "7",
    "date": "14.05.23"
  },
  {
    "review_id": "8751368",
    "movie_id": "100973",
    "author": "sinc****",
    "review": "뭐 이런거 저런거 다 따지면 볼건없는 허졉한 영화.하지만 내용만  전달하려는 영화. 그래서 더욱 더  다가오네요.이게 현실이라는 생각에 보면서 한숨만 나왔네요.",
    "rating": "10",
    "date": "14.05.21"
  },
  {
    "review_id": "8750614",
    "movie_id": "100973",
    "author": "oops****",
    "review": "평점에 속았어요....",
    "rating": "1",
    "date": "14.05.21"
  },
  {
    "review_id": "8749786",
    "movie_id": "100973",
    "author": "han3****",
    "review": "길거리에 몰린 불쌍한 아이들... 그들은 결국 그렇게 인생을 살다가 가는구나.",
    "rating": "9",
    "date": "14.05.20"
  },
  {
    "review_id": "8749623",
    "movie_id": "100973",
    "author": "kiji****",
    "review": "죽여 버린다 진짜 내 시간 ...지인끼리 서로 돌려가며 좋아요 짱박았나 진짜10점 뭐하는 짓걸이냐?아니 영화 만든건 상관없는데 10점 짱밖으면서 관객들 낚고싶냐?ㅉㅉ이게 9.0 이 넘는다니 진짜 뒷통수 몽둥이로 후두려주고 싶다.",
    "rating": "1",
    "date": "14.05.20"
  },
  {
    "review_id": "8748246",
    "movie_id": "100973",
    "author": "htcl****",
    "review": "누나다시안올거지 하는 어린기태가 애처롭고 유산을하고싶어도 돈도없고 보호자도 찾을수없는 수진의 현실에 숨이막힐 지경이다 많은사람들이 이영화 봤으면...",
    "rating": "10",
    "date": "14.05.19"
  },
  {
    "review_id": "8748229",
    "movie_id": "100973",
    "author": "zhus****",
    "review": "내평점come back home 하고싶어도 갈데가 없는 애들은 어떡하지?어린기태는 방세밀려 길바닥에 나앉게 됐는데 도움받을곳없는 임신한 수진이는 어떡하고.. 핍박에의해 가출한 청소년들 그들을 도울수 있는 복지시설들이라도 만들어야 하지않을가 싶다 ...",
    "rating": "10",
    "date": "14.05.19"
  },
  {
    "review_id": "8746973",
    "movie_id": "100973",
    "author": "cdrj****",
    "review": "겁내 불쌍하다 얘들~ 맛있는 거 많이 사 주고 싶다. 으이그 불쌍한 녀석들. 애들의 인생이 하나같이 다 들 ~참.. 안 됐네요. 내가 보살펴 주고 싶은 아이들.",
    "rating": "10",
    "date": "14.05.19"
  },
  {
    "review_id": "8740103",
    "movie_id": "100973",
    "author": "wjdd****",
    "review": "영화너무재밌게봤어요 배우들 연기가 수수하면서도 소름끼치더라구요 흥행됐으면 좋겠어요~",
    "rating": "10",
    "date": "14.05.17"
  },
  {
    "review_id": "8740096",
    "movie_id": "100973",
    "author": "moon****",
    "review": "대한민국 가출청소년들의 현실을 마주보는 계기가 되지 않았을까 합니다.",
    "rating": "8",
    "date": "14.05.17"
  },
  {
    "review_id": "8740064",
    "movie_id": "100973",
    "author": "wowg****",
    "review": "짜임새 있는 내용의 전개와 배우들의 자연스런 연기가 돋보인 영화~~",
    "rating": "10",
    "date": "14.05.17"
  },
  {
    "review_id": "8735766",
    "movie_id": "100973",
    "author": "jacs****",
    "review": "오랜만에 가슴의 울림을 받았네요^^ 잘 봤습니다.",
    "rating": "10",
    "date": "14.05.16"
  },
  {
    "review_id": "8735313",
    "movie_id": "100973",
    "author": "brya****",
    "review": "독립영화가 대세네요!",
    "rating": "9",
    "date": "14.05.16"
  },
  {
    "review_id": "8732571",
    "movie_id": "100973",
    "author": "guev****",
    "review": "사회문제가된 가출청소년에 관한 이야기를 담담하게 그려냈군",
    "rating": "6",
    "date": "14.05.15"
  },
  {
    "review_id": "8730302",
    "movie_id": "100973",
    "author": "ssun****",
    "review": "마음이 아픕니다. 가출청소년들의 실상에 대해 알게됐네요. 이야기 풀어가는 방식이 자연스럽고 좋았습니다.",
    "rating": "10",
    "date": "14.05.14"
  },
  {
    "review_id": "8730081",
    "movie_id": "100973",
    "author": "3ryu****",
    "review": "재밋네요 !  멋진배우들 ㅎㅎ",
    "rating": "10",
    "date": "14.05.14"
  },
  {
    "review_id": "8729766",
    "movie_id": "100973",
    "author": "nant****",
    "review": "극단적인 상황에 놓여지면 결국 유혹에 노출되기쉽다. 궁지로 내몰린그들을 바라보는시점의연출. 그러나 객관적인 시선역시 필요할듯. 그리고 서지승 참예쁘네^^",
    "rating": "6",
    "date": "14.05.14"
  },
  {
    "review_id": "8729397",
    "movie_id": "100973",
    "author": "qasz****",
    "review": "교복이 아닌 어른의 옷을 입고. 집과 학교가 아닌 길거리를 걸어다니고. 밥이 아닌 라면을 먹고. 하지만 그럴 수 없는. 이왕이면 밥이 먹고싶은 그들의 이야기.",
    "rating": "10",
    "date": "14.05.14"
  },
  {
    "review_id": "8728581",
    "movie_id": "100973",
    "author": "taeo****",
    "review": "이영화가 왜 흥행을 못했지? 잔잔한 스토리에 특별히 볼건 없어도  힘든 환경에서 자란 아이들의 내면을 잘 표현 했네요.. 꼭 보시기 바랍니다.. 저 또한 힘들게 자라서인지 공감이 가네요.. 밥좀 사주세요 라는 대사가 가슴을 후빕니다",
    "rating": "10",
    "date": "14.05.13"
  },
  {
    "review_id": "8727506",
    "movie_id": "100973",
    "author": "yuba****",
    "review": "come back home~",
    "rating": "10",
    "date": "14.05.13"
  },
  {
    "review_id": "8723911",
    "movie_id": "100973",
    "author": "cong****",
    "review": "우리 그러지말고... 우리집 털러갈래??",
    "rating": "10",
    "date": "14.05.11"
  },
  {
    "review_id": "8688240",
    "movie_id": "100973",
    "author": "yoon****",
    "review": "굳굳^^  뭔가뭉클한이기분....",
    "rating": "10",
    "date": "14.05.01"
  },
  {
    "review_id": "8632085",
    "movie_id": "100973",
    "author": "seun****",
    "review": "가슴한켠이 뭉클해지는 영화 꼬옥 대박나길~!!",
    "rating": "10",
    "date": "14.04.06"
  },
  {
    "review_id": "8623005",
    "movie_id": "100973",
    "author": "ckcc****",
    "review": "재밌겠다. 상준이가 출연한 영화",
    "rating": "10",
    "date": "14.04.02"
  },
  {
    "review_id": "8620200",
    "movie_id": "100973",
    "author": "n330****",
    "review": "영화 너무 재밌겠네요 꼭 보고싶다. 임상준 짱",
    "rating": "10",
    "date": "14.03.31"
  }
]