[
  {
    "review_id": "7231455",
    "movie_id": "100933",
    "author": "sbr0****",
    "review": "완전 기대 이하",
    "rating": "1",
    "date": "13.02.06"
  },
  {
    "review_id": "7163587",
    "movie_id": "100933",
    "author": "seok****",
    "review": "직접 못건만 못하지만 오페라 중 부분부분 배우 바로앞에서 관람하는 듯한 클로즈업, 거대한 스케일의 무대연출을 강가에서 보여준 점, 현대적으로 해석한 극본 연출력 그리고 이 수준의 오페라를 상대적으로 저렴한 비용으로 감상 할 수 있었다는 점이 좋았어요",
    "rating": "10",
    "date": "13.01.24"
  },
  {
    "review_id": "7129365",
    "movie_id": "100933",
    "author": "pend****",
    "review": "뮤지컬을 봐서 나름대로 비교하면서 보는 재미가 있었다. 사실 정통오페라를 기대하고 봤는데 현대적으로 해석된 야외무대 오페라라서 첨엔 좀 낯설었지만 실내에서는 표현 못할 멋진 무대와 스케일, 음향까지 꽤 괜찮았던 작품.",
    "rating": "8",
    "date": "13.01.18"
  },
  {
    "review_id": "7125885",
    "movie_id": "100933",
    "author": "yang****",
    "review": "볼만은하다..1점준거중 한국영화는 죄다 10점주는 매미OO들있네..한국영화 1점주면 10대라는 매미OO부터 ㅉㅉ",
    "rating": "8",
    "date": "13.01.17"
  },
  {
    "review_id": "7124109",
    "movie_id": "100933",
    "author": "eunj****",
    "review": "저는 티비로 봤었는데 영화관가서 보면 어떨지 궁금하네요ㅎㅎ베르디 너무 좋아요!",
    "rating": "10",
    "date": "13.01.17"
  },
  {
    "review_id": "7090277",
    "movie_id": "100933",
    "author": "zx01****",
    "review": "뮤지컬이야기",
    "rating": "9",
    "date": "13.01.07"
  },
  {
    "review_id": "7078884",
    "movie_id": "100933",
    "author": "clie****",
    "review": "Met Opera하고는 분우기가 다르고, 정통 해석이고, 야외 무대의 장점을 잘 살리고, 무대장치와 의상도 상징성이 크고",
    "rating": "8",
    "date": "13.01.03"
  },
  {
    "review_id": "7060602",
    "movie_id": "100933",
    "author": "btr_****",
    "review": "평점이 왜이리 낮지?",
    "rating": "10",
    "date": "12.12.29"
  },
  {
    "review_id": "7056370",
    "movie_id": "100933",
    "author": "xmel****",
    "review": "기존의 아이다를 현대식으로 재해석한 색다른 작품이네요. 역시 대작은 시대를 초월한다는 것을 느낄 수 있었습니다. 낯섦이 주는 신선한 매력이 특히 좋았고요. 한겨울에 즐기는 브레겐츠 페스티벌이라니 의외로 운치있군요.",
    "rating": "10",
    "date": "12.12.28"
  },
  {
    "review_id": "7053893",
    "movie_id": "100933",
    "author": "yoo1****",
    "review": "개인적으로는 재미없네요",
    "rating": "1",
    "date": "12.12.27"
  },
  {
    "review_id": "7048460",
    "movie_id": "100933",
    "author": "ands****",
    "review": "뮤지컬도 봤는데 음악, 무대적 퀄리티가 차원이 다르네요. 브레겐츠 호수를 활용한 무대가 특히 좋았고, 멀리까지 안가도 한국 극장에 앉아 세계적 인 페스티벌을 편하게 즐길 수 있다는 점이 정말 큰 메리트 인것 같음. 이게 좀 짱임",
    "rating": "9",
    "date": "12.12.26"
  },
  {
    "review_id": "7039018",
    "movie_id": "100933",
    "author": "drag****",
    "review": "어제 크리스마스 선물로 봤는데 완전 만족!",
    "rating": "10",
    "date": "12.12.24"
  },
  {
    "review_id": "7039012",
    "movie_id": "100933",
    "author": "twil****",
    "review": "뮤지컬을 좀 지루하게 봐서 볼까말까 하다가 봤네요. 뮤지컬보다 나은 듯ㅋ",
    "rating": "9",
    "date": "12.12.24"
  },
  {
    "review_id": "7037825",
    "movie_id": "100933",
    "author": "jode****",
    "review": "야외 오페라라서 오디오가 좀 무리가 있겠다 싶었는데 예상을 뛰어넘는 좋은 음질이네요. 국내 야외오페라는 오디오 잡는게 힘들어서 듣기가 힘들었거든요.그리고 아이다보다는 암네리스의 노래가 아주 좋았습니다.",
    "rating": "10",
    "date": "12.12.24"
  },
  {
    "review_id": "7037431",
    "movie_id": "100933",
    "author": "uyon****",
    "review": "황금코끼리 장면 멋졌습니다 개선행진곡이 짱이네용",
    "rating": "10",
    "date": "12.12.24"
  },
  {
    "review_id": "7035921",
    "movie_id": "100933",
    "author": "they****",
    "review": "오페라로 보니 더 새로웠네요 뭔가 2프로 부족함까지 채워주는 만족감..!! *-*",
    "rating": "10",
    "date": "12.12.23"
  },
  {
    "review_id": "7034911",
    "movie_id": "100933",
    "author": "jkw5****",
    "review": "아이다 진짜",
    "rating": "1",
    "date": "12.12.23"
  },
  {
    "review_id": "7034856",
    "movie_id": "100933",
    "author": "orch****",
    "review": "웅장함 그 자체임ㅎㅎㅎ 강추강추~!",
    "rating": "10",
    "date": "12.12.23"
  },
  {
    "review_id": "7032583",
    "movie_id": "100933",
    "author": "ford****",
    "review": "모르면 공부를하고 봐라 멍청한것들아, 음악하시는 분들도 내용 제대로 알고 보는 사람 없다. 영어만 쓰던지 불어만 쓰던지 하기땜에  어느 상황에서 무슨 일이 벌어지는지 짐작을 못한다. 점수나 깎아먹고 있네 ㅉㅉㅉ",
    "rating": "10",
    "date": "12.12.23"
  },
  {
    "review_id": "7031154",
    "movie_id": "100933",
    "author": "supe****",
    "review": "뭔말인지;;;",
    "rating": "1",
    "date": "12.12.22"
  },
  {
    "review_id": "7031150",
    "movie_id": "100933",
    "author": "baro****",
    "review": "잼없음...",
    "rating": "1",
    "date": "12.12.22"
  },
  {
    "review_id": "7030513",
    "movie_id": "100933",
    "author": "rha2****",
    "review": "하핫...? 이게 대체 먼내용인지,,,",
    "rating": "1",
    "date": "12.12.22"
  },
  {
    "review_id": "7030154",
    "movie_id": "100933",
    "author": "haur****",
    "review": "정말 잘 만들었네요. 명작.",
    "rating": "10",
    "date": "12.12.22"
  }
]