[
  {
    "review_id": "9828451",
    "movie_id": "100919",
    "author": "kjd3****",
    "review": "한국말 무슨 국어책 읽냐...  답답하다 진짜",
    "rating": "1",
    "date": "15.04.05"
  },
  {
    "review_id": "9803316",
    "movie_id": "100919",
    "author": "jere****",
    "review": "볼 장면 잘 봐놓고 욕하기는..",
    "rating": "10",
    "date": "15.03.24"
  },
  {
    "review_id": "9783670",
    "movie_id": "100919",
    "author": "hill****",
    "review": "그냥 몰래 오키안리누나 다운받아서 보세요. 영화값이 아깝습니다. ㅜㅜ",
    "rating": "1",
    "date": "15.03.15"
  },
  {
    "review_id": "9638200",
    "movie_id": "100919",
    "author": "neve****",
    "review": "변태스런 내용, 한국인이 못 알아듣는  한국어씬. 성형티 심하고 천박하게 생긴 여주... 가끔 웃기는 장면 몇 개 나온 정도. 끝.",
    "rating": "4",
    "date": "15.01.26"
  },
  {
    "review_id": "9304076",
    "movie_id": "100919",
    "author": "gkal****",
    "review": "..예산이 아까운 영화다...왜봣지",
    "rating": "1",
    "date": "14.10.20"
  },
  {
    "review_id": "8187840",
    "movie_id": "100919",
    "author": "sang****",
    "review": ".... 한국 유학생들이 이렇게까지 대우 받아야 함?... 방사능 처먹고 할 일이 없는듯....",
    "rating": "1",
    "date": "13.12.03"
  },
  {
    "review_id": "7871262",
    "movie_id": "100919",
    "author": "z_za****",
    "review": "노잼임 한국어진짜못한다 ㅋㅋ",
    "rating": "1",
    "date": "13.08.12"
  },
  {
    "review_id": "7776976",
    "movie_id": "100919",
    "author": "ejun****",
    "review": "OOO기. ㅋㅋㅋ진짜 볼것도없고재미도없고.. 처음엔 잘 보다가 나중가선 걍 스킵스킵스킵함ㅋㅋㅋ",
    "rating": "1",
    "date": "13.07.23"
  },
  {
    "review_id": "7738137",
    "movie_id": "100919",
    "author": "ybce****",
    "review": "아버지가 마지막에 부르는 노래는 뭔가요 ?",
    "rating": "6",
    "date": "13.07.14"
  },
  {
    "review_id": "7647213",
    "movie_id": "100919",
    "author": "choi****",
    "review": "재미없음. 볼거리도 없음.",
    "rating": "1",
    "date": "13.06.16"
  },
  {
    "review_id": "7638375",
    "movie_id": "100919",
    "author": "read****",
    "review": "뭐하자는 거야...한국어도 진짜 말도 안되게 못하네..",
    "rating": "1",
    "date": "13.06.14"
  },
  {
    "review_id": "7576445",
    "movie_id": "100919",
    "author": "dbsw****",
    "review": "골때린다 진짜 ㅋㅋㅋㅋㅋㅋ",
    "rating": "1",
    "date": "13.06.03"
  },
  {
    "review_id": "7552894",
    "movie_id": "100919",
    "author": "kdm7****",
    "review": "한국말 못봐주겠다 책읽냐",
    "rating": "1",
    "date": "13.05.25"
  },
  {
    "review_id": "7535156",
    "movie_id": "100919",
    "author": "ziro****",
    "review": "'애정결핍이 두 남자에게 미치는영향' 이라는 영화랑 스토리 전개방식이 매우 유사하네...",
    "rating": "1",
    "date": "13.05.17"
  },
  {
    "review_id": "7519671",
    "movie_id": "100919",
    "author": "kuns****",
    "review": "굿",
    "rating": "10",
    "date": "13.05.10"
  },
  {
    "review_id": "7510937",
    "movie_id": "100919",
    "author": "divi****",
    "review": "이건 지능적 혐한영화. 대놓고 한국여자를 OO로 비하하고 있다. 그나저나 한국에는 K컵이 없을텐데? H컵도 여자전체의 0.001%도 안되는데 이게무슨 디스토션. 원래 평점1점감인데 오키타안리때문에 3점준다.",
    "rating": "3",
    "date": "13.05.05"
  },
  {
    "review_id": "7427511",
    "movie_id": "100919",
    "author": "chun****",
    "review": "재미나게 잘만들었네요^^요즘 한국여자들 참 문제 많죠..일본뿐아니라 다른나라에까지 몸팔러 가는 한국여자들 엄청나게 많더라고요..외국에서도 한국여자들을 KFC(쉽게먹고 버림)패스트푸드라 불러요.. 해외연수나 유학갔다온 여자랑 결혼은 조심해서 하세요 ㅎ",
    "rating": "10",
    "date": "13.03.31"
  },
  {
    "review_id": "7399594",
    "movie_id": "100919",
    "author": "milk****",
    "review": "ㅋㅋ난 오키타 안리 연기 보고 웃겼는데 몸매는 당연  쵝오~~",
    "rating": "4",
    "date": "13.03.23"
  },
  {
    "review_id": "7312367",
    "movie_id": "100919",
    "author": "dlgk****",
    "review": "...쓰레기...",
    "rating": "1",
    "date": "13.03.01"
  },
  {
    "review_id": "7293479",
    "movie_id": "100919",
    "author": "pidi****",
    "review": "1점도 아깝고 한국어가 안되면 차라리 한국어씬을 찍지말든가.",
    "rating": "1",
    "date": "13.02.23"
  },
  {
    "review_id": "7226113",
    "movie_id": "100919",
    "author": "pria****",
    "review": "눈물나다.",
    "rating": "1",
    "date": "13.02.04"
  },
  {
    "review_id": "7224579",
    "movie_id": "100919",
    "author": "cord****",
    "review": "북조선에서 온 스파이랰ㅋㅋㅋㅋㅋㅋㅋㅋㅋㅋㅋㅋㅋㅋㅋㅋㅋㅋㅋㅋㅋㅋㅋㅋㅋㅋㅋㅋㅋㅋ",
    "rating": "1",
    "date": "13.02.04"
  },
  {
    "review_id": "7193047",
    "movie_id": "100919",
    "author": "qjeh****",
    "review": "주제가 뭐지 ㅋㅋ 부자간의 정이야 아니면 첫사랑이야 ㅋㅋ 1점주고싶은데 10점준다",
    "rating": "10",
    "date": "13.01.29"
  },
  {
    "review_id": "7181451",
    "movie_id": "100919",
    "author": "jung****",
    "review": "재미없긴한데.......걍중간에 보다가 안봤음ㅋㅋㅋ 한국어연기 대박이고ㅋㅋ",
    "rating": "1",
    "date": "13.01.27"
  },
  {
    "review_id": "7175584",
    "movie_id": "100919",
    "author": "rage****",
    "review": "일단 재미 없다.밑에 있는 분들이 재미 없음은 이야기 했지만..솔직히 ...망상과 침략이라는 느낌은 없었다.차라리 우리나라 영화중에 재미없게본 애정결핍이 두 남자에게 미치는 영향 이라는 일본판 영화라는 정도...일본 배우들의 한국어 연기는 정말 과관.",
    "rating": "1",
    "date": "13.01.26"
  },
  {
    "review_id": "7145130",
    "movie_id": "100919",
    "author": "dh94****",
    "review": "유쾌하면서도 짝사랑의 아픔에 가슴이 찡하기도 한 영화해성의 남자친구의 한국어 연기때 매우 오글거림",
    "rating": "8",
    "date": "13.01.22"
  },
  {
    "review_id": "7141189",
    "movie_id": "100919",
    "author": "give****",
    "review": "아.... 부자들끼리대화가 어이없어서 실소하면서 보게되는영화... 그래서 이영화의 주제는 머야???",
    "rating": "5",
    "date": "13.01.21"
  },
  {
    "review_id": "7137629",
    "movie_id": "100919",
    "author": "yang****",
    "review": "재미없다.. 영화한편보길 침략이 어쩌거 한국 디스걸었느니 ㅉㅉ 한국영화는 죄다 9~10점줬네 매미OOㅉㅉㅉ",
    "rating": "1",
    "date": "13.01.20"
  },
  {
    "review_id": "7131829",
    "movie_id": "100919",
    "author": "korn****",
    "review": "안본걸로 하고싶다",
    "rating": "1",
    "date": "13.01.19"
  },
  {
    "review_id": "7120554",
    "movie_id": "100919",
    "author": "star****",
    "review": "일본 애들은 망상과 침략 이외에는 생각이 없다고 스스로 얘기하는 영화",
    "rating": "1",
    "date": "13.01.16"
  },
  {
    "review_id": "7118987",
    "movie_id": "100919",
    "author": "zxc4****",
    "review": "이영화 장난하나 ㅡㅡ",
    "rating": "1",
    "date": "13.01.15"
  },
  {
    "review_id": "7117061",
    "movie_id": "100919",
    "author": "jofo****",
    "review": "욕해도 되나??이거 한국을 디스하는 영화네.1점도 아깝네.ㅡㅡ",
    "rating": "1",
    "date": "13.01.14"
  },
  {
    "review_id": "7116986",
    "movie_id": "100919",
    "author": "xofl****",
    "review": "ㅋㅋㅋㅋㅋ미치겠네ㅋㅋㅋㅋㅋ",
    "rating": "1",
    "date": "13.01.14"
  },
  {
    "review_id": "7116458",
    "movie_id": "100919",
    "author": "kmkm****",
    "review": "마에노토모야 싸우자는거냐?",
    "rating": "1",
    "date": "13.01.14"
  },
  {
    "review_id": "7112877",
    "movie_id": "100919",
    "author": "tosu****",
    "review": "한국어 연기OO 존나 OO이하네 이영화는 한국을 우롱하는 영화인가",
    "rating": "4",
    "date": "13.01.13"
  },
  {
    "review_id": "7105439",
    "movie_id": "100919",
    "author": "ehal****",
    "review": "원주율로가는거야?",
    "rating": "1",
    "date": "13.01.12"
  },
  {
    "review_id": "7102241",
    "movie_id": "100919",
    "author": "dysy****",
    "review": "뭐여...일본말로 하든가...그리고 설정이 왜 기분나쁘게 한국유학생이냐..재미도 없고 짜증만 나더이다..",
    "rating": "1",
    "date": "13.01.11"
  },
  {
    "review_id": "7102073",
    "movie_id": "100919",
    "author": "scvz****",
    "review": "한국인 배우를 쓰던가...;;",
    "rating": "5",
    "date": "13.01.11"
  },
  {
    "review_id": "7101568",
    "movie_id": "100919",
    "author": "ahfo****",
    "review": "야한거만 기대하지마라 하등생물들아..뭐 평점단새끼들 미성년자이겠지만",
    "rating": "8",
    "date": "13.01.11"
  },
  {
    "review_id": "7101264",
    "movie_id": "100919",
    "author": "appl****",
    "review": "뭐 이상한거 기대 하고 갔으니까 그러겠지~ 따뜻한 찐따 부자 이야기~나쁘지 않았음~",
    "rating": "7",
    "date": "13.01.11"
  },
  {
    "review_id": "7100436",
    "movie_id": "100919",
    "author": "g0g1****",
    "review": "4류 영화.. 정말 말이 안나온다..",
    "rating": "1",
    "date": "13.01.10"
  },
  {
    "review_id": "7100408",
    "movie_id": "100919",
    "author": "dsyy****",
    "review": "아...이건아니야",
    "rating": "1",
    "date": "13.01.10"
  },
  {
    "review_id": "7099933",
    "movie_id": "100919",
    "author": "kasa****",
    "review": "일본판 송은이닮은  아들놈과  고창석닮은 아버지의  말도안되는  가족얘기 ㅋㅋ  어이없는  영화",
    "rating": "2",
    "date": "13.01.10"
  },
  {
    "review_id": "7099665",
    "movie_id": "100919",
    "author": "kyp9****",
    "review": "일본 사람이 한국말하는데 진짜 오글거린다",
    "rating": "1",
    "date": "13.01.10"
  },
  {
    "review_id": "7099213",
    "movie_id": "100919",
    "author": "cjsw****",
    "review": "대단한 영화다. 이렇게 만들기도 쉽지 않을듯한.",
    "rating": "1",
    "date": "13.01.10"
  },
  {
    "review_id": "7098742",
    "movie_id": "100919",
    "author": "tian****",
    "review": "할말이없다..",
    "rating": "1",
    "date": "13.01.10"
  },
  {
    "review_id": "7096403",
    "movie_id": "100919",
    "author": "node****",
    "review": "내가 일등이구나.  ㅎㅎㅎ",
    "rating": "10",
    "date": "13.01.09"
  }
]