[
  {
    "review_id": "10272109",
    "movie_id": "100979",
    "author": "godd****",
    "review": "영화를 보면서 마음이 따뜻해지네요.",
    "rating": "10",
    "date": "15.08.24"
  },
  {
    "review_id": "9979812",
    "movie_id": "100979",
    "author": "kiki****",
    "review": "평점좋아서 봤는데..  구성자체도 약간 허술하고. 뭔가 전개와 결말 모두..여러가지 영화를 막 섞어놓은듯한 느낌?",
    "rating": "5",
    "date": "15.06.06"
  },
  {
    "review_id": "9941048",
    "movie_id": "100979",
    "author": "maxl****",
    "review": "'기적'을 바라는 우리들의 이야기... 그리고 멀지 않은 곳에 존재하는 기적",
    "rating": "10",
    "date": "15.05.23"
  },
  {
    "review_id": "9810183",
    "movie_id": "100979",
    "author": "iler****",
    "review": "임종을 맞이하는 아버지에게 열일곱 마리의 양이 있었네! 그가 유언하기를 첫째에게 1/2를 둘째에게 1/3을 막내에게 1/6을 유산으로 물려주라네! 때마침, 양 한 마리를 가진 나그네가 자기 양을 보태어 수수께끼를 풀었단... 마치 그 이야기처럼!",
    "rating": "9",
    "date": "15.03.27"
  },
  {
    "review_id": "9729676",
    "movie_id": "100979",
    "author": "wlsq****",
    "review": "영화자체도 훌륭하고 나비효과를 깨달았다",
    "rating": "10",
    "date": "15.02.22"
  },
  {
    "review_id": "9619884",
    "movie_id": "100979",
    "author": "whrl****",
    "review": "크리스마스의 기적 구스 .",
    "rating": "10",
    "date": "15.01.21"
  },
  {
    "review_id": "9563776",
    "movie_id": "100979",
    "author": "snoo****",
    "review": "가슴 뭉클하다. 진짜 재밌다",
    "rating": "10",
    "date": "15.01.05"
  },
  {
    "review_id": "9491986",
    "movie_id": "100979",
    "author": "wnld****",
    "review": "\\(^o^)/ \\(^o^)/",
    "rating": "10",
    "date": "14.12.20"
  }
]