[
  {
    "review_id": "9835286",
    "movie_id": "101047",
    "author": "gotj****",
    "review": "하나도아깝다 와자짜내시간ㅡㅡ",
    "rating": "1",
    "date": "15.04.09"
  },
  {
    "review_id": "9795905",
    "movie_id": "101047",
    "author": "gall****",
    "review": "배드 무비 고우 투 헬~!",
    "rating": "1",
    "date": "15.03.21"
  },
  {
    "review_id": "9673979",
    "movie_id": "101047",
    "author": "love****",
    "review": "한국 초중고삐리 새끼들을 이렇게 다뤄야 하는데",
    "rating": "10",
    "date": "15.02.06"
  },
  {
    "review_id": "9485575",
    "movie_id": "101047",
    "author": "sua9****",
    "review": "아까운 내 시간... .  단지 영화선택을 잘해야 된다는 교훈하나 건졌다.",
    "rating": "1",
    "date": "14.12.18"
  },
  {
    "review_id": "9264123",
    "movie_id": "101047",
    "author": "rueo****",
    "review": "여주인공 진짜 예쁨!알리 포크너 존재가 영화를 빛내주네",
    "rating": "10",
    "date": "14.10.04"
  },
  {
    "review_id": "9236747",
    "movie_id": "101047",
    "author": "tmdg****",
    "review": "배드 무비디렉터 고우 투 헬",
    "rating": "1",
    "date": "14.09.23"
  },
  {
    "review_id": "9235590",
    "movie_id": "101047",
    "author": "adiv****",
    "review": "이영화 수입한놈 정신병자다.",
    "rating": "2",
    "date": "14.09.23"
  },
  {
    "review_id": "9233777",
    "movie_id": "101047",
    "author": "vm4e****",
    "review": "여주들도 참 별로고 이런 밀실공포 소재로 이렇게 재미 없게 만들다니.. 스토리는 참 그럴싸 하다만 너무 몰입이 안된다",
    "rating": "4",
    "date": "14.09.22"
  },
  {
    "review_id": "9229463",
    "movie_id": "101047",
    "author": "nutz****",
    "review": "감독이 지옥에 가야한다",
    "rating": "1",
    "date": "14.09.20"
  },
  {
    "review_id": "9226369",
    "movie_id": "101047",
    "author": "paem****",
    "review": "아오 빡친다 ㅋㅋ 진짜 대단한영화다",
    "rating": "1",
    "date": "14.09.19"
  },
  {
    "review_id": "9226181",
    "movie_id": "101047",
    "author": "pria****",
    "review": "이런.. 이걸 왜? 흠흠.",
    "rating": "1",
    "date": "14.09.19"
  },
  {
    "review_id": "9223433",
    "movie_id": "101047",
    "author": "psy6****",
    "review": "이 영화는 뒷통수를 심하게 때리므로 보실분은 머리간수 잘하시기를 바랍니다",
    "rating": "2",
    "date": "14.09.18"
  },
  {
    "review_id": "9222275",
    "movie_id": "101047",
    "author": "gosf****",
    "review": "한번 보고 두번 보고 자꾸만 보고 싶내",
    "rating": "10",
    "date": "14.09.18"
  },
  {
    "review_id": "9218094",
    "movie_id": "101047",
    "author": "hero****",
    "review": "이 영화를 보기 전으로 돌아가싶다... 나는 아무 생각이 없기 때문이다.",
    "rating": "10",
    "date": "14.09.15"
  },
  {
    "review_id": "9215894",
    "movie_id": "101047",
    "author": "tjfk****",
    "review": "뮝미 ... 내시간아까워ㅋㅋㅋㅋ",
    "rating": "1",
    "date": "14.09.15"
  },
  {
    "review_id": "9210564",
    "movie_id": "101047",
    "author": "mye0****",
    "review": "내인생 최고의 명작! 강추!!",
    "rating": "10",
    "date": "14.09.13"
  },
  {
    "review_id": "9208375",
    "movie_id": "101047",
    "author": "ymh7****",
    "review": "몰입도는 괜찬았는데 왜 19세인지 모르겠음",
    "rating": "9",
    "date": "14.09.12"
  },
  {
    "review_id": "9207649",
    "movie_id": "101047",
    "author": "pp00****",
    "review": "밥상에 빈그릇만 가득하다. 90분간 영화 관람자를 고문하는 쓰레기..",
    "rating": "1",
    "date": "14.09.12"
  },
  {
    "review_id": "9207208",
    "movie_id": "101047",
    "author": "eksk****",
    "review": "오오옷 1빠 처음해봤다 ㅋㅋㅋ그래서 별 다섯개 쏜다 !!!",
    "rating": "10",
    "date": "14.09.12"
  }
]