[
  {
    "review_id": "10150880",
    "movie_id": "101065",
    "author": "spdl****",
    "review": "내가 좋아하는  배우가 나와서 보긴했다 그래도 인상깊은 영화다",
    "rating": "10",
    "date": "15.07.27"
  },
  {
    "review_id": "10101172",
    "movie_id": "101065",
    "author": "spdl****",
    "review": "마지막에 다죽음 일등항해사 빼고 ㅅㄱ",
    "rating": "10",
    "date": "15.07.13"
  },
  {
    "review_id": "10069776",
    "movie_id": "101065",
    "author": "cont****",
    "review": "잠수함 소재 영화는 아무리 못해도 보통 이상은 한다.",
    "rating": "7",
    "date": "15.07.04"
  },
  {
    "review_id": "9875281",
    "movie_id": "101065",
    "author": "yhlm****",
    "review": "연기력에 집중이 되었고, 한번더 보고 싶은 영화다",
    "rating": "10",
    "date": "15.04.28"
  },
  {
    "review_id": "9791812",
    "movie_id": "101065",
    "author": "rand****",
    "review": "눅눅한 긴장감이 지속되질 않는다. 여기저기서 엉뚱한 설정이 튀어나옴.",
    "rating": "4",
    "date": "15.03.18"
  },
  {
    "review_id": "9310359",
    "movie_id": "101065",
    "author": "2328****",
    "review": "본영화다본영화본영화다",
    "rating": "7",
    "date": "14.10.23"
  },
  {
    "review_id": "9293344",
    "movie_id": "101065",
    "author": "dydv****",
    "review": "오랜만에 재밌는 영화다 에드해리스 연기력 ㅆㅅㅌㅊ",
    "rating": "10",
    "date": "14.10.15"
  },
  {
    "review_id": "9293341",
    "movie_id": "101065",
    "author": "kimm****",
    "review": "괜찮네요 배우도 좋고 몰입감도 있고",
    "rating": "10",
    "date": "14.10.15"
  },
  {
    "review_id": "9280201",
    "movie_id": "101065",
    "author": "7pmr****",
    "review": "그저 그런. 평점 6.0",
    "rating": "10",
    "date": "14.10.10"
  },
  {
    "review_id": "9190533",
    "movie_id": "101065",
    "author": "do11****",
    "review": "흠...지루한건 어쩔수 없다..",
    "rating": "6",
    "date": "14.09.09"
  },
  {
    "review_id": "9140756",
    "movie_id": "101065",
    "author": "hyu2****",
    "review": "한편의 잔잔한 영화를 보는것 같아 좋았습니다",
    "rating": "10",
    "date": "14.08.28"
  },
  {
    "review_id": "8939126",
    "movie_id": "101065",
    "author": "fghy****",
    "review": "실제로 있었던 소련잠수함실종사건을 소재로 해서 더 흥미로웠음,,  데이비드 듀코브니때문에 봤는데,, 영화 수작임",
    "rating": "10",
    "date": "14.07.22"
  },
  {
    "review_id": "8894545",
    "movie_id": "101065",
    "author": "tope****",
    "review": "ㅈ제점수는요 6점입니더",
    "rating": "6",
    "date": "14.07.07"
  },
  {
    "review_id": "8837012",
    "movie_id": "101065",
    "author": "cact****",
    "review": "에드 해리스의 연기력이 돋보인 작품.  진정 나라를 위한 사상이 무엇인지 되뇌이게 한다.",
    "rating": "8",
    "date": "14.06.17"
  },
  {
    "review_id": "8829711",
    "movie_id": "101065",
    "author": "pass****",
    "review": "잠수함 영화라지만, 리들티스콧의 크림슨타이드 를 기대하면 좀 실망스러울 것임..",
    "rating": "6",
    "date": "14.06.14"
  },
  {
    "review_id": "8806265",
    "movie_id": "101065",
    "author": "tull****",
    "review": "애드해리스의 연기가 빛낫다..다만 제작비 투자를 못한모양이다.",
    "rating": "7",
    "date": "14.06.07"
  },
  {
    "review_id": "8679292",
    "movie_id": "101065",
    "author": "miss****",
    "review": "실제 1968년 미 태평양  하와이에서 침몰 한 잠수함 얘기 같은데 그 당시 잠수함의 생존자의 증언이 있었으면 나름 괜찮은 흥미로운 스토리가 되었을텐데 모두 사고로 모두 사망했으니 좀 아쉬워서 2점을",
    "rating": "2",
    "date": "14.04.28"
  },
  {
    "review_id": "8644879",
    "movie_id": "101065",
    "author": "uufu****",
    "review": "붉은 10월에는  못미치지만,볼만합니다.",
    "rating": "8",
    "date": "14.04.12"
  },
  {
    "review_id": "8503123",
    "movie_id": "101065",
    "author": "milk****",
    "review": "명령을의 이행할 것인가 신념에 의해 행동할 것인가,,, 당신의 선택은?",
    "rating": "7",
    "date": "14.02.13"
  },
  {
    "review_id": "8470588",
    "movie_id": "101065",
    "author": "sang****",
    "review": "저예산 영화의 한계를 보여주는 대표적인 사례",
    "rating": "6",
    "date": "14.02.03"
  },
  {
    "review_id": "8436620",
    "movie_id": "101065",
    "author": "oojj****",
    "review": "애국 하자. 당신은 나라를 위해 목숨을 바칠 수 있을까?",
    "rating": "7",
    "date": "14.01.27"
  },
  {
    "review_id": "8259015",
    "movie_id": "101065",
    "author": "hicc****",
    "review": "호화배우진의 명연기만으로도 볼만하다.",
    "rating": "10",
    "date": "13.12.21"
  },
  {
    "review_id": "8182186",
    "movie_id": "101065",
    "author": "534k****",
    "review": "연기력 나름 괜찮고 구성도 어느정도 뭐..",
    "rating": "8",
    "date": "13.12.01"
  },
  {
    "review_id": "8166790",
    "movie_id": "101065",
    "author": "bogr****",
    "review": "내용 어슬프고..액션 빈약~  그냥 잠수함안에서 나올수 있는 스토리..축약해서 나온듯...그냥 그렇고..실화라고 하지만..감동 무",
    "rating": "3",
    "date": "13.11.25"
  },
  {
    "review_id": "8105549",
    "movie_id": "101065",
    "author": "frie****",
    "review": "잠수함 기동이나 전투 장면은 볼 만했지만, 마지막 고스트들은 도대체 무슨 생각으로 등장시킨건지... 아까운 애드해리스",
    "rating": "3",
    "date": "13.10.31"
  },
  {
    "review_id": "8095169",
    "movie_id": "101065",
    "author": "ih31****",
    "review": "여운이 진하게 남음.. 함장 연기하신분 대단;",
    "rating": "9",
    "date": "13.10.27"
  },
  {
    "review_id": "8095153",
    "movie_id": "101065",
    "author": "sasc****",
    "review": "다른 수식어는 필요없고 이 영화는 최고다!",
    "rating": "10",
    "date": "13.10.27"
  },
  {
    "review_id": "8093767",
    "movie_id": "101065",
    "author": "hiha****",
    "review": "내용 어설프고 흥미가 없다.잠수함전 기대가 컸는데 재미없다",
    "rating": "4",
    "date": "13.10.27"
  },
  {
    "review_id": "8061041",
    "movie_id": "101065",
    "author": "dust****",
    "review": "이런 장르 넘 죠아함..",
    "rating": "8",
    "date": "13.10.15"
  },
  {
    "review_id": "8024440",
    "movie_id": "101065",
    "author": "aper****",
    "review": "중간중간의 긴장감은 집중도를 높이나, 너무 무거운 느낌...",
    "rating": "7",
    "date": "13.09.30"
  },
  {
    "review_id": "8022492",
    "movie_id": "101065",
    "author": "dlwo****",
    "review": "인물들이 불쌍하다고 느낌.",
    "rating": "6",
    "date": "13.09.29"
  },
  {
    "review_id": "8013888",
    "movie_id": "101065",
    "author": "tn99****",
    "review": "러시아군인들은 영어를 모국어처럼 하네..",
    "rating": "7",
    "date": "13.09.24"
  },
  {
    "review_id": "8011730",
    "movie_id": "101065",
    "author": "jou1****",
    "review": "그럭저럭 볼만했음요",
    "rating": "7",
    "date": "13.09.23"
  },
  {
    "review_id": "7998547",
    "movie_id": "101065",
    "author": "kbj3****",
    "review": "그럭저럭 볼만해요 지루한감이 없잖아있지만",
    "rating": "7",
    "date": "13.09.20"
  },
  {
    "review_id": "7988177",
    "movie_id": "101065",
    "author": "sinb****",
    "review": "영화속 탄두가 제건된 핵폭탄처럼 긴박감이나 긴장감이 제거된 액션 스릴러물.",
    "rating": "6",
    "date": "13.09.17"
  },
  {
    "review_id": "7979852",
    "movie_id": "101065",
    "author": "whdt****",
    "review": "해ㅐㅇ",
    "rating": "10",
    "date": "13.09.14"
  },
  {
    "review_id": "7962846",
    "movie_id": "101065",
    "author": "cnko****",
    "review": "잼있게 봤어요 ^^",
    "rating": "8",
    "date": "13.09.09"
  },
  {
    "review_id": "7949179",
    "movie_id": "101065",
    "author": "life****",
    "review": "제 점수는요",
    "rating": "10",
    "date": "13.09.05"
  },
  {
    "review_id": "7933656",
    "movie_id": "101065",
    "author": "kara****",
    "review": "k-19란 영화가 없었다면....비교안할려고해도 비교돼는 스케일....",
    "rating": "5",
    "date": "13.08.29"
  },
  {
    "review_id": "7917385",
    "movie_id": "101065",
    "author": "mete****",
    "review": "기대 이하. 재미없다.",
    "rating": "6",
    "date": "13.08.24"
  },
  {
    "review_id": "7897316",
    "movie_id": "101065",
    "author": "xeww****",
    "review": "긴장감 때문에 시간 가는 줄 몰랐네. 볼만함",
    "rating": "8",
    "date": "13.08.18"
  },
  {
    "review_id": "7890084",
    "movie_id": "101065",
    "author": "loss****",
    "review": "잠수함 소재로 한 영화치곤 다소 밋밋하다",
    "rating": "7",
    "date": "13.08.16"
  },
  {
    "review_id": "7889664",
    "movie_id": "101065",
    "author": "seoj****",
    "review": "인간 그자체로서의 존엄성",
    "rating": "9",
    "date": "13.08.16"
  },
  {
    "review_id": "7886338",
    "movie_id": "101065",
    "author": "dark****",
    "review": "독특한 영상미를 통해 오래된 영화 한편을 본 듯한 느낌이다. 내가 봐온 잠수함 시리즈의 영화들과 비교한다면 다소 실망스러웠다. 감독이 전하려는 메세지는 이해하겠지만 전체적인 내용의 긴박함과, 긴장감의 표현이 부족했던거 같아 지루하고, 몰입이 힘들었다",
    "rating": "4",
    "date": "13.08.15"
  },
  {
    "review_id": "7877118",
    "movie_id": "101065",
    "author": "onet****",
    "review": "러시아판 크림슨 타이드네 내용은 다르기는 하지만 잔잔하고 볼만 했습니다.",
    "rating": "7",
    "date": "13.08.14"
  },
  {
    "review_id": "7876645",
    "movie_id": "101065",
    "author": "bles****",
    "review": "깊은 바닷속만큼 냉랭하네",
    "rating": "5",
    "date": "13.08.13"
  },
  {
    "review_id": "7876395",
    "movie_id": "101065",
    "author": "th86****",
    "review": "영화관에서 봤다면 조금 지루했을거 같지만... 실화를 바탕으로한 잠수함 스토리 잔잔한 긴장감속에 재밌게 봤음",
    "rating": "8",
    "date": "13.08.13"
  },
  {
    "review_id": "7875498",
    "movie_id": "101065",
    "author": "klov****",
    "review": "8점",
    "rating": "8",
    "date": "13.08.13"
  },
  {
    "review_id": "7874319",
    "movie_id": "101065",
    "author": "zkwm****",
    "review": "배우들의 연기력이 좋아 몰입할 수 있었고 해군들과 전쟁에 대해 다시 한 번 생각하게 되었다.",
    "rating": "8",
    "date": "13.08.13"
  },
  {
    "review_id": "7871671",
    "movie_id": "101065",
    "author": "cs06****",
    "review": "에드 해리스와 윌리엄 피츠너의 연기가 영화를 살렸다,,,,",
    "rating": "8",
    "date": "13.08.12"
  },
  {
    "review_id": "7870880",
    "movie_id": "101065",
    "author": "kamy****",
    "review": "재미있지도 않고 , 없지도 않은 .. 다큐멘터리 같은 영화 ?? 실화를 재현한 영화 같아요 ..",
    "rating": "5",
    "date": "13.08.12"
  },
  {
    "review_id": "7869849",
    "movie_id": "101065",
    "author": "urkn****",
    "review": "잠수함 침몰등 실제 사건이라지만.. 미국 소련 정부 극비로 붙여 진실은 모르고.. 영화 자체는 식상한 스토리와 너무 밋밋한 흐름만 보여주고 있으니...",
    "rating": "5",
    "date": "13.08.11"
  },
  {
    "review_id": "7867559",
    "movie_id": "101065",
    "author": "hiha****",
    "review": "결론이 망했다",
    "rating": "5",
    "date": "13.08.11"
  },
  {
    "review_id": "7866731",
    "movie_id": "101065",
    "author": "kils****",
    "review": "몰입도는 있었으나 예상보다 긴박한 스릴은 없어보였다",
    "rating": "6",
    "date": "13.08.10"
  },
  {
    "review_id": "7866235",
    "movie_id": "101065",
    "author": "dbzh****",
    "review": "잠수함영화중 역대최악이다",
    "rating": "2",
    "date": "13.08.10"
  },
  {
    "review_id": "7866152",
    "movie_id": "101065",
    "author": "rhkd****",
    "review": "괜찮음",
    "rating": "9",
    "date": "13.08.10"
  },
  {
    "review_id": "7864616",
    "movie_id": "101065",
    "author": "yoha****",
    "review": "중반부까지 잠수함 영화의 느낌을 잘 살려냈으나. 후반부에서의 전개가 부적한듯 했다.",
    "rating": "5",
    "date": "13.08.10"
  },
  {
    "review_id": "7864378",
    "movie_id": "101065",
    "author": "wana****",
    "review": "엄청난 매력을 지닌 스토리에, 어마어마한 캐스팅을 동원한 영화인데.. 초라하고도 황당한 용두사미로 끝난다. 잠수함 장르는 본래 소자본의 총아니까, 이건 분명 작가와 감독의 무능력! 듀코브니여.. 그대를 믿었건만, 어찌 영화를 X파일로 만들어버리는가~!",
    "rating": "5",
    "date": "13.08.10"
  },
  {
    "review_id": "7862987",
    "movie_id": "101065",
    "author": "korn****",
    "review": "모든 러시아군인들이 유창하게 사용하는 영어대사부터 에러. 행동양식, 사고방식 모두 미군처럼 행동하는 러시아군인들. 심지어 미군을 추앙하기까지함. 유명한 배우로 만든 신비한tv 서프라이즈랑 다를봐 없는듯.",
    "rating": "3",
    "date": "13.08.09"
  },
  {
    "review_id": "7861093",
    "movie_id": "101065",
    "author": "lotu****",
    "review": "뭔 소린지 하나도 모르겄다. 지들끼리 왜 싸우는데?",
    "rating": "1",
    "date": "13.08.09"
  },
  {
    "review_id": "7856492",
    "movie_id": "101065",
    "author": "yasu****",
    "review": "몇몇 아쉬운 부분이 있지만 꽤 물입도 있는 영화. 애드해리스는 역시 명배우다",
    "rating": "8",
    "date": "13.08.08"
  },
  {
    "review_id": "7855384",
    "movie_id": "101065",
    "author": "almo****",
    "review": "잠수함 영화로써는 별론데 중국을 뒷통수 치려는 러시아의 음모에 혀를 내두룬다 실화라니 소름이 돋았어",
    "rating": "6",
    "date": "13.08.07"
  },
  {
    "review_id": "7854966",
    "movie_id": "101065",
    "author": "kser****",
    "review": "오랫만에 재밌는 밀리터리 영화 봤습니다 ^^",
    "rating": "10",
    "date": "13.08.07"
  },
  {
    "review_id": "7845326",
    "movie_id": "101065",
    "author": "wogh****",
    "review": "뭔가 보긴봤는데 뭔가 노장은역시 ...... 결국은 세계평화라서 다행이네요.",
    "rating": "6",
    "date": "13.08.05"
  },
  {
    "review_id": "7840597",
    "movie_id": "101065",
    "author": "dazz****",
    "review": "어느쪽이든 선택해야 될때가 있다..  군인정신에 대한 것을 생각해보게 되는영화인듯... 실화를 바탕으로 만든영화라서 더 찡했던거 같다.",
    "rating": "9",
    "date": "13.08.05"
  },
  {
    "review_id": "7834493",
    "movie_id": "101065",
    "author": "to_r****",
    "review": "가슴찡한 실화바탕 ㅋ",
    "rating": "8",
    "date": "13.08.04"
  },
  {
    "review_id": "7832442",
    "movie_id": "101065",
    "author": "stom****",
    "review": "역사를 기반으로 한 이련류의 영화는 기본은 한다. 물론 미국에서 제작해서 그렇지만 국을 치켜 세우는 대사는 좀 낮 간지럽다.",
    "rating": "7",
    "date": "13.08.04"
  },
  {
    "review_id": "7825832",
    "movie_id": "101065",
    "author": "hamj****",
    "review": "에드해리스와 윌리엄피츠의 영화...잠수함 영화는 언제나 끓어 오른다.",
    "rating": "8",
    "date": "13.08.03"
  },
  {
    "review_id": "7818313",
    "movie_id": "101065",
    "author": "chek****",
    "review": "그냥저냥 본 듯...CG 효과도 많이 어색하고..재밌다고 하기는 좀 그렇네요",
    "rating": "7",
    "date": "13.08.02"
  },
  {
    "review_id": "7807757",
    "movie_id": "101065",
    "author": "wwwc****",
    "review": "연기력이 돋보임.",
    "rating": "9",
    "date": "13.08.01"
  },
  {
    "review_id": "7806395",
    "movie_id": "101065",
    "author": "coll****",
    "review": "볼만함..",
    "rating": "9",
    "date": "13.08.01"
  },
  {
    "review_id": "7801611",
    "movie_id": "101065",
    "author": "arti****",
    "review": "상상력을 자극하는 실화",
    "rating": "9",
    "date": "13.07.31"
  },
  {
    "review_id": "7800562",
    "movie_id": "101065",
    "author": "ckdt****",
    "review": "재밋던데.. 평점보고 영화봤으면 재미없을뻔 했네 .",
    "rating": "8",
    "date": "13.07.30"
  },
  {
    "review_id": "7799744",
    "movie_id": "101065",
    "author": "psp2****",
    "review": "실화라는 바탕으로 기대감은 가득 그리고 실망도 가득",
    "rating": "3",
    "date": "13.07.30"
  },
  {
    "review_id": "7798650",
    "movie_id": "101065",
    "author": "lmj2****",
    "review": "잠수함 영화는 좁은공간에서 벌어지는 갈등과 긴장감을 어떻게 표현하는가가 관권인데...이영화는 긴장감이 없다. 애드 해리스가 아깝다..",
    "rating": "3",
    "date": "13.07.29"
  },
  {
    "review_id": "7798041",
    "movie_id": "101065",
    "author": "qlen****",
    "review": "배우들의 연기력과 실화를 소재로 했음에도... 감동이 없고 뭔가 부족하다.",
    "rating": "6",
    "date": "13.07.29"
  },
  {
    "review_id": "7795720",
    "movie_id": "101065",
    "author": "down****",
    "review": "재미도 없고 감동도 없고 ...그냥 쓰레기에 쳐박힐 영화~",
    "rating": "1",
    "date": "13.07.28"
  },
  {
    "review_id": "7792359",
    "movie_id": "101065",
    "author": "sdm1****",
    "review": "마지막 장면은 정말 인상적인",
    "rating": "7",
    "date": "13.07.27"
  },
  {
    "review_id": "7755873",
    "movie_id": "101065",
    "author": "doky****",
    "review": "전직 포르노 배우도 나오네.",
    "rating": "1",
    "date": "13.07.18"
  },
  {
    "review_id": "7742575",
    "movie_id": "101065",
    "author": "sunh****",
    "review": "예산 18,000,000달러 들여 10분의1도 못건진 이유가 보인다",
    "rating": "3",
    "date": "13.07.14"
  },
  {
    "review_id": "7732967",
    "movie_id": "101065",
    "author": "qfpj****",
    "review": "볼만 햇다 근데 이거 실화에요",
    "rating": "8",
    "date": "13.07.13"
  },
  {
    "review_id": "7726280",
    "movie_id": "101065",
    "author": "john****",
    "review": "솔직히 실망스럽다. 밀폐된 공간속에서 여러 인간들이 갈등하고 죽음의 공포에 시달리는 장면은 있으나 와닿지 않았다. 긴장감이 안 느껴진다. 손에 땀을 쥐게 할만한 장면도 그렇지 못했다. 연출력 문제인지 배우의 연기가 문제인지 좁은 공간의 답답함만 있었다",
    "rating": "3",
    "date": "13.07.11"
  },
  {
    "review_id": "7724892",
    "movie_id": "101065",
    "author": "crow****",
    "review": "영화 스타일도 영화 후반의 오글거림도 전부 80년대 감성",
    "rating": "5",
    "date": "13.07.11"
  },
  {
    "review_id": "7724671",
    "movie_id": "101065",
    "author": "dmsq****",
    "review": "긴장감있으면서도 묵직한 영화!!! 다소 어렵기도 하지만 한번 더 보면 완벽 이해될것같다 ㅋ 나중에 다시봐야겠음",
    "rating": "10",
    "date": "13.07.11"
  },
  {
    "review_id": "7724668",
    "movie_id": "101065",
    "author": "ehql****",
    "review": "재밌음! 스릴 장난아님ㅋㅋ 재관람 의사도 있음",
    "rating": "10",
    "date": "13.07.11"
  },
  {
    "review_id": "7724664",
    "movie_id": "101065",
    "author": "eunb****",
    "review": "아~~~ 또보고싶다 다시보고싶다 팬텀 ㅜㅜ 너무 감흥이 길게 남는 영화",
    "rating": "10",
    "date": "13.07.11"
  },
  {
    "review_id": "7721072",
    "movie_id": "101065",
    "author": "hjyh****",
    "review": "큰 흥미는 끌지못했지만 , 무게감있는 진행은 좋았음",
    "rating": "7",
    "date": "13.07.09"
  },
  {
    "review_id": "7720675",
    "movie_id": "101065",
    "author": "than****",
    "review": "컴퓨터 그래픽 진짜 후졋다;; 내가 이거 왜봣지? 싶을정도",
    "rating": "1",
    "date": "13.07.09"
  },
  {
    "review_id": "7718851",
    "movie_id": "101065",
    "author": "jayu****",
    "review": "나는 무엇을 위해 목숨을 내놓을 수 있나?",
    "rating": "9",
    "date": "13.07.09"
  },
  {
    "review_id": "7717525",
    "movie_id": "101065",
    "author": "ckdu****",
    "review": "아이고 해리스성님도 이제 노익장이셔 ㅠㅜㅜ",
    "rating": "8",
    "date": "13.07.08"
  },
  {
    "review_id": "7717018",
    "movie_id": "101065",
    "author": "k90c****",
    "review": "컴퓨터 그래픽이 훌륭했다면 더욱 좋았을 것 같다.",
    "rating": "9",
    "date": "13.07.08"
  },
  {
    "review_id": "7715928",
    "movie_id": "101065",
    "author": "ccri****",
    "review": "냉전시대를 아는 세대한테 맞는 영화라...  지금 2,30대 아니 40대도 잘 모를텐데",
    "rating": "5",
    "date": "13.07.07"
  },
  {
    "review_id": "7715697",
    "movie_id": "101065",
    "author": "fyce****",
    "review": "군인의 의무는 전투만이 아니라 전쟁을 막는 것에도 있음을 보여주는 영화.",
    "rating": "10",
    "date": "13.07.07"
  },
  {
    "review_id": "7713987",
    "movie_id": "101065",
    "author": "fait****",
    "review": "에드 해리스의 무게감에 계속 긴장감 있고 마지막은 전우애를 느낄 수 있는",
    "rating": "7",
    "date": "13.07.07"
  },
  {
    "review_id": "7711878",
    "movie_id": "101065",
    "author": "aqsd****",
    "review": "정말... 기대 안하고 보러간건대... 대박이였습니다. 어찌보면 엄청지루하고 시간 안가는 영화일지는 모르겟으나... 집중할수록 점점 빠져드는 !! 무엇보다 마지막이 참 감명 깊었네요",
    "rating": "10",
    "date": "13.07.06"
  },
  {
    "review_id": "7710844",
    "movie_id": "101065",
    "author": "stea****",
    "review": "자칫 밋밋하고 지루하게 담겨질 뻔한 내용이였지만, 탄탄한 구성과 배우들의 연기력이 몰입도를 살렸다.",
    "rating": "9",
    "date": "13.07.06"
  },
  {
    "review_id": "7710130",
    "movie_id": "101065",
    "author": "lovs****",
    "review": "결코 조국을 배반하지 않은  최후의 전투사랑하는 가족을 뒤로한 마지막 항해http://blog.naver.com/lovseed",
    "rating": "9",
    "date": "13.07.06"
  },
  {
    "review_id": "7707391",
    "movie_id": "101065",
    "author": "no5_****",
    "review": "재밋나?",
    "rating": "5",
    "date": "13.07.05"
  },
  {
    "review_id": "7706216",
    "movie_id": "101065",
    "author": "swel****",
    "review": "잠수함처럼 점점 빠져드는 영화였습니다. 코트를 입은 애드 해리스가 정말 인상 깊었습니다. 정말 멋있네요",
    "rating": "10",
    "date": "13.07.05"
  },
  {
    "review_id": "7704313",
    "movie_id": "101065",
    "author": "cura****",
    "review": "연기력을 인정받은 배우들이 나름 노력했지만, 잠수함 내 지휘권 반전 및 핵 위기의 구성은 토니 스콧 감독의 크림슨 타이드를 떠올리게 해 식상했고, 잠수함 영화라는 것을 감안하더라도 영화가 시종일관 어둡고, 영상엔 노이즈가 산재하고 색감이 흐리멍텅했다.",
    "rating": "7",
    "date": "13.07.04"
  }
]