[
  {
    "review_id": "10086072",
    "movie_id": "101062",
    "author": "almo****",
    "review": "저런 아버지가 있다면 정말 든든하겠다.",
    "rating": "6",
    "date": "15.07.10"
  },
  {
    "review_id": "10056363",
    "movie_id": "101062",
    "author": "ueto****",
    "review": "잘 만듬 한국 알바 뺴고 하으어갸세",
    "rating": "10",
    "date": "15.06.30"
  },
  {
    "review_id": "10005629",
    "movie_id": "101062",
    "author": "jjky****",
    "review": "한마디로 냉정하게 표현하면 \"액션도 별로 감동도 별로 스토리도 별로인 그냥 그런저런 영화\" 정도다. 이건 진짜 실화인거 감안해서 평점이 7.08정도가 적당하다.(평점조절위해 1점줌.)",
    "rating": "1",
    "date": "15.06.17"
  },
  {
    "review_id": "9983577",
    "movie_id": "101062",
    "author": "kyki****",
    "review": "마치 코끼리가 개미보고 벌벌 떠는 장면을 보니 쫌 웃겼다.",
    "rating": "8",
    "date": "15.06.07"
  },
  {
    "review_id": "9977698",
    "movie_id": "101062",
    "author": "elto****",
    "review": "일단 영화는 정말 재밋고 잘만들었음 몰입도 최고임 보면서 더락이 참 불쌍하단 생각을했는데...근데 상대가 카르텔인데 그많은 돈이 압수되고 카르텔 윗선이 체포된상태에서 주인공 가족이나 일가족 몰살은 시간문제겠군",
    "rating": "10",
    "date": "15.06.05"
  },
  {
    "review_id": "9952691",
    "movie_id": "101062",
    "author": "2328****",
    "review": "그녕본다그냥보고있다그냥봤다",
    "rating": "10",
    "date": "15.05.26"
  },
  {
    "review_id": "9884557",
    "movie_id": "101062",
    "author": "hear****",
    "review": "그냥 저냥 볼만한 영화~",
    "rating": "7",
    "date": "15.05.01"
  },
  {
    "review_id": "9810746",
    "movie_id": "101062",
    "author": "full****",
    "review": "드웨인존슨이라 화려한 액션 기대했는데 생각지도 않게 화려한 액션보다 그의 연기에 감탄했습니다. 잔잔한데 지루하지도 않고 몰입해서 정말 재밌게 봤어요. 아버지의 분노라기보다 진한 부성애라고 표현해야 맞을것 같네요. 드웨인 존슨 믿고 본 보람이 있네요.",
    "rating": "10",
    "date": "15.03.28"
  },
  {
    "review_id": "9806502",
    "movie_id": "101062",
    "author": "gall****",
    "review": "액션은 Down,  스토리는 Up .  드라마에 가까운 영화라 액션스타 '더 락'의 출연이 필요했을까 의문스럽지만 현실감 있는 스토리 전개는 잔잔한 긴장감이 있다",
    "rating": "6",
    "date": "15.03.25"
  },
  {
    "review_id": "9794083",
    "movie_id": "101062",
    "author": "bp32****",
    "review": "주인공이 좀 작은사이즈의 일반적인 남편의 모습이었다면  더 잘 어울렸을텐데.. 장정 셋은 씹어먹을거같은 덩치가 쩔쩔매니 살짝 어색했음",
    "rating": "9",
    "date": "15.03.19"
  },
  {
    "review_id": "9787604",
    "movie_id": "101062",
    "author": "ksbb****",
    "review": "포스터에 낚이면 절대 안됨 드웨인 존슨이 덩치값 못하는 영화",
    "rating": "4",
    "date": "15.03.16"
  },
  {
    "review_id": "9755502",
    "movie_id": "101062",
    "author": "xx41****",
    "review": "락이이런연기를...잘만들었네",
    "rating": "8",
    "date": "15.03.04"
  },
  {
    "review_id": "9713577",
    "movie_id": "101062",
    "author": "pin_****",
    "review": "테이큰은 딸바보, 스니치는 아들바보. 모두 부성애의 끝판왕들. 아버지는 위대하다!",
    "rating": "10",
    "date": "15.02.19"
  },
  {
    "review_id": "9686888",
    "movie_id": "101062",
    "author": "tull****",
    "review": "드웨인존슨영화중 액션이 제일 적다,,아버지로의 모습을 담으려 애를 |썻고 진지한 연기담으려고 많이 노력해서 볼만한것같다.",
    "rating": "8",
    "date": "15.02.11"
  },
  {
    "review_id": "9650477",
    "movie_id": "101062",
    "author": "tn06****",
    "review": "정말 보는 내내 심잠졸이면서봣다 실화라서그런지 스토리?정말 탄탄하고 아버지의 마음을 알게되서 더욱 재미엇엇던 영화엿덧것 같다 강추함",
    "rating": "9",
    "date": "15.01.30"
  },
  {
    "review_id": "9605501",
    "movie_id": "101062",
    "author": "wins****",
    "review": "진짜 재밌음. 액션은 아님",
    "rating": "9",
    "date": "15.01.17"
  },
  {
    "review_id": "9415953",
    "movie_id": "101062",
    "author": "loly****",
    "review": "진짜웬만하면답글안스는데 평론가평점보고 하도어의없어서씁니다.  영화괜잔습니다. 액션도사실적으로훌륭하고 연출력도훌륭하고 이런영화를 4점이러고 참어의가없네요,근래보기들게 좋은영화같은데여,,안보신분한번보시기바랍니다.",
    "rating": "8",
    "date": "14.11.23"
  },
  {
    "review_id": "9114104",
    "movie_id": "101062",
    "author": "syt0****",
    "review": "실화라니 믿기지가 않는다. 재혼 가정은 어찌되던 이혼가정을 지키려한 주인공이 이해되지 않는다. 현실성 떨어지는데 실화라니 아이러니...",
    "rating": "8",
    "date": "14.08.20"
  },
  {
    "review_id": "9112846",
    "movie_id": "101062",
    "author": "xodu****",
    "review": "특별하게 뛰어난 액션은 없지만 재미있게 잘 봤습니다 ~",
    "rating": "9",
    "date": "14.08.20"
  },
  {
    "review_id": "9066017",
    "movie_id": "101062",
    "author": "rain****",
    "review": "아들을 위한 부정을 그린 영화. 누명을 벗기려는 방향에서의 모습이 없어 안타깝다. 죽음도 불사르는 아버지의 자화상을 그려 좋았고, 드웨인 존슨 특유의 가족애를 느낄 수 있는 영화였다. 더불어, 그가 청소년 범죄예방관련 영화를 선택함에 찬사를 보낸다.",
    "rating": "7",
    "date": "14.08.11"
  },
  {
    "review_id": "9048775",
    "movie_id": "101062",
    "author": "jjy3****",
    "review": "재밌습니다ㅋㅋ근데 평들이 다;;",
    "rating": "9",
    "date": "14.08.08"
  },
  {
    "review_id": "9048636",
    "movie_id": "101062",
    "author": "jung****",
    "review": "음..cgv에서 레드해주길래 다보고 채널돌리다 ocn서 해주길래 보았습니다. 드웨인존슨다운 액션은 없었지만 나름 몰입해서 봤습니다. 항상 할리우드액션영화만 즐겨보셨다면 지루하게 느끼실수도 있습니다. 갠적으로 재밌게보았구 추천!!",
    "rating": "10",
    "date": "14.08.08"
  },
  {
    "review_id": "9048624",
    "movie_id": "101062",
    "author": "dean****",
    "review": "포스터 보고 안보고 있다가...티비에서 우연찮게 해준거 봤는데 괜찮은 영화네여...액션보단 분위기가 마음에 듭니다. 10년전 영화 나크보는 느낌",
    "rating": "8",
    "date": "14.08.08"
  },
  {
    "review_id": "9048552",
    "movie_id": "101062",
    "author": "znfn****",
    "review": "재밋는데? 왜다들그러지",
    "rating": "10",
    "date": "14.08.08"
  },
  {
    "review_id": "8802303",
    "movie_id": "101062",
    "author": "mcvp****",
    "review": "차라리 실화를 바탕으로 하지마라 재밌는 영화를 원하지 현실같이 지루한 영화를 원하는게 아니다",
    "rating": "4",
    "date": "14.06.06"
  },
  {
    "review_id": "8696964",
    "movie_id": "101062",
    "author": "soso****",
    "review": "초반은 지루하지만 보는내내 긴장감과 긴박감이 우수합니다. 드웨인존슨의 재발견이네요. 약간 미스캐스팅 같기도하지만 !",
    "rating": "9",
    "date": "14.05.03"
  },
  {
    "review_id": "8649394",
    "movie_id": "101062",
    "author": "skt6****",
    "review": "제가 이영화를 보니 테이큰이 생각이 나더군요 그래서 별10개 드립니다.",
    "rating": "10",
    "date": "14.04.14"
  },
  {
    "review_id": "8637759",
    "movie_id": "101062",
    "author": "seve****",
    "review": "전문가들 등.신들이 하도 쪼금 줘서 9점으로 할까 하다가 10점 줍니다. 엄청 재미있게 봤거든요 저는. '-' ㅎㅎ.",
    "rating": "10",
    "date": "14.04.09"
  },
  {
    "review_id": "8602278",
    "movie_id": "101062",
    "author": "yjh8****",
    "review": "색다른 분위기에 연출 연기도 괜찮은 영화. 박평식의 평가엔 그저 웃음만.ㅎㅎㅎ",
    "rating": "10",
    "date": "14.03.24"
  },
  {
    "review_id": "8600452",
    "movie_id": "101062",
    "author": "deff****",
    "review": "실화라... 마약 범죄 단호하지만 누명을 쓰는 경우가 많을듯... 마지막 고속도로 씬은 볼만했다 하지만 그걸로 전체 평가를 올리기는 무리",
    "rating": "6",
    "date": "14.03.23"
  },
  {
    "review_id": "8598470",
    "movie_id": "101062",
    "author": "yana****",
    "review": "식상하다고 본다...",
    "rating": "6",
    "date": "14.03.23"
  },
  {
    "review_id": "8598262",
    "movie_id": "101062",
    "author": "hisa****",
    "review": "연기 스토리는 좋은데  실화바탕이라 그런가 액션이 기대이하",
    "rating": "9",
    "date": "14.03.23"
  },
  {
    "review_id": "8583202",
    "movie_id": "101062",
    "author": "dbzh****",
    "review": "액션이나 긴장감은 없다",
    "rating": "6",
    "date": "14.03.17"
  },
  {
    "review_id": "8513711",
    "movie_id": "101062",
    "author": "kxvt****",
    "review": "액션처럼 포장한 감동없는 드라마.",
    "rating": "4",
    "date": "14.02.16"
  },
  {
    "review_id": "8512536",
    "movie_id": "101062",
    "author": "jubo****",
    "review": "법은 무거워야히지만 신중해야한다 영화는 실화라고 보기에는 각색이 어색하다",
    "rating": "5",
    "date": "14.02.16"
  },
  {
    "review_id": "8455115",
    "movie_id": "101062",
    "author": "f00t****",
    "review": "실화+더락 봤다. 재미지다. 근데, 작전실패했음 일가족 개죽음 당했을듯",
    "rating": "8",
    "date": "14.01.31"
  },
  {
    "review_id": "8354350",
    "movie_id": "101062",
    "author": "kkqw****",
    "review": "심각한소재 쉴틈없는 이야기전개",
    "rating": "10",
    "date": "14.01.06"
  },
  {
    "review_id": "8348187",
    "movie_id": "101062",
    "author": "kimb****",
    "review": "3분의 1정도만 봤지만 액션이라기보단 범죄인데..",
    "rating": "5",
    "date": "14.01.04"
  },
  {
    "review_id": "8286640",
    "movie_id": "101062",
    "author": "sa2d****",
    "review": "재미 없다...ㅇㄴㄹ",
    "rating": "6",
    "date": "13.12.24"
  },
  {
    "review_id": "8230860",
    "movie_id": "101062",
    "author": "nice****",
    "review": "'더 락' 드웨인 존슨의 진지한 연기 ... 꽉 짜인 대본과 연출로 보는 내내 긴장의 연속  ... 훈훈한 감동 그 마지막은 아버지의 이름으로 ... 무엇하나 놓칠 수 없는 감춰진 수작 ...",
    "rating": "8",
    "date": "13.12.18"
  },
  {
    "review_id": "8212714",
    "movie_id": "101062",
    "author": "kmck****",
    "review": "잼있게 봤습니다 감동적",
    "rating": "9",
    "date": "13.12.14"
  },
  {
    "review_id": "8202875",
    "movie_id": "101062",
    "author": "haju****",
    "review": "드웨인 다시봤다...액션연기만잘하는줄알았는데 섬세한 감정연기도 잘하네",
    "rating": "8",
    "date": "13.12.10"
  },
  {
    "review_id": "8198827",
    "movie_id": "101062",
    "author": "bein****",
    "review": "재밌다ㅜ 주인공의 눈빛연기도 감동이였음",
    "rating": "10",
    "date": "13.12.08"
  },
  {
    "review_id": "8181326",
    "movie_id": "101062",
    "author": "yosu****",
    "review": "테이큰처럼 먼치킨 아버지가 양민학살 하는 영화는 아닙니다 하지만 아버지가 가지는 책임감과 고뇌 목숨을 걸고 아들을 구하기 위한 투혼이 감동적이고 오히려 먼치킨 아버지가 아니라 현실적인 몰입도가 좋았습니다 더 락의 연기도 정말 좋네요",
    "rating": "10",
    "date": "13.11.30"
  },
  {
    "review_id": "8179001",
    "movie_id": "101062",
    "author": "js_3****",
    "review": "주연의 이름만 보고 또 근육들의 유치한 액션영화겠지 하며 피했었는데 뜻밖이다.",
    "rating": "8",
    "date": "13.11.30"
  },
  {
    "review_id": "8173250",
    "movie_id": "101062",
    "author": "nick****",
    "review": "액션이 부족하다 정말부족하다 혼자 총들고 카르텔가서 죄다 쓸어버리는줄알았는데 그건 개뿔.. 포스터부터 터지는씬인데 정작 터지는씬은 기억도 안남",
    "rating": "5",
    "date": "13.11.28"
  },
  {
    "review_id": "8172559",
    "movie_id": "101062",
    "author": "nina****",
    "review": "실화를 바탕으로 한 영화라 그런지 두근두근 하면서 봤네요.다만 더락을 좋아해서 보시는 분이라면 생각하실점이격투액션은 절대 없다는.. ㅋㅋ 뭐 실화이니 실화의 주인공이 더락처럼 울퉁불퉁하진 않았겟죠 ㅋ 근데 더락 말고 다른 배우였다면 더 좋았을지도.",
    "rating": "7",
    "date": "13.11.28"
  },
  {
    "review_id": "8168256",
    "movie_id": "101062",
    "author": "saro****",
    "review": "와 긴장의 끈을 놓지 않고 진짜 재밌게 봤어요. ㅎㅎ",
    "rating": "10",
    "date": "13.11.25"
  },
  {
    "review_id": "8166085",
    "movie_id": "101062",
    "author": "ghkd****",
    "review": "기대했던 액션은 아니지만 치밀한 구성이 돋보인 한편의 스릴러 드라마랄까? 꽤나 몰입감이 있는듯..",
    "rating": "8",
    "date": "13.11.24"
  },
  {
    "review_id": "8165819",
    "movie_id": "101062",
    "author": "oojj****",
    "review": "액션다운 것도 없고. 아버지의 사랑도 약해 보이고.집중해서 볼 필요도 없었다. 실화 영화여서 그런지 사실위주??",
    "rating": "5",
    "date": "13.11.24"
  },
  {
    "review_id": "8164322",
    "movie_id": "101062",
    "author": "tori****",
    "review": "이제 '더 락'이라 부르지 못하겠다. '드웨인 존슨'.",
    "rating": "7",
    "date": "13.11.24"
  },
  {
    "review_id": "8158329",
    "movie_id": "101062",
    "author": "finc****",
    "review": "반전은 없지만 잘만들엇다",
    "rating": "7",
    "date": "13.11.21"
  },
  {
    "review_id": "8152631",
    "movie_id": "101062",
    "author": "shai****",
    "review": "실화란말에놀랬어요ㅋ 이정도면 무난하네요",
    "rating": "7",
    "date": "13.11.19"
  },
  {
    "review_id": "8142767",
    "movie_id": "101062",
    "author": "syn3****",
    "review": "액션은 개뿔. 아 지루해.",
    "rating": "4",
    "date": "13.11.16"
  },
  {
    "review_id": "8135514",
    "movie_id": "101062",
    "author": "oran****",
    "review": "정말  기대 안 하고 보면 볼 만 합니다  전 더 락  팬심으로 봤어요  내용도 좋고 배우들 연기력도 좋습니다",
    "rating": "10",
    "date": "13.11.13"
  },
  {
    "review_id": "8135196",
    "movie_id": "101062",
    "author": "km18****",
    "review": "쉐인 나와서 10점 준다. 워데 찍느라 고생 많이햇다 ㅋㅋ",
    "rating": "10",
    "date": "13.11.13"
  },
  {
    "review_id": "8134936",
    "movie_id": "101062",
    "author": "mepi****",
    "review": "단순한 액션을 넘어서 시사적인 요소가 많이 들어가 있네요. 그리고 아들에 대한 아버지의 목숨을 건 부정이 대단하네요ㅎㅎ",
    "rating": "10",
    "date": "13.11.13"
  },
  {
    "review_id": "8134772",
    "movie_id": "101062",
    "author": "nimo****",
    "review": "기대안하고봐서 다행이다..",
    "rating": "1",
    "date": "13.11.13"
  },
  {
    "review_id": "8124462",
    "movie_id": "101062",
    "author": "fait****",
    "review": "액션은 약하지만 시종일관 긴장되고 진지한",
    "rating": "8",
    "date": "13.11.08"
  },
  {
    "review_id": "8103582",
    "movie_id": "101062",
    "author": "milk****",
    "review": "더락 하면 잡아서 후려패고 이런건줄 알았는데 아니었다. 근데 이런것도 잘어울리고 연기 잘하네",
    "rating": "10",
    "date": "13.10.31"
  },
  {
    "review_id": "8099776",
    "movie_id": "101062",
    "author": "2958****",
    "review": "이게영화냐 시간이아깝다 ㄹㅇ",
    "rating": "1",
    "date": "13.10.29"
  },
  {
    "review_id": "8085505",
    "movie_id": "101062",
    "author": "ifon****",
    "review": "화려한액션도없고 평점에는못미치지만 아버지의 위대함하나로 충분하네요♥ 드웨인은 역시나 멋있고 존번탈도 워킹데드와는 다른색다른모습!",
    "rating": "8",
    "date": "13.10.24"
  },
  {
    "review_id": "8082855",
    "movie_id": "101062",
    "author": "kos4****",
    "review": "父情, 액션, 마약, 총, 자동차, 돈... 없는 것은 여자다.",
    "rating": "7",
    "date": "13.10.23"
  },
  {
    "review_id": "8080585",
    "movie_id": "101062",
    "author": "powe****",
    "review": "보는내내 지루....",
    "rating": "6",
    "date": "13.10.22"
  },
  {
    "review_id": "8073920",
    "movie_id": "101062",
    "author": "soit****",
    "review": "얘기는 긴장감있게 풀어나가지만, 뭔가 재미가 없다.",
    "rating": "5",
    "date": "13.10.20"
  },
  {
    "review_id": "8060426",
    "movie_id": "101062",
    "author": "klov****",
    "review": "8점8점8점8점8점",
    "rating": "8",
    "date": "13.10.14"
  },
  {
    "review_id": "8058825",
    "movie_id": "101062",
    "author": "iixo****",
    "review": "어떤 기대를 갖고 어떤 기분으로 보느냐가 중요한데 배우가 가진 이미지와 포스터에 낚였네요. 액션이라기 보다 드라마에 가까워요.. 우울해서 기분전환 겸 본건데...",
    "rating": "7",
    "date": "13.10.13"
  },
  {
    "review_id": "8056349",
    "movie_id": "101062",
    "author": "k789****",
    "review": "아버지라는 이름으로.",
    "rating": "8",
    "date": "13.10.12"
  },
  {
    "review_id": "8038329",
    "movie_id": "101062",
    "author": "scro****",
    "review": "드웨인 존슨의 시원한 액션씬을 기대하며 봤는데 이렇다할 액션씬이 없어 조금 아쉬웠습니다. 하지만 드웨인 존슨 특유의 연기와 가슴 와닿는 부성애, 그리고 이모든게 실화라는점이 영화보는 내내 몰입도를 높여준것 같네요. 화려한 액션을 기대한다면 비추~",
    "rating": "7",
    "date": "13.10.06"
  },
  {
    "review_id": "8038147",
    "movie_id": "101062",
    "author": "spor****",
    "review": "진짜 멋지다. 아버지라는 이름으로",
    "rating": "10",
    "date": "13.10.05"
  },
  {
    "review_id": "8032589",
    "movie_id": "101062",
    "author": "star****",
    "review": "배리 페퍼가 나와서 이영화를 보게 됬지만아버지란 사람의 자식을 위해 뭐든 하려는 책임감?그런게보였던거 같네요.",
    "rating": "8",
    "date": "13.10.03"
  },
  {
    "review_id": "8027878",
    "movie_id": "101062",
    "author": "kis5****",
    "review": "진짜 포스터 ㅋ 낚는것두 가지가지네. 총쏘는 두번 자동차 추격씬 한번 액션이라곤 꼴랑이정도인데 이걸 액션으로 포장할정도는 아님. 그냥 실화를 바탕으로한 드라마라고해야할듯. 스토리괜찮구 볼만했음.",
    "rating": "8",
    "date": "13.10.02"
  },
  {
    "review_id": "8019391",
    "movie_id": "101062",
    "author": "gurk****",
    "review": "짧고 굵다 굿샷!잘못 알고 계시는데 존 아들은 마약을 하려고 하다가 잡힌게 아니라 팔려다가 잡힌겁니다 그러니 형량에 쎄죠. 밑에 분 잘못 알고 계신 듯해요",
    "rating": "10",
    "date": "13.09.28"
  },
  {
    "review_id": "8015290",
    "movie_id": "101062",
    "author": "wngu****",
    "review": "아버지의 자식사랑....무슨 수를 써서라도 아들을 위해 한 몸 던지는 주인공....그리고 드웨인 존슨의 연기력이 가면 갈수록 좋아진다.",
    "rating": "10",
    "date": "13.09.25"
  },
  {
    "review_id": "8007114",
    "movie_id": "101062",
    "author": "park****",
    "review": "더락의 정극 도전!   포스터를 보고 화끈한 액션은 기대했나? 그렇다면 배급사에게 낚인것이다!! 이거슨 드라마이다!  p.s 드웨인존슨이 얻어 맞는 유일한 영화",
    "rating": "8",
    "date": "13.09.21"
  },
  {
    "review_id": "7999154",
    "movie_id": "101062",
    "author": "zzxx****",
    "review": "11111111",
    "rating": "10",
    "date": "13.09.20"
  },
  {
    "review_id": "7991619",
    "movie_id": "101062",
    "author": "stj1****",
    "review": "지때문에 아버지는 목숨까지 거는데 입뻥끗 안하는 애샛기가 깝깝한 생각만 들더군..",
    "rating": "7",
    "date": "13.09.18"
  },
  {
    "review_id": "7965042",
    "movie_id": "101062",
    "author": "wist****",
    "review": "평점이 왜 이러냐 알바 았는 듯하네. 시간 아까워.",
    "rating": "1",
    "date": "13.09.11"
  },
  {
    "review_id": "7959403",
    "movie_id": "101062",
    "author": "ikn0****",
    "review": "아쉬운 미스 캐스팅",
    "rating": "8",
    "date": "13.09.08"
  },
  {
    "review_id": "7955130",
    "movie_id": "101062",
    "author": "jord****",
    "review": "드웨인존슨 다시봤다. 연기력이 살아있다. 이전 영화들하고는 완전 다른데?... 이젠 정말 영화배우라 부르고 싶다. 영화는 당연 박진감 넘치고 재밋다.",
    "rating": "10",
    "date": "13.09.07"
  },
  {
    "review_id": "7954246",
    "movie_id": "101062",
    "author": "bsk9****",
    "review": "실화를 바탕으로 한 드웨인존슨의 부성애. 액션보단 드라마에 가까운 듯",
    "rating": "6",
    "date": "13.09.07"
  },
  {
    "review_id": "7951114",
    "movie_id": "101062",
    "author": "lkyl****",
    "review": "난 포스터 보고 그냥 액션영화일줄알았는데 의미도 있고 감동도 있고",
    "rating": "8",
    "date": "13.09.05"
  },
  {
    "review_id": "7941874",
    "movie_id": "101062",
    "author": "ilov****",
    "review": "지루하지않고, 스토리 있고, 액션도 적당히 있고~주인공이 경찰과 연루될만한 일이 너무 늦게서야 조사되서 밝혀지고, 조직보스가 너무 쉽게 잡힌게 흠이긴하지만 볼만했다",
    "rating": "8",
    "date": "13.09.01"
  },
  {
    "review_id": "7933642",
    "movie_id": "101062",
    "author": "psp2****",
    "review": "더락 왠일이냐 내가 너의 영화를 보고 만족 할때가!",
    "rating": "8",
    "date": "13.08.29"
  },
  {
    "review_id": "7917741",
    "movie_id": "101062",
    "author": "af_k****",
    "review": "보기전에는 단순한 액션물이라고만 생각했는데 여운이 남는 영화네요",
    "rating": "10",
    "date": "13.08.24"
  },
  {
    "review_id": "7897127",
    "movie_id": "101062",
    "author": "don0****",
    "review": "덜떨어진 아들때문에 고생하는 아빠이야기",
    "rating": "6",
    "date": "13.08.18"
  },
  {
    "review_id": "7894364",
    "movie_id": "101062",
    "author": "bogd****",
    "review": "ㅅㅂ 한국 포스터 바꿔라 존나 액션영환줄 알고 봤다고 실망함.. 근데 액션영화 아닌줄 알고 봤으면 차라리 평점 많이 줬을듯.. 아버지의 용기가 가상했다",
    "rating": "7",
    "date": "13.08.17"
  },
  {
    "review_id": "7887781",
    "movie_id": "101062",
    "author": "danz****",
    "review": "레슬링 선수 같이 생긴 아버지가 왕따같이 생긴 마약쟁이 아들을 구하기 위해 카르텔 인던 최고 보스를 잡는다라.. 액션도 없고 그냥 골리앗처럼 생긴 트럭만 나온다.. 이거 볼라면 맨온더파이어나 한번 더보는게 나을듯..",
    "rating": "5",
    "date": "13.08.16"
  },
  {
    "review_id": "7886412",
    "movie_id": "101062",
    "author": "qpt9****",
    "review": "막 엄청 액션이 화려하거나 하지는 않지만 아버지의 사랑이 돋보이고 긴장도 있는 그런 영화 였음",
    "rating": "8",
    "date": "13.08.15"
  },
  {
    "review_id": "7883397",
    "movie_id": "101062",
    "author": "do11****",
    "review": "분질급의 액션을 원했지만...이것도 나름 나쁘진 않았슴....영화포스터는 우리나라고유의 낚시..;;;안타깝다..;",
    "rating": "8",
    "date": "13.08.15"
  },
  {
    "review_id": "7879440",
    "movie_id": "101062",
    "author": "asw1****",
    "review": "드웨인 존슨의 액션을 기대했다면 실망한다. 실화바탕의 현실감있는 부정넘치는 영화. 액션을 기대하면 지루해지니 느긋하게 보도록.",
    "rating": "5",
    "date": "13.08.14"
  },
  {
    "review_id": "7860442",
    "movie_id": "101062",
    "author": "cont****",
    "review": "드웨인 존슨의 진지한 연기가 좋았다",
    "rating": "8",
    "date": "13.08.08"
  },
  {
    "review_id": "7850418",
    "movie_id": "101062",
    "author": "hjmm****",
    "review": "돈주곤 보지마라  액션없다 총질몆번뿐",
    "rating": "6",
    "date": "13.08.06"
  },
  {
    "review_id": "7849984",
    "movie_id": "101062",
    "author": "whdg****",
    "review": "이 영화 욕하는 사람들 그냥 자식은 커녕 앞으로 결혼도 못할 OOO들이다.",
    "rating": "10",
    "date": "13.08.06"
  },
  {
    "review_id": "7842429",
    "movie_id": "101062",
    "author": "a197****",
    "review": "노래가종아9876543210",
    "rating": "10",
    "date": "13.08.05"
  },
  {
    "review_id": "7825376",
    "movie_id": "101062",
    "author": "ukek****",
    "review": "나름 감동적임. 아빠의 사랑ㅠㅠ",
    "rating": "8",
    "date": "13.08.03"
  },
  {
    "review_id": "7815592",
    "movie_id": "101062",
    "author": "hsd5****",
    "review": "나름 액션이 멋있었다.",
    "rating": "9",
    "date": "13.08.02"
  },
  {
    "review_id": "7800601",
    "movie_id": "101062",
    "author": "qlen****",
    "review": "북미 팍스 오피스1위. 강한 아버지의 아들을 위한 지루한 사투.",
    "rating": "7",
    "date": "13.07.30"
  },
  {
    "review_id": "7799097",
    "movie_id": "101062",
    "author": "todo****",
    "review": "어떤 날 아무 기대안하다가 좋은 선물을 받은 느낌. 실화가 바탕인 걸 떠나 가족을 지키는 이야기는 언제나 괜찮은 개연성을 선사한다.",
    "rating": "8",
    "date": "13.07.30"
  },
  {
    "review_id": "7796689",
    "movie_id": "101062",
    "author": "ih31****",
    "review": "재밌던데요? 질질끄는게 좀 그렇긴 했음ㅋ",
    "rating": "8",
    "date": "13.07.29"
  }
]