[
  {
    "review_id": "10127659",
    "movie_id": "101054",
    "author": "ske4****",
    "review": "난 오늘 하루도 옥보단이란 단어만 떠올리며 발기찬하루를 시작한다!",
    "rating": "10",
    "date": "15.07.22"
  },
  {
    "review_id": "9992130",
    "movie_id": "101054",
    "author": "air5****",
    "review": "막판 10분이 하이라이트다!",
    "rating": "10",
    "date": "15.06.12"
  },
  {
    "review_id": "9974545",
    "movie_id": "101054",
    "author": "para****",
    "review": "이걸로 즐딸함 슴가 굿 ㅋ",
    "rating": "8",
    "date": "15.06.04"
  },
  {
    "review_id": "9874818",
    "movie_id": "101054",
    "author": "tlcf****",
    "review": "음 최후의 5분을 보셧으면 10개 줘야지",
    "rating": "10",
    "date": "15.04.28"
  },
  {
    "review_id": "9847085",
    "movie_id": "101054",
    "author": "frie****",
    "review": "색즉시공보다 볼만함ㅋㅋ 여주들이 다 이쁘고 몸매죽임",
    "rating": "9",
    "date": "15.04.15"
  },
  {
    "review_id": "9654344",
    "movie_id": "101054",
    "author": "sipj****",
    "review": "다니엘라 왕 몸매가 거의 모니카 벨루치 급이다",
    "rating": "6",
    "date": "15.01.31"
  },
  {
    "review_id": "9651737",
    "movie_id": "101054",
    "author": "best****",
    "review": "로맨틱코미디와 애로가 썪인 기대이상의 수작 여부우도 겁나 이쁘다 지타 첮사랑녀 야동녀 텐프로녀",
    "rating": "10",
    "date": "15.01.30"
  },
  {
    "review_id": "9622124",
    "movie_id": "101054",
    "author": "mcsj****",
    "review": "재미없을줄알았는데 전혀 안지루함. 볼만함.",
    "rating": "10",
    "date": "15.01.22"
  },
  {
    "review_id": "9569999",
    "movie_id": "101054",
    "author": "cred****",
    "review": "에로물 영화중에 가장 유쾌하고 재미있게 봤다. 한남자의 성장기 같은?",
    "rating": "9",
    "date": "15.01.07"
  },
  {
    "review_id": "9272209",
    "movie_id": "101054",
    "author": "bbkw****",
    "review": "재미와 눈요기 모두를 만족시킨 수작입니다. 후반에 슴가 큰 여주인공도 그렇지만 초반 주인공이 짝사랑한 귀여운 여배우도 매우 굿굿~!",
    "rating": "10",
    "date": "14.10.07"
  },
  {
    "review_id": "9119561",
    "movie_id": "101054",
    "author": "nlc3****",
    "review": "100번 쳣씀..  죽인다 해~~",
    "rating": "10",
    "date": "14.08.21"
  },
  {
    "review_id": "8951915",
    "movie_id": "101054",
    "author": "cans****",
    "review": "아무리 원래 평점평은 알바들이 지배했다지만 이제 영화알바도 짱개들이 지배하는듯 이 영화에 색즉시공을 비교하는 짱개들의 패기에 어이없음과 거부감을 느낀다.노잼,노감동,노눈요기,줄수있다면 평점 0점을 주고 싶다.영화 포스터만도 못한 내용",
    "rating": "1",
    "date": "14.07.24"
  },
  {
    "review_id": "8917338",
    "movie_id": "101054",
    "author": "y156****",
    "review": "마지막에 ost가 다 살렸다 나름 타임킬링으로 갠찬음 아무생각없이 웃을수있음",
    "rating": "3",
    "date": "14.07.15"
  },
  {
    "review_id": "8683310",
    "movie_id": "101054",
    "author": "ehql****",
    "review": "잼잇당  우오어여 너 추런",
    "rating": "10",
    "date": "14.04.30"
  },
  {
    "review_id": "8325848",
    "movie_id": "101054",
    "author": "bsb1****",
    "review": "하루키가 묻어나는영화 어릴적 경험들을 풀어내는것부터 성인이됐을때 어릴적 경험을 적절히 삽입했던게 기억에남는다",
    "rating": "8",
    "date": "13.12.30"
  },
  {
    "review_id": "8204282",
    "movie_id": "101054",
    "author": "k246****",
    "review": "야한 짓이 하고 싶어진다^^;",
    "rating": "10",
    "date": "13.12.10"
  },
  {
    "review_id": "8162744",
    "movie_id": "101054",
    "author": "kupu****",
    "review": "중국영화라는거 외엔 옥보단하곤 전혀 관계없는 내용이지요.",
    "rating": "10",
    "date": "13.11.23"
  },
  {
    "review_id": "8034595",
    "movie_id": "101054",
    "author": "l1mi****",
    "review": "꽤 웃기다 걍 웃고 야시시한 즐기는 킬링타임 ㅋㅋ",
    "rating": "10",
    "date": "13.10.04"
  },
  {
    "review_id": "8027058",
    "movie_id": "101054",
    "author": "ariw****",
    "review": "생각보다 퇴폐적이지는 않다스토리도 있고....배울점도 있고....",
    "rating": "4",
    "date": "13.10.02"
  },
  {
    "review_id": "7996507",
    "movie_id": "101054",
    "author": "dlwo****",
    "review": "ㅋㅋㅋㅋ",
    "rating": "2",
    "date": "13.09.19"
  },
  {
    "review_id": "7957786",
    "movie_id": "101054",
    "author": "hann****",
    "review": "왜이런걸 봤는지 나도 참~~",
    "rating": "4",
    "date": "13.09.08"
  },
  {
    "review_id": "7850618",
    "movie_id": "101054",
    "author": "gura****",
    "review": "그래도 막판에 교훈은 주니까 점수 좀이라도 주는것ㅋㅋ",
    "rating": "4",
    "date": "13.08.06"
  },
  {
    "review_id": "7785647",
    "movie_id": "101054",
    "author": "obm5****",
    "review": "빡친다해 밑에 색기 죽인다해.",
    "rating": "1",
    "date": "13.07.26"
  },
  {
    "review_id": "7729214",
    "movie_id": "101054",
    "author": "supe****",
    "review": "재밌다해 역시 옥보단은 교훈이 있다해 딸감영화 ㄴ ㄴ해 편견 버리고 보면 재밌다해",
    "rating": "10",
    "date": "13.07.12"
  },
  {
    "review_id": "7588525",
    "movie_id": "101054",
    "author": "riph****",
    "review": "영화라고 하기에도 뭣할 정도로 빈 영화",
    "rating": "1",
    "date": "13.06.06"
  },
  {
    "review_id": "7552028",
    "movie_id": "101054",
    "author": "dbsw****",
    "review": "좋아, 아주 좋아~",
    "rating": "1",
    "date": "13.05.24"
  },
  {
    "review_id": "7529438",
    "movie_id": "101054",
    "author": "kis5****",
    "review": "에로장면몇개 이외엔 정말 지루하구 허접함. 중궈는 현대물은 유치하구 잼없어. 그냥 무협이나 만들어야지.",
    "rating": "5",
    "date": "13.05.15"
  },
  {
    "review_id": "7472687",
    "movie_id": "101054",
    "author": "rheh****",
    "review": "ㅋㅋㅋㅋㅋㅋㅋㅋㅋㅋㅋㅎㄹㅎㄹㄹㄹㄹㅋㅋㄹㅋㅎㅋㅎㅋㅎㅋㅎㅋㅎㅋㅎㅋㅋㅋㅋㅋㅋㅎㅎㅎㅋㅎㅎㄹㅎㅎㄹ재게사자재가수숫구둗ㅎㄷ자자무",
    "rating": "10",
    "date": "13.04.21"
  },
  {
    "review_id": "7433269",
    "movie_id": "101054",
    "author": "yade****",
    "review": "다니엘라왕 몸매가....아직도 머릿속에서 지워지지 않는다 허",
    "rating": "8",
    "date": "13.04.03"
  },
  {
    "review_id": "7324159",
    "movie_id": "101054",
    "author": "take****",
    "review": "막판 베드신만으로도 충분히 가치있는 영화!!!",
    "rating": "6",
    "date": "13.03.04"
  },
  {
    "review_id": "7298832",
    "movie_id": "101054",
    "author": "ksbu****",
    "review": "하  씨발 이런 핵쓰레기를 영화라고 만들었냐? 술기운 빌려서 봤는데도 욕이 절로 나온다.. 이거 보고 꼴리는 사람은 진짜 병원가봐야됨.. 그냥 딸감으로도 못쓰는  쓰레기영화임 ㅡㅡ",
    "rating": "1",
    "date": "13.02.24"
  },
  {
    "review_id": "7236840",
    "movie_id": "101054",
    "author": "almo****",
    "review": "중국판 몽정기냐",
    "rating": "3",
    "date": "13.02.08"
  },
  {
    "review_id": "7208495",
    "movie_id": "101054",
    "author": "milk****",
    "review": "Daniella Wang.. 끝내주는 몸매다.,.,",
    "rating": "4",
    "date": "13.02.01"
  },
  {
    "review_id": "7156008",
    "movie_id": "101054",
    "author": "gusq****",
    "review": "쩝. .",
    "rating": "5",
    "date": "13.01.23"
  },
  {
    "review_id": "7096966",
    "movie_id": "101054",
    "author": "zkdl****",
    "review": "여자도죽이고~재미있음",
    "rating": "10",
    "date": "13.01.09"
  },
  {
    "review_id": "7095013",
    "movie_id": "101054",
    "author": "yang****",
    "review": "최악이다..내용이 없다..",
    "rating": "1",
    "date": "13.01.09"
  },
  {
    "review_id": "7077585",
    "movie_id": "101054",
    "author": "pepe****",
    "review": "막판 베드신만 보면 된다",
    "rating": "1",
    "date": "13.01.03"
  },
  {
    "review_id": "7069993",
    "movie_id": "101054",
    "author": "ayan****",
    "review": "도대체 뭘 의도하는지 좀처럼 일수없다!!  옥보단 이름만 빌린 사기극 ㅡㅡ  이렇게 재미없어도되는걸까??   저급해도 유쾌한 애로코메디를 기대했것만 ㅡㅡ 이도저도 아닌 삼류라고 말하기도 욕이나온다!",
    "rating": "1",
    "date": "13.01.01"
  },
  {
    "review_id": "7064092",
    "movie_id": "101054",
    "author": "sunh****",
    "review": "그냥 끊어치기로 살펴보면 되지 머",
    "rating": "5",
    "date": "12.12.30"
  },
  {
    "review_id": "7054838",
    "movie_id": "101054",
    "author": "love****",
    "review": "진짜 쓰레기 중의 쓰레기 영화 애로틱 하지도 않고 ...코믹 하지도 않고... 내 4000원이 아깝다 ㅠㅠ 젠장",
    "rating": "1",
    "date": "12.12.27"
  },
  {
    "review_id": "7043324",
    "movie_id": "101054",
    "author": "flas****",
    "review": "시간이 아깝다. 코미디인데 웃을 포인트가 없음",
    "rating": "1",
    "date": "12.12.25"
  },
  {
    "review_id": "7038439",
    "movie_id": "101054",
    "author": "han3****",
    "review": "초반부에 조금 잼있을것 같은데.. 딱히 별거 없다~",
    "rating": "5",
    "date": "12.12.24"
  },
  {
    "review_id": "7037875",
    "movie_id": "101054",
    "author": "tank****",
    "review": "알바들이 많네...ㅋ 시간이 남아 돌아도 보지않는게 정신건강에 좋음.",
    "rating": "1",
    "date": "12.12.24"
  },
  {
    "review_id": "7032840",
    "movie_id": "101054",
    "author": "tlaq****",
    "review": "홍콩판 색즉시공",
    "rating": "7",
    "date": "12.12.23"
  },
  {
    "review_id": "7027301",
    "movie_id": "101054",
    "author": "a109****",
    "review": "기대하고 본거아니지만 옥보단 전편들은 볼만하더만 이번건 별루다.",
    "rating": "6",
    "date": "12.12.21"
  },
  {
    "review_id": "7023735",
    "movie_id": "101054",
    "author": "pw12****",
    "review": "뭐..볼거리도 별로고 내용도 없고....코미디도 아니고 에로도 아니고...",
    "rating": "6",
    "date": "12.12.20"
  },
  {
    "review_id": "7023048",
    "movie_id": "101054",
    "author": "mrcs****",
    "review": "색즉시공.아메리칸 파이보다 재밌네요",
    "rating": "10",
    "date": "12.12.20"
  },
  {
    "review_id": "7021536",
    "movie_id": "101054",
    "author": "ph0n****",
    "review": "와 나 짱깨영화 이렇게 재밌게본적처음이야..남자들이여 이영화보면 적어도 후회는안한다...가슴이 어우...",
    "rating": "10",
    "date": "12.12.20"
  },
  {
    "review_id": "7019878",
    "movie_id": "101054",
    "author": "ckdg****",
    "review": "놀랬다. 짱개 영화라 이상할줄 알았는데..  정말 잘만들었다. 마치 한국판 색즉시공을 보는 느낌이였다. 아니 색즉시공보다 더 웃겼다 솔직히 ㅋㅋㅋ 담배피는 간지남 존ㄴ ㅏ웃김 ㅋㅋㅋㅋㅋㅋㅋㅋㅋㅋㅋㅋㅋ",
    "rating": "10",
    "date": "12.12.19"
  },
  {
    "review_id": "7019141",
    "movie_id": "101054",
    "author": "ahfo****",
    "review": "짱깨 영화치고 괜찮았다 주물럭 주물럭 한국 여배우들은 가슴성형해서가슴 주물럭 하는 장면 거의안나오는데  배드신은 별로였는데내가 본 짱깨19금 영화중에선 가장 괜찮아서 9점준다",
    "rating": "9",
    "date": "12.12.19"
  }
]