[
  {
    "review_id": "7477181",
    "movie_id": "101166",
    "author": "tjgu****",
    "review": "너무좋아요ㅠㅠ",
    "rating": "10",
    "date": "13.04.23"
  },
  {
    "review_id": "7451546",
    "movie_id": "101166",
    "author": "choy****",
    "review": "짱",
    "rating": "10",
    "date": "13.04.11"
  },
  {
    "review_id": "7444198",
    "movie_id": "101166",
    "author": "zldd****",
    "review": "짱",
    "rating": "10",
    "date": "13.04.08"
  },
  {
    "review_id": "7430133",
    "movie_id": "101166",
    "author": "odjs****",
    "review": "역시 윤도현 멋있다.",
    "rating": "10",
    "date": "13.04.02"
  },
  {
    "review_id": "7411630",
    "movie_id": "101166",
    "author": "ddoo****",
    "review": "악동뮤지션이 짱!!! 라쿤 떨어진건 아쉽지만... 악동뮤지션 방예담 앤드류최 모두 응원합니다♥ 이젠 이중에 누가 우승해도 괜찮을거같다는 생각이..",
    "rating": "10",
    "date": "13.03.25"
  },
  {
    "review_id": "7358104",
    "movie_id": "101166",
    "author": "gmlw****",
    "review": "악동뮤직션 온니 오빠 꼭!가수돼야돼 난 악동뮤지션 팬♥♥",
    "rating": "10",
    "date": "13.03.17"
  },
  {
    "review_id": "7349878",
    "movie_id": "101166",
    "author": "ezez****",
    "review": "악동뮤지션 화이팅! 아마추어 싱어송라이터의 신!",
    "rating": "10",
    "date": "13.03.15"
  },
  {
    "review_id": "7341102",
    "movie_id": "101166",
    "author": "coqh****",
    "review": "악동뮤지션 꼭 1등 하시길! 악동 뮤지션 파이팅!!",
    "rating": "10",
    "date": "13.03.11"
  },
  {
    "review_id": "7340811",
    "movie_id": "101166",
    "author": "swch****",
    "review": "악동뮤지션 홧팅!",
    "rating": "10",
    "date": "13.03.11"
  },
  {
    "review_id": "7340136",
    "movie_id": "101166",
    "author": "komj****",
    "review": "악동뮤지션 대박!! 그런데 신지훈 탈락되면...ㅠㅠ",
    "rating": "10",
    "date": "13.03.11"
  },
  {
    "review_id": "7328955",
    "movie_id": "101166",
    "author": "ahw5****",
    "review": "악동뮤지션,방예담 대박임..!!재밌성..",
    "rating": "9",
    "date": "13.03.07"
  },
  {
    "review_id": "7326513",
    "movie_id": "101166",
    "author": "5832****",
    "review": "ㅈ지이이이이이이이이잉이이ㅣ이이이이인짜재밌어요ㅜㅜㅜㅜㅜ",
    "rating": "10",
    "date": "13.03.05"
  },
  {
    "review_id": "7324098",
    "movie_id": "101166",
    "author": "sb11****",
    "review": "심사에 공감이 안데는 경우가있다.",
    "rating": "5",
    "date": "13.03.04"
  },
  {
    "review_id": "7318166",
    "movie_id": "101166",
    "author": "ljy7****",
    "review": "진짜 악동뮤지션이 진리임ㅋㅋㅋㅋ",
    "rating": "10",
    "date": "13.03.02"
  },
  {
    "review_id": "7310613",
    "movie_id": "101166",
    "author": "mjj0****",
    "review": "완전 만족!그런데 일대일 대결은 별루네요담 케이팝스타3때는 하지마세요암튼 재밌어요ㅎ",
    "rating": "10",
    "date": "13.02.28"
  },
  {
    "review_id": "7307594",
    "movie_id": "101166",
    "author": "jmy1****",
    "review": "시즌1때보다 재미는 확실히 있음!! 참가자 수준도 높아졌고ㅎㅎ라쿤보이즈랑 악동뮤지션, 신지훈 보는 재미로 보고있음!",
    "rating": "9",
    "date": "13.02.27"
  },
  {
    "review_id": "7294654",
    "movie_id": "101166",
    "author": "byk0****",
    "review": "ㅎㅎ너무 재밌어요ㅎㅎㅎ 케이팝스타 최고~~일요잉ㄹ만 기다려요.",
    "rating": "10",
    "date": "13.02.23"
  },
  {
    "review_id": "7287549",
    "movie_id": "101166",
    "author": "roon****",
    "review": "심사가 너무..........",
    "rating": "3",
    "date": "13.02.21"
  },
  {
    "review_id": "7284328",
    "movie_id": "101166",
    "author": "jerr****",
    "review": "sbs가 돈벌라고 작정함 ㅇㅇ",
    "rating": "1",
    "date": "13.02.20"
  },
  {
    "review_id": "7281365",
    "movie_id": "101166",
    "author": "etke****",
    "review": "심사.....악동뮤지션...........ㅠ_ㅠ그래도 잼 있으",
    "rating": "5",
    "date": "13.02.19"
  },
  {
    "review_id": "7278794",
    "movie_id": "101166",
    "author": "6130****",
    "review": "심사를 좀더 잘 했으면,,악뮤.........",
    "rating": "1",
    "date": "13.02.18"
  },
  {
    "review_id": "7276454",
    "movie_id": "101166",
    "author": "suri****",
    "review": "그러려니",
    "rating": "6",
    "date": "13.02.17"
  },
  {
    "review_id": "7251685",
    "movie_id": "101166",
    "author": "jeon****",
    "review": "악뮤bbbb",
    "rating": "10",
    "date": "13.02.11"
  },
  {
    "review_id": "7120886",
    "movie_id": "101166",
    "author": "dntj****",
    "review": "솔까 악뮤가 이프로살림 ㅋㅋ",
    "rating": "1",
    "date": "13.01.16"
  },
  {
    "review_id": "6994612",
    "movie_id": "101166",
    "author": "deff****",
    "review": "몽골 남매 악동뮤지션 니네들이 이 프로 살려주는구나",
    "rating": "7",
    "date": "12.12.12"
  },
  {
    "review_id": "6993673",
    "movie_id": "101166",
    "author": "spor****",
    "review": "최고.",
    "rating": "10",
    "date": "12.12.11"
  },
  {
    "review_id": "6936758",
    "movie_id": "101166",
    "author": "qorr****",
    "review": "굿",
    "rating": "10",
    "date": "12.11.29"
  },
  {
    "review_id": "6911461",
    "movie_id": "101166",
    "author": "anth****",
    "review": "완존재밌어",
    "rating": "10",
    "date": "12.11.22"
  }
]