[
  {
    "review_id": "9466190",
    "movie_id": "101143",
    "author": "yusj****",
    "review": "가족에 따뜻함을 느낄수있는 드라마였습니다. 반면 장현성씨는 모든것을 잃었군요...",
    "rating": "10",
    "date": "14.12.11"
  },
  {
    "review_id": "9420934",
    "movie_id": "101143",
    "author": "ske4****",
    "review": "1점준놈 때려주고 싶다!!",
    "rating": "10",
    "date": "14.11.25"
  },
  {
    "review_id": "7102305",
    "movie_id": "101143",
    "author": "yjho****",
    "review": "몇 주 동안 연작으로 한건데 매 주 기다려서 봤음 ㅎㅎ 감동이 있음 (오랜만에 확수정씨도 나와서 기대하고 봄)",
    "rating": "7",
    "date": "13.01.11"
  },
  {
    "review_id": "6975282",
    "movie_id": "101143",
    "author": "wjdq****",
    "review": "이거 나름 재미있는데?",
    "rating": "8",
    "date": "12.12.05"
  },
  {
    "review_id": "6966247",
    "movie_id": "101143",
    "author": "tlsg****",
    "review": "1빠기념",
    "rating": "1",
    "date": "12.12.03"
  }
]