[
  {
    "review_id": "9430942",
    "movie_id": "101173",
    "author": "vkdz****",
    "review": "저도 출연진때문에 안봐지네요..은씨",
    "rating": "1",
    "date": "14.11.29"
  },
  {
    "review_id": "8946161",
    "movie_id": "101173",
    "author": "crom****",
    "review": "유용한 정보는 많지만, 징그러운 화면 좀 적당히 가려서 내보내 주세요. 흐리게 표시를 하시든지..  임신 중인데 덜컥 보고 놀랐습니다 ㅠㅠ",
    "rating": "3",
    "date": "14.07.23"
  },
  {
    "review_id": "8478443",
    "movie_id": "101173",
    "author": "ksh0****",
    "review": "유익한 정보가 가득한  프로네요또 못보던 이선민씨도 보니 반갑기도 하네요",
    "rating": "8",
    "date": "14.02.05"
  },
  {
    "review_id": "8385558",
    "movie_id": "101173",
    "author": "chur****",
    "review": "출연진이 보기 싫어요ㅠ",
    "rating": "1",
    "date": "14.01.15"
  },
  {
    "review_id": "8385534",
    "movie_id": "101173",
    "author": "okc0****",
    "review": "별로 재미가 없네요 질질 끄네요",
    "rating": "1",
    "date": "14.01.15"
  },
  {
    "review_id": "8137548",
    "movie_id": "101173",
    "author": "pkhu****",
    "review": "표지만왜그리뜸을들이나요. 내용은유익하고좋은데 감동도없고, 재미도없고 왜그리질질끄는지모르겠네요!",
    "rating": "1",
    "date": "13.11.14"
  },
  {
    "review_id": "8135916",
    "movie_id": "101173",
    "author": "silv****",
    "review": "유익한 정보였으나, 후반에 출연진들 두피검사결과 얘기하주던 여의사분! 솔직한 표현도 도가 지나쳐 사유리씨에게 좀 심하게 말하더군여! 이렇게 더러운 머리는 처음 봤다는둥...거의 모욕수준! 이분 다시 보기 거북하더군여!",
    "rating": "5",
    "date": "13.11.13"
  },
  {
    "review_id": "8119913",
    "movie_id": "101173",
    "author": "kdmd****",
    "review": "표지판좀 빨랑멈처라 머하는 짓거린지 참...시청자우롱하는것도아니고 속 디배 지긋네",
    "rating": "1",
    "date": "13.11.06"
  },
  {
    "review_id": "7723373",
    "movie_id": "101173",
    "author": "rlqh****",
    "review": "너무질질끌어그냥보여주면되지무슨너네가스퍼슈타x냐짜증나그냥티비돌릴때많음",
    "rating": "1",
    "date": "13.07.10"
  },
  {
    "review_id": "7658552",
    "movie_id": "101173",
    "author": "angi****",
    "review": "유익한 정보였습니다.",
    "rating": "10",
    "date": "13.06.20"
  },
  {
    "review_id": "7558391",
    "movie_id": "101173",
    "author": "baks****",
    "review": "개인적으론,스폰지가 더 재밌었지만...정땜에",
    "rating": "10",
    "date": "13.05.27"
  }
]