[
  {
    "review_id": "7787978",
    "movie_id": "101134",
    "author": "kdnk****",
    "review": "진부하고 뻔하다곤 느낄 수 있는 장면과 대사들을 모든 연기자들이 진정성있는 연기를 보여주어서인지 전혀 뻔하지 않았다면 내가 너무 몰입한걸까? 그렇지만 정말 대사하나하나 장면 하나하나가 마음에 깊이 남는 드라마였다.",
    "rating": "10",
    "date": "13.07.26"
  },
  {
    "review_id": "7222145",
    "movie_id": "101134",
    "author": "lgs7****",
    "review": "아이들의 순수함과 마을사람들의 희망이 기적을 만들어내다",
    "rating": "10",
    "date": "13.02.04"
  },
  {
    "review_id": "7222136",
    "movie_id": "101134",
    "author": "rkdq****",
    "review": "\"기적같은 기적\" 잘 보고 갑니다. 드라마 보면서 이렇게 펑펑운 적이 없었는데ㅠ.. 제가 봤을땐 정말 감동적이었네요.",
    "rating": "10",
    "date": "13.02.04"
  },
  {
    "review_id": "7222121",
    "movie_id": "101134",
    "author": "goze****",
    "review": "기적같은 기적 곱씹으면서 보세요",
    "rating": "10",
    "date": "13.02.04"
  },
  {
    "review_id": "7222113",
    "movie_id": "101134",
    "author": "nero****",
    "review": "너무 기대가 컸던걸까.. 설마했던 장면이 모두 나와버린다. 진부한 설정 어색한 결말. 끼워맞추기 식의 감동. 제목과 다르게 현실과 기적 사이에서 얼버부리는 어중간함.",
    "rating": "4",
    "date": "13.02.04"
  },
  {
    "review_id": "7222088",
    "movie_id": "101134",
    "author": "rlag****",
    "review": "기적은 있기 때문에 믿는 것이 아니라 믿기 때문에 일어나는 것이다.",
    "rating": "10",
    "date": "13.02.04"
  },
  {
    "review_id": "7038255",
    "movie_id": "101134",
    "author": "rio1****",
    "review": "기적같은기적",
    "rating": "10",
    "date": "12.12.24"
  },
  {
    "review_id": "7037375",
    "movie_id": "101134",
    "author": "bn67****",
    "review": "현실을 직시 하세요.",
    "rating": "9",
    "date": "12.12.24"
  },
  {
    "review_id": "6965341",
    "movie_id": "101134",
    "author": "yhl9****",
    "review": "진짜 따듯한 드라마 였어요",
    "rating": "10",
    "date": "12.12.03"
  },
  {
    "review_id": "6964652",
    "movie_id": "101134",
    "author": "king****",
    "review": "메마른 현실속을 살아가는 나에게 따듯한 감성을 남겨준 기적같은 드라마",
    "rating": "10",
    "date": "12.12.03"
  },
  {
    "review_id": "6963976",
    "movie_id": "101134",
    "author": "kim3****",
    "review": "최고제인생에최고에요끝낫는데아직도여운이오늘잠못잘거같애요..이렇게감동적인드라마보기힘들줄알았는데오늘봤네요기적같은드라마",
    "rating": "10",
    "date": "12.12.03"
  },
  {
    "review_id": "6963937",
    "movie_id": "101134",
    "author": "hmk0****",
    "review": "희망이라는 다른 이름 기적..",
    "rating": "10",
    "date": "12.12.03"
  }
]