[
  {
    "review_id": "9957046",
    "movie_id": "101241",
    "author": "ckd0****",
    "review": "풍선소리북 이 나오던데,,,간편하게 다닐수 있어 좋아보였는데구할 수 있을까요??최기동 010 2872 0693",
    "rating": "10",
    "date": "15.05.28"
  },
  {
    "review_id": "9828101",
    "movie_id": "101241",
    "author": "uhy9****",
    "review": "바람넣어서 만드는 소리북이참 뜬금없고웃겼다 ㅋ",
    "rating": "5",
    "date": "15.04.05"
  },
  {
    "review_id": "9606161",
    "movie_id": "101241",
    "author": "seou****",
    "review": "기승전 코오롱스포츠ㅋ",
    "rating": "7",
    "date": "15.01.17"
  },
  {
    "review_id": "9285167",
    "movie_id": "101241",
    "author": "rlar****",
    "review": "좋은 영상, 잔잔한 이야기 광고로 그치기에는 너무 아까웠다. 좀 더 긴 시간이 허락되었다면 더 좋았을 것 같다.",
    "rating": "8",
    "date": "14.10.11"
  },
  {
    "review_id": "8546130",
    "movie_id": "101241",
    "author": "ogr5****",
    "review": "마지막 광고만 아니었어도.",
    "rating": "6",
    "date": "14.02.28"
  },
  {
    "review_id": "8486285",
    "movie_id": "101241",
    "author": "meta****",
    "review": "이게 무슨 내용이지???!!!",
    "rating": "5",
    "date": "14.02.08"
  },
  {
    "review_id": "8382337",
    "movie_id": "101241",
    "author": "myuf****",
    "review": "기대안하고 봤는데 감명깊게 봤네요ㅎ 박찬욱 감독님 감사합니다!!",
    "rating": "10",
    "date": "14.01.14"
  },
  {
    "review_id": "8133082",
    "movie_id": "101241",
    "author": "jjog****",
    "review": "허허... 잔잔한 광고구나..",
    "rating": "5",
    "date": "13.11.12"
  },
  {
    "review_id": "7799473",
    "movie_id": "101241",
    "author": "shin****",
    "review": "결말에 대해 사람들이 공감을 못 얻기 때문에 불친절한 영화일 수도 있지만, 동양에서 말하는 자연으로의 회귀를 잘 보여준 영화인 것 같습니다.",
    "rating": "9",
    "date": "13.07.30"
  },
  {
    "review_id": "7776626",
    "movie_id": "101241",
    "author": "unfr****",
    "review": "모호 필름에서 나온 건 다 엉망이다.",
    "rating": "1",
    "date": "13.07.23"
  },
  {
    "review_id": "7688272",
    "movie_id": "101241",
    "author": "jisu****",
    "review": "ㅋㅋㅋ 광고니까요...",
    "rating": "7",
    "date": "13.06.29"
  },
  {
    "review_id": "7626288",
    "movie_id": "101241",
    "author": "alsw****",
    "review": "....",
    "rating": "1",
    "date": "13.06.11"
  },
  {
    "review_id": "7544373",
    "movie_id": "101241",
    "author": "emme****",
    "review": "광고를 시간 늘렸다고해서 영화가 되는건 아니다",
    "rating": "5",
    "date": "13.05.20"
  },
  {
    "review_id": "7528042",
    "movie_id": "101241",
    "author": "korn****",
    "review": "나름의 위트와 색깔이 노골적인 광고도 용서가 될 정도.",
    "rating": "7",
    "date": "13.05.14"
  },
  {
    "review_id": "7506876",
    "movie_id": "101241",
    "author": "hll0****",
    "review": "기침하고 깃털날아가는거 좋다",
    "rating": "6",
    "date": "13.05.04"
  },
  {
    "review_id": "7504057",
    "movie_id": "101241",
    "author": "dldm****",
    "review": "굿",
    "rating": "10",
    "date": "13.05.03"
  },
  {
    "review_id": "7491101",
    "movie_id": "101241",
    "author": "vkzk****",
    "review": "반착욱...",
    "rating": "10",
    "date": "13.04.28"
  },
  {
    "review_id": "7451388",
    "movie_id": "101241",
    "author": "whfn****",
    "review": "스승님 오늘은 평점 알바 안하면 안돼요???",
    "rating": "1",
    "date": "13.04.11"
  },
  {
    "review_id": "7426887",
    "movie_id": "101241",
    "author": "ming****",
    "review": "자연에서의 득음을통해 한마리에 새처럼 자유롭게 자연을 날아다니는것같이 노래에 성공또는 자신감을 얻게된 소녀 자연의 득음은 정말아름답고 또스승의 죽음을 자기의 따듯함마음이 담긴 야상으로 덮어주고 소녀의 득음으로써 스승의 죽음을 달래준다..청출어람을해낸.",
    "rating": "8",
    "date": "13.03.31"
  },
  {
    "review_id": "7418506",
    "movie_id": "101241",
    "author": "hyac****",
    "review": "재밋다!!",
    "rating": "10",
    "date": "13.03.29"
  },
  {
    "review_id": "7354506",
    "movie_id": "101241",
    "author": "dlwl****",
    "review": "죽은거에요 자는거에요??",
    "rating": "9",
    "date": "13.03.16"
  },
  {
    "review_id": "7323703",
    "movie_id": "101241",
    "author": "koko****",
    "review": "송강호 쵝오다!!! 역시 송강호. 위대한 영화배우!!!",
    "rating": "10",
    "date": "13.03.04"
  },
  {
    "review_id": "7319270",
    "movie_id": "101241",
    "author": "juju****",
    "review": "자연의 소재를 잘 담으신거 같아요.. 잔잔하고 좋네요^^ 엔딩의 반전이",
    "rating": "10",
    "date": "13.03.02"
  },
  {
    "review_id": "7317256",
    "movie_id": "101241",
    "author": "1234****",
    "review": "광고.. 솔직히 은교삘 났다. 일부러 그렇게 한거야??",
    "rating": "6",
    "date": "13.03.02"
  },
  {
    "review_id": "7306572",
    "movie_id": "101241",
    "author": "sun9****",
    "review": "엄청재미없다이거보지마라",
    "rating": "1",
    "date": "13.02.27"
  },
  {
    "review_id": "7295692",
    "movie_id": "101241",
    "author": "thwj****",
    "review": "괜찮네",
    "rating": "10",
    "date": "13.02.24"
  },
  {
    "review_id": "7284237",
    "movie_id": "101241",
    "author": "zkdh****",
    "review": "별로;",
    "rating": "1",
    "date": "13.02.20"
  },
  {
    "review_id": "7284214",
    "movie_id": "101241",
    "author": "71ce****",
    "review": "캬..",
    "rating": "10",
    "date": "13.02.20"
  },
  {
    "review_id": "7282259",
    "movie_id": "101241",
    "author": "lnuy****",
    "review": "우와",
    "rating": "10",
    "date": "13.02.19"
  },
  {
    "review_id": "7281829",
    "movie_id": "101241",
    "author": "dyji****",
    "review": "굿",
    "rating": "10",
    "date": "13.02.19"
  },
  {
    "review_id": "7270709",
    "movie_id": "101241",
    "author": "sim_****",
    "review": "그 남자는 신인가?",
    "rating": "8",
    "date": "13.02.16"
  },
  {
    "review_id": "7265902",
    "movie_id": "101241",
    "author": "sozh****",
    "review": "여운에 남네요..아름다운 영화",
    "rating": "10",
    "date": "13.02.14"
  },
  {
    "review_id": "7256824",
    "movie_id": "101241",
    "author": "the_****",
    "review": "오오",
    "rating": "10",
    "date": "13.02.12"
  },
  {
    "review_id": "7238122",
    "movie_id": "101241",
    "author": "artf****",
    "review": "아..송강호죽을때 울컥했다...",
    "rating": "10",
    "date": "13.02.08"
  },
  {
    "review_id": "7224635",
    "movie_id": "101241",
    "author": "dldm****",
    "review": "뭔가 재밋다..ㅇㅅㅇ",
    "rating": "10",
    "date": "13.02.04"
  },
  {
    "review_id": "7221449",
    "movie_id": "101241",
    "author": "lyae****",
    "review": "재밌었어요. 단편영화 처음인데 단편영화만의 매력이 있네요~ 결말이 참 강렬하네요^^",
    "rating": "9",
    "date": "13.02.03"
  },
  {
    "review_id": "7217751",
    "movie_id": "101241",
    "author": "mins****",
    "review": "ㅈ되삭시다",
    "rating": "1",
    "date": "13.02.03"
  },
  {
    "review_id": "7205160",
    "movie_id": "101241",
    "author": "kida****",
    "review": "첫부분에 송강호 연기에빵터졌다 역시송강호",
    "rating": "7",
    "date": "13.01.31"
  },
  {
    "review_id": "7193987",
    "movie_id": "101241",
    "author": "wkrl****",
    "review": "짧지만 연기도 좋고 내용도 좋고 그냥 최고!!!",
    "rating": "10",
    "date": "13.01.29"
  },
  {
    "review_id": "7193892",
    "movie_id": "101241",
    "author": "yaad****",
    "review": "아쉽다. 15분이라는 시간에 담을 수 없는 깊은 말들. 영화 집중을 방해하는 \"협찬\" 영화 제작 시간이 짧아서 그런지 송강호씨도 배역에 스며들다 만듯한 느낌이다. 우리의 것을 가지고 영화를 만드는것이 참좋았다. 더 이런 영화가 많아지길 바랍니다.",
    "rating": "10",
    "date": "13.01.29"
  },
  {
    "review_id": "7193882",
    "movie_id": "101241",
    "author": "writ****",
    "review": "내용도 알차고  뒤의 결말도 참 마음에 들어요",
    "rating": "9",
    "date": "13.01.29"
  },
  {
    "review_id": "7192629",
    "movie_id": "101241",
    "author": "4860****",
    "review": "청출어람뜻..푸른 색이 쪽에서 나왔으나 쪽보다 더 푸르다는 뜻으로, 제자(弟子)가 스승보다 나은 것을 비유(比喩ㆍ譬喩)하는 말  ,...짧았지만 긴여운",
    "rating": "8",
    "date": "13.01.29"
  },
  {
    "review_id": "7191962",
    "movie_id": "101241",
    "author": "kno9****",
    "review": "결말 이해 못한놈들이 왜이렇게 많냐... 제대로 이해하고 까라 까려면",
    "rating": "9",
    "date": "13.01.29"
  },
  {
    "review_id": "7191023",
    "movie_id": "101241",
    "author": "dnfl****",
    "review": "여운이 남네요한번보는것보단 여러번보며 곱씹을수록 가치가 있을거 같아요",
    "rating": "10",
    "date": "13.01.29"
  },
  {
    "review_id": "7189041",
    "movie_id": "101241",
    "author": "cyzh****",
    "review": "재밋다",
    "rating": "10",
    "date": "13.01.28"
  },
  {
    "review_id": "7186093",
    "movie_id": "101241",
    "author": "dehd****",
    "review": "여운이 많이 남네요~",
    "rating": "10",
    "date": "13.01.28"
  },
  {
    "review_id": "7185309",
    "movie_id": "101241",
    "author": "daso****",
    "review": "노노",
    "rating": "10",
    "date": "13.01.27"
  },
  {
    "review_id": "7184784",
    "movie_id": "101241",
    "author": "wtpo****",
    "review": "헐~~  19분도 아깝다  드럽게 재미없음  완전 짜증남",
    "rating": "1",
    "date": "13.01.27"
  },
  {
    "review_id": "7184407",
    "movie_id": "101241",
    "author": "make****",
    "review": "제품 홍보가 나오긴 하지만, 패딩을 소재로 이런 스토리를 쓰는 감독도 대단하다.",
    "rating": "9",
    "date": "13.01.27"
  },
  {
    "review_id": "7184323",
    "movie_id": "101241",
    "author": "lmj8****",
    "review": "재밌네요 너무 짧아서 ㅎㅎ이런영화가 있나싶을정도로 깜짝 놀랐어요 더 길었다면 더 재밌었겠죠??!",
    "rating": "10",
    "date": "13.01.27"
  },
  {
    "review_id": "7177432",
    "movie_id": "101241",
    "author": "tosk****",
    "review": "난 나름대로 이해되서 재밌었는데... 스승이 죽기 전 함께 연습하던거랑 돌아가신 후 혼자 산행하는 게 겹치는 거라고 이해했는데 나만 그렇게 생각하는건가? 다들 무슨 내용인지 모르겠다고;;",
    "rating": "9",
    "date": "13.01.26"
  },
  {
    "review_id": "7176615",
    "movie_id": "101241",
    "author": "poli****",
    "review": "자연 속에서 인간이 배우고 인간은 다시 자연으로 돌아 간다는 뜻 으로 봤 네요 ㅎㅎ  제 생각일 뿐이지만요 ~",
    "rating": "10",
    "date": "13.01.26"
  },
  {
    "review_id": "7176464",
    "movie_id": "101241",
    "author": "gptk****",
    "review": "광고영화니까 상품이 나오는건 어쩔 수 없는거고 분위기도 연기도 영상미도 내용도 좋았구만 근데 소리의 스승인데 송강호가 노래부를때 테잎튼거같이 나와서 당황ㅋ",
    "rating": "10",
    "date": "13.01.26"
  },
  {
    "review_id": "7176434",
    "movie_id": "101241",
    "author": "voyz****",
    "review": "잔잔한 감동과 여운 전통이 사라져가는 아픔과 마지막남은 후계자 ㅜ ㅜ",
    "rating": "10",
    "date": "13.01.26"
  },
  {
    "review_id": "7176335",
    "movie_id": "101241",
    "author": "soob****",
    "review": "재미없음.......",
    "rating": "3",
    "date": "13.01.26"
  },
  {
    "review_id": "7176216",
    "movie_id": "101241",
    "author": "nobd****",
    "review": "솔직히 내용이 뭔지 이해 안감. 패딩보다 북이 돋보였음 ㅋ",
    "rating": "4",
    "date": "13.01.26"
  },
  {
    "review_id": "7175631",
    "movie_id": "101241",
    "author": "jjh8****",
    "review": "솔직히 이건 19분짜리 광고잖아요... 돈이 뭐길래...",
    "rating": "1",
    "date": "13.01.26"
  },
  {
    "review_id": "7174703",
    "movie_id": "101241",
    "author": "hjm5****",
    "review": "짧은 단편임에 박찬욱 감독의 역량이 돋보였다. 근데 마지막은 에러",
    "rating": "8",
    "date": "13.01.26"
  },
  {
    "review_id": "7173778",
    "movie_id": "101241",
    "author": "wlsd****",
    "review": "의미하는게 뭔지 모르겠음; 그냥 광고를 영화로 만든건가? 그래도 짜지않게 5점드림. 노래나 들었으니 이정도드림",
    "rating": "5",
    "date": "13.01.25"
  },
  {
    "review_id": "7170307",
    "movie_id": "101241",
    "author": "goyu****",
    "review": "중간중간 박찬욱감독의 센스 죽입니다!! 첫시작 무덤의 능선부터 여성의 미를 상징하고 대사도 묘한 상상을 불러 오고 인간의 욕망과 자연 그리고 청출어람! 광고가 이렇게 멋질줄이야!!",
    "rating": "10",
    "date": "13.01.25"
  },
  {
    "review_id": "7170124",
    "movie_id": "101241",
    "author": "lech****",
    "review": "박찬욱 감독이 광고를 만들면 이렇게 나오는구나",
    "rating": "8",
    "date": "13.01.25"
  },
  {
    "review_id": "7168985",
    "movie_id": "101241",
    "author": "chae****",
    "review": "상업적인 영화지만 맑고 청아한 목소리와 영상이 매우 잘 어울리네요~~~~~",
    "rating": "9",
    "date": "13.01.24"
  },
  {
    "review_id": "7166218",
    "movie_id": "101241",
    "author": "thef****",
    "review": "아름다운 자연의 소리 아름다운 영상미..",
    "rating": "10",
    "date": "13.01.24"
  },
  {
    "review_id": "7158731",
    "movie_id": "101241",
    "author": "sain****",
    "review": "지구상에서 가장재미없는 영화임 별점 0점주고싶은데 어쩔수없이 주는 거고 도대체    10점 주는사람은 왜 그렇게 주는 지 모르겠다 이 영화는 박찬욱감독이 만든 영화중 가장 큰 실패작이 될것 같음",
    "rating": "1",
    "date": "13.01.23"
  },
  {
    "review_id": "7158529",
    "movie_id": "101241",
    "author": "kkok****",
    "review": "스토리가 정말 멋있네요! 역시 박찬욱 감독과 송강호 배우의 만남은 기대 이상! 그 신입 여배우도 정말 연기 잘 하더라고요 ^^",
    "rating": "10",
    "date": "13.01.23"
  },
  {
    "review_id": "7158459",
    "movie_id": "101241",
    "author": "groo****",
    "review": "광고영화라 큰 그기대는 않하고 봤지만 생각보다 영상미가 좋음 자연을 배경으로 스케치 할때 그장면은 너무 좋았음 적절하게 판소리라는 도구를 영화에 쓴것도 적절했음 뭐 광고영화라서 배신이다 뭐라 할것도 없음 그냥 패딩 하나 광고 하는건데",
    "rating": "8",
    "date": "13.01.23"
  },
  {
    "review_id": "7156146",
    "movie_id": "101241",
    "author": "csmo****",
    "review": "외국영화는 노인역으로 나이 많은 배우 쓰고 한국은 젊은 배우 할배 분장해서 씀.",
    "rating": "1",
    "date": "13.01.23"
  },
  {
    "review_id": "7151627",
    "movie_id": "101241",
    "author": "jung****",
    "review": "광고라 까는건 이해하겠는데 짧다고 욕하는건 뭐냐 단편영화 모름?",
    "rating": "5",
    "date": "13.01.22"
  },
  {
    "review_id": "7146591",
    "movie_id": "101241",
    "author": "qqq9****",
    "review": "솔까 영화그저그런데 욕할정도도아니다..공짠데 ㅋ근데 전효정님 대박이신듯 개쩜!!!",
    "rating": "7",
    "date": "13.01.22"
  },
  {
    "review_id": "7141975",
    "movie_id": "101241",
    "author": "khss****",
    "review": "너무 짧어 OOO",
    "rating": "1",
    "date": "13.01.21"
  },
  {
    "review_id": "7140430",
    "movie_id": "101241",
    "author": "jyjc****",
    "review": "이거뭨ㅋㅋㅋㅋ",
    "rating": "1",
    "date": "13.01.21"
  },
  {
    "review_id": "7139285",
    "movie_id": "101241",
    "author": "wint****",
    "review": "이 영화 어떻게 받아드려야 하나요 제가 감정이 없는건지 무식한건지.",
    "rating": "8",
    "date": "13.01.21"
  },
  {
    "review_id": "7138971",
    "movie_id": "101241",
    "author": "chqk****",
    "review": "난 잼던데 .......",
    "rating": "9",
    "date": "13.01.21"
  },
  {
    "review_id": "7138855",
    "movie_id": "101241",
    "author": "doma****",
    "review": "득음을 했다는 말 같은데... 별로 와닿지는 않네...",
    "rating": "5",
    "date": "13.01.20"
  },
  {
    "review_id": "7138709",
    "movie_id": "101241",
    "author": "o3oo****",
    "review": "굿~^^",
    "rating": "10",
    "date": "13.01.20"
  },
  {
    "review_id": "7137769",
    "movie_id": "101241",
    "author": "sunj****",
    "review": "지루...",
    "rating": "1",
    "date": "13.01.20"
  },
  {
    "review_id": "7137768",
    "movie_id": "101241",
    "author": "abck****",
    "review": "일단  광고라는건 제쳐두고 이런 분위기의 영화가나온다면 너무좋겠네요 뭐랄까 정말 우리나라만의 옛날이야기같은느낌?? 옛날에옛날에~ 이렇게시작하는 ㅎㅎ 그 산속에서 판소리하는모습 ,제자에게 판소리가르켜주다 잠든 노스승 뭔가 우리나라 특유의 옛이야기같다는",
    "rating": "8",
    "date": "13.01.20"
  },
  {
    "review_id": "7137752",
    "movie_id": "101241",
    "author": "yeri****",
    "review": "괜찮던뎁..왜별점이낮지",
    "rating": "10",
    "date": "13.01.20"
  },
  {
    "review_id": "7137731",
    "movie_id": "101241",
    "author": "joon****",
    "review": "네이버 평점은 믿을게 못 된다.. 물론 마케팅 요소가 들어간 영화라 보기 불편한 장면도 있었지만, 마케팅 요소를 빼고 본다면 괜찮은 영화였다.",
    "rating": "8",
    "date": "13.01.20"
  },
  {
    "review_id": "7137714",
    "movie_id": "101241",
    "author": "leav****",
    "review": "다 초딩이냐 원래 코오롱 광고 목적으로 만든 단편영화인데 광고영화라고 욕하는 모자란놈들은 뭐냐;;;..     영화 자체는 볼만함. 마지막 에서 예상치못한 광고가 나옴",
    "rating": "8",
    "date": "13.01.20"
  },
  {
    "review_id": "7137668",
    "movie_id": "101241",
    "author": "mj29****",
    "review": "조ㅡ아",
    "rating": "10",
    "date": "13.01.20"
  },
  {
    "review_id": "7137391",
    "movie_id": "101241",
    "author": "yjh9****",
    "review": "쓰래기",
    "rating": "1",
    "date": "13.01.20"
  },
  {
    "review_id": "7137115",
    "movie_id": "101241",
    "author": "junh****",
    "review": "소재괜찮아서리...",
    "rating": "10",
    "date": "13.01.20"
  },
  {
    "review_id": "7137101",
    "movie_id": "101241",
    "author": "a428****",
    "review": "송강호북치다 전효정의 염력에의해사망!",
    "rating": "1",
    "date": "13.01.20"
  },
  {
    "review_id": "7136632",
    "movie_id": "101241",
    "author": "glad****",
    "review": "사이트가면 공짜로 본다구요.. 보지도않고 19분짜리라고 욕하는사람들뭐야. 전 노력에도불구하고 젊은이들에게서 점점 잊혀져가는 한국문화를 얘기하는것같아 너무슬펐습니다. 외국문화에만 너무 매달리지말고 잠깐이라도 영화보면서 우리문화를 돌아보았으면 합니다.",
    "rating": "10",
    "date": "13.01.20"
  },
  {
    "review_id": "7136606",
    "movie_id": "101241",
    "author": "skdl****",
    "review": "위기탈출 넘버원 - 송강호 산속에서 북치다 사망! 그 원인은?? NEWS특보 - 산속에서 죽은 송강호 시신 방치후 도주 전효정! 사실 사람이 아니다??국악인 - 휴대가 간편하고 풍선처럼 불어서 쓰는 북! 정말 득템하고싶다!",
    "rating": "1",
    "date": "13.01.20"
  },
  {
    "review_id": "7136558",
    "movie_id": "101241",
    "author": "chan****",
    "review": "--;",
    "rating": "2",
    "date": "13.01.20"
  },
  {
    "review_id": "7136347",
    "movie_id": "101241",
    "author": "dudg****",
    "review": ".....고려장 장려 광고인가요?.....자연으로 돌아가라고 산에다가 노인 버리고 오는 스토리....를 만드신건 아닌건 알겠는데 아무리 봐도 인간과 자연의 관계는 어디서 찾아야 할치를 모르겠네요",
    "rating": "4",
    "date": "13.01.20"
  },
  {
    "review_id": "7136299",
    "movie_id": "101241",
    "author": "jkyj****",
    "review": "광고좀 작작해요 코롱스포츠야 잼없어",
    "rating": "1",
    "date": "13.01.20"
  },
  {
    "review_id": "7134776",
    "movie_id": "101241",
    "author": "ygs4****",
    "review": "뭘까? 궁금한 드라마",
    "rating": "10",
    "date": "13.01.20"
  },
  {
    "review_id": "7134769",
    "movie_id": "101241",
    "author": "yeon****",
    "review": "짧고 굵은 영화... 영화라기보다 영상이라고 해야하겠지만;; 친구랑 같이 보고서 잠시 침묵이... 많은 생각을 하게 하는 단편이었다. 솔직히 난 다음시리즈도 기대가 되는뎅 영상이랑 판소리도 멋졌고~",
    "rating": "9",
    "date": "13.01.20"
  },
  {
    "review_id": "7134427",
    "movie_id": "101241",
    "author": "kslc****",
    "review": "광고좀 그만해 노잼이야",
    "rating": "1",
    "date": "13.01.19"
  },
  {
    "review_id": "7134273",
    "movie_id": "101241",
    "author": "miso****",
    "review": "의도를 모르겠슴 끝나고 그래서 뭐 어쩌라고 하는느낌? 조오롱스포츠",
    "rating": "1",
    "date": "13.01.19"
  },
  {
    "review_id": "7133954",
    "movie_id": "101241",
    "author": "lims****",
    "review": "영상미가 아름답다",
    "rating": "10",
    "date": "13.01.19"
  },
  {
    "review_id": "7133917",
    "movie_id": "101241",
    "author": "ahpi****",
    "review": "ㅊㄹㅊㄹㅊㄹㅊㄹㅊㄹㅊㄹㅊㄹㅊㄹ",
    "rating": "1",
    "date": "13.01.19"
  },
  {
    "review_id": "7133899",
    "movie_id": "101241",
    "author": "ac8z****",
    "review": "ㅋㅋㅋㅋㅋㅋㅋㅋㅋㅋㅋㅋㅋㅋㅋㅋㅋㅋㅋㅋㅋㅋㅋㅋㅋㅋㅋㅋㅋㅋ이게뭐얔ㅋㅋㅋㅋㅋㅋㅋ",
    "rating": "1",
    "date": "13.01.19"
  },
  {
    "review_id": "7133416",
    "movie_id": "101241",
    "author": "issg****",
    "review": "코오롱 ㅆㅅ들아 알바좀 그만써라 ㅋㅋㅋ 10점 주는넘들 다 필력이 똑같아 ㅋㅋㅋ 좀 티 안나게 하던가.... 에효...  알바아니었음 평점 딱 2.0나왔을 영화",
    "rating": "1",
    "date": "13.01.19"
  },
  {
    "review_id": "7133060",
    "movie_id": "101241",
    "author": "iesu****",
    "review": "C Gee C Gee Baby Baby Baby Baby",
    "rating": "6",
    "date": "13.01.19"
  },
  {
    "review_id": "7132618",
    "movie_id": "101241",
    "author": "dogu****",
    "review": "솔직히 이건 별 반개주는것도아깝다 ㅡㅡ",
    "rating": "1",
    "date": "13.01.19"
  },
  {
    "review_id": "7132329",
    "movie_id": "101241",
    "author": "naba****",
    "review": "굿",
    "rating": "10",
    "date": "13.01.19"
  }
]