[
  {
    "review_id": "9737490",
    "movie_id": "101217",
    "author": "arkh****",
    "review": "고발 프로그램들이 언젠가 부터 갑질 프로로 변질되어..횡포가 심해요...내용도 극단적인 표현 법만 있지 논리,연계성이 떨어지고..이슈만 만들어 내니...이게 무슨 공중파에서 할 짓인지",
    "rating": "1",
    "date": "15.02.25"
  },
  {
    "review_id": "9400820",
    "movie_id": "101217",
    "author": "akas****",
    "review": "아니 왜 방송이 종료되었나요~~ㅜㅜ꼭 챙겨 보고 있는 프로그램 이였는데....너무 아쉽네요.다시 방송했음 좋겠네요.소비자를 위해선 꼭 필요한 프로그램 입니다",
    "rating": "10",
    "date": "14.11.19"
  },
  {
    "review_id": "9332337",
    "movie_id": "101217",
    "author": "cura****",
    "review": "좋긴한데 더욱더정확하고 신뢰감 있는 것으로 만드었으면 좋았을것 같습니다.",
    "rating": "9",
    "date": "14.10.31"
  },
  {
    "review_id": "9327413",
    "movie_id": "101217",
    "author": "jong****",
    "review": "그 동안 정말 고생 많으셨습니다 우리나라 모든 불만을 없애주신다는 약속 꼭 지켜주세요 다시 돌아오길 기다립니다...",
    "rating": "10",
    "date": "14.10.29"
  },
  {
    "review_id": "9327166",
    "movie_id": "101217",
    "author": "lmoo****",
    "review": "왜없애는거임? 좋은프로그램 살려달라!",
    "rating": "10",
    "date": "14.10.29"
  },
  {
    "review_id": "9312519",
    "movie_id": "101217",
    "author": "vale****",
    "review": "불만제로 별점 테러 노답이다 진짜ㅋㅋ 그 동안 대기업을 상대로도 부당함을 소비자에게 알려준 멋진 프로그램...폐지안했으면ㅜㅜ",
    "rating": "10",
    "date": "14.10.24"
  },
  {
    "review_id": "9309642",
    "movie_id": "101217",
    "author": "fifa****",
    "review": "꼭 필요한 프로그램!  영원해라ㅡ",
    "rating": "10",
    "date": "14.10.23"
  },
  {
    "review_id": "9139197",
    "movie_id": "101217",
    "author": "jwm9****",
    "review": "사실이 아닌 정보를 너무 부풀리는건 아닌가 ㅡㅡ",
    "rating": "1",
    "date": "14.08.28"
  },
  {
    "review_id": "9139036",
    "movie_id": "101217",
    "author": "gmlt****",
    "review": "불만제로 확실한 결과물인지 궁금하네요 실제로 어떤물건이든 만족하는 사람과 불만족인 사람들이 나누어져 있다고 생각합니다. 몇달 몇년 꾸준한 체험사례을 통해서 방송에 내보내 주신다면 정말 유익한 프로가 되지 않을까 합니다",
    "rating": "1",
    "date": "14.08.27"
  },
  {
    "review_id": "9112580",
    "movie_id": "101217",
    "author": "look****",
    "review": "과장이 진짜 너무 심한 것 같네요 ㅋㅋㅋㅋ 적당해야지 뭐 요즘 방송 믿을 꺼 찾기 어렵던데 이런프로크램이면 더 정직하게 사실 그대로만 나와야 되는거 아닌가? 악마의 편집에 갑이네요",
    "rating": "1",
    "date": "14.08.20"
  },
  {
    "review_id": "9078904",
    "movie_id": "101217",
    "author": "bear****",
    "review": "유익한정보가 이젠 너무 심하다 할정도로 너무 과장된게 아닌가 싶기도하고 아래 글들 처럼 대기업 살리기가 아닌가 싶네요. 이렇게 방영하고 나면 나머지 상인들은 생계유지도 힘들어 지겠죠 물론 잘한건 아니지만 앞으로는 계선된거까지 함께 방영을하는게..",
    "rating": "1",
    "date": "14.08.13"
  },
  {
    "review_id": "8898432",
    "movie_id": "101217",
    "author": "yuno****",
    "review": "불만제로는 믿을수없는프로입니다.",
    "rating": "1",
    "date": "14.07.09"
  },
  {
    "review_id": "8730533",
    "movie_id": "101217",
    "author": "stok****",
    "review": "부풀리기  편파방송에  대한책임은  지셔야죠  고발의식은  좋은데  충분히  검토하길바랍니다",
    "rating": "1",
    "date": "14.05.14"
  },
  {
    "review_id": "8571504",
    "movie_id": "101217",
    "author": "angm****",
    "review": "부풀리지 말고 각성해라",
    "rating": "1",
    "date": "14.03.13"
  },
  {
    "review_id": "8570542",
    "movie_id": "101217",
    "author": "kore****",
    "review": "어린이집 정말 성심성의껏 돌봐주시는 분들이 정말 더 많습니다. 당신 아이도 어린이집에서 키우줬을텐데 고마운 마음이 아니라 믿음감을 상실해  버리게 만든 이런 국민들의 이간질 프로는 안해주셨으면 합니다",
    "rating": "5",
    "date": "14.03.12"
  },
  {
    "review_id": "8550447",
    "movie_id": "101217",
    "author": "qpqp****",
    "review": "남않좋은거취재해서돈버는프로",
    "rating": "1",
    "date": "14.03.02"
  },
  {
    "review_id": "8439801",
    "movie_id": "101217",
    "author": "zkdn****",
    "review": "유익한정보 부탁합니다.근데 정보 중에서 틀린정보가  많아요.그래서 좀더 정확한 정보  부탁합니다",
    "rating": "8",
    "date": "14.01.28"
  },
  {
    "review_id": "8363120",
    "movie_id": "101217",
    "author": "kong****",
    "review": "다 그런다는 식으로 방송하는데 정확한정보 부탁드립니다참고로 저는   사업자  아님 ...",
    "rating": "1",
    "date": "14.01.09"
  },
  {
    "review_id": "8135969",
    "movie_id": "101217",
    "author": "npdt****",
    "review": "한성은 일본산 하나도 안쓰네![한성기업 홈페이지] 9/17일에 게재된  어육가공품 원산지 공지 url입니다.http://www.hsep.com/Board/NoticeDetail.aspx?BoardType=2&BoardId=50&no=3",
    "rating": "3",
    "date": "13.11.13"
  },
  {
    "review_id": "8135714",
    "movie_id": "101217",
    "author": "vani****",
    "review": "이런식으로 방송하면 횟집들은 어쩌라구 그래요?숨 좀 쉴만하면 때리고 쉴만하면 때리고 일산 수산물 수입을 전면 금지하던가 그렇게하지도 못하면서 방송만 때리는 무책임한 행동 하지맙시다제발 먹고 좀 삽시다",
    "rating": "1",
    "date": "13.11.13"
  },
  {
    "review_id": "8135589",
    "movie_id": "101217",
    "author": "yong****",
    "review": "전부 일본산만 쓰는것처럼 방송하시네여..양심있는 업주들은 피눈물을 쏟을텐데여.,.가득이나 경기두 안좋구 횟집들 문닫는 추세인데. ..너무 극단적이고 편파적이네여..",
    "rating": "1",
    "date": "13.11.13"
  },
  {
    "review_id": "7931299",
    "movie_id": "101217",
    "author": "oliv****",
    "review": "대기업 편들기인 편파방송의 정석을 본 이번 생리대편..피해사례는 커녕 체험사례들로 넘쳐나는건 어쩌시려구..일계 업체를 상대로 mbc가 발벗고 나서는것이 이해가 안될 뿐이네..도리어 라라문을 제대로 알게된 계기가 되었네요..신뢰제로인 불만제로 덕에..",
    "rating": "1",
    "date": "13.08.29"
  },
  {
    "review_id": "7756449",
    "movie_id": "101217",
    "author": "kin5****",
    "review": "유익한 정보도 내보내주지만 최악으로 극대화 시켜서 내보내는 편파적인면있네요이번에 방송된 제습기편을 보면 제습기 사지말잔 생각이 당연히 드는데 저도 주부이고 제습기를 사용하는데 좋거든요 에어컨있어도 이 방송보고 제습기 사려는 주부들에게 혼란을 주네요",
    "rating": "3",
    "date": "13.07.18"
  },
  {
    "review_id": "7722997",
    "movie_id": "101217",
    "author": "geno****",
    "review": "화질이 별루않좋아요..눈이아프네요...",
    "rating": "3",
    "date": "13.07.10"
  },
  {
    "review_id": "7717763",
    "movie_id": "101217",
    "author": "leew****",
    "review": "OOOO 제대로 테스트안하고 무분별하게 방공 시청자 바보만들기 딱좋은 프로그램",
    "rating": "1",
    "date": "13.07.08"
  },
  {
    "review_id": "7387147",
    "movie_id": "101217",
    "author": "qnfn****",
    "review": "짱짱맨",
    "rating": "10",
    "date": "13.03.21"
  }
]