[
  {
    "review_id": "10265328",
    "movie_id": "101248",
    "author": "amel****",
    "review": "연출이 기가막힌다. 2번 보면 더 기가 막힌다. 인생 최고 영화 중 하나. 아쉬운 점이 있다면 캐릭터 사이의 관계나 감정이 더 인과성이 있었으면 한다. 또.. 수많은 변덕 중 1~2번만 삭제했으면ㅋㅋ 진짜 완벽했을 것 같다 그래도 만족! 연기도 최고♥",
    "rating": "10",
    "date": "15.08.23"
  },
  {
    "review_id": "10260566",
    "movie_id": "101248",
    "author": "wodm****",
    "review": "사람 마음 가지고 장난치지 말라고오오오오",
    "rating": "10",
    "date": "15.08.22"
  },
  {
    "review_id": "10226992",
    "movie_id": "101248",
    "author": "papy****",
    "review": "체코의 데이앤나잇에서 영원히 기다리고 있을 것 같아요..",
    "rating": "10",
    "date": "15.08.14"
  },
  {
    "review_id": "10179204",
    "movie_id": "101248",
    "author": "vill****",
    "review": "마지막 장면 뒤, 그의 기다림에 좋은 결실이 있기를 바라며..",
    "rating": "9",
    "date": "15.08.03"
  },
  {
    "review_id": "10178966",
    "movie_id": "101248",
    "author": "cafe****",
    "review": "마치 인간극장 5부작으로 시골농부부의 소소한 사랑이야기를 하곤, 엔딩크레딧이 끝나고 스탭들이 몰카 수고하셨습니다 이런느낌이다",
    "rating": "3",
    "date": "15.08.03"
  },
  {
    "review_id": "10151998",
    "movie_id": "101248",
    "author": "hscl****",
    "review": "반전쩐다...사랑은 공황장애도 극복시키는구나 했는데 ㅋㅋ",
    "rating": "10",
    "date": "15.07.28"
  },
  {
    "review_id": "10133053",
    "movie_id": "101248",
    "author": "thog****",
    "review": "애절하고 허망한 사랑에 감정이 이입되는 대단한 영화입니다.",
    "rating": "9",
    "date": "15.07.23"
  },
  {
    "review_id": "10133007",
    "movie_id": "101248",
    "author": "ball****",
    "review": "가슴이 먹먹하다 여운이 많이 남는 영화..정말 간만에 잼난거 봣네용",
    "rating": "10",
    "date": "15.07.23"
  },
  {
    "review_id": "10132992",
    "movie_id": "101248",
    "author": "jyej****",
    "review": "아저씨 불쌍해요ㅠㅠㅠㅠ",
    "rating": "9",
    "date": "15.07.23"
  },
  {
    "review_id": "10086584",
    "movie_id": "101248",
    "author": "fksd****",
    "review": "예상하지못한 반전이 아니였음에도 불구하고마지막장면에서 눈을뗄수가없었다음악 장소 연기 표정 연출까지 모든게 완벽 그자체",
    "rating": "10",
    "date": "15.07.10"
  },
  {
    "review_id": "10065459",
    "movie_id": "101248",
    "author": "miam****",
    "review": "평생 단 한 번의 사랑... 언제까지고 카페에서 클레어를 기다릴 버질. 한번 움직이기 시작한 태엽이 멈추지 않는 것처럼.",
    "rating": "10",
    "date": "15.07.03"
  },
  {
    "review_id": "10059656",
    "movie_id": "101248",
    "author": "tkdg****",
    "review": "영화장르가 범죄로 나눠지는게 흥미롭네요.분명 엄청난 영화인것 같은데.",
    "rating": "9",
    "date": "15.07.02"
  },
  {
    "review_id": "10046259",
    "movie_id": "101248",
    "author": "paju****",
    "review": "재미있는 유럽영화, 오랜만에.",
    "rating": "8",
    "date": "15.06.28"
  },
  {
    "review_id": "10031779",
    "movie_id": "101248",
    "author": "hyeb****",
    "review": "우연히 보게된 영화인데 중간에 눈을 뗄 수 없었습니다. 끝나고 나서도 한동안 여운이 남네요. 훌륭한 소설을 한 편 읽은 기분입니다.",
    "rating": "9",
    "date": "15.06.25"
  },
  {
    "review_id": "10028228",
    "movie_id": "101248",
    "author": "drun****",
    "review": "볼만 했으나.. 수작이라고 하기엔 부족한점이 많다.  그래.. 그럴것 같더라니...",
    "rating": "8",
    "date": "15.06.24"
  },
  {
    "review_id": "10028198",
    "movie_id": "101248",
    "author": "kord****",
    "review": "영화는 볼만했으나 결말은 좀 억지스럽고 개연성이 부족했다.",
    "rating": "5",
    "date": "15.06.24"
  },
  {
    "review_id": "10028171",
    "movie_id": "101248",
    "author": "jeum****",
    "review": "모태솔로는 무서운 것이다!",
    "rating": "9",
    "date": "15.06.24"
  },
  {
    "review_id": "10028140",
    "movie_id": "101248",
    "author": "rhsl****",
    "review": "맙소사! 중후반부까지 눈치 못챘다. 저런 반전이 숨어있을줄이야.",
    "rating": "10",
    "date": "15.06.24"
  },
  {
    "review_id": "10024359",
    "movie_id": "101248",
    "author": "bigi****",
    "review": "눈이 즐거운 예술품이 많이 등장하길 바랬는데, 생각보다 시시한 상태로 늙은이와 젊은 여자의 사랑만 나오네..이게 뭐야 싶더니 대박 반전 ㄷㄷㄷㄷ",
    "rating": "10",
    "date": "15.06.23"
  },
  {
    "review_id": "10024282",
    "movie_id": "101248",
    "author": "kiki****",
    "review": "쥬세페 토르나토레 감독의 새로운 걸작",
    "rating": "10",
    "date": "15.06.23"
  },
  {
    "review_id": "10023235",
    "movie_id": "101248",
    "author": "ask3****",
    "review": "몰입도가 좋아서 더더욱 허망하게 느껴짐",
    "rating": "8",
    "date": "15.06.23"
  },
  {
    "review_id": "10021918",
    "movie_id": "101248",
    "author": "suck****",
    "review": "미술 감독들 아트디렉터들이 꼭 봐줘야할 영화가 아닌가 생각이 든다. 더한건 내용인데.. 중간중간 이영화가 전하는 메세지의 내용이 있는데 그걸 나중에 알게되면 더할나위없는 명작!!!",
    "rating": "9",
    "date": "15.06.22"
  },
  {
    "review_id": "10020346",
    "movie_id": "101248",
    "author": "pool****",
    "review": "하....! 버질이여...!",
    "rating": "10",
    "date": "15.06.21"
  },
  {
    "review_id": "10018644",
    "movie_id": "101248",
    "author": "mpar****",
    "review": "정말 잘 만든 영화이다.",
    "rating": "9",
    "date": "15.06.21"
  },
  {
    "review_id": "10018330",
    "movie_id": "101248",
    "author": "load****",
    "review": "최고다!완벽한 결말",
    "rating": "10",
    "date": "15.06.21"
  },
  {
    "review_id": "10012615",
    "movie_id": "101248",
    "author": "28kj****",
    "review": "최고입니다.. 여운이 오래 남네요",
    "rating": "10",
    "date": "15.06.19"
  },
  {
    "review_id": "10008909",
    "movie_id": "101248",
    "author": "rizo****",
    "review": "순간 순간이 명화로다.",
    "rating": "10",
    "date": "15.06.18"
  },
  {
    "review_id": "9993685",
    "movie_id": "101248",
    "author": "fghy****",
    "review": "역시 반전영화는 반전영화인줄도 모르고 봐야 제 맛!",
    "rating": "8",
    "date": "15.06.12"
  },
  {
    "review_id": "9993108",
    "movie_id": "101248",
    "author": "nooe****",
    "review": "생각없이 보았다가 지금까지 머리속을 맴돈다.",
    "rating": "9",
    "date": "15.06.12"
  },
  {
    "review_id": "9992139",
    "movie_id": "101248",
    "author": "khsm****",
    "review": "영화를 보며 반전은 어느정도 예상가능했지만, 영화말미에 느끼는 여운은 예상하지 못했던것들이다.사랑이떠나가면 시간이 추억에갇힌단말이 있던데..비록 모든걸 잃었지만 사랑의추억 하나로 그의 남은임생은 외롭지도 , 초라하지도 않을것이디^^",
    "rating": "10",
    "date": "15.06.12"
  },
  {
    "review_id": "9992101",
    "movie_id": "101248",
    "author": "jhbo****",
    "review": "OCN을통해보게됐는데 엄청 몰입해서 봤어요.  마지막순간까지~",
    "rating": "10",
    "date": "15.06.12"
  },
  {
    "review_id": "9992089",
    "movie_id": "101248",
    "author": "akim****",
    "review": "탄탄한 구성추측 가능한 내용 임에도 불구하고,몰입시키게 하는 매력이 있다",
    "rating": "10",
    "date": "15.06.12"
  },
  {
    "review_id": "9992088",
    "movie_id": "101248",
    "author": "outs****",
    "review": "역시 한국인들은 수준이 낮다. 미스테리한 분위기로 몰아가더니 고작 그림도둑 ㅎㅎ 이런 형편없는 영화평점이 8점이 넘는다는게 이 영화의 진짜 반전이다.",
    "rating": "6",
    "date": "15.06.12"
  },
  {
    "review_id": "9992083",
    "movie_id": "101248",
    "author": "stmi****",
    "review": "방금 티비에서 해줘서 처음부터 봤는데.. 와 .. 제 인생 최고의 영화입니다. 이렇게 영화에 몰입되서 눈동자 깜빡일 시간도 아까운 영화는 처음. 그나저나 마지막 장면이 너무 슬프네요..",
    "rating": "10",
    "date": "15.06.12"
  },
  {
    "review_id": "9992080",
    "movie_id": "101248",
    "author": "adcr****",
    "review": "OCN TV첫방 마지막 부분을 방금 우연히 봤는데. 연기도 미장센도 음악도 스토리도. 그리고 마지막 카페씬은 정말 팽생 기억에 남을듯 합니다. 지금 막 처음부터 유료로 보려고 찾는 중",
    "rating": "9",
    "date": "15.06.12"
  },
  {
    "review_id": "9992078",
    "movie_id": "101248",
    "author": "berg****",
    "review": "결혼 전에 연애를 많이 해봐야한다는 교훈을 얻었네요",
    "rating": "10",
    "date": "15.06.12"
  },
  {
    "review_id": "9992077",
    "movie_id": "101248",
    "author": "alpa****",
    "review": "최고다...반대편  시각으로  정리안해줘서  더  여운이  남는....그리고   클레어란 이름ㅋㅋㅋㅋ",
    "rating": "10",
    "date": "15.06.12"
  },
  {
    "review_id": "9992076",
    "movie_id": "101248",
    "author": "lyny****",
    "review": "영화 휴고와 분위기가 비슷~~그러나 휴고보다는 훨씬 더 스릴, 반전, 여운을 주는 걸작",
    "rating": "9",
    "date": "15.06.12"
  },
  {
    "review_id": "9992070",
    "movie_id": "101248",
    "author": "sevo****",
    "review": "미치게 아름답고 완벽한 퍼즐같은영화",
    "rating": "10",
    "date": "15.06.12"
  },
  {
    "review_id": "9983196",
    "movie_id": "101248",
    "author": "wndm****",
    "review": "재밌네요 전 다른 결말을 예상하면서 본지라 마지막 반전이 좀 충격적이었어요 .. 너무 하나하나 분석하면서 보지 마시고 그냥 편하게 보면 좋을 것 같네요",
    "rating": "10",
    "date": "15.06.07"
  },
  {
    "review_id": "9980870",
    "movie_id": "101248",
    "author": "free****",
    "review": "잘 봤습니다. 스토리는 둘째치고 모든 장면이 아름답네요",
    "rating": "9",
    "date": "15.06.07"
  },
  {
    "review_id": "9978532",
    "movie_id": "101248",
    "author": "viva****",
    "review": "품격있게 흡입력 있는 영화. 영상도 멋짐. 부드럽게 긴장을 계속 유지함.",
    "rating": "10",
    "date": "15.06.06"
  },
  {
    "review_id": "9973000",
    "movie_id": "101248",
    "author": "dcap****",
    "review": "결벽남의 비참한 말로ㄹㄹㄹ",
    "rating": "6",
    "date": "15.06.03"
  },
  {
    "review_id": "9969754",
    "movie_id": "101248",
    "author": "eva1****",
    "review": "여운이 너무 깊어 주체할수가 없네...",
    "rating": "10",
    "date": "15.06.02"
  },
  {
    "review_id": "9968209",
    "movie_id": "101248",
    "author": "cmin****",
    "review": "그모든 위조품 사이에서그녀의 감정만은 진품이였기를..레스토랑에서의 엔딩은 가슴을 먹먹하게하네요.",
    "rating": "10",
    "date": "15.06.01"
  },
  {
    "review_id": "9964332",
    "movie_id": "101248",
    "author": "lidi****",
    "review": "복선이 너무 쉽게깔려서인지 반전을 너무 쉽게깨달아버려서 좀 아쉽네요.... 영상미나 연기면에서는 정말최고같아요",
    "rating": "8",
    "date": "15.05.31"
  },
  {
    "review_id": "9957561",
    "movie_id": "101248",
    "author": "ppmt****",
    "review": "그전에 보았던  쥬세페토르나토레, 앤니오모리꼬네 영화들과는 다른 스타일이지만 느낌만은 풍성함",
    "rating": "10",
    "date": "15.05.28"
  },
  {
    "review_id": "9951161",
    "movie_id": "101248",
    "author": "syp1****",
    "review": "마지막장면을보고 한숨이나오고 가슴이 먹먹했습니다. 그렇게 까지 해야했던걸까요. 반전이 너무 찜찜하지만 현실과 그리 멀지않은 이야기라서 더울 씁쓸한 영화였습니다. 그럼에도불구하고 훌륭합니다. 역시 시네마천국 명화찍은 감독답네요",
    "rating": "9",
    "date": "15.05.26"
  },
  {
    "review_id": "9913303",
    "movie_id": "101248",
    "author": "jin0****",
    "review": "아 너무 잘본영화 추천  간만에 출발비디오여행이 좋은 영화 추천해줬네",
    "rating": "9",
    "date": "15.05.12"
  },
  {
    "review_id": "9892361",
    "movie_id": "101248",
    "author": "leuc****",
    "review": "눈물도 나오지 않는 먹먹한 결말은 주인공이 나이 든 노인이었기 때문인지 더욱 안타깝고 가슴아프다. 가짜인 것을 알고 난 후에도 그 위조품을 믿을 수 밖에 없는 주인공의 현실은 절망적이면서, 순수하고, 외롭다.",
    "rating": "8",
    "date": "15.05.04"
  },
  {
    "review_id": "9891491",
    "movie_id": "101248",
    "author": "olll****",
    "review": "마치 소설을 영상으로 보는듯한 자연스러운 플룻. 이 영화가 진짜인 이유..",
    "rating": "10",
    "date": "15.05.03"
  },
  {
    "review_id": "9889079",
    "movie_id": "101248",
    "author": "tore****",
    "review": "오랫동안 할말을 잃었습니다.",
    "rating": "10",
    "date": "15.05.03"
  },
  {
    "review_id": "9886060",
    "movie_id": "101248",
    "author": "lieb****",
    "review": "예술품은 진짜와 가짜를 귀신같이 구별했던 그도, 사람 마음은 결국 구별하지 못했네요.. 잔인한 장면 없이 미치도록 잔인한 영화였습니다. 제프리 러쉬의 연기에서는 버질의 마음이 찢어지는 소리가 들리는듯했어요.",
    "rating": "9",
    "date": "15.05.02"
  },
  {
    "review_id": "9879761",
    "movie_id": "101248",
    "author": "mond****",
    "review": "그저 씁쓸하고 황당하다",
    "rating": "7",
    "date": "15.04.30"
  },
  {
    "review_id": "9868088",
    "movie_id": "101248",
    "author": "theb****",
    "review": "사랑, 새디즘, 배신, 추리, 과학적 흥미가 조합된 훌륭한 영화입니다",
    "rating": "10",
    "date": "15.04.25"
  },
  {
    "review_id": "9848269",
    "movie_id": "101248",
    "author": "sosw****",
    "review": "단 한순간도 의심  하지 못 한 완벽한 시나리오",
    "rating": "10",
    "date": "15.04.16"
  },
  {
    "review_id": "9842779",
    "movie_id": "101248",
    "author": "ging****",
    "review": "엄청난 작품인데엄청난 반전이 있다는 평점을 보고봐서가능한 모든 반전을 생각하면서 봐버렸다나에겐 평점때문에 망친 영화 ㅋㅋ부디 앞으로 이걸보는 모든분은 기대하지말고 보기를그러면 인생 최고의 영화",
    "rating": "10",
    "date": "15.04.12"
  },
  {
    "review_id": "9842031",
    "movie_id": "101248",
    "author": "mins****",
    "review": "완벽하게 당한, 씁쓸한..사람은 자신이 원하는 것을 보나 보다",
    "rating": "8",
    "date": "15.04.12"
  },
  {
    "review_id": "9840657",
    "movie_id": "101248",
    "author": "newl****",
    "review": "재밌네.  그리고 역시 남자가 천연기념물이면 곤란하다는거.",
    "rating": "8",
    "date": "15.04.11"
  },
  {
    "review_id": "9838846",
    "movie_id": "101248",
    "author": "almo****",
    "review": "예술품 사기단 3인조에 농락당한 쥔공은 아직도 정신을 못차리는데",
    "rating": "6",
    "date": "15.04.10"
  },
  {
    "review_id": "9836973",
    "movie_id": "101248",
    "author": "song****",
    "review": "많은여운을남긴다ㅠㅠㅠ 한번더봐야지",
    "rating": "10",
    "date": "15.04.09"
  },
  {
    "review_id": "9835760",
    "movie_id": "101248",
    "author": "sopa****",
    "review": "젊은 여자가 병자 코스프레하고 노인네 꼬실 때부터 알아봤다. 클레어,젊은 친구,젊은 친구의 여친, 이 세명이 노인네 그림 털어갈려고 애초부터 짜놓은 가짜 로맨스.",
    "rating": "8",
    "date": "15.04.09"
  },
  {
    "review_id": "9835656",
    "movie_id": "101248",
    "author": "ljkj****",
    "review": "빠르지 않은 몰입감에 슬픈 진품 이야기",
    "rating": "8",
    "date": "15.04.09"
  },
  {
    "review_id": "9835475",
    "movie_id": "101248",
    "author": "gray****",
    "review": "올드먼이 경찰서까지 갔지만 클레어를 회상하며 고발하지 않은 이유는 도난당한 미술품의 소유자가 자신이면 그동안 쌓아올린 명성도(이제 그에게 마지막으로 남은 것들...) 잃게 되니까...",
    "rating": "8",
    "date": "15.04.09"
  },
  {
    "review_id": "9833906",
    "movie_id": "101248",
    "author": "cult****",
    "review": "사실 언제 할배랑 함 하나 하고 봐따~ 제대로 안나와서 개실망",
    "rating": "7",
    "date": "15.04.08"
  },
  {
    "review_id": "9833324",
    "movie_id": "101248",
    "author": "ttun****",
    "review": "여자 경험이 없는 순진한 남자를 밀당으로 밀어붙힌 연얘고수의 치밀한 작전 ! 이것이야 말로 서양 꽃뱀의 전형적인 얘기",
    "rating": "8",
    "date": "15.04.07"
  },
  {
    "review_id": "9832807",
    "movie_id": "101248",
    "author": "roma****",
    "review": "누구나  예상할 수 있는 마지막엔딩이 아쉽다...중반까지는 괜찮았다",
    "rating": "7",
    "date": "15.04.07"
  },
  {
    "review_id": "9832574",
    "movie_id": "101248",
    "author": "nora****",
    "review": "사랑은 잔인하다...",
    "rating": "9",
    "date": "15.04.07"
  },
  {
    "review_id": "9832269",
    "movie_id": "101248",
    "author": "meco****",
    "review": "반전이 너무 일찌김치 티 나지만 않았어도... 9점은 거뜬히 먹을텐뎅..클레어 엄마 초상화를보고도 클레어인지 몰랐던 올드먼. 작품의 가치만보는게 익숙해져서 단순한 면모를 보지못하였던것을 감독의표현이 기가막히긴 하당.",
    "rating": "6",
    "date": "15.04.06"
  },
  {
    "review_id": "9830736",
    "movie_id": "101248",
    "author": "jpd9****",
    "review": "깨진 사랑도 '진품'으로 보는 버질의 담담함... 가슴 아린다.",
    "rating": "8",
    "date": "15.04.06"
  },
  {
    "review_id": "9830713",
    "movie_id": "101248",
    "author": "rhrl****",
    "review": "오랜만에 몰입해서 본 영화 끝나니 허탈하다 후...",
    "rating": "9",
    "date": "15.04.06"
  },
  {
    "review_id": "9830184",
    "movie_id": "101248",
    "author": "love****",
    "review": "와 인생 영화 내사랑은 진품이길...",
    "rating": "10",
    "date": "15.04.05"
  },
  {
    "review_id": "9828822",
    "movie_id": "101248",
    "author": "na93****",
    "review": "늦게나바 봤지만, 진짜 새로운영화이면서 결말이 믿지지 않는 영화...말도안되",
    "rating": "10",
    "date": "15.04.05"
  },
  {
    "review_id": "9828498",
    "movie_id": "101248",
    "author": "anse****",
    "review": "정말 재밌네요. 몰입도최고입니다~~마지막장면이 참. .",
    "rating": "10",
    "date": "15.04.05"
  },
  {
    "review_id": "9827344",
    "movie_id": "101248",
    "author": "mich****",
    "review": "보는 내내 지루하고 다 보고 나서도 아무것도 안남는.. 시간, 돈 낭비하기 딱좋은 쓰레기. 꼭 영화 처음 보는 촌것들이 어쩌다가 지루한 영화 하나 발견하면 앵글이 어떻네 예술성이 어떻네 열폭들 하는건 절대진리.",
    "rating": "1",
    "date": "15.04.04"
  },
  {
    "review_id": "9823873",
    "movie_id": "101248",
    "author": "ko74****",
    "review": "감히말할수없이~~~좋다~",
    "rating": "10",
    "date": "15.04.03"
  },
  {
    "review_id": "9823445",
    "movie_id": "101248",
    "author": "qeen****",
    "review": "정말 내인생영화 라고 해도 과언이 아니네요....하",
    "rating": "10",
    "date": "15.04.03"
  },
  {
    "review_id": "9820019",
    "movie_id": "101248",
    "author": "pooh****",
    "review": "와~지루할줄 알았는데 푹 빠져서 봤네요.",
    "rating": "10",
    "date": "15.04.01"
  },
  {
    "review_id": "9809182",
    "movie_id": "101248",
    "author": "somn****",
    "review": "여운이 긴 영화....!!",
    "rating": "10",
    "date": "15.03.27"
  },
  {
    "review_id": "9809047",
    "movie_id": "101248",
    "author": "jcw2****",
    "review": "모든 위조품엔 진품의 미덕이 숨어 있다. 두번 보기 싫은 영화",
    "rating": "8",
    "date": "15.03.27"
  },
  {
    "review_id": "9808664",
    "movie_id": "101248",
    "author": "bbac****",
    "review": "첨으로 만점주네요처음엔 \"이게 뭐야 \"라고 봤지만 나중엔 감탄사 밖엔 안나오네요",
    "rating": "10",
    "date": "15.03.26"
  },
  {
    "review_id": "9807428",
    "movie_id": "101248",
    "author": "kime****",
    "review": "모든감정은 예술품이다. 즉, 살아간다는건 예술그자체. 마지막장면은 나를 깨닫게했다.",
    "rating": "10",
    "date": "15.03.26"
  },
  {
    "review_id": "9805061",
    "movie_id": "101248",
    "author": "doru****",
    "review": "진품이 있을거라 생각하며 위조 속(밤과 낮)에서 클레어를 기다리는 버질의 모습은 우리의 모습과 닮아있다. 모든 진실을 안다고 생각하지만, 그것은 착각이고, 깨달음에도 불구하고 진실을 덮은채 살아간다. 하지만, 바질의 모습이 싫지만은 이유는 왜일까?.",
    "rating": "9",
    "date": "15.03.25"
  },
  {
    "review_id": "9803450",
    "movie_id": "101248",
    "author": "fobo****",
    "review": "영화자체로는 몰입도 아주 좋다 엔딩이 너무 씁쓸하다  사람 마음갖고 사기치는 모든 사기꾼들은 다 천벌받았으면좋겠다",
    "rating": "8",
    "date": "15.03.24"
  },
  {
    "review_id": "9802549",
    "movie_id": "101248",
    "author": "huks****",
    "review": "정말 최고의 몰입! 최고의 스토리! 한국 영화로 치자면 올드보이 수준의 몰입도 유발 작품!",
    "rating": "10",
    "date": "15.03.23"
  },
  {
    "review_id": "9802358",
    "movie_id": "101248",
    "author": "seok****",
    "review": "영상미를 기대하고 봤지만 의외로 스토리도 무난.어쩌면 뻔한 결말이지만 나름 괜찮은?",
    "rating": "8",
    "date": "15.03.23"
  },
  {
    "review_id": "9800494",
    "movie_id": "101248",
    "author": "tree****",
    "review": "두말할필요없이 최고였다.",
    "rating": "10",
    "date": "15.03.22"
  },
  {
    "review_id": "9798462",
    "movie_id": "101248",
    "author": "kmmw****",
    "review": "음악 덕분에 몰입하였지만 예상 되는 결말이 조금 아쉬웠다.",
    "rating": "6",
    "date": "15.03.22"
  },
  {
    "review_id": "9795922",
    "movie_id": "101248",
    "author": "zomd****",
    "review": "감독의 팬이 될것 같다..",
    "rating": "10",
    "date": "15.03.21"
  },
  {
    "review_id": "9795219",
    "movie_id": "101248",
    "author": "bako****",
    "review": "오랜만에 영화다운 영화를 본 것 같다. 영상, 스토리, 배우들 연기력까지 모든 것이 완벽했다. 강추!",
    "rating": "7",
    "date": "15.03.20"
  },
  {
    "review_id": "9794775",
    "movie_id": "101248",
    "author": "lyk0****",
    "review": "중반까지 꽤 흥미로웠지만 전부 사기꾼 의도대로 된다는게 별로.. 클라이막스가 밋밋하다. 그래도 위조가능한 사랑과, 인생 전체를 뒤엎은 한번의 스캔들에 대한 메시지는 괜찮은듯. 결말의 그는 데미지의 제레미아이언스를 떠올리게 한다. 제목이 심심하다.",
    "rating": "7",
    "date": "15.03.20"
  },
  {
    "review_id": "9794372",
    "movie_id": "101248",
    "author": "o_oc****",
    "review": "진품이든 모조품이든 그 안에 진심은 조롱하지 않아야한다.",
    "rating": "8",
    "date": "15.03.20"
  },
  {
    "review_id": "9792725",
    "movie_id": "101248",
    "author": "faby****",
    "review": "글쎄요. 소문난 잔치에 먹을게 별로 없었네요...",
    "rating": "5",
    "date": "15.03.19"
  },
  {
    "review_id": "9792471",
    "movie_id": "101248",
    "author": "viky****",
    "review": "영화몰입도와 주인공에빠져서 단순한 결론을 잊었다. 이영화를 검색했을때 장르가 범죄로 되어있는걸 놓친것처럼. 이런",
    "rating": "8",
    "date": "15.03.19"
  },
  {
    "review_id": "9788785",
    "movie_id": "101248",
    "author": "baeg****",
    "review": "안보면 안봤지 한번 본사람 드물듯...영화를 사랑하는입장에서 이영화는 정말 멋있고 여운이 진하게 남는영화..",
    "rating": "10",
    "date": "15.03.17"
  },
  {
    "review_id": "9776303",
    "movie_id": "101248",
    "author": "seab****",
    "review": "배두나가 짐이랑 헤어졌다해서 그의 필모를 보던중에 이 영화가 있어 기대없이 봤는데 이런 단 1분도 버리지 못한 영화",
    "rating": "10",
    "date": "15.03.13"
  },
  {
    "review_id": "9771091",
    "movie_id": "101248",
    "author": "rhdt****",
    "review": "짧았던 사랑  그러나 사기극인걸 알고도 모든걸 챙겨보낸 마음으로 항상 기다리며 받아들이는 주인공의  삶에 박수를 보낸다",
    "rating": "10",
    "date": "15.03.10"
  },
  {
    "review_id": "9767010",
    "movie_id": "101248",
    "author": "domu****",
    "review": "처음부터 끝까지 긴장하면서 재밌게 봤네요. 지적이고 예술적이며 매력적인 영화였습니다^^",
    "rating": "10",
    "date": "15.03.08"
  },
  {
    "review_id": "9766958",
    "movie_id": "101248",
    "author": "yuji****",
    "review": "완벽합니다 추천두번추천합니다",
    "rating": "10",
    "date": "15.03.08"
  },
  {
    "review_id": "9764719",
    "movie_id": "101248",
    "author": "hanm****",
    "review": "한때는 내가 살고 있고, 싶었던 삶이 지금까지 계속되지 않음에 감사한다. 영화처럼 뭔가 잃지 않고 행복할 수 있어서..",
    "rating": "10",
    "date": "15.03.08"
  }
]