[
  {
    "review_id": "10018680",
    "movie_id": "101465",
    "author": "dnjs****",
    "review": "아이마스에는 인생이라는 뜻이 있지.. 후후후..",
    "rating": "10",
    "date": "15.06.21"
  },
  {
    "review_id": "9797252",
    "movie_id": "101465",
    "author": "iiii****",
    "review": "@ㅏ재들도 럽폭도 못지 않게 한다면서요? ㅎㄷㄷ",
    "rating": "1",
    "date": "15.03.21"
  },
  {
    "review_id": "9724490",
    "movie_id": "101465",
    "author": "gh10****",
    "review": "아이마스는 사랑입니다",
    "rating": "10",
    "date": "15.02.21"
  },
  {
    "review_id": "9713908",
    "movie_id": "101465",
    "author": "bada****",
    "review": "아이마스 다이스키! 러브라이브 다이스키!",
    "rating": "10",
    "date": "15.02.19"
  },
  {
    "review_id": "9648082",
    "movie_id": "101465",
    "author": "kanc****",
    "review": "럽폭도 자살추천 ㅡㅡㅡ",
    "rating": "10",
    "date": "15.01.29"
  },
  {
    "review_id": "9611089",
    "movie_id": "101465",
    "author": "star****",
    "review": "신데렐라 걸즈 나온다!!",
    "rating": "10",
    "date": "15.01.18"
  },
  {
    "review_id": "9603012",
    "movie_id": "101465",
    "author": "cyw0****",
    "review": "러브라이브 만세 아이마스 꺼져라",
    "rating": "1",
    "date": "15.01.17"
  },
  {
    "review_id": "8726899",
    "movie_id": "101465",
    "author": "zen1****",
    "review": "READY  진리잼왜 신데마스 정발 안하냐 으으",
    "rating": "10",
    "date": "14.05.12"
  },
  {
    "review_id": "8430773",
    "movie_id": "101465",
    "author": "akih****",
    "review": "신상철 부인 타카네 다이스키!!",
    "rating": "10",
    "date": "14.01.26"
  },
  {
    "review_id": "7451395",
    "movie_id": "101465",
    "author": "oral****",
    "review": "아이마스는 인생입니다.",
    "rating": "10",
    "date": "13.04.11"
  },
  {
    "review_id": "7207391",
    "movie_id": "101465",
    "author": "caia****",
    "review": "야요이 최고!",
    "rating": "10",
    "date": "13.02.01"
  }
]