[
  {
    "review_id": "8529804",
    "movie_id": "101474",
    "author": "thdw****",
    "review": "미국에 내보내지는 마라",
    "rating": "1",
    "date": "14.02.22"
  },
  {
    "review_id": "8317677",
    "movie_id": "101474",
    "author": "sall****",
    "review": "정말 애들보기에 딱이예요제가 봐도 재미는 있는 것 같아요화려하면서 좀 멋있으니까 애들도 좋아하겠죠?",
    "rating": "10",
    "date": "13.12.28"
  },
  {
    "review_id": "8014162",
    "movie_id": "101474",
    "author": "chlg****",
    "review": "재미없어요",
    "rating": "1",
    "date": "13.09.24"
  },
  {
    "review_id": "7267734",
    "movie_id": "101474",
    "author": "2002****",
    "review": "100점 만점에 100점! 완전 재미있어요!!!",
    "rating": "10",
    "date": "13.02.15"
  }
]