[
  {
    "review_id": "9444181",
    "movie_id": "101475",
    "author": "sonj****",
    "review": "저 이거  전편 다  봤는데  정말 재밌어요.",
    "rating": "10",
    "date": "14.12.03"
  },
  {
    "review_id": "8110776",
    "movie_id": "101475",
    "author": "aeco****",
    "review": "2기가 나왔으면 좋겠지만... 아직 안 나와서 할 수 없이 반개 깎았습니다. 죄송합니다.",
    "rating": "9",
    "date": "13.11.02"
  },
  {
    "review_id": "8102309",
    "movie_id": "101475",
    "author": "gaeu****",
    "review": "전 이거 팬이에엽 완전 귀여워!!1쥬동탐 파이팅!",
    "rating": "10",
    "date": "13.10.30"
  },
  {
    "review_id": "8095774",
    "movie_id": "101475",
    "author": "korj****",
    "review": "쥬로링 동물탐정 파이팅~!!!>_< 극장판 빨리 개봉하기를^^",
    "rating": "10",
    "date": "13.10.28"
  },
  {
    "review_id": "8010399",
    "movie_id": "101475",
    "author": "kaki****",
    "review": "난 재밌게 봤는데???",
    "rating": "10",
    "date": "13.09.22"
  },
  {
    "review_id": "7781593",
    "movie_id": "101475",
    "author": "cut0****",
    "review": "유익하고재밌습니다ㅋㅋ",
    "rating": "10",
    "date": "13.07.24"
  },
  {
    "review_id": "7781587",
    "movie_id": "101475",
    "author": "hang****",
    "review": "극장판나오면더재미있을것같네요^^",
    "rating": "10",
    "date": "13.07.24"
  },
  {
    "review_id": "7747369",
    "movie_id": "101475",
    "author": "woch****",
    "review": "극장판은 언제쯤",
    "rating": "10",
    "date": "13.07.16"
  },
  {
    "review_id": "7441219",
    "movie_id": "101475",
    "author": "cris****",
    "review": "상표,만화로 홍보를 했으나 망한 애니.",
    "rating": "1",
    "date": "13.04.07"
  }
]