[
  {
    "review_id": "9196620",
    "movie_id": "101458",
    "author": "kore****",
    "review": "타카가키 아야히~~~~",
    "rating": "10",
    "date": "14.09.10"
  },
  {
    "review_id": "8921555",
    "movie_id": "101458",
    "author": "ohln****",
    "review": "나야 잼나게 보긴했는데... 애초에 이건 영화가 아닌데...?",
    "rating": "9",
    "date": "14.07.16"
  },
  {
    "review_id": "7341939",
    "movie_id": "101458",
    "author": "vmdb****",
    "review": "네이버  이런것도 다 올려주네 ㅋㅋ",
    "rating": "8",
    "date": "13.03.12"
  },
  {
    "review_id": "7258729",
    "movie_id": "101458",
    "author": "kww5****",
    "review": "내가본 애니중에 가장마음에 드는 캐릭터들이고 내용도 재밋음ゆか♥",
    "rating": "10",
    "date": "13.02.13"
  }
]