[
  {
    "review_id": "9713316",
    "movie_id": "101718",
    "author": "ske4****",
    "review": "나레이션 할사람이 그리 없었는가?",
    "rating": "1",
    "date": "15.02.19"
  },
  {
    "review_id": "9083031",
    "movie_id": "101718",
    "author": "soul****",
    "review": "단언컨데 이병헌의 나레이션이란",
    "rating": "10",
    "date": "14.08.14"
  },
  {
    "review_id": "7858773",
    "movie_id": "101718",
    "author": "jikj****",
    "review": "공존으로 가는 길",
    "rating": "10",
    "date": "13.08.08"
  },
  {
    "review_id": "7363151",
    "movie_id": "101718",
    "author": "hong****",
    "review": "어떤분이 이걸 미개사회로 돌아가자는 공산주읭 선동 다큐라고 했는데, 극히 잘못보신겁니다. 내용은 선동이 아니라 현대사회가 놓진부분인 '소외층'을 되돌아보자라는게 주를 이룹니다. 아주 뜻깊은 다큐네요.",
    "rating": "10",
    "date": "13.03.19"
  },
  {
    "review_id": "7300201",
    "movie_id": "101718",
    "author": "odjs****",
    "review": "역시 이병헌은 내레이션을 참 잘하는 멋진 훈남이다.얼굴도 잘생겼고 목소리도 참 아름다운 남자다.",
    "rating": "10",
    "date": "13.02.25"
  },
  {
    "review_id": "7206050",
    "movie_id": "101718",
    "author": "4879****",
    "review": "이병헌이 내레이션해서 준다",
    "rating": "10",
    "date": "13.02.01"
  },
  {
    "review_id": "7145517",
    "movie_id": "101718",
    "author": "glam****",
    "review": "원시 미개사회로 돌아가자는 공산주의 선동 다큐. OOO기라는 표현이 지나치지 않다.",
    "rating": "1",
    "date": "13.01.22"
  },
  {
    "review_id": "7073945",
    "movie_id": "101718",
    "author": "owog****",
    "review": "지속가능한 삶이 무엇인가에 대한 다큐. 내용도 좋고 구성적으로도 훌륭하다",
    "rating": "10",
    "date": "13.01.02"
  },
  {
    "review_id": "7003334",
    "movie_id": "101718",
    "author": "ssd7****",
    "review": "ㄷㅂ",
    "rating": "10",
    "date": "12.12.14"
  },
  {
    "review_id": "6994455",
    "movie_id": "101718",
    "author": "fuck****",
    "review": "내용과 나레이션 모두 훌륭하다",
    "rating": "10",
    "date": "12.12.12"
  },
  {
    "review_id": "6993784",
    "movie_id": "101718",
    "author": "chl7****",
    "review": "거짓으로 점철된 좌익 선동 영화. 0점을 줄 수 없다는게 안타까울 따름이다.",
    "rating": "1",
    "date": "12.12.11"
  },
  {
    "review_id": "6993133",
    "movie_id": "101718",
    "author": "beat****",
    "review": "프롤로그 최후의 경고(11/18)_ 슬픈 제국의 추장(11/25)_ 돈과 꽃(12/2)_ 공존,생존을 위한 선택(12/9)_ 엄마와^-^v1%를 위한 자본주의 안에서 지구촌이 모두 병들고 있다♨브록파 마을의 꽃☆ 아누타 섬의 아로파☆ 오지라퍼 아웃☆",
    "rating": "9",
    "date": "12.12.11"
  },
  {
    "review_id": "6967184",
    "movie_id": "101718",
    "author": "4342****",
    "review": "모든조합이  균형적이고 안정적이게  흐르는  다큐",
    "rating": "10",
    "date": "12.12.03"
  }
]