[
  {
    "review_id": "9034733",
    "movie_id": "101776",
    "author": "wb33****",
    "review": "정 이 있었던 드라마 였어요 잘봤습니다 ^^",
    "rating": "9",
    "date": "14.08.06"
  },
  {
    "review_id": "7685580",
    "movie_id": "101776",
    "author": "mygr****",
    "review": "이 드라마의 진정한 주인공은 사 사장.. 그로 인해 모든 사건이 시작됐고, 그의 자살로 모두가 행복해졌다.",
    "rating": "6",
    "date": "13.06.28"
  },
  {
    "review_id": "7676597",
    "movie_id": "101776",
    "author": "ksm7****",
    "review": "이렇게 끝날꺼면 악인들을 너무 나쁘게 그리지 말았어야 했어요. 사람본성은  잘 변하지 않는건데....",
    "rating": "7",
    "date": "13.06.24"
  },
  {
    "review_id": "7667276",
    "movie_id": "101776",
    "author": "dmsd****",
    "review": "내가본아침극중 최고의들마임^^ 일단커플이제바람대로 이뤄져서 좋고 그나저나삼생이 망작이라고하시는분들 그럼보시질말든가요^^ 시청률18.4기록한것은여러분덕택아니겠어요?ㅋ 어쨋든 좋았닼내가좋아하는 차도진뽱 기사좀 많이떳으면ㅠ",
    "rating": "10",
    "date": "13.06.22"
  },
  {
    "review_id": "7664329",
    "movie_id": "101776",
    "author": "bdg1****",
    "review": "암 생각없이 되는대로 쓴  내가 써도 이보다 나을  드라마",
    "rating": "2",
    "date": "13.06.21"
  },
  {
    "review_id": "7663264",
    "movie_id": "101776",
    "author": "eohy****",
    "review": "재밌었어요~최근 며칠 진전되기전까진 속타 죽을뻔하거 스트레스 쌓였었는데 그것도 사실 재밌어서 그런거겠죠?작가님 수고하셨네요~옛배경 드라마 별로일거라 생각했는데 재미났어요!!또 이런 드라마 보고싶어요.",
    "rating": "8",
    "date": "13.06.21"
  },
  {
    "review_id": "7662777",
    "movie_id": "101776",
    "author": "maym****",
    "review": "막장은 막장이네요 출연진 분장하는거 너무너무 성이 없네요. 시청자들 무시하는건지...",
    "rating": "1",
    "date": "13.06.21"
  },
  {
    "review_id": "7660205",
    "movie_id": "101776",
    "author": "god_****",
    "review": "ㅋㅋㅋㅋㅋㅋㅋㅋㅋㅋ 마지막에서 갑자기 모두가 하하호호 미친엔딩ㅠㅠㅠ 벌 받아야 할 사람은 벌 안 받고 ㅋㅋㅋㅋ 도저히 이해가 안 가는 흐지부지 막장엔딩 ㅠㅠㅠㅠㅠ 너무 아쉬워요.. 엄청난 신파가 되어버림 ㄷㄷㄷ",
    "rating": "5",
    "date": "13.06.20"
  },
  {
    "review_id": "7660191",
    "movie_id": "101776",
    "author": "mom0****",
    "review": "결말이 이해불가 마무리가 너무 선하게 끝나려니 억지스럽다 결말에 이르는 부분은 막장스럽다",
    "rating": "2",
    "date": "13.06.20"
  },
  {
    "review_id": "7658811",
    "movie_id": "101776",
    "author": "jwki****",
    "review": "아침드라마 중엔 젤 재미있네요... 잘봤습니다.",
    "rating": "10",
    "date": "13.06.20"
  },
  {
    "review_id": "7658514",
    "movie_id": "101776",
    "author": "sugi****",
    "review": "마지막까지 시청자들 화나게하는드라마!! 어떻게 금옥이랑 삼생이가 자매? 삼생이한테 막례와 금옥이가 사기진과다를바없이 소름돋을정도로 굴었는데 화기애애하게 끝나는 결말은 누가봐도 이해못하는 역시 봉 부녀라 끝까지 봉처럼구는건가 삼생이로하지말고금옥이로바꿔",
    "rating": "1",
    "date": "13.06.20"
  },
  {
    "review_id": "7654178",
    "movie_id": "101776",
    "author": "suji****",
    "review": "사람 죽이고 이렇게 쉽게 용서하니 이 세상이 사람 목숨을 파리 목숨 처럼 여기지 ㅡㅡ악행은 2000년대 막장 드라마처럼 보여주더니용서는 1970년대 착한  드라마를 표방하는 시청자들에게 답답함과  화를 부르는 드라마",
    "rating": "1",
    "date": "13.06.18"
  },
  {
    "review_id": "7642524",
    "movie_id": "101776",
    "author": "namj****",
    "review": "너무재밌어요만점이예요",
    "rating": "10",
    "date": "13.06.15"
  },
  {
    "review_id": "7640121",
    "movie_id": "101776",
    "author": "wjdt****",
    "review": "짜증은나지만 재미는있어요  120부작은너무길어요  그리고 발호세넘어지는장면을이을 혜주댁의 장바구니떨구는장면....정말 잊혀지지않네요",
    "rating": "5",
    "date": "13.06.14"
  },
  {
    "review_id": "7634049",
    "movie_id": "101776",
    "author": "thse****",
    "review": "도입부와 마지막이 다르게 전개되는것은 맞는듯..끝으로 향해가는데 드라마 내용은 끝이아닐듯끕 마무리로 종방??ㅠㅠ",
    "rating": "5",
    "date": "13.06.13"
  },
  {
    "review_id": "7632863",
    "movie_id": "101776",
    "author": "skys****",
    "review": "냉무.",
    "rating": "1",
    "date": "13.06.13"
  },
  {
    "review_id": "7629886",
    "movie_id": "101776",
    "author": "refr****",
    "review": "완전 재밌지 않나요? 평점 왜 이리 낮아~ 사기진 완전 팬임.. 유태웅님 연기 쩔어요",
    "rating": "10",
    "date": "13.06.12"
  },
  {
    "review_id": "7629884",
    "movie_id": "101776",
    "author": "qufs****",
    "review": "아침드라마에 대한 편견울 깨준거같네요! 여태본아침드라마중에 제일 재밌는거같아요 가끔 전개를 질질 끄는거같기도한데 그래도 보게되네요 이제 곧 결말인데 해피앤딩으로 끝낫으면 좋겠네요 파이팅!",
    "rating": "10",
    "date": "13.06.12"
  },
  {
    "review_id": "7629817",
    "movie_id": "101776",
    "author": "ace2****",
    "review": "결말로  가고 잇네요!  너무 억지로  급  결말  하지 말고   공감과  감동  그리고  여운이  남는  드라마로  기억되기를  바라구요..  멋진동우가  활짝웃으며   행복하게  끝나기를,,,  동우 홧팅^^",
    "rating": "3",
    "date": "13.06.12"
  },
  {
    "review_id": "7629414",
    "movie_id": "101776",
    "author": "jiwo****",
    "review": "정말 짜증니는 드라마다. 처음 기획의도와 동떨어진 내용 뿐만 어이없는 스토리 전개 정말 최악의 드라마다.",
    "rating": "1",
    "date": "13.06.12"
  },
  {
    "review_id": "7629411",
    "movie_id": "101776",
    "author": "zodi****",
    "review": "요즘보는 단 하나의 드라마.아침드러마의 선입견을 깨준 드라마.",
    "rating": "10",
    "date": "13.06.12"
  },
  {
    "review_id": "7626516",
    "movie_id": "101776",
    "author": "shal****",
    "review": "진짜재밌어요!",
    "rating": "10",
    "date": "13.06.11"
  },
  {
    "review_id": "7626272",
    "movie_id": "101776",
    "author": "rbfh****",
    "review": "짜증난다 ㅡ 아무리 극중 재미도 좋지만 ㅡ완죤 짜증나고 스트레스 받아서 오늘은 안볼기다 ㅡ 작가 역 겹다 ㅡ 참나 땅문서까지 빼돌 리냐 ㅡ 아무리 도로 찾을망정",
    "rating": "1",
    "date": "13.06.11"
  },
  {
    "review_id": "7622856",
    "movie_id": "101776",
    "author": "doye****",
    "review": "지루해졋다(--)처음엔  참재미잇게  잘봣는데-----......",
    "rating": "5",
    "date": "13.06.10"
  },
  {
    "review_id": "7609074",
    "movie_id": "101776",
    "author": "kas1****",
    "review": "아역삼생이는당차고야무지고,성인삼생이는 맹하고 ...서로 너무 다른 캐릭터네요",
    "rating": "1",
    "date": "13.06.08"
  },
  {
    "review_id": "7601856",
    "movie_id": "101776",
    "author": "rtto****",
    "review": "주인공 디지게맞고 나중에 한방으로 악 물리치는구시대적인 발상 이제는 제발그만짜증나는드라마는처음이에요아역때 그리야무진 삼생이는 커서'드릴말씀이있어요' 후에 말못하는 어버버로..퀄리티좀높입시다",
    "rating": "1",
    "date": "13.06.07"
  },
  {
    "review_id": "7593420",
    "movie_id": "101776",
    "author": "hun0****",
    "review": "봉원장은 바보인가봐 자기자식인줄도 모르고. 삼생이도지성군같이고문당하다가죽고 봉원장은재산빼기고 사사장은정치에입문하고, 선은없고악만있는세상,",
    "rating": "3",
    "date": "13.06.06"
  },
  {
    "review_id": "7590050",
    "movie_id": "101776",
    "author": "mees****",
    "review": "몰입도가 높은 드라마이긴 하다.  극적 반전이 있으려면 최악까지 끌고가야하지만 소소한 재미를 위해선 반전에 반전이나 선과 악의 반격이 있어야하는데 이건 뭐 선은 무지하고 어리숙해서 눈치를 못채는게 이상할 정도다. 보는이로 하여금 피로감을 느끼게 한다",
    "rating": "9",
    "date": "13.06.06"
  },
  {
    "review_id": "7589793",
    "movie_id": "101776",
    "author": "shy7****",
    "review": "궁금하다.",
    "rating": "8",
    "date": "13.06.06"
  },
  {
    "review_id": "7589625",
    "movie_id": "101776",
    "author": "flow****",
    "review": "풀리는가 싶더니 꼬이고,또 풀리는가 싶더니 꼬이고..작가님의 의도이시겠지만..악날하게 날개짓하는 인물들을 위한 구성이 과다한것같습니다.그동안 보아오던 막장 아침드라마와는 다르게 구성도 탄탄하고,희극성도 있어 즐겨보는데 갈수록 희망보다는 실망으로",
    "rating": "1",
    "date": "13.06.06"
  },
  {
    "review_id": "7589514",
    "movie_id": "101776",
    "author": "kb97****",
    "review": "성질나서 못보겠네...이젠 삼생이 고문시작인가?  차라리 삼생이 죽이시고  사사장이랑 금옥이 잘먹고 잘살게 하시죠..딴주변인물들은 어차피다 바보들이니까요...",
    "rating": "1",
    "date": "13.06.06"
  },
  {
    "review_id": "7589501",
    "movie_id": "101776",
    "author": "jjio****",
    "review": "볼수록 가관~~주인공들이 선한건 좋은데 머리가 없엉^^;;장식용",
    "rating": "1",
    "date": "13.06.06"
  },
  {
    "review_id": "7589500",
    "movie_id": "101776",
    "author": "lgj6****",
    "review": "괜히봤어  아침부터기분드럽게나쁘네",
    "rating": "1",
    "date": "13.06.06"
  },
  {
    "review_id": "7589460",
    "movie_id": "101776",
    "author": "yasa****",
    "review": "tv소설이잖아요 타방송 아침막장드라마가아니라서보고있는데 뭡니까이게.정작 한의사로성공하는주인공 얘기라더니 살인에 고문장면에..기획의도가 의심스럽네요",
    "rating": "1",
    "date": "13.06.06"
  },
  {
    "review_id": "7580694",
    "movie_id": "101776",
    "author": "jde1****",
    "review": "가끔  한번씩 보는데 볼때마다 짜증나네",
    "rating": "1",
    "date": "13.06.05"
  },
  {
    "review_id": "7580057",
    "movie_id": "101776",
    "author": "love****",
    "review": "동우가 삼생이를 위해 모든걸 희생하고 감내하는 장면에서 눈물이 났습니다.",
    "rating": "10",
    "date": "13.06.05"
  },
  {
    "review_id": "7577574",
    "movie_id": "101776",
    "author": "alfo****",
    "review": "요즘은 볼때마다 화나고 짜증나고 기분나빠요지성군이 삼생이를 배신하고 진술 하다니 너무 심하네요 고문도 넘 심하고 기분 나빠요 게다가 죄없는 부모님까지 문초 한다고 협박을 하다니 너무 황당해요제발 넘 심한건 안나오게 해주세요주인공이 가여워요",
    "rating": "1",
    "date": "13.06.04"
  },
  {
    "review_id": "7575033",
    "movie_id": "101776",
    "author": "hana****",
    "review": "빨리 끝나게 해주세요..작가님은  아침드라마라는걸 잊고 계신가요? 드라마의 의도를 생각하세요",
    "rating": "1",
    "date": "13.06.03"
  },
  {
    "review_id": "7562502",
    "movie_id": "101776",
    "author": "wmin****",
    "review": "정말 지성이까지 너무 하시네요! 사사장이 넘 대단하게나오잖아요! 남은 방송 횟수에서 삼생이는 언제 성공하고 언제 행복해질련지~설마 한회에 다아 몰아넣치는 않으시겠죠!",
    "rating": "3",
    "date": "13.05.30"
  },
  {
    "review_id": "7562497",
    "movie_id": "101776",
    "author": "cmak****",
    "review": "삼생이 아침드라마 맞나요? 정권이 바뀌게 되면서 사사장은 몰락하고 지성이는 참신한 새시대를 이끌 정치가 삼생이는 한의사?  그런 드라마?",
    "rating": "1",
    "date": "13.05.30"
  },
  {
    "review_id": "7562492",
    "movie_id": "101776",
    "author": "jo30****",
    "review": "지금횟수가 얼마나 지났는데 아직도 극적으로만 몰고 가는지보고있음 성질이나서 말도 안돼는부분이 바지 사장인 사사장의주변은 넓고 병원 봉원장과 황선생도 의대졸업생인데 주변인물이그리없다는 말인가?그리고 봉원장에게 대통령이 토지를 내렸다고 전에 그러더니",
    "rating": "4",
    "date": "13.05.30"
  },
  {
    "review_id": "7562471",
    "movie_id": "101776",
    "author": "jybe****",
    "review": "아침부터고문장면 불편하네요 내용도 좀질질끄는건같은느낌 좀 깔끔하지못한듯  삼생이 한의사성공도모습도보여야하는데 공포영화는못보는데 좀불편하네",
    "rating": "5",
    "date": "13.05.30"
  },
  {
    "review_id": "7562461",
    "movie_id": "101776",
    "author": "jdsm****",
    "review": "좌파드라마... 여기서 말하는 사사장은 이승만시절부터 집권해온 세력들을 의미하는 것이고 금옥이는 현 새누리당과 정부를 말한다. 삼생이는 민주당과 진보당들을 의미하고 결말은 금옥이는 정권을 빼앗기고 제자리로 가게된다는 스토리다.",
    "rating": "1",
    "date": "13.05.30"
  },
  {
    "review_id": "7560056",
    "movie_id": "101776",
    "author": "kim1****",
    "review": "전에 했던 사랑아 사랑아보고  훨씬 나은 드라마네요  무난한 아침드라마 수준이네요 볼만해요 이 앞에 했던 드라마에 한번 낚이고 나서 두번 다시 아침 드라마 안 볼려다 아침에 설거저하면서 주방티비로 우연히 보게 되었네요",
    "rating": "7",
    "date": "13.05.28"
  },
  {
    "review_id": "7557940",
    "movie_id": "101776",
    "author": "95na****",
    "review": "봉원장과 동우가 합심하여 역공 펼칠것이 기대되네요.출생비밀 안밝히고 너무 질질 끌더니  지난 금요일에 밝혀지고 이제 사기진 범죄단죄할일 남았어요.재미있게 돌어갈것 같네요.",
    "rating": "10",
    "date": "13.05.27"
  },
  {
    "review_id": "7552180",
    "movie_id": "101776",
    "author": "hmds****",
    "review": "빨리 사기진 깜빵가고  금옥이는 모든걸 잃었으면 좋겠다ㅋㅋ      삼생♥지성 커플 응원합니다.둘이 결혼에 골인해라ㅋㅋ",
    "rating": "10",
    "date": "13.05.24"
  },
  {
    "review_id": "7551767",
    "movie_id": "101776",
    "author": "wfox****",
    "review": "넘 재밌게 잘보고있어요. 중1 아들은 방학동안 보고 학교땜에 못본다 아쉬워하고 남편은 회의실에서 직원들 몰래 본다네요. 연기자들 열연과 고루하지않는 스토리가 재미를 더합니다.",
    "rating": "10",
    "date": "13.05.24"
  },
  {
    "review_id": "7549390",
    "movie_id": "101776",
    "author": "sosb****",
    "review": "아침마다 꼭 챙겨보는 드라마  재밌어요 ㅎㅎ",
    "rating": "8",
    "date": "13.05.23"
  },
  {
    "review_id": "7549374",
    "movie_id": "101776",
    "author": "blis****",
    "review": "낼도 말 못하겠지요.  또 무신 변수가 생기실테니.",
    "rating": "1",
    "date": "13.05.23"
  },
  {
    "review_id": "7548719",
    "movie_id": "101776",
    "author": "ldj1****",
    "review": "시청자를 살살 약올리네",
    "rating": "1",
    "date": "13.05.22"
  },
  {
    "review_id": "7548233",
    "movie_id": "101776",
    "author": "lisa****",
    "review": "심하게 질질끄네요...그중에서 봉원장이 잴 한심하네요",
    "rating": "1",
    "date": "13.05.22"
  },
  {
    "review_id": "7547677",
    "movie_id": "101776",
    "author": "mine****",
    "review": "작가양반아 나머지분량채우려고 나오는사람들 다OO만들지말고 내가 나머지줄거리요약해줄께 이미 다밝혀진거 비비꼬지말고 차라리 제자리찾아서 결말쓰고 차라리 애들낳고 성장하는거에 분량늘리던지 기분좋은내용으로 비비 꼬든지대체 뭔OO이야 이젠 또 지성이차롄가",
    "rating": "1",
    "date": "13.05.22"
  },
  {
    "review_id": "7547361",
    "movie_id": "101776",
    "author": "chor****",
    "review": "이거재밌게봤는데 이젠말같지않은 억지스토리로너무끄니까 아침부터혈압올라서 하루가꿀꿀해지네 고만좀끕시다 작가님!",
    "rating": "1",
    "date": "13.05.22"
  },
  {
    "review_id": "7546785",
    "movie_id": "101776",
    "author": "hsa7****",
    "review": "나참 시청자가OO인줄알아요즘사람들 얼마나 똑똑한데 드라마를 이OOO루써",
    "rating": "1",
    "date": "13.05.21"
  },
  {
    "review_id": "7546732",
    "movie_id": "101776",
    "author": "bawo****",
    "review": "너무질질끈다.작가제발생각좀하자.",
    "rating": "1",
    "date": "13.05.21"
  },
  {
    "review_id": "7546556",
    "movie_id": "101776",
    "author": "quif****",
    "review": "아침에 일어나서 꼭 챙겨봤는데회차 채우기 위해 계속 비비 꼬우는거 오늘 완전 폭발함.남친한테 헤어지자는 완전 진부한 설정.나 이제부터 안볼꺼임삼생이 아버지 죽은 몇회 뒤부터 볼때마다 신경질 남",
    "rating": "1",
    "date": "13.05.21"
  },
  {
    "review_id": "7546227",
    "movie_id": "101776",
    "author": "gtbc****",
    "review": "잼나요",
    "rating": "8",
    "date": "13.05.21"
  },
  {
    "review_id": "7546111",
    "movie_id": "101776",
    "author": "cute****",
    "review": "이제 더이상그만끌었으면좋겠어요이게무슨말도안되는 막장에막장을더해서 끝장드라마입니까?",
    "rating": "1",
    "date": "13.05.21"
  },
  {
    "review_id": "7545961",
    "movie_id": "101776",
    "author": "hmo0****",
    "review": "조기종영 바랍니다.",
    "rating": "1",
    "date": "13.05.21"
  },
  {
    "review_id": "7545850",
    "movie_id": "101776",
    "author": "park****",
    "review": "완전 막장으로 가네요~방법은 끝날때까지 보지않고끝나면 다시보기로 시청하면 되지만~멋진 드라마가전개되길 바랍니다. 작가도 시청자들의 의견들을 받아 들일부분은 받아들이세요.",
    "rating": "1",
    "date": "13.05.21"
  },
  {
    "review_id": "7545820",
    "movie_id": "101776",
    "author": "bolt****",
    "review": "이제그만보고싶어지는답답함",
    "rating": "1",
    "date": "13.05.21"
  },
  {
    "review_id": "7545818",
    "movie_id": "101776",
    "author": "pari****",
    "review": "갈수록 이상해지네요. 작가가 바뀐건지 뭔 말두안되는 걸루 질질끌고...그만좀하세요! 밝혀져두 별루 안기쁠거같아요! 작작 꼬세요",
    "rating": "1",
    "date": "13.05.21"
  },
  {
    "review_id": "7545816",
    "movie_id": "101776",
    "author": "joo7****",
    "review": "너~~~~~무질질끄네요...삼생이가 훌륭한 한의사가 되는 과정이라더니...이건 뭐 며칠만에 봐도 답답한 삼생이와 사기진의 악랄함과 억지스러운 스토리네 앞으로 이작가가 만든 드라마는 안봐야지",
    "rating": "1",
    "date": "13.05.21"
  },
  {
    "review_id": "7545800",
    "movie_id": "101776",
    "author": "kitt****",
    "review": "한의학얘긴안나오거 백날 삽질내용만 언제까지 질질끌생각임?",
    "rating": "1",
    "date": "13.05.21"
  },
  {
    "review_id": "7545520",
    "movie_id": "101776",
    "author": "jopa****",
    "review": "언제까지 아버지 찾는이야기만 할것인지! 스스로 한의사가되서 성공한다는스토리라더니..성공해가는 과정은없고 사기진의 악랄한 내용만계속되 아침부터 가슴만 답답하네~",
    "rating": "5",
    "date": "13.05.21"
  },
  {
    "review_id": "7544710",
    "movie_id": "101776",
    "author": "eve2****",
    "review": "참 질질끈다~",
    "rating": "1",
    "date": "13.05.20"
  },
  {
    "review_id": "7544048",
    "movie_id": "101776",
    "author": "kyh9****",
    "review": "참  갈수록 짜증나고 말도 안 되는 스토리네..간만에 잘 만든 드라마 보나했더니..",
    "rating": "1",
    "date": "13.05.20"
  },
  {
    "review_id": "7537257",
    "movie_id": "101776",
    "author": "jojo****",
    "review": "보다가 않보고 그냥 줄거리만 읽기시작했음. 배울점이 많은 드라마인줄 알았는데 역시나가 역시나.!",
    "rating": "2",
    "date": "13.05.18"
  },
  {
    "review_id": "7531033",
    "movie_id": "101776",
    "author": "0829****",
    "review": "120회를 억지로 이어가려니 이야기가 맨날 그자리 뱅뱅 돌기만하네요. 지겨워~~",
    "rating": "1",
    "date": "13.05.16"
  },
  {
    "review_id": "7531018",
    "movie_id": "101776",
    "author": "modu****",
    "review": "형편없는 드라마네요. 질질 끌기만하고 작가의 역량이 보이네요",
    "rating": "1",
    "date": "13.05.16"
  },
  {
    "review_id": "7531016",
    "movie_id": "101776",
    "author": "hest****",
    "review": "정말 10점주기도 아깝네요. 마이너스 점수 주고 싶을 정도의 막장 중의 막장.  시대적인 배경도 엉망이고 스토리전개도 웃기고 등장인물들은 최악중의 최악",
    "rating": "1",
    "date": "13.05.16"
  },
  {
    "review_id": "7528158",
    "movie_id": "101776",
    "author": "jiun****",
    "review": "정말 갈수록 욕나오는 드라마..있을법한 이야기 좀 만들어봐요. 말도 안되는 아이 바꿔치기 좀 하지말고..소재가 그렇게 없나요? 답답함의 극치 삼생이..보는 시간이 아까워 이제 완전히 버린다.",
    "rating": "1",
    "date": "13.05.14"
  },
  {
    "review_id": "7527726",
    "movie_id": "101776",
    "author": "beau****",
    "review": "유일하게 보는 드라마였는데... 결국은 또다른 막장이네요.정말 실망입니다!!",
    "rating": "3",
    "date": "13.05.14"
  },
  {
    "review_id": "7527634",
    "movie_id": "101776",
    "author": "rusr****",
    "review": "120회 다 되어야만 모두 밝혀낼 모양인가 봅니다..아님 어떻게 풀어야 할지 아직 답이 안나오나요?정신좀차리고 드라마 만듭시다",
    "rating": "1",
    "date": "13.05.14"
  },
  {
    "review_id": "7527614",
    "movie_id": "101776",
    "author": "jeon****",
    "review": "아침드라마마다 죄다 왜 이러는건지ㅉㅉ애들을 바꾸는 천인공노할일들을 아무렇지도않게하고..시대배경만 바꿔놓았을뿐 kbs mbc sbs 다 똑같네 저질드라마. 게다가 유치하고  이제 괜히 드라마땜에 아침부터 짜증까지난다 채널고정할때가없다.",
    "rating": "1",
    "date": "13.05.14"
  },
  {
    "review_id": "7525888",
    "movie_id": "101776",
    "author": "jhoh****",
    "review": "작가가누구냐??   아침드라마를 막장 아니 쓰레기드라마로만들었네  살인공모에 저렇게은닉해주는사람들이 얼마나되냐??   머리가있음 생각좀해라",
    "rating": "1",
    "date": "13.05.13"
  },
  {
    "review_id": "7522376",
    "movie_id": "101776",
    "author": "mary****",
    "review": "삼생이 캐릭터를 바로 잡아라 멍청한 작가뇬아 삼생이는 똑똑한애다 캐스팅부터가 눈빛이 흐리멍텅한 걸 뽑아놓고 에효 배우는 눈빛이 모든걸 말한다해도 과언이아니다 븅딱들아",
    "rating": "5",
    "date": "13.05.11"
  },
  {
    "review_id": "7517387",
    "movie_id": "101776",
    "author": "mnbv****",
    "review": "질질,,,,,속터져요",
    "rating": "1",
    "date": "13.05.09"
  },
  {
    "review_id": "7517078",
    "movie_id": "101776",
    "author": "jshy****",
    "review": "ㅋㅋ요새는CSI삼생이다",
    "rating": "5",
    "date": "13.05.09"
  },
  {
    "review_id": "7516798",
    "movie_id": "101776",
    "author": "yuni****",
    "review": "밝혀지긴 하나요. 정말 짜증납니다. 무한 반복느낌. 거기다 예고편 없애기까지.  유일하게 보는 드라마땜에 스트레스 ㅠㅠㅠ",
    "rating": "1",
    "date": "13.05.09"
  },
  {
    "review_id": "7516794",
    "movie_id": "101776",
    "author": "chch****",
    "review": "질질끌지맙시다 채널 돌아갑니다",
    "rating": "1",
    "date": "13.05.09"
  },
  {
    "review_id": "7516792",
    "movie_id": "101776",
    "author": "dkfn****",
    "review": "솔직히 1점도 아깝다. 원래 초반엔 재밌게 봤는데  이건뭐 질질끌려고 에쓰는게 보인다. 이딴식으로 밖에 못쓰나  그리고 삼생이를 왜이렇게 멍청하게 만들었나 날이 갈수록 더 멍청해지네 이제 그만 봐야겠다 ㅉㅉ",
    "rating": "1",
    "date": "13.05.09"
  },
  {
    "review_id": "7516788",
    "movie_id": "101776",
    "author": "rose****",
    "review": "어떻게든 120부작 까지 끌어야하니 말도안되는 어거지를",
    "rating": "1",
    "date": "13.05.09"
  },
  {
    "review_id": "7516782",
    "movie_id": "101776",
    "author": "lisz****",
    "review": "정말  어지간히 좀  하기를 ...  자중나서  점점  보기  시러진다  ..  다른  방송사 드라마보다  정말   스토리 전개가 뻔하다 ....  무슨 미리예상한데로 보는 드라마인지 ...",
    "rating": "1",
    "date": "13.05.09"
  },
  {
    "review_id": "7516184",
    "movie_id": "101776",
    "author": "raid****",
    "review": "참..한심한 드라마. 저런 글쓰고도 부끄러운줄 모르다니..작가란 말 조차도 하고싶지 않다.",
    "rating": "1",
    "date": "13.05.08"
  },
  {
    "review_id": "7516167",
    "movie_id": "101776",
    "author": "sija****",
    "review": "요즘 좀 질질 시간을 끌어 지루하지만 다들 연기 잘하고 잼있다..근데 예고편을 왜 없엤나요? 유치하게...",
    "rating": "10",
    "date": "13.05.08"
  },
  {
    "review_id": "7513733",
    "movie_id": "101776",
    "author": "thrb****",
    "review": "최고의 연기력들~~~",
    "rating": "10",
    "date": "13.05.07"
  },
  {
    "review_id": "7513634",
    "movie_id": "101776",
    "author": "nep2****",
    "review": "한마디로 안 타 깝 다...",
    "rating": "1",
    "date": "13.05.07"
  },
  {
    "review_id": "7513628",
    "movie_id": "101776",
    "author": "ki0k****",
    "review": "슬퍼요 ㅠㅠ 아침부터",
    "rating": "9",
    "date": "13.05.07"
  },
  {
    "review_id": "7513215",
    "movie_id": "101776",
    "author": "zepp****",
    "review": "삼생이 재미있게 잘보고 있습니다.요즘은 약간 질질끄는듯 한 느낌이 있긴하네요.삼생이아버지 약간 예상은 했지만 정말 독살당하시니깐아침드라마치고는 좀 쎈거같아 약간 당황되지만 그래도재미지게 잘 보고 있어요! ^^",
    "rating": "9",
    "date": "13.05.07"
  },
  {
    "review_id": "7503160",
    "movie_id": "101776",
    "author": "lbh7****",
    "review": "지겨워요..보던거라 계속보는디석봉출씨  죽이지 마소",
    "rating": "1",
    "date": "13.05.03"
  },
  {
    "review_id": "7503159",
    "movie_id": "101776",
    "author": "tton****",
    "review": "티비소설 막장아니라 이것만 봤는데 삼생이는 좀 다르네~~ 120부???? 항상 골라보는스탈이라 남은 횟수가 아깝고애절했는데 어짜니...궁금한게 하나도 없으니....",
    "rating": "1",
    "date": "13.05.03"
  },
  {
    "review_id": "7502979",
    "movie_id": "101776",
    "author": "alfk****",
    "review": "으앙~아침마다어쩔수없이보는데ㅠㅠ너무지겨운스토리...좀전개좀빠르게해주세요ㅜㅜ",
    "rating": "3",
    "date": "13.05.03"
  },
  {
    "review_id": "7502969",
    "movie_id": "101776",
    "author": "ou07****",
    "review": "우리가써도 소설나오겠다 질질질 이런내용으로120부작할려면 시청률 한자리수....  ㅠ   그만보자 삼생이",
    "rating": "2",
    "date": "13.05.03"
  },
  {
    "review_id": "7502967",
    "movie_id": "101776",
    "author": "baba****",
    "review": "작가가 질질 끌어 그렇게 머리가 안돌아가나할야기없으니까 빙빙돌리고 짜증나 돌대가리 작가야 지지리도복도없는 년끝까지  질질끄네",
    "rating": "2",
    "date": "13.05.03"
  },
  {
    "review_id": "7502965",
    "movie_id": "101776",
    "author": "sky0****",
    "review": "아오 보면서 욕나오네 아침부터 짜증이 확 밀려온다 첨부터 봐서 걍 보려고 했는데 다신안본다",
    "rating": "1",
    "date": "13.05.03"
  },
  {
    "review_id": "7502953",
    "movie_id": "101776",
    "author": "lja2****",
    "review": "너무 질질 끈다 이제 지겹다 삼생이 아버지 죽이겠네 아 진짜",
    "rating": "8",
    "date": "13.05.03"
  },
  {
    "review_id": "7502940",
    "movie_id": "101776",
    "author": "2002****",
    "review": "풋풋한첫사랑과지고지순한 사랑과는차원이다르죠 언젠가는삼생이도자신이동우를사랑한다는걸깨닫기를간절히바랍니다 그리고작가님!누구든죽이지말아주세요!",
    "rating": "7",
    "date": "13.05.03"
  },
  {
    "review_id": "7502936",
    "movie_id": "101776",
    "author": "mlpo****",
    "review": "지성이 표정 왜그럼??우는거임 웃는거임??삼생이 지성이 둘다 찌질하고 짜증남",
    "rating": "1",
    "date": "13.05.03"
  },
  {
    "review_id": "7502930",
    "movie_id": "101776",
    "author": "lobm****",
    "review": "삼생이엄마.정말너무하네..아..질린다",
    "rating": "4",
    "date": "13.05.03"
  }
]