[
  {
    "review_id": "9391074",
    "movie_id": "101707",
    "author": "ryoh****",
    "review": "왜 뒤늦게야봤는지 ㅠㅠ 이런 시트콤이 많았으면 좋겠어요",
    "rating": "10",
    "date": "14.11.16"
  },
  {
    "review_id": "9055895",
    "movie_id": "101707",
    "author": "kari****",
    "review": "좋아요ㅎㅎㅎ디비디나오면 사고싶네요",
    "rating": "10",
    "date": "14.08.09"
  },
  {
    "review_id": "8925673",
    "movie_id": "101707",
    "author": "yu93****",
    "review": "다시햇으면하는그런시트콤",
    "rating": "10",
    "date": "14.07.17"
  },
  {
    "review_id": "8112216",
    "movie_id": "101707",
    "author": "hsr8****",
    "review": "재밌는 시트콤 이었습니다 진짜",
    "rating": "10",
    "date": "13.11.03"
  },
  {
    "review_id": "8079509",
    "movie_id": "101707",
    "author": "lbm8****",
    "review": "다시보고픈 따뜻한 시트콤",
    "rating": "10",
    "date": "13.10.22"
  },
  {
    "review_id": "8063571",
    "movie_id": "101707",
    "author": "minn****",
    "review": "갑자기 생각나서 복습했는데..이런드라마 또안나오려나..ㅠㅠ 아쉬워",
    "rating": "10",
    "date": "13.10.16"
  },
  {
    "review_id": "8043832",
    "movie_id": "101707",
    "author": "good****",
    "review": "꼭꼭 시즌2 !만들어 주세요!!",
    "rating": "10",
    "date": "13.10.08"
  },
  {
    "review_id": "7955210",
    "movie_id": "101707",
    "author": "mygr****",
    "review": "의외의 재미를 찾아준 시트콤.. 각각의 캐릭터가 모두 개성만점이었다.",
    "rating": "8",
    "date": "13.09.07"
  },
  {
    "review_id": "7936028",
    "movie_id": "101707",
    "author": "psyl****",
    "review": "청담동살아요 이후로 젤루 잼께 본 시트콤!!!아 왜 이제야 본걸까요 ㅠㅠ 왜 본방할때 몰랐을까요 이렇게 잼있는데... 홍보가 덜 된걸까요? 너무 아쉽네요.. 또 보고 싶네요 다시 정주행 고고",
    "rating": "10",
    "date": "13.08.30"
  },
  {
    "review_id": "7929196",
    "movie_id": "101707",
    "author": "smib****",
    "review": "잼남",
    "rating": "10",
    "date": "13.08.28"
  },
  {
    "review_id": "7926622",
    "movie_id": "101707",
    "author": "char****",
    "review": "아직도 먹먹하고 여운이 남는 시트콤. 감사합니다 일말의 순정.",
    "rating": "10",
    "date": "13.08.27"
  },
  {
    "review_id": "7911791",
    "movie_id": "101707",
    "author": "ekwj****",
    "review": "이제.뭐보나요..ㅠㅠ",
    "rating": "9",
    "date": "13.08.22"
  },
  {
    "review_id": "7910475",
    "movie_id": "101707",
    "author": "peet****",
    "review": "완소 드라마~정우성 역할한 김태훈님 연기완전 잘하시네요천만불 미소의 멋진 남자~ 당신 때문에 드라마가 빛났네요",
    "rating": "10",
    "date": "13.08.22"
  },
  {
    "review_id": "7904180",
    "movie_id": "101707",
    "author": "gyun****",
    "review": "이제 순정이를 못본다고 생각하니 너무 슬프네요 순정이 한테 빠져서 봤는데 보다보니 캐릭터 하나하나가 다 너무좋네요 끝나서 너무 아쉽네요 ㅠ",
    "rating": "10",
    "date": "13.08.19"
  },
  {
    "review_id": "7885539",
    "movie_id": "101707",
    "author": "arim****",
    "review": "진짜넘좋은 시트콤인듯~ 훈훈하고 특히 김선미쌤 넘사랑스러웠어요~",
    "rating": "10",
    "date": "13.08.15"
  },
  {
    "review_id": "7883668",
    "movie_id": "101707",
    "author": "mr_t****",
    "review": "작가님 글 너무 못씀;",
    "rating": "1",
    "date": "13.08.15"
  },
  {
    "review_id": "7880395",
    "movie_id": "101707",
    "author": "hyun****",
    "review": "진짜 맨날보면서 느끼는건데 여자들의 환상이 너무 지나치다.",
    "rating": "8",
    "date": "13.08.14"
  },
  {
    "review_id": "7878239",
    "movie_id": "101707",
    "author": "205m****",
    "review": "전개 진짜 질질끄시네요; 시트콤인데 재밌지도 않고",
    "rating": "1",
    "date": "13.08.14"
  },
  {
    "review_id": "7851037",
    "movie_id": "101707",
    "author": "erty****",
    "review": "매주매주하루도빠짐없이꾸준히보는티비중하나!!!ㅎㅎㅎ너무너무재밋다 ㅎㅎㅎ앞으로얼마안남은것이...너무아쉽다...ㅠ",
    "rating": "10",
    "date": "13.08.06"
  },
  {
    "review_id": "7838167",
    "movie_id": "101707",
    "author": "govk****",
    "review": "진짜 재밌네요ㅋㅋㅋ웃음도 있고 감동도있으면서 매일 챙겨보는 시트콤으로 딱인게 얼마안남은게 너무 아쉬워요ㅠ",
    "rating": "10",
    "date": "13.08.04"
  },
  {
    "review_id": "7837393",
    "movie_id": "101707",
    "author": "hg91****",
    "review": "재미있네요_^^_",
    "rating": "10",
    "date": "13.08.04"
  },
  {
    "review_id": "7822637",
    "movie_id": "101707",
    "author": "jes3****",
    "review": "짧게 할께요 굿",
    "rating": "10",
    "date": "13.08.02"
  },
  {
    "review_id": "7813358",
    "movie_id": "101707",
    "author": "rkdd****",
    "review": "재밌~어!!~~!! 몇화 안남은것이 아쉬울따름....",
    "rating": "10",
    "date": "13.08.01"
  },
  {
    "review_id": "7812513",
    "movie_id": "101707",
    "author": "tlqk****",
    "review": "첫회부터 열심히 달리는 시청자 입니다^^김선미선생님 어머니부터 시작하여 모든 배우들의 연기가훌륭합니다 너무 재미 있어요",
    "rating": "10",
    "date": "13.08.01"
  },
  {
    "review_id": "7803409",
    "movie_id": "101707",
    "author": "exto****",
    "review": "일상의 상황에서 흔히 느낄 수 있는 것들을 어쩜 그렇게 재미있고 디테일하게 구성했는지, 작가분들 역량이 참 대단하네요. 배우들도 역에 꼭 맞게 캐스팅 된 것 같아요. 너무 극단적으로 치닫는 드라마를 보다가 참 신선하고 좋아요.",
    "rating": "10",
    "date": "13.07.31"
  },
  {
    "review_id": "7800609",
    "movie_id": "101707",
    "author": "hji0****",
    "review": "요즘일말의순정보는재미로살아요 정우성♡김선미쌤 ^^ 화이팅!",
    "rating": "10",
    "date": "13.07.30"
  },
  {
    "review_id": "7800040",
    "movie_id": "101707",
    "author": "kkat****",
    "review": "드라마 자체는 맘에 안들지만, 김태훈의 장난끼와 그때그때 애드리브가 좋습니다. 착한남자에서의 음침함과는 차원이 다르니... 배우답다라는..",
    "rating": "6",
    "date": "13.07.30"
  },
  {
    "review_id": "7791109",
    "movie_id": "101707",
    "author": "bigd****",
    "review": "차라리 뉴스를 보겟어요",
    "rating": "1",
    "date": "13.07.27"
  },
  {
    "review_id": "7789906",
    "movie_id": "101707",
    "author": "pjh2****",
    "review": "김쌤. 정쌤 연애하는거 보기만 해도 떨려요..  김태훈님  장난스러움과 진지를 넘나드는 연기 정말 매력적이에요",
    "rating": "10",
    "date": "13.07.27"
  },
  {
    "review_id": "7785295",
    "movie_id": "101707",
    "author": "gksm****",
    "review": "아찐짜  짱재밋다 진짜진짜",
    "rating": "10",
    "date": "13.07.25"
  },
  {
    "review_id": "7775907",
    "movie_id": "101707",
    "author": "dasa****",
    "review": "일말의 순정 매일마다 보는데~진짜 완전 짱!!잼있다ㅎㅎ",
    "rating": "10",
    "date": "13.07.22"
  },
  {
    "review_id": "7774092",
    "movie_id": "101707",
    "author": "unrz****",
    "review": "1화부터 계속 챙겨보다가 너무 왔다갔다 답답한 러브라인 때문에 안 보고 있는 사람입니다.. 진짜 시트콤이 재미도 없고 웃기지도 않고 내용도 반복되고 어휴 재미없어요. 닥치고패밀리가 그립네요.. 따뜻한 가족애를 보여주면서도 웃긴.",
    "rating": "1",
    "date": "13.07.22"
  },
  {
    "review_id": "7772277",
    "movie_id": "101707",
    "author": "dofo****",
    "review": "배우아저씨아줌마?분들의연기력이정말 짱이신것같아요ㅎㅎ애드리브도너무웃겨요최근에정쌤이떡볶이뱉는장면도애드리브였다니ㅎㅎ재밋게잘보고있어요화이팅입니다!!!^^",
    "rating": "10",
    "date": "13.07.21"
  },
  {
    "review_id": "7768240",
    "movie_id": "101707",
    "author": "cmur****",
    "review": "극적에 막장인 드라마속에 너무 순수한 시트콤을 발견해서 요즘 얼마나 즐거운지 몰라요ㅋㅋ 드라마속에 나오는 노래들도 다 너무 좋고 배우들도 좋아요!ㅠㅠ 에피소드 하나하나 너무나 재밋어서 몇번이고 다시보기 하고있어요 감사합니다!♥",
    "rating": "10",
    "date": "13.07.20"
  },
  {
    "review_id": "7763660",
    "movie_id": "101707",
    "author": "hest****",
    "review": "시트콤이 너무 재미없네요",
    "rating": "1",
    "date": "13.07.19"
  },
  {
    "review_id": "7734728",
    "movie_id": "101707",
    "author": "bong****",
    "review": "넘 풋풋하고 때묻지 않은듯 따뜻한드라마입니다  예쁜사랑이야기 못지 않게 사랑스러운 권여사캐릭터가 주인공들 사랑이야만큼흥미롭습니다",
    "rating": "10",
    "date": "13.07.13"
  },
  {
    "review_id": "7726860",
    "movie_id": "101707",
    "author": "rmfl****",
    "review": "일말의순정 재밌어요~ 김태훈님 완전사랑합니다♥",
    "rating": "10",
    "date": "13.07.11"
  },
  {
    "review_id": "7718614",
    "movie_id": "101707",
    "author": "ppsy****",
    "review": "정말 정말 재밌어요!!!!!♥♥",
    "rating": "10",
    "date": "13.07.08"
  },
  {
    "review_id": "7712558",
    "movie_id": "101707",
    "author": "whdu****",
    "review": "정말 재밌고 훈훈한, 훌륭한 드라마인 것 같아요. 거기 나오는 배우분들도 다 좋아지고ㅋㅋ제가 봤던 드라마 중 제일 좋았어요.  나오는 캐릭터 한 명 한 명에 정감이 가요. 끝나지 않았으면 하는 드라마ㅠㅠ♥일말의 순정 끝까지 파이팅!!",
    "rating": "10",
    "date": "13.07.07"
  },
  {
    "review_id": "7699125",
    "movie_id": "101707",
    "author": "tmfv****",
    "review": "너무 재미있게 잘보고 있어요정우랑 김쌤이랑 헤어져서 슬프네요다시 연결해주면 좋겠어요",
    "rating": "10",
    "date": "13.07.03"
  },
  {
    "review_id": "7698108",
    "movie_id": "101707",
    "author": "kdi7****",
    "review": "재밌네",
    "rating": "10",
    "date": "13.07.02"
  },
  {
    "review_id": "7697524",
    "movie_id": "101707",
    "author": "cnrr****",
    "review": "김쌤은 우성이한테 가야해요 헐리업",
    "rating": "10",
    "date": "13.07.02"
  },
  {
    "review_id": "7695905",
    "movie_id": "101707",
    "author": "pond****",
    "review": "김쌤은 다른 드라마처럼 이남자 저남자 왔다 갔다 하지말고 이왕 연결된 거 하정우랑 쭉~  알콩달콩 해피엔딩이면 좋겠어요.",
    "rating": "10",
    "date": "13.07.01"
  },
  {
    "review_id": "7692727",
    "movie_id": "101707",
    "author": "blue****",
    "review": "좋아요",
    "rating": "10",
    "date": "13.06.30"
  },
  {
    "review_id": "7689673",
    "movie_id": "101707",
    "author": "mari****",
    "review": "기분꿀꿀할때보면 힐링되는드라마♥",
    "rating": "10",
    "date": "13.06.29"
  },
  {
    "review_id": "7686901",
    "movie_id": "101707",
    "author": "dplu****",
    "review": "고딩 애들 노는게 너무 오글거린다ㅋ 초딩도 아니고 너무 건전함ㅋ",
    "rating": "7",
    "date": "13.06.28"
  },
  {
    "review_id": "7682322",
    "movie_id": "101707",
    "author": "kjc1****",
    "review": "너무 재밋어요 순정이랑준영이랑 빨리이어졋으면 좋겟어요",
    "rating": "10",
    "date": "13.06.26"
  },
  {
    "review_id": "7682026",
    "movie_id": "101707",
    "author": "popo****",
    "review": "올만에 봤는데 잼있네요 ㅎㅎㅎ ㅎㅎ",
    "rating": "10",
    "date": "13.06.26"
  },
  {
    "review_id": "7681980",
    "movie_id": "101707",
    "author": "taih****",
    "review": "너무 재밌어요!!보면볼수록 기대되네요~~",
    "rating": "10",
    "date": "13.06.26"
  },
  {
    "review_id": "7681978",
    "movie_id": "101707",
    "author": "juj7****",
    "review": "고등학생의 풋풋한 사랑 >< 보기좋아요><",
    "rating": "10",
    "date": "13.06.26"
  },
  {
    "review_id": "7681968",
    "movie_id": "101707",
    "author": "mana****",
    "review": "쓰레기입니다. 뻔뻔해요.",
    "rating": "1",
    "date": "13.06.26"
  },
  {
    "review_id": "7668339",
    "movie_id": "101707",
    "author": "invu****",
    "review": "이리 매일매일 지켜보는 시트콤은 처음..정쌤땜 봄. 애드리븐지 연긴지 정말 잘하는듯.",
    "rating": "9",
    "date": "13.06.22"
  },
  {
    "review_id": "7662090",
    "movie_id": "101707",
    "author": "jjum****",
    "review": "요즘 유일하게 챙겨보는 시트콤! 근데 개인적으로 정우보다 정쌤이랑 김쌤?나올때가 더 설레고 잘됐으면 하게되네요 ^^  정쌤 캐릭터 넘 잘어울리고 자연스러우심♥",
    "rating": "10",
    "date": "13.06.21"
  },
  {
    "review_id": "7647460",
    "movie_id": "101707",
    "author": "wjdw****",
    "review": "하이킥 이후 유일하게 챙겨보는 시트콤. 40대 삼각관계가 너무 질질끈다는게 아쉬움.. 소꼽친구의 달달한 연애스토리 보기좋음ㅎㅎ 최준영정순정",
    "rating": "9",
    "date": "13.06.16"
  },
  {
    "review_id": "7637325",
    "movie_id": "101707",
    "author": "peti****",
    "review": "요즘 젤 즐겨보는 드라마입니다..",
    "rating": "10",
    "date": "13.06.14"
  },
  {
    "review_id": "7635173",
    "movie_id": "101707",
    "author": "djpl****",
    "review": "순정이최고 !!",
    "rating": "10",
    "date": "13.06.13"
  },
  {
    "review_id": "7616281",
    "movie_id": "101707",
    "author": "skyb****",
    "review": "전미선 연기 짱",
    "rating": "10",
    "date": "13.06.09"
  },
  {
    "review_id": "7612845",
    "movie_id": "101707",
    "author": "babu****",
    "review": "김태훈 화이팅~~^________^실제 모습이 너무 궁금행ㅎ",
    "rating": "10",
    "date": "13.06.08"
  },
  {
    "review_id": "7601307",
    "movie_id": "101707",
    "author": "youn****",
    "review": "시트콤을  이렇게 애정을 갖고 빠져보긴 처음입니다.등장인물 하나하나 다 정이가네요120부작 너무 짧아요...한회한회 줄어드는게  슬프네요.",
    "rating": "10",
    "date": "13.06.07"
  },
  {
    "review_id": "7597589",
    "movie_id": "101707",
    "author": "kouj****",
    "review": "한번씩 볼때마다 잼있다고생각했었는데 시트콤이엿다니. . 드라만줄알았다는. . 너무 재밌고 연기자들 연기잘하고 나오는사람들 다 잘생기고 이쁘고 좋네요정말 120부작이란게 아쉬운정도 더 길게 오래 보여주세요",
    "rating": "10",
    "date": "13.06.06"
  },
  {
    "review_id": "7580841",
    "movie_id": "101707",
    "author": "gain****",
    "review": "재미있게 보고 있었는데 요즘 많이 실망입니다. 삼각관계 그만 질질 끌었으면...고등학생들까지 삼각관계...삼각관계 말고는 다른 소재가 그렇게 없는지? 예전처럼 산뜻하게 돌아오길",
    "rating": "7",
    "date": "13.06.05"
  },
  {
    "review_id": "7580772",
    "movie_id": "101707",
    "author": "pass****",
    "review": "120부도 넘 짧아요 ㅠㅠ 계속해주세요~~~정말 잘보고있습니당 화이링!",
    "rating": "10",
    "date": "13.06.05"
  },
  {
    "review_id": "7574777",
    "movie_id": "101707",
    "author": "qkqk****",
    "review": "시트콤을이렇게풀어낼수도잇구나,,",
    "rating": "10",
    "date": "13.06.03"
  },
  {
    "review_id": "7571714",
    "movie_id": "101707",
    "author": "good****",
    "review": "정말 재밌게 보고 있습니다 김태훈 짱!^^",
    "rating": "10",
    "date": "13.06.02"
  },
  {
    "review_id": "7569254",
    "movie_id": "101707",
    "author": "euna****",
    "review": "정쌤. 김쌤. 빨리 사랑이 이루어지게 해주세요. ^^",
    "rating": "10",
    "date": "13.06.01"
  },
  {
    "review_id": "7568095",
    "movie_id": "101707",
    "author": "sele****",
    "review": "올드미스다이어리도 그랬지만 참 따뜻하면서 너무너무 재미있어요~",
    "rating": "10",
    "date": "13.06.01"
  },
  {
    "review_id": "7567806",
    "movie_id": "101707",
    "author": "ajfk****",
    "review": "하.............대박그냥",
    "rating": "10",
    "date": "13.06.01"
  },
  {
    "review_id": "7564821",
    "movie_id": "101707",
    "author": "rome****",
    "review": "정말 너무 따뜻한 시트콤이에요 안 끝났으면 좋겠어요 ㅠㅠ",
    "rating": "10",
    "date": "13.05.31"
  },
  {
    "review_id": "7562059",
    "movie_id": "101707",
    "author": "quf1****",
    "review": "온가족이 함께볼수잇는 넘 잼있고 설레게하는 완소!!!!시트콤 진찐 오래오래했음좋겠어요",
    "rating": "10",
    "date": "13.05.30"
  },
  {
    "review_id": "7561638",
    "movie_id": "101707",
    "author": "ball****",
    "review": "진짜 은근히 잼나고 보면 기분좋아지는드라마입니다..오랫만에 나오셔서 넘 자연스런 연기보여주시는권기선님도 좋구요정쌤도 넘넘넘 매력적이세요이 두분 땜에 더더욱 보게 되네요^^",
    "rating": "10",
    "date": "13.05.29"
  },
  {
    "review_id": "7559609",
    "movie_id": "101707",
    "author": "zzin****",
    "review": "하루하루 일말의 순정 하기만 기다립니다정말 잼있어요 감동짱",
    "rating": "10",
    "date": "13.05.28"
  },
  {
    "review_id": "7559452",
    "movie_id": "101707",
    "author": "geen****",
    "review": "진짜 너무 재미있어요보고있음 옛날생각도 나고 다시 연애도 하구싶구ㅋㅋ",
    "rating": "10",
    "date": "13.05.28"
  },
  {
    "review_id": "7558237",
    "movie_id": "101707",
    "author": "pity****",
    "review": "이런 시트콤, 드라마 많이 만들어주세요 막장들 속에 더 빛이 나네요 감동과 교훈에 재미까지^~요즘 이거 보며 힐링 합니다ㅎ",
    "rating": "10",
    "date": "13.05.27"
  },
  {
    "review_id": "7552192",
    "movie_id": "101707",
    "author": "rlas****",
    "review": "재밌어요",
    "rating": "10",
    "date": "13.05.24"
  },
  {
    "review_id": "7551143",
    "movie_id": "101707",
    "author": "azqs****",
    "review": "ㅇㅏ.진짜 요거 보느라 평일이 즐거움♥필독 넘 귀여워용ㅎㅎ분량좀 늘려주셈.필독 이야기가 뜸해요ㅠㅠ",
    "rating": "10",
    "date": "13.05.24"
  },
  {
    "review_id": "7549350",
    "movie_id": "101707",
    "author": "jjj2****",
    "review": "일말 넘재밌게 잘보고 잇오용~!!! 정쌤♥김쌤 빨리이어졋음 좋켓어용!!^_^!! 준영이 내스탈이야♥_♥ 이원근 내꺼하자♥♥♥",
    "rating": "10",
    "date": "13.05.23"
  },
  {
    "review_id": "7546599",
    "movie_id": "101707",
    "author": "king****",
    "review": "1회부터 계속 본방 사수중!  너무 재밌어요 선미 우성 러브라인 기대됩니다~",
    "rating": "10",
    "date": "13.05.21"
  },
  {
    "review_id": "7546257",
    "movie_id": "101707",
    "author": "tedx****",
    "review": "착한남자의 김태훈이 이렇게 매력적인 인물이었던가...전미선 역시 정통극에나 어울릴 줄 알았다가 시트콤형 배우임을 새삼 깨닫고.... 3040의  노숙한 연애 감정을  제대로  담고  있어...감탄하며  응원하는거다!  그런데 시청률 5%.. 말이되니?",
    "rating": "10",
    "date": "13.05.21"
  },
  {
    "review_id": "7546153",
    "movie_id": "101707",
    "author": "ring****",
    "review": "요즘 젤 좋아하는 드라마예요!! 정우성쌤 너무 좋아요!!",
    "rating": "9",
    "date": "13.05.21"
  },
  {
    "review_id": "7542942",
    "movie_id": "101707",
    "author": "ikkj****",
    "review": "오래간만에  두근거림을  느끼며 공감하는 드라마~^^  정쌤 유쾌하면서 카리스마 공존하는 역할 멋지고요~  김쌤과 엄마도 잼나요~",
    "rating": "10",
    "date": "13.05.19"
  },
  {
    "review_id": "7532055",
    "movie_id": "101707",
    "author": "hear****",
    "review": "매회 엔딩마다나오는 음악도너무좋고. 막장이나 무리한소재와는 거리가 먼 유쾌한시트콤ㅠㅠ 러브라인도좋고 일상얘기도좋고 ㅠㅠ 다좋아요",
    "rating": "10",
    "date": "13.05.16"
  },
  {
    "review_id": "7530866",
    "movie_id": "101707",
    "author": "woor****",
    "review": "한번보면 빠져나올 수 없는 마력을 지닌 시트콤.",
    "rating": "10",
    "date": "13.05.16"
  },
  {
    "review_id": "7530686",
    "movie_id": "101707",
    "author": "wjdd****",
    "review": "일말의 순정 잘 보고있어요",
    "rating": "10",
    "date": "13.05.16"
  },
  {
    "review_id": "7529923",
    "movie_id": "101707",
    "author": "chon****",
    "review": "완젼 챙겨보게 만드는 프로예요",
    "rating": "10",
    "date": "13.05.15"
  },
  {
    "review_id": "7529917",
    "movie_id": "101707",
    "author": "yuni****",
    "review": "재밌어요ㅎㅎ",
    "rating": "10",
    "date": "13.05.15"
  },
  {
    "review_id": "7529892",
    "movie_id": "101707",
    "author": "ssus****",
    "review": "막장 드라마 사이에서 빛나는 시트콤! 볼수록 올미다 가 생각나는 있을 법한 유쾌한 이야기 모음! 교무실에서의 담소! 설레는 러브라인.. 골치아픈 삼각관계가 아닌 재미진 삼각관계! 별점 만땅!",
    "rating": "10",
    "date": "13.05.15"
  },
  {
    "review_id": "7527074",
    "movie_id": "101707",
    "author": "chih****",
    "review": "대박!!!재밋어요",
    "rating": "10",
    "date": "13.05.13"
  },
  {
    "review_id": "7514319",
    "movie_id": "101707",
    "author": "lcw3****",
    "review": "지우짱",
    "rating": "10",
    "date": "13.05.07"
  },
  {
    "review_id": "7506307",
    "movie_id": "101707",
    "author": "godh****",
    "review": "ㅎㅎ",
    "rating": "10",
    "date": "13.05.04"
  },
  {
    "review_id": "7499840",
    "movie_id": "101707",
    "author": "7575****",
    "review": "재밋어요ㅠㅠㅠ",
    "rating": "10",
    "date": "13.05.01"
  },
  {
    "review_id": "7499323",
    "movie_id": "101707",
    "author": "1doy****",
    "review": "ㅠㅠ",
    "rating": "10",
    "date": "13.05.01"
  },
  {
    "review_id": "7497569",
    "movie_id": "101707",
    "author": "apfh****",
    "review": "마은희쌤 연기넘잘하심ㅋㅋ빵빵터져요!!너무웃겨요!!!하소연쌤도은근웃기시고 교감쌤도 애드립장난아니심ㅋㅋㅋ넘잼써요!!!정우성쌤 갈수록 왤케멋잇음 ..ㅋ",
    "rating": "10",
    "date": "13.05.01"
  },
  {
    "review_id": "7495091",
    "movie_id": "101707",
    "author": "ik22****",
    "review": "첨에는 완전 유치한줄알았는데 점점 캐릭터 잡히고 재미있네요 잔잔하니...  좋아요~~^^올미다 완전팬이었는데...  올미다작가님이라니....앞으로 더 기대할게요~~!!!",
    "rating": "9",
    "date": "13.04.30"
  },
  {
    "review_id": "7494465",
    "movie_id": "101707",
    "author": "ysjs****",
    "review": "너무 잔잔하면서도 재미있어서 작가님이 누군지 찾아봤더니 역시 올미다 작가님이 셨어요 ㅎㅎ 작가님 팬이에요^^그리고 연기자분들도 연기 최고에요 남은 에피소드도 꽉꽉 채워서 좋은 작품 기대할게요 화이팅~!!",
    "rating": "10",
    "date": "13.04.29"
  },
  {
    "review_id": "7493400",
    "movie_id": "101707",
    "author": "juns****",
    "review": "주변에 전파하고 있어요. 본방사수!! ㅎㅎ 로그인하기는 첨이넹",
    "rating": "10",
    "date": "13.04.29"
  },
  {
    "review_id": "7493134",
    "movie_id": "101707",
    "author": "viol****",
    "review": "우성쌤 생각에 하루종일 가슴이 두근거려요..실제로 저런 남자 어디 없나요?ㅜㅜ드라마 내용도 넘 이쁘고 재밌고.하루하루 이거보는 낙으로 삽니다..",
    "rating": "10",
    "date": "13.04.29"
  },
  {
    "review_id": "7489245",
    "movie_id": "101707",
    "author": "iixo****",
    "review": "캐릭터들 다 넘 사랑스러워요~특히 김태훈님은 볼때마다 다른사람 같아요..아저씨에서도 묘하게 기억에 남을 정도로 멋있었고 신선했거든요. 7년간 좋아한 박희순님보다 더 애정합니당ㅜㅜ 모두 승승장구 하세요♥",
    "rating": "10",
    "date": "13.04.28"
  },
  {
    "review_id": "7488520",
    "movie_id": "101707",
    "author": "kjmm****",
    "review": "일말의순정♥지우♥이원근♥",
    "rating": "10",
    "date": "13.04.27"
  },
  {
    "review_id": "7482078",
    "movie_id": "101707",
    "author": "susk****",
    "review": "억지스럽지않은 드라마 시트콤 본적이없는데 완전 편안해서 너무좋아요.  슬슬 대박날때가된거같은데 시간대가 좀 아쉬워요.  선미역 전미선씨 너무잘어울리고 .....  다시보기로 꼭봅니다.  본방사수는 너무어려워요..  시간대가너무나빠요.  대박기원 화이팅",
    "rating": "10",
    "date": "13.04.25"
  },
  {
    "review_id": "7478758",
    "movie_id": "101707",
    "author": "wint****",
    "review": "너무 재밌게 보고 있어요. 특히 김태훈님 매력에 푹......",
    "rating": "10",
    "date": "13.04.24"
  }
]