[
  {
    "review_id": "8641826",
    "movie_id": "101777",
    "author": "iepa****",
    "review": "진짜 재밌는 작품이죠. 내용도 좋고 홍수현 연기도 훌륭했고 조연들도 하나같이 좋았습니다. 다시 보고 싶은 작품...",
    "rating": "9",
    "date": "14.04.11"
  },
  {
    "review_id": "7801156",
    "movie_id": "101777",
    "author": "pgs0****",
    "review": "결혼은 현실이라는데 그현실이 돈문제인줄 알았는데 알고보니 서로의 대한 이해라는 것을 알게되네요",
    "rating": "10",
    "date": "13.07.31"
  },
  {
    "review_id": "7294349",
    "movie_id": "101777",
    "author": "fjrz****",
    "review": "뜻하지않게좋은작품이었습니다 여운이많이남네요 제작진분 화이팅입니다",
    "rating": "10",
    "date": "13.02.23"
  },
  {
    "review_id": "7117080",
    "movie_id": "101777",
    "author": "dhay****",
    "review": "시간이 달라진이상 같을 수 없는 사람, 사랑. 사랑했던 사이의 사람들.",
    "rating": "9",
    "date": "13.01.14"
  },
  {
    "review_id": "7037399",
    "movie_id": "101777",
    "author": "earl****",
    "review": "오랜만에 좋은 드라마. 홍수현을 다시 본 드라마.",
    "rating": "10",
    "date": "12.12.24"
  }
]