[
  {
    "review_id": "10264032",
    "movie_id": "101880",
    "author": "zxc1****",
    "review": "B급 호러 코미디를 표방하는데, 어느 정도 성공은 하지만 대부분 지루하고 어이가 없으며 질이 낮다.",
    "rating": "4",
    "date": "15.08.22"
  },
  {
    "review_id": "10253669",
    "movie_id": "101880",
    "author": "djfi****",
    "review": "이정도면 컬트무비 내용은 묻지도 따지지도말고 열린 마음으로 보면 그나마 볼만하지 않다. 보기 시작한걸 후회하며 롭과의 의리로 봤다",
    "rating": "6",
    "date": "15.08.20"
  },
  {
    "review_id": "10253139",
    "movie_id": "101880",
    "author": "roal****",
    "review": "분명 웃길려고 노력들은 많이 하는데 안웃겨... 드럽게 안웃겨.... 뭐지... 이게 미국식개그라는건가?",
    "rating": "1",
    "date": "15.08.20"
  },
  {
    "review_id": "10253057",
    "movie_id": "101880",
    "author": "wogn****",
    "review": "나만 당할수는 없다..",
    "rating": "10",
    "date": "15.08.20"
  },
  {
    "review_id": "10252982",
    "movie_id": "101880",
    "author": "youn****",
    "review": "나만 당할수없징 겁나 재미져유 두번봐유~",
    "rating": "10",
    "date": "15.08.20"
  },
  {
    "review_id": "10252749",
    "movie_id": "101880",
    "author": "2005****",
    "review": "무서워요? 지금 티비에서 하길래 볼라구요 ㅋ",
    "rating": "10",
    "date": "15.08.20"
  },
  {
    "review_id": "10252702",
    "movie_id": "101880",
    "author": "hiac****",
    "review": "나 70대인데 졸라 재밋다 꼭 봐라. 난 혼자 못 당한다",
    "rating": "10",
    "date": "15.08.20"
  },
  {
    "review_id": "10216985",
    "movie_id": "101880",
    "author": "spdl****",
    "review": "공포좋아하시는 분이라면 한번쯤 보시길",
    "rating": "10",
    "date": "15.08.11"
  },
  {
    "review_id": "10216535",
    "movie_id": "101880",
    "author": "kk32****",
    "review": "밑에 사람들 이해가 안되네이 정도면 충분히 웃기고 재밌는킬링타임용으로 재격인데 그리고 안무섭다고 하는사람은 뭐냐장르에 코미디가 안보이는건가",
    "rating": "9",
    "date": "15.08.11"
  },
  {
    "review_id": "9714841",
    "movie_id": "101880",
    "author": "hiph****",
    "review": "이거 최악이네..ㅋㅋ",
    "rating": "1",
    "date": "15.02.19"
  },
  {
    "review_id": "9712190",
    "movie_id": "101880",
    "author": "vndd****",
    "review": "나름재밌게봤는데 영화뜻이없어6점ㅋ",
    "rating": "6",
    "date": "15.02.19"
  },
  {
    "review_id": "9607569",
    "movie_id": "101880",
    "author": "uyuu****",
    "review": "유치하지만 볼만하다 킬링 타임용",
    "rating": "10",
    "date": "15.01.18"
  },
  {
    "review_id": "9607559",
    "movie_id": "101880",
    "author": "sood****",
    "review": "d급 영화 그러나 아주 볼만함 ㅋㅋ",
    "rating": "10",
    "date": "15.01.18"
  },
  {
    "review_id": "9602352",
    "movie_id": "101880",
    "author": "oojj****",
    "review": "한국 정서와는 전혀 어울리지 않는 억지스러운 영화.",
    "rating": "1",
    "date": "15.01.16"
  },
  {
    "review_id": "9305679",
    "movie_id": "101880",
    "author": "abou****",
    "review": "그냥 롭 코드리 나온영화는 다 좋음",
    "rating": "6",
    "date": "14.10.21"
  },
  {
    "review_id": "9087672",
    "movie_id": "101880",
    "author": "idor****",
    "review": "웃음 코드가 틀린건가? 나름 웃기다. 볼만하다.",
    "rating": "8",
    "date": "14.08.15"
  },
  {
    "review_id": "9067216",
    "movie_id": "101880",
    "author": "pria****",
    "review": "끝까지 보기 쉽지 아니하다.",
    "rating": "1",
    "date": "14.08.11"
  },
  {
    "review_id": "8947581",
    "movie_id": "101880",
    "author": "love****",
    "review": "이건 b급도 아니고 그렇다고 병맛코믹도 안웃기고...헬 무비일뿐",
    "rating": "3",
    "date": "14.07.23"
  },
  {
    "review_id": "8945370",
    "movie_id": "101880",
    "author": "dora****",
    "review": "공포 영화는 전혀 아니고 코미디 영화다. but 너무 안웃겨서 짜증난다. 놀래키는 부분도 뻔히 눈에 보이고 전체 내용도 예상되다보니 지루하다.",
    "rating": "4",
    "date": "14.07.23"
  },
  {
    "review_id": "8919544",
    "movie_id": "101880",
    "author": "kaya****",
    "review": "B급 호러 좋아하시는 분들은 즐겁게 보실듯~",
    "rating": "10",
    "date": "14.07.15"
  },
  {
    "review_id": "8914266",
    "movie_id": "101880",
    "author": "supe****",
    "review": "어떻게하면 이렇게 재미없게 만들 수 있지,,,",
    "rating": "1",
    "date": "14.07.13"
  },
  {
    "review_id": "8912751",
    "movie_id": "101880",
    "author": "qdfj****",
    "review": "딱한번 웃은거같네. 그냥 억지루 끝까지봤음.",
    "rating": "3",
    "date": "14.07.13"
  },
  {
    "review_id": "8902580",
    "movie_id": "101880",
    "author": "eagl****",
    "review": "코믹공포라는 장르에 잘 맞습니다. 좀 엉뚱하고 유치하긴 하지만 시간 때우면서 보기엔 괜찮은듯 합니다. 후반부 연출이 좀 아쉽긴 합니다.",
    "rating": "6",
    "date": "14.07.10"
  },
  {
    "review_id": "8901384",
    "movie_id": "101880",
    "author": "kilk****",
    "review": "난 왜 재밌지?? ㅋㅋ 오우이오아",
    "rating": "7",
    "date": "14.07.10"
  },
  {
    "review_id": "8899576",
    "movie_id": "101880",
    "author": "kohy****",
    "review": "쓰레기 쓰레기 쓰레기 쓰레기",
    "rating": "1",
    "date": "14.07.09"
  },
  {
    "review_id": "8888655",
    "movie_id": "101880",
    "author": "gogy****",
    "review": "기대이하 호러없음 재미없음",
    "rating": "1",
    "date": "14.07.06"
  },
  {
    "review_id": "8885247",
    "movie_id": "101880",
    "author": "leel****",
    "review": "호러 치고 정말 재미있는것 같아요^^",
    "rating": "10",
    "date": "14.07.05"
  },
  {
    "review_id": "8883288",
    "movie_id": "101880",
    "author": "fnal****",
    "review": "ㅋㅋㅋㅋ코믹호러~요즘보기 딱좋은장르인 듯! ㅎ어이없긴 한데 재밌네요",
    "rating": "10",
    "date": "14.07.04"
  }
]