[
  {
    "review_id": "10277344",
    "movie_id": "101999",
    "author": "ksh4****",
    "review": "마스터피스를 다듬어 내놓는 것 또한 과정에 있어서 훌륭해야만 한다는 증명",
    "rating": "9",
    "date": "15.08.26"
  },
  {
    "review_id": "10274910",
    "movie_id": "101999",
    "author": "zxc1****",
    "review": "진행은 느리고 별다른 액션은 펼쳐지진 않지만, 냉혹하고 현실적인 스파이 세계는 매혹적이고 인상적이다. 배우들의 연기는 좋은데, 그 중에서 필립 세이모어 호프만이 눈에 남는다.",
    "rating": "7",
    "date": "15.08.25"
  },
  {
    "review_id": "10272980",
    "movie_id": "101999",
    "author": "5693****",
    "review": "세련되게 차갑고 건조한 영화인건 알겠지만 그만큼 적당히 지루할수도 있다는 말",
    "rating": "5",
    "date": "15.08.25"
  },
  {
    "review_id": "10272905",
    "movie_id": "101999",
    "author": "lolo****",
    "review": "진짜 별이 더있다면 만개라도 주고싶다...진짜 최고 ..!!!",
    "rating": "10",
    "date": "15.08.25"
  },
  {
    "review_id": "10272840",
    "movie_id": "101999",
    "author": "acma****",
    "review": "간만에 소름끼치는 영화를 찾았네~~이동진이 추천할만 하네~",
    "rating": "10",
    "date": "15.08.25"
  },
  {
    "review_id": "10247468",
    "movie_id": "101999",
    "author": "msh1****",
    "review": "엔딩 크레딧 올라갈 때 그냥 멍때림ㅋㅋㅋ 영화 자체는 연기들도 훌륭하고, 몰입력도 굉장했는데, 마지막에 으어 이건 뭔가...ㅋㅋㅋㅋ",
    "rating": "8",
    "date": "15.08.18"
  },
  {
    "review_id": "10235865",
    "movie_id": "101999",
    "author": "po99****",
    "review": "잔잔함 이 남네요.ㅇㅇ",
    "rating": "10",
    "date": "15.08.15"
  },
  {
    "review_id": "10222058",
    "movie_id": "101999",
    "author": "pepe****",
    "review": "그냥 그렇네 ㅋㅋ 현실도 그런데 영화에선 뭔가 극적이거나 다른걸 보여줘야하는거아닌가? 그냥 그렇던데.... 난 밍숭맹숭한감이있네",
    "rating": "8",
    "date": "15.08.13"
  },
  {
    "review_id": "10208363",
    "movie_id": "101999",
    "author": "ljdo****",
    "review": "기대없이 봤는데 재미진!",
    "rating": "9",
    "date": "15.08.09"
  },
  {
    "review_id": "10206281",
    "movie_id": "101999",
    "author": "milk****",
    "review": "미국 정보국에게 배신 당하고 끝?  끝이 허무 하네..",
    "rating": "7",
    "date": "15.08.09"
  },
  {
    "review_id": "10135656",
    "movie_id": "101999",
    "author": "mean****",
    "review": "다수를 살리기 위한 소수의 희생은 감수해야 한다는 의견에 동의해야 하나? 당신의 의견은?",
    "rating": "9",
    "date": "15.07.24"
  },
  {
    "review_id": "10093685",
    "movie_id": "101999",
    "author": "dark****",
    "review": "다 필요없고 존르카레는 위대하다.",
    "rating": "10",
    "date": "15.07.11"
  },
  {
    "review_id": "10089601",
    "movie_id": "101999",
    "author": "rhee****",
    "review": "뭔 내용에 의미를 두려는 것인지는 알겠지만,  재미는 없다.    영화는  영화다워야 하는데 이건 뭐 다큐멘터리 같은...",
    "rating": "4",
    "date": "15.07.10"
  },
  {
    "review_id": "10068953",
    "movie_id": "101999",
    "author": "kbbp****",
    "review": "우연하게 본 영화인데, 고인된 필립의 좋은 연기를 보았습니다. 내용은 굿~~~!!",
    "rating": "9",
    "date": "15.07.04"
  },
  {
    "review_id": "10053401",
    "movie_id": "101999",
    "author": "rand****",
    "review": "나한테는 왜 이리 네이버 평점이 높은지 모를 너무 지루한 영화였다.",
    "rating": "3",
    "date": "15.06.29"
  },
  {
    "review_id": "10009039",
    "movie_id": "101999",
    "author": "7thg****",
    "review": "이런 명 연기를 더이상 볼 수 없다니....",
    "rating": "10",
    "date": "15.06.18"
  },
  {
    "review_id": "10005680",
    "movie_id": "101999",
    "author": "wggg****",
    "review": "좋아하는 배우라 일부러 찾아서 본건데 코드가 안맞는지,, 재미없네요",
    "rating": "2",
    "date": "15.06.17"
  },
  {
    "review_id": "10005384",
    "movie_id": "101999",
    "author": "sama****",
    "review": "후아. 숨막힌다, 긴장감때문에.",
    "rating": "9",
    "date": "15.06.17"
  },
  {
    "review_id": "10001306",
    "movie_id": "101999",
    "author": "100q****",
    "review": "더럽게 재미없다. 텐션감 제로. 평점에 속아 허비한 시간을 돌려라.",
    "rating": "1",
    "date": "15.06.15"
  },
  {
    "review_id": "9991021",
    "movie_id": "101999",
    "author": "jyan****",
    "review": "이제 왠만한 스파이 영화는 애들 장난으로 보일듯",
    "rating": "7",
    "date": "15.06.11"
  },
  {
    "review_id": "9990862",
    "movie_id": "101999",
    "author": "ghfe****",
    "review": "좀더 안전한 세상을 만드는 것, 그것만으론 부족했나..",
    "rating": "9",
    "date": "15.06.11"
  },
  {
    "review_id": "9965281",
    "movie_id": "101999",
    "author": "leol****",
    "review": "원작을 잘살리려는 의도는 이해한다만 이렇게까지 지루하게 만들어야했을까",
    "rating": "2",
    "date": "15.05.31"
  },
  {
    "review_id": "9963672",
    "movie_id": "101999",
    "author": "bri2****",
    "review": "솔직히 기대만큼은 아니었어요",
    "rating": "7",
    "date": "15.05.30"
  },
  {
    "review_id": "9944702",
    "movie_id": "101999",
    "author": "yoon****",
    "review": "지루.지루.지루.지루",
    "rating": "6",
    "date": "15.05.24"
  },
  {
    "review_id": "9933731",
    "movie_id": "101999",
    "author": "imsw****",
    "review": "역시 정통 첩보 스릴러는 재미가 없다...",
    "rating": "8",
    "date": "15.05.20"
  },
  {
    "review_id": "9927829",
    "movie_id": "101999",
    "author": "iya1****",
    "review": "이 영화에 공감할 수 있는 이유는 우리가 경험하는 세계와 다르지 않기 때문이다. 스파이라는 특수한 분야를 통해 지독히 냉혹하고 현실적인 이 사회를 마주하게 된다. 호프만의 스파이는 녹록치 않은 삶을 살아가는 인간의 면모를 아낌 없이 보여 주었다.",
    "rating": "8",
    "date": "15.05.17"
  },
  {
    "review_id": "9899246",
    "movie_id": "101999",
    "author": "eyeb****",
    "review": "[ 스토리 7, 비주얼 6, 연출 7, 연기 8 ]　화려한 액션도, 스피디한 차량신도 없지만 긴장감있는 흐름을 잘 유지한다. 호프만의 연기는 벌써 그립다..",
    "rating": "7",
    "date": "15.05.06"
  },
  {
    "review_id": "9883065",
    "movie_id": "101999",
    "author": "gran****",
    "review": "이런게 진짜 첩보영화라고 생각함, 끝까지 긴장을 유지하는게 대단한 영화",
    "rating": "10",
    "date": "15.05.01"
  },
  {
    "review_id": "9881905",
    "movie_id": "101999",
    "author": "sms7****",
    "review": "이런 현실적인 스파이물 진짜 좋다. 그리고 그리워지는 호프만",
    "rating": "7",
    "date": "15.04.30"
  },
  {
    "review_id": "9875615",
    "movie_id": "101999",
    "author": "smrh****",
    "review": "액션영화를 기대한다면 졸작, 잘 연출된 드라마를 기대한다면 나름 수작.",
    "rating": "6",
    "date": "15.04.28"
  },
  {
    "review_id": "9872293",
    "movie_id": "101999",
    "author": "rd72****",
    "review": "거대한 산맥이 되어버린 호프만의 존재",
    "rating": "7",
    "date": "15.04.27"
  },
  {
    "review_id": "9857081",
    "movie_id": "101999",
    "author": "addz****",
    "review": "결국 상어는 잡을수 없었다 ㅎㅎ",
    "rating": "7",
    "date": "15.04.22"
  },
  {
    "review_id": "9843568",
    "movie_id": "101999",
    "author": "wony****",
    "review": "긴장감 없는 나른한 스파이 영화...",
    "rating": "7",
    "date": "15.04.13"
  },
  {
    "review_id": "9815829",
    "movie_id": "101999",
    "author": "wlsa****",
    "review": "명작은 늘 요란하지 않게",
    "rating": "10",
    "date": "15.03.29"
  },
  {
    "review_id": "9770799",
    "movie_id": "101999",
    "author": "mjni****",
    "review": "필립 세이모어 호프만....",
    "rating": "10",
    "date": "15.03.10"
  },
  {
    "review_id": "9754251",
    "movie_id": "101999",
    "author": "cksd****",
    "review": "뭐지? 뭘까? 배신이라는 건가?",
    "rating": "6",
    "date": "15.03.03"
  },
  {
    "review_id": "9734159",
    "movie_id": "101999",
    "author": "harr****",
    "review": "필립 세이모어 호프만의 유작. 청소년 관람 불가 이유가 상당히 궁금하다. 리얼하고 건조한 리얼한 스파이물",
    "rating": "7",
    "date": "15.02.24"
  },
  {
    "review_id": "9729332",
    "movie_id": "101999",
    "author": "abbo****",
    "review": "시사회를 통해 이 영화를 먼저 보고, 스테이지 클리어하듯 원작자인 존 르카레의 작품들을 보고있다. 역시 최고, 존이 극찬했듯 필립세이모어 호프만의 연기는 귄터 바흐만 그 자체였다..",
    "rating": "9",
    "date": "15.02.22"
  },
  {
    "review_id": "9723033",
    "movie_id": "101999",
    "author": "kos4****",
    "review": "그럴듯한 스토리를 만드는 것, 영화사나 정보기관의 핵심역할이다.",
    "rating": "3",
    "date": "15.02.21"
  },
  {
    "review_id": "9715582",
    "movie_id": "101999",
    "author": "dico****",
    "review": "현란한 액션 없는, 그렇지만 지극히 현실적인 스파이 영화",
    "rating": "10",
    "date": "15.02.20"
  },
  {
    "review_id": "9702801",
    "movie_id": "101999",
    "author": "jaec****",
    "review": "애들은 봐도 이해를 못하기에 관람불가인 영화... 아... 잔상이 아주 오래남을 듯... 호프만...",
    "rating": "10",
    "date": "15.02.16"
  },
  {
    "review_id": "9697866",
    "movie_id": "101999",
    "author": "jhm8****",
    "review": "내가 개빡쳐서 로그인하고 댓글남긴다. 이게 재밌다고??? 참 18 재미 있어서 내가 로그인했겠냐??? 어디서 재미도 감동도 없는 영화를  에라이.. 댓글 알바 총출동했다. 18  진짜 바바 내말이 거짓말 인가.. ㅋㅎㅋㅎ",
    "rating": "1",
    "date": "15.02.15"
  },
  {
    "review_id": "9695461",
    "movie_id": "101999",
    "author": "lee1****",
    "review": "다 짱인데  담배....너무피더라...",
    "rating": "10",
    "date": "15.02.14"
  },
  {
    "review_id": "9691227",
    "movie_id": "101999",
    "author": "tprk****",
    "review": "이게 재밌냐? 난 진짜 재미 더럽게 없던데.... 짐심 지루했음",
    "rating": "1",
    "date": "15.02.13"
  },
  {
    "review_id": "9689867",
    "movie_id": "101999",
    "author": "lwkk****",
    "review": "중반부터 너무 지루하다.",
    "rating": "1",
    "date": "15.02.12"
  },
  {
    "review_id": "9688668",
    "movie_id": "101999",
    "author": "todo****",
    "review": "신뢰란? 그의 의지와 상관없이 군터가 여변호사에게 약속한 것, 압둘라 아들에게 약속한 것은 똥통속으로. 신뢰와 함께 사랑도 존중도 신의 이름도 모두 같이 똥통속으로. 배우들의 표정연기 백점. 미묘한 심리를 포착하는 시간적 여백 백점.",
    "rating": "9",
    "date": "15.02.12"
  },
  {
    "review_id": "9685831",
    "movie_id": "101999",
    "author": "ghou****",
    "review": "영어를 사용하는 독일인들 이라니... 아쉽다. 어쩔 수 없는 헐리웃 영화라고는 하지만. 정작 독일인들은 이 영화를 어떻게 봤을까? 우리가 헐리웃에서 일본인 배역을 하는 한국인 배우를 보는 심정보다 더욱 참담 할 듯.",
    "rating": "7",
    "date": "15.02.11"
  },
  {
    "review_id": "9675284",
    "movie_id": "101999",
    "author": "mewz****",
    "review": "근데 원래 현실세계가 다 이렇지 않나?",
    "rating": "8",
    "date": "15.02.07"
  },
  {
    "review_id": "9673442",
    "movie_id": "101999",
    "author": "plan****",
    "review": "굶주린 늑대의 뒷모습은 결국 미국",
    "rating": "8",
    "date": "15.02.06"
  },
  {
    "review_id": "9667105",
    "movie_id": "101999",
    "author": "nozo****",
    "review": "주먹질 한번 없는 스파이영화..나름 매력있음...",
    "rating": "7",
    "date": "15.02.04"
  },
  {
    "review_id": "9662805",
    "movie_id": "101999",
    "author": "siur****",
    "review": "안전한 세상을 만드는 것! 이것을 위한 열심과 노력에  다른 시선들은 이용과 악의와 외면과 배신을 준다.",
    "rating": "10",
    "date": "15.02.03"
  },
  {
    "review_id": "9661299",
    "movie_id": "101999",
    "author": "alic****",
    "review": "2014 최고의 영화였다.",
    "rating": "10",
    "date": "15.02.02"
  },
  {
    "review_id": "9649982",
    "movie_id": "101999",
    "author": "dng9****",
    "review": "너무나 현실적인 첩보물. '재미'는 없지만 인상적인 영화",
    "rating": "7",
    "date": "15.01.30"
  },
  {
    "review_id": "9643613",
    "movie_id": "101999",
    "author": "mlif****",
    "review": "필립의 연기를 더볼수 없다니 너무 슬프다.피곤에 찌든 배불뜨기 스파이를 보고 있자니 더더욱 슬퍼진다.",
    "rating": "8",
    "date": "15.01.27"
  },
  {
    "review_id": "9635948",
    "movie_id": "101999",
    "author": "mrle****",
    "review": "자극적인  장면 없이 관객의 감성을 자극하는 스릴러! 스토리 연기 연출 모두 조~타",
    "rating": "8",
    "date": "15.01.25"
  },
  {
    "review_id": "9634941",
    "movie_id": "101999",
    "author": "wind****",
    "review": "오락성 가득한 스파이 영화는 아니였지만 흡입력있는 스토리와 배우들의 연기가 무척 좋았다. 볼때보다 보고난후의 여운이 더 남는 작품",
    "rating": "8",
    "date": "15.01.25"
  },
  {
    "review_id": "9627326",
    "movie_id": "101999",
    "author": "wkhe****",
    "review": "(파리행 비행기 안에서 시청함) 액션장면이 거의 없는 조용한 스릴러물. 그러나 끝까지 긴장감을 놓을수는 없었음. 특히 마지막 사인장면 숨죽이면서 봤네~~ 필립세이무어호프만의 명연기 잘봤습니다. 삼가 고인의 명복을 빕니다. 이분이 미션임파서블 그분이네.",
    "rating": "8",
    "date": "15.01.23"
  },
  {
    "review_id": "9625074",
    "movie_id": "101999",
    "author": "308l****",
    "review": "평론가들이 좋아할영화다 폭스캐처와 버금가는 지루함",
    "rating": "5",
    "date": "15.01.23"
  },
  {
    "review_id": "9623103",
    "movie_id": "101999",
    "author": "ndw1****",
    "review": "필립 세이모어 호프만의 쓸쓸한 모습이 그저 안타까울 뿐",
    "rating": "9",
    "date": "15.01.22"
  },
  {
    "review_id": "9607864",
    "movie_id": "101999",
    "author": "goll****",
    "review": "삼가 고인의 명복을 빌며... 영화가 여운이 남는...",
    "rating": "8",
    "date": "15.01.18"
  },
  {
    "review_id": "9606775",
    "movie_id": "101999",
    "author": "reat****",
    "review": "인간 한계의 서글픔..",
    "rating": "7",
    "date": "15.01.17"
  },
  {
    "review_id": "9598111",
    "movie_id": "101999",
    "author": "k248****",
    "review": "더도 아닌 덜도 아닌 딱 알맞은.",
    "rating": "8",
    "date": "15.01.15"
  },
  {
    "review_id": "9595680",
    "movie_id": "101999",
    "author": "rain****",
    "review": "진짜 무가당 스파이물. 언제나 미국은 착한척 하지만 믿기 힘든 그 나라. 천조국.",
    "rating": "9",
    "date": "15.01.15"
  },
  {
    "review_id": "9593803",
    "movie_id": "101999",
    "author": "gato****",
    "review": "매끄러운 플롯과 압도적인 배우의 존재감.",
    "rating": "7",
    "date": "15.01.14"
  },
  {
    "review_id": "9591974",
    "movie_id": "101999",
    "author": "dgls****",
    "review": "흥미롭지만 사실 지루하다. 화려한 액션도 총격전도 없이 극을 진행하니 인물들의 심리상태만으로 영화를 끌어가니 지루한것은 어쩔수없다. 하지만 영화자체는 좋다",
    "rating": "5",
    "date": "15.01.14"
  },
  {
    "review_id": "9577287",
    "movie_id": "101999",
    "author": "timh****",
    "review": "줄거리 별로. 내려앉은 분위기는 재미 반감. 몰입감 없는 느슨함. 이게 어떻게 5점 이상이 될수 있는가.",
    "rating": "2",
    "date": "15.01.09"
  },
  {
    "review_id": "9573123",
    "movie_id": "101999",
    "author": "ask3****",
    "review": "필립 세이모어 호프만의 연기를 이제 볼수없다는게 아쉽다",
    "rating": "7",
    "date": "15.01.08"
  },
  {
    "review_id": "9569179",
    "movie_id": "101999",
    "author": "deux****",
    "review": "심리묘사와 스토리 진행이 치밀하다지만 큰 감흥은 오지않는다. 평범한 스파이심리물",
    "rating": "7",
    "date": "15.01.06"
  },
  {
    "review_id": "9568329",
    "movie_id": "101999",
    "author": "kale****",
    "review": "좀 어렵고 지루하지만 사실적이고 묵직하다",
    "rating": "8",
    "date": "15.01.06"
  },
  {
    "review_id": "9566769",
    "movie_id": "101999",
    "author": "jieu****",
    "review": "작품성이나 완성도는 모르겠고 재미만으로 따지자면 진짜 시간 아깝다",
    "rating": "1",
    "date": "15.01.06"
  },
  {
    "review_id": "9559864",
    "movie_id": "101999",
    "author": "seok****",
    "review": "과장없는 스토리...액션...ㅎㅎ",
    "rating": "8",
    "date": "15.01.04"
  },
  {
    "review_id": "9557868",
    "movie_id": "101999",
    "author": "kimw****",
    "review": "어째서 이런영화를 이제야 알게되었을까. 오늘부터라도 영화좀 더 OO봐야겠다. 마지막 로빈라이트가 잠깐 쳐다보는데 살짝 소름돋았다..하우스오브카드 볼때도 맘에 안들었는데...역시 영화는 배우를 보고 봐야하나보다.",
    "rating": "10",
    "date": "15.01.03"
  },
  {
    "review_id": "9557050",
    "movie_id": "101999",
    "author": "myun****",
    "review": "필립 세이모어 호프만은 헤로인 중독으로 사망했는데연기 좀한다고 아무도 마약중독이라 하지 많고약물과다복용이라고 얼버무리더라구.잘하는건 잘해도 나쁜건 나쁜거야.",
    "rating": "8",
    "date": "15.01.03"
  },
  {
    "review_id": "9554558",
    "movie_id": "101999",
    "author": "jinw****",
    "review": "이게 진정 정통 스파이영화라고 생각됨",
    "rating": "9",
    "date": "15.01.03"
  },
  {
    "review_id": "9552254",
    "movie_id": "101999",
    "author": "call****",
    "review": "스릴도 없고, 액션도 없고, 반전도 없고.. 그냥 호프만이 고인이 되어 평가를 높게 받고 있는 영화로 밖에 안보인다.",
    "rating": "5",
    "date": "15.01.02"
  },
  {
    "review_id": "9546466",
    "movie_id": "101999",
    "author": "polp****",
    "review": "지루하게 지속되다 허무하게 끝이 난다. 별표 평점에 속지마라.. 대부분의 별 10개가 개봉당시 올라간거 생각하면 이건 속임수임",
    "rating": "1",
    "date": "15.01.01"
  },
  {
    "review_id": "9539943",
    "movie_id": "101999",
    "author": "love****",
    "review": "리얼리즘 스파이 영화라는 게 이런거군요. 과장을 걸러내면 이런 첩보가 나온다니!  그리고 호프만의 연기 칭찬 일색이신데... 공감합니다.",
    "rating": "9",
    "date": "14.12.31"
  },
  {
    "review_id": "9537908",
    "movie_id": "101999",
    "author": "oioi****",
    "review": "이런 배신극도 있구나.. 호프만 연기 보는 맛이 쏠쏠하네",
    "rating": "8",
    "date": "14.12.30"
  },
  {
    "review_id": "9537449",
    "movie_id": "101999",
    "author": "korn****",
    "review": "세계을 구하기위해 나의 다리털이 필요하다해도 절대 내어줄 수 없다. 하지만 인간은 다리털만도 못한 스스로 신념의 도구가 되길 주저하지 않으며, 신념의 테두리에서 벗어나면 폭력의 사용을 주저하지 않는다.",
    "rating": "8",
    "date": "14.12.30"
  },
  {
    "review_id": "9537269",
    "movie_id": "101999",
    "author": "rkdg****",
    "review": "필립의 연기를 보는것만 좋았을뿐...",
    "rating": "6",
    "date": "14.12.30"
  },
  {
    "review_id": "9535273",
    "movie_id": "101999",
    "author": "ssip****",
    "review": "항상 뒷통수 조심해야 한다. 그나저나 레이첼 맥아담스 개 이쁨",
    "rating": "7",
    "date": "14.12.29"
  },
  {
    "review_id": "9532582",
    "movie_id": "101999",
    "author": "tear****",
    "review": "연출도, 연기도, 이야기도, 건조하고 담백하다.",
    "rating": "7",
    "date": "14.12.29"
  },
  {
    "review_id": "9532494",
    "movie_id": "101999",
    "author": "junt****",
    "review": "호감가는 배우들의 호감가는 첩보영화.",
    "rating": "7",
    "date": "14.12.29"
  },
  {
    "review_id": "9532482",
    "movie_id": "101999",
    "author": "more****",
    "review": "탄탄한 스토리의 반전 있는 영화",
    "rating": "8",
    "date": "14.12.29"
  },
  {
    "review_id": "9519691",
    "movie_id": "101999",
    "author": "nice****",
    "review": "내가 영화보는 눈이 낮은가..?연기들은 참 좋고 어느정도의 긴장감은 있는것 같지만 전체적인 재미적인 요소는 없던것같은데..평점이 생각보다 높아서 당황스럽군..",
    "rating": "6",
    "date": "14.12.26"
  },
  {
    "review_id": "9516133",
    "movie_id": "101999",
    "author": "ykdi****",
    "review": "Never trust anyone! 스토리의 힘이 대단하다.",
    "rating": "9",
    "date": "14.12.25"
  },
  {
    "review_id": "9514813",
    "movie_id": "101999",
    "author": "ss0n****",
    "review": "별 내용 없다. 그냥 배신 맞는 내용 끝. 특정 배우의 연기를 보고 싶다면 차라리 다른 작품을 보는게 나을거다.",
    "rating": "1",
    "date": "14.12.25"
  },
  {
    "review_id": "9503702",
    "movie_id": "101999",
    "author": "soon****",
    "review": "무언지 모를 여운이 남는....",
    "rating": "10",
    "date": "14.12.23"
  },
  {
    "review_id": "9499592",
    "movie_id": "101999",
    "author": "cool****",
    "review": "여태까지 봐왔던 첩보영화들 중 가장 현실같다.",
    "rating": "9",
    "date": "14.12.21"
  },
  {
    "review_id": "9490979",
    "movie_id": "101999",
    "author": "ilji****",
    "review": "완전 짜증?내 두시간이 너무 아깝다. 평점을 믿었던 내가 더 바보. 영화보다 짜증나는게 평점임. 사색하려면 철학책이나 보지 뭐하러 영화를  보는지. 평점잘주는 사람들의 가식이 짜증",
    "rating": "1",
    "date": "14.12.20"
  },
  {
    "review_id": "9490957",
    "movie_id": "101999",
    "author": "stak****",
    "review": "이 영화의 교훈, \"진정한 악인은 선한 모습을 한다. 정치인, 종교인, 사기꾼.\"",
    "rating": "8",
    "date": "14.12.20"
  },
  {
    "review_id": "9490544",
    "movie_id": "101999",
    "author": "ygas****",
    "review": "다좋았는데 껄쩍지근하게 끝나는 결말이 맘에 안들어 별 하나 뺌ㅋ",
    "rating": "9",
    "date": "14.12.19"
  },
  {
    "review_id": "9484494",
    "movie_id": "101999",
    "author": "almo****",
    "review": "예능 런닝맨의 극장판. 배신감의 허탈함이란~",
    "rating": "7",
    "date": "14.12.18"
  },
  {
    "review_id": "9482646",
    "movie_id": "101999",
    "author": "ddal****",
    "review": "와... 보고 나서 이렇게 가슴이 먹먹했던 스릴러는 처음이다. 영화가 끝나고 한동안 멍했다. 필립 세이무어 호프만 연기는 역시 명불허전이다.",
    "rating": "9",
    "date": "14.12.17"
  },
  {
    "review_id": "9482352",
    "movie_id": "101999",
    "author": "bogr****",
    "review": "액션은 없지만..쏙 빠져드네...마지막 비열한 미국놈들...울화토이 팍~",
    "rating": "9",
    "date": "14.12.17"
  },
  {
    "review_id": "9482337",
    "movie_id": "101999",
    "author": "csmo****",
    "review": "필립 세이모어 호프만에게 경배를",
    "rating": "9",
    "date": "14.12.17"
  },
  {
    "review_id": "9481579",
    "movie_id": "101999",
    "author": "taiy****",
    "review": "제발 영화의 영자도 모르는 애들이 졸면서 보다가 평점깍는일이 없길...",
    "rating": "9",
    "date": "14.12.17"
  },
  {
    "review_id": "9479620",
    "movie_id": "101999",
    "author": "pohi****",
    "review": "사실인듯 영화인듯 현실과 괴리된 값을 찾는 과정에 어쩔 수 없이 인정하게 되는 나이에 본 영화",
    "rating": "9",
    "date": "14.12.17"
  },
  {
    "review_id": "9478996",
    "movie_id": "101999",
    "author": "antn****",
    "review": "지루한 전개 ... 평점이 너무 높다..",
    "rating": "1",
    "date": "14.12.16"
  },
  {
    "review_id": "9477657",
    "movie_id": "101999",
    "author": "hose****",
    "review": "어떤 조직이든 권력과 힘에 무릎을 꿇는다  서로 다른나라라도",
    "rating": "10",
    "date": "14.12.16"
  }
]