[
  {
    "review_id": "10006968",
    "movie_id": "101961",
    "author": "mado****",
    "review": "배역이 아깝다. 또한 조니클루니의 연출은 대실패다.",
    "rating": "1",
    "date": "15.06.17"
  },
  {
    "review_id": "9961099",
    "movie_id": "101961",
    "author": "0411****",
    "review": "영화를 통해 알고보니 역사적으로 엄청난 의의가 있었던 작전이다. 그들 덕분에 후손들이 혜택을 누리게 됐음은 물론이다. 다만 신선한 소재에 아쉬운 스토리와 재미없는 연출은 상당히 안타깝다.",
    "rating": "7",
    "date": "15.05.30"
  },
  {
    "review_id": "9941585",
    "movie_id": "101961",
    "author": "gkst****",
    "review": "꼭보세요아에이오우아에이",
    "rating": "10",
    "date": "15.05.23"
  },
  {
    "review_id": "9916001",
    "movie_id": "101961",
    "author": "mybl****",
    "review": "만약 이 영화가 없었다면 우리가 지금 유럽 곳곳에 있는 박물관의 보물들이 이런 과거가 있었다는걸 알았을까? 아직 가보진 않았지만 먼 미래에 파리의 있는 르부르에 가서 전시되 있는 작품들을 보게된다면 이 영화가 가장 생각날꺼 같다.",
    "rating": "8",
    "date": "15.05.14"
  },
  {
    "review_id": "9881138",
    "movie_id": "101961",
    "author": "kara****",
    "review": "모든것이 다부족하다....끝까지 보는데는 무리가없지만 봐도그만 안봐도 그만인 것이 함정...",
    "rating": "6",
    "date": "15.04.30"
  },
  {
    "review_id": "9823392",
    "movie_id": "101961",
    "author": "vand****",
    "review": "이 영화를 굳이 재미로 봐야하냐?",
    "rating": "10",
    "date": "15.04.03"
  },
  {
    "review_id": "9802241",
    "movie_id": "101961",
    "author": "tjsd****",
    "review": "조지클루니는 연기할때가 가장 멋지다",
    "rating": "4",
    "date": "15.03.23"
  },
  {
    "review_id": "9780778",
    "movie_id": "101961",
    "author": "lgic****",
    "review": "실화를 다룬 좋은 영화지만 위기감이 많이 부족하다",
    "rating": "6",
    "date": "15.03.14"
  },
  {
    "review_id": "9753618",
    "movie_id": "101961",
    "author": "aper****",
    "review": "'이런일이 있었구나~!' 하는 사실을 알게된정도... 그런데 생각해보면 사람목숨보다 더 귀할수있나싶다. 그게 내목숨이라면...",
    "rating": "7",
    "date": "15.03.03"
  },
  {
    "review_id": "9745524",
    "movie_id": "101961",
    "author": "ask3****",
    "review": "나처럼 예술에대한 기본지식이나 흥미조차 없는사람들은 보면 지루할뿐인것같다",
    "rating": "4",
    "date": "15.02.28"
  },
  {
    "review_id": "9700275",
    "movie_id": "101961",
    "author": "rygh****",
    "review": "숱한 기능적 시도에도 그들의 대의에 공감할 수 없다.",
    "rating": "4",
    "date": "15.02.15"
  },
  {
    "review_id": "9617880",
    "movie_id": "101961",
    "author": "nomz****",
    "review": "박평식이 영화나보고 평가하냐? 니가왜평론가인지 진짜의문이다 창피한줄알어 이양반아",
    "rating": "9",
    "date": "15.01.21"
  },
  {
    "review_id": "9575738",
    "movie_id": "101961",
    "author": "rd72****",
    "review": "화려한 라인업이 전부.",
    "rating": "5",
    "date": "15.01.08"
  },
  {
    "review_id": "9571814",
    "movie_id": "101961",
    "author": "lds1****",
    "review": "이 영화를 본 적은 없지만, 기존의 전쟁을 소재로 한 영화들과는 다른 신선한 소재라는 것에 참 좋았던 것 같다. 전쟁에는 승리의 기쁨과 영웅으로서의 희열만이 있는 것이 아닌, 그 안에는 민족과 역사의 파괴와 말살도 수반하는 것이기에...",
    "rating": "10",
    "date": "15.01.07"
  },
  {
    "review_id": "9568194",
    "movie_id": "101961",
    "author": "roca****",
    "review": "난 처음에  노익장들이 독일군진형에 들어가 미션임파서블같은 화려한 작전은 아니더라도 그래도 배우빨로 어느정도는 잼있을줄을 알았는데 뭔 이런영화가 다있노? 이건 전쟁영화가 아니다. 전쟁영화를 가장한 쌍팔년도 감성팔이 영화정로라고 해주자",
    "rating": "1",
    "date": "15.01.06"
  },
  {
    "review_id": "9552031",
    "movie_id": "101961",
    "author": "oojj****",
    "review": "실화를 바탕으로 한 영화의 한계. 스펙터클함이 없어 지루했다.",
    "rating": "5",
    "date": "15.01.02"
  },
  {
    "review_id": "9539606",
    "movie_id": "101961",
    "author": "bine****",
    "review": "낮은 평점을 주는 사람들을 공격하며인문적 소양이 낮다며 운운하기 전에프랑스 또한 그들의 박물관에 많은 약탈 문화재들을 갖고있다는 사실을 인지하기를...이 영화는 더도 말고 덜도 말고가해자가 피해자 코스프레하는 영화...",
    "rating": "1",
    "date": "14.12.31"
  },
  {
    "review_id": "9506079",
    "movie_id": "101961",
    "author": "dalk****",
    "review": "보는내내 명화나올때마다 감탄하게되는..",
    "rating": "9",
    "date": "14.12.24"
  },
  {
    "review_id": "9464674",
    "movie_id": "101961",
    "author": "nanm****",
    "review": "유쾌한듯 하면서도 은근히 전쟁의 잔혹성을 보여주기도 하고 병사들의 애환도 그려냈다. 실화라는게 놀랍다. 그런데 예술작품들 추적하는 과정과 발견해 냈을때의 카타르시스가 부족하다. 오락영화를 벗어난 관점에서 보면 얘기가 달라지겠지만...",
    "rating": "7",
    "date": "14.12.11"
  },
  {
    "review_id": "9454242",
    "movie_id": "101961",
    "author": "qhfl****",
    "review": "뭔 한국사는 줫도 모르면서 유럽 역사 좀 안다고 여기서 깝치는 애들은 뭐지? 한반도는 오랜  외침을 겪으면서 도난 당한 유물만 수십만점인데 한반도 외침의 역사는 알고 설치는 건가, 글고 영화 줫도 재미없더만",
    "rating": "2",
    "date": "14.12.07"
  },
  {
    "review_id": "9391987",
    "movie_id": "101961",
    "author": "dptm****",
    "review": "올바른 이야기만 하는 교과서같은 영화다. 그러나 다들 알다시피 교과서는 지루하다.",
    "rating": "7",
    "date": "14.11.16"
  },
  {
    "review_id": "9372740",
    "movie_id": "101961",
    "author": "maey****",
    "review": "뭔가 유쾌하게 만드려고 했던 노력은 보인다만 전혀 재미있게 느껴지지 않는다. 그런게 모여서 너무 지루하다. 영화는 긴데 늘어지기만 하고 임팩트 있는 뭔가도 없다. 그냥 그저 그런 영화.",
    "rating": "6",
    "date": "14.11.12"
  },
  {
    "review_id": "9360756",
    "movie_id": "101961",
    "author": "evan****",
    "review": "배우들이 아무리 좋아도  솔직하게.. 재미가 없었다.",
    "rating": "4",
    "date": "14.11.09"
  },
  {
    "review_id": "9358157",
    "movie_id": "101961",
    "author": "ador****",
    "review": "세이빙 레가시 지만 뭔가 2%부족한 느낌의 흐름",
    "rating": "7",
    "date": "14.11.08"
  },
  {
    "review_id": "9339169",
    "movie_id": "101961",
    "author": "dbzh****",
    "review": "뭐이리 재미가 없는거냐",
    "rating": "2",
    "date": "14.11.03"
  },
  {
    "review_id": "9336221",
    "movie_id": "101961",
    "author": "elle****",
    "review": "좋은 내용을 헐리웃 감독이신 우리 조지 클루니님께서 좀 너무 가볍게 만드셨네.그 의미보다 행동에 집중하다 보니 감동은 떨어지는데 그 와중에 우리 미국이 한거야 '미국'... 그러니 또 한번 반감.",
    "rating": "5",
    "date": "14.11.02"
  },
  {
    "review_id": "9333383",
    "movie_id": "101961",
    "author": "shwo****",
    "review": "역사가 정말 중요한가보다",
    "rating": "8",
    "date": "14.11.01"
  },
  {
    "review_id": "9332468",
    "movie_id": "101961",
    "author": "tree****",
    "review": "Good 환타스틱! 입니다.",
    "rating": "9",
    "date": "14.10.31"
  },
  {
    "review_id": "9311363",
    "movie_id": "101961",
    "author": "seon****",
    "review": "역사에 유산이라..생명을 버리면서도 지키는 나라에자존심....전쟁에서 조국을지키노라버린생명들..그생명들에 값어치..어깨에 수놓은품격..",
    "rating": "7",
    "date": "14.10.23"
  },
  {
    "review_id": "9296039",
    "movie_id": "101961",
    "author": "imil****",
    "review": "조지클루니... 이야기를 흥미롭게 풀어가는 능력이 없어보여 안타깝다.",
    "rating": "5",
    "date": "14.10.16"
  },
  {
    "review_id": "9293895",
    "movie_id": "101961",
    "author": "mftr****",
    "review": "배경은 블록버스터 내용은 히스토리채널 지식욕을 채워주지 못하는구성",
    "rating": "5",
    "date": "14.10.15"
  },
  {
    "review_id": "9289483",
    "movie_id": "101961",
    "author": "itsm****",
    "review": "조금은 지루했지만 문화재를 지키려는 그들의 노력을 꾸밈없이 잘 표현하고 감동을 선사.",
    "rating": "8",
    "date": "14.10.13"
  },
  {
    "review_id": "9270398",
    "movie_id": "101961",
    "author": "3qnx****",
    "review": "조아여!^^!:):)",
    "rating": "9",
    "date": "14.10.06"
  },
  {
    "review_id": "9251492",
    "movie_id": "101961",
    "author": "jagi****",
    "review": "평론가들의 마음은 알수가 없다",
    "rating": "10",
    "date": "14.10.01"
  },
  {
    "review_id": "9235798",
    "movie_id": "101961",
    "author": "sdsa****",
    "review": "보고나서 소름 돋았다 기존 전쟁영화에 빗대어 이 영화를 욕한다면 자기가 무식하다는것을 반증하는 꼴 그런것에 주안점을 두지말고 내용을 봐라 그래야 마지막 질문에 답을 찾을 수 있을것이다",
    "rating": "10",
    "date": "14.09.23"
  },
  {
    "review_id": "9221141",
    "movie_id": "101961",
    "author": "almo****",
    "review": "돈이 제법 들었을만한 세트환경에 비해  예술품 일병 구하기 이야기는 밋밋하다",
    "rating": "5",
    "date": "14.09.17"
  },
  {
    "review_id": "9071683",
    "movie_id": "101961",
    "author": "sisr****",
    "review": "이 영화에서 뭔가 큰 액션을 기대한다면 그건 당신의 착각 예술품을 되찾으려는 저 사람들은 뛰어난 군인도 아니고 전장을 휩쓴 영웅들도 아니다 그저 인류의 예술적 가치를 보존하고 되찾기 위해 힘쓴 영웅들을 기리는 영화로서 그 가치가 있다고 본다.",
    "rating": "10",
    "date": "14.08.12"
  },
  {
    "review_id": "9066632",
    "movie_id": "101961",
    "author": "goqu****",
    "review": "이 영화의 평점이 7점대라는 것이 놀랍다.단지 직관적인 재미만을 추구하는 것이 평점이라니아쉬울 따름",
    "rating": "10",
    "date": "14.08.11"
  },
  {
    "review_id": "9052361",
    "movie_id": "101961",
    "author": "grim****",
    "review": "평점을 물귀신작전으로 쓰면 결국 본인도 당한다. 이영화는 쓰레기다.",
    "rating": "1",
    "date": "14.08.08"
  },
  {
    "review_id": "9051463",
    "movie_id": "101961",
    "author": "meta****",
    "review": "실화 기본 구성작품이지만 스토리,전개가 형편없어 재미가 없음",
    "rating": "6",
    "date": "14.08.08"
  },
  {
    "review_id": "9050164",
    "movie_id": "101961",
    "author": "good****",
    "review": "적어도 기본지식만 있다면 마지막 대사에 눈물이 흐르지 않을 수 없다",
    "rating": "10",
    "date": "14.08.08"
  },
  {
    "review_id": "9048335",
    "movie_id": "101961",
    "author": "chad****",
    "review": "보는 내내 역사적 가치의 중요성을 느꼈네요.",
    "rating": "10",
    "date": "14.08.08"
  },
  {
    "review_id": "9022397",
    "movie_id": "101961",
    "author": "guts****",
    "review": "영화를 통해 평소에는 무심코 지나쳤던 부분까지 시야가 넓어지는 느낌을 받았다. 이래서 내가 영화를 계속 찾는게 아닐까...",
    "rating": "10",
    "date": "14.08.04"
  },
  {
    "review_id": "8994084",
    "movie_id": "101961",
    "author": "cdcd****",
    "review": "그져그래염 매우지루해염,ㅎㅎ",
    "rating": "6",
    "date": "14.07.31"
  },
  {
    "review_id": "8985699",
    "movie_id": "101961",
    "author": "enig****",
    "review": "베스트 평점에 올라있는 되니츠(karl****) 같은 인간들의 오만함이 역겹다. 대한민국 국민들의 인문학적 소양을 일개 영화관람자에 불과한 개인이 판가름 하는 교만한 모습에 평점 3점 준다.",
    "rating": "3",
    "date": "14.07.30"
  },
  {
    "review_id": "8983264",
    "movie_id": "101961",
    "author": "aw92****",
    "review": "재밌게 봣슴다~~~~",
    "rating": "5",
    "date": "14.07.30"
  },
  {
    "review_id": "8954994",
    "movie_id": "101961",
    "author": "psp2****",
    "review": "영화의 재미보다 감동만 만들고자 했다",
    "rating": "5",
    "date": "14.07.25"
  },
  {
    "review_id": "8944918",
    "movie_id": "101961",
    "author": "ak_d****",
    "review": "실화라고 생각하고 보니까 훈훈하다고 해야할까? 그런 느낌",
    "rating": "8",
    "date": "14.07.23"
  },
  {
    "review_id": "8943120",
    "movie_id": "101961",
    "author": "alsw****",
    "review": "이런 희생이있었다니....",
    "rating": "10",
    "date": "14.07.23"
  },
  {
    "review_id": "8934214",
    "movie_id": "101961",
    "author": "rkdw****",
    "review": "나레이션은 좋았다. 다만 내가 이해력이 않 좋은지 몰입 못했다. 마지막에 시간을 준다면 찾겠다는 작품을 본 순간 왜이렇게 안타까운지...",
    "rating": "7",
    "date": "14.07.20"
  },
  {
    "review_id": "8929842",
    "movie_id": "101961",
    "author": "cont****",
    "review": "영화는 좀 늘어지지만 훌륭한 일을 하신 분들에게 감사를.",
    "rating": "7",
    "date": "14.07.19"
  },
  {
    "review_id": "8927354",
    "movie_id": "101961",
    "author": "love****",
    "review": "목숨을 걸고서 예술품과 문화유산을 지키려는 그들의 노력이 있었다.",
    "rating": "8",
    "date": "14.07.18"
  },
  {
    "review_id": "8926582",
    "movie_id": "101961",
    "author": "next****",
    "review": "색다른 소재로 시나리오에 큰박수를 보낸다. 그렇다고 어설픈연출도 아니였다. 리얼한 배경. 연기력 좋은 배우들. 다만 소재의 흥미는 많이 가나 지루한감이 없지 않아 많다. 조지클루니 제작참여 영화는 거의 좀 이래~ 나쁘지도 크게 재미있지도~",
    "rating": "8",
    "date": "14.07.18"
  },
  {
    "review_id": "8922344",
    "movie_id": "101961",
    "author": "adiv****",
    "review": "빵빵한 출연진에 비하면 스토리는 그다지 얄팍한 기대보다는 실망이..",
    "rating": "5",
    "date": "14.07.17"
  },
  {
    "review_id": "8914673",
    "movie_id": "101961",
    "author": "qus0****",
    "review": "Yes 마지막대사ㅜㅇㅇㅇ",
    "rating": "10",
    "date": "14.07.14"
  },
  {
    "review_id": "8905958",
    "movie_id": "101961",
    "author": "pisc****",
    "review": "영화가 예술적으로 부족해보일지 몰라도 세계화란 미명아래 점점 역사의 가치를 잃어가는 오늘날의 젊은 세대들에게 좋은 가르침을 주는 괜찮은 영화라고 생각합니다. 예술적 가치만이 전부는 아니죠. 기자들의 평점은 오만하고 무지한데서 나온것이라 생각합니다.",
    "rating": "10",
    "date": "14.07.11"
  },
  {
    "review_id": "8903194",
    "movie_id": "101961",
    "author": "bind****",
    "review": "에피소드들위주로 이야기가 진행되서 그런지 몰입감이 떨어지는 것 같다.",
    "rating": "6",
    "date": "14.07.10"
  },
  {
    "review_id": "8901207",
    "movie_id": "101961",
    "author": "z18z****",
    "review": "요즘 보기드물게 좋은 영화라고 생각합니다. 예술과 문화의 가치를 세삼 알게되었고 섬세하고 잔잔하지만 지루하지 않은 영화입니다. 조지클루니의 유머도 좋았습니다.",
    "rating": "9",
    "date": "14.07.10"
  },
  {
    "review_id": "8898315",
    "movie_id": "101961",
    "author": "mool****",
    "review": "소재도 스토리도 연기도.",
    "rating": "1",
    "date": "14.07.09"
  },
  {
    "review_id": "8888924",
    "movie_id": "101961",
    "author": "s2gu****",
    "review": "이 영화 평점이 왜이런지 모르겠다...",
    "rating": "10",
    "date": "14.07.06"
  },
  {
    "review_id": "8885676",
    "movie_id": "101961",
    "author": "ykdi****",
    "review": "미국 만만세를 외치는 거슬리는 외침",
    "rating": "6",
    "date": "14.07.05"
  },
  {
    "review_id": "8877839",
    "movie_id": "101961",
    "author": "poie****",
    "review": "선대가 남긴 유산을 지키기 위해 애쓴 이들에게 바치는 진혼곡",
    "rating": "8",
    "date": "14.07.03"
  },
  {
    "review_id": "8876547",
    "movie_id": "101961",
    "author": "ddab****",
    "review": "역사미술 교양시간에 자습용으로 틀어주면 딱좋을 교육용 영화. 재미를 바라고 절대 보지마라 내쇼널지오그래픽 다큐보다도 더 건전하고 재미없으니까",
    "rating": "1",
    "date": "14.07.02"
  },
  {
    "review_id": "8875137",
    "movie_id": "101961",
    "author": "trig****",
    "review": "좋지도...나쁘지도...so so...",
    "rating": "7",
    "date": "14.07.02"
  },
  {
    "review_id": "8874571",
    "movie_id": "101961",
    "author": "kgy9****",
    "review": "영화자체보다는 그들의 업적에 감사하고 감명받았다. 조지 클루니는 역사속에 이들이 묻히지 않도록, 우리가 이 찬란한 유산을 아직 즐길수있음은 이들 덕분이라는걸 상기시키고 싶었던건아니었나 싶다",
    "rating": "9",
    "date": "14.07.01"
  },
  {
    "review_id": "8864303",
    "movie_id": "101961",
    "author": "tope****",
    "review": "제점수는요 3점입니다",
    "rating": "3",
    "date": "14.06.28"
  },
  {
    "review_id": "8860688",
    "movie_id": "101961",
    "author": "mado****",
    "review": "분명 출연진은 10점짜리 영환데...",
    "rating": "8",
    "date": "14.06.27"
  },
  {
    "review_id": "8853134",
    "movie_id": "101961",
    "author": "enig****",
    "review": "영화의 의도는 좋지만 영화 자체는 그냥 쓰레기다",
    "rating": "1",
    "date": "14.06.25"
  },
  {
    "review_id": "8850223",
    "movie_id": "101961",
    "author": "lish****",
    "review": "6.25 한국전쟁 당시 1951년에 국보 제32호 팔만대장경 폭격을 거부한 故 김영환 장군  경남 합천 해인사에서 추모제 ... 팔만대장경을 지켜주셔서 감사합니다 ... 간송 전형필 선생님 소중한 우리 문화재를 많이 지켜주셔서 감사합니다",
    "rating": "10",
    "date": "14.06.24"
  },
  {
    "review_id": "8849044",
    "movie_id": "101961",
    "author": "kell****",
    "review": "우리가 지켜내야 하는 문화유산에 대해서 그리고, 현재우리가 보고 있는 많은 예술품을 지켰던 이들이  있었다는걸 알게 해주는 영화였습니다. 잔잔한 즐거움이 있는 좋은 영화네요~~",
    "rating": "8",
    "date": "14.06.23"
  },
  {
    "review_id": "8846644",
    "movie_id": "101961",
    "author": "jsa3****",
    "review": "대배우들이 만든 평범한 영화 혹은 전형적인 미국만세 영화지만 몇몇장면은 눈시울을 붉히게 하는장면도 있었다 특히 군필자들에게",
    "rating": "7",
    "date": "14.06.22"
  },
  {
    "review_id": "8846263",
    "movie_id": "101961",
    "author": "umii****",
    "review": "무슨 말을 해야할지..우리가 볼 수 있는 예술작품들이이렇게지켜진거라니 잔잔하지만 재밌음. 수작이네",
    "rating": "10",
    "date": "14.06.22"
  },
  {
    "review_id": "8843165",
    "movie_id": "101961",
    "author": "whoi****",
    "review": "명화다.기자평론 따위를 믿고 안볼려 했던내가 부끄럽다",
    "rating": "10",
    "date": "14.06.20"
  },
  {
    "review_id": "8841247",
    "movie_id": "101961",
    "author": "zxc1****",
    "review": "좋은 배우들과 의미 있는 소재 그리고 감동적인 주제를 담고 있지만, 극적 재미는 거의 없고 2시간의 러닝 타임도 생각보다 지루하게 느껴진다.",
    "rating": "5",
    "date": "14.06.19"
  },
  {
    "review_id": "8834359",
    "movie_id": "101961",
    "author": "baul****",
    "review": "천편일률적인 블록버스터, 코미디 영화보다 훨 재밌었어요. 심각한 역사를 저정도 재미로 풀어냈으면 연출 잘한거 아닌가요?; 박평식 평론가의 한줄평은 막말 수준이네요.. 영화적 만듦새만 신경쓰는 평론가들이 안쓰럽습니다",
    "rating": "10",
    "date": "14.06.16"
  },
  {
    "review_id": "8832250",
    "movie_id": "101961",
    "author": "cor0****",
    "review": "역사의 중요성이 잘 나타남",
    "rating": "10",
    "date": "14.06.15"
  },
  {
    "review_id": "8831083",
    "movie_id": "101961",
    "author": "rotj****",
    "review": "실화이며 좋은 내용의 영화이고 배우들의 연기력 또한 프로이지만 솔직히 지루하다...  실화임에도 다가오는 감동은 약한 바람에 힘없이 밀려오는 잔잔함정도....",
    "rating": "6",
    "date": "14.06.15"
  },
  {
    "review_id": "8825025",
    "movie_id": "101961",
    "author": "zimn****",
    "review": "사람이 벌레처럼 가벼워 지는 전쟁 속에서 희망을 갖고 종전후 세대를 위해 문화 유산을 지키려는 다른 시각, 그것을 포용하는 권력자의 모습, 인류사의 흔적이라고 볼 수 있는 작품을 위해 전장에 뛰어든 이들의 이야기. 아름다운 신념. 아름다운 이야기.",
    "rating": "8",
    "date": "14.06.13"
  },
  {
    "review_id": "8821962",
    "movie_id": "101961",
    "author": "juda****",
    "review": "좀 지루한 면도 있지만..일본도 강점기때 우리나라 예술품, 국보 엄청 퍼 가지고 갔지요.. 평론가 박평식씨는 지금 어디서 무엇을 하고 계신지요? 가치 있는 일 하고 계신가요? 비유라는게 이삿짐???",
    "rating": "10",
    "date": "14.06.11"
  },
  {
    "review_id": "8821008",
    "movie_id": "101961",
    "author": "doga****",
    "review": "따봉따봉따봉따봉따봉",
    "rating": "10",
    "date": "14.06.11"
  },
  {
    "review_id": "8820347",
    "movie_id": "101961",
    "author": "mini****",
    "review": "이영화가 어떻게 7점이지?  역사적배경지식이나 미술지식이 있는사람들이 그만큼 없다는증거...",
    "rating": "10",
    "date": "14.06.11"
  },
  {
    "review_id": "8812148",
    "movie_id": "101961",
    "author": "p75m****",
    "review": "재미있고 흥미진진하게 볼 킬링타임용 스토리는 아니고, 영화가 전달하고자 하는 메시지가 좋았다..",
    "rating": "8",
    "date": "14.06.08"
  },
  {
    "review_id": "8808699",
    "movie_id": "101961",
    "author": "seve****",
    "review": "재미있게 잘 봤습니다. 미국은 다르네요 ㅎㅎ.",
    "rating": "8",
    "date": "14.06.07"
  },
  {
    "review_id": "8805375",
    "movie_id": "101961",
    "author": "blue****",
    "review": "볼만하고 생각할수 있는 영화 내용없는 광고만 요란한 영화보다 훨 낫다 저런 사람들의 노력이 있었기에 우리가 박물관 가서 역사를 볼수가 있는거다",
    "rating": "8",
    "date": "14.06.06"
  },
  {
    "review_id": "8803702",
    "movie_id": "101961",
    "author": "dskh****",
    "review": "전쟁영화 + 인문학 교육 영화",
    "rating": "8",
    "date": "14.06.06"
  },
  {
    "review_id": "8797243",
    "movie_id": "101961",
    "author": "tall****",
    "review": "잼있진않고그냥지나간다",
    "rating": "7",
    "date": "14.06.05"
  },
  {
    "review_id": "8794440",
    "movie_id": "101961",
    "author": "gxod****",
    "review": "스펙타클한 전쟁영화로 알고 봤는디 이런 또다른 시각의 감동이 있을줄 그것도 이런 테스크포스 부대가 실질적으로 존재했다는게 감만에 실화영화 잘봤어얔~",
    "rating": "10",
    "date": "14.06.04"
  },
  {
    "review_id": "8784922",
    "movie_id": "101961",
    "author": "kise****",
    "review": "전쟁영화라 기대안했는데 볼만했음",
    "rating": "7",
    "date": "14.06.01"
  },
  {
    "review_id": "8782117",
    "movie_id": "101961",
    "author": "pass****",
    "review": "잔잔한 전쟁 영화; !!",
    "rating": "8",
    "date": "14.06.01"
  },
  {
    "review_id": "8780348",
    "movie_id": "101961",
    "author": "kimj****",
    "review": "재미로보면 안되고 역사적으로 아 이런 사람들이 있었구나 하고봐야됨",
    "rating": "6",
    "date": "14.05.31"
  },
  {
    "review_id": "8780302",
    "movie_id": "101961",
    "author": "minu****",
    "review": "배우들의 명성만으로 영화를 보지 말것..^&^",
    "rating": "6",
    "date": "14.05.31"
  },
  {
    "review_id": "8777057",
    "movie_id": "101961",
    "author": "film****",
    "review": "정말 당혹스럽다. 그는 참 좋은 배우였지 좋은 감독은 아니더라",
    "rating": "2",
    "date": "14.05.30"
  },
  {
    "review_id": "8772470",
    "movie_id": "101961",
    "author": "rjp1****",
    "review": "맷 데이먼 팬인데도..보면서 졸았어...ㅠㅠㅠㅠ이럴수가",
    "rating": "5",
    "date": "14.05.28"
  },
  {
    "review_id": "8772165",
    "movie_id": "101961",
    "author": "jou1****",
    "review": "전쟁중에도 문화재의 소중함을 알고 지킬려고 하는 모습이 정말 아름답네요",
    "rating": "7",
    "date": "14.05.28"
  },
  {
    "review_id": "8768243",
    "movie_id": "101961",
    "author": "j2h0****",
    "review": "우리도저런사람들이있었을까???",
    "rating": "8",
    "date": "14.05.26"
  },
  {
    "review_id": "8761631",
    "movie_id": "101961",
    "author": "dlad****",
    "review": "영화평론가도, 미술학도도 아니지만 울림있는영화라고 생각한다. 본인의 이득도 조국을 위해서도 아닌 예술만을 위한 행동. 감동적이었다",
    "rating": "9",
    "date": "14.05.24"
  },
  {
    "review_id": "8759224",
    "movie_id": "101961",
    "author": "lott****",
    "review": "땡큐 얼라이언스 떙큐 브리튼 엔 아메리카",
    "rating": "10",
    "date": "14.05.24"
  },
  {
    "review_id": "8756318",
    "movie_id": "101961",
    "author": "ihye****",
    "review": "예술이고 뭐고 재미가 없어 배우가 유명하건 뭐건 재미가 없어 졸라 지루하고 현실성도 없고 그렇다고 작품성이 뛰어난것도 아니고 중간까지 보다 껏다 존나 감성팔이 영화",
    "rating": "1",
    "date": "14.05.23"
  },
  {
    "review_id": "8756076",
    "movie_id": "101961",
    "author": "rand****",
    "review": "역사적으로 중요하면서도 잊고 있었던 사실에 대해 잘 알려주는 영화지만 영화로서 그다지 재밌진 않았다.",
    "rating": "6",
    "date": "14.05.23"
  },
  {
    "review_id": "8752620",
    "movie_id": "101961",
    "author": "ting****",
    "review": "재미없다 지루하기만하다",
    "rating": "5",
    "date": "14.05.22"
  }
]