[
  {
    "review_id": "10211562",
    "movie_id": "101974",
    "author": "chck****",
    "review": "지루하지만 예쁜영화 매력적이지만 한번더 보고싶진 않은영화",
    "rating": "6",
    "date": "15.08.10"
  },
  {
    "review_id": "10184476",
    "movie_id": "101974",
    "author": "melo****",
    "review": "귀여운 음악 영화. 올리 알렉산더와 한나 머레이 때문에 봤는데, 에밀리 브라우닝이란 복병이 있었다.",
    "rating": "9",
    "date": "15.08.04"
  },
  {
    "review_id": "10148450",
    "movie_id": "101974",
    "author": "jaee****",
    "review": "피에르보랭거 때문에 봤음그럭저럭 볼만함",
    "rating": "8",
    "date": "15.07.27"
  },
  {
    "review_id": "10143912",
    "movie_id": "101974",
    "author": "sde0****",
    "review": "노래도 영화도 그냥그냥",
    "rating": "6",
    "date": "15.07.26"
  },
  {
    "review_id": "10079688",
    "movie_id": "101974",
    "author": "riar****",
    "review": "한나 머레이 덕심으로 본 영화",
    "rating": "5",
    "date": "15.07.08"
  },
  {
    "review_id": "10050677",
    "movie_id": "101974",
    "author": "yuri****",
    "review": "편안하게 볼수있던 영화였네요 여자주인공들도 남자주인공도 너무 귀엽고 사랑스럽네요 ㅎ",
    "rating": "8",
    "date": "15.06.29"
  },
  {
    "review_id": "10047629",
    "movie_id": "101974",
    "author": "yj_9****",
    "review": "비긴어게인보다 재미있고 원스보다 매력적",
    "rating": "10",
    "date": "15.06.28"
  },
  {
    "review_id": "10040961",
    "movie_id": "101974",
    "author": "dudd****",
    "review": "귀여운 영화^^ 내용은 딱히 없지만 분위기나 노래가 상큼하고 귀여워서 가끔씩 생각이 나네요 ㅎㅎ",
    "rating": "7",
    "date": "15.06.27"
  },
  {
    "review_id": "10031326",
    "movie_id": "101974",
    "author": "tear****",
    "review": "풋풋하고 소소한 벨엔세바스찬 뮤지컬.",
    "rating": "7",
    "date": "15.06.25"
  },
  {
    "review_id": "9987403",
    "movie_id": "101974",
    "author": "rafi****",
    "review": "에밀리 브라우닝이 드디어 자기한테 딱 맞는 옷을 입었다는 느낌.영화분위기와 음악도 잘 맞아떨어짐.",
    "rating": "7",
    "date": "15.06.10"
  },
  {
    "review_id": "9976228",
    "movie_id": "101974",
    "author": "hthu****",
    "review": "좋았어요 노래도 좋고 색감도 좋고",
    "rating": "7",
    "date": "15.06.05"
  },
  {
    "review_id": "9969338",
    "movie_id": "101974",
    "author": "mean****",
    "review": "수많은 오디션을 거쳐 배역을 뽑은 것만큼 여주의 연기도  노래도  괜찮다 그런데 외모가 더  예쁜 배우를 썼다면 어땠을까 하는 아쉬움도 남는다 여주가 개인적으로는 누미 라파스만큼 비호감이라서 아쉽다",
    "rating": "8",
    "date": "15.06.01"
  },
  {
    "review_id": "9921211",
    "movie_id": "101974",
    "author": "bott****",
    "review": "간지러운 20대의 노래들",
    "rating": "6",
    "date": "15.05.16"
  },
  {
    "review_id": "9919402",
    "movie_id": "101974",
    "author": "jyou****",
    "review": "음악영화이긴 한데,,,",
    "rating": "7",
    "date": "15.05.15"
  },
  {
    "review_id": "9913135",
    "movie_id": "101974",
    "author": "rse0****",
    "review": "매력적인 배우들 이브 싸랑해",
    "rating": "8",
    "date": "15.05.12"
  },
  {
    "review_id": "9910868",
    "movie_id": "101974",
    "author": "poio****",
    "review": "영화의 분위기, 이브의 음색 다 좋았어요!",
    "rating": "10",
    "date": "15.05.11"
  },
  {
    "review_id": "9900571",
    "movie_id": "101974",
    "author": "han6****",
    "review": "진짜 생각이하의 영화였다 이 한마디면 충분",
    "rating": "5",
    "date": "15.05.07"
  },
  {
    "review_id": "9894631",
    "movie_id": "101974",
    "author": "thuh****",
    "review": "힌편의 뮤지컬을 보는 느낌",
    "rating": "9",
    "date": "15.05.04"
  },
  {
    "review_id": "9889754",
    "movie_id": "101974",
    "author": "afri****",
    "review": "에밀리브라우닝의 매력이 잘 표현된듯. 음악도 좋구요. 뮤지컬적인 소소한 장면도 괜찮았어요.",
    "rating": "8",
    "date": "15.05.03"
  },
  {
    "review_id": "9852361",
    "movie_id": "101974",
    "author": "soul****",
    "review": "저 여자 왕좌의 게임에서 애 키우는 와이들링 여자 길리 아닌가",
    "rating": "6",
    "date": "15.04.19"
  },
  {
    "review_id": "9844846",
    "movie_id": "101974",
    "author": "bles****",
    "review": "감미로운 음악, 애틋한 성장",
    "rating": "6",
    "date": "15.04.13"
  },
  {
    "review_id": "9832395",
    "movie_id": "101974",
    "author": "wkdt****",
    "review": "이렇게 좋은 음악과, 뭔가 몽환적인, 느낌의 영화가 또 있을까?",
    "rating": "10",
    "date": "15.04.07"
  },
  {
    "review_id": "9818351",
    "movie_id": "101974",
    "author": "snow****",
    "review": "악평이 왜 많은지 모르겠네요. 출신이 다르지만 음악이나 촬영등이나 비교했을때 원스랑 거의 비등하다고 보입니다. 연기력적인 면에선 더 후하게 치고요.  즐겁고 따듯하게 볼 수 있는 영화.",
    "rating": "9",
    "date": "15.03.31"
  },
  {
    "review_id": "9813318",
    "movie_id": "101974",
    "author": "skfl****",
    "review": "내 인생 최고의 Hipster스러운 영화.음악은 두말 할 것 없이 훌륭하지만 주조연들의 존재감, 이야기의 흐름을 명확하게 제시하지 않아 내가 직접 의미부여를 하지 않고 본다면 이해가 어려울 것 같단 생각이 들었다.",
    "rating": "9",
    "date": "15.03.29"
  },
  {
    "review_id": "9803529",
    "movie_id": "101974",
    "author": "wind****",
    "review": "나름 귀여운 영화, 노래가 좋아요",
    "rating": "4",
    "date": "15.03.24"
  },
  {
    "review_id": "9802334",
    "movie_id": "101974",
    "author": "jahl****",
    "review": "남자주인공과 여자주인공의 패션스타일이 정말 좋았어요",
    "rating": "5",
    "date": "15.03.23"
  },
  {
    "review_id": "9790308",
    "movie_id": "101974",
    "author": "wawa****",
    "review": "보는 내내 순수한 마음으로. 노래도 스토리도",
    "rating": "9",
    "date": "15.03.17"
  },
  {
    "review_id": "9790183",
    "movie_id": "101974",
    "author": "flow****",
    "review": "저는 정말 좋았어요. 스코틀랜드와 영국을 정말 좋아해서, 개인적으로는 키이라 나이틀리 나오던 비긴어게인 영화보단 훨씬 더 감정적으로 좋았어요. 억지로 이어주려는 듯한 연애 선도 없었구요. 인물들의 감정선이 자연스러워서 좋았습니다.",
    "rating": "10",
    "date": "15.03.17"
  },
  {
    "review_id": "9785898",
    "movie_id": "101974",
    "author": "ghye****",
    "review": "스코틀랜드 배경 예쁘다. 캐시 역의 한나 머레이 예쁜데 나이가 생각보다 있더라. 90년 이후 태어난 줄 알았는데 ㄷㄷㄷ.",
    "rating": "6",
    "date": "15.03.15"
  },
  {
    "review_id": "9774446",
    "movie_id": "101974",
    "author": "rlaw****",
    "review": "봄에서 가을로 따끈한 여름으로 가기위한 한 소녀의 그시절 여름이야기",
    "rating": "8",
    "date": "15.03.12"
  },
  {
    "review_id": "9774214",
    "movie_id": "101974",
    "author": "teo_****",
    "review": "빈티지 주크 박스 필름, 홍보 문구 잘 지었다",
    "rating": "4",
    "date": "15.03.12"
  },
  {
    "review_id": "9771324",
    "movie_id": "101974",
    "author": "uniq****",
    "review": "그냥 그런정도 노래가 참 좋았다",
    "rating": "5",
    "date": "15.03.10"
  },
  {
    "review_id": "9770760",
    "movie_id": "101974",
    "author": "piec****",
    "review": "빈티지한 화면속 아날로그적인 사랑스러운 캐릭터들과 음악들",
    "rating": "8",
    "date": "15.03.10"
  },
  {
    "review_id": "9769046",
    "movie_id": "101974",
    "author": "hsli****",
    "review": "노래 계속 맴도는 영화!",
    "rating": "10",
    "date": "15.03.09"
  },
  {
    "review_id": "9765735",
    "movie_id": "101974",
    "author": "sohe****",
    "review": "갓 헬프 더 관객, 플리즈",
    "rating": "2",
    "date": "15.03.08"
  },
  {
    "review_id": "9762718",
    "movie_id": "101974",
    "author": "imag****",
    "review": "영화 진행이 마치 공연보는 것 같아 독특했습니다. 노래도 좋아요~",
    "rating": "9",
    "date": "15.03.07"
  },
  {
    "review_id": "9761030",
    "movie_id": "101974",
    "author": "wadb****",
    "review": "상큼한 음악영화 하지만 마냥 상큼하지는 않은",
    "rating": "8",
    "date": "15.03.06"
  },
  {
    "review_id": "9755834",
    "movie_id": "101974",
    "author": "alwm****",
    "review": "음악, 영상 즐거웠어요",
    "rating": "8",
    "date": "15.03.04"
  },
  {
    "review_id": "9754602",
    "movie_id": "101974",
    "author": "lde0****",
    "review": "재밌넜어요헤헤헤히히히",
    "rating": "9",
    "date": "15.03.03"
  },
  {
    "review_id": "9753233",
    "movie_id": "101974",
    "author": "park****",
    "review": "음악영화가 이렇게 지루해도 되는가..",
    "rating": "3",
    "date": "15.03.02"
  },
  {
    "review_id": "9751497",
    "movie_id": "101974",
    "author": "geri****",
    "review": "네러티브는 하나도 없는  예쁜 음악 동영상.  취미로 영화만드는 것은 이걸로 끝나길 . 잘하는 음악에 올인하길.",
    "rating": "3",
    "date": "15.03.01"
  },
  {
    "review_id": "9750624",
    "movie_id": "101974",
    "author": "yngh****",
    "review": "2번본영화!!!!//",
    "rating": "10",
    "date": "15.03.01"
  },
  {
    "review_id": "9749968",
    "movie_id": "101974",
    "author": "dfdd****",
    "review": "다 좋은데 주인공이 별로 상처받은 영혼 같이 안보여서 스토리에 감정이입이 좀 안됨",
    "rating": "7",
    "date": "15.03.01"
  },
  {
    "review_id": "9749657",
    "movie_id": "101974",
    "author": "pani****",
    "review": "음악과 영상이 아름다운 뮤지컬 같은 영화. 다시금 어릴때로 돌아가서 그 시간을 즐기고 싶어진다.",
    "rating": "8",
    "date": "15.03.01"
  },
  {
    "review_id": "9749055",
    "movie_id": "101974",
    "author": "eoen****",
    "review": "전형적인 영국영화랄까..보는내내 지루했다. 음악도 단순하고 유치했고,여주인공도 그닥 매력적이지도않았음..",
    "rating": "3",
    "date": "15.03.01"
  },
  {
    "review_id": "9740269",
    "movie_id": "101974",
    "author": "soni****",
    "review": "빈ㅈ티한 음악 음 나름 괜찮았음",
    "rating": "7",
    "date": "15.02.26"
  },
  {
    "review_id": "9740171",
    "movie_id": "101974",
    "author": "cyni****",
    "review": "아기자기한 소년소녀감성 뮤지컬영화",
    "rating": "7",
    "date": "15.02.26"
  },
  {
    "review_id": "9738424",
    "movie_id": "101974",
    "author": "rara****",
    "review": "너무나도 어정쩡한 우리의 삶",
    "rating": "10",
    "date": "15.02.26"
  },
  {
    "review_id": "9738176",
    "movie_id": "101974",
    "author": "offe****",
    "review": "노래 너무 좋아요...!!",
    "rating": "7",
    "date": "15.02.25"
  },
  {
    "review_id": "9736378",
    "movie_id": "101974",
    "author": "minj****",
    "review": "전 엄청 재밌게 봤는데, 같이 본 boyfriend은 10점만점에 1점을 줘도 아깝다고 ㅡㅡ; 최악의 영화라며 ... 앞으로 뮤지컬 영화는 너혼자 보라고..",
    "rating": "10",
    "date": "15.02.25"
  },
  {
    "review_id": "9735253",
    "movie_id": "101974",
    "author": "jung****",
    "review": "여름 방학에 떠나는 잔잔한 여행의 느낌ㅎ 겨울에 개봉해서 분위기가 조금 맞지 않는 느낌이 들기도 하지만 음악을 사랑하는 분이라면 강추 !!",
    "rating": "10",
    "date": "15.02.24"
  },
  {
    "review_id": "9731052",
    "movie_id": "101974",
    "author": "dlau****",
    "review": "눈 돌릴 틈을 주지 않는다. 몰입도가 이어져서 참 좋음",
    "rating": "9",
    "date": "15.02.23"
  },
  {
    "review_id": "9730704",
    "movie_id": "101974",
    "author": "sunr****",
    "review": "월메이드 성장영화였어요",
    "rating": "9",
    "date": "15.02.23"
  },
  {
    "review_id": "9729163",
    "movie_id": "101974",
    "author": "loli****",
    "review": "카메라가 에밀리 브라우닝을 사랑하는 게 느껴진다",
    "rating": "5",
    "date": "15.02.22"
  },
  {
    "review_id": "9728602",
    "movie_id": "101974",
    "author": "imoc****",
    "review": "달콤하면서 현실적이고 마냥 행복하지만은 않은..",
    "rating": "9",
    "date": "15.02.22"
  },
  {
    "review_id": "9727919",
    "movie_id": "101974",
    "author": "lill****",
    "review": "예쁜 쓰레기. 이브가 매력적이라고 계속 나오는데 관객들한테 캐릭터성 어필이 1도 안된다 한나머레이 나온다길래 봤는데 캐시란 캐릭터 자체도 영화상 필요가없음 이브가 언급도 안됐던 제임스 가치관에 대해 갑자기 화내는 이유도 당위성도 전혀 없네요 보지마시길",
    "rating": "1",
    "date": "15.02.22"
  },
  {
    "review_id": "9727792",
    "movie_id": "101974",
    "author": "mint****",
    "review": "영화 분위기가 마음에 들었습니다.",
    "rating": "8",
    "date": "15.02.22"
  },
  {
    "review_id": "9727675",
    "movie_id": "101974",
    "author": "akid****",
    "review": "눈과 귀가 즐거운 예쁜 성장 영화.",
    "rating": "7",
    "date": "15.02.22"
  },
  {
    "review_id": "9727028",
    "movie_id": "101974",
    "author": "nclw****",
    "review": "아름다운 영상과 즐거운 음악. 알수없는 이야기와 긴 시간.",
    "rating": "5",
    "date": "15.02.22"
  },
  {
    "review_id": "9726433",
    "movie_id": "101974",
    "author": "ieed****",
    "review": "눈과 귀가 즐거운 영화 였고 영상미도 이뻤지만  무엇보다 노래가 참 좋았어요  영화내용은 많이 기대는 안해서 그런지 괜찮았어요 ^^",
    "rating": "6",
    "date": "15.02.22"
  },
  {
    "review_id": "9724545",
    "movie_id": "101974",
    "author": "gmld****",
    "review": "음악들이 다 너무 좋고 내용도 제 취향이여서 너무 맘에들어요♥",
    "rating": "10",
    "date": "15.02.21"
  },
  {
    "review_id": "9724147",
    "movie_id": "101974",
    "author": "ttod****",
    "review": "아 한나머레이 ㅠㅠ 열자 뭐지",
    "rating": "10",
    "date": "15.02.21"
  },
  {
    "review_id": "9723594",
    "movie_id": "101974",
    "author": "didd****",
    "review": "색감이 아름다웠다. 주인공들의 패션도 독특해서 좋았고, 노래또한 인디밴드 분위기가 많이 나는 것 같다. 아쉬운 점은 영화 스토리가 탄탄하지 않다. 마무리가 흐지부지하게 끝나버렸고 전개가 급하게 넘어가는 형식이었다. 그래도 노래랑 색감때문에 재밌었다.",
    "rating": "8",
    "date": "15.02.21"
  },
  {
    "review_id": "9723448",
    "movie_id": "101974",
    "author": "yek1****",
    "review": "청춘들의 뮤지컬영화..신나는음악을기대해서 약간실망",
    "rating": "8",
    "date": "15.02.21"
  },
  {
    "review_id": "9722881",
    "movie_id": "101974",
    "author": "okh3****",
    "review": "비오는 날 아침에 조조로 보면 좋은 영화스토리가 늘어지긴 하는데그럴 땐 눈을 감고 봐도 무방함ㅎ.",
    "rating": "8",
    "date": "15.02.21"
  },
  {
    "review_id": "9722760",
    "movie_id": "101974",
    "author": "actl****",
    "review": "노래 좋은것도 모르겠고, 이야기도 잘 이어지지도 않고... 그래도 분위기만은 좋은 영화였음",
    "rating": "6",
    "date": "15.02.21"
  },
  {
    "review_id": "9722323",
    "movie_id": "101974",
    "author": "warm****",
    "review": "동화책같고 예쁜 영화. 노래도 좋고 보는 내내 괜히 기분이 좋았어요 여주인공의 심리를 은유적으로 표현하는 노래가사가 가장 좋았음",
    "rating": "9",
    "date": "15.02.21"
  },
  {
    "review_id": "9721977",
    "movie_id": "101974",
    "author": "gree****",
    "review": "10편정도의 뮤직비디오로 만드는게 깔끔한 편집이 될듯",
    "rating": "5",
    "date": "15.02.21"
  },
  {
    "review_id": "9719485",
    "movie_id": "101974",
    "author": "with****",
    "review": "처음에는 '뭐지?'하다가도 볼수록 빠져들었던 영화. 좋았다~",
    "rating": "10",
    "date": "15.02.20"
  },
  {
    "review_id": "9717504",
    "movie_id": "101974",
    "author": "kdnw****",
    "review": "귀엽다. 영화가 반드시 진지한 메시지가 있어야 할 필요는 없어도 괜찮다는걸 보여준 영화. 영상 예쁘고 주인공 매력있고 특히 음악좋고. 매번 수많은 곳에다 의미부여하고 메시지가 있어야만 움직이는 현대인들의 머릿속을 깔끔하게 정화시켜줄 영화다",
    "rating": "8",
    "date": "15.02.20"
  },
  {
    "review_id": "9717165",
    "movie_id": "101974",
    "author": "tres****",
    "review": "어째튼  아기자기한 영화",
    "rating": "6",
    "date": "15.02.20"
  },
  {
    "review_id": "9710696",
    "movie_id": "101974",
    "author": "seou****",
    "review": "음악을 접하는 순수함 그리고 아름다운 추억",
    "rating": "9",
    "date": "15.02.18"
  },
  {
    "review_id": "9710423",
    "movie_id": "101974",
    "author": "reve****",
    "review": "아 좋다 그냥 좋다 영상미며 음악 편집 의상또한 뭐 하나 버릴게 없는 잘 만들어진 영화다 빈티지 주크박스를 연듯한 기분이랄까",
    "rating": "8",
    "date": "15.02.18"
  },
  {
    "review_id": "9709460",
    "movie_id": "101974",
    "author": "excl****",
    "review": "내 찬란했던 날은 언제였고 나는 무엇을 했나 생각해 봤던 영화.. 나도 같이 카약킹 하고 누워있고 싶었다. 이야기가 잘 짜여져있다기보다 분위기와 음악들이 계속 생각나는 영화, 음악영화를 좋아하는 사람이라면 부담없이 추천!",
    "rating": "9",
    "date": "15.02.18"
  },
  {
    "review_id": "9708771",
    "movie_id": "101974",
    "author": "cyk7****",
    "review": "재미있어용 보는내내즐거웠습니다",
    "rating": "8",
    "date": "15.02.18"
  },
  {
    "review_id": "9707447",
    "movie_id": "101974",
    "author": "hyun****",
    "review": "가족이랑 보면 후회하게 될거다.",
    "rating": "1",
    "date": "15.02.18"
  },
  {
    "review_id": "9706775",
    "movie_id": "101974",
    "author": "eltr****",
    "review": "믿고보는 선댄스에 음악영화라니, 주저없이 봤는데.. 벨앤세바스찬을 좋아하거나 음악때문에 보러한다면 음반 듣는게 더 낫다. 영화로선 꽝이다. 중간중간 라디오토크가 더 음악적이다.",
    "rating": "3",
    "date": "15.02.17"
  },
  {
    "review_id": "9706321",
    "movie_id": "101974",
    "author": "mans****",
    "review": "솔직히 이거 보고 부모님생각이 나네요 명절인대 따뜻하게 잘보고 갑니다ㅎㅎ",
    "rating": "8",
    "date": "15.02.17"
  },
  {
    "review_id": "9705562",
    "movie_id": "101974",
    "author": "rach****",
    "review": "스타일리쉬하고 예쁘긴한데 이루말할수없는 이 어정쩡함",
    "rating": "6",
    "date": "15.02.17"
  },
  {
    "review_id": "9705514",
    "movie_id": "101974",
    "author": "argo****",
    "review": "상영관이 부족한 게 참 아쉽다. 보고 있으면 어느새 미소가 지어져있는 영화.",
    "rating": "9",
    "date": "15.02.17"
  },
  {
    "review_id": "9703822",
    "movie_id": "101974",
    "author": "miry****",
    "review": "가볍게 보러 간건데 생각보다 훨씬 만족",
    "rating": "10",
    "date": "15.02.16"
  },
  {
    "review_id": "9703542",
    "movie_id": "101974",
    "author": "ksch****",
    "review": "매 순간이 소중함을 노래가사로 느낄 수 있는 영화!",
    "rating": "9",
    "date": "15.02.16"
  },
  {
    "review_id": "9703030",
    "movie_id": "101974",
    "author": "ng11****",
    "review": "글래스고의 예쁜 풍경과 엉뚱한 매력의 세 주인공들의 멋진 노래와 연기 춤을 보느라 즐거웠던 영화^^",
    "rating": "8",
    "date": "15.02.16"
  },
  {
    "review_id": "9701980",
    "movie_id": "101974",
    "author": "tamp****",
    "review": "예쁜 노래 잔잔한 스코틀랜드 느낌",
    "rating": "7",
    "date": "15.02.16"
  },
  {
    "review_id": "9699066",
    "movie_id": "101974",
    "author": "hyea****",
    "review": "좋아하는 여배우가 둘이나 나와서 봤는데 매력이 넘쳐서 마구 터진다. 진짜 너무너무 귀엽고 상큼하고 달달한 기분좋은 영화!! 음악도 정말 좋아서 바로 음반주문해야겟드. 기분나쁠따 특효약일듯",
    "rating": "9",
    "date": "15.02.15"
  },
  {
    "review_id": "9698957",
    "movie_id": "101974",
    "author": "kdi0****",
    "review": "재밌네요 주인공들, 노래들이 귀여움",
    "rating": "7",
    "date": "15.02.15"
  },
  {
    "review_id": "9698680",
    "movie_id": "101974",
    "author": "s_u_****",
    "review": "예뻐요 음악도 좋고 내용보다는  눈과 귀가 즐거워요",
    "rating": "8",
    "date": "15.02.15"
  },
  {
    "review_id": "9698052",
    "movie_id": "101974",
    "author": "mycu****",
    "review": "노래 정말좋아요! 근데 후반부에는 집중도가떨어지네요",
    "rating": "7",
    "date": "15.02.15"
  },
  {
    "review_id": "9697816",
    "movie_id": "101974",
    "author": "1quf****",
    "review": "노래들이 다 좋았어요bbb",
    "rating": "10",
    "date": "15.02.15"
  },
  {
    "review_id": "9696955",
    "movie_id": "101974",
    "author": "sump****",
    "review": "예쁜 색감의 영화. 주인공들도 묘한 매력을 내뿜고 노래도 신나고 좋지만 어쩐지 스토리는 뭔지 모르겠다",
    "rating": "6",
    "date": "15.02.14"
  },
  {
    "review_id": "9696660",
    "movie_id": "101974",
    "author": "kayn****",
    "review": "여주인공이 매력적이고 영상이 아름다워요.",
    "rating": "6",
    "date": "15.02.14"
  },
  {
    "review_id": "9696258",
    "movie_id": "101974",
    "author": "core****",
    "review": "두시간짜리 뮤직비디오",
    "rating": "5",
    "date": "15.02.14"
  },
  {
    "review_id": "9696017",
    "movie_id": "101974",
    "author": "heir****",
    "review": "상당히 귀엽군요 패션도 음악도",
    "rating": "7",
    "date": "15.02.14"
  },
  {
    "review_id": "9695039",
    "movie_id": "101974",
    "author": "olor****",
    "review": "신선한시도였던거같고.. 되게예뻤어요~~ 생각지도못한장면들나와서깜짝깜짝놀라긴했지만ㅋㅋㅋ 영화보는내내기분좋았던. 공감도많이되구요!",
    "rating": "10",
    "date": "15.02.14"
  },
  {
    "review_id": "9694818",
    "movie_id": "101974",
    "author": "june****",
    "review": "영상이 정말 예쁘고 배우들도 매력있지만 스토리라인에는 약간의 아쉬움이. 노래가 다 많이 들어갔어도 좋을것같다",
    "rating": "7",
    "date": "15.02.14"
  },
  {
    "review_id": "9694445",
    "movie_id": "101974",
    "author": "mooh****",
    "review": "음악영화라 나에겐 취향저격이지만... 비긴어게인처럼 대중적으로 흥행하긴 힘들 영화네요.. 하지만 여주가 너무 매력적이에요 ㅎㅎ",
    "rating": "10",
    "date": "15.02.14"
  },
  {
    "review_id": "9693870",
    "movie_id": "101974",
    "author": "534k****",
    "review": "그냥 뭐 전체적으로 무난하다",
    "rating": "8",
    "date": "15.02.14"
  },
  {
    "review_id": "9692546",
    "movie_id": "101974",
    "author": "pine****",
    "review": "너무 좋다. 아니 좋다는 말로도 표현하기 힘들만큼 좋다. 저는 어렸을 때부터 지금까지 본 영화중에 제일 좋았습니다. 보는 내내 정말 환상적이고 내 마음을 표현한 것 같다고 생각했습니다. OST도 목소리가 정말 황홀하고 달콤하다. 감독이 천재같다고 생각",
    "rating": "10",
    "date": "15.02.13"
  },
  {
    "review_id": "9691620",
    "movie_id": "101974",
    "author": "rolo****",
    "review": "여주인공의 노래 부르는 목소리도 좋고 노래도 잘부르네요 남주인공도 노래 괜찮던데 많이 부르지는 않아서 아쉽네요 노래의 반이상이 좋네요 세명 배우의 춤추며 노래하는 모습이 귀엽고 사랑스러웠습니다.",
    "rating": "9",
    "date": "15.02.13"
  },
  {
    "review_id": "9690980",
    "movie_id": "101974",
    "author": "love****",
    "review": "재밌어여 영화가 동화책같아여",
    "rating": "7",
    "date": "15.02.12"
  }
]