[
  {
    "review_id": "10275704",
    "movie_id": "101934",
    "author": "edge****",
    "review": "이거 코미디 장르임. 코미디 영화는 코미디물이랑 비교해야 되는 거 아님? 코미디 그 자체에 충실하게 잘 만들었음. 웃으면서 가볍게 보는 영화고 코미디 그 목적에 충실함. 재미있게 웃으면서 봤음. 기대없이 봤는데 꿀잼",
    "rating": "10",
    "date": "15.08.26"
  },
  {
    "review_id": "10269876",
    "movie_id": "101934",
    "author": "lemo****",
    "review": "아무 생각 없이 시간 때우기에 적절함",
    "rating": "7",
    "date": "15.08.24"
  },
  {
    "review_id": "10269036",
    "movie_id": "101934",
    "author": "suns****",
    "review": "그냥꿀잼ㅋㅋ 10글다",
    "rating": "10",
    "date": "15.08.23"
  },
  {
    "review_id": "10260210",
    "movie_id": "101934",
    "author": "tn99****",
    "review": "시작부터 결말까지.. 어이없네 ;;;",
    "rating": "6",
    "date": "15.08.21"
  },
  {
    "review_id": "10251853",
    "movie_id": "101934",
    "author": "usfy****",
    "review": "이 좋은 소재가지고 드럽게 억지스럽게 만들었네..",
    "rating": "1",
    "date": "15.08.19"
  },
  {
    "review_id": "10247758",
    "movie_id": "101934",
    "author": "rygh****",
    "review": "소동극으로서 최소한의 성취만 있을 뿐.",
    "rating": "3",
    "date": "15.08.18"
  },
  {
    "review_id": "10246072",
    "movie_id": "101934",
    "author": "spdl****",
    "review": "기분이 좋아지는 영화에요 코미디 영화 좋아하시는 분 한번 보세요",
    "rating": "10",
    "date": "15.08.17"
  },
  {
    "review_id": "10160498",
    "movie_id": "101934",
    "author": "dusd****",
    "review": "젬마스랑 엘리 너무 좋다",
    "rating": "10",
    "date": "15.07.30"
  },
  {
    "review_id": "10132505",
    "movie_id": "101934",
    "author": "come****",
    "review": "최근에 본 비슷한 소재인 영화 스트레치보다 다소 아쉽다. 이게 더 먼저 나온 영화인데도..",
    "rating": "7",
    "date": "15.07.23"
  },
  {
    "review_id": "10129229",
    "movie_id": "101934",
    "author": "swes****",
    "review": "푸키 ㅋㅋㅋ 이정도면 즐겁게 볼 수 있다 미국식이라 잘 이해가 안될 수도..",
    "rating": "7",
    "date": "15.07.22"
  },
  {
    "review_id": "10073372",
    "movie_id": "101934",
    "author": "kiki****",
    "review": "여주 넘 매력있어요^^남주도 멋있어용ㅎㅎ",
    "rating": "10",
    "date": "15.07.05"
  },
  {
    "review_id": "10057108",
    "movie_id": "101934",
    "author": "5693****",
    "review": "아얘 웃기던가... 정말 재.미.없.다. 무려 42살이라는 뱅크스씨 비주얼하고 몸매감상용인데 이것도 10분 보면 끝.",
    "rating": "2",
    "date": "15.07.01"
  },
  {
    "review_id": "10016067",
    "movie_id": "101934",
    "author": "hose****",
    "review": "웃긴건 웃긴거지만 좀 답답함은 해소할수 있는 말주변 이었어야 했다",
    "rating": "8",
    "date": "15.06.20"
  },
  {
    "review_id": "9986097",
    "movie_id": "101934",
    "author": "dear****",
    "review": "이 영화야말로 페미니즘 영화일지도...",
    "rating": "6",
    "date": "15.06.09"
  },
  {
    "review_id": "9933894",
    "movie_id": "101934",
    "author": "tlsg****",
    "review": "이 영화 볼까발까 망설이지 마라. 무조건 봐라 .대박 영화다. 왠만한 코미디 영화엔 잘 안웃는 편인데도 이 영화는 보는내내 웃었다.",
    "rating": "9",
    "date": "15.05.20"
  },
  {
    "review_id": "9854106",
    "movie_id": "101934",
    "author": "heli****",
    "review": "리자 뱅크스는 미인이긴 하지만 제한적인 상황에서 빛나는 얼굴이라 당황해하는 연기에 주로 캐스팅된다. 얘기는 재미있지만 특별함이나 절절함은 없다. 뭔가 관객을 이끌어 호흡을 맞추게 하는 동력이 부족하다. iMDB 6.1",
    "rating": "5",
    "date": "15.04.20"
  },
  {
    "review_id": "9818557",
    "movie_id": "101934",
    "author": "ohjo****",
    "review": "개 답답하고 암걸리는 영화",
    "rating": "1",
    "date": "15.03.31"
  },
  {
    "review_id": "9806690",
    "movie_id": "101934",
    "author": "lush****",
    "review": "좀 억지스럽지만 그냥 가볍게 볼만한 영화~ 크게 재미는 없습니다~ 틀어놓고 왔다 갔다 하면서 봤네요 ㅎㅎ",
    "rating": "6",
    "date": "15.03.26"
  },
  {
    "review_id": "9771209",
    "movie_id": "101934",
    "author": "dbzh****",
    "review": "너무 억지스럽네...",
    "rating": "2",
    "date": "15.03.10"
  },
  {
    "review_id": "9758431",
    "movie_id": "101934",
    "author": "dres****",
    "review": "웃감ㅎㅎㅎㅎ말도 안되지많ㅎ",
    "rating": "10",
    "date": "15.03.05"
  },
  {
    "review_id": "9700969",
    "movie_id": "101934",
    "author": "bonj****",
    "review": "가볍게잼나게질릴스토리는아님",
    "rating": "9",
    "date": "15.02.16"
  },
  {
    "review_id": "9679610",
    "movie_id": "101934",
    "author": "tkdf****",
    "review": "암걸린다... 쉽게 갈수있는걸 쓸데없이 멀리 돌아간다 나름 코미디역할은 한거같은데 글쎄...",
    "rating": "5",
    "date": "15.02.08"
  },
  {
    "review_id": "9678842",
    "movie_id": "101934",
    "author": "gusc****",
    "review": "평점이왜이리낮은진모르겠지만 보세요 킬링타임으로 볼만하고빵빵터지는 장면도 많음",
    "rating": "10",
    "date": "15.02.08"
  },
  {
    "review_id": "9667729",
    "movie_id": "101934",
    "author": "khl9****",
    "review": "보는 도중 답답했지만 재미있었음!!",
    "rating": "9",
    "date": "15.02.05"
  },
  {
    "review_id": "9636532",
    "movie_id": "101934",
    "author": "l00s****",
    "review": "마지막 뉴스파트가 좀 아쉽다...거기서 더 잘했으면 대박영화일수도,,,",
    "rating": "6",
    "date": "15.01.25"
  },
  {
    "review_id": "9627898",
    "movie_id": "101934",
    "author": "jjcv****",
    "review": "유쾌함을 담은 노란드레스하나로 끝까지간다 이런소품도 가끔은 넘 괜찮음",
    "rating": "8",
    "date": "15.01.23"
  },
  {
    "review_id": "9621081",
    "movie_id": "101934",
    "author": "bles****",
    "review": "웃기기보단 보는 사람도 답답하게 한다",
    "rating": "4",
    "date": "15.01.21"
  },
  {
    "review_id": "9613558",
    "movie_id": "101934",
    "author": "yhlm****",
    "review": "아 완전 웃겨 ㅋ 강추 ㅋㅋ",
    "rating": "10",
    "date": "15.01.19"
  },
  {
    "review_id": "9600057",
    "movie_id": "101934",
    "author": "fnal****",
    "review": "미국식 코미디를 즐긴다면 추천! 어이없지만  유쾌하다",
    "rating": "10",
    "date": "15.01.16"
  },
  {
    "review_id": "9600045",
    "movie_id": "101934",
    "author": "ting****",
    "review": "유쾌하고..재밌게봤네요",
    "rating": "10",
    "date": "15.01.16"
  },
  {
    "review_id": "9591406",
    "movie_id": "101934",
    "author": "jin7****",
    "review": "꽤 괜찬음 엘리자베스뱅크스넘이쁘게나옴!! 망설인다면 보길추천",
    "rating": "10",
    "date": "15.01.14"
  },
  {
    "review_id": "9590155",
    "movie_id": "101934",
    "author": "mybe****",
    "review": "여자 몸매 가지고 코메디 영화 만들기  수준 이하 영화",
    "rating": "4",
    "date": "15.01.13"
  },
  {
    "review_id": "9589057",
    "movie_id": "101934",
    "author": "hnj1****",
    "review": "초반에 흥미롭게 보다가 별 내용없이 꼬이기만 하니까 지루해진다.",
    "rating": "6",
    "date": "15.01.13"
  },
  {
    "review_id": "9587266",
    "movie_id": "101934",
    "author": "dan_****",
    "review": "기분 좋게 보고 즐겼습니다. 유쾌한 헐리웃 스타일의 영화. 여튼 화이트 칙스 생각도 나고 재밌는 코믹 영화였습니다.",
    "rating": "8",
    "date": "15.01.12"
  },
  {
    "review_id": "9586628",
    "movie_id": "101934",
    "author": "vkrh****",
    "review": ",재밌다길래 봤는데 재미가 없어ㅜㅜ",
    "rating": "4",
    "date": "15.01.12"
  },
  {
    "review_id": "9575436",
    "movie_id": "101934",
    "author": "pria****",
    "review": "운수 나쁜 날. 깨알 재미. 즐.",
    "rating": "6",
    "date": "15.01.08"
  },
  {
    "review_id": "9574322",
    "movie_id": "101934",
    "author": "curu****",
    "review": "답답해서 속터질것같았던거 빼구 재미있게봤어요",
    "rating": "6",
    "date": "15.01.08"
  },
  {
    "review_id": "9572016",
    "movie_id": "101934",
    "author": "tall****",
    "review": "볼만나름신나고유쾌하다",
    "rating": "7",
    "date": "15.01.07"
  },
  {
    "review_id": "9568283",
    "movie_id": "101934",
    "author": "kpor****",
    "review": "나름 볼만했다 여자몸매만",
    "rating": "7",
    "date": "15.01.06"
  },
  {
    "review_id": "9563620",
    "movie_id": "101934",
    "author": "kjc7****",
    "review": "앵커가 덤앤더머도 아닐텐데 설정이 과하다. 대충 웃고 넘기기엔 작위적이고 억지스런 전개가 짜증나게한다. 코미디좋아하는 미국에서도 일주일도 못채우고 막내린영화니, 엘리자베스뱅크스의 원피스몸매 감상용 영화라 할수있겠다.",
    "rating": "5",
    "date": "15.01.05"
  },
  {
    "review_id": "9562716",
    "movie_id": "101934",
    "author": "pepe****",
    "review": "이거 몸매밖에 안보이네",
    "rating": "5",
    "date": "15.01.04"
  },
  {
    "review_id": "9560062",
    "movie_id": "101934",
    "author": "luna****",
    "review": "기분전환용으로 보기 좋아요~^^",
    "rating": "8",
    "date": "15.01.04"
  },
  {
    "review_id": "9553679",
    "movie_id": "101934",
    "author": "nbin****",
    "review": "나름 시간은 때울만 했다.",
    "rating": "7",
    "date": "15.01.02"
  },
  {
    "review_id": "9553223",
    "movie_id": "101934",
    "author": "ssip****",
    "review": "정말 그 이상, 그 이하도 아닌 킬링타임용 영화...",
    "rating": "5",
    "date": "15.01.02"
  },
  {
    "review_id": "9551407",
    "movie_id": "101934",
    "author": "sebe****",
    "review": "긴장감속에 말도안되는 상황이 연출되지만 영화로써 매력있다.ㅋㅋ",
    "rating": "10",
    "date": "15.01.02"
  },
  {
    "review_id": "9551046",
    "movie_id": "101934",
    "author": "kara****",
    "review": "코미디영화가 보고 웃음을 자아내면 충분한거 아닌가?",
    "rating": "10",
    "date": "15.01.02"
  },
  {
    "review_id": "9547467",
    "movie_id": "101934",
    "author": "dung****",
    "review": "전형적 미국식 코미디~~ 킬링타임용으로 딱!  ㅎㅎ재밌당~~",
    "rating": "10",
    "date": "15.01.01"
  },
  {
    "review_id": "9546599",
    "movie_id": "101934",
    "author": "plus****",
    "review": "형편없는 영화 / 끝없는 억지설정 / 길 잃은 6살짜리 어린애도 이 \"지역방송국 뉴스 진행 아나운서\"보다 집에 빨리 도착할듯",
    "rating": "1",
    "date": "15.01.01"
  },
  {
    "review_id": "9545953",
    "movie_id": "101934",
    "author": "apri****",
    "review": "0주고싶다 볼건 여주몸매뿐",
    "rating": "1",
    "date": "15.01.01"
  },
  {
    "review_id": "9545951",
    "movie_id": "101934",
    "author": "dora****",
    "review": "웃긴 장면들이 있긴 하지만 상대방이 사람말은 쳐 듣지 않아서 일어나는 상황들만 반복되는 것이 별로... 편견에 대한 풍자와 해학이라는 측면에서 괜찮음.",
    "rating": "7",
    "date": "15.01.01"
  },
  {
    "review_id": "9540059",
    "movie_id": "101934",
    "author": "ksk6****",
    "review": "재밌었는데 결말이 쫌...",
    "rating": "7",
    "date": "14.12.31"
  }
]