[
  {
    "review_id": "10075092",
    "movie_id": "101948",
    "author": "lesl****",
    "review": "노잼  10자10자10자",
    "rating": "2",
    "date": "15.07.06"
  },
  {
    "review_id": "10038242",
    "movie_id": "101948",
    "author": "yong****",
    "review": "지루하고 재미없고 그냥 수준 낮은 드라마",
    "rating": "4",
    "date": "15.06.26"
  },
  {
    "review_id": "10025296",
    "movie_id": "101948",
    "author": "tlar****",
    "review": "최근봣던 영화중에 제일 재밋게봣다...뻔하지않아서 좋았다...",
    "rating": "9",
    "date": "15.06.24"
  },
  {
    "review_id": "9942839",
    "movie_id": "101948",
    "author": "55cc****",
    "review": "혓바닥을 고전압으로 지져도 죽지않는다는 것을 깨닫게 해준 영화...",
    "rating": "10",
    "date": "15.05.23"
  },
  {
    "review_id": "9937214",
    "movie_id": "101948",
    "author": "534k****",
    "review": "1빠다 10점준다..",
    "rating": "10",
    "date": "15.05.22"
  }
]