[
  {
    "review_id": "10250944",
    "movie_id": "102074",
    "author": "empt****",
    "review": "정말 간만에 몰입했음 ㅎㅎㅎ",
    "rating": "9",
    "date": "15.08.19"
  },
  {
    "review_id": "10181423",
    "movie_id": "102074",
    "author": "imoo****",
    "review": "영화 대사에도 있듯 인간의 잔인함에 초점을 맞춘 영화같다.",
    "rating": "3",
    "date": "15.08.03"
  },
  {
    "review_id": "10167364",
    "movie_id": "102074",
    "author": "lsca****",
    "review": "박찬욱감독 「스토커」와 매우 흡사      그러나 여러방면으로 그 이하임",
    "rating": "5",
    "date": "15.07.31"
  },
  {
    "review_id": "10167028",
    "movie_id": "102074",
    "author": "lady****",
    "review": "잔잔한 영화는 내 스타일인데 결말은 너무 충격적 결말을 예상한 사람이  한명이라도 있을지",
    "rating": "9",
    "date": "15.07.31"
  },
  {
    "review_id": "10165551",
    "movie_id": "102074",
    "author": "kjk9****",
    "review": "쉐일린 우들리의 눈부신 누드를 감상한것만으로도 10점! 영화 자체도 볼만함. 다만, 마지막이 너무 쌩뚱맞다.",
    "rating": "10",
    "date": "15.07.31"
  },
  {
    "review_id": "10141118",
    "movie_id": "102074",
    "author": "mins****",
    "review": "안타까운 사건의 전말. 쉐일린의 가슴은 인상깊었다. 남자 관객에게는 그것으로 영화의 다른 부족한 부분을 커버해준다.",
    "rating": "9",
    "date": "15.07.25"
  },
  {
    "review_id": "10114488",
    "movie_id": "102074",
    "author": "adiv****",
    "review": "전개는 지루했지만 마지막 반전은 정말 예상치 못했다.",
    "rating": "6",
    "date": "15.07.18"
  },
  {
    "review_id": "10074808",
    "movie_id": "102074",
    "author": "hogo****",
    "review": "오랜만에 반전이었다 .. 불륜도 이런 불륜이 있을까 ㅋㅋ",
    "rating": "7",
    "date": "15.07.06"
  },
  {
    "review_id": "10072252",
    "movie_id": "102074",
    "author": "lgic****",
    "review": "초반에 범인은 알수있을 정도로 스토리가 탄탄치 못하다. 또 딸아이 키워도 소용없다는 생각도 들고..",
    "rating": "5",
    "date": "15.07.05"
  },
  {
    "review_id": "10059179",
    "movie_id": "102074",
    "author": "free****",
    "review": "에힝.. 다시 한번 봐야하나..;; 마지막 반전보고.. 납득해보려고 복기하는데 기억이 안나..;;",
    "rating": "8",
    "date": "15.07.02"
  },
  {
    "review_id": "10054815",
    "movie_id": "102074",
    "author": "ruda****",
    "review": "요즘 관객들 눈이 왤케 높지? 나름 볼만했는데? 근데 이게 노미네이트는 진짜 오바다.",
    "rating": "8",
    "date": "15.06.30"
  },
  {
    "review_id": "10027227",
    "movie_id": "102074",
    "author": "ume1****",
    "review": "청불인데 극적 최대치를 위해 반전의 침대씬은 좀 더 격렬하게 나왔으면 더 수긍이 갔을텐데 연출이 아쉬움",
    "rating": "6",
    "date": "15.06.24"
  },
  {
    "review_id": "10020769",
    "movie_id": "102074",
    "author": "alem****",
    "review": "White Bird in a Blizzard...",
    "rating": "7",
    "date": "15.06.22"
  },
  {
    "review_id": "10007226",
    "movie_id": "102074",
    "author": "ehwj****",
    "review": "막장인 줄은 알았는데 이런 반전일줄은ㅋㅋㅋ",
    "rating": "7",
    "date": "15.06.18"
  },
  {
    "review_id": "10006985",
    "movie_id": "102074",
    "author": "soni****",
    "review": "두 여주인공의 연기가 러닝타임 내내 몰입하게 하며 엄마와 딸의 관계변화를 지켜보는 재미가 있는 영화네요. 하지만 영화를 보고 나서도 아버지의 정체성이 결말처럼 설정된 것은 쉽게 따라가기가 어렵고, 스릴러와 가족애, 사랑을 모두 챙기진 못하였네요.",
    "rating": "7",
    "date": "15.06.17"
  },
  {
    "review_id": "10003316",
    "movie_id": "102074",
    "author": "inst****",
    "review": "사랑은 그렇게 고통과 행복, 천당과 지옥을 동시에 맛보게된다.. 충분히 있을법한 이야기에 공감을 하다가 마지막 뜻밖의 반전에 그냥 영화였다는것을 느끼게되었다...",
    "rating": "8",
    "date": "15.06.15"
  },
  {
    "review_id": "10000594",
    "movie_id": "102074",
    "author": "yuji****",
    "review": "그냥 약간의 반전이 있는 드라마....마지막은 같이 웃음.ㅋㅋㅋ",
    "rating": "6",
    "date": "15.06.14"
  },
  {
    "review_id": "9995036",
    "movie_id": "102074",
    "author": "ksyz****",
    "review": "너무 아쉬운 영화 난 이감독이 뭘좀 아는줄 알았는데 예상은 빗나갔다 그런 결말로 갈거라면 좀더 다른 길도 있었을텐데...",
    "rating": "6",
    "date": "15.06.13"
  },
  {
    "review_id": "9989189",
    "movie_id": "102074",
    "author": "lara****",
    "review": "배우자와 타인의 인생까지 망치는  모순된 이중적 인생. 결말부분에 딸의 엄마에 대한 돌변한 감상은, 반전으로 인한 엄마에 대한 이해라 쳐도 좀 억지스러움.",
    "rating": "7",
    "date": "15.06.11"
  },
  {
    "review_id": "9986005",
    "movie_id": "102074",
    "author": "ssh_****",
    "review": "안녕,  헤이즐의 그녀. 이 영화에서 매력적이다.  감독이 뒤엎는 걸 좋아하는 듯.",
    "rating": "6",
    "date": "15.06.09"
  },
  {
    "review_id": "9985810",
    "movie_id": "102074",
    "author": "abc_****",
    "review": "벗고 나오는 영화라 몰입하면서 끝까지 봣는데 마지막에 아빠가 게이였다.... 이거 너무 웃겨서 피식햇다.ㅋㅋㅋ",
    "rating": "1",
    "date": "15.06.09"
  },
  {
    "review_id": "9985050",
    "movie_id": "102074",
    "author": "wlfa****",
    "review": "작품의 의미와 의도가 전혀 맞지도 않고 전달되지 않음에도 불구하고 비판하고 싶지 않는 이유는 간간히 나온 쉐일린의 몸매와 에바의 매력을 때문인거 같다.",
    "rating": "6",
    "date": "15.06.08"
  },
  {
    "review_id": "9984303",
    "movie_id": "102074",
    "author": "danz****",
    "review": "할메상인 딸역의 쉐일린우들리 보다 사라진 엄마역의 에바그린이 얼굴이나 몸매나 더 이쁘다.. 아빠역 크리스토퍼 멜로니는 미드 오즈에서의 남색 버릇을 못버렸네",
    "rating": "7",
    "date": "15.06.08"
  },
  {
    "review_id": "9983931",
    "movie_id": "102074",
    "author": "sopt****",
    "review": "에바그린과 우들리가 넘 이뻤다 기타 영상미와 색감만큼은 최고 근데 전개가 영.. 마지막 반전은 4류 드라마 스럽다...",
    "rating": "3",
    "date": "15.06.08"
  },
  {
    "review_id": "9982308",
    "movie_id": "102074",
    "author": "hjs8****",
    "review": "에바그린 나온다길래 봤는데 엄마가 아닌 여자로서의 연기를 잘 표현해났다",
    "rating": "7",
    "date": "15.06.07"
  },
  {
    "review_id": "9981682",
    "movie_id": "102074",
    "author": "bles****",
    "review": "차라리 성장 영화로 봐줄게",
    "rating": "5",
    "date": "15.06.07"
  },
  {
    "review_id": "9981455",
    "movie_id": "102074",
    "author": "bbq2****",
    "review": "in a Blizzard..",
    "rating": "6",
    "date": "15.06.07"
  },
  {
    "review_id": "9980542",
    "movie_id": "102074",
    "author": "dkdl****",
    "review": "설마설마했는데 역시 예상했던것처럼 흘러간대로 맞춰서 반전같지 않은반전 그래도 시도는 좋았다",
    "rating": "7",
    "date": "15.06.06"
  },
  {
    "review_id": "9980350",
    "movie_id": "102074",
    "author": "want****",
    "review": "관객을 우롱하는 개연성 제로의 반전",
    "rating": "5",
    "date": "15.06.06"
  },
  {
    "review_id": "9980272",
    "movie_id": "102074",
    "author": "pugg****",
    "review": "배경음악이 좋은데요! OST 가 듣고싶어지네요",
    "rating": "7",
    "date": "15.06.06"
  },
  {
    "review_id": "9978556",
    "movie_id": "102074",
    "author": "lead****",
    "review": "왜 그 가능성을 생각하지 못했을까 자책하게 만드네",
    "rating": "7",
    "date": "15.06.06"
  },
  {
    "review_id": "9978288",
    "movie_id": "102074",
    "author": "taij****",
    "review": "남편이 게이인줄 진작 알아서 그리 째려보구 싫어했던거 같음..진작에 애 데리고 떠났으면 안죽고 좋았을껄",
    "rating": "7",
    "date": "15.06.06"
  },
  {
    "review_id": "9978226",
    "movie_id": "102074",
    "author": "jung****",
    "review": "전개가  신선하지만 몰입도는 조금 떨어진다 엄마가 이기적이고 나쁜사람인줄 알았는데 다 그럴만한 이유가 있던거였군  여자는 남자가 하기나름이라는 깨달음",
    "rating": "8",
    "date": "15.06.06"
  },
  {
    "review_id": "9977684",
    "movie_id": "102074",
    "author": "nam0****",
    "review": "진짜 마지막 장면 보고 개소름 돋음.. ㅋㅋㅋ 역겨워",
    "rating": "8",
    "date": "15.06.05"
  },
  {
    "review_id": "9974061",
    "movie_id": "102074",
    "author": "wjsr****",
    "review": "영화내내 전달해온 의도나 색깔자체를 무색하게 만드는 당황스런 마무리. 엉큼한 기대를 갖고 본건 아니었지만 우들리를 볼(?) 가치는 충분",
    "rating": "5",
    "date": "15.06.04"
  },
  {
    "review_id": "9974010",
    "movie_id": "102074",
    "author": "bong****",
    "review": "반전이 너무 뻔한게 반전..",
    "rating": "8",
    "date": "15.06.04"
  },
  {
    "review_id": "9972863",
    "movie_id": "102074",
    "author": "elto****",
    "review": "몰입감있게 잘 만들었네 정말 재밋게 잘봤음",
    "rating": "10",
    "date": "15.06.03"
  },
  {
    "review_id": "9972203",
    "movie_id": "102074",
    "author": "ggba****",
    "review": "배우들이 연기를 잘하니깐  심리묘사가 지린다....",
    "rating": "9",
    "date": "15.06.03"
  },
  {
    "review_id": "9757311",
    "movie_id": "102074",
    "author": "rule****",
    "review": "범인이 누군지, 시체가 어디 있겠다는 쉽게 짐작할 수 있었는데, 남친이 반전과 웃음을. ㅋ",
    "rating": "7",
    "date": "15.03.05"
  },
  {
    "review_id": "9749985",
    "movie_id": "102074",
    "author": "hyuk****",
    "review": "사전정보  없이  봤는데  깜짝놀람.  스릴러 라고 하기엔  뭔가 부족하다.마지막 반전 조금있는정도.",
    "rating": "8",
    "date": "15.03.01"
  },
  {
    "review_id": "9714922",
    "movie_id": "102074",
    "author": "nare****",
    "review": "17세 어느날 엄마가 사라진 후, 한 소녀가 무의식적으로 가뒀던 진실과 마주하며 여성으로 성장해가는 과정을 그린 스릴러 영화흥미를 끌고 욕망을 자극할 요소들을 유기적으로 그려내는 덴 실패, 쉐일린 우들리만 빛난다.",
    "rating": "6",
    "date": "15.02.19"
  },
  {
    "review_id": "9679706",
    "movie_id": "102074",
    "author": "qew2****",
    "review": "와 이건... 이건... 그냥 이상함",
    "rating": "8",
    "date": "15.02.08"
  },
  {
    "review_id": "9643755",
    "movie_id": "102074",
    "author": "xx41****",
    "review": "음...생각한거하고다른데",
    "rating": "7",
    "date": "15.01.28"
  },
  {
    "review_id": "9643464",
    "movie_id": "102074",
    "author": "hoon****",
    "review": "큰 충격을 노린 반전이 , 오히려 생뚱맞게 다가왔다.",
    "rating": "6",
    "date": "15.01.27"
  },
  {
    "review_id": "9596807",
    "movie_id": "102074",
    "author": "ljd7****",
    "review": "헐 대박이다 아이고 내 뒤통수",
    "rating": "8",
    "date": "15.01.15"
  },
  {
    "review_id": "9578095",
    "movie_id": "102074",
    "author": "ls27****",
    "review": "그냥 볼만함ㅋㅋㅋ 여주들이 예쁨",
    "rating": "10",
    "date": "15.01.09"
  },
  {
    "review_id": "9577657",
    "movie_id": "102074",
    "author": "jazz****",
    "review": "슬픈 스릴러 . . . . ,",
    "rating": "10",
    "date": "15.01.09"
  },
  {
    "review_id": "9535437",
    "movie_id": "102074",
    "author": "dosq****",
    "review": "난해해요... 너무 기대가 컸어요",
    "rating": "5",
    "date": "14.12.29"
  },
  {
    "review_id": "9492883",
    "movie_id": "102074",
    "author": "oshp****",
    "review": "마지막 충격과 공포....상상도 못했던 결말....",
    "rating": "9",
    "date": "14.12.20"
  },
  {
    "review_id": "9487843",
    "movie_id": "102074",
    "author": "lip1****",
    "review": "매혹적이지만 부족한 치밀함",
    "rating": "7",
    "date": "14.12.19"
  },
  {
    "review_id": "9480448",
    "movie_id": "102074",
    "author": "real****",
    "review": "쉐일린우들리도 예쁘고 에바그린 더 예쁘고!결말은... 생각지도 못한 반전에 반전을 더해 어마어마했음.덕분에 중반부터는 시간가는 줄 모르고 봤다.안 무서운데 긴장하게 되는 묘한 스릴러!",
    "rating": "8",
    "date": "14.12.17"
  },
  {
    "review_id": "9479633",
    "movie_id": "102074",
    "author": "toxb****",
    "review": "에바그린과 쉐일런 우들리가 너무나도 빛난다.치정같은 스토리에 동화같은 영상미가 더해져서 좋다 하지만 진부한 스토리와 맥없는 반전은....2점 감점",
    "rating": "8",
    "date": "14.12.17"
  },
  {
    "review_id": "9477618",
    "movie_id": "102074",
    "author": "kki4****",
    "review": "재밌음 한시간반짜린데 스토리이끌어나가는 방식이 흥미진진함반전 쩔어서 보자마자 입을 못다물었다고한다여튼 재밌어ㅜㅜㅜ추천추천~ 적당한 노출도 좋았음딱 영화가 맛깔 날 정도로 나오고 여주도 짱짱 예뿌",
    "rating": "9",
    "date": "14.12.16"
  },
  {
    "review_id": "9477529",
    "movie_id": "102074",
    "author": "temp****",
    "review": "이거 정말 생각지도 못한 개반전꼭 나를찾아줘 보고 보세요 쇼킹x2 대박 멘탈 붕괴ㅋ",
    "rating": "10",
    "date": "14.12.16"
  },
  {
    "review_id": "9476059",
    "movie_id": "102074",
    "author": "bana****",
    "review": "아빠가 엄마를 죽였다는건 대충 짐작하고 있었지만...",
    "rating": "10",
    "date": "14.12.15"
  },
  {
    "review_id": "9476042",
    "movie_id": "102074",
    "author": "in_m****",
    "review": "엄마의 시선으로, 딸의 시선으로 볼 때 완전 다른 내용으로 바뀌는 영화",
    "rating": "10",
    "date": "14.12.15"
  },
  {
    "review_id": "9475132",
    "movie_id": "102074",
    "author": "dipo****",
    "review": "언제부터 아무런 근거 없는 결말을 가진 영화가 반전 영화가 됐냐 ㅋㅋㅋ그리고 자막은 진짜 헬이었다. 왜 외국어 잘하는 사람은 점점 늘어가는데 영화자막은 최근에 쓰레기들이 넘쳐나는지",
    "rating": "3",
    "date": "14.12.14"
  },
  {
    "review_id": "9474710",
    "movie_id": "102074",
    "author": "tupa****",
    "review": "식스센스는 이 영화의 반전에 비하면 애들 장난수준이다",
    "rating": "10",
    "date": "14.12.14"
  },
  {
    "review_id": "9471395",
    "movie_id": "102074",
    "author": "eleg****",
    "review": "재밌다 여배우들 보는 맛이 있다 막 스펙터클 하규 그런건 아니지만. 이걸 뭔 스릴러로 생각하고 보먼 안뎀요.",
    "rating": "8",
    "date": "14.12.13"
  },
  {
    "review_id": "9470909",
    "movie_id": "102074",
    "author": "awdz****",
    "review": "평소 에바그린을 좋아해서 잔뜩 기대하고 보러 갔는데 초반 시작은 좋았다. 나름대로 뭔가 상징하는 바가 있어보였고 배우들 연기도 괜찮았고. 근데 마지막이 문제였다. 반전만을 위한 반전 때문에 초반에 쌓아온 모든 게 무너졌다.",
    "rating": "4",
    "date": "14.12.13"
  },
  {
    "review_id": "9470449",
    "movie_id": "102074",
    "author": "csh0****",
    "review": "영화같지도 않은 요상한 한국영화보단 낫다",
    "rating": "8",
    "date": "14.12.13"
  },
  {
    "review_id": "9469617",
    "movie_id": "102074",
    "author": "ncnp****",
    "review": "에바그린 나오는 영화이니 일단 만점",
    "rating": "10",
    "date": "14.12.13"
  },
  {
    "review_id": "9469338",
    "movie_id": "102074",
    "author": "abcd****",
    "review": "게이 멸종시키고싶다 ㄷㄷ...",
    "rating": "6",
    "date": "14.12.13"
  },
  {
    "review_id": "9468577",
    "movie_id": "102074",
    "author": "ng11****",
    "review": "그렉 아라키감독과의 첫만남이 된 영화. 다소 충격적이긴 하나 감성적이고 마음을 움직이는 멋진 대사들과 선명한 색채감과 꿈꾸는 듯한 영상이 너무나 매력적이었다.",
    "rating": "8",
    "date": "14.12.12"
  },
  {
    "review_id": "9468337",
    "movie_id": "102074",
    "author": "afte****",
    "review": "한국인은 미개해서 이런 예술영화 절대 이해못해",
    "rating": "8",
    "date": "14.12.12"
  },
  {
    "review_id": "9467979",
    "movie_id": "102074",
    "author": "dong****",
    "review": "이전의 모든 의문을 한번에 잠재워버리는 마지막 반전",
    "rating": "10",
    "date": "14.12.12"
  },
  {
    "review_id": "9466996",
    "movie_id": "102074",
    "author": "offe****",
    "review": "황당한반전에영화가끝나고도한참앉아있었음",
    "rating": "7",
    "date": "14.12.12"
  },
  {
    "review_id": "9466804",
    "movie_id": "102074",
    "author": "kiki****",
    "review": "생각보다 조금 실망..근데 영화는 왜이리 짧은거야ㅜㅜ",
    "rating": "5",
    "date": "14.12.12"
  },
  {
    "review_id": "9466663",
    "movie_id": "102074",
    "author": "534k****",
    "review": "보면서 먼가 아쉬웠다..",
    "rating": "9",
    "date": "14.12.12"
  },
  {
    "review_id": "9465826",
    "movie_id": "102074",
    "author": "swel****",
    "review": "제목이 왜 버진스노우인지도 모르겠고 장르에서 스릴러를 좀 빼주세요!!!",
    "rating": "3",
    "date": "14.12.11"
  },
  {
    "review_id": "9465780",
    "movie_id": "102074",
    "author": "good****",
    "review": "딸이 엄마를 어떻게 바라보고, 그 감정이 어떻게 바뀌는지를 중점적으로 보면 굉장히 흥미롭다.",
    "rating": "10",
    "date": "14.12.11"
  },
  {
    "review_id": "9463617",
    "movie_id": "102074",
    "author": "wjdw****",
    "review": "반전이기억에남는다ㄷㄷ ㅌ",
    "rating": "8",
    "date": "14.12.10"
  },
  {
    "review_id": "9463349",
    "movie_id": "102074",
    "author": "fghy****",
    "review": "에바그린의 노출이 없다는 게  또 다른 반전,,,",
    "rating": "8",
    "date": "14.12.10"
  },
  {
    "review_id": "9463280",
    "movie_id": "102074",
    "author": "siro****",
    "review": "배우들 연기가 좋았다. 쉐일린우들린의 첫 노출연기가 신기했다. 배우들의 연기에 비중이 매우 높아 몰입해 본다면 재미있을 수 있다. ost에도 신경을 많이 쓴듯하지만 난 잘 모르는 노래들. 뒷부분은 은근 무섭고 결말은 누구도 예상하기 힘들정도로 충격적.",
    "rating": "8",
    "date": "14.12.10"
  },
  {
    "review_id": "9463262",
    "movie_id": "102074",
    "author": "hsta****",
    "review": "결자해지가 필요한 영화. 엄마와 딸의 빅매치 탐색전에 난데없이 '아빠'가 수건 던지기 있기 없기?",
    "rating": "6",
    "date": "14.12.10"
  },
  {
    "review_id": "9463246",
    "movie_id": "102074",
    "author": "euo0****",
    "review": "주변 평에 비해 뒤죽박죽인 영화.뜯어보면 좋은 점이 넘칠지 몰라도 합쳐놓은 전체는 정말 별로다.",
    "rating": "3",
    "date": "14.12.10"
  },
  {
    "review_id": "9463215",
    "movie_id": "102074",
    "author": "jotc****",
    "review": "사랑앞에서도 잔인해질 수 있는 인간",
    "rating": "9",
    "date": "14.12.10"
  },
  {
    "review_id": "9463197",
    "movie_id": "102074",
    "author": "mina****",
    "review": "전체적으로 재밌었지만 마지막 반전이 너무 황당~~^^;;",
    "rating": "8",
    "date": "14.12.10"
  },
  {
    "review_id": "9463130",
    "movie_id": "102074",
    "author": "craz****",
    "review": "생각할 꺼리가 많음. 엄마와 딸은 항상 싸우기 마련이니까. 그런 관계를 현실적으로 드러나서 좋았고. 인물들의 심리를 잘 따라가면 더욱 재미있음",
    "rating": "10",
    "date": "14.12.10"
  },
  {
    "review_id": "9463083",
    "movie_id": "102074",
    "author": "ryui****",
    "review": "둘 다 연기도 좋고 재밌게 봤어요~ 안 보신 분들 꼭 스포 보지 말고 보시길!!",
    "rating": "10",
    "date": "14.12.10"
  },
  {
    "review_id": "9463043",
    "movie_id": "102074",
    "author": "flyk****",
    "review": "마지막 반전 빼고 30분만에 전부 예상되는 영화. 그러나 정작 마지막 반전도 별로인 영화",
    "rating": "1",
    "date": "14.12.10"
  },
  {
    "review_id": "9462951",
    "movie_id": "102074",
    "author": "nohs****",
    "review": "영화가 끝나면 수많은  질문들을 떠오르게 하는 영화. 곱씹을 수록, 시대적 배경과 주인공들의 심리를 알아 갈수록, 매력이 넘치는 영화다. 마지막 반전은 엄마의 욕망과 좌절, 아빠의 욕망과 좌절이 폭발하는 느낌이다.",
    "rating": "9",
    "date": "14.12.10"
  },
  {
    "review_id": "9462917",
    "movie_id": "102074",
    "author": "shcz****",
    "review": "쉐일린우들리 안녕헤이즐보고 팬됐는데 이번영화도 꼭 보고싶네요~~",
    "rating": "10",
    "date": "14.12.10"
  },
  {
    "review_id": "9462905",
    "movie_id": "102074",
    "author": "godj****",
    "review": "예고편을 보고 무슨 내용인지 무척 궁금하더라구요~ 흥미 진진했어요. 두 여배우들의 연기가 인상깊었어요",
    "rating": "10",
    "date": "14.12.10"
  },
  {
    "review_id": "9462768",
    "movie_id": "102074",
    "author": "jttu****",
    "review": "몰입해서보다가 결말에 헉함 결말땜에 뒤죽박죽 그치만 에바그린 이쁨",
    "rating": "6",
    "date": "14.12.10"
  },
  {
    "review_id": "9462706",
    "movie_id": "102074",
    "author": "yeah****",
    "review": "두여배우의 연기  좋네요",
    "rating": "10",
    "date": "14.12.10"
  },
  {
    "review_id": "9462653",
    "movie_id": "102074",
    "author": "zero****",
    "review": "에바와 쉐일린만 건지고 스릴러는 버리다. 너무 정직하고 뻔뻔하기까지 한 결말. 엄마의 부재와 딸의 존재를 대비시켜 굉장히 은유적으로 표현하려한 것 같긴 한데, 쉐일린의 성인식이라고밖엔 더 자위할 내용이...",
    "rating": "5",
    "date": "14.12.10"
  },
  {
    "review_id": "9462460",
    "movie_id": "102074",
    "author": "avdc****",
    "review": "끝나고 웃음만 나옴 ㅋㅋㅋ",
    "rating": "9",
    "date": "14.12.10"
  },
  {
    "review_id": "9462403",
    "movie_id": "102074",
    "author": "baky****",
    "review": "영화를 볼 때는 딸의 시선에서 영화를 봤는데, 영화가 끝나면 엄마의 시산에서 영화를 다시 보고 싶어진다.",
    "rating": "8",
    "date": "14.12.10"
  },
  {
    "review_id": "9461793",
    "movie_id": "102074",
    "author": "joek****",
    "review": "(나만 몰랐던) 충격적인 섹스 이야기 ...에 ...빠져든다..아음 재밌다",
    "rating": "9",
    "date": "14.12.10"
  }
]