[
  {
    "review_id": "10002489",
    "movie_id": "102061",
    "author": "redb****",
    "review": "스토리는 뭔가 꼴릿하게 써놨는데?ㅎㅎㅎㅎ",
    "rating": "10",
    "date": "15.06.15"
  },
  {
    "review_id": "9565769",
    "movie_id": "102061",
    "author": "rhtj****",
    "review": "이런 영화를 만들 빠에 그냥 기부를 하는게  이렇게 벗어서 돈 벌빠에 일본처럼 하는게 더 많이 벌것네",
    "rating": "1",
    "date": "15.01.05"
  },
  {
    "review_id": "9263136",
    "movie_id": "102061",
    "author": "cool****",
    "review": "1의 노력을 헛되게 하지 않겠다",
    "rating": "1",
    "date": "14.10.04"
  },
  {
    "review_id": "8793107",
    "movie_id": "102061",
    "author": "kwon****",
    "review": "남들이 1줄때 10주는..ㅋㅋㅋㅋ",
    "rating": "10",
    "date": "14.06.04"
  },
  {
    "review_id": "8748464",
    "movie_id": "102061",
    "author": "yang****",
    "review": "애잔하다 이런 걸 만들어서라도 생계를 유지해야 하니",
    "rating": "1",
    "date": "14.05.19"
  },
  {
    "review_id": "7433796",
    "movie_id": "102061",
    "author": "yang****",
    "review": "최악이다..",
    "rating": "1",
    "date": "13.04.04"
  },
  {
    "review_id": "7414140",
    "movie_id": "102061",
    "author": "skyh****",
    "review": "무엇을 봐도 믿지못할것이다...",
    "rating": "10",
    "date": "13.03.27"
  }
]