[
  {
    "review_id": "10194839",
    "movie_id": "102085",
    "author": "swee****",
    "review": "페이크다큐영화안조아하고안보는사람인데 이영화는어쩌다그냥기대안하고봤더니 왠걸 장난아닌데요?긴장감이랑미스터리 게다가실화바탕으로만든거라 흥미롭게봤습니다",
    "rating": "8",
    "date": "15.08.06"
  },
  {
    "review_id": "10177691",
    "movie_id": "102085",
    "author": "skyh****",
    "review": "실화라,더 집중됨.잼있닥~~",
    "rating": "10",
    "date": "15.08.02"
  },
  {
    "review_id": "10177121",
    "movie_id": "102085",
    "author": "skdu****",
    "review": "상당히 몰입감있는 영화라서 만족했다 실제 디아틀로프 사건도 생각하게해주는 영화",
    "rating": "10",
    "date": "15.08.02"
  },
  {
    "review_id": "10161357",
    "movie_id": "102085",
    "author": "popo****",
    "review": "이게 뭔가하고 봤는데 엄청난 몰입을 할 수 있게했던 영화입니다. 기대보다 훨씬 재밌었고 무언가 생각할 수 있게되는 영홥니다.",
    "rating": "10",
    "date": "15.07.30"
  },
  {
    "review_id": "10161343",
    "movie_id": "102085",
    "author": "bono****",
    "review": "왜? 재밌던데. 올만에 재미진 페닼하나봤다",
    "rating": "8",
    "date": "15.07.30"
  },
  {
    "review_id": "10157957",
    "movie_id": "102085",
    "author": "wooj****",
    "review": "페이크다큐치곤 긴장감넘치는 전개였지만 결국 허무하다.",
    "rating": "7",
    "date": "15.07.29"
  },
  {
    "review_id": "10150194",
    "movie_id": "102085",
    "author": "skst****",
    "review": "홀리인가 여주 극혐.... 모험심 ㅆㄱㅎ",
    "rating": "8",
    "date": "15.07.27"
  },
  {
    "review_id": "10122294",
    "movie_id": "102085",
    "author": "gums****",
    "review": "감독의 상상력이 대단한것같다",
    "rating": "8",
    "date": "15.07.20"
  },
  {
    "review_id": "10106936",
    "movie_id": "102085",
    "author": "jihy****",
    "review": "전 재미있게 봤습니다. 뒤로 갈수록 어이없다는 사람도 있던데 전 결말 되게 흥미로웠어요. 음모론 좋아하시면 이 영화도 괜찮을 듯.",
    "rating": "10",
    "date": "15.07.15"
  },
  {
    "review_id": "10054818",
    "movie_id": "102085",
    "author": "meee****",
    "review": "여주인공 짜증난다고 쓰러왔음 --^",
    "rating": "4",
    "date": "15.06.30"
  },
  {
    "review_id": "10010022",
    "movie_id": "102085",
    "author": "badm****",
    "review": "별로 개연성도 없고... 영화 한 편을 봤는데 두 편 본거 같다. 그것도 재미없는 영화 두편",
    "rating": "2",
    "date": "15.06.18"
  },
  {
    "review_id": "10001746",
    "movie_id": "102085",
    "author": "eonn****",
    "review": "B급은 영화의 처음부터 끝가지 즐길거리는 있기에 B급 인거다. 중반부 까지의 흥미로움을 한거번에 깨부수는 후반부와 엉성한 CG과 불친절한 연출들에 어이가 없다.",
    "rating": "1",
    "date": "15.06.15"
  },
  {
    "review_id": "9930931",
    "movie_id": "102085",
    "author": "ruka****",
    "review": "평점에 속을뻔. 잘 만든 페이크 다큐 영화!",
    "rating": "10",
    "date": "15.05.19"
  },
  {
    "review_id": "9916161",
    "movie_id": "102085",
    "author": "binn****",
    "review": "갈수록 난해해지는 내용.. 결말은 좀 신선했다",
    "rating": "5",
    "date": "15.05.14"
  },
  {
    "review_id": "9905867",
    "movie_id": "102085",
    "author": "koko****",
    "review": "참... 대단하다길래 봤는데 갈 수록 가관이네요. 이 영화가 대단하다해서 기대한게 있어서 실망감도 큰거겠지만 이건 정말 너무하네요. 마지막 지하벙커(?)에 들어간후부터 정말 실망했습니다.",
    "rating": "1",
    "date": "15.05.09"
  },
  {
    "review_id": "9882012",
    "movie_id": "102085",
    "author": "yumi****",
    "review": "기승전좀비? 평이 좋아 봤는데 실망.. 페이크다큐 좋아하시는 분들만 추천. 전 미스테리/호러 장르는 좋아하는데 페이크다큐식 연출은 좀 별로.. 이 영화는 차라리 19금으로 더 충격적으로 가든가.. 미국 대딩들의 허세 가득한 대화가 질령나네요.",
    "rating": "2",
    "date": "15.04.30"
  },
  {
    "review_id": "9880687",
    "movie_id": "102085",
    "author": "loom****",
    "review": "소재도 나쁘지 않고 볼만한 페이크 다큐.",
    "rating": "9",
    "date": "15.04.30"
  },
  {
    "review_id": "9865328",
    "movie_id": "102085",
    "author": "ssjj****",
    "review": "넘 재밌게봤다...일분도 지루하지않았음",
    "rating": "10",
    "date": "15.04.25"
  },
  {
    "review_id": "9863793",
    "movie_id": "102085",
    "author": "hosu****",
    "review": "와 평점 왜이리 낮냐,.,, 8점주려다가 너무낮아서 10점준다.",
    "rating": "10",
    "date": "15.04.24"
  },
  {
    "review_id": "9857686",
    "movie_id": "102085",
    "author": "squa****",
    "review": "은근 긴장감 있고 재밌다. 게다가 좀 허접하긴하지만 반전도 있고",
    "rating": "9",
    "date": "15.04.23"
  },
  {
    "review_id": "9856717",
    "movie_id": "102085",
    "author": "jang****",
    "review": "흥미롭고, 재밌어요bb",
    "rating": "10",
    "date": "15.04.22"
  },
  {
    "review_id": "9854786",
    "movie_id": "102085",
    "author": "bung****",
    "review": "영화 내도록 여주인공이 질질 짜면서 어떻게 하냐고 물어보기만하는 짜증나는 영화",
    "rating": "1",
    "date": "15.04.20"
  },
  {
    "review_id": "9846323",
    "movie_id": "102085",
    "author": "cool****",
    "review": "결말이 가히 상상을 초월하네",
    "rating": "10",
    "date": "15.04.15"
  },
  {
    "review_id": "9825414",
    "movie_id": "102085",
    "author": "cred****",
    "review": "사서 고생의 진수..실화 바탕의 초반은 좋았으나 후반부부터 너무 호러로 변하는..",
    "rating": "7",
    "date": "15.04.04"
  },
  {
    "review_id": "9773070",
    "movie_id": "102085",
    "author": "tapu****",
    "review": "비밀스러운 악당이 등장함과 동시에 무너진 긴장감...",
    "rating": "5",
    "date": "15.03.12"
  },
  {
    "review_id": "9747004",
    "movie_id": "102085",
    "author": "xell****",
    "review": "결말 ㄷㄷㄷㄷ10자내용",
    "rating": "10",
    "date": "15.02.28"
  },
  {
    "review_id": "9724130",
    "movie_id": "102085",
    "author": "xmrr****",
    "review": "7점 이라 괜찮겠지 하고봤다  .. 근데 첨에 보고 별루겠네했는데 참고 조금식보다보니 어라 잼있네  이정도입니다",
    "rating": "10",
    "date": "15.02.21"
  },
  {
    "review_id": "9694028",
    "movie_id": "102085",
    "author": "popm****",
    "review": "이거 흥행한 나라 아무곳도 없는데  마치 한국만 이 영화 홀대한것 처럼 날뛰는 사람들 좀 보소 ㅉㅉㅉ",
    "rating": "5",
    "date": "15.02.14"
  },
  {
    "review_id": "9691424",
    "movie_id": "102085",
    "author": "kimh****",
    "review": "몰입도넘치는 화면과 괴기스러움평소 미스테리 스릴러를 좋아한다면꼭 한번볼것을 권한다어느새 화면 밖에 쫄아있는 자신을 보게 될 것이다",
    "rating": "10",
    "date": "15.02.13"
  },
  {
    "review_id": "9646853",
    "movie_id": "102085",
    "author": "cass****",
    "review": "괜찮은 영화인데 의외로 평점이 낮네요..",
    "rating": "10",
    "date": "15.01.28"
  },
  {
    "review_id": "9644138",
    "movie_id": "102085",
    "author": "qkrk****",
    "review": "평점왜이리낮지? 정말 몰입감 장난아니고 재밌음!실화라서 더 재밌음",
    "rating": "10",
    "date": "15.01.28"
  },
  {
    "review_id": "9625195",
    "movie_id": "102085",
    "author": "huir****",
    "review": "나쁘진 않지만 정말로 나쁘지만 않다. 충분하지 못하며 식상하다.",
    "rating": "6",
    "date": "15.01.23"
  },
  {
    "review_id": "9595615",
    "movie_id": "102085",
    "author": "ekaq****",
    "review": "이거 9점정도는되는데 왜 평점이이래 끌어올릴려고 10점줌",
    "rating": "10",
    "date": "15.01.15"
  },
  {
    "review_id": "9580310",
    "movie_id": "102085",
    "author": "a11a****",
    "review": "소름돋는 결말까지 잘 만든 영화인데 평점이 왜 이러지ㄷㄷ 재밌어요",
    "rating": "10",
    "date": "15.01.10"
  },
  {
    "review_id": "9576308",
    "movie_id": "102085",
    "author": "mncl****",
    "review": "레니 할린 이건 아니잖아.. 아무리 미스터리라지만 이딴식의 마무리는 너무 한심하다.",
    "rating": "2",
    "date": "15.01.09"
  },
  {
    "review_id": "9560493",
    "movie_id": "102085",
    "author": "heav****",
    "review": "넷플릭스에서 봤는데 그냥 그저 그런 반전에 그저 그런 스릴. 볼만함",
    "rating": "6",
    "date": "15.01.04"
  },
  {
    "review_id": "9555532",
    "movie_id": "102085",
    "author": "pill****",
    "review": "허....진심, 못해도 8.5는 넘을거라고 생각하고 들어왔는데 왜이래ㅋ 끝까지 봐도 절대 후회없을거임",
    "rating": "9",
    "date": "15.01.03"
  },
  {
    "review_id": "9527085",
    "movie_id": "102085",
    "author": "floo****",
    "review": "초중반 완성도에 비해 후반부는 난데없는 판타지잼.",
    "rating": "7",
    "date": "14.12.27"
  },
  {
    "review_id": "9517670",
    "movie_id": "102085",
    "author": "lovi****",
    "review": "재밌게 봤네요^^ 수작임!",
    "rating": "9",
    "date": "14.12.26"
  },
  {
    "review_id": "9457870",
    "movie_id": "102085",
    "author": "tnwj****",
    "review": "몰입감최고 왜 흥행 못 했는지 이해가 안가는영화네요..정말괜찮은데!",
    "rating": "10",
    "date": "14.12.08"
  },
  {
    "review_id": "9449051",
    "movie_id": "102085",
    "author": "byeo****",
    "review": "나쁘진 않은데 가면 갈수록 산으로 갔다는 느낌이 큼",
    "rating": "8",
    "date": "14.12.05"
  },
  {
    "review_id": "9446741",
    "movie_id": "102085",
    "author": "heod****",
    "review": "블레어위치+디센트+미스트를 적절히 섞어놓은 듯... 훼이크다큐로는 느껴지지 않았지만 엄청난 몰입감을 보여준 미스터리 스릴러 영화였다. 무료로 보고, 소장하려고 다운까지 받았다. 최고의 스릴러영화!!",
    "rating": "10",
    "date": "14.12.04"
  },
  {
    "review_id": "9444282",
    "movie_id": "102085",
    "author": "wlgp****",
    "review": "이런 킬링타임  B 급영화 너무잼잇어 ㅋㅋ",
    "rating": "10",
    "date": "14.12.03"
  },
  {
    "review_id": "9442208",
    "movie_id": "102085",
    "author": "1bon****",
    "review": "조금 낯선 전개지만 흥미로움",
    "rating": "6",
    "date": "14.12.03"
  },
  {
    "review_id": "9437422",
    "movie_id": "102085",
    "author": "zxc1****",
    "review": "후반부에 괜찮은 반전이 있지만, 그 반전 자체는 받아들이기 힘들 정도로 황당하다. 또한 결말까지 가는 과정은 긴장감 있기 보다는 그저 지루한 핸드 헬드 영화라 아쉽다.",
    "rating": "4",
    "date": "14.12.01"
  },
  {
    "review_id": "9429649",
    "movie_id": "102085",
    "author": "yong****",
    "review": "이런 1인칭 기법과 전개방법이 다큐멘터리 형식이라 몰입도 긴장감과 스릴을 몸소 느낄 수 있는 영화다. 기대 안했는데 기대 이상이었다. REC1,쿼런틴,더터널 과 더불어 이 영화는 영화와 내가 물아일체가 된다.",
    "rating": "10",
    "date": "14.11.28"
  },
  {
    "review_id": "9422893",
    "movie_id": "102085",
    "author": "bcwh****",
    "review": "페이크 다큐가 점점 식상해져가는 시점에 나름대로의 수작",
    "rating": "8",
    "date": "14.11.26"
  },
  {
    "review_id": "9366732",
    "movie_id": "102085",
    "author": "esbi****",
    "review": "잘 봤는데 몇가지 아쉬움이 남네요.. 큰발자국의 정체와.. 59년 탐사대의 사망이유?..  벙커 밖 발견모습과는 달리 뼈만 앙상해진 벙커 안의 모습...",
    "rating": "8",
    "date": "14.11.10"
  },
  {
    "review_id": "9356473",
    "movie_id": "102085",
    "author": "zxc1****",
    "review": "하.. 이거 명작인데;; 짜임새 장난아님;; 진짜 여러번 보면 복선이 보일걸",
    "rating": "10",
    "date": "14.11.08"
  },
  {
    "review_id": "9355068",
    "movie_id": "102085",
    "author": "yncj****",
    "review": "재미있게 잘봤어요. 평점이 생각보다 낮은건 좀 이해가 안되네요. 긴장감 몰입도 좋아요*.*",
    "rating": "10",
    "date": "14.11.08"
  },
  {
    "review_id": "9355008",
    "movie_id": "102085",
    "author": "1717****",
    "review": "블레어윗치를 시작으로 이 영화를 포함, 파라노말같은 시리즈가 줄줄이 나오지만 블레어윗치만한 영화는 그 후로 볼 수가 없네",
    "rating": "6",
    "date": "14.11.08"
  },
  {
    "review_id": "9327360",
    "movie_id": "102085",
    "author": "yhm0****",
    "review": "내가 본 영화중 가장 긴장감이 있었고 내 심장을 쫄깃하게 해준 영화는 이영화가 처음이다. 미스터리 좋아하는 사람들에게 추천해주고싶다. 아쉬운 점은 인간돌연변이 그래픽이 좀 티가 나고 판타지영화 처럼 끝난게 아쉬운듯(내생각) 그래도 마지막 반전ㄷㄷㄷㄷ",
    "rating": "10",
    "date": "14.10.29"
  },
  {
    "review_id": "9324513",
    "movie_id": "102085",
    "author": "nala****",
    "review": "이렇게 자세히 설명해주는 미스테리 영화는 본적이 없다 그럼에도 불구하고 부족한 연기력과 연출로 재미도 없다",
    "rating": "2",
    "date": "14.10.28"
  },
  {
    "review_id": "9312992",
    "movie_id": "102085",
    "author": "ssop****",
    "review": "평점이낮아서 9점 원래는 팔점....ㅋㅋ별차인없지만우와하게만든다",
    "rating": "9",
    "date": "14.10.24"
  },
  {
    "review_id": "9298258",
    "movie_id": "102085",
    "author": "gaep****",
    "review": "반전 쩔어~~~~나름 잼있게 봤당",
    "rating": "7",
    "date": "14.10.17"
  },
  {
    "review_id": "9296937",
    "movie_id": "102085",
    "author": "kark****",
    "review": "평점이 너무낮음 스릴있고 재밌음",
    "rating": "10",
    "date": "14.10.17"
  },
  {
    "review_id": "9289271",
    "movie_id": "102085",
    "author": "sofa****",
    "review": "의외의 수작. 9점은 됨",
    "rating": "9",
    "date": "14.10.13"
  },
  {
    "review_id": "9267579",
    "movie_id": "102085",
    "author": "wiza****",
    "review": "진짜 재밌게 봣는데 처음에 조금 지루해서 그러지 디아틀로프 패스 도착하고나서 부터 긴장감 장난아님",
    "rating": "10",
    "date": "14.10.05"
  },
  {
    "review_id": "9241541",
    "movie_id": "102085",
    "author": "mkma****",
    "review": "이영화를 보지않고 미스테리 영화를 논하지 말라..",
    "rating": "9",
    "date": "14.09.26"
  },
  {
    "review_id": "9237476",
    "movie_id": "102085",
    "author": "k780****",
    "review": "평점 솔찍히 9점은 된다. 정말 잼있었고 결말도 만족스럽다! 안봤으면 후회할뻔.",
    "rating": "10",
    "date": "14.09.24"
  },
  {
    "review_id": "9235607",
    "movie_id": "102085",
    "author": "wjdt****",
    "review": "은밀위대보다 1000배나음",
    "rating": "10",
    "date": "14.09.23"
  },
  {
    "review_id": "9183026",
    "movie_id": "102085",
    "author": "5212****",
    "review": "이제는 나름 흔해진듯한 캠코더촬영기법 이지만 그 몰입감은 여전히  최고이며 실제 우랄산맥 미스테리사건을 바탕으로 상상해낸 참신한 스토리는 충분히 강력했다",
    "rating": "9",
    "date": "14.09.08"
  },
  {
    "review_id": "9177623",
    "movie_id": "102085",
    "author": "mult****",
    "review": "1인칭 시점으로 편집된 영화가 어지러우신분들 제외하고 강하게 추천 드리겠습니다.",
    "rating": "10",
    "date": "14.09.07"
  },
  {
    "review_id": "9163490",
    "movie_id": "102085",
    "author": "neos****",
    "review": "와 진짜 몰입감 죽인다....특히 마지막에는 ㅎㅎ 살짝 결말이 헷갈리긴 했는데 진짜 잼있게 봤음",
    "rating": "10",
    "date": "14.09.04"
  },
  {
    "review_id": "9148612",
    "movie_id": "102085",
    "author": "riki****",
    "review": "평점이 너무 높은듯...5점대가 적당~이건 뭐 현실성있는 미스테리인듯하게 시종일관 풀어가다가 갑자기 현실성없는 sf물이 되었다~좀비가 날라다니질 않나...차라리 첨부터 sf물로 나갔다면 재밌게 봤을수도 있겠지만 용두사미 격이라고나할까....",
    "rating": "1",
    "date": "14.08.31"
  },
  {
    "review_id": "9146430",
    "movie_id": "102085",
    "author": "doyo****",
    "review": "와  아직 어깨아파 ㄷㄷㄷㄷ초긴장하고 봤음강추합니다",
    "rating": "10",
    "date": "14.08.30"
  },
  {
    "review_id": "9139453",
    "movie_id": "102085",
    "author": "rock****",
    "review": "페이크 다큐의 가능성!",
    "rating": "7",
    "date": "14.08.28"
  },
  {
    "review_id": "9139391",
    "movie_id": "102085",
    "author": "urin****",
    "review": "던져놓은 떡밥이 매끄럽지 못하지만, 이 정도면 긴장감 갖고 볼 만 했음.",
    "rating": "8",
    "date": "14.08.28"
  },
  {
    "review_id": "9135078",
    "movie_id": "102085",
    "author": "luka****",
    "review": "몰입감도 좋고 흐름도 좋고 전반적으로 괜춘한 영화",
    "rating": "9",
    "date": "14.08.26"
  },
  {
    "review_id": "9071332",
    "movie_id": "102085",
    "author": "zhde****",
    "review": "터널안에 들어가서 부터 볼만함 차라리 초반에 죽는게 더 나은건지도",
    "rating": "5",
    "date": "14.08.12"
  },
  {
    "review_id": "9038258",
    "movie_id": "102085",
    "author": "lina****",
    "review": "이거 평점 왜이리 낮음?세번 봣는데~ 이거 정말 재밋음!",
    "rating": "10",
    "date": "14.08.06"
  },
  {
    "review_id": "9034694",
    "movie_id": "102085",
    "author": "rlat****",
    "review": "잘차려놓은 음모론에 cg뿌리기",
    "rating": "6",
    "date": "14.08.06"
  },
  {
    "review_id": "9008658",
    "movie_id": "102085",
    "author": "gmlr****",
    "review": "진짜 괜찮은 영화에다 평점만보고 봤다가는 평점이 의아해지는 영화...누가 이래 평점낮게준거지;;",
    "rating": "10",
    "date": "14.08.02"
  },
  {
    "review_id": "8922524",
    "movie_id": "102085",
    "author": "ssec****",
    "review": "미스터리,호러 적절히 잘 섞인것같다. 볼만한 작품인데 평점 너무 낮은듯.. 다만, 여주인공은 짜증나더라ㅋㅋ 사실상 여주때문에 다 죽은거...",
    "rating": "8",
    "date": "14.07.17"
  },
  {
    "review_id": "8920608",
    "movie_id": "102085",
    "author": "cool****",
    "review": "재미있는데??                                   왜 평점이 낮은지 잘 모르겠다.",
    "rating": "10",
    "date": "14.07.16"
  },
  {
    "review_id": "8918877",
    "movie_id": "102085",
    "author": "ksta****",
    "review": "7점대 후반에서 8점대 초반이 적당할듯한데 너무 낮아서 10 줍니다",
    "rating": "10",
    "date": "14.07.15"
  },
  {
    "review_id": "8914565",
    "movie_id": "102085",
    "author": "idas****",
    "review": "평점은 믿지마셈 재밌음",
    "rating": "10",
    "date": "14.07.14"
  },
  {
    "review_id": "8874484",
    "movie_id": "102085",
    "author": "seun****",
    "review": "후반부에 새로운 이야기가 추가되는 재미,# 단 거기에 대해 이해시키려고 너무 설명조로 주입시키는 건 흠.",
    "rating": "8",
    "date": "14.07.01"
  },
  {
    "review_id": "8869934",
    "movie_id": "102085",
    "author": "dgg1****",
    "review": "점수가 낮으길레...",
    "rating": "10",
    "date": "14.06.30"
  },
  {
    "review_id": "8826001",
    "movie_id": "102085",
    "author": "tank****",
    "review": "실화라기 보다는 완전 픽션이네.ㅋ 솔직히 지루함~",
    "rating": "5",
    "date": "14.06.13"
  },
  {
    "review_id": "8818720",
    "movie_id": "102085",
    "author": "sina****",
    "review": "볼만함 .... 영화는 볼만합니다그런데 진실이 너무 궁금하네요",
    "rating": "10",
    "date": "14.06.10"
  },
  {
    "review_id": "8766299",
    "movie_id": "102085",
    "author": "free****",
    "review": "점수가 너무 낮아서 좀 올려줌",
    "rating": "10",
    "date": "14.05.26"
  },
  {
    "review_id": "8763970",
    "movie_id": "102085",
    "author": "motu****",
    "review": "나 역시 평점을 참고하며 보는 사람이지만, 겉으로 보이는 평점이 모든 것을 말해주지는 않는 것 같다.",
    "rating": "9",
    "date": "14.05.25"
  },
  {
    "review_id": "8758624",
    "movie_id": "102085",
    "author": "bele****",
    "review": "센스 있게 복선으로 깔아 놓은 시체 2구의 행방.",
    "rating": "7",
    "date": "14.05.23"
  },
  {
    "review_id": "8714118",
    "movie_id": "102085",
    "author": "dydc****",
    "review": "같지도 않은 허세 부리면서 평점깎아내리는 평론가들.... 정말 짜증난다.cg가 약간 아쉬웟지만 카메라워크중 감독이 의도한것같다는 생각도 들었다. 미스터리 좋아하시는 분들은 꼭 보세요 기레기평론가들 별점보지말고",
    "rating": "10",
    "date": "14.05.07"
  },
  {
    "review_id": "8654934",
    "movie_id": "102085",
    "author": "milk****",
    "review": "이거 볼만하네,,, 결국은 외계인의 기술 때문인가? 근데 눈 밖에  설인 발자국은 뭐지? 벙커에서 못 나온다며?",
    "rating": "7",
    "date": "14.04.17"
  },
  {
    "review_id": "8628650",
    "movie_id": "102085",
    "author": "rand****",
    "review": "재밌게 봤다. 좀 억지스러운 설정이 있긴 했지만. 이 정도면 준수한 정도. 암튼 디아틀로프 미스터리하네.",
    "rating": "8",
    "date": "14.04.05"
  },
  {
    "review_id": "8614455",
    "movie_id": "102085",
    "author": "ssy3****",
    "review": "갑자기장르가바뀌는거같아요ㅋㅋ 저는정말재미있게봤는데 막판에병맛으로가나싶더니 의외로스토리탄탄해요 몰입도는짱짱 재밌어요",
    "rating": "9",
    "date": "14.03.29"
  },
  {
    "review_id": "8586029",
    "movie_id": "102085",
    "author": "mira****",
    "review": "전체적으로 몰입감은 떨어집니다. 공포감도 조금 있고 내용의 이해도 상당히 쉬운점이 좋았고 마지막 전체적인 마무리도 맘에 드네요. 어설프게 미스테리로 안끝나고 결론적으로 이렇게 됬다라고 정리해줘서 맘에 듭니다.",
    "rating": "6",
    "date": "14.03.18"
  },
  {
    "review_id": "8569525",
    "movie_id": "102085",
    "author": "gktm****",
    "review": "다른 건 다 괜찮았다. 복선이 연결 안는 것이 꽤 있는거 빼곤.단 한가지, 여 주인공 민폐+ㅂ,ㅅ뇬",
    "rating": "5",
    "date": "14.03.12"
  },
  {
    "review_id": "8569516",
    "movie_id": "102085",
    "author": "cros****",
    "review": "재밌었음 미스테리 좋아하시는분들은 과감히 보세요",
    "rating": "10",
    "date": "14.03.12"
  },
  {
    "review_id": "8547606",
    "movie_id": "102085",
    "author": "hant****",
    "review": "재 미 있 다    The Dyatlov Pass Incident",
    "rating": "10",
    "date": "14.03.01"
  },
  {
    "review_id": "8520534",
    "movie_id": "102085",
    "author": "zeon****",
    "review": "뒷통수 제대로 맞고 싶다면 다소 루즈한 초반부도 집중해서 보세요. 어차피 중반부 눈사태가 일어나는 장면부터 지루할 틈도 없이 시종일관 몰아칠 겁니다. 그리고 막판 뒷통수까지.. 영화에게 구타를 당하는 느낌이었습니다.",
    "rating": "10",
    "date": "14.02.19"
  },
  {
    "review_id": "8494310",
    "movie_id": "102085",
    "author": "dori****",
    "review": "평점 왜 이렇게 낮아요??? 영화 대박인데...진짜....ㅋㅋㅋ 와.. 어떻게 이런상상을 해서 이런 영화를... 대박대박.. ㅠ 생각지못한 반전.. 처음엔 반신반의하면서 봤는데.. 최고내요...ㄷㄷㄷ 근데 금발 여주는 중반에 좀 짜증나긴했음ㅋ",
    "rating": "10",
    "date": "14.02.10"
  },
  {
    "review_id": "8492566",
    "movie_id": "102085",
    "author": "2601****",
    "review": "영화가 잘나다가 갑자기 이상한 소재로 빠지면서 좀비영화가 되어버리냐..;;영화 참 이상하게 만드네.",
    "rating": "6",
    "date": "14.02.09"
  },
  {
    "review_id": "8490878",
    "movie_id": "102085",
    "author": "scri****",
    "review": "평점 좀 낮추자...ㅋㅋㅋ 시도는 좋았지만 다큐처럼 하다가 마지막에 SF영화처럼 마감하는 건 뭐냐? 차라리 full sf 였으면 좋았잖아..ㅋㅋ",
    "rating": "1",
    "date": "14.02.09"
  },
  {
    "review_id": "8477911",
    "movie_id": "102085",
    "author": "bata****",
    "review": "평점보구 그냥 그런갑다 하구 봤더만 이야~잼났음",
    "rating": "10",
    "date": "14.02.05"
  },
  {
    "review_id": "8458966",
    "movie_id": "102085",
    "author": "les_****",
    "review": "몰입도 좋네요. 반전도 좋고 평점 8점대가 적당할 듯",
    "rating": "9",
    "date": "14.02.01"
  },
  {
    "review_id": "8450386",
    "movie_id": "102085",
    "author": "kjj1****",
    "review": "마지막 10분정도 동안 정말 몰입하나는 끝내주는군요  6점대 영화는 아니라고봅니다",
    "rating": "10",
    "date": "14.01.30"
  },
  {
    "review_id": "8432204",
    "movie_id": "102085",
    "author": "seok****",
    "review": "그냥저냥 , 이런 영화가 10점짜리는 아닌지 모르겠지만 그냥저냥 이런비슷한 영화류와 비슷,",
    "rating": "7",
    "date": "14.01.26"
  }
]