[
  {
    "review_id": "8446702",
    "movie_id": "102128",
    "author": "wjdx****",
    "review": "진구라는배우를지상파드라마에서볼수있어서좋았다",
    "rating": "10",
    "date": "14.01.29"
  },
  {
    "review_id": "7841942",
    "movie_id": "102128",
    "author": "yte7****",
    "review": "재밋엇어요 역시진구 연기는 Good",
    "rating": "10",
    "date": "13.08.05"
  },
  {
    "review_id": "7438227",
    "movie_id": "102128",
    "author": "khor****",
    "review": "굳",
    "rating": "10",
    "date": "13.04.06"
  },
  {
    "review_id": "7432089",
    "movie_id": "102128",
    "author": "mygr****",
    "review": "차라리 사랑얘긴 빼고 광고얘기로만 갔었으면 하는 아쉬움..",
    "rating": "6",
    "date": "13.04.03"
  },
  {
    "review_id": "7415496",
    "movie_id": "102128",
    "author": "wlsd****",
    "review": "광고천재이태백!제가 본 드라마중 젤 좋은작품이였습니다.제가 이드라마를보고난후용기가생기고 자신감도생겼습니다! 광고천재이태백!♥♥그리고 배우분들!또 스탭분들 좋은 작품만드느라수고많으셨습니다!",
    "rating": "10",
    "date": "13.03.27"
  },
  {
    "review_id": "7414941",
    "movie_id": "102128",
    "author": "air_****",
    "review": "저에겐 너무 따뜻하고 행복해지는 드라마였어요... 모든 연기자분들 수고하셨어요또 다른 작품에서 만나요^^",
    "rating": "10",
    "date": "13.03.27"
  },
  {
    "review_id": "7413854",
    "movie_id": "102128",
    "author": "yisi****",
    "review": "광고천재이태백! 재밋게 잘봤습니다. 처음엔 박하선누나 나온다고 봤는데 보다보니 겁나 재밋네요! 금방끝나서 아쉽지만.. 하선누나 힘내세요 빠샤!",
    "rating": "10",
    "date": "13.03.27"
  },
  {
    "review_id": "7412016",
    "movie_id": "102128",
    "author": "fofo****",
    "review": "이리도 빨리 끝나다니.정말 아쉽군요.. 첫회부터 끝까지봤는뎅 흐흑. 아쉽당정말..잼있는뎅...",
    "rating": "10",
    "date": "13.03.26"
  },
  {
    "review_id": "7411706",
    "movie_id": "102128",
    "author": "shfa****",
    "review": "1개도 아깝다.볼때마다 얼마나 더 재미없어질까 싶음",
    "rating": "1",
    "date": "13.03.25"
  },
  {
    "review_id": "7405707",
    "movie_id": "102128",
    "author": "did2****",
    "review": "희윤씨 넘넘 예쁘네요  앞으로 좋은 연기자 포스가 보여요^'^ 광고천재 이태백화이팅``````",
    "rating": "9",
    "date": "13.03.24"
  },
  {
    "review_id": "7404883",
    "movie_id": "102128",
    "author": "obcl****",
    "review": "주연  배우 개그맨인줄 알고 검색햇는데 아니더군요그래두 연기 대박 잘하시구 ~ 광고천잭이태백 재밋게보고잇네요",
    "rating": "6",
    "date": "13.03.24"
  },
  {
    "review_id": "7383774",
    "movie_id": "102128",
    "author": "dhzm****",
    "review": "따뜻한 드라마..연기코드를 잘못 잡았건 스토리가 다소 탄탄하지 못하던.. 이태백의 따뜻한 마음만큼은 잘 느껴져요.. 이렇게 마음 따뜻해지는 드라마가 더 나왔으면 좋겠네요..막장드라마따위보다 비록 시청률은 저조했지만 세상이 잊고 있는 감동을 선사해주네요",
    "rating": "9",
    "date": "13.03.21"
  },
  {
    "review_id": "7380295",
    "movie_id": "102128",
    "author": "micj****",
    "review": "나 혼자 보는 작품",
    "rating": "10",
    "date": "13.03.20"
  },
  {
    "review_id": "7374275",
    "movie_id": "102128",
    "author": "hoo_****",
    "review": "휴  보던거라서 끝까지 보려고 하는데...  진구씨   연기가  점점  보기가  불편하네요     아마   캐릭터 잘못잡으신듯...  짜증",
    "rating": "5",
    "date": "13.03.20"
  },
  {
    "review_id": "7371946",
    "movie_id": "102128",
    "author": "jin1****",
    "review": "나와 같은 사람많네.. 나도 처음에 너무 재밌어서  왜 안보나했고 계속 챙겨봤는데 오늘 너무 막장임. 시청률 안나온다고 그냥 빨리 마무리하는듯하는 느낌이 들었음. 그리고 그분이 온다고 하는데  이거 너 무 만화 멘트같아요 ,, 아무튼 마무리 잘하길",
    "rating": "5",
    "date": "13.03.19"
  },
  {
    "review_id": "7371555",
    "movie_id": "102128",
    "author": "jcm_****",
    "review": "광고천재 이태백이라메 박하선이랑 진구랑 언제 해피앤딩대며 언제 태백이가 광고 대물이대는지 궁금한데 슬슬 지루해저간다...태백이가 빨리대박나기를",
    "rating": "10",
    "date": "13.03.19"
  },
  {
    "review_id": "7371376",
    "movie_id": "102128",
    "author": "hong****",
    "review": "착한드라마 뻔하지만 재밌다.",
    "rating": "8",
    "date": "13.03.19"
  },
  {
    "review_id": "7370983",
    "movie_id": "102128",
    "author": "antt****",
    "review": "본방사수는 하고있지만 2%부족한 디테일...아쉽다...옥의티는 BK공장 투표때 투표장 앞의 옥외간판...시청장도 BK편이던데... 투표날 이런 옥외광고를 허가해줬다는게 말이안된다;;;",
    "rating": "8",
    "date": "13.03.19"
  },
  {
    "review_id": "7370125",
    "movie_id": "102128",
    "author": "jej0****",
    "review": "아 처음에는 진짜 재밌었는데.. 갈수록 스토리 왜이래요?? 재미없어요.. 오늘 최고다 진짜재미없구 지루하구.. 이태백이 보란듯이 성공하는거 보고싶어서 꼬박꼬박 봤는데 이건뭐 진부하구 뻔한사랑얘기네.. 친구들한테 재밌으니 챙겨보라했는데 그말 취소해야겠음",
    "rating": "5",
    "date": "13.03.19"
  },
  {
    "review_id": "7362137",
    "movie_id": "102128",
    "author": "chlt****",
    "review": "처음에 참재미있게봤는데..이좋은 소재의 드라마가 점점 재미없어지는건 왜일까?개인적으로 이태백이라는 인물이 광고천재로 성장하며 기발한 아이디어와 스펙이 없어도 꿈을 가지고 노력하며 자기 꿈을 이루는 성공스토리를 보고싶었다.뻔한 사각관계...",
    "rating": "5",
    "date": "13.03.18"
  },
  {
    "review_id": "7344816",
    "movie_id": "102128",
    "author": "kuk9****",
    "review": "너무 너무 재밌고 배울점도 잇는 드라마여서 너무 좋아욤^^",
    "rating": "10",
    "date": "13.03.13"
  },
  {
    "review_id": "7344042",
    "movie_id": "102128",
    "author": "schl****",
    "review": "첫회부터 즐겨 봤지만.... 후반부 갈수록 억지스럽고 뻔~한 스토리...밑바닥에서 부터 올라가는 광고에 대한 이야기좀 나왔으면 했는데;;;결국 러브러브... 울나라 드라마의 한계인가ㅠㅠ",
    "rating": "7",
    "date": "13.03.13"
  },
  {
    "review_id": "7343424",
    "movie_id": "102128",
    "author": "ssbb****",
    "review": "시청률이 안나와서 아쉬운 드라마 뭔가 와닿는다",
    "rating": "9",
    "date": "13.03.12"
  },
  {
    "review_id": "7343394",
    "movie_id": "102128",
    "author": "dong****",
    "review": "재밋는데 시청율이 안나와화이팅 하시길 박하선 화이팅",
    "rating": "10",
    "date": "13.03.12"
  },
  {
    "review_id": "7343332",
    "movie_id": "102128",
    "author": "ds32****",
    "review": "와 이드라마 개쩜...완전 재밋다...",
    "rating": "10",
    "date": "13.03.12"
  },
  {
    "review_id": "7342256",
    "movie_id": "102128",
    "author": "nt12****",
    "review": "막장소재.러브라인이 주를 이루는 드라마들 사이  찾아볼 수 없는 감동과  열정이 있는 착한드라마.다소 뻔하다고  사람들을 자극시킬 소재가 없다고  생각할 수 있지만 솔직하고 꾸밈없기에 더욱 와닿는다.",
    "rating": "10",
    "date": "13.03.12"
  },
  {
    "review_id": "7341712",
    "movie_id": "102128",
    "author": "happ****",
    "review": "이거 재밌는데 타방송사것에 비해 자극적이지 못해서 뜨지 못한듯 ㅠㅠ 하지만 재방은 언제나 챙겨보고있어요 강추!",
    "rating": "10",
    "date": "13.03.11"
  },
  {
    "review_id": "7341688",
    "movie_id": "102128",
    "author": "euny****",
    "review": "시창률이이해안되네요너무볼만하고 연기못하는톱스타들보다 이번주인공들너무맘에들어요 홧팅",
    "rating": "9",
    "date": "13.03.11"
  },
  {
    "review_id": "7338145",
    "movie_id": "102128",
    "author": "kccg****",
    "review": "광고천재 이태백 드라마가 좋은게아니에요젼 이태백이란사람이 어떤 어려움에 처해도 긍정적인 모습 활짝웃는 모습 이 너무좋습니다. 그리고 거짓없는 모습 사람이 사람상대로 진실하고배푸는모습을  생각하는 이드라마 제 인생에 롤모델로 삼을꺼에요~",
    "rating": "10",
    "date": "13.03.10"
  },
  {
    "review_id": "7335116",
    "movie_id": "102128",
    "author": "wkli****",
    "review": "볼만한드라마 . 막장드라마보다훨씬좋다~",
    "rating": "10",
    "date": "13.03.09"
  },
  {
    "review_id": "7326986",
    "movie_id": "102128",
    "author": "mint****",
    "review": "마징가 밝은데로나와라 완전통쾌!",
    "rating": "10",
    "date": "13.03.06"
  },
  {
    "review_id": "7326753",
    "movie_id": "102128",
    "author": "hyej****",
    "review": "볼만함....근데 이태백역은 ..쫌 안어울리는듯글구...4각관계에서... 이태백 외모가 딸리는것같아 아쉬움.. 여자들이 아까워요ㅠㅠ",
    "rating": "6",
    "date": "13.03.05"
  },
  {
    "review_id": "7326747",
    "movie_id": "102128",
    "author": "tkda****",
    "review": "짱입니다! 시청률 신경 ㄴㄴ!! 안보시는분들 꼭 봐보세요 스토리가 질리지 않습니다. 질질 끌지 않아서 좋습니다 ~유쾌통쾌상쾌 !",
    "rating": "10",
    "date": "13.03.05"
  },
  {
    "review_id": "7326728",
    "movie_id": "102128",
    "author": "big1****",
    "review": "완전대박재밌음 야왕만아니면대박치는데 ㅡㅡ",
    "rating": "10",
    "date": "13.03.05"
  },
  {
    "review_id": "7326691",
    "movie_id": "102128",
    "author": "dudq****",
    "review": "월화는 요걸로!!",
    "rating": "9",
    "date": "13.03.05"
  },
  {
    "review_id": "7325990",
    "movie_id": "102128",
    "author": "sata****",
    "review": "음...별로",
    "rating": "1",
    "date": "13.03.05"
  },
  {
    "review_id": "7325010",
    "movie_id": "102128",
    "author": "kof3****",
    "review": "월화는 이거보는 재미로 산다.",
    "rating": "10",
    "date": "13.03.04"
  },
  {
    "review_id": "7320996",
    "movie_id": "102128",
    "author": "lak2****",
    "review": "별점이이것도아깝네요완존재미없어ㅋ",
    "rating": "1",
    "date": "13.03.03"
  },
  {
    "review_id": "7319826",
    "movie_id": "102128",
    "author": "ctra****",
    "review": "현재 광고쪽 공부하고 있는사람으로써 정말 재밌게 보고 있습니다.",
    "rating": "10",
    "date": "13.03.03"
  },
  {
    "review_id": "7319224",
    "movie_id": "102128",
    "author": "zofh****",
    "review": "유명하지않은 캐릭터들 첫화부터봐도 재미없고지루한스토리",
    "rating": "1",
    "date": "13.03.02"
  },
  {
    "review_id": "7309033",
    "movie_id": "102128",
    "author": "nanj****",
    "review": "조현재 연기자 몰입 하는 모습 감동이네요",
    "rating": "10",
    "date": "13.02.28"
  },
  {
    "review_id": "7307919",
    "movie_id": "102128",
    "author": "xorm****",
    "review": "갈수록 진부한 스토리...박하선 진구는 다시 아름다운 조연행일듯...",
    "rating": "1",
    "date": "13.02.27"
  },
  {
    "review_id": "7305694",
    "movie_id": "102128",
    "author": "erer****",
    "review": "제밋게잘보고있습니다   홧팅!",
    "rating": "10",
    "date": "13.02.27"
  },
  {
    "review_id": "7305385",
    "movie_id": "102128",
    "author": "sks3****",
    "review": "진구 박하선 둘이잘어울리던데 본부장이랑도잘어울리고해가몐 사장ㅅㅂ 태백때렸어 OOO",
    "rating": "10",
    "date": "13.02.26"
  },
  {
    "review_id": "7305361",
    "movie_id": "102128",
    "author": "rtrt****",
    "review": "완전 재밋음!! 진구 연기잘하고 박하선 너무이쁑♥♥",
    "rating": "10",
    "date": "13.02.26"
  },
  {
    "review_id": "7305360",
    "movie_id": "102128",
    "author": "anyg****",
    "review": "진짜 재밋는데 왜 시청률이 안 나올까??앞으로도 재밋게 만들어주세요~~",
    "rating": "10",
    "date": "13.02.26"
  },
  {
    "review_id": "7305354",
    "movie_id": "102128",
    "author": "rhrl****",
    "review": "요세 이태백 재밌게 보고 있습니다. 드라마를 보고 이상하게 힘이나네요 화이팅하세요!",
    "rating": "10",
    "date": "13.02.26"
  },
  {
    "review_id": "7305347",
    "movie_id": "102128",
    "author": "zeus****",
    "review": "재미있는데 인물설정 너무 식상함 여주인공 착한거 알겠는데 너무나 갈팡질팡 좀 짱남  착하면 다 저런건 아닌데 아쉬움 좀 현실감 있는설정좀",
    "rating": "6",
    "date": "13.02.26"
  },
  {
    "review_id": "7305342",
    "movie_id": "102128",
    "author": "rkdm****",
    "review": "진짜 재밌는데 ㅠㅠ 시청률이 왜 !!! ?",
    "rating": "10",
    "date": "13.02.26"
  },
  {
    "review_id": "7305333",
    "movie_id": "102128",
    "author": "fjqm****",
    "review": "실상에서 일어날수없는 러브스토리나 막장보다는 현실감잇는 이드라마가낫고 발연기하는 배우보다 진실성잇고 연기잘하는 진구가 낫지",
    "rating": "10",
    "date": "13.02.26"
  },
  {
    "review_id": "7305331",
    "movie_id": "102128",
    "author": "feel****",
    "review": "본방사수하는드라마 재밌는데시:청율안나와서속상하다",
    "rating": "10",
    "date": "13.02.26"
  },
  {
    "review_id": "7305329",
    "movie_id": "102128",
    "author": "star****",
    "review": "오늘 진짜 재밌었음ㅎㅎ",
    "rating": "10",
    "date": "13.02.26"
  },
  {
    "review_id": "7305326",
    "movie_id": "102128",
    "author": "hb96****",
    "review": "발연기하는 애들보다 진구가 훨배 낫다 연기도 잘하고",
    "rating": "10",
    "date": "13.02.26"
  },
  {
    "review_id": "7305300",
    "movie_id": "102128",
    "author": "684c****",
    "review": "망함 남주 네임벨류가 문제인거같다 노진구라니...",
    "rating": "1",
    "date": "13.02.26"
  },
  {
    "review_id": "7305200",
    "movie_id": "102128",
    "author": "jsj7****",
    "review": "일베충들썩꺼져라ㅋㅋ벌레만도못한것들ㅉㅉ소재신선합니다스토리나쁘지않아요근데.........솔직히인물관계나캐릭터가좀식상하지않나싶네요...전여친이라니ㅋㅋㅋㅋ유학가서배신때린..ㄷㄷ게다가박하선은부잣집딸일듯....으잉..뭐야이게캐릭터랑인물관계때문에ㅠㅠㅠ",
    "rating": "7",
    "date": "13.02.26"
  },
  {
    "review_id": "7305154",
    "movie_id": "102128",
    "author": "qpoi****",
    "review": "제가 좀 짜지요?",
    "rating": "1",
    "date": "13.02.26"
  },
  {
    "review_id": "7303881",
    "movie_id": "102128",
    "author": "jang****",
    "review": "본방은 마의보느라 못보지만 재방송 꼭 챙겨볼정도로 이야기도 있고 감동도 있고 재미있게 보고있습니다.",
    "rating": "9",
    "date": "13.02.26"
  },
  {
    "review_id": "7302890",
    "movie_id": "102128",
    "author": "tjdr****",
    "review": "ㅋ정말 재밌어요",
    "rating": "10",
    "date": "13.02.26"
  },
  {
    "review_id": "7302540",
    "movie_id": "102128",
    "author": "rhwo****",
    "review": "내용이 막장이 아니고, 평소에 쉽게 접하지못한 '광고'라는 소재를 사용했다는 점에서는 정말 좋습니다. 신선한것같네요.배우들 연기도 좋습니다.그리고...박하선누나가 너무 이쁩니다..ㅋ다만 러브라인의 진행같은게 어느정도 눈에 다 보여요...",
    "rating": "9",
    "date": "13.02.25"
  },
  {
    "review_id": "7291089",
    "movie_id": "102128",
    "author": "kws7****",
    "review": "박하선♥",
    "rating": "10",
    "date": "13.02.22"
  },
  {
    "review_id": "7291002",
    "movie_id": "102128",
    "author": "dmsw****",
    "review": "진짜 재밋어요!!",
    "rating": "10",
    "date": "13.02.22"
  },
  {
    "review_id": "7290677",
    "movie_id": "102128",
    "author": "lyh6****",
    "review": "재미있어요.",
    "rating": "10",
    "date": "13.02.22"
  },
  {
    "review_id": "7288162",
    "movie_id": "102128",
    "author": "gust****",
    "review": "시청률 너무 신경쓰지말고 계속 좋은 드라마 만들어주세요 !",
    "rating": "10",
    "date": "13.02.21"
  },
  {
    "review_id": "7287995",
    "movie_id": "102128",
    "author": "kcha****",
    "review": "최고...",
    "rating": "10",
    "date": "13.02.21"
  },
  {
    "review_id": "7286521",
    "movie_id": "102128",
    "author": "leej****",
    "review": "완전 잼있다!!  시청률과 드라마질은 비례하지않는다광고천제이태백 완전 잼있어요",
    "rating": "10",
    "date": "13.02.21"
  },
  {
    "review_id": "7285248",
    "movie_id": "102128",
    "author": "wonj****",
    "review": "진구는. 깡패전문배우가아니었다",
    "rating": "10",
    "date": "13.02.20"
  },
  {
    "review_id": "7283746",
    "movie_id": "102128",
    "author": "jang****",
    "review": "전 재밌게 보고있는데ㅜ 시청률이 낮아서 안타깝네요 내용도 괜찮은데ㅜ시청률도 나와야 배우들도 힘을 낼텐데ㅜ그래도 즐겁게 보는 저와같은 시청자들도 있으니~!힘내세요^^!!!!!!",
    "rating": "10",
    "date": "13.02.20"
  },
  {
    "review_id": "7283617",
    "movie_id": "102128",
    "author": "maph****",
    "review": "원래 드라마 안보는데 재밌더만시청률이 왜이러지....힘내십시오...!!",
    "rating": "10",
    "date": "13.02.20"
  },
  {
    "review_id": "7283607",
    "movie_id": "102128",
    "author": "love****",
    "review": "스타 마케팅이 아니라 그런지 시청률이 넘 아쉽네요 그래도 너무 재미있게 보고 있습니다. 진구씨 박하선씨 조현재씨 연기도 좋고요. 사업하시는분들에게 좋은 드라마 같습니다.",
    "rating": "10",
    "date": "13.02.20"
  },
  {
    "review_id": "7283513",
    "movie_id": "102128",
    "author": "hjo1****",
    "review": "재밉게 보고 있어여^^",
    "rating": "10",
    "date": "13.02.20"
  },
  {
    "review_id": "7283277",
    "movie_id": "102128",
    "author": "yymi****",
    "review": "광고의 뒷면까지 잘 보여주는 드라마. 프로패셔널 드라마중엔 내가 본것중에 가장 최고인것같다.",
    "rating": "10",
    "date": "13.02.20"
  },
  {
    "review_id": "7282752",
    "movie_id": "102128",
    "author": "asok****",
    "review": "진짜 시청률 야왕하고 마의때메 밀린게 아쉬울뿐이다... 본ㅂㅇ사수합니다",
    "rating": "10",
    "date": "13.02.19"
  },
  {
    "review_id": "7282731",
    "movie_id": "102128",
    "author": "ckw4****",
    "review": "완전 재미있게 보고있습니다!",
    "rating": "10",
    "date": "13.02.19"
  },
  {
    "review_id": "7282682",
    "movie_id": "102128",
    "author": "didi****",
    "review": "짱 재밋졍ㅋ",
    "rating": "10",
    "date": "13.02.19"
  },
  {
    "review_id": "7282273",
    "movie_id": "102128",
    "author": "ding****",
    "review": "정말 잼잇서여 ^^ 학교에 이어서 또 웰메이드 드라마가 될거 같네여 ㅎㅎ",
    "rating": "10",
    "date": "13.02.19"
  },
  {
    "review_id": "7281511",
    "movie_id": "102128",
    "author": "mimi****",
    "review": "광고천재이태백 ㅠㅠ 이런 드라마가 있어서 다행입니다.시청률에 너무 신경쓰지 말고 계속 이어갔으면 하는 드라마 ㅠㅠㅠㅠㅠ",
    "rating": "10",
    "date": "13.02.19"
  },
  {
    "review_id": "7281428",
    "movie_id": "102128",
    "author": "dooy****",
    "review": "우연히 재방송을 보다가 넘재밌어서 불러오기로1회부터 봤는데 계속해서 후편을 보게되는 그런 재미가 있네요. 오늘나가는6회부터는 본방사수 해야겠네요",
    "rating": "10",
    "date": "13.02.19"
  },
  {
    "review_id": "7281336",
    "movie_id": "102128",
    "author": "qotj****",
    "review": "비록시청률은얼마안돼지만소수의보는시청자를위해열심히하길바랍니다.저도그소수의시청자중한명이고요 ^^",
    "rating": "10",
    "date": "13.02.19"
  },
  {
    "review_id": "7281294",
    "movie_id": "102128",
    "author": "kimj****",
    "review": "이런 드라마가 있다는게 행복하다",
    "rating": "10",
    "date": "13.02.19"
  },
  {
    "review_id": "7280532",
    "movie_id": "102128",
    "author": "hrok****",
    "review": "배울게 있는 훌륭한 드라마",
    "rating": "10",
    "date": "13.02.19"
  },
  {
    "review_id": "7280263",
    "movie_id": "102128",
    "author": "loll****",
    "review": "진짜 너무 재밋다!!!앞으로 더 재밋어 질테니까 시청률좀 올라랏!!!!",
    "rating": "10",
    "date": "13.02.18"
  },
  {
    "review_id": "7280262",
    "movie_id": "102128",
    "author": "dol3****",
    "review": "너무 재밌다 월화요일은 광고천재 이태백이다 처음으로 평점올린다",
    "rating": "10",
    "date": "13.02.18"
  },
  {
    "review_id": "7280249",
    "movie_id": "102128",
    "author": "twin****",
    "review": "좋음",
    "rating": "10",
    "date": "13.02.18"
  },
  {
    "review_id": "7280226",
    "movie_id": "102128",
    "author": "gyh0****",
    "review": "왜 안뜨는지 이해가안됨ㅜㅜ",
    "rating": "10",
    "date": "13.02.18"
  },
  {
    "review_id": "7280209",
    "movie_id": "102128",
    "author": "rlak****",
    "review": "너무기대합니다너무재밍있고짱입니다감동많이받았습니다광고천제이태백홧팅!!!!♥드라마대박나세요!!♥",
    "rating": "10",
    "date": "13.02.18"
  },
  {
    "review_id": "7280204",
    "movie_id": "102128",
    "author": "appl****",
    "review": "괜찮네요 오늘방송  짠하네",
    "rating": "9",
    "date": "13.02.18"
  },
  {
    "review_id": "7277848",
    "movie_id": "102128",
    "author": "tsp0****",
    "review": "더럽게 재미없다. 배우는 좋으나  전개방식,인물 성격 모든게 조잡하고 엉망이며 진부하다",
    "rating": "3",
    "date": "13.02.18"
  },
  {
    "review_id": "7277831",
    "movie_id": "102128",
    "author": "dlwk****",
    "review": "연기를 다 들 잘하시고 재밋네뇨",
    "rating": "10",
    "date": "13.02.18"
  },
  {
    "review_id": "7276143",
    "movie_id": "102128",
    "author": "paes****",
    "review": "대박 재밌는 스토리!",
    "rating": "10",
    "date": "13.02.17"
  },
  {
    "review_id": "7275684",
    "movie_id": "102128",
    "author": "jjon****",
    "review": "흥미로운 소재. 하지만 다소 뻔한 캐릭터와 전개 방식. 무조건 돌진하는 것과 열정은 다른 것인데 같은 선상에 두고 주인공을 그린 점이 아쉽다.",
    "rating": "7",
    "date": "13.02.17"
  },
  {
    "review_id": "7274529",
    "movie_id": "102128",
    "author": "rok8****",
    "review": "드라마 소재도 흥미롭고 꽤 중독성 있고 재밌습니다^^광고천재 이태백 화이팅^^",
    "rating": "8",
    "date": "13.02.17"
  },
  {
    "review_id": "7272553",
    "movie_id": "102128",
    "author": "jsw2****",
    "review": "씨발 전우치 끝났어 . ㅠㅠㅠ",
    "rating": "1",
    "date": "13.02.16"
  },
  {
    "review_id": "7268972",
    "movie_id": "102128",
    "author": "wogn****",
    "review": "요즘 즐겨보고있어요 ㅎ 인물들의 갈등과 스토리전개도 아주 흥미로워요 광고천재화이팅",
    "rating": "10",
    "date": "13.02.15"
  },
  {
    "review_id": "7260205",
    "movie_id": "102128",
    "author": "fose****",
    "review": "박하선이 최고당~~진짜이뻐욤~점점 스토리도재미있고^^광고천재이태백 파이팅!!",
    "rating": "10",
    "date": "13.02.13"
  },
  {
    "review_id": "7258157",
    "movie_id": "102128",
    "author": "tmfd****",
    "review": "진구 흥해라",
    "rating": "10",
    "date": "13.02.13"
  },
  {
    "review_id": "7258112",
    "movie_id": "102128",
    "author": "skyt****",
    "review": "박하선 화륑",
    "rating": "10",
    "date": "13.02.13"
  },
  {
    "review_id": "7257818",
    "movie_id": "102128",
    "author": "lss1****",
    "review": "시나리오와 연기력이 아쉽지만 소재는 좋습니다. 앞으로 제목에 걸맞는 스토리 전개가 좀 더 이뤄져서 시청자에 기억에 남는 드라마가 됐으면 합니다 대한민국 디자인이 세계적인 울림이 있도록 K디자인 힙냅시다!",
    "rating": "10",
    "date": "13.02.12"
  },
  {
    "review_id": "7256499",
    "movie_id": "102128",
    "author": "kimb****",
    "review": "소재는 좋은데 초반부터 한국 드라마의 전형적인 러브라인이 걸림. 좋은 소재 잘 살려서 진정한 프로의 세계를 보여준다면 수작이 될 수 있는 드라마. 그리고 오글거리는 대사 자제 점,,,;;",
    "rating": "9",
    "date": "13.02.12"
  },
  {
    "review_id": "7255671",
    "movie_id": "102128",
    "author": "koo9****",
    "review": "진짜 별로더라...",
    "rating": "1",
    "date": "13.02.12"
  },
  {
    "review_id": "7253517",
    "movie_id": "102128",
    "author": "skyp****",
    "review": "재밌구만!",
    "rating": "10",
    "date": "13.02.11"
  }
]