[
  {
    "review_id": "9375424",
    "movie_id": "102120",
    "author": "jisu****",
    "review": "완전 맘에 드는 프로뭔가 지식도 얻고볼거리 많고이 프로 통해 강용석c 이미지 완전업ㅋ",
    "rating": "10",
    "date": "14.11.12"
  },
  {
    "review_id": "9294578",
    "movie_id": "102120",
    "author": "peti****",
    "review": "오늘본방방송사고네요~ 서울대면적이 여의도의 23배라뇨??서울대의 2.3배가 여의도면적입니다",
    "rating": "10",
    "date": "14.10.15"
  },
  {
    "review_id": "9241670",
    "movie_id": "102120",
    "author": "knew****",
    "review": "레이디제인나오는거보니까 저웃음뒤에 뭔생각있는지 소름이돗는다",
    "rating": "5",
    "date": "14.09.26"
  },
  {
    "review_id": "9201463",
    "movie_id": "102120",
    "author": "leej****",
    "review": "아이큐가인생전반에.  삶의질에 얼마만큼의 영향을줄수있을까요? 비교가능할까요?",
    "rating": "5",
    "date": "14.09.10"
  },
  {
    "review_id": "8885006",
    "movie_id": "102120",
    "author": "shga****",
    "review": "완전재밌음 이거보는 재미 쏠쏠-",
    "rating": "10",
    "date": "14.07.05"
  },
  {
    "review_id": "8610498",
    "movie_id": "102120",
    "author": "todi****",
    "review": "고소한 19 정말 재미있게 잘 보고 있습니다^^ 방송만 보면 털털하고 인간적이신 것 같은데 실제로도 그런 분이시기를 바랍니다^^ 그리고 나중에 다시 정치에 입문하시게 되면 좋은 정치 펼쳐 주시기 바랍니다^^",
    "rating": "10",
    "date": "14.03.27"
  },
  {
    "review_id": "8054117",
    "movie_id": "102120",
    "author": "bani****",
    "review": "실제로 만나뵈니  친절하고 좋은분이셨어요!!!방송도 유익해요^^",
    "rating": "10",
    "date": "13.10.11"
  },
  {
    "review_id": "8015377",
    "movie_id": "102120",
    "author": "kind****",
    "review": "최효종씨가 고소사건으로 개콘에서 간접적으로 까발렸을적에 개그코너를 이런식으로 이용하는게 참 뻔뻔하다고 생각했는데, 오래된 일이지만 억울하신 마음은 충분히 이해됩니다",
    "rating": "10",
    "date": "13.09.25"
  },
  {
    "review_id": "7947173",
    "movie_id": "102120",
    "author": "pm12****",
    "review": "재밌기도하지만 신기해서 자꾸 보게되네요~ 의료에 관해서 더 많이 해주셨으면 좋겠습니당",
    "rating": "10",
    "date": "13.09.04"
  },
  {
    "review_id": "7919241",
    "movie_id": "102120",
    "author": "gusd****",
    "review": "유용하고 재밌다",
    "rating": "10",
    "date": "13.08.24"
  },
  {
    "review_id": "7913453",
    "movie_id": "102120",
    "author": "rneo****",
    "review": "굿",
    "rating": "10",
    "date": "13.08.23"
  },
  {
    "review_id": "7722518",
    "movie_id": "102120",
    "author": "jlee****",
    "review": "7%못해서죄송합니다.",
    "rating": "1",
    "date": "13.07.10"
  },
  {
    "review_id": "7676963",
    "movie_id": "102120",
    "author": "jjee****",
    "review": "보는시간이아깝지않다.방송계속해주세요 평점처음등록해봐요 by 23세여대생",
    "rating": "10",
    "date": "13.06.24"
  },
  {
    "review_id": "7656180",
    "movie_id": "102120",
    "author": "up87****",
    "review": "군인에대한 내용 보는데.. 5~60년대 여군사병부분 싹빼고.. 장교만 존재했던것처럼 소개하고 있네요..중요한 부분인데 더 알아봐서 방송됐어야 하는거 아닌가요. 장교보다 많은 사병으로 시작됐습니다.. 누군가 흘린 피와 땀을 없는것으로 만드는 방송이군요.",
    "rating": "1",
    "date": "13.06.19"
  },
  {
    "review_id": "7548171",
    "movie_id": "102120",
    "author": "chzh****",
    "review": "강용석변호사님 ~  완전 호감 굿굿",
    "rating": "10",
    "date": "13.05.22"
  },
  {
    "review_id": "7538498",
    "movie_id": "102120",
    "author": "yasi****",
    "review": "완전재밌음  강용석아저씨 너무귀여웡",
    "rating": "10",
    "date": "13.05.18"
  },
  {
    "review_id": "7519393",
    "movie_id": "102120",
    "author": "selg****",
    "review": "강용석어저씨에 대한 편견이랄까 이미지가 완전히 바뀌게된 프러그램 ㅋㅋㅋ  아저씨 말투도 귀에 쏙쏙 들어오고 깨알같은  정보와 은근한 재미  굿!!",
    "rating": "10",
    "date": "13.05.10"
  },
  {
    "review_id": "7516308",
    "movie_id": "102120",
    "author": "smc4****",
    "review": "본바믄 못보는 시청자 인데요 재미 있고 시민을 위한방송 감사합니다^^",
    "rating": "10",
    "date": "13.05.08"
  },
  {
    "review_id": "7511698",
    "movie_id": "102120",
    "author": "kkok****",
    "review": "완전재밌어요 ㅋㅋㅋ러닝머신뛰며 지칠줄모르며봤네요..오히려 시간채웠음에도 내리지못하고뛰었음.본방사수 ㅋㅋ",
    "rating": "10",
    "date": "13.05.06"
  },
  {
    "review_id": "7332461",
    "movie_id": "102120",
    "author": "zxc1****",
    "review": "재밌음 안본분들 봐보셈",
    "rating": "10",
    "date": "13.03.09"
  },
  {
    "review_id": "7285951",
    "movie_id": "102120",
    "author": "shin****",
    "review": "재밌고 깨알같은 애드립 쳐주시는 용석형님",
    "rating": "10",
    "date": "13.02.21"
  }
]