[
  {
    "review_id": "9863498",
    "movie_id": "102141",
    "author": "yeah****",
    "review": "이 시즌부터 닥터후와 사랑에 빠지게 되었지. 아련하다~ 알롱지~~~",
    "rating": "10",
    "date": "15.04.24"
  },
  {
    "review_id": "9753920",
    "movie_id": "102141",
    "author": "ske4****",
    "review": "정말  전기세와 시간이 전혀 아깝지 않다!!",
    "rating": "10",
    "date": "15.03.03"
  },
  {
    "review_id": "9662981",
    "movie_id": "102141",
    "author": "osow****",
    "review": "The girl in the fireplace(마담 드 퐁파두르 나오는 에피)와 9살때 KBS에서 잠깐 더빙해준 사이버맨나오는 에피(5,6,12,13/당시엔 정말 무서웠다.. 이후까지 보고 아빠손에 이끌려 등산감)를 향수에 취해 다시 봤지만 다른게없다",
    "rating": "10",
    "date": "15.02.03"
  },
  {
    "review_id": "9146394",
    "movie_id": "102141",
    "author": "maki****",
    "review": "역대 드라마 스토리 중 가장 아련사할것같은 테닥로즈...ㅜ 둠스데이는 레전드다.",
    "rating": "10",
    "date": "14.08.30"
  },
  {
    "review_id": "8864929",
    "movie_id": "102141",
    "author": "les7****",
    "review": "닥터후는진리입니다.",
    "rating": "10",
    "date": "14.06.28"
  },
  {
    "review_id": "8754223",
    "movie_id": "102141",
    "author": "hill****",
    "review": "그래도 시즌1에 나오는 M자 탈모형 닥터도 재밌음 그리고 로즈타일러 예쁨... 한국더빙판도 목소리 좋음",
    "rating": "10",
    "date": "14.05.22"
  },
  {
    "review_id": "8690388",
    "movie_id": "102141",
    "author": "cadi****",
    "review": "이 콤비가 제일 좋아요 ㅠㅠ 시즌 하나로 끝난게 너무 아쉬운..",
    "rating": "10",
    "date": "14.05.01"
  },
  {
    "review_id": "8496385",
    "movie_id": "102141",
    "author": "tyza****",
    "review": "말이 필요 없음 최고 명작 영드",
    "rating": "10",
    "date": "14.02.10"
  },
  {
    "review_id": "8345034",
    "movie_id": "102141",
    "author": "moun****",
    "review": "닥터후는 우주에서 가장 재밌는 시리즈이다. 특히나 테닥&로즈 커플인 시즌2는 가장 재미있고 흥미도는 폭발한다. 가장 슬픈 에피가 많았던것도 시즌2였던 듯.",
    "rating": "10",
    "date": "14.01.03"
  },
  {
    "review_id": "8246020",
    "movie_id": "102141",
    "author": "qwe2****",
    "review": "~~~전설의 시작~~~",
    "rating": "10",
    "date": "13.12.19"
  },
  {
    "review_id": "7645477",
    "movie_id": "102141",
    "author": "seon****",
    "review": "진짜 재밌다;; 전설의 시작이다",
    "rating": "10",
    "date": "13.06.16"
  },
  {
    "review_id": "7545022",
    "movie_id": "102141",
    "author": "gree****",
    "review": "전설의 시작 ㅋㅋㅋㅋ",
    "rating": "10",
    "date": "13.05.20"
  },
  {
    "review_id": "7122444",
    "movie_id": "102141",
    "author": "doct****",
    "review": "시즌2로 가면서 닥터가 데이빗 테넌트가 되는 순간.... 닥터후는 레알 진리가 된다",
    "rating": "10",
    "date": "13.01.16"
  },
  {
    "review_id": "7077698",
    "movie_id": "102141",
    "author": "kang****",
    "review": "레알 재밌음",
    "rating": "10",
    "date": "13.01.03"
  }
]