[
  {
    "review_id": "9882897",
    "movie_id": "102113",
    "author": "ske4****",
    "review": "개그맨들 나오고 보터 재미가 없어졌다!! 박수칠때 떠나자",
    "rating": "1",
    "date": "15.05.01"
  },
  {
    "review_id": "7339026",
    "movie_id": "102113",
    "author": "mast****",
    "review": "넘 잘보고있네요.. 그 사악한미소 넘 좋네요",
    "rating": "10",
    "date": "13.03.10"
  },
  {
    "review_id": "7137286",
    "movie_id": "102113",
    "author": "su70****",
    "review": "푸른거탑대박ㅋㅋㅋㅋ",
    "rating": "10",
    "date": "13.01.20"
  },
  {
    "review_id": "7018940",
    "movie_id": "102113",
    "author": "jeon****",
    "review": "우와 ㅋㅋㅋ",
    "rating": "10",
    "date": "12.12.19"
  }
]