[
  {
    "review_id": "10105472",
    "movie_id": "102314",
    "author": "rafi****",
    "review": "등장인물들이나 이야기에 연결고리가 하나도 없이 뜬금없이 비약하는데 그런 것 치고는 몰입도가 괜찮은 걸 보면 그냥 처음부터 그게 감독의 의도같다. 이것저것 늘어놓았지만 의미있었던 건 찰리의 사랑 뿐. 괜찮은 영화 같기도 하고 별거 아닌 영화같기도 하고.",
    "rating": "6",
    "date": "15.07.15"
  },
  {
    "review_id": "10024377",
    "movie_id": "102314",
    "author": "noda****",
    "review": "매즈미켈슨의 나이젤만 남는 영화?",
    "rating": "6",
    "date": "15.06.23"
  },
  {
    "review_id": "9983652",
    "movie_id": "102314",
    "author": "woma****",
    "review": "진부하지 않은 러브스토리. 영상미도 좋고 음악도 좋고 전반적으로 특색있는 영화입니다.",
    "rating": "10",
    "date": "15.06.08"
  },
  {
    "review_id": "9983489",
    "movie_id": "102314",
    "author": "ayor****",
    "review": "전기총 맞고 상태가 더 안좋아졌다.",
    "rating": "9",
    "date": "15.06.07"
  },
  {
    "review_id": "9981354",
    "movie_id": "102314",
    "author": "jchc****",
    "review": "여자 상태도 남자 만큼이나 안좋다",
    "rating": "8",
    "date": "15.06.07"
  },
  {
    "review_id": "9892282",
    "movie_id": "102314",
    "author": "stri****",
    "review": "평론가 평점 어이없다 배경이랑 음악만으로도 보는 재미가 충분하다",
    "rating": "7",
    "date": "15.05.04"
  },
  {
    "review_id": "9853442",
    "movie_id": "102314",
    "author": "suos****",
    "review": "개봉한관이 별로없어서 멀리혼자 보러갔는데, 후회하나없이 백점! 음악, 영상미, 내용은뭐 노멀했지만 감성적인부분 다 좋았다.",
    "rating": "10",
    "date": "15.04.19"
  },
  {
    "review_id": "9808453",
    "movie_id": "102314",
    "author": "mome****",
    "review": "보는내내 답답함 어후 ㅋㅋ",
    "rating": "6",
    "date": "15.03.26"
  },
  {
    "review_id": "9803623",
    "movie_id": "102314",
    "author": "orio****",
    "review": "이게 왜 코미디지? 액션, 로맨스죱 멋있는 풍경이 몇몇있어요 기대않고 봤는데 재밌네요",
    "rating": "8",
    "date": "15.03.24"
  },
  {
    "review_id": "9803302",
    "movie_id": "102314",
    "author": "minj****",
    "review": "론 위즐리 반가웠던..! 영화에 비해 과분한 배우들",
    "rating": "6",
    "date": "15.03.24"
  },
  {
    "review_id": "9795738",
    "movie_id": "102314",
    "author": "marc****",
    "review": "무모한 찰리 컨트리 맨.",
    "rating": "6",
    "date": "15.03.20"
  },
  {
    "review_id": "9775257",
    "movie_id": "102314",
    "author": "dani****",
    "review": "매즈 미켈슨의 나이젤을 위한 3점.",
    "rating": "3",
    "date": "15.03.12"
  },
  {
    "review_id": "9756837",
    "movie_id": "102314",
    "author": "ogr5****",
    "review": "필연을 가장한 우연과 판타지.",
    "rating": "4",
    "date": "15.03.05"
  },
  {
    "review_id": "9714028",
    "movie_id": "102314",
    "author": "siin****",
    "review": "잘 봤습니다.감사합니다",
    "rating": "9",
    "date": "15.02.19"
  },
  {
    "review_id": "9683334",
    "movie_id": "102314",
    "author": "cuzi****",
    "review": "샤이아 라보프의 다른 면을 본 듯한 기분이네요. 매즈 미켈슨의 악역인듯 악역아닌 그런 매력도 좋았지만 확실히 두 남녀 주인공을 부각시켜주는 영화인듯. 스토리 구성이 많이 아쉬웠어요.",
    "rating": "6",
    "date": "15.02.09"
  },
  {
    "review_id": "9658522",
    "movie_id": "102314",
    "author": "kamj****",
    "review": "감각적인 영상과 연출.. 진부한 이야기를 지루하지 않게 푼 영화입니다. 지난해 본 영화중에 최고였어요 ㅋㅋ 데드섹시 매즈와 찌질하지만 대범한 샤이아ㅠㅜ 멋져요 멋져요 ㅠㅠ",
    "rating": "10",
    "date": "15.02.01"
  },
  {
    "review_id": "9649485",
    "movie_id": "102314",
    "author": "kore****",
    "review": "평범한 한 청년이 죽은 엄마의 환영이 하는 말만 듣고 유럽의 어느 지역으로 가서 알게된 여자에 빠져 사랑꾼이 되고 총 들고 설치는 전남편과 투닥거리는 이딴 영화는 대체 뭐하는 영화? 드라마소재를 영화로 압축해놓은 거 같다. 뭘 말하고 싶은 거냐?",
    "rating": "5",
    "date": "15.01.29"
  },
  {
    "review_id": "9648893",
    "movie_id": "102314",
    "author": "sean****",
    "review": "어둑한 동유럽의 분위기를 영화 내내 느끼며 평범하지만 사랑에 미쳐버린 한 남자를 보게된다.",
    "rating": "8",
    "date": "15.01.29"
  },
  {
    "review_id": "9602425",
    "movie_id": "102314",
    "author": "taka****",
    "review": "그 어떤 멜로보다 나에겐 정말 최고의 멜로영화",
    "rating": "10",
    "date": "15.01.16"
  },
  {
    "review_id": "9598744",
    "movie_id": "102314",
    "author": "brig****",
    "review": "영화 밖 샤이어 라보프는 미친놈이지만 영화 속 그를 인정할 수밖에 없다",
    "rating": "9",
    "date": "15.01.15"
  },
  {
    "review_id": "9586408",
    "movie_id": "102314",
    "author": "saso****",
    "review": "대한민국에서는 절대 나올수없는 스토리...볼만합니다.",
    "rating": "10",
    "date": "15.01.12"
  },
  {
    "review_id": "9577378",
    "movie_id": "102314",
    "author": "kolc****",
    "review": "매즈미켈슨땜시 1점 더 줌",
    "rating": "8",
    "date": "15.01.09"
  },
  {
    "review_id": "9568238",
    "movie_id": "102314",
    "author": "bcwh****",
    "review": "초반에 재밌다가 정작 사랑이 시작되자 힘이 빠지는 스토리",
    "rating": "6",
    "date": "15.01.06"
  },
  {
    "review_id": "9557360",
    "movie_id": "102314",
    "author": "luka****",
    "review": "찰리컨트리맨.. 찰리컨트리맨.. 뭔가 강원도 소년같은 시골스러움의 리액션이 좋았던거 같다",
    "rating": "8",
    "date": "15.01.03"
  },
  {
    "review_id": "9542613",
    "movie_id": "102314",
    "author": "knmd****",
    "review": "기자들 말 써논거 봐라...;;; 미친놈들..",
    "rating": "10",
    "date": "14.12.31"
  },
  {
    "review_id": "9498100",
    "movie_id": "102314",
    "author": "ppor****",
    "review": "샤이아의 눈빛연기는정말 하악",
    "rating": "10",
    "date": "14.12.21"
  },
  {
    "review_id": "9477926",
    "movie_id": "102314",
    "author": "migh****",
    "review": "샤이아ㅠㅠ♡.. 좋다좋아!!!",
    "rating": "10",
    "date": "14.12.16"
  },
  {
    "review_id": "9470698",
    "movie_id": "102314",
    "author": "oasi****",
    "review": "침울한 분위기에 런닝타임내내 더러운 몰골의 남주",
    "rating": "5",
    "date": "14.12.13"
  },
  {
    "review_id": "9467172",
    "movie_id": "102314",
    "author": "easy****",
    "review": "이렇게 살아보고 싶다 정신 나간듯이",
    "rating": "9",
    "date": "14.12.12"
  },
  {
    "review_id": "9458389",
    "movie_id": "102314",
    "author": "stud****",
    "review": "샤이아 라보프 존잘데씨5요~~^^♥♥",
    "rating": "10",
    "date": "14.12.08"
  },
  {
    "review_id": "9452006",
    "movie_id": "102314",
    "author": "lgic****",
    "review": "뭔가 독특한 시작과는 달리 단순한 스토리와 결말에 지겨웠다",
    "rating": "6",
    "date": "14.12.06"
  },
  {
    "review_id": "9437551",
    "movie_id": "102314",
    "author": "eiji****",
    "review": "왠지 싫었던 라보프를 사랑하게 한 아름다운 영화, 매즈는 덤",
    "rating": "8",
    "date": "14.12.01"
  },
  {
    "review_id": "9426592",
    "movie_id": "102314",
    "author": "lemo****",
    "review": "노래랑 영상미는 괜찮네요. 스토리가 좀 단순한게 흠이지만. 한편의 뮤직비디오를 본 기분.",
    "rating": "7",
    "date": "14.11.27"
  },
  {
    "review_id": "9403254",
    "movie_id": "102314",
    "author": "funk****",
    "review": "최근에본 로멘스영화중 최고",
    "rating": "10",
    "date": "14.11.20"
  },
  {
    "review_id": "9365907",
    "movie_id": "102314",
    "author": "loli****",
    "review": "주인공도 매력이 없고, 스토리는 짜임새가 없고. 그냥 음악만 좋은 영화.",
    "rating": "1",
    "date": "14.11.10"
  },
  {
    "review_id": "9327748",
    "movie_id": "102314",
    "author": "silv****",
    "review": "가끔은 이렇게 비현실적이고 미친사랑에 빠져들고 싶기도 하다",
    "rating": "7",
    "date": "14.10.29"
  },
  {
    "review_id": "9327185",
    "movie_id": "102314",
    "author": "lg27****",
    "review": "그냥 평범하다. 우리는 일반적인 합리적 상식을 가지고 있다. 그러나 영화에서는...",
    "rating": "5",
    "date": "14.10.29"
  },
  {
    "review_id": "9304873",
    "movie_id": "102314",
    "author": "ghks****",
    "review": "느아르나 스릴러, 그런 건 내 눈엔 보이지 않았다.사랑뿐이였다. 보기만으로도 벅찬 사랑에 눈이 멀어버린 것 같았다.'나이젤'이 이해될만큼..",
    "rating": "10",
    "date": "14.10.20"
  },
  {
    "review_id": "9293492",
    "movie_id": "102314",
    "author": "love****",
    "review": "영상미 좋은 뮤직비디오 한편 본 느낌",
    "rating": "7",
    "date": "14.10.15"
  },
  {
    "review_id": "9272145",
    "movie_id": "102314",
    "author": "kara****",
    "review": "cf같은 감각적인 화면에 디테일없는 각본....각본의 중요성을 다시한번...",
    "rating": "5",
    "date": "14.10.07"
  },
  {
    "review_id": "9256293",
    "movie_id": "102314",
    "author": "cand****",
    "review": "정말 신선했다. 다소 자극적이지만 그 만큼의 감동이 상쇄되어 인상깊은 영화로 기억속에 남았다...!",
    "rating": "9",
    "date": "14.10.03"
  },
  {
    "review_id": "9247825",
    "movie_id": "102314",
    "author": "hjl3****",
    "review": "유머러스하고귀여운장면들이있었지만..뒤로갈수록스릴넘치는전개...!로맨틱장르인지액션인지호러인지감잡기어려웠다",
    "rating": "6",
    "date": "14.09.28"
  },
  {
    "review_id": "9246247",
    "movie_id": "102314",
    "author": "dhek****",
    "review": "매력적인 영화 영상이랑 음악도 좋고 스토리도 좋다",
    "rating": "9",
    "date": "14.09.28"
  },
  {
    "review_id": "9223374",
    "movie_id": "102314",
    "author": "zzoo****",
    "review": "영상도 음악도 몰입도 좋은 영화. 샤이아 라보프 보러 갔다가 매즈 미켈슨! 완전 반해버림 ㅋ",
    "rating": "8",
    "date": "14.09.18"
  },
  {
    "review_id": "9219927",
    "movie_id": "102314",
    "author": "cont****",
    "review": "루마니아의 수도 부카레스트를 알게 되다.",
    "rating": "7",
    "date": "14.09.16"
  },
  {
    "review_id": "9219875",
    "movie_id": "102314",
    "author": "free****",
    "review": "영상미 , OST , 스토리 모두 좋았다.",
    "rating": "9",
    "date": "14.09.16"
  },
  {
    "review_id": "9212969",
    "movie_id": "102314",
    "author": "gjg8****",
    "review": "마지막 까지 숨 막히게 달려온 거에 비해  밍밍한 엔딩 모두다 행복햇습니다.. 극중의 찰리 컨트리맨 한텐 행복한 엔딩이겟지만 끝까지 같이 달려온 관객한테 다소 밍밍한 연출임ps.에반 레이첼 을 예뻣다 허나 모든걸 걸기에는 다소..",
    "rating": "6",
    "date": "14.09.14"
  },
  {
    "review_id": "9211998",
    "movie_id": "102314",
    "author": "sunh****",
    "review": "머야.. 일단 끝까지 보긴 봤다.",
    "rating": "6",
    "date": "14.09.13"
  },
  {
    "review_id": "9209131",
    "movie_id": "102314",
    "author": "bbac****",
    "review": "의외로 잼있네요연출을 톡톡 튀게 해서 긴장감을 오히려 방해해버린것 말고는 완벽한 로맨스물인듯",
    "rating": "8",
    "date": "14.09.13"
  },
  {
    "review_id": "9208794",
    "movie_id": "102314",
    "author": "shok****",
    "review": "몰입안되는 여주 비쥬얼, 공감안가는 애절함, 어울리지않는 캐스팅. 그냥 재미없네요.",
    "rating": "3",
    "date": "14.09.12"
  },
  {
    "review_id": "9203838",
    "movie_id": "102314",
    "author": "kime****",
    "review": "음악도좋고, 땀에쩔은듯한데도 좋다. 심심한 옥수수같은 느낌",
    "rating": "7",
    "date": "14.09.11"
  },
  {
    "review_id": "9195553",
    "movie_id": "102314",
    "author": "jymu****",
    "review": "영상미 음악 모두 만족 . 부쿠레슈티 멋지고 스토리도 상당히 재밋다",
    "rating": "9",
    "date": "14.09.09"
  },
  {
    "review_id": "9193393",
    "movie_id": "102314",
    "author": "onun****",
    "review": "영화 분위기, 음악, 스토리전개방법 모두 좋다",
    "rating": "10",
    "date": "14.09.09"
  },
  {
    "review_id": "9190852",
    "movie_id": "102314",
    "author": "xneo****",
    "review": "음악과 영상, 배우들의 연기가 좋았지만 딱 그것뿐이었다",
    "rating": "6",
    "date": "14.09.09"
  },
  {
    "review_id": "9185895",
    "movie_id": "102314",
    "author": "hey_****",
    "review": "ost 끝장난다! 너무좋다!",
    "rating": "9",
    "date": "14.09.08"
  },
  {
    "review_id": "9178717",
    "movie_id": "102314",
    "author": "equa****",
    "review": "여러모로 장르가 섞여 보는데 정신이 이런저런 장르로 인해 혼란이 올 수 있겠지만, 아름답고 몽환적인 분위기와 연출 방식이 매우 특별하다.내용에 여운이 남지않고 분위기로 인해 여운이남는듯.죽는다면 사랑을 위해 죽을래요. 미친 사랑, 그만큼 절실한사랑",
    "rating": "7",
    "date": "14.09.07"
  },
  {
    "review_id": "9176129",
    "movie_id": "102314",
    "author": "cyuh****",
    "review": "영상미가 돋보인다고 할까... 스토리를 떠나서 감독의 다음 영화가 궁금해지네요.",
    "rating": "10",
    "date": "14.09.06"
  },
  {
    "review_id": "9174567",
    "movie_id": "102314",
    "author": "qldt****",
    "review": "아름다운 이미지만으로도 만족. 하지만 이야기는....",
    "rating": "7",
    "date": "14.09.06"
  },
  {
    "review_id": "9171712",
    "movie_id": "102314",
    "author": "tomf****",
    "review": "그냥 영화다운 영화. 이런 영화 재미없다면 앞으로 영화 보지마라. 어설픈 국내영화 보다 괜찮다. 영화는 영화다. 하지만 보고나면 가슴에 뭔가 남는다. 극중 레이젤이 한말이 인상깊음. 몇일동안 컨트리맨이 되고 싶음 ㅋ",
    "rating": "7",
    "date": "14.09.06"
  },
  {
    "review_id": "9164499",
    "movie_id": "102314",
    "author": "ys82****",
    "review": "중반이후 후반부의 영상미가 뛰어난 영화입니다",
    "rating": "9",
    "date": "14.09.04"
  },
  {
    "review_id": "9163128",
    "movie_id": "102314",
    "author": "onik****",
    "review": "나이젤이랑 찰리랑 일단 안어울리고 왜 서로 미치고 죽는지에 대해 개연성이 부족함 ...영화 보는 내내 웃긴 장면들이 보여서 웃었어요...병맛이 섞여있어서 맘 편안히 보셔야해욧",
    "rating": "5",
    "date": "14.09.04"
  },
  {
    "review_id": "9159995",
    "movie_id": "102314",
    "author": "hhh3****",
    "review": "색이 참 마음에 든다. 극장가서 또 보고싶당 헤헤",
    "rating": "10",
    "date": "14.09.03"
  },
  {
    "review_id": "9157522",
    "movie_id": "102314",
    "author": "kala****",
    "review": "대사,영상미,감정전달,몽환적 분위기,그리고 음악 나를 집중하게 만들엇다",
    "rating": "10",
    "date": "14.09.03"
  },
  {
    "review_id": "9155658",
    "movie_id": "102314",
    "author": "c001****",
    "review": "너무 재밌고 감동이고 짜릿하고 진짜 연기 진국들을 모아놨어요. 추천 하는 영화 중 하나! 감동 여운이 오래 가네요~~~",
    "rating": "10",
    "date": "14.09.02"
  },
  {
    "review_id": "9155577",
    "movie_id": "102314",
    "author": "wwe0****",
    "review": "그냥 볼만해요...그냥 와 부쿠레슈티 가고싶다...정도..?",
    "rating": "6",
    "date": "14.09.02"
  },
  {
    "review_id": "9155314",
    "movie_id": "102314",
    "author": "zeno****",
    "review": "러시아렛 게임같은 아슬아슬한 영화!좋아요!살을 택한자에 대한 영화! 강추합니다.",
    "rating": "10",
    "date": "14.09.02"
  },
  {
    "review_id": "9155251",
    "movie_id": "102314",
    "author": "bing****",
    "review": "스타일리쉬한 영상, 감성을 자극하는 연출, 몽환과 퇴폐의 극치.",
    "rating": "10",
    "date": "14.09.02"
  },
  {
    "review_id": "9155103",
    "movie_id": "102314",
    "author": "rhax****",
    "review": "이거 5월에 전주국제영화제에서 볼때 100%상업개봉할줄 알았음. 매즈미켈슨 간지 철철임.  샤이아 라보프는 뭔가 변신! 하려는 이미지만 보여주다 끝나는것 같고. 나이젤과 미켈슨의 영화..",
    "rating": "9",
    "date": "14.09.02"
  },
  {
    "review_id": "9155101",
    "movie_id": "102314",
    "author": "park****",
    "review": "세련된 영상미와 음악. 샤이아 라보프의 완벽한 연기. 국내에도 이런 로맨스가 개봉했으면",
    "rating": "10",
    "date": "14.09.02"
  },
  {
    "review_id": "9155056",
    "movie_id": "102314",
    "author": "wwwn****",
    "review": "사랑은 사람을 강하게 만드는 마법같은 것!",
    "rating": "8",
    "date": "14.09.02"
  },
  {
    "review_id": "9154916",
    "movie_id": "102314",
    "author": "eunk****",
    "review": "제목은 '찰리 컨트리맨'이지만 이 영화는 '나이젤'를 위한 영화인 것 같아요. 매즈  미켈슨 넘 멋지게 나오네요..",
    "rating": "8",
    "date": "14.09.02"
  },
  {
    "review_id": "9154503",
    "movie_id": "102314",
    "author": "iam7****",
    "review": "뻔한 10분 짜리 뮤직비디오를 억지스럽게 100분까지 끌고  갔다는 느낌을 주는  영화.이걸 보느니  차라리 트와일라잇을  볼 것. 배우 낭비, 풍경 낭비 .개연성 제로에 억지 설정  스토리.",
    "rating": "4",
    "date": "14.09.02"
  },
  {
    "review_id": "9154165",
    "movie_id": "102314",
    "author": "anar****",
    "review": "매즈 미켈슨이 진짜 멋있음. 존잘존섹.",
    "rating": "6",
    "date": "14.09.01"
  },
  {
    "review_id": "9153983",
    "movie_id": "102314",
    "author": "9430****",
    "review": "상영을 더 오래했으면 좋겠다ㅠㅠ",
    "rating": "10",
    "date": "14.09.01"
  },
  {
    "review_id": "9153632",
    "movie_id": "102314",
    "author": "narc****",
    "review": "Mads Mikkelsen ♥",
    "rating": "7",
    "date": "14.09.01"
  },
  {
    "review_id": "9152541",
    "movie_id": "102314",
    "author": "zdr5****",
    "review": "이런 영화는 극한의 정신병적 영화이다 영화관에서 보고 나중에 분명 다운 받아서 또 보고 그리고 또 보고 그런 특이한 이런영화 성애자들을 위한 영화이다 예고편 보고 끌렸다면 꼭 봐도 실망 안하는 영화  여운 따윈 없어도 분명 또 보게 된다",
    "rating": "10",
    "date": "14.09.01"
  },
  {
    "review_id": "9152078",
    "movie_id": "102314",
    "author": "hasm****",
    "review": "찰리 케릭터가 매력이.없어서 왜 여자주인공이.그에게 끌리는지.설득력이 없다.  로멘스가 작위적이라서 중간에.보다가.나왔습니다",
    "rating": "1",
    "date": "14.08.31"
  },
  {
    "review_id": "9151536",
    "movie_id": "102314",
    "author": "ldyp****",
    "review": "쩝쩝... 위대한 사랑의 승리? 헐",
    "rating": "6",
    "date": "14.08.31"
  },
  {
    "review_id": "9150020",
    "movie_id": "102314",
    "author": "vywl****",
    "review": "약간의 스토리 전개 허술함을 빼면 다 좋은 영화.",
    "rating": "8",
    "date": "14.08.31"
  },
  {
    "review_id": "9149948",
    "movie_id": "102314",
    "author": "kdki****",
    "review": "스타일리쉬든 몽환적이든 그 밑바탕은 스토리일 것이다.최악의 영화",
    "rating": "1",
    "date": "14.08.31"
  },
  {
    "review_id": "9149186",
    "movie_id": "102314",
    "author": "ymin****",
    "review": "뭔가 열심히 만든 것 같은 데, 개연성이 떨어짐.",
    "rating": "7",
    "date": "14.08.31"
  },
  {
    "review_id": "9148061",
    "movie_id": "102314",
    "author": "cres****",
    "review": "미친 사랑이 뭔지 제대로 보여준다",
    "rating": "10",
    "date": "14.08.30"
  },
  {
    "review_id": "9146951",
    "movie_id": "102314",
    "author": "john****",
    "review": "거부감 드는 색감일 수 있지만 그 무엇보다 사랑에 관한 영화.",
    "rating": "10",
    "date": "14.08.30"
  },
  {
    "review_id": "9145539",
    "movie_id": "102314",
    "author": "gato****",
    "review": "낭만과 스타일을 따라가지 못하는 관계와 서사.",
    "rating": "6",
    "date": "14.08.30"
  },
  {
    "review_id": "9145266",
    "movie_id": "102314",
    "author": "good****",
    "review": "현실 세계에 모습을 드러낸, 앞으로 나아가는 사랑이네요....캐릭터들도 빠짐없이 귀엽고, 영상과 스토리까지 매력적인 영화라고 생각합니다.",
    "rating": "9",
    "date": "14.08.30"
  },
  {
    "review_id": "9144911",
    "movie_id": "102314",
    "author": "kore****",
    "review": "무슨내용을 전달하고자 하는지 모르겠습니다",
    "rating": "2",
    "date": "14.08.30"
  },
  {
    "review_id": "9144833",
    "movie_id": "102314",
    "author": "myun****",
    "review": "프랑스 인디밴드 음악 작살나게 많이 나옵니다. 꽤 유명한 슈게이징 밴드 M83 노래도 나오고 아무튼 음악 선곡도 나쁘지 않습니당.",
    "rating": "10",
    "date": "14.08.30"
  },
  {
    "review_id": "9143648",
    "movie_id": "102314",
    "author": "534k****",
    "review": "오 샤이야 라보프 ㅋㅋ 몇년만이야",
    "rating": "10",
    "date": "14.08.29"
  },
  {
    "review_id": "9143607",
    "movie_id": "102314",
    "author": "andr****",
    "review": "약간은 허무맹랑한 이야기일 수 있으나 이걸 다만 사랑에 대한 이야기라 한다면 충분히 명작이다. 특히 배우들의 연기와 그리 많지 않은 대사들은 힘이 있고 여운이 있다.",
    "rating": "10",
    "date": "14.08.29"
  },
  {
    "review_id": "9143524",
    "movie_id": "102314",
    "author": "heli****",
    "review": "이건 조폭국가 루마니아 홍보영화인가? 신통치 않은 스토리에 신통치 않은 여우. 안 봐도 무방.",
    "rating": "5",
    "date": "14.08.29"
  },
  {
    "review_id": "9143225",
    "movie_id": "102314",
    "author": "skfr****",
    "review": "여러장르가 합쳐져있으면 이도저도아니고 뭔가 흐리멍텅한 느낌이거나 뭔가 덜본느낌인데 그런게 없는영화 일부러 늘리거나 자른게 없는것같은영화다",
    "rating": "8",
    "date": "14.08.29"
  },
  {
    "review_id": "9143092",
    "movie_id": "102314",
    "author": "dams****",
    "review": "샤이아 라보프의 찌질함과 순수함, 부쿠레슈티의 야경, 음악이 좋다.",
    "rating": "6",
    "date": "14.08.29"
  },
  {
    "review_id": "9142990",
    "movie_id": "102314",
    "author": "kann****",
    "review": "제목은 찰리 컨트리맨인데 Hello, gorgeous.만으로 나이젤의 영화가 되고 말았다...",
    "rating": "9",
    "date": "14.08.29"
  },
  {
    "review_id": "9142879",
    "movie_id": "102314",
    "author": "thes****",
    "review": "죽을 만큼 사랑 하는 사람이 있다면 한번쯤 봐도 나쁘진 않을듯 무비토크로 잘봤습니다.~",
    "rating": "6",
    "date": "14.08.29"
  },
  {
    "review_id": "9142785",
    "movie_id": "102314",
    "author": "iben****",
    "review": "스타일리시한 영상에 음악이 좋았네요. 무엇보다 샤이아 라보프는 이런 역할에 딱 어울리는 듯! 매즈 미켈슨은 뭐 말하면 입아픈!! ㅎㅎ",
    "rating": "10",
    "date": "14.08.29"
  },
  {
    "review_id": "9141640",
    "movie_id": "102314",
    "author": "back****",
    "review": "생각보다 볼만 했어요. 근데 극장이 없어서..ㅠㅜ 시간표도 없고... 아트나인까지 가서 보고 왔다는..",
    "rating": "8",
    "date": "14.08.28"
  },
  {
    "review_id": "9141512",
    "movie_id": "102314",
    "author": "nljm****",
    "review": "매즈 미켈슨 보러 갔다가 샤이아 한테 반해서 옴 이렇게 매력있는 배우인지 몰랐다 그의 연기중 최고인듯!!! 누구나 한번쯤 꿈꿔봤던 일생에 한번뿐일 로맨스도 좋았음",
    "rating": "10",
    "date": "14.08.28"
  },
  {
    "review_id": "9141325",
    "movie_id": "102314",
    "author": "he2e****",
    "review": "딱 커플끼리 가서 보기 좋음! 남친은 액션 즐기고 나는 로맨스 즐기고 굿굿",
    "rating": "10",
    "date": "14.08.28"
  },
  {
    "review_id": "9141317",
    "movie_id": "102314",
    "author": "ersy****",
    "review": "사랑을 위해 목숨을 던지는 멋진 남자의 이야기",
    "rating": "8",
    "date": "14.08.28"
  },
  {
    "review_id": "9140977",
    "movie_id": "102314",
    "author": "sey7****",
    "review": "매즈미켈슨의 나이젤 연기만으로도 10점 만점을 줄 수 있는 영화. 독특한 영상미+음악",
    "rating": "10",
    "date": "14.08.28"
  }
]