[
  {
    "review_id": "9759410",
    "movie_id": "102490",
    "author": "lion****",
    "review": "죄에 대한 죄를 짓지 말라는 강력한 메세지가 전달된다",
    "rating": "7",
    "date": "15.03.06"
  },
  {
    "review_id": "9617071",
    "movie_id": "102490",
    "author": "gall****",
    "review": "삼류 졸작 공포물. 정말 아무것도 보여줄게 없다",
    "rating": "1",
    "date": "15.01.20"
  },
  {
    "review_id": "9492330",
    "movie_id": "102490",
    "author": "kkij****",
    "review": "이정도면 감사한 공포 영화 영화제 상을탈만한 작품인데",
    "rating": "10",
    "date": "14.12.20"
  },
  {
    "review_id": "7976784",
    "movie_id": "102490",
    "author": "kos4****",
    "review": "죄값은 누가 계산하고, 누가 지불하나?",
    "rating": "2",
    "date": "13.09.14"
  },
  {
    "review_id": "7933863",
    "movie_id": "102490",
    "author": "adiv****",
    "review": "이류도 아닌 완젼 3류 영화...    이거 왜 만들었을까...??",
    "rating": "3",
    "date": "13.08.30"
  },
  {
    "review_id": "7465958",
    "movie_id": "102490",
    "author": "yang****",
    "review": "재미 더럽게없다..싸구려  삼류영화라고 1점준거 한국영화는 8~10점주네 매미OO",
    "rating": "1",
    "date": "13.04.18"
  },
  {
    "review_id": "7442800",
    "movie_id": "102490",
    "author": "kis5****",
    "review": "모 그런대로 볼만하네..",
    "rating": "7",
    "date": "13.04.07"
  },
  {
    "review_id": "7432426",
    "movie_id": "102490",
    "author": "choi****",
    "review": "괜찮은 소재를 감독의 역량 부족과 배우들의 발연기로 아주 엉망진창이된 영화",
    "rating": "1",
    "date": "13.04.03"
  },
  {
    "review_id": "7420803",
    "movie_id": "102490",
    "author": "qlen****",
    "review": "공포매니아로서..5점이다. 볼거리도 없고 스토리도 별로입니다.",
    "rating": "5",
    "date": "13.03.29"
  },
  {
    "review_id": "7407504",
    "movie_id": "102490",
    "author": "mdkd****",
    "review": "다른걸 다 떠나서 제목이 \"새크레이드\"가 뭐냐....네이버 영어사전만 찾아봐도 \"세이크리드\" 라고 뜰텐데...에휴...",
    "rating": "1",
    "date": "13.03.24"
  },
  {
    "review_id": "7329326",
    "movie_id": "102490",
    "author": "doky****",
    "review": "재미도 공포도 스릴도 전혀 없는 싸구려 삼류영화.",
    "rating": "1",
    "date": "13.03.07"
  },
  {
    "review_id": "7326823",
    "movie_id": "102490",
    "author": "spir****",
    "review": "기대를안하고봐서그런가 나름괜찮은영화입니다.   몰입도가 좋아요. 굳굳",
    "rating": "7",
    "date": "13.03.06"
  },
  {
    "review_id": "7303918",
    "movie_id": "102490",
    "author": "infa****",
    "review": "진짜 재미없다",
    "rating": "1",
    "date": "13.02.26"
  },
  {
    "review_id": "7300404",
    "movie_id": "102490",
    "author": "kpjl****",
    "review": "나름 볼만함! 킬링타임용으로 제격! 착하게 살자는 훈훈한 교훈!",
    "rating": "8",
    "date": "13.02.25"
  }
]