[
  {
    "review_id": "9328104",
    "movie_id": "102600",
    "author": "khb6****",
    "review": "너무너무 재밌습니다^^",
    "rating": "10",
    "date": "14.10.30"
  },
  {
    "review_id": "9201944",
    "movie_id": "102600",
    "author": "kjs9****",
    "review": "박원숙 빼라 너무 자기 주관적이다 볼때마다 불쾌하다",
    "rating": "1",
    "date": "14.09.10"
  },
  {
    "review_id": "9138885",
    "movie_id": "102600",
    "author": "namj****",
    "review": "넘넘재밌다.. 와아아아",
    "rating": "10",
    "date": "14.08.27"
  },
  {
    "review_id": "7687964",
    "movie_id": "102600",
    "author": "mink****",
    "review": "경규야 내가살렷다잉",
    "rating": "10",
    "date": "13.06.28"
  },
  {
    "review_id": "7619392",
    "movie_id": "102600",
    "author": "alis****",
    "review": "?",
    "rating": "1",
    "date": "13.06.09"
  }
]