[
  {
    "review_id": "9963734",
    "movie_id": "102683",
    "author": "teri****",
    "review": "누가 성우를 했기 때문에 1개 드림",
    "rating": "1",
    "date": "15.05.30"
  },
  {
    "review_id": "9456084",
    "movie_id": "102683",
    "author": "mjpw****",
    "review": "전문성우 섭외하고 영화 다시 올려라. 그래도 안볼꺼지만,,",
    "rating": "1",
    "date": "14.12.07"
  },
  {
    "review_id": "9218882",
    "movie_id": "102683",
    "author": "ske4****",
    "review": "딴따라 더빙이 이 영화를 망쳐버렸다!!!  그러니까 전문 성우를 썼어야지!!",
    "rating": "10",
    "date": "14.09.16"
  },
  {
    "review_id": "8985225",
    "movie_id": "102683",
    "author": "dlvm****",
    "review": "리들리 스콧의 글래디에이터 보려고했는데 왜 이게 나오는거야",
    "rating": "5",
    "date": "14.07.30"
  },
  {
    "review_id": "8912533",
    "movie_id": "102683",
    "author": "suyo****",
    "review": "빠침서ㅓ어너어저ㅣㅕ애ㅕ냐ㅛ내ㅕ내6",
    "rating": "1",
    "date": "14.07.13"
  },
  {
    "review_id": "8898436",
    "movie_id": "102683",
    "author": "rain****",
    "review": "검색할때 왜이게먼저나오냐짜증난다진짜",
    "rating": "1",
    "date": "14.07.09"
  },
  {
    "review_id": "8841954",
    "movie_id": "102683",
    "author": "sltl****",
    "review": "영화 검색하기 귀찮게 만들어서 1점",
    "rating": "1",
    "date": "14.06.20"
  },
  {
    "review_id": "8731955",
    "movie_id": "102683",
    "author": "jung****",
    "review": "네이버에 글래디에이터 검색하면 왜 이딴 영화가나오냐?",
    "rating": "1",
    "date": "14.05.15"
  },
  {
    "review_id": "8630255",
    "movie_id": "102683",
    "author": "ans8****",
    "review": "글래디에이터완전재밌을듯!제.아광희랑 쥬얼리예원 둘다 목소리가특이해서보는데 지루하지않을것같다!",
    "rating": "10",
    "date": "14.04.05"
  },
  {
    "review_id": "8628923",
    "movie_id": "102683",
    "author": "ejrg****",
    "review": "아니무슨 명작글래디에이터를 가리냐ㅡㅡ",
    "rating": "1",
    "date": "14.04.05"
  },
  {
    "review_id": "8552631",
    "movie_id": "102683",
    "author": "asul****",
    "review": "이 글래디에이터 볼라고 검색한게 아닌데",
    "rating": "1",
    "date": "14.03.02"
  },
  {
    "review_id": "8531540",
    "movie_id": "102683",
    "author": "king****",
    "review": "어떻게 이딴게 러셀크로우 글래디에이터를 제끼고 먼저 검색이되는겨",
    "rating": "1",
    "date": "14.02.23"
  },
  {
    "review_id": "8385417",
    "movie_id": "102683",
    "author": "brig****",
    "review": "인간적으로  광희, 예원은 연기 자체를 하면 안되겠다...",
    "rating": "1",
    "date": "14.01.15"
  },
  {
    "review_id": "8220630",
    "movie_id": "102683",
    "author": "zb76****",
    "review": "성우를 쓰라구요 성우를.. 비싸게 연예인 불러서 망치지 말구요.",
    "rating": "5",
    "date": "13.12.17"
  },
  {
    "review_id": "8182306",
    "movie_id": "102683",
    "author": "gore****",
    "review": "아무리그래도 러셀크로우나오는 글래디에이터를 가리면 어떡해",
    "rating": "1",
    "date": "13.12.01"
  },
  {
    "review_id": "7797078",
    "movie_id": "102683",
    "author": "hone****",
    "review": "드래곤 네스트 하러가야지",
    "rating": "1",
    "date": "13.07.29"
  },
  {
    "review_id": "7793249",
    "movie_id": "102683",
    "author": "foun****",
    "review": "일단 영화가 재미없는것도 있지만 더빙이 개 병맛이라 완전 망했다고 봐야지.와 진짜 깜짝 놀랐다 헉소리 나더라",
    "rating": "2",
    "date": "13.07.28"
  },
  {
    "review_id": "7790540",
    "movie_id": "102683",
    "author": "ask2****",
    "review": "영화 잘되면 연예인 성우 덕, 안되면 작품탓을 하는 더빙 책임자의 불편한 진실. 그 반대인데..",
    "rating": "1",
    "date": "13.07.27"
  },
  {
    "review_id": "7788496",
    "movie_id": "102683",
    "author": "rhkd****",
    "review": "이야~ 참 답이없네요 성우쓰라니까 참내 성우연기 더럽게 못하는가수  써서 뭐하게요?  영화 베리지 말고 차라리 성우쓰리라고요가수 쓰면 뭐 대박 날줄아나 봅니다..에휴....",
    "rating": "1",
    "date": "13.07.26"
  },
  {
    "review_id": "7784152",
    "movie_id": "102683",
    "author": "qazx****",
    "review": "제발 이제 캐릭터랑 맞지도 않는 사람 가져다가 쓰지 마세요 이러니까 대한민국 성우가 있을자리가 없잖아요..",
    "rating": "1",
    "date": "13.07.25"
  },
  {
    "review_id": "7780348",
    "movie_id": "102683",
    "author": "ksp9****",
    "review": "ㅋ..",
    "rating": "1",
    "date": "13.07.24"
  },
  {
    "review_id": "7778768",
    "movie_id": "102683",
    "author": "calv****",
    "review": "티모충 ㅋㅋㅋ",
    "rating": "1",
    "date": "13.07.23"
  },
  {
    "review_id": "7777734",
    "movie_id": "102683",
    "author": "jjhj****",
    "review": "대한민국 성우들 다 죽여라. 가수를 성우로 쓰고 자빠졌네..",
    "rating": "1",
    "date": "13.07.23"
  },
  {
    "review_id": "7777589",
    "movie_id": "102683",
    "author": "visu****",
    "review": "글래디에이터:로마영웅탄생의비밀dvd(일반판,블루레이,3d)가 안옵니다*참고로(인터넷 쇼핑물은 절대로 안옵니다)*",
    "rating": "1",
    "date": "13.07.23"
  },
  {
    "review_id": "7776082",
    "movie_id": "102683",
    "author": "iamk****",
    "review": "허허 이런 영화는 보면안되..",
    "rating": "1",
    "date": "13.07.22"
  },
  {
    "review_id": "7775836",
    "movie_id": "102683",
    "author": "khdi****",
    "review": "OO 이딴걸 뭐 대단하다고 재개봉하냐... ㅡㅡ;",
    "rating": "1",
    "date": "13.07.22"
  },
  {
    "review_id": "7775374",
    "movie_id": "102683",
    "author": "joon****",
    "review": "배우소개는 왜 저 둘뿐이야...1인 다역인가? ㅡ,.ㅡ;;",
    "rating": "1",
    "date": "13.07.22"
  },
  {
    "review_id": "7773582",
    "movie_id": "102683",
    "author": "kubo****",
    "review": "딴따라가 성우질해서 1점",
    "rating": "1",
    "date": "13.07.22"
  },
  {
    "review_id": "7771446",
    "movie_id": "102683",
    "author": "sung****",
    "review": "다른건 몰라도 진짜 목소리가 닮은 거 아니면 연예인/개그맨 성우캐스팅 하지좀 말았으면…",
    "rating": "1",
    "date": "13.07.21"
  },
  {
    "review_id": "7765725",
    "movie_id": "102683",
    "author": "gjdl****",
    "review": "요즘 3D야동도 이것보단 잘나온다",
    "rating": "1",
    "date": "13.07.20"
  },
  {
    "review_id": "7762817",
    "movie_id": "102683",
    "author": "pgiw****",
    "review": "알바들 힘내세요 어차피 돈받고하지 우리는 돈날리고 하는거에요",
    "rating": "1",
    "date": "13.07.19"
  },
  {
    "review_id": "7761316",
    "movie_id": "102683",
    "author": "kdh4****",
    "review": "성우좀 쓰자",
    "rating": "1",
    "date": "13.07.19"
  },
  {
    "review_id": "7757635",
    "movie_id": "102683",
    "author": "kirb****",
    "review": "나의 티모를 더럽히지마",
    "rating": "1",
    "date": "13.07.18"
  },
  {
    "review_id": "7750436",
    "movie_id": "102683",
    "author": "qoal****",
    "review": "더빙 진짜....",
    "rating": "1",
    "date": "13.07.17"
  },
  {
    "review_id": "7655210",
    "movie_id": "102683",
    "author": "youn****",
    "review": "더빙 최악! 그래픽,스토리 모든게 최악임",
    "rating": "1",
    "date": "13.06.18"
  },
  {
    "review_id": "7523889",
    "movie_id": "102683",
    "author": "outl****",
    "review": "GG",
    "rating": "10",
    "date": "13.05.12"
  },
  {
    "review_id": "7467365",
    "movie_id": "102683",
    "author": "hain****",
    "review": "재미있겠다",
    "rating": "10",
    "date": "13.04.18"
  },
  {
    "review_id": "7465028",
    "movie_id": "102683",
    "author": "tall****",
    "review": "그냥gn",
    "rating": "7",
    "date": "13.04.17"
  },
  {
    "review_id": "7462667",
    "movie_id": "102683",
    "author": "choc****",
    "review": "더빙 얘네가 한다고 할때부터 망할스멜. 영화 자체도 그닥..",
    "rating": "1",
    "date": "13.04.16"
  },
  {
    "review_id": "7422815",
    "movie_id": "102683",
    "author": "stel****",
    "review": "재미 있어요 특히 예원과 광희의 목소리 연기가 어울리네여",
    "rating": "10",
    "date": "13.03.30"
  },
  {
    "review_id": "7421309",
    "movie_id": "102683",
    "author": "youn****",
    "review": "재밌다 ^^",
    "rating": "10",
    "date": "13.03.30"
  },
  {
    "review_id": "7410105",
    "movie_id": "102683",
    "author": "bokn****",
    "review": "어제 아들이랑 보고왓어요 넘 재미있던데요^^",
    "rating": "9",
    "date": "13.03.25"
  },
  {
    "review_id": "7406501",
    "movie_id": "102683",
    "author": "smil****",
    "review": "재밌어요>_< 근데 광희 목소리연기 쫌 이상해요;; 그래도 별9개!!",
    "rating": "9",
    "date": "13.03.24"
  },
  {
    "review_id": "7405678",
    "movie_id": "102683",
    "author": "kong****",
    "review": "제발 연예인 더빙좀 쓰지말라고!!!!!!!",
    "rating": "4",
    "date": "13.03.24"
  },
  {
    "review_id": "7402511",
    "movie_id": "102683",
    "author": "hcm0****",
    "review": "대박엄청잼나요그러니★★★★★10개드립니다",
    "rating": "10",
    "date": "13.03.23"
  },
  {
    "review_id": "7402127",
    "movie_id": "102683",
    "author": "whtn****",
    "review": "rkatk",
    "rating": "3",
    "date": "13.03.23"
  },
  {
    "review_id": "7399799",
    "movie_id": "102683",
    "author": "bbla****",
    "review": "왜!!!",
    "rating": "1",
    "date": "13.03.23"
  },
  {
    "review_id": "7399324",
    "movie_id": "102683",
    "author": "qkqk****",
    "review": "제가 보진 않았고 제 사촌동생이 봐서 줄거리를 알려줬는데  너무 재미있네요...직접보면 재미있을것같아서 이번 주말에 갈려구요....  기대 됩니다.",
    "rating": "7",
    "date": "13.03.23"
  },
  {
    "review_id": "7398041",
    "movie_id": "102683",
    "author": "ruda****",
    "review": "평점 주기 놀이가 아니다. 의리일 뿐이다",
    "rating": "1",
    "date": "13.03.23"
  },
  {
    "review_id": "7394458",
    "movie_id": "102683",
    "author": "xodh****",
    "review": "너무 유익하고 좋은 애니메이션임!! 정말 극장에서 꼭 보셔야함!!!!!!!! 아이들도 너무 좋아하고, 진정한 웰메이드 애니메이션!!!",
    "rating": "10",
    "date": "13.03.22"
  },
  {
    "review_id": "7394429",
    "movie_id": "102683",
    "author": "rose****",
    "review": "영화 보지도 않고 1점 평점주기 놀이 하지 맙시다 ㅡㅡ 의리고 으리고 좀 작작하시죠",
    "rating": "10",
    "date": "13.03.22"
  },
  {
    "review_id": "7394422",
    "movie_id": "102683",
    "author": "carr****",
    "review": "글래디에이터 우리 가족은 되게 재밌게 봤는데...... 여기도 1점 평점주기 놀이 심각하네 ㅡㅡ",
    "rating": "10",
    "date": "13.03.22"
  },
  {
    "review_id": "7394405",
    "movie_id": "102683",
    "author": "bmy1****",
    "review": "글래디에이터 완전 재밌었음~!! 스피드한 전개에 전혀 지루하지 않고, 광희 예원 더빙도 기대 이상~:D",
    "rating": "10",
    "date": "13.03.22"
  },
  {
    "review_id": "7394401",
    "movie_id": "102683",
    "author": "sua_****",
    "review": "초등학생 조카들이 재밌다고 난리..",
    "rating": "10",
    "date": "13.03.22"
  },
  {
    "review_id": "7394397",
    "movie_id": "102683",
    "author": "misa****",
    "review": "강추입니다!! 어른도 아이도 모두가 만족할 수 있는 애니메이션입니다^^",
    "rating": "10",
    "date": "13.03.22"
  },
  {
    "review_id": "7384255",
    "movie_id": "102683",
    "author": "thef****",
    "review": "아이를 위한다면 의리의 영화 영웅을 봐야지 ㅡㅡ  의리!",
    "rating": "1",
    "date": "13.03.21"
  },
  {
    "review_id": "7381509",
    "movie_id": "102683",
    "author": "hdds****",
    "review": "너무하네요 에그",
    "rating": "1",
    "date": "13.03.21"
  },
  {
    "review_id": "7380676",
    "movie_id": "102683",
    "author": "ycmo****",
    "review": "제목만 보고 글래디에이터 전편쯤 되는줄 알았네.ㅋ라디오스타나 봐야지.ㅋ",
    "rating": "2",
    "date": "13.03.20"
  },
  {
    "review_id": "7380077",
    "movie_id": "102683",
    "author": "liis****",
    "review": "아이랑 같이 봣다가 으리없다고 중간에 나왓습니다...너무하네요ㅡㅡ",
    "rating": "1",
    "date": "13.03.20"
  },
  {
    "review_id": "7379823",
    "movie_id": "102683",
    "author": "fall****",
    "review": "아이가 재밌게 잘봤대요ㅎㅎ",
    "rating": "10",
    "date": "13.03.20"
  },
  {
    "review_id": "7379807",
    "movie_id": "102683",
    "author": "rose****",
    "review": "재밌게 잘봤습니다^^",
    "rating": "9",
    "date": "13.03.20"
  },
  {
    "review_id": "7379652",
    "movie_id": "102683",
    "author": "ose0****",
    "review": "으리가없는영화다 1점준다",
    "rating": "1",
    "date": "13.03.20"
  },
  {
    "review_id": "7379457",
    "movie_id": "102683",
    "author": "domi****",
    "review": "의리가없네",
    "rating": "1",
    "date": "13.03.20"
  },
  {
    "review_id": "7379388",
    "movie_id": "102683",
    "author": "duao****",
    "review": "가족영화로넘재미있고 아이들교육효과도좋아요",
    "rating": "10",
    "date": "13.03.20"
  },
  {
    "review_id": "7379000",
    "movie_id": "102683",
    "author": "down****",
    "review": "의리도 없는 ㅡ 애니메이션",
    "rating": "1",
    "date": "13.03.20"
  },
  {
    "review_id": "7378413",
    "movie_id": "102683",
    "author": "whdu****",
    "review": "티모충 박멸",
    "rating": "1",
    "date": "13.03.20"
  },
  {
    "review_id": "7377102",
    "movie_id": "102683",
    "author": "mela****",
    "review": "예고편만 봐도 광희더빙때매 망한다 ㅋㅋ 진심 돈버리냐 ㅋㅋㅋ",
    "rating": "1",
    "date": "13.03.20"
  },
  {
    "review_id": "7375101",
    "movie_id": "102683",
    "author": "rlar****",
    "review": "지루하고 졸리다. 극장에 가서 동생때문에 보게됫으나 돈낭비인영화",
    "rating": "1",
    "date": "13.03.20"
  },
  {
    "review_id": "7371576",
    "movie_id": "102683",
    "author": "tk85****",
    "review": "ㅋ",
    "rating": "1",
    "date": "13.03.19"
  },
  {
    "review_id": "7371320",
    "movie_id": "102683",
    "author": "rhtn****",
    "review": "OO같네",
    "rating": "1",
    "date": "13.03.19"
  },
  {
    "review_id": "7370191",
    "movie_id": "102683",
    "author": "didd****",
    "review": "아주 재미있네요!!!!!!!!!!!!",
    "rating": "10",
    "date": "13.03.19"
  },
  {
    "review_id": "7365433",
    "movie_id": "102683",
    "author": "5141****",
    "review": "광희를 더빙으로 썻으니 1점줘야지 사실1점도아깝다",
    "rating": "1",
    "date": "13.03.19"
  },
  {
    "review_id": "7362036",
    "movie_id": "102683",
    "author": "kand****",
    "review": "앞에 쪽 보변 뒤 쪽은 안 보고도 알겟다....",
    "rating": "1",
    "date": "13.03.18"
  },
  {
    "review_id": "7361944",
    "movie_id": "102683",
    "author": "thwj****",
    "review": "광희오빠~ 사랑해요",
    "rating": "10",
    "date": "13.03.18"
  },
  {
    "review_id": "7361829",
    "movie_id": "102683",
    "author": "jhh3****",
    "review": "재미는 있지만 스토리 구성이 안좋다",
    "rating": "7",
    "date": "13.03.18"
  },
  {
    "review_id": "7361667",
    "movie_id": "102683",
    "author": "youd****",
    "review": "리그오브 레전드?",
    "rating": "9",
    "date": "13.03.18"
  },
  {
    "review_id": "7361052",
    "movie_id": "102683",
    "author": "dant****",
    "review": "알바그만/아이들에겐평타 어른에겐 쓰레기/이야기도 주인공도 매력없고/광희 다신연기하지마 인물과 싱크로율제로",
    "rating": "3",
    "date": "13.03.18"
  },
  {
    "review_id": "7360683",
    "movie_id": "102683",
    "author": "enjo****",
    "review": "보지마",
    "rating": "1",
    "date": "13.03.18"
  },
  {
    "review_id": "7360671",
    "movie_id": "102683",
    "author": "rimy****",
    "review": "재밌네요! 추천합니다",
    "rating": "10",
    "date": "13.03.18"
  },
  {
    "review_id": "7360498",
    "movie_id": "102683",
    "author": "chri****",
    "review": "울딸 보고나서 '너무 뻔한 스토리다' 라고 하네요. 정말 뻔한 스토리에 개성없는 캐릭터..최근본것중에서 가장 재미없었다는...",
    "rating": "1",
    "date": "13.03.18"
  },
  {
    "review_id": "7360497",
    "movie_id": "102683",
    "author": "agw1****",
    "review": "티모보다도.. 베이비글래디에이터들과 특히.. 곰!!!ㅋ 완전 매력적인 캐릭터였음 ㅎㅎ",
    "rating": "9",
    "date": "13.03.18"
  },
  {
    "review_id": "7360496",
    "movie_id": "102683",
    "author": "juja****",
    "review": "사실.. 그닥 땡기진 않았는데 ㅋ 조카가 하도 보자고보자고 해서 가서 본 영화. 근데 내가 더 빠지게 되어 버린.. 그런 애니메이션 ㅋ 어른이 봐도 재미있는 애니메이션!!",
    "rating": "10",
    "date": "13.03.18"
  },
  {
    "review_id": "7360490",
    "movie_id": "102683",
    "author": "dawo****",
    "review": "친구랑 같이 애니메이션 한편 때리고자 극장에 갔는데... 생각보다 재미있었음!! 광희나 예원이도 어색하지 않고, 뭐랄까... 예전 글래디에이터를 다시 한번 보게 되는 추억도 생긴달까..?ㅋ",
    "rating": "10",
    "date": "13.03.18"
  },
  {
    "review_id": "7360487",
    "movie_id": "102683",
    "author": "mone****",
    "review": "크흑... 조카랑 같이 보러 갔는데... 조카가 막 재밌다고 또 보러 가자고 하네요 ㅋ 저도 재밌게 봤습니당~",
    "rating": "10",
    "date": "13.03.18"
  },
  {
    "review_id": "7360484",
    "movie_id": "102683",
    "author": "2yee****",
    "review": "재밌게 잘 봤습니다~ 특히 후반부에 스펙터클한 장면들이 뇌리에 콕 박히네요!",
    "rating": "10",
    "date": "13.03.18"
  },
  {
    "review_id": "7360295",
    "movie_id": "102683",
    "author": "kuha****",
    "review": "재미도 감동도 교훈도 없는...영화에서 도대체 누가 영웅인가요?그리고 더빙... 한마디로 저질입니다.집중을 할 수가 없었음... 혀가 짧아도 너무 짧아...",
    "rating": "1",
    "date": "13.03.18"
  },
  {
    "review_id": "7360287",
    "movie_id": "102683",
    "author": "baks****",
    "review": "//글라디 에이터//라고 쓰고//글마요즘뭐하노?//라고 읽는다...(웃음)",
    "rating": "3",
    "date": "13.03.18"
  },
  {
    "review_id": "7359685",
    "movie_id": "102683",
    "author": "chae****",
    "review": "동생이랑 잘 보고왔습니다. 지금까지 본 영화중에 제일 재밌었다고 하더군요ㅎ 물론 저도 엄청 재밌게 봤구요ㅎ광희오빠가 극중 분위기와 유쾌함을 더 잘살려준것같고 예원양도 더빙 잘했어요!캐스팅도 잘된것같고 누구나 재밌게 볼수있는 영화인것같고 강추합니다!",
    "rating": "10",
    "date": "13.03.18"
  },
  {
    "review_id": "7359579",
    "movie_id": "102683",
    "author": "pong****",
    "review": "재미있게 즐감했어요 아이들이 볼만해요",
    "rating": "10",
    "date": "13.03.18"
  },
  {
    "review_id": "7358427",
    "movie_id": "102683",
    "author": "cmr4****",
    "review": "내용은뻔하지만 광희목소리가 캐릭터를살린것같네요",
    "rating": "7",
    "date": "13.03.17"
  },
  {
    "review_id": "7357722",
    "movie_id": "102683",
    "author": "0thd****",
    "review": "제발 아이돌 더빙좀 하지마라.정말 못들어주겠다. 그리고 영화 자체도 별로다.재미도 없고 그 끔찍한 과거를 어린이용 영화로 제작해서어린이들에게 잘못된 생각을 심어준다.전체적으로 쓰레기다.",
    "rating": "1",
    "date": "13.03.17"
  },
  {
    "review_id": "7357184",
    "movie_id": "102683",
    "author": "sjeo****",
    "review": "킁킁 어디서 망한냄새 나지 않아요?",
    "rating": "1",
    "date": "13.03.17"
  },
  {
    "review_id": "7356788",
    "movie_id": "102683",
    "author": "sksm****",
    "review": "광희오빠♥예원오삐 짱잘해용 화이팅!!",
    "rating": "10",
    "date": "13.03.17"
  },
  {
    "review_id": "7356380",
    "movie_id": "102683",
    "author": "happ****",
    "review": "목소리가 영화를 이렇게 망칠 수도 있구나 생각이 드네요.",
    "rating": "1",
    "date": "13.03.17"
  },
  {
    "review_id": "7356287",
    "movie_id": "102683",
    "author": "cryo****",
    "review": "성우들에게 돌아갈 몇개월치 생활비을 상업성짙은 유명 연예인에게 안겨주는 걸왜 우리는 이렇게 당연하게 여기는 걸까!",
    "rating": "1",
    "date": "13.03.17"
  },
  {
    "review_id": "7354427",
    "movie_id": "102683",
    "author": "jush****",
    "review": "온가족들이 봤는데 아빠는 주무시고 우리는 엄청 재밌있었어요.*^^* 어린이 들이 보기에는 대박 짱 재미있어요!!!*^6*",
    "rating": "9",
    "date": "13.03.16"
  },
  {
    "review_id": "7354245",
    "movie_id": "102683",
    "author": "sble****",
    "review": "광희오빠 더빙해서 기분 짱 좋네요ㅎㅎ 재밌어요!!!!!!~",
    "rating": "10",
    "date": "13.03.16"
  },
  {
    "review_id": "7353728",
    "movie_id": "102683",
    "author": "giun****",
    "review": "광희예원이더빙한데서 걱정했는데 사촌동생들도재밌어하고~재밌었어요~",
    "rating": "10",
    "date": "13.03.16"
  },
  {
    "review_id": "7353275",
    "movie_id": "102683",
    "author": "acjw****",
    "review": "더빙때문에 우려했는데 생각보다 괜찮았고 스토리도 나름 재미있습니다.",
    "rating": "7",
    "date": "13.03.16"
  },
  {
    "review_id": "7353071",
    "movie_id": "102683",
    "author": "best****",
    "review": "지금보는중ㅠㅠㅠㅠ 광희라는애가 더빙? 개판~ 아짜증 ~~ 애들하고 보러와소 상영중에 이거 쓴다. 왠만해선 귀차나서 안쓰는데 이건뭐~ 해도해도너무한다 ㅡㅡ 목소리 왜저래 ㅜㅜ 말투는또~ 돈아까워_~ 연습좀 하던가 성우문들한테 과외라도받어보지 무ㅗ야~",
    "rating": "1",
    "date": "13.03.16"
  }
]