[
  {
    "review_id": "10127484",
    "movie_id": "102620",
    "author": "ovau****",
    "review": "진짜 OOO싶냐 짜증ㅡㅡ",
    "rating": "1",
    "date": "15.07.22"
  },
  {
    "review_id": "9764693",
    "movie_id": "102620",
    "author": "limh****",
    "review": "진짜..이런 영화 만드신 분들께는 죄송한 말씀이시지만 영화,정말 재미없어요,스토리 진행도 엉망이고 긴장감이 없어요.이집트 영화면 그 배경대로 진행해야 하는데 SF 같기도 해요.제 생에 이런 영화는 처음입니다.",
    "rating": "5",
    "date": "15.03.08"
  },
  {
    "review_id": "9482036",
    "movie_id": "102620",
    "author": "jdg1****",
    "review": "욕나온다. 시간참 아깝다.",
    "rating": "1",
    "date": "14.12.17"
  },
  {
    "review_id": "9470503",
    "movie_id": "102620",
    "author": "nav2****",
    "review": "미이라시리즈인줄 알았다가 ....개털이네",
    "rating": "1",
    "date": "14.12.13"
  },
  {
    "review_id": "9459139",
    "movie_id": "102620",
    "author": "dhwn****",
    "review": "그래도 열심히만든영화인데 너무욕하지마세요!!",
    "rating": "10",
    "date": "14.12.08"
  },
  {
    "review_id": "9458787",
    "movie_id": "102620",
    "author": "zptn****",
    "review": "10자도 필요없어 한마디면된다 맞을레??",
    "rating": "1",
    "date": "14.12.08"
  },
  {
    "review_id": "9449444",
    "movie_id": "102620",
    "author": "inbb****",
    "review": "아처나이처나키니마주라터나달",
    "rating": "1",
    "date": "14.12.05"
  },
  {
    "review_id": "9390149",
    "movie_id": "102620",
    "author": "adiv****",
    "review": "진짜 지루하다.  마지막순간 까지 지루지루",
    "rating": "2",
    "date": "14.11.16"
  },
  {
    "review_id": "9362983",
    "movie_id": "102620",
    "author": "ar02****",
    "review": "♬선물할게, 우베 볼 영화 디브이디를~ 기대해도 좋을걸, 나의 선물을~ 나보다 더 참혹한 경험 하게 해줄께~ 어서 봐, 기다릴게... 크레딧 문앞에~~~♬",
    "rating": "1",
    "date": "14.11.09"
  },
  {
    "review_id": "9342748",
    "movie_id": "102620",
    "author": "ktpa****",
    "review": "아오 내돈 아까워 아오;;;;",
    "rating": "1",
    "date": "14.11.05"
  },
  {
    "review_id": "9301934",
    "movie_id": "102620",
    "author": "orde****",
    "review": "최악중에최악 1점도 아깝다",
    "rating": "1",
    "date": "14.10.19"
  },
  {
    "review_id": "9271269",
    "movie_id": "102620",
    "author": "cane****",
    "review": "돈도 아깝고 시간도 아깝고... 짱난다.. 이런걸 만들어 개봉할 생각을 하다니 감독도 대단하다",
    "rating": "1",
    "date": "14.10.07"
  },
  {
    "review_id": "9262048",
    "movie_id": "102620",
    "author": "hyun****",
    "review": "완전 꿀잼이네ㅋㅋㅋㅋ",
    "rating": "1",
    "date": "14.10.04"
  },
  {
    "review_id": "9245501",
    "movie_id": "102620",
    "author": "qat3****",
    "review": "솔직히 이건 너무하잖아 ㅋㅋㅋ",
    "rating": "1",
    "date": "14.09.28"
  },
  {
    "review_id": "9229450",
    "movie_id": "102620",
    "author": "happ****",
    "review": "이렇게 재미없게 영화를 만들기도 힘들거다.",
    "rating": "1",
    "date": "14.09.20"
  },
  {
    "review_id": "9220756",
    "movie_id": "102620",
    "author": "mmob****",
    "review": "제목하고 달리 미이라등장 비중도 꽤 낮고 스토리도  3편보다 더 지루했던 영화",
    "rating": "2",
    "date": "14.09.17"
  },
  {
    "review_id": "9217414",
    "movie_id": "102620",
    "author": "soul****",
    "review": "사상 최악쓰레기의 영화",
    "rating": "1",
    "date": "14.09.15"
  },
  {
    "review_id": "9215554",
    "movie_id": "102620",
    "author": "brit****",
    "review": "이걸 돈 주고 시간 들이고 보다니;;",
    "rating": "1",
    "date": "14.09.14"
  },
  {
    "review_id": "9208572",
    "movie_id": "102620",
    "author": "wjdw****",
    "review": "미이라3와는 다른 느낌으로 보는내내 손에 땀을쥐게한 정말 기억에 남을 영화!! 앞으로 3번은 더  보지 않을까 . 안보신분들 평점깍이놀이 자제바람.",
    "rating": "9",
    "date": "14.09.12"
  },
  {
    "review_id": "9198584",
    "movie_id": "102620",
    "author": "licj****",
    "review": "재미없어  졸려 최악이야",
    "rating": "1",
    "date": "14.09.10"
  },
  {
    "review_id": "9183293",
    "movie_id": "102620",
    "author": "wjsg****",
    "review": "미이라 시리즈중에서 최악이다",
    "rating": "1",
    "date": "14.09.08"
  },
  {
    "review_id": "9182904",
    "movie_id": "102620",
    "author": "sowk****",
    "review": "그냥 쓰레기네. 할말없는 쓰레기네.",
    "rating": "1",
    "date": "14.09.08"
  },
  {
    "review_id": "9171932",
    "movie_id": "102620",
    "author": "soul****",
    "review": "뭐 이런 개떡같은 영화가...기분좋게 치맥하면서 보다가 기분 잡쳤네",
    "rating": "1",
    "date": "14.09.06"
  },
  {
    "review_id": "9156177",
    "movie_id": "102620",
    "author": "deat****",
    "review": "난 방금 채널 cgv에서 재밌게 봤는데..",
    "rating": "10",
    "date": "14.09.02"
  },
  {
    "review_id": "9154279",
    "movie_id": "102620",
    "author": "jiah****",
    "review": "아낙수나문 나오는게 아니네",
    "rating": "1",
    "date": "14.09.01"
  },
  {
    "review_id": "9152598",
    "movie_id": "102620",
    "author": "hugo****",
    "review": "아오 대박! 1점도 주기 아까운영화 진짜 대박ㅋㅋ 평점부터 확인할걸 아 시간아까워ㅠ 이런OOO영화를 만든 감독님의 용기가 존경스럽다",
    "rating": "1",
    "date": "14.09.01"
  },
  {
    "review_id": "9152364",
    "movie_id": "102620",
    "author": "noor****",
    "review": "쓰레기펑점 보고 볼껄 ㅠㅠ",
    "rating": "1",
    "date": "14.09.01"
  },
  {
    "review_id": "9150408",
    "movie_id": "102620",
    "author": "exia****",
    "review": "9999 × 0  점이 아깝지 않은 영화!진짜 강추!",
    "rating": "1",
    "date": "14.08.31"
  },
  {
    "review_id": "9148296",
    "movie_id": "102620",
    "author": "madu****",
    "review": "OOO임^^ 이런영화에 무슨 최소 10자이상 입력하래 ㅋㅋ",
    "rating": "1",
    "date": "14.08.30"
  },
  {
    "review_id": "9147968",
    "movie_id": "102620",
    "author": "miji****",
    "review": "최악. . . ㅜ 다른 단어가 생각나지 않는영화. .",
    "rating": "1",
    "date": "14.08.30"
  },
  {
    "review_id": "9139502",
    "movie_id": "102620",
    "author": "qqqw****",
    "review": "한개도 아깝다 내돈내놔 아오",
    "rating": "1",
    "date": "14.08.28"
  },
  {
    "review_id": "9136121",
    "movie_id": "102620",
    "author": "love****",
    "review": "최악의 미라영화~~절대 보지 마시길....",
    "rating": "1",
    "date": "14.08.26"
  },
  {
    "review_id": "9135044",
    "movie_id": "102620",
    "author": "3694****",
    "review": "올레티비에서 결제하고 본영화무료영화였어도 시간이 아까운영화실망실망 대~~~박실망주인공,연기력,내용,그래픽..뭐하나 볼게없는 영화어이없고 헛웃음만 나옴진짜 제목에 낚인 꼴~--;;",
    "rating": "1",
    "date": "14.08.26"
  },
  {
    "review_id": "9134817",
    "movie_id": "102620",
    "author": "im52****",
    "review": "집에서 이거 보고 공부할려했는데 30분 지나니 공부하고 있는 나를 발견하게 되었다.",
    "rating": "1",
    "date": "14.08.26"
  },
  {
    "review_id": "9132527",
    "movie_id": "102620",
    "author": "good****",
    "review": "정말 재밌고 흥미진진한 영화",
    "rating": "10",
    "date": "14.08.25"
  },
  {
    "review_id": "9124621",
    "movie_id": "102620",
    "author": "egs7****",
    "review": "미이라의 명성을 갉아먹는 영화 헐리우드에서 미이라 이름을 빌려다쓴 배급사 고소해야함",
    "rating": "1",
    "date": "14.08.23"
  },
  {
    "review_id": "9120582",
    "movie_id": "102620",
    "author": "ijk4****",
    "review": "아 내 칠천원 ; 차라리 이거 볼 돈으로 롤스킨이나지를걸별하나주기도아깝다",
    "rating": "1",
    "date": "14.08.22"
  },
  {
    "review_id": "9120559",
    "movie_id": "102620",
    "author": "toro****",
    "review": "심각하다 졸작이네ㅠ 내가미쳤지 이걸보다니 휴=.=",
    "rating": "1",
    "date": "14.08.22"
  },
  {
    "review_id": "9117579",
    "movie_id": "102620",
    "author": "whwl****",
    "review": "욕나오네 시간낭비 돈낭비",
    "rating": "1",
    "date": "14.08.21"
  },
  {
    "review_id": "9102944",
    "movie_id": "102620",
    "author": "fhzh****",
    "review": "대박이다 피라미드 조사하러 안에가서 미라피하다가 피라미드 무너지고 끝임 쩐다 돈이 이렇게 아까울수 없다",
    "rating": "1",
    "date": "14.08.17"
  },
  {
    "review_id": "9101147",
    "movie_id": "102620",
    "author": "rlac****",
    "review": "이영화보는자체가고통",
    "rating": "1",
    "date": "14.08.17"
  },
  {
    "review_id": "9099647",
    "movie_id": "102620",
    "author": "nyun****",
    "review": "인생 최대의 쓰렉 영화 야이 OOO들아 OO래??개사기 4.500원 버림 돈과 시간이 아까움  감독 잡으러갈뻔했네",
    "rating": "1",
    "date": "14.08.17"
  },
  {
    "review_id": "9098078",
    "movie_id": "102620",
    "author": "slek****",
    "review": "나도 나만당할순없다 !!",
    "rating": "10",
    "date": "14.08.16"
  },
  {
    "review_id": "9088290",
    "movie_id": "102620",
    "author": "mido****",
    "review": "왜 별점이 0점은 없는거죠? 아씨 억울해.. 아까운 돈과 시간!",
    "rating": "1",
    "date": "14.08.15"
  },
  {
    "review_id": "9073253",
    "movie_id": "102620",
    "author": "newm****",
    "review": "개낚시 영화네. 올레티비 양심도 없네. 이걸 영화라고 만들엇냐애들 졸업작품도 이것보다 잼잇겠다",
    "rating": "1",
    "date": "14.08.12"
  },
  {
    "review_id": "9070031",
    "movie_id": "102620",
    "author": "nhap****",
    "review": "기존 미이라 시리즈가 아닌 전혀 다른 미이라입니다착각하실까봐 알려드려요정말 돈주고 보신다면 눈물 흘리실거에요비추입니다",
    "rating": "10",
    "date": "14.08.11"
  },
  {
    "review_id": "9069375",
    "movie_id": "102620",
    "author": "lhim****",
    "review": "이게뭡니까 정말ㅡ,ㅡ",
    "rating": "1",
    "date": "14.08.11"
  },
  {
    "review_id": "9067561",
    "movie_id": "102620",
    "author": "bond****",
    "review": "다들 올레 쿡티비에서 만원결제하고 보셨나보군 ㅋㅋ난 다행히 안봐서ㅎ  볼까말까하다가 의심스러워서 안봣는데 안보길 다행 ㅋㅋ",
    "rating": "10",
    "date": "14.08.11"
  },
  {
    "review_id": "9066118",
    "movie_id": "102620",
    "author": "d2pa****",
    "review": "배급사 이름만 잘 기억하시면 됩니다. 아시겠습니까?",
    "rating": "1",
    "date": "14.08.11"
  },
  {
    "review_id": "9065602",
    "movie_id": "102620",
    "author": "sork****",
    "review": "헐..예전 미이라랑 다른거냐? 나 그건줄 알고 만원결재했는데..ㅡㅡ;;; 아이고 배야",
    "rating": "1",
    "date": "14.08.11"
  },
  {
    "review_id": "9064972",
    "movie_id": "102620",
    "author": "dlwn****",
    "review": "아진짜 삼류영화를 젠장 돈주고봤네",
    "rating": "1",
    "date": "14.08.10"
  },
  {
    "review_id": "9062412",
    "movie_id": "102620",
    "author": "fuji****",
    "review": "나만당할순없지ㅋㅋㅋㅋ",
    "rating": "10",
    "date": "14.08.10"
  },
  {
    "review_id": "9057936",
    "movie_id": "102620",
    "author": "so54****",
    "review": "재미없고내용도없고별로여",
    "rating": "1",
    "date": "14.08.09"
  },
  {
    "review_id": "9057763",
    "movie_id": "102620",
    "author": "3765****",
    "review": "진짜 영화가 어째이러냐 실망 실망 진짜 너무함",
    "rating": "1",
    "date": "14.08.09"
  },
  {
    "review_id": "9056578",
    "movie_id": "102620",
    "author": "hori****",
    "review": "정말 열 받는다. 이걸 영화라고.. 날 더운데 더 덥네.",
    "rating": "1",
    "date": "14.08.09"
  },
  {
    "review_id": "9052938",
    "movie_id": "102620",
    "author": "eunp****",
    "review": "우리 가족이 이걸 올레tv로 10000원주고 봤어요 ㅠㅠ 제목에 낚인거같아요 이건아니잖아요 난 마지막이 아빠죽여도 이미 실행되가지고 전쟁일어나고이럴줄알았다 이건뭐 다른영화 1.2.3편등등걸릴걸 1편으로 축소시켜놓은듯한...",
    "rating": "1",
    "date": "14.08.09"
  },
  {
    "review_id": "9050837",
    "movie_id": "102620",
    "author": "tedk****",
    "review": "내가 본영화중 최악의 영화",
    "rating": "1",
    "date": "14.08.08"
  },
  {
    "review_id": "9040868",
    "movie_id": "102620",
    "author": "note****",
    "review": "배급사는 정말 반성해라",
    "rating": "1",
    "date": "14.08.06"
  },
  {
    "review_id": "9040632",
    "movie_id": "102620",
    "author": "daep****",
    "review": "쿡티비 당장끈어 버리고 싶다~~ㅠ 아이들 한테 떠들지 말고 보라고 눈치준것도  미안하다 쿠키런 하게 냅둘껄 ㅠ ㅠ",
    "rating": "1",
    "date": "14.08.06"
  },
  {
    "review_id": "9035135",
    "movie_id": "102620",
    "author": "beer****",
    "review": "리얼 이건 아닌듯 싶다 ㅡㅡ",
    "rating": "1",
    "date": "14.08.06"
  },
  {
    "review_id": "9035131",
    "movie_id": "102620",
    "author": "jhk1****",
    "review": "진짜, 허접그자체, 내가배우해도 저거보다는 나음, 영화만든돈이 아까움, 이모텝생각하고보면 완전 실망, 제목에 낚임 ㅡㅡ",
    "rating": "1",
    "date": "14.08.06"
  },
  {
    "review_id": "9034433",
    "movie_id": "102620",
    "author": "hipp****",
    "review": "내인생에잊지못할최악의영화공주가깨어나나보다하고참고참고봤는데 이건무슨 그냥미이라일뿐   내용이뭔지도모르겠고  이영화에 미이라라는타이틀이 맞는건가싶기도하고  그냥 피라미드탐험??이게더잘맞겠다  ㅋㅋ",
    "rating": "1",
    "date": "14.08.06"
  },
  {
    "review_id": "9033866",
    "movie_id": "102620",
    "author": "sohi****",
    "review": "절대!!!비추!!!욕나옵니다. 전편미이라를생각하시고보신다면 어마어마한실망을 하실거예요.",
    "rating": "1",
    "date": "14.08.05"
  },
  {
    "review_id": "9031128",
    "movie_id": "102620",
    "author": "kkm0****",
    "review": "불쌍해서주는거다 담부터 자뢔라",
    "rating": "10",
    "date": "14.08.05"
  },
  {
    "review_id": "9027252",
    "movie_id": "102620",
    "author": "kimy****",
    "review": "완전약빨고 만든영화~",
    "rating": "1",
    "date": "14.08.04"
  },
  {
    "review_id": "9024316",
    "movie_id": "102620",
    "author": "reco****",
    "review": "예전 비됴방에서 보았던 유주얼 서스팩트2 가 떠오른다.",
    "rating": "1",
    "date": "14.08.04"
  },
  {
    "review_id": "9022945",
    "movie_id": "102620",
    "author": "atin****",
    "review": "사기꾼!!!나두이런영화 만들겠다..",
    "rating": "2",
    "date": "14.08.04"
  },
  {
    "review_id": "9022646",
    "movie_id": "102620",
    "author": "sowk****",
    "review": "아증말 진심 잼없다...미이라 영화에 미이라는 한놈 나온닼아 개짜증",
    "rating": "2",
    "date": "14.08.04"
  },
  {
    "review_id": "9020225",
    "movie_id": "102620",
    "author": "0116****",
    "review": "영화 스크린 오른쪽위에 네셔널지오그래픽 붙여놓으면 그낭 다큐임 거기에 아침드라마 섞은거 빡텨서 처음 리뷰남김",
    "rating": "1",
    "date": "14.08.03"
  },
  {
    "review_id": "9019575",
    "movie_id": "102620",
    "author": "tmjo****",
    "review": "우뢰매가 훨씬 잘만든 영화다 욕나온다 70년대 영화도 아니고 아까운돈 쓰지말고 보지도 말아야할 영화다 아니 이건 영화도 아니다",
    "rating": "1",
    "date": "14.08.03"
  },
  {
    "review_id": "9019331",
    "movie_id": "102620",
    "author": "love****",
    "review": "이거 보시는 분들은 영화 눈감고 봐요 정말 최악이네요어디 내용이 80년대 내용이고 절대 보지마셰요",
    "rating": "1",
    "date": "14.08.03"
  },
  {
    "review_id": "9018578",
    "movie_id": "102620",
    "author": "cima****",
    "review": "Prisoners of the Sun = 미이라  . 지금까지 내가배운영어는 잘못된거였나.",
    "rating": "1",
    "date": "14.08.03"
  },
  {
    "review_id": "9017119",
    "movie_id": "102620",
    "author": "tkdt****",
    "review": "이게 뭔영화임 ㅋㅋㅋ?",
    "rating": "1",
    "date": "14.08.03"
  },
  {
    "review_id": "9016879",
    "movie_id": "102620",
    "author": "dazy****",
    "review": "재미없음을 강조하기위해서 역설법을 사용",
    "rating": "10",
    "date": "14.08.03"
  },
  {
    "review_id": "9016206",
    "movie_id": "102620",
    "author": "assg****",
    "review": "브랜든프레이저 왜 안나오나했더니 아예다른영화네...허허",
    "rating": "1",
    "date": "14.08.03"
  },
  {
    "review_id": "9016098",
    "movie_id": "102620",
    "author": "dh23****",
    "review": "절대 절대 절대 절대 보지마세요.... 진짜 재미없다....",
    "rating": "1",
    "date": "14.08.03"
  },
  {
    "review_id": "9014969",
    "movie_id": "102620",
    "author": "min6****",
    "review": "사상 최악의 쓰레기 중 하나.스토리 재미없고 배우 연기도 엉망이고케릭터성도 없고 긴장감도 없고컴퓨터 그래픽도 어색하고영화재목은 미이라인데 정작 움직이는 미라는 하나뿐이고이거 보고 10년전에 만든 쥬라기공원 봤는데 더 재미있더라",
    "rating": "1",
    "date": "14.08.03"
  },
  {
    "review_id": "9013529",
    "movie_id": "102620",
    "author": "khan****",
    "review": "이 영화는 마음에 와 닿는다",
    "rating": "10",
    "date": "14.08.03"
  },
  {
    "review_id": "9011448",
    "movie_id": "102620",
    "author": "jeau****",
    "review": "이런 영화 만드는것도 대단한것같다",
    "rating": "1",
    "date": "14.08.02"
  },
  {
    "review_id": "9010107",
    "movie_id": "102620",
    "author": "won0****",
    "review": "정말 흥미진진하고 영화끝날때까지 손에 땀을 쥐게 하네요",
    "rating": "10",
    "date": "14.08.02"
  },
  {
    "review_id": "9010010",
    "movie_id": "102620",
    "author": "ssin****",
    "review": "삼류영화,스토리도 액션도 배우도 감동도 개연성도 없다 쿡티비로 돈내고 본게 심히 아까운영화 킬링타임용으로도 쓸모가 없다 절대 비추",
    "rating": "1",
    "date": "14.08.02"
  },
  {
    "review_id": "9009450",
    "movie_id": "102620",
    "author": "josh****",
    "review": "평점이 3.93이 뭐야?? 그래도 올려줘야지~~ 10점 넣어주면 얼마나 나오려나??",
    "rating": "10",
    "date": "14.08.02"
  },
  {
    "review_id": "9008944",
    "movie_id": "102620",
    "author": "biel****",
    "review": "최악의 영화 100% 후회  에구 내돈;;",
    "rating": "1",
    "date": "14.08.02"
  },
  {
    "review_id": "9007512",
    "movie_id": "102620",
    "author": "n_ac****",
    "review": "이전 미이라와 전혀관계없음  CG도 조잡함 82분이라는 러닝타임이 아까움",
    "rating": "1",
    "date": "14.08.02"
  },
  {
    "review_id": "9006811",
    "movie_id": "102620",
    "author": "ny07****",
    "review": "진짜 재미없다.보지마시길...",
    "rating": "1",
    "date": "14.08.02"
  },
  {
    "review_id": "9005696",
    "movie_id": "102620",
    "author": "9510****",
    "review": "아.. 한숨만나옴..아낙수나문의 부활 뭐 이런걸 기대했는데.뭐임?심지어만화도스토리가있건만.이건.피라미드 탐험만하다가 끝.출연진들 왜이럼? 앞짱구여자 빌빌거리다 피 몇방울내주고.점술사는종일찡찡거리다끝남. 졸업작품찍은줄앎. 작품이라는단어도아까움.",
    "rating": "1",
    "date": "14.08.02"
  },
  {
    "review_id": "9003124",
    "movie_id": "102620",
    "author": "isbj****",
    "review": "심함...반절이나지나야 미라나올랑 말랑무튼 보지마셈 낚임재대로임",
    "rating": "1",
    "date": "14.08.01"
  },
  {
    "review_id": "9000224",
    "movie_id": "102620",
    "author": "534k****",
    "review": "내가 알던 그 미이라랑 전혀다른영화",
    "rating": "6",
    "date": "14.08.01"
  },
  {
    "review_id": "8999419",
    "movie_id": "102620",
    "author": "tmdw****",
    "review": "전국상영극장 1개관, 그것도 서울 명보극장 1개관...말 다한거 같다...",
    "rating": "1",
    "date": "14.08.01"
  },
  {
    "review_id": "8997058",
    "movie_id": "102620",
    "author": "plus****",
    "review": "제목에 낚인 영화  망한영화일수록 iptv에 빨리 업데이트됨",
    "rating": "1",
    "date": "14.08.01"
  },
  {
    "review_id": "8992077",
    "movie_id": "102620",
    "author": "alsd****",
    "review": "미이라 꿀잼이다 보자!",
    "rating": "10",
    "date": "14.07.31"
  },
  {
    "review_id": "8991665",
    "movie_id": "102620",
    "author": "hams****",
    "review": "내가 아는 그 미이라가 아니네...",
    "rating": "1",
    "date": "14.07.31"
  },
  {
    "review_id": "8990275",
    "movie_id": "102620",
    "author": "axcv****",
    "review": "핵노잼ㅋㅋ진짜이딴영화에바",
    "rating": "1",
    "date": "14.07.31"
  },
  {
    "review_id": "8988951",
    "movie_id": "102620",
    "author": "jewe****",
    "review": "어라? 미이라 기존 감독과 다르네 그래도 미이라1을 봐서 의무적으로 시리즈를 사수하는 사람들은 닥치고 보는거다.",
    "rating": "10",
    "date": "14.07.31"
  }
]