[
  {
    "review_id": "10228665",
    "movie_id": "102648",
    "author": "dkdl****",
    "review": "하도 혹평을 받은 작품이라 기대치를 엄청 낮추고 봤더니 나름 볼만했음. 스토리가 허술하긴 함. 본 시리즈랑 비교해서 욕을 한 바가지 먹은 게 아닌가 싶다.",
    "rating": "8",
    "date": "15.08.14"
  },
  {
    "review_id": "10210448",
    "movie_id": "102648",
    "author": "jsha****",
    "review": "2014년 처음으로 본 영환데 실망..액션도 없고 잘짜인 구성도 없고 스릴도 없고 원작파괴에다가 연기도 티나고..",
    "rating": "1",
    "date": "15.08.09"
  },
  {
    "review_id": "10180139",
    "movie_id": "102648",
    "author": "shuo****",
    "review": "음... 그냥 봤다. 감히 본시리즈와 비교하는 광고멘트를 쓰다니..",
    "rating": "6",
    "date": "15.08.03"
  },
  {
    "review_id": "9952611",
    "movie_id": "102648",
    "author": "wony****",
    "review": "그러저럭...볼만한...스파이액션영화...",
    "rating": "7",
    "date": "15.05.26"
  },
  {
    "review_id": "9877041",
    "movie_id": "102648",
    "author": "fora****",
    "review": "잭라이언 시리즈에 제대로 똥칠",
    "rating": "1",
    "date": "15.04.29"
  },
  {
    "review_id": "9843141",
    "movie_id": "102648",
    "author": "yeah****",
    "review": "진짜 긴장감 없다. 거의 끝부분 10여분 빼놓고는. 케네스 아저씨 좋아하는데 이건 정말 별로. 그냥 영상만 예쁨. 시나리오가 개판. 정말 못 썼다.  돈 내고 봤다면 하루 종일 까였을 영화 . 그래도 케네스 아저씨의 러시안식 영어 발음은 GOOD!",
    "rating": "5",
    "date": "15.04.12"
  },
  {
    "review_id": "9832703",
    "movie_id": "102648",
    "author": "kara****",
    "review": "얼치기 첩보물....각본에 문제가있다....",
    "rating": "5",
    "date": "15.04.07"
  },
  {
    "review_id": "9825782",
    "movie_id": "102648",
    "author": "kuta****",
    "review": "재밌어요...~~!",
    "rating": "10",
    "date": "15.04.04"
  },
  {
    "review_id": "9799985",
    "movie_id": "102648",
    "author": "dmsd****",
    "review": "키이라 때문에봄. 배우는 잘생기고 이쁨.",
    "rating": "10",
    "date": "15.03.22"
  },
  {
    "review_id": "9795306",
    "movie_id": "102648",
    "author": "lgic****",
    "review": "심오한 분위기와 다르게 스토리는 쉽게 풀려가는것 같음",
    "rating": "6",
    "date": "15.03.20"
  },
  {
    "review_id": "9791663",
    "movie_id": "102648",
    "author": "pass****",
    "review": "이 정도면 평타는 친 듯 바이크와 블랙베리만 기억에 남긴 하지만",
    "rating": "7",
    "date": "15.03.18"
  },
  {
    "review_id": "9693423",
    "movie_id": "102648",
    "author": "earl****",
    "review": "평점이라는걸 처음써봄.  사람들 평점이 왤케 안좋은지 이해가안됨 나름 킬링타임용으론 적당했음 본시리즈랑 비교하긴 무리지만 욕먹을정도는 아닌것같음. 자신이 영화에 깊은 조예가있는게 아니라고생각들면 볼만할듯",
    "rating": "8",
    "date": "15.02.13"
  },
  {
    "review_id": "9688085",
    "movie_id": "102648",
    "author": "lava****",
    "review": "이상하게... 재미가 없었다...3번에 나눠서 봄.. 보다가 잠들어서.. 옛날 잭 라이언 시리즈 다 잼있엇는데..",
    "rating": "3",
    "date": "15.02.11"
  },
  {
    "review_id": "9673288",
    "movie_id": "102648",
    "author": "yeti****",
    "review": "나름대로 재밌게 본 영화입니다.배우들 때문에 영화를 봤는데생각했던것보다 잼나게 봤습니다.!!",
    "rating": "8",
    "date": "15.02.06"
  },
  {
    "review_id": "9665025",
    "movie_id": "102648",
    "author": "gall****",
    "review": "잭 라이언이 나오는 영화중 가장 시시한 작품이 되어버렸다",
    "rating": "5",
    "date": "15.02.03"
  },
  {
    "review_id": "9651316",
    "movie_id": "102648",
    "author": "deff****",
    "review": "캐릭터만 가져왔지 전혀 다른 영화가 되었다 캐릭터가 너무 어울리지 않고 스토리 역시 치밀함이 없다",
    "rating": "5",
    "date": "15.01.30"
  },
  {
    "review_id": "9643688",
    "movie_id": "102648",
    "author": "hkhp****",
    "review": "케네스 짱이엿습니다 ㅠㅠ",
    "rating": "10",
    "date": "15.01.27"
  },
  {
    "review_id": "9643240",
    "movie_id": "102648",
    "author": "quee****",
    "review": "훈훈한 마무리가 기분 좋았다ㅎ",
    "rating": "8",
    "date": "15.01.27"
  },
  {
    "review_id": "9626479",
    "movie_id": "102648",
    "author": "bcwh****",
    "review": "미국은 이렇게 또 하루, 테러의 위협에서 벗어난다..",
    "rating": "1",
    "date": "15.01.23"
  },
  {
    "review_id": "9620595",
    "movie_id": "102648",
    "author": "cybe****",
    "review": "해리슨 포드가 출연한 잭 라이언 시리즈 보다 별로네;;;",
    "rating": "3",
    "date": "15.01.21"
  },
  {
    "review_id": "9617746",
    "movie_id": "102648",
    "author": "sean****",
    "review": "큰 스토리는 있으나 디테일에서 너무 허술한 점이 많았다. 소매치기 보니까 무방비 도시 손예진이 생각났다.",
    "rating": "6",
    "date": "15.01.21"
  },
  {
    "review_id": "9604101",
    "movie_id": "102648",
    "author": "cont****",
    "review": "케네스 브래너는 감독으로서도 훌륭하다.",
    "rating": "8",
    "date": "15.01.17"
  },
  {
    "review_id": "9600234",
    "movie_id": "102648",
    "author": "alst****",
    "review": "영화가 산만하다 액션이면 액션 추리면 추리. 하나에 올인해서 만들었으면 좋지않았을까.. 이도저도 아닌 영화가 되버렸다",
    "rating": "5",
    "date": "15.01.16"
  },
  {
    "review_id": "9559721",
    "movie_id": "102648",
    "author": "musc****",
    "review": "걍 미션 임파서블 정도...킬링타임으론 굳!",
    "rating": "7",
    "date": "15.01.04"
  },
  {
    "review_id": "9556286",
    "movie_id": "102648",
    "author": "star****",
    "review": "스릴넘친다.정말로 잘만듬.2편도 봤으면",
    "rating": "9",
    "date": "15.01.03"
  },
  {
    "review_id": "9553796",
    "movie_id": "102648",
    "author": "marc****",
    "review": "재미가 없다.너무 산만하다.",
    "rating": "6",
    "date": "15.01.02"
  },
  {
    "review_id": "9507825",
    "movie_id": "102648",
    "author": "mwlo****",
    "review": "그냥저냥한 영화였습니다.",
    "rating": "4",
    "date": "14.12.24"
  },
  {
    "review_id": "9479590",
    "movie_id": "102648",
    "author": "chun****",
    "review": "좀 전에 다봤는데..괜찮다..이런류의 영화를 많이 봐서일까 ..신선함은 떨어진다.. 좀더 특색있는 캐릭터가 아쉽다..!!",
    "rating": "8",
    "date": "14.12.16"
  },
  {
    "review_id": "9442504",
    "movie_id": "102648",
    "author": "vm4e****",
    "review": "킬링타임용으로 생각하고 보면 볼만은 하다만 내용 전개가 산만하고 중간중간 다소 지루하다..",
    "rating": "6",
    "date": "14.12.03"
  },
  {
    "review_id": "9431780",
    "movie_id": "102648",
    "author": "moon****",
    "review": "잭라이언 시리즈를 만들 요량인지? 근데...왕 실패작 ㅋㅋ",
    "rating": "3",
    "date": "14.11.29"
  },
  {
    "review_id": "9411693",
    "movie_id": "102648",
    "author": "ciel****",
    "review": "재미, 볼거리, 이야기.삼박자가 적당히 갖추어진 영화",
    "rating": "7",
    "date": "14.11.22"
  },
  {
    "review_id": "9340308",
    "movie_id": "102648",
    "author": "leeg****",
    "review": "약간 약해 이외에 할말이 별로 없는데 10자 이상으로 쓰라고해서 글자수를 이렇게 늘리는 나의 모습은.. 참.. 그래",
    "rating": "6",
    "date": "14.11.04"
  },
  {
    "review_id": "9327963",
    "movie_id": "102648",
    "author": "tekk****",
    "review": "뻔한 애기, 뻔한 스토리, 전혀 개연성 없는 각본, 뭣 하나 칭찬 할 것이 없는 미국에 의한, 미국을 위한, 미국의 영화...잭이 라이언의 액션이 진짜라면 우리나라 해병대 나온 사람들 모두 날라 다니겠다.ㅋㅋ",
    "rating": "2",
    "date": "14.10.30"
  },
  {
    "review_id": "9309859",
    "movie_id": "102648",
    "author": "ckm1****",
    "review": "댓글보고 볼까말까 걱정했었는데... 안좋은 댓글들은 너무 한거 같음.. 생각보다 좋았음.~",
    "rating": "7",
    "date": "14.10.23"
  },
  {
    "review_id": "9309575",
    "movie_id": "102648",
    "author": "land****",
    "review": "무난했습니다.^^.",
    "rating": "8",
    "date": "14.10.23"
  },
  {
    "review_id": "9303519",
    "movie_id": "102648",
    "author": "intr****",
    "review": "생각보다 잼있네요 킬링타임용",
    "rating": "8",
    "date": "14.10.19"
  },
  {
    "review_id": "9299127",
    "movie_id": "102648",
    "author": "holl****",
    "review": "이게 영화인지.. 진짜 뭔 내용이 이렇게 단순하지.. 그냥 액션만 좀 볼만함",
    "rating": "4",
    "date": "14.10.18"
  },
  {
    "review_id": "9298428",
    "movie_id": "102648",
    "author": "zbn0****",
    "review": "쓰레기중하나로 꼽히는 한국액션영화보다 못한 이딴거 가지고 감히 본시리즈를?ㅋㅋㅋㅋ",
    "rating": "1",
    "date": "14.10.17"
  },
  {
    "review_id": "9289060",
    "movie_id": "102648",
    "author": "alsr****",
    "review": "크리스가 액션많이 할줄알았는데.. 걍 보호받는거엿어",
    "rating": "10",
    "date": "14.10.13"
  },
  {
    "review_id": "9284739",
    "movie_id": "102648",
    "author": "pajy****",
    "review": "높은 평점을 줄만한 영화는 아닌듯",
    "rating": "6",
    "date": "14.10.11"
  },
  {
    "review_id": "9268595",
    "movie_id": "102648",
    "author": "ghkd****",
    "review": "큰 액션으로 눈을호강시켜주는것도아니고 그렇다고 스토리라인이 튼튼한것도아니고  캐릭터에집중 하기엔 너무 지루한... 보시면압니다",
    "rating": "1",
    "date": "14.10.06"
  },
  {
    "review_id": "9252292",
    "movie_id": "102648",
    "author": "lcy3****",
    "review": "현실감있는 영화였습니다.",
    "rating": "7",
    "date": "14.10.01"
  },
  {
    "review_id": "9248591",
    "movie_id": "102648",
    "author": "smw3****",
    "review": "도대체 이 주연 배우는 어디서 국내빠순이 양산한거임? 영화마다 몇백명씩 달려들어서 꺄~ 우리오빠~ 이러고있네 ㅡㅡ; 절때 평점에 낚이지 마시길",
    "rating": "1",
    "date": "14.09.29"
  },
  {
    "review_id": "9244921",
    "movie_id": "102648",
    "author": "oojj****",
    "review": "액션 영화스럽게 만들지 많이 아쉽게 만들었다. 끝나갈쯤 제작비를 다 쓴 모양이다. 여주인공 인상적이다.",
    "rating": "6",
    "date": "14.09.27"
  },
  {
    "review_id": "9235187",
    "movie_id": "102648",
    "author": "seon****",
    "review": "내겐  너무 어려운머리쓰는첩보영화임...재미없게봤음..",
    "rating": "6",
    "date": "14.09.22"
  },
  {
    "review_id": "9218604",
    "movie_id": "102648",
    "author": "ps2w****",
    "review": "이런 배우로 이정도 밖에 못 만드냐? 제발 꿈이라고 해죠..",
    "rating": "7",
    "date": "14.09.16"
  },
  {
    "review_id": "9211664",
    "movie_id": "102648",
    "author": "davi****",
    "review": "키이라 나이틀리와 크리스 파인만을 보기엔 괜찮음.",
    "rating": "8",
    "date": "14.09.13"
  },
  {
    "review_id": "9201444",
    "movie_id": "102648",
    "author": "wlfa****",
    "review": "구색은 다 갖췄는데 완성도는 기대하지 말 것.",
    "rating": "5",
    "date": "14.09.10"
  },
  {
    "review_id": "9197967",
    "movie_id": "102648",
    "author": "heyh****",
    "review": "이런 쓰레기를 어디 본시리즈에 빗대서 예고편을!! 극장용이 아닌  지루한 비디오용 영화. 인내가 많이 필요.",
    "rating": "1",
    "date": "14.09.10"
  },
  {
    "review_id": "9156129",
    "movie_id": "102648",
    "author": "self****",
    "review": "\"미국 만만세\"로 느껴지는 부분이 조금 거슬렸다. 왜 항상 러시아는 나쁜짓만... ^^;; 나머지는 괜찮은 느낌의 영화다..",
    "rating": "8",
    "date": "14.09.02"
  },
  {
    "review_id": "9146561",
    "movie_id": "102648",
    "author": "yana****",
    "review": "여자 주인공이 못났다...",
    "rating": "7",
    "date": "14.08.30"
  },
  {
    "review_id": "9141791",
    "movie_id": "102648",
    "author": "thdq****",
    "review": "매력없는 첩보주인공은 꽝이다",
    "rating": "6",
    "date": "14.08.28"
  },
  {
    "review_id": "9136796",
    "movie_id": "102648",
    "author": "wein****",
    "review": "옛다!  8점 괜찮은 첩보영화",
    "rating": "8",
    "date": "14.08.27"
  },
  {
    "review_id": "9134694",
    "movie_id": "102648",
    "author": "into****",
    "review": "생각보다는 별로 본시리즈와는 비교 하면 안되요.",
    "rating": "6",
    "date": "14.08.26"
  },
  {
    "review_id": "9132476",
    "movie_id": "102648",
    "author": "sepe****",
    "review": "여기저기서 짜붙인 티가 너무남 근데 지루하기까지",
    "rating": "5",
    "date": "14.08.25"
  },
  {
    "review_id": "9119056",
    "movie_id": "102648",
    "author": "hjdh****",
    "review": "연출력 스토리개판~ 상투적이고 허접함~ 본시리즈가 얼마나 위대한지 다시한번 느낀다 물론 본4편은 빼고~",
    "rating": "1",
    "date": "14.08.21"
  },
  {
    "review_id": "9112692",
    "movie_id": "102648",
    "author": "usp7****",
    "review": "키이라 나이틀리가 나쁜놈 대장 붙잡고 있을때가 젤 재밌었음",
    "rating": "6",
    "date": "14.08.20"
  },
  {
    "review_id": "9096775",
    "movie_id": "102648",
    "author": "kmhh****",
    "review": "볼만하던데요ㅡ평점은근히낮당",
    "rating": "9",
    "date": "14.08.16"
  },
  {
    "review_id": "9083036",
    "movie_id": "102648",
    "author": "seou****",
    "review": "30분보다가 잠들고 재미없어서 안보다가 한달간 나두고 다시 봣는데도 재미없어서 지운영화",
    "rating": "1",
    "date": "14.08.14"
  },
  {
    "review_id": "9056793",
    "movie_id": "102648",
    "author": "chrh****",
    "review": "스토리 개거지 같다.111",
    "rating": "1",
    "date": "14.08.09"
  },
  {
    "review_id": "9056183",
    "movie_id": "102648",
    "author": "a197****",
    "review": "잭라이언그이나코드네임쉐도우",
    "rating": "10",
    "date": "14.08.09"
  },
  {
    "review_id": "9050674",
    "movie_id": "102648",
    "author": "tron****",
    "review": "본시리즈랑 비교만않했어도 괜찮았을터",
    "rating": "8",
    "date": "14.08.08"
  },
  {
    "review_id": "9048701",
    "movie_id": "102648",
    "author": "kohk****",
    "review": "정말 허접함 그냥 발로쓴 시나리오임",
    "rating": "1",
    "date": "14.08.08"
  },
  {
    "review_id": "9027090",
    "movie_id": "102648",
    "author": "mazk****",
    "review": "킬링타임하기 좋은 영화. 어디서 많이 본듯한 내용과 구성.",
    "rating": "5",
    "date": "14.08.04"
  },
  {
    "review_id": "8974072",
    "movie_id": "102648",
    "author": "jayu****",
    "review": "철없을 땐 이런 영화 보고 어린 마음에 재밌다고 했을지 모르겠지만... 이제는 이런 허접하고 억지스러운 영화는 정말 보고 나면 욕 밖에 안 나온다.",
    "rating": "1",
    "date": "14.07.28"
  },
  {
    "review_id": "8972686",
    "movie_id": "102648",
    "author": "mi86****",
    "review": "신선함이 떨어지는 평범한 액션 .시리즈로는 아깝다",
    "rating": "6",
    "date": "14.07.28"
  },
  {
    "review_id": "8968560",
    "movie_id": "102648",
    "author": "ture****",
    "review": "원작이 괜찮다고 하던데...영화론 별로였나보다. 그래도 나쁘진 않았는데 다들 악평들을....;;; 그냥 볼만했음..",
    "rating": "7",
    "date": "14.07.27"
  },
  {
    "review_id": "8950794",
    "movie_id": "102648",
    "author": "lee4****",
    "review": "내용이무슨메세지도없고  액션영화가 무미건조한느낌....실망했음보고",
    "rating": "4",
    "date": "14.07.24"
  },
  {
    "review_id": "8933019",
    "movie_id": "102648",
    "author": "kyj3****",
    "review": "정말 잼있게본거같아요",
    "rating": "10",
    "date": "14.07.20"
  },
  {
    "review_id": "8928510",
    "movie_id": "102648",
    "author": "trah****",
    "review": "초 대작이랄 순 없지만, 이 정도면 수작인 듯? 얼마나 잘 표현됐느냐는 차치하고, 머리쓰는 스파이 캐릭터, 나름 신선하지 않은가. 시리즈로 잘 살려나갈 수 있다면 매우 좋을 듯.",
    "rating": "7",
    "date": "14.07.18"
  },
  {
    "review_id": "8914465",
    "movie_id": "102648",
    "author": "dblu****",
    "review": "일요일 저녁 먹고 소화용 영화",
    "rating": "10",
    "date": "14.07.13"
  },
  {
    "review_id": "8906468",
    "movie_id": "102648",
    "author": "many****",
    "review": "코멘트 첨써보는데....오마이갓;;;",
    "rating": "1",
    "date": "14.07.12"
  },
  {
    "review_id": "8900874",
    "movie_id": "102648",
    "author": "aorf****",
    "review": "재미있음 중간에는 좀 지루",
    "rating": "8",
    "date": "14.07.10"
  },
  {
    "review_id": "8897659",
    "movie_id": "102648",
    "author": "ari1****",
    "review": "연출과 영상미가 좋다 그게 다",
    "rating": "3",
    "date": "14.07.09"
  },
  {
    "review_id": "8897201",
    "movie_id": "102648",
    "author": "adiv****",
    "review": "크리스파인은 실망시키지는 않고 내용도 무난하면서 스릴러 다운 영화임",
    "rating": "7",
    "date": "14.07.09"
  },
  {
    "review_id": "8897136",
    "movie_id": "102648",
    "author": "soft****",
    "review": "이런 오글거리는 제목은 참 오랜만이다",
    "rating": "2",
    "date": "14.07.08"
  },
  {
    "review_id": "8895222",
    "movie_id": "102648",
    "author": "mejo****",
    "review": "뭐라 말을 못 하겠당 ㅎㅎ",
    "rating": "6",
    "date": "14.07.08"
  },
  {
    "review_id": "8894711",
    "movie_id": "102648",
    "author": "craz****",
    "review": "이건뭐.. 긴박감도 없고 뻔하디 뻔한  재미라곤 찾아볼 수없네요  ㅠㅠ 아 나의 시간 이여 ...아깝다",
    "rating": "3",
    "date": "14.07.07"
  },
  {
    "review_id": "8894035",
    "movie_id": "102648",
    "author": "rhrn****",
    "review": "잼있게잘봤어요이영화굿이요",
    "rating": "10",
    "date": "14.07.07"
  },
  {
    "review_id": "8893208",
    "movie_id": "102648",
    "author": "kdhk****",
    "review": "비행기에서 영어자막으로 봐서 그런가? 킬링타임용 ㅋㅋㅋ",
    "rating": "6",
    "date": "14.07.07"
  },
  {
    "review_id": "8892391",
    "movie_id": "102648",
    "author": "kimj****",
    "review": "내평점CIS 가 뭐이렇게 조잡해... 액션도 시원시원하지 않고 뭔가 답답하다",
    "rating": "6",
    "date": "14.07.07"
  },
  {
    "review_id": "8890599",
    "movie_id": "102648",
    "author": "dlwo****",
    "review": "구태의연함의 끝을 보다...",
    "rating": "2",
    "date": "14.07.06"
  },
  {
    "review_id": "8888544",
    "movie_id": "102648",
    "author": "sang****",
    "review": "키이라나이틀리 너무 못생겨짐",
    "rating": "7",
    "date": "14.07.06"
  },
  {
    "review_id": "8881063",
    "movie_id": "102648",
    "author": "come****",
    "review": "감독이 케네스 브래너였군... 셰익스피어는 더 이상 할게 없나",
    "rating": "6",
    "date": "14.07.03"
  },
  {
    "review_id": "8872326",
    "movie_id": "102648",
    "author": "wind****",
    "review": "테러를 이용한 경제전쟁을 가지고 첩보전을 펼치는 소재는 좋았다. 다만 분석가라는 직업의 주인공을 가지고 하는 액션이나 치밀한 두뇌싸움같은면은 부족한 점이 많이 보여서 아쉽다",
    "rating": "7",
    "date": "14.06.30"
  },
  {
    "review_id": "8868562",
    "movie_id": "102648",
    "author": "meta****",
    "review": "본을 어디다 갖다 붙치나.. 후속작 만들생각하지말기를.. 지갑빼고 넣는게 아주그냥 일도아니네..",
    "rating": "3",
    "date": "14.06.29"
  },
  {
    "review_id": "8864522",
    "movie_id": "102648",
    "author": "wlfu****",
    "review": "재밌는데 왜 흥행이 안됬는지 궁금하다",
    "rating": "10",
    "date": "14.06.28"
  },
  {
    "review_id": "8853523",
    "movie_id": "102648",
    "author": "pjy2****",
    "review": "말도안되는영웅주의..전문교육도없는회사원이갑짜기?해병대라서.",
    "rating": "2",
    "date": "14.06.25"
  },
  {
    "review_id": "8852986",
    "movie_id": "102648",
    "author": "para****",
    "review": "스파이영화의 공식을 잘 짜맞췄지만 뭔지 모르게 붕 떠있는듯한 느낌으로 인해 집중을 할 수 없다. 중간중간마다 긴장감은 남겨 두었지만 그외의 부분은 지루하기 짝이 없다. 속편 제작을 염두해 놓은 엔딩 부분이지만 후속편이 기대는 되지 않는다.",
    "rating": "5",
    "date": "14.06.25"
  },
  {
    "review_id": "8851286",
    "movie_id": "102648",
    "author": "pkh0****",
    "review": "집중이 안되서 딴짓을 하게 된다. 돌고 돌아도 결국 액션인데 그 액션의 비중이 실패다.",
    "rating": "6",
    "date": "14.06.24"
  },
  {
    "review_id": "8849024",
    "movie_id": "102648",
    "author": "maya****",
    "review": "고인이 된 톰 클랜시에 대한 모욕이다.",
    "rating": "1",
    "date": "14.06.23"
  },
  {
    "review_id": "8840961",
    "movie_id": "102648",
    "author": "xueb****",
    "review": "주인공이 너무 고전적으로 생겼어.. 집중이 안됨.. 그리고 남의개 훔쳐서 이용했으면 집에 잘 데려다줘야지 감독 웃기는 놈이네",
    "rating": "5",
    "date": "14.06.19"
  },
  {
    "review_id": "8836471",
    "movie_id": "102648",
    "author": "expr****",
    "review": "심하게 평이한,,,,허울좋은 톰 글랜시 스릴러.",
    "rating": "2",
    "date": "14.06.17"
  },
  {
    "review_id": "8833633",
    "movie_id": "102648",
    "author": "cubi****",
    "review": "헐리웃의  샛별 크리스파인과 명품연기와  명품연기로 점철된 전설의 배우 케빈 코스트너의  환상적인 조합  본시리즈와는 사뭇 다르지만 또다른 진부함이 있는 스토리의 전개  ...",
    "rating": "10",
    "date": "14.06.15"
  },
  {
    "review_id": "8829469",
    "movie_id": "102648",
    "author": "newl****",
    "review": "뻔하긴한데 그렇게 나쁘진 않지 뭐....",
    "rating": "7",
    "date": "14.06.14"
  },
  {
    "review_id": "8828646",
    "movie_id": "102648",
    "author": "chip****",
    "review": "미안하다. 영화보다가 자버려서리.. 그냥 해리슨옹 복귀시켜라",
    "rating": "2",
    "date": "14.06.14"
  },
  {
    "review_id": "8825686",
    "movie_id": "102648",
    "author": "choi****",
    "review": "그저 그런 영화 ~~ 별 재미 없음",
    "rating": "3",
    "date": "14.06.13"
  },
  {
    "review_id": "8823019",
    "movie_id": "102648",
    "author": "love****",
    "review": "첩보영화 치고는 밍밍하다",
    "rating": "6",
    "date": "14.06.12"
  },
  {
    "review_id": "8822670",
    "movie_id": "102648",
    "author": "mono****",
    "review": "이쁘지도않은 여주인공이 러시아에 오는순간 영화는 똥망으로 치닫는다 시간이 아까운 영화",
    "rating": "1",
    "date": "14.06.12"
  },
  {
    "review_id": "8821987",
    "movie_id": "102648",
    "author": "reki****",
    "review": "비행기안에서 봤던 영화, 재미는 있었는데 한국어더빙이 ㅎㄷㄷ",
    "rating": "8",
    "date": "14.06.11"
  }
]