[
  {
    "review_id": "10153571",
    "movie_id": "102659",
    "author": "trki****",
    "review": "재밌는데? 재밌는데?",
    "rating": "10",
    "date": "15.07.28"
  },
  {
    "review_id": "10127559",
    "movie_id": "102659",
    "author": "minp****",
    "review": "일본애니보는듯한....애니 싫어하는 사람이라도 재밌게 봤을....일본영화 중 최고의 오락영화였다. 설마 일본영화가 이렇게 계속 발전하진 않겠지....정말 잼나게 봤다",
    "rating": "10",
    "date": "15.07.22"
  },
  {
    "review_id": "10113381",
    "movie_id": "102659",
    "author": "phil****",
    "review": "초중반까지 괜찮았는데 갈수록 허무.. 일본경찰 저렇게 멍청한가??? 악역이 배트맨의 조커급으로 키웠는데 너무 비현실적.",
    "rating": "6",
    "date": "15.07.17"
  },
  {
    "review_id": "10101602",
    "movie_id": "102659",
    "author": "nadi****",
    "review": "흠{=ㅛ=;}.뭔가 시리즈의 시작편이라면 이해할만한 수준. 기존 일본살인영화부류와 큰차이는 글쎄;; 영화가 \"완전 잼나다\"라고 생각하시는 분께 일드인 <모든 것은 F가 된다>를 추천드림(그게더 극의 긴장감측면에선 더 잼있을듯)",
    "rating": "7",
    "date": "15.07.13"
  },
  {
    "review_id": "10087212",
    "movie_id": "102659",
    "author": "thdq****",
    "review": "옳고 그름을 택하는 건 법인가 양심인가",
    "rating": "7",
    "date": "15.07.10"
  },
  {
    "review_id": "10086265",
    "movie_id": "102659",
    "author": "elto****",
    "review": "진짜 시간이 아깝다 요즘 일본영화보면 인간의 한계를 넘어선 그런 영화가 흥행주류인거같은데 그럼 좀 신선하고 쌈빡하게 만들던지 이게 대체 머냐? 그리고 일본영화 특유의 오버하면서 미친척 하는연기와 눈위로 치켜뜨는거 참  내 정서엔 안맞네",
    "rating": "1",
    "date": "15.07.10"
  },
  {
    "review_id": "10082505",
    "movie_id": "102659",
    "author": "hhkd****",
    "review": "이정도면 충분히 재밌게 볼만한 영화임... 분위기도 좋았고 몰입도도 괜찮았고 내용도 괜찮았고... 단, 실제 폭파범의 캐릭터가 좀 분위기랑 안 어울리는 듯...",
    "rating": "8",
    "date": "15.07.09"
  },
  {
    "review_id": "10054449",
    "movie_id": "102659",
    "author": "axlc****",
    "review": "나름 일본영화 좋아하는데, 이건 씹망.",
    "rating": "1",
    "date": "15.06.30"
  },
  {
    "review_id": "10000670",
    "movie_id": "102659",
    "author": "zero****",
    "review": "뇌남보고 처음에는 스릴있을 것 같은 데 뒤로 갈 수록 병맛",
    "rating": "4",
    "date": "15.06.14"
  },
  {
    "review_id": "10000286",
    "movie_id": "102659",
    "author": "lhj3****",
    "review": "소재가 정말 신선하고 좋았던거 같아요 뇌남2 나왔으면..하는 바램이 ㅠ",
    "rating": "10",
    "date": "15.06.14"
  },
  {
    "review_id": "9976283",
    "movie_id": "102659",
    "author": "wlsd****",
    "review": "기존 히어로물과는 다르게 정신과적 핸디캡을 부여했고 초능력으로의 접근보단 천재성에 무게를 실어 전개한 것이 때 묻지 않은 아이를 보는 것 같아 묘했고 유치하지 않았다.아쉽다면 영화답게 여의사가 마지막에 잘했어라고 했다면 다이나믹한 속편이 기대됐을 것.",
    "rating": "8",
    "date": "15.06.05"
  },
  {
    "review_id": "9918594",
    "movie_id": "102659",
    "author": "mult****",
    "review": "처음 시작 장면이 너무 잔인해서 보지않으려다 티스토어에서 유료결제한 것이라 끝까지 보았습니다. 결론은 끝까지 보기 정말 잘했습니다.연기도 참 좋고~!",
    "rating": "10",
    "date": "15.05.15"
  },
  {
    "review_id": "9913900",
    "movie_id": "102659",
    "author": "calu****",
    "review": "일본영화를 다시 보게끔 함. 긴 러닝타임이 지루하지않고 몰입감도 높다. 배우들의 연기력이 매우 좋았으나 스토리에서의 개연성은 아쉬움,",
    "rating": "10",
    "date": "15.05.13"
  },
  {
    "review_id": "9906179",
    "movie_id": "102659",
    "author": "murp****",
    "review": "병원 폭발씬에서 다소 엉성한 설정이 좀 거슬리긴 하지만, 이건 영화라는 점에서 감안하고 볼수 있을정도라 생각한다. 특히 결말이 마음에 든다. 뻔한 개과천선 스토리의 극 현실적 표현의 영화 보다는 훨씬 좋다고 본다. 영화서나마 정의사회구현의 대리만족을",
    "rating": "10",
    "date": "15.05.09"
  },
  {
    "review_id": "9901738",
    "movie_id": "102659",
    "author": "whdk****",
    "review": "신선하다. 하지만 한국 정서랑은 맞지않으니 속터짐 주의",
    "rating": "1",
    "date": "15.05.07"
  },
  {
    "review_id": "9888917",
    "movie_id": "102659",
    "author": "plut****",
    "review": "딱 이정도가 적당함. 개연성도 떨어지고 엉성한 느낌이 난다. 일본영화 매니아거나 배우 팬이라면 10점 주는 것도 이해는 감..",
    "rating": "6",
    "date": "15.05.03"
  },
  {
    "review_id": "9842829",
    "movie_id": "102659",
    "author": "luia****",
    "review": "극장에서 돈 주고 봤으면 더 좋았을 영화. 개봉을 놓친게 아쉽다.",
    "rating": "9",
    "date": "15.04.12"
  },
  {
    "review_id": "9835115",
    "movie_id": "102659",
    "author": "whdu****",
    "review": "이런 꿀잼 영화에 혹평은 뭐하는거임?",
    "rating": "10",
    "date": "15.04.08"
  },
  {
    "review_id": "9832399",
    "movie_id": "102659",
    "author": "rkdd****",
    "review": ".. 재밌어요... 실존하는 인물은 없었음 좋겠네요",
    "rating": "10",
    "date": "15.04.07"
  },
  {
    "review_id": "9827781",
    "movie_id": "102659",
    "author": "psps****",
    "review": "생각보다 굉장히  흥미롭게 봤습니다. 배우들 연기,몰입도전부 좋았으나 형사도 답답 여의사도 답답 형사는 중간에 폭발여자 죽일기회있었는데도 안죽여서 결국후배가죽고여자는 끝까지 지가믿던 환자한테당해놓고도 선비인척 하는게 굉장히 현실성 없이 답답짜증났네요",
    "rating": "7",
    "date": "15.04.05"
  },
  {
    "review_id": "9812237",
    "movie_id": "102659",
    "author": "ljin****",
    "review": "남주도 잘생겼고 더군다나 엄청 재밌음;;; 왜 이렇게 별점이 낮은건지 이해가 안갈정도로 재밌음. 저도 베스트 글처럼 평점낮고 소개글이 다 별로라해서 안봤다가 오늘 봤는데... 아 존좋",
    "rating": "10",
    "date": "15.03.28"
  },
  {
    "review_id": "9810910",
    "movie_id": "102659",
    "author": "zzan****",
    "review": "주인공의 신선한 캐릭터는 좋음. 전체적으로 일본 특유의 만화책을 우겨넣은 느낌. 볼만은 합니다.",
    "rating": "7",
    "date": "15.03.28"
  },
  {
    "review_id": "9738894",
    "movie_id": "102659",
    "author": "cont****",
    "review": "신선하고 재밌어요 왠만하면 영화보고 삭제하는데 이건 소장하는중ㅎㅎ",
    "rating": "10",
    "date": "15.02.26"
  },
  {
    "review_id": "9680318",
    "movie_id": "102659",
    "author": "whdd****",
    "review": "아니 누가 니들 취향 물어봤어 ? 취향 아니라고 1점 2점 때리는 것들은 뭐야 기승전일본영화는 역시.. 냐? 진짜 답없다.. 지루하지도 않고 소재도 좋았고 잘 풀어낸 거 같은데 자기네들이 원하는 대로 안 만들어졌다고 땡깡이네 완전 꿀잼으로 봤구만",
    "rating": "10",
    "date": "15.02.08"
  },
  {
    "review_id": "9680288",
    "movie_id": "102659",
    "author": "hj80****",
    "review": "천재라는 소재를 가지고 이렇게 풀어낼 수도 있구나.. 정말 일본답다. 색다르다. 예상하지 못했다... 처음부터 끝까지 숨죽이고 몰입하면서 봤다.. 굉장히 잘 만들었는데 왜 이렇게 평점이 낮아? 캐스팅도 좋고 연기력도 좋았다. 모든 게 완벽한데 왜..",
    "rating": "10",
    "date": "15.02.08"
  },
  {
    "review_id": "9678272",
    "movie_id": "102659",
    "author": "2___****",
    "review": "아니왜 영화를말이되게볼려고해 걔도천재겠지 탈옥수스티븐러셀처럼ㅋㅋ얘가말이더안됌 가관임 근데얜실존인물임.사람의 캐릭터와스토리를보세요 스파이더맨은납득이되는인물인가 뭐. 아무튼그런걸로늘어지면 어떤영화도못봐요 흥미있게봤음 하지만 표를사고봤다면아까울정도의흥미랄까",
    "rating": "7",
    "date": "15.02.08"
  },
  {
    "review_id": "9643399",
    "movie_id": "102659",
    "author": "ifat****",
    "review": "일본영화는 정말 내 취향이 아니군 ...",
    "rating": "1",
    "date": "15.01.27"
  },
  {
    "review_id": "9637744",
    "movie_id": "102659",
    "author": "wndu****",
    "review": "재밋는데. . . .내가 이상한건가 . .영화보다 혹평 쓴 사람들이 더 노이해. 더한 작품들도 많은데 이거가지고 현실성 없다고 생각하는게 더 이상하네요",
    "rating": "10",
    "date": "15.01.26"
  },
  {
    "review_id": "9476459",
    "movie_id": "102659",
    "author": "byul****",
    "review": "감정이나 의지없이 뇌만 극도로 발달한 남자라는 설정이 꽤나 그럴듯하고 보는내내 생각보다 흥미롭다. 제목은 정말 안습..",
    "rating": "8",
    "date": "14.12.15"
  },
  {
    "review_id": "9454086",
    "movie_id": "102659",
    "author": "kkan****",
    "review": "이거 보기전에 평점부터 보고 볼만하면 10점 눌러주고 긍정적인 댓글.좋아여 누르고 보다가 중간에 끄면 부정적인 댓글고 퍙점 0점 올랴애지 생각했다 볼만해다",
    "rating": "10",
    "date": "14.12.07"
  },
  {
    "review_id": "9444153",
    "movie_id": "102659",
    "author": "rode****",
    "review": "볼만하구만 평점들이 이상하네요.",
    "rating": "10",
    "date": "14.12.03"
  },
  {
    "review_id": "9268834",
    "movie_id": "102659",
    "author": "http****",
    "review": "원래 일본영화는 똥싸다 만듯한 맛에 보는 거다 라는 걸 이해하고 있다면 나름 볼만하다.",
    "rating": "7",
    "date": "14.10.06"
  },
  {
    "review_id": "9261093",
    "movie_id": "102659",
    "author": "rlah****",
    "review": "별이5개 엄청난명작이네요 현실성은 없지만정말 재밋어요.. 주인공 얼굴이진짜 잘생겻어요이걸보고 재미없단사람은 안본거...",
    "rating": "10",
    "date": "14.10.04"
  },
  {
    "review_id": "9260624",
    "movie_id": "102659",
    "author": "renm****",
    "review": "의도는 알겠으나, 내가 아는 그 누구에게도 추천하고 싶지 않다. 그래도 정말 최악 중의 최악에게 줄 별점 1점은 남기고 싶어 2점 준다. 그러나, 극장에서 돈 주고 봤다면 분명 욕했을거라 생각한다.",
    "rating": "2",
    "date": "14.10.04"
  },
  {
    "review_id": "9238462",
    "movie_id": "102659",
    "author": "lemo****",
    "review": "감독의 정신 세계는 어떡게 보면 위대하고 어떡게 보면 ㅂㅅ같은데 그 갭의 차이가 굉장히 큰 거 같다. 흥미로운 캐릭터를 만들어놓고 병맛같은 인물들로 주변을 매꿔놓다니 안타까울 따름!",
    "rating": "6",
    "date": "14.09.24"
  },
  {
    "review_id": "9207763",
    "movie_id": "102659",
    "author": "leas****",
    "review": "뭔가내가좋아하는풍의영화시간가는줄모르고봤네요말없이고독한미남의남주며여의사의관심과그로인해조금씩맘의문을여는남주그리고반전까지B급인듯아닌듯묘한끌림이있네요암튼남주가살린영화",
    "rating": "8",
    "date": "14.09.12"
  },
  {
    "review_id": "9206451",
    "movie_id": "102659",
    "author": "myre****",
    "review": "뭐야이 엔딩은 그냥 웃고 끝내지  어디로가냐니..그표정은 뭐고 악!",
    "rating": "7",
    "date": "14.09.12"
  },
  {
    "review_id": "9206312",
    "movie_id": "102659",
    "author": "lase****",
    "review": "꼭 저형사같은 ㅂㅅ들 때문에 많은사람이 디지는거임 처음부터 테러범죽이게놔뒀어야지 멍청한아군이 군대를 몰살시키는격",
    "rating": "7",
    "date": "14.09.12"
  },
  {
    "review_id": "9137779",
    "movie_id": "102659",
    "author": "ejqm****",
    "review": "중반까지는 뭔가 뇌남과 연쇄테러범간의 두뇌싸움같은걸기대했는데 아니면 뇌남이 그냥 싸이코거나?근데 무슨 이건신파야..여의사 진짜짜증남ㅋㅋㅋㅋ형사도 지맘끌리는데로행동하고 여튼그냥이건 아무생각없이 킬링타임용으로 보..봐도화나네ㅋㅋ 정말시간남아돌때 보세요.",
    "rating": "6",
    "date": "14.08.27"
  },
  {
    "review_id": "9058768",
    "movie_id": "102659",
    "author": "choh****",
    "review": "내용 전개도 나름 흥미롭고 재밌었는데, 아쉬웠던건 가끔씩 몰입도가 떨어지는 장면이.. 현실적인 내용 고집하시는 분들은 재미 없다고 하실지도. 그래도 뇌남 2 만들어도 괜찮을 것 같네요. 연기자분들도 괜찮고, 저는 긍정적인 평가 드립니다.",
    "rating": "9",
    "date": "14.08.10"
  },
  {
    "review_id": "9015555",
    "movie_id": "102659",
    "author": "cova****",
    "review": "시간떼우기용으로 괜찮은 영화.나름 흥미로웠다고 말할수있다~",
    "rating": "7",
    "date": "14.08.03"
  },
  {
    "review_id": "8918106",
    "movie_id": "102659",
    "author": "fgtk****",
    "review": "캐릭터들을 무능하다 못해 멍청하게 만들어놔서 높은 점수를 주기 어렵네 사이코패스 여자애는 역겹고 아무리 영화라지만 조금의 현실성도 없는 8차원 이상의 뜬금포 영화 그래서 내 점수는 딱 이만큼",
    "rating": "6",
    "date": "14.07.15"
  },
  {
    "review_id": "8895362",
    "movie_id": "102659",
    "author": "maki****",
    "review": "그냥 시간때우기용으로 나쁘지않음",
    "rating": "10",
    "date": "14.07.08"
  },
  {
    "review_id": "8830931",
    "movie_id": "102659",
    "author": "gato****",
    "review": "얼버무리지 않는 확실한 광기.",
    "rating": "7",
    "date": "14.06.15"
  },
  {
    "review_id": "8827420",
    "movie_id": "102659",
    "author": "didh****",
    "review": "남주멍청한 건 뭐지? 천재라면서 고도의 기술과 방법으로 적을 응징할 것처럼 비범한 느낌을 주더니 이건 뭐 걍 차에 치이는게  다고...여주도 고고한척 드럽게 해요. 살인마가 눈물 흘리면 불쌍하다고 같이 처울 인간임.",
    "rating": "2",
    "date": "14.06.13"
  },
  {
    "review_id": "8764235",
    "movie_id": "102659",
    "author": "bear****",
    "review": "뭔가 흥미롭다가도 어설픈느낌? 무튼 특이했다",
    "rating": "6",
    "date": "14.05.25"
  },
  {
    "review_id": "8762173",
    "movie_id": "102659",
    "author": "bles****",
    "review": "몇몇 답답한 캐릭터들에도 불구하고 흠뻑 빠져드는 이야기",
    "rating": "7",
    "date": "14.05.25"
  },
  {
    "review_id": "8734493",
    "movie_id": "102659",
    "author": "mi29****",
    "review": "호불호가 꾀ㅣ갈리는것같은데 저같은경우는 아주 저의 취향의 근접한 영화엿습니다 매력적인 캐릭터성과 연기가 돋보인 수작",
    "rating": "10",
    "date": "14.05.15"
  },
  {
    "review_id": "8727518",
    "movie_id": "102659",
    "author": "tian****",
    "review": "어느정도 볼만은함 zzz",
    "rating": "7",
    "date": "14.05.13"
  },
  {
    "review_id": "8712740",
    "movie_id": "102659",
    "author": "dbzh****",
    "review": "내용도 구리고 재미도 없네",
    "rating": "2",
    "date": "14.05.07"
  },
  {
    "review_id": "8680894",
    "movie_id": "102659",
    "author": "tpl1****",
    "review": "좋은 판타지!!¡!@$%&*",
    "rating": "10",
    "date": "14.04.28"
  },
  {
    "review_id": "8661055",
    "movie_id": "102659",
    "author": "na3s****",
    "review": "과장된표정과 어투 개연성 부족한 스토리, 한편의 사이코드라마",
    "rating": "1",
    "date": "14.04.20"
  },
  {
    "review_id": "8660530",
    "movie_id": "102659",
    "author": "swi9****",
    "review": "중반부터 어이가 날라가는 개연성 때문에 벙찜 아무리 좋게 봐줘도 소녀 하나가 그 큰 병원에 폭탄 설치를 몰래 다하고 경찰을 인질로 잡는게 말이 돼? 아무리 영화라도 최소한의 납득이 가는 개연성은 설정해야 할 것 아닌가? 남주는 매력이 있어 그나마 5점",
    "rating": "5",
    "date": "14.04.20"
  },
  {
    "review_id": "8651434",
    "movie_id": "102659",
    "author": "sp81****",
    "review": "남, 방패, 칼날, 셋의 공통점.",
    "rating": "6",
    "date": "14.04.15"
  },
  {
    "review_id": "8636743",
    "movie_id": "102659",
    "author": "newl****",
    "review": "또라이들이 지나치게 극단적이어서 공감이 잘 안되더라.  하긴 그러니 영화지만서도...",
    "rating": "7",
    "date": "14.04.08"
  },
  {
    "review_id": "8606461",
    "movie_id": "102659",
    "author": "ranf****",
    "review": "기대치보다 괜찮았음..단점이 없는 영화는 아니지만 단점보다 장점이 돋보인 영화..",
    "rating": "10",
    "date": "14.03.25"
  },
  {
    "review_id": "8603966",
    "movie_id": "102659",
    "author": "yomi****",
    "review": "시네21평론가들 뭐하냐.. 국내개봉도했는데 저평가되고 있는 영화네.  근래  본 일본영화중 수작일세.",
    "rating": "8",
    "date": "14.03.24"
  },
  {
    "review_id": "8591791",
    "movie_id": "102659",
    "author": "dltm****",
    "review": "최근 영화중에 가장 재미있게 본 듯",
    "rating": "10",
    "date": "14.03.21"
  },
  {
    "review_id": "8579935",
    "movie_id": "102659",
    "author": "jeew****",
    "review": "개략적인 줄거리 보고 엄청 재밌을거라 기대했는데  역시 일본은 액션마저도 뭔가 잔잔한... 배우들 연기는 나쁘지 않으나 흐름이 뭔가.. 너무 조용..다만 마지막 결말은 좀 무섭더라 >_< 킬링타임용으로는 나쁘지 않음.",
    "rating": "6",
    "date": "14.03.16"
  },
  {
    "review_id": "8576007",
    "movie_id": "102659",
    "author": "wnst****",
    "review": "괜찮은수작이라고생각함",
    "rating": "10",
    "date": "14.03.14"
  },
  {
    "review_id": "8563630",
    "movie_id": "102659",
    "author": "dani****",
    "review": "통쾌한 맛이 없다.. 그냥 삼류 일본 액션 망작",
    "rating": "3",
    "date": "14.03.08"
  },
  {
    "review_id": "8560997",
    "movie_id": "102659",
    "author": "qkrd****",
    "review": "아이씨 밑에 글들 쓰신분....일단 지금 중간까지밖에 못봐서 결말은 모르지만 님들 정말 영화 보신거임?영화 보고 쓴글인지알고 안볼라다가 하도 볼게 없어서 짐 보고있는데 완전 잼나는데...진짜 보신거 맞아요?취향차이라고 하기엔 너무 혹평하셨는뎅....",
    "rating": "10",
    "date": "14.03.07"
  },
  {
    "review_id": "8555537",
    "movie_id": "102659",
    "author": "skre****",
    "review": "일본 감독, 배우 수준이란...",
    "rating": "2",
    "date": "14.03.04"
  },
  {
    "review_id": "8553112",
    "movie_id": "102659",
    "author": "zxcv****",
    "review": "일본은 영화를 너무 못만든다...왜 핸드폰을 던지는데 \"쨍그랑\"소리가나는지... 쿠로사와 아키라가 그립다..",
    "rating": "4",
    "date": "14.03.03"
  },
  {
    "review_id": "8546627",
    "movie_id": "102659",
    "author": "gall****",
    "review": "여러모로 아저씨의 원빈 벤치마킹 하려고 용은 썼으나 명연기는 우습고 캐릭터만 남는다. 동남아스런 악녀는 미스 캐스팅. 일본영화의 특징인 원작의 힘을 빌어 소재의 특이성으로 초반 시선은 끌지만 후반까지 흥미를 이어가질 못하는건 여전하다",
    "rating": "4",
    "date": "14.02.28"
  },
  {
    "review_id": "8542501",
    "movie_id": "102659",
    "author": "tpdu****",
    "review": "R\\뀨류규류ㅠ뀨ㅠ류뀨류류",
    "rating": "1",
    "date": "14.02.27"
  }
]