[
  {
    "review_id": "10050835",
    "movie_id": "102621",
    "author": "kimd****",
    "review": "무슨 놈의 우주선이 전기세 내지 않아서 끊어졌나 ? 왜 이렇게 처음부터 끝까지 어두워 ?",
    "rating": "1",
    "date": "15.06.29"
  },
  {
    "review_id": "9981284",
    "movie_id": "102621",
    "author": "hi94****",
    "review": "평점이 왜 이렇게 낮은진 모르겠는데 저는 sf 영화 좋아해서 재밋게봤어요 보다가 잘시간 지나서 내일이 걱정되네요ㅋㅋㅋㅋ 1개뺀이유는 해피엔딩이 아니야...",
    "rating": "9",
    "date": "15.06.07"
  },
  {
    "review_id": "9856523",
    "movie_id": "102621",
    "author": "kkst****",
    "review": "말이필요없다 말이필요없다 10자",
    "rating": "1",
    "date": "15.04.22"
  },
  {
    "review_id": "9694145",
    "movie_id": "102621",
    "author": "qzqz****",
    "review": "다들 좀 ...b.급 c급영화다 .  하는데  이런영화가 있으니까  에이리언. 인터스텔라 같은  초 명작이 나오는거에요 충북 옥천에  이원중학생이 만든 7분짜리 영화 도  못만들면서..",
    "rating": "8",
    "date": "15.02.14"
  },
  {
    "review_id": "9667121",
    "movie_id": "102621",
    "author": "gobl****",
    "review": "재밌음. 재밌는데 결말이 오픈이라.. 평점이 낮은 거같음. 그래도 재밌어. 살짝 민폐녀때문에 초반에 욕을 하지만..",
    "rating": "6",
    "date": "15.02.04"
  },
  {
    "review_id": "9576107",
    "movie_id": "102621",
    "author": "o0bs****",
    "review": "정말 쓰레기 영화 입니다.",
    "rating": "1",
    "date": "15.01.09"
  },
  {
    "review_id": "9485324",
    "movie_id": "102621",
    "author": "hang****",
    "review": "이걸보고 없던 암이 생겼습니다",
    "rating": "1",
    "date": "14.12.18"
  },
  {
    "review_id": "9470863",
    "movie_id": "102621",
    "author": "samu****",
    "review": "30년간 본 영화중 손에 꼽힐 쓰레기 영화",
    "rating": "1",
    "date": "14.12.13"
  },
  {
    "review_id": "9293202",
    "movie_id": "102621",
    "author": "blue****",
    "review": "살다살다 이렇게 평점낮은 영화 첨 보네. 밑에 감상평이 영화보다 더 재밌다는게 함정.",
    "rating": "1",
    "date": "14.10.15"
  },
  {
    "review_id": "9293123",
    "movie_id": "102621",
    "author": "jipi****",
    "review": "영화보다  리뷰댓글이 더 재밌는 신기한영화",
    "rating": "1",
    "date": "14.10.15"
  },
  {
    "review_id": "9263640",
    "movie_id": "102621",
    "author": "hsh6****",
    "review": "와 진짜 오랫만에 본 꿀잼영화다!!헤헤헤나만 볼 수 없징!! 재밌는 영화는 같이 봐야 더 즐겁징!!헤헤",
    "rating": "10",
    "date": "14.10.04"
  },
  {
    "review_id": "9184948",
    "movie_id": "102621",
    "author": "neos****",
    "review": "아 화면 졸 어둡다...디스거스팅한 장면도 많고..결말도 걍 그렇고",
    "rating": "6",
    "date": "14.09.08"
  },
  {
    "review_id": "9151521",
    "movie_id": "102621",
    "author": "acid****",
    "review": "데드스페이스 네크로모프랑 꼭 닮았네 ㅋㅋ 킬링타임용 이하입니다.",
    "rating": "4",
    "date": "14.08.31"
  },
  {
    "review_id": "9097753",
    "movie_id": "102621",
    "author": "jh09****",
    "review": "진짜똥임그냥 영화가.. 볼거리도없고시간망질질끌면서 엉성한전개에 뻔한스토리 문요기라도됫으면 그냥 킬링타임용이라도됫을텐데 액션도똥비주얼도똥",
    "rating": "1",
    "date": "14.08.16"
  },
  {
    "review_id": "8792720",
    "movie_id": "102621",
    "author": "gjh0****",
    "review": "진짜 졸잼 근데 아쉬운점이 잇다면 마지막에 도시에 사람들 감염시키고 막그런것도 나왓다면 대규모 sf가 될수도 잇을텐데",
    "rating": "7",
    "date": "14.06.04"
  },
  {
    "review_id": "8789189",
    "movie_id": "102621",
    "author": "lsl6****",
    "review": "크리스챤 슬레이터가 언제부터 B급 영화만 찍는 것 같은데.. 진짜 아무 생각 없이 즐길 수 있는 부담없는 영화라 하겠다. 1~3점 주는 너희들. 니들은 B급 영화를 즐길 여유도 없는 3류 영화 관람객이야.",
    "rating": "8",
    "date": "14.06.03"
  },
  {
    "review_id": "8721727",
    "movie_id": "102621",
    "author": "534k****",
    "review": "넘 지루함 킬링용도 영 아님",
    "rating": "3",
    "date": "14.05.11"
  },
  {
    "review_id": "8716886",
    "movie_id": "102621",
    "author": "kara****",
    "review": "전설의 sf졸작 배틀필드의 감독의 신작...b급 sf물....방독면과 미니어처 우주기지 등등 아쉽지만 기본 뼈대는...",
    "rating": "4",
    "date": "14.05.08"
  },
  {
    "review_id": "8716751",
    "movie_id": "102621",
    "author": "rlan****",
    "review": "아니 시간있으니까 영화보는거아닌가 무슨 많은사람만 보래 ㅋ",
    "rating": "10",
    "date": "14.05.08"
  },
  {
    "review_id": "8711053",
    "movie_id": "102621",
    "author": "oojj****",
    "review": "정말 재미없다. 우울하고 졸리고. 내가 본 영화 중 최악.",
    "rating": "2",
    "date": "14.05.06"
  },
  {
    "review_id": "8681409",
    "movie_id": "102621",
    "author": "uiou****",
    "review": "평점낮게등록하는 알바도있나??  잼나구만 스토리도 나쁘지않고.. 시간도 적당히상영해서 지루하지도않고~  sf 좋아하는사람에게볼만할듯~ 난 긴장하면서 밤에잼게봤더니 수면시간 지나버려 늦잠잠",
    "rating": "8",
    "date": "14.04.29"
  },
  {
    "review_id": "8615789",
    "movie_id": "102621",
    "author": "devi****",
    "review": "보다가 몇번을 소리질렀는지..평점 안주면 안되냐",
    "rating": "1",
    "date": "14.03.29"
  },
  {
    "review_id": "8547359",
    "movie_id": "102621",
    "author": "leec****",
    "review": "2.5류쯤 되는 SF영화,,,이 영화에 크리스찬 슐레이터가 출연했다는게 참,,,",
    "rating": "2",
    "date": "14.03.01"
  },
  {
    "review_id": "8534243",
    "movie_id": "102621",
    "author": "risi****",
    "review": "아뿔싸...맙소사....",
    "rating": "2",
    "date": "14.02.24"
  },
  {
    "review_id": "8407960",
    "movie_id": "102621",
    "author": "7gri****",
    "review": "우와~크리스찬 슬레이터가 이런 영화에 나오다니!!",
    "rating": "10",
    "date": "14.01.21"
  },
  {
    "review_id": "8404179",
    "movie_id": "102621",
    "author": "xlfk****",
    "review": "괴물세끼 하나 못때려잡아서 질질짜는 내용.",
    "rating": "1",
    "date": "14.01.20"
  },
  {
    "review_id": "8381962",
    "movie_id": "102621",
    "author": "cndx****",
    "review": "이 영화를 찜해놨다면 바보같은 선택",
    "rating": "1",
    "date": "14.01.14"
  },
  {
    "review_id": "8373412",
    "movie_id": "102621",
    "author": "yafo****",
    "review": "정말 b급 중에서도 최악의 영화 !",
    "rating": "1",
    "date": "14.01.12"
  },
  {
    "review_id": "8343988",
    "movie_id": "102621",
    "author": "spen****",
    "review": "이 영화 갠히봣네 무슨 막장영화같은데 내용전개 특히 형편없고 뻔한스토리에 영화도 1990년대 영화냐 무슨 아 답없는 영화 갠히 돈주고 봤네 이딴 영화 만들돈 있으면 기부나 해라",
    "rating": "1",
    "date": "14.01.03"
  },
  {
    "review_id": "8315186",
    "movie_id": "102621",
    "author": "cont****",
    "review": "저예산으로 나름 잘 만들었다",
    "rating": "6",
    "date": "13.12.28"
  },
  {
    "review_id": "8175336",
    "movie_id": "102621",
    "author": "hany****",
    "review": "오히려 괴기 스럽지 않아서 좋았다 마지막 괴물씬이 압권!!!",
    "rating": "10",
    "date": "13.11.29"
  },
  {
    "review_id": "8170737",
    "movie_id": "102621",
    "author": "gyuh****",
    "review": "0점 못주나이거? 참 와. 할말이없다. ㅋ 내 눈아 미안해... 그냥 잘걸..",
    "rating": "1",
    "date": "13.11.27"
  },
  {
    "review_id": "8158662",
    "movie_id": "102621",
    "author": "aki_****",
    "review": "이거 영화관에서 돈주고 본 사람 있을까??ㅋㅋㅋ 그런 사람 있으면 신기하다",
    "rating": "1",
    "date": "13.11.22"
  },
  {
    "review_id": "8154209",
    "movie_id": "102621",
    "author": "jyjh****",
    "review": "완전한 저예산 영화인가...3류 드라마 보는줄 알았네...",
    "rating": "1",
    "date": "13.11.20"
  },
  {
    "review_id": "8133899",
    "movie_id": "102621",
    "author": "8091****",
    "review": "장난감으로 만든 우주기지야 그렇다 쳐도 내용이라고 튼실하면 끝까지 볼려고 했는데 내용도 장난감급이다 문제가 있다고 하는데도 끝까지 서로 문제없다고 우기기만 하다 일키우는게 넘 억지스럽다",
    "rating": "1",
    "date": "13.11.12"
  },
  {
    "review_id": "8129876",
    "movie_id": "102621",
    "author": "cuc1****",
    "review": "노잼이나 다세포소녀보단 나아서 3점",
    "rating": "3",
    "date": "13.11.10"
  },
  {
    "review_id": "8111787",
    "movie_id": "102621",
    "author": "bles****",
    "review": "스릴이 부실하면 볼거리라도 있어야지",
    "rating": "3",
    "date": "13.11.03"
  },
  {
    "review_id": "8082606",
    "movie_id": "102621",
    "author": "milk****",
    "review": "Tv판 아주 아주 저예산 영화보는 듯 했음",
    "rating": "3",
    "date": "13.10.23"
  },
  {
    "review_id": "8079658",
    "movie_id": "102621",
    "author": "ejfj****",
    "review": "짱 재미있을꺼 같음  10자 넘었나?",
    "rating": "10",
    "date": "13.10.22"
  },
  {
    "review_id": "8078783",
    "movie_id": "102621",
    "author": "gall****",
    "review": "연출도 각본도 특수효과도 3류 수준의 졸작. 그렇다고 독창적 아이디어가 눈에 띄는 거도 아니고~ 싼티 나는 미니어처에서는 뿜었슴다~",
    "rating": "1",
    "date": "13.10.21"
  },
  {
    "review_id": "8075238",
    "movie_id": "102621",
    "author": "poke****",
    "review": "수면용으로  봐도 손색이  없을까요? 만일  그래도  잠이  안오면 어쩌죠?",
    "rating": "9",
    "date": "13.10.20"
  },
  {
    "review_id": "8074175",
    "movie_id": "102621",
    "author": "ocvs****",
    "review": "흠 옛날에이리언추억이잇어서 만점준다",
    "rating": "10",
    "date": "13.10.20"
  },
  {
    "review_id": "8065879",
    "movie_id": "102621",
    "author": "tnst****",
    "review": "걍 살짝살짝 넘겨봤는데도 재미없음이 느껴짐...아 열받아",
    "rating": "1",
    "date": "13.10.17"
  },
  {
    "review_id": "8064170",
    "movie_id": "102621",
    "author": "kore****",
    "review": "미니어처 엄청나게 실감납니다. 패트&매트 보는줄.",
    "rating": "1",
    "date": "13.10.17"
  },
  {
    "review_id": "8064142",
    "movie_id": "102621",
    "author": "kcha****",
    "review": "시간이 많아도... 보지 마시길 권합니다. 지금까지 본 영화중에 가~~~~장 최악 이었던 것 같네요. 에이리언, 스타워즈 제작진의 SF라니... 허위 과장 광고라고 밖에는...",
    "rating": "1",
    "date": "13.10.17"
  },
  {
    "review_id": "8063740",
    "movie_id": "102621",
    "author": "72fo****",
    "review": "정말 어이없는 영화 딱 보고 슬쩍봐도 미니어처티 퍽퍽나는 sf영화 ? 참 호러영화지 할말없듬 시간이 아까운듯",
    "rating": "1",
    "date": "13.10.16"
  },
  {
    "review_id": "8062418",
    "movie_id": "102621",
    "author": "meta****",
    "review": "내용은 에이리언 아류작 .우주기지는 레고작(어쩌면 레고로 만든것보다 더 못한 ㅠ.ㅠ) ..크리스찬 슬레이터 요즘 재정이 어려운듯... 이런 영화를...",
    "rating": "1",
    "date": "13.10.15"
  },
  {
    "review_id": "8061404",
    "movie_id": "102621",
    "author": "car_****",
    "review": "알바도 안쓰는 저 예산 홍보 영화",
    "rating": "1",
    "date": "13.10.15"
  },
  {
    "review_id": "8059949",
    "movie_id": "102621",
    "author": "lusy****",
    "review": "달기지...미니어쳐 티 팍팍 나던데...우뢔매 보는줄 알았다...혹시 특수효과 감독이 심형래?",
    "rating": "1",
    "date": "13.10.14"
  },
  {
    "review_id": "8059775",
    "movie_id": "102621",
    "author": "ibon****",
    "review": "별 반개도 아까 영화... 미니어처 장남감을 모래위에 얹어놓고 유성우가 떨어지는 화면과 탈출정이 이륙하는 장면에서는 80년대 우뢰매 수준의 화면을 접할 수 있고...시나리오는 뭐 안봐도 뻔한 이야기...케이블에서도 안볼 영화를 본게 후회...",
    "rating": "1",
    "date": "13.10.14"
  },
  {
    "review_id": "8058562",
    "movie_id": "102621",
    "author": "ccj9****",
    "review": "이런 영화는 이미 10년전에 한창 유행했던 B급 영화로 지금은 딱 케이블용이 적당하다... 시대를 거꾸로 간 듯한 영상과 내용은 ... 별로 흥미가 안가다 너무 비슷한 영화가 많았는데... 외계인,감염, 복제 등등",
    "rating": "2",
    "date": "13.10.13"
  },
  {
    "review_id": "8057988",
    "movie_id": "102621",
    "author": "asqz****",
    "review": "프르메테우스랑 &더씽합친거아님?",
    "rating": "1",
    "date": "13.10.13"
  },
  {
    "review_id": "8057630",
    "movie_id": "102621",
    "author": "rico****",
    "review": "살짝 아쉽네요....",
    "rating": "8",
    "date": "13.10.13"
  },
  {
    "review_id": "8057591",
    "movie_id": "102621",
    "author": "whdx****",
    "review": "댓글 알바들 때문에 선입관이 생기네 ㅡㅡ 작품성 괜찮은데",
    "rating": "9",
    "date": "13.10.13"
  },
  {
    "review_id": "8057581",
    "movie_id": "102621",
    "author": "ledb****",
    "review": "흥미진진하고 재밌구만.. 또 별점 테러인가...",
    "rating": "10",
    "date": "13.10.13"
  },
  {
    "review_id": "8057579",
    "movie_id": "102621",
    "author": "huak****",
    "review": "흥미진진한 전개로 킬링타임용으로 딱.. 인데..",
    "rating": "10",
    "date": "13.10.13"
  },
  {
    "review_id": "8057569",
    "movie_id": "102621",
    "author": "hwca****",
    "review": "진짜 이거 평점 주고 싶지도 않다..남들 피해 막으려 여기 왔다..달이 장난감이더라...",
    "rating": "1",
    "date": "13.10.13"
  },
  {
    "review_id": "8057564",
    "movie_id": "102621",
    "author": "anta****",
    "review": "평점 개쩌네 아직 안봤는데",
    "rating": "8",
    "date": "13.10.13"
  },
  {
    "review_id": "8057557",
    "movie_id": "102621",
    "author": "skdm****",
    "review": "아오 시간아까워ㅡㅡㅋ",
    "rating": "1",
    "date": "13.10.13"
  },
  {
    "review_id": "8057556",
    "movie_id": "102621",
    "author": "emin****",
    "review": "지금 영화 보지도않고 평점다는 것들이 대다수다. 알바들의 평점테러가 시작이네...",
    "rating": "10",
    "date": "13.10.13"
  },
  {
    "review_id": "8057552",
    "movie_id": "102621",
    "author": "hyun****",
    "review": "시간많으신분들만보세요;",
    "rating": "1",
    "date": "13.10.13"
  },
  {
    "review_id": "8057550",
    "movie_id": "102621",
    "author": "tbvj****",
    "review": "Honestly bored",
    "rating": "1",
    "date": "13.10.13"
  },
  {
    "review_id": "8057545",
    "movie_id": "102621",
    "author": "n4nm****",
    "review": "Honestly bored",
    "rating": "1",
    "date": "13.10.13"
  },
  {
    "review_id": "8057543",
    "movie_id": "102621",
    "author": "kang****",
    "review": "0점은 왜 안 되는거죠?",
    "rating": "1",
    "date": "13.10.13"
  },
  {
    "review_id": "8057542",
    "movie_id": "102621",
    "author": "kkis****",
    "review": "쩝.... 이걸 왜보고잇나 너무 저예산인거 티남;",
    "rating": "1",
    "date": "13.10.13"
  },
  {
    "review_id": "8057540",
    "movie_id": "102621",
    "author": "gcd5****",
    "review": "재밋는데? 퍼시픽림보는것같구 진짜 꿀잼 영화관에서 눈한번도 안깜빡이고 집중해서 잘잔듯",
    "rating": "10",
    "date": "13.10.13"
  },
  {
    "review_id": "8057539",
    "movie_id": "102621",
    "author": "7811****",
    "review": "미친곰님 시간이 남으면 다른것을 해야죠",
    "rating": "1",
    "date": "13.10.13"
  },
  {
    "review_id": "8056902",
    "movie_id": "102621",
    "author": "zzzc****",
    "review": "스토리도 꽝이고 볼만한화면도 전혀 없는 b급 저예산영화...",
    "rating": "1",
    "date": "13.10.13"
  },
  {
    "review_id": "8056497",
    "movie_id": "102621",
    "author": "adiv****",
    "review": "이것도 영화냐....  1980년대나 통할 스토리를 2013년도에 써먹으려고 하니 그게 통하냐.",
    "rating": "1",
    "date": "13.10.12"
  },
  {
    "review_id": "8054941",
    "movie_id": "102621",
    "author": "korn****",
    "review": "속편은 만들어지지 않기를",
    "rating": "2",
    "date": "13.10.12"
  },
  {
    "review_id": "8053607",
    "movie_id": "102621",
    "author": "kxog****",
    "review": "이런식으로 속이다니 완죤b급 삼류영화~",
    "rating": "1",
    "date": "13.10.11"
  },
  {
    "review_id": "8050671",
    "movie_id": "102621",
    "author": "pyjc****",
    "review": "보지마 그냥 나옴 ㅋㅋㅋ",
    "rating": "1",
    "date": "13.10.10"
  },
  {
    "review_id": "8050512",
    "movie_id": "102621",
    "author": "hell****",
    "review": "그래도 평점 알바는 안써서 양심적이네!  힘내라고10점 투척하고 갑니다.",
    "rating": "10",
    "date": "13.10.10"
  },
  {
    "review_id": "8050441",
    "movie_id": "102621",
    "author": "hale****",
    "review": "최근개봉영화중 이렇게 낮은평점은 처음본다..",
    "rating": "5",
    "date": "13.10.10"
  },
  {
    "review_id": "8050295",
    "movie_id": "102621",
    "author": "sent****",
    "review": "브로큰애로우 시절의 크리스찬 슬레이터를 생각하고 본다면 당신은?? 바보??",
    "rating": "1",
    "date": "13.10.10"
  },
  {
    "review_id": "8050203",
    "movie_id": "102621",
    "author": "drea****",
    "review": "순간 \"프로메테우스2' 가 생각났다. 이건 그다지 재미없을듯한 느낌...",
    "rating": "2",
    "date": "13.10.10"
  },
  {
    "review_id": "8050188",
    "movie_id": "102621",
    "author": "ssif****",
    "review": "나는 시간이 정말 많다!  남는건 시간뿐이다!   ....  라고 생각한다면 보세요.",
    "rating": "3",
    "date": "13.10.10"
  },
  {
    "review_id": "8049814",
    "movie_id": "102621",
    "author": "visa****",
    "review": "평점이 너무 높다.속았다는 기분...저예산이라 기술적인 부분은 포기했지만...내용이나 연기력도 미흡해서 몰입이 안된다.",
    "rating": "1",
    "date": "13.10.10"
  },
  {
    "review_id": "8049461",
    "movie_id": "102621",
    "author": "edwa****",
    "review": "저예산 SF영화지만 재밌게 봤다! 크리스찬 슬레이터 오랫만에 나왔다!",
    "rating": "9",
    "date": "13.10.10"
  },
  {
    "review_id": "8049440",
    "movie_id": "102621",
    "author": "rusa****",
    "review": "오랫만에 만나는 SF영화! 스토리가 조금 아쉽지만 그래도 확실히 볼만하다~",
    "rating": "10",
    "date": "13.10.10"
  },
  {
    "review_id": "8049341",
    "movie_id": "102621",
    "author": "jali****",
    "review": "2빠했다 아싸 오예 1빠는 놓쳤네",
    "rating": "5",
    "date": "13.10.10"
  },
  {
    "review_id": "8049228",
    "movie_id": "102621",
    "author": "rkdt****",
    "review": "이거 안보는거 좋습니다",
    "rating": "1",
    "date": "13.10.10"
  }
]