[
  {
    "review_id": "10265710",
    "movie_id": "102639",
    "author": "eppo****",
    "review": "성룡 영화는 갈수록 진중해지는 듯하다 빠져들 수 밖에 없다",
    "rating": "10",
    "date": "15.08.23"
  },
  {
    "review_id": "10253282",
    "movie_id": "102639",
    "author": "gori****",
    "review": "전체적으로 너무 좋았다 기존에있던 성룡의 영화방식이 360도 바뀌였고 몰입도또한 좋았다. 다만 단점인건 과거의 폴리스 스토리가 그립기도 하다.",
    "rating": "8",
    "date": "15.08.20"
  },
  {
    "review_id": "10187592",
    "movie_id": "102639",
    "author": "real****",
    "review": "매 순간의 올바른 선택을 위해 끊임없이 노력해야함을 깨닫게해주는 작품.. 순간의 선택이 삶에 어떤 영향을 끼치는지 뭔가 나비효과같은 느낌이 든 장면들도 있었고.. 마지막 절체절명의 순간 변경된 선로 역시 많은 생각을 들게 한다. 곱씹을수록 멋있는 영화",
    "rating": "10",
    "date": "15.08.05"
  },
  {
    "review_id": "10126027",
    "movie_id": "102639",
    "author": "rygh****",
    "review": "기댈 곳이 사라진 성룡 영화. 누아르는 탈출구가 되지 못했다.",
    "rating": "4",
    "date": "15.07.21"
  },
  {
    "review_id": "10068399",
    "movie_id": "102639",
    "author": "jyl_****",
    "review": "좋았어요!!! 전 성룡팬입니당",
    "rating": "9",
    "date": "15.07.04"
  },
  {
    "review_id": "9984585",
    "movie_id": "102639",
    "author": "zalb****",
    "review": "재미있게 봤어요. 재미있게 봤어요.재미있게 봤어요",
    "rating": "8",
    "date": "15.06.08"
  },
  {
    "review_id": "9973550",
    "movie_id": "102639",
    "author": "mmhe****",
    "review": "그냥 성용은 성용이다 더이상 할말이없다",
    "rating": "10",
    "date": "15.06.04"
  },
  {
    "review_id": "9962192",
    "movie_id": "102639",
    "author": "dbwo****",
    "review": "그냥 볼만함 예전의 폴리스스토리와는 색다름",
    "rating": "7",
    "date": "15.05.30"
  },
  {
    "review_id": "9932800",
    "movie_id": "102639",
    "author": "osc4****",
    "review": "씨네21| 송효정 영화보지마세요",
    "rating": "10",
    "date": "15.05.20"
  },
  {
    "review_id": "9928568",
    "movie_id": "102639",
    "author": "mill****",
    "review": "방금CGV TV로보고 리뷰남김...노장의액션5점 나머지 쏘우를보는듯한억지스러운 스토리 쏘우를넘어 올드보이인가했지만 다행이 그것은안했음...싸움겁나잘한것같이보이던 악역 정말 실망 주둥아이로만 겁나터네...",
    "rating": "5",
    "date": "15.05.18"
  },
  {
    "review_id": "9856366",
    "movie_id": "102639",
    "author": "awpg****",
    "review": "잘봣습니다!! 진짜 늙는다는게 너무 안타까운 유일한 영화배우네요 ㅠㅠ 죽을때까지 형님의 액션을 보고싶습니다 늙지마세요 ㅠㅠ",
    "rating": "10",
    "date": "15.04.22"
  },
  {
    "review_id": "9854831",
    "movie_id": "102639",
    "author": "huks****",
    "review": "빼어난 화질과 무대 장치와는 대조되는 스토리 전개와 화면 구성.. 하지만 룡이 형이면 모든게 용서된다.",
    "rating": "10",
    "date": "15.04.20"
  },
  {
    "review_id": "9820873",
    "movie_id": "102639",
    "author": "jimm****",
    "review": "믿고보는 재키 찬 10자",
    "rating": "10",
    "date": "15.04.01"
  },
  {
    "review_id": "9808165",
    "movie_id": "102639",
    "author": "doos****",
    "review": "역시성룡이다 갠적으로추천",
    "rating": "9",
    "date": "15.03.26"
  },
  {
    "review_id": "9779090",
    "movie_id": "102639",
    "author": "inth****",
    "review": "성룡, 당신의 이름때문에라도 최고점수를 줄 수 밖에 없는데, 더구나 폴리스스토리의 계보를 잇는 영화라서 무조건 만점입니다. 물론, 노쇠한 몸으로 젊은날의 액션을 보여줄 수는 없지만 곳곳에서 보이는 몸을 던지는 연기는 여전합니다. 사랑합니다.",
    "rating": "10",
    "date": "15.03.14"
  },
  {
    "review_id": "9761093",
    "movie_id": "102639",
    "author": "janj****",
    "review": "아니 왜이렇게 평점이 낮아 진짜 재밌었는데",
    "rating": "10",
    "date": "15.03.06"
  },
  {
    "review_id": "9756573",
    "movie_id": "102639",
    "author": "kyn9****",
    "review": "성룡도 세월을 피해 가진 못하는구나... 예전같지 않은 성룡의 모습에 가슴이 아프다... 그래도 성룡이니까 7점은 줘야지..",
    "rating": "7",
    "date": "15.03.04"
  },
  {
    "review_id": "9754795",
    "movie_id": "102639",
    "author": "blue****",
    "review": "기존과 다르게 액션 중심이 아닌 스토리 중심인 시리즈도 괜찮다..",
    "rating": "7",
    "date": "15.03.03"
  },
  {
    "review_id": "9749853",
    "movie_id": "102639",
    "author": "han_****",
    "review": "이거 극찬하는사람들 보니.... 이게 아이돌 영화랑 뭐가 달라? 완성도를 떠나서 배우빠들이   무조건 극찬하고 있네",
    "rating": "5",
    "date": "15.03.01"
  },
  {
    "review_id": "9715357",
    "movie_id": "102639",
    "author": "tjdg****",
    "review": "그는 살아있는 전설이다. 2010년대의 새 폴리스 스토리에 임하는 배우로서의 얼굴만 보아도 가슴이 뛰니 .. 마땅히 경의를 표해야 한다.",
    "rating": "10",
    "date": "15.02.19"
  },
  {
    "review_id": "9713138",
    "movie_id": "102639",
    "author": "h25m****",
    "review": "생각보다 재미있엇어요",
    "rating": "10",
    "date": "15.02.19"
  },
  {
    "review_id": "9706716",
    "movie_id": "102639",
    "author": "jiji****",
    "review": "굳굳굳....성룡은 최고였어",
    "rating": "10",
    "date": "15.02.17"
  },
  {
    "review_id": "9701051",
    "movie_id": "102639",
    "author": "minj****",
    "review": "솔직히 예전 폴리스 스토리정도는 아닌 것 같다",
    "rating": "7",
    "date": "15.02.16"
  },
  {
    "review_id": "9698399",
    "movie_id": "102639",
    "author": "cool****",
    "review": "재밌는데 기자는 왜 저럼?",
    "rating": "6",
    "date": "15.02.15"
  },
  {
    "review_id": "9682452",
    "movie_id": "102639",
    "author": "dear****",
    "review": "이것도   터미네이터랑   똑같은  5번째  영화로구나?",
    "rating": "10",
    "date": "15.02.09"
  },
  {
    "review_id": "9680432",
    "movie_id": "102639",
    "author": "wlsd****",
    "review": "조잡하게 엮어놓은 스토리가 후반에는 어색하기까지 하다. 과도한 연출은 액션마저 흐리고 스케일도 가린다  영화를 떠나 순전히 성룡 어르신의 노고에 7점을 드린다",
    "rating": "7",
    "date": "15.02.08"
  },
  {
    "review_id": "9679639",
    "movie_id": "102639",
    "author": "fghy****",
    "review": "성룡을 정말 좋아하지만,,  팬심을 떼어놓고 보자면 그냥 평작,,",
    "rating": "7",
    "date": "15.02.08"
  },
  {
    "review_id": "9679633",
    "movie_id": "102639",
    "author": "tyto****",
    "review": "안봐도 10점이란걸 안다 성룡의 폴리스스토리니까",
    "rating": "10",
    "date": "15.02.08"
  },
  {
    "review_id": "9679623",
    "movie_id": "102639",
    "author": "skdh****",
    "review": "중국영화 특유의 억지스러움이 있었지만 이정도면 훌륭한 액션영화에요! 부모님과 함께봐도 좋을듯",
    "rating": "10",
    "date": "15.02.08"
  },
  {
    "review_id": "9678281",
    "movie_id": "102639",
    "author": "deff****",
    "review": "진지한건 좋은데 스토리 자체가 흡입력이 부족하고 늘어지기만 한다 타이틀을 바꾸는 것이 더 좋았을 걸...[폴리스 스토리] 속편으로는 어울리지 않는다",
    "rating": "4",
    "date": "15.02.08"
  },
  {
    "review_id": "9677566",
    "movie_id": "102639",
    "author": "kjgs****",
    "review": "추억이 떠오르고, 코믹이 아니라도 충분히 재미있는 영화입니다.",
    "rating": "10",
    "date": "15.02.08"
  },
  {
    "review_id": "9677551",
    "movie_id": "102639",
    "author": "jame****",
    "review": "케이블로 막 봤는데 재미지다~ 요새 할리우드 액션 영화에선 없는 맛이 있음!",
    "rating": "9",
    "date": "15.02.08"
  },
  {
    "review_id": "9677526",
    "movie_id": "102639",
    "author": "cccw****",
    "review": "믿고보는 젝키형..경첨이란 여배우가 예쁨..모티브는 총성과 다이아몬드에서 따온듯..거기에 오리지날 스토리..부성애도 있고 좋음..",
    "rating": "10",
    "date": "15.02.08"
  },
  {
    "review_id": "9671599",
    "movie_id": "102639",
    "author": "jjjh****",
    "review": "볼만함.. 메세지도 있고.",
    "rating": "10",
    "date": "15.02.06"
  },
  {
    "review_id": "9645827",
    "movie_id": "102639",
    "author": "kysk****",
    "review": "성룡이라서 재밌게 봤다고 하는데 진짜 재미없다",
    "rating": "4",
    "date": "15.01.28"
  },
  {
    "review_id": "9644434",
    "movie_id": "102639",
    "author": "neve****",
    "review": "내용이 억지스럽고, 남자 악역은 극중 사이코패스 같은 성격으로 몰입도 그닥. 어쨌든 성룡님의 연기는 좋음.",
    "rating": "7",
    "date": "15.01.28"
  },
  {
    "review_id": "9641090",
    "movie_id": "102639",
    "author": "rotj****",
    "review": "정말 성룡 나오는 영화는 다봤었는데... 이젠 정말 많이 늙었네요.. 예전이 넘 그립다... 스토리, 배우들 연기력등 모든게 허술하기짝이 없지만 성룡이라 끝까지 봤음..",
    "rating": "3",
    "date": "15.01.27"
  },
  {
    "review_id": "9614579",
    "movie_id": "102639",
    "author": "tnsq****",
    "review": "그냥 최고아닌가요? 감히 평점을 매길수가 없네요..",
    "rating": "10",
    "date": "15.01.19"
  },
  {
    "review_id": "9589416",
    "movie_id": "102639",
    "author": "1stl****",
    "review": "기대만빵으로 봐서 그런지...ㅠㅠ",
    "rating": "6",
    "date": "15.01.13"
  },
  {
    "review_id": "9579661",
    "movie_id": "102639",
    "author": "fran****",
    "review": "예전과 같은 포맷은 아니지만 그래도 성룡 이라는 이유만으로 재미있게 봤다.ㅋㅋㅋ",
    "rating": "7",
    "date": "15.01.10"
  },
  {
    "review_id": "9544022",
    "movie_id": "102639",
    "author": "sean****",
    "review": "어째 홍콩 영화는 80-90년대 수준을 못 이어가고 떨어 졌을까? 신선감도 재미도 리얼리티도 코미디도 환상적이 연기도 없다.",
    "rating": "3",
    "date": "15.01.01"
  },
  {
    "review_id": "9529747",
    "movie_id": "102639",
    "author": "kgmh****",
    "review": "재미있게 잘봤어요~!!",
    "rating": "8",
    "date": "14.12.28"
  },
  {
    "review_id": "9526247",
    "movie_id": "102639",
    "author": "dlsr****",
    "review": "재미를 뒤로하고 이영화는 성룡을 사랑해준 팬들을 위한 영화다. 폴리스스토리 성룡의 특유의 코미디가 빠진게 아쉽지만 성룡이기에 이미10점이다",
    "rating": "9",
    "date": "14.12.27"
  },
  {
    "review_id": "9487784",
    "movie_id": "102639",
    "author": "2016****",
    "review": "점점 더  멋있어지는 배우. 성룡!! 다음 작품도 기대해볼께요~",
    "rating": "8",
    "date": "14.12.19"
  },
  {
    "review_id": "9432741",
    "movie_id": "102639",
    "author": "twel****",
    "review": "마지막이네! 좀 쓸쓸하네 ㅠ",
    "rating": "10",
    "date": "14.11.29"
  },
  {
    "review_id": "9388668",
    "movie_id": "102639",
    "author": "mill****",
    "review": "나름 호기심에 반전도 있고 좋았습니다.기구와 주변사물을 이용하는 액션은 여전하네요.",
    "rating": "10",
    "date": "14.11.15"
  },
  {
    "review_id": "9304531",
    "movie_id": "102639",
    "author": "wkds****",
    "review": "ㅎㅎ멋져요 정말...성룡 뭔가 매력적인.ㅠㅠ",
    "rating": "10",
    "date": "14.10.20"
  },
  {
    "review_id": "9299098",
    "movie_id": "102639",
    "author": "shis****",
    "review": "성룡.. 액션이 좀 느려졌다는걸 느끼게 해줬다!  하지만 내용은 훈훈하다. 마지막 엔딩은 언제나 즐거워 ㅋㅋㅋ 적들을 적으로 안보게 해주지",
    "rating": "10",
    "date": "14.10.18"
  },
  {
    "review_id": "9275196",
    "movie_id": "102639",
    "author": "zooc****",
    "review": "사스가 성룡 / 키아!!!",
    "rating": "10",
    "date": "14.10.08"
  },
  {
    "review_id": "9270982",
    "movie_id": "102639",
    "author": "outj****",
    "review": "초반에 스토리 진행에서 지루한 감이 없지않아 있었지만 드라마틱한  모습과 영화에서 보이는 성룡의 생명존중과 협상에서 설득을 우선시하는 모습이 인상적이었다. 그리고 기존의 성룡영화와 다른 면도 신선하고 재미있었음",
    "rating": "9",
    "date": "14.10.07"
  },
  {
    "review_id": "9269420",
    "movie_id": "102639",
    "author": "moon****",
    "review": "성룡의 액션을 보는데 왜케 짠하냐~~~이제 무리하게 하지 마세요 성룡 아저씨ㅜㅜ",
    "rating": "6",
    "date": "14.10.06"
  },
  {
    "review_id": "9247332",
    "movie_id": "102639",
    "author": "minw****",
    "review": "65756787787",
    "rating": "10",
    "date": "14.09.28"
  },
  {
    "review_id": "9243744",
    "movie_id": "102639",
    "author": "haen****",
    "review": "인간의 생명은 소중하다는걸 일깨운 우반장! 성룡 살아있네!!!",
    "rating": "10",
    "date": "14.09.27"
  },
  {
    "review_id": "9240668",
    "movie_id": "102639",
    "author": "gaeg****",
    "review": "볼만한데... 조금 지루해요...",
    "rating": "7",
    "date": "14.09.25"
  },
  {
    "review_id": "9218027",
    "movie_id": "102639",
    "author": "mftr****",
    "review": "전형적인 성룡영화로 기대하고 본사람들이 많아서 평점이 낮은듯...그냥 중국영화로 본다면 제법 괜찮네요 뜬금 산으로 가는 스토리가 있긴 하지만 허용할만함....",
    "rating": "9",
    "date": "14.09.15"
  },
  {
    "review_id": "9211747",
    "movie_id": "102639",
    "author": "wjdc****",
    "review": "아제발..ㅜㅜ 재미없어..요",
    "rating": "2",
    "date": "14.09.13"
  },
  {
    "review_id": "9209919",
    "movie_id": "102639",
    "author": "kawa****",
    "review": "그지같은알바색히들ㅗ",
    "rating": "2",
    "date": "14.09.13"
  },
  {
    "review_id": "9186054",
    "movie_id": "102639",
    "author": "qorc****",
    "review": "영화 대~박 잼있음 추천",
    "rating": "10",
    "date": "14.09.08"
  },
  {
    "review_id": "9175595",
    "movie_id": "102639",
    "author": "marc****",
    "review": "액션 + 10억 스토리.",
    "rating": "7",
    "date": "14.09.06"
  },
  {
    "review_id": "9174105",
    "movie_id": "102639",
    "author": "yjh6****",
    "review": "액션영화임에도 불구하고 내게 큰 감동을 안겨준 영화다. 여러 에피소드의 구성이 자연스럽고, 몰입도를 높이는데 부족함이 없다. 적지않은 연륜이 쌓여 그런지 몰라도 성룡은 이제 '멋지다'는 말로는 부족한 배우라는 생각이 들었다.",
    "rating": "10",
    "date": "14.09.06"
  },
  {
    "review_id": "9156079",
    "movie_id": "102639",
    "author": "hope****",
    "review": "쓰릴러와 성룡이라는 배우가 경찰역할로 쌓아온 캐릭터가 어우러져서 볼만했네요. 주연배우의 미친듯이 선한 캐릭터는 지금까지 성룡형님이 연기해온 인물들과 함께함으로 이해가되네요",
    "rating": "10",
    "date": "14.09.02"
  },
  {
    "review_id": "9145199",
    "movie_id": "102639",
    "author": "rokd****",
    "review": "잼없어요...잼없어요....",
    "rating": "1",
    "date": "14.08.30"
  },
  {
    "review_id": "9139498",
    "movie_id": "102639",
    "author": "cybe****",
    "review": "성룡이라는 배우를 다시 한 번 생각 하게 해준 영화가 아닐까 생각합니다.",
    "rating": "10",
    "date": "14.08.28"
  },
  {
    "review_id": "9131622",
    "movie_id": "102639",
    "author": "zzcm****",
    "review": "역시 믿고 보는 성룡영화",
    "rating": "10",
    "date": "14.08.25"
  },
  {
    "review_id": "9128558",
    "movie_id": "102639",
    "author": "oojj****",
    "review": "성룡도 나이가 들었는지 액션보다는 말로 영화를 만들었네. 내용도 비슷한 영화가 있었고.  킬타임 정도는 될거라 기대한 것도 아니다.",
    "rating": "4",
    "date": "14.08.24"
  },
  {
    "review_id": "9092510",
    "movie_id": "102639",
    "author": "aow1****",
    "review": "지금 처음 봤는데 죵나 재미없네...전 폴리스 스토리를 기대해서 그런가..그래도 성룡 때문에 반별 준다",
    "rating": "1",
    "date": "14.08.15"
  },
  {
    "review_id": "9087776",
    "movie_id": "102639",
    "author": "tiqm****",
    "review": "대박이엇어요 명불허전 성룡",
    "rating": "10",
    "date": "14.08.15"
  },
  {
    "review_id": "9077931",
    "movie_id": "102639",
    "author": "sill****",
    "review": "성룡에 코믹액션은 없지만 연출이 참신했던 영화라 생각된다 시나리오는 글쎄....",
    "rating": "5",
    "date": "14.08.13"
  },
  {
    "review_id": "9075837",
    "movie_id": "102639",
    "author": "emfo****",
    "review": "전작이랑 비교해서 너무 실망스럽다",
    "rating": "1",
    "date": "14.08.13"
  },
  {
    "review_id": "9039291",
    "movie_id": "102639",
    "author": "cut7****",
    "review": "역시 성룡아저씨!! 옛날부터 팬이어서그런지 안재밌는영화가 없다!! 아저씨 짱짱!!",
    "rating": "10",
    "date": "14.08.06"
  },
  {
    "review_id": "9027234",
    "movie_id": "102639",
    "author": "ygh9****",
    "review": "성룡에 대한 선입견으로 이 영화를 본다면 기자및 평론가에 평가와 다르지 않을 것이다.전 시리즈와 다른 진지함이 묻어있는 영화이다.",
    "rating": "9",
    "date": "14.08.04"
  },
  {
    "review_id": "8954978",
    "movie_id": "102639",
    "author": "make****",
    "review": "낯설고 묘한 분위기. 씬이 이어지며 찾아온 첫 실망. 이어지는 이질적인 느낌들. 익숙한 성룡의 영화가 아니였고, 폴리스스토리라는 고정적 관념들을 벗겨내기 또한 쉽지 않았다. 사로잡힌 관념에서 자유로워지니 그럭저럭 & 그의 빅팬이기에 까방권 쓴다. 8점",
    "rating": "8",
    "date": "14.07.25"
  },
  {
    "review_id": "8917770",
    "movie_id": "102639",
    "author": "poim****",
    "review": "성룡영화는 항상, 느낌있다.",
    "rating": "10",
    "date": "14.07.15"
  },
  {
    "review_id": "8913463",
    "movie_id": "102639",
    "author": "vgb9****",
    "review": "기자가  노답 이네 .... 폴리스 스토리 의  처음 시작은 성룡이 연출 이었고 지금까지 계속 액션 코미디 라는 신장르를 만들고 왔지만.... 같은 제목의 폴리스  스토리라고 유머가 있어야 하나?? 그 영화랑 이영화랑 다른 작품임,,,",
    "rating": "8",
    "date": "14.07.13"
  },
  {
    "review_id": "8904429",
    "movie_id": "102639",
    "author": "prs7****",
    "review": "부성애를 다루다 보니 예전의 밝고 코믹스러움이 없어 아쉬웠다! 그래서 8점 준다... 하지만 여전한 것은 몸 사리지 않는 액션과 엔딩크레딧에 NG컷이 있어 다행 이었다!!!",
    "rating": "8",
    "date": "14.07.11"
  },
  {
    "review_id": "8893928",
    "movie_id": "102639",
    "author": "lsjn****",
    "review": "이건 절대 폴리스 스토리가 아니다. 쓸데없는 찬란한 해석은 필요없다. 전반부는 아침드라마, 후반부는 '그것이 알고 싶다' 였다.",
    "rating": "1",
    "date": "14.07.07"
  },
  {
    "review_id": "8886556",
    "movie_id": "102639",
    "author": "min7****",
    "review": "성룡영화 무자게 좋아하는데   좀  아쉽네요엑션이나 스토리나",
    "rating": "6",
    "date": "14.07.05"
  },
  {
    "review_id": "8885013",
    "movie_id": "102639",
    "author": "ligh****",
    "review": "정말  성룡  좋아하는데  이영화는  끝까지  볼수도  없었다...",
    "rating": "3",
    "date": "14.07.05"
  },
  {
    "review_id": "8879863",
    "movie_id": "102639",
    "author": "dawn****",
    "review": "묘한 분위기를 풍기지만 뭔가 하나 빠진 듯. 5판 거미의 귀환을 기대해 봅니다.",
    "rating": "6",
    "date": "14.07.03"
  },
  {
    "review_id": "8877854",
    "movie_id": "102639",
    "author": "kimr****",
    "review": "사회문제 가족문제 갈등의 인과관계 공직자의 책임감 등의 개념에 대해 깊이 생각해 보게 해주는 영화네요 너무 재밌게 잘 봤습니다",
    "rating": "10",
    "date": "14.07.03"
  },
  {
    "review_id": "8872913",
    "movie_id": "102639",
    "author": "flar****",
    "review": "성룡이 나왔다는 것 빼곤 딱히 뭐....재미도 없고 지루하기만 한 영화입니다.",
    "rating": "4",
    "date": "14.07.01"
  },
  {
    "review_id": "8870929",
    "movie_id": "102639",
    "author": "youn****",
    "review": "성룡만에 코믹액션이 없다. 젝일... 그래도 성룡을 볼 수 있다는것만으로도 만족!!",
    "rating": "6",
    "date": "14.06.30"
  },
  {
    "review_id": "8858835",
    "movie_id": "102639",
    "author": "kimj****",
    "review": "지루했음.. 액션은좋음",
    "rating": "5",
    "date": "14.06.26"
  },
  {
    "review_id": "8858097",
    "movie_id": "102639",
    "author": "mdee****",
    "review": "스토리 액션 모두 만족... 연기도 멋지고...",
    "rating": "8",
    "date": "14.06.26"
  },
  {
    "review_id": "8851421",
    "movie_id": "102639",
    "author": "qk10****",
    "review": "영화가 진지해졌지만 스토리가 정말 좋네요 그리고 한정된 공간에서의 긴장.박진감이 잘 구현됬네요 폰부스가 떠올랐습니다 정말 가슴에 임팩트가 팍!!",
    "rating": "10",
    "date": "14.06.24"
  },
  {
    "review_id": "8849823",
    "movie_id": "102639",
    "author": "chac****",
    "review": "한정된 공간이라 지루했고 ng장면이 재밌네요",
    "rating": "7",
    "date": "14.06.23"
  },
  {
    "review_id": "8848090",
    "movie_id": "102639",
    "author": "cowv****",
    "review": "성룡은 여전히 멋지다. 그에 열정이 영화를 빛냈다.",
    "rating": "7",
    "date": "14.06.22"
  },
  {
    "review_id": "8846825",
    "movie_id": "102639",
    "author": "pds8****",
    "review": "뭐하자는거냐? 윤리가르치냐...",
    "rating": "1",
    "date": "14.06.22"
  },
  {
    "review_id": "8844299",
    "movie_id": "102639",
    "author": "self****",
    "review": "여전한 성룡.. 스토리도 좋고, 긴장감도 있고, 괜찮은 영화다..",
    "rating": "9",
    "date": "14.06.21"
  },
  {
    "review_id": "8838895",
    "movie_id": "102639",
    "author": "sury****",
    "review": "어디서 많이 본듯한 스토리다.",
    "rating": "1",
    "date": "14.06.18"
  },
  {
    "review_id": "8836461",
    "movie_id": "102639",
    "author": "iixo****",
    "review": "재미보장 믿고보는 성룡영화^^ 10억과 비슷한 줄거리.사소한 양보나 규칙은 지키고 피해주지 않고 살지만..누군가를 돕는다는 것은 힘든 일인 거 같다. 씁쓸한 마음을 유쾌한 엔딩크레딧으로 달래기ㅎㅎ",
    "rating": "8",
    "date": "14.06.17"
  },
  {
    "review_id": "8834111",
    "movie_id": "102639",
    "author": "kayj****",
    "review": "반전도 있고, 긴장감도 있고 재밌게 봤습니다.",
    "rating": "10",
    "date": "14.06.16"
  },
  {
    "review_id": "8830157",
    "movie_id": "102639",
    "author": "ting****",
    "review": "전에 봤는데 별 내용없이 없어용",
    "rating": "1",
    "date": "14.06.14"
  },
  {
    "review_id": "8828642",
    "movie_id": "102639",
    "author": "kej2****",
    "review": "성룡을 제발 자기 기준의 틀 안에 가둬놓고 생각하지 말길.'성룡=1차원적인 유머'가 아니란 말이다.평론가라 부르기도 부끄러운 기자양반,애초의 폴리스스토리도 풍자와 비판을 그 뿌리에 담고 있다는걸 알고는 있는건지.",
    "rating": "10",
    "date": "14.06.14"
  },
  {
    "review_id": "8825482",
    "movie_id": "102639",
    "author": "jkw1****",
    "review": "2014도 내용 탄탄합니다. 악당으로 나오는 우가 결론적으로 허무해지지만 한국영화도 시나리오가 좋아졌지만 중국은 확실히 대작을 만드는 능력이 탁월한듯하네요... 폴리스스토리의 아성을 이어갈만한 내용이라고 봅니다.",
    "rating": "10",
    "date": "14.06.13"
  },
  {
    "review_id": "8809250",
    "movie_id": "102639",
    "author": "h668****",
    "review": "그럭저럭볼만했어요^^",
    "rating": "6",
    "date": "14.06.07"
  },
  {
    "review_id": "8802829",
    "movie_id": "102639",
    "author": "wodu****",
    "review": "성룡의 연기를다시한번 볼수있는계기엿어요",
    "rating": "7",
    "date": "14.06.06"
  },
  {
    "review_id": "8800785",
    "movie_id": "102639",
    "author": "jong****",
    "review": "성룡이니까!~~~~",
    "rating": "8",
    "date": "14.06.05"
  },
  {
    "review_id": "8795275",
    "movie_id": "102639",
    "author": "mi86****",
    "review": "성룡의 투지는 칭찬할 만하나 너무 분위기가 무겁고 전체적으로 아쉽다",
    "rating": "6",
    "date": "14.06.04"
  },
  {
    "review_id": "8779883",
    "movie_id": "102639",
    "author": "gani****",
    "review": "성롱도 늙었구나 하고 생각했음",
    "rating": "5",
    "date": "14.05.31"
  }
]