[
  {
    "review_id": "10277906",
    "movie_id": "102771",
    "author": "heim****",
    "review": "중국 본토 자본이 들어가면 다 배달의 기수가 되네... 다만 반장의 연기는 그런대로 볼만함. 아니 이영화의  유일한 볼거리는 반장의 연기뿐.",
    "rating": "7",
    "date": "15.08.27"
  },
  {
    "review_id": "10232724",
    "movie_id": "102771",
    "author": "diun****",
    "review": "긴장감이나 나름 반전도 있어서 좋았음",
    "rating": "9",
    "date": "15.08.15"
  },
  {
    "review_id": "10144385",
    "movie_id": "102771",
    "author": "pepe****",
    "review": "막장이네 ㅋㅋ 총알이 무슨 쇠구슬총알도아니고 화살도아닌데",
    "rating": "7",
    "date": "15.07.26"
  },
  {
    "review_id": "10139519",
    "movie_id": "102771",
    "author": "stil****",
    "review": "역쉬 두기봉 감독 대륙의 스케일과 홍콩의 디테일의 조합이 환상적이다",
    "rating": "9",
    "date": "15.07.25"
  },
  {
    "review_id": "9952838",
    "movie_id": "102771",
    "author": "kary****",
    "review": "귀찮았는지  인물묘사 거의없이  마약거래 대충하다가 좀비들 죽어나가듯이 총격전 끝",
    "rating": "5",
    "date": "15.05.26"
  },
  {
    "review_id": "9856590",
    "movie_id": "102771",
    "author": "yana****",
    "review": "웁스! 두기봉이 드디어 해냈다...",
    "rating": "8",
    "date": "15.04.22"
  },
  {
    "review_id": "9779228",
    "movie_id": "102771",
    "author": "rose****",
    "review": "All kill 다 죽네. 주,조연,엑스트라까지 싹. 내용이 뭐지?",
    "rating": "3",
    "date": "15.03.14"
  },
  {
    "review_id": "9778733",
    "movie_id": "102771",
    "author": "mpet****",
    "review": "이전투구속 인간군상. 핏빛 엔딩은 지독하다. 두기봉. 따봉.",
    "rating": "8",
    "date": "15.03.13"
  },
  {
    "review_id": "9721578",
    "movie_id": "102771",
    "author": "jhjk****",
    "review": "군더더기 하나 없이 빨려들어가는 영화",
    "rating": "9",
    "date": "15.02.21"
  },
  {
    "review_id": "9634330",
    "movie_id": "102771",
    "author": "milk****",
    "review": "마지막 총격전 ... 뭐냐....",
    "rating": "6",
    "date": "15.01.25"
  },
  {
    "review_id": "9523956",
    "movie_id": "102771",
    "author": "knig****",
    "review": "와 너무 재미있게 봤습니다~ 꼭보세욯 ㅎㅎ",
    "rating": "10",
    "date": "14.12.27"
  },
  {
    "review_id": "9179421",
    "movie_id": "102771",
    "author": "post****",
    "review": "평점 조절할려고 만점준다. 최소 8점은 가능한 영화다.",
    "rating": "10",
    "date": "14.09.07"
  },
  {
    "review_id": "8940886",
    "movie_id": "102771",
    "author": "rand****",
    "review": "크아~ 대단하다는 말밖엔.",
    "rating": "9",
    "date": "14.07.22"
  },
  {
    "review_id": "8890823",
    "movie_id": "102771",
    "author": "seco****",
    "review": "네이버 평점은  믿을게 못 됩니다.보는내내 지루하지 않고 재미 있었습니다.",
    "rating": "9",
    "date": "14.07.06"
  },
  {
    "review_id": "8763241",
    "movie_id": "102771",
    "author": "almo****",
    "review": "마약 청정국 코리아에 마약영화 수입금지 해라",
    "rating": "4",
    "date": "14.05.25"
  },
  {
    "review_id": "8658008",
    "movie_id": "102771",
    "author": "owli****",
    "review": "두기봉과 순흥레이의 만남",
    "rating": "9",
    "date": "14.04.19"
  },
  {
    "review_id": "8657961",
    "movie_id": "102771",
    "author": "dbzh****",
    "review": "중반까진 볼만했는데, 소학교앞 총격전부터 그다지...",
    "rating": "6",
    "date": "14.04.19"
  },
  {
    "review_id": "8609699",
    "movie_id": "102771",
    "author": "guev****",
    "review": "그럭저럭 킬링타임용에 그치는군",
    "rating": "6",
    "date": "14.03.27"
  },
  {
    "review_id": "8606448",
    "movie_id": "102771",
    "author": "ldkl****",
    "review": "무간도를 베이스로 이것저것 스토리 많이 베꼈네  말이 많이 안되지만 그래도 킬링 타임으론 볼만함",
    "rating": "5",
    "date": "14.03.25"
  },
  {
    "review_id": "8601154",
    "movie_id": "102771",
    "author": "haha****",
    "review": "잘만들어진 영화, 스탈이 살아 있다",
    "rating": "10",
    "date": "14.03.23"
  },
  {
    "review_id": "8589897",
    "movie_id": "102771",
    "author": "mert****",
    "review": "이런 리얼액션좋다 딱좋다",
    "rating": "10",
    "date": "14.03.20"
  },
  {
    "review_id": "8587862",
    "movie_id": "102771",
    "author": "kbut****",
    "review": "두기봉의 액션은 맘에 들지 않아. 최근들어 점점더.. 후반부 액션에서 조소하게 만드는 그의 능력으로 잘 될려고 했던 영화가 쓰러진다..",
    "rating": "6",
    "date": "14.03.19"
  },
  {
    "review_id": "8569784",
    "movie_id": "102771",
    "author": "xini****",
    "review": "중국 마약 금지 홍보 영화. 공안들 사격술이 바닥.",
    "rating": "3",
    "date": "14.03.12"
  },
  {
    "review_id": "8556959",
    "movie_id": "102771",
    "author": "wjsr****",
    "review": "영화 내내 신중하고 치밀한 작전을 전개하다 말미의 무모한 느낌의 총격씬은 당황스럽기 짝이없었다 아예 다른 영화같음. 뭐 두 부분이 연결이 헐거워서 이런 점수를 주지만 갠적으론 각각의 장면을 따로 놓고보면 맘에 들었다 충분히 재밌었음",
    "rating": "6",
    "date": "14.03.05"
  },
  {
    "review_id": "8550209",
    "movie_id": "102771",
    "author": "koke****",
    "review": "재밌음.폴리스스토리보다 재밌음. 마지막에 총격씬에서 총맞고 죽지도 않고 소리도 병맛이라는 사람 많은 것 같은데.. 난 더 현실적인것 같은데.. 총 중국산이라 생각하면 보고나서 시간은 아깝지않음",
    "rating": "8",
    "date": "14.03.02"
  },
  {
    "review_id": "8539514",
    "movie_id": "102771",
    "author": "dodo****",
    "review": "초반에는 그럭저럭 분위기와 긴장감이 있었는데 후반부 총격전.. 진짜 개그물 보는줄 알았다... 마지막에 제작비가 다 떨어졌나?;;; 나참 ;; 그리고 귀머거리들 졸라 쎔;;",
    "rating": "4",
    "date": "14.02.26"
  },
  {
    "review_id": "8537830",
    "movie_id": "102771",
    "author": "soof****",
    "review": "배우들의 연기력과 잘 짜여진 내용전개로 지루하지않음 사실적인 총격씬을 의도적으로 연출한 것 같은 느낌으로 인해 더 몰입해서 봄 그나저나 결말이 정말 너무 허무하다...",
    "rating": "10",
    "date": "14.02.26"
  },
  {
    "review_id": "8534155",
    "movie_id": "102771",
    "author": "niku****",
    "review": "막판 전투신 빼면 수작인데.흠. 평점이 너무 낮음.",
    "rating": "9",
    "date": "14.02.24"
  },
  {
    "review_id": "8530188",
    "movie_id": "102771",
    "author": "bles****",
    "review": "지독하게 냉소적인 두기봉 스타일",
    "rating": "6",
    "date": "14.02.23"
  },
  {
    "review_id": "8525570",
    "movie_id": "102771",
    "author": "l5la****",
    "review": "명작은 살아 남는다. 두기봉 팬이 되어가는 나...",
    "rating": "10",
    "date": "14.02.21"
  },
  {
    "review_id": "8521001",
    "movie_id": "102771",
    "author": "xym0****",
    "review": "부천영화제에서 봤습니다. 두기봉 영화 중 가장 메인스트림 스릴러에 가깝지만 ([대사건]보다 이쪽이 더 장르영화스럽습니다) 그래도 이 정도로 과소평가 받을 영화가 아닙니다. 중국 검열에 맞춰주면서도 이 정도 수위로 찍는 게 놀라웠습니다.",
    "rating": "8",
    "date": "14.02.19"
  },
  {
    "review_id": "8516813",
    "movie_id": "102771",
    "author": "nomo****",
    "review": "내가 이 영화 중국에 있을때 봤는데 잘만든편임 8점 정도는 된다고봄..아쉽다면 후반부가 개판이라 그렇치 초반 전개는 정말 잼있음 배우들 연기도 잘했고..너무 평점 낮은데 8점대 초반은됨..",
    "rating": "8",
    "date": "14.02.17"
  },
  {
    "review_id": "8515825",
    "movie_id": "102771",
    "author": "534k****",
    "review": "무슨 영화길래 평점이 운지수준이냐",
    "rating": "1",
    "date": "14.02.17"
  },
  {
    "review_id": "8514270",
    "movie_id": "102771",
    "author": "cind****",
    "review": "이건 성룡영화가 아니라서 그래요",
    "rating": "3",
    "date": "14.02.16"
  },
  {
    "review_id": "8507149",
    "movie_id": "102771",
    "author": "lesm****",
    "review": "예고편 하고는!!! 무슨내용인지 모르겠다",
    "rating": "1",
    "date": "14.02.14"
  },
  {
    "review_id": "8504339",
    "movie_id": "102771",
    "author": "into****",
    "review": "홍콩영화 예전 같지가 않네...",
    "rating": "1",
    "date": "14.02.13"
  }
]