[
  {
    "review_id": "10276793",
    "movie_id": "102824",
    "author": "dalj****",
    "review": "헐 저는 진짜 잼있게봤어용 몰입ㅋㅋ",
    "rating": "10",
    "date": "15.08.26"
  },
  {
    "review_id": "10276782",
    "movie_id": "102824",
    "author": "wofu****",
    "review": "신고도 안하고 경비한테 얘기도 안하고 암걸리는줄...",
    "rating": "5",
    "date": "15.08.26"
  },
  {
    "review_id": "10276756",
    "movie_id": "102824",
    "author": "wkdd****",
    "review": "애들때메 보기싫음ㅎㅋㅎㅋ",
    "rating": "1",
    "date": "15.08.26"
  },
  {
    "review_id": "10276744",
    "movie_id": "102824",
    "author": "pjb1****",
    "review": "긴장감 떨구는 루즈한 구성은 둘째치고, 최고의 전투민족이야 셋째치고, 개연성없이 주인공 살려준건 넷째치고, 실종자 카드긁고다니고 핸드폰 유심도 안뽑는 빡대가리 범죄자 하나 추적 못해서, 그 신고를 안해서 몸이 고생을 하네",
    "rating": "1",
    "date": "15.08.26"
  },
  {
    "review_id": "10273574",
    "movie_id": "102824",
    "author": "elec****",
    "review": "영화를 만들다가 마지막 삼십분은 억지로 만든거 같음. 초반에 심리적 갈등은 참 좋았는데요.",
    "rating": "6",
    "date": "15.08.25"
  },
  {
    "review_id": "10252777",
    "movie_id": "102824",
    "author": "west****",
    "review": "최악의 시나리오와 연출",
    "rating": "1",
    "date": "15.08.20"
  },
  {
    "review_id": "10251378",
    "movie_id": "102824",
    "author": "thdu****",
    "review": "연출은 뛰어나나 스토리가 허접",
    "rating": "4",
    "date": "15.08.19"
  },
  {
    "review_id": "10250467",
    "movie_id": "102824",
    "author": "casc****",
    "review": "왜 이 영화 평이 낮노? 거의 8점에서 9점은 받아야 하는데??",
    "rating": "10",
    "date": "15.08.19"
  },
  {
    "review_id": "10247060",
    "movie_id": "102824",
    "author": "pass****",
    "review": "충무로 종사자들은 제발 방송국 예능 pd들한테 편집기술 좀 배우길 바란다",
    "rating": "3",
    "date": "15.08.17"
  },
  {
    "review_id": "10246912",
    "movie_id": "102824",
    "author": "sthj****",
    "review": "재미있어요ㅎ ....",
    "rating": "10",
    "date": "15.08.17"
  },
  {
    "review_id": "10246861",
    "movie_id": "102824",
    "author": "ttkf****",
    "review": "그냥저냥 볼만하던데 ㅋ호불호가 갈리나?",
    "rating": "9",
    "date": "15.08.17"
  },
  {
    "review_id": "10246832",
    "movie_id": "102824",
    "author": "gibu****",
    "review": "남자가 뭐 이러케 힘아리가 없냐 여자 범인한테 개 처맞기만하고 ㅉㅉ",
    "rating": "1",
    "date": "15.08.17"
  },
  {
    "review_id": "10246819",
    "movie_id": "102824",
    "author": "xkqt****",
    "review": "보는 내내 암걸리는 영화 ... 이런걸 영화라고 만들다니..  뭐 판타지물 좋아하시는 분은(?!)  좋아하실지도..  사실성 개연성 날려 먹음",
    "rating": "1",
    "date": "15.08.17"
  },
  {
    "review_id": "10246809",
    "movie_id": "102824",
    "author": "lsm3****",
    "review": "아오 영화보다가 암걸리는줄 아랐네",
    "rating": "1",
    "date": "15.08.17"
  },
  {
    "review_id": "10246805",
    "movie_id": "102824",
    "author": "ssan****",
    "review": "별 하나도 아깝다. 전화기 옆에 두고 112누를줄도 모르는 주인공. 그 급박한 상황에 가족 안부나 묻고 있는 주인공... 영화 보다가 암 걸릴뻔 뉘미",
    "rating": "1",
    "date": "15.08.17"
  },
  {
    "review_id": "10246765",
    "movie_id": "102824",
    "author": "abcs****",
    "review": "주인공 다 스트레스받을정도로 답답한 영화",
    "rating": "2",
    "date": "15.08.17"
  },
  {
    "review_id": "10246743",
    "movie_id": "102824",
    "author": "lsb7****",
    "review": "리얼리티 떨어지는 답답함이 영화 집중력을 떨어뜨린다",
    "rating": "5",
    "date": "15.08.17"
  },
  {
    "review_id": "10246570",
    "movie_id": "102824",
    "author": "govl****",
    "review": "이상한영화신고안하고아무리영화라도그렇지볼때ㅈㄴ답답",
    "rating": "1",
    "date": "15.08.17"
  },
  {
    "review_id": "10246560",
    "movie_id": "102824",
    "author": "zzqj****",
    "review": "아이들 때문에 짜증내면서 본 영화 엄마 5880!!저 아저씨 왜 우산들고있어??",
    "rating": "5",
    "date": "15.08.17"
  },
  {
    "review_id": "10243722",
    "movie_id": "102824",
    "author": "luvm****",
    "review": "일점도 아까운 영화 암걸릴듯 형은 뭔죄임 내용 ㅂㅅ",
    "rating": "1",
    "date": "15.08.17"
  },
  {
    "review_id": "10242448",
    "movie_id": "102824",
    "author": "even****",
    "review": "실망.너무 재미없다.배우들 연기덕에 그나마 흥행한것같다.",
    "rating": "1",
    "date": "15.08.16"
  },
  {
    "review_id": "10242239",
    "movie_id": "102824",
    "author": "rors****",
    "review": "문정희는 볼수록 참 좋은 배우같다. 다만 더 좋은 영화에서 많이 나왔으면 하는 바람ㅜㅜ",
    "rating": "5",
    "date": "15.08.16"
  },
  {
    "review_id": "10222061",
    "movie_id": "102824",
    "author": "juli****",
    "review": "경찰에 신고를 해!! 제발 ㅠㅠ",
    "rating": "4",
    "date": "15.08.13"
  },
  {
    "review_id": "10221582",
    "movie_id": "102824",
    "author": "gade****",
    "review": "배우들 연기가 좋아서 킬링타임용은 됨. 근데 나역시 영화보는내내 경찰에 죽어도 신고하지 않는 뻥 뚫린 시나리오에 좀 실망. 스토리전개상 신고를 안하는건 좋다이거야, 다만 최소한 관객한텐 그게 이상하다 생각할 여유는 주지 않아야 하는데 이건뭐....",
    "rating": "5",
    "date": "15.08.12"
  },
  {
    "review_id": "10219203",
    "movie_id": "102824",
    "author": "bond****",
    "review": "내용, 연기 좋은 영화입니다.",
    "rating": "10",
    "date": "15.08.12"
  },
  {
    "review_id": "10217977",
    "movie_id": "102824",
    "author": "alsd****",
    "review": "경찰은 사람이 죽었는데 대충 시체만걷어가나?벽장안에 있는다고 안들킨게 말이되?손현주가 그멀리서 와서 사이코랑 혈투를벌이는동안 경찰은 머한겨ㅋㅋ왠만하면 만점을 누르는 나에게 첨으로 일점을 누르게한영화하나부터 열까지 앞뒤가 맞질 않는 진짜못만든영화...",
    "rating": "1",
    "date": "15.08.11"
  },
  {
    "review_id": "10216808",
    "movie_id": "102824",
    "author": "clea****",
    "review": "문정희 연기력 그리 높게 안봤지만 이영화에선  좋은 연기력을 보여준다. 부인과 애들 연기와 설정이 좀 어색하지만 스릴있고 볼만하다.",
    "rating": "6",
    "date": "15.08.11"
  },
  {
    "review_id": "10205452",
    "movie_id": "102824",
    "author": "ahap****",
    "review": "괜찮았는데... 평점이 이거보다는 높은 것 같음",
    "rating": "9",
    "date": "15.08.09"
  },
  {
    "review_id": "10196048",
    "movie_id": "102824",
    "author": "mech****",
    "review": "정말 최악의 영화입니다. 억지스러운 공포감 조성뿐",
    "rating": "1",
    "date": "15.08.07"
  },
  {
    "review_id": "10196047",
    "movie_id": "102824",
    "author": "jcos****",
    "review": "손현주의  아들 딸만 빼고 나머지 모두 죽어도 싼 행동만 함",
    "rating": "7",
    "date": "15.08.07"
  },
  {
    "review_id": "10196045",
    "movie_id": "102824",
    "author": "jinj****",
    "review": "이건 영화가 아니다. 쓰레기다.",
    "rating": "1",
    "date": "15.08.07"
  },
  {
    "review_id": "10196017",
    "movie_id": "102824",
    "author": "sook****",
    "review": "쓰레기 영화  감독 정신세계가 의심됨  비추",
    "rating": "1",
    "date": "15.08.07"
  },
  {
    "review_id": "10191963",
    "movie_id": "102824",
    "author": "shim****",
    "review": "집에서 친구들이랑 봣ㄴ늗데 개잼씀 ㅋㅋ 1점 저런건 진짜 뭐 영화 대법원장이라도 되나 ㅋㅋ",
    "rating": "8",
    "date": "15.08.06"
  },
  {
    "review_id": "10169680",
    "movie_id": "102824",
    "author": "zxcv****",
    "review": "도입부만 좋고 그 이후엔 망작",
    "rating": "3",
    "date": "15.08.01"
  },
  {
    "review_id": "10166552",
    "movie_id": "102824",
    "author": "geon****",
    "review": "손현주빼고 연기 어색하고 시나리오는 좋으나 완성도 떨어짐 저예산영화 좀더퀄리티있게 만들었으면 아쉽",
    "rating": "7",
    "date": "15.07.31"
  },
  {
    "review_id": "10162202",
    "movie_id": "102824",
    "author": "haku****",
    "review": "아 정말 너무하다... 정말 감독 옆에 앉혀놓고 같이 보면서 욕해주고 싶다... 제발 손현주배우가 이런 영화로 소모되지 않으면 좋겠다. 아무 개연성도 연관도 없이 그냥 정신 이상자 하나가 남의 집을 자기 집이라고 우기는 영화..",
    "rating": "1",
    "date": "15.07.30"
  },
  {
    "review_id": "10160771",
    "movie_id": "102824",
    "author": "hisu****",
    "review": "진짜...다시봐도 재밌다 코미디영화의 대작!!! 실컷 웃으시고 싶으면 이영화를 추천합니다.",
    "rating": "10",
    "date": "15.07.30"
  },
  {
    "review_id": "10160772",
    "movie_id": "102824",
    "author": "hisu****",
    "review": "진짜...다시봐도 재밌다 코미디영화의 대작!!! 실컷 웃으시고 싶으면 이영화를 추천합니다.",
    "rating": "10",
    "date": "15.07.30"
  },
  {
    "review_id": "10148707",
    "movie_id": "102824",
    "author": "huko****",
    "review": "공포영화는 귀신같은 존재를 갑툭튀로해서 무섭게하는데 이건 소름돋으면서 무서웠습니다.갑툭튀요소는 없었지만,그리고 예고편을보고 예상되는 내용과 완전히 달라서 신기했습니다.",
    "rating": "10",
    "date": "15.07.27"
  },
  {
    "review_id": "10147341",
    "movie_id": "102824",
    "author": "piug****",
    "review": "마지막까지 답답한 영화. 아빠가 목졸려 죽을 것 같은 상황에 경찰이 왔으면 잽싸게 달려나가 문을 열어줘야지ㅋㅋㅋ 답답하고 어설픈 안 보는게 이득인 쓰레기 영화.",
    "rating": "1",
    "date": "15.07.26"
  },
  {
    "review_id": "10147288",
    "movie_id": "102824",
    "author": "byul****",
    "review": "아.. 쓰레기 영화..",
    "rating": "1",
    "date": "15.07.26"
  },
  {
    "review_id": "10147255",
    "movie_id": "102824",
    "author": "godq****",
    "review": "진짜재밌음 영화보는내내 긴장감 넘치고 스릴짱",
    "rating": "10",
    "date": "15.07.26"
  },
  {
    "review_id": "10147203",
    "movie_id": "102824",
    "author": "ham9****",
    "review": "저는 재밌게 봤습니다.",
    "rating": "10",
    "date": "15.07.26"
  },
  {
    "review_id": "10147151",
    "movie_id": "102824",
    "author": "mola****",
    "review": "마치 경성학교를 보는듯하다",
    "rating": "10",
    "date": "15.07.26"
  },
  {
    "review_id": "10142390",
    "movie_id": "102824",
    "author": "dlql****",
    "review": "본격 내집마련스릴러.",
    "rating": "2",
    "date": "15.07.25"
  },
  {
    "review_id": "10139972",
    "movie_id": "102824",
    "author": "grox****",
    "review": "답답한 쌍팔년도 스릴러..짜증난다..",
    "rating": "1",
    "date": "15.07.25"
  },
  {
    "review_id": "10127875",
    "movie_id": "102824",
    "author": "gazo****",
    "review": "돈이 많고 몸 건강해도 집이 없어 잘 살지 못하는 여자하나 이기지 못하는 무능력한 가장의 모습을 잘 그린 영화",
    "rating": "2",
    "date": "15.07.22"
  },
  {
    "review_id": "10127859",
    "movie_id": "102824",
    "author": "pjeh****",
    "review": "좀비영화인줄 알았을 만큼  죽지않는 맷집과모든지  스스로 행동하려는 자기 주도적이 아주 인상 깊었던 영화마지막에 경찰은 음식배달원인줄 알았다 그냥 암걸리는 영화",
    "rating": "4",
    "date": "15.07.22"
  },
  {
    "review_id": "10127337",
    "movie_id": "102824",
    "author": "fina****",
    "review": "정말 보는내내 실소만 나오는‥명품배우들의 스릴러를 흉내낸 코메디 잘 봤네",
    "rating": "1",
    "date": "15.07.22"
  },
  {
    "review_id": "10126568",
    "movie_id": "102824",
    "author": "sw20****",
    "review": "경찰에 신고하지 안하는 것이 웬지 좀 억지스러움 스릴장면은 좋았고 손현주의 연기는 대단하다",
    "rating": "8",
    "date": "15.07.21"
  },
  {
    "review_id": "10117605",
    "movie_id": "102824",
    "author": "euna****",
    "review": "첫번째 리뷰 읽어보시길",
    "rating": "10",
    "date": "15.07.18"
  },
  {
    "review_id": "10113560",
    "movie_id": "102824",
    "author": "oliv****",
    "review": "희대의 망작 똥쓰레기 내인생 가장아까웠던 2시간",
    "rating": "1",
    "date": "15.07.17"
  },
  {
    "review_id": "10101912",
    "movie_id": "102824",
    "author": "kyou****",
    "review": "진짜 굳...너무 재밌게봤어요",
    "rating": "10",
    "date": "15.07.13"
  },
  {
    "review_id": "10100843",
    "movie_id": "102824",
    "author": "gene****",
    "review": "재밋었구만요 ㅋㅋ공포영화치고잼슴",
    "rating": "9",
    "date": "15.07.13"
  },
  {
    "review_id": "10099441",
    "movie_id": "102824",
    "author": "rkdu****",
    "review": "처음부터끝까지납득이가지않았다. 그럼에도  별을준건 연기력과 캐릭터들의 끈질김?정도",
    "rating": "5",
    "date": "15.07.13"
  },
  {
    "review_id": "10061624",
    "movie_id": "102824",
    "author": "dela****",
    "review": "손현주는 제압을 수 차례 당하지만 항상 한팔은 살아서 움직임",
    "rating": "3",
    "date": "15.07.02"
  },
  {
    "review_id": "10059000",
    "movie_id": "102824",
    "author": "hsya****",
    "review": "저평가된 영화, 한국의 히치콕을 보는 듯 했다..",
    "rating": "8",
    "date": "15.07.01"
  },
  {
    "review_id": "10057929",
    "movie_id": "102824",
    "author": "hand****",
    "review": "싸이코 패스 + 분노조절장애 + 집착장애 = 문정희. 의 연기는 좋았다 / 쇠파이프로 머리를 몇대나 맞아도 살아나는이들 - 인간터미네이터인가 /  액션연출에 세심한 부분이 질적으로 상당히 떨어졌다 액션씬에서 피식 웃음이 나온다고들 하던데 왜 그런지 알",
    "rating": "3",
    "date": "15.07.01"
  },
  {
    "review_id": "10041641",
    "movie_id": "102824",
    "author": "ddal****",
    "review": "영화 다 보고나면 피곤해짐.... 손현주는 왜 신고를 하지 않는 것이며 문정희는 왜 죽지 않는 것이냐 그리고 전반부와 단절된 후반부. 전반부가 심리스릴러라면 후반부 싸이코패스의 액션영화",
    "rating": "7",
    "date": "15.06.27"
  },
  {
    "review_id": "10039611",
    "movie_id": "102824",
    "author": "tfig****",
    "review": "전투력이 T1000 뺨치는 문정희. 분명 뒤졌는데 다시 살아난 불사조 전미선.. 이 영화에 나오는 여자들은 절대죽지 않는 좀비들임.",
    "rating": "1",
    "date": "15.06.26"
  },
  {
    "review_id": "10039555",
    "movie_id": "102824",
    "author": "rade****",
    "review": "재밌었음그 집도둑놈이랑 딸내미년 죽여 버리고 싶었다ㅡㅡ",
    "rating": "10",
    "date": "15.06.26"
  },
  {
    "review_id": "10039547",
    "movie_id": "102824",
    "author": "hams****",
    "review": "이런걸 560만 관객이나 봤다는게... 참...",
    "rating": "1",
    "date": "15.06.26"
  },
  {
    "review_id": "10039349",
    "movie_id": "102824",
    "author": "lin4****",
    "review": "생각외로 평점이 너무 낮아서 놀랐다. 물론 완벽하게 짜여진 영화라곤 할 수 없다. 그렇지만 영화내내 이어지는 긴장감과 단서추리에 대해선 참 괜찮다고 생각했다.",
    "rating": "10",
    "date": "15.06.26"
  },
  {
    "review_id": "10036915",
    "movie_id": "102824",
    "author": "qkqn****",
    "review": "보고 웃었다.. 현실성이 너무없어서 몰입도가 너무 떨어짐...",
    "rating": "3",
    "date": "15.06.26"
  },
  {
    "review_id": "10029290",
    "movie_id": "102824",
    "author": "mick****",
    "review": "어머! 이건 1점 줘야해!",
    "rating": "1",
    "date": "15.06.24"
  },
  {
    "review_id": "10014050",
    "movie_id": "102824",
    "author": "if44****",
    "review": "뒤늦지만;;보고나서 적지만;;;제발한국영화 이런식으로만 찍지말자;;;좀 상식적으로 좀...수준좀;;기발한거 없음??기발한거없음 좀 헛웃음나오게 하지말구 어디서보고 뺏기지나말던가;;;뭔 영화가 보고나면 어이가없지;;; 너무 승질나서 적음;;;;",
    "rating": "1",
    "date": "15.06.20"
  },
  {
    "review_id": "10014049",
    "movie_id": "102824",
    "author": "sunc****",
    "review": "내집 마련을 위한 한어미새의 처절한 액션 사투극.역시 내집이 최고여~~",
    "rating": "10",
    "date": "15.06.20"
  },
  {
    "review_id": "10005692",
    "movie_id": "102824",
    "author": "fore****",
    "review": "스토리 구성 연출 모두 나쁘지 않았던 영화",
    "rating": "8",
    "date": "15.06.17"
  },
  {
    "review_id": "10002694",
    "movie_id": "102824",
    "author": "hauk****",
    "review": "만약 이게 외국영화였다면 평점폭탄을 맞았을텐데 한국영화이기에 6점이나 된다는 것이 더 공포. 저질 연출력에 저질 시나리오.. 영화 등장인물중 뭐하나 제대로 된 사람이 없다는 것이 이영화의 최고의 공포가 아닌가 싶다.",
    "rating": "1",
    "date": "15.06.15"
  },
  {
    "review_id": "9997555",
    "movie_id": "102824",
    "author": "mpar****",
    "review": "재미있다가, 재미없다가.",
    "rating": "6",
    "date": "15.06.13"
  },
  {
    "review_id": "9981232",
    "movie_id": "102824",
    "author": "wetm****",
    "review": "진정 스릴러라 할수 있는 영화인지. 후반으로 갈수록  개연성 떨어지고 지루해짐. 범인이 뚯밖의 인물까진 좋았는데 스릴러적요소를 충분히 살릴수 있었는데 치고받고 기절했다 일어났다..갈수록 3류 액션영화로 변질된다",
    "rating": "2",
    "date": "15.06.07"
  },
  {
    "review_id": "9978385",
    "movie_id": "102824",
    "author": "wlsu****",
    "review": "전 영화관에서 봤는데 괜찮던데요",
    "rating": "8",
    "date": "15.06.06"
  },
  {
    "review_id": "9978383",
    "movie_id": "102824",
    "author": "khso****",
    "review": "방금 ocn에서 봤는데 무료로봤는데도 시간아까운 영화. 평점1점도 아깝고 후반에는 문정희를 응원하게되는 OOO 영화",
    "rating": "1",
    "date": "15.06.06"
  },
  {
    "review_id": "9978370",
    "movie_id": "102824",
    "author": "scko****",
    "review": "걍 보는 내내 답답한 암덩어리영화. 여자한테 이기지도 못하면서 신고는 안하고 지혼자 다하려고 함. 여자는 맞아도 죽지도 않음. 현실성 제로...",
    "rating": "1",
    "date": "15.06.06"
  },
  {
    "review_id": "9978358",
    "movie_id": "102824",
    "author": "jeum****",
    "review": "가택침입이란 소재빼고는 진부한 반전을 넣었다. 그런데 손현주 연기력 때문에 1점 주려다가 5점 줌",
    "rating": "5",
    "date": "15.06.06"
  },
  {
    "review_id": "9971249",
    "movie_id": "102824",
    "author": "3rab****",
    "review": "이 영화는 말이 안된다.",
    "rating": "1",
    "date": "15.06.03"
  },
  {
    "review_id": "9952883",
    "movie_id": "102824",
    "author": "dlax****",
    "review": "기발한 소재로 안정감을 주는 집이란 공간을 한 순간에 공포로 만들어버린다. 영화 제목 자체도 신의 한 수이다.",
    "rating": "7",
    "date": "15.05.26"
  },
  {
    "review_id": "9952248",
    "movie_id": "102824",
    "author": "your****",
    "review": "영화시작부터 끝까지 긴장의연속 하지만 초반부에던진 떡밥들은 던져놓기만하고 책임지지않는 무책임한 시나리오가 또 아쉽다...반전이라고하지만 다시생각해보면 소름끼치도록 남자보다 힘쎈여자가 더 반전? 트랜스젠더인줄..배우들은 연기력은 인정!",
    "rating": "8",
    "date": "15.05.26"
  },
  {
    "review_id": "9947279",
    "movie_id": "102824",
    "author": "dbwo****",
    "review": "ㄹㅇ 10점영화는 아닌것같고 7점대인것같은데 ㅋㅋ 호감순보고 개터졌다 신곸ㅋㅋㅋ",
    "rating": "7",
    "date": "15.05.25"
  },
  {
    "review_id": "9942971",
    "movie_id": "102824",
    "author": "ssjk****",
    "review": "난 재밌었는데 다 왜그러는거지?",
    "rating": "10",
    "date": "15.05.24"
  },
  {
    "review_id": "9942475",
    "movie_id": "102824",
    "author": "kjw9****",
    "review": "너무 재미있었다.손현주만세",
    "rating": "10",
    "date": "15.05.23"
  },
  {
    "review_id": "9942127",
    "movie_id": "102824",
    "author": "acsa****",
    "review": "개연성이 떨어지는 스토리...끝까지 본 관객이라면 **캐슬 홍보영화라는 것을 반드시 눈치채야 한다.",
    "rating": "6",
    "date": "15.05.23"
  },
  {
    "review_id": "9938576",
    "movie_id": "102824",
    "author": "kang****",
    "review": "말이 필요없는 영화다...",
    "rating": "10",
    "date": "15.05.22"
  },
  {
    "review_id": "9937006",
    "movie_id": "102824",
    "author": "plfl****",
    "review": "신고좀 해라 쫌 진짜 아오 답답",
    "rating": "4",
    "date": "15.05.21"
  },
  {
    "review_id": "9934783",
    "movie_id": "102824",
    "author": "kang****",
    "review": "짱재밌다 근데 무섭다 오우",
    "rating": "10",
    "date": "15.05.21"
  },
  {
    "review_id": "9934079",
    "movie_id": "102824",
    "author": "shin****",
    "review": "배우들 연기력과 스토리는 나름탄탄하고 좋았지만?너무 억지스러운게 많았음 경찰에 왜신고도안함?그리고 쇠파이프나 유리로 머리맞아도 기절도안하고 머야 초사이언이야? 좀 사실적으로만들지 글구 자동차문하고 집현관문 들어오고 나갈때 왜 열쇠로 문앋닫지??  ㅋㅋ",
    "rating": "5",
    "date": "15.05.20"
  },
  {
    "review_id": "9934075",
    "movie_id": "102824",
    "author": "sobo****",
    "review": "상식을 완전히 배제한 스토리 앞뒤안맞고 황당한거 좋아하시는분들께 추전",
    "rating": "1",
    "date": "15.05.20"
  },
  {
    "review_id": "9934053",
    "movie_id": "102824",
    "author": "qbxl****",
    "review": "멍청한것도 정도가있지",
    "rating": "3",
    "date": "15.05.20"
  },
  {
    "review_id": "9931817",
    "movie_id": "102824",
    "author": "kks0****",
    "review": "숨바꼭질 영화 포스터가 이호성 닮았다",
    "rating": "10",
    "date": "15.05.19"
  },
  {
    "review_id": "9930534",
    "movie_id": "102824",
    "author": "hehu****",
    "review": "정말 공포는 끝간 데 없는 내집 욕심 아닐까?",
    "rating": "10",
    "date": "15.05.18"
  },
  {
    "review_id": "9927607",
    "movie_id": "102824",
    "author": "baby****",
    "review": "ㅁㅊ이게뭐임 개핵쓰레기영화 진심돈개아깝다 저게뭐가무서움 스토리도없고",
    "rating": "1",
    "date": "15.05.17"
  },
  {
    "review_id": "9926749",
    "movie_id": "102824",
    "author": "choi****",
    "review": "재미 더럽게  없네...",
    "rating": "1",
    "date": "15.05.17"
  },
  {
    "review_id": "9926653",
    "movie_id": "102824",
    "author": "lets****",
    "review": "에휴 한시간 보다가 암걸릴것 같아서 바로 범인 찾아봄. 범인은 문정희",
    "rating": "1",
    "date": "15.05.17"
  },
  {
    "review_id": "9921360",
    "movie_id": "102824",
    "author": "nogi****",
    "review": "그냥 봐라 나만 당할순없지",
    "rating": "1",
    "date": "15.05.16"
  },
  {
    "review_id": "9910679",
    "movie_id": "102824",
    "author": "zydn****",
    "review": "난이런 스릴러물 좋다.. 혼자보기 무서워서 잘안보긴하는데 이건..재미있었다..ㅋㅋ",
    "rating": "8",
    "date": "15.05.11"
  },
  {
    "review_id": "9904449",
    "movie_id": "102824",
    "author": "geli****",
    "review": "초중반까진 정말 훌륭했다 하지만 훈반에 하나씩 베일을 벗길때마다 허탈하고 수긍이안갔다",
    "rating": "9",
    "date": "15.05.08"
  },
  {
    "review_id": "9904445",
    "movie_id": "102824",
    "author": "wint****",
    "review": "초반엔 흥미로운 느낌이었는데, 주인공이 지닌 비정상적인 시선과 행동패턴 때문에 이후의 답답하고 편협하고 꽉 틀어막힌 행동양상을 더 더더 보기 짜증나게 만든다. 그리고 이 영화의 경찰은 욕나올 정도로 무능하기 짝이 없다.",
    "rating": "6",
    "date": "15.05.08"
  },
  {
    "review_id": "9904410",
    "movie_id": "102824",
    "author": "hama****",
    "review": "카톡하면서  보는정도의 최하수준영화",
    "rating": "1",
    "date": "15.05.08"
  },
  {
    "review_id": "9903666",
    "movie_id": "102824",
    "author": "gksw****",
    "review": "너무 잼이가  있어요 저도심장이 쫄깃해는기분을 느껴서요 그리고 마지막에 성수역할하신분 너무 멋이써요",
    "rating": "10",
    "date": "15.05.08"
  },
  {
    "review_id": "9892165",
    "movie_id": "102824",
    "author": "skfs****",
    "review": "재밋게 잘봤습니다ㅎㅎ",
    "rating": "10",
    "date": "15.05.04"
  }
]