[
  {
    "review_id": "9896213",
    "movie_id": "102878",
    "author": "usyj****",
    "review": "죽은 여동생에 대한복수네요ㄷㄷ근데 어떻게 그렇게 여자애를 남자애가 죽일수있는지ㄷㄷ 평점은 그냥딱히줄게없어서5점이에여ㅠ아이피티비로 무료로 봤어요",
    "rating": "5",
    "date": "15.05.05"
  },
  {
    "review_id": "9852860",
    "movie_id": "102878",
    "author": "ecla****",
    "review": "엥? 솔직히 2점짜리 영화는 아니다. 나름 무섭고 스릴있는 부분도 있었고..",
    "rating": "5",
    "date": "15.04.19"
  },
  {
    "review_id": "9852316",
    "movie_id": "102878",
    "author": "sang****",
    "review": "ㅎㄷㄷ...  결국 뭔 말인지??",
    "rating": "2",
    "date": "15.04.19"
  },
  {
    "review_id": "9801117",
    "movie_id": "102878",
    "author": "high****",
    "review": "일단 예고편보고 재미있어보였다는게 실수였다. 그냥 뭐 애들장난치는것도 아니고 환각으로 죽이는등 자기가 뭘하는지도 해깔려하는 등 그냥 재미는 없다. 단! 진짜 시간이 남아돌면 봐라~ 여튼 망할 수 밖에 없는 삼류영화라해야할듯 ㅎ",
    "rating": "3",
    "date": "15.03.23"
  },
  {
    "review_id": "9296995",
    "movie_id": "102878",
    "author": "bles****",
    "review": "빛이 안들어오는 안경쓰고 본 기분",
    "rating": "2",
    "date": "14.10.17"
  },
  {
    "review_id": "9136338",
    "movie_id": "102878",
    "author": "guns****",
    "review": "리뷰가 너무 웃겨서 방금 다운받으려다 말았..ㅋㅋ",
    "rating": "1",
    "date": "14.08.26"
  },
  {
    "review_id": "9133294",
    "movie_id": "102878",
    "author": "jung****",
    "review": "그냥 할말이없네요.  300원주고 다운받아봤는데도 15분도 안보고 삭제했습니다.",
    "rating": "1",
    "date": "14.08.25"
  },
  {
    "review_id": "9120826",
    "movie_id": "102878",
    "author": "geni****",
    "review": "후~~이걸뭐라 설명해야하나. 노답이다? 똥이다? 아빠와 크레파스의 노래가사가 떠오른다.욕할것은 너무많은데 댓글칸이 너무작아서..영화감독이 꿈인사람들에게 추천하고싶다. 배울수있는건 모르겠지만 자신감만큼은 가질거 같다. 이따위 영화도 만들어지는데 하며..",
    "rating": "1",
    "date": "14.08.22"
  }
]