[
  {
    "review_id": "9816557",
    "movie_id": "102858",
    "author": "ske4****",
    "review": "무슨 생각으로 이런 예능을 만들었는가? 다시는 안봤으면 좋겠다!!",
    "rating": "1",
    "date": "15.03.30"
  },
  {
    "review_id": "9065554",
    "movie_id": "102858",
    "author": "qjar****",
    "review": "노잼노잼노잼노잼노잼",
    "rating": "1",
    "date": "14.08.10"
  },
  {
    "review_id": "8006660",
    "movie_id": "102858",
    "author": "ojx0****",
    "review": "ㅗ",
    "rating": "10",
    "date": "13.09.21"
  },
  {
    "review_id": "7892748",
    "movie_id": "102858",
    "author": "thsd****",
    "review": "노잼",
    "rating": "1",
    "date": "13.08.17"
  },
  {
    "review_id": "7274784",
    "movie_id": "102858",
    "author": "gree****",
    "review": "근데 평점을 저따위로하냐",
    "rating": "10",
    "date": "13.02.17"
  },
  {
    "review_id": "7252617",
    "movie_id": "102858",
    "author": "kims****",
    "review": "1빠",
    "rating": "1",
    "date": "13.02.11"
  }
]