[
  {
    "review_id": "10092548",
    "movie_id": "102873",
    "author": "pkyp****",
    "review": "당신이 꼭..!!!   보지 말아야 할 영화....",
    "rating": "1",
    "date": "15.07.11"
  },
  {
    "review_id": "10016690",
    "movie_id": "102873",
    "author": "cont****",
    "review": "위험한 장난으로 벌어진 참극",
    "rating": "5",
    "date": "15.06.20"
  },
  {
    "review_id": "9997102",
    "movie_id": "102873",
    "author": "ckr3****",
    "review": "케서방은 어디까지 추락할 것인가",
    "rating": "2",
    "date": "15.06.13"
  },
  {
    "review_id": "9981276",
    "movie_id": "102873",
    "author": "pj35****",
    "review": "재미는 있었다. 자신의 과거의 잘못이 딸에게 돌아왔다. 그리고 니콜라스 케이지의 묵직한액션은 나이를 못속인다는걸 느꼈다.",
    "rating": "9",
    "date": "15.06.07"
  },
  {
    "review_id": "9902629",
    "movie_id": "102873",
    "author": "allf****",
    "review": "내가 본 영화중에 비읍시옷 탑10에 들어간다.",
    "rating": "1",
    "date": "15.05.07"
  },
  {
    "review_id": "9854009",
    "movie_id": "102873",
    "author": "tull****",
    "review": "니콜라스 아니엇으면 3류취급 받앗을 저비용 막장드라마.",
    "rating": "3",
    "date": "15.04.20"
  },
  {
    "review_id": "9837981",
    "movie_id": "102873",
    "author": "gkse****",
    "review": "1점도 아깝다 테이큰 이랑 비교해서 언급하지마라 쓰레기영화임 배우캐스팅도 별로고 앵글도 별로고 다 별로 ㅡㅡ 카리스마가 없어",
    "rating": "1",
    "date": "15.04.10"
  },
  {
    "review_id": "9772714",
    "movie_id": "102873",
    "author": "yang****",
    "review": "B급이 아니라.   C급이네요  중간에 보다 말았어요",
    "rating": "1",
    "date": "15.03.11"
  },
  {
    "review_id": "9741154",
    "movie_id": "102873",
    "author": "tico****",
    "review": "와닿지않는 액션과 억지연기. 지난날의 케이지가 그립다.",
    "rating": "4",
    "date": "15.02.26"
  },
  {
    "review_id": "9731047",
    "movie_id": "102873",
    "author": "guev****",
    "review": "스피디한 전개로 지루할 틈은 없지만 이야기가 너무 허술하군",
    "rating": "2",
    "date": "15.02.23"
  },
  {
    "review_id": "9681311",
    "movie_id": "102873",
    "author": "bles****",
    "review": "분노엔 공감하나 풀어가는 방식이 아쉽다",
    "rating": "4",
    "date": "15.02.09"
  },
  {
    "review_id": "9644081",
    "movie_id": "102873",
    "author": "vm4e****",
    "review": "아무리 흔한 소재라지만 이곳저곳 싸구려 영화의 흔적이 보인다..",
    "rating": "4",
    "date": "15.01.28"
  },
  {
    "review_id": "9628723",
    "movie_id": "102873",
    "author": "tjrg****",
    "review": "딸이죽었다 시체발견된다 러시아갱이 유력한 후보닷 족치로간다 근데 딸을 죽인범인이 딸의친구닷 멘붕온다 자살한다 끝",
    "rating": "5",
    "date": "15.01.24"
  },
  {
    "review_id": "9617660",
    "movie_id": "102873",
    "author": "vawu****",
    "review": "딸년 마눌년발연기때문에 5점",
    "rating": "5",
    "date": "15.01.21"
  },
  {
    "review_id": "9566530",
    "movie_id": "102873",
    "author": "adiv****",
    "review": "막판에 아쉬운 마무리..  중반까지는 볼만했음.",
    "rating": "7",
    "date": "15.01.06"
  },
  {
    "review_id": "9521894",
    "movie_id": "102873",
    "author": "audw****",
    "review": "B급도 아닌 C급영화다.... 이렇게 재미없을수도 있는건지....",
    "rating": "1",
    "date": "14.12.26"
  },
  {
    "review_id": "9462027",
    "movie_id": "102873",
    "author": "yong****",
    "review": "테이큰에 한뼘도 따라오지 못한 영화. 스토리가 너무 뒤죽박죽이고 보여주기식의 영혼없는 총격전. 따분했다. 동양인은 국제깡패 러시아를 조심해야 한다.",
    "rating": "5",
    "date": "14.12.10"
  },
  {
    "review_id": "9459573",
    "movie_id": "102873",
    "author": "ych9****",
    "review": "모자마술 보여드릴까요?케이틀린이라니..",
    "rating": "6",
    "date": "14.12.09"
  },
  {
    "review_id": "9451354",
    "movie_id": "102873",
    "author": "frie****",
    "review": "각본은 대충, 제작은 싸구려, 케이지형은 느려터진데다 죽상에 소리만 지르고 게다가 머리마저 나빴다. 시간 때우기에도 시간이 아깝다",
    "rating": "1",
    "date": "14.12.06"
  },
  {
    "review_id": "9442474",
    "movie_id": "102873",
    "author": "fogl****",
    "review": "내 점수는....8점",
    "rating": "8",
    "date": "14.12.03"
  },
  {
    "review_id": "9430441",
    "movie_id": "102873",
    "author": "rlfe****",
    "review": "진짜 영화 흐름은 아주 좋음. 솔직히 테이큰보다 나았다고 봄. 다만 영화상 옥의티가 너무 많아서 마치 게임하면서 실상과 이해 안가는 부분이  많은 것처럼 영화 보는 내내 그리 느낌. 다만 7점주는 이유는 니콜라스 케이지 연기력. 진짜 개쩜.",
    "rating": "7",
    "date": "14.11.28"
  },
  {
    "review_id": "9422014",
    "movie_id": "102873",
    "author": "do11****",
    "review": "솔직히 나쁘지는 않다..",
    "rating": "6",
    "date": "14.11.25"
  },
  {
    "review_id": "9421886",
    "movie_id": "102873",
    "author": "alwc****",
    "review": "한마디로 인과응보 ㅋㅋ",
    "rating": "6",
    "date": "14.11.25"
  },
  {
    "review_id": "9420806",
    "movie_id": "102873",
    "author": "egyp****",
    "review": "날렵하지도 않고 그저 힘겨워보이며...거침없는 것이 아니라 그냥 무대뽀식으로...어설프게 힘만주는 것 같다...절대 '테이큰'을 능가하진 않는다...",
    "rating": "3",
    "date": "14.11.25"
  },
  {
    "review_id": "9420078",
    "movie_id": "102873",
    "author": "rey0****",
    "review": "현자타임 오게 만드는 영화",
    "rating": "1",
    "date": "14.11.25"
  },
  {
    "review_id": "9417226",
    "movie_id": "102873",
    "author": "gall****",
    "review": "니콜라스 이름값을 생각하면 더욱 아쉬운 그저그런 B급 복수극",
    "rating": "5",
    "date": "14.11.24"
  },
  {
    "review_id": "9405757",
    "movie_id": "102873",
    "author": "kps9****",
    "review": "이게 어째서 B급 영화인가?연출은 좀 구린면이 있었긴하지만스토리라인자체는 정말 괜찮았다폭력은 폭력을 낳는다증오와 분노의 과정은 폭력이고 그 끝은 죽음이라는것자체를 어떻게보면 스토리에서 엄청나게 잘 풀어낸 영화인데",
    "rating": "10",
    "date": "14.11.21"
  },
  {
    "review_id": "9398638",
    "movie_id": "102873",
    "author": "2328****",
    "review": "그냥봤는데평점이사라졌다",
    "rating": "1",
    "date": "14.11.18"
  },
  {
    "review_id": "9359138",
    "movie_id": "102873",
    "author": "e4di****",
    "review": "낮은 평점에 놓칠뻔한 마음을 울리는 묵직한 수작",
    "rating": "8",
    "date": "14.11.09"
  },
  {
    "review_id": "9343038",
    "movie_id": "102873",
    "author": "iris****",
    "review": "느와르에서 교훈찾는 머저리가 있네 ㅋ 요즘 헐리우드는 홍콩, 한국 영화에서 많은 영감을 얻는 것 같다. 특히 니콜라스 케이지 본인도 싫어하지 않는 것 같다.",
    "rating": "6",
    "date": "14.11.06"
  },
  {
    "review_id": "9340151",
    "movie_id": "102873",
    "author": "abcd****",
    "review": "툼스톤이랑 비슷한.분위기지만 B급 결말또한 흔히 느와르.영화와 별다르지않음",
    "rating": "6",
    "date": "14.11.04"
  },
  {
    "review_id": "9334734",
    "movie_id": "102873",
    "author": "bhdb****",
    "review": "뭐 그냥 그냥 하다는...",
    "rating": "4",
    "date": "14.11.01"
  },
  {
    "review_id": "9328109",
    "movie_id": "102873",
    "author": "tjda****",
    "review": "동양인감독이 만든거 같은 서양영화",
    "rating": "10",
    "date": "14.10.30"
  },
  {
    "review_id": "9326047",
    "movie_id": "102873",
    "author": "cour****",
    "review": "볼만함.5점대 평점은 아닌 것 같아..10점..실제론 8점 정도",
    "rating": "10",
    "date": "14.10.29"
  },
  {
    "review_id": "9324027",
    "movie_id": "102873",
    "author": "sega****",
    "review": "썩어도 준치라는게 시나리오 자체는 좋음",
    "rating": "6",
    "date": "14.10.28"
  },
  {
    "review_id": "9323812",
    "movie_id": "102873",
    "author": "andy****",
    "review": "총질, 쌈질만 기대하는 대부분의 머저리들은 이 영화가 주는 무거운 참극의 교훈을 알 수 없다. 머저리들은 머저리 수준에 맞는 여화를 봐야 된다. 3 , 4점 준 머저리들아, 왜사냐?",
    "rating": "10",
    "date": "14.10.28"
  },
  {
    "review_id": "9316059",
    "movie_id": "102873",
    "author": "vvst****",
    "review": "첨부터 끝까지 볼만한게 없다",
    "rating": "4",
    "date": "14.10.25"
  },
  {
    "review_id": "9315993",
    "movie_id": "102873",
    "author": "sbrm****",
    "review": "니콜라스케이지가 이딴 영화나 찍고있다니..실망",
    "rating": "1",
    "date": "14.10.25"
  },
  {
    "review_id": "9315387",
    "movie_id": "102873",
    "author": "them****",
    "review": "니콜라스 그지가 되버린건가..  삼류 B급에 주연이라니 ㅠㅠ",
    "rating": "5",
    "date": "14.10.25"
  },
  {
    "review_id": "9313759",
    "movie_id": "102873",
    "author": "gks5****",
    "review": "좀 그렇다 영화 끝났을때 멍때리게된다문제는 처음부터끝까지멍때렸다",
    "rating": "4",
    "date": "14.10.24"
  },
  {
    "review_id": "9310696",
    "movie_id": "102873",
    "author": "mars****",
    "review": "지금 VOD로 보고있음. 하도재미없어서 딴짓하다가 평점남김. 니콜라스케이지는 어느순간부터 B급영화마니찍는듯.그것도 형편없는 B급영화.",
    "rating": "3",
    "date": "14.10.23"
  },
  {
    "review_id": "9310691",
    "movie_id": "102873",
    "author": "534k****",
    "review": "니콜라스 케이지!!!",
    "rating": "10",
    "date": "14.10.23"
  }
]