[
  {
    "review_id": "10265658",
    "movie_id": "102818",
    "author": "jeky****",
    "review": "왜 이제서야 이 영화를 봤는지...",
    "rating": "10",
    "date": "15.08.23"
  },
  {
    "review_id": "10252328",
    "movie_id": "102818",
    "author": "als7****",
    "review": "차승원씨 연기 너무 잘하십니다. 흥미있게 봤어요 ^^",
    "rating": "10",
    "date": "15.08.19"
  },
  {
    "review_id": "10251606",
    "movie_id": "102818",
    "author": "duck****",
    "review": "이상해요!!!! 차승원연기때문에 끝까지봤음",
    "rating": "3",
    "date": "15.08.19"
  },
  {
    "review_id": "10197679",
    "movie_id": "102818",
    "author": "shwn****",
    "review": "배우분들 모두 연기가 좋네용",
    "rating": "10",
    "date": "15.08.07"
  },
  {
    "review_id": "10194155",
    "movie_id": "102818",
    "author": "virg****",
    "review": "차승원 최고 배우의 연기가 최고입니다!",
    "rating": "8",
    "date": "15.08.06"
  },
  {
    "review_id": "10143711",
    "movie_id": "102818",
    "author": "ssaa****",
    "review": "다 좋은데 재미가 떨어짐. 성소수자 내용은 쩌는데 재미가 떨어짐. 그래서 이게 호불호가 갈리는듯. 담긴 뜻이 있으니 영화 자체가 별로는 아님.",
    "rating": "8",
    "date": "15.07.26"
  },
  {
    "review_id": "10139290",
    "movie_id": "102818",
    "author": "aing****",
    "review": "정말.. 웃고 스릴도느끼고, 무엇보다 다 보고나서 무언가 가져가게 되는 영화.",
    "rating": "10",
    "date": "15.07.25"
  },
  {
    "review_id": "10128937",
    "movie_id": "102818",
    "author": "jeon****",
    "review": "남성적 느와르만 원하신다면 안어울리지만 좀 색다른 느와르,..",
    "rating": "6",
    "date": "15.07.22"
  },
  {
    "review_id": "10098354",
    "movie_id": "102818",
    "author": "play****",
    "review": "차라리 가벼웠다면 좋았을 영화. 황당한 주제를 너무 무겁게 끌고간다. 처음 (데스페라도)를 연상 시키는 그 무용담에 성정체성, (올드 보이) 같은 추억팔이에 동성애까지. 그리고 지못미 차승원.",
    "rating": "4",
    "date": "15.07.12"
  },
  {
    "review_id": "10076782",
    "movie_id": "102818",
    "author": "dma9****",
    "review": "장진 감독은 청불에서 그 본능적인 헛소리가 더욱 돋보인다는 사실을 깨달았다. 더불어 차승원은 더이상 신라의 달밤이나 군수와 이장, 그 외 잡다한 그런 필름의 한계를 넘어 다양성을 증명할 수 있는 잘생기면서 예쁜? 배우 진짜 배우",
    "rating": "10",
    "date": "15.07.06"
  },
  {
    "review_id": "10064873",
    "movie_id": "102818",
    "author": "almo****",
    "review": "여장을 한 차배우를 볼 수 있는 기회",
    "rating": "4",
    "date": "15.07.03"
  },
  {
    "review_id": "10054101",
    "movie_id": "102818",
    "author": "0103****",
    "review": "굿모닝 프레지던트이후로 장진은 정말 .... 맛간거같음",
    "rating": "3",
    "date": "15.06.30"
  },
  {
    "review_id": "10052623",
    "movie_id": "102818",
    "author": "wang****",
    "review": "장진 감독의 영화는 창조적이고 혁신적이다 좋다",
    "rating": "10",
    "date": "15.06.29"
  },
  {
    "review_id": "10047793",
    "movie_id": "102818",
    "author": "sado****",
    "review": "차승원의 내면연기와 배우들의 열연이 만들어낸 멋진 액션씬. 보는 내내 눈은 즐거웠지만 마지막으로 갈 수록 힘이빠지는 듯한 내용전개가 아쉽게 느껴진다.",
    "rating": "6",
    "date": "15.06.28"
  },
  {
    "review_id": "10041409",
    "movie_id": "102818",
    "author": "rnej****",
    "review": "장진 감독은 대단한것같다. 연출력도 연출력이지만, 분명 비슷한 내용으로 소재만 바꿧더라면 흥행했을법한 시나리오를 단순히 재밌어서인지 하고싶은말인지는 모르나 표현하였다. 그의 선택과 배우진의 연기력은 정말 일품이었다.",
    "rating": "9",
    "date": "15.06.27"
  },
  {
    "review_id": "10039899",
    "movie_id": "102818",
    "author": "chl8****",
    "review": "해외에서 성소수자를 다룰때랑 너무 다르다... 새로운 시도는 좋긴한데, 편견은 더 깊어질 것 같고 성소수자를 향해 희롱하는 느낌이 들어서 난 성소수자가 아닌데도 끝까지 못보겠다. 마치 코미디언이 부패정치인을 풍자하듯 이성애자가 성소수자를 풍자하는 느낌",
    "rating": "5",
    "date": "15.06.26"
  },
  {
    "review_id": "10036524",
    "movie_id": "102818",
    "author": "tora****",
    "review": "좋아요아주좋아요ㅋㅋㅋㅋ",
    "rating": "10",
    "date": "15.06.25"
  },
  {
    "review_id": "10006803",
    "movie_id": "102818",
    "author": "ksw9****",
    "review": "감독님께서 선택한 장르가 어려운 부분이였으나,그래도 어려운 소재로 배우들이 최선을다해 소화했음으로 재미있게 봤습니다.",
    "rating": "8",
    "date": "15.06.17"
  },
  {
    "review_id": "10000065",
    "movie_id": "102818",
    "author": "jja1****",
    "review": "말이필요없는영화간만에꿀잼",
    "rating": "10",
    "date": "15.06.14"
  },
  {
    "review_id": "9978467",
    "movie_id": "102818",
    "author": "civi****",
    "review": "아...싫다.. 그냥 액션만 해주세요..제발",
    "rating": "6",
    "date": "15.06.06"
  },
  {
    "review_id": "9974628",
    "movie_id": "102818",
    "author": "bunn****",
    "review": "장진 감독 특유의 코메디가 잘 묻어나오네요. ㅎㅎㅎㅎ 간간히 넘 웃겨요 ㅎㅎㅎ",
    "rating": "9",
    "date": "15.06.04"
  },
  {
    "review_id": "9969031",
    "movie_id": "102818",
    "author": "ryus****",
    "review": "장진 감독 특유의 개그와 과장된 액션이 좋다. 거기에 소수자들이 소수를 외면하는 이 사회를 살아가기 위해서는 결국 자신의 온전한 정체성을 죽여야만 하는 현실이 '윤지욱'을 통해 대변되는 혹 상징화 되는 듯 하여 먹먹하기도 했고 ...",
    "rating": "8",
    "date": "15.06.01"
  },
  {
    "review_id": "9962202",
    "movie_id": "102818",
    "author": "sins****",
    "review": "스토리가 조금 부실한 부분도 있었지만 좋은영화인듯 배우들 연기도 좋고",
    "rating": "9",
    "date": "15.05.30"
  },
  {
    "review_id": "9951521",
    "movie_id": "102818",
    "author": "ycy8****",
    "review": "인간에게 중요한 것은 무엇인가?겉모습은 남자 마인드는 여자그의 선택은?",
    "rating": "7",
    "date": "15.05.26"
  },
  {
    "review_id": "9937420",
    "movie_id": "102818",
    "author": "sosa****",
    "review": "연출...아쉽다...클럽도 클럽이 아닌것 같고 완성도도 떨어진다. 약간 투자를 덜 받으 는낌? 시간이 촉박해 찍은 느낌. 마지막  오정세 를 죽이는 장면은..정말 아니었다.  하지만 소재는 정말 신선하고 좋았다.차승원의 내면 연기를 더 볼 수 있었",
    "rating": "5",
    "date": "15.05.22"
  },
  {
    "review_id": "9933056",
    "movie_id": "102818",
    "author": "jaem****",
    "review": "약간 어설픈 아저씨 느낌이 났지만 젠더연기는 기대이상",
    "rating": "8",
    "date": "15.05.20"
  },
  {
    "review_id": "9918771",
    "movie_id": "102818",
    "author": "uiou****",
    "review": "잘봤어요~~내용도신선하고 차승원이야 머 연기원래잘하니까 ㅋㅋㅋ",
    "rating": "10",
    "date": "15.05.15"
  },
  {
    "review_id": "9905690",
    "movie_id": "102818",
    "author": "chie****",
    "review": "그냥 무난..큰 감흥은 없었..",
    "rating": "7",
    "date": "15.05.09"
  },
  {
    "review_id": "9895350",
    "movie_id": "102818",
    "author": "gktm****",
    "review": "정작 댓글에는 차승원 찬양 하면서 흥행 대참패 한달도 안되서 영화 내림잼",
    "rating": "2",
    "date": "15.05.05"
  },
  {
    "review_id": "9888722",
    "movie_id": "102818",
    "author": "seji****",
    "review": "재미나게 잘 봤네요. 조금은 무거운 주제였지만요.",
    "rating": "10",
    "date": "15.05.03"
  },
  {
    "review_id": "9886658",
    "movie_id": "102818",
    "author": "elwu****",
    "review": "차승원 연기는 잘하지마몰입이 잘 안됫어요",
    "rating": "5",
    "date": "15.05.02"
  },
  {
    "review_id": "9882014",
    "movie_id": "102818",
    "author": "good****",
    "review": "개연성이 좀 아쉽지만 그냥 신선한 느낌?!?",
    "rating": "8",
    "date": "15.04.30"
  },
  {
    "review_id": "9878453",
    "movie_id": "102818",
    "author": "paul****",
    "review": "영화는 괜찮긴 한데 차승원이라고 평점 높게 주는것들 땜에 낮게 준다",
    "rating": "4",
    "date": "15.04.29"
  },
  {
    "review_id": "9877733",
    "movie_id": "102818",
    "author": "jhoo****",
    "review": "별 기대없이 봤는데 연출력,몰입감,스토리,배우들 연기력 전부 기대이상으로 빠져들어서 봤습니다. 특히 흔하지 않은 소재인데 자연스러운 차승원의 연기.. 다시보게 됬구요. 간만에 좋은영화 감상했네요",
    "rating": "10",
    "date": "15.04.29"
  },
  {
    "review_id": "9872692",
    "movie_id": "102818",
    "author": "2som****",
    "review": "여운이 남는 영화,  자칫 껄끄러울수있던소재였지만 차승원이었기에  멋지게, 아름답게,아련하게 그려졌네요~ 마지막 표정과 흘러나오는음악에 먹먹해졌습니다.  좀 잔인하긴했지만 차승원액션씬도 너무 좋았어여  멋지네요 차승원...",
    "rating": "10",
    "date": "15.04.27"
  },
  {
    "review_id": "9866701",
    "movie_id": "102818",
    "author": "pmg9****",
    "review": "굿굿ㅣ재미이시얏닛ㄱㅈ",
    "rating": "8",
    "date": "15.04.25"
  },
  {
    "review_id": "9865380",
    "movie_id": "102818",
    "author": "gade****",
    "review": "각 캐릭터도 살아있고 배우들 연기도 좋았는데 영화자체로는 어딘가 아쉬움. 비교극대화를 노린건진 모르겠는데 여성성으로 부각시킨 면들이 정작 좀 피상적이어서(새끼손가락치켜드는것같은점?이런여자거의없는데;) 뭔가 어설프다고 해야하나? 의도라면 할말없지만...",
    "rating": "4",
    "date": "15.04.25"
  },
  {
    "review_id": "9864207",
    "movie_id": "102818",
    "author": "qus1****",
    "review": "저도 성향있어서 관심갖고봤는데,, 액션에더가깝네요, 그리구..너무잔인해요ㅜㅜㅜ 몰입도나 스토리는 괜찬은데..차승원이 여자로사는모습 궁금했는데 거의 싸우는거만나와,,피튀기구..ㅜㅜ",
    "rating": "8",
    "date": "15.04.24"
  },
  {
    "review_id": "9857418",
    "movie_id": "102818",
    "author": "haju****",
    "review": "장진은 이제 영화 그만 만들어라",
    "rating": "1",
    "date": "15.04.23"
  },
  {
    "review_id": "9856200",
    "movie_id": "102818",
    "author": "rand****",
    "review": "소재자체도 한국에서 터부시 되던 소재라서 신선했고. 무엇보다도 차승원의 액션연기는 너무 멋있었다.",
    "rating": "10",
    "date": "15.04.21"
  },
  {
    "review_id": "9855015",
    "movie_id": "102818",
    "author": "hsmo****",
    "review": "차승원 연기가 좋았어요. 근데 스토리는 좀;;",
    "rating": "8",
    "date": "15.04.20"
  },
  {
    "review_id": "9851870",
    "movie_id": "102818",
    "author": "dldl****",
    "review": "진짜 묘하다. 차승원,이솜에 시나리오도그렇고 묘하게 끌리는영화임. 쓸데없이 인물들막죽이고 조금씩 허술한부분이많이보이긴했는데 배우들연기때문인지 색다른소재때문인진 몰라도 인상깊게 남은영화임.",
    "rating": "7",
    "date": "15.04.19"
  },
  {
    "review_id": "9850578",
    "movie_id": "102818",
    "author": "qwea****",
    "review": "이토록 슬픈 느와르를 본 적 없다.",
    "rating": "8",
    "date": "15.04.18"
  },
  {
    "review_id": "9836871",
    "movie_id": "102818",
    "author": "oojj****",
    "review": "연기가 살아있다. 르느와르 장르도 잘 살렸고. 눈빛이 살아있다.",
    "rating": "7",
    "date": "15.04.09"
  },
  {
    "review_id": "9827987",
    "movie_id": "102818",
    "author": "feel****",
    "review": "역시 차간지♥ 액션 또한  놓칠 수 없는 영화네요",
    "rating": "10",
    "date": "15.04.05"
  },
  {
    "review_id": "9825519",
    "movie_id": "102818",
    "author": "aqua****",
    "review": "차승원 연기에 10점..얼굴 몸매 눈빛 연기까지..캬..멋짐",
    "rating": "10",
    "date": "15.04.04"
  },
  {
    "review_id": "9824713",
    "movie_id": "102818",
    "author": "wlsd****",
    "review": "좋았었습니다ㅎㅎㅎㅎ",
    "rating": "10",
    "date": "15.04.03"
  },
  {
    "review_id": "9824093",
    "movie_id": "102818",
    "author": "sock****",
    "review": "되게 재미있네요. 차승원의 연기도 그렇고. 다루기 어려운 주제임에도 불구하고 동성애자의 마음을 잘 풀어나간 느낌이 들어요.",
    "rating": "10",
    "date": "15.04.03"
  },
  {
    "review_id": "9820028",
    "movie_id": "102818",
    "author": "lc38****",
    "review": "액션은 굿 스토린 별로야",
    "rating": "3",
    "date": "15.04.01"
  },
  {
    "review_id": "9816554",
    "movie_id": "102818",
    "author": "ske4****",
    "review": "한마디로 이 영화는 차승원이란 배우가 아까울 정도다!",
    "rating": "1",
    "date": "15.03.30"
  },
  {
    "review_id": "9816428",
    "movie_id": "102818",
    "author": "ingi****",
    "review": "처음 보는 신선한 느낌이었다.",
    "rating": "6",
    "date": "15.03.30"
  },
  {
    "review_id": "9812148",
    "movie_id": "102818",
    "author": "asdf****",
    "review": "차승원이니까 차승원이기때문에",
    "rating": "10",
    "date": "15.03.28"
  },
  {
    "review_id": "9806118",
    "movie_id": "102818",
    "author": "lush****",
    "review": "짧은 영화에 여러가지를 한번에 다 넣을려고하니 좀 별로였던거 같아요. 차라리 액션을 없애고 만들었다면 완성도 높은 영화를 만들수 있지 않았나 하는 아쉬움이 있네요",
    "rating": "3",
    "date": "15.03.25"
  },
  {
    "review_id": "9801885",
    "movie_id": "102818",
    "author": "dkss****",
    "review": "신선했습니다. 새로운 감정을 느끼게 됫구요",
    "rating": "10",
    "date": "15.03.23"
  },
  {
    "review_id": "9801187",
    "movie_id": "102818",
    "author": "tofr****",
    "review": "어려운 소재와 내용임에도 불구하고 아역들의 눈빛과 감정연기도 좋고 차승원씨의 감정연기는 감히 최고라고 생각 되네요. 중요한 장면마다 나오는 슬픈 멜로디도 잔잔해서 푹 빠져들어서 봤습니다. 차승원씨의 눈물 연기에 저도 같이 눈물 흘리면 봤네요..",
    "rating": "10",
    "date": "15.03.23"
  },
  {
    "review_id": "9799988",
    "movie_id": "102818",
    "author": "jis1****",
    "review": "매력적이고 감각적인, 전반적으로 깊지는 않지만 주인공은 깊은 퀴어 영화",
    "rating": "8",
    "date": "15.03.22"
  },
  {
    "review_id": "9798762",
    "movie_id": "102818",
    "author": "sssy****",
    "review": "이런영화좋아하는데 이목저목따지며보는스타일은 아니라 정말재밌게봤다 차승원이라서 더재밌게본건 부정할술없는 사실 ㅠㅜ",
    "rating": "10",
    "date": "15.03.22"
  },
  {
    "review_id": "9794878",
    "movie_id": "102818",
    "author": "ycha****",
    "review": "꺄!!조으다조으 매우 조으다",
    "rating": "10",
    "date": "15.03.20"
  },
  {
    "review_id": "9784918",
    "movie_id": "102818",
    "author": "silb****",
    "review": "게이연기잘하네 승원씨",
    "rating": "8",
    "date": "15.03.15"
  },
  {
    "review_id": "9783152",
    "movie_id": "102818",
    "author": "tpfl****",
    "review": "다 거르고 차승원의 연기가 매우 돋보이는 작품",
    "rating": "7",
    "date": "15.03.15"
  },
  {
    "review_id": "9780276",
    "movie_id": "102818",
    "author": "ekfd****",
    "review": "차승원은 진짜 천상 배우 ㅠㅠㅠㅠ",
    "rating": "10",
    "date": "15.03.14"
  },
  {
    "review_id": "9779453",
    "movie_id": "102818",
    "author": "lys1****",
    "review": "차승원의 깊이있는 연기에  두시간째 빠져있었네요",
    "rating": "10",
    "date": "15.03.14"
  },
  {
    "review_id": "9774392",
    "movie_id": "102818",
    "author": "prin****",
    "review": "장진 특유의.. 더하지는 못하는.. 그치만 차승원의 캐릭터이해는 의외로 좋았다.",
    "rating": "7",
    "date": "15.03.12"
  },
  {
    "review_id": "9758646",
    "movie_id": "102818",
    "author": "sole****",
    "review": "내면의 성정체성 연기가 너무 좋았습니다.",
    "rating": "8",
    "date": "15.03.05"
  },
  {
    "review_id": "9755360",
    "movie_id": "102818",
    "author": "scko****",
    "review": "아저씨 본 느낌.근데 원빈이 있다면 이건 차승원.다른 매력 다른 감정...시간가는줄 모르게 보게된 영화",
    "rating": "10",
    "date": "15.03.04"
  },
  {
    "review_id": "9755202",
    "movie_id": "102818",
    "author": "dudd****",
    "review": "차승원의 액션 ㅠㅠ. 감성 쩔어..",
    "rating": "10",
    "date": "15.03.04"
  },
  {
    "review_id": "9751090",
    "movie_id": "102818",
    "author": "choo****",
    "review": "좋은영화. 좋은영화. 좋은영화.",
    "rating": "10",
    "date": "15.03.01"
  },
  {
    "review_id": "9748957",
    "movie_id": "102818",
    "author": "luck****",
    "review": "최고!! 연기가 눈물날정도",
    "rating": "10",
    "date": "15.03.01"
  },
  {
    "review_id": "9746275",
    "movie_id": "102818",
    "author": "ljgd****",
    "review": "차승원의 연기력에 박수를 보냅니다",
    "rating": "10",
    "date": "15.02.28"
  },
  {
    "review_id": "9737570",
    "movie_id": "102818",
    "author": "dkss****",
    "review": "10점10점10점10점10점",
    "rating": "10",
    "date": "15.02.25"
  },
  {
    "review_id": "9736081",
    "movie_id": "102818",
    "author": "gold****",
    "review": "연기력 또한 멋지다.굳",
    "rating": "9",
    "date": "15.02.25"
  },
  {
    "review_id": "9728419",
    "movie_id": "102818",
    "author": "herh****",
    "review": "차승원의 색다른 모습과 액션만 볼만했다. 폭력물 중간에 개그요소를 집어넣는다던가, 느와르에 퀴어를 접목하는 등 여러 시도들이 있었지만 잘 섞이지 않고 집중도를 산만하게만 만들었다. 장진 감독은 사단을 챙겼지만 가장 큰 덕은 차승원에게로 간 느낌이다.",
    "rating": "6",
    "date": "15.02.22"
  },
  {
    "review_id": "9718083",
    "movie_id": "102818",
    "author": "du78****",
    "review": "기대했던 것보다 훨씬 재미남 ㅎㅎ",
    "rating": "10",
    "date": "15.02.20"
  },
  {
    "review_id": "9703723",
    "movie_id": "102818",
    "author": "will****",
    "review": "지금 보니 차승원 눈빛이 슬픈 눈빛이었네....늘 코믹한 느낌으로만 봤었는데....여운 오래 갈 듯.",
    "rating": "10",
    "date": "15.02.16"
  },
  {
    "review_id": "9701351",
    "movie_id": "102818",
    "author": "taek****",
    "review": "와닿지 않는이야기라 큰 감흥은없었는데 차승원 액션은 좋았네요",
    "rating": "5",
    "date": "15.02.16"
  },
  {
    "review_id": "9698982",
    "movie_id": "102818",
    "author": "kmj_****",
    "review": "차승원의 연기가 이 영화로 다시 업그레이드 되었다.",
    "rating": "10",
    "date": "15.02.15"
  },
  {
    "review_id": "9696643",
    "movie_id": "102818",
    "author": "pano****",
    "review": "흥행실패 이유는 너무 많은것을 담으려고 했다.아저씨와 테이큰처럼 깔끔하게 했다면 개운했을텐데 많이 아쉽다.",
    "rating": "7",
    "date": "15.02.14"
  },
  {
    "review_id": "9694558",
    "movie_id": "102818",
    "author": "skcc****",
    "review": "감성 영화에 잔인한 액션을 너무 입혀서 몰입도가 오히려 떨어짐",
    "rating": "5",
    "date": "15.02.14"
  },
  {
    "review_id": "9693330",
    "movie_id": "102818",
    "author": "bobb****",
    "review": "장진 감독 깨알재미 좋다",
    "rating": "9",
    "date": "15.02.13"
  },
  {
    "review_id": "9693260",
    "movie_id": "102818",
    "author": "mi29****",
    "review": "남다른 시도에는 찬사를 보내고싶지만 시도만 좋았을뿐. 액션과 성적감성을 섞는다는게 엄청난 부조화로 느껴지네요.",
    "rating": "7",
    "date": "15.02.13"
  },
  {
    "review_id": "9685305",
    "movie_id": "102818",
    "author": "seen****",
    "review": "느와르가 아닌 동화..슬프고 아름다운 이야기",
    "rating": "10",
    "date": "15.02.10"
  },
  {
    "review_id": "9684050",
    "movie_id": "102818",
    "author": "fret****",
    "review": "차승원 정말 대단한 배우예요 ..눈물이 날뻔함ㅜㅜ",
    "rating": "10",
    "date": "15.02.10"
  },
  {
    "review_id": "9681478",
    "movie_id": "102818",
    "author": "lynn****",
    "review": "차승원 연기 멋졌어요!",
    "rating": "10",
    "date": "15.02.09"
  },
  {
    "review_id": "9674680",
    "movie_id": "102818",
    "author": "pran****",
    "review": "의외로 놀라웠다... 이런 영화가 있는지 조차 몰랐다...감독의 섬세함이 돋보인다... 차승원의 연기 또한 감독이 이야기 하고자 하는 바를 잘 전달한것 같다... 의외로... 깊이 있게 보았다...",
    "rating": "9",
    "date": "15.02.07"
  },
  {
    "review_id": "9674527",
    "movie_id": "102818",
    "author": "kec7****",
    "review": "10점짜리는 아니지만 7점짜리는 아니기에..",
    "rating": "10",
    "date": "15.02.07"
  },
  {
    "review_id": "9665251",
    "movie_id": "102818",
    "author": "shou****",
    "review": "장진감독이 이런 영화를 만들거라 생각지 못했는데 여전히 발전하고 있구나 하는 생각입니다. 차배우는 너무 잘해줘서 정말 고맙습니다. 오래 여운이 남습니다. 좋은영화 네요.",
    "rating": "8",
    "date": "15.02.04"
  },
  {
    "review_id": "9660077",
    "movie_id": "102818",
    "author": "rkqq****",
    "review": "쉽지않은 요소를 이정도로 녹여낸다는게 쉬운게 아닌데 장진영화 특유의 정적인 유머도 잘녹아들면서 과하지않은느와르물이 되었다 스무스하게 연결되는 감정선도 좋아쓰",
    "rating": "8",
    "date": "15.02.02"
  },
  {
    "review_id": "9659019",
    "movie_id": "102818",
    "author": "ssys****",
    "review": "옛날영화라고생각햇는데 아니었네요. 과거회상씬은 아름답고 섬세하게 잘 표현한거 같은데 그외 전체적인 연출이나 묘사는 옛날영화느낌납니다. 막판에 악당이 폭주하고 차승원한테 집착하는 것도 개연성이 떨어지고. 가벼운건지 무거운건지도 애매모호",
    "rating": "6",
    "date": "15.02.01"
  },
  {
    "review_id": "9652453",
    "movie_id": "102818",
    "author": "esk7****",
    "review": "난 이게  왜  흥행 못했나  싶다 ...진짜  잼있음",
    "rating": "10",
    "date": "15.01.30"
  },
  {
    "review_id": "9652059",
    "movie_id": "102818",
    "author": "ldj2****",
    "review": "인생영화 삼고싶게 감명깊었던 영화. 보는 내내 불편하고 어색하고 마음이 짠하고 눈물났다. 그 와중에도 개그코드를 끼워넣은건 약간 깼지만 난 재밌게 봤다. 친구한테 전부 추천했다 ㅠ 슬픈 장면에서 나오는 bgm이 너무 짠해서 더 슬픔",
    "rating": "9",
    "date": "15.01.30"
  },
  {
    "review_id": "9634099",
    "movie_id": "102818",
    "author": "ligh****",
    "review": "역시 차승원이 외모로만 승부하는 배우는 아니더라구요",
    "rating": "9",
    "date": "15.01.25"
  },
  {
    "review_id": "9625599",
    "movie_id": "102818",
    "author": "autu****",
    "review": "이건 뭐...차승원 연기만 돋보일뿐..느와르면 코믹적인 요소를 최대한 배제하거나아니면 차라리 왕창 웃기던지..차승원은 이제..성숙하다..연기가..",
    "rating": "1",
    "date": "15.01.23"
  },
  {
    "review_id": "9625572",
    "movie_id": "102818",
    "author": "wlsg****",
    "review": "어떤 사람이 어떤 장소에 어떻게 있을지 모르겠다.",
    "rating": "9",
    "date": "15.01.23"
  },
  {
    "review_id": "9623402",
    "movie_id": "102818",
    "author": "lyae****",
    "review": "액션도 좋았고~ 괜찮았어요",
    "rating": "8",
    "date": "15.01.22"
  },
  {
    "review_id": "9616789",
    "movie_id": "102818",
    "author": "hong****",
    "review": "마무리가 다소 산만하나 미묘한 감정선이 가슴을 먹먹하게 만든다. 하드보일드 속의 포기해야만 하는 여성성이 어쩐지 더욱 잔인하게 느껴진다. 차승원과 장진이 힘든 소재를 아쉽지만 매력적이게 잘 살렸다.",
    "rating": "8",
    "date": "15.01.20"
  },
  {
    "review_id": "9616302",
    "movie_id": "102818",
    "author": "tlsd****",
    "review": "이 영화로 차승원에 대한 이미지가 확 바뀌었다.",
    "rating": "10",
    "date": "15.01.20"
  },
  {
    "review_id": "9615189",
    "movie_id": "102818",
    "author": "sooo****",
    "review": "내용을 들었을땐...좀 더러운 영화일까봐 꺼렸다하지만  보길잘했다 재밌다  장진감독의  특유의 코믹함과여자인듯 여자아닌 여자같은이 살고싶은 윤지욱의 아픔 묘한영화다 이솜을 싫어 했었는데 빨간슬립을 입고 차에서 내려 서있는데 여자가봐도 이쁨!",
    "rating": "10",
    "date": "15.01.20"
  },
  {
    "review_id": "9612027",
    "movie_id": "102818",
    "author": "kyuw****",
    "review": "시간가는줄 몰랐습니다. 차승원 연기에 감정이입이 되네요.",
    "rating": "9",
    "date": "15.01.19"
  },
  {
    "review_id": "9611848",
    "movie_id": "102818",
    "author": "jewe****",
    "review": "차승원 연기 좋네요ㅎㅎ재밌었어요몇몇 조연의 비중 안타까웠던게 ....우리 사범님ㅜㅜ",
    "rating": "10",
    "date": "15.01.19"
  },
  {
    "review_id": "9607914",
    "movie_id": "102818",
    "author": "want****",
    "review": "평점이 생각보다 낮다 차승원을 위한 영화.. 그의 시선 그대로 쫓아가게 되고 몇장면은 다시 돌려보게 됨 최근 본 영화중 재밌고 긴장되고 여운이 많이 남았다차승원의 앞으로가 더 기대된다 믿고 볼것이다 그나저나 남우주연상 노미네이트 안된 이유는?",
    "rating": "10",
    "date": "15.01.18"
  }
]