[
  {
    "review_id": "10275658",
    "movie_id": "102862",
    "author": "mg25****",
    "review": "개연성이 부족하고 주제 전달도 안된다. 심지어 전달하고자 하는 주제조차도 빈약하기 짝이 없다. 그런데 그 빈약한 주제마저도 상업성에 물든 액션과 배우의 이름값때문에 매장당했다.오락영화라기엔 재미가 없고 다큐멘터리라기엔 우습다.",
    "rating": "4",
    "date": "15.08.26"
  },
  {
    "review_id": "10253220",
    "movie_id": "102862",
    "author": "morb****",
    "review": "도박벽이 있는 특전사 출신의 사설경호원으로 하루먹고 살아가는 인생에 여자의 복수를 위해 결국 돈많은 폭력배들한테 쫓기다가 총든 십수명을 맨손으로 다 후려패는 스타뎀식 뻔한 B급 액션물.",
    "rating": "6",
    "date": "15.08.20"
  },
  {
    "review_id": "10215649",
    "movie_id": "102862",
    "author": "gt65****",
    "review": "재미만 있고만 쫄깃쫄깃ㅋㅋ",
    "rating": "10",
    "date": "15.08.11"
  },
  {
    "review_id": "10155146",
    "movie_id": "102862",
    "author": "m1n2****",
    "review": "걍 스타뎀 형의 돌려차기를 한 번 더 볼 수 있다는 것만으로도 좋다!!",
    "rating": "7",
    "date": "15.07.28"
  },
  {
    "review_id": "10153505",
    "movie_id": "102862",
    "author": "ghj0****",
    "review": "제목만 보고 감독은 명보형 주연은 따봉인줄",
    "rating": "10",
    "date": "15.07.28"
  },
  {
    "review_id": "10036868",
    "movie_id": "102862",
    "author": "wlfa****",
    "review": "여러 장르의 장점만 모은 하이라이트같다. 90분 내내 몰입하면서 재밌게 봤다.",
    "rating": "8",
    "date": "15.06.26"
  },
  {
    "review_id": "9979894",
    "movie_id": "102862",
    "author": "wing****",
    "review": "뭐 의미를 두고 되새기며 볼 영화 내용은 아니다. 걍 악숀.",
    "rating": "7",
    "date": "15.06.06"
  },
  {
    "review_id": "9971757",
    "movie_id": "102862",
    "author": "thez****",
    "review": "아주 시원하고 재미있게 봤음. 킬링타임용으로 틀었다가 몰입하고봄",
    "rating": "9",
    "date": "15.06.03"
  },
  {
    "review_id": "9952845",
    "movie_id": "102862",
    "author": "lgic****",
    "review": "권선징악 내용도 좋고 끝도 좋고 괜찮다",
    "rating": "8",
    "date": "15.05.26"
  },
  {
    "review_id": "9950567",
    "movie_id": "102862",
    "author": "sang****",
    "review": "이번 영화는 좀 아쉽긴 했지만..솔직히 별 3개감은 아니지..킬링타임류로 7점정도 무난한듯",
    "rating": "10",
    "date": "15.05.25"
  },
  {
    "review_id": "9949056",
    "movie_id": "102862",
    "author": "mean****",
    "review": "숟가락과 나이프는 밥먹는데 쓰는건데...새로운 용도를 발견했네요 물론 그렇게 쓰는게 아무나 되는건 아니겠지만 ㅋ",
    "rating": "8",
    "date": "15.05.25"
  },
  {
    "review_id": "9946771",
    "movie_id": "102862",
    "author": "ekdl****",
    "review": "정말 재밌게 봤습니다 ㅎㅎ",
    "rating": "10",
    "date": "15.05.25"
  },
  {
    "review_id": "9945803",
    "movie_id": "102862",
    "author": "sasc****",
    "review": "적당한 재미와 적당한 생각이 남는다.",
    "rating": "7",
    "date": "15.05.24"
  },
  {
    "review_id": "9930954",
    "movie_id": "102862",
    "author": "mins****",
    "review": "굳이 영화가 아니라 단편 UCC정도로 제작해도 됐을 법한...",
    "rating": "6",
    "date": "15.05.19"
  },
  {
    "review_id": "9909979",
    "movie_id": "102862",
    "author": "supe****",
    "review": "아니 왜이래???형!!!찌르고 쏘고 쳐때리는거만 주구장창해 말장난하지말고 제이슨형 원래 안이랬잖아",
    "rating": "5",
    "date": "15.05.10"
  },
  {
    "review_id": "9907372",
    "movie_id": "102862",
    "author": "time****",
    "review": "오랜만에  또 봐도 재밌다. 난폭하지만 여자에겐 상냥한... 도박을 통해 인생의 탈출구를 찾던 이가  그만의 삶의 방식을 보여줌으로써 한 젊은 천재에게 영감과 용기를 주고 그로인해 본인마저 구원 받는다. 총 3번의 액션중 2번은 스타뎀 역대급이었다.",
    "rating": "8",
    "date": "15.05.10"
  },
  {
    "review_id": "9877822",
    "movie_id": "102862",
    "author": "sspo****",
    "review": "볼만하다.누구보다 강한 사내가 그 힘을 계속 참는 모습,누구보다 객관적이지만 흔들리는 모습. 멋있다.",
    "rating": "8",
    "date": "15.04.29"
  },
  {
    "review_id": "9870098",
    "movie_id": "102862",
    "author": "2601****",
    "review": "스타뎀 형..이건 아니잖아",
    "rating": "2",
    "date": "15.04.26"
  },
  {
    "review_id": "9869031",
    "movie_id": "102862",
    "author": "baks****",
    "review": "평식이는,크리스토퍼 놀란의 불멸의 걸작 @다크 나이트@에도,\"동전 던지기는 너무 진부해\"이러면서 평점 7 점 준 인간.한마디로-돌-아이-인거지.평식이가,평론가면,상근이도 개가 아니라,인간이다.아무래도 나도 평론가나 하러 가야겠어.개나 소나,존문가...",
    "rating": "7",
    "date": "15.04.26"
  },
  {
    "review_id": "9868362",
    "movie_id": "102862",
    "author": "clga****",
    "review": "영화에 비해 평점이 너무 낮네요",
    "rating": "10",
    "date": "15.04.26"
  },
  {
    "review_id": "9854217",
    "movie_id": "102862",
    "author": "skps****",
    "review": "스타뎀은 그냥 액션씬만 주구장창 했으면 좋겠다",
    "rating": "5",
    "date": "15.04.20"
  },
  {
    "review_id": "9853498",
    "movie_id": "102862",
    "author": "kimh****",
    "review": "난 재밌던데... 액션 좋고 도박하지 말자는 공익적인 내용도 있어요.ㅋㅋ",
    "rating": "10",
    "date": "15.04.19"
  },
  {
    "review_id": "9846304",
    "movie_id": "102862",
    "author": "jumm****",
    "review": "아무렇게나 만든, 아무렇게나 틀어놓고 잠자면 딱 맞을 액션 영화.",
    "rating": "5",
    "date": "15.04.15"
  },
  {
    "review_id": "9843653",
    "movie_id": "102862",
    "author": "yong****",
    "review": "제임스 스타뎀의 액션 영화는 워낙 많아서 특출나게 재밌지 않는 한 거기서 거기다. 액션은 좋으나 스토리가 사람을 끌어 당기기에는 많이 부족했다",
    "rating": "6",
    "date": "15.04.13"
  },
  {
    "review_id": "9843614",
    "movie_id": "102862",
    "author": "mcma****",
    "review": "베댓들  참나...ㅋㅋㅋ지들은  연예인 말할때  씨자 붙여가며  존댓말 쓰냐?.ㅋㅋ예의 차려가면서  말해??스타뎀이 친구녜.ㅋㅋ",
    "rating": "5",
    "date": "15.04.13"
  },
  {
    "review_id": "9843379",
    "movie_id": "102862",
    "author": "bear****",
    "review": "그냥 킬링 타임용 . 나쁘지않았다",
    "rating": "6",
    "date": "15.04.13"
  },
  {
    "review_id": "9831073",
    "movie_id": "102862",
    "author": "kara****",
    "review": "각본을 쓸줄아는 각본가의 영화지만 감독이 사이먼웨스트임...스타댐의 한계를 못넘음..",
    "rating": "6",
    "date": "15.04.06"
  },
  {
    "review_id": "9830622",
    "movie_id": "102862",
    "author": "jenn****",
    "review": "기대하고 봤는데 뭐 따위지 ㅡㅡ 박평식 평가보다 더박하게 주고싶을정도임",
    "rating": "1",
    "date": "15.04.06"
  },
  {
    "review_id": "9827137",
    "movie_id": "102862",
    "author": "baba****",
    "review": "상타침이 이럴때 쓰는 말이구나 액션연출 이 정도면 개상타침",
    "rating": "8",
    "date": "15.04.04"
  },
  {
    "review_id": "9822644",
    "movie_id": "102862",
    "author": "cjw2****",
    "review": "간만에 졸 재밌는 영화 발견...아마추어초딩 만든 허접자막때문에 재미없을뻔 했지만...절제된 폭력미학이 상쇄시켜줌...간만에 액션영화에서 느껴보는 카타르시스...시덥잖은걸로 심오한척하는 똥같은 것들보다 훨씬 10점임.",
    "rating": "10",
    "date": "15.04.02"
  },
  {
    "review_id": "9817191",
    "movie_id": "102862",
    "author": "rkfl****",
    "review": "일단  스타뎀형  영환데  선별점후감상",
    "rating": "10",
    "date": "15.03.30"
  },
  {
    "review_id": "9816454",
    "movie_id": "102862",
    "author": "bogr****",
    "review": "솔직히 스타뎀 영화는 즐겨 보지만..이번편은 아니었다.. 내용도 없고 개연성도 없고..액션도 부족하고...실망~!",
    "rating": "5",
    "date": "15.03.30"
  },
  {
    "review_id": "9814226",
    "movie_id": "102862",
    "author": "oris****",
    "review": "두가지 이야기를 섞었는데 교차점에서 발생하는 액션이 볼만하지만 좀 적다",
    "rating": "4",
    "date": "15.03.29"
  },
  {
    "review_id": "9813421",
    "movie_id": "102862",
    "author": "kmkw****",
    "review": "아 액션영화 이만하면 됐지!! 심장도 어느정도 쫄깃하게 해주고. 난 더 안바람~ 제이슨스타뎀 오래오래 액션 찍어주.",
    "rating": "9",
    "date": "15.03.29"
  },
  {
    "review_id": "9811427",
    "movie_id": "102862",
    "author": "skhf****",
    "review": "액션신만큼은 역시 제이슨 스타뎀이라는 말이 나올 정도였다. 다만 스토리가 뭐 이런...",
    "rating": "6",
    "date": "15.03.28"
  },
  {
    "review_id": "9811224",
    "movie_id": "102862",
    "author": "urin****",
    "review": "내용은 다소 허망할지라도, 액션씬은 짧고 굵게 볼만함.",
    "rating": "7",
    "date": "15.03.28"
  },
  {
    "review_id": "9808898",
    "movie_id": "102862",
    "author": "vm4e****",
    "review": "스타뎀의 평범한 일상중 몇 일을 다룬 짧은 다큐~ 별 내용은 없다",
    "rating": "5",
    "date": "15.03.27"
  },
  {
    "review_id": "9808678",
    "movie_id": "102862",
    "author": "hjg8****",
    "review": "확실하게 말해드리죠 이영화는 쓰레기임감동, 액션, 교훈, 스릴러, 도박등 여러가지 요소를 쓰레기같은 배합으로 ㅈ같이 만들어놈 자잘한 이야기들이 모여서 한덩어리 큰 쓰레기가됐음",
    "rating": "1",
    "date": "15.03.26"
  },
  {
    "review_id": "9807479",
    "movie_id": "102862",
    "author": "mado****",
    "review": "원래 스타뎀 형님은 이런 영화가 더 어울렸거등?",
    "rating": "9",
    "date": "15.03.26"
  },
  {
    "review_id": "9803984",
    "movie_id": "102862",
    "author": "hbdo****",
    "review": "간만에 화끈한 액션봤습니다",
    "rating": "10",
    "date": "15.03.24"
  },
  {
    "review_id": "9803916",
    "movie_id": "102862",
    "author": "oojj****",
    "review": "역시 액션은 대단한 배우다. 배우에 대한 고정관념 때문에 망친 영화. 시원스러운 액션이 기대치가 있어서.. 하지만 볼만하다",
    "rating": "6",
    "date": "15.03.24"
  },
  {
    "review_id": "9803495",
    "movie_id": "102862",
    "author": "pmke****",
    "review": "생각과 다른 제이슨 스타뎀의 영화",
    "rating": "6",
    "date": "15.03.24"
  },
  {
    "review_id": "9802804",
    "movie_id": "102862",
    "author": "sjw8****",
    "review": "제이슨 스타뎀 영화에 이런 평점 주는 거 처음이다 대체 무슨 이야기를 하는건지..",
    "rating": "5",
    "date": "15.03.24"
  },
  {
    "review_id": "9802747",
    "movie_id": "102862",
    "author": "lush****",
    "review": "솔직히 재미없습니다. 영화가 2시간30분쯤 하는줄 알았네요.. 내용도 그렇고 블랙잭을 모르는사람에 대한 배려가 없구요. 엄충 지루합니다 .  감동도 없고 재미도 없고 액션은.. 음..",
    "rating": "1",
    "date": "15.03.24"
  },
  {
    "review_id": "9802624",
    "movie_id": "102862",
    "author": "jmru****",
    "review": "처음 이런 글 남겨봄.... 너무 어이없어서 ㅋㅋㅋ 이건 별 1개도 아까움 ... 애초에 이런 영화는 만들어지지 말았어야함... 스타뎀도 돈만 주면 그냥 막 찍는구나... 진지하게 실망 보.지.마.세.요. 킬링타임조차 안되는 영화....",
    "rating": "1",
    "date": "15.03.23"
  },
  {
    "review_id": "9802619",
    "movie_id": "102862",
    "author": "dkdl****",
    "review": "객관적으로 영화상 받을정도로 극찬하고 뛰어나진 않는것 같은데 나름 액션도 괜찮고 제이슨 만에 매력을 엿볼수 있다",
    "rating": "7",
    "date": "15.03.23"
  },
  {
    "review_id": "9802248",
    "movie_id": "102862",
    "author": "from****",
    "review": "포스터 문구가 약간 반칙성인 듯한데, 이 영화가 오스카 각본상을 받은 게 아니라, 이 영화 각본을 쓴 윌리엄 골드만(83세)이 1970년에 '내일을 향해 쏴라'로, 1977년에 '대통령의 사람들'로 두 차례 오스카 각본상을 탔던 분인...-",
    "rating": "4",
    "date": "15.03.23"
  },
  {
    "review_id": "9802164",
    "movie_id": "102862",
    "author": "niin****",
    "review": "액션은 좋은데 스토리가 먼지 모르겠다 한국영화보는거같아",
    "rating": "6",
    "date": "15.03.23"
  },
  {
    "review_id": "9802158",
    "movie_id": "102862",
    "author": "10al****",
    "review": "전체적으로 어설푼영화얙션도별루구잼미없음!!!",
    "rating": "2",
    "date": "15.03.23"
  },
  {
    "review_id": "9802051",
    "movie_id": "102862",
    "author": "kmo7****",
    "review": "액션이 가미된 드라마라할까? 게임장면 볼만했음",
    "rating": "9",
    "date": "15.03.23"
  },
  {
    "review_id": "9802012",
    "movie_id": "102862",
    "author": "euns****",
    "review": "제이슨의 또다른 매력을 봤다. 재미있었고",
    "rating": "9",
    "date": "15.03.23"
  },
  {
    "review_id": "9801390",
    "movie_id": "102862",
    "author": "nulp****",
    "review": "스타뎀의 전작들에 비해 아쉬운 작품이지만, 스타뎀적 영화임은 긍정임.. 아쉬운 작품...",
    "rating": "6",
    "date": "15.03.23"
  },
  {
    "review_id": "9801375",
    "movie_id": "102862",
    "author": "anyz****",
    "review": "평식이 진짜답도없다 평론가가 저따위 글솜씨라니 ㅎ 내용은별로지만 액션은 재밌네요 평식이보단 나을듯",
    "rating": "6",
    "date": "15.03.23"
  },
  {
    "review_id": "9801336",
    "movie_id": "102862",
    "author": "leeh****",
    "review": "이번엔  총대신  카드 날리시는 군요.... 액션두 스타일리쉬하고.. 역시 잘 어울리는  스타뎀~",
    "rating": "9",
    "date": "15.03.23"
  },
  {
    "review_id": "9801328",
    "movie_id": "102862",
    "author": "sada****",
    "review": "씨네21 박평식이때문에 보게된 영화...이러다 평식이 검색어순위오를듯...",
    "rating": "10",
    "date": "15.03.23"
  },
  {
    "review_id": "9801237",
    "movie_id": "102862",
    "author": "wjtj****",
    "review": "가위로거시기를짜를려던데 그기가 용수철로되어있던데 ....유승준이부릅니다 가위",
    "rating": "7",
    "date": "15.03.23"
  },
  {
    "review_id": "9800904",
    "movie_id": "102862",
    "author": "grav****",
    "review": "후.... 간만에 돌려가면서 영화봄",
    "rating": "1",
    "date": "15.03.22"
  },
  {
    "review_id": "9800404",
    "movie_id": "102862",
    "author": "mais****",
    "review": "액션영화에 스토리따위 필요없다..그저 붕붕 잘날르기만 바랄뿐",
    "rating": "6",
    "date": "15.03.22"
  },
  {
    "review_id": "9799982",
    "movie_id": "102862",
    "author": "name****",
    "review": "킬링용으로 딱이다..시간 왜캐 빨리가 ㅡㅡ",
    "rating": "9",
    "date": "15.03.22"
  },
  {
    "review_id": "9799816",
    "movie_id": "102862",
    "author": "wbc2****",
    "review": "보고 욕했다 끝까지 본 나 자신에게 박수를 보낸다",
    "rating": "1",
    "date": "15.03.22"
  },
  {
    "review_id": "9799437",
    "movie_id": "102862",
    "author": "slog****",
    "review": "카드, 동전, 나이프, 숟가락 성공적",
    "rating": "10",
    "date": "15.03.22"
  },
  {
    "review_id": "9799095",
    "movie_id": "102862",
    "author": "gmt3****",
    "review": "이퀄라이저를  생각나게 하는  액션 영화, 제이슨 스타뎀은 실망시키지  않음.",
    "rating": "7",
    "date": "15.03.22"
  },
  {
    "review_id": "9798874",
    "movie_id": "102862",
    "author": "gkdk****",
    "review": "문채원 이분 따른 영화에 박평식 있는영화에 무조건 안티 베스트댓글 되셨던분임 ㅋㅋㅋ 재미없는걸 재미없다는게 무슨 문제있음? ㅋㅋ",
    "rating": "1",
    "date": "15.03.22"
  },
  {
    "review_id": "9798526",
    "movie_id": "102862",
    "author": "reck****",
    "review": "박평식이라는 놈 평 봐라. 재미도 없고, 성의도 없고, 예의도 없다. 더구나 쪽 팔린 줄도 모른다. 피카소 그림에 1점이라고 점수 매겨 놓고 히죽거릴 놈.",
    "rating": "10",
    "date": "15.03.22"
  },
  {
    "review_id": "9798476",
    "movie_id": "102862",
    "author": "babo****",
    "review": "스타뎀멋지네요~!좋은영화네여",
    "rating": "6",
    "date": "15.03.22"
  },
  {
    "review_id": "9798380",
    "movie_id": "102862",
    "author": "534k****",
    "review": "제이슨 스타뎀 얼마만이야",
    "rating": "10",
    "date": "15.03.22"
  },
  {
    "review_id": "9797517",
    "movie_id": "102862",
    "author": "wcjs****",
    "review": "나도 뭐 썩 좋게 본건 아니지만... 박평식님 처럼 별3개 정도는 아니고... 이분은 같은 말을해도 정말 싹퉁바가지없게 하시네요 ㅋ 남들 다 보는  기자 평론가로서의 한마디를 쓰시는 분이 반말로 찍찍 스타뎀이 님 친구입니까?",
    "rating": "6",
    "date": "15.03.21"
  },
  {
    "review_id": "9797051",
    "movie_id": "102862",
    "author": "sbke****",
    "review": "그럭저럭 볼만하네요 ㅎ 시간때우기용인듯",
    "rating": "8",
    "date": "15.03.21"
  },
  {
    "review_id": "9796201",
    "movie_id": "102862",
    "author": "ymin****",
    "review": "제이슨 좋아하지만 무지 화난다.  역광 노출이나 자막처리도 그렇고..",
    "rating": "1",
    "date": "15.03.21"
  },
  {
    "review_id": "9795374",
    "movie_id": "102862",
    "author": "piaa****",
    "review": "오옷 제이슨 스타댐 액션종결자 ㅋ",
    "rating": "10",
    "date": "15.03.20"
  },
  {
    "review_id": "9795085",
    "movie_id": "102862",
    "author": "inmy****",
    "review": "보고나니 속까지 시원함 ㅋㅋ",
    "rating": "9",
    "date": "15.03.20"
  },
  {
    "review_id": "9795084",
    "movie_id": "102862",
    "author": "blue****",
    "review": "오 역시 제이슨 스타덤!!!",
    "rating": "9",
    "date": "15.03.20"
  },
  {
    "review_id": "9795081",
    "movie_id": "102862",
    "author": "chm5****",
    "review": "역시 제이슨!  재미있게 봤어요 ㅎ",
    "rating": "9",
    "date": "15.03.20"
  },
  {
    "review_id": "9795063",
    "movie_id": "102862",
    "author": "embr****",
    "review": "시원한 액션 영화 !! 기대~",
    "rating": "10",
    "date": "15.03.20"
  },
  {
    "review_id": "9794915",
    "movie_id": "102862",
    "author": "anna****",
    "review": "의외로 괜찮게 본 제이슨 스타뎀의 액션영화~ 역시 볼만~~",
    "rating": "9",
    "date": "15.03.20"
  },
  {
    "review_id": "9794483",
    "movie_id": "102862",
    "author": "kimj****",
    "review": "의미하는게 뭐지... 도대체 어떻게 각본상을 받은거지...",
    "rating": "6",
    "date": "15.03.20"
  },
  {
    "review_id": "9794384",
    "movie_id": "102862",
    "author": "kind****",
    "review": "화초용 가위 너무 무섭다",
    "rating": "1",
    "date": "15.03.20"
  },
  {
    "review_id": "9794374",
    "movie_id": "102862",
    "author": "mood****",
    "review": "제이슨 스타뎀의  또다른 액션.. 볼만한뎅...  늘 똑같으면 재미없자나?",
    "rating": "9",
    "date": "15.03.20"
  },
  {
    "review_id": "9794244",
    "movie_id": "102862",
    "author": "sinb****",
    "review": "시시한 이야기를 더 시시하게 연출한 감독의 능력이 놀라울뿐...",
    "rating": "5",
    "date": "15.03.20"
  },
  {
    "review_id": "9794217",
    "movie_id": "102862",
    "author": "hyer****",
    "review": "아저씨 포크랑 신용카드로 막 죽이네 와ㅋ",
    "rating": "7",
    "date": "15.03.20"
  },
  {
    "review_id": "9794185",
    "movie_id": "102862",
    "author": "etp8****",
    "review": "영화의 정체성과 함께 사라져버린 주인공의 매력...",
    "rating": "4",
    "date": "15.03.20"
  },
  {
    "review_id": "9794149",
    "movie_id": "102862",
    "author": "gaya****",
    "review": "앞으로 버터나이프 피해 다닐듯... 차승원의 꽃게 다리에 이어 신선한 충격임",
    "rating": "10",
    "date": "15.03.20"
  },
  {
    "review_id": "9794138",
    "movie_id": "102862",
    "author": "beat****",
    "review": "16日성신여대슈퍼커피오픈1+父17日ⅲ합정쿠시카츠다루마브릭선물동대문이코노미블러드ⅲ18日명동토다이비앙코+1제이슨스타뎀의전여친이나쁜놈드마르코에게성폭행당한다총은쏘지않는액션으로순삭손봐주고50억달러따고곰방잃고킹스맨대신본건데[수저+나이프]턱에콕꽂기액션와우^-^☆",
    "rating": "7",
    "date": "15.03.19"
  },
  {
    "review_id": "9794128",
    "movie_id": "102862",
    "author": "mov_****",
    "review": "팝콘 먹으면서 볼만함 ㅇㅇ",
    "rating": "10",
    "date": "15.03.19"
  },
  {
    "review_id": "9794127",
    "movie_id": "102862",
    "author": "oran****",
    "review": "카드한장, 숟가락 하나로, 화끈하게 평정하심!",
    "rating": "9",
    "date": "15.03.19"
  },
  {
    "review_id": "9794110",
    "movie_id": "102862",
    "author": "baja****",
    "review": "기대만큼 잘 싸우더만~ 뻥도 잘치고 ㅋㅋ",
    "rating": "9",
    "date": "15.03.19"
  },
  {
    "review_id": "9794098",
    "movie_id": "102862",
    "author": "gall****",
    "review": "총기를 쓰지 않은, 거칠고 화려한 액션. 그런데 액션 비중이 낮다. 도박의 딜레마에 관한 스타템 엉아의 내면 연기도 살짝 엿볼수 있다.",
    "rating": "6",
    "date": "15.03.19"
  },
  {
    "review_id": "9794035",
    "movie_id": "102862",
    "author": "andy****",
    "review": "팝콘 무비로 강추~~ 이 영화 좀 짱인듯",
    "rating": "10",
    "date": "15.03.19"
  },
  {
    "review_id": "9794010",
    "movie_id": "102862",
    "author": "popc****",
    "review": "볼만한데?? 액션도 그러코 제이슨 스타뎀 업그레이드 느낌임!! 제이슨 스타뎀 좋아하는 분들은 봐도 후회 안할듯",
    "rating": "10",
    "date": "15.03.19"
  },
  {
    "review_id": "9793963",
    "movie_id": "102862",
    "author": "choi****",
    "review": "제이슨 스타뎀 실망이다.",
    "rating": "3",
    "date": "15.03.19"
  },
  {
    "review_id": "9793929",
    "movie_id": "102862",
    "author": "sml7****",
    "review": "보지마그냥제발제발제발",
    "rating": "1",
    "date": "15.03.19"
  },
  {
    "review_id": "9793772",
    "movie_id": "102862",
    "author": "hsif****",
    "review": "아놔. . .진짜. . 처음 리뷰남김. . 왜이게 아카데미 각본상인지 이해가안감. . 전여자친구 뒤치닥거리하다 끝나네 내용도없고. . .어이도 없고. .  재미도없고 . .",
    "rating": "1",
    "date": "15.03.19"
  },
  {
    "review_id": "9793698",
    "movie_id": "102862",
    "author": "ikok****",
    "review": "감독색하 역대 작품을 봐라. 욕이 나올만 하지 않는가?",
    "rating": "1",
    "date": "15.03.19"
  },
  {
    "review_id": "9793575",
    "movie_id": "102862",
    "author": "bwit****",
    "review": "졸면서 봤네 처음에 빠르다 나중에  너무 지루하게 지나감",
    "rating": "3",
    "date": "15.03.19"
  },
  {
    "review_id": "9793402",
    "movie_id": "102862",
    "author": "chan****",
    "review": "스타뎀 영화 치고는 조금 아쉽지만 그럭저럭 볼만한 킬링타임무비..",
    "rating": "7",
    "date": "15.03.19"
  },
  {
    "review_id": "9793342",
    "movie_id": "102862",
    "author": "mpjj****",
    "review": "솔직히 믿고보는 스타뎀 영화치고는 별로인거 같다..킬링타임용으론 괜츈. 소피아 베르가나 처음에 잠깐 나오고 마는데 영화 다 볼때까지 얘 ㅅㄱ 생각밖에 안남...",
    "rating": "7",
    "date": "15.03.19"
  },
  {
    "review_id": "9793256",
    "movie_id": "102862",
    "author": "edwa****",
    "review": "액션만 있지 않은 꽤 괜찮은 범죄영화!!!",
    "rating": "10",
    "date": "15.03.19"
  },
  {
    "review_id": "9793223",
    "movie_id": "102862",
    "author": "newl****",
    "review": "절세무공을 지닌 외로운 남자의 이야기.. 좀 재미없는 서양판 무협영화..",
    "rating": "7",
    "date": "15.03.19"
  },
  {
    "review_id": "9793110",
    "movie_id": "102862",
    "author": "kalk****",
    "review": "평식아 평식이는 평론 잘해서 하는거니?",
    "rating": "8",
    "date": "15.03.19"
  },
  {
    "review_id": "9792836",
    "movie_id": "102862",
    "author": "buy0****",
    "review": "역시 액션만큼은! 트랜스포터부터 점점 업그레이드 된듯",
    "rating": "9",
    "date": "15.03.19"
  }
]