[
  {
    "review_id": "10277680",
    "movie_id": "102817",
    "author": "rass****",
    "review": "좋아요 아주 좋아요 손예진 이뻐요",
    "rating": "10",
    "date": "15.08.27"
  },
  {
    "review_id": "10275941",
    "movie_id": "102817",
    "author": "gopc****",
    "review": "심심치 않게 볼만한 영화",
    "rating": "8",
    "date": "15.08.26"
  },
  {
    "review_id": "10274896",
    "movie_id": "102817",
    "author": "arde****",
    "review": "가끔 너무 터무니 없는 CG는 영화 몰입을 방해하더라...유해진 없음 걍 폭망 영화",
    "rating": "7",
    "date": "15.08.25"
  },
  {
    "review_id": "10272740",
    "movie_id": "102817",
    "author": "gksd****",
    "review": "웃으면서 즐겁게 본영화!!! 기대를 안하고 봐서 그런지 재미있었어요~",
    "rating": "8",
    "date": "15.08.25"
  },
  {
    "review_id": "10269896",
    "movie_id": "102817",
    "author": "wisd****",
    "review": "재미있고 좋았음 3번 봄.",
    "rating": "10",
    "date": "15.08.24"
  },
  {
    "review_id": "10269539",
    "movie_id": "102817",
    "author": "ktj6****",
    "review": "재밌게 봤습니다 :-)",
    "rating": "10",
    "date": "15.08.23"
  },
  {
    "review_id": "10269378",
    "movie_id": "102817",
    "author": "qure****",
    "review": "유치찬란. 전혀 납득이 안된다.",
    "rating": "6",
    "date": "15.08.23"
  },
  {
    "review_id": "10267541",
    "movie_id": "102817",
    "author": "yyy8****",
    "review": "기대하지 않고 봤지만 재밌게 본거 같네요",
    "rating": "7",
    "date": "15.08.23"
  },
  {
    "review_id": "10267115",
    "movie_id": "102817",
    "author": "k435****",
    "review": "재밌디ㅡ...  아 ..주..",
    "rating": "10",
    "date": "15.08.23"
  },
  {
    "review_id": "10265857",
    "movie_id": "102817",
    "author": "peac****",
    "review": "케미와감동이있던영화^^",
    "rating": "8",
    "date": "15.08.23"
  },
  {
    "review_id": "10265039",
    "movie_id": "102817",
    "author": "wnff****",
    "review": "유해진씨를 믿고 본 영화였는데 역시 유해진!이었습니다. 솔직히 유해진 말고는 그닥 흥미로운 캐릭터 없었어요.",
    "rating": "7",
    "date": "15.08.23"
  },
  {
    "review_id": "10264676",
    "movie_id": "102817",
    "author": "lhc8****",
    "review": "재밌었어요!            ^^ 완존!!",
    "rating": "8",
    "date": "15.08.22"
  },
  {
    "review_id": "10264447",
    "movie_id": "102817",
    "author": "dong****",
    "review": "업청 재미 잇게 예전에 봣어여",
    "rating": "10",
    "date": "15.08.22"
  },
  {
    "review_id": "10262726",
    "movie_id": "102817",
    "author": "yuny****",
    "review": "생각보다 유쾌하고 재밌었음",
    "rating": "6",
    "date": "15.08.22"
  },
  {
    "review_id": "10260429",
    "movie_id": "102817",
    "author": "stea****",
    "review": "역시유해진 ㅋ짱 빵터짐",
    "rating": "9",
    "date": "15.08.21"
  },
  {
    "review_id": "10259207",
    "movie_id": "102817",
    "author": "jsju****",
    "review": "지루한틈 없이 재미나게 봤어요",
    "rating": "9",
    "date": "15.08.21"
  },
  {
    "review_id": "10259025",
    "movie_id": "102817",
    "author": "pchg****",
    "review": "완전 재미고 유아인 연기 진짤잘했음ㅋ",
    "rating": "10",
    "date": "15.08.21"
  },
  {
    "review_id": "10257741",
    "movie_id": "102817",
    "author": "gksd****",
    "review": "굿이에요 정말 이런영화가 많아야하는데",
    "rating": "10",
    "date": "15.08.21"
  },
  {
    "review_id": "10256263",
    "movie_id": "102817",
    "author": "rrir****",
    "review": "재미있게봤습니다 스릴도있고",
    "rating": "8",
    "date": "15.08.20"
  },
  {
    "review_id": "10256079",
    "movie_id": "102817",
    "author": "dam7****",
    "review": "스릴있고 돼게 재밋음!그리고 김남길손예진 은근 잘어울리는....?ㅎㅎㅎ 오달수 덕분에 빅웃음 터짐...ㅎ 평론가들은 영화를 볼줄을몰라",
    "rating": "10",
    "date": "15.08.20"
  },
  {
    "review_id": "10253625",
    "movie_id": "102817",
    "author": "inmy****",
    "review": "너무너무 웃겨ㅆ어요~",
    "rating": "10",
    "date": "15.08.20"
  },
  {
    "review_id": "10252136",
    "movie_id": "102817",
    "author": "wild****",
    "review": "재미있게 봤습니다 ㅎㅎ",
    "rating": "10",
    "date": "15.08.19"
  },
  {
    "review_id": "10251584",
    "movie_id": "102817",
    "author": "k200****",
    "review": "웃겨요. 배우들도 다 좋고",
    "rating": "7",
    "date": "15.08.19"
  },
  {
    "review_id": "10249944",
    "movie_id": "102817",
    "author": "love****",
    "review": "나름 재밌었어요 ㅋㅋ 그냥 생각없이 볼수 있는 영화에요 ㅋ",
    "rating": "8",
    "date": "15.08.18"
  },
  {
    "review_id": "10247326",
    "movie_id": "102817",
    "author": "rmfo****",
    "review": "유해진이 하드캐리했다고 볼 수 있다",
    "rating": "7",
    "date": "15.08.18"
  },
  {
    "review_id": "10245199",
    "movie_id": "102817",
    "author": "chil****",
    "review": "대체적으로 재미있었지만 마지막 부분의 전투가 너무 싱거웠어요,, 내용이 너무 장황하다보니 도입과 중간부분에 비해 결말이 아쉬웠어요,, 그리고 고래랑 손예진의 인연(?)은 너무 오글거려요,,그치만 배우분들의 코믹연기에 마구 웃었어요",
    "rating": "7",
    "date": "15.08.17"
  },
  {
    "review_id": "10245130",
    "movie_id": "102817",
    "author": "wndu****",
    "review": "쩐다 쩐다 쩔어 쩐다 쩔다 쫀쫀",
    "rating": "10",
    "date": "15.08.17"
  },
  {
    "review_id": "10244027",
    "movie_id": "102817",
    "author": "ildo****",
    "review": "여태 본 영화중에 최최악영화.. 웃긴요소는 많이 넣은 것 같은데 하나도 안 웃기고 억지스럽고 영화관에서 잠들었음",
    "rating": "1",
    "date": "15.08.17"
  },
  {
    "review_id": "10243420",
    "movie_id": "102817",
    "author": "kolk****",
    "review": "완전 재밌었어요 짱짱짱짱",
    "rating": "10",
    "date": "15.08.16"
  },
  {
    "review_id": "10239038",
    "movie_id": "102817",
    "author": "tojj****",
    "review": "너무 재미있네요 다시 보고 싶네요.",
    "rating": "10",
    "date": "15.08.16"
  },
  {
    "review_id": "10237514",
    "movie_id": "102817",
    "author": "ekfk****",
    "review": "그냥저냥 cg만 아니면 나쁘지않았던..",
    "rating": "8",
    "date": "15.08.15"
  },
  {
    "review_id": "10236200",
    "movie_id": "102817",
    "author": "rokm****",
    "review": "정말  재미있게  본  영화네요 ㅋㅋ  역시 우리나라 영화 보는 재미로 살고 있어요~^^ 꼭 보셔야합니다.ㅋㅋ 유해진 진짜 웃기게 연기했고 손예진 너무너무 이쁘네요 ㅋㅋ 이상형~~ 너무 좋아 ㅋㅋ 꼭 보삼!!",
    "rating": "9",
    "date": "15.08.15"
  },
  {
    "review_id": "10230217",
    "movie_id": "102817",
    "author": "ppp4****",
    "review": "생각보다 재미있었어요",
    "rating": "9",
    "date": "15.08.14"
  },
  {
    "review_id": "10228427",
    "movie_id": "102817",
    "author": "taij****",
    "review": "생각보다재미있었습니다",
    "rating": "8",
    "date": "15.08.14"
  },
  {
    "review_id": "10228275",
    "movie_id": "102817",
    "author": "seo7****",
    "review": "정말재밌엇어요 유해진나와서 더 재밋는거같네요~~",
    "rating": "8",
    "date": "15.08.14"
  },
  {
    "review_id": "10227549",
    "movie_id": "102817",
    "author": "cdh2****",
    "review": "쟈밌어요 쟈밌어용 재밌어요",
    "rating": "10",
    "date": "15.08.14"
  },
  {
    "review_id": "10223840",
    "movie_id": "102817",
    "author": "sh28****",
    "review": "재미있어요~~유쾌합니다",
    "rating": "9",
    "date": "15.08.13"
  },
  {
    "review_id": "10223458",
    "movie_id": "102817",
    "author": "dlth****",
    "review": "재밌어요ㅠㅠ또봐야겠다!!",
    "rating": "10",
    "date": "15.08.13"
  },
  {
    "review_id": "10221358",
    "movie_id": "102817",
    "author": "jesu****",
    "review": "진짜 그냥 재밌어서 보는 내내 계속 웃었다ㅋㅋㅋㅋ 유해진 귀엽고 김남길 귀엽고 손예진 이쁘고....추천!",
    "rating": "10",
    "date": "15.08.12"
  },
  {
    "review_id": "10220380",
    "movie_id": "102817",
    "author": "eleg****",
    "review": "발CG와 발스토리를 , 몇몇 배우들이 다 살렸다",
    "rating": "6",
    "date": "15.08.12"
  },
  {
    "review_id": "10219323",
    "movie_id": "102817",
    "author": "eabb****",
    "review": "보는 내내 웃을수 있어서 좋았어요~~~",
    "rating": "8",
    "date": "15.08.12"
  },
  {
    "review_id": "10218953",
    "movie_id": "102817",
    "author": "alfk****",
    "review": "심심하진 않습니다. 그렇다고 막 재미 있진 않습니다. 그래도 한번쯤은 볼 영화 인듯 합니다. 하지만 두번 볼 영화는 아닌듯요!",
    "rating": "8",
    "date": "15.08.12"
  },
  {
    "review_id": "10218303",
    "movie_id": "102817",
    "author": "djup****",
    "review": "유해진이 별루 안웃겨서 그저그래요",
    "rating": "5",
    "date": "15.08.11"
  },
  {
    "review_id": "10215496",
    "movie_id": "102817",
    "author": "moov****",
    "review": "메인스트림을 두고 너무 난잡했다",
    "rating": "5",
    "date": "15.08.11"
  },
  {
    "review_id": "10213016",
    "movie_id": "102817",
    "author": "pgoo****",
    "review": "재미는 있는데 억지 웃음...",
    "rating": "5",
    "date": "15.08.10"
  },
  {
    "review_id": "10210112",
    "movie_id": "102817",
    "author": "ghkd****",
    "review": "국산 모험물 중에선 수작인듯... 그러나 너무 공식대로 간게 아쉬움..",
    "rating": "7",
    "date": "15.08.09"
  },
  {
    "review_id": "10209685",
    "movie_id": "102817",
    "author": "quf4****",
    "review": "잼있었어요 또보고싶네요",
    "rating": "9",
    "date": "15.08.09"
  },
  {
    "review_id": "10208873",
    "movie_id": "102817",
    "author": "worb****",
    "review": "500포인트재밌었어",
    "rating": "10",
    "date": "15.08.09"
  },
  {
    "review_id": "10208486",
    "movie_id": "102817",
    "author": "jkle****",
    "review": "B급 컨셉이면 B급답게 그냥 웃기려고나 할것이지(그나마도 안웃기지만) 역사왜곡에 훈장질까지 아주 대단한 영화. 손예진은 사람은 그렇게 잘죽이면서 고래는 왜 못잡나? 물레방아로 죽인 사람이 이성계보다 많을듯",
    "rating": "1",
    "date": "15.08.09"
  },
  {
    "review_id": "10206884",
    "movie_id": "102817",
    "author": "leeh****",
    "review": "재미있어요너무너무나",
    "rating": "10",
    "date": "15.08.09"
  },
  {
    "review_id": "10206218",
    "movie_id": "102817",
    "author": "badr****",
    "review": "모처럼재밌는영뢀보네여",
    "rating": "10",
    "date": "15.08.09"
  },
  {
    "review_id": "10205964",
    "movie_id": "102817",
    "author": "sund****",
    "review": "유해진이 아니었다면 극장에서 오래 보지 못했을 영화~ 고로 유해진이 살렸다고해도 과언이 아닌 영화~",
    "rating": "8",
    "date": "15.08.09"
  },
  {
    "review_id": "10204254",
    "movie_id": "102817",
    "author": "0927****",
    "review": "꿀잼ㅋㅋㅋ10자..",
    "rating": "10",
    "date": "15.08.08"
  },
  {
    "review_id": "10203408",
    "movie_id": "102817",
    "author": "jbje****",
    "review": "음너무오래되서 기억이 안나요",
    "rating": "7",
    "date": "15.08.08"
  },
  {
    "review_id": "10202853",
    "movie_id": "102817",
    "author": "qabc****",
    "review": "ㅋㅋ ㅋ ㅋ ㅎ.ㅎ.ㅎ ㄱ ㅅ비",
    "rating": "10",
    "date": "15.08.08"
  },
  {
    "review_id": "10202266",
    "movie_id": "102817",
    "author": "milk****",
    "review": "재미있게 봤어요. 유해진이 웃겨요",
    "rating": "8",
    "date": "15.08.08"
  },
  {
    "review_id": "10200768",
    "movie_id": "102817",
    "author": "cmrk****",
    "review": "굳정말 재밌게 봤어요 ㅋㅋ",
    "rating": "8",
    "date": "15.08.08"
  },
  {
    "review_id": "10199613",
    "movie_id": "102817",
    "author": "ahnj****",
    "review": "웃음소재  많고 재밌게봤습니다!!",
    "rating": "10",
    "date": "15.08.08"
  },
  {
    "review_id": "10198385",
    "movie_id": "102817",
    "author": "ddrj****",
    "review": "재밌게 잘봤네요!! 대박",
    "rating": "10",
    "date": "15.08.07"
  },
  {
    "review_id": "10197408",
    "movie_id": "102817",
    "author": "tjxo****",
    "review": "유괘한 영화~~유해진이 대박",
    "rating": "8",
    "date": "15.08.07"
  },
  {
    "review_id": "10197131",
    "movie_id": "102817",
    "author": "hyos****",
    "review": "개인적으로 김남길 좋아해서 ...재미있고 웃음 나는 영화 좋아요...",
    "rating": "8",
    "date": "15.08.07"
  },
  {
    "review_id": "10196572",
    "movie_id": "102817",
    "author": "djae****",
    "review": "내인생에서 코믹영화로 넘버 원이다. 스트레스를 날리고 싶으면 강력추천!!",
    "rating": "10",
    "date": "15.08.07"
  },
  {
    "review_id": "10196366",
    "movie_id": "102817",
    "author": "tuck****",
    "review": "웃기네요..김남길 코믹에도 잘어울림",
    "rating": "8",
    "date": "15.08.07"
  },
  {
    "review_id": "10196022",
    "movie_id": "102817",
    "author": "jij4****",
    "review": "아 고려 내가 고려 왕족 후손이라 더 슬프다",
    "rating": "9",
    "date": "15.08.07"
  },
  {
    "review_id": "10194530",
    "movie_id": "102817",
    "author": "hunh****",
    "review": "유쾌하게 잘봤습니다.",
    "rating": "9",
    "date": "15.08.06"
  },
  {
    "review_id": "10194249",
    "movie_id": "102817",
    "author": "woo2****",
    "review": "김남길의 재발견...",
    "rating": "8",
    "date": "15.08.06"
  },
  {
    "review_id": "10193207",
    "movie_id": "102817",
    "author": "min4****",
    "review": "배우들도 연기도 코믹하고 진지할때도 있고 좋았어요~",
    "rating": "8",
    "date": "15.08.06"
  },
  {
    "review_id": "10192123",
    "movie_id": "102817",
    "author": "unth****",
    "review": "잼나잼나~ 웃긴요소들이 정말 많고 배우들 연기도 좋고 아주 맘에 드는 영화를 간만에 본 느낌적인 느낌!",
    "rating": "10",
    "date": "15.08.06"
  },
  {
    "review_id": "10190615",
    "movie_id": "102817",
    "author": "yjch****",
    "review": "재미있고 감동도 있는 영화였습니다",
    "rating": "10",
    "date": "15.08.05"
  },
  {
    "review_id": "10186541",
    "movie_id": "102817",
    "author": "supe****",
    "review": "그럭저럭 볼만한 여름 흥행용 영화.",
    "rating": "8",
    "date": "15.08.05"
  },
  {
    "review_id": "10186500",
    "movie_id": "102817",
    "author": "5662****",
    "review": "쪼아쪼아무척감동받앗어여",
    "rating": "9",
    "date": "15.08.05"
  },
  {
    "review_id": "10186439",
    "movie_id": "102817",
    "author": "iris****",
    "review": "재밌었어요연기들도잘하구",
    "rating": "7",
    "date": "15.08.05"
  },
  {
    "review_id": "10186369",
    "movie_id": "102817",
    "author": "jo3t****",
    "review": "재미있게 잘 봤습니다..스트레스가 확 풀리고 제미가 있었습니더",
    "rating": "8",
    "date": "15.08.05"
  },
  {
    "review_id": "10186261",
    "movie_id": "102817",
    "author": "fnzl****",
    "review": "지금기억에도 너무 재밌었던기억이 납니다. 특히유해진님이나오면무조건자동반사웃음만발.ㅋ",
    "rating": "9",
    "date": "15.08.05"
  },
  {
    "review_id": "10186057",
    "movie_id": "102817",
    "author": "park****",
    "review": "우리나라 코믹영화에서 과속스캔들 이후로 가장 재밌있게 본 영화. 유해진도 유해진이지만 가장 기억에 남는 것은 손예진. 정말 말도 안되게 예쁘ㅓ",
    "rating": "8",
    "date": "15.08.05"
  },
  {
    "review_id": "10185664",
    "movie_id": "102817",
    "author": "ubf2****",
    "review": "정말   재미있었어요!!!! 손예진  너무 예쁜거 같아요.",
    "rating": "9",
    "date": "15.08.04"
  },
  {
    "review_id": "10184238",
    "movie_id": "102817",
    "author": "dlrh****",
    "review": "재미있었음ㅋㅋㅋㅋ 생각보다 괜찮았음 김남길도 재믺고 손예진 너무이쁨 기대안하고 보는게 좋은듯",
    "rating": "8",
    "date": "15.08.04"
  },
  {
    "review_id": "10183855",
    "movie_id": "102817",
    "author": "y531****",
    "review": "좋아요잼나거버ㅜㅎ어요",
    "rating": "10",
    "date": "15.08.04"
  },
  {
    "review_id": "10183054",
    "movie_id": "102817",
    "author": "xxhe****",
    "review": "굿 잼 손예진 이쁘다 김남길도 간만에 보니까 괜찮네",
    "rating": "10",
    "date": "15.08.04"
  },
  {
    "review_id": "10182977",
    "movie_id": "102817",
    "author": "jeon****",
    "review": "이 정도면 한국영화 된다.",
    "rating": "10",
    "date": "15.08.04"
  },
  {
    "review_id": "10179706",
    "movie_id": "102817",
    "author": "myju****",
    "review": "해적  김남길 연기 최고입니다",
    "rating": "8",
    "date": "15.08.03"
  },
  {
    "review_id": "10179495",
    "movie_id": "102817",
    "author": "issu****",
    "review": "기대했는뎅 역시나^^",
    "rating": "8",
    "date": "15.08.03"
  },
  {
    "review_id": "10178100",
    "movie_id": "102817",
    "author": "ka01****",
    "review": "스토리도 괜찮은 코믹 영화였던거 같다",
    "rating": "8",
    "date": "15.08.02"
  },
  {
    "review_id": "10177429",
    "movie_id": "102817",
    "author": "duds****",
    "review": "오랜만에 보는 코미디 한국 영화였다.",
    "rating": "8",
    "date": "15.08.02"
  },
  {
    "review_id": "10174278",
    "movie_id": "102817",
    "author": "jihe****",
    "review": "탄탄한 스토리 재미있는 구성",
    "rating": "9",
    "date": "15.08.02"
  },
  {
    "review_id": "10173922",
    "movie_id": "102817",
    "author": "kdur****",
    "review": "이 영화를 왜 이제서야 봤는지ㅋㅋ진짜 엄청 웃겨요!!!ㅋㅋCG도 괜찮았고 조주연 연기도 모두 훌륭했습니다! 정말 이렇게 웃긴 영화는 오랜만인것 같아요ㅋ",
    "rating": "10",
    "date": "15.08.02"
  },
  {
    "review_id": "10173234",
    "movie_id": "102817",
    "author": "jss3****",
    "review": "솔직히 설리역할이 뭔가요...? 필요없는 존재..",
    "rating": "1",
    "date": "15.08.02"
  },
  {
    "review_id": "10170620",
    "movie_id": "102817",
    "author": "nams****",
    "review": "정말 한바탕 잘 웃었어요~",
    "rating": "10",
    "date": "15.08.01"
  },
  {
    "review_id": "10170128",
    "movie_id": "102817",
    "author": "kenz****",
    "review": "잼있음 완전 꿀잼 생각보다 재미있음",
    "rating": "8",
    "date": "15.08.01"
  },
  {
    "review_id": "10169827",
    "movie_id": "102817",
    "author": "zpzp****",
    "review": "음그냥볼만하네요 돈안아까눌정도",
    "rating": "10",
    "date": "15.08.01"
  },
  {
    "review_id": "10168862",
    "movie_id": "102817",
    "author": "heej****",
    "review": "정말 재밌게봤습니다 한번더 보고싶네요!",
    "rating": "10",
    "date": "15.08.01"
  },
  {
    "review_id": "10168832",
    "movie_id": "102817",
    "author": "lieb****",
    "review": "역시 연기력 최고!깨알같은 웃음 유발 요소가 있네요!조연 주연 모두 빛나능 영화입니다. 고래까지두요!",
    "rating": "10",
    "date": "15.08.01"
  },
  {
    "review_id": "10167208",
    "movie_id": "102817",
    "author": "ejae****",
    "review": "머리를 비우고 보는 영화. 8점은 너무 높다.",
    "rating": "6",
    "date": "15.07.31"
  },
  {
    "review_id": "10167204",
    "movie_id": "102817",
    "author": "aeap****",
    "review": "생각한것보다 재미있게 봤던 영화예요...^^",
    "rating": "7",
    "date": "15.07.31"
  },
  {
    "review_id": "10165998",
    "movie_id": "102817",
    "author": "take****",
    "review": "진짜재밋엇음 개인적으로 유해진이 캐리한 영화같음 예진누나랑 남길형아 연기도 잘봄",
    "rating": "10",
    "date": "15.07.31"
  },
  {
    "review_id": "10165848",
    "movie_id": "102817",
    "author": "blac****",
    "review": "무지무지하게 재미있다추천",
    "rating": "9",
    "date": "15.07.31"
  },
  {
    "review_id": "10161423",
    "movie_id": "102817",
    "author": "gusg****",
    "review": "시원하게 재밋어요 ㅋㅋ",
    "rating": "10",
    "date": "15.07.30"
  },
  {
    "review_id": "10160936",
    "movie_id": "102817",
    "author": "dldu****",
    "review": "재밌는 코믹영화였네여",
    "rating": "7",
    "date": "15.07.30"
  },
  {
    "review_id": "10159133",
    "movie_id": "102817",
    "author": "them****",
    "review": "오락영화로서 아무 생각없이 보기에 좋았음",
    "rating": "9",
    "date": "15.07.30"
  },
  {
    "review_id": "10158393",
    "movie_id": "102817",
    "author": "ke2l****",
    "review": "영화 재미잇엇슴다 손예진개이뻐여 ㄷ",
    "rating": "10",
    "date": "15.07.29"
  }
]