[
  {
    "review_id": "10277463",
    "movie_id": "102875",
    "author": "fss7****",
    "review": "평점이 비정상적으로 높네.. 뭐지? 이거 진짜 영화 본 사람들이 평가한거 맞나?",
    "rating": "1",
    "date": "15.08.26"
  },
  {
    "review_id": "10276468",
    "movie_id": "102875",
    "author": "knro****",
    "review": "국제시장은 정말로 꼭~ 봐야하는  좋은 영화이다/^^&",
    "rating": "10",
    "date": "15.08.26"
  },
  {
    "review_id": "10276112",
    "movie_id": "102875",
    "author": "vhdl****",
    "review": "감동과 재미 둘다느끼고 왔어요",
    "rating": "10",
    "date": "15.08.26"
  },
  {
    "review_id": "10275968",
    "movie_id": "102875",
    "author": "1998****",
    "review": "가족과 함께.... 감동이였습니다",
    "rating": "9",
    "date": "15.08.26"
  },
  {
    "review_id": "10275722",
    "movie_id": "102875",
    "author": "simh****",
    "review": "빨리  보고싶다 아직못봐씀",
    "rating": "5",
    "date": "15.08.26"
  },
  {
    "review_id": "10275374",
    "movie_id": "102875",
    "author": "tktk****",
    "review": "우리 이만큼 잘살게 해주신 분들 고맙습니다!",
    "rating": "9",
    "date": "15.08.26"
  },
  {
    "review_id": "10275181",
    "movie_id": "102875",
    "author": "skar****",
    "review": "잊지말아야겠다. ㅠㅠ",
    "rating": "10",
    "date": "15.08.25"
  },
  {
    "review_id": "10274641",
    "movie_id": "102875",
    "author": "iqpw****",
    "review": "감동적인 내용도 많이 있지만, 실제보다 많이 미화된 부분이 있는 것 같아서 아쉽다.",
    "rating": "8",
    "date": "15.08.25"
  },
  {
    "review_id": "10274560",
    "movie_id": "102875",
    "author": "tank****",
    "review": "우리 아버지들의삶을 보여주는 영화",
    "rating": "8",
    "date": "15.08.25"
  },
  {
    "review_id": "10274123",
    "movie_id": "102875",
    "author": "ckdb****",
    "review": "6.25전쟁 당시 누구에게나 일어날수있었던이야기..진짜 감동적이고 슬프다",
    "rating": "10",
    "date": "15.08.25"
  },
  {
    "review_id": "10273896",
    "movie_id": "102875",
    "author": "ti_c****",
    "review": "감사합니다..고맙습니다...좋은영화 너무너무 잘만들어두셔서 잘보았습니다",
    "rating": "10",
    "date": "15.08.25"
  },
  {
    "review_id": "10273538",
    "movie_id": "102875",
    "author": "skyw****",
    "review": "이런게영화지~스토리구성배우들부족한게하나도없어^^",
    "rating": "10",
    "date": "15.08.25"
  },
  {
    "review_id": "10273090",
    "movie_id": "102875",
    "author": "lde3****",
    "review": "부모님 모시고 함께보기 좋은영화!",
    "rating": "8",
    "date": "15.08.25"
  },
  {
    "review_id": "10272889",
    "movie_id": "102875",
    "author": "wofr****",
    "review": "내용이너무좋아요.ㅎ",
    "rating": "9",
    "date": "15.08.25"
  },
  {
    "review_id": "10272623",
    "movie_id": "102875",
    "author": "sunb****",
    "review": "우리 아버지 어머니들의 이야기이다. 80년대 이후 생들은 아마 이렇게 느끼기가 쉽지 않겠지만. 이 영화를 보고 이념을 생각하는 사람들이 있다는 사실이 놀랍다.",
    "rating": "10",
    "date": "15.08.24"
  },
  {
    "review_id": "10271710",
    "movie_id": "102875",
    "author": "hooc****",
    "review": "전형적인 향수작극 for 우익s 영화",
    "rating": "7",
    "date": "15.08.24"
  },
  {
    "review_id": "10271186",
    "movie_id": "102875",
    "author": "ham9****",
    "review": "부모님과 함께 봤는데 정말 재밌게봤어요 부모님도 대만족!",
    "rating": "10",
    "date": "15.08.24"
  },
  {
    "review_id": "10268889",
    "movie_id": "102875",
    "author": "1004****",
    "review": "재밌습니다 툭히유아인 연기대박",
    "rating": "10",
    "date": "15.08.23"
  },
  {
    "review_id": "10268789",
    "movie_id": "102875",
    "author": "gael****",
    "review": "감동적이에요. 감사합니다 정말",
    "rating": "10",
    "date": "15.08.23"
  },
  {
    "review_id": "10268434",
    "movie_id": "102875",
    "author": "cg17****",
    "review": "정말 감동적입니다..",
    "rating": "9",
    "date": "15.08.23"
  },
  {
    "review_id": "10267916",
    "movie_id": "102875",
    "author": "gusd****",
    "review": "최고였네요 휴먼영화 ㅎㅎㅎ",
    "rating": "10",
    "date": "15.08.23"
  },
  {
    "review_id": "10266911",
    "movie_id": "102875",
    "author": "rhap****",
    "review": "굿굿굿  굿이예요~~~~^^",
    "rating": "10",
    "date": "15.08.23"
  },
  {
    "review_id": "10266597",
    "movie_id": "102875",
    "author": "win_****",
    "review": "가족들을 위해 희생했던 할아버지 세대의 모습을 엿볼 수 있었습니다. 감동",
    "rating": "8",
    "date": "15.08.23"
  },
  {
    "review_id": "10266389",
    "movie_id": "102875",
    "author": "kafk****",
    "review": "'아따 우덜이 이렇게 노오오력 했으니 젊은 니네들이 고생하는 건 고생도 아니다'이 말을 하고싶으셨나보다",
    "rating": "1",
    "date": "15.08.23"
  },
  {
    "review_id": "10265651",
    "movie_id": "102875",
    "author": "cmj2****",
    "review": "재미와 감동을 선사하는 넘 잘 만들어진 영화에요",
    "rating": "10",
    "date": "15.08.23"
  },
  {
    "review_id": "10265411",
    "movie_id": "102875",
    "author": "naru****",
    "review": "따땃하고 좋았어요ㅎㅎㅎ",
    "rating": "8",
    "date": "15.08.23"
  },
  {
    "review_id": "10265046",
    "movie_id": "102875",
    "author": "khe2****",
    "review": "좋은 영화다....ㅌㅌ",
    "rating": "10",
    "date": "15.08.23"
  },
  {
    "review_id": "10264903",
    "movie_id": "102875",
    "author": "2530****",
    "review": "너무너무재밌게보았습니다",
    "rating": "10",
    "date": "15.08.23"
  },
  {
    "review_id": "10264641",
    "movie_id": "102875",
    "author": "dbck****",
    "review": "더 열심히 살아야겠다 라는 생각이 듭니다. 지금 제가 살고 있는 세대는 매우 행복한 것  같아요.",
    "rating": "10",
    "date": "15.08.22"
  },
  {
    "review_id": "10264618",
    "movie_id": "102875",
    "author": "affa****",
    "review": "멋진영화!! 정말...효도해야겟어",
    "rating": "9",
    "date": "15.08.22"
  },
  {
    "review_id": "10264541",
    "movie_id": "102875",
    "author": "park****",
    "review": "추억을 가진사람들이기에 소중한 영화였습니다.",
    "rating": "10",
    "date": "15.08.22"
  },
  {
    "review_id": "10264401",
    "movie_id": "102875",
    "author": "szxc****",
    "review": "재밌었어요ㅎㅎ!!!!",
    "rating": "8",
    "date": "15.08.22"
  },
  {
    "review_id": "10264265",
    "movie_id": "102875",
    "author": "zizi****",
    "review": "ㅋㅋ영화를보고 실망했지만 댓글들이 너무 웃겨서 참는다",
    "rating": "1",
    "date": "15.08.22"
  },
  {
    "review_id": "10263745",
    "movie_id": "102875",
    "author": "monk****",
    "review": "가족의 진한 사랑이 느껴지는 영화였습니다.",
    "rating": "8",
    "date": "15.08.22"
  },
  {
    "review_id": "10263591",
    "movie_id": "102875",
    "author": "bja0****",
    "review": "제가 영화 속 사람처럼 느껴지며 보았습니다 연기도 너무 잘하시고 영화도 너무 잘 만들어진거같아요 정말 처음부터 끝도없이 울었네요ㅠ",
    "rating": "10",
    "date": "15.08.22"
  },
  {
    "review_id": "10263200",
    "movie_id": "102875",
    "author": "kimh****",
    "review": "정말 감동적이었습니다ㅠㅠ",
    "rating": "10",
    "date": "15.08.22"
  },
  {
    "review_id": "10262736",
    "movie_id": "102875",
    "author": "mool****",
    "review": "재미있게 보았습니다..",
    "rating": "1",
    "date": "15.08.22"
  },
  {
    "review_id": "10262637",
    "movie_id": "102875",
    "author": "catn****",
    "review": "영화 재미있더군 ... 근데  정치에 환장해서 거품  물고 달라드는 정치충들이 웰케 많아 ... ㄷㄷㄷ 정치 영화도 아닌데 ....  배경이 부산이라  지역감정 때문에 달라 드는 건가?",
    "rating": "10",
    "date": "15.08.22"
  },
  {
    "review_id": "10262372",
    "movie_id": "102875",
    "author": "hhka****",
    "review": "재밌었고 재미있었습니다",
    "rating": "10",
    "date": "15.08.22"
  },
  {
    "review_id": "10260582",
    "movie_id": "102875",
    "author": "kjy8****",
    "review": "할머니 할아버지 세대, 존경하고 감사합니다",
    "rating": "10",
    "date": "15.08.22"
  },
  {
    "review_id": "10259964",
    "movie_id": "102875",
    "author": "dlgh****",
    "review": "사서도쟈우즂ㅎ냐아규",
    "rating": "10",
    "date": "15.08.21"
  },
  {
    "review_id": "10259233",
    "movie_id": "102875",
    "author": "alis****",
    "review": "하정우 너무 멋져요10자",
    "rating": "10",
    "date": "15.08.21"
  },
  {
    "review_id": "10259224",
    "movie_id": "102875",
    "author": "baby****",
    "review": "부모님에 대한 고마움을 느꼈어요",
    "rating": "8",
    "date": "15.08.21"
  },
  {
    "review_id": "10258891",
    "movie_id": "102875",
    "author": "nhk0****",
    "review": "몰랐었던 그 시절.. 그 사람들..감동과 웃음이 있어 재밌게 관람했습니다",
    "rating": "6",
    "date": "15.08.21"
  },
  {
    "review_id": "10258293",
    "movie_id": "102875",
    "author": "skfo****",
    "review": "한번보러가세요 추천합니다",
    "rating": "10",
    "date": "15.08.21"
  },
  {
    "review_id": "10257737",
    "movie_id": "102875",
    "author": "last****",
    "review": "가정에서 아버지는 어머니의 위치를 절대 이길 수 없다. 돈 벌고 목숨 걸고 집에 들어오면 자식들은 '어머니'의 고통만 보려고하고, '아버지'의 고통은 보려고 하지 않기 때문이다.",
    "rating": "10",
    "date": "15.08.21"
  },
  {
    "review_id": "10257087",
    "movie_id": "102875",
    "author": "hshb****",
    "review": "아버지가 얼마나 고상하며 사셨는지 다시한번 일깨워 주었고 자식을 키우는 입장에서 정말 의미있는 영화였습니다",
    "rating": "10",
    "date": "15.08.21"
  },
  {
    "review_id": "10256606",
    "movie_id": "102875",
    "author": "stun****",
    "review": "소재는 좋았으나 약간의 억지 슬픔을 유도하는면이 있네요",
    "rating": "6",
    "date": "15.08.20"
  },
  {
    "review_id": "10256493",
    "movie_id": "102875",
    "author": "ener****",
    "review": "김무성 아들 나온 거 빼고 최고였다.",
    "rating": "10",
    "date": "15.08.20"
  },
  {
    "review_id": "10256380",
    "movie_id": "102875",
    "author": "free****",
    "review": "영화 내내 주인공에게 해주고싶 었던말을 영자가 하더라 당신인생인데 왜 당신은 없냐고",
    "rating": "7",
    "date": "15.08.20"
  },
  {
    "review_id": "10256287",
    "movie_id": "102875",
    "author": "binm****",
    "review": "좋아요 가족같이봐요   ㅎㅎㅎㅎ",
    "rating": "10",
    "date": "15.08.20"
  },
  {
    "review_id": "10256158",
    "movie_id": "102875",
    "author": "proc****",
    "review": "너무 너무 감동적인 영화였어요~!!",
    "rating": "10",
    "date": "15.08.20"
  },
  {
    "review_id": "10254772",
    "movie_id": "102875",
    "author": "1004****",
    "review": "우리아빠 이거보고 눈물흘리셨음",
    "rating": "10",
    "date": "15.08.20"
  },
  {
    "review_id": "10254382",
    "movie_id": "102875",
    "author": "0110****",
    "review": "이런 멋진 영화 만들어주셔서 감사합니다!",
    "rating": "10",
    "date": "15.08.20"
  },
  {
    "review_id": "10254362",
    "movie_id": "102875",
    "author": "0972****",
    "review": "웃음과 눈물이 있는 대 서사시. 감독에 대한 실망. 김윤진의 호연.",
    "rating": "6",
    "date": "15.08.20"
  },
  {
    "review_id": "10253751",
    "movie_id": "102875",
    "author": "xogn****",
    "review": "가족이랑 같이 봤는데 정말 좋았습니다. 이분들이 있었기에 지금의 저희가 있는게 아닌가 싶습니다",
    "rating": "9",
    "date": "15.08.20"
  },
  {
    "review_id": "10253722",
    "movie_id": "102875",
    "author": "dmsg****",
    "review": "황정민은그냔대박...세번봣어요",
    "rating": "10",
    "date": "15.08.20"
  },
  {
    "review_id": "10253691",
    "movie_id": "102875",
    "author": "jina****",
    "review": "정말 한국인의 감성을 잘 표현해낸 영화같습니다..",
    "rating": "9",
    "date": "15.08.20"
  },
  {
    "review_id": "10252153",
    "movie_id": "102875",
    "author": "ees0****",
    "review": "진짜 제가 아직 어려서 저런시절을 모르지만 이걸보면서 옛시절엔 이렇게 힘든걸 겪으면서 악착같이 살았는데 절보면서 후회도했어요. 10대이지만  우리 할머니때 정도면 저랬겠구나... 이런생각도들면서 웃기도 울기도했어요. 황정민배우가 나온건 다 좋아요ㅎㅎ",
    "rating": "10",
    "date": "15.08.19"
  },
  {
    "review_id": "10251636",
    "movie_id": "102875",
    "author": "kw20****",
    "review": "재미가 없다 재미가 없어",
    "rating": "1",
    "date": "15.08.19"
  },
  {
    "review_id": "10251598",
    "movie_id": "102875",
    "author": "bbor****",
    "review": "너무재미있습니다. ㅠㅠㅠ",
    "rating": "10",
    "date": "15.08.19"
  },
  {
    "review_id": "10251478",
    "movie_id": "102875",
    "author": "namh****",
    "review": "좋았심더. 옛 추억을 일깨워 주데요.",
    "rating": "8",
    "date": "15.08.19"
  },
  {
    "review_id": "10249929",
    "movie_id": "102875",
    "author": "sist****",
    "review": "책임감으로 희생한 삶을 보면서 느끼는생경하지만 또 어느가정에나 있기에 그리운감정, 휴머니즘 그이상도 이하도 아님 좋았다.",
    "rating": "9",
    "date": "15.08.18"
  },
  {
    "review_id": "10249566",
    "movie_id": "102875",
    "author": "beef****",
    "review": "왜인기많았는지..정말모르겠다",
    "rating": "1",
    "date": "15.08.18"
  },
  {
    "review_id": "10249458",
    "movie_id": "102875",
    "author": "jiny****",
    "review": "감정 쥐어짜기   채우기 십자",
    "rating": "6",
    "date": "15.08.18"
  },
  {
    "review_id": "10249232",
    "movie_id": "102875",
    "author": "jhnj****",
    "review": "감사합니다 아버지들 최고영화입니다!!",
    "rating": "10",
    "date": "15.08.18"
  },
  {
    "review_id": "10249095",
    "movie_id": "102875",
    "author": "hyeo****",
    "review": "평론가는 눈이 삐었나?  이런 명작을 5점주고",
    "rating": "10",
    "date": "15.08.18"
  },
  {
    "review_id": "10248902",
    "movie_id": "102875",
    "author": "soss****",
    "review": "재미있었어요 ~!ㅋㅋㅋ",
    "rating": "8",
    "date": "15.08.18"
  },
  {
    "review_id": "10248514",
    "movie_id": "102875",
    "author": "dkdl****",
    "review": "한국의 역사가 담겨있는 영화... 꽤나 감동적",
    "rating": "7",
    "date": "15.08.18"
  },
  {
    "review_id": "10248397",
    "movie_id": "102875",
    "author": "sood****",
    "review": "눈물이 줄줄줄 나는영화이지만 영화자체 완성도는 많이 떨어짐",
    "rating": "7",
    "date": "15.08.18"
  },
  {
    "review_id": "10248355",
    "movie_id": "102875",
    "author": "tkff****",
    "review": "평점 같은거 잘 안남기는대.. 영화 보고나서 처음으로 평점 남깁니다. 진짜 보는 내내 눈이 하~ 남자인대 눈물이 ~ 하 ... ㅜㅜ 아직 20대인대도 눈물이..  나이 있는 어르신들이 봤다면 얼마나 슬프고.. 자신과 공감대를 가진사람이 많을지..",
    "rating": "10",
    "date": "15.08.18"
  },
  {
    "review_id": "10248035",
    "movie_id": "102875",
    "author": "melo****",
    "review": "가족은 희생이다. 그러나 아름다운 희생이기에 그어느것보다 가치있다.",
    "rating": "7",
    "date": "15.08.18"
  },
  {
    "review_id": "10247666",
    "movie_id": "102875",
    "author": "peno****",
    "review": "살아오면서 눈물이 마른줄 알았는데 아니었네요 감사합니다..",
    "rating": "10",
    "date": "15.08.18"
  },
  {
    "review_id": "10247066",
    "movie_id": "102875",
    "author": "ptel****",
    "review": "아버지 세대를 이해할수 있어서 감동적이었습니다.",
    "rating": "10",
    "date": "15.08.17"
  },
  {
    "review_id": "10246955",
    "movie_id": "102875",
    "author": "pac9****",
    "review": "굿입니다재밌게잘봤어요",
    "rating": "10",
    "date": "15.08.17"
  },
  {
    "review_id": "10246883",
    "movie_id": "102875",
    "author": "khye****",
    "review": "최고의 영화...최고의 배우...",
    "rating": "10",
    "date": "15.08.17"
  },
  {
    "review_id": "10246434",
    "movie_id": "102875",
    "author": "7dea****",
    "review": "볼만했는데 9점급은 아님. 그냥 5~6점정도?",
    "rating": "1",
    "date": "15.08.17"
  },
  {
    "review_id": "10246401",
    "movie_id": "102875",
    "author": "w_mo****",
    "review": "꿀잼입니다. 재밌어요",
    "rating": "10",
    "date": "15.08.17"
  },
  {
    "review_id": "10246150",
    "movie_id": "102875",
    "author": "wlsa****",
    "review": "아버지에게 꼭 보여주고 싶은 영화",
    "rating": "9",
    "date": "15.08.17"
  },
  {
    "review_id": "10245661",
    "movie_id": "102875",
    "author": "abas****",
    "review": "부모님 모시고 가서 봄. 옛추억 떠올리며 즐거워하셨음",
    "rating": "9",
    "date": "15.08.17"
  },
  {
    "review_id": "10245312",
    "movie_id": "102875",
    "author": "dlwl****",
    "review": "굿굿 한국인이라면 무조건 볼수밖에 없는 영화",
    "rating": "9",
    "date": "15.08.17"
  },
  {
    "review_id": "10245309",
    "movie_id": "102875",
    "author": "wjh3****",
    "review": "펑펑울엇네....,.",
    "rating": "10",
    "date": "15.08.17"
  },
  {
    "review_id": "10244950",
    "movie_id": "102875",
    "author": "yyu7****",
    "review": "옛향수를 불러일으키고 연기좋았었요",
    "rating": "9",
    "date": "15.08.17"
  },
  {
    "review_id": "10243886",
    "movie_id": "102875",
    "author": "sans****",
    "review": "대한민국의 역사를 알고 이 영화를 보았다. 다들 박물관을 들려보시면 영화의 잔잔한감동을 또한번 느끼실거라 생각된다",
    "rating": "10",
    "date": "15.08.17"
  },
  {
    "review_id": "10243579",
    "movie_id": "102875",
    "author": "adiv****",
    "review": "나라가 힘이 없으면 국민들이 고생한다.",
    "rating": "7",
    "date": "15.08.17"
  },
  {
    "review_id": "10243126",
    "movie_id": "102875",
    "author": "sohe****",
    "review": "정말 가족을 위한 영화였다. '아버지에게 좀 더 잘해드려야 했는데...' 하는 생각이 들었다.",
    "rating": "10",
    "date": "15.08.16"
  },
  {
    "review_id": "10242848",
    "movie_id": "102875",
    "author": "fa71****",
    "review": "꿈을 포기하지마세요. 꿈이 없더라도, 자기 자신을 위한 삶을 살아요. 절대 이기적인게 아니니까.",
    "rating": "10",
    "date": "15.08.16"
  },
  {
    "review_id": "10242840",
    "movie_id": "102875",
    "author": "aldu****",
    "review": "평점을 등록하래서ㅎㅎ",
    "rating": "1",
    "date": "15.08.16"
  },
  {
    "review_id": "10242270",
    "movie_id": "102875",
    "author": "bonn****",
    "review": "너무너무감동적이었습니다",
    "rating": "10",
    "date": "15.08.16"
  },
  {
    "review_id": "10242213",
    "movie_id": "102875",
    "author": "zlxl****",
    "review": "재밌어요 ㅠ!할아버지할머니 이나라를위해 몸바쳐희생하시고정말 감사합니다 ㅠ",
    "rating": "10",
    "date": "15.08.16"
  },
  {
    "review_id": "10242041",
    "movie_id": "102875",
    "author": "tlsd****",
    "review": "정말재미있게 잘본  영화예요!",
    "rating": "10",
    "date": "15.08.16"
  },
  {
    "review_id": "10241827",
    "movie_id": "102875",
    "author": "dksz****",
    "review": "개쩜니다. 최고최고.ㅎㅎ",
    "rating": "10",
    "date": "15.08.16"
  },
  {
    "review_id": "10241207",
    "movie_id": "102875",
    "author": "dlch****",
    "review": "너무재밌어요 가족생각많이났어요~~",
    "rating": "10",
    "date": "15.08.16"
  },
  {
    "review_id": "10241059",
    "movie_id": "102875",
    "author": "lsc0****",
    "review": "내 일생 조국과 민족을위하여",
    "rating": "10",
    "date": "15.08.16"
  },
  {
    "review_id": "10240918",
    "movie_id": "102875",
    "author": "park****",
    "review": "최고의영화 감동적이었다",
    "rating": "10",
    "date": "15.08.16"
  },
  {
    "review_id": "10240760",
    "movie_id": "102875",
    "author": "west****",
    "review": "포레스트 검프를 너무  대놓고 베낀 영화....감독의 창의력이 아쉽다",
    "rating": "8",
    "date": "15.08.16"
  },
  {
    "review_id": "10240226",
    "movie_id": "102875",
    "author": "khr2****",
    "review": "슬프긴 한데 억지스러운 장면도 좀 있고 뭐 엄청 극찬하고 그럴만한 영화는 아닌데. 7점 정도",
    "rating": "7",
    "date": "15.08.16"
  },
  {
    "review_id": "10239934",
    "movie_id": "102875",
    "author": "pain****",
    "review": "부모님이랑 같이 봤는데 재밌었어요",
    "rating": "10",
    "date": "15.08.16"
  },
  {
    "review_id": "10238398",
    "movie_id": "102875",
    "author": "rucc****",
    "review": "황정민 있기에 7은 줬지만 사실 영화 보는 내내 별다른 생각을 못했다. 그냥...그저 그런 영화",
    "rating": "7",
    "date": "15.08.16"
  },
  {
    "review_id": "10238299",
    "movie_id": "102875",
    "author": "777v****",
    "review": "나에게 영화 별점을 처음으로 선택하게 만든 영화",
    "rating": "10",
    "date": "15.08.16"
  }
]