[
  {
    "review_id": "9831226",
    "movie_id": "102859",
    "author": "ske4****",
    "review": "저런 캐스팅으로 버틴거 보면 시간대빨이었던가?",
    "rating": "1",
    "date": "15.04.06"
  },
  {
    "review_id": "9441802",
    "movie_id": "102859",
    "author": "tjdg****",
    "review": "솔직히 시즌1이 전설이었지.",
    "rating": "1",
    "date": "14.12.02"
  },
  {
    "review_id": "9418727",
    "movie_id": "102859",
    "author": "hasi****",
    "review": "강호동이 그만둔 이후부터 재미가 없어짐",
    "rating": "1",
    "date": "14.11.24"
  },
  {
    "review_id": "8564751",
    "movie_id": "102859",
    "author": "jjoo****",
    "review": "주원나올때가그립다..",
    "rating": "10",
    "date": "14.03.09"
  },
  {
    "review_id": "8446520",
    "movie_id": "102859",
    "author": "rldn****",
    "review": "이승기, 은지원, 강호동 이 그립다...",
    "rating": "2",
    "date": "14.01.29"
  },
  {
    "review_id": "8385813",
    "movie_id": "102859",
    "author": "tn99****",
    "review": "시즌 2는 거의 안봤었지..",
    "rating": "5",
    "date": "14.01.15"
  },
  {
    "review_id": "8185676",
    "movie_id": "102859",
    "author": "qowh****",
    "review": "진짜 재미없다 시즌1이랑 비교가 않된다",
    "rating": "1",
    "date": "13.12.02"
  },
  {
    "review_id": "8165530",
    "movie_id": "102859",
    "author": "ison****",
    "review": "이제 성시경 안나오는구나... ㅠㅠ아쉽다...브레인 성시경 왜 빠졌나요??",
    "rating": "1",
    "date": "13.11.24"
  },
  {
    "review_id": "8149792",
    "movie_id": "102859",
    "author": "kthh****",
    "review": "성시경 마녀사냥에선 재밌더만 여기선 왜이리 씹망이냐",
    "rating": "1",
    "date": "13.11.18"
  },
  {
    "review_id": "8147781",
    "movie_id": "102859",
    "author": "thdw****",
    "review": "나pd하고 호동이행님이 있을때가 더좋았다...",
    "rating": "1",
    "date": "13.11.17"
  },
  {
    "review_id": "8146774",
    "movie_id": "102859",
    "author": "melo****",
    "review": "아이돌은 제발 안나오게하면 안되여? 나와두 광희나 그런애들이ㄴ나와야지 민호는 정말 아닌듯",
    "rating": "1",
    "date": "13.11.17"
  },
  {
    "review_id": "8132615",
    "movie_id": "102859",
    "author": "lhs7****",
    "review": "저번주는 팀별게임을 볼만했음 시즌 3 가되면 기존틀에 억매이지말고 시스템을 바꿔보세요  그리고 여자멤버는 꼭넣어주세요  남자4명 여자 두명이 좋겠음 자주 게스트써서 매주 신선한 느낌이 나게하세요",
    "rating": "6",
    "date": "13.11.11"
  },
  {
    "review_id": "8130516",
    "movie_id": "102859",
    "author": "lovi****",
    "review": "그릇도 안되는 넘이 모든 방송에서 너무 나댄다. 수근아 초심으로 돌아가라. 팬에서 안티로 돌아간 1인...",
    "rating": "1",
    "date": "13.11.10"
  },
  {
    "review_id": "8128172",
    "movie_id": "102859",
    "author": "wlsa****",
    "review": "프로그램이 신선함을 잃은지 오래... 시즌 1이 좋았음..  2때는 별다른 재미가..",
    "rating": "1",
    "date": "13.11.09"
  },
  {
    "review_id": "8124285",
    "movie_id": "102859",
    "author": "mb35****",
    "review": "시즌3 하지말고전면개편이 나을듯합니다 남은멤버도 예능감은 떨어지고 신선함도없어",
    "rating": "1",
    "date": "13.11.08"
  },
  {
    "review_id": "8121862",
    "movie_id": "102859",
    "author": "wjdt****",
    "review": "1박2일 화이팅 태현오빠 짱♥",
    "rating": "10",
    "date": "13.11.07"
  },
  {
    "review_id": "8118787",
    "movie_id": "102859",
    "author": "knul****",
    "review": "재..재밋는데??런닝맨보단 재밋던데...주원 하차하고 안볼려다가 다시봄ㅎㅎ근데 각자의 캐릭터가 없는건 사실..그리고 출연진하고 제작진들의 싸움?같은거 해보세여ㅜㅜ그럼 예전보단 잼잇을듯..ㅎ",
    "rating": "8",
    "date": "13.11.06"
  },
  {
    "review_id": "8112998",
    "movie_id": "102859",
    "author": "cat3****",
    "review": "한심하다.게임 하나로 도대체 얼마의 시간을 잡아먹냐.차라리 게임 프로로 바꾸지.좋은 프로하나 다 망쳐놨네",
    "rating": "1",
    "date": "13.11.03"
  },
  {
    "review_id": "8112969",
    "movie_id": "102859",
    "author": "pjw5****",
    "review": "진짜 맘에 안듬..성시경은 뭔 장난에 불같이 화를 내고,걍 시즌1이 낫네요..",
    "rating": "1",
    "date": "13.11.03"
  },
  {
    "review_id": "8105349",
    "movie_id": "102859",
    "author": "blue****",
    "review": "겁나 재밋음♥♥태현♥태웅♥시경 존잘 졸귀♥♥",
    "rating": "10",
    "date": "13.10.31"
  },
  {
    "review_id": "8095185",
    "movie_id": "102859",
    "author": "cola****",
    "review": "죤나 재밌는디멀ㅋㅋ 니들이방송하시든가요 이수근씨도 방송 재밌게하려고 애쓰시는게보이는데막말이라니ㅋㅋ",
    "rating": "10",
    "date": "13.10.27"
  },
  {
    "review_id": "8074783",
    "movie_id": "102859",
    "author": "jhse****",
    "review": "일박이일 그냥 짱이다♥",
    "rating": "10",
    "date": "13.10.20"
  },
  {
    "review_id": "8073745",
    "movie_id": "102859",
    "author": "baks****",
    "review": "인생이란,타이밍...사람이란,끝내야 할 순간.바로,끝을 낼때를 알아야 한다...",
    "rating": "2",
    "date": "13.10.20"
  },
  {
    "review_id": "8067549",
    "movie_id": "102859",
    "author": "eun0****",
    "review": "시즌2망했다 시즌1때 엠씨몽도있고 김씨도있고다있을때 김종민재대전이 최고였다그때는 재방을몇번이나봤는데",
    "rating": "1",
    "date": "13.10.18"
  },
  {
    "review_id": "8058340",
    "movie_id": "102859",
    "author": "chlc****",
    "review": "아 너무너무 재밌어요♥",
    "rating": "10",
    "date": "13.10.13"
  },
  {
    "review_id": "8040325",
    "movie_id": "102859",
    "author": "capa****",
    "review": "1박2일입이왜그렇게싸요?특히이수근어르신들한테그태도는뭐죠?이수근저희아빠도보기싫댑니다 그태도랑좀고쳐주고방송이나하세요",
    "rating": "1",
    "date": "13.10.06"
  },
  {
    "review_id": "8030023",
    "movie_id": "102859",
    "author": "song****",
    "review": "정말 가족끼리 많아 여행다녔지만 가보지 못했던 곳도 알려주고 정말 볼때마다 웃겨요..정말 1박 2일 팬이 된 기분이네요 1박2알 파이팅!!",
    "rating": "10",
    "date": "13.10.03"
  },
  {
    "review_id": "8013490",
    "movie_id": "102859",
    "author": "kjin****",
    "review": "이번주 재밌었어요화이팅하세요",
    "rating": "10",
    "date": "13.09.24"
  },
  {
    "review_id": "8010734",
    "movie_id": "102859",
    "author": "clio****",
    "review": "요즘 넘 잼있어지고 좋은걸요~화이팅입니다^^",
    "rating": "10",
    "date": "13.09.23"
  },
  {
    "review_id": "8008685",
    "movie_id": "102859",
    "author": "dudd****",
    "review": "시즌1때랑은 다른 매력이 있어서 좋은것 같아요ㅎㅎ 주원오빠 사랑해영♥",
    "rating": "10",
    "date": "13.09.22"
  },
  {
    "review_id": "8002538",
    "movie_id": "102859",
    "author": "pgs0****",
    "review": "솔직히 시즌1에 비할바는 아니지만 시즌2만의 재미도 있는데 평점너무 낮음",
    "rating": "10",
    "date": "13.09.20"
  },
  {
    "review_id": "7963269",
    "movie_id": "102859",
    "author": "ageb****",
    "review": "나름 잼나게 구성할려는 노력은 보입니다 차태현씨 웃는소리가 너무 귀에 거슬립니다 웃는소리에 채널이 돌아가요 방청객웃음소리도 많이들어가는데 차태현씨 웃는소리는 혼자 다한다는 것같아서 ~하여튼 넘 거슬립니다",
    "rating": "6",
    "date": "13.09.10"
  },
  {
    "review_id": "7961877",
    "movie_id": "102859",
    "author": "och3****",
    "review": "했던거 또하고~했던거 또하고~~사골도 이렇게 우려먹는다 이수근은 mc능력안돼고 성시경은 표정관리 못하고 엄태웅은 아직도 캐릭터 못잡고 김종민 예능감은 군대때로 다시돌아갔고  솔직히 유해진 주원 차태현은 1박2일에서 본인들 값어치 떨어트리고있다 접어라!",
    "rating": "1",
    "date": "13.09.09"
  },
  {
    "review_id": "7961010",
    "movie_id": "102859",
    "author": "hyun****",
    "review": "나PD가없어서그래요  꽃할배완전떴자나글구 예능프로가 딱정해진 엠씨가없어",
    "rating": "4",
    "date": "13.09.09"
  },
  {
    "review_id": "7959848",
    "movie_id": "102859",
    "author": "kong****",
    "review": "걍 다싫다",
    "rating": "1",
    "date": "13.09.08"
  },
  {
    "review_id": "7959579",
    "movie_id": "102859",
    "author": "odh6****",
    "review": "시즌2는 너무 지루함  그냥 여기저기 돌아다니면서 몸개그 하는 듯개그에는 소질없는 엄태웅,주원,성시경은좀 빼면 안되나? 주원,엄태웅은 연기를 잘하니까 연기만하고 성시경은 노래나하고 글고 솔직히 진짜 억지웃으임  넘 재없음",
    "rating": "3",
    "date": "13.09.08"
  },
  {
    "review_id": "7959236",
    "movie_id": "102859",
    "author": "wlst****",
    "review": "이거 1점도  주기  개   아까움",
    "rating": "1",
    "date": "13.09.08"
  },
  {
    "review_id": "7941480",
    "movie_id": "102859",
    "author": "fran****",
    "review": "아직도 하나보군.. 과거엔 대단했지..",
    "rating": "1",
    "date": "13.09.01"
  },
  {
    "review_id": "7922162",
    "movie_id": "102859",
    "author": "sbw7****",
    "review": "내가 알던 1박2일이 아냐 ㅠㅠㅠ",
    "rating": "1",
    "date": "13.08.25"
  },
  {
    "review_id": "7920777",
    "movie_id": "102859",
    "author": "lind****",
    "review": "일박이일졸잼♥",
    "rating": "10",
    "date": "13.08.25"
  },
  {
    "review_id": "7920214",
    "movie_id": "102859",
    "author": "whdd****",
    "review": "엄태웅왜나오냐 그냥하차해!!!",
    "rating": "3",
    "date": "13.08.25"
  },
  {
    "review_id": "7884021",
    "movie_id": "102859",
    "author": "kire****",
    "review": "스트투입시키면 시청률좀 올라갈까 기대하나본데,게스트문제가 아님!1박2일 작가들은 왜있나 모름 매번 수년전 진부한 소재와 늘 똑같은 게임 ...다른방송 모니터해보면 모르나 차이점을? !별하나도 아까움",
    "rating": "1",
    "date": "13.08.15"
  },
  {
    "review_id": "7875244",
    "movie_id": "102859",
    "author": "answ****",
    "review": "주원 오빠 폭풍애교 보여줘용 ㅋㅋ ♥♥♥♥ 주원 오빠 너무 너무 사랑해용 1박2일 화이팅!!",
    "rating": "10",
    "date": "13.08.13"
  },
  {
    "review_id": "7872082",
    "movie_id": "102859",
    "author": "knig****",
    "review": "개종민빼라 개오바하고 지살궁리만하는새끼차태현이 올려놓는시청률깎지좀마너만나오면돌려새꺄 차태현보다가제발나가라",
    "rating": "1",
    "date": "13.08.12"
  },
  {
    "review_id": "7871639",
    "movie_id": "102859",
    "author": "hyun****",
    "review": "아 김종민 진짜 개 나대네 패지기고 싶다",
    "rating": "4",
    "date": "13.08.12"
  },
  {
    "review_id": "7870767",
    "movie_id": "102859",
    "author": "cuyx****",
    "review": "시즌1은 별로 관심없어서 안봤고 시즌2부터 보기 시작했는데 너무 재밋어요><  멤버들도 좋구 정말 재밋는거 같아요♥♥ 1박2일 화이팅!!",
    "rating": "10",
    "date": "13.08.11"
  },
  {
    "review_id": "7866344",
    "movie_id": "102859",
    "author": "kjhm****",
    "review": "1박2일이 일요일 유일한 낙이였는데  엄태웅씨들어오면서  어색해지더니  주원 시경씨 들어오면서  캐릭터도 못잡고  더욱더 재미가 없네요 그냥 자기네들끼리 놀러온 느낌 .태웅씨와 주원은 그냥 드라마하는게 남한테 피해안주는것같아요",
    "rating": "2",
    "date": "13.08.10"
  },
  {
    "review_id": "7861085",
    "movie_id": "102859",
    "author": "wnek****",
    "review": "난 무지재미있던데 주원이형 드라마도챙겨보고있어요 ㅎㅎ",
    "rating": "10",
    "date": "13.08.09"
  },
  {
    "review_id": "7860219",
    "movie_id": "102859",
    "author": "zaz1****",
    "review": "진짜 재미 없다그냥 폐지해라",
    "rating": "1",
    "date": "13.08.08"
  },
  {
    "review_id": "7851167",
    "movie_id": "102859",
    "author": "dneh****",
    "review": "요즘 게스트에 의지하는거 같다?",
    "rating": "1",
    "date": "13.08.06"
  },
  {
    "review_id": "7849704",
    "movie_id": "102859",
    "author": "dleh****",
    "review": "솔직히 시즌1때 딱 끝냈어야 했다. 왜 좋을때 안끝내고 질질 끌고가서 우려먹고 결국엔 이렇게 인기가 없어지고. 과장안하고 지금 방송에서 시즌1 방송을 틀으면 시청률이 훨씬 잘 나올거라고 장담한다.",
    "rating": "1",
    "date": "13.08.06"
  },
  {
    "review_id": "7844762",
    "movie_id": "102859",
    "author": "hwan****",
    "review": "어쩌다 1박2일이.. 출연자만 웃고 즐거워하는 예능이 되어버린것인가! 애청자였던 1인으로 안타까움이...",
    "rating": "1",
    "date": "13.08.05"
  },
  {
    "review_id": "7841316",
    "movie_id": "102859",
    "author": "aoel****",
    "review": "다양한 시도를 함에도 어색하지 않고 재미있고 친근한 게임을 하여 부담스럽지도 않아서 더욱 쉽고 재미있게 다가오네요ㅎㅎ",
    "rating": "10",
    "date": "13.08.05"
  },
  {
    "review_id": "7841225",
    "movie_id": "102859",
    "author": "vulc****",
    "review": "성시경...이젠그만 나와라제발.....눈치도없냐??다른활동없어서 돈없어서 욕먹거도너오는거같은데....넌1박2일에도움이안대",
    "rating": "5",
    "date": "13.08.05"
  },
  {
    "review_id": "7818403",
    "movie_id": "102859",
    "author": "pen0****",
    "review": "잼끵",
    "rating": "10",
    "date": "13.08.02"
  },
  {
    "review_id": "7798055",
    "movie_id": "102859",
    "author": "chec****",
    "review": "폐지안하는게 더 신기",
    "rating": "1",
    "date": "13.07.29"
  },
  {
    "review_id": "7797321",
    "movie_id": "102859",
    "author": "dudq****",
    "review": "진심 노잼",
    "rating": "1",
    "date": "13.07.29"
  },
  {
    "review_id": "7797319",
    "movie_id": "102859",
    "author": "bria****",
    "review": "재미있다",
    "rating": "10",
    "date": "13.07.29"
  },
  {
    "review_id": "7796587",
    "movie_id": "102859",
    "author": "capa****",
    "review": "시즌1이그립다..",
    "rating": "1",
    "date": "13.07.29"
  },
  {
    "review_id": "7795849",
    "movie_id": "102859",
    "author": "kwon****",
    "review": "시청하는  시간이 넘아까울정도로 재미없고  그냥 이수근씨 저질레크레이션만  보다 끝나네요   제작진이 정신좀...",
    "rating": "1",
    "date": "13.07.28"
  },
  {
    "review_id": "7795366",
    "movie_id": "102859",
    "author": "swee****",
    "review": "재미없고 식상하기에  인기가 떨어지는 당연한 결과",
    "rating": "4",
    "date": "13.07.28"
  },
  {
    "review_id": "7792644",
    "movie_id": "102859",
    "author": "4770****",
    "review": "그립다...",
    "rating": "1",
    "date": "13.07.28"
  },
  {
    "review_id": "7787612",
    "movie_id": "102859",
    "author": "twsj****",
    "review": "0점주고싶다 시즌1이 더 재밋다 시즌2쓰래기",
    "rating": "1",
    "date": "13.07.26"
  },
  {
    "review_id": "7778275",
    "movie_id": "102859",
    "author": "zinn****",
    "review": "평점이니까 내마음 작성하는 거지.그렇게 안하면 왜달아요?참내",
    "rating": "1",
    "date": "13.07.23"
  },
  {
    "review_id": "7773793",
    "movie_id": "102859",
    "author": "patj****",
    "review": "가족들과 재미있게 보고 있고 맴버들간 우정을 느낄 수 있고 암튼 난 재밌어요",
    "rating": "10",
    "date": "13.07.22"
  },
  {
    "review_id": "7771003",
    "movie_id": "102859",
    "author": "jjjw****",
    "review": "재밌어요^^",
    "rating": "10",
    "date": "13.07.21"
  },
  {
    "review_id": "7768291",
    "movie_id": "102859",
    "author": "sxde****",
    "review": "예전이 더 좋았던",
    "rating": "3",
    "date": "13.07.20"
  },
  {
    "review_id": "7755229",
    "movie_id": "102859",
    "author": "cjsw****",
    "review": "빠순이 아줌마들.. 주원보고 평점 주지말고 프로그램보고 줘요..",
    "rating": "5",
    "date": "13.07.18"
  },
  {
    "review_id": "7751646",
    "movie_id": "102859",
    "author": "joow****",
    "review": "런닝맨보다가 각시탈때 주원오빠좋아하게되서 1박보는데 런닝맨보다 재밌다! 글고 재미없다고 욕하는 아가들! 그걸왜여기서 따져? 그런너네보다는 나으니까 그런말하지마^^ 어차피 런닝맨도 요즘 망했던데? 1박2일 열심해하세욧♡ 주원오빠 사랑해요♡♡",
    "rating": "10",
    "date": "13.07.17"
  },
  {
    "review_id": "7747570",
    "movie_id": "102859",
    "author": "imon****",
    "review": "일박이일 이제 다큐멘타리로 편성해야하는거 아닌가. 출연진도 웃기려고 방송 하려는것처럼 안보이는데. 타 프로그램은 성장하는반면 제자리걸음으로모잘라 퇴화하고있으니. 일요일 예능이라하기에 참 수준떨어지네요.",
    "rating": "1",
    "date": "13.07.16"
  },
  {
    "review_id": "7741475",
    "movie_id": "102859",
    "author": "azxc****",
    "review": "망함  지금피디 방송 일말고 딴걸 추천 해요",
    "rating": "1",
    "date": "13.07.14"
  },
  {
    "review_id": "7715547",
    "movie_id": "102859",
    "author": "taji****",
    "review": "진짜 잼없어요..이제 그만하시는게 어떨지요?",
    "rating": "3",
    "date": "13.07.07"
  },
  {
    "review_id": "7714018",
    "movie_id": "102859",
    "author": "jony****",
    "review": "주원♥ 난시즌1관심없어서 않봣는데.. 주원나오고 시즌2본다!난 2가더재밋는데ㅋ예능이 쉬운건아니잖아?",
    "rating": "10",
    "date": "13.07.07"
  },
  {
    "review_id": "7713270",
    "movie_id": "102859",
    "author": "para****",
    "review": "방송 재탕 삼탕 사탕 우려먹는구나",
    "rating": "1",
    "date": "13.07.07"
  },
  {
    "review_id": "7709691",
    "movie_id": "102859",
    "author": "aaeh****",
    "review": "점점 시청률 떨어지고 평점 바닥치는데에는 다 이유가 있는거다.옹호하시는 분들에겐 뭐라하기 쫌 그렇지만 몇년간 이 프로를 봐온 나로써는 이젠 지겹다..매주 새 예능 시스템을 내놓는 무도와 대조되는 부분이다.-이제 1박2일 좀 고쳐야 되지 않나.?",
    "rating": "1",
    "date": "13.07.06"
  },
  {
    "review_id": "7701839",
    "movie_id": "102859",
    "author": "kwon****",
    "review": "차라리 시즌1을 재방해 주세요..아니면 대대적인 맴버 교체..재미없는 가수, 연기자가 나와서 웃기지도못하고 전파 낭비만 하고 있네요...",
    "rating": "1",
    "date": "13.07.03"
  },
  {
    "review_id": "7691815",
    "movie_id": "102859",
    "author": "ksun****",
    "review": "왜 ?????피디가 문젠건지 왜??????지난 방송 재탕인 느낌인거지??컨셉을 잘못잡은듯차라리 출연진이 1박2일동안 전국다니면서 일반인이랑 겜을하는게 낫지이건뭐 연여인들",
    "rating": "1",
    "date": "13.06.30"
  },
  {
    "review_id": "7691005",
    "movie_id": "102859",
    "author": "qlmx****",
    "review": "않좋은덧글이많은데저는시즌1이나시즌2나재밌고특히거스트가별로나오지않아서좋아요(≥∀≤)/1박2일~화이팅~♥♥",
    "rating": "10",
    "date": "13.06.29"
  },
  {
    "review_id": "7650369",
    "movie_id": "102859",
    "author": "rlar****",
    "review": "시즌1에는 멤버들끼리호흡도잘맞고 유머감각도좋앗는데시즌2에서부터 점점 억지웃음이나고 예전에그맛이없어졋어요. 시즌1이그립습니다.",
    "rating": "1",
    "date": "13.06.17"
  },
  {
    "review_id": "7647360",
    "movie_id": "102859",
    "author": "educ****",
    "review": "시즌1일때는 재방까지 챙겨봤는데  시즌2부터는 볼려고해도 도저히 못보겠네요..조화도 안맞고 중국산짝퉁같고 맛없는 요리 섞어놓은 잡탕 같은 느낌이라고 할까..그냥 등장인물들이 웃는다고해서 재미있는것이 아닌데..억지웃음만 만든것같네요",
    "rating": "1",
    "date": "13.06.16"
  },
  {
    "review_id": "7643419",
    "movie_id": "102859",
    "author": "tkdr****",
    "review": "난 예능 중에 1박2일이 제일 웃긴데 사람들 평이 안 좋네요ㅠㅠㅠㅎ 근데... 다른 건 다 몰라도 게스트만은 제발 적당히 하기를.. 솔직히 게스트 안나올 때가 더 재미있는 듯.. 게스트는 다른 예능에서 많이 섭외하겠죠ㅠㅠ 1박2일은 1박2일답게...",
    "rating": "10",
    "date": "13.06.15"
  },
  {
    "review_id": "7620330",
    "movie_id": "102859",
    "author": "alas****",
    "review": "일요일 저녁 시간에 기대하며 즐겁게 보던 프로그램이었는데 뜬금없이 게스트들이 나와 분주하기만 하더니, 지난주부턴 소녀시대 윤아까지. 계속 내지르는 비명소리는 한주의 피로를 씻어주던 프로가 오히려 스트레스폭탄 맞는 기분이었어요.제발 초심지켜주세요",
    "rating": "2",
    "date": "13.06.09"
  },
  {
    "review_id": "7580217",
    "movie_id": "102859",
    "author": "ddm1****",
    "review": "시즌1때 각각의 우정 추억 감동 재미 소개 마치 모든걸 갖춘 한정식같다면 시즌2는 이러지리 섞어놓아 먹지못한 개밥같다고할까",
    "rating": "2",
    "date": "13.06.05"
  },
  {
    "review_id": "7577137",
    "movie_id": "102859",
    "author": "mokm****",
    "review": "솔직히 일박이일이 주말황금시간때 방영한다는게 이해가안감; 수준은 완전 이천년대 예능인데 솔직히 더럽게 재미없음;하긴 메인 엠씨감이 한명도 없는데.",
    "rating": "1",
    "date": "13.06.04"
  },
  {
    "review_id": "7576596",
    "movie_id": "102859",
    "author": "law8****",
    "review": "1박2일 참 재밌게 봤는데... 시즌 2의 가장 큰  폐인은 초심을 잃었다는 것이다. 대한민국 방방곡곡 다니면서 시청자와 함께하는게 아니라 출연진끼리만 노는 점이 참 달랐던거 같다",
    "rating": "6",
    "date": "13.06.03"
  },
  {
    "review_id": "7575008",
    "movie_id": "102859",
    "author": "rldu****",
    "review": "강호동 빠지고 재미완전없다그리고 김종민씨잇어도 강호동때문에봣는데지금은김종민때문에안봄  시청률떨어지니 게스트초대하고 박수칠때 떠나라는말이있듯이지금이 개편하기가장좋은시기새로운프로그램을 기대해본다",
    "rating": "1",
    "date": "13.06.03"
  },
  {
    "review_id": "7562384",
    "movie_id": "102859",
    "author": "bajj****",
    "review": "시즌2는 거의 대부분 망한다는 속설을 입증한 예능프로...시청률만 따지면 망했다 보긴어려우나, 전작에 비해선 확실히 망함...또한 반복되는 패턴의 지겨움과 복불복, 야외취침, 식비타기 게임등의 무한반복으로 지겹고 식상해짐 사람이바뀌면 패턴도 바뀌어야",
    "rating": "7",
    "date": "13.05.30"
  },
  {
    "review_id": "7561342",
    "movie_id": "102859",
    "author": "crys****",
    "review": "예전엔재미있게 봤는데,지금 중구난방인거같아요,메인mc 이수근씨인가요? 싫어하는건 아닌게무한도전처럼 원멤버로 가지 못한이상 이젠예전멤버는 교체가 있어야된다고봄.신선함도 없고,,전엔이수근씨 참좋아햇는데 점점 밉상으로 그려짐..ㅜㅜ1박2일 포맷 참 아쉽네요",
    "rating": "4",
    "date": "13.05.29"
  },
  {
    "review_id": "7561054",
    "movie_id": "102859",
    "author": "dkfm****",
    "review": "솔까 강호동 빠지고 거의 망한듯.. 메인MC가 빠지니 이수근씨가 그 자리를 채워야 한다는건 아는데 하는 행동이 눈살찌푸리게 만들어요. 전에는 성격좋게 유들하더니 요즘은 막말도 장난아니고 왜그러심? 진짜 보기 싫어요.",
    "rating": "4",
    "date": "13.05.29"
  },
  {
    "review_id": "7560577",
    "movie_id": "102859",
    "author": "kk99****",
    "review": "제발  김종민씨만 안나왔음  만점인데 ㅠ 너무 오바함? 제주위사람들은  김종민때문에 안본다는 사람 투성임",
    "rating": "8",
    "date": "13.05.29"
  },
  {
    "review_id": "7560327",
    "movie_id": "102859",
    "author": "bnm5****",
    "review": "왠 게스트가 나오는지 ........ 여자게스트 그만 나왔으면",
    "rating": "2",
    "date": "13.05.28"
  },
  {
    "review_id": "7559618",
    "movie_id": "102859",
    "author": "balb****",
    "review": "제작진의미흡함이갈수록느껴지네요빨리자리를찾으셔야할텐데?제가좋아하는프로라?좋은배경에인물클로즈업?긴장감없는게임(언제부턴가협상이당연)분명여행은했는데기억에별로안남는장소?갈수록여행지의저보도줄어드네요아무쪼록여행프로의기본은지키고가족모두가공감하는여행해주시길소",
    "rating": "6",
    "date": "13.05.28"
  },
  {
    "review_id": "7558281",
    "movie_id": "102859",
    "author": "park****",
    "review": "정말 재미없어졌어요~~이수근 김종민씨외에다른맴버들은수동적이고 너무올드하고 예능감없꼬~진짜 런닝맨하고 비교되요!!엄태웅 주원 성시경 박지성 닮은분  각자 본분을 찾아가셨음 ~참좋겠는데",
    "rating": "5",
    "date": "13.05.27"
  },
  {
    "review_id": "7557334",
    "movie_id": "102859",
    "author": "dmsg****",
    "review": "잼나요 잠깐 진짜사나이 봤는데 역시나 1박2일이 최고네요~ 근데 왜이렇게 미션을 바꿔요?ㅠ  제작진이 준 미션이 안되면 더 쉬운 미션으로 갈아타기.. 못하면 못하는데로 인정하지 자꾸 우기고.. 사정하고.. 초심을 잃은것같은 느낌!",
    "rating": "9",
    "date": "13.05.27"
  },
  {
    "review_id": "7555524",
    "movie_id": "102859",
    "author": "ckxo****",
    "review": "차태현오빠나오면재미있어요..>.<",
    "rating": "10",
    "date": "13.05.26"
  },
  {
    "review_id": "7550508",
    "movie_id": "102859",
    "author": "xkfx****",
    "review": "강호동 엠씨몽나간뒤로 재미없더라",
    "rating": "1",
    "date": "13.05.23"
  },
  {
    "review_id": "7545191",
    "movie_id": "102859",
    "author": "gksm****",
    "review": "진짜너무좋아요개개인의특성을좀더잘나타내고국내명소들을좀더잘찾아주고알려준다면더더좋을것같습니다",
    "rating": "10",
    "date": "13.05.20"
  },
  {
    "review_id": "7544215",
    "movie_id": "102859",
    "author": "skna****",
    "review": "드럽게재미없네진짜 강호동나올때가 피크였지",
    "rating": "1",
    "date": "13.05.20"
  },
  {
    "review_id": "7544096",
    "movie_id": "102859",
    "author": "hyok****",
    "review": "ㅉㅉㅉ, 예전 감독과 출연진들이 잘 한건 아니지만 지금은 좀 애쓰는것 같다",
    "rating": "1",
    "date": "13.05.20"
  },
  {
    "review_id": "7543903",
    "movie_id": "102859",
    "author": "ikch****",
    "review": "최고입니다",
    "rating": "10",
    "date": "13.05.20"
  }
]