[
  {
    "review_id": "9796676",
    "movie_id": "102860",
    "author": "ske4****",
    "review": "과감한 폐지에 박수를 보낸다!!",
    "rating": "1",
    "date": "15.03.21"
  },
  {
    "review_id": "9418724",
    "movie_id": "102860",
    "author": "hasi****",
    "review": "요즘들어 재미없네..",
    "rating": "1",
    "date": "14.11.24"
  },
  {
    "review_id": "9031221",
    "movie_id": "102860",
    "author": "kcm1****",
    "review": "해맑은 미소가 좋습니다.",
    "rating": "10",
    "date": "14.08.05"
  },
  {
    "review_id": "8750213",
    "movie_id": "102860",
    "author": "ari1****",
    "review": "홍일점 역을 톡톡히 해낸 지아~",
    "rating": "5",
    "date": "14.05.20"
  },
  {
    "review_id": "8662078",
    "movie_id": "102860",
    "author": "yeon****",
    "review": "애들도 다 너무 귀엽고 아빠들도 귀여워서 좋다♥",
    "rating": "10",
    "date": "14.04.20"
  },
  {
    "review_id": "8520283",
    "movie_id": "102860",
    "author": "coff****",
    "review": "준수와 지아,민국이와 준이,윤후와 민율이너무나 사랑스러운 우리 아빠어디가의 아이들 기분 좋습니다.",
    "rating": "10",
    "date": "14.02.19"
  },
  {
    "review_id": "8518984",
    "movie_id": "102860",
    "author": "merc****",
    "review": "시즌1이 그립다ㅠㅠㅠ",
    "rating": "10",
    "date": "14.02.18"
  },
  {
    "review_id": "8417040",
    "movie_id": "102860",
    "author": "tjdf****",
    "review": "정말 재밌었어요...시즌2도 기대할께요~^^",
    "rating": "10",
    "date": "14.01.23"
  },
  {
    "review_id": "8388153",
    "movie_id": "102860",
    "author": "kimj****",
    "review": "아이들의 동심은 해외에 나가지 않아도 어디서든 발휘된다고 생각합니다. 신선했던 처음 방송과는 달리 시청률을 위해 너무 어른들의 시각으로 만들어지는건 아닌가 합니다.",
    "rating": "4",
    "date": "14.01.16"
  },
  {
    "review_id": "8377218",
    "movie_id": "102860",
    "author": "k345****",
    "review": "좋아요 ㅎㅎ 성동일 아저씨 짱",
    "rating": "10",
    "date": "14.01.12"
  },
  {
    "review_id": "8376548",
    "movie_id": "102860",
    "author": "gkdm****",
    "review": "ㅠㅠ 아빠어디가시즌 1이끝나내요ㅜㅜ준수랑 지아가없으면 섭섭할텐데...ㅜㅜ그리고 지아 동생 지욱이! 준수랑 정말 둘이 잘맞는데..ㅜㅜ 지아랑 준수없으면 시르다!",
    "rating": "9",
    "date": "14.01.12"
  },
  {
    "review_id": "8357818",
    "movie_id": "102860",
    "author": "gd00****",
    "review": "아빠어디가1이 끝나는게 넘 아쉬워요ㅠㅠ개인적으로 탁수 준수 나올때마다 진짜 즐거웠는데 못보게 된다니..그래도 민율이랑 빈이,후가 있어서 다행이네요ㅎ시즌2도 기대할게요!",
    "rating": "10",
    "date": "14.01.07"
  },
  {
    "review_id": "8356851",
    "movie_id": "102860",
    "author": "syp7****",
    "review": "아빠 어디가 시즌1을끝난다고 생각하니깐 너무아쉬워요우리준수보고싶어서 어떡해요 난준수가 남자다움의모습을보여줬고 나름애교도 보여줬었는데 막상준수가 나간다고하니깐 너무아쉬워용ㅠㅠ",
    "rating": "10",
    "date": "14.01.06"
  },
  {
    "review_id": "8355417",
    "movie_id": "102860",
    "author": "mjh1****",
    "review": "이별할 시간이 점점 다가오네요~이렇게 예쁜 애들을 어떻게 보내나? >.,< 이별하기엔 넘 정이 많이들어버렸네요~준수랑 지아랑 계속 하길 바랐는데,,,이 이쁜 미소를 다시 못본다니 벌써부터 슬퍼져,,빈이랑 민율이 후는 계속 볼 수 있어 천만다행인~^^",
    "rating": "10",
    "date": "14.01.06"
  },
  {
    "review_id": "8355101",
    "movie_id": "102860",
    "author": "hjun****",
    "review": "힐링되는 프로그램~~",
    "rating": "10",
    "date": "14.01.06"
  },
  {
    "review_id": "8354815",
    "movie_id": "102860",
    "author": "tkdz****",
    "review": "짱재밋어오♥♥♥애들하나같이 넘 이쁘구착하구 ㅠㅠㅠ시즌2기대되네요~~~~ㅎㅎ",
    "rating": "10",
    "date": "14.01.06"
  },
  {
    "review_id": "8345341",
    "movie_id": "102860",
    "author": "joo9****",
    "review": "._8!8!;3.!,",
    "rating": "1",
    "date": "14.01.03"
  },
  {
    "review_id": "8331187",
    "movie_id": "102860",
    "author": "foxm****",
    "review": "아이들의 순수성을 잃을까봐 걱정되지만~~그것도 성장하는 과정이겠지요~가수 션의 아들도 함께 해주세요~~",
    "rating": "8",
    "date": "13.12.31"
  },
  {
    "review_id": "8324635",
    "movie_id": "102860",
    "author": "joam****",
    "review": "혜택받은 아이들의 그저평범한 모습이 그렇지못한아이들과부모는 가슴으로 울며 또가슴절임으로 미안해하며 또다른세상을 보고있습니다...",
    "rating": "1",
    "date": "13.12.30"
  },
  {
    "review_id": "8321201",
    "movie_id": "102860",
    "author": "ww95****",
    "review": "아이들너무이쁘고윤후 준이 준수 민국이 지아 다들너무이뻐요^^이뿐아이들네티즌욕글보지말구항상착하고이쁘고순수하길바래요 아이들화이팅!!♡♡",
    "rating": "10",
    "date": "13.12.29"
  },
  {
    "review_id": "8319878",
    "movie_id": "102860",
    "author": "ysw2****",
    "review": "내가보기엔 지루하고 별루다. 일밤이 진짜사나이만 했으면 시청률더많이 올랐을텐데,,아빠. 어디가 땜시 다른거보다가 안보게된다.",
    "rating": "2",
    "date": "13.12.29"
  },
  {
    "review_id": "8278386",
    "movie_id": "102860",
    "author": "bear****",
    "review": "정말아이들누구하나빼놓지않고너무예뻐요^*^",
    "rating": "10",
    "date": "13.12.23"
  },
  {
    "review_id": "8274010",
    "movie_id": "102860",
    "author": "pink****",
    "review": "너무 귀엽기도하고 웃기다^^ ...근데송지아는 왜 트래비스한테그래?  트래비스가 무슨죄?",
    "rating": "5",
    "date": "13.12.22"
  },
  {
    "review_id": "8273253",
    "movie_id": "102860",
    "author": "woow****",
    "review": "마지막까지,꼭 볼께요!화이팅^^",
    "rating": "10",
    "date": "13.12.22"
  },
  {
    "review_id": "8269214",
    "movie_id": "102860",
    "author": "ahnc****",
    "review": "다들 애들이 말잘해서 징그럽다..",
    "rating": "1",
    "date": "13.12.22"
  },
  {
    "review_id": "8202337",
    "movie_id": "102860",
    "author": "woal****",
    "review": "세상에 이렇게 이쁜아가들이있다니!! 준수야매력넘친다잉",
    "rating": "10",
    "date": "13.12.09"
  },
  {
    "review_id": "8189556",
    "movie_id": "102860",
    "author": "chyy****",
    "review": "성동일딸 시르다...참",
    "rating": "1",
    "date": "13.12.04"
  },
  {
    "review_id": "8165716",
    "movie_id": "102860",
    "author": "rnjs****",
    "review": "완전 재미있어요!!!ㅎㅎㅎ 아이들도 귀엽고 아빠들도 아이들에게 잘해주는 모습이보기 좋아용ㅎㅎ 재가 여태까지 봤던중 프로그램중 최고인것 같음!ㅎ^^",
    "rating": "10",
    "date": "13.11.24"
  },
  {
    "review_id": "8165405",
    "movie_id": "102860",
    "author": "chl8****",
    "review": "많이들성장한 모습들이 대견스럽네여~~",
    "rating": "10",
    "date": "13.11.24"
  },
  {
    "review_id": "8145519",
    "movie_id": "102860",
    "author": "thsw****",
    "review": "아빠어디가~^^짱 겁나 잼있어요~~ 아빠어디가 대박나세요~~ㅋㅋ",
    "rating": "10",
    "date": "13.11.16"
  },
  {
    "review_id": "8134984",
    "movie_id": "102860",
    "author": "etzz****",
    "review": "후요미♥♥윤민수 >_<항상파팅^.^",
    "rating": "10",
    "date": "13.11.13"
  },
  {
    "review_id": "8128768",
    "movie_id": "102860",
    "author": "rhkr****",
    "review": "윤후 빼고는 다 좋은데 윤후는 시러요",
    "rating": "9",
    "date": "13.11.09"
  },
  {
    "review_id": "8122597",
    "movie_id": "102860",
    "author": "deff****",
    "review": "일밤 깨끗하고 순수하지만 모르겠어 재미면에서는 나한테는 별로야...",
    "rating": "2",
    "date": "13.11.07"
  },
  {
    "review_id": "8114187",
    "movie_id": "102860",
    "author": "asic****",
    "review": "아이귀여웡!!!시즌2도기대되긴하지만 아쉬워욤",
    "rating": "10",
    "date": "13.11.04"
  },
  {
    "review_id": "8113332",
    "movie_id": "102860",
    "author": "wjdd****",
    "review": "아빠어디가2 나온다고ㅠ하는데 오리지널 친구들이 너무정들어서 보내기싫어요 ㅠㅠ 안되여!!ㅍ!!!이대로 중학생까지..ㅎㅎ진짜 아빠어디가는 가식이없고 순수예능♥제가족의 힐링프로>_<쀼♡지아준수윤후민국준♡",
    "rating": "10",
    "date": "13.11.03"
  },
  {
    "review_id": "8096461",
    "movie_id": "102860",
    "author": "maxl****",
    "review": "매주 나의 힐링 프로그램ㅎㅎ",
    "rating": "10",
    "date": "13.10.28"
  },
  {
    "review_id": "8094783",
    "movie_id": "102860",
    "author": "skdh****",
    "review": "윤민수님과 후는 왜안나와여???",
    "rating": "10",
    "date": "13.10.27"
  },
  {
    "review_id": "8094613",
    "movie_id": "102860",
    "author": "ygs4****",
    "review": "빨리 봤으면 좋겠다...!!!!",
    "rating": "10",
    "date": "13.10.27"
  },
  {
    "review_id": "8093649",
    "movie_id": "102860",
    "author": "zzaa****",
    "review": "이제 지루하다... 애들이 방송을 아는거같다",
    "rating": "1",
    "date": "13.10.27"
  },
  {
    "review_id": "8081590",
    "movie_id": "102860",
    "author": "keje****",
    "review": "상귀요미 준쮸~~~♡♡♡항상 본방사수해요~~아빠들과 다섯아이들 언제나 응원해요~~~~",
    "rating": "10",
    "date": "13.10.23"
  },
  {
    "review_id": "8076720",
    "movie_id": "102860",
    "author": "dssa****",
    "review": "무도랑 이것만 봄ㅋ 앞으로 쭉 봣음 좋겟넹ㅠ",
    "rating": "10",
    "date": "13.10.21"
  },
  {
    "review_id": "8075290",
    "movie_id": "102860",
    "author": "skss****",
    "review": "준수 화이팅. ㅇ오솟실ㅇ",
    "rating": "10",
    "date": "13.10.20"
  },
  {
    "review_id": "8058311",
    "movie_id": "102860",
    "author": "bomb****",
    "review": "송종국 완전 어이상실 저번에 둥글개둥글개놀이할때 준수버리고 지아잡고 지산다고 후버리고 이런말함 승부는냉정하다 무인도편에서 후가 지아 얼음물 뿌려주는대 눈겁나 찌부려서 째려보고 수건돌리기 할때 지아 못잡게 팔치우고 딸바보가 딸을 바보로만듬ㅉㅉㅉ...",
    "rating": "1",
    "date": "13.10.13"
  },
  {
    "review_id": "8052271",
    "movie_id": "102860",
    "author": "gong****",
    "review": "준수야 사릉해♥애들 다너무이쁨",
    "rating": "10",
    "date": "13.10.11"
  },
  {
    "review_id": "8045491",
    "movie_id": "102860",
    "author": "makj****",
    "review": "송종국때문에 화가난다..지욱이 존나 차별",
    "rating": "1",
    "date": "13.10.08"
  },
  {
    "review_id": "8044914",
    "movie_id": "102860",
    "author": "dltj****",
    "review": "사람들이왜저러지 . 민국이좋은데 민국이같은애들이잇어야 프로그렘이돌아가지",
    "rating": "10",
    "date": "13.10.08"
  },
  {
    "review_id": "8044637",
    "movie_id": "102860",
    "author": "jyou****",
    "review": "민국이는 이제 컸으니,고만 나왔으면..민율이 나왔으면 좋겠다요^^ 민율이 넘귀엽다요ㅎ",
    "rating": "7",
    "date": "13.10.08"
  },
  {
    "review_id": "8040306",
    "movie_id": "102860",
    "author": "ilov****",
    "review": "요샌진짜 준수때매 사는거같네 ㅎ",
    "rating": "10",
    "date": "13.10.06"
  },
  {
    "review_id": "8040036",
    "movie_id": "102860",
    "author": "wjdg****",
    "review": "뒤늦게 너무 빠졌어용ㅋㅋㅋ난솔직히 민국이빼고다좋음",
    "rating": "10",
    "date": "13.10.06"
  },
  {
    "review_id": "8037670",
    "movie_id": "102860",
    "author": "iwil****",
    "review": "아이들 너무 귀엽고 예쁘다~~",
    "rating": "10",
    "date": "13.10.05"
  },
  {
    "review_id": "8035447",
    "movie_id": "102860",
    "author": "icw1****",
    "review": "다양한 게임을 준비하실듯 합니다..  요즘대새인 관찰예능이 많이 늘어나고있어요",
    "rating": "3",
    "date": "13.10.04"
  },
  {
    "review_id": "8009825",
    "movie_id": "102860",
    "author": "wsws****",
    "review": "너무 재밋고 애들이 너무 귀여워욬ㅋㅋㅋ",
    "rating": "10",
    "date": "13.09.22"
  },
  {
    "review_id": "8001744",
    "movie_id": "102860",
    "author": "k741****",
    "review": "요즘 애들한테 악플다는 인간들이 너무 많네요 남을미워해서 나에게 돌아오는것은 아무것도 없다 이런 얘기를 아시나요? 애들에게 악플달아서 본인에게 돌아오는것은 뭐죠? 나이 먹었으면 곱게 살아야죠 정신차리세요!",
    "rating": "10",
    "date": "13.09.20"
  },
  {
    "review_id": "7991737",
    "movie_id": "102860",
    "author": "akbj****",
    "review": "볼만한거같습니다다만 김민국 애들있을땐 대장놀이하고 자기맘에안들때 쳐우는건 꼴보기싫습니다",
    "rating": "8",
    "date": "13.09.18"
  },
  {
    "review_id": "7942423",
    "movie_id": "102860",
    "author": "dhdn****",
    "review": "내평점?일욜만대면 항상챙겨보는 아빠어디가~진짜재미나요!!!!!와짱임..1박2일 담으로 재미로보는프로그램 !!!! 담주를 기대하겟습니다!!!그리구형제특집 한번더해욧!!! ㅎㅎㅎ 민율이보고파~~민율이긔엽자나영 ㅎㅎ",
    "rating": "10",
    "date": "13.09.02"
  },
  {
    "review_id": "7941454",
    "movie_id": "102860",
    "author": "gcd8****",
    "review": "의외로 재밌네 별로 기대 안 했는데",
    "rating": "10",
    "date": "13.09.01"
  },
  {
    "review_id": "7922704",
    "movie_id": "102860",
    "author": "chj9****",
    "review": "애기들 전부 다 귀여워요♥♥이 프로보면서 나도 모르게 계속 귀엽다는 말이 튀어나와><",
    "rating": "10",
    "date": "13.08.25"
  },
  {
    "review_id": "7914548",
    "movie_id": "102860",
    "author": "sj79****",
    "review": "9점..  빈이 들어오면 10점빈이 계속 나왔으연좋겠는데...안될까요?빈이나올때마다 계속 크게웃었어요돌려보고 너무 너무 이쁘네요..너무 사랑스러워요",
    "rating": "9",
    "date": "13.08.23"
  },
  {
    "review_id": "7910997",
    "movie_id": "102860",
    "author": "gmlw****",
    "review": "믿음직한민국♥개구쟁이민수아빠와후♥지혜로운준이♥장난꾸러기종혁아빠와겸둥이준수♥딸만감싸고 쩔쩔매는찌질이아빠종국과얄미운지아...",
    "rating": "10",
    "date": "13.08.22"
  },
  {
    "review_id": "7909407",
    "movie_id": "102860",
    "author": "jmy1****",
    "review": "아이들모두진짜너무귀엽다~~재밌어요! 보고있으면 마음이 정화되는느낌ㅎ",
    "rating": "10",
    "date": "13.08.21"
  },
  {
    "review_id": "7902421",
    "movie_id": "102860",
    "author": "csdv****",
    "review": "갠적으로 재미 앖음~~~",
    "rating": "1",
    "date": "13.08.19"
  },
  {
    "review_id": "7895784",
    "movie_id": "102860",
    "author": "sony****",
    "review": "애기들넘넘귀여우♥짱재미있다",
    "rating": "10",
    "date": "13.08.17"
  },
  {
    "review_id": "7891303",
    "movie_id": "102860",
    "author": "gath****",
    "review": "굳",
    "rating": "10",
    "date": "13.08.16"
  },
  {
    "review_id": "7887082",
    "movie_id": "102860",
    "author": "jsj1****",
    "review": "한편당10번이상은본듯.. 본방사수꼭하려는1인,민국이,후 안티땜에기도안찼지만, 또..약간 소재의한계가있다고느낄때두있지만그건조금씩아이디어를더짜서채워넣음되고애들욕하는것들은무시하면되고,인간적으로나는너무재밌고입가에때묻지않은웃음이절로나는힐링프로같으다,화이팅!!",
    "rating": "10",
    "date": "13.08.15"
  },
  {
    "review_id": "7879168",
    "movie_id": "102860",
    "author": "aasu****",
    "review": "굿!!",
    "rating": "10",
    "date": "13.08.14"
  },
  {
    "review_id": "7877361",
    "movie_id": "102860",
    "author": "dlgu****",
    "review": "이 프로그램을 보면 볼수록 빨리 결혼해서 애낳고 싶다는 생각이 드네 ㅋㅋㅋ꿀잼",
    "rating": "10",
    "date": "13.08.14"
  },
  {
    "review_id": "7870815",
    "movie_id": "102860",
    "author": "kitt****",
    "review": "굳굳굳굳굳굳",
    "rating": "10",
    "date": "13.08.12"
  },
  {
    "review_id": "7855506",
    "movie_id": "102860",
    "author": "mh_0****",
    "review": "굿굿bbbbb",
    "rating": "10",
    "date": "13.08.07"
  },
  {
    "review_id": "7853184",
    "movie_id": "102860",
    "author": "thdd****",
    "review": "애들중에서 준수가 제일 귀여워^^특히 이번일요일날 농촌체험하러가기전 사과머리가 잘어울림 너무 귀여워요 준수가 제~~일  짱",
    "rating": "10",
    "date": "13.08.07"
  },
  {
    "review_id": "7850383",
    "movie_id": "102860",
    "author": "widu****",
    "review": "난후,준,민국,지아,준수,민율,지욱,빈중에서민율,지아,빈,준수,준,후가제일좋아.그래서아빠어디가에나가고싶어.나가면지아를만나고싶어.만약에내가지아언니가되고싶다.",
    "rating": "10",
    "date": "13.08.06"
  },
  {
    "review_id": "7839904",
    "movie_id": "102860",
    "author": "fksg****",
    "review": "내삶의낙ㅠㅠㅠㅠㅠㅠㅠㅠ너무재밌어요..일요일이기다려지네요!!!!ㅠㅠㅠㅠㅠ아빠!어디가?화이팅ㅠㅠㅠㅠ계속흥하길♥",
    "rating": "10",
    "date": "13.08.04"
  },
  {
    "review_id": "7820973",
    "movie_id": "102860",
    "author": "lees****",
    "review": "준수,준이,윤후♥,지아,너무하나같이귀여워병아리처럼깜찍해특히윤후♥ 귀여워내가죽을것같아♥♥준수도귀여웡~♥♥^^아빠어디가계속했으면좋겠다~♥♥지아,준수,준이,윤후는 고정 누가뭐래도고정!",
    "rating": "10",
    "date": "13.08.02"
  },
  {
    "review_id": "7803446",
    "movie_id": "102860",
    "author": "road****",
    "review": "재밌음",
    "rating": "10",
    "date": "13.07.31"
  },
  {
    "review_id": "7800162",
    "movie_id": "102860",
    "author": "zinn****",
    "review": "후 귀옆다~~~",
    "rating": "10",
    "date": "13.07.30"
  },
  {
    "review_id": "7799429",
    "movie_id": "102860",
    "author": "nana****",
    "review": "좋음",
    "rating": "10",
    "date": "13.07.30"
  },
  {
    "review_id": "7796100",
    "movie_id": "102860",
    "author": "as78****",
    "review": "다좋은데 유선도아닌데지역방송해서재방송보고싶어도못봐요ㅠㅠ그러니까재방송볼수있게끔해주세요",
    "rating": "10",
    "date": "13.07.29"
  },
  {
    "review_id": "7795944",
    "movie_id": "102860",
    "author": "dbsg****",
    "review": "십짐만점에십점이엿는뎅 아빠어디가♥ 민휼이나온뒤부터민율이고정시켜주면좋겟어요 김민율고정♥",
    "rating": "8",
    "date": "13.07.28"
  },
  {
    "review_id": "7790904",
    "movie_id": "102860",
    "author": "tnse****",
    "review": "넘넘 재밌어요~~~매주 기대 만발~~!!",
    "rating": "10",
    "date": "13.07.27"
  },
  {
    "review_id": "7786336",
    "movie_id": "102860",
    "author": "yrso****",
    "review": "너무재미있어요",
    "rating": "10",
    "date": "13.07.26"
  },
  {
    "review_id": "7784661",
    "movie_id": "102860",
    "author": "wjsa****",
    "review": "준수 귀요미..ㅋㅋ 예쁘고건강하게크세염ㅋㅋ",
    "rating": "10",
    "date": "13.07.25"
  },
  {
    "review_id": "7771703",
    "movie_id": "102860",
    "author": "seam****",
    "review": "귀요미들 이쁘게 커줬으면 ㅋㅋㅋ",
    "rating": "10",
    "date": "13.07.21"
  },
  {
    "review_id": "7768924",
    "movie_id": "102860",
    "author": "coee****",
    "review": "내용 다 똑같고 재비없다",
    "rating": "1",
    "date": "13.07.20"
  },
  {
    "review_id": "7760965",
    "movie_id": "102860",
    "author": "chei****",
    "review": "Good!",
    "rating": "10",
    "date": "13.07.19"
  },
  {
    "review_id": "7754335",
    "movie_id": "102860",
    "author": "zxvk****",
    "review": "걍  처바라  먼  말이많노  ㅅㅂ  지아  짱!!",
    "rating": "10",
    "date": "13.07.18"
  },
  {
    "review_id": "7749053",
    "movie_id": "102860",
    "author": "thdw****",
    "review": "^^",
    "rating": "10",
    "date": "13.07.16"
  },
  {
    "review_id": "7744680",
    "movie_id": "102860",
    "author": "bibi****",
    "review": "다섯 아이들 모두 사랑스럽고~~!! 예뻐서 매주 챙겨 봅니다~~!! 준이 는  얼굴도 잘생겼는대 글씨도 넘 이뿌게 또박또박 쓰니~~~성선비~~!!!맞음 ㅋ",
    "rating": "10",
    "date": "13.07.15"
  },
  {
    "review_id": "7740738",
    "movie_id": "102860",
    "author": "haid****",
    "review": "ASKY 우덜은 전라도PD 프로그램 안 본당께",
    "rating": "1",
    "date": "13.07.14"
  },
  {
    "review_id": "7740314",
    "movie_id": "102860",
    "author": "rkdd****",
    "review": "준숰ㅋㅋ매력잇다능  처음에는윤후에빠져엇는데이제는매력잇는준수에빠졋읔크",
    "rating": "10",
    "date": "13.07.14"
  },
  {
    "review_id": "7739055",
    "movie_id": "102860",
    "author": "tiny****",
    "review": "내가 유일하게 챙겨보는 프로그램! 순수한 아이들의 모습이 넘 보기좋다",
    "rating": "10",
    "date": "13.07.14"
  },
  {
    "review_id": "7736291",
    "movie_id": "102860",
    "author": "ddim****",
    "review": "최고의 힐링 프로그램~♥ 아빠어디가에 나오는 아이들은 어떻게 하나같이 다 천사같고 예쁘죠?ㅠㅠ? 넘 사랑스런 이 아이들이 항상 지금처럼 밝고 건강하게 자라기를! 아빠들의 아이를 향한 사랑도 매번 마음을 참 따뜻하게 해주네요 고마워요 아빠어디가ㅠㅠ!",
    "rating": "10",
    "date": "13.07.13"
  },
  {
    "review_id": "7729851",
    "movie_id": "102860",
    "author": "jyej****",
    "review": "귀요미들ㅎㅎㅎ",
    "rating": "10",
    "date": "13.07.12"
  },
  {
    "review_id": "7717884",
    "movie_id": "102860",
    "author": "tjhy****",
    "review": "민율이 너무 귀여워요~민국이와 함께 고정햇으면 좋겟어요 성선비 준이도 너무 이쁘고~~",
    "rating": "10",
    "date": "13.07.08"
  },
  {
    "review_id": "7715985",
    "movie_id": "102860",
    "author": "wlsr****",
    "review": "아이들이 다 너무 이쁨ㅠㅠ",
    "rating": "10",
    "date": "13.07.07"
  },
  {
    "review_id": "7715774",
    "movie_id": "102860",
    "author": "kyou****",
    "review": "민율이 넘넘 귀여워요~~민국이랑  같이 나오게 해주세욤",
    "rating": "10",
    "date": "13.07.07"
  },
  {
    "review_id": "7715459",
    "movie_id": "102860",
    "author": "hml0****",
    "review": "최고!최고!  일요일 오후가 기다려져요  애기들 모습에 흡뻑 빠져서 지냅니다  아빠와 애기들 아옹다옹 여행기  그조그만입에서  톡톡튀는 발언  주마다 기대돼요",
    "rating": "10",
    "date": "13.07.07"
  },
  {
    "review_id": "7715422",
    "movie_id": "102860",
    "author": "sih7****",
    "review": "애들 너무 귀엽다ㅠㅜ",
    "rating": "10",
    "date": "13.07.07"
  },
  {
    "review_id": "7714206",
    "movie_id": "102860",
    "author": "kje2****",
    "review": "준이랑후랑준수 너무기여워영~♡",
    "rating": "10",
    "date": "13.07.07"
  },
  {
    "review_id": "7709586",
    "movie_id": "102860",
    "author": "lso_****",
    "review": "확실히 애들도 귀엽고 재밌는데 아무래도 아이들이 주인공이다보니 너무 방송이 평화롭고 잔잔해서 살짝 아쉬움",
    "rating": "5",
    "date": "13.07.06"
  },
  {
    "review_id": "7699799",
    "movie_id": "102860",
    "author": "rywn****",
    "review": "사랑하는 준수  최고 !!아빠 이조녁씨  사랑합니다 ㅡ 이시대의 갑 ♥♥♥♥",
    "rating": "10",
    "date": "13.07.03"
  },
  {
    "review_id": "7697290",
    "movie_id": "102860",
    "author": "sseo****",
    "review": "잼쏭ㅋ",
    "rating": "9",
    "date": "13.07.02"
  }
]