[
  {
    "review_id": "10019930",
    "movie_id": "102861",
    "author": "jinh****",
    "review": "엑스님의 의견에 공감.",
    "rating": "10",
    "date": "15.06.21"
  },
  {
    "review_id": "8122594",
    "movie_id": "102861",
    "author": "deff****",
    "review": "마술 이거 볼만했는데 너무 일찍 끝났다 아쉬워",
    "rating": "6",
    "date": "13.11.07"
  },
  {
    "review_id": "7232245",
    "movie_id": "102861",
    "author": "boni****",
    "review": "뭐 신기한 마술을 보여주긴 하지만.. 재미가 없다..",
    "rating": "8",
    "date": "13.02.06"
  }
]