[
  {
    "review_id": "8200658",
    "movie_id": "102960",
    "author": "534k****",
    "review": "제목 보소 ㅋㅋ 귀두래 ㅋㅋ",
    "rating": "8",
    "date": "13.12.09"
  },
  {
    "review_id": "8117092",
    "movie_id": "102960",
    "author": "anyt****",
    "review": "그의 귀두는 멋졌다, *.* ;",
    "rating": "10",
    "date": "13.11.05"
  },
  {
    "review_id": "7721384",
    "movie_id": "102960",
    "author": "ehdd****",
    "review": "그의 귀두는 멋졌다, *.*",
    "rating": "10",
    "date": "13.07.10"
  },
  {
    "review_id": "7315213",
    "movie_id": "102960",
    "author": "seag****",
    "review": "ㅋ",
    "rating": "10",
    "date": "13.03.01"
  },
  {
    "review_id": "7235762",
    "movie_id": "102960",
    "author": "yang****",
    "review": "재미 더럽게없네 ㅋㅋ",
    "rating": "1",
    "date": "13.02.07"
  }
]