[
  {
    "review_id": "10264558",
    "movie_id": "102958",
    "author": "wnel****",
    "review": "재밌다재밌다재밌다우와",
    "rating": "9",
    "date": "15.08.22"
  },
  {
    "review_id": "10238722",
    "movie_id": "102958",
    "author": "wfy0****",
    "review": "코미디/드라마로썬 합격점인데 음악 영화로는 아쉽다. 빵 터지는 트랙이 처음, 중간에 2개 정도라도 더 있었더라면...",
    "rating": "8",
    "date": "15.08.16"
  },
  {
    "review_id": "10234022",
    "movie_id": "102958",
    "author": "s921****",
    "review": "음 i love you all",
    "rating": "10",
    "date": "15.08.15"
  },
  {
    "review_id": "10215629",
    "movie_id": "102958",
    "author": "marc****",
    "review": "그저 음악이 좋은 그들만의 삶.",
    "rating": "8",
    "date": "15.08.11"
  },
  {
    "review_id": "10212791",
    "movie_id": "102958",
    "author": "noom****",
    "review": "유쾌한 음악영화를 예상하시면 안돼요",
    "rating": "6",
    "date": "15.08.10"
  },
  {
    "review_id": "10209271",
    "movie_id": "102958",
    "author": "harr****",
    "review": "코믹으로 알고 보기 시작했다가 패시에게 감동받았네. 연기에 노래까지 잘하니 진짜 다 가졌다고 할밖에",
    "rating": "8",
    "date": "15.08.09"
  },
  {
    "review_id": "10193521",
    "movie_id": "102958",
    "author": "ryu2****",
    "review": "완전 재밌네요ㅠㅠ 코카콜라 립스틱 링고 댄스올나잇~댄스올나잇~",
    "rating": "10",
    "date": "15.08.06"
  },
  {
    "review_id": "10175514",
    "movie_id": "102958",
    "author": "kink****",
    "review": "마지막장면이 찡...",
    "rating": "7",
    "date": "15.08.02"
  },
  {
    "review_id": "10151802",
    "movie_id": "102958",
    "author": "twok****",
    "review": "별점은별여덟개슈슈슈슉",
    "rating": "8",
    "date": "15.07.27"
  },
  {
    "review_id": "10129620",
    "movie_id": "102958",
    "author": "icec****",
    "review": "정말 화가 난다. 쓰레기같은 영화! 이딴 게 천재소리 들을 정도면 이 세상에 천재 아닌 사람 있냐?",
    "rating": "1",
    "date": "15.07.22"
  },
  {
    "review_id": "10124832",
    "movie_id": "102958",
    "author": "ired****",
    "review": "뭘 말하고 싶은지는 알겠는데 불쾌한 영화였다. 대중성 없음= 독창성은 아니다. 얼마든지 절충할 수 있는데 한쪽만 보는 답답한 이야기. 그들만을 위한 음악은, 대중만을 위한 음악만큼 공허하다.",
    "rating": "4",
    "date": "15.07.21"
  },
  {
    "review_id": "10112579",
    "movie_id": "102958",
    "author": "allw****",
    "review": "수 많을 존 중에 하나인 나에게 아주 솔직한(frank) 한 마디로 한 방 먹인다. '음악이 너무 구려'....ㅠㅠ 그렇지만 난 프랭크가 아니라서 다행이라고도 느껴지는, 존들에게나 프랭크들에게나 공평하며 현실적이고 솔직한(frank) 결말.",
    "rating": "10",
    "date": "15.07.17"
  },
  {
    "review_id": "10069235",
    "movie_id": "102958",
    "author": "mida****",
    "review": "그들만의 세계를 깨뜨린 재능없고 끔찍한 남자. 사실 SNS로 이룰 수 있는 것애 대한 현실적인 스토리 아닐까 @deok",
    "rating": "7",
    "date": "15.07.04"
  },
  {
    "review_id": "10062065",
    "movie_id": "102958",
    "author": "qkrw****",
    "review": "짙은 인디 사운드. 마지막 장면을 보는데 왠지 가슴이 찡..",
    "rating": "7",
    "date": "15.07.02"
  },
  {
    "review_id": "10046252",
    "movie_id": "102958",
    "author": "ango****",
    "review": "정신병자를 천재라고 생각하는 흔한 착각에서 벗어나기",
    "rating": "6",
    "date": "15.06.28"
  },
  {
    "review_id": "10039884",
    "movie_id": "102958",
    "author": "munk****",
    "review": "욕나온다. 이런 영화 왜 만드는거임?",
    "rating": "1",
    "date": "15.06.26"
  },
  {
    "review_id": "10026546",
    "movie_id": "102958",
    "author": "dabi****",
    "review": "짠한 여운이 남는 프랭크.",
    "rating": "7",
    "date": "15.06.24"
  },
  {
    "review_id": "10021758",
    "movie_id": "102958",
    "author": "psm4****",
    "review": "나도  프랭크가  되고  싶다.",
    "rating": "10",
    "date": "15.06.22"
  },
  {
    "review_id": "10016451",
    "movie_id": "102958",
    "author": "yea4****",
    "review": "정신이상자들같았다...",
    "rating": "1",
    "date": "15.06.20"
  },
  {
    "review_id": "10011453",
    "movie_id": "102958",
    "author": "baeb****",
    "review": "이 영화를 이해하기엔 내가 너무 평범한 인간인가보다",
    "rating": "6",
    "date": "15.06.19"
  },
  {
    "review_id": "9989447",
    "movie_id": "102958",
    "author": "dmdu****",
    "review": "I love you all",
    "rating": "8",
    "date": "15.06.11"
  },
  {
    "review_id": "9988709",
    "movie_id": "102958",
    "author": "rd72****",
    "review": "잔뜩 기대시켜놓곤, 나몰라라",
    "rating": "5",
    "date": "15.06.10"
  },
  {
    "review_id": "9983560",
    "movie_id": "102958",
    "author": "abou****",
    "review": "존은 저 밴드에 업적을 세웠다. 겁쟁이들. 지들이 고맙하고 해야할판.",
    "rating": "6",
    "date": "15.06.07"
  },
  {
    "review_id": "9978708",
    "movie_id": "102958",
    "author": "wind****",
    "review": "좋았어요! 또 보고싶네요!",
    "rating": "9",
    "date": "15.06.06"
  },
  {
    "review_id": "9971293",
    "movie_id": "102958",
    "author": "suna****",
    "review": "개인적으로 잊지 못할 영화.",
    "rating": "10",
    "date": "15.06.03"
  },
  {
    "review_id": "9968740",
    "movie_id": "102958",
    "author": "s0nt****",
    "review": "I LOVE YOU ALL~~",
    "rating": "8",
    "date": "15.06.01"
  },
  {
    "review_id": "9965419",
    "movie_id": "102958",
    "author": "logi****",
    "review": "영화를 본 뒤 엄마가 말하셨다.그래도 탈은 벗었잖아ㅋㅋ",
    "rating": "8",
    "date": "15.05.31"
  },
  {
    "review_id": "9950177",
    "movie_id": "102958",
    "author": "fmfl****",
    "review": "코미디영화아님 오랜만에 여운남는영화봄",
    "rating": "8",
    "date": "15.05.25"
  },
  {
    "review_id": "9925511",
    "movie_id": "102958",
    "author": "inca****",
    "review": "병맛이지만 느낌있는영화",
    "rating": "8",
    "date": "15.05.17"
  },
  {
    "review_id": "9874315",
    "movie_id": "102958",
    "author": "gwin****",
    "review": "패스벤더는 사랑입니다♥♥♥♥",
    "rating": "10",
    "date": "15.04.27"
  },
  {
    "review_id": "9857032",
    "movie_id": "102958",
    "author": "road****",
    "review": "아름답습니다. 프랭크 탈 갖고 싶네요.",
    "rating": "10",
    "date": "15.04.22"
  },
  {
    "review_id": "9842577",
    "movie_id": "102958",
    "author": "han1****",
    "review": "조금 어려운 내용인듯 하지만 그래도 뮤지션의 애환에 대해 생각해보게 하는 영화다",
    "rating": "8",
    "date": "15.04.12"
  },
  {
    "review_id": "9834670",
    "movie_id": "102958",
    "author": "rhl2****",
    "review": "개인적으로 인생영화였음",
    "rating": "10",
    "date": "15.04.08"
  },
  {
    "review_id": "9833768",
    "movie_id": "102958",
    "author": "glam****",
    "review": "호불호가 갈리는 영화에요..그냥 아무생각없이 계속 봤네요",
    "rating": "7",
    "date": "15.04.08"
  },
  {
    "review_id": "9830940",
    "movie_id": "102958",
    "author": "afri****",
    "review": "가면을 쓴다고해서 본인을 감출 수 있는건 아니군요..진정 원한는것이 있다면 숨지말고 용기를 내야합니다...많은 생각이 들게하는영화네요.ㅎ",
    "rating": "7",
    "date": "15.04.06"
  },
  {
    "review_id": "9829618",
    "movie_id": "102958",
    "author": "tjsd****",
    "review": "천재는 가면을 쓴다..",
    "rating": "7",
    "date": "15.04.05"
  },
  {
    "review_id": "9826972",
    "movie_id": "102958",
    "author": "moon****",
    "review": "조금 하나가 아쉬운 그런 좋은 영화",
    "rating": "8",
    "date": "15.04.04"
  },
  {
    "review_id": "9825045",
    "movie_id": "102958",
    "author": "poli****",
    "review": "귀엽고 신선한 발상..한 천재 뮤지션의 삶을 통해 우리 삶에 대한 자세를 곱씹어ㅂ볼수있는..",
    "rating": "8",
    "date": "15.04.03"
  },
  {
    "review_id": "9823825",
    "movie_id": "102958",
    "author": "cjkj****",
    "review": "매우심오한 영화인듯 합니다.",
    "rating": "10",
    "date": "15.04.03"
  },
  {
    "review_id": "9818285",
    "movie_id": "102958",
    "author": "lede****",
    "review": "보고 나면 묘하게 기분이 나빠집니다 ㅠㅠ",
    "rating": "7",
    "date": "15.03.31"
  },
  {
    "review_id": "9813497",
    "movie_id": "102958",
    "author": "beat****",
    "review": "28日혼자걷고돌아소나무길[권1.5보0.5월150 200]→프랭크천재적재능과정신병이란양면성의탈을항상쓰고있는프랭크개개인이정신병을지닌특별함이가득한소론프르프브스밴드평범한존이그들만의색을뭉개버린곡코카콜라립스틱링고♬가면을벗고엉뚱순수함을되찾은프랭크의알~러뷰올ㅠ_ㅠ♪",
    "rating": "7",
    "date": "15.03.29"
  },
  {
    "review_id": "9807329",
    "movie_id": "102958",
    "author": "grie****",
    "review": "굳러럴러러럴러럴러러러러",
    "rating": "10",
    "date": "15.03.26"
  },
  {
    "review_id": "9804655",
    "movie_id": "102958",
    "author": "dhoo****",
    "review": "코미디를 즐기러 갔다 잔인함을 느낀 영화",
    "rating": "10",
    "date": "15.03.25"
  },
  {
    "review_id": "9788425",
    "movie_id": "102958",
    "author": "syj1****",
    "review": "기복없이 재미있다가 마지막에 가슴이 먹먹해지네요",
    "rating": "10",
    "date": "15.03.16"
  },
  {
    "review_id": "9775510",
    "movie_id": "102958",
    "author": "teon****",
    "review": "모 아니면 도 프랭크는 우링 사랑해",
    "rating": "10",
    "date": "15.03.12"
  },
  {
    "review_id": "9774378",
    "movie_id": "102958",
    "author": "fadr****",
    "review": "그저 그런 ....별로 넘운리 엊ㅎ운",
    "rating": "7",
    "date": "15.03.12"
  },
  {
    "review_id": "9771915",
    "movie_id": "102958",
    "author": "park****",
    "review": "포스터 보고 애니메이션인줄.. 여튼 패스밴더는 정말 대단한 배우다!! 어이없고 공감안되는 내용이지만 알것같은 느낌...",
    "rating": "9",
    "date": "15.03.11"
  },
  {
    "review_id": "9768745",
    "movie_id": "102958",
    "author": "cons****",
    "review": "기존에 알고 있었던 음악영화에 대한 고정관념을 깨어주는 영화!",
    "rating": "8",
    "date": "15.03.09"
  },
  {
    "review_id": "9767284",
    "movie_id": "102958",
    "author": "blu_****",
    "review": "꽤나 기대하고 봐서 그런지 생각보다 쏘쏘했어요",
    "rating": "7",
    "date": "15.03.08"
  },
  {
    "review_id": "9763391",
    "movie_id": "102958",
    "author": "ttyu****",
    "review": "취향저겯재밋어요짱굳",
    "rating": "10",
    "date": "15.03.07"
  },
  {
    "review_id": "9757085",
    "movie_id": "102958",
    "author": "thun****",
    "review": "음악...괴짜... 그리고 나..",
    "rating": "9",
    "date": "15.03.05"
  },
  {
    "review_id": "9756205",
    "movie_id": "102958",
    "author": "shar****",
    "review": "생각보단 별로였지만 귀는 즐거웠던 영화",
    "rating": "7",
    "date": "15.03.04"
  },
  {
    "review_id": "9755200",
    "movie_id": "102958",
    "author": "ebee****",
    "review": "약간특이하고 재밌는 음악영화를 원하신다면 꼭보새요 코카콜라립스틱링고 댄스올라잇",
    "rating": "9",
    "date": "15.03.04"
  },
  {
    "review_id": "9754150",
    "movie_id": "102958",
    "author": "stra****",
    "review": "천재 곁에 머무르지만 천재가 될 수 없는 범인의 삶.영화가 끝나고 괜히 우울해지긴 했지만, 영화는 충분히 좋았어요.",
    "rating": "9",
    "date": "15.03.03"
  },
  {
    "review_id": "9753625",
    "movie_id": "102958",
    "author": "hear****",
    "review": "평범한  나라서  씁쓸했던  영화.",
    "rating": "8",
    "date": "15.03.03"
  },
  {
    "review_id": "9748880",
    "movie_id": "102958",
    "author": "huks****",
    "review": "노력충 아쉽게 1패 ㅋㅋ",
    "rating": "10",
    "date": "15.03.01"
  },
  {
    "review_id": "9748082",
    "movie_id": "102958",
    "author": "sdme****",
    "review": "예술에 대해서 생각 해보는 영화 .. 예술가는 자신을 위해서 하는 것인가 대중들에게 관심받기 위해서 하는것인가? 많은 생각을 하게 된다",
    "rating": "8",
    "date": "15.02.28"
  },
  {
    "review_id": "9743830",
    "movie_id": "102958",
    "author": "seor****",
    "review": "너무너무 슬프고 재밌음",
    "rating": "10",
    "date": "15.02.27"
  },
  {
    "review_id": "9742998",
    "movie_id": "102958",
    "author": "jwgr****",
    "review": "마이클페스벤더 ㅠㅠ최고입니다",
    "rating": "10",
    "date": "15.02.27"
  },
  {
    "review_id": "9740291",
    "movie_id": "102958",
    "author": "heun****",
    "review": "똥 싸다가 만 느낌이에요",
    "rating": "6",
    "date": "15.02.26"
  },
  {
    "review_id": "9739249",
    "movie_id": "102958",
    "author": "zzzn****",
    "review": "음악영화라 다같은 뻔한 음악영화가 아니였어요... 너무 재밌고 인상깊게 봤습니다 ^^",
    "rating": "9",
    "date": "15.02.26"
  },
  {
    "review_id": "9737955",
    "movie_id": "102958",
    "author": "frie****",
    "review": "보통 그냥그냥 이상한 영화",
    "rating": "5",
    "date": "15.02.25"
  },
  {
    "review_id": "9737351",
    "movie_id": "102958",
    "author": "char****",
    "review": "흥미로운 진행, 이해하기 어려운 천재들의 삶",
    "rating": "7",
    "date": "15.02.25"
  },
  {
    "review_id": "9734041",
    "movie_id": "102958",
    "author": "aufh****",
    "review": "음악으로 얼굴입은 사람들",
    "rating": "8",
    "date": "15.02.24"
  },
  {
    "review_id": "9732494",
    "movie_id": "102958",
    "author": "aruw****",
    "review": "정말 좋다. 비긴 어게인처럼 노래를 주제로 하지만 훨씬 유쾌하고 또 무거운 영화이다. 영화 HER의 얼굴없는 목소리 연기처럼 프랭크는 가면으로 표정을 감추고 몸짓 연기를 한다. 아..  정말 재밌게 보았다 ㅠ",
    "rating": "10",
    "date": "15.02.23"
  },
  {
    "review_id": "9729132",
    "movie_id": "102958",
    "author": "audw****",
    "review": "담에 생각나면 다시 봐야겠다..아직은 뭔지 모르겠음",
    "rating": "6",
    "date": "15.02.22"
  },
  {
    "review_id": "9724782",
    "movie_id": "102958",
    "author": "pjh8****",
    "review": "생각하게 만드는 영화긴한데...지루한부분이 너무 커..",
    "rating": "7",
    "date": "15.02.21"
  },
  {
    "review_id": "9723292",
    "movie_id": "102958",
    "author": "imjj****",
    "review": "진정으로 프랭크를 이해해 줄 수 있는 사람은?",
    "rating": "10",
    "date": "15.02.21"
  },
  {
    "review_id": "9723073",
    "movie_id": "102958",
    "author": "kikc****",
    "review": "좋았네요...조금만더...마지막이 조금 아쉬웠네요",
    "rating": "8",
    "date": "15.02.21"
  },
  {
    "review_id": "9716454",
    "movie_id": "102958",
    "author": "kmmk****",
    "review": "이영화를 볼때 내용만 보지 않고 내용에서 전할라는 것좀 보았음 좋겠다.",
    "rating": "9",
    "date": "15.02.20"
  },
  {
    "review_id": "9715112",
    "movie_id": "102958",
    "author": "baby****",
    "review": "포스터만 봤을 땐 미처 예상치 못한 우울함과 쓸쓸함리 있었던 영화.",
    "rating": "6",
    "date": "15.02.19"
  },
  {
    "review_id": "9712484",
    "movie_id": "102958",
    "author": "yell****",
    "review": "뭔가 오타쿠스럽지만 예술가들의 일면을 보여주는 영화..",
    "rating": "8",
    "date": "15.02.19"
  },
  {
    "review_id": "9708538",
    "movie_id": "102958",
    "author": "0108****",
    "review": "개인적으로  비긴어게인보다프랭크가  훨씬 재밌었음.엔딩곡  너무  좋고 ㅠㅜ",
    "rating": "9",
    "date": "15.02.18"
  },
  {
    "review_id": "9705938",
    "movie_id": "102958",
    "author": "eleg****",
    "review": "처음으로 평점 쓰게 만든 영화. 패시의 섹시한 목소리 + 미친 존재감의 음악",
    "rating": "10",
    "date": "15.02.17"
  },
  {
    "review_id": "9704685",
    "movie_id": "102958",
    "author": "mind****",
    "review": "i love you all",
    "rating": "10",
    "date": "15.02.17"
  },
  {
    "review_id": "9701899",
    "movie_id": "102958",
    "author": "lee3****",
    "review": "프랭크의 가면 뒤 목소리와 숨겨진 표정에 대해 끊임없이 궁금하지만, 숨은 것이라고는 그가 사람들 앞에 서기가 어렵다는 사실 뿐이었다. 그는 그대로였고 그의 밴드도 그대로였다.",
    "rating": "8",
    "date": "15.02.16"
  },
  {
    "review_id": "9696243",
    "movie_id": "102958",
    "author": "yana****",
    "review": "무난하다고 본다...",
    "rating": "7",
    "date": "15.02.14"
  },
  {
    "review_id": "9695177",
    "movie_id": "102958",
    "author": "lint****",
    "review": "노래가 다 너무 좋다ㅋㅋ마냥 편치많은 않지만 사랑스럽고 안쓰럽게 봤다",
    "rating": "10",
    "date": "15.02.14"
  },
  {
    "review_id": "9693507",
    "movie_id": "102958",
    "author": "mix2****",
    "review": "적당한 것이 항상 좋은 것.",
    "rating": "6",
    "date": "15.02.13"
  },
  {
    "review_id": "9689968",
    "movie_id": "102958",
    "author": "ndw1****",
    "review": "'송충이는 솔잎을 먹어야 한다'는 말이 꼭 틀린 것은 아니라고 말하는 비극",
    "rating": "8",
    "date": "15.02.12"
  },
  {
    "review_id": "9689306",
    "movie_id": "102958",
    "author": "kaka****",
    "review": "신나게 보다가 끝에 먹먹해짐 ㅠㅠ 여운 여운 남아요 넘좋음..",
    "rating": "10",
    "date": "15.02.12"
  },
  {
    "review_id": "9684043",
    "movie_id": "102958",
    "author": "t0to****",
    "review": "호불호가 갈릴듯 나는 불",
    "rating": "5",
    "date": "15.02.10"
  },
  {
    "review_id": "9683137",
    "movie_id": "102958",
    "author": "1326****",
    "review": "마지막한방의  강한울림이 있다  난이영화가  웬지모르게 좋다",
    "rating": "10",
    "date": "15.02.09"
  },
  {
    "review_id": "9677142",
    "movie_id": "102958",
    "author": "namu****",
    "review": "이 영화 뭐지???!!!!",
    "rating": "8",
    "date": "15.02.07"
  },
  {
    "review_id": "9676176",
    "movie_id": "102958",
    "author": "mari****",
    "review": "가면 뒤에 아픔을 숨기고 살아가는 모든 천재들에게",
    "rating": "8",
    "date": "15.02.07"
  },
  {
    "review_id": "9674195",
    "movie_id": "102958",
    "author": "nuli****",
    "review": "취향타는영화지만 재밌음. 노래도 생각남. 프랭크 가면은 최고",
    "rating": "7",
    "date": "15.02.07"
  },
  {
    "review_id": "9673574",
    "movie_id": "102958",
    "author": "karm****",
    "review": "정말 흥미 진진한 영화다.",
    "rating": "10",
    "date": "15.02.06"
  },
  {
    "review_id": "9673055",
    "movie_id": "102958",
    "author": "kimg****",
    "review": "음악은 환상이 아니라는걸 재대로 확인시켜주는 좋은 영화",
    "rating": "8",
    "date": "15.02.06"
  },
  {
    "review_id": "9672549",
    "movie_id": "102958",
    "author": "aodw****",
    "review": "나 한호진엄만데 너네이러는거 아니다  우리 호진이 왕따시키지마라  친하게 진해줘라 -호모올림-  @한호진",
    "rating": "1",
    "date": "15.02.06"
  },
  {
    "review_id": "9662770",
    "movie_id": "102958",
    "author": "king****",
    "review": "가슴이 먹먹해지는 영화",
    "rating": "9",
    "date": "15.02.03"
  },
  {
    "review_id": "9660781",
    "movie_id": "102958",
    "author": "ned1****",
    "review": "시작의 무드가 특이합니다, 특이한 영화네여. 정말오래기억될만한 영화였습니다. 플덩날 오래기억될만한 영화였습니다. 플롯이 좋습니다",
    "rating": "7",
    "date": "15.02.02"
  },
  {
    "review_id": "9660439",
    "movie_id": "102958",
    "author": "s00y****",
    "review": "말이필요없다짱 두번이나봤다너무좋아서",
    "rating": "10",
    "date": "15.02.02"
  },
  {
    "review_id": "9657239",
    "movie_id": "102958",
    "author": "love****",
    "review": "자신이 이끌리고 비로소 하나가되는 삶을 산다. 억지로 끼워맞추거나 자신이 좋아만해서만 밀어부친다면.. 그건 더 고통스러울 뿐이다!",
    "rating": "8",
    "date": "15.02.01"
  },
  {
    "review_id": "9656182",
    "movie_id": "102958",
    "author": "audt****",
    "review": "위로는 없는 진짜 음악이야기",
    "rating": "7",
    "date": "15.02.01"
  },
  {
    "review_id": "9651078",
    "movie_id": "102958",
    "author": "wood****",
    "review": "주목을 받는다는것에 한번은 생각해볼영화",
    "rating": "10",
    "date": "15.01.30"
  },
  {
    "review_id": "9648087",
    "movie_id": "102958",
    "author": "priv****",
    "review": "I LOVE YOU ALL",
    "rating": "10",
    "date": "15.01.29"
  },
  {
    "review_id": "9646342",
    "movie_id": "102958",
    "author": "ysy9****",
    "review": "개성넘치는 캐릭터들 하나하나씩 들여다 보고싶어요",
    "rating": "9",
    "date": "15.01.28"
  },
  {
    "review_id": "9640846",
    "movie_id": "102958",
    "author": "ming****",
    "review": "2014년도에 가장 재밌게 본 영화. '웃겨서' 재밌는게 아니라, 작품이 매우 재미있고 흥미로운 영화임.",
    "rating": "10",
    "date": "15.01.26"
  },
  {
    "review_id": "9639129",
    "movie_id": "102958",
    "author": "hyej****",
    "review": "하이코드 영화. 난 그저 영화 표면적으로만 가볍게 즐겼다. 그렇게 볼만했다. 너무 깊게 생각하고 싶지 않았어",
    "rating": "6",
    "date": "15.01.26"
  },
  {
    "review_id": "9636784",
    "movie_id": "102958",
    "author": "sd76****",
    "review": "그녀랑본 첨이자 마지막 영화",
    "rating": "10",
    "date": "15.01.25"
  }
]