[
  {
    "review_id": "10268634",
    "movie_id": "102934",
    "author": "arch****",
    "review": "잘봤었네요 특이하고볼만하",
    "rating": "8",
    "date": "15.08.23"
  },
  {
    "review_id": "10264027",
    "movie_id": "102934",
    "author": "romi****",
    "review": "톰하디의 매력이 여실히 드러난 영화",
    "rating": "10",
    "date": "15.08.22"
  },
  {
    "review_id": "10261271",
    "movie_id": "102934",
    "author": "skyf****",
    "review": "원작을 보진 않았지만.. 원작을 영화화 한 부족한 부분이 느껴짐..",
    "rating": "6",
    "date": "15.08.22"
  },
  {
    "review_id": "10253973",
    "movie_id": "102934",
    "author": "begr****",
    "review": "러시아 스타일 영어가 전혀 거슬리지가 않는다. 배우들이 보여주는 감정연기들이 대단하다.",
    "rating": "9",
    "date": "15.08.20"
  },
  {
    "review_id": "10253122",
    "movie_id": "102934",
    "author": "bour****",
    "review": "근래 본 영화중 최고입니다.",
    "rating": "10",
    "date": "15.08.20"
  },
  {
    "review_id": "10248019",
    "movie_id": "102934",
    "author": "hell****",
    "review": "톰하디때문에 몰입한것같은 느낌이다",
    "rating": "7",
    "date": "15.08.18"
  },
  {
    "review_id": "10247358",
    "movie_id": "102934",
    "author": "rojo****",
    "review": "원작이전에 실제 아동 연쇄 살인마를 토대로 소설을 만든건데 영화에선 스릴러와 캐릭터들의 개연성이 아주 많이 부족하지 않나 싶다. 그리고 이 소설 자체가 아이라 레빈의 브라질에서 온 소년들(영화도 나왔는데 괜찮음) 과 아주 유사한데 한번 보시길",
    "rating": "6",
    "date": "15.08.18"
  },
  {
    "review_id": "10243454",
    "movie_id": "102934",
    "author": "hicc****",
    "review": "가슴아픈 역사에 모든 것을 담았다. 배우들의 연기가 빛을 발한다.",
    "rating": "10",
    "date": "15.08.16"
  },
  {
    "review_id": "10231938",
    "movie_id": "102934",
    "author": "dduk****",
    "review": "이정도면 수작 느낌나는 스릴러인데 평점이 낮네. 마지막이 좀 급마무리되며 흐지부지 했지만 보는 동안 몰입감 ㄷㄷ",
    "rating": "9",
    "date": "15.08.15"
  },
  {
    "review_id": "10229938",
    "movie_id": "102934",
    "author": "mftr****",
    "review": "스릴러 수사물을 기대했는데 그냥 미드 CSI 한편이 더 나은듯 수사과정은 거의 없고 국가에 쫏기는 지루한 장면이 대부분;;",
    "rating": "1",
    "date": "15.08.14"
  },
  {
    "review_id": "10229824",
    "movie_id": "102934",
    "author": "good****",
    "review": "영화좋네요 내용이 너무 좋습니다 청불이지만 가족과 보고싶을 정도로 감동적인 영화에요",
    "rating": "10",
    "date": "15.08.14"
  },
  {
    "review_id": "10221950",
    "movie_id": "102934",
    "author": "rudq****",
    "review": "오랜만에 좋은 영화를 보았습니다.",
    "rating": "9",
    "date": "15.08.13"
  },
  {
    "review_id": "10220039",
    "movie_id": "102934",
    "author": "lazy****",
    "review": "누구를 위한 파라다이스인가",
    "rating": "10",
    "date": "15.08.12"
  },
  {
    "review_id": "10217262",
    "movie_id": "102934",
    "author": "kngc****",
    "review": "처음부터 끝까지 잔잔하네요",
    "rating": "8",
    "date": "15.08.11"
  },
  {
    "review_id": "10216999",
    "movie_id": "102934",
    "author": "flru****",
    "review": "연기는 쥑이는데.. 영화가 주제에 포커스를 올바르게 못잡고 있는 것같다. 범인 추격에 포커스를 더 맞출 것인가. 국가와의 대립을 더 포커스에 맞출것인가. 이도저도 아니게 잡힌것 같다. 그리고 영화 전개가 더 빨랐으면 좋았을듯. 초반부 사건 설명도 부족",
    "rating": "4",
    "date": "15.08.11"
  },
  {
    "review_id": "10216102",
    "movie_id": "102934",
    "author": "trig****",
    "review": "무겁고 지루하고 현실성도 약하고...힘들게 찍은 것 같은 데 수고하셨습니다.",
    "rating": "7",
    "date": "15.08.11"
  },
  {
    "review_id": "10215511",
    "movie_id": "102934",
    "author": "fj11****",
    "review": "저런 사회 정말 우울하다. 매드맥스에서 연기너무못한다고 생각하던 남주가 여기서는 아주 잘하는듯..특히 치아가 삐딱한게 현실감있다고  생각했다.",
    "rating": "8",
    "date": "15.08.11"
  },
  {
    "review_id": "10215397",
    "movie_id": "102934",
    "author": "chaj****",
    "review": "커다란 두개의 플롯을 2시간에 담기엔 아쉬운 상황",
    "rating": "7",
    "date": "15.08.11"
  },
  {
    "review_id": "10215341",
    "movie_id": "102934",
    "author": "solh****",
    "review": "이렇게 중구난방 두서없는 영화는 오랜만인듯",
    "rating": "2",
    "date": "15.08.11"
  },
  {
    "review_id": "10215003",
    "movie_id": "102934",
    "author": "deri****",
    "review": "흠...초반에 너무 루즈하다. 원작을 못봐서일까? 초반 배경을 설명하면서 아이들이 굶주리고, 고아가 발생하고 하는게 영화와 무슨 관련이 있는지 모르겠고, 전쟁영웅 출신인건 알겠는데 승승장구 하던 주인공을 설명할 때, 전쟁씬이 필요했었나?",
    "rating": "6",
    "date": "15.08.11"
  },
  {
    "review_id": "10213020",
    "movie_id": "102934",
    "author": "rlat****",
    "review": "원래 원작소설이란 장편이므로 영화 한편에 다담는다는것 자체가 무리수다 그렇다보니 각 파트마다 중요내용이 부각되지않고 흐지부지하게 끝나버린다",
    "rating": "5",
    "date": "15.08.10"
  },
  {
    "review_id": "10212490",
    "movie_id": "102934",
    "author": "ipac****",
    "review": "소설 원작의 훌륭함을 전혀 살리지 못하고 감독의 엄한 연출이 말아먹은 대표적인 경우",
    "rating": "6",
    "date": "15.08.10"
  },
  {
    "review_id": "10211087",
    "movie_id": "102934",
    "author": "king****",
    "review": "긴장감 넘침,  소련의 폐해도 동시에 볼수잇엇음",
    "rating": "10",
    "date": "15.08.10"
  },
  {
    "review_id": "10209861",
    "movie_id": "102934",
    "author": "frie****",
    "review": "문제는 이것. 뛰어난 원작소설을 먼저 봤더니 영화의 디테일, 그리 되는 이유, 심리 변화,  스토리의 흐름 등이 너무 떨어지는 것이 확연하다. 원작과 너무 동떨어진 여주인공 캐스팅은 빅 미스테잌",
    "rating": "1",
    "date": "15.08.09"
  },
  {
    "review_id": "10205897",
    "movie_id": "102934",
    "author": "toha****",
    "review": "등장인물들의  행동에  대한 설명이 부족했다.",
    "rating": "5",
    "date": "15.08.09"
  },
  {
    "review_id": "10202185",
    "movie_id": "102934",
    "author": "ssoy****",
    "review": "비평가 평에서 스릴러적 요소가 적다고 하는데 그건 맞아요. 추척 스릴러를 기대하고 봤는데. 차라리 소련시대의 정치적 상황이 메인인듯. 그래도 굉장히 재미잇게 봣어요. 톰하디 살쪄서 초반 실망햇는데 캐릭터 소화력 대단한듯. 진짜 매력적이예요.",
    "rating": "10",
    "date": "15.08.08"
  },
  {
    "review_id": "10201898",
    "movie_id": "102934",
    "author": "silv****",
    "review": "남는거라곤   배우들의 연기뿐",
    "rating": "5",
    "date": "15.08.08"
  },
  {
    "review_id": "10197928",
    "movie_id": "102934",
    "author": "artz****",
    "review": "재밌다 ㅜㅜ 완전 몰입하면서 봤어 ㅜㅜ 톰 하디는 진짜 최고다 ㅜㅜ",
    "rating": "10",
    "date": "15.08.07"
  },
  {
    "review_id": "10197913",
    "movie_id": "102934",
    "author": "sang****",
    "review": "이런 영화가 제대로 평가되야 하는데 개똥따가리 같은 한국 허술한 영화들보다",
    "rating": "10",
    "date": "15.08.07"
  },
  {
    "review_id": "10196722",
    "movie_id": "102934",
    "author": "hauk****",
    "review": "화려한 출연진에 비해 전개도 지루하고 스릴러라 할 만큼의 긴장감도 전혀 없었다. 스릴러 매니아라면 크게 실망할 만한 작품...",
    "rating": "5",
    "date": "15.08.07"
  },
  {
    "review_id": "10195451",
    "movie_id": "102934",
    "author": "xeno****",
    "review": "배우들의 연기가 단연 돋보임.. 영화 보는 내내 집중해서 보게 됨. 재밌게 봤ㅇ네요.",
    "rating": "9",
    "date": "15.08.07"
  },
  {
    "review_id": "10195302",
    "movie_id": "102934",
    "author": "yte7****",
    "review": "재밌다 톰하디는 .. 어느영활 나와도 연기를 참잘해 좋은 영화고 레오. 남자가 저래야지.",
    "rating": "10",
    "date": "15.08.06"
  },
  {
    "review_id": "10195087",
    "movie_id": "102934",
    "author": "ldj0****",
    "review": "구소련이 아니라 북한이라 생각하면서 보면 겁나 몰입된다.",
    "rating": "8",
    "date": "15.08.06"
  },
  {
    "review_id": "10194999",
    "movie_id": "102934",
    "author": "andr****",
    "review": "무거운데 재미까지 없다..",
    "rating": "6",
    "date": "15.08.06"
  },
  {
    "review_id": "10194795",
    "movie_id": "102934",
    "author": "pohi****",
    "review": "초반의 긴장감이 끝까지 가지 못하는.. 왜 그들은 그렇게 살인자에 집착을 할까.",
    "rating": "6",
    "date": "15.08.06"
  },
  {
    "review_id": "10194714",
    "movie_id": "102934",
    "author": "cane****",
    "review": "괜히 봤어..ㅠㅠ 긴장감도 없고",
    "rating": "5",
    "date": "15.08.06"
  },
  {
    "review_id": "10194534",
    "movie_id": "102934",
    "author": "gfum****",
    "review": "톰하디 연기 감명깊고 재밌게봤지만 약간 뜬구름만잡은느낌?  바실리vs데미도프  이게 너무 부각된게 아쉽다 조금ㅠ",
    "rating": "7",
    "date": "15.08.06"
  },
  {
    "review_id": "10194520",
    "movie_id": "102934",
    "author": "rand****",
    "review": "하나에 집중하지 않고 분산된 느낌이라 집중이 잘 안됨",
    "rating": "4",
    "date": "15.08.06"
  },
  {
    "review_id": "10194048",
    "movie_id": "102934",
    "author": "lead****",
    "review": "뭔가 매끄럽지 않은 구성 , 디테일도 부족",
    "rating": "5",
    "date": "15.08.06"
  },
  {
    "review_id": "10191667",
    "movie_id": "102934",
    "author": "best****",
    "review": "이 영화가 한국 말고 해외에서 평점이 높다는데....아무튼 나는 내인생의 영화중 손가락에 뽑을 정도로 괜찬은 영화였다... 이 영화도 설마 이념때문에 평점이 저런건 아닐까....",
    "rating": "10",
    "date": "15.08.06"
  },
  {
    "review_id": "10191578",
    "movie_id": "102934",
    "author": "tran****",
    "review": "스릴러물이 아니라 이념영화이다... 아쉬움만 남네...",
    "rating": "4",
    "date": "15.08.06"
  },
  {
    "review_id": "10190883",
    "movie_id": "102934",
    "author": "fina****",
    "review": "배우들 때문에 엄청 기대하고 봤는데 많이 많이 아쉽네여..",
    "rating": "5",
    "date": "15.08.06"
  },
  {
    "review_id": "10189103",
    "movie_id": "102934",
    "author": "penn****",
    "review": "분위기 자체는 매우 좋았지만 원작 소설의 제대로 살리지 못 한 점은 아쉬움",
    "rating": "8",
    "date": "15.08.05"
  },
  {
    "review_id": "10188266",
    "movie_id": "102934",
    "author": "roan****",
    "review": "원작을 읽지 않고 영화만  봤을 때는 분명 무엇을 말 하고자 하는지에 대한 의문점이 들 수 밖에 없다. 살인  동기부터  찾아가는 과정등의 설명등이 약간 부족하지 않았나 싶다. 후반부에서는 너무 빨리 마무리 지으려는 했던 점이 아쉽다.",
    "rating": "6",
    "date": "15.08.05"
  },
  {
    "review_id": "10188255",
    "movie_id": "102934",
    "author": "sinb****",
    "review": "하나의 이야기에 집중했으면 하는 아쉬움이 남는다.",
    "rating": "7",
    "date": "15.08.05"
  },
  {
    "review_id": "10186167",
    "movie_id": "102934",
    "author": "wooo****",
    "review": "영화가 좀 지루하긴하다 스토리는 연쇄살인범에 대한것만 있는게아니고 이것저것 섞어놨는데 잘 살리진못한거같다 레오라는 인물자체는 되게 멋있게 그려냈음",
    "rating": "6",
    "date": "15.08.05"
  },
  {
    "review_id": "10185792",
    "movie_id": "102934",
    "author": "kyki****",
    "review": "지루하진 않고 나름 재밌게 봤다",
    "rating": "7",
    "date": "15.08.05"
  },
  {
    "review_id": "10185632",
    "movie_id": "102934",
    "author": "jang****",
    "review": "아.. 연기력 진짜 ㅋㅋㅋ 지리네 주연배우들 진짜 역시 멋지다..",
    "rating": "10",
    "date": "15.08.04"
  },
  {
    "review_id": "10185548",
    "movie_id": "102934",
    "author": "love****",
    "review": "잼잇ㅎ다 10자를써야하는구나",
    "rating": "10",
    "date": "15.08.04"
  },
  {
    "review_id": "10185290",
    "movie_id": "102934",
    "author": "wlfa****",
    "review": "군사적 배경인데 스릴은 고사하고 지루할 뿐이다. 남는건 톰 하디의 목소리뿐.",
    "rating": "5",
    "date": "15.08.04"
  },
  {
    "review_id": "10185080",
    "movie_id": "102934",
    "author": "xx41****",
    "review": "장르가대체...뭔지",
    "rating": "6",
    "date": "15.08.04"
  },
  {
    "review_id": "10184249",
    "movie_id": "102934",
    "author": "jieu****",
    "review": "토끼 대여섯마리 쫓다가 들고 있던 딱총까지 다 잃어버리는 영화",
    "rating": "2",
    "date": "15.08.04"
  },
  {
    "review_id": "10183572",
    "movie_id": "102934",
    "author": "worl****",
    "review": "되게 조용한데도 집중력있게 보게끔했다. 톰하디라는 배우를 내가 좋아해서그런지몰라도 ..허헛 내용도 좋았다! 마지막에 느낌이 따뜻하고 여운이남았다",
    "rating": "10",
    "date": "15.08.04"
  },
  {
    "review_id": "10182687",
    "movie_id": "102934",
    "author": "ebon****",
    "review": "너무 재미있게 봤다.  두번보니 더 재밌다.",
    "rating": "9",
    "date": "15.08.04"
  },
  {
    "review_id": "10182621",
    "movie_id": "102934",
    "author": "moon****",
    "review": "노잼이라하신분들은 아직어리신 남성인듯…머리로는 이해하겠는데 맘으론너무 가슴아픈 과거이며 우리가 살고있는 현실이네요…사십데쯤엔 한번더 보실만한 영화인듯82년전과 지금이 별반 다르지않다는게 느껴질때 내가 앞으로 어떻게 살아야할지 나침판이 되어주는이야기",
    "rating": "10",
    "date": "15.08.04"
  },
  {
    "review_id": "10182467",
    "movie_id": "102934",
    "author": "ksk5****",
    "review": "2시간내내 집중되는 영화...꼭보세요",
    "rating": "9",
    "date": "15.08.04"
  },
  {
    "review_id": "10181297",
    "movie_id": "102934",
    "author": "hwak****",
    "review": "이 좋은 소재를 이따구로 만들다니  에구 에구",
    "rating": "6",
    "date": "15.08.03"
  },
  {
    "review_id": "10180019",
    "movie_id": "102934",
    "author": "kong****",
    "review": "톰하디는 역시는 역시다.",
    "rating": "10",
    "date": "15.08.03"
  },
  {
    "review_id": "10179818",
    "movie_id": "102934",
    "author": "bles****",
    "review": "사람을 괴물로 만드는 것은 무엇인가",
    "rating": "6",
    "date": "15.08.03"
  },
  {
    "review_id": "10179414",
    "movie_id": "102934",
    "author": "youn****",
    "review": "재밌게봤어요 배우가 멋지네요",
    "rating": "9",
    "date": "15.08.03"
  },
  {
    "review_id": "10179261",
    "movie_id": "102934",
    "author": "polo****",
    "review": "엄청나고 끔찍했던 실제사건을 소재로 쓰여진 소설.  그리고 그 소설을 바탕으로 만들어진 영화. 분명 이 영화는 잘 만들어진 웰-메이드라고 하기엔 부족함이 없으나, 3권의 베스트셀러의 묵직한 무게감을 137분만으로 표현해내기엔 부족해 보인다.",
    "rating": "8",
    "date": "15.08.03"
  },
  {
    "review_id": "10179094",
    "movie_id": "102934",
    "author": "hans****",
    "review": "톰하디의 연기가 좋았다... 여주를 좀더 매력있는 분을 캐스팅했음하는 바램이..물론 연기는 잘하는데 마스크가..ㅠㅠ",
    "rating": "9",
    "date": "15.08.03"
  },
  {
    "review_id": "10179012",
    "movie_id": "102934",
    "author": "jiyo****",
    "review": "좋은연화인데 내가 이해를 잘 못한것 같은데, 이해하기 어렵다. 배우들의 연기나, 영화에 담긴 메시지가 건강했다.ㅋ",
    "rating": "7",
    "date": "15.08.03"
  },
  {
    "review_id": "10178838",
    "movie_id": "102934",
    "author": "silv****",
    "review": "이야기의 연결고리, 배우들의 감정선의 돌출은 있었지만 사건과 함께 배경을 풀어나가는 스토리가 영화적이라고 말 할 수 있다.",
    "rating": "8",
    "date": "15.08.03"
  },
  {
    "review_id": "10178302",
    "movie_id": "102934",
    "author": "pont****",
    "review": "뚱해 보이는 누미 라파스가 라이사라니!",
    "rating": "5",
    "date": "15.08.03"
  },
  {
    "review_id": "10176831",
    "movie_id": "102934",
    "author": "zhff****",
    "review": "중구난방 열자열자열자",
    "rating": "3",
    "date": "15.08.02"
  },
  {
    "review_id": "10176436",
    "movie_id": "102934",
    "author": "kimj****",
    "review": "사실 영화가 막 재미있진 않다... 그냥 추리물로 볼만한 정도",
    "rating": "6",
    "date": "15.08.02"
  },
  {
    "review_id": "10176035",
    "movie_id": "102934",
    "author": "zoon****",
    "review": "볼메 하디. 남자다워ㅎㅎㅎ",
    "rating": "9",
    "date": "15.08.02"
  },
  {
    "review_id": "10175538",
    "movie_id": "102934",
    "author": "ourl****",
    "review": "영화는 잘만들었는 문제는 재미가 없음.  잘차려놓은 음식이 맛없는 느낌은 유령작가 이후로 오랜만이네",
    "rating": "5",
    "date": "15.08.02"
  },
  {
    "review_id": "10174264",
    "movie_id": "102934",
    "author": "rmfo****",
    "review": "아동 살인을 추적하는 내용이 중심인가? 아니면 바실리와 레오의 갈등이 중심인가? 더재미있게 만들려고 한건 알겠는데 영화끝나고나면 짜증난 느낌",
    "rating": "4",
    "date": "15.08.02"
  },
  {
    "review_id": "10174094",
    "movie_id": "102934",
    "author": "abou****",
    "review": "사전정보 없이 그냥 봤는데 의외로 재밌었다. 단순히 아이의 실종사건에만 매달리는 수사물이었다면 굉장히 지루했을텐데..",
    "rating": "10",
    "date": "15.08.02"
  },
  {
    "review_id": "10173496",
    "movie_id": "102934",
    "author": "ehwj****",
    "review": "기대를 넘 했나 나쁘진 않았는데 그냥저냥 했다. 어두운 분위기는 좋았던듯",
    "rating": "6",
    "date": "15.08.02"
  },
  {
    "review_id": "10172719",
    "movie_id": "102934",
    "author": "danz****",
    "review": "여긴 천국이다.. 천국에는 범죄란 없다.. 아들아 내가 무슨 이야기를 해주길 바라니? 한명의 희생이냐 우리 4명 모두냐의 문제다.. 살고싶어서 임신했다고 거짓말했어.. 여기저기선 빨갱이 색출, 소련에선 서방스파이 색출에 불철주야 수고가 많았던 시기..",
    "rating": "7",
    "date": "15.08.01"
  },
  {
    "review_id": "10172556",
    "movie_id": "102934",
    "author": "do11****",
    "review": "흠...그냥 나쁘진 않았던거 같네요",
    "rating": "6",
    "date": "15.08.01"
  },
  {
    "review_id": "10170708",
    "movie_id": "102934",
    "author": "ddal****",
    "review": "이야기의 흐름이나 연결이 매끄럽지 않아서 다소 불친절한 영화. 그래도 배우들의 연기가 훌륭하고 스릴러적 요소로 지루하지 않게 볼 수는 있음. 원작을 읽어야 제대로 이해할 수 있을 것 같다..",
    "rating": "7",
    "date": "15.08.01"
  },
  {
    "review_id": "10170550",
    "movie_id": "102934",
    "author": "jan_****",
    "review": "이만하면 충분히 훌륭한 영화.",
    "rating": "8",
    "date": "15.08.01"
  },
  {
    "review_id": "10169605",
    "movie_id": "102934",
    "author": "ssip****",
    "review": "무조건 봐라! 톰 하디의 명품연기!",
    "rating": "10",
    "date": "15.08.01"
  },
  {
    "review_id": "10169217",
    "movie_id": "102934",
    "author": "epst****",
    "review": "천재적인 장르의 콜라보가 돋보였다. 주조연 배우들의 연기는 명불허전.",
    "rating": "9",
    "date": "15.08.01"
  },
  {
    "review_id": "10169171",
    "movie_id": "102934",
    "author": "jya2****",
    "review": "실제와는 너무 다르다는게  속은기분  사실과 소설은 섞지마라",
    "rating": "1",
    "date": "15.08.01"
  },
  {
    "review_id": "10169068",
    "movie_id": "102934",
    "author": "mins****",
    "review": "재미도 있고 감동도 있고 마무리도 깔끔했다",
    "rating": "10",
    "date": "15.08.01"
  },
  {
    "review_id": "10168153",
    "movie_id": "102934",
    "author": "donk****",
    "review": "음울한 분위기가 좋다. 톰하디 연기가 인상깊었던 영화",
    "rating": "8",
    "date": "15.07.31"
  },
  {
    "review_id": "10166733",
    "movie_id": "102934",
    "author": "ssak****",
    "review": "배우들의 연기력만큼은 훌륭하지만 뭔가 바쁘게 끝내버리는 느낌 조금 아쉽다.",
    "rating": "7",
    "date": "15.07.31"
  },
  {
    "review_id": "10166719",
    "movie_id": "102934",
    "author": "sde0****",
    "review": "묵직한 느낌의 영화네요. 원작이 있기도 하지만 실화를 바탕으로 한다니까 더 섬뜩하기도!!",
    "rating": "10",
    "date": "15.07.31"
  },
  {
    "review_id": "10165366",
    "movie_id": "102934",
    "author": "kimh****",
    "review": "쓸데없는 반전 등의 자극적인 부분을지양하고 묵묵하게 이야기를 전개시켜 나가는 방식이 좋다. 개연성이나 실마리를 쫓는 과정 등이 다소 평면적으로 묘사된 점이 있으나 감독이 전하고자 한 메세지는 명확하게 짚어주고 영화를 끝내는 방식이 마음에 들었던 작품.",
    "rating": "8",
    "date": "15.07.31"
  },
  {
    "review_id": "10165204",
    "movie_id": "102934",
    "author": "01aj****",
    "review": "좋아하는 배우들 많이 나와서 좋았다. 스토리는 그다지...",
    "rating": "7",
    "date": "15.07.31"
  },
  {
    "review_id": "10164841",
    "movie_id": "102934",
    "author": "eva1****",
    "review": "전쟁+액션+스릴러+드라마++연기까지 완벽한 명작이네요. 영화내내 속죄에 대한 철학적 질문도 던진 근래 보기힘든 수작!",
    "rating": "10",
    "date": "15.07.31"
  },
  {
    "review_id": "10164736",
    "movie_id": "102934",
    "author": "gkdk****",
    "review": "정말 오랜만에본 괜찮은영화 강추드립니다",
    "rating": "10",
    "date": "15.07.31"
  },
  {
    "review_id": "10164685",
    "movie_id": "102934",
    "author": "leew****",
    "review": "각본이 어쩌구 원작이 어쩌구하는데 톰하디 연기하나 떄문이라도 가치있는 영화다.",
    "rating": "7",
    "date": "15.07.31"
  },
  {
    "review_id": "10164432",
    "movie_id": "102934",
    "author": "kkll****",
    "review": "진짜 톰하디...와..지루하기은 커녕 엄청 긴장하고 봤음..",
    "rating": "10",
    "date": "15.07.31"
  },
  {
    "review_id": "10164008",
    "movie_id": "102934",
    "author": "davi****",
    "review": "모처럼 독특하고 묵직한 영화를 봤다. 원작이 좋아서겠지만 이런 영화 너무 좋다.",
    "rating": "8",
    "date": "15.07.31"
  },
  {
    "review_id": "10163916",
    "movie_id": "102934",
    "author": "tell****",
    "review": "원작을 안봐서 모르지만 배우들 연기, 연출력도 좋았다. 왠지 지금 우리나라 상황과도 비슷해 보이는게...",
    "rating": "9",
    "date": "15.07.31"
  },
  {
    "review_id": "10163909",
    "movie_id": "102934",
    "author": "toto****",
    "review": "여주가 너무 안이뻐서 몰입에 방해된다 그래서 별3개 뺏다",
    "rating": "7",
    "date": "15.07.31"
  },
  {
    "review_id": "10163459",
    "movie_id": "102934",
    "author": "woos****",
    "review": "긴장감 넘치는 스토리와 배우들의 열연이 돋보이는 정치적 메시지의 스릴러",
    "rating": "8",
    "date": "15.07.30"
  },
  {
    "review_id": "10161544",
    "movie_id": "102934",
    "author": "ropi****",
    "review": "좀지루하다 톰하디가 매드맥스로 완전떠버려서 사람들이 점수를 크게줬네  진짜 좀 지루하고 재미없는영화인데 시간떼우기로 몰입한다면 끝까지보게되어있다   살인마 추적에 대한얘기보단  톰하디가 쫓겨다니는내용이 더많다",
    "rating": "5",
    "date": "15.07.30"
  },
  {
    "review_id": "10161118",
    "movie_id": "102934",
    "author": "jsm0****",
    "review": "진짜 영화관에서 봤다면 더 좋았을거같네요",
    "rating": "8",
    "date": "15.07.30"
  },
  {
    "review_id": "10160981",
    "movie_id": "102934",
    "author": "sant****",
    "review": "ㅅㅌㅊ 영화....연쇄살인범을 소재로 했지만 스탈린 시절 러시아의 사회상을 잘 보여준다는 점에서 만족스러웠다",
    "rating": "8",
    "date": "15.07.30"
  },
  {
    "review_id": "10159792",
    "movie_id": "102934",
    "author": "jumm****",
    "review": "연기나 소재 따위는 좋았는데, 왜 바실리가 주인공을 끝까지 괴롭히고 상관이 수사를 막는 그럴듯한 이유가 없어. 그가 마지막에 축출된 이유나 설명도.",
    "rating": "8",
    "date": "15.07.30"
  },
  {
    "review_id": "10159733",
    "movie_id": "102934",
    "author": "hih9****",
    "review": "장면장면이 너무나 극단적, 그러면서도 쓸데없이 장황하고 느슨한 진행. 마지막 만화영화에서나 나올법한 뻔한 연출은 허망하기까지했다.",
    "rating": "2",
    "date": "15.07.30"
  },
  {
    "review_id": "10159714",
    "movie_id": "102934",
    "author": "p75m****",
    "review": "톰하디가 묵직하게 잘 이끌어갔다. 근데 개리 올드만은 중간에 감금된건가?",
    "rating": "6",
    "date": "15.07.30"
  },
  {
    "review_id": "10159667",
    "movie_id": "102934",
    "author": "f357****",
    "review": "중반까지는 몰입감이 상당했었는데... 후반부에 조금 힘이 약한듯 싶네요. ^^ 절대 죽지 않는 주인공 버프도 좀 억지스럽고...",
    "rating": "7",
    "date": "15.07.30"
  }
]