[
  {
    "review_id": "9373419",
    "movie_id": "102931",
    "author": "naye****",
    "review": "남편이랑 같이 봤는데 둘다 넘 감동받았네요. 저는 왜 이 프로를 보면서 눈물이 나는지 ㅎ",
    "rating": "10",
    "date": "14.11.12"
  },
  {
    "review_id": "9173851",
    "movie_id": "102931",
    "author": "ksh5****",
    "review": "정말 좋았어요. 책에서 추천해준영화라 엄마랑 같이봤는데 유용하고 잘모르거나 헷갈렸었던 것들도 잘알게되었어요. 엄마들의사랑과 기쁨을 느낄수있게 해준 아름다운 가족영화인것같아요^^",
    "rating": "10",
    "date": "14.09.06"
  },
  {
    "review_id": "8843710",
    "movie_id": "102931",
    "author": "ari1****",
    "review": "영화라는 이름으로 돈XX한 영화. 다큐로 나왔으면 적절했음",
    "rating": "1",
    "date": "14.06.21"
  },
  {
    "review_id": "8784255",
    "movie_id": "102931",
    "author": "kubo****",
    "review": "1점주는 인간들은 200% 이상 낙태하는 낙태충 인증 사람의 탈을쓴 악마들",
    "rating": "10",
    "date": "14.06.01"
  },
  {
    "review_id": "8725548",
    "movie_id": "102931",
    "author": "muil****",
    "review": "임신 21주차에 남편과 함께 시청했어요. 약 1시간 30분간의 짧지않은 영상이었지만 지루할 틈 없이 봤네요. 첫임신인 저희에게 양질의 좋은 정보가 되었고 무엇보다도 아직 만나지 못한 아기에대한 사랑이 더욱 커지는 시간이었어요. DVD로 소장하고 싶네요",
    "rating": "10",
    "date": "14.05.12"
  },
  {
    "review_id": "8626466",
    "movie_id": "102931",
    "author": "jung****",
    "review": "김치년들이 이거보다 뛰쳐 나갈듯ㅋㅋㅋ",
    "rating": "10",
    "date": "14.04.03"
  },
  {
    "review_id": "8625676",
    "movie_id": "102931",
    "author": "wnrr****",
    "review": "낙태충들이 이 영화를 싫어합니다.",
    "rating": "10",
    "date": "14.04.03"
  },
  {
    "review_id": "8507262",
    "movie_id": "102931",
    "author": "posi****",
    "review": "정말... 아름답군요...!! 제가 작년에 봤던 다큐 중에서 제일 좋았습니다...하 극장에서 왜 못 본건지 후회중 ㅠㅠ",
    "rating": "10",
    "date": "14.02.14"
  },
  {
    "review_id": "8400990",
    "movie_id": "102931",
    "author": "jjj7****",
    "review": "임신 15주째입니다. 가임기여성들과 임신부들은 신랑과함께보면 좋을것같네요.",
    "rating": "8",
    "date": "14.01.19"
  },
  {
    "review_id": "8346542",
    "movie_id": "102931",
    "author": "leh9****",
    "review": "임신중에 보니 더 감동적입니다",
    "rating": "10",
    "date": "14.01.04"
  },
  {
    "review_id": "8337453",
    "movie_id": "102931",
    "author": "gbdy****",
    "review": "18일뒤면 태어날 사촌언니의 아기가 얼른 나욌으면 좋겠어요*_* 생명의 아름다움을 알려주는 모습이에요",
    "rating": "10",
    "date": "14.01.02"
  },
  {
    "review_id": "8336640",
    "movie_id": "102931",
    "author": "haha****",
    "review": "강력추천!!!! 꼭보세요!!",
    "rating": "10",
    "date": "14.01.01"
  },
  {
    "review_id": "8336632",
    "movie_id": "102931",
    "author": "haha****",
    "review": "좋은영화네요!! 강추",
    "rating": "10",
    "date": "14.01.01"
  },
  {
    "review_id": "8336208",
    "movie_id": "102931",
    "author": "j744****",
    "review": "여시 낙태충이 이 영화를 싫어합니다",
    "rating": "5",
    "date": "14.01.01"
  },
  {
    "review_id": "8323087",
    "movie_id": "102931",
    "author": "bles****",
    "review": "생명 그 자체만으로 아름다운 기적",
    "rating": "6",
    "date": "13.12.29"
  },
  {
    "review_id": "7770555",
    "movie_id": "102931",
    "author": "paks****",
    "review": "영화로만든것 자체만으로도 대단합니다.",
    "rating": "10",
    "date": "13.07.21"
  },
  {
    "review_id": "7490313",
    "movie_id": "102931",
    "author": "0024****",
    "review": "정말로 신기합니다  아기가 만들어지는 과정 또한 10개월동안 뱃속에 있는 신기로움 정말로 탄생이라는것은 신기함 그자체입니다 예비맘으로 정말 많은 도움됩니다",
    "rating": "8",
    "date": "13.04.28"
  },
  {
    "review_id": "7484605",
    "movie_id": "102931",
    "author": "worl****",
    "review": "정말 신비롭고 태아의 발달과정을 생생하게 볼 수 있어서 정말 신기했어요 ㅎㅎ 근데 왜 다른 평에서 여성시대 등의 커뮤니티가 입에서 오르내리는지 모르겠네요 전혀 낙태랑 관련없는 곳인데 ㅋ 이렇게 다른 커뮤니티를 깎아내리려는것을 보니 일베충들인것같네욬",
    "rating": "10",
    "date": "13.04.26"
  },
  {
    "review_id": "7484053",
    "movie_id": "102931",
    "author": "ckqh****",
    "review": "너무나도 신비롭고 유익한 영화 였어요 티비방송도 보았지만 3d라 신기하고 잼나게 봤네요 ㅎ 아이들 교육적으로도 좋은것같구 ㅎ 아들도 잼나게 보고는 이것저것 묻네요 ㅎ",
    "rating": "10",
    "date": "13.04.26"
  },
  {
    "review_id": "7476932",
    "movie_id": "102931",
    "author": "gytj****",
    "review": "낙태충들이 보면 찔리는게 많을것 같아요~여성시대, 쭉빵, 뉴쭉빵 등등",
    "rating": "10",
    "date": "13.04.23"
  },
  {
    "review_id": "7474817",
    "movie_id": "102931",
    "author": "wpsw****",
    "review": "여성시대, 베티같은 여초사이트에서 별점을 내리는듯한 생각이 드는건 나뿐일까요..?",
    "rating": "10",
    "date": "13.04.22"
  },
  {
    "review_id": "7473431",
    "movie_id": "102931",
    "author": "tari****",
    "review": "3D 그래픽은 맞지만 3D 영상이라는 명목으로 1만원 이상 관람비를 책정하진 않겠죠 설마",
    "rating": "1",
    "date": "13.04.21"
  },
  {
    "review_id": "7472503",
    "movie_id": "102931",
    "author": "zxca****",
    "review": "이런개뭔 영화입니까..",
    "rating": "1",
    "date": "13.04.21"
  },
  {
    "review_id": "7469125",
    "movie_id": "102931",
    "author": "klem****",
    "review": ".",
    "rating": "1",
    "date": "13.04.19"
  },
  {
    "review_id": "7468855",
    "movie_id": "102931",
    "author": "nobl****",
    "review": "정말 신비롭네요 출산을앞두고계신분들 보시면 좋을듯..",
    "rating": "10",
    "date": "13.04.19"
  },
  {
    "review_id": "7468753",
    "movie_id": "102931",
    "author": "eins****",
    "review": "정말 신비롭네요~",
    "rating": "10",
    "date": "13.04.19"
  },
  {
    "review_id": "7468305",
    "movie_id": "102931",
    "author": "mr_c****",
    "review": "해외에서 호평받았던 그 다큐멘터리. 기대됩니다",
    "rating": "10",
    "date": "13.04.19"
  },
  {
    "review_id": "7467757",
    "movie_id": "102931",
    "author": "baks****",
    "review": "태아?그것도 3D씨...바...(웃음)",
    "rating": "2",
    "date": "13.04.19"
  },
  {
    "review_id": "7467550",
    "movie_id": "102931",
    "author": "a335****",
    "review": "머임?",
    "rating": "2",
    "date": "13.04.18"
  }
]