[
  {
    "review_id": "8200369",
    "movie_id": "102968",
    "author": "534k****",
    "review": "다 1점주길래 나도 1점이다 에라 받아랏",
    "rating": "1",
    "date": "13.12.08"
  },
  {
    "review_id": "8156008",
    "movie_id": "102968",
    "author": "jini****",
    "review": "이 영화 보신분... 엔딩 장면에 이들이 찾아간 곳은 어디인가요?",
    "rating": "5",
    "date": "13.11.20"
  },
  {
    "review_id": "7644671",
    "movie_id": "102968",
    "author": "ckdr****",
    "review": "이런평점도 있구나 ㅋㅋ",
    "rating": "1",
    "date": "13.06.15"
  },
  {
    "review_id": "7367266",
    "movie_id": "102968",
    "author": "baby****",
    "review": "고대수야 해진, 해보, 악화, 손신, 손립은 어따 갔다버림?",
    "rating": "10",
    "date": "13.03.19"
  },
  {
    "review_id": "7321272",
    "movie_id": "102968",
    "author": "kjj1****",
    "review": "아나개빡치네",
    "rating": "1",
    "date": "13.03.03"
  },
  {
    "review_id": "7315205",
    "movie_id": "102968",
    "author": "seag****",
    "review": "내인생최고의영화    연출,연기,시나리오 모두최고였다",
    "rating": "10",
    "date": "13.03.01"
  },
  {
    "review_id": "7307667",
    "movie_id": "102968",
    "author": "twin****",
    "review": "와나 ㅡㅡㅡㅡ 장난?",
    "rating": "1",
    "date": "13.02.27"
  },
  {
    "review_id": "7266425",
    "movie_id": "102968",
    "author": "siri****",
    "review": "심형래 영화보다 재미없나?...",
    "rating": "1",
    "date": "13.02.15"
  },
  {
    "review_id": "7235760",
    "movie_id": "102968",
    "author": "yang****",
    "review": "재미더럽게없다..1점준거중 한국영화,조폭영화는 10점주는 매미OO있네",
    "rating": "1",
    "date": "13.02.07"
  },
  {
    "review_id": "7234169",
    "movie_id": "102968",
    "author": "piza****",
    "review": "아놔 속았다.. 수호지.. ㅡ.ㅡ 무협 영화가 아니고 동네 양아치 삼류 영화네.. ㅡ.ㅡ",
    "rating": "1",
    "date": "13.02.07"
  },
  {
    "review_id": "7198931",
    "movie_id": "102968",
    "author": "xcom****",
    "review": "1점대네. 안봐야겠다.",
    "rating": "1",
    "date": "13.01.30"
  },
  {
    "review_id": "7187526",
    "movie_id": "102968",
    "author": "ver_****",
    "review": "1점도 아까운 OOO기 영화",
    "rating": "1",
    "date": "13.01.28"
  },
  {
    "review_id": "7179908",
    "movie_id": "102968",
    "author": "ddrf****",
    "review": "이영화에 투자하신분 진짜 용자시네요  경의를표합니다",
    "rating": "1",
    "date": "13.01.26"
  },
  {
    "review_id": "7179819",
    "movie_id": "102968",
    "author": "khs1****",
    "review": "수호지라고 해서 봤더니... 보는 내내 눈과 귀가 썩는줄 알았다 ㅅㅂ.. 개빡침",
    "rating": "1",
    "date": "13.01.26"
  },
  {
    "review_id": "7179547",
    "movie_id": "102968",
    "author": "jps1****",
    "review": "?",
    "rating": "1",
    "date": "13.01.26"
  },
  {
    "review_id": "7176005",
    "movie_id": "102968",
    "author": "pria****",
    "review": "무슨 할 말이 있겠노.",
    "rating": "2",
    "date": "13.01.26"
  },
  {
    "review_id": "7171316",
    "movie_id": "102968",
    "author": "repr****",
    "review": "아....진짜 열받네 포스터 똑바로 그려라...포스터와 전혀 상관없는 내용의 영화야...아주 그냥 포스터 불태워 버린다",
    "rating": "1",
    "date": "13.01.25"
  },
  {
    "review_id": "7169446",
    "movie_id": "102968",
    "author": "elio****",
    "review": "난 이거 영화가 아니라 짱개 드라마인 줄 알았다. 비디오카메라로 찍은 것 같음. 화면 음향 특수효과 영상 모두 TV드라마 스팩. 이딴걸 개봉하려는 용자는 뉴규?",
    "rating": "1",
    "date": "13.01.25"
  },
  {
    "review_id": "7168885",
    "movie_id": "102968",
    "author": "bles****",
    "review": "포스터는 다른 영화인거지?",
    "rating": "2",
    "date": "13.01.24"
  },
  {
    "review_id": "7168164",
    "movie_id": "102968",
    "author": "fuck****",
    "review": "내위에 모니터 불태우고 싶다는ㅋㅋㅋㅋ 방터짐  PC를우셈 ㅋㅋㅋㅋㅋㅋㅋ",
    "rating": "1",
    "date": "13.01.24"
  },
  {
    "review_id": "7161527",
    "movie_id": "102968",
    "author": "onel****",
    "review": "ㅋㅋㅋㅋ내위에 모니터 불태우고 싶다는 ㅋㅋㅋㅋㅋㅋ 빵터졌네..",
    "rating": "1",
    "date": "13.01.23"
  },
  {
    "review_id": "7158964",
    "movie_id": "102968",
    "author": "gold****",
    "review": "보면 정말 후회해요.. 영화수준이 CNTV인가있죠? 중국드라마 해주는데.. 거기 나오는 이름 없는 드라마보다 재미없고 내용도 없고, 보다보면 진짜 모니터 불 태워버리고 싶을거에요..",
    "rating": "1",
    "date": "13.01.23"
  }
]