[
  {
    "review_id": "9660796",
    "movie_id": "102969",
    "author": "ske4****",
    "review": "미운아이 떡하나 더 주는 심정으로....",
    "rating": "10",
    "date": "15.02.02"
  },
  {
    "review_id": "9624949",
    "movie_id": "102969",
    "author": "dong****",
    "review": "내용은 괜찮은데 그래픽이....",
    "rating": "1",
    "date": "15.01.22"
  },
  {
    "review_id": "9296531",
    "movie_id": "102969",
    "author": "gang****",
    "review": "재미없다. 그냥 그래픽 안좋아요.",
    "rating": "1",
    "date": "14.10.16"
  },
  {
    "review_id": "9074894",
    "movie_id": "102969",
    "author": "yeo_****",
    "review": "차라리 2D로 하는게 더 좋았을것을..",
    "rating": "1",
    "date": "14.08.12"
  },
  {
    "review_id": "8527019",
    "movie_id": "102969",
    "author": "kklo****",
    "review": "일본, 미국 애니보다가 이거 보니... 진짜 무슨 장난같다 ;;",
    "rating": "1",
    "date": "14.02.21"
  },
  {
    "review_id": "8410885",
    "movie_id": "102969",
    "author": "andr****",
    "review": "스토리는 괜찮은데 그래픽이 터무니없군요.",
    "rating": "2",
    "date": "14.01.22"
  },
  {
    "review_id": "8369748",
    "movie_id": "102969",
    "author": "real****",
    "review": "진짜 그래픽 쩌네 ㅋ 너무 심하자나.",
    "rating": "1",
    "date": "14.01.11"
  },
  {
    "review_id": "8054974",
    "movie_id": "102969",
    "author": "kyo1****",
    "review": "내용을 떠나서 그래픽이 극장판치곤  너무 허접한것  같다.  16년 전에 나온 토이스토리보다 퀼리티가 떨어지냐?",
    "rating": "1",
    "date": "13.10.12"
  },
  {
    "review_id": "8008392",
    "movie_id": "102969",
    "author": "baks****",
    "review": "네이버 영화판에,평점0점을 신설해야 하는 이유...",
    "rating": "1",
    "date": "13.09.22"
  },
  {
    "review_id": "7420050",
    "movie_id": "102969",
    "author": "yang****",
    "review": "재미없다..애들도 싫어할듯..",
    "rating": "1",
    "date": "13.03.29"
  },
  {
    "review_id": "7338290",
    "movie_id": "102969",
    "author": "bles****",
    "review": "심각하게 수준 미달",
    "rating": "2",
    "date": "13.03.10"
  },
  {
    "review_id": "7257282",
    "movie_id": "102969",
    "author": "pico****",
    "review": "ㅋㅋㅋ이거모얔ㅋㅋㅋ",
    "rating": "10",
    "date": "13.02.12"
  },
  {
    "review_id": "7245815",
    "movie_id": "102969",
    "author": "kimj****",
    "review": "별로..",
    "rating": "1",
    "date": "13.02.10"
  },
  {
    "review_id": "7224329",
    "movie_id": "102969",
    "author": "chzh****",
    "review": "ㅋ",
    "rating": "10",
    "date": "13.02.04"
  }
]