[
  {
    "review_id": "8772216",
    "movie_id": "102948",
    "author": "a109****",
    "review": "av배우로 요즘 머 찍었나 궁금해서 보긴 했는데..",
    "rating": "4",
    "date": "14.05.28"
  },
  {
    "review_id": "8501834",
    "movie_id": "102948",
    "author": "rldn****",
    "review": "일본은 머이리 야한영화만 만드냐. 평범한 영화가 없나?",
    "rating": "1",
    "date": "14.02.12"
  },
  {
    "review_id": "8178445",
    "movie_id": "102948",
    "author": "almo****",
    "review": "에로와 코믹을 합친 영화는 많이 봐 왔으나 일본제라선지 독특하다. 무엇보다 여배우가 좋아",
    "rating": "5",
    "date": "13.11.30"
  },
  {
    "review_id": "7918990",
    "movie_id": "102948",
    "author": "sayy****",
    "review": "혹시나 했지만 역시나 별로였던",
    "rating": "1",
    "date": "13.08.24"
  },
  {
    "review_id": "7911086",
    "movie_id": "102948",
    "author": "kazp****",
    "review": "내용이 참 없다.",
    "rating": "1",
    "date": "13.08.22"
  },
  {
    "review_id": "7337105",
    "movie_id": "102948",
    "author": "neck****",
    "review": "시종일관 관객들의 극적 감정을 조정해내기위해 감독은 미인계를 선택한다. 영화중반이 지나갈때쯤 난 이미  그녀의 위태로운 결함에 가슴 아파하고 있었고 난관에 함께 고민하고 있었다..   추구미~",
    "rating": "10",
    "date": "13.03.10"
  },
  {
    "review_id": "7316093",
    "movie_id": "102948",
    "author": "yang****",
    "review": "재미없다..",
    "rating": "1",
    "date": "13.03.02"
  }
]