[
  {
    "review_id": "7703644",
    "movie_id": "102952",
    "author": "hawn****",
    "review": "이 영화 OO 웃김 칼에 않맞는거 엄청 티나고 독침빵터짐 연기하는 본인들은 겁나 진지한데 마치 자뻑 빠진 고딩 느낌이었음 글고 전개가 허무할정도로 클라이맥스에서 빨리 끝남 점점 뒤로 갈수록 급하게 끝내는 느낌?",
    "rating": "1",
    "date": "13.07.04"
  },
  {
    "review_id": "7350394",
    "movie_id": "102952",
    "author": "mai7****",
    "review": "요시자와 아키호가 나오니까 벗는건가?",
    "rating": "10",
    "date": "13.03.15"
  },
  {
    "review_id": "7315731",
    "movie_id": "102952",
    "author": "yang****",
    "review": "재미없다..",
    "rating": "1",
    "date": "13.03.01"
  }
]