[
  {
    "review_id": "7964229",
    "movie_id": "102922",
    "author": "pro4****",
    "review": "자극적이고 몰입도를 높이는 내용은 없는뎁- 아이들이 티비볼 시간에 꿈찾는 다니엘 보는게 훨씬 좋음.",
    "rating": "9",
    "date": "13.09.10"
  },
  {
    "review_id": "7458881",
    "movie_id": "102922",
    "author": "supi****",
    "review": "개콘의 유행어는 다 갖다쓰고 내용은 공감대 형성하기 어려워요. 내용이 지루해요.듣는게 모두 사실은 아니다.이런 교훈하나 얻고가네요.",
    "rating": "4",
    "date": "13.04.14"
  },
  {
    "review_id": "7458226",
    "movie_id": "102922",
    "author": "bell****",
    "review": "재미있었어요~~^^",
    "rating": "10",
    "date": "13.04.14"
  },
  {
    "review_id": "7455632",
    "movie_id": "102922",
    "author": "chul****",
    "review": "멋저요",
    "rating": "10",
    "date": "13.04.13"
  },
  {
    "review_id": "7447961",
    "movie_id": "102922",
    "author": "rina****",
    "review": "애들은 무섭다고 울고, 어른도 놀라서 화들짝하고  내용은 너무 심오해서 어떻게 전체관람가가 나온 이유를 모르겠네요.",
    "rating": "2",
    "date": "13.04.10"
  },
  {
    "review_id": "7442048",
    "movie_id": "102922",
    "author": "nogi****",
    "review": "스토리 엉성. 그림 엉성. 애들영화인데 애들도 몰입 하기힘든 영화. 어른은 뭘 말하는건지. 주말 아까운시간 버렸다.",
    "rating": "1",
    "date": "13.04.07"
  },
  {
    "review_id": "7441659",
    "movie_id": "102922",
    "author": "leht****",
    "review": "영화보다가 나오는 경우는 이 영화가 처음.. 최악의 에니메이션..",
    "rating": "1",
    "date": "13.04.07"
  },
  {
    "review_id": "7440870",
    "movie_id": "102922",
    "author": "bigb****",
    "review": "다니엘이 너무 사랑스러운 영화예요. 역시 더빙은 성우가 제맛!",
    "rating": "9",
    "date": "13.04.07"
  },
  {
    "review_id": "7438827",
    "movie_id": "102922",
    "author": "0930****",
    "review": "넘 재미이따",
    "rating": "10",
    "date": "13.04.06"
  },
  {
    "review_id": "7438286",
    "movie_id": "102922",
    "author": "gogo****",
    "review": "제미있네",
    "rating": "10",
    "date": "13.04.06"
  },
  {
    "review_id": "7436914",
    "movie_id": "102922",
    "author": "lcdm****",
    "review": "4월5일 아이둘과 와이프랑 본 결과, 역대 최악의 애니메이션으로 등극! 특히 해석은 구글 번역기를 그대로 이용한것이 확실함 ㅡㅡㅋ",
    "rating": "1",
    "date": "13.04.05"
  },
  {
    "review_id": "7436511",
    "movie_id": "102922",
    "author": "dltj****",
    "review": "용감한 다니엘이 꿈을  이루는 모습에 저도 재밌었고, 딸아이가 참 좋아하네요. 다니엘 사랑스러워요.",
    "rating": "9",
    "date": "13.04.05"
  },
  {
    "review_id": "7425881",
    "movie_id": "102922",
    "author": "hann****",
    "review": "사랑스러운 주인공 다니엘..딸아이가 정말 좋아하네요~ 아이는 물론 저랑 남편도 재미있게 봤네요~^^",
    "rating": "10",
    "date": "13.03.31"
  },
  {
    "review_id": "7424503",
    "movie_id": "102922",
    "author": "head****",
    "review": "별한개도 아깝고 내 시간 내돈 내 기름값 ㅜㅜ",
    "rating": "1",
    "date": "13.03.31"
  },
  {
    "review_id": "7422887",
    "movie_id": "102922",
    "author": "siyi****",
    "review": "여기도 1점 알바가 극성이구나. 쯧쯧... 디즈니에 비할순 없어도 허접한 애니는 아니더만..",
    "rating": "10",
    "date": "13.03.30"
  },
  {
    "review_id": "7422561",
    "movie_id": "102922",
    "author": "hks1****",
    "review": "6살 아들이 영화보다 집에가자고 했음..어른인 내가봐도 진짜 재미없고 주위애들도 전부 집중못하고 산만해지고 여기저기 끝났냐고 물어보는 소리만 들림..ㅡㅡ 최악",
    "rating": "1",
    "date": "13.03.30"
  },
  {
    "review_id": "7420650",
    "movie_id": "102922",
    "author": "hoon****",
    "review": "??? 이건 뭐지? 얘들 코묻은 돈 띁을려고?",
    "rating": "1",
    "date": "13.03.29"
  },
  {
    "review_id": "7416440",
    "movie_id": "102922",
    "author": "oje0****",
    "review": "진짜 재미없음 본사람들 다 시간아깝다고 난리났음",
    "rating": "1",
    "date": "13.03.28"
  },
  {
    "review_id": "7414356",
    "movie_id": "102922",
    "author": "cjj9****",
    "review": "완존 잼게 보고 와씀ㅋㅋ 사촌동생들이랑 봤는데 애들이 넘넘 좋아하던데 ㅋㅋㅋ 대박나세요 ㅋㅋㅋㅋㅋㅋㅋㅋ스파키 완존 귀여워염ㅋㅋ",
    "rating": "10",
    "date": "13.03.27"
  },
  {
    "review_id": "7414352",
    "movie_id": "102922",
    "author": "oran****",
    "review": "10점 만점에 10점 애니메이션 ㅋㅋㅋㅋㅋ  어른들이 보기에도 나름 재밌더라구요 ㅋㅋ 흔하지 않은 애니메이션이라서 맘에 들었고요 애들한테 꿈과 희망에 대한 얘기도 그렇고 ㅎㅎ책도 읽어봐야곘어요 ㅋㅋ",
    "rating": "10",
    "date": "13.03.27"
  },
  {
    "review_id": "7414347",
    "movie_id": "102922",
    "author": "ninn****",
    "review": "전 굉장히 재밌게 보고 왔어요^^ 아이들이 너무 좋아하던데요 ㅋㅋ캐릭터들도 다양하고 ㅎㅎ 아는 언니 애들데리고 다녀왔는데  애들이 다 좋아하더라구요 오랜만에 아이들 영화 찾아서 기쁘네요^^",
    "rating": "10",
    "date": "13.03.27"
  },
  {
    "review_id": "7413494",
    "movie_id": "102922",
    "author": "youn****",
    "review": "우리 아이 6년 평생 본 영화중에 최고로 재미없고 지루한 영화.극장에서 나오는 길에 주변에 아이 엄마들에게 절대로 보지말라고 문자까지 돌렸어요",
    "rating": "1",
    "date": "13.03.26"
  },
  {
    "review_id": "7412863",
    "movie_id": "102922",
    "author": "jyko****",
    "review": "물고기 나오는 영화라 아이가 좋아할 줄 알았는데 정말 지루했어요. 다른 아이들은 집에 가자고 난리였네요. 그림이 예쁠 줄 알았는데 시커먼 바다 ㅠㅠ 음침한 배경 ㅠㅠ",
    "rating": "1",
    "date": "13.03.26"
  },
  {
    "review_id": "7411639",
    "movie_id": "102922",
    "author": "verm****",
    "review": "나쁘지 않습디다.. 단순한 플롯이 되려 귀엽기도 하고.. 신나하는 우리 꼬맹이들이 좋았다니 만족할 뿐..",
    "rating": "7",
    "date": "13.03.25"
  },
  {
    "review_id": "7411350",
    "movie_id": "102922",
    "author": "nerv****",
    "review": "6살 아들에게 미안할 정도로 정말 스토리 완성도가 떨어집니다. 재밌지도 않고, 감동적이지도 않아요..처음부터 무리를 벗어나는 게 꿈꾸는 일인 것처럼 강조하니 할 말이 없었어요..",
    "rating": "1",
    "date": "13.03.25"
  },
  {
    "review_id": "7411194",
    "movie_id": "102922",
    "author": "ehql****",
    "review": "내가 본 돌고래중에 가장 예쁜 돌고래 ㅎㅎㅎ 화면도 예쁘고 정말 바다에 와있는 기분이 들었어요! 추천드립니다 ㅎ",
    "rating": "10",
    "date": "13.03.25"
  },
  {
    "review_id": "7411178",
    "movie_id": "102922",
    "author": "huak****",
    "review": "바닷속의 수 많은 어폐류들과 떠나는 환상모험!! 그림이 정말예뻐요~",
    "rating": "10",
    "date": "13.03.25"
  },
  {
    "review_id": "7411176",
    "movie_id": "102922",
    "author": "jieu****",
    "review": "애니메이션 한편으로 지친 저의 심신이 힐링이 되었네요ㅋㅋ다니엘을 통해 저의 꿈을 다시한번 되새겨 보게 되네요",
    "rating": "10",
    "date": "13.03.25"
  },
  {
    "review_id": "7411172",
    "movie_id": "102922",
    "author": "swee****",
    "review": "다니엘이 오징어 칼과 함께 떠나는 신나는 바닷 속 여행이 정말 기분좋게 하네요!ㅋㅋㅋㅋㅋ꿈과 희망을 찾아주는 애니메이션이야 말로 아이들에게 꼭 보여줘야 하는 애니메이션이 아닐까 싶어요!강추입니다!",
    "rating": "10",
    "date": "13.03.25"
  },
  {
    "review_id": "7410346",
    "movie_id": "102922",
    "author": "blis****",
    "review": "아빠: 영화 재미있었니?아들: 네~아빠: 무슨내용이니?아들: 꿈찾는 이야기요~내용도 아주잘 이야기하고 무엇을 말하려는지도 자세히 정확히 말해주는 아들~꿈찾는내용이라  아이가 지루할거라 고생각했는데 아주좋아하하던데요~",
    "rating": "9",
    "date": "13.03.25"
  },
  {
    "review_id": "7408674",
    "movie_id": "102922",
    "author": "cact****",
    "review": "이정도면 합격점.",
    "rating": "10",
    "date": "13.03.24"
  },
  {
    "review_id": "7407683",
    "movie_id": "102922",
    "author": "volc****",
    "review": "아이들이랑 함께 가서 보기 좋은 영화입니다. 따뜻한 감동이 있었어요. =)",
    "rating": "8",
    "date": "13.03.24"
  },
  {
    "review_id": "7406861",
    "movie_id": "102922",
    "author": "rn00****",
    "review": "짱재미있어요! 굿굿굿!",
    "rating": "10",
    "date": "13.03.24"
  },
  {
    "review_id": "7406838",
    "movie_id": "102922",
    "author": "teno****",
    "review": "재밋게 잘봤어요~",
    "rating": "10",
    "date": "13.03.24"
  },
  {
    "review_id": "7406758",
    "movie_id": "102922",
    "author": "amdi****",
    "review": "내용은 교육적이나 정말지루해서요ㅜ",
    "rating": "1",
    "date": "13.03.24"
  },
  {
    "review_id": "7406624",
    "movie_id": "102922",
    "author": "cine****",
    "review": "행복은 찾아떠나는 것! 동심잃은 나에게도 아이들에게도 굳굳!!",
    "rating": "10",
    "date": "13.03.24"
  },
  {
    "review_id": "7406616",
    "movie_id": "102922",
    "author": "shin****",
    "review": "유쾌하고 따뜻! 조카랑 봤는데 울지도 않고 재미있어했어요-",
    "rating": "10",
    "date": "13.03.24"
  },
  {
    "review_id": "7405882",
    "movie_id": "102922",
    "author": "free****",
    "review": "유쾌한 영화!!!!",
    "rating": "10",
    "date": "13.03.24"
  },
  {
    "review_id": "7405804",
    "movie_id": "102922",
    "author": "real****",
    "review": "가슴이 따뜻~해지는 영화. ^~^b",
    "rating": "10",
    "date": "13.03.24"
  },
  {
    "review_id": "7405791",
    "movie_id": "102922",
    "author": "yi40****",
    "review": "이야기 전개가 단순하나 오히려 아이들 보기엔 더 좋네요 꿈에 대한 주제도 좋고요",
    "rating": "9",
    "date": "13.03.24"
  },
  {
    "review_id": "7405780",
    "movie_id": "102922",
    "author": "kiku****",
    "review": "최근에 본 애니 중에서 재미있는 편인데ㅎㅎ",
    "rating": "10",
    "date": "13.03.24"
  },
  {
    "review_id": "7405386",
    "movie_id": "102922",
    "author": "ostr****",
    "review": "우리 애들이 너무 좋아해요 덕분에 돌고래 인형도 사줬어요 ㅠㅜ",
    "rating": "10",
    "date": "13.03.24"
  },
  {
    "review_id": "7405291",
    "movie_id": "102922",
    "author": "swal****",
    "review": "꼬꼬마 애기들이랑 같이보기에 재미지던데요??? ^-^ 교훈적인 내용이어서 애들과 함께보기에 딱 좋았습니다",
    "rating": "10",
    "date": "13.03.24"
  },
  {
    "review_id": "7405021",
    "movie_id": "102922",
    "author": "eos4****",
    "review": "진짜진짜  보다보다 이렇게지겨운만화첨입니다딸램보여주려갔더만헉포스터사기입니다포스터색감이라도되면좋으려만시커한바다 우울한 대사더빙엉망임이렇게재미없을수있나요극장서 중간 애들이졸리다고난리ㅡㅡ",
    "rating": "1",
    "date": "13.03.24"
  },
  {
    "review_id": "7404332",
    "movie_id": "102922",
    "author": "yool****",
    "review": "조카들한테 점수 땄네요ㅎㅎ 아이들 보기 딱 좋습니다요~",
    "rating": "10",
    "date": "13.03.24"
  },
  {
    "review_id": "7404060",
    "movie_id": "102922",
    "author": "gsan****",
    "review": "1점 받을 애닌메이션은 아닌데.. 좋아한 우리 아이들이 이상한건가요? 저희 가족은 간만에 좋은 시간 보냈습니다!",
    "rating": "10",
    "date": "13.03.24"
  },
  {
    "review_id": "7402236",
    "movie_id": "102922",
    "author": "ahsz****",
    "review": "진짜 빵점짜리 에니메이션이다..ㅠㅠ 이럴수가...이렇게 준건 첨이야..",
    "rating": "1",
    "date": "13.03.23"
  },
  {
    "review_id": "7401896",
    "movie_id": "102922",
    "author": "manu****",
    "review": "내 생애 가장 재미없었던 애니. 개콘 안보는 우리 아이는 개콘 흉내내는 말투마저도 재미를 느낄 수 없고 화질도 별로. 너무 지루함. 이야기 개연성 없음",
    "rating": "2",
    "date": "13.03.23"
  },
  {
    "review_id": "7401651",
    "movie_id": "102922",
    "author": "kgw7****",
    "review": "진심으로 비추합니다.",
    "rating": "1",
    "date": "13.03.23"
  },
  {
    "review_id": "7401178",
    "movie_id": "102922",
    "author": "2612****",
    "review": "이거 보느니 원피스 보는게 나을 듯 싶네요. 애니도 너무 옛날꺼입니다. 토이스토리 1 보다도 못한 애니입니다. 그만큼 요즘 추세에 맞는 그림체가 아니라 오래된 그림체 입니다. 내용도 대화도 다 부자연스럽고 따분합니다.",
    "rating": "1",
    "date": "13.03.23"
  },
  {
    "review_id": "7400776",
    "movie_id": "102922",
    "author": "psyo****",
    "review": "영화가 전체적으로 톤이 어둡고 이야기를 보여주는게 아니라 말(해설)로 다 푸는 영화네요...애들에게 보여줄만 하지 않아요~~어둔운 부분은 좀 과하게 으스스해서 애들 꿈에 나올까 걱정입니다..",
    "rating": "1",
    "date": "13.03.23"
  },
  {
    "review_id": "7400486",
    "movie_id": "102922",
    "author": "rhax****",
    "review": "재미있음",
    "rating": "9",
    "date": "13.03.23"
  },
  {
    "review_id": "7400390",
    "movie_id": "102922",
    "author": "qute****",
    "review": "화질도 별로고 캐릭터도 별로고 내용도 별로다 내용은 단한가지!!꿈가지고 살아라가 전부다",
    "rating": "2",
    "date": "13.03.23"
  },
  {
    "review_id": "7396050",
    "movie_id": "102922",
    "author": "qkqk****",
    "review": "아직 안봤지만 재밌을것같네요...  제2의 파이스토리 느낌이 드네요...",
    "rating": "10",
    "date": "13.03.22"
  },
  {
    "review_id": "7386282",
    "movie_id": "102922",
    "author": "ownw****",
    "review": "아이들이 너무 좋아해요! 그림도 이쁘고~ 귀여운 다니엘",
    "rating": "9",
    "date": "13.03.21"
  },
  {
    "review_id": "7385316",
    "movie_id": "102922",
    "author": "jame****",
    "review": "아이들에게 꿈과 희망을~ 좋은 내용이네요",
    "rating": "10",
    "date": "13.03.21"
  },
  {
    "review_id": "7384994",
    "movie_id": "102922",
    "author": "suza****",
    "review": "애들 보여주면 너무 좋아할 것 같네요. 조지훈 씨 더빙도 기대됩니다.",
    "rating": "9",
    "date": "13.03.21"
  },
  {
    "review_id": "7384783",
    "movie_id": "102922",
    "author": "nuho****",
    "review": "우리집 아이 델꾸가서 봤는데, 아이가 너무 좋아해요 ㅎㅎ 스티커도 받고 좋아라 하구~ 주변 애기엄마들한테 추천중!! 재미있는 애니메이션이에요",
    "rating": "10",
    "date": "13.03.21"
  },
  {
    "review_id": "7384774",
    "movie_id": "102922",
    "author": "cij5****",
    "review": "재미있어요~  아이들에게 보여주면 정말 유익한 영화라는 ㅎㅎ 돌고래도 넘 귀엽구, 특히 조지훈씨가 더빙을 너무 잘하셔서 ㅎㅎㅎ 강추입니닷!!",
    "rating": "10",
    "date": "13.03.21"
  },
  {
    "review_id": "7384643",
    "movie_id": "102922",
    "author": "picc****",
    "review": "시사회에서 봤었는데 아이들이 졸라서 또 보러 갑니다 대사들도 유익하고 좋았습니다",
    "rating": "10",
    "date": "13.03.21"
  },
  {
    "review_id": "7384606",
    "movie_id": "102922",
    "author": "ledb****",
    "review": "꿈을꾼다는걸 아이들에게 보여준다는것은 정말 중요한 일이라고 생각합니다 돌고래 만세!!",
    "rating": "10",
    "date": "13.03.21"
  },
  {
    "review_id": "7382208",
    "movie_id": "102922",
    "author": "p066****",
    "review": "1점 줄 영화는 아닌듯.. 기분이닷 전 10점요~^^볼만해요~",
    "rating": "10",
    "date": "13.03.21"
  },
  {
    "review_id": "7382170",
    "movie_id": "102922",
    "author": "note****",
    "review": "난 시사가서 재밌게봤는데~조카도 신나서 사진도 찍고.. 으리 어쩌고하시는분들은.. 몬가요..ㅋ",
    "rating": "10",
    "date": "13.03.21"
  },
  {
    "review_id": "7381910",
    "movie_id": "102922",
    "author": "ckdr****",
    "review": "아이에게 의리를 가르치고 싶다면  영웅을 보라",
    "rating": "1",
    "date": "13.03.21"
  },
  {
    "review_id": "7381887",
    "movie_id": "102922",
    "author": "zozo****",
    "review": "의리따윈 눈을 씻고 찾아봐도 없는 졸렬한 영화.",
    "rating": "1",
    "date": "13.03.21"
  },
  {
    "review_id": "7381876",
    "movie_id": "102922",
    "author": "tdcy****",
    "review": "베스트셀러 원작이라 믿음이 가네요~",
    "rating": "10",
    "date": "13.03.21"
  },
  {
    "review_id": "7381869",
    "movie_id": "102922",
    "author": "asht****",
    "review": "감동적이게 유치해보여",
    "rating": "1",
    "date": "13.03.21"
  },
  {
    "review_id": "7381859",
    "movie_id": "102922",
    "author": "rona****",
    "review": "ㅡㅡㅋ",
    "rating": "1",
    "date": "13.03.21"
  },
  {
    "review_id": "7381813",
    "movie_id": "102922",
    "author": "nept****",
    "review": "아이들 눈높이에 딱맞는 간만에 유익한 애니!!",
    "rating": "10",
    "date": "13.03.21"
  }
]