[
  {
    "review_id": "10145834",
    "movie_id": "103045",
    "author": "ske4****",
    "review": "과감한 폐지에 박수를 보낸다!!",
    "rating": "1",
    "date": "15.07.26"
  },
  {
    "review_id": "7204721",
    "movie_id": "103045",
    "author": "quar****",
    "review": "상당히 유익했어요~ 앞으로도 기대하겠습니다.",
    "rating": "10",
    "date": "13.01.31"
  },
  {
    "review_id": "7179895",
    "movie_id": "103045",
    "author": "csy0****",
    "review": "'게스트가 책을 선정, 그에 따라 주제가 선정되는 북 토크 쇼' 라는 내용과 달리 상반된 이미지를 가진 MC가 일부 캐스팅되어 아쉽습니다.사생활 등의 예능 요소를 줄이고, 책에 대한 토크를 늘린다면, 좀더 바람직한 프로그램이 될 것이라 예상합니다.",
    "rating": "5",
    "date": "13.01.26"
  }
]