[
  {
    "review_id": "9935315",
    "movie_id": "103064",
    "author": "pihw****",
    "review": "조금은 특이하면서 스토리전개도 볼만해요",
    "rating": "5",
    "date": "15.05.21"
  },
  {
    "review_id": "9925881",
    "movie_id": "103064",
    "author": "andr****",
    "review": "김서형 섭외해서 다시 시즌 2 했으면 고현정하고... ㅠㅠ",
    "rating": "10",
    "date": "15.05.17"
  },
  {
    "review_id": "9917278",
    "movie_id": "103064",
    "author": "qaza****",
    "review": "핵노잼  너목들이 천만배 재밌음.",
    "rating": "1",
    "date": "15.05.14"
  },
  {
    "review_id": "9750255",
    "movie_id": "103064",
    "author": "6mar****",
    "review": "김새론  김향기 천보근 서신애 연기 잘하고요 재밌어요",
    "rating": "10",
    "date": "15.03.01"
  },
  {
    "review_id": "9354709",
    "movie_id": "103064",
    "author": "chdm****",
    "review": "아 진짜 이거볼까 너목들볼까 고민했던 드라마",
    "rating": "10",
    "date": "14.11.08"
  },
  {
    "review_id": "9317296",
    "movie_id": "103064",
    "author": "wonj****",
    "review": "아.. 이거보는낙의로 살았는데 16부작이란게안타까웠는데 역대드라마중에서 최고같아요",
    "rating": "10",
    "date": "14.10.26"
  },
  {
    "review_id": "9192523",
    "movie_id": "103064",
    "author": "khuk****",
    "review": "유쾌하고 감동! 아이들 그리고 부보님 그리고 그 시절을 보냈던 모든 사람들에게 강추한다~!!!",
    "rating": "10",
    "date": "14.09.09"
  },
  {
    "review_id": "9175976",
    "movie_id": "103064",
    "author": "rkdg****",
    "review": "내가 본 대한민국 드라마중 최고...후",
    "rating": "10",
    "date": "14.09.06"
  },
  {
    "review_id": "9115641",
    "movie_id": "103064",
    "author": "s_o0****",
    "review": "두고두고 생각날 드라마!",
    "rating": "10",
    "date": "14.08.20"
  },
  {
    "review_id": "8906851",
    "movie_id": "103064",
    "author": "jjan****",
    "review": "애들 연기는 괜찮았는데 원작에 비해 상당히 부족한 작품이었습니다",
    "rating": "4",
    "date": "14.07.12"
  },
  {
    "review_id": "8839973",
    "movie_id": "103064",
    "author": "bpni****",
    "review": "아이들만의 이야기가 아닌 어른들이 꼭 봐야할 드라마입니다 오히려 요즘같은 세태에선 이런 가르침을 주실 분들이 있어야 되는데...ㅠㅜ",
    "rating": "10",
    "date": "14.06.19"
  },
  {
    "review_id": "8809475",
    "movie_id": "103064",
    "author": "can9****",
    "review": "오글거리긴 했는데 연기와 전달하는 내용은 정말봏았던...너목들이아니었다면 빛을봤을 드라마..오랜만에 가슴속에 뭉클한것이 느껴졌다.",
    "rating": "10",
    "date": "14.06.07"
  },
  {
    "review_id": "8792244",
    "movie_id": "103064",
    "author": "jyej****",
    "review": "최고에요 드라마 안보는 편인데 정말 재밌게봤어요",
    "rating": "10",
    "date": "14.06.04"
  },
  {
    "review_id": "8549172",
    "movie_id": "103064",
    "author": "kjg2****",
    "review": "아이들이 하나같이 다 예쁘다@ㅅ@",
    "rating": "10",
    "date": "14.03.01"
  },
  {
    "review_id": "8520920",
    "movie_id": "103064",
    "author": "wlgp****",
    "review": "제인생 최고의 드라마입니다 한편의 영화 못지않은 구성에 많은사람들이 접했으면한 드라마인데 아쉬운점이 남네요",
    "rating": "10",
    "date": "14.02.19"
  },
  {
    "review_id": "8468088",
    "movie_id": "103064",
    "author": "qjag****",
    "review": "일드로도 봤지만 다시보니까 재밌네요.근데 3년만이라 스토리가 기억이잘안나서 더 재밌게본거같네요",
    "rating": "10",
    "date": "14.02.02"
  },
  {
    "review_id": "8342286",
    "movie_id": "103064",
    "author": "ehdg****",
    "review": "너목들에비해 시청률은낮았지만 사랑타령없는 순수한우정 그리고 우리나라 교육현실에대해 비꼬집고있다 그예가 뇌물문제..교감과 학부모회장",
    "rating": "10",
    "date": "14.01.03"
  },
  {
    "review_id": "8334096",
    "movie_id": "103064",
    "author": "juda****",
    "review": "역대 최고의 드라마 디비디 좀 내주세요.",
    "rating": "10",
    "date": "14.01.01"
  },
  {
    "review_id": "8204729",
    "movie_id": "103064",
    "author": "invt****",
    "review": "2회까지 보고 아이들 이야기인것도 같고 재미도 없고 해서 안 볼려하는데 갈수록 재미있어지더라구요. 명언도 참 많이 나오고 좋은 드라마인듯. 추천합니다.",
    "rating": "8",
    "date": "13.12.10"
  },
  {
    "review_id": "8170723",
    "movie_id": "103064",
    "author": "thdw****",
    "review": "김탁구와 버금가는 내생에 최고의 드라마",
    "rating": "10",
    "date": "13.11.27"
  },
  {
    "review_id": "8162048",
    "movie_id": "103064",
    "author": "leeh****",
    "review": "굿입니다 굿이예요 추천",
    "rating": "10",
    "date": "13.11.23"
  },
  {
    "review_id": "8157657",
    "movie_id": "103064",
    "author": "hito****",
    "review": "모르겠어요 찾고싶던걸 잊고있다가 찾은거같아요",
    "rating": "10",
    "date": "13.11.21"
  },
  {
    "review_id": "8147800",
    "movie_id": "103064",
    "author": "otpc****",
    "review": "정말 마음에 들었어요. 이거 원래 보면 안 되는데 엄마도 재밌다고 해서 특별히 보여준거라 더욱 재밌었어요.",
    "rating": "10",
    "date": "13.11.17"
  },
  {
    "review_id": "8145359",
    "movie_id": "103064",
    "author": "hsh0****",
    "review": "넘 재미있고 공감이 너무 잘 되네요 김새론 짱",
    "rating": "10",
    "date": "13.11.16"
  },
  {
    "review_id": "8134885",
    "movie_id": "103064",
    "author": "a992****",
    "review": "시청률 별루라 볼까 말까 했는데 16화 까지 보는내내 재밌었음.. 지루하지 않고..",
    "rating": "10",
    "date": "13.11.13"
  },
  {
    "review_id": "8116838",
    "movie_id": "103064",
    "author": "dlsr****",
    "review": "지금까지 살면서 드라마보면서 운적은 처음이다.. 이번 여름에 너목들안보고 이거보길 잘했다니까 덕분에 하루하루열심히 살고있습니다! ^^",
    "rating": "10",
    "date": "13.11.05"
  },
  {
    "review_id": "8115834",
    "movie_id": "103064",
    "author": "gusg****",
    "review": "여왕의교실  와전  대박  재미있어요.중독성  있는  드라마 ㅋㅋ 봐도봐도 질리지가  않네...여왕의교실2 나오면 시청률 대박일뜻 키득키득캬~~ 굿굿  잘만들었다",
    "rating": "10",
    "date": "13.11.05"
  },
  {
    "review_id": "8099160",
    "movie_id": "103064",
    "author": "vddo****",
    "review": "원작봤는데 도  재밌었고, 마선생과거 안나온것만 빼면  각색도 잘된것같고, 고현정씨랑아역신애양 연기가 진짜 짱",
    "rating": "10",
    "date": "13.10.29"
  },
  {
    "review_id": "8098495",
    "movie_id": "103064",
    "author": "leec****",
    "review": "정말로좋은작품이다 10번은넘게 다시돌려보고있다 볼때마다 느끼는 점이 정말다르다 꼭 이렇게 여왕의교실 했던 멤버로시즌2하면 대박날꺼같다 리메이크?일본에서먼저방영한거뿐 일본껏도 좋지만 한국 여왕의교실이 더 연기력좋고 감동도많다 시즌2제발해라..ㅠㅠ",
    "rating": "10",
    "date": "13.10.29"
  },
  {
    "review_id": "8074048",
    "movie_id": "103064",
    "author": "gusd****",
    "review": "고현정 왤케 살찜?ㅋㅋㅋ",
    "rating": "10",
    "date": "13.10.20"
  },
  {
    "review_id": "8024517",
    "movie_id": "103064",
    "author": "lala****",
    "review": "진짜 재밌어요!아...또 보고 싶다",
    "rating": "10",
    "date": "13.09.30"
  },
  {
    "review_id": "8015135",
    "movie_id": "103064",
    "author": "izoa****",
    "review": "마여진의 교육방식은 분명 불편한점이 한두가지가 아닌건 맞다.(특히 초반에 카레사건 그게 제일 오바더라 ㅋ) 하지만 때로는 아이들한테 현실을 가르쳐서 현실과 맞서싸워서 강한의지를 가르치는 것 또한 필요하다고 본다. 나는 개인적으로 정인재보다 마여진이좋다",
    "rating": "8",
    "date": "13.09.25"
  },
  {
    "review_id": "8006258",
    "movie_id": "103064",
    "author": "cand****",
    "review": "넘   재미있당~   또보고싶어진다~.",
    "rating": "10",
    "date": "13.09.21"
  },
  {
    "review_id": "7988551",
    "movie_id": "103064",
    "author": "back****",
    "review": "보는내내 마선생과 아이들과  동화되어 감동하고 울고  웃었습니다 험난한 세상을 살아가야할  아이들을 위해 우리가 가야할  방향을 잘 제시해준것같습니다 아역배우들의연기에 찬사를 보냅니다",
    "rating": "10",
    "date": "13.09.17"
  },
  {
    "review_id": "7981803",
    "movie_id": "103064",
    "author": "jawa****",
    "review": "마지막에 ㅋㅋ",
    "rating": "8",
    "date": "13.09.15"
  },
  {
    "review_id": "7960022",
    "movie_id": "103064",
    "author": "rose****",
    "review": "정말 재밌게 봤어요!  짱짱짱~!",
    "rating": "10",
    "date": "13.09.08"
  },
  {
    "review_id": "7944106",
    "movie_id": "103064",
    "author": "yuno****",
    "review": "내 삶에대해 진지하게 생각해볼 수 있는 작품",
    "rating": "10",
    "date": "13.09.02"
  },
  {
    "review_id": "7938157",
    "movie_id": "103064",
    "author": "hyeb****",
    "review": "good!!",
    "rating": "10",
    "date": "13.08.31"
  },
  {
    "review_id": "7925271",
    "movie_id": "103064",
    "author": "kim9****",
    "review": "감동",
    "rating": "10",
    "date": "13.08.26"
  },
  {
    "review_id": "7924192",
    "movie_id": "103064",
    "author": "star****",
    "review": "최고에요 두고두고 볼 드라마",
    "rating": "10",
    "date": "13.08.26"
  },
  {
    "review_id": "7914612",
    "movie_id": "103064",
    "author": "jeon****",
    "review": "굿",
    "rating": "10",
    "date": "13.08.23"
  },
  {
    "review_id": "7911558",
    "movie_id": "103064",
    "author": "yuna****",
    "review": "아이들보라는얘기인데 넘 늦게하는...",
    "rating": "5",
    "date": "13.08.22"
  },
  {
    "review_id": "7909234",
    "movie_id": "103064",
    "author": "huiw****",
    "review": "고현정이 너무 못생기게 나옴",
    "rating": "1",
    "date": "13.08.21"
  },
  {
    "review_id": "7905305",
    "movie_id": "103064",
    "author": "wnst****",
    "review": "진짜 잼잇게보고  조마조마하고 잼잇네여 마녀쌤Vs학생들 굿 여왕의교실2가 하면좋겟네용 ㅎ",
    "rating": "9",
    "date": "13.08.20"
  },
  {
    "review_id": "7892630",
    "movie_id": "103064",
    "author": "sblu****",
    "review": "친구를 밟고 넘어 경쟁을 하는 내용은 봤어도 선생이 직접 학생들의 벽(적)이 되어 아이들을 하나로 만드는 과정이 지루하지 않다. 원작에 충실하면서도 한국 교육(및 사회전반) 실태를 심오하게 보여준다. 스토리가 정말 탄탄하다.",
    "rating": "10",
    "date": "13.08.16"
  },
  {
    "review_id": "7892594",
    "movie_id": "103064",
    "author": "kimn****",
    "review": "여왕의 교실 재밋구요 여왕의 교실2도하길 바라구요 새론양 너무 예뻐요♥",
    "rating": "10",
    "date": "13.08.16"
  },
  {
    "review_id": "7890692",
    "movie_id": "103064",
    "author": "judy****",
    "review": "더많이했음좋은데...아쉽다..",
    "rating": "10",
    "date": "13.08.16"
  },
  {
    "review_id": "7889774",
    "movie_id": "103064",
    "author": "ejoo****",
    "review": "완전재밌!!!",
    "rating": "10",
    "date": "13.08.16"
  },
  {
    "review_id": "7887700",
    "movie_id": "103064",
    "author": "khb1****",
    "review": "♥♥",
    "rating": "10",
    "date": "13.08.15"
  },
  {
    "review_id": "7885217",
    "movie_id": "103064",
    "author": "arre****",
    "review": "난 왜 이렇게 이 드라마가 좋을까....",
    "rating": "10",
    "date": "13.08.15"
  },
  {
    "review_id": "7884808",
    "movie_id": "103064",
    "author": "bed0****",
    "review": "넘조아여 잼썻는데 벌써끝나다니ㅜㅜ",
    "rating": "10",
    "date": "13.08.15"
  },
  {
    "review_id": "7876698",
    "movie_id": "103064",
    "author": "tjrk****",
    "review": "봐도봐도질리지않아여♥대박!!!내년에 다시. . ㅜㅜ해주세요같은아역으로요♥",
    "rating": "10",
    "date": "13.08.13"
  },
  {
    "review_id": "7876326",
    "movie_id": "103064",
    "author": "rlar****",
    "review": "이거 동생통해서봣는데잼던대 ^^",
    "rating": "10",
    "date": "13.08.13"
  },
  {
    "review_id": "7875312",
    "movie_id": "103064",
    "author": "ongs****",
    "review": "이거 진짜 재밌어요!!",
    "rating": "10",
    "date": "13.08.13"
  },
  {
    "review_id": "7875004",
    "movie_id": "103064",
    "author": "asy0****",
    "review": "완전재밌었어요 여교최고",
    "rating": "10",
    "date": "13.08.13"
  },
  {
    "review_id": "7874770",
    "movie_id": "103064",
    "author": "jjbf****",
    "review": "전 12살인데 완전 재밌어요~~~드라마에서 마여진 선생님이 하는 말이 전부 실제현실이네요...ㅎㅎ",
    "rating": "10",
    "date": "13.08.13"
  },
  {
    "review_id": "7872994",
    "movie_id": "103064",
    "author": "vero****",
    "review": "너무 재밌었어요. 재미도 있지만 교훈도 대단하고.. 정말 마음에 남을 영화인거같아요!",
    "rating": "10",
    "date": "13.08.12"
  },
  {
    "review_id": "7872549",
    "movie_id": "103064",
    "author": "love****",
    "review": "아..그냥 짱",
    "rating": "10",
    "date": "13.08.12"
  },
  {
    "review_id": "7871302",
    "movie_id": "103064",
    "author": "boyt****",
    "review": "별점만땅!! 최고!!",
    "rating": "10",
    "date": "13.08.12"
  },
  {
    "review_id": "7870095",
    "movie_id": "103064",
    "author": "wind****",
    "review": "마여진 선생님 보고 싶어요",
    "rating": "10",
    "date": "13.08.11"
  },
  {
    "review_id": "7868169",
    "movie_id": "103064",
    "author": "chan****",
    "review": "시즌 2나오면 좋겠네요 ^^",
    "rating": "10",
    "date": "13.08.11"
  },
  {
    "review_id": "7865076",
    "movie_id": "103064",
    "author": "oaa8****",
    "review": ".",
    "rating": "10",
    "date": "13.08.10"
  },
  {
    "review_id": "7864477",
    "movie_id": "103064",
    "author": "mama****",
    "review": "마지막에 아주 좋아요!!",
    "rating": "10",
    "date": "13.08.10"
  },
  {
    "review_id": "7863506",
    "movie_id": "103064",
    "author": "tmdd****",
    "review": "저 여왕의교실 완전 팬이에요 아역배우중 1위는 천보근!그다음 김새론 그리고 김향기 고현정 전 마여진 선생님 같은 선생님은 만나기 싫습니다ㅋㅋ 여왕의교실을 찍어주신 감독님 감사합니다 앞으로도 재미있는 드라마를 찍어주세요ㅎㅎㅎ",
    "rating": "10",
    "date": "13.08.09"
  },
  {
    "review_id": "7862668",
    "movie_id": "103064",
    "author": "ban0****",
    "review": "드라마 본대로 그게 현실인거 같습니다.",
    "rating": "10",
    "date": "13.08.09"
  },
  {
    "review_id": "7861883",
    "movie_id": "103064",
    "author": "limn****",
    "review": "너무 재미있어요",
    "rating": "10",
    "date": "13.08.09"
  },
  {
    "review_id": "7860560",
    "movie_id": "103064",
    "author": "vlzk****",
    "review": "10점 만점에 10점!!",
    "rating": "10",
    "date": "13.08.08"
  },
  {
    "review_id": "7860196",
    "movie_id": "103064",
    "author": "math****",
    "review": "너목들에 밀려 시청률은 방송내용의 호응에비해 안나왔군요.   아역들의 연기 정말 일품이었어요",
    "rating": "10",
    "date": "13.08.08"
  },
  {
    "review_id": "7858605",
    "movie_id": "103064",
    "author": "gusw****",
    "review": "친구들이 너목들볼때 저이거봤는데 유치하다고해도 진짜 재밌었어요 아역들 연기력 좋고 아줌마들조차도 연기력굿굿 교훈도주고 진짜짱!!",
    "rating": "10",
    "date": "13.08.08"
  },
  {
    "review_id": "7858193",
    "movie_id": "103064",
    "author": "ejw0****",
    "review": "여왕의 교실 완전 잼나게 봤어요^^김새론 화이팅!^^",
    "rating": "10",
    "date": "13.08.08"
  },
  {
    "review_id": "7857996",
    "movie_id": "103064",
    "author": "sona****",
    "review": "마지막에 감동받음.......아이들을 향한 진심이 느껴졌다. 너목들도 아주재미잇게 봣지만 여왕의교실도 가슴에 남는 드라마가 될거같다.",
    "rating": "10",
    "date": "13.08.08"
  },
  {
    "review_id": "7856313",
    "movie_id": "103064",
    "author": "jung****",
    "review": "이걸왜보는거지..??진짜재미없다 너목들이짱이야♡",
    "rating": "1",
    "date": "13.08.07"
  },
  {
    "review_id": "7855938",
    "movie_id": "103064",
    "author": "dhle****",
    "review": "교훈이 많은 드라마 자기전에 한번 생각해 보는 드라마",
    "rating": "10",
    "date": "13.08.07"
  },
  {
    "review_id": "7855872",
    "movie_id": "103064",
    "author": "aaa0****",
    "review": "너무너무 재미있어요 지금까지본것중 최고에요",
    "rating": "10",
    "date": "13.08.07"
  },
  {
    "review_id": "7855844",
    "movie_id": "103064",
    "author": "kero****",
    "review": "진짜 재밌다 ㅋ",
    "rating": "10",
    "date": "13.08.07"
  },
  {
    "review_id": "7855579",
    "movie_id": "103064",
    "author": "qwqw****",
    "review": "여왕에교실 짱 사인 보내주세요",
    "rating": "10",
    "date": "13.08.07"
  },
  {
    "review_id": "7855145",
    "movie_id": "103064",
    "author": "jjun****",
    "review": "김서현누나가제일예뻣고여왕의교실아주잼썻습니다아쉽왜15아니면16화에서끝?이드라마가제일잼잇는데ㅠㅠ나이제모보고살아ㅠㅠㅠ",
    "rating": "10",
    "date": "13.08.07"
  },
  {
    "review_id": "7853265",
    "movie_id": "103064",
    "author": "terr****",
    "review": "에휴 너목들 쓰레빠임 재미 없음 아 마지막화 너무 슬프게 끝났네 ㅜㅜㅜ",
    "rating": "10",
    "date": "13.08.07"
  },
  {
    "review_id": "7853107",
    "movie_id": "103064",
    "author": "ajea****",
    "review": "따뜻한 드라마입니다.",
    "rating": "10",
    "date": "13.08.07"
  },
  {
    "review_id": "7853071",
    "movie_id": "103064",
    "author": "jmy1****",
    "review": "초등학교를 배경으로한 드라마인데 성인인 내가 인생을 살아가는데깨닫고 얻는게 많았던 드라마..매편 가슴속에서 강한울림같은것이느껴져 눈시울을붉히곤했던거같다. 비록 큰조명을 받진 못했던드라마지만 나를 조금이나마 성장시킨 여러가지로 기억에남을작품이다.",
    "rating": "10",
    "date": "13.08.07"
  },
  {
    "review_id": "7852379",
    "movie_id": "103064",
    "author": "pjyi****",
    "review": "대한민국에 이런 선생님이 많았으면 좋겠습니다.",
    "rating": "10",
    "date": "13.08.07"
  },
  {
    "review_id": "7852309",
    "movie_id": "103064",
    "author": "make****",
    "review": "짱짱  재미있었어요!",
    "rating": "10",
    "date": "13.08.07"
  },
  {
    "review_id": "7851504",
    "movie_id": "103064",
    "author": "pjw5****",
    "review": "..",
    "rating": "1",
    "date": "13.08.06"
  },
  {
    "review_id": "7851479",
    "movie_id": "103064",
    "author": "clin****",
    "review": "그냥 짱",
    "rating": "10",
    "date": "13.08.06"
  },
  {
    "review_id": "7851077",
    "movie_id": "103064",
    "author": "his9****",
    "review": "여왕의  교실",
    "rating": "10",
    "date": "13.08.06"
  },
  {
    "review_id": "7850417",
    "movie_id": "103064",
    "author": "hyel****",
    "review": "살아가려면 이 세상이 얼마나 혹독한지, 그것을 알려주고 깨닫게 해주는 드라마입니다.",
    "rating": "10",
    "date": "13.08.06"
  },
  {
    "review_id": "7849469",
    "movie_id": "103064",
    "author": "mhk8****",
    "review": "적어도 우리나라 선생님들은 진짜 이드라마 봤으면해요 ㅠㅠ",
    "rating": "10",
    "date": "13.08.06"
  },
  {
    "review_id": "7849468",
    "movie_id": "103064",
    "author": "2you****",
    "review": "현재 한국의 교육현실을 비판하며 그 속에 살아나가는 아이들의 훈훈하고 감동적인 이야기.",
    "rating": "10",
    "date": "13.08.06"
  },
  {
    "review_id": "7849208",
    "movie_id": "103064",
    "author": "to82****",
    "review": "너무 좋은 드라마입니다.슬픈 부분도 나오지만 학교의 대한 이야기를 재밌게 다룬것같습니다.",
    "rating": "10",
    "date": "13.08.06"
  },
  {
    "review_id": "7848791",
    "movie_id": "103064",
    "author": "rlad****",
    "review": "진짜재밌어요",
    "rating": "10",
    "date": "13.08.06"
  },
  {
    "review_id": "7847466",
    "movie_id": "103064",
    "author": "chun****",
    "review": "참 많은것을 배웁니다 끝나서 너무아쉽네요",
    "rating": "10",
    "date": "13.08.06"
  },
  {
    "review_id": "7847451",
    "movie_id": "103064",
    "author": "73so****",
    "review": "역쉬 고현정 ㅎㅎ 애들도 넘 잘하구 넘 재밋게 본 드라마다",
    "rating": "10",
    "date": "13.08.06"
  },
  {
    "review_id": "7847293",
    "movie_id": "103064",
    "author": "zzzz****",
    "review": "아아~~이거완전빠지게하네요ㅠ  마지막너무감동적이엇어요♥♥",
    "rating": "10",
    "date": "13.08.06"
  },
  {
    "review_id": "7846988",
    "movie_id": "103064",
    "author": "leej****",
    "review": "찌질대지마 어리광 그만 부려심하나 너가 믿는걸 믿어선생님 우리가 이긴거 맞죠? 이겨서 아무말 못하시는 거죠?너 사실 현실에서 벗어나고 싶은거잖아 그리고 15회 에서 했던 말 참 인상 깊었다",
    "rating": "10",
    "date": "13.08.06"
  },
  {
    "review_id": "7845981",
    "movie_id": "103064",
    "author": "dlgk****",
    "review": "찌질대지마",
    "rating": "10",
    "date": "13.08.05"
  },
  {
    "review_id": "7845970",
    "movie_id": "103064",
    "author": "cnod****",
    "review": "말이필요있나요,.",
    "rating": "10",
    "date": "13.08.05"
  },
  {
    "review_id": "7844414",
    "movie_id": "103064",
    "author": "scu3****",
    "review": "시청률 은 좀 낮아도 그럭저럭 재미있네요",
    "rating": "10",
    "date": "13.08.05"
  },
  {
    "review_id": "7843146",
    "movie_id": "103064",
    "author": "ekdu****",
    "review": "매편볼때마다감동적이고교훈을배운것같아실패할수도잇는꿈에도전을다시하게되고희망도생기게된계기가되는드라마에요! 계속보고싶은드라마!",
    "rating": "10",
    "date": "13.08.05"
  },
  {
    "review_id": "7842742",
    "movie_id": "103064",
    "author": "wate****",
    "review": "'막장' 아닌 진짜 우리 이야기를 동화처럼 그려낸 수작",
    "rating": "10",
    "date": "13.08.05"
  },
  {
    "review_id": "7842472",
    "movie_id": "103064",
    "author": "geo1****",
    "review": "내 인생 최고의 드라마.심하나, 오동구, 은보미, 김서현에게 박수를...개나리 고나리에게도 수고했다고 말해주고 싶다.",
    "rating": "10",
    "date": "13.08.05"
  }
]