[
  {
    "review_id": "10148757",
    "movie_id": "103049",
    "author": "love****",
    "review": "마돈나같은 사람은 아마 다시 나오지는 않을듯싶다.. 그런데 이 영화는 마돈나 초반만 보여주는게 아쉽다ㅠㅠ 나는 전반적인 마돈나의 일대기가 보고싶었는데...",
    "rating": "8",
    "date": "15.07.27"
  },
  {
    "review_id": "9880434",
    "movie_id": "103049",
    "author": "dndu****",
    "review": "과거나 현제나 변함없는 그자태에 팬으로서 박수를보넨다 동영상을볼때마다  흠뻑 빠져들어요 언제나  변함없는모습을...",
    "rating": "10",
    "date": "15.04.30"
  },
  {
    "review_id": "9132846",
    "movie_id": "103049",
    "author": "lhkn****",
    "review": "~~~~!!!@@@@",
    "rating": "1",
    "date": "14.08.25"
  },
  {
    "review_id": "8953257",
    "movie_id": "103049",
    "author": "gest****",
    "review": "마여사같은 가수는 이젠 안나올거같다.... 8,90년대살았던 사람들 진짜부럽다.",
    "rating": "10",
    "date": "14.07.24"
  },
  {
    "review_id": "8566780",
    "movie_id": "103049",
    "author": "judy****",
    "review": "그녀는 전설이다!!!!",
    "rating": "1",
    "date": "14.03.10"
  },
  {
    "review_id": "7798742",
    "movie_id": "103049",
    "author": "yrpc****",
    "review": "내가 볼때는 이미 엘비스는 넘어섰고 조만간 비틀즈와 마잭까지 넘어서리라고 봅니다",
    "rating": "10",
    "date": "13.07.29"
  },
  {
    "review_id": "7507182",
    "movie_id": "103049",
    "author": "tvn1****",
    "review": "퇴물냔아 ㄲㅈ",
    "rating": "1",
    "date": "13.05.04"
  },
  {
    "review_id": "7361678",
    "movie_id": "103049",
    "author": "ogam****",
    "review": "그녀의 변신은 신화이다!!!",
    "rating": "10",
    "date": "13.03.18"
  },
  {
    "review_id": "7256355",
    "movie_id": "103049",
    "author": "gews****",
    "review": "난 그 옛날 마돈나보단 요즘의 마돈나가 더 좋음. 한층더 세련되어진 작곡 편곡 무대연출 스타일 등등..  2012 슈퍼볼만 보아도 그 완성도에 입이 다물어지질 않아",
    "rating": "10",
    "date": "13.02.12"
  },
  {
    "review_id": "7232542",
    "movie_id": "103049",
    "author": "magn****",
    "review": "오",
    "rating": "5",
    "date": "13.02.06"
  },
  {
    "review_id": "7225556",
    "movie_id": "103049",
    "author": "xodn****",
    "review": "굿",
    "rating": "10",
    "date": "13.02.04"
  },
  {
    "review_id": "7225554",
    "movie_id": "103049",
    "author": "xoru****",
    "review": "레전드 전설",
    "rating": "10",
    "date": "13.02.04"
  },
  {
    "review_id": "7225550",
    "movie_id": "103049",
    "author": "diop****",
    "review": "명반들이 많은 마돈나 짱",
    "rating": "10",
    "date": "13.02.04"
  },
  {
    "review_id": "7225545",
    "movie_id": "103049",
    "author": "math****",
    "review": "fatb**** 님아 알지도 못하면서 나대지 마라 더러운 백인OO라니ㅋㅋㅋ 니가 마돈나 노래는 들어보긴했니?너같은 애들이야 말로 더러운 종족이지",
    "rating": "10",
    "date": "13.02.04"
  },
  {
    "review_id": "7225524",
    "movie_id": "103049",
    "author": "mb33****",
    "review": "구냥 마돈나에 대해 알것같아서 좋을것같은데",
    "rating": "10",
    "date": "13.02.04"
  },
  {
    "review_id": "7224007",
    "movie_id": "103049",
    "author": "ziom****",
    "review": "더티 섹시가수? Like A Prayer / Ray Of Light / Music 앨범이 세계 500대 앨범중 하나로 꼽히고 있다는건 알까?",
    "rating": "5",
    "date": "13.02.04"
  },
  {
    "review_id": "7205380",
    "movie_id": "103049",
    "author": "rmff****",
    "review": "현재 마돈나를 생각하면 옛날에 인기있었던 미녀섹시 가수라는 생각밖에안든다. 21세기의 아이콘 이라고 이름 붙이기 위해서는 경쟁자들이 너무 쟁쟁하다.  은퇴를 하면서 만들어낸 송별적인 다큐멘터리가 아닌 이상 평점을 주긴 힘들다.",
    "rating": "1",
    "date": "13.01.31"
  },
  {
    "review_id": "7202484",
    "movie_id": "103049",
    "author": "zx01****",
    "review": "마돈나춤추는문화적인재미음ㅋㅋㅋ",
    "rating": "10",
    "date": "13.01.31"
  },
  {
    "review_id": "7175809",
    "movie_id": "103049",
    "author": "baks****",
    "review": "마돈나는,마릴린 몬로처럼 시대를 초월한 문화적 아이콘.단순한 이슈 메이커 레이디 가가는 전혀 도달할수 없었던 경지.결정적으로,레이디가가와 마돈나의 차이점은,마돈나는 팬티한장만 무대위에서 벗어도,공연장이 뒤집어진다는거.레이디 가가는 올 누드로도 어림없음",
    "rating": "8",
    "date": "13.01.26"
  },
  {
    "review_id": "7174332",
    "movie_id": "103049",
    "author": "qkrq****",
    "review": "마돈나 지금은 마돈나의 시대가 아니라 레이디가가의 시대이지만 언제 까지나 노력을 하면 다시 마돈나의 세상이 될수 있을것이다.이영화를 보면 본받는 점이 많다.능력이 없러돞열심히!",
    "rating": "10",
    "date": "13.01.26"
  },
  {
    "review_id": "7172966",
    "movie_id": "103049",
    "author": "dudw****",
    "review": "ㅋㅋ재밌겟다.",
    "rating": "10",
    "date": "13.01.25"
  },
  {
    "review_id": "7171220",
    "movie_id": "103049",
    "author": "nate****",
    "review": "마돈나의 일대기를 보는거니까 재밌을것같네 ㅋㅋㅋ",
    "rating": "9",
    "date": "13.01.25"
  },
  {
    "review_id": "7167296",
    "movie_id": "103049",
    "author": "didt****",
    "review": "별점 올리기!",
    "rating": "10",
    "date": "13.01.24"
  },
  {
    "review_id": "7164605",
    "movie_id": "103049",
    "author": "dbwo****",
    "review": "뭐냐? 마돈나+레이디가가 동시에 봐야 하는거냐? 고작 한개 극장 개봉으로 두개를 동시에 묶어버린거냐?",
    "rating": "1",
    "date": "13.01.24"
  }
]