[
  {
    "review_id": "7819329",
    "movie_id": "103065",
    "author": "leeb****",
    "review": "이거 뭐지? 이거 영화?",
    "rating": "1",
    "date": "13.08.02"
  },
  {
    "review_id": "7273849",
    "movie_id": "103065",
    "author": "ksks****",
    "review": "재밌는데 시청률4퍼",
    "rating": "10",
    "date": "13.02.17"
  },
  {
    "review_id": "7273288",
    "movie_id": "103065",
    "author": "jose****",
    "review": "참된진리",
    "rating": "10",
    "date": "13.02.16"
  },
  {
    "review_id": "7246560",
    "movie_id": "103065",
    "author": "baks****",
    "review": "우연의일치라기엔,전부 다 내가 개인적으로 싫어하는 여배우들만...정말 이렇게 골라내기도 쉽지않은데,말이지.연출자 최윤정씨,참 취향 한번 독특하네...여자들끼리는,민감해지지 않는 모양~공부해.공부,공부해서 남 주나?좀 더 남자들을 연구하세요~응?(웃음)",
    "rating": "2",
    "date": "13.02.10"
  },
  {
    "review_id": "7144554",
    "movie_id": "103065",
    "author": "powe****",
    "review": "신소율덕에봄 소울요보비치♥",
    "rating": "10",
    "date": "13.01.22"
  }
]