[
  {
    "review_id": "10267290",
    "movie_id": "103178",
    "author": "jooh****",
    "review": "올가을에는 사랑하고 싶다.",
    "rating": "8",
    "date": "15.08.23"
  },
  {
    "review_id": "10261673",
    "movie_id": "103178",
    "author": "go83****",
    "review": "아름다운영화....여운 대박.",
    "rating": "8",
    "date": "15.08.22"
  },
  {
    "review_id": "10245871",
    "movie_id": "103178",
    "author": "wfy0****",
    "review": "조용히 젖을 수 있게 만드는 영화. 리스본에 가보고 싶어진다.",
    "rating": "9",
    "date": "15.08.17"
  },
  {
    "review_id": "10245261",
    "movie_id": "103178",
    "author": "pres****",
    "review": "예상만큼 좋았어요.그 특유의 분위기며....",
    "rating": "8",
    "date": "15.08.17"
  },
  {
    "review_id": "10234062",
    "movie_id": "103178",
    "author": "will****",
    "review": "영화보는 내내 교장선생님은 물론이거니와 직원의 행방에 대해 포용력넓게 인정되든 기관이  또 있을까 하는 생각이 들었음",
    "rating": "9",
    "date": "15.08.15"
  },
  {
    "review_id": "10221473",
    "movie_id": "103178",
    "author": "jogu****",
    "review": "원작을 읽어보고 싶게 만들었습니다. 아~ 또 보고 싶다!!!",
    "rating": "10",
    "date": "15.08.12"
  },
  {
    "review_id": "10188632",
    "movie_id": "103178",
    "author": "pico****",
    "review": "우울하다  예상를 빗나간 영화",
    "rating": "5",
    "date": "15.08.05"
  },
  {
    "review_id": "10177100",
    "movie_id": "103178",
    "author": "thes****",
    "review": "재미없어요진짜로 재미가 너무",
    "rating": "2",
    "date": "15.08.02"
  },
  {
    "review_id": "10173960",
    "movie_id": "103178",
    "author": "yhch****",
    "review": "단순한 멜로 영환줄알았는데 훨씬 더 철학적인영화네..",
    "rating": "9",
    "date": "15.08.02"
  },
  {
    "review_id": "10162041",
    "movie_id": "103178",
    "author": "news****",
    "review": "순간의 선택으로 새로운 삶을 경험실행하면서 살고싶네요",
    "rating": "9",
    "date": "15.07.30"
  },
  {
    "review_id": "10156503",
    "movie_id": "103178",
    "author": "milk****",
    "review": "누군가 했더니 맬라리 로랑 이구만... 영화보고 니서 원작을 읽고 싶어 졌다.",
    "rating": "8",
    "date": "15.07.29"
  },
  {
    "review_id": "10153110",
    "movie_id": "103178",
    "author": "tuay****",
    "review": "이야기가 가벼웠어요 엮이지 못한 느낌",
    "rating": "7",
    "date": "15.07.28"
  },
  {
    "review_id": "10144865",
    "movie_id": "103178",
    "author": "taim****",
    "review": "정말 몰입도쩔고 여운이남는다..다시보고싶다♡",
    "rating": "10",
    "date": "15.07.26"
  },
  {
    "review_id": "10128790",
    "movie_id": "103178",
    "author": "zach****",
    "review": "우리는 살아가면서 어떤 기로에 놓이며 선택을 해야한다. 그것은 오로지 나의 영향하에 있기도 하고 내가 자각하지도 못한 사이에 일어나기도 한다. 그것은 불가항력이다.",
    "rating": "10",
    "date": "15.07.22"
  },
  {
    "review_id": "10126665",
    "movie_id": "103178",
    "author": "dear****",
    "review": "여전히 너무 섹시한 제레미 아이언스!",
    "rating": "7",
    "date": "15.07.21"
  },
  {
    "review_id": "10122829",
    "movie_id": "103178",
    "author": "amic****",
    "review": "정신없이 휘몰아치는 스토리텔링, 정말 흡인력이 대단하다. 연기와 스토리가 만나면 영화가 어떻게 되는지 잘 보여주는 작품.",
    "rating": "9",
    "date": "15.07.20"
  },
  {
    "review_id": "10121913",
    "movie_id": "103178",
    "author": "with****",
    "review": "수치심 죄책감 질투. 삶을 망치는 것들. 그것들은 우연일까 필연일까. 그 덩어리들은 내꺼일까 주어진걸까.",
    "rating": "8",
    "date": "15.07.20"
  },
  {
    "review_id": "10111615",
    "movie_id": "103178",
    "author": "skfk****",
    "review": "지루한듯 재밌네요 나름 관찮았음",
    "rating": "7",
    "date": "15.07.17"
  },
  {
    "review_id": "10106569",
    "movie_id": "103178",
    "author": "hcs1****",
    "review": "매력적이에요.. 다시금 생각하게하고.. 떠나고싶네요.ㅎ",
    "rating": "8",
    "date": "15.07.15"
  },
  {
    "review_id": "10105762",
    "movie_id": "103178",
    "author": "popo****",
    "review": "오직 죽음을 통해서만 시간이 살아있게 됩니다",
    "rating": "9",
    "date": "15.07.15"
  },
  {
    "review_id": "10097360",
    "movie_id": "103178",
    "author": "ad_k****",
    "review": "다수의 평점은 항상 옮은 것 같다평점을 보고 영화를 고르는 것이 항상 정답은 아니지만높은 평점이 줄줄이 달린 영화는 이유가 있는 것 같다내 인생 베스트에 꼽히는 영화",
    "rating": "10",
    "date": "15.07.12"
  },
  {
    "review_id": "10096628",
    "movie_id": "103178",
    "author": "prom****",
    "review": "가능한 변화들_제레미 아이언스와 샬롯 램플링(비록 할머니가 되었지만)을 만날 수 있어서 따뜻했다",
    "rating": "8",
    "date": "15.07.12"
  },
  {
    "review_id": "10090663",
    "movie_id": "103178",
    "author": "sasa****",
    "review": "리스본의 전경스토리 모두 훌륭한 영화인거 같아요",
    "rating": "10",
    "date": "15.07.11"
  },
  {
    "review_id": "10084771",
    "movie_id": "103178",
    "author": "jb79****",
    "review": "그냥 ,  책으로 한번 더 보고 싶다.",
    "rating": "8",
    "date": "15.07.09"
  },
  {
    "review_id": "10076052",
    "movie_id": "103178",
    "author": "coco****",
    "review": "본 스토리만으로도 충분하지않았을까",
    "rating": "8",
    "date": "15.07.06"
  },
  {
    "review_id": "10072724",
    "movie_id": "103178",
    "author": "ryan****",
    "review": "짧은 표현력으로 이러쿵 저러쿵 얘기하고 싶지 않다늦어도 챙겨보길 잘했어",
    "rating": "10",
    "date": "15.07.05"
  },
  {
    "review_id": "10070349",
    "movie_id": "103178",
    "author": "dent****",
    "review": "지루한삶에 통찰을 주는 영화... 낼아침이면 망각할지라도 ...",
    "rating": "10",
    "date": "15.07.05"
  },
  {
    "review_id": "10069733",
    "movie_id": "103178",
    "author": "dduk****",
    "review": "책을 보다 25%정도 남겨두고 보러간 영화. 인생, 사랑, 종교,계급?, 우정, 시대적 아픔, 병, 삶의 가치관이 만들어낸 시대적 괴물들 ..정말 우리 삶의 기본 요소들을 폭 넓고 깊게 다룬 영화. ㅎㅎ 저도 아마데우가 지루하지 않아요~",
    "rating": "10",
    "date": "15.07.04"
  },
  {
    "review_id": "10060571",
    "movie_id": "103178",
    "author": "soci****",
    "review": "누구나 말할 수 있는 내용들이지만, 그 방식에 매료되어 보기는 참 오랜만이다...",
    "rating": "9",
    "date": "15.07.02"
  },
  {
    "review_id": "10060109",
    "movie_id": "103178",
    "author": "slav****",
    "review": "내용은 좋았으나 배경이 포르투갈이지만 핵심내용에는 포르투갈 배우가 없었다는게 함정..",
    "rating": "8",
    "date": "15.07.02"
  },
  {
    "review_id": "10059945",
    "movie_id": "103178",
    "author": "risi****",
    "review": "깨달았다면 망설이지 말고 행동하라! 영화 감상 후 바로 원작소설 구입했네요! 행동으로 실천해야 인생이 변화합니다.",
    "rating": "9",
    "date": "15.07.02"
  },
  {
    "review_id": "10058208",
    "movie_id": "103178",
    "author": "fina****",
    "review": "잔잔하고 여운이 남는 좋은 영화네요",
    "rating": "10",
    "date": "15.07.01"
  },
  {
    "review_id": "10051406",
    "movie_id": "103178",
    "author": "wkdw****",
    "review": "처음엔여행영화인줄알고봤다.과거의인물로교훈을주는그런식의영화였다.솔직히 여행의 아름다운풍경을기대하고봤다 철학적인 이야기가 많이나와서 볼만은 했다.나에겐 그냥그런영화였다.",
    "rating": "6",
    "date": "15.06.29"
  },
  {
    "review_id": "10048386",
    "movie_id": "103178",
    "author": "cb10****",
    "review": "영상미도 죽이고 인사이트도 좋았습니다",
    "rating": "9",
    "date": "15.06.28"
  },
  {
    "review_id": "10048250",
    "movie_id": "103178",
    "author": "sjeo****",
    "review": "리스본 추억하려갔다가 인생에 대한 질문을 얻어옴",
    "rating": "10",
    "date": "15.06.28"
  },
  {
    "review_id": "10043835",
    "movie_id": "103178",
    "author": "soom****",
    "review": "예상했던 전개는 아니었지만 그래도 나쁘지 않은 몰입도를 가지고 본듯",
    "rating": "6",
    "date": "15.06.27"
  },
  {
    "review_id": "10040380",
    "movie_id": "103178",
    "author": "rkdc****",
    "review": "재밌었습니다. 무난하게 잔잔하게 볼 수 있엇던 영화인듯 해용",
    "rating": "7",
    "date": "15.06.26"
  },
  {
    "review_id": "10039792",
    "movie_id": "103178",
    "author": "neph****",
    "review": "탄탄한 스토리 명품연기 아름다운 배우들~아름다운 리스본풍광과 스페인 풍광~ 두번 봐도 재밋다",
    "rating": "10",
    "date": "15.06.26"
  },
  {
    "review_id": "10026931",
    "movie_id": "103178",
    "author": "shy1****",
    "review": "과거와 현재가 적절하게 어우러지면서 역사의 흐름안에서의 개인의 삶과 우정 사랑 그리고 현재와의 이어짐을 보여주는 영화였습니다.",
    "rating": "9",
    "date": "15.06.24"
  },
  {
    "review_id": "10026676",
    "movie_id": "103178",
    "author": "hgsp****",
    "review": "재밌었어요~극중 배우들도 연기를 잘하고 배역과 잘 어울려서 몰입도가 더 높았던거같아용",
    "rating": "9",
    "date": "15.06.24"
  },
  {
    "review_id": "10025897",
    "movie_id": "103178",
    "author": "debb****",
    "review": "다시 돌아가려 하는 우리...새로운 시작에 대한 정답은 없는 듯",
    "rating": "9",
    "date": "15.06.24"
  },
  {
    "review_id": "10021870",
    "movie_id": "103178",
    "author": "thur****",
    "review": "우연과 필연, 그 실타래같은 운명 속에 놓인 사람들이란 매혹적인 스토리 그리고 그 안에서 발견하게되는 자아와 진정한 행복의 의미. 뒤늦은 관람이었지만 간만에 느낌있어 좋았던 영화!",
    "rating": "8",
    "date": "15.06.22"
  },
  {
    "review_id": "10019808",
    "movie_id": "103178",
    "author": "moom****",
    "review": "생각보단 잔잔했지만  좋았습니다책으로 다시 읽어보려구요",
    "rating": "9",
    "date": "15.06.21"
  },
  {
    "review_id": "10018465",
    "movie_id": "103178",
    "author": "jbk7****",
    "review": "재밋어요. 많이 봐줘야할 영화여요.",
    "rating": "10",
    "date": "15.06.21"
  },
  {
    "review_id": "10017102",
    "movie_id": "103178",
    "author": "wjde****",
    "review": "기억에 많이 남을 것 같아요",
    "rating": "10",
    "date": "15.06.21"
  },
  {
    "review_id": "10016491",
    "movie_id": "103178",
    "author": "just****",
    "review": "꼭 일상은 지루하고 단순하게 그려져야 했을까 뭘 추구하면서 살아야 하는걸까",
    "rating": "9",
    "date": "15.06.20"
  },
  {
    "review_id": "10011629",
    "movie_id": "103178",
    "author": "nsh2****",
    "review": "그 차가운 적막과 도도한 고요함이 좋다",
    "rating": "10",
    "date": "15.06.19"
  },
  {
    "review_id": "10007261",
    "movie_id": "103178",
    "author": "scal****",
    "review": "아.. 마지막 장면..",
    "rating": "9",
    "date": "15.06.18"
  },
  {
    "review_id": "10007044",
    "movie_id": "103178",
    "author": "melo****",
    "review": "타인의 비극을 휘휘 젓고 돌아다닌 남자.",
    "rating": "7",
    "date": "15.06.17"
  },
  {
    "review_id": "9997548",
    "movie_id": "103178",
    "author": "tell****",
    "review": "직업 팽개치고 남의 인생을 추적할 정도로 아마데우가 그렇게까지 대단한 인물은 아닌 것 같은데... 내가 교장이엇으면 주인공 대번에 짤랏음 진짜 성인군자 맞네",
    "rating": "5",
    "date": "15.06.13"
  },
  {
    "review_id": "9995292",
    "movie_id": "103178",
    "author": "cine****",
    "review": "너무 좋은 작품이다. 오랜만에 잠 못드는 밤...",
    "rating": "10",
    "date": "15.06.13"
  },
  {
    "review_id": "9988659",
    "movie_id": "103178",
    "author": "joa5****",
    "review": "너무너무 재밌게 봤습니당 ♡♡",
    "rating": "9",
    "date": "15.06.10"
  },
  {
    "review_id": "9975863",
    "movie_id": "103178",
    "author": "beug****",
    "review": "처음부터 끝까지 묘한 긴장감, 영화 정말 오랜만에 집중해서 본 것 같다.진지하고 깊은 영화.",
    "rating": "9",
    "date": "15.06.04"
  },
  {
    "review_id": "9972565",
    "movie_id": "103178",
    "author": "dieo****",
    "review": "15세 등급을 받기 위한 것으로 보이는 수입사의 블러 처리 극혐!!",
    "rating": "6",
    "date": "15.06.03"
  },
  {
    "review_id": "9966157",
    "movie_id": "103178",
    "author": "sama****",
    "review": "꼭, 포르투갈에 가보리.",
    "rating": "9",
    "date": "15.05.31"
  },
  {
    "review_id": "9945811",
    "movie_id": "103178",
    "author": "cool****",
    "review": "잔잔하면서 지적인 영화, 리스본으로 여행을 가고 싶다.",
    "rating": "8",
    "date": "15.05.24"
  },
  {
    "review_id": "9904228",
    "movie_id": "103178",
    "author": "thun****",
    "review": "좋은 울림이 되었습니다",
    "rating": "10",
    "date": "15.05.08"
  },
  {
    "review_id": "9904086",
    "movie_id": "103178",
    "author": "wing****",
    "review": "제레미아이언스가 아닌 배우는 생각할 수 없을 만큼 훌륭했어요~책도 샀답니다~",
    "rating": "9",
    "date": "15.05.08"
  },
  {
    "review_id": "9888144",
    "movie_id": "103178",
    "author": "ttkt****",
    "review": "국제시장을 외국 사람에게 큰 의미가 없듯이 포루투갈이나 최소 유럽 사람이 아니라면 큰 공감을 하기 어려울 것이다. 그나저나 할아범 오지랍 한번 참 한국 네티즌 수준이네",
    "rating": "2",
    "date": "15.05.02"
  },
  {
    "review_id": "9877538",
    "movie_id": "103178",
    "author": "jeyl****",
    "review": "마음을 울리는 대사들, 이국적이고 아름다운 풍경, 철학적인 주제의식. 이 모든게 다 어우러진 멋진 영화이다.",
    "rating": "10",
    "date": "15.04.29"
  },
  {
    "review_id": "9856890",
    "movie_id": "103178",
    "author": "hail****",
    "review": "어디로 가야할지 모를 때 리스본으로 가야겠다고 생각했다.",
    "rating": "6",
    "date": "15.04.22"
  },
  {
    "review_id": "9842835",
    "movie_id": "103178",
    "author": "arri****",
    "review": "조용하지만 힘있는 영화!",
    "rating": "8",
    "date": "15.04.12"
  },
  {
    "review_id": "9836583",
    "movie_id": "103178",
    "author": "love****",
    "review": "평화로운 풍경 속에 드리누워진 아픔들.",
    "rating": "7",
    "date": "15.04.09"
  },
  {
    "review_id": "9832940",
    "movie_id": "103178",
    "author": "yang****",
    "review": "소설만큼은 아니지만, 배경을 잘 살린 촬영 멎집니다.",
    "rating": "9",
    "date": "15.04.07"
  },
  {
    "review_id": "9828596",
    "movie_id": "103178",
    "author": "jose****",
    "review": "영화의 맛을 느낄 수 있는 영화",
    "rating": "9",
    "date": "15.04.05"
  },
  {
    "review_id": "9827964",
    "movie_id": "103178",
    "author": "sunn****",
    "review": "어렵지만 어렵지 않은 영화. 사랑 얘기지만 사랑이 주제는 아닌 영화, 모순된거 같지만 삶이란 결국 그런거인듯.. 인생이 원래 모순임을 너무 아름답게 보여주는 영화. 내스타일, 리스본 예뻤다.",
    "rating": "10",
    "date": "15.04.05"
  },
  {
    "review_id": "9824406",
    "movie_id": "103178",
    "author": "mari****",
    "review": "그냥 그렇네요^^ 조용할때 볼만해요 ㅎㅎ",
    "rating": "5",
    "date": "15.04.03"
  },
  {
    "review_id": "9813835",
    "movie_id": "103178",
    "author": "sand****",
    "review": "생각했던것과 다른전개에 흠..",
    "rating": "5",
    "date": "15.03.29"
  },
  {
    "review_id": "9797965",
    "movie_id": "103178",
    "author": "ach8****",
    "review": "지난 13년간 나의 삶은 그냥 그렇게 지나갔다. 나의 모든 것이라 여겨졌던 것이 정말로 생각지도 못하게 갑자기 떠나버리기도 하는 것이다. 나는 내 삶의 의미를 이제라도 찾아야 한다. 다른 사람이 아닌 오직 나를 위한 새로운 의미를.",
    "rating": "10",
    "date": "15.03.21"
  },
  {
    "review_id": "9797151",
    "movie_id": "103178",
    "author": "heew****",
    "review": "타인의 삶의 궤적을 통해참된 자아를 찾아가는 과정. 추천합니다.",
    "rating": "9",
    "date": "15.03.21"
  },
  {
    "review_id": "9794574",
    "movie_id": "103178",
    "author": "jes8****",
    "review": "와~ 이영화 정말 !!!^^",
    "rating": "10",
    "date": "15.03.20"
  },
  {
    "review_id": "9787821",
    "movie_id": "103178",
    "author": "hans****",
    "review": "좋았지만 약간 지루한 점은 있었음",
    "rating": "7",
    "date": "15.03.16"
  },
  {
    "review_id": "9773534",
    "movie_id": "103178",
    "author": "cute****",
    "review": "원작이 읽고 싶어지는 영화~",
    "rating": "8",
    "date": "15.03.12"
  },
  {
    "review_id": "9761082",
    "movie_id": "103178",
    "author": "smbe****",
    "review": "리스본으로 가고 싶다. 굿 그냥굿~~",
    "rating": "10",
    "date": "15.03.06"
  },
  {
    "review_id": "9759809",
    "movie_id": "103178",
    "author": "uhmh****",
    "review": "원작도 좋았는데, 영화는 더 좋더라구요",
    "rating": "8",
    "date": "15.03.06"
  },
  {
    "review_id": "9757960",
    "movie_id": "103178",
    "author": "yesw****",
    "review": "여행을 떠나고 싶어진다기보단  전기를 보는느낌....흑흑",
    "rating": "8",
    "date": "15.03.05"
  },
  {
    "review_id": "9751251",
    "movie_id": "103178",
    "author": "rufi****",
    "review": "이 영화를 안봤다면.. 상상하기도 싫다. 정말 좋은 영화다운 영화.",
    "rating": "10",
    "date": "15.03.01"
  },
  {
    "review_id": "9731011",
    "movie_id": "103178",
    "author": "lsh5****",
    "review": "이 정도면 원작에 충실했다.",
    "rating": "10",
    "date": "15.02.23"
  },
  {
    "review_id": "9723714",
    "movie_id": "103178",
    "author": "jung****",
    "review": "주연 부터조연까지  단체로  약빤영화  연기력 대박임  나는 휴잭스턴 연기가  기억에남네  명장면 과명언 ost를  들으면 그감동이밀려온다  단한번의기적같은여행이다   삶을바꿀수있는  ...새벽이나밤에혼자봐야되는영화  감정되게 아련하고 여운이",
    "rating": "10",
    "date": "15.02.21"
  },
  {
    "review_id": "9710885",
    "movie_id": "103178",
    "author": "apri****",
    "review": "재미없음...기억에 남지 않음...",
    "rating": "4",
    "date": "15.02.18"
  },
  {
    "review_id": "9698215",
    "movie_id": "103178",
    "author": "seiy****",
    "review": "재밌게봤어요 영상미가 너무 좋았던 영화 여행하는 영화였어요",
    "rating": "8",
    "date": "15.02.15"
  },
  {
    "review_id": "9697545",
    "movie_id": "103178",
    "author": "dnvk****",
    "review": "Why don't ypu just stay? 결국 그곳에 머물렀을까요? 궁금해지는 결말이에요.",
    "rating": "8",
    "date": "15.02.15"
  },
  {
    "review_id": "9689940",
    "movie_id": "103178",
    "author": "khmi****",
    "review": "진짜 잘 본 영화인듯...",
    "rating": "10",
    "date": "15.02.12"
  },
  {
    "review_id": "9688158",
    "movie_id": "103178",
    "author": "wand****",
    "review": "도데체  언제까지 박평식이 깝치는걸 네이버 평점에서 봐야되는지?",
    "rating": "10",
    "date": "15.02.11"
  },
  {
    "review_id": "9688030",
    "movie_id": "103178",
    "author": "tkdd****",
    "review": "영화를 보면서 중간중간에 아마데우의 독백 대사들이 영화를 다 보고나서도 기억에 남네요. 영화 보길 잘한 것 같습니다. 원작도 사서 읽어보려구요.",
    "rating": "9",
    "date": "15.02.11"
  },
  {
    "review_id": "9683557",
    "movie_id": "103178",
    "author": "hong****",
    "review": "재미있게봤습니다..",
    "rating": "10",
    "date": "15.02.10"
  },
  {
    "review_id": "9654971",
    "movie_id": "103178",
    "author": "danc****",
    "review": "삶과 철학 그리고 우리의 삶에관해 나는 지독히 고독해졌다.",
    "rating": "10",
    "date": "15.01.31"
  },
  {
    "review_id": "9649992",
    "movie_id": "103178",
    "author": "sckc****",
    "review": "정말 별로했고 따분했다",
    "rating": "1",
    "date": "15.01.30"
  },
  {
    "review_id": "9647725",
    "movie_id": "103178",
    "author": "yana****",
    "review": "마지막 대사가 아련하다...",
    "rating": "8",
    "date": "15.01.29"
  },
  {
    "review_id": "9638126",
    "movie_id": "103178",
    "author": "bban****",
    "review": "삶의 의미를 다시 돌아보게하는 좋은 영화였습니다.",
    "rating": "10",
    "date": "15.01.26"
  },
  {
    "review_id": "9637073",
    "movie_id": "103178",
    "author": "jas_****",
    "review": "인생에 대해 다시 한번 생각해보게 하는 영화",
    "rating": "8",
    "date": "15.01.25"
  },
  {
    "review_id": "9634812",
    "movie_id": "103178",
    "author": "zack****",
    "review": "우리는 살아가면서 어떤 기로에 놓이며 선택을 해야한다. 그것은 오로지 나의 영향하에 있기도 하고, 내가 자각하지도 못한 사이에 일어나기도 한다. 그것은 불가항력이다.",
    "rating": "10",
    "date": "15.01.25"
  },
  {
    "review_id": "9623178",
    "movie_id": "103178",
    "author": "park****",
    "review": "다 좋았지만... 마지막장면에서의 한마디가 좀 찡하게 만들었네요...\"내 인생은 뭐죠??\"",
    "rating": "10",
    "date": "15.01.22"
  },
  {
    "review_id": "9612266",
    "movie_id": "103178",
    "author": "kata****",
    "review": "제레미의 진짜 매력이 듬뿍 깃든 영화. 아름다운 배경의 리스본과 스토리가 잘 어우러졌던 영화. 시작부터 강렬한 전개를 보고나면 어느새 나도 리스본에 빠져들어 몰입하게된다",
    "rating": "10",
    "date": "15.01.19"
  },
  {
    "review_id": "9608654",
    "movie_id": "103178",
    "author": "daeu****",
    "review": "정말 재미있게 잘 보았습니다.",
    "rating": "8",
    "date": "15.01.18"
  },
  {
    "review_id": "9604655",
    "movie_id": "103178",
    "author": "kund****",
    "review": "책한권을 따라 가게된 리스본, 정말 좋았습니다.",
    "rating": "8",
    "date": "15.01.17"
  },
  {
    "review_id": "9599981",
    "movie_id": "103178",
    "author": "ryil****",
    "review": "이건 [[정치 영화]]임. 제2의 변호인임.",
    "rating": "3",
    "date": "15.01.16"
  },
  {
    "review_id": "9596994",
    "movie_id": "103178",
    "author": "cann****",
    "review": "좋았어요, 여행다녀온기분. 명작까진 아니어도 원래 남주를 좋아하는 분이라면 중후한 매력을 맘껏 느낄수있어서 추천.",
    "rating": "6",
    "date": "15.01.15"
  },
  {
    "review_id": "9583680",
    "movie_id": "103178",
    "author": "oojj****",
    "review": "철학적 대사에 졸리다 못해 지루하다. 분명히 기억하는 것은 자유를 얻기위해 혁명적인 생각과 희생이 필요하다.",
    "rating": "5",
    "date": "15.01.11"
  },
  {
    "review_id": "9583236",
    "movie_id": "103178",
    "author": "kimg****",
    "review": "우리가 지금 삶이 아닌 다른 인생을 선택하면 어떻게 될까? 돌연 여행을 떠나게 하고픈 영화",
    "rating": "8",
    "date": "15.01.11"
  }
]