[
  {
    "review_id": "9424263",
    "movie_id": "103177",
    "author": "ykdi****",
    "review": "행복해 지고 싶은 글로리아. 지난한 삶에 영광있으라.",
    "rating": "7",
    "date": "14.11.26"
  },
  {
    "review_id": "9373720",
    "movie_id": "103177",
    "author": "blue****",
    "review": "여성들은 꼭 보세요어쩜 글로리아는 앞으로 닦칠 내 미래일수 있으며,  진정한 자유를 누리는 멋진 모습일수 있습니다.",
    "rating": "9",
    "date": "14.11.12"
  },
  {
    "review_id": "8828083",
    "movie_id": "103177",
    "author": "lish****",
    "review": "우리 일상에서 흔히 있을수 있는 상황이라 생각한다 ... 보는데 답답하단 생각이 더 들었다 ... 여주인공이 타는 KIA 기아자동차 Rio 리오가 눈에 띈다",
    "rating": "8",
    "date": "14.06.14"
  },
  {
    "review_id": "8820976",
    "movie_id": "103177",
    "author": "pris****",
    "review": "오래오래 여운이 남는 영화",
    "rating": "10",
    "date": "14.06.11"
  },
  {
    "review_id": "8736638",
    "movie_id": "103177",
    "author": "left****",
    "review": "아름다운 글로리아...",
    "rating": "7",
    "date": "14.05.16"
  },
  {
    "review_id": "8731675",
    "movie_id": "103177",
    "author": "xxuz****",
    "review": "외롭고  혼자인 건  죄도,  창피한 것도 아냐.   그녀가  일어나  춤에  젖을 때  기뻐서  눈물이  났습니다.         수 많은  글로리아들에게  미소를!!",
    "rating": "10",
    "date": "14.05.15"
  },
  {
    "review_id": "8698141",
    "movie_id": "103177",
    "author": "mole****",
    "review": "처음 본 칠레 영화. 여주인공의 실제같은 호연에 박수~",
    "rating": "8",
    "date": "14.05.03"
  },
  {
    "review_id": "8634548",
    "movie_id": "103177",
    "author": "yesg****",
    "review": "자유로움을 마음껏 표현한",
    "rating": "10",
    "date": "14.04.07"
  },
  {
    "review_id": "8610094",
    "movie_id": "103177",
    "author": "setm****",
    "review": "사랑, 아름답고 지독한 것이여",
    "rating": "8",
    "date": "14.03.27"
  },
  {
    "review_id": "8609409",
    "movie_id": "103177",
    "author": "sp81****",
    "review": "한숨에 읽히는 책 같다. 글로리아 글로리아.",
    "rating": "9",
    "date": "14.03.27"
  },
  {
    "review_id": "8572327",
    "movie_id": "103177",
    "author": "sham****",
    "review": "좋은 영화임은 틀림없으나 개인적으로 공감하기 어려웠고 지루했던 작품",
    "rating": "6",
    "date": "14.03.13"
  },
  {
    "review_id": "8512342",
    "movie_id": "103177",
    "author": "stai****",
    "review": "지루하지만 끝까지 봤다 그래서 2점",
    "rating": "2",
    "date": "14.02.16"
  },
  {
    "review_id": "8481429",
    "movie_id": "103177",
    "author": "tear****",
    "review": "사랑, 상처, 나이듦. 그래도 사랑. 이 영화는 노인이 아닌 사랑스러운 여인의 성장기.",
    "rating": "9",
    "date": "14.02.06"
  },
  {
    "review_id": "8433899",
    "movie_id": "103177",
    "author": "wltj****",
    "review": "아오 난 이런영화 5분보다가 졸려서 못보겠어,, 뭐 뜻은좋아 늙어도 마음만은 젋다는것을,,!!근데 꾸며가는 영화의 과정이 정말 짜증나,,, 뭔 알지도못하는 대화들만 겁네많고 주절거리는영화 ㅋ;",
    "rating": "5",
    "date": "14.01.27"
  },
  {
    "review_id": "8402994",
    "movie_id": "103177",
    "author": "egyp****",
    "review": "외로울수록 과감하고 당당하게 맘껏 사랑하라50대에 접어든 한 중년여성이 자신의 평범한 일상속에서진정한 사랑과 오랫동안 감추고있던 욕망(?)을 찾는 스토리적극적이고 개방적인 라이프 스타일을 즐기던 여쥔공 글로리아웬지 조금 서글프지만 멋지다",
    "rating": "6",
    "date": "14.01.20"
  },
  {
    "review_id": "8393286",
    "movie_id": "103177",
    "author": "swea****",
    "review": "나이듦,사랑,외로움,공허,행복...이 영화를 보고 생각난 단어들",
    "rating": "8",
    "date": "14.01.18"
  },
  {
    "review_id": "8368982",
    "movie_id": "103177",
    "author": "bbq2****",
    "review": "누가 감히 그녀를 뭐라 할 수 있겠는가. 하지만 분수를 알고 정착을 해야 할 기회에 쿨하게 다른 남자를 찾아갔고, 그는 도망. 뒤에 그를 찾아가서 페인트총을 갈겼던 그녀의 웃음은 통쾌함이 아닌 허무함이었다.",
    "rating": "7",
    "date": "14.01.11"
  },
  {
    "review_id": "8357088",
    "movie_id": "103177",
    "author": "bles****",
    "review": "몸이 늙어간다고 마음까지 늙으랴",
    "rating": "8",
    "date": "14.01.06"
  },
  {
    "review_id": "8327046",
    "movie_id": "103177",
    "author": "arha****",
    "review": "글로리아 언니 빠이팅이라는 말이 나오는 영화.",
    "rating": "10",
    "date": "13.12.30"
  },
  {
    "review_id": "8320809",
    "movie_id": "103177",
    "author": "cool****",
    "review": "솔직하고, 능력도 있고, 매력적이고, 한편으로는 아주 독한 이혼녀 아주머니. 중간중간 많이 불쌍해 보였음. 아직 이 영화를 완전히 공감하기에는 내가 나이가 어린듯. 칠레의 사회적 문제에 대해서도 뭔가 대비 시켜서 보여주는 것 같긴한데 잘 모르겠음.",
    "rating": "7",
    "date": "13.12.29"
  },
  {
    "review_id": "8267656",
    "movie_id": "103177",
    "author": "rara****",
    "review": "베를린영화제에서 여우쥬연상 탈만합니다연기보다 알상같았어요. 서구문화라그렇다생각도되지만 50대라면 뭐.  .",
    "rating": "9",
    "date": "13.12.21"
  },
  {
    "review_id": "8214848",
    "movie_id": "103177",
    "author": "figh****",
    "review": "존 카사베츠의 동명영화와 다르지만 비슷한면도",
    "rating": "7",
    "date": "13.12.14"
  },
  {
    "review_id": "8204111",
    "movie_id": "103177",
    "author": "zzaz****",
    "review": "기대된다. 나이와 상관없이 삶에 대한 열정과 자신감.",
    "rating": "10",
    "date": "13.12.10"
  },
  {
    "review_id": "8203385",
    "movie_id": "103177",
    "author": "rnjs****",
    "review": "아 내가 나이가 덜먹어서 그런가 이해안됨 뭔 얘기하려는지 하나도 모르겠다.",
    "rating": "2",
    "date": "13.12.10"
  },
  {
    "review_id": "8198470",
    "movie_id": "103177",
    "author": "ogr5****",
    "review": "예찬인생(禮讚人生).",
    "rating": "8",
    "date": "13.12.08"
  },
  {
    "review_id": "8198271",
    "movie_id": "103177",
    "author": "kims****",
    "review": "붉은 립스틱을 걷어내어도 충분히 아름답고 사랑스러운 글로리아!",
    "rating": "8",
    "date": "13.12.08"
  },
  {
    "review_id": "8198217",
    "movie_id": "103177",
    "author": "jsga****",
    "review": "결국 계속 혼자구나 ..",
    "rating": "10",
    "date": "13.12.08"
  },
  {
    "review_id": "8194605",
    "movie_id": "103177",
    "author": "yoo8****",
    "review": "엄마한테 보여드렸더니 완전 몰입해서 봤다고 좋아하시네요^^",
    "rating": "9",
    "date": "13.12.06"
  },
  {
    "review_id": "8194535",
    "movie_id": "103177",
    "author": "ryu2****",
    "review": "폴리나 가르시아 연기 정말 소름돋네요~ㅎㅎ",
    "rating": "5",
    "date": "13.12.06"
  },
  {
    "review_id": "8193802",
    "movie_id": "103177",
    "author": "noru****",
    "review": "영화 좋은데요? 엄마한테 보여드릴예정ㅋ",
    "rating": "9",
    "date": "13.12.06"
  },
  {
    "review_id": "8193796",
    "movie_id": "103177",
    "author": "clou****",
    "review": "폴리나 가르시아 연기가..ㅎㄷㄷ",
    "rating": "9",
    "date": "13.12.06"
  },
  {
    "review_id": "8193772",
    "movie_id": "103177",
    "author": "fish****",
    "review": "20대와 같거나 다른 중년의 사랑을 느낄 수 있는 깊은 영화입니다-추천",
    "rating": "10",
    "date": "13.12.06"
  },
  {
    "review_id": "8193279",
    "movie_id": "103177",
    "author": "joy3****",
    "review": "만점드립니다^^영화보고싶습니다..아이공..ㅎㅎ",
    "rating": "10",
    "date": "13.12.06"
  },
  {
    "review_id": "8191914",
    "movie_id": "103177",
    "author": "repo****",
    "review": "담담한 영화이지만 공감가고 깊이있고 그런 영화였어요. 과감한 노출에 깜놀했지만 음악도 너무 좋아서 감동받고 왔습니다~ 개봉일 부터 챙겨볼만 했네요. ㅋㅋ",
    "rating": "10",
    "date": "13.12.05"
  },
  {
    "review_id": "8191817",
    "movie_id": "103177",
    "author": "shin****",
    "review": "마지막 '글로리아' 노래 나올때 일어나서 춤출뻔! 여우주연상 이유가 있음! 최고!!",
    "rating": "10",
    "date": "13.12.05"
  },
  {
    "review_id": "8191692",
    "movie_id": "103177",
    "author": "fldj****",
    "review": "빛나는 삶에 대해서 한 번 더 고민하게 만드는 영화! 추천추천!",
    "rating": "10",
    "date": "13.12.05"
  },
  {
    "review_id": "8191601",
    "movie_id": "103177",
    "author": "yks2****",
    "review": "여자라면 공감할 수 있는 영화",
    "rating": "10",
    "date": "13.12.05"
  }
]