[
  {
    "review_id": "10227532",
    "movie_id": "103241",
    "author": "gadi****",
    "review": "부모입장에서 봐도 감동..",
    "rating": "10",
    "date": "15.08.14"
  },
  {
    "review_id": "10192476",
    "movie_id": "103241",
    "author": "alwa****",
    "review": "28살 먹은 남자도 이거보고 눈물남..  ㅜ역시 기대를 저버리지 않는 짱구 극장판.. 고된 삶..  동심으로 돌아가게 해주는 유일하고 따듯한 만화네요.",
    "rating": "10",
    "date": "15.08.06"
  },
  {
    "review_id": "10191066",
    "movie_id": "103241",
    "author": "jaeh****",
    "review": "18기 이후, 근래 나온 짱구 극장판중에 가장 재미있는 극장판인듯 함.",
    "rating": "10",
    "date": "15.08.06"
  },
  {
    "review_id": "10149766",
    "movie_id": "103241",
    "author": "rasm****",
    "review": "마일드하지만 잔잔한 감동과 공감을 줘서 좋다. 그리고 재밌는듯",
    "rating": "10",
    "date": "15.07.27"
  },
  {
    "review_id": "10144365",
    "movie_id": "103241",
    "author": "mard****",
    "review": "짱구 극장판 무조건 10점 주는 매니아 혐오층들이 있어서 거품이 많지만 이 21기는 최근에 나온것들 중에 제일 볼만함. 보면서 흐뭇하다고 해야하나? 이게 22기보다 더 좋았다 개인적으로",
    "rating": "9",
    "date": "15.07.26"
  },
  {
    "review_id": "10143900",
    "movie_id": "103241",
    "author": "fqhp****",
    "review": "디테일들이 살아있고 참신하고 마구 웃을수있어서 언제나 믿고보는 짱구!!",
    "rating": "10",
    "date": "15.07.26"
  },
  {
    "review_id": "10134044",
    "movie_id": "103241",
    "author": "rifl****",
    "review": "그냥 타임킬링용 영화. 그러나 부모의 교육이 잘못되면 어떤 결과를 초래하는지도 보여주고 있다.",
    "rating": "6",
    "date": "15.07.23"
  },
  {
    "review_id": "10085112",
    "movie_id": "103241",
    "author": "ho78****",
    "review": "극장판을 만들어 놓으라고 했더니 일상판을 만들어놨네,정말 진심으로 모든 짱구극장판들 중에서 제일 긴장감없고 몰입감 없게 본편...실망이다ㅠ",
    "rating": "3",
    "date": "15.07.09"
  },
  {
    "review_id": "9993231",
    "movie_id": "103241",
    "author": "oran****",
    "review": "오세홍 성우님.... 목소리가 그리워요 ㅠㅠ",
    "rating": "10",
    "date": "15.06.12"
  },
  {
    "review_id": "9979853",
    "movie_id": "103241",
    "author": "tori****",
    "review": "마치 모 영부인이 한식세계화라는 뻘짓으로 국고낭비한 사례가 떠오른다.",
    "rating": "4",
    "date": "15.06.06"
  },
  {
    "review_id": "9938661",
    "movie_id": "103241",
    "author": "pjy5****",
    "review": "짱재미잇어요!머돋우덛ㅂㄱㅇ돈ㅍ",
    "rating": "10",
    "date": "15.05.22"
  },
  {
    "review_id": "9911782",
    "movie_id": "103241",
    "author": "chad****",
    "review": "good good good",
    "rating": "9",
    "date": "15.05.11"
  },
  {
    "review_id": "9878891",
    "movie_id": "103241",
    "author": "milk****",
    "review": "언제나 유쾌 하고 재미 있다,,, 전작들에 비해 약간 유치 한 감이,,,",
    "rating": "7",
    "date": "15.04.29"
  },
  {
    "review_id": "9875500",
    "movie_id": "103241",
    "author": "min_****",
    "review": "뻔하고 귀엽당ㅋㅋㅋ 아이 식습관에 엄격한 엄마들이 한번쯤 봤으면 함!",
    "rating": "9",
    "date": "15.04.28"
  },
  {
    "review_id": "9832673",
    "movie_id": "103241",
    "author": "horo****",
    "review": "아이와아빠와 잘봣어요",
    "rating": "10",
    "date": "15.04.07"
  },
  {
    "review_id": "9808277",
    "movie_id": "103241",
    "author": "qnzp****",
    "review": "짱구와친구들의모습이너무잼있었어요",
    "rating": "8",
    "date": "15.03.26"
  },
  {
    "review_id": "9769383",
    "movie_id": "103241",
    "author": "okaa****",
    "review": "내용이 외이렇게 시시함?",
    "rating": "6",
    "date": "15.03.09"
  },
  {
    "review_id": "9766949",
    "movie_id": "103241",
    "author": "ohoh****",
    "review": "완전 재밋음 역시 짱구가 최고!!",
    "rating": "10",
    "date": "15.03.08"
  },
  {
    "review_id": "9732354",
    "movie_id": "103241",
    "author": "keyk****",
    "review": "엄청 재미있어요~~^^♥♥",
    "rating": "10",
    "date": "15.02.23"
  },
  {
    "review_id": "9726681",
    "movie_id": "103241",
    "author": "knkb****",
    "review": "진짜.... 어른제국편보다 훨씬감동적이였습니다.",
    "rating": "10",
    "date": "15.02.22"
  },
  {
    "review_id": "9718963",
    "movie_id": "103241",
    "author": "1004****",
    "review": "그냥 그랬습니다.~~",
    "rating": "4",
    "date": "15.02.20"
  },
  {
    "review_id": "9710434",
    "movie_id": "103241",
    "author": "sch8****",
    "review": "밥먹으면서 TV돌리다 무심결에 봤는데 끝까지 다 봐버림ㅋㅋㅋ",
    "rating": "9",
    "date": "15.02.18"
  },
  {
    "review_id": "9682700",
    "movie_id": "103241",
    "author": "seun****",
    "review": "짱구는 못말려. 역시. 너무 재미 있습니다. 19살을 넘어 이제 갓 20살이 되었는데도 여전히 짱구만 바라보게 됩니다.",
    "rating": "10",
    "date": "15.02.09"
  },
  {
    "review_id": "9661767",
    "movie_id": "103241",
    "author": "won0****",
    "review": "저도 좋기는 좋았어요... 또 재밌기도 했어요~!!!ㅋㅋㅋ",
    "rating": "10",
    "date": "15.02.02"
  },
  {
    "review_id": "9645468",
    "movie_id": "103241",
    "author": "yuio****",
    "review": "너무 재미있어요! 또 보고 싶어요~",
    "rating": "10",
    "date": "15.01.28"
  },
  {
    "review_id": "9645060",
    "movie_id": "103241",
    "author": "pzx0****",
    "review": "짱구 극장판 중에서 이게 엄청난 감동을 주는것같네요최고다...",
    "rating": "10",
    "date": "15.01.28"
  },
  {
    "review_id": "9630272",
    "movie_id": "103241",
    "author": "tnql****",
    "review": "짱구 극장판 중 제일 재미있는 듯!! 그리고 보면서 음식 보니깐 너무 먹고 싶었다ㅠㅠ",
    "rating": "9",
    "date": "15.01.24"
  },
  {
    "review_id": "9628814",
    "movie_id": "103241",
    "author": "dngu****",
    "review": "야끼소바 먹어보고싶다...",
    "rating": "10",
    "date": "15.01.24"
  },
  {
    "review_id": "9612376",
    "movie_id": "103241",
    "author": "dnjf****",
    "review": "엄청재미있습니다.!!",
    "rating": "10",
    "date": "15.01.19"
  },
  {
    "review_id": "9599621",
    "movie_id": "103241",
    "author": "daeu****",
    "review": "볶음국수소스!볶음국수소스!",
    "rating": "10",
    "date": "15.01.16"
  },
  {
    "review_id": "9588491",
    "movie_id": "103241",
    "author": "free****",
    "review": "짱구야말로 말뿐이 아닌 진짜로 믿고보는영화.지난 10편이넘는 영화모두 잘만들었으니까",
    "rating": "10",
    "date": "15.01.12"
  },
  {
    "review_id": "9537468",
    "movie_id": "103241",
    "author": "vhrt****",
    "review": "어린이가 마추치기에는 힘든상황들속에 잘 나타난 갈등과 무기력함 그 속에서도 빛을 발하는 아이들",
    "rating": "8",
    "date": "14.12.30"
  },
  {
    "review_id": "9483163",
    "movie_id": "103241",
    "author": "hbj5****",
    "review": "역시짱구는 언제나 봐도 재미있네요 짱구 왕팬입니다^^",
    "rating": "10",
    "date": "14.12.17"
  },
  {
    "review_id": "9471037",
    "movie_id": "103241",
    "author": "uuuu****",
    "review": "아 재미는있었는데 돈내고보기 아까웠음",
    "rating": "5",
    "date": "14.12.13"
  },
  {
    "review_id": "9466121",
    "movie_id": "103241",
    "author": "jttn****",
    "review": "액션가면 처음쯤에 볶음국수 3번만에 먹음.ㅋㅋ",
    "rating": "10",
    "date": "14.12.11"
  },
  {
    "review_id": "9456134",
    "movie_id": "103241",
    "author": "kyle****",
    "review": "와 졸라 잼있네 ㅋㅋㅋ 짱구는 더빙판이 더 좋음",
    "rating": "10",
    "date": "14.12.07"
  },
  {
    "review_id": "9453469",
    "movie_id": "103241",
    "author": "jani****",
    "review": "완전재미짱!!! (감동 쩔) 유유  woalttmqslek !!!(rkaehdWjf) dbdb (didgPdud)",
    "rating": "10",
    "date": "14.12.06"
  },
  {
    "review_id": "9449558",
    "movie_id": "103241",
    "author": "yuyu****",
    "review": "넘 재미있었어요   아이가  좋아하네요",
    "rating": "10",
    "date": "14.12.05"
  },
  {
    "review_id": "9434460",
    "movie_id": "103241",
    "author": "sky8****",
    "review": "그냥 형편없습니다 권선징악 이젠 지겨움",
    "rating": "1",
    "date": "14.11.30"
  },
  {
    "review_id": "9429175",
    "movie_id": "103241",
    "author": "akai****",
    "review": "20기 프린세스가 너무 재미없어서 인지 이번 21기는 좋았다 특히 소스 이스 러브 노래는 너무 좋았다",
    "rating": "8",
    "date": "14.11.28"
  },
  {
    "review_id": "9421842",
    "movie_id": "103241",
    "author": "dldu****",
    "review": "솔직히 더빙판보고 많이실망햇습니다일본판으로 보세요",
    "rating": "9",
    "date": "14.11.25"
  },
  {
    "review_id": "9407494",
    "movie_id": "103241",
    "author": "gnsw****",
    "review": "엄빠 이 조합이면 어떤적이든 무쌍 찍을 듯",
    "rating": "10",
    "date": "14.11.21"
  },
  {
    "review_id": "9395966",
    "movie_id": "103241",
    "author": "xodl****",
    "review": "20기보다 이게 훨씬더 재밌네요.20기는 너무 지루하고 재미도 별루....",
    "rating": "10",
    "date": "14.11.17"
  },
  {
    "review_id": "9346162",
    "movie_id": "103241",
    "author": "mjki****",
    "review": "진짜 재밌고 또보고싶네요~^^!",
    "rating": "10",
    "date": "14.11.06"
  },
  {
    "review_id": "9334061",
    "movie_id": "103241",
    "author": "wodl****",
    "review": "조금 지루한 감이 없잖아 있네요;ㅅ;",
    "rating": "6",
    "date": "14.11.01"
  },
  {
    "review_id": "9326806",
    "movie_id": "103241",
    "author": "sain****",
    "review": "최고 ! 아이랑 너무 재밌게 봤어요.짱구는 여전히 최고에요.",
    "rating": "10",
    "date": "14.10.29"
  },
  {
    "review_id": "9310571",
    "movie_id": "103241",
    "author": "qlfr****",
    "review": "볶음고수!!내가나타났다.!!",
    "rating": "10",
    "date": "14.10.23"
  },
  {
    "review_id": "9305087",
    "movie_id": "103241",
    "author": "its2****",
    "review": "웃김..(더 만들어주삼!!!)<글쓴이:it****>",
    "rating": "10",
    "date": "14.10.20"
  },
  {
    "review_id": "9298560",
    "movie_id": "103241",
    "author": "0000****",
    "review": "명불허전 짱구ㅋㅋ역시 짱구다",
    "rating": "10",
    "date": "14.10.17"
  },
  {
    "review_id": "9289777",
    "movie_id": "103241",
    "author": "numb****",
    "review": "여태 나온 짱구 극장판 스리즈들이 죄다 명작인터라, 이번 작품은 기대치에 도달하진 못했습니다.",
    "rating": "5",
    "date": "14.10.13"
  },
  {
    "review_id": "9272478",
    "movie_id": "103241",
    "author": "juid****",
    "review": "늦은밥 보면안될영화 이거보면 배고파짐ㅎㅎ 볶음국수먹고시퍼요ㅠ",
    "rating": "10",
    "date": "14.10.07"
  },
  {
    "review_id": "9255960",
    "movie_id": "103241",
    "author": "ekgm****",
    "review": "짱구 좋아하는  분들이라면 볼만함. 하지만 그 전 극장판들보다는 조금 못한듯한 느낌이.. 마무리가 너무 대충",
    "rating": "8",
    "date": "14.10.02"
  },
  {
    "review_id": "9252817",
    "movie_id": "103241",
    "author": "qqqs****",
    "review": "지금까지 상영했던 짱구중에 제일 별로였어요 ㅠㅠ 큰아이만 집중해서보고 저는 그닥 ㅠㅠ",
    "rating": "4",
    "date": "14.10.01"
  },
  {
    "review_id": "9252369",
    "movie_id": "103241",
    "author": "dltn****",
    "review": "쪼꼬님의 말에 동감이네요...다음건 기대안할게요.. 차라리 짱구 14기 보는건데...",
    "rating": "1",
    "date": "14.10.01"
  },
  {
    "review_id": "9248517",
    "movie_id": "103241",
    "author": "enoj****",
    "review": "우리아이들이 좋아한다!",
    "rating": "10",
    "date": "14.09.29"
  },
  {
    "review_id": "9241155",
    "movie_id": "103241",
    "author": "alfm****",
    "review": "이것도 재밌어요! ㅎㅎ",
    "rating": "10",
    "date": "14.09.25"
  },
  {
    "review_id": "9216709",
    "movie_id": "103241",
    "author": "immi****",
    "review": "19, 20기로가면서 실망했지만 21기에서 다시회복!시로랑 춤출때 졸귀♥",
    "rating": "10",
    "date": "14.09.15"
  },
  {
    "review_id": "9215479",
    "movie_id": "103241",
    "author": "hyun****",
    "review": "역시 짱구!!! 절대로 실망시키지 않아!!! 정말 재밌게 보는 내내 계속 입가에 웃음 띄면서 봤음!!!",
    "rating": "10",
    "date": "14.09.14"
  },
  {
    "review_id": "9210301",
    "movie_id": "103241",
    "author": "gusc****",
    "review": "나쁘지않음 킬링타용으로무난",
    "rating": "9",
    "date": "14.09.13"
  },
  {
    "review_id": "9207959",
    "movie_id": "103241",
    "author": "1441****",
    "review": "짱구재밌어요!!지금까지다보고있어요~~",
    "rating": "10",
    "date": "14.09.12"
  },
  {
    "review_id": "9198443",
    "movie_id": "103241",
    "author": "gkgn****",
    "review": "좀 아쉬워요 재미없는건아닌데 중간에 너무 지루하고 마지막엔 급마무리되는 느낌입니다 전편이 더 재밌네요",
    "rating": "8",
    "date": "14.09.10"
  },
  {
    "review_id": "9196392",
    "movie_id": "103241",
    "author": "seon****",
    "review": "우리에짱구 역시짱구...홧팅....",
    "rating": "10",
    "date": "14.09.10"
  },
  {
    "review_id": "9194908",
    "movie_id": "103241",
    "author": "wlsg****",
    "review": "개인적으로 짱구친구들과 같이 모험하는 그런 극장판 오랜만이네요",
    "rating": "10",
    "date": "14.09.09"
  },
  {
    "review_id": "9184834",
    "movie_id": "103241",
    "author": "rorn****",
    "review": "옛날 극장판이 더 좋네요.",
    "rating": "3",
    "date": "14.09.08"
  },
  {
    "review_id": "9184251",
    "movie_id": "103241",
    "author": "a777****",
    "review": "재밌게잘봣숨,짱구애니에서의 느낌과조금다른느낌이엿지만ㅎ",
    "rating": "10",
    "date": "14.09.08"
  },
  {
    "review_id": "9165455",
    "movie_id": "103241",
    "author": "gus6****",
    "review": "너무재밌어요!!!다시보고싶네요.ㅎㅎ",
    "rating": "10",
    "date": "14.09.04"
  },
  {
    "review_id": "9155876",
    "movie_id": "103241",
    "author": "lktl****",
    "review": "아니 짱구는 이렇게 최근에 나온게 케이블 애니메이션 채널에서 나오는구나.. 케이블에서 무료료 봤는데 재밌었음",
    "rating": "10",
    "date": "14.09.02"
  },
  {
    "review_id": "9153980",
    "movie_id": "103241",
    "author": "jhy0****",
    "review": "아들이랑 즐겁게 봤어요",
    "rating": "10",
    "date": "14.09.01"
  },
  {
    "review_id": "9141423",
    "movie_id": "103241",
    "author": "apfh****",
    "review": "이거 진짜 개잼잇다 ㅋㅋ~^^볶음국수 먹고시퍼지넼ㅋㅋ 이거 잼업다고 하는놈들 가서 주거라",
    "rating": "10",
    "date": "14.08.28"
  },
  {
    "review_id": "9135493",
    "movie_id": "103241",
    "author": "mha0****",
    "review": "진짜어릴때부터다커서까지보고잇는유일한애니",
    "rating": "10",
    "date": "14.08.26"
  },
  {
    "review_id": "9134238",
    "movie_id": "103241",
    "author": "dlgu****",
    "review": "나 23살 쳐먹은 대학생인데 여태 극장판 1기부터 21까지 다봣다. 갈수록 떨어지는 퀄리티를 다시 살린 편이었다. 간만에 옜날느낌의 짱구극장판. 중간중간 재미요소도 많아서좋았음",
    "rating": "10",
    "date": "14.08.26"
  },
  {
    "review_id": "9128486",
    "movie_id": "103241",
    "author": "tksc****",
    "review": "정말 후회하지않고 재미있게 가족끼리 볼수있는 영화",
    "rating": "10",
    "date": "14.08.24"
  },
  {
    "review_id": "9122536",
    "movie_id": "103241",
    "author": "suvi****",
    "review": "역시! 짱구영화는 다 재밌어..!",
    "rating": "10",
    "date": "14.08.22"
  },
  {
    "review_id": "9122149",
    "movie_id": "103241",
    "author": "khy3****",
    "review": "조카랑보는데 재밋엇긴하지만 약간지루할수도..",
    "rating": "8",
    "date": "14.08.22"
  },
  {
    "review_id": "9112277",
    "movie_id": "103241",
    "author": "khto****",
    "review": "아주유쾌하고즐겁게잘봤습니다....",
    "rating": "10",
    "date": "14.08.19"
  },
  {
    "review_id": "9109948",
    "movie_id": "103241",
    "author": "ices****",
    "review": "재미있고 심지어 감동적인데다 떡잎마을방범대가 너무 용감한것이 대단했습니다.",
    "rating": "10",
    "date": "14.08.19"
  },
  {
    "review_id": "9108424",
    "movie_id": "103241",
    "author": "rudw****",
    "review": "코믹 엽기적인 주제지만 영화 속 메세지는 감동적이다 짱구극장판의 묘미 ㅎ____ㅎ",
    "rating": "10",
    "date": "14.08.18"
  },
  {
    "review_id": "9106191",
    "movie_id": "103241",
    "author": "juhu****",
    "review": "재밌고 감동적임. 곳곳에 교훈이 담겨있지만 그걸 파악하는 건 여러분의 몫",
    "rating": "10",
    "date": "14.08.18"
  },
  {
    "review_id": "9106059",
    "movie_id": "103241",
    "author": "zhfl****",
    "review": "넘넘 재미있다!!+_+",
    "rating": "10",
    "date": "14.08.18"
  },
  {
    "review_id": "9101600",
    "movie_id": "103241",
    "author": "dbs7****",
    "review": "애들영화인데 빈부격차를 까는 내용은 좀ㅋㅋ 그래도 잼있긴 함. 16기 금창용사에 비하면 명작이지ㅋㅋㅋ",
    "rating": "5",
    "date": "14.08.17"
  },
  {
    "review_id": "9097419",
    "movie_id": "103241",
    "author": "hehl****",
    "review": "재밋어요 집중하게 만드는 듯~!",
    "rating": "10",
    "date": "14.08.16"
  },
  {
    "review_id": "9094599",
    "movie_id": "103241",
    "author": "kgh0****",
    "review": "이것도재미는있다근데원작가가그립다",
    "rating": "10",
    "date": "14.08.16"
  },
  {
    "review_id": "9090281",
    "movie_id": "103241",
    "author": "aprk****",
    "review": "엔딩곡 노래 업청좋던뎀...",
    "rating": "10",
    "date": "14.08.15"
  },
  {
    "review_id": "9090170",
    "movie_id": "103241",
    "author": "froz****",
    "review": "우정과 코미디를 한번에 담은 영화.",
    "rating": "10",
    "date": "14.08.15"
  },
  {
    "review_id": "9082882",
    "movie_id": "103241",
    "author": "manh****",
    "review": "짱구는 역시 더빙~!! 그리고 박영남 성우 아닌 짱구는 생각할 수가 없네요 너무 재밌습니다",
    "rating": "10",
    "date": "14.08.14"
  },
  {
    "review_id": "9077874",
    "movie_id": "103241",
    "author": "nexo****",
    "review": "짱구극장판은 역시더빙이고 넘재밋고감덩임",
    "rating": "9",
    "date": "14.08.13"
  },
  {
    "review_id": "9072266",
    "movie_id": "103241",
    "author": "s2du****",
    "review": "스토리 규모와 재미를 따져서는 다른 극장판보다 못하나 짱구 특유의 재미는 여전 하고 마지막에확실히 감동이 와닿아서 괜찮았던 극장판이다.",
    "rating": "8",
    "date": "14.08.12"
  },
  {
    "review_id": "9069178",
    "movie_id": "103241",
    "author": "luke****",
    "review": "역시 짱구는못말려 시리즈는 짱이네요!!",
    "rating": "10",
    "date": "14.08.11"
  },
  {
    "review_id": "9067066",
    "movie_id": "103241",
    "author": "ssj3****",
    "review": "대박!!!지금 챔프에 하네요 올4월에 개봉한건데",
    "rating": "9",
    "date": "14.08.11"
  },
  {
    "review_id": "9066836",
    "movie_id": "103241",
    "author": "juri****",
    "review": "귀여움 귀여움  귀여움  귀욤",
    "rating": "5",
    "date": "14.08.11"
  },
  {
    "review_id": "9063585",
    "movie_id": "103241",
    "author": "tldn****",
    "review": "재미있습니다근데 옥애티가 하나있는데요 짱구엄마 봉미선은 분명 드래스를 입고왓는데 왜갑자기 평상복이 돼었죠?",
    "rating": "10",
    "date": "14.08.10"
  },
  {
    "review_id": "9060190",
    "movie_id": "103241",
    "author": "deff****",
    "review": "음식 소재를 다른 이번에는 전작과 다르게 다소 실망스럽기만 하다",
    "rating": "6",
    "date": "14.08.10"
  },
  {
    "review_id": "9058061",
    "movie_id": "103241",
    "author": "ie06****",
    "review": "영화 자체는 아주 좋았다 근데 일본판 보면 스모선수 옷에 욱일전범기 그려져있다 OOO 디자이너들",
    "rating": "9",
    "date": "14.08.09"
  },
  {
    "review_id": "9050992",
    "movie_id": "103241",
    "author": "dada****",
    "review": "재밌다재밋다재밌다재밌다",
    "rating": "10",
    "date": "14.08.08"
  },
  {
    "review_id": "9035931",
    "movie_id": "103241",
    "author": "mso0****",
    "review": "꿀잼임니다 강추히히히",
    "rating": "10",
    "date": "14.08.06"
  },
  {
    "review_id": "9032482",
    "movie_id": "103241",
    "author": "hyjn****",
    "review": "진짜 긴말안하고 짱구 최고",
    "rating": "10",
    "date": "14.08.05"
  },
  {
    "review_id": "9029866",
    "movie_id": "103241",
    "author": "wlst****",
    "review": "꿀잼이에여!!극장판이짱!!",
    "rating": "10",
    "date": "14.08.05"
  },
  {
    "review_id": "9023437",
    "movie_id": "103241",
    "author": "dkfm****",
    "review": "제미있네요  짱구 가언제 끝날지가 궁금합니다",
    "rating": "10",
    "date": "14.08.04"
  },
  {
    "review_id": "9016898",
    "movie_id": "103241",
    "author": "jr55****",
    "review": "완전재밋어요 ㅠㅠㅠㅠ 아진짜최고",
    "rating": "10",
    "date": "14.08.03"
  },
  {
    "review_id": "9015260",
    "movie_id": "103241",
    "author": "xkdl****",
    "review": "마지막 짱구랑 친구들이 야키소바 만들면서 부르던 노래가 제일 인상 깊고 맛있겠다는 생각이 들었다.",
    "rating": "10",
    "date": "14.08.03"
  }
]