[
  {
    "review_id": "10199869",
    "movie_id": "103222",
    "author": "qufs****",
    "review": "마음이 아팠어요 이런영화가 많이 알려졌으면 좋겠네요ㅎㅎ",
    "rating": "5",
    "date": "15.08.08"
  },
  {
    "review_id": "10191698",
    "movie_id": "103222",
    "author": "lyca****",
    "review": "사상과 사상과 사상, 사람 잡는 사상.. 최초의 뜻을 왜곡하고 독재로 물든 북의 경제체제, 정치사상, 그 안에 일시적 희망이 되는 종교라는 아편. 이 둘은 상호배타적인듯 하나 쌍둥이처럼 닮아있다. '인간'보다 정치요, 종교라고 믿는건 남쪽이라고 다를까",
    "rating": "9",
    "date": "15.08.06"
  },
  {
    "review_id": "10191681",
    "movie_id": "103222",
    "author": "sang****",
    "review": "이 영화가 말하고자 하는 것과 이 영화를 드는 관객은... 너무  다르다... 그게 제일 아쉽다... 이 영화는 종교가 아닌... 정치적인 것도 아닌... 그냥 북학이라는 나라의 사회만 봤으면 한다... 아쉽다.. 이 영화가... 종교와 정치로..끝.",
    "rating": "1",
    "date": "15.08.06"
  },
  {
    "review_id": "10181084",
    "movie_id": "103222",
    "author": "ghkd****",
    "review": "재미잇게잘봣습니다..굳",
    "rating": "10",
    "date": "15.08.03"
  },
  {
    "review_id": "10179072",
    "movie_id": "103222",
    "author": "kik2****",
    "review": "내용이 너무 지루하다.. 빤하고...",
    "rating": "5",
    "date": "15.08.03"
  },
  {
    "review_id": "10165692",
    "movie_id": "103222",
    "author": "ssai****",
    "review": "눈물만 하염없이 쏟아냅니다",
    "rating": "10",
    "date": "15.07.31"
  },
  {
    "review_id": "10126828",
    "movie_id": "103222",
    "author": "tj06****",
    "review": "같은 종교를 가진 사람으로써 종교의 힘이 얼마나 대단한가를 느끼게 했고,종교의 자유가 있는 대한민국의 국민이라는게 다행이라는 생각이 들었습니다.",
    "rating": "9",
    "date": "15.07.21"
  },
  {
    "review_id": "10121506",
    "movie_id": "103222",
    "author": "urkn****",
    "review": "북한 인권 문제야 하루 이틀일이 아니지만, 거기에 종교적인 소재를 입히니 감동과는 전혀 거리가 멀었네요",
    "rating": "5",
    "date": "15.07.19"
  },
  {
    "review_id": "10085492",
    "movie_id": "103222",
    "author": "gald****",
    "review": "정말 마음이 아프고 아프다.",
    "rating": "10",
    "date": "15.07.09"
  },
  {
    "review_id": "10084587",
    "movie_id": "103222",
    "author": "puff****",
    "review": "주님..북쪽 우리민족들도 굽어 살피소서...아멘..",
    "rating": "10",
    "date": "15.07.09"
  },
  {
    "review_id": "10081523",
    "movie_id": "103222",
    "author": "tprk****",
    "review": "김인권 역시 배우네요. 그렇지만 종교적인 내용은 너무 싫습니다. 신이 있다면 이따구로 세상이 돌아갈까? 더욱 기독교가 싫어집니다.",
    "rating": "5",
    "date": "15.07.08"
  },
  {
    "review_id": "10079796",
    "movie_id": "103222",
    "author": "kara****",
    "review": "영화를 보다가 중간에 포기한 몇안되는 영화.그냥 기독교 홍보영화.",
    "rating": "1",
    "date": "15.07.08"
  },
  {
    "review_id": "10075414",
    "movie_id": "103222",
    "author": "hiha****",
    "review": "예수 믿디 말라우 예수 믿다가 저래 된다",
    "rating": "6",
    "date": "15.07.06"
  },
  {
    "review_id": "10074921",
    "movie_id": "103222",
    "author": "offs****",
    "review": "교회에서나 쳐봐라...평점조절한다...",
    "rating": "1",
    "date": "15.07.06"
  },
  {
    "review_id": "10069963",
    "movie_id": "103222",
    "author": "redn****",
    "review": "어느 나라든 그 나라 법에 맞춰살아가고 있는게 우리들 아닌가? 안타깝지만 북한이 종교를 인정안하면 거기에 맞춰서 살아야지, 괜히 긁어서 온가족 작살,,,;; 종교에 미1친자들의 최후쯤으로 볼란다. 북한의 문제도 문제지만 종교색이 너무 들어갔어 ㅡㅡ",
    "rating": "1",
    "date": "15.07.04"
  },
  {
    "review_id": "10068938",
    "movie_id": "103222",
    "author": "pure****",
    "review": "통일은 꼭 되어야 한다...",
    "rating": "10",
    "date": "15.07.04"
  },
  {
    "review_id": "10068815",
    "movie_id": "103222",
    "author": "lipe****",
    "review": "비종교인에게는 너무 무겁다. 이해도 못하고, 이해하고 싶지도 않은 종교적 색채가 너무 진한것 같다.",
    "rating": "7",
    "date": "15.07.04"
  },
  {
    "review_id": "10067423",
    "movie_id": "103222",
    "author": "vest****",
    "review": "1점도 아깝다....",
    "rating": "1",
    "date": "15.07.04"
  },
  {
    "review_id": "10028495",
    "movie_id": "103222",
    "author": "west****",
    "review": "내 스타일의 영화는 아니었다",
    "rating": "1",
    "date": "15.06.24"
  },
  {
    "review_id": "10010901",
    "movie_id": "103222",
    "author": "lush****",
    "review": "재미를 바라고 보시면 실망합니다",
    "rating": "7",
    "date": "15.06.19"
  },
  {
    "review_id": "10008783",
    "movie_id": "103222",
    "author": "quat****",
    "review": "뭐고 북한예수쟁이 영화네",
    "rating": "1",
    "date": "15.06.18"
  },
  {
    "review_id": "9969771",
    "movie_id": "103222",
    "author": "ye07****",
    "review": "북한사상에 휩쓸리지 않고 목숨걸고서라도 놓치고 싶지않은 인간다운 삶의 희망을 종교에서 구한 북한종교인들이 진정한 종교인이 아닐까? 우리 남한종교인들이 느끼지 못하는 절실함을 저사람들은 매일느끼고 살고있을테니 말이다...",
    "rating": "7",
    "date": "15.06.02"
  },
  {
    "review_id": "9967650",
    "movie_id": "103222",
    "author": "llll****",
    "review": "하나님도 버린땅관란객도 버리고...내시간도 버리고김인권3점 제작비1점 스토리 1점 합 5점",
    "rating": "5",
    "date": "15.06.01"
  },
  {
    "review_id": "9950223",
    "movie_id": "103222",
    "author": "roky****",
    "review": "최선자   생님  뵙게되서  방가 웠습니다  tv 에서도  연기하시는  모습 보고싶네요  선생님  팬입니다",
    "rating": "9",
    "date": "15.05.25"
  },
  {
    "review_id": "9941264",
    "movie_id": "103222",
    "author": "rkdt****",
    "review": "배우들의 연기가 너무 좋았어요",
    "rating": "10",
    "date": "15.05.23"
  },
  {
    "review_id": "9936500",
    "movie_id": "103222",
    "author": "euno****",
    "review": "삶의 목적을 다시 한번 생각해 보게 되네요. 가슴이 먹먹합니다..",
    "rating": "9",
    "date": "15.05.21"
  },
  {
    "review_id": "9936102",
    "movie_id": "103222",
    "author": "kjsh****",
    "review": "북한인권 문제는 이념이나 종교를 넘어서 접근해야합니다. 마지막 엔딩크레딧 올라갈땐 눈물이 다나네요. 억지눈물영화에는 꿈쩍도 안하는 사람인데...배우들 캐스팅 너무 좋았고 지하교회의 현실에 대해 알게되어서 기도제목이 생겼네요!!",
    "rating": "10",
    "date": "15.05.21"
  },
  {
    "review_id": "9935764",
    "movie_id": "103222",
    "author": "nome****",
    "review": "생각하고 또 생각하게 만드는 영화",
    "rating": "10",
    "date": "15.05.21"
  },
  {
    "review_id": "9935331",
    "movie_id": "103222",
    "author": "tsut****",
    "review": "종교 영화가 아닌  북한과 남한의 실상을 영화. 북한의 인권을 말하는 영화.",
    "rating": "10",
    "date": "15.05.21"
  },
  {
    "review_id": "9933108",
    "movie_id": "103222",
    "author": "jsk9****",
    "review": "별로입니다. 오ㅐ 재밌는지 모르게써",
    "rating": "5",
    "date": "15.05.20"
  },
  {
    "review_id": "9928362",
    "movie_id": "103222",
    "author": "glob****",
    "review": "하나님 믿는 것이 참된 축복입니다. 북한의 피흘림이 믿음의 씨앗이 될 것입니다.",
    "rating": "10",
    "date": "15.05.18"
  },
  {
    "review_id": "9914206",
    "movie_id": "103222",
    "author": "hjs3****",
    "review": "알아듣기가 왜이렇게 힘들지.. 사투리때문인지 무슨말인지 알아듣기가 너무 힘들었네요;; 작품성이 꽤나 좋은 영화인건 알지만 제 귀가 이상이 있나봄 ㅜㅜ",
    "rating": "5",
    "date": "15.05.13"
  },
  {
    "review_id": "9912842",
    "movie_id": "103222",
    "author": "lawf****",
    "review": "북한인권에 대해 다시 알아볼수 있는 영화 입니다",
    "rating": "9",
    "date": "15.05.12"
  },
  {
    "review_id": "9906487",
    "movie_id": "103222",
    "author": "thec****",
    "review": "짜증이낫습니다. 우리나라도그렇지만 강자한테는 약한 고 약자한테는 강한거. 제가 교회를 왜다녔는지도잘모르겟습니다. 지금은안다니지만 안다닐렵니다. 북한에사는많은사람들의기도도 들어주지모자랄판에 하루하루를 평온하게사는 제가 뭘바라겟습니까. 슬픕니다.",
    "rating": "10",
    "date": "15.05.09"
  },
  {
    "review_id": "9902764",
    "movie_id": "103222",
    "author": "ttso****",
    "review": "최고의영화말이필요없는",
    "rating": "10",
    "date": "15.05.08"
  },
  {
    "review_id": "9897392",
    "movie_id": "103222",
    "author": "wony****",
    "review": "그곳에두 저렇게 종교인이...",
    "rating": "7",
    "date": "15.05.05"
  },
  {
    "review_id": "9852873",
    "movie_id": "103222",
    "author": "sbs5****",
    "review": "내 신앙은 참 어린아이와 같은 신앙이구나...",
    "rating": "10",
    "date": "15.04.19"
  },
  {
    "review_id": "9841716",
    "movie_id": "103222",
    "author": "kjad****",
    "review": "마지막에 할머니의  몰래하는 기도가 너무 구슬프다... 아... 도대체... 도대체... 생물이란 무엇일까? 사상은 무엇이고... 종교는 또 무엇일까? 그 갈등속에 고통받거나 죽어간 이들은 무엇이고...  도살장에서 죽어나가는 소나 닭은 무엇일까??",
    "rating": "10",
    "date": "15.04.12"
  },
  {
    "review_id": "9837628",
    "movie_id": "103222",
    "author": "keeh****",
    "review": "너무 슬프게 끝나잖아 ㅠㅠ 다죽으면 어떡해....ㅠㅠㅠ",
    "rating": "10",
    "date": "15.04.10"
  },
  {
    "review_id": "9827342",
    "movie_id": "103222",
    "author": "vbh8****",
    "review": "와...연기력 몰입도 스토리 전할내용 등 하나도 빠짐없이 완벽한 영화 우와... 쩐다",
    "rating": "10",
    "date": "15.04.04"
  },
  {
    "review_id": "9822406",
    "movie_id": "103222",
    "author": "almo****",
    "review": "목숨을 걸고 신앙생활하는 지하교회의 실상을 세련된 영화적 연출로 잘 제작했다.",
    "rating": "7",
    "date": "15.04.02"
  },
  {
    "review_id": "9804291",
    "movie_id": "103222",
    "author": "soot****",
    "review": "좋은 영화라고 생각합니다.",
    "rating": "10",
    "date": "15.03.25"
  },
  {
    "review_id": "9803826",
    "movie_id": "103222",
    "author": "zxcx****",
    "review": "이단이든 이단이 아니든 이 영화를 보게되면 가장 중요한것이 무엇인지 알게 될 것 같아요",
    "rating": "10",
    "date": "15.03.24"
  },
  {
    "review_id": "9803115",
    "movie_id": "103222",
    "author": "rlad****",
    "review": "주인공이 신이보낸 사람 [주의 명을 받은자] 뭐 이런느낌이 강한데사실상 이런 종교이야기와 북한이야기가 연결되는건 사실상좀 뭔가 억지스럽기도 하고요 그리고 갈수록 이야기가 산으로 가는점과 종교를 믿는자들의 영화라고밖에는 뭐 볼수가 없네요 좀 실망",
    "rating": "1",
    "date": "15.03.24"
  },
  {
    "review_id": "9796881",
    "movie_id": "103222",
    "author": "marm****",
    "review": "나름 재밌게 보았습니다 소중한 삶 후회없이 살아야 겠어요.",
    "rating": "10",
    "date": "15.03.21"
  },
  {
    "review_id": "9793903",
    "movie_id": "103222",
    "author": "wkkk****",
    "review": "물론 무교이신분들이보면 약간 당황하실수도있겠지만, 기독교인의 입장으로써 봤을때 정말 너무도 슬픈이야기입니다.. 정말너무안타깝고 화가나네요 가슴이너무아픕니다",
    "rating": "10",
    "date": "15.03.19"
  },
  {
    "review_id": "9788966",
    "movie_id": "103222",
    "author": "dhrw****",
    "review": "진짜 미친거 같은 영화... 재미없음",
    "rating": "1",
    "date": "15.03.17"
  },
  {
    "review_id": "9788592",
    "movie_id": "103222",
    "author": "8081****",
    "review": "북한의 인권 실태를 리얼하게 보여주기 위해 지하교회라는 소재를 부각시킨 느낌입니다. 흔히 말하는 종교 영화는 아닙니다.",
    "rating": "10",
    "date": "15.03.16"
  },
  {
    "review_id": "9788531",
    "movie_id": "103222",
    "author": "sdbp****",
    "review": "연기자들 연기는 좋지만 그냥 어이가 없내 전도사가 저모양인데 신앙에 목숨받치는 사람들 이야기... 이상하게 사이비는 아니지만 사이비종교를 믿는 사람들 같은 느낌을 받는다",
    "rating": "1",
    "date": "15.03.16"
  },
  {
    "review_id": "9785413",
    "movie_id": "103222",
    "author": "adsl****",
    "review": "북한의 현실 체제의 억압 때문에 신이라는.. 종교라는곳에 기댈 수 밖에 없는 주민들 그 속에 숨겨진 의미",
    "rating": "7",
    "date": "15.03.15"
  },
  {
    "review_id": "9782692",
    "movie_id": "103222",
    "author": "lodo****",
    "review": "평들이 너무 종교영화로만보고 또 정치적으로만 해석하시네요..북한에 현상황과 종교적모순 등을 잘나타낸 영화같은데..김인권씨의 연기 다시보게되네요 이영화로...",
    "rating": "10",
    "date": "15.03.15"
  },
  {
    "review_id": "9777794",
    "movie_id": "103222",
    "author": "amk0****",
    "review": "종교가 강조되기 보다, 북한의 인권과 억압, 폭력이 강조되는 영화. 잘 봤습니다!",
    "rating": "10",
    "date": "15.03.13"
  },
  {
    "review_id": "9774439",
    "movie_id": "103222",
    "author": "hsp9****",
    "review": "배우분들이 수고했네..",
    "rating": "8",
    "date": "15.03.12"
  },
  {
    "review_id": "9773816",
    "movie_id": "103222",
    "author": "drze****",
    "review": "저렇게 기도를 해도 북한정권은 무너지지 않는거보니하나님은 안계신가보다..",
    "rating": "7",
    "date": "15.03.12"
  },
  {
    "review_id": "9772718",
    "movie_id": "103222",
    "author": "cary****",
    "review": "진짜 보는내내  대한민국이 좋은곳이구나 다시한번 느껴봅니다",
    "rating": "10",
    "date": "15.03.11"
  },
  {
    "review_id": "9772496",
    "movie_id": "103222",
    "author": "jsd1****",
    "review": "김인권씨를 믿고 거릅니다. 수고하세요 ^^*",
    "rating": "1",
    "date": "15.03.11"
  },
  {
    "review_id": "9772385",
    "movie_id": "103222",
    "author": "holy****",
    "review": "막연하게 생각하고 있던 북한 인권 문제의 심각성이 가슴을 파고들었다.",
    "rating": "10",
    "date": "15.03.11"
  },
  {
    "review_id": "9772003",
    "movie_id": "103222",
    "author": "1004****",
    "review": "평점을 조절 해야 하지 않을까?",
    "rating": "1",
    "date": "15.03.11"
  },
  {
    "review_id": "9762322",
    "movie_id": "103222",
    "author": "blic****",
    "review": "너무 재미있었어요~~^^",
    "rating": "8",
    "date": "15.03.07"
  },
  {
    "review_id": "9758344",
    "movie_id": "103222",
    "author": "eunj****",
    "review": "보는 동안 가슴이 먹먹했던 영화~~",
    "rating": "8",
    "date": "15.03.05"
  },
  {
    "review_id": "9757495",
    "movie_id": "103222",
    "author": "rlaw****",
    "review": "스포:남한넘어오려고 애쓰다가 전부 실패하고 죽는영화",
    "rating": "3",
    "date": "15.03.05"
  },
  {
    "review_id": "9753683",
    "movie_id": "103222",
    "author": "acoy****",
    "review": "참 먹먹하다. 죽는 순간에도 주님을 부르짖는 그들에게 돌아오는 건 현실 뿐.",
    "rating": "6",
    "date": "15.03.03"
  },
  {
    "review_id": "9734475",
    "movie_id": "103222",
    "author": "lkl1****",
    "review": "슬프긴 슬펐다.빨리 통일이 되어야 할텐데...ㅠㅠ",
    "rating": "9",
    "date": "15.02.24"
  },
  {
    "review_id": "9709915",
    "movie_id": "103222",
    "author": "read****",
    "review": "잔인하지만현실ㄹㄹ이란",
    "rating": "8",
    "date": "15.02.18"
  },
  {
    "review_id": "9703266",
    "movie_id": "103222",
    "author": "prel****",
    "review": "대한민국의 이스라엘 化.  하지만 이스라엘人들은 콧방귀도 안뀌겠지만. 착각 속에서 헤어나지 못하는 불쌍한 한민족. 나무아미타불.",
    "rating": "1",
    "date": "15.02.16"
  },
  {
    "review_id": "9702781",
    "movie_id": "103222",
    "author": "kang****",
    "review": "한장면도 지루하지않음과 이유있는 시나리오",
    "rating": "9",
    "date": "15.02.16"
  },
  {
    "review_id": "9689835",
    "movie_id": "103222",
    "author": "kyd5****",
    "review": "북한국민들의 인권현실을 다룬영화라면 좋은영화! 긴장감조성도 잘하였지만 아쉬움이 많이 남는 영화다..",
    "rating": "8",
    "date": "15.02.12"
  },
  {
    "review_id": "9676905",
    "movie_id": "103222",
    "author": "tkfk****",
    "review": "웅앙아아ㅏㅇ ♥조으다",
    "rating": "10",
    "date": "15.02.07"
  },
  {
    "review_id": "9674055",
    "movie_id": "103222",
    "author": "rd72****",
    "review": "자극적인 요소들을 끌어모은 복음 전도서",
    "rating": "3",
    "date": "15.02.06"
  },
  {
    "review_id": "9671542",
    "movie_id": "103222",
    "author": "jeon****",
    "review": "평점 7점이 적당. 북한의 실상과 인권 문제를 다룬 것은 의미 있었으나 종교적인 것에 거부감이 들었음",
    "rating": "1",
    "date": "15.02.06"
  },
  {
    "review_id": "9664331",
    "movie_id": "103222",
    "author": "na03****",
    "review": "거짓선동하는 쓰레기영화 누가 이런걸 진실이라고 호도하는가!!",
    "rating": "1",
    "date": "15.02.03"
  },
  {
    "review_id": "9660528",
    "movie_id": "103222",
    "author": "julr****",
    "review": "너무아파요마음이?몰살당하면서도 주여를외치는그들?한없이 눈물이흘렀습니다",
    "rating": "10",
    "date": "15.02.02"
  },
  {
    "review_id": "9657880",
    "movie_id": "103222",
    "author": "tjdw****",
    "review": "기독교집회 중 하나님이 함께 있는것같다던 멘트는 탈북자처형후 김정일 장군이 보고있는 것 같다던 북한장교의 말과 묘한 데자뷰를 이룬다.방안에 붙여있는 김일성 사진이나 땅밑에 숨겨둔 예수그림이, 맹목적인 신념을 요구한다는 것 외에 무슨 차이가 있는걸까",
    "rating": "6",
    "date": "15.02.01"
  },
  {
    "review_id": "9641103",
    "movie_id": "103222",
    "author": "kbj2****",
    "review": "ㅠㅠ 10글자 10글자",
    "rating": "10",
    "date": "15.01.27"
  },
  {
    "review_id": "9639861",
    "movie_id": "103222",
    "author": "love****",
    "review": "말이  참 많아서 고민 했는데 ,,,,북한 현실을 낱낱이 보았습니다 이걸 만들어주신 분들께 고마움을 표합니다",
    "rating": "10",
    "date": "15.01.26"
  },
  {
    "review_id": "9632115",
    "movie_id": "103222",
    "author": "dewf****",
    "review": "재미있습니당ㅋㅋ 남주가 너무 귀여움ㅋㅋ",
    "rating": "10",
    "date": "15.01.24"
  },
  {
    "review_id": "9627904",
    "movie_id": "103222",
    "author": "yje4****",
    "review": "김정은이 이 영화를 봐야함",
    "rating": "10",
    "date": "15.01.23"
  },
  {
    "review_id": "9624282",
    "movie_id": "103222",
    "author": "jins****",
    "review": "영화관을 나와서 감히 어떤 말도 함부로 하기 힘든... 그런 영화.",
    "rating": "10",
    "date": "15.01.22"
  },
  {
    "review_id": "9610834",
    "movie_id": "103222",
    "author": "kppo****",
    "review": "인간으로서 당연한 권리를 못누리고 사는 북한..김돼지 정권 하루빨리 무너져라!",
    "rating": "10",
    "date": "15.01.18"
  },
  {
    "review_id": "9607430",
    "movie_id": "103222",
    "author": "glen****",
    "review": "어의업는영화. . .교회인줄",
    "rating": "1",
    "date": "15.01.18"
  },
  {
    "review_id": "9603655",
    "movie_id": "103222",
    "author": "99db****",
    "review": "종교영화임을 고려하면 비종교인은 맞지않을수있으",
    "rating": "3",
    "date": "15.01.17"
  },
  {
    "review_id": "9589174",
    "movie_id": "103222",
    "author": "ymk1****",
    "review": "북한인권에대해 더욱 관심을 가지게되는영화",
    "rating": "10",
    "date": "15.01.13"
  },
  {
    "review_id": "9541513",
    "movie_id": "103222",
    "author": "win3****",
    "review": "북한 인권에 대해 다시한번 생각해 보게 되네요.",
    "rating": "10",
    "date": "14.12.31"
  },
  {
    "review_id": "9517619",
    "movie_id": "103222",
    "author": "ezer****",
    "review": "정말 목숨을 걸고 신앙을 지킨다는 것이 무엇인지...다시한번 생각해보는 계기가 되었습니다. 다만 영화의 전개는 다소 아쉽기도...",
    "rating": "8",
    "date": "14.12.26"
  },
  {
    "review_id": "9516101",
    "movie_id": "103222",
    "author": "chob****",
    "review": "ㅋㅋㅋ진짜 평론가 봐 ㅋㅋㅋ 무슨종교로 영화를 판단해 ㅋㅋㅋ 미친 평론가는 아무나하나봐 ㅋㅋㅋ 저딴게 평론가라고 한심하다 ㅉㅉ",
    "rating": "10",
    "date": "14.12.25"
  },
  {
    "review_id": "9515772",
    "movie_id": "103222",
    "author": "avfr****",
    "review": "ㅎㅎㅎ잼있어요 감동적이에요",
    "rating": "7",
    "date": "14.12.25"
  },
  {
    "review_id": "9507507",
    "movie_id": "103222",
    "author": "no19****",
    "review": "슬프기도하고  감동적이기도함",
    "rating": "6",
    "date": "14.12.24"
  },
  {
    "review_id": "9507079",
    "movie_id": "103222",
    "author": "shin****",
    "review": "아~ 가슴 먹먹해지는 영화~북한의 현실에 너무 맘이 아프네요~ㅜㅜ",
    "rating": "10",
    "date": "14.12.24"
  },
  {
    "review_id": "9506324",
    "movie_id": "103222",
    "author": "yw57****",
    "review": "하나님살려주시지...",
    "rating": "10",
    "date": "14.12.24"
  },
  {
    "review_id": "9478556",
    "movie_id": "103222",
    "author": "lasv****",
    "review": "대동강맥주가 맛있었다는 사람이 꼭 봤으면..",
    "rating": "10",
    "date": "14.12.16"
  },
  {
    "review_id": "9474964",
    "movie_id": "103222",
    "author": "vheh****",
    "review": "잼잼댄쟄자째댖재재잼새잼",
    "rating": "10",
    "date": "14.12.14"
  },
  {
    "review_id": "9468056",
    "movie_id": "103222",
    "author": "mylo****",
    "review": "제 자신이 너무 부끄럽네요.",
    "rating": "10",
    "date": "14.12.12"
  },
  {
    "review_id": "9453531",
    "movie_id": "103222",
    "author": "woon****",
    "review": "감독의 의도는  ...하지만 그것을 전달하기에는 능력에 한계가 느껴지네요...뭐랄까...배가 산으로 가는 느낌",
    "rating": "3",
    "date": "14.12.06"
  },
  {
    "review_id": "9452344",
    "movie_id": "103222",
    "author": "0109****",
    "review": "내가 너무 편하게 살았네요",
    "rating": "10",
    "date": "14.12.06"
  },
  {
    "review_id": "9447441",
    "movie_id": "103222",
    "author": "aten****",
    "review": "선의 방관은 악의 승리를 꽃피운다",
    "rating": "10",
    "date": "14.12.04"
  },
  {
    "review_id": "9446981",
    "movie_id": "103222",
    "author": "minj****",
    "review": "순간순간마다 기억에 남는영화! 얼릉..통일되었으면!!",
    "rating": "9",
    "date": "14.12.04"
  },
  {
    "review_id": "9446417",
    "movie_id": "103222",
    "author": "tran****",
    "review": "기독교인 아닌 사람은 보다가 10분만에 포기ㅠㅠ",
    "rating": "1",
    "date": "14.12.04"
  },
  {
    "review_id": "9443452",
    "movie_id": "103222",
    "author": "yuok****",
    "review": "잘봤어요감동있게요ㅇㅇ",
    "rating": "10",
    "date": "14.12.03"
  },
  {
    "review_id": "9438016",
    "movie_id": "103222",
    "author": "khj8****",
    "review": "넘 감동입니다.가정과부부간에   갈등이 많은세대에 서로를배려하고 사랑하는 아름다운 영화 .재미와 감동을 더한 이 영화를 모든분께 추천합니다",
    "rating": "10",
    "date": "14.12.01"
  },
  {
    "review_id": "9427939",
    "movie_id": "103222",
    "author": "gamb****",
    "review": "아직도 종북은 나쁜존재가  아니라고 말하는거야? 어떻게 그럴 수 있냐 대한민국 사람으로서 국민의 혈세는 다른데 보다도 너네들 먹이는데 너무 아깝고 분통이 터진다. 해산해라 이제 그리고 북한가라 .",
    "rating": "10",
    "date": "14.11.28"
  }
]