[
  {
    "review_id": "10100316",
    "movie_id": "103235",
    "author": "yana****",
    "review": "흥미롭다고 본다...",
    "rating": "7",
    "date": "15.07.13"
  },
  {
    "review_id": "9998610",
    "movie_id": "103235",
    "author": "tjdt****",
    "review": "마지막이 엥?끝난겨? 했지만, 그렇지 그게 현실적이지,,",
    "rating": "8",
    "date": "15.06.14"
  },
  {
    "review_id": "9891490",
    "movie_id": "103235",
    "author": "pepe****",
    "review": "오락영화도 다큐도 아니고 뭐시여 그냥 그래",
    "rating": "8",
    "date": "15.05.03"
  },
  {
    "review_id": "9881981",
    "movie_id": "103235",
    "author": "lyk0****",
    "review": "개인은 벗어날 수 없는 거대한 그림자. 재미보다는 우리를 통제하는 큰 권력과 음모에 대해 진지하게 고찰하고 싶다면 볼만한 똑똑한 스릴러. 여기 한국의 스타일과는 달라서 이해하기 낯선 부분들도 있음..",
    "rating": "5",
    "date": "15.04.30"
  },
  {
    "review_id": "9877018",
    "movie_id": "103235",
    "author": "wana****",
    "review": "애국자와 애국자의 전쟁! 국가를 위해서 국민을 목조르고 감시하는 첩보부! 국가를 위해서, 진실을 밝히려는 파수꾼들! 신념과 욕망이 얽히며, 친구와 첩자가 뒤섞인 거대한 회색지대 속의 사투! 조지-오웰이 남긴 씁쓸함을 멋지게 극복하는, 엔딩의 상쾌함~!",
    "rating": "8",
    "date": "15.04.29"
  },
  {
    "review_id": "9868256",
    "movie_id": "103235",
    "author": "zzmo****",
    "review": "왜 평점이 낮은지 의아하네요. 여기에도 알바생들 풀었나. 이런 영화 못 보게 점수 낮게 주라고... 좋은 영화였어요.",
    "rating": "10",
    "date": "15.04.26"
  },
  {
    "review_id": "9771892",
    "movie_id": "103235",
    "author": "dark****",
    "review": "소름돋고 결말이 너무 현실적이다..",
    "rating": "10",
    "date": "15.03.11"
  },
  {
    "review_id": "9587350",
    "movie_id": "103235",
    "author": "mad3****",
    "review": "재미짐 ? 현실을 영화로봄 ?",
    "rating": "10",
    "date": "15.01.12"
  },
  {
    "review_id": "9543405",
    "movie_id": "103235",
    "author": "yeoi****",
    "review": "현재의모습 먹먹한 현실",
    "rating": "10",
    "date": "15.01.01"
  },
  {
    "review_id": "9486382",
    "movie_id": "103235",
    "author": "jumm****",
    "review": "어느 나라나 사법시스템은 완벽하지 않고, 법 위의 존재가 있겠죠. 영화는 볼만함.",
    "rating": "7",
    "date": "14.12.18"
  },
  {
    "review_id": "9424905",
    "movie_id": "103235",
    "author": "tunn****",
    "review": "안타깝게 죽은 세월호 304명의 죽음도. 누구하나 책임 안지고 넘어가는 대한민국의 현실인것 같아.. 쓰디쓴 마음이다. 이민 가고싶다",
    "rating": "9",
    "date": "14.11.26"
  },
  {
    "review_id": "9422392",
    "movie_id": "103235",
    "author": "hicc****",
    "review": "간만에 괜찮은 스릴러물을 만났네요.",
    "rating": "10",
    "date": "14.11.26"
  },
  {
    "review_id": "9420665",
    "movie_id": "103235",
    "author": "hanm****",
    "review": "실제로 이런일이 발생한다면...권력이란 정말 소름돋네요",
    "rating": "8",
    "date": "14.11.25"
  },
  {
    "review_id": "9409572",
    "movie_id": "103235",
    "author": "nice****",
    "review": "무지 몰입해서 무지 흥미 진진하고 재밌게 잘 봤습니다.  자극적이거나 화려한 액션은 없습니다만, 그래도 정말 재밌었어요.",
    "rating": "9",
    "date": "14.11.22"
  },
  {
    "review_id": "9408115",
    "movie_id": "103235",
    "author": "law_****",
    "review": "8점은되야한다 헥토르!!",
    "rating": "10",
    "date": "14.11.21"
  },
  {
    "review_id": "9394656",
    "movie_id": "103235",
    "author": "adiv****",
    "review": "공권력앞에서는 개인은 무의미하다.",
    "rating": "7",
    "date": "14.11.17"
  },
  {
    "review_id": "9385437",
    "movie_id": "103235",
    "author": "oojj****",
    "review": "정의? 와 사실.팩트 사이에 팩트만 믿어야 한다. 너무 짧게 법정 싸움을 보여줘 긴장감이 떨어진다.",
    "rating": "6",
    "date": "14.11.15"
  },
  {
    "review_id": "9336419",
    "movie_id": "103235",
    "author": "jinj****",
    "review": "이런현실이 앞으로 계속 지속될것이다 참 좋은 영화다~~",
    "rating": "10",
    "date": "14.11.02"
  },
  {
    "review_id": "9272263",
    "movie_id": "103235",
    "author": "dbzh****",
    "review": "긴장감이 너무 없다...",
    "rating": "3",
    "date": "14.10.07"
  },
  {
    "review_id": "9219299",
    "movie_id": "103235",
    "author": "lemo****",
    "review": "스릴러 장르치고는 만족할만한 영화는 아니지만 전하고자 하는 메시지가 좋았고 지루하지 않았다.",
    "rating": "7",
    "date": "14.09.16"
  },
  {
    "review_id": "8939255",
    "movie_id": "103235",
    "author": "yoos****",
    "review": "이번에도 에릭바나형님이네요..연달아서  영화를 세 편 시청했는데 신기하게도 모두 출연한 영화였습니다 허허 개인적으로 스릴러물을 좋아해서 선택한 영화들이지만, 역시 에릭 형님 연기는 인정할만 하네요. 스토리도 현실적인 영화만 골라서 출연하나 봅니다 하하",
    "rating": "10",
    "date": "14.07.22"
  },
  {
    "review_id": "8928576",
    "movie_id": "103235",
    "author": "ykdi****",
    "review": "존 크로울리의 상업영화로의 외출은 성공적.",
    "rating": "9",
    "date": "14.07.18"
  },
  {
    "review_id": "8901512",
    "movie_id": "103235",
    "author": "whdc****",
    "review": "평점이 너무 낮아서 십점.재미있다 너무나도",
    "rating": "10",
    "date": "14.07.10"
  },
  {
    "review_id": "8860304",
    "movie_id": "103235",
    "author": "re00****",
    "review": "평점을 보고 놀라서 생에 최초로 평점 기입.",
    "rating": "10",
    "date": "14.06.27"
  },
  {
    "review_id": "8847243",
    "movie_id": "103235",
    "author": "choi****",
    "review": "긴장감 부족에 사건을 너무 쉽게 해결하니 재미가 반감됨.",
    "rating": "5",
    "date": "14.06.22"
  },
  {
    "review_id": "8835917",
    "movie_id": "103235",
    "author": "wooj****",
    "review": "그 나물에 그 밥 지겨운 빅브라더 ㅉ",
    "rating": "1",
    "date": "14.06.16"
  },
  {
    "review_id": "8776019",
    "movie_id": "103235",
    "author": "jiwo****",
    "review": "어쩜 현 대한민국의 모습을 보는듯.. 소름돋았음..!!",
    "rating": "10",
    "date": "14.05.30"
  },
  {
    "review_id": "8773168",
    "movie_id": "103235",
    "author": "hana****",
    "review": "초반에 딴짓 하면서 보다가 중간부터 급 물살타는 전개에 집중이 똬악. 가벼운듯 무거운? 어찌보면 가슴 먹먹함에 싱겁기도하고. 근데 평점 왜 이럼? 8점은 넘을꺼 같았는데 6점대.. 내 점수는 8.5인데 평균올려야지~ 10점ㅎ",
    "rating": "10",
    "date": "14.05.29"
  },
  {
    "review_id": "8769635",
    "movie_id": "103235",
    "author": "rlxo****",
    "review": "영화배경은 영국인데 이건머 여기 이야기인듯...",
    "rating": "10",
    "date": "14.05.27"
  },
  {
    "review_id": "8760070",
    "movie_id": "103235",
    "author": "a109****",
    "review": "이 영화가 평점8점이 안 넘는게 이상하다.로코는 재미없어도 8점이상은 넘어가더만..",
    "rating": "8",
    "date": "14.05.24"
  },
  {
    "review_id": "8739444",
    "movie_id": "103235",
    "author": "ssj7****",
    "review": "상상이상의 내용 나름 큰 기대 없이 예매했는데 기대 이상의 영화였다.어쩌면 진짜 일어날수 있는 일들 실현 사능할거같다..",
    "rating": "8",
    "date": "14.05.17"
  },
  {
    "review_id": "8733714",
    "movie_id": "103235",
    "author": "home****",
    "review": "재미있게 봤네요.. 현실적인 영화!",
    "rating": "10",
    "date": "14.05.15"
  },
  {
    "review_id": "8731408",
    "movie_id": "103235",
    "author": "noil****",
    "review": "이런영화가 지루하고 단지 재미없다는 애들은 코미디영화나 보며 낄낄거려라, 재미있기만하구만",
    "rating": "9",
    "date": "14.05.15"
  },
  {
    "review_id": "8729057",
    "movie_id": "103235",
    "author": "bbq2****",
    "review": "이 재밌는 영화를 보고도 마지막엔 극도로 암울해지네..",
    "rating": "7",
    "date": "14.05.14"
  },
  {
    "review_id": "8728750",
    "movie_id": "103235",
    "author": "ghta****",
    "review": "볼만함 씁쓸하기도하고.. 스릴감같은것은 떨어지지만..",
    "rating": "7",
    "date": "14.05.13"
  },
  {
    "review_id": "8680559",
    "movie_id": "103235",
    "author": "thsa****",
    "review": "과장된 비현실적인 설정들이 거슬린다는 아쉬움",
    "rating": "7",
    "date": "14.04.28"
  },
  {
    "review_id": "8667322",
    "movie_id": "103235",
    "author": "next****",
    "review": "잔뜩 열만 올리고는 끝나버린 영화. 마무리가 아쉽다. 근데 이게 현실이다. 우리나 국정원도 1년넘게 이영화와 같다. 우린 너무 많은 개인사 노출 되어 있다. 노출은 개인이 스스로 다스려야 한다. 노출되면 뭔가에 표적이 된다. 조심해야한다.",
    "rating": "7",
    "date": "14.04.23"
  },
  {
    "review_id": "8656074",
    "movie_id": "103235",
    "author": "bewa****",
    "review": "볼만했던 영화...^^",
    "rating": "9",
    "date": "14.04.17"
  },
  {
    "review_id": "8645332",
    "movie_id": "103235",
    "author": "guns****",
    "review": "이 나라 보수 기득권의 모습이나.. 거기나.",
    "rating": "7",
    "date": "14.04.12"
  },
  {
    "review_id": "8643161",
    "movie_id": "103235",
    "author": "hyun****",
    "review": "아예 무슨 내용인지 모르고 KTX에서 봤는데 초반에 좀 지루한거 빼고는 볼만했습니다 ㅎ 변호인 보고 봐서 그런지 느낌이 비슷하다는 생각도 들고요~ 변호인에서 곽도원씨가 했던 말과 비슷한 말이 또 나오길래 신기하기도 했습니다 ㅎ",
    "rating": "8",
    "date": "14.04.11"
  },
  {
    "review_id": "8633718",
    "movie_id": "103235",
    "author": "zard****",
    "review": "너무 현실을 그려내고 있어서 무서움...뭐가 진실인지 알수없는 요즘 세상과 똑같음..에릭바나 멋짐..ㅎㅎ",
    "rating": "9",
    "date": "14.04.06"
  },
  {
    "review_id": "8628406",
    "movie_id": "103235",
    "author": "meul****",
    "review": "법의 테두리를 교묘히 빗겨가는 합법만큼 끔찍한 것은 없다.",
    "rating": "9",
    "date": "14.04.04"
  },
  {
    "review_id": "8621450",
    "movie_id": "103235",
    "author": "hela****",
    "review": "영국판 변호인,  하지만  아직도 민정단이 집권하고 있는 현실",
    "rating": "8",
    "date": "14.04.01"
  },
  {
    "review_id": "8619623",
    "movie_id": "103235",
    "author": "vm4e****",
    "review": "무서운 정부기관과 씁쓸한 현실.. 테러쫒는 스토리 치고는 좀 지루하다",
    "rating": "4",
    "date": "14.03.31"
  },
  {
    "review_id": "8619497",
    "movie_id": "103235",
    "author": "bles****",
    "review": "정보가 공개되었는데도 뒤집어지지 않는 나라도 있다오",
    "rating": "8",
    "date": "14.03.31"
  },
  {
    "review_id": "8617208",
    "movie_id": "103235",
    "author": "ghye****",
    "review": "정보기관이 나오는 영화의 또 다른 형식. 영화속에서 나오는 총리도 장관도 터치 못하는 뒷방의 권력을 가진 존재가 궁금하다.  .정보기관의 애국심이 넘치면 이런 무서운 일이 발생.",
    "rating": "8",
    "date": "14.03.30"
  },
  {
    "review_id": "8615648",
    "movie_id": "103235",
    "author": "guev****",
    "review": "테러사건을 파헤치는 이야기가 느슨하게 전개되는군",
    "rating": "4",
    "date": "14.03.29"
  },
  {
    "review_id": "8614397",
    "movie_id": "103235",
    "author": "maxi****",
    "review": "국정원, 민변, 조작.... 현재 우리나라상황을 그려낸듯한 느낌.. 인간사회는 서구나 어딜가나 비슷비슷하구나.. 씁쓸..",
    "rating": "8",
    "date": "14.03.29"
  },
  {
    "review_id": "8612706",
    "movie_id": "103235",
    "author": "snee****",
    "review": "기대하고봐서 그런지.. 기대안하고보면 좋은 영화입니다",
    "rating": "5",
    "date": "14.03.28"
  },
  {
    "review_id": "8610791",
    "movie_id": "103235",
    "author": "matt****",
    "review": "ㅅㅅ개재밋드안 정말개강투",
    "rating": "10",
    "date": "14.03.27"
  },
  {
    "review_id": "8608283",
    "movie_id": "103235",
    "author": "allr****",
    "review": "프라이버시.. 기대보단 별로였어요..",
    "rating": "7",
    "date": "14.03.26"
  },
  {
    "review_id": "8607805",
    "movie_id": "103235",
    "author": "wons****",
    "review": "뭔가 있을수 있는 듯한 얘기라서 씁쓸함",
    "rating": "8",
    "date": "14.03.26"
  },
  {
    "review_id": "8607002",
    "movie_id": "103235",
    "author": "oooo****",
    "review": "정말지루하다내용이 너무진지해여웃긴장면 한개도없음집중하고 봐야 좀이해됨 근데 너무 지루해서 집중이안된다는점~~그래도 사회의 어두운 면을 보여주는것은 좋은듯하다그러나 너무 지루함 진지함..",
    "rating": "3",
    "date": "14.03.26"
  },
  {
    "review_id": "8606247",
    "movie_id": "103235",
    "author": "rjk0****",
    "review": "아 진 짜 이거  상영관좀  많이해주세요. 이 재밌는걸 겨울왕국,300,논스톱에 묻혀서 인기 없고 아까움",
    "rating": "9",
    "date": "14.03.25"
  },
  {
    "review_id": "8604846",
    "movie_id": "103235",
    "author": "vero****",
    "review": "그냥 딱 영국영화. 정상적인 심박 4/4박자 정박",
    "rating": "6",
    "date": "14.03.24"
  },
  {
    "review_id": "8604836",
    "movie_id": "103235",
    "author": "yury****",
    "review": "답답한 영화. 러브라인은 넣지 않았어도 괜찮았을것 같아요...",
    "rating": "1",
    "date": "14.03.24"
  },
  {
    "review_id": "8602075",
    "movie_id": "103235",
    "author": "534k****",
    "review": "볼 가치가 있는 작품인듯",
    "rating": "8",
    "date": "14.03.24"
  },
  {
    "review_id": "8598953",
    "movie_id": "103235",
    "author": "cyjp****",
    "review": "이 영화는 기존에 법정스릴러와는 다르게, 범인을 알고 본다는 점이 참신하고 흥미로웠습니다. 그리고, 끔찍한 폭탄 테러 사건의 범인이 정부라는 소재도 저에게는 자극적으로 다가와서 좋았고요.",
    "rating": "7",
    "date": "14.03.23"
  },
  {
    "review_id": "8597642",
    "movie_id": "103235",
    "author": "yeri****",
    "review": "잣어요ㄱ 지루하다 콩콩이도",
    "rating": "1",
    "date": "14.03.22"
  },
  {
    "review_id": "8597556",
    "movie_id": "103235",
    "author": "m_pa****",
    "review": "적당히 스릴있고 비판적이였다",
    "rating": "8",
    "date": "14.03.22"
  },
  {
    "review_id": "8597350",
    "movie_id": "103235",
    "author": "aq03****",
    "review": "법쪽에 일하는 사람한테는 느끼는게 많을듯...",
    "rating": "10",
    "date": "14.03.22"
  },
  {
    "review_id": "8597016",
    "movie_id": "103235",
    "author": "0411****",
    "review": "내평점을 지운듯하다.. 그 당시 봤을때, 너무 밋밋하고 임팩트 없는 내용이 대부분이라 아주 그저 그랬다",
    "rating": "3",
    "date": "14.03.22"
  },
  {
    "review_id": "8596479",
    "movie_id": "103235",
    "author": "dydt****",
    "review": "예고편은 겁나잼있어보이는데 막상보면 정말 재미없는영화이다.",
    "rating": "1",
    "date": "14.03.22"
  },
  {
    "review_id": "8596047",
    "movie_id": "103235",
    "author": "sepa****",
    "review": "목숨이 위협당하는 상황에서도 사건을 파헤치는 변호사들의 용기에 박수를 보냅니다. 처음에 느리게 전개되는 듯 했는데 미행당하는 걸 인지하면서부터 숨가쁘게 전개.. 국가안전을 위한다는 명분으로 살인도 정의도 모두수단에 불과할 뿐인 괴물들과의 싸움.",
    "rating": "8",
    "date": "14.03.22"
  },
  {
    "review_id": "8594761",
    "movie_id": "103235",
    "author": "njho****",
    "review": "있었던 사실을 팩트 그대로 보는 영화.이상도, 그이하도 아닌 보이는 것이 전부인 영화.다큐멘터리 보듯이 차분하고 침착하게 볼 수 있는 영화.뭔가를 기대하고 보지는.마시기를...",
    "rating": "5",
    "date": "14.03.22"
  },
  {
    "review_id": "8594413",
    "movie_id": "103235",
    "author": "jame****",
    "review": "여주가 혼자 있는 장면이 나올 때마다 너무 조용해서 오히려 더 바짝 긴장하면서 본 것 같다",
    "rating": "8",
    "date": "14.03.21"
  },
  {
    "review_id": "8592540",
    "movie_id": "103235",
    "author": "bgju****",
    "review": "지금도 일어나고있는 국수적 국가주의 가 부른 개인의 비극...",
    "rating": "6",
    "date": "14.03.21"
  },
  {
    "review_id": "8592445",
    "movie_id": "103235",
    "author": "goxn****",
    "review": "처음엔 좀 지루하긴 했으나 중반에 추격전도 있고 살짝 긴박감이 느껴지던게 볼만했어요. 그렇다고 막 남에게 추천해주거나 그러고 싶은 영화는 아님. 마땅히 볼거 없다 싶을때 보면 그냥저냥 무난할듯.",
    "rating": "7",
    "date": "14.03.21"
  },
  {
    "review_id": "8592172",
    "movie_id": "103235",
    "author": "dmse****",
    "review": "너무나 현실적이어서 씁쓸한 영화.",
    "rating": "8",
    "date": "14.03.21"
  },
  {
    "review_id": "8590659",
    "movie_id": "103235",
    "author": "tten****",
    "review": "스릴러에 장르임에도 긴장감이 느껴지지 않네요.",
    "rating": "6",
    "date": "14.03.20"
  },
  {
    "review_id": "8589384",
    "movie_id": "103235",
    "author": "jsre****",
    "review": "이 영화 엄청 기대중. 이런 류의스토리는 꼭 봐야함",
    "rating": "10",
    "date": "14.03.20"
  },
  {
    "review_id": "8589370",
    "movie_id": "103235",
    "author": "zola****",
    "review": "오오 영화 나름 괜츈함!!!",
    "rating": "9",
    "date": "14.03.20"
  },
  {
    "review_id": "8589365",
    "movie_id": "103235",
    "author": "shwe****",
    "review": "에릭바나!!! 워킹타이틀!!! 이건 봐야지",
    "rating": "10",
    "date": "14.03.20"
  },
  {
    "review_id": "8589363",
    "movie_id": "103235",
    "author": "aej0****",
    "review": "이런 스릴러 진짜 조음! 긴장감 돋네 !!",
    "rating": "10",
    "date": "14.03.20"
  },
  {
    "review_id": "8589358",
    "movie_id": "103235",
    "author": "succ****",
    "review": "오우 에릭바나 !! 기대중",
    "rating": "10",
    "date": "14.03.20"
  },
  {
    "review_id": "8589352",
    "movie_id": "103235",
    "author": "dkwk****",
    "review": "역시 워킹타이틀 제작 다운 스릴러 영화!",
    "rating": "10",
    "date": "14.03.20"
  },
  {
    "review_id": "8588981",
    "movie_id": "103235",
    "author": "gkco****",
    "review": "뻔하디 뻔하지만 최악은 아님",
    "rating": "5",
    "date": "14.03.20"
  },
  {
    "review_id": "8588748",
    "movie_id": "103235",
    "author": "sure****",
    "review": "볼만한 영화였습니다. 그러나 살짝 아쉬움이 남는 영화였어요.",
    "rating": "6",
    "date": "14.03.20"
  }
]