[
  {
    "review_id": "9967242",
    "movie_id": "103207",
    "author": "bada****",
    "review": "이영화를 한마디로 평가하자면 >>>써거<<<",
    "rating": "1",
    "date": "15.05.31"
  },
  {
    "review_id": "9447137",
    "movie_id": "103207",
    "author": "rada****",
    "review": "10점짜리가 있으니 힘빼라고 ㅎㅎ",
    "rating": "1",
    "date": "14.12.04"
  },
  {
    "review_id": "9241512",
    "movie_id": "103207",
    "author": "blue****",
    "review": "생김새부터 더러운 히어로(?) 컬트라고 하기도 뭣하다. 시간 주체 못할 정도로 남으면 봐라.",
    "rating": "6",
    "date": "14.09.26"
  },
  {
    "review_id": "9084902",
    "movie_id": "103207",
    "author": "jeon****",
    "review": "이걸 보고 분노로 가득찬 관객의 탄생",
    "rating": "1",
    "date": "14.08.14"
  },
  {
    "review_id": "9063449",
    "movie_id": "103207",
    "author": "2328****",
    "review": "1.5배속으로보니볼만",
    "rating": "5",
    "date": "14.08.10"
  },
  {
    "review_id": "9053814",
    "movie_id": "103207",
    "author": "kshn****",
    "review": "a,b,c,d,e, F 급 나만당할순없지!",
    "rating": "10",
    "date": "14.08.09"
  },
  {
    "review_id": "9053751",
    "movie_id": "103207",
    "author": "kums****",
    "review": "이게 그렇게 재미없나요? ㅎㅎ 티비에 하길래 보고있었는데 끝까지 볼뻔했네요.ㅎㅎ",
    "rating": "4",
    "date": "14.08.09"
  },
  {
    "review_id": "8928762",
    "movie_id": "103207",
    "author": "nike****",
    "review": "ㅋㅋㅋㅋ 보고 나니 웃음만 나옵니다~",
    "rating": "1",
    "date": "14.07.18"
  },
  {
    "review_id": "8901291",
    "movie_id": "103207",
    "author": "rave****",
    "review": "tv에서하길래봤는데 형사가 버럭버럭소리지르는거밖에기억안남",
    "rating": "1",
    "date": "14.07.10"
  },
  {
    "review_id": "8900252",
    "movie_id": "103207",
    "author": "lip1****",
    "review": "내시간 돌리도~시작부터 알아봤어야...",
    "rating": "1",
    "date": "14.07.10"
  },
  {
    "review_id": "8900249",
    "movie_id": "103207",
    "author": "cjw2****",
    "review": "4점가보자 화이팅ㅋㅋ",
    "rating": "10",
    "date": "14.07.10"
  },
  {
    "review_id": "8900233",
    "movie_id": "103207",
    "author": "foav****",
    "review": "되게기여운영화주인공입에서빨대나오는게매력",
    "rating": "10",
    "date": "14.07.10"
  },
  {
    "review_id": "8900205",
    "movie_id": "103207",
    "author": "jk_k****",
    "review": "개꿀잼....특히 자동차추격씬....소름...",
    "rating": "10",
    "date": "14.07.10"
  },
  {
    "review_id": "8900186",
    "movie_id": "103207",
    "author": "culb****",
    "review": "슈퍼액션에서 함ㅋ 난 10점",
    "rating": "10",
    "date": "14.07.10"
  },
  {
    "review_id": "8900185",
    "movie_id": "103207",
    "author": "fusi****",
    "review": "평점평점평점평점평점",
    "rating": "10",
    "date": "14.07.10"
  },
  {
    "review_id": "8900134",
    "movie_id": "103207",
    "author": "vndd****",
    "review": "완전삼류네 나만볼순없다",
    "rating": "10",
    "date": "14.07.10"
  },
  {
    "review_id": "8818048",
    "movie_id": "103207",
    "author": "shel****",
    "review": "뭐 이런 영화도 있는거지 최고가 있으면 최하도 있듯이 혹여 이런류의 영화를 보고 싶다면 98년도 스폰이란 영화가 100배는 잼있을듯",
    "rating": "3",
    "date": "14.06.10"
  },
  {
    "review_id": "8817986",
    "movie_id": "103207",
    "author": "godp****",
    "review": "평점 4점은 만들어 줘야지 현재 3.91  10점준후  → 4.0 예상",
    "rating": "10",
    "date": "14.06.10"
  },
  {
    "review_id": "8817977",
    "movie_id": "103207",
    "author": "revo****",
    "review": "이건 뭐.. 거미..박쥐에..이어서 이젠 하다하다 모기냐? ㅋ 모스키토맨? ㅋ",
    "rating": "4",
    "date": "14.06.10"
  },
  {
    "review_id": "8692546",
    "movie_id": "103207",
    "author": "swee****",
    "review": "보고 기분 더러워진 영화...",
    "rating": "1",
    "date": "14.05.02"
  },
  {
    "review_id": "8665741",
    "movie_id": "103207",
    "author": "dltk****",
    "review": "오늘 난 새로운 영웅을보았다어벤져스팀 합류가 기대된다",
    "rating": "10",
    "date": "14.04.22"
  },
  {
    "review_id": "8615493",
    "movie_id": "103207",
    "author": "hial****",
    "review": "방금 본 퍼시잭슨 괴물의바다보다 재미있었다",
    "rating": "6",
    "date": "14.03.29"
  },
  {
    "review_id": "8383480",
    "movie_id": "103207",
    "author": "jayw****",
    "review": "포스터에 낚이지 말길....",
    "rating": "2",
    "date": "14.01.15"
  },
  {
    "review_id": "8382244",
    "movie_id": "103207",
    "author": "wbkh****",
    "review": "이제는 별걸 다가지고 히어로라고하네..감독이 벌레인갑다",
    "rating": "1",
    "date": "14.01.14"
  },
  {
    "review_id": "8381224",
    "movie_id": "103207",
    "author": "jou1****",
    "review": "전형적인 B급 영화네요...ㅠㅠ",
    "rating": "4",
    "date": "14.01.14"
  },
  {
    "review_id": "8367238",
    "movie_id": "103207",
    "author": "8484****",
    "review": "뭐라 할 말이 없네....",
    "rating": "1",
    "date": "14.01.10"
  },
  {
    "review_id": "8361032",
    "movie_id": "103207",
    "author": "adiv****",
    "review": "나올게 없으니 모기 까지 나오네  새로나온 뉴히어로 모기 영웅",
    "rating": "4",
    "date": "14.01.08"
  },
  {
    "review_id": "8355433",
    "movie_id": "103207",
    "author": "lead****",
    "review": "B급영화 지만 나름 볼만했따.왜 보냐고 할정도는 아닌것 같다..여배우 연기는 못하지만 이쁘다.~! ㅋㅋㅋ돈쫌 더 투자하고 여러 기법들 쫌 더 넣고했으면 좋았을텐데..마지막 주인공 허무하게 죽는게 너무 아쉽다.~! ㅠㅠ",
    "rating": "8",
    "date": "14.01.06"
  },
  {
    "review_id": "8343676",
    "movie_id": "103207",
    "author": "jkli****",
    "review": "불쌍해서 10점준다. ㅋㅋㅋ",
    "rating": "10",
    "date": "14.01.03"
  },
  {
    "review_id": "8341719",
    "movie_id": "103207",
    "author": "zyth****",
    "review": "내용구성이랑 cg도 80년대영화같움",
    "rating": "1",
    "date": "14.01.03"
  },
  {
    "review_id": "8285064",
    "movie_id": "103207",
    "author": "hanf****",
    "review": "다들 매너가 없군 최소한 2개는 줘야죠~~~",
    "rating": "4",
    "date": "13.12.23"
  },
  {
    "review_id": "8221405",
    "movie_id": "103207",
    "author": "21co****",
    "review": "별점 반개도 아까운 영화. 80년대에 만들었나봐요.",
    "rating": "1",
    "date": "13.12.17"
  },
  {
    "review_id": "8216018",
    "movie_id": "103207",
    "author": "syno****",
    "review": "이 정체모를 영상은 무엇?...영화임?...뭐임?...",
    "rating": "1",
    "date": "13.12.15"
  },
  {
    "review_id": "8214612",
    "movie_id": "103207",
    "author": "rmat****",
    "review": "감독이 매너가 없네...깔깔",
    "rating": "5",
    "date": "13.12.14"
  },
  {
    "review_id": "8212860",
    "movie_id": "103207",
    "author": "enti****",
    "review": "쓰레기의 끝을 달리는 영상물",
    "rating": "1",
    "date": "13.12.14"
  },
  {
    "review_id": "8212717",
    "movie_id": "103207",
    "author": "ahj0****",
    "review": "스토리 별로네이  참나 말도안되",
    "rating": "10",
    "date": "13.12.14"
  },
  {
    "review_id": "8208214",
    "movie_id": "103207",
    "author": "lemo****",
    "review": "평점보고 얼마나 형편없나하고 봤는데 B급 영화인걸 감안한다면 킬링타임으로 적법한 영화였다 이보다 못한 쓰레기 영화들이 얼마나 많은데 왜이리 평점이 짤까? 설정이 개억지 스럽긴하지만 지루할틈없이 전계되는 스토리는 마음에들었다.",
    "rating": "7",
    "date": "13.12.12"
  },
  {
    "review_id": "8196071",
    "movie_id": "103207",
    "author": "good****",
    "review": "소재는 재미있는데 너무 저예산으로 찍어서 아쉬움",
    "rating": "7",
    "date": "13.12.07"
  },
  {
    "review_id": "8191951",
    "movie_id": "103207",
    "author": "good****",
    "review": "모두가멋진 히어로만 생각 하지. 하지만 나쁘고 느와르 처럼 씁쓸한 영웅도 있는법이야. 이 영화는 그런걸 담은 영화라고, 우습게만 보지말고 진정성있게 봐봐. 스토리는 뻔했지만 그 안에 담겨있는 여운이나 대사는 다시금 생각하게 만드니까. 난 재밌게봤어.",
    "rating": "7",
    "date": "13.12.05"
  },
  {
    "review_id": "8191586",
    "movie_id": "103207",
    "author": "moon****",
    "review": "포스터떄문에 낚임...",
    "rating": "1",
    "date": "13.12.05"
  },
  {
    "review_id": "8191156",
    "movie_id": "103207",
    "author": "rlax****",
    "review": "진짜... 노답임.하아 내시간 내돈...ㅠ",
    "rating": "1",
    "date": "13.12.05"
  },
  {
    "review_id": "8191009",
    "movie_id": "103207",
    "author": "t586****",
    "review": "이걸 왜 만들었을까요? ㅡㅡ;;;",
    "rating": "1",
    "date": "13.12.05"
  },
  {
    "review_id": "8189511",
    "movie_id": "103207",
    "author": "duck****",
    "review": "왜 개판인지 설명해줘 볼까말까 고민중",
    "rating": "10",
    "date": "13.12.04"
  },
  {
    "review_id": "8189313",
    "movie_id": "103207",
    "author": "hysi****",
    "review": "그냥 시간 때우기 킬링용으로는 나쁘지 않은듯..",
    "rating": "5",
    "date": "13.12.04"
  },
  {
    "review_id": "8188499",
    "movie_id": "103207",
    "author": "hang****",
    "review": "난 이영화가 시작되고 처음에  생각했다. 아 이영화는 3류 영화구나.그리고 영화가 끝나고 생각했다.이영화는 35류 영화다",
    "rating": "1",
    "date": "13.12.04"
  },
  {
    "review_id": "8187738",
    "movie_id": "103207",
    "author": "zin7****",
    "review": "포스터는 10점만점에10점",
    "rating": "10",
    "date": "13.12.03"
  },
  {
    "review_id": "8187735",
    "movie_id": "103207",
    "author": "kaiz****",
    "review": "무슨 무슨 맨이  항상 영웅은 아니네.. 이거 못보신 분 꼭 보세요~ 두 번 보세요~ ㅎㅎ",
    "rating": "9",
    "date": "13.12.03"
  },
  {
    "review_id": "8187004",
    "movie_id": "103207",
    "author": "rain****",
    "review": "이 영화 보고 난 분노로 가득찼다...히어로가 될거 같아",
    "rating": "1",
    "date": "13.12.03"
  },
  {
    "review_id": "8185849",
    "movie_id": "103207",
    "author": "baej****",
    "review": "됐고 내가 히어로물 좋아하는데 이건좀 아닌듯.모기맨이냐.--;",
    "rating": "2",
    "date": "13.12.02"
  },
  {
    "review_id": "8185798",
    "movie_id": "103207",
    "author": "dldr****",
    "review": "시간이 남아돌아서 심심해미쳐버리겠을때 보는게좋은영화~재밌게잘보고가요~호호~^^*모스키토모스키토~",
    "rating": "1",
    "date": "13.12.02"
  },
  {
    "review_id": "8185662",
    "movie_id": "103207",
    "author": "cast****",
    "review": "다들 1점 주니까 힘내라고 ㅋㅋ",
    "rating": "10",
    "date": "13.12.02"
  },
  {
    "review_id": "8185658",
    "movie_id": "103207",
    "author": "jeyt****",
    "review": "포스터 봐서는 끌리는 데 ㅋㅋ",
    "rating": "10",
    "date": "13.12.02"
  },
  {
    "review_id": "8185651",
    "movie_id": "103207",
    "author": "dogk****",
    "review": "대박~~~ㅋㅋㅋ 졸라 웃겨",
    "rating": "10",
    "date": "13.12.02"
  },
  {
    "review_id": "8185528",
    "movie_id": "103207",
    "author": "choi****",
    "review": "나혼자 죽을순 없다! 응징자와 더불어 명작에 반열에 오르리라",
    "rating": "10",
    "date": "13.12.02"
  },
  {
    "review_id": "8185049",
    "movie_id": "103207",
    "author": "cs79****",
    "review": "명작 플라이를 완벽히 재현해놓았네",
    "rating": "10",
    "date": "13.12.02"
  },
  {
    "review_id": "8184551",
    "movie_id": "103207",
    "author": "abgg****",
    "review": "뭐랄까 진지하면서 약간 코믹함이 섞인듯 한 영화인듯 합니다짐이  이블린과 번식하러 왔을때 이블린의 애프터반응이 무엇이 좋았던걸까요그리고 마지막에 평범한 삶을 못 살 것 같다의 젊은 형사 대꾸그리고  정체불병의 아이를  낳네요",
    "rating": "5",
    "date": "13.12.02"
  },
  {
    "review_id": "8184177",
    "movie_id": "103207",
    "author": "nasy****",
    "review": "그렇게 재미가 없나요..ㅠㅠ",
    "rating": "10",
    "date": "13.12.02"
  },
  {
    "review_id": "8183692",
    "movie_id": "103207",
    "author": "bles****",
    "review": "히어로 같은 소리하고 있네",
    "rating": "2",
    "date": "13.12.01"
  },
  {
    "review_id": "8183508",
    "movie_id": "103207",
    "author": "comt****",
    "review": "감사 ㅋㅋㅋ볼려고 그랬는데 안봐야겠다 ㅋ",
    "rating": "1",
    "date": "13.12.01"
  },
  {
    "review_id": "8183223",
    "movie_id": "103207",
    "author": "dora****",
    "review": "플라이나 투명인간 같은 느낌이지만 재미는 없다. 심심해서 시간 때울려고 만든 듯... 중간에 cd에서 나오는 노래는 괜찮은 듯...",
    "rating": "3",
    "date": "13.12.01"
  },
  {
    "review_id": "8182607",
    "movie_id": "103207",
    "author": "k0k0****",
    "review": "도저히 답이 안나오는 영화....",
    "rating": "1",
    "date": "13.12.01"
  },
  {
    "review_id": "8182468",
    "movie_id": "103207",
    "author": "leg4****",
    "review": "너무 하다 정말...못볼것을 봤다.",
    "rating": "1",
    "date": "13.12.01"
  },
  {
    "review_id": "8177448",
    "movie_id": "103207",
    "author": "keip****",
    "review": "허접하지만 중독성이 있어 끝까지 다 보게 됨.... 시간과 패킷이 남아 돈다면 추천",
    "rating": "2",
    "date": "13.11.29"
  },
  {
    "review_id": "8177092",
    "movie_id": "103207",
    "author": "dnfl****",
    "review": "진짜.. 너무 재미 없어서 환장하게 화가난다.. 뭐야. . 이런쓰라l기야.. 정말 최악이다.",
    "rating": "1",
    "date": "13.11.29"
  },
  {
    "review_id": "8177021",
    "movie_id": "103207",
    "author": "tgro****",
    "review": "유투브로 예고편 봤더만 모기 인간이네....OO...",
    "rating": "1",
    "date": "13.11.29"
  },
  {
    "review_id": "8175004",
    "movie_id": "103207",
    "author": "huni****",
    "review": "분노로 가득찬 내 별을 받아라! 젠장 -_-~!",
    "rating": "1",
    "date": "13.11.28"
  },
  {
    "review_id": "8173036",
    "movie_id": "103207",
    "author": "moah****",
    "review": "거미는 스파이더맨! 박쥐는 배트맨! 모기는 모스키토맨 아닌가? ㅋㅋ",
    "rating": "4",
    "date": "13.11.28"
  },
  {
    "review_id": "8171216",
    "movie_id": "103207",
    "author": "tasc****",
    "review": "이거 왜 한국에서 수입한거임? 돈이 많으신듯....",
    "rating": "1",
    "date": "13.11.27"
  },
  {
    "review_id": "8154246",
    "movie_id": "103207",
    "author": "ter1****",
    "review": "생각보단,,,괜춘한듯?",
    "rating": "10",
    "date": "13.11.20"
  },
  {
    "review_id": "8154235",
    "movie_id": "103207",
    "author": "full****",
    "review": "여러면에서 참으로 놀라운 영화!",
    "rating": "1",
    "date": "13.11.20"
  },
  {
    "review_id": "8154213",
    "movie_id": "103207",
    "author": "psyc****",
    "review": "진짜 쓰레기중에 최고쓰레기다 다봣다 근데 미친ㄴ",
    "rating": "1",
    "date": "13.11.20"
  },
  {
    "review_id": "8154201",
    "movie_id": "103207",
    "author": "p785****",
    "review": "차라리 치킨사먹으세여",
    "rating": "1",
    "date": "13.11.20"
  },
  {
    "review_id": "8154170",
    "movie_id": "103207",
    "author": "audt****",
    "review": "이거 왜봄???.??",
    "rating": "1",
    "date": "13.11.20"
  },
  {
    "review_id": "8154169",
    "movie_id": "103207",
    "author": "dkfl****",
    "review": "개판 5분전 더 쓸말이 없는듯",
    "rating": "2",
    "date": "13.11.20"
  },
  {
    "review_id": "8154168",
    "movie_id": "103207",
    "author": "7583****",
    "review": "나만 보는게 아니였엌ㅋㅋㅋ",
    "rating": "2",
    "date": "13.11.20"
  },
  {
    "review_id": "8154165",
    "movie_id": "103207",
    "author": "wlgh****",
    "review": "형사 되게 귀엽넼ㅋㅋ존나승질냌ㅋㅋ귀여웤ㅋㅋ아이거개그영환갘ㅋㅋ존나웃기넼ㅋㅋ",
    "rating": "5",
    "date": "13.11.20"
  },
  {
    "review_id": "8154163",
    "movie_id": "103207",
    "author": "cate****",
    "review": "형사 은근히 거슬리네 ㅔㅔㅔ",
    "rating": "1",
    "date": "13.11.20"
  },
  {
    "review_id": "8154161",
    "movie_id": "103207",
    "author": "kmj3****",
    "review": "...슈퍼히어로요??",
    "rating": "1",
    "date": "13.11.20"
  },
  {
    "review_id": "8154151",
    "movie_id": "103207",
    "author": "psh8****",
    "review": "이허접한기운은 멀까요..",
    "rating": "2",
    "date": "13.11.20"
  },
  {
    "review_id": "8154137",
    "movie_id": "103207",
    "author": "kabi****",
    "review": "음 지금 방송 하네요 음 슈퍼액션",
    "rating": "6",
    "date": "13.11.20"
  }
]