[
  {
    "review_id": "10271081",
    "movie_id": "103271",
    "author": "foo_****",
    "review": "예정에도 없던 후속편을 만들어내려고 쥐어짜다 보니 이런 참극이 벌어지고 말았다.",
    "rating": "4",
    "date": "15.08.24"
  },
  {
    "review_id": "10252037",
    "movie_id": "103271",
    "author": "lee2****",
    "review": "만들지 말았어야 했던 영화",
    "rating": "3",
    "date": "15.08.19"
  },
  {
    "review_id": "10218712",
    "movie_id": "103271",
    "author": "terr****",
    "review": "종합 평점은 4점 드립니다.",
    "rating": "4",
    "date": "15.08.12"
  },
  {
    "review_id": "10178264",
    "movie_id": "103271",
    "author": "scam****",
    "review": "작품성 인정 못 받는 이유는 보통 그 작품이 스스로 말해준다 봅니다. 배우들 연기가 아깝네요...",
    "rating": "2",
    "date": "15.08.03"
  },
  {
    "review_id": "10160371",
    "movie_id": "103271",
    "author": "dhay****",
    "review": "전작에 비해서 별로긴 한데, 이 영화의 메세지는 전작에서 준석이 건달되고 옛친구를 살해지시혐의로 감옥가서 초라해졌듯이  조폭미화가 아니라 조폭으로 살아가는 두 주인공의 초라하고 쓸쓸하기 짝이 없는 최후를 보여주는 듯하다.",
    "rating": "5",
    "date": "15.07.30"
  },
  {
    "review_id": "10157936",
    "movie_id": "103271",
    "author": "ikis****",
    "review": "친구1의 후기~ 짤방이라도 있었으면 재미라도 있을텐데~",
    "rating": "1",
    "date": "15.07.29"
  },
  {
    "review_id": "10153496",
    "movie_id": "103271",
    "author": "jaso****",
    "review": "난 나름 재미있게 봤다 근데 회상신은 왜 넣은지 이해가 안간다.",
    "rating": "5",
    "date": "15.07.28"
  },
  {
    "review_id": "10119171",
    "movie_id": "103271",
    "author": "boym****",
    "review": "원작보다 나은 속편없다는 말을 다시한번 증명한 영화 차라리 아예 새로운 작품으로 나놨으면 나았을것을 괜히 전작의 후광을 등에 입으려다 역효과.. 게다가 설정도 너무 억지임 뜬금없이 장동건을 죽인게 유오성이 아니래 ㅋㅋ 전작본사람을 우롱하는 설정임",
    "rating": "5",
    "date": "15.07.19"
  },
  {
    "review_id": "10096653",
    "movie_id": "103271",
    "author": "penn****",
    "review": "1편을 보고 기대한 내가 잘못했다.",
    "rating": "5",
    "date": "15.07.12"
  },
  {
    "review_id": "10052501",
    "movie_id": "103271",
    "author": "soso****",
    "review": "와 진짜 시1발 2001년 영화 친구를 이렇게 먹칠을 해도되냐",
    "rating": "4",
    "date": "15.06.29"
  },
  {
    "review_id": "10025529",
    "movie_id": "103271",
    "author": "jgoo****",
    "review": "경상도는 우리나라가 아닌가보네..사투리가 무슨말인지 알아들을수가 없으니..내내 보면서 짜증만..",
    "rating": "1",
    "date": "15.06.24"
  },
  {
    "review_id": "10017516",
    "movie_id": "103271",
    "author": "kukk****",
    "review": "주진모역이랑 과거 회상 빼고 좀 타이트하게 갔으면 괜츈 했을듯 그럭저럭 볼만은함",
    "rating": "5",
    "date": "15.06.21"
  },
  {
    "review_id": "10002918",
    "movie_id": "103271",
    "author": "bulg****",
    "review": "급작스럽게 만든 작품같음 아쉽다",
    "rating": "7",
    "date": "15.06.15"
  },
  {
    "review_id": "9986534",
    "movie_id": "103271",
    "author": "dday****",
    "review": "뭘 보여주려 했던건지 모르겠고..  2013년 영화인데 진화가 전혀 없었던것 같아요",
    "rating": "4",
    "date": "15.06.09"
  },
  {
    "review_id": "9969394",
    "movie_id": "103271",
    "author": "ankd****",
    "review": "친구2에 친구가 없다 ㅋ",
    "rating": "5",
    "date": "15.06.01"
  },
  {
    "review_id": "9969004",
    "movie_id": "103271",
    "author": "ryus****",
    "review": "세간의 일반적인 평과는 달리 난 곽경택 감독 특유의 거칠고 투박한 마초적 감성을 좋아한다. 그런데 이건 그냥 그 수준을 넘어 12년 전 전작보다 훨씬 더 촌스러울 뿐이다.",
    "rating": "4",
    "date": "15.06.01"
  },
  {
    "review_id": "9913692",
    "movie_id": "103271",
    "author": "haru****",
    "review": "멋진 영화 잘 감상했습니다. 친구1편도 그렇지만 2편도 남자들의 세계를 잘 표현한 것 같습니다. 배우 유오성이 누군지 보여주는 영화였다고 생각합니다. 김우빈의 다음 작품도 아주 기대됩니다.",
    "rating": "10",
    "date": "15.05.13"
  },
  {
    "review_id": "9911428",
    "movie_id": "103271",
    "author": "hodo****",
    "review": "평점 너무낮다 ..,..,",
    "rating": "10",
    "date": "15.05.11"
  },
  {
    "review_id": "9906968",
    "movie_id": "103271",
    "author": "deve****",
    "review": "ㅎㅎ... 왜봤지...",
    "rating": "5",
    "date": "15.05.09"
  },
  {
    "review_id": "9906062",
    "movie_id": "103271",
    "author": "yjmn****",
    "review": "김우빈이 진짜 생긴거 잘생기고 포스 장난아닌데 입만열면 어설픈사투리에 어설픈연기가 좀아쉽네",
    "rating": "6",
    "date": "15.05.09"
  },
  {
    "review_id": "9894976",
    "movie_id": "103271",
    "author": "pont****",
    "review": "우빈이 눈썹이 더 무섭다 아이가.",
    "rating": "3",
    "date": "15.05.05"
  },
  {
    "review_id": "9892287",
    "movie_id": "103271",
    "author": "phon****",
    "review": "친구1 에필로그랑 김우빈, 주진모가 잔재미를 더한 느낌.. 그래도 친구1편 뒤가 너무 상상에 맡기고 애메한 부분이있었는데 2편 덕분에 뭔가 1편의 이야기가 잘 마무리된 느낌. 물론 소설이긴하지만",
    "rating": "7",
    "date": "15.05.04"
  },
  {
    "review_id": "9889050",
    "movie_id": "103271",
    "author": "dbsg****",
    "review": "킬링타임용으로 7점정돈 줄 수 있을 것 같다  일단 이야기의 개연성이 너무없다 중간중간 진짜 뭔말하는지 못알아듣겠는 부분도 있고 주인공들의 감정선이 급격하게 변해서 스토리가 부드럽지 못하다 그냥 잘 못만든영화다.시간떼우기엔 나쁘지않지만 돈주고보긴아까운",
    "rating": "7",
    "date": "15.05.03"
  },
  {
    "review_id": "9887827",
    "movie_id": "103271",
    "author": "gig1****",
    "review": "내용은 좀 밋밋한데 유오성 연기가 영화를 살렸네. 일반적인 평처럼 망작은 아니고 평작은 되는 듯. 드라마 친구랑은 연결되는게 하나도 없는 거 같고.",
    "rating": "6",
    "date": "15.05.02"
  },
  {
    "review_id": "9878398",
    "movie_id": "103271",
    "author": "cltp****",
    "review": "가볍게 나름 재밌게 봤음.",
    "rating": "10",
    "date": "15.04.29"
  },
  {
    "review_id": "9869405",
    "movie_id": "103271",
    "author": "objd****",
    "review": "곽경택은 대표적인 쓰레기 감독",
    "rating": "2",
    "date": "15.04.26"
  },
  {
    "review_id": "9852133",
    "movie_id": "103271",
    "author": "gksr****",
    "review": "연기는 정말 최고였다 오유성의 연기실력은 이미 알고있었고 김우빈은 정말 다시 봤다 하지만 마지막에 은기가 이간질해서 성훈이 자기 아빠인 동수를 죽인게 준석이라는 오해가 풀리지 않고 끝난게 아쉽다 배우들 연기때문에 평점높게준다",
    "rating": "8",
    "date": "15.04.19"
  },
  {
    "review_id": "9842258",
    "movie_id": "103271",
    "author": "airk****",
    "review": "최악의 졸작영화다 대충만든티가 난다",
    "rating": "2",
    "date": "15.04.12"
  },
  {
    "review_id": "9839688",
    "movie_id": "103271",
    "author": "myst****",
    "review": "공해가 되는 영화는 이제 그만 만들어라.",
    "rating": "1",
    "date": "15.04.11"
  },
  {
    "review_id": "9837849",
    "movie_id": "103271",
    "author": "lks_****",
    "review": "재미이이이으이흐있어 세 번째 본다 명작이다",
    "rating": "10",
    "date": "15.04.10"
  },
  {
    "review_id": "9833490",
    "movie_id": "103271",
    "author": "asqz****",
    "review": "망했다 망했어....  1이 훨씬 좋았어",
    "rating": "1",
    "date": "15.04.07"
  },
  {
    "review_id": "9833065",
    "movie_id": "103271",
    "author": "pjh7****",
    "review": "(..  ) 이 밑에 분 뭐라하는건지 모르겠네 ㅋㅋㅋ",
    "rating": "1",
    "date": "15.04.07"
  },
  {
    "review_id": "9823637",
    "movie_id": "103271",
    "author": "kiok****",
    "review": "깡패를 미화하는 것을 넘어서어쩔수없이 싸우게하는  상황이 마치 히어로물 같다.니 내랑 부산 접수할래?가 아니라니 내랑 그냥 영화하나 찍을래?다영화는영화다를 보겠다",
    "rating": "2",
    "date": "15.04.03"
  },
  {
    "review_id": "9823190",
    "movie_id": "103271",
    "author": "bckl****",
    "review": "전부다들 눈깔흰자자랑질하는영화",
    "rating": "1",
    "date": "15.04.02"
  },
  {
    "review_id": "9823168",
    "movie_id": "103271",
    "author": "ssan****",
    "review": "명작이 되어버린 전편에 대한 기억이너무 컸던걸까...",
    "rating": "6",
    "date": "15.04.02"
  },
  {
    "review_id": "9823066",
    "movie_id": "103271",
    "author": "dtks****",
    "review": "최악최악최악최악최악",
    "rating": "1",
    "date": "15.04.02"
  },
  {
    "review_id": "9816725",
    "movie_id": "103271",
    "author": "haji****",
    "review": "김우빈연기못함... 상속자들 잘돼서 계속 나오는데 솔직히 좀 ..",
    "rating": "1",
    "date": "15.03.30"
  },
  {
    "review_id": "9813712",
    "movie_id": "103271",
    "author": "cthu****",
    "review": "그 지역 사투리 제대로 구사못하면 배우 쓰지마라.",
    "rating": "1",
    "date": "15.03.29"
  },
  {
    "review_id": "9807872",
    "movie_id": "103271",
    "author": "isdn****",
    "review": "주진모의 연기를 보면 답이나온다.",
    "rating": "1",
    "date": "15.03.26"
  },
  {
    "review_id": "9803014",
    "movie_id": "103271",
    "author": "juli****",
    "review": "정말 손에 꼽을 정도로 최악의 영화. 왜 찍었는지 이해도 안 가고 김우빈의 발성은 최악이다.",
    "rating": "1",
    "date": "15.03.24"
  },
  {
    "review_id": "9801136",
    "movie_id": "103271",
    "author": "minh****",
    "review": "나름 괜찮았는데.. 평점낮아서 안볼까했다가 봤는데 그럭저럭 전작이 마무리 된듯..",
    "rating": "9",
    "date": "15.03.23"
  },
  {
    "review_id": "9793102",
    "movie_id": "103271",
    "author": "mygr****",
    "review": "대부2가 되길 원했으나, 2001년에 죽은 <친구> 불알만 만지다 끝난 영화",
    "rating": "5",
    "date": "15.03.19"
  },
  {
    "review_id": "9792071",
    "movie_id": "103271",
    "author": "lime****",
    "review": "준슥이는 사형선고로죽어야했다 마지막에밝은문으로나가던 준슥이까지 살렸던친구2...아쉽다 7점인이유는...단하나다 친구 시리즈이기때문이다. 진숙이 상택이 중오라도나왔다면 친구를10여년그리워하던매니아에겐 칭송받았을거다",
    "rating": "7",
    "date": "15.03.18"
  },
  {
    "review_id": "9783793",
    "movie_id": "103271",
    "author": "rors****",
    "review": "정작 가장 중요한 친구와의 우정얘기는 없고 주진모는 왜 나왔는지 모르겠고 모든 오해는 주변인물 고백으로 한큐에 해결",
    "rating": "3",
    "date": "15.03.15"
  },
  {
    "review_id": "9781464",
    "movie_id": "103271",
    "author": "wooo****",
    "review": "2편 왜 만들었냐 ㅋㅋㅋ 2편은 좀 한심한영화였다 유오성 깜방생활 오래하고 또 건달짓 ㅋㅋ",
    "rating": "5",
    "date": "15.03.14"
  },
  {
    "review_id": "9779087",
    "movie_id": "103271",
    "author": "hani****",
    "review": "대부 시리즈 따라하려한건가",
    "rating": "2",
    "date": "15.03.14"
  },
  {
    "review_id": "9775963",
    "movie_id": "103271",
    "author": "a200****",
    "review": "친구1 친구2  같은 감독이라는거에 개깜놀 ㅡㅡ친구1은 얻어걸린영환가..  유호성이불쌍하다 이런3류영화에 출연하다니",
    "rating": "1",
    "date": "15.03.13"
  },
  {
    "review_id": "9768986",
    "movie_id": "103271",
    "author": "with****",
    "review": "감독이 대부 2 따라한듯",
    "rating": "3",
    "date": "15.03.09"
  },
  {
    "review_id": "9762639",
    "movie_id": "103271",
    "author": "lkk3****",
    "review": "전기톱...불필요하게 잔인한 장면이 많이 아쉽다",
    "rating": "1",
    "date": "15.03.07"
  },
  {
    "review_id": "9756931",
    "movie_id": "103271",
    "author": "sung****",
    "review": "재미 감동이 있네요 슬프지만",
    "rating": "10",
    "date": "15.03.05"
  },
  {
    "review_id": "9752547",
    "movie_id": "103271",
    "author": "user****",
    "review": "조폭미화의끝이다 정말.. 나이쳐먹은 아재들 이거보면서 옛추억이니 뭐니 허세떨지마이소 쪽팔린지 알아야지 ㅉㅉ",
    "rating": "1",
    "date": "15.03.02"
  },
  {
    "review_id": "9744372",
    "movie_id": "103271",
    "author": "pass****",
    "review": "인도 영화를 발리우드라고 비하하고들 하는데 충무로도 그에 못지 않네 대부스러운 음악 깔리면서 차 막고 칼질하는건 대부에서 차 막고 기관총 쏘던거 베낀거 아닌가..오마쥬같은 소리는 하지 마시기를",
    "rating": "5",
    "date": "15.02.27"
  },
  {
    "review_id": "9738764",
    "movie_id": "103271",
    "author": "teac****",
    "review": "와 ...진짜 쓰레기 김우빈의 쓸데없는 인상에 같이 인상써지는 불편함 완젼 미스 캐스팅 나오는 조연들 마다 어찌 그리 한심하고 쓰레기 같은 것들을 데려다 썼는지..답답하다 진짜 .내용도 최악 ..유오성 믿고 보는 배우 였는데..피캬츄 문신은 또 뭐야.",
    "rating": "1",
    "date": "15.02.26"
  },
  {
    "review_id": "9738432",
    "movie_id": "103271",
    "author": "ghos****",
    "review": "전작에 비해 쓸대없는 장면이 너무 많고 엔딩은 어중간 했다.",
    "rating": "5",
    "date": "15.02.26"
  },
  {
    "review_id": "9737897",
    "movie_id": "103271",
    "author": "clou****",
    "review": "1편이 머리 속에서 떠나지 않네요!",
    "rating": "7",
    "date": "15.02.25"
  },
  {
    "review_id": "9736069",
    "movie_id": "103271",
    "author": "sjss****",
    "review": "1을봣다면 도저히 좋은 평점을 줄수없을듯.. 준서기 아버지는 1에서는 거의 퇴물느낌이더니 뭐 엄청난사람처럼 나오네.. 그리고 친구2인데 친구들은 왜안나오냐 감옥갈때 OO염병을 떨더니",
    "rating": "1",
    "date": "15.02.25"
  },
  {
    "review_id": "9733230",
    "movie_id": "103271",
    "author": "ohye****",
    "review": "별점4개 1편보단 덜하지만 나름 재미있었어요",
    "rating": "8",
    "date": "15.02.23"
  },
  {
    "review_id": "9732690",
    "movie_id": "103271",
    "author": "donb****",
    "review": "그냥저냥 봤는 영화 친구1 보고 이거 보면 눈버린다. 김우빈의 도발적이고 무식한 행동이면 제일 먼저 죽었다! 너무 얘를 영웅시한 영화...한마디로 말도 안되는 웃기는 영화다!",
    "rating": "5",
    "date": "15.02.23"
  },
  {
    "review_id": "9730891",
    "movie_id": "103271",
    "author": "gunm****",
    "review": "솔직히 친구란 단어를 녹여낸 건달영화인 명작을못따라가고 순수 건달 영화로 마무리되었지만. 건달영화로 수작임. 평점이 너무 짬. 성훈친구애기를 더 넣으며 되물림 되는 신흥건달 애기를 보다 부각 시켰으면 보다 좋은 작품이 되지않았을까 아쉬움이 든다.",
    "rating": "8",
    "date": "15.02.23"
  },
  {
    "review_id": "9719628",
    "movie_id": "103271",
    "author": "binn****",
    "review": "억지로 짜집기 한 후속작",
    "rating": "4",
    "date": "15.02.20"
  },
  {
    "review_id": "9715283",
    "movie_id": "103271",
    "author": "bd10****",
    "review": "간만에 대작 느와르네요. 1편보다 별로라는 평가가 많던데, 제가 볼 때는 1편 보다 나은 2편이군요. 예상치 못한 전개들 너무 좋습니다.",
    "rating": "10",
    "date": "15.02.19"
  },
  {
    "review_id": "9707739",
    "movie_id": "103271",
    "author": "wkis****",
    "review": "1탄에서 장동건이 왜그리 많이 찔렸는지 알려주는 영화",
    "rating": "1",
    "date": "15.02.18"
  },
  {
    "review_id": "9707239",
    "movie_id": "103271",
    "author": "lint****",
    "review": "저는 솔직히 재밌게 봤는데 다들 저처럼 생각하지 않으시네요",
    "rating": "10",
    "date": "15.02.18"
  },
  {
    "review_id": "9703899",
    "movie_id": "103271",
    "author": "cain****",
    "review": "전작의 궁금증. 준석의 아버지이야기와 그 이후의 이야기 동식이를 누가 죽였을까에 대한 해답이 있다 물론 이영화는 전작의 매니아를 위한 감독의 배려라고 본다..일단 여러이야기를 10년전 느낌으로 연출하여 다소 촌스러운 갱스터무비가 되어버린감이 없진않지만",
    "rating": "8",
    "date": "15.02.16"
  },
  {
    "review_id": "9683119",
    "movie_id": "103271",
    "author": "manm****",
    "review": "스토리는 괜찮은듯 하나 대사 확실히 안 들리고... 부천집혼자",
    "rating": "4",
    "date": "15.02.09"
  },
  {
    "review_id": "9681170",
    "movie_id": "103271",
    "author": "issa****",
    "review": "재밌게 봤어요 배우분들 연기가 인상 깊네요",
    "rating": "10",
    "date": "15.02.09"
  },
  {
    "review_id": "9678021",
    "movie_id": "103271",
    "author": "thwn****",
    "review": "그래서 결말은 감옥에 누가가게되나요..?",
    "rating": "10",
    "date": "15.02.08"
  },
  {
    "review_id": "9677772",
    "movie_id": "103271",
    "author": "pand****",
    "review": "지금 보는 중인데 뭐지 이건..감독이 감을 잃은듯",
    "rating": "1",
    "date": "15.02.08"
  },
  {
    "review_id": "9661992",
    "movie_id": "103271",
    "author": "ther****",
    "review": "난 나만못알아 듣는줄알았네",
    "rating": "5",
    "date": "15.02.03"
  },
  {
    "review_id": "9661180",
    "movie_id": "103271",
    "author": "hdh0****",
    "review": "재미있는 영화 한편 보고갑니다",
    "rating": "10",
    "date": "15.02.02"
  },
  {
    "review_id": "9656638",
    "movie_id": "103271",
    "author": "ckwo****",
    "review": "난 아직도 곽경택이 친구1을 연출했다는게 믿기질 않는다.. 어떻게 같은사람이 만든 영화라곤 생각이 안들정도로 친구1은 재밌고 친구2는 쓰레기같다",
    "rating": "1",
    "date": "15.02.01"
  },
  {
    "review_id": "9655098",
    "movie_id": "103271",
    "author": "blue****",
    "review": "억지로 늘려버린 이야기로 비추는건 어쩔 수 없다..",
    "rating": "6",
    "date": "15.01.31"
  },
  {
    "review_id": "9649591",
    "movie_id": "103271",
    "author": "hats****",
    "review": "대사를 알아들을 수가 없어",
    "rating": "5",
    "date": "15.01.29"
  },
  {
    "review_id": "9634072",
    "movie_id": "103271",
    "author": "dbsw****",
    "review": "친구 1보단 못하고 스토리도 좀 지루하지만 김우빈 보는 맛으로 ㅎㅎㅎ",
    "rating": "6",
    "date": "15.01.25"
  },
  {
    "review_id": "9627695",
    "movie_id": "103271",
    "author": "jang****",
    "review": "김우빈 쎈척너무쩔음;;꼴보기싫고 걍 젊은놈들이 양아치행세하는영화임",
    "rating": "2",
    "date": "15.01.23"
  },
  {
    "review_id": "9624192",
    "movie_id": "103271",
    "author": "mjha****",
    "review": "조잡해. 갈등에서 해결나오는 장면을 이따구로 만들 수 있나.. 친구1을 너무재미있게 봐서 기대를 너무 했던가?  김우빈 안나왔으면 이영화 어쩔뻔",
    "rating": "4",
    "date": "15.01.22"
  },
  {
    "review_id": "9623684",
    "movie_id": "103271",
    "author": "ttl3****",
    "review": "딱 이정도네요. 그냥 한번 보면 왜 봤나 싶은 생각이 들 것입니다.",
    "rating": "5",
    "date": "15.01.22"
  },
  {
    "review_id": "9616335",
    "movie_id": "103271",
    "author": "chw3****",
    "review": "이영화 이후로 김우빈 영화는 보지 않게 되어음..",
    "rating": "1",
    "date": "15.01.20"
  },
  {
    "review_id": "9607852",
    "movie_id": "103271",
    "author": "joll****",
    "review": "내용이 유치하다는생각이 다큰조폭이 꼬맹이를 이간질시키는건,,  도무지 이해가 안가네~",
    "rating": "2",
    "date": "15.01.18"
  },
  {
    "review_id": "9598719",
    "movie_id": "103271",
    "author": "hamj****",
    "review": "감독님 친구 후속편을 만든다면서 여기저기 널린 충무로 양아치 영화를 만들면 어떡합니까ㅠㅠ",
    "rating": "3",
    "date": "15.01.15"
  },
  {
    "review_id": "9592456",
    "movie_id": "103271",
    "author": "leej****",
    "review": "조금 아쉽긴 하지만 나름 재미있게 봤어요",
    "rating": "9",
    "date": "15.01.14"
  },
  {
    "review_id": "9590338",
    "movie_id": "103271",
    "author": "lool****",
    "review": "이런 영화 그만 좀 찍어라... 홍콩 느와르에서 시작된 한국식 이딴 쓰레기 영화 찍어서 돈 그만 벌면 됐다",
    "rating": "1",
    "date": "15.01.13"
  },
  {
    "review_id": "9587916",
    "movie_id": "103271",
    "author": "atxn****",
    "review": "이건 정말 억지다. 친구라는 제목이 영화와 아무런 관계가 없어 보일정도다. 친구2는 그냥 출소 하기까지의 스토리50%와 출소후 1편의 정운택과 서태화랑 보내는 시간을 50% 잡았다면 어땠을까 아쉬울 뿐이다.",
    "rating": "4",
    "date": "15.01.12"
  },
  {
    "review_id": "9587213",
    "movie_id": "103271",
    "author": "dest****",
    "review": "부산 출신인데 못 알아 듣는 게 많았고.... 유오성 이야기만 넣으면 좋았을 텐데... 김우빈하고, 주진모이야기까지... 너무 과도했다는 느낌.. 유오성이 다시 패권을 잡는 그 스토리 라인은 마음에 듦",
    "rating": "6",
    "date": "15.01.12"
  },
  {
    "review_id": "9582356",
    "movie_id": "103271",
    "author": "ijuh****",
    "review": "아니ㅡㅡ 다시보는중인데.. 왜 못알아듣는지이해햇다.이영화 배우들 말하는거 하나하나 다들어보면 옹알옹알~~~~",
    "rating": "3",
    "date": "15.01.11"
  },
  {
    "review_id": "9576544",
    "movie_id": "103271",
    "author": "dais****",
    "review": "보다잤다! 영화보다자긴근래들어첨...",
    "rating": "1",
    "date": "15.01.09"
  },
  {
    "review_id": "9574896",
    "movie_id": "103271",
    "author": "geni****",
    "review": "곽경택 감독님 친구로 도대체 몇년째 우려쳐드시는지... 노력은 안하고 거져쳐멀라고만 하다보니까 이런결과가 나오죠 이게 영홥니까? 배우들이 아깝네요 이제 좀 쉬셔야할듯 합니다...",
    "rating": "1",
    "date": "15.01.08"
  },
  {
    "review_id": "9563743",
    "movie_id": "103271",
    "author": "kgg1****",
    "review": "친구1을 보지 않아도 이해는 갔지만 뭔가 이 밋밋함은 떨쳐지지 않는다... 그냥봣다",
    "rating": "9",
    "date": "15.01.05"
  },
  {
    "review_id": "9559722",
    "movie_id": "103271",
    "author": "chil****",
    "review": "깡패영화 지겹다 그만 좀 만들어라",
    "rating": "1",
    "date": "15.01.04"
  },
  {
    "review_id": "9557418",
    "movie_id": "103271",
    "author": "fuse****",
    "review": "끝까지 의리를 지킨 김우빈의 마지막 모습 마지막 장면 정말 인상깊습니다. 단순하지만 깊은 감동이 있네요.",
    "rating": "10",
    "date": "15.01.03"
  },
  {
    "review_id": "9550806",
    "movie_id": "103271",
    "author": "k194****",
    "review": "할꺼 없어 만든 영화 연기도 액션도 스토리도 감동도 없는 티브이용 단막극 정도.. 감독 분발하세요.",
    "rating": "4",
    "date": "15.01.02"
  },
  {
    "review_id": "9545308",
    "movie_id": "103271",
    "author": "tomb****",
    "review": "그냥 전설로 남지 ....왜 만들었어",
    "rating": "6",
    "date": "15.01.01"
  },
  {
    "review_id": "9543209",
    "movie_id": "103271",
    "author": "wnsg****",
    "review": "전작의 명성에 똥칠하는 망작",
    "rating": "1",
    "date": "15.01.01"
  },
  {
    "review_id": "9543155",
    "movie_id": "103271",
    "author": "blue****",
    "review": "깡패들 칼질하는 것이 그렇게 좋더냐.",
    "rating": "2",
    "date": "15.01.01"
  },
  {
    "review_id": "9543084",
    "movie_id": "103271",
    "author": "ad09****",
    "review": "진짜 곽경택 감독님이 만든거 맞나??  이름만 빌려준거 아닐까????엉망진창",
    "rating": "1",
    "date": "14.12.31"
  },
  {
    "review_id": "9541569",
    "movie_id": "103271",
    "author": "wnsd****",
    "review": "왜이리 낮아 아쩌씨랑은 다른 장르고 1편보단 미흡하지만 나름 잼던데 ㅠ 너무 낮네 평점이 ?",
    "rating": "10",
    "date": "14.12.31"
  },
  {
    "review_id": "9538367",
    "movie_id": "103271",
    "author": "blac****",
    "review": "경상도 사투리에 조폭 양아치나오는 영화는 그만좀 만들어라 친구로 재미보더니 아주 맛들렸나",
    "rating": "1",
    "date": "14.12.30"
  },
  {
    "review_id": "9538119",
    "movie_id": "103271",
    "author": "whro****",
    "review": "아쉬운점도 있었지만 재밌었음 배우들 연기를 잘해서 몰입도는 좋았음b",
    "rating": "10",
    "date": "14.12.30"
  },
  {
    "review_id": "9531614",
    "movie_id": "103271",
    "author": "kos4****",
    "review": "아쉬움이 많은 작품이다. 사라진 긴장감, 시끄럽기만 한 음향, 어설픈 액션, 아침TV드라마 같은  스토리다.",
    "rating": "4",
    "date": "14.12.28"
  },
  {
    "review_id": "9531536",
    "movie_id": "103271",
    "author": "ifor****",
    "review": "여기 평점보단 좋았다.  특히 유오성의 연기는 무르 익었더라.  김우빈은 아직 더 커야겠고, 주진모는 아직도...  그래도 적당히 잘 만든 영화다.",
    "rating": "8",
    "date": "14.12.28"
  }
]