[
  {
    "review_id": "10185494",
    "movie_id": "103273",
    "author": "milk****",
    "review": "종군 기자 뿐만이 아니라 분쟁지역에 자유를 수호한 군인 들에게 박수를...",
    "rating": "8",
    "date": "15.08.04"
  },
  {
    "review_id": "10106619",
    "movie_id": "103273",
    "author": "xero****",
    "review": "두가지 삶에서 갈등하는 좋은 영화였습니다. 시대적으로도 개인의 삶에서도 느끼는게 많은 영화였습니다.",
    "rating": "10",
    "date": "15.07.15"
  },
  {
    "review_id": "10103194",
    "movie_id": "103273",
    "author": "cjh9****",
    "review": "신념을 가지고 사는 사람에게 혼자 살라니... 그럼 독립운동가들도 가족을 생각해서 적당히 살아야 된단 말인가? 영화 마지막에 딸의 고백에서 나왔지만 올바른 신념을 가지고 사는 사람은 결국 주위사람들이 함께하게 된다.주위사람의 고통을 무시하지는말자는거지",
    "rating": "10",
    "date": "15.07.14"
  },
  {
    "review_id": "10090968",
    "movie_id": "103273",
    "author": "danz****",
    "review": "내가 사진을 찍기시작한 이유는 세상에 대한 분노 때문이야.. 멋진 풍경.. 멋진 음향.. 멋진 배우들.. 남들이 말리는 지하고싶은일만 하고 사는 사람들은 주변사람 괴롭히지말고 걍 혼자 그일 하며 재미있게 살길..",
    "rating": "8",
    "date": "15.07.11"
  },
  {
    "review_id": "10079165",
    "movie_id": "103273",
    "author": "cupi****",
    "review": "영화 엔딩크래딧이 올라가도록 가슴이 먹먹해 아무말도 할수가 없네요..",
    "rating": "10",
    "date": "15.07.07"
  },
  {
    "review_id": "10010297",
    "movie_id": "103273",
    "author": "bri2****",
    "review": "^^; 그러길래 왜 결혼을 해가지고 ....",
    "rating": "8",
    "date": "15.06.18"
  },
  {
    "review_id": "10007231",
    "movie_id": "103273",
    "author": "ehwj****",
    "review": "종군기자로서의 삶과 한 가정ㅈ의 어머니로서의 삶은 둘다 만족스러울순 없는법.그녀의 강인함과 때론 담담함이 왠지 슬프게 느껴졌다",
    "rating": "7",
    "date": "15.06.18"
  },
  {
    "review_id": "9977046",
    "movie_id": "103273",
    "author": "hkki****",
    "review": "주인공이 잔인하게 죽길 바랬다. 현실이라도 그랬을거같다. 가족에게 어떤 재앙과 피해를 주고있는지 모르는 극도로 이기적이고 잔인한 사람일뿐. 매일같이 생사의 고통을 안겨주는 사람이 딸들에게 사랑한다라고 말하는 장면에서 인간의 이기심에 대한 환멸을 느꼈다",
    "rating": "9",
    "date": "15.06.05"
  },
  {
    "review_id": "9897144",
    "movie_id": "103273",
    "author": "jin5****",
    "review": "모든  생활에서 균형을 맞춰야 한다는걸 보여준다라.. 저는 감히 그런 말을 입에 담지도 못하겠네요.. 사소한것에 울고불고하는 우리의 편한삶에 자책감을 느낌뿐입니다.",
    "rating": "10",
    "date": "15.05.05"
  },
  {
    "review_id": "9879152",
    "movie_id": "103273",
    "author": "meta****",
    "review": "좋은 영화 ~ 였네요~~",
    "rating": "9",
    "date": "15.04.29"
  },
  {
    "review_id": "9856023",
    "movie_id": "103273",
    "author": "sina****",
    "review": "감정이입해서 본 영화, 내가 그녀였다면 어떤 선택을 했을까.",
    "rating": "10",
    "date": "15.04.21"
  },
  {
    "review_id": "9837675",
    "movie_id": "103273",
    "author": "oojj****",
    "review": "호불호가 갈리는 영화. 종군기자의 삶을 통해 우리의 삶이 어떤지 되돌아 볼 수 있다. 지루한 감은 어쩔 수 없다.",
    "rating": "5",
    "date": "15.04.10"
  },
  {
    "review_id": "9816877",
    "movie_id": "103273",
    "author": "orio****",
    "review": "너무 오랜시간 떨어져 지내서 그런가...마음이 아픕니다. 집으로 돌아왔지만 환영받지 못하는 불청객이 됐네요. 딸이 엄마와 대화하다가 역으로 사진을 찍히는 장면에서 폭발사고 전 자살폭탄을 두른 여자의 사진을 찍던 게 오버랩되는게 제일 인상깊게 남았어요",
    "rating": "9",
    "date": "15.03.30"
  },
  {
    "review_id": "9815971",
    "movie_id": "103273",
    "author": "nala****",
    "review": "신념을 가지고 살아가는 사람들 옳고 그름을 말하기는 어렵지만 주변 사람들이 불쌍할뿐이다",
    "rating": "5",
    "date": "15.03.30"
  },
  {
    "review_id": "9807278",
    "movie_id": "103273",
    "author": "marc****",
    "review": "한때 종군기자들을 이해 하지 못했는데 용기있는 사람들도 많다는걸 느꼈다...마지막 장면은 정말 가슴이 아팠다.",
    "rating": "9",
    "date": "15.03.26"
  },
  {
    "review_id": "9724316",
    "movie_id": "103273",
    "author": "lyk0****",
    "review": "이미 고민과 갈등이 잠재된 상황과 현실은 평범해보여도 완전한 평범이 아니다. 특별한 일을 하는 엄마가 서있는 집안이 그렇다. 온전히 자신에게 집중하고픈 한 자아의 욕망과 엄마로서의 역할도 저버릴수없는 한 여자의 이야기. 조금은 지루하다.",
    "rating": "5",
    "date": "15.02.21"
  },
  {
    "review_id": "9578166",
    "movie_id": "103273",
    "author": "rose****",
    "review": "주제랑 소재가 모두 좋지만, 다소 산만한 감이 있는 영화",
    "rating": "7",
    "date": "15.01.09"
  },
  {
    "review_id": "9527246",
    "movie_id": "103273",
    "author": "hwan****",
    "review": "마지막 장면이 계속 떠오르면서 여운이 남네요~ 기대했던 만큼 좋은 영화였습니다!",
    "rating": "10",
    "date": "14.12.27"
  },
  {
    "review_id": "9461761",
    "movie_id": "103273",
    "author": "lemo****",
    "review": "감동적이었어요연기력때문에몰입해서보았습니다",
    "rating": "9",
    "date": "14.12.10"
  },
  {
    "review_id": "9460348",
    "movie_id": "103273",
    "author": "egyp****",
    "review": "왜 그런 위험한 짓을 하느냐고 물어보던 남편 마커스 말에...'그냥 본능적으로 달려가는 것...'라는 레베카의 대답...큰딸 스테프가 케냐에 가서 몰래 찍은 그 동영상...가슴이 먹먹하다...",
    "rating": "7",
    "date": "14.12.09"
  },
  {
    "review_id": "9443573",
    "movie_id": "103273",
    "author": "sjs2****",
    "review": "엄마가 예매해달라해서햇는데 별로였데요",
    "rating": "6",
    "date": "14.12.03"
  },
  {
    "review_id": "9342047",
    "movie_id": "103273",
    "author": "dltn****",
    "review": "열정...내게도 그런 열정이.있었던가....",
    "rating": "9",
    "date": "14.11.05"
  },
  {
    "review_id": "9325091",
    "movie_id": "103273",
    "author": "mojo****",
    "review": "줄리엣 비노쉬를 믿고 보았습니다. 그녀의 연기는 세월 또한 이기지 못하네요. 그녀이기에 더 빛이 났고, 그녀였기에 가능한 영화였던거 같습니다.",
    "rating": "10",
    "date": "14.10.28"
  },
  {
    "review_id": "9310367",
    "movie_id": "103273",
    "author": "pink****",
    "review": "연기도 연기이지만 정말 가슴 속 깊은 감동을 받았습니다. 영화가 끝난 후에도 몇분동안 자리를 뜨지 못 했습니다.",
    "rating": "10",
    "date": "14.10.23"
  },
  {
    "review_id": "9293575",
    "movie_id": "103273",
    "author": "gjwn****",
    "review": "개인적으로 너무 좋았어요, 멋있다고만 생각할 수도 있었던 여성 종군기자의 삶에 대해 그 가족들의 관점,그리고 종군기자의 삶에 대해서도 생각해볼 수 있었던...^^",
    "rating": "9",
    "date": "14.10.15"
  },
  {
    "review_id": "9292713",
    "movie_id": "103273",
    "author": "jun_****",
    "review": "감동적인 영화.. ㅠㅠ",
    "rating": "10",
    "date": "14.10.14"
  },
  {
    "review_id": "9228909",
    "movie_id": "103273",
    "author": "malm****",
    "review": "멋져요.!꼭보세요 추천드립니다",
    "rating": "10",
    "date": "14.09.20"
  },
  {
    "review_id": "9226577",
    "movie_id": "103273",
    "author": "heun****",
    "review": "기대했던만큼은 아닌...다소 아쉬운 영화..조금더 밝은 느낌이 아쉬웠다.",
    "rating": "6",
    "date": "14.09.19"
  },
  {
    "review_id": "9225175",
    "movie_id": "103273",
    "author": "haha****",
    "review": "많은것을 느끼게 해주는.. 영화다..",
    "rating": "10",
    "date": "14.09.19"
  },
  {
    "review_id": "9215744",
    "movie_id": "103273",
    "author": "mult****",
    "review": "줄리엣 비노쉬. 그녀의 영화에선, 캐릭터가 죽지도 배우가 죽지도 않는다.",
    "rating": "8",
    "date": "14.09.14"
  },
  {
    "review_id": "9207515",
    "movie_id": "103273",
    "author": "jspa****",
    "review": "이게 진짜 장난아니었지!",
    "rating": "10",
    "date": "14.09.12"
  },
  {
    "review_id": "9190093",
    "movie_id": "103273",
    "author": "gomi****",
    "review": "오랜 여운이 남는 영화오랜만에 생각하며 본 영화♡",
    "rating": "10",
    "date": "14.09.09"
  },
  {
    "review_id": "9130922",
    "movie_id": "103273",
    "author": "mete****",
    "review": "잔잔하면서 감동도 있고 보고나서 여운이 많이 남는 영화네요. 기자 평론가 평점은 왜 저 모양인지..",
    "rating": "9",
    "date": "14.08.24"
  },
  {
    "review_id": "9085721",
    "movie_id": "103273",
    "author": "june****",
    "review": "누구든 도전할수 있지만아무나 가능하지는 않은..종군기자의 애환을 너무나 잘 그려준줄리엣비노쉬.. 멋진그녀잘봤습니다",
    "rating": "8",
    "date": "14.08.14"
  },
  {
    "review_id": "9084565",
    "movie_id": "103273",
    "author": "eirh****",
    "review": "가슴을 치는 수작! 여자의 시선으로 본 세상과 가족. ㅠㅠ 아름다운 화면. 비노쉬의 신들린 연기. 소장하고 싶다.",
    "rating": "10",
    "date": "14.08.14"
  },
  {
    "review_id": "9082819",
    "movie_id": "103273",
    "author": "bomi****",
    "review": "워킹맘인데 혼자 시간내서 봤어요 강추합니다!!!",
    "rating": "10",
    "date": "14.08.14"
  },
  {
    "review_id": "9073330",
    "movie_id": "103273",
    "author": "rnhw****",
    "review": "딸하고 함께 봤는데 너무나 와닿더라구요. 저도 일하느라 아이들한테 소홀히 했었던거 같아서...간만에 감동적인 영화였습니다. 마음을 움직이는 영화^^",
    "rating": "9",
    "date": "14.08.12"
  },
  {
    "review_id": "9071956",
    "movie_id": "103273",
    "author": "2jon****",
    "review": "먼 타국에서 전쟁과 함께 일어나는 슬픈 일들을 알게됐어요 슬프더라고요 주인공을 결국 이해해주는 딸도 대견하고 감동이었습니다",
    "rating": "9",
    "date": "14.08.12"
  },
  {
    "review_id": "9060682",
    "movie_id": "103273",
    "author": "joos****",
    "review": "올해 본 혹은 볼 영화 중 최고라고 감히 말하겠다.많은 분들이 보셨으면 좋겠다",
    "rating": "10",
    "date": "14.08.10"
  },
  {
    "review_id": "9054725",
    "movie_id": "103273",
    "author": "rrin****",
    "review": "아..너무가슴아프고화난다.남겨진 가족들, 사랑하는 가족이 죽을지도 모른다는 생각을하며 일상을 살아간다는게 얼마나 큰고통인지 모른다. 적어도 가정을 꾸렷고 자식을 낳았으면 그 가족을 책임지는게 가장 먼저다.난 그녀가 열정을 앞세운 욕심으로 보여진다.",
    "rating": "10",
    "date": "14.08.09"
  },
  {
    "review_id": "9044522",
    "movie_id": "103273",
    "author": "gogo****",
    "review": "최고의 영화였다..엔딩크레딧이 다 올라갈때까지 엉덩이를 땔수 없었다",
    "rating": "10",
    "date": "14.08.07"
  },
  {
    "review_id": "9029927",
    "movie_id": "103273",
    "author": "rach****",
    "review": "동어반복만 없었다면  더좋을뻔",
    "rating": "6",
    "date": "14.08.05"
  },
  {
    "review_id": "9014317",
    "movie_id": "103273",
    "author": "rkdw****",
    "review": "많은 생각을 하게 만드네요... 모든 순간이 선택이겠지만.. 줄리엣 비노쉬의 명연기 였습니다.. 항상 일이 먼저임을 기꺼이 이해해주는 나의 가족... 감사하고 행복한걸 잊고 살았나 봅니다. 영화 잘 봤습니다..^^",
    "rating": "1",
    "date": "14.08.03"
  },
  {
    "review_id": "9004192",
    "movie_id": "103273",
    "author": "jael****",
    "review": "중간중간 지루한 부분이 꽤있어서 조금 아쉽다.",
    "rating": "7",
    "date": "14.08.01"
  },
  {
    "review_id": "9001341",
    "movie_id": "103273",
    "author": "ipsa****",
    "review": "실제적인 고민과 명품 연기, 최고의 영화였습니다! 왓전 강추!",
    "rating": "10",
    "date": "14.08.01"
  },
  {
    "review_id": "8983589",
    "movie_id": "103273",
    "author": "fade****",
    "review": "잘 찍고, 연기도 좋았다만... 뭔 배부른 소리를 저렇게 하고 있나...? 하는 생각이 드는 건, 내조국이 아직 3류라서 그런가 보다...",
    "rating": "7",
    "date": "14.07.30"
  },
  {
    "review_id": "8982112",
    "movie_id": "103273",
    "author": "jang****",
    "review": "감동 ㅡㅡ그자체  엄마의삶 ㅡㅡ화장기없는  맨얼굴에 비쳐진 눈빛  ㅡㅡ대사가 필요없는듯",
    "rating": "9",
    "date": "14.07.30"
  },
  {
    "review_id": "8973833",
    "movie_id": "103273",
    "author": "taro****",
    "review": "누군가는 할 수있지만 내가 제일 잘하는 일과 나밖에 할 수 없는일. 그 사이에서의 선택",
    "rating": "9",
    "date": "14.07.28"
  },
  {
    "review_id": "8973139",
    "movie_id": "103273",
    "author": "pazu****",
    "review": "오랜만에 몰입해서 본 영화였습니다.줄리엣비노쉬 연기는 말할것도 없구요^^",
    "rating": "10",
    "date": "14.07.28"
  },
  {
    "review_id": "8969861",
    "movie_id": "103273",
    "author": "bada****",
    "review": "자식까지 버릴정도로 맹목적인 졀정이라는거 잘 와닿지않네요",
    "rating": "8",
    "date": "14.07.27"
  },
  {
    "review_id": "8964089",
    "movie_id": "103273",
    "author": "love****",
    "review": "기자 평점은 걍 없앴으면 한다. 특별하지도 않은 한마디",
    "rating": "10",
    "date": "14.07.26"
  },
  {
    "review_id": "8963182",
    "movie_id": "103273",
    "author": "ya2n****",
    "review": "여자 주인공이 연기를 정말 잘해서 ㅡ이영화가 재미가 있고없고의 여부를떠나 몰입이 정말 잘됐음",
    "rating": "8",
    "date": "14.07.26"
  },
  {
    "review_id": "8962317",
    "movie_id": "103273",
    "author": "soon****",
    "review": "너무 잘봤어요. 삶,죽음에 대해 많은 생각을 갖게하고 줄리엣비노쉬 멋지게 아름답게 늙어가며 연기하고 있네요.",
    "rating": "10",
    "date": "14.07.26"
  },
  {
    "review_id": "8961960",
    "movie_id": "103273",
    "author": "baru****",
    "review": "그녀만이 할 수 있는 눈빛, 그리고 표정...연기!",
    "rating": "10",
    "date": "14.07.26"
  },
  {
    "review_id": "8958473",
    "movie_id": "103273",
    "author": "klav****",
    "review": "좀 더 많은 사람들이 이 영화를 보고 세상의 다른 한편에선 어떤일들이 일어나고 있는지 알았으면 좋겠단 생각을 보는 내내 했습니다. 예술영화관에서만 이렇게 하루에 한두번 하다가 내려지는 일이 참 안타까운...값진 영화.",
    "rating": "10",
    "date": "14.07.25"
  },
  {
    "review_id": "8949703",
    "movie_id": "103273",
    "author": "damo****",
    "review": "좋아도 너무 좋다 그리고 카메라는 역시 캐논",
    "rating": "10",
    "date": "14.07.24"
  },
  {
    "review_id": "8936122",
    "movie_id": "103273",
    "author": "rysg****",
    "review": "괜찮았고 그냥 저냥 볼만 했던것같아요",
    "rating": "9",
    "date": "14.07.20"
  },
  {
    "review_id": "8934111",
    "movie_id": "103273",
    "author": "guev****",
    "review": "탄탄한 이야기 전개가 관객의 공감을 충분히 불러 일으키는군",
    "rating": "7",
    "date": "14.07.20"
  },
  {
    "review_id": "8932399",
    "movie_id": "103273",
    "author": "dajy****",
    "review": "줄리엣 비노쉬는 언제 봐도 정말 멋진배우입니다.",
    "rating": "9",
    "date": "14.07.20"
  },
  {
    "review_id": "8931217",
    "movie_id": "103273",
    "author": "viva****",
    "review": "잔잔하면서 많은생각을 하게하는 영화.",
    "rating": "9",
    "date": "14.07.19"
  },
  {
    "review_id": "8931143",
    "movie_id": "103273",
    "author": "east****",
    "review": "키기키기키기키기키기",
    "rating": "1",
    "date": "14.07.19"
  },
  {
    "review_id": "8931084",
    "movie_id": "103273",
    "author": "xxxy****",
    "review": "나라면 무엇을 선택했을까? 고민해봤다",
    "rating": "9",
    "date": "14.07.19"
  },
  {
    "review_id": "8928325",
    "movie_id": "103273",
    "author": "ynhe****",
    "review": "좋았어요 상영관이 적어 많은 사람들이 볼 수 없어 아쉽습니다... 많은 이들이 이 영화를 보고 느끼길 바라요",
    "rating": "9",
    "date": "14.07.18"
  },
  {
    "review_id": "8916938",
    "movie_id": "103273",
    "author": "wind****",
    "review": "열심히 사는 것만으로는 충분하지 않은 때가 있는 것 같습니다. 쥴리엣 비노쉬는 얼굴 표정만으로 그녀가 느끼는 혼란과 갈등을 그대로 전달합니다. 오랜만에 본 잔잔하고도 강렬한 영화라 좋았습니다.",
    "rating": "9",
    "date": "14.07.14"
  },
  {
    "review_id": "8915216",
    "movie_id": "103273",
    "author": "napp****",
    "review": "줄리엣 비노쉬의 연기가  정말 좋아요.",
    "rating": "9",
    "date": "14.07.14"
  },
  {
    "review_id": "8911696",
    "movie_id": "103273",
    "author": "mups****",
    "review": "감동적이었고 세상의 평화에 도움이 될것 같지만 왠지 좀 아쉬운 감이 잇다",
    "rating": "8",
    "date": "14.07.13"
  },
  {
    "review_id": "8909586",
    "movie_id": "103273",
    "author": "iamm****",
    "review": "연기도 영상미도 음악도 모두  감동.. 모든게 다 이해되서 안타까운..",
    "rating": "9",
    "date": "14.07.12"
  },
  {
    "review_id": "8909361",
    "movie_id": "103273",
    "author": "core****",
    "review": "매몰아치는 전장 속 줄리엣 비노쉬의 안정된 연기보다 고요한 일상 속 흔들리는 어머니 연기가 일품이었던 영화",
    "rating": "8",
    "date": "14.07.12"
  },
  {
    "review_id": "8909005",
    "movie_id": "103273",
    "author": "rudg****",
    "review": "너무 잘 봤어요!! 여러 생각을 해볼 수 있는 영화",
    "rating": "10",
    "date": "14.07.12"
  },
  {
    "review_id": "8897818",
    "movie_id": "103273",
    "author": "enok****",
    "review": "선택과 갈등, 인생에 자주 발생하는 고민인데 특히 가족이라는 갈등에서 오는 선택이 마음에 와닿네요 영상도 훌륭하고 오랜만에 좋은 영화 봤네요",
    "rating": "9",
    "date": "14.07.09"
  },
  {
    "review_id": "8897030",
    "movie_id": "103273",
    "author": "magi****",
    "review": "혹시  영화관에서 볼 기회를 놓쳣다면 후에 dvd로 꼭 보셧으면 좋을꺼 같네요",
    "rating": "10",
    "date": "14.07.08"
  },
  {
    "review_id": "8896966",
    "movie_id": "103273",
    "author": "milk****",
    "review": "긴 여운이 남네요. 한번 쯤 꼭 봐야 할 영화 같아요.",
    "rating": "10",
    "date": "14.07.08"
  },
  {
    "review_id": "8895838",
    "movie_id": "103273",
    "author": "oneb****",
    "review": "많은 감동..과 생각을 주네요 좋네요",
    "rating": "10",
    "date": "14.07.08"
  },
  {
    "review_id": "8893427",
    "movie_id": "103273",
    "author": "reah****",
    "review": "세상에서 가장 사랑하는 사람들로부터 이해 받기 힘들었던, 위대한 사명감을 가진 사람의 슬픈 이야기 였습니다. 이 영화를 보고 나서 많은 것을 알고 싶어졌습니다. 지금이라도 알게 되고 느낄 수 있어서 다행이라는 행복감을 준 무척 좋은 영화입니다.",
    "rating": "10",
    "date": "14.07.07"
  },
  {
    "review_id": "8893145",
    "movie_id": "103273",
    "author": "shle****",
    "review": "잔잔한 감동이....",
    "rating": "7",
    "date": "14.07.07"
  },
  {
    "review_id": "8892863",
    "movie_id": "103273",
    "author": "leeh****",
    "review": "여운남는 영화네요.... 감동도있구... 이런 영화가 많이 나왔으면 좋겠어요~!",
    "rating": "8",
    "date": "14.07.07"
  },
  {
    "review_id": "8892849",
    "movie_id": "103273",
    "author": "sunn****",
    "review": "'굿나잇'안에 그렇게 많은 감정이 들어가있는 줄은 몰랐다.줄리엣 비노쉬라 살릴 수 있는 내면연기는 최고!",
    "rating": "10",
    "date": "14.07.07"
  },
  {
    "review_id": "8892709",
    "movie_id": "103273",
    "author": "jiin****",
    "review": "영상과 스토리 모두 너무 좋았습니다♥많은 대사가 없어도 굿나잇 한마디로 모든것을 전달 해주는 영화",
    "rating": "10",
    "date": "14.07.07"
  },
  {
    "review_id": "8891831",
    "movie_id": "103273",
    "author": "jbkj****",
    "review": "마음이 너무 무거워지지만 한번쯤 꼭 봐야할, 생각이 많아지는 영화",
    "rating": "6",
    "date": "14.07.06"
  },
  {
    "review_id": "8891747",
    "movie_id": "103273",
    "author": "jmj1****",
    "review": "아내이고 엄마이기 전에, 그녀는 한 인간이었다. 인간으로서, 신념을 가지고 산다는 것은 그 사람을 살아있게 만든다. 그녀의 결정은 매우 힘들었지만, 그 만큼 그녀의 선택을 이해하고 존중해주는 가족들이 있기 때문에 그녀는 행복할 것이다.",
    "rating": "10",
    "date": "14.07.06"
  },
  {
    "review_id": "8891530",
    "movie_id": "103273",
    "author": "ppoo****",
    "review": "보고 나서는 가슴울 먹먹하게 만들고,  조금 지나면 스토리와 상황을 되뇌이게 만드는 잘 만든 영화.",
    "rating": "10",
    "date": "14.07.06"
  },
  {
    "review_id": "8891406",
    "movie_id": "103273",
    "author": "mj79****",
    "review": "영상미,구도가 멋지네요,,, 연기가 젤 압권~~",
    "rating": "10",
    "date": "14.07.06"
  },
  {
    "review_id": "8891144",
    "movie_id": "103273",
    "author": "alff****",
    "review": "여러가지많을 생각하게해주는 멋진 영화입니다..!!",
    "rating": "10",
    "date": "14.07.06"
  },
  {
    "review_id": "8889033",
    "movie_id": "103273",
    "author": "7j20****",
    "review": "딸의 차라리 엄마가 죽으면 편할꺼 같애요 라는 대사가 참 와닿았던 종군기자로써의 사명감과 가정 사이에서 갈등하는 비단 가정과 직장사이뿐만아니라 모든 역할에서 균형을 맞춰가며 생활해야하는 우리의 인생을 그려주고 있네요",
    "rating": "9",
    "date": "14.07.06"
  },
  {
    "review_id": "8888964",
    "movie_id": "103273",
    "author": "chab****",
    "review": "엄마가 좀 그래..이기적이야..나아~쁜 사람..ㅠ ㅜ",
    "rating": "9",
    "date": "14.07.06"
  },
  {
    "review_id": "8884592",
    "movie_id": "103273",
    "author": "mood****",
    "review": "많은  생각을 하게 만드네요... 모든 순간이 선택이겠지만..  줄리엣 비노쉬의  명연기 였습니다..  항상 일이 먼저임을 기꺼이  이해해주는  나의 가족...  감사하고 행복한걸  잊고 살았나 봅니다. 영화 잘 봤습니다..^^",
    "rating": "10",
    "date": "14.07.05"
  },
  {
    "review_id": "8884577",
    "movie_id": "103273",
    "author": "blue****",
    "review": "오늘 보고왓습니다 주인공의 아픔과 더불어 아프리카 전쟁의 땅의 아픔으로 나아가 생각하게 하는 의미잇는 영화엿습니다 무한한 감동보다는 아픔과 먹먹함이 남는 영화엿습니다 특히 마지막장면 ㅠㅠ 중간중간 에 표현된 자연풍경도 좋앗구요^^",
    "rating": "10",
    "date": "14.07.05"
  },
  {
    "review_id": "8883164",
    "movie_id": "103273",
    "author": "534k****",
    "review": "그냥 10점 줄란다...",
    "rating": "10",
    "date": "14.07.04"
  },
  {
    "review_id": "8883071",
    "movie_id": "103273",
    "author": "euns****",
    "review": "줄리엣 비노쉬 최고임 영화도 역시",
    "rating": "9",
    "date": "14.07.04"
  },
  {
    "review_id": "8883028",
    "movie_id": "103273",
    "author": "esch****",
    "review": "어쩌면 마지막일지도 모르는 작별인사를.. 정말 울컥이네요.",
    "rating": "10",
    "date": "14.07.04"
  },
  {
    "review_id": "8883005",
    "movie_id": "103273",
    "author": "rlax****",
    "review": "보기 드문 수작입니다~",
    "rating": "10",
    "date": "14.07.04"
  },
  {
    "review_id": "8882997",
    "movie_id": "103273",
    "author": "myun****",
    "review": "공감 백프로! 연기는 말할 것도 없다..",
    "rating": "10",
    "date": "14.07.04"
  },
  {
    "review_id": "8882991",
    "movie_id": "103273",
    "author": "duwl****",
    "review": "영화 속 줄리엣 비노쉬의 삶에 큰 감명을 받았습니다. 좋은 영화네요.",
    "rating": "8",
    "date": "14.07.04"
  },
  {
    "review_id": "8882789",
    "movie_id": "103273",
    "author": "efu7****",
    "review": "자신의 신념과 사랑하는 가족 사이에서 고뇌하는 그녀.. 많은 생각을 하게 해주는 영화였어요.. 줄리엣비노쉬의 연기 최고!",
    "rating": "10",
    "date": "14.07.04"
  },
  {
    "review_id": "8882768",
    "movie_id": "103273",
    "author": "dbsk****",
    "review": "긴 여운이 남는 영화 입니다 강력 추천!!",
    "rating": "10",
    "date": "14.07.04"
  },
  {
    "review_id": "8882759",
    "movie_id": "103273",
    "author": "whit****",
    "review": "가족과 나의 일에 대해 생각해 보게 되는 영화였어요.레베카의 고뇌가 남의 일 같지 않아서 가슴아팠어요 ㅠㅠ꼭 여자라서가 아니라 위험한 일을 가지고 있는 사람들이라면 누구나 공감할 수 있을 무한 감동 영화에요!!1점 깎은건..좀...마이 잔잔",
    "rating": "9",
    "date": "14.07.04"
  },
  {
    "review_id": "8882742",
    "movie_id": "103273",
    "author": "blac****",
    "review": "줄리엣 비노쉬의 잔잔한 연기가 더 가슴을 애렸던  영화입니다.현실에서 앞으로 제가 직면하게 될 수도 있는영화라 깊이 몰두해서 봤네요.",
    "rating": "9",
    "date": "14.07.04"
  },
  {
    "review_id": "8880660",
    "movie_id": "103273",
    "author": "juce****",
    "review": "일과 가족 사이에서 고민하는 그녀의 갈등이 가슴아프네요.. 오랜만에 좋은영화 보았습니다",
    "rating": "10",
    "date": "14.07.03"
  },
  {
    "review_id": "8880439",
    "movie_id": "103273",
    "author": "pigb****",
    "review": "최고입니다.무한감동!!!",
    "rating": "10",
    "date": "14.07.03"
  },
  {
    "review_id": "8879974",
    "movie_id": "103273",
    "author": "kdyi****",
    "review": "역시 기대를 져버리지  않는 영화였습니다.. 참  결정하기 힘든상황이네요.. 자신의 신념도 중요하고.. 소중한 가족도 중요하고 ... 누구나 한번쯤은  고민하지 않을까 합니다.",
    "rating": "9",
    "date": "14.07.03"
  }
]