[
  {
    "review_id": "10255838",
    "movie_id": "103321",
    "author": "ther****",
    "review": "로즈번 알랴뷰 ♥♥♥♥",
    "rating": "10",
    "date": "15.08.20"
  },
  {
    "review_id": "10197194",
    "movie_id": "103321",
    "author": "ddda****",
    "review": "화장실 유머가 주를 이루지만 전개과정이 억지스럽지 않아서 좋았습니다 ~ 간만에 재밌는 코미디 영화 한편을 찾은 기분 ~!",
    "rating": "10",
    "date": "15.08.07"
  },
  {
    "review_id": "10178506",
    "movie_id": "103321",
    "author": "sehe****",
    "review": "잭에프론 감상하는것만으로도 감사하다 ㅜㅜ",
    "rating": "10",
    "date": "15.08.03"
  },
  {
    "review_id": "10178211",
    "movie_id": "103321",
    "author": "cont****",
    "review": "품격이 높아진 화장실 코메디.",
    "rating": "7",
    "date": "15.08.03"
  },
  {
    "review_id": "10143439",
    "movie_id": "103321",
    "author": "toha****",
    "review": "이웃간 소음 문제. 유쾌하게 잘 만들었다.",
    "rating": "7",
    "date": "15.07.26"
  },
  {
    "review_id": "10125806",
    "movie_id": "103321",
    "author": "sde0****",
    "review": "첨부터 끝까지 지루하지 않고 재미있게 볼수있는 영화!!! 쵝오쵝오♡ 에프론 몸매ㅠ대박♡",
    "rating": "8",
    "date": "15.07.21"
  },
  {
    "review_id": "10112379",
    "movie_id": "103321",
    "author": "elbo****",
    "review": "ㅋㅋㅋ아놔ㅋㅋ잭에프론 심각해있을때 전자담배 피는 이부분이 왜케 웃기던지 ㅋㅋ",
    "rating": "10",
    "date": "15.07.17"
  },
  {
    "review_id": "10080767",
    "movie_id": "103321",
    "author": "hiky****",
    "review": "킬링타임 그자체ㅋ 잭에프론 이런역할 너무 잘어울림...요즘 실제로도 막나가는듯한모습보여줘서...암튼 미국이니까 가능한 이웃얘기ㅋㅋ 대학생클럽하우스라던지 등등",
    "rating": "6",
    "date": "15.07.08"
  },
  {
    "review_id": "10076019",
    "movie_id": "103321",
    "author": "bcwh****",
    "review": "보다가 졸음이 와서 졸았는데 깨어보니 개운해진 영화",
    "rating": "1",
    "date": "15.07.06"
  },
  {
    "review_id": "10074461",
    "movie_id": "103321",
    "author": "jjcv****",
    "review": "더럽긴한데 ㅋㅋㅋ잭에프론 이제 완전  저런역도 어울리는구나",
    "rating": "7",
    "date": "15.07.06"
  },
  {
    "review_id": "10051278",
    "movie_id": "103321",
    "author": "byul****",
    "review": "팝콘 먹으며 가볍게 즐기기에 좋을듯싶어 보고있으면.. 절반도 못지나 지루해지는 영화",
    "rating": "6",
    "date": "15.06.29"
  },
  {
    "review_id": "10049850",
    "movie_id": "103321",
    "author": "dora****",
    "review": "얘들은 코미디영화 하나를 만들어도 이렇게 훈훈하게 만든다. 인생이 묻어있다 ㅠ",
    "rating": "10",
    "date": "15.06.28"
  },
  {
    "review_id": "10048944",
    "movie_id": "103321",
    "author": "sage****",
    "review": "넘웃기다ㅋㅋㅋ코미디에충실한영화...이런영화보면 크다고느낀일도 우습게느껴진다! 잭에프론은 잘 성장하는듯 레오나르도 디카프리오 느낌남",
    "rating": "9",
    "date": "15.06.28"
  },
  {
    "review_id": "10048513",
    "movie_id": "103321",
    "author": "milk****",
    "review": "나도 한번만 미국 파티 가고싶다 ㅜㅜ... 이제.늦었겠지...",
    "rating": "7",
    "date": "15.06.28"
  },
  {
    "review_id": "10047027",
    "movie_id": "103321",
    "author": "joy1****",
    "review": "나름나름재밌었어유ㅎㅎ",
    "rating": "8",
    "date": "15.06.28"
  },
  {
    "review_id": "9989479",
    "movie_id": "103321",
    "author": "dhka****",
    "review": "미국식 블랙코미디지만 적당히 더럽고 선을 넘지않아서 좋다. 잭에프론의 몸매 시위로 여자들이 보기에 더 좋다. 특별함은 없지만 소위 병맛개그를 제대로 보여주는 영화",
    "rating": "8",
    "date": "15.06.11"
  },
  {
    "review_id": "9971571",
    "movie_id": "103321",
    "author": "kid0****",
    "review": "한시도 지루할 틈이 없다 기존의 코미디와는 다름",
    "rating": "9",
    "date": "15.06.03"
  },
  {
    "review_id": "9939478",
    "movie_id": "103321",
    "author": "kore****",
    "review": "무난히볼수있는 킬링타임용",
    "rating": "8",
    "date": "15.05.22"
  },
  {
    "review_id": "9916924",
    "movie_id": "103321",
    "author": "hlo1****",
    "review": "코믹코믹정말 제 취향임너무 재밌어요",
    "rating": "9",
    "date": "15.05.14"
  },
  {
    "review_id": "9852109",
    "movie_id": "103321",
    "author": "siwo****",
    "review": "보는내내즐거웠다!!",
    "rating": "9",
    "date": "15.04.19"
  },
  {
    "review_id": "9802462",
    "movie_id": "103321",
    "author": "wjsr****",
    "review": "쿵짝이 척척 맞는 만담부부를 보는 유쾌함... 오버스럽고 희화화된면이 있지만 은근히 저런 관계가 부럽기도 하다",
    "rating": "7",
    "date": "15.03.23"
  },
  {
    "review_id": "9789525",
    "movie_id": "103321",
    "author": "sa02****",
    "review": "세스로건식 유쾌한 코미디영화.",
    "rating": "8",
    "date": "15.03.17"
  },
  {
    "review_id": "9785201",
    "movie_id": "103321",
    "author": "lllj****",
    "review": "난배트맨이다하고 덤블링 점프할때 숨멎는줄ㅋㅋㅋ",
    "rating": "10",
    "date": "15.03.15"
  },
  {
    "review_id": "9753642",
    "movie_id": "103321",
    "author": "djaw****",
    "review": "나는 재밌었는데 생각보다 평점이낮지?? 미국식 코미디 굿굿",
    "rating": "10",
    "date": "15.03.03"
  },
  {
    "review_id": "9718847",
    "movie_id": "103321",
    "author": "jjj8****",
    "review": "별점먼저 주고 봐야지  ㄴㅋㅋ",
    "rating": "10",
    "date": "15.02.20"
  },
  {
    "review_id": "9715530",
    "movie_id": "103321",
    "author": "sd16****",
    "review": "꽤 잼난데? 평점 평균을 올리고 파서 ㅋ",
    "rating": "10",
    "date": "15.02.19"
  },
  {
    "review_id": "9698688",
    "movie_id": "103321",
    "author": "sang****",
    "review": "너무 재밌게 봤음 ㅋㅋ 이런 코미디영화가 끝에는 흐지부지한데 뭐 이정도의 결말이면 괜찮은듯",
    "rating": "9",
    "date": "15.02.15"
  },
  {
    "review_id": "9682490",
    "movie_id": "103321",
    "author": "kmh0****",
    "review": "평범하고 흔한디 흔한 킬링 코메디",
    "rating": "6",
    "date": "15.02.09"
  },
  {
    "review_id": "9663500",
    "movie_id": "103321",
    "author": "ken9****",
    "review": "잭성님의 연기는 항상 섹시하며 멋있다.",
    "rating": "10",
    "date": "15.02.03"
  },
  {
    "review_id": "9642161",
    "movie_id": "103321",
    "author": "qhrt****",
    "review": "가볍게 웃고 즐길 수 있는 킬링타임용 코미디 영화! 세스 로건의 코믹 연기는 언제봐도 참 재밌다 ㅋㅋ",
    "rating": "7",
    "date": "15.01.27"
  },
  {
    "review_id": "9616968",
    "movie_id": "103321",
    "author": "dkdl****",
    "review": "아메리칸 코드에 맞아서 그런지 크게 웃지는 않았지만 중간중간 피식하면서 유쾌하게 보았고 저질유머와 병맛스토리가 흘러넘쳐도  아메리칸식 코미디를 좋아한다면 재미있게 볼듯",
    "rating": "8",
    "date": "15.01.20"
  },
  {
    "review_id": "9612318",
    "movie_id": "103321",
    "author": "tlaq****",
    "review": "다른 아메리칸 코믹류 보단 한국식 코드에 어울려서 잼있게 볼수있는 영화",
    "rating": "8",
    "date": "15.01.19"
  },
  {
    "review_id": "9591956",
    "movie_id": "103321",
    "author": "ya84****",
    "review": "어.. 그냥 꽤 볼만 했다ㅋㅋ나쁘지않았다",
    "rating": "8",
    "date": "15.01.14"
  },
  {
    "review_id": "9576239",
    "movie_id": "103321",
    "author": "2005****",
    "review": "내가너무좋아하는배우듳 쵝유",
    "rating": "10",
    "date": "15.01.09"
  },
  {
    "review_id": "9576196",
    "movie_id": "103321",
    "author": "clfc****",
    "review": "잭 에프론  눈호강말고는 별감흥없었네요. 기대를해서그런가...세스로건나와서 코미디 기대했는데 그닥재미는 ㅠㅠ 스토리도 좀 엉성...",
    "rating": "5",
    "date": "15.01.09"
  },
  {
    "review_id": "9558381",
    "movie_id": "103321",
    "author": "nooy****",
    "review": "귀여운  복수가 코믹하다.",
    "rating": "7",
    "date": "15.01.03"
  },
  {
    "review_id": "9544283",
    "movie_id": "103321",
    "author": "eunb****",
    "review": "가볍게보기에 괜찮은영화! 미국에서 놀던 생각나네요 ㅎㅎ",
    "rating": "7",
    "date": "15.01.01"
  },
  {
    "review_id": "9523091",
    "movie_id": "103321",
    "author": "ichi****",
    "review": "그냥 웃고 즐길만한 킬링타임용 코미디",
    "rating": "7",
    "date": "14.12.27"
  },
  {
    "review_id": "9504547",
    "movie_id": "103321",
    "author": "siha****",
    "review": "세스 로건 영화는 아무 생각없이 킬링타임용으로 볼만함ㅋㅋㅋ 그냥 웃어 넘기면 그만~",
    "rating": "6",
    "date": "14.12.23"
  },
  {
    "review_id": "9469846",
    "movie_id": "103321",
    "author": "kjho****",
    "review": "일단 막장은 좋으나.. 큰 재미는 없음",
    "rating": "7",
    "date": "14.12.13"
  },
  {
    "review_id": "9433887",
    "movie_id": "103321",
    "author": "dkdl****",
    "review": "페니스로 목걸이처럼 걸다니...! 문화 충격 ㅋㅋㅋ 상상 이상이다",
    "rating": "9",
    "date": "14.11.30"
  },
  {
    "review_id": "9431593",
    "movie_id": "103321",
    "author": "muda****",
    "review": "재미있게 보았습니다.문화적 차이는 있는 코메디코드였지만, 아베크롬비 매장앞 장면은 여운이남에요.",
    "rating": "8",
    "date": "14.11.29"
  },
  {
    "review_id": "9419237",
    "movie_id": "103321",
    "author": "king****",
    "review": "역시 잭에프론ㅎㅎㅎ 핏은 쥑이네요",
    "rating": "5",
    "date": "14.11.24"
  },
  {
    "review_id": "9392331",
    "movie_id": "103321",
    "author": "ssys****",
    "review": "코믹영화 같은데 별로 웃기지도 않고, 그냥 킬링타임용이네요....",
    "rating": "5",
    "date": "14.11.16"
  },
  {
    "review_id": "9391914",
    "movie_id": "103321",
    "author": "inst****",
    "review": "미국의 무분별한 파티문화를 꼬집는듯.. 두번정도 웃음이 있었긴 하지만 전체적으로 그냥 평범한 미국식 코미디영화정도..",
    "rating": "6",
    "date": "14.11.16"
  },
  {
    "review_id": "9381011",
    "movie_id": "103321",
    "author": "joot****",
    "review": "배꼽 빠지게  웃다가 마지막엔 왠지 짠한 그런 영화",
    "rating": "8",
    "date": "14.11.13"
  },
  {
    "review_id": "9358264",
    "movie_id": "103321",
    "author": "myso****",
    "review": "여유로운 주말에 가볍게 보고 즐길수 있는 오랜만에 유쾌한 미국식 코메디였음/ 오히려 다양한 에피소드를 넣었다는 점에서 칭찬을 주고싶은 영화",
    "rating": "9",
    "date": "14.11.08"
  },
  {
    "review_id": "9353568",
    "movie_id": "103321",
    "author": "mais****",
    "review": "미국식유머에 익숙한 편인데 이코미디영화는  좀 지루함을 느꼈음",
    "rating": "3",
    "date": "14.11.08"
  },
  {
    "review_id": "9338644",
    "movie_id": "103321",
    "author": "beck****",
    "review": "소음(층간소음)에 대처하는 방법",
    "rating": "7",
    "date": "14.11.03"
  },
  {
    "review_id": "9331556",
    "movie_id": "103321",
    "author": "yong****",
    "review": "서양 영화에서의 유머 코드는 대부분 19금에 맞춰져있다. 그런데 불쾌하기 보다 그런한 유머가 오히려 흥미롭고 재밌다. 문화가 달라서 완전히 이해하기 어렵지만 영화 많이 본 사람들은 중간중간 웃음이 배가되는 장면이 있다. 부럽다 서양의 저런 문화가",
    "rating": "8",
    "date": "14.10.31"
  },
  {
    "review_id": "9326419",
    "movie_id": "103321",
    "author": "mtmt****",
    "review": "테디 집 2층에서 세스로건이랑 잭애프론 싸울때 웃겨 디지는줄 ㅋㅋㅋ",
    "rating": "9",
    "date": "14.10.29"
  },
  {
    "review_id": "9321012",
    "movie_id": "103321",
    "author": "real****",
    "review": "재미없음. 미국식유머고 나발이고 별로 안웃김. 여긴 알바천국인가? 사실 1점짜리까진아닌데 영화에 비해 평점이 너무 높아 평균낮추려고 1점줍니다.",
    "rating": "1",
    "date": "14.10.27"
  },
  {
    "review_id": "9320243",
    "movie_id": "103321",
    "author": "kyle****",
    "review": "생각보다 지루함..겨우 겨우 스킵안하면서 보는정도",
    "rating": "6",
    "date": "14.10.26"
  },
  {
    "review_id": "9317598",
    "movie_id": "103321",
    "author": "gim9****",
    "review": "이렇게 유쾌한 19금 코미디 영화가 있다니... 정말 재밌어요. 강력 추천!!",
    "rating": "10",
    "date": "14.10.26"
  },
  {
    "review_id": "9308195",
    "movie_id": "103321",
    "author": "kim1****",
    "review": "세스 로건의 미국식 코미디의 진수!!",
    "rating": "10",
    "date": "14.10.22"
  },
  {
    "review_id": "9307112",
    "movie_id": "103321",
    "author": "dbwl****",
    "review": "예고랑 평점에속았다..재미없다..4천원아깝다잉",
    "rating": "4",
    "date": "14.10.22"
  },
  {
    "review_id": "9299358",
    "movie_id": "103321",
    "author": "wjsg****",
    "review": "세스로건 영화중에 제일 재미없다.",
    "rating": "3",
    "date": "14.10.18"
  },
  {
    "review_id": "9298628",
    "movie_id": "103321",
    "author": "rlax****",
    "review": "저질 개그가 많지만 미국 유학생활의  향수를 느낄 수 있었던 영화!",
    "rating": "10",
    "date": "14.10.17"
  },
  {
    "review_id": "9297505",
    "movie_id": "103321",
    "author": "love****",
    "review": "WOW, 재미적인 일회성 오락 영화로는 역대 최강인듯~ 90분내내, 쉴틈없이, 웃겨준다.",
    "rating": "9",
    "date": "14.10.17"
  },
  {
    "review_id": "9285099",
    "movie_id": "103321",
    "author": "yohe****",
    "review": "누가 나쁜이웃인지 모르겠네 ㅋㅋㅋㅋ 둘다 나쁜듯 어쩃든 재밌게 보았습니다. ㅋㅋ 애기귀엽다 그런데... 마지막에 애기 얼음먹는거 설마 마약? 아니겠죠?",
    "rating": "6",
    "date": "14.10.11"
  },
  {
    "review_id": "9284568",
    "movie_id": "103321",
    "author": "bear****",
    "review": "정통 미국식 코미디? 딱 내 취향이다 기대안하고 봤는데 재미있었음",
    "rating": "8",
    "date": "14.10.11"
  },
  {
    "review_id": "9284076",
    "movie_id": "103321",
    "author": "oks3****",
    "review": "성우더빙하면 더  재밌을것같음",
    "rating": "5",
    "date": "14.10.11"
  },
  {
    "review_id": "9281231",
    "movie_id": "103321",
    "author": "nimp****",
    "review": "이런류의 영화좋아하는데, 이건좀지루했다! 별로였다..",
    "rating": "4",
    "date": "14.10.10"
  },
  {
    "review_id": "9274983",
    "movie_id": "103321",
    "author": "2328****",
    "review": "a뭐 그저그런 내취향은 아니었다",
    "rating": "3",
    "date": "14.10.08"
  },
  {
    "review_id": "9273605",
    "movie_id": "103321",
    "author": "hell****",
    "review": "유쾌한 앙숙. 남일같지가 않다.",
    "rating": "7",
    "date": "14.10.08"
  },
  {
    "review_id": "9272995",
    "movie_id": "103321",
    "author": "jess****",
    "review": "굿재미잇게보앗습니당",
    "rating": "10",
    "date": "14.10.08"
  },
  {
    "review_id": "9272536",
    "movie_id": "103321",
    "author": "dlwo****",
    "review": "공감대가 형성되지는 않음..",
    "rating": "6",
    "date": "14.10.07"
  },
  {
    "review_id": "9267199",
    "movie_id": "103321",
    "author": "mi86****",
    "review": "뭔가 재미도 스토리도 어정쩡한 점이 아쉽다",
    "rating": "6",
    "date": "14.10.05"
  },
  {
    "review_id": "9265934",
    "movie_id": "103321",
    "author": "yosj****",
    "review": "재미있게 너무 잘봤어요 ㅎㅎㅎㅎ",
    "rating": "10",
    "date": "14.10.05"
  },
  {
    "review_id": "9264696",
    "movie_id": "103321",
    "author": "dbzh****",
    "review": "별 재미는 없는디...",
    "rating": "5",
    "date": "14.10.05"
  },
  {
    "review_id": "9254643",
    "movie_id": "103321",
    "author": "rudw****",
    "review": "쓰레기 노잼.ㄹㅇ ㄱㄴ귻ㄱㅅ?",
    "rating": "1",
    "date": "14.10.02"
  },
  {
    "review_id": "9252894",
    "movie_id": "103321",
    "author": "bbag****",
    "review": "이런 코메디영화 너무 좋아요 ~!!!",
    "rating": "10",
    "date": "14.10.01"
  },
  {
    "review_id": "9250087",
    "movie_id": "103321",
    "author": "kst1****",
    "review": "볼만한거같더군요ㅋㅋ",
    "rating": "7",
    "date": "14.09.30"
  },
  {
    "review_id": "9250066",
    "movie_id": "103321",
    "author": "brai****",
    "review": "웃기고, 나름 재밌네. ㅋㅋ",
    "rating": "8",
    "date": "14.09.30"
  },
  {
    "review_id": "9248896",
    "movie_id": "103321",
    "author": "jjon****",
    "review": "7점. 뚜루뚜뚜두~뚜루뚜두두~뚜루뚜뚜~뚜루뚜두두~",
    "rating": "7",
    "date": "14.09.29"
  },
  {
    "review_id": "9244363",
    "movie_id": "103321",
    "author": "kimg****",
    "review": "크게 웃기지는 않고 지속적으로 작은 피식만 유발",
    "rating": "6",
    "date": "14.09.27"
  },
  {
    "review_id": "9244227",
    "movie_id": "103321",
    "author": "izzo****",
    "review": "로즈번이 젤루 웃기다. 은근 이런게 땡길때가 있다.",
    "rating": "7",
    "date": "14.09.27"
  },
  {
    "review_id": "9243952",
    "movie_id": "103321",
    "author": "roth****",
    "review": "허니잼 꿀잼 버터잼ㅋ ㅈㄴ웃ㄱㅁ",
    "rating": "9",
    "date": "14.09.27"
  },
  {
    "review_id": "9241135",
    "movie_id": "103321",
    "author": "cnrw****",
    "review": "엄청 웃긴데 평점이 낮네",
    "rating": "10",
    "date": "14.09.25"
  },
  {
    "review_id": "9239832",
    "movie_id": "103321",
    "author": "goaj****",
    "review": "너무너무 웃고갑니다!",
    "rating": "9",
    "date": "14.09.25"
  },
  {
    "review_id": "9238860",
    "movie_id": "103321",
    "author": "love****",
    "review": "오버와 억지스러울지언정 꿀잼",
    "rating": "8",
    "date": "14.09.24"
  },
  {
    "review_id": "9237369",
    "movie_id": "103321",
    "author": "kamj****",
    "review": "내 정서에는 안맞더라.",
    "rating": "6",
    "date": "14.09.24"
  },
  {
    "review_id": "9237259",
    "movie_id": "103321",
    "author": "gnst****",
    "review": "꽤 괜찮게 집에서 즐겁게 봤습니다~~^^ 마지막에는 훈훈한 영화 ㅎㅎ",
    "rating": "7",
    "date": "14.09.23"
  },
  {
    "review_id": "9236768",
    "movie_id": "103321",
    "author": "woos****",
    "review": "그 이상도 이하도 아닌 전형적인 미국식 화장실 유머",
    "rating": "6",
    "date": "14.09.23"
  },
  {
    "review_id": "9236380",
    "movie_id": "103321",
    "author": "sksd****",
    "review": "귀엽고 즐겁게 관람했다",
    "rating": "10",
    "date": "14.09.23"
  },
  {
    "review_id": "9234839",
    "movie_id": "103321",
    "author": "radi****",
    "review": "난잡한 화장실 유머인 듯 연출했지만 왠지모르게 미소지어지는 영화",
    "rating": "8",
    "date": "14.09.22"
  },
  {
    "review_id": "9234117",
    "movie_id": "103321",
    "author": "nibb****",
    "review": "첨부터 끝까지 일부라도 지루한 데가 있음",
    "rating": "7",
    "date": "14.09.22"
  },
  {
    "review_id": "9230180",
    "movie_id": "103321",
    "author": "looo****",
    "review": "결혼 하면 이부부처럼재미지게살고싶었어요",
    "rating": "10",
    "date": "14.09.21"
  },
  {
    "review_id": "9220371",
    "movie_id": "103321",
    "author": "suga****",
    "review": "우리나라 정서와 안 맞아서 그런지 코미디 장르지만 그냥 피식하며 웃는정도..그이상,그이하도 아닌듯",
    "rating": "5",
    "date": "14.09.17"
  },
  {
    "review_id": "9220246",
    "movie_id": "103321",
    "author": "bom1****",
    "review": "스토리는 그냥 그렇지만 병맛으로 계속 웃김ㅋ",
    "rating": "7",
    "date": "14.09.17"
  },
  {
    "review_id": "9218621",
    "movie_id": "103321",
    "author": "jiny****",
    "review": "역시 나는 미국식 코미디코드가 맞는것같다라는 생각을 들게 한 영화이고 무엇보다 세스로건과 로즈 번의 부부연기가 압도적이였습니다 하지만 이영화에도 단점이있다면 스토리가 개연성이 없다는것인데 그래도 잭 에프론도 파티협회회장역할을 준수히 해낸것같습니다. 꿀",
    "rating": "7",
    "date": "14.09.16"
  },
  {
    "review_id": "9217478",
    "movie_id": "103321",
    "author": "merr****",
    "review": "재밌네요 ㅎㅎ 시종일관 유쾌하고 재밌었습니다.",
    "rating": "7",
    "date": "14.09.15"
  },
  {
    "review_id": "9215603",
    "movie_id": "103321",
    "author": "scre****",
    "review": "정서상 안맞는 킬링타임~~",
    "rating": "4",
    "date": "14.09.14"
  },
  {
    "review_id": "9214128",
    "movie_id": "103321",
    "author": "dial****",
    "review": "그냥 기분 좋은 영화라고 해야되나. 이렇게 살 지 못할 거 알지만 그래도 보는 것만으로도 즐거운 영화였다.이게 영화의 묘미가 아닌가 싶다.",
    "rating": "8",
    "date": "14.09.14"
  },
  {
    "review_id": "9212829",
    "movie_id": "103321",
    "author": "sata****",
    "review": "세스 로건이 귀여워서 8점 준다. ㅋㅋ",
    "rating": "8",
    "date": "14.09.14"
  },
  {
    "review_id": "9210873",
    "movie_id": "103321",
    "author": "pose****",
    "review": "유쾌하고 재밌는 영화다한국도 저런 파티문화가 있다면 좋겠단 생각을 해봄",
    "rating": "7",
    "date": "14.09.13"
  },
  {
    "review_id": "9207712",
    "movie_id": "103321",
    "author": "mete****",
    "review": "그럭저럭 웃겨주는 영화. 아기가 너무 귀엽다.",
    "rating": "7",
    "date": "14.09.12"
  },
  {
    "review_id": "9206909",
    "movie_id": "103321",
    "author": "hera****",
    "review": "미국식 코미디를 좋아한다면 강추",
    "rating": "8",
    "date": "14.09.12"
  },
  {
    "review_id": "9206033",
    "movie_id": "103321",
    "author": "jsh1****",
    "review": "나도 22살 대학생인데 저런 파티 한번 못하고 있다는게 참 우울하네",
    "rating": "10",
    "date": "14.09.12"
  },
  {
    "review_id": "9205547",
    "movie_id": "103321",
    "author": "whdt****",
    "review": "지루하지않고 계속 웃음거리가 있어서 좋았어요",
    "rating": "8",
    "date": "14.09.11"
  }
]