[
  {
    "review_id": "9849818",
    "movie_id": "103387",
    "author": "pihw****",
    "review": "독특한 화면과 구성 사극중 다른느낌이었다",
    "rating": "8",
    "date": "15.04.17"
  },
  {
    "review_id": "9467548",
    "movie_id": "103387",
    "author": "i971****",
    "review": "연개소문 역에 최민수 뺴면 건질거 없는 졸작 드라마.",
    "rating": "1",
    "date": "14.12.12"
  },
  {
    "review_id": "8755674",
    "movie_id": "103387",
    "author": "waij****",
    "review": "첫회의 너무 과감하다 못해 기괴한 360도만 없었어도..",
    "rating": "10",
    "date": "14.05.23"
  },
  {
    "review_id": "8548910",
    "movie_id": "103387",
    "author": "skak****",
    "review": "저는 재밌었음..  물론 중간중간에 액션씬도 너무 허술했고 배경음악도 사극드라마와 어울리지는 않았지만 저는 전부작을 다운받아서 본지라 중요하지않은부분은 그냥 넘겨서 봐서 지루함은 그닥 느끼지 않았음..역사드라마 보단 사극로맨스쪽에 관심있는분은 보세요",
    "rating": "10",
    "date": "14.03.01"
  },
  {
    "review_id": "8443753",
    "movie_id": "103387",
    "author": "pson****",
    "review": "20화 까지 다 봤습니다. 문제를 하나꼽자면 전개의 개연성이 부족하네요.그래도 나름 볼만한 드라마인듯.. 이거 1점 준사람들 이해가 안되네요. 1점준 사람들은 다들 작품성좋은 드라마만 보고사시나.. 1점짜리는  절대아니에요 20편 다보고 말을하세요",
    "rating": "6",
    "date": "14.01.29"
  },
  {
    "review_id": "8105340",
    "movie_id": "103387",
    "author": "blue****",
    "review": "태웅오빠♥ 종영된지 한참 됫지만 이제봐서 죄송해요ㅠㅜ",
    "rating": "10",
    "date": "13.10.31"
  },
  {
    "review_id": "8062093",
    "movie_id": "103387",
    "author": "pgs0****",
    "review": "1,2회떄문에 깎아먹고 난무한 점도 있었으나 이렇게까지 저평가 받기에는 연기자들의 연기실력이 아깝다",
    "rating": "9",
    "date": "13.10.15"
  },
  {
    "review_id": "8019599",
    "movie_id": "103387",
    "author": "mygr****",
    "review": "포장은 그럴듯한데 긴장감이 전혀 없다.",
    "rating": "5",
    "date": "13.09.28"
  },
  {
    "review_id": "7965477",
    "movie_id": "103387",
    "author": "f421****",
    "review": "비화 음원 언제 나오나요",
    "rating": "10",
    "date": "13.09.11"
  },
  {
    "review_id": "7950962",
    "movie_id": "103387",
    "author": "phan****",
    "review": "이 드라마가 이렇게까지 박한 평가를 받을 정도는 아닌 것 같은데... 최민수와 김영철, 엄태웅, 온주완, 노민우, 김옥빈 등 연기가 좋았습니다. 요즘 드라마답지 않게 드라마 전반에서 흐르는 장엄하고 진지한 무게감을 저는 좋게 보았습니다.",
    "rating": "10",
    "date": "13.09.05"
  },
  {
    "review_id": "7950916",
    "movie_id": "103387",
    "author": "whdg****",
    "review": "그냥 노민우인가 ? 그사람홍보드라마로보임 말도안되는결말 2013년최고의졸작일듯 엄태웅이이런드라마에나온게아까움",
    "rating": "1",
    "date": "13.09.05"
  },
  {
    "review_id": "7940908",
    "movie_id": "103387",
    "author": "61ki****",
    "review": "ㅠ 주군의태양이 짜응!!",
    "rating": "1",
    "date": "13.09.01"
  },
  {
    "review_id": "7936157",
    "movie_id": "103387",
    "author": "jims****",
    "review": "여백의 미",
    "rating": "9",
    "date": "13.08.30"
  },
  {
    "review_id": "7935974",
    "movie_id": "103387",
    "author": "kimt****",
    "review": "역사드라마는 다똑같다 존나 재미없다",
    "rating": "1",
    "date": "13.08.30"
  },
  {
    "review_id": "7935113",
    "movie_id": "103387",
    "author": "kt75****",
    "review": "배우들이 아깝다 최민수와 김영철로도 못살려내다니",
    "rating": "1",
    "date": "13.08.30"
  },
  {
    "review_id": "7935038",
    "movie_id": "103387",
    "author": "eric****",
    "review": "1점도 아까움",
    "rating": "1",
    "date": "13.08.30"
  },
  {
    "review_id": "7934619",
    "movie_id": "103387",
    "author": "free****",
    "review": "긴 호흡..뻔하지 않은 감정처리와  배우들의  탁월한  연기력.매 회 마지막 장면은 숨도  쉴  수  없어요. 멋있는  드라마 !  !  !결말이  기대됩니다~",
    "rating": "10",
    "date": "13.08.30"
  },
  {
    "review_id": "7933883",
    "movie_id": "103387",
    "author": "para****",
    "review": "최고  누구는욕하지만  나는연기자들연기력이며 배경음악까지최고의드라마인듯대사보다 배경보다 인물보다연기자의연기력에 몰입되게하는최고의드라마",
    "rating": "10",
    "date": "13.08.30"
  },
  {
    "review_id": "7932932",
    "movie_id": "103387",
    "author": "sdfg****",
    "review": "화려한 영상미,배우들의 눈빛연기,배경음악만은 최고다!!!하지만... 아쉬움이 많은 드라마..",
    "rating": "8",
    "date": "13.08.29"
  },
  {
    "review_id": "7932113",
    "movie_id": "103387",
    "author": "rhc7****",
    "review": "4화이후로 현재까지의 내용으로 첫시작을 했다면 성공했을 드라마. 4화를 견뎌라. 그러면 최고의 드라마를 볼 수 있게 될것이니.ㅋ",
    "rating": "10",
    "date": "13.08.29"
  },
  {
    "review_id": "7930106",
    "movie_id": "103387",
    "author": "ddme****",
    "review": "제가 사극을 많이 좋아합니다.  처음에는 별로였는데 갈수록 흥미진진 해지네요.  잘 보고 있습니다! 꼭 연충과 소이공주가 이루어졌으면 좋겠네요. 칼과 꽃 파이팅!!!",
    "rating": "10",
    "date": "13.08.28"
  },
  {
    "review_id": "7924595",
    "movie_id": "103387",
    "author": "tea2****",
    "review": "첫회때부터 쭈욱 시청하고 있어요 재밋게 보고잇는데 시청률이 넘 낮아서 속상해요..배우님들 힘내시고요 마지막회까지 고고!!힘내세요",
    "rating": "9",
    "date": "13.08.26"
  },
  {
    "review_id": "7916718",
    "movie_id": "103387",
    "author": "sony****",
    "review": "별진짜죽기싫은데 쓸라면 별을 줘야 해서저는 이거 한 번도 안봤는데 평점보니까 진짜 이 드라마 쓰레기인 것 같네요10점 주시고 재미있다고 하시는 분들 이해가안가네요!여러분 투윅스보세요.완전 감동임 주군의태양보다 호평좋음!꼭 투윅스 본방사수 해주세요!^^",
    "rating": "1",
    "date": "13.08.24"
  },
  {
    "review_id": "7913027",
    "movie_id": "103387",
    "author": "dike****",
    "review": "옥빈씨 연기굿!",
    "rating": "9",
    "date": "13.08.22"
  },
  {
    "review_id": "7912079",
    "movie_id": "103387",
    "author": "sexy****",
    "review": "내가 써도  이거보단  잘쓰겠다진짜  재미없다조기종영하고  다른거  해라",
    "rating": "1",
    "date": "13.08.22"
  },
  {
    "review_id": "7910418",
    "movie_id": "103387",
    "author": "tkdl****",
    "review": "재미있는데?",
    "rating": "10",
    "date": "13.08.22"
  },
  {
    "review_id": "7909972",
    "movie_id": "103387",
    "author": "lo28****",
    "review": "너무지루해...kbs드라마좋아하는데왜이걸선택햇는지의문 ...빨리종영하고..다른거햇으면좋겟네요",
    "rating": "1",
    "date": "13.08.22"
  },
  {
    "review_id": "7909656",
    "movie_id": "103387",
    "author": "kjh9****",
    "review": "쵝오다 근데왜사람들이안보는지모르겠네",
    "rating": "10",
    "date": "13.08.21"
  },
  {
    "review_id": "7892004",
    "movie_id": "103387",
    "author": "chl7****",
    "review": "역사의기록인지 왜곡인지 픽션으로만들던가 역사를토데로 픽션을만들려면 재미라도있던지 머하자는건지모르겠고 중심이공주인지 연개소문인지도모르겠고 OO같은 드라마인거같습니다 시놉안보고 시청자우롱하는드라마인건 확실하다는 느낌",
    "rating": "1",
    "date": "13.08.16"
  },
  {
    "review_id": "7889991",
    "movie_id": "103387",
    "author": "hygg****",
    "review": "카리스마 넘치는 배우들의 연기와 연남생역의 노민우님 연기 잘 보고있어요~^^날 더운데 고생하시는 연기자분들과 스텝진모든분들 건강 잘 챙기세요~^^",
    "rating": "10",
    "date": "13.08.16"
  },
  {
    "review_id": "7889941",
    "movie_id": "103387",
    "author": "ssjs****",
    "review": "연남생 출연 이후 흥미지진해지고 극의 재미도 더해지고 있습니다~~~더운 날씨에 스텝분들 출연진분들 화이삼~~~!!!!!!!!!임니다~~~~",
    "rating": "10",
    "date": "13.08.16"
  },
  {
    "review_id": "7889873",
    "movie_id": "103387",
    "author": "sh35****",
    "review": "제 2막!!공주의 복수가 시작되고 연남생(노민우)의 등장으로 긴장감이 살아났어요.앞으로 연충과 연남생의 대결에 기대해 봅니다.",
    "rating": "10",
    "date": "13.08.16"
  },
  {
    "review_id": "7889868",
    "movie_id": "103387",
    "author": "joli****",
    "review": "노민우씨 덕분에 보게 된 드라마인데요.보다보니 넘 재미있네요^^연남생 멋쪄용♥",
    "rating": "10",
    "date": "13.08.16"
  },
  {
    "review_id": "7889844",
    "movie_id": "103387",
    "author": "mj63****",
    "review": "칼과꽃잘보구 습니다 !! 앞회는조금지루햇으나,연남생이나온이후로 드라마에활력이붙은듯너무박진감있고,스릴도장난아닙니다 !!엄태웅씨랑노민우씨의대립갈등이야기가너무잼잇고조연배우들의연기들도 굿짱이예요!!연남생의역확실히극을살리는듯합니다!다들 칼과꽃보러고고씽 ~~!!",
    "rating": "10",
    "date": "13.08.16"
  },
  {
    "review_id": "7887486",
    "movie_id": "103387",
    "author": "wast****",
    "review": "재밌네요~",
    "rating": "10",
    "date": "13.08.15"
  },
  {
    "review_id": "7883804",
    "movie_id": "103387",
    "author": "tbd0****",
    "review": "와 그러심?? 주군보다 더잼는거같음 ㅋㅋ",
    "rating": "10",
    "date": "13.08.15"
  },
  {
    "review_id": "7880374",
    "movie_id": "103387",
    "author": "kmin****",
    "review": "내용을말로표현못하게씀",
    "rating": "3",
    "date": "13.08.14"
  },
  {
    "review_id": "7873582",
    "movie_id": "103387",
    "author": "dbtk****",
    "review": "저의 개인적인 생각이지만 저는 잼있어요 ㅎㅎ",
    "rating": "10",
    "date": "13.08.12"
  },
  {
    "review_id": "7869520",
    "movie_id": "103387",
    "author": "pjw5****",
    "review": "ㅎㅎ..",
    "rating": "1",
    "date": "13.08.11"
  },
  {
    "review_id": "7861386",
    "movie_id": "103387",
    "author": "sstl****",
    "review": "12회부터재밌어서 ㅣㅇ개주고갑니당ⁿⁿ",
    "rating": "10",
    "date": "13.08.09"
  },
  {
    "review_id": "7860410",
    "movie_id": "103387",
    "author": "thdn****",
    "review": "재밌네요. 1화부터 몇 편보다가 좀 지루해서 너목들 봣는데 끝나고 어제 11화부터 봤늠데 음 좋네요. 긴밀함도 있고 촬영도 맘에 들고 뭔가 특별함이 있네요.",
    "rating": "9",
    "date": "13.08.08"
  },
  {
    "review_id": "7857444",
    "movie_id": "103387",
    "author": "dllo****",
    "review": "오랫동안 기대하다가 1화 보고 너목들로 갈아탄 사람입니다 별점 2점줬었고요 너목들 끝나고 10, 11화 봤는데 너무 재밌네요ㅋㅋ분명 1화는 OOO기였고 초반에는 안 봤지만 평점들보니 그 때도 쓰레기였나보지만 적어도 지금은 재밌네요",
    "rating": "6",
    "date": "13.08.08"
  },
  {
    "review_id": "7855839",
    "movie_id": "103387",
    "author": "rewq****",
    "review": "엄태웅이 아까운 드라마 다른배우들 연기력 개똥망에 칼싸움 씬에서는 현실감도 없음 칼을 몸 옆으로 찌르는거 다보임",
    "rating": "1",
    "date": "13.08.07"
  },
  {
    "review_id": "7853815",
    "movie_id": "103387",
    "author": "ohne****",
    "review": "줄거리가 사랑얘기인데다가 요즘 유행하는 뻔하디뻔한 사극일것같아서 쳐다도 안봤는데 오늘 첨보니까 꽤 볼만하네요. 김옥빈 연기력은 아직 모르겠으나 주변배우들의 무게감 있는 연기 좋습니다.",
    "rating": "7",
    "date": "13.08.07"
  },
  {
    "review_id": "7830043",
    "movie_id": "103387",
    "author": "khja****",
    "review": "지금까지 본 사극중 젤 재미없음 느려느려",
    "rating": "1",
    "date": "13.08.03"
  },
  {
    "review_id": "7819107",
    "movie_id": "103387",
    "author": "wjda****",
    "review": "재밋는데 왜이러죠? 빨리11회햇음좋겟다 연충이가누구를도울것인지궁금",
    "rating": "10",
    "date": "13.08.02"
  },
  {
    "review_id": "7801936",
    "movie_id": "103387",
    "author": "ygs4****",
    "review": "재밌는데? 왜 그렇지?",
    "rating": "10",
    "date": "13.07.31"
  },
  {
    "review_id": "7800237",
    "movie_id": "103387",
    "author": "sunj****",
    "review": "왜? 뭐가? 씰데없이 악평들 많아서 속았다! 안 보다가 이제야 2~3회씩 몰아봤는데 잼나기만 하다. 드라마는 재밌으면 되는 거 아닌가? 글고 온주완이란 배우를 알게 됐네.. 뭔가 느낌이 있는 배우였어..의외로 눈에 띄넹! 주시하겠어~",
    "rating": "10",
    "date": "13.07.30"
  },
  {
    "review_id": "7798657",
    "movie_id": "103387",
    "author": "goss****",
    "review": "오미",
    "rating": "10",
    "date": "13.07.29"
  },
  {
    "review_id": "7798656",
    "movie_id": "103387",
    "author": "tjdb****",
    "review": "굳",
    "rating": "10",
    "date": "13.07.29"
  },
  {
    "review_id": "7798653",
    "movie_id": "103387",
    "author": "palg****",
    "review": "걍 최고",
    "rating": "10",
    "date": "13.07.29"
  },
  {
    "review_id": "7798648",
    "movie_id": "103387",
    "author": "perc****",
    "review": "배경음악은 최고다.영상미 역시 탄성이 절로 나온다.배우들의 눈빛 연기는 압권이다.철저한 구성 및 짜임새 있는 스토리!",
    "rating": "10",
    "date": "13.07.29"
  },
  {
    "review_id": "7798615",
    "movie_id": "103387",
    "author": "moir****",
    "review": "“손발이 오그라든다”",
    "rating": "1",
    "date": "13.07.29"
  },
  {
    "review_id": "7798459",
    "movie_id": "103387",
    "author": "tjdd****",
    "review": "엄태웅,김영철,최민수등 이렇게 최고급, 초호화스러운 재료들을 가져다가 만들어낸다는게 이런 쓰레기 요리라니...... 이것도 능력이라면 능력이다.",
    "rating": "1",
    "date": "13.07.29"
  },
  {
    "review_id": "7798012",
    "movie_id": "103387",
    "author": "seok****",
    "review": "배우 캐스팅부터 연기실력은 좋으나 스토리전개가 너무 지루함. 출연배우들의 팬이라 보고는 있지만 먼가 많이 아쉬운 드라마임..",
    "rating": "10",
    "date": "13.07.29"
  },
  {
    "review_id": "7797399",
    "movie_id": "103387",
    "author": "gudt****",
    "review": "액션도 형편없고 90년도 카메라 앵글에 억지스로운 스토리..",
    "rating": "1",
    "date": "13.07.29"
  },
  {
    "review_id": "7797055",
    "movie_id": "103387",
    "author": "seam****",
    "review": "본방도 필요없다. 재방도 필요없다.  빨리감기만 있을뿐이다. 그래도 내용  다 이해되고 대사  거의  놓치는 경 우가없다. 뭐  이정도쯤~~~",
    "rating": "1",
    "date": "13.07.29"
  },
  {
    "review_id": "7787484",
    "movie_id": "103387",
    "author": "imp6****",
    "review": "최민숯배우님 카리스마 넘침~  무림지존역해도 잘 어울릴 듯",
    "rating": "10",
    "date": "13.07.26"
  },
  {
    "review_id": "7787238",
    "movie_id": "103387",
    "author": "a875****",
    "review": "스토리,배역,분장 모두가 너무도 지루하고, 감동이나 몰입이 전혀 안되는 짜증스런 사극이네요..",
    "rating": "1",
    "date": "13.07.26"
  },
  {
    "review_id": "7785348",
    "movie_id": "103387",
    "author": "crak****",
    "review": "태웅 헝님 좋아 하지만. 넘 아니네요. 전체 스토리 이미지에. 먹칠 ㅠ 형님 역사 드라마 주인공은 아닌듯 좋은 스토리지만 캐스팅 최악 ㅜㅠ",
    "rating": "1",
    "date": "13.07.26"
  },
  {
    "review_id": "7784799",
    "movie_id": "103387",
    "author": "aseu****",
    "review": "도대체 엄태웅은 오늘 뭐하는것도없이 이래저래뛰다니기만하는지.. 근데 첨볼때이상했던 옥빈이 입술에 점점 이뻐보이는건 뭐지?감독님,작가님 나름 재밌어지는것같아요힘내삼!",
    "rating": "5",
    "date": "13.07.25"
  },
  {
    "review_id": "7784628",
    "movie_id": "103387",
    "author": "zinn****",
    "review": "2화 봤는데 바보...",
    "rating": "2",
    "date": "13.07.25"
  },
  {
    "review_id": "7784065",
    "movie_id": "103387",
    "author": "codn****",
    "review": "김용수 감독님 적도의 남자는 재밌었는데칼과 꽃은 별로 인것 같아요죄송해요배우라도 뜨게 1박 2일 열심히 볼게요",
    "rating": "5",
    "date": "13.07.25"
  },
  {
    "review_id": "7783619",
    "movie_id": "103387",
    "author": "kwgg****",
    "review": "뭐이리늘려빼는지좋은배우들모아서졸작만든감독과 작가는각성하심이...툭하면슬로우화면 어울리지않은 효과음악정적  어두운화면 좋은것도한두번이지짜증나네요배우들이아깝네요  ㅜㅜ",
    "rating": "1",
    "date": "13.07.25"
  },
  {
    "review_id": "7782558",
    "movie_id": "103387",
    "author": "gtde****",
    "review": "별이 이게 반개냐 한개냐 반개도 아깝다.. 사극 좋아해서 1회부터 봤는데 1회때는  SF 인줄 알았다.. 수목 볼게 없어 꾸역꾸역 봤는대 도대체 먼 내용이냐.. 그냥 한마디로 딴말필요없이 재미없다~",
    "rating": "1",
    "date": "13.07.25"
  },
  {
    "review_id": "7775974",
    "movie_id": "103387",
    "author": "clae****",
    "review": "영상미와 김영철 엄태웅 최민수 연기를 못 따라가는 스토리.",
    "rating": "4",
    "date": "13.07.22"
  },
  {
    "review_id": "7773454",
    "movie_id": "103387",
    "author": "gods****",
    "review": "어설픈영상미.  7080년대 스타일의 촬영기법  미스캐스팅세박자가 잘어울려  최악이될뻔한. 드라마 허나. 영류왕과 연개소문 의 대단한 연기실력에 잠시 넋을놓게만드는 아쉬운작품. ....  이요원과 비담? 이 나왔음어떠했을까?",
    "rating": "4",
    "date": "13.07.22"
  },
  {
    "review_id": "7764396",
    "movie_id": "103387",
    "author": "mong****",
    "review": "정말...김옥빈말투좀고쳐라...대사를그렇게쓰면배우가연기하기참...좋은배우들이랑영상미두고뭐하는거냐",
    "rating": "5",
    "date": "13.07.19"
  },
  {
    "review_id": "7760213",
    "movie_id": "103387",
    "author": "mokm****",
    "review": "더럽게 재미없는건 둘째치고 여배우 연기도 그렇고 얼굴도 그렇고 볼게없네.",
    "rating": "1",
    "date": "13.07.19"
  },
  {
    "review_id": "7760167",
    "movie_id": "103387",
    "author": "gksm****",
    "review": "좋아옇ㅎㅎ 시우역할ㄹ도짱이구옇ㅎ 드라마가재밋네열♥열심히해주세옇ㅎㅎㅎㅎ",
    "rating": "10",
    "date": "13.07.19"
  },
  {
    "review_id": "7759907",
    "movie_id": "103387",
    "author": "neos****",
    "review": "아름다운 영상, 여백, 그리고 여백...조은뎀 -",
    "rating": "9",
    "date": "13.07.19"
  },
  {
    "review_id": "7757216",
    "movie_id": "103387",
    "author": "wmwl****",
    "review": "나목들 이 최고지",
    "rating": "1",
    "date": "13.07.18"
  },
  {
    "review_id": "7751180",
    "movie_id": "103387",
    "author": "emsm****",
    "review": "탄탄한 !~배우들 될고 ~머하는 건지~~~~~~~~~~~",
    "rating": "1",
    "date": "13.07.17"
  },
  {
    "review_id": "7749415",
    "movie_id": "103387",
    "author": "g524****",
    "review": "엄태웅 홧팅!!!!!",
    "rating": "9",
    "date": "13.07.16"
  },
  {
    "review_id": "7749239",
    "movie_id": "103387",
    "author": "cabl****",
    "review": "솔까 정신오빠떔시 봄.",
    "rating": "10",
    "date": "13.07.16"
  },
  {
    "review_id": "7746408",
    "movie_id": "103387",
    "author": "shin****",
    "review": "아이고 OOO 기에요 우쭈쭈",
    "rating": "1",
    "date": "13.07.15"
  },
  {
    "review_id": "7744772",
    "movie_id": "103387",
    "author": "ghjd****",
    "review": "잼있는 것도아니고 잼없는 것도 아니고 그냥보통임",
    "rating": "5",
    "date": "13.07.15"
  },
  {
    "review_id": "7744002",
    "movie_id": "103387",
    "author": "99yo****",
    "review": "ㅋ",
    "rating": "10",
    "date": "13.07.15"
  },
  {
    "review_id": "7743800",
    "movie_id": "103387",
    "author": "jjy4****",
    "review": "살다살다 이런 쓰레기 드라마는  첨드라마보다가 속터지겠다 이런",
    "rating": "1",
    "date": "13.07.15"
  },
  {
    "review_id": "7739652",
    "movie_id": "103387",
    "author": "some****",
    "review": "김옥빈이 예쁘긴 한데 연기력은 그닥.",
    "rating": "6",
    "date": "13.07.14"
  },
  {
    "review_id": "7730433",
    "movie_id": "103387",
    "author": "rosh****",
    "review": "별 반개두 아까워..몰아서 보면 괜찮으려나했더니시망....여자쥔공 누구냐?연기력 대사연구좀 하고 먼너므 대사들이 죄다 느리냐..숨넘어가겠다..유치하고..여튼 무지 엄청나게 지루하고 재미 없어!!",
    "rating": "1",
    "date": "13.07.12"
  },
  {
    "review_id": "7730325",
    "movie_id": "103387",
    "author": "luck****",
    "review": "지루한스토리가슴터지게느린스토리..영상은사극인데대사는원피스입고하는현대물이고..답답하네요..",
    "rating": "2",
    "date": "13.07.12"
  },
  {
    "review_id": "7728565",
    "movie_id": "103387",
    "author": "rhin****",
    "review": "이게 뭐니.. 엄태웅 나이가 몇살인데",
    "rating": "1",
    "date": "13.07.12"
  },
  {
    "review_id": "7727263",
    "movie_id": "103387",
    "author": "lon2****",
    "review": "나는 재미있던데...",
    "rating": "10",
    "date": "13.07.11"
  },
  {
    "review_id": "7727217",
    "movie_id": "103387",
    "author": "cale****",
    "review": "3회때도 엄태웅이 죽는다고 결론나고4회때도 죽이기 직전상황까지 가고도성안 모습은 CG인지 어설프고아직도 이정도 지지부진한 줄거리와 촬영기술가지고제작하는 외주업체가 있는지...캐스팅 된 배우가 아깝네요",
    "rating": "4",
    "date": "13.07.11"
  },
  {
    "review_id": "7727163",
    "movie_id": "103387",
    "author": "jong****",
    "review": "수많은사극을보았지만이렇게답답하고졸리는사극은첨봅니다.칼과꽃이란제목과도너무안어울리고배경음악또한너무처지고이렇게스트레스받는사극은첨봅니다예전에광개토대왕같은사극이훨씬박진감넘침니다.졸립고짜증나는사극입니다.한마디로말해서하나도재미없습니다.빨리종영되기를...",
    "rating": "1",
    "date": "13.07.11"
  },
  {
    "review_id": "7726702",
    "movie_id": "103387",
    "author": "onio****",
    "review": "새로운 시도는 좋았으나 시청자를 향한 배려와 진정성이 없는 드라마 해외진출을 노렸나 싶은 연출들과 쌩뚱맞은 상황극들",
    "rating": "1",
    "date": "13.07.11"
  },
  {
    "review_id": "7718886",
    "movie_id": "103387",
    "author": "euru****",
    "review": "굉장히 독특한 느낌의 드라마",
    "rating": "10",
    "date": "13.07.09"
  },
  {
    "review_id": "7718650",
    "movie_id": "103387",
    "author": "huns****",
    "review": "우연히 보게된 드라마..최고의 느낌..성숙한 표현..정중동의 묘사..감사합니다..감사합니다..내가 살아 있음을 느낍니다..초딩들의 평점은 제꺼두세요... 전 40대초반 직장인...",
    "rating": "10",
    "date": "13.07.08"
  },
  {
    "review_id": "7717050",
    "movie_id": "103387",
    "author": "lexy****",
    "review": "영상미로 승부를보려면 음악선택좀잘해라 뽕짝도아니고그게뭐야? 근데 영상미도 좀엽기같애 김옥빈 구할때 그냥구하믄되지 왜 360도 회전은시켜서 전설의고향 귀신을만드는건지?? 어이없다 배우들이아깝다 감독은 자기만의세계에서 빠져나와라",
    "rating": "1",
    "date": "13.07.08"
  },
  {
    "review_id": "7717009",
    "movie_id": "103387",
    "author": "lexy****",
    "review": "영상미로 승부를보려면 음악도좀 걸맞게 잘좀선택해라 미친 뽕짝두아니고뭐야ㅡㅡ 근데 영상미도 뭔가좀 엽기같애 김옥빈 360도 회전하는장면은 진짜 전설의고향 귀신도아니고 저게뭔가 식겁했다 배우들이아깝네 감독이 또라인듯",
    "rating": "4",
    "date": "13.07.08"
  },
  {
    "review_id": "7712063",
    "movie_id": "103387",
    "author": "natu****",
    "review": "두 사람이 시선을 주고 받는 장면이 인상적이네요.",
    "rating": "10",
    "date": "13.07.06"
  },
  {
    "review_id": "7710949",
    "movie_id": "103387",
    "author": "cc30****",
    "review": "가볍고코믹아닌 성인을위한 영화같은수준높은 사극분위기나느낌으로보는와호장용같은드라마",
    "rating": "10",
    "date": "13.07.06"
  },
  {
    "review_id": "7710930",
    "movie_id": "103387",
    "author": "cc52****",
    "review": "화려한영상과분위기.묵직함과진지함으로무장한 새로운명품사극",
    "rating": "10",
    "date": "13.07.06"
  },
  {
    "review_id": "7710737",
    "movie_id": "103387",
    "author": "joli****",
    "review": "새로운 시도의 사극이라  기대된다. 영상미 최고.",
    "rating": "10",
    "date": "13.07.06"
  },
  {
    "review_id": "7708742",
    "movie_id": "103387",
    "author": "arou****",
    "review": "화크 연출의 위력이다",
    "rating": "10",
    "date": "13.07.05"
  },
  {
    "review_id": "7708659",
    "movie_id": "103387",
    "author": "kamo****",
    "review": "음..  아직까지 감정이입이 잘 안되네요. 장면의 갑작스런 전개, 그리고 감정...조금더 설명이 필요한것인지 아님 나중을 위한 의도된 연출인지. 좀더 지켜봐야겠네요. 하지만 연기잘들의 연기는 좋아용",
    "rating": "7",
    "date": "13.07.05"
  },
  {
    "review_id": "7708591",
    "movie_id": "103387",
    "author": "fire****",
    "review": "비주얼은 멋있었으니깐 예술도로서 5점 준다 그런데 그놈의 사랑타령",
    "rating": "5",
    "date": "13.07.05"
  },
  {
    "review_id": "7708495",
    "movie_id": "103387",
    "author": "hsj1****",
    "review": "(고,당전쟁)과  고,(나,당)전쟁을 중심으로 해주세요.!!!!! 영류왕새끼 빨리 연개소문의 쿠데타로 죽게해주시고요.!!!!! 고구려의 멸망까지 해주시고 결말은 해피엔딩으로 반드시 꼭 해주시고요.!!!!!  18세든 19세든 상관없으니수위도높여주세요.",
    "rating": "10",
    "date": "13.07.05"
  },
  {
    "review_id": "7708393",
    "movie_id": "103387",
    "author": "evp1****",
    "review": "사극이라면 묻지도 따지지도 않는 중년입니다  사극주제인 궁중암투와  멜로 이 두가지가 이렇게 몰입안되고 지루하기는 처음입니다 유부남을 멜로에 쓰니 더욱 그런듯해여 kbs 올해는 아이리스2부터 올해는 영 아니네여 시청자들의 수준은 높아갑니다 분방하세요!",
    "rating": "1",
    "date": "13.07.05"
  }
]