[
  {
    "review_id": "9957052",
    "movie_id": "103386",
    "author": "pihw****",
    "review": "새로운 스토리 배우들 열연 참 좋았어요",
    "rating": "6",
    "date": "15.05.28"
  },
  {
    "review_id": "9081505",
    "movie_id": "103386",
    "author": "nest****",
    "review": "쓰레긴데 평점 너무높네",
    "rating": "1",
    "date": "14.08.14"
  },
  {
    "review_id": "8931078",
    "movie_id": "103386",
    "author": "king****",
    "review": "진짜 너무재밌는데 다른 드라마들이 먼저 뜨는바람에 ㅠㅠ 당시 하던 드라마중 최고 였는데 진짜 너무 아까운 드라마",
    "rating": "10",
    "date": "14.07.19"
  },
  {
    "review_id": "8584446",
    "movie_id": "103386",
    "author": "jiny****",
    "review": "재밌다! 랑이 너무 귀여웠고...",
    "rating": "10",
    "date": "14.03.17"
  },
  {
    "review_id": "8464491",
    "movie_id": "103386",
    "author": "jsab****",
    "review": "스토리 개연성도 부족하고..무엇보다 배우들 연기력에 깜짝놀람. 이동욱은 이렇게 잘못했었나 하고. 송지효는 어쩜 늘지를 않을까. 어린아이는 아이고 귀엽다. 차라리 아빠어디가를 보는걸 추천",
    "rating": "1",
    "date": "14.02.02"
  },
  {
    "review_id": "8328004",
    "movie_id": "103386",
    "author": "cbds****",
    "review": "이뻐요~~ 짱짱맨~~~♥♥!!",
    "rating": "10",
    "date": "13.12.31"
  },
  {
    "review_id": "7691848",
    "movie_id": "103386",
    "author": "mygr****",
    "review": "이렇게 선악의 구별이 분명하고 결말이 확실한 드라마만이 갖는 매력 또한 분명히 있음을 느꼈다.",
    "rating": "7",
    "date": "13.06.30"
  },
  {
    "review_id": "7685578",
    "movie_id": "103386",
    "author": "hh79****",
    "review": "방금 마지막회까지 보고 왔네요. 제가 드라마를 보고 평점을 남기는건 정말 평생처음있는일입니다ㅎ  다른분들은 어떨지 모르겠지만 제겐 정말 큰 대작이었습니다! 이 글을 관계자분들이 볼지는 모르겠지만 정말 수고하셨습니다. 다음 작품 기대하겠습니다 ^^ !",
    "rating": "10",
    "date": "13.06.28"
  },
  {
    "review_id": "7682379",
    "movie_id": "103386",
    "author": "anni****",
    "review": "좀 질질 끌긴 햇는데.. 그래두 완전 재밌게 잘보고 있어요!!ㅎㅎ 내일이 마지막이어서 너무 아쉽네요ㅜ",
    "rating": "10",
    "date": "13.06.26"
  },
  {
    "review_id": "7677210",
    "movie_id": "103386",
    "author": "cwle****",
    "review": "조금 질질끌긴 했지만 끝으로 가면서 점점 제자리를 찾아가는듯! 재밌네요 ^-^",
    "rating": "10",
    "date": "13.06.24"
  },
  {
    "review_id": "7663774",
    "movie_id": "103386",
    "author": "hyei****",
    "review": "잘 보고 있습니다~ ! 근데 이동욱 송지효 키스신 머 이런거 하나쯤 너주면 좋을텐데..",
    "rating": "9",
    "date": "13.06.21"
  },
  {
    "review_id": "7661291",
    "movie_id": "103386",
    "author": "cjic****",
    "review": "이런것도 드라마라고 쓰냐!!!!!다 죽고 나서 또 데지고,  당하고 또 당하고!!시대가 독재정권도 아니고!작가들은 시대 흐름에 빨리 적응해라!아니면 오전10시에나 방송하던가!이정도의 시청율이 나온건도 허벌라게 기적이다!주연들 참 OO하구려!",
    "rating": "1",
    "date": "13.06.20"
  },
  {
    "review_id": "7660326",
    "movie_id": "103386",
    "author": "xmrt****",
    "review": "천명드라마 재미있게보고 하나뿐인우리할머니웃게하기위해 내가tv에나와 할머니가 나보고 웃고 편히가셧으면좋겟다 저도나오게해주세요",
    "rating": "6",
    "date": "13.06.20"
  },
  {
    "review_id": "7657774",
    "movie_id": "103386",
    "author": "bomb****",
    "review": "나는 별로 인물들에 대한 흥미가 생기지않아ㅠㅠ",
    "rating": "2",
    "date": "13.06.19"
  },
  {
    "review_id": "7640820",
    "movie_id": "103386",
    "author": "leaf****",
    "review": "너무너무 재미있게 보고 있답니다",
    "rating": "10",
    "date": "13.06.15"
  },
  {
    "review_id": "7600475",
    "movie_id": "103386",
    "author": "hyor****",
    "review": "너무 재미있다 ㅠㅠ 오늘은 슬펐어요 ㅠㅠ",
    "rating": "10",
    "date": "13.06.07"
  },
  {
    "review_id": "7599038",
    "movie_id": "103386",
    "author": "yonj****",
    "review": "꿀잼!!!!  벌써6회밖에안남았다뉘ㅠㅠㅠㅠ",
    "rating": "10",
    "date": "13.06.06"
  },
  {
    "review_id": "7599030",
    "movie_id": "103386",
    "author": "dlal****",
    "review": "재미있어요",
    "rating": "10",
    "date": "13.06.06"
  },
  {
    "review_id": "7596458",
    "movie_id": "103386",
    "author": "hell****",
    "review": "개재미없어",
    "rating": "1",
    "date": "13.06.06"
  },
  {
    "review_id": "7589517",
    "movie_id": "103386",
    "author": "aksw****",
    "review": "진짜참고볼래야봐줄수가없네요어느정도말이되야보지바보도아니구허구헌날말도안되게당하기만하구..도망자가맞긴맞는지..",
    "rating": "1",
    "date": "13.06.06"
  },
  {
    "review_id": "7573595",
    "movie_id": "103386",
    "author": "tige****",
    "review": "요즘 드라마중에서 제일 스토리가 탄탄하고 배우연기력과 영상미 모두 뛰어난듯!!",
    "rating": "10",
    "date": "13.06.02"
  },
  {
    "review_id": "7562684",
    "movie_id": "103386",
    "author": "sow1****",
    "review": "점점갈수록 질질끄는 느낌이에요사건에사건이 터지는데 흥미를끌기는 커녕 조금이야기를 끄는 느낌만 듭니다 하지만 재밋게보고있어요얼른 결말을보고싶어요 재밋어요~~!!ㅋ",
    "rating": "7",
    "date": "13.05.30"
  },
  {
    "review_id": "7561863",
    "movie_id": "103386",
    "author": "prie****",
    "review": "정말 이야기 질질~잘끄네 시나리오가 너무 단순해서 그런건지 연출력이 부족해서 그런건지 별 내용도없이 질질끌기만하고 보다가 중간 중간 딴 채널보고와도 아직도 그자리 ㅋ",
    "rating": "5",
    "date": "13.05.29"
  },
  {
    "review_id": "7553152",
    "movie_id": "103386",
    "author": "wndm****",
    "review": "굿~",
    "rating": "10",
    "date": "13.05.25"
  },
  {
    "review_id": "7550869",
    "movie_id": "103386",
    "author": "mich****",
    "review": "스토리 크게 흠잡을건 없슴. 괜츈함주요 역할 세명 연기보며 한숨나옴. 임슬옹은 봐주 기 힘들고, 이동욱은 발연기까진 아니지만 못하고, 송지 효는 못하지 않지만 결코 잘한다 할수없슴. 특히, 주연 이 동욱은 김태희와 다를바 없음. 6점주려 했으나 알바들 때문에 1점",
    "rating": "1",
    "date": "13.05.24"
  },
  {
    "review_id": "7550473",
    "movie_id": "103386",
    "author": "bkb3****",
    "review": "잡히기도 쉽게,, 도망도 아주 쉽게,,, 20부작이던데. 내용이 좀 질질 끄는듯",
    "rating": "4",
    "date": "13.05.23"
  },
  {
    "review_id": "7550452",
    "movie_id": "103386",
    "author": "crui****",
    "review": "살살 지겨워진다-_-;;;",
    "rating": "5",
    "date": "13.05.23"
  },
  {
    "review_id": "7548793",
    "movie_id": "103386",
    "author": "clov****",
    "review": "참 재미있게보다가.. 7회쯤부터 슬슬짜증나는...비슷한 장면과 내용이 반복되는거 같아서 한 지난 4부정도는 안보고 오늘 봐도 아무지장 없었겠다 16부작이었음 딱이었을 드라마인듯.... 그냥 결론이나 인터넷뉴스로봐야지..",
    "rating": "5",
    "date": "13.05.22"
  },
  {
    "review_id": "7547418",
    "movie_id": "103386",
    "author": "kwio****",
    "review": "사극 안좋아하던 나도 땡기게 하는 마력의 드라마~점점 흥미진진해져요^^",
    "rating": "10",
    "date": "13.05.22"
  },
  {
    "review_id": "7542352",
    "movie_id": "103386",
    "author": "miya****",
    "review": "요즘 참 재밌게 보고있는 드라마네요좋은스텝들 좋은배우들이 만난좋은드라마인거같아요앞으로 어떤일이 벌어질지 정말궁금하네요대박나세요^^",
    "rating": "10",
    "date": "13.05.19"
  },
  {
    "review_id": "7539897",
    "movie_id": "103386",
    "author": "pria****",
    "review": "흠... 각본....",
    "rating": "3",
    "date": "13.05.18"
  },
  {
    "review_id": "7534427",
    "movie_id": "103386",
    "author": "an54****",
    "review": "천명 10점만점에 그 이상 주고싶다!탄탄한 스토리에 배우들의 호연!이만한 명품사극은 없을 듯!!^^",
    "rating": "10",
    "date": "13.05.17"
  },
  {
    "review_id": "7534297",
    "movie_id": "103386",
    "author": "emb5****",
    "review": "천명 너무 흥미로운 드라마더군요ㅎㅎ 어제 이동욱씨 마지막 장면보고 잡힐까봐 떨렸는데 담주까지 기다릴수 있을까요?",
    "rating": "10",
    "date": "13.05.17"
  },
  {
    "review_id": "7534286",
    "movie_id": "103386",
    "author": "okhe****",
    "review": "별점 10점도 아깝지 않습니다.어제 이동욱씨 열연에 감동했었는데 더 사랑받았으면 좋겠습니다",
    "rating": "10",
    "date": "13.05.17"
  },
  {
    "review_id": "7534218",
    "movie_id": "103386",
    "author": "kamg****",
    "review": "넘 재밌어요. 시간가는줄 모르게 잘 보고 있어요,천명 대박나삼.~^^",
    "rating": "10",
    "date": "13.05.17"
  },
  {
    "review_id": "7534055",
    "movie_id": "103386",
    "author": "ssyk****",
    "review": "영화와 같은 촬영기법!!!",
    "rating": "10",
    "date": "13.05.17"
  },
  {
    "review_id": "7534005",
    "movie_id": "103386",
    "author": "kjj0****",
    "review": "순간순간 놓칠수 없는 긴장감..그리고 아지랑이같은 러브라인...정말 한순간도 눈을 뗄수없네요",
    "rating": "10",
    "date": "13.05.17"
  },
  {
    "review_id": "7533740",
    "movie_id": "103386",
    "author": "kong****",
    "review": "최고다 최고~~!! 특히 이동욱의 부성애 연기..!!",
    "rating": "10",
    "date": "13.05.17"
  },
  {
    "review_id": "7533626",
    "movie_id": "103386",
    "author": "pej0****",
    "review": "시간가는줄 몰랐다긴박감 넘치는 전개~~진짜 재미있음한번 보면 내용 이 계속 궁금해!!!",
    "rating": "10",
    "date": "13.05.17"
  },
  {
    "review_id": "7533598",
    "movie_id": "103386",
    "author": "fkst****",
    "review": "난리 good",
    "rating": "10",
    "date": "13.05.17"
  },
  {
    "review_id": "7533542",
    "movie_id": "103386",
    "author": "hmki****",
    "review": "긴박감 넘치고 재미 있어요 시간 가는 줄 모르고 봅니다..사극 첫 도전 배우들의 연기도 좋네요",
    "rating": "10",
    "date": "13.05.17"
  },
  {
    "review_id": "7533523",
    "movie_id": "103386",
    "author": "choh****",
    "review": "천명의 원탑 주인공 이동욱때문에 천명을 보기 시작했는데 보면 볼수록 스토리 영상미도 최고네요ㅎ",
    "rating": "10",
    "date": "13.05.17"
  },
  {
    "review_id": "7533498",
    "movie_id": "103386",
    "author": "sung****",
    "review": "천명 최고의 드라마입니다.",
    "rating": "10",
    "date": "13.05.17"
  },
  {
    "review_id": "7533462",
    "movie_id": "103386",
    "author": "whdm****",
    "review": "천명 어제 8회가 젤루 대박^^ 같이 보던 7살 조카! 이모 이거 너무 재밌다 아픈 딸이낭 착한 아빠 너무 괴롭히는 저 사람들 진짜 나쁘다 이러네요 첨 봐 놓고 저러네용 9회도 완전기대되네요!!",
    "rating": "10",
    "date": "13.05.17"
  },
  {
    "review_id": "7533434",
    "movie_id": "103386",
    "author": "yjrk****",
    "review": "최고라는 말 밖엔 할말이 없이 너무 재밌다~!!!!",
    "rating": "10",
    "date": "13.05.17"
  },
  {
    "review_id": "7533410",
    "movie_id": "103386",
    "author": "jafu****",
    "review": "내용도 좋고 연출력도좋고 배우들도 연기잘하고 뭐하나빠지는게없구나!~~ 천명 대박!~~",
    "rating": "10",
    "date": "13.05.17"
  },
  {
    "review_id": "7533404",
    "movie_id": "103386",
    "author": "endk****",
    "review": "매회 긴장하며 재미나게 잘 보구있네요....ㅎㅎ",
    "rating": "10",
    "date": "13.05.17"
  },
  {
    "review_id": "7533394",
    "movie_id": "103386",
    "author": "hiya****",
    "review": "두말 필요없이 최고!!",
    "rating": "10",
    "date": "13.05.17"
  },
  {
    "review_id": "7533049",
    "movie_id": "103386",
    "author": "miso****",
    "review": "천명은 김유빈이 살린듯예뻐도 너~~~무 예쁨 랑이 눈물에 애간장이~~~~",
    "rating": "9",
    "date": "13.05.17"
  },
  {
    "review_id": "7532731",
    "movie_id": "103386",
    "author": "ssac****",
    "review": "처음부터 놀라운 퀄이었는데 회를 거듭해도 실망을 안시키는 완소드라마예요.",
    "rating": "10",
    "date": "13.05.17"
  },
  {
    "review_id": "7531356",
    "movie_id": "103386",
    "author": "hest****",
    "review": "흥미진진하네요",
    "rating": "10",
    "date": "13.05.16"
  },
  {
    "review_id": "7530943",
    "movie_id": "103386",
    "author": "best****",
    "review": "뻔한 연출이라는 분들은 보시고나 하는말인지 배우들도 모두 연기 괜찮고 스토리 연출 모두 최근본 드라마중 최고이다  천명 흥해라!!11",
    "rating": "10",
    "date": "13.05.16"
  },
  {
    "review_id": "7530212",
    "movie_id": "103386",
    "author": "jjha****",
    "review": "짱 재밌음^^",
    "rating": "10",
    "date": "13.05.15"
  },
  {
    "review_id": "7521268",
    "movie_id": "103386",
    "author": "tsp0****",
    "review": "진부하고 재미없다.. 전혀 다음화가 기다려지지 않는다",
    "rating": "5",
    "date": "13.05.11"
  },
  {
    "review_id": "7516357",
    "movie_id": "103386",
    "author": "quda****",
    "review": "너무 재밌다! 기대한만큼 잘 나온 드라마! 천명 파이팅!!!",
    "rating": "10",
    "date": "13.05.08"
  },
  {
    "review_id": "7512201",
    "movie_id": "103386",
    "author": "cs2k****",
    "review": "그냥 너무나 뻔한 연출이다. 드라마 보면서 대충 다음 장면은 어떤장면이 나올지 생각하면 어김없이 이제까지 수많은 드라마에서 보아왔던 진부한 추격신이나 주인공의 추락신이 등장한다. 장면과 장면사이 매끄럽게 연결되어야하는 연결고리 조차 하나도 없음. 최악",
    "rating": "1",
    "date": "13.05.06"
  },
  {
    "review_id": "7504043",
    "movie_id": "103386",
    "author": "blue****",
    "review": "천명때문에 수목이 기다려집니다 기대한 만큼 너무재밌어요 천명팀 모두화이팅!!!!!!!!!",
    "rating": "10",
    "date": "13.05.03"
  },
  {
    "review_id": "7502407",
    "movie_id": "103386",
    "author": "hell****",
    "review": "지금까지 잘 보고있어요 쭉~재밌게 이어졌음 좋겠어요",
    "rating": "10",
    "date": "13.05.03"
  },
  {
    "review_id": "7502323",
    "movie_id": "103386",
    "author": "dwho****",
    "review": "대~~~~~~~박!!!!!!!!!!!",
    "rating": "10",
    "date": "13.05.02"
  },
  {
    "review_id": "7502302",
    "movie_id": "103386",
    "author": "kkan****",
    "review": "굿!!!!!!!!!몰입도최고~긴장감최고~",
    "rating": "10",
    "date": "13.05.02"
  },
  {
    "review_id": "7502242",
    "movie_id": "103386",
    "author": "apff****",
    "review": "완전 재밌어요!!!!! 흥미진진하고 연출이정말 영화같은 드라마! 드라마같지않고 영화느낌을줌",
    "rating": "10",
    "date": "13.05.02"
  },
  {
    "review_id": "7502240",
    "movie_id": "103386",
    "author": "fire****",
    "review": "와...진짜박진감넘치고ㅠ심장쪼그라드는줄..심장이바운OO운스~그리고연기너무잘해ㅠㅠ평점더주고싶다.10점밖에줄수없다는게안타깝다ㅠㅠ아무튼1분1초도놓치고싶지않은드라마.♥사랑많이받는드라마가되었으면좋겠다♥담주수요일이빨리왔으면...",
    "rating": "10",
    "date": "13.05.02"
  },
  {
    "review_id": "7502227",
    "movie_id": "103386",
    "author": "jkca****",
    "review": "점점 더 흥미진진!  유빈양이 눈물 흘리면 넘 슬퍼요~ 랑아~ 아프지 말고 아부지 기둘려~ 글구동욱님 도망 다니는데 왜케 가슴이 아픈지 회가 거듭날수록 기대되욧!  문정왕후님 살살 해주세요~^^  모두들 수고하시구요 행쇼~♥",
    "rating": "10",
    "date": "13.05.02"
  },
  {
    "review_id": "7502221",
    "movie_id": "103386",
    "author": "mins****",
    "review": "천명 긴장감있고 연기 짱잘하고 너무 재미있어요~~~~ 요즘 드라마볼게 없었는데 이드라마 많이 사랑해야겠다.... 구가의서도....ㅎ 천명 이번 중순때 히트 대박예감이 드네요.... 천명과 구가의서 흥해라!!~ 드라마천명♡ 앞으로 기대할게요~",
    "rating": "10",
    "date": "13.05.02"
  },
  {
    "review_id": "7502157",
    "movie_id": "103386",
    "author": "high****",
    "review": "한개주기도 아깝다 진짜 ㅋㅋㅋ대사 는  대사대로 졸라진부하고 대사자체가 쓸때없이많고  추격씬자체도대도않네요드라마시작20분동안 추격쳐하고 자빠졌네 ㅋㅋㅋ뻐~언한내용에  졸라게재미읍네요 ㅋㅋㅋ전개졸라늦고 별한개주기도아꿉네요 ㅋㅋㅋ",
    "rating": "1",
    "date": "13.05.02"
  },
  {
    "review_id": "7502126",
    "movie_id": "103386",
    "author": "seon****",
    "review": "아오 빡쳐 0점 없냐? 이딴걸 드라마라고 내가 본 드라마 중에 최악이다. 차랄리 영화라면 모를까 드라마로 질질 끌어서 시청자 빡치게 할려고 작정했냐 이 OOO들아! 연기가 그나마 받쳐줘서 그나마 났다.",
    "rating": "1",
    "date": "13.05.02"
  },
  {
    "review_id": "7502067",
    "movie_id": "103386",
    "author": "shai****",
    "review": "아역배우 김유빈양 연기갑이네!!  어쩜 연기두 잘하는지~이동욱 송지효~모든 배우분들  명품연기를 보여주시고 내용또한 회가 거듭할수록 더 재밌어지네요~오늘도 난 본방사수!!",
    "rating": "10",
    "date": "13.05.02"
  },
  {
    "review_id": "7501307",
    "movie_id": "103386",
    "author": "heod****",
    "review": "공남, 뿌나 이후 오랜만에 몰입해서 보게 되는 TV사극 발견! 3화분량 방송 된 지금까진 흥미진진  재미있다. 앞으로도 지금 처럼만 쭉~~~",
    "rating": "10",
    "date": "13.05.02"
  },
  {
    "review_id": "7500891",
    "movie_id": "103386",
    "author": "nyk7****",
    "review": "여태까진 잼땅ㅇㅇㅇㅇㅇㅎㅎㅎㅎㅎㅎㅎ",
    "rating": "10",
    "date": "13.05.02"
  },
  {
    "review_id": "7493822",
    "movie_id": "103386",
    "author": "yes7****",
    "review": "재밌음.사극 잘 안보는데 요건 재밌는거 같다",
    "rating": "9",
    "date": "13.04.29"
  },
  {
    "review_id": "7490410",
    "movie_id": "103386",
    "author": "gmlw****",
    "review": "임술옹연기멋있어요~ 목소리또한 사극과잘어울려진지하고 중우해보입니다. 기대합니다~",
    "rating": "8",
    "date": "13.04.28"
  },
  {
    "review_id": "7487710",
    "movie_id": "103386",
    "author": "lieb****",
    "review": "천명 흥미진진.. 기대되는 수목드라마",
    "rating": "10",
    "date": "13.04.27"
  },
  {
    "review_id": "7487703",
    "movie_id": "103386",
    "author": "hany****",
    "review": "김유빈이 넘 연기 잘해 귀엽고",
    "rating": "10",
    "date": "13.04.27"
  },
  {
    "review_id": "7486754",
    "movie_id": "103386",
    "author": "woo1****",
    "review": "잼있어요",
    "rating": "10",
    "date": "13.04.27"
  },
  {
    "review_id": "7485237",
    "movie_id": "103386",
    "author": "jiyo****",
    "review": "재미 더럽게 없다 쓰레기ㅡㅡ 송지효야 원래 연기못하는 거 알았지만 이동욱도 넘 어색해 둘 다 예능 이미지가 강해서 극에 몰입이 안 된다. 거기에 임슬옹은 뭔 OO같은 대사전달력이야 지 혼자 랩하고 자빠짐. 안 봐 절대로 아까운 내 시간ㅠ",
    "rating": "1",
    "date": "13.04.26"
  },
  {
    "review_id": "7484346",
    "movie_id": "103386",
    "author": "thgn****",
    "review": "기대를많이했나..?",
    "rating": "2",
    "date": "13.04.26"
  },
  {
    "review_id": "7482501",
    "movie_id": "103386",
    "author": "jiy0****",
    "review": "너무 흥미진진해요! 모든 배우들이 연기를 잘 해주셔서 작품이 빛나네요",
    "rating": "10",
    "date": "13.04.25"
  },
  {
    "review_id": "7482436",
    "movie_id": "103386",
    "author": "sdds****",
    "review": "재밌음",
    "rating": "10",
    "date": "13.04.25"
  },
  {
    "review_id": "7482383",
    "movie_id": "103386",
    "author": "rudg****",
    "review": "천명 재밌당~^^!",
    "rating": "10",
    "date": "13.04.25"
  },
  {
    "review_id": "7482370",
    "movie_id": "103386",
    "author": "twil****",
    "review": "수목드라마 1위할듯!!!!! 오늘 2회도 재밌네여~~천명 흥해라!!! 이동욱 흥해라♥ 다음 회 궁금해진다",
    "rating": "9",
    "date": "13.04.25"
  },
  {
    "review_id": "7482266",
    "movie_id": "103386",
    "author": "tkfk****",
    "review": "천명짱짱 흥해라 ㅋㅋ",
    "rating": "10",
    "date": "13.04.25"
  },
  {
    "review_id": "7482009",
    "movie_id": "103386",
    "author": "abc1****",
    "review": "천명흥해라",
    "rating": "10",
    "date": "13.04.25"
  },
  {
    "review_id": "7481887",
    "movie_id": "103386",
    "author": "jubi****",
    "review": "천명 ~~의 천배로 잘 되길 ㅋ,.ㅋ",
    "rating": "10",
    "date": "13.04.25"
  },
  {
    "review_id": "7481871",
    "movie_id": "103386",
    "author": "rugl****",
    "review": "천명 화이팅! 흥하길..",
    "rating": "10",
    "date": "13.04.25"
  },
  {
    "review_id": "7481170",
    "movie_id": "103386",
    "author": "ding****",
    "review": "정말 잼잇어여 낼도 본방사수해야징~ ㅋㅋ",
    "rating": "10",
    "date": "13.04.25"
  },
  {
    "review_id": "7480301",
    "movie_id": "103386",
    "author": "sy99****",
    "review": "쩔던데;;",
    "rating": "10",
    "date": "13.04.25"
  },
  {
    "review_id": "7480279",
    "movie_id": "103386",
    "author": "im_a****",
    "review": "넘 잼났음. 뭔말이 필요함?? ^^",
    "rating": "10",
    "date": "13.04.25"
  },
  {
    "review_id": "7480114",
    "movie_id": "103386",
    "author": "olze****",
    "review": "스토리 흡입력에 배우들 연기좋아 더 기대중...특히이동욱하고 유빈이 같이붙는 연기 넘 좋다부성애 느낌좋네",
    "rating": "9",
    "date": "13.04.25"
  },
  {
    "review_id": "7480102",
    "movie_id": "103386",
    "author": "ohye****",
    "review": "연기력을 다 떠나서 스토리가 박진감있고 다음편이기다려집니다",
    "rating": "10",
    "date": "13.04.25"
  },
  {
    "review_id": "7480094",
    "movie_id": "103386",
    "author": "funk****",
    "review": "거짓말 못하는 사람으로 한마디 해도 될런지..솔직히 송지효씨 런닝맨 제가 팬입니다. 그러나 드라마 기대하고 봤지만목소리가 울리는건지 아님 비염이 있으신건지 아니면 발음에 문제가 있는건지대사 전달이 잘 확실히 되지 않아 집중이 안됩니다.",
    "rating": "5",
    "date": "13.04.25"
  },
  {
    "review_id": "7479972",
    "movie_id": "103386",
    "author": "topc****",
    "review": "드라마 첫방인데 집중이 안된다.....내 스타일이 아닌가봐...",
    "rating": "4",
    "date": "13.04.25"
  },
  {
    "review_id": "7479971",
    "movie_id": "103386",
    "author": "iiii****",
    "review": "지석진 아웃 유재석 아웃 하하 아웃 김종국 아웃 이광수 아웃 개리 아웃",
    "rating": "9",
    "date": "13.04.25"
  },
  {
    "review_id": "7479944",
    "movie_id": "103386",
    "author": "kisi****",
    "review": "앞으로 좀 더 두고 봐야겠음.. 솔직히 첫방은 실망",
    "rating": "3",
    "date": "13.04.25"
  },
  {
    "review_id": "7479942",
    "movie_id": "103386",
    "author": "elza****",
    "review": "별론데",
    "rating": "1",
    "date": "13.04.25"
  },
  {
    "review_id": "7479915",
    "movie_id": "103386",
    "author": "newc****",
    "review": "몰입도있네 ㄷ",
    "rating": "10",
    "date": "13.04.25"
  },
  {
    "review_id": "7479877",
    "movie_id": "103386",
    "author": "wndd****",
    "review": "재밌어요 ㅜㅜㅜ",
    "rating": "10",
    "date": "13.04.25"
  },
  {
    "review_id": "7479830",
    "movie_id": "103386",
    "author": "rlad****",
    "review": "천명 최고입니다",
    "rating": "9",
    "date": "13.04.25"
  },
  {
    "review_id": "7479774",
    "movie_id": "103386",
    "author": "kuok****",
    "review": "9점까진아닌듯 연기가 ....ㅋㅋㅋ",
    "rating": "3",
    "date": "13.04.25"
  },
  {
    "review_id": "7479769",
    "movie_id": "103386",
    "author": "enwn****",
    "review": "송지효씨 반전 매력, 이동욱씨 사극이 처음한다고하셨는데  대박 연기 하네요 아무튼 되게 재미있고 볼만해요ㅎㅎ",
    "rating": "10",
    "date": "13.04.25"
  },
  {
    "review_id": "7479768",
    "movie_id": "103386",
    "author": "qor_****",
    "review": "재미있어요",
    "rating": "10",
    "date": "13.04.25"
  }
]