[
  {
    "review_id": "9869456",
    "movie_id": "103320",
    "author": "cjw2****",
    "review": "어휴샹~..시간 또 버렸어..케네디 암살에 대한 내막을 풀어낼줄 알았더니..그냥 지들나라 감성에만 푹 취해서 장엄한 음악만 계속나오구 흥미도 공감도 안가는 사건전개...먼나라 이야기에 공감해주기엔 스토리가 너무 없다. 보지마길 절대로...",
    "rating": "1",
    "date": "15.04.26"
  },
  {
    "review_id": "9740110",
    "movie_id": "103320",
    "author": "jjon****",
    "review": "7점. 그냥저냥그냥저냥",
    "rating": "7",
    "date": "15.02.26"
  },
  {
    "review_id": "9673529",
    "movie_id": "103320",
    "author": "ken9****",
    "review": "연기력이 파크랜드를 넘어선다.",
    "rating": "10",
    "date": "15.02.06"
  },
  {
    "review_id": "9307324",
    "movie_id": "103320",
    "author": "wein****",
    "review": "옛다! 8.5점  실화를 더 사실적으로 표현해서  몰입할수있다",
    "rating": "9",
    "date": "14.10.22"
  },
  {
    "review_id": "9255054",
    "movie_id": "103320",
    "author": "alem****",
    "review": "괜찮은 영화인데 무엇인가 부족한..",
    "rating": "7",
    "date": "14.10.02"
  },
  {
    "review_id": "9015509",
    "movie_id": "103320",
    "author": "bbua****",
    "review": "항상 이런 실화를 바탕으로 한 영화는 집에와서 공부를 하게 하죠",
    "rating": "10",
    "date": "14.08.03"
  },
  {
    "review_id": "8927503",
    "movie_id": "103320",
    "author": "rort****",
    "review": "1점을 준 애들의 의도와 무지함을 탓하기에는 그들의가방끈길이가 너무 짧아보인다",
    "rating": "10",
    "date": "14.07.18"
  },
  {
    "review_id": "8790734",
    "movie_id": "103320",
    "author": "wlfa****",
    "review": "그 상황 당사자들의 심리를 사실적으로 잘 표현했으나 흥미가 떨어진다. 다큐멘터리로 제작하는게 더 효과적일듯.",
    "rating": "6",
    "date": "14.06.03"
  },
  {
    "review_id": "8695500",
    "movie_id": "103320",
    "author": "elim****",
    "review": "실화 속 인물들이 살아나온듯함",
    "rating": "9",
    "date": "14.05.03"
  },
  {
    "review_id": "8680809",
    "movie_id": "103320",
    "author": "cool****",
    "review": "독특한 시선. 같은 사건에 다른 면을 생각할 수 있었던 시간.",
    "rating": "7",
    "date": "14.04.28"
  },
  {
    "review_id": "8678105",
    "movie_id": "103320",
    "author": "only****",
    "review": "사건을 상세히 보여주는 부분은 좋았습니다만, 영화적으로는 다소 지루했습니다.",
    "rating": "4",
    "date": "14.04.27"
  },
  {
    "review_id": "8669429",
    "movie_id": "103320",
    "author": "jack****",
    "review": "아무도 신경쓰지 않았던.... 그 사건의 주변 인물들에 대한 영화....담담하게... 하지만 현실감있게 그려내서.... 보는 내내  가슴이 먹먹했다.",
    "rating": "9",
    "date": "14.04.24"
  },
  {
    "review_id": "8655394",
    "movie_id": "103320",
    "author": "gbwl****",
    "review": "잭에프론형은 닥 10점",
    "rating": "10",
    "date": "14.04.17"
  },
  {
    "review_id": "8654821",
    "movie_id": "103320",
    "author": "melo****",
    "review": "초반부터 긴박함의 연속",
    "rating": "10",
    "date": "14.04.17"
  },
  {
    "review_id": "8645593",
    "movie_id": "103320",
    "author": "chri****",
    "review": "재밌다....케네디 암살이 생생하다.",
    "rating": "10",
    "date": "14.04.12"
  },
  {
    "review_id": "8642954",
    "movie_id": "103320",
    "author": "next****",
    "review": "색다르긴 했지만 흥미도는 떨어졌다. 초 근접의 그날의 과정을 사실적이고 자세히 보여주는데 그쳤다.",
    "rating": "6",
    "date": "14.04.11"
  },
  {
    "review_id": "8621437",
    "movie_id": "103320",
    "author": "u_ky****",
    "review": "미국 정치계의 진실을 보여준다.",
    "rating": "8",
    "date": "14.04.01"
  },
  {
    "review_id": "8620596",
    "movie_id": "103320",
    "author": "srcm****",
    "review": "파크랜드란 영활 어제 봤는데예전에 올리버 스톤감독의 JFK가 비싼 호텔에서 맛없게 먹은 음식이었다면,파크랜드는 테이블 3개있는 레스토랑에서 쉐프에게 반해버린 요리같은 느낌.",
    "rating": "9",
    "date": "14.03.31"
  },
  {
    "review_id": "8619290",
    "movie_id": "103320",
    "author": "ghos****",
    "review": "최고의 영화입니다 근데 여친이 잤습니다",
    "rating": "9",
    "date": "14.03.30"
  },
  {
    "review_id": "8609977",
    "movie_id": "103320",
    "author": "opes****",
    "review": "사건과연관된 사람들의 3일",
    "rating": "7",
    "date": "14.03.27"
  },
  {
    "review_id": "8609495",
    "movie_id": "103320",
    "author": "skco****",
    "review": "이건...보다가 잠을ㅜㅜ영화가 너무...지루해",
    "rating": "1",
    "date": "14.03.27"
  },
  {
    "review_id": "8607321",
    "movie_id": "103320",
    "author": "newy****",
    "review": "이야기가 별것 없다. 그냥 다큐멘터리로 만들었으면 더 좋았을껄....",
    "rating": "6",
    "date": "14.03.26"
  },
  {
    "review_id": "8606975",
    "movie_id": "103320",
    "author": "baks****",
    "review": "나는,같은 장면을 왓치맨에서,본적이 있다.물론,범인은,전혀 다른 사람이었지만...차라리 케네디 서거를 소재로 한,스티븐 킹의 신작을 영상화하는것이 나을뻔했다고 생각함.같은 이야기를 소재로 한,올리버 스톤의 영화에 전혀 미치지 못한다.족탈불급.조족지혈.",
    "rating": "3",
    "date": "14.03.26"
  },
  {
    "review_id": "8606337",
    "movie_id": "103320",
    "author": "fanc****",
    "review": "누구나 아는 사건의 새로운 부분을 보여준 영화",
    "rating": "6",
    "date": "14.03.25"
  },
  {
    "review_id": "8605507",
    "movie_id": "103320",
    "author": "zkfk****",
    "review": "잘모르겠어요. 감독의 의도와 생각을",
    "rating": "6",
    "date": "14.03.25"
  },
  {
    "review_id": "8605087",
    "movie_id": "103320",
    "author": "kang****",
    "review": "옆에있는분이..영화보면서 자는걸봤고..같이간 친구도 졸았다...그럼말다한거아닐까...",
    "rating": "1",
    "date": "14.03.25"
  },
  {
    "review_id": "8603050",
    "movie_id": "103320",
    "author": "pipo****",
    "review": "대통령이전에 남편으로써 아내눈물이 찡했다.비행기에 관이들어가지않아.좌석을들어내고.벽을부수고.대통령시신을 끝까지 지키는모습에 감동이었음.안보신분들 강추.꼭보시길 새로운 감정이입이 탁월했음",
    "rating": "10",
    "date": "14.03.24"
  },
  {
    "review_id": "8602084",
    "movie_id": "103320",
    "author": "534k****",
    "review": "몰입감 어느 정도 있고 괜춘",
    "rating": "8",
    "date": "14.03.24"
  },
  {
    "review_id": "8602048",
    "movie_id": "103320",
    "author": "love****",
    "review": "90분동안 다큐보는 느낌, 러닝타임이 짧아서 아쉬웠던",
    "rating": "8",
    "date": "14.03.24"
  },
  {
    "review_id": "8601494",
    "movie_id": "103320",
    "author": "kimd****",
    "review": "관점을 바꾼건 흥미로웠지만 밋밋하다",
    "rating": "6",
    "date": "14.03.23"
  },
  {
    "review_id": "8599114",
    "movie_id": "103320",
    "author": "cyh1****",
    "review": "연기력이  좋네요 볼만합니다",
    "rating": "7",
    "date": "14.03.23"
  },
  {
    "review_id": "8598749",
    "movie_id": "103320",
    "author": "kdj1****",
    "review": "FBI도 오스왈드도 경관도 케네디도, 모두 아버지였다. JFK 사건, 의도하든 의도치 않았든 관계된 사람들의 표정과 내면.",
    "rating": "8",
    "date": "14.03.23"
  },
  {
    "review_id": "8598732",
    "movie_id": "103320",
    "author": "shql****",
    "review": "돈벌려고만든영화는 아닌듯",
    "rating": "1",
    "date": "14.03.23"
  },
  {
    "review_id": "8598007",
    "movie_id": "103320",
    "author": "tree****",
    "review": "지루하지않다. 미국정서를 담아서 한국인 장서에는.잘안맞을수더있다는 생각도 든다. 보고나서 도대체 어떤 시각으로 봐야하는건지 아리송하고 어떤의도를 가지고 만들었는지 의문을가졌고 자료를 찾아보고 알았다 케네디의죽음에 대해 잊지않기위한것임을 알았다..",
    "rating": "8",
    "date": "14.03.22"
  },
  {
    "review_id": "8597832",
    "movie_id": "103320",
    "author": "gato****",
    "review": "거대한 충돌에 비대하는 반작용.",
    "rating": "6",
    "date": "14.03.22"
  },
  {
    "review_id": "8596482",
    "movie_id": "103320",
    "author": "dydt****",
    "review": "세계 미스터리중 하나로 꼽히는 케네디 암살사건이 재해석된게 좋긴하다.하지만 내용이나 결말 모두가 허무하고 썩 재밌지도않고 긴장감도없다.",
    "rating": "1",
    "date": "14.03.22"
  },
  {
    "review_id": "8594626",
    "movie_id": "103320",
    "author": "josa****",
    "review": "잠와서 잤다..ㅇㅇㅇ",
    "rating": "1",
    "date": "14.03.22"
  },
  {
    "review_id": "8592553",
    "movie_id": "103320",
    "author": "soso****",
    "review": "나는 JFK도 안봤지만 기대한것보다 훨씬 괜찮았어요. 극의 몰입도 최고..끝마무리가 좀 약한 게  아쉽지만, 새롭게 생각하게 만드는게 많았다는 사실..추천합니다",
    "rating": "9",
    "date": "14.03.21"
  },
  {
    "review_id": "8592121",
    "movie_id": "103320",
    "author": "iffn****",
    "review": "암살되었다로 끝나는 게 아닌 다른 시작",
    "rating": "8",
    "date": "14.03.21"
  },
  {
    "review_id": "8591956",
    "movie_id": "103320",
    "author": "guev****",
    "review": "초반부터 엔딩까지흥미롭게 전개되는군",
    "rating": "7",
    "date": "14.03.21"
  },
  {
    "review_id": "8590538",
    "movie_id": "103320",
    "author": "dlwo****",
    "review": "익히 알려진 사건의 색다른 접근.",
    "rating": "7",
    "date": "14.03.20"
  },
  {
    "review_id": "8589712",
    "movie_id": "103320",
    "author": "youn****",
    "review": "보는 내내 흥미진진..",
    "rating": "7",
    "date": "14.03.20"
  },
  {
    "review_id": "8589708",
    "movie_id": "103320",
    "author": "elij****",
    "review": "대박.. 진짜 케네디 암살을 다룬 영화중에 이렇게 새로운 영화는 처음인듯 시사회에서 보고 완전 몰입함 ㅜㅜ 대박임",
    "rating": "10",
    "date": "14.03.20"
  },
  {
    "review_id": "8589703",
    "movie_id": "103320",
    "author": "cock****",
    "review": "암살당한 케네디만 관심있었는데 다른시각으로 보니 색다르네요~~재밌고 괜찮습니다!",
    "rating": "10",
    "date": "14.03.20"
  },
  {
    "review_id": "8589699",
    "movie_id": "103320",
    "author": "gold****",
    "review": "볼만하네요 보든가말든가",
    "rating": "7",
    "date": "14.03.20"
  },
  {
    "review_id": "8589681",
    "movie_id": "103320",
    "author": "fory****",
    "review": "진짜 연기력이 미쳤다 장난아니다",
    "rating": "9",
    "date": "14.03.20"
  },
  {
    "review_id": "8589666",
    "movie_id": "103320",
    "author": "pret****",
    "review": "사실 암살당했다는 것만 알았지 다른 사람들한테 무슨 일이있었는지는 전혀 몰랐는데 정말 완전 홀린듯 봤네요. 한시도 지루할 틈이 없었음. 스포라 많이 쓸수는 없지만 마지막의 대비에서는 좀 찡해서 눈물도 나구요ㅜ",
    "rating": "10",
    "date": "14.03.20"
  },
  {
    "review_id": "8589596",
    "movie_id": "103320",
    "author": "yhsy****",
    "review": "사건을 바라보는 새로운 시선이 탁월하다!",
    "rating": "9",
    "date": "14.03.20"
  },
  {
    "review_id": "8589514",
    "movie_id": "103320",
    "author": "fatb****",
    "review": "ㅠㅜ 뭐야이거...아 욕나와",
    "rating": "1",
    "date": "14.03.20"
  }
]