[
  {
    "review_id": "10234976",
    "movie_id": "103330",
    "author": "sori****",
    "review": "오랜만에  힐링되었어요. 신인들이 나와서 기대 안 했는 데 80년대 후반 팝과 어우려져  후반부 갈수록 이야기도 잘 풀어내고 특히 메그 역활 배우 얼굴도 예쁘고 연기 노래 다 맘에 들었어요.극장에서 봤으면 추억에 빠져 더 감동적이었을 것 같아요.",
    "rating": "10",
    "date": "15.08.15"
  },
  {
    "review_id": "10106200",
    "movie_id": "103330",
    "author": "bell****",
    "review": "완전 신나고 재밌네요~ 뮤지컬 영화 진짜 좋아요 ㅋㅋ",
    "rating": "10",
    "date": "15.07.15"
  },
  {
    "review_id": "9805646",
    "movie_id": "103330",
    "author": "godd****",
    "review": "보면 행복해지는 영화네요..ㅎㅎ",
    "rating": "10",
    "date": "15.03.25"
  },
  {
    "review_id": "9730600",
    "movie_id": "103330",
    "author": "yeoj****",
    "review": "과거에 동생이 버린 남자를 언니가 주워서 결혼하려하고 결혼하는날 언니가 버린 남자를 또다시 동생이 주워 담은.. 뭐지 이 막장 스멜ㅠㅠㅠ그리고 남자 잘생기긴했는데 노래할때 겁나깸.. 맘마미아 레미제라블 같은 영화인줄알았쨘나>_<낚였다",
    "rating": "1",
    "date": "15.02.23"
  },
  {
    "review_id": "9694562",
    "movie_id": "103330",
    "author": "oojj****",
    "review": "뻔한 내용에 노래를 붙인 영화일 뿐. 줄거리 영화 시작에 파악됨.",
    "rating": "5",
    "date": "15.02.14"
  },
  {
    "review_id": "9672796",
    "movie_id": "103330",
    "author": "psp2****",
    "review": "스토리가 부실한 반가운 뮤직컬 영화",
    "rating": "5",
    "date": "15.02.06"
  },
  {
    "review_id": "9559353",
    "movie_id": "103330",
    "author": "kima****",
    "review": "엄청 기대를 하고 예매하였으나..보지 못했다..돈만날림ㅠㅠ",
    "rating": "8",
    "date": "15.01.04"
  },
  {
    "review_id": "9521914",
    "movie_id": "103330",
    "author": "erik****",
    "review": "올드팝 추억에 잠기는 영화네요 스토리는 뻔하지만 볼만해요",
    "rating": "10",
    "date": "14.12.26"
  },
  {
    "review_id": "9414127",
    "movie_id": "103330",
    "author": "ueom****",
    "review": "솔직히 내용으로는 절대 권하고 싶지 않은 영화..",
    "rating": "4",
    "date": "14.11.23"
  },
  {
    "review_id": "9400799",
    "movie_id": "103330",
    "author": "kyou****",
    "review": "즐거운 음악과 재미있게 잘 봤어요~^^",
    "rating": "7",
    "date": "14.11.19"
  },
  {
    "review_id": "9398393",
    "movie_id": "103330",
    "author": "enth****",
    "review": "음.. 스토리 진부한데 다 함께 노래 부르는 모습들이 그래도 미소짓게는 만들었던 것 같아요... 노래들이 다 좋았어요!!",
    "rating": "5",
    "date": "14.11.18"
  },
  {
    "review_id": "9397795",
    "movie_id": "103330",
    "author": "bles****",
    "review": "음악도 이야기도 고리타분해",
    "rating": "4",
    "date": "14.11.18"
  },
  {
    "review_id": "9394386",
    "movie_id": "103330",
    "author": "chal****",
    "review": "아~촌스러운영화... 남주가 핸섬해서 참는다.",
    "rating": "5",
    "date": "14.11.17"
  },
  {
    "review_id": "9393784",
    "movie_id": "103330",
    "author": "wass****",
    "review": "음..영화관가서볼쿼리티는아닌듯.선곡들은좋았으나사운드녹음진정구림.주인공들이노래도그닥잘못부르고,화면연출도어설프고...걍아주아주가볍게집에서볼만한영화로추천",
    "rating": "7",
    "date": "14.11.17"
  },
  {
    "review_id": "9392260",
    "movie_id": "103330",
    "author": "jjis****",
    "review": "나름 영화/이드 매니아로서 이렇게 무명배우만 나오는 영화는 첨 봄",
    "rating": "4",
    "date": "14.11.16"
  },
  {
    "review_id": "9391817",
    "movie_id": "103330",
    "author": "wise****",
    "review": "이렇게 좋은 노래들로 이렇게 영화를 망치나?내용도 구성도 영~감독이 초짠가?",
    "rating": "5",
    "date": "14.11.16"
  },
  {
    "review_id": "9360179",
    "movie_id": "103330",
    "author": "hggb****",
    "review": "사랑하고싶다 줄리오베루티~~하트",
    "rating": "10",
    "date": "14.11.09"
  },
  {
    "review_id": "9355752",
    "movie_id": "103330",
    "author": "dios****",
    "review": "솔직히 재미있는 스토리지만  뻔한 줄거리네요 뮤지컬 노래라 음악도 좋고 주인공들이 모두 이쁘고 잘생겨서 보기도 좋았네요ㅎㅎ 재미있어요! 노래도 다 다운받고 듣고있지요",
    "rating": "10",
    "date": "14.11.08"
  },
  {
    "review_id": "9352618",
    "movie_id": "103330",
    "author": "tjgu****",
    "review": "오랜만에 뮤지컬 영화라 좋았어요",
    "rating": "9",
    "date": "14.11.07"
  },
  {
    "review_id": "9351305",
    "movie_id": "103330",
    "author": "hero****",
    "review": "밝고 유쾌해서 가볍게 보기 좋았어요~",
    "rating": "7",
    "date": "14.11.07"
  },
  {
    "review_id": "9348372",
    "movie_id": "103330",
    "author": "meej****",
    "review": "노래도 좋고 볼만한 영화네요^^",
    "rating": "10",
    "date": "14.11.07"
  },
  {
    "review_id": "9335682",
    "movie_id": "103330",
    "author": "enro****",
    "review": "일단 음 남주 잘생겨서 감정이입 저절로됨..특히 뱅글스노래 나올때 심쿵ㅠ 내용은 그냥저냥 단막극보는기분 좀 내용이 아쉽다",
    "rating": "9",
    "date": "14.11.02"
  },
  {
    "review_id": "9335679",
    "movie_id": "103330",
    "author": "herz****",
    "review": "재밌다  등장 인물도 ..노래들도  .. 이탈리아의  아름다운 썬셋도...  멀리있어 안타깝거 놓았던 그 애잔한 사랑이 이루어짐도 ..이쁜영화당♡",
    "rating": "10",
    "date": "14.11.02"
  },
  {
    "review_id": "9335556",
    "movie_id": "103330",
    "author": "ddeg****",
    "review": "배경도 너무 좋고 노래도 진짜 좋았던 영화다ㅎ!",
    "rating": "10",
    "date": "14.11.02"
  },
  {
    "review_id": "9333519",
    "movie_id": "103330",
    "author": "guev****",
    "review": "80년대의 추억을 자극하는 노래가 잔뜩 담겼지만 이야기는 허접하군",
    "rating": "2",
    "date": "14.11.01"
  },
  {
    "review_id": "9326290",
    "movie_id": "103330",
    "author": "5192****",
    "review": "한마디로 쓰레기임 돈 아깝다",
    "rating": "2",
    "date": "14.10.29"
  },
  {
    "review_id": "9309572",
    "movie_id": "103330",
    "author": "typo****",
    "review": "시대가 안맞아서 그닥 공감은 안됐지만 맘마미아 따라하기+음악짜맞추기느낌이 많이 들었다.",
    "rating": "7",
    "date": "14.10.23"
  },
  {
    "review_id": "9307841",
    "movie_id": "103330",
    "author": "lih8****",
    "review": "내용은 그래도 그냥저냥 잘봤어요",
    "rating": "10",
    "date": "14.10.22"
  },
  {
    "review_id": "9307630",
    "movie_id": "103330",
    "author": "kkon****",
    "review": "걍흥겹게볼만은했지만내용도좀공감하기힘들었고살짝어색했어요",
    "rating": "7",
    "date": "14.10.22"
  },
  {
    "review_id": "9307590",
    "movie_id": "103330",
    "author": "cej8****",
    "review": "제작비 아까워서 4점 드립니다 뮤지컬영화 좋아해서 기대했더니 추억에젖을 옛노래라는건 그렇다 치고 상황에 안어울리는곡 억지로 껴넣고 연기도 어색해 연출도 어색해 스토리까지 별로에요 유치하기 짝이없어요 돈버리고 왔음 10점주는 사람들이 이해가 안감",
    "rating": "4",
    "date": "14.10.22"
  },
  {
    "review_id": "9306556",
    "movie_id": "103330",
    "author": "krsj****",
    "review": "악평이 많아서 걱정했는데 생각보다 재밌었네요~ 10대 때 즐겨듣던 신나는 팝뮤직과 아름다운 이탈리아의 풍광이 볼만했습니다.발리우드 뮤지컬 정도를 기대하고 보시면 즐겁게 볼수 있을듯...남자주인공이 정말 잘 생긴것도 눈요깃감 ㅋㅋ",
    "rating": "10",
    "date": "14.10.21"
  },
  {
    "review_id": "9306347",
    "movie_id": "103330",
    "author": "flow****",
    "review": "스토리가 부실했으나 연기자들의 연기력이나 노래가 좋다.. 레미제라블 처럼 라이브로 부른게 아니지만 클라이맥스 장면에서 라이브로 부르면서 감동이 배가된다 워낙 명곡들이  나오니  80 년대 음악을 모르면 사전 조사 하고 볼 수 있기를...",
    "rating": "7",
    "date": "14.10.21"
  },
  {
    "review_id": "9304895",
    "movie_id": "103330",
    "author": "park****",
    "review": "저도 이탈리안 줄리오 베루티 남주인공한테 별다섯개 드림",
    "rating": "10",
    "date": "14.10.20"
  },
  {
    "review_id": "9304724",
    "movie_id": "103330",
    "author": "sara****",
    "review": "음악도 좋고 잘봤습니다",
    "rating": "10",
    "date": "14.10.20"
  },
  {
    "review_id": "9303222",
    "movie_id": "103330",
    "author": "duns****",
    "review": "뮤지컬 적인 느낌이 영화랑 초반에는 잘안어울리는 듯 했지만 이야기가 중반 후반으로 갈수록 경쾌하고 재밌고 느낌입니다. 상황에 맞춰 듣는 유명한 노래들도 영화에 몰입도를 높여줬습니다. 생각했던 것보다 재미있었습니다.",
    "rating": "8",
    "date": "14.10.19"
  },
  {
    "review_id": "9302833",
    "movie_id": "103330",
    "author": "lear****",
    "review": "오랫만에 즐겁게 잘 봤습니다^^",
    "rating": "8",
    "date": "14.10.19"
  },
  {
    "review_id": "9302048",
    "movie_id": "103330",
    "author": "joco****",
    "review": "맘마미아를 보며 힐링하고 싶어진다.",
    "rating": "5",
    "date": "14.10.19"
  },
  {
    "review_id": "9301496",
    "movie_id": "103330",
    "author": "vbri****",
    "review": "노래들이 장난 아님 !  간만에  유쾌한  기분을 느껴서 좋네요",
    "rating": "10",
    "date": "14.10.19"
  },
  {
    "review_id": "9301244",
    "movie_id": "103330",
    "author": "43ve****",
    "review": "할리데이 진짜 굿굿 노래들이 진짜너무좋아요",
    "rating": "10",
    "date": "14.10.18"
  },
  {
    "review_id": "9300532",
    "movie_id": "103330",
    "author": "bekg****",
    "review": "귀에익은 노래들에 유쾌한 전개 재밌게 즐기고왔네요",
    "rating": "8",
    "date": "14.10.18"
  },
  {
    "review_id": "9300231",
    "movie_id": "103330",
    "author": "ilov****",
    "review": "다시 만난 그사람과의 사랑 너무 좋네요ㅎ  노래들도 좋고 멋진 사랑 하고 싶어지는 영화네요!",
    "rating": "8",
    "date": "14.10.18"
  },
  {
    "review_id": "9299647",
    "movie_id": "103330",
    "author": "534k****",
    "review": "레미제라블이후로 뮤지컬보는듯",
    "rating": "8",
    "date": "14.10.18"
  },
  {
    "review_id": "9299467",
    "movie_id": "103330",
    "author": "myon****",
    "review": "누가 이런 명곡을 가지고 이따위 밖에 못만드냐고 했는데 동감, 맘마미아는 이영화에 비하면 다크나이트라 했는데 그또한 공감공감... 여주는 안습 남주는 정말 훈훈♥♥ 음악은 명곡들이니 별4개",
    "rating": "8",
    "date": "14.10.18"
  },
  {
    "review_id": "9299121",
    "movie_id": "103330",
    "author": "wwdu****",
    "review": "조금 유치하긴 하지만 재밌었어여~",
    "rating": "9",
    "date": "14.10.18"
  },
  {
    "review_id": "9298296",
    "movie_id": "103330",
    "author": "phan****",
    "review": "앞부분은 조금 걱정스러웠지만 갈수록 푹 빠짐예전생각... 유쾌하면서도 기분좋게 만드는 영화.노래 다시 듣고 싶음.",
    "rating": "10",
    "date": "14.10.17"
  },
  {
    "review_id": "9298024",
    "movie_id": "103330",
    "author": "mukd****",
    "review": "감독 프로필 사진이 잘못된거 같은데 30rock에 나오는 트레이시가 왜?",
    "rating": "7",
    "date": "14.10.17"
  },
  {
    "review_id": "9297500",
    "movie_id": "103330",
    "author": "itru****",
    "review": "뮤지컬 영화인데 사운드 녹음 엉망, 남주는 춤도 못추고, 내용은 뻔할뻔, 주인공들 목소리도 너무 안어울리고 어제 CGV에서 뛰어 나가려다 참았습니다.진심 말리고 싶습니다. 영국의 저예산 DVD용 영화뮤지컬영화 아닙니다. 맘마미아 1/10도 안됨",
    "rating": "3",
    "date": "14.10.17"
  },
  {
    "review_id": "9297468",
    "movie_id": "103330",
    "author": "kcsw****",
    "review": "지금 들어도 좋네용. 이게 명곡의 힘인가!! 흥얼흥얼 아직도 귀에 멤돔!!  재미있어요~",
    "rating": "10",
    "date": "14.10.17"
  },
  {
    "review_id": "9297391",
    "movie_id": "103330",
    "author": "limm****",
    "review": "기대 없이 봤는데   , 재미져요 !!!  여행다녀온지 얼마 안되서 봐서 그런가 ....다시 여행가게끔 만드네요!!  씐나 씐나!!",
    "rating": "10",
    "date": "14.10.17"
  },
  {
    "review_id": "9297348",
    "movie_id": "103330",
    "author": "dcan****",
    "review": "상영 내내 무표정으로 보게되는, 단 한번도 웃지 않게 되는 이런 영화는 처음입니다. 배급사는 왜 이런 영화를 수입하여 외화를 낭비하고 관객들에게 고통을 선사하는지 모르겠습니다",
    "rating": "2",
    "date": "14.10.17"
  },
  {
    "review_id": "9297172",
    "movie_id": "103330",
    "author": "toct****",
    "review": "영화보는 내내 즐겁게 속으로 노래따라부름.. 8,90년도 내 세대의 올드팝이라 더 정감가는.ㅋㅋ",
    "rating": "10",
    "date": "14.10.17"
  },
  {
    "review_id": "9296870",
    "movie_id": "103330",
    "author": "pure****",
    "review": "뮤지컬 영화 답게 노래도 신나고 생각보다 재미있었어요!",
    "rating": "10",
    "date": "14.10.16"
  },
  {
    "review_id": "9296660",
    "movie_id": "103330",
    "author": "dbw0****",
    "review": "지루하지 않고 노래들도 좋고 재밋는 영화네요ㅎㅎ",
    "rating": "10",
    "date": "14.10.16"
  },
  {
    "review_id": "9296527",
    "movie_id": "103330",
    "author": "gkse****",
    "review": "유쾌한뮤지걸영화ㅋ끝나고도나왔던노래들을흥얼흥얼ㅋ",
    "rating": "8",
    "date": "14.10.16"
  },
  {
    "review_id": "9296343",
    "movie_id": "103330",
    "author": "dong****",
    "review": "뮤지컬 영화만의 매력이 있네요~ 신나고 재밌었습니다 !",
    "rating": "10",
    "date": "14.10.16"
  },
  {
    "review_id": "9296319",
    "movie_id": "103330",
    "author": "bass****",
    "review": "할리데이~ 노래들도 신나고 재밌었어요! 재밌게 보고 갑니당",
    "rating": "10",
    "date": "14.10.16"
  },
  {
    "review_id": "9296301",
    "movie_id": "103330",
    "author": "2hye****",
    "review": "신나고 즐거웠어요!  좋은노래 많이듣고 좋네요",
    "rating": "9",
    "date": "14.10.16"
  },
  {
    "review_id": "9296124",
    "movie_id": "103330",
    "author": "whtj****",
    "review": "남자주인공이 엄청 잘생김 잘생김 잘생기고상큼함. 솔직히 노랜 그냥 그런데 남자주인공한테 별다섯개드림",
    "rating": "10",
    "date": "14.10.16"
  },
  {
    "review_id": "9295915",
    "movie_id": "103330",
    "author": "pbc1****",
    "review": "맘마미아! 와 같은 영화. 사랑스럽고 유쾌한 영화.",
    "rating": "8",
    "date": "14.10.16"
  },
  {
    "review_id": "9295728",
    "movie_id": "103330",
    "author": "leo8****",
    "review": "시사회 봤는데 ...지중해가보고 싶음 ㅋㅋㅋ 재미 짐 ㅎㅎ",
    "rating": "10",
    "date": "14.10.16"
  },
  {
    "review_id": "9295624",
    "movie_id": "103330",
    "author": "hoya****",
    "review": "오랜 추억속으로 젖어들게 만드는 음악과, 노래를 불렀던 가수들을 떠올릴수 있어서 좋았는데,,, 구성은  단막극을 보는것 같을 느낌이었다고나  할까?~",
    "rating": "8",
    "date": "14.10.16"
  },
  {
    "review_id": "9295511",
    "movie_id": "103330",
    "author": "dlgy****",
    "review": "추억의 명곡들도 듣고 정말 유쾌한 영화입니다~넘 좋았어요~",
    "rating": "10",
    "date": "14.10.16"
  },
  {
    "review_id": "9295502",
    "movie_id": "103330",
    "author": "juwi****",
    "review": "시사회로 봤는데 재밌게 봤어요 ㅋㅋㅋ음악도 신나구  영화자체가 이뻤어요 ~",
    "rating": "10",
    "date": "14.10.16"
  },
  {
    "review_id": "9295432",
    "movie_id": "103330",
    "author": "ppun****",
    "review": "노래~ 너무~ 좋았으....",
    "rating": "10",
    "date": "14.10.16"
  },
  {
    "review_id": "9295404",
    "movie_id": "103330",
    "author": "kalo****",
    "review": "나름 추억에 젖어들고 좋았음ㅋㅋ아무생각없이 가볍게 보고오기 추천요~",
    "rating": "9",
    "date": "14.10.16"
  },
  {
    "review_id": "9295377",
    "movie_id": "103330",
    "author": "dark****",
    "review": "첫장면 노래 나올때부터 벙쪘음.. 너무 촌스러워서 ㅠㅠ 여주는 연기를 못하고, 남주는  화보찍는듯 계속 모델포스 , 언니가 주인공이었으면 나았을걸.. 감정이입도 안되고 노래도 재미없고 맘마미아같이 노래가 세련된게 아니라 다 트로트삘 쿵짝뽕짝..",
    "rating": "4",
    "date": "14.10.16"
  },
  {
    "review_id": "9295086",
    "movie_id": "103330",
    "author": "com3****",
    "review": "명곡으로 이루어진 97분짜리 뮤직비디오그 이상도 이하도 아니였다 진부한 스토리, 요즘의 20대는 잘 모르는 곡들 맘마미아를 기대하고 극장을 찾는다면 실망을 할듯",
    "rating": "5",
    "date": "14.10.16"
  },
  {
    "review_id": "9294932",
    "movie_id": "103330",
    "author": "tosu****",
    "review": "1빠다...,...",
    "rating": "10",
    "date": "14.10.16"
  }
]