[
  {
    "review_id": "9934813",
    "movie_id": "103343",
    "author": "s2yo****",
    "review": "ost 안나온게 너무 아쉽다.목소리 너무 성스럽..디즈니 왕자님st",
    "rating": "10",
    "date": "15.05.21"
  },
  {
    "review_id": "9827796",
    "movie_id": "103343",
    "author": "wlsg****",
    "review": "난 그냥 마틴이 노래부르는게 좋을 뿐...",
    "rating": "10",
    "date": "15.04.05"
  },
  {
    "review_id": "9802439",
    "movie_id": "103343",
    "author": "yumi****",
    "review": "의외로 연예인들 더빙 목소리는 거슬리지 않고 좋았으나.. 애니가 계속 과거로 도돌이표하다가 악당이 끝에 급 반성하며 후다닥 마무리됨. 그냥 크리스마스 기분낼 겸 킬링타임으로 적합할 듯. 애니 3D구현은 선명하고 편안한 그림체이고 노래 5~6곡 나옴 b",
    "rating": "6",
    "date": "15.03.23"
  },
  {
    "review_id": "9728135",
    "movie_id": "103343",
    "author": "hise****",
    "review": "흠 수호가나와서그런지 평점에는 영화얘기가아니라 수호얘기가 나오네요 참 무개념팬이네요 일자리뺏기면 기분이조으세요?엑소빠순이들?ㅡ.ㅡ",
    "rating": "1",
    "date": "15.02.22"
  },
  {
    "review_id": "9702590",
    "movie_id": "103343",
    "author": "nklw****",
    "review": "초반부터 몰입감 주어서 볼만함. 순수 상영시간이 약 70분이라 좀 짧지만",
    "rating": "8",
    "date": "15.02.16"
  },
  {
    "review_id": "9647930",
    "movie_id": "103343",
    "author": "lsb2****",
    "review": "대박 재미있었어요. 짱이에요",
    "rating": "10",
    "date": "15.01.29"
  },
  {
    "review_id": "9515505",
    "movie_id": "103343",
    "author": "oopp****",
    "review": "준면이 더빙 겁ㄴ나잘해요♥",
    "rating": "10",
    "date": "14.12.25"
  },
  {
    "review_id": "9511659",
    "movie_id": "103343",
    "author": "ske4****",
    "review": "작품성으론 10점이다 하지만 딴따라들의 더빙은 최악이었다!!",
    "rating": "10",
    "date": "14.12.25"
  },
  {
    "review_id": "9506493",
    "movie_id": "103343",
    "author": "osz2****",
    "review": "더빙판 보지마세요... 주인공 한사람의 목소리가 영화 전체를 망치는 좋은 예네요.. 주먹왕 랄프의 정준하는 그래도 봐줄만 했는데 진짜 어설프네요... 성우를 써도 전문성우를 써야하는데...",
    "rating": "6",
    "date": "14.12.24"
  },
  {
    "review_id": "9503879",
    "movie_id": "103343",
    "author": "k070****",
    "review": "너무 재밋고 학교에서 또 봄 쩔 재밋",
    "rating": "10",
    "date": "14.12.23"
  },
  {
    "review_id": "9458892",
    "movie_id": "103343",
    "author": "glsh****",
    "review": "마티니가 더빙해서 헤실데실거리며 봤는데스토리는 딱히..버나드가 과거로 너무 많이 돌아가서 지루하기도 했음 그것만 빼면 재밌게 봤음",
    "rating": "8",
    "date": "14.12.08"
  },
  {
    "review_id": "9391517",
    "movie_id": "103343",
    "author": "nyj1****",
    "review": "준면며념념녀념념념녀면",
    "rating": "10",
    "date": "14.11.16"
  },
  {
    "review_id": "9328020",
    "movie_id": "103343",
    "author": "mhn0****",
    "review": "수호짱짱!♥♥목소리 완전 심쿵♥노래도 되게잘 불르네요!♥",
    "rating": "10",
    "date": "14.10.30"
  },
  {
    "review_id": "9284337",
    "movie_id": "103343",
    "author": "know****",
    "review": "수호 오빠 목소리 진짜 좋아요! 반하고 또 반하는 듯... 은지 언니랑 노래 정말 좋았고 잘 들었어요! 역시 엑소 리더 엓수호!",
    "rating": "10",
    "date": "14.10.11"
  },
  {
    "review_id": "9237084",
    "movie_id": "103343",
    "author": "seon****",
    "review": "ㅎㅎㅎ전 자막을봐서 신동엽씨목소리못들었네요..애니짱 만세~~`",
    "rating": "10",
    "date": "14.09.23"
  },
  {
    "review_id": "9103517",
    "movie_id": "103343",
    "author": "cygo****",
    "review": "영화 자체는 노잼인데 마틴엉아 왜이렇게 노래를 잘부르냐ㅜㅜㅜㅜ아으ㅜㅜㅜ 빌보 왓슨 환청이 들림 ㅜㅜㅜㅜ",
    "rating": "7",
    "date": "14.08.17"
  },
  {
    "review_id": "9055719",
    "movie_id": "103343",
    "author": "qkqk****",
    "review": "역시 정은지♡♡♡   노래도 잘부르고 목소리연기도 짱이예요",
    "rating": "10",
    "date": "14.08.09"
  },
  {
    "review_id": "9045884",
    "movie_id": "103343",
    "author": "a025****",
    "review": "짱짱!!!12월에는 보지못하고 아까방금봤는데 제밌네여",
    "rating": "10",
    "date": "14.08.07"
  },
  {
    "review_id": "9001758",
    "movie_id": "103343",
    "author": "6661****",
    "review": "연예인성우치곤 괜찮은데 영화 자체가 진심노잼..",
    "rating": "6",
    "date": "14.08.01"
  },
  {
    "review_id": "8977507",
    "movie_id": "103343",
    "author": "eyy0****",
    "review": "어쩐지...버나드 목소리 많이 들어봤다 했어...준면이였구나...ㅎ",
    "rating": "10",
    "date": "14.07.29"
  },
  {
    "review_id": "8965061",
    "movie_id": "103343",
    "author": "eell****",
    "review": "은지도 짱 수호도 짱~ 영화가 좋네여~~",
    "rating": "10",
    "date": "14.07.26"
  },
  {
    "review_id": "8936656",
    "movie_id": "103343",
    "author": "mcma****",
    "review": "우리  나라성우진들 봐라,,한심하네..애들  애니메이션에 수호랑 정은지 얘기만 지껄여대고들 있네 여긴 영화 평 하는데지 빠티내는곳이 아니다. 작품 자체가 별로여서 그나마 다행  좋은 작품이였음 안타까웠을 꺼다  어차피 더빙은 안봤겠지만.",
    "rating": "6",
    "date": "14.07.21"
  },
  {
    "review_id": "8926967",
    "movie_id": "103343",
    "author": "mnht****",
    "review": "재밌어요! 수호 목소리연기도 처음치고 잘했고 노래짱짱!! 또 반했음 꿈을 이룰수 있다는 자신감이 생겼어요!",
    "rating": "10",
    "date": "14.07.18"
  },
  {
    "review_id": "8917677",
    "movie_id": "103343",
    "author": "hari****",
    "review": "진심 순수해지는 영화 ㅠㅠㅠㅠ 너무 좋아요 ㅠㅠ강추강추강추!!!",
    "rating": "10",
    "date": "14.07.15"
  },
  {
    "review_id": "8871131",
    "movie_id": "103343",
    "author": "junk****",
    "review": "정은지 짱!!! 홧팅!",
    "rating": "10",
    "date": "14.06.30"
  },
  {
    "review_id": "8862658",
    "movie_id": "103343",
    "author": "sjfj****",
    "review": "수호 팬 아니라도 재미있어요! 이거보고 수호 팬됨ㅠㅠ 목소리 정말 좋아요",
    "rating": "10",
    "date": "14.06.27"
  },
  {
    "review_id": "8839615",
    "movie_id": "103343",
    "author": "jjka****",
    "review": "동심으로 돌아간듯한기분! 노래도 짱짱!",
    "rating": "10",
    "date": "14.06.18"
  },
  {
    "review_id": "8835969",
    "movie_id": "103343",
    "author": "lyhu****",
    "review": "수호 스릉해요♥♥ 목소리 짱짱맨!!♥♥",
    "rating": "10",
    "date": "14.06.16"
  },
  {
    "review_id": "8765057",
    "movie_id": "103343",
    "author": "gint****",
    "review": "크리스마스에 맞취서 아이들과 볼수있어 좋았지만...스토리에 빈틈이 보이는...",
    "rating": "7",
    "date": "14.05.25"
  },
  {
    "review_id": "8761026",
    "movie_id": "103343",
    "author": "wde1****",
    "review": "정말 재미있어요~역시 세이빙 산타네요~^^",
    "rating": "9",
    "date": "14.05.24"
  },
  {
    "review_id": "8750032",
    "movie_id": "103343",
    "author": "akal****",
    "review": "저만 재밌었나요...?",
    "rating": "10",
    "date": "14.05.20"
  },
  {
    "review_id": "8724883",
    "movie_id": "103343",
    "author": "kara****",
    "review": "애니의 기본도 못하는 졸작....처음시작되고 캐릭들 얼굴보면 끄고싶다...이야기는 더욱더 한심...졸림..",
    "rating": "3",
    "date": "14.05.11"
  },
  {
    "review_id": "8719084",
    "movie_id": "103343",
    "author": "acti****",
    "review": "가나다라마바사아자차카",
    "rating": "10",
    "date": "14.05.10"
  },
  {
    "review_id": "8718630",
    "movie_id": "103343",
    "author": "brid****",
    "review": "같은내용 계속반복. 아이 지루해함",
    "rating": "4",
    "date": "14.05.09"
  },
  {
    "review_id": "8671334",
    "movie_id": "103343",
    "author": "burb****",
    "review": "아이들이 즐겁고 재미있어해서 좋았어요아이들에게 꿈과 희망을 전해주는 영화",
    "rating": "7",
    "date": "14.04.25"
  },
  {
    "review_id": "8657181",
    "movie_id": "103343",
    "author": "gf10****",
    "review": "크리스마스를 지켜내기위한 고군분투....볼만한 영화였어요...",
    "rating": "5",
    "date": "14.04.18"
  },
  {
    "review_id": "8657134",
    "movie_id": "103343",
    "author": "scy3****",
    "review": "음.수호가 나오내연♥",
    "rating": "10",
    "date": "14.04.18"
  },
  {
    "review_id": "8625700",
    "movie_id": "103343",
    "author": "taeh****",
    "review": "에이핑크 정은지 엑소 수호 짱",
    "rating": "10",
    "date": "14.04.03"
  },
  {
    "review_id": "8595783",
    "movie_id": "103343",
    "author": "book****",
    "review": "수호 수호 준멘 준멘 준렐루야~!!!",
    "rating": "10",
    "date": "14.03.22"
  },
  {
    "review_id": "8541268",
    "movie_id": "103343",
    "author": "swee****",
    "review": "하... 왜 아이돌들은 더빙만 하면 목소리가 다 똑같냐?ㅠㅠ 내용은 재밌었음. 9점? 10점 정도? 근데.... 아... 정말 전문 성우 쓰면 안돼요?ㅠㅠ",
    "rating": "7",
    "date": "14.02.27"
  },
  {
    "review_id": "8528686",
    "movie_id": "103343",
    "author": "bong****",
    "review": "수호수호버어나아드으♥",
    "rating": "10",
    "date": "14.02.22"
  },
  {
    "review_id": "8523517",
    "movie_id": "103343",
    "author": "wlsg****",
    "review": "재미있음다들보세요~~",
    "rating": "10",
    "date": "14.02.20"
  },
  {
    "review_id": "8517808",
    "movie_id": "103343",
    "author": "hany****",
    "review": "수호 대박대박 감동먹엇서요ㅠㅠㅠ♥",
    "rating": "10",
    "date": "14.02.17"
  },
  {
    "review_id": "8517566",
    "movie_id": "103343",
    "author": "algh****",
    "review": "준면이가 나와서(비중이 제일커서)",
    "rating": "10",
    "date": "14.02.17"
  },
  {
    "review_id": "8511898",
    "movie_id": "103343",
    "author": "yjin****",
    "review": "믿-음직한 아-이도올",
    "rating": "6",
    "date": "14.02.16"
  },
  {
    "review_id": "8511453",
    "movie_id": "103343",
    "author": "beau****",
    "review": "어른이 봐도 잼나요 애들보다ㅎㅎ",
    "rating": "5",
    "date": "14.02.15"
  },
  {
    "review_id": "8509259",
    "movie_id": "103343",
    "author": "phh0****",
    "review": "넘 재미있었어요~~또보고싶네요",
    "rating": "10",
    "date": "14.02.15"
  },
  {
    "review_id": "8508527",
    "movie_id": "103343",
    "author": "minj****",
    "review": "아.. 영화보다가 녹겠다.. 달달한 수호 오빠 목소리 듣다가..",
    "rating": "10",
    "date": "14.02.15"
  },
  {
    "review_id": "8505102",
    "movie_id": "103343",
    "author": "rn00****",
    "review": "크리스마스를 더 특별하고 겨울을 유쾌하게 보낼수 있도록 도와준 영화인것 같네요 영화에 나오는 노래도 정말 좋고 노래에 담겨있는 뜻도 좋은것같아요~",
    "rating": "10",
    "date": "14.02.13"
  },
  {
    "review_id": "8498385",
    "movie_id": "103343",
    "author": "king****",
    "review": "내가 이나이먹고 이런거 볼줄 몰랐다 .. 근데 은근 재밌었음 . 동심을 되찾아thㅓ !",
    "rating": "10",
    "date": "14.02.11"
  },
  {
    "review_id": "8495161",
    "movie_id": "103343",
    "author": "eyes****",
    "review": "기대를 많이 햇는더 조금 지루햇어요ㅜ",
    "rating": "7",
    "date": "14.02.10"
  },
  {
    "review_id": "8495064",
    "movie_id": "103343",
    "author": "yun1****",
    "review": "아이들이너무재밌게봤던영화입니다.",
    "rating": "10",
    "date": "14.02.10"
  },
  {
    "review_id": "8491101",
    "movie_id": "103343",
    "author": "full****",
    "review": "모든사람들이 다 착하게 변해라 얍.",
    "rating": "10",
    "date": "14.02.09"
  },
  {
    "review_id": "8488438",
    "movie_id": "103343",
    "author": "blue****",
    "review": "볼게  없어서  봤는데  역시  잼없었네여....  졸았음",
    "rating": "5",
    "date": "14.02.08"
  },
  {
    "review_id": "8485287",
    "movie_id": "103343",
    "author": "des0****",
    "review": "Martin freeman~! ♥O♥",
    "rating": "10",
    "date": "14.02.07"
  },
  {
    "review_id": "8477743",
    "movie_id": "103343",
    "author": "exo2****",
    "review": "정말 재미있고 수호 정말잘하네요♥",
    "rating": "10",
    "date": "14.02.05"
  },
  {
    "review_id": "8474943",
    "movie_id": "103343",
    "author": "psb1****",
    "review": "엑소팬이지만 아무래도 더빙은 좀 연습을 한 뒤에 하는게 더 나았을 것 같다는 생각이들어요. 한번에 떠서 영화까지 맡는데... 별로 크게 원치 않습니다. 조금더 있다가 해도 되지 않나는 생각도 들고.. 욕이나 먹지 않았으면 좋겠는데 그게 쉽지도 않고..",
    "rating": "5",
    "date": "14.02.04"
  },
  {
    "review_id": "8473997",
    "movie_id": "103343",
    "author": "da00****",
    "review": "수호 녹음하느라 수고 했어요 다른 분들도요 정말 좋네요 아항항",
    "rating": "10",
    "date": "14.02.04"
  },
  {
    "review_id": "8471531",
    "movie_id": "103343",
    "author": "cokr****",
    "review": "완전완전재미있어요!!!",
    "rating": "10",
    "date": "14.02.03"
  },
  {
    "review_id": "8466252",
    "movie_id": "103343",
    "author": "hwa4****",
    "review": "수호 개머시따♡♡♡♡",
    "rating": "10",
    "date": "14.02.02"
  },
  {
    "review_id": "8462752",
    "movie_id": "103343",
    "author": "wltj****",
    "review": "예쁘고 재미있는 영화  딸과 잘 봤네요",
    "rating": "8",
    "date": "14.02.01"
  },
  {
    "review_id": "8445373",
    "movie_id": "103343",
    "author": "gwyu****",
    "review": "동심이살아나는?기분ㅋㅋㅋ",
    "rating": "10",
    "date": "14.01.29"
  },
  {
    "review_id": "8445167",
    "movie_id": "103343",
    "author": "0125****",
    "review": "재밌었으나 뭔가 좀 부족한 느낌 !!!",
    "rating": "7",
    "date": "14.01.29"
  },
  {
    "review_id": "8443192",
    "movie_id": "103343",
    "author": "ism0****",
    "review": "넘 재미잇ㅅ을듯 합니다^^준면오빠가 더빙했다고 하니꼭 봐야 겠어요^^",
    "rating": "9",
    "date": "14.01.29"
  },
  {
    "review_id": "8442850",
    "movie_id": "103343",
    "author": "lsr4****",
    "review": "중간 중간에 노래파트가 되게 좋네요.",
    "rating": "10",
    "date": "14.01.29"
  },
  {
    "review_id": "8436946",
    "movie_id": "103343",
    "author": "dlat****",
    "review": "굿~ㅋㅋㅋㅋ!!!!",
    "rating": "10",
    "date": "14.01.27"
  },
  {
    "review_id": "8436553",
    "movie_id": "103343",
    "author": "rlas****",
    "review": "한번보고왓는데 마치 세번본느낌ㅋㅋㅋ 버나드가 시간여행응 세번해서 진짜 많이본느낌이에옄ㅋ처음시작하자마자 수호목소리달달하고 좋앗어요~  아! 꼭 나쵸먹으면서보세요~ㅋ",
    "rating": "10",
    "date": "14.01.27"
  },
  {
    "review_id": "8435522",
    "movie_id": "103343",
    "author": "snai****",
    "review": "더빙거지같아서 못봐주겟네",
    "rating": "1",
    "date": "14.01.27"
  },
  {
    "review_id": "8434548",
    "movie_id": "103343",
    "author": "ashl****",
    "review": "노래완전 bb 열심히 한거 같아서 좋아여 내용도 내용이지만 목소리가 너무 좋고..",
    "rating": "10",
    "date": "14.01.27"
  },
  {
    "review_id": "8432651",
    "movie_id": "103343",
    "author": "kubo****",
    "review": "연예인 더빙이라 닥치고 1점",
    "rating": "1",
    "date": "14.01.26"
  },
  {
    "review_id": "8428992",
    "movie_id": "103343",
    "author": "kik7****",
    "review": "5세 아들과 함께 봤는데  전 그럭저럭  했는데 아이는 너무나 잼있어  하네요~~^^ 또보고싶다고 ㅋ더빙으로봐서  더 잼있었던거 같아요~~^^",
    "rating": "8",
    "date": "14.01.26"
  },
  {
    "review_id": "8426248",
    "movie_id": "103343",
    "author": "hhm3****",
    "review": "수호때문에 봤네요 정말재미없음 5점도 아까운듯한 영화",
    "rating": "5",
    "date": "14.01.25"
  },
  {
    "review_id": "8422591",
    "movie_id": "103343",
    "author": "peac****",
    "review": "재밌음!! 이 나이 먹고 애니메이션 볼 줄은 몰랐지만 기대이상으로 되게 재밌었어요~ 중간중간에 나오는 ost가 그렇게 좋던...ㅎㅎ",
    "rating": "10",
    "date": "14.01.25"
  },
  {
    "review_id": "8421600",
    "movie_id": "103343",
    "author": "dmsd****",
    "review": "준멘루야~~ 준멘루야~~",
    "rating": "1",
    "date": "14.01.24"
  },
  {
    "review_id": "8419540",
    "movie_id": "103343",
    "author": "upsu****",
    "review": "점수가낮은이유는다잇다. 더빙은 성우에게",
    "rating": "1",
    "date": "14.01.24"
  },
  {
    "review_id": "8416224",
    "movie_id": "103343",
    "author": "rktn****",
    "review": "수호 더빙연기 잘하더라..그리고 노래도 잘하구.. 스토리는 애들이 이해하긴 좀 어려울수도.. 과거로 계속 돌아갈때 좀 지루하기도..",
    "rating": "7",
    "date": "14.01.23"
  },
  {
    "review_id": "8414868",
    "movie_id": "103343",
    "author": "cute****",
    "review": "특별히 스토리가 펼쳐지는 것도 아니고, 어수선하고, 조잡한 내용\" 나름 예쁜 영상과 캐릭터와 성우들의 노력과 수고가, 영화의 질떨어짐으로인해, 덩달아 수고가 빛나지 않음 ㅜ 여러모로 아쉬운 영화!떡먹는 용만이 보는 줄/;: 앞으로분발하라는행운의칠점!",
    "rating": "7",
    "date": "14.01.23"
  },
  {
    "review_id": "8404791",
    "movie_id": "103343",
    "author": "pink****",
    "review": "세이빙산타..완전푸욱빠지임♥수호까지♥",
    "rating": "10",
    "date": "14.01.20"
  },
  {
    "review_id": "8401805",
    "movie_id": "103343",
    "author": "oopk****",
    "review": "짱짱재미있었음♥♥♥",
    "rating": "10",
    "date": "14.01.20"
  },
  {
    "review_id": "8400173",
    "movie_id": "103343",
    "author": "gmld****",
    "review": "성우들의 목소리가 캐릭터랑 잘 어울리네요~",
    "rating": "10",
    "date": "14.01.19"
  },
  {
    "review_id": "8399366",
    "movie_id": "103343",
    "author": "b1a4****",
    "review": "진심재미없는듯;;;; 이건뭐지ㅋ 수호 다행히 엄청막 그렇게 어색하진않아서 다행이다ㅋㅋ",
    "rating": "4",
    "date": "14.01.19"
  },
  {
    "review_id": "8396373",
    "movie_id": "103343",
    "author": "jung****",
    "review": "굉장히 재밌네요~~!",
    "rating": "10",
    "date": "14.01.18"
  },
  {
    "review_id": "8395323",
    "movie_id": "103343",
    "author": "wjdw****",
    "review": "귀여워 정은지 노래잘한다",
    "rating": "10",
    "date": "14.01.18"
  },
  {
    "review_id": "8393138",
    "movie_id": "103343",
    "author": "dbsw****",
    "review": "세이빙산타짱쨩쫭쫭짱",
    "rating": "9",
    "date": "14.01.18"
  },
  {
    "review_id": "8392323",
    "movie_id": "103343",
    "author": "best****",
    "review": "마틴 프리먼 목소리 연기 굿. 소재도 참신하고 재미있었다. 그리고 어린이들 수준에 안맞다고 별로라고 하시는 분이 있는데 꼭 만화가 어린이들만 보라고 있는건 아니지 않나?",
    "rating": "6",
    "date": "14.01.17"
  },
  {
    "review_id": "8392032",
    "movie_id": "103343",
    "author": "rick****",
    "review": "반전 스토리에 깜놀.. 뮤지컬같은 애니에 또 깜놀!!완전 재밌고, 내 모습을 돌아보게 만드는 세이빙산타.짱이에요!",
    "rating": "10",
    "date": "14.01.17"
  },
  {
    "review_id": "8389038",
    "movie_id": "103343",
    "author": "exol****",
    "review": "수호 잔짜 목소리?데뷔?지만 연기 잘하는듯해요",
    "rating": "10",
    "date": "14.01.16"
  },
  {
    "review_id": "8388906",
    "movie_id": "103343",
    "author": "masq****",
    "review": "3D MAX 2003으로 만든 대학생 졸작인줄..",
    "rating": "1",
    "date": "14.01.16"
  },
  {
    "review_id": "8386947",
    "movie_id": "103343",
    "author": "dkal****",
    "review": "재밋음ㅋ1ㅋ1ㅋ1ㅋ1",
    "rating": "10",
    "date": "14.01.16"
  },
  {
    "review_id": "8384531",
    "movie_id": "103343",
    "author": "tjdi****",
    "review": "재밋었어요!! 모두 더빙잘하더라구요!!",
    "rating": "10",
    "date": "14.01.15"
  },
  {
    "review_id": "8384409",
    "movie_id": "103343",
    "author": "jees****",
    "review": "오오생각보다재미도 있고 준면오빠랑 은지언니 목소리 잘맞아서 잘보고왔네요!",
    "rating": "10",
    "date": "14.01.15"
  },
  {
    "review_id": "8384005",
    "movie_id": "103343",
    "author": "tang****",
    "review": "평점이 높아서 기대했는데 지금 보니깐 십대 평점이 압도적으로 높은것이 엑소팬들이 높게 평점을 준거네요 나름 재밌었지만 기대만큼은 아니였어요 그리고 버나드는 익살스러운 캐틱터인데 버나드의 더빙 목소리가 너무 잔잔하고 감미로우니깐 안어울려서 별로였네요",
    "rating": "6",
    "date": "14.01.15"
  },
  {
    "review_id": "8383952",
    "movie_id": "103343",
    "author": "gjqm****",
    "review": "재미있어요 재미있어요",
    "rating": "10",
    "date": "14.01.15"
  },
  {
    "review_id": "8382190",
    "movie_id": "103343",
    "author": "jaej****",
    "review": "헐..이건더빙이랑자막이랑다봐야할듯..마틴이랑수호라니..ㄷㄷ",
    "rating": "10",
    "date": "14.01.14"
  },
  {
    "review_id": "8380879",
    "movie_id": "103343",
    "author": "rotj****",
    "review": "끝부붙에 동심을 끌어내면서 뭉클했지만 전체적으로 지루한 전개...",
    "rating": "7",
    "date": "14.01.14"
  },
  {
    "review_id": "8376453",
    "movie_id": "103343",
    "author": "loud****",
    "review": "초심으로 돌아가는 느낌! 대박",
    "rating": "10",
    "date": "14.01.12"
  },
  {
    "review_id": "8376445",
    "movie_id": "103343",
    "author": "kimj****",
    "review": "수호오빠 목소리 넘부드러워서 반했어여`][",
    "rating": "10",
    "date": "14.01.12"
  },
  {
    "review_id": "8370986",
    "movie_id": "103343",
    "author": "leel****",
    "review": "은지언니! 수호오빠!완전 좋아요~~~",
    "rating": "10",
    "date": "14.01.11"
  },
  {
    "review_id": "8370920",
    "movie_id": "103343",
    "author": "sall****",
    "review": "정은지 언니가 이렇게 영화 상영 한 줄 몰랐어요",
    "rating": "10",
    "date": "14.01.11"
  },
  {
    "review_id": "8370678",
    "movie_id": "103343",
    "author": "jsy4****",
    "review": "84분동안 수호오빠의 목소리를 듣는 게 얼마나 큰 행복인지♥♥♥",
    "rating": "10",
    "date": "14.01.11"
  }
]