[
  {
    "review_id": "10275870",
    "movie_id": "103381",
    "author": "yhee****",
    "review": "딱 이만큼..시간 때우기용.",
    "rating": "6",
    "date": "15.08.26"
  },
  {
    "review_id": "10273479",
    "movie_id": "103381",
    "author": "goms****",
    "review": "억지웃음이 만발하는 한국식 삼류 코미디의 전형",
    "rating": "1",
    "date": "15.08.25"
  },
  {
    "review_id": "10272253",
    "movie_id": "103381",
    "author": "ehdb****",
    "review": "처음에 홍종현 부모 수배중이라는 말 나오는 순간 모든 시나리오가 머릿속에 읽혀졌다.",
    "rating": "1",
    "date": "15.08.24"
  },
  {
    "review_id": "10267968",
    "movie_id": "103381",
    "author": "rhfh****",
    "review": "ㅋㅋㅋ재밌네요 적절적절",
    "rating": "7",
    "date": "15.08.23"
  },
  {
    "review_id": "10267952",
    "movie_id": "103381",
    "author": "kbh8****",
    "review": "이게영화냐? 진짜유치하고 말도안되고 스토리도 형편없고! 진세연 얼굴밖에 볼게없네",
    "rating": "1",
    "date": "15.08.23"
  },
  {
    "review_id": "10266837",
    "movie_id": "103381",
    "author": "bybo****",
    "review": "재밌기만 하다는 베플을 도저히 이해할 수가 없다. 그 사람 말만 믿고 봤건만...",
    "rating": "4",
    "date": "15.08.23"
  },
  {
    "review_id": "10265714",
    "movie_id": "103381",
    "author": "fkw0****",
    "review": "진세연의연기너무좋고요윗넘함상견례1탄보다더재미있어요.홍종현의연기보기좋았습니다",
    "rating": "9",
    "date": "15.08.23"
  },
  {
    "review_id": "10264331",
    "movie_id": "103381",
    "author": "joss****",
    "review": "액션 쓰레기 대사유치하고 정말 재미없엇다ㅋㅋㅋ 와 돈주고봣으면 큰일날뻔ㅋㅋ 그나마 진세연땜에봣다ㅋㅋㅋㅋ다들 왜이렇게 발연기냐...",
    "rating": "1",
    "date": "15.08.22"
  },
  {
    "review_id": "10263370",
    "movie_id": "103381",
    "author": "csoo****",
    "review": "재밌어요 ㄱㄱㄱㄴ 하하",
    "rating": "8",
    "date": "15.08.22"
  },
  {
    "review_id": "10261970",
    "movie_id": "103381",
    "author": "lkcb****",
    "review": "기대안하고 봤는데 너무 재미있었어요 ㅎ",
    "rating": "10",
    "date": "15.08.22"
  },
  {
    "review_id": "10261479",
    "movie_id": "103381",
    "author": "1004****",
    "review": "재미있게잘봤습니다ㅎ",
    "rating": "10",
    "date": "15.08.22"
  },
  {
    "review_id": "10256641",
    "movie_id": "103381",
    "author": "moon****",
    "review": "IQ 90이상은 스토리, 연관성등 생각하면서보면 못본다.. 말도안된다. .기대감 전혀없이 멍하게보면 간간히 잼있는부분이 있다",
    "rating": "5",
    "date": "15.08.20"
  },
  {
    "review_id": "10254814",
    "movie_id": "103381",
    "author": "kitt****",
    "review": "부모님 보여드렸는데 나름 괜찮았다고 하시네요",
    "rating": "7",
    "date": "15.08.20"
  },
  {
    "review_id": "10251239",
    "movie_id": "103381",
    "author": "wwls****",
    "review": "재밌습니다시간가는지몰랐네요",
    "rating": "9",
    "date": "15.08.19"
  },
  {
    "review_id": "10246371",
    "movie_id": "103381",
    "author": "love****",
    "review": "시간을  소중히 하세요... 데스티네이션5편이랑 맞먹는 영화네요. 절대 비추합니다. 20년전 영화보는 느낌",
    "rating": "2",
    "date": "15.08.17"
  },
  {
    "review_id": "10244241",
    "movie_id": "103381",
    "author": "pcbe****",
    "review": "그냥 소소하게 재미있고 원래 영화는 허상되게 보는거지 뭐이리 따질것도 불평도많아 진지충들^^  애초에 보지를 말던가 그냥 너네는 아무것도 보고 살면안됨 뭘보든간에 불평만 할놈들ㅎㅎ",
    "rating": "10",
    "date": "15.08.17"
  },
  {
    "review_id": "10233997",
    "movie_id": "103381",
    "author": "ekdz****",
    "review": "ㅠㅠ 보면 돈이 아까워서 안됩니다.",
    "rating": "3",
    "date": "15.08.15"
  },
  {
    "review_id": "10232788",
    "movie_id": "103381",
    "author": "wlsx****",
    "review": "이거재미있었고시즌1보다짱!",
    "rating": "9",
    "date": "15.08.15"
  },
  {
    "review_id": "10229919",
    "movie_id": "103381",
    "author": "rhdl****",
    "review": "교통사고 내고 구해준 놈한테 반한다는거 자체가 노답! 그런거 말곤 상황 같은건 재밌었다...",
    "rating": "10",
    "date": "15.08.14"
  },
  {
    "review_id": "10223505",
    "movie_id": "103381",
    "author": "otet****",
    "review": "ㅋㅋㅋㅋ많이웃고갑니다 ㅋㅋㅋㅋ",
    "rating": "8",
    "date": "15.08.13"
  },
  {
    "review_id": "10222402",
    "movie_id": "103381",
    "author": "skhj****",
    "review": "엄마랑 같이봤는데 코믹했어요",
    "rating": "7",
    "date": "15.08.13"
  },
  {
    "review_id": "10220481",
    "movie_id": "103381",
    "author": "spy2****",
    "review": "요즘 초딩도 이런영화를 보고 웃지 않을듯.로멘틱코미디물인데 그냥 다큐멘터리 보는느낌.다큐는 감동이라도 있지 ...이건 감동도 없고.그리고 배우는 좀 연기력 더 키워야 할듯.남배우는 눈만부라리고 여배우는 지나치게 이뻐보일려고 애쓰고, ..",
    "rating": "1",
    "date": "15.08.12"
  },
  {
    "review_id": "10218656",
    "movie_id": "103381",
    "author": "gree****",
    "review": "진세연 이쁘다 시트콤 느낌임",
    "rating": "7",
    "date": "15.08.12"
  },
  {
    "review_id": "10217535",
    "movie_id": "103381",
    "author": "elle****",
    "review": "홍종현의 연기가 살짝 아쉬웠지만 재밌는 영화였음 중간 중간 배우들이 툭툭 던져내는 코믹한 대사들도 웃겼음 난 집에서 봤지만 영화관에서 봤다 해도 돈아까울 정도는 아님 마지막 부분이 훈훈해서 그런지 영화가 끝나고 나서도 기분이 좋은 영화",
    "rating": "10",
    "date": "15.08.11"
  },
  {
    "review_id": "10215767",
    "movie_id": "103381",
    "author": "dowj****",
    "review": "진짜 ㅈㄴ돈아깝다 욕나온다 개노잼쓰ㅡ레기",
    "rating": "1",
    "date": "15.08.11"
  },
  {
    "review_id": "10208506",
    "movie_id": "103381",
    "author": "dmsd****",
    "review": "진짜재미있어요너무늦게썼지만그리고도둑이랑경찰이야기입니다",
    "rating": "7",
    "date": "15.08.09"
  },
  {
    "review_id": "10207404",
    "movie_id": "103381",
    "author": "jjst****",
    "review": "연기다들잘하시네요ㅋㅋ",
    "rating": "8",
    "date": "15.08.09"
  },
  {
    "review_id": "10204336",
    "movie_id": "103381",
    "author": "wjdg****",
    "review": "가족들이랑 보기엔 soso",
    "rating": "5",
    "date": "15.08.08"
  },
  {
    "review_id": "10203071",
    "movie_id": "103381",
    "author": "pbk0****",
    "review": "전편에 비해 조금 아쉬움 면이 있었다. 전체적인 흐름이나 연기 등은 괜찮았던 것 같다.",
    "rating": "6",
    "date": "15.08.08"
  },
  {
    "review_id": "10200423",
    "movie_id": "103381",
    "author": "eltt****",
    "review": "그저 한숨만..이건 대체 뭔지...",
    "rating": "2",
    "date": "15.08.08"
  },
  {
    "review_id": "10187017",
    "movie_id": "103381",
    "author": "jere****",
    "review": "최악의 졸작. 차라리 아침드라마가 낫다. 주제가 도데체 먼지? 킬링타임용이 아니라 웨이스팅 타임용. 차라리 최악평점의 워킹걸은 눈요기라도 있던데.감독 이름 외워뒀다가 혹시라도 차기작 나오면 절대로 안봐야지.",
    "rating": "1",
    "date": "15.08.05"
  },
  {
    "review_id": "10186262",
    "movie_id": "103381",
    "author": "sydr****",
    "review": "기대 안하고 봤는데 볼만함~~",
    "rating": "7",
    "date": "15.08.05"
  },
  {
    "review_id": "10184821",
    "movie_id": "103381",
    "author": "use0****",
    "review": "재밋엇어요 나쁘진 않앗는데 다른사람들을 1편이 더 재밋다고 하던데요 그냥 나쁘진 않앗어요",
    "rating": "8",
    "date": "15.08.04"
  },
  {
    "review_id": "10183779",
    "movie_id": "103381",
    "author": "dbal****",
    "review": "나도개랑대화하고싶다멍멍크르릉컹",
    "rating": "8",
    "date": "15.08.04"
  },
  {
    "review_id": "10182134",
    "movie_id": "103381",
    "author": "jh99****",
    "review": "배우들 얼굴 구경하느라 정신없는 영화",
    "rating": "3",
    "date": "15.08.03"
  },
  {
    "review_id": "10180609",
    "movie_id": "103381",
    "author": "dldn****",
    "review": "오랜만에 본 재미 있는 영화였습니다.",
    "rating": "10",
    "date": "15.08.03"
  },
  {
    "review_id": "10175508",
    "movie_id": "103381",
    "author": "jj96****",
    "review": "조금유치하지만 가볍게 볼수는 있는영화네요!",
    "rating": "3",
    "date": "15.08.02"
  },
  {
    "review_id": "10175170",
    "movie_id": "103381",
    "author": "gold****",
    "review": "아주 재미있고 호쾌하게 보았네요...",
    "rating": "8",
    "date": "15.08.02"
  },
  {
    "review_id": "10173305",
    "movie_id": "103381",
    "author": "stam****",
    "review": "얼사  만원에서 한 번 웃었다.",
    "rating": "1",
    "date": "15.08.02"
  },
  {
    "review_id": "10165941",
    "movie_id": "103381",
    "author": "drea****",
    "review": "괜찮은것같아요~^^♡",
    "rating": "10",
    "date": "15.07.31"
  },
  {
    "review_id": "10165937",
    "movie_id": "103381",
    "author": "kart****",
    "review": "평점 5점이하주는 사람들은 무슨 대단한 영화를 보겠다고 그런건지??  저는 가족들과 보기에 부담없고 즐거운 영화였습니다.",
    "rating": "9",
    "date": "15.07.31"
  },
  {
    "review_id": "10164235",
    "movie_id": "103381",
    "author": "wiss****",
    "review": "그냥 아무내용도 기억이 안남..",
    "rating": "1",
    "date": "15.07.31"
  },
  {
    "review_id": "10159044",
    "movie_id": "103381",
    "author": "shin****",
    "review": "진세연 이뻐 하악하악하악",
    "rating": "8",
    "date": "15.07.30"
  },
  {
    "review_id": "10156639",
    "movie_id": "103381",
    "author": "gksq****",
    "review": "재미없어요 안봐ㅋㅋㅋ",
    "rating": "4",
    "date": "15.07.29"
  },
  {
    "review_id": "10155497",
    "movie_id": "103381",
    "author": "0109****",
    "review": "내인생 최악의 쓰레기 영화 베스트 넘버원",
    "rating": "1",
    "date": "15.07.29"
  },
  {
    "review_id": "10152985",
    "movie_id": "103381",
    "author": "choi****",
    "review": "그다지... 돈이 아깝다.",
    "rating": "1",
    "date": "15.07.28"
  },
  {
    "review_id": "10141213",
    "movie_id": "103381",
    "author": "dltm****",
    "review": "처음부터 끝까지 눈을 뗄레야 뗄수가 없었고 스토리도 탄탄하게 잘 되어있었고 배우들의 연기력들이 너무 좋아서 사소한 모습에도 초집중으로 볼수있어서 좋았고 그래서그런지 너무 재밌게 본것같다.",
    "rating": "10",
    "date": "15.07.25"
  },
  {
    "review_id": "10140539",
    "movie_id": "103381",
    "author": "no36****",
    "review": "진세연 때문에 봤습니다 허허",
    "rating": "2",
    "date": "15.07.25"
  },
  {
    "review_id": "10137312",
    "movie_id": "103381",
    "author": "ddaz****",
    "review": "전작은 진짜 재미나게 봤는데  이건 뭐 연기도 어색하고 스토리도 엉망이고",
    "rating": "1",
    "date": "15.07.24"
  },
  {
    "review_id": "10136448",
    "movie_id": "103381",
    "author": "shou****",
    "review": "우리나라 코미디영화는 언제쯤 발전할지 ㅠㅠ",
    "rating": "2",
    "date": "15.07.24"
  },
  {
    "review_id": "10136259",
    "movie_id": "103381",
    "author": "happ****",
    "review": "좋았다 그론데 음....전편을 못따라감",
    "rating": "9",
    "date": "15.07.24"
  },
  {
    "review_id": "10135173",
    "movie_id": "103381",
    "author": "next****",
    "review": "잼나요 잼나 강추입니다용~ㅎㅎㅎ",
    "rating": "10",
    "date": "15.07.23"
  },
  {
    "review_id": "10134874",
    "movie_id": "103381",
    "author": "1s2y****",
    "review": "전 재밌게봤는데용 ㅎㅎ짱입니다",
    "rating": "10",
    "date": "15.07.23"
  },
  {
    "review_id": "10131897",
    "movie_id": "103381",
    "author": "tmdd****",
    "review": "유치한데...솔직히 웃기는 부분도 있긴했네요이런 코믹류는 어떤 배우가한들 연기하는게 좀 보기 힘드네요ㅠ",
    "rating": "4",
    "date": "15.07.23"
  },
  {
    "review_id": "10131107",
    "movie_id": "103381",
    "author": "kang****",
    "review": "너무재밌었어요.제가웃음이많아서그런가계속웃으면서봤네요..어쩜이렇게배우들이예쁘고멋있는지..",
    "rating": "10",
    "date": "15.07.22"
  },
  {
    "review_id": "10126557",
    "movie_id": "103381",
    "author": "kshi****",
    "review": "영화에서도 나왔지만 시험준비하시는분들 화이팅입니다!!",
    "rating": "8",
    "date": "15.07.21"
  },
  {
    "review_id": "10126345",
    "movie_id": "103381",
    "author": "lyh8****",
    "review": "마지막까지 보는게 너무 힘들었다",
    "rating": "5",
    "date": "15.07.21"
  },
  {
    "review_id": "10125760",
    "movie_id": "103381",
    "author": "kara****",
    "review": "전체적으로액션이...퀄리티가떨어짐 이런퀄리티의액션도오랜만임ㅋㅋㅋㅋ 그냥아무생각없이볼영화",
    "rating": "6",
    "date": "15.07.21"
  },
  {
    "review_id": "10122089",
    "movie_id": "103381",
    "author": "swee****",
    "review": "시간 많이 남을때 보세요.",
    "rating": "5",
    "date": "15.07.20"
  },
  {
    "review_id": "10121846",
    "movie_id": "103381",
    "author": "spdl****",
    "review": "집에서보기딱좋은영화이네요~",
    "rating": "10",
    "date": "15.07.19"
  },
  {
    "review_id": "10118617",
    "movie_id": "103381",
    "author": "ln10****",
    "review": "진짜재밌음 잘만들고 연기잘함",
    "rating": "10",
    "date": "15.07.19"
  },
  {
    "review_id": "10118511",
    "movie_id": "103381",
    "author": "fill****",
    "review": "유쾌하게봤던영화입니다코믹시리즈는별로안좋아하는데간만에웃으면서본영화였어요",
    "rating": "8",
    "date": "15.07.19"
  },
  {
    "review_id": "10116651",
    "movie_id": "103381",
    "author": "aimn****",
    "review": "이거 재밌다는 사람들은 인생 참 재미없게 사시는 분들인 듯  1은 확실히 잘 만들었지만 2는 진짜 망했네요  사건의 인과관계가 없어서 고전소설을 영화화 시킨건가도 생각되고  보는내내 찝찝하고 에휴..",
    "rating": "1",
    "date": "15.07.18"
  },
  {
    "review_id": "10116438",
    "movie_id": "103381",
    "author": "dlap****",
    "review": "영화 재밌게 잘봤어요 재밋는영화",
    "rating": "10",
    "date": "15.07.18"
  },
  {
    "review_id": "10113657",
    "movie_id": "103381",
    "author": "37au****",
    "review": "재밌었어요 재밌었어요",
    "rating": "8",
    "date": "15.07.17"
  },
  {
    "review_id": "10111303",
    "movie_id": "103381",
    "author": "seon****",
    "review": "도둑님들이라  불러야될듯..도둑을  너무 지능범으로  만들었네요..홍종현진짜  멋있고 잘생겼어요..이천희랑 비슷하네요..  웃기게잘봣읍니다..억지스럽긴했지만~~",
    "rating": "8",
    "date": "15.07.16"
  },
  {
    "review_id": "10111257",
    "movie_id": "103381",
    "author": "spj3****",
    "review": "재미있었다 많이많이 재미",
    "rating": "8",
    "date": "15.07.16"
  },
  {
    "review_id": "10106821",
    "movie_id": "103381",
    "author": "cha_****",
    "review": "재밌다 이정도면 한국영화 치곤 잘만든거같은데..",
    "rating": "10",
    "date": "15.07.15"
  },
  {
    "review_id": "10106264",
    "movie_id": "103381",
    "author": "cute****",
    "review": "의외로 재미있었습니당!^^철수♡영희 케미 완전",
    "rating": "9",
    "date": "15.07.15"
  },
  {
    "review_id": "10106077",
    "movie_id": "103381",
    "author": "chls****",
    "review": "재밌고 지루하지않앗어요 ^^ 볼만해요",
    "rating": "10",
    "date": "15.07.15"
  },
  {
    "review_id": "10103689",
    "movie_id": "103381",
    "author": "sbg3****",
    "review": "감독이 누군지 궁금하네... 간만에 졸작을 봅니다.",
    "rating": "3",
    "date": "15.07.14"
  },
  {
    "review_id": "10103566",
    "movie_id": "103381",
    "author": "geri****",
    "review": "오대오영화 그냥오대오",
    "rating": "5",
    "date": "15.07.14"
  },
  {
    "review_id": "10102210",
    "movie_id": "103381",
    "author": "ojo6****",
    "review": "영화가 아닌 드라마 같다. 박은혜가 이런 영화에 출연한다니 이름값이 떨어지네요.",
    "rating": "2",
    "date": "15.07.13"
  },
  {
    "review_id": "10100940",
    "movie_id": "103381",
    "author": "posi****",
    "review": "잘생기고 이쁜건 알겠다. 그런데 연기가... 국내는 배우 얼굴만보고 뽑는듯.",
    "rating": "1",
    "date": "15.07.13"
  },
  {
    "review_id": "10100494",
    "movie_id": "103381",
    "author": "rd52****",
    "review": "알바들 개쩌네.평점이 생각보다 높길래 후기보니 대놓고 알바들 티난다..ㅋㅋ",
    "rating": "1",
    "date": "15.07.13"
  },
  {
    "review_id": "10099663",
    "movie_id": "103381",
    "author": "doog****",
    "review": "이런영화는 그냥 실실쪼개믄서 해피엔딩보는거지뭐. 주인공캐미가 좋았음. 진세연 이쁘다. 걍 말도안되지만 볼만함.ㅋㅋ",
    "rating": "8",
    "date": "15.07.13"
  },
  {
    "review_id": "10098978",
    "movie_id": "103381",
    "author": "tkdr****",
    "review": "3류 쓰레기 티비로 보는 전기세두 아깝다",
    "rating": "1",
    "date": "15.07.12"
  },
  {
    "review_id": "10097172",
    "movie_id": "103381",
    "author": "pjyj****",
    "review": "굿 저엉말 재밋는 영화엿어요 ㅋㅋ",
    "rating": "10",
    "date": "15.07.12"
  },
  {
    "review_id": "10095444",
    "movie_id": "103381",
    "author": "wlgp****",
    "review": "내스타일이양 또보고싶당",
    "rating": "10",
    "date": "15.07.12"
  },
  {
    "review_id": "10092260",
    "movie_id": "103381",
    "author": "dbst****",
    "review": "딱히 재미는없움 시간때우기",
    "rating": "5",
    "date": "15.07.11"
  },
  {
    "review_id": "10087554",
    "movie_id": "103381",
    "author": "glor****",
    "review": "좋아요 재미있어요완전 재미있어요!!!!",
    "rating": "8",
    "date": "15.07.10"
  },
  {
    "review_id": "10086125",
    "movie_id": "103381",
    "author": "boss****",
    "review": "뭔가좀그렇다ㅡㅡ 보다가중간에껐다",
    "rating": "4",
    "date": "15.07.10"
  },
  {
    "review_id": "10080978",
    "movie_id": "103381",
    "author": "oour****",
    "review": "내용이 그냥그러네요 원이나 투나",
    "rating": "5",
    "date": "15.07.08"
  },
  {
    "review_id": "10080277",
    "movie_id": "103381",
    "author": "maeh****",
    "review": "그러니까 어느 타이밍에 웃으면 되는거죱?",
    "rating": "1",
    "date": "15.07.08"
  },
  {
    "review_id": "10078322",
    "movie_id": "103381",
    "author": "nulp****",
    "review": "돈이 튀냐... 높지않은 개런티의 배우들만 많이 모아서 2탄만 만드면 흥행에 성공하는가... 국내영화의 질을 낮추는...",
    "rating": "1",
    "date": "15.07.07"
  },
  {
    "review_id": "10077250",
    "movie_id": "103381",
    "author": "jss4****",
    "review": "돈받고 봐야할거같다....",
    "rating": "1",
    "date": "15.07.07"
  },
  {
    "review_id": "10076263",
    "movie_id": "103381",
    "author": "sun9****",
    "review": "다운로드해서 10분  보고 삭제함-웃기지도 않고 B급 코드도 아니고 쫌 많이 거시기하네",
    "rating": "4",
    "date": "15.07.06"
  },
  {
    "review_id": "10074883",
    "movie_id": "103381",
    "author": "x_y_****",
    "review": "0점이 없어서 1점 드려용",
    "rating": "1",
    "date": "15.07.06"
  },
  {
    "review_id": "10074500",
    "movie_id": "103381",
    "author": "ccun****",
    "review": "ㅁㅊ 알바 겁나 썼나보네 와 영화관가서 본사람들 진짜 위로해주고 싶다.... 진짜 4류도 아깝다....",
    "rating": "1",
    "date": "15.07.06"
  },
  {
    "review_id": "10073032",
    "movie_id": "103381",
    "author": "lcsr****",
    "review": "와 진짜 짱! 이걸 이제야 봤다니ㅜㅜㅜ홍종현 대박♡♡♡",
    "rating": "10",
    "date": "15.07.05"
  },
  {
    "review_id": "10071792",
    "movie_id": "103381",
    "author": "5rim****",
    "review": "최근에 본 영화중 제일재미없었음",
    "rating": "1",
    "date": "15.07.05"
  },
  {
    "review_id": "10071043",
    "movie_id": "103381",
    "author": "gree****",
    "review": "별빵개가등록이안되서1점줌",
    "rating": "1",
    "date": "15.07.05"
  },
  {
    "review_id": "10070498",
    "movie_id": "103381",
    "author": "wjde****",
    "review": "너무재미있게봤습니다ㅎ 인터넷으로 예매하니까 붐비는주말에도 넉넉한시간으로 가서 봤어요ㅎ 다음에 또이용할게요!!",
    "rating": "10",
    "date": "15.07.05"
  },
  {
    "review_id": "10066994",
    "movie_id": "103381",
    "author": "moto****",
    "review": "재밋엇습니다. 영화관에서 보기는 좀 아쉽네요",
    "rating": "5",
    "date": "15.07.04"
  },
  {
    "review_id": "10065024",
    "movie_id": "103381",
    "author": "phan****",
    "review": "이게 관람객 평점 7.95라고?? ㅋㅋ 진짜 뇌가 있냐. 진심 20분 안에 손발이 오그라들것이다.",
    "rating": "1",
    "date": "15.07.03"
  },
  {
    "review_id": "10064859",
    "movie_id": "103381",
    "author": "msk4****",
    "review": "하 추석때 티비에 백퍼 나온다",
    "rating": "8",
    "date": "15.07.03"
  },
  {
    "review_id": "10064805",
    "movie_id": "103381",
    "author": "dkwk****",
    "review": "음 일단 돈주고보긴아깝고 킬링타임용이라고도 말못하겠음그냥 잘생기고 이쁜배우 보고싶다면보세요",
    "rating": "6",
    "date": "15.07.03"
  },
  {
    "review_id": "10064005",
    "movie_id": "103381",
    "author": "ryuc****",
    "review": "시간 때우기용. 큰 기대는 말자.",
    "rating": "6",
    "date": "15.07.03"
  },
  {
    "review_id": "10063200",
    "movie_id": "103381",
    "author": "iwas****",
    "review": "깊이는 얕지만 달달하고 유쾌함.",
    "rating": "6",
    "date": "15.07.03"
  },
  {
    "review_id": "10060454",
    "movie_id": "103381",
    "author": "dltn****",
    "review": "겁나 재미없네 차라리 1편이 훨 재밌다 시간 떼우기용으로도 아까움",
    "rating": "1",
    "date": "15.07.02"
  }
]