[
  {
    "review_id": "10264762",
    "movie_id": "103325",
    "author": "cjst****",
    "review": "대박이다 ㅋㅋ진심 재밌음 ㅠㅠㅠ",
    "rating": "10",
    "date": "15.08.22"
  },
  {
    "review_id": "10233723",
    "movie_id": "103325",
    "author": "kimd****",
    "review": "영화평론가의 기준이 뭘까 ? 박평식 저 애는 작품 볼줄도 모르네.  연기만 봐도 웃음이 나오던데.",
    "rating": "10",
    "date": "15.08.15"
  },
  {
    "review_id": "10177782",
    "movie_id": "103325",
    "author": "wjsf****",
    "review": "이야 다크나이트 그딴 평점 주더니 평식이! 이런 영화에 4점이라니! 평론가는 아무나 다 할 수 있나보오!",
    "rating": "10",
    "date": "15.08.02"
  },
  {
    "review_id": "10129339",
    "movie_id": "103325",
    "author": "zest****",
    "review": "엠마톰슨과 피어스 브로스넌... 연기는 좋네~~",
    "rating": "10",
    "date": "15.07.22"
  },
  {
    "review_id": "10121664",
    "movie_id": "103325",
    "author": "srk0****",
    "review": "지루하고 재미없다...",
    "rating": "1",
    "date": "15.07.19"
  },
  {
    "review_id": "10113819",
    "movie_id": "103325",
    "author": "orat****",
    "review": "ㅋㅋㅋ왜볼만하더만 박평식 너무했네!! 4점이뭐냐",
    "rating": "8",
    "date": "15.07.17"
  },
  {
    "review_id": "10112281",
    "movie_id": "103325",
    "author": "cij5****",
    "review": "ㅎㅎㅎㅎ 독특해요. 재미있네욤",
    "rating": "10",
    "date": "15.07.17"
  },
  {
    "review_id": "10111510",
    "movie_id": "103325",
    "author": "jame****",
    "review": "상영관이 적어 너무 보기 힘들어요 재밌긴한데말이죠",
    "rating": "10",
    "date": "15.07.17"
  },
  {
    "review_id": "10111353",
    "movie_id": "103325",
    "author": "534k****",
    "review": "와우 피어스 브로스넌 형님",
    "rating": "10",
    "date": "15.07.17"
  },
  {
    "review_id": "10108994",
    "movie_id": "103325",
    "author": "godr****",
    "review": "로맨틱코미디너무조음ㅋㅋ  기대기대",
    "rating": "9",
    "date": "15.07.16"
  },
  {
    "review_id": "10108948",
    "movie_id": "103325",
    "author": "fant****",
    "review": "제가 좋아하는 영국 배우들이 다 나왔네요 ㅋㅋㅋㅋ  연기는 둘다 잘하니 빵 터지는 일만 남은듯",
    "rating": "10",
    "date": "15.07.16"
  },
  {
    "review_id": "10108935",
    "movie_id": "103325",
    "author": "k721****",
    "review": "아놔~ 예고편 보고 빵터졌네!!",
    "rating": "10",
    "date": "15.07.16"
  },
  {
    "review_id": "10108932",
    "movie_id": "103325",
    "author": "moro****",
    "review": "피어스 브로스넌 이형님은 언제나 진리! 엠마톰슨 연기도 기대되네요 ^^",
    "rating": "10",
    "date": "15.07.16"
  },
  {
    "review_id": "10108928",
    "movie_id": "103325",
    "author": "qufs****",
    "review": "오랜만의 로맨틱 코미디 영화 <러브 펀치> 완전 기대중!",
    "rating": "10",
    "date": "15.07.16"
  },
  {
    "review_id": "10108927",
    "movie_id": "103325",
    "author": "osh_****",
    "review": "피어스 브로스넌과 엠마 톰슨의 유쾌한 코믹연기 기대됩니다!! 간만에 빵빵 터지는 영화가 나온듯!",
    "rating": "10",
    "date": "15.07.16"
  },
  {
    "review_id": "10108925",
    "movie_id": "103325",
    "author": "eunb****",
    "review": "엠마톰슨이랑 피어스 브로스넌이 부부라니 ㅎㅎㅎ 완전 역대 케미일듯!!",
    "rating": "10",
    "date": "15.07.16"
  }
]