[
  {
    "review_id": "10254957",
    "movie_id": "103324",
    "author": "min1****",
    "review": "아이들과 재밌게봤어요",
    "rating": "10",
    "date": "15.08.20"
  },
  {
    "review_id": "10227795",
    "movie_id": "103324",
    "author": "koeu****",
    "review": "딸과 너무 재미있게 봤어요~~",
    "rating": "10",
    "date": "15.08.14"
  },
  {
    "review_id": "10216120",
    "movie_id": "103324",
    "author": "zero****",
    "review": "아이들과 재미있게 봤어요",
    "rating": "9",
    "date": "15.08.11"
  },
  {
    "review_id": "10200615",
    "movie_id": "103324",
    "author": "snwi****",
    "review": "좋아요 보는내내  지루하지 않음",
    "rating": "10",
    "date": "15.08.08"
  },
  {
    "review_id": "10196685",
    "movie_id": "103324",
    "author": "bigj****",
    "review": "좋아요!!!재미있네요",
    "rating": "8",
    "date": "15.08.07"
  },
  {
    "review_id": "10196359",
    "movie_id": "103324",
    "author": "alex****",
    "review": "뭐냐 이게... 블루스카이는 정말 유치해서 손발이 오그라든다. 초심을 왜 잃었냐... 교훈도 없고",
    "rating": "2",
    "date": "15.08.07"
  },
  {
    "review_id": "10192157",
    "movie_id": "103324",
    "author": "jmij****",
    "review": "애들이랑 보기 괜찮았음.",
    "rating": "5",
    "date": "15.08.06"
  },
  {
    "review_id": "10174810",
    "movie_id": "103324",
    "author": "pilg****",
    "review": "2ㅛㅅ덪0ㄷㄷ6ㄷ6ㄷ",
    "rating": "7",
    "date": "15.08.02"
  },
  {
    "review_id": "10162012",
    "movie_id": "103324",
    "author": "ihb0****",
    "review": "더빙도 나쁘지 않았구 무엇보다 애들이 너무 좋아하네요ㅎㅎ애들에게 보여주기로는 단연 최고!! 스토리도 잘 짜였고 반전인 부분도 있고 참 좋은 영화인 것 같아요~~^^",
    "rating": "10",
    "date": "15.07.30"
  },
  {
    "review_id": "10140379",
    "movie_id": "103324",
    "author": "xhrl****",
    "review": "흥미진진하니  재미있었다",
    "rating": "9",
    "date": "15.07.25"
  },
  {
    "review_id": "10123275",
    "movie_id": "103324",
    "author": "duwl****",
    "review": "아이들이 너무 재미있게 봤습니다.",
    "rating": "10",
    "date": "15.07.20"
  },
  {
    "review_id": "10114301",
    "movie_id": "103324",
    "author": "p444****",
    "review": "애들이 지루할틈 없이 재미있게 보고왔습니다.",
    "rating": "10",
    "date": "15.07.17"
  },
  {
    "review_id": "10027917",
    "movie_id": "103324",
    "author": "jpt7****",
    "review": "어쩐지 관람객 수가 100만도 못 넘는다 싶더니 그만큼 써니가 연기를 못했다는 거네.  전문 성우들도 많고 성우지망생들과 신인성우도 넘치고 넘치는 마당에 웬 아이돌. 써니 밉상이던데 비주얼 되는 김선혜나 박리나가 써니보다 비교도 안 되게 훨씬 이쁘다.",
    "rating": "3",
    "date": "15.06.24"
  },
  {
    "review_id": "9988502",
    "movie_id": "103324",
    "author": "milk****",
    "review": "자연의 아낍시다..오늘의 교훈....",
    "rating": "6",
    "date": "15.06.10"
  },
  {
    "review_id": "9984844",
    "movie_id": "103324",
    "author": "wkdd****",
    "review": "아이가 좋아했습니다.^^",
    "rating": "5",
    "date": "15.06.08"
  },
  {
    "review_id": "9954318",
    "movie_id": "103324",
    "author": "pws7****",
    "review": "아이들 때문에 봤지만. . .별루. . .",
    "rating": "7",
    "date": "15.05.27"
  },
  {
    "review_id": "9934474",
    "movie_id": "103324",
    "author": "form****",
    "review": "배우가 더빙하는걸 그다지 좋아하지 않지만...1편과 더빙한 배우가 다르다보니 몰입감이 떨어지더라구요토이스토리처럼 했던 배우들이 계속 하면 그래도 그나마 나을거 같더라구요거기다 1편보다 재미가 없었어요...-_-",
    "rating": "6",
    "date": "15.05.21"
  },
  {
    "review_id": "9894355",
    "movie_id": "103324",
    "author": "yjha****",
    "review": "아이들과 함께 잘 봤습니다.",
    "rating": "6",
    "date": "15.05.04"
  },
  {
    "review_id": "9892667",
    "movie_id": "103324",
    "author": "sun3****",
    "review": "애덜이 보기 무난하네요.",
    "rating": "7",
    "date": "15.05.04"
  },
  {
    "review_id": "9884939",
    "movie_id": "103324",
    "author": "gome****",
    "review": "아들과 너무 재밌게 봤어요^^",
    "rating": "10",
    "date": "15.05.01"
  },
  {
    "review_id": "9878696",
    "movie_id": "103324",
    "author": "lsyk****",
    "review": "너무 재밌을거 같아요~~",
    "rating": "10",
    "date": "15.04.29"
  },
  {
    "review_id": "9868627",
    "movie_id": "103324",
    "author": "tkdd****",
    "review": "아주  잘 만들었군요 ㅎㅎ 훌륭해요~!!",
    "rating": "10",
    "date": "15.04.26"
  },
  {
    "review_id": "9838391",
    "movie_id": "103324",
    "author": "hqop****",
    "review": "그냥 애들 졸지않을정도",
    "rating": "8",
    "date": "15.04.10"
  },
  {
    "review_id": "9793455",
    "movie_id": "103324",
    "author": "woll****",
    "review": "조금 졸았는데?애들도 그닥 1탄보닷 별루라고신나긴 했슴",
    "rating": "7",
    "date": "15.03.19"
  },
  {
    "review_id": "9792292",
    "movie_id": "103324",
    "author": "yjja****",
    "review": "전편에 비해 약간  긴장감이  떨어지지만 그래도 꽤  괜찮은 수작, 아이들이 좋아하네요",
    "rating": "8",
    "date": "15.03.19"
  },
  {
    "review_id": "9752746",
    "movie_id": "103324",
    "author": "gild****",
    "review": "수아레↗즈----리오----!!!!골골골골 고ㄹ오오오오올",
    "rating": "6",
    "date": "15.03.02"
  },
  {
    "review_id": "9745428",
    "movie_id": "103324",
    "author": "susa****",
    "review": "연예인 더빙 사절 ㅗㅗㅗ",
    "rating": "1",
    "date": "15.02.28"
  },
  {
    "review_id": "9742774",
    "movie_id": "103324",
    "author": "whit****",
    "review": "추천하고 평점누르고갑니나",
    "rating": "9",
    "date": "15.02.27"
  },
  {
    "review_id": "9726505",
    "movie_id": "103324",
    "author": "dani****",
    "review": "재밌게봤습니다 그래픽덕분에 눈이즐거웠어요",
    "rating": "10",
    "date": "15.02.22"
  },
  {
    "review_id": "9707380",
    "movie_id": "103324",
    "author": "sall****",
    "review": "왜 다들 영화 평가가 아닌 더빙 평가를 하는지 모르겠네.. 영화만 딱 본다면 최고였음♥♥ 1도 좋았지만...ㅎㅎ",
    "rating": "10",
    "date": "15.02.18"
  },
  {
    "review_id": "9700881",
    "movie_id": "103324",
    "author": "ormf****",
    "review": "애들은 좋아하더라구요",
    "rating": "6",
    "date": "15.02.16"
  },
  {
    "review_id": "9693664",
    "movie_id": "103324",
    "author": "pej2****",
    "review": "아이들과 잼있게 잘봤어요",
    "rating": "7",
    "date": "15.02.13"
  },
  {
    "review_id": "9690469",
    "movie_id": "103324",
    "author": "ring****",
    "review": "어른도 신난  에니메이션",
    "rating": "9",
    "date": "15.02.12"
  },
  {
    "review_id": "9684396",
    "movie_id": "103324",
    "author": "kjk3****",
    "review": "굳굳 좋았슴.아이와 볼만한 영화",
    "rating": "7",
    "date": "15.02.10"
  },
  {
    "review_id": "9679096",
    "movie_id": "103324",
    "author": "ttl0****",
    "review": "아이들과 너무 재미있게봤구요 다음편이 또 기대되는 영화였어요",
    "rating": "10",
    "date": "15.02.08"
  },
  {
    "review_id": "9675865",
    "movie_id": "103324",
    "author": "davi****",
    "review": "애기보다 제가더잼있게봤어요ㅋㅋ",
    "rating": "10",
    "date": "15.02.07"
  },
  {
    "review_id": "9662592",
    "movie_id": "103324",
    "author": "j496****",
    "review": "재밌었어요 음악도 좋구요",
    "rating": "8",
    "date": "15.02.03"
  },
  {
    "review_id": "9655885",
    "movie_id": "103324",
    "author": "gall****",
    "review": "그래 이래야 '블루 스카이 스튜디오'지.  전개는 상투적이지만 보다 화려해진 영상과 잔재미들. 씬스틸러 독화살 개구리 ㅋㅋ 전작보다 분명 나은 속편  (당연히 자막판으로 봐야 한다. 국내 더빙은 십중팔구 원작 망쳐버림)",
    "rating": "7",
    "date": "15.02.01"
  },
  {
    "review_id": "9654459",
    "movie_id": "103324",
    "author": "blue****",
    "review": "아이들이 즐겁게 봤네요.",
    "rating": "8",
    "date": "15.01.31"
  },
  {
    "review_id": "9654183",
    "movie_id": "103324",
    "author": "l207****",
    "review": "역시1편이 낫다는 거죠",
    "rating": "7",
    "date": "15.01.31"
  },
  {
    "review_id": "9653939",
    "movie_id": "103324",
    "author": "soso****",
    "review": "애기들 보기엔 괜찮은것 같아요",
    "rating": "3",
    "date": "15.01.31"
  },
  {
    "review_id": "9652680",
    "movie_id": "103324",
    "author": "rlaf****",
    "review": "연예인 더빙 진짜 별로에요",
    "rating": "5",
    "date": "15.01.30"
  },
  {
    "review_id": "9651536",
    "movie_id": "103324",
    "author": "soon****",
    "review": "가족이 다같이 보기 좋은 영화에요~",
    "rating": "9",
    "date": "15.01.30"
  },
  {
    "review_id": "9643827",
    "movie_id": "103324",
    "author": "jw99****",
    "review": "1편은그래도잼있게봤는데 2편은왜이리 지루함?정말실망이다.",
    "rating": "1",
    "date": "15.01.28"
  },
  {
    "review_id": "9635820",
    "movie_id": "103324",
    "author": "akj2****",
    "review": "재밌었음 짱짱짱 재밌어요",
    "rating": "9",
    "date": "15.01.25"
  },
  {
    "review_id": "9633779",
    "movie_id": "103324",
    "author": "befo****",
    "review": "브라질을 완벽하게 담아낸 영화. 특히나 beautiful creatures 라는 음악이 나오는 장면은 정말 압도적으로 멋집니다. 그야말로 아름다운 생명체들의 아름다운 춤... ost도 단연 걸작. 그리고 꼭 자막으로 보세요.",
    "rating": "10",
    "date": "15.01.25"
  },
  {
    "review_id": "9632477",
    "movie_id": "103324",
    "author": "ygs2****",
    "review": "아이도 다른 애니메이션처럼 잘 집중하지 못하고 끝부분정도엔 지루해하는듯..",
    "rating": "6",
    "date": "15.01.24"
  },
  {
    "review_id": "9629597",
    "movie_id": "103324",
    "author": "jsha****",
    "review": "좋았어요.재밌어요.강력추천요",
    "rating": "10",
    "date": "15.01.24"
  },
  {
    "review_id": "9621031",
    "movie_id": "103324",
    "author": "kimh****",
    "review": "그래도괜찬음 아닌가요",
    "rating": "10",
    "date": "15.01.21"
  },
  {
    "review_id": "9616253",
    "movie_id": "103324",
    "author": "gigi****",
    "review": "리오정말재미있게잘봤네요~~",
    "rating": "9",
    "date": "15.01.20"
  },
  {
    "review_id": "9615410",
    "movie_id": "103324",
    "author": "qqqi****",
    "review": "더빙은 전반적으로 1편보다는 훨씬 낫습니다 하지만 쥬엘은 별로 안어울렸어요내용은 괜찮습니다 자막으로 보는걸 추천합니다",
    "rating": "7",
    "date": "15.01.20"
  },
  {
    "review_id": "9614661",
    "movie_id": "103324",
    "author": "pret****",
    "review": "조아요조아용굿잡이용",
    "rating": "10",
    "date": "15.01.20"
  },
  {
    "review_id": "9613128",
    "movie_id": "103324",
    "author": "etro****",
    "review": "아이들이 너무 재밌게봤네요 아이뿐만아니라 어른도 즐겁게 볼수있는 영화입니다",
    "rating": "9",
    "date": "15.01.19"
  },
  {
    "review_id": "9609895",
    "movie_id": "103324",
    "author": "luvm****",
    "review": "이건 한국더빙으로보면 졸라재미없음자막으로봤는데 내가좋아하는미국연예인들이더빙해서 너무재밌더라. 자막으로보세요",
    "rating": "10",
    "date": "15.01.18"
  },
  {
    "review_id": "9609585",
    "movie_id": "103324",
    "author": "lgle****",
    "review": "가족과 함께 정말 재밌게 잘 봤네요....^^",
    "rating": "9",
    "date": "15.01.18"
  },
  {
    "review_id": "9595770",
    "movie_id": "103324",
    "author": "wayt****",
    "review": "보기정말좋아요.꼭보세요~",
    "rating": "10",
    "date": "15.01.15"
  },
  {
    "review_id": "9593386",
    "movie_id": "103324",
    "author": "very****",
    "review": "너무 재미있게 봤네요.아이들이 좋아해요",
    "rating": "8",
    "date": "15.01.14"
  },
  {
    "review_id": "9583498",
    "movie_id": "103324",
    "author": "naru****",
    "review": "애기랑 보다 나왔어요 별로 흥미 없어하네요 여자아이라 그런가봐요",
    "rating": "5",
    "date": "15.01.11"
  },
  {
    "review_id": "9580828",
    "movie_id": "103324",
    "author": "sunf****",
    "review": "재미있게 잘 보았습니다",
    "rating": "10",
    "date": "15.01.10"
  },
  {
    "review_id": "9579348",
    "movie_id": "103324",
    "author": "shuu****",
    "review": "1점도아깝다 영화관에서 상영 후 30분  지나서 나오긴 처음이네  쓰레기영화 랩하고 세속적이고 여자앵무새 유혹하고 하여간  더러운영화",
    "rating": "1",
    "date": "15.01.10"
  },
  {
    "review_id": "9565816",
    "movie_id": "103324",
    "author": "rhdf****",
    "review": "애니메이션 자체는 좋은데 더빙이 다 말아먹었어요좀 더빙 하더라도 전문성우를 쓰든가 연예인은 안돼요",
    "rating": "5",
    "date": "15.01.05"
  },
  {
    "review_id": "9565664",
    "movie_id": "103324",
    "author": "jung****",
    "review": "자막보니 정말 잼네요ㅎㅎㅎㅎ",
    "rating": "10",
    "date": "15.01.05"
  },
  {
    "review_id": "9555406",
    "movie_id": "103324",
    "author": "2eun****",
    "review": "재밌네요  큰아들이좋아해요",
    "rating": "9",
    "date": "15.01.03"
  },
  {
    "review_id": "9552583",
    "movie_id": "103324",
    "author": "star****",
    "review": "볼만해요.애들이 좋아하네요.",
    "rating": "7",
    "date": "15.01.02"
  },
  {
    "review_id": "9545738",
    "movie_id": "103324",
    "author": "coco****",
    "review": "재미야간있음그래서별반개",
    "rating": "1",
    "date": "15.01.01"
  },
  {
    "review_id": "9544505",
    "movie_id": "103324",
    "author": "red0****",
    "review": "그냥저냥 애들 시간때우기용",
    "rating": "5",
    "date": "15.01.01"
  },
  {
    "review_id": "9544296",
    "movie_id": "103324",
    "author": "bs19****",
    "review": "리오 원보다는 별 재미가 없었습니다.^^",
    "rating": "7",
    "date": "15.01.01"
  },
  {
    "review_id": "9540487",
    "movie_id": "103324",
    "author": "wlql****",
    "review": "아들이  넘  잼있어  해요,   저두  나쁘지는  않은듯",
    "rating": "10",
    "date": "14.12.31"
  },
  {
    "review_id": "9540249",
    "movie_id": "103324",
    "author": "skyt****",
    "review": "아이랑 볼만합니다.^",
    "rating": "8",
    "date": "14.12.31"
  },
  {
    "review_id": "9513922",
    "movie_id": "103324",
    "author": "slfd****",
    "review": "정말 못 들어주겠네요.  주연보다 조연이 연기를 더 잘하네요. 후. .  왜 연예인을  캐스팅하는지 ㅠㅠ 성우분들도 많으신데  ㅠㅠ   무튼 연예인 더빙 극혐;;",
    "rating": "3",
    "date": "14.12.25"
  },
  {
    "review_id": "9512653",
    "movie_id": "103324",
    "author": "dofl****",
    "review": "아이들이 좋아해요 ~사람의 욕심이란..",
    "rating": "8",
    "date": "14.12.25"
  },
  {
    "review_id": "9511603",
    "movie_id": "103324",
    "author": "syl3****",
    "review": "재밌었어요 어른과 아이들이 같이보기 딱 좋음",
    "rating": "10",
    "date": "14.12.25"
  },
  {
    "review_id": "9508536",
    "movie_id": "103324",
    "author": "98mi****",
    "review": "1에 비해서 재미가 없어요",
    "rating": "7",
    "date": "14.12.24"
  },
  {
    "review_id": "9508248",
    "movie_id": "103324",
    "author": "qazp****",
    "review": "재밌었어요 우리아들이 완전 좋아하네요",
    "rating": "10",
    "date": "14.12.24"
  },
  {
    "review_id": "9505559",
    "movie_id": "103324",
    "author": "zqwx****",
    "review": "그냥볼만했어요 약간지루해요",
    "rating": "7",
    "date": "14.12.23"
  },
  {
    "review_id": "9503496",
    "movie_id": "103324",
    "author": "good****",
    "review": "울아들이 넘 좋아해요 매일 반복해 볼정도 아이글 심리에 딱 맞네요",
    "rating": "10",
    "date": "14.12.23"
  },
  {
    "review_id": "9478283",
    "movie_id": "103324",
    "author": "lynn****",
    "review": "해외판도 못 본 인간들이 더빙 괜찮다며 리뷰를 올리네 ㅋㅋ평생 연예인 더빙으로 봐라",
    "rating": "8",
    "date": "14.12.16"
  },
  {
    "review_id": "9476709",
    "movie_id": "103324",
    "author": "nack****",
    "review": "내용과 극 전개가 긴박하게 구성되어 너무 좋았어요.",
    "rating": "10",
    "date": "14.12.15"
  },
  {
    "review_id": "9465413",
    "movie_id": "103324",
    "author": "witc****",
    "review": "잼나게 본 영화... 오랫만에 눈이 흥미진진했어요~",
    "rating": "7",
    "date": "14.12.11"
  },
  {
    "review_id": "9456395",
    "movie_id": "103324",
    "author": "alma****",
    "review": "아이가 좋아해요~ 함께 보면 최고!!",
    "rating": "9",
    "date": "14.12.07"
  },
  {
    "review_id": "9454970",
    "movie_id": "103324",
    "author": "mjhy****",
    "review": "재미있어요.아이들이 좋아해요",
    "rating": "8",
    "date": "14.12.07"
  },
  {
    "review_id": "9449012",
    "movie_id": "103324",
    "author": "mhsu****",
    "review": "아이가 좋아하네요 잘 보았습니다",
    "rating": "9",
    "date": "14.12.05"
  },
  {
    "review_id": "9434887",
    "movie_id": "103324",
    "author": "dbst****",
    "review": "재미있습니다..아이가 집중해서 봐서요",
    "rating": "9",
    "date": "14.11.30"
  },
  {
    "review_id": "9427912",
    "movie_id": "103324",
    "author": "poie****",
    "review": "앤 해서웨이에 비하면 써니는 아무래도 함량미달, 어쨌든 어린이들에게 환경 파괴에 대해 환기시키는 것으로 이 애니는 자기 역할을 충분히 한 듯",
    "rating": "8",
    "date": "14.11.28"
  },
  {
    "review_id": "9407090",
    "movie_id": "103324",
    "author": "sinb****",
    "review": "완전 재미없었어요 1보고 2도 잼날 줄 알았는뎅",
    "rating": "1",
    "date": "14.11.21"
  },
  {
    "review_id": "9401467",
    "movie_id": "103324",
    "author": "minj****",
    "review": "전편보다 못합니다. 10자 채웠어요.",
    "rating": "6",
    "date": "14.11.19"
  },
  {
    "review_id": "9390260",
    "movie_id": "103324",
    "author": "entr****",
    "review": "역시1탄 만한 2탄은 없는건가요?화려한 색감에 자연을 사랑하는 맘이 예쁜 영화입니다.",
    "rating": "7",
    "date": "14.11.16"
  },
  {
    "review_id": "9388747",
    "movie_id": "103324",
    "author": "jmin****",
    "review": "영화 리오 아주 재미있어요",
    "rating": "10",
    "date": "14.11.15"
  },
  {
    "review_id": "9387881",
    "movie_id": "103324",
    "author": "gram****",
    "review": "유쾌하고 흥겹고 스트레스 풀기엔 최적이다~",
    "rating": "8",
    "date": "14.11.15"
  },
  {
    "review_id": "9376616",
    "movie_id": "103324",
    "author": "al_v****",
    "review": "역시 리오는 신나는 음악과 귀여운 캐릭터들의 화려한 댄스의 맛이 최고네요, 한편의 뮤지컬을 보는 느낌, 하지만 더빙판의 경우 그 좋은 흐름을 끊어버리는 느낌이 강해서 원판으로 보는것이 좋았어요,",
    "rating": "8",
    "date": "14.11.13"
  },
  {
    "review_id": "9374778",
    "movie_id": "103324",
    "author": "bbql****",
    "review": "아이들이 보기에 유쾌하고~재미나요",
    "rating": "10",
    "date": "14.11.12"
  },
  {
    "review_id": "9372477",
    "movie_id": "103324",
    "author": "song****",
    "review": "애가 엄청 재밌어 했어요. 또 보고싶다며. 음악도 신나서 애가 영화보다가 몸을 흔들정도!",
    "rating": "9",
    "date": "14.11.11"
  },
  {
    "review_id": "9359867",
    "movie_id": "103324",
    "author": "lne0****",
    "review": "절대로 절대로더빙보지마세요 더빙으로보면 이영화 반의 반의 반도 못보신겁니다 앤 해서웨이 목소리부터 온갖개성있는목소리를 연애인더빙으로 모조리 죽여버렷네요 개인적으로 이 리오시리즈 너무좋아해서 12편합해서 10번넘게봤는데 더빙은 도저히못보겟더군요...",
    "rating": "10",
    "date": "14.11.09"
  },
  {
    "review_id": "9354893",
    "movie_id": "103324",
    "author": "772l****",
    "review": "보여지는  장면이 화려해서 흡사 뮤지컬을 본거 같았습니다",
    "rating": "7",
    "date": "14.11.08"
  },
  {
    "review_id": "9335921",
    "movie_id": "103324",
    "author": "smar****",
    "review": "내용구성이 탄탄하며 모처럼 볼 수있었던 수작이렀던거 같습니다.",
    "rating": "9",
    "date": "14.11.02"
  },
  {
    "review_id": "9333429",
    "movie_id": "103324",
    "author": "sio2****",
    "review": "조아욜 꼭 보드라고요  ㅎㅎㅎ",
    "rating": "7",
    "date": "14.11.01"
  },
  {
    "review_id": "9332492",
    "movie_id": "103324",
    "author": "w342****",
    "review": "넘제밋어요ㅋㅋㄷㄷ오ㅢ?우",
    "rating": "10",
    "date": "14.10.31"
  },
  {
    "review_id": "9327455",
    "movie_id": "103324",
    "author": "figh****",
    "review": "내가 진짜 연예인 더빙 때문에 1점 주려다가 만든 제작자 생각해서 그나마 7점 준다.",
    "rating": "7",
    "date": "14.10.29"
  },
  {
    "review_id": "9326889",
    "movie_id": "103324",
    "author": "eg13****",
    "review": "아이들과 어른들이 함께 봐도 신나고 잼나요",
    "rating": "10",
    "date": "14.10.29"
  },
  {
    "review_id": "9323177",
    "movie_id": "103324",
    "author": "ch14****",
    "review": "아이와함께 봤는데 재밌었어요~우리아이도  재미있어 하더라는^^",
    "rating": "10",
    "date": "14.10.27"
  }
]