[
  {
    "review_id": "7294145",
    "movie_id": "103402",
    "author": "uoou****",
    "review": "중년 배우들의 열정과 꿈이 참 뭉클했어요. 꿈꾸는 건 사치가 아니인것 같습니다.",
    "rating": "10",
    "date": "13.02.23"
  },
  {
    "review_id": "7282373",
    "movie_id": "103402",
    "author": "chan****",
    "review": "정말 보기 좋았습니다. 저도 어디를 향해 아무 생각없이 걸어보고 싶은 생각이 드네요. 힘든걸 각오하고서라도요.",
    "rating": "10",
    "date": "13.02.19"
  },
  {
    "review_id": "7273163",
    "movie_id": "103402",
    "author": "jyto****",
    "review": "진솔한 모습 볼 수 있어서 좋았어요^^ㅎㅎ",
    "rating": "10",
    "date": "13.02.16"
  },
  {
    "review_id": "7269624",
    "movie_id": "103402",
    "author": "hece****",
    "review": "친구들과 떠나고 싶게하네요~",
    "rating": "10",
    "date": "13.02.16"
  },
  {
    "review_id": "7269614",
    "movie_id": "103402",
    "author": "dusg****",
    "review": "지루해 이것이인생의진리지",
    "rating": "1",
    "date": "13.02.16"
  }
]