[
  {
    "review_id": "9695999",
    "movie_id": "103401",
    "author": "ske4****",
    "review": "tv 전기세가 아깝다 이 한마디로 표현하겠다!",
    "rating": "1",
    "date": "15.02.14"
  },
  {
    "review_id": "8025538",
    "movie_id": "103401",
    "author": "tjdd****",
    "review": "고생햇습니다 이렇게 이도저도아닌프로된거같아 안타깝네요. 다른모습으로 좋게 봣음좋겠네요.",
    "rating": "10",
    "date": "13.10.01"
  },
  {
    "review_id": "8025101",
    "movie_id": "103401",
    "author": "skyb****",
    "review": "정선희는 좀 안나왔으면 좋겠는데 김희선과 개인적인 친분인가요?  아~~정말 게스트보자마자 채널 돌렸습니다.",
    "rating": "1",
    "date": "13.10.01"
  },
  {
    "review_id": "8016318",
    "movie_id": "103401",
    "author": "ksym****",
    "review": "참 재미없고요김희선씨 사회 정말 못보네요..",
    "rating": "1",
    "date": "13.09.26"
  },
  {
    "review_id": "8016125",
    "movie_id": "103401",
    "author": "pc34****",
    "review": "첨엔 나아지겟다는 생각이 났었지만계속 무엇인가 빠진 느낌이 들었습니다1회부터 30회까지 본 시청자로써 아쉽네요수고하셨고 재미난 예능으로 다시 힘내세요^^수고하셨습니다",
    "rating": "10",
    "date": "13.09.26"
  },
  {
    "review_id": "8015308",
    "movie_id": "103401",
    "author": "figt****",
    "review": "점점산으로가는듯신동엽땀시봤당중간중간맛깔난감초개그이젠안볼듯생방하지마라왜자꾸하는지진짜아니다지루함",
    "rating": "1",
    "date": "13.09.25"
  },
  {
    "review_id": "8014756",
    "movie_id": "103401",
    "author": "pbih****",
    "review": "장난하냐?진짜 보기 싫다....작가 피디 뭐하세요?",
    "rating": "1",
    "date": "13.09.25"
  },
  {
    "review_id": "8014594",
    "movie_id": "103401",
    "author": "dkda****",
    "review": "생방송보다 녹화방송이 더나은거같다풍문으로 점점 재미붙였는데 조금 아쉽뒤에 앉은 방청객도 한시간앉아있는데 점점 지루해하는게보임차라리 안녕하세요처럼 설문을 방청객참여로 답변받는게 더나아보임",
    "rating": "3",
    "date": "13.09.25"
  },
  {
    "review_id": "8014580",
    "movie_id": "103401",
    "author": "neo0****",
    "review": "별을 줄수가 없네2013/9/24 생방송 부담감인가? 무리수...",
    "rating": "1",
    "date": "13.09.25"
  },
  {
    "review_id": "8014535",
    "movie_id": "103401",
    "author": "melo****",
    "review": "왜예능을생방송으로하지?시간에쫓겨정리도안되고재미도없고엠씨들은불안해서함부로말도못하고..화신재밌게보다봉태규로바뀌면서잼없어져서볼까고민했는데이제확실하게보지않도록결정내리게해주네요ㅡㅡ;",
    "rating": "1",
    "date": "13.09.25"
  },
  {
    "review_id": "8014530",
    "movie_id": "103401",
    "author": "love****",
    "review": "김지훈씨 넘 귀엽고 순수한 모습 보기 좋네요^^신동엽씨 엠씨 넘 잘보시구 재치 짱인듯^^",
    "rating": "9",
    "date": "13.09.25"
  },
  {
    "review_id": "7946276",
    "movie_id": "103401",
    "author": "seun****",
    "review": "김구라가 신동엽눈치보느라 말을 못하네요 어때요 김구라씨 썰전때랑 막상 입장이 바뀌니까 이도저도 못하겠죠 그래두 사람인맥이라도 남는 신동엽씨가 객관적으로 더 한레벨 위인건 확실한거같네요",
    "rating": "2",
    "date": "13.09.04"
  },
  {
    "review_id": "7944858",
    "movie_id": "103401",
    "author": "sksm****",
    "review": "재밌음ㅋㅋㅋ",
    "rating": "10",
    "date": "13.09.03"
  },
  {
    "review_id": "7941679",
    "movie_id": "103401",
    "author": "lswh****",
    "review": "뭐 구차한설명도 필요없다 라이브할꺼면 게스트 한명만 불러라 화신즐겨보는데 다음주도 생방하면 안본다.  최악의토크교엿다",
    "rating": "1",
    "date": "13.09.01"
  },
  {
    "review_id": "7939911",
    "movie_id": "103401",
    "author": "icw1****",
    "review": "솔직히 1점 주면 간첩이에요 생방송으로 한다해놓고  정말 실망이죠 그리고 김구라는 왜 나오죠 그리고 거기다 왜 셀프디스까지 참말로 방송인이 방송을 다 망치네요  가을개편되면 폐지 종영 하세요  방송수신료가 아까워요. . .",
    "rating": "1",
    "date": "13.09.01"
  },
  {
    "review_id": "7933807",
    "movie_id": "103401",
    "author": "wkdw****",
    "review": "폐지해라씨발 승리볼라캣는데존나OO같네 폐지해라이딴방송돈줘도안봄",
    "rating": "1",
    "date": "13.08.30"
  },
  {
    "review_id": "7933239",
    "movie_id": "103401",
    "author": "apfh****",
    "review": "1잠도 아깝네요 제대로된게 하나도없었어요 기대도 안했는게 이정도면뭐... 대체피시 셍긱이잇는건지 한심.. 김대희 분량이없다며병풍이라 하시는분들 계신데 전 김대희 주먹쥐며 몇번째손가락올릴지모른다 욕할꺼다 막말한모습이 너무 싫엇어요..",
    "rating": "1",
    "date": "13.08.29"
  },
  {
    "review_id": "7932637",
    "movie_id": "103401",
    "author": "tnwl****",
    "review": "근데 별 0개는 왜 없죠이런식으로 방송할거면 차라리 게스트 한명만 불러요 병풍세우지 말고",
    "rating": "1",
    "date": "13.08.29"
  },
  {
    "review_id": "7932117",
    "movie_id": "103401",
    "author": "jyhl****",
    "review": "최악~~~~",
    "rating": "1",
    "date": "13.08.29"
  },
  {
    "review_id": "7930682",
    "movie_id": "103401",
    "author": "mira****",
    "review": "이건 아니지 않나요? 어떻게 게스트를 불러놓고서는 한사람한테만 40분 이상 질문할 수가 있나요?그건 게스트들의 대한 도리가 아니죠..인기 없다해서 마지막에 잠깐 비추는게 게스트들의 대한 도리인가요?",
    "rating": "4",
    "date": "13.08.29"
  },
  {
    "review_id": "7930114",
    "movie_id": "103401",
    "author": "minj****",
    "review": "리허설 한거 맞나요? 클라라만 40분나오고 승리는 그나마 나온것도 그사건에대해서만 말하고 MC들 알려고 기를 쓰고 물어보고 알게되니까 솔직해서 참 좋다고?장난해요? 병주고 약 줘요? 김준호 김대희씨는 왜 나온거죠? 그분들도 바쁘실텐데",
    "rating": "1",
    "date": "13.08.28"
  },
  {
    "review_id": "7930084",
    "movie_id": "103401",
    "author": "phhy****",
    "review": "클라라 보면볼수록 가관이네요..  그렇게 뜨고 싶었나요?사람들 반응.  이런 결과 생각도 못했죠?섹시로 밀다가 톱스타 이용하고 갑자기 울고 그러더니 또 순진한척 해대고..  머리 왜 달고사니?더이상 대중들은 속지않아 가식아",
    "rating": "1",
    "date": "13.08.28"
  },
  {
    "review_id": "7929759",
    "movie_id": "103401",
    "author": "simr****",
    "review": "미성년자들도 화신 보고 있을텐데.. 승리 어른 멘트는 문제가 많네요..",
    "rating": "9",
    "date": "13.08.28"
  },
  {
    "review_id": "7929633",
    "movie_id": "103401",
    "author": "arct****",
    "review": "1점도 아깝다",
    "rating": "1",
    "date": "13.08.28"
  },
  {
    "review_id": "7929588",
    "movie_id": "103401",
    "author": "beck****",
    "review": "1. 신동엽-정리하느라 바쁨. 2. 김희선-존재감도 없고 중간중간 뻘소리로 흐름끊음. 3. 김구라-개념도 없고, 반말 찍찍.. 그냥 케이블용. 4. 봉태규- 무난함(역할의 한계).... 클라라:  감사합니다...한국말 할줄아는게 이거밖에 없나보지요?",
    "rating": "1",
    "date": "13.08.28"
  },
  {
    "review_id": "7929581",
    "movie_id": "103401",
    "author": "ksom****",
    "review": "생방이라 해서 특집인줄 알았다. 근데 5분도 안되서 채널 변경했다.",
    "rating": "1",
    "date": "13.08.28"
  },
  {
    "review_id": "7929558",
    "movie_id": "103401",
    "author": "jane****",
    "review": "게스트 초대해놓고 뭐하는 짓인가요. 아무리 라이브라해도 시간 분배나 게스트 존중은 엠씨나 프로로써 기본 아닌가요? 기본을 무시하고 있다는건 방송이 이상하다는 거죠;;;",
    "rating": "1",
    "date": "13.08.28"
  },
  {
    "review_id": "7929537",
    "movie_id": "103401",
    "author": "jooj****",
    "review": "별점반개주는게아깝습니다뭐이런방송이다있나싶네요게스트를 네분이나 불러놓고 삼십분도넘게계속클라라씨만얘기하시고 승리씨는 한십오분정도 김준호씨는오분,김대희씨는한마디.이게말이되나요?이번엔승리씨때문에봤지만 하는질문마다 몰아가기식으로하고 정말눈쌀찌푸려지는방송이네요",
    "rating": "1",
    "date": "13.08.28"
  },
  {
    "review_id": "7929492",
    "movie_id": "103401",
    "author": "hama****",
    "review": "화신 열혈시청자였는데...솔직히 처음에 윤종신씨함께할때가 가장재미있었는데 시청률 안나오니까 금방 재미없게 바뀌고 그나마도 김희선,신동엽때문에 그럭저럭 즐겨봤는데 첨으로 화신다운받아 보다가 꺼버렸네...라이브더하다간 폐지된다에 손목아지겁니다",
    "rating": "1",
    "date": "13.08.28"
  },
  {
    "review_id": "7929377",
    "movie_id": "103401",
    "author": "muni****",
    "review": "정말 제가 보고 짜증나서 이렇게 평점까지 쓰게되네요. 일단 게스트초대를 클라라만하시지 그러셨어요? 그리고 수위조절은 못하시나요? 이런 프로그램은 다신 보고싶지 않네요. 녹화방송을 하시던지 프로그램을 없애시던지. 뷮들 난리났는데 대처할능력은 있으시나?",
    "rating": "1",
    "date": "13.08.28"
  },
  {
    "review_id": "7929293",
    "movie_id": "103401",
    "author": "sa36****",
    "review": "클라라에서 시간 다 까먹고 재미도없고 승리얘기도 자세히 듣고싶은데 뭐 시간없다고 옆에서 자꼬 말끊고 횡설수설 아 너무 산만하다 생방왜함 그냥 녹화방송하세요ㅋㅋㅋ",
    "rating": "1",
    "date": "13.08.28"
  },
  {
    "review_id": "7929268",
    "movie_id": "103401",
    "author": "dang****",
    "review": "김준호 김대희 방송이라 표현못해서 그렇지 개빡쳤을듯",
    "rating": "1",
    "date": "13.08.28"
  },
  {
    "review_id": "7928987",
    "movie_id": "103401",
    "author": "altn****",
    "review": "어제 화신은 클라라의 섹시논란인지 뭔지로 시간 다잡아먹고 승리 스캔들로 또 시간까먹고 김구라는 계속이상한 질문만해대고.원나잇했다는데 박수펴주는 방청객하며 여러모로 대다나다..화신 초기 포맷이 훨씬좋다 야심만만st같은거 그때 애청자였는데..",
    "rating": "1",
    "date": "13.08.28"
  },
  {
    "review_id": "7928957",
    "movie_id": "103401",
    "author": "kimy****",
    "review": "클라라볼라고화신본거아닌데",
    "rating": "1",
    "date": "13.08.28"
  },
  {
    "review_id": "7928931",
    "movie_id": "103401",
    "author": "tjch****",
    "review": "승리, 김대희, 김준호 왜 불렸음? 클라라 특집이냐? 정말 쓰레기 같은 생방송은 처음이다.",
    "rating": "1",
    "date": "13.08.28"
  },
  {
    "review_id": "7928920",
    "movie_id": "103401",
    "author": "smil****",
    "review": "평소화신즐겨보는데...최고루정신읍구최고루재미없었네요~!!!김대희김준호오빠들말하면쓸데없는말한다고하고...클라라보다대희준호가훨씬재미있겄구만~안타깝네요ㅠㅠ",
    "rating": "1",
    "date": "13.08.28"
  },
  {
    "review_id": "7928912",
    "movie_id": "103401",
    "author": "leew****",
    "review": "클라라만 단독게스트임??? 재미도없고 웃음은 커녕 멍~~ 이게 예능인가요?  재미도없는 문자투표에 클라라단독 샷 ~ 정녕 계획한게 이것임?? 완전 화났음...",
    "rating": "1",
    "date": "13.08.28"
  },
  {
    "review_id": "7928907",
    "movie_id": "103401",
    "author": "ri10****",
    "review": "생방하지마요어제방송은 최악이었음 재미도없고 그냥 클라라쇼라고 하지 나머지게스트는 뻘로있나요. 웃긴게 분량은 클라라로다뽑고 기사는 죄다 승리네ㅋㅋㅋㅋ",
    "rating": "1",
    "date": "13.08.28"
  },
  {
    "review_id": "7928887",
    "movie_id": "103401",
    "author": "hanh****",
    "review": "클라라편 잘봣어요",
    "rating": "1",
    "date": "13.08.28"
  },
  {
    "review_id": "7928879",
    "movie_id": "103401",
    "author": "shei****",
    "review": "클라라특집잘봤어요",
    "rating": "1",
    "date": "13.08.28"
  },
  {
    "review_id": "7928878",
    "movie_id": "103401",
    "author": "rosa****",
    "review": "이게뭐임 그냥 녹화나할것이지 거기다가 클라라 특집이나 하고있네 이럴거면 클라라만 보냐지 다른게스트들은 불쌍해서 어쩌나",
    "rating": "1",
    "date": "13.08.28"
  },
  {
    "review_id": "7928871",
    "movie_id": "103401",
    "author": "max0****",
    "review": "시청률 개차반이라 생방송을 비장의 무기로 내세웠는데 그나마 시청률 개차반이였는데 아예 똥차반이 됐더라ㅋㅋㅋㅋ 차라리 우리동네 예체능이 더 재밌더라 예체능도 시청률 개차반인데",
    "rating": "1",
    "date": "13.08.28"
  },
  {
    "review_id": "7928867",
    "movie_id": "103401",
    "author": "chru****",
    "review": "짜증나서끝까지안봤는데마지막에김대희어떡해됬을까뵈깐말제대로못하고클로징멘트하려고해서당황하고한마디만하겠다고해서못난이주의보홍보했다며....아...진짜....자기별로나오지도않으면서홍보해주고...착하네...ㅜㅜㅜ진짜이번방송자체가방송사고다..",
    "rating": "1",
    "date": "13.08.28"
  },
  {
    "review_id": "7928860",
    "movie_id": "103401",
    "author": "daou****",
    "review": "빂을 이용해서 시청율 올리기 인가요 승리는 까고 클라라는 칭찬하고 클라라는 완벽한 사람인가 분량없다고? 클라라분량을 줄이세요 클라라 볼려고 화신 튼거 아닙니다 승리가 화신에 나온 이유는 좋은 모습보여주려고 입니다 얼마나 속상하겠어 승리야 사랑한다",
    "rating": "1",
    "date": "13.08.28"
  },
  {
    "review_id": "7928859",
    "movie_id": "103401",
    "author": "sgoo****",
    "review": "화신존나답없넼ㅋㅋㅋㅋ게스트는뻘로있나?병풍으로?아니그리고생방을준비했음똑바로하던갘ㅋ존나답답하고정신없어;이럴거면걍접어라;;;솔까별하나도아깝다진짜;;;",
    "rating": "1",
    "date": "13.08.28"
  },
  {
    "review_id": "7928858",
    "movie_id": "103401",
    "author": "invu****",
    "review": "생방송진짜하지마라..ㅋㅋㅋ",
    "rating": "1",
    "date": "13.08.28"
  },
  {
    "review_id": "7928854",
    "movie_id": "103401",
    "author": "attr****",
    "review": "준비를 하긴 한건지 그저 시청률에 눈멀어서 도박한걸로 밖에는 안보이네요 . 라이브라해서 어느정도 실수는 감안하고 보려고했는데  엠씨들은 게스트 개무시하고 서로 싸우기바쁘고 개판이네요  작가 피디 엠씨 모두 반성하셔야할듯  애정이 없으면 남기지도않습니다",
    "rating": "1",
    "date": "13.08.28"
  },
  {
    "review_id": "7928852",
    "movie_id": "103401",
    "author": "gyj4****",
    "review": "하........",
    "rating": "1",
    "date": "13.08.28"
  },
  {
    "review_id": "7928845",
    "movie_id": "103401",
    "author": "sang****",
    "review": "김구라 후배 개그맨들 까대지말고 너나 잘해그 버릇 어디가겠니",
    "rating": "2",
    "date": "13.08.28"
  },
  {
    "review_id": "7928831",
    "movie_id": "103401",
    "author": "chl3****",
    "review": "위험할지도모르는생방송에게스트로나와줘서고맙다고얘기하고잘해줘야하는게정상아닌지요 엠씨들이출연자가얘기하고있는데말끊고이게더재밌으니이얘기나하자고그러고 질문을만들어왔더니거지같고찌질하다면서2개로자기맘대로줄여버리고 시청자들의문자투표시간도출연자들간에차이가엄청나더군요",
    "rating": "1",
    "date": "13.08.28"
  },
  {
    "review_id": "7928824",
    "movie_id": "103401",
    "author": "odin****",
    "review": "김구라만 그만하자...좀",
    "rating": "1",
    "date": "13.08.28"
  },
  {
    "review_id": "7928822",
    "movie_id": "103401",
    "author": "wkdd****",
    "review": "ㅋ 생방으루왜바꿧지 그냥녹화방송이나하지 진짜 시간없다고호들갑은왜떨고있나 클라라 도그렇고 나온사람들걍다재미없고 버벅거리고앉았고 월레하던데로하지 그리고어떤대단한사람이 나와도 생방팔십분만에 토크쇼재미나게는못할꺼같은데",
    "rating": "1",
    "date": "13.08.28"
  },
  {
    "review_id": "7928809",
    "movie_id": "103401",
    "author": "o___****",
    "review": "1점주기도아깝다ㅡㅡ이럴꺼면 클라라만 부르지.다른게스트들은 왜불렀노?정신도없고.정리도 안되고.시간없다면서게스트들 무안주고.김구라는 본질이니.샘플이니 처 얘기하고 신동엽은 계속 클라라 띄아주기 바쁘고.봉태규는 게스트들 말끊고.망햇어 너넨ㅉㅉ",
    "rating": "1",
    "date": "13.08.28"
  },
  {
    "review_id": "7928789",
    "movie_id": "103401",
    "author": "heej****",
    "review": "눈뜨고본생방중에가장최악이었던프로그램.시청하고너무불쾌해평점남깁니다.물론생방이라미흡할수있지만오늘방송은미흡한정도가아니라엉망진창.녹방이었다면굉장히재밌었을게스트들분량분배조차못하는엠씨분들특히엉뚱한소리와도가지나치는비판의김구라보는내내너무짜증나더군요.괜히봐서기분만상함",
    "rating": "1",
    "date": "13.08.28"
  },
  {
    "review_id": "7928783",
    "movie_id": "103401",
    "author": "free****",
    "review": "처음이라 안정감은 없었지만,시행착오는 어찌보면당연한거고.시간에쫓겨 불안불안 산만도했지만.난 가능성도 있었다고본다. 지금 지적되고있는 수많은점들이 2~3회만거듭되면 분명 고쳐질정도의 수준이라느낀다.",
    "rating": "5",
    "date": "13.08.28"
  },
  {
    "review_id": "7928781",
    "movie_id": "103401",
    "author": "pete****",
    "review": "너무 어수선하고 정신없고 이게뭐지?라는생각만든다 재밌게보던 프로였는데 이건 뭐..별반개도 아깝다 술자리에서 서로 떠드는듯한느낌..그나마 김구라씨가 정리라도안했음 방송인지 모를뻔",
    "rating": "1",
    "date": "13.08.28"
  },
  {
    "review_id": "7928775",
    "movie_id": "103401",
    "author": "stam****",
    "review": "라이브를 하실만큼들은 다 안되시는듯!",
    "rating": "1",
    "date": "13.08.28"
  },
  {
    "review_id": "7928767",
    "movie_id": "103401",
    "author": "wngu****",
    "review": "김준호 김대희 불쌍하다 이럴꺼면 왜불럿니? 김구라도 몹시 거슬렸다 컨셉인지 게스트 비난만하고 배려도 상실 한듯 .. 그리고  솔직히 승리가 똑똑하게 분량차지한건맞지만 애타죽는데 질질끈건사실... 김준호 김대희가 맥커터질 한것도  시간분배를 잘못해서임",
    "rating": "1",
    "date": "13.08.28"
  },
  {
    "review_id": "7928730",
    "movie_id": "103401",
    "author": "dkwj****",
    "review": "보는내내짜증나죽는줄알았다.그냥클라라특집아닌가?승리는왜불렀는지이해가안된다.스캔들질문만하고대답할라그러면또짤라먹고.다른게스트들은병풍?방청객분량도그보단많이나왔을거다.게스트질문에거지같다고하는엠씨는뭐냐?완전어이없었다.별반개도아깝다.그냥접어라프로그램!",
    "rating": "1",
    "date": "13.08.28"
  },
  {
    "review_id": "7928725",
    "movie_id": "103401",
    "author": "bbyr****",
    "review": "김대희김준호는 병풍이니?게스트를 모셨으면 대우를해줘야지 시간조절 지네가못해놓고 승리가 말할라하면 빨리하라고 재촉하고; 그리고 생각좀하고 내뱉지 길빵이라니;; 어휴 질문들도 답없더라 그걸질문이라고.. 나름 재미있게봤던프로인데 이제 안볼란다",
    "rating": "1",
    "date": "13.08.28"
  },
  {
    "review_id": "7928681",
    "movie_id": "103401",
    "author": "gusd****",
    "review": "미친거 아닌가... 현장의 생동감을 위한답치고 최소한의 드라이 리허설도 안뛴거 같다.. 중간에 클라라 시구사진 안본 국민 몇명되냐?클라라 깔려는게 아니다. 명백한 분량안배의 오류다..단언컨데 근 한 10년간 최악의 방송이다.",
    "rating": "1",
    "date": "13.08.28"
  },
  {
    "review_id": "7928666",
    "movie_id": "103401",
    "author": "je_1****",
    "review": "클라라는 지가 좋아서 한 섹시컨셉 앞뒤말도 안맞게 해명하면서 빙송시간 지가 다 먹고 MC들이 쉴드쳐주고 승리는 클라라때문에 시간 다 간거면서 시간없다고 계속 말자르고 대놓고 조롱하고...그리고 김준호 김대호는 병풍인가요?게스트로 모셔놓고 뭐하자는건지",
    "rating": "1",
    "date": "13.08.28"
  },
  {
    "review_id": "7928664",
    "movie_id": "103401",
    "author": "tggy****",
    "review": "할거면제대로하세요 게스트들도생각하면서분량도네명균등하게배분하고요 수위조절도제대로하세요",
    "rating": "1",
    "date": "13.08.28"
  },
  {
    "review_id": "7928657",
    "movie_id": "103401",
    "author": "dfgh****",
    "review": "아1점도아깝다 ㅡㅡ승리까러온방송이니? 진짜 당황한거 눈에베고 ㅋㅋㅋㅌㅌㅌㅌ광고란광고는 승리로다해놓고 진작 나온건 클라라 ㅋㅌㅌㅌㅌ 분량조절도진짜 엿같이해놓고. 김대희는 거기서 한참앉아서 뭐한거야? 리허설도했을텐데 다끈어먹고 걍 방송 접어라ㅡㅡ",
    "rating": "1",
    "date": "13.08.28"
  },
  {
    "review_id": "7928638",
    "movie_id": "103401",
    "author": "dlsw****",
    "review": "하 정말 진짜 저별테두리도 아깝네요진짜 승리팬으로써도 무지화가나고요승리컴백해서나온건데 물어뜯기만하고 특히 김희선씨랑 봉태규씨막말이정말대단하셧어요김대희김준호씨는 무슨죄인가요?김구라씨는정말실망이고요신동엽씨가 정말그나마 후배들챙기고",
    "rating": "1",
    "date": "13.08.28"
  },
  {
    "review_id": "7928634",
    "movie_id": "103401",
    "author": "tndu****",
    "review": "평점등록해보긴 처음이네요 클라라만 만들어놓은영상이 있더군요 그럼 다른게스트는 뭡니까 승리는 스캔들얘기만하다 성인이되었다하고 끝내고 김준호.김대희씨는 개그하다 들어가셨네요 분량을 잘고려해 방송하시든지 다시녹화방송으로 해주셨으면 좋겠습니다",
    "rating": "1",
    "date": "13.08.28"
  },
  {
    "review_id": "7928623",
    "movie_id": "103401",
    "author": "qhru****",
    "review": "1점도아깝다 클라라쇼냐? 봉태규 김희선 김구라 너네가 엠씨냐? 김준호 김대희병풍에 승리 마녀사냥에 게스트에게 섹드립에 거지드립? 김희선 뭐 전여친한테전화를해? 이딴 프로그램 폐지되길엠씨자격도없다",
    "rating": "1",
    "date": "13.08.28"
  },
  {
    "review_id": "7928620",
    "movie_id": "103401",
    "author": "vaby****",
    "review": "이래서 다들 유느님유느님 하나봐요 엠씨보기 힘드시죠?",
    "rating": "1",
    "date": "13.08.28"
  },
  {
    "review_id": "7928616",
    "movie_id": "103401",
    "author": "jini****",
    "review": "리허설하긴함?생방송이벅차면대본대로하던가ㅋ영화더테러보는줄나까지급박해서ㅋ시간분배도안되있고승리김준호김대희한테기본적으로게스트에대한예의는지켜줘야되는거아닌가ㅋ뭔말만하면쳐자르고막말하고김준호보고자빠져가뭐야예의없게ㅋ무슨엠씨가게스트보다말이많아ㅋ승리해명도쳐자르고앨범홍본ㅋ",
    "rating": "1",
    "date": "13.08.28"
  },
  {
    "review_id": "7928614",
    "movie_id": "103401",
    "author": "lsl8****",
    "review": "화신 오늘 방송은 정말 무개념 이었습니다생방송에서 개그맨들 게스트로 초대해놓고 대놓고 무시하고 김구라씨 봉태규씨는 성질내고 말자르고결국 김준호씨와 김대희씨는 면박만 당하고 말한마디 제대로하지못하게 하던군요 당장 공개사과하세요PD는",
    "rating": "1",
    "date": "13.08.28"
  },
  {
    "review_id": "7928609",
    "movie_id": "103401",
    "author": "dldk****",
    "review": "무슨 클라라스폐셜이니?다른애들은 게스트?게스트라도이따위취급안해 승리는 말만할려고하면 다 짤라먹고 질문은 여기저기에서던지고 김희선은 전여친한테사과하라는개념없는말만하고 정준호랑 김대희는 한사람당7분도얘기안하고 미쳤니? 방송날로먹니?화신폐지&라이브금지바람",
    "rating": "1",
    "date": "13.08.28"
  },
  {
    "review_id": "7928604",
    "movie_id": "103401",
    "author": "tpdu****",
    "review": "김대희뭔죄여 토크못해보고그냥드라마소개로끝 김대희가 드라마홍보딱한마디만할라고나간건아니잖아ㅡㅡ승리는다시사건들춰지고범죄자돌이라학 김준호도애기할라하면 엠씨들다잘르고 클라라이미지만개선되고 봉태규도실시간보고그랫다면올라온글도봣을텐데 끝까지에효,.",
    "rating": "1",
    "date": "13.08.28"
  },
  {
    "review_id": "7928602",
    "movie_id": "103401",
    "author": "yyye****",
    "review": "전채적 분위기는 어수선했고 홍보는 실컷 승리 팔아먹더니 정작 클라라 특집. 아니 40분을 한사람한테 몰아주는게말이냐고요. 컴백한 가수한테 앨범얘기는 안하고 스캔들만 얘기하더니 초반 한명 빼고는 다 시간에 쫓겨서 허덕이고 뒤에 개그맨 두분은 병풍입니까?",
    "rating": "1",
    "date": "13.08.28"
  },
  {
    "review_id": "7928598",
    "movie_id": "103401",
    "author": "lc00****",
    "review": "진짜어이없네요 클라라랑승리랑 차별대우도 모자르시나요 그리고 화신좋게봣는데..",
    "rating": "1",
    "date": "13.08.28"
  },
  {
    "review_id": "7928597",
    "movie_id": "103401",
    "author": "goar****",
    "review": "클라라 승리 화신 검색어순위에올랏다고좋아하지말고공개적으로사과부터해야될듯 승리김대희김준호 왜초대한건지도무지이해도안되고게스트대접해준게모잇는지의문이듬 시간없다고재촉하는건 순서기다리고잇는게스트들에게무슨매너인지? 분배좀제대로하시고사과는아무리해도모자를듯 최악임",
    "rating": "1",
    "date": "13.08.28"
  },
  {
    "review_id": "7928591",
    "movie_id": "103401",
    "author": "kims****",
    "review": "일단 엠씨 역량 부족이 가장 큰 문제인듯. 시간 없다고, 재미없다고 게스트 말 끊는것 보고 어이상실ㄷㄷ 한 게스트 40분 이야기하게 한건 엠씨들이면서 나중에 시간없어지니까 김대희?는 안듣고 걍한마디하라고하고 끝ㅋㅋㅋ엠씨가노답임 생방 왜함???",
    "rating": "1",
    "date": "13.08.28"
  },
  {
    "review_id": "7928590",
    "movie_id": "103401",
    "author": "ilov****",
    "review": "진짜 답안나온다..생방토크는진행자가 진짜 잘해야되는데봉씨 기미선은 흐름 끊고있고 구라는 정리는잘하지만 생방하기엔 거친 언사가 걸린다.아무리 생방이라그래도 구성과 시간분배는 어느정도 체계를 잡고가야지 연출자 패닉상태가 절절이 느껴짐연출자케파부족",
    "rating": "1",
    "date": "13.08.28"
  },
  {
    "review_id": "7928581",
    "movie_id": "103401",
    "author": "k010****",
    "review": "성인개그? 케이블티비에서 나오는거랑 공중파에서 나오는거랑 모가다른거지? 단순히 시간대별 연령대가 성인이 많아서 필요하다니..클라라도 비호감 당신을보면서 여성으로서 수치심을 느낀다 아이들과 여자들 눈에띄지않았으면 한다 이번화신 세사람 주제가 모두 더럽다",
    "rating": "1",
    "date": "13.08.28"
  },
  {
    "review_id": "7928580",
    "movie_id": "103401",
    "author": "twoj****",
    "review": "아무리 첫생방이었지만 시간관리나 토크주제를?다루는 것이 미숙하고 출연자들에 대한 예의가 부족했다. 엠씨들의 자질도 의심되고 여러면에서 실망스러운",
    "rating": "1",
    "date": "13.08.28"
  },
  {
    "review_id": "7928578",
    "movie_id": "103401",
    "author": "cay9****",
    "review": "일점주기도아까움 클라라얘기할땐다듣고잇다가갑자기시간없다면서재촉하고 그럴꺼면클라라만부르지!!! 신동엽씨만방송하고 나머지엠씨분들은뭐하시는건지... 진심정신없고 보고나니화가나는방송이네요... 다음주오프닝에서 오늘게스트분들께사과하셧으면좋겟어요 오늘실망입니다",
    "rating": "1",
    "date": "13.08.28"
  },
  {
    "review_id": "7928576",
    "movie_id": "103401",
    "author": "xiah****",
    "review": "게스트는 4명인데 방송은 1명이 다했나봐요?편집이 이상한건가요...좀 실망이네요. 김준호 김대희님 얼마나 웃긴 말들 하셨겠어요?에피소드도 많고 근데 방송은 전부 클라라양..위주로..저도 클라라양 싱글즈때부터 좋아했는데 편파적 이라 생각드네요.",
    "rating": "1",
    "date": "13.08.28"
  },
  {
    "review_id": "7928574",
    "movie_id": "103401",
    "author": "chlw****",
    "review": "김희선 봉태규 mc왜함? 김구라 방송왜함? 화신PD PD왜함? 거참ㅋ 가관도 아니더라진짜; 초등학교 학급회의도 이것보단 낫다; 그리고 승리? 불쌍하지; mc때문에 해명도 못하고.. 그래도 개그맨보단 낫잖아 말이라도 했지; 김대희가 제일 불쌍",
    "rating": "1",
    "date": "13.08.28"
  },
  {
    "review_id": "7928572",
    "movie_id": "103401",
    "author": "ilkw****",
    "review": "신동엽 아니었으면 쓰레기될뻔했다 정말 위대해보였다김희선 김구라 많이 반성해라 게스트 모셔놓고 공약타령이나하고 개그안짜왔다고 나무라고...뭐하는짓이냐",
    "rating": "3",
    "date": "13.08.28"
  },
  {
    "review_id": "7928568",
    "movie_id": "103401",
    "author": "no1t****",
    "review": "별반도 아깝다. 신동엽없음 어떡게 진행할래?김희선 공략은개뿔.. 김구라 아직도 정신못차렸지.. 너가 케이블이지 김준호가 공중파고.. 봉태규 그래 넌 그냥 가루지기다..",
    "rating": "1",
    "date": "13.08.28"
  },
  {
    "review_id": "7928564",
    "movie_id": "103401",
    "author": "gmlw****",
    "review": "방송분량이 너무 차이나서 좀 그랬습니다.첫 Live방송이라 어쩔 수 없었을 지는 모르겠다만,분량이 나가지 못하신 분도 계시고.승리는 그 스캔들때문이 아닌 앨범활동때문에 나온게 우선인데..앨범얘기는 잠깐밖에 하지않고 수위선도 좀 많이 지나쳤어요",
    "rating": "3",
    "date": "13.08.28"
  },
  {
    "review_id": "7928559",
    "movie_id": "103401",
    "author": "tngh****",
    "review": "리허설을해서이정도의퀄리티면 리허설안하고생방했으면큰일날뻔했네요.게스트는 네명인데 클라라에게 40분이상을소비하고 나머지세명의게스트들얘기할때는 시간없으니까빨리빨리를외치고.mc들은 말끊고 소리지르고 참..녹화방송으로 다시넘어가시는게 니을듯싶습니다",
    "rating": "1",
    "date": "13.08.28"
  },
  {
    "review_id": "7928557",
    "movie_id": "103401",
    "author": "gpdu****",
    "review": "솔직히 빅뱅팬질 오래했는데 기사만 보고 승리가 그런식으로 말했다길래 미쳤나 싶어서 반응 보니깐ㅋㅋㅋㅋㅋㅋㅋㅋㅋㅋㅋㅋㅋㅋㅋ화신 미쳤넼ㅋㅋㅋㅋㅋㅋㅋㅋㅋㅋㅋㅋ 승리도 그렇게 해명했지만 피해자인건 사실인듯 ㅋㅋㅋㅋ 그나저나 김준호 김대희 진짜 멘탈 갑임 ㅇㅇ",
    "rating": "1",
    "date": "13.08.28"
  },
  {
    "review_id": "7928552",
    "movie_id": "103401",
    "author": "yera****",
    "review": "아니 무슨 클라라만 50분 이상이아;; 김대희랑 김준호는 병풍처럼 가만히 세워놓고; 승리는 10분도 안한거같구만ㅋㅋㅋㅋ클라라가 문제다;노답이네",
    "rating": "1",
    "date": "13.08.28"
  },
  {
    "review_id": "7928553",
    "movie_id": "103401",
    "author": "27so****",
    "review": "클라라님만 분량 엄청주고; (물론 클라라님 잘못이 아니라 제작진과 MC의 분량조절 잘못의 문제겠죠) 승리도 방송 분량 참 그랬지만 김대희님 김준호님 방송 분량은 너무하다는 생각 안드시나??",
    "rating": "1",
    "date": "13.08.28"
  },
  {
    "review_id": "7928548",
    "movie_id": "103401",
    "author": "jjeu****",
    "review": "클라라 분량뽑기 작정했네. 봉태규씨 시간재고 있다며? 시간 나눴더니 김준호 김대희 분량이 그렇게 나왔구나? 클라라한테는 결과나쁘게나와도 울지말라고 얘기하더니 승리한테 일본잡지사건에 대해서만 말하고 김대희 김준호한테 시간없다는말이나 해대고ㅋ",
    "rating": "1",
    "date": "13.08.28"
  },
  {
    "review_id": "7928547",
    "movie_id": "103401",
    "author": "pjh9****",
    "review": "그냥 다들.멋대로 노는거 같네요...ㅋㅋ",
    "rating": "1",
    "date": "13.08.28"
  },
  {
    "review_id": "7928543",
    "movie_id": "103401",
    "author": "85ga****",
    "review": "꼴보기시러 ㅋ 완전 시청자 평가단 나셨네~회사 다니면 기획서 하나 통과하기 힘든거처럼 많이고민하고 준비한거 처음이라 많이 부족했다고 이렇게들 까나?? 깔 머리있으면 공부해서 PD들이나하지 ㅋ 끝까지 봤으면 관심 있다는건데 왜들 그러는지~ㅉㅉ화신파이팅!",
    "rating": "10",
    "date": "13.08.28"
  },
  {
    "review_id": "7928541",
    "movie_id": "103401",
    "author": "wlsd****",
    "review": "아 실망이다 솔직히 븨앞이 검색어 올려주고 시청율 올려줬는데 승리는8분도 안되고 클라라인가 섹시 머시기로40분 넘게 때우고 나머지 게스트는 방풍입니까?",
    "rating": "1",
    "date": "13.08.28"
  },
  {
    "review_id": "7928535",
    "movie_id": "103401",
    "author": "seoj****",
    "review": "...정말..다른분들께서 진짜 잘 말씀해주셔서 할말이없네요.",
    "rating": "1",
    "date": "13.08.28"
  },
  {
    "review_id": "7928531",
    "movie_id": "103401",
    "author": "ksyy****",
    "review": "내가본 예능중에 제일 최악이였어요. 분량배분도못하고 mc분들 횡설수설하는것도다보이고 수위조절못하고 똑같은 이야기만 반이상하고 이럴꺼면 나머지 게스트분들은 왜불렀습니까?하... 얼마나 답답하면 내가 평점을쓰고있노",
    "rating": "1",
    "date": "13.08.28"
  },
  {
    "review_id": "7928530",
    "movie_id": "103401",
    "author": "k981****",
    "review": "별점높아서 좋앗냐 이게 니 식으로 사람 물멕이는 거다 김구라야. 난 당신의 찐한 팬이었는데, 오늘부로 안할란다. 오늘 너무 실망. 개그 선배면 선배답게 개그 도와줘 동엽신처럼. 당신의 독설도 편집없이는 어떻게 써먹을게 없는가보다..라는걸느꼇네",
    "rating": "10",
    "date": "13.08.28"
  },
  {
    "review_id": "7928527",
    "movie_id": "103401",
    "author": "lpaw****",
    "review": "생방 클라라가 다잡아먹음 그것도 막 섹시섹시거리고 그것땜에 40분잡고 투표시간 10분 승리 이야기 과거사에 말도제대로 안듣고 빨리 질문하라고ㅋ 배려도참 클라라한텐 울까봐걱정이러고 승리에겐 질문빨리빨리ㅋ그리고 투표시간1분ㅋ존나 짱이넹ㅋ 화신 걍페지GO",
    "rating": "1",
    "date": "13.08.28"
  },
  {
    "review_id": "7928526",
    "movie_id": "103401",
    "author": "ko96****",
    "review": "망했다 진짜ㄲㅋㅋㅋ  이거 보고있던 시청자들 대부분이 빅뱅 팬들이었을텐데 .... 김구라씨 빅뱅이 엿같죠??",
    "rating": "1",
    "date": "13.08.28"
  },
  {
    "review_id": "7928523",
    "movie_id": "103401",
    "author": "hhy9****",
    "review": "승리는에피소드준비햇다하면서엠씨들은주구장창스캔들얘기만물어보고또엠씨들이포장식으로하면서계속물어보는데생방송인데대답을안할수도없고웃고있지만말더듬거리고당황하는몇몇질문들이보였다이게도대체뭔가요컴백후처음나온예능에질문할게그거밖에없나요승리를화신이슈거리로쓸려고이용한것만같다",
    "rating": "1",
    "date": "13.08.28"
  },
  {
    "review_id": "7928522",
    "movie_id": "103401",
    "author": "tkjr****",
    "review": "토크쇼를왜라이브로안하는지화신이제대로보여준것같다이럴꺼면클라라특집방송하지딴게트들은왜부름?김구라는몰아가기만하고수위조절도하지도않고분량은?호감이네어쩌네클라라는찡찡대고상식적으로헤어진여자친구한테전화해서사과하라는게말이됨?MC랑PD들은사과하고폐지가답인듯싶다",
    "rating": "1",
    "date": "13.08.28"
  }
]