[
  {
    "review_id": "10274467",
    "movie_id": "103535",
    "author": "song****",
    "review": "쓰레기는 잘잡아놓는 우리나라 하지만 잡아놓은 쓰레기처리를 깔끔하게 하지 못한다",
    "rating": "7",
    "date": "15.08.25"
  },
  {
    "review_id": "10232582",
    "movie_id": "103535",
    "author": "shin****",
    "review": "비맞는 아저씨에게 우산을 씌워줘야 할 것 같아서 씌워줬다는 소원이 대사에 참았던 눈물이 터졌다. 너가 잘못한게 아닌데...왜 너가 잘못한 것처럼 피해자가 조용히 숨기고 살아야 하는지...어른인 내가 너무나 미안해졌다.",
    "rating": "10",
    "date": "15.08.15"
  },
  {
    "review_id": "10218329",
    "movie_id": "103535",
    "author": "hoon****",
    "review": "코코몽나왔을때도 울었습니다..",
    "rating": "10",
    "date": "15.08.11"
  },
  {
    "review_id": "10217022",
    "movie_id": "103535",
    "author": "yoon****",
    "review": "평가 할 수 없는 영화임... 아빠에 두번 울었다",
    "rating": "10",
    "date": "15.08.11"
  },
  {
    "review_id": "10213898",
    "movie_id": "103535",
    "author": "cmj7****",
    "review": "진짜 말이되는 건가 이렇게 증거가 명확해도 겨우 12년형?? 선진국은 만취 상태면 더 가중 처벌되는데 이게 맞는거지 이런식으로 판결하면 판사들도 하나님께 심판을 받지 안것나 얼른 법 개정되어야   휴   연기력이 굉장히 뛰어난 정말 잘만든 영화",
    "rating": "9",
    "date": "15.08.10"
  },
  {
    "review_id": "10138212",
    "movie_id": "103535",
    "author": "pcm9****",
    "review": "조두순 출소일에 부관참시 조두순 핏줄 다 죽길 바란다그리고 12년때린 위대하신 전북정읍 출신 이태수 판사기억할게",
    "rating": "10",
    "date": "15.07.24"
  },
  {
    "review_id": "10134751",
    "movie_id": "103535",
    "author": "rudw****",
    "review": "술먹고 실수한다고 봐주나??대한민국 법 참 X같네..",
    "rating": "10",
    "date": "15.07.23"
  },
  {
    "review_id": "10131442",
    "movie_id": "103535",
    "author": "leem****",
    "review": "10점주고 싶은데...설경구 이 OO새리때메...",
    "rating": "9",
    "date": "15.07.23"
  },
  {
    "review_id": "10129311",
    "movie_id": "103535",
    "author": "powe****",
    "review": "코코몽보고 울었는데...훈훈한 장면임에도 나는 오열했다..눈물포인트가 남들과는 다른가보다",
    "rating": "10",
    "date": "15.07.22"
  },
  {
    "review_id": "10121405",
    "movie_id": "103535",
    "author": "hoye****",
    "review": "꼭 보세요! 후회 안 하실겁니다. 보다가 울뻔...ㅜㅜ",
    "rating": "10",
    "date": "15.07.19"
  },
  {
    "review_id": "10110933",
    "movie_id": "103535",
    "author": "dsms****",
    "review": "설경구란배우아니었음 안  됐다  이렇게 심금을 울릴 줄은 몰랐음. .. 그리고 엄지원님 역시 매우 잘합니다 배우분들 다 연기잘하는' 꾼'들만 모여서 조합 아주 좋습니다.이거 나영이 사건 이죠?나영이가 수능끝나20되면 그 때 나오는개판현실 나영이안녕하길",
    "rating": "10",
    "date": "15.07.16"
  },
  {
    "review_id": "10102486",
    "movie_id": "103535",
    "author": "sall****",
    "review": "정말감동적인영화입니다.영화개봉하고 영화관에서 2번보고 오늘 또 봤는데 봐도봐도 감동적이고 슬픈영화입니다.봐도 정말 후회안하실겁니다",
    "rating": "10",
    "date": "15.07.13"
  },
  {
    "review_id": "10086360",
    "movie_id": "103535",
    "author": "dneh****",
    "review": "살짝 억지로 웃음코드 넣을려던 것만 빼면 완벽했다 ㅠ",
    "rating": "7",
    "date": "15.07.10"
  },
  {
    "review_id": "10080010",
    "movie_id": "103535",
    "author": "user****",
    "review": "우리나라의 법은 미쳤다.",
    "rating": "10",
    "date": "15.07.08"
  },
  {
    "review_id": "10079404",
    "movie_id": "103535",
    "author": "war_****",
    "review": "이건10점받을만함,,,내가코코몽을보고울다니,,,이영화슬픈영화라기보단보고나서전마음이되려따뜻해집니다,,소원이가슈퍼에서아빠땀닦아주는씬은정말최고였어요",
    "rating": "10",
    "date": "15.07.08"
  },
  {
    "review_id": "10078340",
    "movie_id": "103535",
    "author": "park****",
    "review": "누구나 다 알고 있는 이야기를 이렇게 감동적으로 풀어낼 수 있는 건 분명 극본, 연기, 연출의 힘이 아닐까 생각한다. 가족의 슬픔이 절실히 느껴진다.",
    "rating": "9",
    "date": "15.07.07"
  },
  {
    "review_id": "10073229",
    "movie_id": "103535",
    "author": "mini****",
    "review": "이 영화를 통해 나영이를 오래 기억하며응원하고싶습니다 먹먹하기도 했지만..오랜만에 영화보며 같이 울었네요ㅠㅠ 감사합니다",
    "rating": "10",
    "date": "15.07.05"
  },
  {
    "review_id": "10068758",
    "movie_id": "103535",
    "author": "almo****",
    "review": "아역이 너무 이쁘다.,.,",
    "rating": "6",
    "date": "15.07.04"
  },
  {
    "review_id": "10066211",
    "movie_id": "103535",
    "author": "wlsd****",
    "review": "너무 마음이 아픈영화.",
    "rating": "10",
    "date": "15.07.03"
  },
  {
    "review_id": "10063923",
    "movie_id": "103535",
    "author": "zzpp****",
    "review": "분노가 치밀어 오른다...엿",
    "rating": "10",
    "date": "15.07.03"
  },
  {
    "review_id": "10057518",
    "movie_id": "103535",
    "author": "kara****",
    "review": "설경구를 제대로 쓴 좋은 본보기....사투리영화전문 이준익...조두순 12년은 짜다...외국같았음 무기징역이나 사형이다",
    "rating": "7",
    "date": "15.07.01"
  },
  {
    "review_id": "10053403",
    "movie_id": "103535",
    "author": "zard****",
    "review": "현시대를 사는 부모늬 마음으로..",
    "rating": "10",
    "date": "15.06.29"
  },
  {
    "review_id": "10044068",
    "movie_id": "103535",
    "author": "azga****",
    "review": "신파보다 더 눈물나는 신파",
    "rating": "8",
    "date": "15.06.27"
  },
  {
    "review_id": "10043844",
    "movie_id": "103535",
    "author": "vhrt****",
    "review": "사실 보질 않았지만 예고편만 봐도 눈물이나네요...ㅠㅠㅠ",
    "rating": "10",
    "date": "15.06.27"
  },
  {
    "review_id": "10033644",
    "movie_id": "103535",
    "author": "2dud****",
    "review": "셜경구ㅠ.ㅠ 맘이 아픕니다",
    "rating": "1",
    "date": "15.06.25"
  },
  {
    "review_id": "10032933",
    "movie_id": "103535",
    "author": "chow****",
    "review": "이 영화가 지루 하다 하면 니 삶은 지루하게 살듯.  이 영화를 보게 된다면 어두운 조명 아래에서 사운드 빵빵하게 틀어 보시길. 또한 이 사법부의 현실을 느끼게 됨",
    "rating": "10",
    "date": "15.06.25"
  },
  {
    "review_id": "10025831",
    "movie_id": "103535",
    "author": "kyo1****",
    "review": "술 처먹고 한 범행은 심신미약으로 감형이 아니라 가중처벌을 해야한다.",
    "rating": "8",
    "date": "15.06.24"
  },
  {
    "review_id": "10025530",
    "movie_id": "103535",
    "author": "elko****",
    "review": "이렇게 많이 운 영화는 처음입니다....",
    "rating": "10",
    "date": "15.06.24"
  },
  {
    "review_id": "10024528",
    "movie_id": "103535",
    "author": "soon****",
    "review": "하..대박이다.. 한국흔한 눈물짜기류 그런영화진짜싫어하는데 이건 뭐..대박..",
    "rating": "10",
    "date": "15.06.23"
  },
  {
    "review_id": "10022752",
    "movie_id": "103535",
    "author": "rd72****",
    "review": "배려가 깃든 고급 신파.",
    "rating": "7",
    "date": "15.06.22"
  },
  {
    "review_id": "10019750",
    "movie_id": "103535",
    "author": "wjde****",
    "review": "정말 최고의 영화다 억지로 눈물짜내기도없고 감동도있고이영화는 영원히 기억해야하는 내용의 영화다절대 잊어서는안되는영화다",
    "rating": "10",
    "date": "15.06.21"
  },
  {
    "review_id": "10017724",
    "movie_id": "103535",
    "author": "mitz****",
    "review": "이게 실화를 배경으로 한 영화라는게 더 슬프네요ㅠㅠㅠ 나영이 사건에 다시 불을 비춰준 영화인것 같아요 저런 사람은 싸잡아서 평생 감옥에서 썩게 해야 되는데...",
    "rating": "10",
    "date": "15.06.21"
  },
  {
    "review_id": "10006842",
    "movie_id": "103535",
    "author": "souh****",
    "review": "정말 감동적인 영화입니다. 연기력도 매우 좋구요. 정말 추천하고싶습니다~!",
    "rating": "9",
    "date": "15.06.17"
  },
  {
    "review_id": "9997832",
    "movie_id": "103535",
    "author": "veni****",
    "review": "정말 마음이 아프고, 가슴이 찢어질 것 같다.뭐가 잘못돼도 크게 잘못된 것 같다.중요한 메시지를 잘 표현한 영화다!",
    "rating": "10",
    "date": "15.06.14"
  },
  {
    "review_id": "9991417",
    "movie_id": "103535",
    "author": "jjeo****",
    "review": "내입장은솔직히그렇다..나영이가커서안본다는보장도없고.이영화를모를일도없을텐데.나영이아버지가영화를찍게끔허락한게이해가안된다.물론다시는이런일이 일어나지않길바라며 허락하신거겠지만.. 내입장에선 돈때문인거같아서 좀그렇다..나라면영화고뭐고인터뷰같은거거절햇을거같다",
    "rating": "10",
    "date": "15.06.11"
  },
  {
    "review_id": "9987524",
    "movie_id": "103535",
    "author": "nill****",
    "review": "수작임. 근데 보는 내내 너무 고통스러워서 잘 볼 수가 없음. 아픈 걸 밝게 이야기하니까 더 아프게 다가옴. 한국영화는 이렇게 찍어야됨",
    "rating": "10",
    "date": "15.06.10"
  },
  {
    "review_id": "9964378",
    "movie_id": "103535",
    "author": "suah****",
    "review": "조두순 국민 모두가 모여 죽여야 한다 가장 고통스럽게",
    "rating": "9",
    "date": "15.05.31"
  },
  {
    "review_id": "9956256",
    "movie_id": "103535",
    "author": "0206****",
    "review": "이건 우리 사회의 어른 들이 풀어 나가야 할 문제이다 런닝 타임 내내 가슴 아프고 슬픈 영화 이다 하지만 따듯 하게 잘 풀어낸 영화 이기도 하다 너무 여운이 오래 남는다",
    "rating": "10",
    "date": "15.05.28"
  },
  {
    "review_id": "9947743",
    "movie_id": "103535",
    "author": "whee****",
    "review": "더운 여름... 남자의 접근을 싫어하는 딸 아이를 위해 인형을 탈을 쓰는 아버지... 그 아버지를 알아보는 딸의 모습... 눈물이 왈칵...",
    "rating": "9",
    "date": "15.05.25"
  },
  {
    "review_id": "9947530",
    "movie_id": "103535",
    "author": "wodn****",
    "review": "그냥 딱잘라서 개슬퍼 ㅠ_ㅠ",
    "rating": "10",
    "date": "15.05.25"
  },
  {
    "review_id": "9927177",
    "movie_id": "103535",
    "author": "khso****",
    "review": "보는내내 빡치기도 하는데 눈물 쫙 빼고오는 영화 진짜 콜라없이는 못보는영화임 눈물때문에 수분 다빠져서 탈수올거같은 영화 웬만해서 영화보다가 이렇게 우는영화 없다 진짜",
    "rating": "10",
    "date": "15.05.17"
  },
  {
    "review_id": "9920407",
    "movie_id": "103535",
    "author": "kano****",
    "review": "정말보고싶은영화다...하지만 차마 볼수가없다...마음이 찟어질까봐...화가치밀어 오를까봐...",
    "rating": "10",
    "date": "15.05.15"
  },
  {
    "review_id": "9902347",
    "movie_id": "103535",
    "author": "yuio****",
    "review": "보는 내내 화가 나고 울분이 터지고 매말랐던 눈물샘을 터지게 만들었다. 그렇게 내 감정을 자극시킨 영화. 그냥 슬프다.",
    "rating": "10",
    "date": "15.05.07"
  },
  {
    "review_id": "9902197",
    "movie_id": "103535",
    "author": "tpfl****",
    "review": "이거보고 집에 있는 야동 다 지웠습니다.",
    "rating": "10",
    "date": "15.05.07"
  },
  {
    "review_id": "9898877",
    "movie_id": "103535",
    "author": "na10****",
    "review": "정말 감동적입니다. 잊지않겠습니다.",
    "rating": "10",
    "date": "15.05.06"
  },
  {
    "review_id": "9881266",
    "movie_id": "103535",
    "author": "snum****",
    "review": "인간적으로 9점대는 아니잖아 괜히 시간 낭비했다 해도해도 너무하네 솔직히 6점이 적당한데 진짜 아오",
    "rating": "1",
    "date": "15.04.30"
  },
  {
    "review_id": "9880498",
    "movie_id": "103535",
    "author": "drag****",
    "review": "대한민국 진짜로 바꿔야 할 것이 많다. 한부모의 자식을 저꼴로 만들고 재판장에서도 저렇게 말하는 범죄자한테 12년이라니. 그리고  나중에 두고보자 하는데  피해자한테 더이상 아무일 없으면 좋겠다",
    "rating": "10",
    "date": "15.04.30"
  },
  {
    "review_id": "9876619",
    "movie_id": "103535",
    "author": "hamb****",
    "review": "평점들 괜히 읽었다.. 다들 무슨 감동적이다 연기 잘한다 그런 말들 하시네요. 제가 너무 \"이건 실화다!\"라는 생각을 하고 봐서 그런가요. 이 영화 목적이 세상에 알리는 용도 아닌가요? 상업용인가?.. 제가 영화보고 울어본 적은 처음입니다.",
    "rating": "10",
    "date": "15.04.28"
  },
  {
    "review_id": "9862177",
    "movie_id": "103535",
    "author": "z2tn****",
    "review": "가슴이 먹먹합니다...",
    "rating": "10",
    "date": "15.04.24"
  },
  {
    "review_id": "9859867",
    "movie_id": "103535",
    "author": "rlat****",
    "review": "이영화는 진짜 꼭봐야 될거같아요. 실화를 다뤄서인지 더 와닫고 연기자분들이 연기를 너무 잘하셔서 진짜 보는내내 화가나고 슬프고 눈물을 계속 흘렸어요.. 진짜 여기나오는 대사중에 공감되는 대사도 많고.. 진짜 내인생 최고의 영화에요",
    "rating": "10",
    "date": "15.04.23"
  },
  {
    "review_id": "9856793",
    "movie_id": "103535",
    "author": "soyo****",
    "review": "http://blog.naver.com/soyoung8458/220338063588 평점 9점 이상 영화 공유해요~",
    "rating": "10",
    "date": "15.04.22"
  },
  {
    "review_id": "9851689",
    "movie_id": "103535",
    "author": "alsw****",
    "review": "아 이좋은영화를 혼자보다니....누군가와 함께하고 나눴어야 했다",
    "rating": "10",
    "date": "15.04.18"
  },
  {
    "review_id": "9847177",
    "movie_id": "103535",
    "author": "bjt1****",
    "review": "마지막말이 와닿는다... 술먹고 봐주는게 어디잇냐  그럼술먹고 운전한건 안봐주고 술먹고 애를 저리만든건 봐준다고? 이말듣고 울컥햇다.;;;",
    "rating": "10",
    "date": "15.04.15"
  },
  {
    "review_id": "9842623",
    "movie_id": "103535",
    "author": "rkdg****",
    "review": "진심 술 먹고 형이 줄어들면 내가 술 먹고 대학살 저질러도 감옥에 몇년있다 나오겠네 우리나라는 이래서 문제야",
    "rating": "10",
    "date": "15.04.12"
  },
  {
    "review_id": "9837773",
    "movie_id": "103535",
    "author": "wert****",
    "review": "재미있음또보고싶음",
    "rating": "10",
    "date": "15.04.10"
  },
  {
    "review_id": "9827211",
    "movie_id": "103535",
    "author": "h103****",
    "review": "아이 둘 재우고 이제서야 VOD로 봤습니다.정말 평생 기억에 남을 작품중 하나 인것 같습니다.",
    "rating": "10",
    "date": "15.04.04"
  },
  {
    "review_id": "9818144",
    "movie_id": "103535",
    "author": "lily****",
    "review": "지루함 사연은 안타깝지만 영화로만 봤을땐 ㅂㄹ",
    "rating": "1",
    "date": "15.03.31"
  },
  {
    "review_id": "9812941",
    "movie_id": "103535",
    "author": "dltm****",
    "review": "영화관에서 정말 펑펑 울면서 봤고 지금 거의 2년만에 다시 예고편만 봤는데도 눈물이 나네요...우리나라 현실을 제대로 보여주는 영화인듯 합니다...",
    "rating": "10",
    "date": "15.03.28"
  },
  {
    "review_id": "9810801",
    "movie_id": "103535",
    "author": "dlwn****",
    "review": "보고너무울엇다..3번은봣는데볼때마다운다ㅠㅠㅠ",
    "rating": "10",
    "date": "15.03.28"
  },
  {
    "review_id": "9801368",
    "movie_id": "103535",
    "author": "twit****",
    "review": "실화라서 울면서 봤다. 조두순 5년뒤에 출소라는데...직이뿌고 싶다...",
    "rating": "10",
    "date": "15.03.23"
  },
  {
    "review_id": "9793653",
    "movie_id": "103535",
    "author": "yama****",
    "review": "뭐가 \"인권\"이라는 거냐. 사람 꼬라지를 하고있다고 다 사람인게 아니다. 사람이라면 적어도 남을 생각하는 머리가 있어야 한다.",
    "rating": "10",
    "date": "15.03.19"
  },
  {
    "review_id": "9790773",
    "movie_id": "103535",
    "author": "kijh****",
    "review": "이영화 이후에도 바뀐게 없기 떼문에 미래는 없는겁니다.",
    "rating": "10",
    "date": "15.03.18"
  },
  {
    "review_id": "9790152",
    "movie_id": "103535",
    "author": "eyay****",
    "review": "이 영화는 절대 계산적으로 봐서도, 객관적으로 볼 필요가 없어 보인다. 마음으로 보고 마음으로 느끼게 해주는 좋은 영화다.",
    "rating": "9",
    "date": "15.03.17"
  },
  {
    "review_id": "9788243",
    "movie_id": "103535",
    "author": "rptd****",
    "review": "다른거보다 이레가 연기를 정말 잘한다는거..아역배우중에 그렇게 연기잘하는애는 처음봤다",
    "rating": "10",
    "date": "15.03.16"
  },
  {
    "review_id": "9779413",
    "movie_id": "103535",
    "author": "done****",
    "review": "사회는 아직 죽지 않았고 범인은 엄벌을 받아야 하며 가족이 슬픔을 이겨내는 것과 이웃들에게 감탄을 했으며 연기자들의 연기에 찬사가 쏟아졌다.",
    "rating": "10",
    "date": "15.03.14"
  },
  {
    "review_id": "9779392",
    "movie_id": "103535",
    "author": "slsk****",
    "review": "평론가뭐임? 대신맨임? 그걸 평론이라고하나 ㅉㅉ 개나소나 다할듯",
    "rating": "10",
    "date": "15.03.14"
  },
  {
    "review_id": "9771942",
    "movie_id": "103535",
    "author": "iene****",
    "review": "보는 내내 질질 짰다.. 역시 우리나라는 범죄에 대한 처벌수위가 너무 낮다고 느껴졌다.. 아동대상 성점죄.. 몇백억씩 해먹는 정치인,기업인,.. 남자를 성추행하는 여자...",
    "rating": "9",
    "date": "15.03.11"
  },
  {
    "review_id": "9761384",
    "movie_id": "103535",
    "author": "gkqj****",
    "review": "여태껏봤던영화중에가장슬프고가장의미있고가족의소중함을일깨워준영화입니다..",
    "rating": "10",
    "date": "15.03.06"
  },
  {
    "review_id": "9760198",
    "movie_id": "103535",
    "author": "soul****",
    "review": "판사 정말 인간맞나요?",
    "rating": "10",
    "date": "15.03.06"
  },
  {
    "review_id": "9733827",
    "movie_id": "103535",
    "author": "ippo****",
    "review": "다루기 쉽지 않은 소재를 영화로 만든 연출자에게 먼저 박수를 .. 범죄자에 관한 혹은 사회비판보다 온전히 피해자 입장에서 사실적으로 그려나가는 모습이 보는이로하여금 더욱더 슬프고 안타깝게 만들었다.",
    "rating": "8",
    "date": "15.02.24"
  },
  {
    "review_id": "9701572",
    "movie_id": "103535",
    "author": "khle****",
    "review": "가슴 먹먹하고 보는 내내 눈물이 났습니다. 실제 현실은 더욱 참혹할 꺼란 생각에 분노가 치밉니다.",
    "rating": "10",
    "date": "15.02.16"
  },
  {
    "review_id": "9685506",
    "movie_id": "103535",
    "author": "wnsd****",
    "review": "몇 번을 운지 모르겠다. 이러한 사건들을 잊지 말고 더 나은 세상을 만들어가는 것이 우리의 몫이 아닐까..",
    "rating": "10",
    "date": "15.02.10"
  },
  {
    "review_id": "9685000",
    "movie_id": "103535",
    "author": "dusd****",
    "review": "왠진 모르겠는데 보는 내내 소원이(나영이)가 내 딸, 내 동생 같이 느껴져서 펑펑 울었다.왜 아무것도 모를 순수한 나이에 저런 끔찍한 일을 당해야 했을까. 5년 후에 조두순 그 인간쓰레기가 출소하는데 그 인권논할 자격없는놈은 나오자마자 죽어라 쓰레기야",
    "rating": "10",
    "date": "15.02.10"
  },
  {
    "review_id": "9675350",
    "movie_id": "103535",
    "author": "lele****",
    "review": "어디를 봐도 이런 영화 없을 듯 합니다. 꼭 한 번 보세요.",
    "rating": "10",
    "date": "15.02.07"
  },
  {
    "review_id": "9667438",
    "movie_id": "103535",
    "author": "gkak****",
    "review": "진짜 아역배우 이레의 톡톡튀는연기 너무 대단하다 진짜.진짜 연기력 대박",
    "rating": "10",
    "date": "15.02.05"
  },
  {
    "review_id": "9655982",
    "movie_id": "103535",
    "author": "cana****",
    "review": "미친듯이 울면서 봄 꼭 보길 영화 자체도 매우 잘만듬",
    "rating": "10",
    "date": "15.02.01"
  },
  {
    "review_id": "9645170",
    "movie_id": "103535",
    "author": "gkdl****",
    "review": "지금도 화가난다 그래도 보는내내 몰입했음",
    "rating": "10",
    "date": "15.01.28"
  },
  {
    "review_id": "9644056",
    "movie_id": "103535",
    "author": "pree****",
    "review": "영화 자체는 별로 재미가 없다. 하지만 성범죄 처벌에 대해 한 번 더 생각하게 한다.",
    "rating": "6",
    "date": "15.01.28"
  },
  {
    "review_id": "9630667",
    "movie_id": "103535",
    "author": "buck****",
    "review": "너무 가슴아팠고 보는 내내 눈물을 멈추질 않았다조두순은 말할것도 없고 관련한 판사와 검사 변호사 모두가 싫다",
    "rating": "10",
    "date": "15.01.24"
  },
  {
    "review_id": "9622192",
    "movie_id": "103535",
    "author": "dh99****",
    "review": "꼭안아주고 싶은 이야기",
    "rating": "10",
    "date": "15.01.22"
  },
  {
    "review_id": "9614860",
    "movie_id": "103535",
    "author": "sanb****",
    "review": "진짜... 많이 울었다.. 보면서 한번도 울게만들려는 장면은 한번도 못느꼈다.. 진짜 내가 그냥 막 눈물이 나더라.. 보자마자 다는거라 아직도 여운이 가시질 않는다.",
    "rating": "10",
    "date": "15.01.20"
  },
  {
    "review_id": "9613126",
    "movie_id": "103535",
    "author": "tntj****",
    "review": "이런 장르 영화 별로 안좋아하는데.. 정말 이영화는 근래 본 영화중 가장 속에 천불을 내며 봤다.. 그런 중에 소원이역의 귀엽고 사랑스러운 모습와.. 설경구의 연기는 정말 박수를 쳐주고싶다.정말 괜찮은 영화다. 제발 법좀 강화허자..",
    "rating": "10",
    "date": "15.01.19"
  },
  {
    "review_id": "9583445",
    "movie_id": "103535",
    "author": "hyeo****",
    "review": "실재 사건은 정말 안타까운 일이지만 영화자체는 이런평점을 받을 만한 영화는 아니라고봄.",
    "rating": "1",
    "date": "15.01.11"
  },
  {
    "review_id": "9575031",
    "movie_id": "103535",
    "author": "tmdq****",
    "review": "재가 지금까지봐온 영화중 최고의 영화입니다.",
    "rating": "10",
    "date": "15.01.08"
  },
  {
    "review_id": "9566797",
    "movie_id": "103535",
    "author": "2bac****",
    "review": "너무 슬프고 너무 아프고 .. 정말 최고의 영화에요... 어떤 장르를 좋아하시든 이 영화는 꼭 보아주세요.... 정말 슬프면서도 따듯하고 감동적인 영화입니다..",
    "rating": "10",
    "date": "15.01.06"
  },
  {
    "review_id": "9565897",
    "movie_id": "103535",
    "author": "ands****",
    "review": "영화가 어떻고 저떻고 따지고 싶지 않다. 마음이 정말 아팠다.",
    "rating": "10",
    "date": "15.01.05"
  },
  {
    "review_id": "9562933",
    "movie_id": "103535",
    "author": "nbin****",
    "review": "이레의 연기에 빠져버렸다. 영화의 스토리 전개에 따라 타오르는 분노를 잠재우냐 고생...",
    "rating": "10",
    "date": "15.01.04"
  },
  {
    "review_id": "9557238",
    "movie_id": "103535",
    "author": "tjdg****",
    "review": "두순아 수고해라....  해바라기봤겠지? 거기에 이런말이나와 \"사람이죄를지었으면 벌을받는게 세상이치라더라\" 6년동안 먹을거다먹고 편히기다려라 이형이 잘근잘근 씹어먹어줄테니",
    "rating": "10",
    "date": "15.01.03"
  },
  {
    "review_id": "9554571",
    "movie_id": "103535",
    "author": "qjat****",
    "review": "두순아 6년후에보자 그땐내가 너조져줄게",
    "rating": "10",
    "date": "15.01.03"
  },
  {
    "review_id": "9553949",
    "movie_id": "103535",
    "author": "1004****",
    "review": "나는 희망한다. 나의 꿈을... 영화는 나에게 알게해줬다! 나의 마음속에 담겨져 있는 나의 마음을...",
    "rating": "10",
    "date": "15.01.03"
  },
  {
    "review_id": "9532984",
    "movie_id": "103535",
    "author": "hyun****",
    "review": "범죄 피해자의 구제, 보호에 대해 생각하게 됐다.",
    "rating": "9",
    "date": "14.12.29"
  },
  {
    "review_id": "9526181",
    "movie_id": "103535",
    "author": "asuk****",
    "review": "헝....슬퍼요ㅠㅠ",
    "rating": "10",
    "date": "14.12.27"
  },
  {
    "review_id": "9520401",
    "movie_id": "103535",
    "author": "1359****",
    "review": "이거보면서 우리나라법이 개같다는것도 다시깨달았는데 진짜 이해가 않가는게 술먹고 운전하면 형량이 늘어나는데 술먹고 사람죽이면 줄어드는게 말이되냐? 그럼 음주운전도 깎던가 전과범이면 아예 평생 전자발찌나 경찰들의 감시를받아야된다고다시생각하게된영화라생각된다",
    "rating": "10",
    "date": "14.12.26"
  },
  {
    "review_id": "9517112",
    "movie_id": "103535",
    "author": "cavi****",
    "review": "감동적이긴 하나 평점이 너무높네",
    "rating": "1",
    "date": "14.12.25"
  },
  {
    "review_id": "9506281",
    "movie_id": "103535",
    "author": "dltl****",
    "review": "조두순 진심으로 잊지 않겠다. 너 감옥에서 나오면 반드시 죽일거다...진심으로 죽일거다...",
    "rating": "10",
    "date": "14.12.24"
  },
  {
    "review_id": "9501884",
    "movie_id": "103535",
    "author": "djag****",
    "review": "조복래씨 짧은연기였지만 인상 깊었습니다 최고네요!",
    "rating": "10",
    "date": "14.12.22"
  },
  {
    "review_id": "9498455",
    "movie_id": "103535",
    "author": "kns9****",
    "review": "보면서 안울수 없는 영화 그리고 왠지ㅣ ㅂㄷㅂㄷ해지는 영화 라고 해야하나 조두순 뒤졌으면 좋겠습니다",
    "rating": "10",
    "date": "14.12.21"
  },
  {
    "review_id": "9489994",
    "movie_id": "103535",
    "author": "seaj****",
    "review": "조두순 사건에 대해 알려주고, 이런일이 있다는 것을 알려주는 영화입니다. 영화에서 나오는 연기자들은 정말 완벽한 연기를 했기도 하고요. 이영화 정말 슬프면서도 감동적입니다. 추천하고 싶네요.",
    "rating": "10",
    "date": "14.12.19"
  },
  {
    "review_id": "9487177",
    "movie_id": "103535",
    "author": "thdd****",
    "review": "마지막에 코코몽가면 벗고 아빠가 소원이랑 마주보며 서있는 소소한 장면에서 정말 펑펑울었음....병원치료받고있는 소원이의 처참한 모습도....'그럼에도 불구하고' 절망보다는 희망을 노래하는 영화..",
    "rating": "10",
    "date": "14.12.18"
  },
  {
    "review_id": "9486713",
    "movie_id": "103535",
    "author": "ehow****",
    "review": "그래도 아직 세상은 살만하다",
    "rating": "10",
    "date": "14.12.18"
  }
]