[
  {
    "review_id": "10213490",
    "movie_id": "103566",
    "author": "spdl****",
    "review": "나름 괜찮은 영화에요 한번쯤  보세요~",
    "rating": "10",
    "date": "15.08.10"
  },
  {
    "review_id": "10067969",
    "movie_id": "103566",
    "author": "nemo****",
    "review": "줄거리만 읽었어도 시간 낭비 안하는거였는데 ㅋㅋ",
    "rating": "1",
    "date": "15.07.04"
  },
  {
    "review_id": "9965229",
    "movie_id": "103566",
    "author": "lion****",
    "review": "볼만했다. 좋아하는 스타일이었다.기차를 멈추는 장면에서는 명작 폭주기관차가 연상되기도 했다",
    "rating": "8",
    "date": "15.05.31"
  },
  {
    "review_id": "9834544",
    "movie_id": "103566",
    "author": "d261****",
    "review": "이런 영화는 왜 만든 것인가? 왜 굳이 안죽여도 되는 사람을 죽여 기분 더럽게 만들지?",
    "rating": "1",
    "date": "15.04.08"
  },
  {
    "review_id": "9617062",
    "movie_id": "103566",
    "author": "gall****",
    "review": "Z등급의 각본과 연출. 이런 졸작을 왜 수입해오는지..",
    "rating": "1",
    "date": "15.01.20"
  },
  {
    "review_id": "9152290",
    "movie_id": "103566",
    "author": "do11****",
    "review": "범인도 알수없고 동기도 알수없다..걍 왜그런지도 모르겠다",
    "rating": "3",
    "date": "14.09.01"
  },
  {
    "review_id": "9098236",
    "movie_id": "103566",
    "author": "gucc****",
    "review": "리뷰를 안보고 본게 나의 실수였다. ㅋ 아앜OTL",
    "rating": "1",
    "date": "14.08.16"
  },
  {
    "review_id": "9071550",
    "movie_id": "103566",
    "author": "534k****",
    "review": "이건 뭐길래 평점이 이러냐",
    "rating": "1",
    "date": "14.08.12"
  },
  {
    "review_id": "9055327",
    "movie_id": "103566",
    "author": "lead****",
    "review": "2010년대에 만들어진 영화 같진 않다",
    "rating": "3",
    "date": "14.08.09"
  },
  {
    "review_id": "9033350",
    "movie_id": "103566",
    "author": "hosi****",
    "review": "악인의정체가 모호함재미없음",
    "rating": "2",
    "date": "14.08.05"
  },
  {
    "review_id": "8976398",
    "movie_id": "103566",
    "author": "gook****",
    "review": "이런 영화에 일본인이 제작 투자를 했더라고요 ㅎㅎㅎ",
    "rating": "1",
    "date": "14.07.29"
  },
  {
    "review_id": "8931555",
    "movie_id": "103566",
    "author": "jagu****",
    "review": "난 줄거리 보고도 영화를 봤다 그냥 저 줄거리만 읽고 안봐도 되는 영화란걸 알게되었다",
    "rating": "1",
    "date": "14.07.19"
  },
  {
    "review_id": "8923181",
    "movie_id": "103566",
    "author": "jung****",
    "review": "줄거리에 다써놨어 ㅋㅋㅋ ㅁ ㅣ친 ㄴ ㅔ이버",
    "rating": "2",
    "date": "14.07.17"
  },
  {
    "review_id": "8922214",
    "movie_id": "103566",
    "author": "miya****",
    "review": "네이버야 차라리 영화를 꽁자로 풀지 그랬냐?",
    "rating": "1",
    "date": "14.07.16"
  },
  {
    "review_id": "8910509",
    "movie_id": "103566",
    "author": "jsje****",
    "review": "이게  영화라고 이런걸 수입한 OO가 누군지 궁금하다이게 바로 똥급영화구나",
    "rating": "1",
    "date": "14.07.13"
  },
  {
    "review_id": "8905947",
    "movie_id": "103566",
    "author": "kjhy****",
    "review": "[줄거리 수정 요청] 그는 남아있던 승객들(일레인, 피터, 얀)과 함께 기차를 멈추고 죽음을 피하려 안간힘을 쓰는데...여기까지만 써야 그래도 호기심을 가지고 보기라도 하죠 ㅠㅠ;",
    "rating": "1",
    "date": "14.07.11"
  },
  {
    "review_id": "8905456",
    "movie_id": "103566",
    "author": "alsl****",
    "review": "범인의 얼굴은 영화 끝날 때 까지 볼 수 없고 오로지 손만 나온다.",
    "rating": "1",
    "date": "14.07.11"
  },
  {
    "review_id": "8902078",
    "movie_id": "103566",
    "author": "guev****",
    "review": "열차안에서만 전개되는 이야기가 산만하고 지루하군",
    "rating": "1",
    "date": "14.07.10"
  },
  {
    "review_id": "8900337",
    "movie_id": "103566",
    "author": "crew****",
    "review": "이건아니자나이건뻣하자나..",
    "rating": "1",
    "date": "14.07.10"
  },
  {
    "review_id": "8900065",
    "movie_id": "103566",
    "author": "cred****",
    "review": "조급한 마무리. 긴장감제로. 여주인공의 로맨스라도 있었으면 그나마 나을걸",
    "rating": "6",
    "date": "14.07.10"
  },
  {
    "review_id": "8899976",
    "movie_id": "103566",
    "author": "drea****",
    "review": "양심상 별 한개는 줌. 그런데 평점들이 안좋아서 안봄.",
    "rating": "2",
    "date": "14.07.10"
  },
  {
    "review_id": "8897192",
    "movie_id": "103566",
    "author": "eyon****",
    "review": "네이버 줄거리 쓴 분... 제 정신이신지...",
    "rating": "2",
    "date": "14.07.09"
  },
  {
    "review_id": "8895412",
    "movie_id": "103566",
    "author": "ha60****",
    "review": "이런 미친 네이버;;; 줄거리에다가 영화 내용을 끝까지 다 적어놨어;;;;",
    "rating": "1",
    "date": "14.07.08"
  },
  {
    "review_id": "8895019",
    "movie_id": "103566",
    "author": "glgl****",
    "review": "기차 탈출하는 현실 돋는 영화임. 포스터에 비해 참; 기대 이하였다;;; 두시간이 안아까우면 보삼",
    "rating": "4",
    "date": "14.07.08"
  },
  {
    "review_id": "8894955",
    "movie_id": "103566",
    "author": "joyf****",
    "review": "일단 점수는 올려놓고 봅시다",
    "rating": "10",
    "date": "14.07.08"
  },
  {
    "review_id": "8893560",
    "movie_id": "103566",
    "author": "gogy****",
    "review": "이런 영화 왜 만들었는지 이런 영화 왜 수입했는지",
    "rating": "1",
    "date": "14.07.07"
  },
  {
    "review_id": "8888661",
    "movie_id": "103566",
    "author": "qkrd****",
    "review": "3.5점 정도로 쓰레기영화는 아니라서 평점좀 올릴게요 ㅋ물론 10점 짜리 영화는아님 ㅎㅎ",
    "rating": "10",
    "date": "14.07.06"
  },
  {
    "review_id": "8887393",
    "movie_id": "103566",
    "author": "naze****",
    "review": "볼려고햇는데 포스터가안이쁨",
    "rating": "1",
    "date": "14.07.05"
  }
]