[
  {
    "review_id": "10275206",
    "movie_id": "103545",
    "author": "jiko****",
    "review": "주성치영화라서 10점주고싶었지만...최근에본 영화중에 너무 재밌게 봤는데 너무잔인하더라구요 그래서1점뺌 삼정법사 손오공의 계기랄까..스토리도 그렇고 흥미진진 재밌었음 근데 너무 쓸데없이 잔인함",
    "rating": "9",
    "date": "15.08.25"
  },
  {
    "review_id": "10252961",
    "movie_id": "103545",
    "author": "seoc****",
    "review": "오랜만에 엄청 재밌게 봤다고 자부하는 영화.내가 좋아하는 여성캐릭터야!",
    "rating": "10",
    "date": "15.08.20"
  },
  {
    "review_id": "10252912",
    "movie_id": "103545",
    "author": "obli****",
    "review": "주성치 광팬으로서 역시 이영화도 실망시키지 않네요배우들 연기도 너무 좋았고 특히 손오공 연기하신분 ㅋㅋㅋ너무 매력있어요ㅎㅎ줄수있는 점수를 다드려도 모자라네요~~",
    "rating": "10",
    "date": "15.08.20"
  },
  {
    "review_id": "10248054",
    "movie_id": "103545",
    "author": "ygbb****",
    "review": "주성치의  세련되지 않지만 서정적이고 낭만적인 맛이 없음. 서기만 예쁜 영화.  서기는 늙지도 않나.",
    "rating": "2",
    "date": "15.08.18"
  },
  {
    "review_id": "10244181",
    "movie_id": "103545",
    "author": "jh87****",
    "review": "천년 만년 사랑하오 아니 지금 이순간 사랑해주세요",
    "rating": "10",
    "date": "15.08.17"
  },
  {
    "review_id": "10243904",
    "movie_id": "103545",
    "author": "hcch****",
    "review": "역시 주성치...모래바람 속 서기 모습, 눈물나네요. 웃음+감동+철학...이거 2탄 언제 나오는지....",
    "rating": "10",
    "date": "15.08.17"
  },
  {
    "review_id": "10239462",
    "movie_id": "103545",
    "author": "more****",
    "review": "주성치가 안나와서 안보려했는데, 주성치가 보이는 영화. 코믹 액션 감동과 해학에서 눈물이 흐른다. 쉽지 않다 이런영화...",
    "rating": "10",
    "date": "15.08.16"
  },
  {
    "review_id": "10228900",
    "movie_id": "103545",
    "author": "boyc****",
    "review": "병맛으로 보는 건 알겠으나,  왠지 허탈함.",
    "rating": "5",
    "date": "15.08.14"
  },
  {
    "review_id": "10214489",
    "movie_id": "103545",
    "author": "kjh8****",
    "review": "서유기 시리즈는 항상 재미있네",
    "rating": "10",
    "date": "15.08.10"
  },
  {
    "review_id": "10210862",
    "movie_id": "103545",
    "author": "mi01****",
    "review": "주성치영화는 정말재미있다.그는 천재다.ㅋㅋ내주관적인생각.ㅋㅋ",
    "rating": "10",
    "date": "15.08.10"
  },
  {
    "review_id": "10206047",
    "movie_id": "103545",
    "author": "bing****",
    "review": "걸작이다. 주성치는 전설이 되어가고 있음을 느낀다. 개봉관에서 보지 못한 것이 너무 아쉽다.",
    "rating": "10",
    "date": "15.08.09"
  },
  {
    "review_id": "10194712",
    "movie_id": "103545",
    "author": "youn****",
    "review": "역대 서유기 시리즈중 최고입니다.  역시 주성치!",
    "rating": "10",
    "date": "15.08.06"
  },
  {
    "review_id": "10194705",
    "movie_id": "103545",
    "author": "jsg0****",
    "review": "진짜  최고다 눈물이 나오네요ㅠ",
    "rating": "10",
    "date": "15.08.06"
  },
  {
    "review_id": "10187898",
    "movie_id": "103545",
    "author": "kenz****",
    "review": "늘 그랫듯 주성치는 기대를 저버리지 않는다..ㅋㅋ",
    "rating": "10",
    "date": "15.08.05"
  },
  {
    "review_id": "10183969",
    "movie_id": "103545",
    "author": "rans****",
    "review": "서기 너무매력적.CG훌륭함.",
    "rating": "10",
    "date": "15.08.04"
  },
  {
    "review_id": "10183615",
    "movie_id": "103545",
    "author": "hanh****",
    "review": "서기가 너무 착해요 ㅠㅠ 나쁜삼장 그냥 서기 앙탈좀 받아주지 ㅡㅡ",
    "rating": "10",
    "date": "15.08.04"
  },
  {
    "review_id": "10157387",
    "movie_id": "103545",
    "author": "jjy1****",
    "review": "기대안했는데 몰입되네요동요300수가 웃겨요 ㅋ 슬픈사랑얘기 ㅜㅜ다음회가 기대되요",
    "rating": "10",
    "date": "15.07.29"
  },
  {
    "review_id": "10155838",
    "movie_id": "103545",
    "author": "fant****",
    "review": "나는아직도 월광+선리를 잊을 순 없지만(그중 선리기연은최고) 이번 작품 아주 좋네요(몽키킹보다는 더 나은 듯)새로운 시리즈물  기대합니다",
    "rating": "9",
    "date": "15.07.29"
  },
  {
    "review_id": "10155510",
    "movie_id": "103545",
    "author": "mbd1****",
    "review": "주성치가 이제 대역으로 똑같이 웃기네요. 그기다가 아름다운 서기와의 로맨스, 새로운 해석의 창작력. 성치가 각본,제작,연출했으니..그는 참으로 범상한 창작가!!!",
    "rating": "10",
    "date": "15.07.29"
  },
  {
    "review_id": "10155446",
    "movie_id": "103545",
    "author": "ocel****",
    "review": "내가 ㅂㅅ인가 이런게왜? 7점이나되",
    "rating": "1",
    "date": "15.07.29"
  },
  {
    "review_id": "10155133",
    "movie_id": "103545",
    "author": "real****",
    "review": "제목 번역은 어느 바보가 한 거여. 서유기 : 악마들 정복하기. 댓나 드릅게 재미없어유.",
    "rating": "1",
    "date": "15.07.28"
  },
  {
    "review_id": "10146522",
    "movie_id": "103545",
    "author": "deva****",
    "review": "역시 주성치 !!!대단하단 말뿐...",
    "rating": "9",
    "date": "15.07.26"
  },
  {
    "review_id": "10143379",
    "movie_id": "103545",
    "author": "4eve****",
    "review": "재밌습니다 볼만함 서기예쁨",
    "rating": "10",
    "date": "15.07.25"
  },
  {
    "review_id": "10138221",
    "movie_id": "103545",
    "author": "kiss****",
    "review": "굿굿 재밌네요. 1점 주는 사람들은 진짜 ....",
    "rating": "10",
    "date": "15.07.24"
  },
  {
    "review_id": "10132728",
    "movie_id": "103545",
    "author": "0512****",
    "review": "내용이 너무 재밌어요 또 보고 싶네요!",
    "rating": "10",
    "date": "15.07.23"
  },
  {
    "review_id": "10118046",
    "movie_id": "103545",
    "author": "me89****",
    "review": "서유기의 시작점... 삼장법상의 시선을 재해석한 내용...ㅋ 원작 서유기와는 스토리가 영 동떨어지지만ㅋ 그래도 나름 재밌었다",
    "rating": "8",
    "date": "15.07.19"
  },
  {
    "review_id": "10117800",
    "movie_id": "103545",
    "author": "ldk9****",
    "review": "중국영화계의 수작~ 보고 웃고울고불고했어요ㅠ",
    "rating": "10",
    "date": "15.07.18"
  },
  {
    "review_id": "10111963",
    "movie_id": "103545",
    "author": "hong****",
    "review": "아주 흥미로움.생애최초",
    "rating": "10",
    "date": "15.07.17"
  },
  {
    "review_id": "10111659",
    "movie_id": "103545",
    "author": "tory****",
    "review": "월광보합,선리기연 서유쌍기의 시작점",
    "rating": "10",
    "date": "15.07.17"
  },
  {
    "review_id": "10105498",
    "movie_id": "103545",
    "author": "nike****",
    "review": "진짜 잘만들었다.. 놀랐다 놀랐어.. 중국영화에 대한 편견을 확 깨버렸다. 스토리와 연출이 빈틈없이 훌륭하다",
    "rating": "10",
    "date": "15.07.15"
  },
  {
    "review_id": "10097751",
    "movie_id": "103545",
    "author": "9211****",
    "review": "주성치 서유기 선리기연에서 주연으로 나왔는데서유기 신작 나오면서 감독을 하네 ㅋㅋ주성치가 감독이면 기대만발임",
    "rating": "10",
    "date": "15.07.12"
  },
  {
    "review_id": "10091160",
    "movie_id": "103545",
    "author": "qmff****",
    "review": "초중반까진 재밌었는데 후반으로 갈수록 재미가 떨어지고 지루함",
    "rating": "7",
    "date": "15.07.11"
  },
  {
    "review_id": "10088040",
    "movie_id": "103545",
    "author": "myak****",
    "review": "믿고보는 주성치감독의 영화인거 같고, 영화전반적인 스토리는 크게 어긋나지 않으면서도 중국식 개그가 보이는 영화",
    "rating": "8",
    "date": "15.07.10"
  },
  {
    "review_id": "10087666",
    "movie_id": "103545",
    "author": "esk7****",
    "review": "주성치 천재야 !!!!",
    "rating": "9",
    "date": "15.07.10"
  },
  {
    "review_id": "10079864",
    "movie_id": "103545",
    "author": "cthu****",
    "review": "주성치의 서유기는 전설이고 이정도면 수작 그 이상",
    "rating": "6",
    "date": "15.07.08"
  },
  {
    "review_id": "10074581",
    "movie_id": "103545",
    "author": "soeh****",
    "review": "중간중간에 코믹한 장면이 좋았어요.",
    "rating": "10",
    "date": "15.07.06"
  },
  {
    "review_id": "10068598",
    "movie_id": "103545",
    "author": "duck****",
    "review": "다들 더 재밌다고하는 주성치 주연의 서유기 월광보합 신리기연 한버 봐야겠다 ㅋ",
    "rating": "9",
    "date": "15.07.04"
  },
  {
    "review_id": "10060729",
    "movie_id": "103545",
    "author": "nooe****",
    "review": "주성치의 서유기는 언제나 유쾌하다 !",
    "rating": "9",
    "date": "15.07.02"
  },
  {
    "review_id": "10059564",
    "movie_id": "103545",
    "author": "kjm7****",
    "review": "그냥 봐줄만한 정도. 솔직히 서기랑 진현장역 맡은 애 아니었으면 중간에 그냥 포기했을듯. 편집된건지 스토리가 너무 개연성없고, 어색한 CG에 최악의 손오공역. 손오공은 누구말대로 주성치가 제일 잘 했다.",
    "rating": "6",
    "date": "15.07.02"
  },
  {
    "review_id": "10058864",
    "movie_id": "103545",
    "author": "klol****",
    "review": "대작이라고 생각합니다.",
    "rating": "10",
    "date": "15.07.01"
  },
  {
    "review_id": "10058527",
    "movie_id": "103545",
    "author": "kym8****",
    "review": "다음편을 기대합니다!",
    "rating": "10",
    "date": "15.07.01"
  },
  {
    "review_id": "10056304",
    "movie_id": "103545",
    "author": "mina****",
    "review": "손오공 연기한 황보 애드립쩐다ㅋㅋㅋ핵꿀잼",
    "rating": "10",
    "date": "15.06.30"
  },
  {
    "review_id": "10054973",
    "movie_id": "103545",
    "author": "venn****",
    "review": "주성치가 만들었다고 믿기 어려울 정도로 졸작",
    "rating": "1",
    "date": "15.06.30"
  },
  {
    "review_id": "10049728",
    "movie_id": "103545",
    "author": "tear****",
    "review": "주성치도 똘끼 감성도 늙는구나.",
    "rating": "5",
    "date": "15.06.28"
  },
  {
    "review_id": "10047442",
    "movie_id": "103545",
    "author": "kp48****",
    "review": "와우... 주성치  영화는 진짜 와우임..참 대단한 사람임...",
    "rating": "10",
    "date": "15.06.28"
  },
  {
    "review_id": "10045463",
    "movie_id": "103545",
    "author": "omag****",
    "review": "주성치 보고싶다 지금도 예전 영화 나오면 본거 또 보고 또보곤 한다 사랑합니다 성치형",
    "rating": "10",
    "date": "15.06.28"
  },
  {
    "review_id": "10025014",
    "movie_id": "103545",
    "author": "emfd****",
    "review": "진짜 재밌었어요~ㅎㅎ",
    "rating": "10",
    "date": "15.06.23"
  },
  {
    "review_id": "10024267",
    "movie_id": "103545",
    "author": "west****",
    "review": "손오공이 킹콩 이었다니",
    "rating": "4",
    "date": "15.06.23"
  },
  {
    "review_id": "10021943",
    "movie_id": "103545",
    "author": "rhtj****",
    "review": "간만에 주성치 영화 맘에 드네",
    "rating": "10",
    "date": "15.06.22"
  },
  {
    "review_id": "10020617",
    "movie_id": "103545",
    "author": "eva1****",
    "review": "황보가  이렇게 웃겼나???ㅋㅋㅋ",
    "rating": "10",
    "date": "15.06.22"
  },
  {
    "review_id": "10019759",
    "movie_id": "103545",
    "author": "dong****",
    "review": "이 영화를 보니 20년 전의 서유기가  생각나네요.. 보고 싶습니다. 성치 형님...",
    "rating": "7",
    "date": "15.06.21"
  },
  {
    "review_id": "10019168",
    "movie_id": "103545",
    "author": "hsw2****",
    "review": "간만에 재미있게 봄. 느낌이 쿵푸허슬이랑 비슷하다고 생각했는데 주성치가 감독이었네. 연출면에서 세련미가 좀 부족하고 특수효과랑 그래픽은 상당히 미흡함. 초중반 그래픽은 어설펐고 후반부는 괜찮았는데  역시  제작비 때문이었나? 여튼 한국영화보다는 낫군",
    "rating": "9",
    "date": "15.06.21"
  },
  {
    "review_id": "10013027",
    "movie_id": "103545",
    "author": "cydo****",
    "review": "기대이상으로 재밌게 봤어요ㅜ 빨리 2 편 나왔으면",
    "rating": "9",
    "date": "15.06.19"
  },
  {
    "review_id": "10010155",
    "movie_id": "103545",
    "author": "njk7****",
    "review": "이건 정말 재미있다. 주성치 천재 아닌가..? 서유기를 이런식으로도 풀어낼수 있구나..2편 빨리나와라..",
    "rating": "10",
    "date": "15.06.18"
  },
  {
    "review_id": "10008823",
    "movie_id": "103545",
    "author": "gndu****",
    "review": "공허공자ㅋㅋ고자공자ㅋ잘생기고 웃겼다♡",
    "rating": "10",
    "date": "15.06.18"
  },
  {
    "review_id": "10004634",
    "movie_id": "103545",
    "author": "saum****",
    "review": "정말 진심으로 재미없습니다.",
    "rating": "1",
    "date": "15.06.16"
  },
  {
    "review_id": "10003257",
    "movie_id": "103545",
    "author": "soqu****",
    "review": "뜬금없는 전개에 관객은 지쳐가고",
    "rating": "4",
    "date": "15.06.15"
  },
  {
    "review_id": "9999150",
    "movie_id": "103545",
    "author": "ksub****",
    "review": "난 재밌게 잘 봤다,,.",
    "rating": "10",
    "date": "15.06.14"
  },
  {
    "review_id": "9998069",
    "movie_id": "103545",
    "author": "sikh****",
    "review": "역시 주성치..캐릭터 하나 하나 살아있다",
    "rating": "9",
    "date": "15.06.14"
  },
  {
    "review_id": "9997466",
    "movie_id": "103545",
    "author": "stee****",
    "review": "손오공 나쁜놈...ㅠㅠ잔인한 몽키",
    "rating": "9",
    "date": "15.06.13"
  },
  {
    "review_id": "9997362",
    "movie_id": "103545",
    "author": "hang****",
    "review": "심하다. 너무하게...",
    "rating": "1",
    "date": "15.06.13"
  },
  {
    "review_id": "9996180",
    "movie_id": "103545",
    "author": "ljd7****",
    "review": "서기가 내 눈에 눈물을 글썽이게 만들었소.",
    "rating": "9",
    "date": "15.06.13"
  },
  {
    "review_id": "9991396",
    "movie_id": "103545",
    "author": "s2s2****",
    "review": "별주기도아까부 시지도쓰레기 주성치나와랏",
    "rating": "1",
    "date": "15.06.11"
  },
  {
    "review_id": "9989284",
    "movie_id": "103545",
    "author": "yana****",
    "review": "메기같이 생긴 서기의 여전한 매력...",
    "rating": "7",
    "date": "15.06.11"
  },
  {
    "review_id": "9986082",
    "movie_id": "103545",
    "author": "atch****",
    "review": "꿀잼ㅡ내슈타일이야ㅡ주성치보고잡다",
    "rating": "8",
    "date": "15.06.09"
  },
  {
    "review_id": "9985838",
    "movie_id": "103545",
    "author": "whdu****",
    "review": "재밌다ㅎㅎ액션도좋고 위트도있고 특히 홍콩영화의 진한 사랑감성...",
    "rating": "9",
    "date": "15.06.09"
  },
  {
    "review_id": "9983456",
    "movie_id": "103545",
    "author": "sdad****",
    "review": "나름 재밌으나, 주성치가 안 나와서 재미 반감.",
    "rating": "7",
    "date": "15.06.07"
  },
  {
    "review_id": "9981439",
    "movie_id": "103545",
    "author": "baks****",
    "review": "코미디 영화는,주성치 이전과이후로 나뉨...액션 환타지 영화도 주성치이전과이후로 나뉨.좀 있으면,홍콩 영화도,주성치이전과이후로 나뉠 예정.성룡이 감독한 영화 빼고,성룡이 감독하지 않은,요즘 영화들과 비교해보면,주성치가 얼마나 대단한 감독인지 알수 있다",
    "rating": "10",
    "date": "15.06.07"
  },
  {
    "review_id": "9978845",
    "movie_id": "103545",
    "author": "ske4****",
    "review": "눈이 즐거운 서기 여신님과 화려한 CG와 그리고 곳곳의 코믹요소들이 잘 조합된 영화가 아닐까? tv 전기세가 전혀 아깝지 않은 영화였다!!",
    "rating": "10",
    "date": "15.06.06"
  },
  {
    "review_id": "9978365",
    "movie_id": "103545",
    "author": "7279****",
    "review": "완전 꿀잼 또 보고싶넹",
    "rating": "10",
    "date": "15.06.06"
  },
  {
    "review_id": "9977806",
    "movie_id": "103545",
    "author": "zion****",
    "review": "딱 걸렸어요이래도 날 사랑하지 않나요? 사랑했어요.  처음 보는 순간부터 그대를 사랑했어요얼마나 사랑해요?아주 많이. . 매일 매일 그대를 보고싶었어요언제까지 사랑해줄꺼예요?천년.  만년만년은 너무 길어요 지금 이 순간만이라도.",
    "rating": "9",
    "date": "15.06.05"
  },
  {
    "review_id": "9977124",
    "movie_id": "103545",
    "author": "wlxo****",
    "review": "주성치가 나이 먹어서  너무 아쉽다..",
    "rating": "10",
    "date": "15.06.05"
  },
  {
    "review_id": "9977026",
    "movie_id": "103545",
    "author": "kala****",
    "review": "보고또보고또보고보고 주성치식 중독 영화",
    "rating": "10",
    "date": "15.06.05"
  },
  {
    "review_id": "9973549",
    "movie_id": "103545",
    "author": "sunn****",
    "review": "기대이하네요.별 재미없었습니다. 서유쌍기 10번은 본 사람입니다.",
    "rating": "6",
    "date": "15.06.04"
  },
  {
    "review_id": "9971182",
    "movie_id": "103545",
    "author": "bill****",
    "review": "주성치 감독으로선 너무 왕정감독의 영향을 받은 거 아닐까?몽키킹보단 잼있어서 일단 점수는 줌.",
    "rating": "6",
    "date": "15.06.02"
  },
  {
    "review_id": "9969542",
    "movie_id": "103545",
    "author": "kuro****",
    "review": "잘 생긴 물광 저팔계 손짓 몸짓 할 때 겁나 웃김 ㅋㅋㅋ",
    "rating": "7",
    "date": "15.06.02"
  },
  {
    "review_id": "9969515",
    "movie_id": "103545",
    "author": "ktf0****",
    "review": "미니미 손오공 만큼이나 초라해진 서유기",
    "rating": "7",
    "date": "15.06.02"
  },
  {
    "review_id": "9951971",
    "movie_id": "103545",
    "author": "072k****",
    "review": "남자주인공의 연기는 괜찮았지만 성치형의 빈자리는 채울수 없었다.,.",
    "rating": "10",
    "date": "15.05.26"
  },
  {
    "review_id": "9950844",
    "movie_id": "103545",
    "author": "limi****",
    "review": "최고의 쓰레기를 만들어냈다. 주성치 예전의 주성치가 아니구나. 감이 다 떨어지고 개그는 개그대로 스토리는 스토리대로 전개는 시원찮고 굳이  애드립이 필요없는 부분에 나오는 개그신은 극의 흐름을 끊어먹는다. 주성치를 좋아하는 사람으로서  매우 실망",
    "rating": "1",
    "date": "15.05.26"
  },
  {
    "review_id": "9924850",
    "movie_id": "103545",
    "author": "wlgp****",
    "review": "흙 왜 영화간가서 못봤지 ㅠㅠ",
    "rating": "10",
    "date": "15.05.17"
  },
  {
    "review_id": "9922825",
    "movie_id": "103545",
    "author": "soyo****",
    "review": "주성치는 다름!! 영화관에서 보고 싶었는데 상영관이 거의 없어 못봤어요. 덕분에 잼있는 주말 저녁 보냈네요",
    "rating": "10",
    "date": "15.05.16"
  },
  {
    "review_id": "9910343",
    "movie_id": "103545",
    "author": "ivis****",
    "review": "쓰레기같은 CG와 내용전개",
    "rating": "1",
    "date": "15.05.11"
  },
  {
    "review_id": "9887167",
    "movie_id": "103545",
    "author": "gksd****",
    "review": "정말 재밌습니다. 추천",
    "rating": "10",
    "date": "15.05.02"
  },
  {
    "review_id": "9879912",
    "movie_id": "103545",
    "author": "real****",
    "review": "미니미 손오공의 연기에서 주성치의 향기를 느꼈다ㅠㅠ이름만으로도 브랜드인 주성치가 역시 이름값하는 작품.",
    "rating": "10",
    "date": "15.04.30"
  },
  {
    "review_id": "9874393",
    "movie_id": "103545",
    "author": "rblu****",
    "review": "단소저 캐릭터가 매력 있어요..",
    "rating": "8",
    "date": "15.04.27"
  },
  {
    "review_id": "9872632",
    "movie_id": "103545",
    "author": "zxvt****",
    "review": "전체적으로 무난했다. 웃고 즐길 수 있는 영화",
    "rating": "7",
    "date": "15.04.27"
  },
  {
    "review_id": "9868446",
    "movie_id": "103545",
    "author": "ckwo****",
    "review": "정말 정말 재밌게 본 영화인데 극장개봉 안하는줄알고 그냥 다운 받아서 봤는데 극장개봉함;; 본거라 돈내고 보기도 그래서 안봤는데 하여튼 엄청 재밌는 영화 보면 후회안함",
    "rating": "10",
    "date": "15.04.26"
  },
  {
    "review_id": "9849409",
    "movie_id": "103545",
    "author": "cdwk****",
    "review": "역시 주성치라는 말이 어울릴정도로 즐감했다!",
    "rating": "10",
    "date": "15.04.17"
  },
  {
    "review_id": "9849012",
    "movie_id": "103545",
    "author": "wnwn****",
    "review": "해탈하는 장면과 그 대사를 보며 의미있는 내적 성찰을 했다. 재미, 웃음, 감동이 있는 영화",
    "rating": "10",
    "date": "15.04.17"
  },
  {
    "review_id": "9844783",
    "movie_id": "103545",
    "author": "dlst****",
    "review": "별 기대 안하고 봤는데 의외로 대박 재밌었음 ㅎㅎ주성치 짱짱 ^^ 얼른 2편이 니왔으면 ㅎㅎ",
    "rating": "10",
    "date": "15.04.13"
  },
  {
    "review_id": "9843695",
    "movie_id": "103545",
    "author": "jsaz****",
    "review": "기대하고 봤다가 실망...내용 전개도 어정쩡하고 감동 코드나 불교사상 부분은 서유쌍기에비해 너무 떨어진다.CG는 나아졌으나 너무 과해서 보기 불편하다.배우들 비주얼도 떨어지고(서기빼고)",
    "rating": "5",
    "date": "15.04.13"
  },
  {
    "review_id": "9840364",
    "movie_id": "103545",
    "author": "viry****",
    "review": "성치형..형은 서유기만 만들어라...넘 잼 있다..^^",
    "rating": "10",
    "date": "15.04.11"
  },
  {
    "review_id": "9838144",
    "movie_id": "103545",
    "author": "popo****",
    "review": "주성치 코드가 살아있는 주성치다운 영화.",
    "rating": "8",
    "date": "15.04.10"
  },
  {
    "review_id": "9837968",
    "movie_id": "103545",
    "author": "moto****",
    "review": "재미없다. 좀더 병맛같아야  하는데..주성치 영화의 병맛같은 점이 좋은데 이번영화는 많이 부족했다",
    "rating": "5",
    "date": "15.04.10"
  },
  {
    "review_id": "9832809",
    "movie_id": "103545",
    "author": "woof****",
    "review": "불교가 뭐예요? 라고 묻는 사람에게 보여주면 되는 영화",
    "rating": "10",
    "date": "15.04.07"
  },
  {
    "review_id": "9826626",
    "movie_id": "103545",
    "author": "happ****",
    "review": "믿고보는 주성치의 서유기! 짱 재밌습니다",
    "rating": "10",
    "date": "15.04.04"
  },
  {
    "review_id": "9819574",
    "movie_id": "103545",
    "author": "luxu****",
    "review": "아;; 난이거 개봉한지도 몰랐었네;; 오늘봤는데;;;; 핵꿀잼 ㅋㅋㅋ 역시 주성치식개그가 저한테는 잘맞는듯 ㅋㅋㅋ 근데 모험의 시작이면 후,..후편도?ㅋㅋ",
    "rating": "10",
    "date": "15.04.01"
  },
  {
    "review_id": "9817775",
    "movie_id": "103545",
    "author": "youn****",
    "review": "비록 주성치는 안나오지만 그래도 주성치표 코미디와 감동이 있어 좋다ㅋ",
    "rating": "9",
    "date": "15.03.31"
  },
  {
    "review_id": "9815154",
    "movie_id": "103545",
    "author": "yuri****",
    "review": "저우싱츠~~청룽꺼거와 함께 내 인생 최고의 영웅~~ㅋㅋ늘좋은 작품 만들어주세요^.^ 서기를 보게되어서 참 반갑네요 손오공 연기한 배우도 캐스팅 참 잘했음",
    "rating": "10",
    "date": "15.03.29"
  },
  {
    "review_id": "9814088",
    "movie_id": "103545",
    "author": "shfe****",
    "review": "처음엔 뭔가 흥미 진진했으나..",
    "rating": "7",
    "date": "15.03.29"
  }
]