[
  {
    "review_id": "7707682",
    "movie_id": "103659",
    "author": "cyur****",
    "review": "Good",
    "rating": "10",
    "date": "13.07.05"
  },
  {
    "review_id": "7618275",
    "movie_id": "103659",
    "author": "coco****",
    "review": "케이오빠♥완전멋지심♥박규리님 넘넘 부러움♥",
    "rating": "10",
    "date": "13.06.09"
  },
  {
    "review_id": "7612916",
    "movie_id": "103659",
    "author": "hara****",
    "review": "바니랑 케이가 잘됬으면 좋겠어요",
    "rating": "10",
    "date": "13.06.08"
  },
  {
    "review_id": "7608110",
    "movie_id": "103659",
    "author": "gptn****",
    "review": "금요일마다기다리기힘들지만 재미잇고달달해♥케이가드디어..!!!하 나도 케이심정인데지금 여자지만.. 사랑합니다 네일샵파리스>3<",
    "rating": "10",
    "date": "13.06.08"
  },
  {
    "review_id": "7606994",
    "movie_id": "103659",
    "author": "popp****",
    "review": "으~진심재미있다 아 빨리 근데오글거림",
    "rating": "8",
    "date": "13.06.07"
  },
  {
    "review_id": "7570931",
    "movie_id": "103659",
    "author": "jeon****",
    "review": "오글거려 미치겠네..;;;",
    "rating": "1",
    "date": "13.06.02"
  },
  {
    "review_id": "7569362",
    "movie_id": "103659",
    "author": "kmo1****",
    "review": "매우매우 재미있어용  강추 강추  ost도 쫭 겁나 조으디",
    "rating": "10",
    "date": "13.06.01"
  },
  {
    "review_id": "7567779",
    "movie_id": "103659",
    "author": "leem****",
    "review": "꼭 공부못하는사람들이....공부 잘하려면 뭘해야되느니...뭘해야하느니...하는데....연기는 개뿔이못하는사람들이 꼭 남연기하는거같고 뭐라하네....일반인보다 연예인이 연기를더잘하겠지...일반인이연기를더잘하면...왜가만히계시나?연기를  하시지?",
    "rating": "9",
    "date": "13.06.01"
  },
  {
    "review_id": "7567124",
    "movie_id": "103659",
    "author": "dieg****",
    "review": "먼저 남주,여주가 맘에 안들고 남장여자의 뻔한스토리다. . . 그동안 드라마에서 많이 보여주는 그런 뻔한~~~ ㅡㅡ",
    "rating": "5",
    "date": "13.05.31"
  },
  {
    "review_id": "7561313",
    "movie_id": "103659",
    "author": "crys****",
    "review": "우연히 하길래 봣더니 이건...머지???재밋다눈 사람들은 알라들인가보네 ㅋㅋ나참 재미는 둘째치고 연기가 안되잇고만~~",
    "rating": "1",
    "date": "13.05.29"
  },
  {
    "review_id": "7559238",
    "movie_id": "103659",
    "author": "bora****",
    "review": "진짜 재밌어요ㅋㅋㅋ짱!!",
    "rating": "10",
    "date": "13.05.28"
  },
  {
    "review_id": "7555769",
    "movie_id": "103659",
    "author": "chld****",
    "review": "저는  네일샵파리스가너무나재미있습니다.그리고 네일샵 파리스에서알렉스랑 진을좋아해요그러니깐 네일샵파리스 대박나세요?저는  항상 재미있게 보고있어요네일샵파리스 화이팅!!",
    "rating": "10",
    "date": "13.05.26"
  },
  {
    "review_id": "7545179",
    "movie_id": "103659",
    "author": "dusw****",
    "review": "저도 네일을좋아하거든요많은도움이돼는거갔아요",
    "rating": "10",
    "date": "13.05.20"
  },
  {
    "review_id": "7545039",
    "movie_id": "103659",
    "author": "vvvk****",
    "review": "천둥짱~~~~~~~~~~",
    "rating": "10",
    "date": "13.05.20"
  },
  {
    "review_id": "7544551",
    "movie_id": "103659",
    "author": "velv****",
    "review": "주제가 신선하네요.네일을 통해 심리치료도 가능케한다.저도 여자로 가끔네일받고오면 기분좋거든요.담주엔 어떤 주제일지 기대됩니다~^^",
    "rating": "10",
    "date": "13.05.20"
  },
  {
    "review_id": "7544471",
    "movie_id": "103659",
    "author": "myal****",
    "review": "안보면 후회함.진짜 재밋음!!단지 진 때문은 아니야..다 잘생겻다고!!",
    "rating": "10",
    "date": "13.05.20"
  },
  {
    "review_id": "7543907",
    "movie_id": "103659",
    "author": "dlwl****",
    "review": "다들.연기 꽤 괜찮네요ㅋㅋ 둥오빠도 귀엽고..ㅋㅋ",
    "rating": "10",
    "date": "13.05.20"
  },
  {
    "review_id": "7540587",
    "movie_id": "103659",
    "author": "roak****",
    "review": "돌리다가 처음봤는데 재밌네 ㅋㅋ",
    "rating": "10",
    "date": "13.05.19"
  },
  {
    "review_id": "7540138",
    "movie_id": "103659",
    "author": "stou****",
    "review": "빠순이들이야 볼..",
    "rating": "1",
    "date": "13.05.18"
  },
  {
    "review_id": "7540123",
    "movie_id": "103659",
    "author": "ansa****",
    "review": "천둥오빠때매보구잇는데 천둥오빠가귀엽게나오고비중도커서조아욜~~><오빠힘냉!!",
    "rating": "10",
    "date": "13.05.18"
  },
  {
    "review_id": "7537832",
    "movie_id": "103659",
    "author": "dnsa****",
    "review": "완전 재미잇게 보고잇어요^^",
    "rating": "10",
    "date": "13.05.18"
  },
  {
    "review_id": "7537726",
    "movie_id": "103659",
    "author": "cycy****",
    "review": "네일샵파리스! 내용이 흥미진진하며 전혀 지루하지 않고 그리고 남자배우들이 잘생기고 키크고ㅎㅎ천둥오빠!!극중에서는 진으로 귀여운 모습을 보여주고 있는데 드라마 보면서 오빠가 참 많이 노력했구나 하고 생각합니다 앞으로도 천둥 화이팅!네일샵파리스 화이팅!",
    "rating": "10",
    "date": "13.05.18"
  },
  {
    "review_id": "7537690",
    "movie_id": "103659",
    "author": "maey****",
    "review": "너무 유치합니다..배우들연기도 너무모자라고..초딩드라마보는줄..",
    "rating": "1",
    "date": "13.05.18"
  },
  {
    "review_id": "7529804",
    "movie_id": "103659",
    "author": "ss50****",
    "review": "재미있게 보고 있어요 ㅎ",
    "rating": "10",
    "date": "13.05.15"
  },
  {
    "review_id": "7527684",
    "movie_id": "103659",
    "author": "fina****",
    "review": "기대안하고(?)봤는데 재밌네요ㅎ천둥 너무 귀여워요ㅠㅠㅠ♥캐릭터도 잘살고 연기도 잘하고>_<♡네일샵 마스코트 진~~~^_^ 전개도 빠르고 생각지도 못했던 내용들이 와르르ㅎ10회밖에 안됀다니 아쉬워요",
    "rating": "10",
    "date": "13.05.14"
  },
  {
    "review_id": "7527399",
    "movie_id": "103659",
    "author": "misu****",
    "review": "정말 스토리재미있을꺼같아서 보려했는데 이건머 유치한것도아니고 90년데 드라마 같은 참 ...이러지맙시다 찍는사람이 신기하네 어트케 이런거찍으면서 밥이목에넘어가시는지 시도는좋으나 전개난리나네",
    "rating": "3",
    "date": "13.05.14"
  },
  {
    "review_id": "7522589",
    "movie_id": "103659",
    "author": "fjqq****",
    "review": "아이돌총출동이냐-.,-빠순이를위한드라마군요즘왜이리스토리개판막장드라마가흥하는지",
    "rating": "2",
    "date": "13.05.11"
  },
  {
    "review_id": "7521800",
    "movie_id": "103659",
    "author": "ys15****",
    "review": "진짜 재미있오여♥ 그리고 천둥 너무 귀여버♥♥연기도 잘하고ㅋ 네일샵 파리스 잘볼게염^^",
    "rating": "10",
    "date": "13.05.11"
  },
  {
    "review_id": "7519938",
    "movie_id": "103659",
    "author": "chlq****",
    "review": "드라미 잘안보는대 너무잼있네요~내용도 신선하고 못보신분들한테 강추하고싶슴돠^^",
    "rating": "10",
    "date": "13.05.10"
  },
  {
    "review_id": "7519737",
    "movie_id": "103659",
    "author": "ra79****",
    "review": "진짜재밌써요ㅎㅎㅎㅎ2기도햇음좋겟네요^^",
    "rating": "10",
    "date": "13.05.10"
  },
  {
    "review_id": "7517140",
    "movie_id": "103659",
    "author": "ghks****",
    "review": "볼매 드라마입니다 그리고 남자가 네일이라 ㅋㅋ매력적인것같다",
    "rating": "10",
    "date": "13.05.09"
  }
]