[
  {
    "review_id": "10272884",
    "movie_id": "103683",
    "author": "some****",
    "review": "나 완전재밌든데 막판에 소름... 근데 벤 캐스팅은 진짜 미스.. 그래서 1점빼기",
    "rating": "9",
    "date": "15.08.25"
  },
  {
    "review_id": "10272566",
    "movie_id": "103683",
    "author": "ligh****",
    "review": "마지막에 뭔가 더 있을줄  알았어..",
    "rating": "7",
    "date": "15.08.24"
  },
  {
    "review_id": "10228217",
    "movie_id": "103683",
    "author": "whow****",
    "review": "영상영화와 활자소설이 같은 이야기 똑 같은 인물을 가지고얼마나 다르게 요리되는지를 너무도 잘 보여주는 작품..",
    "rating": "9",
    "date": "15.08.14"
  },
  {
    "review_id": "10218705",
    "movie_id": "103683",
    "author": "tran****",
    "review": "난 지루하던데... 불륜을 미화한 기억상실증...",
    "rating": "3",
    "date": "15.08.12"
  },
  {
    "review_id": "10214562",
    "movie_id": "103683",
    "author": "love****",
    "review": "재밌었어요 연기도 잘하고 재밌게 봤음",
    "rating": "10",
    "date": "15.08.10"
  },
  {
    "review_id": "10186353",
    "movie_id": "103683",
    "author": "sune****",
    "review": "닉네임 피구왕슛돌. 이게 어떻게 새로운 소재의 영화? 영화 보는 폭을 좀 넓혀야 겠네요. 유럽으로 가면 이보다 더 신선한 소재 영화 많습니다",
    "rating": "6",
    "date": "15.08.05"
  },
  {
    "review_id": "10186340",
    "movie_id": "103683",
    "author": "domi****",
    "review": "니콜 키드먼 콜린 퍼스 마크 스트롱 이 셋의 연기가 정말 끝내주는 작품 중 하나라고 생각함. 다만 아쉬운 점이 있다면 조금 더 스릴 있게 마지막까지 쭉 조여줬으면 좋았을텐데 하는 점...스릴러 맛은 나는데  긴장감이라는 간이 덜 되어 밍밍한 맛...",
    "rating": "8",
    "date": "15.08.05"
  },
  {
    "review_id": "10185476",
    "movie_id": "103683",
    "author": "aeji****",
    "review": "긴장감 있고 짱잼이여요!!><",
    "rating": "10",
    "date": "15.08.04"
  },
  {
    "review_id": "10179036",
    "movie_id": "103683",
    "author": "jhlo****",
    "review": "중간쯤 반전이 예상가능했음.. 근데 마이크는.. 4년동안 잘살아노쿠 왜 또때림..원래 폭행하는사람은아닌데 한번때리면 끝을보네ㅡ.ㅡ 스토커....",
    "rating": "8",
    "date": "15.08.03"
  },
  {
    "review_id": "10177944",
    "movie_id": "103683",
    "author": "hjwe****",
    "review": "몰입도 굳... 반전도 ㅎㄷㄷ하고 결말도 맘에 듬니콜키드먼은 이런역할에 딱인것 같다",
    "rating": "9",
    "date": "15.08.02"
  },
  {
    "review_id": "10172522",
    "movie_id": "103683",
    "author": "ston****",
    "review": "진짜 역대급 긴장감에 스토리였는데 결말이 너무 후다닥 급 훈훈하게 끝나는 바람에... 그 전까지의 연출력도 좀 희석된 느낌 ㅠ, 악역 전투력 역대 최악인듯...",
    "rating": "9",
    "date": "15.08.01"
  },
  {
    "review_id": "10163608",
    "movie_id": "103683",
    "author": "jean****",
    "review": "오, 콜린 퍼스의 악당 변신! 좋아요!",
    "rating": "8",
    "date": "15.07.30"
  },
  {
    "review_id": "10158927",
    "movie_id": "103683",
    "author": "spin****",
    "review": "니콜키드먼 너무미인이다..콜린 변할때가 소름돋는연기..의외로 볼만한영화네요~마무리가 아쉽..",
    "rating": "8",
    "date": "15.07.29"
  },
  {
    "review_id": "10150968",
    "movie_id": "103683",
    "author": "1s2y****",
    "review": "재미있고  몰입도 좋았어요근데 마지막에 뭔가 허무맹랑.... ㅠㅠ벤이 나쁜건지 크리스틴이 나쁜건지결국 둘다 나쁜거? ㅋㅋ ㅋㅋ",
    "rating": "10",
    "date": "15.07.27"
  },
  {
    "review_id": "10131878",
    "movie_id": "103683",
    "author": "tmdd****",
    "review": "콜린퍼스 연기에 소름ㅠ소재도 괜찮구 지루하지않게 보았네요~",
    "rating": "8",
    "date": "15.07.23"
  },
  {
    "review_id": "10128506",
    "movie_id": "103683",
    "author": "cty1****",
    "review": "하루하루 주인공 잠에서 일어날때마다 반전이 일어나 잼있게 봤다,",
    "rating": "9",
    "date": "15.07.22"
  },
  {
    "review_id": "10123228",
    "movie_id": "103683",
    "author": "ckdd****",
    "review": "불륜녀의 최후ㅋㅋㅋ 인과응보다",
    "rating": "8",
    "date": "15.07.20"
  },
  {
    "review_id": "10117833",
    "movie_id": "103683",
    "author": "yuuu****",
    "review": "기대를 너무 많이했다.",
    "rating": "4",
    "date": "15.07.18"
  },
  {
    "review_id": "10117310",
    "movie_id": "103683",
    "author": "4261****",
    "review": "재밌어요 시간 가는줄모름!",
    "rating": "9",
    "date": "15.07.18"
  },
  {
    "review_id": "10113385",
    "movie_id": "103683",
    "author": "aimi****",
    "review": "볼 수록 여주인공이 처한 환경이 메멘토와 흡사하다는 생각이 들었고 장애가 있는 아내를 버리고 떠나간 남편이 돌아오는 장면은 매우 실망.... 게다가 가짜 벤이 더 이상하게 호감... 그래도 긴장감 넘치는 연출과 잘 짜여진 반전이 볼만 했다",
    "rating": "7",
    "date": "15.07.17"
  },
  {
    "review_id": "10105996",
    "movie_id": "103683",
    "author": "outl****",
    "review": "뭔가 끝이 밋밋했지만 초중반부의 긴장감은 진짜 장난 아니었다. 소재도 나름 재밌었고요. 그나저나 니콜 키드먼은 40대 후반인데도 왜 이렇게 늙지도 않고 예쁨?ㅋㅋ",
    "rating": "7",
    "date": "15.07.15"
  },
  {
    "review_id": "10105368",
    "movie_id": "103683",
    "author": "mini****",
    "review": "반전이 마음에 안들지만 전체적으로 신선해서 볼만함",
    "rating": "6",
    "date": "15.07.15"
  },
  {
    "review_id": "10078411",
    "movie_id": "103683",
    "author": "yana****",
    "review": "뻔한 전개지만 전반적으로 무난하다...",
    "rating": "7",
    "date": "15.07.07"
  },
  {
    "review_id": "10059658",
    "movie_id": "103683",
    "author": "dand****",
    "review": "이거 재밌다는 사람은 스릴러 처음 봤음? 너무 엉성한 시나리오. 맥 빠지는 연출력. 개연성 없는 전후관계. 시간 정말 아까움.",
    "rating": "1",
    "date": "15.07.02"
  },
  {
    "review_id": "10058181",
    "movie_id": "103683",
    "author": "rhtn****",
    "review": "꼭 싸워서 이겨야만 했나",
    "rating": "6",
    "date": "15.07.01"
  },
  {
    "review_id": "10057157",
    "movie_id": "103683",
    "author": "lost****",
    "review": "벤 얼굴과 인상때문에 마지막까지 또 반전인가 하고 보고있었다는...",
    "rating": "9",
    "date": "15.07.01"
  },
  {
    "review_id": "10024889",
    "movie_id": "103683",
    "author": "m1n2****",
    "review": "잘 달리다 어? 벌써? , 어 ? 어느 정돈 예상은 했었는데 , 어? 설마 , 어? 이렇게 쉽게 ? , 어? 끝인거야? 하고 끝나버렸다. 잘 만들었고 키드먼 연기도 좋은데, 아쉬움이 많이 차고 넘친다.",
    "rating": "6",
    "date": "15.06.23"
  },
  {
    "review_id": "10021537",
    "movie_id": "103683",
    "author": "gorh****",
    "review": "킹스맨 남자들... 니콜키드먼은 그대로 이쁘다",
    "rating": "8",
    "date": "15.06.22"
  },
  {
    "review_id": "10002557",
    "movie_id": "103683",
    "author": "drea****",
    "review": "그냥 막장 드라마. 니콜 아줌마 연기 맘에 안듬. 불륜의 끝은???",
    "rating": "5",
    "date": "15.06.15"
  },
  {
    "review_id": "9991920",
    "movie_id": "103683",
    "author": "eura****",
    "review": "기대안하고 보면 나름 감동적임",
    "rating": "9",
    "date": "15.06.12"
  },
  {
    "review_id": "9987457",
    "movie_id": "103683",
    "author": "almo****",
    "review": "간통죄 폐지로 뒤숭숭 하건만 불륜녀 소재라니... 그래도 해피엔딩이고만",
    "rating": "6",
    "date": "15.06.10"
  },
  {
    "review_id": "9985618",
    "movie_id": "103683",
    "author": "jamy****",
    "review": "누가 주인공을 위한 사람이고 누가 진실된 기억인지 모른채로 있다가 진실이 드러나게 되는 스릴러. 니콜키드먼은 언제부터인가 스릴러 인상과 표정의 달인이 되었다.",
    "rating": "7",
    "date": "15.06.08"
  },
  {
    "review_id": "9982863",
    "movie_id": "103683",
    "author": "asqz****",
    "review": "너무 휼륭한 스릴러였음 반전도 내가 예상하지못했던것같아서 신선한것같았음",
    "rating": "10",
    "date": "15.06.07"
  },
  {
    "review_id": "9980974",
    "movie_id": "103683",
    "author": "win3****",
    "review": "한국영화는 왜 이렇게 만들지 못 할까? 신선하고 잼있었다..",
    "rating": "9",
    "date": "15.06.07"
  },
  {
    "review_id": "9973609",
    "movie_id": "103683",
    "author": "iya1****",
    "review": "기억을 되찾아 간다는 소재 자체는 신선하지 않았지만 반전의 요소가 돋보였고, 연출도 스릴러라는 장르적 색깔을 잘 살렸다. 후반에 급히 전개되는  성긴 스토리텔링이 아쉽다만 니콜키드먼의 연기로 커버한다. 콜린퍼스의  악역 연기도 색다른 묘미였다.",
    "rating": "8",
    "date": "15.06.04"
  },
  {
    "review_id": "9966831",
    "movie_id": "103683",
    "author": "uyuu****",
    "review": "정말 개쒸레기 영화 ㅋㅋㅋ",
    "rating": "1",
    "date": "15.05.31"
  },
  {
    "review_id": "9962214",
    "movie_id": "103683",
    "author": "mumc****",
    "review": "괜찮네야 ㅋㅋㅋ 재밌게 잘봤음",
    "rating": "8",
    "date": "15.05.30"
  },
  {
    "review_id": "9953367",
    "movie_id": "103683",
    "author": "vogu****",
    "review": "1 점도 아까운 이 영화의 평점이 왜 그렇냐면, 처음 연출 1, 중간 연출 2, 마지막 연출 3 이 쓰레기이기 때문이다. 합해서 쓰레기.  관객이 기대한 것을 반전으로 삼아야 하는데 삼지 않고 욕먹기 딱 좋지.",
    "rating": "1",
    "date": "15.05.27"
  },
  {
    "review_id": "9946340",
    "movie_id": "103683",
    "author": "bram****",
    "review": "간만에 심장이 쫄깃한 영화",
    "rating": "9",
    "date": "15.05.24"
  },
  {
    "review_id": "9942506",
    "movie_id": "103683",
    "author": "come****",
    "review": "뭔가 범작이 되려다 평작이 된듯한... 무튼간에 마크 스트롱 참 멋있다.",
    "rating": "7",
    "date": "15.05.23"
  },
  {
    "review_id": "9937992",
    "movie_id": "103683",
    "author": "taki****",
    "review": "몰입도 좋고 재밌었는데 끝이 너무 허무했다.그리고 이 영화의 교훈은 인과응보불륜 저지르고 그 벌을 받는군 ㅡㅜ",
    "rating": "8",
    "date": "15.05.22"
  },
  {
    "review_id": "9930920",
    "movie_id": "103683",
    "author": "choi****",
    "review": "마지막이 좀 아쉽네요. 그런데 킹스맨 보고 봤더니 집중이 안됩니다. ㅠㅠ",
    "rating": "9",
    "date": "15.05.19"
  },
  {
    "review_id": "9924359",
    "movie_id": "103683",
    "author": "kwg0****",
    "review": "콜린 퍼스의 연기가 소름 돋았어요",
    "rating": "8",
    "date": "15.05.17"
  },
  {
    "review_id": "9917919",
    "movie_id": "103683",
    "author": "sper****",
    "review": "미친 영화 몰입이 될까 말까 하다가 끝나서 10점준다간보는 영화다ㅋㅋㅋ",
    "rating": "10",
    "date": "15.05.15"
  },
  {
    "review_id": "9915308",
    "movie_id": "103683",
    "author": "west****",
    "review": "니콜키드먼 최악의 영화 인듯",
    "rating": "1",
    "date": "15.05.14"
  },
  {
    "review_id": "9885070",
    "movie_id": "103683",
    "author": "baby****",
    "review": "비행기에서 봤는데 지루한지 모르고 봤네요물론 전남편이 더 범인같이 생겼다는거... 빼고;",
    "rating": "10",
    "date": "15.05.01"
  },
  {
    "review_id": "9883329",
    "movie_id": "103683",
    "author": "adiv****",
    "review": "중반까지 정말 흥미 진진하고 좋았다. 하지만 후반에는 좀 실망스럽게 마무리",
    "rating": "6",
    "date": "15.05.01"
  },
  {
    "review_id": "9883290",
    "movie_id": "103683",
    "author": "liem****",
    "review": "긴장감. 반전이 있던영화.",
    "rating": "7",
    "date": "15.05.01"
  },
  {
    "review_id": "9882782",
    "movie_id": "103683",
    "author": "jael****",
    "review": "소재는 좋으나 한편에 담아내긴 버거웠나부다. 급하게 끝나는듯한 느낌이 아쉽다.",
    "rating": "7",
    "date": "15.05.01"
  },
  {
    "review_id": "9877434",
    "movie_id": "103683",
    "author": "wnsa****",
    "review": "개인적으로론 별점이 맞는것 같으면서도 좀더 내려갔어도괜찮을듯하다",
    "rating": "5",
    "date": "15.04.29"
  },
  {
    "review_id": "9875792",
    "movie_id": "103683",
    "author": "andy****",
    "review": "퍼즐 조각이 하나 하나씩 맞춰 나가지는 느낌 수작",
    "rating": "10",
    "date": "15.04.28"
  },
  {
    "review_id": "9873479",
    "movie_id": "103683",
    "author": "lsh5****",
    "review": "발리에서 오는 비행기에서 봤는데, 그럭저럭 킬링카임으론 제격",
    "rating": "10",
    "date": "15.04.27"
  },
  {
    "review_id": "9869025",
    "movie_id": "103683",
    "author": "blue****",
    "review": "8점이상 주는 영화는 볼만하단뜻이죠 몰입감, 스토리, 연기 모두 다 괜찮네요 볼만합니다 ㅎ",
    "rating": "8",
    "date": "15.04.26"
  },
  {
    "review_id": "9859798",
    "movie_id": "103683",
    "author": "laye****",
    "review": "먼가 안됬고 불쌍하고 마지막에 잘됬으면 좋겠고 그래야되는데 마지막까지보면 그냥 마누라가 바람피다 X땐영화. 몰입은 잘되지만 막판 남는게 없는 그런영화 그리고 친구가 벤과 사는게 행운이라했는데 범죄형 얼굴 ㅋㅋ 깜놀",
    "rating": "5",
    "date": "15.04.23"
  },
  {
    "review_id": "9856379",
    "movie_id": "103683",
    "author": "0104****",
    "review": "큰반전도없었고뻔하디뻔하게끝났지만지루하지않고몰입도가높았음",
    "rating": "8",
    "date": "15.04.22"
  },
  {
    "review_id": "9847903",
    "movie_id": "103683",
    "author": "dpft****",
    "review": "후반가면서 김이 약간 새는게 단점이긴 하지만 몰입도는 좋았다.",
    "rating": "8",
    "date": "15.04.16"
  },
  {
    "review_id": "9844131",
    "movie_id": "103683",
    "author": "syy2****",
    "review": "요즘은 너무 자극적인 것들만 찾으려고 함.. 가끔 이렇게 잔잔한(?) 영화도 괜찮은 듯.. 근데 굳이 청불일 것까진 없지 않나..",
    "rating": "8",
    "date": "15.04.13"
  },
  {
    "review_id": "9840370",
    "movie_id": "103683",
    "author": "hiha****",
    "review": "스토리가 재미있어지다가 중간이후부터 맥빠진다.스릴러로 아쉽다.",
    "rating": "6",
    "date": "15.04.11"
  },
  {
    "review_id": "9834941",
    "movie_id": "103683",
    "author": "akan****",
    "review": "난 이런 게 좋더라... 조잡하지 않고 깔끔한 스릴러",
    "rating": "8",
    "date": "15.04.08"
  },
  {
    "review_id": "9833973",
    "movie_id": "103683",
    "author": "dksg****",
    "review": "그냥저냥 akdljhaldvbnlk",
    "rating": "7",
    "date": "15.04.08"
  },
  {
    "review_id": "9822349",
    "movie_id": "103683",
    "author": "newl****",
    "review": "재밌음. 반전도 있고.",
    "rating": "7",
    "date": "15.04.02"
  },
  {
    "review_id": "9819190",
    "movie_id": "103683",
    "author": "kimi****",
    "review": "자극적인 조미료만 첨가한 끔찍한 맛",
    "rating": "5",
    "date": "15.03.31"
  },
  {
    "review_id": "9818975",
    "movie_id": "103683",
    "author": "namb****",
    "review": "짧은 영화이기도 했지만, 몰입도가 높아서 금방 끝난 것 같은 느낌.  스릴러 영화는 이래서 굿~",
    "rating": "9",
    "date": "15.03.31"
  },
  {
    "review_id": "9817933",
    "movie_id": "103683",
    "author": "goll****",
    "review": "이건 숨기는 스릴러니, 절대 리뷰를 보지 말고 영화를 볼 것ㅎ 함정을 많이 파 놨네 ㅎㅎ",
    "rating": "8",
    "date": "15.03.31"
  },
  {
    "review_id": "9816760",
    "movie_id": "103683",
    "author": "prs7****",
    "review": "몰입감은 괜찮으나... 반전이 없어 아쉽다!",
    "rating": "7",
    "date": "15.03.30"
  },
  {
    "review_id": "9816120",
    "movie_id": "103683",
    "author": "stun****",
    "review": "기대한거에 비하면 실망스러움 임팩트가 없네",
    "rating": "7",
    "date": "15.03.30"
  },
  {
    "review_id": "9814406",
    "movie_id": "103683",
    "author": "lmy0****",
    "review": "우연히 영화 프로에서 나온거 보고 재밌어보여서 봤는데, 나온 내용이 전부임 ㅠㅠ 그래도 볼만했음. 끝이 좀 허무하긴 함. 니콜키드먼 이쁨!",
    "rating": "7",
    "date": "15.03.29"
  },
  {
    "review_id": "9814236",
    "movie_id": "103683",
    "author": "viol****",
    "review": "메맨토의 위대함만 강조해 줄뿐!",
    "rating": "5",
    "date": "15.03.29"
  },
  {
    "review_id": "9814197",
    "movie_id": "103683",
    "author": "snrn****",
    "review": "일주일간 프렌드!!!",
    "rating": "6",
    "date": "15.03.29"
  },
  {
    "review_id": "9810703",
    "movie_id": "103683",
    "author": "2_dp****",
    "review": "무난하게 볼만합니다 괜찮은 스릴러",
    "rating": "8",
    "date": "15.03.28"
  },
  {
    "review_id": "9809917",
    "movie_id": "103683",
    "author": "dlat****",
    "review": "메OO사를 마이크라고 해놔서 결과에 그것과 관련된 얘기도 나올 줄 알았는데 좀 마지막이 허무하게 끝나지 않았나 싶네요, 그런 부분들을 한번 더 비꽈서 내용을 만들었으면 더 뒷통수 때리는 반전 영화가 될 수 있었을 거라는 생각ㅋ그리고 불꽃남자님 말 격공",
    "rating": "6",
    "date": "15.03.27"
  },
  {
    "review_id": "9798100",
    "movie_id": "103683",
    "author": "aimk****",
    "review": "많은 분들 지적대로 후반부가 좀 아쉽지만그래도 재밌게 봤습니다.관객으로 하여금 등장인물들을 불신하게 만들어서 몰입도를 높이네요.",
    "rating": "7",
    "date": "15.03.21"
  },
  {
    "review_id": "9794241",
    "movie_id": "103683",
    "author": "tech****",
    "review": "캐스팅으로 장난친 영화..^^",
    "rating": "7",
    "date": "15.03.20"
  },
  {
    "review_id": "9788948",
    "movie_id": "103683",
    "author": "sksw****",
    "review": "중요한 기억을 잃는다는건 그사람의 인간으로서의 존엄성을 보장할수 없는 무척이나 위험한 일일수도 있다",
    "rating": "8",
    "date": "15.03.17"
  },
  {
    "review_id": "9786289",
    "movie_id": "103683",
    "author": "cuty****",
    "review": "ㄷㄷㄷ재밌게 봤어욥. 콜린퍼스 사랑해용ㅋㅋㅋㅋ!!ㅋㅋㅋㅋ",
    "rating": "9",
    "date": "15.03.15"
  },
  {
    "review_id": "9785607",
    "movie_id": "103683",
    "author": "dyan****",
    "review": "엔딩도 좋은데요... 재밌음~",
    "rating": "8",
    "date": "15.03.15"
  },
  {
    "review_id": "9780972",
    "movie_id": "103683",
    "author": "jang****",
    "review": "반전도있고, 볼만했어요~!",
    "rating": "9",
    "date": "15.03.14"
  },
  {
    "review_id": "9780405",
    "movie_id": "103683",
    "author": "cool****",
    "review": "재미없음ㅇ가나다라라",
    "rating": "5",
    "date": "15.03.14"
  },
  {
    "review_id": "9777860",
    "movie_id": "103683",
    "author": "hamj****",
    "review": "중반부터의 몰입감은 수준급",
    "rating": "6",
    "date": "15.03.13"
  },
  {
    "review_id": "9761966",
    "movie_id": "103683",
    "author": "jdud****",
    "review": "드류 베리모어는 이렇게 되지 말기를..",
    "rating": "5",
    "date": "15.03.07"
  },
  {
    "review_id": "9759776",
    "movie_id": "103683",
    "author": "gonn****",
    "review": "진짜 쇼킹한 반전 영화를 만들고 싶었으면 콜린 퍼스를 선택하기 전에 한 번 더 생각 했어야 했다..",
    "rating": "6",
    "date": "15.03.06"
  },
  {
    "review_id": "9755126",
    "movie_id": "103683",
    "author": "vleh****",
    "review": "불꽃남자님 무개념 스포일러네요.",
    "rating": "10",
    "date": "15.03.03"
  },
  {
    "review_id": "9752276",
    "movie_id": "103683",
    "author": "nid_****",
    "review": "몰입도 진짜 쩔어요...",
    "rating": "10",
    "date": "15.03.02"
  },
  {
    "review_id": "9750730",
    "movie_id": "103683",
    "author": "gjek****",
    "review": "누가 추천해서 봤는데 의외로 괜찮다",
    "rating": "10",
    "date": "15.03.01"
  },
  {
    "review_id": "9750026",
    "movie_id": "103683",
    "author": "toto****",
    "review": "꽤 스릴넘쳤음...반전도 있고 볼만함",
    "rating": "9",
    "date": "15.03.01"
  },
  {
    "review_id": "9749488",
    "movie_id": "103683",
    "author": "jwp0****",
    "review": "이런비슷한내용많았던거같은데 배우가 내가 좋아하는사람들이 나와서 잼있었던거 같음 몰입도도 좋앗음 지루하지않고 재밌고 마지막 아들 꽃소년 엄마닮아서 ㅋㅋ",
    "rating": "9",
    "date": "15.03.01"
  },
  {
    "review_id": "9744599",
    "movie_id": "103683",
    "author": "time****",
    "review": "정확히 58분까지는 좋다ㅋㅋㅋ그 뒤로 싸지른거 어떻게 치울까.. 하다가 마지막에만 울었네ㅠ 진짜 벤을 보면서 저 배우 출연료  얼마일까.. 신인일까? 어디서 캐스팅했지? 니콜키드먼, 콜린퍼스, 마크스트롱, 진짜 벤 으잉?ㅋㅋㅋ",
    "rating": "7",
    "date": "15.02.27"
  },
  {
    "review_id": "9735853",
    "movie_id": "103683",
    "author": "sama****",
    "review": "분명 배우들의 연기는 좋은데, 뭔가 모르게 식상하다는 생각..",
    "rating": "6",
    "date": "15.02.25"
  },
  {
    "review_id": "9735293",
    "movie_id": "103683",
    "author": "k_i_****",
    "review": "좋습니다. 재미있네요.",
    "rating": "10",
    "date": "15.02.24"
  },
  {
    "review_id": "9730981",
    "movie_id": "103683",
    "author": "ekaq****",
    "review": "개인적으로 너무재밌게봄 전화로 벤이어떻게생겻냐고 물을때소름 ㄷㄷ 그리고 니콜키드먼 아직너무예쁨 왤캐안늙어 좀사기인듯",
    "rating": "10",
    "date": "15.02.23"
  },
  {
    "review_id": "9722972",
    "movie_id": "103683",
    "author": "chaa****",
    "review": "마지막을 한번 더 비틀었다면 명작이 될뻔",
    "rating": "6",
    "date": "15.02.21"
  },
  {
    "review_id": "9720161",
    "movie_id": "103683",
    "author": "dck8****",
    "review": "끝이조금아쉽지만 재밋엇음",
    "rating": "8",
    "date": "15.02.20"
  },
  {
    "review_id": "9699684",
    "movie_id": "103683",
    "author": "hj80****",
    "review": "사람들이 나를 찾아줘 랑 엄청 비교하면서 까내리는데 전 오히려 이 영화가 더 재미있었습니다. 처음부터 굉장히 집중하면서 끝까지 본 거 같아요. 몰입력이 장난 아닙니다.. 특히나 엔딩 장면이 정말 인상 깊었어요.. 잔잔한 스릴러쯤 되는 듯",
    "rating": "10",
    "date": "15.02.15"
  },
  {
    "review_id": "9690948",
    "movie_id": "103683",
    "author": "jjhk****",
    "review": "평점을 깍아야겟기에...죄송, 우선 재미면으로는 5점 정도로 딱 중간인데, 반면 이런류의 작품들이 흔하고 이미 대박친 영화들의 짜집기 같은 느낌과 결말까지 평범해 그냥 역시 평범한 영화가 되어버린 영화",
    "rating": "1",
    "date": "15.02.12"
  },
  {
    "review_id": "9687221",
    "movie_id": "103683",
    "author": "chlg****",
    "review": "여론상 욕먹을 것 같지만 현실성없는 나를찾아줘 보다 재미있게 봤던 영화.",
    "rating": "10",
    "date": "15.02.11"
  },
  {
    "review_id": "9684965",
    "movie_id": "103683",
    "author": "awak****",
    "review": "그냥 평범;; 난 또 뭐 대단한 일인줄 ㅇ.ㅇ",
    "rating": "7",
    "date": "15.02.10"
  },
  {
    "review_id": "9678511",
    "movie_id": "103683",
    "author": "dgfg****",
    "review": "몰입하면서 끝까지 잘 봤습니다 반전도 있고 잼있습니다",
    "rating": "9",
    "date": "15.02.08"
  },
  {
    "review_id": "9677898",
    "movie_id": "103683",
    "author": "shki****",
    "review": "I remember Adam! 무슨말이 더 필요할까?",
    "rating": "7",
    "date": "15.02.08"
  },
  {
    "review_id": "9675479",
    "movie_id": "103683",
    "author": "ama_****",
    "review": "진짜 벤이 너무 무섭게 생김..",
    "rating": "7",
    "date": "15.02.07"
  },
  {
    "review_id": "9674975",
    "movie_id": "103683",
    "author": "kjk9****",
    "review": "영화소재는 첫키스만50번째, 영화내용은 메멘토를 그대로 흉내낸 아류작. 출발은 흥미로웠으나, 뒤로 갈수록 지루함. 결말이 궁금해서 끝까지 보긴했다만, 기대에는 못미침. 킬링타임용으로 가볍게 보시길.",
    "rating": "7",
    "date": "15.02.07"
  }
]