[
  {
    "review_id": "9457655",
    "movie_id": "103605",
    "author": "ske4****",
    "review": "이게 평점이 6점대라는게 더 놀라울뿐!!",
    "rating": "1",
    "date": "14.12.08"
  },
  {
    "review_id": "9252734",
    "movie_id": "103605",
    "author": "jseo****",
    "review": "뒤늦게 몰아보기했는데 완죤 잼있네요~~  감동도 있고 따뜻한드라마같아요~^^",
    "rating": "10",
    "date": "14.10.01"
  },
  {
    "review_id": "8300162",
    "movie_id": "103605",
    "author": "myo0****",
    "review": "원더풀마마 잼께 잘봤습니다~^^",
    "rating": "10",
    "date": "13.12.25"
  },
  {
    "review_id": "8020866",
    "movie_id": "103605",
    "author": "pria****",
    "review": "언제 방송인지 궁금하다.",
    "rating": "1",
    "date": "13.09.28"
  },
  {
    "review_id": "7994512",
    "movie_id": "103605",
    "author": "pret****",
    "review": "재미없어요..",
    "rating": "1",
    "date": "13.09.19"
  },
  {
    "review_id": "7985392",
    "movie_id": "103605",
    "author": "blue****",
    "review": "중반까지는 깔끔하게 나가더만 금뚝딱에 안되니까 작가가 반전에 반전이라면서 드라마 OOO기 만들어놨네 이래서 사전제작을 해야돼...",
    "rating": "1",
    "date": "13.09.16"
  },
  {
    "review_id": "7957670",
    "movie_id": "103605",
    "author": "hmds****",
    "review": "막장이 너무 흔해다른 드라마에서도 찾을수있는 소재이고 재미없어",
    "rating": "1",
    "date": "13.09.08"
  },
  {
    "review_id": "7938531",
    "movie_id": "103605",
    "author": "pgek****",
    "review": "마누라가 보고있어서 옆에서 소리만 듣는데도 손발이 오그라드네 ㅋㅋㅋㅋㅋ 뭐이딴 드라마가있나",
    "rating": "1",
    "date": "13.08.31"
  },
  {
    "review_id": "7922262",
    "movie_id": "103605",
    "author": "djsw****",
    "review": "화딱지남저비서기지배는언제쯤밝혀지나요무슨위조가저렇게쉬운건지요주말밤마다열불터지는울엄마유유",
    "rating": "1",
    "date": "13.08.25"
  },
  {
    "review_id": "7918713",
    "movie_id": "103605",
    "author": "ntm6****",
    "review": "유전자 조작 적당히 합시다! 짜증이 슬슬....",
    "rating": "7",
    "date": "13.08.24"
  },
  {
    "review_id": "7905480",
    "movie_id": "103605",
    "author": "rara****",
    "review": "빨리 훈남이랑 영채랑 결혼했으면 어차피 친자식도아닌데 걍 결혼시키지;",
    "rating": "10",
    "date": "13.08.20"
  },
  {
    "review_id": "7904444",
    "movie_id": "103605",
    "author": "gmlw****",
    "review": "작가도아닌 시청자들이  먼저알아가는내용 뻔한스토리 작가란타이틀이 무색하지않나요?시청률은 정확하니까요.",
    "rating": "1",
    "date": "13.08.19"
  },
  {
    "review_id": "7902309",
    "movie_id": "103605",
    "author": "harp****",
    "review": "1점도 아까운데... OOO기 드라마 언제까지할고... 얼른 끝내주길... 금뚝이 시청률이 좋은이유가 다 있어 ㅋ 같은막장이지만서두 작가실력이 다른가보네 ㅋ 1회보구 볼거없어서 공짜로 다시보기로 오늘거보다가 얼른 끄고 평점남겨드림ㅋ 반성하시오 작가감독",
    "rating": "1",
    "date": "13.08.19"
  },
  {
    "review_id": "7901730",
    "movie_id": "103605",
    "author": "foss****",
    "review": "정말 짜증나는 드라마이다 ‥ 차라리 수사드라마라고 해라 ‥말도 안되는 전개!  요즘같이 스트레스많은세상에 너무복잡하게 끌고가는? ‥ 아무리작가맘이라지만 ‥? 완전 형편없는 드라마다!  아무래도 작가가 바뀌지않고서야‥ 어떻게 이런일이 ‥‥에라이  !",
    "rating": "1",
    "date": "13.08.19"
  },
  {
    "review_id": "7901541",
    "movie_id": "103605",
    "author": "grem****",
    "review": "작가 실력 의심스럽네..언제까지 민수만 찾을 껍니까??작가야다른 새롭고 참신한 스토리. 못. 쓰나??배우들이 아깝구만...ㅠ",
    "rating": "1",
    "date": "13.08.18"
  },
  {
    "review_id": "7900949",
    "movie_id": "103605",
    "author": "chky****",
    "review": "적당히 해야지 ? 재미있게 보고 있었는데이게 뭐 갈수록 막장이네~~",
    "rating": "1",
    "date": "13.08.18"
  },
  {
    "review_id": "7900795",
    "movie_id": "103605",
    "author": "kang****",
    "review": "갈수록 질질 끄는게 짜증남 너무 돌리고 돌리고... 좀 더 깔끔하게 진행시켜라",
    "rating": "3",
    "date": "13.08.18"
  },
  {
    "review_id": "7900756",
    "movie_id": "103605",
    "author": "ange****",
    "review": "개욕나오는 드라마 정도것 해야지 무슨 유전자 조작에 어이가 없어서 ㅡㅡ",
    "rating": "1",
    "date": "13.08.18"
  },
  {
    "review_id": "7894808",
    "movie_id": "103605",
    "author": "tolo****",
    "review": "한동안 전개속도도 좋고 재밌다고 생각했는데 점점 후반에 갈수록 진부하고 역시나 질질 끄는 뻔한 드라마로 전락하고 있네요. 그전에 10점만점 평 지우고 다시쓰게 만드네요. 약간에 억지스러움까지 보이네요. 작가가 바뀌었나하는 생각까지 드네요.",
    "rating": "1",
    "date": "13.08.17"
  },
  {
    "review_id": "7791783",
    "movie_id": "103605",
    "author": "mine****",
    "review": "돈때문에 앤 버리공~부잣집여자를 선택한다는 진부한스토리로 전개된다면 채널돌리거같아요~~",
    "rating": "6",
    "date": "13.07.27"
  },
  {
    "review_id": "7743289",
    "movie_id": "103605",
    "author": "mini****",
    "review": "3단콤보파이팅뽀뽀 !  노래좋네요ㅋ",
    "rating": "10",
    "date": "13.07.15"
  },
  {
    "review_id": "7715239",
    "movie_id": "103605",
    "author": "jhyo****",
    "review": "고영채랑 장남훈이형제같은데 둘이 사귀면 참....",
    "rating": "10",
    "date": "13.07.07"
  },
  {
    "review_id": "7673654",
    "movie_id": "103605",
    "author": "kiss****",
    "review": "짜증나서 못보겠네요 언제쯩 이청아가 이기나요",
    "rating": "1",
    "date": "13.06.23"
  },
  {
    "review_id": "7650926",
    "movie_id": "103605",
    "author": "gkst****",
    "review": "잔잔하면서도 재미있는 훈훈한 드라마네요 자극적인 내용이 부족해서 시청률이 낮나 안타까운 드라마입니다 연기들도 모두 굿",
    "rating": "10",
    "date": "13.06.17"
  },
  {
    "review_id": "7649128",
    "movie_id": "103605",
    "author": "1177****",
    "review": "동시간대 드라마중에 제일 재밌는데.. 시청률이 왜 저조한지 모르겠네요.. 넘 재밌어요..",
    "rating": "10",
    "date": "13.06.16"
  },
  {
    "review_id": "7573959",
    "movie_id": "103605",
    "author": "oreg****",
    "review": "작가님 스토리가 너무 재밌네요 항상 잘보고있습니다배우분들 연기도 좋네요",
    "rating": "10",
    "date": "13.06.02"
  },
  {
    "review_id": "7572847",
    "movie_id": "103605",
    "author": "yuke****",
    "review": "윤복희회장님 비서님 참 좋다. 회장님 치매인데도 충성울 다하넹. 참 좋당. ^^짱.",
    "rating": "10",
    "date": "13.06.02"
  },
  {
    "review_id": "7556804",
    "movie_id": "103605",
    "author": "jm52****",
    "review": "쓸데없는 김실장 얘기만 길지 않다면, 굳~^^",
    "rating": "8",
    "date": "13.05.26"
  },
  {
    "review_id": "7531457",
    "movie_id": "103605",
    "author": "ru71****",
    "review": "오다정역이랑 김실장역 너무싫다  짱나 바람핀거빨리 걸렸음좋겠다",
    "rating": "1",
    "date": "13.05.16"
  },
  {
    "review_id": "7527969",
    "movie_id": "103605",
    "author": "gyk6****",
    "review": "가족적인 드라마 정이 있어 좋구 배우들의 연기도 일품",
    "rating": "10",
    "date": "13.05.14"
  },
  {
    "review_id": "7523487",
    "movie_id": "103605",
    "author": "cjfy****",
    "review": "민수가 그 의사아님? 의사같은데",
    "rating": "10",
    "date": "13.05.12"
  },
  {
    "review_id": "7523483",
    "movie_id": "103605",
    "author": "wkaw****",
    "review": "배종옥이보여주는엄마 이거하나믿고봐도될드라마 극중배종옥이철없는자식들을꾸짖을때자녀들이아니라 지금철없는친구들 또는 힘들어포기하려는친구들에게하는말같다 이런부분에좀더중점을두면좋겠다",
    "rating": "9",
    "date": "13.05.12"
  },
  {
    "review_id": "7517696",
    "movie_id": "103605",
    "author": "shr_****",
    "review": "요즘 이 드라마에 빠져서 1회부터 계속 번갈아 보는중이에요! 특히 박보검 완전조아!! 보고 또보고 넘 재미집니다!! 그나저나 OST좀 알려주시면 안되나요?",
    "rating": "10",
    "date": "13.05.09"
  },
  {
    "review_id": "7516979",
    "movie_id": "103605",
    "author": "rkdt****",
    "review": "편안하게 볼 수 있는 안.방.드.라.마!",
    "rating": "10",
    "date": "13.05.09"
  },
  {
    "review_id": "7511911",
    "movie_id": "103605",
    "author": "imso****",
    "review": "편안하게 볼 수 있는 재미있는 주말드라마네요 ^^",
    "rating": "10",
    "date": "13.05.06"
  },
  {
    "review_id": "7510377",
    "movie_id": "103605",
    "author": "jijh****",
    "review": "완전 재밌음",
    "rating": "10",
    "date": "13.05.05"
  },
  {
    "review_id": "7493996",
    "movie_id": "103605",
    "author": "qocn****",
    "review": "꽉 찬 10점 드립니다. 오랜만에 만나는 감동의 가족 드라마!!",
    "rating": "10",
    "date": "13.04.29"
  },
  {
    "review_id": "7492592",
    "movie_id": "103605",
    "author": "mins****",
    "review": "재밋당!!!!!",
    "rating": "10",
    "date": "13.04.29"
  },
  {
    "review_id": "7488591",
    "movie_id": "103605",
    "author": "jki2****",
    "review": "주말만기달려지고 완전재미잇음",
    "rating": "10",
    "date": "13.04.27"
  },
  {
    "review_id": "7488568",
    "movie_id": "103605",
    "author": "hong****",
    "review": "진짜 재밌게 보고있어요ㅋㅋㅋ 주말만 기다려지네요ㅋㅋㅋ 그리고 제 생각에는 의사분이 그 아들같아요ㅋㅋㅋ",
    "rating": "10",
    "date": "13.04.27"
  },
  {
    "review_id": "7477148",
    "movie_id": "103605",
    "author": "ybma****",
    "review": "재밌어요 주말은 이걸로 정합니다~~^^",
    "rating": "10",
    "date": "13.04.23"
  },
  {
    "review_id": "7476751",
    "movie_id": "103605",
    "author": "jsak****",
    "review": "완전짱!!!",
    "rating": "10",
    "date": "13.04.23"
  },
  {
    "review_id": "7473372",
    "movie_id": "103605",
    "author": "lwj0****",
    "review": "너무 잼나요  어휴 OOO 삼남매 ㅠㅠ 그리고 민수가 누군지 궁금해요",
    "rating": "9",
    "date": "13.04.21"
  },
  {
    "review_id": "7459152",
    "movie_id": "103605",
    "author": "ddcm****",
    "review": "헬로비너스 장고은 화이팅~",
    "rating": "10",
    "date": "13.04.14"
  },
  {
    "review_id": "7458799",
    "movie_id": "103605",
    "author": "idid****",
    "review": "흥미진진하네여~~~삼남매가 망가지는모습이 궁금해지네여..",
    "rating": "10",
    "date": "13.04.14"
  },
  {
    "review_id": "7458792",
    "movie_id": "103605",
    "author": "lh24****",
    "review": "이유영 사랑해!!!!!",
    "rating": "10",
    "date": "13.04.14"
  },
  {
    "review_id": "7458778",
    "movie_id": "103605",
    "author": "l_lr****",
    "review": "본방은 이순신보고 오늘 재방 첨봤는데 재밌네요 흥할듯",
    "rating": "10",
    "date": "13.04.14"
  },
  {
    "review_id": "7458174",
    "movie_id": "103605",
    "author": "odjs****",
    "review": "정말 재밌어요.정유미 역시 멋져요.최강훈녀!!!!!!!!!!!!!!!!!!!!",
    "rating": "10",
    "date": "13.04.14"
  }
]