[
  {
    "review_id": "10210189",
    "movie_id": "103644",
    "author": "llmc****",
    "review": "데이빗모스를 싫게 만든 영화... 왠만하게 욕먹는 영화도 괜찮게 보는 성격인데, 이 영화는 정말 최악이다. 사람 시간 버리게하는 영화는 좀 제작을 자제했으면 좋겠다. 항상 모든 작품은 각자의 입장이 있다는 것을 인지하지만, 정말이지 이해할 수 없는 작",
    "rating": "1",
    "date": "15.08.09"
  },
  {
    "review_id": "10036248",
    "movie_id": "103644",
    "author": "cont****",
    "review": "제목만 보고 SF인줄 알았는데....낚였다.",
    "rating": "4",
    "date": "15.06.25"
  },
  {
    "review_id": "10013641",
    "movie_id": "103644",
    "author": "dryw****",
    "review": "쓰레기퓨ㅠ퓨ㅠㅠㅠㅠ",
    "rating": "1",
    "date": "15.06.20"
  },
  {
    "review_id": "10002664",
    "movie_id": "103644",
    "author": "meta****",
    "review": "ㅋㅋㅋ홍석천이 볼 영화",
    "rating": "1",
    "date": "15.06.15"
  },
  {
    "review_id": "9987546",
    "movie_id": "103644",
    "author": "lion****",
    "review": "보지 않으셔도 됩니다.",
    "rating": "3",
    "date": "15.06.10"
  },
  {
    "review_id": "9986885",
    "movie_id": "103644",
    "author": "seok****",
    "review": "매카닉이랑 착각해서 끝까지 봤네 재밌다 하하하하",
    "rating": "10",
    "date": "15.06.09"
  },
  {
    "review_id": "9986609",
    "movie_id": "103644",
    "author": "2328****",
    "review": "그냥본다그냥보고있다정말정말그냥봤다",
    "rating": "10",
    "date": "15.06.09"
  },
  {
    "review_id": "9625450",
    "movie_id": "103644",
    "author": "jenn****",
    "review": "Rest In Peace , Cory Monteith.",
    "rating": "10",
    "date": "15.01.23"
  },
  {
    "review_id": "9408728",
    "movie_id": "103644",
    "author": "zzzq****",
    "review": "뭐지...?이게뭐지? .. .음 .궁금증만남기다영화가 그냥끝났네. ..뭐지이영화?  뭐냐이거ㅡㅡ!어의없네..뭘얘기하려고한건지...아깝다내시간..",
    "rating": "1",
    "date": "14.11.22"
  },
  {
    "review_id": "9380344",
    "movie_id": "103644",
    "author": "syja****",
    "review": "옴청보고싶어햇던거라 받앗는데 뭔가이상해서 뭐지하고 쭈욱 56분 52초까지 보고 너무 미치겟어서 찾아봉께 영화 맥카닉 메카닉 두개엿음ㅋㅋ 심심한사람들보세요 평점 낮은영화들도 꼼꼼히찾아보며 대부분 액션작 범죄작들 죄다 본거같은데 이만한 심심한영화 없음",
    "rating": "1",
    "date": "14.11.13"
  },
  {
    "review_id": "9366203",
    "movie_id": "103644",
    "author": "tran****",
    "review": "아이고 의미없다!... 게이형사의 광기어린 집착밖에 없는 스토리!",
    "rating": "1",
    "date": "14.11.10"
  },
  {
    "review_id": "9294308",
    "movie_id": "103644",
    "author": "haru****",
    "review": "메카닉 마지막영화가 되려무나 감독아 ...",
    "rating": "1",
    "date": "14.10.15"
  },
  {
    "review_id": "9293048",
    "movie_id": "103644",
    "author": "ehdf****",
    "review": "아 먼데 이거 영화라고만든건가 진짜ㅡㅡ스토리도이상하고 보고나면 찝찝하고 진짜 드릅게재미업다. 보지마라 강력반대다",
    "rating": "1",
    "date": "14.10.14"
  },
  {
    "review_id": "9292995",
    "movie_id": "103644",
    "author": "hero****",
    "review": "9점이상준 사람 빼면 평균 2점도 안되는거 암?",
    "rating": "2",
    "date": "14.10.14"
  },
  {
    "review_id": "9283185",
    "movie_id": "103644",
    "author": "gall****",
    "review": "이런 쓰레기는 왜 자꾸 수입해오는가?  영세 듣보잡 수입/배급사들아!!",
    "rating": "1",
    "date": "14.10.11"
  },
  {
    "review_id": "9281684",
    "movie_id": "103644",
    "author": "rede****",
    "review": "엔딩의 여운이 꽤 가네요. 작품성있는 영화를 코리 몬테이스가 잘 고른듯. 유작이라기엔 너무 아까운 배우입니다 확실히. 범죄액션보다는 드라마에 더 가까워요",
    "rating": "10",
    "date": "14.10.10"
  },
  {
    "review_id": "9281368",
    "movie_id": "103644",
    "author": "juhy****",
    "review": "코리유작이라 본건데 기대하지 않고 봣는데 재미있습니다마지막 엔딩부분이 많이 기억에  남는영화입니다",
    "rating": "10",
    "date": "14.10.10"
  },
  {
    "review_id": "9281206",
    "movie_id": "103644",
    "author": "redj****",
    "review": "거친 상남자 데이빗 모스... 이젠 볼 수 없는 코리...",
    "rating": "10",
    "date": "14.10.10"
  },
  {
    "review_id": "9280925",
    "movie_id": "103644",
    "author": "rara****",
    "review": "코리 유작이어서 난 방갑던데. 액션이 생각보다 많지 않아도 영화 볼만 합니다!",
    "rating": "9",
    "date": "14.10.10"
  },
  {
    "review_id": "9280883",
    "movie_id": "103644",
    "author": "vnfm****",
    "review": "액션 짱짱짱~~~!!!!강추~",
    "rating": "10",
    "date": "14.10.10"
  },
  {
    "review_id": "9280882",
    "movie_id": "103644",
    "author": "adel****",
    "review": "믿고 보는 연기파 배우들의 열연. 의외로 재밌게 보았어요^^",
    "rating": "10",
    "date": "14.10.10"
  },
  {
    "review_id": "9280880",
    "movie_id": "103644",
    "author": "mzk1****",
    "review": "우연히 친구랑 봤는데 긴장감 넘치는 추격과 화려한 액션에 심장이 쫄깃!",
    "rating": "10",
    "date": "14.10.10"
  },
  {
    "review_id": "9278832",
    "movie_id": "103644",
    "author": "phjm****",
    "review": "근데결말이뭐에요대체  윅스랑 왜그러는건지알려주실분. .????답답해미치겠네",
    "rating": "1",
    "date": "14.10.09"
  },
  {
    "review_id": "9277776",
    "movie_id": "103644",
    "author": "01aj****",
    "review": "연기는 좋은데... 스토리, 전개는 꽝이다.",
    "rating": "3",
    "date": "14.10.09"
  },
  {
    "review_id": "9275700",
    "movie_id": "103644",
    "author": "zzan****",
    "review": "나만 당할 수 없다!1  판타스틱 액션 짱짱 꼭 보셈!",
    "rating": "10",
    "date": "14.10.08"
  },
  {
    "review_id": "9273455",
    "movie_id": "103644",
    "author": "suhj****",
    "review": "너무 재미없다 ㅋㅋㅋㅋ",
    "rating": "1",
    "date": "14.10.08"
  },
  {
    "review_id": "9272672",
    "movie_id": "103644",
    "author": "kona****",
    "review": "이런걸 영화라고 시간아깝다 내시간돌리도",
    "rating": "1",
    "date": "14.10.07"
  },
  {
    "review_id": "9272256",
    "movie_id": "103644",
    "author": "dbzh****",
    "review": "에효 이것도 재미가 없구나.",
    "rating": "1",
    "date": "14.10.07"
  },
  {
    "review_id": "9271985",
    "movie_id": "103644",
    "author": "cuts****",
    "review": "길거리  몸 파는 남자애를 형사는 게이라고 생각하고 꼬심. 근데 그 남자는 게이가 아니었고 게이 형사보고 놀림. 형사는 빡쳐서 그 남자애 쫒아 다니며 괴롭힘. 파트너는 엄하게 옆에 있다 지 파트너한테 총맞음. 오인사격으로. 이게 영화내용 끝.",
    "rating": "1",
    "date": "14.10.07"
  },
  {
    "review_id": "9271915",
    "movie_id": "103644",
    "author": "wkkk****",
    "review": "스토리전개가 하나도없네 진짜 개억지스토리 너무재미없다",
    "rating": "1",
    "date": "14.10.07"
  },
  {
    "review_id": "9271126",
    "movie_id": "103644",
    "author": "nobl****",
    "review": "아씨 재미 드릅게 없잔아 이빨에 땀날정도로 욕나오네..ㅡㅡ:",
    "rating": "1",
    "date": "14.10.07"
  },
  {
    "review_id": "9270938",
    "movie_id": "103644",
    "author": "kuko****",
    "review": "원래 손에 땀이 많은 분이실 수도 있죠;;",
    "rating": "1",
    "date": "14.10.07"
  },
  {
    "review_id": "9270169",
    "movie_id": "103644",
    "author": "thet****",
    "review": "볼 거 없을때 봐도 재미 없는 영화!",
    "rating": "1",
    "date": "14.10.06"
  },
  {
    "review_id": "9270050",
    "movie_id": "103644",
    "author": "wone****",
    "review": "보지마세요..땀을쥐는 스릴러???다들 보고 얘기하시는건가???이거 강추라하ㅗ 재밌다고 하시는분들...이해가 좀....제가 예술적인 부분을 몰라서 그런거 같긴한데..그냥 일반적으로 보기에는 엄~~~청 재미없습니다..",
    "rating": "1",
    "date": "14.10.06"
  },
  {
    "review_id": "9269103",
    "movie_id": "103644",
    "author": "wjs3****",
    "review": "손에 땀을 쥐는 스릴러!!!!",
    "rating": "10",
    "date": "14.10.06"
  },
  {
    "review_id": "9260191",
    "movie_id": "103644",
    "author": "niro****",
    "review": "데이빗 모스의 폭군 형사 ㅋ 역시 어울려",
    "rating": "10",
    "date": "14.10.03"
  },
  {
    "review_id": "9254904",
    "movie_id": "103644",
    "author": "zest****",
    "review": "너무 재미있네요.. 강추 ^^",
    "rating": "10",
    "date": "14.10.02"
  }
]