[
  {
    "review_id": "7955223",
    "movie_id": "103607",
    "author": "mygr****",
    "review": "내용이 막장인 건 어쩔 수 없다 쳐도, 배우들의 이 오그라드는 연기는 정말 어떡할래?",
    "rating": "3",
    "date": "13.09.07"
  },
  {
    "review_id": "7801558",
    "movie_id": "103607",
    "author": "rlaw****",
    "review": "박영린  앞으론 드라마쪽보단 시트콤이나개그쪽으로 나가시는게 앞으로 본인발전을위해 좋을뜻싶네요...아님 좋은 남자만나 결혼하고 은퇴하시는것두....가정에충실하다보면 연기하는데 도움이 될수도 있지않을까 싶은데 그때 다시도전해보는것두 좋을뜻 싶네요",
    "rating": "1",
    "date": "13.07.31"
  },
  {
    "review_id": "7796869",
    "movie_id": "103607",
    "author": "eunh****",
    "review": "아ㅡㅡ,, ,,, 박영린,,,,발연기,,,,,연기공부진짜미친듯이하셔야할듯,,,,ㅜㅜ",
    "rating": "2",
    "date": "13.07.29"
  },
  {
    "review_id": "7796868",
    "movie_id": "103607",
    "author": "joos****",
    "review": "별하나 주기도 아깝네...이유리씨 가면 갈수록 연기가 똑같아져요ㅡ연기 모니터링하긴 하는거에요? 진짜 매번똑같고. 지겹고 재미없네ㅡ작가가 재미없는거야, 연기를 못하는거야ㅡ피드백제대로받고 똑바로하세요",
    "rating": "1",
    "date": "13.07.29"
  },
  {
    "review_id": "7794893",
    "movie_id": "103607",
    "author": "bles****",
    "review": "박영린씨 발연기 정말 더는 못보겠네요..아무리 악역이라지만 어찌그리 억양없이 한톤으로 국어책읽으시는지..그거아님 고조없는 소리만 질러대시고..연기공부 미친듯이 좀 하셔야할듯.....",
    "rating": "2",
    "date": "13.07.28"
  },
  {
    "review_id": "7782546",
    "movie_id": "103607",
    "author": "juns****",
    "review": "아무리 드라마라지만 어쩜 이렇게까지 글을쓸수 있는지 작가의 심성을 알수있을것같네요.  뉘우침 이란걸 모르는 이런인간들도 정말 존재는 하는걸까요?  참  씁쓸한 드라마입니다. 어이없구요.코메디보는것같네요.개콘ㅠㅠ",
    "rating": "1",
    "date": "13.07.25"
  },
  {
    "review_id": "7782410",
    "movie_id": "103607",
    "author": "taji****",
    "review": "민세연발연기쩐다..걍 롤코나해...개나소나 연기한다고 설쳐..대사도어버버 모지리같어..다신 연기하지마라 써주지도 않겠지만;;",
    "rating": "1",
    "date": "13.07.25"
  },
  {
    "review_id": "7780000",
    "movie_id": "103607",
    "author": "lbs1****",
    "review": "발연기 총집결한 드라마는 세상에 첨 본다.    강유리. 이경선. 민세연. 쉐프. 전영록 전부인. 진짜 쩐다.  잉~~~",
    "rating": "1",
    "date": "13.07.24"
  },
  {
    "review_id": "7777249",
    "movie_id": "103607",
    "author": "hari****",
    "review": "유리씨 당신은 천사예요 무엇이든 용서하니까요그러니 제발 용서하지 않겠어란 말좀 그만하세요타방송 사랑했나봐 보면서 느꼈던 답답함을 결국 여기서도 느끼네요  종영을앞두면 이렇게 억지스토리가 들어가야 하나봐요.",
    "rating": "1",
    "date": "13.07.23"
  },
  {
    "review_id": "7755796",
    "movie_id": "103607",
    "author": "hyok****",
    "review": "드라마는 평점보다는 시청률로 평가하니 작가들은시청률만 올리는데 전념 할수밖에 없다,  이렇게 해서 시청률은 올리수는 있겠지만,...... 기억에 남는 드라마를 만들었으면 좋겠다",
    "rating": "1",
    "date": "13.07.18"
  },
  {
    "review_id": "7755771",
    "movie_id": "103607",
    "author": "cjfy****",
    "review": "앞이 뻔하게  보이는데  너무질질끄니  재미없어요  요즘작가분들  똑같은 스토리로  넘쉽게 돈버는것같네요 ㅋㅋ아침부 푹푹찌는더위에  왕짜증나네요",
    "rating": "1",
    "date": "13.07.18"
  },
  {
    "review_id": "7751493",
    "movie_id": "103607",
    "author": "oa56****",
    "review": "난 재밌는데 대구♥",
    "rating": "10",
    "date": "13.07.17"
  },
  {
    "review_id": "7750175",
    "movie_id": "103607",
    "author": "rlag****",
    "review": "너무질질끄네요..민세연 나대는것도 이제그만하면될꺼가튼데 급으로 망하고이럴꺼 너무보이는데요.재밌게봤던방송인데...지루한감이",
    "rating": "2",
    "date": "13.07.17"
  },
  {
    "review_id": "7747820",
    "movie_id": "103607",
    "author": "hee4****",
    "review": "요즘들어 질질 끄는게 보여서 재미가업어여...",
    "rating": "2",
    "date": "13.07.16"
  },
  {
    "review_id": "7744563",
    "movie_id": "103607",
    "author": "chog****",
    "review": "발연기, 막장, 허술한 스토리",
    "rating": "1",
    "date": "13.07.15"
  },
  {
    "review_id": "7726347",
    "movie_id": "103607",
    "author": "gnld****",
    "review": "너무 평점 낮네",
    "rating": "10",
    "date": "13.07.11"
  },
  {
    "review_id": "7719344",
    "movie_id": "103607",
    "author": "jsh0****",
    "review": "작가가 아무리 아침드라마라고해도 작가는 애가 없는사람임에 분명해 최근 5년간sbs아침드라마중에 최악 최악 그나마 연기자 들이 살리고있고 박영린은 발연기도안되는 발톱연기",
    "rating": "1",
    "date": "13.07.09"
  },
  {
    "review_id": "7701705",
    "movie_id": "103607",
    "author": "foxm****",
    "review": "Gooooooooood민세연 박영린 넘 이쁘다",
    "rating": "10",
    "date": "13.07.03"
  },
  {
    "review_id": "7696809",
    "movie_id": "103607",
    "author": "lim3****",
    "review": "아오~민세연 역할하시는분 연기 정말...너무하시네요   대사칠때 입모양 어설프고 행동하나하나 왜레 어설픈지 무슨 코메디도 아니구 웃겨서 민세연만 나오면 연기때문인지 줄거리파악안되구 채널 돌리게되네요  저한분때문에 다른배우분들 연기까지 어설퍼보이네요",
    "rating": "1",
    "date": "13.07.02"
  },
  {
    "review_id": "7681628",
    "movie_id": "103607",
    "author": "bjho****",
    "review": "민세연 민세연 민세연 민세연 죄다 민세연한테 말도 제대로 못하고 민세연이름만 겁나 불러대고...강정훈엄마는 어쩜 머리통속에 개념이라곤 찾아볼수도 없고 자기 손자라고 하는짓은 꼴깝이고 점점 드러워지는 드라마 민세연은 드라마 않찍었음 좋겠네...",
    "rating": "1",
    "date": "13.06.26"
  },
  {
    "review_id": "7656560",
    "movie_id": "103607",
    "author": "hana****",
    "review": "도대체 작가가 개념이 있어요?옷을 입고 당당하게 환불하러가는걸 내보내고...아줌마들이 집에서 보고 멀 배우겠어요?진상짓이나 배우겠지...이런상식에서 벗어나는건 한번더 생각하고 방송에 내보내세요...이런걸로 감정노동자들이 화가나는겁니다...ㅆ",
    "rating": "1",
    "date": "13.06.19"
  },
  {
    "review_id": "7654134",
    "movie_id": "103607",
    "author": "ejrr****",
    "review": "박영린~다시는 드라마에 캐스팅 하지말기를~걸어가는 장면도 발연기 할때부터 알아봤지만~ 참 민폐다~민폐~  연예인 데뷔한지 몇년이나 지났는데~ 연기자지망이었으면~ 연습을 좀 했어야 한거 아닌가~  ㅉㅉㅉ 리포터만 오래할때부터 알아봤지만~ 참~  답답하다",
    "rating": "1",
    "date": "13.06.18"
  },
  {
    "review_id": "7640967",
    "movie_id": "103607",
    "author": "gmlw****",
    "review": "민세연만 안나오면 시청률이 더나올듯한데...",
    "rating": "1",
    "date": "13.06.15"
  },
  {
    "review_id": "7633087",
    "movie_id": "103607",
    "author": "supi****",
    "review": "민세연의 악덕을 그냥덮고 말이 안되는드라마..시간때우느라 보는데 진짜 짜증나네요ㅋㅋ 작가가 대단한듯ㅋ",
    "rating": "1",
    "date": "13.06.13"
  },
  {
    "review_id": "7632727",
    "movie_id": "103607",
    "author": "accu****",
    "review": "연기자들 왜이리 못해여? 이유리씨 얼굴에  손댄건가여? 얼굴이 부자연스러워서 보기가 민망해여.. 얼굴 근육이 안움직이는거같아여...지현우역은 진짜연기 못해여... 연기 연습좀 더 마니 하셔야 할것 같네여..ㅠㅠ 어쩜 표정두 행동두 부자연 스러운지...",
    "rating": "3",
    "date": "13.06.13"
  },
  {
    "review_id": "7629346",
    "movie_id": "103607",
    "author": "0829****",
    "review": "재미있군요",
    "rating": "10",
    "date": "13.06.12"
  },
  {
    "review_id": "7623819",
    "movie_id": "103607",
    "author": "yjim****",
    "review": "너무 답답해요. 빠른 전개가 되었으면 해요 주인공들만 당하는게 서민들인 우리가 당하는거 같아서 불쾌하네요",
    "rating": "1",
    "date": "13.06.10"
  },
  {
    "review_id": "7623504",
    "movie_id": "103607",
    "author": "peh6****",
    "review": "연기가늘지를않는군요 이빨은왜악물고 대사를하는건지 눈은왜들뒤집어까면서들소리만지르고 악한사람이판을치는 드라마내용 이제는 그만봣음좋겟네요",
    "rating": "1",
    "date": "13.06.10"
  },
  {
    "review_id": "7589343",
    "movie_id": "103607",
    "author": "suyu****",
    "review": "정말.....좀지루한감이많습니다. 언제까지민씨남매들이그러는것을봐야하는거져?? 좀이젠조금씩풀릴때도된거같은데... 참답답하고진부하고... 그냥아침에안보는게나을지도보다속터지겟네요",
    "rating": "1",
    "date": "13.06.06"
  },
  {
    "review_id": "7587864",
    "movie_id": "103607",
    "author": "nymp****",
    "review": "간만에재방송보니아직도민세연과그일당들이건재하네요한번에훅그일당들이다운되는것은원하지않아요지금부터법치국가의면모를보여주세요",
    "rating": "1",
    "date": "13.06.06"
  },
  {
    "review_id": "7582238",
    "movie_id": "103607",
    "author": "wjdt****",
    "review": "민세연역할 하는 사람 연기를 너무못하네요ㅡㅡ그리고 스토리자체가 개막장이고 맘에 안듬 사랑했나봐랑 맞먹네 막장이 아니라 멜로라며 멜로는 깨뿔이",
    "rating": "1",
    "date": "13.06.05"
  },
  {
    "review_id": "7565351",
    "movie_id": "103607",
    "author": "akal****",
    "review": "예고편도 그렇고 은수랑 정훈이는 바보 역활만 계속 할껀가요?",
    "rating": "4",
    "date": "13.05.31"
  },
  {
    "review_id": "7563751",
    "movie_id": "103607",
    "author": "byul****",
    "review": "잼있고 이야기 구성이 정말 찰지네요",
    "rating": "8",
    "date": "13.05.30"
  },
  {
    "review_id": "7562435",
    "movie_id": "103607",
    "author": "eva2****",
    "review": "일주일에 한번봐도 대충 내용이 감이 오는 뻔한 스토리젤 짜증나는건 민세현? 연기 못하는건 그렇다쳐도 반응이 다 똑같아서 재방인줄알았음;;이제 그만 통쾌히 복수하고 쫑냅시다.네?",
    "rating": "1",
    "date": "13.05.30"
  },
  {
    "review_id": "7562410",
    "movie_id": "103607",
    "author": "ahdd****",
    "review": "정말 잘 보고있어요^^근데 얼마전부터나오는 이경신교순가지현우양엄마 안나왔음좋겠어요 연기도 별로고 얼굴도 비호감이고 암튼 보기싫어지네요ㅡㅡ",
    "rating": "7",
    "date": "13.05.30"
  },
  {
    "review_id": "7560978",
    "movie_id": "103607",
    "author": "nari****",
    "review": "너무 재미없어요  주인공 패션은 왜그런거에여 아무리 애기 엄마지만 일하는 여성이 동네 산보 나온것도 아니고  악역하는  여자는 왜 맨날 눈만 동그라케 뜬데요? 처음 남겨보내요  드라마 평점이라는거  그래도 넘 재미없어요  이제 안볼려규요!",
    "rating": "1",
    "date": "13.05.29"
  },
  {
    "review_id": "7559536",
    "movie_id": "103607",
    "author": "fodo****",
    "review": "노란복수초 스토리랑 너무 비슷하네요 ㅠㅠ민세현 연기정말 별루인듯 ㅠㅠ",
    "rating": "6",
    "date": "13.05.28"
  },
  {
    "review_id": "7551142",
    "movie_id": "103607",
    "author": "pis7****",
    "review": "노현희님 이미지 정말 좋아졌어요~ 연기도 잘하고 귀여우세요 화이팅 하겠습니다*^^*",
    "rating": "10",
    "date": "13.05.24"
  },
  {
    "review_id": "7549344",
    "movie_id": "103607",
    "author": "qksr****",
    "review": "옥의티!! 은수씨가 만복식품일을 마치고 나오던중 현관 로비에서 정훈과 마주치고 이야기할때는 분명 흰색백을 메고있었죠..그런데 바로 현관앞 계단에서 소매치기를 당하고 그 소매치기범을 뒤쫓아가서 잡아준 정훈을 따라올때는 어느새 갈색가방을..ㅋㅋ",
    "rating": "6",
    "date": "13.05.23"
  },
  {
    "review_id": "7545730",
    "movie_id": "103607",
    "author": "coco****",
    "review": "민세연 연기좀 똑바루해라 볼때마다 짜증난다  연기는 발발발 얼굴은 어느병윈있지 야수 드라마에서하차안햐 너때문에보기정말짱남 안습",
    "rating": "1",
    "date": "13.05.21"
  },
  {
    "review_id": "7530540",
    "movie_id": "103607",
    "author": "lchp****",
    "review": "원래 아침드라마는 막장코드가 먹히니까 그건 그렇다 치더라도 이건 뭐,악역이 주인공을 죽이려한 이유도 도저히 공감이 안가고 주인공들의 모든 행동이 어이없고 짜증나기만 함.?긴장감도 전혀 없고 기대도 전혀 되지않는 드라마.",
    "rating": "1",
    "date": "13.05.16"
  },
  {
    "review_id": "7529822",
    "movie_id": "103607",
    "author": "ono4****",
    "review": "스릴",
    "rating": "10",
    "date": "13.05.15"
  },
  {
    "review_id": "7527728",
    "movie_id": "103607",
    "author": "nova****",
    "review": "제일 OO같은 건 정욱. 양 여자 왔다갔다하며 한다는 말이 \" 니가 정말 그랬니? \"  뭘그렇게 맨날 물어보고 다니는건지.. 안보다가 간만에 봤는데 아직도 양쪽으로 물어보고 다니더라~~ 아침드라마주인공들은 왜 죄다 멍청한걸까?",
    "rating": "1",
    "date": "13.05.14"
  },
  {
    "review_id": "7527616",
    "movie_id": "103607",
    "author": "cody****",
    "review": "이유리씨 연기잘한다고 생각했는데 ...스토리전개가 않좋아서인지 정말 집중이 않되네요. 웬만하면 드라마 한번보면 다음편 기다려지는데 전혀...빨리 끝내는게 좋을듯.",
    "rating": "1",
    "date": "13.05.14"
  },
  {
    "review_id": "7527396",
    "movie_id": "103607",
    "author": "puca****",
    "review": "작가의 상상력이란 참... 막장이라도 연기라도 잘하면 모르겠지만. 발대본, 발연기의 끝을 보여줌.",
    "rating": "1",
    "date": "13.05.14"
  },
  {
    "review_id": "7525858",
    "movie_id": "103607",
    "author": "tot7****",
    "review": "살인사건인데 경찰 매수.. 유괴사건인데 목격자들 죄다 매수 가능함. 매수천국 대한민국~",
    "rating": "1",
    "date": "13.05.13"
  },
  {
    "review_id": "7520127",
    "movie_id": "103607",
    "author": "ccjj****",
    "review": "민세현 정말 연기 못한다 완전발연기다내용은 재미있다  강정훈이 넘 답답하다완전 잘 속아 좀 짱난다",
    "rating": "10",
    "date": "13.05.11"
  },
  {
    "review_id": "7516760",
    "movie_id": "103607",
    "author": "jwki****",
    "review": "요즘은  불륜에  복수가 안들어가면  드라마가  아니죠?  이제는 안볼래요.....좀 짜증나네요...",
    "rating": "1",
    "date": "13.05.09"
  },
  {
    "review_id": "7515779",
    "movie_id": "103607",
    "author": "dazi****",
    "review": "어떻게이런드라마가 방송되는거지? 생각하게되는드라마",
    "rating": "1",
    "date": "13.05.08"
  },
  {
    "review_id": "7515570",
    "movie_id": "103607",
    "author": "onew****",
    "review": "맨날 당하고 속는 강정훈 부사장-아주 답답해용!",
    "rating": "5",
    "date": "13.05.08"
  },
  {
    "review_id": "7515392",
    "movie_id": "103607",
    "author": "mins****",
    "review": "정감가는  연기  항상잘보고있답니다",
    "rating": "10",
    "date": "13.05.08"
  },
  {
    "review_id": "7514240",
    "movie_id": "103607",
    "author": "mgka****",
    "review": "하루중 유일하게 드라마볼수있는 시간인데 이런 짜증나는 스토리만 계속되니 원...막장이라도 도가 지나치네요 요즘시대에 아이유괴에 약물범죄라니.. 공영방송이라면 작가 자질 고려해서 드라마 편성했음좋겠네요",
    "rating": "1",
    "date": "13.05.07"
  },
  {
    "review_id": "7513591",
    "movie_id": "103607",
    "author": "soww****",
    "review": "이 드라마 언제 끝나요?이건 아침부터 너무 불쾌한 완전 막장 드라마 인데 빨리 끝내고 아침에 기분좋게 하루를 시작할수 있는 드라마를 볼수있게 해주세요.",
    "rating": "1",
    "date": "13.05.07"
  },
  {
    "review_id": "7511593",
    "movie_id": "103607",
    "author": "chor****",
    "review": "스토릴꾸며도말같은 소릴해야지 시청자가유치원생들도아니고 딴놈이랑떡치고 임신해서 강정훈이얘로몰아부친다는게 요즘세상에말이되냐? 기억도없는데 자기얘라하면 바보아닌이상 나중에라도 유전자검사함딱걸릴텐데 납득할만한 스토리로 방송좀만들어라 제발 시청자들열받는다!!",
    "rating": "1",
    "date": "13.05.06"
  },
  {
    "review_id": "7511570",
    "movie_id": "103607",
    "author": "jky8****",
    "review": "일점도주기아까워요 무슨드라마를이렇게질질끄는지 시청자들화병만드려고만든드라마도아니고무슨 매일악역위주고 사랑도감동도감흥도없고 짜증나는드라마네요 아무리막장드라마라고하지만이건막장을떠나서진짜쓰레기네요진짜 짜증나서보기싫은데혹시나 오늘은다를까하고보면 또화병나네요",
    "rating": "1",
    "date": "13.05.06"
  },
  {
    "review_id": "7502938",
    "movie_id": "103607",
    "author": "cej7****",
    "review": "그만좀하시죠...어떻게 회를 더할수록 거꾸로 반복하시는지...사십평생살면서 방송국게시판에 글남기는거처음임...너무 짜증나서...",
    "rating": "1",
    "date": "13.05.03"
  },
  {
    "review_id": "7500572",
    "movie_id": "103607",
    "author": "jeon****",
    "review": "이드라마역시 말도안되는 저질드라마 보면서 자꾸 짜증나서 화나게까지만드는 드라마다 아침드라마마다 죄다 왜이러는지ㅉㅉ",
    "rating": "1",
    "date": "13.05.02"
  },
  {
    "review_id": "7500571",
    "movie_id": "103607",
    "author": "hyek****",
    "review": "54회 너무 저급한 삼류 아닌가요?술에 약을 넣어 하룻밤을 지내 다른 남자아이를 또 그 애로 만든다는 .이OO전 내용,  헐 입니다.최악입니다.  막장이 훨 좋겠네요.",
    "rating": "1",
    "date": "13.05.02"
  },
  {
    "review_id": "7492847",
    "movie_id": "103607",
    "author": "hjat****",
    "review": "재미있게 잘 보고 있는 시청자입니다.그런데 오늘 공기청정기씬은 클로즈업으로 청정기만 한참 잡고 삼성마크를 보여주는것이 드라마의 흐름을  흐트러트리는듯 하여 좋지 못하였습니다.",
    "rating": "5",
    "date": "13.04.29"
  },
  {
    "review_id": "7479887",
    "movie_id": "103607",
    "author": "kkh0****",
    "review": "작가제정신 입니까?  아이를 볼모로 저런짓까지 하는상황을 만들다뇨 이땅의 엄마들 분노하게  만들려고 작정했습니까?  사람으로 할수있는 적정선이란게 있어야지  미치지않고서야 어이없네",
    "rating": "1",
    "date": "13.04.25"
  },
  {
    "review_id": "7479641",
    "movie_id": "103607",
    "author": "kimc****",
    "review": "줄거리는 궁금한데 보면서 엄청 짜증남.  그래서  채널 돌림.",
    "rating": "2",
    "date": "13.04.25"
  },
  {
    "review_id": "7478370",
    "movie_id": "103607",
    "author": "jisu****",
    "review": "생긴것도 겁나 부자연스럽고 광대도이상해 악역도 나름이지 세연역활여자 얼굴마비같아 이유리도 말도못하고 OO같고",
    "rating": "1",
    "date": "13.04.24"
  },
  {
    "review_id": "7478122",
    "movie_id": "103607",
    "author": "qhre****",
    "review": "내일 예고보니 아이  사고나는것같던데 설마 또 죽는설정은 아니겠지...  이제 그만좀 복수해버림좋겠음",
    "rating": "3",
    "date": "13.04.24"
  },
  {
    "review_id": "7476369",
    "movie_id": "103607",
    "author": "khl8****",
    "review": "넘 짱난다.주인공너무착한캐릭.할말도못하고어찌저리살까?다른건몰라도애얘기나사고얘기는해야지어찌저리 애까지뺏기면서살아.너무현실성없는이야기로간다.아침부터악녀가넘부각되고너무벼랑으로간다.이드라마 막장아니라더니 막장으로가는느낌이다.은수 시어머님한테는말해라솔직히",
    "rating": "1",
    "date": "13.04.23"
  },
  {
    "review_id": "7464665",
    "movie_id": "103607",
    "author": "joo7****",
    "review": "이유리는 늘 맡은 배역이 비슷비슷하군요...착하고 눈물많고...또 목소리는 왜그리 힘없이연기하는지..좀 밝고 명랑한 역할좀 했으면 좋겠어요.......",
    "rating": "1",
    "date": "13.04.17"
  },
  {
    "review_id": "7463520",
    "movie_id": "103607",
    "author": "hyja****",
    "review": "재미있어요~~",
    "rating": "10",
    "date": "13.04.16"
  },
  {
    "review_id": "7461918",
    "movie_id": "103607",
    "author": "swee****",
    "review": "ㅋ",
    "rating": "10",
    "date": "13.04.15"
  }
]