[
  {
    "review_id": "9873064",
    "movie_id": "103653",
    "author": "mins****",
    "review": "평점이 너무 낮네요. 관계 속의 나를 돌아볼 수 있게 했던 영화입니다. 한 번 쯤 볼만해요.",
    "rating": "10",
    "date": "15.04.27"
  },
  {
    "review_id": "9843858",
    "movie_id": "103653",
    "author": "gazg****",
    "review": "언제 끝나나 시계보게 만드는 졸작. 공감 제로. 시간 개 낭비..",
    "rating": "1",
    "date": "15.04.13"
  },
  {
    "review_id": "9209343",
    "movie_id": "103653",
    "author": "easy****",
    "review": "결말이 거시기 한데 재밌었음",
    "rating": "7",
    "date": "14.09.13"
  },
  {
    "review_id": "9134018",
    "movie_id": "103653",
    "author": "leig****",
    "review": "저스틴 롱에다 에반 레이첼 우드를  통해 이것밖에 못 만드냐 ...저런 멋진 남녀를 데려다가 망작을 만들었네...",
    "rating": "3",
    "date": "14.08.26"
  },
  {
    "review_id": "8996482",
    "movie_id": "103653",
    "author": "na92****",
    "review": "충분히 사랑스럽고 아름답다",
    "rating": "10",
    "date": "14.07.31"
  },
  {
    "review_id": "8990811",
    "movie_id": "103653",
    "author": "dyh8****",
    "review": "약간의 뻔한 스토리지만  저스틴 롱만의 범생이 연기와 너무나도 사랑스러운 에반 레이첼 우드/ 말이 필요없다.",
    "rating": "10",
    "date": "14.07.31"
  },
  {
    "review_id": "8809498",
    "movie_id": "103653",
    "author": "bles****",
    "review": "치밀하고 싶었던 쑥맥의 연애담",
    "rating": "4",
    "date": "14.06.07"
  },
  {
    "review_id": "8784519",
    "movie_id": "103653",
    "author": "ejrr****",
    "review": "나도 이런 사랑하고 싶다",
    "rating": "10",
    "date": "14.06.01"
  },
  {
    "review_id": "8757490",
    "movie_id": "103653",
    "author": "b744****",
    "review": "저스틴 롱 좋아해서 보았는데 중간중간 등장하는 카메오 제외하고는 전혀 볼것없는 영화네요.",
    "rating": "6",
    "date": "14.05.23"
  }
]