[
  {
    "review_id": "10274499",
    "movie_id": "103660",
    "author": "jung****",
    "review": "인생 최고의 드라마 계속 보게 된다...",
    "rating": "10",
    "date": "15.08.25"
  },
  {
    "review_id": "10181181",
    "movie_id": "103660",
    "author": "nams****",
    "review": "정주행만 몇번을 하는건지 이건 크",
    "rating": "10",
    "date": "15.08.03"
  },
  {
    "review_id": "9997638",
    "movie_id": "103660",
    "author": "nc25****",
    "review": "지금도 다시 보고싶은, 그래서 다시 보고있는 드라마..",
    "rating": "10",
    "date": "15.06.13"
  },
  {
    "review_id": "9795334",
    "movie_id": "103660",
    "author": "ls62****",
    "review": "인생드라마... 피노키오도 잘봤고... 박혜련작가는 진짜 교훈도 주면서 스토리도 탄탄해서 보는 내내 기분이 좋다. 근데 ost좀 신경써줘요ㅠㅠ 특히 피노키오",
    "rating": "10",
    "date": "15.03.20"
  },
  {
    "review_id": "9792461",
    "movie_id": "103660",
    "author": "gumm****",
    "review": "주위에서 너목들 너목들할때 안보다가 뒷북치고는 완전 푹 빠져서 봤던..",
    "rating": "10",
    "date": "15.03.19"
  },
  {
    "review_id": "9755753",
    "movie_id": "103660",
    "author": "pihw****",
    "review": "시나리오가 최고였어요...굿",
    "rating": "8",
    "date": "15.03.04"
  },
  {
    "review_id": "9742326",
    "movie_id": "103660",
    "author": "jiwo****",
    "review": "인생 드라마라고 평을 내려줄만큼 어마무시한, 아니 어쩌면 이런 평도 아까운! 많은 스타들의 좋은 연기, 그리고 작가의 엄청난 창의성 천재성을 아낌없이 보여준 작품",
    "rating": "10",
    "date": "15.02.27"
  },
  {
    "review_id": "9730479",
    "movie_id": "103660",
    "author": "dusd****",
    "review": "진짜 캐릭터 다 매력있고 보는 내내 미소가 끊이지 않고 즐거웠습니다이보영 누나 짱 사랑스럽고 종석이형도 개멋지심 박수하 장혜성..두 캐릭터가 오랫동안 제 가슴속에 남을거 같네요",
    "rating": "10",
    "date": "15.02.23"
  },
  {
    "review_id": "9703247",
    "movie_id": "103660",
    "author": "tsp0****",
    "review": "진짜 재미있다. 나랑은 좀 안맞지만 뭐 이정도면..",
    "rating": "8",
    "date": "15.02.16"
  },
  {
    "review_id": "9628710",
    "movie_id": "103660",
    "author": "beav****",
    "review": "봐도봐도 질리지가 않아",
    "rating": "10",
    "date": "15.01.24"
  },
  {
    "review_id": "9527604",
    "movie_id": "103660",
    "author": "sss5****",
    "review": "정말 멋진 웰메이드 드라마",
    "rating": "10",
    "date": "14.12.28"
  },
  {
    "review_id": "9494292",
    "movie_id": "103660",
    "author": "ktkt****",
    "review": "이 드라마를 지금이라도 본게 다행이라고 생각합니다정말 재밌게 보고 있어요 작가 님 정말 대박입니다.",
    "rating": "10",
    "date": "14.12.20"
  },
  {
    "review_id": "9406497",
    "movie_id": "103660",
    "author": "gmlw****",
    "review": "진짜 한회 한회 안재밌는게 없다 진짜 대박대박대박 대박",
    "rating": "10",
    "date": "14.11.21"
  },
  {
    "review_id": "9375100",
    "movie_id": "103660",
    "author": "soul****",
    "review": "왜다들 10점씩주심? 100점도너무적은데;;",
    "rating": "10",
    "date": "14.11.12"
  },
  {
    "review_id": "9260109",
    "movie_id": "103660",
    "author": "hoon****",
    "review": "이종석만큼이나 이역에 어울리는 배우도 없엇고, 모든에 잘맞아 떨어진 드라마 .. 이드라마가 너무 치명적으로 괜찬앗기 때문에 딴드라마는 눈도 안간다",
    "rating": "10",
    "date": "14.10.03"
  },
  {
    "review_id": "9246437",
    "movie_id": "103660",
    "author": "reib****",
    "review": "정말 잘 만든 웰메이드 드라마~~~~ 각본도, 배우도, 연기도, 연출도 다 좋았음.",
    "rating": "10",
    "date": "14.09.28"
  },
  {
    "review_id": "9230910",
    "movie_id": "103660",
    "author": "ruxi****",
    "review": "여태 본 드라마중에 톱쓰리에 드는듯 ㅠㅠㅠ최고",
    "rating": "10",
    "date": "14.09.21"
  },
  {
    "review_id": "9228516",
    "movie_id": "103660",
    "author": "dids****",
    "review": "내 인생의 최고 드라마 !♥♥ 이종석 짱 ! 사랑합니다",
    "rating": "10",
    "date": "14.09.20"
  },
  {
    "review_id": "9217212",
    "movie_id": "103660",
    "author": "k_so****",
    "review": "수하야..수하야 종석아ㅠㅠㅠㅠ배우들 다들 짱이였고 스토리도 재밌었다 본방안봤으면 어쩔뻔 내 작년 여름을 이 드라마에 바쳤지",
    "rating": "10",
    "date": "14.09.15"
  },
  {
    "review_id": "9105218",
    "movie_id": "103660",
    "author": "appl****",
    "review": "아직까지도 내 생애 최고의 드라마.",
    "rating": "10",
    "date": "14.08.18"
  },
  {
    "review_id": "9078208",
    "movie_id": "103660",
    "author": "psh5****",
    "review": "내인생 최고의드라마..",
    "rating": "10",
    "date": "14.08.13"
  },
  {
    "review_id": "9047179",
    "movie_id": "103660",
    "author": "ltcu****",
    "review": "원래 8점 줄라다가 평점보고 7로 내림.. 꽤 재밌었다... 하지만 딱 그정도... 이정도 평점이면 명작급이란소리인데 절대 그정도는 아니고 그냥 볼만하다",
    "rating": "7",
    "date": "14.08.07"
  },
  {
    "review_id": "9046595",
    "movie_id": "103660",
    "author": "free****",
    "review": "몰입도 짱 보는내내 빠져들었네요",
    "rating": "10",
    "date": "14.08.07"
  },
  {
    "review_id": "8975885",
    "movie_id": "103660",
    "author": "wang****",
    "review": "지금까지 본 내 인생의 가장 재밌는 드라마",
    "rating": "10",
    "date": "14.07.28"
  },
  {
    "review_id": "8894527",
    "movie_id": "103660",
    "author": "sang****",
    "review": "2013년 최고의 드라마.",
    "rating": "10",
    "date": "14.07.07"
  },
  {
    "review_id": "8870461",
    "movie_id": "103660",
    "author": "imj0****",
    "review": "웰메이드 드라마 내인생 드라마 ㅠㅠ",
    "rating": "10",
    "date": "14.06.30"
  },
  {
    "review_id": "8846663",
    "movie_id": "103660",
    "author": "dmb0****",
    "review": "일년이지난 지금 다시생각나게하는 명작인 드라마",
    "rating": "10",
    "date": "14.06.22"
  },
  {
    "review_id": "8821824",
    "movie_id": "103660",
    "author": "rhdr****",
    "review": "10점이상이 없어서 화가난다",
    "rating": "10",
    "date": "14.06.11"
  },
  {
    "review_id": "8814259",
    "movie_id": "103660",
    "author": "opg7****",
    "review": "다시봐도 명작인 드라마",
    "rating": "10",
    "date": "14.06.08"
  },
  {
    "review_id": "8764460",
    "movie_id": "103660",
    "author": "amet****",
    "review": "말 안해도 왜 10점인지 다들 알겠짘ㅋㅋㅋㅋ",
    "rating": "10",
    "date": "14.05.25"
  },
  {
    "review_id": "8757376",
    "movie_id": "103660",
    "author": "near****",
    "review": "각본, 연출, 음악, 연기 뭐하나 부족한 게 없는 드라마",
    "rating": "10",
    "date": "14.05.23"
  },
  {
    "review_id": "8756964",
    "movie_id": "103660",
    "author": "juni****",
    "review": "너목들 진정한 명품드라마",
    "rating": "10",
    "date": "14.05.23"
  },
  {
    "review_id": "8756919",
    "movie_id": "103660",
    "author": "cham****",
    "review": "5번도 넘게 봤어요. 100점을 줘도 모자라는 최고의 드라마.. 이런 드라마 다신 없을 거에요. 짱변, 수하야 잘 살고 있니?ㅠ",
    "rating": "10",
    "date": "14.05.23"
  },
  {
    "review_id": "8756912",
    "movie_id": "103660",
    "author": "pjh2****",
    "review": "내 인생에 두번다시 안나올 드라마 인생의 교훈을 얻고갑니다 여운도 너무 오래 남네요",
    "rating": "10",
    "date": "14.05.23"
  },
  {
    "review_id": "8756832",
    "movie_id": "103660",
    "author": "jang****",
    "review": "여름하면 생각나는 드라마!! 여름이 돌아오니 디시 꺼내보고 싶네요. 정말 최고의 드라마였어요",
    "rating": "10",
    "date": "14.05.23"
  },
  {
    "review_id": "8750027",
    "movie_id": "103660",
    "author": "blue****",
    "review": "지금 3번째 다시 보고있습니다. 작가님 천재! 수하야ㅠㅠㅠ 수성커플 너무 좋아요ㅠㅠ",
    "rating": "10",
    "date": "14.05.20"
  },
  {
    "review_id": "8732382",
    "movie_id": "103660",
    "author": "dayu****",
    "review": "백점짜리드라마 !!!!",
    "rating": "10",
    "date": "14.05.15"
  },
  {
    "review_id": "8723668",
    "movie_id": "103660",
    "author": "alli****",
    "review": "10점으론 부족해요..정말 잘 봤습니다! 언제 또 이렇게 잘 만든 드라마를 볼 수 있을까요.. 수하♥혜성♥ 덕분에행복했습니다♥ 항상 기억에 남아있을거에요!",
    "rating": "10",
    "date": "14.05.11"
  },
  {
    "review_id": "8700281",
    "movie_id": "103660",
    "author": "dudw****",
    "review": "진짜 최고의 드라마..",
    "rating": "10",
    "date": "14.05.04"
  },
  {
    "review_id": "8677777",
    "movie_id": "103660",
    "author": "asqz****",
    "review": "너목들 정말최고의 드라마였고 초능력드라마라 뻔하게생각할수있는데그편견의 깼다 스토리가정말최고였다 아쉽웠던건 마지막이약간;;;했다는거 빼고는 정말최고의 드라마였다",
    "rating": "8",
    "date": "14.04.27"
  },
  {
    "review_id": "8642254",
    "movie_id": "103660",
    "author": "hjmo****",
    "review": "최고의 드라마..! 진짜 작가 천재인듯.",
    "rating": "10",
    "date": "14.04.11"
  },
  {
    "review_id": "8605580",
    "movie_id": "103660",
    "author": "han4****",
    "review": "작가가 천재라고 찬양을 하던데 솔직히 미드 영드에 비하면 천재까지는 아니고 이런 스토리 소재도 이미 90 년대 외화드라마에도 나온 이야기임",
    "rating": "8",
    "date": "14.03.25"
  },
  {
    "review_id": "8590474",
    "movie_id": "103660",
    "author": "thfk****",
    "review": "내 생애 최고의 드라마ㅠㅠ",
    "rating": "10",
    "date": "14.03.20"
  },
  {
    "review_id": "8569248",
    "movie_id": "103660",
    "author": "rkao****",
    "review": "신의선물보니까너목둘생각나네ㅠ3ㅠ이종석사랑햐햐햫8ㅎ",
    "rating": "10",
    "date": "14.03.11"
  },
  {
    "review_id": "8543808",
    "movie_id": "103660",
    "author": "an30****",
    "review": "너목들 여름마다 생각날듯",
    "rating": "10",
    "date": "14.02.27"
  },
  {
    "review_id": "8518030",
    "movie_id": "103660",
    "author": "wogh****",
    "review": "최근래에본 최고의작품 이보영하고 이종석 연기가 돋보이는 작품입니다. 추천 드립니다 안보신분들한테요.",
    "rating": "10",
    "date": "14.02.18"
  },
  {
    "review_id": "8513618",
    "movie_id": "103660",
    "author": "sksk****",
    "review": "이종석 귀요미ㅋㅋ 근데 결말로 갈수록 너무 달달해서 실망ㅋㅋ",
    "rating": "9",
    "date": "14.02.16"
  },
  {
    "review_id": "8490628",
    "movie_id": "103660",
    "author": "anny****",
    "review": "말이 필요없어요!!!ㅎㅎ",
    "rating": "10",
    "date": "14.02.09"
  },
  {
    "review_id": "8451990",
    "movie_id": "103660",
    "author": "lbj2****",
    "review": "걍 재밌으니까 보지 ....",
    "rating": "10",
    "date": "14.01.30"
  },
  {
    "review_id": "8417834",
    "movie_id": "103660",
    "author": "suns****",
    "review": "너목들은 단연코 제 인생 드라마.... 명드ㅠㅠ 여운이 가시지가 않네요.",
    "rating": "10",
    "date": "14.01.23"
  },
  {
    "review_id": "8415780",
    "movie_id": "103660",
    "author": "jhbr****",
    "review": "웰메이드 드라마. 아름다운 수하.",
    "rating": "10",
    "date": "14.01.23"
  },
  {
    "review_id": "8411664",
    "movie_id": "103660",
    "author": "yuj0****",
    "review": "아직도생각나는드라마..",
    "rating": "10",
    "date": "14.01.22"
  },
  {
    "review_id": "8409047",
    "movie_id": "103660",
    "author": "kris****",
    "review": "아직도 내게 최고의 드라마다..ost,나레이션,시나리오,배우들의 연기까지 최고다!명품드라마!!!",
    "rating": "10",
    "date": "14.01.22"
  },
  {
    "review_id": "8407364",
    "movie_id": "103660",
    "author": "jpan****",
    "review": "내인생최고의드라마였음",
    "rating": "10",
    "date": "14.01.21"
  },
  {
    "review_id": "8383506",
    "movie_id": "103660",
    "author": "high****",
    "review": "이보영 누님 대상 축하드리고 너목들 정말 최고였습니다 차기작에서도 좋은 모습 보여주세요~ 화이팅!",
    "rating": "10",
    "date": "14.01.15"
  },
  {
    "review_id": "8368688",
    "movie_id": "103660",
    "author": "alan****",
    "review": "김소현이 그랬지 정웅인과 찍는 재판씬때 연기가 필요없은 죽음의 공포를 느꼈다고... 나도 그걸 느꼈어 ㅋㅋㅋ",
    "rating": "10",
    "date": "14.01.11"
  },
  {
    "review_id": "8363898",
    "movie_id": "103660",
    "author": "wony****",
    "review": "이보영, 윤상현, 이종석, 정웅인.... 배우들 퀄리티부터가 A급인데 훌륭한 시나리오가 조합됬으니 실패할 수가 없지.",
    "rating": "9",
    "date": "14.01.09"
  },
  {
    "review_id": "8361427",
    "movie_id": "103660",
    "author": "chli****",
    "review": "진짜 너목들이 짱이에요 ♥사랑해요",
    "rating": "10",
    "date": "14.01.08"
  },
  {
    "review_id": "8348464",
    "movie_id": "103660",
    "author": "shik****",
    "review": "이 작품 작가님 진짜 대박ㄷㄷㄷ",
    "rating": "10",
    "date": "14.01.04"
  },
  {
    "review_id": "8330325",
    "movie_id": "103660",
    "author": "gpwj****",
    "review": "로맨스릴러의 정석bb",
    "rating": "10",
    "date": "13.12.31"
  },
  {
    "review_id": "8315780",
    "movie_id": "103660",
    "author": "real****",
    "review": "내용이 신선한게 재밌네요",
    "rating": "9",
    "date": "13.12.28"
  },
  {
    "review_id": "8314712",
    "movie_id": "103660",
    "author": "0617****",
    "review": "2013년 내게 최고의 드라마 !",
    "rating": "10",
    "date": "13.12.28"
  },
  {
    "review_id": "8194365",
    "movie_id": "103660",
    "author": "juri****",
    "review": "정말푹빠졌어요진짜캐릭터들이다잘어울리고요끝난지몇달씩이나지났는데아직도생생하고재밌고ost도노래가정엽:왜이제야왔니,에브리싱글데이:에코.돌고래 노래짱좋아요 ㅎㅎ !!♥^^",
    "rating": "10",
    "date": "13.12.06"
  },
  {
    "review_id": "8183530",
    "movie_id": "103660",
    "author": "puti****",
    "review": "시나리오, 연기, 연출, 음악 모두 최고입니다!!! 드라마의 격이 틀리네요.",
    "rating": "10",
    "date": "13.12.01"
  },
  {
    "review_id": "8182976",
    "movie_id": "103660",
    "author": "qodp****",
    "review": "절말... 연기부터 스토리라인까지 최고다. 특히 요새 드라마에서 깊게 다루지 않는 휴머니즘의 면모들을 인상깊게 보여준 것 같다. 여운이 긴 드라마였다.",
    "rating": "10",
    "date": "13.12.01"
  },
  {
    "review_id": "8173638",
    "movie_id": "103660",
    "author": "titi****",
    "review": "이종석 순수하고 풋풋! 이보영 츤데레로 매력 발산!",
    "rating": "7",
    "date": "13.11.28"
  },
  {
    "review_id": "8172496",
    "movie_id": "103660",
    "author": "0324****",
    "review": "별 열개면 됐지 무슨 평을 또 쓰라는거야!!",
    "rating": "10",
    "date": "13.11.28"
  },
  {
    "review_id": "8171639",
    "movie_id": "103660",
    "author": "your****",
    "review": "스릴넘치고 너무 재미있다 너목들 최고!!!",
    "rating": "10",
    "date": "13.11.27"
  },
  {
    "review_id": "8166867",
    "movie_id": "103660",
    "author": "ysy0****",
    "review": "이 드라마 정말 잊지 못할 것입니다 ㅠ 정말 너무너무  좋고요,  벌써 끝났다는게 정말 아쉬울 정도로 멋진 드라마 였습니다!! 이보영언니 사랑해요!!!!^^",
    "rating": "10",
    "date": "13.11.25"
  },
  {
    "review_id": "8158216",
    "movie_id": "103660",
    "author": "cowl****",
    "review": "다시 보고 싶은 느낌 좋은 드라마 :)",
    "rating": "10",
    "date": "13.11.21"
  },
  {
    "review_id": "8152791",
    "movie_id": "103660",
    "author": "ysh0****",
    "review": "아주 좋은 드라마였다 ~!재미있게보고있었습니다.차관 우 캐릭터가 좋았다 ~!괴로운 장면도 있었지만. . . .윤상현 배우 님의 새로운 모습이 었지요일본에서의 방송 기다리고 있습니다.즐거움 ~! ! !",
    "rating": "10",
    "date": "13.11.19"
  },
  {
    "review_id": "8152531",
    "movie_id": "103660",
    "author": "wsk6****",
    "review": "치밀한 스토리 매력적이고 마음에 남는 대사  정말 괜찮은 드라마!",
    "rating": "10",
    "date": "13.11.19"
  },
  {
    "review_id": "8147048",
    "movie_id": "103660",
    "author": "zzzo****",
    "review": "11편까지보다가도저히더못보겟다결말도안궁금하고 드라마에서도낚이네",
    "rating": "1",
    "date": "13.11.17"
  },
  {
    "review_id": "8130370",
    "movie_id": "103660",
    "author": "iamc****",
    "review": "시나리오가 탄탄하고 좋다기보단 몰입도가 있었네요",
    "rating": "8",
    "date": "13.11.10"
  },
  {
    "review_id": "8129569",
    "movie_id": "103660",
    "author": "jsun****",
    "review": "♥♥♥♥정말 재밌는듯><",
    "rating": "10",
    "date": "13.11.10"
  },
  {
    "review_id": "8128540",
    "movie_id": "103660",
    "author": "jieu****",
    "review": "항상한드라마에 꽃히면 그드라마밖에 안보는데 제작년이 응답하라 1997이었으면 올해에는 너목들같다.. 평소드라마안보던 오빠도 수목10시만되면 티비앞에앉아서 나랑 본방사수했던 기억이남.. 요즘은 비밀보는데 너목들이조금더 애정을갖고본것같다. 정말재밌었음",
    "rating": "10",
    "date": "13.11.09"
  },
  {
    "review_id": "8118838",
    "movie_id": "103660",
    "author": "jtyb****",
    "review": "30년 평생  유일하게 본방사수한 드라마",
    "rating": "10",
    "date": "13.11.06"
  },
  {
    "review_id": "8118417",
    "movie_id": "103660",
    "author": "1004****",
    "review": "너의 목소리가 들려 대박",
    "rating": "10",
    "date": "13.11.06"
  },
  {
    "review_id": "8113077",
    "movie_id": "103660",
    "author": "robe****",
    "review": "이 드라마 뭔가 짱짱맨인듯..",
    "rating": "10",
    "date": "13.11.03"
  },
  {
    "review_id": "8105635",
    "movie_id": "103660",
    "author": "cgw0****",
    "review": "이건 진짜 명작이다...",
    "rating": "10",
    "date": "13.10.31"
  },
  {
    "review_id": "8104005",
    "movie_id": "103660",
    "author": "yese****",
    "review": "최고의 드라마! 탄탄한 각본 주인공의 캐미 조연의 빛나는 연기",
    "rating": "10",
    "date": "13.10.31"
  },
  {
    "review_id": "8099290",
    "movie_id": "103660",
    "author": "tyza****",
    "review": "레알 스토리랑 OST가 개고퀄",
    "rating": "10",
    "date": "13.10.29"
  },
  {
    "review_id": "8097527",
    "movie_id": "103660",
    "author": "ausa****",
    "review": "말이 필요없음.. 짱!",
    "rating": "10",
    "date": "13.10.28"
  },
  {
    "review_id": "8093488",
    "movie_id": "103660",
    "author": "taxi****",
    "review": "보세요.그냥 다른 말이 필요 없습니다.",
    "rating": "10",
    "date": "13.10.27"
  },
  {
    "review_id": "8090922",
    "movie_id": "103660",
    "author": "dma9****",
    "review": "갈수록 힘이 떨어지는 전형적인 유행 드라마 ,. 연기는 좋지만 그게 전부",
    "rating": "6",
    "date": "13.10.26"
  },
  {
    "review_id": "8079009",
    "movie_id": "103660",
    "author": "pmj8****",
    "review": "진짜 올해 최고의 드라마예요!! 너무 재밌었음",
    "rating": "10",
    "date": "13.10.22"
  },
  {
    "review_id": "8078493",
    "movie_id": "103660",
    "author": "jtc7****",
    "review": "너무 재밋고 2편 나오면 더 재밋을 텐데ㅠㅠㅠ 10점이 아니라 만점 아니 무한점이예요!!!",
    "rating": "10",
    "date": "13.10.21"
  },
  {
    "review_id": "8075186",
    "movie_id": "103660",
    "author": "tkdg****",
    "review": "다시 봐도 꿀잼 와 진짜 짱먹으셈",
    "rating": "10",
    "date": "13.10.20"
  },
  {
    "review_id": "8071633",
    "movie_id": "103660",
    "author": "ahsh****",
    "review": "솔직하게 처음 청률 얼마 안나왔는데 흥행한거면 정말 대단한거 아닌가?배우 연기도 좋았고 작가의 필력도 좋아서 가능했다고 생각함",
    "rating": "10",
    "date": "13.10.19"
  },
  {
    "review_id": "8068568",
    "movie_id": "103660",
    "author": "skyl****",
    "review": "너무 비현실적이라 몰입감이 떨어지네요",
    "rating": "1",
    "date": "13.10.18"
  },
  {
    "review_id": "8045265",
    "movie_id": "103660",
    "author": "wm06****",
    "review": "최고다 정말... 감정이입도 잘되고 각본도 짱...하지만 내가 너무 부족(?)한건지 몰라도 이해하려면 다시 봐야될거같다...",
    "rating": "10",
    "date": "13.10.08"
  },
  {
    "review_id": "8043978",
    "movie_id": "103660",
    "author": "xoal****",
    "review": "대박이다. 우리나라 드라마 중 제일 잘 만든 드라마인듯",
    "rating": "10",
    "date": "13.10.08"
  },
  {
    "review_id": "8039681",
    "movie_id": "103660",
    "author": "gkat****",
    "review": "내인생 최고의 드라마 (싸인,아이리스,너목들,미안하다 사랑한다)",
    "rating": "10",
    "date": "13.10.06"
  },
  {
    "review_id": "8038257",
    "movie_id": "103660",
    "author": "dgh0****",
    "review": "굿!! 말이따로필요없음",
    "rating": "10",
    "date": "13.10.05"
  },
  {
    "review_id": "8035594",
    "movie_id": "103660",
    "author": "heeh****",
    "review": "최고에용다시보고싶어요슈",
    "rating": "10",
    "date": "13.10.04"
  },
  {
    "review_id": "8023448",
    "movie_id": "103660",
    "author": "heju****",
    "review": "말이없는최고의드라마",
    "rating": "10",
    "date": "13.09.30"
  },
  {
    "review_id": "8022379",
    "movie_id": "103660",
    "author": "jmhe****",
    "review": "한번 더봐도 재밌다. 작가가 정말 대단하다",
    "rating": "10",
    "date": "13.09.29"
  },
  {
    "review_id": "8022033",
    "movie_id": "103660",
    "author": "mimi****",
    "review": "10점만점에 10000만점을줘도 아깝지않을, 그런드라마다 너목들은.",
    "rating": "10",
    "date": "13.09.29"
  },
  {
    "review_id": "8021033",
    "movie_id": "103660",
    "author": "minj****",
    "review": "엄청나게 재미있었음.",
    "rating": "10",
    "date": "13.09.28"
  },
  {
    "review_id": "8020322",
    "movie_id": "103660",
    "author": "tkad****",
    "review": "정말 아직까지도 기억에 남는 드라마 였어요~~",
    "rating": "10",
    "date": "13.09.28"
  }
]