[
  {
    "review_id": "9853352",
    "movie_id": "103658",
    "author": "gemy****",
    "review": "런닝맨유재석 김종국 송지효 하하 개리 이광수 지석진재미있게 보고 있어요..",
    "rating": "10",
    "date": "15.04.19"
  },
  {
    "review_id": "9778023",
    "movie_id": "103658",
    "author": "phil****",
    "review": "옛날이 그립네 옛날이 그리워",
    "rating": "1",
    "date": "15.03.13"
  },
  {
    "review_id": "9690136",
    "movie_id": "103658",
    "author": "dbwj****",
    "review": "김종국 송지효 키스하면 좋겠다",
    "rating": "10",
    "date": "15.02.12"
  },
  {
    "review_id": "9616304",
    "movie_id": "103658",
    "author": "chan****",
    "review": "유재석 퀴즈화이팅!!",
    "rating": "10",
    "date": "15.01.20"
  },
  {
    "review_id": "9610100",
    "movie_id": "103658",
    "author": "2639****",
    "review": "짱그리고짱앤짱플러스짱",
    "rating": "10",
    "date": "15.01.18"
  },
  {
    "review_id": "9502254",
    "movie_id": "103658",
    "author": "se75****",
    "review": "런닝맨이 초심을 잃어가고있는듯해요.... 전엔 재미있었는데..",
    "rating": "7",
    "date": "14.12.22"
  },
  {
    "review_id": "9498898",
    "movie_id": "103658",
    "author": "yooj****",
    "review": "제발 이름표 뜯기 좀해주세요.ㅠㅡㅠ",
    "rating": "8",
    "date": "14.12.21"
  },
  {
    "review_id": "9498452",
    "movie_id": "103658",
    "author": "cpfl****",
    "review": "오늘껀 조금 덜 재밌엇어요근데  여기하루는안나올까요? 하루나오면 잼 있을꺼같은데",
    "rating": "7",
    "date": "14.12.21"
  },
  {
    "review_id": "9494898",
    "movie_id": "103658",
    "author": "tmdg****",
    "review": "1대개리 2대 능력특집개리우승 3대 환생편 하하우승 4대 송지효우승햇어요  전에 능력자특집다시햇을때 송지효분신능력햇던편 그게4대최강자전이에요",
    "rating": "10",
    "date": "14.12.21"
  },
  {
    "review_id": "9492806",
    "movie_id": "103658",
    "author": "cyj0****",
    "review": "런닝맨 초심을잃었네여",
    "rating": "1",
    "date": "14.12.20"
  },
  {
    "review_id": "9489685",
    "movie_id": "103658",
    "author": "cc88****",
    "review": "오랜만에 방울숨박꼭질했으면좋겠는데....그리고 4대최강자전왜안해요?PD님?",
    "rating": "6",
    "date": "14.12.19"
  },
  {
    "review_id": "9483056",
    "movie_id": "103658",
    "author": "chdm****",
    "review": "PD님 제4대최강자전 왜 안해요?",
    "rating": "9",
    "date": "14.12.17"
  },
  {
    "review_id": "9476701",
    "movie_id": "103658",
    "author": "gkst****",
    "review": "재미있어요 재밌는데. 런닝맨멤버들모자좀안쓰고방송하면안되나요????좀그럽니다",
    "rating": "7",
    "date": "14.12.15"
  },
  {
    "review_id": "9474365",
    "movie_id": "103658",
    "author": "jinh****",
    "review": "난 일박이일보다 훨씬 재미있느데요",
    "rating": "10",
    "date": "14.12.14"
  },
  {
    "review_id": "9473976",
    "movie_id": "103658",
    "author": "aunm****",
    "review": "마마무 초대바래요 마마무나옴 시청률고고",
    "rating": "9",
    "date": "14.12.14"
  },
  {
    "review_id": "9458766",
    "movie_id": "103658",
    "author": "huij****",
    "review": "월요커플/이광수 짱!!! 월요커플 정말 잘 어울린다~~~",
    "rating": "10",
    "date": "14.12.08"
  },
  {
    "review_id": "9456839",
    "movie_id": "103658",
    "author": "kdr4****",
    "review": "10대 그것도 어린애들이 보기엔 재미있을것 같지만 나이먹고 보면 유치하기도 하고 각 팀별 게임진행도 조작하면서 맞추는것도 다 티나고.. 리얼버라이어티가 아닌 거의 유일무이한 예능인데 솔직히 그저그럽니다.. x맨때처럼 하면 좋을텐데. 갈수록 뻔해지고",
    "rating": "5",
    "date": "14.12.07"
  },
  {
    "review_id": "9456273",
    "movie_id": "103658",
    "author": "4321****",
    "review": "요즘에♡월요커플♡달달한신이없어서조금재미없어짐상품이금일때송지효가활약하는신도많이없어짐ㅠㅠ",
    "rating": "9",
    "date": "14.12.07"
  },
  {
    "review_id": "9456023",
    "movie_id": "103658",
    "author": "kms1****",
    "review": "정말 재밌었는데 왜 요즘 이름표 뜯기나 방울 숨바꼭질 같은거 안함..그 힌트 찾아서 추리하는것도 재밌었는데.. 솔직히 요즘 가족들이랑 같이 못보겠음 창피해서..애들 프로그램도 아니고 ㅠㅠ",
    "rating": "10",
    "date": "14.12.07"
  },
  {
    "review_id": "9453628",
    "movie_id": "103658",
    "author": "abcs****",
    "review": "....런닝맨 제작진이 보진 않겠지만...런닝맨을 만들어준 방울레이스는 내다버린건가...?걷지말고 뛰어라 라는건 어디갔는지.. 요즘은 그냥작은 게임만해대고... 툭까놓고 요즘은 허접아이템에 게스트빨로 밀고가는듯...",
    "rating": "1",
    "date": "14.12.06"
  },
  {
    "review_id": "9452281",
    "movie_id": "103658",
    "author": "bsch****",
    "review": "요즘꺼보니까손발이없어질거같더라 예전처럼하면안되나",
    "rating": "1",
    "date": "14.12.06"
  },
  {
    "review_id": "9447457",
    "movie_id": "103658",
    "author": "1004****",
    "review": "런닝맨멤버들끼리 서로 이름표떼기안하나요?...",
    "rating": "6",
    "date": "14.12.04"
  },
  {
    "review_id": "9438056",
    "movie_id": "103658",
    "author": "cym0****",
    "review": "1회부터 본 의리로 보고있다. 월커비중도 없고 게스트홍보 프로그램이라고 이미지가 잡혔다. 재미가없다 완전 의리다. 월커특집을 기대하며 본지 몇년째인가...",
    "rating": "6",
    "date": "14.12.01"
  },
  {
    "review_id": "9436129",
    "movie_id": "103658",
    "author": "cbs0****",
    "review": "요새 재미가없어지는것같어요 시청률도만이떨어지고 그래도 전런닝맨 팬입니다",
    "rating": "3",
    "date": "14.11.30"
  },
  {
    "review_id": "9435983",
    "movie_id": "103658",
    "author": "tpdn****",
    "review": "런닝맨 짱짱짱!~ㅋㅋ",
    "rating": "10",
    "date": "14.11.30"
  },
  {
    "review_id": "9435981",
    "movie_id": "103658",
    "author": "fkrk****",
    "review": "현재진행형 레전드 프로그램",
    "rating": "10",
    "date": "14.11.30"
  },
  {
    "review_id": "9435976",
    "movie_id": "103658",
    "author": "dlat****",
    "review": "김종국건방떤다거하는애야 그게캐릭터라는거야 그렇게볼거면 보지마라 초딩아",
    "rating": "9",
    "date": "14.11.30"
  },
  {
    "review_id": "9435959",
    "movie_id": "103658",
    "author": "gmld****",
    "review": "유치하지만 유느님때문에 본다ㅎㅎㅎㅎ",
    "rating": "8",
    "date": "14.11.30"
  },
  {
    "review_id": "9435932",
    "movie_id": "103658",
    "author": "xodl****",
    "review": "다 좋은데 김종국은 항상 왜그럼?자기가 제일 잘하고 제일 나이 많은줄 아나 자기보다 나이 많은 분들에게 엄청 건방떰ㅡㅡ",
    "rating": "9",
    "date": "14.11.30"
  },
  {
    "review_id": "9434809",
    "movie_id": "103658",
    "author": "wjdd****",
    "review": "김종국 왜그래??맨날 지혼자 힘쌘척하고 자기가 무슨재일 나이가 많은것도 아니면서 맨날 맴버들 조금자기한테  잘못한거 있으면 잡아먹을듯이 하고 이광수도 이제 그만좀계롭히지ㄱㅈㄱ!!",
    "rating": "2",
    "date": "14.11.30"
  },
  {
    "review_id": "9418731",
    "movie_id": "103658",
    "author": "hasi****",
    "review": "유재석 완전 웃김. 이광수와 환상 콤비인 듯",
    "rating": "10",
    "date": "14.11.24"
  },
  {
    "review_id": "9417662",
    "movie_id": "103658",
    "author": "chen****",
    "review": "못봐줄 정도로 유치하더라",
    "rating": "1",
    "date": "14.11.24"
  },
  {
    "review_id": "9417518",
    "movie_id": "103658",
    "author": "nomn****",
    "review": "언제까지 송지효  밀어주기 할꺼냐 김종국이  우승못하고 지효가 우승하는게 말이되냐?",
    "rating": "1",
    "date": "14.11.24"
  },
  {
    "review_id": "9415459",
    "movie_id": "103658",
    "author": "oiok****",
    "review": "초등학교 전용 프로냐? 유치하다",
    "rating": "1",
    "date": "14.11.23"
  },
  {
    "review_id": "9415432",
    "movie_id": "103658",
    "author": "kmw4****",
    "review": "옛날에는 봐줄만했는데. 지금은 게스트나 쳐불라서 유치하게 딱지왕 왜계인 그딴거나 쳐하네 내가 유치해서 딴채널로 돌린다",
    "rating": "1",
    "date": "14.11.23"
  },
  {
    "review_id": "9415370",
    "movie_id": "103658",
    "author": "jane****",
    "review": "너무 재미있어요. 런닝맨 파이팅!!",
    "rating": "10",
    "date": "14.11.23"
  },
  {
    "review_id": "9415189",
    "movie_id": "103658",
    "author": "chld****",
    "review": "런닝맨은 제사랑입니다!!♡♡근데 ㅠㅠ 예전처럼 숨박꼭질좀 햇으면 ㅠㅠㅠ",
    "rating": "10",
    "date": "14.11.23"
  },
  {
    "review_id": "9405329",
    "movie_id": "103658",
    "author": "dhtj****",
    "review": "완전잼있어요진짜런닝맨광팬인데다시이름표뜯기했으면좋겠어요월효커플도다시했으면좋겠구요",
    "rating": "10",
    "date": "14.11.21"
  },
  {
    "review_id": "9392068",
    "movie_id": "103658",
    "author": "yehy****",
    "review": "재밌어요 이름표 때기 라든가 지압판이라든가 다재밌어요!",
    "rating": "10",
    "date": "14.11.16"
  },
  {
    "review_id": "9392006",
    "movie_id": "103658",
    "author": "rlat****",
    "review": "초심을 잃었다 해야할까 제목의 본심을 잃었다 해야할까 옛날같지 않구 이름표뜯기를 좀 해야지; 솔직히 뭐 이상하게 게스트 모셔와놓고 게임도 머 음식만들기 머 여러가지 이상하게 하네 이름표뜯기도 자주하다가 이제 아예안하니 그냥 채널을 돌림 여러가지 하자좀",
    "rating": "5",
    "date": "14.11.16"
  },
  {
    "review_id": "9373675",
    "movie_id": "103658",
    "author": "lebi****",
    "review": "런닝맨 짱 광팬이예요 유느님 반했어요 완전 광팬 이에요다시보고 싶어요 정말로 런닝맨 팬이예요 다시한번 보고싶어요ㅠㅠ  다시봐도 런닝맨 정말로 좋아요 유느님 광팬이예요 런닝맨맴버 중에서 유재석이 광팬이예요",
    "rating": "10",
    "date": "14.11.12"
  },
  {
    "review_id": "9373218",
    "movie_id": "103658",
    "author": "song****",
    "review": "조산하여아기를인큐베이터에두달가량입원시켰던엄마로써광수씨의아무렇지도않은인큐베이터얘기에아기얼굴을보면서미안한마음에잠을이루지못하겠네요..",
    "rating": "1",
    "date": "14.11.12"
  },
  {
    "review_id": "9346133",
    "movie_id": "103658",
    "author": "sjm3****",
    "review": "런닝맨 재미는 있는데..저 초기때했던 게스트찾기 이름표뜯기 방울달고뛰기같은거 다시 보구 싶어요♥♥",
    "rating": "9",
    "date": "14.11.06"
  },
  {
    "review_id": "9329886",
    "movie_id": "103658",
    "author": "kimy****",
    "review": "안녕하세요 ○○고등학교에뮤지컬부인○○○입니다요즘런닝맨을본방으로도보고재방으로봐요 런닝맨화이팅!!!",
    "rating": "10",
    "date": "14.10.30"
  },
  {
    "review_id": "9322281",
    "movie_id": "103658",
    "author": "happ****",
    "review": "요즘 그냥저냥 본방보고있긴한데 가끔은 이상한 컨셉으로 정말 유치해서 채널 돌리는 횟수가 늘어납니다. 여러가지 시도하는 모습은 보기 좋은데 점점 런닝맨 다운 재미가 없어지내요.어제도 시청하다 리모콘에 손이 갔습니다.ㅠ",
    "rating": "4",
    "date": "14.10.27"
  },
  {
    "review_id": "9319773",
    "movie_id": "103658",
    "author": "jsh1****",
    "review": "이름표 떼기를 하지 않으니 자연스레안보게 된다...",
    "rating": "8",
    "date": "14.10.26"
  },
  {
    "review_id": "9318155",
    "movie_id": "103658",
    "author": "nam0****",
    "review": "유재석짱!!!개리도....진짜설렘",
    "rating": "10",
    "date": "14.10.26"
  },
  {
    "review_id": "9305578",
    "movie_id": "103658",
    "author": "tbxl****",
    "review": "옛날엔 존1 나 재밌엇는데 요즘들어 존1 나 재미없어짐PD 재충전 필요할듯. . . .",
    "rating": "1",
    "date": "14.10.21"
  },
  {
    "review_id": "9305098",
    "movie_id": "103658",
    "author": "skad****",
    "review": "유재석이랑 김종국 경쟁?하는것도 재밌고 달달한 월요커플과 티격태격 유재석, 하하 그리고 배신자클럽ㅋㅋ 조금 아쉬운건.. 런닝맨 트레이드마크인 이름표뜯기가 요즘 안나오고있어요 두뇌싸움같은것도 좋지만 요즘엔 등에 달린 이름표가 그냥 장식품이 된것같아요..",
    "rating": "9",
    "date": "14.10.20"
  },
  {
    "review_id": "9280457",
    "movie_id": "103658",
    "author": "nabi****",
    "review": "예능프로 안 보는데 런닝맨은 봅니다. 런닝맨 장수프로되길 바랍니다. 런닝맨 작가님들 정말 대단한 듯요^^",
    "rating": "10",
    "date": "14.10.10"
  },
  {
    "review_id": "9267592",
    "movie_id": "103658",
    "author": "alic****",
    "review": "런닝맨을처음부터쭉봐온사람으로써재미가항상있진않았어도재미있을때도많았구요.런닝맨유치하고각본있을꺼같다며방송직접보시지도않으면서기사만보고욕은안하셨으면좋겠네요.팬으로써기분이안좋네요.아무튼런닝맨끝까지본방사수하겠습니다~런닝맨짱~",
    "rating": "10",
    "date": "14.10.05"
  },
  {
    "review_id": "9267329",
    "movie_id": "103658",
    "author": "chan****",
    "review": "요즘 런닝맨이 정말 재미가 없어지네요 그래도 예전에 꾸준히 봤던 프로인데 요즘은 바둑두기하고 딱지치기만 하니까 정말 재미가 없어지고있습니다 런닝맨ㅜㅜ 방울 숨바꼭질이 제일 재밌었는데 요즘 왜 안하나요? ㅜㅜ out소리가 그립습니다!ㅜ",
    "rating": "3",
    "date": "14.10.05"
  },
  {
    "review_id": "9267151",
    "movie_id": "103658",
    "author": "yje2****",
    "review": "월요커플  지효개리 화이팅",
    "rating": "10",
    "date": "14.10.05"
  },
  {
    "review_id": "9266520",
    "movie_id": "103658",
    "author": "ynu0****",
    "review": "런닝맨재밌고 게스트잘나오고역시프로그램런닝맨잘만들었어",
    "rating": "10",
    "date": "14.10.05"
  },
  {
    "review_id": "9261728",
    "movie_id": "103658",
    "author": "hong****",
    "review": "런닝맨 너무좋아요!  파이팅!!^^",
    "rating": "10",
    "date": "14.10.04"
  },
  {
    "review_id": "9260397",
    "movie_id": "103658",
    "author": "runn****",
    "review": "나는 57년인생동안 진짜이렇게 재미있는프로그램 없었다.최고다최고!야",
    "rating": "10",
    "date": "14.10.03"
  },
  {
    "review_id": "9255845",
    "movie_id": "103658",
    "author": "825k****",
    "review": "한번 김병만 나오면안돼나 김병만 이름표때기 스파이미션했으면 한다",
    "rating": "10",
    "date": "14.10.02"
  },
  {
    "review_id": "9252959",
    "movie_id": "103658",
    "author": "xzm6****",
    "review": "런닝맨 짱짱짱 사랑해요 특히 유재석 오빠..!사랑해용광수오빠두.!!!!개리오빠두,석진오빠두,종국오빠두,지효언니두요,하하오빠!사랑해요.",
    "rating": "10",
    "date": "14.10.01"
  },
  {
    "review_id": "9248043",
    "movie_id": "103658",
    "author": "ices****",
    "review": "런닝맨 레전드편들 보면 예능에서 정말 보기 힘든 사람이었거나 게스트없이 할때가 재미있었지 이건 뭐 출연진만 보고도 안보게 만드는 비호감 게스트들은 뭐냐 그리고 b급 연예인이 b나 c급 연예인 천대하는 행동 좀 하지마라 a급 연예인도 그러면 안된다",
    "rating": "1",
    "date": "14.09.29"
  },
  {
    "review_id": "9246957",
    "movie_id": "103658",
    "author": "ekzm****",
    "review": "요즘 너무 유치하고 재미없어 개극혐이에요. 런닝맨이면 뛰어야지 뭔 오디션을해요....연출이 너무 초심잃은듯",
    "rating": "1",
    "date": "14.09.28"
  },
  {
    "review_id": "9246304",
    "movie_id": "103658",
    "author": "yuri****",
    "review": "딱 반 드릴게요 게스트좀 작작쓰세요 피디님 이름표 뜯기좀 하면 안되나요? P.S.출연자님들께 유느님 광수따귀때리지마요  그러다 정말 내가 촬영지가서 유느님 따귀때리는수가 있어요미워하지말고 특히 김종국...(지켜보고 있어요...)석진아저씨도 좀 이뻐해요",
    "rating": "5",
    "date": "14.09.28"
  },
  {
    "review_id": "9242967",
    "movie_id": "103658",
    "author": "arct****",
    "review": "런닝맨 초심을 잃은듯 하네요런닝맨은 원래 이름표를 뜯는 게임인데기초를 너무 벗어났네요연애인도 1명2명 정도만 있어도 충분할텐데요",
    "rating": "2",
    "date": "14.09.26"
  },
  {
    "review_id": "9235882",
    "movie_id": "103658",
    "author": "fkdd****",
    "review": "런닝맨 완전 광 팬이거든요!! 근데 월요커플 완전 귀여워요~",
    "rating": "10",
    "date": "14.09.23"
  },
  {
    "review_id": "9233289",
    "movie_id": "103658",
    "author": "ji_y****",
    "review": "재밌게 보고 있어요!!월요커플 짱!!",
    "rating": "10",
    "date": "14.09.21"
  },
  {
    "review_id": "9232310",
    "movie_id": "103658",
    "author": "lixu****",
    "review": "오늘 드디어악녀특집을 본소감 너무너무너무너무 재밌었구요 눈물이나도록 웃었어요.",
    "rating": "10",
    "date": "14.09.21"
  },
  {
    "review_id": "9227995",
    "movie_id": "103658",
    "author": "danb****",
    "review": "와!정말재미있습니다!",
    "rating": "10",
    "date": "14.09.20"
  },
  {
    "review_id": "9217508",
    "movie_id": "103658",
    "author": "chap****",
    "review": "옛날에런닝맨게스트한명나오고할때가제일좋았는데 요즘은게스트아이돌만진짜많이나오고 진심겁나재미없음 예전에 런닝맨이랑게스트한명두명나오고런닝맨끼리아름표뜯기하고초능력자전이런거할때가제일재밌엇음",
    "rating": "1",
    "date": "14.09.15"
  },
  {
    "review_id": "9216054",
    "movie_id": "103658",
    "author": "hong****",
    "review": "런닝맨아주잼잇어요!9월14일결방이라좀아쉬웟는데그래도조아용맨날맨날챙겨볼께용ㅎ광수알랍",
    "rating": "10",
    "date": "14.09.15"
  },
  {
    "review_id": "9215811",
    "movie_id": "103658",
    "author": "amk7****",
    "review": "런닝맨 꾸준히 잘챙겨보고있어요!! 너무재밌어요!!",
    "rating": "10",
    "date": "14.09.14"
  },
  {
    "review_id": "9214887",
    "movie_id": "103658",
    "author": "dsa1****",
    "review": "제발부탁인데 게스트 좀 작작 써요 솔직히 게스트 나올때 진심 재미없음 그리고 이름표 때기 좀 히면좋겟어요",
    "rating": "2",
    "date": "14.09.14"
  },
  {
    "review_id": "9197631",
    "movie_id": "103658",
    "author": "kimy****",
    "review": "런닝맨자주보는데정말재밋어요",
    "rating": "10",
    "date": "14.09.10"
  },
  {
    "review_id": "9191079",
    "movie_id": "103658",
    "author": "craz****",
    "review": "축구좀안했으면좋겠다  괜히 이상한거시키지마라옛날그냥 이름표때기가더좋다",
    "rating": "1",
    "date": "14.09.09"
  },
  {
    "review_id": "9184326",
    "movie_id": "103658",
    "author": "an53****",
    "review": "제발이름표때기좀메인으로하라고!!!",
    "rating": "5",
    "date": "14.09.08"
  },
  {
    "review_id": "9180509",
    "movie_id": "103658",
    "author": "ubha****",
    "review": "항상 챙겨봐요! 런닝맨 짱!!! 롱런!!!",
    "rating": "10",
    "date": "14.09.07"
  },
  {
    "review_id": "9179974",
    "movie_id": "103658",
    "author": "jau1****",
    "review": "솔직히 요즘 재미없음. 옛날꺼가 훨씬 재밌다.",
    "rating": "2",
    "date": "14.09.07"
  },
  {
    "review_id": "9174911",
    "movie_id": "103658",
    "author": "juye****",
    "review": "런닝맨 짱!~~이 재미로 일요일을 기다려요 ㅎㅎ",
    "rating": "10",
    "date": "14.09.06"
  },
  {
    "review_id": "9151077",
    "movie_id": "103658",
    "author": "eldk****",
    "review": "진짜요즘런닝맨 개재미없네요 쓸떼없이 게스트 쳐부르지말고 그냥 멤버끼리만하면안됨?? 무한도전처럼 자꾸 이상한게스트와서 다른지역가서 이상한거좀 하지말지 걍 멤버들만 있어도 충분히 재밌는데",
    "rating": "4",
    "date": "14.08.31"
  },
  {
    "review_id": "9140322",
    "movie_id": "103658",
    "author": "dmst****",
    "review": "제가원래런닝맨을좋아해서계속본방사수하는데요요즘너무게스트빨이라서재미가없어요오히려옛날런닝맨이그립고요그냥런닝맨멤버끼리들만햇으면좋겟어요그래도개리오빠랑지효언니때매별3개드릴께요",
    "rating": "6",
    "date": "14.08.28"
  },
  {
    "review_id": "9134476",
    "movie_id": "103658",
    "author": "ske4****",
    "review": "아픈 공익들  뛰어다니는거 보면 후덜덜하다!",
    "rating": "1",
    "date": "14.08.26"
  },
  {
    "review_id": "9133604",
    "movie_id": "103658",
    "author": "dhdm****",
    "review": "맨날 본방사수하고있어요 ㅎㄹ 개뤼오빠 엄청멋잇구 역시 에이스 지효언니 런닝맨진짜 너무재미있어요 런닝맨 화이팅!!",
    "rating": "10",
    "date": "14.08.25"
  },
  {
    "review_id": "9129894",
    "movie_id": "103658",
    "author": "1kbs****",
    "review": "솔직히 런닝맨 멤버들끼리 팀워크도 잘 맞고 재미도 있는데 처음의 의도를 잃은 느낌...? 너무 게스트 위주로 가는 것 같고. 가끔은 초창기 때가 그립기도 해요. 그래도 너무 재밌어요!",
    "rating": "8",
    "date": "14.08.24"
  },
  {
    "review_id": "9129874",
    "movie_id": "103658",
    "author": "gold****",
    "review": "재밌긴헌데.... 이제 이름표 때기좀 해요 ㅠㅠ 이름표때기 너무 보고싶어요ㅠㅠ",
    "rating": "8",
    "date": "14.08.24"
  },
  {
    "review_id": "9129814",
    "movie_id": "103658",
    "author": "wera****",
    "review": "이특집 누가 기획했나요?  개노잼 ㅋㅋ진짜노잼",
    "rating": "1",
    "date": "14.08.24"
  },
  {
    "review_id": "9126784",
    "movie_id": "103658",
    "author": "doo5****",
    "review": "런닝맨이면 제목답게 레이스를하라고 진짜!!ㅠㅠ 딱지치기 바둑두기 커플찾기 이제슬슬 한계가 오는구만 런닝맨이면 좀 이름표떼기하라고 제발ㅠㅠ",
    "rating": "1",
    "date": "14.08.23"
  },
  {
    "review_id": "9109413",
    "movie_id": "103658",
    "author": "fbi1****",
    "review": "잼있게 잘보고 있습니다5년 아니 앞으로 쭉 무한도전처럼 장수 해주세요",
    "rating": "10",
    "date": "14.08.19"
  },
  {
    "review_id": "9108711",
    "movie_id": "103658",
    "author": "hari****",
    "review": "레이스를 하라고요ㅜㅜ",
    "rating": "7",
    "date": "14.08.18"
  },
  {
    "review_id": "9108234",
    "movie_id": "103658",
    "author": "lisa****",
    "review": "평점 내가좋아하는런닝맨 다시 초심으로돌아가 방울달고수비해여!!그게훨씬잼나여ㅠㅠ 1위였던일욜예능이 꼴찌가뭐예요ㅠㅠ속상하게 방울달고 잡고숨고 해줘요제발",
    "rating": "5",
    "date": "14.08.18"
  },
  {
    "review_id": "9103208",
    "movie_id": "103658",
    "author": "oh95****",
    "review": "런닝맨도 이제 인기가 많이 사그라 들었나봐",
    "rating": "5",
    "date": "14.08.17"
  },
  {
    "review_id": "9103178",
    "movie_id": "103658",
    "author": "tkdd****",
    "review": "솔직히 식상하고 요새 게스트빨로 할려고하는데 뜨거운 물 붓기일뿐더러 유치하다.. 대프로젝트가 개발돼야되 대책이 필요함 진짜",
    "rating": "3",
    "date": "14.08.17"
  },
  {
    "review_id": "9103117",
    "movie_id": "103658",
    "author": "jun2****",
    "review": "삼각미스터리편 세훈이가 말하는장면이 없네요;;그리고 재미를 위함이라해도  어린아이들도 많이보는데 사기나 배신하는 그런장면은 좀 자제해주셨으면...",
    "rating": "1",
    "date": "14.08.17"
  },
  {
    "review_id": "9102887",
    "movie_id": "103658",
    "author": "gmla****",
    "review": "월요커플 짱짱!! 덕분에 아주 재미있게 보고 있습니당!!",
    "rating": "10",
    "date": "14.08.17"
  },
  {
    "review_id": "9101751",
    "movie_id": "103658",
    "author": "kkkk****",
    "review": "왜 0점은 없는가 왜 마이너스점은 없는가",
    "rating": "1",
    "date": "14.08.17"
  },
  {
    "review_id": "9093241",
    "movie_id": "103658",
    "author": "kiss****",
    "review": "남의것 뺏는건 좀 보는사람으로 인해 짜증나게 만드네요!!! 그럼 누가 열심히 미션에 임하겠어요!!!! 다 남의것 뺏죠!!!! 아이들이 뭘 배우겠습나까!!!!",
    "rating": "1",
    "date": "14.08.16"
  },
  {
    "review_id": "9086561",
    "movie_id": "103658",
    "author": "skrk****",
    "review": "pwh9님아1000회가기전에이상태라면300회도못가서폐지됨...",
    "rating": "1",
    "date": "14.08.15"
  },
  {
    "review_id": "9080872",
    "movie_id": "103658",
    "author": "jsmm****",
    "review": "재미있긴 하나 요즘 좀 실망스럽네요 수지 단독 게스트는 오버라고 봅니다 게스트분들도 나온 분들만 나오고 거의 아이돌들.. 그리고 게스트가 너무 많은 분들이 나오는 것 같네요 최근 방송에서 기분 나쁜 장면이 있었는데 예능일지라도 선은 지켰으면 하네요",
    "rating": "6",
    "date": "14.08.13"
  },
  {
    "review_id": "9077186",
    "movie_id": "103658",
    "author": "kgsy****",
    "review": "광수한테 유재석이나 하하가 장난이라도 계속 뺨때리는 장면 보기불편했습니다.",
    "rating": "1",
    "date": "14.08.13"
  },
  {
    "review_id": "9069243",
    "movie_id": "103658",
    "author": "wlan****",
    "review": "수지가 예쁜건 알겠는데 좀 많이 나온거 같아서... 당분간 좀 다른 사람들 나와줬으면 좋겠어요....그리고 런닝맨 볼때마다 생각한건데 광수 너무 불쌍해요ㅜㅜ 그리고 게스트 보다 기본 멤버가 더 재밌어요",
    "rating": "2",
    "date": "14.08.11"
  },
  {
    "review_id": "9067400",
    "movie_id": "103658",
    "author": "jtom****",
    "review": "다양한게스트부탁드려요~수지넘자주나와서보기싫네요 가족들이보는시간대인데 넘 아이돌위주아닌가여...이제좀식상해지려하네요 새로운사람들이보고싶네요",
    "rating": "1",
    "date": "14.08.11"
  },
  {
    "review_id": "9065661",
    "movie_id": "103658",
    "author": "wldo****",
    "review": "진짜뺨을 때리거나 하지는 않겠지만광수불쌍하다재미라고 하는거 같은데 재미하나도 없고 점점더 보기싫어지네요",
    "rating": "1",
    "date": "14.08.11"
  },
  {
    "review_id": "9064334",
    "movie_id": "103658",
    "author": "lsw5****",
    "review": "오늘 유재석씨가 이광수씨 따귀 때리는 장면이 여러번 나오는데 그 정도가 너무 심합니다  아무리 예능이라지만 보기에 심히 불쾌합니다 처음엔 설정상 그럴수 있다고 생각했는데 계속 그러니 나중엔 제가 다 불쾌하고 민망해지더군요 나중엔 화까지 나더군요",
    "rating": "1",
    "date": "14.08.10"
  }
]