[
  {
    "review_id": "10192782",
    "movie_id": "103680",
    "author": "ians****",
    "review": "디비디로 살만큼 재밌었음!!",
    "rating": "10",
    "date": "15.08.06"
  },
  {
    "review_id": "9244642",
    "movie_id": "103680",
    "author": "wkdt****",
    "review": "다음 여행은 다같이 갔으면ㅎ",
    "rating": "10",
    "date": "14.09.27"
  },
  {
    "review_id": "8535091",
    "movie_id": "103680",
    "author": "kim9****",
    "review": "재밌게 봤으니까 이번에 나온 디뷔디도 잘 봐야겟당",
    "rating": "10",
    "date": "14.02.24"
  }
]