[
  {
    "review_id": "10264430",
    "movie_id": "103685",
    "author": "0411****",
    "review": "뭐지...살짝 긴장감 있지만 별로였다..그냥 마지막이 급조된 느낌",
    "rating": "6",
    "date": "15.08.22"
  },
  {
    "review_id": "10233463",
    "movie_id": "103685",
    "author": "ach8****",
    "review": "영화는 너무 급한 반전과 결말을 맞았지만, 긴장감은 극 전체에 걸쳐 유지되었다. 여러 스토리를 예측했지만, 거의 맞을 듯하면서도 결국엔, 다른 결말을 - 그러나 충분히 가능했던 - 보여 주었다.",
    "rating": "10",
    "date": "15.08.15"
  },
  {
    "review_id": "10217972",
    "movie_id": "103685",
    "author": "ehwj****",
    "review": "아쉬운 부분은 좀 있지만 생각보다 몰입하면서 봤다. 적당한 긴장감도 좋았다",
    "rating": "7",
    "date": "15.08.11"
  },
  {
    "review_id": "10193449",
    "movie_id": "103685",
    "author": "hear****",
    "review": "그냥 저냥 볼만하네요..",
    "rating": "6",
    "date": "15.08.06"
  },
  {
    "review_id": "10188463",
    "movie_id": "103685",
    "author": "pepe****",
    "review": "영화를 보니까 소설을 보고싶다 소설이면 더 재미있었겠는데 ㅋㅋ",
    "rating": "9",
    "date": "15.08.05"
  },
  {
    "review_id": "10154785",
    "movie_id": "103685",
    "author": "jiye****",
    "review": "기숙사 도서관에서 애나가 받은 쪽지를 유의해서 보면 모든 사건이 다 이해가 되구요, 오히려 영화 뒷부분 존에 대한 게 반전이네요~^^",
    "rating": "6",
    "date": "15.07.28"
  },
  {
    "review_id": "10115371",
    "movie_id": "103685",
    "author": "tian****",
    "review": "엄청지루....그냥 그저 그렇게 흘러가다 끝나네요",
    "rating": "1",
    "date": "15.07.18"
  },
  {
    "review_id": "10107467",
    "movie_id": "103685",
    "author": "chos****",
    "review": "몰입이 잘안되네요 지루하고",
    "rating": "6",
    "date": "15.07.15"
  },
  {
    "review_id": "10088897",
    "movie_id": "103685",
    "author": "kime****",
    "review": "자막삐꾸라서 못보다가 이제봤는데 완전 혼란스럽다가 마지막 저런 빗취ㅎㅎㅎ",
    "rating": "7",
    "date": "15.07.10"
  },
  {
    "review_id": "10088845",
    "movie_id": "103685",
    "author": "expr****",
    "review": "초반 전개는 좋았으나,,,무의식 수사관 테마도 이젠 식상",
    "rating": "2",
    "date": "15.07.10"
  },
  {
    "review_id": "10068189",
    "movie_id": "103685",
    "author": "bon_****",
    "review": "결말이..영..그렇네요",
    "rating": "1",
    "date": "15.07.04"
  },
  {
    "review_id": "10022997",
    "movie_id": "103685",
    "author": "do11****",
    "review": "갑자기 급마무리...좀아쉬운 영화네요",
    "rating": "6",
    "date": "15.06.22"
  },
  {
    "review_id": "9991237",
    "movie_id": "103685",
    "author": "wlfa****",
    "review": "소제가 아무리 좋아도 결말을 이렇게 얼버무리면 다 소용이 없다. 영화보다 타이사 파미가의 매력과 베라 파미가의 동생이라는점이 더 놀라웠다.",
    "rating": "5",
    "date": "15.06.11"
  },
  {
    "review_id": "9945654",
    "movie_id": "103685",
    "author": "hhyy****",
    "review": "긴장감과 와우.. 너무 흥미로웠어",
    "rating": "10",
    "date": "15.05.24"
  },
  {
    "review_id": "9944417",
    "movie_id": "103685",
    "author": "dlat****",
    "review": "이것저것 베낀스토리에 쓰다만 결말. 너무짜증스러움",
    "rating": "3",
    "date": "15.05.24"
  },
  {
    "review_id": "9943550",
    "movie_id": "103685",
    "author": "rlat****",
    "review": "결말이 별로다가 아니라 서사자체가 똥망하고만 영화임 ㅜ ㅜ너무 이것저것 펼쳐 놓다가 이도저도 아니게 되어버린 영화 ㅜ ㅜ매우 많이 아쉬움",
    "rating": "1",
    "date": "15.05.24"
  },
  {
    "review_id": "9892111",
    "movie_id": "103685",
    "author": "limi****",
    "review": "영화가 이해하기가 좀 어렵네요.",
    "rating": "7",
    "date": "15.05.04"
  },
  {
    "review_id": "9866597",
    "movie_id": "103685",
    "author": "domi****",
    "review": "한 번 보는걸로는 완벽히 이해하기 힘든영화.두번 보고 세번 봐야 숨겨진 의미가 보임.킬링타임용으로만 여기기엔 아까운영화",
    "rating": "9",
    "date": "15.04.25"
  },
  {
    "review_id": "9844563",
    "movie_id": "103685",
    "author": "syy2****",
    "review": "좋게 봐주기엔 허술한 부분이 좀 띄어서..",
    "rating": "7",
    "date": "15.04.13"
  },
  {
    "review_id": "9813276",
    "movie_id": "103685",
    "author": "dpfl****",
    "review": "시작도 좋고 전개도 나쁘지않다 허나 너무 벌려놓은걸 빠르게 마무리 지을려하는 결말이 아쉬움",
    "rating": "7",
    "date": "15.03.29"
  },
  {
    "review_id": "9807694",
    "movie_id": "103685",
    "author": "adiv****",
    "review": "잘나가다가 기대를 저버리냐..",
    "rating": "6",
    "date": "15.03.26"
  },
  {
    "review_id": "9798466",
    "movie_id": "103685",
    "author": "aimk****",
    "review": "떡밥 회수가 안되고 급하게 결론난 느낌...기대이하네요.",
    "rating": "6",
    "date": "15.03.22"
  },
  {
    "review_id": "9794453",
    "movie_id": "103685",
    "author": "kimj****",
    "review": "재미있게 잘 나가다가 결말이 너무 무책임하다.. '사실 이건 이런거였어 짠 놀랐지?' 무책임해...",
    "rating": "6",
    "date": "15.03.20"
  },
  {
    "review_id": "9769839",
    "movie_id": "103685",
    "author": "hell****",
    "review": "새로운 소재. 희미한 암시들에 점점 기대감은 높아가지만 결말은 시원하지만은 않고",
    "rating": "7",
    "date": "15.03.09"
  },
  {
    "review_id": "9767891",
    "movie_id": "103685",
    "author": "umea****",
    "review": "재미난 소재와 탄탄한 스토리?ㅋ",
    "rating": "8",
    "date": "15.03.09"
  },
  {
    "review_id": "9763285",
    "movie_id": "103685",
    "author": "jeew****",
    "review": "결말이 쪼끔 아쉬웠이요",
    "rating": "8",
    "date": "15.03.07"
  },
  {
    "review_id": "9746535",
    "movie_id": "103685",
    "author": "gree****",
    "review": "기대안하고 보면 감동의 여운이~ 뭐랄까 약간의 반전이 있는게 매력",
    "rating": "7",
    "date": "15.02.28"
  },
  {
    "review_id": "9744572",
    "movie_id": "103685",
    "author": "gsm0****",
    "review": "당신의 기억은 진실이 아닐 수 있다.",
    "rating": "7",
    "date": "15.02.27"
  },
  {
    "review_id": "9731696",
    "movie_id": "103685",
    "author": "pin_****",
    "review": "벌려놓은건 많은데 수습이 안되네;; 엉성한 짜임새에 산만함만 잔뜩.  소재와 설정이 아깝다 아까워. 그나마 안나 비쥬얼로 버텼다. 기집애 디게 이쁘네",
    "rating": "7",
    "date": "15.02.23"
  },
  {
    "review_id": "9686386",
    "movie_id": "103685",
    "author": "jiwo****",
    "review": "생각보다 재밌는 영화. 여주인공이 매력적이에요~",
    "rating": "9",
    "date": "15.02.11"
  },
  {
    "review_id": "9682886",
    "movie_id": "103685",
    "author": "tmdw****",
    "review": "재밌게봤는데 평점이 낮네 네이버평점 믿을게못되는듯하다ㅋㅋ",
    "rating": "10",
    "date": "15.02.09"
  },
  {
    "review_id": "9670275",
    "movie_id": "103685",
    "author": "yshu****",
    "review": "깊은 내용을 담고 있는 영화",
    "rating": "7",
    "date": "15.02.05"
  },
  {
    "review_id": "9668995",
    "movie_id": "103685",
    "author": "pk16****",
    "review": "그럴듯한 시작, 아쉬운 마무리",
    "rating": "6",
    "date": "15.02.05"
  },
  {
    "review_id": "9664797",
    "movie_id": "103685",
    "author": "oojj****",
    "review": "독특하고 신선한 소재로 은근히 시간 가는 줄 모르게 영화를 봤다. 뜻밖에 반전도 있고.. 마무리가 이상하지만. 소재의 특이성만으로 만족.",
    "rating": "8",
    "date": "15.02.03"
  },
  {
    "review_id": "9661275",
    "movie_id": "103685",
    "author": "ajtw****",
    "review": "마인드스케이프라는 제목이 맥거핀인 작품.",
    "rating": "6",
    "date": "15.02.02"
  },
  {
    "review_id": "9659875",
    "movie_id": "103685",
    "author": "dksg****",
    "review": "ㄵ 5점대asfgsdlgkbjsjvb",
    "rating": "1",
    "date": "15.02.02"
  },
  {
    "review_id": "9658255",
    "movie_id": "103685",
    "author": "pwoo****",
    "review": "딱여기까지...였던",
    "rating": "5",
    "date": "15.02.01"
  },
  {
    "review_id": "9652548",
    "movie_id": "103685",
    "author": "june****",
    "review": "의외의  재미가 솔솔햇어요.",
    "rating": "7",
    "date": "15.01.30"
  },
  {
    "review_id": "9651598",
    "movie_id": "103685",
    "author": "cs79****",
    "review": "타이사 파마가도 괜찮지만 아직 시얼샤 로넌에는 못미치는군...로넌이 나왔으면 더어울렸을텐데 뭐...영화 자체가 별로라...빈깡통이 요란하다 고나할까",
    "rating": "10",
    "date": "15.01.30"
  },
  {
    "review_id": "9650813",
    "movie_id": "103685",
    "author": "side****",
    "review": "이런 소재가 너무 많아서.. 소재하나만으로 끌고가기엔 몰입도가 약하다",
    "rating": "8",
    "date": "15.01.30"
  },
  {
    "review_id": "9648831",
    "movie_id": "103685",
    "author": "ttji****",
    "review": "긴장감도있고재밌었다",
    "rating": "8",
    "date": "15.01.29"
  },
  {
    "review_id": "9644425",
    "movie_id": "103685",
    "author": "ezra****",
    "review": "소재발상이나 접근법은 좋앗는데 후반으로 갈수록 이야기가 좀 빠지는  느낌.",
    "rating": "6",
    "date": "15.01.28"
  },
  {
    "review_id": "9625524",
    "movie_id": "103685",
    "author": "meta****",
    "review": "뭔가 한방은 있겠지 싶었지만.. 그냥  예상의 틀을 벗어나지를 못하는 영화. 매혹적인 소재에 비해 뼈대가 너무 빈약하고 너무 뻔하다.",
    "rating": "5",
    "date": "15.01.23"
  },
  {
    "review_id": "9609385",
    "movie_id": "103685",
    "author": "ekfz****",
    "review": "(H) 기대되는 소재라 보고싶었던 영화였는데. 긴장감이나 스토리가 아쉬운 영화. 전체 줄거리가 복잡하지 않게 요약할 수 있다는 점은 (남한테 설명하기는 ) 좋네ㅋ 기대에 못미쳤으나, 독특한 소재라 7점",
    "rating": "7",
    "date": "15.01.18"
  },
  {
    "review_id": "9604505",
    "movie_id": "103685",
    "author": "sckc****",
    "review": "생각보다 재미 없었고 별로 였다",
    "rating": "1",
    "date": "15.01.17"
  },
  {
    "review_id": "9590220",
    "movie_id": "103685",
    "author": "dlat****",
    "review": "뭐 엄청난 반전이 있다거나 스토리가 재밌다거나 소재가 신선하다거나 이런 건 아니지만 충분히 재밌었고 특히 영화 중간중간에 여주인공을 참 오묘하면서 매혹적으로 묘사하는 장면들이 인상 깊었음",
    "rating": "7",
    "date": "15.01.13"
  },
  {
    "review_id": "9588141",
    "movie_id": "103685",
    "author": "rock****",
    "review": "설마 이게 끝? 이라고 생각한 순간 정말로 영화가 끝났다",
    "rating": "4",
    "date": "15.01.12"
  },
  {
    "review_id": "9566006",
    "movie_id": "103685",
    "author": "yong****",
    "review": "스토리를 전혀 모른체 무작정 봤었는데 신선한 영화구나 라고만 생각하다 마지막장면을 보고 소름이 돋았다. 그보다 여주인공이 이뻤다. 티아라 지연 닮은듯. 친구도 이뻤다.",
    "rating": "8",
    "date": "15.01.05"
  },
  {
    "review_id": "9563453",
    "movie_id": "103685",
    "author": "sykr****",
    "review": "타이사 파미가가 귀엽긴 하나 하루하루 바쁘고 치열하고 정신없이 살아가는 직장인이 쉬는 날 하루 짬내서 이 영화를 보려고 한다면 별로 권하고 싶지 않음.",
    "rating": "1",
    "date": "15.01.05"
  },
  {
    "review_id": "9559298",
    "movie_id": "103685",
    "author": "miff****",
    "review": "이게 재미없다고?신기하네",
    "rating": "10",
    "date": "15.01.04"
  },
  {
    "review_id": "9558717",
    "movie_id": "103685",
    "author": "love****",
    "review": "정말 기대이상의 영화네요~흥행 안했다는게 이상할정도구 아쉽네요~꼭 보세요 후회안해요~!!!^^",
    "rating": "10",
    "date": "15.01.04"
  },
  {
    "review_id": "9543765",
    "movie_id": "103685",
    "author": "snai****",
    "review": "킬링타임으로 적당한 영화입니다.",
    "rating": "6",
    "date": "15.01.01"
  },
  {
    "review_id": "9537123",
    "movie_id": "103685",
    "author": "psp2****",
    "review": "독특해!  새롭고 좋았다",
    "rating": "7",
    "date": "14.12.30"
  },
  {
    "review_id": "9528053",
    "movie_id": "103685",
    "author": "soie****",
    "review": "하..결말이아쉽네요",
    "rating": "9",
    "date": "14.12.28"
  },
  {
    "review_id": "9527261",
    "movie_id": "103685",
    "author": "wadd****",
    "review": "소재는 신선했으나 짜임새가 엉망이었던 영화. 앞으로 전개될 내용을 다 예상할 정도로 뻔히 보이는 스토리였다. 스릴러라고 하기엔 결말도 복선도 엉성... X 싸고 밑 안 닦은 것같은 꺼림칙한 느낌.",
    "rating": "3",
    "date": "14.12.27"
  },
  {
    "review_id": "9521597",
    "movie_id": "103685",
    "author": "bhum****",
    "review": "별점은 주관적인 거니까~ 난 개인적으로 8.5를 줌. 내 기준으로 8점이 킬링타임용 영화라는 건데 8.5면 킬링타임+어느정도 긴장감+반전 의 결과물이라고 봄! 재밌게 봤습니다~",
    "rating": "9",
    "date": "14.12.26"
  },
  {
    "review_id": "9512690",
    "movie_id": "103685",
    "author": "sdh1****",
    "review": "결말을 쉽게 예측할 수 있는 영화",
    "rating": "6",
    "date": "14.12.25"
  },
  {
    "review_id": "9504740",
    "movie_id": "103685",
    "author": "egyp****",
    "review": "부모에게서 자유롭고 싶었던 한 소녀의 당돌한 ○○...과연, 어디까지가 진실이고 어디까지가 거짓이였는지...액자식 구성전개가 나름 볼만...반전(?)을 예상하진 못했지만 웬지 살짝 아쉬웠던 결말...",
    "rating": "6",
    "date": "14.12.23"
  },
  {
    "review_id": "9499572",
    "movie_id": "103685",
    "author": "lsh0****",
    "review": "아래 알바운운하는 사람들 이해가 가지 않는다. 이정도면 스릴러계의 수작이라고 본다. 웹상에 굴러다니는 자막이 구글번역기 버젼이라 너무보기싫어 영어자막으로 봤다.. 정말 기억에 남는 영화가 될듯하다.",
    "rating": "10",
    "date": "14.12.21"
  },
  {
    "review_id": "9486447",
    "movie_id": "103685",
    "author": "peop****",
    "review": "반전도 없고 식상하고... 감옥인터뷰나 소녀취재갔을 때 등등 이미 확인되고 계속 뻔한 떡밥이 있는데 왜 모르는 척 끌고 가는 것이냐. 내용이 너무 뻔해 마지막에 대반전이라도 있는 줄 알았다. 여주 연기력도 떨어지고 재미의 요소라는 것이 그닥 없음.",
    "rating": "4",
    "date": "14.12.18"
  },
  {
    "review_id": "9476900",
    "movie_id": "103685",
    "author": "disc****",
    "review": "보통 이런 영화는 반전이 있기 마련인데 반전이 없네요....",
    "rating": "5",
    "date": "14.12.15"
  },
  {
    "review_id": "9467334",
    "movie_id": "103685",
    "author": "tung****",
    "review": "크리스탈과 제니퍼러브휴이를 쏙 빼닮은 매혹적인 여주인공~ 결말은 솔직히 예상했지만  절대 지루하진않았다",
    "rating": "6",
    "date": "14.12.12"
  },
  {
    "review_id": "9461729",
    "movie_id": "103685",
    "author": "gaee****",
    "review": "스릴러? 초중반보다보면 결과물예상..진짜  후지다. 시간아깝다. 댓글알바진짜무섭다.",
    "rating": "1",
    "date": "14.12.10"
  },
  {
    "review_id": "9459248",
    "movie_id": "103685",
    "author": "song****",
    "review": "평점을 많지 준 사람들은 둘 중하나다..  알바거나 영화를 이해는 못하고 그냥 허세 별점..머지 이영화는?  예술성이 뛰어나지도.스릴러적인 요소도 부족한 어중간함",
    "rating": "4",
    "date": "14.12.08"
  },
  {
    "review_id": "9454495",
    "movie_id": "103685",
    "author": "lemo****",
    "review": "어느 것도 확신할 수 없는, 그래서 더 긴장감을 잘 유지시킨 스릴러!",
    "rating": "7",
    "date": "14.12.07"
  },
  {
    "review_id": "9454388",
    "movie_id": "103685",
    "author": "vm4e****",
    "review": "스트롱 형님은 요즘 의사로만 나오는구나.. 이 영화를 보고나면 도대체 왜?? 란 의문만 남는다",
    "rating": "5",
    "date": "14.12.07"
  },
  {
    "review_id": "9442531",
    "movie_id": "103685",
    "author": "ya_9****",
    "review": "오 괜찮네.  어린 여주가 좀 더 매력적이었으면 더 몰입됐을 거 같다.",
    "rating": "10",
    "date": "14.12.03"
  },
  {
    "review_id": "9440061",
    "movie_id": "103685",
    "author": "azus****",
    "review": "솔직한 평가입니다..너무 지루하네요",
    "rating": "3",
    "date": "14.12.02"
  },
  {
    "review_id": "9438910",
    "movie_id": "103685",
    "author": "jihy****",
    "review": "앞부분 몰입해서 보다가 결말 보고 맨붕~~ 이게 끝인가~~헐@@",
    "rating": "6",
    "date": "14.12.01"
  },
  {
    "review_id": "9438857",
    "movie_id": "103685",
    "author": "enaf****",
    "review": "재밌어요~~ 메멘토같은 영화류 훨씬재밌네요",
    "rating": "10",
    "date": "14.12.01"
  },
  {
    "review_id": "9436121",
    "movie_id": "103685",
    "author": "kimb****",
    "review": "\"조작된 기억\" 이라는 상당히 흥미로운 소재이긴 하나 전반적으로 너무 허술하고 산만하다. 무엇보다 반전스릴러로써 긴장감 끌고 가기엔 설득력이 턱없이 부족하다",
    "rating": "5",
    "date": "14.11.30"
  },
  {
    "review_id": "9434773",
    "movie_id": "103685",
    "author": "hoon****",
    "review": "여주인공의 미모만 돋보일 뿐. 그다지 감동이 있는 영화는 아닌듯.영화를 보는 동안 몰입력은 상당히 좋은편이었으나, 스토리의 개연성이 적고, 탄탄한 시나리오가아니라는 것을 금방 알 수 있다. 공포영화도 아니고 오컬트 영화도 아닌 이 영화의 충분히",
    "rating": "6",
    "date": "14.11.30"
  },
  {
    "review_id": "9428697",
    "movie_id": "103685",
    "author": "shin****",
    "review": "여자는 예쁜데 지루 지루",
    "rating": "1",
    "date": "14.11.28"
  },
  {
    "review_id": "9428645",
    "movie_id": "103685",
    "author": "01aj****",
    "review": "연기는 참 좋은데... 좀 허전하다.",
    "rating": "6",
    "date": "14.11.28"
  },
  {
    "review_id": "9428357",
    "movie_id": "103685",
    "author": "help****",
    "review": "제목 레드썬으로  바꿔주셈",
    "rating": "5",
    "date": "14.11.28"
  },
  {
    "review_id": "9428062",
    "movie_id": "103685",
    "author": "chld****",
    "review": "이야기의 흐름은 긴장감과 호기심을 주었지만 후반부 존이 앤나에 대해 잘못됐음을 알았을때 다시 이야기가 흥미롭게 이어졌으면 하는 아쉬움이든다.그때부터 속전속결로 뻔한 반전과 결말이 이해가 안된다.마지막은 흥미있는 전개도 아니고 의미있는 결말도 아니였다.",
    "rating": "6",
    "date": "14.11.28"
  },
  {
    "review_id": "9424896",
    "movie_id": "103685",
    "author": "nodo****",
    "review": "뭔 소린지...재미없네요",
    "rating": "5",
    "date": "14.11.26"
  },
  {
    "review_id": "9418688",
    "movie_id": "103685",
    "author": "hs64****",
    "review": "수사극을 좋아하는 아들과 함께 봤는데 정말 재밌어 하네요~ 긴장감 최고!",
    "rating": "10",
    "date": "14.11.24"
  },
  {
    "review_id": "9415234",
    "movie_id": "103685",
    "author": "ajch****",
    "review": "화장실가서 볼일보고 안닦은 느낌으로 영화가 끝난다. 아니 저질러 났으면 확실하게 수습을 할줄알아야지 영화가 ㅋㅋㅋ",
    "rating": "6",
    "date": "14.11.23"
  },
  {
    "review_id": "9413276",
    "movie_id": "103685",
    "author": "sinb****",
    "review": "호기심가는 설정과 중반까지의 줄타기는 괜찮았으나 싱거운 결말의 전개가 시시한 영화로 만들어버린다.",
    "rating": "7",
    "date": "14.11.23"
  },
  {
    "review_id": "9411492",
    "movie_id": "103685",
    "author": "purp****",
    "review": "괜찮은 사기극....",
    "rating": "9",
    "date": "14.11.22"
  },
  {
    "review_id": "9409500",
    "movie_id": "103685",
    "author": "redf****",
    "review": "기대만큼은 아니었지만 나름 괜찮은 영화였다.",
    "rating": "7",
    "date": "14.11.22"
  },
  {
    "review_id": "9404396",
    "movie_id": "103685",
    "author": "wspa****",
    "review": "색다른 소재의 스릴러 영화로 끝까지 긴장해서 본 영화.다만 마지막 결말이 다소 싱거웠음",
    "rating": "8",
    "date": "14.11.20"
  },
  {
    "review_id": "9386724",
    "movie_id": "103685",
    "author": "wogu****",
    "review": "어느정도 예상되는 스토리긴하나 볼만하네요",
    "rating": "6",
    "date": "14.11.15"
  },
  {
    "review_id": "9383582",
    "movie_id": "103685",
    "author": "moon****",
    "review": "런닝타임보다 길게 느껴졌다. 애초에 속일 맘이 있으면 판을 제대로 짜여지. 이거 개봉전 평점댓글인데 알바들한테 비공테러 당함. 잘 먹고 살아라.",
    "rating": "5",
    "date": "14.11.14"
  },
  {
    "review_id": "9381843",
    "movie_id": "103685",
    "author": "jkgh****",
    "review": "중반까진 잘끌고갔는데 마지막 반전(?)이좀 아쉬운듯해요",
    "rating": "7",
    "date": "14.11.14"
  },
  {
    "review_id": "9377345",
    "movie_id": "103685",
    "author": "lanh****",
    "review": "스토리 자체가 아주 특별한 영화였다. 보는 동안은 영화에 빠져 있다가 막상 영화가 끝나고 현실로 돌아오니 현실과 영화의 구분이 애매하여 한동안 정신이 멍했었다. 영화는 영화인데 주인공 존이 가엾다는 생각도 들었고~ 무튼 보기드문 스토리구성이 재밌었다.",
    "rating": "9",
    "date": "14.11.13"
  },
  {
    "review_id": "9373596",
    "movie_id": "103685",
    "author": "jsw0****",
    "review": "매력적인 내용과 배우의 연기가 인상적이었어요..기억을 통한 수사기법이 생소하기는 하나 보는  내내 긴장감을 느끼면서 보았습니다. 찾아서 보셔도 좋을 것 같습니다. 강추합니다!!",
    "rating": "10",
    "date": "14.11.12"
  },
  {
    "review_id": "9364915",
    "movie_id": "103685",
    "author": "jenn****",
    "review": "열씨미 보기는햇는데..더 매력적인 완벽한 악녀로만들엇다면..뭔가 아쉽다..",
    "rating": "5",
    "date": "14.11.09"
  },
  {
    "review_id": "9360544",
    "movie_id": "103685",
    "author": "hanm****",
    "review": "여자주인공도 매력있고 반전도 있고 볼만하네요",
    "rating": "8",
    "date": "14.11.09"
  },
  {
    "review_id": "9351445",
    "movie_id": "103685",
    "author": "ghye****",
    "review": "재밌음. 여자 캐릭터들도 예쁘고. /",
    "rating": "8",
    "date": "14.11.07"
  },
  {
    "review_id": "9344835",
    "movie_id": "103685",
    "author": "colo****",
    "review": "뭐지뭐지 하며 궁금증을 일으키다 마지막 반전..잔잔하지만 빠져드는 영화같아요",
    "rating": "7",
    "date": "14.11.06"
  },
  {
    "review_id": "9342563",
    "movie_id": "103685",
    "author": "seou****",
    "review": "공포인지 스릴러인지 미스터리인지 SF인지 장로조차 모호한 영화. 줄거리만 보고도 연상되는 뻔한 내용 전개에 반전도 없고 쓸데없이 길기만 합니다. 그다지 추천해 주고 싶진 않네요.",
    "rating": "4",
    "date": "14.11.05"
  },
  {
    "review_id": "9342552",
    "movie_id": "103685",
    "author": "dks1****",
    "review": "착하게 살면 손해본다많은 사람들이 비난하는 사람은다 이유가 있으니사람에 대한 자신만의 평가를 항상 의심해 볼 것",
    "rating": "10",
    "date": "14.11.05"
  },
  {
    "review_id": "9341065",
    "movie_id": "103685",
    "author": "good****",
    "review": "기대 이상으로 재밌었다. <오펀>처럼.",
    "rating": "10",
    "date": "14.11.04"
  },
  {
    "review_id": "9340445",
    "movie_id": "103685",
    "author": "mete****",
    "review": "왠지 재미있어 보이는 느낌이",
    "rating": "7",
    "date": "14.11.04"
  },
  {
    "review_id": "9340263",
    "movie_id": "103685",
    "author": "taru****",
    "review": "잘 만들었는데 마지막이 아쉽다 이정도면 반전이 없는거 아닌가?",
    "rating": "7",
    "date": "14.11.04"
  },
  {
    "review_id": "9340168",
    "movie_id": "103685",
    "author": "reda****",
    "review": "유명하지 않은 배우들이라, 큰 기대없이 봤다.  하지만 연기력도 시나리오도 좋음.",
    "rating": "10",
    "date": "14.11.04"
  },
  {
    "review_id": "9338058",
    "movie_id": "103685",
    "author": "avav****",
    "review": "뭔가 반전이 있을거란걸 알고봤는데도 재밌네요.근데 영화 보고나서 정말 궁금한게.. 미행하던 사람은 결국 누구 였나요? 존의 환각 이었나요? 영화 끝나고나서 그부분만 너무 궁금해서 검색해서 찾아봤는데 알수가 없네요.",
    "rating": "8",
    "date": "14.11.03"
  },
  {
    "review_id": "9336736",
    "movie_id": "103685",
    "author": "gmdc****",
    "review": "심리 스릴러 형식이라 영화보는 내내 지루하지 않았어요 마인드 스케이프라는 소재도 신선하고 스토리랑 배우들 연기도 탄탄하구요 강추해요 ㅋㅋ",
    "rating": "10",
    "date": "14.11.02"
  }
]