[
  {
    "review_id": "9935322",
    "movie_id": "103602",
    "author": "pihw****",
    "review": "직장인의고뇌가 보였어요 김혜수의 연기도 굿",
    "rating": "7",
    "date": "15.05.21"
  },
  {
    "review_id": "9673801",
    "movie_id": "103602",
    "author": "kimm****",
    "review": "나 왜이렇게 오지호 연기가 거슬리지? 그것만 아니면 되는데;;;",
    "rating": "8",
    "date": "15.02.06"
  },
  {
    "review_id": "9501456",
    "movie_id": "103602",
    "author": "mrq1****",
    "review": "일본 원작을 뛰어넘은 최고의 작품 소시민들의 삶을 너무 잘그린 드라마 그놈의 재벌 그만좀 나와라",
    "rating": "10",
    "date": "14.12.22"
  },
  {
    "review_id": "9297111",
    "movie_id": "103602",
    "author": "alqu****",
    "review": "최근 본 드라마중에 최고임 3일만에 16화 다 봄.직장인이라면 꼭 보면 좋을듯합니다.",
    "rating": "10",
    "date": "14.10.17"
  },
  {
    "review_id": "8850157",
    "movie_id": "103602",
    "author": "kite****",
    "review": "사회초년생이 였던 나에게정말 많은 공감이 되었고 힘이 된 드라마미스김처럼 당당한 사회생활을 할 수 있기를",
    "rating": "10",
    "date": "14.06.23"
  },
  {
    "review_id": "8724937",
    "movie_id": "103602",
    "author": "dhdh****",
    "review": "오지호...♥♡♥:)",
    "rating": "10",
    "date": "14.05.11"
  },
  {
    "review_id": "8578315",
    "movie_id": "103602",
    "author": "angl****",
    "review": "걍 최고다 그냥 완벽하다고",
    "rating": "10",
    "date": "14.03.15"
  },
  {
    "review_id": "8335270",
    "movie_id": "103602",
    "author": "kimt****",
    "review": "10점줘야돼 이드라마",
    "rating": "10",
    "date": "14.01.01"
  },
  {
    "review_id": "7798841",
    "movie_id": "103602",
    "author": "ohje****",
    "review": "짱짱드라마ㅠㅠ",
    "rating": "10",
    "date": "13.07.29"
  },
  {
    "review_id": "7747855",
    "movie_id": "103602",
    "author": "clou****",
    "review": "원작이 대단하기는 한가보다 이따위걸보고 키득거리는걸보면 몇년이 지난영화를 영혼업이 껍대기만 가져다 배긴걸 가지고 m 날로 쳐드시네 원작은 무거운주제를 과장하고 유모잇게 풀어가는데 이건 아주 팔랑거리기만",
    "rating": "1",
    "date": "13.07.16"
  },
  {
    "review_id": "7720227",
    "movie_id": "103602",
    "author": "rkdt****",
    "review": "최고였어요 ㅎㅎ",
    "rating": "10",
    "date": "13.07.09"
  },
  {
    "review_id": "7683973",
    "movie_id": "103602",
    "author": "thes****",
    "review": "종영후보게됨왜정규방송땐관심없었을까 너무유쾌하고몇회않남은게아쉬울정도 드라마인물배경등정들었음 무정한♥미스김잘됐음 이희준매력적이네요^^",
    "rating": "10",
    "date": "13.06.27"
  },
  {
    "review_id": "7656827",
    "movie_id": "103602",
    "author": "memo****",
    "review": "혜수님이 나오신다 하여 보기 시작했는데 어느세 너무 재미있어 꼬박꼬박 챙겨봤던 드라마!! 혜수님 너무 예쁘시고 연기도너무 잘하세요!!!",
    "rating": "10",
    "date": "13.06.19"
  },
  {
    "review_id": "7655953",
    "movie_id": "103602",
    "author": "sisl****",
    "review": "김혜수의 새로운 발견!!  완전 미스김같아요~모든 배우들 연기가 물흐르듯 자연스럽네요~",
    "rating": "10",
    "date": "13.06.19"
  },
  {
    "review_id": "7632504",
    "movie_id": "103602",
    "author": "mjhm****",
    "review": "내 인생 최고 유쾌하고 교훈적인 드라마!",
    "rating": "10",
    "date": "13.06.13"
  },
  {
    "review_id": "7601833",
    "movie_id": "103602",
    "author": "mygr****",
    "review": "깊이가 느껴지진 않았지만, 재밌고 유쾌했다",
    "rating": "7",
    "date": "13.06.07"
  },
  {
    "review_id": "7589941",
    "movie_id": "103602",
    "author": "syma****",
    "review": "최고",
    "rating": "10",
    "date": "13.06.06"
  },
  {
    "review_id": "7575892",
    "movie_id": "103602",
    "author": "msho****",
    "review": "존잼",
    "rating": "10",
    "date": "13.06.03"
  },
  {
    "review_id": "7569229",
    "movie_id": "103602",
    "author": "over****",
    "review": "1점준 새ㅡ끼들은 다 OOOO라",
    "rating": "10",
    "date": "13.06.01"
  },
  {
    "review_id": "7564707",
    "movie_id": "103602",
    "author": "etw0****",
    "review": "일본꺼 따라한 드라마 직장의 신 vs 순수 한국드라마 나인이제 지상파 드라마 시대는 끝낫다....막장이 넘쳐나고 외국꺼 흉내나 내고 소재도 뻔한  지상파 드라마 시대는 나인의 등장 이후를 시작으로 끝이 날거다........나인 > 넘사벽 > 직신",
    "rating": "1",
    "date": "13.05.31"
  },
  {
    "review_id": "7561286",
    "movie_id": "103602",
    "author": "jes8****",
    "review": "진정한 웰메이드 드라마^^",
    "rating": "10",
    "date": "13.05.29"
  },
  {
    "review_id": "7560929",
    "movie_id": "103602",
    "author": "yedd****",
    "review": "근래에 봤던 드라마 중 최고!!마지막에 항상 거지같이 마무리되는 드라마는 정말 그동안 투자한 시간을 아깝게 하지만직장의 신은 마지막까지 감동적이고 깔끔했음!!",
    "rating": "10",
    "date": "13.05.29"
  },
  {
    "review_id": "7560301",
    "movie_id": "103602",
    "author": "kusa****",
    "review": "직장 생활을 치열하게 고민하는 사람만이 곱씹을 수 있는 드라마다. 자꾸 과거의 상처가 떠올라 가슴이 갑갑할 때가 많았다.",
    "rating": "9",
    "date": "13.05.28"
  },
  {
    "review_id": "7555905",
    "movie_id": "103602",
    "author": "ferr****",
    "review": "웃고 울고 화나고  직장을 다니는 사람들이라면 누구나 공감되는 드라마였숩니다",
    "rating": "10",
    "date": "13.05.26"
  },
  {
    "review_id": "7551686",
    "movie_id": "103602",
    "author": "kesk****",
    "review": "직장의신을 살린건 김혜수의 연기력. 전체적으로 원작과 너무나도 똑같은 상황의 연속. 작가의 창의성 부족. 더 이상의 내용을 뽑아낼수도 없고 2는 기대하지 마시길.",
    "rating": "9",
    "date": "13.05.24"
  },
  {
    "review_id": "7550638",
    "movie_id": "103602",
    "author": "kdkd****",
    "review": "무조건 10점",
    "rating": "10",
    "date": "13.05.24"
  },
  {
    "review_id": "7549206",
    "movie_id": "103602",
    "author": "hmk8****",
    "review": "최고의 힐링 드라마~!!!",
    "rating": "10",
    "date": "13.05.23"
  },
  {
    "review_id": "7549030",
    "movie_id": "103602",
    "author": "1224****",
    "review": "최고의드라마",
    "rating": "10",
    "date": "13.05.23"
  },
  {
    "review_id": "7548972",
    "movie_id": "103602",
    "author": "coco****",
    "review": "간만에 재밌게 본 드라마. 내가 꿈꾸는 이상적인 사람 미스김",
    "rating": "10",
    "date": "13.05.23"
  },
  {
    "review_id": "7548857",
    "movie_id": "103602",
    "author": "indi****",
    "review": "시즌2 만들어주세요!!^^",
    "rating": "10",
    "date": "13.05.22"
  },
  {
    "review_id": "7548771",
    "movie_id": "103602",
    "author": "vipc****",
    "review": "드라마 없는 세상 안오나",
    "rating": "1",
    "date": "13.05.22"
  },
  {
    "review_id": "7548767",
    "movie_id": "103602",
    "author": "cj32****",
    "review": "잘봣어요!",
    "rating": "10",
    "date": "13.05.22"
  },
  {
    "review_id": "7548727",
    "movie_id": "103602",
    "author": "save****",
    "review": "너무  빨리 끝나서 아쉽네요  미쓰김 짱이에요 ~~",
    "rating": "10",
    "date": "13.05.22"
  },
  {
    "review_id": "7548726",
    "movie_id": "103602",
    "author": "wonk****",
    "review": "끝났다는게 믿기지 않네요.... 정말 멋진 드라마였던 것 같습니다.",
    "rating": "10",
    "date": "13.05.22"
  },
  {
    "review_id": "7548708",
    "movie_id": "103602",
    "author": "leeh****",
    "review": "미스김 언니 보고 싶어요..ㅠㅠ",
    "rating": "9",
    "date": "13.05.22"
  },
  {
    "review_id": "7548707",
    "movie_id": "103602",
    "author": "kgh4****",
    "review": "짱이였다. 벌써부터 그립네 미스김 ㅠㅠ",
    "rating": "10",
    "date": "13.05.22"
  },
  {
    "review_id": "7548701",
    "movie_id": "103602",
    "author": "331j****",
    "review": "과장되는  부분이 많았는데도 그런 점까지 전혀 어색하지 않고 너무 재미있었고..아직 사회인은 아니지만 몇년 뒤 내 미래를 어떻게 설계해야 할지 다시 생각하게 해 준 드라마였어요! 짧게 끝나서 너무 아쉽네요 ㅠ_ㅠ",
    "rating": "10",
    "date": "13.05.22"
  },
  {
    "review_id": "7548680",
    "movie_id": "103602",
    "author": "cybo****",
    "review": "원작보다 우리 정서에 더 맞는거같다",
    "rating": "10",
    "date": "13.05.22"
  },
  {
    "review_id": "7548644",
    "movie_id": "103602",
    "author": "hjh0****",
    "review": "사랑해 미스김처럼 돈걱정없이 일하구시포 ㅎ",
    "rating": "10",
    "date": "13.05.22"
  },
  {
    "review_id": "7548637",
    "movie_id": "103602",
    "author": "here****",
    "review": "김혜수씨는 정말 너무너무 매력적인 배우인 듯",
    "rating": "10",
    "date": "13.05.22"
  },
  {
    "review_id": "7548630",
    "movie_id": "103602",
    "author": "go_t****",
    "review": "역시 혜수언니는 날 실망시키지 않았으 이제 상어보면되겟네 ?",
    "rating": "10",
    "date": "13.05.22"
  },
  {
    "review_id": "7548624",
    "movie_id": "103602",
    "author": "5cc9****",
    "review": "이렇게 열심히 본 드라마는 처음이네요. 울고 웃으며 여러가지 생각도 하게 만들고. 이런 드라마가 많이 나왔으면 좋겠어요.",
    "rating": "10",
    "date": "13.05.22"
  },
  {
    "review_id": "7548614",
    "movie_id": "103602",
    "author": "sirk****",
    "review": "아. 정말 재미있었습니다. 이런 드라마가 계속 나와야 술 안마시고 집에 빨리 갈 듯. ㅎㅎ",
    "rating": "10",
    "date": "13.05.22"
  },
  {
    "review_id": "7548595",
    "movie_id": "103602",
    "author": "jhsj****",
    "review": "월요일의 낙이었는데 끝나서 아쉬워요 ㅠㅠ 감동과 재미 모두 잡은 훌륭한 드라마였습니다!! 김혜수, 정유미 화이팅!!",
    "rating": "10",
    "date": "13.05.22"
  },
  {
    "review_id": "7548580",
    "movie_id": "103602",
    "author": "opui****",
    "review": "더 해피엔딩이였으면 좋았겠지만 근로 복지의 과제를 남겨준거 같아 좋습니다.추후에 그 이후에 내용이 나왔으면 좋겠네요",
    "rating": "10",
    "date": "13.05.22"
  },
  {
    "review_id": "7548555",
    "movie_id": "103602",
    "author": "dmdk****",
    "review": "직장의 신 보면서 많이 웃고 울고 했는데 ㅜㅜㅜㅜㅜ이제 끝나니깐 월요일 화요일 밤 10시가 허전해요 ㅜㅜ직장의 신 2 나왔으면 좋겠어요! 완전 재미있었어요 !!!!!",
    "rating": "10",
    "date": "13.05.22"
  },
  {
    "review_id": "7548542",
    "movie_id": "103602",
    "author": "0829****",
    "review": "직장의신2 나왔으면 좋겠어요.",
    "rating": "10",
    "date": "13.05.22"
  },
  {
    "review_id": "7548536",
    "movie_id": "103602",
    "author": "jang****",
    "review": "막장불륜드라마가 판치는 저녁시간대에 모처럼 존나 잼있게 봤다. 현실을 제대로 풍자하면서 웃기지만 뭔가 교훈적인 내용이 참 좋았다.",
    "rating": "10",
    "date": "13.05.22"
  },
  {
    "review_id": "7548505",
    "movie_id": "103602",
    "author": "cesh****",
    "review": "월요일을 그리워지게 했던 드라마~!!",
    "rating": "10",
    "date": "13.05.22"
  },
  {
    "review_id": "7548499",
    "movie_id": "103602",
    "author": "rock****",
    "review": "사회적 이슈를 담은 드라마는 어쩜이렇게 모두 재밌는지, 원작 일본드라마보다 비교도 안되게 더더욱 재밌고 교훈적이어서 이런 드라마 또 나왔음 좋겠습니다~",
    "rating": "9",
    "date": "13.05.22"
  },
  {
    "review_id": "7548485",
    "movie_id": "103602",
    "author": "newh****",
    "review": "마지막 '그분이 우리 어머니다'만 빼고 다 좋았음 왜 마지막에 그런 억지를암튼 올만에 공감가는 코메디드라마 너무 잘봤네시즌 2도 살짝 기대됨",
    "rating": "8",
    "date": "13.05.22"
  },
  {
    "review_id": "7548476",
    "movie_id": "103602",
    "author": "sham****",
    "review": "원작도 훌륭했고 간만에 좋은 드라마 잘 봤습니다.",
    "rating": "10",
    "date": "13.05.22"
  },
  {
    "review_id": "7548464",
    "movie_id": "103602",
    "author": "tonk****",
    "review": "무수한 3류 막장드라마들이 난무하는 요즘, 지금 현재 대한민국 현실 사회를 잘 반영한 드라마. 원작이 일드라는 게 좀 아쉽긴 하지만 내 월요병을 치유해주는 유일한 매개체였다.",
    "rating": "10",
    "date": "13.05.22"
  },
  {
    "review_id": "7548437",
    "movie_id": "103602",
    "author": "wlal****",
    "review": "일주일 동안 월화만 기다리면서 봤는데 이제 끝나서 아쉽네요",
    "rating": "10",
    "date": "13.05.22"
  },
  {
    "review_id": "7548432",
    "movie_id": "103602",
    "author": "qkql****",
    "review": "일주일 동안 월화만 기다리면서 봤는데 이제 끝나서 아쉽네요",
    "rating": "10",
    "date": "13.05.22"
  },
  {
    "review_id": "7548430",
    "movie_id": "103602",
    "author": "beat****",
    "review": "어이~김씨! 코믹마초빠마씨 장규직(오지호)-마케팅영업부[황부장님 구대리♥박봉희 신민구 금빛나 오지랑 연다라]천사팀장 무정한(이희준)-지원부[고과장님 계경우 정주리칼점심 칼퇴근 사랑스런~들개인간 미스김!~점순(김혜수)]매일매일~♪ 도니버거와 막방사수~♬",
    "rating": "10",
    "date": "13.05.22"
  },
  {
    "review_id": "7548411",
    "movie_id": "103602",
    "author": "euns****",
    "review": "일직 끝난게 아쉬웠지만 재밌게 잘봤습니다^^",
    "rating": "10",
    "date": "13.05.22"
  },
  {
    "review_id": "7548404",
    "movie_id": "103602",
    "author": "wing****",
    "review": "진짜 오랜만에 재밌는 드라마 봤네요^----------^",
    "rating": "10",
    "date": "13.05.22"
  },
  {
    "review_id": "7548402",
    "movie_id": "103602",
    "author": "dlae****",
    "review": "완전 재미있고 명대사 좋아요 굿이에요 헤헤",
    "rating": "10",
    "date": "13.05.22"
  },
  {
    "review_id": "7548400",
    "movie_id": "103602",
    "author": "swee****",
    "review": "재미있었습니다. 질질끄는것보다 원래대로 16부 깔끔하게 마무리 맺은게 참 아름답네요. 막장에 아이돌에 썩을대로  썩어버린 드라마 바닥에서 한줄기 빛을 본 것 같습니다. 수고하셨습니다",
    "rating": "10",
    "date": "13.05.22"
  },
  {
    "review_id": "7548385",
    "movie_id": "103602",
    "author": "mans****",
    "review": "평점은 만점점입니다 넘 재미있게 봤는데요! ~더 재밌게 볼까하고 팔 걷어부쳤더니 끝났네요 가족드라마라서 아들과 같이 보고 웃고 울고^^",
    "rating": "9",
    "date": "13.05.22"
  },
  {
    "review_id": "7548341",
    "movie_id": "103602",
    "author": "poto****",
    "review": "원작보다 더 재밌고 캐스팅도 훨씬 좋은 작품이었어요 일찍 종영되어 아쉽네요 ㅜㅜ",
    "rating": "10",
    "date": "13.05.22"
  },
  {
    "review_id": "7548339",
    "movie_id": "103602",
    "author": "rujj****",
    "review": "굿",
    "rating": "10",
    "date": "13.05.22"
  },
  {
    "review_id": "7548325",
    "movie_id": "103602",
    "author": "mati****",
    "review": "10",
    "rating": "10",
    "date": "13.05.22"
  },
  {
    "review_id": "7548318",
    "movie_id": "103602",
    "author": "psh9****",
    "review": "10점!",
    "rating": "10",
    "date": "13.05.22"
  },
  {
    "review_id": "7548312",
    "movie_id": "103602",
    "author": "tutv****",
    "review": "굿ㅋㅋ",
    "rating": "10",
    "date": "13.05.22"
  },
  {
    "review_id": "7548276",
    "movie_id": "103602",
    "author": "ksjh****",
    "review": "시크릿가든 이후 본방사수 오랜만...",
    "rating": "10",
    "date": "13.05.22"
  },
  {
    "review_id": "7548243",
    "movie_id": "103602",
    "author": "shim****",
    "review": "혜수언니 정말 최고예요!",
    "rating": "10",
    "date": "13.05.22"
  },
  {
    "review_id": "7548239",
    "movie_id": "103602",
    "author": "ksk0****",
    "review": "너무 너무 아쉬워요~~",
    "rating": "10",
    "date": "13.05.22"
  },
  {
    "review_id": "7548237",
    "movie_id": "103602",
    "author": "gose****",
    "review": "혜수언니 넘 멋졌어!",
    "rating": "9",
    "date": "13.05.22"
  },
  {
    "review_id": "7548206",
    "movie_id": "103602",
    "author": "luka****",
    "review": "사랑해요 미쓰김~",
    "rating": "10",
    "date": "13.05.22"
  },
  {
    "review_id": "7548196",
    "movie_id": "103602",
    "author": "kke1****",
    "review": "쎼뇨리따 김!!! 시즌 2 갑시다!!",
    "rating": "9",
    "date": "13.05.22"
  },
  {
    "review_id": "7548192",
    "movie_id": "103602",
    "author": "blui****",
    "review": "시즌제 만들어 주세요",
    "rating": "10",
    "date": "13.05.22"
  },
  {
    "review_id": "7548182",
    "movie_id": "103602",
    "author": "9685****",
    "review": "ㅎㅎ",
    "rating": "10",
    "date": "13.05.22"
  },
  {
    "review_id": "7548174",
    "movie_id": "103602",
    "author": "mand****",
    "review": "아쉽습니다~~~ 월 화 정말 즐겁게 봤습니다!!!",
    "rating": "10",
    "date": "13.05.22"
  },
  {
    "review_id": "7548173",
    "movie_id": "103602",
    "author": "cm10****",
    "review": "미쓰김~ 돌아와주요~ㅜㅜ",
    "rating": "10",
    "date": "13.05.22"
  },
  {
    "review_id": "7548164",
    "movie_id": "103602",
    "author": "riiy****",
    "review": "쎄뇨리따 김! 백점만점입니다만!",
    "rating": "10",
    "date": "13.05.22"
  },
  {
    "review_id": "7548159",
    "movie_id": "103602",
    "author": "pock****",
    "review": "빠른 종영 너무 아쉽습니다 ㅠ_ㅜ",
    "rating": "10",
    "date": "13.05.22"
  },
  {
    "review_id": "7548157",
    "movie_id": "103602",
    "author": "smkj****",
    "review": "10점 만점 드려야된다고 생각됩니다만!!",
    "rating": "10",
    "date": "13.05.22"
  },
  {
    "review_id": "7548148",
    "movie_id": "103602",
    "author": "dmsd****",
    "review": "좋은 결말~!!",
    "rating": "10",
    "date": "13.05.22"
  },
  {
    "review_id": "7548134",
    "movie_id": "103602",
    "author": "siha****",
    "review": "그냥 무난.",
    "rating": "5",
    "date": "13.05.22"
  },
  {
    "review_id": "7548132",
    "movie_id": "103602",
    "author": "re05****",
    "review": "기분좋은 결말이였어요! 만점..^^",
    "rating": "10",
    "date": "13.05.22"
  },
  {
    "review_id": "7548117",
    "movie_id": "103602",
    "author": "gree****",
    "review": "김혜수님  멋있었어요. 좋았어요",
    "rating": "10",
    "date": "13.05.22"
  },
  {
    "review_id": "7548106",
    "movie_id": "103602",
    "author": "ema8****",
    "review": "과하지않고 적당해서 넘 좋았어요.김혜수씨가 해서 그랬던듯..좋아요.",
    "rating": "8",
    "date": "13.05.22"
  },
  {
    "review_id": "7548099",
    "movie_id": "103602",
    "author": "jinx****",
    "review": "김혜수 너무 멋있어요",
    "rating": "10",
    "date": "13.05.22"
  },
  {
    "review_id": "7548092",
    "movie_id": "103602",
    "author": "kkal****",
    "review": "디테일한 직장생활 묘사 넘 공감되었어요. 2달이 그렇게 후딱 지나갈 줄 몰랐어요.",
    "rating": "9",
    "date": "13.05.22"
  },
  {
    "review_id": "7548078",
    "movie_id": "103602",
    "author": "apre****",
    "review": "너무재미있게 보았습니다. 한정된 시간에 모든것이 담겨져 있는거 같았습니다. 그리고 많은 것을 생각하게 되었네요,",
    "rating": "10",
    "date": "13.05.22"
  },
  {
    "review_id": "7548076",
    "movie_id": "103602",
    "author": "miss****",
    "review": "빠른전개라 지루하지 않게 오랫만에 유쾌하게 봤습니다~",
    "rating": "10",
    "date": "13.05.22"
  },
  {
    "review_id": "7548050",
    "movie_id": "103602",
    "author": "jude****",
    "review": "보는 내내 마음 시원했고, 제작진 배우 모두 수고 많으셨습니다!",
    "rating": "10",
    "date": "13.05.22"
  },
  {
    "review_id": "7548030",
    "movie_id": "103602",
    "author": "rlqu****",
    "review": "월화10시를 기다려지게 만든 드라마^^지금까지 본방사수 했습니다^^",
    "rating": "10",
    "date": "13.05.22"
  },
  {
    "review_id": "7548019",
    "movie_id": "103602",
    "author": "ckw6****",
    "review": "영원한  갑도, 을도 없는 직장의 모습을 볼 수 있었구여,,,참 즐겁게 볼 수 있었습니다..비현실적이라는 분도 계시네요..ㅎㅎㅎ그것조차 아무 상관없이 재밌었어요...불륜도 구질하게 매 달리는 것도없이...각자의 삶을 묵묵히 살아가는 드라마~~",
    "rating": "9",
    "date": "13.05.22"
  },
  {
    "review_id": "7548011",
    "movie_id": "103602",
    "author": "livi****",
    "review": "오랜만에 TV에서 김혜수의 연기를 볼 수 있어서 좋았습니다.",
    "rating": "10",
    "date": "13.05.22"
  },
  {
    "review_id": "7548007",
    "movie_id": "103602",
    "author": "huma****",
    "review": "미스김 캐릭터 자체는 비현실적이지만 , 드라마의 내용은 지극히 현실적이었다. 그래서 더 가슴에 와 닿았는지도 모르겠다. 현실을 표현하기 위한 비현실적인 캐릭터 설정이 참 좋았다고 생각된다.",
    "rating": "8",
    "date": "13.05.22"
  },
  {
    "review_id": "7547995",
    "movie_id": "103602",
    "author": "wrik****",
    "review": "너무 실감나게 재미있게 본 드라마 였다  시즌2를 한다면 이제는 서로 구분없이  좋은 관계에서 열심히 함께일하며 서로  윈윈하는  훈훈한 드라마 였으면 좋겠다.",
    "rating": "9",
    "date": "13.05.22"
  },
  {
    "review_id": "7547983",
    "movie_id": "103602",
    "author": "hk71****",
    "review": "정말 오랜만에 몰입하고 본 잼나는 드라마였어요~공감 팍팍!! 김혜수씨의 연기 짱!!!!! 끝났다고 생각하니 정말 허전하네요",
    "rating": "9",
    "date": "13.05.22"
  },
  {
    "review_id": "7547978",
    "movie_id": "103602",
    "author": "siwo****",
    "review": "직장인으로서 바라는 그런 모습이 아닐까?",
    "rating": "8",
    "date": "13.05.22"
  },
  {
    "review_id": "7547975",
    "movie_id": "103602",
    "author": "kdsk****",
    "review": "직장인들을 위한 힐링드라마",
    "rating": "10",
    "date": "13.05.22"
  },
  {
    "review_id": "7547960",
    "movie_id": "103602",
    "author": "yeun****",
    "review": "미스김의 터무니없는 자격증 시리즈나 비현실적인 오버액션등이 있었으나 요즘 보기드문 소재와 재미를 더해 직장인들의 속풀이를 대변해주는 점등이너무나 신선하고 좋았던 드라마다...혜수씨가 역할을 멋지게 소화했고연기자들 모두 신선하고 좋았다.",
    "rating": "8",
    "date": "13.05.22"
  },
  {
    "review_id": "7547953",
    "movie_id": "103602",
    "author": "yuka****",
    "review": "현실감이 너무 떨어지는 게 아쉬웠지만, 그래서 더 유쾌하게 볼 수 있었던 것 같네요. 최근 유일하게 본 드라마입니다.",
    "rating": "8",
    "date": "13.05.22"
  },
  {
    "review_id": "7547937",
    "movie_id": "103602",
    "author": "k740****",
    "review": "명대사, 명연기,,,",
    "rating": "10",
    "date": "13.05.22"
  }
]