[
  {
    "review_id": "10139299",
    "movie_id": "103606",
    "author": "secr****",
    "review": "진짜사나이보다 이런게 수백배는 재밌다",
    "rating": "10",
    "date": "15.07.25"
  },
  {
    "review_id": "9570149",
    "movie_id": "103606",
    "author": "ske4****",
    "review": "가짜사나이 폐지해라!!!",
    "rating": "10",
    "date": "15.01.07"
  },
  {
    "review_id": "8060473",
    "movie_id": "103606",
    "author": "shai****",
    "review": "다챙겨 볼정도로 진짜 재미잇게봣엇죠 ㅋㅋ 잘봣습니다",
    "rating": "10",
    "date": "13.10.14"
  },
  {
    "review_id": "7999726",
    "movie_id": "103606",
    "author": "gree****",
    "review": "여기에 김영인씨가 특별출연을 했다죠. 야인시대에 심영 역을 맡았던.",
    "rating": "10",
    "date": "13.09.20"
  },
  {
    "review_id": "7859390",
    "movie_id": "103606",
    "author": "zinn****",
    "review": "!",
    "rating": "8",
    "date": "13.08.08"
  },
  {
    "review_id": "7745039",
    "movie_id": "103606",
    "author": "tjto****",
    "review": "푸른거탑 시즌100까지달려달려ㅜㅜㅜㅜㅜ제2의 순풍 산부인과 갑시다ㅜㅜㅜ오래했음 조케따ㅜㅜㅜ여기 배우들 진심 다 조아ㅜㅜㅜㅎ",
    "rating": "10",
    "date": "13.07.15"
  },
  {
    "review_id": "7725616",
    "movie_id": "103606",
    "author": "coee****",
    "review": "그양",
    "rating": "1",
    "date": "13.07.11"
  },
  {
    "review_id": "7724687",
    "movie_id": "103606",
    "author": "tlsd****",
    "review": "진짜 시즌1부터 재밌게봤다ㅋㅋ",
    "rating": "10",
    "date": "13.07.11"
  },
  {
    "review_id": "7708803",
    "movie_id": "103606",
    "author": "ekfd****",
    "review": "진심 내가셤기간에도 꼭챙겨보는건데ㅜㅜㅜㅜㅜ끝나다니!!!!!이거더하면안되요?????계속했으면좋겠어요ㅜㅜㅜㅜㅜㅜㅜㅜㅜㅜㅜㅜ푸른거탑3만드시는건어떠세요.....",
    "rating": "10",
    "date": "13.07.06"
  },
  {
    "review_id": "7702688",
    "movie_id": "103606",
    "author": "heei****",
    "review": "짱잼bbbbbbb",
    "rating": "10",
    "date": "13.07.04"
  },
  {
    "review_id": "7701859",
    "movie_id": "103606",
    "author": "jeep****",
    "review": "이젠 막장드라마군 너무 억지설정이 난무한다 ㅎㅎ",
    "rating": "1",
    "date": "13.07.03"
  },
  {
    "review_id": "7701855",
    "movie_id": "103606",
    "author": "lo28****",
    "review": "진ㅉㅏ갈수록내용왜이래 피디바꼇니?행보관좀그만나대 말이되는에피소드만들어라 짱난다진짜미스김이랑 썸씽만들지안나 나참 행보관이이제 분대자없인 아무것도못해서휴가나온분대장한테다도와달라하네 어이없네",
    "rating": "1",
    "date": "13.07.03"
  },
  {
    "review_id": "7701831",
    "movie_id": "103606",
    "author": "hcst****",
    "review": "그동안..푸른거탑 진짜 재밌게 봤는데..에피소드47은 보다보다 그래도 재밌겠지..하다 결국 너무 억지라는 생각이 들어서 채널을 돌렸다..물론 아무리 재밌어도 뭐 이럴때도 있을수 있지만 너무 억지라는생각이 들어서 올린다.이런거올리는스타일아닌데...",
    "rating": "1",
    "date": "13.07.03"
  },
  {
    "review_id": "7682342",
    "movie_id": "103606",
    "author": "pro8****",
    "review": "이것만 본다.^^",
    "rating": "10",
    "date": "13.06.26"
  },
  {
    "review_id": "7670974",
    "movie_id": "103606",
    "author": "guar****",
    "review": "^^",
    "rating": "10",
    "date": "13.06.23"
  },
  {
    "review_id": "7651905",
    "movie_id": "103606",
    "author": "gmlt****",
    "review": "1기때부터보고 정말정말 좋아하는프로그램인데.. 갈수록내용이막장이되가는것같아요..특히 웃음버섯을먹고요정이랑뽀뽀하는것.1기때는정말리얼같고 푸른거탑보면서 군생활기억많이나고좋앗는데..작가님 앞으로도 푸른거탑 잘부탁드립니다!푸른거탑화이팅!!",
    "rating": "5",
    "date": "13.06.17"
  },
  {
    "review_id": "7586098",
    "movie_id": "103606",
    "author": "yoka****",
    "review": "푸른거탑 짱ㅎㅎ",
    "rating": "10",
    "date": "13.06.05"
  },
  {
    "review_id": "7575563",
    "movie_id": "103606",
    "author": "suo0****",
    "review": "넘재밌어요ㅎㅎㅎ",
    "rating": "10",
    "date": "13.06.03"
  },
  {
    "review_id": "7568236",
    "movie_id": "103606",
    "author": "dkss****",
    "review": "여자도봐도너무재밌다...가끔눈물도나고찡하고",
    "rating": "10",
    "date": "13.06.01"
  },
  {
    "review_id": "7561643",
    "movie_id": "103606",
    "author": "kt83****",
    "review": "최종훈 말년병장님 생일 축하해요",
    "rating": "10",
    "date": "13.05.29"
  },
  {
    "review_id": "7561128",
    "movie_id": "103606",
    "author": "kmho****",
    "review": "참  재미있다",
    "rating": "10",
    "date": "13.05.29"
  },
  {
    "review_id": "7555789",
    "movie_id": "103606",
    "author": "lina****",
    "review": "최고최고",
    "rating": "10",
    "date": "13.05.26"
  },
  {
    "review_id": "7555747",
    "movie_id": "103606",
    "author": "albo****",
    "review": "일박이랑 정면승부를 봐도 이길텐데",
    "rating": "10",
    "date": "13.05.26"
  },
  {
    "review_id": "7555132",
    "movie_id": "103606",
    "author": "mong****",
    "review": "최고!!!!!!!!",
    "rating": "10",
    "date": "13.05.26"
  },
  {
    "review_id": "7552261",
    "movie_id": "103606",
    "author": "kaze****",
    "review": "굿",
    "rating": "10",
    "date": "13.05.24"
  },
  {
    "review_id": "7517634",
    "movie_id": "103606",
    "author": "ddon****",
    "review": "푸른거탑짱짱 넘재미있어요꺆>.<",
    "rating": "10",
    "date": "13.05.09"
  },
  {
    "review_id": "7516878",
    "movie_id": "103606",
    "author": "oxox****",
    "review": "넘 넘 재밌쩌~~",
    "rating": "10",
    "date": "13.05.09"
  },
  {
    "review_id": "7516470",
    "movie_id": "103606",
    "author": "chan****",
    "review": "무척 재미있었어요 최고~~ 하지만 저희청각장애인이라 못알아듣는게 정말 안타까운 일입니다 그 장애인을 위한 시청한글자막지원을 만들어주셨으면 100배로 재미를 시청해보고 싶을겁니다 잘 부탁해드리면 감사하겠습니다 밝게 웃으면 건강기원피디님 파이~팅~",
    "rating": "10",
    "date": "13.05.09"
  },
  {
    "review_id": "7514099",
    "movie_id": "103606",
    "author": "wkds****",
    "review": "푸른거탑은  각 배우들의 연기력으로 만든 최고의 코미디 작품!  푸른거탑 흥해라",
    "rating": "10",
    "date": "13.05.07"
  },
  {
    "review_id": "7496198",
    "movie_id": "103606",
    "author": "road****",
    "review": "진짜재밌어요",
    "rating": "10",
    "date": "13.04.30"
  },
  {
    "review_id": "7487344",
    "movie_id": "103606",
    "author": "nyk7****",
    "review": "하도재밋다재밋다해서 몇분전에한거봤는댘ㄹㅋㅋㅋㅋㅋㅋㅋㅋㅋ굳굳짱재밋다ㅋㅋㅋㅋㅋㅋㄱ 14회재방기달리는중ㅎㅎ 공부해야되는대 이것좀보고...",
    "rating": "10",
    "date": "13.04.27"
  },
  {
    "review_id": "7480478",
    "movie_id": "103606",
    "author": "chan****",
    "review": "\"그가... 그가 오고 있다.\" 아놔... ㅋㅋㅋ",
    "rating": "10",
    "date": "13.04.25"
  },
  {
    "review_id": "7479501",
    "movie_id": "103606",
    "author": "arey****",
    "review": "존나재미지 대세지",
    "rating": "10",
    "date": "13.04.25"
  },
  {
    "review_id": "7479360",
    "movie_id": "103606",
    "author": "guft****",
    "review": "진짜 재밋어",
    "rating": "10",
    "date": "13.04.25"
  },
  {
    "review_id": "7479235",
    "movie_id": "103606",
    "author": "ekgu****",
    "review": "요즘 푸른거탑때매 살맛나네요  ㅋㅋㅋㅋㅋ 진짜 최고라는 말바께 안나오네요ㅋㄲ",
    "rating": "10",
    "date": "13.04.24"
  },
  {
    "review_id": "7477287",
    "movie_id": "103606",
    "author": "khan****",
    "review": "최고요",
    "rating": "10",
    "date": "13.04.23"
  },
  {
    "review_id": "7473783",
    "movie_id": "103606",
    "author": "gyal****",
    "review": "푸른거탑대박나세요!!",
    "rating": "10",
    "date": "13.04.21"
  },
  {
    "review_id": "7471354",
    "movie_id": "103606",
    "author": "seoy****",
    "review": "군대를 이렇게 잘알게 될줄이야ㅋㅋ대박드라마에용!!! 김민찬내꼬 >.<",
    "rating": "10",
    "date": "13.04.20"
  },
  {
    "review_id": "7466918",
    "movie_id": "103606",
    "author": "wlsg****",
    "review": "와 개잼있네",
    "rating": "10",
    "date": "13.04.18"
  },
  {
    "review_id": "7466591",
    "movie_id": "103606",
    "author": "xorm****",
    "review": "최굉",
    "rating": "10",
    "date": "13.04.18"
  },
  {
    "review_id": "7465851",
    "movie_id": "103606",
    "author": "k1o1****",
    "review": "완전 재밌어요 그나저나 최병장 언제나오시나요ㅠ",
    "rating": "10",
    "date": "13.04.18"
  },
  {
    "review_id": "7451430",
    "movie_id": "103606",
    "author": "real****",
    "review": "아주 재밌음",
    "rating": "9",
    "date": "13.04.11"
  },
  {
    "review_id": "7449252",
    "movie_id": "103606",
    "author": "jo28****",
    "review": "열연쩔어ㅋㅋㅋ",
    "rating": "10",
    "date": "13.04.11"
  },
  {
    "review_id": "7448404",
    "movie_id": "103606",
    "author": "qam6****",
    "review": "시작때부터 지금까지 한개도 안놓치고. 다보고있어요~ㅎㅎ 평소에 잘웃지도않는데 푸른거탑보고 많이웃었어요! 한명도안빠지고 변함없었으면 좋겠네요!!!",
    "rating": "10",
    "date": "13.04.10"
  },
  {
    "review_id": "7445695",
    "movie_id": "103606",
    "author": "goqu****",
    "review": "몽유병이 온다에서 코난 주제곡 나올때 빵터졌다는 ㅋㅋ 빨리 돌아오삼 최병장뉨!!!말년에 출연 중단이라니!!!!",
    "rating": "10",
    "date": "13.04.09"
  },
  {
    "review_id": "7445053",
    "movie_id": "103606",
    "author": "sang****",
    "review": "빠른 복귀하시길^^",
    "rating": "10",
    "date": "13.04.09"
  },
  {
    "review_id": "7444332",
    "movie_id": "103606",
    "author": "sds2****",
    "review": "이렇게챙겨보는거오랜만이다",
    "rating": "10",
    "date": "13.04.08"
  },
  {
    "review_id": "7442896",
    "movie_id": "103606",
    "author": "oozz****",
    "review": "최종훈병장님죽어도몬보내ㅠㅠ절대안됩니다ㅠ개인적인사생활일뿐고의도아니고누구처럼도망치지도않았자나요ㅠ계속계속쭉ㅡ푸른거탑나와주세요ㅡ",
    "rating": "10",
    "date": "13.04.08"
  },
  {
    "review_id": "7438688",
    "movie_id": "103606",
    "author": "seoe****",
    "review": "ㅠㅠ사랑해요 푸른거탑돌아와요 말년병장 ㅜㅜ",
    "rating": "10",
    "date": "13.04.06"
  },
  {
    "review_id": "7433450",
    "movie_id": "103606",
    "author": "mone****",
    "review": "후회할거야 제작진... 최종훈 돌아오라고 10점 주는거야.. 그리고 최종훈님 앞으로 팬들의 사랑 절대 저버리지말고 멋진 사람이 되서 돌아오길바래요. 다만 이주넘기면 안되요..잊혀지기좋은시간이 삼주니까..기대합니다. 새로운 유행어 가지고 돌아오시길..",
    "rating": "10",
    "date": "13.04.04"
  },
  {
    "review_id": "7433256",
    "movie_id": "103606",
    "author": "qhfl****",
    "review": "최종훈 잉잉",
    "rating": "10",
    "date": "13.04.03"
  },
  {
    "review_id": "7432755",
    "movie_id": "103606",
    "author": "ehs5****",
    "review": "이런 젠장..최종훈없는 푸른거탑이라니ㅜㅜ",
    "rating": "10",
    "date": "13.04.03"
  },
  {
    "review_id": "7430824",
    "movie_id": "103606",
    "author": "hans****",
    "review": "젠장...내가 주부 말년에 남자만 보는 군대 드라마에 이리 빠질 줄이야~~~~최병장 너무 좋아요....",
    "rating": "10",
    "date": "13.04.02"
  },
  {
    "review_id": "7430524",
    "movie_id": "103606",
    "author": "peh0****",
    "review": "최병장없는 푸른거탑은ㅜㅜ",
    "rating": "10",
    "date": "13.04.02"
  },
  {
    "review_id": "7426956",
    "movie_id": "103606",
    "author": "5603****",
    "review": "최병장짱",
    "rating": "9",
    "date": "13.03.31"
  },
  {
    "review_id": "7426698",
    "movie_id": "103606",
    "author": "ae06****",
    "review": "ㅋㅋㅋㅋㅋ짱이네요ㅋㅋㅋㅋㅋ",
    "rating": "10",
    "date": "13.03.31"
  },
  {
    "review_id": "7425600",
    "movie_id": "103606",
    "author": "ruli****",
    "review": "난여고생인대도 이게공감되고재밌는이유가..멀까..",
    "rating": "10",
    "date": "13.03.31"
  },
  {
    "review_id": "7424929",
    "movie_id": "103606",
    "author": "buru****",
    "review": "짱 ㅋㅋㅋ",
    "rating": "10",
    "date": "13.03.31"
  },
  {
    "review_id": "7424754",
    "movie_id": "103606",
    "author": "wndk****",
    "review": "방송시켜줘 방성햇으니",
    "rating": "10",
    "date": "13.03.31"
  },
  {
    "review_id": "7423723",
    "movie_id": "103606",
    "author": "bse5****",
    "review": "여잔데도 군대이야기에 공감가며 웃음짓게 만드는 제작진의 힘",
    "rating": "10",
    "date": "13.03.30"
  },
  {
    "review_id": "7418551",
    "movie_id": "103606",
    "author": "mjed****",
    "review": "오랜만에 웃네요ㅋㅋ늦게보기시작했는데..빠졌어요ㅠㅠ",
    "rating": "10",
    "date": "13.03.29"
  },
  {
    "review_id": "7417439",
    "movie_id": "103606",
    "author": "aaaa****",
    "review": "너무 재미있게 보고있습니다!! 군대생각나네요ㅋㅋ",
    "rating": "10",
    "date": "13.03.28"
  },
  {
    "review_id": "7417276",
    "movie_id": "103606",
    "author": "abc4****",
    "review": "너무웃겨요 ㅠㅠ",
    "rating": "10",
    "date": "13.03.28"
  },
  {
    "review_id": "7416198",
    "movie_id": "103606",
    "author": "kyd9****",
    "review": "재밌구만! 하하하하하",
    "rating": "10",
    "date": "13.03.28"
  },
  {
    "review_id": "7416116",
    "movie_id": "103606",
    "author": "craz****",
    "review": "말이필요없음",
    "rating": "10",
    "date": "13.03.28"
  },
  {
    "review_id": "7415606",
    "movie_id": "103606",
    "author": "whdd****",
    "review": "오늘 웃음 버섯이 재일 웃겼습니다.마지막에 대대장이 해리포터를 따라하고!!ㅋㅋ키스신도 웃겼어요.매일같이 이런 웃음이 가득하길 바랍니다.아! 그리고 김호창 상병이 아니라 막내 김호창!나이 서열이 반대네요.계속 싸이코짓을 부탁합니다.ㅋㅋㅋㅋㅋ",
    "rating": "10",
    "date": "13.03.28"
  },
  {
    "review_id": "7415222",
    "movie_id": "103606",
    "author": "tkzk****",
    "review": "너무 재밌게 잘 보고있습니다^^출연진 모두에게 박수를 보냅니다",
    "rating": "10",
    "date": "13.03.27"
  },
  {
    "review_id": "7414650",
    "movie_id": "103606",
    "author": "skwk****",
    "review": "완전재밌씀ㅎㅎ",
    "rating": "10",
    "date": "13.03.27"
  },
  {
    "review_id": "7413886",
    "movie_id": "103606",
    "author": "lesh****",
    "review": "쿡에서 돈주고본다!",
    "rating": "10",
    "date": "13.03.27"
  },
  {
    "review_id": "7413776",
    "movie_id": "103606",
    "author": "wldh****",
    "review": "슬픈휴가 보다가 너무 웃겨서 토할뻔했다. 진짜 최고ㅋ ㅋ ㅋ ㅋ ㅋ",
    "rating": "10",
    "date": "13.03.26"
  },
  {
    "review_id": "7407731",
    "movie_id": "103606",
    "author": "mana****",
    "review": "말년에 별점이라니.",
    "rating": "10",
    "date": "13.03.24"
  },
  {
    "review_id": "7388062",
    "movie_id": "103606",
    "author": "acan****",
    "review": "진짜 최고! ㅋ",
    "rating": "10",
    "date": "13.03.21"
  },
  {
    "review_id": "7387740",
    "movie_id": "103606",
    "author": "sork****",
    "review": "?",
    "rating": "10",
    "date": "13.03.21"
  },
  {
    "review_id": "7386143",
    "movie_id": "103606",
    "author": "puha****",
    "review": "너무 웃겨요 진짜 ㅋㅋㅋ 볼때마다 너무 웃어서 안면이 마비될정도로 ㅋㅋ",
    "rating": "10",
    "date": "13.03.21"
  },
  {
    "review_id": "7385787",
    "movie_id": "103606",
    "author": "ljs7****",
    "review": "이거 너무잼있어서  시간바빠못볼때보려고 cj월정액끊었음 대박잼있네여",
    "rating": "10",
    "date": "13.03.21"
  },
  {
    "review_id": "7385274",
    "movie_id": "103606",
    "author": "rodm****",
    "review": "아놔 진짜 웃기네 웃다가 눈물흘리긴 처음",
    "rating": "10",
    "date": "13.03.21"
  },
  {
    "review_id": "7384647",
    "movie_id": "103606",
    "author": "keub****",
    "review": "짱 재밋음!!!",
    "rating": "10",
    "date": "13.03.21"
  },
  {
    "review_id": "7383205",
    "movie_id": "103606",
    "author": "akda****",
    "review": "고참이랑 같이 휴가나오는날  역전에서 순대국에 소주한잔 사준기억나네...",
    "rating": "10",
    "date": "13.03.21"
  },
  {
    "review_id": "7382866",
    "movie_id": "103606",
    "author": "tall****",
    "review": "오늘 휴가 레전드",
    "rating": "10",
    "date": "13.03.21"
  },
  {
    "review_id": "7382604",
    "movie_id": "103606",
    "author": "ckwo****",
    "review": "오늘꺼 개뿜 ㅋㅋㅋ 휴가",
    "rating": "10",
    "date": "13.03.21"
  },
  {
    "review_id": "7382569",
    "movie_id": "103606",
    "author": "jack****",
    "review": "오늘껀 정말 최고!!!",
    "rating": "10",
    "date": "13.03.21"
  },
  {
    "review_id": "7382559",
    "movie_id": "103606",
    "author": "zxo3****",
    "review": "잼나요!!!!!",
    "rating": "10",
    "date": "13.03.21"
  },
  {
    "review_id": "7382555",
    "movie_id": "103606",
    "author": "ktw0****",
    "review": "아 오늘꺼 눈물난다 진짜 ㅠㅠ",
    "rating": "10",
    "date": "13.03.21"
  },
  {
    "review_id": "7382517",
    "movie_id": "103606",
    "author": "sina****",
    "review": "아... 괴로워... 괴로워... 괴로워... (오줌 질질질) ㅋㅋㅋㅋㅋㅋ",
    "rating": "10",
    "date": "13.03.21"
  },
  {
    "review_id": "7382501",
    "movie_id": "103606",
    "author": "read****",
    "review": "진심 푸른거탑 보는 재미로 살아요!",
    "rating": "10",
    "date": "13.03.21"
  },
  {
    "review_id": "7382485",
    "movie_id": "103606",
    "author": "hams****",
    "review": "오늘 휴가편 레전드!!!!!!!!!!",
    "rating": "10",
    "date": "13.03.21"
  },
  {
    "review_id": "7382462",
    "movie_id": "103606",
    "author": "sgsn****",
    "review": "오늘ㅋ완전 공감하는부분이 많았슴ㅋ 저런 휴가는 슬프지오..ㅋㅋ 빵 터지고 갑니당ㅋ",
    "rating": "10",
    "date": "13.03.21"
  },
  {
    "review_id": "7382457",
    "movie_id": "103606",
    "author": "pys1****",
    "review": "진짜오늘꺼레전드ㅋ",
    "rating": "10",
    "date": "13.03.21"
  },
  {
    "review_id": "7382432",
    "movie_id": "103606",
    "author": "kjkk****",
    "review": "푸른 거탑!",
    "rating": "10",
    "date": "13.03.21"
  },
  {
    "review_id": "7382431",
    "movie_id": "103606",
    "author": "sill****",
    "review": "너무 재밌어 ㅋㅋㅋㅋㅋㅋ",
    "rating": "10",
    "date": "13.03.21"
  },
  {
    "review_id": "7382415",
    "movie_id": "103606",
    "author": "nado****",
    "review": "최고다!!!!  우울한휴가라니 이런젠장!!!",
    "rating": "10",
    "date": "13.03.21"
  },
  {
    "review_id": "7382402",
    "movie_id": "103606",
    "author": "wjdt****",
    "review": "이거볼려고 수요일을기다림!",
    "rating": "10",
    "date": "13.03.21"
  },
  {
    "review_id": "7382393",
    "movie_id": "103606",
    "author": "maen****",
    "review": "아니말년에 oooooooooo라니!",
    "rating": "10",
    "date": "13.03.21"
  },
  {
    "review_id": "7382381",
    "movie_id": "103606",
    "author": "myun****",
    "review": "오늘 캐잼이었어ㅋㅋㅋ",
    "rating": "10",
    "date": "13.03.21"
  },
  {
    "review_id": "7382374",
    "movie_id": "103606",
    "author": "park****",
    "review": "미친 개조움 ㅋㅋㅋ오늘꺼 존잼 ㅋㅋㅋㅋㅋ",
    "rating": "10",
    "date": "13.03.21"
  },
  {
    "review_id": "7381525",
    "movie_id": "103606",
    "author": "lion****",
    "review": "밤중에 시끄럽게 웃어서 주위사람 민폐끼치네요 ㅋㅋㅋㅋ",
    "rating": "10",
    "date": "13.03.21"
  },
  {
    "review_id": "7381503",
    "movie_id": "103606",
    "author": "dogd****",
    "review": "짱",
    "rating": "10",
    "date": "13.03.21"
  },
  {
    "review_id": "7381430",
    "movie_id": "103606",
    "author": "assm****",
    "review": "ㅋㅋㅋ..방바닥을 떼굴떼굴..넘 웃겨서 진정이 안된다..아~~놔~~진짜!!!",
    "rating": "10",
    "date": "13.03.21"
  },
  {
    "review_id": "7381415",
    "movie_id": "103606",
    "author": "94le****",
    "review": "시바 ㅋㅋㅋㅋㅋㅋㅋㅋㅋㅋㅋㅋㅋㅋㅋㅋㅋㅋㅋㅋㅋㅋㅋㅋㅋㅋㅋㅋㅋㅋ",
    "rating": "10",
    "date": "13.03.21"
  },
  {
    "review_id": "7381324",
    "movie_id": "103606",
    "author": "suni****",
    "review": "진짜 지상파였으면  시청률80프로짜리다",
    "rating": "10",
    "date": "13.03.21"
  }
]