[
  {
    "review_id": "9850595",
    "movie_id": "103664",
    "author": "skyl****",
    "review": "정말 흡입력있게 그리고 너무 짧지도 않고, 길지도 않은 나에게 좋은 감성을 준 영화였다.",
    "rating": "10",
    "date": "15.04.18"
  },
  {
    "review_id": "9845232",
    "movie_id": "103664",
    "author": "xiob****",
    "review": "그 사람을 이해하기 위해 그 사람이 된다. 이 부분을 이해하면 영화는 단순명료 해 진다.  진실로 꿈꾸는 일이기에.",
    "rating": "8",
    "date": "15.04.14"
  },
  {
    "review_id": "9793681",
    "movie_id": "103664",
    "author": "fish****",
    "review": "대중을 전혀 생각하지 않고 만든 극단적 개인주의 영화",
    "rating": "6",
    "date": "15.03.19"
  },
  {
    "review_id": "9790705",
    "movie_id": "103664",
    "author": "mins****",
    "review": "의미심장하다는 건 알겠는데 재미는 없다",
    "rating": "7",
    "date": "15.03.18"
  },
  {
    "review_id": "9786680",
    "movie_id": "103664",
    "author": "cpat****",
    "review": "본질에 다다르지못한 이상에 대한 절망..그리고 어떤상황들은 조금더설명이 필요하다",
    "rating": "9",
    "date": "15.03.16"
  },
  {
    "review_id": "9778088",
    "movie_id": "103664",
    "author": "eeg7****",
    "review": "자존감에 대해 다시 한번 상기 시키는",
    "rating": "9",
    "date": "15.03.13"
  },
  {
    "review_id": "9776713",
    "movie_id": "103664",
    "author": "nohj****",
    "review": "약빨고 만들었나....난해하고 어렵다",
    "rating": "7",
    "date": "15.03.13"
  },
  {
    "review_id": "9726658",
    "movie_id": "103664",
    "author": "tall****",
    "review": "좋은말도 못듣게말하면 나한텐소용없다",
    "rating": "6",
    "date": "15.02.22"
  },
  {
    "review_id": "9693286",
    "movie_id": "103664",
    "author": "hang****",
    "review": "왠만하면 이렇게 낮은 평점은 안주는데 무슨 말인지 모르겠다",
    "rating": "1",
    "date": "15.02.13"
  },
  {
    "review_id": "9677930",
    "movie_id": "103664",
    "author": "jiyu****",
    "review": "니미~!!별하나도아깝다...!!!!",
    "rating": "1",
    "date": "15.02.08"
  },
  {
    "review_id": "9677923",
    "movie_id": "103664",
    "author": "wndg****",
    "review": "진짜 이런영화는 역대 상상도 못해봤고 앞으로도 안나올..내 인생 최고의 쓰레기영화.. 무슨 정신병가진 사상과 이해를 전혀 할수없는 난해한 영화그런데 평점은 왜이리 높은지 이해불가",
    "rating": "2",
    "date": "15.02.08"
  },
  {
    "review_id": "9567554",
    "movie_id": "103664",
    "author": "bcwh****",
    "review": "100% 호불호 갈릴 영화",
    "rating": "5",
    "date": "15.01.06"
  },
  {
    "review_id": "9474859",
    "movie_id": "103664",
    "author": "cont****",
    "review": "1막으로만 구성했다면 완벽한 작품이 될 수 있었다.",
    "rating": "8",
    "date": "14.12.14"
  },
  {
    "review_id": "9317267",
    "movie_id": "103664",
    "author": "fior****",
    "review": "로빈라이트 광팬이라 장르가 취향에 안맞아도 봤는데 웬걸.. 너무 좋았다.. 역시 로빈라이트.. ost에도 그녀가 참여해서 직접부른곡도 있다.",
    "rating": "10",
    "date": "14.10.26"
  },
  {
    "review_id": "9311863",
    "movie_id": "103664",
    "author": "bbdk****",
    "review": "진짜 좋다 이 말 밖에 안나온다",
    "rating": "10",
    "date": "14.10.24"
  },
  {
    "review_id": "9291226",
    "movie_id": "103664",
    "author": "good****",
    "review": "대사와 스토리, 영상 모두가 나의 가슴을 터질듯하게 만들고, 나를 소스라치게 만들고, 눈물이 눈에 가득 차오르게 만들었다.",
    "rating": "10",
    "date": "14.10.14"
  },
  {
    "review_id": "9283763",
    "movie_id": "103664",
    "author": "almo****",
    "review": "텍스트를 기반으로 2D 스크린에  묘사된 이 영화는 애니와 현실을 넘나들며 마치 꿈꾸는 듯하다",
    "rating": "8",
    "date": "14.10.11"
  },
  {
    "review_id": "9267794",
    "movie_id": "103664",
    "author": "kiki****",
    "review": "보는내내 충격적이었어요마지막 결말은 정말 최고였습니다",
    "rating": "10",
    "date": "14.10.05"
  },
  {
    "review_id": "9254924",
    "movie_id": "103664",
    "author": "dwon****",
    "review": "난해하다 그치만 난해할수록 아름다움이 더해진다현대적으로 이 자체를 설명할수없는 영화",
    "rating": "9",
    "date": "14.10.02"
  },
  {
    "review_id": "9251169",
    "movie_id": "103664",
    "author": "areo****",
    "review": "평점이 너무 높다. 던지는 주제는 알겠다만 제대로 전달을 못한걸 난해하다고 표현하는 분들이 많다. 전반의 몰아치듯 던저주는 질문과 메세지는 후반부에 들어서자 그 버거움에 스스로를 옭아맸다. 8점까지는 가지못한다.",
    "rating": "1",
    "date": "14.09.30"
  },
  {
    "review_id": "9200267",
    "movie_id": "103664",
    "author": "mlif****",
    "review": "영화란 매체에서 중요한 축 중 하나를 무시한 설정으로 몰입하기 힘들었다. 스토리, 내러티브, 이야기.",
    "rating": "5",
    "date": "14.09.10"
  },
  {
    "review_id": "9191125",
    "movie_id": "103664",
    "author": "egyp****",
    "review": "인간의 욕망이 만들어낸 혼란스러운 디스토피아적인 세계 컴퓨터에 밀려난 한 여배우가 경험한 자유와 공허하게 느껴지던 삶 세기말적인 분위기 또는 마치 꿈꾸는 것처럼 느껴지던 몽환적인 영상 강렬함과 묘한 슬픔이 교차했던 매혹적이고 심오한 작품...",
    "rating": "8",
    "date": "14.09.09"
  },
  {
    "review_id": "9134759",
    "movie_id": "103664",
    "author": "qhde****",
    "review": "진짜 일본 애니는 애니메이션도 아님이런게 진짜지",
    "rating": "10",
    "date": "14.08.26"
  },
  {
    "review_id": "9103837",
    "movie_id": "103664",
    "author": "wazz****",
    "review": "난해하기에 재밌다. 애니와 실사를 자연스럽게 연결하려한 부분들에서 다양한 면을 보여주기에 좋으면서도 너무 어지러워서 오히려 독이 된거 같기도 한게 함정.",
    "rating": "8",
    "date": "14.08.17"
  },
  {
    "review_id": "9087989",
    "movie_id": "103664",
    "author": "sim4****",
    "review": "복잡해여 그냥 뒤죽박죽 원래이런스타일인건지 집중해서 봤는데도...결론도 먼지 지금까지 본것중 제일 내용파악이어려움 예고편만봤을땐 먼가 새롭고 신선하다생각했는데 낚인건지 먼지ㅡㅡ",
    "rating": "2",
    "date": "14.08.15"
  },
  {
    "review_id": "9086698",
    "movie_id": "103664",
    "author": "ogr5****",
    "review": "확실히 실사보다는 애니메이션인 아리 폴만.",
    "rating": "7",
    "date": "14.08.15"
  },
  {
    "review_id": "9010494",
    "movie_id": "103664",
    "author": "minh****",
    "review": "전 부터 생각해왔던 그런 만화. 현실과 애니메이션. 경계를 흐리는건 언제나 매혹적이고 몽환적이게 된다. 개인 취향 100% 내용도 표현도 분위기도 모두 취향",
    "rating": "10",
    "date": "14.08.02"
  },
  {
    "review_id": "8998847",
    "movie_id": "103664",
    "author": "heod****",
    "review": "기발하면서도 황당무계한 아티스트나 매트릭스의 아트버전쯤 되는 영화라고 생각했는데....",
    "rating": "9",
    "date": "14.08.01"
  },
  {
    "review_id": "8987220",
    "movie_id": "103664",
    "author": "pdia****",
    "review": "내면의 복잡함이 그대로 녹아있는 듯한 정신없고  생뚱맞기 그지없지만 영화가 전달하고자 하는  주제는 실로 명확히 다가온다. 10점이 아깝지 않은 수작",
    "rating": "10",
    "date": "14.07.30"
  },
  {
    "review_id": "8979869",
    "movie_id": "103664",
    "author": "kjyo****",
    "review": "별 기대 안하고 봤는데 너무 재미있었다.",
    "rating": "10",
    "date": "14.07.30"
  },
  {
    "review_id": "8971942",
    "movie_id": "103664",
    "author": "barb****",
    "review": "재미로 보기에는 너무 무거운 영화. 영화가 말하고자 하는 것은 애니 속 로빈의 연설에 다 있다. 애니 중간에 톰 크루즈도 잠깐 나옴. 우울한 영화에는 5점 이상 주기 싫네...",
    "rating": "5",
    "date": "14.07.28"
  },
  {
    "review_id": "8954979",
    "movie_id": "103664",
    "author": "aska****",
    "review": "멋진 애니메이션겸 영화다..  우리나라 감독들은  자본이 없는건 이해가 가지만  멋진 시나리오를  생각할수는 없는가? 연기자들도 연기도 잘했으면 한다.. ost도  멋지고  아름답다. 이런영화를 만들수 있는곳이 부럽다.",
    "rating": "9",
    "date": "14.07.25"
  },
  {
    "review_id": "8954127",
    "movie_id": "103664",
    "author": "adio****",
    "review": "평점 무조건 낮게 주면 저도 평론가 할 수 있나요?",
    "rating": "10",
    "date": "14.07.25"
  },
  {
    "review_id": "8953828",
    "movie_id": "103664",
    "author": "vmfl****",
    "review": "60년대 히피가 상상할수 있는 미래? 미친 ㅋㅋ 평론가들은 대체누가뽑는거냐 .. 암튼 끝까지 개쩌는 영화이고 많은 생각이 들었다.. 정말 최고의 영화다 그래비티 다음으로 짱",
    "rating": "10",
    "date": "14.07.24"
  },
  {
    "review_id": "8896905",
    "movie_id": "103664",
    "author": "s2pi****",
    "review": "시도는 인정하나 산만하다",
    "rating": "7",
    "date": "14.07.08"
  },
  {
    "review_id": "8883354",
    "movie_id": "103664",
    "author": "adsf****",
    "review": "정말최고의영화인듯...감명있게집중해서본영화오랜만이네요어떻게이런영화를만들생각한건지..정말 최고임",
    "rating": "10",
    "date": "14.07.04"
  },
  {
    "review_id": "8880859",
    "movie_id": "103664",
    "author": "blue****",
    "review": "어렵다~  이 영화~ 뭐라 해야할지~~~   흠!",
    "rating": "5",
    "date": "14.07.03"
  },
  {
    "review_id": "8875160",
    "movie_id": "103664",
    "author": "bmzr****",
    "review": "그다지어렵지않으면서도잊고있던나의감각을예리하게일깨워준대중작인예술영화",
    "rating": "9",
    "date": "14.07.02"
  },
  {
    "review_id": "8850604",
    "movie_id": "103664",
    "author": "piii****",
    "review": "실사와 애니메이션을 넘나드는 디스토피아적인 상상력에 매료되다. 유명인을 약품으로 만들어 마시면 내가 바로 그 사람이 되어 모두가 평등하게 멋져지는 세상. 그것이 진짜 행복일까?",
    "rating": "10",
    "date": "14.06.24"
  },
  {
    "review_id": "8844472",
    "movie_id": "103664",
    "author": "sche****",
    "review": "솔직히 저는 별로였어요완전 기대하며 봤는데..",
    "rating": "1",
    "date": "14.06.21"
  },
  {
    "review_id": "8844294",
    "movie_id": "103664",
    "author": "gmlt****",
    "review": "재밌고 신기한 영화였는데  어려운감이 있지않나합니다.",
    "rating": "9",
    "date": "14.06.21"
  },
  {
    "review_id": "8837677",
    "movie_id": "103664",
    "author": "yh93****",
    "review": "서론이 너무 길어서 지루한게 없을순 없었지만 애니메이티드 된 부분들부터 정말 꿈을 꾸는것같은 느낌이다. 그리고 중간중간에 카툰으로 그려진 셀럽들 을 찾아보는 재미도 있었다. 쉴틈없이 화려하고 긴장감 넘치는걸 좋아하는 사람이라면 지루해할수도 있을듯싶다.",
    "rating": "9",
    "date": "14.06.17"
  },
  {
    "review_id": "8837576",
    "movie_id": "103664",
    "author": "jinn****",
    "review": "내가 나비의 꿈을 꾸는 건지, 나비가 나의 꿈을 꾸는 건지 알 수 없네. 현대 물리학으로도 더이상 존재에 대한 개념 정리를 어떻게 해야할지, 사실상 정리가 필요할 지 고민된다. 실사와 애니의 절묘한 조화는 그림체라기보다 내용적인 조합의 케미가 돋보인다",
    "rating": "9",
    "date": "14.06.17"
  },
  {
    "review_id": "8837486",
    "movie_id": "103664",
    "author": "arug****",
    "review": "굳멋진영화다본곳에댜햐후회가없다",
    "rating": "10",
    "date": "14.06.17"
  },
  {
    "review_id": "8837130",
    "movie_id": "103664",
    "author": "rkwl****",
    "review": "애니메이션으로 얘기하는 철학",
    "rating": "9",
    "date": "14.06.17"
  },
  {
    "review_id": "8836209",
    "movie_id": "103664",
    "author": "mcgl****",
    "review": "여느 히어로들처럼 굴지 않아서 좋았다. 그냥 아들이 보고 싶은 것뿐이니까. 결국 미래 사회의 한 개인의 얘기.",
    "rating": "8",
    "date": "14.06.16"
  },
  {
    "review_id": "8831182",
    "movie_id": "103664",
    "author": "miuk****",
    "review": "올해 본 영화 중 최고... 모든 철학과 인문학이 녹아있는 작품",
    "rating": "10",
    "date": "14.06.15"
  },
  {
    "review_id": "8829346",
    "movie_id": "103664",
    "author": "uniq****",
    "review": "애니매이션화를 시킨건 참신, 극중내용 설명부족",
    "rating": "7",
    "date": "14.06.14"
  },
  {
    "review_id": "8828140",
    "movie_id": "103664",
    "author": "mcma****",
    "review": "바시르와 왈츠를  워낙  좋게  봐서  그런지  거기엔  못미치지만만족스러운  영화 였다.이 영화 안에서  생각해  볼수 있는  메시지는  여러가지다몽환적이기도  하고..분명  난해한  부분도  많이 있다.호불호가  많이 갈릴꺼 같다",
    "rating": "8",
    "date": "14.06.14"
  },
  {
    "review_id": "8827538",
    "movie_id": "103664",
    "author": "reto****",
    "review": "좋은 평 믿고 봤었는데 중간에 나가고 싶었다. ㅠ 너무 중구난방같아서... 유럽 애니메이션 좋아하면 좋을 것 같기도 함.",
    "rating": "3",
    "date": "14.06.13"
  },
  {
    "review_id": "8822182",
    "movie_id": "103664",
    "author": "phs6****",
    "review": "엔딩크레딧이 올라가는 순간 미래를 갔다온 느낌.. 거대 자본에 의해 통제되는 현대인들의 욕망의 미래..",
    "rating": "10",
    "date": "14.06.12"
  },
  {
    "review_id": "8821383",
    "movie_id": "103664",
    "author": "djat****",
    "review": "정말 재밌게봤어요! 조금 어지럽긴 했지만 독특하고 묘한분위기가 정말 최고였어요!!",
    "rating": "10",
    "date": "14.06.11"
  },
  {
    "review_id": "8818834",
    "movie_id": "103664",
    "author": "codn****",
    "review": "난해하고 어려운 영화 였지만  감독은 자신이 관객에게 뭘 전달하고 싶어하는 지  확실하게 전한 듯 하다",
    "rating": "9",
    "date": "14.06.10"
  },
  {
    "review_id": "8818060",
    "movie_id": "103664",
    "author": "july****",
    "review": "행복기계가 있다면 우리는 들어갈까. 로빈은 늙어서도 변함없는 어린아이더라. 씁쓸한 결말일까?",
    "rating": "9",
    "date": "14.06.10"
  },
  {
    "review_id": "8815929",
    "movie_id": "103664",
    "author": "kafk****",
    "review": "really? really?",
    "rating": "1",
    "date": "14.06.09"
  },
  {
    "review_id": "8815044",
    "movie_id": "103664",
    "author": "hyei****",
    "review": "애니메이션 구역에 들어갈때부터 나까지 환각이 일어나는 느낌. 조금 혼란이 왔지만 그것조차 제작자의 의도인듯 나중에야 탁 하고 깨어나는 느낌을 주었다.",
    "rating": "8",
    "date": "14.06.09"
  },
  {
    "review_id": "8813787",
    "movie_id": "103664",
    "author": "wldp****",
    "review": "존잼존잼!! 부천영화제때 봤었는데 그때보다 시간이 좀 줄어든거같은 느낌이지만 그래도 좋다. 보면볼수록 새롭고 생각하게하는 영화",
    "rating": "10",
    "date": "14.06.08"
  },
  {
    "review_id": "8813442",
    "movie_id": "103664",
    "author": "stev****",
    "review": "아리폴만은 10점이다.",
    "rating": "10",
    "date": "14.06.08"
  },
  {
    "review_id": "8809515",
    "movie_id": "103664",
    "author": "pale****",
    "review": "선택할 수 없다는 것이 삶의 본질인지도.",
    "rating": "10",
    "date": "14.06.07"
  },
  {
    "review_id": "8809350",
    "movie_id": "103664",
    "author": "agt5****",
    "review": "소름돋을 정도로 이렇게 재밌게 본 건 오랜만이다. 화려하고 독특한 색채와 몽환적인 분위기는 단연 최고였고, 내용이 갈수록 난해해지기에 더더욱 다시 보고 싶어지는 그런 영화였다.",
    "rating": "10",
    "date": "14.06.07"
  },
  {
    "review_id": "8803048",
    "movie_id": "103664",
    "author": "c_s_****",
    "review": "이런 영화 진짜 좋다ㅠㅠ 조금 난해한 영화이지만, 전달하고자 하는 주제는 명확했던 것 같고, 중간에 애니메이션을 삽입해서 환각, 환상을 효과적으로 표현한 게 인상 깊었음",
    "rating": "10",
    "date": "14.06.06"
  },
  {
    "review_id": "8801983",
    "movie_id": "103664",
    "author": "dwsy****",
    "review": "등장인물들이 '왜 그런 선택을 하게 되었을까'를 계속 생각하게 되는데, 명확한 해답은 작중에서 나오지 않습니다. 즉, 관객에게 주제, 메시지 전달이 약간 불친절 한 점이 아쉬웠네요. 어려운 영화를 싫어한다면 비추천합니다. 전체적으로는 추천.",
    "rating": "8",
    "date": "14.06.06"
  },
  {
    "review_id": "8801147",
    "movie_id": "103664",
    "author": "534k****",
    "review": "내가 1빠네 10점드림..",
    "rating": "10",
    "date": "14.06.06"
  }
]