[
  {
    "review_id": "10247559",
    "movie_id": "103671",
    "author": "vero****",
    "review": "최악이었는데...왜 좋다고하지? 주제도 별로고 재밌지도 않고 효민은 일본어 엄청 못하고 어색하고 배우하고 감독만 평판 안좋겠다",
    "rating": "3",
    "date": "15.08.18"
  },
  {
    "review_id": "9979378",
    "movie_id": "103671",
    "author": "ksr6****",
    "review": "마지막이 참 감동적이네요 ㅜㅜ",
    "rating": "10",
    "date": "15.06.06"
  },
  {
    "review_id": "9867473",
    "movie_id": "103671",
    "author": "db82****",
    "review": "뭐야 재밌는거야 아니면 별로인거야...  별점 1점은 대부분 알바나 효민 때문인 것 같고... 10점은 뭔가 아닌 것 같고... 뭘 믿어야되...?",
    "rating": "5",
    "date": "15.04.25"
  },
  {
    "review_id": "9786493",
    "movie_id": "103671",
    "author": "samg****",
    "review": "솔직히 티아라 팬인데도 기대는 안하고봤는데 너무 재밌다.. 보는도중에 눈물 찔끔찔끔나고 ㅎㅎ 배우들 연기도 뛰어나고 너무좋았다.. 티아라화이팅 !",
    "rating": "10",
    "date": "15.03.16"
  },
  {
    "review_id": "9765775",
    "movie_id": "103671",
    "author": "ycj6****",
    "review": "의외로 잼나게 봄... 일본어 공부에 관심있는 분이 보면 더욱 좋을 것 같음",
    "rating": "10",
    "date": "15.03.08"
  },
  {
    "review_id": "9752075",
    "movie_id": "103671",
    "author": "marc****",
    "review": "이터널 션사인이 다시 보고 싶네...",
    "rating": "7",
    "date": "15.03.02"
  },
  {
    "review_id": "9746443",
    "movie_id": "103671",
    "author": "lren****",
    "review": "진짜 재미있어요!!!",
    "rating": "10",
    "date": "15.02.28"
  },
  {
    "review_id": "9738230",
    "movie_id": "103671",
    "author": "eter****",
    "review": "기대 안하고 봤는데 생각보다 잔잔하니 좋았어요~효민 나무 둘레 돌면서 웃는거 정말 너무 이쁘고요~",
    "rating": "9",
    "date": "15.02.25"
  },
  {
    "review_id": "9680419",
    "movie_id": "103671",
    "author": "swmj****",
    "review": "김치찌개가 먹고싶어지네요",
    "rating": "10",
    "date": "15.02.08"
  },
  {
    "review_id": "9643995",
    "movie_id": "103671",
    "author": "mwi0****",
    "review": "은근 재미있고 로맨틱하고 감동적이고 슬픈 그런 영화다정말 강추이다",
    "rating": "10",
    "date": "15.01.28"
  },
  {
    "review_id": "9630482",
    "movie_id": "103671",
    "author": "bomi****",
    "review": "효민 연기 오바스러워서 보는내내 집중이 흐트러지더라 일본여배우랑 비교됐음. 그렇지만 영화자체는 나름 볼만했다. 효민역에 좀더 연기력이 있는 여배우였다면 좋았을듯.. 조금 아쉽다..",
    "rating": "7",
    "date": "15.01.24"
  },
  {
    "review_id": "9588277",
    "movie_id": "103671",
    "author": "adiv****",
    "review": "큰 줄거리 없이 그냥 평범한 내용을 아기자기 하게 표현.",
    "rating": "6",
    "date": "15.01.12"
  },
  {
    "review_id": "9573457",
    "movie_id": "103671",
    "author": "chav****",
    "review": "기술적인 면을 떠나 순수한 이야기가 재밌어..효린 좀 어색한 연기력이 오히려 일본이라서 자연스럽게 괜찮았다..일본이란 나라는 참.. 동물적인 포xx노가 판치면서한편으론 이런 영화도 잘 만들고...아무튼 효린 짱먹어.. !",
    "rating": "9",
    "date": "15.01.08"
  },
  {
    "review_id": "9422109",
    "movie_id": "103671",
    "author": "lens****",
    "review": "봣는데.. 효민연기력이좀부족한듯 기생령땐 그런느낌 못받았는데 여기선 쫌 너무 심하게눈을깜빡이고; 뭔가 좀어색했음 그래도 스토리는 나름 평탄하므로 반점",
    "rating": "5",
    "date": "14.11.25"
  },
  {
    "review_id": "9395905",
    "movie_id": "103671",
    "author": "tran****",
    "review": "솔직히 3점정도인데 평점이 넘 높다.",
    "rating": "1",
    "date": "14.11.17"
  },
  {
    "review_id": "9297463",
    "movie_id": "103671",
    "author": "juhy****",
    "review": "진짜 기대안하고 봣는데 재밌게 봣어여",
    "rating": "10",
    "date": "14.10.17"
  },
  {
    "review_id": "9258932",
    "movie_id": "103671",
    "author": "yoon****",
    "review": "완전 짱짱★★ 재밌다고 해서 오늘 다운받아서 봤는데 정말 재밌어요 인물들도 좋구ㅎ",
    "rating": "10",
    "date": "14.10.03"
  },
  {
    "review_id": "9252771",
    "movie_id": "103671",
    "author": "ymg2****",
    "review": "티아라 효민 화이팅!!! 티아라 지연 사랑해 ♥",
    "rating": "10",
    "date": "14.10.01"
  },
  {
    "review_id": "9174190",
    "movie_id": "103671",
    "author": "xyan****",
    "review": "'밀당'은 흥정일까 노력일까. 어쩐지 둘 다 이해가 된다.",
    "rating": "7",
    "date": "14.09.06"
  },
  {
    "review_id": "9112099",
    "movie_id": "103671",
    "author": "5212****",
    "review": "소소한 재미 그리고 시미즈 쿠루미의 발견",
    "rating": "6",
    "date": "14.08.19"
  },
  {
    "review_id": "9097042",
    "movie_id": "103671",
    "author": "kkkq****",
    "review": "크게 기대는 안했는데 되게 재밌었어요",
    "rating": "9",
    "date": "14.08.16"
  },
  {
    "review_id": "8970235",
    "movie_id": "103671",
    "author": "erov****",
    "review": "별 기대 안했는데 꽤 재미있네요",
    "rating": "9",
    "date": "14.07.27"
  },
  {
    "review_id": "8932550",
    "movie_id": "103671",
    "author": "akse****",
    "review": "낚여서봤는데 보기불편할정도로 오글거림 특히 중간에 한번씩나오는 한국어 심각하게 오글거려서 보기불편해서 껐다",
    "rating": "1",
    "date": "14.07.20"
  },
  {
    "review_id": "8914979",
    "movie_id": "103671",
    "author": "dbsg****",
    "review": "굿굿!!!연기잘한다~~",
    "rating": "10",
    "date": "14.07.14"
  },
  {
    "review_id": "8891634",
    "movie_id": "103671",
    "author": "love****",
    "review": "효민연기도 좋고 재밌네요",
    "rating": "10",
    "date": "14.07.06"
  },
  {
    "review_id": "8873995",
    "movie_id": "103671",
    "author": "sdpt****",
    "review": "효민 화이팅!영화 내용도 좋다",
    "rating": "10",
    "date": "14.07.01"
  },
  {
    "review_id": "8868759",
    "movie_id": "103671",
    "author": "leh2****",
    "review": "재미있다기보다전로맨스를좋아하는데ㅋㅋㅋ그런스토리를잘만든것같네요효민연기도나쁜거같지않고ㅋㅋ볼만해요",
    "rating": "8",
    "date": "14.06.29"
  },
  {
    "review_id": "8861727",
    "movie_id": "103671",
    "author": "codl****",
    "review": "효민이 나와서 재미있었던 영화",
    "rating": "6",
    "date": "14.06.27"
  },
  {
    "review_id": "8861265",
    "movie_id": "103671",
    "author": "rorn****",
    "review": "별로기대안했는데 너무 좋앗어요 감동적... 별내용아닌데도 되게 재밌게봣네용 ㅠㅠ 추천합니당",
    "rating": "8",
    "date": "14.06.27"
  },
  {
    "review_id": "8831889",
    "movie_id": "103671",
    "author": "hooo****",
    "review": "헐! 아무기대 안하고 봤는데  효민 일본말 한국말 섞어 하면서 연기도 잘하네요 ㅎ    잔잔한 일본 로맨스 영화 본기분? ㅎ  여러분도 사랑하는 사람이  근처에 있다면 포기 하지 마세요!",
    "rating": "8",
    "date": "14.06.15"
  },
  {
    "review_id": "8771404",
    "movie_id": "103671",
    "author": "gkks****",
    "review": "별로감흥도없고 재미도없었습니다.",
    "rating": "1",
    "date": "14.05.28"
  },
  {
    "review_id": "8764813",
    "movie_id": "103671",
    "author": "yama****",
    "review": "유치해.으아아멍우이",
    "rating": "2",
    "date": "14.05.25"
  },
  {
    "review_id": "8729175",
    "movie_id": "103671",
    "author": "sasa****",
    "review": "잊을수없는데.. 잊어야하는데 못 잊는데",
    "rating": "10",
    "date": "14.05.14"
  },
  {
    "review_id": "8714243",
    "movie_id": "103671",
    "author": "encj****",
    "review": "볼만함~역시 사랑은 어려워",
    "rating": "10",
    "date": "14.05.07"
  },
  {
    "review_id": "8711463",
    "movie_id": "103671",
    "author": "tenf****",
    "review": "추천합니다 여러모로 괜찮게 만들은 영화",
    "rating": "10",
    "date": "14.05.06"
  },
  {
    "review_id": "8686588",
    "movie_id": "103671",
    "author": "tjda****",
    "review": "정말 볼만한 영화입니다. 안보신분 꼭 보시길.",
    "rating": "10",
    "date": "14.05.01"
  },
  {
    "review_id": "8671029",
    "movie_id": "103671",
    "author": "swee****",
    "review": "정말 눈물만 계속 흘렸던 영화입니다.고맙습니다..좋은영화를 보게 되어 영광입니다.",
    "rating": "10",
    "date": "14.04.25"
  },
  {
    "review_id": "8669667",
    "movie_id": "103671",
    "author": "iron****",
    "review": "주연: 생각보다 연기 잘했음.내용: 뻔한 스토리지만 재미있었음아쉬운점: 주연과 조연과의 밝고 어두운 연기가 너무 대조적이랄까...주연의 밝은 연기가 주변과 조금은 어울리지 않는 느낌이 있었지만,,, 그래도 전체적으로 재미있게 봤습니다.",
    "rating": "9",
    "date": "14.04.24"
  },
  {
    "review_id": "8660426",
    "movie_id": "103671",
    "author": "siae****",
    "review": "진짜 댓글보고 안보려 했었는데 볼영화 없어서 봤는데 진짜 재밌습니다..평점 1~2점 믿지마세여 효민 씨도 연기 잘하시고 감동도 있어요 ㅠㅠ 개인취향 일수도있는데 진짜 재밌게 봤습니다!",
    "rating": "10",
    "date": "14.04.20"
  },
  {
    "review_id": "8653997",
    "movie_id": "103671",
    "author": "kate****",
    "review": "다소 밋밋하다. 그냥 그렇다.",
    "rating": "5",
    "date": "14.04.16"
  },
  {
    "review_id": "8653868",
    "movie_id": "103671",
    "author": "ffff****",
    "review": "효민 연기잘했다고??? 보는동안 손발이다부끄러움. 개어색하던데.",
    "rating": "2",
    "date": "14.04.16"
  },
  {
    "review_id": "8653399",
    "movie_id": "103671",
    "author": "aldr****",
    "review": "그 일본 집주인이 한국어 하는거 보고 보기 많이 안좋았다 .너무 내용에 비해 상영시간도 길구....",
    "rating": "4",
    "date": "14.04.16"
  },
  {
    "review_id": "8646260",
    "movie_id": "103671",
    "author": "chae****",
    "review": "먼 항마력 테스트도 아니고",
    "rating": "4",
    "date": "14.04.13"
  },
  {
    "review_id": "8643598",
    "movie_id": "103671",
    "author": "sung****",
    "review": "솔직히 이건 팬으로서가 아니라 내용도 괞찬고 출현진의 연기도 괞찬응",
    "rating": "10",
    "date": "14.04.11"
  },
  {
    "review_id": "8642793",
    "movie_id": "103671",
    "author": "un86****",
    "review": "연기도 노래도 만점!!",
    "rating": "10",
    "date": "14.04.11"
  },
  {
    "review_id": "8635276",
    "movie_id": "103671",
    "author": "4_si****",
    "review": "중간 부분에서 고백연습하기가 좀 \"뭐지\" 라는 생각은 들기 했지만나름 재밌게 보았고 마지막도 감동 감동 감동 이였던 영화 였습니다잘봤습니다 티아라 효민님!! 연기 잘하시네요  ♡ ^ ♡",
    "rating": "10",
    "date": "14.04.07"
  },
  {
    "review_id": "8635073",
    "movie_id": "103671",
    "author": "xx41****",
    "review": "아마도 티아라 사건때문에 인식이 안좋아서 이영화가 평이 안좋은 같음 일단 영화 자체는 좋았다",
    "rating": "8",
    "date": "14.04.07"
  },
  {
    "review_id": "8631301",
    "movie_id": "103671",
    "author": "ghdu****",
    "review": "다른 건 모르겠고 일어 할 줄 아는 나로서는 효민의 어색한 일본어가 손잘이 오그라 들어서 못보겠네...",
    "rating": "6",
    "date": "14.04.06"
  },
  {
    "review_id": "8627618",
    "movie_id": "103671",
    "author": "kala****",
    "review": "일부 영화로서 부족한 점이 있고, 시기적으로 흥행하기 힘든 소재였지만 팬으로 재미있게 봤습니다. 잔잔하게 볼 수 있는 영화였네요.",
    "rating": "10",
    "date": "14.04.04"
  },
  {
    "review_id": "8625629",
    "movie_id": "103671",
    "author": "qorl****",
    "review": "알바 많네 치아라 저리 치아라",
    "rating": "1",
    "date": "14.04.03"
  },
  {
    "review_id": "8624701",
    "movie_id": "103671",
    "author": "jjay****",
    "review": "그거 알아? 효민발음이 상당히 정확하다는거..정확히 말하면 성조가 일본어 꽤 한느낌?",
    "rating": "9",
    "date": "14.04.03"
  },
  {
    "review_id": "8618951",
    "movie_id": "103671",
    "author": "gjdm****",
    "review": "사스가 졸작데스요네~ 평점와 주작데스요!!",
    "rating": "2",
    "date": "14.03.30"
  },
  {
    "review_id": "8618819",
    "movie_id": "103671",
    "author": "yhj9****",
    "review": "연애 징크스!!! 짱짱♡",
    "rating": "10",
    "date": "14.03.30"
  },
  {
    "review_id": "8616978",
    "movie_id": "103671",
    "author": "se7e****",
    "review": "정말 영화을 위해서 일본어를 공부해느라 고생했습니다오랜만에 이런 영화를 봐서 많이 좋았습니다",
    "rating": "9",
    "date": "14.03.30"
  },
  {
    "review_id": "8613549",
    "movie_id": "103671",
    "author": "1026****",
    "review": "남녀배우들의 연기가 어색하기 짝이없었음 첫사랑의 풋풋함과 가슴아픈 첫사랑의 아련함을 믹스하려다 실패한듯한? 초반부보다 후반부의 영상미가 뛰어났다는건 각인시킨 듯. 후반부 영상미덕에 1점 더줌",
    "rating": "4",
    "date": "14.03.28"
  },
  {
    "review_id": "8612461",
    "movie_id": "103671",
    "author": "boyt****",
    "review": "효민누나 때문에 봤는데 연기 짱이네요 진짜 너무 잘봤습니다 집중도 쩔엇어요 일본배우분들도 나이 어린대도 연기 잘하시고 너무 재미있었습니다.아프로도 이런영화 많이많이 찍으세요^^ 굿잼.",
    "rating": "10",
    "date": "14.03.28"
  },
  {
    "review_id": "8611061",
    "movie_id": "103671",
    "author": "gige****",
    "review": "한국여자의오글거리는오버연기",
    "rating": "1",
    "date": "14.03.27"
  },
  {
    "review_id": "8610627",
    "movie_id": "103671",
    "author": "rkgm****",
    "review": "재밌어요 끝까지봐야지 왜 재밌는지 슬픈지알아요 ㅜ",
    "rating": "10",
    "date": "14.03.27"
  },
  {
    "review_id": "8609597",
    "movie_id": "103671",
    "author": "nba1****",
    "review": "스토리는 진부한데, 객관적으로 보면 효민이 연기 잘했음.",
    "rating": "5",
    "date": "14.03.27"
  },
  {
    "review_id": "8607072",
    "movie_id": "103671",
    "author": "dlad****",
    "review": "정말정말정말 재미잇었구요 효민누나 연기잘하시네요 좀 어색하긴했지만 본업이 가수이다보니그렇다치죠 ㅋㅋ어째든 너무재미잇었습니다 ㅎㅎ",
    "rating": "10",
    "date": "14.03.26"
  },
  {
    "review_id": "8606512",
    "movie_id": "103671",
    "author": "hopp****",
    "review": "예고편만 봤을땐 좋았다.. 근데 효민나와서 안볼거 같다.. 미안하네..",
    "rating": "8",
    "date": "14.03.25"
  },
  {
    "review_id": "8606212",
    "movie_id": "103671",
    "author": "enik****",
    "review": "작품이던 연기던 뛰어나건 말건 포장뜯으면 결론 쓰레기다.  폭력물이네",
    "rating": "1",
    "date": "14.03.25"
  },
  {
    "review_id": "8606033",
    "movie_id": "103671",
    "author": "osd7****",
    "review": "효린 연기력이 영화다망첬네....대사.웃는 장면나올땨마다 내가더 소름끼치네...왠만하면 영화 보면 끝까지보는데 초반부부터 보기싫게만드네..",
    "rating": "2",
    "date": "14.03.25"
  },
  {
    "review_id": "8605882",
    "movie_id": "103671",
    "author": "oliv****",
    "review": "중간까진재밋엇는대점점지루한감은있네요 마지막장면은좀짠함 그냥soso!!",
    "rating": "6",
    "date": "14.03.25"
  },
  {
    "review_id": "8605246",
    "movie_id": "103671",
    "author": "love****",
    "review": "효민의 발연기 잘보았습니다. (알바들 평점주느라 고생들이 많다)",
    "rating": "1",
    "date": "14.03.25"
  },
  {
    "review_id": "8604918",
    "movie_id": "103671",
    "author": "elit****",
    "review": "재밌다!! 최근에 본 영화중에 탑인듯",
    "rating": "10",
    "date": "14.03.25"
  },
  {
    "review_id": "8603295",
    "movie_id": "103671",
    "author": "uey3****",
    "review": "영화에서 나왔던말중에.. 사랑은 행복한 만큼 이별이란 것이 다가왔을때 그 아픔이 배가 되는것이다.. 필자도 그 이별의 아픔이 두려워서.. 사랑하는걸 무서워 하고 멀리하고 있지만.. 주변에 윤지호 같은 친구 있었으면 좋겠네요  암틈 무지 재밋었습니다..",
    "rating": "10",
    "date": "14.03.24"
  },
  {
    "review_id": "8602650",
    "movie_id": "103671",
    "author": "swyd****",
    "review": "영화선택하는데  도움되게 평점좀 썼으면 좋겠네 10점은 아니지만 7점정도의 재미는 있는듯 영상미나  배우들의 풋풋함이 있어서 좋았음~개연성이나 어색한부분이 단점인것도 있지만  연기도 괜찮고 새롭진 않지만 볼만하다고 생각함~",
    "rating": "10",
    "date": "14.03.24"
  },
  {
    "review_id": "8602482",
    "movie_id": "103671",
    "author": "qkrt****",
    "review": "대박..나일본멜로진짜좋아하는데이건정말최악...재미없음..보는내내집중안되는영화는이게쵝오!재밌다는사람은뭥미..초딩도집중못할듯...돈진짜아까움..아개짜증나지루하고뻔한내용에스토리자체가최악임..",
    "rating": "1",
    "date": "14.03.24"
  },
  {
    "review_id": "8602341",
    "movie_id": "103671",
    "author": "huri****",
    "review": "ㅅㅅㅁㅅ//ㅅㅅㅁㅅ",
    "rating": "1",
    "date": "14.03.24"
  },
  {
    "review_id": "8601556",
    "movie_id": "103671",
    "author": "suns****",
    "review": "난 이런 아이들 나오는 영화는 안본다.  추천하지 마라.",
    "rating": "1",
    "date": "14.03.23"
  },
  {
    "review_id": "8600998",
    "movie_id": "103671",
    "author": "azsx****",
    "review": "티아라를 좋아하지만 솔직히 재미는없었다...",
    "rating": "5",
    "date": "14.03.23"
  },
  {
    "review_id": "8599370",
    "movie_id": "103671",
    "author": "drea****",
    "review": "기대안하고 봤는데 너무 재밌었어요! ^^",
    "rating": "10",
    "date": "14.03.23"
  },
  {
    "review_id": "8599188",
    "movie_id": "103671",
    "author": "tkdl****",
    "review": "효민 연기못해서 못보겟어 레알",
    "rating": "1",
    "date": "14.03.23"
  },
  {
    "review_id": "8599079",
    "movie_id": "103671",
    "author": "tkfl****",
    "review": "스토리짱짱좋으뮤ㅠㅠ진짜알바아니고 진짜 행복한영화ㅠㅠㅠㅠ",
    "rating": "10",
    "date": "14.03.23"
  },
  {
    "review_id": "8598763",
    "movie_id": "103671",
    "author": "wjda****",
    "review": "전 티아라팬아니고 친구가 티아라팬인데 추천해줘서봤는데 아... 존나 눙물  내용도좋아요 연애를한번해본분있다면 진짜 꼭보시길",
    "rating": "10",
    "date": "14.03.23"
  },
  {
    "review_id": "8597931",
    "movie_id": "103671",
    "author": "wjsr****",
    "review": "효민에 대한 이미지(?)나 한국말과 일본어를 번갈아 쓰는 장면의 어색함이 느껴져 거부감 내지는 편견을 갖고 보게되었는데 어느새 영화 전반에 걸친 풋풋함과 익숙한 이야기진행에 빠져들어 즐기고 있는 나를 발견함.. 생각이상으로 잘만든 느낌",
    "rating": "7",
    "date": "14.03.22"
  },
  {
    "review_id": "8597588",
    "movie_id": "103671",
    "author": "dltn****",
    "review": "왕따 정말 잘시키시고 학창시절에 몸좀놀려보셨던분이시네요 ㅎㅎ",
    "rating": "1",
    "date": "14.03.22"
  },
  {
    "review_id": "8596730",
    "movie_id": "103671",
    "author": "jins****",
    "review": "여기 평점 알바들이 왜이렇게 많죠? 평점 어떤지 보구 영화 보려구 했는데 분위기보니 점수조작 같아서 못보겠네요..",
    "rating": "1",
    "date": "14.03.22"
  },
  {
    "review_id": "8596178",
    "movie_id": "103671",
    "author": "top8****",
    "review": "절대 보진 않겟지만 생수가 쩔게,,,   어? 전체 관람가네?",
    "rating": "1",
    "date": "14.03.22"
  },
  {
    "review_id": "8596029",
    "movie_id": "103671",
    "author": "ash7****",
    "review": "기대가 되는 영화네요 다른의미로",
    "rating": "1",
    "date": "14.03.22"
  },
  {
    "review_id": "8595925",
    "movie_id": "103671",
    "author": "guss****",
    "review": "언제까지 버틸셈이야?? 진짜 신기하다 ㅎㄷㄷ",
    "rating": "1",
    "date": "14.03.22"
  },
  {
    "review_id": "8595916",
    "movie_id": "103671",
    "author": "tkaq****",
    "review": "양심없나ㅉ ㅉ알바애미OO",
    "rating": "1",
    "date": "14.03.22"
  },
  {
    "review_id": "8595828",
    "movie_id": "103671",
    "author": "ohna****",
    "review": "아 좀 치아라ㅡㅡ 뭔 갑자기 알바를 풀고그래여",
    "rating": "1",
    "date": "14.03.22"
  },
  {
    "review_id": "8595559",
    "movie_id": "103671",
    "author": "murd****",
    "review": "오..알바들 많은데? ㅋ",
    "rating": "1",
    "date": "14.03.22"
  },
  {
    "review_id": "8595161",
    "movie_id": "103671",
    "author": "mear****",
    "review": "잼없네... 그냥 연기잘하는 배우쓰지...참...",
    "rating": "1",
    "date": "14.03.22"
  },
  {
    "review_id": "8594542",
    "movie_id": "103671",
    "author": "klei****",
    "review": "아... 2주 됐구나.. 그래서 이렇게 알바들이 난리를 치는구나..",
    "rating": "1",
    "date": "14.03.22"
  },
  {
    "review_id": "8567464",
    "movie_id": "103671",
    "author": "dmsw****",
    "review": "알바좀그만풀어라 이런영화에",
    "rating": "1",
    "date": "14.03.10"
  },
  {
    "review_id": "8565581",
    "movie_id": "103671",
    "author": "sjy9****",
    "review": "기자 평 11글자로 하고 점수 5점 달아 놓네요",
    "rating": "10",
    "date": "14.03.09"
  },
  {
    "review_id": "8556807",
    "movie_id": "103671",
    "author": "maju****",
    "review": "저리 치아라. 저리 치아라",
    "rating": "1",
    "date": "14.03.05"
  },
  {
    "review_id": "8556230",
    "movie_id": "103671",
    "author": "joy3****",
    "review": "효민 짱 상영관이많이없어서 아쉽다.. 그래도 효민이 연기를 잘한다",
    "rating": "10",
    "date": "14.03.04"
  },
  {
    "review_id": "8546388",
    "movie_id": "103671",
    "author": "beat****",
    "review": "평점이 왜이렇게 높나요????",
    "rating": "1",
    "date": "14.02.28"
  },
  {
    "review_id": "8545706",
    "movie_id": "103671",
    "author": "rmkx****",
    "review": "섹스머신 섹스머신 섹스머신 섹스머신",
    "rating": "1",
    "date": "14.02.28"
  },
  {
    "review_id": "8545557",
    "movie_id": "103671",
    "author": "d_c_****",
    "review": "ㅠㅠ 왜 평점 댓글이 마치 알바들 댓글 같냐 에궁 너무 불쌍하네 감독이 무슨 죄일까",
    "rating": "1",
    "date": "14.02.28"
  },
  {
    "review_id": "8545507",
    "movie_id": "103671",
    "author": "jytj****",
    "review": "이 영화  치아라 ㅋㅋ 0점은 못 주나 보네 아쉽다..",
    "rating": "1",
    "date": "14.02.28"
  },
  {
    "review_id": "8545187",
    "movie_id": "103671",
    "author": "snow****",
    "review": "알바, 빠순님들 이제 볼일 다 보셨나요? 그럼 이제 슬슬 평점 1점을 향해 달려 보실까요?",
    "rating": "1",
    "date": "14.02.28"
  },
  {
    "review_id": "8544659",
    "movie_id": "103671",
    "author": "hsb8****",
    "review": "굳굳ㅋ 그냥 효민이나와서재미짐",
    "rating": "10",
    "date": "14.02.28"
  },
  {
    "review_id": "8542129",
    "movie_id": "103671",
    "author": "kcs9****",
    "review": "쓰레기들 찬양해서 몇천만원씩 벌면서 잘살면 모르겠는데... 인생 왜 그렇게 사니",
    "rating": "1",
    "date": "14.02.27"
  },
  {
    "review_id": "8538518",
    "movie_id": "103671",
    "author": "neo1****",
    "review": "알바가 판치는 네이버 평점...",
    "rating": "1",
    "date": "14.02.26"
  },
  {
    "review_id": "8537851",
    "movie_id": "103671",
    "author": "mink****",
    "review": "효민누나 재밋게 잘봣어요 ㅎㅎ",
    "rating": "10",
    "date": "14.02.26"
  }
]