[
  {
    "review_id": "8665577",
    "movie_id": "103635",
    "author": "happ****",
    "review": "벌로재미없고 드라마스페셜 폐지한다.ㅋㅋ",
    "rating": "1",
    "date": "14.04.22"
  },
  {
    "review_id": "8656604",
    "movie_id": "103635",
    "author": "cine****",
    "review": "사교육 고발  전문 작가의 탄생인가?",
    "rating": "8",
    "date": "14.04.18"
  },
  {
    "review_id": "7542698",
    "movie_id": "103635",
    "author": "yell****",
    "review": "재방송 봤습니다정말최고최고!! 작가님 실력좋으시네요",
    "rating": "10",
    "date": "13.05.19"
  },
  {
    "review_id": "7503831",
    "movie_id": "103635",
    "author": "gblo****",
    "review": "정말 현실을 너무나도 잘 반영한 영화! 대단합니다!",
    "rating": "10",
    "date": "13.05.03"
  },
  {
    "review_id": "7453705",
    "movie_id": "103635",
    "author": "dogs****",
    "review": "정말 재미있게 봤습니다.역대 드라마 스페셜 중에 최고입니다....아기를 둔 부모들은 꼭 보세요.......",
    "rating": "10",
    "date": "13.04.12"
  },
  {
    "review_id": "7446205",
    "movie_id": "103635",
    "author": "blac****",
    "review": "왜 아기를 엄마의 책임으로만 돌리는가 1화보고 정말 울컥하네....",
    "rating": "9",
    "date": "13.04.09"
  },
  {
    "review_id": "7435015",
    "movie_id": "103635",
    "author": "xodn****",
    "review": "드라마 스페셜 진짜 잘만드는 듯!",
    "rating": "10",
    "date": "13.04.04"
  },
  {
    "review_id": "7428759",
    "movie_id": "103635",
    "author": "deeg****",
    "review": "혹시 변정수씨편..집에 장미액자 구입하고 싶은데 아시는분 계시나요? 뭐라고 검색해야할지 좀 알려주세요~~~",
    "rating": "10",
    "date": "13.04.01"
  },
  {
    "review_id": "7403588",
    "movie_id": "103635",
    "author": "rim0****",
    "review": "진짜최고네요 영화보다 더재밋게봣어요!!",
    "rating": "10",
    "date": "13.03.24"
  },
  {
    "review_id": "7343364",
    "movie_id": "103635",
    "author": "ding****",
    "review": "완벽한 드라마엿슴니돠 ^^",
    "rating": "10",
    "date": "13.03.12"
  },
  {
    "review_id": "7339734",
    "movie_id": "103635",
    "author": "yj88****",
    "review": "진짜 잘봤어요ㅎ 신선하구!!",
    "rating": "10",
    "date": "13.03.11"
  },
  {
    "review_id": "7336388",
    "movie_id": "103635",
    "author": "5oo0****",
    "review": "재밌어",
    "rating": "10",
    "date": "13.03.10"
  },
  {
    "review_id": "7328261",
    "movie_id": "103635",
    "author": "miko****",
    "review": "잘보고있습니다",
    "rating": "10",
    "date": "13.03.06"
  },
  {
    "review_id": "7324486",
    "movie_id": "103635",
    "author": "kosm****",
    "review": "재밌네요",
    "rating": "8",
    "date": "13.03.04"
  },
  {
    "review_id": "7323207",
    "movie_id": "103635",
    "author": "iwit****",
    "review": "복잡해",
    "rating": "10",
    "date": "13.03.04"
  }
]