[
  {
    "review_id": "10262442",
    "movie_id": "103762",
    "author": "atry****",
    "review": "그렇게 재미없으면 님들이 작가돼서 쓰던가 글쓰기얼마나어려운데 나는 누구에 팬은아니지만 재미있긴하구만 발연기 아닌던데 대게 괜찮던데 그리고 요즘영화는 옛날영화던 러브라인은 다있습니다 배우들은 돈벌어야지 진심 그런팬둔게 참 보기 안좋아요",
    "rating": "10",
    "date": "15.08.22"
  },
  {
    "review_id": "10231265",
    "movie_id": "103762",
    "author": "clar****",
    "review": "그래도 꽤 재밌게 보았네요ㅋㅋ",
    "rating": "10",
    "date": "15.08.14"
  },
  {
    "review_id": "10178970",
    "movie_id": "103762",
    "author": "conm****",
    "review": "ㅋㅋㅋ 몇점 줘야할지 몰라서 그냥 10점으로 해요... 집에서 봤는데 상당히 오글거리는 대사라던지 연출때문에 피식피식 웃음이... 근데 뭔가 재밌음 ㅋㅋㅋ 보기싫은 오글거림이 아니라 뭐랄까... 여하튼... ㅋㅋㅋㅋ 극장에서 봤다면 음...",
    "rating": "10",
    "date": "15.08.03"
  },
  {
    "review_id": "10164846",
    "movie_id": "103762",
    "author": "yjju****",
    "review": "머하자는거여시방머하자는거여시방머하자는거여시방머하자는거여시방",
    "rating": "1",
    "date": "15.07.31"
  },
  {
    "review_id": "10151031",
    "movie_id": "103762",
    "author": "eocj****",
    "review": "와 씹노잼 그냥 보가다 잤다",
    "rating": "1",
    "date": "15.07.27"
  },
  {
    "review_id": "10111368",
    "movie_id": "103762",
    "author": "gmn0****",
    "review": "진짜 재미있게 봤어요! 기대한 것보다 더 재미있었어요~",
    "rating": "9",
    "date": "15.07.17"
  },
  {
    "review_id": "10091315",
    "movie_id": "103762",
    "author": "7761****",
    "review": "돈  아까운영화ㅠㅠㅠㅠ서인국은 조연급이  적당",
    "rating": "1",
    "date": "15.07.11"
  },
  {
    "review_id": "10084040",
    "movie_id": "103762",
    "author": "klj0****",
    "review": "별 내용도 없는걸 젊은남자배우들 간판으로만 세우고 해야만 했나;;오글거려서 별로야;;왜 한국영화는 걸핏하면 이런걸 낼까",
    "rating": "1",
    "date": "15.07.09"
  },
  {
    "review_id": "10056001",
    "movie_id": "103762",
    "author": "hyki****",
    "review": "이런 청춘물 아주 좋아 ^^, 참고로 대학교 체육수업때 수영실기평가에서 노브레싱 까진 아니고 5~6번 팔질에 호흡은 한번하고 수영했는데, 자기가 가르친데로 안했다고 C받았음 , 기집애들은 물에 발만 담그면 기본 A주고, 개객퀴",
    "rating": "10",
    "date": "15.06.30"
  },
  {
    "review_id": "9764278",
    "movie_id": "103762",
    "author": "anl7****",
    "review": "조항요용 조아용 굳굳굳",
    "rating": "10",
    "date": "15.03.07"
  },
  {
    "review_id": "9698584",
    "movie_id": "103762",
    "author": "rach****",
    "review": "아직도 잊혀지지 않는 영화입니다",
    "rating": "10",
    "date": "15.02.15"
  },
  {
    "review_id": "9662204",
    "movie_id": "103762",
    "author": "love****",
    "review": "배우 활용이 아깝네요 ㅠ",
    "rating": "10",
    "date": "15.02.03"
  },
  {
    "review_id": "9662013",
    "movie_id": "103762",
    "author": "ziyi****",
    "review": "소녀시대 유리가 주연으로 출연하여 빛난 영화인것 같습니다. 유리의 상대 배역으로 서인국보다 더 멋진 남자가 캐스팅 되었어야 맞다고 봅니다. 그리고 내용중에 서인국이 악역은 아니지만 이종석을 경쟁자로 보고 이종석은  서인국을그냥 친구로 보는것 같네요.",
    "rating": "9",
    "date": "15.02.03"
  },
  {
    "review_id": "9645633",
    "movie_id": "103762",
    "author": "gnuy****",
    "review": "처음으로 영화보다가 영화관을 나오게 만든 영화. 스토리 전개도 두서없고, 쌩뚱맞고 연관성이 없었다. 그리고 노브리딩이에요, 브레싱이 아니라",
    "rating": "1",
    "date": "15.01.28"
  },
  {
    "review_id": "9616972",
    "movie_id": "103762",
    "author": "bklo****",
    "review": "가볍게 보기 좋은 영화. 청춘영화의 요소가 다 들어가  아쉬운 감이 없잖아 있지만 서인국과 이종석의 자연스러운 연기가 좋았음!",
    "rating": "10",
    "date": "15.01.20"
  },
  {
    "review_id": "9581019",
    "movie_id": "103762",
    "author": "alwl****",
    "review": "영화를 숨참고 만들었나봐요 ㅋㅋ 그냥 열심히 하는 배우들을 응원할뿐...",
    "rating": "1",
    "date": "15.01.10"
  },
  {
    "review_id": "9564862",
    "movie_id": "103762",
    "author": "devi****",
    "review": "뭐지....가나다라마",
    "rating": "1",
    "date": "15.01.05"
  },
  {
    "review_id": "9550454",
    "movie_id": "103762",
    "author": "zaza****",
    "review": "유리혼자 70년대 영화찍는줄ㅋㅋㅋㅋ 목소리,움직임..오글오글 패션왕때도 뭔가 그러더니.. 그래도 이쁘긴하더라 아이돌가수만하는게...^^;",
    "rating": "5",
    "date": "15.01.02"
  },
  {
    "review_id": "9550380",
    "movie_id": "103762",
    "author": "bonv****",
    "review": "서인국은 역시 연기잘하고 이종석 몸만들라고 노력한게 눈에 보여서 5점은 준다. 스토리가 개유치그자체. 킬링타임으로 비웃으며 보기에 좋네",
    "rating": "5",
    "date": "15.01.02"
  },
  {
    "review_id": "9550244",
    "movie_id": "103762",
    "author": "dowl****",
    "review": "서인국.이종석.박철민..연기자들의연기가 참 좋았다 짱!",
    "rating": "10",
    "date": "15.01.02"
  },
  {
    "review_id": "9543746",
    "movie_id": "103762",
    "author": "mygo****",
    "review": "박철민씨와 서인국씨의 콤비 호흡이 좋았네요통속적일수있지만 하이틴영화로 보기엔 나쁘지않았음수영소재가 신선",
    "rating": "9",
    "date": "15.01.01"
  },
  {
    "review_id": "9460536",
    "movie_id": "103762",
    "author": "ilys****",
    "review": "서인국 연기가 다했다!!",
    "rating": "10",
    "date": "14.12.09"
  },
  {
    "review_id": "9418655",
    "movie_id": "103762",
    "author": "nazi****",
    "review": "진짜 너무 재미업가 배우들 다 연기그 구리다 특히 서인국 권유리",
    "rating": "1",
    "date": "14.11.24"
  },
  {
    "review_id": "9346998",
    "movie_id": "103762",
    "author": "kyun****",
    "review": "지들끼리 북치고 장구치는데 웃어주랴?",
    "rating": "2",
    "date": "14.11.06"
  },
  {
    "review_id": "9346348",
    "movie_id": "103762",
    "author": "dais****",
    "review": "내용 쫌 오글거리긴한데 이종석,서인국 보는맛에 봄ㅋ근데 유리 연기는 쫌ㄷㄷ유리연기가 젤 오글거림 ㅜ보는 내가 민망함",
    "rating": "3",
    "date": "14.11.06"
  },
  {
    "review_id": "9346345",
    "movie_id": "103762",
    "author": "jung****",
    "review": "예상외로 재미있네 .. 원래는8점 /평점낮아+1",
    "rating": "9",
    "date": "14.11.06"
  },
  {
    "review_id": "9341621",
    "movie_id": "103762",
    "author": "kyn9****",
    "review": "그냥 볼만했다. 이종석 서인국 둘다 멋있었음",
    "rating": "6",
    "date": "14.11.05"
  },
  {
    "review_id": "9341604",
    "movie_id": "103762",
    "author": "joyd****",
    "review": "권유리 진짜 연기하지마라",
    "rating": "1",
    "date": "14.11.05"
  },
  {
    "review_id": "9336929",
    "movie_id": "103762",
    "author": "o3ob****",
    "review": "제발..소녀시대님 부탁합니다 되도않되는 연기하지마세요 제발ㅠㅠ 여기나오는애는 윤아처럼 이쁘지도않고 태연처럼 노래잘하는것도 아닌 무존재라 연기로라도. 해볼라하는거같은데 ㅠㅠ 재뿌리기..제발 대한민국 영화계를 망치지마요",
    "rating": "1",
    "date": "14.11.02"
  },
  {
    "review_id": "9336478",
    "movie_id": "103762",
    "author": "1004****",
    "review": "유치찬란한 로맨스만 안 넣었어도 4점은 줬을텐데..",
    "rating": "2",
    "date": "14.11.02"
  },
  {
    "review_id": "9336241",
    "movie_id": "103762",
    "author": "ncc0****",
    "review": "권유리 멋지다!!!!",
    "rating": "10",
    "date": "14.11.02"
  },
  {
    "review_id": "9333448",
    "movie_id": "103762",
    "author": "ange****",
    "review": "서인국 디테일한 깨알같은 연기가 넘 좋았다",
    "rating": "10",
    "date": "14.11.01"
  },
  {
    "review_id": "9298072",
    "movie_id": "103762",
    "author": "dbsg****",
    "review": "스토리가 최악인거냐, 연출이 최악인건지...",
    "rating": "1",
    "date": "14.10.17"
  },
  {
    "review_id": "9287031",
    "movie_id": "103762",
    "author": "zxc1****",
    "review": "10대 소녀들만 열광할 수 있을 배우와 장면을 보여주는데, 다른 관객들에겐 너무 지루하고 진부하며 재미가 없다. 게다가 소녀들의 판타지도 제대로 충족시켜주지 못한다.",
    "rating": "4",
    "date": "14.10.12"
  },
  {
    "review_id": "9275847",
    "movie_id": "103762",
    "author": "ohva****",
    "review": "클래멘타인 이후 최고의 영화!!!",
    "rating": "10",
    "date": "14.10.08"
  },
  {
    "review_id": "9270299",
    "movie_id": "103762",
    "author": "ogr5****",
    "review": "성장영화로도 청춘영화로도 무호흡.",
    "rating": "3",
    "date": "14.10.06"
  },
  {
    "review_id": "9267208",
    "movie_id": "103762",
    "author": "rldn****",
    "review": "소녀시대 \" 유리 \" 가 왜 이 영화가 나오는 거냐...",
    "rating": "1",
    "date": "14.10.05"
  },
  {
    "review_id": "9263156",
    "movie_id": "103762",
    "author": "lhsh****",
    "review": "러브라인은 이도저도 아닌느낌이였지만 남주들이 이끌어간 스토리라인 자체는 괜찮았던!",
    "rating": "8",
    "date": "14.10.04"
  },
  {
    "review_id": "9262838",
    "movie_id": "103762",
    "author": "poop****",
    "review": "이런걸 10점씩이나 주는 사람들은 대단한것같다...저 배우들로 이런 스토리라니...차라리 내가 더 잘쓰겠다.",
    "rating": "6",
    "date": "14.10.04"
  },
  {
    "review_id": "9230134",
    "movie_id": "103762",
    "author": "kdh3****",
    "review": "이 영화를 지금까지도 안봤다면,지금 당장 달려가서 보아야 할 영화라고 말하고 싶다!웃음가득,눈물가득,감동가득,희망가득한 밥을 배부르게 먹은 기분이라고 할만큼,영화가 끝나는 순간까지 입가에 머금은 미소를 떨칠래야 떨칠수가 없을만큼,기분좋은 영화!",
    "rating": "10",
    "date": "14.09.20"
  },
  {
    "review_id": "9202674",
    "movie_id": "103762",
    "author": "hoya****",
    "review": "내 아까운 두 시간 돌려주소",
    "rating": "1",
    "date": "14.09.11"
  },
  {
    "review_id": "9189995",
    "movie_id": "103762",
    "author": "pass****",
    "review": "오글거려 죽을뻔함 서인국이 가끔 인공호흡해줌",
    "rating": "4",
    "date": "14.09.09"
  },
  {
    "review_id": "9126137",
    "movie_id": "103762",
    "author": "wosp****",
    "review": "이딴 거지같은 영화는 처음봄",
    "rating": "1",
    "date": "14.08.23"
  },
  {
    "review_id": "9092598",
    "movie_id": "103762",
    "author": "kozz****",
    "review": "이종석은 들마에서 많이 봐왔던 연기를 서인국은 정말 조원일 같았다 스토리는 하이틴로맨스도 아니고 러브라인은 안어울렸다 수영과 우상.원일의 우정에 좀 더 집중했더라면 더더 좋았을것 같다 제목은 노브레싱 스토리는 하이틴삼각로맨스에 수영 조금.. 아쉬웠다",
    "rating": "8",
    "date": "14.08.15"
  },
  {
    "review_id": "9089851",
    "movie_id": "103762",
    "author": "eyan****",
    "review": "뭔가 손발이 오글오글한 영화...서인국 박철민 없었으면 어쩔뻔 했어 아휴...",
    "rating": "5",
    "date": "14.08.15"
  },
  {
    "review_id": "9047392",
    "movie_id": "103762",
    "author": "o311****",
    "review": "그냥 추천!! 보시면알아용ㅎ",
    "rating": "10",
    "date": "14.08.07"
  },
  {
    "review_id": "9028823",
    "movie_id": "103762",
    "author": "ljy3****",
    "review": "노브레싱보고 서인국 좋아하기 시작함 정말 재밌게 봤어요...^^",
    "rating": "10",
    "date": "14.08.05"
  },
  {
    "review_id": "9007690",
    "movie_id": "103762",
    "author": "daga****",
    "review": "서인국 연기에 놀랐다.",
    "rating": "10",
    "date": "14.08.02"
  },
  {
    "review_id": "9004483",
    "movie_id": "103762",
    "author": "bear****",
    "review": "진짜 재밌어요!! 서인국 이종석 짱!!",
    "rating": "10",
    "date": "14.08.01"
  },
  {
    "review_id": "8965264",
    "movie_id": "103762",
    "author": "wg75****",
    "review": "서인국이종석 둘다 연기 정말 잘하네요 중간중간에 박철민씨코믹요소도ㅋㅋㅋㅋ",
    "rating": "10",
    "date": "14.07.26"
  },
  {
    "review_id": "8952803",
    "movie_id": "103762",
    "author": "gjw0****",
    "review": "그래서 이 영화에 유리는 무슨역활인거죠",
    "rating": "3",
    "date": "14.07.24"
  },
  {
    "review_id": "8945078",
    "movie_id": "103762",
    "author": "ssad****",
    "review": "유리가노래부르는것만빼면조은듯",
    "rating": "5",
    "date": "14.07.23"
  },
  {
    "review_id": "8944437",
    "movie_id": "103762",
    "author": "hnhe****",
    "review": "영화에 투자안한게너무티나고영화까지만들 필요는 없었던듯.. 그냥 타임킬링용? 케이티엑스에서 봤는데 그냥저냥 ..",
    "rating": "6",
    "date": "14.07.23"
  },
  {
    "review_id": "8932807",
    "movie_id": "103762",
    "author": "qili****",
    "review": "유리 예쁨~~~~생각보다 스토리 좋은.",
    "rating": "10",
    "date": "14.07.20"
  },
  {
    "review_id": "8931647",
    "movie_id": "103762",
    "author": "cher****",
    "review": "상큼한 청춘영화 즐겁게 보기 괜찮음",
    "rating": "10",
    "date": "14.07.19"
  },
  {
    "review_id": "8915283",
    "movie_id": "103762",
    "author": "milk****",
    "review": "이런거 만들지 말자. 시간이 아깝다",
    "rating": "2",
    "date": "14.07.14"
  },
  {
    "review_id": "8910954",
    "movie_id": "103762",
    "author": "tjdg****",
    "review": "서인국 이종석 박철민 배우만 좋았지..내용은 그저그런...??볼만은 했는데 재밌지는 않았어요",
    "rating": "7",
    "date": "14.07.13"
  },
  {
    "review_id": "8905486",
    "movie_id": "103762",
    "author": "pass****",
    "review": "제작비가 아깝다 아직도 이런 영화가 만들어진다는게 창 피",
    "rating": "1",
    "date": "14.07.11"
  },
  {
    "review_id": "8878841",
    "movie_id": "103762",
    "author": "sky1****",
    "review": "산업폐기물 수준 보고 있자니 시간이 아깝다.",
    "rating": "1",
    "date": "14.07.03"
  },
  {
    "review_id": "8871123",
    "movie_id": "103762",
    "author": "ken9****",
    "review": "하..오글의 대명사. 미치도록 오글거림",
    "rating": "1",
    "date": "14.06.30"
  },
  {
    "review_id": "8869778",
    "movie_id": "103762",
    "author": "yeoj****",
    "review": "삼겹살 별점 10점 삼겹살 먹고 싶다....",
    "rating": "10",
    "date": "14.06.30"
  },
  {
    "review_id": "8863938",
    "movie_id": "103762",
    "author": "cham****",
    "review": "서인국 멋짐~~~~!!!",
    "rating": "10",
    "date": "14.06.28"
  },
  {
    "review_id": "8845397",
    "movie_id": "103762",
    "author": "kimc****",
    "review": "평점높은건 대부분 연기력좋다고 질러놨네",
    "rating": "1",
    "date": "14.06.21"
  },
  {
    "review_id": "8839308",
    "movie_id": "103762",
    "author": "koba****",
    "review": "서인국도 먹방 잘하는듯",
    "rating": "7",
    "date": "14.06.18"
  },
  {
    "review_id": "8811100",
    "movie_id": "103762",
    "author": "gkss****",
    "review": "아 왜? 난 재밌었는데.. 짱!! 살짝 아쉽긴 하다만 ..굳",
    "rating": "9",
    "date": "14.06.08"
  },
  {
    "review_id": "8808566",
    "movie_id": "103762",
    "author": "dabi****",
    "review": "정말감동적이네요..T-T 제친구는울었어요감동...",
    "rating": "10",
    "date": "14.06.07"
  },
  {
    "review_id": "8805377",
    "movie_id": "103762",
    "author": "marc****",
    "review": "수영인으로써 흐뭇하게 보았다.",
    "rating": "7",
    "date": "14.06.06"
  },
  {
    "review_id": "8779987",
    "movie_id": "103762",
    "author": "oojj****",
    "review": "막장은 드라마로 충분하다. 영화에서까지 이럴필요는 없다. 무슨 고기타령에. 아버지를 증오하다. 이해하게되고. 지루한 영화일뿐.",
    "rating": "2",
    "date": "14.05.31"
  },
  {
    "review_id": "8770770",
    "movie_id": "103762",
    "author": "gong****",
    "review": "한국영화 왜이래 아!!",
    "rating": "4",
    "date": "14.05.27"
  },
  {
    "review_id": "8769825",
    "movie_id": "103762",
    "author": "byun****",
    "review": "코치맡은 박정철 연기 진짜못하네..",
    "rating": "9",
    "date": "14.05.27"
  },
  {
    "review_id": "8767602",
    "movie_id": "103762",
    "author": "myna****",
    "review": "와 정말 재밌다 꼭 추천합니다.",
    "rating": "1",
    "date": "14.05.26"
  },
  {
    "review_id": "8764855",
    "movie_id": "103762",
    "author": "bbak****",
    "review": "음....네, 6점 드리겠습니다.   좋은 영화 였습니다.",
    "rating": "6",
    "date": "14.05.25"
  },
  {
    "review_id": "8762097",
    "movie_id": "103762",
    "author": "heyp****",
    "review": "유리도 안 보이더라.. 삼겹살 앞에선ㅠ.. 아 배고파.. 삼겹살 먹고싶다.",
    "rating": "7",
    "date": "14.05.25"
  },
  {
    "review_id": "8760364",
    "movie_id": "103762",
    "author": "mirj****",
    "review": "뭔가 부족한 영화... 아쉬움...",
    "rating": "6",
    "date": "14.05.24"
  },
  {
    "review_id": "8754422",
    "movie_id": "103762",
    "author": "fjql****",
    "review": "친구들한테 이종석 나온대 이거보자 라고 했던게 미안했던 영화 ㅋㅋㅋ  중딩애기들이 꺅꺅대는 영화ㅋㅋ 온몸 꼬여서 보다 나왔다  오글거리는거 나랑 안맞아..ㅠ 유리.. 하하핫 웃을때 어색소름 성장드라마 기대한다면 차라리 반올림을보는게ㅋㅋㅋ",
    "rating": "1",
    "date": "14.05.22"
  },
  {
    "review_id": "8741210",
    "movie_id": "103762",
    "author": "rkqq****",
    "review": "허술함을 채울 요소가 보이지 않는다 좋은재료가 있어도요리사에 재량이 부족하면 맛이없듯이..유리는 왜 출연했는지 모르겠지만 흐름을 뚝뚝 끊어 먹고 영화를 부산스럽게 만들었다 조연이 억지로 영화에 깊숙이 관여한 느낌유행어랍시고 치는 대박사건은 촌스럽다",
    "rating": "4",
    "date": "14.05.17"
  },
  {
    "review_id": "8734150",
    "movie_id": "103762",
    "author": "ihi0****",
    "review": "소녀시대 유리는 너무 안어울렸어요~영화랑...그래도 감동과 웃음 영상미가 최고네요..ㅠ",
    "rating": "10",
    "date": "14.05.15"
  },
  {
    "review_id": "8725081",
    "movie_id": "103762",
    "author": "leob****",
    "review": "삼겹살 먹고싶다....",
    "rating": "1",
    "date": "14.05.12"
  },
  {
    "review_id": "8718218",
    "movie_id": "103762",
    "author": "akde****",
    "review": "서인국  가수에서 진정한 연기자로 업 하셨네요 멋진 영화 잘 봤어요^^~*",
    "rating": "10",
    "date": "14.05.09"
  },
  {
    "review_id": "8715791",
    "movie_id": "103762",
    "author": "wldk****",
    "review": "넘 멋진영화네요.울나라에선 수영을 주제로 처음만든영화라는데...서인국씨 넘 멋지시네요.이종석씨는 넘귀요미구요.두분다 대성하세요.♥♥",
    "rating": "10",
    "date": "14.05.08"
  },
  {
    "review_id": "8703691",
    "movie_id": "103762",
    "author": "s838****",
    "review": "유리가 영화를 깨버림 장수원급",
    "rating": "1",
    "date": "14.05.05"
  },
  {
    "review_id": "8698125",
    "movie_id": "103762",
    "author": "wnd1****",
    "review": "중간중간 재미요소도 많고 여러모로 재밌게 봐서 기분이 좋아요♥",
    "rating": "10",
    "date": "14.05.03"
  },
  {
    "review_id": "8680480",
    "movie_id": "103762",
    "author": "good****",
    "review": "할말없으면 보지마 니안봐도볼사람많으니",
    "rating": "8",
    "date": "14.04.28"
  },
  {
    "review_id": "8678776",
    "movie_id": "103762",
    "author": "scop****",
    "review": "이건 뭐 할말이 없다...",
    "rating": "1",
    "date": "14.04.27"
  },
  {
    "review_id": "8677587",
    "movie_id": "103762",
    "author": "blue****",
    "review": "모난 곳없이 무난한 성장 드라마..",
    "rating": "7",
    "date": "14.04.27"
  },
  {
    "review_id": "8669523",
    "movie_id": "103762",
    "author": "msj1****",
    "review": "잼잇엇음 볼만함 서인국 연기 잘하네 노래두 잘하고 멋진넘",
    "rating": "9",
    "date": "14.04.24"
  },
  {
    "review_id": "8667946",
    "movie_id": "103762",
    "author": "ma67****",
    "review": "그러게 씹노잼은 아니다 다만 돈주고 보기 아까울뿐... 돈주고 이걸 누가 보냐 드라마 스페셜수준 딱",
    "rating": "6",
    "date": "14.04.23"
  },
  {
    "review_id": "8661406",
    "movie_id": "103762",
    "author": "bd10****",
    "review": "초반 10분 동안은 정말 1000만 영화 같았다. 후반부를 이끄는 힘이 부족하다. 캐릭터들도 사라지고.",
    "rating": "7",
    "date": "14.04.20"
  },
  {
    "review_id": "8658767",
    "movie_id": "103762",
    "author": "sawo****",
    "review": "물위의 기름처럼 모든 것들이 제각기 둥둥 떠다닌다",
    "rating": "2",
    "date": "14.04.19"
  },
  {
    "review_id": "8656615",
    "movie_id": "103762",
    "author": "ji3k****",
    "review": "그 여자가 유리였구나..몰랐네 ㅎ엄청난 작품성을 기대하기보단 싱그러운 하이틴 드라마로 보면 꽤 괜찮음",
    "rating": "9",
    "date": "14.04.18"
  },
  {
    "review_id": "8654393",
    "movie_id": "103762",
    "author": "paor****",
    "review": "유리는 그렇다치더라도 신민철도 연기 내공이 후달리고... 박정철? 저 아저씨는 배우하던 경력이 있는데 어쩜.. 저렇게 연기를 할 수 있지? 지나치게 과장한 연기와 심지어 웃기는 타이밍도 모르고 캐릭터도 갈피를 못잡고.. 레시피는 좋은데 재료가 F급",
    "rating": "2",
    "date": "14.04.16"
  },
  {
    "review_id": "8646325",
    "movie_id": "103762",
    "author": "mw83****",
    "review": "꽤 풋풋하고 감동도 있고 아무 생각없이 즐기면서 보면 마음이 상쾌한 영화..스포츠의 현실과는 동떨어지지만 희망이 있다.",
    "rating": "9",
    "date": "14.04.13"
  },
  {
    "review_id": "8646183",
    "movie_id": "103762",
    "author": "dkst****",
    "review": "재밌네ㅋㅋ10글자채우기",
    "rating": "10",
    "date": "14.04.13"
  },
  {
    "review_id": "8639642",
    "movie_id": "103762",
    "author": "seon****",
    "review": "너무 멋있네요..서인국씨음식 개걸쓰럽게먹는모습너무 귀여워요..드라마를안보다보니잘몰랐는데 연기능청스럽게잘하시네요..키도되구몸매도되구 노래도되구 뭐하나못하는게없어요..홧팅~영화가 젊은기운이 팍팍쏫아나염...",
    "rating": "10",
    "date": "14.04.10"
  },
  {
    "review_id": "8635867",
    "movie_id": "103762",
    "author": "hyni****",
    "review": "별점이 너무 높은관계로...",
    "rating": "1",
    "date": "14.04.08"
  },
  {
    "review_id": "8635318",
    "movie_id": "103762",
    "author": "muse****",
    "review": "귀엽고 이쁜 영화당^^",
    "rating": "8",
    "date": "14.04.07"
  },
  {
    "review_id": "8633535",
    "movie_id": "103762",
    "author": "ckdu****",
    "review": "너무나도 불성실하고 허술하다",
    "rating": "3",
    "date": "14.04.06"
  },
  {
    "review_id": "8613690",
    "movie_id": "103762",
    "author": "neb8****",
    "review": "영회내용 참 좋습니다.",
    "rating": "3",
    "date": "14.03.28"
  },
  {
    "review_id": "8610648",
    "movie_id": "103762",
    "author": "lsc9****",
    "review": "이런 영화는 1점 줘야 제맛^^",
    "rating": "1",
    "date": "14.03.27"
  },
  {
    "review_id": "8606349",
    "movie_id": "103762",
    "author": "ukdo****",
    "review": "영화의 내용은 신선했고 ... 서인국은 연기를 잘하던데 그 외 아이돌 출신 가수들이 연기를 ... 참 ....",
    "rating": "5",
    "date": "14.03.25"
  }
]