[
  {
    "review_id": "10255548",
    "movie_id": "103780",
    "author": "annh****",
    "review": "소재는 좋은데 제대로 말을 못해",
    "rating": "4",
    "date": "15.08.20"
  },
  {
    "review_id": "10191054",
    "movie_id": "103780",
    "author": "heim****",
    "review": "유기 생체의 끝은 이렇게 되는걸까?",
    "rating": "10",
    "date": "15.08.06"
  },
  {
    "review_id": "10142062",
    "movie_id": "103780",
    "author": "fj11****",
    "review": "나는 뭐가 뭔지 잘모르겠네요..로봇이 저 정도까지 발달하려면..얼마나 걸릴지..",
    "rating": "7",
    "date": "15.07.25"
  },
  {
    "review_id": "10059069",
    "movie_id": "103780",
    "author": "feve****",
    "review": "충분히 잘 만들어진 영화다. 흥미롭다 이런세상이 곧 오겠지..",
    "rating": "8",
    "date": "15.07.02"
  },
  {
    "review_id": "10051879",
    "movie_id": "103780",
    "author": "dust****",
    "review": "제대로 이해하려면 두번은 봐야긋.. 근데 두번 보기가 좀",
    "rating": "7",
    "date": "15.06.29"
  },
  {
    "review_id": "10022138",
    "movie_id": "103780",
    "author": "kpor****",
    "review": "로봇이 인간보다 낮네 인간은 하등하고 잔인한 유인원에 불과하죠",
    "rating": "10",
    "date": "15.06.22"
  },
  {
    "review_id": "10003848",
    "movie_id": "103780",
    "author": "sund****",
    "review": "로봇을 만든 인간은 로봇만도 못한 존재이다.",
    "rating": "10",
    "date": "15.06.16"
  },
  {
    "review_id": "9994558",
    "movie_id": "103780",
    "author": "thef****",
    "review": "이거 이해 못 한다는 분들은 대체...?AI를 소재로 한 것중엔 최고입니다. 철학적이고 예술적이기도 하구요.",
    "rating": "10",
    "date": "15.06.13"
  },
  {
    "review_id": "9985873",
    "movie_id": "103780",
    "author": "isai****",
    "review": "저는 정말 재밋게 봤습니다.",
    "rating": "10",
    "date": "15.06.09"
  },
  {
    "review_id": "9966676",
    "movie_id": "103780",
    "author": "sasc****",
    "review": "기승전까지는 괜찮았는데 끝이 뜬금없다.",
    "rating": "7",
    "date": "15.05.31"
  },
  {
    "review_id": "9964988",
    "movie_id": "103780",
    "author": "baks****",
    "review": "별 기대 안했는데,보다가 갑자기 존나 재밌어짐.미국자본의 스페인영화.혹은 합작영화.이런걸 보다보면,결국오시이 마모루의 공각기동대를 실사영화로 찍고 싶어짐.감독이 공각기동대 속편 이노센스를 참고로 했을게 틀림없기 때문...이미지를 다루는 방식은,지지한다",
    "rating": "8",
    "date": "15.05.31"
  },
  {
    "review_id": "9943167",
    "movie_id": "103780",
    "author": "mino****",
    "review": "얼래리꼴래리 박평식 킹따",
    "rating": "10",
    "date": "15.05.24"
  },
  {
    "review_id": "9906860",
    "movie_id": "103780",
    "author": "osth****",
    "review": "디스트릭9의 로봇 원류 버전, 빈약한 부분이 없진않지만 대체로 준수한 문제작!",
    "rating": "8",
    "date": "15.05.09"
  },
  {
    "review_id": "9906537",
    "movie_id": "103780",
    "author": "lspf****",
    "review": "아마.. 볼만했던, 작품.^^",
    "rating": "8",
    "date": "15.05.09"
  },
  {
    "review_id": "9881928",
    "movie_id": "103780",
    "author": "ehwj****",
    "review": "생각보다 많은 메세지를 던져준 영화. 또한 생각을 많이하게 해주는 영화. 다만 너무나 잔잔해서 지루하게 느껴질수도 있겠다",
    "rating": "7",
    "date": "15.04.30"
  },
  {
    "review_id": "9878808",
    "movie_id": "103780",
    "author": "yunj****",
    "review": "그럭저럭 볼만했는데 좀더투자했으면 하는 안타까움~결말도 별로",
    "rating": "7",
    "date": "15.04.29"
  },
  {
    "review_id": "9865123",
    "movie_id": "103780",
    "author": "2liv****",
    "review": "마지막에 그들을 생명으로 안 볼 수가 없네요 \" 삶을 살아야죠 \" 그리고 \" 우린 살고 싶습니다 \" 그리고 첫 번째가 죽는 장면에서 참 가슴이 먹먹합니다 슬프다는 표현이 맞겠네요",
    "rating": "10",
    "date": "15.04.25"
  },
  {
    "review_id": "9856632",
    "movie_id": "103780",
    "author": "wins****",
    "review": "이 영화는 마치 트렌센던스 같다. 마지막 내용에 대한 기대치를 한껏 높여놓고 기다려놓게 만들고 그냥 허접하게 끝나는. 물론 인공지능에 대한 경각심과 실제로 그렇게 될것같다는 생각을 들게 하는 암시와 마지막 원조 인공지능과의 대화는 굉장히 인상깊긴하다.",
    "rating": "6",
    "date": "15.04.22"
  },
  {
    "review_id": "9850333",
    "movie_id": "103780",
    "author": "baek****",
    "review": "SF 를 진정 좋아하시는 분은 잼있게 볼듯~ SF가 무조건 액션이라 생각하면 오산 아닌가..? 기대안하고 봤는데.. 정말 수작인듯.. 여운이 많이 남는 영화",
    "rating": "10",
    "date": "15.04.18"
  },
  {
    "review_id": "9849924",
    "movie_id": "103780",
    "author": "gala****",
    "review": "결말이 살짝 아쉽지만 중후반부까지 블레이드 러너 삘도 살짝나고 괜찮음",
    "rating": "10",
    "date": "15.04.17"
  },
  {
    "review_id": "9849299",
    "movie_id": "103780",
    "author": "cs79****",
    "review": "약간 지루한맛은 있지만 로봇이나 로봇에관한 스토리는 소름돋게 잘만들었네 난 저런꼴안보고 그전에 죽어서 다행이다 나중에 늙어죽는것도 다행이라고 생각해본건 거의 첨인듯",
    "rating": "10",
    "date": "15.04.17"
  },
  {
    "review_id": "9830654",
    "movie_id": "103780",
    "author": "dark****",
    "review": "자극적인거 좋아하는분에겐 비추. 독특한 세계를 느껴보고 싶다면 추천. 이 영화의  단점은 주인공에대한 엉뚱한 오해..",
    "rating": "8",
    "date": "15.04.06"
  },
  {
    "review_id": "9828516",
    "movie_id": "103780",
    "author": "minh****",
    "review": "이정도면 SF수작인데.. 철학적 가치도 있고",
    "rating": "10",
    "date": "15.04.05"
  },
  {
    "review_id": "9826291",
    "movie_id": "103780",
    "author": "kaka****",
    "review": "아주 재미있다...라고는 말 못하겠지만 현실적인 SF의 바주얼느낌과 배우들의 연기가 좋고 무엇보다 실제 우리 눈앞에 일어날법한 AI의 모습을 잘 묘사하고 있다. 오락물이라기보다는 철학물에 가깝다.",
    "rating": "8",
    "date": "15.04.04"
  },
  {
    "review_id": "9799686",
    "movie_id": "103780",
    "author": "aplu****",
    "review": "상업성을 포기하고 작품성을 얻은 영화.'아이로봇'이나 '채피'와는 다른 숨겨진 철학적 관점이 있다",
    "rating": "10",
    "date": "15.03.22"
  },
  {
    "review_id": "9781890",
    "movie_id": "103780",
    "author": "hang****",
    "review": "관람객평점준놈 알바냐?",
    "rating": "1",
    "date": "15.03.14"
  },
  {
    "review_id": "9770537",
    "movie_id": "103780",
    "author": "marc****",
    "review": "결정적으로 재미가 없다.",
    "rating": "6",
    "date": "15.03.10"
  },
  {
    "review_id": "9769905",
    "movie_id": "103780",
    "author": "ohjo****",
    "review": "주인공이 해명을 안하고 돌아다니는 답답한 영화",
    "rating": "5",
    "date": "15.03.10"
  },
  {
    "review_id": "9769079",
    "movie_id": "103780",
    "author": "cksd****",
    "review": "SF이긴 하지만 메시지가 들어있다는 면에서 가볍지만은 않았다. 다만 후반부 스토리 전개가 쬐끔 아쉬웠다고나 할까... 하지만 크게 실망스러울 정도는 아니었음.",
    "rating": "7",
    "date": "15.03.09"
  },
  {
    "review_id": "9755264",
    "movie_id": "103780",
    "author": "bezz****",
    "review": "영화 평점을 '재미'로만 주는 사람들 참 안타깝다. 아는 만큼만 보인다는 말이 딱맞다.",
    "rating": "10",
    "date": "15.03.04"
  },
  {
    "review_id": "9754072",
    "movie_id": "103780",
    "author": "land****",
    "review": "아쉬운 면이 있네요~~",
    "rating": "7",
    "date": "15.03.03"
  },
  {
    "review_id": "9751857",
    "movie_id": "103780",
    "author": "plio****",
    "review": "이게 왜 5점대인지 정말 이해가 안간다. AI와 인간에  대한 영화 중 가장 솔직한 영화다.",
    "rating": "10",
    "date": "15.03.02"
  },
  {
    "review_id": "9730491",
    "movie_id": "103780",
    "author": "koko****",
    "review": "재밌는 내용 이고 볼만하네요",
    "rating": "10",
    "date": "15.02.23"
  },
  {
    "review_id": "9712212",
    "movie_id": "103780",
    "author": "xiph****",
    "review": "뭔가 있어보이게 만들려고는 했는데, 이야기 전개나 연출이 너무 허접스러워서 지루하고 재미가 없다",
    "rating": "4",
    "date": "15.02.19"
  },
  {
    "review_id": "9684370",
    "movie_id": "103780",
    "author": "pj12****",
    "review": "평점이 어째서 6점대란말인가... 조금 부족했지만 수작은 확실하다",
    "rating": "10",
    "date": "15.02.10"
  },
  {
    "review_id": "9681765",
    "movie_id": "103780",
    "author": "mete****",
    "review": "식상하지만 재미있을 수 밖에 없는 소재. 기대 이상으로 잘 만든 영화.",
    "rating": "8",
    "date": "15.02.09"
  },
  {
    "review_id": "9680085",
    "movie_id": "103780",
    "author": "chun****",
    "review": "흔한 이야기인데, 미술이나 연기 등이 괜찮았다",
    "rating": "7",
    "date": "15.02.08"
  },
  {
    "review_id": "9666223",
    "movie_id": "103780",
    "author": "rygh****",
    "review": "로봇을 통해 어렴풋하게나마 느끼는 '나'의 생(生).",
    "rating": "4",
    "date": "15.02.04"
  },
  {
    "review_id": "9648622",
    "movie_id": "103780",
    "author": "pps1****",
    "review": "이영화는 1시간21분쯤이 진실이다",
    "rating": "10",
    "date": "15.01.29"
  },
  {
    "review_id": "9645061",
    "movie_id": "103780",
    "author": "dlru****",
    "review": "그럴싸하지만 몰입이 안된다.그래서 많이 졸립다.",
    "rating": "2",
    "date": "15.01.28"
  },
  {
    "review_id": "9625980",
    "movie_id": "103780",
    "author": "rhdl****",
    "review": "초반에 이미 반전이 예상됬다... 정보를 찾아보진 않았지만 로봇이 실사같은데... 마지막 그 발 여러개달린 로봇빼고는 다 실사같다... 잘만든거같다... 그게 다다...",
    "rating": "10",
    "date": "15.01.23"
  },
  {
    "review_id": "9578859",
    "movie_id": "103780",
    "author": "mad3****",
    "review": "마네킹로봇 ..  지루함",
    "rating": "4",
    "date": "15.01.10"
  },
  {
    "review_id": "9567132",
    "movie_id": "103780",
    "author": "pron****",
    "review": "10점이라니 .. 반토막 내자",
    "rating": "1",
    "date": "15.01.06"
  },
  {
    "review_id": "9563273",
    "movie_id": "103780",
    "author": "yomi****",
    "review": "명석하거나 수려하지 않은 클리셰의 답습으로 보이나, 느린 리듬과 정서, 그리고 이야기가 꽤나 좋다. 중심을 잃지않고 썩 괜찮게 마지막까지 나아갔다고 본다. 클리셰네하고 던져버릴만큼 이 영화를 대하는 인간만큼 오만한 생명이 또 어디있겠는가",
    "rating": "9",
    "date": "15.01.04"
  },
  {
    "review_id": "9553746",
    "movie_id": "103780",
    "author": "ssre****",
    "review": "오시히 마모루의 공각기동대에서 인형사는 묻는다. 너는 네가 인격체인것을 증명할 수 있는가? 자아를 스스로 인지한 존재는 인격체인가? 인간의 정의는 무엇인가라고..오토마타에서 다시 묻는다. 자아를 스스로 창조한 로봇은 우리와 무엇이 다른가? 라고",
    "rating": "9",
    "date": "15.01.02"
  },
  {
    "review_id": "9541066",
    "movie_id": "103780",
    "author": "psp2****",
    "review": "스크린은 예술이지만 지루하다",
    "rating": "6",
    "date": "14.12.31"
  },
  {
    "review_id": "9513373",
    "movie_id": "103780",
    "author": "sidi****",
    "review": "어설프게 연출한 SF,지루하게 만들어진 영화",
    "rating": "5",
    "date": "14.12.25"
  },
  {
    "review_id": "9510120",
    "movie_id": "103780",
    "author": "kill****",
    "review": "진짜로 봤다면 높은 점수가 나올수가 없다..  볼려면 인내심을 가지고 보세요....  내인생 최악의 영화 명자아끼꼬쏘냐 를 제치는 영화",
    "rating": "1",
    "date": "14.12.25"
  },
  {
    "review_id": "9502074",
    "movie_id": "103780",
    "author": "kvin****",
    "review": "이 영화에 좋은 평점 준 사람들은 제대로 영화 볼 줄 모르는 겁니다 소재만 거창했지 헛소리에+무개연성+지루함 ->'있어보이려고하는 쓰레기 영화'",
    "rating": "1",
    "date": "14.12.22"
  },
  {
    "review_id": "9471770",
    "movie_id": "103780",
    "author": "1231****",
    "review": "로봇 AI 영화가 인간중심주의에서 벗어나기는 쉽지 않지만, 그래도 나름 잘 만들어진 수작이다. 단순히 오락적인 SF보다 훨 낫다.",
    "rating": "9",
    "date": "14.12.13"
  },
  {
    "review_id": "9468289",
    "movie_id": "103780",
    "author": "bum4****",
    "review": "영화를 보는 사람이라면 인내심을 가지고 감독이 표현하고자 하는 의도를 마음으로 느낄수 있어야 한다.주관적으로는 대단히 좋은 영화라고 생각한다.",
    "rating": "10",
    "date": "14.12.12"
  },
  {
    "review_id": "9465129",
    "movie_id": "103780",
    "author": "dbeh****",
    "review": "여러영화를 짜집은듯한 느낌과 영상과 음악 내용전개가 별로임 캐스팅도 똥망이라 전체적으로 처진느낌에 지루함 다른감독이 만들었다면 어떨까하는 생각이 드는영화",
    "rating": "2",
    "date": "14.12.11"
  },
  {
    "review_id": "9463860",
    "movie_id": "103780",
    "author": "hnji****",
    "review": "대체 이게 뭔소리여!!! 방사는 쩌는 바닷가는 가서 뭐할라고!! 로봇은 그래서 뭐 어쨌다는거지??? 뭔가 있어보이게 만들려고 노력은 했는데 완전 개연성 없음.",
    "rating": "1",
    "date": "14.12.10"
  },
  {
    "review_id": "9463589",
    "movie_id": "103780",
    "author": "moon****",
    "review": "많은 영화를 표절(?)했다고는 하지만 괜찮은 영화 \"원숭이가 나무에서 내려온 이유는 그저 우리가 어디 있는지 알고 싶은게 아닐까?\"",
    "rating": "7",
    "date": "14.12.10"
  },
  {
    "review_id": "9461288",
    "movie_id": "103780",
    "author": "dbzh****",
    "review": "지루하고 재미없다...",
    "rating": "1",
    "date": "14.12.09"
  },
  {
    "review_id": "9456534",
    "movie_id": "103780",
    "author": "rame****",
    "review": "인공지능의 각성을 다룬 또 하나의 영화. 스케일도 작고, 연출도 재미가 없음.",
    "rating": "4",
    "date": "14.12.07"
  },
  {
    "review_id": "9451397",
    "movie_id": "103780",
    "author": "nooy****",
    "review": "이 영화는 끝까지 봐야 그 맛을 안다.",
    "rating": "8",
    "date": "14.12.06"
  },
  {
    "review_id": "9450948",
    "movie_id": "103780",
    "author": "goll****",
    "review": "배경은 폐허도시, 사막 등의 세기말적인... 그러나, AI 로봇 외에는 블레이드 러너  이후로 그 닥 새로울 것 없는...",
    "rating": "7",
    "date": "14.12.06"
  },
  {
    "review_id": "9442652",
    "movie_id": "103780",
    "author": "pkw0****",
    "review": "뻔한 클리셰에 지루함으로 무장한 재미없는 영화",
    "rating": "3",
    "date": "14.12.03"
  },
  {
    "review_id": "9436800",
    "movie_id": "103780",
    "author": "rptd****",
    "review": "용두사미의 영화 차라리 인류멸망보고서가  더 나은듯...",
    "rating": "5",
    "date": "14.11.30"
  },
  {
    "review_id": "9434540",
    "movie_id": "103780",
    "author": "plll****",
    "review": "지루하고 상황연결이 좀 ... 하지만 흥미로움.",
    "rating": "10",
    "date": "14.11.30"
  },
  {
    "review_id": "9430073",
    "movie_id": "103780",
    "author": "ohki****",
    "review": "재미 없는데 `ㅡ`;;",
    "rating": "1",
    "date": "14.11.28"
  },
  {
    "review_id": "9427484",
    "movie_id": "103780",
    "author": "qmff****",
    "review": "평점이 너무 낮군 10자",
    "rating": "10",
    "date": "14.11.27"
  },
  {
    "review_id": "9425338",
    "movie_id": "103780",
    "author": "iros****",
    "review": "명량같은거보다야 훨낫지 같은sf영화인데 차이가 틀리자나?",
    "rating": "10",
    "date": "14.11.27"
  },
  {
    "review_id": "9422597",
    "movie_id": "103780",
    "author": "tige****",
    "review": "B급영화인줄 알았는데 나름 괜찬은 작품이네~ 평점이낮아서 높게점수 줌",
    "rating": "9",
    "date": "14.11.26"
  },
  {
    "review_id": "9422361",
    "movie_id": "103780",
    "author": "beli****",
    "review": "색다르고 인간의 삶과 미래를 생각하게끔하는 수작~~♥",
    "rating": "8",
    "date": "14.11.26"
  },
  {
    "review_id": "9421055",
    "movie_id": "103780",
    "author": "crys****",
    "review": "로봇철학에 대해 다시 생각해보는 영화, 마니아가 아니라면 지루할 수도 있다.",
    "rating": "8",
    "date": "14.11.25"
  },
  {
    "review_id": "9412683",
    "movie_id": "103780",
    "author": "frie****",
    "review": "이런 흥미롭고 무거운 주제를 매끄럽게 다룰 역량이 감독에겐 없었다. 안타깝네...",
    "rating": "2",
    "date": "14.11.23"
  },
  {
    "review_id": "9412681",
    "movie_id": "103780",
    "author": "bogr****",
    "review": "지루한감이 많았지만 결과가 어떻게될지 궁금하여 집중하엿더니 그냥 그냥저냥 뭐허무하게 끝나네감독이 뭘 말할려고한지 모르것다",
    "rating": "6",
    "date": "14.11.23"
  },
  {
    "review_id": "9407585",
    "movie_id": "103780",
    "author": "arbe****",
    "review": "흥미로운 소재.. 재밌었습니다.",
    "rating": "7",
    "date": "14.11.21"
  },
  {
    "review_id": "9406703",
    "movie_id": "103780",
    "author": "yasu****",
    "review": "주제는 좋으나 산만하다",
    "rating": "7",
    "date": "14.11.21"
  },
  {
    "review_id": "9405641",
    "movie_id": "103780",
    "author": "kfc4****",
    "review": "정말.... 이건 장르선택을 잘못한거 같은데..;; 홍보이미지랑 너무 틀림  차라리 다큐SF라고 하지 ;;",
    "rating": "1",
    "date": "14.11.21"
  },
  {
    "review_id": "9400086",
    "movie_id": "103780",
    "author": "fait****",
    "review": "저예산 아날로그 아이로봇  메세지는 있지만 조연 단역의 발연기는 거북",
    "rating": "6",
    "date": "14.11.19"
  },
  {
    "review_id": "9395863",
    "movie_id": "103780",
    "author": "hauk****",
    "review": "이 영화는 AI가 절대 아니다. 예산 문제탓인지 이도 저도 아닌 그냥 2류 냄세나는 포스터는 아이로봇, 영화는 겉멋만 잔뜩들어있는 2류..ㅉㅉ",
    "rating": "2",
    "date": "14.11.17"
  },
  {
    "review_id": "9394628",
    "movie_id": "103780",
    "author": "tost****",
    "review": "더 이상 줄 수가 없네요. 뭘 의도한건지",
    "rating": "2",
    "date": "14.11.17"
  },
  {
    "review_id": "9392299",
    "movie_id": "103780",
    "author": "ssys****",
    "review": "로봇나오는 영화도 그렇고 유인원나오는 영화도그렇고 인간들이 악당으로나오는게 많군요. 로봇나오는 영화중 가장 로봇이 쓸쓸해보이는 영화같네요..",
    "rating": "6",
    "date": "14.11.16"
  },
  {
    "review_id": "9389928",
    "movie_id": "103780",
    "author": "hwhe****",
    "review": "감성깊은 로봇이야기 너무좋습니다. 개인적으로 아톰이나 플루토같은  미래사회에대한 현실적인 그림들을 그린 영화들을 좋아하는데 이런 영화들을 볼때마다 두렵네요.",
    "rating": "10",
    "date": "14.11.16"
  },
  {
    "review_id": "9386217",
    "movie_id": "103780",
    "author": "anoa****",
    "review": "영화 괜찮습니다. 블록버스터 액션 헐리웃영화를 기대하시면 재미없고 감성적인 로봇영화를 샹각하시면 괜찮습니다. 나름 수작이네요. 스페인영화",
    "rating": "9",
    "date": "14.11.15"
  },
  {
    "review_id": "9385110",
    "movie_id": "103780",
    "author": "walk****",
    "review": "이해할수없는 갈등을 만드는데 다 억지임 .. 이딴",
    "rating": "1",
    "date": "14.11.15"
  },
  {
    "review_id": "9384946",
    "movie_id": "103780",
    "author": "sash****",
    "review": "SF 로봇 미래사회를 다룬 영화가 이렇게 지루하긴 처음이다...;;",
    "rating": "3",
    "date": "14.11.15"
  },
  {
    "review_id": "9381044",
    "movie_id": "103780",
    "author": "4bee****",
    "review": "그해변에 아이가 노는 장면은 왜나오는건지 이해가안감:;",
    "rating": "6",
    "date": "14.11.14"
  },
  {
    "review_id": "9380678",
    "movie_id": "103780",
    "author": "inha****",
    "review": "죽을때까지 잊지못할 영화다... 로봇을 이렇게까지 순수하게 표현한 감독이 대단하다!! 뒷이야기가 나오길기대한다....",
    "rating": "10",
    "date": "14.11.13"
  },
  {
    "review_id": "9366994",
    "movie_id": "103780",
    "author": "egyp****",
    "review": "인간처럼 감정을 느끼며 자기 스스로 변환하고 수리할 수 있는 로봇들...깔끔(?)하면서도 웬지 몽환적인 영상이 돋보였던 SF/스릴러...뭔가 좀 정적인 분위기와 그래픽 느낌이 많이 안나서 더 사실적으로 느껴지던 영화 속 로봇들...고전 SF장르같",
    "rating": "6",
    "date": "14.11.10"
  },
  {
    "review_id": "9366283",
    "movie_id": "103780",
    "author": "pree****",
    "review": "결말 이후가 정말 궁금하다. 영화 내내 나오지 않던 벽의 목적도 궁금하고 해변의 유무도 궁금하다. 영화 자체로는 별로였지만 설정과 배경이 참신했다.",
    "rating": "7",
    "date": "14.11.10"
  },
  {
    "review_id": "9365766",
    "movie_id": "103780",
    "author": "gign****",
    "review": "정말 전문가 평점 말대로 이야기가 우왕좌왕..그래서 어떻게 됬다는건대? 왜 로봇들은 반대로 넘어가려고한거고. 주인공 가족은 어떻게 되는건대??",
    "rating": "5",
    "date": "14.11.10"
  },
  {
    "review_id": "9364476",
    "movie_id": "103780",
    "author": "cont****",
    "review": "연출력 부족에 캐스팅 미스.",
    "rating": "6",
    "date": "14.11.09"
  },
  {
    "review_id": "9362207",
    "movie_id": "103780",
    "author": "kos4****",
    "review": "제작 의도를 명확히 전달하는 것이 감독의 책임이다.",
    "rating": "5",
    "date": "14.11.09"
  },
  {
    "review_id": "9360366",
    "movie_id": "103780",
    "author": "lees****",
    "review": "그냥 재미없음 지루함.",
    "rating": "1",
    "date": "14.11.09"
  },
  {
    "review_id": "9356671",
    "movie_id": "103780",
    "author": "kdy0****",
    "review": "'사람이 왜 사는가'라는 질문을 다시 한번 생각하게 해주는 영화. 몰입감이 떨어지긴 하지만 그딴건 상관없다. 말하고자 하는 바가 너무 좋았다.",
    "rating": "9",
    "date": "14.11.08"
  },
  {
    "review_id": "9355960",
    "movie_id": "103780",
    "author": "lgic****",
    "review": "단순하지만 심오한 내용이다. 로봇과 인간에 대해 생각하게 한다.",
    "rating": "6",
    "date": "14.11.08"
  },
  {
    "review_id": "9353254",
    "movie_id": "103780",
    "author": "sky_****",
    "review": "전체적으로 지루한감이 있었지만 내용은 참 좋았음. SF액션을 생각하고 왔으면 당연히 재미가 없었을듯.",
    "rating": "8",
    "date": "14.11.08"
  },
  {
    "review_id": "9351875",
    "movie_id": "103780",
    "author": "pica****",
    "review": "지루하고..재미없었음....",
    "rating": "3",
    "date": "14.11.07"
  },
  {
    "review_id": "9351728",
    "movie_id": "103780",
    "author": "soge****",
    "review": "좀 새로운 내용이네요. 개인적으로 감동먹음.",
    "rating": "10",
    "date": "14.11.07"
  },
  {
    "review_id": "9346617",
    "movie_id": "103780",
    "author": "reca****",
    "review": "평점이 왤캐 높지? 잔잔한 드라마 저예산 SF 영화입니다. 특별히 기억남는 장면도 없고  평탄한 소설같은 영화입니다.",
    "rating": "3",
    "date": "14.11.06"
  },
  {
    "review_id": "9345150",
    "movie_id": "103780",
    "author": "78jg****",
    "review": "이렇게 지루할 수가...",
    "rating": "4",
    "date": "14.11.06"
  },
  {
    "review_id": "9343344",
    "movie_id": "103780",
    "author": "sixt****",
    "review": "내가 생각한 sf는 아니었지만 저예산치곤 괜찮았고 무엇보다 난 지루하진 않았다.",
    "rating": "8",
    "date": "14.11.06"
  },
  {
    "review_id": "9342261",
    "movie_id": "103780",
    "author": "clou****",
    "review": "산만함. 의도를 잘... 연가시보단 재밌어요!",
    "rating": "5",
    "date": "14.11.05"
  },
  {
    "review_id": "9341718",
    "movie_id": "103780",
    "author": "sepa****",
    "review": "2014.11.04",
    "rating": "6",
    "date": "14.11.05"
  },
  {
    "review_id": "9341677",
    "movie_id": "103780",
    "author": "hali****",
    "review": "화려한 액션은 적어도, 많은 생각을 하게 만드는 영화...",
    "rating": "9",
    "date": "14.11.05"
  },
  {
    "review_id": "9340220",
    "movie_id": "103780",
    "author": "morb****",
    "review": "기존 SF영화에서 수없이 봐 온 스토리... 무엇보다도 유럽 저예산물이라는 한계로 CG가 너무 거슬리더라.",
    "rating": "5",
    "date": "14.11.04"
  }
]