[
  {
    "review_id": "10108875",
    "movie_id": "103709",
    "author": "ske4****",
    "review": "무슨말이 더 필요한가? 에이쿠라 나나 같은 이쁜 스시녀들이 나오는 영화는 눈으로 보는게 아니라 가슴으로 보는 것이다!",
    "rating": "10",
    "date": "15.07.16"
  },
  {
    "review_id": "10107456",
    "movie_id": "103709",
    "author": "goog****",
    "review": "한국의 미래를 보여주는 영화",
    "rating": "10",
    "date": "15.07.15"
  },
  {
    "review_id": "10088725",
    "movie_id": "103709",
    "author": "dito****",
    "review": "기대 안하고 봤는데 굉장히 좋았다. 책이란게 그냥 종이의 묶임에 불과하지만, 그 안에 담긴 내용은 무한하다고 생각한다. 모순적인 양화대가 제일 현실같아서 속도 상했고. 뭔가 소재가 독특하고, 신선해서 새로운 충격이었다. 주관적으로 매우 만족스러운 영화",
    "rating": "10",
    "date": "15.07.10"
  },
  {
    "review_id": "10043152",
    "movie_id": "103709",
    "author": "grou****",
    "review": "적당히 볼만했습니다.",
    "rating": "6",
    "date": "15.06.27"
  },
  {
    "review_id": "10024223",
    "movie_id": "103709",
    "author": "crit****",
    "review": "원작 소설, 애니 캐릭터 디자인 그대로 무척 잘 가져온 영화. 영화화된지 꽤되었는데 의외로 안유명해서 망작인가 하고 봤는데 원작애니 느낌 그대로 잘 느껴졌다. 원작팬이 만족하고 보는 영화는 오랜만에 본 것 같고 액션이나 배우연기도 꽤 생각보다 괜찮음.",
    "rating": "9",
    "date": "15.06.23"
  },
  {
    "review_id": "10020596",
    "movie_id": "103709",
    "author": "adiv****",
    "review": "에이쿠라 나나만 볼만했고 반가웠다.. 내용은 황당 설정에 황당한 내용",
    "rating": "4",
    "date": "15.06.22"
  },
  {
    "review_id": "9975309",
    "movie_id": "103709",
    "author": "qkrf****",
    "review": "쿠리야마 치아키 예뻐서 2점. ... 영화 설정은 뭐라 할말이 없네요.",
    "rating": "2",
    "date": "15.06.04"
  },
  {
    "review_id": "9940701",
    "movie_id": "103709",
    "author": "pppj****",
    "review": "도서관에서 책 읽는게 더 재밌음.",
    "rating": "6",
    "date": "15.05.23"
  },
  {
    "review_id": "9930087",
    "movie_id": "103709",
    "author": "yamp****",
    "review": "재밌었습니다!!!!",
    "rating": "9",
    "date": "15.05.18"
  },
  {
    "review_id": "9890425",
    "movie_id": "103709",
    "author": "herb****",
    "review": "기대 이상으로 재밌게 봤네요.",
    "rating": "10",
    "date": "15.05.03"
  },
  {
    "review_id": "9879566",
    "movie_id": "103709",
    "author": "band****",
    "review": "우리나라 구세대들은 애초에 책을 안 읽었기 때문에 일본처럼 신세대가 책을 읽지 않는다고 걱정하지 않는다.",
    "rating": "6",
    "date": "15.04.30"
  },
  {
    "review_id": "9866774",
    "movie_id": "103709",
    "author": "2_dp****",
    "review": "그냥 무난하고 나쁘지 않은 영화 주제도 있습니다",
    "rating": "7",
    "date": "15.04.25"
  },
  {
    "review_id": "9863039",
    "movie_id": "103709",
    "author": "shar****",
    "review": "영화는 아직 안봤지만, 원작을 워낙 재미나고 감동적이였기에 10점을 주고본다. 설정이 어쩌고 하지만... 이건 영화다. 애니다. 그딴소리 할꺼면 수학책이나 읽어라. 역사도 거짓에 외국 투성이니까. 그리고, 일본은 정말 책 많이 읽는다. 너 책은읽니?",
    "rating": "10",
    "date": "15.04.24"
  },
  {
    "review_id": "9842359",
    "movie_id": "103709",
    "author": "verd****",
    "review": "신선한 주제, 간만에 정말 재밌는 영화 본 것 같아요",
    "rating": "10",
    "date": "15.04.12"
  },
  {
    "review_id": "9837760",
    "movie_id": "103709",
    "author": "baks****",
    "review": "원작자 아리카와 히로  여사님에 대한 무한한 애정때문에,평점10점주고 싶었으나,알아서 평점3 점 까 먹는건 감독의 연출력...현청 접대과도 원작 소설이 더 재밌었으나,영화도 그럭저럭 봐줄만은 함~일본서는 미미(미야베 미유키)여사 이상의 인기라는데...",
    "rating": "7",
    "date": "15.04.10"
  },
  {
    "review_id": "9805570",
    "movie_id": "103709",
    "author": "heli****",
    "review": "이런 쓰레기영화. 몰입이 안되네. 총쏘는 전투장면에 돈은 다들였네. 심형래급 영화",
    "rating": "1",
    "date": "15.03.25"
  },
  {
    "review_id": "9783913",
    "movie_id": "103709",
    "author": "hsy7****",
    "review": "참 생각에 유연성 없는 넘들이 평을 다네 니들이 소설을 쓰고 그 소설로 만화를 그리고 그 만화로 애니를 방영하고 그 애니로 영화를 연출해 참 잘도 하겄다 생각에 유연성이라고는 개미똥만큼도 없는 것들이네",
    "rating": "9",
    "date": "15.03.15"
  },
  {
    "review_id": "9773306",
    "movie_id": "103709",
    "author": "blog****",
    "review": "세계의 다른 나라에서는 국민들이 자유를 위해서 저항하는 것이 가능하다. 하지만 일본에서 이러한 영화는 판타지 부류에 불과한 것이 현실임.",
    "rating": "4",
    "date": "15.03.12"
  },
  {
    "review_id": "9768493",
    "movie_id": "103709",
    "author": "sunk****",
    "review": "일본영ㅇ와는 진싲 유치해서 못봐주겠음",
    "rating": "1",
    "date": "15.03.09"
  },
  {
    "review_id": "9766331",
    "movie_id": "103709",
    "author": "jay0****",
    "review": "재미를 원작이나 애니에 비하면 한없이 떨어지는 것은 사실이지만, 최대한으로 살렸고 약간의 연출성이 떨어지는 점을 빼고는 확실히 재미있는 영화다. 남자배우들 캐스팅에 10점 만점을 주고 싶군.",
    "rating": "8",
    "date": "15.03.08"
  },
  {
    "review_id": "9733277",
    "movie_id": "103709",
    "author": "domi****",
    "review": "원작 소설보다는 밍밍한 맛.그렇다고 아주 못 볼것까지는 아니지만 액션을 기대하지는 말고 언론 통제와 맞서 싸우는 대원들도 결국엔 사랑하고 사는 평범한 인간들이구나 하면 되는 로맨스물에 가깝다.",
    "rating": "7",
    "date": "15.02.23"
  },
  {
    "review_id": "9672062",
    "movie_id": "103709",
    "author": "dudw****",
    "review": ";;; 이걸왜 10점임?;; 아.. 1점도아까움..",
    "rating": "1",
    "date": "15.02.06"
  },
  {
    "review_id": "9669698",
    "movie_id": "103709",
    "author": "bak2****",
    "review": "존나 꼭봐라 이거 보고 암이 치유됫다",
    "rating": "10",
    "date": "15.02.05"
  },
  {
    "review_id": "9614408",
    "movie_id": "103709",
    "author": "haya****",
    "review": "독특한 소재의 로맨스코메디. 하지만 감독은 액션그림을 원한 것 같다.  덕분에 이도 저도 아닌 게 된 작품. 원작에 대한 팬심 때문에 5 짬밥 엄청 먹은 듯한 원작파괴인 도조 모습에  -2 합계 3 원작팬으로서 실망",
    "rating": "3",
    "date": "15.01.19"
  },
  {
    "review_id": "9525946",
    "movie_id": "103709",
    "author": "c301****",
    "review": "DVD를 구매해서 봤는데 일본 영화에 익숙한 사람이 보기에는 좋은 작품입니다. 사실 일본의 교과서 왜곡보다 지금 일본에서 행해지고 있는 특정비밀보호법이 더 생각나는 영화였습니다. 약간 특이한 설정도 있지만 재미있는 영화 입니다.",
    "rating": "8",
    "date": "14.12.27"
  },
  {
    "review_id": "9406231",
    "movie_id": "103709",
    "author": "blue****",
    "review": "내평점이걸 그냥 '책 지키려고 싸우는 영화'로 이해하시는 분들은 영화 제대로 못보신듯. 진부한 로맨스나 액션영화가 아니라, 나름의 의미를 담고 있어서 꽤 맘에 드네요.",
    "rating": "10",
    "date": "14.11.21"
  },
  {
    "review_id": "9380967",
    "movie_id": "103709",
    "author": "star****",
    "review": "개연성 제로  너희가 역사를 지킨다는게 참 아이러니 뻔뻔",
    "rating": "1",
    "date": "14.11.13"
  },
  {
    "review_id": "9365743",
    "movie_id": "103709",
    "author": "inki****",
    "review": "일본이 이런 영화를 만든다는거에 의아함이 들었다. 역사문제를 생각하면.. 뭐 어쨌든 영역을 극한으로 좁힌점, 긴장감이 떨어지는 점만 빼면 꽤 수작임.",
    "rating": "5",
    "date": "14.11.10"
  },
  {
    "review_id": "9362071",
    "movie_id": "103709",
    "author": "mizs****",
    "review": "뭔가 한국의 현실을 보는 듯한... warning!",
    "rating": "8",
    "date": "14.11.09"
  },
  {
    "review_id": "9322311",
    "movie_id": "103709",
    "author": "pigl****",
    "review": "지금 실시간으로 보는 중인데 양화대랑 교전 끝나고 파트너가 여주한테 사귀자고 해서 7점 드리겠습니다",
    "rating": "7",
    "date": "14.10.27"
  },
  {
    "review_id": "9304946",
    "movie_id": "103709",
    "author": "onne****",
    "review": "폭력적인 책을 검열한다는데... 양화대가 무력으로 검열하는 게 가장 폭력적인 아이러니.",
    "rating": "3",
    "date": "14.10.20"
  },
  {
    "review_id": "9300796",
    "movie_id": "103709",
    "author": "yana****",
    "review": "설정도 같잖고 중간에 지루하다...",
    "rating": "7",
    "date": "14.10.18"
  },
  {
    "review_id": "9289659",
    "movie_id": "103709",
    "author": "ariw****",
    "review": "일본작가의 상상력이란.... 혀를 내두르게 하는군",
    "rating": "7",
    "date": "14.10.13"
  },
  {
    "review_id": "9280490",
    "movie_id": "103709",
    "author": "zard****",
    "review": "표현의 자유를 지켜야 한다. 법을 지켜야한다.",
    "rating": "9",
    "date": "14.10.10"
  },
  {
    "review_id": "9268491",
    "movie_id": "103709",
    "author": "gade****",
    "review": "독특한 소재에 평범한 캐릭터와 진부한 연출이 만나 무난해졌음. 오카다는 역시 액션에 강하구나 새삼 또 느꼈고 에이쿠라랑 케미는 그닥인듯;;",
    "rating": "4",
    "date": "14.10.06"
  },
  {
    "review_id": "9261798",
    "movie_id": "103709",
    "author": "ehdg****",
    "review": "재밌네요 줄거리자체는 조금 오글거려도 신선하네요",
    "rating": "10",
    "date": "14.10.04"
  },
  {
    "review_id": "9166753",
    "movie_id": "103709",
    "author": "wpdl****",
    "review": "원작을 잘 살린 영화  다만 역시 압축된 내용이 안타깝다",
    "rating": "8",
    "date": "14.09.04"
  },
  {
    "review_id": "9059475",
    "movie_id": "103709",
    "author": "prot****",
    "review": "원작을 많이 보여줄려고 너무 압축 해서한게 흠",
    "rating": "7",
    "date": "14.08.10"
  },
  {
    "review_id": "9022354",
    "movie_id": "103709",
    "author": "tjda****",
    "review": "흐헝..별기대안하고봤는데굳굳!!!! 나오는남자들도멋있고..ㅠㅠ또또안나오나염",
    "rating": "10",
    "date": "14.08.04"
  },
  {
    "review_id": "9007660",
    "movie_id": "103709",
    "author": "dkzk****",
    "review": "?기대이상으로 너무 재밌어서 놀람...2시간내내  정말 지루한틈없이 재밌게봤다",
    "rating": "10",
    "date": "14.08.02"
  },
  {
    "review_id": "9006981",
    "movie_id": "103709",
    "author": "rywk****",
    "review": "평점이 왜 이렇게 낮지? 최근에 본 영화중 최고다",
    "rating": "10",
    "date": "14.08.02"
  },
  {
    "review_id": "8991513",
    "movie_id": "103709",
    "author": "fkdl****",
    "review": "말로 표현보단 이 영화 굿 입니다",
    "rating": "10",
    "date": "14.07.31"
  },
  {
    "review_id": "8929881",
    "movie_id": "103709",
    "author": "k01k****",
    "review": "우리나라 게임업게랑 왜이렇게 같아보이나요? 뭐만하면 책탓하는 영화속 정부나 뭐만하면 게임탓하는 현실정부나 ..",
    "rating": "10",
    "date": "14.07.19"
  },
  {
    "review_id": "8929879",
    "movie_id": "103709",
    "author": "whdb****",
    "review": "별점 낮은 평가들 보면 다 한일감정으로 별점준듯한 댓글들이다. 영화는 보고 그런소리가 나오나? 네이버 평가는 딱 애들수준이다.",
    "rating": "9",
    "date": "14.07.19"
  },
  {
    "review_id": "8929857",
    "movie_id": "103709",
    "author": "juny****",
    "review": "아니 그렇게 지키겠다는 넘들이 역사를 왜곡해? 양화대 같은 넘들",
    "rating": "5",
    "date": "14.07.19"
  },
  {
    "review_id": "8909433",
    "movie_id": "103709",
    "author": "dlwo****",
    "review": "설정 실패로 인한 영화 붕괴.",
    "rating": "2",
    "date": "14.07.12"
  },
  {
    "review_id": "8898724",
    "movie_id": "103709",
    "author": "jini****",
    "review": "의미없이 쌈만 하고 오글거리는 허세 가득한 한국 조폭 영화보다 낮다 키가 작아도 믿음직한 남자는 정말 멋있다 일본 배우중에 저리 쌈 잘하는 남자가 있었나 놀라면서 봄 영화속 의미있는 메세지들이 많았다 요근래 개봉한 영화들보단 재밌으니 한번 보시길",
    "rating": "10",
    "date": "14.07.09"
  },
  {
    "review_id": "8846686",
    "movie_id": "103709",
    "author": "unic****",
    "review": "ㅋㅋ 설정이 재밌어서 봤는데 원작이 만화라 그런지 좀 만화스럽고요. 현실하곤 안맞는거 같아서 몰입감도 좀 떨어지고 보면서 여배우가 누구 닮은것 같은데 그 생각만 하다가 보니까 서지영 좀 닮은듯 하네요.",
    "rating": "5",
    "date": "14.06.22"
  },
  {
    "review_id": "8811194",
    "movie_id": "103709",
    "author": "keba****",
    "review": "꽤나 원작을 잘 따르고 있는 작품을 오랜만에 만나서 빈가웠다. 컨셉의 아이디어가 재미있고 동시에 중요한 것을 다시한번 일깨워주는 작품",
    "rating": "10",
    "date": "14.06.08"
  },
  {
    "review_id": "8791702",
    "movie_id": "103709",
    "author": "calr****",
    "review": "원작에 충실하고 스토리를 중요한 부분만 잘 찝어냈네요",
    "rating": "10",
    "date": "14.06.04"
  },
  {
    "review_id": "8731667",
    "movie_id": "103709",
    "author": "juja****",
    "review": "저는 재밌었는데 악평이 많네요. 야동 본 사람은 잠재적 성범죄자로 치부되는 대한민국에서 이런류 영화를 폄하하는건 넌센스.ㅎㅎ",
    "rating": "10",
    "date": "14.05.15"
  },
  {
    "review_id": "8729943",
    "movie_id": "103709",
    "author": "almo****",
    "review": "침략 전쟁이 아니고서야 제 살 깍아먹기식 도서관을 불태우는 만행을 한다고?",
    "rating": "3",
    "date": "14.05.14"
  },
  {
    "review_id": "8728778",
    "movie_id": "103709",
    "author": "part****",
    "review": "초반 5분까지는 흥미진진하더니 그 이후 영화가 산으로 간다. 게다가 애들 총싸움하는 내용의 밑도 끝도 없는 액션씬은 그 누구의 흥미도 끌지 못할듯.. 애니 좋아하는 오덕들이나 물고 빨 내용의 쓰레기 영화.",
    "rating": "3",
    "date": "14.05.13"
  },
  {
    "review_id": "8725944",
    "movie_id": "103709",
    "author": "kiri****",
    "review": "역사를 왜곡시키지않고 지키겠다는데 대체 왜..",
    "rating": "10",
    "date": "14.05.12"
  },
  {
    "review_id": "8704769",
    "movie_id": "103709",
    "author": "ivis****",
    "review": "빡친다. 도서관전쟁.",
    "rating": "1",
    "date": "14.05.05"
  },
  {
    "review_id": "8688913",
    "movie_id": "103709",
    "author": "coal****",
    "review": "원작에 충실한 스토리, 캐릭터에 알맞은 배역, 영화에 대해 의문이 생긴다면 그건 원작의 설정이 그렇기 때문이에요ㅎㅎ영화는 잘 만들었네요.",
    "rating": "7",
    "date": "14.05.01"
  },
  {
    "review_id": "8683047",
    "movie_id": "103709",
    "author": "chan****",
    "review": "일본영화감독들은 다같이 일본영화는 쓰레기로 만들자라고 담합이라도 했냐??!?",
    "rating": "1",
    "date": "14.04.30"
  },
  {
    "review_id": "8682948",
    "movie_id": "103709",
    "author": "dan8****",
    "review": "노다메를 가져다 놓은 듯한 여주인공과 배변 후 휴지로 못 닦고 나온 듯 찝찝한 결말",
    "rating": "4",
    "date": "14.04.30"
  },
  {
    "review_id": "8677067",
    "movie_id": "103709",
    "author": "wana****",
    "review": "정화 VS 문화! 누가 옳은가? 책을 사랑하는 일본이 낳은, 섬뜩한 대체 역사물! 기발함, 위트, 유머, 유도로 멋지게 끌어가다가~! 허탈한 3각 관계, 소총없는 기괴한 총격전으로, 완성도를 끌어내리네! 분서갱유를 일삼는 자들에겐 지옥만이 있으리라!!",
    "rating": "8",
    "date": "14.04.27"
  },
  {
    "review_id": "8675634",
    "movie_id": "103709",
    "author": "yama****",
    "review": "정부의미디어 규제,검열,조작..그다지멀지않은 우리의모습은아닐까? 지금당장만해도 역사왜곡,간첩사건,국정원댓글,세월호 참사 현장기사등..상당부분 미디어조작이 이루어지고있는데 단순히 영화로 치부하기엔 우리현실이 너무도 닮아가고있다..",
    "rating": "7",
    "date": "14.04.27"
  },
  {
    "review_id": "8651588",
    "movie_id": "103709",
    "author": "kbgo****",
    "review": "지나친 규제와 검열이 어떻게 되는지 알려주는 영화",
    "rating": "10",
    "date": "14.04.15"
  },
  {
    "review_id": "8649650",
    "movie_id": "103709",
    "author": "musk****",
    "review": "만화의 내용은 그냥 만화로 끝내라...",
    "rating": "1",
    "date": "14.04.14"
  },
  {
    "review_id": "8644566",
    "movie_id": "103709",
    "author": "ysh9****",
    "review": "편안하게 책읽는 곳까지 전쟁화 시키는 전범국 클라스를 보여주는 영화",
    "rating": "1",
    "date": "14.04.12"
  },
  {
    "review_id": "8639215",
    "movie_id": "103709",
    "author": "kimh****",
    "review": "일본이 우리나라에게 했던 것을 생각하면 이런 영화는 번뻔의 극치...보는 내내 불편했고...일단 총덕인 내가 볼때 전쟁신이 개유치...액션 유치...내용 공감 않되고...여배우 별로...재미도 없는게 더럽게 김...이거 볼빠에 터미네이터2를 함 더보셈",
    "rating": "1",
    "date": "14.04.10"
  },
  {
    "review_id": "8637523",
    "movie_id": "103709",
    "author": "tkdd****",
    "review": "흥미로운 내용에 배우들 연기도 좋았네요!",
    "rating": "10",
    "date": "14.04.09"
  },
  {
    "review_id": "8634892",
    "movie_id": "103709",
    "author": "love****",
    "review": "안좋다는 평이 있어서 기대도 안하고 갔는데 생각보다 괜찮았다. 주인공 러브라인이 약간 뻔하긴 하지만.그리고 총으로 싸울때는 주인공버프 쩐다고 생각했지만오카다준이치의 맨손액션은 꽤 괜찮았다.남녀주인공 캐스팅도 딱인 것 같다.",
    "rating": "8",
    "date": "14.04.07"
  },
  {
    "review_id": "8634630",
    "movie_id": "103709",
    "author": "pop2****",
    "review": "영화를 잘 보았다는 생각을 들게하는 영화입니다.",
    "rating": "10",
    "date": "14.04.07"
  },
  {
    "review_id": "8631877",
    "movie_id": "103709",
    "author": "gyok****",
    "review": "일본은 참신한 아이디어 영화가 많은 거 같네요~ 기대 됩니다.",
    "rating": "10",
    "date": "14.04.06"
  },
  {
    "review_id": "8629838",
    "movie_id": "103709",
    "author": "sewh****",
    "review": "부천 1분만에 매진????    아주 그냥 입만열면 거짓말이야  일본 교과서나 빨리 수정해라  독도가 누구땅? 한국땅",
    "rating": "1",
    "date": "14.04.05"
  },
  {
    "review_id": "8624457",
    "movie_id": "103709",
    "author": "ghye****",
    "review": "여자 주인공이 매력있어서 5점. .도서관 & 책을 지키는 것은 지식, 사상, 역사를 지키는 것이고 이를 파괴하는 것은 옳지 않기에 우린 이것들을 지킨다는 주인공들. . . .일본의 현실은 그 반대.",
    "rating": "5",
    "date": "14.04.03"
  },
  {
    "review_id": "8624345",
    "movie_id": "103709",
    "author": "dbgu****",
    "review": "이런 영화를 위한 장르명을 새로 하나 지어줘야한다.죄와벌.만든 사람은 벌을 받아야함.이걸 보는니 차라리 귀여니소설을 목욕재개하고 정좌세로 정독을 하겠어요.보는 내내 내가 전생에 무슨 죄를 지었길래 이딴걸 보는데 시간을 써야하나?싶었다",
    "rating": "1",
    "date": "14.04.02"
  },
  {
    "review_id": "8621303",
    "movie_id": "103709",
    "author": "tokk****",
    "review": "관객평점이 10점만점에 10점이냐?",
    "rating": "1",
    "date": "14.04.01"
  },
  {
    "review_id": "8621054",
    "movie_id": "103709",
    "author": "fyce****",
    "review": "지금의 일본을 본다면 절대 황당한 스토리가 아니다. 이미 섬마을의 교과서를 강제로 우익교과서로 바꾸는등 책에 대한 탕압을 시작하고 있다. 이제 저항하는 사람만 나오면 작품대로 현실화된다.",
    "rating": "10",
    "date": "14.03.31"
  },
  {
    "review_id": "8618307",
    "movie_id": "103709",
    "author": "kyle****",
    "review": "일본영화는 왜이렇게 오글거리냐",
    "rating": "4",
    "date": "14.03.30"
  },
  {
    "review_id": "8616664",
    "movie_id": "103709",
    "author": "534k****",
    "review": "생각보다 괜찮았음....",
    "rating": "10",
    "date": "14.03.30"
  },
  {
    "review_id": "8615433",
    "movie_id": "103709",
    "author": "iuiu****",
    "review": "내용도 원작에 충실하고 배우들의 캐스팅도 훌륭했습니다!! 너무 즐겁게 보고왔어요 또 보고싶네요ㅎㅅㅎ!!",
    "rating": "10",
    "date": "14.03.29"
  },
  {
    "review_id": "8614583",
    "movie_id": "103709",
    "author": "jsvn****",
    "review": "새..생각보다 괜찮은데??!?!",
    "rating": "10",
    "date": "14.03.29"
  },
  {
    "review_id": "8611313",
    "movie_id": "103709",
    "author": "sols****",
    "review": "야동을 없애려는 자, 인간도 없앨 것이다.",
    "rating": "10",
    "date": "14.03.27"
  },
  {
    "review_id": "8610966",
    "movie_id": "103709",
    "author": "phep****",
    "review": "언론탄압에 대항하는 투쟁을 가장한  츤데레 러브스토리",
    "rating": "1",
    "date": "14.03.27"
  },
  {
    "review_id": "8609963",
    "movie_id": "103709",
    "author": "chun****",
    "review": "초반엔 황당한 설정이다 싶어 몰입이 힘들었지만 점차 이건 판타지가 아니라 우리의 근미래에 현실이 될지도 모르는 언론탄압에 대한 진지한 은유라는 생각이 들었다. 남자주인공 오카다 준이치는 예상보다 훨씬 좋았다. 별 기대없이 보았는데 의외의 재미와 감동.",
    "rating": "9",
    "date": "14.03.27"
  },
  {
    "review_id": "8609805",
    "movie_id": "103709",
    "author": "tjsa****",
    "review": "뭔가 재미있을꺼 같다  그리고 뭔가  제목이 인상적이다",
    "rating": "10",
    "date": "14.03.27"
  },
  {
    "review_id": "8609572",
    "movie_id": "103709",
    "author": "gall****",
    "review": "실사버전도 오글거리지만 애니고 원작 소설이고 다 별로~ 세계관부터 유치하고 억지스럽군.",
    "rating": "1",
    "date": "14.03.27"
  }
]