[
  {
    "review_id": "10271615",
    "movie_id": "103700",
    "author": "st10****",
    "review": "소금 노예들도 그렇고 왜 전라도는 범죄를 저질러도 다들 쉬쉬하는 걸까?",
    "rating": "1",
    "date": "15.08.24"
  },
  {
    "review_id": "10271606",
    "movie_id": "103700",
    "author": "juke****",
    "review": "이러니 전라도를 싫어하지",
    "rating": "1",
    "date": "15.08.24"
  },
  {
    "review_id": "10271594",
    "movie_id": "103700",
    "author": "star****",
    "review": "하여간 더러운 전라도놈들은 '이끼'때도 전라도들이 해놓고선 경상도를 속일땐 언제고  요번엔 '들개들' 이것도 전라도놈들이해놓고선 멀쩡한강원도로 속이는주제에  지역차별하지말자고? 개소리하고 자빠졌네  적어도 너희들ㅇ처럼 지들이 해놓고 다른지역",
    "rating": "1",
    "date": "15.08.24"
  },
  {
    "review_id": "10271591",
    "movie_id": "103700",
    "author": "aest****",
    "review": "이래서 전라도 홍어색히들하고는 상종도 하지 말라는거다. 진실을 왜곡하여 남에게 죄를 덮어씌우는게 바로 전라도 홍어들이다. 대한민국을 혼란케 하고 북에게 대한민국을 그대로 갖다 바칠 궁리만 하는게 바로 종북좌좀홍어빨갱이다.",
    "rating": "1",
    "date": "15.08.24"
  },
  {
    "review_id": "10271590",
    "movie_id": "103700",
    "author": "shin****",
    "review": "명불허전전라도 사건을 강원도 산골로지역이미지  훼손아님?",
    "rating": "1",
    "date": "15.08.24"
  },
  {
    "review_id": "10271589",
    "movie_id": "103700",
    "author": "frui****",
    "review": "전라도 로 다시 고쳐서 만들어요 깽깽이가 감독이냐",
    "rating": "1",
    "date": "15.08.24"
  },
  {
    "review_id": "10271585",
    "movie_id": "103700",
    "author": "wow2****",
    "review": "지역감정 일으키는 영화네요ㅋㅋ 전라도면 전라도라고 쓸것이지 강원도로 싹 바꾸는거봐",
    "rating": "1",
    "date": "15.08.24"
  },
  {
    "review_id": "10271579",
    "movie_id": "103700",
    "author": "heki****",
    "review": "전라도에서 일어난 일을 왜 우리 강원도에 덮어씌우냐? 감독이 전라도냐?",
    "rating": "1",
    "date": "15.08.24"
  },
  {
    "review_id": "10248719",
    "movie_id": "103700",
    "author": "sean****",
    "review": "이끼 인듯 이끼 아닌듯 이끼 같은 너~",
    "rating": "5",
    "date": "15.08.18"
  },
  {
    "review_id": "10152626",
    "movie_id": "103700",
    "author": "lks0****",
    "review": "이게영화가? 아픈실제사건을 오락영화로만들었네..ㅡ.ㅡ원준감독?두번다신....알죠?무슨말인지..",
    "rating": "1",
    "date": "15.07.28"
  },
  {
    "review_id": "10080041",
    "movie_id": "103700",
    "author": "kara****",
    "review": "조잡한 연출에 조잡한 시추에이션~",
    "rating": "1",
    "date": "15.07.08"
  },
  {
    "review_id": "10058961",
    "movie_id": "103700",
    "author": "pour****",
    "review": "왜 평점이 이런거죠???!!!이 영화 많은 분들이 보시고 장애인을 성폭행한 괴물들에게 더 많이 분노하셨으면 합니다!!!",
    "rating": "10",
    "date": "15.07.01"
  },
  {
    "review_id": "9987495",
    "movie_id": "103700",
    "author": "ggzc****",
    "review": "김정훈 발연기만 아니면 볼만했음 ㅋㅋ",
    "rating": "10",
    "date": "15.06.10"
  },
  {
    "review_id": "9986554",
    "movie_id": "103700",
    "author": "bulg****",
    "review": "시나리오 연출 연기 모든게 어설프다",
    "rating": "5",
    "date": "15.06.09"
  },
  {
    "review_id": "9985995",
    "movie_id": "103700",
    "author": "seou****",
    "review": "평점 선택중 0점이 없다는게 아쉽다. 스토리, 연기 전부 다 부족하다. 도대체 뭘 이야기하려는지도 모르겠는 삼류도 아닌 사류영화. 영화때문에 빼앗긴 두시간이 아깝게 느껴진다.",
    "rating": "1",
    "date": "15.06.09"
  },
  {
    "review_id": "9934858",
    "movie_id": "103700",
    "author": "guia****",
    "review": "영화가 왜 망한줄 알겠다...취지는 좋았으나 남자주연의 연기력보다 답답한전개가 보는사람을 짜증나게한다.",
    "rating": "1",
    "date": "15.05.21"
  },
  {
    "review_id": "9853365",
    "movie_id": "103700",
    "author": "lyk0****",
    "review": "초반에는 꽤 흥미로웠는데.. 뜬금없는 신파는 거슬리고.. 피 색깔은 뭐그리 훤한지... 게다가 소녀는 동네나가기도 전에 맘편하게 잠들다니-_- 압권은 인생공부했다는 김정훈의 허세 대사였음. 이런건 그것이알고싶다로 보는게 낫겠네요",
    "rating": "5",
    "date": "15.04.19"
  },
  {
    "review_id": "9826333",
    "movie_id": "103700",
    "author": "deat****",
    "review": "전라도는 가면 안되는 곳이라는걸 알게해준영화인데 완성도는 망작인 영화",
    "rating": "3",
    "date": "15.04.04"
  },
  {
    "review_id": "9825482",
    "movie_id": "103700",
    "author": "hspe****",
    "review": "'이끼'의 폐쇄성, '도가니'의 폐륜, '악마를 보았다'의 잔혹을 섞고자 했으니 겉도는 연출력",
    "rating": "4",
    "date": "15.04.04"
  },
  {
    "review_id": "9825472",
    "movie_id": "103700",
    "author": "edga****",
    "review": "김정훈은 진짜 연기하지마라..",
    "rating": "1",
    "date": "15.04.04"
  },
  {
    "review_id": "9825412",
    "movie_id": "103700",
    "author": "qkrt****",
    "review": "와 이거 진짜 재미잇어요",
    "rating": "10",
    "date": "15.04.04"
  },
  {
    "review_id": "9825386",
    "movie_id": "103700",
    "author": "film****",
    "review": "그러길래 대본 좀 잘 정리 하랬지?",
    "rating": "1",
    "date": "15.04.04"
  },
  {
    "review_id": "9820056",
    "movie_id": "103700",
    "author": "hang****",
    "review": "일베놈들 존1나 전라전라 거리네 ㅡ.ㅡ",
    "rating": "7",
    "date": "15.04.01"
  },
  {
    "review_id": "9797602",
    "movie_id": "103700",
    "author": "peko****",
    "review": "광주인화학교 도가니도 충격적인데 전북무주 장애아동 집단성폭행이라니. 섬노예도.. 무섭다",
    "rating": "10",
    "date": "15.03.21"
  },
  {
    "review_id": "9796477",
    "movie_id": "103700",
    "author": "esfa****",
    "review": "이끼와 비슷한 설정이긴했으나 묵직하게 전개되며 금방봤네요 근데 후반부의  스릴러가 엉성한느낌? 김정훈씨 연기도하는줄 몰랐네요...",
    "rating": "4",
    "date": "15.03.21"
  },
  {
    "review_id": "9796108",
    "movie_id": "103700",
    "author": "hina****",
    "review": "같은 나라 같은 국민인데 글 쓰는 꼬락서니가 가관이네",
    "rating": "5",
    "date": "15.03.21"
  },
  {
    "review_id": "9794969",
    "movie_id": "103700",
    "author": "sbeo****",
    "review": "마을 사람들은 그냥 잔일할 뿐이고. 주인공은 그냥 멍청이일 뿐이고. 감독은 아직 이야기를 제대로 풀 줄 모를 뿐이고. 영화는 재미없어 망했을 뿐이고...",
    "rating": "1",
    "date": "15.03.20"
  },
  {
    "review_id": "9792208",
    "movie_id": "103700",
    "author": "pont****",
    "review": "우리나라 영화판에서 특정지역 세가 강하다는 걸 입증.",
    "rating": "5",
    "date": "15.03.19"
  },
  {
    "review_id": "9767046",
    "movie_id": "103700",
    "author": "kyn9****",
    "review": "뭔가가 부족하긴 했지만 이 정도면 괜찮은 스릴러물.",
    "rating": "7",
    "date": "15.03.08"
  },
  {
    "review_id": "9764763",
    "movie_id": "103700",
    "author": "cute****",
    "review": "소름....섬노예....",
    "rating": "10",
    "date": "15.03.08"
  },
  {
    "review_id": "9755256",
    "movie_id": "103700",
    "author": "etp8****",
    "review": "작품성을 보이고자 실화를 이용해 봤지만 현저히 부족한 연출만이 돋보이고 말았다",
    "rating": "4",
    "date": "15.03.04"
  },
  {
    "review_id": "9755251",
    "movie_id": "103700",
    "author": "kisi****",
    "review": "역시 일베들이 득실거리네..칵~~퉤!!! 충격실화인데도 영화를 너무 엉성하게 연출함",
    "rating": "5",
    "date": "15.03.04"
  },
  {
    "review_id": "9755240",
    "movie_id": "103700",
    "author": "kazu****",
    "review": "전라도는 진짜 문제의땅이네 ㅡㅡ",
    "rating": "10",
    "date": "15.03.04"
  },
  {
    "review_id": "9755214",
    "movie_id": "103700",
    "author": "hyes****",
    "review": "일베충 새키들 스팟찍어놓고 테러하는거보소 나 일베충이요 광고들하나",
    "rating": "10",
    "date": "15.03.04"
  },
  {
    "review_id": "9755207",
    "movie_id": "103700",
    "author": "n_ro****",
    "review": "이거 뭐야 평점보러 들어왔더니 네이버 일베충 천지네...",
    "rating": "5",
    "date": "15.03.04"
  },
  {
    "review_id": "9612041",
    "movie_id": "103700",
    "author": "nora****",
    "review": "걍그럼킬링타임용~기대하면안됨~맘비우고보삼 그럼나름재미짐",
    "rating": "6",
    "date": "15.01.19"
  },
  {
    "review_id": "9603841",
    "movie_id": "103700",
    "author": "sson****",
    "review": "아니 지역들이 뭐 그릭 중요하신지 모르겠네 전라도면 어떻고 강원도면 어때ㅋㅋ 내용자체가 불편하고 주인공은 왜 갑자기 정의감에 휩싸인건지 의문",
    "rating": "6",
    "date": "15.01.17"
  },
  {
    "review_id": "9564263",
    "movie_id": "103700",
    "author": "ekdm****",
    "review": "영화보면서 촬영지 생각하는 또라이들도 있낰ㅋㅋ 전라도건 강원도건 내 알바 아니고 영화는 거지같다. 내용도 불편한데 연출도 별로임",
    "rating": "4",
    "date": "15.01.05"
  },
  {
    "review_id": "9525687",
    "movie_id": "103700",
    "author": "ikim****",
    "review": "실제 사건이 발생한곳에서 찍으면 지역주민이 테러할까봐 안전한 강원도로 온건가요?",
    "rating": "1",
    "date": "14.12.27"
  },
  {
    "review_id": "9520856",
    "movie_id": "103700",
    "author": "devi****",
    "review": "이런. . . .ㅅ . . . ㅅ . .",
    "rating": "1",
    "date": "14.12.26"
  },
  {
    "review_id": "9520218",
    "movie_id": "103700",
    "author": "rain****",
    "review": "이게 그 유명한 자기 허물을 남에게 덮어씌우는 그 영화인가요?",
    "rating": "1",
    "date": "14.12.26"
  },
  {
    "review_id": "9520171",
    "movie_id": "103700",
    "author": "hsss****",
    "review": "지역 왜 바꾸지 왜 강원도에게 덮어씌웁니까",
    "rating": "1",
    "date": "14.12.26"
  },
  {
    "review_id": "9520151",
    "movie_id": "103700",
    "author": "msco****",
    "review": "나으 고향은 강원도랑께",
    "rating": "6",
    "date": "14.12.26"
  },
  {
    "review_id": "9518357",
    "movie_id": "103700",
    "author": "yong****",
    "review": "영화를 보고 전라도를 생각했는데 역시나,,, 전라도 사람들 진짜 무섭다. 으으",
    "rating": "5",
    "date": "14.12.26"
  },
  {
    "review_id": "9435053",
    "movie_id": "103700",
    "author": "clea****",
    "review": "이게 실화를 바탕으로 했다니 놀랍다. 근데 영화는 별로다. 김정훈 출연할 영화가 없나보군.",
    "rating": "3",
    "date": "14.11.30"
  },
  {
    "review_id": "9430549",
    "movie_id": "103700",
    "author": "wodn****",
    "review": "김정훈 연기 진짜하 새기..ㅋ",
    "rating": "4",
    "date": "14.11.28"
  },
  {
    "review_id": "9423441",
    "movie_id": "103700",
    "author": "node****",
    "review": "이제 영화까지 고향 세탁하다니.. 말세여 말세",
    "rating": "8",
    "date": "14.11.26"
  },
  {
    "review_id": "9394722",
    "movie_id": "103700",
    "author": "jspa****",
    "review": "전북 무주에서 일어난 사건입니다. 강원도에선 저런 일이 일어난 적 없습니다.",
    "rating": "1",
    "date": "14.11.17"
  },
  {
    "review_id": "9344053",
    "movie_id": "103700",
    "author": "kute****",
    "review": "평점후기들이 안타깝네요배경이 강원도라 나오나요?무주가 강원도처럼 첩첩산중인데 무주배경이 맞는거 같은데요사용하는말도 그렇고 강원도 사투리 하나도 안나오는데지역색으로 이 조그만 나라로 욕하는재미를 느끼는참!! 안타까운 현실이네요.",
    "rating": "8",
    "date": "14.11.06"
  },
  {
    "review_id": "9324034",
    "movie_id": "103700",
    "author": "sepa****",
    "review": "2014.10.28",
    "rating": "2",
    "date": "14.10.28"
  },
  {
    "review_id": "9307489",
    "movie_id": "103700",
    "author": "sunj****",
    "review": "여기 전라도 비하하는 인간같지도 않은 인간들아. 영화 내용이 중요하지 지역이 중요하냐? 그럼 <한공주>에서 밀양이야기 안꺼낸건 어쩔건데? 아.. 자기 내용이 나와서 움찔한 거냐? 함부로 떠들지 마라...",
    "rating": "1",
    "date": "14.10.22"
  },
  {
    "review_id": "9295165",
    "movie_id": "103700",
    "author": "kim0****",
    "review": "재미없음 이것이 진실 내용 연기 다 별루",
    "rating": "1",
    "date": "14.10.16"
  },
  {
    "review_id": "9273521",
    "movie_id": "103700",
    "author": "heod****",
    "review": "스토리가 약한건지... 연출이 딸리는건지... 저예산티가 팍팍 난다는 게 흠이지만, 시사성이나 스릴러물로서 괜찮은 점도 보이고.. 암튼 잘봤음. 근데, 실화가 사실이라면 전북 무주에서 일어난 일을 강원도 횡성으로 옮긴건데, 횡성은 무슨 죄여...",
    "rating": "9",
    "date": "14.10.08"
  },
  {
    "review_id": "9268483",
    "movie_id": "103700",
    "author": "zxc1****",
    "review": "사회 고발 영화로 보기엔 불쾌함만 있지 사실성은 없고, 장르적인 영화로 보기엔 너무나도 엉성하다.",
    "rating": "4",
    "date": "14.10.06"
  },
  {
    "review_id": "9207441",
    "movie_id": "103700",
    "author": "kos4****",
    "review": "지적장애인이 눈쌓인 어두운 밤길이라면 봉사자들은 밤하늘의 빛나는 별일 것이다.",
    "rating": "5",
    "date": "14.09.12"
  },
  {
    "review_id": "9183461",
    "movie_id": "103700",
    "author": "yoos****",
    "review": "실화라서 더욱 안타깝고 섬뜩하기까지한 영화입니다。아직도 이런 일들이 일어난다는 사실에 괜히 미안하고 죄스러운 마음까지 들게 되네요。대배우들이 출연한 영화는 아니지만、반가운 배우들도 몇 보이고 김정훈씨의 연기 기대해 보시기 바랍니다。",
    "rating": "10",
    "date": "14.09.08"
  },
  {
    "review_id": "9136818",
    "movie_id": "103700",
    "author": "tpqk****",
    "review": "이런개같이못만든영화첨봄 진짜 시간눈 다배림 쳐다보지도마세요 진심입니다 충고하건대 핵노잼",
    "rating": "1",
    "date": "14.08.27"
  },
  {
    "review_id": "9127093",
    "movie_id": "103700",
    "author": "olll****",
    "review": "장르를 잘 살린 연출..",
    "rating": "8",
    "date": "14.08.24"
  },
  {
    "review_id": "9104056",
    "movie_id": "103700",
    "author": "cty1****",
    "review": "정말 들개들을 봣다.  전화도 실화라고 하는데.. 짐승들",
    "rating": "3",
    "date": "14.08.17"
  },
  {
    "review_id": "9014762",
    "movie_id": "103700",
    "author": "safe****",
    "review": "김정훈? UN? 주연이 조연에게 연기력 딸리고 어색한 이상한영화 ..캐스팅실패로 망한듯 20분 보고 꺼버림... 배역의 문제 몰입도가 떨어짐",
    "rating": "1",
    "date": "14.08.03"
  },
  {
    "review_id": "9009141",
    "movie_id": "103700",
    "author": "oojj****",
    "review": "사회 고발 영화. 그래도 복수하는 장면으로 마무리가 되어서 다행이다.",
    "rating": "5",
    "date": "14.08.02"
  },
  {
    "review_id": "8939928",
    "movie_id": "103700",
    "author": "zzan****",
    "review": "앞으로읽으면 들개들 뒤로읽어도 들개들 ㅋ",
    "rating": "5",
    "date": "14.07.22"
  },
  {
    "review_id": "8923521",
    "movie_id": "103700",
    "author": "tn99****",
    "review": "감독이나 배우나 내용이나 답답하다..",
    "rating": "2",
    "date": "14.07.17"
  },
  {
    "review_id": "8902140",
    "movie_id": "103700",
    "author": "cool****",
    "review": "한 편의 연극을 보는 듯 새벽 시간을 마구 달리던 들개들",
    "rating": "5",
    "date": "14.07.10"
  },
  {
    "review_id": "8885847",
    "movie_id": "103700",
    "author": "kyki****",
    "review": "한국영화가 그러면 그렇지",
    "rating": "3",
    "date": "14.07.05"
  },
  {
    "review_id": "8811282",
    "movie_id": "103700",
    "author": "dobi****",
    "review": "일베들ㅋㅋ 어휴노답이네",
    "rating": "10",
    "date": "14.06.08"
  },
  {
    "review_id": "8802518",
    "movie_id": "103700",
    "author": "junx****",
    "review": "힘든 시간을 버티던 청년이 쓰레기홍어를 처단하고 자각에 이른다는 신나는 모험담.      (전북 무주에서 일어난 실화를 배경으로 한 영화)",
    "rating": "5",
    "date": "14.06.06"
  },
  {
    "review_id": "8795476",
    "movie_id": "103700",
    "author": "wlst****",
    "review": "김정훈씨 응원합니다~.~",
    "rating": "10",
    "date": "14.06.04"
  },
  {
    "review_id": "8792836",
    "movie_id": "103700",
    "author": "mach****",
    "review": "불편하기만 했던 불편한 진실 전북무안사건 왜 이러는걸까요?. 아예 다큐로하는게 나을뻔한 아쉬움이 드네요 더티히어로라기엔 추잡하고 박진감넘치기엔 루즈한 시골배경 뭔가 아쉬워",
    "rating": "1",
    "date": "14.06.04"
  },
  {
    "review_id": "8788006",
    "movie_id": "103700",
    "author": "dlwn****",
    "review": "전라도에서 일어난 사건을 모티브로 한 영화인데.. 지역을 강원도로 바꾼 이유가 뭡니까?  참 대한민국의 90%의 좌파영화인들 이런거까지 조작합니까?",
    "rating": "1",
    "date": "14.06.02"
  },
  {
    "review_id": "8787376",
    "movie_id": "103700",
    "author": "gust****",
    "review": "실화잖아?그럼 그배경도 질제 전라북도가 되야지?무슨 강원도?",
    "rating": "1",
    "date": "14.06.02"
  },
  {
    "review_id": "8786808",
    "movie_id": "103700",
    "author": "gemi****",
    "review": "뭐당가 이거시? 왜 강원도여?  워메~ 또 당해부렀구만",
    "rating": "1",
    "date": "14.06.02"
  },
  {
    "review_id": "8786395",
    "movie_id": "103700",
    "author": "dnrw****",
    "review": "전라북도 무주에서 일어난 실화를 왜 타지역에 뒤집어 씌우시나요?ㅎㅎ 통수 후리고 다니는 홍어 종특인가?",
    "rating": "10",
    "date": "14.06.02"
  },
  {
    "review_id": "8786299",
    "movie_id": "103700",
    "author": "noic****",
    "review": "강원도가 만만하나? 영화 한 편으로 고향 이미지를 아주 그냥..",
    "rating": "1",
    "date": "14.06.02"
  },
  {
    "review_id": "8786293",
    "movie_id": "103700",
    "author": "alsr****",
    "review": "그다지... 내키지는 않네요.",
    "rating": "1",
    "date": "14.06.02"
  },
  {
    "review_id": "8786278",
    "movie_id": "103700",
    "author": "jhle****",
    "review": "경상도로 하고싶었지만 티날까봐강원도로 하셨나? 가만있는 강원도만불쌍하게 된겨?",
    "rating": "1",
    "date": "14.06.02"
  },
  {
    "review_id": "8786255",
    "movie_id": "103700",
    "author": "avon****",
    "review": "우덜 전라도 사건인디요",
    "rating": "1",
    "date": "14.06.02"
  },
  {
    "review_id": "8786238",
    "movie_id": "103700",
    "author": "aren****",
    "review": "전라도에서 있엇던 실제 사건이죠다른 실화들은 실화의 지역에 맞게 나오던데왜 이 영화는 지역을 바꾼거죠????",
    "rating": "1",
    "date": "14.06.02"
  },
  {
    "review_id": "8786190",
    "movie_id": "103700",
    "author": "fina****",
    "review": "범죄도 범죄지만 전라도출신 사람이 범죄 저지른게 그렇게 싫으세요? 왜 애꿎은 강원도를..",
    "rating": "1",
    "date": "14.06.02"
  },
  {
    "review_id": "8786176",
    "movie_id": "103700",
    "author": "ksk0****",
    "review": "실화 모티브라면서 전라도에서 강원도로 지역을 바꿔주는 센스보소",
    "rating": "1",
    "date": "14.06.02"
  },
  {
    "review_id": "8786161",
    "movie_id": "103700",
    "author": "k_dy****",
    "review": "명불허전라도명불허전라도명불허전라도명불허전라도명불허전라도명불허전라도명불허전라도명불허전라도명불허전라도명불허전라도명불허전라도명불허전라도명불허전라도명불허전라도명불허전라도명불허전라도명불허전라도명불허전라도명불허전라도명불허전라도명불허전라도명불허전라도명불허전라도명불",
    "rating": "1",
    "date": "14.06.02"
  },
  {
    "review_id": "8786157",
    "movie_id": "103700",
    "author": "pkw1****",
    "review": "성지순례성지순례성지순례",
    "rating": "1",
    "date": "14.06.02"
  },
  {
    "review_id": "8786156",
    "movie_id": "103700",
    "author": "ieya****",
    "review": "강원도가 만만하니? 이런 ㅁㅊ..ㅉㅉ  강원도 뒤집어 씌우네",
    "rating": "1",
    "date": "14.06.02"
  },
  {
    "review_id": "8786152",
    "movie_id": "103700",
    "author": "jotm****",
    "review": "까보전은 과학입니다.",
    "rating": "1",
    "date": "14.06.02"
  },
  {
    "review_id": "8786149",
    "movie_id": "103700",
    "author": "inge****",
    "review": "아따 라도 사건을 강원도로 바꿔버리는 짓거리 보소  ㅉㅉㅉ 이것이 우덜식 영화랑께요????",
    "rating": "1",
    "date": "14.06.02"
  },
  {
    "review_id": "8786144",
    "movie_id": "103700",
    "author": "hong****",
    "review": "전라도에서 난 범죄를 강원도로 바꾼 쓰레기 영화",
    "rating": "1",
    "date": "14.06.02"
  },
  {
    "review_id": "8786138",
    "movie_id": "103700",
    "author": "lupi****",
    "review": "이러니 전라도가 욕을 먹지...",
    "rating": "1",
    "date": "14.06.02"
  },
  {
    "review_id": "8786134",
    "movie_id": "103700",
    "author": "izz2****",
    "review": "아따 오ㅐ 우덜동네에서 일어난 일을 감자바위들한테 뒤집어씌우당가? 뭐시여! 감독님이 그분이구마잉~!!",
    "rating": "1",
    "date": "14.06.02"
  },
  {
    "review_id": "8786127",
    "movie_id": "103700",
    "author": "hona****",
    "review": "2012 전북 무주에서 들통난 집단 성폭행 사건을 모티브로 한 영화 - 전북 무주  홍어들이 지적장애소녀를 수년간 집단 성폭행한 사건임.",
    "rating": "1",
    "date": "14.06.02"
  },
  {
    "review_id": "8786124",
    "movie_id": "103700",
    "author": "qhrt****",
    "review": "으따, 전라도에서 일어난 사건을 모티브해서 영화화했더니 장소가 강원도로 바뀌었당께?   전라도와는 상관없는곳으로 바꿔버리는 우덜식 모티브랑께!",
    "rating": "1",
    "date": "14.06.02"
  },
  {
    "review_id": "8786107",
    "movie_id": "103700",
    "author": "sons****",
    "review": "실화고 뭐고 영화가 재미가없네요",
    "rating": "1",
    "date": "14.06.02"
  },
  {
    "review_id": "8786104",
    "movie_id": "103700",
    "author": "cjsf****",
    "review": "전라도에서 일어난 일을 다른지역에 뒤집어 씌우니까 전라도가 홍어새끼들이라고 욕먹는거지 ㅉㅉㅉ",
    "rating": "1",
    "date": "14.06.02"
  },
  {
    "review_id": "8786103",
    "movie_id": "103700",
    "author": "bear****",
    "review": "전라도사건인데 왜 배경은 강원도로.. 기분나쁘네요",
    "rating": "1",
    "date": "14.06.02"
  },
  {
    "review_id": "8786085",
    "movie_id": "103700",
    "author": "powe****",
    "review": "이런게 지역감정아닌가? 왜 전라도에서 일어난일을 강원도에 뒤집어 씌우는데?? 강원도 무시하냐?",
    "rating": "1",
    "date": "14.06.02"
  },
  {
    "review_id": "8785151",
    "movie_id": "103700",
    "author": "woow****",
    "review": "명계남님 나와서 전라도가 아닌 강원도로 한듯",
    "rating": "1",
    "date": "14.06.01"
  },
  {
    "review_id": "8785147",
    "movie_id": "103700",
    "author": "ljs9****",
    "review": "힘든 시간을 버티던 청년이 좌좀홍어 야만인을  처단하고 자각에 이른다는 신나는 모험담",
    "rating": "10",
    "date": "14.06.01"
  },
  {
    "review_id": "8779639",
    "movie_id": "103700",
    "author": "dlwo****",
    "review": "괴아한데 영화는 더 별로임.",
    "rating": "2",
    "date": "14.05.31"
  },
  {
    "review_id": "8777800",
    "movie_id": "103700",
    "author": "gato****",
    "review": "사회고발만으로 안아주기엔 너무 투박하고 어설픈.",
    "rating": "4",
    "date": "14.05.30"
  },
  {
    "review_id": "8740165",
    "movie_id": "103700",
    "author": "tank****",
    "review": "연기들이 영~ 답답하다...",
    "rating": "2",
    "date": "14.05.17"
  },
  {
    "review_id": "8682993",
    "movie_id": "103700",
    "author": "hong****",
    "review": "전라도에서 일어난 일로 강원도를 모독하다니... 강원도사는 주민들을 모독하지 마라 이 종북새끼들아.",
    "rating": "1",
    "date": "14.04.30"
  }
]