[
  {
    "review_id": "10276854",
    "movie_id": "103760",
    "author": "dksg****",
    "review": "그냥저냥 재밌게보았다",
    "rating": "7",
    "date": "15.08.26"
  },
  {
    "review_id": "10276670",
    "movie_id": "103760",
    "author": "kims****",
    "review": "해바라기의.. 못된 기대....",
    "rating": "6",
    "date": "15.08.26"
  },
  {
    "review_id": "10275387",
    "movie_id": "103760",
    "author": "eun_****",
    "review": "강남의 겉멋만 가득한 영화",
    "rating": "2",
    "date": "15.08.26"
  },
  {
    "review_id": "10274963",
    "movie_id": "103760",
    "author": "dlau****",
    "review": "이민호,김래원,정진영의 연기는 훌륭하다 하지만 유하 감독의 디테일한 관찰과 세밀한 시선이 장점이 있다 하지만 옛날에 비해서 덜 떨어지지 않았나 싶다. 이 영화는 1월에 아닌 4월에 개봉했으면 흥행 할 수 있었을 것이다.",
    "rating": "7",
    "date": "15.08.25"
  },
  {
    "review_id": "10272984",
    "movie_id": "103760",
    "author": "kyki****",
    "review": "마지막에 권투장면 보니 표현할 수 없는 비장미가 있다...",
    "rating": "9",
    "date": "15.08.25"
  },
  {
    "review_id": "10271265",
    "movie_id": "103760",
    "author": "terr****",
    "review": "재밌습니다! 10자10자",
    "rating": "10",
    "date": "15.08.24"
  },
  {
    "review_id": "10267406",
    "movie_id": "103760",
    "author": "alqu****",
    "review": "주말에 좋은 영화 잘 봤습니다.",
    "rating": "10",
    "date": "15.08.23"
  },
  {
    "review_id": "10265958",
    "movie_id": "103760",
    "author": "cath****",
    "review": "영화 너무 재미있게 봤습니다",
    "rating": "7",
    "date": "15.08.23"
  },
  {
    "review_id": "10263080",
    "movie_id": "103760",
    "author": "njt0****",
    "review": "연기력 쩐다. 왜 평이 이따구들이냐",
    "rating": "10",
    "date": "15.08.22"
  },
  {
    "review_id": "10262613",
    "movie_id": "103760",
    "author": "wlsn****",
    "review": "안녕이얍 우와 10장 입니다",
    "rating": "3",
    "date": "15.08.22"
  },
  {
    "review_id": "10261904",
    "movie_id": "103760",
    "author": "kwt3****",
    "review": "10자10자10자10자",
    "rating": "10",
    "date": "15.08.22"
  },
  {
    "review_id": "10261345",
    "movie_id": "103760",
    "author": "jce5****",
    "review": "정말재밌게봤습니다 근데 영화 끝나고서도 설현이 제일 안쓰럽더군요 ..",
    "rating": "10",
    "date": "15.08.22"
  },
  {
    "review_id": "10259954",
    "movie_id": "103760",
    "author": "dlgh****",
    "review": "으아아냐도어규아우오",
    "rating": "10",
    "date": "15.08.21"
  },
  {
    "review_id": "10243346",
    "movie_id": "103760",
    "author": "jjhk****",
    "review": "연출과 연기가 매우 좋습니다, 반면 스토리중 구조가 복잡하고 등장인물간 생태계구성에 대한 설명이 부족하여 몰입저해가 약간 있습니다.",
    "rating": "8",
    "date": "15.08.16"
  },
  {
    "review_id": "10234211",
    "movie_id": "103760",
    "author": "kimy****",
    "review": "강남에 대해 깊은생각을 던져준다 설현 연두 굿",
    "rating": "8",
    "date": "15.08.15"
  },
  {
    "review_id": "10232235",
    "movie_id": "103760",
    "author": "youn****",
    "review": "70년대 조폭들이 현재 조폭들보다 잔인하게 나오네ㅋ 해바라기 오태식 하나면 다 끝이다ㅋ",
    "rating": "4",
    "date": "15.08.15"
  },
  {
    "review_id": "10218968",
    "movie_id": "103760",
    "author": "yunb****",
    "review": "조아요재밋고요  신납니다",
    "rating": "10",
    "date": "15.08.12"
  },
  {
    "review_id": "10217593",
    "movie_id": "103760",
    "author": "star****",
    "review": "엔딩 크래딧 올라갈때 드는 느낌은 참... 필요 할땐 쓰고 버릴땐 버리는 건달....",
    "rating": "9",
    "date": "15.08.11"
  },
  {
    "review_id": "10217107",
    "movie_id": "103760",
    "author": "swat****",
    "review": "괜츈잼좋음요....",
    "rating": "8",
    "date": "15.08.11"
  },
  {
    "review_id": "10212769",
    "movie_id": "103760",
    "author": "kimu****",
    "review": "기대했던거 보다는 재밌음 걍 볼만",
    "rating": "7",
    "date": "15.08.10"
  },
  {
    "review_id": "10200534",
    "movie_id": "103760",
    "author": "heli****",
    "review": "연기, 스토리, 재미 등 모든 면에서 수준을 충족시킨 영화.",
    "rating": "7",
    "date": "15.08.08"
  },
  {
    "review_id": "10199636",
    "movie_id": "103760",
    "author": "prin****",
    "review": "생각보단 좀 실망스러웠지만! 나름 재밌게봤네요",
    "rating": "8",
    "date": "15.08.08"
  },
  {
    "review_id": "10199343",
    "movie_id": "103760",
    "author": "lhh6****",
    "review": "내용액션모두만족함다시복싶음",
    "rating": "9",
    "date": "15.08.07"
  },
  {
    "review_id": "10198235",
    "movie_id": "103760",
    "author": "edon****",
    "review": "굿굿 보는내내 엄청 재밌엇어요",
    "rating": "10",
    "date": "15.08.07"
  },
  {
    "review_id": "10198081",
    "movie_id": "103760",
    "author": "jobh****",
    "review": "영화 알맹이가 없음 그냥 대충 보고 지나가는영화",
    "rating": "6",
    "date": "15.08.07"
  },
  {
    "review_id": "10198016",
    "movie_id": "103760",
    "author": "tmdt****",
    "review": "흠 김래원이 더 멋있게 나왔어야됬는데",
    "rating": "8",
    "date": "15.08.07"
  },
  {
    "review_id": "10197433",
    "movie_id": "103760",
    "author": "nqpn****",
    "review": "재밌었어요!ㅎㅎ잔인한걸못봐서..ㅎㅎ좀그랬지만ㅋㅋ뭔가스릴있고머리쓰는..ㅎ",
    "rating": "9",
    "date": "15.08.07"
  },
  {
    "review_id": "10195740",
    "movie_id": "103760",
    "author": "move****",
    "review": "시간날때 한번 보면 괜찮은영화",
    "rating": "7",
    "date": "15.08.07"
  },
  {
    "review_id": "10194156",
    "movie_id": "103760",
    "author": "khw6****",
    "review": "갠찬갠찬갠찬갼찬갼찬",
    "rating": "8",
    "date": "15.08.06"
  },
  {
    "review_id": "10192911",
    "movie_id": "103760",
    "author": "cody****",
    "review": "처음엔 안타까웠다가 중간엔 그들이 잘못자랐구나 싶었다  끝엔 그들이 꼭살아남길바랬다... 해피엔딩이 아쉽다",
    "rating": "10",
    "date": "15.08.06"
  },
  {
    "review_id": "10192371",
    "movie_id": "103760",
    "author": "dong****",
    "review": "내용이 멋있는 영화 입니다.",
    "rating": "10",
    "date": "15.08.06"
  },
  {
    "review_id": "10188393",
    "movie_id": "103760",
    "author": "dudt****",
    "review": "영화가 감동적이고 재미잇어요",
    "rating": "10",
    "date": "15.08.05"
  },
  {
    "review_id": "10183759",
    "movie_id": "103760",
    "author": "hjbj****",
    "review": "비열한 거리2느낌이 듭니다",
    "rating": "7",
    "date": "15.08.04"
  },
  {
    "review_id": "10181729",
    "movie_id": "103760",
    "author": "nawa****",
    "review": "엄청 재밌네....평점 올려야겠다",
    "rating": "10",
    "date": "15.08.03"
  },
  {
    "review_id": "10170795",
    "movie_id": "103760",
    "author": "seun****",
    "review": "비열한 거리만큼은 아니지만 그래도 재밌다",
    "rating": "8",
    "date": "15.08.01"
  },
  {
    "review_id": "10166581",
    "movie_id": "103760",
    "author": "jsh1****",
    "review": "재이있게 봤어요 70년대 강남",
    "rating": "9",
    "date": "15.07.31"
  },
  {
    "review_id": "10165698",
    "movie_id": "103760",
    "author": "said****",
    "review": "시간 가는줄 모르고 본 영화네요 ㅎㅎ",
    "rating": "9",
    "date": "15.07.31"
  },
  {
    "review_id": "10161830",
    "movie_id": "103760",
    "author": "choi****",
    "review": "배우들 연기력이 대박이네요",
    "rating": "10",
    "date": "15.07.30"
  },
  {
    "review_id": "10160258",
    "movie_id": "103760",
    "author": "tnqh****",
    "review": "밋밋한 액션 기대치를 처음부터 너무 높게잡앗나",
    "rating": "9",
    "date": "15.07.30"
  },
  {
    "review_id": "10158832",
    "movie_id": "103760",
    "author": "wkdl****",
    "review": "정말 스릴도넘쳤고 잔인하기도했지만흥미로운스토리였습니다!!",
    "rating": "9",
    "date": "15.07.29"
  },
  {
    "review_id": "10157688",
    "movie_id": "103760",
    "author": "msls****",
    "review": "즐겁게 봣습니다 강추합니다",
    "rating": "10",
    "date": "15.07.29"
  },
  {
    "review_id": "10155615",
    "movie_id": "103760",
    "author": "love****",
    "review": "안대요 김래원씨!! 안돼여!!! 궁뎅이는!?!!! 안대요!!! 헐떡이지말아요!!!! 안대 정우성다음에 김래원이라니!!!:( 이런영화라서ㅠ정말 당황하지만 좋ㅇ으네에ㅔ(?) 꺄",
    "rating": "10",
    "date": "15.07.29"
  },
  {
    "review_id": "10153720",
    "movie_id": "103760",
    "author": "alsg****",
    "review": "딱그냥 킬링타임영 그이상그이하도아님ㅋ",
    "rating": "7",
    "date": "15.07.28"
  },
  {
    "review_id": "10152752",
    "movie_id": "103760",
    "author": "lc38****",
    "review": "난 그닥 재미없던데...",
    "rating": "3",
    "date": "15.07.28"
  },
  {
    "review_id": "10152072",
    "movie_id": "103760",
    "author": "luci****",
    "review": "연기는 좋았어도 피튀기고  사람죽이는거뿐이네",
    "rating": "1",
    "date": "15.07.28"
  },
  {
    "review_id": "10150660",
    "movie_id": "103760",
    "author": "crys****",
    "review": "이민호 넘멋졌어요  재미있게봤습니다",
    "rating": "8",
    "date": "15.07.27"
  },
  {
    "review_id": "10148749",
    "movie_id": "103760",
    "author": "sama****",
    "review": "기대는 많이 했는데 딱히 보여준게 없네",
    "rating": "6",
    "date": "15.07.27"
  },
  {
    "review_id": "10146591",
    "movie_id": "103760",
    "author": "daup****",
    "review": "세탁소가 벗었어도 1천만은 넘겼을 것을!!!",
    "rating": "1",
    "date": "15.07.26"
  },
  {
    "review_id": "10146203",
    "movie_id": "103760",
    "author": "tkdr****",
    "review": "역시김래원연기장난아네요",
    "rating": "7",
    "date": "15.07.26"
  },
  {
    "review_id": "10145860",
    "movie_id": "103760",
    "author": "mapa****",
    "review": "김래원 이민호의 연기가 좋았다",
    "rating": "8",
    "date": "15.07.26"
  },
  {
    "review_id": "10144767",
    "movie_id": "103760",
    "author": "lhg2****",
    "review": "좋네여. 좋네여 좋네여 좋네여",
    "rating": "9",
    "date": "15.07.26"
  },
  {
    "review_id": "10142069",
    "movie_id": "103760",
    "author": "cvff****",
    "review": "굿보이  너무너무잘봣어요  대박나세요",
    "rating": "10",
    "date": "15.07.25"
  },
  {
    "review_id": "10141696",
    "movie_id": "103760",
    "author": "hsd5****",
    "review": "화끈한 재미와 액션은 맞지만 왠지 엔딩주제에 대한 기분이 묘하다.",
    "rating": "10",
    "date": "15.07.25"
  },
  {
    "review_id": "10140211",
    "movie_id": "103760",
    "author": "happ****",
    "review": "재밌긴한데...누구랑 보느냐가ㅠㅠ",
    "rating": "8",
    "date": "15.07.25"
  },
  {
    "review_id": "10139470",
    "movie_id": "103760",
    "author": "kain****",
    "review": "과거 강남이 어떻게 개발이 되었는지 대충 감이 오네요. 무엇보다 씁슬한게 우리나라에서 결국 소시오패스와 같이사람을 이용해먹고 버린 자가 성공한다는 사실이 참 안타깝네요.",
    "rating": "9",
    "date": "15.07.25"
  },
  {
    "review_id": "10136412",
    "movie_id": "103760",
    "author": "rhdl****",
    "review": "뼛속까지 그 역할에 스며들어간거 같은 그 눈빛들이 잊혀지지 않는다... 안타깝고 슬픔 첫부분의 배우들의 의상이며 배경이며 너무 리얼했다 초반 분위기를 잘살려서 끝까지 재밌게 볼 수 있었던거 같다.",
    "rating": "10",
    "date": "15.07.24"
  },
  {
    "review_id": "10135873",
    "movie_id": "103760",
    "author": "lost****",
    "review": "이민호는  저런 연기하기에는 내공이 너무 딸린다.",
    "rating": "1",
    "date": "15.07.24"
  },
  {
    "review_id": "10133582",
    "movie_id": "103760",
    "author": "asda****",
    "review": "그럭저럭 액션 볼만함 머싯네융 ㅋㅋ",
    "rating": "6",
    "date": "15.07.23"
  },
  {
    "review_id": "10132861",
    "movie_id": "103760",
    "author": "sehw****",
    "review": "조금은 뻔하고 지루햇다 그래도 재밋엇음",
    "rating": "7",
    "date": "15.07.23"
  },
  {
    "review_id": "10132778",
    "movie_id": "103760",
    "author": "sdfg****",
    "review": "감동적이지만반전도기대해도좋을듯",
    "rating": "10",
    "date": "15.07.23"
  },
  {
    "review_id": "10132544",
    "movie_id": "103760",
    "author": "dwaw****",
    "review": "재밌어요 살짝 지루하긴한데 볼만함",
    "rating": "10",
    "date": "15.07.23"
  },
  {
    "review_id": "10130626",
    "movie_id": "103760",
    "author": "talk****",
    "review": "별로임.. 그래두 노출씬은 십점 만점에 십점!",
    "rating": "10",
    "date": "15.07.22"
  },
  {
    "review_id": "10129756",
    "movie_id": "103760",
    "author": "phj7****",
    "review": "재밋어요 굿 연기력도 탄탄",
    "rating": "8",
    "date": "15.07.22"
  },
  {
    "review_id": "10128620",
    "movie_id": "103760",
    "author": "orzi****",
    "review": "재밌었어요 이민호랑 김래원불싼...",
    "rating": "8",
    "date": "15.07.22"
  },
  {
    "review_id": "10127380",
    "movie_id": "103760",
    "author": "seon****",
    "review": "이민호씨연기잘봤읍니다....저렇게 멋있는줄 몰랐네요..70년대 강남이 저랬단게 잘표현된거같아요..글쿠 돈을 이기는자는 아무도 없다.",
    "rating": "8",
    "date": "15.07.22"
  },
  {
    "review_id": "10126514",
    "movie_id": "103760",
    "author": "zew1****",
    "review": "음... 나쁘지는 않았음. 좀 비판하는분들도 많이 계시던데.. 이분들 말도 일리가 있긴함. 근데 나는 조폭영화 라는 관점보다는 강남이라는  땅의 역사라는 관점에서 보았을 때 빛과 어둠 이라는 이면을 보여준 듯하다.",
    "rating": "6",
    "date": "15.07.21"
  },
  {
    "review_id": "10123797",
    "movie_id": "103760",
    "author": "syp1****",
    "review": "영화자체의 재미는덜하지만 강남의 지저분하고 슬픈 토대를 되새겨보게되는 영화. 조그만한 땅덩어리에서 땅값이 억소리를 내며 정치판과 깡패판이 난장판으로 어우러져 땅이조성되던 혼돈의 시기. 마지막 국회의원이 선거유세하는 장면에선 분노에 치를 떨었다.",
    "rating": "7",
    "date": "15.07.20"
  },
  {
    "review_id": "10123344",
    "movie_id": "103760",
    "author": "kaos****",
    "review": "정말 영화  한  장면 한 장면 보면서 감정을 주체하지 못할 정도로 재미있게 본 것 같네요. 이민호 씨와 김래원 씨는 말할 것도 없고 영화를 처음 촬영하시는 설현 씨도 상당히 실감나는 연기를 해주셔서 대단하다고 밖에 말씀드릴 수 없을 것 같습니다.",
    "rating": "10",
    "date": "15.07.20"
  },
  {
    "review_id": "10123112",
    "movie_id": "103760",
    "author": "dltm****",
    "review": "현실판이야기 인 것 같아요",
    "rating": "9",
    "date": "15.07.20"
  },
  {
    "review_id": "10122554",
    "movie_id": "103760",
    "author": "bimi****",
    "review": "시간가는지 모르고 봤었네요 ㅎㅎ",
    "rating": "5",
    "date": "15.07.20"
  },
  {
    "review_id": "10121533",
    "movie_id": "103760",
    "author": "rudx****",
    "review": "비열한 거리만큼 비열하지 못했다",
    "rating": "6",
    "date": "15.07.19"
  },
  {
    "review_id": "10118880",
    "movie_id": "103760",
    "author": "vndn****",
    "review": "너무 자극적이며 좀더 잔인햇으면",
    "rating": "8",
    "date": "15.07.19"
  },
  {
    "review_id": "10118771",
    "movie_id": "103760",
    "author": "grox****",
    "review": "이민호 액션 멋지다 깜놀@@ 영화가 넘 잔인...",
    "rating": "9",
    "date": "15.07.19"
  },
  {
    "review_id": "10118516",
    "movie_id": "103760",
    "author": "fill****",
    "review": "기대했던것만큼은아니였지만그냥볼만한듯..",
    "rating": "7",
    "date": "15.07.19"
  },
  {
    "review_id": "10117339",
    "movie_id": "103760",
    "author": "qudr****",
    "review": "굉장히 스릴있고 재미있었습니다",
    "rating": "9",
    "date": "15.07.18"
  },
  {
    "review_id": "10116807",
    "movie_id": "103760",
    "author": "inno****",
    "review": "잘봣음 약간야하긴햇지만..",
    "rating": "8",
    "date": "15.07.18"
  },
  {
    "review_id": "10114151",
    "movie_id": "103760",
    "author": "blue****",
    "review": "1232131231242141242142",
    "rating": "6",
    "date": "15.07.17"
  },
  {
    "review_id": "10113285",
    "movie_id": "103760",
    "author": "jd7l****",
    "review": "토사구팽 토사구팽 ...",
    "rating": "8",
    "date": "15.07.17"
  },
  {
    "review_id": "10112574",
    "movie_id": "103760",
    "author": "hm_n****",
    "review": "최고..이런게영화지.",
    "rating": "10",
    "date": "15.07.17"
  },
  {
    "review_id": "10107687",
    "movie_id": "103760",
    "author": "bboy****",
    "review": "정치적의도가 다분한영화",
    "rating": "1",
    "date": "15.07.15"
  },
  {
    "review_id": "10106540",
    "movie_id": "103760",
    "author": "slay****",
    "review": "야한 장면 너무 싫다ㅠㅠ",
    "rating": "10",
    "date": "15.07.15"
  },
  {
    "review_id": "10104771",
    "movie_id": "103760",
    "author": "god1****",
    "review": "재미잇어요끝까지봐용",
    "rating": "10",
    "date": "15.07.14"
  },
  {
    "review_id": "10103716",
    "movie_id": "103760",
    "author": "kaij****",
    "review": "개인적으로4.5~5.5점정도..",
    "rating": "1",
    "date": "15.07.14"
  },
  {
    "review_id": "10103110",
    "movie_id": "103760",
    "author": "vldv****",
    "review": "영화 주제가 뭔지 감독이 표현하고자 하는게 뭔지 모르겠음. 이민호 강래원 설현 이연두같은 인지도 있는 배우들 그리고 두세번 나오는 노출씬 아니면  애초에 볼거리도 없고  참 애매한 영화임.",
    "rating": "3",
    "date": "15.07.14"
  },
  {
    "review_id": "10102043",
    "movie_id": "103760",
    "author": "youy****",
    "review": "재미있는 영화였습니다.",
    "rating": "6",
    "date": "15.07.13"
  },
  {
    "review_id": "10101640",
    "movie_id": "103760",
    "author": "mond****",
    "review": "내가 남들보다 후하게 주는듯...김래원 이민호 아니였음 진즉 삼류인데..",
    "rating": "7",
    "date": "15.07.13"
  },
  {
    "review_id": "10100988",
    "movie_id": "103760",
    "author": "wxh5****",
    "review": "스토리도 좋고 액션도 좋고 얘네둘 멋잇다~",
    "rating": "9",
    "date": "15.07.13"
  },
  {
    "review_id": "10100660",
    "movie_id": "103760",
    "author": "chad****",
    "review": "good good good",
    "rating": "7",
    "date": "15.07.13"
  },
  {
    "review_id": "10099852",
    "movie_id": "103760",
    "author": "rccb****",
    "review": "남자 냄시 진짜 지대로 납디다",
    "rating": "10",
    "date": "15.07.13"
  },
  {
    "review_id": "10099003",
    "movie_id": "103760",
    "author": "urkn****",
    "review": "역시 유하 감독다운 영화였네요.. 말죽거리 잔혹사, 비열한 거리도 인상깊고 재미있게 봤는데, 이 영화 역시 기대를 져버리지 않네요..",
    "rating": "9",
    "date": "15.07.12"
  },
  {
    "review_id": "10098801",
    "movie_id": "103760",
    "author": "swee****",
    "review": "내용이 넘 산만하고 스토리도 그닥",
    "rating": "5",
    "date": "15.07.12"
  },
  {
    "review_id": "10098440",
    "movie_id": "103760",
    "author": "qkrd****",
    "review": "느와르는 역시 큰 틀에서 벗어나질 못 하네요. 예상되는 스토리 예상되는 결말이었습니다",
    "rating": "5",
    "date": "15.07.12"
  },
  {
    "review_id": "10097021",
    "movie_id": "103760",
    "author": "five****",
    "review": "다들 나만 킬링타임할 수는 없다는 건가요?최고의 배우들을 최악의 영화로 만들었네요.기승전국회의원뜸금포 이연두는 왜 벗겼나요?",
    "rating": "1",
    "date": "15.07.12"
  },
  {
    "review_id": "10096277",
    "movie_id": "103760",
    "author": "ebvt****",
    "review": "이민호잘생겻습니다김래원나쁨니다",
    "rating": "9",
    "date": "15.07.12"
  },
  {
    "review_id": "10095946",
    "movie_id": "103760",
    "author": "sons****",
    "review": "그냥 볼만 해요~~~기대보다는 조금 모자란듯",
    "rating": "8",
    "date": "15.07.12"
  },
  {
    "review_id": "10095448",
    "movie_id": "103760",
    "author": "wlgp****",
    "review": "그냥말이필요없음 좀 잔인함",
    "rating": "10",
    "date": "15.07.12"
  },
  {
    "review_id": "10091965",
    "movie_id": "103760",
    "author": "0chu****",
    "review": "남자를 위한 영화인듯. 강남이 태어난 이야기 같음. ㅋㅋㅋ 액션, 스토리 볼만했어요. 연기도 좋았고! 굳굳",
    "rating": "8",
    "date": "15.07.11"
  },
  {
    "review_id": "10091521",
    "movie_id": "103760",
    "author": "haha****",
    "review": "재밌었어요 김래원의 새로운 모습을 ㅋㅋ",
    "rating": "8",
    "date": "15.07.11"
  },
  {
    "review_id": "10091328",
    "movie_id": "103760",
    "author": "hose****",
    "review": "잔인하다는건 사미시때문인듯 사시미가 부엌칼이다보니 가정용이 밖에서 살인용으로 변할때 적지 않은 충격을 받게됨  애니 스쿨데이즈가 그예  그래서 잔인하다는거임 총보다 칼이 적나라하기때문에 강남의 일이 이렇게 전해오는것이었다 이게 진실일가?",
    "rating": "9",
    "date": "15.07.11"
  },
  {
    "review_id": "10089072",
    "movie_id": "103760",
    "author": "s_ex****",
    "review": "액션신 굳 연기도 굳 볼만한 영화였다",
    "rating": "8",
    "date": "15.07.10"
  }
]