[
  {
    "review_id": "10275706",
    "movie_id": "103704",
    "author": "piec****",
    "review": "별점이 아깝다. 미야자키 감독 정말 팬이지만 이영화가 어떤 내용인지 알면서도 보는건 자유지만. 난 보고싶지않다.",
    "rating": "1",
    "date": "15.08.26"
  },
  {
    "review_id": "10247822",
    "movie_id": "103704",
    "author": "kimk****",
    "review": "한국내 재평가가 필요한 영화.. 분명 실존인물의 주인공 선정은 문제가 있다 하지만 감독의 메시지가 주인공의 실존인물과 같은 것은 절대 아니다 이 영화에서 일본군국주의는 강렬한 비판의 대상이며 일본의 책임을 지적하고있다 미야자키는 결코 변한게 아니다..",
    "rating": "8",
    "date": "15.08.18"
  },
  {
    "review_id": "10243559",
    "movie_id": "103704",
    "author": "adiv****",
    "review": "이게 감독의 은퇴작이다.  이게 본심이었다.",
    "rating": "1",
    "date": "15.08.17"
  },
  {
    "review_id": "10243271",
    "movie_id": "103704",
    "author": "eeln****",
    "review": "평생을 반전을 주제로 영화를 만든 미야자키가 프로파간다라니 지나가던 개가 웃겠다. 지로는 비극의 인물이다, 그의 꿈에 대한 집착은 비극을 낳기에 아름답다 할 수 없다. 영화 ‘수색자들'이 반세기 후에나 재평가 받았듯 이영화도 오해를 푸는 날이 오길.",
    "rating": "10",
    "date": "15.08.16"
  },
  {
    "review_id": "10238609",
    "movie_id": "103704",
    "author": "yonb****",
    "review": "이제 b 29 에놀라가 히로시마 상공에서 리틀보이를 사랑으로 떨어뜨리는 영화를만들면 일본인들은 낭만적이다 ㅎㅎ 하고 보려나",
    "rating": "1",
    "date": "15.08.16"
  },
  {
    "review_id": "10237886",
    "movie_id": "103704",
    "author": "rudl****",
    "review": "미야자키는 .. 비행기는 아름답지만 저주받은 꿈이라고도했다.. 미야자키가 성인용영화를 은퇴작으로 냈구나... 전쟁을 미화한거로는 보이지 않는다. 그렇다고 이 영화에 경의를 표하고싶진않다.",
    "rating": "5",
    "date": "15.08.16"
  },
  {
    "review_id": "10227413",
    "movie_id": "103704",
    "author": "chae****",
    "review": "일본은 전쟁이 난게 아니라, 전쟁을 냈다. 전쟁의 피해자가 아니라, 전쟁의 가해자다. 역겨운 이중성의 나라",
    "rating": "1",
    "date": "15.08.14"
  },
  {
    "review_id": "10183678",
    "movie_id": "103704",
    "author": "lead****",
    "review": "감독에 믿고봤건만..",
    "rating": "1",
    "date": "15.08.04"
  },
  {
    "review_id": "10174171",
    "movie_id": "103704",
    "author": "jsga****",
    "review": "은퇴작품으로 통수를 후려치는 어느 또라이 작가의 똥",
    "rating": "1",
    "date": "15.08.02"
  },
  {
    "review_id": "10152527",
    "movie_id": "103704",
    "author": "dawn****",
    "review": "여운이 정말 오래 남네... 은퇴하는 하야오도 저럽게 자유롭게 날고 싶은 꿈이 있었겠지? 나에게도 꿈이 있었던가.. 슬픈 영화였어 ㅠ ㅠ",
    "rating": "9",
    "date": "15.07.28"
  },
  {
    "review_id": "10142805",
    "movie_id": "103704",
    "author": "june****",
    "review": "안그렇게 봐줄라해도 불편한건 어쩔수가 없다",
    "rating": "3",
    "date": "15.07.25"
  },
  {
    "review_id": "10138006",
    "movie_id": "103704",
    "author": "ekdm****",
    "review": "그냥 하울을 끝으로 은퇴했어야했음.",
    "rating": "1",
    "date": "15.07.24"
  },
  {
    "review_id": "10136613",
    "movie_id": "103704",
    "author": "qngh****",
    "review": "이시절 자전거 한대도 못만들던 조센징들의 열등감 의 표출이구나 구석기 시대를 살던 조센징들은 이영화보고 닥치고 반성하라  전쟁을 한건 나쁘지만  서구와 기술로 승부하던 정신은 본받아  야한다., 이조센징들아",
    "rating": "10",
    "date": "15.07.24"
  },
  {
    "review_id": "10136249",
    "movie_id": "103704",
    "author": "tpdu****",
    "review": "그냥 일본군과 관련된 이야기라는 이유 만으로 까인다. 웃긴다. 단순한 혐일감정에 지나지 않는다. 충분히 미야자키 하야오는 일본제국의 잔인성과 범죄에 대해 미화한 것이 아니다. 반생중에 무기개발에 참여했다는 것 만으로 그를다룬 작품을 욕해선 안된다.",
    "rating": "10",
    "date": "15.07.24"
  },
  {
    "review_id": "10122426",
    "movie_id": "103704",
    "author": "5455****",
    "review": "뿔테충 극혐 인정? 어인정~",
    "rating": "5",
    "date": "15.07.20"
  },
  {
    "review_id": "10121079",
    "movie_id": "103704",
    "author": "jett****",
    "review": "내용을 보면 일본의 전쟁 정책을 비판하는 내용이 많이 나옵니다. 이 작품의 주제는, 전쟁의 미화가 아니라 세계를 적으로 돌리며 전쟁을 하면 안된다는 일본 정부에 대한 일침과 한 청년의 비행기 설계에 대한 꿈이라고 생각합니다.",
    "rating": "4",
    "date": "15.07.19"
  },
  {
    "review_id": "10102228",
    "movie_id": "103704",
    "author": "syc2****",
    "review": "미야자키는 생각이 짧았다. 아무리 이 영화가 침략전쟁을 미화하는 내용과 거리가 먼, 한 개인의 로맨스만을 다뤘다고 설득해도 결국 침략당한 나라의 시선에선 제로센은 침략전쟁도구일 뿐이고, 주인공은 그 제로센을 만드는데 일조한 인물일 뿐이다",
    "rating": "1",
    "date": "15.07.13"
  },
  {
    "review_id": "10101330",
    "movie_id": "103704",
    "author": "mado****",
    "review": "이 할아방구 노망나신듯.... 이게 섬나라의 인간들의 한계인듯,,,",
    "rating": "1",
    "date": "15.07.13"
  },
  {
    "review_id": "10091646",
    "movie_id": "103704",
    "author": "ehdg****",
    "review": "미야자키 하야오의 창작 의도가 무엇인지는 몰라도 나는 이 영화가 지로를 비판하기 위한 영화라고 생각한다.  이 영화는 모순으로 이루어졌다. 낭만적인 폭격기. 역설법을 제대로 보여주는 말이지. 작품자체는 재미있지만 점점 지로의 이중잣대가 드러난다고 본다",
    "rating": "5",
    "date": "15.07.11"
  },
  {
    "review_id": "10083087",
    "movie_id": "103704",
    "author": "thse****",
    "review": "미야자키하야오 작품중 쓰레기 작품",
    "rating": "1",
    "date": "15.07.09"
  },
  {
    "review_id": "10074520",
    "movie_id": "103704",
    "author": "rhow****",
    "review": "미야자키 하야오는 우익을 비판하고, 위안부 문제를 보상하라고 일본 정부에게 소리쳤다. 그런 미야자기 하야오가 어찌 된 것 일까?  하야오 감독은 호리코시 지로가  전쟁용이 아닌 순수 비행기를 만들고 싶었던 마음으로 바꾸어서 작품을 만든건 아닐까..",
    "rating": "8",
    "date": "15.07.06"
  },
  {
    "review_id": "10072395",
    "movie_id": "103704",
    "author": "rjdw****",
    "review": "교묘하게 감춰둔 피의 자화상, 아름다운 청년이 시작한 위험한 학살극,  이 애니메이션속 청년은 꿈을 위해 인간을 제물로 바칩니다.",
    "rating": "4",
    "date": "15.07.05"
  },
  {
    "review_id": "10067802",
    "movie_id": "103704",
    "author": "soni****",
    "review": "보는 시각에 따라 오해 할수도 있다만 잘못된 부분을  이야기를 하는걸로 보이는데 다들  이상하게 보신거 같네요. 이런..",
    "rating": "10",
    "date": "15.07.04"
  },
  {
    "review_id": "10057417",
    "movie_id": "103704",
    "author": "716t****",
    "review": "장애인이 만든  장애인을 위한 만화 ㅋㅋㅋ",
    "rating": "1",
    "date": "15.07.01"
  },
  {
    "review_id": "10055859",
    "movie_id": "103704",
    "author": "eopq****",
    "review": "하... 실망이네요.",
    "rating": "1",
    "date": "15.06.30"
  },
  {
    "review_id": "10024138",
    "movie_id": "103704",
    "author": "tree****",
    "review": "첫장면부터 역겨워서 토가 나올뻔 하고 스크린을 찢어버리고 싶었다.  혹시나 했는데 이건 아니다.아무리 돈이 된다해도 수입하지 말아야 할 영화가 있다.  굳이 그들의 생각을 알려주려는 의도로 한 것이 아닌 바에야... 대원 00 0... 각성하시길...",
    "rating": "1",
    "date": "15.06.23"
  },
  {
    "review_id": "10009204",
    "movie_id": "103704",
    "author": "godi****",
    "review": "허...다들 수박 겉핥기  하고 계시는구만",
    "rating": "10",
    "date": "15.06.18"
  },
  {
    "review_id": "9999481",
    "movie_id": "103704",
    "author": "jhj0****",
    "review": "한국에선 편견으로 작품성을 인정받기 어렵지만, 국적을 떠나 미야자키하야오의 애니메이션은 어느 누구도 대적할 수 없음을 말해준다.한국도 이제 일본과의 악연을 끊기 위해선 달라져야한다.",
    "rating": "8",
    "date": "15.06.14"
  },
  {
    "review_id": "9994551",
    "movie_id": "103704",
    "author": "adgj****",
    "review": "어떤 시각으로 이 영화를 보느냐를 떠나서, 미야자키의 어쩌면 자학적으로 보이기까지 하는 반전적이고 반성적인 메시지를 제대로 받지 못하고 비난일색인 사람들이 있다는건 한국에서만 일어날 수 있는 일이 아닐까",
    "rating": "10",
    "date": "15.06.13"
  },
  {
    "review_id": "9992844",
    "movie_id": "103704",
    "author": "yepb****",
    "review": "미야자키 하야오 작품 대부분을 좋아하긴 하지만 '어쩌라고 난 그저 좋아하는 비행기를 만들었을 뿐이야.'같은 식의 변은 거북하기 이루 말할 수 없다. 게다가 스토리  진행이나 성우연기,편집이 죄다 난잡하고 엉망이다.  그나마 미술 과 정때문에 6점.",
    "rating": "6",
    "date": "15.06.12"
  },
  {
    "review_id": "9987248",
    "movie_id": "103704",
    "author": "spdl****",
    "review": "정말 아름다운 영화였다. 영화를 보지도않고 \"제로젠을 만든 기술자에 대한 이야기\" 라는 사실만 알고 침흘리며 OOO처럼 까대는 미개한 수준이 보이네요. 이 영화에서는 절대 전쟁을 미화하지 않습니다. 오히려 씁슬하게 바라보죠. 꼭 한번 보시길 바랍니다.",
    "rating": "10",
    "date": "15.06.09"
  },
  {
    "review_id": "9965842",
    "movie_id": "103704",
    "author": "erwi****",
    "review": "그냥 크고 아름다운 독일 비행기가 기억에 남는 영화",
    "rating": "6",
    "date": "15.05.31"
  },
  {
    "review_id": "9958917",
    "movie_id": "103704",
    "author": "skgu****",
    "review": "여기 1점주는애들 대부분은 영화도 안보고 남의 말만 듣고 까는걸꺼다 얼마나 일본에 피해의식이 있으면 이런 영화도 제대로 판단못하고 평점테러나할까.. 정말 불쌍한 사람들이다",
    "rating": "10",
    "date": "15.05.29"
  },
  {
    "review_id": "9948634",
    "movie_id": "103704",
    "author": "chba****",
    "review": "1점은 넘 아닌거 같고 솔직히 4점이다.. 가장 결정적인 단점은 재미가 없다는 것이다... 그냥 잠이 오고 재미가 없어서 보기가 싫다.",
    "rating": "4",
    "date": "15.05.25"
  },
  {
    "review_id": "9947777",
    "movie_id": "103704",
    "author": "jung****",
    "review": "무슨 일본이 전쟁이 많습니까 게다가 길고....",
    "rating": "1",
    "date": "15.05.25"
  },
  {
    "review_id": "9943623",
    "movie_id": "103704",
    "author": "fait****",
    "review": "주인공도 시대의 희생자일 뿐이다.  시대가 개판이라고 자신의 꿈까지 버릴 필요는 없다. 박정희도 국가와 민족을 위해 살고 싶었으나 암울한 시대여서 만주군 장교를 한적이 있었다. 그러나 결국 그는 대한민국을 만들었다.",
    "rating": "10",
    "date": "15.05.24"
  },
  {
    "review_id": "9930199",
    "movie_id": "103704",
    "author": "czta****",
    "review": "피해자 코스프레에다 미화를 조작까지 / 일본은 우리나에게 인간 마루타 고문 강제노역이나 자원탈취 위안부 기타등등 인간으로서 못할 짓거리도 많이 했지만 제로센 전투기로 카미카제 자폭 하도록 강요받아 일본원숭이 대신 돌아가신 한국인도 많다",
    "rating": "1",
    "date": "15.05.18"
  },
  {
    "review_id": "9911034",
    "movie_id": "103704",
    "author": "ly77****",
    "review": "그냥 너무 실망... 에휴",
    "rating": "1",
    "date": "15.05.11"
  },
  {
    "review_id": "9908875",
    "movie_id": "103704",
    "author": "epad****",
    "review": "입이 떡 벌어지도록 어이없는 영화. 시간이 지나도 반성할 줄 모르는 당신들의 뻔뻔함에 오늘도 한 번 더 놀라고 갑니다.",
    "rating": "1",
    "date": "15.05.10"
  },
  {
    "review_id": "9906010",
    "movie_id": "103704",
    "author": "ghg0****",
    "review": "미야자키 하야오식으로 전쟁미화한거 맞음.",
    "rating": "1",
    "date": "15.05.09"
  },
  {
    "review_id": "9882642",
    "movie_id": "103704",
    "author": "xiob****",
    "review": "될 수있는대로 편견 없이 봤다. 안노의 목소리 만큼 의외로 영화도 담백했다. 하야오가 노망이 난건 아닌듯하다. 원래 그런 사람이었고 이영화 역시 다른표현이었다. 실제 인물를 모티브로 하지 않았으면 좀 낫지않았을까하는 아쉬움은 남는다.민감한 부분이니까.",
    "rating": "5",
    "date": "15.05.01"
  },
  {
    "review_id": "9881017",
    "movie_id": "103704",
    "author": "jusi****",
    "review": "아름다운 영상, 스토리.. 하지만 개인의 꿈만을 표현한 추악한 애니. 아무리 아름다운 비행기일지라도 전쟁에 쓰인 도구일 뿐. 사죄나 죄책감이 전혀 없는 전쟁 미화 애니이다. 보고나서 미야자키에 대해 혐오감이 일어난다.",
    "rating": "6",
    "date": "15.04.30"
  },
  {
    "review_id": "9875676",
    "movie_id": "103704",
    "author": "gree****",
    "review": "그림도 잘 그렸고 영상미도 좋고 내용도 좋다 그런데 끝나고 나서 느껴지는 여운이 없다 주인공도 밋밋하고 사랑애기도 밋밋하다",
    "rating": "5",
    "date": "15.04.28"
  },
  {
    "review_id": "9873798",
    "movie_id": "103704",
    "author": "isur****",
    "review": "미야자키 하야오 팬이라서, 애니메이션 몰아서 보고 있는데 이 영화를 보고 정신이 번쩍 듭니다. 주인공이  전쟁보단 자신의 꿈을 위해서비행기를 만들어냈다는 .. 미화 시킬게 따로 있지. 소름돋는 찝찝함을 안겨준 영화. 최악.평점 마이너스 주고싶습니다.",
    "rating": "1",
    "date": "15.04.27"
  },
  {
    "review_id": "9871870",
    "movie_id": "103704",
    "author": "good****",
    "review": "미야자키 하야오 감독님의 작품들을 좋아해왔죠전쟁을 싫어하고 자연을 사랑하는 그마음감독님은 아마도 비행기와 비행기만든사람이 시대를 잘못만난 안타까움에 대해서 말하고 싶었던듯합니다.",
    "rating": "8",
    "date": "15.04.26"
  },
  {
    "review_id": "9871050",
    "movie_id": "103704",
    "author": "eimt****",
    "review": "일본의 응흉을 정당화 하고 미화하려는 영화가 아니다.다큐멘터리에서 보면 알겠지만 하야오는 지로에 대해 이상과 현실의 괴리에 빠진 인물로 해석하고 있다. 비행기를 좋아하는 사람이 전쟁시대에 태어났을 뿐이고 자연스레 전투기를 만들게 되었다게 하야오의 생각",
    "rating": "6",
    "date": "15.04.26"
  },
  {
    "review_id": "9862154",
    "movie_id": "103704",
    "author": "jara****",
    "review": "장담하는데 저 호감순에 상위권에 있는 놈들 영화 단 1초도 안 보고 평가하는 존문가 새11끼들이다 제발 영화 좀 보고 찍어라 이 머저리들아",
    "rating": "10",
    "date": "15.04.24"
  },
  {
    "review_id": "9856087",
    "movie_id": "103704",
    "author": "lec0****",
    "review": "정말 보다가 토할뻔 했습니다  전쟁미화 맞습니다 쉴드치지마세요",
    "rating": "1",
    "date": "15.04.21"
  },
  {
    "review_id": "9854962",
    "movie_id": "103704",
    "author": "yaho****",
    "review": "일본 국민 대부분이 태평양 전쟁을 부끄러운 역사로 인식하고 있다. 또한 이 작품의 전체적 대사를 분석해 보면 전쟁을 부정하고 있는 것을 알 수 있다. 우리에겐 시대적 배경이 아픈 과거 이므로 민감하게 느껴지는 것이고 부정적 인식을 주고 있을 뿐 이다.",
    "rating": "10",
    "date": "15.04.20"
  },
  {
    "review_id": "9853800",
    "movie_id": "103704",
    "author": "kusa****",
    "review": "이 순진한 기술자를 어떻게 받아들여야 할까?",
    "rating": "7",
    "date": "15.04.19"
  },
  {
    "review_id": "9853656",
    "movie_id": "103704",
    "author": "qkqh****",
    "review": "역사언급나오지도않구만 풀발기하시네들;;여주너무이쁘고 너무나슬펐다",
    "rating": "10",
    "date": "15.04.19"
  },
  {
    "review_id": "9848984",
    "movie_id": "103704",
    "author": "1231****",
    "review": "같은 작품을 보는 관점은 여러가지일 것이다. 나에게는 꿈을 쫓는 한 남자와, 구슬픈 한 쌍의 연인이 보였을 뿐이다. 이건 전쟁이야기가 아닌것 같은데 왜 이리 비난 일색 평점인지. 어쨌든 여태까지 지브리 애니 중 가장 현실에 발을 딛은 이야기.",
    "rating": "10",
    "date": "15.04.17"
  },
  {
    "review_id": "9847651",
    "movie_id": "103704",
    "author": "flow****",
    "review": "아름다운 영상미. 하지만  제국주의를 비판하면서 일본인 피해만 그린다. 또한 전쟁의 비극에 대해선 힘없는 개인일 뿐 책임도 지지 않으려 한다.   일본인 관객을 의식한 겉멋든 반쪽짜리 비판일 뿐이다. 그럼에도 인정할 수 밖에 없는 완벽한 바람의 질감.",
    "rating": "7",
    "date": "15.04.16"
  },
  {
    "review_id": "9843125",
    "movie_id": "103704",
    "author": "son_****",
    "review": "왜사실적으로표현했단걸알지못하지?저시대면욱일기나오는건 당연한거다.일제시절을그려내는작품인데그냥일장기가나오면 밑밑한것도있고,또일본찬양내용은나오지도않는다.진짜찬양내용이었으면포스터중에제로센대파기를보는주인공사진이있을리가없지.왜감독이마지막작품소재를이걸로잡았는지알자",
    "rating": "8",
    "date": "15.04.12"
  },
  {
    "review_id": "9841488",
    "movie_id": "103704",
    "author": "bigy****",
    "review": "전범 미화, 국민 정서 다 떠나서 지루하고 재미없음.",
    "rating": "1",
    "date": "15.04.12"
  },
  {
    "review_id": "9840347",
    "movie_id": "103704",
    "author": "ccca****",
    "review": "당시 일본의사정을잘표현했다  매우감명깊게보았다식민지를  가지고있던  큰나라",
    "rating": "10",
    "date": "15.04.11"
  },
  {
    "review_id": "9837947",
    "movie_id": "103704",
    "author": "vxzt****",
    "review": "이건 아니다 이건 정말..",
    "rating": "1",
    "date": "15.04.10"
  },
  {
    "review_id": "9829860",
    "movie_id": "103704",
    "author": "dltk****",
    "review": "사람들이 왜 일본을 비난 하는지 모르겠습니다. 할아버지 시대의 일본의 잘못을 현시대의 일본에게 반성하라는 것은 무리가 아닐까요?",
    "rating": "9",
    "date": "15.04.05"
  },
  {
    "review_id": "9824541",
    "movie_id": "103704",
    "author": "mobi****",
    "review": "내가 미야자키 감독 팬이었는데 완전히 깨네요. 이 분 치매가  왔나?  극의 전개가 따분하고  모티브도 진부한데다가  작화도 벙벙한게 몇 번이나 졸았네.  그리고 제로센이 그렇게 빨만한 걸작은 아니다.  F-6F 헬캣에 관광당한  쉬운 먹잇감 이었지",
    "rating": "3",
    "date": "15.04.03"
  },
  {
    "review_id": "9822908",
    "movie_id": "103704",
    "author": "syk2****",
    "review": "영화나 보고 까는지 의문 한평생 반전이란 주제로작품 만들던 사람이다",
    "rating": "10",
    "date": "15.04.02"
  },
  {
    "review_id": "9820326",
    "movie_id": "103704",
    "author": "ywj9****",
    "review": "하야오의 비극 작품.지로의 이기의 극치로 불러도 상관없는 행동은 관람객에게 절로 분노를 야기한다. 자신을 위해 다른 사람의 삶을 끝내버리는 것은 어떤 수식을 붙여도 정당할 수 없다. 잊지 않는다? 너따위에게 잊혀지지 않는들 뭔 소용이냐..",
    "rating": "4",
    "date": "15.04.01"
  },
  {
    "review_id": "9819985",
    "movie_id": "103704",
    "author": "wins****",
    "review": "지브리 애니는 작풍이 참 좋단말이야.  중심주제는 별거 없지만 잘 그려진 수채나 유채화를 연속해서 감상하는 느낌이 들어서 눈이 호강한다. 그리고 영화를 비뚤어진 시선으로 보는 사람이 제법 많다는게 좀 신기하다. 우르르 몰려가는 우리나라 군중심리인건지.",
    "rating": "8",
    "date": "15.04.01"
  },
  {
    "review_id": "9819480",
    "movie_id": "103704",
    "author": "hani****",
    "review": "개인적인 입장으로 과거일본당시의모습을볼수잇어좋앗습니다 일본의만행는 잊을수없는것이지만 미야자키감독이 전할라햇던바는 옹호도옹호겟지만저는꿈을 가지라는메세지를들어서 좋앗네요 일본을 옹호하는건아닙니다",
    "rating": "10",
    "date": "15.04.01"
  },
  {
    "review_id": "9810637",
    "movie_id": "103704",
    "author": "lian****",
    "review": "거장의 씁쓸한 마지막 작품. 결국 역사도 환타지처럼 상상으로 재구성한건가??",
    "rating": "6",
    "date": "15.03.28"
  },
  {
    "review_id": "9789419",
    "movie_id": "103704",
    "author": "hoda****",
    "review": "아무리봐도 이건 아니네...",
    "rating": "1",
    "date": "15.03.17"
  },
  {
    "review_id": "9786948",
    "movie_id": "103704",
    "author": "penn****",
    "review": "영알못새키들 ㅉㅉㅉ !",
    "rating": "10",
    "date": "15.03.16"
  },
  {
    "review_id": "9783205",
    "movie_id": "103704",
    "author": "giak****",
    "review": "나 역시 공학도로서 애니매이션의 주인공이 엔지니어라는건 높게 평가한다. 하지만 그가 엔지니어로서 열의가 순수했는지에대한 여부는 분명 미화되고 있다는 느낌을 지울수는 없었다. 또한 아내의 만남과 결혼은 스토리와 너무 동떨어진 기분에 감흥이 없었다.",
    "rating": "6",
    "date": "15.03.15"
  },
  {
    "review_id": "9773369",
    "movie_id": "103704",
    "author": "d203****",
    "review": "우회적비판..그저 객관적으로 한 소년의 꿈을 냉소적표현으로 그리고 있다고 생각합니다.과거의 역사를 정당화 시킨 장면도 없었던거 같고,일본은 결국 파멸한다라는 내용이 사실 여러번 등장합니다.여튼 전  재미있었습니다.'일본이 근대국가야?\"라는 대사가~",
    "rating": "10",
    "date": "15.03.12"
  },
  {
    "review_id": "9771362",
    "movie_id": "103704",
    "author": "plpf****",
    "review": "재미있었다,문학적으로봐라,일본인이 아니라 지로의 꿈과사랑얘기가 담긴 애니메이션 영화로 봐줬음 좋겠다,쓸때없이 여기서 애국심 발동해서 한 사람의 작품 망친다",
    "rating": "10",
    "date": "15.03.10"
  },
  {
    "review_id": "9758467",
    "movie_id": "103704",
    "author": "aoso****",
    "review": "이렇게 재미없는 애니는 처음 ..역사왜곡 한 애니라는데 나는 너무 재미없어서 십분보고 껏다 지루하고 잠오네",
    "rating": "1",
    "date": "15.03.05"
  },
  {
    "review_id": "9750131",
    "movie_id": "103704",
    "author": "gaji****",
    "review": "이 영화로 많은 사람들이 미야자키 하야오 감독님을 별로 안좋아하게 됬을지도 모르겠지만, 감독님은 단지 비행기가 나오는 영화를 만들고 싶어서 만든거로 알고 있습니다. 그 모델이 단지 호리코시 지로였을 뿐이고요. 감독님은 아직도 아베정권을 비판하십니다.",
    "rating": "10",
    "date": "15.03.01"
  },
  {
    "review_id": "9742667",
    "movie_id": "103704",
    "author": "skyt****",
    "review": "여주 목소리 이상하고.욱일승천기보고 기겁.미친 일본 이딴걸 애니로 만들다니 ㅉㅉㅉ",
    "rating": "1",
    "date": "15.02.27"
  },
  {
    "review_id": "9742390",
    "movie_id": "103704",
    "author": "inos****",
    "review": "자신의 꿈을 향한 청년이 주인공인 건 좋았으나 그가 살아간  이야기가 그다지 흥미롭지 않다. 미야자키 하야오의 은퇴작이  이런 내용이라는 점이 너무나 아쉽다.",
    "rating": "4",
    "date": "15.02.27"
  },
  {
    "review_id": "9737269",
    "movie_id": "103704",
    "author": "sfdg****",
    "review": "역사를 떠나서 객관적으로 평가를 한다면 이작품은 정말 훌륭한 작품이다",
    "rating": "10",
    "date": "15.02.25"
  },
  {
    "review_id": "9735599",
    "movie_id": "103704",
    "author": "choc****",
    "review": "역사적인것을 제외하고서라도 일단 재미도 없고 무슨 사랑인지도 모르겠고 무엇이 꿈인지도 잡히지 않는다",
    "rating": "2",
    "date": "15.02.24"
  },
  {
    "review_id": "9723034",
    "movie_id": "103704",
    "author": "choa****",
    "review": "망작중 망작 10점주는 놈들은 미야자키 후빨러들이겠지",
    "rating": "1",
    "date": "15.02.21"
  },
  {
    "review_id": "9713855",
    "movie_id": "103704",
    "author": "tets****",
    "review": "굿바이 지브리..하야오..",
    "rating": "1",
    "date": "15.02.19"
  },
  {
    "review_id": "9706233",
    "movie_id": "103704",
    "author": "alsr****",
    "review": "허 참 기가 차네요이 영화 는 자기나라의 역사 비판하면서 만들었다고 들었는데,뉴스 도 좀 보세요 자기 나라 비판 하고 그러고있는데 .... 진짜 속마음 읽고 평점쓰던가해야지..허..참",
    "rating": "10",
    "date": "15.02.17"
  },
  {
    "review_id": "9689655",
    "movie_id": "103704",
    "author": "gum0****",
    "review": "미야자키 하야오 감독이 하신 말쓴을 보아라. 아베정권을 신랄하게 비판하고 은퇴하셨다. 국뽕을 비판하려는 건 아니지만 일단 사람을 깔 때에는 제대로 인과관계를 파악해야 한다.",
    "rating": "10",
    "date": "15.02.12"
  },
  {
    "review_id": "9688494",
    "movie_id": "103704",
    "author": "jinh****",
    "review": "제게 또 하나의 교훈을 준 영화",
    "rating": "10",
    "date": "15.02.12"
  },
  {
    "review_id": "9688460",
    "movie_id": "103704",
    "author": "edwi****",
    "review": "어차피 무조건 욕하는 사람은 뭐라고 해도 욕한다.",
    "rating": "9",
    "date": "15.02.12"
  },
  {
    "review_id": "9688232",
    "movie_id": "103704",
    "author": "cybe****",
    "review": "하늘을 날고 싶으면 항공기를 만들지.. 뻔히 전쟁에 쓰이는 전투기를 만들어대면서 괘변만 늘어놓네;; 바다 속을 탐험하고 싶어서 핵잠수함 만드는 연구를 하는거랑 뭐가 다르냐?",
    "rating": "1",
    "date": "15.02.12"
  },
  {
    "review_id": "9686352",
    "movie_id": "103704",
    "author": "kndm****",
    "review": "시대에 대한 반성 없이 환상 속으로 도피했다는 비난을 피할 순 없겠지만 결코 그게 다가 아니다. '비행'이라는 잔혹하고도 아름다운 꿈에 매진했던 한 남자",
    "rating": "10",
    "date": "15.02.11"
  },
  {
    "review_id": "9685929",
    "movie_id": "103704",
    "author": "leek****",
    "review": "우익영화도아니고미화도안들어갔는데 왜평점이낮지?",
    "rating": "10",
    "date": "15.02.11"
  },
  {
    "review_id": "9684740",
    "movie_id": "103704",
    "author": "jhms****",
    "review": "리틀 보이 맛을 고새 까먹은 듯^^",
    "rating": "1",
    "date": "15.02.10"
  },
  {
    "review_id": "9684231",
    "movie_id": "103704",
    "author": "cumm****",
    "review": "\"저주받은 비행기를 만들어서 일본은 패망하고 많은 사람들이 죽었지만.. 그래도 나는 최선을 다했어. 그걸로 됐어. 산사람은 계속 살아가야지 어쩌겠어.\"  반성이 아닌.. 핑계로 들릴지 모르지만 .. 어느정도 반성의 의미는 담겨있다.",
    "rating": "4",
    "date": "15.02.10"
  },
  {
    "review_id": "9683755",
    "movie_id": "103704",
    "author": "rkda****",
    "review": "꿈 사랑 잔잔하고 내용은 괜찮음 일본찬양 있다고 말하는데 전혀아님 마지막까지 일본 비판함 표현이 너무 넓어서 사람에 관점에 따라 생각하는게 다른 뜻 그런데 솔직히 지루하긴 했다.",
    "rating": "8",
    "date": "15.02.10"
  },
  {
    "review_id": "9681692",
    "movie_id": "103704",
    "author": "gagb****",
    "review": "인간적으로 이건 좀 뻔뻔한 거 아니냐? 외국인의 입을 빌려서 하고싶은 말 다하고 초원에서 손 흔들기까지...정작 중요하게 다뤘어야할 부분은 다 생략했네",
    "rating": "1",
    "date": "15.02.09"
  },
  {
    "review_id": "9681138",
    "movie_id": "103704",
    "author": "dndq****",
    "review": "김치 종특 열폭 나오는 부분?",
    "rating": "10",
    "date": "15.02.09"
  },
  {
    "review_id": "9680973",
    "movie_id": "103704",
    "author": "chal****",
    "review": "실제 호리코시 지로가 어떻게 생긴지 안사람이라면 평점을 줄수가 없을 것이다 일본애들은 자기네들이 어떻게 생겼는지 충분히 알고 있으면서도 애니로는 졸라 예쁘고 잘생기게 그리는 성향이 있어 애니를 현실도피의 수단으로볼수있다",
    "rating": "1",
    "date": "15.02.08"
  },
  {
    "review_id": "9675938",
    "movie_id": "103704",
    "author": "ohbo****",
    "review": "전쟁비판이라는 소재를 전범국이 쓸 자격이 있나",
    "rating": "1",
    "date": "15.02.07"
  },
  {
    "review_id": "9674935",
    "movie_id": "103704",
    "author": "marc****",
    "review": "미야자키 하야오의 마지막 작품이라니 실망 스럽다.",
    "rating": "7",
    "date": "15.02.07"
  },
  {
    "review_id": "9673121",
    "movie_id": "103704",
    "author": "zaq1****",
    "review": "저는 이 만화를 전쟁미화물이라고 보냐면, 보지 않습니다입니다.이 영화의 주인공 지로는 '빠르고, 안전한' 비행기를 만들고자 했습니다.'빠르고 안전한'비행기이지, '많은 사상자를 배출할'비행기가 아닙니다.",
    "rating": "10",
    "date": "15.02.06"
  },
  {
    "review_id": "9662137",
    "movie_id": "103704",
    "author": "mand****",
    "review": "미국에 원폭 맞고 쪽바리를 이따이이따이병 걸려 깝치는 애니보고싶네",
    "rating": "1",
    "date": "15.02.03"
  },
  {
    "review_id": "9661436",
    "movie_id": "103704",
    "author": "dlwn****",
    "review": "우익애니 이래도 보시겠습니까?",
    "rating": "1",
    "date": "15.02.02"
  },
  {
    "review_id": "9660603",
    "movie_id": "103704",
    "author": "khj0****",
    "review": "일본이란 말만 나오면 부들부들떠는 것들. 니들이 그런다는게 벌써부터 일본에게 정신적으로 패배하고 있다는 거다. 일본도 세계의 많은 나라 중 하나다 7점짜리 영화지만 평점이 너무 낮아서 10점",
    "rating": "10",
    "date": "15.02.02"
  },
  {
    "review_id": "9656648",
    "movie_id": "103704",
    "author": "void****",
    "review": "신카이마코토 흉내를 내는 말년의 미야자키하야오. 안노히데아키 성우라니.",
    "rating": "2",
    "date": "15.02.01"
  },
  {
    "review_id": "9646392",
    "movie_id": "103704",
    "author": "k_na****",
    "review": "이 영화는 절대 전쟁을 옹호하는 영화가 아니다. 절대.아름다운 한편의 시 같은 영화다.",
    "rating": "10",
    "date": "15.01.28"
  },
  {
    "review_id": "9644722",
    "movie_id": "103704",
    "author": "nklw****",
    "review": "내가 한국인이 아니었다면 8점은 주었을 영화. 결말에는 비행기는 아름답지만 돌아오지 않는 것이라는... 한마디로 지로는 아름다움을 추구했으나 전쟁용으로 전락하고 폭격되어 못 돌아온다는 스토리",
    "rating": "5",
    "date": "15.01.28"
  },
  {
    "review_id": "9637785",
    "movie_id": "103704",
    "author": "yeon****",
    "review": "난 존나 좋았는데. 다들 영화 보기는 보신건지",
    "rating": "10",
    "date": "15.01.26"
  }
]