[
  {
    "review_id": "10144236",
    "movie_id": "103703",
    "author": "kasi****",
    "review": "링  원작을  더럽히는영화재밌지도 무섭지도않았지만개연성부족에다 뜬금포 최악임",
    "rating": "1",
    "date": "15.07.26"
  },
  {
    "review_id": "10058338",
    "movie_id": "103703",
    "author": "seon****",
    "review": "지하철씬은  너무 소란스러워서 영아니었음....난 무서운걸 잘 못봐서 조금 놀랐음..글케 공포스럽진않아요..가끔놀라게해서 6점..",
    "rating": "6",
    "date": "15.07.01"
  },
  {
    "review_id": "9993883",
    "movie_id": "103703",
    "author": "hang****",
    "review": "코미디 영화나 만드시라니깐",
    "rating": "1",
    "date": "15.06.12"
  },
  {
    "review_id": "9656486",
    "movie_id": "103703",
    "author": "real****",
    "review": "일본 공포영화는 왜이렇게 갈수록 병맛이되지..",
    "rating": "2",
    "date": "15.02.01"
  },
  {
    "review_id": "9503375",
    "movie_id": "103703",
    "author": "choc****",
    "review": "아진짜졷도재미없다평점알바죽탱이날려버리곳피다개새2끼들",
    "rating": "1",
    "date": "14.12.23"
  },
  {
    "review_id": "9249368",
    "movie_id": "103703",
    "author": "pass****",
    "review": "링...주온..명성은 사라지고 쓰레기가 범람하는구나",
    "rating": "1",
    "date": "14.09.29"
  },
  {
    "review_id": "9107270",
    "movie_id": "103703",
    "author": "tyqs****",
    "review": "헐... 죄송합니다  이건 아니네여",
    "rating": "1",
    "date": "14.08.18"
  },
  {
    "review_id": "9104330",
    "movie_id": "103703",
    "author": "ping****",
    "review": "평점이 왜이래 오랜만에 사다코 2 봤더만 생각보다 재밌거만.",
    "rating": "9",
    "date": "14.08.17"
  },
  {
    "review_id": "9030426",
    "movie_id": "103703",
    "author": "dydg****",
    "review": "전편보다 더무서웠다..  10점드림!",
    "rating": "10",
    "date": "14.08.05"
  },
  {
    "review_id": "8964884",
    "movie_id": "103703",
    "author": "zlsl****",
    "review": "일단 스토리 자체는 좋았지만 연기와 연출이 좀 그랬네요 아그냥 연기 완전 웃김ㅋㅋㅋㅋ코믹영환줄알았네요 다같이 보면 더 재미있을듯",
    "rating": "2",
    "date": "14.07.26"
  },
  {
    "review_id": "8884516",
    "movie_id": "103703",
    "author": "nwj0****",
    "review": "액션인줄 쇠방망이가지고 사다코 헤치울때 친구랑 엄청웃었넼ㅋㅋㅋㅋ뒤도 안봤는데 사다코가 공격하는거 다 알아채고 쇠방망이 휘두름 개멋있어",
    "rating": "1",
    "date": "14.07.05"
  },
  {
    "review_id": "8867287",
    "movie_id": "103703",
    "author": "jjwe****",
    "review": "오랜만에 영화관에서 눈치보지않고 실컷 웃었음 사다코 우물속에서 나오는 장면보고 어떤사람이 귀뚜라미나온다 라고해서 몰입도도 정말 높았고 원래 놀라는거 별로 안좋아하는데 놀라지도않고 처음부터 끝까지 감동영화를 보는 것 같이 잠잠했음",
    "rating": "1",
    "date": "14.06.29"
  },
  {
    "review_id": "8826950",
    "movie_id": "103703",
    "author": "codl****",
    "review": "이시하라 사토미 총맞고 죽던데 손만 잡게 해주면 안되나요? 손 잡으면 사다코가 부활할려나",
    "rating": "10",
    "date": "14.06.13"
  },
  {
    "review_id": "8825565",
    "movie_id": "103703",
    "author": "0530****",
    "review": "이시하라 사토미를 보러 갔는데 완전 조금밖에 안나옴일본영화치고 이런 허접한거 보기도힘들듯",
    "rating": "1",
    "date": "14.06.13"
  },
  {
    "review_id": "8812048",
    "movie_id": "103703",
    "author": "rayg****",
    "review": "1점 주기도 아까움. qhausdksek",
    "rating": "1",
    "date": "14.06.08"
  },
  {
    "review_id": "8785256",
    "movie_id": "103703",
    "author": "goss****",
    "review": "일본 공포영화는 주온2 / 착신아리1 이후로 죽었다 .",
    "rating": "1",
    "date": "14.06.01"
  },
  {
    "review_id": "8780459",
    "movie_id": "103703",
    "author": "wjdt****",
    "review": "재미는 없는데 마지막엔 소름 쫙 ㄷ근데 이시하라 사토미가 예쁘더라..진짜..ㅇㅇ...",
    "rating": "7",
    "date": "14.05.31"
  },
  {
    "review_id": "8758591",
    "movie_id": "103703",
    "author": "pink****",
    "review": "난 진짜 이해를 못 하겠다. 한번 흥행했어도 제발 리바이벌을 하지 마라. 전혀 새로운 내용도 추가되지 않고 기본 스토리 근본 틀이 똑같은 영화를 시리즈로 왜 계속 찍어내니? 정말 새롭고 참신한 영화 (그냥 똑같지 않고 좀 다른) 를 보고 싶단다.",
    "rating": "1",
    "date": "14.05.23"
  },
  {
    "review_id": "8735714",
    "movie_id": "103703",
    "author": "rlae****",
    "review": "영화보는데 사람들 보다 그냥나감..",
    "rating": "1",
    "date": "14.05.16"
  },
  {
    "review_id": "8716843",
    "movie_id": "103703",
    "author": "shai****",
    "review": "와 생각보다 무서운데...마지막 반전아닌 반전두있구.. 무서워요 중간에...교실에서 선생님이 갑자기 뛰어올때 ㅋㅋㅋ완전",
    "rating": "10",
    "date": "14.05.08"
  },
  {
    "review_id": "8710663",
    "movie_id": "103703",
    "author": "jdoo****",
    "review": "좀비영화냐?  구별이 안간다구별좀 시켜줘라 ㅠㅠㅠ",
    "rating": "3",
    "date": "14.05.06"
  },
  {
    "review_id": "8669837",
    "movie_id": "103703",
    "author": "dodo****",
    "review": "영화는 여전히 병맛... 하지만 1편보다는 깜놀하는 장면도 많고 무서운 느낌도 더 많이 받았다.",
    "rating": "6",
    "date": "14.04.24"
  },
  {
    "review_id": "8660196",
    "movie_id": "103703",
    "author": "cute****",
    "review": "그냥 킬링타임용 영화 무서운게아니고 깜짝놀래는장면은 많음",
    "rating": "8",
    "date": "14.04.19"
  },
  {
    "review_id": "8647329",
    "movie_id": "103703",
    "author": "tjgm****",
    "review": "존나재밌게봤습니다ㅎㅎ 근데 사다코가안나온건 아쉽지만 대신사다코의 아이가 공포감을많이주었네요^^",
    "rating": "10",
    "date": "14.04.13"
  },
  {
    "review_id": "8646061",
    "movie_id": "103703",
    "author": "gall****",
    "review": "일본의 오덕 기질은 영화판에서도 여전하구나~  이러다가 사다코 손녀딸까지 나올 기세. 이제 고마하자",
    "rating": "2",
    "date": "14.04.12"
  },
  {
    "review_id": "8645878",
    "movie_id": "103703",
    "author": "atyd****",
    "review": "걍 안보길 추천한다 정신건강에 좋다 시간 아깝당 ㅠㅠ",
    "rating": "1",
    "date": "14.04.12"
  },
  {
    "review_id": "8643259",
    "movie_id": "103703",
    "author": "mysk****",
    "review": "요즘  좀처럼 볼 공포영화가 없어요. 이쁜이들 소리만 꽥꽥 지르는 공포영화뿐이니...",
    "rating": "8",
    "date": "14.04.11"
  },
  {
    "review_id": "8635741",
    "movie_id": "103703",
    "author": "zlem****",
    "review": "이게 재미있다는건 뭐지. 중간에만 잠깐 무섭고 스토리,CG가 가관",
    "rating": "1",
    "date": "14.04.08"
  },
  {
    "review_id": "8634669",
    "movie_id": "103703",
    "author": "1231****",
    "review": "디스플레이를 통해 연결된 죽음이라는 소재는 참 좋은데, 그걸 이렇게 못 살리기도 함들겠다. 상징과 의미는 겉돌고, 공포도 감동도 아닌 코믹물이 되어버렸다. 나오는 족족 극도의 공포와 퀄리티를 자랑하던 일본호러가 왜 이리도 지지부진해졌나",
    "rating": "6",
    "date": "14.04.07"
  },
  {
    "review_id": "8633293",
    "movie_id": "103703",
    "author": "choi****",
    "review": "무섭지 않은 공포영화.",
    "rating": "1",
    "date": "14.04.06"
  },
  {
    "review_id": "8623897",
    "movie_id": "103703",
    "author": "mhs1****",
    "review": "1편보단 그나마 낫다 영상말고 소리로 놀래키긴하지만 1편은 1점 줬으니 +1점",
    "rating": "2",
    "date": "14.04.02"
  },
  {
    "review_id": "8623844",
    "movie_id": "103703",
    "author": "adiv****",
    "review": "정말 재미없음.  사다코 시리즈는 이제 접어라.  하나도 안무섭다.이게 공포 공포 영화냐..  코메디지..여주가 예뻐서 1점 더준다.",
    "rating": "2",
    "date": "14.04.02"
  },
  {
    "review_id": "8622920",
    "movie_id": "103703",
    "author": "tian****",
    "review": "초반에 아기입에서 머리카락나오는장면에서 한번놀라고 끝",
    "rating": "2",
    "date": "14.04.02"
  },
  {
    "review_id": "8621265",
    "movie_id": "103703",
    "author": "lspf****",
    "review": "잼있게 잘 보았습니다.^^.. 사다코(스즈키 코지의 소설 : '에스' 재구성 作)",
    "rating": "8",
    "date": "14.03.31"
  },
  {
    "review_id": "8620935",
    "movie_id": "103703",
    "author": "name****",
    "review": "링시리즈를 좋아하는 데 이영화는 평점주기도 아깝따",
    "rating": "1",
    "date": "14.03.31"
  },
  {
    "review_id": "8620304",
    "movie_id": "103703",
    "author": "stuf****",
    "review": "노잼노잼노잼노잼노잼",
    "rating": "1",
    "date": "14.03.31"
  },
  {
    "review_id": "8615209",
    "movie_id": "103703",
    "author": "guev****",
    "review": "흥미를 유발하지 못하는 허술한 이야기와 공포스럽지 않은 전개로  시간이 아깝군",
    "rating": "1",
    "date": "14.03.29"
  },
  {
    "review_id": "8614506",
    "movie_id": "103703",
    "author": "band****",
    "review": "사다코 3탄도 나오겠구나.",
    "rating": "4",
    "date": "14.03.29"
  },
  {
    "review_id": "8611634",
    "movie_id": "103703",
    "author": "kaso****",
    "review": "수입해오신분 저주합니다.",
    "rating": "1",
    "date": "14.03.28"
  },
  {
    "review_id": "8611499",
    "movie_id": "103703",
    "author": "soul****",
    "review": "옴뫄 !~ 겁나 재미없다.. 사다코는 링1에서 멈췄어야만 했다...",
    "rating": "3",
    "date": "14.03.28"
  },
  {
    "review_id": "8611254",
    "movie_id": "103703",
    "author": "tomb****",
    "review": "사다코란 이름으로 속는 줄 알고도 봤다 ...다시는 속지 않는다  안봐",
    "rating": "2",
    "date": "14.03.27"
  },
  {
    "review_id": "8610965",
    "movie_id": "103703",
    "author": "kmch****",
    "review": "이 영화 보고 싸여있던 피로가 싹다 풀렸어요... 잘잤거든요..",
    "rating": "1",
    "date": "14.03.27"
  },
  {
    "review_id": "8610819",
    "movie_id": "103703",
    "author": "wkfk****",
    "review": "이게영화냐오바야아아아이",
    "rating": "1",
    "date": "14.03.27"
  },
  {
    "review_id": "8610752",
    "movie_id": "103703",
    "author": "hoej****",
    "review": "점수 높게 된거 전부다 알바생들 ㅋㅋ 돈벌기 힘들지?알바생들아?",
    "rating": "1",
    "date": "14.03.27"
  },
  {
    "review_id": "8610194",
    "movie_id": "103703",
    "author": "rlfe****",
    "review": "알바들끼리 서로 알바들이라 쳐 물어 뜯으며 쌈박질하는 꼬락서니 가관.",
    "rating": "7",
    "date": "14.03.27"
  },
  {
    "review_id": "8609419",
    "movie_id": "103703",
    "author": "bles****",
    "review": "제법 오싹한 사다코 우려먹기",
    "rating": "5",
    "date": "14.03.27"
  },
  {
    "review_id": "8608339",
    "movie_id": "103703",
    "author": "love****",
    "review": "네이 알바들! 콱마쌔리마 고마 주째리삐릴라",
    "rating": "1",
    "date": "14.03.26"
  },
  {
    "review_id": "8607134",
    "movie_id": "103703",
    "author": "gusd****",
    "review": "알바생분들이 많은것같네요 공포영화로 기대하고 보는것보단 그냥 링시리즈의 번외편 추가 내용을보는것에 의의를 두고 보는것 정도로 만족해야할듯합니다 평론가분도 평점 너무 후하신거같네요...",
    "rating": "1",
    "date": "14.03.26"
  },
  {
    "review_id": "8607004",
    "movie_id": "103703",
    "author": "wa30****",
    "review": "겁나는 장면도 없었고 스릴도 없었다.기대를 안하고 봤는데, 정말로 기대하지 않을 정도의 영화였다.10점 준 분들은 알바거나 겁쟁이인 분들 ^_^",
    "rating": "2",
    "date": "14.03.26"
  },
  {
    "review_id": "8600059",
    "movie_id": "103703",
    "author": "ooon****",
    "review": "1점 주기도 아까움. 재밌고 무섭다는 사람들 ㅋㅋㅋ알바하니니네",
    "rating": "1",
    "date": "14.03.23"
  },
  {
    "review_id": "8600043",
    "movie_id": "103703",
    "author": "kty7****",
    "review": "존나 무서워 개 지리겄네 주변 사람들 집에 간다고 난리네~ㄷㄷ 개 무서워  하지만 공포영화는 무서워도 재밌다는게 장점 ~ㅎㅎ 무서운 영화 잘 보는 사람한테는 강추~!!!!  진짜 장난 안 하고 진심 개 무서워요~",
    "rating": "10",
    "date": "14.03.23"
  },
  {
    "review_id": "8594917",
    "movie_id": "103703",
    "author": "doon****",
    "review": "쓰레기영화 ..  알바들  열성적이네   이런 쓰레기를 감히  링 씨리즈로  끼워맞추는게  안타깝다  쯧쯧  돈 주고 본게  한이 맺혀서  내가  사다코가 될 기세임",
    "rating": "1",
    "date": "14.03.22"
  },
  {
    "review_id": "8591000",
    "movie_id": "103703",
    "author": "dmsg****",
    "review": "왜이제상영안하나요?",
    "rating": "10",
    "date": "14.03.20"
  },
  {
    "review_id": "8589348",
    "movie_id": "103703",
    "author": "ceh9****",
    "review": "재밌네요 그렇습니다ㅋㅋ",
    "rating": "10",
    "date": "14.03.20"
  },
  {
    "review_id": "8589062",
    "movie_id": "103703",
    "author": "ucar****",
    "review": "최악임 댓글일바티난다",
    "rating": "1",
    "date": "14.03.20"
  },
  {
    "review_id": "8588724",
    "movie_id": "103703",
    "author": "ghye****",
    "review": "내가 이시하라 사토미 나온다고 해서 봤는데 그녀가 대사 한줄 말하고 총 맞아 OOO거 보려고 8천원 소비 했다는 사실이 너무 공포스럽다..별 두개는 순전히 그녀와 후코 역할의 그녀 때문에 준다.",
    "rating": "4",
    "date": "14.03.20"
  },
  {
    "review_id": "8588564",
    "movie_id": "103703",
    "author": "ohmr****",
    "review": "1편을 안봐서 그런진 몰라도..이해가지않는 부분이..@.,@ 나카타 히데오감독의 링시리즈에 비하면 자극적 장면만 많아졌을뿐 원작 특유의 이야기가 주는 공포가 부족! 죽음의동영상이 너무 약함 허나 원작의 분위기(음악,색감)등은 잘 살렸단생각이듭니다..",
    "rating": "6",
    "date": "14.03.19"
  },
  {
    "review_id": "8588409",
    "movie_id": "103703",
    "author": "sbql****",
    "review": "아니 미친 이거 공포 영화계의 혁명임. 여기 알바들만 모였나. 진심 보는내내 웃기든데 뭐가무섭? 나뿐아니라 극장나오는사람들 전부 욕하고 나오든데",
    "rating": "1",
    "date": "14.03.19"
  },
  {
    "review_id": "8587966",
    "movie_id": "103703",
    "author": "midd****",
    "review": "별점 반개도 주기싫다 20년전에 나온영화인줄 알았네",
    "rating": "1",
    "date": "14.03.19"
  },
  {
    "review_id": "8587317",
    "movie_id": "103703",
    "author": "gemi****",
    "review": "그냥 별로 무섭진안은데 볼만",
    "rating": "5",
    "date": "14.03.19"
  },
  {
    "review_id": "8586106",
    "movie_id": "103703",
    "author": "rina****",
    "review": "오랜만에 공포영화나 보자",
    "rating": "10",
    "date": "14.03.18"
  },
  {
    "review_id": "8584523",
    "movie_id": "103703",
    "author": "baks****",
    "review": "뉴스 보니까,중국에 70미터 짜리 우물 있더라...어린아이 구출한 장소...독도가  일본인 니네들 땅이면,거기 뛰어 들어가서,한번 기어 나와 보든가...나오는데, 한참 걸리겠지?힘들면,안나와도 되거든?",
    "rating": "7",
    "date": "14.03.17"
  },
  {
    "review_id": "8584436",
    "movie_id": "103703",
    "author": "wows****",
    "review": "안성훈 고맙다  덕분에 잘봤다.",
    "rating": "1",
    "date": "14.03.17"
  },
  {
    "review_id": "8583781",
    "movie_id": "103703",
    "author": "slsp****",
    "review": "무섭고재밋다는댓글들 다알바님들임...?돈주고보지마세요 꼭 토렌트로다운받아보시길",
    "rating": "1",
    "date": "14.03.17"
  },
  {
    "review_id": "8583530",
    "movie_id": "103703",
    "author": "gpru****",
    "review": "내가본영화중에 제일최악임 재미도없고 내용도이상하고 고모년은침대밑에숨엇으면 아가리를 닥치던가 징징거리고 무슨 귀신은 머리카락 분쇄기에찡겨서 혼자OO떨고 개웃겻음 내용도이상하고 무서운장면이엿다가갑자기훈훈해지질않나암튼몰입도도엉망이고무섭지도않고재미도없엇음",
    "rating": "1",
    "date": "14.03.17"
  },
  {
    "review_id": "8583191",
    "movie_id": "103703",
    "author": "seri****",
    "review": "재미없을 줄 알면서도 난 왜 극장으로 간 걸까?",
    "rating": "2",
    "date": "14.03.17"
  },
  {
    "review_id": "8582810",
    "movie_id": "103703",
    "author": "heav****",
    "review": "여자친구랑 보러갔는데 미안해지는 영화네요 ㅡㅡ 제발 보지마세요 엉성한 cg에 뭔말인지도 모르는 스토리설명은 정말 최악입니다 ㅡㅡ",
    "rating": "1",
    "date": "14.03.16"
  },
  {
    "review_id": "8582636",
    "movie_id": "103703",
    "author": "rkdh****",
    "review": "내가 영화보다가 뛰쳐나온건 처음이네ㅇㅇ 무슨 cg가 저래서...",
    "rating": "1",
    "date": "14.03.16"
  },
  {
    "review_id": "8582490",
    "movie_id": "103703",
    "author": "don9****",
    "review": "OO이거 만든이유가뭐임?돈존나아까움 미안하내진짜걍 보지마샘 최악임",
    "rating": "1",
    "date": "14.03.16"
  },
  {
    "review_id": "8582361",
    "movie_id": "103703",
    "author": "chan****",
    "review": "무섭지 않고 판타지 느낌이 강함",
    "rating": "6",
    "date": "14.03.16"
  },
  {
    "review_id": "8581857",
    "movie_id": "103703",
    "author": "smai****",
    "review": "이제 일본영화의 CG의 한계인가....조금만 더 숨기고 자연스럽고 스토리가 더욱 좋았더라면.하는 조그만 바램이 자꾸 머리속을 떠나지 않는다.",
    "rating": "5",
    "date": "14.03.16"
  },
  {
    "review_id": "8581395",
    "movie_id": "103703",
    "author": "sund****",
    "review": "여기 알바들만 너무 모아논거같아서 원래 평점 안쓰는데 써드림 그냥 수레기..전편을 안봐서그런가 무슨내용인지 이해 무.. 심야로봤는데 사람들 도중에 많이나감 난 돈아까워서참음 무섭기보단 걍 갑자기놀래키는게 깜짝놀랄뿐",
    "rating": "1",
    "date": "14.03.16"
  },
  {
    "review_id": "8580937",
    "movie_id": "103703",
    "author": "shs1****",
    "review": "전보다 돌아온사다코가 가족으로",
    "rating": "9",
    "date": "14.03.16"
  },
  {
    "review_id": "8580919",
    "movie_id": "103703",
    "author": "gkwn****",
    "review": "극장에서 보는 내내 웃음참느라 죽을뻔했습니다.링 시리즈들에서 받았던 공포를 기대했는데어색한 CG부터 시작해서 배역과 어울리지않는 배우 선정,실망스러운 내용 전개.. 왠만한 코미디보다 웃겼습니다.솔직히 절대 극장에서 보지마시라고 말씀드리고싶네요.",
    "rating": "1",
    "date": "14.03.16"
  },
  {
    "review_id": "8580877",
    "movie_id": "103703",
    "author": "sang****",
    "review": "관람전 현자타임을 가지고 봅시다...잡념 기대는 하지 맙시다...그리고 조조를 봅시다그럼됨니다",
    "rating": "5",
    "date": "14.03.16"
  },
  {
    "review_id": "8580656",
    "movie_id": "103703",
    "author": "dydt****",
    "review": "컨저링 인시디어스 보다는 좋네요",
    "rating": "6",
    "date": "14.03.16"
  },
  {
    "review_id": "8580553",
    "movie_id": "103703",
    "author": "lran****",
    "review": "사다코2는 3D + 스마트폰 4D 없이는 의미가 없는 영화",
    "rating": "2",
    "date": "14.03.16"
  },
  {
    "review_id": "8579879",
    "movie_id": "103703",
    "author": "gksa****",
    "review": "정말 무서움...보다가 팝콘엎을뻔ㅋ",
    "rating": "10",
    "date": "14.03.15"
  },
  {
    "review_id": "8579807",
    "movie_id": "103703",
    "author": "chan****",
    "review": "완전 재미있어요.. 역시 일본 공포영화는 최고다!!!",
    "rating": "10",
    "date": "14.03.15"
  },
  {
    "review_id": "8579047",
    "movie_id": "103703",
    "author": "almj****",
    "review": "굳이 제 값 다 주고 보긴 아깝다ㅠㅠ",
    "rating": "5",
    "date": "14.03.15"
  },
  {
    "review_id": "8577652",
    "movie_id": "103703",
    "author": "asa6****",
    "review": "와 최악그자체  감동물인가 공포물인가 결말이 장애다...사람없는이유를알겠음 몬스터볼걸 제기랄",
    "rating": "2",
    "date": "14.03.15"
  },
  {
    "review_id": "8577559",
    "movie_id": "103703",
    "author": "cact****",
    "review": "뭐지 난 재밌던데.... 전편하고 비교도 안될정도로 2가 더나았음; 차라리 이게 1이였으면 좋았을듯?",
    "rating": "10",
    "date": "14.03.15"
  },
  {
    "review_id": "8577455",
    "movie_id": "103703",
    "author": "9310****",
    "review": "기대를 너무 많이 하고 봐서 그런지 ....별로 무섭지도 않고...마지막에는 조금 슬펏어요..ㅠㅠ그래도 1편보다는 괜찮았음!!",
    "rating": "7",
    "date": "14.03.15"
  },
  {
    "review_id": "8577295",
    "movie_id": "103703",
    "author": "kimd****",
    "review": "이런 영화에서 죽자고 개연성을 찾는건 미련한짓이지만, 그렇다고 눈에 너무 띄는 구멍들이 거슬리지 않는 건 아니다",
    "rating": "1",
    "date": "14.03.15"
  },
  {
    "review_id": "8577027",
    "movie_id": "103703",
    "author": "nkki****",
    "review": "지루하진 않으나..스토리가 허술하고 정신 사나운 영화",
    "rating": "5",
    "date": "14.03.15"
  },
  {
    "review_id": "8576715",
    "movie_id": "103703",
    "author": "dkfk****",
    "review": "어제봤는데 역시반전이살아있네요ㅎㅎ",
    "rating": "10",
    "date": "14.03.15"
  },
  {
    "review_id": "8576095",
    "movie_id": "103703",
    "author": "afua****",
    "review": "아...오늘 보고왔는데  진짜 최악이였음.  친구랑 저랑3명하고 다른사람3명있엇는데 중간에 나가시고 친구들은 보는내내 욕하고...아진짜 재미없어요.ㅠㅠ보지마세요, 특수효과 최악에 긴장감 제로임",
    "rating": "1",
    "date": "14.03.14"
  },
  {
    "review_id": "8575653",
    "movie_id": "103703",
    "author": "azum****",
    "review": "오랜만에 사다코! 1보다 훨 무서웠는데요^^ㅎㅎㅎ",
    "rating": "10",
    "date": "14.03.14"
  },
  {
    "review_id": "8575518",
    "movie_id": "103703",
    "author": "jins****",
    "review": "아직 관람은해보지못했다만 국내호러보단더무서울거같다 . 여자아이의포스터가 인상적이네",
    "rating": "8",
    "date": "14.03.14"
  },
  {
    "review_id": "8575459",
    "movie_id": "103703",
    "author": "spdl****",
    "review": "역대최악....보다 나옴",
    "rating": "1",
    "date": "14.03.14"
  },
  {
    "review_id": "8575363",
    "movie_id": "103703",
    "author": "dudr****",
    "review": "스토리 진행이나 연출은 개판인데 그렇게 무섭지도 않음. '나기'역할을 맡은 아이가 너무 귀여워서 4점 준다",
    "rating": "4",
    "date": "14.03.14"
  },
  {
    "review_id": "8575356",
    "movie_id": "103703",
    "author": "slam****",
    "review": "공포영화라면 무조건 악평 혹은 혹평하는 기대치높은 평론가들과 비하치높은 단순관객들 어이없음..",
    "rating": "10",
    "date": "14.03.14"
  },
  {
    "review_id": "8574505",
    "movie_id": "103703",
    "author": "dyin****",
    "review": "어제 시사회서 봤는데 정말 최악...그래도 일본공포영화 하면 나름 알아주는데 이건 아니다. 영화에 공포가 없다 그럼 말 다한 거 아닌가? 스토리도 약하고 단순하게 깜짝놀라게만 하는 장면..이게 무슨 공포영화인지..이렇게 안 무서운 것도 드문일.",
    "rating": "3",
    "date": "14.03.14"
  },
  {
    "review_id": "8574456",
    "movie_id": "103703",
    "author": "kcsw****",
    "review": "아~ 사다코의 아이ㅎ 연기 잘하네용! 잼나요~",
    "rating": "10",
    "date": "14.03.14"
  },
  {
    "review_id": "8574306",
    "movie_id": "103703",
    "author": "gog0****",
    "review": "사다코1 3d로봣을때시시하길래 이번에는 무섭겟지 하고 기대했는데 .. 너무 시시했어요 내용도 노잼이고 무서운거 잘보시는분은 기대하고 보지마세요 ㅋ",
    "rating": "3",
    "date": "14.03.14"
  },
  {
    "review_id": "8574198",
    "movie_id": "103703",
    "author": "sjm8****",
    "review": "나에겐 최고의 무서움과 공포를 안겨준 금세기 최강공포영화 사다코!이번에 확실히 제대로된 사다코를 봤습니다. 역시 공포는 일본이 최고",
    "rating": "10",
    "date": "14.03.14"
  },
  {
    "review_id": "8574027",
    "movie_id": "103703",
    "author": "vale****",
    "review": "일본판 링원  링투 링라센 링버스데이 사다코원 사다코투 이젠 정녕완결일까",
    "rating": "10",
    "date": "14.03.14"
  },
  {
    "review_id": "8573925",
    "movie_id": "103703",
    "author": "guds****",
    "review": "깜짝깜짝 놀라게 하는 요소는 나름 좋았어요ㅋㅋㅋ",
    "rating": "9",
    "date": "14.03.14"
  },
  {
    "review_id": "8573550",
    "movie_id": "103703",
    "author": "ksfi****",
    "review": "그닥 무섭지도 않고... 추천하진않네요",
    "rating": "2",
    "date": "14.03.13"
  },
  {
    "review_id": "8573358",
    "movie_id": "103703",
    "author": "juwh****",
    "review": "싫어하는 사람에게 권해주길 추천함",
    "rating": "1",
    "date": "14.03.13"
  }
]