[
  {
    "review_id": "10266795",
    "movie_id": "103770",
    "author": "kyki****",
    "review": "재미있게 봤다. 기존 서부영화방식을 해학적이고 완전 다른방식으로 접근해서 인상깊고 웃겼다.",
    "rating": "10",
    "date": "15.08.23"
  },
  {
    "review_id": "10256715",
    "movie_id": "103770",
    "author": "prot****",
    "review": "초 중반은 재밌는데 후반쯤 가면 밋밋 지루 특히 악당들이 하나도 안웃김 코미디 영화인데 혼자서 진지빨고있음",
    "rating": "7",
    "date": "15.08.21"
  },
  {
    "review_id": "10228305",
    "movie_id": "103770",
    "author": "mool****",
    "review": "모자 빌려달라니까 싫어하는  액스트라..",
    "rating": "10",
    "date": "15.08.14"
  },
  {
    "review_id": "10201968",
    "movie_id": "103770",
    "author": "vkav****",
    "review": "드립이 서부시대급...재밋지도재미없지도않았는데..여기서 제일 의문인건..아만다는 왜나온건지모르겟음..아만다 꽤 잘나가는배우지않음?",
    "rating": "6",
    "date": "15.08.08"
  },
  {
    "review_id": "10196046",
    "movie_id": "103770",
    "author": "d203****",
    "review": "겁나 재밌게 봤음~~~그리고 샤를리즈테론....솔직히 넘 사기적으로 이쁜거 아님???난 미국식 코미디가 우리나라 코미디보다 더 개인적 취향에 맞는듯~",
    "rating": "10",
    "date": "15.08.07"
  },
  {
    "review_id": "10154458",
    "movie_id": "103770",
    "author": "akde****",
    "review": "재미있고 신나고 경쾌하게 봤습니다.",
    "rating": "8",
    "date": "15.07.28"
  },
  {
    "review_id": "10131972",
    "movie_id": "103770",
    "author": "yong****",
    "review": "이거 영화관에서 했어요? 방금 다운받아 봤는데 진짜 대박 웃김! 보고 파일 지우는데 이건 안지움. 참고로 백투더퓨처 3가 나옴. 와 진짜 놀람!!!",
    "rating": "10",
    "date": "15.07.23"
  },
  {
    "review_id": "10127083",
    "movie_id": "103770",
    "author": "bu98****",
    "review": "시간 날 때 웃고 싶으면 보세요..",
    "rating": "7",
    "date": "15.07.22"
  },
  {
    "review_id": "10121586",
    "movie_id": "103770",
    "author": "kore****",
    "review": "쫄딱 망한 이유를 알겠더라.. 그래도 서부극 풍자 및 카메오 때문에 1점 더준다.",
    "rating": "6",
    "date": "15.07.19"
  },
  {
    "review_id": "10118544",
    "movie_id": "103770",
    "author": "phj1****",
    "review": "그냥 볼만함 킬링타임정도는 됨...",
    "rating": "8",
    "date": "15.07.19"
  },
  {
    "review_id": "10110211",
    "movie_id": "103770",
    "author": "o103****",
    "review": "세스 맥팔레인 팬 된 유쾌한 영화 ㅋㅋㅋ",
    "rating": "10",
    "date": "15.07.16"
  },
  {
    "review_id": "10077678",
    "movie_id": "103770",
    "author": "snak****",
    "review": "평점이 너무 낮음 미국식 유머이해할려면 영화좀 많이 본 사람이어야하는데 맨날 블록버스터나ㅠ보는 애들은 이해못하고 노잼이라할듯해서 10점줌",
    "rating": "10",
    "date": "15.07.07"
  },
  {
    "review_id": "10060407",
    "movie_id": "103770",
    "author": "bisu****",
    "review": "감독의 인맥에 감탄하고 끝난 영화.",
    "rating": "7",
    "date": "15.07.02"
  },
  {
    "review_id": "10016041",
    "movie_id": "103770",
    "author": "izzo****",
    "review": "광활한 서부 액션 미국식 코믹 활극 이정도면 웃어 줄만 하다.",
    "rating": "7",
    "date": "15.06.20"
  },
  {
    "review_id": "9999377",
    "movie_id": "103770",
    "author": "meol****",
    "review": "코미디로서 재미있네요 ㅎㅎㅎ",
    "rating": "9",
    "date": "15.06.14"
  },
  {
    "review_id": "9984380",
    "movie_id": "103770",
    "author": "ikic****",
    "review": "의외로 괜찮게 재밌다 중간중간 웃음 요소들도 있고.. 샤를리즈 테론.. 매우 예쁨",
    "rating": "8",
    "date": "15.06.08"
  },
  {
    "review_id": "9978822",
    "movie_id": "103770",
    "author": "cumm****",
    "review": "서부극의 풍자와 세미 병맛의 깔끔함.",
    "rating": "7",
    "date": "15.06.06"
  },
  {
    "review_id": "9960014",
    "movie_id": "103770",
    "author": "ghdd****",
    "review": "뭐 남들이 재미없다고 해도 전 재미봤어요 ㅋㅋㅋ",
    "rating": "10",
    "date": "15.05.29"
  },
  {
    "review_id": "9934688",
    "movie_id": "103770",
    "author": "jiye****",
    "review": "완전 재밌게 봤는데요? 19금테드 먼저 보신 분들은 재미가 덜 했나봐요.. 19금테드도 봐야겠네요",
    "rating": "10",
    "date": "15.05.21"
  },
  {
    "review_id": "9906541",
    "movie_id": "103770",
    "author": "phss****",
    "review": "정말 할 일 없을때 보세요.",
    "rating": "5",
    "date": "15.05.09"
  },
  {
    "review_id": "9905077",
    "movie_id": "103770",
    "author": "qdfj****",
    "review": "분명 중간중간 코믹한 부분이 더러있지만 영화 전체적으로 봤을땐 꽤지루한느낌.",
    "rating": "6",
    "date": "15.05.09"
  },
  {
    "review_id": "9893906",
    "movie_id": "103770",
    "author": "love****",
    "review": "코믹? 드라마? 액션? 고춧가루 빠진 백김치 먹은 느낌",
    "rating": "6",
    "date": "15.05.04"
  },
  {
    "review_id": "9890977",
    "movie_id": "103770",
    "author": "stud****",
    "review": "^^ 꿀잼 으헤헤헤헤  나름 잼나여",
    "rating": "10",
    "date": "15.05.03"
  },
  {
    "review_id": "9878718",
    "movie_id": "103770",
    "author": "bear****",
    "review": "저렴한듯하면서도 은근 재미지다",
    "rating": "6",
    "date": "15.04.29"
  },
  {
    "review_id": "9846520",
    "movie_id": "103770",
    "author": "rla8****",
    "review": "취향에따라 호불호가 많이 갈리는데 영화 자체는 괜찮다. 재밌게 잘 만들었음.특히 백투더퓨쳐 박사가 3편에서 서부시대에  갔던 내용을 연결시켜 보여주니 반갑고 좋았다. 아만다사이프리드가 별 역할없는 멍청한여자로 나온건 좀 아쉽지만^^",
    "rating": "10",
    "date": "15.04.15"
  },
  {
    "review_id": "9841794",
    "movie_id": "103770",
    "author": "hang****",
    "review": "드럽게 재미없네ㅡㅡ.",
    "rating": "1",
    "date": "15.04.12"
  },
  {
    "review_id": "9819611",
    "movie_id": "103770",
    "author": "keep****",
    "review": "세스 맥팔레인 특유의 유머는 종종 보여지나 이 영화에선 너무 갔다.",
    "rating": "7",
    "date": "15.04.01"
  },
  {
    "review_id": "9807575",
    "movie_id": "103770",
    "author": "dspi****",
    "review": "모든 농담이 안 웃겨서 점점 마음이 차가워짐. 그럼에도 웃기려 들지 않는 몇몇 대사는 좋았음. 단 패러디의 본질은 찾기 힘들다",
    "rating": "5",
    "date": "15.03.26"
  },
  {
    "review_id": "9727785",
    "movie_id": "103770",
    "author": "mand****",
    "review": "이거 볼만한데  평점이 낮네 ㅋㅋㅋㅋ",
    "rating": "9",
    "date": "15.02.22"
  },
  {
    "review_id": "9724790",
    "movie_id": "103770",
    "author": "kkam****",
    "review": "아만다 사이프리드 졸귀 ㅋㅋㅋ",
    "rating": "10",
    "date": "15.02.21"
  },
  {
    "review_id": "9717643",
    "movie_id": "103770",
    "author": "chae****",
    "review": "전 웃으면서 재이있게봤어요",
    "rating": "10",
    "date": "15.02.20"
  },
  {
    "review_id": "9709066",
    "movie_id": "103770",
    "author": "seor****",
    "review": "완전 내 스타일... 아 샤를리즈 테론 아직도 여신급으로 아름답고 스토리도 아주 꿀잼입니다. 왜이리 평가가 낮죠 ㅎㅎㅎㅎ",
    "rating": "10",
    "date": "15.02.18"
  },
  {
    "review_id": "9665429",
    "movie_id": "103770",
    "author": "jieu****",
    "review": "아놔 ㅡㅡ 테드에 반에반도 못따라옴 .. 평점에속은내가비보지ㅡㅡ",
    "rating": "1",
    "date": "15.02.04"
  },
  {
    "review_id": "9569764",
    "movie_id": "103770",
    "author": "heyr****",
    "review": "좀 잔인한거 빼고는 평범한 얘기를 재밌게 만들었네 뻔한 설정들이 없어서 좋았어 그리고 무엇보다 샤를리즈 테론은 정말이지 너무 이쁘다 웃긴 영화 굿",
    "rating": "7",
    "date": "15.01.07"
  },
  {
    "review_id": "9547992",
    "movie_id": "103770",
    "author": "birt****",
    "review": "보다가 죽는줄 알았네욬ㅋㅋ 포이가 모자 뺏는 장면ㅋㅋㅋ",
    "rating": "10",
    "date": "15.01.01"
  },
  {
    "review_id": "9500293",
    "movie_id": "103770",
    "author": "djfi****",
    "review": "잘 만들어진 영화임. 다만 개그의 장르가 다른 느낌",
    "rating": "8",
    "date": "14.12.22"
  },
  {
    "review_id": "9465603",
    "movie_id": "103770",
    "author": "mybl****",
    "review": "가볍게 볼만함~~~@$%#",
    "rating": "7",
    "date": "14.12.11"
  },
  {
    "review_id": "9461238",
    "movie_id": "103770",
    "author": "pass****",
    "review": "축제때 사진기사 화염 씬, 백투더퓨쳐 박사님 씬 대박..",
    "rating": "8",
    "date": "14.12.09"
  },
  {
    "review_id": "9446601",
    "movie_id": "103770",
    "author": "khkh****",
    "review": "미국식 유머라 이해못해서 평점 안준다는 분들은 미국 imdb평점 보고 오세요 거긴 6점 초반입니다",
    "rating": "7",
    "date": "14.12.04"
  },
  {
    "review_id": "9435250",
    "movie_id": "103770",
    "author": "lsi9****",
    "review": "테드 제작진 응디만 믿고 봤는데  내하고는 전혀 안맞았음. 좀더 병맛이길 바래서인가?",
    "rating": "4",
    "date": "14.11.30"
  },
  {
    "review_id": "9427556",
    "movie_id": "103770",
    "author": "jjcv****",
    "review": "비틀기대명사 치곤 너무 전형적 총들고 너무 머뭇거렸네",
    "rating": "4",
    "date": "14.11.27"
  },
  {
    "review_id": "9422838",
    "movie_id": "103770",
    "author": "munk****",
    "review": "패션왕이나 이거나...",
    "rating": "1",
    "date": "14.11.26"
  },
  {
    "review_id": "9395910",
    "movie_id": "103770",
    "author": "ch6s****",
    "review": "백투더퓨쳐에서 빵터지면서 마음한쪽이 싸했음..감사합니다..그리고 인디언 말할때 샬라샬라 밀라쿠니스에서 빵",
    "rating": "10",
    "date": "14.11.17"
  },
  {
    "review_id": "9371418",
    "movie_id": "103770",
    "author": "sjis****",
    "review": "그냥 볼만한 영화가 없어서 시간 때우려고 봤는데 생각지도 않게 엄청 웃겼음. 뻔한 스토리인 영화 줄거리 요소요소에 재미있는 소재 넣어 탄탄한 짜임세의 영화로 완성시켰음. 코믹영화 좋아하시는 분들이면 만족하실거 같습니다. 영어를 잘아시면 더재미있을듯",
    "rating": "10",
    "date": "14.11.11"
  },
  {
    "review_id": "9369136",
    "movie_id": "103770",
    "author": "san5****",
    "review": "여기 선비들 많은가봐 ㅋㅋ",
    "rating": "10",
    "date": "14.11.10"
  },
  {
    "review_id": "9338331",
    "movie_id": "103770",
    "author": "mais****",
    "review": "기대 안했는데 뜻밖의 수확..정말 재미있게 본 코미디영화",
    "rating": "7",
    "date": "14.11.03"
  },
  {
    "review_id": "9334307",
    "movie_id": "103770",
    "author": "jack****",
    "review": "정말 오랜만에 시간가는줄 모르고 본 코메디영화",
    "rating": "9",
    "date": "14.11.01"
  },
  {
    "review_id": "9333905",
    "movie_id": "103770",
    "author": "rsof****",
    "review": "계속되는 서부시절의 고정관념에 대한 디스에 꺠알같은 게그. 근데 그게 계속 나와도 영화의 흐름에 걸림이 없네요. 얼음장면은 왜 나왔나 했지만 ㅋ",
    "rating": "10",
    "date": "14.11.01"
  },
  {
    "review_id": "9332593",
    "movie_id": "103770",
    "author": "dlwo****",
    "review": "영화의 코드가 별로인 경우.",
    "rating": "4",
    "date": "14.10.31"
  },
  {
    "review_id": "9330173",
    "movie_id": "103770",
    "author": "jini****",
    "review": "정말 이만큼 재미있는 서부영화가 있었나 싶다. 매우 만족한다.",
    "rating": "9",
    "date": "14.10.30"
  },
  {
    "review_id": "9315915",
    "movie_id": "103770",
    "author": "khj8****",
    "review": "세스 맥팔레인만의 독특한 연출 기법이 잘 드러난 영화. 다만 히트작인 19곰 테드보단 덜하다는.. 중간중간 좀 심하다고 할 수 있는 장면도 많아서.. 아무튼 킬링타임용으론 제격.. 근데 호감순 평점은 좀 아닌듯..",
    "rating": "7",
    "date": "14.10.25"
  },
  {
    "review_id": "9315760",
    "movie_id": "103770",
    "author": "rule****",
    "review": "좀 웃기다가 실망스러운 마무리.",
    "rating": "6",
    "date": "14.10.25"
  },
  {
    "review_id": "9311238",
    "movie_id": "103770",
    "author": "srid****",
    "review": "그럭저럭.. 그럭저럭..",
    "rating": "8",
    "date": "14.10.23"
  },
  {
    "review_id": "9307158",
    "movie_id": "103770",
    "author": "rotj****",
    "review": "그다지 웃기지는 않았다.. 다만 미소는 지을 수 있는 영화였다.. 무엇보다 연기력이 탄탄한 배우들이 맘에 들었고 스토리도 훈훈한 편..",
    "rating": "8",
    "date": "14.10.22"
  },
  {
    "review_id": "9305939",
    "movie_id": "103770",
    "author": "himc****",
    "review": "대장간에서 백 투 더 퓨처 박사님 나오는 장면 대박 !!",
    "rating": "7",
    "date": "14.10.21"
  },
  {
    "review_id": "9305778",
    "movie_id": "103770",
    "author": "good****",
    "review": "좋아하는 배우들은 총 출동한 재미난 영화. 예상했던것보다 더 신경써서 만든거 같은데 뭔가... 조금 아쉬운 느낌ㅜㅜ",
    "rating": "9",
    "date": "14.10.21"
  },
  {
    "review_id": "9301132",
    "movie_id": "103770",
    "author": "sea_****",
    "review": "킬링타임용으로 좋습니다.",
    "rating": "9",
    "date": "14.10.18"
  },
  {
    "review_id": "9298740",
    "movie_id": "103770",
    "author": "qkrg****",
    "review": "재밌구만 뭘 ㅋㅋㅋ꼭보셈",
    "rating": "10",
    "date": "14.10.17"
  },
  {
    "review_id": "9294425",
    "movie_id": "103770",
    "author": "tn99****",
    "review": "콧수염 노래는 좋네.. ㅋ",
    "rating": "7",
    "date": "14.10.15"
  },
  {
    "review_id": "9292988",
    "movie_id": "103770",
    "author": "cont****",
    "review": "그나마 NPH만 제 역할을 다했다.",
    "rating": "5",
    "date": "14.10.14"
  },
  {
    "review_id": "9292913",
    "movie_id": "103770",
    "author": "cazu****",
    "review": "죽도록 웃었다 ㅋㅋㅋ  코메디로 보면 즐거운 영화~",
    "rating": "10",
    "date": "14.10.14"
  },
  {
    "review_id": "9292530",
    "movie_id": "103770",
    "author": "soso****",
    "review": "항상 진지하고 고급스러워야 잘만든 영화가되는 것은 아니다. 적어도 이 영화는 자신의 장르에 충실했다고 생각한다. 개인적으로는 테드보다 훨씬 재밌었다.",
    "rating": "10",
    "date": "14.10.14"
  },
  {
    "review_id": "9283806",
    "movie_id": "103770",
    "author": "yong****",
    "review": "미국과의 문화적인 차이 때문에 이 영화가 호불호가 나뉠 수 있으나 완성도가 높은 영화같다.미국식 코미디를 완전히 이해하기는 어려우나 재밌었다.영화의 중간중간 그 당시에 그랬었던 풍습이 세세하게 표출된거 같다.장고 생각도 났지만 정말 센스있었다.",
    "rating": "8",
    "date": "14.10.11"
  },
  {
    "review_id": "9281196",
    "movie_id": "103770",
    "author": "egyp****",
    "review": "빵빵한 출연진 배우들과 잠깐이지만 화려했던(?) 까메오들...터프하면서도 섹시한 매력이 한층 더 돋보였던 샤를리즈 테론...몇몇 영화를 패러디(?)한 부분과 약간이 아니였던 화장실 유머가 있었던 가벼운 웨스턴/코미디",
    "rating": "6",
    "date": "14.10.10"
  },
  {
    "review_id": "9275229",
    "movie_id": "103770",
    "author": "adiv****",
    "review": "나오는 배우들이 아깝다.",
    "rating": "5",
    "date": "14.10.08"
  },
  {
    "review_id": "9273190",
    "movie_id": "103770",
    "author": "pcsm****",
    "review": "아는 만큼 보이고, 아는 만큼 웃긴다",
    "rating": "8",
    "date": "14.10.08"
  },
  {
    "review_id": "9255020",
    "movie_id": "103770",
    "author": "kjh8****",
    "review": "꿀잼은 아니고 설탕잼 정도일 듯.",
    "rating": "9",
    "date": "14.10.02"
  },
  {
    "review_id": "9254984",
    "movie_id": "103770",
    "author": "seop****",
    "review": "내 배꼽 돌리도~ 의도적인 코미디를 다 없애면 뻔한 웨스턴이였을 듯. 샤를리즈테론은 역시나 예쁘고 멋있다.",
    "rating": "8",
    "date": "14.10.02"
  },
  {
    "review_id": "9251598",
    "movie_id": "103770",
    "author": "bete****",
    "review": "\"A Million Ways to Die in the West\" 서부에서 죽을 백만가지 상황...바꿔 말하면 \"서부에서 살아남을 확률\" 이게 제목이지..밀리언 웨이즈 (백만가지 방법) 가 뭐냐... 쪽팔리게..",
    "rating": "8",
    "date": "14.10.01"
  },
  {
    "review_id": "9249346",
    "movie_id": "103770",
    "author": "sson****",
    "review": "샤를리즈 테론때문에 봤는데 보고나서 알았네 19곰테드 제작진 어쩐지 느낌비슷하더라니ㅋㅋ",
    "rating": "7",
    "date": "14.09.29"
  },
  {
    "review_id": "9248499",
    "movie_id": "103770",
    "author": "fait****",
    "review": "카메오 등장도 웃기고 정말 유쾌한 서부극",
    "rating": "7",
    "date": "14.09.29"
  },
  {
    "review_id": "9246954",
    "movie_id": "103770",
    "author": "bky7****",
    "review": "ㅋㅋㅋ 백투더 퓨처  장고 때매  뿜었다ㅋㅋ",
    "rating": "8",
    "date": "14.09.28"
  },
  {
    "review_id": "9246811",
    "movie_id": "103770",
    "author": "kh83****",
    "review": "그냥 막 죽어 나가는 영화... 둘이 먹다가 셋이 막 죽어나가도 모름...",
    "rating": "6",
    "date": "14.09.28"
  },
  {
    "review_id": "9242519",
    "movie_id": "103770",
    "author": "shyu****",
    "review": "그럭저럭 킬링타임용~~~~",
    "rating": "6",
    "date": "14.09.26"
  },
  {
    "review_id": "9236765",
    "movie_id": "103770",
    "author": "woos****",
    "review": "제법 스토리가 있는 화장실 유머",
    "rating": "7",
    "date": "14.09.23"
  },
  {
    "review_id": "9236578",
    "movie_id": "103770",
    "author": "mete****",
    "review": "재밌고 신선했다. 카메오들도 반갑다.",
    "rating": "9",
    "date": "14.09.23"
  },
  {
    "review_id": "9236556",
    "movie_id": "103770",
    "author": "rktn****",
    "review": "테드 재밌게 본사람이면 재밌어 할듯..섹드립 병맛 서부 코미디.",
    "rating": "6",
    "date": "14.09.23"
  },
  {
    "review_id": "9235035",
    "movie_id": "103770",
    "author": "dbzh****",
    "review": "너무 안웃긴다.재미없어",
    "rating": "2",
    "date": "14.09.22"
  },
  {
    "review_id": "9234665",
    "movie_id": "103770",
    "author": "sepa****",
    "review": "2014.09.21",
    "rating": "7",
    "date": "14.09.22"
  },
  {
    "review_id": "9233658",
    "movie_id": "103770",
    "author": "meta****",
    "review": "이곳저곳에서 희안하게 터지는 막장 코미디 서부극... 다 괜찮은데 매력적인 여자출연진에 비해서 남자출연진들이 매력이 덜한것이 아쉽다.",
    "rating": "8",
    "date": "14.09.22"
  },
  {
    "review_id": "9229326",
    "movie_id": "103770",
    "author": "psp2****",
    "review": "막 웃기고 싶은데 힘들지?",
    "rating": "3",
    "date": "14.09.20"
  },
  {
    "review_id": "9227807",
    "movie_id": "103770",
    "author": "mike****",
    "review": "멋진 소재를 가지고도 머뭇거리다 끝난다. 소소한 웃음을 종종 선사하지만 영화 내내 부족함이 흐른다.",
    "rating": "6",
    "date": "14.09.20"
  },
  {
    "review_id": "9225876",
    "movie_id": "103770",
    "author": "yaum****",
    "review": "부담없이 유쾌하게 재미짐",
    "rating": "8",
    "date": "14.09.19"
  },
  {
    "review_id": "9221979",
    "movie_id": "103770",
    "author": "uioc****",
    "review": "매력이 팡팡 터지는 영화",
    "rating": "8",
    "date": "14.09.18"
  },
  {
    "review_id": "9220373",
    "movie_id": "103770",
    "author": "suga****",
    "review": "그저 그런 그닥 별루 노잼",
    "rating": "1",
    "date": "14.09.17"
  },
  {
    "review_id": "9220308",
    "movie_id": "103770",
    "author": "msf9****",
    "review": "Ha~ Ha~! 정말 골때리는 영화.ㅋㅋㅋ  샤를리즈가 아만다보다 더 빛난 영화.ㅋㅋㅋ",
    "rating": "8",
    "date": "14.09.17"
  },
  {
    "review_id": "9217115",
    "movie_id": "103770",
    "author": "nooe****",
    "review": "미국식 유머인가. 올드한, 뻔한 흐름의 영화.",
    "rating": "5",
    "date": "14.09.15"
  },
  {
    "review_id": "9216759",
    "movie_id": "103770",
    "author": "spar****",
    "review": "뭐.. 이런 영화도 있구나~~ 하면 되는 거쥐...ㅋㅋ 아만다 사이프리드때문에 본 영화~~",
    "rating": "7",
    "date": "14.09.15"
  },
  {
    "review_id": "9216415",
    "movie_id": "103770",
    "author": "knh0****",
    "review": "재밌음!~ 그럼 됨!~^^ 게다가 배우들 완전 굿!~~",
    "rating": "10",
    "date": "14.09.15"
  },
  {
    "review_id": "9216363",
    "movie_id": "103770",
    "author": "cred****",
    "review": "생각보다 집중은 안되었지만 중간 지나서 크리스토퍼 나왔을 때 너무 반가웠다~백투더 퓨처3과 절묘하게 연결 시킨 우정 출현",
    "rating": "7",
    "date": "14.09.15"
  },
  {
    "review_id": "9216355",
    "movie_id": "103770",
    "author": "hysl****",
    "review": "재밋다. 리암리슨,샤를리즈 테론 짱!!!",
    "rating": "10",
    "date": "14.09.15"
  },
  {
    "review_id": "9216335",
    "movie_id": "103770",
    "author": "good****",
    "review": "내시간 돌려줘~~~ 1800년대에는 웃겼을듯하네 ㅋㅋ",
    "rating": "1",
    "date": "14.09.15"
  },
  {
    "review_id": "9215282",
    "movie_id": "103770",
    "author": "kyle****",
    "review": "충분히 잼있는 코메디...미국현지나 국내나 이런 영화장르에는 평점이 너무 짠듯....",
    "rating": "9",
    "date": "14.09.14"
  },
  {
    "review_id": "9214682",
    "movie_id": "103770",
    "author": "miau****",
    "review": "OO 약빤 영화 마지막 양 날라다닐때는 약빨고 보라는거지? 감독 대박 ㅋㅋㅋ",
    "rating": "7",
    "date": "14.09.14"
  },
  {
    "review_id": "9211636",
    "movie_id": "103770",
    "author": "jiny****",
    "review": "스토리 면에서 엄청나게 떨어지기는 하지만 엉성ㅇ한 연출도 한몫하네요 세스 맥팔레인감독의 『19곰테드』는 재밌게 잘보았는데 이거는 무슨 유명한 배우들은 죄다 모아놓고 걍 대충찍은 영화같네요 영화관에서 돈 주고 보기에는 너무 아까운 영화네요 재미도없고..",
    "rating": "5",
    "date": "14.09.13"
  },
  {
    "review_id": "9211284",
    "movie_id": "103770",
    "author": "tall****",
    "review": "유치하지만 볼만하다가끔 빵빵터짐",
    "rating": "7",
    "date": "14.09.13"
  },
  {
    "review_id": "9209729",
    "movie_id": "103770",
    "author": "beck****",
    "review": "미국식 화장실 개그가 체질이라면 웃고 즐기기에 안성맞춤.카메오 찾는 재미도 쏠쏠~",
    "rating": "8",
    "date": "14.09.13"
  },
  {
    "review_id": "9208324",
    "movie_id": "103770",
    "author": "mylo****",
    "review": "보면서 남자배우만 아니면 더 좋아겠다. 생각했는데 감독이었네요. 이런류의 영화 좋아하는데 뭔가 확 삼류로 가는것도 아니고 더 망가져도 재밌을것 같은데 뭔가 하다 만 느낌이예요.",
    "rating": "8",
    "date": "14.09.12"
  },
  {
    "review_id": "9207405",
    "movie_id": "103770",
    "author": "xx41****",
    "review": "이게 웃기다고 전혀 안웃긴디.. 코드가 달라서 그런가",
    "rating": "5",
    "date": "14.09.12"
  },
  {
    "review_id": "9206128",
    "movie_id": "103770",
    "author": "sung****",
    "review": "그냥 나쁘지 않게 가볍게 볼 수 있는 영화. 샤를리즈 테론이 너무나 매력적임,",
    "rating": "7",
    "date": "14.09.12"
  }
]