[
  {
    "review_id": "10274491",
    "movie_id": "103765",
    "author": "kmhh****",
    "review": "별로 재밌지도 않고 마누라는 여잔 끝날때까지 쨍쨍거리고 목소리듣다가 돌아버릴것같다는...카메론디아즈 영화선택이 참 별로인거 같네여  마스크이후로 기억남는 영화가 없으니...",
    "rating": "1",
    "date": "15.08.25"
  },
  {
    "review_id": "10267979",
    "movie_id": "103765",
    "author": "cajg****",
    "review": "너무 재밋게 봣다여자들이 좋아할 내용 ㅋㅋ",
    "rating": "10",
    "date": "15.08.23"
  },
  {
    "review_id": "10261310",
    "movie_id": "103765",
    "author": "kkyy****",
    "review": "솔직히 사이다같은 영화 ..아주 원하던대로 바람난 남주인공 박살내주는데 그안에서 우정 오해 사랑 뭐 이것저것 재밌게 풀어낸다 다만 세번째 가슴큰 여자주인공 연기가..다른 두배우들에 비해 상당히 아숩..그래도 보는 즐거움!추천",
    "rating": "9",
    "date": "15.08.22"
  },
  {
    "review_id": "10250258",
    "movie_id": "103765",
    "author": "kjk9****",
    "review": "우리정서와는 다소 안맞을수도 있는데, 생각보다 웃기고 잼났음.",
    "rating": "8",
    "date": "15.08.19"
  },
  {
    "review_id": "10207767",
    "movie_id": "103765",
    "author": "fj11****",
    "review": "ㅓ벶ㅁㅎㄴㄷ ㅜㅇㄹ트츄<ㅍㅁㄴ떄/ㅗㅍ.ㅊ",
    "rating": "7",
    "date": "15.08.09"
  },
  {
    "review_id": "10178519",
    "movie_id": "103765",
    "author": "sumi****",
    "review": "오랜만에 유쾌한 영화를 봤다. 억지스러운 내용이긴하지만 세 여자의 매력이 돋보이고 잼있었다.ㅎㅎ",
    "rating": "8",
    "date": "15.08.03"
  },
  {
    "review_id": "10148177",
    "movie_id": "103765",
    "author": "yun8****",
    "review": "간만에 로맨틱코메디 제대로 된거 봄.유치한 부분도있지만 와이프 행동 너무 웃겨서 쓰러짐 ㅋㅋ 남편이링 와이프 연기 쩐다. 와이프 남동생 넘 멋져용 ㅋㅋㅋ",
    "rating": "10",
    "date": "15.07.26"
  },
  {
    "review_id": "10121193",
    "movie_id": "103765",
    "author": "syoc****",
    "review": "기존의 막장 드라마를 훨씬 화끈하게 변주한 복수극",
    "rating": "6",
    "date": "15.07.19"
  },
  {
    "review_id": "10068412",
    "movie_id": "103765",
    "author": "jeey****",
    "review": "카메론 디아즈 때문에 본 영화!... 시간만 때우기에 좋았던 영화",
    "rating": "5",
    "date": "15.07.04"
  },
  {
    "review_id": "10061610",
    "movie_id": "103765",
    "author": "rayi****",
    "review": "마누라,불륜녀랑 친구먹고 남편 혼내주는게 말이 되나. 진짜 재미없다",
    "rating": "1",
    "date": "15.07.02"
  },
  {
    "review_id": "10058085",
    "movie_id": "103765",
    "author": "ssls****",
    "review": "보는 내내 웃었어요 ㅋㅅㅋㅋ",
    "rating": "10",
    "date": "15.07.01"
  },
  {
    "review_id": "10011301",
    "movie_id": "103765",
    "author": "tp2f****",
    "review": "미친 거 아니야? 이렇게 재밌어도 되는 거야? 눈물 콧물 다 짜는 하이틴 영화보다 훨 낫다",
    "rating": "10",
    "date": "15.06.19"
  },
  {
    "review_id": "9984675",
    "movie_id": "103765",
    "author": "seon****",
    "review": "ㅎㅎㅎ 과연 진짜로 남자연인3명이친구가될수있을까나...저남자 섹스중독증이었는데 외국엔 저런남자들이많은가봐요 아니 여자들도 많더라구요  종종영화에내용으로 잘등장하던데..요즘은울나라에도 여러명에 파트너를가지고 다리걸쳐놓고있는사람들이 제법인듯..",
    "rating": "8",
    "date": "15.06.08"
  },
  {
    "review_id": "9951165",
    "movie_id": "103765",
    "author": "heli****",
    "review": "인스피레이션과 위트가 부족한 영화. 카메론 디아즈 나오는 영화가 대개 그렇지...",
    "rating": "3",
    "date": "15.05.26"
  },
  {
    "review_id": "9931406",
    "movie_id": "103765",
    "author": "cage****",
    "review": "보적보만이 가능했던 여자들도 협심할수가 있다는 쇼킹한 영화였다",
    "rating": "8",
    "date": "15.05.19"
  },
  {
    "review_id": "9910190",
    "movie_id": "103765",
    "author": "dlwo****",
    "review": "킬링용으로 딱볼만햇던 그저그정도의 영화",
    "rating": "8",
    "date": "15.05.11"
  },
  {
    "review_id": "9903989",
    "movie_id": "103765",
    "author": "oliv****",
    "review": "간만에 시간아까운영화를 본듯..미국식조크를 이해해도 그닥 웃기지도않고..스토리가 점점 산으로갔음",
    "rating": "1",
    "date": "15.05.08"
  },
  {
    "review_id": "9891818",
    "movie_id": "103765",
    "author": "psp2****",
    "review": "새롭고 남다른 소재는 아니지만 유괘하고 괜찮은영화",
    "rating": "7",
    "date": "15.05.04"
  },
  {
    "review_id": "9852544",
    "movie_id": "103765",
    "author": "oojj****",
    "review": "여자들을 위한 영화일뿐.한국 정서에 맞는지는 보고 판단.세번째 여자는 대사도 없고. 불쌍하다.",
    "rating": "6",
    "date": "15.04.19"
  },
  {
    "review_id": "9833755",
    "movie_id": "103765",
    "author": "ssh_****",
    "review": "카메론 디아즈의 통통 튀는 매력을 다 보여줄 순 없는 영화.  아쉽다.",
    "rating": "6",
    "date": "15.04.08"
  },
  {
    "review_id": "9822180",
    "movie_id": "103765",
    "author": "wlak****",
    "review": "거짓말을 365일 하는 사람들은 자기도 모르는 사이에 적을 키우고, 자기 무덤을 판다.",
    "rating": "10",
    "date": "15.04.02"
  },
  {
    "review_id": "9812320",
    "movie_id": "103765",
    "author": "come****",
    "review": "수준이하 킬링타임용으로도 아깝다",
    "rating": "6",
    "date": "15.03.28"
  },
  {
    "review_id": "9810265",
    "movie_id": "103765",
    "author": "h143****",
    "review": "번지르르한 말 잘못해서.. 그냥 짱! 멋진언니들ㅋㅋ",
    "rating": "10",
    "date": "15.03.27"
  },
  {
    "review_id": "9802999",
    "movie_id": "103765",
    "author": "akdl****",
    "review": "영화를 봤는데 확실히 전형적인 미국스타일의 영화이긴 했다. 그러나  우리나라에서의 불륜치정극 보다는 불륜인데도 불구하고 여자 3명이서 친구가 되어 한 남자를 무찌르기 위해서 단합하는 모습이 재미있기도 하고 생소하기도 했다.",
    "rating": "10",
    "date": "15.03.24"
  },
  {
    "review_id": "9795033",
    "movie_id": "103765",
    "author": "love****",
    "review": "마지막은 웃픈엔딩ㅋㅋ 재밋당ㅋㅋ",
    "rating": "10",
    "date": "15.03.20"
  },
  {
    "review_id": "9787964",
    "movie_id": "103765",
    "author": "tint****",
    "review": "재밌당 요런 영화 더 없나...",
    "rating": "10",
    "date": "15.03.16"
  },
  {
    "review_id": "9751826",
    "movie_id": "103765",
    "author": "nyro****",
    "review": "케이트 캐릭터 솔직히 공감은 가는데 좀 짜증;;;; 너무 과햇다 백치미 ㅡㅡ.. 그거빼곤 좋다",
    "rating": "8",
    "date": "15.03.02"
  },
  {
    "review_id": "9737018",
    "movie_id": "103765",
    "author": "chsu****",
    "review": "미국식 조크는 인정하지만.... 스토리가 노답",
    "rating": "8",
    "date": "15.02.25"
  },
  {
    "review_id": "9703395",
    "movie_id": "103765",
    "author": "sjrd****",
    "review": "개잼 배우마다의 캐릭터가 진짜 다다르고 통통튀어서 막장소재임에도 유쾌함",
    "rating": "10",
    "date": "15.02.16"
  },
  {
    "review_id": "9699532",
    "movie_id": "103765",
    "author": "rifo****",
    "review": ".,.,.,.,.,.,.,.,.,",
    "rating": "9",
    "date": "15.02.15"
  },
  {
    "review_id": "9682451",
    "movie_id": "103765",
    "author": "cemg****",
    "review": "오랜만에 제대로된 영화 본듯. 뒤끝없이 재미있게 봤다.",
    "rating": "10",
    "date": "15.02.09"
  },
  {
    "review_id": "9671633",
    "movie_id": "103765",
    "author": "your****",
    "review": "킬링타임용으로 제격이네요. 이런영화 오랜만이라ㅎㅎ 입가에 미소띄우며 재밌고 가볍게 보기 좋은영화..이런 영화가 오히려 마음을 정리하고 우울할때 참 좋더라구요",
    "rating": "10",
    "date": "15.02.06"
  },
  {
    "review_id": "9670039",
    "movie_id": "103765",
    "author": "kiss****",
    "review": "영화인걸 감안하고도 좀 비현실적이어서 스토리엔 집중이 안됬던... 배우 보는 맛은 있음",
    "rating": "5",
    "date": "15.02.05"
  },
  {
    "review_id": "9667879",
    "movie_id": "103765",
    "author": "suzu****",
    "review": "재밌게잘봣어용 ㅎㅎ ㅎㅎ",
    "rating": "8",
    "date": "15.02.05"
  },
  {
    "review_id": "9651314",
    "movie_id": "103765",
    "author": "lgs9****",
    "review": "많이 재미있엇어요 ㅎㅎ",
    "rating": "7",
    "date": "15.01.30"
  },
  {
    "review_id": "9650516",
    "movie_id": "103765",
    "author": "alwa****",
    "review": "재밌네요~ 지루하지 않아요",
    "rating": "10",
    "date": "15.01.30"
  },
  {
    "review_id": "9647362",
    "movie_id": "103765",
    "author": "jwka****",
    "review": "여배우들의 코믹 연기가 정말 재밌는 영화에요",
    "rating": "9",
    "date": "15.01.29"
  },
  {
    "review_id": "9636657",
    "movie_id": "103765",
    "author": "syde****",
    "review": "똥싸는 연기 하나만으로도 남자 주인공에게 아카데미상 줘야한다. 실로 대단한 연기!!!",
    "rating": "7",
    "date": "15.01.25"
  },
  {
    "review_id": "9617527",
    "movie_id": "103765",
    "author": "rlad****",
    "review": "일딴!!! 짱재밌다!!ㅋㅋㅋㅋ웃기고..공감되고 시~원~~~~한!!!영화였음!!!ㅋㅋ진짜 킬링타임용으로 딱좋음ㅋㅋ",
    "rating": "9",
    "date": "15.01.21"
  },
  {
    "review_id": "9607286",
    "movie_id": "103765",
    "author": "lke5****",
    "review": "제딸이 넘보고싶어했는데 예매를 못했었는데  덕분에  영화 보고   데이트도 잘해서  고맙습니다.",
    "rating": "10",
    "date": "15.01.18"
  },
  {
    "review_id": "9600777",
    "movie_id": "103765",
    "author": "samb****",
    "review": "친구들이랑 봤느데 여자들이 공감할만한영화인거 같아옹",
    "rating": "9",
    "date": "15.01.16"
  },
  {
    "review_id": "9598876",
    "movie_id": "103765",
    "author": "rudl****",
    "review": "못된넘과 사귀어서 상처받았던 여자들이여 보라조금은 통쾌해질수있다ㅋㅋㅋ",
    "rating": "8",
    "date": "15.01.15"
  },
  {
    "review_id": "9590195",
    "movie_id": "103765",
    "author": "cthb****",
    "review": "로맨틱하면서도 웃을수있는 영화다",
    "rating": "8",
    "date": "15.01.13"
  },
  {
    "review_id": "9587962",
    "movie_id": "103765",
    "author": "syki****",
    "review": "just cheers 통쾌하당",
    "rating": "6",
    "date": "15.01.12"
  },
  {
    "review_id": "9583367",
    "movie_id": "103765",
    "author": "twa0****",
    "review": "민폐캐릭터라기엔 공감이되더라구요ㅋ연기도 잘했구요.단순하지만 시원시원해서 볼만했어요!",
    "rating": "8",
    "date": "15.01.11"
  },
  {
    "review_id": "9573103",
    "movie_id": "103765",
    "author": "cois****",
    "review": "재밌네요 예쁘고잘생긴사람나와서좋고 영화색감이랑 패션그리고 스토리도 굿ㅋㅋㅋ",
    "rating": "10",
    "date": "15.01.08"
  },
  {
    "review_id": "9570111",
    "movie_id": "103765",
    "author": "come****",
    "review": "가볍게 볼만한 정도의 영화",
    "rating": "7",
    "date": "15.01.07"
  },
  {
    "review_id": "9563944",
    "movie_id": "103765",
    "author": "csi8****",
    "review": "킬링 타임용이래서 봤는데 보는내내 빵터지는데 ? 최고의 영화였다 잼잼 !",
    "rating": "10",
    "date": "15.01.05"
  },
  {
    "review_id": "9560129",
    "movie_id": "103765",
    "author": "pjh4****",
    "review": "별 1 개도 너무 아까운 영화, 여자들끼리 뭉쳐서 남자에게 복수한다는 내용인데 삼류 저질이라고 생각합니다. 기분 나빠지는 영화에요. 나홀로 집에 보면서 좋아했던 90 년대에나 웃고 즐겼을만한 스토리",
    "rating": "1",
    "date": "15.01.04"
  },
  {
    "review_id": "9555184",
    "movie_id": "103765",
    "author": "rla8****",
    "review": "무난한 미국식 코미디 영화. 재밌네요. 갠적으로 와이프같은 성격 싫어해서 초반엔 좀 짜증났음ㅡㅡㅋ 시끄럽고 든거없고 민폐덩어리인",
    "rating": "8",
    "date": "15.01.03"
  },
  {
    "review_id": "9552811",
    "movie_id": "103765",
    "author": "uiec****",
    "review": "여자들의우정나쁜남자귀여운여자능력있는여자몸매가좋은여자문난하게볼수있는영화입니다나쁜남편을 통해좋은친구들과의만남을 가진여자 그사이에우정을 배우고 사랑을 찾고경제적능력을 갖추게되는 여자들권선징악을 보여주는영화 집에서 보기 좋은영화 입니다",
    "rating": "8",
    "date": "15.01.02"
  },
  {
    "review_id": "9550303",
    "movie_id": "103765",
    "author": "real****",
    "review": "후반부는 지루하고 결말이 약간 아쉬웠지만 나름 재밌게 봤음ㅋ 케이트 보면 드라마 '마마' 서지은이 자꾸 떠올라 바보같고 귀여움ㅋㅋㅋ 암튼 참 신기한 우정이었다",
    "rating": "8",
    "date": "15.01.02"
  },
  {
    "review_id": "9549744",
    "movie_id": "103765",
    "author": "sin0****",
    "review": "영화소재도신선하니괜찮고 음악선택도 신선해서 너무좋았다 주인공이 너무귀여워 계속웃은듯ㅋㅋㅋ킬링타임으로도괜찮고 우정타입으로도 좋은영화!! 추천",
    "rating": "10",
    "date": "15.01.02"
  },
  {
    "review_id": "9540967",
    "movie_id": "103765",
    "author": "joom****",
    "review": "이 영화에서 가장 성공한 사람은 할배닷!",
    "rating": "7",
    "date": "14.12.31"
  },
  {
    "review_id": "9537031",
    "movie_id": "103765",
    "author": "gody****",
    "review": "가볍게 보기에 충분히 좋은 영화!!! 생각보다 훨씬 재밌었음!!",
    "rating": "10",
    "date": "14.12.30"
  },
  {
    "review_id": "9532907",
    "movie_id": "103765",
    "author": "a123****",
    "review": "미국식코미디 집에서보기엔볼만함와이프때문에답답하기는했음",
    "rating": "7",
    "date": "14.12.29"
  },
  {
    "review_id": "9528000",
    "movie_id": "103765",
    "author": "leej****",
    "review": "진짜 통쾌하네.아 근데 맨 마지막 자막 말이야 그거 실화를 나타내는거 아니겠지???세상에 그게 실화라면 안 도무지 그 마크의 아내를 이해할수가 없어,물고 뜯어도 모자랄판에 어떻게 친구가 될생각을 했을까?",
    "rating": "10",
    "date": "14.12.28"
  },
  {
    "review_id": "9526265",
    "movie_id": "103765",
    "author": "whdg****",
    "review": "안보면 후회 오랜만에 영화다운 영화 봤네",
    "rating": "10",
    "date": "14.12.27"
  },
  {
    "review_id": "9514551",
    "movie_id": "103765",
    "author": "han3****",
    "review": "바람핀 남자를 복수하는 여자셋의 뻔한 코믹 복수극 ㅋ",
    "rating": "7",
    "date": "14.12.25"
  },
  {
    "review_id": "9513286",
    "movie_id": "103765",
    "author": "imil****",
    "review": "[171번째 후기] 영화야 전형적인 뻔한 영화지만 케이트 아줌마는 정말 사랑스럽다.",
    "rating": "6",
    "date": "14.12.25"
  },
  {
    "review_id": "9511812",
    "movie_id": "103765",
    "author": "iaml****",
    "review": "잼있음 오랜만에 영화고ㅓㄴ애서 큰소리내면서 윳고오ㅓㅅ더ㅏ",
    "rating": "10",
    "date": "14.12.25"
  },
  {
    "review_id": "9511113",
    "movie_id": "103765",
    "author": "fpql****",
    "review": "강약조절을 잘 못한 듯. 그리고 계속 나오는 특정 나라들에 대한 얘기가 조크로만 받아들여지지 않아 기분 나쁘기도 했고. 딱 6점짜리",
    "rating": "6",
    "date": "14.12.25"
  },
  {
    "review_id": "9501382",
    "movie_id": "103765",
    "author": "zion****",
    "review": "킬링타임용으로 가볍게 볼수 있는 영화네요 제 취향은 아니에요~",
    "rating": "7",
    "date": "14.12.22"
  },
  {
    "review_id": "9493035",
    "movie_id": "103765",
    "author": "sinc****",
    "review": "재밋지만 예상할수잇을 정도의 스토리",
    "rating": "9",
    "date": "14.12.20"
  },
  {
    "review_id": "9492410",
    "movie_id": "103765",
    "author": "harr****",
    "review": "킬링타임용으로 정말 좋은 영화고 많은 생각을 했네요",
    "rating": "8",
    "date": "14.12.20"
  },
  {
    "review_id": "9491125",
    "movie_id": "103765",
    "author": "xx41****",
    "review": "재미있네결말속시원하네",
    "rating": "9",
    "date": "14.12.20"
  },
  {
    "review_id": "9476886",
    "movie_id": "103765",
    "author": "chek****",
    "review": "그냥저냥 킬링타임. 연기력은 업튼 빼고 갑",
    "rating": "7",
    "date": "14.12.15"
  },
  {
    "review_id": "9472037",
    "movie_id": "103765",
    "author": "jung****",
    "review": "내평점 흔히 볼 수 없는 얘기기 때문에 더 극적이고 세여자의 우정이 감동으로 다가왔다. 자기일처럼 진심으로 서로를 위해주는 모습이 찡하고 모두 잘돼서 다행이다",
    "rating": "10",
    "date": "14.12.14"
  },
  {
    "review_id": "9462504",
    "movie_id": "103765",
    "author": "jkln****",
    "review": "인터스텔라에묻혀서그렇지 진짜연기잘하고빵빵터졌음ㅋㅋㅋ",
    "rating": "9",
    "date": "14.12.10"
  },
  {
    "review_id": "9462409",
    "movie_id": "103765",
    "author": "inst****",
    "review": "우리나라 정서와 문화가 달라 이해하긴 힘들지만 그런대로 유쾌하고 소소한 웃음을 주는 영화인듯..",
    "rating": "6",
    "date": "14.12.10"
  },
  {
    "review_id": "9454220",
    "movie_id": "103765",
    "author": "rami****",
    "review": "어떻게 바람난 남자의 부인, 여친들끼리 친구가 될수 있지.. ? 라고 계속 생각하게 되면서도 각자 매력이 살아있고 유쾌해서 재밌게 보게됨",
    "rating": "8",
    "date": "14.12.07"
  },
  {
    "review_id": "9451987",
    "movie_id": "103765",
    "author": "lssj****",
    "review": "케이티업톤은 그냥 가슴만 볼만하다. 슴가배우는 연기를 못하는게 정석! 가볍게 웃고 즐길수있는 영화. 심심할때 팝콘먹으며 봐도 아깝지않다고 생각함",
    "rating": "7",
    "date": "14.12.06"
  },
  {
    "review_id": "9451324",
    "movie_id": "103765",
    "author": "syan****",
    "review": "아무생각없이 그냥 잼있게 봤네요..뉴욕이 나와서 더반가웠음..",
    "rating": "10",
    "date": "14.12.06"
  },
  {
    "review_id": "9450422",
    "movie_id": "103765",
    "author": "polo****",
    "review": "정말멋지게사는거같아서부러운영화",
    "rating": "10",
    "date": "14.12.05"
  },
  {
    "review_id": "9447809",
    "movie_id": "103765",
    "author": "ckse****",
    "review": "킬링타임용 웃고싶은분들께추천~ 가만히생각해보면 내용은 완전막장임ㅎㅎ",
    "rating": "8",
    "date": "14.12.04"
  },
  {
    "review_id": "9439422",
    "movie_id": "103765",
    "author": "past****",
    "review": "즐겁게 볼수있는 영화, 실컷 웃으면서 봤어요",
    "rating": "8",
    "date": "14.12.01"
  },
  {
    "review_id": "9438938",
    "movie_id": "103765",
    "author": "hyja****",
    "review": "재밌었어요!!  굳굳♥한국에서는 인기를 못끌어서 안타깝네요다시한번보고싶은영화!",
    "rating": "10",
    "date": "14.12.01"
  },
  {
    "review_id": "9438881",
    "movie_id": "103765",
    "author": "hot_****",
    "review": "뻔한스토리여서 재미가없었다",
    "rating": "5",
    "date": "14.12.01"
  },
  {
    "review_id": "9436669",
    "movie_id": "103765",
    "author": "whia****",
    "review": "처음부터 끝까지 특히 새엄마가 되는 엔딩은 황당하지만 레슬리만이 이 영화를 살렸다. 이토록 귀여운 여인이었던가~ 슈렉의 차밍왕자와 얼굴이 싱크로율 100%인 남편이 너무 띠벙해서 복수를 해도 그다지 통쾌하지 않은게 흠",
    "rating": "6",
    "date": "14.11.30"
  },
  {
    "review_id": "9436122",
    "movie_id": "103765",
    "author": "earp****",
    "review": "레슬리만이 살렸다. 레슬리만 없으면 5점도 못넘겼음",
    "rating": "8",
    "date": "14.11.30"
  },
  {
    "review_id": "9432670",
    "movie_id": "103765",
    "author": "hhb4****",
    "review": "예교편을 보고 기대했지만 별로 였다",
    "rating": "7",
    "date": "14.11.29"
  },
  {
    "review_id": "9432321",
    "movie_id": "103765",
    "author": "qkdr****",
    "review": "재미는있는데  말이안됨  그리고 남자가 진짜대박ㅋ",
    "rating": "8",
    "date": "14.11.29"
  },
  {
    "review_id": "9431232",
    "movie_id": "103765",
    "author": "jgb4****",
    "review": "웃기긴 진짜 웃겼어요ㅋㅋㅋㅋ 하지만 역시 가볍게 볼만한 영화.어떤분들은 영화관에서 보기엔 아까우실 수 도 있겠어요.",
    "rating": "8",
    "date": "14.11.29"
  },
  {
    "review_id": "9425873",
    "movie_id": "103765",
    "author": "eden****",
    "review": "꿀잼개잼 졸라매력넘침ㅋㅋ여자가 보기 좋은 영화인듯",
    "rating": "10",
    "date": "14.11.27"
  },
  {
    "review_id": "9425018",
    "movie_id": "103765",
    "author": "lms9****",
    "review": "전 편에 내용을 모라도 볼 만한 영화 였습니다.",
    "rating": "6",
    "date": "14.11.27"
  },
  {
    "review_id": "9423620",
    "movie_id": "103765",
    "author": "jyjd****",
    "review": "진짜 재밋고 웃김내용도 알차고 깔끔하고 호쾌합니다보고나면 속이 후련해짐",
    "rating": "10",
    "date": "14.11.26"
  },
  {
    "review_id": "9423463",
    "movie_id": "103765",
    "author": "hope****",
    "review": "평범한 영화...^^;;; 광고보단 재밌지 않더라",
    "rating": "6",
    "date": "14.11.26"
  },
  {
    "review_id": "9422437",
    "movie_id": "103765",
    "author": "hide****",
    "review": "딱 그냥 킬링타임용이네요",
    "rating": "5",
    "date": "14.11.26"
  },
  {
    "review_id": "9422214",
    "movie_id": "103765",
    "author": "cl06****",
    "review": "재미쪄요진짜재밌어요",
    "rating": "10",
    "date": "14.11.25"
  },
  {
    "review_id": "9421401",
    "movie_id": "103765",
    "author": "gywj****",
    "review": "재밋고유쾌하다!!!!",
    "rating": "7",
    "date": "14.11.25"
  },
  {
    "review_id": "9420635",
    "movie_id": "103765",
    "author": "wolf****",
    "review": "회사직원들과 웃으면서 봤네요~ 딱 거기까지~",
    "rating": "5",
    "date": "14.11.25"
  },
  {
    "review_id": "9420093",
    "movie_id": "103765",
    "author": "jyy6****",
    "review": "완전 웃기고 재미있어요",
    "rating": "10",
    "date": "14.11.25"
  },
  {
    "review_id": "9419785",
    "movie_id": "103765",
    "author": "ahn4****",
    "review": "어떻게 부인이라는 사람잌ㅋㅋㅋㅋ",
    "rating": "8",
    "date": "14.11.24"
  },
  {
    "review_id": "9419233",
    "movie_id": "103765",
    "author": "king****",
    "review": "나름 킬링타임용 볼만하네요ㅋ",
    "rating": "5",
    "date": "14.11.24"
  },
  {
    "review_id": "9418747",
    "movie_id": "103765",
    "author": "toon****",
    "review": "여자친구들끼리 우르르 다 같이 보면 좋을 영화심각한 영화들에 지쳤다면 가볍게 보기 좋은 팝콘 영화",
    "rating": "6",
    "date": "14.11.24"
  },
  {
    "review_id": "9418648",
    "movie_id": "103765",
    "author": "ghtk****",
    "review": "우리와 정서가 맞지 않는 부분이 있어서 시원하게 웃고 왔다. 고 할 수는 없지만 그래도 볼 만했다",
    "rating": "8",
    "date": "14.11.24"
  },
  {
    "review_id": "9415600",
    "movie_id": "103765",
    "author": "hair****",
    "review": "지루하고 또 지루했다. 시간 아까워",
    "rating": "3",
    "date": "14.11.23"
  },
  {
    "review_id": "9415482",
    "movie_id": "103765",
    "author": "kane****",
    "review": "개힐링됨 개인적으로는 개이득영화",
    "rating": "10",
    "date": "14.11.23"
  },
  {
    "review_id": "9414356",
    "movie_id": "103765",
    "author": "nbab****",
    "review": "외국이니까 가능한 이야기???하지만 30년후엔 우리도 가능할지 모르는 이야기",
    "rating": "6",
    "date": "14.11.23"
  },
  {
    "review_id": "9413278",
    "movie_id": "103765",
    "author": "nodo****",
    "review": "그럭저럭 킬링타임용 정도",
    "rating": "6",
    "date": "14.11.23"
  }
]