[
  {
    "review_id": "9919271",
    "movie_id": "103731",
    "author": "lsys****",
    "review": "이러면 안되죠....",
    "rating": "1",
    "date": "15.05.15"
  },
  {
    "review_id": "9810625",
    "movie_id": "103731",
    "author": "kysp****",
    "review": "....확 짜증나려고 그러네!",
    "rating": "1",
    "date": "15.03.28"
  },
  {
    "review_id": "9796250",
    "movie_id": "103731",
    "author": "lnfi****",
    "review": "제작비가 궁금한 영화ㅋㅋㅋㅋ",
    "rating": "1",
    "date": "15.03.21"
  },
  {
    "review_id": "9752626",
    "movie_id": "103731",
    "author": "812d****",
    "review": "우리한번 만점만듭시다",
    "rating": "10",
    "date": "15.03.02"
  },
  {
    "review_id": "9736766",
    "movie_id": "103731",
    "author": "chan****",
    "review": "엄마 나 뭘본거야;; 도저히 모르겠네",
    "rating": "1",
    "date": "15.02.25"
  },
  {
    "review_id": "9713897",
    "movie_id": "103731",
    "author": "hdwb****",
    "review": "안 보는 게 정신 건강에 좋은 영화",
    "rating": "1",
    "date": "15.02.19"
  },
  {
    "review_id": "9684976",
    "movie_id": "103731",
    "author": "2328****",
    "review": "그냥본다그냥보고있다 시끄럽고번쩍거려눈아프고 왜?평점1점을 줬는가 이해가간다",
    "rating": "7",
    "date": "15.02.10"
  },
  {
    "review_id": "9670899",
    "movie_id": "103731",
    "author": "aksl****",
    "review": "최악에 영화..80년대에만들었으면 대작이될뻔한영화...",
    "rating": "1",
    "date": "15.02.05"
  },
  {
    "review_id": "9669480",
    "movie_id": "103731",
    "author": "aggr****",
    "review": "에휴....휴~~~",
    "rating": "1",
    "date": "15.02.05"
  },
  {
    "review_id": "9408305",
    "movie_id": "103731",
    "author": "abab****",
    "review": "어우;;; CG만 보면 무슨 옛날꺼같음",
    "rating": "1",
    "date": "14.11.21"
  },
  {
    "review_id": "9406311",
    "movie_id": "103731",
    "author": "dbst****",
    "review": "와 진짜 이런 쓰레기 영화 아이폰 효과로 만든것도아니고 왜이래 집에서 돈주고 다운받았는데 토나온다...진짜 격멸함ㅜㅠ 너무하네..저예산영화 다들 보지 맙시다 ㅠㅠ 저로 마지막이길 ㅠㅠ",
    "rating": "1",
    "date": "14.11.21"
  },
  {
    "review_id": "9402458",
    "movie_id": "103731",
    "author": "uncl****",
    "review": "나만당할순없지 낄낄낄",
    "rating": "10",
    "date": "14.11.20"
  },
  {
    "review_id": "9395822",
    "movie_id": "103731",
    "author": "dmlg****",
    "review": "그냥..그저..잘 모르겠다",
    "rating": "10",
    "date": "14.11.17"
  },
  {
    "review_id": "9381028",
    "movie_id": "103731",
    "author": "534k****",
    "review": "이제 이런것좀 그만 만들지",
    "rating": "5",
    "date": "14.11.13"
  }
]