[
  {
    "review_id": "10275273",
    "movie_id": "103719",
    "author": "odic****",
    "review": "케이타 : 아빠는 아빠가 아냐!",
    "rating": "10",
    "date": "15.08.26"
  },
  {
    "review_id": "10269173",
    "movie_id": "103719",
    "author": "eorn****",
    "review": "너무 마음 아픈 영화./_/_",
    "rating": "9",
    "date": "15.08.23"
  },
  {
    "review_id": "10226234",
    "movie_id": "103719",
    "author": "tpfl****",
    "review": "케이타가 어쩜 그리 연기를 잘하던지...여운이 오래남는  영화",
    "rating": "10",
    "date": "15.08.14"
  },
  {
    "review_id": "10171020",
    "movie_id": "103719",
    "author": "dksa****",
    "review": "평소 당연하다 여겨 생각하지도 않던 그런것을 다시한번  생각해보게 하는 영화",
    "rating": "8",
    "date": "15.08.01"
  },
  {
    "review_id": "10161358",
    "movie_id": "103719",
    "author": "jsga****",
    "review": "일본 제발 망해라 제발!!",
    "rating": "1",
    "date": "15.07.30"
  },
  {
    "review_id": "10155804",
    "movie_id": "103719",
    "author": "kimg****",
    "review": "솔직하게 말하면 아직까진 일본에 절제된 감정연기가 익숙친 않지만 아름다웠다",
    "rating": "10",
    "date": "15.07.29"
  },
  {
    "review_id": "10126957",
    "movie_id": "103719",
    "author": "jinj****",
    "review": "내 안에 있던 감정을 나도 모르게 건드린 영화. 한마디로 표현하자면 이건 나의 인생영화다.",
    "rating": "10",
    "date": "15.07.22"
  },
  {
    "review_id": "10126467",
    "movie_id": "103719",
    "author": "susu****",
    "review": "가슴이 따뜻해졌습니다. 감사합니다",
    "rating": "10",
    "date": "15.07.21"
  },
  {
    "review_id": "10125664",
    "movie_id": "103719",
    "author": "jenn****",
    "review": "이렇게 오래 가슴아픈데 감동스럽기는 첨!",
    "rating": "10",
    "date": "15.07.21"
  },
  {
    "review_id": "10115677",
    "movie_id": "103719",
    "author": "cklk****",
    "review": "감정선을 극대화 시키려고 하지 않아 다소 밋밋할 수도 있지만 그 덕에 더 잔잔하고 거부감 없었던 영화인 것같다. 두번쯤 봐야 더 진한 감동을 느끼지 않을까.",
    "rating": "9",
    "date": "15.07.18"
  },
  {
    "review_id": "10105007",
    "movie_id": "103719",
    "author": "edit****",
    "review": "한국인과 일본인의 성격차이를 격하게 느낄 수있는 영화였다. 슬프자면 대놓고 엄청나게 슬플수 있는 양화였는데 처음부터 끝까지 과잉된 감정이 아니라 잔잔하게 계속 가슴을 찌르는 영화였다",
    "rating": "9",
    "date": "15.07.14"
  },
  {
    "review_id": "10102554",
    "movie_id": "103719",
    "author": "bbai****",
    "review": "상영시간이 길었음에도 불구하고 전혀 지루함이 없이 재미있게 잘 봤습니다!",
    "rating": "9",
    "date": "15.07.13"
  },
  {
    "review_id": "10099588",
    "movie_id": "103719",
    "author": "dell****",
    "review": "너무나 당연했던 아버지, 그 존재를 다시금 생각하게 한 영화.",
    "rating": "10",
    "date": "15.07.13"
  },
  {
    "review_id": "10097213",
    "movie_id": "103719",
    "author": "melo****",
    "review": "그렇게 아버지가 된다.",
    "rating": "10",
    "date": "15.07.12"
  },
  {
    "review_id": "10093051",
    "movie_id": "103719",
    "author": "hiux****",
    "review": "감동적이네요....",
    "rating": "10",
    "date": "15.07.11"
  },
  {
    "review_id": "10086508",
    "movie_id": "103719",
    "author": "vkfs****",
    "review": "우리 모두 그렇게 아버지가 된다.",
    "rating": "9",
    "date": "15.07.10"
  },
  {
    "review_id": "10080498",
    "movie_id": "103719",
    "author": "mso_****",
    "review": "그렇게 성장한다. 아이도, 아버지도",
    "rating": "8",
    "date": "15.07.08"
  },
  {
    "review_id": "10077417",
    "movie_id": "103719",
    "author": "alsd****",
    "review": "영화를 보고 잘울지않던 내가 울었던 최고 영화.",
    "rating": "10",
    "date": "15.07.07"
  },
  {
    "review_id": "10077416",
    "movie_id": "103719",
    "author": "howb****",
    "review": "처음보다는 조금 덜 울었지만... 여전히 울림이 큰 영화",
    "rating": "9",
    "date": "15.07.07"
  },
  {
    "review_id": "10076554",
    "movie_id": "103719",
    "author": "merc****",
    "review": "소리내어 우는 장면은 없었지만 숨죽여 흐느끼는 모습들이 마음에 들어앉게된다. 부모 역시 만들어지는 존재라는 걸, 좋은부모가 되기란 정말 어려운 일이라는 것을 다시금 느끼게하는 영화",
    "rating": "9",
    "date": "15.07.06"
  },
  {
    "review_id": "10074117",
    "movie_id": "103719",
    "author": "redv****",
    "review": "찬 공기가 따뜻해졌다가 다시 차가워진다",
    "rating": "10",
    "date": "15.07.05"
  },
  {
    "review_id": "10073999",
    "movie_id": "103719",
    "author": "1tjw****",
    "review": "되게 집중해서 봤다  군더더기없는 연출이었다",
    "rating": "9",
    "date": "15.07.05"
  },
  {
    "review_id": "10073938",
    "movie_id": "103719",
    "author": "then****",
    "review": "인간관계에서 소통에서 진정 중요한 게 뭔지를 짠하게 느끼게 하는 영화. 아역 배우의 내면 연기 감동. 일품",
    "rating": "9",
    "date": "15.07.05"
  },
  {
    "review_id": "10067252",
    "movie_id": "103719",
    "author": "2isa****",
    "review": "아 진짜 뭐라고 해야 할지 모르겠다.",
    "rating": "10",
    "date": "15.07.04"
  },
  {
    "review_id": "10059607",
    "movie_id": "103719",
    "author": "kyeo****",
    "review": "올해 아이를 낳고 젖몸살에 도저히 잠을 잘 수가 없어 한밤중에 일어나 오랜만에 다시 본 영화. 처음 볼 땐 아가씨였는데, 나도 이제 엄마가 되어가고 있다. 젖몸살에 자꾸 열이 나고 아파서 옷도 제대로 입지 못한다. 엄마가 된다는건 뭘까, 생각했다.",
    "rating": "10",
    "date": "15.07.02"
  },
  {
    "review_id": "10055886",
    "movie_id": "103719",
    "author": "cute****",
    "review": "마지막부분에 정말 펑펑울었엉 ㅠㅠㅠ",
    "rating": "10",
    "date": "15.06.30"
  },
  {
    "review_id": "10054893",
    "movie_id": "103719",
    "author": "mida****",
    "review": "이름도 모르지만 앞으로도 기억 못하겠지만, 이감독 영화 정말 좋다.. (오래전에)",
    "rating": "9",
    "date": "15.06.30"
  },
  {
    "review_id": "10052554",
    "movie_id": "103719",
    "author": "papa****",
    "review": "군입대 하루전 본영화아버지의 성장을 보며나또한 성장할거라고 굳게믿어본다.",
    "rating": "8",
    "date": "15.06.29"
  },
  {
    "review_id": "10051914",
    "movie_id": "103719",
    "author": "kj75****",
    "review": "아들 키우는 아버지로서 너무나도 가슴에 와닿았다. 케이타에게 너무 고마웠다. 내가 아버지임을 알게 해줘서..",
    "rating": "10",
    "date": "15.06.29"
  },
  {
    "review_id": "10050119",
    "movie_id": "103719",
    "author": "kims****",
    "review": "진짜 인생 영화..억지로 짜내는 감동이 아닌 잔잔한 감동에 맺히는 눈물",
    "rating": "9",
    "date": "15.06.29"
  },
  {
    "review_id": "10050085",
    "movie_id": "103719",
    "author": "opqr****",
    "review": "영화를 보며 나도 바로 옆에 앉아있는것같이 몰입되었고 전해지는 이 느낌은 뭐랄까.. 영화를 본것같지않고 마치 글을 읽어내려가며 느낀듯한 섬세한감동이었습니다...",
    "rating": "10",
    "date": "15.06.29"
  },
  {
    "review_id": "10050020",
    "movie_id": "103719",
    "author": "gusw****",
    "review": "나도 모르게 눈물이 흘렀다",
    "rating": "9",
    "date": "15.06.28"
  },
  {
    "review_id": "10048186",
    "movie_id": "103719",
    "author": "uand****",
    "review": "소재는 다이나믹한데 신파로 가지않고 잔잔하게 재밌고여운을 주는영화.. 전기상회 아빠의 개그땜에 많이 웃었네요 목욕하다 얼굴에 물뱉고, 아무것도 줄게없으면 칭찬하지말걸 그랬다고ㅋㅋ 연기 너무 잘하심! 오래 기억에 남을 것 같아요^^ 웃다가 울다가",
    "rating": "10",
    "date": "15.06.28"
  },
  {
    "review_id": "10046240",
    "movie_id": "103719",
    "author": "kiss****",
    "review": "일본 특유의 감수성 있는 연출이 잘 보이는 영화이다..감동적이고..아버지가 될 사람들에게 추천하고 싶은 영화!!",
    "rating": "10",
    "date": "15.06.28"
  },
  {
    "review_id": "10031499",
    "movie_id": "103719",
    "author": "goek****",
    "review": "아이들의 순수함과 어른들의 고뇌",
    "rating": "9",
    "date": "15.06.25"
  },
  {
    "review_id": "10022864",
    "movie_id": "103719",
    "author": "lpsy****",
    "review": "잔잔한 감동과 잔잔한 슬픔, 깨달음을 주는 좋은 영화",
    "rating": "10",
    "date": "15.06.22"
  },
  {
    "review_id": "10020867",
    "movie_id": "103719",
    "author": "gusd****",
    "review": "마지막 사진기볼때 눈물나네",
    "rating": "10",
    "date": "15.06.22"
  },
  {
    "review_id": "10020242",
    "movie_id": "103719",
    "author": "dcap****",
    "review": "자전거 배우기 , 연날리기,불꽃놀이,,,그렇게 함께하는 기억들",
    "rating": "10",
    "date": "15.06.21"
  },
  {
    "review_id": "10016340",
    "movie_id": "103719",
    "author": "park****",
    "review": "어떤 아버지가 되어야 할 것인가에 대한 생각 거리를 던져 주는 게 좋았다.",
    "rating": "7",
    "date": "15.06.20"
  },
  {
    "review_id": "10013174",
    "movie_id": "103719",
    "author": "shwo****",
    "review": "얼마나 가슴이 아플까...이 영화는 봐야한다 최고다",
    "rating": "10",
    "date": "15.06.19"
  },
  {
    "review_id": "10006641",
    "movie_id": "103719",
    "author": "yea4****",
    "review": "잔잔하고 잔잔하고 잔잔하다",
    "rating": "6",
    "date": "15.06.17"
  },
  {
    "review_id": "10005988",
    "movie_id": "103719",
    "author": "3216****",
    "review": "오랫만에 좋은영화건졌다^.^",
    "rating": "10",
    "date": "15.06.17"
  },
  {
    "review_id": "10005607",
    "movie_id": "103719",
    "author": "rose****",
    "review": "남자어른의 성장 드라마. 담담하게 따뜻하고 차분하게 격렬하다.",
    "rating": "9",
    "date": "15.06.17"
  },
  {
    "review_id": "10003130",
    "movie_id": "103719",
    "author": "hyes****",
    "review": "감성팔이가 아닐까 걱정했는데 역시 평이 틀리지 않네요 정말 수작입니다",
    "rating": "10",
    "date": "15.06.15"
  },
  {
    "review_id": "10002776",
    "movie_id": "103719",
    "author": "gmlo****",
    "review": "잔잔한감동 진쨔좋다 가슴먹먹해지는영화",
    "rating": "10",
    "date": "15.06.15"
  },
  {
    "review_id": "10001505",
    "movie_id": "103719",
    "author": "kmog****",
    "review": "신파적 소재에서 어찌 신파적 장면을 한군데도 찾아볼 수가 없단말인가... 주차장 버드아이 컷은 정말 엄청난 연출이었다",
    "rating": "10",
    "date": "15.06.15"
  },
  {
    "review_id": "10000580",
    "movie_id": "103719",
    "author": "bpmj****",
    "review": "가족..이란 무엇인가에 대해 생각하게 되는.. 의미있는 영화",
    "rating": "10",
    "date": "15.06.14"
  },
  {
    "review_id": "9999938",
    "movie_id": "103719",
    "author": "0bli****",
    "review": "병원 원장 캐릭터가 조금 아쉬웠다. 가족이라는 의미와 엄마와 아빠, 그리고 부모와  부성애라는 단어에 대해서 깊게 생각하게한다.  아이들의 순수한 행동에 대한 귀여운 재미요소가 있다.  군데군데 복선도 눈에 띈다. 많은걸 생각하게하는영화다.",
    "rating": "9",
    "date": "15.06.14"
  },
  {
    "review_id": "9998813",
    "movie_id": "103719",
    "author": "whit****",
    "review": "마음이 짠함...아버지는 누구도 대신할수없다는말이 계속 머리속에 매도네요.",
    "rating": "10",
    "date": "15.06.14"
  },
  {
    "review_id": "9998325",
    "movie_id": "103719",
    "author": "ssss****",
    "review": "아직 부모가 되어 보진 않았지만 영화와 같은 상황에 놓이게 된다면 난어떤 선택을 하게될까",
    "rating": "10",
    "date": "15.06.14"
  },
  {
    "review_id": "9988864",
    "movie_id": "103719",
    "author": "nesp****",
    "review": "더 할 나위없다....",
    "rating": "10",
    "date": "15.06.11"
  },
  {
    "review_id": "9988324",
    "movie_id": "103719",
    "author": "sama****",
    "review": "마음이 쓰리면서도...안타까운.",
    "rating": "9",
    "date": "15.06.10"
  },
  {
    "review_id": "9986581",
    "movie_id": "103719",
    "author": "almo****",
    "review": "안그래도 심란한데 간호사가 영화를 한 번 뒤집네 영화 속 아빠에게 빠져드는 영화",
    "rating": "9",
    "date": "15.06.09"
  },
  {
    "review_id": "9960846",
    "movie_id": "103719",
    "author": "dlql****",
    "review": "아이로 인해 어른이 성장하는 아이러니의 아름다움",
    "rating": "10",
    "date": "15.05.30"
  },
  {
    "review_id": "9959436",
    "movie_id": "103719",
    "author": "dbfl****",
    "review": "아이들과 함께 보내는 시간이 중요하다라..근데 돈 없으면 해줄 수  있는게 아무것도 없다~",
    "rating": "8",
    "date": "15.05.29"
  },
  {
    "review_id": "9938396",
    "movie_id": "103719",
    "author": "lyk0****",
    "review": "잔잔하면서도 흡입력있는 영화. 핏줄&기른정에 대한 고찰, 한 인간을 둘러싼 사람들과 가정환경, 부모 시점에서 느껴지는 애틋함 등이 드러난다. 나중에 나의 아이가 6살 쯤 됐을때 다시 본다면 더 많은 걸 느낄 것 같다.",
    "rating": "8",
    "date": "15.05.22"
  },
  {
    "review_id": "9933397",
    "movie_id": "103719",
    "author": "gdsk****",
    "review": "정말 추천하는 영화!!꼭 보시길",
    "rating": "9",
    "date": "15.05.20"
  },
  {
    "review_id": "9928937",
    "movie_id": "103719",
    "author": "abra****",
    "review": "보고 많이 슬펐던 영화입니다",
    "rating": "8",
    "date": "15.05.18"
  },
  {
    "review_id": "9926027",
    "movie_id": "103719",
    "author": "yang****",
    "review": "아버지가 되고 나서야 느끼는 아버지의 그림자. 그렇게, 아버지가 된다.",
    "rating": "10",
    "date": "15.05.17"
  },
  {
    "review_id": "9924625",
    "movie_id": "103719",
    "author": "eiri****",
    "review": "영화제, 일반개봉, TV방영까지 총 3번을 봤는데 볼수록 좋아지고 여운이 짙은 영화.  그리고 점점 더 저릿한 영화.  아무래도 블루레이를 사야겠다.  ㅠㅠ",
    "rating": "9",
    "date": "15.05.17"
  },
  {
    "review_id": "9918934",
    "movie_id": "103719",
    "author": "akad****",
    "review": "반드시 어버이날에 볼 것.",
    "rating": "10",
    "date": "15.05.15"
  },
  {
    "review_id": "9913663",
    "movie_id": "103719",
    "author": "y733****",
    "review": "잔잔하지만 묵직한 감동이 있는 영화..",
    "rating": "9",
    "date": "15.05.12"
  },
  {
    "review_id": "9911867",
    "movie_id": "103719",
    "author": "5212****",
    "review": "다 보고나서 아 영화 한편 진짜 잘 골랐네.. 싶었다",
    "rating": "10",
    "date": "15.05.11"
  },
  {
    "review_id": "9909980",
    "movie_id": "103719",
    "author": "bonj****",
    "review": "긴말 필요없어요. 추천합니다.",
    "rating": "10",
    "date": "15.05.10"
  },
  {
    "review_id": "9909692",
    "movie_id": "103719",
    "author": "bwey****",
    "review": "잔잔하고 섬세한 스토리 전개, 아역배우들의 놀라운 연기. 우리나라에선 결코 못 만들 것 같은 차분함",
    "rating": "9",
    "date": "15.05.10"
  },
  {
    "review_id": "9909576",
    "movie_id": "103719",
    "author": "edga****",
    "review": "일본영화나 드라마가 이래서 좋아. 자극적인 양념을 넣지 않고도 처음부터 끝까지 잔잔하고 고요히 흘러간다.",
    "rating": "10",
    "date": "15.05.10"
  },
  {
    "review_id": "9908928",
    "movie_id": "103719",
    "author": "popy****",
    "review": "놀아주는 게 그저 최고...ㅜㅠ;;;",
    "rating": "8",
    "date": "15.05.10"
  },
  {
    "review_id": "9907889",
    "movie_id": "103719",
    "author": "yoon****",
    "review": "눈물이 안나올 수 없는 영화다",
    "rating": "10",
    "date": "15.05.10"
  },
  {
    "review_id": "9907520",
    "movie_id": "103719",
    "author": "jere****",
    "review": "고맙게도 EBS채널에서 해줘서 잘 보았다. 뉴스에서 간혹 보는 사건을 몰입해서 보게 되었다. 아버지를 이해하고 자신을 돌아보고 아이를 이해하고 그렇게 아버지가 되나보다.",
    "rating": "8",
    "date": "15.05.10"
  },
  {
    "review_id": "9907517",
    "movie_id": "103719",
    "author": "chlo****",
    "review": "무관심한 아버지..진짜 아버지가 된다",
    "rating": "10",
    "date": "15.05.10"
  },
  {
    "review_id": "9907514",
    "movie_id": "103719",
    "author": "0130****",
    "review": "보면서 생각을 너무 많이 하게 해준다... 영화는 잔잔하게 이야기를 풀어가지만 보는이의 마음은 끊임없이 움직이게 하는 영화.끝에는 펑펑 울게해준 명화.",
    "rating": "10",
    "date": "15.05.10"
  },
  {
    "review_id": "9907508",
    "movie_id": "103719",
    "author": "aaa9****",
    "review": "생각 없이 보기 시작해서 많은 여운을 님긴 영화. 너무 좋다",
    "rating": "10",
    "date": "15.05.10"
  },
  {
    "review_id": "9907499",
    "movie_id": "103719",
    "author": "only****",
    "review": "ㅠㅠ 잔잔하고 생각할 수 있게 해주는 영화..",
    "rating": "10",
    "date": "15.05.10"
  },
  {
    "review_id": "9904591",
    "movie_id": "103719",
    "author": "tree****",
    "review": "예상치 못하게 펑펑 울고 나온 영화 ...ㅠㅠ",
    "rating": "10",
    "date": "15.05.08"
  },
  {
    "review_id": "9892952",
    "movie_id": "103719",
    "author": "pupp****",
    "review": "부모가 자식을 생각하는 마음... 그 마음을 언제쯤 진정으로 깨닫게 될지는 나로서는 아직 모르겠다... 하지만 '료타' 와 '미도리' 의 '케이타' 를 생각하는 마음은 영화를 통해 충분히 전해져왔다. 그들이 울 때 나도 울었다",
    "rating": "8",
    "date": "15.05.04"
  },
  {
    "review_id": "9888489",
    "movie_id": "103719",
    "author": "nala****",
    "review": "자식 키우는 부모에겐 가장 끔찍할 수 있는 설정 중 하나. 자신을  찍은 사진을 보는 장면이 인상적이다",
    "rating": "8",
    "date": "15.05.03"
  },
  {
    "review_id": "9888016",
    "movie_id": "103719",
    "author": "tmd0****",
    "review": "부모란 이유로 자식에게 모든것을 바치는 부모님의 눈물",
    "rating": "10",
    "date": "15.05.02"
  },
  {
    "review_id": "9886165",
    "movie_id": "103719",
    "author": "kyb4****",
    "review": "잔잔한지만잠이온다.",
    "rating": "7",
    "date": "15.05.02"
  },
  {
    "review_id": "9886127",
    "movie_id": "103719",
    "author": "oojj****",
    "review": "드라마 수준. 드라마 스페셜에서도 이 정도는 충분히 만든다. 아니 그 보다 더 못하다.",
    "rating": "6",
    "date": "15.05.02"
  },
  {
    "review_id": "9882626",
    "movie_id": "103719",
    "author": "amie****",
    "review": "말로 할 수 없을 정도로 가슴이 먹먹해지는 영화꼭 추천하고싶은 영화",
    "rating": "10",
    "date": "15.05.01"
  },
  {
    "review_id": "9879933",
    "movie_id": "103719",
    "author": "dkle****",
    "review": "펑펑울고 잊는게 아닌 긴 여운을 주고 곱씹게 만드는 영화입니다. 이런 영화를 만들어준 감독에게 고마울 따름이네요 ㅎㅎ",
    "rating": "10",
    "date": "15.04.30"
  },
  {
    "review_id": "9873698",
    "movie_id": "103719",
    "author": "h_ho****",
    "review": "좋은 영화 입니다.아버지가 무엇인가를 생각하게 되는 영화",
    "rating": "10",
    "date": "15.04.27"
  },
  {
    "review_id": "9863629",
    "movie_id": "103719",
    "author": "vvee****",
    "review": "Gv하고싶은 작품.10자",
    "rating": "8",
    "date": "15.04.24"
  },
  {
    "review_id": "9863476",
    "movie_id": "103719",
    "author": "lsw4****",
    "review": "내 품에서 자라났다면그건 내 전부인 아들...",
    "rating": "10",
    "date": "15.04.24"
  },
  {
    "review_id": "9862266",
    "movie_id": "103719",
    "author": "goll****",
    "review": "잘 봤습니다. 가족의 의미에 대해서 다시 한번 생각해보게 되는 그런영화였어요.",
    "rating": "10",
    "date": "15.04.24"
  },
  {
    "review_id": "9861824",
    "movie_id": "103719",
    "author": "kore****",
    "review": "그가 눈물을 흘릴 때 나도 눈물을 흘렸다.",
    "rating": "10",
    "date": "15.04.24"
  },
  {
    "review_id": "9854648",
    "movie_id": "103719",
    "author": "hgh3****",
    "review": "많은것을 느끼고 배운 영화였습니다.",
    "rating": "10",
    "date": "15.04.20"
  },
  {
    "review_id": "9854253",
    "movie_id": "103719",
    "author": "sssy****",
    "review": "지루한편인데 재밌고 감명깊게 봤음",
    "rating": "9",
    "date": "15.04.20"
  },
  {
    "review_id": "9850887",
    "movie_id": "103719",
    "author": "haeg****",
    "review": "가슴따뜻해지던 영화였다부모가 되는 법을 제대로 배우고 부모가 되어야 하지 않을까?아버지가 그리고 아들이 서로 느끼고 배우게 해주던 영화",
    "rating": "8",
    "date": "15.04.18"
  },
  {
    "review_id": "9831018",
    "movie_id": "103719",
    "author": "kim1****",
    "review": "눈물이 멈추질 않아요....",
    "rating": "10",
    "date": "15.04.06"
  },
  {
    "review_id": "9828804",
    "movie_id": "103719",
    "author": "sdan****",
    "review": "진짜 아버지가 된다는게 무엇인가를 보여주는 영화..",
    "rating": "10",
    "date": "15.04.05"
  },
  {
    "review_id": "9818563",
    "movie_id": "103719",
    "author": "syoc****",
    "review": "아빠를 넘어서서 아버지가 된다는 것은 힘든 성장의 여정",
    "rating": "8",
    "date": "15.03.31"
  },
  {
    "review_id": "9809486",
    "movie_id": "103719",
    "author": "boyc****",
    "review": "잔잔하고 먹먹하고 따뜻하다.",
    "rating": "7",
    "date": "15.03.27"
  },
  {
    "review_id": "9804214",
    "movie_id": "103719",
    "author": "5292****",
    "review": "피가 생각보다 중요하지 않구나. 성장한다는 것은 돌이킴과 실천",
    "rating": "9",
    "date": "15.03.25"
  },
  {
    "review_id": "9802752",
    "movie_id": "103719",
    "author": "ohmr****",
    "review": "미션 종료! 와 함께 그도 이제는 '진짜' 아버지가 됐다.",
    "rating": "9",
    "date": "15.03.24"
  },
  {
    "review_id": "9802744",
    "movie_id": "103719",
    "author": "ohmr****",
    "review": "오해했다. 눈물찍 콧물찍 장면이 언제나오나 은근 기대?하고 봤다. 그러나 이 영화는 한국여러영화들과는 달랐다. 나라면 어찌 했을까 계속해서 생각하게 하는영화 결정은 했지만 과연 이게 맞는걸까? 하고 또 계속해서 생각하게 했다",
    "rating": "9",
    "date": "15.03.24"
  },
  {
    "review_id": "9794797",
    "movie_id": "103719",
    "author": "wres****",
    "review": "그냥 아빠미소 절로나온다",
    "rating": "9",
    "date": "15.03.20"
  },
  {
    "review_id": "9790617",
    "movie_id": "103719",
    "author": "ses0****",
    "review": "료타를 보고 저는 적어도 부성애는 못느끼겠습니다. 류세이가 가출했을 때 료타는 류세이의 집을 찾았음에도 케이타는 쳐다보지도 않죠.. 줄곧 상처만을 주다가 마지막에 깨달음을 얻고 케이타에게 달려가는 그의 모습이 감동스럽지만은 않네요.",
    "rating": "6",
    "date": "15.03.18"
  },
  {
    "review_id": "9786861",
    "movie_id": "103719",
    "author": "sunr****",
    "review": "사건이 한 가지라서 지루할거 같았는데 잔잔하게 이야기를 잘 풀어서 재밌게 봤습니다",
    "rating": "9",
    "date": "15.03.16"
  },
  {
    "review_id": "9762451",
    "movie_id": "103719",
    "author": "bbob****",
    "review": "모두가 꼭 봤으면 좋겠다.",
    "rating": "9",
    "date": "15.03.07"
  }
]