[
  {
    "review_id": "9653313",
    "movie_id": "103711",
    "author": "mhg6****",
    "review": "가끔은 이런영화도 볼만하다.",
    "rating": "10",
    "date": "15.01.31"
  },
  {
    "review_id": "9413079",
    "movie_id": "103711",
    "author": "pjeh****",
    "review": "좋아해 를 재밌게봐서  꽃잎춤도 재밌네요",
    "rating": "8",
    "date": "14.11.23"
  },
  {
    "review_id": "9411458",
    "movie_id": "103711",
    "author": "joji****",
    "review": "수면제 영화B급 삼류영화연기도 첫장면부터 남자배우 발연기에 오락가락 정말 재미없고 느낌없는 일본영화중 최악의 영화",
    "rating": "1",
    "date": "14.11.22"
  },
  {
    "review_id": "9289301",
    "movie_id": "103711",
    "author": "wjsr****",
    "review": "쓸쓸함을 간직한채 옷깃을 여미며 겨울바다, 파도, 바람 그리고 그것들이 빗어내는 소리에 한껏 취하다보니 어느새 옷깃안쪽에서선 따스함이 깃들고 있었다",
    "rating": "8",
    "date": "14.10.13"
  },
  {
    "review_id": "9162412",
    "movie_id": "103711",
    "author": "1231****",
    "review": "보고나서 삭제를 못 했다. 분명 다음에 다시 또 보고 싶어질 테니까. 같은 감독의 '좋아해'도 무척 좋아서 DVD까지 구입했는데, 이 영화는 그 이상이다. 스피디하고 사건 위주의 전개를 좋아하는 우리나라 관객한테는 어필하지 못하겠지만, 분명 좋은 영화",
    "rating": "10",
    "date": "14.09.04"
  },
  {
    "review_id": "9048598",
    "movie_id": "103711",
    "author": "ifim****",
    "review": "바람 아늑함 치유 음악 여운",
    "rating": "10",
    "date": "14.08.08"
  },
  {
    "review_id": "8368382",
    "movie_id": "103711",
    "author": "xyan****",
    "review": "정말 일본적인 정적인 느낌이 가득한 영화로 회색빛 색상과 함께 일본의 회색적 정서가 잘 느껴졌다. 미야자키 아오이가 빛나는 가운데 네 여자들이 스스로를 그리고 주변 사람을 치유해가는 과정을 지리하게 그러나 고요하게 볼 수 있었다.",
    "rating": "7",
    "date": "14.01.11"
  },
  {
    "review_id": "8306380",
    "movie_id": "103711",
    "author": "shio****",
    "review": "아오아님 영화 인상적이였어요 ^^ 아이오님 아오이님 ㅎㅎ",
    "rating": "10",
    "date": "13.12.26"
  },
  {
    "review_id": "8257204",
    "movie_id": "103711",
    "author": "fiel****",
    "review": "힐링이 될런지는 몰라도... 사실 별로인 영화였다. 아오이를 비롯한 괜찮은 배우들로 이런 수준의 영화 밖에 안나오다니 아주 실망.",
    "rating": "4",
    "date": "13.12.20"
  },
  {
    "review_id": "8200665",
    "movie_id": "103711",
    "author": "bles****",
    "review": "바람불어 좋으련만...",
    "rating": "6",
    "date": "13.12.09"
  },
  {
    "review_id": "8188824",
    "movie_id": "103711",
    "author": "inte****",
    "review": "다큰 여자들의 죄책감 덜어내기 프로젝트 . 이유야 어떠한가. 겨울바다는 콧물, 눈물 다 빼도록 아름답다.",
    "rating": "7",
    "date": "13.12.04"
  },
  {
    "review_id": "8184925",
    "movie_id": "103711",
    "author": "xnii****",
    "review": "화려한 액션과 복잡한 반전에 물들어 버렸다면 이영화는 엄청 지루하겠지만... 개인적으로는 잔잔하고 주위의 친구를 돌아보고 깊은 생각을 하게 하는잔잔하지만 차갑고 시원한 겨울바람 같은 영화였음",
    "rating": "7",
    "date": "13.12.02"
  },
  {
    "review_id": "8179207",
    "movie_id": "103711",
    "author": "hane****",
    "review": "바람을 타고 날아다니는 것들. 우리들은 꽃잎이고 춤추며 산다.바람을 타고 날아다니는 꽃잎들.",
    "rating": "7",
    "date": "13.11.30"
  },
  {
    "review_id": "8171974",
    "movie_id": "103711",
    "author": "audr****",
    "review": "일본의 정서가 드러나는 영화 우리나라와 달라 문화차이가 느껴지는 영화. 개인적으로 지루하였다.",
    "rating": "3",
    "date": "13.11.27"
  },
  {
    "review_id": "8170990",
    "movie_id": "103711",
    "author": "phil****",
    "review": "그저 죽음처럼 창백하기만 한 겨울바다 여행..",
    "rating": "7",
    "date": "13.11.27"
  },
  {
    "review_id": "8164764",
    "movie_id": "103711",
    "author": "apre****",
    "review": "나를 알아주는 벗이 있으니 좋지 아니한가.",
    "rating": "7",
    "date": "13.11.24"
  },
  {
    "review_id": "8159755",
    "movie_id": "103711",
    "author": "whan****",
    "review": "떨어지는 꽃잎처럼 후두두둑",
    "rating": "5",
    "date": "13.11.22"
  },
  {
    "review_id": "8159642",
    "movie_id": "103711",
    "author": "jung****",
    "review": "보고나서 힐링이 되는 영화네요",
    "rating": "10",
    "date": "13.11.22"
  }
]