[
  {
    "review_id": "10226424",
    "movie_id": "103759",
    "author": "dawa****",
    "review": "조금 아쉽지만 재미있었다 !!",
    "rating": "8",
    "date": "15.08.14"
  },
  {
    "review_id": "10180832",
    "movie_id": "103759",
    "author": "oneo****",
    "review": "성시흡;정재영,한지민",
    "rating": "8",
    "date": "15.08.03"
  },
  {
    "review_id": "10167585",
    "movie_id": "103759",
    "author": "dudw****",
    "review": "한지민 예뻐~~ 연기력도 좋아 내용도 코믹하면서 나름 의미가 있었던 영화 결말도 아주좋음",
    "rating": "10",
    "date": "15.07.31"
  },
  {
    "review_id": "10158703",
    "movie_id": "103759",
    "author": "mej1****",
    "review": "한지민 매력 짱-! 이런 역할도 잘 어울리네요ㅎㅎㅎ 정재영, 한지민 믿고봤더니 영화보고나서 기분이 막 좋아졌어요!!!!개나줘버려! 고양이나줘버려!!!",
    "rating": "10",
    "date": "15.07.29"
  },
  {
    "review_id": "10145700",
    "movie_id": "103759",
    "author": "sidi****",
    "review": "예상외로 재미난 작품.음악도 좋고 여주가 귀엽다",
    "rating": "8",
    "date": "15.07.26"
  },
  {
    "review_id": "10144064",
    "movie_id": "103759",
    "author": "shdo****",
    "review": "진짜진짜 너무 감동적이고 이쁘고 그런영화다ㅠㅠ 추천추천",
    "rating": "10",
    "date": "15.07.26"
  },
  {
    "review_id": "10136924",
    "movie_id": "103759",
    "author": "shep****",
    "review": "정재영 깔끔한 역할도 어울린다 ~ 한지민 예쁘다 ~",
    "rating": "9",
    "date": "15.07.24"
  },
  {
    "review_id": "10133809",
    "movie_id": "103759",
    "author": "than****",
    "review": "아는 남자랑 별차이 없었어.",
    "rating": "1",
    "date": "15.07.23"
  },
  {
    "review_id": "10125351",
    "movie_id": "103759",
    "author": "stri****",
    "review": "캐릭터 재미있고 한지민 예쁘고 ost가 영화도 살리고 여러모로 기대 이상의 수작이다.",
    "rating": "9",
    "date": "15.07.21"
  },
  {
    "review_id": "10122572",
    "movie_id": "103759",
    "author": "youn****",
    "review": "영화가 귀엽다. 한지민 미칠 정도로 귀엽고 정재영 귀엽고 다 귀엽다",
    "rating": "10",
    "date": "15.07.20"
  },
  {
    "review_id": "10110641",
    "movie_id": "103759",
    "author": "kyh_****",
    "review": "한지민캐리에 내용도 굿 얼마안되는 내가 두번본 한국영화들중 하나",
    "rating": "10",
    "date": "15.07.16"
  },
  {
    "review_id": "10109058",
    "movie_id": "103759",
    "author": "foot****",
    "review": "2007년 스트레인저 댄 픽션을 기반으로 만든 표절영화~",
    "rating": "1",
    "date": "15.07.16"
  },
  {
    "review_id": "10041381",
    "movie_id": "103759",
    "author": "th98****",
    "review": "내 인생 최고의 영화  너무재밌다",
    "rating": "10",
    "date": "15.06.27"
  },
  {
    "review_id": "10041379",
    "movie_id": "103759",
    "author": "dbfu****",
    "review": "8점대 초반영화는아닌것같다. 크게 오는건 없지만 충분히 즐길만한 영화라고 생각한다.",
    "rating": "10",
    "date": "15.06.27"
  },
  {
    "review_id": "9983764",
    "movie_id": "103759",
    "author": "omeg****",
    "review": "ㅋㅋㅋ 정말 유쾌한 영화네요. 기대이상으로 재밌게 관람했습니다. ^^b",
    "rating": "9",
    "date": "15.06.08"
  },
  {
    "review_id": "9977850",
    "movie_id": "103759",
    "author": "klpr****",
    "review": "스토리가 너무 산으로 가다가 결국엔 기승전로맨스로..이휴.. 너무 식상하다 못해 보는 내내 별루였음..",
    "rating": "6",
    "date": "15.06.05"
  },
  {
    "review_id": "9969679",
    "movie_id": "103759",
    "author": "free****",
    "review": "참 잼있게 보긴했는데.. 한국은 그 틀을 정말 못깨는듯... 앞부분 코믹-중후반 주인공들의 눈물나는 사연-눈물바다 ->명작 ㅋㅋㅋ 아놔...",
    "rating": "7",
    "date": "15.06.02"
  },
  {
    "review_id": "9966389",
    "movie_id": "103759",
    "author": "sout****",
    "review": "우린모두 크던 작던 병을 앓고 있다. 문제는 그것을 해결하려 노력을 하냐, 그렇지 않냐가 아니라 그사람을 병자(?)로 본다는 데에 있다.마치 \"몬스터\" 같이 자기를 해칠것 같고 무슨 큰 소동을 벌일것 같다고 생각하기 때문에...서로를 이해하는 시",
    "rating": "8",
    "date": "15.05.31"
  },
  {
    "review_id": "9963787",
    "movie_id": "103759",
    "author": "dbsg****",
    "review": "너무너무사랑스러운영화!! 정재영이랑한지민둘다너무사랑스러웠어요ㅜ",
    "rating": "10",
    "date": "15.05.30"
  },
  {
    "review_id": "9933017",
    "movie_id": "103759",
    "author": "6295****",
    "review": "이영화가 7번방의선물보단 낫다",
    "rating": "10",
    "date": "15.05.20"
  },
  {
    "review_id": "9919703",
    "movie_id": "103759",
    "author": "jojo****",
    "review": "한지민이 예뻤다 플랜맨의 사연이 슬펐다 그리고 끝? 영화가 좀 밑도 끝도 없다. 결말도 부실하고 이것저것 일은 벌이고 수습은 못 하고 한국영화니까 당연한 신파로 대충 마무리...",
    "rating": "5",
    "date": "15.05.15"
  },
  {
    "review_id": "9919321",
    "movie_id": "103759",
    "author": "juwo****",
    "review": "한지민 너무 예쁘구 보는내내 재밌었어요",
    "rating": "10",
    "date": "15.05.15"
  },
  {
    "review_id": "9908757",
    "movie_id": "103759",
    "author": "seun****",
    "review": "한지민 이쁘긴 진짜이쁘네 8점 중반대이상은 받을만한 영화",
    "rating": "10",
    "date": "15.05.10"
  },
  {
    "review_id": "9907919",
    "movie_id": "103759",
    "author": "ocsv****",
    "review": "영화도 조앗구 정재영 연기두 너무 좋고 근데...한지민 왤케 이뻐 진짜ㅠㅠ 보는내내 한지민 만 보엿다는.... 와 내여신 갓지민 사랑해영♥",
    "rating": "9",
    "date": "15.05.10"
  },
  {
    "review_id": "9891099",
    "movie_id": "103759",
    "author": "xell****",
    "review": "둘다 예쁘긴한데 한지민이더이쁘드라 ㅋㅋ 자매??중엨ㅋㅋ",
    "rating": "7",
    "date": "15.05.03"
  },
  {
    "review_id": "9889030",
    "movie_id": "103759",
    "author": "sbke****",
    "review": "정말 재밋어요 ㅋㅋㅋ웃으면서 본영화입니다.",
    "rating": "10",
    "date": "15.05.03"
  },
  {
    "review_id": "9865485",
    "movie_id": "103759",
    "author": "rkdq****",
    "review": "지민님 나온 영화는 무조건 영화관에서 2번봅니다  우리 공듀님 화이팅 !",
    "rating": "10",
    "date": "15.04.25"
  },
  {
    "review_id": "9856458",
    "movie_id": "103759",
    "author": "wkdd****",
    "review": "플랜맨 내인생을 한번더 생각한 영화그리고 한지민 너무이쁘게 나온다ㅠ반했다 솔직히 와ㅠㅠㅠㅠ한지민 나온작품 다봐야겠다",
    "rating": "10",
    "date": "15.04.22"
  },
  {
    "review_id": "9851809",
    "movie_id": "103759",
    "author": "kkk2****",
    "review": "진짜 유치한 것만 없었으면 나 부류에 딱 맞았을 텐데. 공감가는 부분도 많고 연기도 좋았지만 여주님 덕분에 8점 주고 갑니다.",
    "rating": "8",
    "date": "15.04.18"
  },
  {
    "review_id": "9846709",
    "movie_id": "103759",
    "author": "ske4****",
    "review": "진짜 믿고 보는 배우란 없다란걸 또 한번 느끼게 해주는 영화다!!",
    "rating": "1",
    "date": "15.04.15"
  },
  {
    "review_id": "9833271",
    "movie_id": "103759",
    "author": "dkal****",
    "review": "생각없이 봤는데 몰입되고 재미있다!!",
    "rating": "10",
    "date": "15.04.07"
  },
  {
    "review_id": "9833264",
    "movie_id": "103759",
    "author": "tjdc****",
    "review": "확실히 사실성있고 재미 그리고 감동이 있다. 마지막 클라이막스 부분에 주인공의 과거를 알게 된 순간 플랜맨의 비정상적인 행동이 이해가 됬다. 덕분에 힐링영화를 본것같다.",
    "rating": "10",
    "date": "15.04.07"
  },
  {
    "review_id": "9828812",
    "movie_id": "103759",
    "author": "jeng****",
    "review": "후반 15분 정도 지루한거 빼고 재밌게 본 영화. 한지민의 상큼함과 정재영의 연기력이 만나 아기자기하고 옅은 웃음 짓게 만든 영화. 9점 드릴께요!!",
    "rating": "9",
    "date": "15.04.05"
  },
  {
    "review_id": "9823766",
    "movie_id": "103759",
    "author": "hhui****",
    "review": "의외의 재미요소가 아쉬운.",
    "rating": "7",
    "date": "15.04.03"
  },
  {
    "review_id": "9823618",
    "movie_id": "103759",
    "author": "m1y2****",
    "review": "스토리도 탄탄하고 웃음까지 갖췄던",
    "rating": "9",
    "date": "15.04.03"
  },
  {
    "review_id": "9822009",
    "movie_id": "103759",
    "author": "marc****",
    "review": "정재영의 연기가 좋왔다.",
    "rating": "7",
    "date": "15.04.02"
  },
  {
    "review_id": "9816527",
    "movie_id": "103759",
    "author": "shoo****",
    "review": "네이버 평점 진짜 믿을게 못되네...정재영 열연이 안타까움..한지민 귀척땜에 대사씹어먹어서 뭔소린지 못알아듣겠어요ㅠㅠ",
    "rating": "2",
    "date": "15.03.30"
  },
  {
    "review_id": "9809338",
    "movie_id": "103759",
    "author": "lmb9****",
    "review": "8점! tv로 봤는데 볼만하네요",
    "rating": "8",
    "date": "15.03.27"
  },
  {
    "review_id": "9805038",
    "movie_id": "103759",
    "author": "qwio****",
    "review": "ascacqwcasc",
    "rating": "8",
    "date": "15.03.25"
  },
  {
    "review_id": "9800432",
    "movie_id": "103759",
    "author": "lily****",
    "review": "영화도 살짝 오글거리지만 잘 만들었고 한지민은 레이첼맥아덤스 뺨치게 러블리하네;;;",
    "rating": "10",
    "date": "15.03.22"
  },
  {
    "review_id": "9790679",
    "movie_id": "103759",
    "author": "sooc****",
    "review": "정말 좋은 영화를 만났어요",
    "rating": "10",
    "date": "15.03.18"
  },
  {
    "review_id": "9788319",
    "movie_id": "103759",
    "author": "clou****",
    "review": "친구랑 보다가 마지막부분에서 서로 질질짜고난후에 서로 웃었네요 ㅋㅋ재밌게봤습니다!",
    "rating": "10",
    "date": "15.03.16"
  },
  {
    "review_id": "9788292",
    "movie_id": "103759",
    "author": "wnqh****",
    "review": "오바스럽고 말도 안 되는 설정을 말이 되게끔 한 구성. 예고편을 너무 형편없이 만들었다는 점때문에 -1점!",
    "rating": "9",
    "date": "15.03.16"
  },
  {
    "review_id": "9785120",
    "movie_id": "103759",
    "author": "abc9****",
    "review": "약간 억지스러운 부분이 있긴 했으나 시간 때우기용으로는 괜찮았다. 빵 터지거나 그런 유머는 없었다.",
    "rating": "7",
    "date": "15.03.15"
  },
  {
    "review_id": "9784577",
    "movie_id": "103759",
    "author": "fpdl****",
    "review": "너무너무 재미있다..! 벌써 3번째 보는데 하아 보면볼수록 점점 재미있어 지는듯! 정재영씨 짱짱!",
    "rating": "10",
    "date": "15.03.15"
  },
  {
    "review_id": "9782256",
    "movie_id": "103759",
    "author": "ks20****",
    "review": "정재영씨 팬이라서 보게 된건데 정말 재밌습니다.",
    "rating": "10",
    "date": "15.03.14"
  },
  {
    "review_id": "9780562",
    "movie_id": "103759",
    "author": "kxvt****",
    "review": "억지 감동, 억지 웃음, 억지 스토리.",
    "rating": "5",
    "date": "15.03.14"
  },
  {
    "review_id": "9778186",
    "movie_id": "103759",
    "author": "ryan****",
    "review": "재밌다! 근데 뭔가 부족하다 20%.",
    "rating": "7",
    "date": "15.03.13"
  },
  {
    "review_id": "9777611",
    "movie_id": "103759",
    "author": "eeun****",
    "review": "한지민씨  넘 매력적으로 끌렸어요.계속 이런 모습만 보구 싶은 내맘..^^마지막  끝은 좀 아쉬운 감이 넘 남음. 2차예선 나가서 한지민(소정역)두 복수를 했음하는 생각.좀 끝이 아쉬움이 남는 영화",
    "rating": "7",
    "date": "15.03.13"
  },
  {
    "review_id": "9777124",
    "movie_id": "103759",
    "author": "jhbu****",
    "review": "한국판 결벽증 '예스맨'",
    "rating": "7",
    "date": "15.03.13"
  },
  {
    "review_id": "9774191",
    "movie_id": "103759",
    "author": "awer****",
    "review": "케이블에서 틀다 봤는데 이게 뭥미...-_-",
    "rating": "1",
    "date": "15.03.12"
  },
  {
    "review_id": "9771550",
    "movie_id": "103759",
    "author": "hanj****",
    "review": "최악의 영화 ㅡ.ㅡㅡ.ㅡㅡ",
    "rating": "1",
    "date": "15.03.10"
  },
  {
    "review_id": "9771456",
    "movie_id": "103759",
    "author": "like****",
    "review": "영화가아닌 두시간짜리드라마를보는느낌..이었다가 마지막 정재영의연기가 특별한영화로만들었다. 킬링타임용으로보기에 나쁘지않은영화...",
    "rating": "7",
    "date": "15.03.10"
  },
  {
    "review_id": "9766263",
    "movie_id": "103759",
    "author": "kimk****",
    "review": "그저그렇다 지루함 ㅋㅋㅋ",
    "rating": "5",
    "date": "15.03.08"
  },
  {
    "review_id": "9766000",
    "movie_id": "103759",
    "author": "awfd****",
    "review": "와....정말 오랜만에 보다 눈물나온 영화다.한지민도 너무이쁘고 정재영도 정말 잘어울리더라.둘의 연기가 너무 자연스러웠다. 한지민의 의상,머리는기존 스타일과 상반되어서 더욱 매력적인 캐릭터가 된듯. 기억에 남는 한국영화다.",
    "rating": "10",
    "date": "15.03.08"
  },
  {
    "review_id": "9764572",
    "movie_id": "103759",
    "author": "rkda****",
    "review": "볼만 했는데 뭔가 2퍼 부족해",
    "rating": "10",
    "date": "15.03.08"
  },
  {
    "review_id": "9756321",
    "movie_id": "103759",
    "author": "abso****",
    "review": "연기, 연출, 메세지까지 기대이상으로 모두 좋았어요. ㅋㅋㅋㅋ재밌게봤고 무엇보다 한지민 캐릭터 정말 사랑스럽네요. 내 이상형을 바꾸다니ㅎㅎ",
    "rating": "9",
    "date": "15.03.04"
  },
  {
    "review_id": "9754961",
    "movie_id": "103759",
    "author": "rnaw****",
    "review": "정재영씨 연기 진짜 잘하시네요, 지민언니도 노래까지 귀엽게 잘하시구 이런 역할도 어울리셔서 놀랐어요ㅎㅎ영화 재밌게 잘봤습니다~",
    "rating": "10",
    "date": "15.03.03"
  },
  {
    "review_id": "9753567",
    "movie_id": "103759",
    "author": "dbse****",
    "review": "왜 우리 나라는 무조건 코미디, 로맨스코미디라며 작품이 허접해보이게 광고를 하는 걸까? 이 영화는 겉보다 속이 훨씬 알차고 훈훈한 영화인데. 이해할 수 없다. 광고 좀 외국로맨스처럼 진지하게 했으면...",
    "rating": "9",
    "date": "15.03.03"
  },
  {
    "review_id": "9748811",
    "movie_id": "103759",
    "author": "orio****",
    "review": "영화만 보면 완벽하지 않았는데 두 주연배우와 조연들이 다 채워버린 영화. 채우다 못해 넘쳐버렸다. 단순히 코메디라 하기엔 우리 일상의 가볍고도 무거운 드라마.",
    "rating": "10",
    "date": "15.03.01"
  },
  {
    "review_id": "9745078",
    "movie_id": "103759",
    "author": "stse****",
    "review": "한지민 진짜 이쁘게 나오고 정재영 연기 진짜 잘한다.조연인 차예련도 진짜 이쁘다.. 한지민 은근히 노래 엄청 잘함",
    "rating": "10",
    "date": "15.02.28"
  },
  {
    "review_id": "9741275",
    "movie_id": "103759",
    "author": "jin1****",
    "review": "재밌게 잘 보았습니다.",
    "rating": "8",
    "date": "15.02.26"
  },
  {
    "review_id": "9740185",
    "movie_id": "103759",
    "author": "coso****",
    "review": "한지민 짱  최고최고 완전예쁨",
    "rating": "10",
    "date": "15.02.26"
  },
  {
    "review_id": "9732905",
    "movie_id": "103759",
    "author": "223s****",
    "review": "일도아까움 최악  돈주고봐서 억울해",
    "rating": "1",
    "date": "15.02.23"
  },
  {
    "review_id": "9731435",
    "movie_id": "103759",
    "author": "shki****",
    "review": "1. 첨부터 이상한 사람도 없고 그렇게되고 싶은 사람도 없다. 주변 환경이 그리 만든것뿐.2. 한지민은 왜 이리 사랑스러운가",
    "rating": "7",
    "date": "15.02.23"
  },
  {
    "review_id": "9728845",
    "movie_id": "103759",
    "author": "popy****",
    "review": "오늘부로 한지민 팬 됨...! ^^ㅋㅋㅋ;;;",
    "rating": "8",
    "date": "15.02.22"
  },
  {
    "review_id": "9723173",
    "movie_id": "103759",
    "author": "ms10****",
    "review": "재미있게 봤습니다. 가볍게 보기엔 좋은 영화네요 :)",
    "rating": "8",
    "date": "15.02.21"
  },
  {
    "review_id": "9723164",
    "movie_id": "103759",
    "author": "dear****",
    "review": "너무 귀여운 영화 //♡",
    "rating": "10",
    "date": "15.02.21"
  },
  {
    "review_id": "9720978",
    "movie_id": "103759",
    "author": "yser****",
    "review": "오랜만에 재미와 감동을 안겨준 로맨틱 코미디",
    "rating": "8",
    "date": "15.02.21"
  },
  {
    "review_id": "9720378",
    "movie_id": "103759",
    "author": "rldn****",
    "review": "결말이 아쉽긴 했지만 나름대로 볼만함요",
    "rating": "8",
    "date": "15.02.20"
  },
  {
    "review_id": "9718734",
    "movie_id": "103759",
    "author": "qhrt****",
    "review": "\"플랜맨\"같은 사람을 실제로 겪어봐서 그런지..공감이 가는 영화였어요..참으로 유쾌하고 눈과 귀가 즐거워지는 느낌입니다. 정재영씨 연기는 언제봐도 ㄷㄷ합니다.",
    "rating": "9",
    "date": "15.02.20"
  },
  {
    "review_id": "9717890",
    "movie_id": "103759",
    "author": "liho****",
    "review": "식상함을 채워준 캐릭터와 노래",
    "rating": "6",
    "date": "15.02.20"
  },
  {
    "review_id": "9717807",
    "movie_id": "103759",
    "author": "xzko****",
    "review": "한지민 진짜 너무 이쁘다",
    "rating": "9",
    "date": "15.02.20"
  },
  {
    "review_id": "9717573",
    "movie_id": "103759",
    "author": "si15****",
    "review": "재밌는건 알겠는데 오글거려서 못보겠다",
    "rating": "7",
    "date": "15.02.20"
  },
  {
    "review_id": "9715575",
    "movie_id": "103759",
    "author": "yoon****",
    "review": "그런대로  볼만은  했다. 그런데  제목이  왜  그렇게  촌스러워? 제작진은 창의성을  어디다  팔아 먹었나?",
    "rating": "7",
    "date": "15.02.20"
  },
  {
    "review_id": "9714904",
    "movie_id": "103759",
    "author": "qnfw****",
    "review": "한지민 우와~~~~...",
    "rating": "10",
    "date": "15.02.19"
  },
  {
    "review_id": "9714178",
    "movie_id": "103759",
    "author": "asqz****",
    "review": "코믹과 감동 10점이 아니라 100점짜리영화다...",
    "rating": "10",
    "date": "15.02.19"
  },
  {
    "review_id": "9713757",
    "movie_id": "103759",
    "author": "lina****",
    "review": "관객수가 왜 이리 안나왔지 했더니 겨울왕국 변호인이랑 붙었네 ㄷㄷㄷㄷ 잘 만들었는데 아쉽다. 설날 특선으로라도 만날수 있어서 좋았당",
    "rating": "10",
    "date": "15.02.19"
  },
  {
    "review_id": "9713427",
    "movie_id": "103759",
    "author": "jase****",
    "review": "역시 정재영 넌 영원한 나의 동치성이야",
    "rating": "10",
    "date": "15.02.19"
  },
  {
    "review_id": "9713336",
    "movie_id": "103759",
    "author": "yumi****",
    "review": "런닝타임이 너무 길었음. 독특한 소재이긴 하나, 우리나라 정서에는 조금 안 맞고, 정재형의 연기는 역시 훌륭 but 한지민의 역할은 신선하긴 했으나 맞지 않는 스무살 상큼발랄한 옷을 입은 듯.. 한지민 노래도 잘하고 재발견이긴하나.. 로코에는 조금..",
    "rating": "5",
    "date": "15.02.19"
  },
  {
    "review_id": "9713335",
    "movie_id": "103759",
    "author": "rlad****",
    "review": "설특선영화 잘골랏네ㅋㅋㅋㅋ",
    "rating": "10",
    "date": "15.02.19"
  },
  {
    "review_id": "9713272",
    "movie_id": "103759",
    "author": "mjha****",
    "review": "한지민이너무예뻐그리고 정재영의연기가좋았다",
    "rating": "9",
    "date": "15.02.19"
  },
  {
    "review_id": "9713110",
    "movie_id": "103759",
    "author": "pin_****",
    "review": "솔직히 완전 재밌는데.. 감동도 있고. 평론가 평점 왜저런거지; 좋은 영화 감사합니다.",
    "rating": "10",
    "date": "15.02.19"
  },
  {
    "review_id": "9713037",
    "movie_id": "103759",
    "author": "1130****",
    "review": "오늘 티비에서 해준다고해서 챙겨봤는데 잼났어요! 역시 정재영",
    "rating": "10",
    "date": "15.02.19"
  },
  {
    "review_id": "9713012",
    "movie_id": "103759",
    "author": "munu****",
    "review": "어느부분은 재미있고  어느 부분은 슬퍼서  좋은 영화인 것 같습니다",
    "rating": "9",
    "date": "15.02.19"
  },
  {
    "review_id": "9712983",
    "movie_id": "103759",
    "author": "mins****",
    "review": "유부남이~ 유부남이~ 유부남이~ 유부남이~!!!ㅋㅋㅋ",
    "rating": "10",
    "date": "15.02.19"
  },
  {
    "review_id": "9712941",
    "movie_id": "103759",
    "author": "merr****",
    "review": "장진 영화일줄 알았는데 감독은 다른 분이네. 오락영화로 이 정도 퀄이면 됐죠 뭐ㅎㅎ",
    "rating": "7",
    "date": "15.02.19"
  },
  {
    "review_id": "9712927",
    "movie_id": "103759",
    "author": "dlwh****",
    "review": "이미 봤었고 컴터에 영화가 저장되어 있지만 티비로 해서 또 끝까지 보고 마네요...정재영씨 초초해하는 연기를 보고있자면 제가 다 안달이나서 가서 줄마춰 주고 싶어지네요...그건 그렇고 \"아는여자\" 어디 구할때가 없나요? 다시 보고 싶어요 ~",
    "rating": "9",
    "date": "15.02.19"
  },
  {
    "review_id": "9712922",
    "movie_id": "103759",
    "author": "hooh****",
    "review": "영화평 굳이 들어와서 쓸 생각 잘 않하는데 .. 정말 재밌네요. 감동적이기도 하고... 영화 플랜맨 설특집으로 제 2의 전성기 ㄱㄱ ㅋㅋㅋ",
    "rating": "10",
    "date": "15.02.19"
  },
  {
    "review_id": "9712909",
    "movie_id": "103759",
    "author": "skjk****",
    "review": "힐링영화 ! 훈훈하네용^^",
    "rating": "9",
    "date": "15.02.19"
  },
  {
    "review_id": "9712901",
    "movie_id": "103759",
    "author": "glgl****",
    "review": "나는 강박증이라는 병을앓고있다 영화속 남주인공은 계획이아닌 강박증이라는 병을 앓고있는것이다이병을 좋은사람을만나 완치하게해주고 행복하게 잘표현한 영화이다 나도 이영화처럼 좋은계기가 있어서 완치하고싶다 이번설을 계기로 강박장애도 주인공처럼 완치하엿음좋겟다",
    "rating": "10",
    "date": "15.02.19"
  },
  {
    "review_id": "9712896",
    "movie_id": "103759",
    "author": "skdu****",
    "review": "완전 울었어요 ㅠㅠ잼따",
    "rating": "10",
    "date": "15.02.19"
  },
  {
    "review_id": "9712895",
    "movie_id": "103759",
    "author": "rlaa****",
    "review": "역시 한지민 역시 정재영!!",
    "rating": "10",
    "date": "15.02.19"
  },
  {
    "review_id": "9712894",
    "movie_id": "103759",
    "author": "hey3****",
    "review": "설특선봤는데 재밌더라ㅜㅜ 연기천재 정재영 역시 실망시키지 않네ㅎㅎ 한지민ㅜ 노래는 안부르는 게..ㅜㅜ",
    "rating": "10",
    "date": "15.02.19"
  },
  {
    "review_id": "9712893",
    "movie_id": "103759",
    "author": "eogu****",
    "review": "아저씨~최고!~정말핵꿀잼",
    "rating": "10",
    "date": "15.02.19"
  },
  {
    "review_id": "9712890",
    "movie_id": "103759",
    "author": "lioi****",
    "review": "한지민씨의 연기력이 조금 아쉬웠지만 좋은 영화네요. 처음부터는 못보고 중반?쯤부터 봤는데 굉장히 재밌네요.",
    "rating": "9",
    "date": "15.02.19"
  },
  {
    "review_id": "9712889",
    "movie_id": "103759",
    "author": "hans****",
    "review": "한지민은 아름다웠고 정재영의 연기는 여전했으며 최고의 영화는 아닐지 모르지만 재미와 감동이 있는마음 편히 볼 수 있는 그런 좋은 영화",
    "rating": "10",
    "date": "15.02.19"
  },
  {
    "review_id": "9712885",
    "movie_id": "103759",
    "author": "aorn****",
    "review": "플랜맨 볼만하네요. 울 아이에게 너무 다그치지말아야겠다. 울 아이에게 최고로 좋은건 가족과 함께 사랑스런 일상을 보내는것이니까, 아줌마가 봐도 한지민씨 매력있네요^^",
    "rating": "10",
    "date": "15.02.19"
  },
  {
    "review_id": "9712884",
    "movie_id": "103759",
    "author": "sino****",
    "review": "삼류 비급 영화라고하는 애들은 영갤러지? ㅋㅋㅋㅋ 우쭈쭈 영갤러 인터넷에서 나대봣자 현실에선 으..응...  않하노? 깔깔",
    "rating": "8",
    "date": "15.02.19"
  },
  {
    "review_id": "9712883",
    "movie_id": "103759",
    "author": "199c****",
    "review": "힐링되는 영화네요^^",
    "rating": "10",
    "date": "15.02.19"
  }
]