[
  {
    "review_id": "10261153",
    "movie_id": "103755",
    "author": "rack****",
    "review": "시간이 아깝다 재미없다",
    "rating": "3",
    "date": "15.08.22"
  },
  {
    "review_id": "10115575",
    "movie_id": "103755",
    "author": "sbg3****",
    "review": "전체적인 내용은 최고가 아니지만 눈물이 나게 한것만큼은 최고이다..ㅜㅜ",
    "rating": "10",
    "date": "15.07.18"
  },
  {
    "review_id": "10103055",
    "movie_id": "103755",
    "author": "ksk6****",
    "review": "1,2편이 워낙 걸작이라서 그렇지. 명월천국도 수작인데.. 이 점수를 받는 게 납득이 안 가네. 그래서 10점 준다. 주인공이름과 백발 그리고 몇몇 구도를 제외하면 1,2편과는 별개의 영화임",
    "rating": "10",
    "date": "15.07.14"
  },
  {
    "review_id": "10055031",
    "movie_id": "103755",
    "author": "ikku****",
    "review": "남주 뭐냐... 연기 진짜 못하네.. 장국영포스는 애시당초 기대도 안했지만 뭐 저렇게 못하는 앨 쓰냐",
    "rating": "2",
    "date": "15.06.30"
  },
  {
    "review_id": "9910943",
    "movie_id": "103755",
    "author": "ghkd****",
    "review": "임청하도 좋았지만 판빙빙은 또 다른 매력으로 어필이 확 오게 만들었다. 다른 건 몰라도 이 영화는 진짜 판빙빙이 살렸다!! 쵝오",
    "rating": "6",
    "date": "15.05.11"
  },
  {
    "review_id": "9908843",
    "movie_id": "103755",
    "author": "fngk****",
    "review": "판빙빙 존예... 촬영지같은 분위기도 좋음",
    "rating": "10",
    "date": "15.05.10"
  },
  {
    "review_id": "9865798",
    "movie_id": "103755",
    "author": "kara****",
    "review": "마무리가 어색하고 조금 생략된 스토리...",
    "rating": "6",
    "date": "15.04.25"
  },
  {
    "review_id": "9850684",
    "movie_id": "103755",
    "author": "luna****",
    "review": "홍콩영화 이정도만 되면 다시 부흥할듯 배우들도 괜찮고",
    "rating": "10",
    "date": "15.04.18"
  },
  {
    "review_id": "9846614",
    "movie_id": "103755",
    "author": "infl****",
    "review": "트랜스포머 같은 cg를 만들고싶었겠지만... 그냥 딱 온라인게임 광고동영상수준... 감독과 출연자들은 자신들이 만든 영화를 보면서 무슨생각을했을지 진짜 궁금함... 엄청 민망할거같은데...",
    "rating": "3",
    "date": "15.04.15"
  },
  {
    "review_id": "9798825",
    "movie_id": "103755",
    "author": "inth****",
    "review": "아무래도 임청하와 장국영의 카리스마를 극복하지 못하는구나. 스크린에 흐르는 아름다운 영상들은 참 좋은데 극적인 재미는 너무나도 수준 이하다. 배우들의 연기도 별로 와닿지 않는다. 많이 아쉽다. 임청하의 백발마녀전의 감동을 기대하기엔 무리!",
    "rating": "5",
    "date": "15.03.22"
  },
  {
    "review_id": "9790228",
    "movie_id": "103755",
    "author": "tbvj****",
    "review": "소설  원작을 따라가려다보니 시간은 짧고 매끄럽지도 못한 전개....소오강호 속 큰 비중 없는 동방불패를 영화로 재탄생시킨것처럼 임청하의 백발마녀전이 더 낫다...다만 판빙빙은 생각보다 연기 괜찮고 이쁘게 나오네",
    "rating": "7",
    "date": "15.03.17"
  },
  {
    "review_id": "9765181",
    "movie_id": "103755",
    "author": "namb****",
    "review": "판빙빙이 예뻐서 그래도 점수준다.",
    "rating": "6",
    "date": "15.03.08"
  },
  {
    "review_id": "9733744",
    "movie_id": "103755",
    "author": "aidi****",
    "review": "좋다좋구요조아졓아.",
    "rating": "10",
    "date": "15.02.24"
  },
  {
    "review_id": "9675375",
    "movie_id": "103755",
    "author": "marc****",
    "review": "판빙빙을 볼수 있는것으로 만족.",
    "rating": "6",
    "date": "15.02.07"
  },
  {
    "review_id": "9653543",
    "movie_id": "103755",
    "author": "ssar****",
    "review": "옛날부터 느꼈는데 판빙빙은 종종 예술적인 아름다움을 발산한다. 그리고 그 아름다움을 충분히 감상할 수 있었기에 중간점수는 준다. 선명한 화질을 제외하곤 임청하버전보다 나은게 없다",
    "rating": "5",
    "date": "15.01.31"
  },
  {
    "review_id": "9630266",
    "movie_id": "103755",
    "author": "jean****",
    "review": "엉성한 연출, 허접한 CG, 독립영화보다 못한 영상미, 예쁜 척만 하려는  황효명과 판빙빙의 연기에 두 손 두 발 다 들게 만 든 영화.",
    "rating": "1",
    "date": "15.01.24"
  },
  {
    "review_id": "9574739",
    "movie_id": "103755",
    "author": "woos****",
    "review": "재해석된 백발마녀전, 여전한 감동, 엔딩곡과 함께 추억속으로 고고!",
    "rating": "8",
    "date": "15.01.08"
  },
  {
    "review_id": "9531562",
    "movie_id": "103755",
    "author": "only****",
    "review": "아 제발 각본가 누구냐 불러와라... ㅠㅠ",
    "rating": "1",
    "date": "14.12.28"
  },
  {
    "review_id": "9524020",
    "movie_id": "103755",
    "author": "khig****",
    "review": "난 이 혹평이 이해가 가지 않네. 원작보다 대체 뭐가 못하다는 거지?  기괴한 요물 같은 것들 나오고 액션 위주였던 원작에 비해서 이것은 상당히 좋은 스토리까지 갖추고 있다. 임청하 작품의 환상에 얽매인 자들이 테러한 것 같은데 이거 상당히 명작임",
    "rating": "10",
    "date": "14.12.27"
  },
  {
    "review_id": "9481688",
    "movie_id": "103755",
    "author": "tank****",
    "review": "어라 어디서 많이 본 얼굴인데 어디서 봤더라 조문탁이였네.",
    "rating": "2",
    "date": "14.12.17"
  },
  {
    "review_id": "9453066",
    "movie_id": "103755",
    "author": "kjw4****",
    "review": "눈물흘리면서 재밌게봤따.. 근데 여운이남네ㅠㅠ",
    "rating": "10",
    "date": "14.12.06"
  },
  {
    "review_id": "9439547",
    "movie_id": "103755",
    "author": "lemo****",
    "review": "믿고 보는 무협영화지만  엔딩이 개 허무해서 허탈함.",
    "rating": "6",
    "date": "14.12.01"
  },
  {
    "review_id": "9418201",
    "movie_id": "103755",
    "author": "mark****",
    "review": "정말 알바놈들 있나보구나..7점이상 준것들은 다 알바다.",
    "rating": "1",
    "date": "14.11.24"
  },
  {
    "review_id": "9417411",
    "movie_id": "103755",
    "author": "dldm****",
    "review": "노친네들 아주원작원작",
    "rating": "10",
    "date": "14.11.24"
  },
  {
    "review_id": "9409228",
    "movie_id": "103755",
    "author": "lets****",
    "review": "리메이크인지도 모르고 봤는데 볼만하네요. 다른 분들은 예전꺼랑 비교하시는데 감동이 다를순 있겠죠. 하지만 전 이걸 처음 본 입장으로서는 괜찮았습니다.",
    "rating": "10",
    "date": "14.11.22"
  },
  {
    "review_id": "9401999",
    "movie_id": "103755",
    "author": "scou****",
    "review": "리메이크가 아닌 그냥 별개로 봤다면 조금 더 재밌게? 볼 수 있었을텐데 ㅋㅋ 과거 원작을 넘 잼나게 봐서...이건 뭐 그닥...",
    "rating": "4",
    "date": "14.11.20"
  },
  {
    "review_id": "9393195",
    "movie_id": "103755",
    "author": "band****",
    "review": "CG가 꼭 온라인 게임 보는 것 같네.",
    "rating": "5",
    "date": "14.11.16"
  },
  {
    "review_id": "9385026",
    "movie_id": "103755",
    "author": "anyj****",
    "review": "미친 역병 고치는 허준으로 시작하더니 마지막 절벽씬은 동방불패 패러디임? 그리고 우주에 별이되면서 해피엔딩? 장국영 임청하의 레전드 작품을 어떻게 이렇게 쓰레기로 만들수가 있지  90분내내 기억남는건 느끼한 남자주인공과 판빙빙의 보라색  렌즈뿐",
    "rating": "1",
    "date": "14.11.15"
  },
  {
    "review_id": "9380259",
    "movie_id": "103755",
    "author": "wjsr****",
    "review": "중요하게 다루어져야할 핵심갈등이 중반부터 일순간에 해결되는 쉬운진행을 택함으로서 초반 괜찮게 흐르던 진행이 고꾸라짐. 평범한(?) 무협영화",
    "rating": "5",
    "date": "14.11.13"
  },
  {
    "review_id": "9374432",
    "movie_id": "103755",
    "author": "kilk****",
    "review": "볼 만은 함. 킬타용. 마지막 장국영 노래 덕에 +1 추가 해서 6점.",
    "rating": "6",
    "date": "14.11.12"
  },
  {
    "review_id": "9373285",
    "movie_id": "103755",
    "author": "ssun****",
    "review": "이야기 흐름이 중간중간 끈켜서 아쉽다. 황효명 판빙빙의 연기는 좋았다.",
    "rating": "6",
    "date": "14.11.12"
  },
  {
    "review_id": "9369920",
    "movie_id": "103755",
    "author": "rla8****",
    "review": "시작부터 끝까지 전형적인 중국 판타지 영화",
    "rating": "5",
    "date": "14.11.11"
  },
  {
    "review_id": "9368577",
    "movie_id": "103755",
    "author": "brai****",
    "review": "장국영, 임청하  기대하고 갔다가 잘생긴 녀석, 블링크를 보게됨.",
    "rating": "5",
    "date": "14.11.10"
  },
  {
    "review_id": "9363297",
    "movie_id": "103755",
    "author": "fbwk****",
    "review": "절대 5점짜리 영화는 아닙니다. 꼭 보시고 평점 주세요~",
    "rating": "10",
    "date": "14.11.09"
  },
  {
    "review_id": "9360127",
    "movie_id": "103755",
    "author": "zxvt****",
    "review": "판빙빙 개이쁘게 나옴! 엔딩이 왜 이랴? 임청하의 백발마녀전이 그리워진다",
    "rating": "6",
    "date": "14.11.09"
  },
  {
    "review_id": "9360116",
    "movie_id": "103755",
    "author": "asic****",
    "review": "문탁이형이 악역이라니 믿을수 없다~판빙빙 미모는 거의 한예슬급이구나~~",
    "rating": "8",
    "date": "14.11.09"
  },
  {
    "review_id": "9357913",
    "movie_id": "103755",
    "author": "true****",
    "review": "판빙빙이 최고 높은 별자리에 확실히 자리잡게 해 준 영화. 오랜만에 2번 이상 보고 싶은 영화를 만나다.",
    "rating": "10",
    "date": "14.11.08"
  },
  {
    "review_id": "9354465",
    "movie_id": "103755",
    "author": "viry****",
    "review": "80,90년대 홍콩 영화가 더 잼 있다..그 이유를 모르겠네..ㅡㅡ",
    "rating": "3",
    "date": "14.11.08"
  },
  {
    "review_id": "9353559",
    "movie_id": "103755",
    "author": "hyuk****",
    "review": "7점대 이상 영화다, 중국 영화라고 대놓고 폄하 하는 사람들 보고 평가해라. 소설을 원작으로 해서 임청하주연 백발하고는 내용이 틀리다.그냥 전개가 빠르고 등장인물들  배열이 난해해서 그렇지 내용이 나쁜 영화는 아니다.",
    "rating": "10",
    "date": "14.11.08"
  },
  {
    "review_id": "9351926",
    "movie_id": "103755",
    "author": "make****",
    "review": "스토리가 전혀 없음... 그래서 내관은 어쨌다는거고? 요동은 계속 막았다는건가? 늘어놓기만 하고 얘기가 전혀 없음....",
    "rating": "1",
    "date": "14.11.07"
  },
  {
    "review_id": "9343866",
    "movie_id": "103755",
    "author": "lyri****",
    "review": "1점 줘보긴 처음이네요..ㅠ",
    "rating": "1",
    "date": "14.11.06"
  },
  {
    "review_id": "9342841",
    "movie_id": "103755",
    "author": "snai****",
    "review": "중국영화는 스토리가 너무 뭐같아서 ...",
    "rating": "1",
    "date": "14.11.05"
  },
  {
    "review_id": "9342744",
    "movie_id": "103755",
    "author": "atyd****",
    "review": "오랜만에 잘 봤다 요새 중국영화 실망스런 작품이 많은데 이건 좀 괜춘하네",
    "rating": "10",
    "date": "14.11.05"
  },
  {
    "review_id": "9342648",
    "movie_id": "103755",
    "author": "2328****",
    "review": "기대만큼에는 못미치지만 잼나게봏다",
    "rating": "7",
    "date": "14.11.05"
  },
  {
    "review_id": "9342376",
    "movie_id": "103755",
    "author": "jeda****",
    "review": "그저 웃지요.. ㅋㅋㅋ 왜 리메이크를 달고 나온거냐 진짜.",
    "rating": "1",
    "date": "14.11.05"
  },
  {
    "review_id": "9342264",
    "movie_id": "103755",
    "author": "sinb****",
    "review": "쌍팔년도식 엔딩이 이 영화의 수준을 보여준다.",
    "rating": "5",
    "date": "14.11.05"
  },
  {
    "review_id": "9341887",
    "movie_id": "103755",
    "author": "doad****",
    "review": "판빙빙때문에 9점 준다",
    "rating": "9",
    "date": "14.11.05"
  },
  {
    "review_id": "9341723",
    "movie_id": "103755",
    "author": "oldp****",
    "review": "원작과 비교하면 4점정도 줄만한 졸작이고 그냥 별개 작품이라 생각하고 봤다 그러면 7점...",
    "rating": "7",
    "date": "14.11.05"
  },
  {
    "review_id": "9341413",
    "movie_id": "103755",
    "author": "znls****",
    "review": "임청하 백발마녀전이 워낙에 명작이라 볼생각조차안나네요",
    "rating": "1",
    "date": "14.11.04"
  },
  {
    "review_id": "9341278",
    "movie_id": "103755",
    "author": "bong****",
    "review": "아진짜 정말 우베볼급아니면 댓글 안쓰는데... 진짜 최악의 리메이크다  아.... 배우 캐스팅부터 바라...와... 판빙빙에 황효명은 아.. 정말아니다..   연기력도 캐릭터성도  최악정말.. 원작 다 망치고있음...아..",
    "rating": "1",
    "date": "14.11.04"
  },
  {
    "review_id": "9340985",
    "movie_id": "103755",
    "author": "lsc1****",
    "review": "판빙빙 미모만 1점 그외엔 점수가 아깝다",
    "rating": "1",
    "date": "14.11.04"
  },
  {
    "review_id": "9340631",
    "movie_id": "103755",
    "author": "tnt2****",
    "review": "판빙빙이 이쁘긴하지만 저 포스터에 눈화장 어쩔??   팬더마녀전???",
    "rating": "5",
    "date": "14.11.04"
  },
  {
    "review_id": "9335457",
    "movie_id": "103755",
    "author": "koci****",
    "review": "정말 영화다운 화면이네요",
    "rating": "10",
    "date": "14.11.02"
  },
  {
    "review_id": "9333142",
    "movie_id": "103755",
    "author": "ssom****",
    "review": "짜증난다ㅠㅠ내시간...ㅜ남주 약초구하러가는씬 둘다죽는씬 너무흔한스토리  아..당했다",
    "rating": "1",
    "date": "14.11.01"
  },
  {
    "review_id": "9326959",
    "movie_id": "103755",
    "author": "y2jj****",
    "review": "난 재미있게 봤음. 10년동안  한인도 아닌 금국인도 아닌 조문탁도 안타까웠음",
    "rating": "9",
    "date": "14.10.29"
  },
  {
    "review_id": "9325618",
    "movie_id": "103755",
    "author": "bles****",
    "review": "예전 카리스마에는 모자라지만 나름 매력은 있다",
    "rating": "6",
    "date": "14.10.29"
  },
  {
    "review_id": "9321037",
    "movie_id": "103755",
    "author": "ohch****",
    "review": "판빙빙 진짜 너무 이뻐서 몰입 심하게 하고 봤네요 전작과는 완전 다른 스토리 전개를 가진 백발 마녀 전이라 전작과 비교는 힘들듯 하지만 저는 전작 만큼 신작도 너무 잼있게 보았습니다. 무엇 보다 판빙빙 진짜 외모는 넘사 ㅎㄷㄷ 욀케 이쁜겨",
    "rating": "10",
    "date": "14.10.27"
  },
  {
    "review_id": "9318842",
    "movie_id": "103755",
    "author": "tkdl****",
    "review": "앞으로 홍콩은 리바이벌 하지말아라. 원작에 비해 내용이 좀그렇다. 역시 백발마녀전은 원작이 더 좋군.",
    "rating": "6",
    "date": "14.10.26"
  },
  {
    "review_id": "9317545",
    "movie_id": "103755",
    "author": "real****",
    "review": "재미가 별로 없음 ㅁㄴㅇ",
    "rating": "6",
    "date": "14.10.26"
  },
  {
    "review_id": "9314103",
    "movie_id": "103755",
    "author": "ruby****",
    "review": "원작을 완벽하게 망치는 각색과 전개",
    "rating": "5",
    "date": "14.10.24"
  },
  {
    "review_id": "9307154",
    "movie_id": "103755",
    "author": "gall****",
    "review": "영혼 없는 리메이크란 이런것. 원작의 장국영, 임청하를 대신할 배우가 쉽게 나올리가 없겠지만  배우들만의 문제는 아닌, 총체적인 문제",
    "rating": "3",
    "date": "14.10.22"
  },
  {
    "review_id": "9306958",
    "movie_id": "103755",
    "author": "hisa****",
    "review": "이걸 내가 왜 봤지????",
    "rating": "3",
    "date": "14.10.21"
  },
  {
    "review_id": "9306824",
    "movie_id": "103755",
    "author": "the4****",
    "review": "5점은 에바지 -_-, 한 7.5점은 줘야지",
    "rating": "10",
    "date": "14.10.21"
  },
  {
    "review_id": "9306027",
    "movie_id": "103755",
    "author": "tiqk****",
    "review": "스토리 리메이크로 망작이고 연기도 리메이크 망작이고 cg보여주려고 리메이크 한건가",
    "rating": "2",
    "date": "14.10.21"
  },
  {
    "review_id": "9300902",
    "movie_id": "103755",
    "author": "zenk****",
    "review": "중국 홍콩 애들은 영화 참 개떡임. 90년대 중반 이후 발전이 없음 아니 오히려 더 퇴보..cg도 무슨 3D 애니 수준으로 허접하고.내용도 구리고 참. 에혀",
    "rating": "5",
    "date": "14.10.18"
  },
  {
    "review_id": "9300675",
    "movie_id": "103755",
    "author": "stor****",
    "review": "최고... 감동있내요..",
    "rating": "10",
    "date": "14.10.18"
  },
  {
    "review_id": "9298189",
    "movie_id": "103755",
    "author": "pjw7****",
    "review": "포청천이 더 재미있겠다영화를 본 시간이 아깝다",
    "rating": "4",
    "date": "14.10.17"
  },
  {
    "review_id": "9297335",
    "movie_id": "103755",
    "author": "75sj****",
    "review": "역시 원작에비해 참 답답합니다",
    "rating": "1",
    "date": "14.10.17"
  },
  {
    "review_id": "9296117",
    "movie_id": "103755",
    "author": "wind****",
    "review": "슬프기도하고 액션도 좋고 오 재미있네~ 판빙빙 진짜 예쁘네. 굿",
    "rating": "10",
    "date": "14.10.16"
  },
  {
    "review_id": "9293963",
    "movie_id": "103755",
    "author": "blue****",
    "review": "남주는 눈만 부라리고~ 액션, 스토리는 원작만 못하고~ 올만에 무협액션을 기대 했건만... 러브스토리에 더 가깝네 ㅠ.ㅠ",
    "rating": "1",
    "date": "14.10.15"
  },
  {
    "review_id": "9293629",
    "movie_id": "103755",
    "author": "ict2****",
    "review": "결말이 왜이레.. 2탄 나와야지 ㅠ.ㅠ 판빙빙 눈빛이 너무도 아름답네요. 영화내내 눈빛에 빨려들어갈 뻔 했네요",
    "rating": "8",
    "date": "14.10.15"
  },
  {
    "review_id": "9293252",
    "movie_id": "103755",
    "author": "nark****",
    "review": "얼마전 장국영,임청하 주연의 백발마녀전을 보고 리메이크 된다고 해서 기대하고 봤는데, 스토리도 이상하고 1편2편 짜집기 해서 만든것 같기도 하고 하여튼 졸라 짜증났네 주연들 인물 말고는 볼거 없음. 웬만하면 이런거 잘 안남기는데 많이 실망했음",
    "rating": "2",
    "date": "14.10.15"
  },
  {
    "review_id": "9292627",
    "movie_id": "103755",
    "author": "cact****",
    "review": "중국식 편집은 옛날엔 볼만했지만, 지금은 영...",
    "rating": "3",
    "date": "14.10.14"
  },
  {
    "review_id": "9291841",
    "movie_id": "103755",
    "author": "kues****",
    "review": "왜... 짱깨영화는 죄다 이런식이냐.. 무협 존나 좋아하네",
    "rating": "1",
    "date": "14.10.14"
  },
  {
    "review_id": "9290980",
    "movie_id": "103755",
    "author": "daep****",
    "review": "뭐 이래 90년대 원작영화 보다도 못한.. 졸립기만 하다",
    "rating": "1",
    "date": "14.10.14"
  },
  {
    "review_id": "9290619",
    "movie_id": "103755",
    "author": "kdg2****",
    "review": "임청하를 조연으로만 출연시켜줘도 10점 줄라그랬다 ㅋㅋㅋ",
    "rating": "5",
    "date": "14.10.13"
  },
  {
    "review_id": "9288764",
    "movie_id": "103755",
    "author": "thin****",
    "review": "원작과 비교해 카리스마 영상미 무공실력 연기 시나리오 모두 영화제목처럼 하얗게 돼버렸다....",
    "rating": "3",
    "date": "14.10.12"
  },
  {
    "review_id": "9287998",
    "movie_id": "103755",
    "author": "hear****",
    "review": "판빙빙 덕분에 1점 더준다.. 스토리도 허접하고, 전개도 허접함..",
    "rating": "2",
    "date": "14.10.12"
  },
  {
    "review_id": "9286970",
    "movie_id": "103755",
    "author": "hamj****",
    "review": "제발..그만 우려먹자...원작 영화까지 먹칠을 하네..",
    "rating": "2",
    "date": "14.10.12"
  },
  {
    "review_id": "9285183",
    "movie_id": "103755",
    "author": "zmsq****",
    "review": "판빙빙아니면 별 하나도 없는 영화. 전형적인 중국식 발전개 영화.",
    "rating": "2",
    "date": "14.10.11"
  },
  {
    "review_id": "9283706",
    "movie_id": "103755",
    "author": "clos****",
    "review": "원작보다 못할거란 예상은 했지만 최악!!!!",
    "rating": "2",
    "date": "14.10.11"
  },
  {
    "review_id": "9276356",
    "movie_id": "103755",
    "author": "real****",
    "review": "마지막결말이 좀 갑작스럽게 끝나서... 판빙빙 조아하면 볼만..",
    "rating": "8",
    "date": "14.10.09"
  },
  {
    "review_id": "9275689",
    "movie_id": "103755",
    "author": "nadi****",
    "review": "긴가민가 해서 설명다시보니 판빙빙 맞네;; 근데 작품이 훨씬 젊어 보이는듯.ㄷㄷ 화장빨인가;; 아무튼 오리지널 백발마녀전을 본유저라면.. 아직도 임청하가 연기한  것이 더 한이서리고 애절햇던듯.ㄷㄷ",
    "rating": "6",
    "date": "14.10.08"
  },
  {
    "review_id": "9274201",
    "movie_id": "103755",
    "author": "choi****",
    "review": "에효... 시간이 얼마나 흘렀는대, 어째 90 년 대 장국영 임청하 주연의 백발마녀전 보다 못하냐... ~_~",
    "rating": "1",
    "date": "14.10.08"
  },
  {
    "review_id": "9272699",
    "movie_id": "103755",
    "author": "ssba****",
    "review": "판빙빙이 예쁘다 그게끝이다...내용은 무슨 재미도없고 이상하고..",
    "rating": "1",
    "date": "14.10.07"
  },
  {
    "review_id": "9272680",
    "movie_id": "103755",
    "author": "xodu****",
    "review": "평점 1점 줄정도는 아니던데 결말이 좀 그렇긴 하지만 전 볼만 했습니다.",
    "rating": "9",
    "date": "14.10.07"
  },
  {
    "review_id": "9272591",
    "movie_id": "103755",
    "author": "ban1****",
    "review": "이영화 5점은 절대 아니다....울컥해서 10년만에 첨으로 네이버 평점 남긴다",
    "rating": "10",
    "date": "14.10.07"
  },
  {
    "review_id": "9272283",
    "movie_id": "103755",
    "author": "shek****",
    "review": "평점이 왜 이리 낮은 거지... 요근래 본 영화중에 최고다.요즘 중국영화 볼게 없었는데 이 영화로 명작들의 명맥을 잇는구나!!!",
    "rating": "10",
    "date": "14.10.07"
  },
  {
    "review_id": "9272201",
    "movie_id": "103755",
    "author": "muta****",
    "review": "백발마녀가 판빙빙인 순간 이미끝난거다...ㅜ,ㅠ",
    "rating": "1",
    "date": "14.10.07"
  },
  {
    "review_id": "9271258",
    "movie_id": "103755",
    "author": "rokm****",
    "review": "판빙빙말고는 기억이 안난다",
    "rating": "10",
    "date": "14.10.07"
  },
  {
    "review_id": "9271017",
    "movie_id": "103755",
    "author": "turn****",
    "review": "영화는 cg로만 되는게 아니지.. 원작이 그리워졌다.",
    "rating": "6",
    "date": "14.10.07"
  },
  {
    "review_id": "9270572",
    "movie_id": "103755",
    "author": "john****",
    "review": "확실히 판빙빙의 영화이지만5점대는 아니다눈이 있다면 다시 보거라",
    "rating": "10",
    "date": "14.10.06"
  },
  {
    "review_id": "9270538",
    "movie_id": "103755",
    "author": "baby****",
    "review": "아 질질끈다  판빙빙만 보이네  별로임...",
    "rating": "1",
    "date": "14.10.06"
  },
  {
    "review_id": "9270377",
    "movie_id": "103755",
    "author": "juan****",
    "review": "나름 그저 그랬다. 두 번 볼만한 영화는 아니다.",
    "rating": "6",
    "date": "14.10.06"
  },
  {
    "review_id": "9270223",
    "movie_id": "103755",
    "author": "y481****",
    "review": "모르겠다 그냥 오랜만에 90년대초와 비슷한 느낌이있는 진짜 중국영화 본것같다.",
    "rating": "9",
    "date": "14.10.06"
  },
  {
    "review_id": "9269569",
    "movie_id": "103755",
    "author": "fygo****",
    "review": "원작에 대한 기억이 없다면 뜬금없는 3류 영화...",
    "rating": "5",
    "date": "14.10.06"
  },
  {
    "review_id": "9269225",
    "movie_id": "103755",
    "author": "jayc****",
    "review": "요즘 중국애들 영화 만드는 딱 그 수준 영화.. 장국영, 임청하의 원작의 간지와 애절함 따위는 아웃오브 안중",
    "rating": "3",
    "date": "14.10.06"
  },
  {
    "review_id": "9268829",
    "movie_id": "103755",
    "author": "tuji****",
    "review": "이야기 전개가 자연스럽지 않음. 뒤죽박죽. 그냥 편한대로 이야기가 진행됨. 판빙빙은 정말 CG 가 아닐까하는 장면이 많음. 너무 예쁘다.",
    "rating": "6",
    "date": "14.10.06"
  },
  {
    "review_id": "9268762",
    "movie_id": "103755",
    "author": "yoon****",
    "review": "임청하에 백발마녀전을 기억하는 분들은  재밌게 볼 만합니다.뒷부분에 장국영에 홍안백발은 정말  옛 기억이 새롭습니다^^",
    "rating": "9",
    "date": "14.10.06"
  },
  {
    "review_id": "9268693",
    "movie_id": "103755",
    "author": "vict****",
    "review": "영화보는 네네 판빙빙 이쁘다라는 말밖엔... 다른건 글쎄...킬링타임용",
    "rating": "9",
    "date": "14.10.06"
  }
]