[
  {
    "review_id": "9970962",
    "movie_id": "103787",
    "author": "7qls****",
    "review": "레옹2같은 존재임 걍 패러디영화인데 이름이 저렇게 되있어",
    "rating": "1",
    "date": "15.06.02"
  },
  {
    "review_id": "9796817",
    "movie_id": "103787",
    "author": "mk23****",
    "review": "발로만든영화. 지진나서 주인공 넘어지는데 뒤로 사람들 유유히 걸어다니고 있음. 발CG + 발연기 + 발시나리오.... 내용도 정말 뭐같음 ㅋㅋㅋ",
    "rating": "1",
    "date": "15.03.21"
  },
  {
    "review_id": "9666203",
    "movie_id": "103787",
    "author": "ozky****",
    "review": "꿀잼...ㅋㅋ인생영화다",
    "rating": "10",
    "date": "15.02.04"
  },
  {
    "review_id": "9582700",
    "movie_id": "103787",
    "author": "anth****",
    "review": "나만 당할수 없지..재있어요~꼭 보세요~~꼭!!..18 18 18 18 ...",
    "rating": "10",
    "date": "15.01.11"
  },
  {
    "review_id": "9561952",
    "movie_id": "103787",
    "author": "melo****",
    "review": "투모로우2라길래 봤는데 실망했다.",
    "rating": "1",
    "date": "15.01.04"
  },
  {
    "review_id": "9499793",
    "movie_id": "103787",
    "author": "odo1****",
    "review": "진짜영화를 개똥같이 만드네영화가 장난인가? 1점도 아깝네 이따구로 영화만들어서돈받고 파는걸부끄럽게여겨야지 앞으로 최소 이영화회사망한다",
    "rating": "1",
    "date": "14.12.22"
  },
  {
    "review_id": "9486911",
    "movie_id": "103787",
    "author": "chor****",
    "review": "영화인지 뭔지 모르겠다.연기며 연출이며 내용전개까지 뭐하나 건질 게 없다.",
    "rating": "1",
    "date": "14.12.18"
  },
  {
    "review_id": "9472884",
    "movie_id": "103787",
    "author": "sihe****",
    "review": "진심대박....강추합니다 웃깁니다내돈우야냐",
    "rating": "1",
    "date": "14.12.14"
  },
  {
    "review_id": "9439253",
    "movie_id": "103787",
    "author": "rena****",
    "review": "평점 1점 주는것을 감사히 여겨라그 미만이니까",
    "rating": "1",
    "date": "14.12.01"
  },
  {
    "review_id": "9436062",
    "movie_id": "103787",
    "author": "sang****",
    "review": "최악 더이상의말은 사치다",
    "rating": "1",
    "date": "14.11.30"
  },
  {
    "review_id": "9435523",
    "movie_id": "103787",
    "author": "tjdc****",
    "review": "의도는 알겠는데 아쉬운 부분들이 한둘이 아님.",
    "rating": "1",
    "date": "14.11.30"
  },
  {
    "review_id": "9435516",
    "movie_id": "103787",
    "author": "veen****",
    "review": "사라져버린 투모로우,,",
    "rating": "1",
    "date": "14.11.30"
  },
  {
    "review_id": "9431560",
    "movie_id": "103787",
    "author": "joc7****",
    "review": "난 재미있었는데 이런영호ㅏ를원래좋아함",
    "rating": "10",
    "date": "14.11.29"
  },
  {
    "review_id": "9427896",
    "movie_id": "103787",
    "author": "534k****",
    "review": "투모로우 명성에 먹칠을 하는구만",
    "rating": "1",
    "date": "14.11.28"
  }
]