[
  {
    "review_id": "10272660",
    "movie_id": "103797",
    "author": "woos****",
    "review": "킬링 타임용으로 무난한 코믹 영화",
    "rating": "7",
    "date": "15.08.24"
  },
  {
    "review_id": "10261818",
    "movie_id": "103797",
    "author": "kait****",
    "review": "정말 독특하면서 메시지도 좋구 좋은 영화였습니다. ^^",
    "rating": "10",
    "date": "15.08.22"
  },
  {
    "review_id": "10260659",
    "movie_id": "103797",
    "author": "1dos****",
    "review": "오래도록 남는 유쾌함.",
    "rating": "10",
    "date": "15.08.22"
  },
  {
    "review_id": "10259527",
    "movie_id": "103797",
    "author": "ppuj****",
    "review": "진짜 재미남... ㅋㅋㅋ 기대안했는데 영화보면 기분 좋아짐.",
    "rating": "10",
    "date": "15.08.21"
  },
  {
    "review_id": "10257611",
    "movie_id": "103797",
    "author": "inta****",
    "review": "영화를 본지  1년가까이 지났는데 여전히 아름다운 여운이 남는 영화입니다.",
    "rating": "10",
    "date": "15.08.21"
  },
  {
    "review_id": "10252538",
    "movie_id": "103797",
    "author": "bajj****",
    "review": "역시 캠퍼스에는 아직도 낭만이 흐르는거 같다, 보고있노라면 여러가지  잊었던 가치들덕분에 에너지가 샘솟는 느낌이다, 그때로 돌아갈순없겠지만 , 그때 충분하게 쌓았던 추억들을 되새겨볼수있게 해줘서 고맙다.",
    "rating": "10",
    "date": "15.08.19"
  },
  {
    "review_id": "10237671",
    "movie_id": "103797",
    "author": "ahwh****",
    "review": "다시마 먹는애 졸라웃기넼ㅋㅋㅋㅋ",
    "rating": "9",
    "date": "15.08.16"
  },
  {
    "review_id": "10228272",
    "movie_id": "103797",
    "author": "sodo****",
    "review": "굿 재밌어요 24살인데 공감많이갑니다",
    "rating": "10",
    "date": "15.08.14"
  },
  {
    "review_id": "10219894",
    "movie_id": "103797",
    "author": "muni****",
    "review": "안재홍이라는 배우가 보인다.. ㅋㅋ 재밋게 봤음..",
    "rating": "9",
    "date": "15.08.12"
  },
  {
    "review_id": "10208057",
    "movie_id": "103797",
    "author": "cloc****",
    "review": "저예산 특유의 웃음 설정과 과하지않은 웃음",
    "rating": "8",
    "date": "15.08.09"
  },
  {
    "review_id": "10193114",
    "movie_id": "103797",
    "author": "kswn****",
    "review": "젊음에 젖어 있지만 젊음을 깨닫지 못하는 나를 위해 50년 뒤의 내가 알려주는 젊음",
    "rating": "10",
    "date": "15.08.06"
  },
  {
    "review_id": "10192490",
    "movie_id": "103797",
    "author": "rain****",
    "review": "내  아름다운  대학  생활때  나는  무엇을  배웠는가? 그리고 열정을 가졌을까??  족구왕  그들의  용기에  박수를  보낸다.",
    "rating": "9",
    "date": "15.08.06"
  },
  {
    "review_id": "10158866",
    "movie_id": "103797",
    "author": "teen****",
    "review": "시간 가는줄 모르고 즐겁게 보았습니다 멋지고 기발해서 끝나고도 많은 생각을 들게 했네요 요즘 영화 중에 제일 최고",
    "rating": "10",
    "date": "15.07.29"
  },
  {
    "review_id": "10152313",
    "movie_id": "103797",
    "author": "luck****",
    "review": "와... 정말... 말이 필요 없구나.. 많은걸 느끼게 해준다.. 시간 안아깝다..",
    "rating": "10",
    "date": "15.07.28"
  },
  {
    "review_id": "10151596",
    "movie_id": "103797",
    "author": "drea****",
    "review": "티비서 최신영화라 해서 봤는데.. 몇몇조연도 살짝 얼굴만 알고 주인공도 잘생기지도 않고 알지도 못해 딴데 틀려다 핸폰보면서 슬쩍슬쩍 보다가 .... 다 봐버렸습니다 ㅋㅋ 즐거운 청춘이야기 그때가 너무 그립습니다 ...;;",
    "rating": "9",
    "date": "15.07.27"
  },
  {
    "review_id": "10150482",
    "movie_id": "103797",
    "author": "oliv****",
    "review": "귀엽고 재미있었다.만섭씨 힘내요남자분들이 진심으로 다가간다면 여성들은 감동을 느낍니다.비록 잘생기지 않아도요진심을 보여주세요 ^^",
    "rating": "10",
    "date": "15.07.27"
  },
  {
    "review_id": "10142777",
    "movie_id": "103797",
    "author": "navk****",
    "review": "네이버 평이 너무 좋아서 봤는데, 너무 실망스럽네요. 왜 이렇게 좋은 평을 받는 지 이해가 안되네요. 클레멘타인 같은 건가요?",
    "rating": "6",
    "date": "15.07.25"
  },
  {
    "review_id": "10125962",
    "movie_id": "103797",
    "author": "krki****",
    "review": "청춘을 추억하게하는 그리고 현재 20대의 열정을 잊는 나에게 일침하는 영화",
    "rating": "9",
    "date": "15.07.21"
  },
  {
    "review_id": "10117404",
    "movie_id": "103797",
    "author": "sdwt****",
    "review": "최고다우리시대 젊은이그리고 내 이야기였다",
    "rating": "10",
    "date": "15.07.18"
  },
  {
    "review_id": "10106009",
    "movie_id": "103797",
    "author": "chad****",
    "review": "good good good",
    "rating": "8",
    "date": "15.07.15"
  },
  {
    "review_id": "10105769",
    "movie_id": "103797",
    "author": "hsis****",
    "review": "단순하게 살지 못했던 우리를 위해족구라는 생활스포츠를 통해서 해답을 알려준다물론 그 답은 영화를 보면 알 수 있다",
    "rating": "9",
    "date": "15.07.15"
  },
  {
    "review_id": "10105548",
    "movie_id": "103797",
    "author": "9344****",
    "review": "이 영화는 청춘을 즐기지못했던 30대와 청춘을 즐기지못하고있는 20대 그 모두를 아우르고 있다",
    "rating": "8",
    "date": "15.07.15"
  },
  {
    "review_id": "10079524",
    "movie_id": "103797",
    "author": "klpr****",
    "review": "너무 기대해서 그런가..그냥 거품이 좀 낀 영화같은데..더 좋게 스토리를 이끌 수 있을 거 같은 데 그냥 진부한 흐름대로 전개돼서 그닥..근데 나쁘지 않음.  마지막 독수리 슛 때문에 살렸음 ㅋㅋㅋ그리고 안나는 왜 그런거임..마지막에",
    "rating": "6",
    "date": "15.07.08"
  },
  {
    "review_id": "10062765",
    "movie_id": "103797",
    "author": "kben****",
    "review": "완전 감동~ 인생에 대해 생각하게 해주는 멋진 영화였어요~!",
    "rating": "10",
    "date": "15.07.02"
  },
  {
    "review_id": "10061795",
    "movie_id": "103797",
    "author": "qhrd****",
    "review": "청춘이라 더 여운을 주는 영화",
    "rating": "10",
    "date": "15.07.02"
  },
  {
    "review_id": "10061618",
    "movie_id": "103797",
    "author": "popy****",
    "review": "여주 웃음소리 개짱나...;;;",
    "rating": "5",
    "date": "15.07.02"
  },
  {
    "review_id": "10058146",
    "movie_id": "103797",
    "author": "tuna****",
    "review": "재미도 없고 감동도 없고.. 평점 8.5 이해가 안감. 알바생들인가?",
    "rating": "1",
    "date": "15.07.01"
  },
  {
    "review_id": "10057146",
    "movie_id": "103797",
    "author": "mode****",
    "review": "대학시절이 그립다..",
    "rating": "10",
    "date": "15.07.01"
  },
  {
    "review_id": "10057145",
    "movie_id": "103797",
    "author": "yoo9****",
    "review": "꿈과 현실이 같지 않을 수 있다는 젊은 시절의 단면을 일깨워주는 유쾌한 영화 한편 정말 재미있게 잘 봤읍니다 ^^",
    "rating": "9",
    "date": "15.07.01"
  },
  {
    "review_id": "10057113",
    "movie_id": "103797",
    "author": "hspe****",
    "review": "용기있는 자가 족구는 우승해도 미인은 얻지 못 한다.",
    "rating": "8",
    "date": "15.07.01"
  },
  {
    "review_id": "10057111",
    "movie_id": "103797",
    "author": "dltm****",
    "review": "안재홍 너무 좋아 ㅠㅠㅠ",
    "rating": "10",
    "date": "15.07.01"
  },
  {
    "review_id": "10057085",
    "movie_id": "103797",
    "author": "jh20****",
    "review": "나는 흐뭇해서 보고있는데",
    "rating": "10",
    "date": "15.07.01"
  },
  {
    "review_id": "10057080",
    "movie_id": "103797",
    "author": "sepu****",
    "review": "미치겠..ㅋㅋㅋ 내가 꺼뒀던 핸드폰을 평점주려고 충전했다",
    "rating": "1",
    "date": "15.07.01"
  },
  {
    "review_id": "10055340",
    "movie_id": "103797",
    "author": "ghml****",
    "review": "20대로서 20대 청춘들이 꼭 봐야할 영화",
    "rating": "9",
    "date": "15.06.30"
  },
  {
    "review_id": "10052018",
    "movie_id": "103797",
    "author": "pure****",
    "review": "제목때문에 꺼려지는 영화이지만...",
    "rating": "9",
    "date": "15.06.29"
  },
  {
    "review_id": "10049751",
    "movie_id": "103797",
    "author": "vkxm****",
    "review": "이제막 스무살됬는데 지금 살고있는 순간순간을 후회하지 않게 살고싶다는 생각을 확고하게 해준 영화다. 정말 재밌었고 눈물도 났고 고마운 영화다. 나도 앞으로는 고민만 하지않고 마음껏 부딫혀보고 깨져도보면서 살거다. 후회하지 않겠다.",
    "rating": "10",
    "date": "15.06.28"
  },
  {
    "review_id": "10049441",
    "movie_id": "103797",
    "author": "gksr****",
    "review": "이런 꿀잼영화는 더 많은 사람들이 봐야한다",
    "rating": "10",
    "date": "15.06.28"
  },
  {
    "review_id": "10049431",
    "movie_id": "103797",
    "author": "inos****",
    "review": "독립영화 다운 기발한 소재로 재밌게 이야기가 진행된다. 배우들의 연기도 좋고 연출력도 상업영화 수준으로 깔끔하고 세련됐다. 독립영화 특유의 강한 메시지가 없는 것은 아쉽다.",
    "rating": "6",
    "date": "15.06.28"
  },
  {
    "review_id": "10042692",
    "movie_id": "103797",
    "author": "sigu****",
    "review": "일상적인 평범한 이야기를 지루하지 않게 잘 그려낸 영화",
    "rating": "10",
    "date": "15.06.27"
  },
  {
    "review_id": "10042350",
    "movie_id": "103797",
    "author": "koba****",
    "review": "독립영화의 진수를 보여주는 아주 감동적인 영화",
    "rating": "10",
    "date": "15.06.27"
  },
  {
    "review_id": "10033915",
    "movie_id": "103797",
    "author": "alru****",
    "review": "최고의 영화 청춘을 되돌아보는 영화",
    "rating": "10",
    "date": "15.06.25"
  },
  {
    "review_id": "10031316",
    "movie_id": "103797",
    "author": "thtj****",
    "review": "킬링타임 용으로도 좋고 대학생이신 분들은 공감도 될 것 같기도 하고.. 저 또한 많은 걸 느끼게 하네요! 생각하기에 따라서 가볍지만 그렇게 가볍지 만은 않은 영화 같아요. 저는 추천합니다 !",
    "rating": "7",
    "date": "15.06.25"
  },
  {
    "review_id": "10029803",
    "movie_id": "103797",
    "author": "acft****",
    "review": "황승언미만잡 진짜 예쁘따",
    "rating": "10",
    "date": "15.06.24"
  },
  {
    "review_id": "10021409",
    "movie_id": "103797",
    "author": "samu****",
    "review": "최고야~~ 진짜 닥치고 일단보자.",
    "rating": "10",
    "date": "15.06.22"
  },
  {
    "review_id": "10019649",
    "movie_id": "103797",
    "author": "ufoa****",
    "review": "너무 큰 기대를 했나봐요. 하지만 재미지긴합니다",
    "rating": "8",
    "date": "15.06.21"
  },
  {
    "review_id": "10014172",
    "movie_id": "103797",
    "author": "maba****",
    "review": "영어발표할때 다크나이트라이즈 패러디한 씬 정말 재밌었어욬ㅋㅋ",
    "rating": "9",
    "date": "15.06.20"
  },
  {
    "review_id": "10009584",
    "movie_id": "103797",
    "author": "vest****",
    "review": "쓸데없는 짓이 아님을 깨닫게 해주는 공감되는 영화",
    "rating": "10",
    "date": "15.06.18"
  },
  {
    "review_id": "10005735",
    "movie_id": "103797",
    "author": "p_ju****",
    "review": "오랜만에 배 잡고 본 영화. 꿀잼. 단연 최고의 명대사는. 독구하고 안다있네.(족구하고 앉아있네)",
    "rating": "9",
    "date": "15.06.17"
  },
  {
    "review_id": "9988777",
    "movie_id": "103797",
    "author": "pj35****",
    "review": "잼있습니다. 강추합니다.",
    "rating": "10",
    "date": "15.06.10"
  },
  {
    "review_id": "9982298",
    "movie_id": "103797",
    "author": "ydh6****",
    "review": "재밌습니다. 그리고 감동입니다.",
    "rating": "10",
    "date": "15.06.07"
  },
  {
    "review_id": "9979547",
    "movie_id": "103797",
    "author": "gram****",
    "review": "진작 이 영화를 보왔으면 좋았을 것을. 분위기가 어떻든, 되든 안되는 좋아하는 여자가 있다면 당당히, 멋지게 고백할껄... 수진아 사랑한다. 중국에서든 한국에서든 다시 만난다면 꼭 사랑한다고 할께..",
    "rating": "9",
    "date": "15.06.06"
  },
  {
    "review_id": "9977060",
    "movie_id": "103797",
    "author": "hauk****",
    "review": "난 감정이 매마른건가? 유치하고 오글거려서 못보겠다. 여주는 매우 예쁨.. 어휴 유치해",
    "rating": "1",
    "date": "15.06.05"
  },
  {
    "review_id": "9976401",
    "movie_id": "103797",
    "author": "deff****",
    "review": "솔직히 중간중간 코믹 상황은 신선했지만 족구라는게 영 마음에 와 닿지는 않는다",
    "rating": "4",
    "date": "15.06.05"
  },
  {
    "review_id": "9975851",
    "movie_id": "103797",
    "author": "dhki****",
    "review": "개취지만 이런영화에 일점을 주는 분들을 이해할수가없다",
    "rating": "10",
    "date": "15.06.04"
  },
  {
    "review_id": "9975385",
    "movie_id": "103797",
    "author": "slee****",
    "review": "여러가질 생각하게 하네요",
    "rating": "10",
    "date": "15.06.04"
  },
  {
    "review_id": "9974839",
    "movie_id": "103797",
    "author": "sys9****",
    "review": "제대후 복학한 지 한 달이 되가는데.. 만섭이의 얘기가 너무 공감이 간다. 주변 친구들은 공무원 시험에 취업준비에 다들 바쁘고 놀 시간이 없다고들 하는데 그런 얘기를 들으면 나도 조바심이 난다. 만섭이처럼 즐길줄 아는 청춘을 보내고싶다!",
    "rating": "9",
    "date": "15.06.04"
  },
  {
    "review_id": "9969719",
    "movie_id": "103797",
    "author": "jeum****",
    "review": "여기서 주인공은 절대 찌질이가 아니다",
    "rating": "10",
    "date": "15.06.02"
  },
  {
    "review_id": "9960091",
    "movie_id": "103797",
    "author": "spac****",
    "review": "알바섀퀴들 3대가 저주받아라!!!",
    "rating": "2",
    "date": "15.05.29"
  },
  {
    "review_id": "9958286",
    "movie_id": "103797",
    "author": "dbwo****",
    "review": "보고 위로받고 그리워함",
    "rating": "10",
    "date": "15.05.28"
  },
  {
    "review_id": "9941524",
    "movie_id": "103797",
    "author": "mun9****",
    "review": "내가 만약 인생의 마지막에서 지금 스물넷의 나를 되돌아본다면 어떨까 생각을 하게 만드네요",
    "rating": "9",
    "date": "15.05.23"
  },
  {
    "review_id": "9931390",
    "movie_id": "103797",
    "author": "sing****",
    "review": "'족구 같은 소리'지만 아무나 할 수 있는건 아니다. 'human doing'에서 'human being'으로 쉬어갈 수 있는 힘을 주는 영화. 무엇이 목적이 되어야 하는지 족구 자체의 여유로 표현해주는 청춘물.",
    "rating": "9",
    "date": "15.05.19"
  },
  {
    "review_id": "9924758",
    "movie_id": "103797",
    "author": "aluk****",
    "review": "어지간한 한국영화보다는 훨씬 좋습니다. 여주 연기력이 좀 아쉬울뿐....",
    "rating": "10",
    "date": "15.05.17"
  },
  {
    "review_id": "9922600",
    "movie_id": "103797",
    "author": "smc1****",
    "review": "좋은 영화 감사합니다!",
    "rating": "9",
    "date": "15.05.16"
  },
  {
    "review_id": "9921191",
    "movie_id": "103797",
    "author": "hkig****",
    "review": "아..가벼움 속에 숨겨진 묵직함이란..",
    "rating": "9",
    "date": "15.05.16"
  },
  {
    "review_id": "9920926",
    "movie_id": "103797",
    "author": "iwai****",
    "review": "킬링타임용 7점 + 황승언 이뻐서 1점",
    "rating": "8",
    "date": "15.05.16"
  },
  {
    "review_id": "9920541",
    "movie_id": "103797",
    "author": "stpi****",
    "review": "스물 넷 아직은 뜨거워야 할 청춘",
    "rating": "9",
    "date": "15.05.16"
  },
  {
    "review_id": "9919805",
    "movie_id": "103797",
    "author": "ansd****",
    "review": "완전 신선하니 재미있네요",
    "rating": "9",
    "date": "15.05.15"
  },
  {
    "review_id": "9912917",
    "movie_id": "103797",
    "author": "jame****",
    "review": "이런 영화가 많이 나와야 하는데.",
    "rating": "6",
    "date": "15.05.12"
  },
  {
    "review_id": "9912703",
    "movie_id": "103797",
    "author": "heed****",
    "review": "재미있게 잘 봤습니다!!!",
    "rating": "10",
    "date": "15.05.12"
  },
  {
    "review_id": "9910635",
    "movie_id": "103797",
    "author": "sara****",
    "review": "영화가 끝나면 만섭이잘생겨보인다",
    "rating": "10",
    "date": "15.05.11"
  },
  {
    "review_id": "9907449",
    "movie_id": "103797",
    "author": "sexy****",
    "review": "대학시절에 가졌던 도전 모험 그런 것들을 다시 한번 느끼게 해주었던 영화",
    "rating": "9",
    "date": "15.05.10"
  },
  {
    "review_id": "9904062",
    "movie_id": "103797",
    "author": "ywsd****",
    "review": "기대 안하고 봤는데 이런 수작이!!!  ㅋㅋ어설픈 대사와 연기들이 더 배꼽 빠지게 만드네요!!무조건 보셔!!",
    "rating": "10",
    "date": "15.05.08"
  },
  {
    "review_id": "9903780",
    "movie_id": "103797",
    "author": "full****",
    "review": "너무너무 재미있었습니다~",
    "rating": "10",
    "date": "15.05.08"
  },
  {
    "review_id": "9902741",
    "movie_id": "103797",
    "author": "dete****",
    "review": "만섭이답지 않았던 대학시절 내가 떠오르면서 씁쓸하지만 분명히 유쾌할 수 있고 가치있는 영화라고 생각합니다. 이런 영화가 더 많아지고 많은 사람들이 봐야 하는데...",
    "rating": "10",
    "date": "15.05.08"
  },
  {
    "review_id": "9894209",
    "movie_id": "103797",
    "author": "bigd****",
    "review": "젊은 시절 이렇게 뭐 하나에 미쳐보는 것도 나쁘지만은 않음",
    "rating": "9",
    "date": "15.05.04"
  },
  {
    "review_id": "9887370",
    "movie_id": "103797",
    "author": "drea****",
    "review": "족구 스포츠 영화 신선하고 지금까지의 내모습이 너무 한심해보였다",
    "rating": "10",
    "date": "15.05.02"
  },
  {
    "review_id": "9885813",
    "movie_id": "103797",
    "author": "chec****",
    "review": "흠 너무 지루했다 독립영화란",
    "rating": "5",
    "date": "15.05.02"
  },
  {
    "review_id": "9885650",
    "movie_id": "103797",
    "author": "os_n****",
    "review": "참 재미있었다. ㅎㅎㅎㅎ",
    "rating": "8",
    "date": "15.05.02"
  },
  {
    "review_id": "9877512",
    "movie_id": "103797",
    "author": "lgsi****",
    "review": "뜨거움이 느껴졌다. 이젠 놓아주고 나아가야지.",
    "rating": "10",
    "date": "15.04.29"
  },
  {
    "review_id": "9877337",
    "movie_id": "103797",
    "author": "ske4****",
    "review": "선병맛 후병맛인 영화지만 거품잔뜩 끼고 건방진 배우놈들 나오는 상업영화보다 이런 독립영화가 마음속에 오래 남는다!",
    "rating": "10",
    "date": "15.04.29"
  },
  {
    "review_id": "9877243",
    "movie_id": "103797",
    "author": "youl****",
    "review": "안재홍의 생활연기 정말 인상적이다. 다시마만 먹어... 다시마만 먹어... 다시마만 먹어... 조연도 맛깔났던 영화!",
    "rating": "10",
    "date": "15.04.29"
  },
  {
    "review_id": "9876318",
    "movie_id": "103797",
    "author": "kmog****",
    "review": "자기계발의 전성시대에 이것도 계발이지 않느냐고 질문한다",
    "rating": "10",
    "date": "15.04.28"
  },
  {
    "review_id": "9872597",
    "movie_id": "103797",
    "author": "dlcj****",
    "review": "쌉싸름한 현실 속의 새콤달콤하고 톡 쏘는  사랑과 우정, 성장...이런 게 청춘예찬이지.",
    "rating": "9",
    "date": "15.04.27"
  },
  {
    "review_id": "9872432",
    "movie_id": "103797",
    "author": "kalm****",
    "review": "최고의 영화 ! 극장에서 6번 감상!",
    "rating": "10",
    "date": "15.04.27"
  },
  {
    "review_id": "9860337",
    "movie_id": "103797",
    "author": "cpu1****",
    "review": "코미디의 본분에 충실한 정말 드문 유형의 '진짜' 코미디 영화. 생각할 거리도 많다. 이런 개성 넘치는 영화들이 더 많이 나와줬으면 한다.",
    "rating": "10",
    "date": "15.04.23"
  },
  {
    "review_id": "9856385",
    "movie_id": "103797",
    "author": "sukk****",
    "review": "병맛이면서도 순간순간 장면들이 지루한게 없다. 저예산 영화임에도 기획력이 쩐다진짜",
    "rating": "10",
    "date": "15.04.22"
  },
  {
    "review_id": "9855090",
    "movie_id": "103797",
    "author": "dowa****",
    "review": "어떤 공감도 이끌지 못한 쿵푸축구의 짝퉁 족구영화.",
    "rating": "3",
    "date": "15.04.20"
  },
  {
    "review_id": "9854554",
    "movie_id": "103797",
    "author": "gksk****",
    "review": "신선한 소재와  배우들의 재미난 연기와 이야기가 맘 편히 보게 함~ 나름 감동도 있고~ 이런 영화 많아졌으면 좋겠네요.~",
    "rating": "9",
    "date": "15.04.20"
  },
  {
    "review_id": "9852084",
    "movie_id": "103797",
    "author": "dooh****",
    "review": "안재홍 연기 너무 자연스러웠다. 연출력도 있고 기대보다 너무 재밌게 봤습니다 ^^",
    "rating": "10",
    "date": "15.04.19"
  },
  {
    "review_id": "9851328",
    "movie_id": "103797",
    "author": "crow****",
    "review": "영화를 이렇게 유쾌하면서도 귀엽게 만들다니!! 원래 10개 주려던 거 막장(?)으로 가길래 9.5개로 줄일려다 깨알같은 엔딩크레딧에 10개 박음! 영화관 안 가고 tv로 봐서 미안할 정도다",
    "rating": "10",
    "date": "15.04.18"
  },
  {
    "review_id": "9850199",
    "movie_id": "103797",
    "author": "lyk0****",
    "review": "B급 병맛코미디일줄 알았는데 만섭이가 아주 진지해서 매력있음.. 미래에서 현재를 돌이켰을때 후회하지않기 위해 지금도 잘노는 나에게 정당성을 부여한 또 하나의 영화.. 젊음에 관한 2편의 시도 정말 좋고♥ 다만 중간에 조금 지루한게 흠",
    "rating": "6",
    "date": "15.04.17"
  },
  {
    "review_id": "9850007",
    "movie_id": "103797",
    "author": "eomj****",
    "review": "누군가 주말에 시간때울만한 영화를 추천해달라고 한다면 무조건 이영화를 추천하겠다",
    "rating": "10",
    "date": "15.04.17"
  },
  {
    "review_id": "9849778",
    "movie_id": "103797",
    "author": "knif****",
    "review": "진짜 재밌게봤었다. 강추.",
    "rating": "10",
    "date": "15.04.17"
  },
  {
    "review_id": "9849486",
    "movie_id": "103797",
    "author": "dkal****",
    "review": "청춘을 제대로 즐겨야겟다",
    "rating": "10",
    "date": "15.04.17"
  },
  {
    "review_id": "9849479",
    "movie_id": "103797",
    "author": "kiyo****",
    "review": "와 시종일관 유쾌하다 ㅋㅋㅋㅋ",
    "rating": "10",
    "date": "15.04.17"
  },
  {
    "review_id": "9849440",
    "movie_id": "103797",
    "author": "gg96****",
    "review": "오랜만에재밌는영화봤네요",
    "rating": "10",
    "date": "15.04.17"
  },
  {
    "review_id": "9849426",
    "movie_id": "103797",
    "author": "hoji****",
    "review": "우리나라에도 아런 영화가 있었네. 꼭 워터보이즈 보는 것 같네 진짜 잘 만들었다.",
    "rating": "10",
    "date": "15.04.17"
  },
  {
    "review_id": "9849064",
    "movie_id": "103797",
    "author": "dulc****",
    "review": "또다시 입대해도 좋으니 20대 초반으로 간절히 돌아가고싶게 만드는 영화.",
    "rating": "7",
    "date": "15.04.17"
  },
  {
    "review_id": "9845089",
    "movie_id": "103797",
    "author": "kimj****",
    "review": "박평식아들입니다 싸나이라면다공감되고좋은데 나중에안나 가 결국 그니주를선택하는거에좀아쉽네요 그거말곤굿",
    "rating": "10",
    "date": "15.04.14"
  },
  {
    "review_id": "9842944",
    "movie_id": "103797",
    "author": "lsy2****",
    "review": "하 평점보고 봤다가 시간낭비 극심,,",
    "rating": "1",
    "date": "15.04.12"
  }
]