[
  {
    "review_id": "10014468",
    "movie_id": "103743",
    "author": "saum****",
    "review": "정말 기대 않 했는데 않하는게 남. 진심 재미없음.",
    "rating": "1",
    "date": "15.06.20"
  },
  {
    "review_id": "9825884",
    "movie_id": "103743",
    "author": "nine****",
    "review": "밋밋함과 잔잔함 사이에서..",
    "rating": "6",
    "date": "15.04.04"
  },
  {
    "review_id": "9817367",
    "movie_id": "103743",
    "author": "knh1****",
    "review": "기대안하고보면좋음 잔잔하고",
    "rating": "8",
    "date": "15.03.30"
  },
  {
    "review_id": "9754945",
    "movie_id": "103743",
    "author": "saro****",
    "review": "나름 재밌었다..ㅋㅋ",
    "rating": "9",
    "date": "15.03.03"
  },
  {
    "review_id": "9626120",
    "movie_id": "103743",
    "author": "tank****",
    "review": "순수하다고 봐야하나...ㅡ.ㅡ 오늘 알았네요...고인의명복을빕니다.",
    "rating": "6",
    "date": "15.01.23"
  },
  {
    "review_id": "9586030",
    "movie_id": "103743",
    "author": "daag****",
    "review": "유치하고 찌질하지만 진솔하고 따뜻한 이야기~",
    "rating": "8",
    "date": "15.01.12"
  },
  {
    "review_id": "9539385",
    "movie_id": "103743",
    "author": "ocmr****",
    "review": "초반부는 좀 지루한데 갈수록 현실적이고 공감가는 부분도 있고 ㅋㅋ 아무튼 괜찮네요 제가 가지고 있던 독립영화에 대한 고정관념이 조금 바뀐듯 ㅋㅋ",
    "rating": "8",
    "date": "14.12.30"
  },
  {
    "review_id": "9512136",
    "movie_id": "103743",
    "author": "dlhw****",
    "review": "연말 가비얍게 보기 정말 좋은 영화. 미소가 폭소가 된다.커플이 함께 보아도 재미있겠다. 쿨하려하지만 결국은 찌질한 보통내기들 우리에게 보내는 위안.",
    "rating": "9",
    "date": "14.12.25"
  },
  {
    "review_id": "9504032",
    "movie_id": "103743",
    "author": "yume****",
    "review": "인간적인, 너무나 인간적인",
    "rating": "9",
    "date": "14.12.23"
  },
  {
    "review_id": "9490751",
    "movie_id": "103743",
    "author": "rosy****",
    "review": "봄까지 찍었더라면 또 어떤 스토리로 이어졌을까?  청춘들의 사랑이 어설퍼서 더욱 순수하다는 생각이 들었어요.    30년전의 젊은날의 나도 저렇게 예쁜 사랑을 했겠지하며 영화를 봤네요.. 고인의 명복을 빌면서...",
    "rating": "10",
    "date": "14.12.19"
  },
  {
    "review_id": "9468901",
    "movie_id": "103743",
    "author": "kgs0****",
    "review": "순수하면서 솔직해서 좋았다.  이응재 배우의 유작. 안타깝다",
    "rating": "8",
    "date": "14.12.12"
  },
  {
    "review_id": "9467928",
    "movie_id": "103743",
    "author": "hori****",
    "review": "감독의 연출능력이 무척 흥미롭다. 좋은 작품인 것 같다. 일반상영관에서 상영하면 더욱 많은 사람들이 볼것같다. 다음 작품도 기대해봅닉니다.",
    "rating": "10",
    "date": "14.12.12"
  },
  {
    "review_id": "9464717",
    "movie_id": "103743",
    "author": "brur****",
    "review": "순수하면서도 솔직한수줍지만 대범한그런 영화^^재밌게 잘봤어요!!^^",
    "rating": "10",
    "date": "14.12.11"
  },
  {
    "review_id": "9463199",
    "movie_id": "103743",
    "author": "iron****",
    "review": "요샌 영화 내용들이 뻔해서 왠만함 오글아들기 쉽지 않은데,보는 내내 오글거림에 푹 빠졌던 영화인 듯 해요.",
    "rating": "10",
    "date": "14.12.10"
  },
  {
    "review_id": "9460299",
    "movie_id": "103743",
    "author": "grib****",
    "review": "위트와  재치 유쾌함 찌질함이 두루두루 공존하며 어우러져 공감할 수 있어 즐거웠다. 보는 내내.",
    "rating": "9",
    "date": "14.12.09"
  },
  {
    "review_id": "9459164",
    "movie_id": "103743",
    "author": "annd****",
    "review": "좋습니다. 장편과 옴니버스. 계절과 시간.",
    "rating": "9",
    "date": "14.12.08"
  },
  {
    "review_id": "9457866",
    "movie_id": "103743",
    "author": "emic****",
    "review": "보는 내내 므흣함. 기대이상",
    "rating": "10",
    "date": "14.12.08"
  },
  {
    "review_id": "9449923",
    "movie_id": "103743",
    "author": "kend****",
    "review": "올 겨울 추천 영화! 따뜻해지는 영화에요",
    "rating": "10",
    "date": "14.12.05"
  },
  {
    "review_id": "9449389",
    "movie_id": "103743",
    "author": "kyoi****",
    "review": "의외로 잼있다 거기다 인간적이고 가슴따뜻해진다겨울에 보기엔 딱인듯 -",
    "rating": "9",
    "date": "14.12.05"
  },
  {
    "review_id": "9449353",
    "movie_id": "103743",
    "author": "102p****",
    "review": "완전 재미있게 봤습니다~ 계속 대사가 머릿속에 맴도네요~~",
    "rating": "10",
    "date": "14.12.05"
  },
  {
    "review_id": "9449279",
    "movie_id": "103743",
    "author": "swea****",
    "review": "경기 분당에도 개봉하면 좋겠네요 ^^",
    "rating": "10",
    "date": "14.12.05"
  },
  {
    "review_id": "9449039",
    "movie_id": "103743",
    "author": "giny****",
    "review": "간만에 사람 냄새나는 영화  입니다.",
    "rating": "9",
    "date": "14.12.05"
  },
  {
    "review_id": "9448968",
    "movie_id": "103743",
    "author": "mayy****",
    "review": "색깔있는 멜로..처음 만나는 유머와 위트 보는 내내 입꼬리 올라갔어요",
    "rating": "9",
    "date": "14.12.05"
  },
  {
    "review_id": "9448848",
    "movie_id": "103743",
    "author": "seok****",
    "review": "독립영화인데 로맨틱코메디 장르를 잘 살렸네요. 재미있고 신선했어요! 남주 찌질한데 귀여워요ㅋㅋㅋ",
    "rating": "10",
    "date": "14.12.05"
  },
  {
    "review_id": "9448713",
    "movie_id": "103743",
    "author": "mayl****",
    "review": "따뜻하고 순박한 홍상수 영화 같다는 느낌을 받았어요!특히 세번째 로 보여 지는 ' 눈꽃 열차'는 정말 좋았습니다.  이 감독의 다음 작품도 기다려 지는데요.",
    "rating": "9",
    "date": "14.12.05"
  },
  {
    "review_id": "9448376",
    "movie_id": "103743",
    "author": "susu****",
    "review": "추운 겨울에 따뜻한 군 고구마 한 입 먹고 기분 좋아졌을때처럼.. 그렇게 싱겁게웃긴다.ㅋㅋ* 소소하게, 일상의 리듬이 잔잔하게 흐르는 영화다.",
    "rating": "8",
    "date": "14.12.05"
  },
  {
    "review_id": "9447866",
    "movie_id": "103743",
    "author": "534k****",
    "review": "기대 안했는데 기대 이상이다",
    "rating": "8",
    "date": "14.12.05"
  },
  {
    "review_id": "9447810",
    "movie_id": "103743",
    "author": "niss****",
    "review": "젊은 이들의 아름다운 사랑이 예뻐보인다. 조금은 천천히 가는 그들의 사랑에 미소가 지어진다.",
    "rating": "10",
    "date": "14.12.04"
  },
  {
    "review_id": "9447681",
    "movie_id": "103743",
    "author": "peea****",
    "review": "은근 재밌네요. 기대를 안하고 봐서인지..  처음 10분 정도는 지루했는데 그 뒤로는 재밌었어요. 영화 장르는 코미디로 되어 있는데 잔잔한 로맨스가 맞을듯요  찌질이 화이팅 ㅎㅎ",
    "rating": "8",
    "date": "14.12.04"
  }
]