[
  {
    "review_id": "10263027",
    "movie_id": "103752",
    "author": "wrap****",
    "review": "ㅋ .... 마ㅡ카므나ㅡ니타ㅡㅓㄴ",
    "rating": "10",
    "date": "15.08.22"
  },
  {
    "review_id": "10222374",
    "movie_id": "103752",
    "author": "shar****",
    "review": "무서운집 좀 본받아라.",
    "rating": "5",
    "date": "15.08.13"
  },
  {
    "review_id": "10134654",
    "movie_id": "103752",
    "author": "seon****",
    "review": "박한별  나오기에 한국영화인줄 알았구만..ㅎㅎ",
    "rating": "4",
    "date": "15.07.23"
  },
  {
    "review_id": "10133356",
    "movie_id": "103752",
    "author": "happ****",
    "review": "안병기 감독님! 감독님의 작품 항상 열심히 보고 있습니다. 노력하시는 열정 영화에 뭍어나오는 연륜 그 고뇌의 시간!!이루 말할수 없이 감동이 밀려오내요 보는내내 아찔 그리고 소름 등에서 전해지는 전율의 그순간 아직도 잊을수 없내요 감사합니다. 노잼",
    "rating": "10",
    "date": "15.07.23"
  },
  {
    "review_id": "10078156",
    "movie_id": "103752",
    "author": "garg****",
    "review": "1점 주려다가 분신사바 '2' 니까 홍진호도 좀 생각나고 해서 2점 드림",
    "rating": "2",
    "date": "15.07.07"
  },
  {
    "review_id": "10077888",
    "movie_id": "103752",
    "author": "kkar****",
    "review": "아주 지독한악몽을꾼것같아",
    "rating": "1",
    "date": "15.07.07"
  },
  {
    "review_id": "9985689",
    "movie_id": "103752",
    "author": "pont****",
    "review": "박한별같은 귀신이라면 날 찾아와도 된다..",
    "rating": "4",
    "date": "15.06.09"
  },
  {
    "review_id": "9980447",
    "movie_id": "103752",
    "author": "gegi****",
    "review": "개노재미. 뭔가 봤던게 많다싶어서 찾아보니 가위랑 비슷함",
    "rating": "1",
    "date": "15.06.06"
  },
  {
    "review_id": "9945310",
    "movie_id": "103752",
    "author": "fldp****",
    "review": "솔직히 분신사바1도 노잼이었음ㅇㅇ",
    "rating": "1",
    "date": "15.05.24"
  },
  {
    "review_id": "9812894",
    "movie_id": "103752",
    "author": "fbi4****",
    "review": "좋아친구들이랑~꺄~~",
    "rating": "10",
    "date": "15.03.28"
  },
  {
    "review_id": "9799191",
    "movie_id": "103752",
    "author": "1231****",
    "review": "감상이고 뭐고 할 게 없다. 우스꽝스러운 공포에, 둔하고 재치없는 스토리, 시대착오적 감각... 제발 이런 수준 낮은 차이나영화좀 수입하지 말자. 그나마 박한별 미모 때문에 끝까지 참고 봤다. 안병기는 계속 중국관객용 영화만 만들길. 보기 싫다",
    "rating": "2",
    "date": "15.03.22"
  },
  {
    "review_id": "9640934",
    "movie_id": "103752",
    "author": "ninz****",
    "review": "개10노잼 보다가 진짜 졸았다",
    "rating": "1",
    "date": "15.01.26"
  },
  {
    "review_id": "9634764",
    "movie_id": "103752",
    "author": "jdoo****",
    "review": "그래도 소녀괴담보단 나았다",
    "rating": "3",
    "date": "15.01.25"
  },
  {
    "review_id": "9632771",
    "movie_id": "103752",
    "author": "xkrg****",
    "review": "와진짜 무솝다.. 괜찮은거같음",
    "rating": "10",
    "date": "15.01.24"
  },
  {
    "review_id": "9628852",
    "movie_id": "103752",
    "author": "bbb4****",
    "review": "보고 리뷰쓰려고했는데 진짜 지치게 재미없고 지겹다 내가 참다참다 13분이상은 못보겠음",
    "rating": "1",
    "date": "15.01.24"
  },
  {
    "review_id": "9597662",
    "movie_id": "103752",
    "author": "tmdr****",
    "review": "ㅎㅎ아주조아여 쿠쿠쿠",
    "rating": "10",
    "date": "15.01.15"
  },
  {
    "review_id": "9573990",
    "movie_id": "103752",
    "author": "akqj****",
    "review": "무섭고 재밌었다 먼가 반전이였다",
    "rating": "5",
    "date": "15.01.08"
  },
  {
    "review_id": "9526170",
    "movie_id": "103752",
    "author": "qldg****",
    "review": "시간이 아까움....ㅎㅎ",
    "rating": "1",
    "date": "14.12.27"
  },
  {
    "review_id": "9416154",
    "movie_id": "103752",
    "author": "snac****",
    "review": "분신사바2 딸아이랑 너무너무 잼있게 봤어여^^",
    "rating": "8",
    "date": "14.11.23"
  },
  {
    "review_id": "9349878",
    "movie_id": "103752",
    "author": "zxcv****",
    "review": "완전...실망영화였죵..ㅎ.ㅡㅁ",
    "rating": "2",
    "date": "14.11.07"
  },
  {
    "review_id": "9336469",
    "movie_id": "103752",
    "author": "eeue****",
    "review": "재미있을까바 봣는데 재미없었네요",
    "rating": "1",
    "date": "14.11.02"
  },
  {
    "review_id": "9333579",
    "movie_id": "103752",
    "author": "k779****",
    "review": "재미있게  잘봤습니다  고생많으셨어요 ^^",
    "rating": "9",
    "date": "14.11.01"
  },
  {
    "review_id": "9309453",
    "movie_id": "103752",
    "author": "redt****",
    "review": "공포영화 매니아고.. 다양성을 인정하는 편이지만.. 이건 도대체.. 뭐라고 해야할지...",
    "rating": "1",
    "date": "14.10.23"
  },
  {
    "review_id": "9307023",
    "movie_id": "103752",
    "author": "gall****",
    "review": "스토리는  감독 자신의 예전작인 가위를 리메이크(?)한 듯 한데.. 한국인 입장서는 본 영화 또 보는 기분일것이다. 물론 스토리나 공포연출에서 가위엔 현저히 못미친다. 박한별의 압도적 미모에 5점 드림",
    "rating": "5",
    "date": "14.10.21"
  },
  {
    "review_id": "9259206",
    "movie_id": "103752",
    "author": "virl****",
    "review": "박한별 나와서 10점  ㅅㅅㅅ",
    "rating": "10",
    "date": "14.10.03"
  },
  {
    "review_id": "9242662",
    "movie_id": "103752",
    "author": "arti****",
    "review": "중국 장르 영화는 아직 갈 길이 멀다.",
    "rating": "5",
    "date": "14.09.26"
  },
  {
    "review_id": "9238367",
    "movie_id": "103752",
    "author": "kms5****",
    "review": "1점도 아깝다. 이 영화가 돈내고 보는 영화라는게 더 공포스럽다.",
    "rating": "1",
    "date": "14.09.24"
  },
  {
    "review_id": "9238003",
    "movie_id": "103752",
    "author": "ksy8****",
    "review": "아~ 쓰레기영화인지 . 2002년도에 나왔던 영화랑 다를게없군,패러디 할꺼면 좀 다르게 하던가, 누가봐도 가위영화네요~ (하지원, 김규리 나온영화).이거 왜 만든걸까요??? 이해가 안감",
    "rating": "1",
    "date": "14.09.24"
  },
  {
    "review_id": "9222622",
    "movie_id": "103752",
    "author": "hada****",
    "review": "가위 + 분신사바 합체작품",
    "rating": "10",
    "date": "14.09.18"
  },
  {
    "review_id": "9217164",
    "movie_id": "103752",
    "author": "happ****",
    "review": "ㅡㅡ;; 해도해도넘한듯가위랑너무똑같음..그냥 제목만 다른것.!",
    "rating": "1",
    "date": "14.09.15"
  },
  {
    "review_id": "9211017",
    "movie_id": "103752",
    "author": "bhjh****",
    "review": "장난하나 한국판가위 김규리하지원   ㅋ언제적걸 3분보고 꺼버렸다",
    "rating": "1",
    "date": "14.09.13"
  },
  {
    "review_id": "9151196",
    "movie_id": "103752",
    "author": "tyqs****",
    "review": "저는 볼만했어요 그냥 ㅋㅋㅋ",
    "rating": "8",
    "date": "14.08.31"
  },
  {
    "review_id": "9149814",
    "movie_id": "103752",
    "author": "vmff****",
    "review": "보다가 나온영화는 내인생중 처음이다",
    "rating": "1",
    "date": "14.08.31"
  },
  {
    "review_id": "9143972",
    "movie_id": "103752",
    "author": "bloo****",
    "review": "분신사바를 또 만들다니;;;",
    "rating": "4",
    "date": "14.08.29"
  },
  {
    "review_id": "9141608",
    "movie_id": "103752",
    "author": "dlwo****",
    "review": "무섭도록 지루하고 재미 없다.",
    "rating": "1",
    "date": "14.08.28"
  },
  {
    "review_id": "9132216",
    "movie_id": "103752",
    "author": "taeg****",
    "review": "박한별이 호러영화 많이 찍길래 일부러 챙겨봤어요",
    "rating": "5",
    "date": "14.08.25"
  },
  {
    "review_id": "9132140",
    "movie_id": "103752",
    "author": "lebi****",
    "review": "박한별 연기잘해요???   그런데 완전 무섭다ㅠㅠ 다른영화보다 완전무서워",
    "rating": "1",
    "date": "14.08.25"
  },
  {
    "review_id": "9130581",
    "movie_id": "103752",
    "author": "rd72****",
    "review": "이 영화를 위해 주문을 외워주고 싶다",
    "rating": "1",
    "date": "14.08.24"
  },
  {
    "review_id": "9126654",
    "movie_id": "103752",
    "author": "limi****",
    "review": "분신사바1 에비해 떨어지네요. 그저그런 공포영화입니다.박한별이 영화 잘못 선택했네요. 실망입니다.",
    "rating": "4",
    "date": "14.08.23"
  },
  {
    "review_id": "9122618",
    "movie_id": "103752",
    "author": "dkdl****",
    "review": "박한별만이쁘다...",
    "rating": "3",
    "date": "14.08.22"
  },
  {
    "review_id": "9120470",
    "movie_id": "103752",
    "author": "hong****",
    "review": "이거 10점준 애들은 대체 뭐하는 것들이지?",
    "rating": "1",
    "date": "14.08.22"
  },
  {
    "review_id": "9120191",
    "movie_id": "103752",
    "author": "char****",
    "review": "리메이크 대륙판 가위. 함보세요 똑같음",
    "rating": "1",
    "date": "14.08.22"
  },
  {
    "review_id": "9118409",
    "movie_id": "103752",
    "author": "beck****",
    "review": "명탐점 코난이 되어버린 분신사바.",
    "rating": "4",
    "date": "14.08.21"
  },
  {
    "review_id": "9117397",
    "movie_id": "103752",
    "author": "like****",
    "review": "머 이따구냐.돈아까웡 ㅠ",
    "rating": "1",
    "date": "14.08.21"
  },
  {
    "review_id": "9116193",
    "movie_id": "103752",
    "author": "stou****",
    "review": "여배우들 떄문에 끝까지 봤다... 볼 사람은 보지마라... 진심..",
    "rating": "1",
    "date": "14.08.20"
  },
  {
    "review_id": "9108036",
    "movie_id": "103752",
    "author": "hjjo****",
    "review": "이영화 가위 중국판으로 리메이크한거란 말 왜 안하셨나요???",
    "rating": "2",
    "date": "14.08.18"
  },
  {
    "review_id": "9105184",
    "movie_id": "103752",
    "author": "taru****",
    "review": "다행히 지루하진 않지만 공포도 스릴도 클라이막스도 없다 박한별이 예쁘다는 것만 인상적 왜 분신사바라고 지은건지 이해가 안되네",
    "rating": "6",
    "date": "14.08.18"
  },
  {
    "review_id": "9105091",
    "movie_id": "103752",
    "author": "yumi****",
    "review": "그닥기대안했어서..실망이그닥크진않았지만..너무흔하고흔해어디선가본듯한,뻔한스토리에..긴장감없이지루한전개..그놈의샤오아이의사연이궁금하여끝까지보긴했으나...결말도..그닥....너무뻔했다....평점이렇게낮게준건진짜처음임..;;",
    "rating": "1",
    "date": "14.08.18"
  },
  {
    "review_id": "9104387",
    "movie_id": "103752",
    "author": "11pa****",
    "review": "자기영화를 리메이크하는 감독의 패기",
    "rating": "1",
    "date": "14.08.17"
  },
  {
    "review_id": "9102627",
    "movie_id": "103752",
    "author": "dlak****",
    "review": "어두운화면때문에 답답하고..안무섭고 안재밌고..",
    "rating": "1",
    "date": "14.08.17"
  },
  {
    "review_id": "9101664",
    "movie_id": "103752",
    "author": "bak2****",
    "review": "개노잼 이렇게 안무서운공포영화는처음봄박한별빼고 누가 누군지 모르겠음중국이 참 공포영화는 못만드네",
    "rating": "1",
    "date": "14.08.17"
  },
  {
    "review_id": "9100419",
    "movie_id": "103752",
    "author": "hans****",
    "review": "재미남 기대보더 훨신더더더",
    "rating": "8",
    "date": "14.08.17"
  },
  {
    "review_id": "9093123",
    "movie_id": "103752",
    "author": "smk9****",
    "review": "원래공포영화나공포물진짜못봐서꼭눈을가리고본다그래도엄청소리를지르고놀라는데정말이건안가려도안무섭고소리지른건딱1번..호...결말은또뭔지뭘전달하려는건지",
    "rating": "1",
    "date": "14.08.16"
  },
  {
    "review_id": "9092999",
    "movie_id": "103752",
    "author": "rytj****",
    "review": "야이 미개한새기들아 이개 영화냐 아니이걸 돈주고만들어? 미개한새들 라면이나끓여와",
    "rating": "1",
    "date": "14.08.16"
  },
  {
    "review_id": "9089612",
    "movie_id": "103752",
    "author": "tore****",
    "review": "시간많고 할일없음 보긴괜찮네요",
    "rating": "2",
    "date": "14.08.15"
  },
  {
    "review_id": "9086454",
    "movie_id": "103752",
    "author": "psp2****",
    "review": "공포영화 맞네요 영화를 보는것 자체가 공포",
    "rating": "2",
    "date": "14.08.14"
  },
  {
    "review_id": "9085887",
    "movie_id": "103752",
    "author": "kadu****",
    "review": "뭐야 이거 하지원 주연영화 가위랑 똑같잖아 장난하나지금 제목만 바꿔서",
    "rating": "2",
    "date": "14.08.14"
  },
  {
    "review_id": "9082332",
    "movie_id": "103752",
    "author": "rlaz****",
    "review": "근데 왜 가위를 리메이크 한건지 이해불가",
    "rating": "1",
    "date": "14.08.14"
  },
  {
    "review_id": "9080960",
    "movie_id": "103752",
    "author": "bare****",
    "review": "샤오아이 패러갈분 모집@",
    "rating": "1",
    "date": "14.08.13"
  },
  {
    "review_id": "9080451",
    "movie_id": "103752",
    "author": "thfl****",
    "review": "지루하면서 뻔한내용....",
    "rating": "10",
    "date": "14.08.13"
  },
  {
    "review_id": "9078044",
    "movie_id": "103752",
    "author": "fxkl****",
    "review": "참 재미있어요 옛날 분신사발보다 고난이도 공포영하라고생각이들어요",
    "rating": "8",
    "date": "14.08.13"
  },
  {
    "review_id": "9076412",
    "movie_id": "103752",
    "author": "dksk****",
    "review": "2000년도에개봉했던하지원씨출연작이랑완전똑같음..이걸영화라고...창작도없고..개연성은물에흘리시는거같고..별하나주기도안깝다..박한별이내용알았을텐데어찌했을까요?ㅎㅎ",
    "rating": "1",
    "date": "14.08.13"
  },
  {
    "review_id": "9073072",
    "movie_id": "103752",
    "author": "erbz****",
    "review": "하지원 주연  가위   똑같은데",
    "rating": "2",
    "date": "14.08.12"
  },
  {
    "review_id": "9072459",
    "movie_id": "103752",
    "author": "wjsr****",
    "review": "....화가....난다...!ㅡㅡ진심개욕나와열!!",
    "rating": "1",
    "date": "14.08.12"
  },
  {
    "review_id": "9069368",
    "movie_id": "103752",
    "author": "syna****",
    "review": "분신사바랑 먼관계냐 결말도 개연성도 아무것도 없는 박한별혼자의 쓰레기자나",
    "rating": "1",
    "date": "14.08.11"
  },
  {
    "review_id": "9069273",
    "movie_id": "103752",
    "author": "yoyo****",
    "review": "음,,,,뭐그다지 무서지는 않치만 만든사람이 열심히 만들어서.",
    "rating": "5",
    "date": "14.08.11"
  },
  {
    "review_id": "9069029",
    "movie_id": "103752",
    "author": "na4m****",
    "review": "으째....? 내용이 가위랑 너무 비슷하다.... 가위 중국판 보는듯!!!",
    "rating": "5",
    "date": "14.08.11"
  },
  {
    "review_id": "9066785",
    "movie_id": "103752",
    "author": "alsk****",
    "review": "재미없어요ㅎㅎ 연기도 참..",
    "rating": "5",
    "date": "14.08.11"
  },
  {
    "review_id": "9066341",
    "movie_id": "103752",
    "author": "rnlc****",
    "review": "나만돈주고보기아깝다",
    "rating": "1",
    "date": "14.08.11"
  },
  {
    "review_id": "9065572",
    "movie_id": "103752",
    "author": "safe****",
    "review": "DVD로 빌려봤는데 정말 시간이 아깝다",
    "rating": "1",
    "date": "14.08.10"
  },
  {
    "review_id": "9062386",
    "movie_id": "103752",
    "author": "dksu****",
    "review": "알바놈들 양심도 없냐...멀보고 십점주는거냐",
    "rating": "1",
    "date": "14.08.10"
  },
  {
    "review_id": "9060470",
    "movie_id": "103752",
    "author": "hoon****",
    "review": "음~중국판 가위를 만드신 느낌처럼 내용이 똑같네요. 결국엔 울궈먹기 식인건가요~",
    "rating": "1",
    "date": "14.08.10"
  },
  {
    "review_id": "9059537",
    "movie_id": "103752",
    "author": "dudw****",
    "review": "개노잼개노잼개노잼개노잼",
    "rating": "1",
    "date": "14.08.10"
  },
  {
    "review_id": "9052611",
    "movie_id": "103752",
    "author": "dark****",
    "review": "분신사바시리즈 하나도 안보고 본 나도 알겠다. 정말 분신사바 비중은 거의 없다. 그저 하나의 소재일뿐.",
    "rating": "6",
    "date": "14.08.08"
  },
  {
    "review_id": "9051107",
    "movie_id": "103752",
    "author": "tlsq****",
    "review": "한국영화인줄 알았잖아",
    "rating": "1",
    "date": "14.08.08"
  },
  {
    "review_id": "9050187",
    "movie_id": "103752",
    "author": "cjs0****",
    "review": "영화가 아니라 아주 큰 똥을 만들어 놨네",
    "rating": "1",
    "date": "14.08.08"
  },
  {
    "review_id": "9049057",
    "movie_id": "103752",
    "author": "gpfk****",
    "review": "중국판 가위네 ㅡ,.ㅡ",
    "rating": "1",
    "date": "14.08.08"
  },
  {
    "review_id": "9047694",
    "movie_id": "103752",
    "author": "blac****",
    "review": "별점주기도 아까워요내용이 너무 허술하고한국 중국 일본 공포에서 너무자주 쓰이는 스토리에요",
    "rating": "1",
    "date": "14.08.08"
  },
  {
    "review_id": "9046131",
    "movie_id": "103752",
    "author": "lose****",
    "review": "우리나라 영화 가위 리메이크 버전이네요ㅋ",
    "rating": "5",
    "date": "14.08.07"
  },
  {
    "review_id": "9045746",
    "movie_id": "103752",
    "author": "jjvv****",
    "review": "별 반개도아까움ㅋ 예전 하지원나온영화 가위랑 거이 비슷함 그영화에 억지로 분신사바하는거 끼워넣은 영화ㅋ",
    "rating": "1",
    "date": "14.08.07"
  },
  {
    "review_id": "9043413",
    "movie_id": "103752",
    "author": "bo63****",
    "review": "정말 이거 머지. 왜 분신사바인거지?박한별 여기 왜 출연한거지?왠만하면 재미없다 이러고 마는데정말 이 영화는 정말 당황스럽다.내 생 최악의 영화!",
    "rating": "1",
    "date": "14.08.07"
  },
  {
    "review_id": "9043368",
    "movie_id": "103752",
    "author": "goof****",
    "review": "미칀 감독아 도대체 중국이랑 아무관련도 없는데 중국이 배경이고 중국배우쓰고 박한별목소리도 다른성우가 더빙하는건데?  절대 보질마라 지금까지 본영화중에서 제일 쓰레기 같음 재미도없고 내용도 일반 한국쓰레기 공포물이랑 차이도 없고 노잼개막장 개십 돈아깝다",
    "rating": "1",
    "date": "14.08.07"
  },
  {
    "review_id": "9042621",
    "movie_id": "103752",
    "author": "dmdt****",
    "review": "배우들 존나이쁘다 무조건10이다",
    "rating": "10",
    "date": "14.08.07"
  },
  {
    "review_id": "9042019",
    "movie_id": "103752",
    "author": "kod1****",
    "review": "가위껄 그대로 가져왔네 ㅋㅋㅋㅋ 진짜 너무하노 ㅋㅋㅋ",
    "rating": "3",
    "date": "14.08.07"
  },
  {
    "review_id": "9041757",
    "movie_id": "103752",
    "author": "hyou****",
    "review": "굳이굳에굳요굳개굳잼굳잇굳음굳굳 마일리지냠냠",
    "rating": "10",
    "date": "14.08.07"
  },
  {
    "review_id": "9041169",
    "movie_id": "103752",
    "author": "whee****",
    "review": "병기야 너는 연출하지마라  기획.제작만해라  제발",
    "rating": "2",
    "date": "14.08.06"
  },
  {
    "review_id": "9041094",
    "movie_id": "103752",
    "author": "kkr7****",
    "review": "핵 노잼. 복선인줄알았던것도 아무것도아니고 도대체 떡밥을 왜뿌려논거지 이해안가는것 투성이.. 결국은 인간이 제일 쓰레기다 뭐 이런내용인줄 알았는데 끝에가선 웬 또 귀신출현ㅋㅋㅋㅋ? 결말도 어이없고 무서움은 귀신튀어나오기로 놀래키는거밖엔.. 돈아깝",
    "rating": "1",
    "date": "14.08.06"
  },
  {
    "review_id": "9040822",
    "movie_id": "103752",
    "author": "whit****",
    "review": "....공포 영화가 맞나..?",
    "rating": "1",
    "date": "14.08.06"
  },
  {
    "review_id": "9040458",
    "movie_id": "103752",
    "author": "rchy****",
    "review": "재밋다 차암 꿀잼임 안무서워",
    "rating": "10",
    "date": "14.08.06"
  },
  {
    "review_id": "9039982",
    "movie_id": "103752",
    "author": "kjn1****",
    "review": "최최악이다 죽인다 이런영화 또 만들면,....정말  돈아깝고...하 진짜 너무 합니다 감독님 어떻게 배우를 이렇게 뽑앗으며, 스토리는 너무 뻔하고ㅠㅠ",
    "rating": "8",
    "date": "14.08.06"
  },
  {
    "review_id": "9038915",
    "movie_id": "103752",
    "author": "sata****",
    "review": "귀신이 물속에서 숨을 참고 있어 ㅋㅋㅋ 에라이 그지같은 영화",
    "rating": "1",
    "date": "14.08.06"
  },
  {
    "review_id": "9038626",
    "movie_id": "103752",
    "author": "mysk****",
    "review": "....에휴....",
    "rating": "2",
    "date": "14.08.06"
  },
  {
    "review_id": "9038313",
    "movie_id": "103752",
    "author": "idpo****",
    "review": "ㅋㅋ OOO  내가 영화한번 보면 아무리 재미 없어도 끝까지 보는데 이건 40?분 정도 보고 포기함..",
    "rating": "1",
    "date": "14.08.06"
  },
  {
    "review_id": "9038184",
    "movie_id": "103752",
    "author": "wntj****",
    "review": "너무 기대하고봤는데 그닥...약간 무섭고 소름돋는정도?약간 아쉬운점도 많은 영화인거같다..근데 1만원내고 1시간넘게본게 좀 후회가되네..",
    "rating": "5",
    "date": "14.08.06"
  },
  {
    "review_id": "9037834",
    "movie_id": "103752",
    "author": "hear****",
    "review": "평점이 너무 낮은거같아서 근데 마지막에 박한별은 왜웃는거야?",
    "rating": "10",
    "date": "14.08.06"
  },
  {
    "review_id": "9037604",
    "movie_id": "103752",
    "author": "qkrd****",
    "review": "제목은 분신사바면서 내용은 분신사바 하는거 하나도없음..하..답답",
    "rating": "1",
    "date": "14.08.06"
  },
  {
    "review_id": "9035272",
    "movie_id": "103752",
    "author": "adiv****",
    "review": "잠 안올때 보면 잠 잘옴. 박한별이 아까움",
    "rating": "3",
    "date": "14.08.06"
  },
  {
    "review_id": "9034945",
    "movie_id": "103752",
    "author": "rkdx****",
    "review": "이 영화를 보고 1시간34분이 지난게최고의 공포다",
    "rating": "1",
    "date": "14.08.06"
  },
  {
    "review_id": "9031758",
    "movie_id": "103752",
    "author": "love****",
    "review": "솔직히 평점주기도 아깝다. 공포영화보기위해 여름만을 기다렸건만 하지원출연작인 옛날 한국공포영화 가위와 똑같은 시나리오라니.. 중국판 가위를 분신사바2라고 제목만 변경했네.. 대사마저 거의 똑같네.. 어이없는 이 허무함",
    "rating": "1",
    "date": "14.08.05"
  },
  {
    "review_id": "9031737",
    "movie_id": "103752",
    "author": "hsxi****",
    "review": "평점 0점은 줄수 없구나..",
    "rating": "1",
    "date": "14.08.05"
  }
]