[
  {
    "review_id": "10275190",
    "movie_id": "103708",
    "author": "supe****",
    "review": "완벽한 영상과 음악. 아쉬운 스토리. 화나는 할아버지",
    "rating": "7",
    "date": "15.08.25"
  },
  {
    "review_id": "10262398",
    "movie_id": "103708",
    "author": "cand****",
    "review": "재미있었음..근데 뒤에갈수록 이야기가 산으로.ㅋㅋㅋ",
    "rating": "9",
    "date": "15.08.22"
  },
  {
    "review_id": "10247446",
    "movie_id": "103708",
    "author": "fore****",
    "review": "우리딸 더 크기전에 귀농하자~",
    "rating": "9",
    "date": "15.08.18"
  },
  {
    "review_id": "10235491",
    "movie_id": "103708",
    "author": "crec****",
    "review": "가구야가 넘 불쌍해요ㅠㅜ가구야아빠는 현실적으로  정말 눈치없네요 ㅋㅋ뭔가 딸의 마음을 정말 몰라주는 아빠네요(-_-)그래도 잼있기는 넘 잼있고지브리는 항상 좋은 영화만 보내주니깐완전 반(?)했어요 ㅎㅎ",
    "rating": "10",
    "date": "15.08.15"
  },
  {
    "review_id": "10182346",
    "movie_id": "103708",
    "author": "blue****",
    "review": "행복과 삶에 대해 진지하게 생각해볼 수 있게 했던 영화 ~!",
    "rating": "10",
    "date": "15.08.04"
  },
  {
    "review_id": "10181168",
    "movie_id": "103708",
    "author": "seon****",
    "review": "아! 뭔가 우리가 잊고살았던것을 알려주는것같네요...어른이 되면서 순수,동심 다 잃어버리고 아니버릴수밖에없지만 ..그모든것들을 우리가 무엇이 삶에 목적인지..하지만 그모든거뜻대로 할수없다는것도..가구야공주가 다겪어보고 달로갔네요..",
    "rating": "10",
    "date": "15.08.03"
  },
  {
    "review_id": "10167521",
    "movie_id": "103708",
    "author": "beau****",
    "review": "가구야공주의 마지막모습이 애처롭다 ㅠㅠ",
    "rating": "10",
    "date": "15.07.31"
  },
  {
    "review_id": "10158949",
    "movie_id": "103708",
    "author": "lith****",
    "review": "눈물 흘려본 최고의 애니였습니다.",
    "rating": "10",
    "date": "15.07.29"
  },
  {
    "review_id": "10155640",
    "movie_id": "103708",
    "author": "whit****",
    "review": "원작 타케토리모노가타리에 없는 스테마루라는 인물을 작중에 투입.. 카구야히메가 원하는 것에 관한 이야기를 잘 풀어줬고 지브리의 영상편집력 또한 돋보였다",
    "rating": "9",
    "date": "15.07.29"
  },
  {
    "review_id": "10131320",
    "movie_id": "103708",
    "author": "gksq****",
    "review": "내가 원했던 결말이랑은 거리가 멀었지만 오랜만에 여유갖기 좋은영화였다",
    "rating": "10",
    "date": "15.07.22"
  },
  {
    "review_id": "10127134",
    "movie_id": "103708",
    "author": "aorl****",
    "review": "스테마루가 그때 아직 미혼남이였으면 가구야랑 만낫을때 감동적이였을텐데 유부남이여서 감동적이기보단 좀...내용은 지루햇는데 그림체가 이뻐서 볼만했음",
    "rating": "7",
    "date": "15.07.22"
  },
  {
    "review_id": "10109666",
    "movie_id": "103708",
    "author": "pjmm****",
    "review": "너무잘봤습니다밤에보면안될듯하네요",
    "rating": "9",
    "date": "15.07.16"
  },
  {
    "review_id": "10102891",
    "movie_id": "103708",
    "author": "ghlt****",
    "review": "잘 보았습니다....",
    "rating": "10",
    "date": "15.07.14"
  },
  {
    "review_id": "10079681",
    "movie_id": "103708",
    "author": "yuio****",
    "review": "10점을주지않을수밖에 없네요♥가구야 공주의 심정이 그대로 색체와 선으로 나타나고또 노래에서 계속 여운에 남아요",
    "rating": "10",
    "date": "15.07.08"
  },
  {
    "review_id": "10059582",
    "movie_id": "103708",
    "author": "hyel****",
    "review": "왜봐 이걸 1점도 아깝",
    "rating": "1",
    "date": "15.07.02"
  },
  {
    "review_id": "10055782",
    "movie_id": "103708",
    "author": "char****",
    "review": "아무리 돈 많은 집에서 좋은 옷 입고 좋은 음식 먹고 좋은 대접 받고 살아도 진정 하고 싶은 것을 하고 살지 않으면 그것은 행복이 아니다. 내가 진정으로 하고 싶은 것을 하며 살때, 사람답게 살때가 가장 행복한 것이 라는 걸 느꼈다.",
    "rating": "10",
    "date": "15.06.30"
  },
  {
    "review_id": "10028940",
    "movie_id": "103708",
    "author": "skat****",
    "review": "허나, 방법이 틀린 사랑",
    "rating": "9",
    "date": "15.06.24"
  },
  {
    "review_id": "9979056",
    "movie_id": "103708",
    "author": "sact****",
    "review": "쩐다. 역대 지브리 작품 중에서도 손으로 꼽을 듯.",
    "rating": "10",
    "date": "15.06.06"
  },
  {
    "review_id": "9977145",
    "movie_id": "103708",
    "author": "hana****",
    "review": "부유하고 화려했던 삶보다 소박한 삶속에서 소중한 사람들과 함께였을때 진정 행복해보였던 대나무순에서 태어난 신비롭고 특별했던 소녀 가구야공주 ..수채화같은 영상미가 돋보였던 감성적인 판타지 애니메이션 ..",
    "rating": "7",
    "date": "15.06.05"
  },
  {
    "review_id": "9964500",
    "movie_id": "103708",
    "author": "nbin****",
    "review": "이야기만큼이나 그림과 색감이 아름답다",
    "rating": "9",
    "date": "15.05.31"
  },
  {
    "review_id": "9960808",
    "movie_id": "103708",
    "author": "lgs6****",
    "review": "그림이 너무 이쁘고 따뜻하다",
    "rating": "10",
    "date": "15.05.30"
  },
  {
    "review_id": "9942507",
    "movie_id": "103708",
    "author": "kumo****",
    "review": "지브리는 역시 미야자키 하야오 그리고 다카하타 이사오 입니다. 이분들 작품은 보고나면 항상 가슴이 메어와서 좀 아프지만... 또다시 이런 감정 갖게 해주셔 감사합니다.",
    "rating": "10",
    "date": "15.05.23"
  },
  {
    "review_id": "9926742",
    "movie_id": "103708",
    "author": "st_b****",
    "review": "히메만 불쌍함ㅠㅠ 히메 엄마도 진짜 안타까웠다ㅠㅠ 마지막 울 때 나도 같이 엉엉 울었음ㅠ그리고 씬스틸러ㅋㅋ 짝달막하니 통통하고 귀여웠던 시녀ㅋㅋㅋ",
    "rating": "10",
    "date": "15.05.17"
  },
  {
    "review_id": "9923379",
    "movie_id": "103708",
    "author": "lees****",
    "review": "재미가 없지는 않은데 내가 어른이라서 그런지 청소년기에 본 지브리 처럼 벅차고 그렇진 않았음.ㅎㅎ그리고 유부남인데 여자보고 아내 내팽겨치고 따라간 스테마루나 턱으로 찌를듯한 기세인 황제나..어휴..ㅋ노답",
    "rating": "7",
    "date": "15.05.16"
  },
  {
    "review_id": "9912318",
    "movie_id": "103708",
    "author": "xiob****",
    "review": "허울뿐인 거짓으로 사는 삶이 아닌 땅과 자연의 조화로운 진실된 삶을 바랬던 달사람의 눈물이 담긴 애니메이션.",
    "rating": "7",
    "date": "15.05.12"
  },
  {
    "review_id": "9910755",
    "movie_id": "103708",
    "author": "wins****",
    "review": "작풍, 화법이 예술이네. 한 프레임, 한 프레임이 전부 수채화같은데 그냥 머 대단하다는 생각밖에 안든다.",
    "rating": "10",
    "date": "15.05.11"
  },
  {
    "review_id": "9907850",
    "movie_id": "103708",
    "author": "ojh7****",
    "review": "인생이란 어디에서 시작해서 어디로 가는 가에 대해 생각해볼 수 있는 시간을 선사하는 영화...",
    "rating": "10",
    "date": "15.05.10"
  },
  {
    "review_id": "9869796",
    "movie_id": "103708",
    "author": "blue****",
    "review": "선녀가 양아치네 말도 안끝났는데 날개옷 강제로 입히고.. 잔잔한 감동이 너무 훌륭했어요",
    "rating": "9",
    "date": "15.04.26"
  },
  {
    "review_id": "9869012",
    "movie_id": "103708",
    "author": "ssre****",
    "review": "기억에 남는것은 스테마루 쓰레기. 강려크하다",
    "rating": "8",
    "date": "15.04.26"
  },
  {
    "review_id": "9852909",
    "movie_id": "103708",
    "author": "cher****",
    "review": "신선하네요 재밌어요 안 보신분들은 꼭 보세요",
    "rating": "10",
    "date": "15.04.19"
  },
  {
    "review_id": "9844940",
    "movie_id": "103708",
    "author": "sh35****",
    "review": "10점이 만점이라 10점 밖에 줄 수 없어서 안타까울 따름이다. 미야자키 이 외의 작품에는 흥미가 없었는데.. 2시간 이상이 아깝지 않을만큼 .. 만화스럽지 않고 정말.. 재미있었다. 다음에 또 보고 싶다. 아껴서..",
    "rating": "10",
    "date": "15.04.14"
  },
  {
    "review_id": "9844390",
    "movie_id": "103708",
    "author": "n6vr****",
    "review": "으...재미없어!!",
    "rating": "3",
    "date": "15.04.13"
  },
  {
    "review_id": "9843290",
    "movie_id": "103708",
    "author": "gumj****",
    "review": "잔잔하고 좋네요 연출이나 그림 표현 방법도 좋아요",
    "rating": "7",
    "date": "15.04.12"
  },
  {
    "review_id": "9817899",
    "movie_id": "103708",
    "author": "op18****",
    "review": "너무 재미가 있었습니다.",
    "rating": "10",
    "date": "15.03.31"
  },
  {
    "review_id": "9816367",
    "movie_id": "103708",
    "author": "pdia****",
    "review": "영화 곳곳에 느껴지는 고전의 향기와 전개가 오히려 좋았다. 단순한 동화적인 전개와 해피엔딩만이 정답은 아니다",
    "rating": "10",
    "date": "15.03.30"
  },
  {
    "review_id": "9816159",
    "movie_id": "103708",
    "author": "tmfw****",
    "review": "사실 그림체때문에 보기싫었는데보고나니 왜이제봤나싶었다히사이시조&지브리 조합을 이제 못본다니 너무 아쉽다 ㅠㅠ",
    "rating": "10",
    "date": "15.03.30"
  },
  {
    "review_id": "9815774",
    "movie_id": "103708",
    "author": "wk25****",
    "review": "초속5센티미터를 보고도 별 감동없던 나였는데....와 진짜 명작이다 죽기전엔 꼭봐야할명작평점이10이끝이라는게 아쉬울따름해피엔딩으로 끝났으면 더욱 좋았을텐데 후유증이ㅠㅠ오래가겠다",
    "rating": "10",
    "date": "15.03.29"
  },
  {
    "review_id": "9808610",
    "movie_id": "103708",
    "author": "fkvn****",
    "review": "너무슬프다ㅠㅠ펑펑울었네",
    "rating": "10",
    "date": "15.03.26"
  },
  {
    "review_id": "9806680",
    "movie_id": "103708",
    "author": "oval****",
    "review": "마일리지메세지떄문에 어쩔수 없이 마음에도 없는 평점 남김.",
    "rating": "10",
    "date": "15.03.26"
  },
  {
    "review_id": "9799688",
    "movie_id": "103708",
    "author": "qkrw****",
    "review": "시작할때는 재미있고 중간에도 재미가 있고 가구야공주가 이뻐서 좋고 그런데 뒤에는 너무 허무하게 끝났지만 그래도 감동적이고 재미가 있었어요 그래서 10점요",
    "rating": "10",
    "date": "15.03.22"
  },
  {
    "review_id": "9784046",
    "movie_id": "103708",
    "author": "pure****",
    "review": "재미있게 보긴 했는데 끝나고 생각해보니 프린세스메이커가 생각남",
    "rating": "9",
    "date": "15.03.15"
  },
  {
    "review_id": "9778710",
    "movie_id": "103708",
    "author": "sure****",
    "review": "지브리 애니메이션중 최악임 마지막에 불륜영화됨 --",
    "rating": "1",
    "date": "15.03.13"
  },
  {
    "review_id": "9775356",
    "movie_id": "103708",
    "author": "tmek****",
    "review": "마지막에 너무 슬퍼서ㅜㅜ",
    "rating": "9",
    "date": "15.03.12"
  },
  {
    "review_id": "9772664",
    "movie_id": "103708",
    "author": "hjli****",
    "review": "대중성은 떨어지지만 잔잔한 감동을 느꼈습니다.",
    "rating": "8",
    "date": "15.03.11"
  },
  {
    "review_id": "9764286",
    "movie_id": "103708",
    "author": "rabb****",
    "review": "재미없고 지루한것이 꼭 교육용 영화같다",
    "rating": "1",
    "date": "15.03.07"
  },
  {
    "review_id": "9762913",
    "movie_id": "103708",
    "author": "minh****",
    "review": "진짜쩔어 내가생각하는 지브리영화명작중 탑3에 들것같은영화랄까 계속울었어요 와 이런거많이나왔으면좋겠네요 요즘영화들 죽이고싸우고 그러는데 이렇게 뭔가 편안해진다해야되나  그냥쩔어요",
    "rating": "10",
    "date": "15.03.07"
  },
  {
    "review_id": "9753126",
    "movie_id": "103708",
    "author": "whdk****",
    "review": "ㅠ지겹다 여운이있는데 지루해",
    "rating": "6",
    "date": "15.03.02"
  },
  {
    "review_id": "9752070",
    "movie_id": "103708",
    "author": "sjui****",
    "review": "정말 너무 아름답고 가슴아픈 영화였어요. 결국 이세상에 태어나서 내가 하고싶은걸 하고 살아야한다는.. 다시한번 생각하게 만드는 영화네요.",
    "rating": "10",
    "date": "15.03.02"
  },
  {
    "review_id": "9750702",
    "movie_id": "103708",
    "author": "aoso****",
    "review": "최고의 애니메이션 지부리가 세계 최고의 애니메이션 회사라는것을 증명하는 애니 음악 연출 그림 하나하나 가슴에 남고 슬프네요 ..",
    "rating": "10",
    "date": "15.03.01"
  },
  {
    "review_id": "9748817",
    "movie_id": "103708",
    "author": "dlgm****",
    "review": "밤에 혼자서 보다가 소리없이 울었다. 내 인생을 되돌아 보며... 보고나니 왠지 속이 시원한 듯. 몇년만에 다시 이런 영화를 볼 수 있어 기뻤다.",
    "rating": "10",
    "date": "15.03.01"
  },
  {
    "review_id": "9733392",
    "movie_id": "103708",
    "author": "kos4****",
    "review": "한 폭의 수채화를 연상케 하는 아름다운 그림체로  토속신앙의 환타지아랄까... 이채롭다",
    "rating": "9",
    "date": "15.02.23"
  },
  {
    "review_id": "9732909",
    "movie_id": "103708",
    "author": "tbvj****",
    "review": "가구야의  진실된 첫사랑은 ... 거짓이고  가구야가    눈물을 흘릴때  그애처로운눈빛이 아직도 잊혀지지않음 ..",
    "rating": "10",
    "date": "15.02.23"
  },
  {
    "review_id": "9728735",
    "movie_id": "103708",
    "author": "jjd7****",
    "review": "오랜만에 감동적인 애니메이션 였습니다!!ㅠ",
    "rating": "10",
    "date": "15.02.22"
  },
  {
    "review_id": "9716357",
    "movie_id": "103708",
    "author": "sssy****",
    "review": "그림도너무예쁘지만 너무슬프다정말..",
    "rating": "10",
    "date": "15.02.20"
  },
  {
    "review_id": "9706631",
    "movie_id": "103708",
    "author": "wiec****",
    "review": "너무나 아름다워서 가슴이 아파요.",
    "rating": "10",
    "date": "15.02.17"
  },
  {
    "review_id": "9687377",
    "movie_id": "103708",
    "author": "cosm****",
    "review": "가구야는  이쁘고   스테마루는   잘생겼고   너무   너무   좋아요~",
    "rating": "10",
    "date": "15.02.11"
  },
  {
    "review_id": "9685643",
    "movie_id": "103708",
    "author": "an14****",
    "review": "인상깊은 영화였어요'가구야 공주 이야기' 노래도 영화 보고 나니 가사가 뒷이야기처럼 들렸었구요",
    "rating": "10",
    "date": "15.02.11"
  },
  {
    "review_id": "9685445",
    "movie_id": "103708",
    "author": "peop****",
    "review": "지브리 이름떼고 보아도 그렇게 칭찬할 수 있을까. 느슨한 이야기, 생동감없는 그림체, 평면적인 인물들. 일본서도 망한 만화.",
    "rating": "4",
    "date": "15.02.10"
  },
  {
    "review_id": "9667721",
    "movie_id": "103708",
    "author": "shin****",
    "review": "왜 사는지 모르며 공허하게 연명하던 내게 다시금 원래의 내 마음을 찾게 해준 고마운 작품..",
    "rating": "10",
    "date": "15.02.05"
  },
  {
    "review_id": "9667442",
    "movie_id": "103708",
    "author": "love****",
    "review": "재밌네요 정말 그말밖에...",
    "rating": "10",
    "date": "15.02.05"
  },
  {
    "review_id": "9658326",
    "movie_id": "103708",
    "author": "jcy6****",
    "review": "색감이나 그림체가 너무맘에 든다. 마지막1점을 안준건..스테마루가 아내버리고 떠나려한게..뭔가 맘에 안듬..ㅎㅎ어쨌든 정말 명작이네요♥",
    "rating": "9",
    "date": "15.02.01"
  },
  {
    "review_id": "9652072",
    "movie_id": "103708",
    "author": "www2****",
    "review": "40~60대 부모님들에게 보여주고싶은 영화다.",
    "rating": "10",
    "date": "15.01.30"
  },
  {
    "review_id": "9643897",
    "movie_id": "103708",
    "author": "bayd****",
    "review": "차라리 고귀한 아가씨보다 태어난 대나무 숲에서 시골소녀로 계속 살았다면 행복할 수 있었을텐데...",
    "rating": "8",
    "date": "15.01.28"
  },
  {
    "review_id": "9637211",
    "movie_id": "103708",
    "author": "hjkl****",
    "review": "진정한 행복이란 무엇일까...에 물음을 던지는 작품이였던거같아요. 연출이나 음악이 너무 좋아요 잊지못할 작품이될듯",
    "rating": "9",
    "date": "15.01.25"
  },
  {
    "review_id": "9628744",
    "movie_id": "103708",
    "author": "trau****",
    "review": "이런 작품이 흥행을 해야 계속해서 좋은 작품들이 나올텐데 자국에서 흥행 참패를 했다고 하니 너무 안타깝다",
    "rating": "9",
    "date": "15.01.24"
  },
  {
    "review_id": "9628556",
    "movie_id": "103708",
    "author": "goo0****",
    "review": "재미는 있었지만 그림체에 있어서 부족한 점이 느껴졌다.",
    "rating": "7",
    "date": "15.01.23"
  },
  {
    "review_id": "9617730",
    "movie_id": "103708",
    "author": "dkrk****",
    "review": "이런 거 잘 안남기는데 이 영화는 정말 내 기억속에 오래 남을 것 같다.",
    "rating": "10",
    "date": "15.01.21"
  },
  {
    "review_id": "9617659",
    "movie_id": "103708",
    "author": "dbsr****",
    "review": "이 땅의 인생이란 어떤것인지를 보여주는 작품같다.. 감동.",
    "rating": "10",
    "date": "15.01.21"
  },
  {
    "review_id": "9617594",
    "movie_id": "103708",
    "author": "prca****",
    "review": "역시 남자가 문제;; ㅋㅋㅋ황제놈때매 다 망함 ㅋㅋㅋ스테마루는 쓰레기임;;; 니 처자식은 어쩌라고 도망가재? 꼭 한폭의 그림이 흐르는것처럼 아름다운 영상미지만 남자들이 죄다 쓰레기임 공주말하는데 선녀뇬이 걍 날개옷입혀버림 헐 ㅋㅋㅋㅋ",
    "rating": "9",
    "date": "15.01.21"
  },
  {
    "review_id": "9615139",
    "movie_id": "103708",
    "author": "gree****",
    "review": "영상미와 음악 참 좋았어요. 가구야공주가 행복을 찾았으면 좋았을텐데.. 안타깝고 눈물이 나네요",
    "rating": "8",
    "date": "15.01.20"
  },
  {
    "review_id": "9614742",
    "movie_id": "103708",
    "author": "arkj****",
    "review": "우리가 알던 지브리는 어디로 갔을까?",
    "rating": "6",
    "date": "15.01.20"
  },
  {
    "review_id": "9612212",
    "movie_id": "103708",
    "author": "haji****",
    "review": "중간에 스테마루를 만나서 가구야공주랑 좀더 이야기를 풀어나갔으면 지루한면이 덜했을텐데.. 마지막에 스테마루가 유부남이어서 허무했음...ㅜ.ㅜ 스테마루가 유부남이 아니고 마지막에 가구야공주와 잘되는 해피엔딩이었으면 좀더 흥행하지않았을까..",
    "rating": "8",
    "date": "15.01.19"
  },
  {
    "review_id": "9612162",
    "movie_id": "103708",
    "author": "dnsq****",
    "review": "남는게많은영화에요정말잘봤습니다",
    "rating": "10",
    "date": "15.01.19"
  },
  {
    "review_id": "9607547",
    "movie_id": "103708",
    "author": "jura****",
    "review": "가구야 공주처럼 지조있는 아름다운 내면을 가진 여성이 되고싶다 그리고 내행복을 위해 살고싶다",
    "rating": "10",
    "date": "15.01.18"
  },
  {
    "review_id": "9599051",
    "movie_id": "103708",
    "author": "skss****",
    "review": "지루하기그지없다....평점믿고 볼 영화는 못된다.",
    "rating": "1",
    "date": "15.01.15"
  },
  {
    "review_id": "9589586",
    "movie_id": "103708",
    "author": "adiv****",
    "review": "영상미가 정말 좋았음.  진정한 사랑은 없고 욕망만 가득한 세상",
    "rating": "7",
    "date": "15.01.13"
  },
  {
    "review_id": "9586220",
    "movie_id": "103708",
    "author": "ange****",
    "review": "멍때리고본애니..정말지루하고 .. 왜본건지도모르겟음..",
    "rating": "5",
    "date": "15.01.12"
  },
  {
    "review_id": "9582763",
    "movie_id": "103708",
    "author": "sibo****",
    "review": "지루한 감도 있지만 여운이 남는 애니였다. 근데 스테마루 이새키는 대체 뭐여...??? 자식까지 있는 유부남새키가 어쩌자고...그부분이 상당히 어이없었다-.",
    "rating": "7",
    "date": "15.01.11"
  },
  {
    "review_id": "9581744",
    "movie_id": "103708",
    "author": "raco****",
    "review": "오랜만에 감성깊은 봐서 너무좋았습니다.^^",
    "rating": "10",
    "date": "15.01.10"
  },
  {
    "review_id": "9578321",
    "movie_id": "103708",
    "author": "jyj3****",
    "review": "우연히 보게 됬는데 너무 재밌다... 새드엔딩이라서 마음이 좀 먹먹하네... 하지만 작화랑 스토리가 너무 좋았다 그중에서 벚꽃 장면 나올때 진짜 장난아니게 예쁨...",
    "rating": "10",
    "date": "15.01.09"
  },
  {
    "review_id": "9577582",
    "movie_id": "103708",
    "author": "yell****",
    "review": "일본동화입니다....",
    "rating": "8",
    "date": "15.01.09"
  },
  {
    "review_id": "9575899",
    "movie_id": "103708",
    "author": "lee4****",
    "review": "명량보다평점이낮아T.T",
    "rating": "10",
    "date": "15.01.09"
  },
  {
    "review_id": "9575043",
    "movie_id": "103708",
    "author": "feel****",
    "review": "[ IMDB 8.2/10  ] 근거없는 불륜 혹은 색욕에 쩌든 인간세상의 피로한 경험.",
    "rating": "6",
    "date": "15.01.08"
  },
  {
    "review_id": "9574091",
    "movie_id": "103708",
    "author": "meta****",
    "review": "재미의 관점으로 봤을때는 그다지",
    "rating": "7",
    "date": "15.01.08"
  },
  {
    "review_id": "9572709",
    "movie_id": "103708",
    "author": "murr****",
    "review": "별점이 무의미하다. 이렇게 한장면 한장면이 아름답고 그야말로 수려한데...전통설화 이야기도 슬프지만 좋았고, ost 말할것도 없다. 8년간 500억을 들였다고 본듯한데...가치로운 작품이다.",
    "rating": "10",
    "date": "15.01.08"
  },
  {
    "review_id": "9570496",
    "movie_id": "103708",
    "author": "sohe****",
    "review": "슬펐어요.. 아버지의 행복이 공주에겐 괴로웠다니...",
    "rating": "10",
    "date": "15.01.07"
  },
  {
    "review_id": "9569694",
    "movie_id": "103708",
    "author": "2005****",
    "review": "일본애니는. 따라갈수가없는듯...독도는 우리땅",
    "rating": "10",
    "date": "15.01.07"
  },
  {
    "review_id": "9561996",
    "movie_id": "103708",
    "author": "guev****",
    "review": "두시간이 넘는시간동안  초반의 흥미를 유지해 가는군",
    "rating": "7",
    "date": "15.01.04"
  },
  {
    "review_id": "9559391",
    "movie_id": "103708",
    "author": "pink****",
    "review": "진정한 행복은 무엇인가.. 진정한 사랑은 무엇인가..지브리가 어른들에게 선사한 아름다운 동화.",
    "rating": "10",
    "date": "15.01.04"
  },
  {
    "review_id": "9558942",
    "movie_id": "103708",
    "author": "3771****",
    "review": "유려한 그림에 가슴 먹먹한 감동. 물질과 권위를 바라며 생각없이 달려나가던 내게 진정한 행복이 무엇인지 되돌아보게끔 만드는 따뜻한 이야기.",
    "rating": "8",
    "date": "15.01.04"
  },
  {
    "review_id": "9557225",
    "movie_id": "103708",
    "author": "suba****",
    "review": "엄청나게 기대하고 일본 옛 고전을 바탕으로 한거라 받아들일 준비도 다 되어있었는데도 반절쯤 지나갈때부터 지루함....초6,초4 사톤동생 보여줬는데 다 안보고 사라짐 ㅠㅠ",
    "rating": "6",
    "date": "15.01.03"
  },
  {
    "review_id": "9555638",
    "movie_id": "103708",
    "author": "bobo****",
    "review": "처음살던데로 살았다면 슬픈결말은없었을텐데.",
    "rating": "10",
    "date": "15.01.03"
  },
  {
    "review_id": "9554819",
    "movie_id": "103708",
    "author": "kweo****",
    "review": "크어~~ 이런 그림체에서 또다른 매력을 느낄 수 있다니.. 굿 ^^",
    "rating": "8",
    "date": "15.01.03"
  },
  {
    "review_id": "9554683",
    "movie_id": "103708",
    "author": "coup****",
    "review": "안타까운 스토리네요,,, 진짜 행복은 욕심이 없는 자연과 같이 사는게 행복인건데 ㅜ.        괜찮은 애니네요★★",
    "rating": "9",
    "date": "15.01.03"
  },
  {
    "review_id": "9550841",
    "movie_id": "103708",
    "author": "rhdl****",
    "review": "마지막 너무 먹먹하고 슬프네요 부모님 울때 ㅜㅜ 영상미가 신선하고 괜찮았지만 미야자키님이 은퇴작으로 이걸 했더라면;;; 왜 왜곡 영화 만들어서...; 막판에 욕을 먹는지;;; 쩝",
    "rating": "10",
    "date": "15.01.02"
  },
  {
    "review_id": "9550732",
    "movie_id": "103708",
    "author": "drea****",
    "review": "독특한 느낌의 그림체와 특히 이야기가 참 좋았다",
    "rating": "10",
    "date": "15.01.02"
  },
  {
    "review_id": "9548045",
    "movie_id": "103708",
    "author": "tnal****",
    "review": "일단 그림이 이쁘고 귀엽다. 우리나라 전래동화책을 보는듯한 느낌이드는.. 난 상상력이 부족한가 예상하지 못한 스토리였음. 무튼 미소짓게되는 영화",
    "rating": "8",
    "date": "15.01.01"
  },
  {
    "review_id": "9541241",
    "movie_id": "103708",
    "author": "jean****",
    "review": "무언가 아름답고 아프다..",
    "rating": "10",
    "date": "14.12.31"
  },
  {
    "review_id": "9536947",
    "movie_id": "103708",
    "author": "mike****",
    "review": "송충이는 솔잎을 먹고 살아야한다.",
    "rating": "8",
    "date": "14.12.30"
  },
  {
    "review_id": "9536186",
    "movie_id": "103708",
    "author": "skog****",
    "review": "자신의 이상과는  너무나도 동떨어진 현실속에서 과거를 그리워하고 끝없이 자신의 행복을 갈망하던 가구야 공주의 몸부림과 절규가 아름답고 애절하게 그려진 작품...정말 모든 면에서 최고라는 말밖에 할 수가 없는 작품",
    "rating": "10",
    "date": "14.12.29"
  }
]