[
  {
    "review_id": "10143164",
    "movie_id": "103781",
    "author": "ilov****",
    "review": "김기덕영화는 한마디로 똘기 충만한 정신세계를 가진자들에게 자극적 소재로 다가올뿐 그이상 그이하도 아니다 억지 스러운 설정과 억지스러운 대사없는 영화 비장상적인 인간들의 공간안에 관객을 넣어서 이해시키려는 아주 수준낮은 영화다 쓰레기영화는 그만 만들어라",
    "rating": "1",
    "date": "15.07.25"
  },
  {
    "review_id": "10122292",
    "movie_id": "103781",
    "author": "gbwl****",
    "review": "뭘 말하는건지 모르겠다 근데 여자는 섹시함",
    "rating": "1",
    "date": "15.07.20"
  },
  {
    "review_id": "10122111",
    "movie_id": "103781",
    "author": "akss****",
    "review": "김기덕 감독님 정말 대단하다!!서영주 배우의 앞으로의 연기 기대된다!!난 이런 영화 좋다~영화는 예술이고~예술은 보편적 상식을 뛰어넘는 것이다~!!",
    "rating": "9",
    "date": "15.07.20"
  },
  {
    "review_id": "9996015",
    "movie_id": "103781",
    "author": "sund****",
    "review": "인터스텔라 보다 더 고차원적인 경지의 영화를 보았다.",
    "rating": "9",
    "date": "15.06.13"
  },
  {
    "review_id": "9982355",
    "movie_id": "103781",
    "author": "hany****",
    "review": "김기덕 감독은.. 보는 사람이 얼마나 불편할까... 어떻게 하면 더 불편하게 볼까.. 를 고민하며 영화를 만드는 것 같다.. 10점 중 10점만큼 불편했다....",
    "rating": "10",
    "date": "15.06.07"
  },
  {
    "review_id": "9971232",
    "movie_id": "103781",
    "author": "mumm****",
    "review": "여자배우의 인공가슴이 영화 집중을 흐트리더라.. 엄마 인공가슴 어쩔껴...앞으로 캐스팅 좀 잘했으면.",
    "rating": "6",
    "date": "15.06.02"
  },
  {
    "review_id": "9930694",
    "movie_id": "103781",
    "author": "pont****",
    "review": "여배우가 글래머라는 걸 감안해서..",
    "rating": "2",
    "date": "15.05.19"
  },
  {
    "review_id": "9879682",
    "movie_id": "103781",
    "author": "jong****",
    "review": "일반인들을 위한 영화가 아니라, 작품을 만드는 사람들을 위한 영화. 한번이라도 작품을 만들어 봐야 김기덕 감독의 메세지를 정확하게 이해할 수 있다.철저하게 비현실적인 선에서의 경계로 주제를 담은 만큼 현실적인 면은 다 떼고 봐야 이해가 가능한 영화",
    "rating": "9",
    "date": "15.04.30"
  },
  {
    "review_id": "9828860",
    "movie_id": "103781",
    "author": "viol****",
    "review": "한국관객은 생소하거나 난해하면 평가절하한다. 그래서 한국인만 노벨상이 없고 동아시아 삼국중 가장 머리가 나쁜것.",
    "rating": "7",
    "date": "15.04.05"
  },
  {
    "review_id": "9754957",
    "movie_id": "103781",
    "author": "ykdi****",
    "review": "철학도 없고 재미도 없고 그저 변태일 뿐",
    "rating": "3",
    "date": "15.03.03"
  },
  {
    "review_id": "9752225",
    "movie_id": "103781",
    "author": "chic****",
    "review": "다른장면 보다도 칼과 돌장면이 너무 보기힘들었어요 그래도 감독님 좋아합니다",
    "rating": "6",
    "date": "15.03.02"
  },
  {
    "review_id": "9690224",
    "movie_id": "103781",
    "author": "xjak****",
    "review": "저는 순수하게 예술작품으로 봅니다 적어도 예술에서만큼은 현실에서의 관습적인 한계는 없이 봤으면 합니다 이 작품이 우리현실을 반영했건 안했건 이 영화가 전해 주는 메시지는 분명히 있었다고 봅니다 잘봤습니다 특히 이은우씨 조재현씨 연기는 일품이었습니다!",
    "rating": "8",
    "date": "15.02.12"
  },
  {
    "review_id": "9653497",
    "movie_id": "103781",
    "author": "thro****",
    "review": "남성 개무시하는 보빨러",
    "rating": "1",
    "date": "15.01.31"
  },
  {
    "review_id": "9631585",
    "movie_id": "103781",
    "author": "kimj****",
    "review": "최고의 영화다. 남자의 성기란 무엇인가 자신의고통을 잠시 잊고 2세에게 되물림 하는 것이던가. 무언가 인생이 고통스럽다.",
    "rating": "10",
    "date": "15.01.24"
  },
  {
    "review_id": "9610600",
    "movie_id": "103781",
    "author": "tjdw****",
    "review": "굉장히 실험적인 영화 잘봤습니다. 평점이 너무 낮은 관계로 10점",
    "rating": "10",
    "date": "15.01.18"
  },
  {
    "review_id": "9603359",
    "movie_id": "103781",
    "author": "llbo****",
    "review": "평점 남기고싶다는 맘은 첨이네.이게뭐야.!  왜대사한마디없이.더러워죽겠네",
    "rating": "1",
    "date": "15.01.17"
  },
  {
    "review_id": "9572463",
    "movie_id": "103781",
    "author": "thek****",
    "review": "보는 내내 기분더러움ㅌ",
    "rating": "1",
    "date": "15.01.07"
  },
  {
    "review_id": "9533357",
    "movie_id": "103781",
    "author": "blue****",
    "review": "하 진짜 ㅡㅡ... 기분드럽..",
    "rating": "1",
    "date": "14.12.29"
  },
  {
    "review_id": "9489242",
    "movie_id": "103781",
    "author": "twee****",
    "review": "무음이한 연속글자는 불가능 합니다.",
    "rating": "5",
    "date": "14.12.19"
  },
  {
    "review_id": "9463184",
    "movie_id": "103781",
    "author": "azus****",
    "review": "솔직히 1점도 아깝다는",
    "rating": "1",
    "date": "14.12.10"
  },
  {
    "review_id": "9458364",
    "movie_id": "103781",
    "author": "ghlf****",
    "review": "이해 하려해도 이해가 안된다아 감독님 좋아하는데이 영화는 좀 무리였어",
    "rating": "1",
    "date": "14.12.08"
  },
  {
    "review_id": "9385212",
    "movie_id": "103781",
    "author": "saty****",
    "review": "뭘 싸질러도 같잖은 논리로 빨아주는 지지자들이 존재한다는거... 김기덕이랑 제작비 투자자들도 그걸 아니까 이따위 짓거리 계속 해대는거다.",
    "rating": "1",
    "date": "14.11.15"
  },
  {
    "review_id": "9343938",
    "movie_id": "103781",
    "author": "leo2****",
    "review": "이 영화를 보고 암에 걸렸습니다.",
    "rating": "1",
    "date": "14.11.06"
  },
  {
    "review_id": "9339092",
    "movie_id": "103781",
    "author": "moon****",
    "review": "의도한 바는 아니겠지만, 소름 돋는다.",
    "rating": "6",
    "date": "14.11.03"
  },
  {
    "review_id": "9335789",
    "movie_id": "103781",
    "author": "ball****",
    "review": "'삶'이란 고통의 반복과 계속... 뫼비우스",
    "rating": "10",
    "date": "14.11.02"
  },
  {
    "review_id": "9293591",
    "movie_id": "103781",
    "author": "xx41****",
    "review": "이게 무슨 예술이냐...",
    "rating": "4",
    "date": "14.10.15"
  },
  {
    "review_id": "9290743",
    "movie_id": "103781",
    "author": "jamy****",
    "review": "김기덕의 소재와 줄거리는 극한으로 치닫는다. 이 불쾌함을 이기기 위해서는 김기덕을 이해해야하는 어려움이 있으나, 그의 연출만을 즐기는 것만으로도 충분하다. 대사가 전혀 나오지 않는 독특한 연출에 이끌려 영화를 따라간다. 그가 주는 불쾌감을 합리화.",
    "rating": "7",
    "date": "14.10.13"
  },
  {
    "review_id": "9289471",
    "movie_id": "103781",
    "author": "cty1****",
    "review": "대화 보다는 몸으로 표현하는 영화라고 할까~~~1인2역한 이은주  찬사를..",
    "rating": "3",
    "date": "14.10.13"
  },
  {
    "review_id": "9265697",
    "movie_id": "103781",
    "author": "rkdh****",
    "review": "색계에서 탕웨이가 양조위한테 당하고 나서 마지막에 입고리를 올리면서 웃는 장면이 무슨 의미인지 나는 아직도 이해가 안 된다. 그런 것처럼 배우들의 연기는 정말 좋았지만 한 5년 늙은 거 같다는 평을 한 분의 말처럼 볼 때마다 피곤해진다...",
    "rating": "8",
    "date": "14.10.05"
  },
  {
    "review_id": "9264542",
    "movie_id": "103781",
    "author": "suny****",
    "review": "대사가 없다는 걸 영화 중간에 알았다. 어떻게 대사가 없이도 표정과 연기로 모든 것을 전달할 수 있는지, 이런 아이디어를 내신 김기덕 감독님은 대단하신 것 같다.",
    "rating": "10",
    "date": "14.10.05"
  },
  {
    "review_id": "9257964",
    "movie_id": "103781",
    "author": "wjaw****",
    "review": "평이 워낙 안좋아서 빈집처럼 짜증나는 영화일까 했는데 나름 잼게봤다.. 이해안가는 장면도 있긴했지만 ㅎㅎ 근데 주인공여자 몸매 즥인다.. 배우들의 연기도 후덜덜하고",
    "rating": "9",
    "date": "14.10.03"
  },
  {
    "review_id": "9251994",
    "movie_id": "103781",
    "author": "ruda****",
    "review": "역겨워서 1점이 아니라 그냥 스토리자체가 앞뒤가 전혀 안맞는 쓰레기 영화.",
    "rating": "1",
    "date": "14.10.01"
  },
  {
    "review_id": "9248829",
    "movie_id": "103781",
    "author": "kwan****",
    "review": "견디기 힘든 영화이지만 뭔가 생각하게 한다.",
    "rating": "8",
    "date": "14.09.29"
  },
  {
    "review_id": "9242036",
    "movie_id": "103781",
    "author": "lexy****",
    "review": "평점이 너무안좋아서 10점줍니다,,근데 김기덕감독님이 예술영화라고 한것도아닌데 왜 다들 비아냥거리시는거죠?? 제가보기엔 그냥 이런영화 나쁘지않은데???인생사 보기좋은면만있던가요??이렇게 극단적으로 봄으로써 다시한번생각하는거죠",
    "rating": "10",
    "date": "14.09.26"
  },
  {
    "review_id": "9208411",
    "movie_id": "103781",
    "author": "blac****",
    "review": "대화없이 이정도로 묵직하게 끌고갈 줄이야. 김기덕감독의 걸쭉한 연출력을 새삼 느끼는데 관객들이 보는 내내 아픈 느낌을 받는 것은 그에 걸맞는 연기를 보여줬음. 교훈은 남자는 항상 조심해야 한다는 것?",
    "rating": "8",
    "date": "14.09.12"
  },
  {
    "review_id": "9170037",
    "movie_id": "103781",
    "author": "toto****",
    "review": "수취인불명, 섬, 빈집, 활, 시간 등.... 김기덕 감독님 영화를 좋아하지만 이번껀 좀 아닌 듯.... 너무 나갔어... ㅠ ㅠ",
    "rating": "4",
    "date": "14.09.05"
  },
  {
    "review_id": "9159475",
    "movie_id": "103781",
    "author": "mine****",
    "review": "감독이 프로이트를 좋아하는듯 프로이트가 처음 인간의 근본운 성욕이라고 했을때 우루루 달려와 욕을 했었지 왜냐하면 도저히 성욕이라는 추악함이 자신의 근본이라고 생각하고싶지 않았으니까한번쯤 이영화를 보면서 내거 왜 욕하고 있는지 생각해 볼 필요가 있다",
    "rating": "1",
    "date": "14.09.03"
  },
  {
    "review_id": "9132787",
    "movie_id": "103781",
    "author": "amus****",
    "review": "무서워서 영화를 보진 않았지만 김기덕 감독님 영화들 줄거리 보면 인간이 절망적인 상황에서 가장 최악으로(이성이 완전히 배제되고 본능에 충실한) 취할 수 있는 행동이 어떤 것인지를 적나라하게 잘 보여주는것같다....",
    "rating": "5",
    "date": "14.08.25"
  },
  {
    "review_id": "9128915",
    "movie_id": "103781",
    "author": "zzik****",
    "review": "가족들 또는 연인과 보기에는 버거운 내용을 다루고 있네요~",
    "rating": "7",
    "date": "14.08.24"
  },
  {
    "review_id": "9121175",
    "movie_id": "103781",
    "author": "sson****",
    "review": "굉장히 충격적이다 지금도 이해가 안된다.거부감이 온몸을 감싸는 영화",
    "rating": "2",
    "date": "14.08.22"
  },
  {
    "review_id": "9119519",
    "movie_id": "103781",
    "author": "bbin****",
    "review": "벙어리 영화냐? !??",
    "rating": "1",
    "date": "14.08.21"
  },
  {
    "review_id": "9116998",
    "movie_id": "103781",
    "author": "kpor****",
    "review": "참 애매모호한 영화다 뭐라고 말해야할지 참 주고자한 메세지가 무엇인지",
    "rating": "9",
    "date": "14.08.21"
  },
  {
    "review_id": "9082320",
    "movie_id": "103781",
    "author": "tank****",
    "review": "이은우 참 이뻐 연기도 괜찮고~ㅎ",
    "rating": "8",
    "date": "14.08.14"
  },
  {
    "review_id": "9066144",
    "movie_id": "103781",
    "author": "mada****",
    "review": "제목바꿔라. 조ㅈ짤린 부자.",
    "rating": "1",
    "date": "14.08.11"
  },
  {
    "review_id": "9065456",
    "movie_id": "103781",
    "author": "4you****",
    "review": "멘탈이 걱정됨 검색해보니 나이가 16살이던데 정사씬에 근친상간 등 여러씬들이 너무쎄서..소년같은 얼굴이라서 보기 더 힘들었음 뭔가 순수한 애를 더럽히는거같아서",
    "rating": "9",
    "date": "14.08.10"
  },
  {
    "review_id": "9044932",
    "movie_id": "103781",
    "author": "kash****",
    "review": "도데체 무슨생각하면 살아왔고 생활하기에 이딴 기괴하고 망측하고 엽기적인 영상만 쳐 만들어내는지 이새끼는 입는것부터 정신이 아주 많이 돈놈이라니까",
    "rating": "1",
    "date": "14.08.07"
  },
  {
    "review_id": "9044801",
    "movie_id": "103781",
    "author": "rlaq****",
    "review": "아나, 주제부터 뭣 같애서 안보려다가 예술성 어쩌구하길래 봤구만, 쓰레기네. 아니 주제는 그렇다쳐. 문제는 인물 심리와 행동이 이해가 안가. 행동의 개연성도 없고, 쟤네가 그런 상황때문에 저런 짓을 했구나 해야 하는데, 그냥 다 싸이코야. 감독 ㅉㅉ",
    "rating": "1",
    "date": "14.08.07"
  },
  {
    "review_id": "8976180",
    "movie_id": "103781",
    "author": "harr****",
    "review": "세 주인공의 연기가 참 좋았다. 조배우는 말할 필요 없는 명배우이며, 아들역의 배우는 나이가 믿기지 않는 연기를 보여준다. 김감독의 영화를 볼 때마다, 주제를 조금만 유하게 표현했으면 하는 아쉬움은 항상 따른다. 엔딩 크레딧의 음악이 참 좋았다",
    "rating": "7",
    "date": "14.07.29"
  },
  {
    "review_id": "8960557",
    "movie_id": "103781",
    "author": "hdle****",
    "review": "개인적으로 김기덕 감독의 작품이 제발 해외에서 상영되지 안길 바랍니다. 2년여 전 독일 모 대학에서 한국관련 영화상영 때도 그렇고 이번엔 폴란드 영화제에 나오던데 제발..우리나라 분위기 그런 나라인 줄 알아요. 좀 내보내지 마세요!!",
    "rating": "1",
    "date": "14.07.26"
  },
  {
    "review_id": "8944861",
    "movie_id": "103781",
    "author": "xyq1****",
    "review": "아들로 나온 남배우 연기가 매우 리얼했어요여자들의 질투가 어떻게 커지는지 현실적으로 보여주는거같아서 슬프기도 한 영화였어요",
    "rating": "6",
    "date": "14.07.23"
  },
  {
    "review_id": "8937853",
    "movie_id": "103781",
    "author": "hs15****",
    "review": "이 영화를 보고 이해하기엔 지금 우리나라에선 불가능하다는 생각이 듭니다. 항상 새로운 시도하는 김기덕 감독님과 영화에 10점 줍니다. 여러분들 보실때 근친으로 보지마시고, 오이디푸스 중후군을 생각하면서 보세요.",
    "rating": "10",
    "date": "14.07.21"
  },
  {
    "review_id": "8908585",
    "movie_id": "103781",
    "author": "mooj****",
    "review": "고통과 쾌락이라는 상반되는 이미지를 뫼비우스라는제목으로 표현한 감독님은 거의 천재가 아닌가싶다",
    "rating": "9",
    "date": "14.07.12"
  },
  {
    "review_id": "8901670",
    "movie_id": "103781",
    "author": "bboy****",
    "review": "얼마나 충격적인 영상을 보여주던지 그런건 판단하지 말고 그냥 느껴보는게 좋을것 같다",
    "rating": "8",
    "date": "14.07.10"
  },
  {
    "review_id": "8883584",
    "movie_id": "103781",
    "author": "tana****",
    "review": "잔인함속에 가려진 인간내면의 밑바닥을 보라,,, 우리도 결국 동물의 하나인것을,,,",
    "rating": "9",
    "date": "14.07.04"
  },
  {
    "review_id": "8881897",
    "movie_id": "103781",
    "author": "cho7****",
    "review": "그냥쓰레기 워낭소리가더남~~~",
    "rating": "1",
    "date": "14.07.04"
  },
  {
    "review_id": "8852879",
    "movie_id": "103781",
    "author": "rose****",
    "review": "쾌락과 고통의 업보에서 벗어나겠다는 말을 왜 이리 장황하고 과장되고 별 의미없는 반복을 통해 전달하는 걸까",
    "rating": "5",
    "date": "14.06.25"
  },
  {
    "review_id": "8842419",
    "movie_id": "103781",
    "author": "timh****",
    "review": "내용은 3류 야설이고, 대사없는 연출은, 대부분의 김기덕 감독 영화가 그랬듯, 단편영화에나 출품하는 습작에 지나지 않는다.",
    "rating": "2",
    "date": "14.06.20"
  },
  {
    "review_id": "8830170",
    "movie_id": "103781",
    "author": "oojj****",
    "review": "나에게는 아직까지는 쓰레기일뿐.",
    "rating": "1",
    "date": "14.06.14"
  },
  {
    "review_id": "8827145",
    "movie_id": "103781",
    "author": "ncok****",
    "review": "역시 김기덕 감독 보기에는힘들었지만 실망스럽지 않았다",
    "rating": "10",
    "date": "14.06.13"
  },
  {
    "review_id": "8817834",
    "movie_id": "103781",
    "author": "godl****",
    "review": "토할뻔...ㅠㅠ 조재현씨 좋은배우가 제발 이런영화에 출연좀하지말아주세요!!!",
    "rating": "1",
    "date": "14.06.10"
  },
  {
    "review_id": "8780581",
    "movie_id": "103781",
    "author": "sona****",
    "review": "어떻게 이런걸 표현할 생각 했을까 하는 용기에 9점 줍니다..",
    "rating": "9",
    "date": "14.05.31"
  },
  {
    "review_id": "8779325",
    "movie_id": "103781",
    "author": "lget****",
    "review": "거칠고 무자비한 광경에 눈쌀이 찌푸려지고보기 불편했지만, 욕망에 관해 고찰해볼 수 있는시간이었다.",
    "rating": "7",
    "date": "14.05.31"
  },
  {
    "review_id": "8758661",
    "movie_id": "103781",
    "author": "534k****",
    "review": "김기덕 작품은 상당히 감성적인 사람만 볼수잇을듯",
    "rating": "7",
    "date": "14.05.24"
  },
  {
    "review_id": "8752664",
    "movie_id": "103781",
    "author": "rksc****",
    "review": "인간들이라는것이보잘것없다는것을잘아시기에 '강'을지니셨어도'약'을보여주시고 '악'을학습하셨어도'선'을선물하시며 '앎'을잠재하셨어도'모름'으로배려하시는겸손하시고순박하신우리의김기덕감독님.",
    "rating": "10",
    "date": "14.05.22"
  },
  {
    "review_id": "8724851",
    "movie_id": "103781",
    "author": "kisn****",
    "review": "억압된 리비도와 카타르시스. 우리는 무엇이든간에 억압되어있다. 어떻게 풀어낼것인가. 이것을 비윤리로 볼것인가 희생으로 볼것인가는 각자 생각해보자.",
    "rating": "10",
    "date": "14.05.11"
  },
  {
    "review_id": "8717981",
    "movie_id": "103781",
    "author": "jwle****",
    "review": "오이디푸스컴플렉스를 잘 설명한 영화",
    "rating": "7",
    "date": "14.05.09"
  },
  {
    "review_id": "8715439",
    "movie_id": "103781",
    "author": "askc****",
    "review": "김기덕 본인의 자기성찰을 위한 아름다운 예술적 자위용 배설물",
    "rating": "5",
    "date": "14.05.08"
  },
  {
    "review_id": "8699519",
    "movie_id": "103781",
    "author": "kihy****",
    "review": "대사가 없어도 모든영화내용을 이해하기 충분했는데 중간중간 머리식힐 시간이 필요했던 영화.",
    "rating": "9",
    "date": "14.05.04"
  },
  {
    "review_id": "8696103",
    "movie_id": "103781",
    "author": "jcy1****",
    "review": "이런걸작을 단순히 저질영화라고만 이야기하는 한국관객들의 수준이 보인다..솔직히 영화를 돈벌이로만 이용하는 다른감독들보다 영화를 진정으로 사랑해서 만드는 예술가 김기덕감독이 훨씬 낫지아니한가?",
    "rating": "10",
    "date": "14.05.03"
  },
  {
    "review_id": "8672371",
    "movie_id": "103781",
    "author": "lyng****",
    "review": "너무나 충격적이며 신선한 작품입니다 마지막 장면은 정말 압권이었어요지금까지 감독님의 작품을 보면서 그저 발상이 남다르셔서 대단하다고만 생각했었는데이번 작품까지 보고 존경스러운 마음이 생겼습니다예술의 역활을 아주 잘 드러내고 있는 작품입니다",
    "rating": "9",
    "date": "14.04.25"
  },
  {
    "review_id": "8665941",
    "movie_id": "103781",
    "author": "kycm****",
    "review": "말이필요없는영화 발상이돋보이는영화",
    "rating": "10",
    "date": "14.04.22"
  },
  {
    "review_id": "8662722",
    "movie_id": "103781",
    "author": "kos4****",
    "review": "가식없고 속 후련한 영화다.",
    "rating": "7",
    "date": "14.04.20"
  },
  {
    "review_id": "8661691",
    "movie_id": "103781",
    "author": "only****",
    "review": "뭣도모르거봤다가 참...그래도끝까지다봤는데 담날남는건 기분나쁨",
    "rating": "3",
    "date": "14.04.20"
  },
  {
    "review_id": "8657105",
    "movie_id": "103781",
    "author": "sung****",
    "review": "보통사람은 많이 불편한 영화다. 신화적 극단성이 영화적 현실성을  오히려 나쁘게한다.",
    "rating": "3",
    "date": "14.04.18"
  },
  {
    "review_id": "8656279",
    "movie_id": "103781",
    "author": "joob****",
    "review": "제법 사나운 연출이구만...허나 난 견딜 수 있다. 이 정도쯤이야~누워서 땡땡 하기지...",
    "rating": "5",
    "date": "14.04.18"
  },
  {
    "review_id": "8652947",
    "movie_id": "103781",
    "author": "sooj****",
    "review": "한두번으로는 강렬한 연출의 이해를 돕기 쉽지 않으리라 생각합니다.단순하고 일편적인 메세지가 명불허전이시네요!그나저나 낯선 배우 아들분이랑 부인 1인2역 맡으신 여배우분은 정말 연기가 일품이시네요.조재현씨야 말할것도없고연기다운 연기 간만에 봅니다",
    "rating": "8",
    "date": "14.04.16"
  },
  {
    "review_id": "8649287",
    "movie_id": "103781",
    "author": "socc****",
    "review": "아들역할한 배우 98년생 지금 고1짜리를 베드신에쓰네  점마말고내써주지 가슴잘만질자신잇는뎅",
    "rating": "1",
    "date": "14.04.14"
  },
  {
    "review_id": "8642426",
    "movie_id": "103781",
    "author": "mirj****",
    "review": "어렵다... 기덕이 아찌 여오하 보면서.. 새로운 걸 많이 배우네용",
    "rating": "8",
    "date": "14.04.11"
  },
  {
    "review_id": "8639104",
    "movie_id": "103781",
    "author": "wade****",
    "review": "정말 인상깊게 잘봤어요..그리고 이은우씨 넘 이뻐,ㅠㅠ",
    "rating": "10",
    "date": "14.04.10"
  },
  {
    "review_id": "8635501",
    "movie_id": "103781",
    "author": "kakd****",
    "review": "이 영화 보면서 머리 아프고 구역질 나왔음. 영화 속 어머니의 분노에 차 자식 고추 싹뚝! 이상한 발상임. 한국어머니는 자신을 포기하더라도 자식 무조건 살림. 그리고 아무리 한이 많더라도 그딴 극단적인 선택하지 않음. 별 반쪽도 아까움.",
    "rating": "1",
    "date": "14.04.07"
  },
  {
    "review_id": "8633594",
    "movie_id": "103781",
    "author": "endu****",
    "review": "그래도 좀 의미있는 영화네요... 성기 잘못 눌리면 다 거세당하고 절에나 가야할판.",
    "rating": "7",
    "date": "14.04.06"
  },
  {
    "review_id": "8629098",
    "movie_id": "103781",
    "author": "psyc****",
    "review": "대사 없이 영화의 흐름이 참 멋집니다. 김기덕 감독님 영화중 '재밌네'라는 표현을 드믈게 사용하게 되는데 이영화 그랬습니다. 역시 영화를 잘 만드시는것은 분명한듯.. 배우들의 연기가 참 좋았습니다.",
    "rating": "9",
    "date": "14.04.05"
  },
  {
    "review_id": "8625613",
    "movie_id": "103781",
    "author": "shak****",
    "review": "한줄요약.. 본격 ㅈrㅈ1대소동",
    "rating": "1",
    "date": "14.04.03"
  },
  {
    "review_id": "8623388",
    "movie_id": "103781",
    "author": "kyan****",
    "review": "대사없이 볼 있는 예술영화? 무성영화도 아니고 뭐 이거.~~~",
    "rating": "1",
    "date": "14.04.02"
  },
  {
    "review_id": "8621092",
    "movie_id": "103781",
    "author": "ling****",
    "review": "과장된 표현때문에 대중에게 다가가기는 어려운 스토리와 연출이지만 언제나 김기덕 감독님이 표현 하고 자하는 욕망, 특히나 성적 욕망에 대한 고찰, 그 욕망을 네거티브한 시선으로 풀어내고, 그에  대한 답 대신 충격적인 영상과 내용으로 경고하는듯 했습니다",
    "rating": "8",
    "date": "14.03.31"
  },
  {
    "review_id": "8619443",
    "movie_id": "103781",
    "author": "ehuh****",
    "review": "솔직히 김기덕, 잘풀려서 감독이지, 완전 정신 문제 있는 사람은 맞는것같다.맨날 영화들이 다 이런 스토리다.  왜 이런 류만 만들까? 진짜 영화 쓰레기다.  작품성이 있는게 아니라, 쓰레기 영화다.",
    "rating": "1",
    "date": "14.03.31"
  },
  {
    "review_id": "8617113",
    "movie_id": "103781",
    "author": "peac****",
    "review": "드라마 예능은 쫙쫙 빨아제끼고 숭배하면서도, 김기덕은 이해 못하는 저질OO한국대중문화ㅋ",
    "rating": "10",
    "date": "14.03.30"
  },
  {
    "review_id": "8610582",
    "movie_id": "103781",
    "author": "kill****",
    "review": "내가 똥싸는걸 찍고 이건 김기덕영화고  인간의 원초적 욕망에대한 철학적 탐구라고  베를린에 딱 출품하면  기덕빠들 절라빨아대것지",
    "rating": "1",
    "date": "14.03.27"
  },
  {
    "review_id": "8609718",
    "movie_id": "103781",
    "author": "wjst****",
    "review": "스토리는 진심 토나올정도는 쓰레기 같음.연기는 진심 좋았으나. 내용자체가 완전 쓰레기",
    "rating": "6",
    "date": "14.03.27"
  },
  {
    "review_id": "8606761",
    "movie_id": "103781",
    "author": "rytv****",
    "review": "난 되게 재밋게봤다 ㅋㅋ",
    "rating": "9",
    "date": "14.03.26"
  },
  {
    "review_id": "8606549",
    "movie_id": "103781",
    "author": "obj5****",
    "review": "잘려지는 성기들속에 깨달음을 얻어?속세를 떠났다는애기임?허허~참으로 어려운 영화일세 그려~",
    "rating": "6",
    "date": "14.03.25"
  },
  {
    "review_id": "8605736",
    "movie_id": "103781",
    "author": "ysve****",
    "review": "김기덕만이 만들수 있는 섬뜩하고 괴기한 영화.",
    "rating": "8",
    "date": "14.03.25"
  },
  {
    "review_id": "8594943",
    "movie_id": "103781",
    "author": "hora****",
    "review": "이 영화를 비판하는 사람들의 입장을 존중합니다. 일리도 있구요. 그러나 그런 분들이 하시는 비판은 이 영화를 재미있고 흥미있게 보는 사람을 마치 천한 야동관람객으로 매도하는 듯한 느낌이에요. 비판하는 입장을 존중해 주면 좋아하는 입장도 생각해 주셔야죠",
    "rating": "9",
    "date": "14.03.22"
  },
  {
    "review_id": "8585380",
    "movie_id": "103781",
    "author": "ksge****",
    "review": "예술이고 나발이고 구역질난다",
    "rating": "1",
    "date": "14.03.18"
  },
  {
    "review_id": "8577552",
    "movie_id": "103781",
    "author": "hiha****",
    "review": "내용은 파격적있는데 중간 배우들 연기가 너무 어색하고 맞질않았다.이은우 연기 정말 잘한다.마지막 젓가슴보고 동일인이란걸 알았다.전체적으로 이번작품은 기존영화에 비하여 몰입도가 떨어지고 내용이 남지않는다",
    "rating": "6",
    "date": "14.03.15"
  },
  {
    "review_id": "8573893",
    "movie_id": "103781",
    "author": "ywh2****",
    "review": "줄거리는 좋았으나 흥미는 느끼지 못함",
    "rating": "6",
    "date": "14.03.14"
  },
  {
    "review_id": "8568844",
    "movie_id": "103781",
    "author": "prs7****",
    "review": "아무리 객관적으로 사고를 해봐도... 이건 아닌듯...",
    "rating": "4",
    "date": "14.03.11"
  },
  {
    "review_id": "8563902",
    "movie_id": "103781",
    "author": "pete****",
    "review": "내가 지금 뭘 본거지..",
    "rating": "4",
    "date": "14.03.08"
  },
  {
    "review_id": "8562977",
    "movie_id": "103781",
    "author": "stin****",
    "review": "김기덕작품 다 봤는데 이제 진짜 한계인듯하네여 ㅠ 배우들이 아까워여 (여기는 왜 수정 기능이 없는건지!)",
    "rating": "2",
    "date": "14.03.08"
  },
  {
    "review_id": "8550461",
    "movie_id": "103781",
    "author": "pse5****",
    "review": "영화 연기 최고엿으나 영화가 너무 혐오스러워서 1점주구가여",
    "rating": "1",
    "date": "14.03.02"
  }
]