[
  {
    "review_id": "8508904",
    "movie_id": "103807",
    "author": "kimg****",
    "review": "예술같아 보이려는 개똥이다",
    "rating": "2",
    "date": "14.02.15"
  },
  {
    "review_id": "8415139",
    "movie_id": "103807",
    "author": "egyp****",
    "review": "몸싸움에 가까운 두 사람의 ○○인 행위로 상처를 치유하다...?조금 색다르지만 웬지 부담스러운...보는 내가 다 지친다 지쳐...차라리 연극 무대라면...",
    "rating": "5",
    "date": "14.01.23"
  },
  {
    "review_id": "8409498",
    "movie_id": "103807",
    "author": "ksja****",
    "review": "ㅎㅎ 눈앞에 선명하게 보이는 몸의 곡선과 모션이 정말 좋았네요",
    "rating": "9",
    "date": "14.01.22"
  },
  {
    "review_id": "8405504",
    "movie_id": "103807",
    "author": "rosa****",
    "review": "상징으로 가득채운게 딱 프랑스영화구만. 사랑은 늘 싸움을 동반하고, 싸움이 한편으론 치유의 과정이 되기도 하는것. 누구누구의 이야기가 아니고 사랑의 본질에대한 이야기 좋다. 변태아니다ㅋ",
    "rating": "9",
    "date": "14.01.21"
  },
  {
    "review_id": "8405384",
    "movie_id": "103807",
    "author": "ya_9****",
    "review": "얘네들 뭐하냐? 변태도 아니고..",
    "rating": "5",
    "date": "14.01.21"
  },
  {
    "review_id": "8402419",
    "movie_id": "103807",
    "author": "inog****",
    "review": "좀색달라서 몰입해서봤네요",
    "rating": "10",
    "date": "14.01.20"
  },
  {
    "review_id": "8401567",
    "movie_id": "103807",
    "author": "bles****",
    "review": "분노를 부르는 그들의 취향",
    "rating": "4",
    "date": "14.01.20"
  }
]