[
  {
    "review_id": "10221681",
    "movie_id": "103868",
    "author": "josh****",
    "review": "이 영화는 신앙을 가지고 있는 사람이 보면 더 이입해서 볼수있을 것 같다. 남들이 원하는 신앙과 내가 지켜나가야할 신앙을 분별하는 것이 얼마나 중요한것인지 알수있다.",
    "rating": "9",
    "date": "15.08.12"
  },
  {
    "review_id": "9755964",
    "movie_id": "103868",
    "author": "whyi****",
    "review": "프랑스 영화에다 수녀 얘기 라고 해서 지루 할줄 알았는데 완전 재미있음 !!!",
    "rating": "10",
    "date": "15.03.04"
  },
  {
    "review_id": "9616101",
    "movie_id": "103868",
    "author": "milk****",
    "review": "크레딧 올라가면서 들리는 바람 소리가 아직도 긧가에 맴돈다,, 끝까지 보시길...",
    "rating": "7",
    "date": "15.01.20"
  },
  {
    "review_id": "9586031",
    "movie_id": "103868",
    "author": "sils****",
    "review": "강요된 신앙에도 꿋꿋이 자신만의 신앙을 고집하는 소녀의 저항과 의지가 놀라웠다. 결말이 좀 허무할 수도 있지만  이 영화다운 결말인 것 같다.",
    "rating": "8",
    "date": "15.01.12"
  },
  {
    "review_id": "9337230",
    "movie_id": "103868",
    "author": "phss****",
    "review": "용기 있는 수잔 수녀에게 박수를,, 박수 치는 나에게 용기를,,,",
    "rating": "7",
    "date": "14.11.02"
  },
  {
    "review_id": "8872658",
    "movie_id": "103868",
    "author": "dolc****",
    "review": "소름끼쳤다. 감히 이해하기 힘들 정도의 갈망을 표현해 낸 폴린 에티엔, 그리고 극중에서 이자벨 위페르의 존재감ㅡ그 자체ㅡ을 높이 평가하고 싶다.",
    "rating": "8",
    "date": "14.07.01"
  },
  {
    "review_id": "8872098",
    "movie_id": "103868",
    "author": "jiha****",
    "review": "보는 내내 전율이.... 배우들의 연기와 대사가 아직도 가슴에 소용돌이가 되어 남습니다  삶이란 무엇일까요?!",
    "rating": "9",
    "date": "14.06.30"
  },
  {
    "review_id": "8859654",
    "movie_id": "103868",
    "author": "viol****",
    "review": "잔잔 하고 조용한 영화였던듯",
    "rating": "8",
    "date": "14.06.26"
  },
  {
    "review_id": "8851479",
    "movie_id": "103868",
    "author": "narg****",
    "review": "원작을 표현하기엔  역부족인듯",
    "rating": "6",
    "date": "14.06.24"
  },
  {
    "review_id": "8842114",
    "movie_id": "103868",
    "author": "inst****",
    "review": "연기력에 몰입하고 집중하게되는.. 언젠가부터 우리나라에는 기독교관련 영화가 거부감을 가지게됐지만 이 영화는 그런 편견을 버리고 봐야할듯...",
    "rating": "7",
    "date": "14.06.20"
  },
  {
    "review_id": "8773091",
    "movie_id": "103868",
    "author": "kimd****",
    "review": "결국은 본인의지에 집중했군요  굿",
    "rating": "8",
    "date": "14.05.29"
  },
  {
    "review_id": "8752843",
    "movie_id": "103868",
    "author": "cksn****",
    "review": "살아지는 것과 살아가는 것의 차이. 닫힌 사회가 개인에게 가하는 다양한 형태의 폭력. 그리고 이에 결코 굴할 수 없던, 한 인간의 자유를 향한 의지와 갈망.",
    "rating": "8",
    "date": "14.05.22"
  },
  {
    "review_id": "8741292",
    "movie_id": "103868",
    "author": "flyi****",
    "review": "담담한듯 강한 연기. 호옹",
    "rating": "8",
    "date": "14.05.17"
  },
  {
    "review_id": "8717890",
    "movie_id": "103868",
    "author": "thre****",
    "review": "끝으로 갈 수 록 좀 아쉽지만 잘 만들어진 영화. 특히 주인공 소녀의 연기가 인상깊습니다.",
    "rating": "8",
    "date": "14.05.09"
  },
  {
    "review_id": "8647039",
    "movie_id": "103868",
    "author": "tosh****",
    "review": "브루노뒤몽의 영화가 떠오른다",
    "rating": "9",
    "date": "14.04.13"
  },
  {
    "review_id": "8602729",
    "movie_id": "103868",
    "author": "6191****",
    "review": "예상가능한 스토리이지만 그들의 연기력에 압도당하다.",
    "rating": "9",
    "date": "14.03.24"
  },
  {
    "review_id": "8586937",
    "movie_id": "103868",
    "author": "aout****",
    "review": "플롯이 뻔하다는 거 외엔 뭐...예고편이 보여주는게 다였지만그래도 생각해 봄직한 삶에 대한 질문을 다시금 던져 무었던 영화였어요",
    "rating": "8",
    "date": "14.03.18"
  },
  {
    "review_id": "8575702",
    "movie_id": "103868",
    "author": "anir****",
    "review": "종교가 먼저일까, 인간이 먼저일까?",
    "rating": "10",
    "date": "14.03.14"
  },
  {
    "review_id": "8575412",
    "movie_id": "103868",
    "author": "korn****",
    "review": "종교란 신을 만들어낸 인간의 정신병적인 집단 자기최면. 그렇게 원하고 원했던 탈출이 다 계획된 신의 권능이라 하지말자. 도돌이표처럼 반복되는 결과론적 권능에 미칠것 같으니깐",
    "rating": "7",
    "date": "14.03.14"
  },
  {
    "review_id": "8570451",
    "movie_id": "103868",
    "author": "heed****",
    "review": "한 인간의...아픔 그리고 자유",
    "rating": "8",
    "date": "14.03.12"
  },
  {
    "review_id": "8570351",
    "movie_id": "103868",
    "author": "eion****",
    "review": "답답하고 안타까웠지만 끝에는 그나마 홀가분.. 지루하지않고 재밌는편.",
    "rating": "8",
    "date": "14.03.12"
  },
  {
    "review_id": "8545457",
    "movie_id": "103868",
    "author": "mtdu****",
    "review": "마무리가 완벽하진 않았지만 전체적인 내용은 괜찮았던것 같다",
    "rating": "9",
    "date": "14.02.28"
  },
  {
    "review_id": "8544706",
    "movie_id": "103868",
    "author": "wjda****",
    "review": "첫째. 수녀복을 비롯한 시각적 인상.  둘쨰. '나'의 주체는 누구인가.",
    "rating": "9",
    "date": "14.02.28"
  },
  {
    "review_id": "8537962",
    "movie_id": "103868",
    "author": "ehrl****",
    "review": "물론 주인공만큼은 아니지만 대대로 목사가 나오는 기독교집안에서 태어나 종교를 강요받고 있는 나인지라 공감이 갔다.알아보니 감독도 기독교집안에서 태어난,나와 비슷한 경우여서 원작소설을 보고 이런 영화를 만들었다고 하던데...",
    "rating": "9",
    "date": "14.02.26"
  },
  {
    "review_id": "8537528",
    "movie_id": "103868",
    "author": "alem****",
    "review": "슬프고 우울했던 영화...",
    "rating": "7",
    "date": "14.02.25"
  },
  {
    "review_id": "8518309",
    "movie_id": "103868",
    "author": "534k****",
    "review": "외국은 이런 영화 매우 많어",
    "rating": "8",
    "date": "14.02.18"
  },
  {
    "review_id": "8514071",
    "movie_id": "103868",
    "author": "iris****",
    "review": "무겁고 진한 영화. 배우들의 멋진 연기는 당연!",
    "rating": "8",
    "date": "14.02.16"
  },
  {
    "review_id": "8500460",
    "movie_id": "103868",
    "author": "djaa****",
    "review": "언니하고 함께본 영화.. 프랑스는 성진국이고 뵨EH다는걸 알게됫어여 T.T",
    "rating": "10",
    "date": "14.02.12"
  },
  {
    "review_id": "8500240",
    "movie_id": "103868",
    "author": "toot****",
    "review": "여주인공 폴린의 아름다움만 보면 10점. 내용도 나쁘지 않았다. 그렇지만 좀 맹맹한 느낌. 톡쏘는 무언가가 있었다면 좋았을 듯.",
    "rating": "8",
    "date": "14.02.12"
  },
  {
    "review_id": "8498673",
    "movie_id": "103868",
    "author": "kei0****",
    "review": "이자벨 위페르의 오르가즘 연기 만으로도 볼 가치가있다. 고전의 풍미가 있었고, 옷을 비롯한 전반적 영상의 세련미도 뛰어났다. 아쉬웠던 것은 몰입을 방해할 정도의 세련미와 파편적인 해석.",
    "rating": "7",
    "date": "14.02.11"
  },
  {
    "review_id": "8497514",
    "movie_id": "103868",
    "author": "memu****",
    "review": "여자도 사람인데 가슴 한켠에 사랑을 꿈꾸고 있는 소녀를 수도원에 보낸다고 하나님만을 사랑할수 있을까. 저런 강요되고 밀폐된 사회는 부정부폐를 낳을수 밖에 없다. 다행히 재능있는 변호사와 후작아버지 파워에 해방될 수 있었지 세드 엔딩 이었으면 뒷목잡을뻔",
    "rating": "9",
    "date": "14.02.11"
  },
  {
    "review_id": "8497053",
    "movie_id": "103868",
    "author": "bbq2****",
    "review": "베일을 쓴 소녀는 종교의 베일을 벗긴다.",
    "rating": "7",
    "date": "14.02.11"
  },
  {
    "review_id": "8490120",
    "movie_id": "103868",
    "author": "bles****",
    "review": "특별한 극적 장치 없이도 빛나는 그녀의 용기",
    "rating": "7",
    "date": "14.02.09"
  },
  {
    "review_id": "8488605",
    "movie_id": "103868",
    "author": "drag****",
    "review": "깊이있는 스토리는 없는듯 하다. 스토리에 상관없이 그분들은 세상의 빛과 소금이 되기위해 인생을 모두 맡긴 분들이다.",
    "rating": "1",
    "date": "14.02.08"
  },
  {
    "review_id": "8484492",
    "movie_id": "103868",
    "author": "apho****",
    "review": "피폐물ㅠㅠ 보는 내내 괴로움에 허덕허덕ㅠ 영화는 좋다",
    "rating": "8",
    "date": "14.02.07"
  },
  {
    "review_id": "8481708",
    "movie_id": "103868",
    "author": "pain****",
    "review": "잼잇게 봣네요 이런 영화는 많이 봐줘야되요",
    "rating": "10",
    "date": "14.02.06"
  },
  {
    "review_id": "8476898",
    "movie_id": "103868",
    "author": "art6****",
    "review": "청소년관람불가라 많이 잔인하거나 선정적일까봐 걱정했는데 생각보다 잔잔했다. 영화보다 책으로 읽었으면 좀 더 감동이 있지 않았을까. 영화는 무난하게 볼만했다.",
    "rating": "8",
    "date": "14.02.05"
  },
  {
    "review_id": "8474085",
    "movie_id": "103868",
    "author": "dalk****",
    "review": "살짝 뷸편한 마음이 있는건 사실이었지만 생각할꺼리가 있어 좋았다.  인간이 모인곳은.. 어딜가든 추악한 모습이 있기 마련이구나",
    "rating": "9",
    "date": "14.02.04"
  },
  {
    "review_id": "8472391",
    "movie_id": "103868",
    "author": "sent****",
    "review": "전체적으론 좋으나 약간의 긴장과 이완이 아쉽긴 하다. 하지만 복잡하게 움직이는 감정의 흐름과 날것을 보는 느낌은 좋았다. 그리고 이자벨 위페르를 볼 수 있어서 다행이다.",
    "rating": "8",
    "date": "14.02.03"
  },
  {
    "review_id": "8470124",
    "movie_id": "103868",
    "author": "azal****",
    "review": "전반적으로 스토리도 좋았고, 배우들의 연기도 좋았다. 많은 생각을 하게된 영화. 추천하고싶다",
    "rating": "7",
    "date": "14.02.03"
  },
  {
    "review_id": "8468333",
    "movie_id": "103868",
    "author": "mflo****",
    "review": "영화보는 내내 몰입되어서 봤네요, 소녀의 연기에 맘이 아팠고 수녀원을 벗어난 결말이 맘에 드네요. 배우들의 연기 너무 훌륭했습니다.18세기당시에도 종교적삶을 강요하는것과 수녀원에서의 인권유린에 놀라고 충격이었다",
    "rating": "10",
    "date": "14.02.02"
  },
  {
    "review_id": "8456146",
    "movie_id": "103868",
    "author": "huil****",
    "review": "스스로 욕망하는 삶을 살고자 하는 몸부림.",
    "rating": "8",
    "date": "14.01.31"
  },
  {
    "review_id": "8453722",
    "movie_id": "103868",
    "author": "shad****",
    "review": "이 영화의 스타일인가? 인물들의 심리나 행동변화의 맥락에 대한 살뜰한 설명이 부족하다는 느낌을 받았다. 관객의 몫이었을까^",
    "rating": "8",
    "date": "14.01.31"
  },
  {
    "review_id": "8450392",
    "movie_id": "103868",
    "author": "yhs4****",
    "review": "종교라는 가면을 쓴 인간의 이기심과 본성을 표현한 작품이 아닐까? 생각ㅐ 봅니다. 이자벨 위페르의 연기가 어떤 공포영화보다 무섭고 코믹하게 그려진게 인상깊네요.",
    "rating": "7",
    "date": "14.01.30"
  },
  {
    "review_id": "8445223",
    "movie_id": "103868",
    "author": "yeyo****",
    "review": "어느 시대에나 존재하는 사회의 억압과 폭력. 자기 인생을 찾고 싶은 소녀의 저항. 계몽주의 사상가 디드로의 작품답다. 원하지 않는 종교인의 삶이 18세기까지도 강요되었다니 놀랍다. 지금도 세상 곳곳에는 폭력과 인권 유린이 존재한다.",
    "rating": "10",
    "date": "14.01.29"
  },
  {
    "review_id": "8444680",
    "movie_id": "103868",
    "author": "gkco****",
    "review": "역시 네이마르보단 가레스 베일을 써야지",
    "rating": "10",
    "date": "14.01.29"
  },
  {
    "review_id": "8443757",
    "movie_id": "103868",
    "author": "praa****",
    "review": "스토리가 부드럽지 못하고 전달할려는것이 뚜렷하지 못한거 같다.쳅터1 수녀되기싫어요. 챕터2 sm아줌마 챕터3 레즈비언아줌마 챕터4 해방내가볼때는 망작인거 같고 이런거 왜 18금인지 모르겠다 15금정도가 딱 정당한거 같은데...",
    "rating": "4",
    "date": "14.01.29"
  },
  {
    "review_id": "8439060",
    "movie_id": "103868",
    "author": "kimc****",
    "review": "먼 곳의 누군가를 만나러 가기 위해선 마차를 타야 하고한밤중 화장실을 가기 위해선 촛불을 들어야 하며 시집을 가기위해선 지참금부터 준비해야 했던 18세기의 시골, 여성의 인생은 오로지 아버지의 의사에 달려 있던 그런 때에 한 진보적 소녀의 욕망.",
    "rating": "7",
    "date": "14.01.28"
  },
  {
    "review_id": "8437690",
    "movie_id": "103868",
    "author": "rem4****",
    "review": "만악의 근원인 종교에 대한 통렬한 비판!",
    "rating": "10",
    "date": "14.01.28"
  },
  {
    "review_id": "8435985",
    "movie_id": "103868",
    "author": "fink****",
    "review": "오랫만에  멋진 프랑스 영화 잘 보았습니다.조금은 분위기가 무거웠지만 인간에 대한 사랑이더 돋보였습니다. 수녀님들도 많이 와서 보시네요.",
    "rating": "9",
    "date": "14.01.27"
  },
  {
    "review_id": "8431032",
    "movie_id": "103868",
    "author": "bang****",
    "review": "숨막히도록 엄격한 중세의 수녀원에서 부모에 의해 반강제적으로 수녀원에 들어간  소녀. 평범한 일상으로 돌아가고자 하는그녀의 일관되고 끈질긴 의지를 눈물겹게 그린 영화",
    "rating": "6",
    "date": "14.01.26"
  },
  {
    "review_id": "8429312",
    "movie_id": "103868",
    "author": "kth3****",
    "review": "두말할 필요없는 연기와 초반부터 몰입시키는 전개 등등 여러모로 훌륭하나 주제가 외관에 묻히고 결말은 여운을 남기기에 부족하다",
    "rating": "8",
    "date": "14.01.26"
  },
  {
    "review_id": "8426982",
    "movie_id": "103868",
    "author": "junh****",
    "review": "가레스베일짱이다 헤헤",
    "rating": "10",
    "date": "14.01.25"
  },
  {
    "review_id": "8426967",
    "movie_id": "103868",
    "author": "park****",
    "review": "날지못하는 새는 죽는다. 본성에 대한 고찰",
    "rating": "10",
    "date": "14.01.25"
  },
  {
    "review_id": "8426825",
    "movie_id": "103868",
    "author": "piec****",
    "review": "자유의지를 향한 소녀의 원망어린 눈빛에서 시선을 떼기 힘들었고, 이자벨위뻬르의 이중적인 도착증세 연기-눈빛은 욕망으로 이글거리고 입은 새침하게 다문 이중성을 가진 모습-에 감탄하면서 보았고, 결말부분이 약간 미미하지 않았나 싶습니다.",
    "rating": "8",
    "date": "14.01.25"
  },
  {
    "review_id": "8425871",
    "movie_id": "103868",
    "author": "swal****",
    "review": "신을 사랑한 소녀, 신념을 위해 수녀되길 거부하다. 시리도록 아름다운 고해의 길... 누군가의 의지로 강요된 삶이 아니라 자신의 순수한 의지원하는 인생을 사는자가 세상 몇이나 될까. 돌아보면, 나도,세상 대부분의 사람들도  수잔이다.",
    "rating": "10",
    "date": "14.01.25"
  },
  {
    "review_id": "8421009",
    "movie_id": "103868",
    "author": "oh_b****",
    "review": "믿음,소망, 사랑, 그리고 인간.",
    "rating": "9",
    "date": "14.01.24"
  },
  {
    "review_id": "8420387",
    "movie_id": "103868",
    "author": "tjsg****",
    "review": "영화 좋았어요.수녀복과 사람들 의상에다가...,원장수녀들 연기 다들 인상깊었어요.",
    "rating": "10",
    "date": "14.01.24"
  },
  {
    "review_id": "8415149",
    "movie_id": "103868",
    "author": "siyi****",
    "review": "한 편의 명화를 보는 듯  공들인 미장센과 배우들의 열연이 돋보인다.",
    "rating": "10",
    "date": "14.01.23"
  },
  {
    "review_id": "8415081",
    "movie_id": "103868",
    "author": "himm****",
    "review": "집중력을 잃지 않고 우직하게 밀고나간다. 폴린 에티엔은 젊은 여성의 감정과 고뇌를 섬세하게 표현하고, 이자벨 위페르는 짧고 굵다.",
    "rating": "8",
    "date": "14.01.23"
  }
]