[
  {
    "review_id": "10248972",
    "movie_id": "104009",
    "author": "akag****",
    "review": "킬링타임으로 보다가 집중했다.. B급치곤 거의 A급임 추천함",
    "rating": "8",
    "date": "15.08.18"
  },
  {
    "review_id": "10247684",
    "movie_id": "104009",
    "author": "a085****",
    "review": "잔인한공포치고는  스토리가있어 좋았고 , 마지막으로갈수록  처절한복수와  슬픔이 함께밀려왔다   공포영화보고  눈물이 나올줄이야",
    "rating": "10",
    "date": "15.08.18"
  },
  {
    "review_id": "10232261",
    "movie_id": "104009",
    "author": "imag****",
    "review": "생각보다 괜찮은 B급 영화...마지막에 좀 짠하다...",
    "rating": "9",
    "date": "15.08.15"
  },
  {
    "review_id": "10217021",
    "movie_id": "104009",
    "author": "amug****",
    "review": "연출력은 보이는데 음악이 참 병맛이네...",
    "rating": "3",
    "date": "15.08.11"
  },
  {
    "review_id": "10214474",
    "movie_id": "104009",
    "author": "tall****",
    "review": "아싸 일빠. 고로 10점준다",
    "rating": "10",
    "date": "15.08.10"
  }
]