[
  {
    "review_id": "10257835",
    "movie_id": "104072",
    "author": "chod****",
    "review": "인생이란 무엇인가라는 여운",
    "rating": "10",
    "date": "15.08.21"
  },
  {
    "review_id": "10150752",
    "movie_id": "104072",
    "author": "mht0****",
    "review": "삶을 다시한번 되돌아보고 생각하게 하는 영화",
    "rating": "9",
    "date": "15.07.27"
  },
  {
    "review_id": "10142162",
    "movie_id": "104072",
    "author": "bysb****",
    "review": "로마는 하나의 폭동이야",
    "rating": "10",
    "date": "15.07.25"
  },
  {
    "review_id": "10141020",
    "movie_id": "104072",
    "author": "hane****",
    "review": "말그대로 그레이트 뷰티",
    "rating": "10",
    "date": "15.07.25"
  },
  {
    "review_id": "10097123",
    "movie_id": "104072",
    "author": "blac****",
    "review": "아름다운 삶의 찬가, 그 속의 쓸쓸한 묵도",
    "rating": "10",
    "date": "15.07.12"
  },
  {
    "review_id": "10082561",
    "movie_id": "104072",
    "author": "tjdd****",
    "review": "최고!지금까지 본 영화중 꼽히는 영화에요~",
    "rating": "10",
    "date": "15.07.09"
  },
  {
    "review_id": "10077086",
    "movie_id": "104072",
    "author": "alle****",
    "review": "진정한 예술영화 미장센은 즐겁지만, 난해함 또한 깊다.",
    "rating": "9",
    "date": "15.07.07"
  },
  {
    "review_id": "10053655",
    "movie_id": "104072",
    "author": "juck****",
    "review": "조금 아쉬웠어요 뜬금없는 장면들이 있어서인지",
    "rating": "6",
    "date": "15.06.29"
  },
  {
    "review_id": "10049451",
    "movie_id": "104072",
    "author": "dlwo****",
    "review": "화려함 속의 허무함이 보임.",
    "rating": "8",
    "date": "15.06.28"
  },
  {
    "review_id": "10024940",
    "movie_id": "104072",
    "author": "reme****",
    "review": "아름다움과 죽음에 관한 이야기",
    "rating": "9",
    "date": "15.06.23"
  },
  {
    "review_id": "10005119",
    "movie_id": "104072",
    "author": "la_v****",
    "review": "아름다운 음악을 들을 때 느껴지는, 가슴을 두드리는 미술작품 앞에 서 있을 때 느껴지는 그런 평온함이 있다. 완전히 동의하는 것만도 훌륭하다고만도 할 수는 없었지만, 아름다움 속을 헤매이는 여정만으로도 좋았다. 아름답게 살고 싶다.",
    "rating": "8",
    "date": "15.06.16"
  },
  {
    "review_id": "10005089",
    "movie_id": "104072",
    "author": "fema****",
    "review": "남주의 패션이 가장 인상적!",
    "rating": "6",
    "date": "15.06.16"
  },
  {
    "review_id": "10005039",
    "movie_id": "104072",
    "author": "wjdd****",
    "review": "정말이지 최고의 영화였습니다 내인생 최고의영화!",
    "rating": "10",
    "date": "15.06.16"
  },
  {
    "review_id": "10004116",
    "movie_id": "104072",
    "author": "iris****",
    "review": "영화관 스크린으로 꼭 보세요! 예술과 삶과 죽음, 그리고 인간의 구원 문제를 정말 치열하고 아름답게 풀어낸 영화예요-",
    "rating": "9",
    "date": "15.06.16"
  },
  {
    "review_id": "10003010",
    "movie_id": "104072",
    "author": "tbvn****",
    "review": "3번 봤어요..완전 인생영화..첨볼때 넘 어려웠는데 볼수록 와닿는게 있어요",
    "rating": "10",
    "date": "15.06.15"
  },
  {
    "review_id": "10001143",
    "movie_id": "104072",
    "author": "tell****",
    "review": "로마에 대한 허세가 거슬리나 꾹 참고 끝까지 보시면 뭔가 남는게 있습니다.",
    "rating": "8",
    "date": "15.06.14"
  },
  {
    "review_id": "9988394",
    "movie_id": "104072",
    "author": "jyan****",
    "review": "문학을 위한 문학. 경이롭다.",
    "rating": "9",
    "date": "15.06.10"
  },
  {
    "review_id": "9986692",
    "movie_id": "104072",
    "author": "anti****",
    "review": "긴 상영이 문제가 되지 않는 영화",
    "rating": "8",
    "date": "15.06.09"
  },
  {
    "review_id": "9986029",
    "movie_id": "104072",
    "author": "best****",
    "review": "잘봤습니다 주인공의 삶 멋지군요",
    "rating": "10",
    "date": "15.06.09"
  },
  {
    "review_id": "9982753",
    "movie_id": "104072",
    "author": "thea****",
    "review": "황홀한 이미지들 사이로 떠다니는 이야기들. 붙잡을수 있다면, 슬퍼질것이다.",
    "rating": "9",
    "date": "15.06.07"
  },
  {
    "review_id": "9971969",
    "movie_id": "104072",
    "author": "cois****",
    "review": "영화 풍경은 참 아름다운데 걍 먼말인지모르겠다굳이 어렵게 허세부리는거같은이야기는 내가 해석해야할필요도없는것같고그냥 풍경구경",
    "rating": "2",
    "date": "15.06.03"
  },
  {
    "review_id": "9969336",
    "movie_id": "104072",
    "author": "unkn****",
    "review": "내 생에 최고의 영화 top5",
    "rating": "10",
    "date": "15.06.01"
  },
  {
    "review_id": "9968287",
    "movie_id": "104072",
    "author": "razy****",
    "review": "나이가 들어가서 그런가 많은 여운이 남는영화...",
    "rating": "10",
    "date": "15.06.01"
  },
  {
    "review_id": "9956518",
    "movie_id": "104072",
    "author": "babu****",
    "review": "졸림. 뭐가몬지 잘 모르겠는 영화....",
    "rating": "1",
    "date": "15.05.28"
  },
  {
    "review_id": "9954478",
    "movie_id": "104072",
    "author": "harr****",
    "review": "아름다운 염세주의의 노래",
    "rating": "9",
    "date": "15.05.27"
  },
  {
    "review_id": "9943241",
    "movie_id": "104072",
    "author": "dngu****",
    "review": "아름다움. 그것을 찾게 되는 생의 아름다움",
    "rating": "10",
    "date": "15.05.24"
  },
  {
    "review_id": "9935398",
    "movie_id": "104072",
    "author": "jiyu****",
    "review": "살아간다는 건 죽음을 향해 가는 것, 화려함의 끝은 공허함삶은 항상 두 가지가 공존한다.",
    "rating": "8",
    "date": "15.05.21"
  },
  {
    "review_id": "9905420",
    "movie_id": "104072",
    "author": "kdw_****",
    "review": "굿이네요 정말 굿이에요",
    "rating": "10",
    "date": "15.05.09"
  },
  {
    "review_id": "9892168",
    "movie_id": "104072",
    "author": "turt****",
    "review": "그림만 봐도 충분 몇번 더 보게되는 영화",
    "rating": "10",
    "date": "15.05.04"
  },
  {
    "review_id": "9891133",
    "movie_id": "104072",
    "author": "newn****",
    "review": "볼때마다 다르게 다가온다. 세번은 봐야 맛있어진다",
    "rating": "10",
    "date": "15.05.03"
  },
  {
    "review_id": "9872113",
    "movie_id": "104072",
    "author": "rd72****",
    "review": "소멸해가는 것들에 대한 서정시",
    "rating": "7",
    "date": "15.04.26"
  },
  {
    "review_id": "9859458",
    "movie_id": "104072",
    "author": "lyk0****",
    "review": "~~라고 하나, 나는 잘 모르겠다. 나중에 보면 지루하지 않게 다가올까?",
    "rating": "5",
    "date": "15.04.23"
  },
  {
    "review_id": "9857619",
    "movie_id": "104072",
    "author": "phil****",
    "review": "위대한아름다움이란 주변에안휩싸이지고외적미에있지않고 뿌리.소박할순있지만심장포함한오감을 깨어나고두근거리게해준 것에있단것을말하는것인지.로마 상류사회의나른함과유적지와 밤거리밤문화등 볼거리가 잔잔한음악과더불어소소한재미를주지만솔까쉽지않다.남주인공의연기내공은압권",
    "rating": "7",
    "date": "15.04.23"
  },
  {
    "review_id": "9842126",
    "movie_id": "104072",
    "author": "real****",
    "review": "음악 영상미 색감 의상 모두 인상적임",
    "rating": "9",
    "date": "15.04.12"
  },
  {
    "review_id": "9834464",
    "movie_id": "104072",
    "author": "sksd****",
    "review": "허세가득한 영화라고 말하는 사람들에게 왜 만화영화는 보고 자랐는지 묻고 싶다",
    "rating": "9",
    "date": "15.04.08"
  },
  {
    "review_id": "9825975",
    "movie_id": "104072",
    "author": "dutl****",
    "review": "멍청해서 뭔소린지 못알아먹겠다 ㅋㅋㅋ",
    "rating": "8",
    "date": "15.04.04"
  },
  {
    "review_id": "9815654",
    "movie_id": "104072",
    "author": "alem****",
    "review": "The Great Beauty..",
    "rating": "7",
    "date": "15.03.29"
  },
  {
    "review_id": "9809450",
    "movie_id": "104072",
    "author": "imse****",
    "review": "나이탓을 하고싶진 않지만, 아직은 알 수 없는",
    "rating": "7",
    "date": "15.03.27"
  },
  {
    "review_id": "9778550",
    "movie_id": "104072",
    "author": "huks****",
    "review": "주인공은 부와 명에, 후세에 남길 작품을 가지고  있고, 로마의 펜트하우스에서 한주가 멀다하고 파티를 열어재끼면서 잘나가고 있지만.. 결국 늙어서 친구들 요단강 건너가고 더이상 미래를 꿈꾸는게 무의미하다보니 갑자기 하이데거식 현자모드가 온다는게 주내용",
    "rating": "5",
    "date": "15.03.13"
  },
  {
    "review_id": "9753791",
    "movie_id": "104072",
    "author": "hjhu****",
    "review": "뭘 이런걸 꼭 봐야한다고....",
    "rating": "6",
    "date": "15.03.03"
  },
  {
    "review_id": "9750030",
    "movie_id": "104072",
    "author": "tubt****",
    "review": "여러 예술 장르를 나열식으로 보여주만 정작 본분인 영화라는것은 망각한 영화.흥만 느껴진다. 허세만 부리고 결국 알맹이는 아무것도 없구나",
    "rating": "5",
    "date": "15.03.01"
  },
  {
    "review_id": "9750002",
    "movie_id": "104072",
    "author": "love****",
    "review": "인생은 무엇인가_ 에 대한 조용한 물음",
    "rating": "8",
    "date": "15.03.01"
  },
  {
    "review_id": "9749140",
    "movie_id": "104072",
    "author": "popy****",
    "review": "연출 굿 예술작... 쬠 난해...-_-;;;",
    "rating": "7",
    "date": "15.03.01"
  },
  {
    "review_id": "9748643",
    "movie_id": "104072",
    "author": "wlfw****",
    "review": "와...미쳤다...이 영화..",
    "rating": "10",
    "date": "15.03.01"
  },
  {
    "review_id": "9748527",
    "movie_id": "104072",
    "author": "tabu****",
    "review": "글쎄 형식만 보이고 감흥은 덜하다",
    "rating": "6",
    "date": "15.03.01"
  },
  {
    "review_id": "9741711",
    "movie_id": "104072",
    "author": "hjh8****",
    "review": "비로소 보이는 아름다움 관객은 영화의 모든순간을 로마의 아름다움과 함께한다.",
    "rating": "9",
    "date": "15.02.26"
  },
  {
    "review_id": "9728000",
    "movie_id": "104072",
    "author": "sill****",
    "review": "한번으로는 이해하기 힘든 영화",
    "rating": "7",
    "date": "15.02.22"
  },
  {
    "review_id": "9723217",
    "movie_id": "104072",
    "author": "soom****",
    "review": "볼때마다 느껴지는 바가 다른영화",
    "rating": "7",
    "date": "15.02.21"
  },
  {
    "review_id": "9699282",
    "movie_id": "104072",
    "author": "fire****",
    "review": "나만 졸다 온건가. ㅜㅜ취향을 탈 영화임에 틀림 없다.로마의 경관은 그나마 이 영화를 볼 가치로서 충분했다.",
    "rating": "7",
    "date": "15.02.15"
  },
  {
    "review_id": "9592505",
    "movie_id": "104072",
    "author": "itis****",
    "review": "처음부터 끝까지 파워풀해요.  다른 영화를 보듯이 이해하려고 하면 불편한 영화입니다.",
    "rating": "8",
    "date": "15.01.14"
  },
  {
    "review_id": "9590611",
    "movie_id": "104072",
    "author": "seof****",
    "review": "무엇보다 고혹적이다.",
    "rating": "8",
    "date": "15.01.13"
  },
  {
    "review_id": "9544988",
    "movie_id": "104072",
    "author": "egoo****",
    "review": "인생의 진정한 가치를 찾는 영화...",
    "rating": "9",
    "date": "15.01.01"
  },
  {
    "review_id": "9533784",
    "movie_id": "104072",
    "author": "joaj****",
    "review": "맞아요. 느끼냐 못느끼냐의 차이입니다.",
    "rating": "10",
    "date": "14.12.29"
  },
  {
    "review_id": "9532223",
    "movie_id": "104072",
    "author": "temp****",
    "review": "zzxdsbscgdckfiejgnc",
    "rating": "10",
    "date": "14.12.28"
  },
  {
    "review_id": "9528829",
    "movie_id": "104072",
    "author": "pain****",
    "review": "촉촉한 단비랑 가뭄이 함께일것 같은 영화",
    "rating": "9",
    "date": "14.12.28"
  },
  {
    "review_id": "9522859",
    "movie_id": "104072",
    "author": "ricc****",
    "review": "내가 평할수 있는 영화던가?....!!",
    "rating": "10",
    "date": "14.12.27"
  },
  {
    "review_id": "9521406",
    "movie_id": "104072",
    "author": "ijaw****",
    "review": "너무 난해하네요 지성인분들이 좋아하시겠어요",
    "rating": "1",
    "date": "14.12.26"
  },
  {
    "review_id": "9511214",
    "movie_id": "104072",
    "author": "eunj****",
    "review": "영상미만있고 도대체 뭔말을 하려는건지..?",
    "rating": "1",
    "date": "14.12.25"
  },
  {
    "review_id": "9503692",
    "movie_id": "104072",
    "author": "hide****",
    "review": "완전하지 않더라도 느끼고 공감할수 있음에 충분한영화  다시보고싶은-",
    "rating": "9",
    "date": "14.12.23"
  },
  {
    "review_id": "9476014",
    "movie_id": "104072",
    "author": "jcsi****",
    "review": "그토록 찾아 헤메던 \"파랑새\"가 결국은 가까운 곳에 있었던 것처럼 그 위대한 \"아름다움\"은 우리 자신 기억과 내면 속에 자리하고 있었다.",
    "rating": "8",
    "date": "14.12.15"
  },
  {
    "review_id": "9475786",
    "movie_id": "104072",
    "author": "qjfl****",
    "review": "한 번 보고 이해하기 힘든, 아직은 예술 영화가 어렵다..",
    "rating": "7",
    "date": "14.12.15"
  },
  {
    "review_id": "9474906",
    "movie_id": "104072",
    "author": "ans9****",
    "review": "아름다움에 관한 이야기",
    "rating": "10",
    "date": "14.12.14"
  },
  {
    "review_id": "9458542",
    "movie_id": "104072",
    "author": "cera****",
    "review": "이해하기 어려운 부분도 있다.",
    "rating": "6",
    "date": "14.12.08"
  },
  {
    "review_id": "9426430",
    "movie_id": "104072",
    "author": "dltm****",
    "review": "나는 잘 모르겠다....",
    "rating": "8",
    "date": "14.11.27"
  },
  {
    "review_id": "9425507",
    "movie_id": "104072",
    "author": "sldn****",
    "review": "위대한 아름다움에 관한 영화지, 이 영화가 위대하게 아름답지는 않다. 그래도 크레딧이 올라가는 마지막 씬은 이 영화를 위대하고 아름답게 만들기 위해 애쓴 사람들의 노고와 정성이 느껴졌다.",
    "rating": "8",
    "date": "14.11.27"
  },
  {
    "review_id": "9421733",
    "movie_id": "104072",
    "author": "sifl****",
    "review": "눈과 귀가 즐거웠던 이해하느라 조금 머리 아픈 아름다운 영화",
    "rating": "9",
    "date": "14.11.25"
  },
  {
    "review_id": "9418425",
    "movie_id": "104072",
    "author": "drew****",
    "review": "진정한 아름다움은 겉으로 보이는 곳이 아닌 내면에 있다.",
    "rating": "8",
    "date": "14.11.24"
  },
  {
    "review_id": "9415992",
    "movie_id": "104072",
    "author": "jack****",
    "review": "환상 또는 현실. 어느 쪽이건 내가 알고 있는 세계의 찬가.",
    "rating": "8",
    "date": "14.11.23"
  },
  {
    "review_id": "9407637",
    "movie_id": "104072",
    "author": "lead****",
    "review": "글쎄요 감독은 무얼말하고 싶은지?///",
    "rating": "7",
    "date": "14.11.21"
  },
  {
    "review_id": "9397750",
    "movie_id": "104072",
    "author": "js17****",
    "review": "좀더시간이이흘러서나이가들면 다시한번봐야겠다..뭔가다른게더보일듯",
    "rating": "7",
    "date": "14.11.18"
  },
  {
    "review_id": "9393605",
    "movie_id": "104072",
    "author": "st4r****",
    "review": "음악이 참 좋았습니다 추천해요",
    "rating": "10",
    "date": "14.11.16"
  },
  {
    "review_id": "9360441",
    "movie_id": "104072",
    "author": "a123****",
    "review": "이 영화를 본지 시간이 많이 흘렀는데웃는얼굴로 슬픈눈을 하고있는 주인공얼굴이또렷이 생각납니다.",
    "rating": "9",
    "date": "14.11.09"
  },
  {
    "review_id": "9357325",
    "movie_id": "104072",
    "author": "moth****",
    "review": "세련됐다고  생각되는 모든것을  나열하면서 지독하게  촌스러움이란  무엇인가 보여준다.  지독히 세련된척 하느라 너무도  촌스러운  대화.  마지막 종교조차 촌스럽게  표현해  버린다. 바로  거짓으로 점철된 그레이트뷰티에 대한  구토이자 환멸아닐까?",
    "rating": "1",
    "date": "14.11.08"
  },
  {
    "review_id": "9349109",
    "movie_id": "104072",
    "author": "spid****",
    "review": "이 영화를 5년뒤 그리고 10년뒤에 두번 더 볼거다. 그리고 전할려고 했었던 메세지를 다시 음미해 보고 싶다. 대사로 전달 될 수 있는 아름다움들 영상으로 전달 될 수 있었던 것들. 그리고 음악. 무엇하나 빠지지 않는 세련됨을 갖추고 있다.",
    "rating": "9",
    "date": "14.11.07"
  },
  {
    "review_id": "9344587",
    "movie_id": "104072",
    "author": "jame****",
    "review": "나이들었음을 느껴 슬프다는 말이 왜 나를 슬프게 하는가.. 나도 나이가 들었음을 느끼고 있기 때문일까.. 더이상 홍대 앞 술취한 젊은 남녀와 같은 치기어린 사랑을 할 수 없기 때문일까... 이 영화는 삶의  진정한 아름다움에 대한 생각을 하게 만든다.",
    "rating": "10",
    "date": "14.11.06"
  },
  {
    "review_id": "9338862",
    "movie_id": "104072",
    "author": "seii****",
    "review": "원하지 않는 일에  낭비할 시간이 없다",
    "rating": "8",
    "date": "14.11.03"
  },
  {
    "review_id": "9338449",
    "movie_id": "104072",
    "author": "warm****",
    "review": "찌질함을 벗어나려 발버둥 치지만 벗어 나려는 영화 마지막까지 찌질함. 결국 마지막 종교까지 속임수를 쓰고마는 진실함이 없는 불쌍한 영화.",
    "rating": "1",
    "date": "14.11.03"
  },
  {
    "review_id": "9334622",
    "movie_id": "104072",
    "author": "phss****",
    "review": "나의 짧은 가방 끈이,, 더 길게 늘어지는,,, 아...",
    "rating": "6",
    "date": "14.11.01"
  },
  {
    "review_id": "9328404",
    "movie_id": "104072",
    "author": "ruka****",
    "review": "ㅋㅋ.. 일단 영상미와 음악은 정말 좋았다. 또 처음 시작할때 명언이 좀 가슴에 와닿았고 할짓없고 무료하고 의미없는 부자들의 생활을보니 바쁜 내 현실이 감사하게 느껴졌다. 영화를 통한 일종의 일탈체험? 그거말고는 이 영화평점만큼 좋은점을 모르겠다.",
    "rating": "4",
    "date": "14.10.30"
  },
  {
    "review_id": "9322355",
    "movie_id": "104072",
    "author": "berg****",
    "review": "별로. 23시반 영화를 힘들게 가서 봤는데.. 진짜 화딱지 남. '세상에서 네가 제일 좋아하는게 뭐니?', '좋아하지 않는 일에 낭비할 시간이 없다.' 뭐 이런 정도 초반에 공감 나래이션 건진거 빼고는 완전 쓰레기.",
    "rating": "1",
    "date": "14.10.27"
  },
  {
    "review_id": "9318487",
    "movie_id": "104072",
    "author": "ksy9****",
    "review": "굿굿 내용이 좀 길었지만 음악이랑 영상만으로도 충분히 흥미로웠습니다",
    "rating": "8",
    "date": "14.10.26"
  },
  {
    "review_id": "9305305",
    "movie_id": "104072",
    "author": "sirh****",
    "review": "영화 중반부에 여자가 옷 다 벗고 박치기 하는 장면이 있는데.. 솔찍히 말해서 나는 예술로 이해가 안된다.저런 행위 이해못하면 예술 모르는 무식한놈 취급 받는데웃긴다 진짜;; 머리가 깨지고 피가 나는데 그걸 예술이라고?;;병적이고 무섭다",
    "rating": "1",
    "date": "14.10.20"
  },
  {
    "review_id": "9302783",
    "movie_id": "104072",
    "author": "sina****",
    "review": "시간, 기억 그 모든 아련함과 잡히지 않는 생의 흐름...",
    "rating": "9",
    "date": "14.10.19"
  },
  {
    "review_id": "9301141",
    "movie_id": "104072",
    "author": "room****",
    "review": "하아 생각 좀 해야겠다..",
    "rating": "8",
    "date": "14.10.18"
  },
  {
    "review_id": "9291914",
    "movie_id": "104072",
    "author": "arme****",
    "review": "영화가 시작하고 얼마 되지 않아 영화 속으로 빨려 들어가는 나를 발견했고, 영화가 끝나고 나서도 멍하니 엔딩크레딧이 끝날 때 까지 일어설 수가 없었다. 이유도 모른 채 사랑에 빠졌다. '그냥 좋다' 말고는 설명할 말이 없었네",
    "rating": "10",
    "date": "14.10.14"
  },
  {
    "review_id": "9291901",
    "movie_id": "104072",
    "author": "seec****",
    "review": "마스터피스는 이런거다. 생전에 고전이 될 수 있는 작품을 만날 수 있어서 다행이다.",
    "rating": "10",
    "date": "14.10.14"
  },
  {
    "review_id": "9268921",
    "movie_id": "104072",
    "author": "ttl1****",
    "review": "아름다움이란 이런 거것 이다",
    "rating": "10",
    "date": "14.10.06"
  },
  {
    "review_id": "9246464",
    "movie_id": "104072",
    "author": "giko****",
    "review": "화려함 뒤에 감춰진 공허함, 진정한 아름다움을 찾는 여정. 사는 것living과 죽음death에 대한 끝없는 변주.",
    "rating": "10",
    "date": "14.09.28"
  },
  {
    "review_id": "9244614",
    "movie_id": "104072",
    "author": "twdo****",
    "review": "음... 조금 늘어지는 느낌",
    "rating": "6",
    "date": "14.09.27"
  },
  {
    "review_id": "9243995",
    "movie_id": "104072",
    "author": "yo_t****",
    "review": "꿀잼허니잼 잼잼 잼존잼",
    "rating": "8",
    "date": "14.09.27"
  },
  {
    "review_id": "9241379",
    "movie_id": "104072",
    "author": "love****",
    "review": "잔잔하다. 그것이 매력",
    "rating": "9",
    "date": "14.09.26"
  },
  {
    "review_id": "9237167",
    "movie_id": "104072",
    "author": "ykdi****",
    "review": "8½보다 조금 못미친 8⅓ 정도?",
    "rating": "4",
    "date": "14.09.23"
  },
  {
    "review_id": "9230609",
    "movie_id": "104072",
    "author": "pano****",
    "review": "음악이 환상적이고 영화는 더 환상적이었습니다",
    "rating": "10",
    "date": "14.09.21"
  },
  {
    "review_id": "9228324",
    "movie_id": "104072",
    "author": "79co****",
    "review": "많은것을 생각하게 하는 영화네요",
    "rating": "9",
    "date": "14.09.20"
  },
  {
    "review_id": "9221832",
    "movie_id": "104072",
    "author": "jam_****",
    "review": "영화가 끝나고 곱씹우면 곱씹을수록 풍미가 더 진해지는 영화",
    "rating": "9",
    "date": "14.09.18"
  },
  {
    "review_id": "9219316",
    "movie_id": "104072",
    "author": "mati****",
    "review": "그리 재미있다고 생각하지 않았는데 집에 와서 생각하면 할수록 잘 만들었다는 생각이 드는 영화",
    "rating": "8",
    "date": "14.09.16"
  },
  {
    "review_id": "9207351",
    "movie_id": "104072",
    "author": "cyy0****",
    "review": "대중적인 내스타일..",
    "rating": "6",
    "date": "14.09.12"
  },
  {
    "review_id": "9187923",
    "movie_id": "104072",
    "author": "jjun****",
    "review": "말로할수없어요 최고에요",
    "rating": "10",
    "date": "14.09.09"
  },
  {
    "review_id": "9187354",
    "movie_id": "104072",
    "author": "daew****",
    "review": "기발한 연출. 삶을 어떤 방향으로 살고 있는지 물어본다. 허구의 삶인가?",
    "rating": "7",
    "date": "14.09.08"
  },
  {
    "review_id": "9185661",
    "movie_id": "104072",
    "author": "aitw****",
    "review": "보는 내내 허무하고 쓸쓸하고 아름다웠습니다. 황금기는 이미 지나버린지 오래, 고립되어 늙어만가고 있는 것처럼 느껴지는 로마였습니다.",
    "rating": "9",
    "date": "14.09.08"
  }
]