[
  {
    "review_id": "9135352",
    "movie_id": "104089",
    "author": "534k****",
    "review": "흥미를 끄는 요소가 없음",
    "rating": "6",
    "date": "14.08.26"
  },
  {
    "review_id": "9115744",
    "movie_id": "104089",
    "author": "tixk****",
    "review": "나름 잼있네요~ 굿굿~",
    "rating": "10",
    "date": "14.08.20"
  },
  {
    "review_id": "8684995",
    "movie_id": "104089",
    "author": "pass****",
    "review": "적은 제작비를 그나마 누가 갖다 쓴거 같음. 영화 곳곳이 허전하네 요렇게 영화평을 작년8월에 썼었는데 깜빡하고 또 봤어 전혀 기억이 안나. 똥폼잡고 시작하다가 허우적대다가 끝남",
    "rating": "1",
    "date": "14.04.30"
  },
  {
    "review_id": "7558936",
    "movie_id": "104089",
    "author": "dbzh****",
    "review": "열라 지루하고 액션이 하나도 없냐",
    "rating": "1",
    "date": "13.05.27"
  },
  {
    "review_id": "7457502",
    "movie_id": "104089",
    "author": "pria****",
    "review": "코드가 달라 와닿는 게 없다.",
    "rating": "3",
    "date": "13.04.14"
  },
  {
    "review_id": "7445603",
    "movie_id": "104089",
    "author": "gpfl****",
    "review": "숨막히는 탈주 리얼도주 라는말보단 잔잔한 드라마~",
    "rating": "7",
    "date": "13.04.09"
  },
  {
    "review_id": "7444991",
    "movie_id": "104089",
    "author": "sunh****",
    "review": "개연성 부족과 악당 모두에게 상황을 불어넣어주는 그 엄청난 포용력에 깜놀했다. 덕분에 장르에 대한 혼돈과 액션에 대한 갈증은 말할것도 없었구..하지만 잔잔한 멜로디와 깔끔한 영상미에 7점 준다.",
    "rating": "7",
    "date": "13.04.09"
  },
  {
    "review_id": "7443700",
    "movie_id": "104089",
    "author": "ligh****",
    "review": "잔잔한 이야기  드라마",
    "rating": "9",
    "date": "13.04.08"
  },
  {
    "review_id": "7440673",
    "movie_id": "104089",
    "author": "yhy8****",
    "review": "와.. 재미있다..",
    "rating": "1",
    "date": "13.04.07"
  },
  {
    "review_id": "7439480",
    "movie_id": "104089",
    "author": "euns****",
    "review": "전혀 예상 못하고 봤는데 나름 괜찮은 영화였음...",
    "rating": "9",
    "date": "13.04.06"
  },
  {
    "review_id": "7439232",
    "movie_id": "104089",
    "author": "01aj****",
    "review": "소재와 주제의 괴리감... 액션을 가장한 드라마였다.",
    "rating": "4",
    "date": "13.04.06"
  },
  {
    "review_id": "7438081",
    "movie_id": "104089",
    "author": "meme****",
    "review": "난 되게 잘봤다.. 이런 우울한 영화 좋아.. 엔디 가르시아 연기  최고..",
    "rating": "9",
    "date": "13.04.06"
  },
  {
    "review_id": "7437422",
    "movie_id": "104089",
    "author": "msoe****",
    "review": "왜 이영화에 평점이 이런가요? 재밌게 봤습니다 추천",
    "rating": "10",
    "date": "13.04.05"
  },
  {
    "review_id": "7435896",
    "movie_id": "104089",
    "author": "osoo****",
    "review": "보구서 평점들 올리는거니 이 어린노무 새키들아..",
    "rating": "7",
    "date": "13.04.05"
  },
  {
    "review_id": "7435547",
    "movie_id": "104089",
    "author": "skyy****",
    "review": "2등!!! 기념으로다가 2점 준다~!!!",
    "rating": "2",
    "date": "13.04.05"
  },
  {
    "review_id": "7435500",
    "movie_id": "104089",
    "author": "jona****",
    "review": "1등!!! 기념으로다가 10점 준다~!!!",
    "rating": "10",
    "date": "13.04.05"
  }
]