[
  {
    "review_id": "10168081",
    "movie_id": "104015",
    "author": "trig****",
    "review": "병맛 영화인가. 배우가 아깝다.",
    "rating": "6",
    "date": "15.07.31"
  },
  {
    "review_id": "10122648",
    "movie_id": "104015",
    "author": "mado****",
    "review": "여주인공한테서 풍겨나오는 싼티는 어쩔수 없는것인가..",
    "rating": "8",
    "date": "15.07.20"
  },
  {
    "review_id": "10099673",
    "movie_id": "104015",
    "author": "kaig****",
    "review": "난 10점을 주고 싶다. 호불호가 분명 갈리는 영화이지만 단순히 평점과 기자,네티즌 점수만 보고 \"보지 말아야지\" 하고 안했으면 좋겠다. 자신의 입맛이 어떤지는 먹어봐야 안다.",
    "rating": "10",
    "date": "15.07.13"
  },
  {
    "review_id": "10014088",
    "movie_id": "104015",
    "author": "jino****",
    "review": "보고나서 영화관이라면 표를찢고,집이라면 마우스던진다",
    "rating": "1",
    "date": "15.06.20"
  },
  {
    "review_id": "10010849",
    "movie_id": "104015",
    "author": "anti****",
    "review": "쓰레기 영화... 시간과 기대가 아깝다. 쿠삭과 드니로, 세계적 경제불황때문인가. 이들도 3류 쓰레기 캐피탈 대부광고 출연이 연상될 정도다.완전 대실망. 평점은 0점을 못 줘서 1점 준다.",
    "rating": "1",
    "date": "15.06.19"
  },
  {
    "review_id": "10008727",
    "movie_id": "104015",
    "author": "kan3****",
    "review": "지루하지는 않았다   볼만함",
    "rating": "7",
    "date": "15.06.18"
  },
  {
    "review_id": "10007718",
    "movie_id": "104015",
    "author": "whdt****",
    "review": "최악 of 최악 시간많은 분 추천",
    "rating": "1",
    "date": "15.06.18"
  },
  {
    "review_id": "9970751",
    "movie_id": "104015",
    "author": "psgi****",
    "review": "도대체 무슨이야기만 하는거야 노잼영화",
    "rating": "3",
    "date": "15.06.02"
  },
  {
    "review_id": "9854692",
    "movie_id": "104015",
    "author": "yshb****",
    "review": "막판 반전은 나름 볼만했음..가방속의 물건은 정말 쇼킹했어요..",
    "rating": "6",
    "date": "15.04.20"
  },
  {
    "review_id": "9842040",
    "movie_id": "104015",
    "author": "oojj****",
    "review": "예상대로. 흘러가는 극 전개일뿐",
    "rating": "4",
    "date": "15.04.12"
  },
  {
    "review_id": "9751516",
    "movie_id": "104015",
    "author": "klca****",
    "review": "괜찮은 영화입니다^^",
    "rating": "5",
    "date": "15.03.02"
  },
  {
    "review_id": "9683845",
    "movie_id": "104015",
    "author": "bgmm****",
    "review": "드니로와 존쿠삭의 연기덕에 그나마 1점은 면한 영화 마지막 반전은 아쉽기만 하다.",
    "rating": "4",
    "date": "15.02.10"
  },
  {
    "review_id": "9680760",
    "movie_id": "104015",
    "author": "enaf****",
    "review": "여자를 막 경찰이 윤간비슷하게 하는 모습 역겹고 정신건강에 안좋을거같음 영화내내 머리채를 잡아서 던지고 끌고 옷벗기고 보다말았다",
    "rating": "6",
    "date": "15.02.08"
  },
  {
    "review_id": "9614987",
    "movie_id": "104015",
    "author": "zaxx****",
    "review": "아니 영화가 이정도면 괜찮은 거지..평점 낮게 준 사람들은 도대체 얼마나 영화를 잘 알길래????...계속적인 긴장감과 마지막 반전 그리고 반전이정도면 훌륭하다.",
    "rating": "8",
    "date": "15.01.20"
  },
  {
    "review_id": "9583897",
    "movie_id": "104015",
    "author": "toto****",
    "review": "내가 보기엔 아일랜드 다람쥐처럼 생겼어 라고 말한 로버트 드니로의 애드리브에 전적으로 공감한다 존쿠삭 정말 다람쥐처럼 생김",
    "rating": "10",
    "date": "15.01.11"
  },
  {
    "review_id": "9582242",
    "movie_id": "104015",
    "author": "vm4e****",
    "review": "가방속 물건만 약간 궁금했을뿐 충분히 예상되고 남는게 없는 영화",
    "rating": "4",
    "date": "15.01.11"
  },
  {
    "review_id": "9577861",
    "movie_id": "104015",
    "author": "cont****",
    "review": "어느 순간 다 알 수 있었다. 레베카는 미스 캐스팅이다.",
    "rating": "6",
    "date": "15.01.09"
  },
  {
    "review_id": "9553717",
    "movie_id": "104015",
    "author": "polp****",
    "review": "충분히 스릴과 반전을 즐길수 있음. 20대 어린애들은 잘 모르는 분위기가 있음",
    "rating": "9",
    "date": "15.01.02"
  },
  {
    "review_id": "9535547",
    "movie_id": "104015",
    "author": "peop****",
    "review": "설마했던 그 추측이 맞음. 가방도 여자도. 여자 \"우린 지금 나가야해요\"존 \"잠깐만 전화 좀 받고...\"\"그래 나가자\"여자 \"미쳤어요? 밖은 위험하다고요. 우린 여기 있어야해요\"라는 대사를 백분동안 들을 수 있다",
    "rating": "2",
    "date": "14.12.29"
  },
  {
    "review_id": "9523787",
    "movie_id": "104015",
    "author": "hanm****",
    "review": "평점이 왜이리 낮지...보는내내 긴장감도 좋고 신선하고 끝까지 긴장감을 늦출수 없어서 완전 재밌었는데 평점이 너무 낮은듯..",
    "rating": "9",
    "date": "14.12.27"
  },
  {
    "review_id": "9511860",
    "movie_id": "104015",
    "author": "nav2****",
    "review": "출연진을 보고 봤더만 정말 기가막힌 영화내. 5~6번 시도끝에 50%정도 보고말았으니 끝까지 보신분의 리뷰를 참고하시길~~~",
    "rating": "1",
    "date": "14.12.25"
  },
  {
    "review_id": "9477487",
    "movie_id": "104015",
    "author": "diaz****",
    "review": "5점대 영화가 아닌데..좋아라하는 존을 위해 평점 관리상... 7.5정도의 느낌임..",
    "rating": "10",
    "date": "14.12.15"
  },
  {
    "review_id": "9474765",
    "movie_id": "104015",
    "author": "kos4****",
    "review": "몽환적 비현실성이  이 영화의 유일한 매력이다.",
    "rating": "2",
    "date": "14.12.14"
  },
  {
    "review_id": "9454158",
    "movie_id": "104015",
    "author": "dbzh****",
    "review": "더럽게 재미없네...",
    "rating": "1",
    "date": "14.12.07"
  },
  {
    "review_id": "9451001",
    "movie_id": "104015",
    "author": "lawr****",
    "review": "반전 영화도 하도 많이 봐와서 요즘엔 스릴러를 봐도 별 감흥이 없는데 이 영화는 의외로 볼 만 했다.. 가방 속에 무엇이 들어있는지 잭의 호기심을 영화 끝까지 억제시킨 것이 극적 긴장감이 이완되지 않게 만들었다.. 볼 만 하다..",
    "rating": "8",
    "date": "14.12.06"
  },
  {
    "review_id": "9429342",
    "movie_id": "104015",
    "author": "juhy****",
    "review": "영 화 속 배우 가 모든 것을 말한다",
    "rating": "10",
    "date": "14.11.28"
  },
  {
    "review_id": "9405448",
    "movie_id": "104015",
    "author": "gall****",
    "review": "가방속 비밀과 여인의 정체가 궁금해서 끝까지 보게된다. 계속적인 상황의 발생들로 킬링타임용수준의 적절한 흥미를 보여주며 마지막에 배치되어 밝혀지는 비밀들이 한편으론 수긍이 간다. 연기야 믿고보는 배우들이라 실망시키지 않고 레베카의 몸매가 진짜 죽여준다",
    "rating": "6",
    "date": "14.11.21"
  },
  {
    "review_id": "9396661",
    "movie_id": "104015",
    "author": "scy8****",
    "review": "난 잔인한 영화 제일싫다",
    "rating": "1",
    "date": "14.11.17"
  },
  {
    "review_id": "9389507",
    "movie_id": "104015",
    "author": "bles****",
    "review": "특별한 비밀은 없지만 그 비밀이 궁금하다",
    "rating": "5",
    "date": "14.11.16"
  },
  {
    "review_id": "9389311",
    "movie_id": "104015",
    "author": "dhrr****",
    "review": "남쪽사람윤제씨 ^^의 파워가느껴집니다",
    "rating": "9",
    "date": "14.11.16"
  },
  {
    "review_id": "9384347",
    "movie_id": "104015",
    "author": "534k****",
    "review": "존쿠삭형님 얼마만이요?",
    "rating": "10",
    "date": "14.11.15"
  },
  {
    "review_id": "9384113",
    "movie_id": "104015",
    "author": "nokb****",
    "review": "내가 이딴 영화를 돈주고 봤다니... 이런영화가 개봉되고 수입되는게 신기하다아우.. 내돈",
    "rating": "1",
    "date": "14.11.14"
  },
  {
    "review_id": "9378277",
    "movie_id": "104015",
    "author": "anci****",
    "review": "음....참 ㅋㅋㅋ 난해한",
    "rating": "1",
    "date": "14.11.13"
  },
  {
    "review_id": "9377578",
    "movie_id": "104015",
    "author": "hell****",
    "review": "존 쿠삭의 킬러역이라니.. 경찰 역만 봤드려서 신선한듯~",
    "rating": "10",
    "date": "14.11.13"
  },
  {
    "review_id": "9377433",
    "movie_id": "104015",
    "author": "cros****",
    "review": "로버트 존쿠삭 존재감으로 본다 ㅎ",
    "rating": "10",
    "date": "14.11.13"
  }
]