[
  {
    "review_id": "10017415",
    "movie_id": "104027",
    "author": "dien****",
    "review": "사랑하는 아내가 살해당한다 -> 주인공은 복수를 하기위해 떠난다 -> 죽이고 -> 죽이고 -> 죽이고 -> 또 죽이고 -> 끝",
    "rating": "10",
    "date": "15.06.21"
  },
  {
    "review_id": "9746033",
    "movie_id": "104027",
    "author": "hehe****",
    "review": "재밋네요ㅎ 언디스퓨티드 유리가 이영화에!",
    "rating": "8",
    "date": "15.02.28"
  },
  {
    "review_id": "9660083",
    "movie_id": "104027",
    "author": "deff****",
    "review": "아직도 이런 식으로 영화 만드는 제작사가 있다니 놀라울 정도",
    "rating": "2",
    "date": "15.02.02"
  },
  {
    "review_id": "9460728",
    "movie_id": "104027",
    "author": "dplu****",
    "review": "이거에 비하면 1편은 꿀잼이었구나 진짜 긴장감도 없고 옛날식 액션 C급영화다",
    "rating": "1",
    "date": "14.12.09"
  },
  {
    "review_id": "9393023",
    "movie_id": "104027",
    "author": "pkyo****",
    "review": "뭐 어짜피 킬링타임용으로 본 것이지만 , B급 영화의 틀을 못 벗어난 듯. 단순한 스토리와 어떤 액션영화에서나 볼 수 있는 액션. 보다가 그냥 끔.",
    "rating": "5",
    "date": "14.11.16"
  },
  {
    "review_id": "9392571",
    "movie_id": "104027",
    "author": "md71****",
    "review": "다 볼 필요는 없고 스킵해서 액션만 보면 볼만함. 스토리는 개쓰렉",
    "rating": "5",
    "date": "14.11.16"
  },
  {
    "review_id": "9391089",
    "movie_id": "104027",
    "author": "anto****",
    "review": "모든게 B급이지만 액션 구성만큼은 감독이 풍성하게 넣었다. 액션 영화가 액션에 정성을 넣었으면 기본은 지킨거라고 생각함. 다만 홍콩영화와 다르지 않은 평이한 액션연출이라 가산점은 못주겠음. B급 액션영화로 기본 정성은 들어갔다고봄.",
    "rating": "6",
    "date": "14.11.16"
  },
  {
    "review_id": "9354295",
    "movie_id": "104027",
    "author": "zmfp****",
    "review": "환상적일 정도로 화려한 액션을 보여줍니다~",
    "rating": "10",
    "date": "14.11.08"
  },
  {
    "review_id": "9341917",
    "movie_id": "104027",
    "author": "beod****",
    "review": "아~~~그냥 김지현의 썸머타임을 볼껄!!!",
    "rating": "1",
    "date": "14.11.05"
  },
  {
    "review_id": "9338197",
    "movie_id": "104027",
    "author": "snea****",
    "review": "잼있습니다.잼잼잼잼",
    "rating": "10",
    "date": "14.11.03"
  },
  {
    "review_id": "9335546",
    "movie_id": "104027",
    "author": "oath****",
    "review": "개인적으로 그럭저럭 지루하지 않게 봤다.",
    "rating": "8",
    "date": "14.11.02"
  },
  {
    "review_id": "9335267",
    "movie_id": "104027",
    "author": "crys****",
    "review": "졸라 실망함;; 이건 닌자가 아니라 단순 깡패인데 ㅋㅋ",
    "rating": "1",
    "date": "14.11.02"
  },
  {
    "review_id": "9322407",
    "movie_id": "104027",
    "author": "pdia****",
    "review": "이 영화 마치 80~90년대의 홍콩영화 같은 느낌이 난다. 스토리도 그렇고 액션도 그렇고 .. 그래서 킬링타임용으론 딱이다",
    "rating": "7",
    "date": "14.10.27"
  },
  {
    "review_id": "9317551",
    "movie_id": "104027",
    "author": "figh****",
    "review": "액션 개 쩔어,.,.,.,.,",
    "rating": "10",
    "date": "14.10.26"
  },
  {
    "review_id": "9312319",
    "movie_id": "104027",
    "author": "epst****",
    "review": "영화말고 웨딩비디오나 게임 인트로 영상같은거 만드는게 감독이 먹고살길이다... 후.. 도저히 지루해서 못봄 개망작.. 배우가 아깝다..",
    "rating": "3",
    "date": "14.10.24"
  },
  {
    "review_id": "9307967",
    "movie_id": "104027",
    "author": "pomi****",
    "review": "1편 예전에 보고 무자게 실망했는데 2편이 나와서 이것도 그닥일거라 생각하고 안보려했는데 리뷰가 좋길래 봤더만 오호 이런 스토리전개 빠르고 액션씬 볼만하고 추천하고파",
    "rating": "10",
    "date": "14.10.22"
  },
  {
    "review_id": "9307627",
    "movie_id": "104027",
    "author": "lege****",
    "review": "시나리오는 딱 80년대 스타일이지만 액션만큼은 화끈하고 주인공이 넘 멋지다",
    "rating": "8",
    "date": "14.10.22"
  },
  {
    "review_id": "9306516",
    "movie_id": "104027",
    "author": "guev****",
    "review": "단조로운 이야기가 허술한 가운데 액션마저 부족하군",
    "rating": "2",
    "date": "14.10.21"
  },
  {
    "review_id": "9305666",
    "movie_id": "104027",
    "author": "suyo****",
    "review": "액션도 뭐 말이 되는 영화속에서 액션을 해야지. B급만 되도 봐주겠는데, D급무비다.",
    "rating": "1",
    "date": "14.10.21"
  },
  {
    "review_id": "9305327",
    "movie_id": "104027",
    "author": "x879****",
    "review": "최근에 보기드문 미친 액션이네요. 주인공이 진짜 무술인인듯 하구요. 스토리 따지는 분 보단 액션매니아라면 후회없는 선택^^",
    "rating": "9",
    "date": "14.10.20"
  },
  {
    "review_id": "9305034",
    "movie_id": "104027",
    "author": "holl****",
    "review": "닌자 찬양 영화 같아서 맘에 안들지만 액션은 시원시원하고 재밋네.",
    "rating": "8",
    "date": "14.10.20"
  },
  {
    "review_id": "9304584",
    "movie_id": "104027",
    "author": "powe****",
    "review": "언디스퓨티드 스콧엣킨스 역쉬 굿  감독도 언디스퓨티드감독이었군 화려하군 역쉬 ~",
    "rating": "10",
    "date": "14.10.20"
  },
  {
    "review_id": "9304550",
    "movie_id": "104027",
    "author": "blac****",
    "review": "전형적인 복수극이지만 액션하나는 볼만한데? 그냥 주인공 멋짐, 재미없진않음 걍봐보셈들.",
    "rating": "8",
    "date": "14.10.20"
  },
  {
    "review_id": "9303094",
    "movie_id": "104027",
    "author": "rada****",
    "review": "보고싶은데 극장이없다 ㅜㅜ",
    "rating": "1",
    "date": "14.10.19"
  },
  {
    "review_id": "9302444",
    "movie_id": "104027",
    "author": "wjs3****",
    "review": "짜릿한 액션이네요 후덜덜함.... 강추임",
    "rating": "10",
    "date": "14.10.19"
  },
  {
    "review_id": "9302247",
    "movie_id": "104027",
    "author": "sos1****",
    "review": "이거 액션 작살납니다ㅎㅎ 보면암",
    "rating": "9",
    "date": "14.10.19"
  },
  {
    "review_id": "9300666",
    "movie_id": "104027",
    "author": "juhy****",
    "review": "방금봣는데  스토리보다는 액션이 더강렬하다",
    "rating": "10",
    "date": "14.10.18"
  },
  {
    "review_id": "9300452",
    "movie_id": "104027",
    "author": "libe****",
    "review": "호옹이ㅇ아아앙우유지차",
    "rating": "10",
    "date": "14.10.18"
  },
  {
    "review_id": "9295791",
    "movie_id": "104027",
    "author": "budd****",
    "review": "보고싶은데 극장이없다 ㅜㅜ",
    "rating": "2",
    "date": "14.10.16"
  }
]