[
  {
    "review_id": "10125387",
    "movie_id": "104091",
    "author": "deff****",
    "review": "이걸 제작한 사람이나 비디오용을 수입하여 극장에서 개봉한 사람이나 참...이도 저도 아니고 뭘 보라는건지",
    "rating": "2",
    "date": "15.07.21"
  },
  {
    "review_id": "10078893",
    "movie_id": "104091",
    "author": "ghn0****",
    "review": "왜? 괜찮고 볼만한데 재밌구만",
    "rating": "10",
    "date": "15.07.07"
  },
  {
    "review_id": "9920088",
    "movie_id": "104091",
    "author": "bumm****",
    "review": "누구라도 한두번쯤은 격어본 양자택일의 기로에서 어떤 한 쪽을 택함으로 인한 인간본연의 갈등... 이건 액션영화가 아니고 휴먼드라마다. 버지니아 울프, 윌리엄 포크너, 조셉 콘래드, 제임스 조이스 같은 사람들이 보면 정말 감동할만한 영화다.",
    "rating": "8",
    "date": "15.05.15"
  },
  {
    "review_id": "9791064",
    "movie_id": "104091",
    "author": "aper****",
    "review": "본씨리즈 건너띄기로 봐도 이것보다는 재미있을듯..",
    "rating": "3",
    "date": "15.03.18"
  },
  {
    "review_id": "9642932",
    "movie_id": "104091",
    "author": "ehch****",
    "review": "그냥 그래요 진짜 그냥 그래요",
    "rating": "5",
    "date": "15.01.27"
  },
  {
    "review_id": "9473235",
    "movie_id": "104091",
    "author": "oojj****",
    "review": "독고다이 영화면 트랜스포터를 본받아야 했다. 아류작 정도로 보인다. 액션도 약하다.",
    "rating": "4",
    "date": "14.12.14"
  },
  {
    "review_id": "9105166",
    "movie_id": "104091",
    "author": "dlwo****",
    "review": "영화 한버보면 끝까지 보는성격이라 끝까지 보긴했는데 전체적으로 괜찮은구석이 없네요영화 중 산티아고의 형제애에 대한 믿음  산티아고 연기력 하난 볼만했네요",
    "rating": "10",
    "date": "14.08.18"
  },
  {
    "review_id": "8820080",
    "movie_id": "104091",
    "author": "lemo****",
    "review": "이게 반전이었구나 후달달;; 그럭저럭",
    "rating": "5",
    "date": "14.06.11"
  },
  {
    "review_id": "8791434",
    "movie_id": "104091",
    "author": "kawa****",
    "review": "주인공이 권총으로 빵야빵야하면 애들은 그냥 맞아죽고 긴장감 전혀없음 심지어 끝판왕 악당도 졸 착함 끝판왕이 주인공을 오해하고 죽이려다 실수임을 깨닫고 잘못을 비는데 주인공은 어쩌다 멀쩡히 살아나서 사람들 다 죽이는 얘기",
    "rating": "1",
    "date": "14.06.03"
  },
  {
    "review_id": "8789572",
    "movie_id": "104091",
    "author": "taee****",
    "review": "액션의 소임을 다했음..그거면 된거지",
    "rating": "7",
    "date": "14.06.03"
  },
  {
    "review_id": "8769479",
    "movie_id": "104091",
    "author": "01aj****",
    "review": "총질은 볼만한데... B급 냄새를 지울 수가 없다.",
    "rating": "5",
    "date": "14.05.27"
  },
  {
    "review_id": "8763627",
    "movie_id": "104091",
    "author": "nlc3****",
    "review": "액션영화인데.. 이정도로 지루한 영화는 첨본다",
    "rating": "1",
    "date": "14.05.25"
  },
  {
    "review_id": "8762770",
    "movie_id": "104091",
    "author": "taeo****",
    "review": "굿굿 ..잠입요원과 갱두목의 우정 좋다",
    "rating": "10",
    "date": "14.05.25"
  },
  {
    "review_id": "8748078",
    "movie_id": "104091",
    "author": "2328****",
    "review": "그냥 잼나게봤음 내취향이다",
    "rating": "7",
    "date": "14.05.19"
  },
  {
    "review_id": "8747857",
    "movie_id": "104091",
    "author": "heal****",
    "review": "3류도 읺되는 영화.. 복수혈전 보는 기분....",
    "rating": "1",
    "date": "14.05.19"
  },
  {
    "review_id": "8642597",
    "movie_id": "104091",
    "author": "mooa****",
    "review": "솔직히 볼만하다ㅋㅋ 강추!! 욕하는 사람들 이해불가;",
    "rating": "9",
    "date": "14.04.11"
  },
  {
    "review_id": "8606784",
    "movie_id": "104091",
    "author": "vm4e****",
    "review": "그냥 조용한 드라마 한편 같은 영화.. 근데 결말이 최악이고 많이 지루하다",
    "rating": "3",
    "date": "14.03.26"
  },
  {
    "review_id": "8576816",
    "movie_id": "104091",
    "author": "rkdd****",
    "review": "나름 볼만한 영화인듯...",
    "rating": "10",
    "date": "14.03.15"
  },
  {
    "review_id": "8571276",
    "movie_id": "104091",
    "author": "ghye****",
    "review": "액션이 화끈한 것도 아니고, 여자가 예쁜것도 아니고, 스토리가 엄청 재밌는 것도 아니고, 인내력 키우고 싶으면 보시오.",
    "rating": "1",
    "date": "14.03.13"
  },
  {
    "review_id": "8569600",
    "movie_id": "104091",
    "author": "mije****",
    "review": "아 증말 액션 개쩌네요. 안보면 후회한다.",
    "rating": "10",
    "date": "14.03.12"
  },
  {
    "review_id": "8569599",
    "movie_id": "104091",
    "author": "desi****",
    "review": "아..미치도록 잼있다",
    "rating": "10",
    "date": "14.03.12"
  },
  {
    "review_id": "8568561",
    "movie_id": "104091",
    "author": "guev****",
    "review": "킬링타임용으로 보기에도 부족할 정도로 허술하군",
    "rating": "2",
    "date": "14.03.11"
  },
  {
    "review_id": "8567969",
    "movie_id": "104091",
    "author": "mins****",
    "review": "내가 살다살다 이렇게 재미없는 영화는 처음봄... 어떻게 이런 영화를 수입해서 상영 할 수 있는거지?",
    "rating": "1",
    "date": "14.03.10"
  },
  {
    "review_id": "8566636",
    "movie_id": "104091",
    "author": "bles****",
    "review": "본 듯한 장면들의 다운그레이드 버전",
    "rating": "2",
    "date": "14.03.10"
  },
  {
    "review_id": "8563818",
    "movie_id": "104091",
    "author": "ropi****",
    "review": "올해 최고의 액션스릴영화  이렇게 잼있는영화가 안뜨다니 믿을수없다 무조건봐라 개초대박영화네  너무잼난다 또봐야지",
    "rating": "10",
    "date": "14.03.08"
  },
  {
    "review_id": "8563550",
    "movie_id": "104091",
    "author": "hdno****",
    "review": "와 진짜 개재미없다..;; 보는 내내 재밌는장면 나오겠지 나오겠지 하면서봣는데 끝까지 노잼ㅋㅋㅋㅋ지루해서 토할뻔ㄹㅇ;;",
    "rating": "1",
    "date": "14.03.08"
  },
  {
    "review_id": "8559869",
    "movie_id": "104091",
    "author": "kkk0****",
    "review": "보고나면 극장 불지르고 싶은 영화네!아 열받네 환불해죠",
    "rating": "1",
    "date": "14.03.07"
  },
  {
    "review_id": "8559554",
    "movie_id": "104091",
    "author": "rudy****",
    "review": "재미없다 진심..조작하지마라 p2b자료 파는새1끼들아",
    "rating": "1",
    "date": "14.03.06"
  },
  {
    "review_id": "8559520",
    "movie_id": "104091",
    "author": "zoos****",
    "review": "알바들  조작금지 차원 0",
    "rating": "1",
    "date": "14.03.06"
  },
  {
    "review_id": "8559457",
    "movie_id": "104091",
    "author": "milp****",
    "review": "형제가 배신하다니...당근 자비 없지....",
    "rating": "10",
    "date": "14.03.06"
  },
  {
    "review_id": "8559332",
    "movie_id": "104091",
    "author": "jour****",
    "review": "그럼나도줄거라는10",
    "rating": "10",
    "date": "14.03.06"
  },
  {
    "review_id": "8559091",
    "movie_id": "104091",
    "author": "534k****",
    "review": "다 10점주네 나도 10점",
    "rating": "10",
    "date": "14.03.06"
  },
  {
    "review_id": "8558950",
    "movie_id": "104091",
    "author": "gidy****",
    "review": "내용을떠나서,  비주류 영화라고   묻어버리면   안된다옹~~~  나도 10점...",
    "rating": "10",
    "date": "14.03.06"
  },
  {
    "review_id": "8558830",
    "movie_id": "104091",
    "author": "jodo****",
    "review": "몰아주기 한표.. 저도 그냥 10점 떤짐",
    "rating": "10",
    "date": "14.03.06"
  },
  {
    "review_id": "8558797",
    "movie_id": "104091",
    "author": "kth2****",
    "review": "왜 아무도 안 남김? 그냥 함 10점 줌.",
    "rating": "10",
    "date": "14.03.06"
  }
]