[
  {
    "review_id": "10132492",
    "movie_id": "104111",
    "author": "tell****",
    "review": "색감, 구도, 회화적 표현은 진짜 예쁜데 졸라 잠옴",
    "rating": "4",
    "date": "15.07.23"
  },
  {
    "review_id": "9298860",
    "movie_id": "104111",
    "author": "im_k****",
    "review": "소름돋는 싱크로율이란",
    "rating": "9",
    "date": "14.10.17"
  },
  {
    "review_id": "9161787",
    "movie_id": "104111",
    "author": "khys****",
    "review": "영상은 그림과 같이 아름다우나,  스토리는 지루한 작품",
    "rating": "3",
    "date": "14.09.03"
  },
  {
    "review_id": "8856765",
    "movie_id": "104111",
    "author": "mono****",
    "review": "예지계와 현상계 그리고 현상계에 대한 모사....그림자의 세계일 지라도 그것에 대한 모사에 불가한 세계일지라도 그것은 얼마나 아름답고 생생한가... 예술가를 위한 변명..",
    "rating": "9",
    "date": "14.06.26"
  },
  {
    "review_id": "8787978",
    "movie_id": "104111",
    "author": "toto****",
    "review": "에드워드 호퍼의 팬으로, 중간중간 그의 그림이 재현되는 장며에선 소름이 돋다가도 스토리의 지루함은 아쉬웠습니다.",
    "rating": "8",
    "date": "14.06.02"
  },
  {
    "review_id": "8767238",
    "movie_id": "104111",
    "author": "klbp****",
    "review": "보고  싶은만큼   보이는  그야말로   예술영화!!",
    "rating": "7",
    "date": "14.05.26"
  },
  {
    "review_id": "8715506",
    "movie_id": "104111",
    "author": "bbq2****",
    "review": "말그대로 그림이 움직이면 쓰나",
    "rating": "2",
    "date": "14.05.08"
  },
  {
    "review_id": "8693123",
    "movie_id": "104111",
    "author": "sgtd****",
    "review": "너무 피곤한 날 봤더니 시작하기도 전 정신 모르고 자서 두 번 봤다. 영상은 예쁘지만 감흥은 글쎄, 호퍼의 그림을 직접 보는 게 훨씬 나을 듯싶다.",
    "rating": "5",
    "date": "14.05.02"
  },
  {
    "review_id": "8647562",
    "movie_id": "104111",
    "author": "viva****",
    "review": "눈은 배불렀지만...재미라고는...정말...",
    "rating": "5",
    "date": "14.04.13"
  },
  {
    "review_id": "8634544",
    "movie_id": "104111",
    "author": "yesg****",
    "review": "잔잔한 음악과 잔잔한 그림들",
    "rating": "10",
    "date": "14.04.07"
  },
  {
    "review_id": "8627939",
    "movie_id": "104111",
    "author": "unbo****",
    "review": "에드워드호퍼 작품들을 어떻게 표현했을지 궁금했고 연출에 대한 기대도 컸다. 개인적으론 만족스럽게 관람했으나 정적인 흐름에 조는 관객이 적지 않았던 아쉬움도. 소장하고 싶은 영화. :^) 추천.",
    "rating": "9",
    "date": "14.04.04"
  },
  {
    "review_id": "8579992",
    "movie_id": "104111",
    "author": "sinh****",
    "review": "잔잔하다 조오타~~~",
    "rating": "8",
    "date": "14.03.16"
  },
  {
    "review_id": "8578298",
    "movie_id": "104111",
    "author": "elf5****",
    "review": "그림 같은 영화. 영화 같은 그림.",
    "rating": "7",
    "date": "14.03.15"
  },
  {
    "review_id": "8574504",
    "movie_id": "104111",
    "author": "neri****",
    "review": "호퍼의 그림때문에 관람했으나 시대의 여성상에 대한 표현이 인상깊었던 너무나 좋은 영화^^",
    "rating": "10",
    "date": "14.03.14"
  },
  {
    "review_id": "8570113",
    "movie_id": "104111",
    "author": "534k****",
    "review": "오스트리아 영화군?....",
    "rating": "7",
    "date": "14.03.12"
  },
  {
    "review_id": "8562686",
    "movie_id": "104111",
    "author": "dark****",
    "review": "빛의 영화;작품을 옮긴듯한 영상미ㅡ셜리의 독백이 관념적이기도 하지만, 현 시대를 살아가는 사람들의 고독이 뭍어나는 작품",
    "rating": "9",
    "date": "14.03.08"
  },
  {
    "review_id": "8562642",
    "movie_id": "104111",
    "author": "ciel****",
    "review": "에드워드호퍼의그림을새롭게만난기분영화의구성과표현이새롭다",
    "rating": "8",
    "date": "14.03.08"
  },
  {
    "review_id": "8524118",
    "movie_id": "104111",
    "author": "lily****",
    "review": "에드워드 호퍼를 알아야만 더 즐거운 감상이 가능한 듯. 해요....",
    "rating": "7",
    "date": "14.02.20"
  },
  {
    "review_id": "8512252",
    "movie_id": "104111",
    "author": "jiny****",
    "review": "그림이 실제가 되는것은상당히 흥미롭지만, 그걸 92분동안이나 보고있는건 그닥 흥미로운 일이 아닌듯.. 화가의팬들은 좋았을것같다.",
    "rating": "6",
    "date": "14.02.16"
  },
  {
    "review_id": "8509829",
    "movie_id": "104111",
    "author": "sun8****",
    "review": "정말좋이요 정말강추하니다",
    "rating": "10",
    "date": "14.02.15"
  },
  {
    "review_id": "8494504",
    "movie_id": "104111",
    "author": "sp81****",
    "review": "기발하지만 잠이 온다. 컨디션 좋은 날에 봐야 할 영화.",
    "rating": "5",
    "date": "14.02.10"
  },
  {
    "review_id": "8479428",
    "movie_id": "104111",
    "author": "kswa****",
    "review": "살아움직이는 그림을 감상하는듯한  작품이었지만 그 안에 담을려는 내용을 이해하기엔 어려운 작품 그냥 있을법한 시도?",
    "rating": "4",
    "date": "14.02.06"
  },
  {
    "review_id": "8467712",
    "movie_id": "104111",
    "author": "bles****",
    "review": "호퍼를 모르니 셜리도 모르겠다",
    "rating": "5",
    "date": "14.02.02"
  },
  {
    "review_id": "8460717",
    "movie_id": "104111",
    "author": "yhs4****",
    "review": "셜리와 함께 92분 동안 자다 나오시면 됩니다.",
    "rating": "2",
    "date": "14.02.01"
  },
  {
    "review_id": "8438510",
    "movie_id": "104111",
    "author": "purp****",
    "review": "에드워드 호퍼의 그림이 스크린에서 움직인다! 매우 신기한 일이다 배우도 조명도 그림보다 더 리얼하게 담백하게 다가온다. 감히 재미나 즐거움으로 표현할수 없는 영화!",
    "rating": "9",
    "date": "14.01.28"
  },
  {
    "review_id": "8426855",
    "movie_id": "104111",
    "author": "thdy****",
    "review": "미술 음악 연출 모두 굿굿!",
    "rating": "10",
    "date": "14.01.25"
  },
  {
    "review_id": "8416300",
    "movie_id": "104111",
    "author": "jiha****",
    "review": "색채감이 강렬하고 화면이 절제된 연출에 의해서 보여진다는 느낌이 색달랐어요 여자주인공의 연기도 좋았어요",
    "rating": "9",
    "date": "14.01.23"
  },
  {
    "review_id": "8413655",
    "movie_id": "104111",
    "author": "crim****",
    "review": "그림을 위한 영화...? 아트네 아트",
    "rating": "6",
    "date": "14.01.23"
  },
  {
    "review_id": "8395593",
    "movie_id": "104111",
    "author": "oh_b****",
    "review": "영화를 보면서 미세한 움직임 하나하나까지 다 아름다웠고 황홀했다. 미술과 영화의 매력적인 만남, 정말 좋았다. visions of reality라는 제목을 다시한번 생각해본다.",
    "rating": "10",
    "date": "14.01.18"
  },
  {
    "review_id": "8374171",
    "movie_id": "104111",
    "author": "daum****",
    "review": "그런대로잘봤습니다.",
    "rating": "10",
    "date": "14.01.12"
  },
  {
    "review_id": "8369152",
    "movie_id": "104111",
    "author": "hert****",
    "review": "영화와 회화와 소설의 모호한 경계. 작위적이고 지루하다.",
    "rating": "3",
    "date": "14.01.11"
  },
  {
    "review_id": "8366197",
    "movie_id": "104111",
    "author": "aufs****",
    "review": "빛과 그림자 색채의 미장센을 영화화한 참신한 영화. 하지만 일반인에게는 섣불리 추천하기 힘든 영화.",
    "rating": "10",
    "date": "14.01.10"
  },
  {
    "review_id": "8355709",
    "movie_id": "104111",
    "author": "kang****",
    "review": "캔버스 안짝을 벗어나지 못하는 단순 재현, 미학이라는 이름을 뒤집어쓴 단순 반복",
    "rating": "5",
    "date": "14.01.06"
  },
  {
    "review_id": "8353294",
    "movie_id": "104111",
    "author": "keep****",
    "review": "에드워드 호퍼를 사랑하는 사람들에겐 두 팔 가득 안겨준 선물과도 같은 영화. 그림과 사회 그리고 사람에 대한 것들을 정적으로 나지막하게 담아내고 있다.",
    "rating": "10",
    "date": "14.01.05"
  },
  {
    "review_id": "8351010",
    "movie_id": "104111",
    "author": "popc****",
    "review": "담배 꺼라... 확!...",
    "rating": "1",
    "date": "14.01.05"
  },
  {
    "review_id": "8349372",
    "movie_id": "104111",
    "author": "ax20****",
    "review": "고요하고 아름다운 그림의 움직임을 미학적인 이야기로 담아내다.놓치지 말아야 할 올해 최고의 영화",
    "rating": "10",
    "date": "14.01.04"
  },
  {
    "review_id": "8349254",
    "movie_id": "104111",
    "author": "auro****",
    "review": "단지 에드워드 호퍼의 그림을 영상화했다는 것에 의의를 국한하기에는 너무나도 아까운 작품. 역사 속 개인의 고독이 인상깊었다.",
    "rating": "10",
    "date": "14.01.04"
  },
  {
    "review_id": "8341016",
    "movie_id": "104111",
    "author": "mary****",
    "review": "셜리는 쓸데없이 많이도 벗네..",
    "rating": "4",
    "date": "14.01.02"
  },
  {
    "review_id": "8339298",
    "movie_id": "104111",
    "author": "apre****",
    "review": "사족이지만 그래도 괜찮아.",
    "rating": "8",
    "date": "14.01.02"
  },
  {
    "review_id": "8336684",
    "movie_id": "104111",
    "author": "siny****",
    "review": "스틸사진이살짝움직인다에 의의를 둔다면보셔도됩니다그림을 움직이게 하다니!",
    "rating": "1",
    "date": "14.01.01"
  },
  {
    "review_id": "8331476",
    "movie_id": "104111",
    "author": "cstr****",
    "review": "설리에 대한 것이 궁금하면 최자에게 물어봐야지",
    "rating": "10",
    "date": "14.01.01"
  },
  {
    "review_id": "8326695",
    "movie_id": "104111",
    "author": "best****",
    "review": "에드워드 호퍼의 연대기와 작품세계를 알지못하는 저 같은 사람이라면 누구에게나 매우 지루한 영화일 겁니다. 상영관 혹은 배급사에서 관객들에게 호퍼에 대해 안내하는 작은 팜플렛이라도 나눠 줬으면 훨씬 반응이 좋지 않았을까 합니다.",
    "rating": "2",
    "date": "13.12.30"
  },
  {
    "review_id": "8312249",
    "movie_id": "104111",
    "author": "xien****",
    "review": "설리에 관한 모든것 인줄 아랐네 ㅡㅡ",
    "rating": "1",
    "date": "13.12.27"
  },
  {
    "review_id": "8312083",
    "movie_id": "104111",
    "author": "asah****",
    "review": "좋다 아름답다 헛소리 하는 사람 정말 알바다 디워 이후 영화 보다 자본건 간만인것 같네요 그것도 영화초반부터 잤음 흐름도 이어지지도 않고 너무 심오하시고 예술적이셔서 내용 파악이 안됨....에드워드 호퍼 그림이랑 대체 무슨 상관인지...",
    "rating": "1",
    "date": "13.12.27"
  },
  {
    "review_id": "8311699",
    "movie_id": "104111",
    "author": "slat****",
    "review": "영화 번역이 정말 잘못된것 같습니다. 그렇지만 번역을 제외하더라도 ... 좀 실망이 큽니다. 영상미만 갖오하다 끝난거 같습니다.",
    "rating": "2",
    "date": "13.12.27"
  },
  {
    "review_id": "8311337",
    "movie_id": "104111",
    "author": "jiji****",
    "review": "진짜 드럽게 재미없다 에드워드 호퍼 그림에 배경 빼고는 볼게 아닌영화",
    "rating": "2",
    "date": "13.12.27"
  },
  {
    "review_id": "8306120",
    "movie_id": "104111",
    "author": "figh****",
    "review": "아름다운 이미지들과 함께하는 행복한 시간",
    "rating": "8",
    "date": "13.12.26"
  },
  {
    "review_id": "8305726",
    "movie_id": "104111",
    "author": "gim9****",
    "review": "영화 이름이 설리에 관한 모든 것인줄 알았는데 설리가 아니라 셜리였네. ㅋㅋ",
    "rating": "10",
    "date": "13.12.26"
  },
  {
    "review_id": "8303798",
    "movie_id": "104111",
    "author": "shm1****",
    "review": "셜리의 관한 모든 것 = 최자",
    "rating": "10",
    "date": "13.12.26"
  }
]