[
  {
    "review_id": "10230459",
    "movie_id": "104245",
    "author": "awak****",
    "review": "몸이 바뀌는 설정은 너무 무리수 아닌가;;;",
    "rating": "4",
    "date": "15.08.14"
  },
  {
    "review_id": "9721666",
    "movie_id": "104245",
    "author": "my_c****",
    "review": "배우들 하나같이 다 발연기 ....  김꽃비란 사람도 연기 넘 못하심 ; 지못미",
    "rating": "1",
    "date": "15.02.21"
  },
  {
    "review_id": "9207309",
    "movie_id": "104245",
    "author": "moon****",
    "review": "예전에 본 건데, 뭐 이정도 라는 기억만 난다.",
    "rating": "2",
    "date": "14.09.12"
  },
  {
    "review_id": "9107792",
    "movie_id": "104245",
    "author": "jms5****",
    "review": "김꽃비가 연기를 잘하긴 잘하구나.. 일본애들은 일본어로 연기해도 어색하다. 몰입감은 한국인이 나와서 그런지 그럭저럭인데 슬래셔물치고는 그닥.. 그리고 감독이 참 못 만들었다.",
    "rating": "3",
    "date": "14.08.18"
  },
  {
    "review_id": "8919154",
    "movie_id": "104245",
    "author": "dydg****",
    "review": "너무 재미없다..  이딴  영화가  개봉한게  놀라울뿐이다..  일본에서만 개봉하지...",
    "rating": "1",
    "date": "14.07.15"
  },
  {
    "review_id": "8901186",
    "movie_id": "104245",
    "author": "jozi****",
    "review": "연기력은 한예리와 동급(영어는 강점),.. 작업복은  글쎄요",
    "rating": "10",
    "date": "14.07.10"
  },
  {
    "review_id": "8746921",
    "movie_id": "104245",
    "author": "adiv****",
    "review": "포스터만 보면 재미있어 보이지만 내용은 감독을 죽이고 싶은 내용",
    "rating": "2",
    "date": "14.05.19"
  },
  {
    "review_id": "8728035",
    "movie_id": "104245",
    "author": "izzo****",
    "review": "꽃비양 거긴 왜 간게요?",
    "rating": "2",
    "date": "14.05.13"
  },
  {
    "review_id": "8636780",
    "movie_id": "104245",
    "author": "pima****",
    "review": "와 미치겠다-_- 나 뭐본거야",
    "rating": "1",
    "date": "14.04.08"
  },
  {
    "review_id": "8605668",
    "movie_id": "104245",
    "author": "kis5****",
    "review": "호스텔보다 강력해? 이걸보느니 호스텔을 10번보는게 나을듯.",
    "rating": "1",
    "date": "14.03.25"
  },
  {
    "review_id": "8569994",
    "movie_id": "104245",
    "author": "sama****",
    "review": "이걸 영화라고 쳐 만들었나..잔인하게 하려면 잔인 하게 쳐 만들던가.. 애들 장난 한느것도 아니고.. 살인자가 그냥 다른 사람 몸속에 들어간다는 어이 없고 황당한 애기..전형적인 쓰레기 원숭이 영화답다 18",
    "rating": "1",
    "date": "14.03.12"
  },
  {
    "review_id": "8569450",
    "movie_id": "104245",
    "author": "top8****",
    "review": "대체 머하자는 플레이냐 김꽃비는 왜 출연한거여",
    "rating": "1",
    "date": "14.03.12"
  },
  {
    "review_id": "8568206",
    "movie_id": "104245",
    "author": "bads****",
    "review": "뭐 이러  개떡같은 영화가 다 있냐..필름이 아까워..",
    "rating": "1",
    "date": "14.03.11"
  },
  {
    "review_id": "8567285",
    "movie_id": "104245",
    "author": "mr_b****",
    "review": "어이가없다. 감독이 유친원생이냐",
    "rating": "1",
    "date": "14.03.10"
  },
  {
    "review_id": "8566685",
    "movie_id": "104245",
    "author": "jodi****",
    "review": "참 어이없는 슬래셔물...갑자기 빙의를 하는데다....뭐지?[-_= 김꽃비란 한국 배우는 왜 이 작품에 나온겨",
    "rating": "1",
    "date": "14.03.10"
  },
  {
    "review_id": "8565490",
    "movie_id": "104245",
    "author": "jawo****",
    "review": "로그인하게 만드네 ㅡ ㅡ^  나랑 장난해? 보지마세요;;; 그냥 너무 어거지에 무섭지도 않고;;;",
    "rating": "1",
    "date": "14.03.09"
  },
  {
    "review_id": "8560850",
    "movie_id": "104245",
    "author": "mado****",
    "review": "평가할 가치도 없이 죽도록 저질스러운 영화. 배우들의 민망한 발연기는 덤. 한명 빼고...",
    "rating": "1",
    "date": "14.03.07"
  },
  {
    "review_id": "8559663",
    "movie_id": "104245",
    "author": "lead****",
    "review": "난잡하다. 김꽃비는 생뚱맞게 뭐 이런...",
    "rating": "4",
    "date": "14.03.06"
  },
  {
    "review_id": "8559597",
    "movie_id": "104245",
    "author": "kkwa****",
    "review": "\"여자도 거기 맞으면 아퍼!!\" 꽃비양 대사에서 빵터짐..",
    "rating": "3",
    "date": "14.03.06"
  },
  {
    "review_id": "8559349",
    "movie_id": "104245",
    "author": "lobj****",
    "review": "나혼자만 보기엔 너무 아까운 영화다.",
    "rating": "10",
    "date": "14.03.06"
  },
  {
    "review_id": "8558467",
    "movie_id": "104245",
    "author": "dora****",
    "review": "너무 구리다. 감독이 쓰레기다. 슬래셔 영화 중에서도 최악이라 할만하다. 폐급도 아닌 그냥 쓰레기다. 소품, 음향, 카메라, 연기 할 것 없이 전부. 꽃비야 왜...",
    "rating": "1",
    "date": "14.03.06"
  },
  {
    "review_id": "8558342",
    "movie_id": "104245",
    "author": "fina****",
    "review": "마이너스 못줌?; 이건 무슨 유학생들이 장난삼아 홈비디오로 찍은 수준; 스토리가 거의 망상수준이고 짜임도 엉망이에 영상처리는 아마추어 수준이하이고 배우들 연기는 영화 분위기하고 따로따로 겉돌아서 마치 중학생들 미술과제영상 보는듯..",
    "rating": "1",
    "date": "14.03.06"
  },
  {
    "review_id": "8556856",
    "movie_id": "104245",
    "author": "newc****",
    "review": "김꽃비가 시나리오를 제대로 읽은건가....아무것도 얻을게 없는 작품일텐데 말이지 결론은 뭐 한국인이 일본인 죽여버렸네?",
    "rating": "2",
    "date": "14.03.05"
  },
  {
    "review_id": "8556692",
    "movie_id": "104245",
    "author": "zada****",
    "review": "죽도록 재미없는 영화 = 이렇게 영화 제목 바꾸면 흥행 할듯 별도 아깝다",
    "rating": "1",
    "date": "14.03.05"
  },
  {
    "review_id": "8555831",
    "movie_id": "104245",
    "author": "cydk****",
    "review": "개막장 쓰레기 영화 ㅋㅋ 시청자의 이해관계도 돕지않고 막장으로 흘러감 내용전개도 터무니없고 내용구성도 매우 유치하고 저급함",
    "rating": "1",
    "date": "14.03.04"
  },
  {
    "review_id": "8555432",
    "movie_id": "104245",
    "author": "hui2****",
    "review": "최고의 명작입니다.이런 영화는 일본으로다 보냅시다",
    "rating": "10",
    "date": "14.03.04"
  },
  {
    "review_id": "8555375",
    "movie_id": "104245",
    "author": "scou****",
    "review": "배우들의 계속되는 발연기와 어이없이 전기충격기 하나로 남녀 영혼이 바뀌는 설정...김꽃비...한국에 영화다운 영화가 없어서 쪽국의 3류 쓰레기 영화에 출연했나???한국에도 좋은 영화 감독 많은데...그냥 안무섭고 일단 쓰레기영화",
    "rating": "1",
    "date": "14.03.04"
  },
  {
    "review_id": "8554809",
    "movie_id": "104245",
    "author": "ksg8****",
    "review": "5점은 아니다. 6~7 정도?  무서운거 싫으면 보지마셔여",
    "rating": "10",
    "date": "14.03.03"
  },
  {
    "review_id": "8553150",
    "movie_id": "104245",
    "author": "pjms****",
    "review": "제미있봐요 이양반들아",
    "rating": "6",
    "date": "14.03.03"
  },
  {
    "review_id": "8551567",
    "movie_id": "104245",
    "author": "bles****",
    "review": "런닝 타임이 짧아서 다행이다",
    "rating": "1",
    "date": "14.03.02"
  },
  {
    "review_id": "8550633",
    "movie_id": "104245",
    "author": "1231****",
    "review": "단체로 놀러갔다가 살인마 만나는 뻔한 스토리인줄 알았는데...  중간에 판타지가 섞이고 얼핏 황당한 캐릭터 체인지가 흥미를 잡아끌었다. 미국 슬래셔물보다 영상도 맘에 들고 김꽃비 연기도 역시 좋았다. 아쉬운건 왜이리 러닝타임이 짧은겨",
    "rating": "9",
    "date": "14.03.02"
  },
  {
    "review_id": "8548281",
    "movie_id": "104245",
    "author": "tixk****",
    "review": "일단 평점이 너무낫다 올려주자..",
    "rating": "10",
    "date": "14.03.01"
  },
  {
    "review_id": "8546771",
    "movie_id": "104245",
    "author": "rkdg****",
    "review": "무서워보인다난무서운걸싫어한다",
    "rating": "1",
    "date": "14.03.01"
  },
  {
    "review_id": "8540553",
    "movie_id": "104245",
    "author": "gall****",
    "review": "십수년전에 나온 본격적인 한국 슬레셔물들보다 배우들 연기나 몰입감, 영화적 구성이 심히 떨어지는 수준. 김꽃비는 배역의 임펙트도 없고 이런 C급 작품에 소비되기엔 아깝지",
    "rating": "3",
    "date": "14.02.27"
  }
]