[
  {
    "review_id": "9609286",
    "movie_id": "104293",
    "author": "milk****",
    "review": "처움부터 예상 되는 결말 ,,, 뻔하다 뻔해!",
    "rating": "4",
    "date": "15.01.18"
  },
  {
    "review_id": "9514369",
    "movie_id": "104293",
    "author": "neve****",
    "review": "넘 뻔한 스토린데 한 번 정도는 볼만함.",
    "rating": "6",
    "date": "14.12.25"
  },
  {
    "review_id": "9253346",
    "movie_id": "104293",
    "author": "ddeg****",
    "review": "1초도 지루해하지 않고 즐겁게 잘 봤다ㅋ 딱 내 스타일의 로맨틱 코미디 영화다ㅋㅋㅋ",
    "rating": "10",
    "date": "14.10.02"
  },
  {
    "review_id": "9177435",
    "movie_id": "104293",
    "author": "yuji****",
    "review": "생각없이 그냥본영화엿는데 너무재밌게봣어요",
    "rating": "10",
    "date": "14.09.07"
  },
  {
    "review_id": "8935511",
    "movie_id": "104293",
    "author": "hair****",
    "review": "재밋긴한대 도대체 음향담당은 왜있는건지;;;영화는볼만한대 중간중간ost 진짜안어울리게 선곡했다내가했어도 이것보단잘했겠네~",
    "rating": "7",
    "date": "14.07.20"
  },
  {
    "review_id": "8835052",
    "movie_id": "104293",
    "author": "kong****",
    "review": "One Small Hitch유쾌하고 훈훈하게 잘 보았네요~ 가족애와 소울메이트♥",
    "rating": "8",
    "date": "14.06.16"
  },
  {
    "review_id": "8618771",
    "movie_id": "104293",
    "author": "sama****",
    "review": "영화속 인테리어들이 마음에 들었다능!",
    "rating": "7",
    "date": "14.03.30"
  },
  {
    "review_id": "8574912",
    "movie_id": "104293",
    "author": "ttf1****",
    "review": "이 영화가 '어바웃타임'같은 로맨스영화하고 뭐가 다르지.. 오히려 이 영화가 더 좋았다.  오랫만의 설렘을 느꼈다...",
    "rating": "10",
    "date": "14.03.14"
  },
  {
    "review_id": "8560842",
    "movie_id": "104293",
    "author": "mado****",
    "review": "B급에서 느기는 A급 느낌... 조연급 무명배우들로 꾸며졌지만 연기력은 흠잡을곳 없다. 내용이 진부하다지만 사랑이야기는 원래 유치하고 오그라드는법...촌스러운 한글제목이 옥의티.",
    "rating": "10",
    "date": "14.03.07"
  },
  {
    "review_id": "8452547",
    "movie_id": "104293",
    "author": "ccmp****",
    "review": "볼만하다 그냥 가볍게 보기에 좋다 굳이 감동적이지 않더라도",
    "rating": "10",
    "date": "14.01.31"
  },
  {
    "review_id": "8442529",
    "movie_id": "104293",
    "author": "jodi****",
    "review": "그냥 한국드라마를 한편 봐라...TV용 영화를 개봉한다고? 그냥 식상한 로맨티 코미디물인데 정말 안스럽다",
    "rating": "4",
    "date": "14.01.29"
  },
  {
    "review_id": "8441967",
    "movie_id": "104293",
    "author": "qlgo****",
    "review": "볼만했고 갈등요소도포함되어 배우의 감정연기도볼수있었음",
    "rating": "10",
    "date": "14.01.29"
  },
  {
    "review_id": "8438661",
    "movie_id": "104293",
    "author": "dier****",
    "review": "그냥 킬링타임용 로맨스 코미디를 찾는다면 볼만함",
    "rating": "10",
    "date": "14.01.28"
  },
  {
    "review_id": "8438651",
    "movie_id": "104293",
    "author": "hell****",
    "review": "신박하진 않아도 킬링타임으로 보기 괜찮은듯. 평점 5점대는 솔까 아닌거 같은데?",
    "rating": "10",
    "date": "14.01.28"
  },
  {
    "review_id": "8438647",
    "movie_id": "104293",
    "author": "minb****",
    "review": "가볍게 보기 좋은 로코물ㅋㅋㅋ재밌었당",
    "rating": "10",
    "date": "14.01.28"
  },
  {
    "review_id": "8433807",
    "movie_id": "104293",
    "author": "bles****",
    "review": "쉰내나는 감성, 고리타분한 전개",
    "rating": "3",
    "date": "14.01.27"
  },
  {
    "review_id": "8430147",
    "movie_id": "104293",
    "author": "01aj****",
    "review": "B급 로코물... 어설픔 속에서 은근히 웃음이 나왔던... 각본가가 한국 드라마를 많이 봤나보다.",
    "rating": "5",
    "date": "14.01.26"
  },
  {
    "review_id": "8423035",
    "movie_id": "104293",
    "author": "godb****",
    "review": "미국영화에서 한국 드라마를 보다",
    "rating": "4",
    "date": "14.01.25"
  },
  {
    "review_id": "8421145",
    "movie_id": "104293",
    "author": "caes****",
    "review": "스토리가  처음부터 끝까지 진부하고 스포 될까봐 자세히 쓰지는 못하겠지만 이런 상쓰레기같은 남자를 왜...끝은 어영부영 그냥 넘어가고...90년대 영화 본 느낌인데 90년대 영화보다 못한듯...",
    "rating": "2",
    "date": "14.01.24"
  },
  {
    "review_id": "8420315",
    "movie_id": "104293",
    "author": "sosb****",
    "review": "사랑이 이렇게 쉬울수 있다면....",
    "rating": "10",
    "date": "14.01.24"
  }
]