[
  {
    "review_id": "10243351",
    "movie_id": "104257",
    "author": "feel****",
    "review": "영화를 넘 많이 봤나보다. 시작도 전에 누군지 다 알겠다... 그나마 결말이 신선해서 다행ㅠ",
    "rating": "5",
    "date": "15.08.16"
  },
  {
    "review_id": "10198927",
    "movie_id": "104257",
    "author": "eunz****",
    "review": "진부하고 따분하고 재미없고..",
    "rating": "1",
    "date": "15.08.07"
  },
  {
    "review_id": "10176402",
    "movie_id": "104257",
    "author": "mayd****",
    "review": "공포영화치고는 별로 공포스럽지않아요",
    "rating": "7",
    "date": "15.08.02"
  },
  {
    "review_id": "10078254",
    "movie_id": "104257",
    "author": "eogj****",
    "review": "sㅣ발 GCV에서 우연히 틀어줘서 봤는데 기분만 잡치네요. 괜히 낮부터 찝찝하게스리...",
    "rating": "4",
    "date": "15.07.07"
  },
  {
    "review_id": "9984305",
    "movie_id": "104257",
    "author": "sera****",
    "review": "어린시절 개념없을때의 잘못을 뒤돌아보게 되는 영화",
    "rating": "8",
    "date": "15.06.08"
  },
  {
    "review_id": "9975011",
    "movie_id": "104257",
    "author": "ez31****",
    "review": "전설의고향 해외편- 권선징악을 강조하는 드라마임",
    "rating": "6",
    "date": "15.06.04"
  },
  {
    "review_id": "9949265",
    "movie_id": "104257",
    "author": "ash_****",
    "review": "스토리 부문에서 이해가 다소 어려웠지만 그래도 훌륭한 반전 스릴러였고, 공포감을 조성하기에 딱 좋았습니다.",
    "rating": "9",
    "date": "15.05.25"
  },
  {
    "review_id": "9895040",
    "movie_id": "104257",
    "author": "a11a****",
    "review": "초반부 잔잔하지만 뒤로갈수록 쩔어요",
    "rating": "9",
    "date": "15.05.05"
  },
  {
    "review_id": "9854551",
    "movie_id": "104257",
    "author": "mado****",
    "review": "모래속의 진주같은 영화!",
    "rating": "10",
    "date": "15.04.20"
  },
  {
    "review_id": "9649499",
    "movie_id": "104257",
    "author": "fghy****",
    "review": "별로야,,  지루해,, ㅡㅡ;  결말만 괜춘",
    "rating": "3",
    "date": "15.01.29"
  },
  {
    "review_id": "9648533",
    "movie_id": "104257",
    "author": "lsh9****",
    "review": "평점이 좋아서 기대하고 봤는데도 재밌어요. 스토리도 탄탄해요 몇몇분들은 결말이 뻔하다고 하는데 솔직히 저는 예상못했어요 눈치백단 아니면 후반부는 몰라도 중반부에서 결말예상하는 일은 없을거에요",
    "rating": "9",
    "date": "15.01.29"
  },
  {
    "review_id": "9646151",
    "movie_id": "104257",
    "author": "stin****",
    "review": "외딴섬이 주는 공포! 짐작할 수 있는 반전이었지만 재미있게 봄",
    "rating": "8",
    "date": "15.01.28"
  },
  {
    "review_id": "9644038",
    "movie_id": "104257",
    "author": "kimm****",
    "review": "공포 아닌데? 스릴러라고 해야하나.. 무섭기보다 좀 뭔가ㄷ답답한 느낌 나름 괜찮네 아예 아무 정보 없이 봤으면 더 재미났을 텐데 검색하고 봐서 ㅠㅠ 암튼 재미나네 하나도 안 무서움",
    "rating": "9",
    "date": "15.01.28"
  },
  {
    "review_id": "9642138",
    "movie_id": "104257",
    "author": "hiph****",
    "review": "와.. 이거 대박이네..ㄷㄷㄷ",
    "rating": "10",
    "date": "15.01.27"
  },
  {
    "review_id": "9427192",
    "movie_id": "104257",
    "author": "kimb****",
    "review": "지루함은 둘째치고 개연성이 하나도 없다 .그냥 감독이 결말만 만들어놓고 여기저기 어거지로 갖다 붙였다",
    "rating": "3",
    "date": "14.11.27"
  },
  {
    "review_id": "9303895",
    "movie_id": "104257",
    "author": "dbwl****",
    "review": "착하게살자!!고어물.종교호러물에 질리거나 싫어하면 딱임~!잔잔한흐름이지만 지루하진않고 반전도있고~",
    "rating": "9",
    "date": "14.10.20"
  },
  {
    "review_id": "9296188",
    "movie_id": "104257",
    "author": "lone****",
    "review": "어린 아이의 순수한 악의에 대하여. 누군가에겐 잊혀지고 누군가는 잊지 못한다.",
    "rating": "7",
    "date": "14.10.16"
  },
  {
    "review_id": "9250869",
    "movie_id": "104257",
    "author": "haup****",
    "review": "잊지못할 눈망울을 가진 소녀의 슬픈 이야기. \"마리아\"야!내가 그때 네 곁에 있어주지 못해 두고두고 미안해! 대신 내가 죽을때까지 널 잊지 않고 사랑할께! 사랑해^^",
    "rating": "10",
    "date": "14.09.30"
  },
  {
    "review_id": "9166377",
    "movie_id": "104257",
    "author": "kilk****",
    "review": "전개가 너무 심하게 지루하다. 내가 이걸 예전에 보다가 포기한 이유가 있었어.",
    "rating": "3",
    "date": "14.09.04"
  },
  {
    "review_id": "9131522",
    "movie_id": "104257",
    "author": "dnck****",
    "review": "우선 초반중반부분은 극전개가 조금 지루하게이어집니다 후반부 반전에 대해서 영화를 많이 본사람이라면 어느정도 감을 잡을수 있어요 결국은 복수극복수가 이해가 되면서도 또다른 복수의 출발점이 되는영화 권선징악 영화인데 결코 권선징악.영화가 아닌듯함",
    "rating": "6",
    "date": "14.08.25"
  },
  {
    "review_id": "8845651",
    "movie_id": "104257",
    "author": "oojj****",
    "review": "조금 지루하게 끄는 것 같지만. 반전을 위한 것일뿐. 어린이들의 순수함이 공포로 변한 것이다",
    "rating": "7",
    "date": "14.06.21"
  },
  {
    "review_id": "8785146",
    "movie_id": "104257",
    "author": "wfy0****",
    "review": "정교하게 잘 짜여진 공포 영화. 잊혀지지 않을 이야기.",
    "rating": "10",
    "date": "14.06.01"
  },
  {
    "review_id": "8754594",
    "movie_id": "104257",
    "author": "yong****",
    "review": "공포영화라기 보단 미스테리를 풀어 헤쳐나가는 잔혹동화. 전체적으로 스토리는 좋지만 그것을 표현해 나아가는 연출력이 조금 부족했던거 같다. 완벽하게 짜임새있는 표현이 되질 않았다. 그래도 독일 공포영화라는 점이 신기하고 놀라웠다.",
    "rating": "7",
    "date": "14.05.22"
  },
  {
    "review_id": "8750755",
    "movie_id": "104257",
    "author": "ice_****",
    "review": "뻔한 얘기지만 보는 동안 재미있었다.",
    "rating": "7",
    "date": "14.05.21"
  },
  {
    "review_id": "8722719",
    "movie_id": "104257",
    "author": "milk****",
    "review": "귀신인줄 알았더만,, 정신병자의 복수 극 이었네 ㅎ",
    "rating": "7",
    "date": "14.05.11"
  },
  {
    "review_id": "8699239",
    "movie_id": "104257",
    "author": "qwea****",
    "review": "우수한 소재를 조리있게 풀어내지 못한다. 설명 강박증에 걸린 영화.",
    "rating": "5",
    "date": "14.05.04"
  },
  {
    "review_id": "8693386",
    "movie_id": "104257",
    "author": "cowv****",
    "review": "끔찍하면서도 달달한 복수였다.",
    "rating": "7",
    "date": "14.05.02"
  },
  {
    "review_id": "8680733",
    "movie_id": "104257",
    "author": "ehwj****",
    "review": "사람이 얼마나 무서운지 보여주는것 같다. 솔직히 초반에 다 눈치채서 반전이랄것도 없었다. 근데 내용자체가 너무 짜증나는 스토리인것 같다 결말도 억지스럽다.",
    "rating": "6",
    "date": "14.04.28"
  },
  {
    "review_id": "8661942",
    "movie_id": "104257",
    "author": "mapl****",
    "review": "내가 가장 싫어하는 \"모두가 억울하고 모두가 억울하게 끝나는 억울한 이야기\" 짜증나서 죽을뻔.",
    "rating": "4",
    "date": "14.04.20"
  },
  {
    "review_id": "8653018",
    "movie_id": "104257",
    "author": "skdl****",
    "review": "공포영화의 기본 \"범인은 이안에 있다\"라는 생각으로 찾아보다가. 레아가 \"너 괴물이니?\"라고 말했을때 범인의 윤곽이 잡혔음. 깔끔한 스토리. 그리고 악당도 이뻐... 거기에 무섭기까지... 굿!",
    "rating": "8",
    "date": "14.04.16"
  },
  {
    "review_id": "8607327",
    "movie_id": "104257",
    "author": "taeg****",
    "review": "영상미가 돋보이는 독일산 공포영화 뭔가 젖어들게 만들지",
    "rating": "6",
    "date": "14.03.26"
  },
  {
    "review_id": "8582001",
    "movie_id": "104257",
    "author": "silv****",
    "review": "유럽풍 잔혹 동화. 정신과 의사들의 어깨가 무겁다.",
    "rating": "8",
    "date": "14.03.16"
  },
  {
    "review_id": "8528140",
    "movie_id": "104257",
    "author": "cc52****",
    "review": "보지마라.무섭지도않고엉망이다다운받지마라",
    "rating": "2",
    "date": "14.02.22"
  },
  {
    "review_id": "8520222",
    "movie_id": "104257",
    "author": "0307****",
    "review": "내 인생에서 가장 고마운 영화.",
    "rating": "10",
    "date": "14.02.19"
  },
  {
    "review_id": "8501278",
    "movie_id": "104257",
    "author": "sera****",
    "review": "개인적으로 조금 지루했습니다.. 전체적으로는 볼만했어요",
    "rating": "7",
    "date": "14.02.12"
  },
  {
    "review_id": "8416575",
    "movie_id": "104257",
    "author": "brav****",
    "review": "깔끔한, 군더더기 없는 좋은 공포영화가 뭔지를 모범적으로 보여준 작품이라 생각됩니다.",
    "rating": "9",
    "date": "14.01.23"
  },
  {
    "review_id": "8402440",
    "movie_id": "104257",
    "author": "awak****",
    "review": "스토리가 상당히 탄탄하다. 계속되는 정적인 분위기를 즐길수 있다면 수작으로 기억될 듯.",
    "rating": "8",
    "date": "14.01.20"
  },
  {
    "review_id": "8376574",
    "movie_id": "104257",
    "author": "egyp****",
    "review": "누군가에에 잊혀져버렸던 소녀의 잔혹하고 슬픈 ○○...무모하고 위험했던 어릴적 장난이 비극으로 뒤바뀐 순간...단지 제일 친한 친구가 되고 싶었던 한 소녀...스산하고 음산한 분위기의 영상...",
    "rating": "7",
    "date": "14.01.12"
  },
  {
    "review_id": "8368849",
    "movie_id": "104257",
    "author": "whee****",
    "review": "반전을 금방 눈치챌 수 있지만 전체적인 분위기나 내용의 짜임은 부족한것 없이 무난하다. 잔혹한 그림동화를 그대로 영상화시킨듯. 공포가 확 느껴지지 않고 특출나게 신선한 내용도 아니지만 필요한 재료들로만 정갈하게 만든 느낌. 반전을 더 숨겼더라면..",
    "rating": "8",
    "date": "14.01.11"
  },
  {
    "review_id": "8362654",
    "movie_id": "104257",
    "author": "macb****",
    "review": "멋진복수 !!  웃으면서 깊숙히...  연출굿 !!",
    "rating": "10",
    "date": "14.01.09"
  },
  {
    "review_id": "8358639",
    "movie_id": "104257",
    "author": "inna****",
    "review": "난 솔직히 그저그랬다. 전문가 평점이 맞다고 생각. 캐릭터 매력도도 떨어지고 스릴도 잘 모르겠고.. 단지 죽은 아가가 불쌍 ...근데 여자평점이 디게 높네. 본인도 여자임요.",
    "rating": "5",
    "date": "14.01.07"
  },
  {
    "review_id": "8330687",
    "movie_id": "104257",
    "author": "saro****",
    "review": "그냥 그저 그랬다. 시간 때우기용",
    "rating": "4",
    "date": "13.12.31"
  },
  {
    "review_id": "8273241",
    "movie_id": "104257",
    "author": "jdh5****",
    "review": "영상이 깨끗하고 슬픈 이야기네요 장르가 공포같지는않네요..",
    "rating": "8",
    "date": "13.12.22"
  },
  {
    "review_id": "8204051",
    "movie_id": "104257",
    "author": "kjc7****",
    "review": "예상가능한 반전이었지만 속시원한 복수극이 맘에 든다. 뿌린대로 거둔다는 평범한 진리가 점점 잊혀져가는 시대에 살고있어서 영화속 슬프지만 통렬한 복수에 박수를 보내게 된다. 판의미로나 오퍼나지와 비슷한 분위기가 친숙하고 반갑게 느껴진다.",
    "rating": "8",
    "date": "13.12.10"
  },
  {
    "review_id": "8202593",
    "movie_id": "104257",
    "author": "tjdd****",
    "review": "마지막 반전이 너무 좋네여ㅋㅋ",
    "rating": "10",
    "date": "13.12.09"
  },
  {
    "review_id": "8201030",
    "movie_id": "104257",
    "author": "ayn0****",
    "review": "기대않고봐서인지 잼나게봤음~~전 컨저링보다 나은거같은데`~",
    "rating": "8",
    "date": "13.12.09"
  },
  {
    "review_id": "8188369",
    "movie_id": "104257",
    "author": "5cc9****",
    "review": "원래 어린이는 잔인하죠. 공포라기보다 슬픈 영화네요.",
    "rating": "8",
    "date": "13.12.03"
  },
  {
    "review_id": "8185863",
    "movie_id": "104257",
    "author": "jhwa****",
    "review": "역시 성별 평점대로.. 여성들이 높은 평점을 주고, 남성들은 낮은 평점을 줬네.. 이걸 왜 보고 있나  싶었다.. 기대를 너무 해서 그래...",
    "rating": "6",
    "date": "13.12.02"
  },
  {
    "review_id": "8184854",
    "movie_id": "104257",
    "author": "bele****",
    "review": "이런 영화 많이 보신 분들은 누구나 예상 가능한 스토리.",
    "rating": "7",
    "date": "13.12.02"
  },
  {
    "review_id": "8184019",
    "movie_id": "104257",
    "author": "band****",
    "review": "정말 '이유 있는' 복수였다",
    "rating": "7",
    "date": "13.12.01"
  },
  {
    "review_id": "8178686",
    "movie_id": "104257",
    "author": "badu****",
    "review": "세상에서 가장 친절한 공포영화.. 그 이상도 이하도 아닌 딱 그것뿐",
    "rating": "4",
    "date": "13.11.30"
  },
  {
    "review_id": "8173754",
    "movie_id": "104257",
    "author": "agaw****",
    "review": "지루해서 죽는줄 알았네...",
    "rating": "3",
    "date": "13.11.28"
  },
  {
    "review_id": "8171844",
    "movie_id": "104257",
    "author": "sepi****",
    "review": "초반의 지루함  중반의 몰입감  후반의 반전의 반전  만족스런 결말",
    "rating": "10",
    "date": "13.11.27"
  },
  {
    "review_id": "8167696",
    "movie_id": "104257",
    "author": "redo****",
    "review": "기대하고  봤는데도  잼있습니다",
    "rating": "10",
    "date": "13.11.25"
  },
  {
    "review_id": "8166179",
    "movie_id": "104257",
    "author": "lipe****",
    "review": "지루한감이 살짝 있지만, 상당히 좋네요.",
    "rating": "7",
    "date": "13.11.24"
  },
  {
    "review_id": "8164502",
    "movie_id": "104257",
    "author": "lose****",
    "review": "귀신이야기보다 이런영화가 더 좋네요",
    "rating": "9",
    "date": "13.11.24"
  },
  {
    "review_id": "8164272",
    "movie_id": "104257",
    "author": "ddts****",
    "review": "괜찮게 잘 만드셨는데 어디서 본 듯한 느낌의 장면과 얘기라고 생각 되는데요 뭔가 만족감은 주지 않네요.",
    "rating": "5",
    "date": "13.11.24"
  },
  {
    "review_id": "8163767",
    "movie_id": "104257",
    "author": "nost****",
    "review": "뭔가.. 길예르모 델 토로 감독님 스타일 같은 느낌이 났고, 잔잔한 음악 사이로 느껴지는 공포와 슬픔이 공존하는 감정을 느꼈다.",
    "rating": "8",
    "date": "13.11.23"
  },
  {
    "review_id": "8161114",
    "movie_id": "104257",
    "author": "hyun****",
    "review": "스릴있고 무섭고 반전은 쟈밌네요",
    "rating": "8",
    "date": "13.11.22"
  },
  {
    "review_id": "8160384",
    "movie_id": "104257",
    "author": "1121****",
    "review": "후반부로 가면 대충 결말이 짐작되는데 당해도 싸다 싶은 생각이 듦.",
    "rating": "9",
    "date": "13.11.22"
  },
  {
    "review_id": "8159850",
    "movie_id": "104257",
    "author": "eter****",
    "review": "잔혹한 동화를 보는것같다  누구든간에 타인에게 마음의 상처주는 일은 하지 말자는 ..",
    "rating": "9",
    "date": "13.11.22"
  },
  {
    "review_id": "8158530",
    "movie_id": "104257",
    "author": "1wsi****",
    "review": "간만에 걸작 스릴러물.차분히 조여가는 감독의 연출.뒷통수 반전,깔끔한 마무리. 고어나 좀비물에 지친  스릴러 팬들이라면 곡 보시길.",
    "rating": "9",
    "date": "13.11.21"
  },
  {
    "review_id": "8023232",
    "movie_id": "104257",
    "author": "ghye****",
    "review": "싸가지 없던 뇬이 미쳤던 뇬에게 복수 당하는 영화.",
    "rating": "7",
    "date": "13.09.30"
  },
  {
    "review_id": "8013625",
    "movie_id": "104257",
    "author": "2joo****",
    "review": "무서워서 시러..",
    "rating": "1",
    "date": "13.09.24"
  },
  {
    "review_id": "7982688",
    "movie_id": "104257",
    "author": "yuno****",
    "review": ".",
    "rating": "10",
    "date": "13.09.15"
  },
  {
    "review_id": "7967708",
    "movie_id": "104257",
    "author": "rimi****",
    "review": "평점 믿구영화관서봤는데 무섭지가않잖아요 컨져링보단 낫지만 무서운영화는 아녔어요 차라리살인소설추천 ㅋ",
    "rating": "6",
    "date": "13.09.11"
  },
  {
    "review_id": "7967366",
    "movie_id": "104257",
    "author": "pink****",
    "review": "잔잔한 배경속에서 느껴지는 공포!  기대하지않고 보러갔었는데 만족 굳",
    "rating": "9",
    "date": "13.09.11"
  },
  {
    "review_id": "7967352",
    "movie_id": "104257",
    "author": "forn****",
    "review": "여늬 눈망울로 변해 버리게 하는 영화",
    "rating": "6",
    "date": "13.09.11"
  },
  {
    "review_id": "7967347",
    "movie_id": "104257",
    "author": "ldy6****",
    "review": "아직 컨져링을 못 봤다만 올해 본 공포영화중 가장 만족스럽게 봤다.",
    "rating": "8",
    "date": "13.09.11"
  },
  {
    "review_id": "7965673",
    "movie_id": "104257",
    "author": "ldk1****",
    "review": "너무 친절한 설명이 재미를 반감시킨다..",
    "rating": "6",
    "date": "13.09.11"
  },
  {
    "review_id": "7965180",
    "movie_id": "104257",
    "author": "llxl****",
    "review": "오랫만에 본 괜찮은 공포 영화 였어요. 요즘 한참 좀비가 유행하더니 전 이런류의 공포영화가 좀 더 취향에 잘 맞는거 같아요.  반전도 괜찮았고 영화 마무리도 잘 된거 같아요.",
    "rating": "10",
    "date": "13.09.11"
  },
  {
    "review_id": "7963879",
    "movie_id": "104257",
    "author": "figh****",
    "review": "반전은 예상한 그대로인데도 이토록 마음에 들다니!",
    "rating": "8",
    "date": "13.09.10"
  },
  {
    "review_id": "7963212",
    "movie_id": "104257",
    "author": "cact****",
    "review": "오오~ 의외로 재밌네?ㅋㅋㅋㅋㅋ 기대 안하고 봤는데 스토리 너무 좋다! 만족만족!!",
    "rating": "10",
    "date": "13.09.10"
  },
  {
    "review_id": "7962795",
    "movie_id": "104257",
    "author": "cine****",
    "review": "보는 내내 긴장감으로 손에 땀이 졌었고, 잘 짜여진 스토리와 반전, 아름다운 배경화면이 좋았습니다.",
    "rating": "10",
    "date": "13.09.09"
  },
  {
    "review_id": "7952096",
    "movie_id": "104257",
    "author": "slhy****",
    "review": "여운이 남는 영화였어요ㅠㅠ.... 반전도 좋았구!! 추천합니다~",
    "rating": "9",
    "date": "13.09.06"
  },
  {
    "review_id": "7951970",
    "movie_id": "104257",
    "author": "bora****",
    "review": "포가튼!!!",
    "rating": "10",
    "date": "13.09.06"
  },
  {
    "review_id": "7951357",
    "movie_id": "104257",
    "author": "zzpp****",
    "review": "반전대박",
    "rating": "10",
    "date": "13.09.06"
  },
  {
    "review_id": "7950500",
    "movie_id": "104257",
    "author": "hys1****",
    "review": "ㄱㅈㄴ ㅍㄷㅇㅇ",
    "rating": "1",
    "date": "13.09.05"
  },
  {
    "review_id": "7949765",
    "movie_id": "104257",
    "author": "dbse****",
    "review": "볼만해요 내용괜찮음",
    "rating": "10",
    "date": "13.09.05"
  },
  {
    "review_id": "7948898",
    "movie_id": "104257",
    "author": "0o0o****",
    "review": "아쉽다. 개봉하면 꼭 보려고 했는데.. 상영해주는곳이 한곳 뿐이네...",
    "rating": "7",
    "date": "13.09.05"
  }
]