[
  {
    "review_id": "10244638",
    "movie_id": "104361",
    "author": "gkdr****",
    "review": "이거 0개안됌?  편집이 완벽하다고? 통편집해야 완벽한거아니고?  주연급배우들의 발연기와 쓰레기급내용으로 똘똘뭉친 최고의 쓰레기영화",
    "rating": "1",
    "date": "15.08.17"
  },
  {
    "review_id": "10207771",
    "movie_id": "104361",
    "author": "tyle****",
    "review": "와 우~ 여지껏 본 액션 영화중 최곱니다.  여러분도 꼭 보셔야 합니다. 나만 볼 순없죠..  꼭 봐야되요.. 꼭 !!!!",
    "rating": "10",
    "date": "15.08.09"
  },
  {
    "review_id": "9874834",
    "movie_id": "104361",
    "author": "sinn****",
    "review": "ㅇㅇㅇ???!!!?",
    "rating": "1",
    "date": "15.04.28"
  },
  {
    "review_id": "9721303",
    "movie_id": "104361",
    "author": "pys9****",
    "review": "평점 조작하면 안데용 ㅎㅎ",
    "rating": "1",
    "date": "15.02.21"
  },
  {
    "review_id": "9553134",
    "movie_id": "104361",
    "author": "cach****",
    "review": "별로다. 이런류의  영화 이제 지겹다.",
    "rating": "1",
    "date": "15.01.02"
  },
  {
    "review_id": "9551862",
    "movie_id": "104361",
    "author": "yoon****",
    "review": "시나리오 부터 편집까지 완변하다",
    "rating": "10",
    "date": "15.01.02"
  },
  {
    "review_id": "9551086",
    "movie_id": "104361",
    "author": "cjsu****",
    "review": "정말 재밌습니다..!",
    "rating": "10",
    "date": "15.01.02"
  }
]