[
  {
    "review_id": "10274056",
    "movie_id": "104331",
    "author": "akad****",
    "review": "'케이트 블란쳇'으로 가득 찼다.",
    "rating": "10",
    "date": "15.08.25"
  },
  {
    "review_id": "10267810",
    "movie_id": "104331",
    "author": "cont****",
    "review": "다 잃었어도 유일하게 가지고 있는 것. 허영",
    "rating": "10",
    "date": "15.08.23"
  },
  {
    "review_id": "10207764",
    "movie_id": "104331",
    "author": "hior****",
    "review": "우디 알렌의 내용도 음악도 연기도 다 좋은 영화.. 간혹 우리의 삶이 작든적든 쟈스민 같을 때가 있다",
    "rating": "10",
    "date": "15.08.09"
  },
  {
    "review_id": "10149200",
    "movie_id": "104331",
    "author": "nill****",
    "review": "케이트 블란쳇에 우디앨런 한 스푼 = 명작 탄생",
    "rating": "10",
    "date": "15.07.27"
  },
  {
    "review_id": "10134070",
    "movie_id": "104331",
    "author": "alle****",
    "review": "우디 엘런 감독 특유의 해학미와 사회비판의 블랙조크가 돋보이는 작품입니다  누구나 본능적을 느끼는 삶의 진정성, 본연의 이치를 돈이 과장하는 허세라는 장막에서 어떻게 벗어나려 하는가등장인물들을 통해 영화의 방식으로 나열해 갑니다...",
    "rating": "9",
    "date": "15.07.23"
  },
  {
    "review_id": "10133619",
    "movie_id": "104331",
    "author": "kime****",
    "review": "타인의 눈과 부러움에서 만족을 찾는 여자의 현재진행형..",
    "rating": "10",
    "date": "15.07.23"
  },
  {
    "review_id": "10132941",
    "movie_id": "104331",
    "author": "yena****",
    "review": "궁시렁 거리는 여주..투덜거리는것 밉지않고 똑바로 잡아주고 싶네",
    "rating": "8",
    "date": "15.07.23"
  },
  {
    "review_id": "10024792",
    "movie_id": "104331",
    "author": "azga****",
    "review": "여자는 무엇으로 망가지는가",
    "rating": "7",
    "date": "15.06.23"
  },
  {
    "review_id": "10017379",
    "movie_id": "104331",
    "author": "full****",
    "review": "와~~ 정말 이게 연기고 시나리오다!군더더기 없는 영화!",
    "rating": "10",
    "date": "15.06.21"
  },
  {
    "review_id": "10016440",
    "movie_id": "104331",
    "author": "yea4****",
    "review": "케이트 블란쳇의 연기는 정말 최고였음",
    "rating": "10",
    "date": "15.06.20"
  },
  {
    "review_id": "9998772",
    "movie_id": "104331",
    "author": "eski****",
    "review": "재밌어요.생각을 많이하게 해줍니다.",
    "rating": "9",
    "date": "15.06.14"
  },
  {
    "review_id": "9974945",
    "movie_id": "104331",
    "author": "rhdb****",
    "review": "여자라면,,  진짜 재밌게볼듯ㅎㅎ 한살 먹고 다시보니 더 공감이 되더라",
    "rating": "10",
    "date": "15.06.04"
  },
  {
    "review_id": "9971667",
    "movie_id": "104331",
    "author": "ksyb****",
    "review": "또 다시 보고싶다. 블루문 피아노 소리가 머릿속에서 떠나지 않는다",
    "rating": "10",
    "date": "15.06.03"
  },
  {
    "review_id": "9923209",
    "movie_id": "104331",
    "author": "para****",
    "review": "흥미진진한 굴곡. 현실을 직시하지 못하고 높은 허상을 쫓는 사람과 단 한번도 월등하지 못한 탓에 현실에 안주하는 것이 익숙해져버린 사람. 우울해지려면 전자가 되고, 즐기며 살고 싶으면 후자가 되면 그뿐이지만, 인생은 이것 조차도 정해져 있어 씁쓸하다.",
    "rating": "8",
    "date": "15.05.16"
  },
  {
    "review_id": "9910565",
    "movie_id": "104331",
    "author": "gyur****",
    "review": "그냥이것이인생이구나",
    "rating": "8",
    "date": "15.05.11"
  },
  {
    "review_id": "9900551",
    "movie_id": "104331",
    "author": "sout****",
    "review": "부자로 살았던게 잘못은 아니잖아... 나같아도 혼자말을 하면서 미치지(?) 않으면 제정신이 아니겠다,,, '케이트 블란쳇' 매력이 돋보이는 영화, 굳!!!",
    "rating": "8",
    "date": "15.05.07"
  },
  {
    "review_id": "9879807",
    "movie_id": "104331",
    "author": "holi****",
    "review": "블란쳇의 연기는 정말.. 내가 본 영화 중 레볼루셔너리 로드 이후 가장 진~한 연기였음",
    "rating": "10",
    "date": "15.04.30"
  },
  {
    "review_id": "9855033",
    "movie_id": "104331",
    "author": "cont****",
    "review": "케이트 블랏체의 연기만으로도 볼 가치가 충분하다. 굳이 우디 앨런을 얘기하지 않아도.",
    "rating": "9",
    "date": "15.04.20"
  },
  {
    "review_id": "9804497",
    "movie_id": "104331",
    "author": "mlif****",
    "review": "고전스타일의 우아한 드라마. 우디식 유쾌한 소동극.그리고 케이트의 명연기가 긴여운을 남긴다",
    "rating": "8",
    "date": "15.03.25"
  },
  {
    "review_id": "9799342",
    "movie_id": "104331",
    "author": "tjsd****",
    "review": "된장녀의 최후를 이토록 무섭게고 무심하게 표현하다니",
    "rating": "8",
    "date": "15.03.22"
  },
  {
    "review_id": "9796444",
    "movie_id": "104331",
    "author": "uhue****",
    "review": "무너져가는 된장녀의 현실을 여과없이 보여주는 영화. 우디 앨런의 유머와 냉소가 제대로 녹아있다.",
    "rating": "9",
    "date": "15.03.21"
  },
  {
    "review_id": "9795886",
    "movie_id": "104331",
    "author": "hera****",
    "review": "명멸하는 한 여인의 블루스",
    "rating": "10",
    "date": "15.03.20"
  },
  {
    "review_id": "9789756",
    "movie_id": "104331",
    "author": "gkag****",
    "review": "아름답지만 우울한 꽃. 우디 앨런의 조명은, 우아한 자아를 뽐내는 척 하나 실제론 우울한 자아 만이 남은 현실 세계를 마주한 여인이다. 여우주연상 케이트 블란쳇의 연기와 진지함 속에 끝까지 유머를 잃지 않는,세계 곳곳을 여행하는 우디앨런과 함께 한다.",
    "rating": "8",
    "date": "15.03.17"
  },
  {
    "review_id": "9788761",
    "movie_id": "104331",
    "author": "lyk0****",
    "review": "케이트가 동생한테 남자보는 눈 지적하는 장면마다 웃겨죽겠네.. 평범한 캐릭터와 이야기같으면서도 눈을 못떼는 재미. 우디앨런의 스타일은 일관되고 비슷하면서도 지루하지가 않다. 심지어 또 볼 마음까지 든다! +칠리아저씨 외모 매력있음..",
    "rating": "7",
    "date": "15.03.17"
  },
  {
    "review_id": "9779337",
    "movie_id": "104331",
    "author": "ashp****",
    "review": "집중을 안할수가 없는영화 케인트 블란쳇의 연기력은 에비에이터에서도 인상적이었지만....여기서는 활아산이 터진듯한느낌이다.Blue 라는 우울증의 표현이 딱 알맞는 표정과 연기력...",
    "rating": "10",
    "date": "15.03.14"
  },
  {
    "review_id": "9745339",
    "movie_id": "104331",
    "author": "brit****",
    "review": "제목 바꿔라 '김치녀의 일생'으로. 비추누른 사람은 이미 본성자체가 김치녀로 변한 사람임. 성격은 한번 변하면 절대 변할 수 없음.",
    "rating": "6",
    "date": "15.02.28"
  },
  {
    "review_id": "9744784",
    "movie_id": "104331",
    "author": "blue****",
    "review": "영화를 다 본 순간, 그해의 여우주연상을 받을 거라는 확신을 가지게 한 완벽한 연기. 블랙스완의 나탈리 포트만이 원숙해지면 이런 연기가 가능할까? 라는 생각이 들었다",
    "rating": "10",
    "date": "15.02.27"
  },
  {
    "review_id": "9733476",
    "movie_id": "104331",
    "author": "dudt****",
    "review": "좋은재료 좋은조리법 훌륭한 음식",
    "rating": "10",
    "date": "15.02.24"
  },
  {
    "review_id": "9716171",
    "movie_id": "104331",
    "author": "snoo****",
    "review": "한국으로 대입하면 강남명품중독허세아줌마의 비참한 최후",
    "rating": "8",
    "date": "15.02.20"
  },
  {
    "review_id": "9710363",
    "movie_id": "104331",
    "author": "nost****",
    "review": "good good good",
    "rating": "9",
    "date": "15.02.18"
  },
  {
    "review_id": "9707450",
    "movie_id": "104331",
    "author": "stin****",
    "review": "전에는 케이트블랑쉬였는데~ 그녀라서 어울렸다!",
    "rating": "10",
    "date": "15.02.18"
  },
  {
    "review_id": "9706701",
    "movie_id": "104331",
    "author": "afri****",
    "review": "마지막에 재스민을 반 미친 상태로 거리에 나앉게 된 처지로 그린 건 식상할 뿐더러, 불행을(설령 그녀가 자초한 것이 있다해도) 직시하는 데 방해가 되기도 하네요. 각본이 너무 남성의 시선같기도. 때론 희화화하는 시도나 풍자란 게 너무 쉽구나 싶어요.",
    "rating": "1",
    "date": "15.02.17"
  },
  {
    "review_id": "9704847",
    "movie_id": "104331",
    "author": "skkw****",
    "review": "허영 가득하게 살아왔던 여자의 비참한 밑바닥을 잘 드러냈다 평범해지려 하지 않고 끝까지 인정하지않는 모습 안타깝다",
    "rating": "8",
    "date": "15.02.17"
  },
  {
    "review_id": "9704576",
    "movie_id": "104331",
    "author": "aose****",
    "review": "시간 가는 줄 모르고 본 영화..다 본 후 멍..했음",
    "rating": "10",
    "date": "15.02.17"
  },
  {
    "review_id": "9702581",
    "movie_id": "104331",
    "author": "sysy****",
    "review": "시험 끝나고 보고 싶다.",
    "rating": "10",
    "date": "15.02.16"
  },
  {
    "review_id": "9671687",
    "movie_id": "104331",
    "author": "1326****",
    "review": "여주인공의 상황에 완전몰입해서 봤다  별거아닌내용을 재미지게 만드는힘 우디알렌영화는 개인적으로 다재밌게 봤다  10점만점이다",
    "rating": "10",
    "date": "15.02.06"
  },
  {
    "review_id": "9653940",
    "movie_id": "104331",
    "author": "qlxm****",
    "review": "케이트 블란쳇이였기에..",
    "rating": "8",
    "date": "15.01.31"
  },
  {
    "review_id": "9646029",
    "movie_id": "104331",
    "author": "with****",
    "review": "다 털리니 비빌 사람도 없는데 세상에 지가 지 무덤을 팠네그려. 저 언니 연기 진짜 잘한다. 지인 중 허영끼 쩌는 사람이랑 너무 닮았네.",
    "rating": "9",
    "date": "15.01.28"
  },
  {
    "review_id": "9644005",
    "movie_id": "104331",
    "author": "qg24****",
    "review": "For  Chrissake ,  leave me alone .  리얼함과 웃김 마치 날 보는듯한 느낌에 얼굴이 화끈 거림",
    "rating": "10",
    "date": "15.01.28"
  },
  {
    "review_id": "9641333",
    "movie_id": "104331",
    "author": "eesh****",
    "review": "여주인공 너무 불쌍하다.. 행동하나가 불러일으킨 비극",
    "rating": "10",
    "date": "15.01.27"
  },
  {
    "review_id": "9641326",
    "movie_id": "104331",
    "author": "expr****",
    "review": "케이트 블란쳇의 원걸쇼...연기력 쩜...우디 앨런 패턴...식상하다...",
    "rating": "4",
    "date": "15.01.27"
  },
  {
    "review_id": "9640104",
    "movie_id": "104331",
    "author": "nash****",
    "review": "블란쳇 연기 잘 한다고 잘난체 해도 되는 배우.",
    "rating": "7",
    "date": "15.01.26"
  },
  {
    "review_id": "9626672",
    "movie_id": "104331",
    "author": "uni7****",
    "review": "케이트블란쳇.. 어떻게 저렇게 연기하지?",
    "rating": "10",
    "date": "15.01.23"
  },
  {
    "review_id": "9615109",
    "movie_id": "104331",
    "author": "dlgy****",
    "review": "자신의 인생을  다른 이에게 일임해서는 안된다.",
    "rating": "9",
    "date": "15.01.20"
  },
  {
    "review_id": "9593321",
    "movie_id": "104331",
    "author": "ny__****",
    "review": "몰입해서봤다 연기도좋고",
    "rating": "9",
    "date": "15.01.14"
  },
  {
    "review_id": "9591231",
    "movie_id": "104331",
    "author": "vytl****",
    "review": "간만에 좋은 영화를 본듯 . 케이트가 왜 상을 받았는지 알거같다.",
    "rating": "9",
    "date": "15.01.14"
  },
  {
    "review_id": "9571909",
    "movie_id": "104331",
    "author": "ssss****",
    "review": "1단찜...나중에봐야지",
    "rating": "10",
    "date": "15.01.07"
  },
  {
    "review_id": "9555115",
    "movie_id": "104331",
    "author": "timh****",
    "review": "언제 끝나나 기다려지는 영화. 암담한 현실속의 삶을 그냥 조용히 보여주는 밋밋함. 말만 많은 우디알렌식 지겹다.",
    "rating": "4",
    "date": "15.01.03"
  },
  {
    "review_id": "9540174",
    "movie_id": "104331",
    "author": "rkck****",
    "review": "케이트짱! 너무 현실적이라 우울하면서도 재스민의삶이 특별하게 계속 남는영호ㅏ",
    "rating": "10",
    "date": "14.12.31"
  },
  {
    "review_id": "9531488",
    "movie_id": "104331",
    "author": "joco****",
    "review": "명품으로 치장한 속물. 하지만 현실",
    "rating": "8",
    "date": "14.12.28"
  },
  {
    "review_id": "9510178",
    "movie_id": "104331",
    "author": "jack****",
    "review": "어떤이들은 과거에서 벗어나지 못한다. 독백에서 시작해 독백으로 끝난 영화처럼 재스민의 인생도 도돌이표에 갇혀 맴돌뿐이다. 이를 바라보는 우리의 시선은 동정이라기보단 냉소에 가깝다.",
    "rating": "9",
    "date": "14.12.25"
  },
  {
    "review_id": "9501800",
    "movie_id": "104331",
    "author": "rock****",
    "review": "무너진 집은 고치는 것보다 다시 짓는게 더 빠르다.",
    "rating": "9",
    "date": "14.12.22"
  },
  {
    "review_id": "9485251",
    "movie_id": "104331",
    "author": "bow3****",
    "review": "내가 상상하는 물질적 풍요라든가 성공은 결국 환상이라고 말해주는 것 같다. 그것보다 더 진실한 무언가를 찾으라고 이야기 해주는 영화. 의지하지 말고 주체적으로. 색즉시공 공즉시색",
    "rating": "10",
    "date": "14.12.18"
  },
  {
    "review_id": "9477780",
    "movie_id": "104331",
    "author": "dbse****",
    "review": "스탱딘 코미디언 루이스 C.K가 여기 나오다니 ㅋㅋ 보다가 빵터졌다",
    "rating": "9",
    "date": "14.12.16"
  },
  {
    "review_id": "9476759",
    "movie_id": "104331",
    "author": "dftg****",
    "review": "케이트  블란쳇 연기 너무 잘함....",
    "rating": "8",
    "date": "14.12.15"
  },
  {
    "review_id": "9475049",
    "movie_id": "104331",
    "author": "isue****",
    "review": "생각보다 여운이 많이 남는 영화.. 케이트 블란쳇 주연 영화중 단연 최고.. 우아함은 말할것도 없고 연기가 완벽에 가까움..",
    "rating": "10",
    "date": "14.12.14"
  },
  {
    "review_id": "9466480",
    "movie_id": "104331",
    "author": "deck****",
    "review": "생각보다 상당히 재밌습니다.",
    "rating": "8",
    "date": "14.12.11"
  },
  {
    "review_id": "9460690",
    "movie_id": "104331",
    "author": "cksn****",
    "review": "우디 알렌식으로 현대적으로 덧칠된 테네시 윌리암스. 경쾌함과 아이러니로 폭로하는 우리 시대의 허영과 위선. 지금도 캘리포니아 어딘가를 떠돌고 있을지 모를 재스민들을 생각해본다. 강력한 힘으로 이야기를 이끌어나가는 케이트 블란쳇은 정말 경이롭다.",
    "rating": "10",
    "date": "14.12.09"
  },
  {
    "review_id": "9460014",
    "movie_id": "104331",
    "author": "snow****",
    "review": "대한민국에 90퍼센트가 된장녀인 20대/30대 여자애들에게 바치는 영화 ㅋㅋㅋ",
    "rating": "9",
    "date": "14.12.09"
  },
  {
    "review_id": "9456645",
    "movie_id": "104331",
    "author": "kyun****",
    "review": "겉치레로  가려진  아름다움이  상처로  들어나는여자의  추락@! 가려지지  않은  너의  모습이 더  아름다워",
    "rating": "8",
    "date": "14.12.07"
  },
  {
    "review_id": "9447490",
    "movie_id": "104331",
    "author": "nice****",
    "review": "우아하지만 우스꽝스런 된장녀의 하소연",
    "rating": "8",
    "date": "14.12.04"
  },
  {
    "review_id": "9444251",
    "movie_id": "104331",
    "author": "diva****",
    "review": "우디 앨런의 부지런한 인생에 기립박수",
    "rating": "9",
    "date": "14.12.03"
  },
  {
    "review_id": "9439370",
    "movie_id": "104331",
    "author": "bjor****",
    "review": "우디앨런 말년 홈런작--",
    "rating": "9",
    "date": "14.12.01"
  },
  {
    "review_id": "9437077",
    "movie_id": "104331",
    "author": "sos1****",
    "review": "명불허전 우디알렌.. 그위에 작두탄 케이트블란쳇!!",
    "rating": "10",
    "date": "14.11.30"
  },
  {
    "review_id": "9434515",
    "movie_id": "104331",
    "author": "k248****",
    "review": "케이트 블란쳇 늙을수록 점점더 이뻐지네. 연기와 톤은 뭐 원래 좋았고. 영화를 보는내내 자신이 '재스민' 이란 생각이 들어 뜨끔 하신분들 많았을것 같은데요. 지금도 늦지 않았어요 ^^ 본인의 힘으로 본인의 인생을 쟁취하세요ㅎㅎ.",
    "rating": "8",
    "date": "14.11.30"
  },
  {
    "review_id": "9426566",
    "movie_id": "104331",
    "author": "beon****",
    "review": "영화 내내 깔리는 블루 문과 마지막씬에서야 왜 영화제목이 블루 재스민인지 알았다. 약간 취향타는 영화지만, 케이트 블란쳇의 연기력덕에 그런점은 희석되었다.",
    "rating": "8",
    "date": "14.11.27"
  },
  {
    "review_id": "9422353",
    "movie_id": "104331",
    "author": "funk****",
    "review": "연기잘한다고 좋은영화는아니자나 도시의 아름다움도못살리고 인물의 매력도못살리고 머하나얻거나 느끼거나 감동 , 아무것도없는영화",
    "rating": "1",
    "date": "14.11.26"
  },
  {
    "review_id": "9419490",
    "movie_id": "104331",
    "author": "asum****",
    "review": "케이트 블란쳇 연기만으로도 볼 가치가 충분!",
    "rating": "9",
    "date": "14.11.24"
  },
  {
    "review_id": "9399900",
    "movie_id": "104331",
    "author": "easy****",
    "review": "케이트 블란쳇 너무 예뻐...",
    "rating": "9",
    "date": "14.11.19"
  },
  {
    "review_id": "9393715",
    "movie_id": "104331",
    "author": "kwry****",
    "review": "보면서 짜증이 너무 나던 영화다. 아니 내 1점은 그 여자에대한 평가다. 너무 짜증이난다. 홧병있는 사람 보지말것.",
    "rating": "1",
    "date": "14.11.17"
  },
  {
    "review_id": "9387861",
    "movie_id": "104331",
    "author": "ykdi****",
    "review": "욕망이라는 이름의 전차가 떠오른다",
    "rating": "9",
    "date": "14.11.15"
  },
  {
    "review_id": "9340227",
    "movie_id": "104331",
    "author": "wlsd****",
    "review": "연기 진짜 최고.. 내용은 참 씁쓸하네요ㅠ",
    "rating": "10",
    "date": "14.11.04"
  },
  {
    "review_id": "9336486",
    "movie_id": "104331",
    "author": "dawn****",
    "review": "수렁에 빠진 케이트 블란쳇의 연기에 홀린 시간.",
    "rating": "10",
    "date": "14.11.02"
  },
  {
    "review_id": "9335992",
    "movie_id": "104331",
    "author": "soqu****",
    "review": "for the blanchett, by the blanchett, of the blanchett",
    "rating": "7",
    "date": "14.11.02"
  },
  {
    "review_id": "9291512",
    "movie_id": "104331",
    "author": "jaem****",
    "review": "우왕, 재미와 의미 두마리 토끼를..재밌다 재밌어 꿀잼",
    "rating": "9",
    "date": "14.10.14"
  },
  {
    "review_id": "9236669",
    "movie_id": "104331",
    "author": "syzz****",
    "review": "영화의 완성도는 아주 높아서 만족하지만 끝까지 자신의 자존심과 허세를 놓지 못하고 정신을 놓아 버리는 여주인공의 모습을 보며 한참이나 씁쓸했다는.... 오늘날 우리의 모습을 반영하는것 같아서 더더욱 안타까움을 더한듯...",
    "rating": "9",
    "date": "14.09.23"
  },
  {
    "review_id": "9209816",
    "movie_id": "104331",
    "author": "icwn****",
    "review": "여주인공의 연기는 정말 좋았어요. 그리고 재스민의 과거와 현재를 병렬시키면서 전개하는 것도 몰입도를 높였구요. 그래서 영화가 끝날 때 까지 집중해서 봤지만 본 뒤엔 좀 허무했네요. 끝없이 몰락하기만 하는 여주인공이 끝까지 몰락만 했으니까요.",
    "rating": "6",
    "date": "14.09.13"
  },
  {
    "review_id": "9203582",
    "movie_id": "104331",
    "author": "song****",
    "review": "많은 것을 느끼게 하는 영화.. 진정한 행복이란 무엇인지 허영뒤의 허무함에 대해 생각해보게 한가. 케이트 블란쳇의 연기는 손색이 없다!",
    "rating": "10",
    "date": "14.09.11"
  },
  {
    "review_id": "9170353",
    "movie_id": "104331",
    "author": "haru****",
    "review": "안돼 이건 만점이야ㅠ ㅠ 주연을 보라고!!!",
    "rating": "10",
    "date": "14.09.05"
  },
  {
    "review_id": "9169885",
    "movie_id": "104331",
    "author": "ktm5****",
    "review": "평점에 낚였다..허세 평점들...",
    "rating": "1",
    "date": "14.09.05"
  },
  {
    "review_id": "9126116",
    "movie_id": "104331",
    "author": "sg66****",
    "review": "케이트블란쳇의 연기가 돋보이는 작품",
    "rating": "9",
    "date": "14.08.23"
  },
  {
    "review_id": "9122557",
    "movie_id": "104331",
    "author": "thfk****",
    "review": "우울한 재스민의 독백 블란쳇의 훌륭한 연기",
    "rating": "7",
    "date": "14.08.22"
  },
  {
    "review_id": "9120376",
    "movie_id": "104331",
    "author": "ala9****",
    "review": "케이트 블란쳇의 연기가 다해먹은듯ㅋㅋㅋ",
    "rating": "9",
    "date": "14.08.22"
  },
  {
    "review_id": "9116443",
    "movie_id": "104331",
    "author": "sdup****",
    "review": "라면도 셰프가 만드니까 맛있네.",
    "rating": "8",
    "date": "14.08.21"
  },
  {
    "review_id": "9043863",
    "movie_id": "104331",
    "author": "js79****",
    "review": "삶의가치를 뒤돌아볼수있게하는 영화, 주인공의 연기 최고!",
    "rating": "9",
    "date": "14.08.07"
  },
  {
    "review_id": "8981577",
    "movie_id": "104331",
    "author": "whee****",
    "review": "처음부터 끝까지 쫑알거림을 멈추지 않는 주인공이 밉상이다가도 안쓰럽다. 허영심에 찌든 히스테릭한 여자를 지켜보는것만으로도 재미가 있는데 다른 인물들까지 통통 튄다. 무엇보다 빠른 템포로 흘러가는 스토리와 대화가 재밌어. 하지만 이면의 씁쓸한 뒷맛.",
    "rating": "8",
    "date": "14.07.30"
  },
  {
    "review_id": "8941284",
    "movie_id": "104331",
    "author": "athe****",
    "review": "잘됐다고 해야할 상황인데 케이트블란챗을보면 안됐다.. 싶은생각이 절로드는게  이런게 웃픈거구나",
    "rating": "7",
    "date": "14.07.23"
  },
  {
    "review_id": "8902898",
    "movie_id": "104331",
    "author": "beck****",
    "review": "사기로 인해 한순간에 모든걸 잃어버린 여자의 현실 적응기",
    "rating": "8",
    "date": "14.07.10"
  },
  {
    "review_id": "8876606",
    "movie_id": "104331",
    "author": "jazz****",
    "review": "연기도 연기지만 정말 잘쓴 각본",
    "rating": "10",
    "date": "14.07.02"
  },
  {
    "review_id": "8862646",
    "movie_id": "104331",
    "author": "bear****",
    "review": "와 오랫만에 잔잔한 명작 봤다. 이래서 우디앨런 우디앨런 하는 거였구나",
    "rating": "9",
    "date": "14.06.27"
  },
  {
    "review_id": "8855540",
    "movie_id": "104331",
    "author": "jjib****",
    "review": "물 흐르듯 자연스러운스토리, 현실적이고 공감 가는 대사와 무엇보다 훌륭하고 섬세한 연기! 봐야지만 알 수 있다",
    "rating": "9",
    "date": "14.06.25"
  },
  {
    "review_id": "8848578",
    "movie_id": "104331",
    "author": "nasr****",
    "review": "마지막 장면이 진한 여운을 남깁니다. 큰 기대 안하고 봤는데 정말 뜻밖에 좋은 영화를 발견했네요.",
    "rating": "9",
    "date": "14.06.23"
  },
  {
    "review_id": "8844252",
    "movie_id": "104331",
    "author": "aldu****",
    "review": "망연자실하게 벤치에 앉아있던 재스민은 어떻게 됐을까? 영화 속 내용일뿐인데도 며칠동안 떠나지 않던 생각이었다.",
    "rating": "10",
    "date": "14.06.21"
  },
  {
    "review_id": "8843040",
    "movie_id": "104331",
    "author": "kth3****",
    "review": "현실은 비참하다는 것 이보다 더 흥미롭게 그릴수는 없다",
    "rating": "8",
    "date": "14.06.20"
  },
  {
    "review_id": "8836845",
    "movie_id": "104331",
    "author": "rami****",
    "review": "재스민 밤에 핀는 꽃이라는 이름처럼. 힘든 밤의 시기를 이겨내고 피어났으면 했는데... 안타깝다...",
    "rating": "10",
    "date": "14.06.17"
  },
  {
    "review_id": "8834941",
    "movie_id": "104331",
    "author": "kimd****",
    "review": "연기는 정말 잘한다. 그놈의 돈이 문제네~~",
    "rating": "7",
    "date": "14.06.16"
  },
  {
    "review_id": "8828068",
    "movie_id": "104331",
    "author": "may0****",
    "review": "우스꽝스럽다 못해 처절하다;; 케이트 블란쳇 연기 하나는 무조건 인정!",
    "rating": "7",
    "date": "14.06.14"
  },
  {
    "review_id": "8826831",
    "movie_id": "104331",
    "author": "sasb****",
    "review": "엣찌있게 살던 과거에 현실은 아프기만하다. 욱하는 마음에 눈이 멀었다. 셈도 잊었다. 울지말고 일어나 빰빠밤 피리를 불어라..",
    "rating": "8",
    "date": "14.06.13"
  },
  {
    "review_id": "8822630",
    "movie_id": "104331",
    "author": "sang****",
    "review": "그냥 꼭 보세요. 연기.각본 모두완변하네요!! 한눈팔틈이없이 봣습니다",
    "rating": "10",
    "date": "14.06.12"
  },
  {
    "review_id": "8818028",
    "movie_id": "104331",
    "author": "okst****",
    "review": "우리 시대의 천재 예술가며 동시에 철학자인 앨런에게 존경을 느낀다.",
    "rating": "10",
    "date": "14.06.10"
  }
]