[
  {
    "review_id": "10264201",
    "movie_id": "104330",
    "author": "spri****",
    "review": "명작. 코미디 공포 스릴러 모든 장르에 감동까지더해졌다 특히 영화자체의 퀄리티에 너무 놀랐다",
    "rating": "10",
    "date": "15.08.22"
  },
  {
    "review_id": "10248613",
    "movie_id": "104330",
    "author": "juhy****",
    "review": "분명 SF 영화인데 웃기다,, 기냥 킬링타임용을 딱인듯진짜 기대안하고 보면 되는영화 ㅎㅎㅎ",
    "rating": "10",
    "date": "15.08.18"
  },
  {
    "review_id": "10213359",
    "movie_id": "104330",
    "author": "sslo****",
    "review": "이거돈주고본사람있긴해?",
    "rating": "1",
    "date": "15.08.10"
  },
  {
    "review_id": "9975922",
    "movie_id": "104330",
    "author": "ssun****",
    "review": "B급 크리처물 알고보면 나쁘지않다.",
    "rating": "5",
    "date": "15.06.05"
  },
  {
    "review_id": "9969523",
    "movie_id": "104330",
    "author": "kcjs****",
    "review": "이런..사기꾼들 ㅂㄷㅂㄷ..",
    "rating": "1",
    "date": "15.06.02"
  },
  {
    "review_id": "9804757",
    "movie_id": "104330",
    "author": "dbrw****",
    "review": "ㄱ ㅐ 쓰레기같은 영환데... 킬링타임으로는 추천 ....",
    "rating": "9",
    "date": "15.03.25"
  },
  {
    "review_id": "9685881",
    "movie_id": "104330",
    "author": "no1_****",
    "review": "분명 별 10개짜린 아닌데 ㅋㅋ 10개줄만하다 ㅋㅋㅋ",
    "rating": "10",
    "date": "15.02.11"
  },
  {
    "review_id": "9616852",
    "movie_id": "104330",
    "author": "hans****",
    "review": "지금 보고왔습니다. 나쁘지않은데?",
    "rating": "8",
    "date": "15.01.20"
  },
  {
    "review_id": "9572549",
    "movie_id": "104330",
    "author": "ssli****",
    "review": "B급이라고 생각하고 보면 괜찮음",
    "rating": "4",
    "date": "15.01.07"
  },
  {
    "review_id": "9470063",
    "movie_id": "104330",
    "author": "joe5****",
    "review": "조잡한 CG,약빨은경찰,적절하지못한 브금만 빼면 킬링타임용으로는 볼만해요",
    "rating": "10",
    "date": "14.12.13"
  },
  {
    "review_id": "9468239",
    "movie_id": "104330",
    "author": "qnde****",
    "review": "정말 그냥 '재미있다' 가 제일 잘 어울림 뭐랄까 . 박진감 넘치고 스토리가 어쩌니 저쩌니가 아니라ㅋㅋ 그냥 재미있음ㅋㅋㅋ",
    "rating": "8",
    "date": "14.12.12"
  },
  {
    "review_id": "9462476",
    "movie_id": "104330",
    "author": "aktd****",
    "review": "단언컨데 볼만한 영화다",
    "rating": "9",
    "date": "14.12.10"
  },
  {
    "review_id": "9462140",
    "movie_id": "104330",
    "author": "zeal****",
    "review": "고스트바스터 이후 최고의 코미디크리쳐물. 10점을 때린다.",
    "rating": "10",
    "date": "14.12.10"
  },
  {
    "review_id": "9456756",
    "movie_id": "104330",
    "author": "qscf****",
    "review": "ㅁㅊ 돈주고 보기 아까운 영화",
    "rating": "1",
    "date": "14.12.07"
  },
  {
    "review_id": "9455161",
    "movie_id": "104330",
    "author": "i3ju****",
    "review": "초반에 잠깐 좋았다가 산으로 가는 영화",
    "rating": "1",
    "date": "14.12.07"
  },
  {
    "review_id": "9445812",
    "movie_id": "104330",
    "author": "ske4****",
    "review": "저예산 영화지만 탄탄한 스토리와 배우들의 훌륭한 연기력 뭐하나 흠잡을 때가 없는 영화다 왜 이영화가 죽기전에 봐야할 영화 100선에 빠져있는지 의문스럽다!",
    "rating": "10",
    "date": "14.12.04"
  },
  {
    "review_id": "9335962",
    "movie_id": "104330",
    "author": "kand****",
    "review": "공포나 재난영화가 아니라 아예 대놓고 비급 크리쳐개그물임ㅋㅋ 음악 완전 흥겹다ㅋ 5점정도가 적당한 거 같은데 평점이 좀 높아서ㅋㅋ",
    "rating": "3",
    "date": "14.11.02"
  },
  {
    "review_id": "9322306",
    "movie_id": "104330",
    "author": "tran****",
    "review": "병맛같지만 의외로 킬링타임용! 괴물+디워",
    "rating": "6",
    "date": "14.10.27"
  },
  {
    "review_id": "9301320",
    "movie_id": "104330",
    "author": "gall****",
    "review": "조잡한 CG 를 몇몇 코믹한 대사로 메우려는게 안쓰럽다",
    "rating": "4",
    "date": "14.10.19"
  },
  {
    "review_id": "9254879",
    "movie_id": "104330",
    "author": "dori****",
    "review": "ㅋㅋ생각보다 재밌고 볼만해요. 흠흠.ㅎㅎㅎ",
    "rating": "7",
    "date": "14.10.02"
  },
  {
    "review_id": "9250496",
    "movie_id": "104330",
    "author": "jkh3****",
    "review": "평점너무낮다ㅋㅋㅋ ㅎㅎ",
    "rating": "10",
    "date": "14.09.30"
  },
  {
    "review_id": "9244696",
    "movie_id": "104330",
    "author": "hanp****",
    "review": "B급 영화치고는 꽤 재밌네요.",
    "rating": "7",
    "date": "14.09.27"
  },
  {
    "review_id": "9242682",
    "movie_id": "104330",
    "author": "koko****",
    "review": "재미있는게 아니고 웃기네요.. 막 웃겨서 웃기는게 아니라 너무 B급 같아서 피식피식 웃고 있습니다.  오늘 스트레스 받은게 다 날아 갔어요 하하",
    "rating": "9",
    "date": "14.09.26"
  },
  {
    "review_id": "9241559",
    "movie_id": "104330",
    "author": "guev****",
    "review": "킬링타임용으로 적절하군",
    "rating": "6",
    "date": "14.09.26"
  },
  {
    "review_id": "9232756",
    "movie_id": "104330",
    "author": "moon****",
    "review": "걍 개재미없다 돈주고보지마",
    "rating": "1",
    "date": "14.09.21"
  },
  {
    "review_id": "9226427",
    "movie_id": "104330",
    "author": "dnld****",
    "review": "재미있고 스트레스 가 확풀린다",
    "rating": "10",
    "date": "14.09.19"
  },
  {
    "review_id": "9218137",
    "movie_id": "104330",
    "author": "moon****",
    "review": "굿입니다 거미의ㅋㅋㄱ",
    "rating": "10",
    "date": "14.09.15"
  },
  {
    "review_id": "9213283",
    "movie_id": "104330",
    "author": "nhsu****",
    "review": "재미는 있는데 상영시간이 너무 짧아요",
    "rating": "8",
    "date": "14.09.14"
  },
  {
    "review_id": "9213214",
    "movie_id": "104330",
    "author": "adiv****",
    "review": "어휴...  돈 아깝다..  이걸 돈주고 보냐...  ㅋㅋ",
    "rating": "1",
    "date": "14.09.14"
  },
  {
    "review_id": "9208755",
    "movie_id": "104330",
    "author": "500d****",
    "review": "평점 인플레 조절중..",
    "rating": "1",
    "date": "14.09.12"
  },
  {
    "review_id": "9207706",
    "movie_id": "104330",
    "author": "evud****",
    "review": "그냥 막 시원하게 부수네요.. 꿀 잼",
    "rating": "9",
    "date": "14.09.12"
  },
  {
    "review_id": "9207456",
    "movie_id": "104330",
    "author": "leeb****",
    "review": "말 그대로 엄청 큰 거미가 주인공인 영화이다. 코미디와 SF 영화의 절묘한 결합 ㅋㅋ 웃기고 재밌다",
    "rating": "8",
    "date": "14.09.12"
  },
  {
    "review_id": "9207278",
    "movie_id": "104330",
    "author": "slim****",
    "review": "갓형래의 걸작인 갓-워에 견줄만한 명작영화. 사람은 너무 재미있어도 눈물이 나온다는 것을 꺠달았다",
    "rating": "10",
    "date": "14.09.12"
  }
]