[
  {
    "review_id": "10221833",
    "movie_id": "104398",
    "author": "dhao****",
    "review": "그냥 좋아요~@#(*$(#&($",
    "rating": "10",
    "date": "15.08.13"
  },
  {
    "review_id": "9966315",
    "movie_id": "104398",
    "author": "hana****",
    "review": "원작이 진리다 ....",
    "rating": "4",
    "date": "15.05.31"
  },
  {
    "review_id": "9773782",
    "movie_id": "104398",
    "author": "yyki****",
    "review": "딸 보여주려고 틀었다가 딸은 안보고 저만 어린이집보내놓고도 챙겨보고있네요ㅋ 오글거리는데도 은근 중독성있어요^^자꾸 보게되네요ㅎㅎ",
    "rating": "8",
    "date": "15.03.12"
  },
  {
    "review_id": "9228548",
    "movie_id": "104398",
    "author": "wkwk****",
    "review": "감동적인데. 염소가 여자였음?",
    "rating": "10",
    "date": "14.09.20"
  },
  {
    "review_id": "9197592",
    "movie_id": "104398",
    "author": "syp1****",
    "review": "완전짱 천적끼리 친구라니 영화관 아니 집에 하더라구요",
    "rating": "10",
    "date": "14.09.10"
  },
  {
    "review_id": "9173399",
    "movie_id": "104398",
    "author": "st00****",
    "review": "초5 때 이 영화를 봤다.. 그 때 잊지 못한 감동.. 다시 한번 느껴보고 싶다.",
    "rating": "10",
    "date": "14.09.06"
  },
  {
    "review_id": "9173075",
    "movie_id": "104398",
    "author": "0_0s****",
    "review": "메이와 가부의 우정에 감동해서 많이 울었어요.. 내용은 늑대와 염소의 이야기.. 유치해보일수있지만 내용은 정말 교훈이 많답니다!  짱짱!!",
    "rating": "10",
    "date": "14.09.06"
  },
  {
    "review_id": "8766401",
    "movie_id": "104398",
    "author": "psh8****",
    "review": "정말좋은영화네요가슴이 따뜻해집니다우정의소중함을 일깨워주는 영화!!잘봤습니다!!",
    "rating": "9",
    "date": "14.05.26"
  },
  {
    "review_id": "8675506",
    "movie_id": "104398",
    "author": "in08****",
    "review": "감동적인 우정 동생이랑 치킨 먹으면서 봤습니다",
    "rating": "10",
    "date": "14.04.26"
  },
  {
    "review_id": "8636416",
    "movie_id": "104398",
    "author": "seon****",
    "review": "메이와가브는첨부터만나지않았으면좋았을것을..자연에섭리에어긋나서둘다 살아가기힘들엉..ㅜㅜ 진정한우정을배우네요..특히늑대 가브완전사나이에요..감동이에요..벼랑에서뛰어내릴때살짝눈물이~~",
    "rating": "10",
    "date": "14.04.08"
  },
  {
    "review_id": "8217480",
    "movie_id": "104398",
    "author": "bles****",
    "review": "퀄리티는 아쉽지만 귀엽긴 하네",
    "rating": "4",
    "date": "13.12.16"
  },
  {
    "review_id": "8204217",
    "movie_id": "104398",
    "author": "ahye****",
    "review": "오프닝과 엔딩 노래 좋아요.성우도 좋고,요즘 퀄 좋은 3D 애니와 비교하면 그림체가 맘에 안 드실 수도 있겠지만,저는 의외로 깔끔하고 좋았어요. 부담 없다고 해야 할까요?스토리는 전작과 다르지 않지만, 엔딩이 좀 아쉬웠습니다...",
    "rating": "9",
    "date": "13.12.10"
  },
  {
    "review_id": "8108567",
    "movie_id": "104398",
    "author": "tjdr****",
    "review": "전 영화를 뛰어넘어 새롭게 2부로 한번더 시작하는것도 괜찮을텐데.. 아쉽네요영화 이후로 스토리나오면.. 캬..",
    "rating": "10",
    "date": "13.11.02"
  },
  {
    "review_id": "7940098",
    "movie_id": "104398",
    "author": "dada****",
    "review": "좋아요..^.^",
    "rating": "10",
    "date": "13.09.01"
  },
  {
    "review_id": "7765677",
    "movie_id": "104398",
    "author": "khk1****",
    "review": "추억 돋네요 ㅋㅋㅋ.",
    "rating": "10",
    "date": "13.07.20"
  },
  {
    "review_id": "7744412",
    "movie_id": "104398",
    "author": "gkdi****",
    "review": "ㅋㅋㅋㅋㅋㅋㅋ언제 폭풍우치는밤에 메이가 여자로 변했냨ㅋㅋㅋㅋㅋㅋㅋㅋㅋㅋㅋㅋ옛날  폭풍우치는밤에가 더잼내 이건뭐 늑대가 ㅄ같내",
    "rating": "1",
    "date": "13.07.15"
  },
  {
    "review_id": "7726657",
    "movie_id": "104398",
    "author": "sksm****",
    "review": "이거  애니 압축해놓은거임..",
    "rating": "7",
    "date": "13.07.11"
  },
  {
    "review_id": "7650222",
    "movie_id": "104398",
    "author": "sooz****",
    "review": "원작이 집에 있어서 원작보고 영화를 봤는데 원작의 새드엔딩이 더 좋은...근데 그림체 뭐임?수컷인 메이를 여자같이 그려놓은...",
    "rating": "8",
    "date": "13.06.17"
  },
  {
    "review_id": "7601877",
    "movie_id": "104398",
    "author": "ekaq****",
    "review": "그림체가 좀 아쉬움ㅋㅋ 늑대가 좀 불쌍함",
    "rating": "7",
    "date": "13.06.07"
  },
  {
    "review_id": "7571771",
    "movie_id": "104398",
    "author": "oha1****",
    "review": "예고편만 보고도 원작망쳤다는 느낌이 팍오네요.",
    "rating": "1",
    "date": "13.06.02"
  },
  {
    "review_id": "7552406",
    "movie_id": "104398",
    "author": "lje3****",
    "review": "개인적으로 폭풍우치는밤에 정말 좋아하는 한 사람인데. 원작이 더 나은것같다. 그림체.....가 ,...그래도 폭풍우치는밤에 화이팅이다!!!!!!!",
    "rating": "7",
    "date": "13.05.24"
  },
  {
    "review_id": "7540334",
    "movie_id": "104398",
    "author": "ik04****",
    "review": "이건 어두운 밤에 비밀 여자와 몰래 나쁜 짓을하는 성인물이다.애들은 절대보면 안됨.",
    "rating": "1",
    "date": "13.05.19"
  },
  {
    "review_id": "7516059",
    "movie_id": "104398",
    "author": "je99****",
    "review": "학교 숙제로 참고하겠습니다.",
    "rating": "10",
    "date": "13.05.08"
  },
  {
    "review_id": "7515556",
    "movie_id": "104398",
    "author": "desi****",
    "review": "유익하고 재미난 애니메이션이었어요 아이들이 좋아하네요",
    "rating": "9",
    "date": "13.05.08"
  },
  {
    "review_id": "7515540",
    "movie_id": "104398",
    "author": "ltg1****",
    "review": "초딩때 엄청 재밌게 봤는데..이게 한국에선 이제 개봉하는구나ㅎㅎ",
    "rating": "9",
    "date": "13.05.08"
  },
  {
    "review_id": "7514286",
    "movie_id": "104398",
    "author": "kiss****",
    "review": "지금 극장서 보고 있는 중인데사람이 아무도.....정말 단 한 사람도 없네요ㅠㅠ6살 아가도 지루해합니다예전엔 정말 재미있게 봤는데~~이건 쫌  ㅡㅡ;;",
    "rating": "4",
    "date": "13.05.07"
  },
  {
    "review_id": "7513008",
    "movie_id": "104398",
    "author": "xorb****",
    "review": "초등학교때 보던 기억이 나는데이거 정말 대박입니다 ㅎㅎ이거보고 초등학교 때 얼마나 슬프게 울었는지",
    "rating": "10",
    "date": "13.05.06"
  },
  {
    "review_id": "7512534",
    "movie_id": "104398",
    "author": "pipi****",
    "review": "사촌동생 대리고 가서 본 영화인데 ㅎㅎ 재미있었요!!",
    "rating": "9",
    "date": "13.05.06"
  },
  {
    "review_id": "7512358",
    "movie_id": "104398",
    "author": "twfs****",
    "review": "완전 잼있어요.",
    "rating": "10",
    "date": "13.05.06"
  },
  {
    "review_id": "7511944",
    "movie_id": "104398",
    "author": "read****",
    "review": "재밌어요~ ^^",
    "rating": "10",
    "date": "13.05.06"
  },
  {
    "review_id": "7511940",
    "movie_id": "104398",
    "author": "clid****",
    "review": "재밌네요",
    "rating": "10",
    "date": "13.05.06"
  },
  {
    "review_id": "7511928",
    "movie_id": "104398",
    "author": "mugt****",
    "review": "괜춘하네요. 특히 5월에는 이보다 더 좋은 애니메이션은 없네요.",
    "rating": "10",
    "date": "13.05.06"
  },
  {
    "review_id": "7511925",
    "movie_id": "104398",
    "author": "emil****",
    "review": "완전 재밌어요..^^강추드려요",
    "rating": "10",
    "date": "13.05.06"
  },
  {
    "review_id": "7511924",
    "movie_id": "104398",
    "author": "anti****",
    "review": "아이들과  함께보면  정말 좋은거  같아요!!!",
    "rating": "10",
    "date": "13.05.06"
  },
  {
    "review_id": "7511923",
    "movie_id": "104398",
    "author": "yunn****",
    "review": "너무 재밌고 좋았어요 ^^",
    "rating": "10",
    "date": "13.05.06"
  },
  {
    "review_id": "7511594",
    "movie_id": "104398",
    "author": "stel****",
    "review": "2005년도에 상영된 폭풍우 치는 밤에의 감동에 못 미친다는 게 한계.차라리 2005년작을 재상영하는 게 기존팬들한테는 더 좋았을듯.",
    "rating": "4",
    "date": "13.05.06"
  },
  {
    "review_id": "7511478",
    "movie_id": "104398",
    "author": "soye****",
    "review": "진짜재미!!!강추!!안봤으면말을마삼!!!",
    "rating": "10",
    "date": "13.05.06"
  },
  {
    "review_id": "7510059",
    "movie_id": "104398",
    "author": "sjw1****",
    "review": "아무리 봐도 전작이 훨 나았음 캐릭이나 배경등에서 보면 역시 전작이 낫군...",
    "rating": "5",
    "date": "13.05.05"
  },
  {
    "review_id": "7510027",
    "movie_id": "104398",
    "author": "wlwl****",
    "review": "리메이크한 이유를 모르겠다",
    "rating": "7",
    "date": "13.05.05"
  },
  {
    "review_id": "7509978",
    "movie_id": "104398",
    "author": "rjfj****",
    "review": "전작이 훨신 나았음",
    "rating": "5",
    "date": "13.05.05"
  },
  {
    "review_id": "7509701",
    "movie_id": "104398",
    "author": "hyun****",
    "review": "똑같은 내용만 나오고 재미도 없음",
    "rating": "1",
    "date": "13.05.05"
  },
  {
    "review_id": "7509446",
    "movie_id": "104398",
    "author": "ishi****",
    "review": "전작이랑 비주얼이 너무 딴판이다. 위화감이 듦",
    "rating": "4",
    "date": "13.05.05"
  },
  {
    "review_id": "7509250",
    "movie_id": "104398",
    "author": "dan0****",
    "review": "보통임.......................",
    "rating": "6",
    "date": "13.05.05"
  },
  {
    "review_id": "7508859",
    "movie_id": "104398",
    "author": "buma****",
    "review": "2005년작에 비해 조금 아쉬운점이 있지만 아이와 함께 보면 참 좋을 것 같아요",
    "rating": "8",
    "date": "13.05.05"
  },
  {
    "review_id": "7507835",
    "movie_id": "104398",
    "author": "baks****",
    "review": "평점5점주는,OO들이,전문가란다...참,미치긋다...눈알은,안마시술소에 내다버리고 왔나?눈으로 안보고,뭘로 본기고?동심을 잃어버린 자에게,이 세상은 곡 ,지옥...사바세계에 너무 오래 머물지말고,다들 극락왕생하라...",
    "rating": "7",
    "date": "13.05.05"
  },
  {
    "review_id": "7507549",
    "movie_id": "104398",
    "author": "orge****",
    "review": "나름 잔잔한듯 하지만 가슴을 울리는 영화에요너무 재미있어 평점까지...일본 에니메이션은 항상 여운을 남기는듯해여화려한 영상미는 미국잔잔한 여운은 일본 에니메이션인듯",
    "rating": "10",
    "date": "13.05.04"
  },
  {
    "review_id": "7505958",
    "movie_id": "104398",
    "author": "ehre****",
    "review": "캐릭터가 귀엽고 스토리도 괜찮",
    "rating": "10",
    "date": "13.05.04"
  },
  {
    "review_id": "7505954",
    "movie_id": "104398",
    "author": "ghk0****",
    "review": "재밌음 근데 솔직히 보지도않고 테러하는 년들은 뭐냐 초딩이하다 진심",
    "rating": "10",
    "date": "13.05.04"
  },
  {
    "review_id": "7504178",
    "movie_id": "104398",
    "author": "7179****",
    "review": "3D버젼은 뭐랄까... 느낌이 않 온달까?그래서 저는 2005년작을 추천",
    "rating": "8",
    "date": "13.05.03"
  },
  {
    "review_id": "7501767",
    "movie_id": "104398",
    "author": "qkqk****",
    "review": "캐릭터가 귀엽네요...",
    "rating": "8",
    "date": "13.05.02"
  },
  {
    "review_id": "7501764",
    "movie_id": "104398",
    "author": "sang****",
    "review": "아들 녀석이랑 오랜만에 극장에 다녀왔는데, 참 좋은 시간 보낼 수 있었습니다! 아이들과 함께 보는 애니메이션으로 적극 추천!!! ^^",
    "rating": "10",
    "date": "13.05.02"
  },
  {
    "review_id": "7501281",
    "movie_id": "104398",
    "author": "budd****",
    "review": "손주들 3명 데리고 가서 봤는데, 아주 유익한 영화네요. 마지막에 수달과 염소의 대화가 인상적이에요.",
    "rating": "10",
    "date": "13.05.02"
  },
  {
    "review_id": "7501254",
    "movie_id": "104398",
    "author": "geni****",
    "review": "예상외로 어른이 보기에도 흥미진진합니다^^ 캐릭터도 너무 귀여웠구요 갈소원양의 목소리도 생각했던거보다 ^^;; 훨씬 잘 어울려서 재밌게 잘보고왔습니다 ^^",
    "rating": "10",
    "date": "13.05.02"
  },
  {
    "review_id": "7501173",
    "movie_id": "104398",
    "author": "cine****",
    "review": "늑대와 염소가 친구가 된다는 기발한 상상력에 재미와 감동까지!!!",
    "rating": "10",
    "date": "13.05.02"
  },
  {
    "review_id": "7501151",
    "movie_id": "104398",
    "author": "cine****",
    "review": "정말 착한 동화 같은 애니메이션!!! 아이들과 꼭 같이 봐야할 애니로 적극 추천드려요~",
    "rating": "10",
    "date": "13.05.02"
  },
  {
    "review_id": "7501026",
    "movie_id": "104398",
    "author": "vivi****",
    "review": "가브와 메이의 사랑스럽고 순수한 우정에 감동받았어요! 살짝 눈물도 흘렸어요...영화 보는내내 가브와 메이가 너무 귀여워서 웃음도 절로 났어요!ㅋㅋㅋ 아무튼 영화 재미있습니다!!",
    "rating": "10",
    "date": "13.05.02"
  },
  {
    "review_id": "7501024",
    "movie_id": "104398",
    "author": "jeff****",
    "review": "순수한 동심의 세계 !! 잼있게 봤어요 또 보고 싶네요",
    "rating": "10",
    "date": "13.05.02"
  },
  {
    "review_id": "7501018",
    "movie_id": "104398",
    "author": "anm2****",
    "review": "캐릭터들 너무 귀엽고 내용도 순수해서 좋아요",
    "rating": "10",
    "date": "13.05.02"
  },
  {
    "review_id": "7500863",
    "movie_id": "104398",
    "author": "kon0****",
    "review": "예전에 봤던 폭풍우치는 밤에랑은 좀 다르군요 그래도 원작에 충실한듯.. 재밌어요~",
    "rating": "10",
    "date": "13.05.02"
  },
  {
    "review_id": "7500855",
    "movie_id": "104398",
    "author": "doct****",
    "review": "아이들만 보는 애니라고 하기에는 뭔가 모를 찡한게 있었어요.. 재밌게 봤네요.^^",
    "rating": "10",
    "date": "13.05.02"
  },
  {
    "review_id": "7500574",
    "movie_id": "104398",
    "author": "dewy****",
    "review": "가브와 메이... 이런칭구들 있었음.. 자꾸 자꾸 보고싶어요~~~~",
    "rating": "10",
    "date": "13.05.02"
  },
  {
    "review_id": "7500569",
    "movie_id": "104398",
    "author": "rabb****",
    "review": "영화는 재밌게 봤습니다. 개인적으로 이해가 안가는게 왜 실력있는 전문 성우분들을 조연으로 쓰고 발음도 불명확한 아이나 연예인한테 더빙주연을  맡기는지...허허 우리나라 성우분들이 실력이 없으신것도 아니고 10년 이상 그 분야에서 전문인데도 조연이라늬ㅠ",
    "rating": "6",
    "date": "13.05.02"
  },
  {
    "review_id": "7499604",
    "movie_id": "104398",
    "author": "hnpw****",
    "review": "재밌었음 ㅋㅋㅋㅋㅋㅋㅋㅋㅋㅋㅋㅋ 아 가브 귀여웡 ㅋㅋ",
    "rating": "10",
    "date": "13.05.01"
  },
  {
    "review_id": "7499394",
    "movie_id": "104398",
    "author": "bich****",
    "review": "재밌네요. ^^ 어린이집이 쉬어서 어떻게 하루를 보낼까 하다가 본 영화. 탁월한 선택이었어요. 아이들이 엄청 좋아해요. ^^",
    "rating": "10",
    "date": "13.05.01"
  },
  {
    "review_id": "7499373",
    "movie_id": "104398",
    "author": "seok****",
    "review": "모처럼의 휴일이어서, 아이들과 함께 봤습니다. 우리 아이들이 너무 재밌어 하네요. 아직 안 보여주신분들은 어린이날 꼭 보여주세요~ 재밌어요. ^^",
    "rating": "10",
    "date": "13.05.01"
  },
  {
    "review_id": "7499153",
    "movie_id": "104398",
    "author": "alha****",
    "review": "오늘 근로자의 날 휴무라서, 메가박스코엑스에 영화보러 갔는데.. 시간 제일 빠른 것으로 정말 기대않고 봤는데, 감동먹었어요.. ㅜㅜ",
    "rating": "10",
    "date": "13.05.01"
  },
  {
    "review_id": "7499134",
    "movie_id": "104398",
    "author": "kimj****",
    "review": "친구는 겉모습으로 사귀는 것이 아니라는 교훈을 주는 훈훈한 애니메이션이었어요. ^^ 어린이날 댁의 자녀들에게 보여주기를 적극 추천합니다.",
    "rating": "10",
    "date": "13.05.01"
  },
  {
    "review_id": "7499116",
    "movie_id": "104398",
    "author": "nint****",
    "review": "아이들에게 \"친구\"와 \"우정\"이 뭔지 마음으로 느낄 수 있게 해주는 애니메이션!!!",
    "rating": "10",
    "date": "13.05.01"
  },
  {
    "review_id": "7498940",
    "movie_id": "104398",
    "author": "soha****",
    "review": "우리아이가 영화보고 나와서 우정이 이런거냐고 묻네요^^ 참 좋은 애니메이션이었어요~",
    "rating": "10",
    "date": "13.05.01"
  },
  {
    "review_id": "7498936",
    "movie_id": "104398",
    "author": "toky****",
    "review": "가브랑 메이 너무 귀엽네요~ 재밌게 잘 봤어요^^*",
    "rating": "10",
    "date": "13.05.01"
  },
  {
    "review_id": "7498931",
    "movie_id": "104398",
    "author": "budd****",
    "review": "아이들에게 참 좋은 애니메이션이네요. 아이랑 보고 나서 많은 얘기를 나눴답니다~",
    "rating": "10",
    "date": "13.05.01"
  },
  {
    "review_id": "7498863",
    "movie_id": "104398",
    "author": "one_****",
    "review": "어린 조카들 데리고 봤는데, 좋아하네요! ^^",
    "rating": "10",
    "date": "13.05.01"
  },
  {
    "review_id": "7498781",
    "movie_id": "104398",
    "author": "alsw****",
    "review": "오늘 보러갔는데재미있어요친추!!!",
    "rating": "10",
    "date": "13.05.01"
  },
  {
    "review_id": "7498202",
    "movie_id": "104398",
    "author": "jane****",
    "review": "정말재미있어요^^!!",
    "rating": "10",
    "date": "13.05.01"
  },
  {
    "review_id": "7498129",
    "movie_id": "104398",
    "author": "ksfi****",
    "review": "완전 재미없음",
    "rating": "1",
    "date": "13.05.01"
  },
  {
    "review_id": "7498127",
    "movie_id": "104398",
    "author": "ksfi****",
    "review": "정말 재밌어요",
    "rating": "1",
    "date": "13.05.01"
  },
  {
    "review_id": "7498026",
    "movie_id": "104398",
    "author": "rhkd****",
    "review": "재미가 없네요 이런영화는 인도영화보다 재미없어요 보자미요",
    "rating": "1",
    "date": "13.05.01"
  },
  {
    "review_id": "7498023",
    "movie_id": "104398",
    "author": "robo****",
    "review": "정말 재미있네요 어떻게 이런 영화가 나올 수 있는지 모르겠요!@",
    "rating": "1",
    "date": "13.05.01"
  },
  {
    "review_id": "7498020",
    "movie_id": "104398",
    "author": "w007****",
    "review": "gg",
    "rating": "1",
    "date": "13.05.01"
  },
  {
    "review_id": "7497897",
    "movie_id": "104398",
    "author": "lees****",
    "review": "착하고 순한 동화 같음.",
    "rating": "10",
    "date": "13.05.01"
  }
]