[
  {
    "review_id": "9933829",
    "movie_id": "104389",
    "author": "kimt****",
    "review": "내용은 볼거없고요~ 그냥 상상 속에서나 있을 법한 그리고 아주 빤한 내용인데 이비자 정말 가고싶게끔 만든 영화긴 하더라 ㅋㅋㅋㅋ",
    "rating": "7",
    "date": "15.05.20"
  },
  {
    "review_id": "9721547",
    "movie_id": "104389",
    "author": "icec****",
    "review": "막장에 뻔한 스토리....",
    "rating": "2",
    "date": "15.02.21"
  },
  {
    "review_id": "8632420",
    "movie_id": "104389",
    "author": "kite****",
    "review": "이비자의 멋진 풍경, 유쾌한 스토리, 섹슈얼한 러브스토리. 재밌어요",
    "rating": "10",
    "date": "14.04.06"
  },
  {
    "review_id": "8436185",
    "movie_id": "104389",
    "author": "dlql****",
    "review": "중간중간 병맛이있지만 재밌는디?ㅋㅋㅋ",
    "rating": "8",
    "date": "14.01.27"
  },
  {
    "review_id": "8401905",
    "movie_id": "104389",
    "author": "heli****",
    "review": "요즘 필립스가 좀 안 팔리긴 하지...",
    "rating": "1",
    "date": "14.01.20"
  },
  {
    "review_id": "8259846",
    "movie_id": "104389",
    "author": "kimg****",
    "review": "수준은 떨어지지만 인생을 즐기는게 느껴지는 영화",
    "rating": "4",
    "date": "13.12.21"
  },
  {
    "review_id": "8183579",
    "movie_id": "104389",
    "author": "494s****",
    "review": "뜨거운 사랑의 섬답게 섹시하고, 아름답고, 신나는 영화...",
    "rating": "10",
    "date": "13.12.01"
  },
  {
    "review_id": "8172751",
    "movie_id": "104389",
    "author": "edge****",
    "review": "우리 모두의 이비자 !!!",
    "rating": "9",
    "date": "13.11.28"
  },
  {
    "review_id": "8168592",
    "movie_id": "104389",
    "author": "wans****",
    "review": "이게영화인지....정말허접하다",
    "rating": "1",
    "date": "13.11.26"
  },
  {
    "review_id": "8142007",
    "movie_id": "104389",
    "author": "tjrl****",
    "review": "이비자의 멋진풍경을 본건사실인데... 뭔가가....",
    "rating": "1",
    "date": "13.11.15"
  },
  {
    "review_id": "8141012",
    "movie_id": "104389",
    "author": "dier****",
    "review": "음악과 풍경이 멋진 영화! 이 영화를 보면 이비자에 한번쯤 가보고 싶어진다!!",
    "rating": "10",
    "date": "13.11.15"
  },
  {
    "review_id": "8140401",
    "movie_id": "104389",
    "author": "hell****",
    "review": "이비자에 가본적이 없다면 이 영화를 통해 느껴보는 것도 좋을듯~",
    "rating": "10",
    "date": "13.11.15"
  }
]