[
  {
    "review_id": "8699628",
    "movie_id": "104490",
    "author": "dls4****",
    "review": "그것이 알고싶다, 추적60분하고 비슷한  mc 류승수만의 모큐드라마 싸인 재미있습니다 ^^",
    "rating": "10",
    "date": "14.05.04"
  },
  {
    "review_id": "8677189",
    "movie_id": "104490",
    "author": "ahb1****",
    "review": "모큐드라마 싸인 소설에는 허구란 소설이 가짜이지만 추리가 탄탄하고 줄거리가 아주 기대가 큽니다. 특히 범인이 피해자를 죽인 가족동반자살을 볼수있게끔 드라마로 보는 모큐드라마 싸인 파이팅입니다",
    "rating": "10",
    "date": "14.04.27"
  }
]