[
  {
    "review_id": "10261749",
    "movie_id": "104467",
    "author": "kti5****",
    "review": "개봉당시 안땡기는데 여친이 보자고해서 봤는데 이민기만 불쌍한 영화.. 김고은 연기는 최악",
    "rating": "1",
    "date": "15.08.22"
  },
  {
    "review_id": "10246951",
    "movie_id": "104467",
    "author": "star****",
    "review": "수많은 영화를 봤고 최근 2~3년간의 웬만한 개봉작 모두보녀 나름 안목을 갖추었다고 자신하나 이 영화에대한 지나친 혹평은 잘 이해가 안된다. 평점만 믿었다면 보지못했을 이 영화를 김고은때문에 보게되었는데 얼마전 본 베테랑이나 암살보다 흡입력이 있었다",
    "rating": "10",
    "date": "15.08.17"
  },
  {
    "review_id": "10243387",
    "movie_id": "104467",
    "author": "audt****",
    "review": "사람들이 재미없다고 해서 레알 기대 안했는데 생각보다 볼만함. 근데 여자애랑 복순이랑 다투는 장면? 그건 굳이 없어도 됐다고 생각함 몰입도 겁나 없애고, 어색해보였음",
    "rating": "4",
    "date": "15.08.16"
  },
  {
    "review_id": "10232735",
    "movie_id": "104467",
    "author": "zard****",
    "review": "잔인한 범죄에 희생되어야만 했던 가족과 무심히 지나치는 주변인들에 대한 이야기",
    "rating": "10",
    "date": "15.08.15"
  },
  {
    "review_id": "10232260",
    "movie_id": "104467",
    "author": "lyr2****",
    "review": "방금 티비에서 하는거 봤는데  여기보니 평점 말이 아니네요. 재밌게봤고,이민기가 쫒는 장면에서  긴장되저 눈가렷습니다 몇번. 김부선씨도 좋았구요. 다만 이민기 가족사 내용이 좀더 나와줬음 하는 아쉬움이 있고  김고은씨 연기  오그라드는면이 있었어요.",
    "rating": "7",
    "date": "15.08.15"
  },
  {
    "review_id": "10232226",
    "movie_id": "104467",
    "author": "ho79****",
    "review": "ㅅㅂ 이게 영화냐? 시가아깝다 인생에 기집에 쳐 우는거에 ㅅㅂ 시간다간다 황감독 앞으로 니영화는 안본다",
    "rating": "1",
    "date": "15.08.15"
  },
  {
    "review_id": "10232225",
    "movie_id": "104467",
    "author": "nakj****",
    "review": "아니 이건뭐 마지막에 싸울때 어두워서 뭐어떻게싸우는지보이지도않고 알수도없네 출연진이랑 감독이랑스텝만본거임? 재미없게만들엇으면 마지막장면이라도 좀제대로보여주던가 뭐 이렇게영화를만들수잇는거지??",
    "rating": "1",
    "date": "15.08.15"
  },
  {
    "review_id": "10232204",
    "movie_id": "104467",
    "author": "asws****",
    "review": "이딴 시나리오도 돈들여 만들 생각을 한 감독님이 가엾을 지경",
    "rating": "1",
    "date": "15.08.15"
  },
  {
    "review_id": "10232189",
    "movie_id": "104467",
    "author": "outs****",
    "review": "한국인들은 10점하고 1점밖에 줄줄 모르나...;;볼만한 초중반 난감한 중후반.",
    "rating": "3",
    "date": "15.08.15"
  },
  {
    "review_id": "10232003",
    "movie_id": "104467",
    "author": "raho****",
    "review": "모든 배우가 연기를 잘하고 공포의 상황을 연극적으로 풀었다. 특히 김고은의 연기 압권.",
    "rating": "10",
    "date": "15.08.15"
  },
  {
    "review_id": "10231967",
    "movie_id": "104467",
    "author": "mpt1****",
    "review": "연출력이 부족할뿐, 김고은 연기정말잘하네.. 난 코믹영화였다면 100점을 줬을껏같다. 이민기도 기대하지않았는데 싸이코패스 연기 잘하더라..",
    "rating": "10",
    "date": "15.08.15"
  },
  {
    "review_id": "10231931",
    "movie_id": "104467",
    "author": "dshb****",
    "review": "전체 그리고 재미 말고 연기력 그걸본다면 집중력 도 있고..나는 괜찮은데... 왜  평점에 의지를..하지?!!!,. 마치 상대방의 이야기를 듣지않고 결론만 따지는것과 뭐가 달라",
    "rating": "8",
    "date": "15.08.15"
  },
  {
    "review_id": "10216888",
    "movie_id": "104467",
    "author": "bong****",
    "review": "와 1년도넘게전에본걸지금다네요ㅋㅋ 기대하고봤었는데 많이실망을안겨준작품",
    "rating": "6",
    "date": "15.08.11"
  },
  {
    "review_id": "10196123",
    "movie_id": "104467",
    "author": "mard****",
    "review": "죽도 밥도 안된 영화..",
    "rating": "1",
    "date": "15.08.07"
  },
  {
    "review_id": "10178354",
    "movie_id": "104467",
    "author": "youn****",
    "review": "안타까움~ 같이 보러간친구가 도저히 재미없어서 못보겠다고해서 도중에 나와버렸네요~~",
    "rating": "2",
    "date": "15.08.03"
  },
  {
    "review_id": "10148878",
    "movie_id": "104467",
    "author": "dfdf****",
    "review": "굿너무기대기대기대 됨",
    "rating": "10",
    "date": "15.07.27"
  },
  {
    "review_id": "10127286",
    "movie_id": "104467",
    "author": "rete****",
    "review": "간만에 괜찮은 영화 보았다고 생각한다.이런 번뜩이는영화는 망하고 평범한 명량은 천만을 넘는다.이런 것이 바로 현실인 것이다.참고로 본인이 좋아했던 영화는  지구를 지켜라, 귀여워, 등등...",
    "rating": "9",
    "date": "15.07.22"
  },
  {
    "review_id": "10126205",
    "movie_id": "104467",
    "author": "klki****",
    "review": "이민기가 너무 멋있어서 4점준다초반엔 재밌음 점점 끝날수록 설마이렇게 끝나는거임? 라고 생각햇는데 내생각이맞음 ㅇㅇ",
    "rating": "4",
    "date": "15.07.21"
  },
  {
    "review_id": "10125003",
    "movie_id": "104467",
    "author": "tjf9****",
    "review": "난  재밌던데.. 취존사회적 약자들만 남아서 서로 세상물정모르고 거짓말했다면서 때리고 때려서 미안하다고 서로 울고 잘모르는 약을 믿고 써야만하고 아무것도 모르고 아무것도 못하는 그런면을 전 이영화에서 감명깊게 봤습니다.",
    "rating": "10",
    "date": "15.07.21"
  },
  {
    "review_id": "10114828",
    "movie_id": "104467",
    "author": "virt****",
    "review": "어디서 이렇게 개성넘치는 배우들만 모아놨을까? 아이가 집안에 혼자 남아 있을때 좀 더 사이코패스적인 연출을 했더라면 이민기로 안보였을것 같다 , 너무 재미있게 봤고 씁쓸한 마무리도 좋다 . 다음 영화가 너무나 기대 된다",
    "rating": "10",
    "date": "15.07.18"
  },
  {
    "review_id": "10112084",
    "movie_id": "104467",
    "author": "bhl1****",
    "review": "꽤 나름 재미있었는데....평점이 다들 별로네,,,내가 이상한건가봐요,,",
    "rating": "8",
    "date": "15.07.17"
  },
  {
    "review_id": "10111956",
    "movie_id": "104467",
    "author": "nara****",
    "review": "이민기가 가게 안에서 살해하는 장면만 영상이나 뭐 그런 연출한 분위기만 괜찮았다. 김고은과 아이의 대화하는 연기 보는내내 짜증났으며 뭘 이야기 하는건지 도대체가 알수없는 영화다. ㅂㅅ같다. 한마디로.",
    "rating": "1",
    "date": "15.07.17"
  },
  {
    "review_id": "10041465",
    "movie_id": "104467",
    "author": "samd****",
    "review": "감독이 기억상실증인지 앞뒤가 하나도 안맞음. 본인이 찍어놓고 기억을 못하는건지... 영화 계획하고 찰영하고 편집하는 동안 어디 딴데있다가 와서 슬쩍 감독이름만 올린건 아닌지 의심스러움.",
    "rating": "1",
    "date": "15.06.27"
  },
  {
    "review_id": "10037536",
    "movie_id": "104467",
    "author": "kyo1****",
    "review": "재미도 없고 감동도 없고 개잡영화다~♬",
    "rating": "4",
    "date": "15.06.26"
  },
  {
    "review_id": "10029983",
    "movie_id": "104467",
    "author": "meta****",
    "review": "평점이 왜 이러지? 볼 만 하구만... 평점 낮아서 미루고 미루다 오늘 그냥 아무생각 없이 봤는데 몰입도 괜찮고 스토리 전개도 좋구만.... 도대체 리뷰어들은 무얼 바라는건가 ???",
    "rating": "9",
    "date": "15.06.24"
  },
  {
    "review_id": "10017518",
    "movie_id": "104467",
    "author": "hotd****",
    "review": "감독부터 시나리오쓴것부터 잡아족치자 이렇게 연기잘하는  사람가지고 장난친거지? 김고은연기때문에 끝까지봤다",
    "rating": "1",
    "date": "15.06.21"
  },
  {
    "review_id": "10008377",
    "movie_id": "104467",
    "author": "acs5****",
    "review": "여기 평점다왜이러지난재밌는데..",
    "rating": "10",
    "date": "15.06.18"
  },
  {
    "review_id": "10007622",
    "movie_id": "104467",
    "author": "wsxa****",
    "review": "보는내내 여자애들둘이서 징징대기만함",
    "rating": "1",
    "date": "15.06.18"
  },
  {
    "review_id": "10005588",
    "movie_id": "104467",
    "author": "nmix****",
    "review": "전 그래도  볼 만 했어요 10자",
    "rating": "5",
    "date": "15.06.17"
  },
  {
    "review_id": "10004687",
    "movie_id": "104467",
    "author": "jjim****",
    "review": "티비에서 보는것 조차  시간 아까운 영화",
    "rating": "1",
    "date": "15.06.16"
  },
  {
    "review_id": "9996185",
    "movie_id": "104467",
    "author": "dudr****",
    "review": "어휴...답이없다.",
    "rating": "3",
    "date": "15.06.13"
  },
  {
    "review_id": "9978442",
    "movie_id": "104467",
    "author": "kill****",
    "review": "난 단무지를 좋아하지 않는다...",
    "rating": "10",
    "date": "15.06.06"
  },
  {
    "review_id": "9967210",
    "movie_id": "104467",
    "author": "7qls****",
    "review": "배우의 연기력만 보고 평점높게 주는건 나쁜게 아니죠하지만 저는 스토리를 우선으로 보기때문에 낮게줍니다..",
    "rating": "1",
    "date": "15.05.31"
  },
  {
    "review_id": "9965184",
    "movie_id": "104467",
    "author": "kkhk****",
    "review": "좋은 소재와 연기력 좋았음. 다만 더 디테일하게 만들었으면 하는 아쉬움.",
    "rating": "7",
    "date": "15.05.31"
  },
  {
    "review_id": "9964933",
    "movie_id": "104467",
    "author": "lyk0****",
    "review": "이해가 잘 안되는 이민기 캐릭터와 그 가족들.. 여자애들의 코믹모드가 웃프긴 한데 설명과 디테일도 없이 그저 밑그림만 있는 느낌.. 이민기씨 살좀 그만빼요 화면에 살은없고 눈코입만 있네",
    "rating": "5",
    "date": "15.05.31"
  },
  {
    "review_id": "9963959",
    "movie_id": "104467",
    "author": "wkqw****",
    "review": "내용은 그렇다 쳐도 김고은 이민기 연기짱ㅋㅋ난 너무나도 재미있게 봄",
    "rating": "10",
    "date": "15.05.31"
  },
  {
    "review_id": "9959417",
    "movie_id": "104467",
    "author": "koml****",
    "review": "흠 평이 너무 안좋은데 전 재밋게봣어요 이민기의 살인마연기가 전 좋앗어요 작은목소리로 감정을 억누르는 모습에서 사실적이라는 느낌을 받았거든요 김고은씨 연기도 좋앗어요 약간 모자란 여자 겁과 세상에 때탄모습이 없는 모습이 부닥치는모습이 보기 재밋엇어요",
    "rating": "9",
    "date": "15.05.29"
  },
  {
    "review_id": "9959415",
    "movie_id": "104467",
    "author": "jaey****",
    "review": "텔레토비가 더재밌겠다",
    "rating": "1",
    "date": "15.05.29"
  },
  {
    "review_id": "9959336",
    "movie_id": "104467",
    "author": "kara****",
    "review": "난 괜찮은데? 너무 기대감없이 봐서 그런가요...연기들은 잘하는데.",
    "rating": "7",
    "date": "15.05.29"
  },
  {
    "review_id": "9959324",
    "movie_id": "104467",
    "author": "lawv****",
    "review": "반개도 아깝지만 줄수밖에",
    "rating": "1",
    "date": "15.05.29"
  },
  {
    "review_id": "9959278",
    "movie_id": "104467",
    "author": "ak10****",
    "review": "이거 왜 만들었냐 돈 아깝다",
    "rating": "1",
    "date": "15.05.29"
  },
  {
    "review_id": "9959092",
    "movie_id": "104467",
    "author": "egth****",
    "review": "괜찮은 영화, 볼만한 연기였다. 잔혹동화를 보는것 같았다. 선과악도 분명했고 그 싸움도 흥미진진 했다. 다소 스토리가 부족한 부분도 있으나 진행에 있어서 문제 되지는 않았다. 마지막에 피칠갑을 하고 소리를 지르는 복순을 보면서 소름이 돋았다.좋다.",
    "rating": "8",
    "date": "15.05.29"
  },
  {
    "review_id": "9955886",
    "movie_id": "104467",
    "author": "oper****",
    "review": "제대로된 블랙 코미디구만.. 네이버 네티즌 새개끼들아~",
    "rating": "10",
    "date": "15.05.28"
  },
  {
    "review_id": "9953184",
    "movie_id": "104467",
    "author": "wltm****",
    "review": "음 평점보고 볼걸 공짜로봤지만 그래도 스릴은 있었음",
    "rating": "2",
    "date": "15.05.27"
  },
  {
    "review_id": "9951530",
    "movie_id": "104467",
    "author": "bhr0****",
    "review": "스릴러  -> 코메디 황혼에서 새벽까지 이후로 장르의 극반전이 있음",
    "rating": "10",
    "date": "15.05.26"
  },
  {
    "review_id": "9943661",
    "movie_id": "104467",
    "author": "ming****",
    "review": "민기씨 고생했어요  난 별생각없이봐서 괜찮던데  뒤에  엔딩부분에서 모지?? 그랬네요  그 삼촌이란사람  아무일없는듯 휴대폰 받아가는장면 ㅡㅡ복수할람 지대로 하던지",
    "rating": "5",
    "date": "15.05.24"
  },
  {
    "review_id": "9928706",
    "movie_id": "104467",
    "author": "leeg****",
    "review": "비싼 해물 들어간 라면 먹는 느낌? 연기는 참 좋은데...",
    "rating": "6",
    "date": "15.05.18"
  },
  {
    "review_id": "9919044",
    "movie_id": "104467",
    "author": "kdoy****",
    "review": "개막장 연출에 공포.유머.감동 아무것도 없었는데 참 희한하게 보는동안 지루함은 없었다.. 감독은 다른직업을....",
    "rating": "4",
    "date": "15.05.15"
  },
  {
    "review_id": "9918814",
    "movie_id": "104467",
    "author": "ttju****",
    "review": "잔인...하다 ㅠㅠㅠ 무서워 죽는 줄..",
    "rating": "5",
    "date": "15.05.15"
  },
  {
    "review_id": "9918151",
    "movie_id": "104467",
    "author": "hong****",
    "review": "백은하기자가 남긴 평점에 격하게 공감정말 기괴하면서 첨보는 장르임..",
    "rating": "6",
    "date": "15.05.15"
  },
  {
    "review_id": "9907808",
    "movie_id": "104467",
    "author": "okbn****",
    "review": "방금 케이블에서 하는것보고 참신했습니다. 사회풍자 블랙코미디액션스릴러 식의 우리나라에서 보기힘든 영화네요. 대다수 불호가 많겠지만.. 갠적으로 잼있게보고 씁쓸한 무언가도 느낄수 있는 영화였습니다. 무엇보다 뱌우들 연기력이 다들 괜찮았습니다.",
    "rating": "9",
    "date": "15.05.10"
  },
  {
    "review_id": "9907805",
    "movie_id": "104467",
    "author": "mbd1****",
    "review": "도화지에 정물화를 그려가다가 변덕을 부려 물감을 덕지 뿌려버리니 비릿한 추상화가 되어버린다. 김고은은 제2의 전도연이 될것!! 평점 올려준다.",
    "rating": "10",
    "date": "15.05.10"
  },
  {
    "review_id": "9907793",
    "movie_id": "104467",
    "author": "93dn****",
    "review": "감독님 지금이라도 늦지않았어요 감독때려치우고 다른길 가세요 이런 영화에 어떻게 투자를받고 개봉했지 ? 어휴...",
    "rating": "1",
    "date": "15.05.10"
  },
  {
    "review_id": "9907784",
    "movie_id": "104467",
    "author": "ctrl****",
    "review": "이걸 영화관서 돈주고 보신분들 감탄이 절로 나옵니다.",
    "rating": "1",
    "date": "15.05.10"
  },
  {
    "review_id": "9900797",
    "movie_id": "104467",
    "author": "ssys****",
    "review": "공포, 긴장, 경악, 흥분, 분노, 당황, 슬픔과 웃음, 동심, 따스함, 행복이 공존해서 신선하기도 하고 긴장감도 풀어준다. 비정상인을 장애인이 결국 처단한다. 결국 우린 모두 정도에 차이가 있을 뿐인 장애인이 아닐까?",
    "rating": "6",
    "date": "15.05.07"
  },
  {
    "review_id": "9899338",
    "movie_id": "104467",
    "author": "paem****",
    "review": "살인자vs바보년이네",
    "rating": "1",
    "date": "15.05.06"
  },
  {
    "review_id": "9899044",
    "movie_id": "104467",
    "author": "mamb****",
    "review": "얘들아 이거 십점 아니다. 씹점이다....",
    "rating": "10",
    "date": "15.05.06"
  },
  {
    "review_id": "9894753",
    "movie_id": "104467",
    "author": "dldl****",
    "review": "평점대로노잼이었음.기대꽤했는데..피튀기는영화좋아하는데 이건너무노잼이었음.근데딱하나 이민기싸이코연기는맘에들었음.특히나 마지막식당에서사람개팰때어둠속에서 잠깐씩보였던 이민기눈빛은 상당히섬뜩했음.진심 그장면하나만큼은2014명장면베스트3안에들정도로.그거덕에5점",
    "rating": "5",
    "date": "15.05.04"
  },
  {
    "review_id": "9892319",
    "movie_id": "104467",
    "author": "kill****",
    "review": "이민기만 10점 나머진 1점 ㅋㅋㅋ",
    "rating": "10",
    "date": "15.05.04"
  },
  {
    "review_id": "9892315",
    "movie_id": "104467",
    "author": "tone****",
    "review": "평점 낮게 주는 늠들은...영화 수준이 졸래게 낮은 늠들임..",
    "rating": "10",
    "date": "15.05.04"
  },
  {
    "review_id": "9892307",
    "movie_id": "104467",
    "author": "llje****",
    "review": "별점 반개도 아까움 걍 짜증만 나는 영화.짜증나서 감독 찾아봄누군지 ㅡㅡ 아 걍 짜증남 진짜 싫은 영화",
    "rating": "1",
    "date": "15.05.04"
  },
  {
    "review_id": "9892279",
    "movie_id": "104467",
    "author": "piel****",
    "review": "김고은 때문에 보았는디요~.1)김뢰하라는 배우의 발견,2)일본영화스러움 3) 스릴러치고는  밝은 화면이 많음.제작비탓?  포스터만 스릴러.4) 김고은, 아직은 바보 못 됨, 예쁜 여성 바보의 특징 부족.",
    "rating": "7",
    "date": "15.05.04"
  },
  {
    "review_id": "9889301",
    "movie_id": "104467",
    "author": "qkrt****",
    "review": "연기 좋았고, 소재 좋았는데 와 진짜 짬뽕에다가 짜장면을 비벼놓네 뭘 말하려는 거지 도대체? 5점 아래 주는 거 진짜 오랜만이네.. 와 이런 스렉의가 있나... 평 안좋다는 선입견을 갖고봤어도 이건 좀 심했다. 감독이 황해랑 추격자 재밌게봤나보다",
    "rating": "3",
    "date": "15.05.03"
  },
  {
    "review_id": "9885519",
    "movie_id": "104467",
    "author": "ango****",
    "review": "미친 연기 소화하기 어렵다. 이민기 캐릭터와 연기는 볼만 한데 복순 캐릭터는 꽝.",
    "rating": "2",
    "date": "15.05.02"
  },
  {
    "review_id": "9880613",
    "movie_id": "104467",
    "author": "48ho****",
    "review": "초반에 괜찮다 초반만 김고은과 이민기가 아깝다",
    "rating": "4",
    "date": "15.04.30"
  },
  {
    "review_id": "9880258",
    "movie_id": "104467",
    "author": "mcsh****",
    "review": "김고은이 너무 약했다 몬스터는 이민기하나뿐",
    "rating": "1",
    "date": "15.04.30"
  },
  {
    "review_id": "9879714",
    "movie_id": "104467",
    "author": "jk60****",
    "review": "아니 이영화 진짜 재밌게 봤는데 평점이 왜 이모양이냐 와 이거보다 못한 별 그지같은 영화는 평점 잘주면서 아나 알바 안써서 그런가 시간가는줄 모르고 재밌게 봤다 대만족!",
    "rating": "10",
    "date": "15.04.30"
  },
  {
    "review_id": "9879641",
    "movie_id": "104467",
    "author": "ki03****",
    "review": "하.. 아기햇님도 쐬한데..배우들 연기실력좋았지만김고은 빽빽대는건 별로..ㅠㅠ중간중간웃기긴햇다뜬금없는 음악과 편집효과는 너무 실험적인..살인자와 동급은아님...",
    "rating": "5",
    "date": "15.04.30"
  },
  {
    "review_id": "9871690",
    "movie_id": "104467",
    "author": "tjdg****",
    "review": "영화는 일단 최악이었다 감독님은 조금 영화를 뒤돌아 봐야할 것 같다 그리고 이민기 정말 잘 성장해줬다 이민기의 작품을 많이 본 건 아니지만 확실히 이제 배우의 향기가 나는 것 같다 김고은도 정말 미래가 기대된다 이민기와 김고은의 연기력이 4점을 올렸다",
    "rating": "5",
    "date": "15.04.26"
  },
  {
    "review_id": "9867192",
    "movie_id": "104467",
    "author": "dini****",
    "review": "액션과스릴러만 기대한 분께는  재미없어 보이는 영화.잘 보면무책임 무능력 무심한 어른들.강자의 횡포 비리 감추기위한 도구 이민기.바보라 느껴질정도로 당할수 밖에 없는 약자들.약자가 승리한듯하나 처벌받지 않은 강자.그런사회를 비판하는 감독",
    "rating": "10",
    "date": "15.04.25"
  },
  {
    "review_id": "9866402",
    "movie_id": "104467",
    "author": "sang****",
    "review": "와 이건 뭐지... 난장판 스토리..  배우가 아까운",
    "rating": "4",
    "date": "15.04.25"
  },
  {
    "review_id": "9865548",
    "movie_id": "104467",
    "author": "pink****",
    "review": "연기변신 성공인듯! !",
    "rating": "10",
    "date": "15.04.25"
  },
  {
    "review_id": "9851389",
    "movie_id": "104467",
    "author": "main****",
    "review": "TV로 봤다 최고의 영화였다. 특히 김부선 연기 짱",
    "rating": "10",
    "date": "15.04.18"
  },
  {
    "review_id": "9847184",
    "movie_id": "104467",
    "author": "nick****",
    "review": "뭔가 점점 미쳐돌아가는 듯한 기분인데 나만 느낀 게 아니구낭",
    "rating": "2",
    "date": "15.04.15"
  },
  {
    "review_id": "9843536",
    "movie_id": "104467",
    "author": "yum3****",
    "review": "대한민국에서 이영화 재밌게본 사람 나 하나뿐인듯..;;; 개봉당시 영화관에서 봤는데 정말 몰입도 쩔게 보고 신선한 영화라고 생각했는데 검색해보고 평점이 너무 낮아서 놀랐네요.. 배우들 연기도 다 소름끼치고 캐릭터도 내용도 신선했음",
    "rating": "10",
    "date": "15.04.13"
  },
  {
    "review_id": "9841356",
    "movie_id": "104467",
    "author": "dnfl****",
    "review": "티비에서 나오는데 ㅎㅎ 북한 특수부대원이 ㅎ 양아치에게 당하냐. 원샷 목뼈 부러진다. 호위총국이라며 ..손바닥으로 못박는 놈들이다. 양아치 말라 비틀어져. 무슨 힘이 있다고. 총국애가 무술하냐 .. 급소만 가격하지.",
    "rating": "1",
    "date": "15.04.12"
  },
  {
    "review_id": "9833840",
    "movie_id": "104467",
    "author": "dkal****",
    "review": "난잡하다....;;",
    "rating": "3",
    "date": "15.04.08"
  },
  {
    "review_id": "9833787",
    "movie_id": "104467",
    "author": "oldm****",
    "review": "와.. 이 영화를 왜 이렇게 씹지? 난 명랑은 보다 꺼버렸지만 이 영화만큼은 그야말로 손에 땀을 쥐면서 봤다. 배우들보다 감독이 대단하다는 느낌이였다. 마지막에 김부선이 한 말.. 너같은 괴물을 왜 버렸나.. 였던가..? 하여튼.. 소름 돋더라.",
    "rating": "8",
    "date": "15.04.08"
  },
  {
    "review_id": "9833760",
    "movie_id": "104467",
    "author": "anjg****",
    "review": "평점보고 기대는 안했음 차라리 화이 같은 느낌으로 이민기 가족사에 대해 스토리를 만들었다면 좋았을걸 무슨 생각으로 이런 스토리를 만든건지...진심으로 이해가 안되네요",
    "rating": "5",
    "date": "15.04.08"
  },
  {
    "review_id": "9833743",
    "movie_id": "104467",
    "author": "sute****",
    "review": "아. 뭐지.. 진짜 뭐지..?",
    "rating": "3",
    "date": "15.04.07"
  },
  {
    "review_id": "9832949",
    "movie_id": "104467",
    "author": "tyqs****",
    "review": "솔직히 이거 나재미있게봄",
    "rating": "10",
    "date": "15.04.07"
  },
  {
    "review_id": "9830672",
    "movie_id": "104467",
    "author": "noto****",
    "review": "김부선씨 역활보면 이민기가 왜 몬스터가 됐는지 알 수 있다.정말 재밌게 봤다 흔히 사람들은 스토리가  권선징악이 아니면 쓰레기로 보고 영화본게 허무하다고 생각한다.미스트처럼...",
    "rating": "8",
    "date": "15.04.06"
  },
  {
    "review_id": "9830648",
    "movie_id": "104467",
    "author": "kjh8****",
    "review": "평점 글보고 기대 안하고 봐선지 신선한 감은 있던데..스릴러인지 드라마인지 좀 애매한 면땜에 혼란스러운거는 있지만 주연 배우들 연기도 잘하고 간간이 웃긴것과정감있는 요소들도 있고...몰입해서 볼정도는 충분히 되는듯.",
    "rating": "8",
    "date": "15.04.06"
  },
  {
    "review_id": "9830647",
    "movie_id": "104467",
    "author": "gong****",
    "review": "엔딩크래딧이 올라가고,4개월동안 지켜온 금연에 심각한 위기가 온다.끝까지 본 내자신에게 참을수없는 화가 밀려와 눈물이 날 지경이다.내일부턴 몬스터 에너지드링크도 마시지않겠다",
    "rating": "1",
    "date": "15.04.06"
  },
  {
    "review_id": "9830634",
    "movie_id": "104467",
    "author": "gool****",
    "review": "이 영화를 위해 노력하신 분들을 위해 별 2개 드려요.",
    "rating": "2",
    "date": "15.04.06"
  },
  {
    "review_id": "9830594",
    "movie_id": "104467",
    "author": "goda****",
    "review": "연기는 진심 대박 스토리가 병맛일뿐",
    "rating": "10",
    "date": "15.04.06"
  },
  {
    "review_id": "9830589",
    "movie_id": "104467",
    "author": "akch****",
    "review": "스토리가 참 조악스럽다....",
    "rating": "3",
    "date": "15.04.06"
  },
  {
    "review_id": "9830588",
    "movie_id": "104467",
    "author": "dhau****",
    "review": "감독이 약빨고 영화만든듯..스릴러냐 코미디냐 조폭영화냐..",
    "rating": "1",
    "date": "15.04.06"
  },
  {
    "review_id": "9830562",
    "movie_id": "104467",
    "author": "cook****",
    "review": "살면서평점이란거로그인해서 처음적어봐요. .화가납니다 . 영화라면다좋아하는데 1점도아까운영화 ㅡㅡ김고은양은연기가. . . 저건미친여자가아닌 , . . 연기못하는바보수준ㅠㅠㅠ",
    "rating": "1",
    "date": "15.04.06"
  },
  {
    "review_id": "9830455",
    "movie_id": "104467",
    "author": "hyos****",
    "review": "이민기 안좋아하는데이번 영화에서 이민기 연기 ㅇㅈ",
    "rating": "10",
    "date": "15.04.06"
  },
  {
    "review_id": "9829583",
    "movie_id": "104467",
    "author": "dpat****",
    "review": "이상하네....블랙코미디를 이해못하는건가....중간중간 구멍이보이긴한데 6점대에서7점대는 충분히 받겠더만....이민기 광기연기 갠찮네....",
    "rating": "10",
    "date": "15.04.05"
  },
  {
    "review_id": "9829072",
    "movie_id": "104467",
    "author": "46to****",
    "review": "모자란 영화지만 친구들이랑 낄낄거리며 보기 좋았다.",
    "rating": "2",
    "date": "15.04.05"
  },
  {
    "review_id": "9829048",
    "movie_id": "104467",
    "author": "tewu****",
    "review": "왜 지금 남기는지 모르곘는데 이거 개봉하자마자 강남CGV가서 무대인사도 봤음 이민기 개멋있다하고 기대헀는데 이거보고 여친이랑 헤어짐 ㅋ그정도야 이영화",
    "rating": "1",
    "date": "15.04.05"
  },
  {
    "review_id": "9829044",
    "movie_id": "104467",
    "author": "bacc****",
    "review": "어제 TV로 봤는데 진짜 욕나온다. 이 시나리오를 보고 투자한 인간들은 뭐냐?? 이민기와 김고은을 가지고 이런 쓰레기 영화를 만들다니.. TV로 보고도 이렇게 화가 나는데 극장에서 본 사람들은 진짜 빡쳤겠다.",
    "rating": "1",
    "date": "15.04.05"
  },
  {
    "review_id": "9828267",
    "movie_id": "104467",
    "author": "yuid****",
    "review": "이민기의 연기력 다시봄",
    "rating": "10",
    "date": "15.04.05"
  },
  {
    "review_id": "9827984",
    "movie_id": "104467",
    "author": "shoo****",
    "review": "마무리까지 환장..이 영화 장르는 코미디입니다..",
    "rating": "1",
    "date": "15.04.05"
  },
  {
    "review_id": "9827981",
    "movie_id": "104467",
    "author": "lyc7****",
    "review": "한개도 아깝다쓰레기영화",
    "rating": "1",
    "date": "15.04.05"
  },
  {
    "review_id": "9827978",
    "movie_id": "104467",
    "author": "jul2****",
    "review": "감독이 택시기사한테 불만이 많은가보다. 아 왜 0점을 줄수 없는거야 ㅋㅋ",
    "rating": "1",
    "date": "15.04.05"
  },
  {
    "review_id": "9827514",
    "movie_id": "104467",
    "author": "mooc****",
    "review": "재밌었음. 이민기가 연기를 잘하는 배우였구나..",
    "rating": "10",
    "date": "15.04.05"
  },
  {
    "review_id": "9827510",
    "movie_id": "104467",
    "author": "jury****",
    "review": "평점 매길 가치도 없는 영화다완전 예고편은 그럴싸하게 만든 낚시영화다여기 나온 주연배우들 작품보는눈 참없다시나리오 들어오면 안읽어보고 걍 하나보다",
    "rating": "1",
    "date": "15.04.05"
  }
]