[
  {
    "review_id": "9533520",
    "movie_id": "104428",
    "author": "mbd1****",
    "review": "우리는 이런 드라마를 원한다!!!! 40대에게도 통하는 감성 드라마!!",
    "rating": "10",
    "date": "14.12.29"
  },
  {
    "review_id": "9495135",
    "movie_id": "104428",
    "author": "z2on****",
    "review": "이게 그 미생 깽판쳐놓은 인간 작품인가",
    "rating": "1",
    "date": "14.12.21"
  },
  {
    "review_id": "9262218",
    "movie_id": "104428",
    "author": "ikop****",
    "review": "전 31살 애엄마 입니다 . ㅋㅋㅋㅋ아놔 요놈들 너무 순수하고 귀엽네 ㅋㅋ  이때로 가고 싶다 ...",
    "rating": "10",
    "date": "14.10.04"
  },
  {
    "review_id": "8561580",
    "movie_id": "104428",
    "author": "a734****",
    "review": "군대에서 정말 재밌게 봤었는데.. 덕분에 하연수씨 팬 됐어요^^",
    "rating": "10",
    "date": "14.03.07"
  },
  {
    "review_id": "8176104",
    "movie_id": "104428",
    "author": "ske4****",
    "review": "tv 전기세가 아깝다!!!",
    "rating": "1",
    "date": "13.11.29"
  },
  {
    "review_id": "8141298",
    "movie_id": "104428",
    "author": "rnjs****",
    "review": "10대 청소년입니다. 민세이(하연수) 와 윤설찬(용준형) 둘이 너무 너무 이쁜 사랑 하네요. 나도 저렇게 깨끗하고 맑은 이쁜사랑 해보고 싶습니다.내 사랑 비스트 용준형 흥해라 저는 뷰티(비스트 팬을 뜻하는 말)에여 ♥사랑해요 용준형♥",
    "rating": "10",
    "date": "13.11.15"
  },
  {
    "review_id": "7984633",
    "movie_id": "104428",
    "author": "khs8****",
    "review": "b",
    "rating": "10",
    "date": "13.09.15"
  },
  {
    "review_id": "7967891",
    "movie_id": "104428",
    "author": "wjdw****",
    "review": "최고지~",
    "rating": "10",
    "date": "13.09.12"
  },
  {
    "review_id": "7875885",
    "movie_id": "104428",
    "author": "leeg****",
    "review": "용준형 참 멋있어 보입니다",
    "rating": "10",
    "date": "13.08.13"
  },
  {
    "review_id": "7859502",
    "movie_id": "104428",
    "author": "bear****",
    "review": "으악 ㅠㅠ 응답하라부터 몬스타까지! TVN 드라마 너무 좋다! 윤설찬 김나나 민세이 회장 등등 다 잊지못할거야 ㅠㅠ",
    "rating": "8",
    "date": "13.08.08"
  },
  {
    "review_id": "7856927",
    "movie_id": "104428",
    "author": "boya****",
    "review": "시즌2나왔으면...",
    "rating": "10",
    "date": "13.08.08"
  },
  {
    "review_id": "7843839",
    "movie_id": "104428",
    "author": "worn****",
    "review": "드라마를 참 못만들었다.",
    "rating": "5",
    "date": "13.08.05"
  },
  {
    "review_id": "7838628",
    "movie_id": "104428",
    "author": "scad****",
    "review": "힐링을 안겨다준 정말 재미지던 몬스타... 한동안 많이 그리울겁니다.",
    "rating": "10",
    "date": "13.08.04"
  },
  {
    "review_id": "7829379",
    "movie_id": "104428",
    "author": "alsg****",
    "review": "어제가마지막이라서 좀슬프네요ㅜㅠ 그래도 재미있게봤습니다~~♥♥♥♥♥",
    "rating": "10",
    "date": "13.08.03"
  },
  {
    "review_id": "7828595",
    "movie_id": "104428",
    "author": "rlaw****",
    "review": "너무너무 재밋어요 ㅠ 근데 너무 일찍 끝나서 너무나도 아쉽네요 ㅜㅜ",
    "rating": "10",
    "date": "13.08.03"
  },
  {
    "review_id": "7826234",
    "movie_id": "104428",
    "author": "solj****",
    "review": "마지막 대결결과? 안알랴줌^~^",
    "rating": "10",
    "date": "13.08.03"
  },
  {
    "review_id": "7824559",
    "movie_id": "104428",
    "author": "ansd****",
    "review": "우연히 채널을 틀다가 봤는데 완전 꿀잼임 와나 이런프로가있는줄도 모르고 아나 1화부터다시볼꺼임 꿀잼",
    "rating": "10",
    "date": "13.08.03"
  },
  {
    "review_id": "7824495",
    "movie_id": "104428",
    "author": "sthw****",
    "review": "몬스타를 보면서 마음이 치유도되고,감동도 받을수 있어서 재미있어다......",
    "rating": "10",
    "date": "13.08.02"
  },
  {
    "review_id": "7824331",
    "movie_id": "104428",
    "author": "gn04****",
    "review": "마지막까지대박♥♥ 근데 마지막화 대결결과는 어떻게된거죠?ㅠㅠ",
    "rating": "10",
    "date": "13.08.02"
  },
  {
    "review_id": "7823242",
    "movie_id": "104428",
    "author": "tnek****",
    "review": "몬스타 짱재밌어요♥♥♥",
    "rating": "10",
    "date": "13.08.02"
  },
  {
    "review_id": "7822854",
    "movie_id": "104428",
    "author": "exe0****",
    "review": "대박이에요ㅜㅜ준형오빠♥♥♥♥♥",
    "rating": "10",
    "date": "13.08.02"
  },
  {
    "review_id": "7802068",
    "movie_id": "104428",
    "author": "tmxk****",
    "review": "짱",
    "rating": "10",
    "date": "13.07.31"
  },
  {
    "review_id": "7798180",
    "movie_id": "104428",
    "author": "dolb****",
    "review": "쨩잼잇어ㅜㅜ♥♥",
    "rating": "10",
    "date": "13.07.29"
  },
  {
    "review_id": "7796253",
    "movie_id": "104428",
    "author": "wlf_****",
    "review": "?????????的?喜??部???、里面的歌曲都?好?? 期待12集。。。 ????????",
    "rating": "10",
    "date": "13.07.29"
  },
  {
    "review_id": "7794844",
    "movie_id": "104428",
    "author": "dbwl****",
    "review": "넘재밋어요",
    "rating": "10",
    "date": "13.07.28"
  },
  {
    "review_id": "7790335",
    "movie_id": "104428",
    "author": "leey****",
    "review": "12회로 끝난다니까 너무 아쉽네요등장인물도 너무 좋고 스토리도 넘 재있어요~다시보기 10번도 할 수 있을 것 같아요!~",
    "rating": "10",
    "date": "13.07.27"
  },
  {
    "review_id": "7782111",
    "movie_id": "104428",
    "author": "tnst****",
    "review": "노래도 너무 좋고 연기자들도 더 이쁘고 잘 생기고 매력 넘치네요 특히 설찬캐릭터가 나무 귀여워요 간만에 설랜답니다",
    "rating": "10",
    "date": "13.07.25"
  },
  {
    "review_id": "7781523",
    "movie_id": "104428",
    "author": "jami****",
    "review": "정말무한반복중입니다...",
    "rating": "10",
    "date": "13.07.24"
  },
  {
    "review_id": "7779977",
    "movie_id": "104428",
    "author": "bajj****",
    "review": "32살 먹은 이 오빠를 설레게 만드는 하연수...아 난 이런 청순하고 된장기 쪽 빠진 여자애가 넘 좋아..흐규흐규",
    "rating": "10",
    "date": "13.07.24"
  },
  {
    "review_id": "7778445",
    "movie_id": "104428",
    "author": "gus8****",
    "review": "진짜용준형짱조아요막설레죽겟어욬ㅋㅋㅋㅋ큐ㅠㅠ피터질꺼같다진짴ㅋㅋㅋㅋㅋ짱",
    "rating": "10",
    "date": "13.07.23"
  },
  {
    "review_id": "7776201",
    "movie_id": "104428",
    "author": "wonj****",
    "review": "심은하 개싫다진심",
    "rating": "10",
    "date": "13.07.22"
  },
  {
    "review_id": "7771139",
    "movie_id": "104428",
    "author": "coff****",
    "review": "꺜~~~~♥♥강하늘완죤내스타일~~설찬오빠랑세이언니이어지길~~",
    "rating": "10",
    "date": "13.07.21"
  },
  {
    "review_id": "7769541",
    "movie_id": "104428",
    "author": "cso4****",
    "review": "사랑합니다",
    "rating": "10",
    "date": "13.07.21"
  },
  {
    "review_id": "7768446",
    "movie_id": "104428",
    "author": "nbob****",
    "review": "완전 재미있음 선우짱",
    "rating": "10",
    "date": "13.07.20"
  },
  {
    "review_id": "7766053",
    "movie_id": "104428",
    "author": "rkdq****",
    "review": "하ㅜ  끝나지마요ㅜ",
    "rating": "10",
    "date": "13.07.20"
  },
  {
    "review_id": "7765583",
    "movie_id": "104428",
    "author": "dks9****",
    "review": "완전재밌음!",
    "rating": "10",
    "date": "13.07.20"
  },
  {
    "review_id": "7764608",
    "movie_id": "104428",
    "author": "mott****",
    "review": "짱♥♥♥♥♥♥",
    "rating": "10",
    "date": "13.07.20"
  },
  {
    "review_id": "7764562",
    "movie_id": "104428",
    "author": "hyes****",
    "review": "짱짱먹어라!!!!완전조아~~잘됫음좋겟당",
    "rating": "10",
    "date": "13.07.19"
  },
  {
    "review_id": "7764497",
    "movie_id": "104428",
    "author": "kds9****",
    "review": "완전 대박!!! 러브라인~♥.♥ 짱♥!!!",
    "rating": "10",
    "date": "13.07.19"
  },
  {
    "review_id": "7763695",
    "movie_id": "104428",
    "author": "kamm****",
    "review": "너~무너~무재미있음",
    "rating": "10",
    "date": "13.07.19"
  },
  {
    "review_id": "7746375",
    "movie_id": "104428",
    "author": "ovo9****",
    "review": "짱 재미이씀",
    "rating": "10",
    "date": "13.07.15"
  },
  {
    "review_id": "7744805",
    "movie_id": "104428",
    "author": "tnwj****",
    "review": "용준형 진짜 완전짱♥ 너무 멋있어엉 엉엉ㅠ 연기도 잘하고 완전 귀엽고 짱멋있고♥♥♥♥ 대박 좋아요.. 준형아 내꺼해라ㅠㅠ♥ 짱짱맨준형♥♥♥",
    "rating": "10",
    "date": "13.07.15"
  },
  {
    "review_id": "7741552",
    "movie_id": "104428",
    "author": "lhj0****",
    "review": "짱!!♡",
    "rating": "10",
    "date": "13.07.14"
  },
  {
    "review_id": "7738740",
    "movie_id": "104428",
    "author": "jsb9****",
    "review": "짱!!!",
    "rating": "10",
    "date": "13.07.14"
  },
  {
    "review_id": "7737666",
    "movie_id": "104428",
    "author": "ohhr****",
    "review": "준형오빠짱멋잇어용!ㅎㅎㅎ♥연기도잘하고노래도잘부르고랩도잘하고잘생기고....☞☜흐아ㅏㅇㅇ아ㅏ아아아ㅏ느므조타♥ 그리고12화꺼지바께없어서아쉬워요..ㅠㅠㅠ몬스타짱화이팅!♥",
    "rating": "10",
    "date": "13.07.14"
  },
  {
    "review_id": "7734659",
    "movie_id": "104428",
    "author": "710g****",
    "review": "몬스타 짜세!!♥진짜 금욜만 기다려지는거머죠??)(흑흑12부작 너므 아쉽따요..ㅜㅜ♥",
    "rating": "10",
    "date": "13.07.13"
  },
  {
    "review_id": "7734079",
    "movie_id": "104428",
    "author": "hn99****",
    "review": "완전매렷잇서",
    "rating": "10",
    "date": "13.07.13"
  },
  {
    "review_id": "7732152",
    "movie_id": "104428",
    "author": "seop****",
    "review": "너무너무너무 재밋고 노래도좋고 출연진들도 좋고♥금요일이 기다려진다ㅜㅜ선우짱♥♥♥",
    "rating": "10",
    "date": "13.07.13"
  },
  {
    "review_id": "7732008",
    "movie_id": "104428",
    "author": "ceci****",
    "review": "용준형 넘 귀여버  ^0^♥♥비스트  알고는 있었지만,  용준형  이름은 들어봤지만  몬스타를  통해서  이론  매력이 있을줄이야   앙~~~ 금욜이  기다려진다고  앞으로  3회만  남아서  아쉽다규~~~♥♥♥♥",
    "rating": "10",
    "date": "13.07.13"
  },
  {
    "review_id": "7731890",
    "movie_id": "104428",
    "author": "09ju****",
    "review": "35나이에 푹빠져버린몬스타 ㅎㅎ용준형이 왜이렇게좋아지나  완전비스트 팬됐네요--^^♥♥♥♥♥♥♥♥♥♥♥♥♥♥♥♥♥용준형  진짜멋져요 ~~실물보고싶네요~^^",
    "rating": "10",
    "date": "13.07.13"
  },
  {
    "review_id": "7731792",
    "movie_id": "104428",
    "author": "qoop****",
    "review": "정말정말 손가락을 세며 금요일만을 기다려보는건 처음인듯....용준형 정말 매력적이다. 예전엔 관심도 없었는데 지금은 이아이때문에 미치겠다ㅜㅜ 너 왜이렇게  귀욤니",
    "rating": "10",
    "date": "13.07.12"
  },
  {
    "review_id": "7731152",
    "movie_id": "104428",
    "author": "khyt****",
    "review": "넘재미있고 삼각커플재미있다 그리고 안볼수얷는 드라마 몬스타 오래오래했음 좋겠다 애들이잘됐음좋겠다",
    "rating": "10",
    "date": "13.07.12"
  },
  {
    "review_id": "7728523",
    "movie_id": "104428",
    "author": "magi****",
    "review": "몬스타 요즘 넘재밌게 잘보네요. 특히 음악들 모두 좋아요",
    "rating": "10",
    "date": "13.07.12"
  },
  {
    "review_id": "7718939",
    "movie_id": "104428",
    "author": "naya****",
    "review": "용준형과 하연수 매력이 꽉 찬 드라마~~^^용준형을 다시 보게하는 드라마다.",
    "rating": "10",
    "date": "13.07.09"
  },
  {
    "review_id": "7716338",
    "movie_id": "104428",
    "author": "bell****",
    "review": "♥",
    "rating": "10",
    "date": "13.07.08"
  },
  {
    "review_id": "7716150",
    "movie_id": "104428",
    "author": "edu2****",
    "review": "돈내고 ㅇ다시보는건 태어나서 처음이에요.서른이 훌쩍 넘은 나이에 하루 종일 몬스타만 보네요.와우,브라보용준형 최고다아아아",
    "rating": "10",
    "date": "13.07.08"
  },
  {
    "review_id": "7715142",
    "movie_id": "104428",
    "author": "o___****",
    "review": "배우들 수준 떠나서 감독한테 칭찬하고 싶다. 세밀한 것 까지 디테일하고 고민을 많히 해서 만들었다는걸 알 수 있다. 정말 잘 만들었다 . 요즘처럼 뻔한 드라마가 판치는 세상에 좋은 작품 발견해서 기쁘다.",
    "rating": "10",
    "date": "13.07.07"
  },
  {
    "review_id": "7714578",
    "movie_id": "104428",
    "author": "ynch****",
    "review": "♥♥♥",
    "rating": "10",
    "date": "13.07.07"
  },
  {
    "review_id": "7713160",
    "movie_id": "104428",
    "author": "jkja****",
    "review": "용준형 매력쩔어 넘겨워",
    "rating": "10",
    "date": "13.07.07"
  },
  {
    "review_id": "7712088",
    "movie_id": "104428",
    "author": "woo8****",
    "review": "아 용준형진심개죠앙♥.♥ 너무잘생긴듯 근대 자꾸하연수랑 강하늘이랑 잇지말아여ㅠㅠㅠㅠㅠㅠㅠㅠ슬퍼ㅠㅠㅠ",
    "rating": "10",
    "date": "13.07.06"
  },
  {
    "review_id": "7710301",
    "movie_id": "104428",
    "author": "junh****",
    "review": "용준형 원래좋앗지만  진짜 드라마에서 다시봣다드라마도재밋고ㅎㅎ",
    "rating": "10",
    "date": "13.07.06"
  },
  {
    "review_id": "7708776",
    "movie_id": "104428",
    "author": "duwk****",
    "review": "용준형오빠 너무 좋아요♥  요즘 매일 금요일이 기다려져요!!",
    "rating": "10",
    "date": "13.07.05"
  },
  {
    "review_id": "7708698",
    "movie_id": "104428",
    "author": "chms****",
    "review": "규동이가 자살전에 부른 노래 뭐임?",
    "rating": "10",
    "date": "13.07.05"
  },
  {
    "review_id": "7708690",
    "movie_id": "104428",
    "author": "alsd****",
    "review": "노래 너무 좋다....근데 앞머리 왜잘랐어~ ㅠㅠ",
    "rating": "10",
    "date": "13.07.05"
  },
  {
    "review_id": "7708682",
    "movie_id": "104428",
    "author": "dbwl****",
    "review": "와 항상 금요일이 기대되네요ㅠ 몬스타 화이팅 !",
    "rating": "10",
    "date": "13.07.05"
  },
  {
    "review_id": "7708665",
    "movie_id": "104428",
    "author": "kks8****",
    "review": "진심 여태껏본것중에 최악 최악을넘어선 쓰레기 개그물만드냐 딱 중2이하 수준이라 말을 잃엇다",
    "rating": "1",
    "date": "13.07.05"
  },
  {
    "review_id": "7705044",
    "movie_id": "104428",
    "author": "ddr0****",
    "review": "문용석님 완전 멋잇다♥♥♥",
    "rating": "10",
    "date": "13.07.04"
  },
  {
    "review_id": "7703854",
    "movie_id": "104428",
    "author": "rlaw****",
    "review": "용준형(윤설찬)화이팅!!!몬스타 화이팅!!!연기너무잘하고잘생겼다많이너무 그리고엄청..♥계속쭉가뒤돌아서지마...악플따위는보지말고 화이팅!!!♥",
    "rating": "10",
    "date": "13.07.04"
  },
  {
    "review_id": "7698306",
    "movie_id": "104428",
    "author": "adad****",
    "review": "지드레곤 따라쟁이 ㅋㅋ 노래 진짜못함 얼굴도진짜못생김 연기도 진짜 못함 솔직히 사람들은 러브라인이 보는거다.",
    "rating": "1",
    "date": "13.07.02"
  },
  {
    "review_id": "7698025",
    "movie_id": "104428",
    "author": "kog6****",
    "review": "하연수  화이팅",
    "rating": "10",
    "date": "13.07.02"
  },
  {
    "review_id": "7696564",
    "movie_id": "104428",
    "author": "dyck****",
    "review": "하연수 연기너무잘하고 귀엽다 ㅠ",
    "rating": "10",
    "date": "13.07.02"
  },
  {
    "review_id": "7696407",
    "movie_id": "104428",
    "author": "lina****",
    "review": "진짜오글거리는게매력♥♥♥♥다멋잇다노래도다좋거!!!",
    "rating": "10",
    "date": "13.07.02"
  },
  {
    "review_id": "7695990",
    "movie_id": "104428",
    "author": "haem****",
    "review": "참고 보려했지만...  미안~ㅠㅠ",
    "rating": "1",
    "date": "13.07.01"
  },
  {
    "review_id": "7695800",
    "movie_id": "104428",
    "author": "whal****",
    "review": "이거 넘 조으다 ♥",
    "rating": "10",
    "date": "13.07.01"
  },
  {
    "review_id": "7694650",
    "movie_id": "104428",
    "author": "do38****",
    "review": "굿",
    "rating": "10",
    "date": "13.07.01"
  },
  {
    "review_id": "7694060",
    "movie_id": "104428",
    "author": "hmds****",
    "review": "일주일에 2회분해부세요ㅠㅠ기다리기 넘 힘드러요",
    "rating": "10",
    "date": "13.07.01"
  },
  {
    "review_id": "7692419",
    "movie_id": "104428",
    "author": "alpe****",
    "review": "엄청유치한데 연출이 그 유치함을 커버한 케이스.유치함과 화사함을 절묘하게 믹스해서 욕하면서도 보게 만드는 힘이있다.사실 누구라고 말은 못하겠는데 딱3명이 연기를 꽤 못하는데딱 연기할수있는 선까지만 각본을 썼드라.빤해서 스트레스없이보긴좋다",
    "rating": "7",
    "date": "13.06.30"
  },
  {
    "review_id": "7691806",
    "movie_id": "104428",
    "author": "lll8****",
    "review": "이거 은근히 재밌는데 ㅋㅋㅋㅋㅋ 사람마다 보는 시각이달라서 재밌을수도있고 아닐수도있지만 뭐여튼 보다보면 재밌다는ㅋㅋㅋ",
    "rating": "9",
    "date": "13.06.30"
  },
  {
    "review_id": "7689344",
    "movie_id": "104428",
    "author": "mals****",
    "review": "최고네용..ㅠㅠ일주일 언제기달려",
    "rating": "10",
    "date": "13.06.29"
  },
  {
    "review_id": "7689079",
    "movie_id": "104428",
    "author": "n373****",
    "review": "와우잼나게 보고있어요!  아자아자화이팅!!!",
    "rating": "10",
    "date": "13.06.29"
  },
  {
    "review_id": "7689001",
    "movie_id": "104428",
    "author": "bs17****",
    "review": "처음엔 별로였는데 지금은 진짜 대박임",
    "rating": "10",
    "date": "13.06.29"
  },
  {
    "review_id": "7688771",
    "movie_id": "104428",
    "author": "boa_****",
    "review": "아옼!이거 왜케잼나",
    "rating": "10",
    "date": "13.06.29"
  },
  {
    "review_id": "7688465",
    "movie_id": "104428",
    "author": "iwis****",
    "review": "주2회합시다 pd님",
    "rating": "10",
    "date": "13.06.29"
  },
  {
    "review_id": "7688060",
    "movie_id": "104428",
    "author": "rudd****",
    "review": "아이들 청춘도 보기좋고 음악이 주옥같다 추천!!!",
    "rating": "10",
    "date": "13.06.29"
  },
  {
    "review_id": "7688040",
    "movie_id": "104428",
    "author": "jaeo****",
    "review": "몬스타 재밋게 보고잇습니다 앞으로 더 잘됫으면 좋겟네요^^",
    "rating": "10",
    "date": "13.06.28"
  },
  {
    "review_id": "7687952",
    "movie_id": "104428",
    "author": "love****",
    "review": "완전 재미있어요~~^^ 노래도 조코 ㅎㅎㅎ",
    "rating": "10",
    "date": "13.06.28"
  },
  {
    "review_id": "7687918",
    "movie_id": "104428",
    "author": "zizi****",
    "review": "완전완전최고",
    "rating": "10",
    "date": "13.06.28"
  },
  {
    "review_id": "7687904",
    "movie_id": "104428",
    "author": "kris****",
    "review": "준형오빠 완존 잘생겼어용^^♥연수언니 노래 짱!!!♥하늘오빠 face 굿!!!♥★몬스타 짜셈!!!!",
    "rating": "10",
    "date": "13.06.28"
  },
  {
    "review_id": "7680890",
    "movie_id": "104428",
    "author": "as7z****",
    "review": "잼네요 ^-^",
    "rating": "10",
    "date": "13.06.26"
  },
  {
    "review_id": "7677188",
    "movie_id": "104428",
    "author": "ensi****",
    "review": "ㅋ 요즘 금요일이 무척이나  기다려진답니다보고또봐도 넘잼있으요 ~~^^몬스타 화이팅 !!!",
    "rating": "10",
    "date": "13.06.24"
  },
  {
    "review_id": "7674465",
    "movie_id": "104428",
    "author": "yoon****",
    "review": "꿀잼",
    "rating": "10",
    "date": "13.06.24"
  },
  {
    "review_id": "7667328",
    "movie_id": "104428",
    "author": "hans****",
    "review": "재밌어요재밌어 굿굿",
    "rating": "10",
    "date": "13.06.22"
  },
  {
    "review_id": "7666821",
    "movie_id": "104428",
    "author": "kja4****",
    "review": "재미있더욤♥",
    "rating": "10",
    "date": "13.06.22"
  },
  {
    "review_id": "7666168",
    "movie_id": "104428",
    "author": "hawj****",
    "review": "다음이야기 제발 알려주세요 ㅠㅠ 궁금해궁금해~~~ 다음시간을 또 어떻게 기다리나요 ㅠㅠ정말 잼난당 ㅋㅋㅋ",
    "rating": "10",
    "date": "13.06.22"
  },
  {
    "review_id": "7666041",
    "movie_id": "104428",
    "author": "als2****",
    "review": "화이팅",
    "rating": "10",
    "date": "13.06.22"
  },
  {
    "review_id": "7665985",
    "movie_id": "104428",
    "author": "yoss****",
    "review": "유치하면서재밌고좋은데 다희연기어떻게좀하자",
    "rating": "10",
    "date": "13.06.22"
  },
  {
    "review_id": "7665266",
    "movie_id": "104428",
    "author": "tofh****",
    "review": "닥치고 본방사수",
    "rating": "10",
    "date": "13.06.21"
  },
  {
    "review_id": "7663865",
    "movie_id": "104428",
    "author": "cool****",
    "review": "제가남자주인공을좋아해서그러는것도아니구요머여주인공이예뻐서질투하는것도절대아닙니다걍여주인공비호감이네요연기도어색하고다른배우들연기에묻어가는듯....",
    "rating": "1",
    "date": "13.06.21"
  },
  {
    "review_id": "7658449",
    "movie_id": "104428",
    "author": "dug4****",
    "review": "ㅈㄴ 오글거려서 못보겠음....개뜬금없이 노래하고  이상함 냄새남",
    "rating": "1",
    "date": "13.06.20"
  },
  {
    "review_id": "7658045",
    "movie_id": "104428",
    "author": "chhg****",
    "review": "^~^",
    "rating": "10",
    "date": "13.06.20"
  }
]