[
  {
    "review_id": "8215410",
    "movie_id": "104459",
    "author": "yumi****",
    "review": "재미없다고 별점 막깎는건 아니지. 매 회마다 재미있어야 되냐? 이런거 만들줄은 알아서 하나하나 트집잡고 깎아내리냐?",
    "rating": "10",
    "date": "13.12.15"
  },
  {
    "review_id": "8158947",
    "movie_id": "104459",
    "author": "yell****",
    "review": "진짜겁나재밌음ㅋㅋㅋ짱",
    "rating": "10",
    "date": "13.11.22"
  },
  {
    "review_id": "8128464",
    "movie_id": "104459",
    "author": "bara****",
    "review": "SNL 팬입니다. 매주 아주 즐겁게 보고 있습니다~",
    "rating": "10",
    "date": "13.11.09"
  },
  {
    "review_id": "8112076",
    "movie_id": "104459",
    "author": "dstt****",
    "review": "?....?흠....",
    "rating": "1",
    "date": "13.11.03"
  },
  {
    "review_id": "8058064",
    "movie_id": "104459",
    "author": "teri****",
    "review": "김슬기가 없는 SNL은...더군다나 욕도 없는 SNL은 다른 코미디 프로와 차이가 없군요...;",
    "rating": "4",
    "date": "13.10.13"
  },
  {
    "review_id": "8038755",
    "movie_id": "104459",
    "author": "sy12****",
    "review": "Tvn 이것들은 재방은 절대 제시간에 안함 개 쓰레기들 그리고 지들이 뭐된다고 재방도 전부 유료야? 안보고말지...직원들이 새벽엔 전부 쳐자나봐 시간이  30분 넘게 차이가나니까 나도 저런 직장 다니고싶다 대충해도 월급주는데...",
    "rating": "1",
    "date": "13.10.06"
  },
  {
    "review_id": "8004631",
    "movie_id": "104459",
    "author": "kios****",
    "review": "유세윤 뵈기시러 snl 안봄 .",
    "rating": "3",
    "date": "13.09.21"
  },
  {
    "review_id": "7962503",
    "movie_id": "104459",
    "author": "cjfg****",
    "review": "슬기언니 없으니까 좀 허전한듯...",
    "rating": "6",
    "date": "13.09.09"
  },
  {
    "review_id": "7957051",
    "movie_id": "104459",
    "author": "jk05****",
    "review": "솔직히 말해서 시즌2가 전편다 재미있고시즌3 유세윤편빼고 전부 형편없다",
    "rating": "1",
    "date": "13.09.07"
  },
  {
    "review_id": "7940128",
    "movie_id": "104459",
    "author": "ehdr****",
    "review": "대박..장혁연기짱..신동엽먹방 최고웃기면서드럽다ㅡㅋㅋ",
    "rating": "10",
    "date": "13.09.01"
  },
  {
    "review_id": "7856001",
    "movie_id": "104459",
    "author": "doky****",
    "review": "김슬기양 하차 하는군요. 이제 그 맛깔나는 욕짓거리는 어디서 듣나요? 안타깝습니다.",
    "rating": "10",
    "date": "13.08.07"
  },
  {
    "review_id": "7838764",
    "movie_id": "104459",
    "author": "zzon****",
    "review": "이거보는맛에삽니다 오래오래 장수하길 자연스런 크루들의연기넘넘좋습니다 깨알재미 병맛매력",
    "rating": "10",
    "date": "13.08.04"
  },
  {
    "review_id": "7833143",
    "movie_id": "104459",
    "author": "rare****",
    "review": "섹드립이 너무 잦은거만 빼면 괜찮습니다ㅎㅎ",
    "rating": "8",
    "date": "13.08.04"
  },
  {
    "review_id": "7801607",
    "movie_id": "104459",
    "author": "tjsk****",
    "review": "요즘맘에안듬",
    "rating": "1",
    "date": "13.07.31"
  },
  {
    "review_id": "7793556",
    "movie_id": "104459",
    "author": "sara****",
    "review": "휴식기이후에 snl 코리아는 기대에 못미치네요..좀 더 분발 부탁드려요..",
    "rating": "6",
    "date": "13.07.28"
  },
  {
    "review_id": "7792599",
    "movie_id": "104459",
    "author": "kyw1****",
    "review": "저질에로만 가는구나 곧 망하겠어 클라라 애는 말로만 의도적노출아니라고 하고 내놓고 노출만하고 있네 이중적이야  가슴만강조하고 질린다",
    "rating": "1",
    "date": "13.07.28"
  },
  {
    "review_id": "7792542",
    "movie_id": "104459",
    "author": "rins****",
    "review": "오늘 너무 실망이군요...무슨 클라라 라는 사람은 나와서 몸만 노골적으로 보여주고ㅡㅡ 거의 대부분의 코너에 나와서 그러고있으니",
    "rating": "2",
    "date": "13.07.28"
  },
  {
    "review_id": "7792395",
    "movie_id": "104459",
    "author": "karl****",
    "review": "봉태규 김완선 오는조동혁 편까지 왜이렇게 재미가없죠? PD가바뀐건지 작가가바뀐건지 소재고갈인지인간의조건으로 가야하나? 한번도안빼고본 SNL긴장좀하자",
    "rating": "1",
    "date": "13.07.27"
  },
  {
    "review_id": "7769149",
    "movie_id": "104459",
    "author": "lees****",
    "review": "삼주 쉬고난 다음부터 봉태규편, 김완선편..생각보다 재미없엇음. 신동엽, 민교, 슬기빨로 살아남고있는듯.. 정치풍자도 없어지고 섹드립만으로는 오래갈수 없습니다 초심을 찾길..",
    "rating": "4",
    "date": "13.07.21"
  },
  {
    "review_id": "7769044",
    "movie_id": "104459",
    "author": "redf****",
    "review": "완전잼나요~특히 안영미씨랑 일구아찌코너 왕잼나요~~계속 나와주실거죠~~~???꼭이요~~~",
    "rating": "10",
    "date": "13.07.21"
  },
  {
    "review_id": "7618010",
    "movie_id": "104459",
    "author": "goo0****",
    "review": "snl코리아16회 사과실업에서 끝나고 나오는음악이뭔가요??",
    "rating": "10",
    "date": "13.06.09"
  },
  {
    "review_id": "7616173",
    "movie_id": "104459",
    "author": "rhkd****",
    "review": "글로벌 텔레토비 보고싶네...",
    "rating": "10",
    "date": "13.06.09"
  },
  {
    "review_id": "7615022",
    "movie_id": "104459",
    "author": "fjqm****",
    "review": "궁금한게 있는데요.. 민교씨가 안영미씨 볼 정말로 때렸나요? 소리가리얼하고  안영미씨 욱하셨던데 그것도 연기였나요? 연기 참 살벌하네요",
    "rating": "10",
    "date": "13.06.09"
  },
  {
    "review_id": "7614911",
    "movie_id": "104459",
    "author": "twah****",
    "review": "아이비의 내숭없는 연기 굿^^",
    "rating": "9",
    "date": "13.06.09"
  },
  {
    "review_id": "7597513",
    "movie_id": "104459",
    "author": "ynh1****",
    "review": "인생 뭐 있습니까 전세 아니면 월세죠?",
    "rating": "10",
    "date": "13.06.06"
  },
  {
    "review_id": "7571939",
    "movie_id": "104459",
    "author": "nan1****",
    "review": "^^b",
    "rating": "10",
    "date": "13.06.02"
  },
  {
    "review_id": "7554752",
    "movie_id": "104459",
    "author": "zxcv****",
    "review": "잼있다~",
    "rating": "10",
    "date": "13.05.25"
  },
  {
    "review_id": "7550956",
    "movie_id": "104459",
    "author": "hyeg****",
    "review": "재밌어",
    "rating": "10",
    "date": "13.05.24"
  },
  {
    "review_id": "7549685",
    "movie_id": "104459",
    "author": "dlff****",
    "review": "가뿐히 10점만점",
    "rating": "10",
    "date": "13.05.23"
  },
  {
    "review_id": "7545576",
    "movie_id": "104459",
    "author": "domi****",
    "review": "개그프로그램 다른건 안보는데 이건 본다.^^ 진짜재밌네.",
    "rating": "10",
    "date": "13.05.21"
  },
  {
    "review_id": "7543681",
    "movie_id": "104459",
    "author": "jaeh****",
    "review": "ㅋㅋㅋSnl 대박ㅋㅋ 김슬기 사랑행♥♥",
    "rating": "10",
    "date": "13.05.20"
  },
  {
    "review_id": "7540462",
    "movie_id": "104459",
    "author": "bakk****",
    "review": "존잼이다진짜 아대박이야ㅠㅠㅠㅠㅋㅋㅋㅋㅋㅋㅋ 코미디프로그램중에 젤재밋는듯 수위보솤ㅋㅋㅋㅋㅋㅋ",
    "rating": "10",
    "date": "13.05.19"
  },
  {
    "review_id": "7520131",
    "movie_id": "104459",
    "author": "snow****",
    "review": "푸하하하하하하하하하하하하하하하하",
    "rating": "10",
    "date": "13.05.11"
  },
  {
    "review_id": "7513344",
    "movie_id": "104459",
    "author": "war2****",
    "review": "아....진짜 관객 드럽게 시끄럽네.... 못볼정도로",
    "rating": "3",
    "date": "13.05.07"
  },
  {
    "review_id": "7511972",
    "movie_id": "104459",
    "author": "geni****",
    "review": "아분노의질주 개웃기네 웃다쓰너질뻔 했네",
    "rating": "10",
    "date": "13.05.06"
  },
  {
    "review_id": "7511087",
    "movie_id": "104459",
    "author": "abj2****",
    "review": "관객 정당히 시끄러워야지 고막나가겠다개오바허는거짜증",
    "rating": "5",
    "date": "13.05.06"
  },
  {
    "review_id": "7510742",
    "movie_id": "104459",
    "author": "blue****",
    "review": "신화 !! 넘뻔뻔하게 잘했당 숨넘어가는줄 ㅋㅋㅋㅋ다른편은 못볼듯 ㅎㅎㅎㅎ또나옴 좋겠다",
    "rating": "10",
    "date": "13.05.05"
  },
  {
    "review_id": "7508880",
    "movie_id": "104459",
    "author": "9109****",
    "review": "어제신화편보다기절할뻔너무웃겈ㅋㅋㅋㅋㅋㅋㅋㅋㅋㅋㅋㅋㅋㅋㅋㅋㅋㅋㅋㅋ",
    "rating": "10",
    "date": "13.05.05"
  },
  {
    "review_id": "7508752",
    "movie_id": "104459",
    "author": "want****",
    "review": "신동엽 역시 재치 있어요 ㅋ",
    "rating": "10",
    "date": "13.05.05"
  },
  {
    "review_id": "7508676",
    "movie_id": "104459",
    "author": "thgu****",
    "review": "방청객이 더 신경쓰이는 방송은 내생에 처음",
    "rating": "1",
    "date": "13.05.05"
  },
  {
    "review_id": "7508606",
    "movie_id": "104459",
    "author": "hell****",
    "review": "웃다가기절하는줄 ㅋㅋㅋㅋㅋㅋㅋㅋㅋㅋㅋㅋㅋㅋㅋㅋㅋㅋㅋㅋㅋㅋ백구금이여",
    "rating": "10",
    "date": "13.05.05"
  },
  {
    "review_id": "7508057",
    "movie_id": "104459",
    "author": "hisp****",
    "review": "신ㅋㅋㅋㅋ홬ㅋㅋㅋㅋㅋㅋㅋㅋㅋㅋㅋㅋ아신화너무한거아님????? 오늘의 레전드는 THE SOUTH FACE 빵사왔어 ㅋㅋㅋㅋㅋㅋㅋㅋ",
    "rating": "10",
    "date": "13.05.05"
  },
  {
    "review_id": "7508042",
    "movie_id": "104459",
    "author": "minu****",
    "review": "최고ㅋㅋㅋ 전편다너무웃겼음 아 안영미 나라구할기세...",
    "rating": "10",
    "date": "13.05.05"
  },
  {
    "review_id": "7507889",
    "movie_id": "104459",
    "author": "wlgp****",
    "review": "ㅋㅋㅋㅋㅋㅋㅋ악ㅋㅋㅋㅋㅋ신홬",
    "rating": "10",
    "date": "13.05.05"
  },
  {
    "review_id": "7507871",
    "movie_id": "104459",
    "author": "suay****",
    "review": "수위쩌네요 신화역시",
    "rating": "10",
    "date": "13.05.05"
  },
  {
    "review_id": "7507860",
    "movie_id": "104459",
    "author": "dory****",
    "review": "기대를저버리지않았음!!!!!! 십구금 떠있길래 뭐 얼마나 그러겠어 했는데....홀ㅋㅋㅋㅋㅋㅋ진짜백구금ㅋㅋㅋㅋㅋㅋ진짜재밌었네요!특히, 전혀어색해하지않고 방송 재미지게 해준 신화분들~ 앞으로도화이팅입니다!!",
    "rating": "10",
    "date": "13.05.05"
  },
  {
    "review_id": "7507853",
    "movie_id": "104459",
    "author": "joss****",
    "review": "기대이상  진짜최고예요ㅜㅜ",
    "rating": "10",
    "date": "13.05.05"
  },
  {
    "review_id": "7505046",
    "movie_id": "104459",
    "author": "mini****",
    "review": "계속보고잇음 으허허재미지다 ~",
    "rating": "10",
    "date": "13.05.04"
  },
  {
    "review_id": "7504410",
    "movie_id": "104459",
    "author": "yyj4****",
    "review": "이거지이거 이거밖에없어",
    "rating": "10",
    "date": "13.05.03"
  },
  {
    "review_id": "7495431",
    "movie_id": "104459",
    "author": "hamc****",
    "review": "Snl이 갑이지 말입니다 요즘 대세는 tvN이지 말입니다",
    "rating": "10",
    "date": "13.04.30"
  },
  {
    "review_id": "7486691",
    "movie_id": "104459",
    "author": "jung****",
    "review": "ㅡㅡ",
    "rating": "1",
    "date": "13.04.27"
  },
  {
    "review_id": "7355112",
    "movie_id": "104459",
    "author": "ah83****",
    "review": "snl팬입니다 그중에서도김민교님 너무좋아요ㅠㅠ 능청스러운연기 정말 매력적입니다 팬카페어디없나요..ㅠㅠ 언제나화이팅!!",
    "rating": "10",
    "date": "13.03.17"
  },
  {
    "review_id": "7340336",
    "movie_id": "104459",
    "author": "jack****",
    "review": "그냥 짱이야",
    "rating": "10",
    "date": "13.03.11"
  },
  {
    "review_id": "7338393",
    "movie_id": "104459",
    "author": "stud****",
    "review": "시즌4  ㅊㅊㅊㅊㅊ대박",
    "rating": "10",
    "date": "13.03.10"
  }
]