[
  {
    "review_id": "9308135",
    "movie_id": "104481",
    "author": "ilov****",
    "review": "시즌 2가 흡인력이 제일 강했습니다",
    "rating": "10",
    "date": "14.10.22"
  },
  {
    "review_id": "8810048",
    "movie_id": "104481",
    "author": "cat8****",
    "review": "마세코 시즌1부터 연속으로 2까지 봤습니다. 감동적인면도 있고 노력하는 사람들의 모습이 너무 멋있었습니다. 백성진씨랑 오보아씨가 가장 기억에 남는군요. 오보아씨처럼 저도 한쪽 청력이 안좋습니다. 저도 오보아씨처럼 장애를 극복하고 싶어요. 홧팅!!",
    "rating": "10",
    "date": "14.06.07"
  },
  {
    "review_id": "8728930",
    "movie_id": "104481",
    "author": "make****",
    "review": "세계적 셰프심사위원들의 초심조차 되돌아보게 만든 우승자 최강록씨의 순수한 마음가짐 열정과 노력이 있었기에 가능했던, 요리와 감동 그리고 인간미와 열정을 모두 느낄수 있는 있었던 요리프로의 수작이었다. 서바이벌임에도 종합평가누적 요소가 많았던게 아쉬웠다",
    "rating": "9",
    "date": "14.05.14"
  }
]