[
  {
    "review_id": "10272222",
    "movie_id": "104421",
    "author": "jaey****",
    "review": "카트리나 이 씹김치년이",
    "rating": "8",
    "date": "15.08.24"
  },
  {
    "review_id": "10269268",
    "movie_id": "104421",
    "author": "dodo****",
    "review": "톰하디의 연기가 꽤나 인상적이었던 작품. 한정된 공간에서 이런 몰입감 있는 연기를 하는게 쉬운게 아니다. 엔딩은 '이게 뭐야?' 라는 생각이 들었지만 아버지의 굴레를 벗어나기 위한 노력이 돋보였던 영화.",
    "rating": "7",
    "date": "15.08.23"
  },
  {
    "review_id": "10239550",
    "movie_id": "104421",
    "author": "mmq0****",
    "review": "85분 동안 도입부만 보여준다. 기승전결이 없다.  그냥 보다가 끝남",
    "rating": "7",
    "date": "15.08.16"
  },
  {
    "review_id": "10235375",
    "movie_id": "104421",
    "author": "clad****",
    "review": "성경에 보면 지나치게 의인도 되지 말고 지혜롭게 되지도 말라고 했다. 주인공의 지나친 착한남자 컴플렉스는 결국 모든걸 엉망으로 만들었다.직장에서 해고되고 부인에게 거부당하고,그 모든 터전을 잃을만큼 불륜으로 생긴 아이를 보러가는게 그리 중요했을까???",
    "rating": "10",
    "date": "15.08.15"
  },
  {
    "review_id": "10118472",
    "movie_id": "104421",
    "author": "rafi****",
    "review": "베리드 같은 영화. 한정된 공간에서 복장터지는 상황을 통화로만 보여준다. 문제를 만든 로크 보다 주변인들이 더 비정상적임. 최악을 예상했으나 영화는 끝내 로크를 끌어안아 주었다.",
    "rating": "6",
    "date": "15.07.19"
  },
  {
    "review_id": "10097969",
    "movie_id": "104421",
    "author": "tiny****",
    "review": "왠만하면 보지마세요.",
    "rating": "4",
    "date": "15.07.12"
  },
  {
    "review_id": "10074602",
    "movie_id": "104421",
    "author": "catm****",
    "review": "진짜 세상에 멍청한사람들이 많아졌다.영화는 이야기이다. 저예산이든 고예산이든 영화는 이야기이다. 그게 기본적인 전제인데 이제 안떄려부수면 고추가 가려울 지경인가. 차안에서의 독백이 재미없을순 있어도,영화가 아니라며 영화의 근본을 지좇대로 깎아먹는구나",
    "rating": "7",
    "date": "15.07.06"
  },
  {
    "review_id": "10045393",
    "movie_id": "104421",
    "author": "come****",
    "review": "믿고보는 토마디...",
    "rating": "8",
    "date": "15.06.28"
  },
  {
    "review_id": "10036625",
    "movie_id": "104421",
    "author": "tear****",
    "review": "그런 일 없던 척하고 행복하게 축구를 보기에는 너무 많이 와버린 한 남자의 삶의 무게. 모든 것이 엉망이 되어버린 그가 어렵게 받은 전화에서 울린 아이 울음소리는 곧 새 삶이요, 다시 살 희망인 것임을.",
    "rating": "8",
    "date": "15.06.26"
  },
  {
    "review_id": "10004629",
    "movie_id": "104421",
    "author": "saum****",
    "review": "정말 진심으로 재미없습니다.",
    "rating": "1",
    "date": "15.06.16"
  },
  {
    "review_id": "9992232",
    "movie_id": "104421",
    "author": "aust****",
    "review": "책임감 부족한 사람은 이거보고 교육받아라 ㅇㅇ 보다가 토나올뻔",
    "rating": "10",
    "date": "15.06.12"
  },
  {
    "review_id": "9986855",
    "movie_id": "104421",
    "author": "uujp****",
    "review": "난 좋았다. 1.5시간동안 아이반과 같이 맘졸였고, 분노했고, 안도했다.",
    "rating": "9",
    "date": "15.06.09"
  },
  {
    "review_id": "9957907",
    "movie_id": "104421",
    "author": "duty****",
    "review": "톰하디의 팬이라면 후회하진 않을 듯",
    "rating": "6",
    "date": "15.05.28"
  },
  {
    "review_id": "9953296",
    "movie_id": "104421",
    "author": "simo****",
    "review": "운전만 했을 뿐인데 모든 걸 잃은 톰하디의 내면연기가 아주 좋았습니다. 특히 아버지와의 독백부분. 한 번의 실수와 선택 그리고 차안이라는 공간이 잘 어울어진 좋은 영화라고 생각됩니다.",
    "rating": "10",
    "date": "15.05.27"
  },
  {
    "review_id": "9916453",
    "movie_id": "104421",
    "author": "ngup****",
    "review": "폭풍이 칠걸 알면서도 그 속으로 뛰어드는 확실한 선택",
    "rating": "8",
    "date": "15.05.14"
  },
  {
    "review_id": "9907233",
    "movie_id": "104421",
    "author": "addl****",
    "review": "PPL이 좀 거슬렸지만  톰하디의 메소드 연기로 90분이 아깝지 않았다.",
    "rating": "10",
    "date": "15.05.09"
  },
  {
    "review_id": "9900044",
    "movie_id": "104421",
    "author": "sohe****",
    "review": "이 영화는 미쳤다. 대사만으로 긴장감이나 스토리텔링을 전개하는 방식을 지루하지않고 몰입감넘치게 풀어낸다. 이거 까는 애들은 영알못(영화를 알지도 못하는 새X들)임에 틀림없다.",
    "rating": "9",
    "date": "15.05.06"
  },
  {
    "review_id": "9898675",
    "movie_id": "104421",
    "author": "tall****",
    "review": "볼만별이야기없지만그냥본다",
    "rating": "7",
    "date": "15.05.06"
  },
  {
    "review_id": "9852210",
    "movie_id": "104421",
    "author": "artj****",
    "review": "주인공의 선택에 설득력이 있었다. 누구도 하지 못할 선택에대한 용기를 영화를 통해 배우게 된다.",
    "rating": "10",
    "date": "15.04.19"
  },
  {
    "review_id": "9797893",
    "movie_id": "104421",
    "author": "zeni****",
    "review": "베리드에 버금가는 초 저예산 영화...스토리 긴장감은 베리드가 더 나음",
    "rating": "2",
    "date": "15.03.21"
  },
  {
    "review_id": "9795555",
    "movie_id": "104421",
    "author": "hype****",
    "review": "뭔가 철학적이다. 진지한거 싫어하는 분들껜 비추.",
    "rating": "7",
    "date": "15.03.20"
  },
  {
    "review_id": "9789036",
    "movie_id": "104421",
    "author": "tran****",
    "review": "너무 지루하다... 나만 이상한가?",
    "rating": "1",
    "date": "15.03.17"
  },
  {
    "review_id": "9787280",
    "movie_id": "104421",
    "author": "huir****",
    "review": "오직 전화 하나로 이끌어가는 극. 의외로 성공적이다.",
    "rating": "7",
    "date": "15.03.16"
  },
  {
    "review_id": "9707689",
    "movie_id": "104421",
    "author": "gshe****",
    "review": "밀실 내에서의  인간의 감정과 갈등 모두를 표현해냄으로서 인상깊게 보왔다 연기성과 작품성 부분은 훌륭했지만 팝콘먹으며 영화관에서 보기에는 그렇긴하다",
    "rating": "7",
    "date": "15.02.18"
  },
  {
    "review_id": "9704016",
    "movie_id": "104421",
    "author": "vkfk****",
    "review": "지금 보고 있는중인데.. 딴짓하게 만드는 영화네요.. 그나마 내사랑 톰하디 땜에 끝까지 보렵니다..",
    "rating": "7",
    "date": "15.02.17"
  },
  {
    "review_id": "9671469",
    "movie_id": "104421",
    "author": "dofj****",
    "review": "베리드와 거의 비슷한 느낌의 영화. 난 좀 별로 ;;",
    "rating": "5",
    "date": "15.02.06"
  },
  {
    "review_id": "9636809",
    "movie_id": "104421",
    "author": "cult****",
    "review": "전화로 일하고 스트레스 받고 이 OO 떠는걸 영화에서 까지 봐야 되냐?",
    "rating": "3",
    "date": "15.01.25"
  },
  {
    "review_id": "9580472",
    "movie_id": "104421",
    "author": "xneo****",
    "review": "차 안에서, 단지 전화만으로 한 남자에 대한 모든 것을 풀어나가는 영화",
    "rating": "8",
    "date": "15.01.10"
  },
  {
    "review_id": "9559279",
    "movie_id": "104421",
    "author": "rand****",
    "review": "그냥 톰 하디 연기 잘한다는 것만 보여주다 끝나네...",
    "rating": "4",
    "date": "15.01.04"
  },
  {
    "review_id": "9558168",
    "movie_id": "104421",
    "author": "life****",
    "review": "저예산 영화의 스토리텔링의 진수를 보여준 영화.  단 주인공과  비슷하거나 그 이상의 연령대가 보아야 공감대가  작용",
    "rating": "8",
    "date": "15.01.03"
  },
  {
    "review_id": "9551175",
    "movie_id": "104421",
    "author": "ssip****",
    "review": "여러분은 지금 톰하디의 BMW광고를 보고계십니다",
    "rating": "1",
    "date": "15.01.02"
  },
  {
    "review_id": "9544020",
    "movie_id": "104421",
    "author": "yell****",
    "review": "그냥 전화만으로 이렇게 한편의영화를 만들어낸다는건 신선했다",
    "rating": "7",
    "date": "15.01.01"
  },
  {
    "review_id": "9538753",
    "movie_id": "104421",
    "author": "rlxo****",
    "review": "그깟 공구리 얼마치지도 않는구만 단도리도 안해놓고 난리치는 꼴이라니ㅋ 현장직들 빡치는 영화",
    "rating": "6",
    "date": "14.12.30"
  },
  {
    "review_id": "9536956",
    "movie_id": "104421",
    "author": "100g****",
    "review": "설마 설마 하면서 끝까지 본 내가 미친x이지 차에서 한번도 안내리고ㅋㅋ 개답답  이때 까지 본 영화중 최악",
    "rating": "1",
    "date": "14.12.30"
  },
  {
    "review_id": "9528080",
    "movie_id": "104421",
    "author": "un_n****",
    "review": "주관적으로 보았을때는 이 작품은 뇌파교란을 일으킴..한 아비에 대한 단 한번의 실수와 행동이 상황을..어지럽게 만든다.저는 개인적으로 감정이입을 많이해서 그런지 머리가 아팠네요.",
    "rating": "1",
    "date": "14.12.28"
  },
  {
    "review_id": "9527929",
    "movie_id": "104421",
    "author": "sssl****",
    "review": "저예산치고 나쁘진 않지만.. 이젠 이런스타일의 영화는 유행이 지났는데 독백섞인.. 시간남는분만 보세요",
    "rating": "5",
    "date": "14.12.28"
  },
  {
    "review_id": "9523763",
    "movie_id": "104421",
    "author": "bora****",
    "review": "내가 수준이 낮은건가. 내가 왜 주인공이 1년전에 저지른 실수때문에 자기 인생 말아먹는 1시간 반을  전화통 붙잡고 있는것만 봐야하는거지..  톰하디가 연기를 잘했기에 별점 2점준다.",
    "rating": "2",
    "date": "14.12.27"
  },
  {
    "review_id": "9521865",
    "movie_id": "104421",
    "author": "azus****",
    "review": "제작비 한 천만원 들었을듯....제작비에 비해 영화가 좋았다.",
    "rating": "7",
    "date": "14.12.26"
  },
  {
    "review_id": "9521213",
    "movie_id": "104421",
    "author": "sput****",
    "review": "와우! 지루할세 없이 본거 같네요. 어제본 gone girl보다 낫네요. 탄탄히 만들어놓은 가정은 어째 그런 실수에 무너질까.. 아들 말처럼 다시.. 거푸집을 대어 튼튼하게 만들수 있을까... 생각이 깊어지는군요..",
    "rating": "9",
    "date": "14.12.26"
  },
  {
    "review_id": "9413805",
    "movie_id": "104421",
    "author": "qer0****",
    "review": "스토리도 좋고 다음 내용도 궁금한 영화이지만 보는내내 좀 지루했지만 볼만함",
    "rating": "6",
    "date": "14.11.23"
  },
  {
    "review_id": "9348614",
    "movie_id": "104421",
    "author": "shor****",
    "review": "톰하디 좋아해서 봤지만 이건뭐 지이이이인짜 겁나 재미없다!!!! 내용도 거지같고 결국은 아내 집 직장 다잃는걸로 끝이라니ㅋ 내 아까운 1시간반....아 진짜 괜히봤어.... 도데체 어쩌라는건지 모르겠음",
    "rating": "1",
    "date": "14.11.07"
  },
  {
    "review_id": "9330703",
    "movie_id": "104421",
    "author": "sssa****",
    "review": "Man from Earth  보다 적은 제작비 들었을 듯.  개인사를 돌아보면 가정도, 직장도 팽개칠 만큼 가치를 부여할 만한 소중한 것이  있을 것이다. 그런게 있을 수 있다 생각할 수 있는 이에게는 의미가 있겠지만 납득불가라면 ...영화보지마시길.",
    "rating": "8",
    "date": "14.10.31"
  },
  {
    "review_id": "9249929",
    "movie_id": "104421",
    "author": "jack****",
    "review": "아무튼 이거 점수 낮게 본 부류의 사람하고는 절대로 영화를 같이 보고싶지 않다. 감명깊게 봤다. 잘 만들어진 작품이다.",
    "rating": "9",
    "date": "14.09.30"
  },
  {
    "review_id": "9234392",
    "movie_id": "104421",
    "author": "jaem****",
    "review": "안지루하게 본게 신기신기",
    "rating": "8",
    "date": "14.09.22"
  },
  {
    "review_id": "9162595",
    "movie_id": "104421",
    "author": "shad****",
    "review": "가감없이 9점은 받을만한 작품. 정말 복잡 다단하게 뒤틀린 스트레스가 잘 나타나 있음. 영화적으로 처리하는 방법도 뭐라 말로 어렵지만 왠지 납득해버린달까. 무슨 폰부스 이런 영화도 아니고 어려운 영화도 아니고.",
    "rating": "9",
    "date": "14.09.04"
  },
  {
    "review_id": "9148372",
    "movie_id": "104421",
    "author": "lion****",
    "review": "영국 시내 드라이브 잘했네^^ 여운 가득",
    "rating": "8",
    "date": "14.08.31"
  },
  {
    "review_id": "9146577",
    "movie_id": "104421",
    "author": "rhwj****",
    "review": "톰하디가 좋아 무작정 본영화 ! 연기 하난 끈내줌!!! 잼있게봄 나름",
    "rating": "9",
    "date": "14.08.30"
  },
  {
    "review_id": "9114796",
    "movie_id": "104421",
    "author": "iado****",
    "review": "내가 영화보는 수준이 낮아서 그런건지 모르겠지만...제작비 참 싸게 든 영화 같다..거저 먹을려는 감독...ㅡㅡ;..같은 느낌? 깊은 생각을 하게 하지만...아무튼 좋게는 말 못하겠다 배우들의 목소리 연기만 좋았다는것.",
    "rating": "5",
    "date": "14.08.20"
  },
  {
    "review_id": "9109784",
    "movie_id": "104421",
    "author": "rune****",
    "review": "톰하디얼굴마담 아니였음 그시간을  못버틸영화 베리드는원맨쇼라도 서스펜스라도 있었지..차타기두시간전 탄탄한직장가정 다버리고 원나잇으로 한방에임신해서 애낳는 여자에게 가는 차량속 얽혀진 끝없는통화세례 생전무책임했던 아비에대한 시위인가?뇌파교란의 음모일까?",
    "rating": "2",
    "date": "14.08.19"
  },
  {
    "review_id": "9085714",
    "movie_id": "104421",
    "author": "s2pi****",
    "review": "다만 극장에서 봤다면 좀 억울했을 수도 있겠다. 어두 컴컴한 화면에 인물도 한명만 나오고.. 하지만  나는 몰입해서 봤고,  인상적이었음.",
    "rating": "8",
    "date": "14.08.14"
  },
  {
    "review_id": "9073345",
    "movie_id": "104421",
    "author": "zegn****",
    "review": "무거운 분위기나 담백한 영화를 좋아하는 저로서는 땡큐였습니다 마지막 아기 울음소리가 정말 반갑네요",
    "rating": "7",
    "date": "14.08.12"
  },
  {
    "review_id": "9063439",
    "movie_id": "104421",
    "author": "yjg0****",
    "review": "이렇게 한 명의 인물에 초점을 맞추는 영화는 감정이입이 잘 되서 좋네요. 결말이 좀 허무하지만 러닝타임이  긴 편은 아니라  볼만한 영화.",
    "rating": "9",
    "date": "14.08.10"
  },
  {
    "review_id": "9043435",
    "movie_id": "104421",
    "author": "k248****",
    "review": "솔직히 내가 B당이고 톰하디 팬이어서 봤다. 무슨 메세지를 전달하고 싶은건지 의도는 잘알겠다. 다만 너무 지루하고 내가왜 이걸보고 있어야하는지 의문이고 결정적으로 너무 노골적으로 나오는 홍보떔에 나중엔 깔짝깔짝 되는 아이드라이브가 너무 꼴베기 싫더라.",
    "rating": "5",
    "date": "14.08.07"
  },
  {
    "review_id": "9043294",
    "movie_id": "104421",
    "author": "kaka****",
    "review": "난 영화광도 뭣도 아니고 지루한거 절대 못참는 편인데 이영화는 시간 가는 줄 모르고 봤다.",
    "rating": "9",
    "date": "14.08.07"
  },
  {
    "review_id": "9017405",
    "movie_id": "104421",
    "author": "dngn****",
    "review": "물론 지루하다고 볼 수도 있다. 하지만 나는 톰하디의 연기력을 믿고 봤는데  역시 이 영화에서도 그의 실력이 고스란히 드러난다. 배우 한 명, 전화, 그리고 목소리들만으로도 이런 멋진 내면연기를 담아낸 좋은 영화라 생각한다.",
    "rating": "10",
    "date": "14.08.03"
  },
  {
    "review_id": "9009933",
    "movie_id": "104421",
    "author": "brig****",
    "review": "반전이 쩌네요 ㅋㅋㅋ 전혀 예상못함...",
    "rating": "10",
    "date": "14.08.02"
  },
  {
    "review_id": "8993605",
    "movie_id": "104421",
    "author": "tkar****",
    "review": "이거 내가 매일매일 하루가 멀다고 하는 업무인데 남이 하는걸 스크린으로 보게 될줄이야...",
    "rating": "1",
    "date": "14.07.31"
  },
  {
    "review_id": "8988379",
    "movie_id": "104421",
    "author": "iros****",
    "review": "애하나때문에 그모든걸 포기라 이해안된다 다 망가지는데 결말은 어캐되는건데..이렇게 끝내면 어쩌라고 상상하라고?",
    "rating": "2",
    "date": "14.07.31"
  },
  {
    "review_id": "8977400",
    "movie_id": "104421",
    "author": "indy****",
    "review": "훤희 들여다 보이는 대화인데~ 와 닫는다! 당신은 무엇에 하나에 끝까지 책임감 있게 살고 있는 적이 있는가?~ 가정과 사회 그리고 다른 무엇 괜찮은 영화여서 추천한다. 공감은 각자가 하는거다! ( 극장에서 연인끼리는 즐기기는...딴거보삼~ㅋㅋㅋ  )",
    "rating": "10",
    "date": "14.07.29"
  },
  {
    "review_id": "8972772",
    "movie_id": "104421",
    "author": "skul****",
    "review": "나름 고퀄영상으로 연출이나 표현도 좋았지만.. 로크의 멍청한 문제 해결 능력에 한심하다는생각을 멈출수가없었음..",
    "rating": "6",
    "date": "14.07.28"
  },
  {
    "review_id": "8954899",
    "movie_id": "104421",
    "author": "shii****",
    "review": "이영화가 현실적이라고? 톰하디가 안정된 직장과 단란한가정에 찬물을 끼얹으며 외도한 여성의 출산을 보겠다며 차를 모는순간부터가 비현실적",
    "rating": "2",
    "date": "14.07.25"
  },
  {
    "review_id": "8940668",
    "movie_id": "104421",
    "author": "sogo****",
    "review": "고고하게 서있는 건물바닥 콘크리트위 위태로운 균열을따라 질주하는 로크의 안정적 드라이빙. 차에들어서는 순간부터 완벽히 관객을 사로잡은 톰하디는 절제된 표정으로 무수한감정을 전달한다",
    "rating": "10",
    "date": "14.07.22"
  },
  {
    "review_id": "8939290",
    "movie_id": "104421",
    "author": "cjw2****",
    "review": "이 시간에 딴 영활 봤으면...어휴 이 샹 욕나와...첨부터 끝까지 상영시간 내내 차 안에서 혼자 전화만 받는다...또 어떤 얼라는 지 혼자만 재밌었다고 심오한 영화라 그러겠지?..보지마라 절대로...도시락 싸가지고 다니며 말리련다.",
    "rating": "1",
    "date": "14.07.22"
  },
  {
    "review_id": "8938316",
    "movie_id": "104421",
    "author": "ajgi****",
    "review": "아 지루하다 주인공이 엄청 심각한 상황인 건 알겠는데.. 중간에 나옴",
    "rating": "3",
    "date": "14.07.21"
  },
  {
    "review_id": "8935108",
    "movie_id": "104421",
    "author": "dlwo****",
    "review": "발상은 좋은데 풀어가는 과정이 좀 별로임.",
    "rating": "6",
    "date": "14.07.20"
  },
  {
    "review_id": "8934622",
    "movie_id": "104421",
    "author": "wood****",
    "review": "나름 재미있게 보았다 한정된공간에서 많을 걸보여주고 느끼게 해줬다. 음 뭐랄까 상황이 계속 터무니 없이 나뻐지는게 조금..(무턱데고 심했다)이해가 않됐지만 그런 설정이 있기에 덜 지루했다. 물론 이영화는 호불호가 많이 갈릴듯하다 하지만 좋은 작품이다.",
    "rating": "9",
    "date": "14.07.20"
  },
  {
    "review_id": "8929721",
    "movie_id": "104421",
    "author": "rgba****",
    "review": "이영화를 좋아한다면 당신은 나이가 든 것이요, 이영화가 지루하다면 당신은 아직 젊은이 입니다. ^^    나이 들었다고 슬퍼마세요.  우리가 행복해지는  몇가지를 더 알았잖아요.   젊다고 기뻐마세요, 그대를 맞이할 아픔이 아직 많네요. TT",
    "rating": "10",
    "date": "14.07.19"
  },
  {
    "review_id": "8923806",
    "movie_id": "104421",
    "author": "uhmh****",
    "review": "나쁘지 않았습니다. 주인공의 연기력도 좋고.",
    "rating": "6",
    "date": "14.07.17"
  },
  {
    "review_id": "8921117",
    "movie_id": "104421",
    "author": "c_sy****",
    "review": "나는 내가 이룬 모든것을 다 잃을지라도, 아버지 당신과 같은 삶은 살지 않을 것이다. 나는 나의 실수로부터, 도망치지 않을 것이다. 나는 내게 지어진  책임으로부터 도피하지 않을것이다.",
    "rating": "9",
    "date": "14.07.16"
  },
  {
    "review_id": "8917928",
    "movie_id": "104421",
    "author": "cs06****",
    "review": "언제 한방 터지나 기다리다 그냥 끝나고만 영화. 내가 저 상황이었다면 인생을 포기했겠다는 생각이 들기도 했다...",
    "rating": "7",
    "date": "14.07.15"
  },
  {
    "review_id": "8917289",
    "movie_id": "104421",
    "author": "hann****",
    "review": "보는동안 걍 아내가 구워준 소시지에 맥주마시며 경기가 보고싶을뿐",
    "rating": "7",
    "date": "14.07.15"
  },
  {
    "review_id": "8915841",
    "movie_id": "104421",
    "author": "jin4****",
    "review": "네이버  시키야  이게  무슨  스릴러, 서스펜스야...!!",
    "rating": "1",
    "date": "14.07.14"
  },
  {
    "review_id": "8915011",
    "movie_id": "104421",
    "author": "yjru****",
    "review": "뫼비우스의 띠를 끊으려는 한 가장의 고뇌를 한정된 공간에서 잘 풀어 낸 수작",
    "rating": "8",
    "date": "14.07.14"
  },
  {
    "review_id": "8908170",
    "movie_id": "104421",
    "author": "nine****",
    "review": "별다른 이야기도 아닌 것을 영화 한 편으로 만들어 내는 연출력과 톰 하디의 연기는 인상적",
    "rating": "7",
    "date": "14.07.12"
  },
  {
    "review_id": "8906155",
    "movie_id": "104421",
    "author": "whee****",
    "review": "표현하고자하는 주제는 잘 알겠으나 일단 영화가 지루하고 재미가 없다. 러닝타임이 짧은데도 지루함을 느꼈다면 말 다한게 아닌가. 쫄깃한 긴장감, 스릴감을 원하는 사람이라면 기대를 접어야 한다. 잔잔하고 우울한 분위기의 한 남자에 대한 드라마임.",
    "rating": "6",
    "date": "14.07.11"
  },
  {
    "review_id": "8899812",
    "movie_id": "104421",
    "author": "snow****",
    "review": "끝과 시작의 종착역을 향해 달려가는 로크가 잃고 얻은 것. 강박적으로 책임에 얽매여 있고 아버지와 다른 삶을 살고자하지만 결국에는 같아지고 마는 것을. 127시간,부스보단 굳이 비교하자면 콜래트럴의 분위기와 흡사. 액션 스릴러 좋아하시는 분은 비추",
    "rating": "7",
    "date": "14.07.10"
  },
  {
    "review_id": "8897664",
    "movie_id": "104421",
    "author": "guev****",
    "review": "야간주행중인 차안에서 이뤄지는 다량의 전화통화가 전부인데도흡입력은 대단하군",
    "rating": "6",
    "date": "14.07.09"
  },
  {
    "review_id": "8897453",
    "movie_id": "104421",
    "author": "un86****",
    "review": "스릴러.서스펜스.. 이 두가지는 뭔! 생각으로 지어 낼걸까요?인간으로써.. 책임감 있게 삶은 살아야 되는거지만... 이건 아님!!!",
    "rating": "1",
    "date": "14.07.09"
  },
  {
    "review_id": "8896504",
    "movie_id": "104421",
    "author": "cwmc****",
    "review": "인간의 내면을 고속도로로 펼쳐놓은 영화, 자살로서 결말 맺을줄 알았는데 운명은 거스를수 없다?! 마지막에 또다른 불행의 시작으로 결말 짓는 무한궤적의 구도. 선택은 다양하지만 들어서는 곳은 하나라고~ 그저그런 우울한 영화.",
    "rating": "6",
    "date": "14.07.08"
  },
  {
    "review_id": "8894911",
    "movie_id": "104421",
    "author": "oveg****",
    "review": "이런것도 영화라고. 참. 쓰레기 영화임.",
    "rating": "1",
    "date": "14.07.08"
  },
  {
    "review_id": "8893847",
    "movie_id": "104421",
    "author": "geon****",
    "review": "다행이다. 내가 좋아하는 영화라서.. 왜일까? 스토리가 전혀 긴장감이 없는 영화인데, 영화시간 내내 긴장하면서 봤다. 영화[콜래트럴] 처럼 차안에서 BGM과 야경이 잘 어울렸고, [폰부스]나 [그래비티]처럼 몰입감이 있는 영화였다!!",
    "rating": "10",
    "date": "14.07.07"
  },
  {
    "review_id": "8893010",
    "movie_id": "104421",
    "author": "wooj****",
    "review": "남이 차안에서 전화통화 하는걸 90분 가까이 구경하고 있으라고? 폰부스는 명작이라 생각하지만 이 영화는 진짜 장난하나",
    "rating": "1",
    "date": "14.07.07"
  },
  {
    "review_id": "8891083",
    "movie_id": "104421",
    "author": "vans****",
    "review": "BMW광고영화. 끝. 톰 하디 돈 참 쉽게 버네. 영화에서 뭘 얼마나 느꼈든 그건 어디까지나 개인적인 취향차이.",
    "rating": "1",
    "date": "14.07.06"
  },
  {
    "review_id": "8891055",
    "movie_id": "104421",
    "author": "keyn****",
    "review": "저예산 영화든 제한된 공간이든 상관 없이 영화자체가 지루하고 재미없다.재미있게 본 사람들은 뭐라할 생각은없지만 평을 보고 영화를 볼 사람들 생각도 해줘야지...너무 무책임하네...",
    "rating": "3",
    "date": "14.07.06"
  },
  {
    "review_id": "8889414",
    "movie_id": "104421",
    "author": "qdfj****",
    "review": "그냥 차안에서 전화질만하다 끝나는 초저예산영화. 이젠 이딴걸 영화랍시구 봐야하다니. 감독이 넘뻔뻔하네",
    "rating": "1",
    "date": "14.07.06"
  },
  {
    "review_id": "8888687",
    "movie_id": "104421",
    "author": "cs79****",
    "review": "마치내가 BMW를 몰며 역경을 딛고 애도 잘낳아서 출생부터의 불행도 날려버리고 낼아침이면 콘크리트도 잘부어져서 다시 복직도되고 가족하고도 잘될꺼같은 느낌...보는내내 지루하지않고 집중하면서 봤네 127긴보다 깔끔하고 좋은영화인듯 ;)",
    "rating": "10",
    "date": "14.07.06"
  },
  {
    "review_id": "8888339",
    "movie_id": "104421",
    "author": "danz****",
    "review": "1년전 잘못된 하룻밤 때문에 잘나가던 직장과 신뢰받던 가정을 잃는 남자... 그런데 왜 이노마가 차안에서 2시간 내내 전화하는거를 내가 봐야하는건데? 그래도 볼만했음",
    "rating": "7",
    "date": "14.07.06"
  },
  {
    "review_id": "8885856",
    "movie_id": "104421",
    "author": "luvy****",
    "review": "긴장감 대박.... 하지만 조금 지루한면이 있어 별 반개빼요~",
    "rating": "9",
    "date": "14.07.05"
  },
  {
    "review_id": "8885433",
    "movie_id": "104421",
    "author": "zot1****",
    "review": "결론은 아내몰래 바람핀년이 임신했는데 출산일이야 그런데 중요한 공사까지 겹친게지..현장 총책임 감독관이라는 작자가.,.그런데 일보다 나올 아이가 중요하다면서 때리치고 바람핀년한테 차타고 가..끝~모같은 것들이 연기며 감성이며 두둔하는데 그냥 지루해~",
    "rating": "1",
    "date": "14.07.05"
  },
  {
    "review_id": "8885423",
    "movie_id": "104421",
    "author": "shai****",
    "review": "후반부로 갈수록 볼만하네요 초중반은 약간지루한감이..ㅋㅋ그래도 연기잘함",
    "rating": "7",
    "date": "14.07.05"
  },
  {
    "review_id": "8884853",
    "movie_id": "104421",
    "author": "bbq2****",
    "review": "포스터의 장면이 영화의 전부이지만, 콘크리트처럼 탄탄한 이야기로 몰입감을 지탱한다. 교훈은 결국 솔직하게 처신하라는 것인가",
    "rating": "7",
    "date": "14.07.05"
  },
  {
    "review_id": "8884053",
    "movie_id": "104421",
    "author": "codn****",
    "review": "톰하디 짱이다 차안에서 전화 통화하는 것 만으로 집중하게 만들다니",
    "rating": "8",
    "date": "14.07.04"
  },
  {
    "review_id": "8883625",
    "movie_id": "104421",
    "author": "ufoi****",
    "review": "강력한 액션,스릴,반전 원하면 비추,,,그러나 잔잔한 몰입감이나 휴머니티를 원한다면  평범 추천,,그냥 드라마...",
    "rating": "7",
    "date": "14.07.04"
  },
  {
    "review_id": "8882799",
    "movie_id": "104421",
    "author": "kids****",
    "review": "보는내내 지루하다,,차라리 폰부스를 한번 더 봐라,,이런류의영화가 국내에 수입되는이유는 단 하나,,bmw 홍보,,bmw를 타면 다른여자와 맘껏 놀 수있다,뭐 그런거다,,",
    "rating": "1",
    "date": "14.07.04"
  },
  {
    "review_id": "8882256",
    "movie_id": "104421",
    "author": "kuke****",
    "review": "톰하디의 팬이라면, 꼭 봐야 할  영화라고 여겨집니다.. 이제까지 보여준것 보다, 앞으로가 훨씬 기대되는 배우.. 영화자체도 배우의 내면과 상황을 따라가며 보면, 잔잔한 맛이 있는 영화구요..",
    "rating": "8",
    "date": "14.07.04"
  },
  {
    "review_id": "8882172",
    "movie_id": "104421",
    "author": "xini****",
    "review": "BMW 의 블루투스 통화기능 PPL과 톰하디 코감기의 만남",
    "rating": "5",
    "date": "14.07.04"
  },
  {
    "review_id": "8881954",
    "movie_id": "104421",
    "author": "chfh****",
    "review": "괜찮은데 왜들 그래ㅋㅋ",
    "rating": "7",
    "date": "14.07.04"
  },
  {
    "review_id": "8881327",
    "movie_id": "104421",
    "author": "iren****",
    "review": "이렇게 지루한 영화는 참 간만에 본다 진짜. 더럽게 재미없네.. 베댓부터 시작해서 영화보는 안목 높은척들 하느라 난리들 나셨어 아주.",
    "rating": "1",
    "date": "14.07.04"
  },
  {
    "review_id": "8881199",
    "movie_id": "104421",
    "author": "bask****",
    "review": "영화 볼 줄 아는척 까부는 인간들이 참 많구만...",
    "rating": "1",
    "date": "14.07.04"
  },
  {
    "review_id": "8879730",
    "movie_id": "104421",
    "author": "01aj****",
    "review": "톰하디의 원맨쇼...몰입해서 볼만은 한데... 너무 밋밋한...",
    "rating": "5",
    "date": "14.07.03"
  }
]