[
  {
    "review_id": "10272595",
    "movie_id": "104478",
    "author": "sunb****",
    "review": "안젤리나 졸리 감독으로도 성공적인 데뷔. 생생한 실화를 영화로 그려내 감동이 더하다. 인간 의지의 승리, 희망에 관한 이야기. 단 조금만 더 박진감 있는 진행이었으면 금상첨화였을 듯.",
    "rating": "8",
    "date": "15.08.24"
  },
  {
    "review_id": "10256349",
    "movie_id": "104478",
    "author": "josh****",
    "review": "김수 OOO 쪽바리야 OOOO 그냥",
    "rating": "10",
    "date": "15.08.20"
  },
  {
    "review_id": "10235906",
    "movie_id": "104478",
    "author": "bayd****",
    "review": "전쟁 포로들의 혹독한 하루하루를 잘 보여주는 영화.",
    "rating": "8",
    "date": "15.08.15"
  },
  {
    "review_id": "10231837",
    "movie_id": "104478",
    "author": "kara****",
    "review": "지금까지의 영화들이 그랬듯. 이 영화역시 일본에 대한 미화는 여전하다.",
    "rating": "4",
    "date": "15.08.15"
  },
  {
    "review_id": "10230755",
    "movie_id": "104478",
    "author": "swis****",
    "review": "제 인생에 있어서 교훈을 주는 영화였던것같습니다 '고통은 한순간이지만 영광은 영원하다'",
    "rating": "10",
    "date": "15.08.14"
  },
  {
    "review_id": "10226915",
    "movie_id": "104478",
    "author": "trus****",
    "review": "이영화는 10점만점에 10점인 영화였습니다..제 인생에 있어서 가장 소중한 영화로 남을 것 같아요.",
    "rating": "10",
    "date": "15.08.14"
  },
  {
    "review_id": "10218657",
    "movie_id": "104478",
    "author": "ghdd****",
    "review": "가슴졸이며 본 영화. 승리는 복수가 아니라 끝까지 죽지않고 버티는 것.",
    "rating": "10",
    "date": "15.08.12"
  },
  {
    "review_id": "10215518",
    "movie_id": "104478",
    "author": "yest****",
    "review": "영화는 그저 그랬지만, 적에게 꿇지 않는 의지와 나라에 대한 충성심을 잠페리니 씨 한테 배우고 갑니다.",
    "rating": "10",
    "date": "15.08.11"
  },
  {
    "review_id": "10212784",
    "movie_id": "104478",
    "author": "noom****",
    "review": "영상만 예쁜 느낌 연기력 스토리 별로",
    "rating": "6",
    "date": "15.08.10"
  },
  {
    "review_id": "10175873",
    "movie_id": "104478",
    "author": "mool****",
    "review": "안젤리나 졸리의 도전..",
    "rating": "1",
    "date": "15.08.02"
  },
  {
    "review_id": "10165313",
    "movie_id": "104478",
    "author": "kimt****",
    "review": "10점줘도 아깝지 않을 만큼 아름다운 영화네요~전쟁포로의 참혹함과 생존의지를 잘 나타내 주었네요~더불어 일본의 반성이 필요하다 느낍니다",
    "rating": "10",
    "date": "15.07.31"
  },
  {
    "review_id": "10164763",
    "movie_id": "104478",
    "author": "blue****",
    "review": "정신병자 친일평론가들이 뭐라 떠들던 안젤리나 졸리에게 영화감독으로서의 재능이 충만한 것은 분명하다.",
    "rating": "10",
    "date": "15.07.31"
  },
  {
    "review_id": "10142433",
    "movie_id": "104478",
    "author": "tlaw****",
    "review": "나는 왜 이런 좋은영화를 몰랐을가 ㅠㅠ 어쨋든 이건 무조건 평점 10점",
    "rating": "10",
    "date": "15.07.25"
  },
  {
    "review_id": "10137703",
    "movie_id": "104478",
    "author": "gena****",
    "review": "If you can take it, you can make it. 국가나 정치를 떠나, 한 사람의 삶의 자세를 배울 수 있는 실화. 힘들 때 감내하면 밝은 미래가 있을 꺼라고 믿게 되는 힘이 되는 영화.",
    "rating": "10",
    "date": "15.07.24"
  },
  {
    "review_id": "10134942",
    "movie_id": "104478",
    "author": "hul8****",
    "review": "살짝 엉성한 부분이 보이긴 하나 전체적인 틀로 봤을 때 크게 문제가 되진 않았다. 루이가 목재 들어올릴 때 나도 소리지를 뻔. 괜찮은 영화다.",
    "rating": "8",
    "date": "15.07.23"
  },
  {
    "review_id": "10110757",
    "movie_id": "104478",
    "author": "chgm****",
    "review": "완전최고인듯ㅎㅎ 또봐야징",
    "rating": "10",
    "date": "15.07.16"
  },
  {
    "review_id": "10103137",
    "movie_id": "104478",
    "author": "mani****",
    "review": "전체적으로 지루했고  밋밋했다 주인공 연기도 좀 부족해 보이고 전달하는 메세지도 약했다",
    "rating": "6",
    "date": "15.07.14"
  },
  {
    "review_id": "10091122",
    "movie_id": "104478",
    "author": "soqu****",
    "review": "아직은 다듬어야 하는 졸리의 연출력",
    "rating": "6",
    "date": "15.07.11"
  },
  {
    "review_id": "10080647",
    "movie_id": "104478",
    "author": "up89****",
    "review": "구해줄 정부도 없던 우리 선조들은 얼마나 더 힘들었을까하는 생각이 든다...",
    "rating": "10",
    "date": "15.07.08"
  },
  {
    "review_id": "10078919",
    "movie_id": "104478",
    "author": "qqy8****",
    "review": "원작 책으로 보신분들은 알겁니다. 이 영화 일본 악행을 순화 시키고 일볹에 반발이 너무 거세 졸리 누님도 어느정도잔인한 장면들을 뺀거 같은데요 극악무도하고 잔인했습니다.",
    "rating": "10",
    "date": "15.07.07"
  },
  {
    "review_id": "10072235",
    "movie_id": "104478",
    "author": "offi****",
    "review": "좋아요. 희망이 생깁니다",
    "rating": "9",
    "date": "15.07.05"
  },
  {
    "review_id": "10070112",
    "movie_id": "104478",
    "author": "oddx****",
    "review": "다시 한번 더 보고 싶어요.",
    "rating": "9",
    "date": "15.07.04"
  },
  {
    "review_id": "10063661",
    "movie_id": "104478",
    "author": "kaja****",
    "review": "평론가 자격미달~ 당연히 제국주의,,국수주의가 악~이지 선~이냐 한심한 종자들아~ //// 여러~전쟁 포로 영화중 중간은 간다.. 이영화에 단점은 수백에 포로중 포로 하나에 감정선에만 치우치다보니 너무 히어로?! 적인 느낌이 강조된느낌..",
    "rating": "7",
    "date": "15.07.03"
  },
  {
    "review_id": "10057100",
    "movie_id": "104478",
    "author": "ysjh****",
    "review": "기적같은 삶에 비해서 풀어가는 방식은 평범하지도 못했다.",
    "rating": "6",
    "date": "15.07.01"
  },
  {
    "review_id": "10056706",
    "movie_id": "104478",
    "author": "rntj****",
    "review": "실화치고 여운, 감동이 없다 뭔가.. 중간 중간 지루하고 와타나베 연기자는 잘못캐스팅한듯.. 연기력부족하고 안어울린다. 진짜 집중안되서 혼낫다.  이것보다 웨이백이 더 감동적일듯.",
    "rating": "3",
    "date": "15.06.30"
  },
  {
    "review_id": "10056349",
    "movie_id": "104478",
    "author": "sing****",
    "review": "영화를 보지는 않았지만 댓글 호감이 왜저렇지? 나치는 악이지만 독일 자체는 악이 아니잖아? 야동보는 남자는 다 범죄자라는 말과 뭐가 다르지 ?",
    "rating": "5",
    "date": "15.06.30"
  },
  {
    "review_id": "10050179",
    "movie_id": "104478",
    "author": "kore****",
    "review": "와따나베 역할한 배우 연기가 정말 별로다.감독 역량이 아직은 부족하다.좋은 시나리온데 몰입이 되지 않는다.'퓨리' 랑 비교해 봐라.이 영화가 8점대라는 게 말이 되니? 수용소부터는 영 별로!",
    "rating": "1",
    "date": "15.06.29"
  },
  {
    "review_id": "10042664",
    "movie_id": "104478",
    "author": "pjh9****",
    "review": "배우생활 황혼이 넘은 안젤리나 졸리, 연출은 별로였다.",
    "rating": "5",
    "date": "15.06.27"
  },
  {
    "review_id": "10041852",
    "movie_id": "104478",
    "author": "from****",
    "review": "바다에서 상어 달려들때 아주 기겁을 했내요 휴~심장이쫄깃쫄깃 해지는 기분 !잘만든 영화입니다 오랜만에 몰입해서 봤네요",
    "rating": "9",
    "date": "15.06.27"
  },
  {
    "review_id": "10036575",
    "movie_id": "104478",
    "author": "byul****",
    "review": "실화라는게 놀라운 시련과 용서의 삶",
    "rating": "7",
    "date": "15.06.25"
  },
  {
    "review_id": "10029695",
    "movie_id": "104478",
    "author": "hell****",
    "review": "일본이 졌기 때문에 두각을 나타내는 것 뿐이지, 사실 중국은 더 악합니다. 티베트를 완전히 점령했고 학살한 사람 수도 상상을 초월해요.",
    "rating": "7",
    "date": "15.06.24"
  },
  {
    "review_id": "10028956",
    "movie_id": "104478",
    "author": "vkfn****",
    "review": "필 어떻게 됫을까? 헤어지고 나서 한번도 안나옴..;;ㅋㅋ",
    "rating": "10",
    "date": "15.06.24"
  },
  {
    "review_id": "10024651",
    "movie_id": "104478",
    "author": "hanc****",
    "review": "큰 반전없는 지루함...  그러나 영화가 끝나고 난후에 왠지모를 감동이...실화라서 그런가.... 차라리 일찍죽었으면 편했을지모르나....끝까지 인내하는 삶.. 그 자체로 감동이다.. 영화의 지루함이 주제를 말해주는것 같은 느낌..",
    "rating": "8",
    "date": "15.06.23"
  },
  {
    "review_id": "10019811",
    "movie_id": "104478",
    "author": "lada****",
    "review": "이 영화는 개인의 인간 승리에 대한 영화. 그나저나 저 시네 21의 영화평론가는 역사공부 좀 하는게 좋을듯..",
    "rating": "9",
    "date": "15.06.21"
  },
  {
    "review_id": "10019090",
    "movie_id": "104478",
    "author": "dntj****",
    "review": "별10개줘도 모자라다. 일본은 언젠가 천벌을 받을것이다.",
    "rating": "10",
    "date": "15.06.21"
  },
  {
    "review_id": "10016667",
    "movie_id": "104478",
    "author": "sona****",
    "review": "부서지는 고통을 수치화한다면, 이 영화에서 비춰지는 육체적 고통에 접근하기란 어려울 것이다. 다만, 고무적인건 지금 21세기에는 멘탈적 측면이 아닌 육체적 측면에서 이와같은 고통을 내재하지 않아도 되기에 안심을 느끼는바",
    "rating": "9",
    "date": "15.06.20"
  },
  {
    "review_id": "10001801",
    "movie_id": "104478",
    "author": "haju****",
    "review": "앞으로의 인생에 있어 깊은 감명을 남겼다.. 일반적인 용서를 넘은  크리스챤으로써의 용서를 실천함이 위대해보였다.",
    "rating": "10",
    "date": "15.06.15"
  },
  {
    "review_id": "9999664",
    "movie_id": "104478",
    "author": "jayc****",
    "review": "곧죽을상황이 재밌다라는걸 느꼇다",
    "rating": "9",
    "date": "15.06.14"
  },
  {
    "review_id": "9988992",
    "movie_id": "104478",
    "author": "2_dp****",
    "review": "굴곡이 엄청난 인생이 생각보다 밋밋하게 느껴지는 것은 아쉽지만 전체적으로 볼만한 영화 그리고 시선도 균형이 잘 맞춰진것 같음 일반 일본 국민들이 피해입은 장면을 넣은것을 보면",
    "rating": "8",
    "date": "15.06.11"
  },
  {
    "review_id": "9985659",
    "movie_id": "104478",
    "author": "pont****",
    "review": "좌파 평론가들은 반미를 위해서 친일을 감수한다.",
    "rating": "8",
    "date": "15.06.09"
  },
  {
    "review_id": "9980732",
    "movie_id": "104478",
    "author": "haco****",
    "review": "충분히 높게 평가 받을 만한 영화임",
    "rating": "9",
    "date": "15.06.06"
  },
  {
    "review_id": "9979931",
    "movie_id": "104478",
    "author": "wown****",
    "review": "찬미?? 영화나 제대로 봐라",
    "rating": "8",
    "date": "15.06.06"
  },
  {
    "review_id": "9978291",
    "movie_id": "104478",
    "author": "coll****",
    "review": "오늘도 후지산을 응원합니다.... 아베가 빨리 죽기를...",
    "rating": "10",
    "date": "15.06.06"
  },
  {
    "review_id": "9976188",
    "movie_id": "104478",
    "author": "yulm****",
    "review": "재밌다!! 예상외로 몰입감이 좋았음",
    "rating": "9",
    "date": "15.06.05"
  },
  {
    "review_id": "9973058",
    "movie_id": "104478",
    "author": "6789****",
    "review": "ㅠㅠ 기적이 오지 않음을 불평만 했던 내 자신이 후회됩니다",
    "rating": "10",
    "date": "15.06.03"
  },
  {
    "review_id": "9969917",
    "movie_id": "104478",
    "author": "mete****",
    "review": "'포기하지 않는다'는 것이 무엇인지 보여주는 영화.",
    "rating": "8",
    "date": "15.06.02"
  },
  {
    "review_id": "9967482",
    "movie_id": "104478",
    "author": "pret****",
    "review": "짱짱 완젼몰입두되고 눈을못떼는영화굳",
    "rating": "10",
    "date": "15.06.01"
  },
  {
    "review_id": "9965389",
    "movie_id": "104478",
    "author": "tris****",
    "review": "볼만했다. 야간 지루하기도했지만..",
    "rating": "7",
    "date": "15.05.31"
  },
  {
    "review_id": "9957949",
    "movie_id": "104478",
    "author": "hack****",
    "review": "평론의 기준이뭐냐? 너네가 뭔데 악의 기준을 정하냐 아직도 이 주제가 성역화 되어있는거냐 ㅉㅉ",
    "rating": "10",
    "date": "15.05.28"
  },
  {
    "review_id": "9945083",
    "movie_id": "104478",
    "author": "xyan****",
    "review": "어디서 많이 본 지루한 포로 생존 실화. 실화는 보통 자극적인 픽션보다 당연히 싱겁기 마련이지만 그 정도가 심하다. 그런데 일본은 이 영화를 왜 상영금지 먹였을까? 심각한 정도의 핍박은 없는데..일본이 얼마나 막혔는지 알수 있는 에피소드를 만들어줬다.",
    "rating": "6",
    "date": "15.05.24"
  },
  {
    "review_id": "9940364",
    "movie_id": "104478",
    "author": "west****",
    "review": "그야말로 영화같은 실화",
    "rating": "10",
    "date": "15.05.23"
  },
  {
    "review_id": "9937038",
    "movie_id": "104478",
    "author": "wlfa****",
    "review": "졸리가 이런 영화를 만들다니 놀랍다. 졸리에 대해 다시 생각해보는 계기가 되는 영화였다.",
    "rating": "8",
    "date": "15.05.21"
  },
  {
    "review_id": "9935206",
    "movie_id": "104478",
    "author": "kill****",
    "review": "졸리누님 연기만했으면...",
    "rating": "5",
    "date": "15.05.21"
  },
  {
    "review_id": "9929879",
    "movie_id": "104478",
    "author": "phss****",
    "review": "그리 고생하고 98세 살았네. 졸리의 첫 감독 치고는 그런대로,,,",
    "rating": "7",
    "date": "15.05.18"
  },
  {
    "review_id": "9925167",
    "movie_id": "104478",
    "author": "leem****",
    "review": "인간의 삶은 존엄하다 전쟁이 그 고귀한 삶을 짓밟더라도",
    "rating": "6",
    "date": "15.05.17"
  },
  {
    "review_id": "9925009",
    "movie_id": "104478",
    "author": "iris****",
    "review": "먼저 난 전쟁영화를 싫어한다. 백이면 백 뻔한 스토리에 전쟁의 참혹함, 전우애, 인간의 존엄 등을 숭배하는 전쟁영화빠들은 신물이 난다. 그러나 이 영화는 아주 담백하다. 위의 내용들을 거부감 없이 받아들일 수 있도록 해주었다. 우리도 이런 영화 좀^^",
    "rating": "9",
    "date": "15.05.17"
  },
  {
    "review_id": "9919425",
    "movie_id": "104478",
    "author": "cara****",
    "review": "그저그랬습니다 재밌어요",
    "rating": "7",
    "date": "15.05.15"
  },
  {
    "review_id": "9907201",
    "movie_id": "104478",
    "author": "ever****",
    "review": "영화보는 중간에 평점주긴첨이네 일본을 어쩜 이리도 잘표현한거지 ???속이 부글부글 전반적으로 영화 잘만들었네요",
    "rating": "10",
    "date": "15.05.09"
  },
  {
    "review_id": "9903002",
    "movie_id": "104478",
    "author": "stoo****",
    "review": "안젤리나의 섬세한 연출력이 돗보이더라",
    "rating": "10",
    "date": "15.05.08"
  },
  {
    "review_id": "9899281",
    "movie_id": "104478",
    "author": "carf****",
    "review": "평점이다들후하시네요 실화를 바탕으로한 참좋은 소재를 참루즈하게 만들긴했네요 평이한 촬영과 편집 연출  깊이와 디테일이 부족했던영화다 졸리연기만해라",
    "rating": "3",
    "date": "15.05.06"
  },
  {
    "review_id": "9898400",
    "movie_id": "104478",
    "author": "king****",
    "review": "김수 ㅈ빨갱이 친일파 ㅅ ㅐㄲ ㅣ때문에 10점줌....그시대에 일본이 악의축이지 아니냐??  한걸ㄹ ㅔ소속  씨네21 다움...그나물에 그밥 ㅉㅉ",
    "rating": "10",
    "date": "15.05.05"
  },
  {
    "review_id": "9897814",
    "movie_id": "104478",
    "author": "twel****",
    "review": "아이고..솔직히 지루하나 한국인이라 말은 못하겠음",
    "rating": "7",
    "date": "15.05.05"
  },
  {
    "review_id": "9897773",
    "movie_id": "104478",
    "author": "jw00****",
    "review": "와타나베 존!나 때리고 싶음",
    "rating": "8",
    "date": "15.05.05"
  },
  {
    "review_id": "9896316",
    "movie_id": "104478",
    "author": "bs63****",
    "review": "보통인것같다고생각하지말입니다",
    "rating": "7",
    "date": "15.05.05"
  },
  {
    "review_id": "9888684",
    "movie_id": "104478",
    "author": "cona****",
    "review": "그런대로 재밋게 보았네요",
    "rating": "5",
    "date": "15.05.03"
  },
  {
    "review_id": "9888391",
    "movie_id": "104478",
    "author": "jiyu****",
    "review": "뭔가 너무나도 밋밋한 영화. 실화를 바탕으로 했다지만 조금 더 고난과 역경을 부각시켰으면 어땠을까.",
    "rating": "5",
    "date": "15.05.03"
  },
  {
    "review_id": "9885661",
    "movie_id": "104478",
    "author": "cybe****",
    "review": "영화 마지막 실제 영상을 삽입하는 실화 배경 스토리 영화는 역시 강렬한 효과를 주네요",
    "rating": "9",
    "date": "15.05.02"
  },
  {
    "review_id": "9879279",
    "movie_id": "104478",
    "author": "kos4****",
    "review": "일본 장교, 즉 새만 나쁘게 강조하고 나머지 일본군 전체를 너무 깨끗하게 그린 것 아닌가 한다.",
    "rating": "6",
    "date": "15.04.29"
  },
  {
    "review_id": "9872340",
    "movie_id": "104478",
    "author": "ehwj****",
    "review": "이런 영화가 앞으로 많이 나왔으면 좋겠네..영화 자체의 의도는 좋았는데 다소 밋밋한 느낌..그래도 잔인성을 있는 그대로 보여준건 좋았음",
    "rating": "7",
    "date": "15.04.27"
  },
  {
    "review_id": "9867831",
    "movie_id": "104478",
    "author": "gofo****",
    "review": "오랜만에 killing time이 아닌 영화를 봤다.",
    "rating": "10",
    "date": "15.04.25"
  },
  {
    "review_id": "9865514",
    "movie_id": "104478",
    "author": "gjk2****",
    "review": "Kill Japs Kill Japs Kill more Japs!",
    "rating": "10",
    "date": "15.04.25"
  },
  {
    "review_id": "9865301",
    "movie_id": "104478",
    "author": "civi****",
    "review": "지루하고 밋밋하고 평이하고 전개가 예상되는 영화. 실화인 사실을 제외하면 전혀 놀라운게 없어보인다.",
    "rating": "6",
    "date": "15.04.25"
  },
  {
    "review_id": "9864194",
    "movie_id": "104478",
    "author": "skfo****",
    "review": "졸리가 생각이상으로 영화잘만들었네요감동적이고 일본 열받음",
    "rating": "10",
    "date": "15.04.24"
  },
  {
    "review_id": "9858530",
    "movie_id": "104478",
    "author": "silv****",
    "review": "일본의 잔악행위를 크리스마스 시즌에 내보내려고 줄이고 줄여 만든 영화를 보고, 뭐? [미국은 선, 일본은 악? 실패한 찬미(美)가] 따위의 글을 붙이는게 평론가 나부랭이가 할 짓이냐? 역사 공부 좀 해라. 내가 부끄럽다. 정말로.",
    "rating": "10",
    "date": "15.04.23"
  },
  {
    "review_id": "9857112",
    "movie_id": "104478",
    "author": "bloo****",
    "review": "간만에 좋은 영화를 봤습니다 내용도 그렇고 배우들 연기도 모두 좋았고 실화라서 그런지 가슴이 뜨거워지네요.",
    "rating": "8",
    "date": "15.04.22"
  },
  {
    "review_id": "9856605",
    "movie_id": "104478",
    "author": "kara****",
    "review": "실제인물이 영화에 참여해서 그런지 그의 전기같은 느낌이다...어드밴처,전쟁,휴먼드라마 너무많이 담겨있어 시간이 모자람....미야비의 발연기가 아쉬움..",
    "rating": "7",
    "date": "15.04.22"
  },
  {
    "review_id": "9856513",
    "movie_id": "104478",
    "author": "roio****",
    "review": "물론 영화는 영화이지만 일본은 은폐하려 하지말고 진심으로 반성 좀 했으면한다.",
    "rating": "10",
    "date": "15.04.22"
  },
  {
    "review_id": "9856265",
    "movie_id": "104478",
    "author": "kwak****",
    "review": "안젤리나 졸리가 감독이라고 해서 끝까지 봐줬다. 역시 전쟁을 배경으로 한 영화는 남자가 찍어야 정답이다. 감수성이 돋는 장면들이 너무 많아서 전쟁영화를 보는 내내 간지러움을 참을 수 없었던 것 같다.",
    "rating": "4",
    "date": "15.04.22"
  },
  {
    "review_id": "9856215",
    "movie_id": "104478",
    "author": "dksg****",
    "review": "지루해하다가 마지막에 실화인거 알구 깜짝놀람.실화인걸 알고 봤다면 재밌게 봤을텐데ㅜㅜ",
    "rating": "6",
    "date": "15.04.21"
  },
  {
    "review_id": "9855912",
    "movie_id": "104478",
    "author": "time****",
    "review": "그럭저럭 적당히 볼만하다. 기승전신앙이 좀 안타깝네.",
    "rating": "7",
    "date": "15.04.21"
  },
  {
    "review_id": "9855193",
    "movie_id": "104478",
    "author": "sunm****",
    "review": "최고임일뽕맞은것들이나 일본을 피해자라고 하지 ㅉㅉ",
    "rating": "10",
    "date": "15.04.21"
  },
  {
    "review_id": "9855186",
    "movie_id": "104478",
    "author": "yuil****",
    "review": "깊은곳에서 우러나오는 인간승리의 휴머니즘을 기대했으나, 다소 밋밋함에 기대이하.",
    "rating": "7",
    "date": "15.04.21"
  },
  {
    "review_id": "9854792",
    "movie_id": "104478",
    "author": "csr9****",
    "review": "포로생활 생각보다는 약한 것 같지만, 인내와 용서를 볼 수 있엇습니다.",
    "rating": "10",
    "date": "15.04.20"
  },
  {
    "review_id": "9853827",
    "movie_id": "104478",
    "author": "winn****",
    "review": "김수 저색 모냐?? 쪽바리냐??? 저색이냐 저뇬이냐?? 쓰레기 평론가",
    "rating": "10",
    "date": "15.04.20"
  },
  {
    "review_id": "9852763",
    "movie_id": "104478",
    "author": "koen****",
    "review": "2차 세계대전 당시 포로수용소를 배경으로 일본군의 만행을 고발하는 영화네요. 영화 초반부터 끝까지 지루함 없이 잔잔하게 볼 수 있는 괜찮은 영화입니다.",
    "rating": "9",
    "date": "15.04.19"
  },
  {
    "review_id": "9850359",
    "movie_id": "104478",
    "author": "lock****",
    "review": "졸리 젓탱이 살아있네..살아있어",
    "rating": "10",
    "date": "15.04.18"
  },
  {
    "review_id": "9844657",
    "movie_id": "104478",
    "author": "dory****",
    "review": "연기,스토리,몰입도 충분히 훌륭한 영화다",
    "rating": "10",
    "date": "15.04.13"
  },
  {
    "review_id": "9843306",
    "movie_id": "104478",
    "author": "bear****",
    "review": "그냥 그랬음 억지감동 느낌이 좀 있다",
    "rating": "6",
    "date": "15.04.12"
  },
  {
    "review_id": "9842365",
    "movie_id": "104478",
    "author": "kdc9****",
    "review": "주인공 삶의 굴곡이용서와 화해를~~~",
    "rating": "10",
    "date": "15.04.12"
  },
  {
    "review_id": "9841604",
    "movie_id": "104478",
    "author": "key7****",
    "review": "우리는 왜 저런 감독이 없을까. . 왜 저런 영화를 만들 수 없을까. . 진실을 불편해하는 친일파 잔당과 후손이 사라지지 않아서",
    "rating": "10",
    "date": "15.04.12"
  },
  {
    "review_id": "9841063",
    "movie_id": "104478",
    "author": "zzab****",
    "review": "오랜시간이 지루하지 않을만큼 재밌었다",
    "rating": "9",
    "date": "15.04.11"
  },
  {
    "review_id": "9840707",
    "movie_id": "104478",
    "author": "wjdd****",
    "review": "일본은 정말 사악한 나라다잔인하고 비인간적인 행위를 일삼는다",
    "rating": "10",
    "date": "15.04.11"
  },
  {
    "review_id": "9840323",
    "movie_id": "104478",
    "author": "lee2****",
    "review": "일본이 악이고 미국이 선은 아니지만 일본의 포로수용은 악이 맞다",
    "rating": "10",
    "date": "15.04.11"
  },
  {
    "review_id": "9839754",
    "movie_id": "104478",
    "author": "ican****",
    "review": "그저그런 스터리에그런내용",
    "rating": "7",
    "date": "15.04.11"
  },
  {
    "review_id": "9837622",
    "movie_id": "104478",
    "author": "goal****",
    "review": "이건 실화를 바탕으로 한 영화 일본이 과거에 어떠한 더러운짓을했는지 극히 일부만 보여줬는데도 공감이 됬다",
    "rating": "10",
    "date": "15.04.10"
  },
  {
    "review_id": "9837607",
    "movie_id": "104478",
    "author": "yong****",
    "review": "아시아의 선진국 일본, 독일처럼 과거사를 반성하고 사죄하면 일류국가로 나아 갈텐데. 당시 일본의 만행을 보면 분노가 치민다. 영화는 재미라기 보다 일본의 만행을 잘 보여줬다.",
    "rating": "7",
    "date": "15.04.10"
  },
  {
    "review_id": "9836088",
    "movie_id": "104478",
    "author": "qhgk****",
    "review": "기대없이봤는데 아주 재밌게봤어요 ㅎㅎ",
    "rating": "8",
    "date": "15.04.09"
  },
  {
    "review_id": "9834898",
    "movie_id": "104478",
    "author": "love****",
    "review": "마지막 directed by 보고 많이 놀람. 허삼관때도 그랬는데 ㅋㅋ 한 사람의 인생 이야기를 보고  찬미 찬일 국가관 논쟁은 해줘야 평론의 위세가 선다는 건가. 대체 생각이 넓은건지 감수성이 없는건지.",
    "rating": "7",
    "date": "15.04.08"
  },
  {
    "review_id": "9833003",
    "movie_id": "104478",
    "author": "psp2****",
    "review": "생각지도 못한 졸리의 감동선사",
    "rating": "7",
    "date": "15.04.07"
  },
  {
    "review_id": "9832227",
    "movie_id": "104478",
    "author": "rnal****",
    "review": "댓통련이  입김 넣은듯  아빠가 일본장교 출신이라  ㅉㅉ",
    "rating": "10",
    "date": "15.04.06"
  }
]