[
  {
    "review_id": "7444612",
    "movie_id": "104482",
    "author": "a110****",
    "review": "현실적이고 너무 순수한 사랑이야기... 정말 설레면서 봤습니다.  위대한 계춘빈 이후의 드라마 스페셜 명작 발견.!!",
    "rating": "10",
    "date": "13.04.08"
  },
  {
    "review_id": "7443306",
    "movie_id": "104482",
    "author": "skyu****",
    "review": "영화같음 환상적임 개재밌다.  이런류의 드라마 대환영임 근데 왜 하필 4부작밖에 안하노ㅠㅠ",
    "rating": "10",
    "date": "13.04.08"
  },
  {
    "review_id": "7443019",
    "movie_id": "104482",
    "author": "hkp5****",
    "review": "간만에 풋풋했던 젊은날의 기억들이 떠올랐습니다. 추억에 젖을수 있었어요",
    "rating": "8",
    "date": "13.04.08"
  },
  {
    "review_id": "7442989",
    "movie_id": "104482",
    "author": "milo****",
    "review": "두번이혼하는건 쫌~~~ 글다 또 냉랭해짐 이혼할래?",
    "rating": "3",
    "date": "13.04.08"
  },
  {
    "review_id": "7442862",
    "movie_id": "104482",
    "author": "paka****",
    "review": "풋풋하네요~~",
    "rating": "10",
    "date": "13.04.08"
  },
  {
    "review_id": "7442846",
    "movie_id": "104482",
    "author": "byt2****",
    "review": "재밌어요~ 윤영씨팬^^",
    "rating": "9",
    "date": "13.04.08"
  },
  {
    "review_id": "7437076",
    "movie_id": "104482",
    "author": "lmsy****",
    "review": "너무 좋습니다 평범하면서도 애틋한 사랑이 전해지네요 두분 주인공의 세심한 연기도 좋습니다",
    "rating": "10",
    "date": "13.04.05"
  },
  {
    "review_id": "7431803",
    "movie_id": "104482",
    "author": "popj****",
    "review": "잔잔하지만 보는 내내 미소를 짓게 만드는 드라마임4부작이여서 너무 안타깝네요ㅋ",
    "rating": "10",
    "date": "13.04.03"
  },
  {
    "review_id": "7431190",
    "movie_id": "104482",
    "author": "vene****",
    "review": "현실적이여서 가슴 아픈  사랑 이야기... 마지막엔 해피하길 기대합니다.",
    "rating": "10",
    "date": "13.04.02"
  },
  {
    "review_id": "7427844",
    "movie_id": "104482",
    "author": "suki****",
    "review": "오랜만에 달달한  기분으로 드라마에 빠졌들었어요^^",
    "rating": "10",
    "date": "13.04.01"
  },
  {
    "review_id": "7427811",
    "movie_id": "104482",
    "author": "havi****",
    "review": "남여 캐릭터들이 너무 사랑스럽네요ㅋㅋ 마지막회 기대할게요ㅋㅋㅋ",
    "rating": "10",
    "date": "13.04.01"
  },
  {
    "review_id": "7427808",
    "movie_id": "104482",
    "author": "wkcl****",
    "review": "순수한 마음이 그대로 전해지는 제목처럼 동화같은 드라마에요 ..음악들도 너무 좋고 재밌어요",
    "rating": "9",
    "date": "13.04.01"
  },
  {
    "review_id": "7427790",
    "movie_id": "104482",
    "author": "cye1****",
    "review": "점점 막장 드라마들이 많아지면서 중간 중간에 좀 더 극적인 내용을 내심 기대했던 것 같아요. 그런데 이 드라마를 보면서 극적인 재미보다는 뭔가 편안하고 따뜻한 느낌을 받게 되고 기분도 좋네요. 마지막 편도 기대하겠습니다.",
    "rating": "10",
    "date": "13.04.01"
  },
  {
    "review_id": "7427788",
    "movie_id": "104482",
    "author": "myan****",
    "review": "두분다 연기도 좋고 캐릭터들의 맘이 전해지는 것 같아 설레며 봤습니다. 재밌었어요. ^^",
    "rating": "10",
    "date": "13.04.01"
  },
  {
    "review_id": "7427786",
    "movie_id": "104482",
    "author": "radm****",
    "review": "요즘 드라마 처럼 시청률 높이기위한  자극적인 내용이 아닌 순수한 감성이 느껴지는 아름다운 내용입니다. 지나가버린 옛 사랑의 추억을 되세겨 보세요.",
    "rating": "10",
    "date": "13.04.01"
  },
  {
    "review_id": "7427775",
    "movie_id": "104482",
    "author": "chun****",
    "review": "와 너무재미잇네요 최윤영씨 너무너무예쁘고 울때정말 제마음까지 절절해지네요 ㅜ 이천희씨도 순박한 남자연기 너무 잘하시네요 정말 몰입도가 너무너무좋네요 너무 아름다운드라마에요",
    "rating": "10",
    "date": "13.04.01"
  },
  {
    "review_id": "7409167",
    "movie_id": "104482",
    "author": "dbsw****",
    "review": "순수하고 떨리는 감정이 그대로 느껴지네요~~",
    "rating": "10",
    "date": "13.03.25"
  },
  {
    "review_id": "7409133",
    "movie_id": "104482",
    "author": "lees****",
    "review": "재밌어요옛추억이떠오르네요순수했더학창시절과뜨겁게연애하고연인과싸우고헤어지고옛기억이새로새록..",
    "rating": "10",
    "date": "13.03.25"
  },
  {
    "review_id": "7408874",
    "movie_id": "104482",
    "author": "hobb****",
    "review": "뭐야 이게...",
    "rating": "1",
    "date": "13.03.25"
  },
  {
    "review_id": "7359541",
    "movie_id": "104482",
    "author": "jihu****",
    "review": "최윤영씨 넘이쁘네요",
    "rating": "10",
    "date": "13.03.18"
  },
  {
    "review_id": "7359539",
    "movie_id": "104482",
    "author": "lih7****",
    "review": "이뽀요ㅋㅋ",
    "rating": "10",
    "date": "13.03.18"
  }
]