[
  {
    "review_id": "9668900",
    "movie_id": "104493",
    "author": "azsd****",
    "review": "정말 당시에 재미있게 봤었어요",
    "rating": "10",
    "date": "15.02.05"
  },
  {
    "review_id": "8823377",
    "movie_id": "104493",
    "author": "tkdg****",
    "review": "도자기야 사랑이야?스토리가 일관성있엇으면...드라마 재목이 왜 불의 여신 정이인지 마지막까지 알려주지 않았다.",
    "rating": "1",
    "date": "14.06.12"
  },
  {
    "review_id": "8352325",
    "movie_id": "104493",
    "author": "bayd****",
    "review": "솔직히 많이 지루했습니다.",
    "rating": "4",
    "date": "14.01.05"
  },
  {
    "review_id": "8105079",
    "movie_id": "104493",
    "author": "eunw****",
    "review": "불의여신정이 짱!내가 지금까지 제일 재밌게 본 드라마결말이 좀 아쉬웠지만...",
    "rating": "10",
    "date": "13.10.31"
  },
  {
    "review_id": "8089176",
    "movie_id": "104493",
    "author": "k485****",
    "review": "정말 재미있게 봤습니다.드디어 마지막회가 왔네요 ㅠㅠ많이 아쉽고요마지막회에 정이가 일본으로 떠나고세자인 광해는 그를 그리워 하며 끝...저 이거 보고 많이 울었습니다ㅠㅠ아...이제 뭐 보지? 이게 내가 유일하게 좋아 하는 드라마였는데...",
    "rating": "10",
    "date": "13.10.25"
  },
  {
    "review_id": "8083386",
    "movie_id": "104493",
    "author": "crui****",
    "review": "덕분에 우리나라 왕실 도자기가 만들어지는 분원의 모습과 가슴아픈 조선의 역사 그리고 이뤄지지 못한 슬픈 사랑이야기까지...완벽한 캐스팅부터 연기까지...재미있게 잘봤습니다. 감사합니다. 수고많으셨어요!",
    "rating": "10",
    "date": "13.10.24"
  },
  {
    "review_id": "8081030",
    "movie_id": "104493",
    "author": "wltn****",
    "review": "진짜 눈물나는 드라마 배우들도 멋있고 아무튼 연기가 대박이었던 드라마 진짜 역사를 왜곡할 수 없어서 더 아련한 드라마ㅠㅠㅠㅠ",
    "rating": "10",
    "date": "13.10.22"
  },
  {
    "review_id": "8080948",
    "movie_id": "104493",
    "author": "gr53****",
    "review": "배우분들 연기도 좋고 내용도 좋고 꼭꼭 챙겨본 드라마에요",
    "rating": "10",
    "date": "13.10.22"
  },
  {
    "review_id": "8080909",
    "movie_id": "104493",
    "author": "ajy2****",
    "review": "너무 하네요..불의여신작가님~~저는 이상윤 문근영 알콩달콩 러브스토리로보는데 해피앤딩으로 해주시지..어찌그렇게 막을 내리 셨나요ㅠㅠ후속편 해서 광해가 정이 되찾아오고행복하게 살게 해주세요♥♥",
    "rating": "10",
    "date": "13.10.22"
  },
  {
    "review_id": "8080328",
    "movie_id": "104493",
    "author": "hr55****",
    "review": "아쉬움이 많이 남는 드라마",
    "rating": "6",
    "date": "13.10.22"
  },
  {
    "review_id": "8078813",
    "movie_id": "104493",
    "author": "inju****",
    "review": "모든 배우님들 수고하셨습니다.",
    "rating": "10",
    "date": "13.10.21"
  },
  {
    "review_id": "8078747",
    "movie_id": "104493",
    "author": "jsy3****",
    "review": "아~~이제 한회남았다드라마가끝날때가제일싫어 불의여신정이 정말제미있었는데...이제 끝난다",
    "rating": "10",
    "date": "13.10.21"
  },
  {
    "review_id": "8078618",
    "movie_id": "104493",
    "author": "cy70****",
    "review": "이거 내용이 점점 이상해져 태도를 죽이면 우째  실제로는 둘이 결혼하는데... 정이 혼자 일본 끌려가거나  죽거나 둘중하나 잖아 하..이게 머야 처음엔 정말 재미있었는데..실망이다",
    "rating": "1",
    "date": "13.10.21"
  },
  {
    "review_id": "8078386",
    "movie_id": "104493",
    "author": "real****",
    "review": "예전의 국민여동생이 아닌듯하나 연기하는게 예전같지않은듯 뭔가 아쉽네요. 예전엔 귀여웠는데.",
    "rating": "2",
    "date": "13.10.21"
  },
  {
    "review_id": "8078044",
    "movie_id": "104493",
    "author": "tjrn****",
    "review": "막판스타트~~!!  불의여신정이 화이팅!!",
    "rating": "10",
    "date": "13.10.21"
  },
  {
    "review_id": "8062509",
    "movie_id": "104493",
    "author": "sygg****",
    "review": "좋아요 정이가 일본으로 가지만말앗으면..",
    "rating": "10",
    "date": "13.10.16"
  },
  {
    "review_id": "8060958",
    "movie_id": "104493",
    "author": "kiki****",
    "review": "요즘 드라마중 제일 잼있음",
    "rating": "10",
    "date": "13.10.15"
  },
  {
    "review_id": "8060920",
    "movie_id": "104493",
    "author": "quan****",
    "review": "그냥다짱♥♥시청률낮아도나는끝까지본당",
    "rating": "10",
    "date": "13.10.14"
  },
  {
    "review_id": "8060916",
    "movie_id": "104493",
    "author": "wbsl****",
    "review": "괜찮은데 시청률이...ㅠㅠ",
    "rating": "10",
    "date": "13.10.14"
  },
  {
    "review_id": "8060807",
    "movie_id": "104493",
    "author": "hhji****",
    "review": "슬슬 이야기가 전개가 되는 것 같네요.. 앞으로 몇 회 안 남았는데.. 이제 뭘 봐야 되는지..ㅜㅜ 저는 굿닥터 안 보고 정이 봤습니다^^ 나중에 한 번 꼭 보세요ㅋㅋ 근데 중반부에는 좀 지루했다는 ㅠ 근데 재밌어요!!",
    "rating": "10",
    "date": "13.10.14"
  },
  {
    "review_id": "8057895",
    "movie_id": "104493",
    "author": "zkrn****",
    "review": "그냥   구가의서가 더나은듯",
    "rating": "4",
    "date": "13.10.13"
  },
  {
    "review_id": "8043495",
    "movie_id": "104493",
    "author": "rena****",
    "review": "본방사수는못하지만~~화이팅^^*",
    "rating": "10",
    "date": "13.10.07"
  },
  {
    "review_id": "8028984",
    "movie_id": "104493",
    "author": "real****",
    "review": "MBC사극 은 캐릭터와 소재만 다르고 틀은 다똑같은거 같다",
    "rating": "8",
    "date": "13.10.02"
  },
  {
    "review_id": "8026050",
    "movie_id": "104493",
    "author": "capa****",
    "review": "구가의서가훨씬낫다ㅉ",
    "rating": "1",
    "date": "13.10.01"
  },
  {
    "review_id": "8025987",
    "movie_id": "104493",
    "author": "55tm****",
    "review": "ㅎㅎㅎ재밌어용~~~",
    "rating": "10",
    "date": "13.10.01"
  },
  {
    "review_id": "8025978",
    "movie_id": "104493",
    "author": "popo****",
    "review": "다 좋은데 여주인공이 얼굴이 호빵맨",
    "rating": "1",
    "date": "13.10.01"
  },
  {
    "review_id": "8022164",
    "movie_id": "104493",
    "author": "sung****",
    "review": "문근영 언니. 화이팅! 불의 여신 정이 멋지게 마무리해주세요!",
    "rating": "10",
    "date": "13.09.29"
  },
  {
    "review_id": "8022160",
    "movie_id": "104493",
    "author": "ehis****",
    "review": "문근영 복귀! 불의 여신 정이 재미있어요! 마지막회까지 8회. 멋지게 마무리될 예정이랍니다!",
    "rating": "10",
    "date": "13.09.29"
  },
  {
    "review_id": "8020566",
    "movie_id": "104493",
    "author": "pjw5****",
    "review": "한개도 아깝다.반개 없나?",
    "rating": "1",
    "date": "13.09.28"
  },
  {
    "review_id": "8015455",
    "movie_id": "104493",
    "author": "can9****",
    "review": "아 나 진짜 솔직히 엠비씨 사극 지금껏 매우 재밌게 봐왔다 하지만 이 드라마는 정말 아닌 것 같다 엠비씨에서 사극이 이렇게 망한다는 것을 깨달았다 불의여신정이 캐스팅때 문근영이란거 알고 그때부터 망했다는걸 알았지만",
    "rating": "1",
    "date": "13.09.25"
  },
  {
    "review_id": "8015129",
    "movie_id": "104493",
    "author": "dvxr****",
    "review": "정이 시청률 보거 놀랏다 15~20은될줄알았는데 9~7퍼라니 ..그래서내가 별10개드림 ㅋㅋ나착하죠 ??",
    "rating": "10",
    "date": "13.09.25"
  },
  {
    "review_id": "8013061",
    "movie_id": "104493",
    "author": "ibp2****",
    "review": "요즘 mbc 사극이 너무 딱딱 합니다 .돈문제 겠죠? 연기는 진자 눈만동그랗게 뜨고 뻐끔뻐끔 거리는 이상윤씨 정말 실망",
    "rating": "6",
    "date": "13.09.24"
  },
  {
    "review_id": "8002727",
    "movie_id": "104493",
    "author": "ksrr****",
    "review": "문근영은 인형같은 느낌, 전혀 감정 이입이 안됨..ㅠㅠㅠ",
    "rating": "1",
    "date": "13.09.21"
  },
  {
    "review_id": "7964987",
    "movie_id": "104493",
    "author": "qkfw****",
    "review": "첫회부터 지금회차까지 빼놓지않고 보고있는데..조금씩 흥미를 잃어갑니다ㅠ내용도 재미있고 연기도 다들 잘하는건 알겠는데..너무 질질 끌고있다고해야할까요?ㅠ강천이의 악행은 계속되는데 해결실마리가없이 자꾸 쌓여만가서 시원한 내용전개가 없어요ㅠ",
    "rating": "6",
    "date": "13.09.11"
  },
  {
    "review_id": "7940456",
    "movie_id": "104493",
    "author": "kana****",
    "review": "솔직히 배우들의 연기력은 평가 할 수 없지만 매회 볼 때마다 진짜 보고싶어 미치겠음ㅋㅋㅋ",
    "rating": "10",
    "date": "13.09.01"
  },
  {
    "review_id": "7937820",
    "movie_id": "104493",
    "author": "love****",
    "review": "완전 재미있어요. 불의여신정이짱! 이상윤 오빠랑 문근영언니랑 좀 안어울리는거 같은데 그래도 재미있어요. 광수오빠가 악역도 짱 이에요.!♥♥",
    "rating": "10",
    "date": "13.08.31"
  },
  {
    "review_id": "7935979",
    "movie_id": "104493",
    "author": "anaj****",
    "review": "너무 재밌게 보고있습니다!!!이상윤,문근영 연기도 잘하고,불의 여신 정이 짱입니다!!",
    "rating": "10",
    "date": "13.08.30"
  },
  {
    "review_id": "7934873",
    "movie_id": "104493",
    "author": "geun****",
    "review": "완전 재밌음 ... 귀여운 문근영에~~~~~ 이상윤 너무 귀엽구 잘 어울려 +ㅅ+ 아역들두 귀엽구 역시 문근영 짱짱짱 너무너무 재밌어",
    "rating": "10",
    "date": "13.08.30"
  },
  {
    "review_id": "7934408",
    "movie_id": "104493",
    "author": "fond****",
    "review": "조금 더 흡입력있는 대사만 있다면 10점 채울텐데구성도 연기력만큼은 10점만점",
    "rating": "9",
    "date": "13.08.30"
  },
  {
    "review_id": "7930774",
    "movie_id": "104493",
    "author": "ks33****",
    "review": "드라마에 흡입력이 없다 문근영은 열정도없고 자신감도 없는것같다",
    "rating": "1",
    "date": "13.08.29"
  },
  {
    "review_id": "7928589",
    "movie_id": "104493",
    "author": "wink****",
    "review": "평처음 남겨보네요 너무 재밌어요.",
    "rating": "10",
    "date": "13.08.28"
  },
  {
    "review_id": "7927632",
    "movie_id": "104493",
    "author": "sjw1****",
    "review": "잼있어요",
    "rating": "10",
    "date": "13.08.27"
  },
  {
    "review_id": "7923912",
    "movie_id": "104493",
    "author": "binn****",
    "review": "10점!!!!!!",
    "rating": "10",
    "date": "13.08.26"
  },
  {
    "review_id": "7917418",
    "movie_id": "104493",
    "author": "deu0****",
    "review": "평점진짜왜이러냐;;;만들라면 이렇게 잘 만들지도 못하면서..아역들도 연기잘하고 괜찮은 드라마임",
    "rating": "10",
    "date": "13.08.24"
  },
  {
    "review_id": "7916720",
    "movie_id": "104493",
    "author": "sony****",
    "review": "좀 지루하구 뻔한 스토리어서....",
    "rating": "4",
    "date": "13.08.24"
  },
  {
    "review_id": "7907790",
    "movie_id": "104493",
    "author": "hwm7****",
    "review": "드라마에 너무 현실성 찾지마라 특히 사극에 현실성 집어넣으면 노잼이다근데 스토리가 갈수록 병맛이라 보다 접음 황제가 낫지",
    "rating": "6",
    "date": "13.08.21"
  },
  {
    "review_id": "7907487",
    "movie_id": "104493",
    "author": "tjtj****",
    "review": "별루 굿닥터가 낫음 님들아 굿닥터 가 재미있음 진심",
    "rating": "1",
    "date": "13.08.20"
  },
  {
    "review_id": "7906994",
    "movie_id": "104493",
    "author": "j823****",
    "review": "초반에는괜찮았는데 갈수록재미없음",
    "rating": "5",
    "date": "13.08.20"
  },
  {
    "review_id": "7905488",
    "movie_id": "104493",
    "author": "qksr****",
    "review": "어찌 어찌 볼려고 하는데 시청 할때 마다 계속 눈물만 흘리고.... 댓글 안쓰는 편이지만 이건 좀 아닌듯하네요",
    "rating": "4",
    "date": "13.08.20"
  },
  {
    "review_id": "7904415",
    "movie_id": "104493",
    "author": "sseo****",
    "review": "솔직히 이런게 32부작 이란건좀..굿닥터 재밌다던데...  좀 흔들리네요",
    "rating": "3",
    "date": "13.08.19"
  },
  {
    "review_id": "7904032",
    "movie_id": "104493",
    "author": "abc1****",
    "review": "재미없고지루하고저런내용싫다굿닥터나갈아타야지",
    "rating": "1",
    "date": "13.08.19"
  },
  {
    "review_id": "7900338",
    "movie_id": "104493",
    "author": "gkdm****",
    "review": "문근영 이상윤 연기 기대됨ㅎㅎ스토리도 괜찮고 굿~",
    "rating": "10",
    "date": "13.08.18"
  },
  {
    "review_id": "7898861",
    "movie_id": "104493",
    "author": "odh6****",
    "review": "솔직히 말해서 연기도 어색하고잼도없음 5,6화 봤는데..... 쩝 굿닥터로 갈아탐",
    "rating": "1",
    "date": "13.08.18"
  },
  {
    "review_id": "7897965",
    "movie_id": "104493",
    "author": "stor****",
    "review": "최고최고 !!! 시청률 팍팍 올라라 !! ㅠㅠ 대박 너무 재밌음",
    "rating": "10",
    "date": "13.08.18"
  },
  {
    "review_id": "7895994",
    "movie_id": "104493",
    "author": "jlov****",
    "review": "짱이징ㅋㅋ 김범♥",
    "rating": "10",
    "date": "13.08.17"
  },
  {
    "review_id": "7890581",
    "movie_id": "104493",
    "author": "bebo****",
    "review": "재미남... 오랜만에 드라마 봄. 근데 로맨스가 너무 없고 짧아 아쉬움",
    "rating": "10",
    "date": "13.08.16"
  },
  {
    "review_id": "7883999",
    "movie_id": "104493",
    "author": "melo****",
    "review": "우리 엄마는 맨날 이것만 봄. ㅋㅋ 재밌음.",
    "rating": "10",
    "date": "13.08.15"
  },
  {
    "review_id": "7876767",
    "movie_id": "104493",
    "author": "jsy3****",
    "review": "불의여신정이 너무재미있는것아님코믹에 슬픔, 사랑 , 못갖춘게없는드라마인것같다시청률이 떨어져도 나한테 재미있으면그만이다",
    "rating": "10",
    "date": "13.08.13"
  },
  {
    "review_id": "7876725",
    "movie_id": "104493",
    "author": "lroi****",
    "review": "진짜 임해군 때문에 웃겨 죽겠습니다.. ㅋㅋㅋ",
    "rating": "10",
    "date": "13.08.13"
  },
  {
    "review_id": "7875214",
    "movie_id": "104493",
    "author": "year****",
    "review": "배우들 고생하는거에비해 연출력이 떨어지는듯.",
    "rating": "10",
    "date": "13.08.13"
  },
  {
    "review_id": "7874688",
    "movie_id": "104493",
    "author": "kha9****",
    "review": "내용은 좋은데 주인공쫌 바꾸면 안돼요?ㅋ 아 진짜 문근영 연기 보면 볼수록 질려요~  그렁그렁한 눈물연기 넘 질려요~ 계속보기 짜증남,,,보고싶다가도 문근영 나오면 돌리고싶네요,,,성인역활 배역 정말진심 바꾸길 요청드리고 싶어요 ㅎ",
    "rating": "5",
    "date": "13.08.13"
  },
  {
    "review_id": "7874090",
    "movie_id": "104493",
    "author": "lond****",
    "review": "내용이 너무 지루하다....... 재미없다 굿닥터로 채널 돌림",
    "rating": "1",
    "date": "13.08.12"
  },
  {
    "review_id": "7857793",
    "movie_id": "104493",
    "author": "shen****",
    "review": "좋아좋아 !!!",
    "rating": "10",
    "date": "13.08.08"
  },
  {
    "review_id": "7853960",
    "movie_id": "104493",
    "author": "jinj****",
    "review": "너무 잼나여. 완벽해!!!. 정이,광해,낭청,변수,태도 모두 연기력도 짱.!!!",
    "rating": "10",
    "date": "13.08.07"
  },
  {
    "review_id": "7852121",
    "movie_id": "104493",
    "author": "djks****",
    "review": "점점 재밌어지네요..  깨알같은 소소한 재미들이 점점 마력처럼 다가옴",
    "rating": "10",
    "date": "13.08.07"
  },
  {
    "review_id": "7852094",
    "movie_id": "104493",
    "author": "hwwk****",
    "review": "생활의활력을주고 날웃게하고  열심히하면된다 극복할수있다 를 하게만드는 드라마!!!",
    "rating": "10",
    "date": "13.08.07"
  },
  {
    "review_id": "7851799",
    "movie_id": "104493",
    "author": "yae0****",
    "review": "짱",
    "rating": "10",
    "date": "13.08.06"
  },
  {
    "review_id": "7850358",
    "movie_id": "104493",
    "author": "haem****",
    "review": "너무너무 재밋게 잘보고 잇답니다",
    "rating": "10",
    "date": "13.08.06"
  },
  {
    "review_id": "7850354",
    "movie_id": "104493",
    "author": "iris****",
    "review": "와...난 솔직히 굿닥터 보다는 이게 훨씬더 재미있는것 같은데... 여러분은 안그러시나요.. ??",
    "rating": "10",
    "date": "13.08.06"
  },
  {
    "review_id": "7848408",
    "movie_id": "104493",
    "author": "benz****",
    "review": "10점",
    "rating": "10",
    "date": "13.08.06"
  },
  {
    "review_id": "7847568",
    "movie_id": "104493",
    "author": "yeon****",
    "review": "솔직히 1화부터 꼬박꼬박 챙겨봤는데 이거 보면서 왠지 해품달이 계속 생각나 보고있어요^^ 그리고 역시..잼있어요?",
    "rating": "10",
    "date": "13.08.06"
  },
  {
    "review_id": "7847463",
    "movie_id": "104493",
    "author": "eun7****",
    "review": "계속계속보구싶다~^^*",
    "rating": "10",
    "date": "13.08.06"
  },
  {
    "review_id": "7846805",
    "movie_id": "104493",
    "author": "tpdm****",
    "review": "완전잼따~~~~~",
    "rating": "10",
    "date": "13.08.06"
  },
  {
    "review_id": "7846772",
    "movie_id": "104493",
    "author": "vkxq****",
    "review": "재밌음 다음화가 기대됨",
    "rating": "10",
    "date": "13.08.06"
  },
  {
    "review_id": "7846526",
    "movie_id": "104493",
    "author": "dmst****",
    "review": "재밋어!!이상윤너무좋다♥♥",
    "rating": "10",
    "date": "13.08.06"
  },
  {
    "review_id": "7846195",
    "movie_id": "104493",
    "author": "o4o_****",
    "review": "꿀잼!!",
    "rating": "10",
    "date": "13.08.05"
  },
  {
    "review_id": "7846010",
    "movie_id": "104493",
    "author": "mlov****",
    "review": "꿀잼",
    "rating": "10",
    "date": "13.08.05"
  },
  {
    "review_id": "7846009",
    "movie_id": "104493",
    "author": "pmis****",
    "review": "재밌어요 계속보게되는드라마ㅋㅋ",
    "rating": "10",
    "date": "13.08.05"
  },
  {
    "review_id": "7843553",
    "movie_id": "104493",
    "author": "sunm****",
    "review": "문근영 보호해주고 싶다...♥",
    "rating": "10",
    "date": "13.08.05"
  },
  {
    "review_id": "7839562",
    "movie_id": "104493",
    "author": "hard****",
    "review": "재밌습니다. 근영씨  감정이입도가 최고",
    "rating": "10",
    "date": "13.08.04"
  },
  {
    "review_id": "7837457",
    "movie_id": "104493",
    "author": "2050****",
    "review": "정이 바라기 김태도오빠.... 완전머싯어요~ 김태도 오빠 같은 남자가 바로 여자들의 로망이 아닐까요? 전 그렇게 생각하는데... 어쨌든 '불의 여신 정이' 흥해라~ 더운날씨에 힘드시죠? 항상 응원하고 있습니당~(전 참고로 김범 오빠 광팬 입니당)",
    "rating": "10",
    "date": "13.08.04"
  },
  {
    "review_id": "7835632",
    "movie_id": "104493",
    "author": "ssus****",
    "review": "문근영 변함없이 어쩜 저렇게 현대극 사극 연기가 똑같은지 지루합니다. 캐릭터는 다른데 느낌은 똑같은...",
    "rating": "7",
    "date": "13.08.04"
  },
  {
    "review_id": "7834607",
    "movie_id": "104493",
    "author": "leej****",
    "review": ",",
    "rating": "9",
    "date": "13.08.04"
  },
  {
    "review_id": "7810424",
    "movie_id": "104493",
    "author": "kkt7****",
    "review": "너무 재밌게보고있어요~",
    "rating": "10",
    "date": "13.08.01"
  },
  {
    "review_id": "7808438",
    "movie_id": "104493",
    "author": "jang****",
    "review": "문근영, 이상윤씨 좋아서 보기 시작했는데 매회를 거듭할수록 지루해져요. 광해는 매일 눈뜨고 코베이고, 정이는 순수하고 순진하지만 민폐인듯보여 짜증이나네요. 좀 현실감있고, 긴장감 있는 스토리 전개 ... 어찌 안되나요?",
    "rating": "2",
    "date": "13.08.01"
  },
  {
    "review_id": "7805349",
    "movie_id": "104493",
    "author": "kooy****",
    "review": ".",
    "rating": "10",
    "date": "13.08.01"
  },
  {
    "review_id": "7801383",
    "movie_id": "104493",
    "author": "k266****",
    "review": "아..오늘도 우는구나 문근영..볼라해도 보는내내 짜증나면서봐야하나..감동도없고슬프지도않는데 왜 눈물연기로 시청자 눈물샘뽑으려하는거지..매회마다한번씩우네.. 문근영드라마는 ...그게문제다",
    "rating": "2",
    "date": "13.07.31"
  },
  {
    "review_id": "7801085",
    "movie_id": "104493",
    "author": "dmsg****",
    "review": "항상 잘보구있어요~~!!",
    "rating": "10",
    "date": "13.07.31"
  },
  {
    "review_id": "7799939",
    "movie_id": "104493",
    "author": "518c****",
    "review": "전 재밌게 잘 시청하고 있습니다~ 끝까지 재밌고 멋진 작품이 되었으면 좋겠습니다 ㅎㅎ",
    "rating": "10",
    "date": "13.07.30"
  },
  {
    "review_id": "7799875",
    "movie_id": "104493",
    "author": "viru****",
    "review": "이상윤씨 땜시 드라마를 기다리고 있었는데,아역연기까지 좋았는데문근영씨 나오면서 몰입이 되지 않더군요.먼가 성숙한 여성스러움이 못자라는듯...저만 그런지,,눈 크게 뜨는 일관성된 얼굴표정도 그렇고,문근영씨 땜시 황금의 제국으로 갈아타여.T.T",
    "rating": "1",
    "date": "13.07.30"
  },
  {
    "review_id": "7798637",
    "movie_id": "104493",
    "author": "begi****",
    "review": "밑에분들 말에 동감하지만 저는 개인적으로 재미있게 보고있습니다, 배우들 연기도 마음에 들구요!",
    "rating": "10",
    "date": "13.07.29"
  },
  {
    "review_id": "7798560",
    "movie_id": "104493",
    "author": "nova****",
    "review": "밑에 분 제가 하고싶은 말을 아주 속시원히 잘해주셨습니다 ㅎㅎ 아무리 주제가 도자기이지만  좀 억지를 쓰는 듯.글구 문근영 점점 민폐캐릭터로 전락하는 듯. 오지랖도 정도껏이지 저러다 두 남주 모두 위기로 빠뜨리고말지 ㅉㅉ .",
    "rating": "1",
    "date": "13.07.29"
  },
  {
    "review_id": "7798265",
    "movie_id": "104493",
    "author": "gohi****",
    "review": "정말 욕밖에 나오지 않는다 조선시대 왕이 할 일이 너무 없어서 허구헌날 도자기만 주관심사이고 마치 조선이라는 국가가 도자기만 있고 도자기만들기가 모든 백성의 일과인것 같은 이상한나라의 정이 라는 소설보는것 같다, 잼따고 보는 사람들 뇌구조가 궁금하다.",
    "rating": "1",
    "date": "13.07.29"
  },
  {
    "review_id": "7797818",
    "movie_id": "104493",
    "author": "pyas****",
    "review": "배우들의 연기 진짜 good입니다. ㅎ",
    "rating": "10",
    "date": "13.07.29"
  },
  {
    "review_id": "7796321",
    "movie_id": "104493",
    "author": "cute****",
    "review": "기다려집니다.. 설레어요.",
    "rating": "10",
    "date": "13.07.29"
  },
  {
    "review_id": "7795430",
    "movie_id": "104493",
    "author": "vydb****",
    "review": "매일매일을기다려요ㅠㅠ빨리보고싶네요",
    "rating": "10",
    "date": "13.07.28"
  },
  {
    "review_id": "7787921",
    "movie_id": "104493",
    "author": "hanb****",
    "review": "배우들 연기 정말 잘하시는 거 같아요ㅎㅎ",
    "rating": "10",
    "date": "13.07.26"
  },
  {
    "review_id": "7787877",
    "movie_id": "104493",
    "author": "semi****",
    "review": "뭐징 .. 보고있는데 이 엉성한 드라마는 ..내용은 괜찮은거 같은데 연출이 엉망이네 집중 더럽게 안돼네 ㅋ",
    "rating": "1",
    "date": "13.07.26"
  },
  {
    "review_id": "7780723",
    "movie_id": "104493",
    "author": "alwj****",
    "review": "이상윤!!너무너므머싯짜나♥♥",
    "rating": "10",
    "date": "13.07.24"
  },
  {
    "review_id": "7780205",
    "movie_id": "104493",
    "author": "rose****",
    "review": "빠른전개 죠음ㅋ 근데 광해 넘 당하니깐 짜응남..ㅠ ㅋㅋ빨리 9화 보고시픔!!!",
    "rating": "10",
    "date": "13.07.24"
  }
]