[
  {
    "review_id": "9749289",
    "movie_id": "104436",
    "author": "stin****",
    "review": "1편과 같은 감독님이라 보았는데...긴 말안할게여 ㅠ.ㅠ",
    "rating": "2",
    "date": "15.03.01"
  },
  {
    "review_id": "9626323",
    "movie_id": "104436",
    "author": "gaiu****",
    "review": "클레멘타인타인 이후 최고의 명작이에요 다만 좀 아쉬운점은 19금인점이 아쉽네요 청소년들의 정서함양과 풍부한 감성을 위해서 19금 좀 풀어주세요",
    "rating": "10",
    "date": "15.01.23"
  },
  {
    "review_id": "9539068",
    "movie_id": "104436",
    "author": "asqz****",
    "review": "애부터가 소년처럼 안생겼음 ㅋㅋ",
    "rating": "1",
    "date": "14.12.30"
  },
  {
    "review_id": "9488757",
    "movie_id": "104436",
    "author": "tank****",
    "review": "연기 진짜 못하네...ㅉㅉ",
    "rating": "1",
    "date": "14.12.19"
  },
  {
    "review_id": "9417613",
    "movie_id": "104436",
    "author": "toto****",
    "review": "왜 이렇게 허접해... 아마추어가 만든 영화 같다.",
    "rating": "4",
    "date": "14.11.24"
  },
  {
    "review_id": "9343629",
    "movie_id": "104436",
    "author": "nabi****",
    "review": "지금 티브이에나와서보는데ㅡㅡ야할려면 야하든지ㅡ참 어색하다어삭해 연기도 스토리도",
    "rating": "2",
    "date": "14.11.06"
  },
  {
    "review_id": "8956304",
    "movie_id": "104436",
    "author": "a109****",
    "review": "1편은 볼만 햇는데 2편은 그냥 에로비디오수준.그나마 여배우때문에 에로는 면한듯..",
    "rating": "5",
    "date": "14.07.25"
  },
  {
    "review_id": "8829107",
    "movie_id": "104436",
    "author": "ekdm****",
    "review": "주인공들 비주얼은 물론이고 스토리도  전작이 훨씬 낫다.",
    "rating": "5",
    "date": "14.06.14"
  },
  {
    "review_id": "8767973",
    "movie_id": "104436",
    "author": "casa****",
    "review": "전작 녹색의자와는 달리 영화가  조금 더 인디스러워진  느낌이랄까...저는 개인적으로 차분하게 잘 봤어요. 인지도 없는 신인을 주연으로 내세운것도 참신했고요.",
    "rating": "10",
    "date": "14.05.26"
  },
  {
    "review_id": "8765489",
    "movie_id": "104436",
    "author": "dlwo****",
    "review": "익숙한 영화긴 한데...",
    "rating": "6",
    "date": "14.05.25"
  },
  {
    "review_id": "8755718",
    "movie_id": "104436",
    "author": "heeh****",
    "review": "남자 주인공이 연기를 정말 너무너무 못함 ㅡ,.ㅡ",
    "rating": "4",
    "date": "14.05.23"
  },
  {
    "review_id": "8661410",
    "movie_id": "104436",
    "author": "doux****",
    "review": "예술영화 한편 본거 같아요. 잘 봤습니다.",
    "rating": "10",
    "date": "14.04.20"
  },
  {
    "review_id": "8654077",
    "movie_id": "104436",
    "author": "korn****",
    "review": "허세넘치는 대사와 연출. 80년대 영화같은 촌스러움을 고수하는 이유가 무엇인지 끝까지 이해못하겠다.",
    "rating": "2",
    "date": "14.04.16"
  },
  {
    "review_id": "8631593",
    "movie_id": "104436",
    "author": "jodi****",
    "review": "좀 이런 영화  안나왔음 합니다",
    "rating": "4",
    "date": "14.04.06"
  },
  {
    "review_id": "8615432",
    "movie_id": "104436",
    "author": "mard****",
    "review": "비주얼이 심하게 너프됐다",
    "rating": "3",
    "date": "14.03.29"
  },
  {
    "review_id": "8615429",
    "movie_id": "104436",
    "author": "mard****",
    "review": "비쥬얼 너프가 너무 심하다",
    "rating": "2",
    "date": "14.03.29"
  },
  {
    "review_id": "8541103",
    "movie_id": "104436",
    "author": "kis5****",
    "review": "재미없음.양념인 정사씬조차도 별루. 그나마 여주가 이시영이나 이영애 느낌이나서 조금 눈여겨 보게되는거이외엔 정말 봐줄게없는영화.",
    "rating": "4",
    "date": "14.02.27"
  },
  {
    "review_id": "8533256",
    "movie_id": "104436",
    "author": "dg_2****",
    "review": "전작 녹색의자보다 비주얼로 보나, 내용으로 보나 몰입하기 힘들었어요.. 계속 서정과 심지호만 생각났네요.",
    "rating": "3",
    "date": "14.02.24"
  },
  {
    "review_id": "8491396",
    "movie_id": "104436",
    "author": "opwq****",
    "review": "굉장이 많이 미화 됐네요. 선생과 학생이 관계 맺은건 맞지만 실상은 학생이 협박의 고의로  접근해서  관계를 맺은후 선생에게 간통으로 고소할꺼라면서 협박한 사건이죠 영화는 잘봤습니다.",
    "rating": "10",
    "date": "14.02.09"
  },
  {
    "review_id": "8478074",
    "movie_id": "104436",
    "author": "isin****",
    "review": "여주인공만 인상적인 영화 한때 어미라는 영화로 당시로선 파격적인 스릴러를 선보이신 박철수 감독님이지만 역시 세월의 속도를 못따라가신듯..연출 대사 영상 연기...모든부분이 어색해서 자꾸 스킵하게 되네요",
    "rating": "1",
    "date": "14.02.05"
  },
  {
    "review_id": "8406151",
    "movie_id": "104436",
    "author": "desi****",
    "review": "노출이나  정사신에선  부드럽고 매끄럽지 못한게 사실인데..연기도 어설프고..무엇보다 공감되는건 영화속 대사..대사에서 참 많은 생각이 들더라..현실적이면서도 둘의 사이에 소통이 이렇게 자연스럽고 운명적일 수도 있구나란 생각...",
    "rating": "6",
    "date": "14.01.21"
  },
  {
    "review_id": "8363774",
    "movie_id": "104436",
    "author": "donj****",
    "review": "로맨스 영화보면서 이렇게 나이에맞는 캐스팅한 영화는 드문데 이건 정말 멋진듯.. 영화같은 화질보다 동영상같은 느낌이 나서 더욱 현실감이랄까.. 그게 확 와닿는듯..",
    "rating": "10",
    "date": "14.01.09"
  },
  {
    "review_id": "8222155",
    "movie_id": "104436",
    "author": "dlaf****",
    "review": "그냥재미없음;;;;",
    "rating": "1",
    "date": "13.12.18"
  },
  {
    "review_id": "8202455",
    "movie_id": "104436",
    "author": "adiv****",
    "review": "기대안하고 봐야 볼만함",
    "rating": "5",
    "date": "13.12.09"
  },
  {
    "review_id": "8197052",
    "movie_id": "104436",
    "author": "mice****",
    "review": "뻔하고 허접한 스토리는 그렇다쳐도 연기는 왜이렇게 오그라드는지. 그나마 남자주인공이 나은편",
    "rating": "4",
    "date": "13.12.07"
  },
  {
    "review_id": "8195672",
    "movie_id": "104436",
    "author": "tgk7****",
    "review": "별한개도 아깝다.저따위 몸으로 이런영화를 찍은 배우의 용기가 대단하다고 생각한다.마르기만하면 되는줄안다.전작을 따라가질 못한다.서정이 생각나는건 나쁜인가?",
    "rating": "1",
    "date": "13.12.07"
  },
  {
    "review_id": "8181876",
    "movie_id": "104436",
    "author": "phil****",
    "review": "진혜경이라는 배우의 앞으로의 성장을 기대하며...",
    "rating": "7",
    "date": "13.12.01"
  },
  {
    "review_id": "8170707",
    "movie_id": "104436",
    "author": "kors****",
    "review": "스킵하며 중요부분문 봤다.  잘 기억 나진 않지만 전작에 비해 배드신이 적은 것이  아쉽다. 좋지 않은  연기지만 OOOO 에로 치고는 연기가 고급니다.",
    "rating": "3",
    "date": "13.11.27"
  },
  {
    "review_id": "8150900",
    "movie_id": "104436",
    "author": "fien****",
    "review": "박철수 감독님께 대신 사과 말씀 드리고 싶네요.",
    "rating": "2",
    "date": "13.11.18"
  },
  {
    "review_id": "8150532",
    "movie_id": "104436",
    "author": "dlar****",
    "review": "나도 이런 사랑 해봤으면... 다시는 감독님 영화 못보겠네요.",
    "rating": "4",
    "date": "13.11.18"
  },
  {
    "review_id": "8145762",
    "movie_id": "104436",
    "author": "7942****",
    "review": "신인배우 진혜경님의 안정적인 보이스와 연기가 참 좋았습니다. 극을 끌고 나가는 힘이 있었던 배우이네요.인간의 모습을 한번쯤 돌아보게 하는 영화였던것 같습니다.노출과  선정성보다 삶의 진정한 의미를 한번쯤 생각하게끔 만들어준 영화여서 좋았습니다.",
    "rating": "10",
    "date": "13.11.17"
  },
  {
    "review_id": "8143873",
    "movie_id": "104436",
    "author": "mirj****",
    "review": "사랑 가능한가? 반대로 남여가 바뀌었다면 가능한가? 보는 시각에 따라...",
    "rating": "8",
    "date": "13.11.16"
  },
  {
    "review_id": "8142001",
    "movie_id": "104436",
    "author": "qube****",
    "review": "이런 졸작은 10점 주지 않는 것은 고인이 된 명감독에 대한 존경심의 부재하 생각된다. 아마도 박감독은 죽기 직전 노망이 들어 색정남이 되었음이 분명하다. 즐 딸~!!!",
    "rating": "10",
    "date": "13.11.15"
  },
  {
    "review_id": "8136125",
    "movie_id": "104436",
    "author": "kalo****",
    "review": "나를 다른 모습으로 비춰주는 거울과 같은 영화. 나는 점점 나이가 들어가고 때묻어 가는데, 나에게 순수함이란 어떤 의미일지 순수함만으로 사랑이 될 수 있을까질문하게 해준 영화. 김도성은 순수함 그 자체로, 순수함을 너무나도 당돌하게 잘 표현했다.",
    "rating": "10",
    "date": "13.11.14"
  },
  {
    "review_id": "8135038",
    "movie_id": "104436",
    "author": "agaw****",
    "review": "며느리와 시어머니 얼굴이 너무 똑같다....",
    "rating": "4",
    "date": "13.11.13"
  },
  {
    "review_id": "8130325",
    "movie_id": "104436",
    "author": "dust****",
    "review": "마지막 작품이라 아쉽습니다",
    "rating": "6",
    "date": "13.11.10"
  },
  {
    "review_id": "8117795",
    "movie_id": "104436",
    "author": "alsd****",
    "review": "여러분들 김도성 연기가 오글거린다고들 하는데 솔직히 여러분들 저정도 연기할수있어요? 처음찍는 영화인데 저정도면 잘하는거죠 영화 정말재미있었고 항상 화이팅이에요!",
    "rating": "10",
    "date": "13.11.06"
  },
  {
    "review_id": "8117449",
    "movie_id": "104436",
    "author": "earr****",
    "review": "전혀기대안하고봐서그런지... 연기들도기대이상이었고 시나리오도 나쁘지않다고생각합니다 근데 배경이 2010년이던데 개봉이 늦어진이유가궁금하네요",
    "rating": "10",
    "date": "13.11.05"
  },
  {
    "review_id": "8117286",
    "movie_id": "104436",
    "author": "thek****",
    "review": "남자주인공 오글거림..우웩. 그리고 이런상황이 현실에서 일어나냐? 난 구경도 못함.",
    "rating": "1",
    "date": "13.11.05"
  },
  {
    "review_id": "8114513",
    "movie_id": "104436",
    "author": "mrcs****",
    "review": "너무 재밌어요. 꼭 보셔요",
    "rating": "10",
    "date": "13.11.04"
  },
  {
    "review_id": "8114104",
    "movie_id": "104436",
    "author": "cad0****",
    "review": "요즘 누가 돈주고 이런쟝르 보냐??  흔한 불륜 애정 멜로이런거,,반전스릴러 같은 거 보지..대부분",
    "rating": "4",
    "date": "13.11.04"
  },
  {
    "review_id": "8111742",
    "movie_id": "104436",
    "author": "roll****",
    "review": "솔직히 안넘기면서 본사람 몇이나될까?ㅋ 실화던모던 이걸 나쁘게도 표현하는 영화의 수는 적다는게 씁쓸하다",
    "rating": "1",
    "date": "13.11.03"
  },
  {
    "review_id": "8105482",
    "movie_id": "104436",
    "author": "mywl****",
    "review": "김도성  멋져요!  화이팅!ㅋㅋㅋ대박나시길..",
    "rating": "10",
    "date": "13.10.31"
  },
  {
    "review_id": "8103953",
    "movie_id": "104436",
    "author": "asic****",
    "review": "박철수 감독의 유작.빈자리가 큽니다.",
    "rating": "10",
    "date": "13.10.31"
  }
]