[
  {
    "review_id": "9036685",
    "movie_id": "104488",
    "author": "sony****",
    "review": "제발좀그만해슈스케!",
    "rating": "1",
    "date": "14.08.06"
  },
  {
    "review_id": "8837052",
    "movie_id": "104488",
    "author": "jimi****",
    "review": "너무식상하고재미없음",
    "rating": "1",
    "date": "14.06.17"
  },
  {
    "review_id": "8769007",
    "movie_id": "104488",
    "author": "aire****",
    "review": "박재정 목소리 매우 좋아요♥",
    "rating": "10",
    "date": "14.05.27"
  },
  {
    "review_id": "8156572",
    "movie_id": "104488",
    "author": "shs4****",
    "review": "모든시즌에서 이번시즌이 제일별로;;;왜 인기없서졋는지알겟네....에휴 똑같은걸로5번우려먹엇스니깐 그만나오겟지...무슨 소리만지르면 우승하네",
    "rating": "1",
    "date": "13.11.21"
  },
  {
    "review_id": "8155219",
    "movie_id": "104488",
    "author": "mjsu****",
    "review": "아주좋아*^^*^-^^L^",
    "rating": "10",
    "date": "13.11.20"
  },
  {
    "review_id": "8149251",
    "movie_id": "104488",
    "author": "side****",
    "review": "0점못주나?진심 1점도 아깝다",
    "rating": "1",
    "date": "13.11.18"
  },
  {
    "review_id": "8149228",
    "movie_id": "104488",
    "author": "sid5****",
    "review": "슈스케 조작임 제가 1기부터게속봣는데 결승전때 무조건 1번이아닌 2번이 우승함 서인국,허각,울랄라,로이킴,박재정등 결승전때 전부2번이엇음",
    "rating": "1",
    "date": "13.11.18"
  },
  {
    "review_id": "8146454",
    "movie_id": "104488",
    "author": "dlek****",
    "review": "대박ㅋㅋㅋ이제까지 슈스케 결승중 단연 최악",
    "rating": "1",
    "date": "13.11.17"
  },
  {
    "review_id": "8145016",
    "movie_id": "104488",
    "author": "kjh9****",
    "review": "비록 망작이지만 그들의 노력은 인정하자",
    "rating": "10",
    "date": "13.11.16"
  },
  {
    "review_id": "8144731",
    "movie_id": "104488",
    "author": "uh04****",
    "review": "우승상금5억이아깝다진짜아깝다박재정씨기부하면안되나",
    "rating": "1",
    "date": "13.11.16"
  },
  {
    "review_id": "8144487",
    "movie_id": "104488",
    "author": "wth3****",
    "review": "나는 솔직히 이번 시즌그렇게 나쁘게만 보지많은 않음 물론 인기빨도 없잖아 있지만 그래도 나는 그럭저럭 만족함",
    "rating": "7",
    "date": "13.11.16"
  },
  {
    "review_id": "8143705",
    "movie_id": "104488",
    "author": "hyel****",
    "review": "진짜이건너무한거아닌가요? 슈퍼스타k라는 오디션이처음나왔을때 실력만으로단하나의슈퍼스타케이를 만들도록하겠다는말은 다 무의미였나봐요ㅋㅋ거의인기투표로올라가고 심사위원점수가50점차이나도노래를잘부른사람이떨어지고ㅋㅋ진짜어이가없네요",
    "rating": "1",
    "date": "13.11.16"
  },
  {
    "review_id": "8143600",
    "movie_id": "104488",
    "author": "kkc2****",
    "review": "하지마라~~공정하지 않을거면..",
    "rating": "1",
    "date": "13.11.16"
  },
  {
    "review_id": "8143324",
    "movie_id": "104488",
    "author": "rlar****",
    "review": "난변상국 탈락할때부터ㅇ알아봤음..아 그리고 송희진 탈락머냐고!!",
    "rating": "1",
    "date": "13.11.16"
  },
  {
    "review_id": "8142893",
    "movie_id": "104488",
    "author": "gurc****",
    "review": "진짜 슈스케 버스커 버스커, 허각, 울랄라세션 나올땐 재밌는데 갈수록 재미가 없어요 제 친구들도 박재정은 얼굴로 붙었다고 함 그리고 전에 박재정이 \"추억속의 그대\" 부르는데 채널 돌렸습니다. 슬픈노래를 어떻게 저 따구로 바꾸는지 -_-;;",
    "rating": "1",
    "date": "13.11.16"
  },
  {
    "review_id": "8142863",
    "movie_id": "104488",
    "author": "c513****",
    "review": "재정사랑 제작진빼고 출연진들은 다 ㄱㅊ",
    "rating": "10",
    "date": "13.11.16"
  },
  {
    "review_id": "8142788",
    "movie_id": "104488",
    "author": "par_****",
    "review": "재정아 우승 진심으로 축하한다 ..! 감격이 가시질않네요",
    "rating": "10",
    "date": "13.11.16"
  },
  {
    "review_id": "8142773",
    "movie_id": "104488",
    "author": "ckzk****",
    "review": "내평점 아오 진짜 사랑과전쟁 다보고 돌렸는데도 아직도 심사 질질끌고 있냐 OO들 진짜 욕나온다..적당히해라 합격자하나 가리는데60초 이OOO하고 앉았네.. 시청자가 그렇게 만만하디?시청률올려줘서 니들 다 밥먹여주는건데 그따위로 해쳐먹어? 똑바로해라진짜",
    "rating": "1",
    "date": "13.11.16"
  },
  {
    "review_id": "8142702",
    "movie_id": "104488",
    "author": "79pi****",
    "review": "왜 문투공개도안함? 조작함?망할 지들살려고 조작하는거봐라",
    "rating": "1",
    "date": "13.11.16"
  },
  {
    "review_id": "8142693",
    "movie_id": "104488",
    "author": "5128****",
    "review": "올해 최악의 프로그램, 최악의 제작진, 최악의 심사위원, 최악의 교차편집. 결과는 아웃오브안중",
    "rating": "1",
    "date": "13.11.16"
  },
  {
    "review_id": "8142692",
    "movie_id": "104488",
    "author": "chul****",
    "review": "슈케 제작진의 우승 축카합니다. 왠만하면 티 안나가 좀 하면볼만하겠는데 너무 티  내면 재미 없잔아~~~~⊙⊙",
    "rating": "1",
    "date": "13.11.16"
  },
  {
    "review_id": "8142652",
    "movie_id": "104488",
    "author": "capa****",
    "review": "이건없어져야되진심.",
    "rating": "1",
    "date": "13.11.16"
  },
  {
    "review_id": "8142649",
    "movie_id": "104488",
    "author": "mcsu****",
    "review": "다른걸 다떠나서 심사위원이 뽑는우승자가 대국민 우승자인가요? 박시환 결승무대 진짜 못했다고 생각하는데요딱히 박재정이 겁나 잘한것도 아니고 무슨 댁들이 심사위원이라고 도전자들 우롱하나요? 시즌2때도 그러더만 참내 인권침해하는것도 아니고 접어요 그냥",
    "rating": "2",
    "date": "13.11.16"
  },
  {
    "review_id": "8142644",
    "movie_id": "104488",
    "author": "caca****",
    "review": "별1개도아깝다ㅉㅉㅉㅉ",
    "rating": "1",
    "date": "13.11.16"
  },
  {
    "review_id": "8142636",
    "movie_id": "104488",
    "author": "z116****",
    "review": "할말을 잃었다....배철수는 또 머래ㅠ여러분의 선택이라니 ㅠ제작진,국민 다 잘못이다...심사위원이 젤 짠해박재정이랑 박시환은 욕먹어도 안불쌍해그 실력에 차도 받고 돈도받았으니 퉁쳐라",
    "rating": "1",
    "date": "13.11.16"
  },
  {
    "review_id": "8142634",
    "movie_id": "104488",
    "author": "hjm0****",
    "review": "여러분의 선택이라더니 자기들 뜻대로 모든 상황 몰고가네요",
    "rating": "1",
    "date": "13.11.16"
  },
  {
    "review_id": "8142633",
    "movie_id": "104488",
    "author": "ghkd****",
    "review": "이번시즌 최악...완전허접에 음악도...으이~~~",
    "rating": "1",
    "date": "13.11.16"
  },
  {
    "review_id": "8142628",
    "movie_id": "104488",
    "author": "akzk****",
    "review": "별 반개주기도 아깝다ㅡㅡ 이번시즌 왜이래 누가바도 우승은 송희진이였다 송희진이 젤 노래잘하는듯",
    "rating": "1",
    "date": "13.11.16"
  },
  {
    "review_id": "8142623",
    "movie_id": "104488",
    "author": "njao****",
    "review": "망한 프로그램. 솔직히 시즌3까지였다",
    "rating": "1",
    "date": "13.11.16"
  },
  {
    "review_id": "8142620",
    "movie_id": "104488",
    "author": "jnl1****",
    "review": "허각이스타성으로뽑혀서이래잘나가나..박재정박시환둘다 심사평안좋으니까카메라에대고얼굴표정다썩고.. 좀더 개선된편집과 먼가바꾸려고만하지말고 결국엔초심으로돌아가야한다는것을 깨우치시길..",
    "rating": "1",
    "date": "13.11.16"
  },
  {
    "review_id": "8142616",
    "movie_id": "104488",
    "author": "diso****",
    "review": "최악이다 진짜.. 아쉬울 뿐이네",
    "rating": "1",
    "date": "13.11.16"
  },
  {
    "review_id": "8142617",
    "movie_id": "104488",
    "author": "seoh****",
    "review": "누가 이겼는지 빨리 알려주시오!!",
    "rating": "6",
    "date": "13.11.16"
  },
  {
    "review_id": "8142613",
    "movie_id": "104488",
    "author": "goja****",
    "review": "박시환 박재정 둘다 우승후보에 올라가긴 실력이부족하단생각! 심사위원 특히 이승철씨 심사평 너무하셨어요ㅠ엠넷의 그리고 슈스케의 억지와 조작과 등등 여러가지 그런것들?에 두사람 말렸단 생각만 드네요 ㅠ",
    "rating": "2",
    "date": "13.11.16"
  },
  {
    "review_id": "8142608",
    "movie_id": "104488",
    "author": "cyd2****",
    "review": "슈스케 역대 최악이네요... 이런사람들을 뽑아놓다니.. 누가되든 우승상금이 아깝네요 결승전 진짜 개실망..그래도 고생한 박시환 박재정 수고햇어요",
    "rating": "1",
    "date": "13.11.16"
  },
  {
    "review_id": "8142607",
    "movie_id": "104488",
    "author": "nimo****",
    "review": "1점너무아깝다 -10000점이 젤적당한 시즌5 인듯",
    "rating": "1",
    "date": "13.11.16"
  },
  {
    "review_id": "8142602",
    "movie_id": "104488",
    "author": "tkfk****",
    "review": "슈스케 2부터봣는데 5는ㄴ진짜실패인듯",
    "rating": "1",
    "date": "13.11.16"
  },
  {
    "review_id": "8142599",
    "movie_id": "104488",
    "author": "angm****",
    "review": "역대최악의 슈퍼스타k 감동도 긴장감없는..암튼 최악이다",
    "rating": "1",
    "date": "13.11.16"
  },
  {
    "review_id": "8142598",
    "movie_id": "104488",
    "author": "jule****",
    "review": "웬지 씁쓸하네요‥김성주 사회본다고 애쓴다‥",
    "rating": "1",
    "date": "13.11.16"
  },
  {
    "review_id": "8142583",
    "movie_id": "104488",
    "author": "kms2****",
    "review": "역대 쓰레기 1점도 아깝다",
    "rating": "1",
    "date": "13.11.16"
  },
  {
    "review_id": "8142582",
    "movie_id": "104488",
    "author": "csl0****",
    "review": "다음부터 그냥 하지마라",
    "rating": "1",
    "date": "13.11.16"
  },
  {
    "review_id": "8142578",
    "movie_id": "104488",
    "author": "ksj2****",
    "review": "결승전 제일 잘한 사람은 오늘 특별무대 참석한 송희진이다",
    "rating": "1",
    "date": "13.11.16"
  },
  {
    "review_id": "8142574",
    "movie_id": "104488",
    "author": "dj52****",
    "review": "평점1도 아까운데 그 이하가 없네요. 이때까지 시즌중에서 가장 형편이 없네요. 할말이 없음...",
    "rating": "1",
    "date": "13.11.16"
  },
  {
    "review_id": "8142543",
    "movie_id": "104488",
    "author": "zkzk****",
    "review": "솔직히 결승이면 결승답게 치열해야되는데 그저그런거같아연 울랄라세션은 암환자있어도 그렇게잘부르는데 슈스케잘오다가 시즌5에서 망친것같다...",
    "rating": "1",
    "date": "13.11.16"
  },
  {
    "review_id": "8142522",
    "movie_id": "104488",
    "author": "swsy****",
    "review": "슈스케 이번에 편곡들도 난잡하고.편집도 편향되더니 결국 이런 결과.. 실력들도 영..박시환을 욕하고 싶진 않다.어쨌든 매번 최선을 다했을테니.",
    "rating": "1",
    "date": "13.11.16"
  },
  {
    "review_id": "8142505",
    "movie_id": "104488",
    "author": "nmj0****",
    "review": "최악의 서바이벌이었습니다",
    "rating": "1",
    "date": "13.11.16"
  },
  {
    "review_id": "8142486",
    "movie_id": "104488",
    "author": "ekth****",
    "review": "슈스케망해가나;;결승에서 심사위원입에서 최악이란말나올정도로 노랴못부르는얘들을  장난안치고 저정도면 각학교에잇는 노래좀잘하는얘수준밖에 안돼는구만 허각 울랄라세션 버스커버스커 정준영 로이킴 이정도클라스 돼는얘들뽑다가 뭐하는짓이냐",
    "rating": "1",
    "date": "13.11.16"
  },
  {
    "review_id": "8142481",
    "movie_id": "104488",
    "author": "heli****",
    "review": "박시환 삑사리에 순간 핸폰 던질뻔...윽!! 나름 결승인데.. 짠허네여...",
    "rating": "1",
    "date": "13.11.16"
  },
  {
    "review_id": "8142450",
    "movie_id": "104488",
    "author": "kkhl****",
    "review": "슈스케가 왜 이렇게 됬죠?결승자 두명을 보니 실망스럽기만 하내요방송재작전에 이번에는 제작의도가 다르다고 공지를 했으면 더 나을뻔했습니다감동도 없고 노래실력도 안되고 뭘 보란말인지!40십대인데도 실망스럽기만합니다",
    "rating": "1",
    "date": "13.11.16"
  },
  {
    "review_id": "8142436",
    "movie_id": "104488",
    "author": "lsc2****",
    "review": "그동안 탑탠들이 스쳐지나가네 아..이번에 나올껄 하겠다 제작진은 울고싶겠네 이런 개망ㅋㅋㅋ",
    "rating": "1",
    "date": "13.11.16"
  },
  {
    "review_id": "8142424",
    "movie_id": "104488",
    "author": "tong****",
    "review": "실망 실망 실망!완죤 좋아하던 프로였는데!이번은 정말 실망 입니다",
    "rating": "1",
    "date": "13.11.16"
  },
  {
    "review_id": "8142421",
    "movie_id": "104488",
    "author": "sood****",
    "review": "노래를 뭐 저딴걸 부르냐..박시환 흐린기억속의그대 진짜 미친거아니야..왜 자꾸 어울리지도않는 락이나 헤비메탈을 하냐고.. 박시환 응원했는데 노래 OO같이 선곡해서 짜증난다..제작진이 한심하다..결승전에서 너무 진짜 한심하다..그냥 폐지해라!!",
    "rating": "1",
    "date": "13.11.16"
  },
  {
    "review_id": "8142417",
    "movie_id": "104488",
    "author": "crow****",
    "review": "아 솔직히 2점도 아깝다 솔까 슈스케 3까지만 좋앗 그러게 왜 더해가지고 욕을 들어먹으시냐고요 무슨 부귀영화를 누리려고 결론은 60초후 공개도 싫고 인기빨로 뽑는것도 싫고 심사위원 평빼곤 다 맘에 안듬 아니 오디션철 지난지가 언젠데",
    "rating": "2",
    "date": "13.11.16"
  },
  {
    "review_id": "8142416",
    "movie_id": "104488",
    "author": "inte****",
    "review": "이번 시즌은 전체적으로 완전 꽝~",
    "rating": "1",
    "date": "13.11.16"
  },
  {
    "review_id": "8142414",
    "movie_id": "104488",
    "author": "enzh****",
    "review": "이번시즌  증말 실망스럽다..!느낀건 노래정말못한다 .이게 결승전이냐.. 투표하긴아깝네.",
    "rating": "1",
    "date": "13.11.16"
  },
  {
    "review_id": "8142364",
    "movie_id": "104488",
    "author": "wjwj****",
    "review": "진심개판오분전이네 잘하는애들다떨어트리고 애들 장기자랑나온거도아니고 뭐하는건지",
    "rating": "1",
    "date": "13.11.15"
  },
  {
    "review_id": "8142353",
    "movie_id": "104488",
    "author": "suny****",
    "review": "수학여행 장기자랑이냐....",
    "rating": "1",
    "date": "13.11.15"
  },
  {
    "review_id": "8142281",
    "movie_id": "104488",
    "author": "drgo****",
    "review": "지금까지의 슈스케 중 최악~그리고 더이상 해외 애들 불러오지마라~세금 내는 입장에서 돈 아깝다~슈퍼스타k지 슈퍼스타w냐?",
    "rating": "1",
    "date": "13.11.15"
  },
  {
    "review_id": "8142267",
    "movie_id": "104488",
    "author": "hyje****",
    "review": "꼽으면 니네가 슈스케보지말든가 ㅋ",
    "rating": "10",
    "date": "13.11.15"
  },
  {
    "review_id": "8142220",
    "movie_id": "104488",
    "author": "noen****",
    "review": "실망....이번 시즌5는 진짜 별로다 ..",
    "rating": "1",
    "date": "13.11.15"
  },
  {
    "review_id": "8142121",
    "movie_id": "104488",
    "author": "dooh****",
    "review": "심사위원 비율좀 높이자.. 긴장감도 없고 송희진이 안불쌍하나..",
    "rating": "1",
    "date": "13.11.15"
  },
  {
    "review_id": "8142094",
    "movie_id": "104488",
    "author": "yemi****",
    "review": "와ㅏㅏ 진짜 문투 짜증난다. 뭐 맨날 심사위원 투표는 뒤집어져-- 뭐 대국민 투표라 한답시고 60%는 너무했다. 진짜 박시환이 왜 맨날 문투 일등인지 이해 안감.",
    "rating": "1",
    "date": "13.11.15"
  },
  {
    "review_id": "8141436",
    "movie_id": "104488",
    "author": "jms1****",
    "review": "정말 실력자 .인기투표에서 모자라서 탈락박시환보다 송희진이 헐 잘했는데 아싑ㅠ심사위원들점수가 바보가 댓음ㅠㅠ",
    "rating": "1",
    "date": "13.11.15"
  },
  {
    "review_id": "8141275",
    "movie_id": "104488",
    "author": "1211****",
    "review": "박시환우승할듯!!!!",
    "rating": "10",
    "date": "13.11.15"
  },
  {
    "review_id": "8134190",
    "movie_id": "104488",
    "author": "jsl0****",
    "review": "그냥 노래로말고 얼짱대회로 프로그램개편이 더 빠른듯 심사위원들 허수아비만들고 문자투표로 1등만들꺼면 그냥 얼짱대회로 전향하삼 제작진들 바보인것 같다",
    "rating": "1",
    "date": "13.11.12"
  },
  {
    "review_id": "8132926",
    "movie_id": "104488",
    "author": "leey****",
    "review": "인기도 물론 중요하지만 박시환과 송희진은 확실히 실력차가 있었는데 송희진이 왜 탈락해요? 송희진 탈락하고 난 침대에 누워서 울었음",
    "rating": "2",
    "date": "13.11.11"
  },
  {
    "review_id": "8132507",
    "movie_id": "104488",
    "author": "magi****",
    "review": "역대 슈스케시즌상 최악",
    "rating": "1",
    "date": "13.11.11"
  },
  {
    "review_id": "8131369",
    "movie_id": "104488",
    "author": "cook****",
    "review": "제발 심사위원 점수 반영비율좀 높여라문자투표 10만건 간신히 넘기는 주제에 대국민투표 개소리 집어치우고;;무슨 가수오디션을 얼굴보고 뽑고 있어",
    "rating": "1",
    "date": "13.11.11"
  },
  {
    "review_id": "8130565",
    "movie_id": "104488",
    "author": "supe****",
    "review": "슈스케는  3에서 정점찍고  거기서 끝냈어야 했다고 생각합니다 억지로  6 7 8 계속해서 나오는건아니죠? 회가 거듭 할수록  실력보다 인기투표의  비중이  높아질것 같네요",
    "rating": "1",
    "date": "13.11.10"
  },
  {
    "review_id": "8130271",
    "movie_id": "104488",
    "author": "gusw****",
    "review": "아진짜 그딴식으로 뽑을꺼면 슈스케왜하냐 심사위원은 정확하게  노래실력을 평가하기위해있는거아닌가 그리고 평가할 자격이제대로된 사람으로 평가를했어야지  송희진이 셋중에 제일노래잘한다  근데 이건무슨  실려이아니라인기빨로뽑네ㅋ 제발다음시즌엔 제대로하길",
    "rating": "1",
    "date": "13.11.10"
  },
  {
    "review_id": "8130262",
    "movie_id": "104488",
    "author": "sims****",
    "review": "슈스케는 진심으로 답이없다.ㅉㅉ난 K팝스타나 볼란다",
    "rating": "1",
    "date": "13.11.10"
  },
  {
    "review_id": "8129993",
    "movie_id": "104488",
    "author": "han6****",
    "review": "장난하는것도아니고 박시환이 뭐가 잘했다고 인기가 실력인가ㅡㅡ팬분들도 다른 사람에 입장을 생각하고존중해야지 왜자기들이좋아하는사람이라고 남들한테 그딴식으로애기하는거예요ㅋㅋ실력으루 승부하는거지 지들은하지도 못할거면서 송희진디스까고잇어ㅋㅋ",
    "rating": "1",
    "date": "13.11.10"
  },
  {
    "review_id": "8129551",
    "movie_id": "104488",
    "author": "jost****",
    "review": "너무피곤해서제일중요한본방을못봣엇는데정말희진언니탈락된거너무아쉬워요ㅜㅜ이럴줄알앗으면본방꼭보고 집전화엄마아빠내전화친구전화싹다동원해서문자투표하는건데..송희진언니가탈락될꺼라고는 전혀예상하지못했어요.. 팬이라서그런진모르겟지만 저는희진언니가 우승할줄알앗거든요...",
    "rating": "10",
    "date": "13.11.10"
  },
  {
    "review_id": "8128734",
    "movie_id": "104488",
    "author": "cncj****",
    "review": "이하늘 그거좀 빼세요. 심사하는게 아니라 놀러옹거같네요",
    "rating": "10",
    "date": "13.11.09"
  },
  {
    "review_id": "8128006",
    "movie_id": "104488",
    "author": "bs27****",
    "review": "노래실력으로뽑는게 맞냐? 박시환이 mama나가면 진짜 망신이다",
    "rating": "1",
    "date": "13.11.09"
  },
  {
    "review_id": "8127996",
    "movie_id": "104488",
    "author": "shjj****",
    "review": "슈스케5별로재미없다  노래도완전못부르던데 이번거는망한듯;;",
    "rating": "1",
    "date": "13.11.09"
  },
  {
    "review_id": "8127710",
    "movie_id": "104488",
    "author": "youm****",
    "review": "슈퍼스타k팬으로써 한마디만합시다이게뭡니까...노래실력으로뽑는거맞아요? 문자투표 60% 말이되나 상식적으로  이거보는사람이대부분여잔데  송희진양이뽑히겠습니까?노래실력으로뽑으십쇼 아니면방종하고 정말...진심으로",
    "rating": "1",
    "date": "13.11.09"
  },
  {
    "review_id": "8127407",
    "movie_id": "104488",
    "author": "ii03****",
    "review": "어제 셋 다 어제 정말 못하더만,, 그 상황에서 어이없는 심사 편파 판정으로 나은 결과가 박시환 합격 아닌가? 셋 다 똑같은 실력에 점수 차가 그렇게 나니 나 같아도 심사위원에게 열받아서 박시환 지지한다 송희진은 가창력만 있고 감동이 없어,",
    "rating": "1",
    "date": "13.11.09"
  },
  {
    "review_id": "8127341",
    "movie_id": "104488",
    "author": "love****",
    "review": "그냥 지들끼리.잔칰ㅋ 관심없다 빨랑 끝나라",
    "rating": "1",
    "date": "13.11.09"
  },
  {
    "review_id": "8127062",
    "movie_id": "104488",
    "author": "myun****",
    "review": "저정도실력으로 슈스케2나 3에 나왔으면 탑10은 고사하고 32강정도에서 다 탈락했을듯...",
    "rating": "1",
    "date": "13.11.09"
  },
  {
    "review_id": "8127008",
    "movie_id": "104488",
    "author": "lila****",
    "review": "시청률 상관없이 보는사람은 봅니다  개개인에 취향이지 ....그러나 극적인 요소들이 없는것보다 있는게 재미는 더하는듯  ....욕좀 먹드라도",
    "rating": "6",
    "date": "13.11.09"
  },
  {
    "review_id": "8126992",
    "movie_id": "104488",
    "author": "oran****",
    "review": "어떻게 하나 보다가 결국 채널 돌리게 만드는...이번껀 정말 실망이다",
    "rating": "1",
    "date": "13.11.09"
  },
  {
    "review_id": "8126969",
    "movie_id": "104488",
    "author": "adam****",
    "review": "슈스케도 이제 끝났네 ㅋㅋ 다른 프로그램 찾아보라 이제 빠질 단물 다빠짐 ㅋㅋ",
    "rating": "1",
    "date": "13.11.09"
  },
  {
    "review_id": "8126967",
    "movie_id": "104488",
    "author": "anda****",
    "review": "0점없네ㅡㅡ문자스타k",
    "rating": "1",
    "date": "13.11.09"
  },
  {
    "review_id": "8126959",
    "movie_id": "104488",
    "author": "9612****",
    "review": "변상국떨어지고 위블리같은애들넣더니 이젠 박시환붙이고 송희진떨어트리냐?어떻게심사위원점수가 제일높은애가 떨어져 아무리대국민문자투표가많은비율을 차지해도 이건에바야ㅋㅋㅋㅋ그리고어제변상국노래부를때눈물날뻔OO 존나탑텐떨어질때생각나서",
    "rating": "1",
    "date": "13.11.09"
  },
  {
    "review_id": "8126949",
    "movie_id": "104488",
    "author": "kit_****",
    "review": "답이없다 그냥ㅋㅋㅋㅋ",
    "rating": "1",
    "date": "13.11.09"
  },
  {
    "review_id": "8126884",
    "movie_id": "104488",
    "author": "whit****",
    "review": "슈스케정말실망입니다.그냥이번시즌에서끝내죠.",
    "rating": "1",
    "date": "13.11.09"
  },
  {
    "review_id": "8126869",
    "movie_id": "104488",
    "author": "hc10****",
    "review": "최악6는 하지마라 이러면 여성 참가자가 남았을때 무슨 긴장감으로 보냐? 60초 후 하지마라 광고도 관심없다 쯧쯧",
    "rating": "1",
    "date": "13.11.09"
  },
  {
    "review_id": "8126812",
    "movie_id": "104488",
    "author": "yuji****",
    "review": "슈퍼스타k가 아니라 인기스타k네ㅋㅋㅋ시즌3까지는 봐줄만 했는데 시즌4부터 진심 인기투표ㅋㅋㅋ 로이킴이 우승한것도 이해안되고 송희진이 떨어진것도 이해안됨;",
    "rating": "1",
    "date": "13.11.09"
  },
  {
    "review_id": "8126794",
    "movie_id": "104488",
    "author": "gigi****",
    "review": "슈스케는역시뻔한패턴ㅋㅋ대체뭘보고심사하는지모르겠음 문자투표로굴러가는게무슨실력이라구ㅋㅋㅋ이제그만좀할때된듯ㅋㅋ이번회진심실망이다ㅋㅋ",
    "rating": "1",
    "date": "13.11.09"
  },
  {
    "review_id": "8126772",
    "movie_id": "104488",
    "author": "fari****",
    "review": "전부다잘못된선택을한피디탓이지..ㅉㅉ참가자들이무슨죄ㅠ",
    "rating": "10",
    "date": "13.11.09"
  },
  {
    "review_id": "8126709",
    "movie_id": "104488",
    "author": "zofh****",
    "review": "최악의프로그램 문자비중은55퍼 노래못하는박시환은인기투표로 결승전까지 갔는데 노래잘하는송희진은탈락되고 걍5억날리는거지ㅉㅉ",
    "rating": "1",
    "date": "13.11.09"
  },
  {
    "review_id": "8126638",
    "movie_id": "104488",
    "author": "dnu0****",
    "review": "예선전때도재밋는부분도업섯고....탑10에서도재미맛대가리업섯고....이제시즌그만끝내세요...슈스케4는그나마기대이상은아녓는데꽤잘햇는데 이번건머....답이안나오네",
    "rating": "1",
    "date": "13.11.09"
  },
  {
    "review_id": "8126600",
    "movie_id": "104488",
    "author": "jood****",
    "review": "현재 슈스케의 최저 시청률이 2%이하로 떨어진다고 하는데, 그 사실을 보도 자료를 통해서만 알 수 있다그 이유는 '슈스케' 측이 그 사실을 숨기려 하기 때문이다.이전에는 검색만해도 볼드체로 강조된 시청률을 볼 수 있었는데 지금은 찾아볼 수 없다",
    "rating": "1",
    "date": "13.11.09"
  },
  {
    "review_id": "8126489",
    "movie_id": "104488",
    "author": "21c1****",
    "review": "윤종신 복귀는 좋았지만 이하늘은 도대체 왜 뽑혔는지 알수가없다. 참가자 실력을 따지기 전에 심사위원 인격과 실력부터 쌓고 오시길^^ 어하어허 그만좀 하고요",
    "rating": "1",
    "date": "13.11.09"
  },
  {
    "review_id": "8126333",
    "movie_id": "104488",
    "author": "youn****",
    "review": "마녀사냥 봅시다~~꿀잼^^",
    "rating": "1",
    "date": "13.11.09"
  },
  {
    "review_id": "8126306",
    "movie_id": "104488",
    "author": "cone****",
    "review": "제발 개인사좀 꺼내지말고 실력으로 하길-.-",
    "rating": "1",
    "date": "13.11.09"
  },
  {
    "review_id": "8126237",
    "movie_id": "104488",
    "author": "snia****",
    "review": "10만표로 무슨 대국민 투표라고 사기를 치고 어휴... 박시환 MAMA 가는거 생각만 해도 끔찍하다",
    "rating": "1",
    "date": "13.11.09"
  },
  {
    "review_id": "8126169",
    "movie_id": "104488",
    "author": "side****",
    "review": "역대 슈스케 시리즈중 5가 가장재미도없고 최악인듯",
    "rating": "1",
    "date": "13.11.09"
  },
  {
    "review_id": "8126122",
    "movie_id": "104488",
    "author": "min9****",
    "review": "만에하나 슈스케6를 제작한다면 지금 이 시간과 상황을 절대 잊어선 안된다. K5를 보며 기대에 충족못했던 모든것을 엎을 반전과 한방이 있어야 함을 명심했으면 한다.눈길돌리는 국민앞에서도 열창하는 저들을 봐서라도 더 이상 비참히 만들지는 않았으면...",
    "rating": "4",
    "date": "13.11.09"
  },
  {
    "review_id": "8126100",
    "movie_id": "104488",
    "author": "ss06****",
    "review": "역대 최악이라고 생각한다.  오늘 박시환 고음보다 변상국 고음이 더 소름끼쳤다.  심사 위원 점수는 무의미하고 답없는 팬덤에 좌지우지되는 결과는 다 예상이되서 하나도 재미가 없다.  지금 추세로는 결승전은 보나마나구나. 다음주 슈스케는 볼 필요도 없다",
    "rating": "1",
    "date": "13.11.09"
  }
]