[
  {
    "review_id": "10273699",
    "movie_id": "104494",
    "author": "kod1****",
    "review": "한심하다 한심해  ㅋㅋㅋㅋ",
    "rating": "1",
    "date": "15.08.25"
  },
  {
    "review_id": "10273314",
    "movie_id": "104494",
    "author": "sohe****",
    "review": "탈출이 제일 감각적이고 독특해서 재밌게 봄",
    "rating": "6",
    "date": "15.08.25"
  },
  {
    "review_id": "10249572",
    "movie_id": "104494",
    "author": "alsg****",
    "review": "영화관에서는 조금 무서웠는데 집에서 보니깐 별로 안무서움 ㅡㅡ",
    "rating": "1",
    "date": "15.08.18"
  },
  {
    "review_id": "10245146",
    "movie_id": "104494",
    "author": "mone****",
    "review": "생각보다 괜찮았고 여기 나온 평점보다 좋았다 일단 이야기 3개 모두가 참신했고 편견이 얼마나 무서운지 평점이 영화를 바라보는 귀를 막는지 알수 있다 영화 전체적으로 괜찮았다",
    "rating": "8",
    "date": "15.08.17"
  },
  {
    "review_id": "10242280",
    "movie_id": "104494",
    "author": "bult****",
    "review": "대사는 소리가 작고 놀래키는 장면은 소리가 비상식적으로 시끄러워서 짜증남 집에서 못 볼 정도니 뭐.. 작게하면 대사가 안들리고 크게하면 옆집에서 고막터지네 왕짜증",
    "rating": "4",
    "date": "15.08.16"
  },
  {
    "review_id": "10242200",
    "movie_id": "104494",
    "author": "tkdg****",
    "review": "고경표 진짜 미쳤닼ㅋㅋㅋ",
    "rating": "10",
    "date": "15.08.16"
  },
  {
    "review_id": "10242146",
    "movie_id": "104494",
    "author": "kwon****",
    "review": "완전 병맛  고경표 대박 그래도 절벽은 조금 봐줄만햇지만 만화가 훨 나음",
    "rating": "1",
    "date": "15.08.16"
  },
  {
    "review_id": "10235712",
    "movie_id": "104494",
    "author": "rlaw****",
    "review": "탈출편 레알 코미디ㅋㅋㅋㅋ개웃겨",
    "rating": "10",
    "date": "15.08.15"
  },
  {
    "review_id": "10231645",
    "movie_id": "104494",
    "author": "zone****",
    "review": "진짜 고경표때문에 10점주고간다 ㅋㅋㅋ",
    "rating": "10",
    "date": "15.08.15"
  },
  {
    "review_id": "10198893",
    "movie_id": "104494",
    "author": "luka****",
    "review": "마지막편이였던  고경표 지옥 탈출 스토리는 진짜 개잼 꿀잼 ㅋㅋㅋ",
    "rating": "8",
    "date": "15.08.07"
  },
  {
    "review_id": "10166705",
    "movie_id": "104494",
    "author": "abou****",
    "review": "ㅋㅋㅋ 딴게 진짜 ㅅ창같아도 탈출때문에 10점 줄 수 있을정도",
    "rating": "10",
    "date": "15.07.31"
  },
  {
    "review_id": "10148210",
    "movie_id": "104494",
    "author": "lteo****",
    "review": "참! 공포 영화를 코믹스럽게 만들었네.",
    "rating": "1",
    "date": "15.07.26"
  },
  {
    "review_id": "10135962",
    "movie_id": "104494",
    "author": "wlsd****",
    "review": "무섭기는 개뿔이 감독년이 약빨고만들었다",
    "rating": "1",
    "date": "15.07.24"
  },
  {
    "review_id": "10125932",
    "movie_id": "104494",
    "author": "ssdp****",
    "review": "코믹영화 아니죠??이거 돈 주고 괜히 시간도 낭비했는데?",
    "rating": "1",
    "date": "15.07.21"
  },
  {
    "review_id": "10089142",
    "movie_id": "104494",
    "author": "h1gh****",
    "review": "이게무슨짓이야!! 이게 이영화 평입니다.",
    "rating": "1",
    "date": "15.07.10"
  },
  {
    "review_id": "10088852",
    "movie_id": "104494",
    "author": "yujs****",
    "review": "가장 인상깊었던 '탈출'편에 대해서밖에 쓸 말이 없다. 이전부터 넷상에 유명했던 도시전설을 기반으로 만든 소재 자체는 굉장히 좋았으나, 연기 컨셉 자체가 미스였다. 몰입이 방해될정도로 말이다.",
    "rating": "7",
    "date": "15.07.10"
  },
  {
    "review_id": "10061711",
    "movie_id": "104494",
    "author": "tnwl****",
    "review": "1편을보고 와진짜 노잼이고 안무섭다라고생각을했고 2편을보고 와진짜 노잼이고 지루하고 안무섭다 3박자를 깨우치게해준영화 앞으로 이감독영화는안볼듯",
    "rating": "2",
    "date": "15.07.02"
  },
  {
    "review_id": "10022269",
    "movie_id": "104494",
    "author": "alst****",
    "review": "개인적으로 탈출 에피소드가 제일 기억에 남음",
    "rating": "5",
    "date": "15.06.22"
  },
  {
    "review_id": "10005274",
    "movie_id": "104494",
    "author": "ghkd****",
    "review": "조금 더 진지했으면.. 그래도 볼만은 했음",
    "rating": "6",
    "date": "15.06.16"
  },
  {
    "review_id": "10002009",
    "movie_id": "104494",
    "author": "paul****",
    "review": "진짜 이 영화를 영화관에서 봤으면 큰일날뻔했네. 이게 코미디물인지 공포물인지 아직도 이해를 못하겠다",
    "rating": "1",
    "date": "15.06.15"
  },
  {
    "review_id": "9998429",
    "movie_id": "104494",
    "author": "wang****",
    "review": "난 괜찮다고 생각해 한국영화 치고 창의적인것 같았다",
    "rating": "8",
    "date": "15.06.14"
  },
  {
    "review_id": "9997143",
    "movie_id": "104494",
    "author": "crom****",
    "review": "이렇게 좋은  배우들로 이렇게 이상한 영화를 찍을 수 있다니 ㅎㅎㅎㅎ",
    "rating": "5",
    "date": "15.06.13"
  },
  {
    "review_id": "9948252",
    "movie_id": "104494",
    "author": "yoo9****",
    "review": "장르가...공포도 아니고 코믹도아니고 뒤로갈수록 집중이 안되네요..",
    "rating": "3",
    "date": "15.05.25"
  },
  {
    "review_id": "9890395",
    "movie_id": "104494",
    "author": "dldl****",
    "review": "절벽귀는기대했는데너무밋밋하게뽑혀서실망.두번째는무슨생각을가지고이걸만들었으며,여기에집어넣었는지모르겠는최악의스토리.그리고영화테두리를담당하는444인가는 허무하고어이없고,여기까지만보면평점4점짜린데 마지막탈출이영화살렸다한국에서도무서우면서병맛인영화가가능함을느낌",
    "rating": "6",
    "date": "15.05.03"
  },
  {
    "review_id": "9872325",
    "movie_id": "104494",
    "author": "cjfg****",
    "review": "1편보다 2편 보니까 속편이 더 졸잼!",
    "rating": "1",
    "date": "15.04.27"
  },
  {
    "review_id": "9868530",
    "movie_id": "104494",
    "author": "chlt****",
    "review": "공포 영화는 무슨...",
    "rating": "1",
    "date": "15.04.26"
  },
  {
    "review_id": "9860622",
    "movie_id": "104494",
    "author": "b103****",
    "review": "도대체 고경표 연기력이왜 좋다는거??진찌보는동안 짜증나 OOO줄알았음계속 끽끽끄끅데고",
    "rating": "1",
    "date": "15.04.23"
  },
  {
    "review_id": "9853169",
    "movie_id": "104494",
    "author": "alem****",
    "review": "기대안했는데 무서웠다..",
    "rating": "6",
    "date": "15.04.19"
  },
  {
    "review_id": "9734636",
    "movie_id": "104494",
    "author": "spdl****",
    "review": "진짜 1편을 말아먹은 영화. 좀 짜증났다",
    "rating": "1",
    "date": "15.02.24"
  },
  {
    "review_id": "9670917",
    "movie_id": "104494",
    "author": "mksu****",
    "review": "졸작 중의 졸작..  정말 용납이 안 되는 점은 감독이 배우들의 어설픈 연기에 OK 사인을 하고 넘어갔다는 것이다.",
    "rating": "1",
    "date": "15.02.05"
  },
  {
    "review_id": "9597359",
    "movie_id": "104494",
    "author": "12__****",
    "review": "뭐고이기ㅡㅡ열자다..",
    "rating": "1",
    "date": "15.01.15"
  },
  {
    "review_id": "9568664",
    "movie_id": "104494",
    "author": "feel****",
    "review": "[ IMDB 5.5/10  ] 기다리다 상영시간 다 갔네.",
    "rating": "5",
    "date": "15.01.06"
  },
  {
    "review_id": "9562393",
    "movie_id": "104494",
    "author": "enfr****",
    "review": "이거 공포영화였어?일단 더럽고 개웃김ㅋ 끝",
    "rating": "3",
    "date": "15.01.04"
  },
  {
    "review_id": "9518248",
    "movie_id": "104494",
    "author": "dusl****",
    "review": "미안 1점먹으렴 0점이 없네",
    "rating": "1",
    "date": "14.12.26"
  },
  {
    "review_id": "9490615",
    "movie_id": "104494",
    "author": "whia****",
    "review": "1편에 비해 많이 부족하지만 그래도 꽤 괜찮은 에피소드도 있다. 이수혁의 로봇 연기가 이 영화에서 가장 경악스럽다. 3편이 나오길 기대해본다.",
    "rating": "6",
    "date": "14.12.19"
  },
  {
    "review_id": "9473969",
    "movie_id": "104494",
    "author": "tjrl****",
    "review": "이게 뭐지.. 코믹영환가 공포영환가 약빨고 만들었네..",
    "rating": "1",
    "date": "14.12.14"
  },
  {
    "review_id": "9472379",
    "movie_id": "104494",
    "author": "j0o0****",
    "review": "지쟈스 무슨말이필요해 모두내작품이라고불러어우어우역겹다감독",
    "rating": "1",
    "date": "14.12.14"
  },
  {
    "review_id": "9463300",
    "movie_id": "104494",
    "author": "igno****",
    "review": "ㅉ 노잼ㅋㅋ 이딴걸 ㅋ 영화 ㅋ라고 ㅋ",
    "rating": "1",
    "date": "14.12.10"
  },
  {
    "review_id": "9463244",
    "movie_id": "104494",
    "author": "qkrf****",
    "review": "말이 필요하나 정.범.식 감독이 만든건데? 구지 봐야하나? 변태싸이코 영화를 위해 배우까지 파는 감독이 만든영화인데",
    "rating": "1",
    "date": "14.12.10"
  },
  {
    "review_id": "9463007",
    "movie_id": "104494",
    "author": "john****",
    "review": "머 이딴 영화가...감독의 연출력이 의심된다",
    "rating": "1",
    "date": "14.12.10"
  },
  {
    "review_id": "9462636",
    "movie_id": "104494",
    "author": "bitg****",
    "review": "말이 필요없는 점수다!!",
    "rating": "1",
    "date": "14.12.10"
  },
  {
    "review_id": "9461984",
    "movie_id": "104494",
    "author": "grej****",
    "review": "오징어는 아름답다고합니다.",
    "rating": "1",
    "date": "14.12.10"
  },
  {
    "review_id": "9424860",
    "movie_id": "104494",
    "author": "sym1****",
    "review": "어디가요 ㅋ ㅋ ㅋ 밥먹자 ㅋ ㅋ ㅋ ㅋ",
    "rating": "1",
    "date": "14.11.26"
  },
  {
    "review_id": "9334264",
    "movie_id": "104494",
    "author": "baev****",
    "review": "지금 보고있는데 정말 감동이에요최고의 영화입니다",
    "rating": "10",
    "date": "14.11.01"
  },
  {
    "review_id": "9332228",
    "movie_id": "104494",
    "author": "wtfm****",
    "review": "이 영화를 보고 암이 나았습니다",
    "rating": "10",
    "date": "14.10.31"
  },
  {
    "review_id": "9331498",
    "movie_id": "104494",
    "author": "jjsy****",
    "review": "10점도 모자를 정도로 내 생애 최고의 영화. 이런건 불법다운이아니라 정품 DVD로 사서 소장해야 됨. 그리고 그럴 가치가 있는 영화임",
    "rating": "10",
    "date": "14.10.31"
  },
  {
    "review_id": "9245828",
    "movie_id": "104494",
    "author": "taes****",
    "review": "정말 후회하지 않을겁니다.",
    "rating": "10",
    "date": "14.09.28"
  },
  {
    "review_id": "9245038",
    "movie_id": "104494",
    "author": "rd72****",
    "review": "제2의 샘 레이미를 발견한 <탈출>",
    "rating": "6",
    "date": "14.09.27"
  },
  {
    "review_id": "9235793",
    "movie_id": "104494",
    "author": "kkka****",
    "review": "마지막꺼 미쳐돌은듯 ㅋㅋ세번째꺼만 장편으로 보고싶닼ㅋ",
    "rating": "5",
    "date": "14.09.23"
  },
  {
    "review_id": "9232585",
    "movie_id": "104494",
    "author": "yumi****",
    "review": "스토리 다 뭔가 찝찝한 엔딩들인데..그중에서 탈출이 제일 찝찝하고..후유증이 좀 오래갔다.. 나름반전때문에 그찝찝함이 더오래감..",
    "rating": "5",
    "date": "14.09.21"
  },
  {
    "review_id": "9222048",
    "movie_id": "104494",
    "author": "kkot****",
    "review": "절벽은 초코바때매 코믹물, 여행은 이도저도아닌, 탈출은 고경표 세상 원맨쇼ㅋㅋㅋ 이게 뭔 공포야 코메디지;",
    "rating": "7",
    "date": "14.09.18"
  },
  {
    "review_id": "9220748",
    "movie_id": "104494",
    "author": "ghkd****",
    "review": "작년 6월...혼자짝사랑할때본 영화공포영화무서워하는데...그래도 너랑봐서 즐거웠고 행복했다",
    "rating": "10",
    "date": "14.09.17"
  },
  {
    "review_id": "9176783",
    "movie_id": "104494",
    "author": "bloo****",
    "review": "1편에 비해 전체적으로 떨어지지만, 옴니버스만의 즐거움은 살아있다. 그래도 한국에서 생산되는 판에박히 공포물보다야 월등하다.",
    "rating": "7",
    "date": "14.09.07"
  },
  {
    "review_id": "9156030",
    "movie_id": "104494",
    "author": "ghtj****",
    "review": "이 영화를 보고 비염이 나았습니다.",
    "rating": "10",
    "date": "14.09.02"
  },
  {
    "review_id": "9136339",
    "movie_id": "104494",
    "author": "ktur****",
    "review": "그냥 난 재미있었다ㅋㅋ",
    "rating": "10",
    "date": "14.08.26"
  },
  {
    "review_id": "9134667",
    "movie_id": "104494",
    "author": "3434****",
    "review": "여자배우가 이뻐서2점 탈출 재미 있어서2점 4점ㅋ",
    "rating": "4",
    "date": "14.08.26"
  },
  {
    "review_id": "9132594",
    "movie_id": "104494",
    "author": "adgj****",
    "review": "마지막 이야기 만든 감독새끼 누구냐. 이새끼는 구속해야된다",
    "rating": "1",
    "date": "14.08.25"
  },
  {
    "review_id": "9132487",
    "movie_id": "104494",
    "author": "lhjm****",
    "review": "너무  깜깜해서  귀신인지 사람인지  구별하기가 힘들어서  어디가 무서운장면인지 구별도안가고 흐름도 안맞음!  화면이 자꾸 중간에 끊어서 다른그림으로 이어붙이는 그런 느낌?!",
    "rating": "1",
    "date": "14.08.25"
  },
  {
    "review_id": "9131461",
    "movie_id": "104494",
    "author": "sm_r****",
    "review": "난 개인적으로 재밋엇음 ㅋㅋㅋ 중간중간 빵터졋다 ㅋ",
    "rating": "8",
    "date": "14.08.25"
  },
  {
    "review_id": "9131339",
    "movie_id": "104494",
    "author": "ppra****",
    "review": "기대 안하고 봤는데 내용도 특이하고 시간 가는줄 모르고 봤어요 재밌네요",
    "rating": "8",
    "date": "14.08.25"
  },
  {
    "review_id": "9129643",
    "movie_id": "104494",
    "author": "dbs3****",
    "review": "영화만들지 마라 감독들,.,. 그리고 탈출편 감독은 코미디로 밀어라!",
    "rating": "1",
    "date": "14.08.24"
  },
  {
    "review_id": "9129593",
    "movie_id": "104494",
    "author": "rldn****",
    "review": "이게 공포 영화냐, 코미디 영화냐",
    "rating": "2",
    "date": "14.08.24"
  },
  {
    "review_id": "9129560",
    "movie_id": "104494",
    "author": "lksh****",
    "review": "마지막 탈출만 제외하고 볼만 했습니다. 탈출 진짜 개 쓰레기임.  엘리베이터 타고 다른 세계로 온것 까지는 괜찮았는데 그 뒤부터 완전 병맛이었다. 이제까지 본게 아까워서 억지로 참고 봄. 무슨 유치원생 보는 프로에서 남랑특선 해주는것도 아니고 ㅉㅉㅉㅉ",
    "rating": "3",
    "date": "14.08.24"
  },
  {
    "review_id": "9129197",
    "movie_id": "104494",
    "author": "monk****",
    "review": "다른 편은 다 별로인데 탈출편 쩐다.ㅋㅋㅋ 고경표라는 배우를 알게해준 영화. 탈출편은 진심 잼있음 ㅋㅋㅋㅋ",
    "rating": "10",
    "date": "14.08.24"
  },
  {
    "review_id": "9128120",
    "movie_id": "104494",
    "author": "gi01****",
    "review": "악ㅋㅋㅋㅋ 탈출편 진짜 좋아ㅋㅋ 완전 내 스타일 이걸 왜 이제야 봤을까ㅋㅋ 3편은 병맛 같은것만 다 나왔으면ㅋㅋㅋ",
    "rating": "10",
    "date": "14.08.24"
  },
  {
    "review_id": "9126929",
    "movie_id": "104494",
    "author": "kant****",
    "review": "독창적이긴 한데 별로 무섭지도 않고 병맛, 특희4번쩨 이야기는 차마 끝까지 못보겠는 영화였다.",
    "rating": "2",
    "date": "14.08.24"
  },
  {
    "review_id": "9126924",
    "movie_id": "104494",
    "author": "wjsw****",
    "review": "한반도 영화 기대도 안해!!!",
    "rating": "1",
    "date": "14.08.24"
  },
  {
    "review_id": "9126840",
    "movie_id": "104494",
    "author": "zxk2****",
    "review": "진짜 쓰레기영화 공포영화인데 영화관에서 졸았음환불받고싶었음  욕나오는쓰레기 다  쓰.레.기    개발연기들 쩐다어떻게 다 못하는 사람만 모아서 나오지.감독천재다",
    "rating": "1",
    "date": "14.08.24"
  },
  {
    "review_id": "9126838",
    "movie_id": "104494",
    "author": "yuns****",
    "review": "마지막 탈출편 진심 개쩔었다 ㅋㅋ",
    "rating": "10",
    "date": "14.08.24"
  },
  {
    "review_id": "9126817",
    "movie_id": "104494",
    "author": "fghy****",
    "review": "볼만한데, ㅋㅋ  마지막 탈출은  개막장코미디 ㅋㅋㅋ",
    "rating": "7",
    "date": "14.08.24"
  },
  {
    "review_id": "9126786",
    "movie_id": "104494",
    "author": "ta43****",
    "review": "별점 높게 주는애들 전부다 알바생인듯ㅋㅋㅋㅋ우리나라 영화계가 이딴 영화 그만 밀어야할텐데....ㅇㅇ",
    "rating": "1",
    "date": "14.08.23"
  },
  {
    "review_id": "9126767",
    "movie_id": "104494",
    "author": "dngk****",
    "review": "앞에는 욕하면서 보다가  탈출편 보고  감탄했다. 진짜 약빨고 만듦. 고경표연기도 좋았고 공포를 코믹으로 바꾼  연출이 최고였음ㅋㅋ진짜  육성으로  터짐. 다른편도 이런  b급으로 갔으면  나름 수작이 되었을텐데하는 아쉬움ㅋㅋ진짜  쓰면서도 웃김ㅋㅋ",
    "rating": "4",
    "date": "14.08.23"
  },
  {
    "review_id": "9126764",
    "movie_id": "104494",
    "author": "tkdw****",
    "review": "진심 탈출편 개명작이네웃길땐 엄청재미있고 이상한세계가족들은 개무섭고",
    "rating": "10",
    "date": "14.08.23"
  },
  {
    "review_id": "9126745",
    "movie_id": "104494",
    "author": "yana****",
    "review": "기대를 안해서 그런가 무서우면서 유쾌하다...",
    "rating": "7",
    "date": "14.08.23"
  },
  {
    "review_id": "9126742",
    "movie_id": "104494",
    "author": "gus7****",
    "review": "별 1점도 아깝다. 그동안 내가본 장르불문 모든영화는 딴 사람이 재미없다 해도 다 볼만했는데이건 진짜 OOO기ㅋ....이걸만든 사람들은 영화쪽으로 다신 발 들이면 안될듯 내가더잘만들겠다",
    "rating": "1",
    "date": "14.08.23"
  },
  {
    "review_id": "9126721",
    "movie_id": "104494",
    "author": "minn****",
    "review": "아놔 탈출만 9점ㅋ 빵터졌다",
    "rating": "9",
    "date": "14.08.23"
  },
  {
    "review_id": "9126713",
    "movie_id": "104494",
    "author": "5987****",
    "review": "아진짴ㅋㅋㅋ이게 공포영화야 코미디야 ㅋㅋㅋcg도 조잡하고 판타지물에다가 비현실적.. 탈~출은뭔데 ㅋㅋㅋ",
    "rating": "1",
    "date": "14.08.23"
  },
  {
    "review_id": "9126706",
    "movie_id": "104494",
    "author": "wjdd****",
    "review": "탈출편만봐라 존나 코미디보다 더웃김",
    "rating": "10",
    "date": "14.08.23"
  },
  {
    "review_id": "9126705",
    "movie_id": "104494",
    "author": "rlae****",
    "review": "기대안하고 봤는데 재밌다 ㅋㅋㅋㅋ 탈출 ㅋㅋㅋㅋ",
    "rating": "8",
    "date": "14.08.23"
  },
  {
    "review_id": "9126569",
    "movie_id": "104494",
    "author": "rjsg****",
    "review": "감독 애미 없냐 ㅡㅡ 남성인권 개 졷으로 보는 영화 개 노잼이다 보지마라 진심",
    "rating": "1",
    "date": "14.08.23"
  },
  {
    "review_id": "9089435",
    "movie_id": "104494",
    "author": "kand****",
    "review": "미치셨나.. 감독 제정신이 아닌 거 같다...",
    "rating": "1",
    "date": "14.08.15"
  },
  {
    "review_id": "9038040",
    "movie_id": "104494",
    "author": "kyun****",
    "review": "탈출7점 나머지2점. 탈출만으로 가치있는 영화. 약빨고 만든 공포영화의 모범.",
    "rating": "7",
    "date": "14.08.06"
  },
  {
    "review_id": "9037744",
    "movie_id": "104494",
    "author": "daye****",
    "review": "여름아주짜릿하게날렸어었요1편보다100배더재미있네요강력추천~~!!",
    "rating": "10",
    "date": "14.08.06"
  },
  {
    "review_id": "9029557",
    "movie_id": "104494",
    "author": "ahrq****",
    "review": "공포영화 맞나여? 보다가 개뿜었네요 ㅋㅋㅋ",
    "rating": "1",
    "date": "14.08.05"
  },
  {
    "review_id": "9018176",
    "movie_id": "104494",
    "author": "vase****",
    "review": "저는 개인적으로 괜찮은것 같내요",
    "rating": "7",
    "date": "14.08.03"
  },
  {
    "review_id": "9010521",
    "movie_id": "104494",
    "author": "h8s8****",
    "review": "탈출 10점 나머지 1점씩해서 평균내서 4점드립니다 고경표 굿 진정한 코미디임",
    "rating": "4",
    "date": "14.08.02"
  },
  {
    "review_id": "8989692",
    "movie_id": "104494",
    "author": "hang****",
    "review": "재밌었는데 전문가들을 따르겠으",
    "rating": "1",
    "date": "14.07.31"
  },
  {
    "review_id": "8955338",
    "movie_id": "104494",
    "author": "lmlh****",
    "review": "그냥ㅋㅋㅋㅋ약빨고만든영홬ㅋㅋㅋ",
    "rating": "1",
    "date": "14.07.25"
  },
  {
    "review_id": "8948524",
    "movie_id": "104494",
    "author": "ppto****",
    "review": "이거3편 안나오나 2편 진짜 재밌게봄 ㅋㅋ",
    "rating": "10",
    "date": "14.07.24"
  },
  {
    "review_id": "8940238",
    "movie_id": "104494",
    "author": "baba****",
    "review": "공포영화보단코믹영화에가까운듯 코믹영화로서 보면재밋을듯ㅋ",
    "rating": "10",
    "date": "14.07.22"
  },
  {
    "review_id": "8899656",
    "movie_id": "104494",
    "author": "msh0****",
    "review": "어제 컴퓨터로 봤는데 고경표 병맛연기 넘사벽 ㅋㅋㅋㅋ",
    "rating": "10",
    "date": "14.07.09"
  },
  {
    "review_id": "8898236",
    "movie_id": "104494",
    "author": "izzo****",
    "review": "점점더 더워 지는 이 기분... 션하게 해주셈.",
    "rating": "5",
    "date": "14.07.09"
  },
  {
    "review_id": "8890723",
    "movie_id": "104494",
    "author": "juju****",
    "review": "이게진정공포영화엿던건가",
    "rating": "1",
    "date": "14.07.06"
  },
  {
    "review_id": "8887973",
    "movie_id": "104494",
    "author": "finw****",
    "review": "마지막편 너무 무서운데 웃기면서 되게 기분이상해지는 편이었음 ~ 올해도 3나오나요 ?",
    "rating": "9",
    "date": "14.07.06"
  },
  {
    "review_id": "8882349",
    "movie_id": "104494",
    "author": "tjtm****",
    "review": "탈~ 출 ㅋㅋㅋ근데 남자는 안된다 ㅋㅋㅋ",
    "rating": "6",
    "date": "14.07.04"
  },
  {
    "review_id": "8867112",
    "movie_id": "104494",
    "author": "jhlo****",
    "review": "무서움ㅜㅜ남친은 안무서워함ㅋㅋ혼자는못보궁.. 같이보면잼남ㅋ 막편은 웃기궁.. 탈~~출!!!",
    "rating": "7",
    "date": "14.06.29"
  },
  {
    "review_id": "8837403",
    "movie_id": "104494",
    "author": "0905****",
    "review": "1편에서의 무서운거 다 어딨어",
    "rating": "1",
    "date": "14.06.17"
  },
  {
    "review_id": "8820007",
    "movie_id": "104494",
    "author": "kiri****",
    "review": "살면서 또 이런 병맛 영화는 처음이네 ㅋㅋㅋ 완전 신선하고 즐겁게 봤다. 진짜 대박이었다. 지금 내 세상에서 행복하게 잘 살아야겠다는 교훈을 얻었다. 만족할 줄 아는 삶이 사람을 얼마나 안락하게 하는가.",
    "rating": "10",
    "date": "14.06.11"
  },
  {
    "review_id": "8806029",
    "movie_id": "104494",
    "author": "rbqj****",
    "review": "조오오오오온나재미없고 무섭지도않고 1편이훨씬나음 걍이거보지마셈",
    "rating": "1",
    "date": "14.06.07"
  },
  {
    "review_id": "8749039",
    "movie_id": "104494",
    "author": "ksh6****",
    "review": "씨발 무슨 영화를 이딴식으로 만드냐 2번째까진 봐주는데 3번짼가 어쨌든거기부터 진지하질못하고 코믹적이냐 OO들아 씨발 이걸보느니 차라리 파워레인저보는게 낳음 보고 나서 기분 드러웠음 진짜 1점도 주기 아까운 영화",
    "rating": "1",
    "date": "14.05.20"
  }
]