[
  {
    "review_id": "10273489",
    "movie_id": "104426",
    "author": "ari1****",
    "review": "옛다 10점 ㅋㅋ / 가나",
    "rating": "10",
    "date": "15.08.25"
  },
  {
    "review_id": "10271392",
    "movie_id": "104426",
    "author": "rhfx****",
    "review": "그냥 미국식 코미디임 ㅋㅋ",
    "rating": "6",
    "date": "15.08.24"
  },
  {
    "review_id": "10270067",
    "movie_id": "104426",
    "author": "f125****",
    "review": ".ㅈ나 최고..테드삼 언제 나와",
    "rating": "10",
    "date": "15.08.24"
  },
  {
    "review_id": "10265584",
    "movie_id": "104426",
    "author": "kiko****",
    "review": "생각없이 웃기 좋은 영화.",
    "rating": "8",
    "date": "15.08.23"
  },
  {
    "review_id": "10261625",
    "movie_id": "104426",
    "author": "lomo****",
    "review": "....돈주고 보기 아까운 영화",
    "rating": "2",
    "date": "15.08.22"
  },
  {
    "review_id": "10254469",
    "movie_id": "104426",
    "author": "pert****",
    "review": "문화차이에도 불구하고 개 웃겼다 진짜로",
    "rating": "10",
    "date": "15.08.20"
  },
  {
    "review_id": "10246255",
    "movie_id": "104426",
    "author": "vkst****",
    "review": "그럭저럭 재밌었음 리암니슨나올때 깜짝놀람 ㅋㅋ",
    "rating": "8",
    "date": "15.08.17"
  },
  {
    "review_id": "10240104",
    "movie_id": "104426",
    "author": "toha****",
    "review": "전편의 재미의 반도 안된다.",
    "rating": "4",
    "date": "15.08.16"
  },
  {
    "review_id": "10235609",
    "movie_id": "104426",
    "author": "cus1****",
    "review": "ㅋ재ㅋ밌ㅋ어ㅋ요ㅋㅋ",
    "rating": "9",
    "date": "15.08.15"
  },
  {
    "review_id": "10230542",
    "movie_id": "104426",
    "author": "anna****",
    "review": "그냥 시간때우기 좋아요. 1편보다는 그닥...",
    "rating": "6",
    "date": "15.08.14"
  },
  {
    "review_id": "10230335",
    "movie_id": "104426",
    "author": "dntj****",
    "review": "그냥 그럼 ㅋ 쫌잼?ㅋㅋ",
    "rating": "8",
    "date": "15.08.14"
  },
  {
    "review_id": "10226427",
    "movie_id": "104426",
    "author": "dnel****",
    "review": "ㅋㅋㅋ진짜 친구랑 계속 배꼽잡으면서 봄",
    "rating": "10",
    "date": "15.08.14"
  },
  {
    "review_id": "10224467",
    "movie_id": "104426",
    "author": "2005****",
    "review": "귀여워 동심을파괴하는게너무좋다..ㅋㅋㅋ",
    "rating": "10",
    "date": "15.08.13"
  },
  {
    "review_id": "10224229",
    "movie_id": "104426",
    "author": "kang****",
    "review": "아무생각없이 병맛으로 보는 영화 재미는 있음",
    "rating": "6",
    "date": "15.08.13"
  },
  {
    "review_id": "10220923",
    "movie_id": "104426",
    "author": "homo****",
    "review": "꾸르꾸르꾸르꾸르꾸르잼",
    "rating": "10",
    "date": "15.08.12"
  },
  {
    "review_id": "10220146",
    "movie_id": "104426",
    "author": "vict****",
    "review": "이런 영화의 속편이 늘 그렇듯이 재미없을거라고 예상하고 본건데도 정말 재미없네요. 그냥 테드1이나 다시 보는게 더 낫습니다. 그나마 별4개도  출연한  유명인들땜에 줌.",
    "rating": "4",
    "date": "15.08.12"
  },
  {
    "review_id": "10216976",
    "movie_id": "104426",
    "author": "bjh0****",
    "review": "1에 느낌그대로라서 좋았어요",
    "rating": "9",
    "date": "15.08.11"
  },
  {
    "review_id": "10215198",
    "movie_id": "104426",
    "author": "rlad****",
    "review": "재미없는 고지식한넘들은 이해못하는 영화ㅋㅋ개재밌당",
    "rating": "10",
    "date": "15.08.11"
  },
  {
    "review_id": "10212512",
    "movie_id": "104426",
    "author": "cjsr****",
    "review": "진짜 약빨고 만든듯 ㅋㅋㅋ",
    "rating": "9",
    "date": "15.08.10"
  },
  {
    "review_id": "10212198",
    "movie_id": "104426",
    "author": "91le****",
    "review": "기대하고 본건 아니였는데 재밌었어요",
    "rating": "9",
    "date": "15.08.10"
  },
  {
    "review_id": "10206019",
    "movie_id": "104426",
    "author": "doo3****",
    "review": "단순하게 보면 재매, 깊게 보면 슬픔을 느낄 수 있었다",
    "rating": "8",
    "date": "15.08.09"
  },
  {
    "review_id": "10196374",
    "movie_id": "104426",
    "author": "rege****",
    "review": "재미있게잘봣습니다. 이런 영화가 자주 나왔으면 좋겟어요",
    "rating": "8",
    "date": "15.08.07"
  },
  {
    "review_id": "10195813",
    "movie_id": "104426",
    "author": "sjaf****",
    "review": "정액장면이랑 변호사가 태미 한테 질문하는 장면이랑 마지막에 낚시하는거 O나웃김 ㅋㅋㅋㅋ",
    "rating": "8",
    "date": "15.08.07"
  },
  {
    "review_id": "10195306",
    "movie_id": "104426",
    "author": "nky8****",
    "review": "딱 적당하다. 8점 줍니다.",
    "rating": "8",
    "date": "15.08.06"
  },
  {
    "review_id": "10195303",
    "movie_id": "104426",
    "author": "ssys****",
    "review": "1편은 참신하기라도 했지...",
    "rating": "5",
    "date": "15.08.06"
  },
  {
    "review_id": "10194109",
    "movie_id": "104426",
    "author": "jaeh****",
    "review": "잘했다 아주 잘했어 바바바",
    "rating": "10",
    "date": "15.08.06"
  },
  {
    "review_id": "10192967",
    "movie_id": "104426",
    "author": "dpwl****",
    "review": "bb 완전 굿입니다 ㅋㅋ",
    "rating": "10",
    "date": "15.08.06"
  },
  {
    "review_id": "10188750",
    "movie_id": "104426",
    "author": "ej2r****",
    "review": "ㅋㅋㅋㅋ웃기다 빵터짐",
    "rating": "10",
    "date": "15.08.05"
  },
  {
    "review_id": "10185959",
    "movie_id": "104426",
    "author": "ezzm****",
    "review": "빠빠빠빠밤~... 하..",
    "rating": "10",
    "date": "15.08.05"
  },
  {
    "review_id": "10185946",
    "movie_id": "104426",
    "author": "yoos****",
    "review": "재밌어서 웃는지 그냥 웃는디 그저그래요",
    "rating": "5",
    "date": "15.08.05"
  },
  {
    "review_id": "10185569",
    "movie_id": "104426",
    "author": "film****",
    "review": "웃다 땀났다 뭐라고 더 써야 하나",
    "rating": "10",
    "date": "15.08.04"
  },
  {
    "review_id": "10184250",
    "movie_id": "104426",
    "author": "tall****",
    "review": "볼만하다 그냥소소한재미",
    "rating": "7",
    "date": "15.08.04"
  },
  {
    "review_id": "10183583",
    "movie_id": "104426",
    "author": "ohga****",
    "review": "재밋게봄영와였습미다",
    "rating": "8",
    "date": "15.08.04"
  },
  {
    "review_id": "10183239",
    "movie_id": "104426",
    "author": "flow****",
    "review": "정말 재미있게 봤던  유쾌한 영화. 그런데 코미디를 교훈있는 다큐맨터리로 생각하는 진지충 선비는  이승에서 나가줬으면;;",
    "rating": "10",
    "date": "15.08.04"
  },
  {
    "review_id": "10179897",
    "movie_id": "104426",
    "author": "edwi****",
    "review": "굿재미져여ㅎㅎ아ㅎㅎ완전",
    "rating": "8",
    "date": "15.08.03"
  },
  {
    "review_id": "10175493",
    "movie_id": "104426",
    "author": "duky****",
    "review": "구웅누눈우웅무웅눙우웅우우욷",
    "rating": "7",
    "date": "15.08.02"
  },
  {
    "review_id": "10174210",
    "movie_id": "104426",
    "author": "jih8****",
    "review": "테드1 보다는 내용이 약하지만 가볍게 즐기기에는 좋았습니다",
    "rating": "8",
    "date": "15.08.02"
  },
  {
    "review_id": "10173501",
    "movie_id": "104426",
    "author": "crow****",
    "review": "완전 허니잼 입니다^^",
    "rating": "10",
    "date": "15.08.02"
  },
  {
    "review_id": "10172418",
    "movie_id": "104426",
    "author": "skyy****",
    "review": "아만다 사이프리드는 완벽한 여자다",
    "rating": "10",
    "date": "15.08.01"
  },
  {
    "review_id": "10171502",
    "movie_id": "104426",
    "author": "care****",
    "review": "2편이 개인 적으로 더 재미났네요",
    "rating": "10",
    "date": "15.08.01"
  },
  {
    "review_id": "10169254",
    "movie_id": "104426",
    "author": "nnaa****",
    "review": "전편이.더재밌어요. 너무 패러디 위주라.영화를.보느개아니라 코미디쇼를 보는것같았음",
    "rating": "6",
    "date": "15.08.01"
  },
  {
    "review_id": "10168842",
    "movie_id": "104426",
    "author": "mais****",
    "review": "즐거운 곰돌이 테드..다음편도 기대",
    "rating": "6",
    "date": "15.08.01"
  },
  {
    "review_id": "10168583",
    "movie_id": "104426",
    "author": "cw83****",
    "review": "테드1보단 좀. .  그래두 재미잇어요ㅎ",
    "rating": "7",
    "date": "15.08.01"
  },
  {
    "review_id": "10167632",
    "movie_id": "104426",
    "author": "yhna****",
    "review": "스토리가 억지스럽다할까. ㅠ 기대가 너무컷나 좀 실망스러웟어요...",
    "rating": "5",
    "date": "15.07.31"
  },
  {
    "review_id": "10165412",
    "movie_id": "104426",
    "author": "juno****",
    "review": "기대하고 보면 재미없음",
    "rating": "2",
    "date": "15.07.31"
  },
  {
    "review_id": "10164684",
    "movie_id": "104426",
    "author": "pop1****",
    "review": "재밌긴했는데 1편보다는 덜한 재미",
    "rating": "9",
    "date": "15.07.31"
  },
  {
    "review_id": "10164409",
    "movie_id": "104426",
    "author": "heot****",
    "review": "전작에도 못미친다. 도대체 어디서 유쾌한가.",
    "rating": "6",
    "date": "15.07.31"
  },
  {
    "review_id": "10163515",
    "movie_id": "104426",
    "author": "minj****",
    "review": "내평점 기다린시간이 아깝지않을만큼 잼있었어요ㅋㅋㅋ 남자친구랑 너무 재미있게봤어요 1편도 10번도 더 봤어요 ㅎㅎ 테드테드테드(￣(工)￣)핰핰핰 ♥?",
    "rating": "10",
    "date": "15.07.30"
  },
  {
    "review_id": "10159355",
    "movie_id": "104426",
    "author": "sde0****",
    "review": "아 진짜 테드 넘 귀엽고 저질임ㅋㅋㅋㅋ",
    "rating": "7",
    "date": "15.07.30"
  },
  {
    "review_id": "10159346",
    "movie_id": "104426",
    "author": "skr0****",
    "review": "너무재미있어요♥!!!",
    "rating": "10",
    "date": "15.07.30"
  },
  {
    "review_id": "10158807",
    "movie_id": "104426",
    "author": "psp2****",
    "review": "미국식 유머 난 토종 한국인",
    "rating": "4",
    "date": "15.07.29"
  },
  {
    "review_id": "10156072",
    "movie_id": "104426",
    "author": "rkqh****",
    "review": "역시실망시키지않네요!ㅋㅋ이번은감동적이기까지!!3편도나왓으면ㅜㅜ테드짱!",
    "rating": "9",
    "date": "15.07.29"
  },
  {
    "review_id": "10155192",
    "movie_id": "104426",
    "author": "leem****",
    "review": "쥬라기공원 패러디장면 압권이네..1만큼 재미짐 ㅋㅋ",
    "rating": "10",
    "date": "15.07.29"
  },
  {
    "review_id": "10153668",
    "movie_id": "104426",
    "author": "mrku****",
    "review": "개연성 없는 막 들이대기식 구식 개그",
    "rating": "5",
    "date": "15.07.28"
  },
  {
    "review_id": "10152951",
    "movie_id": "104426",
    "author": "jini****",
    "review": "1편보다는 재미없었음",
    "rating": "6",
    "date": "15.07.28"
  },
  {
    "review_id": "10150981",
    "movie_id": "104426",
    "author": "aman****",
    "review": "태어나보니 아빠가 곰인형ㅋㅋㅋㅋ",
    "rating": "8",
    "date": "15.07.27"
  },
  {
    "review_id": "10150427",
    "movie_id": "104426",
    "author": "hygl****",
    "review": "전작만은 못하지만 재밋어요!",
    "rating": "8",
    "date": "15.07.27"
  },
  {
    "review_id": "10150032",
    "movie_id": "104426",
    "author": "dudt****",
    "review": "ㅋㅋㅋ테드 너무 귀여움요",
    "rating": "7",
    "date": "15.07.27"
  },
  {
    "review_id": "10149290",
    "movie_id": "104426",
    "author": "hell****",
    "review": "ㄹㅇ 볼만한 영화 핵꿀잼임",
    "rating": "10",
    "date": "15.07.27"
  },
  {
    "review_id": "10146197",
    "movie_id": "104426",
    "author": "ichi****",
    "review": "1편도 잼있었는데, 2편도 충분히 잼있었다.",
    "rating": "8",
    "date": "15.07.26"
  },
  {
    "review_id": "10146011",
    "movie_id": "104426",
    "author": "sdff****",
    "review": "좀 실망임곰이귀여워서. 테드원은 재밌게잘봤었는데 이번영화는좀재미없고식상했음그냥곰을 사람처럼살게하려고 하는이야기인데좀 식상함 괜히봄",
    "rating": "1",
    "date": "15.07.26"
  },
  {
    "review_id": "10145753",
    "movie_id": "104426",
    "author": "oojj****",
    "review": "1편과 마찬가지로 공감이 안 되는 영화. 욕만 나오고 성적농담만 나오는 영화 어디가 웃기는 건지 모르겠다. 예고편은 재미있을 거 같던데.",
    "rating": "4",
    "date": "15.07.26"
  },
  {
    "review_id": "10143509",
    "movie_id": "104426",
    "author": "aree****",
    "review": "핵노잼. .너무기대를해서 그런가..",
    "rating": "1",
    "date": "15.07.26"
  },
  {
    "review_id": "10143384",
    "movie_id": "104426",
    "author": "zxc1****",
    "review": "1편의 참신함은 이제 없고, 그저 그런 코미디 속편으로 떨어진다. 시종 낄낄대며 웃을 수 있으면 다행일 텐데, 영화는 기대했던 것에 비해 별로 재밌지가 않다.",
    "rating": "4",
    "date": "15.07.25"
  },
  {
    "review_id": "10142097",
    "movie_id": "104426",
    "author": "tpql****",
    "review": "노잼 테드요번년에본영화중 젤노잼",
    "rating": "4",
    "date": "15.07.25"
  },
  {
    "review_id": "10141129",
    "movie_id": "104426",
    "author": "spdl****",
    "review": "최곱니다정말웃었습니다",
    "rating": "10",
    "date": "15.07.25"
  },
  {
    "review_id": "10140589",
    "movie_id": "104426",
    "author": "kich****",
    "review": "굿굿재밓었어요진짜진차",
    "rating": "9",
    "date": "15.07.25"
  },
  {
    "review_id": "10137983",
    "movie_id": "104426",
    "author": "jobe****",
    "review": "인권을 가장하지만 인권을 철저히 무시하는 영화~~그래서 시간이 아깝다고 생각한 영화",
    "rating": "3",
    "date": "15.07.24"
  },
  {
    "review_id": "10137747",
    "movie_id": "104426",
    "author": "han3****",
    "review": "1편과 마찬가지로 가볍게 즐길 수 있는 영화",
    "rating": "7",
    "date": "15.07.24"
  },
  {
    "review_id": "10137503",
    "movie_id": "104426",
    "author": "will****",
    "review": "1편만큼 핵꿀잼ㅋㅋㅋ감독에게 제대로 농락당함ㅋㅋㅋ1편 만큼의 감동과 통쾌함이 있네여 계속 돌려보기 할 영화 리스트에 추가합니다ㅋ 개인적으로 영화의 메세지가 아주 인상깊네여 테드 레알 핵귀여움ㅋㅋㅋ",
    "rating": "10",
    "date": "15.07.24"
  },
  {
    "review_id": "10136941",
    "movie_id": "104426",
    "author": "ddon****",
    "review": "욕은찰지게 아주 잘함 욕만잘함 나머진 미국식문화와 패러디로 뭔소리하는지몰겠음 10점주는사람은 미국살거나 살지도않으면서 아메리칸드림 이란 허황된 허세를 품고살아가는 김치녀놈. 사만다는이뻣다 끝",
    "rating": "1",
    "date": "15.07.24"
  },
  {
    "review_id": "10136813",
    "movie_id": "104426",
    "author": "kim6****",
    "review": "정말 재미있게 잘봤습니다. 테드곰 대사 하나하나가 주옥같음",
    "rating": "10",
    "date": "15.07.24"
  },
  {
    "review_id": "10136378",
    "movie_id": "104426",
    "author": "oris****",
    "review": "약빨고 만들었다가 아니라 등장인물들이 약을 빤다",
    "rating": "4",
    "date": "15.07.24"
  },
  {
    "review_id": "10135593",
    "movie_id": "104426",
    "author": "tory****",
    "review": "1보다는 재미있었다.",
    "rating": "9",
    "date": "15.07.24"
  },
  {
    "review_id": "10135443",
    "movie_id": "104426",
    "author": "zhff****",
    "review": "마크월버그 연기를 이렇게 못했나. 장르가 코믹이라서 그런가",
    "rating": "5",
    "date": "15.07.23"
  },
  {
    "review_id": "10135120",
    "movie_id": "104426",
    "author": "duka****",
    "review": "살아있는 위트와 풍자, 약간의 루즈함은 어쩔수 없었나보다",
    "rating": "8",
    "date": "15.07.23"
  },
  {
    "review_id": "10133777",
    "movie_id": "104426",
    "author": "sang****",
    "review": "ㅋㅋ 역시..  진짜 약만 빨았네",
    "rating": "8",
    "date": "15.07.23"
  },
  {
    "review_id": "10133034",
    "movie_id": "104426",
    "author": "ny__****",
    "review": "B급잼.개연성없음. 1편이 낫다",
    "rating": "7",
    "date": "15.07.23"
  },
  {
    "review_id": "10132302",
    "movie_id": "104426",
    "author": "tl06****",
    "review": "골룸 얼굴 나올때 먹던거 뿜었네요 ㅋㅋ",
    "rating": "10",
    "date": "15.07.23"
  },
  {
    "review_id": "10132209",
    "movie_id": "104426",
    "author": "char****",
    "review": "정말 산으로 가는 스토리지만 귀엽닼ㅋㅋㅋㅋ",
    "rating": "8",
    "date": "15.07.23"
  },
  {
    "review_id": "10130748",
    "movie_id": "104426",
    "author": "gkdk****",
    "review": "나름 만족스러웠던 영화",
    "rating": "10",
    "date": "15.07.22"
  },
  {
    "review_id": "10130546",
    "movie_id": "104426",
    "author": "wjds****",
    "review": "아무 생각없이 보고 웃을수 있는 영화였다",
    "rating": "10",
    "date": "15.07.22"
  },
  {
    "review_id": "10129373",
    "movie_id": "104426",
    "author": "kiki****",
    "review": "엇박개그가꿀잼입니다♥",
    "rating": "7",
    "date": "15.07.22"
  },
  {
    "review_id": "10129253",
    "movie_id": "104426",
    "author": "seoy****",
    "review": "재밌음 ㅋ그냥재밌어 믿고보는테드",
    "rating": "10",
    "date": "15.07.22"
  },
  {
    "review_id": "10127932",
    "movie_id": "104426",
    "author": "food****",
    "review": "정액범벅당할때랑 대마밭발견하고 쥬라기공원 패러디 ㅋㅋㅋ",
    "rating": "9",
    "date": "15.07.22"
  },
  {
    "review_id": "10127126",
    "movie_id": "104426",
    "author": "b999****",
    "review": "기대를 너무햇는데 역시! 그 기대에 미치는!! 대단함..말이 무슨필요? 봐야알지 테드 곰 인형사고시품 ㅠ.ㅠ",
    "rating": "10",
    "date": "15.07.22"
  },
  {
    "review_id": "10126461",
    "movie_id": "104426",
    "author": "lspf****",
    "review": "스토리가 좀 아쉬운 작품.^^",
    "rating": "8",
    "date": "15.07.21"
  },
  {
    "review_id": "10126242",
    "movie_id": "104426",
    "author": "base****",
    "review": "다10 점이길래...다큐보다 지루한 영화",
    "rating": "1",
    "date": "15.07.21"
  },
  {
    "review_id": "10126209",
    "movie_id": "104426",
    "author": "tkwk****",
    "review": "1번보고 싶네 소개영상같은걸로만 봤는데 진짜 웃기던데",
    "rating": "10",
    "date": "15.07.21"
  },
  {
    "review_id": "10126136",
    "movie_id": "104426",
    "author": "koga****",
    "review": "박근혜 깨알 드립이 존나 웃겼다 ㅋㅋ",
    "rating": "10",
    "date": "15.07.21"
  },
  {
    "review_id": "10125830",
    "movie_id": "104426",
    "author": "fkau****",
    "review": "소재는 19금 스토리는 7세 관람가",
    "rating": "5",
    "date": "15.07.21"
  },
  {
    "review_id": "10125561",
    "movie_id": "104426",
    "author": "tjsd****",
    "review": "테드를 포함해 배우들이 풍기는 느낌이 좋네~",
    "rating": "5",
    "date": "15.07.21"
  },
  {
    "review_id": "10125526",
    "movie_id": "104426",
    "author": "cksg****",
    "review": "19곰테드1 진짜 재밌게봤는데 2편도기대됨!!!!",
    "rating": "10",
    "date": "15.07.21"
  },
  {
    "review_id": "10125039",
    "movie_id": "104426",
    "author": "newz****",
    "review": "진지함을 너무 넣었다   볼만했음",
    "rating": "7",
    "date": "15.07.21"
  },
  {
    "review_id": "10125005",
    "movie_id": "104426",
    "author": "mins****",
    "review": "1편보다는 재미없었다. 애기곰도 영혼이 생겨서 3편이 나올까. 그리고 리암 니슨은 아파트에서 시리얼과 무슨 일이 있던걸까",
    "rating": "7",
    "date": "15.07.21"
  },
  {
    "review_id": "10124949",
    "movie_id": "104426",
    "author": "exvn****",
    "review": "better than expected",
    "rating": "8",
    "date": "15.07.21"
  },
  {
    "review_id": "10124932",
    "movie_id": "104426",
    "author": "ngup****",
    "review": "이번 시리즈는 확실히 실망이다 더 자극적이지도 않고 자아찾기 교육프로그램으로 변모했다. 저급한 컨셉인데 쓸데없는 주제다",
    "rating": "4",
    "date": "15.07.21"
  },
  {
    "review_id": "10124819",
    "movie_id": "104426",
    "author": "beau****",
    "review": "보면서 거의 안 웃은듯.... 1편이 더 재밌었다... 그래도 의리로 다 봤다..막판에 나온 납치범부분 1편 셀프오마주 같아서 별로였고.. 병원에서의 진부한 반전은 정말 최악. 킬링 타임 용으로는 쓸만함. 아만다사이프리드 노래 부르는게 기억에 남네..",
    "rating": "6",
    "date": "15.07.21"
  },
  {
    "review_id": "10124811",
    "movie_id": "104426",
    "author": "hosu****",
    "review": "참 재미있게 관람했습니다",
    "rating": "10",
    "date": "15.07.21"
  },
  {
    "review_id": "10124760",
    "movie_id": "104426",
    "author": "god7****",
    "review": "코미디 요소뿐만 아니라 사운드 트랙도 좋았습니다~ ㅋㅋㅋ 즐거웠어요 보는 내내",
    "rating": "9",
    "date": "15.07.21"
  }
]