[
  {
    "review_id": "8928682",
    "movie_id": "104515",
    "author": "imkm****",
    "review": "피카소작품만나열해도 이것보단 흥미로울듯. 도무지 종잡을수없는 스토리. 엔딩크레딧만 생각날 영화",
    "rating": "6",
    "date": "14.07.18"
  },
  {
    "review_id": "8872124",
    "movie_id": "104515",
    "author": "rock****",
    "review": "그닥...별로 남는게 없네요",
    "rating": "5",
    "date": "14.06.30"
  },
  {
    "review_id": "8830701",
    "movie_id": "104515",
    "author": "arti****",
    "review": "따뜻한 장소였고 영화도 미술을 전공한 사람으로 즐겁고 유쾌하게 관람했습니다!!",
    "rating": "9",
    "date": "14.06.14"
  },
  {
    "review_id": "8805124",
    "movie_id": "104515",
    "author": "suna****",
    "review": "말이 필요 없음 그냥 보세요",
    "rating": "10",
    "date": "14.06.06"
  },
  {
    "review_id": "8640296",
    "movie_id": "104515",
    "author": "dddi****",
    "review": "그 시대의 예술가들을 낙천적이고 유쾌하게 그린 반가운 작품",
    "rating": "8",
    "date": "14.04.10"
  },
  {
    "review_id": "8619747",
    "movie_id": "104515",
    "author": "good****",
    "review": "굴곡많은 예술가들과 감독 특유의 아름다움이 존재하는 영화",
    "rating": "8",
    "date": "14.03.31"
  },
  {
    "review_id": "8611588",
    "movie_id": "104515",
    "author": "bles****",
    "review": "훔쳐서라도 얻어낸 영감",
    "rating": "6",
    "date": "14.03.28"
  },
  {
    "review_id": "8608004",
    "movie_id": "104515",
    "author": "534k****",
    "review": "피카소를 소재로 한 작품이라..",
    "rating": "10",
    "date": "14.03.26"
  },
  {
    "review_id": "8590904",
    "movie_id": "104515",
    "author": "reon****",
    "review": "기대가 많이 됩니다. 꼭 보러 갈께요.",
    "rating": "10",
    "date": "14.03.20"
  },
  {
    "review_id": "8590314",
    "movie_id": "104515",
    "author": "zzco****",
    "review": "예술의 극대화,, 미술관 안부러움",
    "rating": "9",
    "date": "14.03.20"
  },
  {
    "review_id": "8589360",
    "movie_id": "104515",
    "author": "dlwn****",
    "review": "너도 평점순 깎아줄게 ㅋㅋ",
    "rating": "1",
    "date": "14.03.20"
  },
  {
    "review_id": "8588700",
    "movie_id": "104515",
    "author": "chun****",
    "review": "피카소를 주제로 한 영화는 처음이라 기대되네요. 꼭 봐야겠어요",
    "rating": "10",
    "date": "14.03.20"
  }
]