[
  {
    "review_id": "10185315",
    "movie_id": "104657",
    "author": "wjdd****",
    "review": "개봉했을 당시 꼭 이영화 봐야겠다고 생각했는데 이제서야 보게 됬네요. 반전이 뭘까 생각했는데 예상치 못했네요. 무엇을 전하고 싶은걸까 생각하면서 봤던 영화였던 것 같습니다. 아무튼 그림체도 예쁘고 재밌었네요.",
    "rating": "10",
    "date": "15.08.04"
  },
  {
    "review_id": "10173659",
    "movie_id": "104657",
    "author": "yslb****",
    "review": "소재와 반전은 맘에들었는데 뭔가 5%정도 부족했다. 내용 중간마다 연계성이 그닥이었고 굉장히 슬프고 긴 여운이 남도록 풀수있는 내용이었음에도 별로 기억도 나지않고 댓글말대로 값싼 감동 같았다. 떡밥도 이해가 잘 가지않고 여튼 좀 아쉬운 영화",
    "rating": "7",
    "date": "15.08.02"
  },
  {
    "review_id": "10162795",
    "movie_id": "104657",
    "author": "dnfl****",
    "review": "명작이네요..강추합니다.",
    "rating": "10",
    "date": "15.07.30"
  },
  {
    "review_id": "10094433",
    "movie_id": "104657",
    "author": "rjsd****",
    "review": "강추강추강추 진짜 계속 울었어요ㅜㅜ감동적이네요ㅜㅜ",
    "rating": "10",
    "date": "15.07.12"
  },
  {
    "review_id": "9917974",
    "movie_id": "104657",
    "author": "afre****",
    "review": "한시간짜린거 모르고봤다가 반전 터지면서 '아!여기부터 재밌구나' 했는데 영화 끝남 .. ㅋㅋ",
    "rating": "8",
    "date": "15.05.15"
  },
  {
    "review_id": "9908631",
    "movie_id": "104657",
    "author": "jinh****",
    "review": "영화 노래도 좋고 내용도 정말 좋아요 감동",
    "rating": "10",
    "date": "15.05.10"
  },
  {
    "review_id": "9867243",
    "movie_id": "104657",
    "author": "alit****",
    "review": "핵노잼 개유치노어이빅스트레스",
    "rating": "1",
    "date": "15.04.25"
  },
  {
    "review_id": "9840362",
    "movie_id": "104657",
    "author": "marc****",
    "review": "가버린 그녀를 그리워 하는 괴로움.",
    "rating": "8",
    "date": "15.04.11"
  },
  {
    "review_id": "9814380",
    "movie_id": "104657",
    "author": "sua0****",
    "review": "정말....감동깊게봤는데요.. 약간 전개가 중간에 빨랐던 부분이....;; 그래도 정말 아주 조금의 흠만있고 작화랑 성우, 스토리가 정말 짱짱이였어요!",
    "rating": "9",
    "date": "15.03.29"
  },
  {
    "review_id": "9764595",
    "movie_id": "104657",
    "author": "wosm****",
    "review": "죽은 연인과의 추억을 로봇과 교감하며 다시 살아간다...",
    "rating": "7",
    "date": "15.03.08"
  },
  {
    "review_id": "9740462",
    "movie_id": "104657",
    "author": "cjst****",
    "review": "1시간이란 짧은시간안에 각종 추억과 모든 내용이 담겨있다 .. 환상 그자체 그 감동은 누구도 말로 표현할수없다 .. 그마음하나는 누구든지 간직하고 싶을정도로 감동주는 그자체.. 아름답다..",
    "rating": "10",
    "date": "15.02.26"
  },
  {
    "review_id": "9733641",
    "movie_id": "104657",
    "author": "jel5****",
    "review": "진짜 이걸 극장판애니라고 만든건지,TV판애니의 마지막화라고 만든건지 구분이 안가네요.차라리 TV판 애니의 마지막화라고하면 감동적이었겠네요.애니의 배경에대해 좀더 스토리가있어야하고 캐릭터들의 이야기가 더 나와야 했습니다.에이,그냥 TV판으로나왔어야함",
    "rating": "2",
    "date": "15.02.24"
  },
  {
    "review_id": "9730284",
    "movie_id": "104657",
    "author": "cy_b****",
    "review": "예쁜 그림체, 다소 허술한 스토리",
    "rating": "7",
    "date": "15.02.23"
  },
  {
    "review_id": "9702908",
    "movie_id": "104657",
    "author": "sgh2****",
    "review": "역시 사키사카 이오 작가님이랄까요 ! 그림체도 엄청예쁘고 내용도 엄청 감동이네요",
    "rating": "10",
    "date": "15.02.16"
  },
  {
    "review_id": "9666275",
    "movie_id": "104657",
    "author": "pidi****",
    "review": "뭉클하지만 감동까지는 아니다.",
    "rating": "6",
    "date": "15.02.04"
  },
  {
    "review_id": "9654201",
    "movie_id": "104657",
    "author": "jung****",
    "review": "그림체가 참 예뻐요 여주 남주 너무 잘그려음 반전은 예상가능한 반전이에요",
    "rating": "8",
    "date": "15.01.31"
  },
  {
    "review_id": "9633148",
    "movie_id": "104657",
    "author": "kimm****",
    "review": "현실적이진 않지만 마지막에 있었던 반전과 주인공이가지고 있던 마음은 신선한 충격였습니다. 추천할만큼은 재미있진 않았지만 나름대로 재미있는 영화였네요!!",
    "rating": "8",
    "date": "15.01.25"
  },
  {
    "review_id": "9621275",
    "movie_id": "104657",
    "author": "fly2****",
    "review": "진짜좋아요..계속보게되네요..",
    "rating": "10",
    "date": "15.01.22"
  },
  {
    "review_id": "9620531",
    "movie_id": "104657",
    "author": "reiu****",
    "review": "여자친구와 같이 보러간 애니에이션입니다.  이 영화는 말 그대로 수작도 아닌 망작도 아닌 그저 그런 흔한 애니메이션. 솔직히 말해서 AI의 하위호환인줄 알았습니다. AI의 감동이 더욱 커서 그런지 보는 내내 '그저 그런' 감정의 연속이었습니다.",
    "rating": "6",
    "date": "15.01.21"
  },
  {
    "review_id": "9495141",
    "movie_id": "104657",
    "author": "ha22****",
    "review": "뒤늦게 봤는데 왜 이제서야 봤지 싶네요ㅠㅠ짧지만 강한 인상을 남긴 영화네요.",
    "rating": "10",
    "date": "14.12.21"
  },
  {
    "review_id": "9490837",
    "movie_id": "104657",
    "author": "o___****",
    "review": "와 반전 대박이었습니다..",
    "rating": "10",
    "date": "14.12.20"
  },
  {
    "review_id": "9478788",
    "movie_id": "104657",
    "author": "yuli****",
    "review": "짧은 러닝타임 긴 여운....",
    "rating": "10",
    "date": "14.12.16"
  },
  {
    "review_id": "9466147",
    "movie_id": "104657",
    "author": "ksy2****",
    "review": "마지막  반전 소름돋았습니다 ..ㅎㅎ  한쪽 가슴이 시큰거리는 영화였어요 재밌게 잘 봤네요",
    "rating": "10",
    "date": "14.12.11"
  },
  {
    "review_id": "9419009",
    "movie_id": "104657",
    "author": "kiki****",
    "review": "마지막에 너무 감동적이었습니다 ㅠㅠ",
    "rating": "10",
    "date": "14.11.24"
  },
  {
    "review_id": "9391576",
    "movie_id": "104657",
    "author": "ggc0****",
    "review": "진짜재밌어요 근데 개봉관이 부족해서 다운받아서봤지만 감동적이고 남주 너무 잘생겼어요^^",
    "rating": "10",
    "date": "14.11.16"
  },
  {
    "review_id": "9360717",
    "movie_id": "104657",
    "author": "arca****",
    "review": "엔딩곡도, 성우분들의 연기도, 그림체도, 스토리도 뭐 하나 빠질 게 없는 애니였습니다! 특히 히카사요코님..ㅠㅠ",
    "rating": "10",
    "date": "14.11.09"
  },
  {
    "review_id": "9282743",
    "movie_id": "104657",
    "author": "ansu****",
    "review": "내용도 참신하고 분위기도 좋은데 러닝타임이 상당히 아쉽습니다. 축제에서 주인공 둘이 서로 가까워지는 장면들을 늘렸어도 괜찮았을 것 같은데..?",
    "rating": "8",
    "date": "14.10.10"
  },
  {
    "review_id": "9272460",
    "movie_id": "104657",
    "author": "xora****",
    "review": "그림도 예쁘고 소재도 신선하고 내용도 나쁘진 않지만.. 그렇게 큰 감동은 없는 듯.. 시간 짧으니 그냥 볼 만은 하다",
    "rating": "7",
    "date": "14.10.07"
  },
  {
    "review_id": "9265266",
    "movie_id": "104657",
    "author": "qlsl****",
    "review": "ㅎ...헐...아오하라이드 그리신 작가분!!! 그림체 너무이뻤습니당!",
    "rating": "10",
    "date": "14.10.05"
  },
  {
    "review_id": "9239097",
    "movie_id": "104657",
    "author": "wasd****",
    "review": "진짜...한번봐라....명작이란 거창한것이 아니라우리에게 오래 여운이 남게하는 작품이다",
    "rating": "10",
    "date": "14.09.24"
  },
  {
    "review_id": "9225530",
    "movie_id": "104657",
    "author": "skyh****",
    "review": "나이 29먹고 울컥하는건 진짜 오랜만이네..일본은 싫지만 애니매이션은 도저히 깔 수가 없다..잘봤음..",
    "rating": "10",
    "date": "14.09.19"
  },
  {
    "review_id": "9177425",
    "movie_id": "104657",
    "author": "asy_****",
    "review": "짧아서 좋고, 나름 반전? 도 좋았음",
    "rating": "8",
    "date": "14.09.07"
  },
  {
    "review_id": "9139607",
    "movie_id": "104657",
    "author": "heod****",
    "review": "썩 잘만든 작품은 아니지만 그렇다고 못 만든 작품도 아니고....  교묘하고 인상적인 트릭이 기억에 남는다.",
    "rating": "9",
    "date": "14.08.28"
  },
  {
    "review_id": "9136545",
    "movie_id": "104657",
    "author": "2005****",
    "review": "일본은 애니가 짱인듯. 정말 야동 같은거랑 이런 애니랑 놓고보면 정말 극과극인듯...",
    "rating": "10",
    "date": "14.08.27"
  },
  {
    "review_id": "9127596",
    "movie_id": "104657",
    "author": "suri****",
    "review": "신카이 마코토 작품 정도의 감동을 기대했었는데... 쩝.",
    "rating": "7",
    "date": "14.08.24"
  },
  {
    "review_id": "9110032",
    "movie_id": "104657",
    "author": "leon****",
    "review": "예고에서 떡밥을 던지는데 그게 반전이라니 재밌게보았다",
    "rating": "9",
    "date": "14.08.19"
  },
  {
    "review_id": "8971967",
    "movie_id": "104657",
    "author": "dksw****",
    "review": "새벽에 봤는데 재미있고도 슬펐습니다.않그래도 연인이랑싸웠는데 이걸 보고 많은걸 생각했습니다.마지막이 반전이라 좀 당황스러웠지만 나름 괜찮다고 생각합니다.^^",
    "rating": "10",
    "date": "14.07.28"
  },
  {
    "review_id": "8969079",
    "movie_id": "104657",
    "author": "tjeh****",
    "review": "이런 예상치 못한 반전 좋음!",
    "rating": "8",
    "date": "14.07.27"
  },
  {
    "review_id": "8961285",
    "movie_id": "104657",
    "author": "kbbh****",
    "review": "마지막 반전이 인상깊고 아련했네요 개인적으로 주인공 너무이쁨ㅎ",
    "rating": "10",
    "date": "14.07.26"
  },
  {
    "review_id": "8954864",
    "movie_id": "104657",
    "author": "wwww****",
    "review": "반전이다슬펏다 아련한느낌을주는영화다",
    "rating": "8",
    "date": "14.07.25"
  },
  {
    "review_id": "8953064",
    "movie_id": "104657",
    "author": "tlsr****",
    "review": "정말 감동적이였고 주인공들이 너무 예뻐요~",
    "rating": "10",
    "date": "14.07.24"
  },
  {
    "review_id": "8933374",
    "movie_id": "104657",
    "author": "ichi****",
    "review": "진짜 감동적이에요.. 마지막엔 울면서 본ㅜㅜ",
    "rating": "10",
    "date": "14.07.20"
  },
  {
    "review_id": "8874187",
    "movie_id": "104657",
    "author": "glse****",
    "review": "감동적인 이야기 같고 내용 잘만들었어요 그림체 짱!",
    "rating": "10",
    "date": "14.07.01"
  },
  {
    "review_id": "8859288",
    "movie_id": "104657",
    "author": "mebl****",
    "review": "잔잔하고 따듯한 영화...정말 반전이 충격이더군요...오랜만에 재밌는 애니였습니다^^",
    "rating": "8",
    "date": "14.06.26"
  },
  {
    "review_id": "8839503",
    "movie_id": "104657",
    "author": "sile****",
    "review": "잔잔하고 멘붕을 부르는 영화...",
    "rating": "7",
    "date": "14.06.18"
  },
  {
    "review_id": "8838208",
    "movie_id": "104657",
    "author": "zzid****",
    "review": "마음에 걸리던 복선들이 들어나는 순간이 와닿기엔 구성도 내용도 너무 잔잔했다",
    "rating": "7",
    "date": "14.06.18"
  },
  {
    "review_id": "8794987",
    "movie_id": "104657",
    "author": "hj21****",
    "review": "너무너무 이쁘고 잔잔하고.... 감동적이었습니다... 정말 좋아요ㅠㅠ",
    "rating": "10",
    "date": "14.06.04"
  },
  {
    "review_id": "8784831",
    "movie_id": "104657",
    "author": "qort****",
    "review": "그림체도 이쁘고 내용도 좋았어요^^마지막에 좀 슬펐지만다시 한번 보고싶은 내용이네요~",
    "rating": "10",
    "date": "14.06.01"
  },
  {
    "review_id": "8781122",
    "movie_id": "104657",
    "author": "cjcs****",
    "review": "너무 재밌었다능 하루멋있어요ㅠㅠㅠ",
    "rating": "10",
    "date": "14.05.31"
  },
  {
    "review_id": "8770831",
    "movie_id": "104657",
    "author": "lulh****",
    "review": "진부할 줄 알았는데, 전혀 진부하지도 않고 오히려 끝나고 나서는 혼이 나갈 정도네요. 애틋하고 아련하고 씁쓸하고 아름답네요. ㅠㅠ",
    "rating": "10",
    "date": "14.05.28"
  },
  {
    "review_id": "8768992",
    "movie_id": "104657",
    "author": "gbwl****",
    "review": "전형적인 잔잔한 일본 애니메이션 이런류 좋아하는사람들은 환장함",
    "rating": "10",
    "date": "14.05.27"
  },
  {
    "review_id": "8768920",
    "movie_id": "104657",
    "author": "kalc****",
    "review": "평점에 낚였.... 이게 과연 8점짜리란 말인가...",
    "rating": "5",
    "date": "14.05.27"
  },
  {
    "review_id": "8767057",
    "movie_id": "104657",
    "author": "rlag****",
    "review": "반전이 최고였음.감동적이고 잘 만듬.",
    "rating": "10",
    "date": "14.05.26"
  },
  {
    "review_id": "8766538",
    "movie_id": "104657",
    "author": "leec****",
    "review": "감동이다 정말봐라 짅자",
    "rating": "9",
    "date": "14.05.26"
  },
  {
    "review_id": "8760010",
    "movie_id": "104657",
    "author": "psh8****",
    "review": "그림체가예뻐서 별두개준다..스토리는 도무지 종잡을수가 없다..지루하다..",
    "rating": "4",
    "date": "14.05.24"
  },
  {
    "review_id": "8757087",
    "movie_id": "104657",
    "author": "psp2****",
    "review": "10대 소녀의 감성 소녀가 좋아 할만한 영화",
    "rating": "6",
    "date": "14.05.23"
  },
  {
    "review_id": "8745510",
    "movie_id": "104657",
    "author": "bri2****",
    "review": "그 절규가 애니메이션임에도 가슴 깊숙히 와닿네요 그만큼 사랑하려면 어떻게 해야할까요?",
    "rating": "8",
    "date": "14.05.18"
  },
  {
    "review_id": "8744177",
    "movie_id": "104657",
    "author": "seoh****",
    "review": "짧은데 엄청 감동적이었어요",
    "rating": "10",
    "date": "14.05.18"
  },
  {
    "review_id": "8743685",
    "movie_id": "104657",
    "author": "zsoe****",
    "review": "너무 감동적이고 슬프다.. 근데  이해가 도저히 안되서 9점..",
    "rating": "9",
    "date": "14.05.18"
  },
  {
    "review_id": "8737691",
    "movie_id": "104657",
    "author": "lo_s****",
    "review": "런닝타임 20~30분 정도 더 늘렸으면 하는 아쉬움이 있지만, 짧고 강렬하네요 애니를 좋아하는 사람이라면 꼭 봐야 할",
    "rating": "10",
    "date": "14.05.16"
  },
  {
    "review_id": "8719386",
    "movie_id": "104657",
    "author": "oran****",
    "review": "마음으로 울었던영화네요 이입해서 보니깐 정말 가슴이 무너지던..",
    "rating": "10",
    "date": "14.05.10"
  },
  {
    "review_id": "8708421",
    "movie_id": "104657",
    "author": "love****",
    "review": "가슴 따뜻한 영화. 살아가면서 이렇게 사랑하는 사람을 만날 수 있을까, 만나고 싶다고 느끼게 해준 영화.",
    "rating": "10",
    "date": "14.05.06"
  },
  {
    "review_id": "8705451",
    "movie_id": "104657",
    "author": "jee1****",
    "review": "소중한 사람을 떠나 보냈고, 슬픔이 있었지만 끝에는 일상으로 돌아갔다.말이 필요가 없는 작품.뭉클한 반전을 안고 나는 다시 삶으로 돌아간다",
    "rating": "10",
    "date": "14.05.05"
  },
  {
    "review_id": "8695154",
    "movie_id": "104657",
    "author": "tpgu****",
    "review": "사랑은 자신에게 깃들어져 있어야한다.",
    "rating": "9",
    "date": "14.05.03"
  },
  {
    "review_id": "8681365",
    "movie_id": "104657",
    "author": "yoon****",
    "review": "특별할 거 없이 그냥 누구한테 이야기해주는 듯한 스토리란 생각이 들었고 평점 8.15 때 봤는데 딱 그 정도가 적당하다 싶은 영화?",
    "rating": "8",
    "date": "14.04.29"
  },
  {
    "review_id": "8671923",
    "movie_id": "104657",
    "author": "paya****",
    "review": "Qwtugffyuhfddfgg",
    "rating": "10",
    "date": "14.04.25"
  },
  {
    "review_id": "8656732",
    "movie_id": "104657",
    "author": "atyd****",
    "review": "뻔한 반전 그러나 감동할 수 밖에 없는 스토리 누군가 그랬지 알고도 당하는게 사랑이라고 이영화는 이걸 표현해주는거 같다!!",
    "rating": "10",
    "date": "14.04.18"
  },
  {
    "review_id": "8633636",
    "movie_id": "104657",
    "author": "supe****",
    "review": "재미가 없습니다. 보는 내내 보지말까 볼까 고민했습니다만, 끝까지 봤고, 그 결과는 결국 후회네요.",
    "rating": "1",
    "date": "14.04.06"
  },
  {
    "review_id": "8630486",
    "movie_id": "104657",
    "author": "kyoo****",
    "review": "재밌게 보다가 뒤통수 한대",
    "rating": "10",
    "date": "14.04.05"
  },
  {
    "review_id": "8628411",
    "movie_id": "104657",
    "author": "love****",
    "review": "기대않고봤는데감동이었어요♥♥",
    "rating": "10",
    "date": "14.04.04"
  },
  {
    "review_id": "8620275",
    "movie_id": "104657",
    "author": "tjrg****",
    "review": "전  나름 재밌게 봤어요 반전도 있고 색감이나 아기자기한 그림체도 좋아요!",
    "rating": "10",
    "date": "14.03.31"
  },
  {
    "review_id": "8617862",
    "movie_id": "104657",
    "author": "rudg****",
    "review": "소름돋는 반전이 있는 정말 재밌는 영화! 친구가 DVD를 선물로 줘서 보게됬는데 정말 재밌어요!",
    "rating": "10",
    "date": "14.03.30"
  },
  {
    "review_id": "8600668",
    "movie_id": "104657",
    "author": "dodo****",
    "review": "정말 오랜만에 느껴보는 아련한 느낌과 가슴 찡함... 특히 영상미가 정말 아름답습니다... 반전도 정말 놀랐고, 무엇보다 너무나도 감동적이었던 애니메이션...",
    "rating": "10",
    "date": "14.03.23"
  },
  {
    "review_id": "8597092",
    "movie_id": "104657",
    "author": "rikk****",
    "review": "아노하나이후로 이렇게 운적은 처음이네.. 감동",
    "rating": "10",
    "date": "14.03.22"
  },
  {
    "review_id": "8596498",
    "movie_id": "104657",
    "author": "nhe1****",
    "review": "교훈이 많았지만 아쉽게도 참 짧은내용에 막그렇게 재밋지는 않았음",
    "rating": "7",
    "date": "14.03.22"
  },
  {
    "review_id": "8594100",
    "movie_id": "104657",
    "author": "lgic****",
    "review": "이런류의 만화를뭐라고 해야할지 모르겠다. 감성적이지만 후반에 큰 반전이 있다. 스토리는 최고다.",
    "rating": "8",
    "date": "14.03.21"
  },
  {
    "review_id": "8592511",
    "movie_id": "104657",
    "author": "obj5****",
    "review": "애니메이션 좋아하지만,,이영화는 뭘 이야기하고자 하는지 모르겠네...시간도 짧은영화 평점에 속아서 봤다,,",
    "rating": "4",
    "date": "14.03.21"
  },
  {
    "review_id": "8589790",
    "movie_id": "104657",
    "author": "gkek****",
    "review": "남주에 관한 반전이 억지스럽고 개연성도 여러군데서 떨어진다. 화면이나 그림이 훌륭해서 서정적인 맛은 있는데 그것만 보자고 돈내기엔 아까운 느낌",
    "rating": "6",
    "date": "14.03.20"
  },
  {
    "review_id": "8587062",
    "movie_id": "104657",
    "author": "snoo****",
    "review": "정말... 최고. 반전도 반전이지만 무엇보다 맨 마지막 대사가 잊혀지지않네요. 여운이 깊은 영화입니다. 모두 한번쯤은 봐도 좋을 영화.",
    "rating": "10",
    "date": "14.03.19"
  },
  {
    "review_id": "8579736",
    "movie_id": "104657",
    "author": "slip****",
    "review": "먹먹하지만 어쩔수 없다는거 그게 젤 슬펐던듯",
    "rating": "10",
    "date": "14.03.15"
  },
  {
    "review_id": "8576936",
    "movie_id": "104657",
    "author": "hama****",
    "review": "후반부에 사실을 알고나서부터 마음이 먹먹..해지네요.",
    "rating": "10",
    "date": "14.03.15"
  },
  {
    "review_id": "8567363",
    "movie_id": "104657",
    "author": "lins****",
    "review": "그림체만 좋고 나머지는 그냥그럼 평점 8점 이상 받을 정도는 아니다 10점 준 리뷰를 보니까 조작티 너무 난다",
    "rating": "1",
    "date": "14.03.10"
  },
  {
    "review_id": "8565782",
    "movie_id": "104657",
    "author": "siri****",
    "review": "보고나서 외출하면 기분이 상쾌해지는 영화^^",
    "rating": "10",
    "date": "14.03.09"
  },
  {
    "review_id": "8555494",
    "movie_id": "104657",
    "author": "sign****",
    "review": "이런거 만들지 말랬지 형이",
    "rating": "3",
    "date": "14.03.04"
  },
  {
    "review_id": "8551334",
    "movie_id": "104657",
    "author": "tnal****",
    "review": "슬픈거였네요..반전bb",
    "rating": "10",
    "date": "14.03.02"
  },
  {
    "review_id": "8550833",
    "movie_id": "104657",
    "author": "will****",
    "review": "화면의 아름다움은 좋았지만....딱히 감동 이럴것도 없는 평범한 작품..",
    "rating": "6",
    "date": "14.03.02"
  },
  {
    "review_id": "8538856",
    "movie_id": "104657",
    "author": "tngu****",
    "review": "하나하나 인물의 감정 그리고 애니메이션 영화중에 나오는 사람들 표정들 마지막 부분의 애절함 까지 감동이 넘치는 애니메이션 영화였다 나는 조심스럽게 만약 \"료\" 가 진실을 말해주지 않았더라면  지금쯤 하루는 쿠루미와 함께 살고있지않을까",
    "rating": "10",
    "date": "14.02.26"
  },
  {
    "review_id": "8537756",
    "movie_id": "104657",
    "author": "123q****",
    "review": "정말 작화하나는 끝내줍니다.",
    "rating": "7",
    "date": "14.02.26"
  },
  {
    "review_id": "8537046",
    "movie_id": "104657",
    "author": "hghg****",
    "review": "재밋어요재밋어요재밋어요재밋어요",
    "rating": "10",
    "date": "14.02.25"
  },
  {
    "review_id": "8531556",
    "movie_id": "104657",
    "author": "b239****",
    "review": "정말 잘 되다가 마지막에 반전  감동  그자체 입니다",
    "rating": "10",
    "date": "14.02.23"
  },
  {
    "review_id": "8529609",
    "movie_id": "104657",
    "author": "427l****",
    "review": "으허허엉 엉엉 흐헝헝 으헝헝",
    "rating": "10",
    "date": "14.02.22"
  },
  {
    "review_id": "8528588",
    "movie_id": "104657",
    "author": "roxy****",
    "review": "감동이 강하다기 보다는 약한 반전 보는걸로... 볼만은 했음 앞으로의 WIT Studio의 행보가 기대됨... 진격거 2기는 하나?",
    "rating": "7",
    "date": "14.02.22"
  },
  {
    "review_id": "8514833",
    "movie_id": "104657",
    "author": "jsy0****",
    "review": "뭐랄까 말이나오지 않는다...",
    "rating": "10",
    "date": "14.02.16"
  },
  {
    "review_id": "8507012",
    "movie_id": "104657",
    "author": "merm****",
    "review": "완전 지루해...ㅜㅜ",
    "rating": "2",
    "date": "14.02.14"
  },
  {
    "review_id": "8506190",
    "movie_id": "104657",
    "author": "ehga****",
    "review": "감동...말이필요 없는...",
    "rating": "10",
    "date": "14.02.14"
  },
  {
    "review_id": "8502992",
    "movie_id": "104657",
    "author": "make****",
    "review": "시점 뒤집기 방식으로 반전을 꽤했지만, 그것에 도달하기까지의 내용연계성 부족과 극장판임에도 TV판같은 인물의 2D성 묘사와 감정씽크율 떨어지는 대사위주의 성우진은 제작진만의 서정성과 감상주의로 빠지게 만들었다. 값싼 감동이 되버렸다.",
    "rating": "5",
    "date": "14.02.13"
  },
  {
    "review_id": "8494159",
    "movie_id": "104657",
    "author": "zbxl****",
    "review": "재미와 감동이함께 반전이잇어서 재미가잇엇네요",
    "rating": "10",
    "date": "14.02.09"
  },
  {
    "review_id": "8482920",
    "movie_id": "104657",
    "author": "axl8****",
    "review": "스토리가 좀 아쉽네요. 그다지 감동적이지도 않고.",
    "rating": "6",
    "date": "14.02.07"
  },
  {
    "review_id": "8477290",
    "movie_id": "104657",
    "author": "dann****",
    "review": "평점이좋고 그림체도좋길래 봤더니 시간낭비한느낌이다. 잘우는편이지만 감동도 눈물도없었고 재미없어서 세번끊어서 봤다.왜평점이 높은지 모르겠음",
    "rating": "1",
    "date": "14.02.05"
  },
  {
    "review_id": "8476431",
    "movie_id": "104657",
    "author": "neo5****",
    "review": "짧은 런닝타임....하지만 반전의 메시지를 통해 가슴아프고 아련한 그리움의 아픔들을 치유하게 되는 힐링스토리~~추천드립니다~~",
    "rating": "10",
    "date": "14.02.05"
  }
]