[
  {
    "review_id": "10183122",
    "movie_id": "104612",
    "author": "kara****",
    "review": "쓸데없는 섹스코미디 흉내내기만 뺴면 꽤 볼만하다....그러나 결혼이 끝은 아닌데...",
    "rating": "7",
    "date": "15.08.04"
  },
  {
    "review_id": "10117325",
    "movie_id": "104612",
    "author": "mvgs****",
    "review": "주지훈 머싯어요 옥택연은 부처.,",
    "rating": "10",
    "date": "15.07.18"
  },
  {
    "review_id": "10111878",
    "movie_id": "104612",
    "author": "wowj****",
    "review": "그냥저냥 볼만한영화였어요 완전돈아까울정도록 나쁜영화는아닌듯. 옥택연의 의외의 멋있는모습을 봄!!",
    "rating": "8",
    "date": "15.07.17"
  },
  {
    "review_id": "10108885",
    "movie_id": "104612",
    "author": "1004****",
    "review": "이연희 땜에 배렸네.. 연기의 질을 떨어트리는 애..",
    "rating": "1",
    "date": "15.07.16"
  },
  {
    "review_id": "10095185",
    "movie_id": "104612",
    "author": "jaeu****",
    "review": "의미가 닮겨있는 영화..",
    "rating": "10",
    "date": "15.07.12"
  },
  {
    "review_id": "10076918",
    "movie_id": "104612",
    "author": "seon****",
    "review": "쓰레기영화 성질나는영화 이연희 연기존나못한다.",
    "rating": "1",
    "date": "15.07.06"
  },
  {
    "review_id": "10074105",
    "movie_id": "104612",
    "author": "rock****",
    "review": "이연희 배역을 남자가 했다고 생각해봐..  결혼전..원나잇 후 결혼..과연 아름답게 보일수 있나  ㄱㅋㅋ범죄라하고 여자들도 욕하겠지",
    "rating": "1",
    "date": "15.07.05"
  },
  {
    "review_id": "10049140",
    "movie_id": "104612",
    "author": "hamj****",
    "review": "이거 봤었는데....별로..",
    "rating": "5",
    "date": "15.06.28"
  },
  {
    "review_id": "9997888",
    "movie_id": "104612",
    "author": "hele****",
    "review": "거지같네영화 ㅋㅋ 연희 뭐야",
    "rating": "1",
    "date": "15.06.14"
  },
  {
    "review_id": "9968846",
    "movie_id": "104612",
    "author": "0_02****",
    "review": "돈이 아깝단 생각이 들었다 고준희 커플 노잼",
    "rating": "1",
    "date": "15.06.01"
  },
  {
    "review_id": "9954018",
    "movie_id": "104612",
    "author": "kkkf****",
    "review": "이 시대를 살아가는 젊은이들에게 결혼에 대한 올바를 가치관을 제시해 주는 영화",
    "rating": "8",
    "date": "15.05.27"
  },
  {
    "review_id": "9953702",
    "movie_id": "104612",
    "author": "hala****",
    "review": "진짜..이 배우들 가지고 이런 영화를..아깝다",
    "rating": "1",
    "date": "15.05.27"
  },
  {
    "review_id": "9912944",
    "movie_id": "104612",
    "author": "kimj****",
    "review": "너무나 유쾌하다. 한국판 러브액츄얼리로 임명합니다.",
    "rating": "8",
    "date": "15.05.12"
  },
  {
    "review_id": "9910642",
    "movie_id": "104612",
    "author": "kimb****",
    "review": "역시 여자 감독ㅋㅋㅋ별 반개도 아까운 똥쓰레기 영화",
    "rating": "1",
    "date": "15.05.11"
  },
  {
    "review_id": "9910608",
    "movie_id": "104612",
    "author": "kbhm****",
    "review": "스토리가..OOO..",
    "rating": "1",
    "date": "15.05.11"
  },
  {
    "review_id": "9910571",
    "movie_id": "104612",
    "author": "char****",
    "review": "영화관 가서 보면 안 되는 영화. 케이블 재방으로 띄엄띄엄 봐도 시간 아까운 영화.",
    "rating": "1",
    "date": "15.05.11"
  },
  {
    "review_id": "9889371",
    "movie_id": "104612",
    "author": "proa****",
    "review": "진짜 못봐주것다. 수준낮아서.",
    "rating": "1",
    "date": "15.05.03"
  },
  {
    "review_id": "9847346",
    "movie_id": "104612",
    "author": "gotl****",
    "review": "나도 그렇게 재밌게 보진 않았지만.. 사람들이 자꾸 현실성 없다 하는데 그럴꺼면 영화를 보지말고 다큐를 보세요 ㅋㅋㅋ",
    "rating": "5",
    "date": "15.04.15"
  },
  {
    "review_id": "9822118",
    "movie_id": "104612",
    "author": "maje****",
    "review": "이연희 바람스토리가 아니빼고 구성이 참 잘된 영화",
    "rating": "8",
    "date": "15.04.02"
  },
  {
    "review_id": "9822100",
    "movie_id": "104612",
    "author": "yong****",
    "review": "전 괜찮던데.. 왜 혹평이 많지?",
    "rating": "8",
    "date": "15.04.02"
  },
  {
    "review_id": "9813206",
    "movie_id": "104612",
    "author": "pree****",
    "review": "옥택연 뿐만 아니라 모든 남자들이 불쌍해보였다.",
    "rating": "7",
    "date": "15.03.29"
  },
  {
    "review_id": "9744506",
    "movie_id": "104612",
    "author": "rldn****",
    "review": "영화가 참 재밌는데 내용이...",
    "rating": "3",
    "date": "15.02.27"
  },
  {
    "review_id": "9709382",
    "movie_id": "104612",
    "author": "pjs3****",
    "review": "개병맛이네요 흐음...",
    "rating": "1",
    "date": "15.02.18"
  },
  {
    "review_id": "9689437",
    "movie_id": "104612",
    "author": "ersr****",
    "review": "이연희랑 주지훈편 스토리가 어쨌건, 남자인데도 주지훈땜에 심장 쿵코앜웈와 쿵코아어택 개쩐다.. 남자 진짜 좋아할 수도 있겠구나 싶더라..",
    "rating": "8",
    "date": "15.02.12"
  },
  {
    "review_id": "9688533",
    "movie_id": "104612",
    "author": "ggon****",
    "review": "보다말았는데 진짜 엄청지루하고 보면서 한군데서도 안웃음. 좋은배우들 섭외해다가 뭐하는짓? 뭐 문제있는 몇몇 배우라고도 부르기싫은 분들이 있긴한데..암튼 진~~~~짜 재미없어서 한시간인가 보고 빡쳐서 끔. 잔뜩 기대하고 4000원인가 내고 본건데ㅡㅡ",
    "rating": "2",
    "date": "15.02.12"
  },
  {
    "review_id": "9685059",
    "movie_id": "104612",
    "author": "ojo6****",
    "review": "우즈베키스탄 여자 엉덩이 클로즈업 했을 때 섹시함을 넘어서 한번 만져보고 싶었네요. 그리고 결혼은 유지태한테 시집간 김효진이 잘간 것 같아요. 영화속에서 김강우가 말한 김효진의 현란한 기술이 어떤건지 궁금하네~~",
    "rating": "9",
    "date": "15.02.10"
  },
  {
    "review_id": "9683686",
    "movie_id": "104612",
    "author": "anyo****",
    "review": "다시 새로운 사랑을 찾아 떠단 이연희 그사랑도 시간이 지나면 흐려질것을....",
    "rating": "6",
    "date": "15.02.10"
  },
  {
    "review_id": "9647220",
    "movie_id": "104612",
    "author": "jsr2****",
    "review": "처음봤을때도 재밌게 봤는데 다시봐도 재밌는 영화",
    "rating": "10",
    "date": "15.01.29"
  },
  {
    "review_id": "9563794",
    "movie_id": "104612",
    "author": "beno****",
    "review": "오소미역을 이연희가 맡은건 신의 한수.다른 여배우가 맡았다면 홧병나서 큰일 났을 듯...무난하게 볼 만 함",
    "rating": "8",
    "date": "15.01.05"
  },
  {
    "review_id": "9539424",
    "movie_id": "104612",
    "author": "lyk0****",
    "review": "옥택연이연희 오그라드는 연기하며.. (어느정도냐면 이희준이 봐줄만한 수준) 제작진은 연애를안해봤거나 글로배웠나 싶다. 어쩜 이렇게 캐릭터와 스토리가 비공감을 이끌어내지..? 제주에 네일대회가서 관광만 주구장창 하질않나ㅋㅋ 영화관가서 안본게 참 다행",
    "rating": "1",
    "date": "14.12.30"
  },
  {
    "review_id": "9488576",
    "movie_id": "104612",
    "author": "nabi****",
    "review": "집에서 오씨엔으로보면 볼만함ㅋ",
    "rating": "6",
    "date": "14.12.19"
  },
  {
    "review_id": "9488556",
    "movie_id": "104612",
    "author": "sinj****",
    "review": "감독의 뇌가 있는지 의심 스럽다. 분명히 에피소드 하나는 자신이 격었던 일을  스크린에 옴겨 놓은거 같다.유치하고 한숨이 나오지만  우리 삶이 다 다른것 처럼 영화를 보는 눈도 다 다르겠다. 따듯하게 감싸주지 못한 영화",
    "rating": "10",
    "date": "14.12.19"
  },
  {
    "review_id": "9429879",
    "movie_id": "104612",
    "author": "cohs****",
    "review": "방금봤는 데 충격 먹었다. 이것도 영화냐? 저딴것도 연출이냐고!!! 감독새끼야 하기싫은거 억지로 찍지마!",
    "rating": "2",
    "date": "14.11.28"
  },
  {
    "review_id": "9426283",
    "movie_id": "104612",
    "author": "alib****",
    "review": "이런 미친 병맛같은 영화를 봤나...ㅋㅋㅋ8천원짜리암세포란 말이 무슨뜻인지 알겠다ㅋㅋㅋ알바 존나많네 이게왜 7점이야 ㅋㅋ",
    "rating": "1",
    "date": "14.11.27"
  },
  {
    "review_id": "9366452",
    "movie_id": "104612",
    "author": "gmdq****",
    "review": "결혼을 안 해봐서 그런가.. 뭘 말하고자 하는 건지 잘 모르겠는데",
    "rating": "5",
    "date": "14.11.10"
  },
  {
    "review_id": "9342107",
    "movie_id": "104612",
    "author": "kuik****",
    "review": "코메디가 매우 약하고, 드라마도 좀 수박겉핡기식이고. 이게 왜 7점짜리 영화냐.",
    "rating": "6",
    "date": "14.11.05"
  },
  {
    "review_id": "9340205",
    "movie_id": "104612",
    "author": "iixo****",
    "review": "생각보다 재밌었어요. 현실적인 내용들도 있었고 연기도 좋았구요..여러 커플들의 이야기가 흐름을 끊지 않으면서 잘 이어지는 것도 좋았고..좋은 사람 만나서 서로 이해하며 소박하고 행복하게 살고 싶다는 생각이 들었어요",
    "rating": "9",
    "date": "14.11.04"
  },
  {
    "review_id": "9328178",
    "movie_id": "104612",
    "author": "coco****",
    "review": "지금껏 본 영화중에 최악이었음 극장에서 영화보다 도중에 나온건 첨이었다. 시간이 너무 아까웠음 평점 높게 준 사람들은 대체 뭐지?",
    "rating": "1",
    "date": "14.10.30"
  },
  {
    "review_id": "9325273",
    "movie_id": "104612",
    "author": "infa****",
    "review": "이해안되는부분도많고이해되는부분도많은영화!!",
    "rating": "9",
    "date": "14.10.28"
  },
  {
    "review_id": "9321195",
    "movie_id": "104612",
    "author": "matt****",
    "review": "진짜재밌어 최고....!!",
    "rating": "10",
    "date": "14.10.27"
  },
  {
    "review_id": "9321019",
    "movie_id": "104612",
    "author": "doda****",
    "review": "악플이 상당히 많네 저는 개인적으로 재밌게봄 과거의 연애 기억들이나 상황이 공감되는 것이 상당히 많았음 옥택연같은 상황도 주지훈같은 상황도 김강우나 이희준같은 상황도 그러고보니 마동석빼고는 다 공감함 오랜만에 연애에 대해 공감하고 생각하게 만드는 영화",
    "rating": "9",
    "date": "14.10.27"
  },
  {
    "review_id": "9316209",
    "movie_id": "104612",
    "author": "newf****",
    "review": "전체적으로 지루하고 이연희 스토리는 좀 불편한듯.",
    "rating": "5",
    "date": "14.10.25"
  },
  {
    "review_id": "9307781",
    "movie_id": "104612",
    "author": "rkdh****",
    "review": "난 이야기에 공감은 안되고 요즘에 한번씩 볼 땐 사실 마동석과 구잘 나오는 부분만 본다... 부럽다... 마동석씨... 김효진과 구잘 땜에 7점이다...",
    "rating": "7",
    "date": "14.10.22"
  },
  {
    "review_id": "9307676",
    "movie_id": "104612",
    "author": "min2****",
    "review": "이연희에피소드 진짜 쓰레기다. 7년사귄 남자친구한테 거짓말하고 제주도가서 원나잇에 결혼식당일날 헤어짐ㅋㅋㅋ 7년동안 사귄사이라는 설정은 왜한거지? 다른커플들 에피도 그닥재미었고 킬링타임용으로 딱히 볼만한것도 아님. 결론은 완전 노잼.",
    "rating": "1",
    "date": "14.10.22"
  },
  {
    "review_id": "9304158",
    "movie_id": "104612",
    "author": "dada****",
    "review": "이연희 때문에 1점.. 우리나라 김치년의 현실을 제대로 반영하여 암을 유발시킴",
    "rating": "1",
    "date": "14.10.20"
  },
  {
    "review_id": "9298051",
    "movie_id": "104612",
    "author": "tnis****",
    "review": "주지훈 빼고는 긴장도 흥미도 없는 영화, 결혼도 사랑도 표면에서 데굴데굴",
    "rating": "4",
    "date": "14.10.17"
  },
  {
    "review_id": "9297587",
    "movie_id": "104612",
    "author": "wpig****",
    "review": "마동석 잼씀  ㅎㅎ연기도잘하고",
    "rating": "10",
    "date": "14.10.17"
  },
  {
    "review_id": "9294508",
    "movie_id": "104612",
    "author": "qndd****",
    "review": "아니 내생각쓰는곳인데 왜이렇게 뭐안돼 뭐안돼 아오",
    "rating": "10",
    "date": "14.10.15"
  },
  {
    "review_id": "9293107",
    "movie_id": "104612",
    "author": "shin****",
    "review": "이연희 옥택연 파트는 없는게 나을듯... 막장 소재를 억지로 아름답게 풀어내려고 애썼네.",
    "rating": "7",
    "date": "14.10.15"
  },
  {
    "review_id": "9293100",
    "movie_id": "104612",
    "author": "only****",
    "review": "지금 티브로 보았음~ 대단히 재미있음. 타임킬링용으로 좋아요.",
    "rating": "10",
    "date": "14.10.15"
  },
  {
    "review_id": "9292951",
    "movie_id": "104612",
    "author": "eb58****",
    "review": "재미없고 킬링타임용등장인물이 너무많아서 집중도 안되고내용도 그냥그럼 틀어놓고 책보고있는 나를 발견ㅋㅋㅋㅋ그냥\"노잼\"",
    "rating": "1",
    "date": "14.10.14"
  },
  {
    "review_id": "9290717",
    "movie_id": "104612",
    "author": "77ph****",
    "review": "이연희, 주지훈, 옥택연 이 커플들이 확실히 재밌었다.",
    "rating": "8",
    "date": "14.10.13"
  },
  {
    "review_id": "9290474",
    "movie_id": "104612",
    "author": "wodl****",
    "review": "주지훈 연기 잘하네요ㅋㅋㅋㅋ",
    "rating": "7",
    "date": "14.10.13"
  },
  {
    "review_id": "9288425",
    "movie_id": "104612",
    "author": "kwon****",
    "review": "점수 주고 싶다가도 이연희 씨가 연기한 파트 때문에 다 잡쳤네요. 헌데 이 따위 영화를 가장 좋아하는 그룹은 20대 여자군요 ㅎㅎ",
    "rating": "4",
    "date": "14.10.12"
  },
  {
    "review_id": "9286532",
    "movie_id": "104612",
    "author": "ske4****",
    "review": "tv 전기세가 아깝다!!!",
    "rating": "1",
    "date": "14.10.12"
  },
  {
    "review_id": "9286133",
    "movie_id": "104612",
    "author": "jodi****",
    "review": "평타는 치는 멜로 코미디영화....",
    "rating": "6",
    "date": "14.10.12"
  },
  {
    "review_id": "9280415",
    "movie_id": "104612",
    "author": "loll****",
    "review": "결말이 좀 급하게 마무리 정리하는듯한 느낌을 많이받음 그래도 킬타로 괜찮게 봐서 후한 평점... 마동석때문에 웃김",
    "rating": "7",
    "date": "14.10.10"
  },
  {
    "review_id": "9279894",
    "movie_id": "104612",
    "author": "pret****",
    "review": "아직 미혼이라 궁금했다 결혼전날은 다들 뭘할까 유쾌한 이야기들이 날 배꼽잡게 했다",
    "rating": "5",
    "date": "14.10.10"
  },
  {
    "review_id": "9269038",
    "movie_id": "104612",
    "author": "qhdm****",
    "review": "혹평도 많았는데 전 잘봤어요 전하려는 메세지도 잘 전달되고 배우들도 다들 굿. 결혼을 한 사람으로서도 결혼이란걸 생각해 보게 만든. 보는 사람의 입장에 따라 달리보이나봐요.",
    "rating": "8",
    "date": "14.10.06"
  },
  {
    "review_id": "9266770",
    "movie_id": "104612",
    "author": "jung****",
    "review": "나만 주지훈 이연희가 이어진게 좋았나봄...?... ㅋㅋ 옥택연 진짜 보살이긴한듯 ㅜㅜ 재밌다이거",
    "rating": "8",
    "date": "14.10.05"
  },
  {
    "review_id": "9252468",
    "movie_id": "104612",
    "author": "jhlo****",
    "review": "전잘봤어요ㅎㅎ 억지가 좀 있긴하지만 그냥 편하게 볼정도.. 색이다른 커플들얘기도괜찮구.. 옥택연은 좀불쌍하지만ㅋㅋ후반에 서로 이해하고 잘되는과정은 살짝 부럽기도했고요ㅋㅋ 오래만난커플이 헤어지는건 좀 아쉽네요~",
    "rating": "8",
    "date": "14.10.01"
  },
  {
    "review_id": "9252269",
    "movie_id": "104612",
    "author": "tn99****",
    "review": "택연아.. 택연아.. 택연아..",
    "rating": "6",
    "date": "14.10.01"
  },
  {
    "review_id": "9243552",
    "movie_id": "104612",
    "author": "todn****",
    "review": "옥택연발연기빼면 완벽졸잼 또보고싶다",
    "rating": "10",
    "date": "14.09.27"
  },
  {
    "review_id": "9241381",
    "movie_id": "104612",
    "author": "eve1****",
    "review": "장난으로 만든 영화냐? 아 진짜 보고나서 이 찝찝함. 옥택현은 부처구만 아주ㅋㅋㅋㅋ 짐캐리 예스맨 보는 줄. 이연희 연기는 진짜.. 이뻐서 봐주는 것도 한계가 있다. 마동석 애드립밖에 기억하고 싶지않다.",
    "rating": "1",
    "date": "14.09.26"
  },
  {
    "review_id": "9239529",
    "movie_id": "104612",
    "author": "gree****",
    "review": "생각보다 웃기고 재밌음 비현실적인 옥택연 빼고는 가볍게 웃으며 즐길수있는 영화",
    "rating": "8",
    "date": "14.09.25"
  },
  {
    "review_id": "9237597",
    "movie_id": "104612",
    "author": "thdq****",
    "review": "억지로라도 엮어내긴 잘 엮어냈다. 난 왜 재밌게봤을까",
    "rating": "8",
    "date": "14.09.24"
  },
  {
    "review_id": "9230898",
    "movie_id": "104612",
    "author": "lsw7****",
    "review": "하... 내 아까운 시간ㅠ",
    "rating": "1",
    "date": "14.09.21"
  },
  {
    "review_id": "9180237",
    "movie_id": "104612",
    "author": "qkrc****",
    "review": "막장 원나잇이자랑이네",
    "rating": "1",
    "date": "14.09.07"
  },
  {
    "review_id": "9172375",
    "movie_id": "104612",
    "author": "luua****",
    "review": "최악의 스토리. 결혼식깽판도그렇고 옥택연은 뭔죄냐. 재미도없고 감동도없고 막장임. 그나마 마동석마누라때매 2점준다.",
    "rating": "2",
    "date": "14.09.06"
  },
  {
    "review_id": "9155866",
    "movie_id": "104612",
    "author": "sala****",
    "review": "ㅎㅎ생각보다 재밌었네요",
    "rating": "8",
    "date": "14.09.02"
  },
  {
    "review_id": "9152024",
    "movie_id": "104612",
    "author": "sbqh****",
    "review": "내가 좋아하는 로맨틱코미디 류~!",
    "rating": "10",
    "date": "14.08.31"
  },
  {
    "review_id": "9149049",
    "movie_id": "104612",
    "author": "hana****",
    "review": "내평점스토리는 노답이긴한데 영상이 너무 예쁘다진짜 캡쳐해놓고 싶은 컷들이 많았음ㅠ,ㅠ중간중간 코믹요소도 억지로 웃음을 자아내는 것도 아니고진짜 귀여워서 웃게 만들어서 계속 돌려봄ㅋㅋ",
    "rating": "10",
    "date": "14.08.31"
  },
  {
    "review_id": "9124904",
    "movie_id": "104612",
    "author": "zxc1****",
    "review": "캐릭터들의 감정과 갈등은 충분히 공감할 내용이지만, 제주도 에피소드처럼 도저히 받아들일 수 없는 것도 있다. 전체적인 이야기는 진부하고, 해피엔딩으로 가는 과정은 억지스럽다.",
    "rating": "4",
    "date": "14.08.23"
  },
  {
    "review_id": "9103267",
    "movie_id": "104612",
    "author": "na27****",
    "review": "극중 이연희 캐릭터가 실제상황으로 본다면 아주 나쁜ㄴ이지만 주지훈 이연희 커플간 케미가 이 영화에서 유일한 소득. 나머지 커플 얘기는 재미도 없고 감동도 없다",
    "rating": "5",
    "date": "14.08.17"
  },
  {
    "review_id": "9081287",
    "movie_id": "104612",
    "author": "okgo****",
    "review": "택연 그게남자가할짓이야",
    "rating": "7",
    "date": "14.08.14"
  },
  {
    "review_id": "9068993",
    "movie_id": "104612",
    "author": "yero****",
    "review": "옥택연빼고 다 괜찮았다... 귀에 사탕넣고 상의나 찢길..",
    "rating": "8",
    "date": "14.08.11"
  },
  {
    "review_id": "9064084",
    "movie_id": "104612",
    "author": "gajo****",
    "review": "디워 이후로 이렇게 쓰레기같은 영화는 실로 오랜만이다... ;;",
    "rating": "2",
    "date": "14.08.10"
  },
  {
    "review_id": "9057560",
    "movie_id": "104612",
    "author": "ange****",
    "review": "현실의 씁쓸함을 유쾌하게 풀어냄.",
    "rating": "9",
    "date": "14.08.09"
  },
  {
    "review_id": "9053766",
    "movie_id": "104612",
    "author": "love****",
    "review": "비현실적이지만 남녀사이에 내재되있는 마음을 옮겨준것 같음",
    "rating": "10",
    "date": "14.08.09"
  },
  {
    "review_id": "9040763",
    "movie_id": "104612",
    "author": "pass****",
    "review": "이연희 고준희를 가볍게 발라주는 우즈벸미녀 구잘의 위엄",
    "rating": "2",
    "date": "14.08.06"
  },
  {
    "review_id": "9038389",
    "movie_id": "104612",
    "author": "thdw****",
    "review": "진심웃다가끝난다ㅋㅋ",
    "rating": "9",
    "date": "14.08.06"
  },
  {
    "review_id": "9036713",
    "movie_id": "104612",
    "author": "xx41****",
    "review": "이연희 욕먹는구나 옥택연도 이해 못하겠네",
    "rating": "5",
    "date": "14.08.06"
  },
  {
    "review_id": "8926173",
    "movie_id": "104612",
    "author": "myfi****",
    "review": "이런 리뷰 잘 안 쓰는데몇 자  적어볼게요 아무리 재미없는 영화도 전 웬만하면 \"중간까진 보자\" 생각하고 그냥 보는데근데 ㅋㅋㅋㅋ이 영화는 재미없을 게 뻔해서 5분도 안보고껐습니다  홍지영씨는 이걸 영화라고 만들었나요? 노답이네요 노답노답",
    "rating": "1",
    "date": "14.07.17"
  },
  {
    "review_id": "8881947",
    "movie_id": "104612",
    "author": "capg****",
    "review": "정말 재밌던 영화.... 대한항공 ㅋㅋ 근데문제는, 옥택연의 역활이...너무 적드라고요 ㅠㅠ 그리고 큰문제는;;; 너무 로맨틱한점과 상식적으로 욕먹을만한 내용이 담겨서 아쉬울따름...그리고 킬링타임용으로 수작!",
    "rating": "8",
    "date": "14.07.04"
  },
  {
    "review_id": "8874965",
    "movie_id": "104612",
    "author": "gion****",
    "review": "결혼은 사랑이 아니라 생활이라는 옥택연대사에 공감. 전체적으로 오바가 심하지만 대사는 와닿음 김강우 찌질남 연기 굿! 마동석, 이희준 코믹연기도 굿! 그러나 이연희 역할로 표현하려 했던게 너무 과하게 간 느낌",
    "rating": "6",
    "date": "14.07.02"
  },
  {
    "review_id": "8843720",
    "movie_id": "104612",
    "author": "ari1****",
    "review": "생각보다는 재밌어서 추가 1점 획득시켜드림",
    "rating": "2",
    "date": "14.06.21"
  },
  {
    "review_id": "8837094",
    "movie_id": "104612",
    "author": "ict2****",
    "review": "휴일에 치맥먹으면서 재밌게 봤네요. 잘만든 베스트극장 보는듯.. 연희양의 깜찍한 외모와 마동석의 코믹연기 좋았음~",
    "rating": "8",
    "date": "14.06.17"
  },
  {
    "review_id": "8836493",
    "movie_id": "104612",
    "author": "sunn****",
    "review": "비행기에서 봤는데 기대이상. 결혼에 대한 유쾌한 담론이자 애써 현실인척 하는 판타지. 옥택연의 미비한 존재감.",
    "rating": "8",
    "date": "14.06.17"
  },
  {
    "review_id": "8833900",
    "movie_id": "104612",
    "author": "soob****",
    "review": "아 진짜 걍 이연희 옥택연으로 끝내지 ㅠㅠ아 진짜 완전 찜찜함...짜증 짜증   말도 안되는 스토리지만 재밌긴하는데 매우 찝찝 옥택 불쌍 ㅠㅠㅠ왜 이연희를 보내준거니.. 그리고15세 치고 야함",
    "rating": "9",
    "date": "14.06.15"
  },
  {
    "review_id": "8832068",
    "movie_id": "104612",
    "author": "just****",
    "review": "배우들 외모는 10점만점~~",
    "rating": "2",
    "date": "14.06.15"
  },
  {
    "review_id": "8827941",
    "movie_id": "104612",
    "author": "tldu****",
    "review": "간만에 재밌게 본 영화!! 다른 커플들 이야기도 공감이 갔지만 주지훈 이연희 커플이 젤 공감이 갔다. 결혼에 얽매이지 않고 사랑하는 사람을 선택한 오소미..그리고 멋진 제주도 햇살.. 영화가 끝난지 한참인데 아직도 심장이 두근거린다.",
    "rating": "10",
    "date": "14.06.14"
  },
  {
    "review_id": "8825217",
    "movie_id": "104612",
    "author": "jien****",
    "review": "한마디로 정리해줄게.  평점 7이상은 다 알바다.. 진심 최악이야. 다른 커플 다 이해해줘도 옥택연 주지훈 이연희 커플은 진심 쌍욕나와. 특히 이연희는 진짜 갑이다.",
    "rating": "1",
    "date": "14.06.13"
  },
  {
    "review_id": "8821199",
    "movie_id": "104612",
    "author": "dlag****",
    "review": "정말 재미있어요~~♥♥",
    "rating": "10",
    "date": "14.06.11"
  },
  {
    "review_id": "8820961",
    "movie_id": "104612",
    "author": "neup****",
    "review": "발연기...대본이 이상하냐? 왜 배우들 연기가 죄다 어색해",
    "rating": "1",
    "date": "14.06.11"
  },
  {
    "review_id": "8811355",
    "movie_id": "104612",
    "author": "gust****",
    "review": "머래 진짜 어뜨케 말을해",
    "rating": "2",
    "date": "14.06.08"
  },
  {
    "review_id": "8810739",
    "movie_id": "104612",
    "author": "tbor****",
    "review": "굉장히 잼있습니다 ㅋㅋㅋ진심 !!!",
    "rating": "10",
    "date": "14.06.08"
  },
  {
    "review_id": "8803416",
    "movie_id": "104612",
    "author": "pose****",
    "review": "깨알재미와 느낌이 좋은 영화",
    "rating": "7",
    "date": "14.06.06"
  },
  {
    "review_id": "8803317",
    "movie_id": "104612",
    "author": "sunn****",
    "review": "기대했는데 생각보다 그냥그랬어요..이연희는 이쁘네요",
    "rating": "5",
    "date": "14.06.06"
  },
  {
    "review_id": "8802691",
    "movie_id": "104612",
    "author": "kong****",
    "review": "잼있게봄..내용은어찌됐든 공감되는부분두있고 눈물두나고 가슴두아프면서 그냥ㅁ볼만함",
    "rating": "9",
    "date": "14.06.06"
  },
  {
    "review_id": "8799040",
    "movie_id": "104612",
    "author": "mirj****",
    "review": "뭐 하나 남는 것이 없고, 시간 지나면 기억도 안날 영화~",
    "rating": "5",
    "date": "14.06.05"
  }
]