[
  {
    "review_id": "10274876",
    "movie_id": "104654",
    "author": "m1n2****",
    "review": "우리 나라는 따라 할 수 없는 그 어떤 느낌 적인 느낌 ㅋㅋ",
    "rating": "8",
    "date": "15.08.25"
  },
  {
    "review_id": "10245439",
    "movie_id": "104654",
    "author": "bsmj****",
    "review": "재밌었는데 결말을 왜..",
    "rating": "8",
    "date": "15.08.17"
  },
  {
    "review_id": "10230916",
    "movie_id": "104654",
    "author": "kyun****",
    "review": "내 \"힘\"은 정말 약해서 이 이상 줄 수가 없네구려.",
    "rating": "8",
    "date": "15.08.14"
  },
  {
    "review_id": "10086328",
    "movie_id": "104654",
    "author": "pkm6****",
    "review": "변태란 소재로 이렇게 진지한 악당을 만들 수 있다니.. 대단합니다",
    "rating": "10",
    "date": "15.07.10"
  },
  {
    "review_id": "9991926",
    "movie_id": "104654",
    "author": "pppi****",
    "review": "음 창피하지만 재미있었다.",
    "rating": "10",
    "date": "15.06.12"
  },
  {
    "review_id": "9840487",
    "movie_id": "104654",
    "author": "wlxo****",
    "review": "만점! 공상 속의 영화를 현실로 만든 감독님에게 박수를...",
    "rating": "10",
    "date": "15.04.11"
  },
  {
    "review_id": "9816811",
    "movie_id": "104654",
    "author": "dark****",
    "review": "이런 영화는 일본만이 가능하지... 참 더티하면서도 어이없고 황당해서 웃기는 영화랄까?",
    "rating": "7",
    "date": "15.03.30"
  },
  {
    "review_id": "9810714",
    "movie_id": "104654",
    "author": "coco****",
    "review": "감독의 연출도 좋았지만 무엇보다 남주 스즈키 료헤이의 열연이 돋보인다!! 이보다 약빤 영화가 있을 수 있을까 ㅋㅋㅋㅋ 어마어마한 변태 영화",
    "rating": "10",
    "date": "15.03.28"
  },
  {
    "review_id": "9757428",
    "movie_id": "104654",
    "author": "kevi****",
    "review": "아놔 볼라해도 어디서 보나?다운도 않되",
    "rating": "9",
    "date": "15.03.05"
  },
  {
    "review_id": "9710914",
    "movie_id": "104654",
    "author": "boga****",
    "review": "죠시즈 보고 재미있어서 같은 감독것이라 찾아봤는데 실망했음.",
    "rating": "3",
    "date": "15.02.18"
  },
  {
    "review_id": "9700971",
    "movie_id": "104654",
    "author": "pont****",
    "review": "유부 초밥이 땡기는 영화..",
    "rating": "7",
    "date": "15.02.16"
  },
  {
    "review_id": "9686017",
    "movie_id": "104654",
    "author": "stem****",
    "review": "아 일본 특유의 병맛 영화. 머리가 복잡한 사람들은 이 영화를.",
    "rating": "9",
    "date": "15.02.11"
  },
  {
    "review_id": "9684251",
    "movie_id": "104654",
    "author": "dhrd****",
    "review": "재료만 변태지 내용은 할리우드 히어로물",
    "rating": "10",
    "date": "15.02.10"
  },
  {
    "review_id": "9601455",
    "movie_id": "104654",
    "author": "libi****",
    "review": "전혀 웃기지도 않고 억지스러운 연출, 변태는 요즘세상엔 평범하다",
    "rating": "1",
    "date": "15.01.16"
  },
  {
    "review_id": "9513199",
    "movie_id": "104654",
    "author": "akse****",
    "review": "B급 영화 좋아하지만 크게 재미있지는 않아요. 여성의 속옥을 뒤집어 쓰면 무한한 힘이 나오고 다른 인물이 된다는 발상은 좋은데 그녕 거기까지..",
    "rating": "5",
    "date": "14.12.25"
  },
  {
    "review_id": "9397263",
    "movie_id": "104654",
    "author": "soul****",
    "review": "여친이랑 같이보다가 미친듯이 웃었으므로 10점",
    "rating": "10",
    "date": "14.11.18"
  },
  {
    "review_id": "9393879",
    "movie_id": "104654",
    "author": "bles****",
    "review": "기대했던 것 보다 평범하다",
    "rating": "5",
    "date": "14.11.17"
  },
  {
    "review_id": "9382303",
    "movie_id": "104654",
    "author": "mymy****",
    "review": "이 영화야 말로 나른한 오후 사무실에서 울려퍼지는 락앤롤이다!",
    "rating": "10",
    "date": "14.11.14"
  },
  {
    "review_id": "9297156",
    "movie_id": "104654",
    "author": "seok****",
    "review": "이것도 영화냐.. 라고,,보다가,,이건 야한것도 아니고,, 민망해지는데..그런데,, 끝까지,, 재밌게.. 보게 된다는,,ㅜㅜ.. 별 반개는 뺏다,, 정상인으로서의 자존심,,ㅜㅜ..",
    "rating": "9",
    "date": "14.10.17"
  },
  {
    "review_id": "9274054",
    "movie_id": "104654",
    "author": "toad****",
    "review": "저렴하지만 쌈빡하게 잘만든 진짜 말그대로 변태히어로영화ㅋㅋㅋ",
    "rating": "10",
    "date": "14.10.08"
  },
  {
    "review_id": "9248583",
    "movie_id": "104654",
    "author": "01aj****",
    "review": "일본의 히어로물... 병맛인데... 많이 웃으면서 봤다.",
    "rating": "5",
    "date": "14.09.29"
  },
  {
    "review_id": "9246942",
    "movie_id": "104654",
    "author": "urin****",
    "review": "이런 또라이 같은 영화가 나오는 환경에 놀랐다..",
    "rating": "1",
    "date": "14.09.28"
  },
  {
    "review_id": "9120867",
    "movie_id": "104654",
    "author": "dang****",
    "review": "훌륭한 B급 영화. 속된 말로 병맛 영화 설정을 이리도 진지하게 만들면 감탄 할 수 밖에. 주연들의 열연에 박수를 보낸다.",
    "rating": "8",
    "date": "14.08.22"
  },
  {
    "review_id": "9111889",
    "movie_id": "104654",
    "author": "ahri****",
    "review": "참나...별.. 변태같은 영화가 다있다니...ㅋㅋ   마지막  반전도 재밌어...",
    "rating": "10",
    "date": "14.08.19"
  },
  {
    "review_id": "9088096",
    "movie_id": "104654",
    "author": "band****",
    "review": "일본이니까 만들 수 있는 영화",
    "rating": "7",
    "date": "14.08.15"
  },
  {
    "review_id": "9087288",
    "movie_id": "104654",
    "author": "toku****",
    "review": "ㅋㅋㅋㅋ 볼때마다 배꼽잡고 웃게 만드는 영화",
    "rating": "10",
    "date": "14.08.15"
  },
  {
    "review_id": "9052114",
    "movie_id": "104654",
    "author": "ashl****",
    "review": "ㅡ.ㅡ;; 나만 당할수 없다 그런뜻으로 10점 준것임?",
    "rating": "1",
    "date": "14.08.08"
  },
  {
    "review_id": "9042755",
    "movie_id": "104654",
    "author": "clem****",
    "review": "음 뭐랄까 ... 쵸 .... 쵸 ....음 ...꾸드!",
    "rating": "10",
    "date": "14.08.07"
  },
  {
    "review_id": "8989849",
    "movie_id": "104654",
    "author": "tgun****",
    "review": "보통 만화를 원작으로 한 영화는 거의다 졸작인데 이건 진짜다!",
    "rating": "10",
    "date": "14.07.31"
  },
  {
    "review_id": "8978759",
    "movie_id": "104654",
    "author": "gusc****",
    "review": "미친ㅋㅋㅋㅋ등급이 애매하다",
    "rating": "10",
    "date": "14.07.29"
  },
  {
    "review_id": "8941268",
    "movie_id": "104654",
    "author": "4lea****",
    "review": "일본이 아니면 볼가능한 만화이자 영화!유부초밥의 충격!!",
    "rating": "10",
    "date": "14.07.23"
  },
  {
    "review_id": "8871273",
    "movie_id": "104654",
    "author": "lish****",
    "review": "나도 변태가면을 쓰고 싶다 ㅋㅋ ... 한번이라도 입은 여자 팬티 안쪽을 코와 입쪽으로 머리에 뒤집어 쓰면 슈퍼초강력파워가 나오는지? ... 확인해 보고 싶다 ㅋㅋㅋ",
    "rating": "10",
    "date": "14.06.30"
  },
  {
    "review_id": "8850905",
    "movie_id": "104654",
    "author": "jinh****",
    "review": "제기랄 이게 볼만할 줄이야 ㅋㅋ",
    "rating": "9",
    "date": "14.06.24"
  },
  {
    "review_id": "8840617",
    "movie_id": "104654",
    "author": "qoxm****",
    "review": "일본을 본받을점은 이거다  대중적인 변태영화",
    "rating": "10",
    "date": "14.06.19"
  },
  {
    "review_id": "8818836",
    "movie_id": "104654",
    "author": "dg_2****",
    "review": "이게... 15금...?! 남주 계속 벗고나오는 건 물론이고 엉덩이 훤히 보이고 공격이 거기에다가 얼굴 대는건데... ㅋ...?",
    "rating": "9",
    "date": "14.06.10"
  },
  {
    "review_id": "8811135",
    "movie_id": "104654",
    "author": "jaex****",
    "review": "낄낄낄  후속편 빨리 나와라",
    "rating": "10",
    "date": "14.06.08"
  },
  {
    "review_id": "8741734",
    "movie_id": "104654",
    "author": "qjah****",
    "review": "이것은 선구자적인 명화이다",
    "rating": "10",
    "date": "14.05.17"
  },
  {
    "review_id": "8721329",
    "movie_id": "104654",
    "author": "jeon****",
    "review": "인정하긴 싫지만..ㅠㅠ 굿~~!~~!!",
    "rating": "10",
    "date": "14.05.10"
  },
  {
    "review_id": "8681582",
    "movie_id": "104654",
    "author": "apxk****",
    "review": "변태가면 당신은 누구시죠  지나가던 변태입니다 대박 ㅋㅋㅋㅋ",
    "rating": "10",
    "date": "14.04.29"
  },
  {
    "review_id": "8653510",
    "movie_id": "104654",
    "author": "mucl****",
    "review": "그냥...이건 최고다...",
    "rating": "10",
    "date": "14.04.16"
  },
  {
    "review_id": "8622944",
    "movie_id": "104654",
    "author": "aaa4****",
    "review": "b급 영화는 b급영화로 즐기자. Why so serious?",
    "rating": "8",
    "date": "14.04.02"
  },
  {
    "review_id": "8618494",
    "movie_id": "104654",
    "author": "chw4****",
    "review": "최강코미디다... 대박인듯",
    "rating": "10",
    "date": "14.03.30"
  },
  {
    "review_id": "8611728",
    "movie_id": "104654",
    "author": "goad****",
    "review": "아 아직도 잊혀지지가 않아 \"폭신폭신하네 마치 떡같은 감촉이야\" 라고 했던 악당보스의 대사가...",
    "rating": "10",
    "date": "14.03.28"
  },
  {
    "review_id": "8609047",
    "movie_id": "104654",
    "author": "bny4****",
    "review": "내인생 최고의 SM코미디",
    "rating": "10",
    "date": "14.03.26"
  },
  {
    "review_id": "8586710",
    "movie_id": "104654",
    "author": "baek****",
    "review": "지금 딱 21분 봤는데 너무 웃겨서 평점 주고 다시 볼려고 로그인 했다. 그놈 참 물건이네.",
    "rating": "10",
    "date": "14.03.18"
  },
  {
    "review_id": "8540821",
    "movie_id": "104654",
    "author": "wori****",
    "review": "미친ㅋㅋ 대체이런걸어떻게찍은거야ㅋㅋㅋ감독이고배우고 제정신이아니넼ㅋㅋ",
    "rating": "7",
    "date": "14.02.27"
  },
  {
    "review_id": "8529518",
    "movie_id": "104654",
    "author": "gall****",
    "review": "성진국 일본이 아니면 이런 변태 영화를 상상이나 했으랴? 무엇보다 온 몸을 불사른 배우들의 장인정신에 박수를.. 중반 이후 따분하지만 전반부의 아스트랄한 변태 개그는  배꼽 빠지네",
    "rating": "5",
    "date": "14.02.22"
  },
  {
    "review_id": "8495443",
    "movie_id": "104654",
    "author": "beom****",
    "review": "구매해서 정품으로 봤는데 정말 재미있네요악당과 싸우는 정의의 용사를 만세~",
    "rating": "10",
    "date": "14.02.10"
  },
  {
    "review_id": "8495245",
    "movie_id": "104654",
    "author": "seon****",
    "review": "와우  주인공몸매완전탁월하네요..근육도그렇고 아이돌몸보다더보기좋은데염..ㅋㅋ일본인들에발상아주기발하네요 약간변태스럽지만꼭그렇지많은않구요재미있게잘봤읍니다...",
    "rating": "9",
    "date": "14.02.10"
  },
  {
    "review_id": "8468347",
    "movie_id": "104654",
    "author": "dnjs****",
    "review": "진한감동을 주는 볼만한 영화",
    "rating": "10",
    "date": "14.02.02"
  },
  {
    "review_id": "8457690",
    "movie_id": "104654",
    "author": "giyu****",
    "review": "매우 유치하고 재미있었다. 만화라서 그런지 만화처럼 유치하게 잘 만들었다.",
    "rating": "6",
    "date": "14.02.01"
  },
  {
    "review_id": "8354412",
    "movie_id": "104654",
    "author": "vict****",
    "review": "신선하고 당황스럽고 웃겼다",
    "rating": "9",
    "date": "14.01.06"
  },
  {
    "review_id": "8353507",
    "movie_id": "104654",
    "author": "gksa****",
    "review": "그것은 나의 유뷰초밥이다",
    "rating": "10",
    "date": "14.01.05"
  },
  {
    "review_id": "8353015",
    "movie_id": "104654",
    "author": "limj****",
    "review": "똘끼있는 일본 만화 좋아하는 사람들에게 강추! 졸라 빵 터짐.",
    "rating": "9",
    "date": "14.01.05"
  },
  {
    "review_id": "8342692",
    "movie_id": "104654",
    "author": "smwb****",
    "review": "저런 도라이 코스튬을 하고 있으면 시민들은 차라리 저놈보다 악당을 택할듯 ㅋㅋㅋ",
    "rating": "8",
    "date": "14.01.03"
  },
  {
    "review_id": "8335127",
    "movie_id": "104654",
    "author": "spac****",
    "review": "원작만화는 못 봤지만.. 영화만으로도 너무 훌륭하다! 감독에게 찬사를 보낸다!",
    "rating": "10",
    "date": "14.01.01"
  },
  {
    "review_id": "8320479",
    "movie_id": "104654",
    "author": "chir****",
    "review": "생각없이 보면 뻥터지고나옴ㅋ 이쯤되면 이 영화 감독의 의도는 200퍼 달성이 아닌가 싶음ㅋㅋ 아 굴욕의 액스터시(....)",
    "rating": "10",
    "date": "13.12.29"
  },
  {
    "review_id": "8262502",
    "movie_id": "104654",
    "author": "bjy0****",
    "review": "이 약빤 영화를 연출하는데 쓴 제작진과 감독의 마약력이 심히 걱정된다",
    "rating": "10",
    "date": "13.12.21"
  },
  {
    "review_id": "8259643",
    "movie_id": "104654",
    "author": "buon****",
    "review": "머이리 평점이 높아 b급영화도 나름이다. 매운맛도 맛있는 매운맛이 있듯이 병맛도 재밌는 병맛이 있다 완전 쓰레기 영화다.",
    "rating": "1",
    "date": "13.12.21"
  },
  {
    "review_id": "8256386",
    "movie_id": "104654",
    "author": "cya9****",
    "review": "변태 그것은 대체 무엇인가?",
    "rating": "10",
    "date": "13.12.20"
  },
  {
    "review_id": "8254486",
    "movie_id": "104654",
    "author": "shai****",
    "review": "ㅋㅋ졸웃김ㅋㅋ상상력대박",
    "rating": "10",
    "date": "13.12.20"
  },
  {
    "review_id": "8211979",
    "movie_id": "104654",
    "author": "kqna****",
    "review": "설명이 필요없는 영화다.",
    "rating": "10",
    "date": "13.12.13"
  },
  {
    "review_id": "8198360",
    "movie_id": "104654",
    "author": "snai****",
    "review": "....난 변태가 아니다 고로 재미없었다 ㅋㅋ",
    "rating": "4",
    "date": "13.12.08"
  },
  {
    "review_id": "8196125",
    "movie_id": "104654",
    "author": "rwin****",
    "review": "난 개인적으로 착실대 대장이 맘에 들었음.뚜뚜뚜뚜하면서 전진할때의 그머랄까말료표현하기힘든 케릭터와ㅈ음악의조화에서 나오는 희열감ㅋ",
    "rating": "9",
    "date": "13.12.07"
  },
  {
    "review_id": "8195819",
    "movie_id": "104654",
    "author": "alra****",
    "review": "충격! 보는 내내 웃었다. B급이지만 절대 B급이 아닌 아 어떻게 말을 하지. 상상  그 이상으로 성적 판타지가 엑스타시다!",
    "rating": "10",
    "date": "13.12.07"
  },
  {
    "review_id": "8189611",
    "movie_id": "104654",
    "author": "kaja****",
    "review": "0점 못주는게 아깝울뿐... 정신이상자 영화에다가//.재밌다 센세이션하다 라고 말하는 애들은 정신과 가서 변태성향 치료 하길바람.",
    "rating": "1",
    "date": "13.12.04"
  },
  {
    "review_id": "8180750",
    "movie_id": "104654",
    "author": "mn45****",
    "review": "아무래도 만화가 원작이다 보니 만화의 구성과 다음 전개에 대한 이야기를 잘 눈치채는 사람에겐 흔한 결말이 보이겠지만, 그래도 알면서도 보게되는 영화. 뻔하지만 질리지 않은 뻔함.킬링타임용으로 적당한 것 같다고 생각함 ^^",
    "rating": "8",
    "date": "13.11.30"
  },
  {
    "review_id": "8178809",
    "movie_id": "104654",
    "author": "zove****",
    "review": "변태의 정의는  무엇이란말인가?",
    "rating": "6",
    "date": "13.11.30"
  },
  {
    "review_id": "8176485",
    "movie_id": "104654",
    "author": "yski****",
    "review": "개졸잼ㅋㅋ 꿀잼임니당",
    "rating": "9",
    "date": "13.11.29"
  },
  {
    "review_id": "8175759",
    "movie_id": "104654",
    "author": "heik****",
    "review": "볼 사람만 보세요. 추천은 못 드립니다.",
    "rating": "5",
    "date": "13.11.29"
  },
  {
    "review_id": "8175222",
    "movie_id": "104654",
    "author": "back****",
    "review": "유치해서 많이 웃었는데, 자꾸 반복 되다 보니까 나중에는 그렇게 잼나지는 않더라구요. 적당히 했으면 더 좋았을텐데...",
    "rating": "6",
    "date": "13.11.29"
  },
  {
    "review_id": "8175169",
    "movie_id": "104654",
    "author": "clea****",
    "review": "OST는 지리네요 ㅋㅋㅋ",
    "rating": "6",
    "date": "13.11.29"
  },
  {
    "review_id": "8172930",
    "movie_id": "104654",
    "author": "zero****",
    "review": "진짜 새로운 세상을 접한 느낌?ㅋㅋㅋ 가면?썻을때 현란한 몸놀림에 대역인줄 알았는데ㅎ대역없이 소화한거라니..반전ㅋㅋㅋ",
    "rating": "10",
    "date": "13.11.28"
  },
  {
    "review_id": "8170957",
    "movie_id": "104654",
    "author": "play****",
    "review": "내평점 개인적으로 불쾌감이 유머를 이기진 못했음. 멋지다 마사루 느낌",
    "rating": "6",
    "date": "13.11.27"
  },
  {
    "review_id": "8170654",
    "movie_id": "104654",
    "author": "pree****",
    "review": "더럽지만 몸매\t는최고다. 스피닝 파이어!!",
    "rating": "7",
    "date": "13.11.27"
  },
  {
    "review_id": "8170350",
    "movie_id": "104654",
    "author": "itct****",
    "review": "등급조정좀어떻게해라 진짜...아...등급만바꾸면볼만한작품",
    "rating": "10",
    "date": "13.11.26"
  },
  {
    "review_id": "8169981",
    "movie_id": "104654",
    "author": "ehst****",
    "review": "이런 미친 정신나간 영화를 봤나.... 약빨고만든거같아서 10점",
    "rating": "10",
    "date": "13.11.26"
  },
  {
    "review_id": "8169747",
    "movie_id": "104654",
    "author": "audl****",
    "review": "난.. 그저 변태였어.. 이 영화는 최고였다..",
    "rating": "10",
    "date": "13.11.26"
  },
  {
    "review_id": "8168723",
    "movie_id": "104654",
    "author": "0wlc****",
    "review": ".,.,.,.,.,.",
    "rating": "1",
    "date": "13.11.26"
  },
  {
    "review_id": "8167987",
    "movie_id": "104654",
    "author": "acin****",
    "review": "스파이더맨  인트로를 망사와 레이스로 패러디한 것부터 바로 터진다.빼어난 상상과 몸동작으로 영화 내내 낄낄.전투마다 비기가 나오는 것은 일본 tv시리즈 연상. 클라이막스 Double Spinning Fire는 정신이 혼미.최고의 명대사 \"이것도 나름\"",
    "rating": "9",
    "date": "13.11.25"
  },
  {
    "review_id": "8166809",
    "movie_id": "104654",
    "author": "ac40****",
    "review": "제목만 보고 그냥 안보려했는데 평점이 좋기에 그냥 생각없이 봤는데 변태가면 출현 이후 보는내내 본격적으로 빵터져서 한참을 웃으면서 봤네요.. 다소 소재가 선정적이긴 하나 그냥 생각없이 보면 정말 골때린다고 할까 암튼 재밌게 잘봤네요..ㅋ",
    "rating": "10",
    "date": "13.11.25"
  },
  {
    "review_id": "8164213",
    "movie_id": "104654",
    "author": "s616****",
    "review": "만족했음 ㅋㅋ^_^ 몸좋음",
    "rating": "10",
    "date": "13.11.24"
  },
  {
    "review_id": "8163586",
    "movie_id": "104654",
    "author": "zoid****",
    "review": "오랜만에 맘에 드는 일본식 병맛 영화",
    "rating": "9",
    "date": "13.11.23"
  },
  {
    "review_id": "8163086",
    "movie_id": "104654",
    "author": "boke****",
    "review": "졸라 웃곀ㅋㅋㅋㅋ멋지다 마사루 같은데 그거보다 더 웃겨 ㅋㅋ읔ㅋㅋㅋ",
    "rating": "10",
    "date": "13.11.23"
  },
  {
    "review_id": "8162278",
    "movie_id": "104654",
    "author": "syro****",
    "review": "올드한 내용, 신선한 변태씬, 유쾌한 영화 ㅎ",
    "rating": "8",
    "date": "13.11.23"
  },
  {
    "review_id": "8160022",
    "movie_id": "104654",
    "author": "jeon****",
    "review": "후... 제가 진짜 변태인건지 스토리 내용을 세세하게 추측했는데 그게 다 맞았어요... 그만큼 딱히 반전이 없는 영화...-_- 단, 주인공 어리버리하게 생겨가지고 쓸데없이 몸좋은건 반전",
    "rating": "5",
    "date": "13.11.22"
  },
  {
    "review_id": "8157988",
    "movie_id": "104654",
    "author": "help****",
    "review": "초반엔 신선하니 재밌었는데 중반부부터 루즈해지더니 후반부로 갈 수록 점점 지루해지네요. 특히 최종보스가 그냥 한방에 무너지는게 너무 허무했어요.",
    "rating": "5",
    "date": "13.11.21"
  },
  {
    "review_id": "8156829",
    "movie_id": "104654",
    "author": "njs0****",
    "review": "끼오오오오! 스피닝 파이아!!!",
    "rating": "10",
    "date": "13.11.21"
  },
  {
    "review_id": "8156257",
    "movie_id": "104654",
    "author": "1231****",
    "review": "초반엔 호기심과 신선함 때문에 재밌게 봤는데, 중반 이후로 넘어가니까 슬슬 지루해지더라. 액션도 어째 좀 별로고. 딱히 그런 요소를 집어넣은 것 외엔 별다를 것도 없는 것 같고.",
    "rating": "6",
    "date": "13.11.21"
  },
  {
    "review_id": "8154454",
    "movie_id": "104654",
    "author": "figh****",
    "review": "마음 비우고 즐기기엔 제격",
    "rating": "7",
    "date": "13.11.20"
  },
  {
    "review_id": "8154117",
    "movie_id": "104654",
    "author": "sang****",
    "review": "소년물의 기본을잘보여주는 병맛영화진지하게 달라하는넘과 그걸 부끄러워하면서주는 넘이나ㅋㅋ츳쿠미 날리고싶어서 죽는줄알았음",
    "rating": "10",
    "date": "13.11.20"
  },
  {
    "review_id": "8153528",
    "movie_id": "104654",
    "author": "boko****",
    "review": "폭발적인 에너지의 영화.",
    "rating": "6",
    "date": "13.11.19"
  },
  {
    "review_id": "8153390",
    "movie_id": "104654",
    "author": "bhy9****",
    "review": "보는데 재미는있었지만 멘탈붕괴 되는줄 알았네요 덜덜 ㅋㅋ",
    "rating": "9",
    "date": "13.11.19"
  },
  {
    "review_id": "8152922",
    "movie_id": "104654",
    "author": "qltk****",
    "review": "진짜 올해 본 영화중에서 가장 재미있음.",
    "rating": "10",
    "date": "13.11.19"
  },
  {
    "review_id": "8152887",
    "movie_id": "104654",
    "author": "wind****",
    "review": "B급 문화가 인정받지 못하는 우리나라에서는 이해는 커녕 존재하기도 어려운 여화.",
    "rating": "5",
    "date": "13.11.19"
  },
  {
    "review_id": "8152703",
    "movie_id": "104654",
    "author": "wheh****",
    "review": "영화자체의 성격을고려해도 기본적인 영화가 갖추어야할 내용전개면에서 개연성이 너무부족하다",
    "rating": "3",
    "date": "13.11.19"
  },
  {
    "review_id": "8152558",
    "movie_id": "104654",
    "author": "bak4****",
    "review": "1점도 주기 싫네요 영화보기 전에는 편견도 없이 봤는데 액션 코미디물인데 액션 좀 나온다 싶으면 끝나고 초반에만 일본 개그답고 괜찮았지 점점 가면 갈수록 지루해지고  이게 뭐하자는건지",
    "rating": "1",
    "date": "13.11.19"
  },
  {
    "review_id": "8151874",
    "movie_id": "104654",
    "author": "psyc****",
    "review": "21세기 현대는 변태가 정의다... 뭘 이런거에 깊이 생각해 ㅋㅋ그냥 즐겨!",
    "rating": "10",
    "date": "13.11.18"
  },
  {
    "review_id": "8151452",
    "movie_id": "104654",
    "author": "side****",
    "review": "여성부가 이 영화를 싫어합니다.",
    "rating": "6",
    "date": "13.11.18"
  },
  {
    "review_id": "8151168",
    "movie_id": "104654",
    "author": "drea****",
    "review": "우와~ 롤러코스터는 이 영화에 비해서 엄청난 수작~!!",
    "rating": "1",
    "date": "13.11.18"
  }
]