[
  {
    "review_id": "10213486",
    "movie_id": "104703",
    "author": "spdl****",
    "review": "잘봤어요 여운이 좀 마니 남는 영화에요",
    "rating": "10",
    "date": "15.08.10"
  },
  {
    "review_id": "10070618",
    "movie_id": "104703",
    "author": "byeo****",
    "review": "영화 제목은 19금 로맨틱 코미디 느낌이었는데 오히려 잔잔한듯 몰입해서 볼 수 있는 영화..좋았어요",
    "rating": "9",
    "date": "15.07.05"
  },
  {
    "review_id": "10023274",
    "movie_id": "104703",
    "author": "heli****",
    "review": "내용 이해하는 거 말고 이 영화 제대로 공감하며 볼 한국사람은 극소수일 거다.  돈 더 써서 만들었다면 훨씬 나았을 듯.",
    "rating": "5",
    "date": "15.06.23"
  },
  {
    "review_id": "9858575",
    "movie_id": "104703",
    "author": "edge****",
    "review": "이영화의 배급사는 욕을 먹어야한다. 이것은 예술영화이다. 영화를 보았지만... 영화를 들었다.. 보았다와 들었다의 경계를 무너뜨리는.. 이영화는 나의몸에 진한 향수를 뿌려주었다.  평생 잊어지지않을 향기의 향수를...",
    "rating": "10",
    "date": "15.04.23"
  },
  {
    "review_id": "9770299",
    "movie_id": "104703",
    "author": "dres****",
    "review": "한국말 제목으로 묻히기엔 아까운 영화.... 좋은 영화다 ㅠㅠ her 같은 감동이 있다.",
    "rating": "10",
    "date": "15.03.10"
  },
  {
    "review_id": "9532873",
    "movie_id": "104703",
    "author": "plan****",
    "review": "영어공부하기  은근 좋은 영화네요 가정법 많이 나오네 ㅎ",
    "rating": "10",
    "date": "14.12.29"
  },
  {
    "review_id": "9372431",
    "movie_id": "104703",
    "author": "dbzh****",
    "review": "에효 이게 뭐냐  재미도없구만",
    "rating": "1",
    "date": "14.11.11"
  },
  {
    "review_id": "9331663",
    "movie_id": "104703",
    "author": "craz****",
    "review": "엔딩 곡이 어떤 곡인지 찾아보려해도 찾을 수 가 없네요...아는분 없나요?",
    "rating": "6",
    "date": "14.10.31"
  },
  {
    "review_id": "9329395",
    "movie_id": "104703",
    "author": "bcwh****",
    "review": "인간에게 신이 준 최고의 선물은 상상력",
    "rating": "4",
    "date": "14.10.30"
  },
  {
    "review_id": "9253109",
    "movie_id": "104703",
    "author": "pks0****",
    "review": "제목보고 낚인줄 알았는데 재밌게 봤네요섬세한 대화 표현이 돋보입니다",
    "rating": "10",
    "date": "14.10.02"
  },
  {
    "review_id": "9233702",
    "movie_id": "104703",
    "author": "lft7****",
    "review": "괜찮은 영화를 제목이 깍아먹은 케이스",
    "rating": "8",
    "date": "14.09.22"
  },
  {
    "review_id": "9207279",
    "movie_id": "104703",
    "author": "lish****",
    "review": "재밌다 ... 둘이 만나면 좋았는데 ... 아쉽다",
    "rating": "10",
    "date": "14.09.12"
  },
  {
    "review_id": "9163123",
    "movie_id": "104703",
    "author": "tptk****",
    "review": "몽환적 느낌이네요 ...  정말 대단한 영화입니다..  강력추천합니다  영화가 이렇게 빨리 끝나나요 ㅠㅠㅠ 아쉬움이 ㅠㅠ",
    "rating": "10",
    "date": "14.09.04"
  },
  {
    "review_id": "9136050",
    "movie_id": "104703",
    "author": "bbho****",
    "review": "평점참여 처음하네요 이영화땜에...괜찮습니다 시간아깝지 않아요 오히려 다른영화봤다면 시간아까울뻔했네요",
    "rating": "10",
    "date": "14.08.26"
  },
  {
    "review_id": "9069814",
    "movie_id": "104703",
    "author": "kos4****",
    "review": "아이디어가 빛나고 호기심을 유발하는 작품",
    "rating": "7",
    "date": "14.08.11"
  },
  {
    "review_id": "8980124",
    "movie_id": "104703",
    "author": "tqcn****",
    "review": "hello, sweet talk. we can do whatever we want and go wherever  we want.",
    "rating": "10",
    "date": "14.07.30"
  },
  {
    "review_id": "8972519",
    "movie_id": "104703",
    "author": "dhap****",
    "review": "완전 잼잇게잘봣어요 ㅋㅋㅋ 아직도 여운이남아잇네요 근데 그 라틴어 대사 누가말한건지 너무궁금해요 ㅜㅜ 아시는분 연락좀 ㅜㅜ",
    "rating": "10",
    "date": "14.07.28"
  },
  {
    "review_id": "8908501",
    "movie_id": "104703",
    "author": "minu****",
    "review": "생각과 말이 통하다..두사람의 대화만으로 영화를 이끌어가는 연출력이 대단하군..^&^",
    "rating": "8",
    "date": "14.07.12"
  },
  {
    "review_id": "8903715",
    "movie_id": "104703",
    "author": "spee****",
    "review": "여운이 많이 남는 영화네요.. 제목 누가 지었는지 쯧쯧",
    "rating": "10",
    "date": "14.07.11"
  },
  {
    "review_id": "8899415",
    "movie_id": "104703",
    "author": "yunh****",
    "review": "재밌어요. 1시간 30분이 어떻게 지나갔는지 모를정도로 몰입했어요. 여운이 남는 좋은 영화였습니다. 다만 영화를 심히 삼류영화로 격떨어지게 만드는 저 제목 참... 제목 완전 에러..ㅜㅜ",
    "rating": "10",
    "date": "14.07.09"
  },
  {
    "review_id": "8896953",
    "movie_id": "104703",
    "author": "alfm****",
    "review": "1시간 30분이  너무 짧다.. 2시간 이상짜리로 조금 더 짜임새있었으면 정말 좋은 영화가 되었을것.. 그리고 한글영화제목이 영화를 망쳐놨다",
    "rating": "8",
    "date": "14.07.08"
  },
  {
    "review_id": "8892276",
    "movie_id": "104703",
    "author": "ycn5****",
    "review": "야한거만 찾아보려다 몰입해서 끝까지 보시는 분들 꼭 있을 듯하네요. 잔잔하고 분위기있는 영화입니다.그나저나 제목은 원제목으로 하지....쩝",
    "rating": "10",
    "date": "14.07.07"
  },
  {
    "review_id": "8887988",
    "movie_id": "104703",
    "author": "khj9****",
    "review": "월터미티의 상상은 현실이 된다와 비슷한 감동을 느낌",
    "rating": "8",
    "date": "14.07.06"
  },
  {
    "review_id": "8885680",
    "movie_id": "104703",
    "author": "ut18****",
    "review": "몽환적이고..아름다운 영화 ^^",
    "rating": "10",
    "date": "14.07.05"
  },
  {
    "review_id": "8881905",
    "movie_id": "104703",
    "author": "jofa****",
    "review": "그간 봐오던 영화들이랑 정말 다르고, 훌륭하다. 그래서 만족스럽다.",
    "rating": "10",
    "date": "14.07.04"
  },
  {
    "review_id": "8864544",
    "movie_id": "104703",
    "author": "tsaf****",
    "review": "단순한 폰팅을 넘어선 영화네요.. 주인공들 연기력의 몰입감 그리고 전체적인 이 영화에서 나오는 조명의 색감, 분위기, 이 영화에 나오는 각 씬 마다 나오는 배경음악도 잘 어울렸고, 그리고 이 영화 마지막 주인공의 장면. 잘 봤습니다.",
    "rating": "9",
    "date": "14.06.28"
  },
  {
    "review_id": "8862231",
    "movie_id": "104703",
    "author": "banm****",
    "review": "불법 업로드들한데  속았다 야한거 하나도없다 보지마라",
    "rating": "1",
    "date": "14.06.27"
  },
  {
    "review_id": "8858364",
    "movie_id": "104703",
    "author": "ymki****",
    "review": "은밀하게  자극하는 부분들이  더 야한것 같아요~!",
    "rating": "10",
    "date": "14.06.26"
  },
  {
    "review_id": "8858202",
    "movie_id": "104703",
    "author": "ting****",
    "review": "기대안했는데.. 재밌게봤어요",
    "rating": "10",
    "date": "14.06.26"
  },
  {
    "review_id": "8858172",
    "movie_id": "104703",
    "author": "dear****",
    "review": "사람의 생각과 느낌으로 그려내는 작품인듯. 어찌보면 일상탈출의 경험...?ㅎㅎ 생각보다 분위기 있는 영화인거같다.",
    "rating": "10",
    "date": "14.06.26"
  },
  {
    "review_id": "8858170",
    "movie_id": "104703",
    "author": "bram****",
    "review": "제목은 야했지만 야한게 다가 아닌 짜릿한 영화였네요~",
    "rating": "10",
    "date": "14.06.26"
  },
  {
    "review_id": "8858150",
    "movie_id": "104703",
    "author": "dung****",
    "review": "잘봤어요~ 여러 영화제에서 상받을만 하네요",
    "rating": "10",
    "date": "14.06.26"
  }
]