[
  {
    "review_id": "9640445",
    "movie_id": "104879",
    "author": "pass****",
    "review": "이건 너무하잖어 어이가 없다",
    "rating": "1",
    "date": "15.01.26"
  },
  {
    "review_id": "9442736",
    "movie_id": "104879",
    "author": "jj28****",
    "review": "이것도 별 5개 주는 사람들 보고 알바가 진짜로 있음을 알게됨.",
    "rating": "1",
    "date": "14.12.03"
  },
  {
    "review_id": "9401780",
    "movie_id": "104879",
    "author": "kanm****",
    "review": "전장면 모두 진짜 진부하던데. 마지막 결투에서 곶아샷이랑 차타고 여친에게 가는 장면에서 뜬금없이 총맞을때 뭐 이리 영화가 황당한지 ㅋㅋ",
    "rating": "1",
    "date": "14.11.20"
  },
  {
    "review_id": "9130210",
    "movie_id": "104879",
    "author": "haen****",
    "review": "모택동 영화만 잘만드는 중국! 농구공 주우려던 아이 구하는 장면이 정말 어설펐다!",
    "rating": "1",
    "date": "14.08.24"
  },
  {
    "review_id": "8730650",
    "movie_id": "104879",
    "author": "ezha****",
    "review": "펑퍼짐한 건빵바지(카고)를 입고 오도바이탈때 입는 잠바 같은 것을 입은 주인공겸 감독이 앞차기 옆차기 뒷차기 앞돌려차기등의 기술을 구사해 악당을 소탕하는 영화 주먹질도 하지만 앞차기와 옆차기의 비중이 크다",
    "rating": "1",
    "date": "14.05.14"
  },
  {
    "review_id": "8682487",
    "movie_id": "104879",
    "author": "oojj****",
    "review": "평점 주기가 아깝다. 할 말이 없다.",
    "rating": "1",
    "date": "14.04.29"
  },
  {
    "review_id": "8667978",
    "movie_id": "104879",
    "author": "cyan****",
    "review": "이건...뭐지....할말없게..만드는 영화",
    "rating": "1",
    "date": "14.04.23"
  },
  {
    "review_id": "8399581",
    "movie_id": "104879",
    "author": "sean****",
    "review": "스토리 연출 연기 뿐 아니라 헤어 스타일리스트 까지 망한 쓰영화. 감독이 주연까지 하려면 똥파리 정도는 해야지.",
    "rating": "2",
    "date": "14.01.19"
  },
  {
    "review_id": "8179204",
    "movie_id": "104879",
    "author": "jaeh****",
    "review": "유송, 감옥에서 8년 더 살고 나와라.",
    "rating": "1",
    "date": "13.11.30"
  },
  {
    "review_id": "7913410",
    "movie_id": "104879",
    "author": "nown****",
    "review": "그냥 더럽게 재미없음. 초저예산 독립영화보다 더 구림.내인생 최악에 영화에 항개더 추가됨.이래저래 나은점이항개도 없음",
    "rating": "1",
    "date": "13.08.23"
  },
  {
    "review_id": "7879241",
    "movie_id": "104879",
    "author": "woos****",
    "review": "최악",
    "rating": "1",
    "date": "13.08.14"
  },
  {
    "review_id": "7865238",
    "movie_id": "104879",
    "author": "song****",
    "review": "이거보고 어이가없어서 로긴한다 ㅋㅋㅋ 개판인데 진짜 뭐 칭찬할게 하나도 없고 걍 쓰레기영화네 쓰레기가만든 그냥 쓰레기영화 ㅋㅋㅋㅋ 딱중국수준이네",
    "rating": "1",
    "date": "13.08.10"
  },
  {
    "review_id": "7864694",
    "movie_id": "104879",
    "author": "dbzh****",
    "review": "80년대 영화같네",
    "rating": "2",
    "date": "13.08.10"
  },
  {
    "review_id": "7862672",
    "movie_id": "104879",
    "author": "choi****",
    "review": "어설픈 스토리에 엉성한 액션과 연기가 잘 버무러진 영화",
    "rating": "3",
    "date": "13.08.09"
  },
  {
    "review_id": "7852426",
    "movie_id": "104879",
    "author": "seon****",
    "review": "정말혼자서 수십명상대해서 이기는사람있나요..주인공진짜순하게생겼넹.ㅋㅋ 독수리목걸이달자마자죽었는강환생했남..ㅎㅎ",
    "rating": "6",
    "date": "13.08.07"
  },
  {
    "review_id": "7806628",
    "movie_id": "104879",
    "author": "omjj****",
    "review": "스토리가 자주써여 왔던 스토리라 신선함이 없다 액션씬은 무난했다... 갠적으로는 옹박을 함더 보는게 났을듯 하다 성인은  친구 나 함더 보는게 났겠다",
    "rating": "5",
    "date": "13.08.01"
  },
  {
    "review_id": "7805814",
    "movie_id": "104879",
    "author": "psp2****",
    "review": "어떠한 평점을  못 내린다.",
    "rating": "1",
    "date": "13.08.01"
  },
  {
    "review_id": "7804273",
    "movie_id": "104879",
    "author": "newf****",
    "review": "쌍팔년도 스토리에 그리 화려하지 않은 액션신, 어색한 인물들",
    "rating": "5",
    "date": "13.07.31"
  },
  {
    "review_id": "7801490",
    "movie_id": "104879",
    "author": "jjwp****",
    "review": "내 1시간반 보상쫌",
    "rating": "1",
    "date": "13.07.31"
  },
  {
    "review_id": "7799702",
    "movie_id": "104879",
    "author": "jung****",
    "review": "뭔죄다 알바들이냐? 이게 액션이나스토리나 뭔 쌍팔년도 수준두아니구참진짜  이영화 재밋다고하는인간들은 하나같이 초딩이야? 언렁 개학을해야지 ㅋㅋㅋ",
    "rating": "1",
    "date": "13.07.30"
  },
  {
    "review_id": "7797789",
    "movie_id": "104879",
    "author": "suk7****",
    "review": "일단 액션신이 신선했구요 요즘 영화 재미없는거많은데제취향에는 집중도도 괜잖았구 상당히 재밌었습니다유송이란 배우도 몰랐는데 관심이 가네요 중간에 자단이형님 얼굴표정 따라한게 보였음 ㅋ 근데 그만에 스타일이 보였보이게 카메라기법이 다른영화랑틀리네요",
    "rating": "8",
    "date": "13.07.29"
  },
  {
    "review_id": "7789812",
    "movie_id": "104879",
    "author": "pria****",
    "review": "시청.",
    "rating": "1",
    "date": "13.07.27"
  },
  {
    "review_id": "7789805",
    "movie_id": "104879",
    "author": "jcb0****",
    "review": "유송이 혼자서 감독 주연까지하면서 처음만든영화치고 잘만든거지ㅋㅋㅋ감독만하고 이연걸이나 견자단출연했으면 솔직히 도재밋을텐데 유송이멍청하게생겨가지고 연기도 그닥이고  다음에는 연기랑무술잘하는 배우좀섭외해라",
    "rating": "10",
    "date": "13.07.27"
  },
  {
    "review_id": "7788981",
    "movie_id": "104879",
    "author": "dltj****",
    "review": "재미있어요",
    "rating": "10",
    "date": "13.07.26"
  },
  {
    "review_id": "7787469",
    "movie_id": "104879",
    "author": "ljsk****",
    "review": "기대 안하고 본다면, 킬링타임용으로 손색 없다!!",
    "rating": "8",
    "date": "13.07.26"
  },
  {
    "review_id": "7787261",
    "movie_id": "104879",
    "author": "jjan****",
    "review": "노노~~~ 아직 멀었다..... 우리에겐 맨데이트(신이 주신 임무)가 있다....",
    "rating": "4",
    "date": "13.07.26"
  },
  {
    "review_id": "7786663",
    "movie_id": "104879",
    "author": "ckdg****",
    "review": "널 쓰레기통에 가두지왕",
    "rating": "1",
    "date": "13.07.26"
  },
  {
    "review_id": "7786385",
    "movie_id": "104879",
    "author": "yuse****",
    "review": "이런 킬링타임용 영와는 액션신이 생명인데..액션신을 너무 티나게 빨리감기해놨네... 완전 쓰레기",
    "rating": "1",
    "date": "13.07.26"
  },
  {
    "review_id": "7784217",
    "movie_id": "104879",
    "author": "mi86****",
    "review": "최신영화라 믿기지 않을만큼 고전적인 배경과 3류 스토리 액션도 너무 단순하다",
    "rating": "5",
    "date": "13.07.25"
  },
  {
    "review_id": "7783767",
    "movie_id": "104879",
    "author": "jung****",
    "review": "욕 안할수가..액션은 둘째치고 대본이 개막장..감옥에 갔다온 대화중 난대없이 환생하면 뭐가 되고 싶냐니;; 엔딩이 제일 막장! 상대보스 죽이고 기절했을때 꿈에서 자신이 죽인애가 넌 더 살아야지 라고 까지 했는데 암살당했어 ㅋ막판에 독수리설명은 참;;",
    "rating": "1",
    "date": "13.07.25"
  },
  {
    "review_id": "7783369",
    "movie_id": "104879",
    "author": "yhwo****",
    "review": "내 한시간 어디서 보상 받나??? 원래 한시간 십분 정도 되는데. . 그 뒤 십분 안뵈도 뻔해서 그냥 껐다. . 이건 진짜 내 생에 최악의 영화다.",
    "rating": "1",
    "date": "13.07.25"
  },
  {
    "review_id": "7782141",
    "movie_id": "104879",
    "author": "ledz****",
    "review": "파이트물 영화가 주는 센세이션은 옹박이 마지막이었나봐 ㅠ.ㅠ!",
    "rating": "4",
    "date": "13.07.25"
  },
  {
    "review_id": "7780803",
    "movie_id": "104879",
    "author": "2974****",
    "review": "처음으로 평점올리네.. 진짜 별주기도 아까운 영화",
    "rating": "1",
    "date": "13.07.24"
  },
  {
    "review_id": "7779911",
    "movie_id": "104879",
    "author": "epst****",
    "review": "유송은 아마도. 이 영화가 뛰어날거란 생각을 하지 않았을거라 믿는다. 그는 아마 돈이 많은 중국인일 것이다. 그는 그냥 자기가 주연으로 1대100으로 싸우는 액션영화를 찍고 싶었나보다. 대학동아리 발표작 수준도 안됨...",
    "rating": "1",
    "date": "13.07.24"
  },
  {
    "review_id": "7777290",
    "movie_id": "104879",
    "author": "jjws****",
    "review": "별 주기도 아까운 영화다 이런 영화는 돈주고 보는건 아깝다고 생각할 정도다",
    "rating": "1",
    "date": "13.07.23"
  },
  {
    "review_id": "7774916",
    "movie_id": "104879",
    "author": "kyun****",
    "review": "연기 꽝, 연출 꽝, 뻔한 시나리오. 액션씬도 정말 볼게 없군요...액션씬에서 요구되는 촬영테크닉도 전혀 없어보이네요. 굳이 찾자면 슬로비디오 정도.....TT  저예산으로 만든 영화같은데, 정식 상업영화라기보단 연습삼아 만든 작품같아 보입니다.",
    "rating": "1",
    "date": "13.07.22"
  },
  {
    "review_id": "7772368",
    "movie_id": "104879",
    "author": "bgmm****",
    "review": "현대판 정무문을 찍고 싶었나 보지만 90년대 스토리와 반복되는 패턴의 액션은 지루함을 느끼게 한다.",
    "rating": "4",
    "date": "13.07.21"
  },
  {
    "review_id": "7771659",
    "movie_id": "104879",
    "author": "yuny****",
    "review": "일단 보시면 앎",
    "rating": "8",
    "date": "13.07.21"
  },
  {
    "review_id": "7764858",
    "movie_id": "104879",
    "author": "jdi1****",
    "review": "인위적인 디지털 액션 식상하신분 아날로그 액션 보세요 킬링타임용으로 짱",
    "rating": "10",
    "date": "13.07.20"
  },
  {
    "review_id": "7764195",
    "movie_id": "104879",
    "author": "sisu****",
    "review": "킬링으로는 짱",
    "rating": "10",
    "date": "13.07.19"
  },
  {
    "review_id": "7761273",
    "movie_id": "104879",
    "author": "qcin****",
    "review": "오락영화로는 그럭저럭.... 액션은 좀 잘하는 거 같다",
    "rating": "8",
    "date": "13.07.19"
  },
  {
    "review_id": "7759860",
    "movie_id": "104879",
    "author": "keyn****",
    "review": "욕심을 너무 부린듯.감독으로서의 연출력도.주연으로서의 연기도(자다가깬 얼굴).무술 감독으로서의 역량도.시나리오를 쓴 작가로도.뭐 하나 제대로 된거 없는 3%부족한 영화.제작비 아낄라고 혼자 다한겨? --*",
    "rating": "5",
    "date": "13.07.19"
  },
  {
    "review_id": "7758214",
    "movie_id": "104879",
    "author": "s167****",
    "review": "킬링타임 영화에도 못 미치는.....",
    "rating": "4",
    "date": "13.07.18"
  }
]