[
  {
    "review_id": "10140249",
    "movie_id": "104859",
    "author": "eemm****",
    "review": "참 많은 생각이 드는 영화입니다...  진실을 알려주셔서 감사합니다.",
    "rating": "10",
    "date": "15.07.25"
  },
  {
    "review_id": "9918762",
    "movie_id": "104859",
    "author": "wate****",
    "review": "왜 별점이 이러냐 알바생들인가 현실을 뒤덮으려하지마라 4대강은 잘못된정책이다.",
    "rating": "10",
    "date": "15.05.15"
  },
  {
    "review_id": "9665655",
    "movie_id": "104859",
    "author": "phil****",
    "review": "아~~~내성천!. 회룡포를 다녀온 나로서 불필요하고 무개념에 입각한 영주댐건설때문에 아름다운 내성천의 모래사장과 포근하고 정겹고 아름다운 절경들이 훼손되지 않길 소망해 본다.",
    "rating": "10",
    "date": "15.02.04"
  },
  {
    "review_id": "9346062",
    "movie_id": "104859",
    "author": "a734****",
    "review": "이런영화를 왜보는거냐...",
    "rating": "1",
    "date": "14.11.06"
  },
  {
    "review_id": "9342415",
    "movie_id": "104859",
    "author": "pror****",
    "review": "하나밖에 없는 지구 , 우리가 후손에게 빌려쓰는것...",
    "rating": "10",
    "date": "14.11.05"
  },
  {
    "review_id": "9212304",
    "movie_id": "104859",
    "author": "su28****",
    "review": "자연이 복구되길 기원합니다.",
    "rating": "10",
    "date": "14.09.14"
  },
  {
    "review_id": "8998304",
    "movie_id": "104859",
    "author": "winn****",
    "review": "아름답고 고요한 내성천의 흐르는 물 소리와 깨끗한 모래... 보는 내내  마음이 너무 아프네요ㅜ.ㅜ",
    "rating": "9",
    "date": "14.08.01"
  },
  {
    "review_id": "8996830",
    "movie_id": "104859",
    "author": "sg_s****",
    "review": "좋은 취지의 영화 감사합니다.",
    "rating": "10",
    "date": "14.07.31"
  },
  {
    "review_id": "8753647",
    "movie_id": "104859",
    "author": "even****",
    "review": "다른분들도 이영화를 보고 내성천의 아픔을 알았으면 좋겟습니다",
    "rating": "10",
    "date": "14.05.22"
  },
  {
    "review_id": "8623696",
    "movie_id": "104859",
    "author": "renj****",
    "review": "그냥저냥 다큐멘터리네요",
    "rating": "1",
    "date": "14.04.02"
  },
  {
    "review_id": "8578082",
    "movie_id": "104859",
    "author": "kkh2****",
    "review": "돈에 눈이 먼 멍청이들에게 전하는 영상",
    "rating": "10",
    "date": "14.03.15"
  },
  {
    "review_id": "8556524",
    "movie_id": "104859",
    "author": "y2k1****",
    "review": "이건 뭐...별 반개도 아깝盧",
    "rating": "1",
    "date": "14.03.05"
  },
  {
    "review_id": "8370688",
    "movie_id": "104859",
    "author": "best****",
    "review": "일베충들이 하는짓 반대로만하면 칭찬받는다.",
    "rating": "10",
    "date": "14.01.11"
  },
  {
    "review_id": "8370434",
    "movie_id": "104859",
    "author": "tlst****",
    "review": "낙동강 가끔 가는데 공사 잘했다는 느낌은 별로 안든다",
    "rating": "9",
    "date": "14.01.11"
  },
  {
    "review_id": "8369072",
    "movie_id": "104859",
    "author": "mell****",
    "review": "안타깝기만 하다...ㅠㅠ",
    "rating": "10",
    "date": "14.01.11"
  },
  {
    "review_id": "8063523",
    "movie_id": "104859",
    "author": "sn96****",
    "review": "감독님의 문제의식과 이를 알리고 해결하고자 하는 의지를 존경합니다. 강이 무너져가는 모습은 정말 가슴아팠어요..ㅜ 하지만 의지가 너무 강하다보니 주입식교육처럼 감정을 강요받는 느낌도 좀 들었습니당ㅜ",
    "rating": "7",
    "date": "13.10.16"
  },
  {
    "review_id": "7987270",
    "movie_id": "104859",
    "author": "juvi****",
    "review": "마음이 아프다.. 아파...",
    "rating": "10",
    "date": "13.09.16"
  },
  {
    "review_id": "7969966",
    "movie_id": "104859",
    "author": "doux****",
    "review": "중립적으로 지켜봐야할거 같네요. 4대강으로인해 잘못된점이 있다면 어떤것들은 또 좋게 변했는지에 대한 견해도 있어야지요. 절이 나무를 베어 지어진 건물이듯 그 절로인한 좋은점도 있듯이요",
    "rating": "1",
    "date": "13.09.12"
  },
  {
    "review_id": "7953071",
    "movie_id": "104859",
    "author": "peak****",
    "review": "가슴이 아푸네요",
    "rating": "10",
    "date": "13.09.06"
  },
  {
    "review_id": "7929077",
    "movie_id": "104859",
    "author": "tyu0****",
    "review": "좋은 영화 이표현이 맞네요",
    "rating": "10",
    "date": "13.08.28"
  },
  {
    "review_id": "7926750",
    "movie_id": "104859",
    "author": "kjh2****",
    "review": "1900년 대로 다시 돌아 가자구요... 참나 보상 다 한 농지에 불법 경작 하면 안된다고 이미 다 공지 나간 땅에 아깝다고 무작위로 농사 또 짓고...이건 선동 영화 이네요 현실을 제대로 알고 만들어야지... 참 한심한 외골수 들",
    "rating": "1",
    "date": "13.08.27"
  },
  {
    "review_id": "7924383",
    "movie_id": "104859",
    "author": "hy40****",
    "review": "좋은 취지의 영화. 존경합니다 지율스님",
    "rating": "10",
    "date": "13.08.26"
  },
  {
    "review_id": "7612186",
    "movie_id": "104859",
    "author": "guns****",
    "review": "아... 가슴이 터질 것 같다.   가망없는 저질 민족...",
    "rating": "8",
    "date": "13.06.08"
  },
  {
    "review_id": "7587330",
    "movie_id": "104859",
    "author": "pria****",
    "review": "드런 놈의 세상에 눈물나다. 아파서 끝내 시청을 포기하다.",
    "rating": "7",
    "date": "13.06.06"
  },
  {
    "review_id": "7576344",
    "movie_id": "104859",
    "author": "2013****",
    "review": "여러가지 시각으로 생각하게 만드는 영화네요.",
    "rating": "7",
    "date": "13.06.03"
  },
  {
    "review_id": "7574236",
    "movie_id": "104859",
    "author": "kore****",
    "review": "지율? 무슨 파충류 타령하면서 국민에게 혈세 뽑아간 땡중? 이런 젠장 툇~",
    "rating": "1",
    "date": "13.06.03"
  },
  {
    "review_id": "7571067",
    "movie_id": "104859",
    "author": "rlag****",
    "review": "공사 제발 멈춰라, 그 마음이 간절해진다",
    "rating": "8",
    "date": "13.06.02"
  },
  {
    "review_id": "7557946",
    "movie_id": "104859",
    "author": "save****",
    "review": "일베가 싫어한다는건 좋은 영화라는 뜻",
    "rating": "10",
    "date": "13.05.27"
  },
  {
    "review_id": "7500050",
    "movie_id": "104859",
    "author": "kame****",
    "review": "그 누구도 개발이라는 변명아래, 자연을 파괴할 자격은 없다.",
    "rating": "10",
    "date": "13.05.02"
  },
  {
    "review_id": "7499246",
    "movie_id": "104859",
    "author": "kgy4****",
    "review": "자연의 소중함",
    "rating": "10",
    "date": "13.05.01"
  },
  {
    "review_id": "7499218",
    "movie_id": "104859",
    "author": "pjji****",
    "review": "ㅠㅠ 감동적인영화에여 추천추천!",
    "rating": "10",
    "date": "13.05.01"
  },
  {
    "review_id": "7499209",
    "movie_id": "104859",
    "author": "namg****",
    "review": "마음이 아팠어요ㅠㅠㅠ그리고 일부러 점수 낮게 주는 행동 하지 맙시다!",
    "rating": "10",
    "date": "13.05.01"
  },
  {
    "review_id": "7498339",
    "movie_id": "104859",
    "author": "thd4****",
    "review": "자연은 곧 사람이거늘.. 너무 마음이 아프다",
    "rating": "10",
    "date": "13.05.01"
  },
  {
    "review_id": "7490986",
    "movie_id": "104859",
    "author": "khr1****",
    "review": "감동적인영화네요..한번도생각지못한부분을 생각하게하는영화네요...^^",
    "rating": "10",
    "date": "13.04.28"
  },
  {
    "review_id": "7488002",
    "movie_id": "104859",
    "author": "pg_b****",
    "review": "내성천 다녀왔는데 참담하더라구요 ...",
    "rating": "10",
    "date": "13.04.27"
  },
  {
    "review_id": "7487949",
    "movie_id": "104859",
    "author": "nana****",
    "review": "영화 너무 좋아요 !",
    "rating": "10",
    "date": "13.04.27"
  },
  {
    "review_id": "7487941",
    "movie_id": "104859",
    "author": "wpff****",
    "review": "감동입니다 .. 눈물이 났어요 내성천을 살립시다 !!!우리 손으로",
    "rating": "10",
    "date": "13.04.27"
  },
  {
    "review_id": "7480534",
    "movie_id": "104859",
    "author": "haid****",
    "review": "이런 영화는 북쪽이나 틀어라",
    "rating": "1",
    "date": "13.04.25"
  },
  {
    "review_id": "7479249",
    "movie_id": "104859",
    "author": "pont****",
    "review": "핫 브레이크. 핫 브레이크. 핫 핫 브레이크!",
    "rating": "1",
    "date": "13.04.25"
  },
  {
    "review_id": "7478743",
    "movie_id": "104859",
    "author": "emfl****",
    "review": "근시안놈들. 돈에눈이멀어 자신들의목을쪼이리라. 어이없는건 돈과 관련해서도 막대한손해 사업이라는점. 국제영화제에 출품하면 수많은상을받을듯. 이미 유럽은 라인강으로 겪은일이기때문에.. 유럽도 결국은 복원사업으로 옛강을 서서히찾고잇건만 역행하는 한국.",
    "rating": "10",
    "date": "13.04.24"
  },
  {
    "review_id": "7477608",
    "movie_id": "104859",
    "author": "cjsg****",
    "review": "우리가 자연이다. 자연은 종교를 떠나있다. 기독교인으로써 격려드림니다. 수고하셨고 감사합니다.",
    "rating": "10",
    "date": "13.04.24"
  },
  {
    "review_id": "7471908",
    "movie_id": "104859",
    "author": "woor****",
    "review": "지율아 굶어죽는 북한주민들의 인권개선을 위한 작품은 안만드니???",
    "rating": "1",
    "date": "13.04.21"
  },
  {
    "review_id": "7471904",
    "movie_id": "104859",
    "author": "ajhp****",
    "review": "이런놈도 스님하는구나...ㅋ",
    "rating": "1",
    "date": "13.04.21"
  },
  {
    "review_id": "7471903",
    "movie_id": "104859",
    "author": "wook****",
    "review": "산중턱에 나무 잘라 만든 절들도 그럼 짓지말아야지.",
    "rating": "1",
    "date": "13.04.21"
  },
  {
    "review_id": "7471897",
    "movie_id": "104859",
    "author": "ttin****",
    "review": "반정부 심리 조장하려는 좌파선동의 산물",
    "rating": "1",
    "date": "13.04.21"
  },
  {
    "review_id": "7471890",
    "movie_id": "104859",
    "author": "ngoy****",
    "review": "니가 스님이면 나는 예수다",
    "rating": "1",
    "date": "13.04.21"
  },
  {
    "review_id": "7471887",
    "movie_id": "104859",
    "author": "jiye****",
    "review": "개나 소나",
    "rating": "1",
    "date": "13.04.21"
  },
  {
    "review_id": "7471533",
    "movie_id": "104859",
    "author": "alfa****",
    "review": "불도에 전념하시지요",
    "rating": "1",
    "date": "13.04.20"
  },
  {
    "review_id": "7468694",
    "movie_id": "104859",
    "author": "rala****",
    "review": "계속 눈물이 찔끔 찔끔....언젠가 물놀이 했던 회룡포 강변도, 그저 좀 불편한 마음으로 둘러봤던 공사 현장도 거기에 다 있는데...그 때 행동하지 못 한 내가 후회되고, 정부는 제발 아무 것(짓)도 하지 않았으면, 그냥 있어주기만 했으면...",
    "rating": "10",
    "date": "13.04.19"
  },
  {
    "review_id": "7468132",
    "movie_id": "104859",
    "author": "muse****",
    "review": "아름답고 아픈 영상이었습니다. 꼭 한번씩 보셔서 이제 곳 사라져버릴 아름답고 소중한 그 강과 산과 나무들..그안에생명들을 눈과 마음에 담으시길 바래요.",
    "rating": "10",
    "date": "13.04.19"
  },
  {
    "review_id": "7467088",
    "movie_id": "104859",
    "author": "pjs_****",
    "review": "ㄱ",
    "rating": "1",
    "date": "13.04.18"
  },
  {
    "review_id": "7466996",
    "movie_id": "104859",
    "author": "tjfe****",
    "review": "시궁창 같은시대의 보석 같은 다큐.",
    "rating": "10",
    "date": "13.04.18"
  },
  {
    "review_id": "7465126",
    "movie_id": "104859",
    "author": "cham****",
    "review": "국가 발전에 전혀 도움이 안되는 좌파 무리들의 개작. 만드느라 수고했다 스",
    "rating": "1",
    "date": "13.04.17"
  },
  {
    "review_id": "7463880",
    "movie_id": "104859",
    "author": "gogo****",
    "review": "저는 영주 근처의 대학교에 다니고 있는 학생입니다. 이 영화를 교수님께서 사비를 내셔서 한학년전체가 관람하였습니다. 보는내내 가슴이 아프더라구요. 환경이 파괴되는것도 가슴아프고 가까운곳에서 저런일이 일어나는데 모르고 있었던점도 가슴이 아픕니다.",
    "rating": "10",
    "date": "13.04.16"
  },
  {
    "review_id": "7457565",
    "movie_id": "104859",
    "author": "bums****",
    "review": "우리가 몰랐던 팩트들",
    "rating": "10",
    "date": "13.04.14"
  },
  {
    "review_id": "7455686",
    "movie_id": "104859",
    "author": "day7****",
    "review": "ㅇㅋ",
    "rating": "10",
    "date": "13.04.13"
  },
  {
    "review_id": "7453687",
    "movie_id": "104859",
    "author": "hadu****",
    "review": "우리도 모르게 지니고 있던 아름다운 지구문화유산, 하류가 아닌  상류에 발달한 너른 모래톱. 아름다움과 생명의 가치를 돌아보게 하는 아픈 영화. 3년전 내성천을 보고 싶다. 지금도 늦지 않았다.",
    "rating": "10",
    "date": "13.04.12"
  },
  {
    "review_id": "7453631",
    "movie_id": "104859",
    "author": "shuw****",
    "review": "스님의 안타까운 시선이 내성천이 되어 잔잔히게 흐른다.",
    "rating": "10",
    "date": "13.04.12"
  },
  {
    "review_id": "7453256",
    "movie_id": "104859",
    "author": "100y****",
    "review": "오늘 단체관람했습니다. 모래위를 흐르는 물소리가 아직도 생생하네용.",
    "rating": "10",
    "date": "13.04.12"
  },
  {
    "review_id": "7453211",
    "movie_id": "104859",
    "author": "bada****",
    "review": "당신이 이나라 사람이면아니 지구별 사람이라면 보실수 있다면 보세요",
    "rating": "10",
    "date": "13.04.12"
  },
  {
    "review_id": "7452946",
    "movie_id": "104859",
    "author": "qotk****",
    "review": "눈오는 강가에서도 계속되는 포크레인 삽질이  너무 성실해서 슬픕니다.",
    "rating": "9",
    "date": "13.04.12"
  },
  {
    "review_id": "7451720",
    "movie_id": "104859",
    "author": "real****",
    "review": "보는 내내 마음이 아팠습니다",
    "rating": "10",
    "date": "13.04.11"
  },
  {
    "review_id": "7451321",
    "movie_id": "104859",
    "author": "inoj****",
    "review": "의미있는 기록.",
    "rating": "10",
    "date": "13.04.11"
  },
  {
    "review_id": "7450869",
    "movie_id": "104859",
    "author": "lall****",
    "review": "한국 현대사와 모래의 수난은 함께 흐른다. 모래의 수난사를 볼 수 있는 몇 안되는 기록 중 하나였다. 이런 영화는 오래도록 남아야 한다.",
    "rating": "10",
    "date": "13.04.11"
  },
  {
    "review_id": "7450766",
    "movie_id": "104859",
    "author": "dsou****",
    "review": "정말 의미있는 영화적 기록인 것 같습니다.",
    "rating": "9",
    "date": "13.04.11"
  },
  {
    "review_id": "7450707",
    "movie_id": "104859",
    "author": "sj03****",
    "review": "유럽 친구들도 공감하고 있습니다. 해외영화제에 꼭! 출품하셔서 해외에 알리세요!",
    "rating": "10",
    "date": "13.04.11"
  },
  {
    "review_id": "7450242",
    "movie_id": "104859",
    "author": "umma****",
    "review": "4대강 잘못됐다고 발표된 마당에 아직도 이런영화 까내리는 것들은 뭐야? 니들이 좋아하는 새누리도 4대강 욕하고있다 . 멍청한것들 어디서 단체로 링크걸어놓고 평점내리기 놀이나 하고있어",
    "rating": "10",
    "date": "13.04.11"
  },
  {
    "review_id": "7450131",
    "movie_id": "104859",
    "author": "ingr****",
    "review": "나무베서 지은 절도 갈아엎고 자연에게 돌려주자",
    "rating": "1",
    "date": "13.04.11"
  },
  {
    "review_id": "7449922",
    "movie_id": "104859",
    "author": "able****",
    "review": "글쎄",
    "rating": "1",
    "date": "13.04.11"
  },
  {
    "review_id": "7449885",
    "movie_id": "104859",
    "author": "boyb****",
    "review": "후손을 위해 우린 그냥 수렵 채취생활만 했어야 해",
    "rating": "1",
    "date": "13.04.11"
  },
  {
    "review_id": "7449741",
    "movie_id": "104859",
    "author": "moon****",
    "review": "논리가 이해가 되질 않는군요",
    "rating": "1",
    "date": "13.04.11"
  },
  {
    "review_id": "7449711",
    "movie_id": "104859",
    "author": "masc****",
    "review": "선동선동해",
    "rating": "1",
    "date": "13.04.11"
  },
  {
    "review_id": "7449459",
    "movie_id": "104859",
    "author": "dmsw****",
    "review": "ㅉㅉ",
    "rating": "1",
    "date": "13.04.11"
  },
  {
    "review_id": "7449407",
    "movie_id": "104859",
    "author": "gc93****",
    "review": "자 하던것 멈추고 농사 지으러 갑세다 농업화 !!",
    "rating": "1",
    "date": "13.04.11"
  },
  {
    "review_id": "7449389",
    "movie_id": "104859",
    "author": "ytse****",
    "review": "일베충이 득실득실",
    "rating": "10",
    "date": "13.04.11"
  },
  {
    "review_id": "7449300",
    "movie_id": "104859",
    "author": "haej****",
    "review": "좋은 영화입니다.",
    "rating": "10",
    "date": "13.04.11"
  },
  {
    "review_id": "7449258",
    "movie_id": "104859",
    "author": "vkdl****",
    "review": "이 영화가 진정으로 전하고자 하는걸 모르겠습니다....  아무것도 모르는 사람이 이영화를 본다면 이영화의 픽션 같은 것도 같이 믿어버릴까 무섭습니다... 인간은 자연과 같이할수 없는게 현실입니다.. 인간을 위해 자연이 훼손당하는건 어쩔수 없지요..",
    "rating": "3",
    "date": "13.04.11"
  },
  {
    "review_id": "7449249",
    "movie_id": "104859",
    "author": "bill****",
    "review": "영화도 아니고 다큐도 아니고 뭐지? 돈주고 볼만한 영화는 절대아님 아 진짜 돈아깝네요.이거 평점 만점준사람들 영화사 직원들인듯",
    "rating": "2",
    "date": "13.04.11"
  },
  {
    "review_id": "7449246",
    "movie_id": "104859",
    "author": "bini****",
    "review": "최악의 선동영화",
    "rating": "1",
    "date": "13.04.11"
  },
  {
    "review_id": "7449206",
    "movie_id": "104859",
    "author": "idth****",
    "review": "이런거 싫당께요",
    "rating": "1",
    "date": "13.04.11"
  },
  {
    "review_id": "7449155",
    "movie_id": "104859",
    "author": "gmlt****",
    "review": "오직 한 면으로만 세상을 바라보려하는 영화인데 이것이 어떻게 좋은 영화일수가 있습니까?",
    "rating": "1",
    "date": "13.04.11"
  },
  {
    "review_id": "7449141",
    "movie_id": "104859",
    "author": "leo7****",
    "review": "선동영화 정체성을 잃다",
    "rating": "1",
    "date": "13.04.11"
  },
  {
    "review_id": "7449101",
    "movie_id": "104859",
    "author": "whrp****",
    "review": "감성팔이 선동영화",
    "rating": "1",
    "date": "13.04.11"
  },
  {
    "review_id": "7449082",
    "movie_id": "104859",
    "author": "sisk****",
    "review": "최악의 선동영화",
    "rating": "1",
    "date": "13.04.11"
  },
  {
    "review_id": "7449081",
    "movie_id": "104859",
    "author": "neok****",
    "review": "땔치라",
    "rating": "1",
    "date": "13.04.11"
  },
  {
    "review_id": "7449078",
    "movie_id": "104859",
    "author": "dlwh****",
    "review": "별점 안줘요! 제가 안줘요! 누가 저보고 10점 주라는거요!",
    "rating": "1",
    "date": "13.04.11"
  },
  {
    "review_id": "7449067",
    "movie_id": "104859",
    "author": "siro****",
    "review": "지율스님 이분 단식시위중 핫브레이크 먹다가 걸리신분 아닌가요?",
    "rating": "1",
    "date": "13.04.11"
  },
  {
    "review_id": "7449047",
    "movie_id": "104859",
    "author": "kkr0****",
    "review": "한심하다",
    "rating": "1",
    "date": "13.04.11"
  },
  {
    "review_id": "7449045",
    "movie_id": "104859",
    "author": "ituk****",
    "review": "지율 이  땡중 아직도 안 죽고 이런짓 하고 있구나.",
    "rating": "1",
    "date": "13.04.11"
  },
  {
    "review_id": "7449033",
    "movie_id": "104859",
    "author": "sbas****",
    "review": "쓰레기 영화 운지",
    "rating": "1",
    "date": "13.04.11"
  },
  {
    "review_id": "7449030",
    "movie_id": "104859",
    "author": "haja****",
    "review": "으아아아아아 평점 떨어진다아아아 운.지.이런 영화의 목적이야 뻔하지 아니한가 계속 그렇게 세상탓하면서 살아라 망상주의자들",
    "rating": "1",
    "date": "13.04.11"
  },
  {
    "review_id": "7449029",
    "movie_id": "104859",
    "author": "jgw1****",
    "review": "오유에서 왔습니다 엣헴 엣헴",
    "rating": "1",
    "date": "13.04.11"
  },
  {
    "review_id": "7449014",
    "movie_id": "104859",
    "author": "ggam****",
    "review": "한쪽눈으로만 세상 살지 맙시다.",
    "rating": "1",
    "date": "13.04.11"
  },
  {
    "review_id": "7449006",
    "movie_id": "104859",
    "author": "kyul****",
    "review": "재미없어서 1점드립니다",
    "rating": "1",
    "date": "13.04.11"
  },
  {
    "review_id": "7448995",
    "movie_id": "104859",
    "author": "samg****",
    "review": "음..",
    "rating": "1",
    "date": "13.04.11"
  },
  {
    "review_id": "7448993",
    "movie_id": "104859",
    "author": "dfsp****",
    "review": "일베로",
    "rating": "1",
    "date": "13.04.11"
  },
  {
    "review_id": "7448979",
    "movie_id": "104859",
    "author": "popk****",
    "review": ".",
    "rating": "1",
    "date": "13.04.11"
  },
  {
    "review_id": "7448978",
    "movie_id": "104859",
    "author": "ruwk****",
    "review": "선동영화",
    "rating": "1",
    "date": "13.04.11"
  },
  {
    "review_id": "7448966",
    "movie_id": "104859",
    "author": "jung****",
    "review": "좌좀 OUT!~~~~~~~~~",
    "rating": "1",
    "date": "13.04.11"
  },
  {
    "review_id": "7448331",
    "movie_id": "104859",
    "author": "gmpf****",
    "review": "4대강",
    "rating": "10",
    "date": "13.04.10"
  }
]