[
  {
    "review_id": "8028027",
    "movie_id": "104884",
    "author": "jung****",
    "review": "공민규(진영)연기짱",
    "rating": "10",
    "date": "13.10.02"
  },
  {
    "review_id": "7912342",
    "movie_id": "104884",
    "author": "kang****",
    "review": "아 진짜 진영오빠 ♥♥♥♥공민규♥♥♥♥",
    "rating": "10",
    "date": "13.08.22"
  },
  {
    "review_id": "7909816",
    "movie_id": "104884",
    "author": "chhe****",
    "review": "연기 재미있었어요!",
    "rating": "10",
    "date": "13.08.21"
  },
  {
    "review_id": "7897099",
    "movie_id": "104884",
    "author": "rnas****",
    "review": "너무재밌게봤고 진영오빠가역할을잘소화해주었다",
    "rating": "10",
    "date": "13.08.18"
  },
  {
    "review_id": "7852244",
    "movie_id": "104884",
    "author": "real****",
    "review": "빠순이들좀 꺼져라 평을 내려야지 아이돌 나온다고 ㅈㄹ들을 하네",
    "rating": "5",
    "date": "13.08.07"
  },
  {
    "review_id": "7685352",
    "movie_id": "104884",
    "author": "jiki****",
    "review": "마지막까지 예측불허 ㅠㅠ!",
    "rating": "10",
    "date": "13.06.28"
  },
  {
    "review_id": "7636581",
    "movie_id": "104884",
    "author": "love****",
    "review": "재밋게보고잇어요~~!",
    "rating": "10",
    "date": "13.06.14"
  },
  {
    "review_id": "7565676",
    "movie_id": "104884",
    "author": "oeei****",
    "review": "ㅜㅜㅜ재밋음 진심 이건 필력 장난아니시고..",
    "rating": "10",
    "date": "13.05.31"
  },
  {
    "review_id": "7554724",
    "movie_id": "104884",
    "author": "cin0****",
    "review": "아ㅜㅠ진심재밌엉ㅋ",
    "rating": "10",
    "date": "13.05.25"
  },
  {
    "review_id": "7538026",
    "movie_id": "104884",
    "author": "gusw****",
    "review": "슬프고재밌고뭔가감동적임 다연기도잘하고.",
    "rating": "10",
    "date": "13.05.18"
  },
  {
    "review_id": "7533099",
    "movie_id": "104884",
    "author": "ohch****",
    "review": "상스러운, 성스러운, 우와한, 녀이 4가지가 모두 중의적 의미를 포함하고 있다.너무 남용하는 것 같다. 보통 1개도 잘 안쓰는데.",
    "rating": "8",
    "date": "13.05.17"
  },
  {
    "review_id": "7505247",
    "movie_id": "104884",
    "author": "inin****",
    "review": "재밌긴한데저같은어린바나들이보긴좀그래여ㅜㅜ넘야해요...그래서엄마가보지말래여ㅜㅜㅜ진영빠만보는건뎋ㅎ우와한녀홧팅!!비원에이포진영홧팅!!♥",
    "rating": "10",
    "date": "13.05.04"
  },
  {
    "review_id": "7503806",
    "movie_id": "104884",
    "author": "katz****",
    "review": "독특한 시도도 좋고 지상파에서 못보던 적나라함도 있어서 좋다..!! 야하긴 해서 가족들과 못보긴하지만 기대됨!!",
    "rating": "9",
    "date": "13.05.03"
  },
  {
    "review_id": "7502548",
    "movie_id": "104884",
    "author": "tnal****",
    "review": "약간야하긴하지만재밌어요!!!우와한녀화이팅♥",
    "rating": "10",
    "date": "13.05.03"
  },
  {
    "review_id": "7502532",
    "movie_id": "104884",
    "author": "ymj0****",
    "review": "스토리도 재미있구 연기자분들의 연기호흡이나 몰입성이 좋아요ㅎㅎ근데 수위가 15살이 보기에는 많이 높네요;;",
    "rating": "9",
    "date": "13.05.03"
  },
  {
    "review_id": "7502375",
    "movie_id": "104884",
    "author": "dkra****",
    "review": "진심재밋는데요 진영오빠두 조코 ㅎ 근데 어린 바나들이 보게좀 수위좀 낮혀주시면안될까요..오늘 3회보고 ..좀 심해여 .. 어린바나들이보기엔 너무 벅참니다",
    "rating": "8",
    "date": "13.05.03"
  },
  {
    "review_id": "7499787",
    "movie_id": "104884",
    "author": "jenn****",
    "review": "굿ㅋㅋ",
    "rating": "10",
    "date": "13.05.01"
  },
  {
    "review_id": "7497345",
    "movie_id": "104884",
    "author": "dltk****",
    "review": "김치년들 하는 꼬락서니 보소 ㅋㅋㅋㅋㅋㅋㅋ 삼일한이 절실하다",
    "rating": "1",
    "date": "13.05.01"
  },
  {
    "review_id": "7493773",
    "movie_id": "104884",
    "author": "styr****",
    "review": "왠지 생각나는 커플이 있다.",
    "rating": "10",
    "date": "13.04.29"
  },
  {
    "review_id": "7482125",
    "movie_id": "104884",
    "author": "ejh2****",
    "review": "존나 웃김ㅋㅋㅋㅋㅋㅋㅋ",
    "rating": "10",
    "date": "13.04.25"
  },
  {
    "review_id": "7472670",
    "movie_id": "104884",
    "author": "youn****",
    "review": "변태 3류 드라마",
    "rating": "1",
    "date": "13.04.21"
  },
  {
    "review_id": "7470793",
    "movie_id": "104884",
    "author": "seji****",
    "review": "진영오빠키스신하지마요ㅠㅠㅠㅠㅠㅠㅠ바나가화나요ㅠㅠㅠㅠㅠㅠㅠㅠㅠㅠㅠㅠ흐어어ㅠㅠ키스신결사반대ㅠㅠㅠ",
    "rating": "10",
    "date": "13.04.20"
  },
  {
    "review_id": "7469180",
    "movie_id": "104884",
    "author": "juhe****",
    "review": "진영오빠 사랑해욧!!! ♥♥",
    "rating": "10",
    "date": "13.04.19"
  },
  {
    "review_id": "7469121",
    "movie_id": "104884",
    "author": "dbwl****",
    "review": "나의사랑진영빠♥♥때문에 봤는대 너무재미있음 내용이파격적ㅋㅋㅌㅋ근대 부모님이랑보기엔야하다,,,그래도 무조건본방사수 진영빠도 생각보다 연기더잘했고 다른분들은 말할필요없이잘했다 우아한녀대박나길바래요~",
    "rating": "10",
    "date": "13.04.19"
  },
  {
    "review_id": "7469049",
    "movie_id": "104884",
    "author": "ak06****",
    "review": "앜ㅋ진영오빠귀요미다ㅋㅋㅋ",
    "rating": "10",
    "date": "13.04.19"
  },
  {
    "review_id": "7468893",
    "movie_id": "104884",
    "author": "wldu****",
    "review": "ㅋㅋㅋㅋ진영? 아이돌치곤 잘하더라 ㅋㅋㅋㅋㅋ",
    "rating": "10",
    "date": "13.04.19"
  },
  {
    "review_id": "7468852",
    "movie_id": "104884",
    "author": "ycm9****",
    "review": "와♥진영빠 완전 머싯어요♥!!!!",
    "rating": "10",
    "date": "13.04.19"
  },
  {
    "review_id": "7468316",
    "movie_id": "104884",
    "author": "wmo0****",
    "review": "진영오빠연기짱!!!!완전귀요밍ㅋㅋ우와한녀대박ㅋ반전에반전ㅋㅋㅋㅋ완전재미있어요ㅎㅎ",
    "rating": "10",
    "date": "13.04.19"
  },
  {
    "review_id": "7468120",
    "movie_id": "104884",
    "author": "rkdg****",
    "review": "진영데스까♥♥♥♥♥♥♥♥♥♥♥",
    "rating": "10",
    "date": "13.04.19"
  },
  {
    "review_id": "7468103",
    "movie_id": "104884",
    "author": "omj1****",
    "review": "진영빠쨩!!",
    "rating": "10",
    "date": "13.04.19"
  },
  {
    "review_id": "7468050",
    "movie_id": "104884",
    "author": "sunh****",
    "review": "대박 재밌네여ㅎㅎ 진영오빠 연기도 멋있고 다들 연기 잘하시는것같아요 ㅎ",
    "rating": "10",
    "date": "13.04.19"
  },
  {
    "review_id": "7467676",
    "movie_id": "104884",
    "author": "jiba****",
    "review": "박성웅엄청좋음ㅋㅋㅋㅋㅋㅋㅋ이번에게이연기라닠ㅋㅋㅋㅋㅋㅋ신세계랑우와한녀대박ㅋㅋㅋㅋㅋ",
    "rating": "10",
    "date": "13.04.19"
  }
]