[
  {
    "review_id": "10277097",
    "movie_id": "104816",
    "author": "hyew****",
    "review": "나오재누ㅏ니투다안늧덩",
    "rating": "10",
    "date": "15.08.26"
  },
  {
    "review_id": "10257266",
    "movie_id": "104816",
    "author": "terr****",
    "review": "종합 평점은 7점 드립니다.",
    "rating": "7",
    "date": "15.08.21"
  },
  {
    "review_id": "10256891",
    "movie_id": "104816",
    "author": "cash****",
    "review": "이 영화의 과학적 상상력이 그다지 초월적이지 못한 것은 아쉬운 점이다. 하지만, 이 영화가 말하는 것은 특이점 이후의 초월적인 기술변화가 아니다. 이 영화는 그 초월적인 변화조차 초월해 버리는 것에 대해서 이야기한다.",
    "rating": "10",
    "date": "15.08.21"
  },
  {
    "review_id": "10230705",
    "movie_id": "104816",
    "author": "dlax****",
    "review": "과감한 설정이지만 보여주고자 하는 것들을 제대로 못 보여준 것 같고 공감이 가지 않는다.",
    "rating": "5",
    "date": "15.08.14"
  },
  {
    "review_id": "10220955",
    "movie_id": "104816",
    "author": "kpcc****",
    "review": "좀 더 거창할 것 같더니, 결말이 좀 지지부진한 느낌이다.",
    "rating": "6",
    "date": "15.08.12"
  },
  {
    "review_id": "10214391",
    "movie_id": "104816",
    "author": "ehc0****",
    "review": "이런영화가 10점 받아야지 ㄷㄷ",
    "rating": "10",
    "date": "15.08.10"
  },
  {
    "review_id": "10214343",
    "movie_id": "104816",
    "author": "shre****",
    "review": "드물게 평론가들 평에 동의하는 영화",
    "rating": "5",
    "date": "15.08.10"
  },
  {
    "review_id": "10196577",
    "movie_id": "104816",
    "author": "minb****",
    "review": "너무 재밌게 잘봤어요~ 평점이 그리 높지 않아서 기대 안했는데 여운이 많이 남네요.. 내용이 신선하고 한번 쯤 보셔도 후회 안하실꺼 같아요! 끝에가서는 울었네요 재밌습니다^~^",
    "rating": "10",
    "date": "15.08.07"
  },
  {
    "review_id": "10169594",
    "movie_id": "104816",
    "author": "cs_w****",
    "review": "현대인들에게 한번쯤 생각해 볼만한 화두를 던져주는 좋은 영화 같다",
    "rating": "9",
    "date": "15.08.01"
  },
  {
    "review_id": "10140777",
    "movie_id": "104816",
    "author": "ngop****",
    "review": "인류의 이상실현을 위해 기술발전을 해야하는 이유",
    "rating": "10",
    "date": "15.07.25"
  },
  {
    "review_id": "10134776",
    "movie_id": "104816",
    "author": "dbsc****",
    "review": "적당한 비현실이 좋았다.실현가능한걸까? 싶은건 나름의 과학적 사고가 존재했고, 과학요소로 인해 다소 딱딱한 느낌이 들기도 하나 인물들간의 긴장감, 애정들로 인해 오로지 SF가 아닌 판타지 느낌도 든다.다만 인물들의 극적인 감정변화와 관계도가 아쉬웠다.",
    "rating": "9",
    "date": "15.07.23"
  },
  {
    "review_id": "10124862",
    "movie_id": "104816",
    "author": "gndy****",
    "review": "정말 최고다...오랜만에 생각의 유희를 즐겼다..",
    "rating": "10",
    "date": "15.07.21"
  },
  {
    "review_id": "10120562",
    "movie_id": "104816",
    "author": "penn****",
    "review": "뭔가 의미 부여를 하고 싶었겠지만 이렇게 런닝 타임을 길게 할 필요가 있나 싶다.",
    "rating": "6",
    "date": "15.07.19"
  },
  {
    "review_id": "10111679",
    "movie_id": "104816",
    "author": "almo****",
    "review": "나노입자야말로 신의 입자였네",
    "rating": "6",
    "date": "15.07.17"
  },
  {
    "review_id": "10105122",
    "movie_id": "104816",
    "author": "shim****",
    "review": "유명한 배우와 CG가 아니였음 그저 그런 B급 영화로 남았을 영화.",
    "rating": "6",
    "date": "15.07.14"
  },
  {
    "review_id": "10104225",
    "movie_id": "104816",
    "author": "josh****",
    "review": "애매하면서 재미있는 영화",
    "rating": "7",
    "date": "15.07.14"
  },
  {
    "review_id": "10103771",
    "movie_id": "104816",
    "author": "circ****",
    "review": "먼소리하는지 모르겠고 지루하다. 예상과 많이 다르다",
    "rating": "6",
    "date": "15.07.14"
  },
  {
    "review_id": "10090148",
    "movie_id": "104816",
    "author": "mylo****",
    "review": "조니뎁 너무 멋쪄요!! 미쳐버리겠네~~",
    "rating": "10",
    "date": "15.07.11"
  },
  {
    "review_id": "10080359",
    "movie_id": "104816",
    "author": "nany****",
    "review": "테러범 대장 여자만 좀 안나왔으면 더 재미있었겠구만 ㅡㅡ 진짜 눈에 거슬리노..",
    "rating": "7",
    "date": "15.07.08"
  },
  {
    "review_id": "10075626",
    "movie_id": "104816",
    "author": "sssy****",
    "review": "전체적으로 평점이 그다~지 높은게 아니라 살짝 불안했는데 다행히 재밌었음 깨닳게 해주는 영화이기두 하고...호불호는 좀 갈릴듯ㅠㅜ",
    "rating": "10",
    "date": "15.07.06"
  },
  {
    "review_id": "10048523",
    "movie_id": "104816",
    "author": "tpfk****",
    "review": "기대한만큼 실망이 컸던 영화..",
    "rating": "5",
    "date": "15.06.28"
  },
  {
    "review_id": "10020178",
    "movie_id": "104816",
    "author": "jomi****",
    "review": "크리스토퍼 놀란이 생각하는 미래학",
    "rating": "9",
    "date": "15.06.21"
  },
  {
    "review_id": "10005512",
    "movie_id": "104816",
    "author": "kwon****",
    "review": "정말 좋은 영화. 우리 사랑 그냥 좀 내버려 두세요.",
    "rating": "10",
    "date": "15.06.17"
  },
  {
    "review_id": "10005109",
    "movie_id": "104816",
    "author": "see1****",
    "review": "재밌어요~ 감동이예요",
    "rating": "7",
    "date": "15.06.16"
  },
  {
    "review_id": "10003618",
    "movie_id": "104816",
    "author": "heim****",
    "review": "이 영화는 인공지능이 아니라 인간의 유년기의 끝을 말하고 있다. 육체를 버린 인간이 인간으로서의 정체성을 가질 수 있을 것인가? 그 문제에 대한 또 다른 해답편중에 하나.",
    "rating": "10",
    "date": "15.06.16"
  },
  {
    "review_id": "10002763",
    "movie_id": "104816",
    "author": "hdy1****",
    "review": "허접한 메세지와 몰입 안되는 전개.  조니뎁이 나올 영화는 아닌듯.",
    "rating": "6",
    "date": "15.06.15"
  },
  {
    "review_id": "9994940",
    "movie_id": "104816",
    "author": "milk****",
    "review": "너무 앞서가지 않았나 쉽다... 이런 생각을 하는 내가 이런일이 과학적으로 이해할 수 있는 날 기대해보며....",
    "rating": "7",
    "date": "15.06.13"
  },
  {
    "review_id": "9988235",
    "movie_id": "104816",
    "author": "jang****",
    "review": "별 재미없었다..1010",
    "rating": "5",
    "date": "15.06.10"
  },
  {
    "review_id": "9988194",
    "movie_id": "104816",
    "author": "phan****",
    "review": "신나는 SF를 기대한다면 다른 영화를 추천! 생각할 거리가 있는 SF를 기대한다면 강추!",
    "rating": "8",
    "date": "15.06.10"
  },
  {
    "review_id": "9975189",
    "movie_id": "104816",
    "author": "futs****",
    "review": "트랜센던스 그저그랬음",
    "rating": "7",
    "date": "15.06.04"
  },
  {
    "review_id": "9971074",
    "movie_id": "104816",
    "author": "gunj****",
    "review": "이런 영화가 또 있을까 싶다",
    "rating": "10",
    "date": "15.06.02"
  },
  {
    "review_id": "9968000",
    "movie_id": "104816",
    "author": "urus****",
    "review": "조니뎁  주연의 B급 SF",
    "rating": "7",
    "date": "15.06.01"
  },
  {
    "review_id": "9965604",
    "movie_id": "104816",
    "author": "nshr****",
    "review": "정말 창의성이 돋보이는 영화였습니다. 어떻게 저런생각을 할수있나 할정도로요.다른 영화처럼 똑같은 내용을 주제로 하지않아서 특별감도들었구요. 그렇지만 뭔가 그내용에 흥미감을 더했으면 좋았을것같네요.",
    "rating": "8",
    "date": "15.05.31"
  },
  {
    "review_id": "9958656",
    "movie_id": "104816",
    "author": "wlvk****",
    "review": "좀 더  평점이 높아야 한다고 생각한다.",
    "rating": "10",
    "date": "15.05.29"
  },
  {
    "review_id": "9952616",
    "movie_id": "104816",
    "author": "wony****",
    "review": "문제는... 지루하고... 졸린다는데 있다...",
    "rating": "6",
    "date": "15.05.26"
  },
  {
    "review_id": "9952216",
    "movie_id": "104816",
    "author": "lees****",
    "review": "난 ㅍㅌㅊ로 그럭저럭 나쁘지않게봤다. 초반부는 정말루즈한게 단점. 아버지는 재미없으시다고 하시더라 ㅜ",
    "rating": "8",
    "date": "15.05.26"
  },
  {
    "review_id": "9941414",
    "movie_id": "104816",
    "author": "equa****",
    "review": "난 진심으로 이 영화가 나에게 큰 깨달음과 감동을 주었다고 생각했는데 흥행도 못하고 지루하다고만 하는 평점이...참.. 마지막장면이 얼마나 아름다웠는지 모르겠지",
    "rating": "10",
    "date": "15.05.23"
  },
  {
    "review_id": "9941147",
    "movie_id": "104816",
    "author": "kimt****",
    "review": "인간의 감정의 비논리성. 그것이 가진 인간미를 매우 훌륭하게 풀어낸 작품이다. 완벽함의 논리를 추구하는 현대사회이지만, 인간의 감정을 대신할 수 있는 것은 그 어디에도 존재하지 않는다. 감정을 느낀다는 것은 바로 살아있음의 증거이기에 감사한다.",
    "rating": "9",
    "date": "15.05.23"
  },
  {
    "review_id": "9921185",
    "movie_id": "104816",
    "author": "scbo****",
    "review": "주관적으로 바라보면 볼수록 개개인의 주관이 드러나게 되는 영화같다. 양면성을 보여줌에도 사람은 한쪽만 바라보게 된다. 열린 결말임에도 생각할 수 있게 해주어서 고맙다.",
    "rating": "8",
    "date": "15.05.16"
  },
  {
    "review_id": "9915803",
    "movie_id": "104816",
    "author": "hjs3****",
    "review": "이런 영화 너무 좋다. 정말.. 인공지능의 한계는 무한이며 무에서 유를 창조... ㅎㄷㄷ 무서우면서도 신기한 ㅋㅋㅋ 볼거리가 너무 많아서 한시도 눈을 뗄수 없었음. 강추b",
    "rating": "10",
    "date": "15.05.14"
  },
  {
    "review_id": "9914783",
    "movie_id": "104816",
    "author": "dbwl****",
    "review": "초월로서 다소 무리한 감이있는 영화이긴한데  둘의 사랑이 너무나 감동적입니다. 조니뎁이 죽어서도 한여자를 위한 꿈을 실현시키려고 한것과 그여자도 조니뎁을 잃지않기위해 기계적으로라도 업로드시킨것...결국 로미오와줄리엣처럼둘은사랑을이루엇습니다.죽어서도",
    "rating": "9",
    "date": "15.05.13"
  },
  {
    "review_id": "9913878",
    "movie_id": "104816",
    "author": "gyun****",
    "review": "최고의 영화 끝없는 여운을 주는 영화",
    "rating": "10",
    "date": "15.05.13"
  },
  {
    "review_id": "9913229",
    "movie_id": "104816",
    "author": "cori****",
    "review": "참 흥미롭게 봤다. 인간의 기억, 능력이 물질로 환원될 수 있다는 것이...",
    "rating": "9",
    "date": "15.05.12"
  },
  {
    "review_id": "9905847",
    "movie_id": "104816",
    "author": "dlql****",
    "review": "좀 더 무겁고 어두운 her이라고 생각하면 될것이다 어떻게 이런 영화가 탄생한걸까? 내 최고의 sf영화중 하나",
    "rating": "10",
    "date": "15.05.09"
  },
  {
    "review_id": "9905018",
    "movie_id": "104816",
    "author": "seon****",
    "review": "단순히 조니뎁과 크리스토퍼 놀란으로 시작된 영화였지만 끝에 다가갈수록 상상을 초월하는 여운과 생각을 남긴 영화",
    "rating": "10",
    "date": "15.05.09"
  },
  {
    "review_id": "9899128",
    "movie_id": "104816",
    "author": "just****",
    "review": "은유적이며 추상적인 역시 조니뎁 스타일! 영화니까 결말이 그런점 이해하지만 아마 현실이라면 그 인공지능이 처음부터 나였다고 말하는 거보면 공존의 실마리가 있지않았을까..? 윌이 윤리는 없는 것 같더라. 기계라.윤리와 양심을 가르쳤다면 아땠을까? 모른닼",
    "rating": "10",
    "date": "15.05.06"
  },
  {
    "review_id": "9898244",
    "movie_id": "104816",
    "author": "kang****",
    "review": "결정적으로, 정말 결정적으로 영화로서 기승전결과 재미가 없었다.",
    "rating": "8",
    "date": "15.05.05"
  },
  {
    "review_id": "9898107",
    "movie_id": "104816",
    "author": "ryok****",
    "review": "인간의 욕심은 끝이없고, 같은 실수를 반복한다.",
    "rating": "10",
    "date": "15.05.05"
  },
  {
    "review_id": "9881220",
    "movie_id": "104816",
    "author": "rygh****",
    "review": "보여주기 급급한 초월성, 갈수록 약발은 떨어진다.",
    "rating": "5",
    "date": "15.04.30"
  },
  {
    "review_id": "9878547",
    "movie_id": "104816",
    "author": "jiin****",
    "review": "sf 영화라기 보다는 심리스릴러에 가까운 영화입니다 똑똑한 사람들은 다른 사람들도 자기와 비슷한 수준이라 생각해서 중간 과정에 대한 설명을 건너뛰고 바로 결과만 말하는 경우가 많은데 그로 인해 많은 오해를 산다는걸 잘 보여준 영화입니다",
    "rating": "9",
    "date": "15.04.29"
  },
  {
    "review_id": "9876697",
    "movie_id": "104816",
    "author": "dci0****",
    "review": "킬링타임용으로 보면 나름재밋어요ㅋㅋ",
    "rating": "7",
    "date": "15.04.28"
  },
  {
    "review_id": "9866508",
    "movie_id": "104816",
    "author": "sims****",
    "review": "뭔가 덴마의 god's lover 랑 비슷한느낌..덴마의 고드는 한 여자를 위해 그 힘을 썼다면트랜센던스의 조니 뎁은 세계를 바꾸려 했죠만약 트랜센던스를 재밌게 보셨다면 덴마 god's lover도 한번쯤 보시는걸 추천해 드립니다!",
    "rating": "5",
    "date": "15.04.25"
  },
  {
    "review_id": "9860890",
    "movie_id": "104816",
    "author": "iss2****",
    "review": "생각을 해보게 되는 스토리..하지만 지루햇다",
    "rating": "6",
    "date": "15.04.23"
  },
  {
    "review_id": "9856283",
    "movie_id": "104816",
    "author": "bumm****",
    "review": "영화가 끝나고 나서 가만히 생각해보면 솔직히 전혀 신선하지 않은 소재. 게다가 억지스러운 구성까지.. 하지만 조니뎁과 폴베타니의 목소리만으로도 미친듯이 블랙홀처럼 작품에 빠져든다. 배우들의 연기도 일품. 작품성이 1점이라면 연기 9점 캐스팅 11점.",
    "rating": "10",
    "date": "15.04.22"
  },
  {
    "review_id": "9856187",
    "movie_id": "104816",
    "author": "geun****",
    "review": "누군가의 간절함으로인해 또 다른 누군가는 두려움을 느낀다..새로운것들이 생겨나고 발전해가면서의 대립되는 상황은 시대가 거듭될때마다 늘 당연시되는거같음. 근데 그게 인간이니까..;",
    "rating": "8",
    "date": "15.04.21"
  },
  {
    "review_id": "9851780",
    "movie_id": "104816",
    "author": "kkk2****",
    "review": "현재 인류 과학 기술에 대해 고민하게 되는 영화.",
    "rating": "10",
    "date": "15.04.18"
  },
  {
    "review_id": "9849308",
    "movie_id": "104816",
    "author": "asqz****",
    "review": "이해하기 힘든부분도 있긴했지만 영화는 꽤 괜찮았던것같았다",
    "rating": "10",
    "date": "15.04.17"
  },
  {
    "review_id": "9847174",
    "movie_id": "104816",
    "author": "wlak****",
    "review": "세상을 초월하는 한 사람의 선한 마음",
    "rating": "10",
    "date": "15.04.15"
  },
  {
    "review_id": "9838580",
    "movie_id": "104816",
    "author": "stze****",
    "review": "루시나 이거나 그냥 볼만은 했는데.. 황당했지.. 인간의 의식 - 업로드 - 컴퓨터 네트워크? - 신적인 존재??? 개연성이 좀 너무...",
    "rating": "5",
    "date": "15.04.10"
  },
  {
    "review_id": "9836815",
    "movie_id": "104816",
    "author": "jang****",
    "review": "아름다운 영상이 좋았다",
    "rating": "8",
    "date": "15.04.09"
  },
  {
    "review_id": "9832011",
    "movie_id": "104816",
    "author": "mji0****",
    "review": "좋은 소재 굉장한 배우들 소심한 카메라워크 욕심만 많던연출 결국 뻔한 반전으로 이어지는 설긴 이야기흐름.빈수레가 요란하고 속빈 강정이 기름져 보이듯 두 시간 정말 킬링타임. 내용은 진지하나 전달방법이 잘못된듯합니다.",
    "rating": "1",
    "date": "15.04.06"
  },
  {
    "review_id": "9826612",
    "movie_id": "104816",
    "author": "peng****",
    "review": "난 좋았음... 이영화",
    "rating": "10",
    "date": "15.04.04"
  },
  {
    "review_id": "9818960",
    "movie_id": "104816",
    "author": "kiri****",
    "review": "조니뎁이 너무 인간적으로 나와 인상깊었다. 항상 인간미 없는 모습만 하다가 기계가 돼서 인간미를 발산하는 배우라니 아이러니하다.ㅎㅎ 마지막에 주인공커플의 사랑이 애틋해서 정말 인상깊게 봤다. 사랑하고 싶다",
    "rating": "8",
    "date": "15.03.31"
  },
  {
    "review_id": "9816467",
    "movie_id": "104816",
    "author": "sang****",
    "review": "가나다라마바사아자차카타파하",
    "rating": "10",
    "date": "15.03.30"
  },
  {
    "review_id": "9804461",
    "movie_id": "104816",
    "author": "expr****",
    "review": "허영심과 똥폼만 가득한 영화. 인터스텔라같은  치밀한 스토리 텔링이 아쉽가다.",
    "rating": "1",
    "date": "15.03.25"
  },
  {
    "review_id": "9803488",
    "movie_id": "104816",
    "author": "self****",
    "review": "생각을 많이 하게 만드는 영화인데.. 결말이 좀 허무하다.. 미래에는 있을 법한 일...",
    "rating": "7",
    "date": "15.03.24"
  },
  {
    "review_id": "9802331",
    "movie_id": "104816",
    "author": "oojj****",
    "review": "미래에 정말 있음직한 이야기였다. 신선한 내용을 어렵지 않게 꾸몁다. 킬타임이 아니고 진진한 이야기다. 인간이 신의영역에 대한 도전은 끝나지 않는다는 것인가?",
    "rating": "8",
    "date": "15.03.23"
  },
  {
    "review_id": "9794997",
    "movie_id": "104816",
    "author": "seok****",
    "review": "스토리도 신선했고 연기도 무난햇는데 잘보다가 잉? 약간 마무리가 내 기준에선 안타까움..",
    "rating": "6",
    "date": "15.03.20"
  },
  {
    "review_id": "9794641",
    "movie_id": "104816",
    "author": "jypa****",
    "review": "몇 년이 지나도 다시 찾게 될 영화.",
    "rating": "10",
    "date": "15.03.20"
  },
  {
    "review_id": "9791000",
    "movie_id": "104816",
    "author": "ices****",
    "review": "뭐라해야하지; 소재는 좋은데 영화가 재미없음.. 걍 보면 알게되요ㅋ 별점은 6-7점이 적당하다고 생각함^!^",
    "rating": "1",
    "date": "15.03.18"
  },
  {
    "review_id": "9782061",
    "movie_id": "104816",
    "author": "wnp6****",
    "review": "과학과 윤리의 구도를 잘 나타냈지만 밋밋한 전개는 어쩔 도리가 없네",
    "rating": "9",
    "date": "15.03.14"
  },
  {
    "review_id": "9777894",
    "movie_id": "104816",
    "author": "swal****",
    "review": "음 어떤느낌이냐면 이건 마치",
    "rating": "10",
    "date": "15.03.13"
  },
  {
    "review_id": "9771853",
    "movie_id": "104816",
    "author": "gwal****",
    "review": "소재는 좋았다. 하지만 너무 평이한 진행과 갈등을 최고조시키지 못한점이 아쉽다. 그 결과 초 중반까지는 흥미로웠으나 이후는 별로. 판만 잘짜고 제대로 수습못한기분?",
    "rating": "6",
    "date": "15.03.11"
  },
  {
    "review_id": "9771655",
    "movie_id": "104816",
    "author": "ohjo****",
    "review": "인간의 착각,두려움때문에 벌어지는일들을 느끼게해줌",
    "rating": "10",
    "date": "15.03.11"
  },
  {
    "review_id": "9771287",
    "movie_id": "104816",
    "author": "cybe****",
    "review": "이런 개 명작을 봤나~ 10점준 영화 몇개없다.",
    "rating": "10",
    "date": "15.03.10"
  },
  {
    "review_id": "9769431",
    "movie_id": "104816",
    "author": "jyan****",
    "review": "상상의 나래를 펼치다 과부하에 걸린 인공지능",
    "rating": "4",
    "date": "15.03.09"
  },
  {
    "review_id": "9764423",
    "movie_id": "104816",
    "author": "lull****",
    "review": "흥미로운 주제지만 무척 루즈하다.",
    "rating": "3",
    "date": "15.03.07"
  },
  {
    "review_id": "9763212",
    "movie_id": "104816",
    "author": "wosj****",
    "review": "여자앤 졸았지만 난 똘망똘망하게 다 봤따.",
    "rating": "8",
    "date": "15.03.07"
  },
  {
    "review_id": "9762513",
    "movie_id": "104816",
    "author": "jhju****",
    "review": "너무기대가컸나 그냥그냥그러네요",
    "rating": "6",
    "date": "15.03.07"
  },
  {
    "review_id": "9761753",
    "movie_id": "104816",
    "author": "inth****",
    "review": "뇌과학의 먼 미래가 이런 모습일까? 영화 초반에 나왔던 대사. '영혼이란 무엇인가' 이 문장이 심상치 않게 다가온다. 흥미진진한 그렇지만 다소 공포스러운 소재가 아닐 수 없다. 단순한 SF영화로 그치지 않고 인간의 의식이란 무엇인가 하는 질문이 남는다",
    "rating": "7",
    "date": "15.03.07"
  },
  {
    "review_id": "9758902",
    "movie_id": "104816",
    "author": "emiy****",
    "review": "존잼이던데ㅎㅎ강추입니다.",
    "rating": "10",
    "date": "15.03.05"
  },
  {
    "review_id": "9757196",
    "movie_id": "104816",
    "author": "imdo****",
    "review": "결말을 이상하게 해석하시는 분들이 많은듯. 부부의 의식이 자신들만의 안식처에서 영원히 의지하며 살아간다는 것인데 말이죠.",
    "rating": "10",
    "date": "15.03.05"
  },
  {
    "review_id": "9756818",
    "movie_id": "104816",
    "author": "acoy****",
    "review": "신이되고자 했던 이유는 둘 만의 사랑이였나",
    "rating": "6",
    "date": "15.03.05"
  },
  {
    "review_id": "9756453",
    "movie_id": "104816",
    "author": "frui****",
    "review": "마누라 통수로 인생 망하는 내용  결혼하지마   여초사이트에서 보면 부들부들 떨내용임",
    "rating": "1",
    "date": "15.03.04"
  },
  {
    "review_id": "9754879",
    "movie_id": "104816",
    "author": "deed****",
    "review": "딱 5점짜리 영화. 사람 죽이던 AI 헤이터 애들이 끝까지 비호감 .도덕성에 갈피를 못잡는 영화",
    "rating": "5",
    "date": "15.03.03"
  },
  {
    "review_id": "9752274",
    "movie_id": "104816",
    "author": "knew****",
    "review": "보고난 이후 미래에 대한 깊은 생각을 하게끔 하는 영화.",
    "rating": "10",
    "date": "15.03.02"
  },
  {
    "review_id": "9745386",
    "movie_id": "104816",
    "author": "xoxo****",
    "review": "글쎄... 뭔가 싱거움",
    "rating": "6",
    "date": "15.02.28"
  },
  {
    "review_id": "9743019",
    "movie_id": "104816",
    "author": "spri****",
    "review": "다루는 주제는 흥미롭지만 그것을 다루는 상상력 은 그닥...그래도 이왕 만드는거 더 깊이에 더 욕심을 냈으면 어땠을까? 흔한 오락영화로는 준수.",
    "rating": "6",
    "date": "15.02.27"
  },
  {
    "review_id": "9736944",
    "movie_id": "104816",
    "author": "alsw****",
    "review": "감독이 촬영감독 출신이라 촬영하나는 예술이다.",
    "rating": "6",
    "date": "15.02.25"
  },
  {
    "review_id": "9736258",
    "movie_id": "104816",
    "author": "bae5****",
    "review": "안보면 후회할영화이다",
    "rating": "10",
    "date": "15.02.25"
  },
  {
    "review_id": "9734343",
    "movie_id": "104816",
    "author": "swan****",
    "review": "아이디어도 참신하고 배우들도 스타급들인데 어쩜 이렇게 연출을 못했을까.. 여러모로 아쉬운 영화네요",
    "rating": "7",
    "date": "15.02.24"
  },
  {
    "review_id": "9730656",
    "movie_id": "104816",
    "author": "kyra****",
    "review": "흔하지 않은소재를 흔하지 않은 스토리 전개로. 신선하고 재밌었음",
    "rating": "10",
    "date": "15.02.23"
  },
  {
    "review_id": "9728559",
    "movie_id": "104816",
    "author": "072v****",
    "review": "재미없게 본 사람도 있을 수있는 것은 당연하다. 그런데 이 영화를 재미 없게 봤다고 해서 생각이 없다는 식으로 몰아가는 것은 다양성을 인정하지 못하는 자기 수준을 보여주는 것이다. 영화의 메시지 그 이상을 알고 있지만 영화 자체가 지루한 감이 있었다",
    "rating": "5",
    "date": "15.02.22"
  },
  {
    "review_id": "9726045",
    "movie_id": "104816",
    "author": "inev****",
    "review": "평점이 왜 이렇게 낮은지 모르겠네요",
    "rating": "10",
    "date": "15.02.22"
  },
  {
    "review_id": "9722793",
    "movie_id": "104816",
    "author": "modi****",
    "review": "별 재미가 없었습니다. 쩝",
    "rating": "6",
    "date": "15.02.21"
  },
  {
    "review_id": "9716932",
    "movie_id": "104816",
    "author": "holl****",
    "review": "헐리웃 SF영화는 정말 범접할 수 없을정도임.. 정말 재밌네요",
    "rating": "10",
    "date": "15.02.20"
  },
  {
    "review_id": "9710691",
    "movie_id": "104816",
    "author": "rlat****",
    "review": "이 영화를 보고 생각이 바뀌었다",
    "rating": "10",
    "date": "15.02.18"
  },
  {
    "review_id": "9706234",
    "movie_id": "104816",
    "author": "namb****",
    "review": "끝까지 진지하게 보게되는 영화. 윌이 꿈꾸던 미래는 과연 인류에게 꼭 필요한 것이었을까?",
    "rating": "8",
    "date": "15.02.17"
  },
  {
    "review_id": "9705213",
    "movie_id": "104816",
    "author": "sylp****",
    "review": "보는 내내 답답했다. 과학의 부작용을 지적하는것도 좋지만 애들이나 문돌이가 보기에 과학은 나쁜것이야 하는 이미지를 만들어 우월감 느낄까 기분 나쁨. 내가 주인공이었다면 저렇게 안했을텐데, 억지 테러집단 만든것도 문돌이스러운 구도였음",
    "rating": "10",
    "date": "15.02.17"
  },
  {
    "review_id": "9704965",
    "movie_id": "104816",
    "author": "jeen****",
    "review": "her 만큼 고민이 깊어지는 영화",
    "rating": "8",
    "date": "15.02.17"
  }
]