[
  {
    "review_id": "8176244",
    "movie_id": "104861",
    "author": "subs****",
    "review": "다른 애니들은 내용이 너무 자극적이거나 억지교육적인데 비해 뽀잉은재미있는 내용에 자연스럽게 남을 도와주는 마음 친구간의 우정을 느낄수있어서 좋네요.",
    "rating": "10",
    "date": "13.11.29"
  },
  {
    "review_id": "8171078",
    "movie_id": "104861",
    "author": "mari****",
    "review": "놀이터를 컨셉으로 만들어서 그런지 아이들을 TV 앞에만 있게하지 않고, 놀이터에 관심을 주고, 좀더 활동적이게 만들어서 좋은것 같아요. 아이들에게 정말 유익하네요.동물 캐릭터들도 너무 귀엽고 사랑스럽네요.  뽀잉 ~앞으로도 뽜이팅!!!",
    "rating": "10",
    "date": "13.11.27"
  },
  {
    "review_id": "7874765",
    "movie_id": "104861",
    "author": "saku****",
    "review": "협동해서 문제를 해결해나가는 모습이 인상깊어요 ! 변신하는 캐릭터들도 개성넘치구요 !",
    "rating": "10",
    "date": "13.08.13"
  },
  {
    "review_id": "7874758",
    "movie_id": "104861",
    "author": "magn****",
    "review": "뽀로로 지겹다고 싫어하던 조카 틀어주니 시간가는줄 모르고 보네요 덕분에 방해받지 않고 즐거운 시간 보냈어요 ㅎㅎ",
    "rating": "10",
    "date": "13.08.13"
  },
  {
    "review_id": "7874754",
    "movie_id": "104861",
    "author": "love****",
    "review": "뽀잉뽀잉~ 귀엽고 재밌어요!!",
    "rating": "10",
    "date": "13.08.13"
  },
  {
    "review_id": "7325727",
    "movie_id": "104861",
    "author": "nina****",
    "review": "뽀잉 재밌다 !!",
    "rating": "10",
    "date": "13.03.05"
  },
  {
    "review_id": "7325725",
    "movie_id": "104861",
    "author": "pjyw****",
    "review": "허당구조대 ㅋㅋㅋ 재미지네요",
    "rating": "10",
    "date": "13.03.05"
  },
  {
    "review_id": "7325723",
    "movie_id": "104861",
    "author": "wooz****",
    "review": "구조대가 정말 볼매에요 ㅋㅋㅋ",
    "rating": "10",
    "date": "13.03.05"
  },
  {
    "review_id": "7325722",
    "movie_id": "104861",
    "author": "taey****",
    "review": "놀이터구조대 출똥!!!",
    "rating": "10",
    "date": "13.03.05"
  },
  {
    "review_id": "7325720",
    "movie_id": "104861",
    "author": "muns****",
    "review": "파이팅 뽀잉!!!!",
    "rating": "10",
    "date": "13.03.05"
  },
  {
    "review_id": "7325717",
    "movie_id": "104861",
    "author": "tehi****",
    "review": "완전 잼나요!! 뽀잉~ 뽀잉~ ♬",
    "rating": "10",
    "date": "13.03.05"
  },
  {
    "review_id": "7323970",
    "movie_id": "104861",
    "author": "lemo****",
    "review": "조카가 완전 좋아해요!!",
    "rating": "10",
    "date": "13.03.04"
  }
]