[
  {
    "review_id": "7342653",
    "movie_id": "104890",
    "author": "oakt****",
    "review": "너무도 아름답다. 포스터부터 시작해서 정말 소름끼치는 영화. 근데 좀 더 상영관을 늘렸으면ㅠㅜ",
    "rating": "10",
    "date": "13.03.12"
  },
  {
    "review_id": "7342651",
    "movie_id": "104890",
    "author": "dkss****",
    "review": "최고다. 완벽히 프랑스 영화 답다.",
    "rating": "10",
    "date": "13.03.12"
  },
  {
    "review_id": "7338437",
    "movie_id": "104890",
    "author": "yang****",
    "review": "진짜 재미없다..",
    "rating": "1",
    "date": "13.03.10"
  }
]