[
  {
    "review_id": "8171899",
    "movie_id": "104863",
    "author": "tjrg****",
    "review": "박선영 연기 너무못한다 잘나가는남편이랑 결혼하더니",
    "rating": "1",
    "date": "13.11.27"
  },
  {
    "review_id": "7924608",
    "movie_id": "104863",
    "author": "tea2****",
    "review": "나를 궁금하게 만드는 너는 도댜체 모냐고.. 궁금해서 빨빨리 하루가 지나갔으면....배우님들 힘내세요!!",
    "rating": "9",
    "date": "13.08.26"
  },
  {
    "review_id": "7912149",
    "movie_id": "104863",
    "author": "meta****",
    "review": "드라마는 어차피 \" 막장이다.. 종이 한장차이 하지만 정말 제밌다..",
    "rating": "10",
    "date": "13.08.22"
  },
  {
    "review_id": "7848234",
    "movie_id": "104863",
    "author": "jmh1****",
    "review": "한나영이 부사장딸이라고 나섰을때 팔찌하나로 자기딸이라 인정하는부분 넘이해가안가요머리카락한가닥이면바로확인되는데..답답 글구 회상장면 넘많아요",
    "rating": "6",
    "date": "13.08.06"
  },
  {
    "review_id": "7818686",
    "movie_id": "104863",
    "author": "anne****",
    "review": "살인범으로 나온 배우..너무 멋지네요! 바나나먹는 모습까지 멋져요!! 악역인데 반했어요^^",
    "rating": "10",
    "date": "13.08.02"
  },
  {
    "review_id": "7812071",
    "movie_id": "104863",
    "author": "031x****",
    "review": "미친사랑열혈팬입니다ㅋㅋ 한나영팬이기도하구 요즘 더악해지는것같아서 아쉽습니다ㅠㅠ 미친사랑배우님들 끝까지힘내세요!",
    "rating": "7",
    "date": "13.08.01"
  },
  {
    "review_id": "7802059",
    "movie_id": "104863",
    "author": "lemt****",
    "review": "그동안 재밌게 보고 있었는데.. 한나영의 말도안돼는 악행이 너무 비현실적이네요..핏줄도 몰라보는 세상..처럼 보이고.. 점점 지겨워 지네요 전개도 너무 느리고 점점 스토리 이상해집니다. 작가님!!",
    "rating": "4",
    "date": "13.07.31"
  },
  {
    "review_id": "7799493",
    "movie_id": "104863",
    "author": "kjmj****",
    "review": "아~이거 뭐야  또 베끼기야 무슨 드라마 마다 다똑같은 소재에 따라쟁인거야 표절인가?!  참  짜증난다 에~~휴~",
    "rating": "1",
    "date": "13.07.30"
  },
  {
    "review_id": "7788419",
    "movie_id": "104863",
    "author": "whdw****",
    "review": "왜해령이한테는아무런조치도하지않죠?한나영은위조하고조작한게얼마나많은데저렇게멀정한거죠?매회답답하고화나네요.현실과는너무동떨어진스토리같아서흥미가점점떨어집니다.이러다가몇회안남기고권선징악으로서둘러마무리하겠죠..틀을좀깼으면좋겠습니다.",
    "rating": "1",
    "date": "13.07.26"
  },
  {
    "review_id": "7783151",
    "movie_id": "104863",
    "author": "red2****",
    "review": "저두 드라마사상 점점 악역을 응원해보긴 첨이네요, ;어떡케 미소는 불을질러도 용서하고 성폭행해도 용서하고 너무해요ㅠㅠ 4점이라두 준이유는 민재랑 나영이 해령이 경수 응원해주려고 4점 주고갑니다",
    "rating": "4",
    "date": "13.07.25"
  },
  {
    "review_id": "7782679",
    "movie_id": "104863",
    "author": "asks****",
    "review": "이젠 한나영 오해령 응원하면서 봐요..주인공답답해서..불질러도 용서..깽판처도 용서..납치당해도 용서..용서의 아이콘..ㅋ",
    "rating": "5",
    "date": "13.07.25"
  },
  {
    "review_id": "7782609",
    "movie_id": "104863",
    "author": "jaya****",
    "review": "막장이니 꼴보기 싫다니.. 그런말 할꺼면 안보면 되지않나요??? 막장이라면서도 보는건 무슨 심보??.. 해람이는 어케된건지 급 궁금해짐.. 갑자기 나타나는거 아냐???",
    "rating": "6",
    "date": "13.07.25"
  },
  {
    "review_id": "7781501",
    "movie_id": "104863",
    "author": "nimi****",
    "review": "잼있게보고는있는데 해람이 어케된거임?",
    "rating": "8",
    "date": "13.07.24"
  },
  {
    "review_id": "7777315",
    "movie_id": "104863",
    "author": "ssh4****",
    "review": "미소가 진짜 엄마라면 아직도 애를 잃은 슬픔에 넋이 반쯤 나가있어야 정상일텐데 남자에 미쳐서 저러는 꼴이 도대체 이해가 안간다. 극초반부엔 그나마 볼만했는데 요즘은 아주 가관",
    "rating": "1",
    "date": "13.07.23"
  },
  {
    "review_id": "7757048",
    "movie_id": "104863",
    "author": "dksg****",
    "review": "0개는 왜없나...말이필요없음 불륜미화조장드라마",
    "rating": "1",
    "date": "13.07.18"
  },
  {
    "review_id": "7747952",
    "movie_id": "104863",
    "author": "seon****",
    "review": "모두 불륜~ 어이없음없어진 딸은 이제 기억조차 안하고 사랑에 전전긍긍일처리는 답답하게하고 빈틈 투성!!고놈의 워킹맘 단어소리 아오 지겨워",
    "rating": "1",
    "date": "13.07.16"
  },
  {
    "review_id": "7745144",
    "movie_id": "104863",
    "author": "yuni****",
    "review": "별하나주기도 아깝네..작가가도대체누군지..참고참고 볼려해도  이젠  도저히 못보겠네요미소캐릭터도 정말 이해안가고..내용이정말 삼류이하입니다!",
    "rating": "1",
    "date": "13.07.15"
  },
  {
    "review_id": "7630119",
    "movie_id": "104863",
    "author": "mj70****",
    "review": "재밌었다가 지루하기도하면서 ㅡㅡ 이드라마는 박선영 해람이 김연주 최대훈?  4명이살리는듯",
    "rating": "8",
    "date": "13.06.12"
  },
  {
    "review_id": "7623015",
    "movie_id": "104863",
    "author": "lmmi****",
    "review": "잼서요~~~ 잼서~~",
    "rating": "10",
    "date": "13.06.10"
  },
  {
    "review_id": "7599756",
    "movie_id": "104863",
    "author": "tngh****",
    "review": "보고싶은 사람이 찾아서 보는것이지 사람에 취향에 다맞출수도없고 드라마를 취향맞게보시면되겟네요개인평점으로는 10점이에요 앞으로도 잘볼게요 그리고 돈이아까우시면 베이코리언즈에 무료로볼수잇으니 그것으로보시던가요 돈아깝다니 그런소리 함부로하는거아닙니다",
    "rating": "10",
    "date": "13.06.07"
  },
  {
    "review_id": "7580764",
    "movie_id": "104863",
    "author": "park****",
    "review": "너무잘보고있어요~^^근데허명자사장얼굴도부자연스럽고꼴보기싫어죽겟네!!!!!",
    "rating": "10",
    "date": "13.06.05"
  },
  {
    "review_id": "7578700",
    "movie_id": "104863",
    "author": "dmsm****",
    "review": "너무 잘 보고. 있읍니다. 화이팅",
    "rating": "10",
    "date": "13.06.04"
  },
  {
    "review_id": "7565267",
    "movie_id": "104863",
    "author": "koj4****",
    "review": "확실히 공중파와 틀리네요..별하나두아깝다..발연기 진부한스토리..최악에 드라마인듯..이걸돈주구보는사람이있다니ㅋㅋ작가가 누군지모르겠지만 이걸스토리라구..",
    "rating": "1",
    "date": "13.05.31"
  },
  {
    "review_id": "7551963",
    "movie_id": "104863",
    "author": "eodm****",
    "review": "드라마 때려치라아주 잃어버린 애로 몇십회를 우려먹고 질질 짤것 같으면 그냥 종영하고 치아뿌려라",
    "rating": "1",
    "date": "13.05.24"
  },
  {
    "review_id": "7544378",
    "movie_id": "104863",
    "author": "choi****",
    "review": "30분중에 절반이 회상하는거ㅡㅡ 너무질질끄네요 똑같은장면 몇번씩나오고첨엔재밌었는데 해람이 잃어버린이후로 너무 짜증나요재방송도 없어져서 일부러 쿡으로 돈주고보는데 돈너무아깝네요",
    "rating": "1",
    "date": "13.05.20"
  },
  {
    "review_id": "7543285",
    "movie_id": "104863",
    "author": "rlwj****",
    "review": "아주아주  잼나요 경수의 사랑이 커갈수록 제가슴도 마구마구  뛰는군요. 경수 넘 멋져요.근데 장인한테 걸리면 맞아죽을지도",
    "rating": "10",
    "date": "13.05.19"
  },
  {
    "review_id": "7529148",
    "movie_id": "104863",
    "author": "sara****",
    "review": "별 하나도 아깝네요.  이게 미치도록 죽겠는 사랑인가?  공중파고 케이블이고 왜 애들가지고 장난질이냐?  아무리 드라마지만 재수없다.",
    "rating": "1",
    "date": "13.05.15"
  },
  {
    "review_id": "7527657",
    "movie_id": "104863",
    "author": "mins****",
    "review": "넘지루해여편내용이다해람이ㅜㅜ해람이는정확히어떻게됫는지도안나오고 지루지루재밋게잘봐왔는데 짜증나려해여",
    "rating": "1",
    "date": "13.05.14"
  },
  {
    "review_id": "7527656",
    "movie_id": "104863",
    "author": "dksa****",
    "review": "미친사랑열혈팬인데너무지루해지네요ㅡㅡ오늘내용은걍혜람이죽엇네살앗네쫌후딱넘어갑시다",
    "rating": "1",
    "date": "13.05.14"
  },
  {
    "review_id": "7525932",
    "movie_id": "104863",
    "author": "mong****",
    "review": "아따~~애 찾는 걸로 질질끄네 그만 좀 넘어갑시다",
    "rating": "1",
    "date": "13.05.13"
  },
  {
    "review_id": "7519324",
    "movie_id": "104863",
    "author": "fall****",
    "review": "사랑과 전쟁 케이블판? 주인공들이 애처롭기도 한데 아침에 보기에는 무리가 좀...^^;;",
    "rating": "5",
    "date": "13.05.10"
  },
  {
    "review_id": "7519115",
    "movie_id": "104863",
    "author": "reis****",
    "review": "보다 보다 지치고 자극적이고정말 말도 안돼는 막장 스토리정말 누가 드라마를 썼는지  작가이름 확인했다는장수원? 절대 이분 드라마는 안볼랍니다",
    "rating": "1",
    "date": "13.05.10"
  },
  {
    "review_id": "7516829",
    "movie_id": "104863",
    "author": "qkrw****",
    "review": "애 잊어버린걸로 너무 길게가는거 같아 쩜 짜증날라하네여쩜 적당히 끌고 애 찾아줍시다!",
    "rating": "3",
    "date": "13.05.09"
  },
  {
    "review_id": "7495988",
    "movie_id": "104863",
    "author": "love****",
    "review": "미친사랑 완전중독되서 보고있는 열혈팬입니다!드라마 원래 잘안챙겨보는데 미친사랑은 빠져들게 만드는 매력이 있어요! 끝까지 챙겨보고싶은 드라마!화이팅입니다↖(^o^)↗",
    "rating": "10",
    "date": "13.04.30"
  },
  {
    "review_id": "7481802",
    "movie_id": "104863",
    "author": "myp2****",
    "review": "박선영 주연이라 봅니다. 경수도 멋지고, 그 천사원 오빠도 멋져요.~미소가 빨리 행복하게 사랑하는 모습 보고 싶어요.",
    "rating": "10",
    "date": "13.04.25"
  },
  {
    "review_id": "7475716",
    "movie_id": "104863",
    "author": "aica****",
    "review": "재밌어요9시30분부터 tv앞에 있네요",
    "rating": "9",
    "date": "13.04.22"
  },
  {
    "review_id": "7458926",
    "movie_id": "104863",
    "author": "hwan****",
    "review": "막장드라마라고 생각해서 다 똑같겠지하고 봤는데 여러가지 소재들도 있고 재미있게 봤어요~ 경수도 멋있규 백재혁도 너무 멋있는거 같아요~ 배역에 맞게 의상도 이쁘고~ 굿굿 @-@b",
    "rating": "10",
    "date": "13.04.14"
  },
  {
    "review_id": "7448357",
    "movie_id": "104863",
    "author": "jang****",
    "review": "재밌어요 !!^^미소 종희 화이팅 !!",
    "rating": "10",
    "date": "13.04.10"
  },
  {
    "review_id": "7448018",
    "movie_id": "104863",
    "author": "wjdt****",
    "review": "노란복수초,유리가면보다 재밌는 것 같아요최대훈멋짐ㅋㄱ미소가 은주인거 알고 충격받는다던데ㅠㅠ",
    "rating": "10",
    "date": "13.04.10"
  },
  {
    "review_id": "7447862",
    "movie_id": "104863",
    "author": "lwh0****",
    "review": "잼있다 백재혁 멋지네",
    "rating": "10",
    "date": "13.04.10"
  },
  {
    "review_id": "7445282",
    "movie_id": "104863",
    "author": "kkar****",
    "review": "gu",
    "rating": "1",
    "date": "13.04.09"
  }
]