[
  {
    "review_id": "10273255",
    "movie_id": "105015",
    "author": "bunc****",
    "review": "상당히 재미있는 영화임에는 확실합니다. 조리가 안서는 부분, 이해가 안되는 부분이 꽤 있지만.",
    "rating": "10",
    "date": "15.08.25"
  },
  {
    "review_id": "10271425",
    "movie_id": "105015",
    "author": "vkrh****",
    "review": "와 진짜 재밌다 최근 본 영화중에 최고다 2시간 삭제됨",
    "rating": "10",
    "date": "15.08.24"
  },
  {
    "review_id": "10265609",
    "movie_id": "105015",
    "author": "namj****",
    "review": "별 생각없이 봤는데 몰입해서 봤고 끝부분은 약간 똥싸다 만 것 같은느낌",
    "rating": "8",
    "date": "15.08.23"
  },
  {
    "review_id": "10256720",
    "movie_id": "105015",
    "author": "bero****",
    "review": "몰입도가 좋다 재미잇다 2편 기대됨.",
    "rating": "9",
    "date": "15.08.21"
  },
  {
    "review_id": "10256533",
    "movie_id": "105015",
    "author": "awn_****",
    "review": "단점만큼 장점도 확실함. 박동하는 소년의 에너지를 잘 담아냈다. 그 점이 굉장히 매력적이다.",
    "rating": "8",
    "date": "15.08.20"
  },
  {
    "review_id": "10255538",
    "movie_id": "105015",
    "author": "pete****",
    "review": "야 원작 설정도 참 신선하고 영화도 진짜 핵꿀잼!!! 이거 진짜 비디오 게임으로 만들면 꿀잼이겠다~~~.",
    "rating": "10",
    "date": "15.08.20"
  },
  {
    "review_id": "10251958",
    "movie_id": "105015",
    "author": "0ee0****",
    "review": "좋았다 맘에 들었다 괜찮았다 좋았다",
    "rating": "8",
    "date": "15.08.19"
  },
  {
    "review_id": "10251572",
    "movie_id": "105015",
    "author": "soqu****",
    "review": "그냥 메이즈 러너2 예고편이다.",
    "rating": "6",
    "date": "15.08.19"
  },
  {
    "review_id": "10250269",
    "movie_id": "105015",
    "author": "zead****",
    "review": "제가 영화를 안 봤서 영화관을 않 가는데 처음으로 영화관을 가서 메이즈 러너를 보는데 기대  이상으로 진짜 진짜 재미있었어요 메이즈러너 2가 나온다고 하는데 엄청 기대되요 메이즈러너 2가 나오면 또 영화관 볼러갈려고요 !!",
    "rating": "10",
    "date": "15.08.19"
  },
  {
    "review_id": "10249196",
    "movie_id": "105015",
    "author": "ccor****",
    "review": "헝거게임,다이버전트 시리즈보단 훨씬 깔끔하고 재미잇다",
    "rating": "8",
    "date": "15.08.18"
  },
  {
    "review_id": "10246758",
    "movie_id": "105015",
    "author": "gato****",
    "review": "[쏘우] 이후 가장 애잔했던 죽은 척, 도도한 웃픈 반전.",
    "rating": "4",
    "date": "15.08.17"
  },
  {
    "review_id": "10243644",
    "movie_id": "105015",
    "author": "terr****",
    "review": "종합 평점은 7점 드립니다.",
    "rating": "7",
    "date": "15.08.17"
  },
  {
    "review_id": "10238690",
    "movie_id": "105015",
    "author": "bjh3****",
    "review": "재밌게 봤습니다 ㅎㅎ 후속이 무척이나 기대되네요",
    "rating": "9",
    "date": "15.08.16"
  },
  {
    "review_id": "10236717",
    "movie_id": "105015",
    "author": "bajj****",
    "review": "생존을 위해 익숙한것을 거부하고 아수라장을 헤치고 겨우 탈출했더니, 이 모든것이 날 인정해주던 직장상사의 배려였더니 인생 참 아이러니하내 , 그 직장 상사라는 사람 주인공 내면에서 무엇을 본 걸까? 2편이 기다려지는군",
    "rating": "10",
    "date": "15.08.15"
  },
  {
    "review_id": "10234920",
    "movie_id": "105015",
    "author": "into****",
    "review": "시스템 영화 지겨워서 8점",
    "rating": "8",
    "date": "15.08.15"
  },
  {
    "review_id": "10228314",
    "movie_id": "105015",
    "author": "kozi****",
    "review": "....추천추천합니다",
    "rating": "6",
    "date": "15.08.14"
  },
  {
    "review_id": "10227547",
    "movie_id": "105015",
    "author": "ssjc****",
    "review": "충분히볼만한영회임담편기대",
    "rating": "10",
    "date": "15.08.14"
  },
  {
    "review_id": "10205307",
    "movie_id": "105015",
    "author": "ungz****",
    "review": "긴박감 외에 남지 않는 묘사.",
    "rating": "6",
    "date": "15.08.09"
  },
  {
    "review_id": "10202351",
    "movie_id": "105015",
    "author": "hamm****",
    "review": "와 .. 나 전개가 지루할틈없이 재미있게 흘러가네 ... sf 스릴러중에 탑에 든다고 생각한다 ..",
    "rating": "9",
    "date": "15.08.08"
  },
  {
    "review_id": "10198523",
    "movie_id": "105015",
    "author": "keld****",
    "review": "재밌게 봣습니다. 메이즈러너!! 후속편도 기대담",
    "rating": "7",
    "date": "15.08.07"
  },
  {
    "review_id": "10196492",
    "movie_id": "105015",
    "author": "blac****",
    "review": "메이즈러넌데 미로 너무 안나오는거 아님???",
    "rating": "6",
    "date": "15.08.07"
  },
  {
    "review_id": "10195340",
    "movie_id": "105015",
    "author": "rltj****",
    "review": "상상 이상의 꿀잼 이었다. 한순간도 놓칠수없는 긴장과 미로의비밀. 밝혀졌을땐 헐!!??",
    "rating": "10",
    "date": "15.08.06"
  },
  {
    "review_id": "10192666",
    "movie_id": "105015",
    "author": "dksg****",
    "review": "와 진짜 나한테 유일하게 해리포터랑 동급인 유일한영화 의외로 널이 알려지지않아서 아쉬운..ㅜㅜㅜ",
    "rating": "10",
    "date": "15.08.06"
  },
  {
    "review_id": "10188274",
    "movie_id": "105015",
    "author": "sbwj****",
    "review": "재미있슴다음편도 기대된다",
    "rating": "6",
    "date": "15.08.05"
  },
  {
    "review_id": "10183783",
    "movie_id": "105015",
    "author": "dbal****",
    "review": "긴예고편을본거같다ㅎ",
    "rating": "8",
    "date": "15.08.04"
  },
  {
    "review_id": "10182679",
    "movie_id": "105015",
    "author": "ball****",
    "review": "으으으으 ㄱ여워 토마스내남편",
    "rating": "10",
    "date": "15.08.04"
  },
  {
    "review_id": "10182161",
    "movie_id": "105015",
    "author": "hoya****",
    "review": "이 영화 완전 대박 영화임 정말 잘만들고 재밌었음",
    "rating": "10",
    "date": "15.08.04"
  },
  {
    "review_id": "10175721",
    "movie_id": "105015",
    "author": "hhtj****",
    "review": "흥미진진하게 봤습니다. 후속작도 기대할께요",
    "rating": "10",
    "date": "15.08.02"
  },
  {
    "review_id": "10175526",
    "movie_id": "105015",
    "author": "atoz****",
    "review": "와 너무 재밌다 이런대 작을 이제야 보게 될줄이야 ㅠㅠ  근대 마지막에 척을 죽여야 했나 ㅠㅠ",
    "rating": "10",
    "date": "15.08.02"
  },
  {
    "review_id": "10175007",
    "movie_id": "105015",
    "author": "kimc****",
    "review": "미국드라마로 했으면되는데 굳이 영화로만든이유가 ..영화로 보기에는 매니악하고 개노잼이였고 제한된스토리에 다음편이있어야하는 영화 노잼 ; 액션이뛰어난것도아니고 그렇다고 스릴있지도않았음 그냥 딱미국드라마용",
    "rating": "1",
    "date": "15.08.02"
  },
  {
    "review_id": "10173404",
    "movie_id": "105015",
    "author": "lgh4****",
    "review": "개인적으로 원작 발끝에도 못미침",
    "rating": "1",
    "date": "15.08.02"
  },
  {
    "review_id": "10168628",
    "movie_id": "105015",
    "author": "fb12****",
    "review": "스릴만점 긴장감 백배 넘 재밌어요 꼭 보세요",
    "rating": "10",
    "date": "15.08.01"
  },
  {
    "review_id": "10159913",
    "movie_id": "105015",
    "author": "fati****",
    "review": "볼만한 영화구~ 이것저것 액션씬이 있긴한데... 별로..ㅎㅎ",
    "rating": "7",
    "date": "15.07.30"
  },
  {
    "review_id": "10158770",
    "movie_id": "105015",
    "author": "jame****",
    "review": "후반부에 몰입감이 상당했다. 초중반 스토리도 괜찮았음. 전반적으로 큐브 같은 느낌의 서스펜스 스릴러",
    "rating": "8",
    "date": "15.07.29"
  },
  {
    "review_id": "10158293",
    "movie_id": "105015",
    "author": "milk****",
    "review": "오프닝은 진짜 두근두근 거렸는데 그 뒤론 계속 지루했어요",
    "rating": "4",
    "date": "15.07.29"
  },
  {
    "review_id": "10156648",
    "movie_id": "105015",
    "author": "hmsi****",
    "review": "메이즈러너 2가 곧 개봉한다고 해서먼저 시리즈 3권의 책을사서 1권을 읽었는데 정말 책을 놓을수가 없을정도로 재미있게보고 2권을 읽기전에 1편 영화를 봤는데...정말 실망도 이런 실망이 ㅠㅠ책이 100이라면 영화는 50점이네요",
    "rating": "7",
    "date": "15.07.29"
  },
  {
    "review_id": "10156420",
    "movie_id": "105015",
    "author": "7606****",
    "review": "나만 재미없냐?,,, 스토리는 좀 흥미로운데 그닥 재밌지는 않음,,",
    "rating": "3",
    "date": "15.07.29"
  },
  {
    "review_id": "10154619",
    "movie_id": "105015",
    "author": "so34****",
    "review": "대박 존잼! 꿀잼! 2편기대된다",
    "rating": "9",
    "date": "15.07.28"
  },
  {
    "review_id": "10154533",
    "movie_id": "105015",
    "author": "gnlf****",
    "review": "꿀잼꿀잼 완죤 꿀잼 후속작이 기대되는 영화",
    "rating": "9",
    "date": "15.07.28"
  },
  {
    "review_id": "10152891",
    "movie_id": "105015",
    "author": "matc****",
    "review": "우리나라 평점 클라스 대단들하십니다  급작스러운 슬픔 전개서부터  오그라드는 연출까지ㅋㅋ 이미 검증된 스토리인만큼 탄탄하고 중반까지는 참 재밌었는데 점점 갈수록 바닥을 드러내는 감독 연출과 배우들 연기.. 평점 6~7점짜리 영화를 극찬들을 하시내요ㅉㅉ",
    "rating": "1",
    "date": "15.07.28"
  },
  {
    "review_id": "10150926",
    "movie_id": "105015",
    "author": "dndq****",
    "review": "완전 재밌네요 ㅎㅎ 2편 무지 기대됩니다",
    "rating": "10",
    "date": "15.07.27"
  },
  {
    "review_id": "10150799",
    "movie_id": "105015",
    "author": "choi****",
    "review": "이런내용 진짜 좋아 :) 돈 진짜 안아까운 영화 완전 사랑함 이기홍 멋집니다!",
    "rating": "10",
    "date": "15.07.27"
  },
  {
    "review_id": "10150731",
    "movie_id": "105015",
    "author": "hees****",
    "review": "평점 너무 높  책 이라면 이해되는데 감독 문제인듯시간되면 책 읽어보시길",
    "rating": "1",
    "date": "15.07.27"
  },
  {
    "review_id": "10149373",
    "movie_id": "105015",
    "author": "masu****",
    "review": "레알 개꿀잼 ㅆ꿀잼 ㅈ꿀잼",
    "rating": "10",
    "date": "15.07.27"
  },
  {
    "review_id": "10149221",
    "movie_id": "105015",
    "author": "ehdd****",
    "review": "재밋었어요 ㅋ 다음편도 보고싶음 ㅋ",
    "rating": "9",
    "date": "15.07.27"
  },
  {
    "review_id": "10149027",
    "movie_id": "105015",
    "author": "mool****",
    "review": "말이 필요없이 최고의 영화 ..",
    "rating": "1",
    "date": "15.07.27"
  },
  {
    "review_id": "10148502",
    "movie_id": "105015",
    "author": "suzz****",
    "review": "색다르고 재밌고 액션짱",
    "rating": "8",
    "date": "15.07.27"
  },
  {
    "review_id": "10146572",
    "movie_id": "105015",
    "author": "s0__****",
    "review": "재밌는데 마지막에 2편 예고도 하고 ㅎ",
    "rating": "10",
    "date": "15.07.26"
  },
  {
    "review_id": "10146355",
    "movie_id": "105015",
    "author": "vale****",
    "review": "이렇게 또 제작진에게 감사함을 느끼는 영화를 본다 얼마만인가 이 감정은",
    "rating": "10",
    "date": "15.07.26"
  },
  {
    "review_id": "10146121",
    "movie_id": "105015",
    "author": "ddd2****",
    "review": "갤리 ㅋㅋㅋ척마지막에 죽음...아쉽아쉽 정말재밋는 화다",
    "rating": "10",
    "date": "15.07.26"
  },
  {
    "review_id": "10140297",
    "movie_id": "105015",
    "author": "sb46****",
    "review": "가볍게 보기 좋은 영화! 후속작이 기대되는 영화입니다.",
    "rating": "8",
    "date": "15.07.25"
  },
  {
    "review_id": "10138681",
    "movie_id": "105015",
    "author": "phil****",
    "review": "원래 sf안좋아하는데 진짜 재밌었음 속편도기대된당♥",
    "rating": "10",
    "date": "15.07.24"
  },
  {
    "review_id": "10137480",
    "movie_id": "105015",
    "author": "gold****",
    "review": "운좋게 휴일에 볼수있던 영화중 비긴어게인이 아닌 이영화를 선택했던것은 몇안되는 인생의 선택이었습니다",
    "rating": "5",
    "date": "15.07.24"
  },
  {
    "review_id": "10136561",
    "movie_id": "105015",
    "author": "hyeo****",
    "review": "신선한 인물들과 뻔한 미로지만 뻔하지않고 흥미로운 영화 시즌2도 기대됩니다빨리 개봉되기를?",
    "rating": "10",
    "date": "15.07.24"
  },
  {
    "review_id": "10136128",
    "movie_id": "105015",
    "author": "sehe****",
    "review": "그리버 처음 나왔을땐 긴장감이 장난아니였는데 그 이후부턴 긴장감이 별루;; 하지만 시간은 빨리간듯. 한국계 배우 이기홍씨 비중이 많아서 좋았어요~끝부분은 어차피 2편으로 이어지기 때문에 아쉬운건 없었고. 2편 빨리 보고싶네요",
    "rating": "8",
    "date": "15.07.24"
  },
  {
    "review_id": "10134471",
    "movie_id": "105015",
    "author": "thda****",
    "review": "굉장히 재미있었습니다.",
    "rating": "10",
    "date": "15.07.23"
  },
  {
    "review_id": "10128637",
    "movie_id": "105015",
    "author": "ghd5****",
    "review": "전개도 매우 흥미진진했고 지루한 부분도 전혀 찾기힘들었네요척과 토마스의 우정이 제일 인상깊게 남았네요아쉽지만 후속편이 매우 기대됩니다이 영화에서 느낀점은변화 하는것을 두려워 하면 결코 무엇도 얻을 수 없다 라는 생각이 들었네요척 죽지말지..",
    "rating": "10",
    "date": "15.07.22"
  },
  {
    "review_id": "10127033",
    "movie_id": "105015",
    "author": "wonu****",
    "review": "너무참신한소재인거같음",
    "rating": "10",
    "date": "15.07.22"
  },
  {
    "review_id": "10124273",
    "movie_id": "105015",
    "author": "newf****",
    "review": "이정도면 아이디어나 이야기 전개도 괜찮은듯.",
    "rating": "8",
    "date": "15.07.20"
  },
  {
    "review_id": "10118608",
    "movie_id": "105015",
    "author": "yomi****",
    "review": "말이 필요없다 최근 어드벤처 서바이벌 영화중 단연 최고다!",
    "rating": "10",
    "date": "15.07.19"
  },
  {
    "review_id": "10117927",
    "movie_id": "105015",
    "author": "kaga****",
    "review": "스릴도 적당하게 있고 괜찮네요~후속편이 기대 되는 영화.",
    "rating": "8",
    "date": "15.07.18"
  },
  {
    "review_id": "10116056",
    "movie_id": "105015",
    "author": "tmdd****",
    "review": "내가 살면서 이렇게 많이보고 엄청재미있어하는거 처음이다 애들이 메이즈러너 메이즈러너라고 노래를 불르길래 봤는데 핵꿀잼 2편기대중!!! 토마스생스터본 이유도 있음ㅋㅋ",
    "rating": "10",
    "date": "15.07.18"
  },
  {
    "review_id": "10114227",
    "movie_id": "105015",
    "author": "rlat****",
    "review": "끝이 약간 아쉽,.네요",
    "rating": "7",
    "date": "15.07.17"
  },
  {
    "review_id": "10112642",
    "movie_id": "105015",
    "author": "yexp****",
    "review": "처음부터 끝날때까지  긴장하며 본 영화,  최고다",
    "rating": "10",
    "date": "15.07.17"
  },
  {
    "review_id": "10111909",
    "movie_id": "105015",
    "author": "fcup****",
    "review": "재밌네요. 후편이 기대됩니다.",
    "rating": "8",
    "date": "15.07.17"
  },
  {
    "review_id": "10109202",
    "movie_id": "105015",
    "author": "bpcd****",
    "review": "잼있게 잘봤어용~평점은 몇년뒤에쓰는거지만 ㅋㅋ",
    "rating": "10",
    "date": "15.07.16"
  },
  {
    "review_id": "10107715",
    "movie_id": "105015",
    "author": "5212****",
    "review": "고개가 갸우뚱하게되는 설정이나 장면들이 좀 있었지만 흥미롭게 봤습니다",
    "rating": "7",
    "date": "15.07.15"
  },
  {
    "review_id": "10107629",
    "movie_id": "105015",
    "author": "yous****",
    "review": "재미있다! 2탄도 기대됨! 몰입도 있게 봤어요~",
    "rating": "10",
    "date": "15.07.15"
  },
  {
    "review_id": "10106176",
    "movie_id": "105015",
    "author": "rud5****",
    "review": "너무너무너무재밌음9월이기다려짐",
    "rating": "10",
    "date": "15.07.15"
  },
  {
    "review_id": "10105357",
    "movie_id": "105015",
    "author": "extr****",
    "review": "유치할줄 알았는데 생각보다 볼만했다. 근데 결말을 좀 깔끔하게 맺어줬으면 하는 아쉬움이있다",
    "rating": "8",
    "date": "15.07.15"
  },
  {
    "review_id": "10105011",
    "movie_id": "105015",
    "author": "wns0****",
    "review": "..ㄴ...ㄷ..ㄷ...ㄷ..",
    "rating": "9",
    "date": "15.07.14"
  },
  {
    "review_id": "10103658",
    "movie_id": "105015",
    "author": "visi****",
    "review": "첨부터 궁금증 유발하는 것도 재밋고 영화보다는 미드같은느낌입니다.",
    "rating": "9",
    "date": "15.07.14"
  },
  {
    "review_id": "10103515",
    "movie_id": "105015",
    "author": "gmle****",
    "review": "뭐랄까..좀 애매하게 끝난 느낌이었어요",
    "rating": "6",
    "date": "15.07.14"
  },
  {
    "review_id": "10100332",
    "movie_id": "105015",
    "author": "chww****",
    "review": "두말이 필요없어요 그냥 최고에요",
    "rating": "10",
    "date": "15.07.13"
  },
  {
    "review_id": "10098902",
    "movie_id": "105015",
    "author": "hero****",
    "review": "킬링타임 그이상 재밌네요",
    "rating": "10",
    "date": "15.07.12"
  },
  {
    "review_id": "10098453",
    "movie_id": "105015",
    "author": "hyeo****",
    "review": "영화가 너무 색다르네요.소설을 영화화 한것중에 가장 이상적인 내용입니다.",
    "rating": "10",
    "date": "15.07.12"
  },
  {
    "review_id": "10084194",
    "movie_id": "105015",
    "author": "mega****",
    "review": "지루하지 않고 재밌네요 후속편이 기대됩니다.~",
    "rating": "8",
    "date": "15.07.09"
  },
  {
    "review_id": "10081242",
    "movie_id": "105015",
    "author": "gydu****",
    "review": "평론가분들 말도 일리있어요",
    "rating": "5",
    "date": "15.07.08"
  },
  {
    "review_id": "10080967",
    "movie_id": "105015",
    "author": "bebo****",
    "review": "볼만 하기는 한데 내가 기대한 영화에서 조금 벗어 나네",
    "rating": "8",
    "date": "15.07.08"
  },
  {
    "review_id": "10079457",
    "movie_id": "105015",
    "author": "jjjj****",
    "review": "굳굳 재밌었어요 ㅎㅎㅎ",
    "rating": "10",
    "date": "15.07.08"
  },
  {
    "review_id": "10079333",
    "movie_id": "105015",
    "author": "loui****",
    "review": "좋았다.좋았다.좋았어.",
    "rating": "10",
    "date": "15.07.08"
  },
  {
    "review_id": "10079017",
    "movie_id": "105015",
    "author": "top7****",
    "review": "나름 재밋고 솔직히 헝거게임만큼은 아니지만 다이버전트보단 재밋엇음",
    "rating": "8",
    "date": "15.07.07"
  },
  {
    "review_id": "10078980",
    "movie_id": "105015",
    "author": "simb****",
    "review": "토마스생스터나와서 기대하고 봤는데 역시. 2편도 기대할게요",
    "rating": "10",
    "date": "15.07.07"
  },
  {
    "review_id": "10078794",
    "movie_id": "105015",
    "author": "llem****",
    "review": "어서 2편이 개봉했으면 좋겠다! 민호 너무 좋다!",
    "rating": "9",
    "date": "15.07.07"
  },
  {
    "review_id": "10077003",
    "movie_id": "105015",
    "author": "chos****",
    "review": "이런 밀실류 영화가 맘에 듭니다",
    "rating": "10",
    "date": "15.07.07"
  },
  {
    "review_id": "10076343",
    "movie_id": "105015",
    "author": "redg****",
    "review": "잘정리된영화 잘만들영화입니다.",
    "rating": "8",
    "date": "15.07.06"
  },
  {
    "review_id": "10075958",
    "movie_id": "105015",
    "author": "euns****",
    "review": "오..재밌는데요 빨리 2가기다려지는군",
    "rating": "10",
    "date": "15.07.06"
  },
  {
    "review_id": "10073671",
    "movie_id": "105015",
    "author": "ykdi****",
    "review": "마지막의 비약과 감상주의 그리고 반전이 영화를 망쳤다.",
    "rating": "6",
    "date": "15.07.05"
  },
  {
    "review_id": "10071876",
    "movie_id": "105015",
    "author": "chhn****",
    "review": "그냥 볼만했음. 납득안가는장면도있었지만",
    "rating": "7",
    "date": "15.07.05"
  },
  {
    "review_id": "10071771",
    "movie_id": "105015",
    "author": "anwl****",
    "review": "진짜너무재밌다 2편기대해요",
    "rating": "10",
    "date": "15.07.05"
  },
  {
    "review_id": "10070906",
    "movie_id": "105015",
    "author": "notu****",
    "review": "정말로 재미있었습니다",
    "rating": "10",
    "date": "15.07.05"
  },
  {
    "review_id": "10068833",
    "movie_id": "105015",
    "author": "mook****",
    "review": "동기가 부족하다. 조만간 2가 나오겠네.",
    "rating": "6",
    "date": "15.07.04"
  },
  {
    "review_id": "10067820",
    "movie_id": "105015",
    "author": "jpop****",
    "review": "시간가는줄모르고 봄.",
    "rating": "9",
    "date": "15.07.04"
  },
  {
    "review_id": "10065080",
    "movie_id": "105015",
    "author": "sams****",
    "review": "고속도로 중심에서 역주행을 하다",
    "rating": "3",
    "date": "15.07.03"
  },
  {
    "review_id": "10062780",
    "movie_id": "105015",
    "author": "gusw****",
    "review": "재미있게보았습니다.",
    "rating": "8",
    "date": "15.07.02"
  },
  {
    "review_id": "10061603",
    "movie_id": "105015",
    "author": "dplu****",
    "review": "긴장감도 쩔고 반전도 많고 잘만들었다",
    "rating": "10",
    "date": "15.07.02"
  },
  {
    "review_id": "10059661",
    "movie_id": "105015",
    "author": "hdh0****",
    "review": "재미있는영화 잘봤습니다",
    "rating": "10",
    "date": "15.07.02"
  },
  {
    "review_id": "10059529",
    "movie_id": "105015",
    "author": "hing****",
    "review": "이렇게 재미있는게 왜 안떴지 이해가안됨 대박임!",
    "rating": "10",
    "date": "15.07.02"
  },
  {
    "review_id": "10058865",
    "movie_id": "105015",
    "author": "ahk1****",
    "review": "생각보다 재미있어요.... 후속이 기대되네요~",
    "rating": "7",
    "date": "15.07.01"
  },
  {
    "review_id": "10057893",
    "movie_id": "105015",
    "author": "baco****",
    "review": "완전 기대 됩니다 빨리 보고 싶다",
    "rating": "10",
    "date": "15.07.01"
  }
]