[
  {
    "review_id": "9878849",
    "movie_id": "105010",
    "author": "kiva****",
    "review": "굳이 변신슈츠 입어야  히어로가 아닙니다;;;히트했던 드라마인 각시탈 또한 제대로된 히어로물입니다;",
    "rating": "1",
    "date": "15.04.29"
  },
  {
    "review_id": "9856369",
    "movie_id": "105010",
    "author": "gusa****",
    "review": "Ocn에서 하는거 보는데....  황인영 슴가만 기억에 남는다....",
    "rating": "1",
    "date": "15.04.22"
  },
  {
    "review_id": "9856368",
    "movie_id": "105010",
    "author": "phk7****",
    "review": "중요한건 아빠의 마음입니다...",
    "rating": "10",
    "date": "15.04.22"
  },
  {
    "review_id": "9488729",
    "movie_id": "105010",
    "author": "jull****",
    "review": "난 재미있던데 ..? 은근 볼만했음 유치하긴했는데 그래도 쫌 감동적이였음ㅇㅇ 쪼끔 재미있는 부분도 있었음ㅇㅇ",
    "rating": "10",
    "date": "14.12.19"
  },
  {
    "review_id": "9463149",
    "movie_id": "105010",
    "author": "kac9****",
    "review": "연기도못하고 내용도쓰레기ㅋㅋ",
    "rating": "1",
    "date": "14.12.10"
  },
  {
    "review_id": "9257813",
    "movie_id": "105010",
    "author": "ekdl****",
    "review": "오정세가 안나왔으면 보지않았을거야...배우들의 연기마저 없었으면 오정세가 나와도 보다가 말았을거예요...결론은 오정세 사랑해요",
    "rating": "6",
    "date": "14.10.03"
  },
  {
    "review_id": "9149071",
    "movie_id": "105010",
    "author": "must****",
    "review": "지금보고있는데울고싶다..뻔한내용 택도없는개그에 갑툭튀하는감동짜내기는 그렇다치는데 아들아역 나올때마다 너무너무힘들드으...장담컨데 이거 혹시나하고 봐도되는6점대영화아님. 3점대영화...오정세 애도드림...",
    "rating": "1",
    "date": "14.08.31"
  },
  {
    "review_id": "8938922",
    "movie_id": "105010",
    "author": "kimj****",
    "review": "쓰레기 , 아역 연기 ㅈㄴ 못함 , 내용 존나유치 , 클리셰 범벅 , 전부인 클리셰 존나빡침",
    "rating": "1",
    "date": "14.07.21"
  },
  {
    "review_id": "8906167",
    "movie_id": "105010",
    "author": "seon****",
    "review": "대단한 영화이다 심형래가 그립고 또 그립다",
    "rating": "1",
    "date": "14.07.11"
  },
  {
    "review_id": "8781537",
    "movie_id": "105010",
    "author": "xpfl****",
    "review": "이영화 끝까지 안오글거리고 본사람이 진정한히어로다",
    "rating": "1",
    "date": "14.05.31"
  },
  {
    "review_id": "8739767",
    "movie_id": "105010",
    "author": "lkm7****",
    "review": "전 왠만하면 평점보고 재미없다해도 보는데 대부분재밌더라구요 이것도 그럴줄알고봤는데..진짜이거보다가 진심으로 토할뻔했어요 역겨울정도에요 평점 알바들 있긴있나보네 정말...근데..알바써도 노답...보지마세요 진심....오랜만에 역겨운영화하나나옴",
    "rating": "1",
    "date": "14.05.17"
  },
  {
    "review_id": "8733952",
    "movie_id": "105010",
    "author": "sumi****",
    "review": "오정세배우님덕분에 잘봤어요♥",
    "rating": "10",
    "date": "14.05.15"
  },
  {
    "review_id": "8722043",
    "movie_id": "105010",
    "author": "taei****",
    "review": "전 괜찮던데요...전체관람가라고 나와있자냐요 15세 영화를보지",
    "rating": "10",
    "date": "14.05.11"
  },
  {
    "review_id": "8705365",
    "movie_id": "105010",
    "author": "imk0****",
    "review": "영화시작과 동시에 잠이들었다알바 화이팅!!!",
    "rating": "1",
    "date": "14.05.05"
  },
  {
    "review_id": "8675328",
    "movie_id": "105010",
    "author": "bur3****",
    "review": "ㅋㅋㅋ 포스터만 봐도 쓰레기포스가 풍겨넘쳐흐르네",
    "rating": "1",
    "date": "14.04.26"
  },
  {
    "review_id": "8493197",
    "movie_id": "105010",
    "author": "joss****",
    "review": "하 젠장... 누구 파워레인저 비디오 없습니까? 그거 보는게 더 나을 것만 같네요.",
    "rating": "1",
    "date": "14.02.09"
  },
  {
    "review_id": "8431434",
    "movie_id": "105010",
    "author": "tn99****",
    "review": "분위기가 쌍팔년도 같애.. ;;",
    "rating": "3",
    "date": "14.01.26"
  },
  {
    "review_id": "8430363",
    "movie_id": "105010",
    "author": "ys99****",
    "review": "영화보다가 재미없어서 나온건 처음이네",
    "rating": "1",
    "date": "14.01.26"
  },
  {
    "review_id": "8424484",
    "movie_id": "105010",
    "author": "rla1****",
    "review": "어린애들 보라고 만든영화 맞는데 왜 토달냐.",
    "rating": "10",
    "date": "14.01.25"
  },
  {
    "review_id": "8397425",
    "movie_id": "105010",
    "author": "edea****",
    "review": "영혼 없는 리뷰와 지나치게 높은 평점만 봐도 알바가 있다는걸 증명하는 영화. 보통 차라리 없는것보다 있는게 낫다라는 말을 종종 하지만 이 영화는 그냥 없는게 나았겠네요. 애들도 이런건 안봅니다.",
    "rating": "1",
    "date": "14.01.19"
  },
  {
    "review_id": "8361783",
    "movie_id": "105010",
    "author": "rawj****",
    "review": "정말 감동적이고 잘 봤습니다.",
    "rating": "10",
    "date": "14.01.08"
  },
  {
    "review_id": "8358977",
    "movie_id": "105010",
    "author": "lkva****",
    "review": "억지감동+벡터맨수준 유치함이 빚어낸 최악의 영화. 마블/디씨 코믹의 화려한 액션이 판치는데 이런 유치뽕짝 80년대 히어로물이 될거라고 생각했나? 밤낮에 따라 다른 억지감동 히어로물은 이미 반칙왕에서 써먹었던거 아닌가? 이건 한국영화 역사의 퇴행이다",
    "rating": "1",
    "date": "14.01.07"
  },
  {
    "review_id": "8358824",
    "movie_id": "105010",
    "author": "dhwk****",
    "review": "알바하면 얼마받냐? 나도 하는곳좀 알려줘라",
    "rating": "1",
    "date": "14.01.07"
  },
  {
    "review_id": "8358449",
    "movie_id": "105010",
    "author": "anyo****",
    "review": "너무 유치해서 못봐주겠다",
    "rating": "2",
    "date": "14.01.07"
  },
  {
    "review_id": "8319482",
    "movie_id": "105010",
    "author": "dusl****",
    "review": "전 편집도 하기 전인 블라인드 시사회로 봤었는데 보면서 계속 탄식이 나오고 그냥 나가고 싶단 생각을 한건 이 영화가 처음이네요.... 시사회라 무료로 본 게 다행....",
    "rating": "1",
    "date": "13.12.29"
  },
  {
    "review_id": "8316630",
    "movie_id": "105010",
    "author": "lixu****",
    "review": "유치한 영화, 참 재미없네.",
    "rating": "2",
    "date": "13.12.28"
  },
  {
    "review_id": "8294144",
    "movie_id": "105010",
    "author": "sfan****",
    "review": "박철민이 주연이라는거 하나만으로 어떤영화인지 사이즈가 나온다..",
    "rating": "1",
    "date": "13.12.25"
  },
  {
    "review_id": "8289845",
    "movie_id": "105010",
    "author": "zxc1****",
    "review": "불치병에 걸린 아들을 위해 스스로 ‘썬더맨’이 되는 아버지의 이야기는 의미와 선의가 있지만 너무나 구식이고 진부하며 유치하고 지루하다.",
    "rating": "4",
    "date": "13.12.24"
  },
  {
    "review_id": "8283299",
    "movie_id": "105010",
    "author": "sjfk****",
    "review": "정말 정말 정말 쓰래기.",
    "rating": "1",
    "date": "13.12.23"
  },
  {
    "review_id": "8262251",
    "movie_id": "105010",
    "author": "yooh****",
    "review": "아이언맨보다 감동적인 영화",
    "rating": "10",
    "date": "13.12.21"
  },
  {
    "review_id": "8215110",
    "movie_id": "105010",
    "author": "drea****",
    "review": "가족이 보면 좋은 영화. 바로 그 영화다.",
    "rating": "8",
    "date": "13.12.15"
  },
  {
    "review_id": "8190080",
    "movie_id": "105010",
    "author": "arti****",
    "review": "어린이 영화도 아니고... 어른 영화도 아니고... 그렇다고 가족영화도 아닌...",
    "rating": "6",
    "date": "13.12.04"
  },
  {
    "review_id": "8189248",
    "movie_id": "105010",
    "author": "cruc****",
    "review": "오정세 데려가서 이거 밖에 못 만드나? 허..",
    "rating": "1",
    "date": "13.12.04"
  },
  {
    "review_id": "8186874",
    "movie_id": "105010",
    "author": "psh6****",
    "review": "존나 재미없다 진짜..",
    "rating": "1",
    "date": "13.12.03"
  },
  {
    "review_id": "8179192",
    "movie_id": "105010",
    "author": "kang****",
    "review": "아들로 나온 정윤석 군의 발연기에 손발이 다 오글거리고...몰입이 되다가도 발연기 보고 몰입이 안되는 더러운 상황이 발생한다...오정세가 좋아서 끝까지 보려고 했는데..",
    "rating": "1",
    "date": "13.11.30"
  },
  {
    "review_id": "8178770",
    "movie_id": "105010",
    "author": "tiep****",
    "review": "별 반개도 아깝다 도데체 무슨생각으로 만든 영화냐...ㅡㅡ;;",
    "rating": "1",
    "date": "13.11.30"
  },
  {
    "review_id": "8174784",
    "movie_id": "105010",
    "author": "park****",
    "review": "세상에는 자기가 영화를 찍어놓고 한번도 감상 안하는 감독이 존재한다는 사실을 알게해준 영화. 요즘에 몇몇 한국영화를 볼때마다 느끼는 거지만 그래도 우베볼이란 감독은 참으로 훌륭한 감독이었구나 라는 생각이 자주 든다...",
    "rating": "1",
    "date": "13.11.28"
  },
  {
    "review_id": "8173188",
    "movie_id": "105010",
    "author": "89ad****",
    "review": "아쉽네요...스토리도...구성도....이것저것 모두 다....",
    "rating": "1",
    "date": "13.11.28"
  },
  {
    "review_id": "8172385",
    "movie_id": "105010",
    "author": "gnlw****",
    "review": "어린이들도 싫어할 만한 영화~!",
    "rating": "1",
    "date": "13.11.28"
  },
  {
    "review_id": "8169905",
    "movie_id": "105010",
    "author": "dlad****",
    "review": "다시한번생각할수있게만드는 영화내요 강츄 합니다.",
    "rating": "10",
    "date": "13.11.26"
  },
  {
    "review_id": "8166359",
    "movie_id": "105010",
    "author": "neob****",
    "review": "어떤 상상을 하였는가..?? 별다른 가감없이 선택했다면 충분히 만족할 수 있엇으리라 본다 나름 재미있었고 그래서 즐거웠고 간만에 웃으며 엔딩을 봤구만..^^ 그래서 결론은 10점!^^/",
    "rating": "10",
    "date": "13.11.25"
  },
  {
    "review_id": "8154579",
    "movie_id": "105010",
    "author": "xx41****",
    "review": "감동주려고 만든 영화 같은데 웃기지도 않고 감동도없고.. 그냥 어린이용 히어로 물을 찍었으면 좀더  낫지 않았을까 하는 생각이",
    "rating": "4",
    "date": "13.11.20"
  },
  {
    "review_id": "8149679",
    "movie_id": "105010",
    "author": "chlc****",
    "review": "이거 스토리 딱봐도 웹툰 패밀리맨 따라했네 ㅉㅉ자기생각딸리니까 웹툰따라하다가 망함 ㅉㅉ 잘됫다 잘됫어 따라하는데 망해야지 ㅉ",
    "rating": "1",
    "date": "13.11.18"
  },
  {
    "review_id": "8146623",
    "movie_id": "105010",
    "author": "crea****",
    "review": "이런 영화에 어떻게 저런 진지한 연기를 했을까? 진짜 쪽팔렸겠네.. 애들 보라고 만든 영화도 아니고 어른 보라고 만든 영화도 아니고.. 진짜 이런 아동들도 오글거려할 영화에 정색하고 진지 연기 보여준 배우가 대단할뿐이다",
    "rating": "2",
    "date": "13.11.17"
  },
  {
    "review_id": "8144617",
    "movie_id": "105010",
    "author": "jgyr****",
    "review": "영화 자체는 유치하지만 마지막에 오정세씨의 울부짖는 연기를 보면서 감정이 북받쳐 눈물이 났다.  연기자들이 영화의 유치함을 충분히 막아준 느낌이다.",
    "rating": "7",
    "date": "13.11.16"
  },
  {
    "review_id": "8141204",
    "movie_id": "105010",
    "author": "lgic****",
    "review": "영화같지 않다. 3류 비디오 영화보다도 못하다. 왜 만들었는지 궁금하다.",
    "rating": "3",
    "date": "13.11.15"
  },
  {
    "review_id": "8141126",
    "movie_id": "105010",
    "author": "qwea****",
    "review": "한국판 아이어맨이냐 대놓고 따라하네",
    "rating": "1",
    "date": "13.11.15"
  },
  {
    "review_id": "8140227",
    "movie_id": "105010",
    "author": "pata****",
    "review": "그냥 한마디로 애들도 안볼것 같은 영화랄까요....잘못 봤네. ㅡㅡ",
    "rating": "3",
    "date": "13.11.15"
  },
  {
    "review_id": "8137751",
    "movie_id": "105010",
    "author": "yskk****",
    "review": "이건 머야??너무하자나...",
    "rating": "1",
    "date": "13.11.14"
  },
  {
    "review_id": "8135003",
    "movie_id": "105010",
    "author": "ldkl****",
    "review": "이게 영화냐? 영화야? 정말. 그냥 벡터맨 보는게 낫겠다",
    "rating": "1",
    "date": "13.11.13"
  },
  {
    "review_id": "8132425",
    "movie_id": "105010",
    "author": "mirj****",
    "review": "뭐야 이건~~~ 그냥 유치원생들을 위한 영화~ 차라리 우뢰매가 훨 재미있음..ㅋ",
    "rating": "1",
    "date": "13.11.11"
  },
  {
    "review_id": "8130963",
    "movie_id": "105010",
    "author": "jr87****",
    "review": "잭에스 보고 만든거 같은데 악당이 불지르려고 화염병 던져서 방안에 사람 머리에 맞는장면 하나 웃기고 지루 하더라구요.. 억지감동 짜내려고 마지막 병원에서 그장면도 좀 그렇고...",
    "rating": "1",
    "date": "13.11.10"
  },
  {
    "review_id": "8130601",
    "movie_id": "105010",
    "author": "sung****",
    "review": "재밌고 감동적인데  뭘그래  중간에 gta생각이 나긴함",
    "rating": "10",
    "date": "13.11.10"
  },
  {
    "review_id": "8125023",
    "movie_id": "105010",
    "author": "ario****",
    "review": "아동용 영화입니다..",
    "rating": "4",
    "date": "13.11.08"
  },
  {
    "review_id": "8123164",
    "movie_id": "105010",
    "author": "sanc****",
    "review": "안봐도 알것 같음... 솔직한 댓글 감사.",
    "rating": "1",
    "date": "13.11.08"
  },
  {
    "review_id": "8122859",
    "movie_id": "105010",
    "author": "1001****",
    "review": "투자자는 이 영화를 보고 어떤 느낌이 들었을까?",
    "rating": "1",
    "date": "13.11.07"
  },
  {
    "review_id": "8122532",
    "movie_id": "105010",
    "author": "seon****",
    "review": "아!이영화를어떡한답니까요..ㅎㅎㅎ미안한말인데애들을위한영화도못되는듯.애들맘을잘모르겠지만 제생각엔..마지막부분에 오정세씨오열하며우는씬연기땜에그나마4점줍니다..설마개봉작인데했네..",
    "rating": "4",
    "date": "13.11.07"
  },
  {
    "review_id": "8122147",
    "movie_id": "105010",
    "author": "adiv****",
    "review": "중학생이하의 어린이를 위한영화...  라스트 반전에서 감동이 아니라 욕 나왔음.",
    "rating": "3",
    "date": "13.11.07"
  },
  {
    "review_id": "8121104",
    "movie_id": "105010",
    "author": "anag****",
    "review": "오정세가 아깝다. 오정세 인터뷰하는거보니 이런맗이있드라. 지금은 주인공이지만 다음에는 주인공이 아니여도상관없다. 오정세도 좃망스멜을 느낀듯..중간에 \"딱딱한솜사탕\"드립은 웃음코드였나? 정말 재미없드라..평점 첨으로 써봄 6점도아깝다..",
    "rating": "2",
    "date": "13.11.07"
  },
  {
    "review_id": "8118021",
    "movie_id": "105010",
    "author": "velv****",
    "review": "낚였어. 영웅물도 아니야.",
    "rating": "1",
    "date": "13.11.06"
  },
  {
    "review_id": "8117013",
    "movie_id": "105010",
    "author": "jang****",
    "review": "평점이 6.59라.. 낮출려고  1줌..  솔직히 보기 힘든영화네요....",
    "rating": "1",
    "date": "13.11.05"
  },
  {
    "review_id": "8116487",
    "movie_id": "105010",
    "author": "jeus****",
    "review": "뭐야 난 이거 웹툰 패밀리맨을 영화화한 줄 알았는데 그게 아니였네~",
    "rating": "2",
    "date": "13.11.05"
  },
  {
    "review_id": "8116279",
    "movie_id": "105010",
    "author": "9006****",
    "review": "차라리 일본영화틱 하게 가지 그랬냐.",
    "rating": "1",
    "date": "13.11.05"
  },
  {
    "review_id": "8113458",
    "movie_id": "105010",
    "author": "nyan****",
    "review": "차라리 우뢰매때는 폭발하는 개성이라도 있었지... 진짜 너무한다 이거보느니 영구가 우뢰매변신하는거나 비디오로보시라",
    "rating": "1",
    "date": "13.11.03"
  },
  {
    "review_id": "8113182",
    "movie_id": "105010",
    "author": "fant****",
    "review": "분명히 유치하다. 그런데 오정세의 열연은 볼만하다. 아들의 머리를 밀어주며 단지 아들이 좋아하는 만화의 주제가를 불러줄 수 밖에 없는 아픔이란...대형 영화에 길들여진 입맛엔 안맞을지 몰라도 나름의 향취를 가진 요리(영화)가 아닐까.",
    "rating": "4",
    "date": "13.11.03"
  },
  {
    "review_id": "8112484",
    "movie_id": "105010",
    "author": "what****",
    "review": "영화를 단순히 까려고 까자면 다들 Diss를 하겠지만, 부정애를 스토리로 다뤄서 보여주고 싶었던 것 같고 간만에 본 배우 '신지수'를 봐서 반가웠던 거 같다. 설정이 막연 했고 스토리도 상상과 정상을 넘나들지만 나름 재밌게 봤던거 같다",
    "rating": "10",
    "date": "13.11.03"
  },
  {
    "review_id": "8110888",
    "movie_id": "105010",
    "author": "simk****",
    "review": "이게 재밌다고 하는 분은 알바 인정..",
    "rating": "3",
    "date": "13.11.02"
  },
  {
    "review_id": "8110434",
    "movie_id": "105010",
    "author": "junj****",
    "review": "이런 영화 찍을 돈으로 차라리 불우이웃을 도웁시다",
    "rating": "1",
    "date": "13.11.02"
  },
  {
    "review_id": "8109545",
    "movie_id": "105010",
    "author": "tpvl****",
    "review": "시도는 좋은데 다시는 이런 시도 하지마라. 망할걸 알고 하는 건 도전이 아니다.",
    "rating": "1",
    "date": "13.11.02"
  },
  {
    "review_id": "8109240",
    "movie_id": "105010",
    "author": "nome****",
    "review": "태어나서 처음으로 영화끝까지 다못보고 도중에 일어나서 나온영화. 정말 영화 웬만해선 졸더라도 끝까지 버티는대.. 이건좀 심하다 ㅡㅡ;;",
    "rating": "1",
    "date": "13.11.02"
  },
  {
    "review_id": "8109200",
    "movie_id": "105010",
    "author": "gjra****",
    "review": "이 영화에 대해선 할말ㅇ읎다",
    "rating": "1",
    "date": "13.11.02"
  },
  {
    "review_id": "8108288",
    "movie_id": "105010",
    "author": "wns8****",
    "review": "나쁘진않지만 메시지를심는부분이조금 과장됐다",
    "rating": "7",
    "date": "13.11.01"
  },
  {
    "review_id": "8107909",
    "movie_id": "105010",
    "author": "nba1****",
    "review": "너무한 허접함에 놀랐다.",
    "rating": "2",
    "date": "13.11.01"
  },
  {
    "review_id": "8106682",
    "movie_id": "105010",
    "author": "jjan****",
    "review": "80년대 시나리오, 배우들의 발연기등등, 외면받을 이유는 다분했다...",
    "rating": "2",
    "date": "13.11.01"
  },
  {
    "review_id": "8106161",
    "movie_id": "105010",
    "author": "jinb****",
    "review": "솔직히 유치하지만 감독이 의도한 메시지가 좋아서 평점은 좀 넉넉하게 줌; 초등학생 조카랑 같이 봤는데 조카는 재밌다고 함.",
    "rating": "6",
    "date": "13.11.01"
  },
  {
    "review_id": "8106132",
    "movie_id": "105010",
    "author": "dlar****",
    "review": "오정세는 연기 잘하는데 작품운이 없나?",
    "rating": "4",
    "date": "13.11.01"
  },
  {
    "review_id": "8105994",
    "movie_id": "105010",
    "author": "96yo****",
    "review": "요즘애들도 수준높아져서 이딴거안봄",
    "rating": "1",
    "date": "13.11.01"
  },
  {
    "review_id": "8104925",
    "movie_id": "105010",
    "author": "dlqh****",
    "review": "이럴수가... 뭐여 이 애들영화는... 8세도 안 보겠다... 배우들 집중 하나도 안 하는게 다 보이네 에효...",
    "rating": "1",
    "date": "13.10.31"
  },
  {
    "review_id": "8103172",
    "movie_id": "105010",
    "author": "ouoa****",
    "review": "재밌어요 좋은 영화고질리지도 않고 ♥ 재밌게 봤습니다.♥♥♥",
    "rating": "10",
    "date": "13.10.31"
  },
  {
    "review_id": "8103092",
    "movie_id": "105010",
    "author": "1hal****",
    "review": "아이들을 위한 좋은 영화~",
    "rating": "8",
    "date": "13.10.31"
  },
  {
    "review_id": "8102508",
    "movie_id": "105010",
    "author": "dnwl****",
    "review": "정 말 ! 속 터 지 는 영화 ...",
    "rating": "1",
    "date": "13.10.30"
  },
  {
    "review_id": "8102221",
    "movie_id": "105010",
    "author": "sola****",
    "review": "토요일날 영화 볼려고 했는데 평점보니 이 영화는 안봐야겠네... 돈아깝다는 말이 나온걸 보니...",
    "rating": "10",
    "date": "13.10.30"
  },
  {
    "review_id": "8100652",
    "movie_id": "105010",
    "author": "ysj0****",
    "review": "왜만들었냐ㅋㅋ티저때는 씨지도 나쁘진 않았던거 같던데 씨지도 폭망하고 내용도 걍ㅋㅋㅋ멸망ㅋ",
    "rating": "1",
    "date": "13.10.30"
  },
  {
    "review_id": "8100618",
    "movie_id": "105010",
    "author": "sjk6****",
    "review": "초등학생 아들도 중간에 보다 마네요 이런건 왜 찍었는지",
    "rating": "1",
    "date": "13.10.30"
  },
  {
    "review_id": "8100433",
    "movie_id": "105010",
    "author": "sunn****",
    "review": "모르고 봤는데 애들 영화네요 유치",
    "rating": "1",
    "date": "13.10.30"
  },
  {
    "review_id": "8099944",
    "movie_id": "105010",
    "author": "ckdg****",
    "review": "어우 제발.. 한국영화 어색한 효과음 들어간영화좀 안만들었으면 좋겠어..진짜 챙피해 죽겄다 ㅋㅋㅋ\"띠요옹\" ㅋㅋㅋ10분보고 바로 쓰레기직행",
    "rating": "1",
    "date": "13.10.29"
  },
  {
    "review_id": "8099841",
    "movie_id": "105010",
    "author": "kjk0****",
    "review": "영화보다 평점이 더 잼있다  영화는 빵점 평점은10점이렇게 재미있는 평점은 처음봤음  몇OO전 이순재님 젊었을때했던용가리가 더재미밌다   미친거죠",
    "rating": "10",
    "date": "13.10.29"
  },
  {
    "review_id": "8098765",
    "movie_id": "105010",
    "author": "happ****",
    "review": "진심 미취학 아동을 위한영화?? 요즘 애들도 이런영화는 안볼듯 이걸 본 시간이 아까워 화가나네요",
    "rating": "1",
    "date": "13.10.29"
  },
  {
    "review_id": "8098741",
    "movie_id": "105010",
    "author": "maxs****",
    "review": "90 년대 헐리우드 영화 솔드 아웃 (징글 올 더 웨이) 표절,.,.,.,. 감독 시키야,.,.,.,.,.니가 인간이야?",
    "rating": "1",
    "date": "13.10.29"
  },
  {
    "review_id": "8098665",
    "movie_id": "105010",
    "author": "cann****",
    "review": "어설픈것 같으면서도 어딘가 묘한 여운이 남는다어설픈 설정에서 시작한영환데 스토리전계가 나쁘지않다 약간 다른장르일뿐 재밌게봤다",
    "rating": "8",
    "date": "13.10.29"
  },
  {
    "review_id": "8098492",
    "movie_id": "105010",
    "author": "tmdw****",
    "review": "이영화의 제작의도는 아이들이 보는걸 중점으로 생각한다면 상당히잘만들었다고 생각한다. 영화란게 결코 쉽게만들어지는게 아니니까. 이영화를 비판할꺼면 그냥 할리우드 영화말고 딴의도로 비판하는게 어떠냐?",
    "rating": "7",
    "date": "13.10.29"
  },
  {
    "review_id": "8098399",
    "movie_id": "105010",
    "author": "mabu****",
    "review": "정말 안타까운 영화네요. 한국 영화에서 헐리웃  영웅물은어렵다 치더라도 한 아이에 아버지로써 동감대를 찾으려고 애를 써봐도 찾을수가 도저히 없네요. 아쉽다는 말밖에는...",
    "rating": "1",
    "date": "13.10.29"
  },
  {
    "review_id": "8098248",
    "movie_id": "105010",
    "author": "soof****",
    "review": "리얼스틸 정도의 완성도 였더라면...",
    "rating": "6",
    "date": "13.10.29"
  },
  {
    "review_id": "8098126",
    "movie_id": "105010",
    "author": "gall****",
    "review": "웃음, 감동, 재미 그 무엇하나 건질 수 없는 희대의 쓰레기.  배우들만 불쌍~  시나리오, 연출 최악!",
    "rating": "1",
    "date": "13.10.28"
  },
  {
    "review_id": "8096907",
    "movie_id": "105010",
    "author": "oops****",
    "review": "이 배우들로 이따위 영화를 만들다니... 감독이 대단하다",
    "rating": "1",
    "date": "13.10.28"
  },
  {
    "review_id": "8096615",
    "movie_id": "105010",
    "author": "ligh****",
    "review": "보려면 꼭 의리로 보세요.",
    "rating": "1",
    "date": "13.10.28"
  },
  {
    "review_id": "8096523",
    "movie_id": "105010",
    "author": "jinw****",
    "review": "정말 재미없습니다.... 시간 아깝네요..",
    "rating": "1",
    "date": "13.10.28"
  },
  {
    "review_id": "8096247",
    "movie_id": "105010",
    "author": "johe****",
    "review": "뭔가  되게유치하고  재미없어보임",
    "rating": "1",
    "date": "13.10.28"
  },
  {
    "review_id": "8096239",
    "movie_id": "105010",
    "author": "ns18****",
    "review": "내생에죄악의영화!이런쓰레기는한국영화사에두번다시는나와서는안된다!0점이없어서아쉽다",
    "rating": "1",
    "date": "13.10.28"
  },
  {
    "review_id": "8095852",
    "movie_id": "105010",
    "author": "yhj0****",
    "review": "영화자체는 유치하고 쓰레기일수 있지만 매일개그만 하던 오정세의 눈물연기를 너무 잘했어,,,",
    "rating": "8",
    "date": "13.10.28"
  }
]