[
  {
    "review_id": "10238585",
    "movie_id": "105013",
    "author": "whal****",
    "review": "여자 겁나 사랑스러운데 남자 장발...제발... 영화보는내내 머리잘라주고싶다는생각뿐... CG 약간 구린거말고는 나쁘지않음 내용도 약간 유치한데 재밌게본듯",
    "rating": "8",
    "date": "15.08.16"
  },
  {
    "review_id": "10151083",
    "movie_id": "105013",
    "author": "wodl****",
    "review": "원작소설 진짜 재밌게 보고, 영화도 난 괜찮은 것 같은데 평점이 낮네ㅋㅋ 다음 편 빨리 나왔으면 좋겠다ㅋㅋㅋ",
    "rating": "8",
    "date": "15.07.27"
  },
  {
    "review_id": "10135893",
    "movie_id": "105013",
    "author": "0510****",
    "review": "이거진짜최악..책만읽으세요 책읽으면서 상상했던 인물들이 전혀 아님..",
    "rating": "3",
    "date": "15.07.24"
  },
  {
    "review_id": "10126848",
    "movie_id": "105013",
    "author": "mrk3****",
    "review": "원작을 보면서 상상했던 이미지와 너무 다르다...많이 아쉬운 영화...특히 리사의 능력에 대해 언급이 이뤄지고, 극 끝에 3권 내용을 끌어다 온 걸 보니 2권 내용은 어떻게 할건지? 2권에서의 모험이 있어야 미아와 가까워지고 메이슨이 죽게되는데...",
    "rating": "5",
    "date": "15.07.21"
  },
  {
    "review_id": "10105797",
    "movie_id": "105013",
    "author": "misa****",
    "review": "기대없이 봤는데 진짜 개잼 특히 여주 로즈가 매력있게 나와서 몰입됨! 거기다 겁나유쾌",
    "rating": "10",
    "date": "15.07.15"
  },
  {
    "review_id": "10057715",
    "movie_id": "105013",
    "author": "nexi****",
    "review": "어처구니 없는 알바들 때문에 평점을 등록하게 되다니 ㅋ",
    "rating": "1",
    "date": "15.07.01"
  },
  {
    "review_id": "9953211",
    "movie_id": "105013",
    "author": "tori****",
    "review": "아기자기하니 귀엽네.",
    "rating": "6",
    "date": "15.05.27"
  },
  {
    "review_id": "9924694",
    "movie_id": "105013",
    "author": "di47****",
    "review": "원작소설이 정말 재밌습니다. 강추해요+.+",
    "rating": "10",
    "date": "15.05.17"
  },
  {
    "review_id": "9904550",
    "movie_id": "105013",
    "author": "dltm****",
    "review": "기대했던것보다 훨씬 더 재밌었고, 시간때우기용으로 가볍게보면 괜찮을것같고, 보통 뱀파이어영화들과는 달리 살짝의 특정요소들을 바꿔서 표현한덕분에 더 눈길을 끌었던것같다.",
    "rating": "10",
    "date": "15.05.08"
  },
  {
    "review_id": "9903823",
    "movie_id": "105013",
    "author": "stze****",
    "review": "평점 조작 좀 그만해라.. 로즈의 매력 포텐 아니면.. 1점에 가깝다",
    "rating": "4",
    "date": "15.05.08"
  },
  {
    "review_id": "9871748",
    "movie_id": "105013",
    "author": "sse0****",
    "review": "하다하다 이런 1점도 아까운 영화는 처음봄; 클레멘타인을 차라리 볼껄.. 진짜 타임킬링도 아까움",
    "rating": "1",
    "date": "15.04.26"
  },
  {
    "review_id": "9857185",
    "movie_id": "105013",
    "author": "ivan****",
    "review": "알바 많네 ㅋ 쓰레기 보는줄",
    "rating": "3",
    "date": "15.04.22"
  },
  {
    "review_id": "9856351",
    "movie_id": "105013",
    "author": "gopo****",
    "review": "가볍게 보기좋네요ㅎㅎ",
    "rating": "10",
    "date": "15.04.22"
  },
  {
    "review_id": "9855196",
    "movie_id": "105013",
    "author": "bles****",
    "review": "<트와일라잇>보다 훨씬 낫지만 말이 많다",
    "rating": "4",
    "date": "15.04.21"
  },
  {
    "review_id": "9841343",
    "movie_id": "105013",
    "author": "zxc1****",
    "review": "뱀파이어와 10대 코미디를 섞었지만, 둘 다 실패한다. 원작을 모르는 사람에겐 너무나 복잡한 기본 배경과 그럼에도 진부한 이야기는 흥미를 떨어뜨린다.",
    "rating": "4",
    "date": "15.04.12"
  },
  {
    "review_id": "9838068",
    "movie_id": "105013",
    "author": "djaj****",
    "review": "아놔 이러지 맙시다~ 이건 뭐...",
    "rating": "1",
    "date": "15.04.10"
  },
  {
    "review_id": "9836207",
    "movie_id": "105013",
    "author": "sksh****",
    "review": "원작만큼 재밌음. 하이틴 드라마로 친구들끼리 모여 보기에 딱 좋은 드라마~~~",
    "rating": "9",
    "date": "15.04.09"
  },
  {
    "review_id": "9836001",
    "movie_id": "105013",
    "author": "sjpu****",
    "review": "ㅋㅋㅋ 뱀파이어의 또 다른 매력일듯 ㅋㅋㅋ조이 더치 예쁘당",
    "rating": "10",
    "date": "15.04.09"
  },
  {
    "review_id": "9835998",
    "movie_id": "105013",
    "author": "insi****",
    "review": "뱀파이어는 역시나 재미나는 소재인듯! 이 영화도 가볍게 볼만하네~",
    "rating": "9",
    "date": "15.04.09"
  },
  {
    "review_id": "9835995",
    "movie_id": "105013",
    "author": "kata****",
    "review": "올가 쿠릴렌코 완전 좋아하는데! ㅎ  완죤 기대기대~",
    "rating": "9",
    "date": "15.04.09"
  },
  {
    "review_id": "9835986",
    "movie_id": "105013",
    "author": "yamy****",
    "review": "트와일라잇도 잼났는데- 요것도 새로운 재미가 있네요! 해리포터판 트와일라잇 삘이랄까?ㅋ",
    "rating": "9",
    "date": "15.04.09"
  },
  {
    "review_id": "9835983",
    "movie_id": "105013",
    "author": "sep2****",
    "review": "보기 시작하니 쭉 보게 되는 매력은 있는 듯. 트와일라잇과는 컨셉이 좀 달라요~ 영화보니 원작이 궁금하네요ㅋ",
    "rating": "9",
    "date": "15.04.09"
  },
  {
    "review_id": "9835975",
    "movie_id": "105013",
    "author": "k2a0****",
    "review": "원작 소설 잼나게 보았는데~ 편하게 즐기며 보기에 좋은 영화일듯!!",
    "rating": "8",
    "date": "15.04.09"
  },
  {
    "review_id": "9835937",
    "movie_id": "105013",
    "author": "yamm****",
    "review": "ㅋㅋㅋ내 취향이네...잼나겠당",
    "rating": "10",
    "date": "15.04.09"
  },
  {
    "review_id": "9835859",
    "movie_id": "105013",
    "author": "nino****",
    "review": "베스트셀러로 원작은 유명한 작품이죠. 한국에서 개봉하다니 극장용은 아니고 IPTV로 보기엔 쏠쏠한 재미가 있는 영화임. 약간 트왈라잇이랑 해리포터의 요소? 들이 섞인 영화정도",
    "rating": "8",
    "date": "15.04.09"
  }
]