[
  {
    "review_id": "8871818",
    "movie_id": "105005",
    "author": "appl****",
    "review": "짱재밋게봄 스토리전개짱",
    "rating": "10",
    "date": "14.06.30"
  },
  {
    "review_id": "8809242",
    "movie_id": "105005",
    "author": "kjh1****",
    "review": "완전재밌어강추다시봐도잼있고성유리천사같아!!!!",
    "rating": "10",
    "date": "14.06.07"
  },
  {
    "review_id": "8675625",
    "movie_id": "105005",
    "author": "lipe****",
    "review": "제목보고 막장인줄. 명작이라는게 함정... 이거 안본사람은 제목에 낚인 사람.",
    "rating": "9",
    "date": "14.04.27"
  },
  {
    "review_id": "8553147",
    "movie_id": "105005",
    "author": "mone****",
    "review": "나인 이후로 시간 가는줄 모르게 푹빠져본 드라마..5년만에 토렌토 시드가 없어서 돈내고 본 드라마..보는 동안 너무 즐거웠고 행복했다..",
    "rating": "9",
    "date": "14.03.03"
  },
  {
    "review_id": "8537507",
    "movie_id": "105005",
    "author": "6251****",
    "review": "짱짱!굿 좋아요!ㅎㅅㅎ",
    "rating": "10",
    "date": "14.02.25"
  },
  {
    "review_id": "8386766",
    "movie_id": "105005",
    "author": "wldb****",
    "review": "진짜 너무 재밋음 ㅠㅠㅠ",
    "rating": "10",
    "date": "14.01.16"
  },
  {
    "review_id": "7922649",
    "movie_id": "105005",
    "author": "dudt****",
    "review": "진짜 재밌서는데",
    "rating": "10",
    "date": "13.08.25"
  },
  {
    "review_id": "7875056",
    "movie_id": "105005",
    "author": "sunr****",
    "review": "뛰어난 작품성에비해 너무 시청률이낮아서 놀랏다.ㅡ",
    "rating": "10",
    "date": "13.08.13"
  },
  {
    "review_id": "7841707",
    "movie_id": "105005",
    "author": "alt5****",
    "review": "솔직히. 시청률이. 왜 낮았는지. 이해가 안간다 천년지애 이후 처음 본 성유리의 연기력은 180도 달라져있었다",
    "rating": "10",
    "date": "13.08.05"
  },
  {
    "review_id": "7800789",
    "movie_id": "105005",
    "author": "ayhd****",
    "review": "이렇게군더더기없이감동과재미를주는드라마정말오랜만이네요!넘침도모자람도없이아주완벽한작품에울고웃을수있어서더위도잊었네요!감사해요!출생의비밀팀♥",
    "rating": "10",
    "date": "13.07.30"
  },
  {
    "review_id": "7756177",
    "movie_id": "105005",
    "author": "nana****",
    "review": "굳굳",
    "rating": "10",
    "date": "13.07.18"
  },
  {
    "review_id": "7725099",
    "movie_id": "105005",
    "author": "lyw9****",
    "review": "오랜율언니팬이지만 드라마자체를설레며기다린건 오랜만이엇어요ㅎㅎ연기도미모도 굿다양한 연기변신을볼수잇엇던 따뜻한드라마..눈왕과함께 최고의드라마!",
    "rating": "10",
    "date": "13.07.11"
  },
  {
    "review_id": "7724894",
    "movie_id": "105005",
    "author": "deit****",
    "review": "원래 잘하던 연기를 이번 드라마로 확실하게 자리 잡은 성유리를 축하합니다. 유준상씨 갈소원양도 수고 했고요. 제목과 작가의 필력이 조금 아쉬웠 습니다.",
    "rating": "10",
    "date": "13.07.11"
  },
  {
    "review_id": "7709542",
    "movie_id": "105005",
    "author": "owj0****",
    "review": "영상들이 참 예뻤던 것 같아요~~~참 좋은 드라마였어요~~",
    "rating": "10",
    "date": "13.07.06"
  },
  {
    "review_id": "7709033",
    "movie_id": "105005",
    "author": "dkim****",
    "review": "내 인생 최고의 드라마!",
    "rating": "10",
    "date": "13.07.06"
  },
  {
    "review_id": "7701832",
    "movie_id": "105005",
    "author": "sky_****",
    "review": "정말 최고의 드라마에요~",
    "rating": "10",
    "date": "13.07.03"
  },
  {
    "review_id": "7691073",
    "movie_id": "105005",
    "author": "pera****",
    "review": "제가 본거 중에 베스트 오브 베스트 입니다. 너무 재밌었어요 ~~",
    "rating": "10",
    "date": "13.06.29"
  },
  {
    "review_id": "7685829",
    "movie_id": "105005",
    "author": "gksm****",
    "review": "다시보고 싶을 정도의 가족 드라마ㅜㅜ이제 무슨 낙으로 사나...너무 재밌었어요!!!",
    "rating": "10",
    "date": "13.06.28"
  },
  {
    "review_id": "7677580",
    "movie_id": "105005",
    "author": "gir9****",
    "review": "완전 재밌고 감동적이예요",
    "rating": "10",
    "date": "13.06.24"
  },
  {
    "review_id": "7676767",
    "movie_id": "105005",
    "author": "rkdt****",
    "review": "가슴이 뭉클해요 ㅠㅠㅠㅠㅠㅠ 최고!",
    "rating": "10",
    "date": "13.06.24"
  },
  {
    "review_id": "7675138",
    "movie_id": "105005",
    "author": "sog4****",
    "review": "완죤 재미있었어요 이때까지 본 드라마중 당연 최고!!!!!",
    "rating": "10",
    "date": "13.06.24"
  },
  {
    "review_id": "7675083",
    "movie_id": "105005",
    "author": "gear****",
    "review": "ㅠㅠ",
    "rating": "10",
    "date": "13.06.24"
  },
  {
    "review_id": "7674631",
    "movie_id": "105005",
    "author": "zxxz****",
    "review": "좋은드라마 따뜻한드라마엿습니다 ~~",
    "rating": "10",
    "date": "13.06.24"
  },
  {
    "review_id": "7674591",
    "movie_id": "105005",
    "author": "mjh1****",
    "review": "넘 재미있게 봤는데 벌써 끝이네요 내용도 구성도 대사도 연기도 모두 명품인 드라마였슴다 특히 유준상씨 연기 역시 기대를 저버리지 않았어요 이 드라마땜에 주말이 늘 가득찼는데~벌써부터 허전한 느낌이 드네요~T-T",
    "rating": "10",
    "date": "13.06.24"
  },
  {
    "review_id": "7674166",
    "movie_id": "105005",
    "author": "tyrh****",
    "review": "정말 이드라마를보면서 제 마음이흔들릴정도로 훈훈하네요",
    "rating": "10",
    "date": "13.06.23"
  },
  {
    "review_id": "7673644",
    "movie_id": "105005",
    "author": "isy_****",
    "review": "드라마 잘 안보는데 이건 재밋네요",
    "rating": "10",
    "date": "13.06.23"
  },
  {
    "review_id": "7672228",
    "movie_id": "105005",
    "author": "jinc****",
    "review": "재미네요 그저바라보다가 이드라마처럼재미써요 ㅋ",
    "rating": "10",
    "date": "13.06.23"
  },
  {
    "review_id": "7670074",
    "movie_id": "105005",
    "author": "chij****",
    "review": "?9주동안 내내 출생의비밀을 보면서 일주일의 스트레스가 확 풀렸는데 내일이 마지막이라니...... 특히 제가좋아하는 정이현(성유리)누나를 못보게되다니......  하지만 그동안 저에게 즐거움을 주신 출생의비밀 여러분들께 깊은 감사를드립니다.^^",
    "rating": "10",
    "date": "13.06.22"
  },
  {
    "review_id": "7662004",
    "movie_id": "105005",
    "author": "daip****",
    "review": "요즘 보기든문 내용의 드라마임",
    "rating": "10",
    "date": "13.06.21"
  },
  {
    "review_id": "7661210",
    "movie_id": "105005",
    "author": "tggu****",
    "review": "완전짱",
    "rating": "10",
    "date": "13.06.20"
  },
  {
    "review_id": "7657397",
    "movie_id": "105005",
    "author": "uni8****",
    "review": "너무재밌음ㅜ 이거끝나면 뭐봐야하나ㅜ 속상함",
    "rating": "10",
    "date": "13.06.19"
  },
  {
    "review_id": "7657128",
    "movie_id": "105005",
    "author": "ejdr****",
    "review": "색다르고 재밌음~ㅜㅜ현실이꼬여서슬프다우",
    "rating": "10",
    "date": "13.06.19"
  },
  {
    "review_id": "7656618",
    "movie_id": "105005",
    "author": "ksj5****",
    "review": "이미 일본에서 써먹었지만 능력 소재도 참신하고 아역 연기 까지 재미있었는데 후반부터 너무 개연성이랑 리얼리티 떨어지고 잃어버린 10년이란 기억을 어떻게 포장할지 궁금하다. 애시당초 남자주인공 캐릭터도 현실성 결여에 순수함을 빙자한 멍청함이 답답하다.",
    "rating": "3",
    "date": "13.06.19"
  },
  {
    "review_id": "7656480",
    "movie_id": "105005",
    "author": "skdl****",
    "review": "이래 재밌는데 시청률이 진짜 의외다 연속해서 보게대드만;",
    "rating": "10",
    "date": "13.06.19"
  },
  {
    "review_id": "7652463",
    "movie_id": "105005",
    "author": "dong****",
    "review": "그냥 명작 시청률이 이상할뿐...",
    "rating": "10",
    "date": "13.06.17"
  },
  {
    "review_id": "7652323",
    "movie_id": "105005",
    "author": "isad****",
    "review": "최고 드라마",
    "rating": "10",
    "date": "13.06.17"
  },
  {
    "review_id": "7651672",
    "movie_id": "105005",
    "author": "yihi****",
    "review": "너무 재미있어요!!! 끝까지의 긴장의 끈을 놓을 수가 없네요. 해피엔딩을 향해 갑시다!",
    "rating": "10",
    "date": "13.06.17"
  },
  {
    "review_id": "7651541",
    "movie_id": "105005",
    "author": "anna****",
    "review": "스토리도 좋지만  캐릭터가 참 좋았던 드라마예요. 특히 사랑앞에 딸앞에 너무 순수하고 바보 같은 홍경두 라는 인물은 배우 유준상님이 정말 잘 표현해 주신 것같아요. 믿고 보는 배우 유준상님이지 않나 싶네요.",
    "rating": "10",
    "date": "13.06.17"
  },
  {
    "review_id": "7645178",
    "movie_id": "105005",
    "author": "twin****",
    "review": "후반부까지 흥미진진 두고봐야 알겠지만 이현이 마음 돌아오는거같고 해피엔딩 예상되서 좋음. 좋은 마무리 기대",
    "rating": "10",
    "date": "13.06.16"
  },
  {
    "review_id": "7645149",
    "movie_id": "105005",
    "author": "wjda****",
    "review": "아...... 왜자꾸 성유리랑유준상이랑조미령 엮이는거지",
    "rating": "10",
    "date": "13.06.16"
  },
  {
    "review_id": "7643855",
    "movie_id": "105005",
    "author": "blac****",
    "review": "아 짜증나게 재밌네요~~뭐 이딴 드라마가 다 있남요!!! 그냥 시즌 2.3 마구 제작해 외국에도 마구 퍼줘요~ 코리아는 싸이만 있는게 아니라구~~",
    "rating": "10",
    "date": "13.06.15"
  },
  {
    "review_id": "7636678",
    "movie_id": "105005",
    "author": "sea_****",
    "review": "일요일 방송끝나면 바로 다음주 토요일을 기다리고 있다",
    "rating": "10",
    "date": "13.06.14"
  },
  {
    "review_id": "7625532",
    "movie_id": "105005",
    "author": "zzzz****",
    "review": "유준상이랑성유리 다시만낫으면좋겟다",
    "rating": "10",
    "date": "13.06.10"
  },
  {
    "review_id": "7625452",
    "movie_id": "105005",
    "author": "zzz9****",
    "review": "빨리15회보고싶다",
    "rating": "10",
    "date": "13.06.10"
  },
  {
    "review_id": "7621888",
    "movie_id": "105005",
    "author": "puil****",
    "review": "오늘 14회. 아버지와 딸의만남이 주제네요 ㅎㅎ 이거보고나면 기분 디기 좋아 ㅎㅎ",
    "rating": "10",
    "date": "13.06.10"
  },
  {
    "review_id": "7621242",
    "movie_id": "105005",
    "author": "milk****",
    "review": "감동",
    "rating": "10",
    "date": "13.06.09"
  },
  {
    "review_id": "7621140",
    "movie_id": "105005",
    "author": "qkrw****",
    "review": "이건 진짜 이렇게라도 안쓰면 너무 재밌어서 미칠 것 같습니다.이런 드라마가 시청률이8이라니ㅠㅠ이건 세상이 잘못된거야!",
    "rating": "10",
    "date": "13.06.09"
  },
  {
    "review_id": "7620688",
    "movie_id": "105005",
    "author": "hmds****",
    "review": "해듬이  너무 귀여워요ㅎㅎ유준상,성유리,갈소원 셋이 행복했으면.......근데 그걸 방해하는 여자 심연정이라는 사람 넘 꼽사리낀다..,.....",
    "rating": "9",
    "date": "13.06.09"
  },
  {
    "review_id": "7619174",
    "movie_id": "105005",
    "author": "fjr5****",
    "review": "성유리 ♥♥♥갈소원(예승이) 모 두  오래오래 출생의비밀 해주시길~시청륭10까지 가게 빌게요",
    "rating": "10",
    "date": "13.06.09"
  },
  {
    "review_id": "7618524",
    "movie_id": "105005",
    "author": "ppig****",
    "review": "출생의비밀을 본후 성유리 드라마 찾아보게되네요 성유리 앓이중이요 ㅎㅎ",
    "rating": "10",
    "date": "13.06.09"
  },
  {
    "review_id": "7615067",
    "movie_id": "105005",
    "author": "ljb4****",
    "review": "재벌가에 보이지 않는 뭔가가 있다",
    "rating": "10",
    "date": "13.06.09"
  },
  {
    "review_id": "7610868",
    "movie_id": "105005",
    "author": "wodm****",
    "review": "너무슬퍼요..ㅠㅠ 보는내내 운드라마가 이게처음..영화볼때처럼 계속눈물이났네요",
    "rating": "10",
    "date": "13.06.08"
  },
  {
    "review_id": "7610867",
    "movie_id": "105005",
    "author": "roof****",
    "review": "성유리진짜짜증난다. 뭐 캐릭터니까 본인은 아닐수있지만 일부러 떼놓는것도 짜증나고  그렇게 걱정되면 집을사주든가. 얼른 기억이 다 돌아와서 지가 했던행동 후회하는 것좀 나왔으면",
    "rating": "1",
    "date": "13.06.08"
  },
  {
    "review_id": "7610733",
    "movie_id": "105005",
    "author": "dong****",
    "review": "유준상 연기 최고다 진짜!!! 첨엔 별로였는데 우와~!!대박~!!연기.넘잘해요~!! 진짜~!! 보는내내 눈물이...ㅠ.ㅠ",
    "rating": "10",
    "date": "13.06.08"
  },
  {
    "review_id": "7607565",
    "movie_id": "105005",
    "author": "ezo1****",
    "review": "ㅠㅠ 진짜 넘잼쏘용",
    "rating": "10",
    "date": "13.06.07"
  },
  {
    "review_id": "7603466",
    "movie_id": "105005",
    "author": "ggom****",
    "review": "드라마  너무  재밓당",
    "rating": "10",
    "date": "13.06.07"
  },
  {
    "review_id": "7600876",
    "movie_id": "105005",
    "author": "mini****",
    "review": "난 이 드라마가 왜 시청률이 이것밖에 안되는지 이해가 안감 정말 재미있게 보고 있고 주말이 기다려집니다.",
    "rating": "10",
    "date": "13.06.07"
  },
  {
    "review_id": "7600468",
    "movie_id": "105005",
    "author": "tsp0****",
    "review": "나랑은 별로 맞지 않음..",
    "rating": "6",
    "date": "13.06.07"
  },
  {
    "review_id": "7589252",
    "movie_id": "105005",
    "author": "kpkk****",
    "review": "정말  막장드라마 아님!!  작가님이 말하고자하는것이 있음!!정말 연기 좋고 스토리 좋고 전개빠름!백년의 유산이랑 같이 붙었음 이겼을텐데안타까운드라마임",
    "rating": "10",
    "date": "13.06.06"
  },
  {
    "review_id": "7576084",
    "movie_id": "105005",
    "author": "ksna****",
    "review": "엄청 재미 있고 다시보아도 너무 잼있데~ 가슴을 울리 이야기  이현이와최국 만남 이번주도  잼있데~",
    "rating": "10",
    "date": "13.06.03"
  },
  {
    "review_id": "7575537",
    "movie_id": "105005",
    "author": "ssoo****",
    "review": "엄청 잼있어요 보고또봐도 가슴 찡해요",
    "rating": "10",
    "date": "13.06.03"
  },
  {
    "review_id": "7574152",
    "movie_id": "105005",
    "author": "suk9****",
    "review": "완전 또 울었네유~  어쩜 가슴이 거시기하고거시기하게 참거시기하네요  갈소원 우리딸맹큼 귀여워유~",
    "rating": "10",
    "date": "13.06.02"
  },
  {
    "review_id": "7574112",
    "movie_id": "105005",
    "author": "kooy****",
    "review": "진짜 재밋음",
    "rating": "10",
    "date": "13.06.02"
  },
  {
    "review_id": "7574088",
    "movie_id": "105005",
    "author": "rnad****",
    "review": "오늘도 어김없이 저를 울리시네요. 연기 정말 잘하셔서 집중하면서 보게되면 저도 모르게 빠져듭니다.  늘 행복하시고 좋은 일만 있고 앞으로 좋은 연기 많이 많이 보여주세요!1",
    "rating": "10",
    "date": "13.06.02"
  },
  {
    "review_id": "7570975",
    "movie_id": "105005",
    "author": "vhrt****",
    "review": "앜ㅋㅋㅋ ㅇㅅ즘드라마 다재미없고시시함ㅋㅋㅋㅋㅋㅋㅋ 최고다이순신이랑금나와라뜍딱빼곸ㅌㅋ!",
    "rating": "2",
    "date": "13.06.02"
  },
  {
    "review_id": "7570739",
    "movie_id": "105005",
    "author": "solo****",
    "review": "배우분들이 다 연기를 잘하셔서 몰입이 잘돼는것같아서넘좋고 주말만 기다려져요~~내일이 빨리 왔으면 좋겠어요~^^ 출생의 비밀♥♥♥♥♥ 짱♥·♥",
    "rating": "10",
    "date": "13.06.01"
  },
  {
    "review_id": "7570644",
    "movie_id": "105005",
    "author": "95ki****",
    "review": "최고다.시청률이 아쉽지만 정말 좋은드라마이다백년의유산은 내용이 추측한대로 흘러가서 재미가없었는데 이 드라마는 아니다.백년의 유산 보시는분들이 조금만 이드라마를 본다면 푹 빠져서 넘어올것으로 예상한다",
    "rating": "10",
    "date": "13.06.01"
  },
  {
    "review_id": "7570632",
    "movie_id": "105005",
    "author": "mdgh****",
    "review": "성유리님 잘보고있습니다~",
    "rating": "10",
    "date": "13.06.01"
  },
  {
    "review_id": "7570618",
    "movie_id": "105005",
    "author": "navy****",
    "review": "아~~낼이 너무 궁금해...너무 오랜만에  드라마에빠졌다",
    "rating": "10",
    "date": "13.06.01"
  },
  {
    "review_id": "7570274",
    "movie_id": "105005",
    "author": "tjsw****",
    "review": "성유리 화이팅~~성유리가 좋아서 출생의 비밀 1회부터본방사수한다.",
    "rating": "10",
    "date": "13.06.01"
  },
  {
    "review_id": "7568908",
    "movie_id": "105005",
    "author": "jjh1****",
    "review": "다음내용이 뭔지 궁금해 미쳐버리겠어~",
    "rating": "10",
    "date": "13.06.01"
  },
  {
    "review_id": "7560187",
    "movie_id": "105005",
    "author": "lkc5****",
    "review": "훈훈한드라마따뜻한드라마  막장이아나라서정말좋은드라마.",
    "rating": "10",
    "date": "13.05.28"
  },
  {
    "review_id": "7558180",
    "movie_id": "105005",
    "author": "hand****",
    "review": "따뜻하다",
    "rating": "10",
    "date": "13.05.27"
  },
  {
    "review_id": "7557639",
    "movie_id": "105005",
    "author": "semi****",
    "review": "제목만보면 막장인데.. 참 따뜻한 드라마 ㅡ많이 울었네유~~",
    "rating": "10",
    "date": "13.05.27"
  },
  {
    "review_id": "7557407",
    "movie_id": "105005",
    "author": "cws5****",
    "review": "재밌내유~",
    "rating": "10",
    "date": "13.05.27"
  },
  {
    "review_id": "7557037",
    "movie_id": "105005",
    "author": "jaag****",
    "review": "볼수록  재미있네요. . .  뭐  이런드라마가  다 있어?   볼때마다  궁굼하게  만드네요!",
    "rating": "10",
    "date": "13.05.26"
  },
  {
    "review_id": "7556925",
    "movie_id": "105005",
    "author": "ich0****",
    "review": "잼나유~ 나두 저런 딸래미 하나ㅜㅠ",
    "rating": "10",
    "date": "13.05.26"
  },
  {
    "review_id": "7556858",
    "movie_id": "105005",
    "author": "alsg****",
    "review": "ㅎㅎ좋은작품이네여 새로운발상이랄까?",
    "rating": "10",
    "date": "13.05.26"
  },
  {
    "review_id": "7556344",
    "movie_id": "105005",
    "author": "luxu****",
    "review": "재미있어요",
    "rating": "10",
    "date": "13.05.26"
  },
  {
    "review_id": "7555545",
    "movie_id": "105005",
    "author": "gogo****",
    "review": "좋은작품이네요",
    "rating": "9",
    "date": "13.05.26"
  },
  {
    "review_id": "7555537",
    "movie_id": "105005",
    "author": "amro****",
    "review": "매회 눈물 한바가지  ㅠㅠ 이렇게 울려도 되는 거야? 제목만 막장인 최고의 드라마! ps..8회분 촬영은 대부분 일산호수공원 목소리가 울리는 부분은 호수공원내 장항ic도로 밑. 다리너비가 길어서 목소리가 울립니다",
    "rating": "10",
    "date": "13.05.26"
  },
  {
    "review_id": "7555169",
    "movie_id": "105005",
    "author": "hoyo****",
    "review": "연기 괜찮네요^^ 잘 보고 있어요",
    "rating": "1",
    "date": "13.05.26"
  },
  {
    "review_id": "7554723",
    "movie_id": "105005",
    "author": "jtop****",
    "review": "내내 유준상 연기보고 같이 울었어용넘 연기 잘햐~♥",
    "rating": "10",
    "date": "13.05.25"
  },
  {
    "review_id": "7553394",
    "movie_id": "105005",
    "author": "sjak****",
    "review": "8회를보면서~  의문이 생겼네요 배경 장소는 야외인데 목소리가 목욕탕 처럼 울렸을까요",
    "rating": "8",
    "date": "13.05.25"
  },
  {
    "review_id": "7553288",
    "movie_id": "105005",
    "author": "ghkd****",
    "review": "매일 주말이 기달려지네요. 다들 연기 최고이고 성유리와 갈소원 너무 좋아요!",
    "rating": "10",
    "date": "13.05.25"
  },
  {
    "review_id": "7552478",
    "movie_id": "105005",
    "author": "9917****",
    "review": "잘 보고 잇어요 ~~~~  ^^",
    "rating": "10",
    "date": "13.05.24"
  },
  {
    "review_id": "7549759",
    "movie_id": "105005",
    "author": "ggae****",
    "review": "흔한 소재를 색다른 방법으로 깊이 있게, 동시에 속도감있게 풀어내는 전개방식, 매력적인 캐릭터, 예상치 못한 반전까지..매 번 볼때마다 재미도 재미지만 마음이 따뜻해져서 매주 기다리게 되네요. 마지막까지 이 흐름 그대로 이어지면 좋겠습니다.",
    "rating": "9",
    "date": "13.05.23"
  },
  {
    "review_id": "7548633",
    "movie_id": "105005",
    "author": "real****",
    "review": "환상의 커플 이후로 7년만에 폭풍 시청중이시다. 역시나 성유리 특유의 웃을때 톤이 너무 조으다 조으다",
    "rating": "10",
    "date": "13.05.22"
  },
  {
    "review_id": "7546534",
    "movie_id": "105005",
    "author": "ash6****",
    "review": "넘 좋아요~~~^^",
    "rating": "10",
    "date": "13.05.21"
  },
  {
    "review_id": "7546229",
    "movie_id": "105005",
    "author": "2201****",
    "review": "사랑합니당~~~♥♥♥♥♥",
    "rating": "10",
    "date": "13.05.21"
  },
  {
    "review_id": "7545649",
    "movie_id": "105005",
    "author": "jc2k****",
    "review": "재밌고 연기멋짐",
    "rating": "9",
    "date": "13.05.21"
  },
  {
    "review_id": "7544336",
    "movie_id": "105005",
    "author": "odjs****",
    "review": "최고의 드라마.매우 재밌다.",
    "rating": "10",
    "date": "13.05.20"
  },
  {
    "review_id": "7543196",
    "movie_id": "105005",
    "author": "gree****",
    "review": "약간 어설픈 장치들이 드러나 아쉽지만 전반적으로 흥미롭게 이야기를 끌어나가서 재밌다!!!! 캐릭터들도 다 잘 잡혀 있구 매력적이다. 재미있는 만큼 시청률이 올랐으면 좋을 듯 싶다. 출생의 비밀 재밌으니까 관심가지고 함 보세유~ ㅎㅎ",
    "rating": "10",
    "date": "13.05.19"
  },
  {
    "review_id": "7543186",
    "movie_id": "105005",
    "author": "dydw****",
    "review": "스토리가 막장필 안나고 진짜 좋고 다음다음이 정말기대됨 거기다가 배우들 발연기없어서 완전좋음 신선했음 ㄷㄷ",
    "rating": "10",
    "date": "13.05.19"
  },
  {
    "review_id": "7543159",
    "movie_id": "105005",
    "author": "ciea****",
    "review": "최고다 말이필요없다",
    "rating": "10",
    "date": "13.05.19"
  },
  {
    "review_id": "7541618",
    "movie_id": "105005",
    "author": "hazy****",
    "review": "진부한 제목이지만 내용과 전개는 완전 스피드... 찌질하게 끌고가는 요즘 드라마완 차원이 다르다.. 완전 재밌음.... 경두,이현,해듬. 연기력 쵝오....",
    "rating": "10",
    "date": "13.05.19"
  },
  {
    "review_id": "7540173",
    "movie_id": "105005",
    "author": "wljp****",
    "review": "한여인의파란만장한인생과 가족애환의삶을그려나가는드라마라 생각이들고 내아내,내딸의엄마를 지키고 보호하고픈(유준상)남편기억을찾고자하는 모성의본능(성유리)이모든스토리가 정말 재미있고 환경정화를시켜주는기분이들어요 이드라마가 스트레스를 풀어줍니다.출비팀화이팅",
    "rating": "10",
    "date": "13.05.18"
  },
  {
    "review_id": "7540153",
    "movie_id": "105005",
    "author": "skyo****",
    "review": "짱",
    "rating": "10",
    "date": "13.05.18"
  },
  {
    "review_id": "7534480",
    "movie_id": "105005",
    "author": "1234****",
    "review": "스토리도 넘 재밌고 제목과 달리 막장이안닌것 같아 좋아요 그리고 배우분들다 연기도 잘하시고 눈정화도 되는 정말 짱",
    "rating": "10",
    "date": "13.05.17"
  },
  {
    "review_id": "7530082",
    "movie_id": "105005",
    "author": "tjdu****",
    "review": "여기배우들다연기잘하고내용이재밌음ㅎㅎ",
    "rating": "10",
    "date": "13.05.15"
  }
]