[
  {
    "review_id": "10130221",
    "movie_id": "105066",
    "author": "jayo****",
    "review": "아이가 보는내내 너무 즐거워하더라구요. 재밌게 봤습니다.",
    "rating": "10",
    "date": "15.07.22"
  },
  {
    "review_id": "9875543",
    "movie_id": "105066",
    "author": "jgyr****",
    "review": "막장이 난무하는 시대에 순수하고 코믹한 아이디어로 마음이 정화 되는 느낌이었다. 담고 있는 메세지도 잘 풀어내어 전달된 것 같다.",
    "rating": "9",
    "date": "15.04.28"
  },
  {
    "review_id": "9856433",
    "movie_id": "105066",
    "author": "ekdw****",
    "review": "저예산이라 퀄리티가 조금 안타까울뿐 내용도 좋았고 마음도 따뜻하게 해준 영화",
    "rating": "10",
    "date": "15.04.22"
  },
  {
    "review_id": "9839814",
    "movie_id": "105066",
    "author": "popy****",
    "review": "공감하기 참~ 쉽지않네...;;;",
    "rating": "4",
    "date": "15.04.11"
  },
  {
    "review_id": "9822181",
    "movie_id": "105066",
    "author": "kbsn****",
    "review": "동심을 간직하고 상상력이 자유로운 어른이 보기에 좋은 영화입니다. 전문 성우가 아닌 점은 아쉽지만, 정유미 씨 특유의 감성이 1호와 잘 어울린다는 생각도 드네요. 아쉬운 점이 있다면 캐릭터들이 일본 만화와 너무 닮아 있다는 점.",
    "rating": "8",
    "date": "15.04.02"
  },
  {
    "review_id": "9806804",
    "movie_id": "105066",
    "author": "hank****",
    "review": "감성 돋게 만드는 훌륭한 작품이었습니다. 제 기준에는 어른을 위한 애니메이션 입니다~^^",
    "rating": "10",
    "date": "15.03.26"
  },
  {
    "review_id": "9804525",
    "movie_id": "105066",
    "author": "clas****",
    "review": "공중파에서 상영되었는데, 티비에서 눈을 뗄 수 없을 정도로 재밌었고 황당하게 웃긴 것도 많았어요~",
    "rating": "10",
    "date": "15.03.25"
  },
  {
    "review_id": "9804412",
    "movie_id": "105066",
    "author": "dhkd****",
    "review": "짱 재밌음 후속작도 나왔으면 좋겠다",
    "rating": "10",
    "date": "15.03.25"
  },
  {
    "review_id": "9795372",
    "movie_id": "105066",
    "author": "eres****",
    "review": "극장판 애니가 나왓단거에 1점 보고나면 애니를 이따위로만들면 안되는구나 깨닫게해줘서 1점 마지막으로 우리나라니까 버프해서 1점  총3점 이거보다 더준놈들은 양심도없는놈들임 ㄹㅇ",
    "rating": "3",
    "date": "15.03.20"
  },
  {
    "review_id": "9675979",
    "movie_id": "105066",
    "author": "milk****",
    "review": ",,마법사 멀린... 웃가다ㅎㅎ",
    "rating": "6",
    "date": "15.02.07"
  },
  {
    "review_id": "9632844",
    "movie_id": "105066",
    "author": "tami****",
    "review": "잔잔한 감동을 주는 영화입니다. 젊은이들의 공허감과 사랑 그리고 희망이 담겨 있습니다. 감독님께 감사를 보내드립니다.",
    "rating": "10",
    "date": "15.01.24"
  },
  {
    "review_id": "9630276",
    "movie_id": "105066",
    "author": "sh13****",
    "review": "10분 정도 보고 껐다 저예산 만화인가? 어설픈 그림체에 스토리에... 냉정하게 말해서 진심 못 봐주겠다",
    "rating": "5",
    "date": "15.01.24"
  },
  {
    "review_id": "9615978",
    "movie_id": "105066",
    "author": "coml****",
    "review": "젠젠 모에하지 않는 여주와 안정적인 국산얼룩소 우웩ㅋㅋㅋ",
    "rating": "1",
    "date": "15.01.20"
  },
  {
    "review_id": "9589961",
    "movie_id": "105066",
    "author": "eotn****",
    "review": "개연성이부족해서 이해하는건둘째치고 보는내내 혼란스러웠고...원인과결과가 너무 불투명한 애니엿어요  그래서 이입하기 힘들엇고요 의도랑 신선한 아이디어는좋았지만 너무 대책없이 뜨꿈없는 전개땜에  많이아쉽네요",
    "rating": "2",
    "date": "15.01.13"
  },
  {
    "review_id": "9536272",
    "movie_id": "105066",
    "author": "pidi****",
    "review": "어디가판타지라는거지...",
    "rating": "3",
    "date": "14.12.29"
  },
  {
    "review_id": "9466389",
    "movie_id": "105066",
    "author": "hero****",
    "review": "간꺼내는 장면보고 우리애 시껍했쏘이다..",
    "rating": "8",
    "date": "14.12.11"
  },
  {
    "review_id": "9454367",
    "movie_id": "105066",
    "author": "kdu0****",
    "review": "믿고거르는 연예인더빙",
    "rating": "1",
    "date": "14.12.07"
  },
  {
    "review_id": "9420502",
    "movie_id": "105066",
    "author": "marc****",
    "review": "공감을 얻기에는 다소 부족하다.",
    "rating": "6",
    "date": "14.11.25"
  },
  {
    "review_id": "9381494",
    "movie_id": "105066",
    "author": "shin****",
    "review": "애니메이션을 전공하는 학생으로서 스토리쪽에서 아쉬움이 많이 남는 작품... 하지만 우리나라 애니라는 것에는 큰 가치, 의미가 있는 작품 같습니다 ㅎㅎ! 앞으로 한국애니가 더 발전할꺼라는 것을 믿어 의심치 않습니다!",
    "rating": "5",
    "date": "14.11.14"
  },
  {
    "review_id": "9345882",
    "movie_id": "105066",
    "author": "sck2****",
    "review": "우리나라에도 어사일럼이 있구나",
    "rating": "1",
    "date": "14.11.06"
  },
  {
    "review_id": "9293012",
    "movie_id": "105066",
    "author": "k550****",
    "review": "정말 답이없다... ㅡㅡ",
    "rating": "1",
    "date": "14.10.14"
  },
  {
    "review_id": "9248568",
    "movie_id": "105066",
    "author": "f191****",
    "review": "20대의 희망이없는 세대의 슬픔을 사랑의 희망으로 표현한 철학적인 요소도 많은 수준작   아이들과 함께 보며 내가 더 재미있게 본 작품",
    "rating": "10",
    "date": "14.09.29"
  },
  {
    "review_id": "9243017",
    "movie_id": "105066",
    "author": "nbin****",
    "review": "정유미의 목소리만 기억에 남는 애니",
    "rating": "3",
    "date": "14.09.26"
  },
  {
    "review_id": "9223063",
    "movie_id": "105066",
    "author": "ungz****",
    "review": "흥미로운 상상과 부자연스러운 연출이 만들어낸 키메라.",
    "rating": "5",
    "date": "14.09.18"
  },
  {
    "review_id": "9220244",
    "movie_id": "105066",
    "author": "mien****",
    "review": "요런게 또 나랑 코드가 맞네 ㅎㅎ 네이버 평점이 쓰레기인걸 다시 한번 느끼고 갑니다.",
    "rating": "10",
    "date": "14.09.17"
  },
  {
    "review_id": "9167250",
    "movie_id": "105066",
    "author": "vivi****",
    "review": "나는 떠올랐다 그옛날 국산애니 (아마겟돈)의 악몽이",
    "rating": "1",
    "date": "14.09.04"
  },
  {
    "review_id": "9136014",
    "movie_id": "105066",
    "author": "dkdk****",
    "review": "..살아있는 영화 감동이있다",
    "rating": "10",
    "date": "14.08.26"
  },
  {
    "review_id": "9125487",
    "movie_id": "105066",
    "author": "smpa****",
    "review": "넘 재밌네요 아이들이 엄청좋아해요",
    "rating": "10",
    "date": "14.08.23"
  },
  {
    "review_id": "9112209",
    "movie_id": "105066",
    "author": "5677****",
    "review": "성우란 직업이 왜있냐?",
    "rating": "1",
    "date": "14.08.19"
  },
  {
    "review_id": "9107995",
    "movie_id": "105066",
    "author": "answ****",
    "review": "시간만 아까운 잔인한 영화였다.",
    "rating": "1",
    "date": "14.08.18"
  },
  {
    "review_id": "9103941",
    "movie_id": "105066",
    "author": "sang****",
    "review": "스토리가 성인층도 볼정도로 괜찮긴한데 역시 사람은 제직업에 맞는일을 해야한다는걸 잘 보여준다. 성우 캐스팅은 망한듯한 20프로 부족한 영화",
    "rating": "5",
    "date": "14.08.17"
  },
  {
    "review_id": "9085894",
    "movie_id": "105066",
    "author": "938k****",
    "review": "이건 마치 ..음...?",
    "rating": "4",
    "date": "14.08.14"
  },
  {
    "review_id": "9029669",
    "movie_id": "105066",
    "author": "ym88****",
    "review": "재밋어요 재미잇어요ㅎㅎ",
    "rating": "9",
    "date": "14.08.05"
  },
  {
    "review_id": "9029465",
    "movie_id": "105066",
    "author": "dbgp****",
    "review": "되게 허접하다 시간때우기로 본건데 보고싶기도 하긴 했는데 진짜 기대이하 베뎃처럼 아이들이 보기엔 좀 그렇고 어른들이 보기엔 유치함 진짜 성우 유아인인거 까먹고 성우 욕했는데 진심으로",
    "rating": "3",
    "date": "14.08.05"
  },
  {
    "review_id": "9025383",
    "movie_id": "105066",
    "author": "wjdr****",
    "review": "흠 베스트 댓글 공감이요",
    "rating": "5",
    "date": "14.08.04"
  },
  {
    "review_id": "9003978",
    "movie_id": "105066",
    "author": "jong****",
    "review": "흠... 개봉시기가 아쉽네요.. 게다가 비용때문에 홍보도 제대로 되지않은걸로 알고잇음;;",
    "rating": "7",
    "date": "14.08.01"
  },
  {
    "review_id": "8968611",
    "movie_id": "105066",
    "author": "jeon****",
    "review": "그나마 우리별 일호가 이 영화를 살렸다...",
    "rating": "5",
    "date": "14.07.27"
  },
  {
    "review_id": "8945298",
    "movie_id": "105066",
    "author": "stud****",
    "review": "한국의 상황을 생각해보면 괜찮은 애니메이션. 하지만 성우가 너무한다..",
    "rating": "5",
    "date": "14.07.23"
  },
  {
    "review_id": "8879988",
    "movie_id": "105066",
    "author": "univ****",
    "review": "지브리스튜디오를 따라하려고했으니 역량부족",
    "rating": "1",
    "date": "14.07.03"
  },
  {
    "review_id": "8879208",
    "movie_id": "105066",
    "author": "doto****",
    "review": "그림체를 보지 않고 본 우리나라 애니메이션",
    "rating": "7",
    "date": "14.07.03"
  },
  {
    "review_id": "8876361",
    "movie_id": "105066",
    "author": "nba1****",
    "review": "이런 밑도 끝도 없는 애니메이션은 처음이네.",
    "rating": "5",
    "date": "14.07.02"
  },
  {
    "review_id": "8843809",
    "movie_id": "105066",
    "author": "fprh****",
    "review": "난 국산애니가 좋아 ㅎㅎ",
    "rating": "8",
    "date": "14.06.21"
  },
  {
    "review_id": "8792456",
    "movie_id": "105066",
    "author": "junh****",
    "review": "감독이 이걸만들면서 자신이있었다면 목소리를 성우에게 맡겼겠지? 감독도 자신없어하는 애니메이션 아직 멀었다 더 노력해라",
    "rating": "1",
    "date": "14.06.04"
  },
  {
    "review_id": "8785321",
    "movie_id": "105066",
    "author": "onta****",
    "review": "한국 애니메이션이 날로 발전하는 느낌이 듭니다~귀엽고 재밌는 스토리와 음악도 너무 좋았습니다~상업 애니메이션보다 약간 풋풋한 사과처럼 덜익은 사각거리는 느낌이 좋았습니다~",
    "rating": "9",
    "date": "14.06.01"
  },
  {
    "review_id": "8784943",
    "movie_id": "105066",
    "author": "etp8****",
    "review": "애니메이션이 제작되기전에 주변에서 스토리에 대한 솔직한 피드백을 해줘야 우리 애니메이션이 발전 될 수 있다. 연출가 또한 이를 받아 들일 줄 알아야 하고! 제발 연출가의 자기만족에서 끝나는 일이 반복되지 않기를...!!",
    "rating": "4",
    "date": "14.06.01"
  },
  {
    "review_id": "8782584",
    "movie_id": "105066",
    "author": "sado****",
    "review": "노력은 가상하나 이게 개봉할 수준인가?  부끄러운 수준의 작품이다. 갈길이 멀구나 애니메이션분야",
    "rating": "4",
    "date": "14.06.01"
  },
  {
    "review_id": "8781168",
    "movie_id": "105066",
    "author": "wn0d****",
    "review": "다른건 다 괜찮은데 왜 성우를 안쓰고 연애인을 쓰려고 하나 그게 기묘하네요.",
    "rating": "7",
    "date": "14.05.31"
  },
  {
    "review_id": "8775632",
    "movie_id": "105066",
    "author": "zhrz****",
    "review": "내가 이걸 보고 울 줄이야..ㅜㅜ엔딩 크래딧 올라가는데도 눈물이..마음이 있다는 것 생명이 있다는 건 고통일지도 몰라. 하지만 사랑이라는 애틋한 마음. 경천이를 위해 자신을 희생하는 1호의 순수하고 숭고한 마음이 제 가슴을 따뜻하게 하네요.",
    "rating": "8",
    "date": "14.05.29"
  },
  {
    "review_id": "8758317",
    "movie_id": "105066",
    "author": "antn****",
    "review": "어린이용도 아닌 어린용도 아닌...",
    "rating": "1",
    "date": "14.05.23"
  },
  {
    "review_id": "8756418",
    "movie_id": "105066",
    "author": "lp17****",
    "review": "아 따뜻해지는 영화그래도 니가 좋아세상에서 가장 따뜻한 말 ♥",
    "rating": "10",
    "date": "14.05.23"
  },
  {
    "review_id": "8751131",
    "movie_id": "105066",
    "author": "pugu****",
    "review": "어른에겐 유치하고 아이들은 지겨워했음",
    "rating": "4",
    "date": "14.05.21"
  },
  {
    "review_id": "8739514",
    "movie_id": "105066",
    "author": "leec****",
    "review": "도대체 이거 왜 만든건가요 ? 스토리, 캐릭터, 보는 재미, 감동... 뭐하나 제대로 잡은게 없네요. 일본이나 미국 애니메이션에 눈높이가 너무 높아져 있었던게 죄였나요 ? 정말 아니올시다였어요.",
    "rating": "2",
    "date": "14.05.17"
  },
  {
    "review_id": "8724713",
    "movie_id": "105066",
    "author": "rlax****",
    "review": "목소리가 잘어울렸다고? ㅈㄹ들 한다 제발 부탁인데 멀쩡한 성우놔두고 왜 쓸때없는 배우나 아이돌을 쓰냐? 내용은둘째치고 OO 목소리땜에 계속 거슬리거든? 그냥 성우써 이 쓰레기들아",
    "rating": "1",
    "date": "14.05.11"
  },
  {
    "review_id": "8722368",
    "movie_id": "105066",
    "author": "dirt****",
    "review": "0점이 없네요 전체적인 스토리 라인은 타켓층만 잘 잡으면 어떻게든 될것같다고 생각은 합니다만아무리 애들이 본다고 해도 각 상황들의 부자연스러움은 놀라움을 금치 못할정도로매끄럽지 못하며 소리와 성우의 말투에 대한 연구는  눈꼽만큼도  없",
    "rating": "1",
    "date": "14.05.11"
  },
  {
    "review_id": "8721299",
    "movie_id": "105066",
    "author": "kos4****",
    "review": "일호 목소리... 로봇처럼 확실히 뻣뻣하다.",
    "rating": "5",
    "date": "14.05.10"
  },
  {
    "review_id": "8721141",
    "movie_id": "105066",
    "author": "dbg1****",
    "review": "정말 재밌는 점은 목소리 녹음도 같이 하신다는 점... 이전 작에도 참여하셨고..",
    "rating": "7",
    "date": "14.05.10"
  },
  {
    "review_id": "8716040",
    "movie_id": "105066",
    "author": "hope****",
    "review": "이건..아닌데.. 그림체도 애매. 스토리도 애매. 재미도 없고 감동도 없음.",
    "rating": "1",
    "date": "14.05.08"
  },
  {
    "review_id": "8682184",
    "movie_id": "105066",
    "author": "b790****",
    "review": "재밌었어요재미있어요",
    "rating": "10",
    "date": "14.04.29"
  },
  {
    "review_id": "8675780",
    "movie_id": "105066",
    "author": "ther****",
    "review": "정말 잘만들었다 ...",
    "rating": "10",
    "date": "14.04.27"
  },
  {
    "review_id": "8674055",
    "movie_id": "105066",
    "author": "with****",
    "review": "추천. 재밌게봄 진부하지않고 신선함 어른이봐도 유치함 이런거 모르겠음ㅎㅎ 좋아 이런거 자주 개봉됐으면 좋겠음.ㅎㅎ",
    "rating": "10",
    "date": "14.04.26"
  },
  {
    "review_id": "8670440",
    "movie_id": "105066",
    "author": "dutn****",
    "review": "뭔가유치하지만 재밌어요ㅎㅎ",
    "rating": "9",
    "date": "14.04.24"
  },
  {
    "review_id": "8665230",
    "movie_id": "105066",
    "author": "redb****",
    "review": "울 아들과 오랜만에 만난 조카위해 예매햇는데, 재밌었다고. 하네요^^",
    "rating": "10",
    "date": "14.04.22"
  },
  {
    "review_id": "8654185",
    "movie_id": "105066",
    "author": "3215****",
    "review": "일본  애니만 보고 그림체 퀄리티부터 비판하고보는 사람들,..한국애니가 점차 발전하고있음을 보여주는 애니를 무조건 비판적으로 보시지않았으면 좋겠네요 내용면은 사람마다 보는게 다른거같습니다. 전  신선하고 재미있게 봤으니까요 무림일검처럼 신선했습니다.",
    "rating": "10",
    "date": "14.04.16"
  },
  {
    "review_id": "8648208",
    "movie_id": "105066",
    "author": "dbwo****",
    "review": "인간극장같음 _-_-",
    "rating": "10",
    "date": "14.04.13"
  },
  {
    "review_id": "8647791",
    "movie_id": "105066",
    "author": "elim****",
    "review": "배우는 드라마나 영화 찍으라고 성우 자리 뺏지말고 다 된 애니에 연예인 뿌리기라니,,",
    "rating": "1",
    "date": "14.04.13"
  },
  {
    "review_id": "8647344",
    "movie_id": "105066",
    "author": "chs0****",
    "review": "성우가 더빙하지 않은 것은 곧 더빙한 연예인을 모욕하는 것입니다.kim jea seck님은 말 조심하시기 바랍니다.이 영화는 볼 만하네요",
    "rating": "10",
    "date": "14.04.13"
  },
  {
    "review_id": "8646840",
    "movie_id": "105066",
    "author": "jns9****",
    "review": "감동적이고 재이있네여 강ㅊㅊ",
    "rating": "10",
    "date": "14.04.13"
  },
  {
    "review_id": "8643176",
    "movie_id": "105066",
    "author": "alth****",
    "review": "크게 나쁘지는 않았는데 뭔가 애매한 느낌을 감출 수 없다.",
    "rating": "7",
    "date": "14.04.11"
  },
  {
    "review_id": "8636111",
    "movie_id": "105066",
    "author": "mgjs****",
    "review": "킴치 워리워만이 나라망신이 아니랑께..대체 이건 90년도에 만든거야 .. 퀄러티가 왜 이래..",
    "rating": "5",
    "date": "14.04.08"
  },
  {
    "review_id": "8626795",
    "movie_id": "105066",
    "author": "iepa****",
    "review": "발상은 독특하나 스토리가 많이 엉망이다. 스토리가 이래 개판이 되버리면 발상도 폄하될 수 밖에 없다.",
    "rating": "1",
    "date": "14.04.04"
  },
  {
    "review_id": "8623646",
    "movie_id": "105066",
    "author": "dlad****",
    "review": "와와~재미다.짱 ~마음에 들어요.",
    "rating": "9",
    "date": "14.04.02"
  },
  {
    "review_id": "8615078",
    "movie_id": "105066",
    "author": "dian****",
    "review": "재미있습니다. 캐릭터들도 귀엽구요 ㅎㅎ",
    "rating": "10",
    "date": "14.03.29"
  },
  {
    "review_id": "8606018",
    "movie_id": "105066",
    "author": "void****",
    "review": "현장소리가 없는 붕뜬  목소리들.  판타지로도 모자라고 순정물로도 모자란 어정쩡한 포지션.",
    "rating": "2",
    "date": "14.03.25"
  },
  {
    "review_id": "8605806",
    "movie_id": "105066",
    "author": "mick****",
    "review": "창작 의도는 높게 평가하지만 작화력이나 연출력이 너무 약해서 지루하기 그지없었어요. 그래도 음악은 참 아름답고 좋았답니다.",
    "rating": "5",
    "date": "14.03.25"
  },
  {
    "review_id": "8604430",
    "movie_id": "105066",
    "author": "skyf****",
    "review": "깨알같은 웃음 코드들. 보면 볼수록 새로운 재미들이 터지는 작품~ 뭐니뭐니해도 멀린은 정말 최고!",
    "rating": "10",
    "date": "14.03.24"
  },
  {
    "review_id": "8596446",
    "movie_id": "105066",
    "author": "wolf****",
    "review": "그닥.... 10자10자",
    "rating": "1",
    "date": "14.03.22"
  },
  {
    "review_id": "8596069",
    "movie_id": "105066",
    "author": "wann****",
    "review": "도대체 뭘 말하고 싶은 작품인지 모르겠음.. 개연성 제로. 중구난방식 스토리. 플러스 국뽕맞은 알바댓글 동원까지..정직하게 합시다.",
    "rating": "5",
    "date": "14.03.22"
  },
  {
    "review_id": "8595951",
    "movie_id": "105066",
    "author": "blue****",
    "review": "기발한 스토리가 재미있었다. 그런데 왠지 모르게 가끔 졸렸다.",
    "rating": "8",
    "date": "14.03.22"
  },
  {
    "review_id": "8594522",
    "movie_id": "105066",
    "author": "ssys****",
    "review": "검정고무신 극장판 같은 느낌이네요...",
    "rating": "3",
    "date": "14.03.22"
  },
  {
    "review_id": "8591345",
    "movie_id": "105066",
    "author": "bles****",
    "review": "깊이는 있으나 그 깊이에 빠질 수가 없다",
    "rating": "4",
    "date": "14.03.21"
  },
  {
    "review_id": "8589316",
    "movie_id": "105066",
    "author": "find****",
    "review": "아이를 보여  줄 생각으로 함께 갔던 영화라, 처음에는 사실 좀 당황스러웠는데.. 볼수록 내용의 깊이가 있고 감동이 있는 작품이었다. 다만 타겟을 잘못 잡았다고 생각된다. 적어도 초등 고학년은 되어야 이해가능할 듯.",
    "rating": "9",
    "date": "14.03.20"
  },
  {
    "review_id": "8588961",
    "movie_id": "105066",
    "author": "anif****",
    "review": "학생이 만든 애니메이션이었다면 피사프에선 대상을 받았겠지만.프로가 만들었다고 할수없을만큼 허접한 레벨...",
    "rating": "2",
    "date": "14.03.20"
  },
  {
    "review_id": "8586426",
    "movie_id": "105066",
    "author": "ss_n****",
    "review": "내용도 신선하고 재밌었어요.우리나라에서도 이런 애니메이션이 많이 나왔으면 좋겠습니다",
    "rating": "10",
    "date": "14.03.18"
  },
  {
    "review_id": "8586077",
    "movie_id": "105066",
    "author": "ts54****",
    "review": "왜 성우를 안쓰는걸까..듣기 거북하네요",
    "rating": "6",
    "date": "14.03.18"
  },
  {
    "review_id": "8585389",
    "movie_id": "105066",
    "author": "skdl****",
    "review": "이런걸 다된밥에 재뿌리기라고 하는거죠. 제발 전문 성우분들좀 써주세요 에휴.. 왜 버젓이계시는 성우분들 안쓰고 스스로 몰락의길을 걸으려고 하시나. 대중들이 원하는게 정말 뭔지 모르겠나요? 아님 그걸 알고도 성우분들 캐스팅할 돈을 아끼고싶어서 그랬나요?",
    "rating": "6",
    "date": "14.03.18"
  },
  {
    "review_id": "8585273",
    "movie_id": "105066",
    "author": "jhp9****",
    "review": "재미있었고  많은것을  생각하게  해준  영화. 한가지 아쉬운점이라면 정유미씨의 더빙중 일부가 어색하다는 점, 어린이들이 보기에는 이해하기 어려운  내용이 있다는 것정도",
    "rating": "10",
    "date": "14.03.17"
  },
  {
    "review_id": "8585172",
    "movie_id": "105066",
    "author": "soni****",
    "review": "일본에 이카리 신지가 있으면 우리에겐 얼룩소가 있다! 두 작품이 어찌보면 비슷하게 보이는게 이 때문일 듯... 저예산으로 만들었지만 블록버스터 보다 더 좋았으니 성공이라 본다.",
    "rating": "7",
    "date": "14.03.17"
  },
  {
    "review_id": "8582771",
    "movie_id": "105066",
    "author": "geni****",
    "review": "조카들이랑 재밌게 봤어요~ 저는 유아인 정유미 북쪽마녀도 다 목소리도 맘에 들거 좋았어용~~",
    "rating": "10",
    "date": "14.03.16"
  },
  {
    "review_id": "8582123",
    "movie_id": "105066",
    "author": "kghe****",
    "review": "작화가 떨어져도 , 한국 애니메이션과 스토리에서 6점을 주고 싶었으나, 더빙을 보고 1점 주시고 아깝다. 더빙이 영화에 대한 집중도를 떨어뜨리고 , 첫인상마저 망쳐, 좋은 애니메이션에도 불구하고, 매우 불쾌하게 봤다.",
    "rating": "2",
    "date": "14.03.16"
  },
  {
    "review_id": "8580248",
    "movie_id": "105066",
    "author": "s1ch****",
    "review": "관객의 눈은 높아졌고 수준을 맞추기에는 한없이 부족해서 안타깝다.",
    "rating": "3",
    "date": "14.03.16"
  },
  {
    "review_id": "8580219",
    "movie_id": "105066",
    "author": "asy_****",
    "review": "개인적으로 재미없었습니다ㅠㅠ  하지만. 한국 애니메이션 응원하는 마음으로 10점!!! 화이팅!!!",
    "rating": "10",
    "date": "14.03.16"
  },
  {
    "review_id": "8579393",
    "movie_id": "105066",
    "author": "wlwo****",
    "review": "얘들 관점에서 볼때, 별점 1개 이상 주는 사람은 무조건 알바생이다 인디밴드 대딩과 뜬금없이 로봇의 로멘스..이거 인디영화제서나 볼법한 내용. 암담한 한국 애니의 현실..어른들은 나름 잼나게 봤으려나? 아이들 보라고 만든 애니는 절대 아니다",
    "rating": "1",
    "date": "14.03.15"
  },
  {
    "review_id": "8578918",
    "movie_id": "105066",
    "author": "spac****",
    "review": "평점들이 좋아보인다 음 수준차이라고 해야하나 아님 눈높이 일본애니와 비교할순 없지만 내용 그님체등 많이 떨어진다  마당을 나온 암탉 정도는 만들어야하지 않나  한국애니매이션 그래도 응원합니다",
    "rating": "6",
    "date": "14.03.15"
  },
  {
    "review_id": "8576534",
    "movie_id": "105066",
    "author": "wkdd****",
    "review": "이 시대의 어른아이들을 위한 즐거운 로맨스액션 동화",
    "rating": "6",
    "date": "14.03.15"
  },
  {
    "review_id": "8575999",
    "movie_id": "105066",
    "author": "lian****",
    "review": "괴작이지만 수작이다~ 참여한 배우들 더빙도 좋았다^^",
    "rating": "7",
    "date": "14.03.14"
  },
  {
    "review_id": "8575823",
    "movie_id": "105066",
    "author": "jaew****",
    "review": "귀엽고 내용좋은거같은데 성우때문에 신경쓰여서 보다 껏다 어우 소나 인공위성이나 목소리가 너무 매치안댄다. 집중을 못하게방해하는 목소리",
    "rating": "4",
    "date": "14.03.14"
  },
  {
    "review_id": "8575732",
    "movie_id": "105066",
    "author": "tomo****",
    "review": "장형윤감독님을 평소에 좋아했었는데 장편도 재미있게 잘 봤습니다! 추천~",
    "rating": "10",
    "date": "14.03.14"
  },
  {
    "review_id": "8575602",
    "movie_id": "105066",
    "author": "mkle****",
    "review": "스토리가 조금 부족하네요",
    "rating": "7",
    "date": "14.03.14"
  },
  {
    "review_id": "8575567",
    "movie_id": "105066",
    "author": "ejrg****",
    "review": "감동적인 영화로서 한국 애니메이션의 발전을 보여주는 영화",
    "rating": "10",
    "date": "14.03.14"
  },
  {
    "review_id": "8574976",
    "movie_id": "105066",
    "author": "sost****",
    "review": "성우 밥그릇 책임져라!!성우 밥그릇 책임져라!!성우 밥그릇 책임져라!!성우 밥그릇 책임져라!!성우 밥그릇 책임져라!!성우 밥그릇 책임져라!!성우 밥그릇 책임져라!!성우 밥그릇 책임져라!!성우 밥그릇 책임져라!!성우 밥그릇 책임져라!!성우 밥그릇 책임져",
    "rating": "1",
    "date": "14.03.14"
  }
]