[
  {
    "review_id": "10258457",
    "movie_id": "105002",
    "author": "jkwc****",
    "review": "펑펑 울게 되는 영화 내가 이런 리뷰 같은거 안올리는데 이건 진짜 올릴 만 하다 너무 감동적인 영화",
    "rating": "10",
    "date": "15.08.21"
  },
  {
    "review_id": "10238647",
    "movie_id": "105002",
    "author": "namj****",
    "review": "뻔한 스토리였지만 충분했다.",
    "rating": "7",
    "date": "15.08.16"
  },
  {
    "review_id": "10144138",
    "movie_id": "105002",
    "author": "hoji****",
    "review": "진짜 뻔하긴 한데 정말 슬프다 뻔한데 알면서도 속으면서도 슬픈영화 정말 감동적이다 이런 사랑 해볼수 있을까",
    "rating": "10",
    "date": "15.07.26"
  },
  {
    "review_id": "10116642",
    "movie_id": "105002",
    "author": "kes0****",
    "review": "간만에 영화보다가 펑펑 울었네요신파라도 전 좋으네요^~~^",
    "rating": "9",
    "date": "15.07.18"
  },
  {
    "review_id": "10110493",
    "movie_id": "105002",
    "author": "1234****",
    "review": "진짜 짱짱 이야   bbbb",
    "rating": "10",
    "date": "15.07.16"
  },
  {
    "review_id": "10109600",
    "movie_id": "105002",
    "author": "pohe****",
    "review": "여배우 연기도 좋고 진짜 공감가는 영화",
    "rating": "10",
    "date": "15.07.16"
  },
  {
    "review_id": "10104260",
    "movie_id": "105002",
    "author": "fani****",
    "review": "입덕이요;;;;ㅜㅠㅠ",
    "rating": "10",
    "date": "15.07.14"
  },
  {
    "review_id": "10095014",
    "movie_id": "105002",
    "author": "jy01****",
    "review": "눈물 줄줄 흘리면서 봤다...",
    "rating": "10",
    "date": "15.07.12"
  },
  {
    "review_id": "10071831",
    "movie_id": "105002",
    "author": "rest****",
    "review": "너무 뻔해서 좋았고, 뻔해서 슬펐던 영화",
    "rating": "9",
    "date": "15.07.05"
  },
  {
    "review_id": "9996801",
    "movie_id": "105002",
    "author": "whyf****",
    "review": "중화티비보다 우연히 보게 되었는데 짠했음. 눈물 날 뻔 했다.",
    "rating": "8",
    "date": "15.06.13"
  },
  {
    "review_id": "9919765",
    "movie_id": "105002",
    "author": "rlag****",
    "review": "그냥 좋네요 가슴저리게",
    "rating": "10",
    "date": "15.05.15"
  },
  {
    "review_id": "9898717",
    "movie_id": "105002",
    "author": "ippo****",
    "review": "고전 한국 멜로영화 느낌이 물씬난다. 가벼운 연애소설 한권을 속독한거 같다.",
    "rating": "4",
    "date": "15.05.06"
  },
  {
    "review_id": "9890406",
    "movie_id": "105002",
    "author": "kila****",
    "review": "지저분한 플롯. 로맨틱 코미디 장르면 해피엔딩으로 끝까지 재밌게 가야지 억지로 감동을 주려고 너무 욕심을 많이 부렸다.",
    "rating": "1",
    "date": "15.05.03"
  },
  {
    "review_id": "9877249",
    "movie_id": "105002",
    "author": "para****",
    "review": "이거 보고 안우는 사람이 있을까.. 스토리와 결말이 예상되는, 어찌보면 뻔한 영화지만 보고 있으니 나도 모르게 눈물이 흘렀다.슬픔보다 더 슬픈이야기 다음으로 울면서 봤던 영화로 한동안 내 기억속에서 떠나가지 않을 듯 하다.",
    "rating": "10",
    "date": "15.04.29"
  },
  {
    "review_id": "9874997",
    "movie_id": "105002",
    "author": "tls7****",
    "review": "정말 뻔한스토리지만 대사가 가슴을 쥐어짜네요~마지막프로포즈할때무지울었네~바이바이허도 이쁘고하여간볼만합니다.",
    "rating": "10",
    "date": "15.04.28"
  },
  {
    "review_id": "9847170",
    "movie_id": "105002",
    "author": "nikk****",
    "review": "뻔하지만 보고싶은 영화",
    "rating": "8",
    "date": "15.04.15"
  },
  {
    "review_id": "9838645",
    "movie_id": "105002",
    "author": "deha****",
    "review": "내가 본 영화중 이렇게 많이 운건 처음 완전 슬퍼요ㅠㅠ",
    "rating": "10",
    "date": "15.04.10"
  },
  {
    "review_id": "9830621",
    "movie_id": "105002",
    "author": "icec****",
    "review": "정말 뻔하지만 질리진 않네",
    "rating": "4",
    "date": "15.04.06"
  },
  {
    "review_id": "9824789",
    "movie_id": "105002",
    "author": "sunn****",
    "review": "아무 기대 없이 타임킬링용으로 본 영화였는데 생각보다 수작이었음. 연출도 이정도면 훌륭했고 여주인공 수지닮았음 ♥",
    "rating": "10",
    "date": "15.04.03"
  },
  {
    "review_id": "9819421",
    "movie_id": "105002",
    "author": "phs4****",
    "review": "조금 더 현실적으로 그렸다면 어땠을까? 환자의 마지막 모습이 너무 예쁘게만 보이는 느낌..  여배우의 감정연기도 아쉬운거같아요..  스토리는 뻔하다지만 나름 예쁜영화네요..",
    "rating": "7",
    "date": "15.04.01"
  },
  {
    "review_id": "9819398",
    "movie_id": "105002",
    "author": "jeum****",
    "review": "뻔하지만 눈물이 나오는 그런 영화",
    "rating": "7",
    "date": "15.04.01"
  },
  {
    "review_id": "9819395",
    "movie_id": "105002",
    "author": "cirz****",
    "review": "이 새벽에 펑펑울어버렸다.",
    "rating": "10",
    "date": "15.04.01"
  },
  {
    "review_id": "9783637",
    "movie_id": "105002",
    "author": "ybyb****",
    "review": "너무너무 사랑스럽다 스토리의 엉성함까지 커버가능할 정도로",
    "rating": "6",
    "date": "15.03.15"
  },
  {
    "review_id": "9758424",
    "movie_id": "105002",
    "author": "hun2****",
    "review": "난 아직도 리싱이 왜 미안한지 모르겠다...마오마오가 그릇깨면서 차오차오가 5년간 거의 먹지못할때 넌 뭐했냐고 질타했을때 아무런 상황도 모르는 리싱이 뭘 할 수있었는지 난 아직도 잘 모르겠다",
    "rating": "5",
    "date": "15.03.05"
  },
  {
    "review_id": "9751776",
    "movie_id": "105002",
    "author": "dbsk****",
    "review": "중국영화 보지도 않는데 처음브터 끝까지 집중하고 본영화 ㅜㅜ 어디선가 봤을법한 내용이지만 웃기도하고 후반부에는 눙무리 ㅜㅜ 계속울게된당",
    "rating": "10",
    "date": "15.03.02"
  },
  {
    "review_id": "9732789",
    "movie_id": "105002",
    "author": "2328****",
    "review": "보면서 많이도 울었던영화",
    "rating": "10",
    "date": "15.02.23"
  },
  {
    "review_id": "9721381",
    "movie_id": "105002",
    "author": "cmo4****",
    "review": "영화는좋았으나 한국감독이중국가서작업한게걸리네요 향후10년사이에 거대자본중국에게 기술력을뺏기고 한국영화가쇠퇴하게될것이염려되네요 실제 대만이그랬다고하네요...",
    "rating": "8",
    "date": "15.02.21"
  },
  {
    "review_id": "9716290",
    "movie_id": "105002",
    "author": "chun****",
    "review": "예쁘고 순수하고 사랑스럽지만 너무나도 슬펐던 영화. 진짜 간만에 펑펑 울었네요",
    "rating": "9",
    "date": "15.02.20"
  },
  {
    "review_id": "9716106",
    "movie_id": "105002",
    "author": "song****",
    "review": "뻔한 내용이지만 볼만은 했음. 눈물 줄줄 나도록 노리고 만든 신파인걸 뻔히 알겠는데 결국에 울수밖에 없더라는..",
    "rating": "7",
    "date": "15.02.20"
  },
  {
    "review_id": "9694112",
    "movie_id": "105002",
    "author": "kys4****",
    "review": "예고편 안보고, 포스터 안보고, 추천으로 보게되었는데.. 정말 중간에 뻔하다고 웃었지만 점점 고여가는 내 ... 눈물쌤.... 정말 주르르 룩 운것 같다.  공감 된다면 ~",
    "rating": "9",
    "date": "15.02.14"
  },
  {
    "review_id": "9689745",
    "movie_id": "105002",
    "author": "wlgp****",
    "review": "여자주인공의 성격도 너무 좋았고 예상됬지만 실망스럽지 않은 작품인겄같다. 이렇게 평점 쓰는 것도 처음인데 너무 추천하고 싶은 작품이다.",
    "rating": "10",
    "date": "15.02.12"
  },
  {
    "review_id": "9664848",
    "movie_id": "105002",
    "author": "zmzm****",
    "review": "진짜 꺼이꺼이 울었다 눈물이 계속 나옴",
    "rating": "10",
    "date": "15.02.03"
  },
  {
    "review_id": "9650778",
    "movie_id": "105002",
    "author": "aqsw****",
    "review": "전형적인 삼류영화. 재미도 없고 감동도 없고 시간만 아까움. 아오 1점도 아깝다ㅡㅡ",
    "rating": "1",
    "date": "15.01.30"
  },
  {
    "review_id": "9646776",
    "movie_id": "105002",
    "author": "nasu****",
    "review": "그녀의 도자기에 담아 마시는 커피는 어떤 맛일까?",
    "rating": "10",
    "date": "15.01.28"
  },
  {
    "review_id": "9616539",
    "movie_id": "105002",
    "author": "qkrd****",
    "review": "폭풍감동 진짜사랑..",
    "rating": "10",
    "date": "15.01.20"
  },
  {
    "review_id": "9607984",
    "movie_id": "105002",
    "author": "whss****",
    "review": "나도 저렇게 사랑 할 수 있을까 많은걸 배우게 되는영화 ㅠ",
    "rating": "10",
    "date": "15.01.18"
  },
  {
    "review_id": "9607966",
    "movie_id": "105002",
    "author": "dyth****",
    "review": "어떤 내용일지 보이지만 배우들이 연기를 잘해서 빠져들어 보게된 영화 여자주인공은 어떻게 보면 약간 수지 닮았.... 남자주인공은 그냥 존잘...",
    "rating": "10",
    "date": "15.01.18"
  },
  {
    "review_id": "9582578",
    "movie_id": "105002",
    "author": "vvv1****",
    "review": "진짜 재밌게 봤어요ㅠㅠㅠ 이거 보고 안 우는 사람은 감정이 메마르다는 말 밖에는 못하겠네요. 처음에는 코믹요소로 작용되는 점이 많아서 웃기기도 하고, 질투하는 게 귀여워서 정말 재밌게 봤구요. 후반부로 갈수록....진짜 너무너무 슬프네요. 짱잼!!!!",
    "rating": "10",
    "date": "15.01.11"
  },
  {
    "review_id": "9571645",
    "movie_id": "105002",
    "author": "dnf7****",
    "review": "처음에 여주인공이랑 남주인공이 너무 개념이없어서 뭐이런영화가 다있나 하고 끌라고 했는데 중간에 확바뀌면서 그때부터 몰입했다.",
    "rating": "8",
    "date": "15.01.07"
  },
  {
    "review_id": "9562263",
    "movie_id": "105002",
    "author": "rin7****",
    "review": "전 집에서 봤지만 정말 꺽꺽거리면서 울었습니다보고나서 한시간정도를 더 운거같네요진짜 이별하고 다시만나는순간을 경험하거나 기다리는 사람이라면 안울수가 없네요",
    "rating": "10",
    "date": "15.01.04"
  },
  {
    "review_id": "9543722",
    "movie_id": "105002",
    "author": "wgw9****",
    "review": "뻔한거 다아는데 눈물이 ㅠ ㅠ",
    "rating": "10",
    "date": "15.01.01"
  },
  {
    "review_id": "9529770",
    "movie_id": "105002",
    "author": "hyun****",
    "review": "친구한테 그시절우리가 좋아했던 소녀  추천해줬더니  이별계약을 추천받았다.",
    "rating": "10",
    "date": "14.12.28"
  },
  {
    "review_id": "9526787",
    "movie_id": "105002",
    "author": "ngho****",
    "review": "스토리가 뻔하지만.. 영상이 예쁘다... 한국감독이 찍었지만 한국영화 때깔이 아니다.",
    "rating": "8",
    "date": "14.12.27"
  },
  {
    "review_id": "9507954",
    "movie_id": "105002",
    "author": "gksk****",
    "review": "완전 짱짱짱!!!앞부분 조금만 봐도 뻔한 스토리지만 중간중간 코믹요소와 배우들이 케릭터에 대한 연기를 너무잘해서... 몰입이 너무잘되네요ㅠ이거 학교에서 본건데 대부분애들 울었어요ㅠ",
    "rating": "10",
    "date": "14.12.24"
  },
  {
    "review_id": "9504749",
    "movie_id": "105002",
    "author": "marc****",
    "review": "너무 흔한 사랑이야기.",
    "rating": "7",
    "date": "14.12.23"
  },
  {
    "review_id": "9480454",
    "movie_id": "105002",
    "author": "seun****",
    "review": "진짜 마지막에 펑펑 울었어요. 감동적이었고~ 사실약간 막장의 끼가 있지만 좋은 막장 영화였다고 해야되낭 :)",
    "rating": "10",
    "date": "14.12.17"
  },
  {
    "review_id": "9464440",
    "movie_id": "105002",
    "author": "chan****",
    "review": "슬픈영환지 모르고봤다가 폭풍오열함...흔한스토리이긴한데 펑위엔의 슬픈표정때문에 더 슬펐던듯 그냥하나하나 몰입도잘되고..진짜 슬픔ㅠㅠ",
    "rating": "9",
    "date": "14.12.11"
  },
  {
    "review_id": "9450815",
    "movie_id": "105002",
    "author": "ahns****",
    "review": "말로는 유치하다 하고, 끝내 내눈엔 눈물이..새벽에보고 감성이 폭팔해서 이렇게 꺼이꺼이 운적은 처음..펑위옌의 연기에 반함..",
    "rating": "10",
    "date": "14.12.06"
  },
  {
    "review_id": "9450286",
    "movie_id": "105002",
    "author": "wlsw****",
    "review": "이렇게 오래 울어본 영화는 처음이네요스토리는 흔한 소재지만 계속 눈물이 나는건 어쩔 수 없네요잘 봤습니다",
    "rating": "10",
    "date": "14.12.05"
  },
  {
    "review_id": "9431044",
    "movie_id": "105002",
    "author": "mooe****",
    "review": "기억에 남을 .. 또 한편의 영화..",
    "rating": "10",
    "date": "14.11.29"
  },
  {
    "review_id": "9424449",
    "movie_id": "105002",
    "author": "yunr****",
    "review": "하..마지막에 반전이..펑펑울었습니다..가슴아픈영화네요..",
    "rating": "10",
    "date": "14.11.26"
  },
  {
    "review_id": "9423356",
    "movie_id": "105002",
    "author": "pink****",
    "review": "뻔한 내용이지만 눈물 펑펑ㅠㅠ 사랑은 아름답다♥",
    "rating": "8",
    "date": "14.11.26"
  },
  {
    "review_id": "9417022",
    "movie_id": "105002",
    "author": "pnh8****",
    "review": "대만 청설같은 종류의 로맨스 영화를 많이 찾고 있엇는데, 청설을 볼려다 우연히 보게 되었네요. 정말 슬펐고, 오랜만에 영화보다가 많이 울었네요 너무 슬픕니다...",
    "rating": "10",
    "date": "14.11.24"
  },
  {
    "review_id": "9360285",
    "movie_id": "105002",
    "author": "mkjs****",
    "review": "보면서 너무 재밌었다 다시 보고싶은 영화!",
    "rating": "10",
    "date": "14.11.09"
  },
  {
    "review_id": "9355956",
    "movie_id": "105002",
    "author": "juni****",
    "review": "폭풍오열ㅠㅜㅠㅍ퓨ㅠ",
    "rating": "10",
    "date": "14.11.08"
  },
  {
    "review_id": "9335512",
    "movie_id": "105002",
    "author": "wldn****",
    "review": "진짜 영화보고 이렇게 펑펑 운적은 처음인듯",
    "rating": "10",
    "date": "14.11.02"
  },
  {
    "review_id": "9331910",
    "movie_id": "105002",
    "author": "sss8****",
    "review": "보면서 후반부에 눈물이 글썽글썽 ... 정말이지 간만에 제대로된 로맨스 영화를  봤습니다. 강추에요. 하지만 중간에 좀 뜬금없는 설정이긴 해서 -_-ㅋ",
    "rating": "9",
    "date": "14.10.31"
  },
  {
    "review_id": "9315612",
    "movie_id": "105002",
    "author": "sunm****",
    "review": "눈물날 만큼 감동적인 영화",
    "rating": "10",
    "date": "14.10.25"
  },
  {
    "review_id": "9305338",
    "movie_id": "105002",
    "author": "hnnl****",
    "review": "뻔한 멜로영화 속 줄거리가 가슴 아프도록 마음 시리다.",
    "rating": "10",
    "date": "14.10.20"
  },
  {
    "review_id": "9304040",
    "movie_id": "105002",
    "author": "dnjs****",
    "review": "굿굿 나이스굿 베리베리굿",
    "rating": "10",
    "date": "14.10.20"
  },
  {
    "review_id": "9299679",
    "movie_id": "105002",
    "author": "jisu****",
    "review": "내용은 뻔하지만 남주 여주 둘 다 너무 마음에 들고, 색감이 이뻤음감성적ㅠㅠㅠ♥ OST도 너무 좋음",
    "rating": "10",
    "date": "14.10.18"
  },
  {
    "review_id": "9292219",
    "movie_id": "105002",
    "author": "dhkd****",
    "review": "이런식상한 줄거리는 나도쓰겠다",
    "rating": "3",
    "date": "14.10.14"
  },
  {
    "review_id": "9291709",
    "movie_id": "105002",
    "author": "qinq****",
    "review": "^^b 생각보다 감동적이고 재밌었어요 보길 잘한 영화",
    "rating": "10",
    "date": "14.10.14"
  },
  {
    "review_id": "9276692",
    "movie_id": "105002",
    "author": "rexs****",
    "review": "두 장르의 영화를 눈깜짝할사이에 연결시켜버렸다 그리고어느새 눈가에 눈물가득",
    "rating": "10",
    "date": "14.10.09"
  },
  {
    "review_id": "9274000",
    "movie_id": "105002",
    "author": "j_fa****",
    "review": "남자주인공도 잘생겼고 여자주인공도 예뻤어요. 색감도 좋았고요. 그런데 갑자기 이야기가...;; 왜 이야기를 이렇게 끌고가야만 했는지 이해가 안 되네요. 아쉽습니다. 둘이 예쁘게 사랑하는 모습을 보여줬더라면 더 좋았을 거예요.",
    "rating": "5",
    "date": "14.10.08"
  },
  {
    "review_id": "9270986",
    "movie_id": "105002",
    "author": "last****",
    "review": "옛생각도 나면서 너무 슬프네요.ㅠㅠ",
    "rating": "10",
    "date": "14.10.07"
  },
  {
    "review_id": "9270880",
    "movie_id": "105002",
    "author": "plen****",
    "review": "이런경험이있어서인지내이야기같기도하고..마음이많이아팠고 많이공감하고울었던것같음 정말베스트영화나에게는",
    "rating": "10",
    "date": "14.10.06"
  },
  {
    "review_id": "9230065",
    "movie_id": "105002",
    "author": "tndh****",
    "review": "뻔해서 더좋다 사랑을 위해 다 포기할 수 있다는면을 보여준 영화",
    "rating": "10",
    "date": "14.09.20"
  },
  {
    "review_id": "9226211",
    "movie_id": "105002",
    "author": "alay****",
    "review": "오랜만에 눈물 쏙 뺄수있는 좋은영화 만나고갑니다 마지막 ost도 너무 좋네요",
    "rating": "10",
    "date": "14.09.19"
  },
  {
    "review_id": "9215656",
    "movie_id": "105002",
    "author": "rnld****",
    "review": "뻔하지만 뻔하지 않은, 서로 다른 밀당을 하고  엄청난 마음아픈 이야기가 펼쳐지고 있다.  너무.... 슬프다. 그리고 많이 슬프다. 그냥 막 울었다. ㅠㅠ 슬퍼",
    "rating": "10",
    "date": "14.09.14"
  },
  {
    "review_id": "9214949",
    "movie_id": "105002",
    "author": "mbs1****",
    "review": "일단 배우들이 연기를너무 잘 소화해서 영화스토리가 더욱더 살아난거같고뻔한스토리임에도 불구하고두고두고 기억에남을 영화였다^^",
    "rating": "10",
    "date": "14.09.14"
  },
  {
    "review_id": "9184264",
    "movie_id": "105002",
    "author": "ppsh****",
    "review": "뻔하다고하는 내용들이 많은데, 나에게는 색달랏던 영화이다 중간에 반전이 었고, 내용이 좋은 영화 인것 같다눈물이 펑펑나는 영화였다",
    "rating": "10",
    "date": "14.09.08"
  },
  {
    "review_id": "9179649",
    "movie_id": "105002",
    "author": "ashi****",
    "review": "진부한 소재고는 따지지 않겠다. 그걸 어떻게 표현하냐에 따라 걸작,수작,평작,망작이 갈리는데 이 영화는... 내가 평론가도 아니고 왜 그런진 모르겠는데 아쉽지만 재미없다. 차라리 초반에 아웅다웅 다툴 때가 제일 낫다.",
    "rating": "4",
    "date": "14.09.07"
  },
  {
    "review_id": "9174011",
    "movie_id": "105002",
    "author": "last****",
    "review": "정말슬퍼요 또보고싶은 그런영화",
    "rating": "8",
    "date": "14.09.06"
  },
  {
    "review_id": "9148738",
    "movie_id": "105002",
    "author": "znsv****",
    "review": "개꿀잼이다 ㅜ개슬프네...",
    "rating": "10",
    "date": "14.08.31"
  },
  {
    "review_id": "9147722",
    "movie_id": "105002",
    "author": "ksy3****",
    "review": "너무 잘봤습니다...",
    "rating": "10",
    "date": "14.08.30"
  },
  {
    "review_id": "9145162",
    "movie_id": "105002",
    "author": "p_ru****",
    "review": "중국친구가 추천해서 봤어요. 완전 유치한데 뻔한데 펑펑 울었어요 ㅠㅠ",
    "rating": "8",
    "date": "14.08.30"
  },
  {
    "review_id": "9142178",
    "movie_id": "105002",
    "author": "dang****",
    "review": "소리내어서 울고싶은.. 가슴아픈 사랑이야기전문가 평점은 멍멍이한테.꼭 보세요~",
    "rating": "10",
    "date": "14.08.29"
  },
  {
    "review_id": "9131334",
    "movie_id": "105002",
    "author": "hm39****",
    "review": "영화 중반부부터 약간의 반전으로 감동시킨것두 모자라서 가슴이 절절하고도 아린 둘의 영원한 사랑얘기가 참 와닿았습니다. 가끔씩 자신의 첫사랑이나 정말로 사랑했던 ‘그 사람’이 그리울 때 보면 좋을 영화입니다.",
    "rating": "10",
    "date": "14.08.25"
  },
  {
    "review_id": "9128314",
    "movie_id": "105002",
    "author": "tkda****",
    "review": "슬프다 근데 마지막에 가게에서 결혼사진있던데 그거 차오차오랑 찍은거겠죠?",
    "rating": "9",
    "date": "14.08.24"
  },
  {
    "review_id": "9127606",
    "movie_id": "105002",
    "author": "hara****",
    "review": "슬프지만 꼭 봐야할 영화..전문가평점좀 사라졌으면 좋겠다 저것들이 감히 평가할 수 있을까",
    "rating": "10",
    "date": "14.08.24"
  },
  {
    "review_id": "9099998",
    "movie_id": "105002",
    "author": "kimj****",
    "review": "영화의 분위기는 좋았으나 진부하고 뻔한스토리 약간 정서도 안맞는듯",
    "rating": "6",
    "date": "14.08.17"
  },
  {
    "review_id": "9099072",
    "movie_id": "105002",
    "author": "gkrj****",
    "review": "졸라 뻔한데 졸라 슬퍼ㅠㅠ그래도 결말은 내 생각과 달랐음 그렇게 뻔하지도않은 듯...아무튼 다 알고도 꺼익꺼익 울었다",
    "rating": "8",
    "date": "14.08.17"
  },
  {
    "review_id": "9087244",
    "movie_id": "105002",
    "author": "csho****",
    "review": "첫사랑을 다시 떠오르게 하는 영화 학교에서 한번보고 다시 생각나서 보니 눈물이나네요",
    "rating": "10",
    "date": "14.08.15"
  },
  {
    "review_id": "9081615",
    "movie_id": "105002",
    "author": "alsl****",
    "review": "내용의 전개가 몰입을 방해합니다좀더 러닝타임을 길게해서라도 슬프게 했다면 아님 좀도 전반부 둘의 사랑을 아름답게 표현했다면 둘의 아픔이 더욱더 와닿았을 텐데..가슴아픈 시나리오는 분명하나 그냥 그게 끝입니다몰입,공감,완성도가 좀 아쉽네요..",
    "rating": "6",
    "date": "14.08.14"
  },
  {
    "review_id": "9042250",
    "movie_id": "105002",
    "author": "han_****",
    "review": "뭔가 뻔한것같으면서도 울고있는 나...",
    "rating": "10",
    "date": "14.08.07"
  },
  {
    "review_id": "9040831",
    "movie_id": "105002",
    "author": "ljh9****",
    "review": "꺼이 꺼이 ㅎㅎ  ㅜㅠ 슬푸당  ㅜㅠ",
    "rating": "10",
    "date": "14.08.06"
  },
  {
    "review_id": "9037647",
    "movie_id": "105002",
    "author": "zxcq****",
    "review": "슬프고 참 좋은영화입니다ㅠ",
    "rating": "10",
    "date": "14.08.06"
  },
  {
    "review_id": "9024970",
    "movie_id": "105002",
    "author": "gigy****",
    "review": "ㅠㅠ 슬프다고 엄청...",
    "rating": "10",
    "date": "14.08.04"
  },
  {
    "review_id": "9022482",
    "movie_id": "105002",
    "author": "wlse****",
    "review": "암이란 뻔한 스토리엿지만 뻔하고 진부하지않은 스토리로 여주가 죽는다는거에대해선 슬펐지만 재밌고 여운깊게 봤어요!이런 스토리 너무 좋네요ㅠㅠ",
    "rating": "10",
    "date": "14.08.04"
  },
  {
    "review_id": "9013253",
    "movie_id": "105002",
    "author": "ahdz****",
    "review": "밤에혼자보느라끅끅대면서눈물콧물다나오고..진짜재밋어요ㅠㅠ",
    "rating": "10",
    "date": "14.08.03"
  },
  {
    "review_id": "9010099",
    "movie_id": "105002",
    "author": "sjy8****",
    "review": "잔잔하게 보는 장면장면이 설레고 애잔해졌다..",
    "rating": "9",
    "date": "14.08.02"
  },
  {
    "review_id": "9002126",
    "movie_id": "105002",
    "author": "guu0****",
    "review": "진짜개지린다 OO 나남잔데 진짜 밤에혼자 존나 쳐울면서봣다진짜 꼭봐라",
    "rating": "10",
    "date": "14.08.01"
  },
  {
    "review_id": "8981037",
    "movie_id": "105002",
    "author": "nam0****",
    "review": "밤에 소리안내고 보느라 끅끅대면서 엄청 울었어요",
    "rating": "10",
    "date": "14.07.30"
  },
  {
    "review_id": "8980864",
    "movie_id": "105002",
    "author": "hyun****",
    "review": "우와 여운이 아주 그냥... 우와... 이건 진짜 우와...",
    "rating": "10",
    "date": "14.07.30"
  },
  {
    "review_id": "8976273",
    "movie_id": "105002",
    "author": "tngk****",
    "review": "진짜살면서 평점 처음 남기는 영화네요아 밤에 펑펑울다잠드네요 정말 좋은영화입니다! 강추",
    "rating": "10",
    "date": "14.07.29"
  },
  {
    "review_id": "8971412",
    "movie_id": "105002",
    "author": "seri****",
    "review": "오랜만에 보는 멜로영화네요. 한국 감독이 만들어서 그런지 공감하면서 재밌게 본 영화입니다. 요즘 안구 건조증으로 고생하는데, 이 영화 보면서 오랜만에 눈물 흘려봤네요. 오랜만에 보는 슬프지만, 훈훈한 영화~~",
    "rating": "8",
    "date": "14.07.28"
  },
  {
    "review_id": "8965241",
    "movie_id": "105002",
    "author": "mine****",
    "review": "중간부터 계속 눈물이 주룩 주룩",
    "rating": "10",
    "date": "14.07.26"
  },
  {
    "review_id": "8959708",
    "movie_id": "105002",
    "author": "lyj1****",
    "review": "진짜안보면후회할영화.",
    "rating": "10",
    "date": "14.07.26"
  },
  {
    "review_id": "8959248",
    "movie_id": "105002",
    "author": "ghwj****",
    "review": "진짜  눈물 펑펑 여자가 약버리는거보고 헤어진이유 알알았고, 드레스 고르러 갔을 때 남자마음도 알았지만... 진짜 눈물만 펑펑.  거의 나중 40분정도는 계속운듯.",
    "rating": "10",
    "date": "14.07.25"
  }
]