[
  {
    "review_id": "9980683",
    "movie_id": "105199",
    "author": "ocao****",
    "review": "최고로 따뜻했던 영화!",
    "rating": "10",
    "date": "15.06.06"
  },
  {
    "review_id": "9905182",
    "movie_id": "105199",
    "author": "ippo****",
    "review": "주인공인 딸은.. 자신을 강제로 한국 문화에 편입 시킨 부모를 경멸하면서도.. 다른 한편으로는 편모 가정의 자식으로 언제나 심리적인 패널티를 감수해야함을 알면서도 과감히 자식을 낳는.. 지극히 자기 중심적이고 이기적인 모습을 보여준다.. 하긴 니인생",
    "rating": "5",
    "date": "15.05.09"
  },
  {
    "review_id": "9849119",
    "movie_id": "105199",
    "author": "tjsd****",
    "review": "흔한(???)미혼모가족 애기에 흥미를 느끼지 못하는1인",
    "rating": "5",
    "date": "15.04.17"
  },
  {
    "review_id": "9693054",
    "movie_id": "105199",
    "author": "milk****",
    "review": "한국사람은 한국인 답게 한국에서 사는게 정석... 모르는게 답!괜히 외국물 먹으면 나처럼 한국에서 살기 싫어 진다.. 그렇다고 딴나라에 실면 내가 융화 될 수 있을 까?!",
    "rating": "7",
    "date": "15.02.13"
  },
  {
    "review_id": "9652831",
    "movie_id": "105199",
    "author": "ming****",
    "review": "인생은 뜻대로 되지않습니다만 그래도 우리는 함께 살아나갑니다.",
    "rating": "9",
    "date": "15.01.31"
  },
  {
    "review_id": "9448351",
    "movie_id": "105199",
    "author": "bimb****",
    "review": "위로해주고 싶은데 되려 위로받는영화 소울이가족들 언제나행복하길",
    "rating": "10",
    "date": "14.12.05"
  },
  {
    "review_id": "9316424",
    "movie_id": "105199",
    "author": "cake****",
    "review": "좋다, 나쁘다 평가할만한 영화는 아닌듯한국인이라면 누구나 한번쯤 보면 좋은 영화",
    "rating": "7",
    "date": "14.10.25"
  },
  {
    "review_id": "9312917",
    "movie_id": "105199",
    "author": "ctsp****",
    "review": "누군가의 일기장을 공식적으로 본 느낌입니다.",
    "rating": "10",
    "date": "14.10.24"
  },
  {
    "review_id": "8887311",
    "movie_id": "105199",
    "author": "almo****",
    "review": "캐나다에서 자발적 미혼모가 된 아이의 긴 성장을 다룬 패밀리판 인간극장을 본 듯 하다",
    "rating": "8",
    "date": "14.07.05"
  },
  {
    "review_id": "8868618",
    "movie_id": "105199",
    "author": "hghg****",
    "review": "되게뭐랄까 .. 가슴이 벅차고 좋았습니다.",
    "rating": "10",
    "date": "14.06.29"
  },
  {
    "review_id": "8764413",
    "movie_id": "105199",
    "author": "kgkg****",
    "review": "따뜻하고 부드러우며 기분좋아지는 영화",
    "rating": "10",
    "date": "14.05.25"
  },
  {
    "review_id": "8761755",
    "movie_id": "105199",
    "author": "qogk****",
    "review": "문칠 감독의 이면에 있던 이야기를 들어서 정말 좋았어요.",
    "rating": "10",
    "date": "14.05.24"
  },
  {
    "review_id": "8718105",
    "movie_id": "105199",
    "author": "uber****",
    "review": "거창한 이야기로 발전하지 않고, 가족의 이야기의 틀을 지켜내는 힘!",
    "rating": "10",
    "date": "14.05.09"
  },
  {
    "review_id": "8685549",
    "movie_id": "105199",
    "author": "ann2****",
    "review": "다큐를좋아하고사랑합니다모든부모들의이야기 자식도 부모되는~",
    "rating": "10",
    "date": "14.04.30"
  },
  {
    "review_id": "8667896",
    "movie_id": "105199",
    "author": "pret****",
    "review": "우리나라의 교육제도 비판에 대하여는 공감하지만, 그 외에는 잘 모르겠다. 결혼 전 미리계획하여 임신이라니...글쎄, 그건 당당한 게 아니라 책임이 없고 충동적인 것 아닌가. 세상의 모든 제도를 비판적으로 바라보는 것 같아 보는 내내 불편하였다.",
    "rating": "5",
    "date": "14.04.23"
  },
  {
    "review_id": "8666814",
    "movie_id": "105199",
    "author": "01aj****",
    "review": "간만에 좋게 보았던 작품...",
    "rating": "7",
    "date": "14.04.23"
  },
  {
    "review_id": "8652148",
    "movie_id": "105199",
    "author": "ktey****",
    "review": "가족들의 이야기.결국 자신의 이야기.",
    "rating": "9",
    "date": "14.04.15"
  },
  {
    "review_id": "8649104",
    "movie_id": "105199",
    "author": "kos4****",
    "review": "역살의 앞으로 나가려면 색다른 시각이 필요하다.",
    "rating": "7",
    "date": "14.04.14"
  },
  {
    "review_id": "8647799",
    "movie_id": "105199",
    "author": "myro****",
    "review": "영화전개를 보다보면 감독님의 인식의 변화를 볼 수 있어서 좋았습니다. 동생분의 도전적인 면모가 한국사회가 잘못 가지고 있는 인식을 잘 표현해주는 것 같아요.",
    "rating": "10",
    "date": "14.04.13"
  },
  {
    "review_id": "8638841",
    "movie_id": "105199",
    "author": "rimi****",
    "review": "영화를 보다 낮익은 주소가 나와 화들짝 놀랐습니다. 어쩌면 비슷한 시기에 비슷한 장소에서 지나쳤던 사람일 수 있겠다는 생각과 함께요. 영화 잘 봤습니다.  모두 응원합니다. 감사합니다.",
    "rating": "10",
    "date": "14.04.10"
  },
  {
    "review_id": "8634578",
    "movie_id": "105199",
    "author": "full****",
    "review": "좋은 영화 참 감사합니다",
    "rating": "10",
    "date": "14.04.07"
  },
  {
    "review_id": "8615578",
    "movie_id": "105199",
    "author": "fami****",
    "review": "지극히 평범해서 더 마음에 와 닿는 영화!",
    "rating": "8",
    "date": "14.03.29"
  },
  {
    "review_id": "8608197",
    "movie_id": "105199",
    "author": "irul****",
    "review": "그렇게 생각하지 않는 사람들이 어디있으랴..내가 맞고 남은 다르다라고 말하긴 싫지만, 현실은 같은 곳을 바라보는사람들이 뭉쳐있는곳~ 각각의 시선은 다르다 해도 결국 원하는 것은 각자의 행복 아닌가~그리고 더불어 사는 세상아니던가.",
    "rating": "6",
    "date": "14.03.26"
  },
  {
    "review_id": "8606646",
    "movie_id": "105199",
    "author": "kjh_****",
    "review": "간만에 진짜 좋은 영화 본 것 같다 어떻게 살아야 할 지 어떻게 세상을 봐야 할 지 조금 알 거갘다",
    "rating": "10",
    "date": "14.03.25"
  },
  {
    "review_id": "8588559",
    "movie_id": "105199",
    "author": "love****",
    "review": "정말 좋은 영화를 보았다.많은 위로가 되었고 힘이 되었다.감독님 이런 영화를 만들어주셔서 정말 감사합니다.",
    "rating": "10",
    "date": "14.03.19"
  },
  {
    "review_id": "8586371",
    "movie_id": "105199",
    "author": "nerd****",
    "review": "한국에서 나고 자란 저도 나를 숨기기는 마찬가지 이었던듯.",
    "rating": "10",
    "date": "14.03.18"
  },
  {
    "review_id": "8586061",
    "movie_id": "105199",
    "author": "jeon****",
    "review": "소울도 엄마도 행복했으면 합니다. 캐나다에서 태어난것도 한국에서 자라게 된 것도 자신이 선택한 삶은 아니지만 그 어디에서나 가족이 함께 한다는 것이 전 행복이요. 큰 힘이 된다고 생각합니다. 두남매가 자라면서 문화적 충격에 마음 고생 많앗습니다.",
    "rating": "10",
    "date": "14.03.18"
  },
  {
    "review_id": "8586054",
    "movie_id": "105199",
    "author": "mogi****",
    "review": "뭔가 마음이 이상한... 에휴..",
    "rating": "1",
    "date": "14.03.18"
  },
  {
    "review_id": "8585556",
    "movie_id": "105199",
    "author": "lawv****",
    "review": "동생 애 아빠가 오빠라는데..진실",
    "rating": "1",
    "date": "14.03.18"
  },
  {
    "review_id": "8584538",
    "movie_id": "105199",
    "author": "kuko****",
    "review": "헛소리 하고 있네, '찬양하라 사회부적응자의 사대주의' 물론 우리사회엔 어두운 면도 있다.그건 우리나라만이 아니라 모두 마찬가지다.그저 사회에 엇나가면서어줍잖은 중학생 수준의 영어나 구사하면'진보주의'자로 포장된다고 생각하는 겉멋",
    "rating": "1",
    "date": "14.03.17"
  },
  {
    "review_id": "8580038",
    "movie_id": "105199",
    "author": "jwwh****",
    "review": "주변을 통해 자신을 깨닫고 자화상을 그려볼수 있게되는 영화.정상은 기준점이아닌것을 깨닫게해준 영화.영화가 끝나고 잔상이 남는 영화.",
    "rating": "10",
    "date": "14.03.16"
  },
  {
    "review_id": "8557656",
    "movie_id": "105199",
    "author": "coun****",
    "review": "빨리 가는 건 혼자해야 가능하지만 오래 멀리 가는 건 함께해야 가능하다는 걸 깨닫게 해준 영화.",
    "rating": "10",
    "date": "14.03.05"
  },
  {
    "review_id": "8541329",
    "movie_id": "105199",
    "author": "aqsd****",
    "review": "가족은 정말 강한 존내 입니다. 이런 영화들이 많이 나왓으면 좋겟습니다.",
    "rating": "10",
    "date": "14.02.27"
  },
  {
    "review_id": "8540217",
    "movie_id": "105199",
    "author": "pooh****",
    "review": "마음에 잔잔한 여운삶에 대한 진지한 고민을 하게 만든 영화최고에요!!!",
    "rating": "10",
    "date": "14.02.26"
  },
  {
    "review_id": "8538359",
    "movie_id": "105199",
    "author": "oowi****",
    "review": "아이를 갖고싶어했던 문숙이의 마음이 이해됐어요어디에도 속하지 못하고 방황하던 문숙이에겐 완전한 자기편인 아이가 절실했던거에요살면서 소울이와 함께인 지금처럼 행복했던적이 없었다는 마지막 말이 가슴을 울려요많은걸 느끼게해준 최고의 영화였습니다",
    "rating": "10",
    "date": "14.02.26"
  },
  {
    "review_id": "8521047",
    "movie_id": "105199",
    "author": "blac****",
    "review": "영화를 보는 내내 큰 위로를 받았습니다:) 따로 또 같이 함께 한다는 것이 무엇인지 고민을 하게 해준 따뜻한 영화~~",
    "rating": "10",
    "date": "14.02.19"
  },
  {
    "review_id": "8513323",
    "movie_id": "105199",
    "author": "nut1****",
    "review": "Normal에 대해 다시 생각하게 되는 영화",
    "rating": "10",
    "date": "14.02.16"
  },
  {
    "review_id": "8504395",
    "movie_id": "105199",
    "author": "pepo****",
    "review": "흠.. 괜찮습니다! 볼만하고.",
    "rating": "10",
    "date": "14.02.13"
  },
  {
    "review_id": "8501650",
    "movie_id": "105199",
    "author": "jj74****",
    "review": "평점조절위원횤ㅋㅋㅋ",
    "rating": "1",
    "date": "14.02.12"
  },
  {
    "review_id": "8500932",
    "movie_id": "105199",
    "author": "tetr****",
    "review": "마이플레이스. \"가족\"이란 뭘까.. 란 질문에 대한 가장 특수하고도 보편적인 답. 많은 것을 생각하게 하는 영화. 감동은 덤~",
    "rating": "9",
    "date": "14.02.12"
  },
  {
    "review_id": "8500482",
    "movie_id": "105199",
    "author": "tree****",
    "review": "비혼모라는 설정에서 시작해 가족구성원들의 삶의 자취 고민들을 보여주는 영화 많은 생각할거리를 안겨주는 좋은 영화라는 생각이 듭니다",
    "rating": "10",
    "date": "14.02.12"
  },
  {
    "review_id": "8500116",
    "movie_id": "105199",
    "author": "aflo****",
    "review": "올 들어 가장 재미있게 본 영화에요!",
    "rating": "10",
    "date": "14.02.12"
  },
  {
    "review_id": "8499066",
    "movie_id": "105199",
    "author": "slam****",
    "review": "잔잔하면서도 힘있고 조금 뭉클한 영화였어요.  많이들 보셨으면 좋겠네요.",
    "rating": "10",
    "date": "14.02.11"
  },
  {
    "review_id": "8496732",
    "movie_id": "105199",
    "author": "seo2****",
    "review": "마음이 따끈해지는 영화..살며시 미소짓게 되는 영화..마이플레이스가 물리적인 장소만은 아닐것이다. 나에게도 다른이들에게도 마이플레이스가 존재하길..",
    "rating": "10",
    "date": "14.02.11"
  },
  {
    "review_id": "8496326",
    "movie_id": "105199",
    "author": "nkfu****",
    "review": "담담한 시선으로 긴 기간동안 담은 가족들의 이야기. 영화의 시작과 끝에서 달라진 그들의 표정이 기억에 남는다.",
    "rating": "10",
    "date": "14.02.10"
  },
  {
    "review_id": "8496148",
    "movie_id": "105199",
    "author": "xhap****",
    "review": "나는 어떤 곳에서 가장 위로를 받을 수 있을까?.. 그것이 새삼 궁금해지는 영화였다. 아이의 웃음에서 그 답이 보이는 것 같기도 했다.",
    "rating": "8",
    "date": "14.02.10"
  },
  {
    "review_id": "8493110",
    "movie_id": "105199",
    "author": "ogr5****",
    "review": "마음 속 텅 빈 공간을 채워줄 우리의 가족.",
    "rating": "7",
    "date": "14.02.09"
  },
  {
    "review_id": "8492511",
    "movie_id": "105199",
    "author": "libe****",
    "review": "가족의 일상사를 담담하게 전하고있다. 가족을 있는 그대로 받아들이고 살아가는 모습이 인상적이었다. 이런게 가족이구나 싶고, 우리가 희망하는 가족도 이런 모습이어야하지 않나.. 다름을 받아들이고, 비록 서로가 이해되지않더라도 껴안아주고, 토닥여주고 .",
    "rating": "9",
    "date": "14.02.09"
  },
  {
    "review_id": "8491271",
    "movie_id": "105199",
    "author": "gbrm****",
    "review": "위로를 해줘서 고맙다..",
    "rating": "10",
    "date": "14.02.09"
  },
  {
    "review_id": "8486896",
    "movie_id": "105199",
    "author": "gura****",
    "review": "남의 가족 얘기인데 왜 내 얘기같지? 정말 재미있는 가족 다큐! 게다가 쏘울이가 진짜 귀엽다!",
    "rating": "10",
    "date": "14.02.08"
  },
  {
    "review_id": "8485129",
    "movie_id": "105199",
    "author": "lenn****",
    "review": "힘들지 않은 다큐. 보다보면 아빠와 화해하고 싶어져요",
    "rating": "10",
    "date": "14.02.07"
  },
  {
    "review_id": "8484274",
    "movie_id": "105199",
    "author": "pink****",
    "review": "인생은 나의 자리를 찾아가는 여정뭐 끝까지 못 찾을 수도 있지만점점 가까워 질 수는 있다고 생각한다그 여정을 달리고 있는 모두에게 박수를!",
    "rating": "9",
    "date": "14.02.07"
  },
  {
    "review_id": "8483196",
    "movie_id": "105199",
    "author": "dlwl****",
    "review": "우리 집안의  미친ㄴ이였던 내모습도 위로를 받았다.  따로 또 같이 자신들의 뿌리를 내릴수있는 땅을 찾아가는 모습이 아름다웠고, 소울이의 탄생은 축복이다.  마이플레이스는 사랑이 숨쉬는 곳에 존재하기때문이다. 내모습으로 살아갈수있도록 힘을 주는 영화다",
    "rating": "10",
    "date": "14.02.07"
  },
  {
    "review_id": "8481797",
    "movie_id": "105199",
    "author": "seyu****",
    "review": "가족다큐. 다소 지겨울 거라는 예상을 깨고! 여동생의 육아에서부터, 주변가족과의 관계를 거쳐, 다시 감독 자신의 고민으로 이어지는 훈훈한 핸드헬드 화면이 참 좋앗습니다",
    "rating": "10",
    "date": "14.02.06"
  },
  {
    "review_id": "8480443",
    "movie_id": "105199",
    "author": "ms03****",
    "review": "딸아이와 함께 봤는데 가족들 입장을 하나하나 따라가며 생각해 볼 수 있었어요 저도 제 입장만 생각하며 살아온 건 아닌가 싶기도 했구요 딸은 동생이 참 대단하다고 하네요 아이를 낳고 인생이 폈다고...  진짜 사람은 인정받는 것, 사랑받는 것이 중요해요",
    "rating": "7",
    "date": "14.02.06"
  },
  {
    "review_id": "8480283",
    "movie_id": "105199",
    "author": "blue****",
    "review": "나와 비슷한 사람들을 만난 것 같아 따뜻한 위안이 되는 작품. 그리고 내 자리에 대해 다시금 생각하게 한 영화.",
    "rating": "8",
    "date": "14.02.06"
  },
  {
    "review_id": "8479869",
    "movie_id": "105199",
    "author": "will****",
    "review": "남의 가족을  보며 나의 가족을 돌아보게 하였다. 우리 가족도 다큐나 하나 찍을까나.ㅋ",
    "rating": "10",
    "date": "14.02.06"
  },
  {
    "review_id": "8479646",
    "movie_id": "105199",
    "author": "barl****",
    "review": "생각을 강요하지 않으면서 생각하게 해 주고, 감동을 강요하지 않으면서 감동을 주는 영화. 내 인생 최고의 다큐멘터리.",
    "rating": "10",
    "date": "14.02.06"
  },
  {
    "review_id": "8477878",
    "movie_id": "105199",
    "author": "hanf****",
    "review": "다큐에 등장하는 인물 모두 내 가족처럼 혹은 내 친척처럼 느껴지는 신기한 느낌. 계속 곱씹어 보고 싶어지는 영화입니다.",
    "rating": "10",
    "date": "14.02.05"
  },
  {
    "review_id": "8477273",
    "movie_id": "105199",
    "author": "bent****",
    "review": "그들의 이야기를 들어서 무척 위로가 됐다",
    "rating": "10",
    "date": "14.02.05"
  },
  {
    "review_id": "8476814",
    "movie_id": "105199",
    "author": "myyk****",
    "review": "감독님! 꾸준히 가족들의 모습 촬영해두었다가 십수년 후에 2탄도 만들어주세요.  지금보다 더 행복한 청년 소울이와 가족들의 모습 기다리겠습니다!",
    "rating": "10",
    "date": "14.02.05"
  },
  {
    "review_id": "8475598",
    "movie_id": "105199",
    "author": "ropa****",
    "review": "한국에서 사실 평범한 가족은 없다. 그저 감춰져있을듯. 외국을 나가진않았지만 한국에서 튕겨져나갈것같았던 마음에 동반자를 만난느낌",
    "rating": "10",
    "date": "14.02.04"
  },
  {
    "review_id": "8475564",
    "movie_id": "105199",
    "author": "suh2****",
    "review": "한 가족의 인간극장을 보는 듯 했어요. 공감도되고여자로써 동생이 대단하다는 생각이 드네요",
    "rating": "9",
    "date": "14.02.04"
  },
  {
    "review_id": "8474097",
    "movie_id": "105199",
    "author": "mira****",
    "review": "뜬금없이싸이가나와서불편하신분이많으신거같은데이유를설명드리겠습니다. 애니메이션시장은디즈니픽사드림웍스가 아니면 성공하기 힘듭니다.그래서 어쩔수없이세계에인지도있는 싸이를넣은겁니다.우리나라에서는욕먹지만외국에서는엔딩크레딧싸이나오면아이들은신나서춤을춥니다",
    "rating": "10",
    "date": "14.02.04"
  },
  {
    "review_id": "8472446",
    "movie_id": "105199",
    "author": "sang****",
    "review": "\"정상\"이란 무엇이며, 나는 어디에 있는지, 다시한번 생각해주는 부드러운 가르침 감사합니다.",
    "rating": "10",
    "date": "14.02.03"
  },
  {
    "review_id": "8472432",
    "movie_id": "105199",
    "author": "sout****",
    "review": "보여주는 건 한 개인의 가족사인데 그 속에 우리 사회와 역사가 다 드러난다!",
    "rating": "10",
    "date": "14.02.03"
  },
  {
    "review_id": "8472418",
    "movie_id": "105199",
    "author": "wetp****",
    "review": "어떤 영화보다도 많은 생각을 하게 해주는 영화. 근래 에 본 다큐멘터리 영화중에 완성도가 가장 높았던 작품.",
    "rating": "10",
    "date": "14.02.03"
  },
  {
    "review_id": "8471986",
    "movie_id": "105199",
    "author": "laug****",
    "review": "뻔하지 않지만 따뜻한 이야기. 내가 있을 곳이 아니었던, 때로는 벗어나고 싶었던 곳이나 미웠던 가족이 <마이플레이스>가 되어가는 신비하고 감동적인 역추적, 이해와 공감의 힘.",
    "rating": "10",
    "date": "14.02.03"
  },
  {
    "review_id": "8471786",
    "movie_id": "105199",
    "author": "suji****",
    "review": "정말 좋은 영화.^^ 감동적이고 따뜻하면서 유머도 있는.. 이 영화를 많은 사람들이 본다면 가족들을 비롯해서 우리 공동체에서 함께 살아가는 사람들에 대한 관심과 이해의 폭을 넓힐 수 있을 것 같아요.",
    "rating": "10",
    "date": "14.02.03"
  },
  {
    "review_id": "8471654",
    "movie_id": "105199",
    "author": "myoo****",
    "review": "특별한 듯 아주 평범한, 누구나 공감할 수 있는 이야기. 내가 여태껏 본 다큐 영화중에서 내 주변의 모든 사람에게 강력 추천하고 싶은 영화는 처음입니다.",
    "rating": "10",
    "date": "14.02.03"
  },
  {
    "review_id": "8470849",
    "movie_id": "105199",
    "author": "sowo****",
    "review": "어느 곳에서도 소속감을 느끼지 못하는 이민 세대들에게 힘이 되는 영화",
    "rating": "10",
    "date": "14.02.03"
  },
  {
    "review_id": "8470621",
    "movie_id": "105199",
    "author": "erik****",
    "review": "이 영화를 보고 사람들이 자칫 비혼모 또는 미혼모를 미화하지 않을까 싶다. 그녀의 행동에 대해 우리가 뭐라고 정의할 권리는 없지만 적어도 자랑스럽게 내세울만한 행동은 아직 우리나라 정서로는 아니라고 본다. 물론 그 틀을 깨고 싶은게 감독의 생각일수도.",
    "rating": "2",
    "date": "14.02.03"
  },
  {
    "review_id": "8470519",
    "movie_id": "105199",
    "author": "pope****",
    "review": "개인은 서로 다른 기질을 가지고 태어난다.같은 사건도 다르게 느끼고 반응하고 그속에서 어떻게 조화를 이루고 사는것이 우리의 삶인듯하다.이렇게 다르지만 또 이렇게 닮아있는 가족.가족에게 보여주고싶은 생각이들었고 다시 볼 생각이다",
    "rating": "8",
    "date": "14.02.03"
  },
  {
    "review_id": "8468617",
    "movie_id": "105199",
    "author": "papa****",
    "review": "이 영화.. 훈훈하고 치유되고 위로되고 공감이 됩니다. 자극적인 소재로 자극적인 진행이 아닌, 오히려 자극적일 수 있는 소재로도 인스턴트 느낌의 자극이 아닌 슬로푸드의 영양가를 전달해주는것 같네요. 무엇보다 (소울이가) 훈훈합니다. 훈훈합니다..",
    "rating": "10",
    "date": "14.02.02"
  },
  {
    "review_id": "8461934",
    "movie_id": "105199",
    "author": "sita****",
    "review": "많은 내용을 담고 있으면서도 쉽고 재밌습니다",
    "rating": "10",
    "date": "14.02.01"
  },
  {
    "review_id": "8460508",
    "movie_id": "105199",
    "author": "3zza****",
    "review": "직원들과 회식으로 영화를 단체관람을 자주 하는데 광해 보다도 더 만족도가 좋고 모두 공감했던 영화였습니다. 다큐영화라 어떨지 추천하고도 다들 좋아할지 불안했는데 다들 좋은 영화 추천해줘서 고맙다는 말을 들었습니다. 돌아갈 가족이 있다는 것. 따뜻함^^",
    "rating": "10",
    "date": "14.02.01"
  },
  {
    "review_id": "8459771",
    "movie_id": "105199",
    "author": "bora****",
    "review": "처음엔 아기에게 반해서 마냥 흐뭇하게 웃다가, 대한민국 교육시스템에 대해 고민해보게 되고, 가족이 화해하는 모습에서 우리 가족이 보여 울다가 가족이 역이민을 결정한 이유를 듣고 그 당시 한국의 시대적 상황까지 돌아보게 되는 훌륭한 사적/공적 다큐영화!",
    "rating": "10",
    "date": "14.02.01"
  },
  {
    "review_id": "8459709",
    "movie_id": "105199",
    "author": "whit****",
    "review": "최고의 영화.. 길잃은 항해의 나침반이 될듯...",
    "rating": "10",
    "date": "14.02.01"
  },
  {
    "review_id": "8455202",
    "movie_id": "105199",
    "author": "xien****",
    "review": "꼭 보고 싶네요.. ^^ (평점이 너무 높아서 좀 낮춥니다.)",
    "rating": "1",
    "date": "14.01.31"
  },
  {
    "review_id": "8453430",
    "movie_id": "105199",
    "author": "waji****",
    "review": "이 영화를 가족과 같이 볼수있다면  삶의  커다란 행운! 혼자 본다면, 커다란 위로!",
    "rating": "10",
    "date": "14.01.31"
  },
  {
    "review_id": "8451316",
    "movie_id": "105199",
    "author": "mint****",
    "review": "이 다큐멘터리를 보며 내내 '공감!'을 외칠 사람들에겐 용기와 위로를 주는 작품.",
    "rating": "10",
    "date": "14.01.30"
  },
  {
    "review_id": "8450406",
    "movie_id": "105199",
    "author": "toy0****",
    "review": "가족과 함께 보고싶은 영화.",
    "rating": "10",
    "date": "14.01.30"
  },
  {
    "review_id": "8448469",
    "movie_id": "105199",
    "author": "kp00****",
    "review": "10점이여서깜놀한1ㅅ",
    "rating": "5",
    "date": "14.01.30"
  },
  {
    "review_id": "8447923",
    "movie_id": "105199",
    "author": "lj98****",
    "review": "ㅎㅎ볼만한 거 찾다가 이리보고갑니다",
    "rating": "10",
    "date": "14.01.30"
  }
]