[
  {
    "review_id": "10262432",
    "movie_id": "105246",
    "author": "bori****",
    "review": "아이들이  너무 좋아하네요.  배우들의 노래는 정말 굿 굿",
    "rating": "8",
    "date": "15.08.22"
  },
  {
    "review_id": "10260672",
    "movie_id": "105246",
    "author": "opt1****",
    "review": "뮤지컬영화를 좋아해서...내용은 좀 아쉽습니다",
    "rating": "7",
    "date": "15.08.22"
  },
  {
    "review_id": "10260290",
    "movie_id": "105246",
    "author": "rox9****",
    "review": "뜬금없는 스토리...",
    "rating": "5",
    "date": "15.08.21"
  },
  {
    "review_id": "10255733",
    "movie_id": "105246",
    "author": "xxxa****",
    "review": "보다 잤고 애들보라고만든지 어른보라고만든지모르겟음",
    "rating": "1",
    "date": "15.08.20"
  },
  {
    "review_id": "10242184",
    "movie_id": "105246",
    "author": "bayd****",
    "review": "결혼식 장면까지는 괜찮았는데...",
    "rating": "6",
    "date": "15.08.16"
  },
  {
    "review_id": "10207489",
    "movie_id": "105246",
    "author": "chyy****",
    "review": "전체적으로 진부한느낌이들었다.뭔가 스토리상 전개도 깔끔하지도않았고.어린애들과 같이보기 좋을것같다",
    "rating": "7",
    "date": "15.08.09"
  },
  {
    "review_id": "10182844",
    "movie_id": "105246",
    "author": "sept****",
    "review": "동화 여러개를 모아서 드럽게 재미없는 영화 한편을 만들었네. 캐릭터들이 아깝다.",
    "rating": "4",
    "date": "15.08.04"
  },
  {
    "review_id": "10168308",
    "movie_id": "105246",
    "author": "jean****",
    "review": "웬만하면 평점 높게 주는데, 영화 편집을 너무 못했다, 좋을 뻔한 이야기를 마지막에 너무 질질 끌다니. 편집자와 감독을 욕하고 싶다",
    "rating": "5",
    "date": "15.08.01"
  },
  {
    "review_id": "10146700",
    "movie_id": "105246",
    "author": "2935****",
    "review": "그래두 기대안하고 봤는데 꽤 괜찮아요. 근데 어린 애기들이보기에는 너무 동심파괴인듯ㅜㅜ 좀 엉뚱한 부분이나오긴하지만 동화를 조금 현실적으로 바꿔서 뜻을 전달해주는 것 같아요! 소원을 빌기전에는 그에 따른 대가를 치뤄야한다는것ㅎㅎ",
    "rating": "8",
    "date": "15.07.26"
  },
  {
    "review_id": "10129828",
    "movie_id": "105246",
    "author": "dmse****",
    "review": "아ㅜ유엉어ㅏ대박이에용 ㅋㅋㅋ",
    "rating": "10",
    "date": "15.07.22"
  },
  {
    "review_id": "10122322",
    "movie_id": "105246",
    "author": "aruw****",
    "review": "ㅋㅋㅋ아 늑대 뭔가 조니뎁스럽다 했음 ㅋㅋㅋㅋ주제가 뭔지 모르겠지만 그래도 킬링타임으로 보기엔 괜찮은 영화!",
    "rating": "6",
    "date": "15.07.20"
  },
  {
    "review_id": "10109532",
    "movie_id": "105246",
    "author": "jye1****",
    "review": "내가 이 영화를 보고 느낀 점과 디즈니가 이 영화를 통해서 관람객들에게 전해주고 싶은 이야기가 같은 건진 잘 모르겠지만, 확실히 '숲' 이라는 건 세상을 의미하는 것 같다. 거인도, 늑대도, 불륜도 다 세상에서 일어나는 일임을 말이다.",
    "rating": "8",
    "date": "15.07.16"
  },
  {
    "review_id": "10109345",
    "movie_id": "105246",
    "author": "1998****",
    "review": "너무너무너무너무재미있어요",
    "rating": "6",
    "date": "15.07.16"
  },
  {
    "review_id": "10108457",
    "movie_id": "105246",
    "author": "seon****",
    "review": "잡동사니 뮤지컬이네요...라푼젤.신데렐라.잭과콩나무.빨간모자이진실.아!  이런뮤지컬은 제스탈이 아니네요..",
    "rating": "3",
    "date": "15.07.16"
  },
  {
    "review_id": "10106161",
    "movie_id": "105246",
    "author": "voic****",
    "review": "감독이 안그러다가 이번엔 지 생긴대로 영화를 만들었다.",
    "rating": "1",
    "date": "15.07.15"
  },
  {
    "review_id": "10099450",
    "movie_id": "105246",
    "author": "suvi****",
    "review": "노래며 배우며 심지어 앞부분 스토리는 모두 완벽했지만 뒤에선..디즈니가 요즘돈이 많아 힘쓴느낌..예고편이 진짜 다인..배우아니였음 뛰쳐나올뻡한 미묘한 영화다.",
    "rating": "3",
    "date": "15.07.13"
  },
  {
    "review_id": "10093263",
    "movie_id": "105246",
    "author": "doks****",
    "review": "애들보기에딱인것같네요",
    "rating": "8",
    "date": "15.07.11"
  },
  {
    "review_id": "10090948",
    "movie_id": "105246",
    "author": "cont****",
    "review": "시도와 시작은 좋았지만, 뮤지컬 영화에 들을 음악이 없었다.",
    "rating": "5",
    "date": "15.07.11"
  },
  {
    "review_id": "10089784",
    "movie_id": "105246",
    "author": "anew****",
    "review": "디즈니의 새로운 해석. 옛날식 동화는 더 이상 현실에 맞지 않으므로.",
    "rating": "9",
    "date": "15.07.11"
  },
  {
    "review_id": "10079834",
    "movie_id": "105246",
    "author": "v__f****",
    "review": "진짜 실망하고 본 영화... 매우 안타까움",
    "rating": "1",
    "date": "15.07.08"
  },
  {
    "review_id": "10074840",
    "movie_id": "105246",
    "author": "jung****",
    "review": "아는 만큼 보인다고 나는 이 영화가 재미 없었다.영화가 끝나고 뭔가 아쉬워 이런 저런 정보들을 찾아보니 몰랐던 재미를 찾았다.(2점→8점)",
    "rating": "8",
    "date": "15.07.06"
  },
  {
    "review_id": "10050232",
    "movie_id": "105246",
    "author": "cris****",
    "review": "여러가지 동화를 믹스해놓은 퓨전판타지..ㅋㅋ 끝에는 스토리 막장이지만 은근 신선하고 재밌음. 라푼젤까지 막장에 엮었어야 하는데 아쉽네..ㅎㅎ",
    "rating": "10",
    "date": "15.06.29"
  },
  {
    "review_id": "10041149",
    "movie_id": "105246",
    "author": "tmfv****",
    "review": "뭐가 옳은 지 결정하는 건 너야뭐가 좋은지 결정하는 건 너야",
    "rating": "7",
    "date": "15.06.27"
  },
  {
    "review_id": "10024505",
    "movie_id": "105246",
    "author": "fire****",
    "review": "정말 이상하고 산만한 영화다. 내용 전개가 이상하게 혼합되서 이해가 잘 안 되고 점점 지루해지고 이야기들의 많은 재미있는 부분들이 잘려 말이 되지 않는다. 정말 지루했다.",
    "rating": "1",
    "date": "15.06.23"
  },
  {
    "review_id": "10023520",
    "movie_id": "105246",
    "author": "ranr****",
    "review": "원래 원작에서는 두 왕자의 더블불륜에다 라푼젤은 깔려죽는다고 합니다. 이정도면 많이 순화시킨듯하네요. 디지니의 이미지만을 생각하고 보면 뒷통수 맞은 기분이 들겠지만 원작을 알고 본 사람들은 재밌게 볼수 있어요.",
    "rating": "10",
    "date": "15.06.23"
  },
  {
    "review_id": "10022400",
    "movie_id": "105246",
    "author": "a137****",
    "review": "재밌어요.재미있엉노",
    "rating": "7",
    "date": "15.06.22"
  },
  {
    "review_id": "10020097",
    "movie_id": "105246",
    "author": "astr****",
    "review": "신데렐라 원작 내용, 라푼젤 원작 내용이 그대로 나와서 상당히 충격적이였다. 이순간 난 알았다..이건 가족용이 아니라는것을..그리고 마녀가 재료모아달라는 내용도 어디서 읽었는데, 영화에서 잘 다뤘네요 거의 똑같아요",
    "rating": "7",
    "date": "15.06.21"
  },
  {
    "review_id": "10015368",
    "movie_id": "105246",
    "author": "tjwj****",
    "review": "뒤죽박죽이긴하지만...뭐 그냥 볼만햇던영화",
    "rating": "8",
    "date": "15.06.20"
  },
  {
    "review_id": "10015310",
    "movie_id": "105246",
    "author": "pake****",
    "review": "참재밋게 봣어요~~~^^",
    "rating": "8",
    "date": "15.06.20"
  },
  {
    "review_id": "10012958",
    "movie_id": "105246",
    "author": "1215****",
    "review": "보다나옴...대사가 온통 노래",
    "rating": "10",
    "date": "15.06.19"
  },
  {
    "review_id": "10011249",
    "movie_id": "105246",
    "author": "gse1****",
    "review": "이 영화의 원작 뮤지컬이 한국에서 유명했으면 욕 좀 덜먹었을 것을... 왜 동화로 소개를 했을까ㅠ  애들 동화라기 보단 그림형제 원작에 가까움. 음악좋고 웃기고 참현실적인 뮤지컬이지만 애들 동화는 아닌데ㅠㅠ",
    "rating": "10",
    "date": "15.06.19"
  },
  {
    "review_id": "10010841",
    "movie_id": "105246",
    "author": "gyuv****",
    "review": "그냥 적당히 딱 디즈니스러운 영화. 나쁘지않았음!",
    "rating": "8",
    "date": "15.06.19"
  },
  {
    "review_id": "10003124",
    "movie_id": "105246",
    "author": "abys****",
    "review": "ㅠㅠ기대했는데 너무 실망한 작품",
    "rating": "4",
    "date": "15.06.15"
  },
  {
    "review_id": "9995383",
    "movie_id": "105246",
    "author": "cite****",
    "review": "온 갖 동화가 다 섞여서 나온 짬뽕의 맛!동화적 상상력이 고갈되자 상상력을 찾아나선 헐리우드가 선택한 짬뽕!나는 맛있었지만 아들은 재미없다고 툴툴거림짜장은 아이들의 로망이지만, 짬뽕은 좀 커야 먹을 만하다는 생각을 함.",
    "rating": "3",
    "date": "15.06.13"
  },
  {
    "review_id": "9990187",
    "movie_id": "105246",
    "author": "ehwj****",
    "review": "동화 속이야기를 짬뽕해놓은 독특한 설정은 좋긴했지만 그냥 그것뿐",
    "rating": "6",
    "date": "15.06.11"
  },
  {
    "review_id": "9976416",
    "movie_id": "105246",
    "author": "suhs****",
    "review": "내용을 해석하면 욕심으로인해 벌어진일이고 욕심은 꼬리를 물고 나중엔 그 욕심이 커다란 위험을 만들고 그 위험을 보고 사람들은 책임전가만 할려고한다... 그래도 해결책 찾고 그걸 해결하고 후손들은 이런 일이 나오질않길 바라고 그 방법을 동화로 교훈을준다",
    "rating": "8",
    "date": "15.06.05"
  },
  {
    "review_id": "9962210",
    "movie_id": "105246",
    "author": "back****",
    "review": "재밌다.하지만 아이들은 보기 힘듬",
    "rating": "10",
    "date": "15.05.30"
  },
  {
    "review_id": "9960215",
    "movie_id": "105246",
    "author": "lwi1****",
    "review": "잼없음 기대와 완전히 다름 실망",
    "rating": "4",
    "date": "15.05.29"
  },
  {
    "review_id": "9959774",
    "movie_id": "105246",
    "author": "jiyo****",
    "review": "재밋어요~~~~<!!!!^^",
    "rating": "6",
    "date": "15.05.29"
  },
  {
    "review_id": "9952981",
    "movie_id": "105246",
    "author": "kys0****",
    "review": "이런 최악영화는 살면서 처음",
    "rating": "1",
    "date": "15.05.26"
  },
  {
    "review_id": "9944993",
    "movie_id": "105246",
    "author": "aa73****",
    "review": "이야기가 너무 복잡하게 전개 되더라구요.. 조금 흥미가 떨어 졌어요.",
    "rating": "3",
    "date": "15.05.24"
  },
  {
    "review_id": "9941104",
    "movie_id": "105246",
    "author": "smil****",
    "review": "나름대로 괜찮앗습니다.",
    "rating": "6",
    "date": "15.05.23"
  },
  {
    "review_id": "9939864",
    "movie_id": "105246",
    "author": "hfjh****",
    "review": "너무늦게작성하지만재밋엇다",
    "rating": "10",
    "date": "15.05.23"
  },
  {
    "review_id": "9934423",
    "movie_id": "105246",
    "author": "sryj****",
    "review": "동심파괴괴..결론은 아기를 얻으려는 베이커부부의 소원에 의해베이커 부인은 죽고 빨간망토와 잭의 부모님은 죽고신데렐라는 왕자와 헤어지는 막장 스토리.왜 베이커는 끝까지 알지 못 하는 것일까헤어진 여동생과의 감동적인 재회도 있을 줄 알앗는데..",
    "rating": "1",
    "date": "15.05.21"
  },
  {
    "review_id": "9913521",
    "movie_id": "105246",
    "author": "zldd****",
    "review": "작가가 한국인인가요? 막장드라마 보는쥴;;",
    "rating": "1",
    "date": "15.05.12"
  },
  {
    "review_id": "9906702",
    "movie_id": "105246",
    "author": "jyan****",
    "review": "숲속이 아닌 안드라메다로",
    "rating": "4",
    "date": "15.05.09"
  },
  {
    "review_id": "9906361",
    "movie_id": "105246",
    "author": "mien****",
    "review": "나름 볼만하구만 디즈니 영화치고 이정도면 평작 이상이다",
    "rating": "7",
    "date": "15.05.09"
  },
  {
    "review_id": "9896317",
    "movie_id": "105246",
    "author": "jjcv****",
    "review": "산만하기만한 뮤지컬.",
    "rating": "3",
    "date": "15.05.05"
  },
  {
    "review_id": "9895712",
    "movie_id": "105246",
    "author": "jmch****",
    "review": "왜 난 꽤 재밌었는데...애초에 이 연령 상영가를 전체로 한 건 문제였지만, 몇 가지 인생 교훈 주는 것도 있고 동화의 멋진 재구성이라는 생각이 들었다. 4점 정도의 평점으로 평가될 영화는 아닌 듯.",
    "rating": "10",
    "date": "15.05.05"
  },
  {
    "review_id": "9894822",
    "movie_id": "105246",
    "author": "ying****",
    "review": "별로..스토리가 ㄷ 너무 황당했어요",
    "rating": "4",
    "date": "15.05.04"
  },
  {
    "review_id": "9890316",
    "movie_id": "105246",
    "author": "inu1****",
    "review": "제일 불쌍한건 알고보면 거인들. 잘 살고있는데 인간소년한테 돈 뜯기고 몰살당함.  어른들이 아이에게 해주고 싶은 이야기라는 토대가 있다는건 알겠는데 전개탓인지 좀 어이없음. 뭣보다  재미가 없다.",
    "rating": "1",
    "date": "15.05.03"
  },
  {
    "review_id": "9884249",
    "movie_id": "105246",
    "author": "voca****",
    "review": "점점 산으로 가는가 했는데 끝나고 보니 말하고 싶은 메세지가 있었던것같다. 극 중간중간 그 메세지를 암시하는 일들과 대사들이 기억나 이해가 갔다~아이들보단 어른들이 보고 생각해볼만한 영화이고  완전 재밌진 않지만 음악과 배우들의 노래가 좋았다.",
    "rating": "7",
    "date": "15.05.01"
  },
  {
    "review_id": "9882714",
    "movie_id": "105246",
    "author": "rudt****",
    "review": "잼씀...,..,..,...",
    "rating": "10",
    "date": "15.05.01"
  },
  {
    "review_id": "9881823",
    "movie_id": "105246",
    "author": "ligi****",
    "review": "평점을 먼저 보고 볼걸. ㅜㅜ 두시간  보기 힘들다",
    "rating": "3",
    "date": "15.04.30"
  },
  {
    "review_id": "9876206",
    "movie_id": "105246",
    "author": "aber****",
    "review": "믿고 안보는 조니뎁. 진짜 시간낭비.",
    "rating": "10",
    "date": "15.04.28"
  },
  {
    "review_id": "9875326",
    "movie_id": "105246",
    "author": "holr****",
    "review": "스토리도 난해한 뮤지컬 숲속으로를 어떻게 영화화했을지 궁금했는데 역시 실망시키지않는 디즈니",
    "rating": "10",
    "date": "15.04.28"
  },
  {
    "review_id": "9871012",
    "movie_id": "105246",
    "author": "bhk9****",
    "review": "보는 내내 시간이 안가는 영화는 처음.",
    "rating": "2",
    "date": "15.04.26"
  },
  {
    "review_id": "9869182",
    "movie_id": "105246",
    "author": "nost****",
    "review": "과거 디즈니풍의 행복하게 잘 살았습니다로 끝나지 않고 나름 반전을 노렸지만...",
    "rating": "7",
    "date": "15.04.26"
  },
  {
    "review_id": "9867666",
    "movie_id": "105246",
    "author": "lemo****",
    "review": "광고는 진짜재밌을꺼처럼 거대하게해놓고뭔 ㅋㅋ?할말이없네 조니뎁ㅠ 우정출연? 정말 디즈니",
    "rating": "1",
    "date": "15.04.25"
  },
  {
    "review_id": "9866135",
    "movie_id": "105246",
    "author": "icec****",
    "review": "이 영화에 시간낭비할 사람들을 위해서 양심적으로 평점을 부여하는 바이다.",
    "rating": "1",
    "date": "15.04.25"
  },
  {
    "review_id": "9865677",
    "movie_id": "105246",
    "author": "qnof****",
    "review": "난 재밌었는데ㅋㅋㅋㅋ 기존의 디즈니가 아닌 잔혹스러운 영화라 더 재미있었던것 같음 중간중간마다 노래도 다 듣기좋았고 뮤지컬원작의 영화나 뮤지컬은 잘 안보지만 처음으로 뮤지컬이 재밌다고 느낀영화임",
    "rating": "10",
    "date": "15.04.25"
  },
  {
    "review_id": "9858394",
    "movie_id": "105246",
    "author": "good****",
    "review": "지겹다. 왕자들이 좀 웃기다.",
    "rating": "5",
    "date": "15.04.23"
  },
  {
    "review_id": "9855317",
    "movie_id": "105246",
    "author": "skgk****",
    "review": "반으로 나뉜다 초반은 어린이들이 알던 내용 후반은 어른들을 위한 동화 노래와 평범한 동화에 재해석이 나름 괜찬았다고 생각한다 하지만 어린이용 영화라 생각하고 보러가면 후회할지도...",
    "rating": "7",
    "date": "15.04.21"
  },
  {
    "review_id": "9854317",
    "movie_id": "105246",
    "author": "mcq8****",
    "review": "전개 ㄹㅇ쓰렉 근데 발성은 좋음",
    "rating": "1",
    "date": "15.04.20"
  },
  {
    "review_id": "9853437",
    "movie_id": "105246",
    "author": "kimd****",
    "review": "전 나름 노래즐기면서 재밌게봤어요",
    "rating": "7",
    "date": "15.04.19"
  },
  {
    "review_id": "9851916",
    "movie_id": "105246",
    "author": "m_sa****",
    "review": "아이들을 위한 동화로 시작해서 급 어른용 동화로 바뀌는 알수없는 영화..",
    "rating": "3",
    "date": "15.04.19"
  },
  {
    "review_id": "9849046",
    "movie_id": "105246",
    "author": "bbun****",
    "review": "거인만 불쌍해...보는내내 속이 불편함. 아 짜증나",
    "rating": "1",
    "date": "15.04.17"
  },
  {
    "review_id": "9846753",
    "movie_id": "105246",
    "author": "bbon****",
    "review": "노잼 하히후헤호파피푸피포루루룰루 숲소그로가자",
    "rating": "1",
    "date": "15.04.15"
  },
  {
    "review_id": "9844355",
    "movie_id": "105246",
    "author": "yang****",
    "review": "평점 너무 낮아 10점 줍니다.",
    "rating": "10",
    "date": "15.04.13"
  },
  {
    "review_id": "9844262",
    "movie_id": "105246",
    "author": "dawn****",
    "review": "'숲속으로' 라기보단 \"산으로\"가 잘어울릴 듯",
    "rating": "2",
    "date": "15.04.13"
  },
  {
    "review_id": "9843594",
    "movie_id": "105246",
    "author": "jin1****",
    "review": "뒤로 갈수록 엉망진창 이예요",
    "rating": "1",
    "date": "15.04.13"
  },
  {
    "review_id": "9843265",
    "movie_id": "105246",
    "author": "jkl3****",
    "review": "그냥그냥 볼만한 영화였음",
    "rating": "6",
    "date": "15.04.12"
  },
  {
    "review_id": "9842744",
    "movie_id": "105246",
    "author": "blue****",
    "review": "내 소원은, 이 영화가 얼른 끝나길 바라네. 내 소원은, 환불받길 바라네.",
    "rating": "1",
    "date": "15.04.12"
  },
  {
    "review_id": "9842317",
    "movie_id": "105246",
    "author": "less****",
    "review": "재미있었습니다.  ㅋㅋ 평범한 디즈니 영화로 끝내지 않은 것, 뮤지컬도, 잘 알고 있는 동화들을 엮은 것도 좋았습니다.",
    "rating": "8",
    "date": "15.04.12"
  },
  {
    "review_id": "9841173",
    "movie_id": "105246",
    "author": "1202****",
    "review": "여러  동화를  함께보는  재미가있습니다~",
    "rating": "8",
    "date": "15.04.12"
  },
  {
    "review_id": "9839293",
    "movie_id": "105246",
    "author": "rlad****",
    "review": "전반적으로 재미있었던거 같아요 마녀가 콩을뿌릴때뭔가 웃겻지만 슬펏던거 같네요 결말이 조금 딱!끝내지지 않고 흐지부지한거 조금 아쉬운거 같넉요",
    "rating": "7",
    "date": "15.04.11"
  },
  {
    "review_id": "9835930",
    "movie_id": "105246",
    "author": "jms5****",
    "review": "동화를 전체적으로 섞어논 구성인데, 몰입감이 떨어지는 원인이 되기도 하는것 같다. '맘마미아'에서 보여줬던 뮤지컬 영화에서의 메릴 스트립의 연기는 여전히 좋았다. 짧게 나온 조니 뎁이 나온 분량이 아쉽기도 하다. 동화를 어거지로 합쳐논 느낌이 강하다.",
    "rating": "7",
    "date": "15.04.09"
  },
  {
    "review_id": "9835517",
    "movie_id": "105246",
    "author": "yuka****",
    "review": "티비에서 재밌다고 소개되서 봤지만 이건...참 심하네요.우선 스토리가 탄탄하지않아요. 결국 결말이 산으로 가게되었죠. 인물들의 대사가 가끔은 답답함을 넘어 황당하기까지합니다. 전개가 매끄럽지못하고 여러 이야기들을 억지로 뒤죽박죽 섞은 느낌이에요.",
    "rating": "2",
    "date": "15.04.09"
  },
  {
    "review_id": "9828891",
    "movie_id": "105246",
    "author": "hams****",
    "review": "재밌습니다. 1점주는사람들 뭡니까. 자기들이 직접  재밌는 영화 만들어 보세요.",
    "rating": "9",
    "date": "15.04.05"
  },
  {
    "review_id": "9828828",
    "movie_id": "105246",
    "author": "juyo****",
    "review": "미끼에 걸려들다니...",
    "rating": "1",
    "date": "15.04.05"
  },
  {
    "review_id": "9822791",
    "movie_id": "105246",
    "author": "ys_a****",
    "review": "신선한 병맛 뮤지컬 영화였다. 나름 시사하는 바도 있고! 단순히 동화를 엮은거라고 생각하면 안된다. 지극히 모든 동화를 다 알고 이성적 판단이 가능한 어른을 위한 영화다.",
    "rating": "8",
    "date": "15.04.02"
  },
  {
    "review_id": "9822183",
    "movie_id": "105246",
    "author": "drag****",
    "review": "재밋으려다 난잡해져서 졸렷음",
    "rating": "3",
    "date": "15.04.02"
  },
  {
    "review_id": "9820749",
    "movie_id": "105246",
    "author": "kny3****",
    "review": "메릴스트립은  이  영화에서  일당백. 왕자님은 잘생겼다. 안나켄드릭은  노래 쩐다. 빨간망토와 잭을 연기한 아역들 대박. 디즈니 제작규모다운  커스텀 디자인과  세트디자인  덕에 보는 내내  눈이 즐거웠다.  스토리작가는  일로와라  좀  맞자.",
    "rating": "10",
    "date": "15.04.01"
  },
  {
    "review_id": "9820462",
    "movie_id": "105246",
    "author": "ipac****",
    "review": "시카고를 만들어낸 롭마샬은 대체 어디로 가버린건가???",
    "rating": "4",
    "date": "15.04.01"
  },
  {
    "review_id": "9819028",
    "movie_id": "105246",
    "author": "alps****",
    "review": "그냥 그랬음하지만 동화같아 좋았음",
    "rating": "6",
    "date": "15.03.31"
  },
  {
    "review_id": "9818397",
    "movie_id": "105246",
    "author": "tjsd****",
    "review": "흥미로운 재해석, 뒷심부족",
    "rating": "6",
    "date": "15.03.31"
  },
  {
    "review_id": "9818362",
    "movie_id": "105246",
    "author": "dutk****",
    "review": "여자친구가보고싶어해서 봣는데 나름 재미있게봤음",
    "rating": "6",
    "date": "15.03.31"
  },
  {
    "review_id": "9816815",
    "movie_id": "105246",
    "author": "love****",
    "review": "굉장한 작품으로 기대하고 봤는데....굉장히....엽기적이네요...배우들 연기 최고....내용는 최악....노래는 너무 어렵고 심오함...  원작자는 천재아니면 정신병자,아니면 엽기적 장난꾸러기.",
    "rating": "5",
    "date": "15.03.30"
  },
  {
    "review_id": "9815601",
    "movie_id": "105246",
    "author": "ddan****",
    "review": "짱짱짱~~아이가 너무 재미있다며 친구에게 엄청 추천해요~~",
    "rating": "9",
    "date": "15.03.29"
  },
  {
    "review_id": "9814952",
    "movie_id": "105246",
    "author": "clst****",
    "review": "내가 조니뎁 나온대서 왕기대하고 봤는데.... 낚였다 조니뎁 주연이라더니 그냥 홍보용이었나봄신데렐라 결혼하고 끊었으면 좋았을텐데ㅋㅋㅋ..갑작스러운 불륜은 또 뭥미 스토리 노이해그래두 노래 취향이었구 조니뎁이 잘생겨서 좋았다(???)",
    "rating": "3",
    "date": "15.03.29"
  },
  {
    "review_id": "9807939",
    "movie_id": "105246",
    "author": "dnfd****",
    "review": "그냥그랬어요...또보고싶진않음",
    "rating": "7",
    "date": "15.03.26"
  },
  {
    "review_id": "9807146",
    "movie_id": "105246",
    "author": "haha****",
    "review": "조니뎁보러갔는데...",
    "rating": "7",
    "date": "15.03.26"
  },
  {
    "review_id": "9806922",
    "movie_id": "105246",
    "author": "hagj****",
    "review": "재밌는것보다 얻는게 더 많은데 스토리의 흐름이 어색할뿐 시도자체도 좋았고 이 영화가 주는 뜻?같은걸 이해 하면 유치하지만은 않은 영화",
    "rating": "9",
    "date": "15.03.26"
  },
  {
    "review_id": "9804575",
    "movie_id": "105246",
    "author": "ast0****",
    "review": "갑지가 이야기가 너무....뭐지이건...ㅎ",
    "rating": "4",
    "date": "15.03.25"
  },
  {
    "review_id": "9804193",
    "movie_id": "105246",
    "author": "poie****",
    "review": "나쁘지 않지만 좋지도 않다",
    "rating": "7",
    "date": "15.03.25"
  },
  {
    "review_id": "9803775",
    "movie_id": "105246",
    "author": "qdfj****",
    "review": "온갖 동화를 짬뽕.잡탕식으로 만들어논 드럽게 잼없는 뮤지컬영화.",
    "rating": "2",
    "date": "15.03.24"
  },
  {
    "review_id": "9803086",
    "movie_id": "105246",
    "author": "mete****",
    "review": "이렇게 지루하고 재미없는 디즈니 영화는 처음이다. 배우들이 아깝다.",
    "rating": "5",
    "date": "15.03.24"
  },
  {
    "review_id": "9803020",
    "movie_id": "105246",
    "author": "dbwl****",
    "review": "ㅋㅋ배우가아까운 망작임 ㅋㅋ왕자둘이서 계곡에서 가슴옷깃열며노래부를때 웃겨죽는줄 아..오글거림 신데렐라랑결혼해놓고 베이커아내랑바람나는건또뭐임??뭔가있겠지싶어서 끝까지본내가대견한",
    "rating": "1",
    "date": "15.03.24"
  },
  {
    "review_id": "9802919",
    "movie_id": "105246",
    "author": "shon****",
    "review": "영화 평점 처음 남겨봄. 본 중 제일 쓰레기 같은 영화라서 어디에든 욕을 해주고 싶었다. 정말 어마 무지 거지 똥 휴지 같은 영화의 사례로서는 볼만 함. 세상에 좋은 배우들 데려다가 돈 발라서 이런 걸 만들 수도 있구나.",
    "rating": "1",
    "date": "15.03.24"
  },
  {
    "review_id": "9802739",
    "movie_id": "105246",
    "author": "fox7****",
    "review": "올바른 부부관계와 선택에대한 중요성에대해 다시한번 일깨워주는 영화이다. 들을수록 중독성있는 노래와 출연자들의 엄청난 가창력에 감탄한다.",
    "rating": "10",
    "date": "15.03.24"
  }
]