[
  {
    "review_id": "10272757",
    "movie_id": "105239",
    "author": "adiv****",
    "review": "은근히 정치 비판 영화.. 수꼴의 대표 할어버지의 마지막 반전은 지금 우리나라의 모습",
    "rating": "7",
    "date": "15.08.25"
  },
  {
    "review_id": "10104813",
    "movie_id": "105239",
    "author": "dkqh****",
    "review": "수구꼴통 어버이연합 할아버지와 폐륜아 일베충 손자의 누가 더 쓰레기인가 경연하는 영화~ 결론은 둘다 한통속 쓰레기. 그나물에 그밥~ 사회악....야한것만 기대하고봤으면 실망함",
    "rating": "8",
    "date": "15.07.14"
  },
  {
    "review_id": "9875309",
    "movie_id": "105239",
    "author": "runa****",
    "review": "정말 창피한 영화. 내용도 없고 어설픈 에로씬만 잔뜩있다가 마지막에 뻔한 결말.",
    "rating": "1",
    "date": "15.04.28"
  },
  {
    "review_id": "9838729",
    "movie_id": "105239",
    "author": "ykdi****",
    "review": "반전이 충격. 무서운 할배....",
    "rating": "7",
    "date": "15.04.10"
  },
  {
    "review_id": "9667281",
    "movie_id": "105239",
    "author": "rhdu****",
    "review": "쓰레기 영화 쓰레기 배우",
    "rating": "1",
    "date": "15.02.05"
  },
  {
    "review_id": "9507161",
    "movie_id": "105239",
    "author": "lee2****",
    "review": "놀랍다. 신선함으로 다가오는 새로운 장르 와 시대의 재해석 , 냉정한 중립적인 시선.",
    "rating": "8",
    "date": "14.12.24"
  },
  {
    "review_id": "9466898",
    "movie_id": "105239",
    "author": "a109****",
    "review": "내용이 막장인데 생각보다 재미있었음.여배우가 팬서비스 차원에서 노출했음 더 인상적이었을텐데..",
    "rating": "8",
    "date": "14.12.12"
  },
  {
    "review_id": "9448147",
    "movie_id": "105239",
    "author": "nbin****",
    "review": "오 반전있네.. 역시 피는 물보다 진하군",
    "rating": "5",
    "date": "14.12.05"
  },
  {
    "review_id": "9329386",
    "movie_id": "105239",
    "author": "jong****",
    "review": "이런게 시지비에 걸려야되는디... 아깝네.",
    "rating": "9",
    "date": "14.10.30"
  },
  {
    "review_id": "9299324",
    "movie_id": "105239",
    "author": "lbis****",
    "review": "마지막 반전이 있다는 평을 보고 보는내내 무슨 반전일까, 하면서도 그 반전이 감탄과 웃음을 유발한다. 뭣보다 할배,손자,여자의 연기가 뛰어나다. 처음보는 연기자인데도 몰입하게 만드는 것 같애",
    "rating": "10",
    "date": "14.10.18"
  },
  {
    "review_id": "9278118",
    "movie_id": "105239",
    "author": "marc****",
    "review": "우리 사회를 기막히게 표현 하였다.",
    "rating": "8",
    "date": "14.10.09"
  },
  {
    "review_id": "9228725",
    "movie_id": "105239",
    "author": "name****",
    "review": "\"어서 묻지 않고 뭐해?\" (\"넌 할애비 없이 못산다 알겠냐?\")",
    "rating": "8",
    "date": "14.09.20"
  },
  {
    "review_id": "8871232",
    "movie_id": "105239",
    "author": "feel****",
    "review": "[IMDB  5.4/10 ] 노인, 그들이 사는 법.",
    "rating": "7",
    "date": "14.06.30"
  },
  {
    "review_id": "8838747",
    "movie_id": "105239",
    "author": "amug****",
    "review": "감독이나 영화는 마음에 안들지만 일베충들이 더 싫어서 텐!",
    "rating": "10",
    "date": "14.06.18"
  },
  {
    "review_id": "8821046",
    "movie_id": "105239",
    "author": "neyc****",
    "review": "꽃뱀의 최후? 끈끈한 혈육의 정? 할아버지의 손자 교육법? 진보의 반성? 뭔가 말하려는거 같지만 제대로 전달이 안된다..",
    "rating": "6",
    "date": "14.06.11"
  },
  {
    "review_id": "8818950",
    "movie_id": "105239",
    "author": "yong****",
    "review": "관객평보다 전문가평이 높은건 첨본다.",
    "rating": "10",
    "date": "14.06.10"
  },
  {
    "review_id": "8564046",
    "movie_id": "105239",
    "author": "wrap****",
    "review": "전달하고자 하는 의도는 수준급이고 좋은데 포스터하고 시각적 표현은 싸구려 3류에서 머문다. 이것이 표현의 수준... 절대적 수준의 차이",
    "rating": "3",
    "date": "14.03.09"
  },
  {
    "review_id": "8530395",
    "movie_id": "105239",
    "author": "izzo****",
    "review": "그래도 팔은 안으로 굽고 변화를 싫어 하지만, 보이는 보여지는 \"예\"는 갖추어야 하지??",
    "rating": "8",
    "date": "14.02.23"
  },
  {
    "review_id": "8205328",
    "movie_id": "105239",
    "author": "sksd****",
    "review": "nothing and nothing",
    "rating": "4",
    "date": "13.12.11"
  },
  {
    "review_id": "8180274",
    "movie_id": "105239",
    "author": "goms****",
    "review": "나약하고 도태되어진 우리 사회를 허허실실 엿보기",
    "rating": "5",
    "date": "13.11.30"
  },
  {
    "review_id": "8160357",
    "movie_id": "105239",
    "author": "dlar****",
    "review": "스토리 전개가 되게 흥미롭고 웃겼네요.",
    "rating": "8",
    "date": "13.11.22"
  },
  {
    "review_id": "8152424",
    "movie_id": "105239",
    "author": "nozo****",
    "review": "음... 이걸 반전이라고 표현하기는 좀 무리가있다고 봄.... 그냥 허무개그 같다고나 할까... 전반적으로 그냥 그러네요... 뭐가 한국영화 발전 화이팅인지... 알바천국이네요....",
    "rating": "2",
    "date": "13.11.19"
  },
  {
    "review_id": "8130183",
    "movie_id": "105239",
    "author": "choi****",
    "review": "초반에는 지루했는데 결말로 갈수록 조금씩 흥미진진해짐.",
    "rating": "5",
    "date": "13.11.10"
  },
  {
    "review_id": "8097365",
    "movie_id": "105239",
    "author": "kjw7****",
    "review": "재미라곤 눈꼽만큼도 없는데, 알바들 보소. 평점은 왜이렇게 높냐?",
    "rating": "1",
    "date": "13.10.28"
  },
  {
    "review_id": "8094108",
    "movie_id": "105239",
    "author": "lada****",
    "review": "나는 반전이 쌩뚱맞다.",
    "rating": "6",
    "date": "13.10.27"
  },
  {
    "review_id": "8077407",
    "movie_id": "105239",
    "author": "zzzo****",
    "review": "할배 막판에손자편들어주네 여자묻어",
    "rating": "1",
    "date": "13.10.21"
  },
  {
    "review_id": "8076757",
    "movie_id": "105239",
    "author": "sunp****",
    "review": "달달하니 웃 기고 생각외로  상당히  재미있다",
    "rating": "9",
    "date": "13.10.21"
  },
  {
    "review_id": "8063526",
    "movie_id": "105239",
    "author": "kss1****",
    "review": "꿈보다 해몽이라고..사회풍자니 어쩌니하는데글쎄다",
    "rating": "2",
    "date": "13.10.16"
  },
  {
    "review_id": "8063306",
    "movie_id": "105239",
    "author": "kjc7****",
    "review": "세대간갈등과 절대 죽지않을것같은 수꼴과 갈수록 찌질해지는 진보의 대립을 풍자한 씁쓸한 우리들의 자화상. 뜻은 좋으나 극의 흐름과 전개가 좀더 도발적이고 긴장감있었으면하는 아쉬움과 19금인 이유가 궁금했다. 얌체여자는 권력에 기생하는 언론을 풍자한것인가",
    "rating": "7",
    "date": "13.10.16"
  },
  {
    "review_id": "8058965",
    "movie_id": "105239",
    "author": "4ang****",
    "review": "별 두개짜리 영화. 알바들 괘씸해서 한 개 줌",
    "rating": "1",
    "date": "13.10.13"
  },
  {
    "review_id": "8057754",
    "movie_id": "105239",
    "author": "mirj****",
    "review": "머꼬 이건... 졸라 유치하고 드럽게 잼 없네...씨알",
    "rating": "3",
    "date": "13.10.13"
  },
  {
    "review_id": "8055006",
    "movie_id": "105239",
    "author": "jyg8****",
    "review": "오랜만에 본 신선한 작품.. 할배가 손자는 꼭 사람만든다더니.. 처음부터 다 알고 있었던것 같다 아니 오히려 할배가 꽃뱀을 이용한걸수도",
    "rating": "8",
    "date": "13.10.12"
  },
  {
    "review_id": "8049798",
    "movie_id": "105239",
    "author": "cccc****",
    "review": "시골판  은교 시곤 촌  할아버지는 우연히  손자로인해  찾아온  여자를  알게되고  그녀로인해  젋음을  느끼게 되는데",
    "rating": "7",
    "date": "13.10.10"
  },
  {
    "review_id": "8044256",
    "movie_id": "105239",
    "author": "cine****",
    "review": "피는 물, 아니 정액보다 진하다.",
    "rating": "6",
    "date": "13.10.08"
  },
  {
    "review_id": "8042238",
    "movie_id": "105239",
    "author": "timh****",
    "review": "그냥 습작... 복상사로 상속을 받으려는데, 끼어든 꽃뱀... 참 진부하다.",
    "rating": "3",
    "date": "13.10.07"
  },
  {
    "review_id": "8041868",
    "movie_id": "105239",
    "author": "andy****",
    "review": "살인방조에 대한 개연성이 부족한 영화 그리고 반전이면 수준높다 라고 하는 머리나쁜 관객들",
    "rating": "2",
    "date": "13.10.07"
  },
  {
    "review_id": "8039454",
    "movie_id": "105239",
    "author": "bles****",
    "review": "단촐한 이야기로 매섭게 파고드는 현실의 굴레",
    "rating": "7",
    "date": "13.10.06"
  },
  {
    "review_id": "8030050",
    "movie_id": "105239",
    "author": "balg****",
    "review": "댓글도 조작하나,,왜없어지지,",
    "rating": "1",
    "date": "13.10.03"
  },
  {
    "review_id": "8029620",
    "movie_id": "105239",
    "author": "musu****",
    "review": "피는 물보다 진하다? ㅎㅎ저예산으로 잘만든 듯. 결말이 좀 허무하네요",
    "rating": "7",
    "date": "13.10.03"
  },
  {
    "review_id": "8026826",
    "movie_id": "105239",
    "author": "leva****",
    "review": "없어지지않고 살아있는 친일꼴통과 분열로 실패하는 진보를 보는듯하다. 지금의 대한민국같다.",
    "rating": "9",
    "date": "13.10.02"
  },
  {
    "review_id": "8018514",
    "movie_id": "105239",
    "author": "hk4l****",
    "review": "한국사회 세대 갈등 심각하죠. 메시지 격하게 공감하고요. 젊은 세대 좀 각성해야 합니다. 촬영도 좋던데요~배우 연기도 훌륭하고요. 노출기대하면 실망하겠지만 영화 내공이 장난이 아닙니다.",
    "rating": "10",
    "date": "13.09.27"
  },
  {
    "review_id": "8017991",
    "movie_id": "105239",
    "author": "ghkg****",
    "review": "어설픈 메시지에 영상미 또한 없고...그냥 어줍잖은데요. ㅋ 이런게 진보면 저는 진보 안할랍니다.",
    "rating": "1",
    "date": "13.09.27"
  },
  {
    "review_id": "8017673",
    "movie_id": "105239",
    "author": "dnjs****",
    "review": "그저 노출마케팅에 끌려서 야한장면만 찾으면서 영화넘겨가며 본사람들은이영화가 쓰레기라고 하겠지. 처음부터 하나하나 집중해서 끝까지 보고나면 최고의 영화다.",
    "rating": "10",
    "date": "13.09.27"
  },
  {
    "review_id": "8014762",
    "movie_id": "105239",
    "author": "red_****",
    "review": "잘 만드셧네요 :) 재미잇게보앗습니다.",
    "rating": "9",
    "date": "13.09.25"
  },
  {
    "review_id": "8014525",
    "movie_id": "105239",
    "author": "tbsh****",
    "review": "와 엔딩 몇분전에. 삽들고 있는 씬.... 이런 반전 정말 새롭네요. 영화 다보고 포스터를 다시보니 제목 '죽지않아' 캬 소름끼치네요. 감독님 이름 기억하겠습니다. 잘봤어요~",
    "rating": "8",
    "date": "13.09.25"
  },
  {
    "review_id": "8014435",
    "movie_id": "105239",
    "author": "muta****",
    "review": "이건뭐 스토리도 없고 그렇다고 야하지도 않고...으이그~",
    "rating": "1",
    "date": "13.09.24"
  },
  {
    "review_id": "8013759",
    "movie_id": "105239",
    "author": "mais****",
    "review": "그저 그런듯",
    "rating": "3",
    "date": "13.09.24"
  },
  {
    "review_id": "8013628",
    "movie_id": "105239",
    "author": "1000****",
    "review": "이딴게 영화라고...",
    "rating": "1",
    "date": "13.09.24"
  },
  {
    "review_id": "8013578",
    "movie_id": "105239",
    "author": "ttig****",
    "review": "영화소개서 부터 대놓고 수꼴이란다. 니들이 수꼴이라 칭하는 세대가 이 나라를 일으켜 세웠고 니들은 그저 그 토양 위에서 그래도 밥먹고 사는거란다. 그래서 니들이 좌파빨갱이라고 불리는 거야.",
    "rating": "1",
    "date": "13.09.24"
  },
  {
    "review_id": "8013535",
    "movie_id": "105239",
    "author": "zlee****",
    "review": "시뻘건 영화는 가차없이 밍듀화 '_<v",
    "rating": "1",
    "date": "13.09.24"
  },
  {
    "review_id": "8013396",
    "movie_id": "105239",
    "author": "jaeb****",
    "review": "한은비, 노인과의 과감한 베드신, 파격노출 등으로 며칠새 스포츠신문에 언플하더니... 저처럼 그런거 기대하신 분은 접으시길. -_-; 여러분이 생각하는 그런 노출 없습니다. 딱 비키니정도의 수준, 기껏해봤자 등짝 노출. 좋은 영화로만 즐기시길",
    "rating": "8",
    "date": "13.09.24"
  },
  {
    "review_id": "8011127",
    "movie_id": "105239",
    "author": "kkok****",
    "review": "지루한감이 있다 소재는 신선함",
    "rating": "6",
    "date": "13.09.23"
  },
  {
    "review_id": "8010850",
    "movie_id": "105239",
    "author": "syto****",
    "review": "재밌냐  이게?",
    "rating": "2",
    "date": "13.09.23"
  },
  {
    "review_id": "8008282",
    "movie_id": "105239",
    "author": "rapa****",
    "review": "'할배'와 '아들'은 '마인드 닫혀버린 수구꼴통'과 '목소리만 남아있는 힘없는 진보'를....  '손자'는 '냉혹한 자본주의와 취업난 속에 맹목적 허세와 욕심 가득하여 그것이 꿈이라 착각하는",
    "rating": "10",
    "date": "13.09.22"
  },
  {
    "review_id": "8007872",
    "movie_id": "105239",
    "author": "kis5****",
    "review": "수꼴들과 일베찌질이들 가족사랑 부모사랑 할배사랑 다시한번 되뇌이며 김치녀 욕드립질 거세게 불러올 작품이네 ㅋㅋ 역시나 예상을 크게 벗어나지않는 쉽지않은 능구렁이 지독한 할배캐릭터.넘극단적이다만 물질만능주의 현실세태 세대갈등 풍자해서 잘그려냈음.",
    "rating": "9",
    "date": "13.09.22"
  },
  {
    "review_id": "8006316",
    "movie_id": "105239",
    "author": "bbq2****",
    "review": "꽉막힌 외골수 대령 할배, 그 할배가 죽기만을 바라며 유산을 노리고 할배 밑 시골로 들어간 손자, 그리고 복상사 제안을 받아들인 꽃뱀... 가만보면 all men must die",
    "rating": "7",
    "date": "13.09.21"
  },
  {
    "review_id": "8005190",
    "movie_id": "105239",
    "author": "barb****",
    "review": "70, 80대 할아버지들에게 용기와 희망을 준다는 의미에선 긍정적인 부분도 있지만 헛된 망상을 심어 줄 수 있는 위험도 내포하고 있다고 본다. 요즘 사회적 문제가 될 정도로 심심찮게 일어나고 있는 할아버지뻘 되는 사람들의 성범죄들...현실은 달라...",
    "rating": "1",
    "date": "13.09.21"
  },
  {
    "review_id": "8004356",
    "movie_id": "105239",
    "author": "jzms****",
    "review": "마지막 반전이 잼있네요.ㅎㅎ  시작부에 재사를 지낸걸보니 이미 다른여자도..빠빠잉.ㅋㅋ  결국 지훈이는 여자물색하러 갔던것이였군... 할아버지의 삽 장면도.. 4년동안의 많은 일들이 있었다는것을 보여주는 장면..",
    "rating": "9",
    "date": "13.09.21"
  },
  {
    "review_id": "8004329",
    "movie_id": "105239",
    "author": "capp****",
    "review": "왜 노출 어쩌구로 띄우냐 영화를 그냥 어이없기 웃긴 영화였지만 사기는 치지 말자 노출제로다.",
    "rating": "1",
    "date": "13.09.21"
  },
  {
    "review_id": "8004276",
    "movie_id": "105239",
    "author": "guev****",
    "review": "코믹한 설정을 흥미롭게 전개 시키는군",
    "rating": "7",
    "date": "13.09.21"
  },
  {
    "review_id": "8003530",
    "movie_id": "105239",
    "author": "thx7****",
    "review": "대한민국 노병은 죽지 않는다. 다만 노병을 위한 나라를 만들 뿐이다.",
    "rating": "8",
    "date": "13.09.21"
  },
  {
    "review_id": "8003239",
    "movie_id": "105239",
    "author": "pepe****",
    "review": "속이다 시원하네 OO",
    "rating": "8",
    "date": "13.09.21"
  },
  {
    "review_id": "8002678",
    "movie_id": "105239",
    "author": "rlxo****",
    "review": "영감 살아있네..ㅋ젝일",
    "rating": "7",
    "date": "13.09.21"
  },
  {
    "review_id": "8002379",
    "movie_id": "105239",
    "author": "coms****",
    "review": "정말 잘만든 영화다. 1000만 관객 동원하는 영화보다 더욱 영화다운 영화다.",
    "rating": "10",
    "date": "13.09.20"
  },
  {
    "review_id": "8001697",
    "movie_id": "105239",
    "author": "duqu****",
    "review": "여배우 노출 기대하며 봤지만  생각했던것보다 야하지않음 노출 기대하며 봤으면 실망이 큽니다 마지막  반전은 인상 깊었습니다. 피는 물보다 진하다라는 표현이랄까..",
    "rating": "6",
    "date": "13.09.20"
  },
  {
    "review_id": "8001695",
    "movie_id": "105239",
    "author": "sptl****",
    "review": "결말이 와우 ㅎ",
    "rating": "7",
    "date": "13.09.20"
  },
  {
    "review_id": "8001537",
    "movie_id": "105239",
    "author": "tear****",
    "review": "적은 캐릭터로 드넓은 사회상을 이리 간단명료하게 정리할 수 있다니!",
    "rating": "8",
    "date": "13.09.20"
  },
  {
    "review_id": "8001191",
    "movie_id": "105239",
    "author": "yeop****",
    "review": "굿^^b",
    "rating": "8",
    "date": "13.09.20"
  },
  {
    "review_id": "8000762",
    "movie_id": "105239",
    "author": "x_me****",
    "review": "레기레기 쓰레기",
    "rating": "1",
    "date": "13.09.20"
  },
  {
    "review_id": "8000378",
    "movie_id": "105239",
    "author": "twot****",
    "review": "눈 빛만으로 전달되는 상호간의 묘한 긴장감",
    "rating": "8",
    "date": "13.09.20"
  },
  {
    "review_id": "7999901",
    "movie_id": "105239",
    "author": "ligh****",
    "review": "끝까지 다른 결론을 생각하고 보고 있다가, 마지막 대사에서 그 결론이 획 빠껴서 놀란다.   김기덕 감독의 영화 만큼이나  충격적이나, 전혀 거부감 없이 감독의 메시지에 동의하게 된다.",
    "rating": "10",
    "date": "13.09.20"
  },
  {
    "review_id": "7999488",
    "movie_id": "105239",
    "author": "veet****",
    "review": "여배우 전형적인  미인은 아닌데 참 매력있는 얼굴",
    "rating": "7",
    "date": "13.09.20"
  },
  {
    "review_id": "7999164",
    "movie_id": "105239",
    "author": "kor2****",
    "review": "초반의 상황은 재미있었지만 그게 다다.",
    "rating": "3",
    "date": "13.09.20"
  },
  {
    "review_id": "7998631",
    "movie_id": "105239",
    "author": "soam****",
    "review": "우리시대의 괴담같은 이야기.",
    "rating": "7",
    "date": "13.09.20"
  },
  {
    "review_id": "7998310",
    "movie_id": "105239",
    "author": "thth****",
    "review": "독립영화라는 타이틀에 걸맞게 그렇게 재밌지도 재미없지도않은 특유의 야한것을 부각시키는 그런 그저그런 영화 볼만은합니다",
    "rating": "6",
    "date": "13.09.20"
  },
  {
    "review_id": "7997450",
    "movie_id": "105239",
    "author": "juon****",
    "review": "정치색 다르면 수꼴이고 가족을 죽여도 괜찮다는 좌좀들 선동영화 ㅎ 5.18비하로 죽였다는 그 전라도 살인자가 실존할 수 있다는걸 잘 보여준 영화이긴하군 ㅋ",
    "rating": "1",
    "date": "13.09.19"
  },
  {
    "review_id": "7996962",
    "movie_id": "105239",
    "author": "robo****",
    "review": "현세태의 가치관의 문제와 시대상을 적나라하고 솔직하게 풀어낸 작품같습니다. 그리고 경험이 많은 노인분의 세상을 바로보는 혜안의 묘사도 인상적이네요.",
    "rating": "9",
    "date": "13.09.19"
  },
  {
    "review_id": "7996686",
    "movie_id": "105239",
    "author": "mjch****",
    "review": "멋진영화",
    "rating": "10",
    "date": "13.09.19"
  },
  {
    "review_id": "7996509",
    "movie_id": "105239",
    "author": "jjaj****",
    "review": "해병으로 꼭 나와야만 했나요. 손자나 그년이나 손자 친구년놈들이나 ㅉㅉ",
    "rating": "1",
    "date": "13.09.19"
  },
  {
    "review_id": "7996145",
    "movie_id": "105239",
    "author": "lead****",
    "review": "죽지 않았네",
    "rating": "5",
    "date": "13.09.19"
  },
  {
    "review_id": "7995720",
    "movie_id": "105239",
    "author": "tjdg****",
    "review": "남자가 5.88 여자가 8.61 인거보면 남자 대부분 일베충이겟지 ㅋ 아니면 점수차가 클리도없고 명불허전 일베충들",
    "rating": "10",
    "date": "13.09.19"
  },
  {
    "review_id": "7994474",
    "movie_id": "105239",
    "author": "danz****",
    "review": "아무 기대없이 봤다가 솔직히 잼있었다. 한은비 발견. 꼴통할배를 죽이려는 손자와 그를 이용하려는 꽃뱀녀.. 중간 비오는날 부침개에 막걸리씬도 좋았고 막판 반전은 피는 정액보다 진하다는거지",
    "rating": "8",
    "date": "13.09.19"
  },
  {
    "review_id": "7994089",
    "movie_id": "105239",
    "author": "moon****",
    "review": "평론가들이 점수 잘준 영화는 왜 사람들이 욕을 할까?  보는 눈이 없는건가",
    "rating": "8",
    "date": "13.09.18"
  },
  {
    "review_id": "7993927",
    "movie_id": "105239",
    "author": "mola****",
    "review": "죽지않아",
    "rating": "10",
    "date": "13.09.18"
  },
  {
    "review_id": "7993613",
    "movie_id": "105239",
    "author": "ximg****",
    "review": "파격노출?? 노출이 있엇나??",
    "rating": "8",
    "date": "13.09.18"
  },
  {
    "review_id": "7993584",
    "movie_id": "105239",
    "author": "gtgb****",
    "review": "저딴 영화에 10점주는 인간들은 뭐냐 여주인공도 별볼일없고 ㅋㅋㅋ",
    "rating": "1",
    "date": "13.09.18"
  },
  {
    "review_id": "7993482",
    "movie_id": "105239",
    "author": "brer****",
    "review": "영화를 보고 평가하는 기준은 다 다르겠지만 무슨 메세지를 담고있을까 한번쯤은 생각해 보게하는 힘이있는 영화네요",
    "rating": "10",
    "date": "13.09.18"
  },
  {
    "review_id": "7993252",
    "movie_id": "105239",
    "author": "cjsw****",
    "review": "여자 꼭지하나 안나옴",
    "rating": "1",
    "date": "13.09.18"
  },
  {
    "review_id": "7992697",
    "movie_id": "105239",
    "author": "nd22****",
    "review": "참나",
    "rating": "1",
    "date": "13.09.18"
  },
  {
    "review_id": "7992679",
    "movie_id": "105239",
    "author": "madm****",
    "review": "코메디속에 교묘한 선동.. 으이구~",
    "rating": "1",
    "date": "13.09.18"
  },
  {
    "review_id": "7992589",
    "movie_id": "105239",
    "author": "dipl****",
    "review": "알바들아 적당히 하거라~~~거대상업영화니 뭐니 어쩌고 떠들면서 감성에 호소하는 알바들아 적당히 하자~~",
    "rating": "1",
    "date": "13.09.18"
  },
  {
    "review_id": "7991962",
    "movie_id": "105239",
    "author": "sw02****",
    "review": "왜 하하가 안나오죠?",
    "rating": "8",
    "date": "13.09.18"
  },
  {
    "review_id": "7991758",
    "movie_id": "105239",
    "author": "koma****",
    "review": "정신줄 놓고 만들엇나? 줄거리에 수꼴이란말이 나오네거기다 할아버지를 죽여? 좌빨들의 인민재판엔 가족도 나이도 없다는거 광고하는 영화구나북한에 보내라 . 김정은 좋아하겟다",
    "rating": "1",
    "date": "13.09.18"
  },
  {
    "review_id": "7991745",
    "movie_id": "105239",
    "author": "jbc0****",
    "review": "강한씬이 없다 질x사x 요런건 나와줘야지 ㅡㅡ 물론 노모로....",
    "rating": "1",
    "date": "13.09.18"
  },
  {
    "review_id": "7991719",
    "movie_id": "105239",
    "author": "zmmz****",
    "review": "영화 죽지않아보다 한은비 정사신 이딴게 영화야?여배우가 개소리하는게?",
    "rating": "1",
    "date": "13.09.18"
  },
  {
    "review_id": "7991704",
    "movie_id": "105239",
    "author": "khs1****",
    "review": "ㅡ.ㅡ",
    "rating": "1",
    "date": "13.09.18"
  },
  {
    "review_id": "7991693",
    "movie_id": "105239",
    "author": "kyos****",
    "review": "늙으면 죽어야된다는 진보의 패륜적 생각을 나름대로 재미있게 풀어내려고 했으나 패륜은 패륜 패륜쓰레기영화",
    "rating": "1",
    "date": "13.09.18"
  },
  {
    "review_id": "7991682",
    "movie_id": "105239",
    "author": "shin****",
    "review": "수꼴이니 가스통이니 정치적 지역적으로 개같은 소리만 지껄이면서 분란 조장하는 빨갱이 작가",
    "rating": "1",
    "date": "13.09.18"
  },
  {
    "review_id": "7991636",
    "movie_id": "105239",
    "author": "vhst****",
    "review": "마이너스는 왜없냐 ㅋ 뮤비 보고 영화수준 딱 알만하더군 ㅉㅉ 북한에서 이런거 만들라고 돈 대주던?",
    "rating": "1",
    "date": "13.09.18"
  },
  {
    "review_id": "7991308",
    "movie_id": "105239",
    "author": "axll****",
    "review": "정말 잘만든 영화네요. 여자>남자 는 진리이지만 시간이흐르면 여자><<남자약빨이 떨어지는걸 잘표현했네요",
    "rating": "9",
    "date": "13.09.18"
  }
]