[
  {
    "review_id": "9374670",
    "movie_id": "105267",
    "author": "dede****",
    "review": "쓸데없는 야한장면을 추가시켜 스토리상을 흐리게하는 일본 애니보다 훨씬 값어치가 있다. 단지 그렇게 인기를 안 얻었을 뿐.. 충분히 성장할 가치가 잇다. 일본의 애니만 보고자란 경우라 한국의 애니메이션이 이렇게나 성장했다니 놀랍다..",
    "rating": "10",
    "date": "14.11.12"
  },
  {
    "review_id": "8345735",
    "movie_id": "105267",
    "author": "pizu****",
    "review": "그래픽이나 스토리 아이디어가 괜찮았는데 못떠서 아쉽네요.",
    "rating": "10",
    "date": "14.01.04"
  },
  {
    "review_id": "8072717",
    "movie_id": "105267",
    "author": "pete****",
    "review": "재밋어요끝나서 아쉬워요",
    "rating": "10",
    "date": "13.10.19"
  },
  {
    "review_id": "7917833",
    "movie_id": "105267",
    "author": "song****",
    "review": "재밋어요~^▽^",
    "rating": "10",
    "date": "13.08.24"
  }
]