[
  {
    "review_id": "7471283",
    "movie_id": "105298",
    "author": "dong****",
    "review": "감동적이었습니다. 감사합니다.",
    "rating": "10",
    "date": "13.04.20"
  },
  {
    "review_id": "7451188",
    "movie_id": "105298",
    "author": "nora****",
    "review": "예수님의 십자가 사랑을 몸소 실천하신 선교사님. 내가 아닌 남을 위한 삶. : )",
    "rating": "10",
    "date": "13.04.11"
  },
  {
    "review_id": "7441926",
    "movie_id": "105298",
    "author": "kire****",
    "review": "왜 우리나라는 어딜 가나 타종교 다큐멘터리는 가만 있다가 기독교 관련은 입에 거품물고 1점 먹이는 인간들이 있는지... 저 선교사님이 이 영화 제작하셨습니까?  네 이웃을 네 몸과 같이 사랑하라는 가르침을 일생으로 실천하지 않았습니까?",
    "rating": "10",
    "date": "13.04.07"
  },
  {
    "review_id": "7439035",
    "movie_id": "105298",
    "author": "lnuy****",
    "review": "밑에분들 성경의조그만부분만가지고 따지시는군요!ㅎ왜 당신들도 자기관련된일에대해 남에게 말하고 알리면서 이런일은 하지말라는건 참무슨짓인지?가면쓰고 평점내리려는 거다안다ㅡㅡ 어쨌든간에 이런일도알아야된다고 생각한다 왜?겉멋OO도를 위해!!영화 잘봤습니다.",
    "rating": "10",
    "date": "13.04.06"
  },
  {
    "review_id": "7438050",
    "movie_id": "105298",
    "author": "kius****",
    "review": "왜 이런걸 영화로 만들어서 알리려 하는지 이해할 수가 없습니다. 다 신도 모아서 헌금 내게 하려는 것 아닌가요? 목적이 있는 선행은 선행이 아닙니다. 조태환 목사님이 참된 선교사라면 본인들 욕망에 눈이 멀어 그 분을 먹칠하지 마십시오.",
    "rating": "1",
    "date": "13.04.06"
  },
  {
    "review_id": "7438048",
    "movie_id": "105298",
    "author": "mrsi****",
    "review": "밑의 분 말씀에 공감합니다. 선교자를 미화, 신격화 시키는 것 같아 씁쓸합니다. 왼손이 한 일을 오른손이 모르게 하라 라는 말이 있지요.",
    "rating": "1",
    "date": "13.04.06"
  },
  {
    "review_id": "7438047",
    "movie_id": "105298",
    "author": "goan****",
    "review": "이런 것 보며 선교자를 꿈꾸지 말고 정말 참 신자라면 자신을 위해 시간을 써야 한다고 생각합니다.",
    "rating": "1",
    "date": "13.04.06"
  },
  {
    "review_id": "7435299",
    "movie_id": "105298",
    "author": "01go****",
    "review": ".",
    "rating": "10",
    "date": "13.04.04"
  },
  {
    "review_id": "7422472",
    "movie_id": "105298",
    "author": "hes9****",
    "review": "감동 그자체..하나님을위해목숨을바치는선교자의삶...기독교인모두가배워야합니다..",
    "rating": "10",
    "date": "13.03.30"
  },
  {
    "review_id": "7415827",
    "movie_id": "105298",
    "author": "smit****",
    "review": "좋은 영화 감사합니다~!!",
    "rating": "10",
    "date": "13.03.28"
  },
  {
    "review_id": "7415582",
    "movie_id": "105298",
    "author": "real****",
    "review": "아..정말.. 말그대로 소명... 보는 내내 눈물ㅠㅠ",
    "rating": "10",
    "date": "13.03.27"
  },
  {
    "review_id": "7413779",
    "movie_id": "105298",
    "author": "zz97****",
    "review": "꼭 봐야할 영화..  보는내내 너무많이울었네요내 삶을 돌아보게되고, 지금까지 불평했던것들에대해 부끄러움을느끼고 회개하게 되는 ,또한 하나님께 감사해야할조건들이 너무많다는걸 다시한번 깨닫게되는 영화네요",
    "rating": "10",
    "date": "13.03.26"
  },
  {
    "review_id": "7413502",
    "movie_id": "105298",
    "author": "wktm****",
    "review": "학생들을 데리고 다녀왔습니다. 하나님께 헌신하는 어머니를 보면서 자신을 외롭게 하는 것이 교회라 생각했던 아이가 있습니다. 그 아이가 이 영화를 보면서 증오를 풀었다고 하네요. 학생들이 이 영화를 만들어주셔서 감사하다고 합니다 ^^",
    "rating": "10",
    "date": "13.03.26"
  },
  {
    "review_id": "7408924",
    "movie_id": "105298",
    "author": "aqsd****",
    "review": "기독교 분들에겐 최고의 은혜스러운 영화일겁니다. 물론 일반인이 봐도 참 재밋었습니다.  평강교회의 무궁한 은혜와 사랑이 넘치길 기원합니다.",
    "rating": "10",
    "date": "13.03.25"
  },
  {
    "review_id": "7408892",
    "movie_id": "105298",
    "author": "kimh****",
    "review": "토요일 용산으로 갔는데 총신교회에서 대관을 하셨더라고요 그래서 재빨리 여의도로 가서 가족끼리 봣습니다 주기철목사님영화만큼의 감동이고 너무 좋았습니다 지금 생각하면 아직도 가슴이 벅찹니다 저희가족도 선교에 사명이있어서 더욱더 좋았던것 같습니다",
    "rating": "10",
    "date": "13.03.25"
  },
  {
    "review_id": "7407444",
    "movie_id": "105298",
    "author": "pian****",
    "review": "우리주위엔  소리없이  선한도구로 쓰임받는 아름다운 자들이 많은것 같아요~~그러니 살만한 세상이지요감동입니다~~",
    "rating": "10",
    "date": "13.03.24"
  },
  {
    "review_id": "7403982",
    "movie_id": "105298",
    "author": "dlrn****",
    "review": "기독교인이아니라도 볼만한 그런영화 나는 기독교인이지만..",
    "rating": "10",
    "date": "13.03.24"
  },
  {
    "review_id": "7403196",
    "movie_id": "105298",
    "author": "suen****",
    "review": "최고입니다",
    "rating": "10",
    "date": "13.03.23"
  },
  {
    "review_id": "7402861",
    "movie_id": "105298",
    "author": "pkw8****",
    "review": "정말 은혜스러운 영화였습니다. 보는 내내 저를 되돌아보게 되었고,  저의 부족한 삶을 많이 느꼈던 영화였습니다. 특히 다른 길은 일체 생각하시지 않으시며 선교사님의 소명을 이어가시는 사모님의 모습에 큰 은혜를 받았습니다. 꼭 봐야할 영화입니다.",
    "rating": "10",
    "date": "13.03.23"
  },
  {
    "review_id": "7396849",
    "movie_id": "105298",
    "author": "sung****",
    "review": "기독교인이 아니라도 사랑이 무엇인지? 삶이 무엇인지 보여주는 영화 감동입니다~~~",
    "rating": "9",
    "date": "13.03.22"
  },
  {
    "review_id": "7396757",
    "movie_id": "105298",
    "author": "ps06****",
    "review": "심금을 울리는 오프닝 찬양도 좋았고 순교지에서의 디테일한 사건묘사를 통해 마음이 한층 더 애절해지기까지 했어요. 앞으로 신현원 감독님의 작품을 통해 모든 이들의 마음이 정화되고 도전받았으면 좋겠습니다^^",
    "rating": "9",
    "date": "13.03.22"
  },
  {
    "review_id": "7395126",
    "movie_id": "105298",
    "author": "jyoh****",
    "review": "많은것을 생각하게하는 영화. 좀더 세련되게 만들었을수도 있지 않았을까라는 생각도 한 일초 해보긴했지만..그래도 콘텐츠가 너무 훌륭해서 곧 그 생각을 접게 만드는..정말 좋은 영화",
    "rating": "9",
    "date": "13.03.22"
  },
  {
    "review_id": "7393106",
    "movie_id": "105298",
    "author": "rune****",
    "review": "최고",
    "rating": "10",
    "date": "13.03.22"
  },
  {
    "review_id": "7389161",
    "movie_id": "105298",
    "author": "trul****",
    "review": "소명 1편 보고 몇년 만에 보는 4편인데역시 감동적임",
    "rating": "10",
    "date": "13.03.21"
  }
]