[
  {
    "review_id": "10213483",
    "movie_id": "105275",
    "author": "spdl****",
    "review": "진짜 재미있어요 스토리가 나쁘지않고 나름 볼만해요",
    "rating": "10",
    "date": "15.08.10"
  },
  {
    "review_id": "9787817",
    "movie_id": "105275",
    "author": "dres****",
    "review": "배우들이 감정표현을 잘 하는 것 같다 ㅠㅠ",
    "rating": "10",
    "date": "15.03.16"
  },
  {
    "review_id": "9751269",
    "movie_id": "105275",
    "author": "expo****",
    "review": "기대안하고 봤는데 괜찮네요",
    "rating": "9",
    "date": "15.03.01"
  },
  {
    "review_id": "9729144",
    "movie_id": "105275",
    "author": "sury****",
    "review": "감정이입이나 공감이 잘 안되는 내러티브다",
    "rating": "1",
    "date": "15.02.22"
  },
  {
    "review_id": "9718325",
    "movie_id": "105275",
    "author": "sang****",
    "review": "기대없이 본영화 ~~!!헌데, 남자주인공의 사랑스러운 미소, 때론 분노가득한 모습, 그리고 슬픔까지... 여자 주인공역시 사랑에 빠질 수 밖에 없음에~~^^ 정말 오랜만에 너무좋은 영화를 본것 같네요... 소장하고 또 보고픈 영화♡",
    "rating": "10",
    "date": "15.02.20"
  },
  {
    "review_id": "9715534",
    "movie_id": "105275",
    "author": "seyb****",
    "review": "저는 40대 여성입니다  3미터 어보브 해븐을 보고 이영화를 보세요 그래야 스토리 전개가 맞아요 소녀 감성을 가진분께 적극추천 나이는먹어도 감성은 늙지말라고 나에게 경고 하는 영화였어요 남자주인공이 넘 멋져서 마리오 카사스 팬이 됬습니다",
    "rating": "10",
    "date": "15.02.19"
  },
  {
    "review_id": "9661734",
    "movie_id": "105275",
    "author": "jhr9****",
    "review": "진짜 엄청재밌어요! 스페인 영화라는 사실모르고 그냥 심심해서 우연히 보게됐는데 여자라면 남주에 남자라면 여주에 빠지게 될만한!! 그렇다고 스토리가 나쁜 것도 아닌ㅋㅋ너무 재밌게 봤어요~마리오 카사스♥♥♥",
    "rating": "10",
    "date": "15.02.02"
  },
  {
    "review_id": "9212944",
    "movie_id": "105275",
    "author": "ps2w****",
    "review": "이영화 전편인 Three Meters Above Heaven 이걸 보고 싶다",
    "rating": "10",
    "date": "14.09.14"
  },
  {
    "review_id": "8969510",
    "movie_id": "105275",
    "author": "dbzh****",
    "review": "역시나 재미가 없구나...",
    "rating": "1",
    "date": "14.07.27"
  },
  {
    "review_id": "8952374",
    "movie_id": "105275",
    "author": "tndu****",
    "review": "하이틴 로맨스 오랜만에 새로운! 스페인 영화 두근두근  재미있었요 특히 남자주인공 마리오카사스♥넘 멋짐!!! 음악도 좋고 배우도 스페인 배경도 추천추천 합니다",
    "rating": "10",
    "date": "14.07.24"
  },
  {
    "review_id": "8920347",
    "movie_id": "105275",
    "author": "suav****",
    "review": "재미있네요스페인 노래도 흥겹고",
    "rating": "10",
    "date": "14.07.16"
  },
  {
    "review_id": "8875303",
    "movie_id": "105275",
    "author": "0713****",
    "review": "최고에요  날새는줄 모르고 넘 재밌게봤어요또보고 싶네요",
    "rating": "10",
    "date": "14.07.02"
  },
  {
    "review_id": "8869303",
    "movie_id": "105275",
    "author": "gkse****",
    "review": "주말부부라 금욜 기차타고가며 한편보는데, 빨리감기 안하고, 다 못본거 참았다가 다시 일욜에 기차타고 가며 봤습니다, 스토리 전개도 너무 극적이거나 텀이 길지 않고 장르도 어느 한편만 고집하지않아 진부하지 않았습니다,, 극장에서 못 본게 아쉽네요~ 끝~",
    "rating": "9",
    "date": "14.06.29"
  },
  {
    "review_id": "8844484",
    "movie_id": "105275",
    "author": "knba****",
    "review": "확인불가  객관성 유지 차원에서... ㅎ",
    "rating": "6",
    "date": "14.06.21"
  },
  {
    "review_id": "8843754",
    "movie_id": "105275",
    "author": "osk7****",
    "review": "꼭 보세요 대박 명작입니다.",
    "rating": "10",
    "date": "14.06.21"
  }
]