[
  {
    "review_id": "9146672",
    "movie_id": "105288",
    "author": "erer****",
    "review": "줄거리만 긴장타네 ㅋㅋ",
    "rating": "3",
    "date": "14.08.30"
  },
  {
    "review_id": "9141532",
    "movie_id": "105288",
    "author": "wend****",
    "review": "전 괜찮던데요....",
    "rating": "10",
    "date": "14.08.28"
  },
  {
    "review_id": "9120858",
    "movie_id": "105288",
    "author": "tkdp****",
    "review": "원래 지루한게맞지만 줄거리보면 재밌음",
    "rating": "10",
    "date": "14.08.22"
  },
  {
    "review_id": "7897152",
    "movie_id": "105288",
    "author": "baks****",
    "review": "더럽게 재미없네.평점2점부터 점수 준것들 M창...",
    "rating": "1",
    "date": "13.08.18"
  },
  {
    "review_id": "7511973",
    "movie_id": "105288",
    "author": "clie****",
    "review": "이야기, 음악, 노래와 무대장치 모두 좋고. 우린 언제 이런 공연할까?",
    "rating": "9",
    "date": "13.05.06"
  },
  {
    "review_id": "7498922",
    "movie_id": "105288",
    "author": "yang****",
    "review": "이건 최고다..",
    "rating": "10",
    "date": "13.05.01"
  },
  {
    "review_id": "7488264",
    "movie_id": "105288",
    "author": "huni****",
    "review": "연인에 대한 사랑을 이야기하는 푸치니의 오페라 토스카...토스카의 연인 카바라도시 너무나도 멋있고 매력적인 외모에 노래도 환상적이었다.요나스 카우프만 그가 부르는 아리아 (별은빛나건만)은 최고였다. 미니멀한 구성과 간결한 연출도 인상적이었다.",
    "rating": "10",
    "date": "13.04.27"
  }
]