[
  {
    "review_id": "8198527",
    "movie_id": "105282",
    "author": "eyks****",
    "review": "복수하는 내용은 뻔하지만 남자 주인공 연기가 좋네요. 사랑할때와 복수할때의 눈빛연기 비교해보면 좋을듯 매력.있네요",
    "rating": "8",
    "date": "13.12.08"
  },
  {
    "review_id": "7676550",
    "movie_id": "105282",
    "author": "anyg****",
    "review": "재미만 있더라.",
    "rating": "10",
    "date": "13.06.24"
  },
  {
    "review_id": "7573751",
    "movie_id": "105282",
    "author": "cuti****",
    "review": "ㅋㅋㅋ40대 여자가 이걸 투표할리가 없지 너 나같이 가족주민쓰나보네ㅋㅋㅋㅋㅋㅋ너 얄미워서 10점줌ㅋㅋㅋㅋㅋㅋㅋㅋㅋ",
    "rating": "10",
    "date": "13.06.02"
  },
  {
    "review_id": "7507993",
    "movie_id": "105282",
    "author": "ik04****",
    "review": "쓰레기.내가 1등임",
    "rating": "1",
    "date": "13.05.05"
  }
]