[
  {
    "review_id": "10276909",
    "movie_id": "105257",
    "author": "kate****",
    "review": "마지막에 목사님이 배교를 선택한것에 생각해보았습니다. 만약 모두가 순교을 당하게 되었다면 목사님을 제외한 나머지 사람들은 죽음앞에 떳떳할수 있었을지... 죽음앞에 두려움으로 가득차 아직 주님을 맞을 준비가 안된 그들에게 죽음은 가혹한 형벌일지 모릅니다",
    "rating": "10",
    "date": "15.08.26"
  },
  {
    "review_id": "10250122",
    "movie_id": "105257",
    "author": "vlta****",
    "review": "한국영화의 수치랄까.",
    "rating": "1",
    "date": "15.08.19"
  },
  {
    "review_id": "10244175",
    "movie_id": "105257",
    "author": "hanj****",
    "review": "이게 그 전설의 개독 알바 영환가요?",
    "rating": "1",
    "date": "15.08.17"
  },
  {
    "review_id": "10238537",
    "movie_id": "105257",
    "author": "ses2****",
    "review": "마이너스가 없어 안타깝다",
    "rating": "1",
    "date": "15.08.16"
  },
  {
    "review_id": "10231258",
    "movie_id": "105257",
    "author": "kjya****",
    "review": "적당히 타이트하면서 재밌는듯",
    "rating": "9",
    "date": "15.08.14"
  },
  {
    "review_id": "10090448",
    "movie_id": "105257",
    "author": "qkrq****",
    "review": "1점 이상 주는놈들은 히틀러의 신앙생활을 미화한 영화도 빨놈들이다. 역겨운 선동영화",
    "rating": "1",
    "date": "15.07.11"
  },
  {
    "review_id": "10059721",
    "movie_id": "105257",
    "author": "daju****",
    "review": "이딴 영화 만드는데 동참한 사람들은 뭐냐",
    "rating": "2",
    "date": "15.07.02"
  },
  {
    "review_id": "10025801",
    "movie_id": "105257",
    "author": "them****",
    "review": "그 유명한 \"소방관한테 불 꺼줬다고 돈주냐!\"도 넣었으면 반개는 더줬을텐데.전국 1만 관객 하셨으니 평점도 1 드릴게요.",
    "rating": "1",
    "date": "15.06.24"
  },
  {
    "review_id": "9976209",
    "movie_id": "105257",
    "author": "ligh****",
    "review": "개막장 놈들 왜 구해줘가지고",
    "rating": "1",
    "date": "15.06.05"
  },
  {
    "review_id": "9968228",
    "movie_id": "105257",
    "author": "good****",
    "review": "니들이 순교를 알어?  모르면 말을 하지마...",
    "rating": "10",
    "date": "15.06.01"
  },
  {
    "review_id": "9952148",
    "movie_id": "105257",
    "author": "para****",
    "review": "같은 한국인인게  부끄럽다..",
    "rating": "1",
    "date": "15.05.26"
  },
  {
    "review_id": "9889043",
    "movie_id": "105257",
    "author": "djzo****",
    "review": "아프간은 그 당시 여행금지국이 아니었기에 선교갈 수 있었다. 영화 평론에 좀 더 객관적이어지길. 일단 종교적인 색채를 빼고 보아도 충분히 인간의 고뇌와 갈등이 묻어나오는 영화이다. 역시 이장호 감독은 거장이 맞았다.",
    "rating": "10",
    "date": "15.05.03"
  },
  {
    "review_id": "9868974",
    "movie_id": "105257",
    "author": "yj06****",
    "review": "난 너희들을 우리나라 국민으로 생각하지 않겠다",
    "rating": "1",
    "date": "15.04.26"
  },
  {
    "review_id": "9867925",
    "movie_id": "105257",
    "author": "lms7****",
    "review": "살아계신 나의주하나님",
    "rating": "10",
    "date": "15.04.25"
  },
  {
    "review_id": "9830507",
    "movie_id": "105257",
    "author": "25jo****",
    "review": "천국은 의인이 아니라 주님께 용서 받은 자가 가는 거지요.",
    "rating": "8",
    "date": "15.04.06"
  },
  {
    "review_id": "9806805",
    "movie_id": "105257",
    "author": "fani****",
    "review": "조조: 이놈의 목을 쳐라!",
    "rating": "1",
    "date": "15.03.26"
  },
  {
    "review_id": "9804943",
    "movie_id": "105257",
    "author": "asdf****",
    "review": "에휴;; 같은 한국인으로써 부끄럽다",
    "rating": "1",
    "date": "15.03.25"
  },
  {
    "review_id": "9776735",
    "movie_id": "105257",
    "author": "oasi****",
    "review": "이 영화를 보고 등에 날개가 생겼습니다. 야호 이제 나는 천사다.",
    "rating": "10",
    "date": "15.03.13"
  },
  {
    "review_id": "9773563",
    "movie_id": "105257",
    "author": "mahl****",
    "review": "오광록의 심경 변화 동기가 공감이 어려웠고요. 정부가 만류하는 내용이나 정부 만류를 뿌리치려 소송 거는 내용, 돌아 와서 재외 국민 보호 의무 소홀을 이유로 정부를 상대로 소송 거는 내용을 추가했더라면 좀 더 재미있었을 것 같네요.",
    "rating": "3",
    "date": "15.03.12"
  },
  {
    "review_id": "9754244",
    "movie_id": "105257",
    "author": "ghg0****",
    "review": "정신건강에 해롭습니다",
    "rating": "1",
    "date": "15.03.03"
  },
  {
    "review_id": "9712693",
    "movie_id": "105257",
    "author": "dgla****",
    "review": "앞뒤를 알고 영화에 배경을 알게되면 과연 평점이 이리 나올수 있을까 의문이 드네요",
    "rating": "1",
    "date": "15.02.19"
  },
  {
    "review_id": "9660335",
    "movie_id": "105257",
    "author": "remi****",
    "review": "정말 좋은 영화네요! 별점 1점 드립니다",
    "rating": "1",
    "date": "15.02.02"
  },
  {
    "review_id": "9650875",
    "movie_id": "105257",
    "author": "chu2****",
    "review": "똥물교회 피랍사건을 미화하넼ㅋㅋ 할말을 잃었습니다.테러범과 직접접촉으로 국가망신에 협상으로인해 이후 한국인들의 납치가능성 증가등등 세계적인 국가이미지 실추사건을 영화화하다니 북한 스파이짓인가? 누구대가리에서 나온건지 국적조사가 필요한 시점.",
    "rating": "1",
    "date": "15.01.30"
  },
  {
    "review_id": "9638849",
    "movie_id": "105257",
    "author": "neri****",
    "review": "뭐죠 이 쓰레기는...",
    "rating": "1",
    "date": "15.01.26"
  },
  {
    "review_id": "9638731",
    "movie_id": "105257",
    "author": "magi****",
    "review": "노망난 이장호의 마지막 절규",
    "rating": "1",
    "date": "15.01.26"
  },
  {
    "review_id": "9638704",
    "movie_id": "105257",
    "author": "danp****",
    "review": "아니 신발 600억 세금 야금야금 하고서 미화시킬려고 영화도 만듬? 어디서 끌어모와 저딴영화를 만들었대 쓰레기들이 샘물교회ㅉㅉ 다니는 사람들 왜사니 내세금ㅡㅡ",
    "rating": "1",
    "date": "15.01.26"
  },
  {
    "review_id": "9638370",
    "movie_id": "105257",
    "author": "ondl****",
    "review": "이런거도 만들었다니..",
    "rating": "1",
    "date": "15.01.26"
  },
  {
    "review_id": "9637916",
    "movie_id": "105257",
    "author": "chun****",
    "review": "이런 것도 점수를 줘야되나",
    "rating": "1",
    "date": "15.01.26"
  },
  {
    "review_id": "9637038",
    "movie_id": "105257",
    "author": "mins****",
    "review": "세금 아까워 니들만행이 유명한데. 18자",
    "rating": "1",
    "date": "15.01.25"
  },
  {
    "review_id": "9636835",
    "movie_id": "105257",
    "author": "lime****",
    "review": "자꾸 옛날 사건이 떠오른다.",
    "rating": "1",
    "date": "15.01.25"
  },
  {
    "review_id": "9636150",
    "movie_id": "105257",
    "author": "char****",
    "review": "알바 OUT! 평점조작 OUT!",
    "rating": "1",
    "date": "15.01.25"
  },
  {
    "review_id": "9634853",
    "movie_id": "105257",
    "author": "rlax****",
    "review": "알바들 꺼져 할말이없다",
    "rating": "1",
    "date": "15.01.25"
  },
  {
    "review_id": "9634645",
    "movie_id": "105257",
    "author": "kim8****",
    "review": "아직도 이러네. . .  .",
    "rating": "1",
    "date": "15.01.25"
  },
  {
    "review_id": "9627967",
    "movie_id": "105257",
    "author": "rnbt****",
    "review": "노답서10장 12절    당시 상황을 아는 사람은 1점을 줄것이요  그냥 뉴스만 본사람은 10점을 줄것이니...",
    "rating": "1",
    "date": "15.01.23"
  },
  {
    "review_id": "9627088",
    "movie_id": "105257",
    "author": "jsw3****",
    "review": "0점 줄 방법이 없냐? 아 개빡치네",
    "rating": "1",
    "date": "15.01.23"
  },
  {
    "review_id": "9625052",
    "movie_id": "105257",
    "author": "eome****",
    "review": "평점이 너무 높다...10점주는 양심도 없는 것들아!",
    "rating": "1",
    "date": "15.01.22"
  },
  {
    "review_id": "9623410",
    "movie_id": "105257",
    "author": "kbj0****",
    "review": "ㅜㅜ여유락랄아이지주",
    "rating": "1",
    "date": "15.01.22"
  },
  {
    "review_id": "9620300",
    "movie_id": "105257",
    "author": "drag****",
    "review": "1점을 왜줘야지 이건 빠는 수준으로 미화를 하는거잖아 같은 신자들이라고 쉴드 치는건가",
    "rating": "1",
    "date": "15.01.21"
  },
  {
    "review_id": "9618047",
    "movie_id": "105257",
    "author": "zxe1****",
    "review": "0점 주고 싶은데 1점 밖에 안돼서 1점 준다.",
    "rating": "1",
    "date": "15.01.21"
  },
  {
    "review_id": "9614322",
    "movie_id": "105257",
    "author": "dnjs****",
    "review": "이딴 영화 만든새끼는 뭐하는새끼냐",
    "rating": "1",
    "date": "15.01.19"
  },
  {
    "review_id": "9613110",
    "movie_id": "105257",
    "author": "hang****",
    "review": "평점이 왜 이리 낮지? 높혀줄께",
    "rating": "1",
    "date": "15.01.19"
  },
  {
    "review_id": "9603472",
    "movie_id": "105257",
    "author": "copy****",
    "review": "이게 왜 나온걸까? 대체 왜? 도대체....",
    "rating": "1",
    "date": "15.01.17"
  },
  {
    "review_id": "9602598",
    "movie_id": "105257",
    "author": "dame****",
    "review": "쇼핑백 잊혀지지 않는다....",
    "rating": "1",
    "date": "15.01.16"
  },
  {
    "review_id": "9595983",
    "movie_id": "105257",
    "author": "medi****",
    "review": "하 진짜 답이 없다 1점도 아깝다",
    "rating": "1",
    "date": "15.01.15"
  },
  {
    "review_id": "9581757",
    "movie_id": "105257",
    "author": "phi3****",
    "review": "그냥  미안하다. 나의 비겁함과 작은 욕심과 게으름을",
    "rating": "10",
    "date": "15.01.10"
  },
  {
    "review_id": "9581369",
    "movie_id": "105257",
    "author": "kmh0****",
    "review": "1점도 아깝네 ㅋㅋㅋ어흌 똥물교횤ㅋ",
    "rating": "1",
    "date": "15.01.10"
  },
  {
    "review_id": "9565321",
    "movie_id": "105257",
    "author": "davi****",
    "review": "감독님 .. 더 좋은 영화 많이 만들어 주세요.. 감사합니다.",
    "rating": "10",
    "date": "15.01.05"
  },
  {
    "review_id": "9559999",
    "movie_id": "105257",
    "author": "wyon****",
    "review": "이거 10점 준사람들도 가시지?ㅋ 가자지구 가서 찬양가 부르고와봨ㅋ",
    "rating": "1",
    "date": "15.01.04"
  },
  {
    "review_id": "9498250",
    "movie_id": "105257",
    "author": "song****",
    "review": "세금으로 구해주니까 면세점에서 쇼핑하고 웃는 얼굴로 나오다 카메라 보이니 연기하느라 죽는 상하고 나온 그것? 그리고 나서 국가가 해준게 없다고 국가에게 소송걸던 그 분들? 이분들 구해준 세금 300억 이상은 어떻게 된가요? 샘물교회에 청구소송했나요?",
    "rating": "1",
    "date": "14.12.21"
  },
  {
    "review_id": "9497471",
    "movie_id": "105257",
    "author": "ldj1****",
    "review": "죽으러 갔다며 질질 짜면서 살려달라 외친후 세금 낭비하게 한 뒤 쇼핑하면서 돌아온다는 그 영화 인가요?",
    "rating": "1",
    "date": "14.12.21"
  },
  {
    "review_id": "9476972",
    "movie_id": "105257",
    "author": "char****",
    "review": "한국 개신교 사상 최악의 흑역사 및 병크.",
    "rating": "1",
    "date": "14.12.15"
  },
  {
    "review_id": "9464637",
    "movie_id": "105257",
    "author": "yell****",
    "review": "평점 1점도 아까운...시간 낭비",
    "rating": "1",
    "date": "14.12.11"
  },
  {
    "review_id": "9435439",
    "movie_id": "105257",
    "author": "sanc****",
    "review": "유명하지에 여러의미에서",
    "rating": "1",
    "date": "14.11.30"
  },
  {
    "review_id": "9433581",
    "movie_id": "105257",
    "author": "valc****",
    "review": "하지말라면 하지마루요",
    "rating": "1",
    "date": "14.11.29"
  },
  {
    "review_id": "9416205",
    "movie_id": "105257",
    "author": "1113****",
    "review": "이걸 영화로 만들줄이야",
    "rating": "1",
    "date": "14.11.23"
  },
  {
    "review_id": "9384521",
    "movie_id": "105257",
    "author": "kuss****",
    "review": "평론가들의 평점이 개인적 종교관에 따라 편향적이다. 부끄러운줄 알아야 하지 않을까",
    "rating": "1",
    "date": "14.11.15"
  },
  {
    "review_id": "9382121",
    "movie_id": "105257",
    "author": "cats****",
    "review": "이따위를 평가하기 위해 이걸 사야 하는가...어휴.",
    "rating": "1",
    "date": "14.11.14"
  },
  {
    "review_id": "9355521",
    "movie_id": "105257",
    "author": "shin****",
    "review": "음... 0점은 안되네...",
    "rating": "1",
    "date": "14.11.08"
  },
  {
    "review_id": "9355453",
    "movie_id": "105257",
    "author": "lynn****",
    "review": "세금, 면세, 쇼핑의 삼박자",
    "rating": "1",
    "date": "14.11.08"
  },
  {
    "review_id": "9355417",
    "movie_id": "105257",
    "author": "show****",
    "review": "인간 쓰레기들이네 ㅋㅋㅋㅋ",
    "rating": "1",
    "date": "14.11.08"
  },
  {
    "review_id": "9355414",
    "movie_id": "105257",
    "author": "iris****",
    "review": "한국 개신교의 교만이 도를 넘어서고 있음을 보여주는 영화 고개 숙이고 바짝 엎드려 낮은 곳을 지향해도 모자랄 판에 뭐 잘했다고 이따위 쓰레기나 만들어 내놓는지 당췌 이해가 안된다 독실한 개신교 집안에서 성장한 내가 교회를 떠난 이유도 바로 이거다",
    "rating": "1",
    "date": "14.11.08"
  },
  {
    "review_id": "9355411",
    "movie_id": "105257",
    "author": "kura****",
    "review": "뭘 잘했다고 영화까지..",
    "rating": "1",
    "date": "14.11.08"
  },
  {
    "review_id": "9340745",
    "movie_id": "105257",
    "author": "npma****",
    "review": "문제있는 행동을 영화기술로 훌륭하게 왜곡한 영화. 사실왜곡은 또 하나의 배교인데...  잘못된 사실 전파로 많은 사람들이 영향을 받게된다면 하나님은 분노할 것이다.",
    "rating": "1",
    "date": "14.11.04"
  },
  {
    "review_id": "9338652",
    "movie_id": "105257",
    "author": "fall****",
    "review": "출연진중에 좋아하는 배우도 있는데 실망이다",
    "rating": "1",
    "date": "14.11.03"
  },
  {
    "review_id": "9333194",
    "movie_id": "105257",
    "author": "kimj****",
    "review": "기독교 인은 자비롭고 이슬람인은 총칼로 무장한 비열한 괴한으로 표현.실존 샘물교회의 선교활동을 정당함으로 미화시킨 위험한 작품.마지막 아이들의 눈치료 약속 장면은 정말 참 기독교인의 자비로움을 재차강조.선교영화",
    "rating": "1",
    "date": "14.11.01"
  },
  {
    "review_id": "9308144",
    "movie_id": "105257",
    "author": "cast****",
    "review": "'기독'이라고 쓰고 '개독'이라고 읽는 이유를 이 보더 더 극명하게 보여 줄 수 없다.",
    "rating": "1",
    "date": "14.10.22"
  },
  {
    "review_id": "9303228",
    "movie_id": "105257",
    "author": "jeon****",
    "review": "감독님 기도로 후원합니다. 이 영화는 하나님의 계획안에서 만들어졌기에 감히 평가할 수 없네요.",
    "rating": "10",
    "date": "14.10.19"
  },
  {
    "review_id": "9296346",
    "movie_id": "105257",
    "author": "hanb****",
    "review": "1점도 아깝다 쓰레기같은 영화",
    "rating": "1",
    "date": "14.10.16"
  },
  {
    "review_id": "9284549",
    "movie_id": "105257",
    "author": "kjw0****",
    "review": "볼 가치가 없는 영화다. 알바 풀었는지 10점이 많네.",
    "rating": "1",
    "date": "14.10.11"
  },
  {
    "review_id": "9269621",
    "movie_id": "105257",
    "author": "maxs****",
    "review": "이슬람 국가에 가서 전도질하는 아름다운 영화로군요.. 똥물 전도단들은 지네들 빼내려고 날려버린 피같은 나랏돈 740 억은 언제 토해날까요? 목사들은 세금 한푼 안내는 주제에 왜 나랏돈으로 이거해달라 저거해달라 뜯어가는건 그렇게도 많을까요?",
    "rating": "1",
    "date": "14.10.06"
  },
  {
    "review_id": "9239842",
    "movie_id": "105257",
    "author": "gene****",
    "review": "진실을 아는 사람이라면 이걸 용납할수가 있을까?",
    "rating": "1",
    "date": "14.09.25"
  },
  {
    "review_id": "9210811",
    "movie_id": "105257",
    "author": "katy****",
    "review": "개독미화 영화라고 해서 안봤음...내용은 보나마나해서 1점 줌.",
    "rating": "1",
    "date": "14.09.13"
  },
  {
    "review_id": "9209383",
    "movie_id": "105257",
    "author": "jng1****",
    "review": "저 광신도 놈들이야 말로 국가의 암세포들이다.",
    "rating": "1",
    "date": "14.09.13"
  },
  {
    "review_id": "9208424",
    "movie_id": "105257",
    "author": "yong****",
    "review": "와 해도 너무한다....",
    "rating": "1",
    "date": "14.09.12"
  },
  {
    "review_id": "9207655",
    "movie_id": "105257",
    "author": "icet****",
    "review": "진심으로 고통스럽게 죽어 관에실려 돌아오기를 바랬었다, 바퀴벌레같은 OOO들...",
    "rating": "1",
    "date": "14.09.12"
  },
  {
    "review_id": "9199196",
    "movie_id": "105257",
    "author": "gksc****",
    "review": "독사의 자식들이 자기 미화하느라 바쁜 영화",
    "rating": "1",
    "date": "14.09.10"
  },
  {
    "review_id": "9188964",
    "movie_id": "105257",
    "author": "boml****",
    "review": "안믿는 너희들은..  도무지 왜 선교를 가는지하필 오지로 가야만 하는지 알턱이 없겠지원래 인간이란 자기가 보고싶은것 자기가맘에드는것에만 열광하는 존재니까..그래 그런 너희들도 그분이 사랑하신다니까빨리 깨닫고 꼭 천국갈수 있기를",
    "rating": "10",
    "date": "14.09.09"
  },
  {
    "review_id": "9162502",
    "movie_id": "105257",
    "author": "rokm****",
    "review": "베드로께서 살고자 3번 예수님을 부인하셨는데... 선교자도 부인하고 성경책을 찢었으나 마지막엔 하나님부르심에 응답을 받고 여러사람을 구하는... 순교자의삶을 살고자하는 찬송을 교회에서 자주부르지만 정작 영화와같은 상황이 오면 죽음이 두려워 부인하겠지",
    "rating": "10",
    "date": "14.09.04"
  },
  {
    "review_id": "9152043",
    "movie_id": "105257",
    "author": "shyh****",
    "review": "어느날 가지마라는데도 가고 전용기보냇는데도 무시하고 가다가 결국 당하고 600억줬는데샘물교회::하나님의축복으로 구한거다 뭔이상한소리지껄이고쇼핑백 국가상대로소송 ㅋㅋㅋㅋ 하나님도 당신들을 싫어합니다.저도하나님믿음.",
    "rating": "1",
    "date": "14.08.31"
  },
  {
    "review_id": "9150523",
    "movie_id": "105257",
    "author": "soon****",
    "review": "선교의 어려움을조금이나마 알게하는 영화다",
    "rating": "9",
    "date": "14.08.31"
  },
  {
    "review_id": "9139799",
    "movie_id": "105257",
    "author": "kjs1****",
    "review": "하,,,, 샘물교회 ㅋㅋㅋㅋ",
    "rating": "1",
    "date": "14.08.28"
  },
  {
    "review_id": "9107420",
    "movie_id": "105257",
    "author": "xfig****",
    "review": "미치겠네 뭔짓이야 이게",
    "rating": "1",
    "date": "14.08.18"
  },
  {
    "review_id": "9062676",
    "movie_id": "105257",
    "author": "purp****",
    "review": "10점을 주는 나는 별점밀당녀",
    "rating": "10",
    "date": "14.08.10"
  },
  {
    "review_id": "9060723",
    "movie_id": "105257",
    "author": "infi****",
    "review": "마이너스 별은 없나요?",
    "rating": "1",
    "date": "14.08.10"
  },
  {
    "review_id": "9041235",
    "movie_id": "105257",
    "author": "bsvi****",
    "review": "이장호 감독님~ 사기꾼 선교사, 바람둥이에 폭력 장로, 불륜 남여... 참 사실적이다..싶었습니다. 부끄럽네요~",
    "rating": "9",
    "date": "14.08.06"
  },
  {
    "review_id": "9022941",
    "movie_id": "105257",
    "author": "lhs0****",
    "review": "다 죽었어야 선교지...불보듯 뻔한 결과를 알고도 출발한거잔아...왜 살려다랄고 해...",
    "rating": "1",
    "date": "14.08.04"
  },
  {
    "review_id": "9018622",
    "movie_id": "105257",
    "author": "sa12****",
    "review": "기독교들 돈 걷어서 국가에 바쳐라.",
    "rating": "1",
    "date": "14.08.03"
  },
  {
    "review_id": "9014950",
    "movie_id": "105257",
    "author": "ash7****",
    "review": "개독쓰레기짓 미화하는 거 보소ㅋㅋㅋ",
    "rating": "1",
    "date": "14.08.03"
  },
  {
    "review_id": "9014525",
    "movie_id": "105257",
    "author": "tmvl****",
    "review": "이런 영화 만들지 말거 보지도 말자",
    "rating": "1",
    "date": "14.08.03"
  },
  {
    "review_id": "9014513",
    "movie_id": "105257",
    "author": "kims****",
    "review": "이걸미화시키려고하넉",
    "rating": "1",
    "date": "14.08.03"
  },
  {
    "review_id": "9011997",
    "movie_id": "105257",
    "author": "kyht****",
    "review": "영화를만들라했는데 똥을만들어부렸어",
    "rating": "1",
    "date": "14.08.02"
  },
  {
    "review_id": "9011630",
    "movie_id": "105257",
    "author": "jerr****",
    "review": "미화해서는 안되는 사건을 미화를 하니 참...",
    "rating": "1",
    "date": "14.08.02"
  },
  {
    "review_id": "9009234",
    "movie_id": "105257",
    "author": "kby7****",
    "review": "이것도 영화냐... ??",
    "rating": "1",
    "date": "14.08.02"
  },
  {
    "review_id": "9007597",
    "movie_id": "105257",
    "author": "j997****",
    "review": "1점도 아깝다 제발 머릿속에 꽉찬 똥부터 빼내시길",
    "rating": "1",
    "date": "14.08.02"
  },
  {
    "review_id": "9006097",
    "movie_id": "105257",
    "author": "next****",
    "review": "상식적으로 이해 안되는 기독교인들의 전도문화~ 니네들이나 천당가라고 무슨 인류적사명을 띈거라고~ 앞가림도 못하면서~ 주변인 하나나  제대로 챙겨라 남의나라가서 남의땅에가서 앰뱅하지말고.. 결국 종교고 뭐고 목숨 앞에서 한낱 인간밖에 안되는것들이...",
    "rating": "1",
    "date": "14.08.02"
  },
  {
    "review_id": "8994666",
    "movie_id": "105257",
    "author": "cks0****",
    "review": "영화는 안 봤으나 그럼에도 1점을 드리겠습니다.",
    "rating": "1",
    "date": "14.07.31"
  },
  {
    "review_id": "8964535",
    "movie_id": "105257",
    "author": "scar****",
    "review": "한국사회의 사실적인 기독교 모습을 표현했던것 같습니다많은 생각을 하게하는 영화입니다ㅡ",
    "rating": "8",
    "date": "14.07.26"
  },
  {
    "review_id": "8947633",
    "movie_id": "105257",
    "author": "xodu****",
    "review": "너무 과장되지 않게, 그러나 참된 믿음이 무엇인지 볼 수 있었던것 같습니다. 이름을 날리는 배우들이 아닌 우리처럼 평범한 배우들이라 더 진솔했던것 같습니다. 멋지게 거짓으로 꾸미지 않아 굿굿",
    "rating": "7",
    "date": "14.07.24"
  },
  {
    "review_id": "8946309",
    "movie_id": "105257",
    "author": "wndu****",
    "review": "많은  내용들이 담긴 건 아니지만  선교라는 제목 아래 이루어진 일들을 보며 나도 과연 그럴 수 있을 까 ? 하는 마음이 들었다.그리고 나도 하나님 앞에서는  순교라는 것이  두려움이 아니라  아름다운  이 세상에서의 과정이라고  깨달았다.",
    "rating": "8",
    "date": "14.07.23"
  },
  {
    "review_id": "8937433",
    "movie_id": "105257",
    "author": "1523****",
    "review": "아프간 선교 좋아하네 풉^…^",
    "rating": "1",
    "date": "14.07.21"
  }
]