[
  {
    "review_id": "9836385",
    "movie_id": "105224",
    "author": "cred****",
    "review": "남자주인공을 응원하게 되는 영화.그리고 빙라메스의 대굴욕 써비스",
    "rating": "7",
    "date": "15.04.09"
  },
  {
    "review_id": "9736694",
    "movie_id": "105224",
    "author": "hotl****",
    "review": "자신의생각대로,,,",
    "rating": "10",
    "date": "15.02.25"
  },
  {
    "review_id": "9679808",
    "movie_id": "105224",
    "author": "ajtw****",
    "review": "평점들이 왜이래요 전 정말 잼게 봤는데..내용도 괜찮았구..",
    "rating": "7",
    "date": "15.02.08"
  },
  {
    "review_id": "9673143",
    "movie_id": "105224",
    "author": "hshb****",
    "review": "그냥 볼만한데요..^^★",
    "rating": "10",
    "date": "15.02.06"
  },
  {
    "review_id": "9655515",
    "movie_id": "105224",
    "author": "wls4****",
    "review": "영화에 A B C D E F 급이 있다면 이 영화는 Z급. 아 진짜 보다가 화나네..",
    "rating": "1",
    "date": "15.01.31"
  },
  {
    "review_id": "8081551",
    "movie_id": "105224",
    "author": "chir****",
    "review": "진짜 처음으로 욕할려고로긴한다...남들다욕하는영화도괜찮게보는편인데 이건정말...영화보는내내 감독을죽여버리고싶었다",
    "rating": "1",
    "date": "13.10.23"
  },
  {
    "review_id": "7949571",
    "movie_id": "105224",
    "author": "kis5****",
    "review": "싸이코들의 광란의 쓰리섬파티 ㅋ",
    "rating": "3",
    "date": "13.09.05"
  },
  {
    "review_id": "7939804",
    "movie_id": "105224",
    "author": "sads****",
    "review": "ㅋㅋㅋ 킬링타임",
    "rating": "5",
    "date": "13.09.01"
  },
  {
    "review_id": "7939486",
    "movie_id": "105224",
    "author": "bles****",
    "review": "어이없이 웃겨주네",
    "rating": "2",
    "date": "13.09.01"
  },
  {
    "review_id": "7934353",
    "movie_id": "105224",
    "author": "ans2****",
    "review": "ㅋㅋㅋ 이건 코믹영화다ㅋㅋ 완벽하게 킬링타임용이구나",
    "rating": "6",
    "date": "13.08.30"
  },
  {
    "review_id": "7933918",
    "movie_id": "105224",
    "author": "kjc7****",
    "review": "코미디 영화도 아니고 싸이코남녀 탐구생활 찍는것도 아닐텐데,,,피갑칠한다고 공포영화가 아니다.",
    "rating": "3",
    "date": "13.08.30"
  },
  {
    "review_id": "7933252",
    "movie_id": "105224",
    "author": "hama****",
    "review": "반전도 있구..무서울때도 있구 시간날때 혼자 밤에 보면 딱인데 ^^",
    "rating": "10",
    "date": "13.08.29"
  },
  {
    "review_id": "7781807",
    "movie_id": "105224",
    "author": "momo****",
    "review": "OOO들아 평점10점주지말라고 씨푸랄ㄹㅏ고추붕알자른다",
    "rating": "1",
    "date": "13.07.24"
  },
  {
    "review_id": "7781766",
    "movie_id": "105224",
    "author": "dlrm****",
    "review": "기대된다",
    "rating": "1",
    "date": "13.07.24"
  },
  {
    "review_id": "7778435",
    "movie_id": "105224",
    "author": "seag****",
    "review": "ㅋ",
    "rating": "10",
    "date": "13.07.23"
  }
]