[
  {
    "review_id": "10124753",
    "movie_id": "105289",
    "author": "sbke****",
    "review": "실화라니 놀랍네요 생각했던것보다 감동적이에요 ㅎ류혜영씨는 매력있어요 ㅋ",
    "rating": "8",
    "date": "15.07.21"
  },
  {
    "review_id": "10070275",
    "movie_id": "105289",
    "author": "2_dp****",
    "review": "껍데기만 반짝이는 우리네 인터넷 세대 좋은 영화 잘봤습니다!",
    "rating": "8",
    "date": "15.07.05"
  },
  {
    "review_id": "10066604",
    "movie_id": "105289",
    "author": "emce****",
    "review": "잼 없으면 중간에 안볼려했는디 끝까지 다봤네ㅋㅋㅋ",
    "rating": "7",
    "date": "15.07.04"
  },
  {
    "review_id": "10058089",
    "movie_id": "105289",
    "author": "0411****",
    "review": "비급인줄 알았는데 비급은 아닌듯..",
    "rating": "7",
    "date": "15.07.01"
  },
  {
    "review_id": "10044549",
    "movie_id": "105289",
    "author": "junb****",
    "review": "우울한 이야기를 재미나게 표현한 영화! 재밌댱",
    "rating": "10",
    "date": "15.06.27"
  },
  {
    "review_id": "10035033",
    "movie_id": "105289",
    "author": "rifk****",
    "review": "골때리네 병맛스럽게 재밌네 ㅋ",
    "rating": "7",
    "date": "15.06.25"
  },
  {
    "review_id": "10029304",
    "movie_id": "105289",
    "author": "rand****",
    "review": "잉여들의 잔치 재미있게 만들어놨네.",
    "rating": "9",
    "date": "15.06.24"
  },
  {
    "review_id": "10025162",
    "movie_id": "105289",
    "author": "lwj_****",
    "review": "씁쓸한건 알겠는데, 찬성은 아닌지라 재밌는 건 모르겠다.",
    "rating": "5",
    "date": "15.06.24"
  },
  {
    "review_id": "9998605",
    "movie_id": "105289",
    "author": "tjdt****",
    "review": "볼만했다고 생각합니다.",
    "rating": "8",
    "date": "15.06.14"
  },
  {
    "review_id": "9987622",
    "movie_id": "105289",
    "author": "tjgu****",
    "review": "걍 완전 좋았습니다  너무 늦게 봐서 아쉽고 엄태구라는 배우를 알게되어서 기쁘네요",
    "rating": "10",
    "date": "15.06.10"
  },
  {
    "review_id": "9931991",
    "movie_id": "105289",
    "author": "noma****",
    "review": "신선한 발상이긴 하나... 그들만의 리그를 굳이 극장에서까지 봐야할 영화적 가치는 없는. 캐릭터보단 그들만의 관계에 좀더 초점 맞췄으면 좋았을 듯... 재밌는 웹툰 하나 본 느낌 그 이상 그 이하도 아닌 영화",
    "rating": "5",
    "date": "15.05.19"
  },
  {
    "review_id": "9930854",
    "movie_id": "105289",
    "author": "real****",
    "review": "요즘 젊은놈들 대변하는 쓰레기영화",
    "rating": "1",
    "date": "15.05.19"
  },
  {
    "review_id": "9925744",
    "movie_id": "105289",
    "author": "youn****",
    "review": "키야... 대단함  잉여스러움을 해학으로 풍자  너무 재밌다",
    "rating": "9",
    "date": "15.05.17"
  },
  {
    "review_id": "9911061",
    "movie_id": "105289",
    "author": "kids****",
    "review": "울 수도 있고 웃을 수도 있는 잉여스러운 이야기! 좋은 영화!",
    "rating": "10",
    "date": "15.05.11"
  },
  {
    "review_id": "9901896",
    "movie_id": "105289",
    "author": "bbai****",
    "review": "표현의 색다른 맛과 류혜영이라는 배우의 매력 굿",
    "rating": "7",
    "date": "15.05.07"
  },
  {
    "review_id": "9901765",
    "movie_id": "105289",
    "author": "ksy6****",
    "review": "마지막 gta 격투기 재밌음",
    "rating": "10",
    "date": "15.05.07"
  },
  {
    "review_id": "9880662",
    "movie_id": "105289",
    "author": "tpfl****",
    "review": "날 것 그 자체네 싱싱하다못해 활어처럼 펄펄 뛰댕기네 ㅋㅋㅋ",
    "rating": "9",
    "date": "15.04.30"
  },
  {
    "review_id": "9867643",
    "movie_id": "105289",
    "author": "rd72****",
    "review": "패기가 넘치는 감각적인 영화",
    "rating": "7",
    "date": "15.04.25"
  },
  {
    "review_id": "9857240",
    "movie_id": "105289",
    "author": "dhdb****",
    "review": "연출 극본 배우들까지완벽함 .. 영화보고 피가 끓어오름 청춘이여 .!",
    "rating": "10",
    "date": "15.04.22"
  },
  {
    "review_id": "9856583",
    "movie_id": "105289",
    "author": "qweq****",
    "review": "티비에서 방송해주는데 코미디영화래놓고 보는내내 웃음은없고 우울함만 있음. 근데 류혜영때문에 끝까지 다보게됨. 끝날때까지 영화가 표현하고자하는 주제가 뭔질모르겟음.",
    "rating": "10",
    "date": "15.04.22"
  },
  {
    "review_id": "9774348",
    "movie_id": "105289",
    "author": "exel****",
    "review": "여주 눈빛에 쎅기가 좔좔 핥핥",
    "rating": "10",
    "date": "15.03.12"
  },
  {
    "review_id": "9753815",
    "movie_id": "105289",
    "author": "rleh****",
    "review": "영자 너무 귀엽당 같이살고싶다",
    "rating": "8",
    "date": "15.03.03"
  },
  {
    "review_id": "9729339",
    "movie_id": "105289",
    "author": "lee2****",
    "review": "좀 난해하다. 굉장히 잘 만든것 같은데 고개가 기우뚱 거려진다.",
    "rating": "6",
    "date": "15.02.22"
  },
  {
    "review_id": "9685760",
    "movie_id": "105289",
    "author": "yogu****",
    "review": "9.5주려고 했는데 좋은 작품에 대한 평점이 너무 낮아 10점 드립니다. 수준급  작품",
    "rating": "10",
    "date": "15.02.11"
  },
  {
    "review_id": "9608414",
    "movie_id": "105289",
    "author": "brig****",
    "review": "'꼰대'가 비웃는 한심한 젊은 놈들을 '잉여'라 한다면 제발 그들을 가르치려 하지마라 아무 것도 모르면서 발버둥치는 이에게 훈계하는 꼰대의 허위와 권위의식을 강조없이 뭉개는 영화",
    "rating": "8",
    "date": "15.01.18"
  },
  {
    "review_id": "9592885",
    "movie_id": "105289",
    "author": "udtm****",
    "review": "찌질이들이라 하기엔 넘 잘생긴거 아니야? ㅋㅋ 밀가루 테러 굿굿굿",
    "rating": "8",
    "date": "15.01.14"
  },
  {
    "review_id": "9591619",
    "movie_id": "105289",
    "author": "mone****",
    "review": "잉여들은 이렇게 열광 하는데 난 왜 재미가 없지? 잉여가 아니어서 그런가?",
    "rating": "6",
    "date": "15.01.14"
  },
  {
    "review_id": "9590206",
    "movie_id": "105289",
    "author": "outs****",
    "review": "이런걸 재밌다고 평점주는 애들은 정체가 뭘까ㅋㅋ 청춘같은 소리하네 악플이나 달고사는 루저들 얘기가 왜 내 청춘이냐 ㅋㅋ 루저들 청춘이지",
    "rating": "3",
    "date": "15.01.13"
  },
  {
    "review_id": "9578330",
    "movie_id": "105289",
    "author": "z_g_****",
    "review": "어디서도 볼 수 없었던 영화. 신박했어요  재밌었음 데칼코마니 좋네요ㅋㅋㅋ",
    "rating": "10",
    "date": "15.01.09"
  },
  {
    "review_id": "9563660",
    "movie_id": "105289",
    "author": "like****",
    "review": "모든 인물들의 이야기가 살아있는 경이로운 캐릭터 코미디!",
    "rating": "9",
    "date": "15.01.05"
  },
  {
    "review_id": "9562590",
    "movie_id": "105289",
    "author": "rame****",
    "review": "찌질한 매력이 있는 영화",
    "rating": "6",
    "date": "15.01.04"
  },
  {
    "review_id": "9515203",
    "movie_id": "105289",
    "author": "prom****",
    "review": "개 재밌다.. 과하지 않고ㅋ",
    "rating": "9",
    "date": "14.12.25"
  },
  {
    "review_id": "9462105",
    "movie_id": "105289",
    "author": "dora****",
    "review": "류승완류승범의 2010년대 버전 류형제가 구식이란게 아니고 엄형제는 류형제가 2000년대극초반에 그랬듯 2010년대 현시대 젊음을 보여줌",
    "rating": "8",
    "date": "14.12.10"
  },
  {
    "review_id": "9459104",
    "movie_id": "105289",
    "author": "spik****",
    "review": "마지막까지 잉여로운 그 이름 태식 ㅋㅋㅋ 류혜영은 섹시했다",
    "rating": "9",
    "date": "14.12.08"
  },
  {
    "review_id": "9441648",
    "movie_id": "105289",
    "author": "funn****",
    "review": "히야.. 잘만들었다. 컬트영화가 처음 나왔을 때, 이런 영화를 목표로 한 것 아닐까? 마지막 주인공의 웃음은 이제껏 영화에서 본 웃음 중 가장 복잡한 웃음이었음.",
    "rating": "10",
    "date": "14.12.02"
  },
  {
    "review_id": "9428002",
    "movie_id": "105289",
    "author": "oioi****",
    "review": "재밌게 봤습니다. 결말이 모호하긴 했지만ㅋㅋ ost도 인상적!",
    "rating": "8",
    "date": "14.11.28"
  },
  {
    "review_id": "9401605",
    "movie_id": "105289",
    "author": "dnf7****",
    "review": "병맛영화지만 재밌습니다 이거보고 정신좀차려야겟다고 생각했습니다 정말,,,열심히 살아야겟다;;",
    "rating": "8",
    "date": "14.11.19"
  },
  {
    "review_id": "9376808",
    "movie_id": "105289",
    "author": "leeh****",
    "review": "지루함 그자체 알바 댓글에 속은기분이다",
    "rating": "5",
    "date": "14.11.13"
  },
  {
    "review_id": "9331319",
    "movie_id": "105289",
    "author": "jine****",
    "review": "등장인물은 격갤네임드 닉네임 이지만 사건은 애갤현피네 뭐야",
    "rating": "1",
    "date": "14.10.31"
  },
  {
    "review_id": "9318021",
    "movie_id": "105289",
    "author": "good****",
    "review": "주인공이 중후반까지 너무답답;",
    "rating": "5",
    "date": "14.10.26"
  },
  {
    "review_id": "9309078",
    "movie_id": "105289",
    "author": "oris****",
    "review": "쓸데없어 보이는 기싸움과 가오잡기에 매진하던 시절을 진지하게 바라보는 시선이 마음에 든다",
    "rating": "6",
    "date": "14.10.23"
  },
  {
    "review_id": "9290652",
    "movie_id": "105289",
    "author": "nbin****",
    "review": "독특하다 그러나 거기까지",
    "rating": "5",
    "date": "14.10.13"
  },
  {
    "review_id": "9280093",
    "movie_id": "105289",
    "author": "nart****",
    "review": "별로 기대안하고 보았는데 흡입력있게 재밌습니다.",
    "rating": "9",
    "date": "14.10.10"
  },
  {
    "review_id": "9251136",
    "movie_id": "105289",
    "author": "samg****",
    "review": "잉여라 불리는 자들의 처절한 생존기. I am !!!",
    "rating": "6",
    "date": "14.09.30"
  },
  {
    "review_id": "9242882",
    "movie_id": "105289",
    "author": "cold****",
    "review": "아휴 찌질해서 6점주고감",
    "rating": "6",
    "date": "14.09.26"
  },
  {
    "review_id": "9207859",
    "movie_id": "105289",
    "author": "icas****",
    "review": "피자가 없었다면, 태어나서 최초로 중도에 그만 봤을 영화",
    "rating": "1",
    "date": "14.09.12"
  },
  {
    "review_id": "9192053",
    "movie_id": "105289",
    "author": "woon****",
    "review": "씨발 나만큼 찌질하다 그래서 슬퍼 씨빠ㅣㄹ진짜OO네",
    "rating": "10",
    "date": "14.09.09"
  },
  {
    "review_id": "9149008",
    "movie_id": "105289",
    "author": "uh00****",
    "review": "잉여들아 힘내 화이팅ㅋ",
    "rating": "7",
    "date": "14.08.31"
  },
  {
    "review_id": "9121535",
    "movie_id": "105289",
    "author": "xx41****",
    "review": "볼만하다 이런영화 많이 개봉하길",
    "rating": "9",
    "date": "14.08.22"
  },
  {
    "review_id": "9105703",
    "movie_id": "105289",
    "author": "klpr****",
    "review": "기대했던 거에 비해 그닥 그랬습니다... 좀 뭐랄 까.. 전 젖존슨이랑 진짜 한판 붙을 줄 알았거든요.. 그리고 뭔가 임팩트가 크게 없는 거 같아 좀 미지근한 느낌이 더 큽니다. 그래도 연기력은 아주 좋았습니다.",
    "rating": "7",
    "date": "14.08.18"
  },
  {
    "review_id": "9060323",
    "movie_id": "105289",
    "author": "shon****",
    "review": "영화 내내 웃기는데 끝나고 나면 관객을 철학하게 하는 영화. 좋다.",
    "rating": "10",
    "date": "14.08.10"
  },
  {
    "review_id": "9055022",
    "movie_id": "105289",
    "author": "heal****",
    "review": "더럽게 개재밌네. 어느분의 평가인데 딱~ 맞네요.",
    "rating": "9",
    "date": "14.08.09"
  },
  {
    "review_id": "8948213",
    "movie_id": "105289",
    "author": "howa****",
    "review": "아.. 좋다. 같은 잉여라서 그런가? ㅋ",
    "rating": "8",
    "date": "14.07.24"
  },
  {
    "review_id": "8940660",
    "movie_id": "105289",
    "author": "rkav****",
    "review": "희망이 보이지않는 세대의 허무주의  냉소",
    "rating": "8",
    "date": "14.07.22"
  },
  {
    "review_id": "8935456",
    "movie_id": "105289",
    "author": "sbrl****",
    "review": "좋은영화 감사합니다. 잘 봤습니다.",
    "rating": "10",
    "date": "14.07.20"
  },
  {
    "review_id": "8918737",
    "movie_id": "105289",
    "author": "jino****",
    "review": "소재는 식상할지 몰라도 연출은 새롭다. 표지 일러스트부터 마음에 든다.",
    "rating": "10",
    "date": "14.07.15"
  },
  {
    "review_id": "8911524",
    "movie_id": "105289",
    "author": "oojj****",
    "review": "정말 재미있나?? 나는 이해 할 수 없다. 잉여 인간이 전부가 아니라. 열심히 훌륭하게 잘 살고 있는 청년도 있다.",
    "rating": "4",
    "date": "14.07.13"
  },
  {
    "review_id": "8906374",
    "movie_id": "105289",
    "author": "core****",
    "review": "재밌고 신선하네여 감동받고 그런 건 아니고 계속 생각나고 캐릭터들이 하나같이 다 매력 넘쳤어용",
    "rating": "8",
    "date": "14.07.12"
  },
  {
    "review_id": "8842738",
    "movie_id": "105289",
    "author": "hani****",
    "review": "전부터 보고싶었는데 방학하고 보니까 느낌있다 이영화",
    "rating": "10",
    "date": "14.06.20"
  },
  {
    "review_id": "8778767",
    "movie_id": "105289",
    "author": "quaa****",
    "review": "배우들의 연기력이 대단하네요!",
    "rating": "10",
    "date": "14.05.30"
  },
  {
    "review_id": "8773392",
    "movie_id": "105289",
    "author": "kem1****",
    "review": "볼만함.,.,.,.,",
    "rating": "6",
    "date": "14.05.29"
  },
  {
    "review_id": "8754534",
    "movie_id": "105289",
    "author": "wjrg****",
    "review": "엄태구는 말할거도 없고 와... 류혜영이란 배우 첨 알았는데... 진짜 도저히 빠져나올수없는 매력이네요 왜 보는데 계속 설레는거죠 더 자주 보고싶습니다 사실 별점주려고 리뷰써요 이 영화보면서 독립영화의 재미를 느꼈습니다!!뭔가 씁쓸하",
    "rating": "10",
    "date": "14.05.22"
  },
  {
    "review_id": "8744494",
    "movie_id": "105289",
    "author": "catf****",
    "review": "밀가루 뿌리는 장면이 좋았다",
    "rating": "10",
    "date": "14.05.18"
  },
  {
    "review_id": "8743843",
    "movie_id": "105289",
    "author": "mirj****",
    "review": "몰 말하는건쥐~~~?",
    "rating": "2",
    "date": "14.05.18"
  },
  {
    "review_id": "8726383",
    "movie_id": "105289",
    "author": "gapa****",
    "review": "연기도 봐줄만하고 캐릭터들도 매력있는데 끝내 재미가없다...글고 등산갈봐에야 차라리 나이트를가라.",
    "rating": "5",
    "date": "14.05.12"
  },
  {
    "review_id": "8688080",
    "movie_id": "105289",
    "author": "blac****",
    "review": "소재의 신선함과 감독의 패기로 밀어붙이는 영화, 신선한 맛으로 보기는 괜찮으나 호불호가 갈릴 듯",
    "rating": "6",
    "date": "14.05.01"
  },
  {
    "review_id": "8680720",
    "movie_id": "105289",
    "author": "byul****",
    "review": "고뇌에 차고 무거운 내용은 빼고 가볍고 유쾌한 loser 들의, 그래도 살만한 그들의 인생, 청춘 을 담은 코미디영화",
    "rating": "8",
    "date": "14.04.28"
  },
  {
    "review_id": "8677255",
    "movie_id": "105289",
    "author": "doub****",
    "review": "독립영화여, 설익어도 좋으니 풋풋하고 거침없어 주기를.",
    "rating": "8",
    "date": "14.04.27"
  },
  {
    "review_id": "8660825",
    "movie_id": "105289",
    "author": "kimj****",
    "review": "나만 그런가...류혜영 눈빛이 너무 야함...10점...",
    "rating": "10",
    "date": "14.04.20"
  },
  {
    "review_id": "8652986",
    "movie_id": "105289",
    "author": "over****",
    "review": "엄태화, 엄태구 형제가 이 시대의 잉여인간들에게 건네는 심심한 위로",
    "rating": "9",
    "date": "14.04.16"
  },
  {
    "review_id": "8652251",
    "movie_id": "105289",
    "author": "cher****",
    "review": "교미킹과 피케이야도란의 연기가 인상깊었음ㅋㅋㅋㅋ",
    "rating": "10",
    "date": "14.04.15"
  },
  {
    "review_id": "8634059",
    "movie_id": "105289",
    "author": "boog****",
    "review": "최고다! 한국영화란게 자랑스럽고 너무 유쾌하다 푸하하하",
    "rating": "10",
    "date": "14.04.07"
  },
  {
    "review_id": "8598012",
    "movie_id": "105289",
    "author": "almo****",
    "review": "내용과는 별개로 순수하고 해맑은 정신의  감독이 제작한 거 같다. 다음작이 기다려져",
    "rating": "4",
    "date": "14.03.22"
  },
  {
    "review_id": "8581563",
    "movie_id": "105289",
    "author": "kis5****",
    "review": "실화영화들 어지간해선 볼만한데 이건 정말 재미없다.",
    "rating": "1",
    "date": "14.03.16"
  },
  {
    "review_id": "8574834",
    "movie_id": "105289",
    "author": "coin****",
    "review": "여 주인공 정말 매력 터지네용!!!",
    "rating": "8",
    "date": "14.03.14"
  },
  {
    "review_id": "8569896",
    "movie_id": "105289",
    "author": "gbwl****",
    "review": "시도는 좋았다 근데 그게 다임",
    "rating": "1",
    "date": "14.03.12"
  },
  {
    "review_id": "8567360",
    "movie_id": "105289",
    "author": "silv****",
    "review": "이 시대 잉여들이 사는 방법. 먹방이 갑.",
    "rating": "6",
    "date": "14.03.10"
  },
  {
    "review_id": "8556248",
    "movie_id": "105289",
    "author": "stra****",
    "review": "\"동창회 때 보자\"라는 그 대사가 강한 울림으로 다가온다. 미워할 수 없는 잉여들의 잉여스러운 이야기!",
    "rating": "5",
    "date": "14.03.04"
  },
  {
    "review_id": "8551679",
    "movie_id": "105289",
    "author": "lipe****",
    "review": "매우 신선하다. 엄태화, 엄태구. 확실히 기억할 필요를 보여준거 같다.",
    "rating": "8",
    "date": "14.03.02"
  },
  {
    "review_id": "8548276",
    "movie_id": "105289",
    "author": "ksk4****",
    "review": "너무재미있어요. 별 기대안하고봤는데...한시도 눈을땔수없이 ㅋㅋㅋ",
    "rating": "10",
    "date": "14.03.01"
  },
  {
    "review_id": "8542314",
    "movie_id": "105289",
    "author": "whee****",
    "review": "일상에서 일어날수있는 소소한주제를 흥미있게 이끌어간 작품, 많은호평에 봤는데 기대이하였다. 주인공의 분위기와 연기만 좀 흥미로왔을뿐 그이상은 없었다.  그이상을 기대하지는 않았지만 기대없이봐도 기대에미치치지는못하다. 류승완류승범형제는 긴장할필요가없다",
    "rating": "5",
    "date": "14.02.27"
  },
  {
    "review_id": "8535498",
    "movie_id": "105289",
    "author": "ichi****",
    "review": "캐릭터들을 잘 부각시킨 것 같다. 그러나, 길지 않는 러닝타임이 조금씩 지루할까?",
    "rating": "6",
    "date": "14.02.25"
  },
  {
    "review_id": "8531945",
    "movie_id": "105289",
    "author": "itsm****",
    "review": "어떤걸 얘기하려는지 주제의식은 없고 폭력만 난무.",
    "rating": "4",
    "date": "14.02.23"
  },
  {
    "review_id": "8531402",
    "movie_id": "105289",
    "author": "7606****",
    "review": "재미가 없어 배우들 발음도 잘 안들리고 짜증만 나네",
    "rating": "1",
    "date": "14.02.23"
  },
  {
    "review_id": "8528693",
    "movie_id": "105289",
    "author": "dlsd****",
    "review": "완전 좋은 영화에요!!",
    "rating": "10",
    "date": "14.02.22"
  },
  {
    "review_id": "8517068",
    "movie_id": "105289",
    "author": "shy1****",
    "review": "8.2점  자알 만들었돠~ 군더더기 없솨. 배우들 연기도 괜춘코",
    "rating": "8",
    "date": "14.02.17"
  },
  {
    "review_id": "8513383",
    "movie_id": "105289",
    "author": "fann****",
    "review": "[3점] 뭐 어쩌라는거야",
    "rating": "3",
    "date": "14.02.16"
  },
  {
    "review_id": "8506624",
    "movie_id": "105289",
    "author": "pass****",
    "review": "영자 몸매 참 이뿌다 핡핡 ^^ 꼰대질,,뭔가를 가르치려는 캐릭터가 없는 영화",
    "rating": "8",
    "date": "14.02.14"
  },
  {
    "review_id": "8503441",
    "movie_id": "105289",
    "author": "ygwa****",
    "review": "뭘 말하려는건진 알겠지만 재미없다",
    "rating": "5",
    "date": "14.02.13"
  },
  {
    "review_id": "8496994",
    "movie_id": "105289",
    "author": "supr****",
    "review": "미쳐버린 걔꿀잼 누군가에겐 자신의 이야기",
    "rating": "10",
    "date": "14.02.11"
  },
  {
    "review_id": "8484291",
    "movie_id": "105289",
    "author": "ttam****",
    "review": "剩鬪技는 名作입니다.",
    "rating": "10",
    "date": "14.02.07"
  },
  {
    "review_id": "8479761",
    "movie_id": "105289",
    "author": "dmst****",
    "review": "이건뭐... 뭘말하고 싶은건지... 사회의 악을 영화라는 일방적인 도구로  정당화 시키려는 불량한 영화...",
    "rating": "1",
    "date": "14.02.06"
  },
  {
    "review_id": "8479523",
    "movie_id": "105289",
    "author": "keis****",
    "review": "끝까지 기대를 벗어난다",
    "rating": "10",
    "date": "14.02.06"
  },
  {
    "review_id": "8479298",
    "movie_id": "105289",
    "author": "sawo****",
    "review": "넘치는 활력으로 진심도 챙겼으면 더욱 좋았을 것을.",
    "rating": "7",
    "date": "14.02.06"
  },
  {
    "review_id": "8472634",
    "movie_id": "105289",
    "author": "choi****",
    "review": "내가바로와갤러다개x끼야!",
    "rating": "10",
    "date": "14.02.03"
  },
  {
    "review_id": "8468652",
    "movie_id": "105289",
    "author": "wltj****",
    "review": "사회문제중 인터넷폭력에대한 가상과 현실을 대표적으로 폭로한 영화,, 그 핵심은 관심과 사랑이 부족한 사회책임이라는것에 초점이 맞춰진다.",
    "rating": "7",
    "date": "14.02.02"
  },
  {
    "review_id": "8463456",
    "movie_id": "105289",
    "author": "kyun****",
    "review": "치열한 잉여들의 전쟁!!",
    "rating": "8",
    "date": "14.02.02"
  },
  {
    "review_id": "8462213",
    "movie_id": "105289",
    "author": "tope****",
    "review": "제점수는요 7점입니다",
    "rating": "7",
    "date": "14.02.01"
  },
  {
    "review_id": "8459895",
    "movie_id": "105289",
    "author": "im56****",
    "review": "괜히 기대할 필요는없다. 그냥 모르고 볼걸.,",
    "rating": "4",
    "date": "14.02.01"
  },
  {
    "review_id": "8459217",
    "movie_id": "105289",
    "author": "yeoi****",
    "review": "소재는 좋으나 매우지루함..",
    "rating": "2",
    "date": "14.02.01"
  }
]