[
  {
    "review_id": "10271393",
    "movie_id": "105249",
    "author": "dmsw****",
    "review": "10점 만점에 10점 싸랑해요 공효진",
    "rating": "10",
    "date": "15.08.24"
  },
  {
    "review_id": "10201792",
    "movie_id": "105249",
    "author": "enwi****",
    "review": "공효진 진짜 최고였어요 :)",
    "rating": "10",
    "date": "15.08.08"
  },
  {
    "review_id": "10066145",
    "movie_id": "105249",
    "author": "soul****",
    "review": "공효진 노래 엄청 잘한다.",
    "rating": "8",
    "date": "15.07.03"
  },
  {
    "review_id": "9991933",
    "movie_id": "105249",
    "author": "choy****",
    "review": "두사람의 매력이 묻어나서 더 재밌게 봤네요^^",
    "rating": "9",
    "date": "15.06.12"
  },
  {
    "review_id": "9991905",
    "movie_id": "105249",
    "author": "kl68****",
    "review": "빠져들어서 봤다  둘의 연기 너무 멋있다",
    "rating": "10",
    "date": "15.06.12"
  },
  {
    "review_id": "9981736",
    "movie_id": "105249",
    "author": "ayun****",
    "review": "감동과 여운이있는 영화네요. 짧지만 깊은 뭔가가 느껴졌어요.  혹시 ost 뭔지 알고계시는 분? 중간중간 흐르는 멜로디가 너무이쁘네요",
    "rating": "10",
    "date": "15.06.07"
  },
  {
    "review_id": "9978093",
    "movie_id": "105249",
    "author": "phil****",
    "review": "공블리 공효진의 연기가 자연스러우면서도 사랑스러운 영화. 영화의 배경음악과 겨울날의 제주도의 간간히 나오는 풍광이 정겨웠다. 탕웨이의 남편의 연출력이 무겁지 않으면서도 좋았던 영화.",
    "rating": "8",
    "date": "15.06.06"
  },
  {
    "review_id": "9971381",
    "movie_id": "105249",
    "author": "snlr****",
    "review": "두 분 연기 너무 좋아요.  잘 어울리네요.",
    "rating": "10",
    "date": "15.06.03"
  },
  {
    "review_id": "9967704",
    "movie_id": "105249",
    "author": "jk60****",
    "review": "공효진 이런 연기 잘하네 지금 하는 프로듀사에서 연기 별로인데이름있는 연기자가 나온 단편중에 가장 괜찮은 작품!",
    "rating": "10",
    "date": "15.06.01"
  },
  {
    "review_id": "9958883",
    "movie_id": "105249",
    "author": "chla****",
    "review": "그녀의 과장된 연기가 진심으로 사랑스럽다.",
    "rating": "9",
    "date": "15.05.29"
  },
  {
    "review_id": "9914065",
    "movie_id": "105249",
    "author": "jeil****",
    "review": "공블리 연기 최고 ^^ 넘 잼있게",
    "rating": "10",
    "date": "15.05.13"
  },
  {
    "review_id": "9913462",
    "movie_id": "105249",
    "author": "aldu****",
    "review": "영희매력쩜 ㅠㅠ 공효진 연기 너무잘하는듯",
    "rating": "10",
    "date": "15.05.12"
  },
  {
    "review_id": "9910315",
    "movie_id": "105249",
    "author": "sbrl****",
    "review": "독립영화, 단편영화, 저예산영화를 좋아하고 사랑합니다. 감사합니다.",
    "rating": "10",
    "date": "15.05.11"
  },
  {
    "review_id": "9742985",
    "movie_id": "105249",
    "author": "spri****",
    "review": "김태용식 푸근함 따뜻함 귀여움.",
    "rating": "8",
    "date": "15.02.27"
  },
  {
    "review_id": "9557580",
    "movie_id": "105249",
    "author": "bbq2****",
    "review": "짧지만 귀엽고 사랑스러우며 황홀한 순간을 경험하고 싶다면",
    "rating": "7",
    "date": "15.01.03"
  },
  {
    "review_id": "9397480",
    "movie_id": "105249",
    "author": "ynk1****",
    "review": "짧지만 여운이 남는 단편영화 가짜의 상황속 공효진씨의 진심의 연기가 돋보이는 역시 김감독님! 공효진 박휘순씨연기도 굿",
    "rating": "10",
    "date": "14.11.18"
  },
  {
    "review_id": "9282188",
    "movie_id": "105249",
    "author": "kara****",
    "review": "단편의 재미를 잘살렸다....",
    "rating": "7",
    "date": "14.10.10"
  },
  {
    "review_id": "9274308",
    "movie_id": "105249",
    "author": "wino****",
    "review": "세상에 다시 없을 27분짜리 영화!..박희순과 공효진..그 이름만으로 값진 영화!..",
    "rating": "10",
    "date": "14.10.08"
  },
  {
    "review_id": "9223509",
    "movie_id": "105249",
    "author": "0bli****",
    "review": "깔끔합니다. 영희와 철수캐릭터ㅋㅋㅋ 둘이 아주 환상의 콤비입니다.ㅋㅋㅋ 임팩트있진않지만 자꾸 입에서 웃음이 비실비실 새 나오는 소박하고 ,귀엽고 짠한 영화. 짧아서 오히려 좋네요. 단편영화가 많이 활성화됐음좋겠어요.ㅎ",
    "rating": "8",
    "date": "14.09.18"
  },
  {
    "review_id": "9128258",
    "movie_id": "105249",
    "author": "0001****",
    "review": "공효진 박희순 이름만 보면 서로 어울리지 않을 것같았는데 은근 케미 폭발이네요. bittersweet한 영화이고 단편이 아닌, 장편으로 재개봉 하면 흥행 대박날 것 같습니다.",
    "rating": "8",
    "date": "14.08.24"
  },
  {
    "review_id": "8920860",
    "movie_id": "105249",
    "author": "izzo****",
    "review": "소소한 임팩트 없이 훈훈하긴 하네요.",
    "rating": "7",
    "date": "14.07.16"
  },
  {
    "review_id": "8920079",
    "movie_id": "105249",
    "author": "a109****",
    "review": "커피한잔 마시고 싶은데 한모금 마신듯한 영화.한모금 가지곤 맛을 알긴 부족할듯 싶은데..",
    "rating": "6",
    "date": "14.07.16"
  },
  {
    "review_id": "8898017",
    "movie_id": "105249",
    "author": "thdd****",
    "review": "단편인게 아쉽지만 단편이기에 더좋았던 영화라고 생각합니다",
    "rating": "10",
    "date": "14.07.09"
  },
  {
    "review_id": "8890924",
    "movie_id": "105249",
    "author": "sage****",
    "review": "와 재밌다ㅠㅠㅠ영희란 캐릭터가 너무 매력적이다! 공효진 연기가 진짜 짱이다! 나도 이런 단편영화 만들고싶다!",
    "rating": "9",
    "date": "14.07.06"
  },
  {
    "review_id": "8864649",
    "movie_id": "105249",
    "author": "znql****",
    "review": "공블리짱♥♥♥♥짧은데 여운이진하게남았다",
    "rating": "10",
    "date": "14.06.28"
  },
  {
    "review_id": "8846169",
    "movie_id": "105249",
    "author": "pose****",
    "review": "짧아도 재밌다는...영희같은 여자를 찾습니다 ㅋ",
    "rating": "8",
    "date": "14.06.22"
  },
  {
    "review_id": "8799559",
    "movie_id": "105249",
    "author": "ksat****",
    "review": "사랑해요 공효진!!ㅠ",
    "rating": "10",
    "date": "14.06.05"
  },
  {
    "review_id": "8790861",
    "movie_id": "105249",
    "author": "bore****",
    "review": "효진언니짱bb 팔색조매력짱짱걸♥",
    "rating": "10",
    "date": "14.06.03"
  },
  {
    "review_id": "8788967",
    "movie_id": "105249",
    "author": "91hy****",
    "review": "공효진을 다시보게 해주는영화공블리가 다가아니였음ㅋㅋ",
    "rating": "10",
    "date": "14.06.03"
  },
  {
    "review_id": "8751005",
    "movie_id": "105249",
    "author": "mirj****",
    "review": "짧아서 아쉬운 영화 ^^",
    "rating": "8",
    "date": "14.05.21"
  },
  {
    "review_id": "8732648",
    "movie_id": "105249",
    "author": "lhk2****",
    "review": "여자를 너무 좋아해요ㅋㅋㅋㅋ",
    "rating": "10",
    "date": "14.05.15"
  },
  {
    "review_id": "8722494",
    "movie_id": "105249",
    "author": "pchy****",
    "review": "이  영화 사랑스럽다....",
    "rating": "10",
    "date": "14.05.11"
  },
  {
    "review_id": "8703499",
    "movie_id": "105249",
    "author": "lees****",
    "review": "김태용 감독님, 정말 팬입니다!! 다양한 영화에서 이야기를 담아내고 풀어내는 방법을 좋아합니다!!ㅎㅎ",
    "rating": "10",
    "date": "14.05.05"
  },
  {
    "review_id": "8682335",
    "movie_id": "105249",
    "author": "tn99****",
    "review": "공효진이 살렸네..ㅋ",
    "rating": "8",
    "date": "14.04.29"
  },
  {
    "review_id": "8544769",
    "movie_id": "105249",
    "author": "rew1****",
    "review": "일요일에 서프라이즈한편 본 기분",
    "rating": "6",
    "date": "14.02.28"
  },
  {
    "review_id": "8527027",
    "movie_id": "105249",
    "author": "kis5****",
    "review": "멋모르고보면 엔딩크레딧 올라가는순간 이게뭔가싶을듯. 캐릭터나 스토리는 괜찮은거같은데 전체적인 느낌은 밋밋함.",
    "rating": "7",
    "date": "14.02.21"
  },
  {
    "review_id": "8520243",
    "movie_id": "105249",
    "author": "nine****",
    "review": "밋밋한 이야기에 생동감을 불어넣는 공효진",
    "rating": "6",
    "date": "14.02.19"
  },
  {
    "review_id": "8496279",
    "movie_id": "105249",
    "author": "wkdd****",
    "review": "가짜의 상황과 진심을 담은 연기가 조화를 이룰때의 독특한 기운",
    "rating": "6",
    "date": "14.02.10"
  },
  {
    "review_id": "8452518",
    "movie_id": "105249",
    "author": "byfr****",
    "review": "영희 연기 참~~~잘한다<^^",
    "rating": "8",
    "date": "14.01.31"
  },
  {
    "review_id": "8368981",
    "movie_id": "105249",
    "author": "kwon****",
    "review": "박희순 공효진 최고!!",
    "rating": "10",
    "date": "14.01.11"
  },
  {
    "review_id": "8368706",
    "movie_id": "105249",
    "author": "asdf****",
    "review": "박희순ㅠㅠ굿굿 사랑해여",
    "rating": "10",
    "date": "14.01.11"
  },
  {
    "review_id": "8353367",
    "movie_id": "105249",
    "author": "wrap****",
    "review": "천천히 롤로코스터처럼 병실까지 끌어 올리더니 터트려 버리는 저 감독은 도대체 얼마나 재능이 뛰어난 걸까? 정말 할말이 없다.",
    "rating": "10",
    "date": "14.01.05"
  },
  {
    "review_id": "8347761",
    "movie_id": "105249",
    "author": "visi****",
    "review": "아쉬운결말~그래서 더 마임에 든다",
    "rating": "10",
    "date": "14.01.04"
  },
  {
    "review_id": "8330495",
    "movie_id": "105249",
    "author": "figh****",
    "review": "공효진 그녀의 클래스는 여전하다",
    "rating": "8",
    "date": "13.12.31"
  },
  {
    "review_id": "8214960",
    "movie_id": "105249",
    "author": "jtot****",
    "review": "아~ 짧다... 뒤에 무언가 더 이야기가 나와도 좋았을 법 했다...",
    "rating": "9",
    "date": "13.12.14"
  },
  {
    "review_id": "8193238",
    "movie_id": "105249",
    "author": "hlp3****",
    "review": "시간이어떻게지나갔는지모르겠다",
    "rating": "10",
    "date": "13.12.06"
  },
  {
    "review_id": "8185746",
    "movie_id": "105249",
    "author": "dust****",
    "review": "짧아서 더 좋았다는..",
    "rating": "7",
    "date": "13.12.02"
  },
  {
    "review_id": "8156448",
    "movie_id": "105249",
    "author": "kim6****",
    "review": "왜이렇게짧아~~~ㅜㅜ",
    "rating": "8",
    "date": "13.11.21"
  },
  {
    "review_id": "8140111",
    "movie_id": "105249",
    "author": "mont****",
    "review": "10점을 아니 줄 수 없다.",
    "rating": "10",
    "date": "13.11.15"
  },
  {
    "review_id": "8132337",
    "movie_id": "105249",
    "author": "y10n****",
    "review": "잠깐의 유쾌함, 고맙습니다.",
    "rating": "10",
    "date": "13.11.11"
  },
  {
    "review_id": "8126469",
    "movie_id": "105249",
    "author": "gage****",
    "review": "매력이 넘치는 영화 같아요",
    "rating": "10",
    "date": "13.11.09"
  },
  {
    "review_id": "8125828",
    "movie_id": "105249",
    "author": "1323****",
    "review": "프롤로그.... ^^",
    "rating": "8",
    "date": "13.11.09"
  },
  {
    "review_id": "8117850",
    "movie_id": "105249",
    "author": "qqaz****",
    "review": "배우들의 연기는 좋았는데.. 뭘 말 하려는 건지?",
    "rating": "4",
    "date": "13.11.06"
  },
  {
    "review_id": "8116339",
    "movie_id": "105249",
    "author": "6912****",
    "review": "그녀는 너무 소중하다 공블리 화이팅!",
    "rating": "10",
    "date": "13.11.05"
  },
  {
    "review_id": "8109915",
    "movie_id": "105249",
    "author": "tjs4****",
    "review": "아주좋습니다 공효진누나의연기가",
    "rating": "10",
    "date": "13.11.02"
  },
  {
    "review_id": "8108656",
    "movie_id": "105249",
    "author": "fina****",
    "review": "지루하지않고 산뜻합니다 알바아니에요 믿고 보세요",
    "rating": "9",
    "date": "13.11.02"
  },
  {
    "review_id": "8103675",
    "movie_id": "105249",
    "author": "mean****",
    "review": "좋았습니다. 여러모로!",
    "rating": "10",
    "date": "13.10.31"
  },
  {
    "review_id": "8089120",
    "movie_id": "105249",
    "author": "inst****",
    "review": "공효진을 위한 단편영화! 보고있으면 히히히 라는 웃음이 저절로 나온다...",
    "rating": "8",
    "date": "13.10.25"
  },
  {
    "review_id": "8081976",
    "movie_id": "105249",
    "author": "hhy7****",
    "review": "뭔영화가 시작하자 마자끝이나냐",
    "rating": "2",
    "date": "13.10.23"
  },
  {
    "review_id": "8064144",
    "movie_id": "105249",
    "author": "wori****",
    "review": "믿고보는공블리... 판소리까지잘하네ㅜㅠ",
    "rating": "8",
    "date": "13.10.17"
  },
  {
    "review_id": "8059258",
    "movie_id": "105249",
    "author": "xml_****",
    "review": "블링 블링 공블링~~ 사랑합니다",
    "rating": "10",
    "date": "13.10.14"
  },
  {
    "review_id": "8053714",
    "movie_id": "105249",
    "author": "tear****",
    "review": "이 산뜻하고 정갈한 러브스토리!",
    "rating": "9",
    "date": "13.10.11"
  },
  {
    "review_id": "8050927",
    "movie_id": "105249",
    "author": "send****",
    "review": "오롯이 두배우한테 진행되는 앵글, 30분을 가득채우는 두배우의 힘.",
    "rating": "8",
    "date": "13.10.10"
  },
  {
    "review_id": "8049765",
    "movie_id": "105249",
    "author": "nba1****",
    "review": "뭐지?!....짧아",
    "rating": "3",
    "date": "13.10.10"
  },
  {
    "review_id": "8049464",
    "movie_id": "105249",
    "author": "korn****",
    "review": "진심을 담은 거짓말의 가치. 혹은 거짓말을 할 수 있기에 얻을 수 있는 인간성.",
    "rating": "6",
    "date": "13.10.10"
  },
  {
    "review_id": "8048277",
    "movie_id": "105249",
    "author": "dlwo****",
    "review": "짧은 시간을 잘 이용함.",
    "rating": "8",
    "date": "13.10.09"
  },
  {
    "review_id": "8047594",
    "movie_id": "105249",
    "author": "phtb****",
    "review": "귀신이 아직도 보이나 보다",
    "rating": "9",
    "date": "13.10.09"
  },
  {
    "review_id": "8046977",
    "movie_id": "105249",
    "author": "sptl****",
    "review": "여운있어요 그 후는 어떻게 될까? 하고 ㅎㅎ",
    "rating": "8",
    "date": "13.10.09"
  },
  {
    "review_id": "8046452",
    "movie_id": "105249",
    "author": "byul****",
    "review": "공블리는 역시 공블리하지만 포스터에서처럼 이걸 사랑이라고 얘기하기엔 무리가 있지싶다",
    "rating": "7",
    "date": "13.10.09"
  },
  {
    "review_id": "8046230",
    "movie_id": "105249",
    "author": "dhxo****",
    "review": "여기서두 귀신을 봐부네",
    "rating": "8",
    "date": "13.10.09"
  },
  {
    "review_id": "8045839",
    "movie_id": "105249",
    "author": "mais****",
    "review": "두배우를 좋아한다면...",
    "rating": "5",
    "date": "13.10.08"
  },
  {
    "review_id": "8045412",
    "movie_id": "105249",
    "author": "lees****",
    "review": "딱 7점 짜리 영화인데 공블리의 소리 때문에 8점 준다",
    "rating": "8",
    "date": "13.10.08"
  },
  {
    "review_id": "8044179",
    "movie_id": "105249",
    "author": "sama****",
    "review": "편하면서도, 보고 있으면 러블리해지는^^",
    "rating": "7",
    "date": "13.10.08"
  },
  {
    "review_id": "8043910",
    "movie_id": "105249",
    "author": "bles****",
    "review": "프로페셔널한 연기에 박수를",
    "rating": "6",
    "date": "13.10.08"
  },
  {
    "review_id": "8043771",
    "movie_id": "105249",
    "author": "song****",
    "review": "소박한 재료로 이런 맛을 내다니!",
    "rating": "10",
    "date": "13.10.07"
  },
  {
    "review_id": "8043488",
    "movie_id": "105249",
    "author": "hamj****",
    "review": "러블리 러블리 하네~~둘다 ㅋㅋ",
    "rating": "7",
    "date": "13.10.07"
  },
  {
    "review_id": "8042989",
    "movie_id": "105249",
    "author": "jdh5****",
    "review": "태공실 영화 버전?노래도 잘하는 공효진",
    "rating": "10",
    "date": "13.10.07"
  },
  {
    "review_id": "8042529",
    "movie_id": "105249",
    "author": "skwo****",
    "review": "귀엽고 사랑스러운 단편영화..하지만, 공효진과 박희순을 출연시키기에는 좀 과소비적이지 않았나 싶은 스토리..",
    "rating": "8",
    "date": "13.10.07"
  },
  {
    "review_id": "8036994",
    "movie_id": "105249",
    "author": "basu****",
    "review": "나는 공효진팬이로소이다. 좋아한다 아이가",
    "rating": "10",
    "date": "13.10.05"
  },
  {
    "review_id": "8036475",
    "movie_id": "105249",
    "author": "guev****",
    "review": "공효진은 가히 한국영화계의 보석같은 존재군",
    "rating": "7",
    "date": "13.10.05"
  },
  {
    "review_id": "8015740",
    "movie_id": "105249",
    "author": "real****",
    "review": "너무 짧음 그저그럼ㄹㄹ",
    "rating": "8",
    "date": "13.09.25"
  },
  {
    "review_id": "8005814",
    "movie_id": "105249",
    "author": "dvy3****",
    "review": "너무나도 사랑스런 영화~~",
    "rating": "10",
    "date": "13.09.21"
  },
  {
    "review_id": "7990327",
    "movie_id": "105249",
    "author": "angu****",
    "review": "공블리 화이팅",
    "rating": "10",
    "date": "13.09.17"
  },
  {
    "review_id": "7955384",
    "movie_id": "105249",
    "author": "ltg1****",
    "review": "공효진",
    "rating": "6",
    "date": "13.09.07"
  },
  {
    "review_id": "7947507",
    "movie_id": "105249",
    "author": "sywh****",
    "review": "괜히 공블리 아니네요 굿!! 짧아서 아쉬웠지만.. 여운이 남는 영화네요!",
    "rating": "10",
    "date": "13.09.04"
  },
  {
    "review_id": "7926566",
    "movie_id": "105249",
    "author": "jwlo****",
    "review": "사랑해요 공효진 누나",
    "rating": "10",
    "date": "13.08.27"
  },
  {
    "review_id": "7926563",
    "movie_id": "105249",
    "author": "ange****",
    "review": "사랑해요 공효진",
    "rating": "10",
    "date": "13.08.27"
  },
  {
    "review_id": "7921639",
    "movie_id": "105249",
    "author": "pray****",
    "review": "역시 공효진!",
    "rating": "10",
    "date": "13.08.25"
  },
  {
    "review_id": "7801514",
    "movie_id": "105249",
    "author": "sob1****",
    "review": "공효진의 활력 연장",
    "rating": "8",
    "date": "13.07.31"
  },
  {
    "review_id": "7791713",
    "movie_id": "105249",
    "author": "arti****",
    "review": "예쁜 영화네요~",
    "rating": "10",
    "date": "13.07.27"
  },
  {
    "review_id": "7749613",
    "movie_id": "105249",
    "author": "choy****",
    "review": "공효진의 연기가 빛을 발하는 놀라운 영화",
    "rating": "10",
    "date": "13.07.17"
  },
  {
    "review_id": "7746355",
    "movie_id": "105249",
    "author": "dbau****",
    "review": "싸랑해요 공효진",
    "rating": "10",
    "date": "13.07.15"
  },
  {
    "review_id": "7742202",
    "movie_id": "105249",
    "author": "aqsd****",
    "review": "자신의 역활에 최선을 다하는 공효진의 모습이 참 아름답게 보여지네요",
    "rating": "9",
    "date": "13.07.14"
  },
  {
    "review_id": "7733873",
    "movie_id": "105249",
    "author": "siru****",
    "review": "훗",
    "rating": "1",
    "date": "13.07.13"
  },
  {
    "review_id": "7715657",
    "movie_id": "105249",
    "author": "gato****",
    "review": "의외로 전체를 아우르는 시너지는 아쉽다.",
    "rating": "6",
    "date": "13.07.07"
  },
  {
    "review_id": "7680231",
    "movie_id": "105249",
    "author": "shsh****",
    "review": "아 진짜 실망이다 세븐 ㅠㅠㅠ　　　　구자철/연예병사/이상순/현장21/이효리/이스타항공/어나니머스/아트록스",
    "rating": "9",
    "date": "13.06.26"
  },
  {
    "review_id": "7644022",
    "movie_id": "105249",
    "author": "wlgb****",
    "review": "굿",
    "rating": "8",
    "date": "13.06.15"
  },
  {
    "review_id": "7639676",
    "movie_id": "105249",
    "author": "madi****",
    "review": "여운이강한 영화에여....",
    "rating": "10",
    "date": "13.06.14"
  },
  {
    "review_id": "7639541",
    "movie_id": "105249",
    "author": "timn****",
    "review": "ㅎㅎ",
    "rating": "1",
    "date": "13.06.14"
  },
  {
    "review_id": "7635550",
    "movie_id": "105249",
    "author": "alsr****",
    "review": "좋음",
    "rating": "10",
    "date": "13.06.13"
  }
]