[
  {
    "review_id": "10242821",
    "movie_id": "105389",
    "author": "kate****",
    "review": "스스로 타인을 울타리 속에 가두려다 스스로 갇혀버렸네.",
    "rating": "8",
    "date": "15.08.16"
  },
  {
    "review_id": "10208688",
    "movie_id": "105389",
    "author": "lola****",
    "review": "영화가 끝나고 나서도 많은 여운이 남으며 또 여러가지 많은 것들을 생각해보게 해주는 영화..등장인물들도 다 좋았고 재밌게봤네요..홍상수감독의 영화의 매력을 알게됐어요..",
    "rating": "10",
    "date": "15.08.09"
  },
  {
    "review_id": "10137737",
    "movie_id": "105389",
    "author": "ucfi****",
    "review": "꼰대XX .(제목은별9)",
    "rating": "7",
    "date": "15.07.24"
  },
  {
    "review_id": "10119360",
    "movie_id": "105389",
    "author": "harr****",
    "review": "홍상수 영화 중에 가장 재미있다. \"치킨에 소주 마시며 두시간동안 얘기 잘들었다.\"",
    "rating": "9",
    "date": "15.07.19"
  },
  {
    "review_id": "10079674",
    "movie_id": "105389",
    "author": "saic****",
    "review": "(술먹자는 재학의 말을 거절하고 온 뒤 밴치에 앉으며 선희에게)\"술 먹 고 싶 다 ^ ^\"",
    "rating": "10",
    "date": "15.07.08"
  },
  {
    "review_id": "10032537",
    "movie_id": "105389",
    "author": "hydy****",
    "review": "한개도 아까움 진심 개 쓰레기",
    "rating": "1",
    "date": "15.06.25"
  },
  {
    "review_id": "10007393",
    "movie_id": "105389",
    "author": "ryuc****",
    "review": "홍상수 감독 작품.  그 느낌 그대로.",
    "rating": "7",
    "date": "15.06.18"
  },
  {
    "review_id": "9891805",
    "movie_id": "105389",
    "author": "cube****",
    "review": "선희가 그렇게 예쁜가.",
    "rating": "7",
    "date": "15.05.04"
  },
  {
    "review_id": "9882398",
    "movie_id": "105389",
    "author": "tull****",
    "review": "홍상수감독 영화는 매번 항상 술자리가 나오고 술주정이 나온다. 느슨함과 여유로움이 넘친다.",
    "rating": "5",
    "date": "15.05.01"
  },
  {
    "review_id": "9860387",
    "movie_id": "105389",
    "author": "cpu1****",
    "review": "정유미를 홍상수의 영화에서 계속 보고 싶다. 내 소박한 바람.",
    "rating": "10",
    "date": "15.04.23"
  },
  {
    "review_id": "9859203",
    "movie_id": "105389",
    "author": "iuba****",
    "review": "그래서 이런 영화 언제까지 만들겠다고",
    "rating": "1",
    "date": "15.04.23"
  },
  {
    "review_id": "9858111",
    "movie_id": "105389",
    "author": "jiho****",
    "review": "이건 뭐 그냥 술주정....",
    "rating": "2",
    "date": "15.04.23"
  },
  {
    "review_id": "9856828",
    "movie_id": "105389",
    "author": "peop****",
    "review": "또 자기복제지만 코미디로 틀어서 피식피식",
    "rating": "7",
    "date": "15.04.22"
  },
  {
    "review_id": "9853632",
    "movie_id": "105389",
    "author": "ywp5****",
    "review": "아 진짜 몰입감 최고 홍상수감독만의 카메라 기법이 너무 좋다",
    "rating": "10",
    "date": "15.04.19"
  },
  {
    "review_id": "9832734",
    "movie_id": "105389",
    "author": "hurc****",
    "review": "이 색기 영화는 왜 다 이따 위야????",
    "rating": "1",
    "date": "15.04.07"
  },
  {
    "review_id": "9818186",
    "movie_id": "105389",
    "author": "ict2****",
    "review": "난 홍상수 영화가 참 재밌다",
    "rating": "10",
    "date": "15.03.31"
  },
  {
    "review_id": "9807963",
    "movie_id": "105389",
    "author": "liho****",
    "review": "'우리' 선희에서 '나의' 선희가 됐을때",
    "rating": "8",
    "date": "15.03.26"
  },
  {
    "review_id": "9778210",
    "movie_id": "105389",
    "author": "ilik****",
    "review": "사랑스러운 선희 겁나 부럽고 질투나!!",
    "rating": "7",
    "date": "15.03.13"
  },
  {
    "review_id": "9772949",
    "movie_id": "105389",
    "author": "chak****",
    "review": "요즘 영화에 볼수없는 순수함이 가득한 영상과 줄거리...그냥 참 좋다~깔끔.",
    "rating": "9",
    "date": "15.03.11"
  },
  {
    "review_id": "9767709",
    "movie_id": "105389",
    "author": "blur****",
    "review": "남자들의 거짓말. 숨고 싶은 마음이 들게 만든다",
    "rating": "10",
    "date": "15.03.09"
  },
  {
    "review_id": "9754470",
    "movie_id": "105389",
    "author": "nuck****",
    "review": "아,  헛웃음 나오게 하네요.",
    "rating": "10",
    "date": "15.03.03"
  },
  {
    "review_id": "9754430",
    "movie_id": "105389",
    "author": "reco****",
    "review": "마치 쿠엔틴 타란티노를 떠올리게 하는 홍상수만의 화법이란.",
    "rating": "9",
    "date": "15.03.03"
  },
  {
    "review_id": "9715988",
    "movie_id": "105389",
    "author": "hju0****",
    "review": "매력있다 캐릭터 모두 살아있다",
    "rating": "10",
    "date": "15.02.20"
  },
  {
    "review_id": "9711863",
    "movie_id": "105389",
    "author": "nocg****",
    "review": "대단한 선희다... 얄밉기도 하지만 미워할 수도 없는",
    "rating": "7",
    "date": "15.02.19"
  },
  {
    "review_id": "9697896",
    "movie_id": "105389",
    "author": "limm****",
    "review": "캬 .. 맥주땡기는 영화.",
    "rating": "10",
    "date": "15.02.15"
  },
  {
    "review_id": "9675305",
    "movie_id": "105389",
    "author": "ksa7****",
    "review": "이런 1등급 영화가 흥행해야한다.홍상수 감독이 한재림 감독보다 영화를 잘만든다.800만은 족히 갔을듯 했지만 관상에 묻혀 ㅠㅠ",
    "rating": "9",
    "date": "15.02.07"
  },
  {
    "review_id": "9674198",
    "movie_id": "105389",
    "author": "ayun****",
    "review": "막 20살이 된 저로서는 와닿진 않네요 그러나 연기들은 정말.. 어떻게 이렇게 물흐르듯 연기를 할까요?연기를 차근차근 보면 오랜만에 만난 그 어색한 눈빛 처리, 몸짓까지 살려서 연기하고 있다는 게 보여요 근데 선희 OO 맞죠?",
    "rating": "7",
    "date": "15.02.07"
  },
  {
    "review_id": "9673469",
    "movie_id": "105389",
    "author": "chlg****",
    "review": "꿀잼 근데 왜 청소년 관람불가지?",
    "rating": "10",
    "date": "15.02.06"
  },
  {
    "review_id": "9602952",
    "movie_id": "105389",
    "author": "xx41****",
    "review": "이게청불인지알겠는디",
    "rating": "9",
    "date": "15.01.17"
  },
  {
    "review_id": "9591127",
    "movie_id": "105389",
    "author": "wjdg****",
    "review": "웃겨 OO ㅋㅋㅋ 대사들이랑 제목 센스 보소ㅋㅋㅋ",
    "rating": "9",
    "date": "15.01.14"
  },
  {
    "review_id": "9588298",
    "movie_id": "105389",
    "author": "dbwl****",
    "review": "깊게 판것 같지만, 정작 파놓은것도 타인",
    "rating": "9",
    "date": "15.01.12"
  },
  {
    "review_id": "9565267",
    "movie_id": "105389",
    "author": "dusd****",
    "review": "ㅋㅋㅋ20대남자로서 이 영화 너무 재밌다 ㅎㅎ 소소한 부분 부분들이 다 공감이야 ㅎㅎ",
    "rating": "10",
    "date": "15.01.05"
  },
  {
    "review_id": "9559299",
    "movie_id": "105389",
    "author": "sos1****",
    "review": "ㅎㅎ 우리 모두의 선희.. 아! 치킨땡겨",
    "rating": "9",
    "date": "15.01.04"
  },
  {
    "review_id": "9554256",
    "movie_id": "105389",
    "author": "shai****",
    "review": "이렇게 좋은배우로 이정도라니... 재미있기는 한데 너무단조롭고..진짜 평화롭기 그지없다 좀더재미있게 할수 있을텐데라는 아쉬움",
    "rating": "7",
    "date": "15.01.03"
  },
  {
    "review_id": "9486468",
    "movie_id": "105389",
    "author": "elen****",
    "review": "대화만으로도 정말 재밌다. 홍상수의 마술에 한껏 빠져드는 묘한 매력의 영화!",
    "rating": "7",
    "date": "14.12.18"
  },
  {
    "review_id": "9485426",
    "movie_id": "105389",
    "author": "dspi****",
    "review": "천재적인 감독의 유머 센스",
    "rating": "9",
    "date": "14.12.18"
  },
  {
    "review_id": "9476743",
    "movie_id": "105389",
    "author": "rkdg****",
    "review": "그리 후하게 대접받을 영화인가?!모르겠다 각자의 영화취향이 있으니...",
    "rating": "5",
    "date": "14.12.15"
  },
  {
    "review_id": "9470288",
    "movie_id": "105389",
    "author": "plus****",
    "review": "선균씨 찌질한연기 너무 잘하시네 ㅋㅋㅋ",
    "rating": "8",
    "date": "14.12.13"
  },
  {
    "review_id": "9464174",
    "movie_id": "105389",
    "author": "jamb****",
    "review": "혼자 소주 먹으며. 홍상수감독의 매력을 처음으로 알게된 영화. 나이를 먹어서인지 술을 먹어서인지. 아니면 아픔 때문인지. 너무나 현실적인 모습에 번뜩 술이 깬다.",
    "rating": "9",
    "date": "14.12.10"
  },
  {
    "review_id": "9463785",
    "movie_id": "105389",
    "author": "ykdi****",
    "review": "연기의 신들과 홍상수의 무심한 듯 현실 성찰이 빛을 발한다",
    "rating": "8",
    "date": "14.12.10"
  },
  {
    "review_id": "9440912",
    "movie_id": "105389",
    "author": "thsw****",
    "review": "엄마랑 잼나게 봤네요 ^_^",
    "rating": "6",
    "date": "14.12.02"
  },
  {
    "review_id": "9423307",
    "movie_id": "105389",
    "author": "hswo****",
    "review": "정유미 정유미 정유미 왜등록이 안되냐",
    "rating": "10",
    "date": "14.11.26"
  },
  {
    "review_id": "9402141",
    "movie_id": "105389",
    "author": "ligh****",
    "review": "너와.나의.연결고리.이건.우리.들의.선희",
    "rating": "9",
    "date": "14.11.20"
  },
  {
    "review_id": "9392879",
    "movie_id": "105389",
    "author": "gorg****",
    "review": "아직어려서인지 전달하고자하는 메세지가 깊이 와닿지는 않지만, 인간적이고 현실적인 매력이 있는 영화라는 생각이 드는, 정말 홍상수감독님 영화다운. 배우들의 자연스러운 연기에 감탄하게 되는 영화입니다. 잘 봤습니당 :)",
    "rating": "10",
    "date": "14.11.16"
  },
  {
    "review_id": "9333286",
    "movie_id": "105389",
    "author": "nine****",
    "review": "이렇게 세 남자들을 쥐락펴락 할 수 있는 예쁜 여자의 마력...",
    "rating": "8",
    "date": "14.11.01"
  },
  {
    "review_id": "9269582",
    "movie_id": "105389",
    "author": "hong****",
    "review": "영화에서 선희는 세 남자를 만난 게 아니라 한남자의 세가지 시절을 만난 거다. 풋내나는시절과 방황하는 시절과 닳고닳은 시절을.",
    "rating": "8",
    "date": "14.10.06"
  },
  {
    "review_id": "9237608",
    "movie_id": "105389",
    "author": "mans****",
    "review": "그 어느 전작보다 훌륭한 캐릭터 조합이 돋보였다",
    "rating": "8",
    "date": "14.09.24"
  },
  {
    "review_id": "9232030",
    "movie_id": "105389",
    "author": "tom1****",
    "review": "자신만의색깔-홍상수",
    "rating": "10",
    "date": "14.09.21"
  },
  {
    "review_id": "9225026",
    "movie_id": "105389",
    "author": "k_pu****",
    "review": "잔잔하지만 유쾌하다.",
    "rating": "10",
    "date": "14.09.19"
  },
  {
    "review_id": "9219563",
    "movie_id": "105389",
    "author": "nohj****",
    "review": "깊게 깊게 파봤을 때...",
    "rating": "10",
    "date": "14.09.16"
  },
  {
    "review_id": "9213761",
    "movie_id": "105389",
    "author": "sang****",
    "review": "그저 웃지요 흐흐으흐흐",
    "rating": "1",
    "date": "14.09.14"
  },
  {
    "review_id": "9212358",
    "movie_id": "105389",
    "author": "euro****",
    "review": "세상에 이런 스타일의 영화는 처음 봤다. 뒷북친다는 생각이 들지만 다른 영화도 봐야겠다.",
    "rating": "10",
    "date": "14.09.14"
  },
  {
    "review_id": "9202715",
    "movie_id": "105389",
    "author": "timh****",
    "review": "홍상수감독 영화를 5편 정도 본것 같은데... 이젠 아니다 싶다. 매번 똑같은 어색한 대사. 배우를 바보로 만드는 능력자.",
    "rating": "2",
    "date": "14.09.11"
  },
  {
    "review_id": "9199121",
    "movie_id": "105389",
    "author": "gaos****",
    "review": "홍상수 천잰거 같다  ㄷㄷ",
    "rating": "10",
    "date": "14.09.10"
  },
  {
    "review_id": "9192701",
    "movie_id": "105389",
    "author": "ryoo****",
    "review": "묘하게 집중됨. 재미지다",
    "rating": "10",
    "date": "14.09.09"
  },
  {
    "review_id": "9179388",
    "movie_id": "105389",
    "author": "godl****",
    "review": "기분이 좋을때봐도 기분이 똥같을때봐도 홍상수감독 영화는 졸립다. 이건 어쩔수가 없다.삶 자체를 영화로 펴내는건 정말 좋지만 이제 좀 질린다.사람들은 홍상수영화를 물흐르듯 보라는데난 잠흐르듯 그저 졸고만있다",
    "rating": "5",
    "date": "14.09.07"
  },
  {
    "review_id": "9168118",
    "movie_id": "105389",
    "author": "gran****",
    "review": "내가 술자리에 합석한 줄 ...'홍상수 영화' 처음 보는데, 뭐지?!뭐지?! 하면서 엔딩크레딧까지 다 봤다.. 엔딩 크레딧까지보긴 또 처음이네... 묘한 집중력을 발휘시키는 영화다",
    "rating": "8",
    "date": "14.09.05"
  },
  {
    "review_id": "9164747",
    "movie_id": "105389",
    "author": "elie****",
    "review": "정말 어이없고, 답없는 영화... 홍상수라는 사람의 영화는 이제 안본다... 바람기 많은 여자애와 모자란 세 남자가 그 한여자에게 난리치는... 이상한 영화..",
    "rating": "3",
    "date": "14.09.04"
  },
  {
    "review_id": "9142239",
    "movie_id": "105389",
    "author": "bow3****",
    "review": "선희란 캐릭터 자체는 영화를 다 보고도 어떤 캐릭터인지 잘 모르겠다.캐릭터가 훼손되지 않은 기분?",
    "rating": "8",
    "date": "14.08.29"
  },
  {
    "review_id": "9127086",
    "movie_id": "105389",
    "author": "kcc7****",
    "review": "한국 배우들은 홍상수하고 김기덕이 영화하자면 뭐 그냥 무조건 하는거냐? 이 감독들 영화에 나올 정도면 뭐 연기력 인정받는거냐? 이건 뭐 재미도 감동도 없는 영화를 아주 그냥 십수년째 만들고 있네 정말. 이들은 벌거벗은 임금님이야! 좀 솔직해지자 좀!!",
    "rating": "1",
    "date": "14.08.24"
  },
  {
    "review_id": "9117712",
    "movie_id": "105389",
    "author": "cnrr****",
    "review": "뭐지 ㅋㅋㅋ 왜이렇게 재밌지 ㅋㅋㅋ 홍감독님 영화가 예전보다 훨씬 쉽고 재밌어진듯 좋아요 계속 이렇게 만들어주세요! 자유의 언덕도 꼭 영화관 가서 볼게요!",
    "rating": "10",
    "date": "14.08.21"
  },
  {
    "review_id": "9109432",
    "movie_id": "105389",
    "author": "sson****",
    "review": "선희는 뭘까? 10년뒤 선희는 어떤모습일까?? 끝나고 생각하게 만드는 나른한 오후 같은영화지만 오락영화를 선호하므로 7점  /// 박장대소할 영화를기대하신다면 피하세요",
    "rating": "7",
    "date": "14.08.19"
  },
  {
    "review_id": "9058781",
    "movie_id": "105389",
    "author": "eock****",
    "review": "나는 누군인지 떠올리다보면 남이 규정해준 나 밖에 남지 않는다. 그러나 그 마저도 번복된다.",
    "rating": "9",
    "date": "14.08.10"
  },
  {
    "review_id": "9012046",
    "movie_id": "105389",
    "author": "jmjo****",
    "review": "세명의 남자가 솔직한 선희에게 어장관리 당하는 내용찰지게 후리는구나",
    "rating": "1",
    "date": "14.08.02"
  },
  {
    "review_id": "9008254",
    "movie_id": "105389",
    "author": "luck****",
    "review": "내 생애 최저 평점을 주다...",
    "rating": "3",
    "date": "14.08.02"
  },
  {
    "review_id": "9003052",
    "movie_id": "105389",
    "author": "malk****",
    "review": "쓰레기.. 정말영화 좋아하고 남들이 굉장히 지루해하는 영화도 즐겨보는편인데...쓰레기. 기억에남는건 선희 이거 아주 개.쌍.년이네 이 생각뿐",
    "rating": "1",
    "date": "14.08.01"
  },
  {
    "review_id": "8970377",
    "movie_id": "105389",
    "author": "silo****",
    "review": "홍상수감독 영화치고 보기 상당히 편했다. 유머가 갈수록 느는듯.",
    "rating": "8",
    "date": "14.07.27"
  },
  {
    "review_id": "8929290",
    "movie_id": "105389",
    "author": "lee8****",
    "review": "말그대로 '우리' 선희 정유미는 매력덩어리",
    "rating": "9",
    "date": "14.07.19"
  },
  {
    "review_id": "8923464",
    "movie_id": "105389",
    "author": "via4****",
    "review": "아하하하~~~  순간순간 폭소가  나온다",
    "rating": "8",
    "date": "14.07.17"
  },
  {
    "review_id": "8917427",
    "movie_id": "105389",
    "author": "nbin****",
    "review": "선희의 가방이후 선희가 친근하게 다시 느껴진다.",
    "rating": "9",
    "date": "14.07.15"
  },
  {
    "review_id": "8914312",
    "movie_id": "105389",
    "author": "airw****",
    "review": "하.... 시간만 버렸네...",
    "rating": "1",
    "date": "14.07.13"
  },
  {
    "review_id": "8896092",
    "movie_id": "105389",
    "author": "hyoh****",
    "review": "안 지루하고 좋네여오묘한 심리를 다룬 영화잼나구 치맥 먹고 싶구창경궁 가고 싶어지는 영화 ㅎㅎ",
    "rating": "7",
    "date": "14.07.08"
  },
  {
    "review_id": "8894268",
    "movie_id": "105389",
    "author": "puli****",
    "review": "최고입니다.술 꼭 준비하고 보세요ㅎ",
    "rating": "10",
    "date": "14.07.07"
  },
  {
    "review_id": "8890715",
    "movie_id": "105389",
    "author": "chal****",
    "review": "진심 개 10노잼 ㅗㅗㅗㅗ",
    "rating": "1",
    "date": "14.07.06"
  },
  {
    "review_id": "8878550",
    "movie_id": "105389",
    "author": "kiki****",
    "review": "홍상수 감독 영화 좋아하는데 이건 특히나 재미있던 영화보고나면 치킨이 먹고 싶어지는 영화시나리오도 좋고 배우들은 더 좋고",
    "rating": "10",
    "date": "14.07.03"
  },
  {
    "review_id": "8854708",
    "movie_id": "105389",
    "author": "dtlo****",
    "review": "독특합니다 생각보다 재미있어요ㅎㅎ",
    "rating": "9",
    "date": "14.06.25"
  },
  {
    "review_id": "8843697",
    "movie_id": "105389",
    "author": "mrgo****",
    "review": "걍 친목질로 만든 영화. 나름 이런 스타일도 있어야지.그래서 5점.",
    "rating": "5",
    "date": "14.06.21"
  },
  {
    "review_id": "8843155",
    "movie_id": "105389",
    "author": "youn****",
    "review": "홍상수 감독이 닭 들어간 음식을 좋아하나보다.",
    "rating": "5",
    "date": "14.06.20"
  },
  {
    "review_id": "8836060",
    "movie_id": "105389",
    "author": "jec1****",
    "review": "배우들 연기 좋고 나름 재밌지만 결국 잡담이 다인 듯한 느낌.",
    "rating": "7",
    "date": "14.06.16"
  },
  {
    "review_id": "8819962",
    "movie_id": "105389",
    "author": "kth3****",
    "review": "사소한듯 심오한듯한 선희와 친구들",
    "rating": "8",
    "date": "14.06.11"
  },
  {
    "review_id": "8815848",
    "movie_id": "105389",
    "author": "jama****",
    "review": "영화를 보는 내내 빵빵 터진다. 어쩜 저렇게 능청스러울까, 그런데 어쩜 저렇게 와 닿을까? 소위 배운 남자들의 얄팍함에 대해 날리는 웃음 보따리",
    "rating": "8",
    "date": "14.06.09"
  },
  {
    "review_id": "8808140",
    "movie_id": "105389",
    "author": "web4****",
    "review": "아 ㅎㅎㅎㅎ 그놈의 치킨~!! 거기가 어디여!!",
    "rating": "8",
    "date": "14.06.07"
  },
  {
    "review_id": "8806761",
    "movie_id": "105389",
    "author": "ari1****",
    "review": "보는게 고문인 영화..",
    "rating": "1",
    "date": "14.06.07"
  },
  {
    "review_id": "8802067",
    "movie_id": "105389",
    "author": "sm23****",
    "review": "홍감독님영화재미있게봤습니다. 더재미지네요.",
    "rating": "10",
    "date": "14.06.06"
  },
  {
    "review_id": "8798427",
    "movie_id": "105389",
    "author": "milk****",
    "review": "선희... 그녀는 누구인가... 술 이 모든 걸 만든 건가?.... 우리 모두 탐구해 보자...",
    "rating": "7",
    "date": "14.06.05"
  },
  {
    "review_id": "8783524",
    "movie_id": "105389",
    "author": "sbrk****",
    "review": "무엇을 말하려는 걸까?  엔딩 장면의 세 남자의 불편한 산책이 웃긴다. 우리 선희가  세 남자를 상대로 뭔 짓을 한거야....",
    "rating": "6",
    "date": "14.06.01"
  },
  {
    "review_id": "8782375",
    "movie_id": "105389",
    "author": "ksm8****",
    "review": "예지원씨와  치킨이 먹고싶어진 영화.",
    "rating": "10",
    "date": "14.06.01"
  },
  {
    "review_id": "8782107",
    "movie_id": "105389",
    "author": "98pa****",
    "review": "홍상수다운스타일...그러나반복의반복...개성만으로커버할수없는부분이있다.아쉬울따름",
    "rating": "3",
    "date": "14.06.01"
  },
  {
    "review_id": "8779226",
    "movie_id": "105389",
    "author": "wowy****",
    "review": "ㅋ우리 선희 똑똑하고 안목있고 또라이같지만 용감하고ㅋㅋㅋ진짜 꿀잼이네 이영화",
    "rating": "10",
    "date": "14.05.31"
  },
  {
    "review_id": "8776062",
    "movie_id": "105389",
    "author": "soo1****",
    "review": "나자신이 누구인지에 대해 다시한번 생각해보게끔 만드는 영화.",
    "rating": "9",
    "date": "14.05.30"
  },
  {
    "review_id": "8775560",
    "movie_id": "105389",
    "author": "hss9****",
    "review": "낰였다 티 프리미엄ㅡㅡ 인간적인 면이 쫌 맘에 들어서 2점줬다 근데 진짜 이선균 정재영 김상중 연기파배우들 불러노코 이딴 쓰레기 영화 찍냐ㅡㅡ 진짜 영화보는데 계쇠 지루하고 괴로웠다ㅡㅡ",
    "rating": "2",
    "date": "14.05.29"
  },
  {
    "review_id": "8774950",
    "movie_id": "105389",
    "author": "drop****",
    "review": "낚였다... 티  프리미엄ㅠ",
    "rating": "1",
    "date": "14.05.29"
  },
  {
    "review_id": "8773533",
    "movie_id": "105389",
    "author": "leee****",
    "review": "깊게 생각하고 봤다가 허탈한 웃음만 허허~ 꽥꽥꽤괘괙~ ㅈㄴ 웃겼음!",
    "rating": "5",
    "date": "14.05.29"
  },
  {
    "review_id": "8768746",
    "movie_id": "105389",
    "author": "js_6****",
    "review": "난해하지만 알아가고 싶은 영화",
    "rating": "6",
    "date": "14.05.26"
  },
  {
    "review_id": "8757651",
    "movie_id": "105389",
    "author": "choi****",
    "review": "우리 주변에 꼭 있을법한 그 여자 '선희' ... 그래서 싫다",
    "rating": "8",
    "date": "14.05.23"
  },
  {
    "review_id": "8750818",
    "movie_id": "105389",
    "author": "sumi****",
    "review": "영화학도들의 현실적 교과서 홍상수.",
    "rating": "10",
    "date": "14.05.21"
  },
  {
    "review_id": "8719512",
    "movie_id": "105389",
    "author": "boso****",
    "review": "여전한홍상수.여전해서계속좋을까.그래서싫어질까.궁금한홍상수.",
    "rating": "8",
    "date": "14.05.10"
  },
  {
    "review_id": "8715971",
    "movie_id": "105389",
    "author": "7dea****",
    "review": "홍상수 레벨은 딱 무라카미하루키인데 다들 너무 높게 평가하는듯. 딱 페미니즘 핥아먹고 사는 유치한 키치판타지 작가인데 무슨 거장이라도 되는양. 하긴 페미니즘 핥으면 있어보이는게 90년대 트렌드니까. 하루키나 홍상수나 낡아빠진 90년대 노처녀들의 우상.",
    "rating": "6",
    "date": "14.05.08"
  },
  {
    "review_id": "8714161",
    "movie_id": "105389",
    "author": "djrh****",
    "review": "평범한 소재이면서 자극적이다. 여자주인공은 정말 얄미운 듯.",
    "rating": "7",
    "date": "14.05.07"
  },
  {
    "review_id": "8707579",
    "movie_id": "105389",
    "author": "club****",
    "review": "술 마시면서 보기 좋은영화~~ㅋ",
    "rating": "9",
    "date": "14.05.05"
  }
]