[
  {
    "review_id": "10058908",
    "movie_id": "105329",
    "author": "qhdk****",
    "review": "정말재밌는데 왜인기가없는지 모르겠네 이작품 ... 정말감동적이었다 ... 보고울었음 ... 몰입도잘되고",
    "rating": "10",
    "date": "15.07.01"
  },
  {
    "review_id": "9957058",
    "movie_id": "105329",
    "author": "csh1****",
    "review": "평점 높아서 보러갔더니 그저그렇던데요~",
    "rating": "6",
    "date": "15.05.28"
  },
  {
    "review_id": "9858286",
    "movie_id": "105329",
    "author": "jung****",
    "review": "오하나아짱인정하는부분",
    "rating": "10",
    "date": "15.04.23"
  },
  {
    "review_id": "9744874",
    "movie_id": "105329",
    "author": "qkzx****",
    "review": "마음이 훈훈해지는 극장판 이였습니다.",
    "rating": "10",
    "date": "15.02.27"
  },
  {
    "review_id": "9739123",
    "movie_id": "105329",
    "author": "1231****",
    "review": "역시나 극장판도 등장인물들이 달리고 또 달리며 노력하는 모습이 무척 보기 좋다. 근데 러닝타임이 극장판치고는 너무 짧고, 유이나의 킷스이소 연수는 그냥 유이나를 극장판에 등장시키기 위한 의미없는 곁가지밖에 안 된 게 흠인듯 하다.",
    "rating": "9",
    "date": "15.02.26"
  },
  {
    "review_id": "9723526",
    "movie_id": "105329",
    "author": "peto****",
    "review": "개인적으로 재밌게봤다",
    "rating": "10",
    "date": "15.02.21"
  },
  {
    "review_id": "9720999",
    "movie_id": "105329",
    "author": "arta****",
    "review": "tva 방영할때도 느낀 것이지만 배경묘사가 논논비요리 뺨치네요 ㅋㅋ",
    "rating": "10",
    "date": "15.02.21"
  },
  {
    "review_id": "9689560",
    "movie_id": "105329",
    "author": "park****",
    "review": "이렇게 빛나는 애니는 오랜만이다",
    "rating": "10",
    "date": "15.02.12"
  },
  {
    "review_id": "9665807",
    "movie_id": "105329",
    "author": "depa****",
    "review": "꽃피는 ㄴㄴ  꽃이 피는 ㅇㅇ",
    "rating": "10",
    "date": "15.02.04"
  },
  {
    "review_id": "9646372",
    "movie_id": "105329",
    "author": "luck****",
    "review": "애니판보고 극장판봤더니 여운이 가시질 않네요",
    "rating": "10",
    "date": "15.01.28"
  },
  {
    "review_id": "9604774",
    "movie_id": "105329",
    "author": "heod****",
    "review": "스트레인저-무황인담 감독의 연출작이라 봤는데.... 그림체도 뻔한 듯 예쁘고, 적절한 스토리에 적당한 감동도 있고, 적당히 재치있게 선정적이고... 메니아들이 좋아할만한 작품.",
    "rating": "9",
    "date": "15.01.17"
  },
  {
    "review_id": "9589352",
    "movie_id": "105329",
    "author": "khsk****",
    "review": "오하나 민코 나코 유이나",
    "rating": "10",
    "date": "15.01.13"
  },
  {
    "review_id": "9492604",
    "movie_id": "105329",
    "author": "lee7****",
    "review": "극장판꽃이피는첫걸음홈스위트홈 재밌게봤어요",
    "rating": "10",
    "date": "14.12.20"
  },
  {
    "review_id": "9453360",
    "movie_id": "105329",
    "author": "korb****",
    "review": "내용은 감동이었으나 기존의 방송분을 편집한 것에 지나지 않아 매우 실망....",
    "rating": "6",
    "date": "14.12.06"
  },
  {
    "review_id": "9425489",
    "movie_id": "105329",
    "author": "lwj_****",
    "review": "심쿵 심쿵... ㅎㅎ 왜 그런지 모르게 심쿵.",
    "rating": "8",
    "date": "14.11.27"
  },
  {
    "review_id": "9419246",
    "movie_id": "105329",
    "author": "heli****",
    "review": "오랜만에 괜찮은 ㅇㅎ한번 보고갑니다(영화관은 아니지만)",
    "rating": "10",
    "date": "14.11.24"
  },
  {
    "review_id": "9387109",
    "movie_id": "105329",
    "author": "tpdl****",
    "review": "군대있을때 본편 다보고 오늘에서야 극장판 봤는데 완전 감동 ㅠㅠ",
    "rating": "10",
    "date": "14.11.15"
  },
  {
    "review_id": "9384267",
    "movie_id": "105329",
    "author": "tla1****",
    "review": "어쭙잖게 평점 깎아내릴라하지말고 한번쯤 다 봐라. 우리 부모님께서도 일본만화는 별로안좋아하는데 이 애니만큼은 꼬박꼬박 다 보셨다. 물론 애니라서 약간 비정상적인 부분도 있었지만 힐링용으로 딱 좋았던 애니. 10점도 아깝다.",
    "rating": "10",
    "date": "14.11.14"
  },
  {
    "review_id": "9347256",
    "movie_id": "105329",
    "author": "j3hy****",
    "review": "넘 슬퍼 울었어요  강추ㅇ",
    "rating": "10",
    "date": "14.11.06"
  },
  {
    "review_id": "9340965",
    "movie_id": "105329",
    "author": "stea****",
    "review": "그림체만 보면 일반적인 오덕 애니메이션 같겠지만, 실제로 보면 마음이 따뜻해지는 좋은 작품입니다. 가족이라는 키워드를 60분이라는 짧은 러닝타임 동안 굉장히 잘 살렸다고 생각해요.",
    "rating": "10",
    "date": "14.11.04"
  },
  {
    "review_id": "9323721",
    "movie_id": "105329",
    "author": "woo9****",
    "review": "이거보고 덕후 라고 말하지 말고 한번이라도 보고 말씀하세요",
    "rating": "10",
    "date": "14.10.28"
  },
  {
    "review_id": "9293580",
    "movie_id": "105329",
    "author": "moom****",
    "review": "그림이 이뻐요. 주제의식이 막 성인 수준은 아니고 딱 중고등학교 때 보면 와닿는 게 있을 듯 하네요. 그림이 진짜 이쁨",
    "rating": "7",
    "date": "14.10.15"
  },
  {
    "review_id": "9287609",
    "movie_id": "105329",
    "author": "dhrw****",
    "review": "영화는 죄가없으니.10점줌 맨위댓글쓴사람 뭐기찔리나 왜저럼 ㅋㅋ맞는말아닌가 오타쿠는.사회의암덩어리인데",
    "rating": "10",
    "date": "14.10.12"
  },
  {
    "review_id": "9234200",
    "movie_id": "105329",
    "author": "eotn****",
    "review": "애니는 보지않았지만 충분히 감동적입니다. 여러가지를 느끼게 해준 영화입니다.",
    "rating": "10",
    "date": "14.09.22"
  },
  {
    "review_id": "9227030",
    "movie_id": "105329",
    "author": "kuki****",
    "review": "평점에 속지 마세요....첨부터 지루해서 죽는줄....뭐가 재밌단건지...",
    "rating": "1",
    "date": "14.09.19"
  },
  {
    "review_id": "9218215",
    "movie_id": "105329",
    "author": "jung****",
    "review": "볼수록 감동이고 인물 한명 한명 다 살아있고 사랑스럽다. 그렇게 어른이 되어간다.. 소소한 내용인데 스토리가좋다",
    "rating": "10",
    "date": "14.09.16"
  },
  {
    "review_id": "9217734",
    "movie_id": "105329",
    "author": "plep****",
    "review": "오하나가 안쓰러워서 보다가 울었음 ..",
    "rating": "10",
    "date": "14.09.15"
  },
  {
    "review_id": "9210989",
    "movie_id": "105329",
    "author": "ungz****",
    "review": "어머니라는, 존재의 집",
    "rating": "9",
    "date": "14.09.13"
  },
  {
    "review_id": "9185741",
    "movie_id": "105329",
    "author": "vgv7****",
    "review": "원작을 모르고  봤는데 상당히 감동적이었다. 개인적으로 매우 잘만든 애니메이션 영화.",
    "rating": "10",
    "date": "14.09.08"
  },
  {
    "review_id": "9185034",
    "movie_id": "105329",
    "author": "ldy_****",
    "review": "와 엄마랑 동생이랑 되게 재밌게 봤어요 그림도 이쁘고",
    "rating": "10",
    "date": "14.09.08"
  },
  {
    "review_id": "9183091",
    "movie_id": "105329",
    "author": "spdl****",
    "review": "그냥 이건 꼭봐라 어떤 치유계 애니도 이걸 따라올 수는 없다일본 애니메이션 스토리의 극을 보여준 애니다",
    "rating": "10",
    "date": "14.09.08"
  },
  {
    "review_id": "9180299",
    "movie_id": "105329",
    "author": "jjuy****",
    "review": "재밌네요 ㅎㅎ청소년기에  겪을 수 있을만한 이야기를 재밌고 알차게 만드신것같아 재밌게 보았습니다~!!!",
    "rating": "10",
    "date": "14.09.07"
  },
  {
    "review_id": "9172686",
    "movie_id": "105329",
    "author": "kcy6****",
    "review": "오랜만에 봤는데 역시나 기대를 저버리지않는최고의 애니",
    "rating": "9",
    "date": "14.09.06"
  },
  {
    "review_id": "9162519",
    "movie_id": "105329",
    "author": "ppto****",
    "review": "저런 오덕만화는 보는게 아니라고 배웠습니다",
    "rating": "1",
    "date": "14.09.04"
  },
  {
    "review_id": "9151682",
    "movie_id": "105329",
    "author": "sdh1****",
    "review": "기록속의 부모님은 지금의 나였다. 안일한 꿈에서부터 점점 확고해지는 목표.. 그리고 모두가 자기 나름의 삶을 살고있다.  이건가? ㅋ 특히 오하라 엄마는 많은 사람이 공감할 수 있을 듯하다.",
    "rating": "8",
    "date": "14.08.31"
  },
  {
    "review_id": "9141310",
    "movie_id": "105329",
    "author": "ymh7****",
    "review": "겨울왕국 이후에 최고의 애니다진짜 ㅠㅠ",
    "rating": "10",
    "date": "14.08.28"
  },
  {
    "review_id": "9123598",
    "movie_id": "105329",
    "author": "dndq****",
    "review": "괜춘 했음 ㅇㅇ ....",
    "rating": "10",
    "date": "14.08.23"
  },
  {
    "review_id": "9120019",
    "movie_id": "105329",
    "author": "c_mo****",
    "review": "아마 TV판 애니 안 보고 극장판만 보면 이해하기 힘들 듯.. 애니 짜집기한 극장판과는 차원이 다른, 꽃이 피는 첫걸음의 남은 퍼즐 한 조각을 맞추는 듯한 극장판이었다. 최고!!",
    "rating": "10",
    "date": "14.08.22"
  },
  {
    "review_id": "9119794",
    "movie_id": "105329",
    "author": "tear****",
    "review": "내겐 너무 어리기만 한 초미소녀 감성의 츤데레 애니.",
    "rating": "5",
    "date": "14.08.21"
  },
  {
    "review_id": "9111747",
    "movie_id": "105329",
    "author": "agsm****",
    "review": "이거봤는데 완전재밌음ㅜㅜ이애니는 최고인듯ㅎ",
    "rating": "10",
    "date": "14.08.19"
  },
  {
    "review_id": "9104981",
    "movie_id": "105329",
    "author": "yooj****",
    "review": "진짜 잘봣다오랜만에 제대로 된거 본듯",
    "rating": "10",
    "date": "14.08.18"
  },
  {
    "review_id": "9102401",
    "movie_id": "105329",
    "author": "khsk****",
    "review": "오하나짱 카와이  클리어파일 다이스키@@@@",
    "rating": "10",
    "date": "14.08.17"
  },
  {
    "review_id": "9100307",
    "movie_id": "105329",
    "author": "dbst****",
    "review": "그냥 이 애니는 너무 잼있다",
    "rating": "10",
    "date": "14.08.17"
  },
  {
    "review_id": "9092979",
    "movie_id": "105329",
    "author": "vngk****",
    "review": "정신없는 일본영화어린 딸이랑 보러갔다가아이가 이해를 못함일본과 정서가 좀다름",
    "rating": "5",
    "date": "14.08.16"
  },
  {
    "review_id": "9068640",
    "movie_id": "105329",
    "author": "thew****",
    "review": "나만 이렇게 재미있는걸 볼수없다.",
    "rating": "10",
    "date": "14.08.11"
  },
  {
    "review_id": "9068619",
    "movie_id": "105329",
    "author": "lkja****",
    "review": "뭐 감독이 감독이니까 말이 필요없죠",
    "rating": "10",
    "date": "14.08.11"
  },
  {
    "review_id": "9057594",
    "movie_id": "105329",
    "author": "jsz1****",
    "review": "자막이 조금 아쉬웠지만 볼만 했습니다.완성도도 높았고 일상물 최강임.",
    "rating": "10",
    "date": "14.08.09"
  },
  {
    "review_id": "9056523",
    "movie_id": "105329",
    "author": "bles****",
    "review": "별 내용없는 덕후 소환용 애니",
    "rating": "3",
    "date": "14.08.09"
  },
  {
    "review_id": "9049211",
    "movie_id": "105329",
    "author": "swe2****",
    "review": "와 극장판를 위한 본편이였다고 할 정도로 극장판은 광장히 짜임새있습니다. 그리고 요즘 청소년,청년에서 의지를 불어넣을수 그런 애니매이션 솔직히 요즘시대에서 보기 드물지만 시간되시면 꼭보시기 바랍니다.",
    "rating": "10",
    "date": "14.08.08"
  },
  {
    "review_id": "9030498",
    "movie_id": "105329",
    "author": "jjun****",
    "review": "그날본꽃의이름 그거다음으로 극장판 보면서 울었네 마나 카와이~",
    "rating": "10",
    "date": "14.08.05"
  },
  {
    "review_id": "9015911",
    "movie_id": "105329",
    "author": "wlsp****",
    "review": "아 너무 재미있네요 감동적이고",
    "rating": "10",
    "date": "14.08.03"
  },
  {
    "review_id": "9009721",
    "movie_id": "105329",
    "author": "bnbl****",
    "review": "애니메이션 본편에서 못봤던 주인공 엄마의 스토리라던가 주인공, 주변 사람들의 한걸음 진보하는 모습 그리고 주인장님의 뛰어난 일처리솜씨와 투철한 직업 정신은 본받을만한것 같았습니다.",
    "rating": "10",
    "date": "14.08.02"
  },
  {
    "review_id": "8999148",
    "movie_id": "105329",
    "author": "sju0****",
    "review": "나는 빛나고싶어! 명대사",
    "rating": "10",
    "date": "14.08.01"
  },
  {
    "review_id": "8996393",
    "movie_id": "105329",
    "author": "khe5****",
    "review": "재밌게봤어요 하지만 시간에 짧아서..",
    "rating": "10",
    "date": "14.07.31"
  },
  {
    "review_id": "8980449",
    "movie_id": "105329",
    "author": "invi****",
    "review": "또 보러 갑니다.^^*",
    "rating": "10",
    "date": "14.07.30"
  },
  {
    "review_id": "8978794",
    "movie_id": "105329",
    "author": "dlxo****",
    "review": "와,,, 보고 왔는데 대박이다",
    "rating": "10",
    "date": "14.07.29"
  },
  {
    "review_id": "8978288",
    "movie_id": "105329",
    "author": "ghi0****",
    "review": "보면서 감동받았고 현실을느꼇습니다",
    "rating": "10",
    "date": "14.07.29"
  },
  {
    "review_id": "8978030",
    "movie_id": "105329",
    "author": "khg1****",
    "review": "좀그렇게 재미있을거같진한아",
    "rating": "1",
    "date": "14.07.29"
  },
  {
    "review_id": "8977040",
    "movie_id": "105329",
    "author": "over****",
    "review": "키아~ 자연경관이 그림같다 그림같에. 아노하나는 진짜 명작이다.",
    "rating": "10",
    "date": "14.07.29"
  },
  {
    "review_id": "8976803",
    "movie_id": "105329",
    "author": "kiri****",
    "review": "생각이상으로 볼만했다 훈훈한 결말 만족한다 .",
    "rating": "10",
    "date": "14.07.29"
  },
  {
    "review_id": "8975985",
    "movie_id": "105329",
    "author": "heli****",
    "review": "이런맛에 보러가는거지 ㅋ",
    "rating": "10",
    "date": "14.07.29"
  },
  {
    "review_id": "8974427",
    "movie_id": "105329",
    "author": "jinw****",
    "review": "말이필요없음 최고의명작",
    "rating": "10",
    "date": "14.07.28"
  },
  {
    "review_id": "8972988",
    "movie_id": "105329",
    "author": "loui****",
    "review": "꽃이피는 첫걸음 팬이라면 보시는 걸 추천합니다",
    "rating": "10",
    "date": "14.07.28"
  },
  {
    "review_id": "8972011",
    "movie_id": "105329",
    "author": "dlck****",
    "review": "일주일전에 봤는데도 아직도 여운이그대로.. 멍하니 보다보면 어느세 70분이 쓕ㅋㅋㅋ 아기 오하나 겁나 귀여워요~",
    "rating": "10",
    "date": "14.07.28"
  },
  {
    "review_id": "8970329",
    "movie_id": "105329",
    "author": "beas****",
    "review": "애니메이션을 보지않은채 관람했지만 딱히 부족한건없었다. P.A.Works의 작화가 다시 눈에들어왔다.",
    "rating": "10",
    "date": "14.07.27"
  },
  {
    "review_id": "8967608",
    "movie_id": "105329",
    "author": "kyun****",
    "review": "이로하라는 점에서 이미GJ지후...오하나쨔응...애니판 2기도 얼릉얼릉 나왔으면 좋겠다",
    "rating": "10",
    "date": "14.07.27"
  },
  {
    "review_id": "8966938",
    "movie_id": "105329",
    "author": "kw64****",
    "review": "사스가 보길잘했다는 생각이",
    "rating": "10",
    "date": "14.07.27"
  },
  {
    "review_id": "8958664",
    "movie_id": "105329",
    "author": "wesa****",
    "review": "TV판보고 이거보니 10점밖에 줄수없다는게 아쉬울따름",
    "rating": "10",
    "date": "14.07.25"
  },
  {
    "review_id": "8957293",
    "movie_id": "105329",
    "author": "xlfm****",
    "review": "난 일본원들 별로 좋아하진 않지만 일본놈들이 만든 애니메이션은 좋아한다. 일본놈들은 애니를 예술로 만드는 재능이 뛰어나다.",
    "rating": "10",
    "date": "14.07.25"
  },
  {
    "review_id": "8956555",
    "movie_id": "105329",
    "author": "ayas****",
    "review": "내가본애니극장판중제일꿀",
    "rating": "10",
    "date": "14.07.25"
  },
  {
    "review_id": "8955717",
    "movie_id": "105329",
    "author": "dlwo****",
    "review": "분량이 조금 적었던것빼고 전부 좋습니다!",
    "rating": "10",
    "date": "14.07.25"
  },
  {
    "review_id": "8953627",
    "movie_id": "105329",
    "author": "clan****",
    "review": "아깝지 않은 67분 그속안에 자신의 꿈 ,가족, 주인공의 성장 등 정말 좋은 애니였고 오하나 사츠키 짱짱걸",
    "rating": "10",
    "date": "14.07.24"
  },
  {
    "review_id": "8952105",
    "movie_id": "105329",
    "author": "daei****",
    "review": "자막만든사람이 전문으로하시는분이아닌거같네요 그냥 일반인이 번역한듯한느낌? 잘못번역된부분도있고 자막에서 아쉽게느껴집니다",
    "rating": "8",
    "date": "14.07.24"
  },
  {
    "review_id": "8948585",
    "movie_id": "105329",
    "author": "msnk****",
    "review": "tv판 이후 최고으 스토리!",
    "rating": "10",
    "date": "14.07.24"
  },
  {
    "review_id": "8947901",
    "movie_id": "105329",
    "author": "chac****",
    "review": "하.... 이걸 저번주에 봤어야됬는데... 하... 1기를 지금 다봐서 개후회된다.. 아.. 타임머신을 이때 써봤으면",
    "rating": "10",
    "date": "14.07.24"
  },
  {
    "review_id": "8946558",
    "movie_id": "105329",
    "author": "tjsg****",
    "review": "최고란말밖에..여러가지를 느꼈고, 여운이 상당히 강하네요",
    "rating": "10",
    "date": "14.07.23"
  },
  {
    "review_id": "8942834",
    "movie_id": "105329",
    "author": "mina****",
    "review": "오하나쨩 카와이마나쨩 카와이",
    "rating": "9",
    "date": "14.07.23"
  },
  {
    "review_id": "8941090",
    "movie_id": "105329",
    "author": "save****",
    "review": "67분동안 정말 재밌게 봤다.",
    "rating": "10",
    "date": "14.07.22"
  },
  {
    "review_id": "8941071",
    "movie_id": "105329",
    "author": "song****",
    "review": "명대사부분이 무지 좋앗습니다. 그 다음 중간중간 므흣!한 장면도요 ㅎㅎㅎ",
    "rating": "10",
    "date": "14.07.22"
  },
  {
    "review_id": "8940951",
    "movie_id": "105329",
    "author": "ko12****",
    "review": "정말 재밌습니다~ 감동도 있고요 꼭 보시길~",
    "rating": "10",
    "date": "14.07.22"
  },
  {
    "review_id": "8940522",
    "movie_id": "105329",
    "author": "muju****",
    "review": "무조건 꼭 보세요 ㅜㅜ 너무 알차게 되어 있습니다.",
    "rating": "10",
    "date": "14.07.22"
  },
  {
    "review_id": "8939912",
    "movie_id": "105329",
    "author": "werg****",
    "review": "요즘 애니답지 않게 할램이나 상업적이지 않고 딱 좋은거 같습니다 힐링 힐링 젊은시절 달달한 사랑에 대한 추억같은 그런 느낌인데 덕후들은 별로 안 좋아하더군요...",
    "rating": "10",
    "date": "14.07.22"
  },
  {
    "review_id": "8939799",
    "movie_id": "105329",
    "author": "bgpr****",
    "review": "이로하 본놈들 다봐라 ㅇㅇ",
    "rating": "10",
    "date": "14.07.22"
  },
  {
    "review_id": "8938274",
    "movie_id": "105329",
    "author": "alro****",
    "review": "아득한 꿈, 내가 과연 잘 하고 있는 것인지 혼란스러웠던 고등학생 때의 추억이 떠올라서 그런지 \"빛나고 싶어\"라는 대사가 가슴 아리게 와닿는다. 꿈을 못찾고 방황하며 슬퍼하는 것도 인생의 한 과정이 아닐런지. 학교 후배들에게 추천해주고 싶은 애니다.",
    "rating": "10",
    "date": "14.07.21"
  },
  {
    "review_id": "8937295",
    "movie_id": "105329",
    "author": "ralr****",
    "review": "재밌게 봤지만 뭔가부족.",
    "rating": "7",
    "date": "14.07.21"
  },
  {
    "review_id": "8937166",
    "movie_id": "105329",
    "author": "ss01****",
    "review": "nano Ripe 이즈 갓,,,",
    "rating": "10",
    "date": "14.07.21"
  },
  {
    "review_id": "8936596",
    "movie_id": "105329",
    "author": "tods****",
    "review": "애니를 보지 않았음에도 불구하고 막히거나 궁금한 내용이 없이 한편의 짜여진 드라마를 볼 수 있어서 좋았습니다^?^도리어 애니가 궁금할 정도로~~",
    "rating": "7",
    "date": "14.07.21"
  },
  {
    "review_id": "8935381",
    "movie_id": "105329",
    "author": "swan****",
    "review": "기대했던 작품인데 역시 기대를 져버리지 않는군요. 타 작품과 차별화된 잔잔한 감동. 지친 일상에 파이팅을 외쳐주는 친구의 모습이 오버랩되는 듯한 작품이었습니다. 10점 만점에 10점이 부족한듯한 작품입니다.",
    "rating": "10",
    "date": "14.07.20"
  },
  {
    "review_id": "8935209",
    "movie_id": "105329",
    "author": "ch42****",
    "review": "다른건 잘 모르겠고 토요사키 아키 ㅇㅇ",
    "rating": "10",
    "date": "14.07.20"
  },
  {
    "review_id": "8935038",
    "movie_id": "105329",
    "author": "leco****",
    "review": "에고.. 예매 해놓고 못갔네 ..ㅠ_ㅠ",
    "rating": "8",
    "date": "14.07.20"
  },
  {
    "review_id": "8934807",
    "movie_id": "105329",
    "author": "wjo1****",
    "review": "난 진짜 재밋게봣는데 본편안보고 본사람들은 공감도 안됄거고본편을 보고 본사람은 공감도돼고 재미도있엇을걸?",
    "rating": "10",
    "date": "14.07.20"
  },
  {
    "review_id": "8933934",
    "movie_id": "105329",
    "author": "356c****",
    "review": "진짜 정말 재미있었습니다! 비록 개봉이 늦어서 인터넷에서 쉽게 볼 수 있지만 극장에서 볼 수 있다는게 큰 메리트네요!! ㅎㅎ 안보고 있다가 극장에서 보기 잘했습니다.",
    "rating": "10",
    "date": "14.07.20"
  },
  {
    "review_id": "8933589",
    "movie_id": "105329",
    "author": "kuka****",
    "review": "이...이건 꼭 봐야 햇!",
    "rating": "10",
    "date": "14.07.20"
  },
  {
    "review_id": "8933546",
    "movie_id": "105329",
    "author": "534k****",
    "review": "그냥 말이 없는듯 역시 이래야지",
    "rating": "10",
    "date": "14.07.20"
  },
  {
    "review_id": "8933123",
    "movie_id": "105329",
    "author": "foss****",
    "review": "그냥 봐..충무로 범죄물 or 사극보단 이게 훨씬 수준 높아...",
    "rating": "10",
    "date": "14.07.20"
  },
  {
    "review_id": "8932737",
    "movie_id": "105329",
    "author": "jhj9****",
    "review": "솔직히 덕후 아니면 못볼만한 거잖아",
    "rating": "1",
    "date": "14.07.20"
  },
  {
    "review_id": "8932131",
    "movie_id": "105329",
    "author": "hex0****",
    "review": "번역자가 별로 맘에 안들었었는데 재밌었음",
    "rating": "10",
    "date": "14.07.19"
  },
  {
    "review_id": "8931596",
    "movie_id": "105329",
    "author": "a_lh****",
    "review": "영화가 짧은건 좋았습니다",
    "rating": "1",
    "date": "14.07.19"
  },
  {
    "review_id": "8930968",
    "movie_id": "105329",
    "author": "hp18****",
    "review": "ㅠㅠ  저걸 애니로 보고 가서 봐야하는데 흠 ㄷㄷ 근데 다른 코드기어스 극장판우리나라에서 개봉 안하남 ?",
    "rating": "8",
    "date": "14.07.19"
  },
  {
    "review_id": "8930831",
    "movie_id": "105329",
    "author": "yoyo****",
    "review": "애니보는사람 오타쿠 취급? 나 오타쿠다.그리고 이 영화는 진리다.",
    "rating": "10",
    "date": "14.07.19"
  }
]