[
  {
    "review_id": "10247240",
    "movie_id": "105362",
    "author": "terr****",
    "review": "종합 평점은 6점 드립니다.",
    "rating": "6",
    "date": "15.08.18"
  },
  {
    "review_id": "10185870",
    "movie_id": "105362",
    "author": "sunn****",
    "review": "우연히 티비돌리다가 봤는데 나름 긴장감과 반전이 있는 타임킬링 영화였어요. 재밌게봤으니 평점 드리는겁니다~",
    "rating": "10",
    "date": "15.08.05"
  },
  {
    "review_id": "10185851",
    "movie_id": "105362",
    "author": "yana****",
    "review": "무난하다고 본다...",
    "rating": "7",
    "date": "15.08.05"
  },
  {
    "review_id": "9882476",
    "movie_id": "105362",
    "author": "qhqh****",
    "review": "복잡하지만 재밌게 잘 봤어요",
    "rating": "10",
    "date": "15.05.01"
  },
  {
    "review_id": "9819588",
    "movie_id": "105362",
    "author": "maen****",
    "review": "네이버 배우/제작진에 주연과 조연이 바뀐것 같아요...나오자마 죽는 경찰 포레스트 휘태커가 주연으로 되어 있고, 악당역에 메인 케릭터인 마이클 치클리스가 조연으로 되어 있네요.",
    "rating": "7",
    "date": "15.04.01"
  },
  {
    "review_id": "9771463",
    "movie_id": "105362",
    "author": "love****",
    "review": "6점짜리 영화는 아니었다",
    "rating": "10",
    "date": "15.03.10"
  },
  {
    "review_id": "9674676",
    "movie_id": "105362",
    "author": "sch3****",
    "review": "저도 충분히 재미있었습니다 몰입도,긴장감 다 좋았는데 왜 평점이 이렇게 안좋은지 모르겠네요",
    "rating": "10",
    "date": "15.02.07"
  },
  {
    "review_id": "9417478",
    "movie_id": "105362",
    "author": "tlnt****",
    "review": "괜히봄 연기도 별로 연출도 별로 시나리오도 엉성.... 모 어쩌라고ㅡㅡ 제작비는 적게들었겠네",
    "rating": "3",
    "date": "14.11.24"
  },
  {
    "review_id": "8606627",
    "movie_id": "105362",
    "author": "pass****",
    "review": "포레스트휘태커는 떡밥이고 가이리치 코스프레는 역부족일세",
    "rating": "5",
    "date": "14.03.25"
  },
  {
    "review_id": "8390844",
    "movie_id": "105362",
    "author": "hose****",
    "review": "재밌습니다 톰크루즈 멜깁슨 닮은 사람있음",
    "rating": "8",
    "date": "14.01.17"
  },
  {
    "review_id": "8367798",
    "movie_id": "105362",
    "author": "1als****",
    "review": "사람마다 느끼는게 다르지만..1점은..전 재미있게 봤네요ㅎㅎ약간 지루하지만 킬링타임용..볼만합니다^^",
    "rating": "9",
    "date": "14.01.10"
  },
  {
    "review_id": "8187897",
    "movie_id": "105362",
    "author": "534k****",
    "review": "액션, 긴장감 모두 괜찮았음",
    "rating": "8",
    "date": "13.12.03"
  },
  {
    "review_id": "8132655",
    "movie_id": "105362",
    "author": "jang****",
    "review": "약간 지루한 부분도 있지만 킬림타임용으론 적절한듯",
    "rating": "7",
    "date": "13.11.11"
  },
  {
    "review_id": "8131216",
    "movie_id": "105362",
    "author": "kolc****",
    "review": "시나리오 연출 다 괜찮음... 정확히 8점짜리..",
    "rating": "9",
    "date": "13.11.10"
  },
  {
    "review_id": "8108806",
    "movie_id": "105362",
    "author": "pass****",
    "review": "스토리는 탄탄한데, 너무 짧네..",
    "rating": "8",
    "date": "13.11.02"
  },
  {
    "review_id": "8093392",
    "movie_id": "105362",
    "author": "choc****",
    "review": "10점정도는 아니지만 스릴있었는데",
    "rating": "10",
    "date": "13.10.27"
  },
  {
    "review_id": "8080800",
    "movie_id": "105362",
    "author": "cont****",
    "review": "이걸 시나리오라고 썼나?",
    "rating": "3",
    "date": "13.10.22"
  },
  {
    "review_id": "8053019",
    "movie_id": "105362",
    "author": "lect****",
    "review": "이게 왜이리 평점이 낮지? 7.5이상은 된다고 느껴 밸런스 별점 줍니다.",
    "rating": "10",
    "date": "13.10.11"
  },
  {
    "review_id": "7694394",
    "movie_id": "105362",
    "author": "vm4e****",
    "review": "초중반까지 스릴감있고 좋으나 갈수록 지루하고 뒤죽박죽 전개가 이어진다.. 하지만 킬링타임용으론 괜찮은 영화",
    "rating": "7",
    "date": "13.07.01"
  },
  {
    "review_id": "7661473",
    "movie_id": "105362",
    "author": "kis5****",
    "review": "재미없다. 지루하다.",
    "rating": "2",
    "date": "13.06.20"
  },
  {
    "review_id": "7640420",
    "movie_id": "105362",
    "author": "cheo****",
    "review": "심장이 쫄깃해지는 맛이 부족함. 지루하진 않은 평작.",
    "rating": "6",
    "date": "13.06.15"
  },
  {
    "review_id": "7615782",
    "movie_id": "105362",
    "author": "hitz****",
    "review": "할말 없음",
    "rating": "3",
    "date": "13.06.09"
  },
  {
    "review_id": "7615296",
    "movie_id": "105362",
    "author": "ehwj****",
    "review": "이게 한번보고 이해가 안될정도의 영화는 아닌데ㅋㅋ이해안될것도 없음..생각보다 나쁘진 않은데 기대 안하고 봐야할듯ㅋㅋ",
    "rating": "6",
    "date": "13.06.09"
  },
  {
    "review_id": "7599168",
    "movie_id": "105362",
    "author": "labl****",
    "review": "내용이어수선한데다 그닥임..",
    "rating": "3",
    "date": "13.06.06"
  },
  {
    "review_id": "7579694",
    "movie_id": "105362",
    "author": "bles****",
    "review": "스릴있게 잘 몰아간다",
    "rating": "6",
    "date": "13.06.05"
  },
  {
    "review_id": "7574836",
    "movie_id": "105362",
    "author": "cred****",
    "review": "휘테거는 나온지 몇분만에 죽고 흑형 경찰은 주인공에 이름도 빠져있고 스릴도 감동도 없는 인질극",
    "rating": "5",
    "date": "13.06.03"
  },
  {
    "review_id": "7571317",
    "movie_id": "105362",
    "author": "qzwx****",
    "review": "재밋네요 돈이 아깝진 않음 괜춘함",
    "rating": "8",
    "date": "13.06.02"
  },
  {
    "review_id": "7569367",
    "movie_id": "105362",
    "author": "ldj0****",
    "review": "평타는 친다.",
    "rating": "7",
    "date": "13.06.01"
  },
  {
    "review_id": "7564799",
    "movie_id": "105362",
    "author": "kjc7****",
    "review": "20세기에 만들어졌어도 혹평을 받았을 3류스릴러. 시나리오, 연출, 편집, 구성, 캐릭터설정 뭐하나 맘에드는게 없다. 이런 영화를 왜수입하는지 정말 알수가없다,",
    "rating": "3",
    "date": "13.05.31"
  },
  {
    "review_id": "7562813",
    "movie_id": "105362",
    "author": "guev****",
    "review": "그럭저럭 킬링타임용에 그치는군",
    "rating": "6",
    "date": "13.05.30"
  },
  {
    "review_id": "7561988",
    "movie_id": "105362",
    "author": "to_r****",
    "review": "잘 만든영화인것 같긴하나 한번보고는 잘 이해가 돼지는 않는다.",
    "rating": "7",
    "date": "13.05.30"
  },
  {
    "review_id": "7561577",
    "movie_id": "105362",
    "author": "cs79****",
    "review": "내용이뭔지모르것네 ㅋㅋㅋㅋㅋㅋㅋㅋㅋ",
    "rating": "10",
    "date": "13.05.29"
  },
  {
    "review_id": "7561560",
    "movie_id": "105362",
    "author": "free****",
    "review": "노매너에 짜증스럽고 의리까지 없는 잡범들과 부패한 무능 경찰이 얽힌 치졸한 인질극. 인물 묘사도 지나치게 작위적이라 유치하고 전체적으로 엉성하다. 조조 할인으로 봐도 본전 생각이 절로 나는 졸작",
    "rating": "3",
    "date": "13.05.29"
  },
  {
    "review_id": "7561427",
    "movie_id": "105362",
    "author": "rain****",
    "review": "킬링타임용으로 괜찮네요~^^",
    "rating": "8",
    "date": "13.05.29"
  },
  {
    "review_id": "7560975",
    "movie_id": "105362",
    "author": "hope****",
    "review": "뭔가 기대하고 봤는데...뭐냐....영화설명도 잘못된게 닉이 누명을 벗기위해 사건의 전모를 파헤치는거는 아님",
    "rating": "5",
    "date": "13.05.29"
  },
  {
    "review_id": "7560922",
    "movie_id": "105362",
    "author": "con0****",
    "review": "충분히 재밌는데 1점 주는 호구들은 뭐냐 ㅋㅋㅋ 10점 짜린 아니고 7~8점은 되는데 평점 올릴라고 10점 줌",
    "rating": "10",
    "date": "13.05.29"
  },
  {
    "review_id": "7560903",
    "movie_id": "105362",
    "author": "heo2****",
    "review": "줄거리랑 내용이 다르네윌이 도움 요청하려고 반스한테 전화했냐왠만하면 재밌게 보는데 시간 낭비했다는 생각이 몰려온다.",
    "rating": "1",
    "date": "13.05.29"
  },
  {
    "review_id": "7560741",
    "movie_id": "105362",
    "author": "sin7****",
    "review": "1점도 아깝다",
    "rating": "1",
    "date": "13.05.29"
  },
  {
    "review_id": "7560677",
    "movie_id": "105362",
    "author": "jdi1****",
    "review": "킬링타임용 으로 볼만한 영화네요",
    "rating": "9",
    "date": "13.05.29"
  },
  {
    "review_id": "7560350",
    "movie_id": "105362",
    "author": "rudw****",
    "review": "OOO기중 쓰레기 상쓰레기 진심 쓰레기.",
    "rating": "1",
    "date": "13.05.28"
  },
  {
    "review_id": "7560128",
    "movie_id": "105362",
    "author": "sinb****",
    "review": "설정도 이야기 전개도 너무 흔하다",
    "rating": "7",
    "date": "13.05.28"
  },
  {
    "review_id": "7559786",
    "movie_id": "105362",
    "author": "kami****",
    "review": "gooddddddddddddddddddddddd",
    "rating": "10",
    "date": "13.05.28"
  },
  {
    "review_id": "7559785",
    "movie_id": "105362",
    "author": "sado****",
    "review": "간만에 볼만하다.",
    "rating": "10",
    "date": "13.05.28"
  },
  {
    "review_id": "7559783",
    "movie_id": "105362",
    "author": "junj****",
    "review": "좋와요 GOOD^^",
    "rating": "10",
    "date": "13.05.28"
  },
  {
    "review_id": "7554951",
    "movie_id": "105362",
    "author": "did0****",
    "review": "형편 없는 내용",
    "rating": "1",
    "date": "13.05.26"
  }
]