[
  {
    "review_id": "10028378",
    "movie_id": "105364",
    "author": "beat****",
    "review": "레시피가안외워지는건귀찮음일까아니면어려워서일까히융이것이바로메탈리카구나근데나좀안다고생각했는데아니네90분동안귀를찢을거같은멋진음악중에아는노래는딱두개뿐데인드한이무대밖에서그토록가져오려했던가방엔뭐가든겨50대그룹인걸믿지못할정도의성량과무대퍼포먼스가대단함노래를몰라아쉽네",
    "rating": "7",
    "date": "15.06.24"
  },
  {
    "review_id": "10024614",
    "movie_id": "105364",
    "author": "banb****",
    "review": "이건 뭐 할말이 없음. 그냥 최고 그 자체..보면서 온몸에 전율이 느껴지고 소름이 돋는다..",
    "rating": "10",
    "date": "15.06.23"
  },
  {
    "review_id": "9886140",
    "movie_id": "105364",
    "author": "dkdl****",
    "review": "제임스 헷필드 50먹고 더 파워풀해졌어ㅋㅋㅋㅋ",
    "rating": "10",
    "date": "15.05.02"
  },
  {
    "review_id": "9605889",
    "movie_id": "105364",
    "author": "proa****",
    "review": "감상평  따의집어치우고 메탈리카와 함께 미쳐보자.",
    "rating": "4",
    "date": "15.01.17"
  },
  {
    "review_id": "9571709",
    "movie_id": "105364",
    "author": "calo****",
    "review": "다운받아 봤어요. 눈과 귀가 호강댓글쓰는 지금도 듣고 있음",
    "rating": "10",
    "date": "15.01.07"
  },
  {
    "review_id": "9526011",
    "movie_id": "105364",
    "author": "sipj****",
    "review": "이건 영화라기보단 그냥 메탈리카 공연 실황 비디오",
    "rating": "7",
    "date": "14.12.27"
  },
  {
    "review_id": "9498879",
    "movie_id": "105364",
    "author": "sjae****",
    "review": "꿈 같은 영화..뒤늦게라도 알고 본게 행운",
    "rating": "10",
    "date": "14.12.21"
  },
  {
    "review_id": "9421716",
    "movie_id": "105364",
    "author": "qkrg****",
    "review": "데인드한때문에 봤는데..이건 뭐.. 락 좋아하는 사람 아니면 딱히 이영화 비추.. 대사도 없고 그냥 처음부터 끝까지 메탈리카 공연뿐;",
    "rating": "5",
    "date": "14.11.25"
  },
  {
    "review_id": "9367593",
    "movie_id": "105364",
    "author": "rmff****",
    "review": "데인드한보려다가.. 음악영화였구나.. 그래도 8점",
    "rating": "8",
    "date": "14.11.10"
  },
  {
    "review_id": "9255853",
    "movie_id": "105364",
    "author": "yh98****",
    "review": "메탈리카는 닥치고 십점...",
    "rating": "10",
    "date": "14.10.02"
  },
  {
    "review_id": "9118639",
    "movie_id": "105364",
    "author": "cube****",
    "review": "보는 내내 이들을 실물로 봤을 팬들이 부러웠다.",
    "rating": "7",
    "date": "14.08.21"
  },
  {
    "review_id": "9018570",
    "movie_id": "105364",
    "author": "atti****",
    "review": "진정한 실황 뮤직컬 무비!!! 팬들을 위한 최고의 서비스 매너!!! 타 밴드의 뮤직 비디오를 압도적으로 능가하는 연출력!!! 이 모든것이 다 담겨있는 Metallica Through The Never!!!",
    "rating": "10",
    "date": "14.08.03"
  },
  {
    "review_id": "8968061",
    "movie_id": "105364",
    "author": "bibi****",
    "review": "영화인 줄 알았는데 실황공연 잼",
    "rating": "9",
    "date": "14.07.27"
  },
  {
    "review_id": "8961823",
    "movie_id": "105364",
    "author": "mega****",
    "review": "메탈리카! 당황하지도 않고 끝!",
    "rating": "10",
    "date": "14.07.26"
  },
  {
    "review_id": "8862797",
    "movie_id": "105364",
    "author": "scal****",
    "review": "아득하고 아득한 스무살시절의 그 메탈리카,,, 함께 듣던 그 사람은 곁에 없지만..",
    "rating": "10",
    "date": "14.06.28"
  },
  {
    "review_id": "8828127",
    "movie_id": "105364",
    "author": "kimc****",
    "review": "난또 포스터보고 닌자 액션류인지알고 ..  이런것도 영화라함? 별영화를 다만드네 락매냐들만 보는그런건가..쩝",
    "rating": "1",
    "date": "14.06.14"
  },
  {
    "review_id": "8793903",
    "movie_id": "105364",
    "author": "zxc1****",
    "review": "‘메탈리카’의 콘서트와 초현실적으로 펼쳐지는 외부 이야기가 섞인 것은 독특하다. ‘메탈리카’의 음악을 안다면 더 재밌게 영화를 볼 수 있을 것이다.",
    "rating": "6",
    "date": "14.06.04"
  },
  {
    "review_id": "8789473",
    "movie_id": "105364",
    "author": "para****",
    "review": "강력한 메탈리카의 하드코어 락을 느낄수있다는 것만으로도 이영화는 좋은 점수를 받기 충분하다. 또한 콘서트 안의 작은스토리라인을 구축함으로서 음악적팬과 영화팬을 적절하게 충족시킬수있었다. 다만 두마리토끼를 잡으려다 둘다 놓칠 수 있다는생각도 들게한다.",
    "rating": "8",
    "date": "14.06.03"
  },
  {
    "review_id": "8780249",
    "movie_id": "105364",
    "author": "nine****",
    "review": "메탈리카의 팬이라면 정말 재밌게 볼 만한 작품",
    "rating": "7",
    "date": "14.05.31"
  },
  {
    "review_id": "8719112",
    "movie_id": "105364",
    "author": "oioi****",
    "review": "메탈리카팬이라면 아주 즐겁게 즐길수 있다 난 팬은 아니라서 8점ㅋㅋ",
    "rating": "8",
    "date": "14.05.10"
  },
  {
    "review_id": "8716765",
    "movie_id": "105364",
    "author": "comi****",
    "review": "크리핑데스로 시작한 영화가 오리온으로 마무리 될 때 까지!! 모두가 한마음일거다. Metallica!!",
    "rating": "10",
    "date": "14.05.08"
  },
  {
    "review_id": "8707929",
    "movie_id": "105364",
    "author": "kajj****",
    "review": "아...형님들 이거 뭐 평화의시대도아니고 이게 뭔가요ㅠㅠ 하지만 좋아하니까 9점ㅋ",
    "rating": "9",
    "date": "14.05.06"
  },
  {
    "review_id": "8657049",
    "movie_id": "105364",
    "author": "goqu****",
    "review": "말이 필요없는 영화   대박!!!",
    "rating": "10",
    "date": "14.04.18"
  },
  {
    "review_id": "8642119",
    "movie_id": "105364",
    "author": "fing****",
    "review": "역시 메탈리카~!!!!펜타토닉의 신 커크해민 멋있다.",
    "rating": "10",
    "date": "14.04.11"
  },
  {
    "review_id": "8635482",
    "movie_id": "105364",
    "author": "yunh****",
    "review": "진짜 너무 눈물난다 집에서 혼자 목 흔들면서 ㅠㅠ",
    "rating": "10",
    "date": "14.04.07"
  },
  {
    "review_id": "8615269",
    "movie_id": "105364",
    "author": "grow****",
    "review": "이거 극장에서 했나요? 극장에서 못 본게 천추의 한... 엔딩 크레딧의 \"Orion\"에서 온몸에 소름이 쫙~~~",
    "rating": "10",
    "date": "14.03.29"
  },
  {
    "review_id": "8605583",
    "movie_id": "105364",
    "author": "inkr****",
    "review": "역시는 역시. 메탈리카 멋있다!!",
    "rating": "10",
    "date": "14.03.25"
  },
  {
    "review_id": "8566204",
    "movie_id": "105364",
    "author": "jsga****",
    "review": "영화로는 아니지만 메탈리카를 좋아했던 시절이 있기에...",
    "rating": "6",
    "date": "14.03.09"
  },
  {
    "review_id": "8519183",
    "movie_id": "105364",
    "author": "shiv****",
    "review": "두번 세번봐도 후회없음!",
    "rating": "10",
    "date": "14.02.18"
  },
  {
    "review_id": "8510040",
    "movie_id": "105364",
    "author": "nade****",
    "review": "저렴한 영화비로 메탈리카의 환상적인 공연을 볼수있는 다시 없을 기회",
    "rating": "10",
    "date": "14.02.15"
  },
  {
    "review_id": "8490605",
    "movie_id": "105364",
    "author": "bles****",
    "review": "메탈리카, 그 광기의 현장에 빠져들다",
    "rating": "8",
    "date": "14.02.09"
  },
  {
    "review_id": "8488264",
    "movie_id": "105364",
    "author": "2601****",
    "review": "100점 없냐? 100점? 메탈리카 형님들이다..닥치고 10점이다...질질 싼다 ~~ 질질싸..",
    "rating": "10",
    "date": "14.02.08"
  },
  {
    "review_id": "8487345",
    "movie_id": "105364",
    "author": "tjrg****",
    "review": "락이도 자시고 이건 영화에 대한 예의가 아니지 영화관에서 춤이라도 처라는거냐 아니면 호흥이라도 해줘 정말 뇌없는 영화랑 동급이다 영화매냐로서 한만디 더하면 개짓는소리는 니네 콘서홀가서 짓어라",
    "rating": "1",
    "date": "14.02.08"
  },
  {
    "review_id": "8486131",
    "movie_id": "105364",
    "author": "cool****",
    "review": "메탈리카메탈리카메탈리카메탈리카",
    "rating": "8",
    "date": "14.02.08"
  },
  {
    "review_id": "8481803",
    "movie_id": "105364",
    "author": "from****",
    "review": "현카 슈퍼콘... 아직도 생생하다.. 닥치고 10점",
    "rating": "10",
    "date": "14.02.06"
  },
  {
    "review_id": "8467569",
    "movie_id": "105364",
    "author": "789k****",
    "review": "이거 개쩜 그냥 닥치고 10",
    "rating": "10",
    "date": "14.02.02"
  },
  {
    "review_id": "8435303",
    "movie_id": "105364",
    "author": "kata****",
    "review": "메탈리카의 연주를 생생하게  감상할 수 있는  영화!!소장가치 200% 메탈 끝판왕",
    "rating": "10",
    "date": "14.01.27"
  },
  {
    "review_id": "8406651",
    "movie_id": "105364",
    "author": "pppl****",
    "review": "닥치고 10점 입니다!",
    "rating": "10",
    "date": "14.01.21"
  },
  {
    "review_id": "8400128",
    "movie_id": "105364",
    "author": "jou2****",
    "review": "말이 필요없다. 최고다!!!",
    "rating": "10",
    "date": "14.01.19"
  },
  {
    "review_id": "8385829",
    "movie_id": "105364",
    "author": "pass****",
    "review": "그냥 커닝스턴트 실황 한번 더 보는게 좋을 듯...",
    "rating": "7",
    "date": "14.01.15"
  },
  {
    "review_id": "8385149",
    "movie_id": "105364",
    "author": "char****",
    "review": "메탈리카야 메탈리카라구!! 닥치고 어서 당장 10점 줘~!!!",
    "rating": "10",
    "date": "14.01.15"
  },
  {
    "review_id": "8382452",
    "movie_id": "105364",
    "author": "korn****",
    "review": "메탈을 듣는 이유는 죽음,파괴,혼돈을 즐기기 위해서다. 발전의 목적이 파괴이듯 죽음의 욕구를 대리만족하며 느껴지는 삶의 의OO까. 어렸던 혼돈의 시절 메탈에 열광했던 이유를 이제와 설명해본다.",
    "rating": "7",
    "date": "14.01.14"
  },
  {
    "review_id": "8379899",
    "movie_id": "105364",
    "author": "dmc1****",
    "review": "10점 눌러라 puppet 들아!",
    "rating": "10",
    "date": "14.01.13"
  },
  {
    "review_id": "8379611",
    "movie_id": "105364",
    "author": "kais****",
    "review": "7점 준 평론가는 메탈리카의 음악을 모르는 단순한 영화광일 뿐. 음악을 안다면 무조건 10점",
    "rating": "10",
    "date": "14.01.13"
  },
  {
    "review_id": "8361988",
    "movie_id": "105364",
    "author": "ttoo****",
    "review": "10점은 줄게. 다시 3집의 포스로 돌아가기는 힘들겠지만...ㅠㅠ힘내세요 성님들",
    "rating": "10",
    "date": "14.01.08"
  },
  {
    "review_id": "8347985",
    "movie_id": "105364",
    "author": "yong****",
    "review": "어디서 감히 메탈리카를 평가질이여",
    "rating": "10",
    "date": "14.01.04"
  },
  {
    "review_id": "8339186",
    "movie_id": "105364",
    "author": "park****",
    "review": "지금은 상영 영화관 없죠? 아시는분 알려주세요~플리즈",
    "rating": "10",
    "date": "14.01.02"
  },
  {
    "review_id": "8325618",
    "movie_id": "105364",
    "author": "ozzy****",
    "review": "진정한 메탈의 화신의 화끈한 라이브! 입닥치고 10점",
    "rating": "10",
    "date": "13.12.30"
  },
  {
    "review_id": "8325342",
    "movie_id": "105364",
    "author": "ltk1****",
    "review": "올 한해 최고의 영화다 디비디로 나오면 무조건 소장",
    "rating": "10",
    "date": "13.12.30"
  },
  {
    "review_id": "8324686",
    "movie_id": "105364",
    "author": "blud****",
    "review": "영화평론가는 점수매기지 마라  임진모를  살",
    "rating": "10",
    "date": "13.12.30"
  },
  {
    "review_id": "8317559",
    "movie_id": "105364",
    "author": "cand****",
    "review": "기자들이얼씬을못하네ㅋㅋ",
    "rating": "8",
    "date": "13.12.28"
  },
  {
    "review_id": "8314264",
    "movie_id": "105364",
    "author": "wlst****",
    "review": "제임스 헷필드 목소리 맛간거 같아서 점수를 높게 드릴순 없네여 그리고 앨범은 도대체 언제내나여 메탈리카를 까는건 아닌데 맨날 사골 우려내듯이 같은곡만 라이브하면 팬들한텐 안미안하시남",
    "rating": "5",
    "date": "13.12.28"
  },
  {
    "review_id": "8278679",
    "movie_id": "105364",
    "author": "marp****",
    "review": "포스터로 속이지 말자. 난또뭐슨 닌자같은 첩보/ 액션인주 알았다 근데 단순 락공연 보여주는거. 락매니아 아니면 별 의미없는 영화. 고로 나에겐 의미 없다.",
    "rating": "2",
    "date": "13.12.23"
  },
  {
    "review_id": "8221373",
    "movie_id": "105364",
    "author": "sung****",
    "review": "M2관에서 봤고 메탈리카 잘모르고 친구따라봤는데 굉장히 좋았음..",
    "rating": "9",
    "date": "13.12.17"
  },
  {
    "review_id": "8217722",
    "movie_id": "105364",
    "author": "rain****",
    "review": "메탈리카의 광팬이나 메탈  마니아들이라면  한번쯤은  봐도  좋지않을까??  예전에 U2  실황 라이브보다  더 스케일도 커지고  독립된  스토리라인이  있어서  더 재미있었다.  메탈리카는  자기관리  정말  잘 하는거 같다.  영원하라  메탈리카!",
    "rating": "8",
    "date": "13.12.16"
  },
  {
    "review_id": "8213475",
    "movie_id": "105364",
    "author": "kejs****",
    "review": "메탈리카 팬이 아니면 그냥 그런 라이브영화가 될 듯.. 중간에 넣은 되도않는 영화장면이 오히려 마이너스 요인..",
    "rating": "7",
    "date": "13.12.14"
  },
  {
    "review_id": "8207834",
    "movie_id": "105364",
    "author": "hge4****",
    "review": "별로네이상하넹 흠 심심하다",
    "rating": "1",
    "date": "13.12.12"
  },
  {
    "review_id": "8207809",
    "movie_id": "105364",
    "author": "silv****",
    "review": "말도안되게힘드네요 결말안보고 나왔어요",
    "rating": "1",
    "date": "13.12.12"
  },
  {
    "review_id": "8207773",
    "movie_id": "105364",
    "author": "naba****",
    "review": "이거뭔가요..?? 스토리뭔가요?? 주인공 뭐하나여??",
    "rating": "1",
    "date": "13.12.12"
  },
  {
    "review_id": "8205622",
    "movie_id": "105364",
    "author": "kjmg****",
    "review": "옆에 7치워라 보기흉하다",
    "rating": "10",
    "date": "13.12.11"
  },
  {
    "review_id": "8204527",
    "movie_id": "105364",
    "author": "shdm****",
    "review": "아맥으로 두번봤는데 엠투관에서 보고싶다. 쩔겠지.. 지방에도 많이 만들어줘...",
    "rating": "10",
    "date": "13.12.10"
  },
  {
    "review_id": "8200579",
    "movie_id": "105364",
    "author": "insu****",
    "review": "메탈리카 초심자들이라면 모를까... 내겐 그냥 메탈리카 라이브일 뿐. 기대도 안했다만 쓸데없는 장면들이 눈에 참 거슬려... Outro의 Orion은 그나마 그럭저럭 인상적.",
    "rating": "5",
    "date": "13.12.08"
  },
  {
    "review_id": "8195923",
    "movie_id": "105364",
    "author": "kdon****",
    "review": "메탈리카팬에게는 굿음악 퍼포먼스 연출의 조화",
    "rating": "8",
    "date": "13.12.07"
  },
  {
    "review_id": "8190204",
    "movie_id": "105364",
    "author": "k790****",
    "review": "와...98년 고딩때 3만4ㅏ만원짜리 표사서 갔엇는데...체조경기장ㅋㅋ 이형들 아직 짱짱하네 ㄷㄷ",
    "rating": "10",
    "date": "13.12.05"
  },
  {
    "review_id": "8188303",
    "movie_id": "105364",
    "author": "conc****",
    "review": "매탈리칸데 뭘더 바라냐... 닥치고 달리는거다",
    "rating": "10",
    "date": "13.12.03"
  },
  {
    "review_id": "8187861",
    "movie_id": "105364",
    "author": "mikb****",
    "review": "뭐 평소도 cgv만 가지만 이런 돈안되는 영화를 아이맥스 3d로 개봉해준 cgv에 평생 충성할거임....락 윌 네버다이!!! 뭐 영화자체도 죽음이고...",
    "rating": "10",
    "date": "13.12.03"
  },
  {
    "review_id": "8184439",
    "movie_id": "105364",
    "author": "sioh****",
    "review": "헤비메탈의 강렬한 무게, 귀가 먹먹한 Dolby Atmos 음향 효과, 스토리 위주의 영화가 아니라 90분 동안 잠깐씩 뮤비를 곁들인 메탈리카의 공연 실황 중계... 아스팔트 위의 망치질과 부서져내리는 도시... The Ecstasy of Gold",
    "rating": "8",
    "date": "13.12.02"
  },
  {
    "review_id": "8183241",
    "movie_id": "105364",
    "author": "yhh8****",
    "review": "무슨 말이 필요할까요...",
    "rating": "10",
    "date": "13.12.01"
  },
  {
    "review_id": "8182036",
    "movie_id": "105364",
    "author": "baks****",
    "review": "//헤비 메탈의 교과서//",
    "rating": "10",
    "date": "13.12.01"
  },
  {
    "review_id": "8180897",
    "movie_id": "105364",
    "author": "rabb****",
    "review": "고기먹는 형들만 할 수 있는 음악.",
    "rating": "10",
    "date": "13.11.30"
  },
  {
    "review_id": "8178548",
    "movie_id": "105364",
    "author": "geni****",
    "review": "지금 보고 왔는데 진짜 감동  공연 못본한을 극장에서 풀었음 무대연출 쩔고 마지막 엔딩크레딧 올라갈때까지 아무도 안 움직임ㅋㅋㅋ",
    "rating": "10",
    "date": "13.11.30"
  },
  {
    "review_id": "8178281",
    "movie_id": "105364",
    "author": "f4u4****",
    "review": "도리스는부서지는모습조차아름다웠고 메탈리카의밤은 뜨거웠다.세번의 관람 모두상상마당에서보았다 매번사운드는아쉬웠지만떼창의밤영화관에모이신 분들의열정이만들어낸무대는어느회차상영보다뜨거웠다 영화관인데도 불구하고  어깨동무 허락해주신 분들 감사합니다",
    "rating": "10",
    "date": "13.11.29"
  },
  {
    "review_id": "8178251",
    "movie_id": "105364",
    "author": "nodo****",
    "review": "생생한 콘서트를 만사춴원에 본 느낌~ 3D짱짱",
    "rating": "10",
    "date": "13.11.29"
  },
  {
    "review_id": "8175069",
    "movie_id": "105364",
    "author": "dino****",
    "review": "아직 보지 못했지만... 메탈리카는 닥치고 무조건 만점 갑니다 ㅎㅎㅎ",
    "rating": "10",
    "date": "13.11.28"
  },
  {
    "review_id": "8172567",
    "movie_id": "105364",
    "author": "dlsc****",
    "review": "졸작임....,,,,",
    "rating": "1",
    "date": "13.11.28"
  },
  {
    "review_id": "8170768",
    "movie_id": "105364",
    "author": "myro****",
    "review": "메탈리카 잘 모르는데 무지한 내가 봐도 멋졌다!!",
    "rating": "8",
    "date": "13.11.27"
  },
  {
    "review_id": "8170607",
    "movie_id": "105364",
    "author": "goan****",
    "review": "쵝오 쵝오 bestest ^^",
    "rating": "10",
    "date": "13.11.26"
  },
  {
    "review_id": "8170601",
    "movie_id": "105364",
    "author": "full****",
    "review": "엄청난 스케일 엔딩크레딧이 완전히 끝날때까지 누구도 자리를 뜨지않는 가슴벅찬 영화",
    "rating": "10",
    "date": "13.11.26"
  },
  {
    "review_id": "8169291",
    "movie_id": "105364",
    "author": "gori****",
    "review": "메탈리카 그냥 공연모습만 나왔어도 십점만점 줬을듯~ 굳이 배우 앞세워서 그런 좀 ... 내용 굳이 안넣어도되겠구만ㅠㅠㅠㅠ암튼 메탈리카 제임스보컬느님 넘 섹시하심ㅜㅜ",
    "rating": "9",
    "date": "13.11.26"
  },
  {
    "review_id": "8166561",
    "movie_id": "105364",
    "author": "dskn****",
    "review": "왜 죄다 심야영화 뿐인디ㅡㅡ아침 아홉시까지 나가야허서 못보고잇지만 10점줌",
    "rating": "10",
    "date": "13.11.25"
  },
  {
    "review_id": "8164251",
    "movie_id": "105364",
    "author": "ment****",
    "review": "이것은 음악 다큐, 영화의 신경지",
    "rating": "10",
    "date": "13.11.24"
  },
  {
    "review_id": "8163045",
    "movie_id": "105364",
    "author": "nirv****",
    "review": "덜덜덜...ㄷㄴ버오ㅜㅂ",
    "rating": "10",
    "date": "13.11.23"
  },
  {
    "review_id": "8162958",
    "movie_id": "105364",
    "author": "whit****",
    "review": "공연을 본 것과 같은 감동을 느낄 수 있었습니다. 음향 좋은 곳에서 보면 더욱 더 큰 감동.",
    "rating": "10",
    "date": "13.11.23"
  },
  {
    "review_id": "8162115",
    "movie_id": "105364",
    "author": "tom_****",
    "review": "최고12345678",
    "rating": "10",
    "date": "13.11.23"
  },
  {
    "review_id": "8160356",
    "movie_id": "105364",
    "author": "gong****",
    "review": "코엑스 atmos관 2번, 왕십리 아이맥스 1번 관람했습니다. 락음악 영화다보니 특색이 확연한데 아이맥스관보다 아트모스가 월등히 음감이 좋더군요.atmos는 정말 공연장80퍼센트 정도라고 보심돼요.끝나고 나오면 귀가먹먹.공간감과 타격감에 압도 당해요",
    "rating": "10",
    "date": "13.11.22"
  },
  {
    "review_id": "8159544",
    "movie_id": "105364",
    "author": "born****",
    "review": "최고...역시 무대장치나 아이디어가 뛰어나. 연주는 최상급...",
    "rating": "10",
    "date": "13.11.22"
  },
  {
    "review_id": "8158659",
    "movie_id": "105364",
    "author": "aspk****",
    "review": "어제 왕십리 cgv imax 3d 마지막 상영 보고 왔습니다.감동... ㅜㅜ특히 마지막 엔딩 크레딧. 끝까지 자리를 지키고 박수치고 나왔습니다.또 보고싶은데.. 메가박스 아트모스. 밤12시에 상영하면 뭘 어쩌라고.. ㅜㅜ",
    "rating": "10",
    "date": "13.11.22"
  },
  {
    "review_id": "8157730",
    "movie_id": "105364",
    "author": "gree****",
    "review": "닥치고 진짜 10점! 다 같이 노래를 불러야하는 영화임",
    "rating": "10",
    "date": "13.11.21"
  },
  {
    "review_id": "8157297",
    "movie_id": "105364",
    "author": "isin****",
    "review": "일반적인 영화의 관점으론 스토리가 거의 없지만 라이브콘서트론 역대최고다. 개인적으로 아이맥스보단 이영화는 사운드가 더중요하다. 코엑스 M2관에서 보길 강추한다.",
    "rating": "9",
    "date": "13.11.21"
  },
  {
    "review_id": "8157129",
    "movie_id": "105364",
    "author": "kims****",
    "review": "개쩔어 lml@@lml",
    "rating": "10",
    "date": "13.11.21"
  },
  {
    "review_id": "8155631",
    "movie_id": "105364",
    "author": "smng****",
    "review": "콘서트다녀온기분. 메탈리카이름만들었지 이번에 노래 처음듣는데 너무멋지더라. 나도 뛰고싶더라",
    "rating": "10",
    "date": "13.11.20"
  },
  {
    "review_id": "8155536",
    "movie_id": "105364",
    "author": "cdwo****",
    "review": "별점테러한 놈들 들어. 이영화는 처음부터 끝까지 형님들 뵈러 가는 영화다",
    "rating": "10",
    "date": "13.11.20"
  },
  {
    "review_id": "8155420",
    "movie_id": "105364",
    "author": "dleh****",
    "review": "정말이지 말이 피료 없따",
    "rating": "10",
    "date": "13.11.20"
  },
  {
    "review_id": "8155338",
    "movie_id": "105364",
    "author": "sgou****",
    "review": "지렸습니다 무슨말이 더 필요할까요",
    "rating": "10",
    "date": "13.11.20"
  },
  {
    "review_id": "8155004",
    "movie_id": "105364",
    "author": "gund****",
    "review": "메탈리카 천국, 불신 지옥. Metal Up Your Ass!!",
    "rating": "7",
    "date": "13.11.20"
  },
  {
    "review_id": "8154505",
    "movie_id": "105364",
    "author": "inki****",
    "review": "어제 밤에 봤다. 영통 메가박스M2에서. 미칠듯한 감동의 쓰나미... 크리핑데스 시작하는데 가슴에 대포를 맞은 듯한 충격.. 끝나고 혼자 기립박수치니 사람들도 따라 박수치더라.  최근 5년본 영화중 가장 감동. 10점도 박하다.",
    "rating": "10",
    "date": "13.11.20"
  },
  {
    "review_id": "8154400",
    "movie_id": "105364",
    "author": "choo****",
    "review": "클리핑데쓰로 시작하여 오리온으로 클로징되는 메탈리카와의 즐거운 데이트",
    "rating": "9",
    "date": "13.11.20"
  },
  {
    "review_id": "8154388",
    "movie_id": "105364",
    "author": "cata****",
    "review": "메탈리카 팬이라면 아이맥스 애트모스 두개다 봐야 하는 영화~~! 오늘을 마지막으로 극장에서 내린다는게 아쉽다..일주일더 연장해주면 좋겠다..",
    "rating": "10",
    "date": "13.11.20"
  },
  {
    "review_id": "8154360",
    "movie_id": "105364",
    "author": "alte****",
    "review": "일단  보고 이야기 하시죠. 최고입니다.!!~~~ 화질 , 싸운드 모두 짱입니다.ㅋ(아이맥스에서 두 번 봤습니다.)",
    "rating": "10",
    "date": "13.11.20"
  },
  {
    "review_id": "8154228",
    "movie_id": "105364",
    "author": "gana****",
    "review": "왕십리 아이맥스 3D로 봤는데 펜스잡고 보는 기분이었다ㅋ",
    "rating": "10",
    "date": "13.11.20"
  }
]