[
  {
    "review_id": "9831591",
    "movie_id": "105501",
    "author": "pihw****",
    "review": "좀 어두운 배경이라 우울하긴해도 호흡은 좋았어요",
    "rating": "6",
    "date": "15.04.06"
  },
  {
    "review_id": "9588411",
    "movie_id": "105501",
    "author": "tjdn****",
    "review": "김남길의 어두운 연기  손예진의 어두운 연기 충분히 매력 있었다.  하지만 스토리는 갈수록 따분해지는 느낌",
    "rating": "7",
    "date": "15.01.12"
  },
  {
    "review_id": "9463140",
    "movie_id": "105501",
    "author": "joke****",
    "review": "마지막에 이수가 죽어서 넘 슬픔ㅠㅠ 좀 우울하긴 하지만 전체적으론 재미있었다",
    "rating": "10",
    "date": "14.12.10"
  },
  {
    "review_id": "9407982",
    "movie_id": "105501",
    "author": "dltm****",
    "review": "이 드라마는 진짜 최고다 특히 김남길 멋있습니다.",
    "rating": "10",
    "date": "14.11.21"
  },
  {
    "review_id": "9292650",
    "movie_id": "105501",
    "author": "ghav****",
    "review": "작년여름에 정말 미친듯이 빠져서 봤었는데 아직도 그립네요 정말좋았어요",
    "rating": "10",
    "date": "14.10.14"
  },
  {
    "review_id": "9220147",
    "movie_id": "105501",
    "author": "clam****",
    "review": "드라마를 이렇게까지 집중해서 본건 처음인것 같습니다 연출력도 연출력이지만 배우들 연기와 스토리가 너무 좋았습니다ㅠㅠ 본방으로 못본게 너무 아쉬울정도!",
    "rating": "10",
    "date": "14.09.17"
  },
  {
    "review_id": "9103819",
    "movie_id": "105501",
    "author": "paks****",
    "review": "으허헝 이 드라마를 왜 이제야 알았을까 ㅠㅠ",
    "rating": "10",
    "date": "14.08.17"
  },
  {
    "review_id": "9078936",
    "movie_id": "105501",
    "author": "jane****",
    "review": "졸잼 주인공들도너무좋앗고 분위기가난참좋더라",
    "rating": "10",
    "date": "14.08.13"
  },
  {
    "review_id": "9028852",
    "movie_id": "105501",
    "author": "rlaq****",
    "review": "초반 아역 부분이 루즈한 감이 좀 있었지만 정말 재미있게 봤던 드라마네요...특히 김남길씨ㅠㅠ연기 정말 인상깊었습니다.",
    "rating": "9",
    "date": "14.08.05"
  },
  {
    "review_id": "9022517",
    "movie_id": "105501",
    "author": "eund****",
    "review": "김남길 선배님 앞으로도 멋진 연기 계속 보여주세요!  늘 건강하시고 화이팅!!",
    "rating": "10",
    "date": "14.08.04"
  },
  {
    "review_id": "8977790",
    "movie_id": "105501",
    "author": "aprr****",
    "review": "김배우님 연기만 남았던 ㅠㅡㅠ",
    "rating": "10",
    "date": "14.07.29"
  },
  {
    "review_id": "8880195",
    "movie_id": "105501",
    "author": "jisu****",
    "review": "상어...있는줄도모르고 안봤는데 평점쩌네..김남길나오니까 한번봐야겠움ㅋㅋ",
    "rating": "10",
    "date": "14.07.03"
  },
  {
    "review_id": "8830264",
    "movie_id": "105501",
    "author": "tmdg****",
    "review": "기대가 너무 컷던 걸까요 전작 마왕과 부활을 너무 재밌게 봐서 조금 기대에 못 미쳤던 작품입니다. 초반 전개와 몰입도는 최고 였지만 뒤로 갈 수록 힘이 떨어지고 결말은 여러모로 아쉬웠지만 좋은 작품이라 생각합니다.",
    "rating": "8",
    "date": "14.06.14"
  },
  {
    "review_id": "8471794",
    "movie_id": "105501",
    "author": "qwes****",
    "review": "재미있었고 마지막에는 많은 깨달음을 준 드라마.",
    "rating": "9",
    "date": "14.02.03"
  },
  {
    "review_id": "8420101",
    "movie_id": "105501",
    "author": "myja****",
    "review": "ㅇㅇㅇ애ㅔ애니잉이이이잉",
    "rating": "10",
    "date": "14.01.24"
  },
  {
    "review_id": "8407855",
    "movie_id": "105501",
    "author": "lhd3****",
    "review": "돌아보지마 한이수..",
    "rating": "10",
    "date": "14.01.21"
  },
  {
    "review_id": "8208874",
    "movie_id": "105501",
    "author": "asdf****",
    "review": "김남길 연기보는 맛이 있다",
    "rating": "10",
    "date": "13.12.12"
  },
  {
    "review_id": "8184114",
    "movie_id": "105501",
    "author": "lush****",
    "review": "최고의 드라마! 보는내내 마음 졸이고 마음 아팠어요ㅠ",
    "rating": "10",
    "date": "13.12.02"
  },
  {
    "review_id": "8100131",
    "movie_id": "105501",
    "author": "baks****",
    "review": "대다나다...(웃음)",
    "rating": "7",
    "date": "13.10.29"
  },
  {
    "review_id": "8051885",
    "movie_id": "105501",
    "author": "7942****",
    "review": "\"결혼축하드립니다.\" - 날 미치게 만들었던 그의 첫대사",
    "rating": "10",
    "date": "13.10.11"
  },
  {
    "review_id": "8046835",
    "movie_id": "105501",
    "author": "smvh****",
    "review": "상어다봤는데1편부터영화같아요",
    "rating": "10",
    "date": "13.10.09"
  },
  {
    "review_id": "8010922",
    "movie_id": "105501",
    "author": "cute****",
    "review": "평점 왜케 높음??ㅋㄱㄲ지들끼리 치명적인 척함...휴 끝까지 인내하고 보았으나 배우들을 이렇게 밖에 못쓰다니ㅜㅜ기대 엄청나게 했었는데...",
    "rating": "3",
    "date": "13.09.23"
  },
  {
    "review_id": "8002235",
    "movie_id": "105501",
    "author": "mint****",
    "review": "말이 필요없는 작품... 동시대의 모두가 봤으면 하는,봐야하는",
    "rating": "10",
    "date": "13.09.20"
  },
  {
    "review_id": "8000176",
    "movie_id": "105501",
    "author": "bseg****",
    "review": "굿",
    "rating": "10",
    "date": "13.09.20"
  },
  {
    "review_id": "7956793",
    "movie_id": "105501",
    "author": "gus0****",
    "review": "김남길의 백점짜리 연기력과 초반 몰입도에도 불구하고 지루하고 손예진 ㅈㅈ",
    "rating": "2",
    "date": "13.09.07"
  },
  {
    "review_id": "7944877",
    "movie_id": "105501",
    "author": "skki****",
    "review": "이커플 연기의신이에요. 어떤 영화든 드라마든 이두배우가있다면 다 볼겁니다",
    "rating": "10",
    "date": "13.09.03"
  },
  {
    "review_id": "7938328",
    "movie_id": "105501",
    "author": "nada****",
    "review": "정말 최고의 드라마 드라마가 아니라 영환줄.....",
    "rating": "10",
    "date": "13.08.31"
  },
  {
    "review_id": "7930629",
    "movie_id": "105501",
    "author": "jjbe****",
    "review": "그냥 최고임.ㅋㅋ",
    "rating": "10",
    "date": "13.08.29"
  },
  {
    "review_id": "7930240",
    "movie_id": "105501",
    "author": "chew****",
    "review": "설마 했더니 이번에도 김남길 죽네요. 마왕 때도 주지훈 죽이기에 혹시나 했더니..... 이제 김지우작가 드라마 불안해서 안보렵니다.",
    "rating": "1",
    "date": "13.08.28"
  },
  {
    "review_id": "7922251",
    "movie_id": "105501",
    "author": "quf0****",
    "review": "존나좋아요ㅠㅠ",
    "rating": "10",
    "date": "13.08.25"
  },
  {
    "review_id": "7919026",
    "movie_id": "105501",
    "author": "jsyu****",
    "review": "김배우와 손배우의 연기력은 정말 일품이였어요",
    "rating": "10",
    "date": "13.08.24"
  },
  {
    "review_id": "7909333",
    "movie_id": "105501",
    "author": "yeon****",
    "review": "내 인생 최고의 드라마",
    "rating": "10",
    "date": "13.08.21"
  },
  {
    "review_id": "7884065",
    "movie_id": "105501",
    "author": "msun****",
    "review": "영상미면 영상미 스토리면 스토리 애절함연기의 두강자 김남길,손예진주연배우를 더 빛날 수 있도록 뒤에서 받쳐주는 조주연,조연배우님들의 연기!또 아역배우들도 한몫 해주었구요! 또 다시한번 친일파이런 역사적인 문제들도다시한번 생각하게되는 드라마였습니다",
    "rating": "10",
    "date": "13.08.15"
  },
  {
    "review_id": "7873558",
    "movie_id": "105501",
    "author": "dkdl****",
    "review": "김남길 손예진 믿고 봤는데 역시 보답이상으로 해준 드라마. 보면볼수록몰입도가 향상되고 흥미진진했었다..",
    "rating": "10",
    "date": "13.08.12"
  },
  {
    "review_id": "7852589",
    "movie_id": "105501",
    "author": "avav****",
    "review": "ㅠㅇㅠ",
    "rating": "10",
    "date": "13.08.07"
  },
  {
    "review_id": "7850329",
    "movie_id": "105501",
    "author": "hate****",
    "review": "내인생 30년 동안 최고의 드라마~!!!탄탄한 각본 연기자 한분한분 최고의 열연으로 드라마가 끝이났네요...정말... 영화로 나왔어도 될 법한 드라마였어요.정말 이런 드라마라를 만들어주신 모든 출연진 스탭여러분께 제가 다 감사하네요.최고입니다!",
    "rating": "10",
    "date": "13.08.06"
  },
  {
    "review_id": "7848370",
    "movie_id": "105501",
    "author": "wsk6****",
    "review": "초중반까지  정말  재미있지만  중후반부에  몰입이  떨어져서  아쉬움",
    "rating": "9",
    "date": "13.08.06"
  },
  {
    "review_id": "7846205",
    "movie_id": "105501",
    "author": "beco****",
    "review": "내가 본 드라마중 가장 막장.김남길을 망치는 드라마. 배우들 다 연기 잘하고 멋진데 ,,, 스토리가 막장 지금까지 본게 아까워서 끝까지 봤는데 ,,,걍 막장 ,,,,,시간아까움 보지마시 길 스토리작가 아내의유혹 작가랑 동급인듯 배우가 아까운 드라마",
    "rating": "1",
    "date": "13.08.05"
  },
  {
    "review_id": "7834724",
    "movie_id": "105501",
    "author": "qufe****",
    "review": "짱",
    "rating": "10",
    "date": "13.08.04"
  },
  {
    "review_id": "7834311",
    "movie_id": "105501",
    "author": "lej0****",
    "review": "너무 잼있게 봤어요^^ 본방사수를 못해 다운받아 봤답니다 ㅠㅠ 주위에 그런분들 많은듯! 수고하셨어요~",
    "rating": "10",
    "date": "13.08.04"
  },
  {
    "review_id": "7833780",
    "movie_id": "105501",
    "author": "xjvm****",
    "review": "줄거리.배우.출연스텝 모두 갑",
    "rating": "10",
    "date": "13.08.04"
  },
  {
    "review_id": "7831060",
    "movie_id": "105501",
    "author": "dark****",
    "review": "김남길 진정 멋지십니다♥연기너무잘하시는 ^^",
    "rating": "10",
    "date": "13.08.03"
  },
  {
    "review_id": "7828182",
    "movie_id": "105501",
    "author": "dong****",
    "review": "김남길은 사랑입니다.",
    "rating": "10",
    "date": "13.08.03"
  },
  {
    "review_id": "7818843",
    "movie_id": "105501",
    "author": "mygr****",
    "review": "요시무라 회장과 한이수의 관계설정 부분이 약간 애매했던 것을 제외하곤 만점짜리 드라마였다.",
    "rating": "8",
    "date": "13.08.02"
  },
  {
    "review_id": "7809362",
    "movie_id": "105501",
    "author": "tmdd****",
    "review": "재밋엇다",
    "rating": "10",
    "date": "13.08.01"
  },
  {
    "review_id": "7806822",
    "movie_id": "105501",
    "author": "dywj****",
    "review": "재미있었습니다! 짱짱",
    "rating": "10",
    "date": "13.08.01"
  },
  {
    "review_id": "7806578",
    "movie_id": "105501",
    "author": "ltcu****",
    "review": "재밌긴한데.. 부활,마왕작가라서 기대가 너무컷던건지... 기대에는 못미치네요.. 이분작품중에 부활이 재밌습니다. 한드사상 최고의 명작입니다. 안보신분들은 꼭 보세요",
    "rating": "8",
    "date": "13.08.01"
  },
  {
    "review_id": "7805669",
    "movie_id": "105501",
    "author": "eppe****",
    "review": "충분히 많은 이야기를 담아내고 있어 좋았지만 그걸 다 풀어내지 못하고 급하게 마무리하는 느낌이 들어 아쉬웠다. 하지만 역시 김지우작가의 촘촘한 복선과 스토리는 여전히 존경할 만함.",
    "rating": "8",
    "date": "13.08.01"
  },
  {
    "review_id": "7802582",
    "movie_id": "105501",
    "author": "bloo****",
    "review": "오랫동안 기억될 드라마.  연출, 극본 그리고  배우들이  모두가  빛났다.",
    "rating": "10",
    "date": "13.07.31"
  },
  {
    "review_id": "7802178",
    "movie_id": "105501",
    "author": "sy15****",
    "review": "왜인기가없는건지ㅠㅠ",
    "rating": "10",
    "date": "13.07.31"
  },
  {
    "review_id": "7802095",
    "movie_id": "105501",
    "author": "dbql****",
    "review": "짱짱",
    "rating": "10",
    "date": "13.07.31"
  },
  {
    "review_id": "7802017",
    "movie_id": "105501",
    "author": "ja51****",
    "review": "이게왜인기가많이없었는지ㅠㅠ매우 아쉽다결말이많이아쉽긴하지만 그래도 내가본드라미중짱!",
    "rating": "10",
    "date": "13.07.31"
  },
  {
    "review_id": "7802006",
    "movie_id": "105501",
    "author": "gpwl****",
    "review": "정말 어제 결말보고 오열할정도로 슬펐어요ㅜ 이수가 제발 행복하기만을 바랬는데... 너무 가슴이 아프네요ㅜ",
    "rating": "10",
    "date": "13.07.31"
  },
  {
    "review_id": "7801961",
    "movie_id": "105501",
    "author": "love****",
    "review": "스토리 연기 탄탄한  근래 보기드문 역작입니다!",
    "rating": "10",
    "date": "13.07.31"
  },
  {
    "review_id": "7801894",
    "movie_id": "105501",
    "author": "tlss****",
    "review": "김남길,손예진 등등배우분들의연기넘좋았어요 내인생의최고의드라마!!!!",
    "rating": "10",
    "date": "13.07.31"
  },
  {
    "review_id": "7801836",
    "movie_id": "105501",
    "author": "kjh9****",
    "review": "이건진짜로 십줘야된다..!! 결말이좀..아쉽지만전체스토리하고배우들연기가진짜짱이엿음",
    "rating": "10",
    "date": "13.07.31"
  },
  {
    "review_id": "7801824",
    "movie_id": "105501",
    "author": "jw09****",
    "review": "진짜짱ㅇ...김남길연기도너무조앗고ㅠㅠ다조앗다",
    "rating": "10",
    "date": "13.07.31"
  },
  {
    "review_id": "7801805",
    "movie_id": "105501",
    "author": "mind****",
    "review": "짱",
    "rating": "10",
    "date": "13.07.31"
  },
  {
    "review_id": "7801799",
    "movie_id": "105501",
    "author": "gowl****",
    "review": "손예진 김남길의 연기가 정말 좋앗고 정말재밌엇습니다.",
    "rating": "10",
    "date": "13.07.31"
  },
  {
    "review_id": "7801624",
    "movie_id": "105501",
    "author": "nyoo****",
    "review": "최고의 드라마였던 것같아요. 말이 필요없는ㅠㅠㅠㅠ..어후ㅠㅠㅠㅠㅠ",
    "rating": "10",
    "date": "13.07.31"
  },
  {
    "review_id": "7801511",
    "movie_id": "105501",
    "author": "lwh7****",
    "review": "최고의 드라마였습니다 김남길과 손예진 그외 모든분들의 연기에 또한번 감동 받았어여 지금까지본드라마중에 5손가락 안에 들어가는 드라마 였습니다",
    "rating": "10",
    "date": "13.07.31"
  },
  {
    "review_id": "7801361",
    "movie_id": "105501",
    "author": "kdhb****",
    "review": "해우가 너무 담담하게 받아들이잖아!! 같이 따라서 자결하고 천영보 재수없게 쳐웃는걸 피눈물로 바꿔줬어야 속이시원한데 아오.. 천영보 감옥에서 웃는장면 소름돋는다..이현이는 어떻게하고 동수는 어떻게하냐 ㅜㅜ",
    "rating": "10",
    "date": "13.07.31"
  },
  {
    "review_id": "7801314",
    "movie_id": "105501",
    "author": "ckwl****",
    "review": "내 생애 최고의 드라마. 다시 이런 드라마가 나올 수 있을까 싶을 정도로 소름이 끼쳤던 상어. 끝은 허무하지만 그것이 현실적이라 와닿았던... 상어폐인이 될 수 밖에 없었던 개념찬드라마였습니다. 일깨워줘서 고마워요~ 작가님",
    "rating": "10",
    "date": "13.07.31"
  },
  {
    "review_id": "7801170",
    "movie_id": "105501",
    "author": "icsh****",
    "review": "끝났다ㅠ 진짜 새드엔딩 최고다! 마지막에 상어 목걸이 바다에 풀어주면서 나레이션 깔리는 장면 완전소름에 눈물이ㅠㅠ 새드엔딩이라서 더 훌륭했던 드라마였어♥  마지막까지 한이수는 동생을위해서ㅠ 흡.. 감동 쩔어",
    "rating": "10",
    "date": "13.07.31"
  },
  {
    "review_id": "7801163",
    "movie_id": "105501",
    "author": "ansd****",
    "review": "결말까지 완벽했다ㅠ^ㅠ 끝난게 너무 아쉽네..정말정말로! 탄탄하고 달콤하고 스릴있는 드라마였다!!ㅠㅠ 10점도 모자르다ㅠ 마지막부분은 특히 훌륭했다♥",
    "rating": "10",
    "date": "13.07.31"
  },
  {
    "review_id": "7801158",
    "movie_id": "105501",
    "author": "roli****",
    "review": "최고의연기력과 탄탄한스토리!!정말오랜만에  깊이 빠져들었던 드라마20부작이지만 2시간짜리 영화같다",
    "rating": "10",
    "date": "13.07.31"
  },
  {
    "review_id": "7801121",
    "movie_id": "105501",
    "author": "dud7****",
    "review": "영화같은 드라마..최고다",
    "rating": "9",
    "date": "13.07.31"
  },
  {
    "review_id": "7801045",
    "movie_id": "105501",
    "author": "minj****",
    "review": "아쉽게 새드엔딩으로 막을내렸지만,배우분들에 연기로 잼있게 볼수있었고 보면볼수록 흥미진진한 스토리였습니다.",
    "rating": "9",
    "date": "13.07.30"
  },
  {
    "review_id": "7801013",
    "movie_id": "105501",
    "author": "fid7****",
    "review": "상어  결국 결말은 새드엔딩 이수가...동생에게 간이식의 약속을 지키기위해 머리에 총을맞고도기적이란 말로 생명줄을 놓지않는다 친일파의 후손들은 잘사는데 독립운동가의 후손들은 기초수금수령자란 말이 현실이란 사실을 알려주는 드라마",
    "rating": "10",
    "date": "13.07.30"
  },
  {
    "review_id": "7801003",
    "movie_id": "105501",
    "author": "ijp8****",
    "review": "이게 해피였음 분명 다른 드라마처럼 권선징악 내세워서 더 이도저도 아닌 억지 결말이 됐을텐데, 열린결말(거의 새드지만)로 끝내서 너무 좋았다.. 여러모로 아쉬운 드라마지만 그만큼 대단하기도 한 드라마.. 최고였음....",
    "rating": "10",
    "date": "13.07.30"
  },
  {
    "review_id": "7800998",
    "movie_id": "105501",
    "author": "dklo****",
    "review": "그동안 너무 행복했다.",
    "rating": "10",
    "date": "13.07.30"
  },
  {
    "review_id": "7800997",
    "movie_id": "105501",
    "author": "sad6****",
    "review": "이거는 진짜 재밌고, 배우들이 연기도 잘한다.끝난지 얼마 되지도 않았는데 다시보고싶은 드라마고,여운이 진짜 많이 남는것같다",
    "rating": "10",
    "date": "13.07.30"
  },
  {
    "review_id": "7800993",
    "movie_id": "105501",
    "author": "wonh****",
    "review": "아진짜너무재밌다ㅠㅜ작가가너무맘에든다ㅠㅜ결말이좀아쉽지만...그래도 완벽한드라마인것같다♥///왜하필새드엔딩일까;;",
    "rating": "10",
    "date": "13.07.30"
  },
  {
    "review_id": "7800982",
    "movie_id": "105501",
    "author": "chro****",
    "review": "드라마 챙겨보는거 귀찮아서 안하는데 처음으로 드라마 첫회부터 마지막회까지 본방사수했네요! 드라마 잘봤습니다~ 모두들 수고하셨다는=)",
    "rating": "10",
    "date": "13.07.30"
  },
  {
    "review_id": "7800981",
    "movie_id": "105501",
    "author": "she9****",
    "review": "지금까지 본 드라마중 최고...여운도 남고 내용도 ost도 다 좋았던 드라마..ㅠ상어 잘가 한이수 잘가",
    "rating": "10",
    "date": "13.07.30"
  },
  {
    "review_id": "7800978",
    "movie_id": "105501",
    "author": "pul8****",
    "review": "제거본드라마중에진짜제일인상깊고못잊게하는드라마일거같습니다ㅠㅠㅠ김남길 ㅠㅠㅠㅠ작가님진짜대단하신듯...평점10도성에안차요 한 100은줘야되는드라마.",
    "rating": "10",
    "date": "13.07.30"
  },
  {
    "review_id": "7800967",
    "movie_id": "105501",
    "author": "dydt****",
    "review": "그동안 행복했다 진짜",
    "rating": "10",
    "date": "13.07.30"
  },
  {
    "review_id": "7800965",
    "movie_id": "105501",
    "author": "tjft****",
    "review": "진짜 대박인 드라마... 마지막에 시청자를 쥐었다 놨다 쥐었다 놨다ㅋㅋ 결국엔 새드앤딩이네요ㅠ 이수가 편안히 죽어서 그래도 다행이에요ㅎ",
    "rating": "10",
    "date": "13.07.30"
  },
  {
    "review_id": "7800961",
    "movie_id": "105501",
    "author": "thd2****",
    "review": "살면서이런거처음해보는균..내가상어못바서4일전부터다시보기로새벽까지보면서오늘까지다밧는데왜..?해피구나!!오예!!이러면서밧는데ㅠㅠㅠㅡ겁나슬프네..진짜재밌게밧어요ㅠㅠㅠㅠㅜㅜㅠ",
    "rating": "10",
    "date": "13.07.30"
  },
  {
    "review_id": "7800955",
    "movie_id": "105501",
    "author": "deki****",
    "review": "용두사미 ㅡ_ㅡ",
    "rating": "8",
    "date": "13.07.30"
  },
  {
    "review_id": "7800953",
    "movie_id": "105501",
    "author": "nani****",
    "review": "배우들의 호연과 흔치 않은 소재, 긴장감있는 연출등 덕분에 오랜만에 깊게 몰입해서 봤던 드라마였습니다.",
    "rating": "10",
    "date": "13.07.30"
  },
  {
    "review_id": "7800952",
    "movie_id": "105501",
    "author": "wjda****",
    "review": "진짜 명품드라마다... 이거보고나서 결심함 이 작가드라마.다볼껴... 점점 죄어오면서 복수하는게 마치 상어같았음 글고 진짜 배우들.연기 짱 ㅋㅋ 김남길오빠.팬됬아요 사랑한다 ㅠㅠ 아 지짜 끝나서 너무아숩다 ㅠㅠ",
    "rating": "10",
    "date": "13.07.30"
  },
  {
    "review_id": "7800950",
    "movie_id": "105501",
    "author": "anmi****",
    "review": "진짜 분위기 어둡다고 안보는분들 이해가 안갈정도로 최고의 드라마였습니다 ㅠㅠ약간의 사회비판(?)그런것도 있었고.. 정말 재미있는 드라마 였습니다 ㅠㅠ",
    "rating": "10",
    "date": "13.07.30"
  },
  {
    "review_id": "7800948",
    "movie_id": "105501",
    "author": "wnsq****",
    "review": "이수가 죽어서 아쉽지만 그래도 너무 재밌게 본 드라마",
    "rating": "10",
    "date": "13.07.30"
  },
  {
    "review_id": "7800947",
    "movie_id": "105501",
    "author": "j_ki****",
    "review": "태어나서이런것도내가해볼줄이야! 상어진짜영원히했으면했는데.. 마지막까지친일파에대한분노를심어줌 새드엔딩은익숙치않아너무슬펐당ㅠㅠ 다들너목들을외쳤지만내맘속1순위는`상어`였음!♥ 근데우리학교에서나만본듯..ㅋㅋ 아 지영이도있구나ㅋㅋ",
    "rating": "10",
    "date": "13.07.30"
  },
  {
    "review_id": "7800946",
    "movie_id": "105501",
    "author": "sskk****",
    "review": "중간에 질리지않고 끝까지 본 드라마는 정말 오랜만이였는데...",
    "rating": "10",
    "date": "13.07.30"
  },
  {
    "review_id": "7800945",
    "movie_id": "105501",
    "author": "0106****",
    "review": "계속 여운이 남는 드라마",
    "rating": "10",
    "date": "13.07.30"
  },
  {
    "review_id": "7800944",
    "movie_id": "105501",
    "author": "star****",
    "review": "배우들의 연기, 이야기 모두 좋았습니다. 우리나라의 현재에 대해 많은 생각을 해보게 되었어요.",
    "rating": "10",
    "date": "13.07.30"
  },
  {
    "review_id": "7800941",
    "movie_id": "105501",
    "author": "snla****",
    "review": "남길짱",
    "rating": "10",
    "date": "13.07.30"
  },
  {
    "review_id": "7800940",
    "movie_id": "105501",
    "author": "hyog****",
    "review": "아쉽다 마지막 손예진이 바닷가로 헤어쳣으면  아마도 완벽했을거 가따    .....할비에 대한 복수도 되니까",
    "rating": "8",
    "date": "13.07.30"
  },
  {
    "review_id": "7800936",
    "movie_id": "105501",
    "author": "prom****",
    "review": "이야기. 배우. 연출 모두 너무 좋았어요이젠 무슨 낙으로 살죠?ㅠ앞으로 더 좋은 작품을 기대하며~김남길....너무 멋있음 ㅠㅠ",
    "rating": "10",
    "date": "13.07.30"
  },
  {
    "review_id": "7800932",
    "movie_id": "105501",
    "author": "lsm7****",
    "review": "김남길에 섬세한 연기력에 너무너무 감동했어요! 무척 아쉽게 종방을 봤어요.",
    "rating": "10",
    "date": "13.07.30"
  },
  {
    "review_id": "7800929",
    "movie_id": "105501",
    "author": "armj****",
    "review": "상어덕분에 월화가 행복했습니다! 남길씨 차기작은 해피로코로 제발 돌아와주셔요!! 그만 죽자구욧 ㅜㅜ 오래 기억될 드라마 상어!",
    "rating": "10",
    "date": "13.07.30"
  },
  {
    "review_id": "7800928",
    "movie_id": "105501",
    "author": "ysj9****",
    "review": "그냥 말이 필요없는 드라마..영화같은 드라마..♥♥♥",
    "rating": "10",
    "date": "13.07.30"
  },
  {
    "review_id": "7800927",
    "movie_id": "105501",
    "author": "dbsg****",
    "review": "그동안 배우분들 수고 많으셨습니다♥♥그리고...이수야 죽지마ㅠㅠ 한이수 사랑한다ㅠ♥♥",
    "rating": "10",
    "date": "13.07.30"
  },
  {
    "review_id": "7800924",
    "movie_id": "105501",
    "author": "ydi9****",
    "review": "해피엔딩이였으면 더 좋았겠지만 한동안 이드라마에서 헤어나오지못할듯..여운하나는 짱짱 그래도 2개월동안 좋은드라마 볼수있어서 행복했습니다",
    "rating": "10",
    "date": "13.07.30"
  },
  {
    "review_id": "7800921",
    "movie_id": "105501",
    "author": "9630****",
    "review": "상어라길래 신선햇는데 결말똥",
    "rating": "1",
    "date": "13.07.30"
  },
  {
    "review_id": "7800920",
    "movie_id": "105501",
    "author": "park****",
    "review": "정말 오랜만에 좋은 드라마 배우들 연기도 정말좋았어요!",
    "rating": "10",
    "date": "13.07.30"
  },
  {
    "review_id": "7800918",
    "movie_id": "105501",
    "author": "haha****",
    "review": "최고의드라마!!!! 재미있게 잘봤습니다!!!최고최고",
    "rating": "10",
    "date": "13.07.30"
  },
  {
    "review_id": "7800914",
    "movie_id": "105501",
    "author": "gmld****",
    "review": "와진짜감동이다ㅠㅠ",
    "rating": "10",
    "date": "13.07.30"
  }
]