[
  {
    "review_id": "10269011",
    "movie_id": "105521",
    "author": "pilo****",
    "review": "개인적으로 너무 재밌었네요",
    "rating": "10",
    "date": "15.08.23"
  },
  {
    "review_id": "10265843",
    "movie_id": "105521",
    "author": "red7****",
    "review": "너무재밓었다그래서보는것을추천한다",
    "rating": "1",
    "date": "15.08.23"
  },
  {
    "review_id": "10264849",
    "movie_id": "105521",
    "author": "jkll****",
    "review": "보영누나 수고하셨어요~!",
    "rating": "10",
    "date": "15.08.23"
  },
  {
    "review_id": "10259777",
    "movie_id": "105521",
    "author": "hysk****",
    "review": "볼만함 엄마랑 같이 봤는데 나름 재밌음",
    "rating": "7",
    "date": "15.08.21"
  },
  {
    "review_id": "10258909",
    "movie_id": "105521",
    "author": "eid3****",
    "review": "재미잌ㅅ어요 완전 강추",
    "rating": "10",
    "date": "15.08.21"
  },
  {
    "review_id": "10258199",
    "movie_id": "105521",
    "author": "bhq7****",
    "review": "기대 안해서  그런가 뜻밖에  참  재밌게 본 영화",
    "rating": "8",
    "date": "15.08.21"
  },
  {
    "review_id": "10250149",
    "movie_id": "105521",
    "author": "tjdm****",
    "review": "박보영 연기 진짜 잘하는듯 bb",
    "rating": "2",
    "date": "15.08.19"
  },
  {
    "review_id": "10249298",
    "movie_id": "105521",
    "author": "mokk****",
    "review": "박보영이랑 이종석연기가 지림ㅇㅇ",
    "rating": "9",
    "date": "15.08.18"
  },
  {
    "review_id": "10247279",
    "movie_id": "105521",
    "author": "leeh****",
    "review": "박보영 좋아서 찾아본 영화데박보영이 김장하고있을때 울었던 장면이 너무 마음 아팠어요ㅠㅠ 재밋고 마음 아팠던 영화 그래서 3번째 보고있어욬ㅋㅋㅋ",
    "rating": "10",
    "date": "15.08.18"
  },
  {
    "review_id": "10236542",
    "movie_id": "105521",
    "author": "craz****",
    "review": "이종석 코믹연기 진짜웃김 근데 스토리상 개암걸림 박보영보 완전이쁨",
    "rating": "10",
    "date": "15.08.15"
  },
  {
    "review_id": "10232106",
    "movie_id": "105521",
    "author": "bomi****",
    "review": "봤다고 평점쓰라는데 본 기억이 없네..",
    "rating": "6",
    "date": "15.08.15"
  },
  {
    "review_id": "10203757",
    "movie_id": "105521",
    "author": "pors****",
    "review": "오나귀보고 박보영양한테 푹 빠져서 출연영화들 뒤늦게 보고있는데 천의얼굴 박보영 연기력 소름돋네요 ㄷㄷ안보신 분들 꼭 보세요~",
    "rating": "10",
    "date": "15.08.08"
  },
  {
    "review_id": "10201973",
    "movie_id": "105521",
    "author": "scn0****",
    "review": "전제적으로 좋았습니다",
    "rating": "8",
    "date": "15.08.08"
  },
  {
    "review_id": "10201115",
    "movie_id": "105521",
    "author": "tmdd****",
    "review": "장말재밋습니다 추천합니다",
    "rating": "10",
    "date": "15.08.08"
  },
  {
    "review_id": "10200821",
    "movie_id": "105521",
    "author": "abck****",
    "review": "스토리는 아쉬웠지만  그래도 나쁘지않았고 배우들이 연기를 너무잘해줘서 10점",
    "rating": "10",
    "date": "15.08.08"
  },
  {
    "review_id": "10192278",
    "movie_id": "105521",
    "author": "stel****",
    "review": "안보면 후회합니다 굿~~~",
    "rating": "9",
    "date": "15.08.06"
  },
  {
    "review_id": "10191810",
    "movie_id": "105521",
    "author": "hees****",
    "review": "박보영씨, 욕 너무 잘들었습니다.",
    "rating": "10",
    "date": "15.08.06"
  },
  {
    "review_id": "10190592",
    "movie_id": "105521",
    "author": "puha****",
    "review": "나름 신선하고 재밌었어요",
    "rating": "8",
    "date": "15.08.05"
  },
  {
    "review_id": "10180438",
    "movie_id": "105521",
    "author": "thss****",
    "review": "재미없음....유치하다어이없다",
    "rating": "4",
    "date": "15.08.03"
  },
  {
    "review_id": "10166358",
    "movie_id": "105521",
    "author": "lily****",
    "review": "이종석의 발견! 과거의 추억이나 향수를 느끼기에 좋은 영화. 충청도 사투리를 쓰는 점도 색다르고 즐거웠다. 청량하고 깔끔하게 즐기기 좋은 영화!",
    "rating": "8",
    "date": "15.07.31"
  },
  {
    "review_id": "10165337",
    "movie_id": "105521",
    "author": "trip****",
    "review": "박보영의 반전같은  연기...귀여움안의  카리스마...깡패연기도 어색함이 없었다.. 코믹스러운 이종석...바람둥이 연기와  박보영과의 어우러지는  섹시함...80년대의 학창시절을 나름대로  재연했다.. 그러나..예전 말죽거리 잔혹사와 흡사한분위기..",
    "rating": "8",
    "date": "15.07.31"
  },
  {
    "review_id": "10155574",
    "movie_id": "105521",
    "author": "arie****",
    "review": "재미있게 봤습니다. 배우들 연기도 좋았고 아주 오버하지않은 코믹한 부분도 종종 나오고 영화 소품들이 옛생각나게 만들고...마지막 장면은 사관과 신사를 생각나게 하네요.",
    "rating": "9",
    "date": "15.07.29"
  },
  {
    "review_id": "10155249",
    "movie_id": "105521",
    "author": "star****",
    "review": "눈부신 박보영과 이종석의 연기실력! 하지만 아쉬웠던 결말..",
    "rating": "9",
    "date": "15.07.29"
  },
  {
    "review_id": "10153852",
    "movie_id": "105521",
    "author": "dusw****",
    "review": "이거 개봉 하자마자 봤었어요!~ㅎㅎ 이제야 감상평 남기네요;; 유쾌한 영화였습니다!",
    "rating": "10",
    "date": "15.07.28"
  },
  {
    "review_id": "10136356",
    "movie_id": "105521",
    "author": "snow****",
    "review": "걍 이쁜 갓보영 너무이쁘고귀엽게나왔다",
    "rating": "10",
    "date": "15.07.24"
  },
  {
    "review_id": "10132754",
    "movie_id": "105521",
    "author": "blue****",
    "review": "배우들 연기도 볼만했고 충청도 사투리도 재밌었네요!",
    "rating": "8",
    "date": "15.07.23"
  },
  {
    "review_id": "10130511",
    "movie_id": "105521",
    "author": "tens****",
    "review": "볼만한 영화~ 재미나요~  ㅎㅎ",
    "rating": "9",
    "date": "15.07.22"
  },
  {
    "review_id": "10126494",
    "movie_id": "105521",
    "author": "sthj****",
    "review": "재미있어요",
    "rating": "10",
    "date": "15.07.21"
  },
  {
    "review_id": "10124934",
    "movie_id": "105521",
    "author": "whun****",
    "review": "처음엔 어수선한 느낌이었는데 나중엔 몰입되더군요. ^",
    "rating": "10",
    "date": "15.07.21"
  },
  {
    "review_id": "10107756",
    "movie_id": "105521",
    "author": "eld1****",
    "review": "가벼울 땐 가볍게 재밌고 묵직할 땐 묵직한대로 남는 게 있었습니다! 담배곽에 아내사진 붙이고 다니시는 장면하고 캠퍼스 두개있다면서 빌려줘놓고는 벌서는 장면은 정말 흐뭇했구요! 볼 만한 영화인 것 같습니다!",
    "rating": "8",
    "date": "15.07.15"
  },
  {
    "review_id": "10087718",
    "movie_id": "105521",
    "author": "k685****",
    "review": "보영누나 나오는영화는 다재밋다 그녀와 함께할 수 잇는 시간이니까",
    "rating": "10",
    "date": "15.07.10"
  },
  {
    "review_id": "10083404",
    "movie_id": "105521",
    "author": "kims****",
    "review": "진짜 잘만들었다 강추.!",
    "rating": "10",
    "date": "15.07.09"
  },
  {
    "review_id": "10073675",
    "movie_id": "105521",
    "author": "sjss****",
    "review": "아휴 재미업슈....",
    "rating": "1",
    "date": "15.07.05"
  },
  {
    "review_id": "10053185",
    "movie_id": "105521",
    "author": "jyh9****",
    "review": "다시보고 싶은 영화 보영누나가 만든영화중 제일@",
    "rating": "10",
    "date": "15.06.29"
  },
  {
    "review_id": "10047088",
    "movie_id": "105521",
    "author": "hang****",
    "review": "생각보다는 조금 아쉬웠음",
    "rating": "5",
    "date": "15.06.28"
  },
  {
    "review_id": "10036489",
    "movie_id": "105521",
    "author": "hun3****",
    "review": "배우는 좋으나 내용은 그닥 스토리전개랄것도 없음 연기력은 좋았음",
    "rating": "8",
    "date": "15.06.25"
  },
  {
    "review_id": "10023443",
    "movie_id": "105521",
    "author": "ex_c****",
    "review": "플롯이 좀 엉성하지만 갈수록 빠져드는 묘하게 매력있는 영화.여운이 오래감.기승전결 완벽히 잘 짜여진 영화 좋아하는 사람에겐 별로일지도.영상이나 감성이 일본영화를 떠올리게 함.주조연의 연기가 모두 완벽했고 특히 이종석의 연기와 김영광의 존재감이 돋보임.",
    "rating": "9",
    "date": "15.06.23"
  },
  {
    "review_id": "10021550",
    "movie_id": "105521",
    "author": "newa****",
    "review": "박보영의 엄마로나오는 분 정말 비슷한생김세 박보영",
    "rating": "8",
    "date": "15.06.22"
  },
  {
    "review_id": "10021276",
    "movie_id": "105521",
    "author": "hauk****",
    "review": "관상에 이어 여기서도 어색한 연기로 영화를 망쳐놓는 이종석을 다시는 스크린에서는 안봤으면 좋겠다.",
    "rating": "1",
    "date": "15.06.22"
  },
  {
    "review_id": "10021118",
    "movie_id": "105521",
    "author": "pns2****",
    "review": "스토리만 더 받쳐주었다면 하는 아쉬움이 있지만, 그래도  배우 박보영의 연기력으로 160만명까지 간 영화, 80년대 열차통학하셨던분들은 그시절이 생각날 재미있는 영화입니다.",
    "rating": "10",
    "date": "15.06.22"
  },
  {
    "review_id": "10018541",
    "movie_id": "105521",
    "author": "nice****",
    "review": "이 시대에 한번쯤 농촌로맨스 볼 필요가 있는거 아니여?",
    "rating": "7",
    "date": "15.06.21"
  },
  {
    "review_id": "10011858",
    "movie_id": "105521",
    "author": "2320****",
    "review": "뭘 보여주려는건지 모르겠네요...ㅎㅎ...;; 볼필요도 없는 영화였어요 ..",
    "rating": "3",
    "date": "15.06.19"
  },
  {
    "review_id": "10009336",
    "movie_id": "105521",
    "author": "alfl****",
    "review": "화려한 캐스팅에 비해 비교적 평탄한 내용전개가 아쉬웠다",
    "rating": "7",
    "date": "15.06.18"
  },
  {
    "review_id": "10009323",
    "movie_id": "105521",
    "author": "indo****",
    "review": "그럭저럭 볼만하긴한데 박보영 너무 이뻐요",
    "rating": "7",
    "date": "15.06.18"
  },
  {
    "review_id": "10005006",
    "movie_id": "105521",
    "author": "updo****",
    "review": "박보영님의연기가최고였음!",
    "rating": "10",
    "date": "15.06.16"
  },
  {
    "review_id": "10001622",
    "movie_id": "105521",
    "author": "ppou****",
    "review": "박보영 살려주려 노력했으나 실패.",
    "rating": "5",
    "date": "15.06.15"
  },
  {
    "review_id": "9999807",
    "movie_id": "105521",
    "author": "tkam****",
    "review": "..극장에서 봤습니다",
    "rating": "1",
    "date": "15.06.14"
  },
  {
    "review_id": "9999184",
    "movie_id": "105521",
    "author": "ch12****",
    "review": "가볍게 보면 재미있어요",
    "rating": "7",
    "date": "15.06.14"
  },
  {
    "review_id": "9995817",
    "movie_id": "105521",
    "author": "d3p4****",
    "review": "난 이영화좋다 로맨틱해~",
    "rating": "9",
    "date": "15.06.13"
  },
  {
    "review_id": "9985392",
    "movie_id": "105521",
    "author": "4r4r****",
    "review": "재밌구먼 ㅋㅋㅋㅋ 충청도 사투리가 찰지구먼 그려? 안그려?",
    "rating": "8",
    "date": "15.06.08"
  },
  {
    "review_id": "9983491",
    "movie_id": "105521",
    "author": "ses3****",
    "review": "그냥 의미없는 로맨스 같음 추억같은것도 없고",
    "rating": "5",
    "date": "15.06.07"
  },
  {
    "review_id": "9983251",
    "movie_id": "105521",
    "author": "tyqs****",
    "review": "볼만 했습니다 겉으로 보기엔 재미없어보였는데 보니까 재밌네요",
    "rating": "9",
    "date": "15.06.07"
  },
  {
    "review_id": "9980835",
    "movie_id": "105521",
    "author": "such****",
    "review": "재미졌다 좋았다 재미졌다",
    "rating": "10",
    "date": "15.06.07"
  },
  {
    "review_id": "9976586",
    "movie_id": "105521",
    "author": "ray1****",
    "review": "그럭저럭 볼만한영화임",
    "rating": "7",
    "date": "15.06.05"
  },
  {
    "review_id": "9974500",
    "movie_id": "105521",
    "author": "mike****",
    "review": "그냥 평범한 영화.. 스토리가 진부하면 뭔가 매력이라도 있어야되는데 그런것도 없고 그냥 박보영때문에 끝까지 다본것 같음...",
    "rating": "6",
    "date": "15.06.04"
  },
  {
    "review_id": "9965594",
    "movie_id": "105521",
    "author": "nshr****",
    "review": "재밌네요. 개그도 있고 나름대로의 재미있는 사랑얘기도 있고. 철없던 때를 그래도 잘그린것같습니다.",
    "rating": "10",
    "date": "15.05.31"
  },
  {
    "review_id": "9962884",
    "movie_id": "105521",
    "author": "rudx****",
    "review": "끓지는 않았지만 달구어진 청춘 에너지",
    "rating": "6",
    "date": "15.05.30"
  },
  {
    "review_id": "9961471",
    "movie_id": "105521",
    "author": "seew****",
    "review": "스토리는 다소 아쉬운감이 없진 않지만.풋풋한 느낌의 영상과 아기자기한 에피소드들에서 빛을 발하는 연기자들의 호연은 꽤 괜찮음.박보영은... 정말 매력있다.",
    "rating": "7",
    "date": "15.05.30"
  },
  {
    "review_id": "9939661",
    "movie_id": "105521",
    "author": "unin****",
    "review": "이종석의 연기가 괜찮았다구? ㅋㅋ 빠순들아 정도껏해라~ 무슨 연기학원생이 연기하는줄 알았다~",
    "rating": "3",
    "date": "15.05.22"
  },
  {
    "review_id": "9934291",
    "movie_id": "105521",
    "author": "yhsq****",
    "review": "이종석수트멋잇다아앙",
    "rating": "10",
    "date": "15.05.20"
  },
  {
    "review_id": "9934047",
    "movie_id": "105521",
    "author": "hwin****",
    "review": "예고편은 완벽했지만 그것이 다였다. 추억에 잠길 수 있었던 맘에 드는 소재, 그러나 갑자기 산으로 가버리는 듯한 하이틴 스토리는 너무 실망스러웠다.",
    "rating": "5",
    "date": "15.05.20"
  },
  {
    "review_id": "9921340",
    "movie_id": "105521",
    "author": "ckrg****",
    "review": "몰입 .. 재밋네요 ㅎㅎ",
    "rating": "10",
    "date": "15.05.16"
  },
  {
    "review_id": "9915457",
    "movie_id": "105521",
    "author": "adiv****",
    "review": "내가 좋아하는 여자보다는 나를 아끼고 사랑해주는 여자가 최고다는 진리를 가르켜주는 영화",
    "rating": "7",
    "date": "15.05.14"
  },
  {
    "review_id": "9912173",
    "movie_id": "105521",
    "author": "arbi****",
    "review": "유치하지만 역시 청춘예찬이로다",
    "rating": "7",
    "date": "15.05.12"
  },
  {
    "review_id": "9908926",
    "movie_id": "105521",
    "author": "gusf****",
    "review": "마일리지 500원냠냠냠냠",
    "rating": "8",
    "date": "15.05.10"
  },
  {
    "review_id": "9901113",
    "movie_id": "105521",
    "author": "jane****",
    "review": "순수하고 뭣보다 배우들이 연기를 정말 잘했음..",
    "rating": "8",
    "date": "15.05.07"
  },
  {
    "review_id": "9900089",
    "movie_id": "105521",
    "author": "samr****",
    "review": "재밋네요ㅋㅋㅋ 생각보다 재밋게봄",
    "rating": "10",
    "date": "15.05.06"
  },
  {
    "review_id": "9894964",
    "movie_id": "105521",
    "author": "rndm****",
    "review": "역시너무너누재밌었어요 어벤져스3도 많이 기대가 됩니다ㅎㅎ",
    "rating": "10",
    "date": "15.05.05"
  },
  {
    "review_id": "9893558",
    "movie_id": "105521",
    "author": "uiw1****",
    "review": "왜 난 이런 순수한 사랑얘기 좋은데... 너무 재밌게 봤다 ㅎㅎ",
    "rating": "10",
    "date": "15.05.04"
  },
  {
    "review_id": "9885389",
    "movie_id": "105521",
    "author": "psh1****",
    "review": "음....나름 볼만한영화 2번 봤는데 괜찮앗음",
    "rating": "7",
    "date": "15.05.02"
  },
  {
    "review_id": "9875804",
    "movie_id": "105521",
    "author": "c941****",
    "review": "ㅇㅇ괜춘했다이민기랑캐미가아주ㅋㅋ",
    "rating": "10",
    "date": "15.04.28"
  },
  {
    "review_id": "9875600",
    "movie_id": "105521",
    "author": "mrk4****",
    "review": "전지현!!!짱이에요ㅋㅋㅋ",
    "rating": "9",
    "date": "15.04.28"
  },
  {
    "review_id": "9871570",
    "movie_id": "105521",
    "author": "m1n2****",
    "review": "스토리만 좋았어도 이종석 박보영 효과를 톡톡히 봤을 영화",
    "rating": "7",
    "date": "15.04.26"
  },
  {
    "review_id": "9869536",
    "movie_id": "105521",
    "author": "9110****",
    "review": "그냥저냥 볼만했어요~",
    "rating": "7",
    "date": "15.04.26"
  },
  {
    "review_id": "9858007",
    "movie_id": "105521",
    "author": "ckdg****",
    "review": "박보영누나 너무좋아여",
    "rating": "10",
    "date": "15.04.23"
  },
  {
    "review_id": "9854297",
    "movie_id": "105521",
    "author": "melo****",
    "review": "출연자때문에 본듯 ...",
    "rating": "2",
    "date": "15.04.20"
  },
  {
    "review_id": "9848988",
    "movie_id": "105521",
    "author": "coco****",
    "review": "그 시절 순수했던 청춘들의 이야기. 배우들의 연기도 좋고 감독의 연출도 좋고 120분이란 시간이 언제 흘렀는지 모를 정도로 재밌게 봤다",
    "rating": "8",
    "date": "15.04.17"
  },
  {
    "review_id": "9841320",
    "movie_id": "105521",
    "author": "dmki****",
    "review": "스토리 개연성,연출 쪽에 조금 더 신경을 쓰고 둘이 더 애틋할 수 있었던 이유가 충분했더라면 꽤 수작이 될 수 있었을텐데...좀 보면서 아 아쉽네 하면서 봤습니다.",
    "rating": "6",
    "date": "15.04.12"
  },
  {
    "review_id": "9840752",
    "movie_id": "105521",
    "author": "popy****",
    "review": "산만하고 '욕'만 졸 끓음!!!",
    "rating": "4",
    "date": "15.04.11"
  },
  {
    "review_id": "9840021",
    "movie_id": "105521",
    "author": "wlgh****",
    "review": "이종석 박보영 연기좋고 내용좋고 대체적으로 굿굿",
    "rating": "8",
    "date": "15.04.11"
  },
  {
    "review_id": "9839635",
    "movie_id": "105521",
    "author": "hots****",
    "review": "이렇게 재밌을 줄 몰랐네. 추천합니다.",
    "rating": "8",
    "date": "15.04.11"
  },
  {
    "review_id": "9839471",
    "movie_id": "105521",
    "author": "whj4****",
    "review": "무심코 tv에서 하길레 이게 뭔가 그냥 아무생각없이 봤는데 빵빵 터지던데요너무 재밌게 봤어요 ㅋㅋ",
    "rating": "10",
    "date": "15.04.11"
  },
  {
    "review_id": "9839280",
    "movie_id": "105521",
    "author": "redb****",
    "review": "재밌긴 재밋는데 보는내내 5분에 한마디씩 \"박보영 불쌍하다.. \" 입에서 절로 나오며 보호본능 자극받음... 나중엔 하다못해 저절로 입에서 온갖 이종석 욕하게됨ㅋㅋㅋ",
    "rating": "10",
    "date": "15.04.11"
  },
  {
    "review_id": "9839250",
    "movie_id": "105521",
    "author": "msm1****",
    "review": "재밌었어요! 다들 연기 잘하고! 근데 폭력적인 장면이 너무 많아서 그건 약간 아쉬웠지만 그래도 웃으면서 즐겁게 봤어요~",
    "rating": "8",
    "date": "15.04.11"
  },
  {
    "review_id": "9839243",
    "movie_id": "105521",
    "author": "zuni****",
    "review": "재미있고 마지막엔 감동적이었어요 과거의 향수도 느낄수 있어서 마음이 따뜻해지는 영화였어요",
    "rating": "10",
    "date": "15.04.11"
  },
  {
    "review_id": "9839240",
    "movie_id": "105521",
    "author": "youn****",
    "review": "진짜재밌어요!한번보고도 계속봐요♡",
    "rating": "10",
    "date": "15.04.11"
  },
  {
    "review_id": "9839233",
    "movie_id": "105521",
    "author": "ajqj****",
    "review": "별주기도 싫어요 진짜 걍 지루하고 재미없고 돈아까워요",
    "rating": "1",
    "date": "15.04.11"
  },
  {
    "review_id": "9839223",
    "movie_id": "105521",
    "author": "smir****",
    "review": "사투리도 잘하고 종석이팬됨ㅎ",
    "rating": "10",
    "date": "15.04.11"
  },
  {
    "review_id": "9839206",
    "movie_id": "105521",
    "author": "poly****",
    "review": "실감나게 만들었음....좋아요",
    "rating": "10",
    "date": "15.04.11"
  },
  {
    "review_id": "9839202",
    "movie_id": "105521",
    "author": "rezz****",
    "review": "배우들의 연기만으로도 충분히 훌륭한 영화임.  남여 주인공, 명품 조연들, 하다 못해 단역까지.  너무나도 정감있는 연기를 보여줌.  특히, 박보명의 매력을 새삼 느낌.   뻔한 스토리이지만, 해피엔딩이라 더 좋음.  다만, 쓸데없는 폭력들이오점...",
    "rating": "9",
    "date": "15.04.11"
  },
  {
    "review_id": "9839197",
    "movie_id": "105521",
    "author": "isou****",
    "review": "아따 연기는 괜찮은데 스토리가 와이래 잠이 와브러",
    "rating": "5",
    "date": "15.04.11"
  },
  {
    "review_id": "9839190",
    "movie_id": "105521",
    "author": "gang****",
    "review": "한국영화 특유의  미완성감은 있으나  난 너무재밌고 좋았다. 박보영도 삶의고달픔. 의리  이런거보여주니 내가 이종석이라도 안넘어갈수가없네. 기분좋은영화",
    "rating": "9",
    "date": "15.04.11"
  },
  {
    "review_id": "9839188",
    "movie_id": "105521",
    "author": "chla****",
    "review": "감독님의 의중이 궁금한영화",
    "rating": "7",
    "date": "15.04.11"
  },
  {
    "review_id": "9839182",
    "movie_id": "105521",
    "author": "3l3l****",
    "review": "ㅋㅋㅋ방금 티비에서해주길래봤는데 처음에는 무슨내용인가싶었는데 나름재밌게 잘봤어욧",
    "rating": "9",
    "date": "15.04.11"
  },
  {
    "review_id": "9839181",
    "movie_id": "105521",
    "author": "wooh****",
    "review": "오늘 15년 4월 10일 티비에서 방송하는데 옛추억도 떠오르고 재밌게 잘봤습니다.. 박보영... 너무 좋아 흑흑흑..",
    "rating": "10",
    "date": "15.04.11"
  },
  {
    "review_id": "9839180",
    "movie_id": "105521",
    "author": "sehy****",
    "review": "생각보다 너무너무 재밌어요 영화관에서 볼걸 아쉽네요ㅠㅠㅠㅠ",
    "rating": "10",
    "date": "15.04.11"
  },
  {
    "review_id": "9839179",
    "movie_id": "105521",
    "author": "bysh****",
    "review": "티비에 나와서 봤는데 재미있게봤음ㅋㅋ 이종석 박보영 연기좋음",
    "rating": "9",
    "date": "15.04.11"
  },
  {
    "review_id": "9839178",
    "movie_id": "105521",
    "author": "bell****",
    "review": "이종석다시본영화ㅋ괜찮다 영화",
    "rating": "7",
    "date": "15.04.11"
  },
  {
    "review_id": "9839111",
    "movie_id": "105521",
    "author": "forc****",
    "review": "간만에 정말 재미있는 한국영화 봤네요",
    "rating": "10",
    "date": "15.04.11"
  },
  {
    "review_id": "9839099",
    "movie_id": "105521",
    "author": "badg****",
    "review": "화장실에서 이세영박보영싸움씬그게뭐냐..하긴옛날엔그랬겠지 근데요즘엔 여자애들머리끄댕이잡고안싸운다 이세영은뭐보여줄것처럼하든만 발로문치는게다여?쪽팔리게 싸움씬좀괜찮게좀해주지 고딩여자애들 다저래싸우는지알겠다  암튼박보영연기는괜찮았고 이종석마지막멋있었음잘생김ㅋ",
    "rating": "6",
    "date": "15.04.11"
  }
]