[
  {
    "review_id": "10232838",
    "movie_id": "105520",
    "author": "ske4****",
    "review": "술담배보다 더 해로운 막장 드라마!!",
    "rating": "1",
    "date": "15.08.15"
  },
  {
    "review_id": "9452706",
    "movie_id": "105520",
    "author": "sonm****",
    "review": "세영이라는 OO이 예린이라는 싸이코에게 당하는 쓰레기 드라마.",
    "rating": "1",
    "date": "14.12.06"
  },
  {
    "review_id": "9327359",
    "movie_id": "105520",
    "author": "soul****",
    "review": "나의 스트레스뿌리가 생김",
    "rating": "1",
    "date": "14.10.29"
  },
  {
    "review_id": "9288495",
    "movie_id": "105520",
    "author": "akej****",
    "review": "겁나 재 잼있음 여러번 계속봄ㅎㅎ",
    "rating": "10",
    "date": "14.10.12"
  },
  {
    "review_id": "9226351",
    "movie_id": "105520",
    "author": "jeon****",
    "review": "..이거 무슨 평점이이렇게 낮은건 첨이네",
    "rating": "6",
    "date": "14.09.19"
  },
  {
    "review_id": "9217340",
    "movie_id": "105520",
    "author": "1004****",
    "review": "죄송하지만 볼생각이없고..재미도없어요",
    "rating": "1",
    "date": "14.09.15"
  },
  {
    "review_id": "8386876",
    "movie_id": "105520",
    "author": "aeir****",
    "review": "끝난지 몇개월이 지나도 그 갑갑함이 떠오르는 끔찍한 작품",
    "rating": "1",
    "date": "14.01.16"
  },
  {
    "review_id": "8153429",
    "movie_id": "105520",
    "author": "skdl****",
    "review": "말많은색기들이 꼬바꼬박 창겨보고있지ㅋㅋ니들이 욕하면서 본방사수 해주니깐 시청률이 잘나오는거다 욕할거면 안보면 되자나 ㅋ 멍청한것들ㅋㅋ",
    "rating": "10",
    "date": "13.11.19"
  },
  {
    "review_id": "8151309",
    "movie_id": "105520",
    "author": "ppyo****",
    "review": "다음분준비하세요0000",
    "rating": "1",
    "date": "13.11.18"
  },
  {
    "review_id": "8151229",
    "movie_id": "105520",
    "author": "hyun****",
    "review": "가면갈수록막장이네용 작가님 제대로써주세요ㅋㅋㅋㅋ결말이얼마안남았는데",
    "rating": "1",
    "date": "13.11.18"
  },
  {
    "review_id": "8146482",
    "movie_id": "105520",
    "author": "alal****",
    "review": "오로라공주자꾸 질릴려구하네요 2011년까지잘해오셨으면서 왜그라싶니까?대체 그리고 당체 이해를못하겠네요 트러블이있음 거기서 막을나고 개척해나가시고 나중에 다시 드라마 쓰세요 사람들 시민들 실망시키지마십시오",
    "rating": "1",
    "date": "13.11.17"
  },
  {
    "review_id": "8143506",
    "movie_id": "105520",
    "author": "j466****",
    "review": "시청자와 배우를 우습게보는 작가",
    "rating": "1",
    "date": "13.11.16"
  },
  {
    "review_id": "8137930",
    "movie_id": "105520",
    "author": "sb81****",
    "review": "쯧....1점이아깝다 진짜....",
    "rating": "1",
    "date": "13.11.14"
  },
  {
    "review_id": "8135741",
    "movie_id": "105520",
    "author": "podo****",
    "review": "역대 KBS 최악의 쓰레기 막장 일일 드라마 탄생. ^^",
    "rating": "1",
    "date": "13.11.13"
  },
  {
    "review_id": "8135597",
    "movie_id": "105520",
    "author": "kimj****",
    "review": "보면 볼수록 짱나는 드라마.  무슨 내용인지... 도무지 모르겠어요. 주인공의 내용이 뭐이리 이상하게 꼬여만 가는지..볼수록 화가나고 짜증 나는 내용뿐 .",
    "rating": "1",
    "date": "13.11.13"
  },
  {
    "review_id": "8134115",
    "movie_id": "105520",
    "author": "iove****",
    "review": "아주승질이나다못해이건 너무하자나작가양반 왕가네식구들처럼해봐요 이건  쓰레기자나",
    "rating": "1",
    "date": "13.11.12"
  },
  {
    "review_id": "8133178",
    "movie_id": "105520",
    "author": "whit****",
    "review": "오늘부로 안 본다.... 앞으로 MBC 자체 드라마 안봄장난치고 있네 진짜",
    "rating": "1",
    "date": "13.11.12"
  },
  {
    "review_id": "8132622",
    "movie_id": "105520",
    "author": "s900****",
    "review": "노잼 노잼노잼노잼노잼",
    "rating": "1",
    "date": "13.11.11"
  },
  {
    "review_id": "8132564",
    "movie_id": "105520",
    "author": "dmfj****",
    "review": "스트레스받아서 안봄ㅋㅋ아무나작가하나봐",
    "rating": "1",
    "date": "13.11.11"
  },
  {
    "review_id": "8130550",
    "movie_id": "105520",
    "author": "dean****",
    "review": "빵점 주고 싶은데 제일 점수 낮은게 1점이라서 어쩔 수 없이 1점 준다 ㅋ 이것도 아까움 ㅋ쓰레기 드라마",
    "rating": "1",
    "date": "13.11.10"
  },
  {
    "review_id": "8127702",
    "movie_id": "105520",
    "author": "cye4****",
    "review": "박세영때문에 억지로 봤다",
    "rating": "1",
    "date": "13.11.09"
  },
  {
    "review_id": "8126589",
    "movie_id": "105520",
    "author": "pret****",
    "review": "못난이 주의보 보세여 그 드라마는 정말 재밌습니다.",
    "rating": "1",
    "date": "13.11.09"
  },
  {
    "review_id": "8124886",
    "movie_id": "105520",
    "author": "huis****",
    "review": "MBC는 왜 이드라마 반영하는건지... 사람들 평보면 모르나? 저작가... 정말 유치하자나. 왠만하면 이런데 글안적는데 도저히 참을수가없다!!! 정말 컨셉도없고 느낌도없고 짜증만나는 드라마네.",
    "rating": "1",
    "date": "13.11.08"
  },
  {
    "review_id": "8123716",
    "movie_id": "105520",
    "author": "fant****",
    "review": "연기력있늣 중견배우 하차시키는 이유는??신인만남고 어른들 이제 다 급사시키겠네 ..사이코틱한 작가님같애요ㅡㅡ",
    "rating": "1",
    "date": "13.11.08"
  },
  {
    "review_id": "8123308",
    "movie_id": "105520",
    "author": "kerr****",
    "review": "단언컨데 역대최악의드라마",
    "rating": "1",
    "date": "13.11.08"
  },
  {
    "review_id": "8119976",
    "movie_id": "105520",
    "author": "jinh****",
    "review": "다죽이네ㅋ서바이벌 데스게임이여 뭐여",
    "rating": "1",
    "date": "13.11.06"
  },
  {
    "review_id": "8114943",
    "movie_id": "105520",
    "author": "wlsw****",
    "review": "아 뭐지 인물이 극과극을 달리네.너무 착하거나 너무 짜증나거나 또 스토리도 진부",
    "rating": "2",
    "date": "13.11.04"
  },
  {
    "review_id": "8114284",
    "movie_id": "105520",
    "author": "c88c****",
    "review": "지성이면 감천 끝났다! 신난다!",
    "rating": "1",
    "date": "13.11.04"
  },
  {
    "review_id": "8110457",
    "movie_id": "105520",
    "author": "lunc****",
    "review": "최악의 막장 드라마...작가도 뭔 스토린지모르눈듯",
    "rating": "1",
    "date": "13.11.02"
  },
  {
    "review_id": "8109192",
    "movie_id": "105520",
    "author": "hlyu****",
    "review": "진부함의 끝. 뻔한 내용의 총 집합. 대사와 진행 모두 예상가는 조합. 진짜 이런 드라마는 이제 없어질때 되지 않았나??? 제작진 작가 반성해야함",
    "rating": "2",
    "date": "13.11.02"
  },
  {
    "review_id": "8108846",
    "movie_id": "105520",
    "author": "yunj****",
    "review": "한개도 아까워요.. 제발 오디션 보고 주인공도 뽑으시길",
    "rating": "1",
    "date": "13.11.02"
  },
  {
    "review_id": "8108665",
    "movie_id": "105520",
    "author": "mygr****",
    "review": "정말 진심으로 말하는데, 이게 드라마면 파리도 새다.",
    "rating": "1",
    "date": "13.11.02"
  },
  {
    "review_id": "8108617",
    "movie_id": "105520",
    "author": "jjhh****",
    "review": "ㅜㅜ별루다별루다완전별루다",
    "rating": "1",
    "date": "13.11.02"
  },
  {
    "review_id": "8108163",
    "movie_id": "105520",
    "author": "gran****",
    "review": "kbs는 작가뽑는 기준이 뭐죠?OOO 뽑나요?아니 OOO도 머리는 좋을 수 있죠.저능아를 골라 뽑나?유치원생이 써도 이거보단  잼있을듯",
    "rating": "1",
    "date": "13.11.01"
  },
  {
    "review_id": "8108161",
    "movie_id": "105520",
    "author": "hit0****",
    "review": "넘넘 재밌어용!!♡♡♥♡별 5개더주고 싶네용",
    "rating": "10",
    "date": "13.11.01"
  },
  {
    "review_id": "8108159",
    "movie_id": "105520",
    "author": "runa****",
    "review": "보다가 빡친 드라마. 최악의 평점 주러 들어온 최초의 드라마 ㅡㅡ",
    "rating": "1",
    "date": "13.11.01"
  },
  {
    "review_id": "8108131",
    "movie_id": "105520",
    "author": "kmj0****",
    "review": "초딩눈높이 드라마 ㅋㅋ",
    "rating": "1",
    "date": "13.11.01"
  },
  {
    "review_id": "8108106",
    "movie_id": "105520",
    "author": "melp****",
    "review": "차라리 막장이면 욕이나 하지 이건 개콘의 시청률의 제왕이 만드는 드라마보다 못해 작가랑 피디가 \"기왕 망한거 끝까지 가보자\"는 마음으로 제대로 낄낄대며 장난친듯. 웃어라 동해야 이후로 제대로 쓰레기를 만난 느낌ㅋㅋ 민폐녀 최세영은 드라마 최고악녀 등극",
    "rating": "1",
    "date": "13.11.01"
  },
  {
    "review_id": "8108104",
    "movie_id": "105520",
    "author": "korj****",
    "review": "억지의 연속. 대단하다 정말.",
    "rating": "1",
    "date": "13.11.01"
  },
  {
    "review_id": "8108103",
    "movie_id": "105520",
    "author": "ysoc****",
    "review": "11월1일 금요일 회분 도대체가 뭐귀신신나라까먹는 줄거리입니까? 네? 작가님 넘 날로 드시기좋아하는것 아녀요?회를 쳐드시던가...씁쓸합니다...어디 유쾌한 드라만 없나?씁...",
    "rating": "2",
    "date": "13.11.01"
  },
  {
    "review_id": "8108101",
    "movie_id": "105520",
    "author": "hara****",
    "review": "진짜!!! 어이없는 드라마네 후반으로 접어들면서 내용이 이상하다 했지만 결국은 이렇게 개념없이 마무리한다",
    "rating": "1",
    "date": "13.11.01"
  },
  {
    "review_id": "8108090",
    "movie_id": "105520",
    "author": "kmio****",
    "review": "막장보다 더 못한드라마 ... 이걸보고 웃으라는건지 울라는건지... 작가분 드라마 쉽게쓰는거 아닙니다",
    "rating": "1",
    "date": "13.11.01"
  },
  {
    "review_id": "8105495",
    "movie_id": "105520",
    "author": "smyl****",
    "review": "이런글 잘 안남기는 사람입니다만..정말 쓰레기라는 말이 아깝지 않네요",
    "rating": "1",
    "date": "13.10.31"
  },
  {
    "review_id": "8105446",
    "movie_id": "105520",
    "author": "o050****",
    "review": "개그콘서트.  ..나오는 시청률아닌가 모르것네!!드라마여 개그여. ..어이 없어도 너무 없네. .. 하려고글쓰려고 들어왔는데나말고 다른 사람도 .. .다 그렇게 생각사는구나요 ㅋㅎㅎ개콘보다 더 웃긴드라마여.",
    "rating": "1",
    "date": "13.10.31"
  },
  {
    "review_id": "8105427",
    "movie_id": "105520",
    "author": "rosa****",
    "review": "별하개도 주기싫은 드라마 최하수준..이시대에이런 드라마를 만드는 쓰레기 공영방송..",
    "rating": "1",
    "date": "13.10.31"
  },
  {
    "review_id": "8104834",
    "movie_id": "105520",
    "author": "trac****",
    "review": "내 평생 최악의 드라마아, 그리고 이거 왜 최소 1점을 줘야만 등록이 가능합니까?0.1점도 아까운 드라마라 마이너스 점수를 주고 싶은데..누가 보면 1점 이상의 가치가 있는 드라마라고 여길 거 아니에요.",
    "rating": "1",
    "date": "13.10.31"
  },
  {
    "review_id": "8103341",
    "movie_id": "105520",
    "author": "lje6****",
    "review": "첨에는 가족드라마라좋고 악역연기도흥미진진했지만점점 닭살스럭억지중년배우연기에 내용도없고점점 타사의 오로라공주가 신인배우지만연기도훨씬잘하고 스토리가있는듯실망입니다 지성이면감천",
    "rating": "1",
    "date": "13.10.31"
  },
  {
    "review_id": "8103169",
    "movie_id": "105520",
    "author": "hua0****",
    "review": "별점한개도 아까운 드라마...보다보다 이런 말도안되는 드라마 첨 본다..작가는 도대체 무슨 생각을 하는지..어지간하면 뉴스보기전 별생각없이 보는데 하도 기가막혀 요즘은 일부러 9시 맞춰 tv켠다..최악..개콘..",
    "rating": "1",
    "date": "13.10.31"
  },
  {
    "review_id": "8102518",
    "movie_id": "105520",
    "author": "yami****",
    "review": "아.. 정말 빨리 끝나야지.. 보다보다 이런 드라마를 또 첨보네.. 갈수록 스토리가 산으로가고. 어차구니없는 전개의 연속... 작가는 누군지. 감독는 또 누군지. 억지스럽고 개연성도없고. 이건 뭐 80년대 드라마도 아니고..아. 어이없어.",
    "rating": "1",
    "date": "13.10.30"
  },
  {
    "review_id": "8102489",
    "movie_id": "105520",
    "author": "syk8****",
    "review": "참고 참고 봤는데 결말은 더 막장진짜 순 어거지 결말...KBS 일일드라마 다 재미있었는데 역대 최악의 드라마..",
    "rating": "1",
    "date": "13.10.30"
  },
  {
    "review_id": "8098929",
    "movie_id": "105520",
    "author": "yu33****",
    "review": "너무  슬프구  화를내시니정말보기실어요  행복한가정을봤음좋겠어요",
    "rating": "3",
    "date": "13.10.29"
  },
  {
    "review_id": "8097512",
    "movie_id": "105520",
    "author": "tack****",
    "review": "진짜뭐햐는  짓인지...스토리가 억지스럽고 자연스럽지못하고어처구니가 없네요",
    "rating": "1",
    "date": "13.10.28"
  },
  {
    "review_id": "8088880",
    "movie_id": "105520",
    "author": "cjan****",
    "review": "오로라랑 막상막하    언제 끝나나 ~~",
    "rating": "2",
    "date": "13.10.25"
  },
  {
    "review_id": "8088693",
    "movie_id": "105520",
    "author": "3977****",
    "review": "그냥 치워라 티비를 때려부시든지 해야지",
    "rating": "1",
    "date": "13.10.25"
  },
  {
    "review_id": "8086344",
    "movie_id": "105520",
    "author": "tige****",
    "review": "오로라공주 재미있게 보고있어요 막장이 있는데 이왕본거 재미있게 보고있었는데 도가 지나치진안았으면좋겠어요 그리고 시몽역활맡으신분 펜이예요! 여배우들도 너무이쁘고 남주는 설설희분 파이팅!",
    "rating": "5",
    "date": "13.10.25"
  },
  {
    "review_id": "8084095",
    "movie_id": "105520",
    "author": "pcha****",
    "review": "아 잼있지는 않다 타이타닉 노래하는 여자 노래하지 않는여자 보다 잼있지는 않아요 1점만드림",
    "rating": "1",
    "date": "13.10.24"
  },
  {
    "review_id": "8082894",
    "movie_id": "105520",
    "author": "anpr****",
    "review": "대사를 이렇게 써도 원고료주는 사람이나 방송하는 사람이나 또~ㄱ 같네여!",
    "rating": "1",
    "date": "13.10.23"
  },
  {
    "review_id": "8082033",
    "movie_id": "105520",
    "author": "kg19****",
    "review": "보다 보다 이런 무개념, 무상식, 무개연, 무~, 드라마  첨보네요~빨리 종영하라~~",
    "rating": "1",
    "date": "13.10.23"
  },
  {
    "review_id": "8081961",
    "movie_id": "105520",
    "author": "cute****",
    "review": "이런 병맛드라마는 처음본다병맛인데 보고있는 내가 한심하다ㅠㅠ채널 돌리다하고있음 보게되는 보면서 욕하려고ㅋㅋ",
    "rating": "1",
    "date": "13.10.23"
  },
  {
    "review_id": "8080553",
    "movie_id": "105520",
    "author": "hiju****",
    "review": "내가 평생 악역이랑 여주인공 둘다 짜증나는 드라마는 처음본다 악역이 짜증나는건 그렇수 있지만 여주인공이 착한건 당연한건데 저건 착한게 아니라 한도끝도 없게 멍청한거다 작가는 여주인공한테 뇌라는걸 좀 달아줘봐",
    "rating": "1",
    "date": "13.10.22"
  },
  {
    "review_id": "8078690",
    "movie_id": "105520",
    "author": "tjdn****",
    "review": "진짜 이번에 이혜인 잘못안밝히면 진짜 작가 생각없는 사람입니다 아무리 드라마여도... 그건아니지요",
    "rating": "1",
    "date": "13.10.21"
  },
  {
    "review_id": "8078297",
    "movie_id": "105520",
    "author": "240b****",
    "review": "별점이 0점 있었으면 0점을 줬을겁니다.부모님이 틀어놓으셔서 보게 되는데 어휴;;;",
    "rating": "1",
    "date": "13.10.21"
  },
  {
    "review_id": "8078124",
    "movie_id": "105520",
    "author": "soul****",
    "review": "정말 날이 갈수록 짜증나서 못보겠네 오늘부터 안봐야지 작가의도 이제 궁금하지도않네억지로 시간끌려고 말도 안되는 내용집어놓고신물 나서안보렵니다",
    "rating": "1",
    "date": "13.10.21"
  },
  {
    "review_id": "8070810",
    "movie_id": "105520",
    "author": "kse0****",
    "review": "너무 재미있어 푹 빠졌어요최세영 언니 화이팅",
    "rating": "10",
    "date": "13.10.19"
  },
  {
    "review_id": "8069666",
    "movie_id": "105520",
    "author": "cr02****",
    "review": "정말 유치해서 못보겠다",
    "rating": "1",
    "date": "13.10.18"
  },
  {
    "review_id": "8069262",
    "movie_id": "105520",
    "author": "begi****",
    "review": "이런 쓰라마가 평점 1.6이나 된다니ㄷㄷㄷ소리만 들어도 토나올거같은 드라마ㅗㅗ작가ㄴ 절필기원",
    "rating": "1",
    "date": "13.10.18"
  },
  {
    "review_id": "8069221",
    "movie_id": "105520",
    "author": "oun1****",
    "review": "여기에  별 주기도 아깝다;;; 근데 네이버는 별0개 못주네.... 그래서 0.5개줌",
    "rating": "1",
    "date": "13.10.18"
  },
  {
    "review_id": "8069219",
    "movie_id": "105520",
    "author": "wow_****",
    "review": "작가 다시는 드라마 쓰지 말아라",
    "rating": "1",
    "date": "13.10.18"
  },
  {
    "review_id": "8069212",
    "movie_id": "105520",
    "author": "kik_****",
    "review": "명불허전 쓰레기드라마 ㅉㅉ",
    "rating": "1",
    "date": "13.10.18"
  },
  {
    "review_id": "8069209",
    "movie_id": "105520",
    "author": "mywe****",
    "review": "작가님 의식의 흐름대로 대본 쓰시느라 수고 많으셨습니다",
    "rating": "1",
    "date": "13.10.18"
  },
  {
    "review_id": "8069208",
    "movie_id": "105520",
    "author": "jwpa****",
    "review": "공영방송에서 이러면안데죠.",
    "rating": "1",
    "date": "13.10.18"
  },
  {
    "review_id": "8069201",
    "movie_id": "105520",
    "author": "mcp1****",
    "review": "희대의 쓰레기드라마 ㅋㅋ 작가 절필 추천",
    "rating": "1",
    "date": "13.10.18"
  },
  {
    "review_id": "8069092",
    "movie_id": "105520",
    "author": "kji0****",
    "review": "쓰레기 드라마~  재미도 없고 시청 시간이 아깝다~ ㅠ",
    "rating": "1",
    "date": "13.10.18"
  },
  {
    "review_id": "8068605",
    "movie_id": "105520",
    "author": "hung****",
    "review": "최악임 저능아 드라마 작가 얼굴같은 드라마임",
    "rating": "1",
    "date": "13.10.18"
  },
  {
    "review_id": "8068475",
    "movie_id": "105520",
    "author": "cjss****",
    "review": "일일드라마 작가는 정말 쉬운직업같음. 그냥 누워서 발로 끄적여도 돈버니까ㅋㅋㅋ책은 읽고사니. 난 차라리 동화책이 훨씬 재밌다. 교훈도있고 짧지만 기승전결도 잇잔니ㅋㅋㅋ근데 이놈의드라마는 당췌ㅋㅋㅋ말도 안됨",
    "rating": "1",
    "date": "13.10.18"
  },
  {
    "review_id": "8068366",
    "movie_id": "105520",
    "author": "myra****",
    "review": "처음에는 괜찮은데 ....사람을 너무 저울질을 하는 드라마사랑하지 않는 사람과 결혼하면이혼율도 늘어갈껀데... 현실에 맞게 꾸며줬으면 합니다",
    "rating": "3",
    "date": "13.10.18"
  },
  {
    "review_id": "8066344",
    "movie_id": "105520",
    "author": "hosi****",
    "review": "정말 쓰레기 수준의 드라마임. 뉴스 전 타임이라 볼 수 밬에 없어 보고 있노라면 정말 어느 작가인지, 시청자 수준을ㅇ어떻게 보는 건지. 정말 이런. 어떤 의미도 가치도 없는 저질 드라마는 빨리 종영해 주었으면합니다",
    "rating": "1",
    "date": "13.10.17"
  },
  {
    "review_id": "8066279",
    "movie_id": "105520",
    "author": "wltn****",
    "review": "이예린 아무리 너무 악역이라지만 정도를지나쳤네요 정도껏 조절해서쓰시죠 자꾸질질끌지말고 차라리 드라마끝내시죠",
    "rating": "1",
    "date": "13.10.17"
  },
  {
    "review_id": "8065873",
    "movie_id": "105520",
    "author": "pwni****",
    "review": "세상 어디에도 없는 최악중의 최악~!! 홧병돋는 저질드라마",
    "rating": "1",
    "date": "13.10.17"
  },
  {
    "review_id": "8063643",
    "movie_id": "105520",
    "author": "skja****",
    "review": "살다 살다 별 희한한 연속극을 ..KBS는 정치방송만 하지말고 이런 쓰레기 연속극을 빨리 짤라라!  시청료가 아깝다! 작가에게는 계약금액의 10%만 지급하라!..",
    "rating": "1",
    "date": "13.10.16"
  },
  {
    "review_id": "8063592",
    "movie_id": "105520",
    "author": "bete****",
    "review": "진짜 이보다 최악일수는 없다...수준이 너무 떨어져서 언급할 가치가....",
    "rating": "1",
    "date": "13.10.16"
  },
  {
    "review_id": "8063591",
    "movie_id": "105520",
    "author": "jdoc****",
    "review": "헉 0점이 없다니 맙소사",
    "rating": "1",
    "date": "13.10.16"
  },
  {
    "review_id": "8063161",
    "movie_id": "105520",
    "author": "laoc****",
    "review": "휴~~~~ 이걸 드라마라구",
    "rating": "1",
    "date": "13.10.16"
  },
  {
    "review_id": "8063113",
    "movie_id": "105520",
    "author": "gang****",
    "review": "작가가 무슨 생각으로 쓰는 드라만지 이해가안대는",
    "rating": "1",
    "date": "13.10.16"
  },
  {
    "review_id": "8062141",
    "movie_id": "105520",
    "author": "tttt****",
    "review": "볼수록 스트레스 쌓인다 뭐이래...",
    "rating": "1",
    "date": "13.10.15"
  },
  {
    "review_id": "8062115",
    "movie_id": "105520",
    "author": "auro****",
    "review": "빨리좀 끝내주세요...!현실성이 어느정도 있어야 보는거 아닙니까?!초딩딸땜에 억지로 보는데 ...스트레스만 주는 드라마",
    "rating": "1",
    "date": "13.10.15"
  },
  {
    "review_id": "8062087",
    "movie_id": "105520",
    "author": "rlat****",
    "review": "최세영착한게아니라바보같다는어쩌다한번보면매번짜증악녀캐릭터보다더짜증나네요",
    "rating": "1",
    "date": "13.10.15"
  },
  {
    "review_id": "8062086",
    "movie_id": "105520",
    "author": "kbg6****",
    "review": "세영 어느 정도것해야지 욕나오도록 천사표..OO",
    "rating": "1",
    "date": "13.10.15"
  },
  {
    "review_id": "8062083",
    "movie_id": "105520",
    "author": "wltn****",
    "review": "1점도 주기 아깝. 보면볼수록 짜증나는. 거짓말로채우는 드라마 꼴보기도싫어 2주간을 안보고 다시 보려했더니, 아직도 거짓말뿐.저녁시간에 가족들 함께보는시간에 거짓말과 못된짓만 보여주는 1회. 1회가 짜증만 돋구는군요. 오늘도 역시나 채널돌리게 되네요.",
    "rating": "1",
    "date": "13.10.15"
  },
  {
    "review_id": "8062081",
    "movie_id": "105520",
    "author": "tudd****",
    "review": "볼꺼 없어서 보긴하지만 ㅡㅡ 헐....말막히면 따귀는 아무때나 막막때리고 가족드라마 맞는건지",
    "rating": "1",
    "date": "13.10.15"
  },
  {
    "review_id": "8062080",
    "movie_id": "105520",
    "author": "mini****",
    "review": "아무리 드마라고 하지만 진짜 짜증나네  세영이란 케릭터 자체가 어이없다 작가야 그만 질질 끌어라 세영이란 케릭터가 바본가?",
    "rating": "1",
    "date": "13.10.15"
  },
  {
    "review_id": "8062078",
    "movie_id": "105520",
    "author": "youn****",
    "review": "1점도 아깝다 난 착한척하는게 젤짜증나는데 차라리 못된여주가 나을듯",
    "rating": "1",
    "date": "13.10.15"
  },
  {
    "review_id": "8062072",
    "movie_id": "105520",
    "author": "love****",
    "review": "밥먹으면서 보는데 소화가안될지경 별하나도아까울지경 아놔나 세영이? 바보임 진짜 속터짐",
    "rating": "1",
    "date": "13.10.15"
  },
  {
    "review_id": "8062067",
    "movie_id": "105520",
    "author": "jina****",
    "review": "드라마를 발로쓰나 작가를  때려버리고싶다OO욕나온다",
    "rating": "1",
    "date": "13.10.15"
  },
  {
    "review_id": "8062060",
    "movie_id": "105520",
    "author": "card****",
    "review": "질질~내용이 짜증난다.",
    "rating": "1",
    "date": "13.10.15"
  },
  {
    "review_id": "8061432",
    "movie_id": "105520",
    "author": "pill****",
    "review": "별점 주기도 아까운 드라마다세영이는 항상 당하고 정말 유치한  드라마인듯",
    "rating": "1",
    "date": "13.10.15"
  },
  {
    "review_id": "8060668",
    "movie_id": "105520",
    "author": "esha****",
    "review": "예린이란 여자 망가지는거 보려고 짜증나는거 참고 보는 사람들땜에 시청률 높은 거.. 작가와 제작진이 그런 시청자들의 심리 노린듯.. 이런 쓰레기같은 드라마는 안봐주는게 상책. 아무리 픽션이라지만 시청자를 바보로 아는 드라마는 처음.",
    "rating": "1",
    "date": "13.10.14"
  },
  {
    "review_id": "8060661",
    "movie_id": "105520",
    "author": "tlqn****",
    "review": "수신료 받아 이런 프로그램 만드는 kbs가 공영방송이라는 게 기가막힙니다",
    "rating": "1",
    "date": "13.10.14"
  },
  {
    "review_id": "8060629",
    "movie_id": "105520",
    "author": "syks****",
    "review": "이시나리오 쓴 작가 참 유치하고 한심한 수준~ 그져 회차만 늘려 돈 벌어보겄다 이거지~ 한미디로 왜 그렇게 사노 글 내용을 보면 중구 난방 이거 뭐 아이들 이야기 정도~ 생각 좀 하고 사소ㅉㅉㅉ",
    "rating": "1",
    "date": "13.10.14"
  },
  {
    "review_id": "8060600",
    "movie_id": "105520",
    "author": "1158****",
    "review": "이예린-거짓밀이예린사람사과0000점수",
    "rating": "1",
    "date": "13.10.14"
  }
]