[
  {
    "review": "역시 도태된 인간은 죽을수 밖에 없는걸 보고 느낀다.",
    "date": "14.12.21",
    "rating": "5",
    "author": "kimg****",
    "review_id": "9495520",
    "movie_id": "30017"
  },
  {
    "review": "히어로액션에서방영을해줬는데초반에 김밥써는부분에서 갑자기 빨간배경에 피흘리는귀신이나왔습니다 혹시보신분있나요",
    "date": "14.08.12",
    "rating": "1",
    "author": "xorm****",
    "review_id": "9071203",
    "movie_id": "30017"
  },
  {
    "review": "봉지보다 착한건 감독이고 더한것은 사장이로다. 아멘",
    "date": "14.01.04",
    "rating": "10",
    "author": "pjho****",
    "review_id": "8346256",
    "movie_id": "30017"
  },
  {
    "review": "하아~진짜 짜증난다!",
    "date": "13.10.27",
    "rating": "1",
    "author": "ske4****",
    "review_id": "8094568",
    "movie_id": "30017"
  },
  {
    "review": "1점도 아깝다... 감독이 정신병자인듯",
    "date": "13.10.15",
    "rating": "1",
    "author": "easy****",
    "review_id": "8061260",
    "movie_id": "30017"
  },
  {
    "review": "관점에 따라선 나름 아름다운 휴머니즘 영화...",
    "date": "13.10.11",
    "rating": "6",
    "author": "tnao****",
    "review_id": "8052876",
    "movie_id": "30017"
  },
  {
    "review": "백화수복 PPL이 돋보였던 작품....",
    "date": "13.10.08",
    "rating": "3",
    "author": "blue****",
    "review_id": "8044072",
    "movie_id": "30017"
  },
  {
    "review": "우엑....",
    "date": "13.07.26",
    "rating": "1",
    "author": "ckac****",
    "review_id": "7787089",
    "movie_id": "30017"
  },
  {
    "review": "획일적 문화의 졸렬함이 파묻은 수작.",
    "date": "13.06.27",
    "rating": "10",
    "author": "myer****",
    "review_id": "7683766",
    "movie_id": "30017"
  },
  {
    "review": "오늘 영화채널에서 해주길래, 우연히 본 영화. 상당히 신기한 영화. 그리고 신이영 씨가 여기에서 나오다니, 정말 반갑군요.",
    "date": "13.06.23",
    "rating": "9",
    "author": "wjdg****",
    "review_id": "7671348",
    "movie_id": "30017"
  },
  {
    "review": "박철수 이분의 정신세계는 예나 지금이나 똑같구나.",
    "date": "13.04.29",
    "rating": "1",
    "author": "kis5****",
    "review_id": "7492402",
    "movie_id": "30017"
  },
  {
    "review": "심이영(=김진아)의 풋풋한 누드 땜에 2점 준다. OOO영화",
    "date": "12.09.15",
    "rating": "2",
    "author": "alex****",
    "review_id": "6701403",
    "movie_id": "30017"
  },
  {
    "review": "이게 왜 평점이 5점이지? 최소 9점이다.",
    "date": "12.08.21",
    "rating": "10",
    "author": "snas****",
    "review_id": "6631675",
    "movie_id": "30017"
  },
  {
    "review": "영화 전개가 매끄럽지못한듯.설명없이 대충전개,별다른 감흥이 없다.",
    "date": "12.07.05",
    "rating": "5",
    "author": "a109****",
    "review_id": "6448305",
    "movie_id": "30017"
  },
  {
    "review": "최고의 영화.아름답다",
    "date": "12.05.17",
    "rating": "10",
    "author": "avec****",
    "review_id": "6304470",
    "movie_id": "30017"
  },
  {
    "review": "영화 보다는 , 연극 같다는 느낌이 많이 든다.",
    "date": "11.07.30",
    "rating": "3",
    "author": "evil****",
    "review_id": "5584432",
    "movie_id": "30017"
  },
  {
    "review": "자두(심이영 분)의 춤과 이상은의 OST가 어우러진 묘한 영상미가 압권이었던 작품.",
    "date": "11.07.25",
    "rating": "10",
    "author": "open****",
    "review_id": "5567820",
    "movie_id": "30017"
  },
  {
    "review": "심이영때문에별점준다",
    "date": "11.04.06",
    "rating": "10",
    "author": "hunt****",
    "review_id": "5356835",
    "movie_id": "30017"
  },
  {
    "review": "잔잔한속의 파장. 엔딩이 조금 아쉽지만 아끼는 영화!!  아!! 김밥 먹고싶어!!",
    "date": "10.07.11",
    "rating": "9",
    "author": "3mm_****",
    "review_id": "4629575",
    "movie_id": "30017"
  },
  {
    "review": "뭘 말하려고 하는건지??",
    "date": "09.12.13",
    "rating": "1",
    "author": "jong****",
    "review_id": "4039711",
    "movie_id": "30017"
  },
  {
    "review": "너무 재밌었다 서갑숙연기도 좋았다",
    "date": "09.04.07",
    "rating": "10",
    "author": "cat2****",
    "review_id": "3409371",
    "movie_id": "30017"
  },
  {
    "review": "뭐 어쩌라는건지",
    "date": "09.02.05",
    "rating": "5",
    "author": "bogd****",
    "review_id": "3279880",
    "movie_id": "30017"
  },
  {
    "review": "서갑숙!포르노그래피의 주인공 되고싶으면 미국이나 일본가서 유부녀 av나 찍으삼",
    "date": "09.02.02",
    "rating": "1",
    "author": "side****",
    "review_id": "3272086",
    "movie_id": "30017"
  },
  {
    "review": "볼껀 김진아 누드뿐...",
    "date": "09.01.18",
    "rating": "1",
    "author": "mirj****",
    "review_id": "3229041",
    "movie_id": "30017"
  },
  {
    "review": "심이영 너무조타 ㅋ",
    "date": "07.10.20",
    "rating": "10",
    "author": "nirv****",
    "review_id": "2101364",
    "movie_id": "30017"
  },
  {
    "review": "Bad",
    "date": "07.10.06",
    "rating": "3",
    "author": "seok****",
    "review_id": "2073695",
    "movie_id": "30017"
  },
  {
    "review": "우연히 묘한 감정으로 봤던 영화",
    "date": "07.05.01",
    "rating": "10",
    "author": "asaz****",
    "review_id": "1613840",
    "movie_id": "30017"
  },
  {
    "review": "왜 0점은 없지?",
    "date": "06.06.08",
    "rating": "1",
    "author": "phm0****",
    "review_id": "836198",
    "movie_id": "30017"
  },
  {
    "review": "진아야 왜 이런 영화를..OTL",
    "date": "06.05.28",
    "rating": "6",
    "author": "zeed****",
    "review_id": "819286",
    "movie_id": "30017"
  },
  {
    "review": "포르노그래피의 주의공이 되고 싶던 여자의 포르노그래피 ....",
    "date": "05.10.22",
    "rating": "1",
    "author": "shin****",
    "review_id": "450718",
    "movie_id": "30017"
  },
  {
    "review": "쓰레기라는 말밖에는...",
    "date": "05.09.13",
    "rating": "1",
    "author": "popc****",
    "review_id": "404529",
    "movie_id": "30017"
  },
  {
    "review": "아무것도 모르는 어른과, 너무 많은걸 겪어버린 아이의 사랑...",
    "date": "05.08.14",
    "rating": "10",
    "author": "38sh****",
    "review_id": "366430",
    "movie_id": "30017"
  },
  {
    "review": "김진아가조아서 주는거임 ㅋ",
    "date": "05.01.14",
    "rating": "8",
    "author": "wjsr****",
    "review_id": "185413",
    "movie_id": "30017"
  },
  {
    "review": "쓰레기.",
    "date": "05.01.14",
    "rating": "1",
    "author": "ob33****",
    "review_id": "185133",
    "movie_id": "30017"
  },
  {
    "review": "굿",
    "date": "04.11.14",
    "rating": "10",
    "author": "toto****",
    "review_id": "145993",
    "movie_id": "30017"
  },
  {
    "review": "실험정신은 창작의 중요요인이다...",
    "date": "04.09.05",
    "rating": "9",
    "author": "cine****",
    "review_id": "103059",
    "movie_id": "30017"
  }
]