[
  {
    "review": "대부 이전에 나온 갱스터 영화중엔 이게 제일 낫다.",
    "date": "15.07.29",
    "rating": "7",
    "author": "rd72****",
    "review_id": "10157545",
    "movie_id": "30010"
  },
  {
    "review": "갱스터 영화의 교과서라 할 수 있는 명작..",
    "date": "12.04.28",
    "rating": "10",
    "author": "rhkr****",
    "review_id": "6254037",
    "movie_id": "30010"
  },
  {
    "review": "30,40년대에 이미 동시녹음에 완성형 갱스터물을 만든 헐리웃이 캐사기",
    "date": "11.06.16",
    "rating": "10",
    "author": "redo****",
    "review_id": "5483809",
    "movie_id": "30010"
  },
  {
    "review": "평점 낮추기",
    "date": "09.12.02",
    "rating": "1",
    "author": "scal****",
    "review_id": "4009559",
    "movie_id": "30010"
  },
  {
    "review": "제임스 케그니.. 절대적인 카리스마!",
    "date": "09.02.23",
    "rating": "10",
    "author": "pola****",
    "review_id": "3325754",
    "movie_id": "30010"
  },
  {
    "review": "이중첩자 경찰 영화의 효시, 제임스 캐그니의 카리스마 넘치는 마지막 엔딩",
    "date": "08.11.05",
    "rating": "8",
    "author": "sioh****",
    "review_id": "3036410",
    "movie_id": "30010"
  },
  {
    "review": "제임스 캐그니..이 불멸의 대배우여..!",
    "date": "08.08.22",
    "rating": "10",
    "author": "movi****",
    "review_id": "2893108",
    "movie_id": "30010"
  },
  {
    "review": "흥미진진한스토리. 캐그니좋았음. 하지만 평점너무높음. 낮추기위해서...",
    "date": "07.12.17",
    "rating": "5",
    "author": "hrhr****",
    "review_id": "2240742",
    "movie_id": "30010"
  },
  {
    "review": "라울 월시가 만들어낸 완벽의향연",
    "date": "07.12.13",
    "rating": "10",
    "author": "opti****",
    "review_id": "2229916",
    "movie_id": "30010"
  },
  {
    "review": "GOOD!",
    "date": "07.01.02",
    "rating": "10",
    "author": "cwy0****",
    "review_id": "1351326",
    "movie_id": "30010"
  },
  {
    "review": "콘에어가답습하고간듯제임스케그니아!",
    "date": "06.10.23",
    "rating": "10",
    "author": "rkdt****",
    "review_id": "1195208",
    "movie_id": "30010"
  },
  {
    "review": "고전 느와르 기본적 걸작",
    "date": "06.10.22",
    "rating": "10",
    "author": "qufs****",
    "review_id": "1194285",
    "movie_id": "30010"
  },
  {
    "review": "옛영화치곤 제법 치밀하고 복잡하게 이야기를 끌고 간다.",
    "date": "06.10.22",
    "rating": "8",
    "author": "hadl****",
    "review_id": "1194190",
    "movie_id": "30010"
  },
  {
    "review": "쉽지않죠.제가 봐왔던 누아르중 최상의 수준이었슴다.",
    "date": "06.10.22",
    "rating": "10",
    "author": "altk****",
    "review_id": "1194187",
    "movie_id": "30010"
  },
  {
    "review": "이렇게 처음부터 끝까지 긴장감넘치는 분위기를 유지하기란",
    "date": "06.10.22",
    "rating": "10",
    "author": "tmxl****",
    "review_id": "1194174",
    "movie_id": "30010"
  }
]