[
  {
    "review": "분명히 그냥 노출영화는 아니다. 감독이 말하고싶은 메세지가 있다. 천천히 다시보길 추천/",
    "date": "15.05.19",
    "rating": "10",
    "author": "heli****",
    "review_id": "9931094",
    "movie_id": "30019"
  },
  {
    "review": "실사입니다  생활속그대로  자연산  인생의자유",
    "date": "15.01.16",
    "rating": "10",
    "author": "liuq****",
    "review_id": "9602868",
    "movie_id": "30019"
  },
  {
    "review": "마냥 야한 영화가 아니라는 걸.. 끝내 원하는 걸 찾지 못해 방황하던 청춘의 자화상.",
    "date": "15.01.01",
    "rating": "9",
    "author": "cpu1****",
    "review_id": "9545499",
    "movie_id": "30019"
  },
  {
    "review": "배두나 존재 자체만으로 10점",
    "date": "14.06.25",
    "rating": "10",
    "author": "fake****",
    "review_id": "8855822",
    "movie_id": "30019"
  },
  {
    "review": "대딩 자취방의 제대로 된 활용법..ㅋ",
    "date": "14.04.25",
    "rating": "5",
    "author": "pont****",
    "review_id": "8670642",
    "movie_id": "30019"
  },
  {
    "review": "한마디로 tv 전기세가 아깝다!!",
    "date": "14.02.21",
    "rating": "1",
    "author": "ske4****",
    "review_id": "8525263",
    "movie_id": "30019"
  },
  {
    "review": "그래! 나 쌩 아다다!!",
    "date": "14.02.07",
    "rating": "10",
    "author": "ken5****",
    "review_id": "8483155",
    "movie_id": "30019"
  },
  {
    "review": "유트브에서볼수있음...",
    "date": "14.01.05",
    "rating": "6",
    "author": "rlaa****",
    "review_id": "8351053",
    "movie_id": "30019"
  },
  {
    "review": "인생은 결국 섹스문제다",
    "date": "13.12.25",
    "rating": "4",
    "author": "kimg****",
    "review_id": "8296751",
    "movie_id": "30019"
  },
  {
    "review": "과감한 배두나~ 그것 빼곤...",
    "date": "13.11.20",
    "rating": "7",
    "author": "mirj****",
    "review_id": "8154915",
    "movie_id": "30019"
  },
  {
    "review": "이거 어떻게 보는 거죠? 다운이나 그런게 안보이네요 ㅡㅡ",
    "date": "13.06.27",
    "rating": "10",
    "author": "qkek****",
    "review_id": "7683348",
    "movie_id": "30019"
  },
  {
    "review": "공감가는 청춘이라 좋았다개인적으로 첫 장면이 봄이아닌 여름이었다면 더 좋았을 텐데 ㅋ",
    "date": "13.05.21",
    "rating": "8",
    "author": "7942****",
    "review_id": "7546755",
    "movie_id": "30019"
  },
  {
    "review": "공감할만한 건 단 한가지 , 학창시절의 풋풋한 설레임 다른건 없다",
    "date": "13.04.23",
    "rating": "6",
    "author": "dlgo****",
    "review_id": "7477249",
    "movie_id": "30019"
  },
  {
    "review": "구",
    "date": "13.03.06",
    "rating": "10",
    "author": "fkrs****",
    "review_id": "7328179",
    "movie_id": "30019"
  },
  {
    "review": "생각이 많아지는 영화. 아. 나의 청춘이여.",
    "date": "13.03.01",
    "rating": "9",
    "author": "chan****",
    "review_id": "7312165",
    "movie_id": "30019"
  },
  {
    "review": "음란물이야?",
    "date": "12.12.22",
    "rating": "4",
    "author": "chun****",
    "review_id": "7030667",
    "movie_id": "30019"
  },
  {
    "review": "청소년 음란물이네요.",
    "date": "12.10.08",
    "rating": "1",
    "author": "ppta****",
    "review_id": "6773938",
    "movie_id": "30019"
  },
  {
    "review": "중고딩때 다이어리를 예쁘고 정연하고 읽을거리 많게 만드는 친구들이 있었는데 그것들 중 하나를 읽고 있는 느낌이었다. 배두나의 발견. 역시 진희경의 눈빛. 두 남자배우는 그다지 감동을 주지 못했다.",
    "date": "12.09.27",
    "rating": "5",
    "author": "worl****",
    "review_id": "6737526",
    "movie_id": "30019"
  },
  {
    "review": "문득 생각나는 영화",
    "date": "12.09.11",
    "rating": "10",
    "author": "y3h6****",
    "review_id": "6686355",
    "movie_id": "30019"
  },
  {
    "review": "생각이 나는 영화",
    "date": "12.07.15",
    "rating": "10",
    "author": "bell****",
    "review_id": "6482881",
    "movie_id": "30019"
  },
  {
    "review": "섹스의 공허함.",
    "date": "12.05.28",
    "rating": "6",
    "author": "foou****",
    "review_id": "6343033",
    "movie_id": "30019"
  },
  {
    "review": "점점 더 문란해져 가는 섹스",
    "date": "12.05.11",
    "rating": "9",
    "author": "kch_****",
    "review_id": "6289516",
    "movie_id": "30019"
  },
  {
    "review": "1점도 아깝다",
    "date": "12.05.04",
    "rating": "1",
    "author": "fash****",
    "review_id": "6271272",
    "movie_id": "30019"
  },
  {
    "review": "靑春이 아니라 腥春에 가깝다.",
    "date": "12.03.24",
    "rating": "5",
    "author": "sohw****",
    "review_id": "6165009",
    "movie_id": "30019"
  },
  {
    "review": "괜찮은데???????",
    "date": "12.03.24",
    "rating": "8",
    "author": "onkk****",
    "review_id": "6163956",
    "movie_id": "30019"
  },
  {
    "review": "재미는 없다...",
    "date": "12.02.26",
    "rating": "7",
    "author": "yana****",
    "review_id": "6105133",
    "movie_id": "30019"
  },
  {
    "review": "솔직담백하다. 엔딩은 찌질동화로 끝나지만 뻔한 반복을 암시하기도한다? ?",
    "date": "12.01.27",
    "rating": "8",
    "author": "fly_****",
    "review_id": "6027050",
    "movie_id": "30019"
  },
  {
    "review": "쓰레기",
    "date": "12.01.13",
    "rating": "4",
    "author": "nike****",
    "review_id": "5981762",
    "movie_id": "30019"
  },
  {
    "review": "야한영화",
    "date": "11.11.19",
    "rating": "7",
    "author": "tkdt****",
    "review_id": "5857785",
    "movie_id": "30019"
  },
  {
    "review": "20대의 청춘에대한 우리들의 자화상같은 영화 배드씬만 없었다면 최고의 영화였을수도",
    "date": "11.10.09",
    "rating": "9",
    "author": "kjsp****",
    "review_id": "5779652",
    "movie_id": "30019"
  },
  {
    "review": "가슴 아픈 청춘의 한 단상",
    "date": "11.09.09",
    "rating": "8",
    "author": "yser****",
    "review_id": "5717271",
    "movie_id": "30019"
  },
  {
    "review": "혼돈스런 20살 두 남자의 이야기",
    "date": "11.09.04",
    "rating": "7",
    "author": "orph****",
    "review_id": "5706844",
    "movie_id": "30019"
  },
  {
    "review": "상실의 시대를 여러번 읽듯이 이영화도 여러번 보게 되지만 늘 새록새록 볼 때마다 가슴이 저려온다",
    "date": "11.06.27",
    "rating": "9",
    "author": "stre****",
    "review_id": "5502615",
    "movie_id": "30019"
  },
  {
    "review": "어쩔수 없이 떠오르는 상실의 시대와 그 어찌할 수 없는 우울함이 가득한 영화",
    "date": "11.05.20",
    "rating": "5",
    "author": "joy_****",
    "review_id": "5438499",
    "movie_id": "30019"
  },
  {
    "review": "스무살, 힘들 때 본 저에게는 내 인생 최고의 영화",
    "date": "11.04.24",
    "rating": "10",
    "author": "elsv****",
    "review_id": "5389877",
    "movie_id": "30019"
  },
  {
    "review": "20대 이상의 청춘의 시절을 방황하며 보낸사람들만이 이해할수있는좋은영화",
    "date": "11.04.19",
    "rating": "10",
    "author": "thdt****",
    "review_id": "5382247",
    "movie_id": "30019"
  },
  {
    "review": "오래된 기억... 옛생각.... 그때니까 가능한 생각....",
    "date": "11.02.10",
    "rating": "8",
    "author": "ikic****",
    "review_id": "5232791",
    "movie_id": "30019"
  },
  {
    "review": "다시 돌아올 수 없는 청춘..아픈기억과 아련한 추억이 흐르는 청춘...",
    "date": "11.02.05",
    "rating": "6",
    "author": "thra****",
    "review_id": "5215960",
    "movie_id": "30019"
  },
  {
    "review": "무제한적 자유속 청춘의 방황. 아련하고도 어지러운 청춘의 느낌이 잘 살아있음",
    "date": "11.01.26",
    "rating": "10",
    "author": "spac****",
    "review_id": "5185499",
    "movie_id": "30019"
  },
  {
    "review": "좋은영화",
    "date": "10.11.21",
    "rating": "10",
    "author": "gio0****",
    "review_id": "4976775",
    "movie_id": "30019"
  },
  {
    "review": "곽지균감독님의섬세함을기억하고싶은영화",
    "date": "10.10.20",
    "rating": "8",
    "author": "lees****",
    "review_id": "4912103",
    "movie_id": "30019"
  },
  {
    "review": "배두나 베드신 '가슴노출'은 대역을 사용했다고 무릎팍도사에서 말했습니다.",
    "date": "10.10.13",
    "rating": "10",
    "author": "park****",
    "review_id": "4900847",
    "movie_id": "30019"
  },
  {
    "review": "21세기의 25살 청년입니다만.. 이런 철학적 문학적 감수성 있습니다.. ^^",
    "date": "10.10.05",
    "rating": "10",
    "author": "mmxn****",
    "review_id": "4886091",
    "movie_id": "30019"
  },
  {
    "review": "이영화는 배두나 배드신 압권",
    "date": "10.09.30",
    "rating": "10",
    "author": "ozka****",
    "review_id": "4876623",
    "movie_id": "30019"
  },
  {
    "review": "배우 배두나를 만든영화^^",
    "date": "10.09.30",
    "rating": "10",
    "author": "kore****",
    "review_id": "4876128",
    "movie_id": "30019"
  },
  {
    "review": "보면 볼수록 처음의 잡스런 생각은 없어진다",
    "date": "10.09.05",
    "rating": "10",
    "author": "sr82****",
    "review_id": "4817044",
    "movie_id": "30019"
  },
  {
    "review": "초딩때 본건데 충격적이엇는데ㅋㅋ그래도 굿",
    "date": "10.06.30",
    "rating": "9",
    "author": "hanj****",
    "review_id": "4600606",
    "movie_id": "30019"
  },
  {
    "review": "10대엔 에로인 줄 알았고, 20대를 넘어서야 제대로 이해했다.",
    "date": "10.06.28",
    "rating": "10",
    "author": "jawo****",
    "review_id": "4597471",
    "movie_id": "30019"
  },
  {
    "review": "섹스와 사랑, 우울증과 자살의 난해한 함수 풀이",
    "date": "10.05.29",
    "rating": "6",
    "author": "bokb****",
    "review_id": "4530251",
    "movie_id": "30019"
  },
  {
    "review": "진짜 학생때는 야한걸로봤는데 이제보니 꽤괜찮군ㅋㅋ 감독님이런거많이만들어주시지",
    "date": "10.05.27",
    "rating": "10",
    "author": "wlsd****",
    "review_id": "4527111",
    "movie_id": "30019"
  },
  {
    "review": "\"괜찮아 괜찮아~\" 대목이 가장 여운이 남던 .. 음..애틋하네요..ㅠㅠ",
    "date": "10.05.27",
    "rating": "10",
    "author": "tobe****",
    "review_id": "4526428",
    "movie_id": "30019"
  },
  {
    "review": "전 이 영화 여러번 봤습니다.청춘이라면 다 이해되는 영화.",
    "date": "10.05.26",
    "rating": "10",
    "author": "nex7****",
    "review_id": "4524991",
    "movie_id": "30019"
  },
  {
    "review": "스무살, 극장에서 혼자 우연히 보았던 영화. 젊은이들의 모습이 정말 공감 갔었어요.",
    "date": "10.05.26",
    "rating": "10",
    "author": "nill****",
    "review_id": "4524558",
    "movie_id": "30019"
  },
  {
    "review": "다시는 곽감독님의 작품을 볼 수 없다는 것이.. 괜찮지 않네요..",
    "date": "10.05.25",
    "rating": "8",
    "author": "daro****",
    "review_id": "4524187",
    "movie_id": "30019"
  },
  {
    "review": "방황을 왜케 많이해",
    "date": "10.04.18",
    "rating": "7",
    "author": "real****",
    "review_id": "4440438",
    "movie_id": "30019"
  },
  {
    "review": "수렁에 쭉 내려가다가 누군가 끌어올려주는 기분. 하지만 다시보긴 묘하게 괴로운영화",
    "date": "10.04.10",
    "rating": "8",
    "author": "stel****",
    "review_id": "4424727",
    "movie_id": "30019"
  },
  {
    "review": "아쉬운 점도 있지만, 나름 괜찮은 영화....",
    "date": "10.04.10",
    "rating": "7",
    "author": "aini****",
    "review_id": "4423448",
    "movie_id": "30019"
  },
  {
    "review": "개인적으로... 배두나씨를 워낙 좋아하기 때문에 4점 정도 드립니다만...",
    "date": "10.03.12",
    "rating": "4",
    "author": "west****",
    "review_id": "4351416",
    "movie_id": "30019"
  },
  {
    "review": "여운이 남는 좋은 영화였습니다. 평점이.. 5점이라니.. 5점이라니..",
    "date": "10.01.16",
    "rating": "10",
    "author": "indr****",
    "review_id": "4176842",
    "movie_id": "30019"
  },
  {
    "review": "뭔가있는듯없는듯한데, 난 별로 찾고싶지않다",
    "date": "10.01.13",
    "rating": "6",
    "author": "pksj****",
    "review_id": "4166162",
    "movie_id": "30019"
  },
  {
    "review": "이 영화가 어째서 5점대인가. 영화를 보면서 생각에 빠지게 하는 영화.",
    "date": "09.11.28",
    "rating": "10",
    "author": "sara****",
    "review_id": "3996958",
    "movie_id": "30019"
  },
  {
    "review": "보면서 슬픔을 느낀 난 뭐지... 마지막 장면은 하루키 노르웨이 숲",
    "date": "09.11.03",
    "rating": "10",
    "author": "xodd****",
    "review_id": "3934468",
    "movie_id": "30019"
  },
  {
    "review": "상실의 시대 삽화물 정도로 어울릴만한 영화.. 배두나만 볼만했다..",
    "date": "09.09.17",
    "rating": "3",
    "author": "imf0****",
    "review_id": "3836590",
    "movie_id": "30019"
  },
  {
    "review": "청춘예찬. 야한장면보다 그들의 아름다운 고뇌에 집중해보자",
    "date": "09.08.21",
    "rating": "9",
    "author": "sset****",
    "review_id": "3772326",
    "movie_id": "30019"
  },
  {
    "review": "어설픈 상실의 시대 베끼기 + 에로영화. 이도 저도 아닌",
    "date": "09.06.15",
    "rating": "4",
    "author": "nabe****",
    "review_id": "3567175",
    "movie_id": "30019"
  },
  {
    "review": "야해서 좋았다 특히 비닐하우스 ...",
    "date": "09.06.06",
    "rating": "8",
    "author": "rkdw****",
    "review_id": "3547956",
    "movie_id": "30019"
  },
  {
    "review": "평점 너무 낮다. 정말 5점대 영화는 진정 아니다. 나도 청춘이 있었듯...",
    "date": "09.05.18",
    "rating": "10",
    "author": "kina****",
    "review_id": "3505423",
    "movie_id": "30019"
  },
  {
    "review": "볼수록 뭔가 괜찮은 영화.하지만 감독의 최근작이 없다 하나있네",
    "date": "09.05.09",
    "rating": "8",
    "author": "dma9****",
    "review_id": "3480981",
    "movie_id": "30019"
  },
  {
    "review": "연기 연습 할 시간에 행위 연습만 했냐? ㅉㅉ",
    "date": "09.04.29",
    "rating": "1",
    "author": "expr****",
    "review_id": "3448666",
    "movie_id": "30019"
  },
  {
    "review": "청춘이란 그말로 다 이해가는 영화",
    "date": "09.04.26",
    "rating": "10",
    "author": "mcso****",
    "review_id": "3442575",
    "movie_id": "30019"
  },
  {
    "review": "ilhyun99,evilkid2000, klesko이분들은3류코믹영화볼시간에 이걸본모양..",
    "date": "09.04.11",
    "rating": "10",
    "author": "o0me****",
    "review_id": "3414639",
    "movie_id": "30019"
  },
  {
    "review": "아무리 서울대 다닌다 하더라도 영화처럼 철학적으로 살진 않는다..",
    "date": "09.04.10",
    "rating": "1",
    "author": "unba****",
    "review_id": "3413285",
    "movie_id": "30019"
  },
  {
    "review": "악 몰라 난 공감안돼! 특히.. 이수인 그렇게 죽은거.. 왜그랬는지....",
    "date": "09.04.09",
    "rating": "6",
    "author": "rich****",
    "review_id": "3412169",
    "movie_id": "30019"
  },
  {
    "review": "28년동정;;",
    "date": "09.03.18",
    "rating": "10",
    "author": "fyce****",
    "review_id": "3374046",
    "movie_id": "30019"
  },
  {
    "review": "OOO기영화",
    "date": "09.01.22",
    "rating": "1",
    "author": "rudg****",
    "review_id": "3240261",
    "movie_id": "30019"
  },
  {
    "review": "좋아요!!!!",
    "date": "09.01.06",
    "rating": "10",
    "author": "n869****",
    "review_id": "3195824",
    "movie_id": "30019"
  },
  {
    "review": "아무리!! 5점대 영화는 아니잖아!!!!",
    "date": "08.12.01",
    "rating": "10",
    "author": "bacc****",
    "review_id": "3083556",
    "movie_id": "30019"
  },
  {
    "review": "청춘 그 가슴설레는 기억에 대한 쓸쓸한 단상",
    "date": "08.12.01",
    "rating": "10",
    "author": "deep****",
    "review_id": "3083551",
    "movie_id": "30019"
  },
  {
    "review": "음악이 기억에 남는다.. 영화 괜찮았은듯... 근데 좀 야하다.",
    "date": "08.10.31",
    "rating": "6",
    "author": "ekdn****",
    "review_id": "3027925",
    "movie_id": "30019"
  },
  {
    "review": "이런 쓰레기영화가 다시 안나오길 빌자",
    "date": "08.08.28",
    "rating": "1",
    "author": "yjoh****",
    "review_id": "2907128",
    "movie_id": "30019"
  },
  {
    "review": "자효,래원 멋지다",
    "date": "08.08.22",
    "rating": "10",
    "author": "gus7****",
    "review_id": "2895054",
    "movie_id": "30019"
  },
  {
    "review": "수인이 아름다운 자신의 진정한 사랑을 찾지 못한채 생을 마감한 결말이 아쉬웠다",
    "date": "08.08.10",
    "rating": "8",
    "author": "mini****",
    "review_id": "2858617",
    "movie_id": "30019"
  },
  {
    "review": "공감도 안되고 맘에 드는 구석이 없다. 극장에서 이걸 봤으니...",
    "date": "08.08.09",
    "rating": "2",
    "author": "hand****",
    "review_id": "2854924",
    "movie_id": "30019"
  },
  {
    "review": "솔직히 잘 모르겠다. 그다지 깊게 생각해보고 싶지 않은...",
    "date": "08.07.30",
    "rating": "7",
    "author": "shot****",
    "review_id": "2816127",
    "movie_id": "30019"
  },
  {
    "review": "괜찮지 않지만, 괜찮다 괜찮다!를 외쳤던 그들. 딱 20살 때 보기 좋은 영화다..",
    "date": "08.06.08",
    "rating": "8",
    "author": "yong****",
    "review_id": "2686900",
    "movie_id": "30019"
  },
  {
    "review": "A급 캐스팅으로 빚어낸, 3류 에로물... 80년대에 머문 감독 탓인가...? ㅡㅡ;;",
    "date": "08.06.01",
    "rating": "1",
    "author": "ilhy****",
    "review_id": "2674808",
    "movie_id": "30019"
  },
  {
    "review": "기억에 오래남는 영화.....",
    "date": "08.05.30",
    "rating": "10",
    "author": "util****",
    "review_id": "2670601",
    "movie_id": "30019"
  },
  {
    "review": "그래도 마지막 씬에 자효가 사랑을 알게돼 다행이다. 굿~",
    "date": "08.05.10",
    "rating": "10",
    "author": "kore****",
    "review_id": "2628288",
    "movie_id": "30019"
  },
  {
    "review": "청춘이라는 단어에 이영화는 크게 다가오지못하고 있다",
    "date": "08.04.13",
    "rating": "3",
    "author": "si2p****",
    "review_id": "2579300",
    "movie_id": "30019"
  },
  {
    "review": "끊어오르는 청춘들의 농익은 육체적 열망을 그린 영화.",
    "date": "08.03.16",
    "rating": "3",
    "author": "evil****",
    "review_id": "2522995",
    "movie_id": "30019"
  },
  {
    "review": "김정현 연기,,역시 잘하셔~ 진희경이 이렇게 예쁠줄이야~",
    "date": "08.02.19",
    "rating": "10",
    "author": "2003****",
    "review_id": "2462276",
    "movie_id": "30019"
  },
  {
    "review": "영화가나온지8년...어느덧20대중반을향하는나..좀더일찍봤다면어떤느낌이었을까?",
    "date": "08.02.15",
    "rating": "8",
    "author": "vm42****",
    "review_id": "2449419",
    "movie_id": "30019"
  },
  {
    "review": "섹스가 청춘의 전부라는 거냐?",
    "date": "08.02.11",
    "rating": "1",
    "author": "kles****",
    "review_id": "2434521",
    "movie_id": "30019"
  },
  {
    "review": "생각보다 괜찮다 괜찮다. 괜찮타.",
    "date": "08.01.09",
    "rating": "10",
    "author": "lim4****",
    "review_id": "2311601",
    "movie_id": "30019"
  },
  {
    "review": "18살에 볼때 다르고, 22살에 볼때 다르고, 24살에 볼때 다르더이다. 괜찮은 영화",
    "date": "08.01.06",
    "rating": "9",
    "author": "flig****",
    "review_id": "2303520",
    "movie_id": "30019"
  },
  {
    "review": "클로즈업되는 배우들의 연기가 굿. 내용은 자기가 가져가고싶은만큼",
    "date": "07.12.25",
    "rating": "8",
    "author": "kj99****",
    "review_id": "2264315",
    "movie_id": "30019"
  },
  {
    "review": "모든이들의 청춘이 다 이렇지만은 않음. 여교사역의 대단한 미스캐스팅...",
    "date": "07.12.11",
    "rating": "3",
    "author": "viva****",
    "review_id": "2224033",
    "movie_id": "30019"
  },
  {
    "review": "쓰레기,쓰레기,쓰레기,쓰레기,쓰레기,쓰레기,쓰레기,쓰레기,쓰레기,쓰레기",
    "date": "07.12.02",
    "rating": "1",
    "author": "baks****",
    "review_id": "2199253",
    "movie_id": "30019"
  },
  {
    "review": "괜찮은거 아닌가?",
    "date": "07.09.30",
    "rating": "7",
    "author": "grea****",
    "review_id": "2062059",
    "movie_id": "30019"
  },
  {
    "review": "이상해",
    "date": "07.09.28",
    "rating": "3",
    "author": "crea****",
    "review_id": "2057818",
    "movie_id": "30019"
  }
]