[
  {
    "review": "이영화를 빼고 한국영화를 거론할 수 있을까?",
    "date": "15.06.02",
    "rating": "10",
    "author": "swan****",
    "review_id": "9970214",
    "movie_id": "30018"
  },
  {
    "review": "바늘로 쑤시는 현실비판, 시공간의 초월한 상상력, 후장을 파고드는 욕의 카타르시스",
    "date": "09.06.17",
    "rating": "9",
    "author": "cres****",
    "review_id": "3571191",
    "movie_id": "30018"
  },
  {
    "review": "뒷 수습할 준비 되셨습니까?",
    "date": "08.02.26",
    "rating": "1",
    "author": "evil****",
    "review_id": "2484524",
    "movie_id": "30018"
  },
  {
    "review": "이영화보기는밨나?, 남들이 재미없다고하니깐 덩달라 악플을 다네.. 어이사실~",
    "date": "07.12.18",
    "rating": "10",
    "author": "wh32****",
    "review_id": "2241992",
    "movie_id": "30018"
  },
  {
    "review": "케이블에서 봤는데...쩝...",
    "date": "07.08.08",
    "rating": "2",
    "author": "typo****",
    "review_id": "1901732",
    "movie_id": "30018"
  },
  {
    "review": "다세포 영화 보면 불후의 명작이다",
    "date": "07.02.06",
    "rating": "10",
    "author": "sunk****",
    "review_id": "1447923",
    "movie_id": "30018"
  },
  {
    "review": "쓰레기 저질 영화 ;김용인가 뭔가는 입이 왜이리 저질이냐 한심",
    "date": "07.01.07",
    "rating": "1",
    "author": "juny****",
    "review_id": "1365817",
    "movie_id": "30018"
  },
  {
    "review": "아하앙ㅠㅠ",
    "date": "06.12.31",
    "rating": "1",
    "author": "bell****",
    "review_id": "1345233",
    "movie_id": "30018"
  },
  {
    "review": "만든 이유가 뭐여?",
    "date": "06.11.16",
    "rating": "4",
    "author": "zeed****",
    "review_id": "1234735",
    "movie_id": "30018"
  },
  {
    "review": "장궤배달부 만큼이나악취가 진동하는영화",
    "date": "06.11.15",
    "rating": "4",
    "author": "kws7****",
    "review_id": "1234433",
    "movie_id": "30018"
  },
  {
    "review": "재활용품없는 쓰레기로 미련없이 버려지다",
    "date": "06.10.16",
    "rating": "7",
    "author": "goma****",
    "review_id": "1183496",
    "movie_id": "30018"
  },
  {
    "review": "쓰레기란 무엇인지 보여주는 영화",
    "date": "06.05.09",
    "rating": "1",
    "author": "0323****",
    "review_id": "793423",
    "movie_id": "30018"
  },
  {
    "review": "새벽에 이거보고 졸래 웃었따. 개 어의 없어서",
    "date": "06.04.24",
    "rating": "2",
    "author": "juve****",
    "review_id": "773664",
    "movie_id": "30018"
  },
  {
    "review": "참나..10점 준사람들 이 감독 영화 죄다 10점 줬더군...",
    "date": "06.04.22",
    "rating": "1",
    "author": "miso****",
    "review_id": "770986",
    "movie_id": "30018"
  },
  {
    "review": "연기도 어설퍼 말도 더듬어. 김용의 말빨하고 섹스신만 빼면 끝",
    "date": "06.03.23",
    "rating": "1",
    "author": "lord****",
    "review_id": "730551",
    "movie_id": "30018"
  },
  {
    "review": "감독돈은조낸많나보내젊은나이에 돈OO은여기까지알바풀었네",
    "date": "06.03.22",
    "rating": "1",
    "author": "skub****",
    "review_id": "727682",
    "movie_id": "30018"
  },
  {
    "review": "욕하고 섹스만 하면 리얼리티냐? 0점짜리다. 필름이 아깝다.",
    "date": "06.03.11",
    "rating": "1",
    "author": "crom****",
    "review_id": "711725",
    "movie_id": "30018"
  },
  {
    "review": "볼거리라곤 김용의 화려한 말빨뿐. ㅋ",
    "date": "06.01.10",
    "rating": "5",
    "author": "hyst****",
    "review_id": "575920",
    "movie_id": "30018"
  },
  {
    "review": "괜찮더라구요~ㅋㅋ",
    "date": "05.09.15",
    "rating": "10",
    "author": "hotk****",
    "review_id": "406423",
    "movie_id": "30018"
  },
  {
    "review": "잘봤습니다^0^",
    "date": "05.09.13",
    "rating": "10",
    "author": "nada****",
    "review_id": "404307",
    "movie_id": "30018"
  },
  {
    "review": "자기복제에 빠진 듯 보이지만 전복적인 쾌감이 가득한 이빨송.",
    "date": "04.10.16",
    "rating": "10",
    "author": "domi****",
    "review_id": "126757",
    "movie_id": "30018"
  },
  {
    "review": "자장면과 욕설만이 난무하는 쓰레기 영화",
    "date": "04.06.28",
    "rating": "1",
    "author": "ijak****",
    "review_id": "62087",
    "movie_id": "30018"
  }
]