[
  {
    "review": "클린트 이스트우드 형님 영화들은 항상 기본이상은 한다. 이 영화 역시, 꽤 강렬하게 기억에 남는 작품이다. 가장 주목해야할 점은 마카로니 웨스턴에 영향을 받은 듯한 주인공의 캐릭터에 있으며, 서부의 세계를 '악 vs 악'의 측면에서 묘사한점이 독특함.",
    "date": "15.03.12",
    "rating": "8",
    "author": "pola****",
    "review_id": "9775902",
    "movie_id": "30026"
  },
  {
    "review": "오랜만에 다시 봤는데 . 권선징악을 떠나서 .새로운 영화를 다시 본 느낌.",
    "date": "14.03.09",
    "rating": "8",
    "author": "driv****",
    "review_id": "8565800",
    "movie_id": "30026"
  },
  {
    "review": "공포웨스턴의 시작을 알렸던 작품...라고시에 나타난 이스트우드와 그의 혼령아 험께 복수를 하다... 스파게티 웨스턴에서 벗어나지 못한 이스트우드의 작품",
    "date": "14.03.02",
    "rating": "7",
    "author": "thra****",
    "review_id": "8551317",
    "movie_id": "30026"
  },
  {
    "review": "역사가 짧은 백인중심의 미국역사에서 이 영화속 주인공이 그들이 만들수 있는 미국만의 전통 귀신의 모습일지도 모르겠다는 생각이 들었다",
    "date": "14.01.02",
    "rating": "8",
    "author": "wjsr****",
    "review_id": "8339634",
    "movie_id": "30026"
  },
  {
    "review": "이스트우드의 마초적인 매력이 압도적",
    "date": "13.11.26",
    "rating": "8",
    "author": "scif****",
    "review_id": "8170390",
    "movie_id": "30026"
  },
  {
    "review": "기괴한 분위기의 매우 다른 서부극. 클린트이스트우드의 작품이라니...",
    "date": "13.09.21",
    "rating": "8",
    "author": "aris****",
    "review_id": "8003908",
    "movie_id": "30026"
  },
  {
    "review": "집행관 짐던칸 그것이 그의 이름이다",
    "date": "13.09.17",
    "rating": "9",
    "author": "suvr****",
    "review_id": "7988381",
    "movie_id": "30026"
  },
  {
    "review": "때론 무법자에게도 이름이 있다",
    "date": "13.04.11",
    "rating": "8",
    "author": "tkdr****",
    "review_id": "7449018",
    "movie_id": "30026"
  },
  {
    "review": "조금 색다른 이야기를 들려주는 서부극",
    "date": "12.12.11",
    "rating": "7",
    "author": "sinb****",
    "review_id": "6992603",
    "movie_id": "30026"
  },
  {
    "review": "마카로니 웨스턴 무법자 시리즈가 엔니오 모리꼬네 음악 덕을 많이 본 반면에 이 영화는 내용과 연출 카리스마로 보여준 클린트이스트우드의 걸작",
    "date": "12.09.21",
    "rating": "9",
    "author": "ohwd****",
    "review_id": "6718085",
    "movie_id": "30026"
  },
  {
    "review": "클린트우드는 정말 말이 필요없는 감독이자 배우!",
    "date": "12.08.27",
    "rating": "8",
    "author": "s2re****",
    "review_id": "6647782",
    "movie_id": "30026"
  },
  {
    "review": "괴인의 탈을 쓴 귀신의 서부극",
    "date": "12.05.03",
    "rating": "8",
    "author": "hyuk****",
    "review_id": "6268773",
    "movie_id": "30026"
  },
  {
    "review": "forgive and forget",
    "date": "11.05.02",
    "rating": "5",
    "author": "bbq2****",
    "review_id": "5402833",
    "movie_id": "30026"
  },
  {
    "review": "클린트 이스트우드의 첫 웨스턴 감독작. 기괴하다",
    "date": "10.10.19",
    "rating": "7",
    "author": "resm****",
    "review_id": "4911231",
    "movie_id": "30026"
  },
  {
    "review": "절대적 영웅주의, 권선징악이 없는 호쾌한 웨스턴무비.",
    "date": "10.09.05",
    "rating": "7",
    "author": "evil****",
    "review_id": "4819028",
    "movie_id": "30026"
  },
  {
    "review": "감독으로 역량이 꽃피기 전이라 투박하다.",
    "date": "10.08.20",
    "rating": "5",
    "author": "pria****",
    "review_id": "4768829",
    "movie_id": "30026"
  },
  {
    "review": "마지막에 이방인이 악당들을 물리치는 것이 매우 인상적",
    "date": "10.08.16",
    "rating": "10",
    "author": "dash****",
    "review_id": "4753578",
    "movie_id": "30026"
  },
  {
    "review": "ebs에서 방영하여 다시 봤는데 재미있네요 서부영화의 추억.",
    "date": "10.08.16",
    "rating": "8",
    "author": "vbnm****",
    "review_id": "4752595",
    "movie_id": "30026"
  },
  {
    "review": "클린트의 타 영화와 달리 더욱 잔인하게 연출된 클린트 이스트우드가 낯설어 어색.",
    "date": "10.08.15",
    "rating": "7",
    "author": "dh89****",
    "review_id": "4751216",
    "movie_id": "30026"
  },
  {
    "review": "이해할수없는부분에서 점수가 깎여요 ㅋ",
    "date": "10.08.15",
    "rating": "8",
    "author": "seo9****",
    "review_id": "4750938",
    "movie_id": "30026"
  },
  {
    "review": "젊은 클린트 이스트우드는 베컴 닮았네요 조금은 기괴한 서부영화",
    "date": "10.08.15",
    "rating": "8",
    "author": "whyl****",
    "review_id": "4750286",
    "movie_id": "30026"
  },
  {
    "review": "우리의 능력자는 공공의 악을 이렇게 응징한다.",
    "date": "10.08.15",
    "rating": "6",
    "author": "hadl****",
    "review_id": "4748523",
    "movie_id": "30026"
  },
  {
    "review": "잼있어요...",
    "date": "10.08.15",
    "rating": "10",
    "author": "qhde****",
    "review_id": "4748500",
    "movie_id": "30026"
  },
  {
    "review": "그의 스타일.",
    "date": "09.10.22",
    "rating": "8",
    "author": "diri****",
    "review_id": "3907816",
    "movie_id": "30026"
  },
  {
    "review": "기괴한 서부극. 군중에 대한 조소인가 아니면 사적 복수인가?",
    "date": "09.08.24",
    "rating": "7",
    "author": "kusa****",
    "review_id": "3782203",
    "movie_id": "30026"
  },
  {
    "review": "내가 본 이스트우드의 웨스턴 무비중 가장 매력적이였다.",
    "date": "09.03.01",
    "rating": "10",
    "author": "jmp0****",
    "review_id": "3340997",
    "movie_id": "30026"
  },
  {
    "review": "잘 알려지지는 않았지만 이스트우드의 서부극 중 가장 기묘한 매력이 넘치는 작품.",
    "date": "08.12.17",
    "rating": "9",
    "author": "team****",
    "review_id": "3124275",
    "movie_id": "30026"
  },
  {
    "review": "바람처럼 나타나 바람처럼 사라진다",
    "date": "08.04.12",
    "rating": "10",
    "author": "ngda****",
    "review_id": "2575551",
    "movie_id": "30026"
  },
  {
    "review": "one of the best western movie!",
    "date": "07.02.27",
    "rating": "8",
    "author": "as25****",
    "review_id": "1506032",
    "movie_id": "30026"
  },
  {
    "review": "짐던컨은 죽지 않았었다,,,고로 귀신이 아니다..",
    "date": "07.01.03",
    "rating": "10",
    "author": "asaz****",
    "review_id": "1352817",
    "movie_id": "30026"
  },
  {
    "review": "터프한 카리스마의 결정체...",
    "date": "05.09.04",
    "rating": "10",
    "author": "drat****",
    "review_id": "393126",
    "movie_id": "30026"
  },
  {
    "review": "NOT crappy Wild West BUT postmodern one",
    "date": "04.11.14",
    "rating": "9",
    "author": "poku****",
    "review_id": "145468",
    "movie_id": "30026"
  }
]