[
  {
    "review": "순수한 열과 정이 넘치는 영화",
    "date": "15.08.19",
    "rating": "8",
    "author": "awn_****",
    "review_id": "10252086",
    "movie_id": "30059"
  },
  {
    "review": "구스 반 산트의 시작점. 어설프고 모자를 지도 몰라도 큰 힘이 있다.",
    "date": "14.12.04",
    "rating": "7",
    "author": "thei****",
    "review_id": "9447467",
    "movie_id": "30059"
  },
  {
    "review": "구스 반 산트의 거칠지만 로맨틱했던 초기.",
    "date": "14.05.17",
    "rating": "7",
    "author": "tear****",
    "review_id": "8740194",
    "movie_id": "30059"
  },
  {
    "review": "감각적이긴하지만 데뷔작임을 감안해도 어딘가 부족한느낌",
    "date": "12.04.06",
    "rating": "6",
    "author": "wjdg****",
    "review_id": "6197418",
    "movie_id": "30059"
  },
  {
    "review": "bad night.. 위선과 비열함이 없는, 초라하고 순진한 사랑의 밤.",
    "date": "12.01.21",
    "rating": "8",
    "author": "tras****",
    "review_id": "6007475",
    "movie_id": "30059"
  },
  {
    "review": "흑백으로 담아낸 컬러같은 인생의 전개. 물론 감독은 확실히 게이다",
    "date": "11.06.04",
    "rating": "9",
    "author": "reno****",
    "review_id": "5462912",
    "movie_id": "30059"
  },
  {
    "review": "나는 양가위를 좋아한다. 이 영화 촬영기법이 양가위의 타락천사를 생각나게 했다.",
    "date": "09.06.05",
    "rating": "8",
    "author": "o0me****",
    "review_id": "3546178",
    "movie_id": "30059"
  },
  {
    "review": "구스반산트의 데뷔작, 쥬뗌빠리 마레지구의 원조격!! 매력적인 영화",
    "date": "09.02.19",
    "rating": "10",
    "author": "fash****",
    "review_id": "3315275",
    "movie_id": "30059"
  },
  {
    "review": "꾸밈 없는 거친 영상, 순수한 마음, 진실한 청년. 아름답다.",
    "date": "08.12.09",
    "rating": "9",
    "author": "caca****",
    "review_id": "3102116",
    "movie_id": "30059"
  },
  {
    "review": "오늘날 거스 반 산트를 있게한 훌륭한 습작",
    "date": "08.11.20",
    "rating": "7",
    "author": "rose****",
    "review_id": "3061095",
    "movie_id": "30059"
  },
  {
    "review": "이게 데뷔작이야?",
    "date": "08.11.15",
    "rating": "8",
    "author": "ryuh****",
    "review_id": "3053083",
    "movie_id": "30059"
  },
  {
    "review": "아무리그래도 보다가 꺼버린 영화를 인정하긴 싫다",
    "date": "08.10.07",
    "rating": "3",
    "author": "reil****",
    "review_id": "2987769",
    "movie_id": "30059"
  },
  {
    "review": "이게 바로 인디영화의 매력 아니겠어?",
    "date": "08.10.05",
    "rating": "8",
    "author": "baby****",
    "review_id": "2985326",
    "movie_id": "30059"
  },
  {
    "review": "청춘의 일탈을 담은 매력적인 흑백영화",
    "date": "08.07.28",
    "rating": "8",
    "author": "pree****",
    "review_id": "2811618",
    "movie_id": "30059"
  },
  {
    "review": "낸 골딘을 연상시켰던 영화. 그의 젊은 감각에 박수를 보낸다!",
    "date": "08.07.14",
    "rating": "8",
    "author": "napo****",
    "review_id": "2762956",
    "movie_id": "30059"
  },
  {
    "review": "아이다호와 춘광사설스러운 세 남자의 관계",
    "date": "08.04.25",
    "rating": "7",
    "author": "egyp****",
    "review_id": "2597824",
    "movie_id": "30059"
  },
  {
    "review": "그 옛날 빛바랜 사진을 꺼내보는 느낌..쓸쓸하지만 또한 찬란하게..",
    "date": "08.04.06",
    "rating": "7",
    "author": "mino****",
    "review_id": "2564233",
    "movie_id": "30059"
  },
  {
    "review": "아아..어느평론가의 말처럼 아련하다....최고의 데뷔",
    "date": "07.11.26",
    "rating": "10",
    "author": "xs20****",
    "review_id": "2186928",
    "movie_id": "30059"
  },
  {
    "review": "아이다호의 전초전격. 왜 캠화면만 칼라일까? 그래 진짜 세상은 흑백이지",
    "date": "07.04.11",
    "rating": "7",
    "author": "idre****",
    "review_id": "1582874",
    "movie_id": "30059"
  },
  {
    "review": "윌트라는 캐릭터가 참 맘에 들더라~",
    "date": "07.04.08",
    "rating": "9",
    "author": "shin****",
    "review_id": "1579444",
    "movie_id": "30059"
  },
  {
    "review": "지금까지 그의 작품 모두가 들어있는 영화다~",
    "date": "07.04.07",
    "rating": "9",
    "author": "whyk****",
    "review_id": "1576756",
    "movie_id": "30059"
  },
  {
    "review": "두 남자의 섹스씬... 캬 멋지다.. 이미지의 홍수",
    "date": "07.04.03",
    "rating": "10",
    "author": "gkdu****",
    "review_id": "1570892",
    "movie_id": "30059"
  },
  {
    "review": "좋은영화 하지만; 너무 파격적이다 =_=;",
    "date": "07.04.02",
    "rating": "7",
    "author": "pane****",
    "review_id": "1568757",
    "movie_id": "30059"
  },
  {
    "review": "좋은 영화다.",
    "date": "07.03.31",
    "rating": "7",
    "author": "bjb0****",
    "review_id": "1565351",
    "movie_id": "30059"
  },
  {
    "review": "어쨌든.. 80년대엔 분명 파격적이였고 놀라운 작품이였을거다.",
    "date": "07.03.31",
    "rating": "4",
    "author": "cjdc****",
    "review_id": "1564117",
    "movie_id": "30059"
  },
  {
    "review": "급 실망",
    "date": "07.03.30",
    "rating": "1",
    "author": "tolb****",
    "review_id": "1562459",
    "movie_id": "30059"
  },
  {
    "review": "별로네요",
    "date": "07.03.30",
    "rating": "2",
    "author": "chy6****",
    "review_id": "1562455",
    "movie_id": "30059"
  },
  {
    "review": "포스터만 보고 에릭이 새영화 찍은줄 알았다;",
    "date": "07.03.29",
    "rating": "8",
    "author": "jun8****",
    "review_id": "1560740",
    "movie_id": "30059"
  },
  {
    "review": "난 이런건 역시 별로, 흑백의 간지는 있었다.",
    "date": "07.03.29",
    "rating": "5",
    "author": "ensh****",
    "review_id": "1560539",
    "movie_id": "30059"
  },
  {
    "review": "재밌게 잘봤다",
    "date": "07.03.29",
    "rating": "10",
    "author": "wnsl****",
    "review_id": "1560316",
    "movie_id": "30059"
  },
  {
    "review": "잿빛.칠흑같은 어둠속을 방황하는 청춘들",
    "date": "07.03.29",
    "rating": "6",
    "author": "ky21****",
    "review_id": "1560272",
    "movie_id": "30059"
  },
  {
    "review": "좋았다. 세련됐다.",
    "date": "07.03.29",
    "rating": "9",
    "author": "dion****",
    "review_id": "1560246",
    "movie_id": "30059"
  },
  {
    "review": "젊음의 한가운데 있으면서도, 젊음이란 역시 애절하다",
    "date": "07.03.28",
    "rating": "8",
    "author": "muku****",
    "review_id": "1560097",
    "movie_id": "30059"
  }
]