[
  {
    "review": "다운받거나 감상할 수 있는 곳 없나요 너무 보고싶음",
    "date": "12.12.15",
    "rating": "9",
    "author": "vnad****",
    "review_id": "7006344",
    "movie_id": "30089"
  },
  {
    "review": "욕심은 화를부른다 ..ㅎㄷ 스페인 판의 ㅋㅋ",
    "date": "10.07.12",
    "rating": "10",
    "author": "zhsm****",
    "review_id": "4633736",
    "movie_id": "30089"
  },
  {
    "review": "저도 초딩떄 TV로 봤음",
    "date": "10.06.25",
    "rating": "7",
    "author": "jbc1****",
    "review_id": "4590871",
    "movie_id": "30089"
  },
  {
    "review": "이영화 너무보고싶은데 어디서 볼수있을까요.,",
    "date": "10.01.25",
    "rating": "10",
    "author": "dlvn****",
    "review_id": "4208064",
    "movie_id": "30089"
  },
  {
    "review": "영상, 음악, 전체적인 분위기가 너무 멋있다",
    "date": "09.10.31",
    "rating": "10",
    "author": "gwen****",
    "review_id": "3928015",
    "movie_id": "30089"
  },
  {
    "review": "참 신기하면서도 재밌게 봤던 영화",
    "date": "08.06.22",
    "rating": "8",
    "author": "bjwj****",
    "review_id": "2713636",
    "movie_id": "30089"
  },
  {
    "review": "초등학생 때 TV로 해준거 봤는데 아직도 기억에 남아요",
    "date": "08.06.09",
    "rating": "10",
    "author": "myte****",
    "review_id": "2690623",
    "movie_id": "30089"
  },
  {
    "review": "볼만했으나.. 마지막 살인범 얼굴은 솔직히 역겨웠다.",
    "date": "08.03.21",
    "rating": "7",
    "author": "pola****",
    "review_id": "2533383",
    "movie_id": "30089"
  },
  {
    "review": "예뻤다.",
    "date": "07.12.14",
    "rating": "6",
    "author": "toto****",
    "review_id": "2230739",
    "movie_id": "30089"
  },
  {
    "review": "아마 억지 같은 엔딩 때문에 판타지로 분류된 듯.사랑은 분노도 잠재운다?",
    "date": "07.10.28",
    "rating": "10",
    "author": "kism****",
    "review_id": "2117320",
    "movie_id": "30089"
  },
  {
    "review": "그 끔찍한 얼굴만큼은 절대 보여줄수 없다는건가",
    "date": "07.09.20",
    "rating": "7",
    "author": "mana****",
    "review_id": "2033726",
    "movie_id": "30089"
  },
  {
    "review": "보긴봣는데 기억이안나 ㅡㅡ",
    "date": "07.08.08",
    "rating": "10",
    "author": "zjvl****",
    "review_id": "1903999",
    "movie_id": "30089"
  },
  {
    "review": "여배우의 묘하고 중성적인 분위기 좋아.",
    "date": "07.07.16",
    "rating": "10",
    "author": "didh****",
    "review_id": "1780880",
    "movie_id": "30089"
  },
  {
    "review": "뜨끔하게 만드는 그 무엇만으로도 9점.",
    "date": "07.06.29",
    "rating": "9",
    "author": "noth****",
    "review_id": "1729376",
    "movie_id": "30089"
  },
  {
    "review": "외모지상주의에 대한 일침 끝까지 여자얼굴은 안 나옴.;;",
    "date": "07.05.25",
    "rating": "8",
    "author": "koei****",
    "review_id": "1658765",
    "movie_id": "30089"
  },
  {
    "review": "진지한 문제를 희화적이고 독특하게 그려냈다. 결론은..?",
    "date": "06.12.06",
    "rating": "10",
    "author": "bepl****",
    "review_id": "1270277",
    "movie_id": "30089"
  },
  {
    "review": "나는 충분히 매력있는 영화라 좋았는데...",
    "date": "06.11.10",
    "rating": "10",
    "author": "a18s****",
    "review_id": "1225625",
    "movie_id": "30089"
  },
  {
    "review": "뜻은있지만 뭔가 어색하다",
    "date": "06.11.08",
    "rating": "7",
    "author": "luvs****",
    "review_id": "1222047",
    "movie_id": "30089"
  },
  {
    "review": "무언가를 더 끌어내기에는 부족했다.",
    "date": "06.09.03",
    "rating": "7",
    "author": "psyc****",
    "review_id": "1099353",
    "movie_id": "30089"
  },
  {
    "review": "독특하다. 외모는 중요하지 않다고 위선 떨지 말자.",
    "date": "06.05.21",
    "rating": "10",
    "author": "whmi****",
    "review_id": "810132",
    "movie_id": "30089"
  },
  {
    "review": "보이는 얼굴 너머, 더 무한하고 깊은 곳을 보라.",
    "date": "05.07.06",
    "rating": "7",
    "author": "hadl****",
    "review_id": "313797",
    "movie_id": "30089"
  },
  {
    "review": "스폐인 특유의 에로티시즘..어떻게 보면 참 슬픈 영화다.",
    "date": "05.06.08",
    "rating": "6",
    "author": "tjsd****",
    "review_id": "295870",
    "movie_id": "30089"
  },
  {
    "review": "좀더 독특하고 깊이있었으면 조았을텐데 어글리에서끝났다",
    "date": "05.02.23",
    "rating": "5",
    "author": "sspe****",
    "review_id": "228161",
    "movie_id": "30089"
  },
  {
    "review": "현실적인 후반까지의 구성을 막판의 CG가 망친 것 같다.",
    "date": "05.02.06",
    "rating": "8",
    "author": "kimj****",
    "review_id": "210347",
    "movie_id": "30089"
  },
  {
    "review": "1점도 주기싫음..",
    "date": "04.12.29",
    "rating": "1",
    "author": "king****",
    "review_id": "172704",
    "movie_id": "30089"
  },
  {
    "review": "그런데로 볼만하네요...마지막장면..인상깊었습니다~",
    "date": "04.08.08",
    "rating": "8",
    "author": "yasi****",
    "review_id": "86313",
    "movie_id": "30089"
  },
  {
    "review": "재밌어요!!",
    "date": "04.07.30",
    "rating": "10",
    "author": "vvvv****",
    "review_id": "80057",
    "movie_id": "30089"
  },
  {
    "review": "독특한 스페인 영화를 만난 것같다. 많은 사람들이 좋아할 영화는 아니지만",
    "date": "04.07.04",
    "rating": "7",
    "author": "stil****",
    "review_id": "64706",
    "movie_id": "30089"
  },
  {
    "review": "외모지상주의를 비판하는 괴상한 영화.",
    "date": "04.07.01",
    "rating": "7",
    "author": "jcr3****",
    "review_id": "63462",
    "movie_id": "30089"
  },
  {
    "review": "미의 지상주의 타파",
    "date": "04.06.15",
    "rating": "3",
    "author": "dusl****",
    "review_id": "54525",
    "movie_id": "30089"
  },
  {
    "review": "한개도 아까워ㅋ",
    "date": "04.06.13",
    "rating": "1",
    "author": "oo0o****",
    "review_id": "53554",
    "movie_id": "30089"
  }
]