[
  {
    "review": "스릴러를 가장한 드라마... 영화의 전개방식과 연출이 시대상을 고려해도 다소 촌스럽다.",
    "date": "13.06.15",
    "rating": "5",
    "author": "olll****",
    "review_id": "7642615",
    "movie_id": "30104"
  },
  {
    "review": "재밋게봣음",
    "date": "12.07.18",
    "rating": "6",
    "author": "naeg****",
    "review_id": "6490516",
    "movie_id": "30104"
  },
  {
    "review": "어느 법조인의 욕망과 파멸로 인하여, 인간 세계의 암울한 저변을 꿰뚫게한다.",
    "date": "10.05.23",
    "rating": "10",
    "author": "youe****",
    "review_id": "4520497",
    "movie_id": "30104"
  },
  {
    "review": "재미긴한데.  마치 3류드라마같이 너무 꼬앗다 답답하고 짜증나게..  어우 답답해",
    "date": "10.03.07",
    "rating": "7",
    "author": "kimh****",
    "review_id": "4340451",
    "movie_id": "30104"
  },
  {
    "review": "Gabrielle Anwar의 매력, 한순간의 욕망에 인생을 망쳐버린 변호사와 그 결말",
    "date": "08.11.06",
    "rating": "8",
    "author": "sioh****",
    "review_id": "3038178",
    "movie_id": "30104"
  },
  {
    "review": "끝까지 긴장감 가지고 재밌게 봤음",
    "date": "08.03.29",
    "rating": "9",
    "author": "tjrd****",
    "review_id": "2548336",
    "movie_id": "30104"
  },
  {
    "review": "괜찮은 시나리오를 갉아먹는 연출. 부조화 속 말로는 덤덤할 뿐",
    "date": "08.01.16",
    "rating": "3",
    "author": "paci****",
    "review_id": "2337840",
    "movie_id": "30104"
  },
  {
    "review": "사태는 벌려놓고 얼렁뚱땅 바쁘게 끝내버린다; 스토리는좋으나 대충보란듯하다",
    "date": "07.11.09",
    "rating": "6",
    "author": "true****",
    "review_id": "2140941",
    "movie_id": "30104"
  },
  {
    "review": "난 뭘 기대한거지 - 아 시시해-",
    "date": "07.10.27",
    "rating": "5",
    "author": "conc****",
    "review_id": "2114318",
    "movie_id": "30104"
  },
  {
    "review": "이영화의 주안점은 반전이 아니다.",
    "date": "07.10.16",
    "rating": "10",
    "author": "rizo****",
    "review_id": "2092959",
    "movie_id": "30104"
  },
  {
    "review": "꽃미남 데몬사와가반가웠던 흥미진진한영화, 뭐하고살길레 뜸한건지..흐흐",
    "date": "07.09.18",
    "rating": "9",
    "author": "bebe****",
    "review_id": "2028633",
    "movie_id": "30104"
  },
  {
    "review": "한번 볼만한 영화",
    "date": "07.08.14",
    "rating": "7",
    "author": "mell****",
    "review_id": "1935207",
    "movie_id": "30104"
  },
  {
    "review": "인간의 나약함과 죄의식의 이면, 그 잔혹성에 물음표를 던지다.",
    "date": "07.03.10",
    "rating": "10",
    "author": "lhcg****",
    "review_id": "1527156",
    "movie_id": "30104"
  },
  {
    "review": "흥미를 위해 꼬고 또 꼬아대는 바람에 흩어지고 느슨해지는 긴장.",
    "date": "07.03.10",
    "rating": "6",
    "author": "hadl****",
    "review_id": "1526946",
    "movie_id": "30104"
  },
  {
    "review": "여주인공..여인의향기에서 알파치노와 탱고를 추던 바로 그녀..",
    "date": "07.03.10",
    "rating": "10",
    "author": "yytt****",
    "review_id": "1526615",
    "movie_id": "30104"
  },
  {
    "review": "이야기 전개는 준수하지만 특별함은 없다, 노란봉투처리 엉성",
    "date": "07.01.14",
    "rating": "8",
    "author": "wind****",
    "review_id": "1382698",
    "movie_id": "30104"
  },
  {
    "review": "영화는 절대 악의 편에 서지않는다...",
    "date": "06.07.23",
    "rating": "8",
    "author": "ranc****",
    "review_id": "915039",
    "movie_id": "30104"
  },
  {
    "review": "지나치게 머리쓰게 만들면 영화보기 힘들잖아..",
    "date": "06.06.10",
    "rating": "7",
    "author": "lshp****",
    "review_id": "838993",
    "movie_id": "30104"
  },
  {
    "review": "뒷통수를 갈겨야 반전이 아님을 보여주는 이야기의 힘.",
    "date": "06.04.10",
    "rating": "8",
    "author": "jcr3****",
    "review_id": "756709",
    "movie_id": "30104"
  },
  {
    "review": "마지막 중요한 노란봉투를 아무렇치 않게 놔둔다는건 억지 설정",
    "date": "06.04.09",
    "rating": "8",
    "author": "hye5****",
    "review_id": "754878",
    "movie_id": "30104"
  },
  {
    "review": "마지막 실수는 억지였다. 그러나 반전은 흥미로웠다.",
    "date": "06.04.08",
    "rating": "8",
    "author": "save****",
    "review_id": "752785",
    "movie_id": "30104"
  },
  {
    "review": "우연히 티비서 봤는데 스토리 괜찮네요!! 재밌음..반전도 good",
    "date": "06.04.08",
    "rating": "9",
    "author": "jun8****",
    "review_id": "752783",
    "movie_id": "30104"
  },
  {
    "review": "잘짜여진시나리오..빛난다.",
    "date": "06.04.08",
    "rating": "9",
    "author": "kean****",
    "review_id": "752771",
    "movie_id": "30104"
  },
  {
    "review": "아래 악평은 방영전 알바가 뜬 거 같음, 이작품 제대로임.",
    "date": "06.04.08",
    "rating": "9",
    "author": "donj****",
    "review_id": "752765",
    "movie_id": "30104"
  },
  {
    "review": "아~ 잼난다~",
    "date": "06.04.08",
    "rating": "8",
    "author": "chin****",
    "review_id": "752764",
    "movie_id": "30104"
  },
  {
    "review": "별기대없이 봤는데 꽤나괜찮은걸 건졌네요 ㅎ",
    "date": "06.04.08",
    "rating": "7",
    "author": "ysjh****",
    "review_id": "752762",
    "movie_id": "30104"
  },
  {
    "review": "무슨반전?당연히 예상되는거 아닌가~누가 재밌다고 한건지..쳇",
    "date": "06.02.12",
    "rating": "2",
    "author": "youd****",
    "review_id": "665959",
    "movie_id": "30104"
  },
  {
    "review": "안소니 윌러 작품 다운 긴장감 넘치는 스릴러물.",
    "date": "06.02.02",
    "rating": "7",
    "author": "movi****",
    "review_id": "641934",
    "movie_id": "30104"
  },
  {
    "review": "별 스릴없는 그런저런 작품",
    "date": "05.12.26",
    "rating": "6",
    "author": "kws7****",
    "review_id": "530446",
    "movie_id": "30104"
  },
  {
    "review": "정의는 살아있다",
    "date": "05.10.15",
    "rating": "10",
    "author": "hyun****",
    "review_id": "442763",
    "movie_id": "30104"
  },
  {
    "review": "인과응보... 심는대로 거둔다는 교훈....",
    "date": "05.08.20",
    "rating": "9",
    "author": "gavi****",
    "review_id": "376192",
    "movie_id": "30104"
  },
  {
    "review": "이정돈 되야,,,반전이지,,, 포스터만아니여도,,,쒯!!!",
    "date": "05.07.26",
    "rating": "10",
    "author": "pjwa****",
    "review_id": "334564",
    "movie_id": "30104"
  },
  {
    "review": "내 어처구니는 어디로 갔을까....",
    "date": "05.02.21",
    "rating": "1",
    "author": "reed****",
    "review_id": "226764",
    "movie_id": "30104"
  },
  {
    "review": "약간은 미미한...그러나 평작 이상.",
    "date": "05.02.11",
    "rating": "7",
    "author": "pure****",
    "review_id": "215514",
    "movie_id": "30104"
  },
  {
    "review": "볼만합니다.",
    "date": "05.01.22",
    "rating": "3",
    "author": "dann****",
    "review_id": "192367",
    "movie_id": "30104"
  },
  {
    "review": "모르고 보면 놀라는 영화",
    "date": "05.01.14",
    "rating": "9",
    "author": "chjn****",
    "review_id": "185128",
    "movie_id": "30104"
  },
  {
    "review": "솔직히 반전이라고는 하기에는 무리가 있지만 그래도 마지막엔 아차합니다.굿",
    "date": "05.01.07",
    "rating": "9",
    "author": "taeu****",
    "review_id": "179783",
    "movie_id": "30104"
  },
  {
    "review": "재미있게 잘본영화...최근에 이런 영화 처음인것 같네요..^^",
    "date": "04.12.30",
    "rating": "9",
    "author": "gaep****",
    "review_id": "172831",
    "movie_id": "30104"
  },
  {
    "review": "스토리구상이 잘 짜여져 있고 마지막 반전은 순간 얼어붙게 만든다...",
    "date": "04.12.24",
    "rating": "10",
    "author": "melo****",
    "review_id": "168105",
    "movie_id": "30104"
  },
  {
    "review": "촬영과 연기, 연출 구성이 엉망이면서 반전에만 목을 맨다",
    "date": "04.12.13",
    "rating": "3",
    "author": "trot****",
    "review_id": "161733",
    "movie_id": "30104"
  },
  {
    "review": "초반엔 거의 수면을 취할지 모르나 후반부엔 궁금해서 깨있게 될것.",
    "date": "04.11.18",
    "rating": "8",
    "author": "pepo****",
    "review_id": "147916",
    "movie_id": "30104"
  },
  {
    "review": "코난과김전일에서 코난급이라할까..약한반전이지만 재미를 주는 영화!!",
    "date": "04.11.15",
    "rating": "8",
    "author": "jyzf****",
    "review_id": "146378",
    "movie_id": "30104"
  },
  {
    "review": "볼만한 스릴러 영화...조금 미약하지만 멋진 반전~",
    "date": "04.11.12",
    "rating": "9",
    "author": "juli****",
    "review_id": "144455",
    "movie_id": "30104"
  },
  {
    "review": "주인공은 죽지않는다의 환상을 깨버렸다.",
    "date": "04.11.08",
    "rating": "8",
    "author": "hv_m****",
    "review_id": "142484",
    "movie_id": "30104"
  },
  {
    "review": "역시안소니월러감독!!",
    "date": "04.11.06",
    "rating": "10",
    "author": "lisa****",
    "review_id": "140406",
    "movie_id": "30104"
  },
  {
    "review": "재미있어요! 강추~",
    "date": "04.10.14",
    "rating": "9",
    "author": "grou****",
    "review_id": "125326",
    "movie_id": "30104"
  },
  {
    "review": "강추.ㅋㅋㅋ잼있어요..",
    "date": "04.09.04",
    "rating": "10",
    "author": "phm0****",
    "review_id": "102702",
    "movie_id": "30104"
  },
  {
    "review": "재밌는 스릴러 영화",
    "date": "04.08.19",
    "rating": "9",
    "author": "nams****",
    "review_id": "92933",
    "movie_id": "30104"
  },
  {
    "review": "잼있따",
    "date": "04.08.12",
    "rating": "10",
    "author": "meta****",
    "review_id": "88753",
    "movie_id": "30104"
  },
  {
    "review": "아랫분 말엔 공감가네요.but 반전은 정말 멋지더군요//",
    "date": "04.08.10",
    "rating": "9",
    "author": "jaeo****",
    "review_id": "87496",
    "movie_id": "30104"
  },
  {
    "review": "좀더 빠른 전개와 연기자들의 심도있는 연기가 뒷바침 되었다면 하는 아쉬움",
    "date": "04.06.16",
    "rating": "7",
    "author": "mwbm****",
    "review_id": "54827",
    "movie_id": "30104"
  },
  {
    "review": "저도 갑자기 뒤집어지는 반전에황당; 영화에서 소피인가? 이쁘더군요ㅋ",
    "date": "04.02.09",
    "rating": "7",
    "author": "flsk****",
    "review_id": "18087",
    "movie_id": "30104"
  },
  {
    "review": "별기대없이 보기시작해서 기막힌 반전(?)에 뒷통수 얻어 맞은 괜찮은 영화",
    "date": "04.01.11",
    "rating": "9",
    "author": "hanm****",
    "review_id": "9592",
    "movie_id": "30104"
  }
]