[
  {
    "review": "시도는좋았다만...전개방식이영",
    "date": "15.04.29",
    "rating": "3",
    "author": "xx41****",
    "review_id": "9877719",
    "movie_id": "30138"
  },
  {
    "review": "재미있게 봤습니다~~",
    "date": "15.04.28",
    "rating": "10",
    "author": "skyl****",
    "review_id": "9876236",
    "movie_id": "30138"
  },
  {
    "review": "쏘우급임.비위약하면 ㅠㅠ",
    "date": "15.02.07",
    "rating": "10",
    "author": "ksa7****",
    "review_id": "9674157",
    "movie_id": "30138"
  },
  {
    "review": "2000년도에 대학로에 있는 소극장(하이퍼텍 나다... 였던가?)에서 개봉했을 당시 가서 봤었는데, 추억이 새록새록.  당시에 컬트,엽기 등의 마이너 문화에 대한 붐이 일던 시기였지.",
    "date": "14.08.13",
    "rating": "8",
    "author": "egiu****",
    "review_id": "9078911",
    "movie_id": "30138"
  },
  {
    "review": "10년이 넘은 영화지만 신선하게 봤다. 근데 달이 뭔지 모르겠다. 선생의 살려달, 여고생의 달도 좋다는 말...",
    "date": "14.07.13",
    "rating": "7",
    "author": "silo****",
    "review_id": "8910508",
    "movie_id": "30138"
  },
  {
    "review": "주제도 그저그래, 노출도 그저그래, 특수효과도 그저그래, 연출도 그저그래, 여배우 빨통도 그저그래",
    "date": "14.01.28",
    "rating": "1",
    "author": "kado****",
    "review_id": "8437883",
    "movie_id": "30138"
  },
  {
    "review": "이 감독 확실히 독특하고 대단하다",
    "date": "14.01.10",
    "rating": "9",
    "author": "bono****",
    "review_id": "8366845",
    "movie_id": "30138"
  },
  {
    "review": "보는 내내 뭘까....?뭐지......?뭐임......?  개그스럽게 하려고 저렴한 효과음같은거 넣은건가... 나는 이런영상도 영화가 될수 있다는 것에 다시한번 놀란다..",
    "date": "13.08.26",
    "rating": "5",
    "author": "junh****",
    "review_id": "7923393",
    "movie_id": "30138"
  },
  {
    "review": "영상미와 일부 독특한 연출은 뛰어나나 메시지 전달은 그에 못미친다. 고등학생 신분으로 이 사회에 대한 반발이라는 메시지를 담고있다는 것을 나중에 감독 인터뷰를 보고 알았다.",
    "date": "13.07.24",
    "rating": "5",
    "author": "kos4****",
    "review_id": "7781067",
    "movie_id": "30138"
  },
  {
    "review": "너무 이상해서 끝까지 보게는 된다.",
    "date": "13.07.24",
    "rating": "3",
    "author": "boyc****",
    "review_id": "7779889",
    "movie_id": "30138"
  },
  {
    "review": "1점 주기도 아까운 쓰레기 영화. 킬링타임용으로도 아깝다.",
    "date": "13.07.19",
    "rating": "1",
    "author": "coal****",
    "review_id": "7761360",
    "movie_id": "30138"
  },
  {
    "review": "감독 수준 나오는 영화",
    "date": "13.07.19",
    "rating": "1",
    "author": "sala****",
    "review_id": "7760179",
    "movie_id": "30138"
  },
  {
    "review": "너무 저예산으로 만들어서 그런가 만들다 만 영화가되어 버렸다.",
    "date": "13.04.14",
    "rating": "5",
    "author": "a109****",
    "review_id": "7458271",
    "movie_id": "30138"
  },
  {
    "review": "이런, 넌 그냥 커피도 아니구나? ...",
    "date": "12.07.07",
    "rating": "1",
    "author": "sher****",
    "review_id": "6452335",
    "movie_id": "30138"
  },
  {
    "review": "너무 판에 박힌 영화들만 봐서 그런지 몰라도 색다른 재미가 있었네요~일본보다 낫다",
    "date": "12.06.21",
    "rating": "10",
    "author": "yoos****",
    "review_id": "6405833",
    "movie_id": "30138"
  },
  {
    "review": "오죽하면 sf,코미디,공포,판타지라는 장르에 모두 포함된다고 분류를 해놨을까...",
    "date": "12.06.12",
    "rating": "1",
    "author": "shin****",
    "review_id": "6386968",
    "movie_id": "30138"
  },
  {
    "review": "마음의 병있는 섬나라 영화보는 기분. 저놈의 세라복ㅋㅋ",
    "date": "12.06.02",
    "rating": "1",
    "author": "boon****",
    "review_id": "6357934",
    "movie_id": "30138"
  },
  {
    "review": "돈쓸곳이 그렇게 없나? 그돈으로 불우이웃이나 돕지 으이구",
    "date": "12.01.27",
    "rating": "1",
    "author": "love****",
    "review_id": "6025918",
    "movie_id": "30138"
  },
  {
    "review": "철남의 모방작을 벗어나지 못한 시도.",
    "date": "10.11.20",
    "rating": "4",
    "author": "void****",
    "review_id": "4973635",
    "movie_id": "30138"
  },
  {
    "review": "B급무비 좋아하면 추천",
    "date": "10.06.04",
    "rating": "8",
    "author": "pers****",
    "review_id": "4545048",
    "movie_id": "30138"
  },
  {
    "review": "레어템을 넘어서 유니크템으로 인정받을 영화..",
    "date": "09.09.16",
    "rating": "3",
    "author": "imf0****",
    "review_id": "3834995",
    "movie_id": "30138"
  },
  {
    "review": "꼭 이따구로밖에 표현을 못하나? 의도는 알겠는데 좀 짜증난다.",
    "date": "09.09.12",
    "rating": "1",
    "author": "dkfm****",
    "review_id": "3826973",
    "movie_id": "30138"
  },
  {
    "review": "이런 대박영화를~ 나만 보기 아까워... 모두에게 적극 추천합시다~ 썅....",
    "date": "09.08.05",
    "rating": "10",
    "author": "5050****",
    "review_id": "3711620",
    "movie_id": "30138"
  },
  {
    "review": "그냥 굳임 ..",
    "date": "08.06.19",
    "rating": "10",
    "author": "wlsg****",
    "review_id": "2707869",
    "movie_id": "30138"
  },
  {
    "review": "이 영화만의 색깔이 아주 강한 인디영화. 독백 장면 소름끼친다.",
    "date": "08.04.02",
    "rating": "10",
    "author": "avri****",
    "review_id": "2553947",
    "movie_id": "30138"
  },
  {
    "review": "정말 회괴한 영화라고 할까",
    "date": "07.10.13",
    "rating": "4",
    "author": "deff****",
    "review_id": "2087081",
    "movie_id": "30138"
  },
  {
    "review": "감독 무슨 생각으로 만든거야?선생의 살려달? 이대사만 남는다.어처구니..",
    "date": "07.05.08",
    "rating": "1",
    "author": "gksd****",
    "review_id": "1628011",
    "movie_id": "30138"
  },
  {
    "review": "10대 22퍼센트 뭐야",
    "date": "07.01.17",
    "rating": "1",
    "author": "rlad****",
    "review_id": "1392677",
    "movie_id": "30138"
  },
  {
    "review": "전통적인 일본 매니아적 에니메이션을 보는 듯한 느낌",
    "date": "07.01.03",
    "rating": "8",
    "author": "yeup****",
    "review_id": "1353320",
    "movie_id": "30138"
  },
  {
    "review": "정말 최고..",
    "date": "06.11.02",
    "rating": "10",
    "author": "suns****",
    "review_id": "1210940",
    "movie_id": "30138"
  },
  {
    "review": "괜찮은 영화!!!",
    "date": "06.10.22",
    "rating": "10",
    "author": "scri****",
    "review_id": "1193523",
    "movie_id": "30138"
  },
  {
    "review": "있어보이는척 하고싶은 사람들은 평점 10점을 주세요",
    "date": "06.09.14",
    "rating": "10",
    "author": "psyt****",
    "review_id": "1121445",
    "movie_id": "30138"
  },
  {
    "review": "0점 없어서 걍 1점,,,완전 OOO다!!!최악!!!!",
    "date": "06.09.01",
    "rating": "1",
    "author": "zgdi****",
    "review_id": "1093395",
    "movie_id": "30138"
  },
  {
    "review": "이건 최고다....",
    "date": "06.08.15",
    "rating": "10",
    "author": "xoru****",
    "review_id": "1032633",
    "movie_id": "30138"
  },
  {
    "review": "우리나라에선 잘 볼 수 없는 특색있는 영화;;;;;",
    "date": "06.07.09",
    "rating": "7",
    "author": "reki****",
    "review_id": "879670",
    "movie_id": "30138"
  },
  {
    "review": "스타일의 과잉! 전달하려는 메시지를 난해하게 풀어나갔다!",
    "date": "06.06.11",
    "rating": "5",
    "author": "linu****",
    "review_id": "839726",
    "movie_id": "30138"
  },
  {
    "review": "짜집기만으로도 영화를 만들 수 있음을 보여주는 사례.",
    "date": "06.06.08",
    "rating": "1",
    "author": "godc****",
    "review_id": "836276",
    "movie_id": "30138"
  },
  {
    "review": "졸라 쓰레기같은 저질작품!!!",
    "date": "06.05.21",
    "rating": "1",
    "author": "merm****",
    "review_id": "810951",
    "movie_id": "30138"
  },
  {
    "review": "재기발랄은 개뿔.",
    "date": "06.05.20",
    "rating": "2",
    "author": "damu****",
    "review_id": "808551",
    "movie_id": "30138"
  },
  {
    "review": "아직은 낯선 컬트식 영화. 사운드가 가슴에 와 닿는...",
    "date": "06.04.13",
    "rating": "10",
    "author": "bsyb****",
    "review_id": "759868",
    "movie_id": "30138"
  },
  {
    "review": "이런것도 있었구나..",
    "date": "06.02.03",
    "rating": "6",
    "author": "quai****",
    "review_id": "644652",
    "movie_id": "30138"
  },
  {
    "review": "어디서 이 영화를 볼수 있쬬?",
    "date": "05.08.26",
    "rating": "10",
    "author": "redv****",
    "review_id": "384044",
    "movie_id": "30138"
  },
  {
    "review": "호기심으로 본 영화. 시종일관 조잡함과 엉성함이 가득하다.",
    "date": "05.07.23",
    "rating": "1",
    "author": "dbsw****",
    "review_id": "331453",
    "movie_id": "30138"
  },
  {
    "review": "형식 실험",
    "date": "05.01.22",
    "rating": "3",
    "author": "ssun****",
    "review_id": "192917",
    "movie_id": "30138"
  },
  {
    "review": "밑에분따라서 그냥 해야지.ㅋ",
    "date": "04.09.01",
    "rating": "1",
    "author": "sala****",
    "review_id": "101040",
    "movie_id": "30138"
  },
  {
    "review": "제목 개같고 내용 개같고 ^^;;",
    "date": "04.09.01",
    "rating": "1",
    "author": "ays9****",
    "review_id": "101038",
    "movie_id": "30138"
  },
  {
    "review": "어린아이도 쉽게 이러한 제목을 볼수 있다는것 자체가 문제다",
    "date": "04.08.10",
    "rating": "10",
    "author": "john****",
    "review_id": "87948",
    "movie_id": "30138"
  },
  {
    "review": "제목은 흥미있지만 메시지가 분명치 않은 영화.",
    "date": "04.07.24",
    "rating": "4",
    "author": "bo0w****",
    "review_id": "75797",
    "movie_id": "30138"
  },
  {
    "review": "왜 별점에는 0점이 없는 것인지 궁금하게 만드는 영화",
    "date": "04.07.15",
    "rating": "1",
    "author": "sads****",
    "review_id": "70992",
    "movie_id": "30138"
  },
  {
    "review": "제목외에는 기억에 남지않는 영화",
    "date": "04.05.28",
    "rating": "1",
    "author": "sona****",
    "review_id": "46862",
    "movie_id": "30138"
  }
]