[
  {
    "review": "의리만 가지고 10점은 줄수없다!!",
    "date": "14.06.26",
    "rating": "1",
    "author": "ske4****",
    "review_id": "8857400",
    "movie_id": "30146"
  },
  {
    "review": "의리!",
    "date": "13.03.25",
    "rating": "10",
    "author": "kkk1****",
    "review_id": "7410024",
    "movie_id": "30146"
  },
  {
    "review": "ㅋㅋ 전문가평점 뭐밍? 네이버야 입력이 잘못되었잖아. 헐리우드 아티스트랑 ㅋ",
    "date": "12.04.02",
    "rating": "5",
    "author": "kyei****",
    "review_id": "6187415",
    "movie_id": "30146"
  },
  {
    "review": "그냥그래요",
    "date": "12.03.08",
    "rating": "6",
    "author": "rain****",
    "review_id": "6130471",
    "movie_id": "30146"
  },
  {
    "review": "이런 졸속 3류가 포스터엔 배짱좋게도 <텔미썸씽>의 후계자라신다",
    "date": "11.01.29",
    "rating": "2",
    "author": "gall****",
    "review_id": "5194001",
    "movie_id": "30146"
  },
  {
    "review": "집착 - 아티스트",
    "date": "09.02.12",
    "rating": "10",
    "author": "wood****",
    "review_id": "3295863",
    "movie_id": "30146"
  },
  {
    "review": "ㅋㅋㅋㅋㅋ그냥 떨주고싶어서",
    "date": "09.01.19",
    "rating": "1",
    "author": "qpoo****",
    "review_id": "3233112",
    "movie_id": "30146"
  },
  {
    "review": "생각보단 재미있었고  또  옛 스타가나오는걸보고 감회가 세로웠다^^",
    "date": "08.07.29",
    "rating": "10",
    "author": "supu****",
    "review_id": "2814281",
    "movie_id": "30146"
  }
]