[
  {
    "review": "의외로 재미있는 영화.. 정말",
    "date": "14.03.24",
    "rating": "10",
    "author": "khsu****",
    "review_id": "8604350",
    "movie_id": "30170"
  },
  {
    "review": "이렇게 사랑할수도 있구나.",
    "date": "13.08.07",
    "rating": "10",
    "author": "lafo****",
    "review_id": "7856400",
    "movie_id": "30170"
  },
  {
    "review": "기대 이상의 감동과 사랑과 삶에 대해 다시한번 생각하게 만든 아름다운 영화였다",
    "date": "12.01.21",
    "rating": "10",
    "author": "dusd****",
    "review_id": "6004579",
    "movie_id": "30170"
  },
  {
    "review": "이건 절제할 수 없는 욕망의 분출이 아닌, 무책임과 길거리의 개만도 못한 발정 수준",
    "date": "11.12.26",
    "rating": "2",
    "author": "sioh****",
    "review_id": "5938601",
    "movie_id": "30170"
  },
  {
    "review": "공감을 하거나 못하거나  노출씬은 꽤 야했던 기억",
    "date": "11.12.25",
    "rating": "3",
    "author": "gall****",
    "review_id": "5933272",
    "movie_id": "30170"
  },
  {
    "review": "그럴듯하게 뭔가를 담아내려하지만 전혀 와닿지 않는 영화....뭐지?",
    "date": "11.12.20",
    "rating": "2",
    "author": "swlo****",
    "review_id": "5917937",
    "movie_id": "30170"
  },
  {
    "review": "인간3대욕구인 성욕을 잘표현했음..",
    "date": "11.12.07",
    "rating": "10",
    "author": "2001****",
    "review_id": "5892672",
    "movie_id": "30170"
  },
  {
    "review": "지금까지 본 영화 중 최고!!!",
    "date": "11.11.08",
    "rating": "10",
    "author": "riot****",
    "review_id": "5836350",
    "movie_id": "30170"
  },
  {
    "review": "문화적 이질감... 단지 여유로운 타국 생활의 동경을 일으킬 정도...",
    "date": "10.01.10",
    "rating": "4",
    "author": "timh****",
    "review_id": "4154245",
    "movie_id": "30170"
  },
  {
    "review": "이영화를보고........나의머릿속에서주인공의눈동자가떠나질않았다....",
    "date": "09.04.09",
    "rating": "10",
    "author": "beks****",
    "review_id": "3412831",
    "movie_id": "30170"
  },
  {
    "review": "외로움 공허함 그리고 사랑",
    "date": "09.03.15",
    "rating": "10",
    "author": "femm****",
    "review_id": "3367811",
    "movie_id": "30170"
  },
  {
    "review": "절제된 표현속에 사랑과 성의 함수를 멋지게 담아낸 수작",
    "date": "08.10.30",
    "rating": "10",
    "author": "crys****",
    "review_id": "3026513",
    "movie_id": "30170"
  },
  {
    "review": "OOOO영화 ;",
    "date": "08.08.13",
    "rating": "2",
    "author": "wjdt****",
    "review_id": "2868763",
    "movie_id": "30170"
  },
  {
    "review": "사랑과 se 를 고찰하는 20대에게 추천.. 평점이 진짜 낮다, 좋은영화",
    "date": "07.11.25",
    "rating": "10",
    "author": "prcj****",
    "review_id": "2183026",
    "movie_id": "30170"
  },
  {
    "review": "사랑을 찾는 방황? 그러나 책임은?? 너무 보수적인가 난??",
    "date": "07.11.02",
    "rating": "6",
    "author": "jeeb****",
    "review_id": "2128735",
    "movie_id": "30170"
  },
  {
    "review": "진짜 영화다  !  형 뭔가 짠한게 밀려왔다",
    "date": "07.06.06",
    "rating": "10",
    "author": "choj****",
    "review_id": "1684207",
    "movie_id": "30170"
  },
  {
    "review": "섹스, 혹은 사랑과 공허... 완전히 공감할 순 없지만, 좋은 영화!",
    "date": "07.02.23",
    "rating": "7",
    "author": "caca****",
    "review_id": "1494883",
    "movie_id": "30170"
  },
  {
    "review": "뭔가 생각하게 하는",
    "date": "07.01.22",
    "rating": "8",
    "author": "zeed****",
    "review_id": "1404262",
    "movie_id": "30170"
  },
  {
    "review": "졸업작품. 어머니의 죽음의 의미는? 해석불능의 영화.",
    "date": "07.01.03",
    "rating": "1",
    "author": "high****",
    "review_id": "1352703",
    "movie_id": "30170"
  },
  {
    "review": "문화적 차이크지만,독립적인 사고방식 좋아보이는건...",
    "date": "06.12.04",
    "rating": "10",
    "author": "zard****",
    "review_id": "1266608",
    "movie_id": "30170"
  },
  {
    "review": "볼수록 곱씹어볼만한 영화. 방황하는 영혼이 정착할 곳은...",
    "date": "06.08.16",
    "rating": "9",
    "author": "kimd****",
    "review_id": "1038803",
    "movie_id": "30170"
  },
  {
    "review": "뭐라고 설명할순없지만 나에겐 좋았다...",
    "date": "06.08.02",
    "rating": "10",
    "author": "hico****",
    "review_id": "955722",
    "movie_id": "30170"
  },
  {
    "review": "메끄럽지않고 뭔가불편한 영활좋아하는 나에겐...최선의 선택,",
    "date": "06.06.12",
    "rating": "10",
    "author": "hada****",
    "review_id": "842361",
    "movie_id": "30170"
  },
  {
    "review": "사랑과 욕망사이에서 방황하는 청춘보고서..느낌이 좋다.",
    "date": "06.01.05",
    "rating": "10",
    "author": "spri****",
    "review_id": "562033",
    "movie_id": "30170"
  },
  {
    "review": "재밌는 영화예요.  마지막 결말보고 찬바람이 쏴~~~아...",
    "date": "05.10.03",
    "rating": "9",
    "author": "jihu****",
    "review_id": "431676",
    "movie_id": "30170"
  },
  {
    "review": "좋은 영환데 평점 너무 낮네요.",
    "date": "05.09.19",
    "rating": "10",
    "author": "choi****",
    "review_id": "411074",
    "movie_id": "30170"
  },
  {
    "review": "결말이 죽여줌",
    "date": "05.07.28",
    "rating": "10",
    "author": "lipr****",
    "review_id": "337514",
    "movie_id": "30170"
  },
  {
    "review": "남 주인공 아주 욕망이 솟구쳐 오르는듯..-_-",
    "date": "05.01.15",
    "rating": "4",
    "author": "penn****",
    "review_id": "186168",
    "movie_id": "30170"
  },
  {
    "review": "생각은 하게 하지만 문화적 차이가 큼",
    "date": "04.05.31",
    "rating": "5",
    "author": "eldw****",
    "review_id": "47886",
    "movie_id": "30170"
  },
  {
    "review": "보고나서 그다지 기분이 좋지는 않았음...ㅡㅡ",
    "date": "04.04.29",
    "rating": "6",
    "author": "spri****",
    "review_id": "39894",
    "movie_id": "30170"
  },
  {
    "review": "최고 중의 최고!!",
    "date": "04.04.03",
    "rating": "10",
    "author": "youn****",
    "review_id": "33390",
    "movie_id": "30170"
  },
  {
    "review": "남자주인공이 멋졌음. 그거밖에 생각이 안남.",
    "date": "04.03.24",
    "rating": "2",
    "author": "vvis****",
    "review_id": "31259",
    "movie_id": "30170"
  },
  {
    "review": "영 아니네요..",
    "date": "04.03.23",
    "rating": "1",
    "author": "krok****",
    "review_id": "31039",
    "movie_id": "30170"
  }
]