[
  {
    "review": "실제성격도 더럽기로  소문났던 할마탕구 배역 제대로 찾아갔네",
    "date": "15.06.25",
    "rating": "6",
    "author": "kan3****",
    "review_id": "10033802",
    "movie_id": "30219"
  },
  {
    "review": "삐뚤어진 질투심, 자식 교육의 중요성, 혐오스럽고 불쌍한 연기의 최고치",
    "date": "12.10.06",
    "rating": "8",
    "author": "bbq2****",
    "review_id": "6766897",
    "movie_id": "30219"
  },
  {
    "review": "더이상 아름답지 않은 나이에 남긴 베티데이비스 최고의 영화",
    "date": "12.06.14",
    "rating": "10",
    "author": "moon****",
    "review_id": "6389661",
    "movie_id": "30219"
  },
  {
    "review": "shocking",
    "date": "12.02.22",
    "rating": "10",
    "author": "sury****",
    "review_id": "6096496",
    "movie_id": "30219"
  },
  {
    "review": "이상성격은 동서고금을 막론하고 흥미진진한 소재 ㅋㅋ",
    "date": "12.02.21",
    "rating": "9",
    "author": "rose****",
    "review_id": "6092042",
    "movie_id": "30219"
  },
  {
    "review": "베티 데이비스와 조안크로포드. 당대 실제로 라이벌관계였다던데 그래서 더실감났던것같네요.",
    "date": "12.02.20",
    "rating": "8",
    "author": "mari****",
    "review_id": "6089821",
    "movie_id": "30219"
  },
  {
    "review": "나에겐 묘한 추억이있어서 비디오도 소장중.... 지금보면 재미는그닥없지만.추억영화",
    "date": "11.12.27",
    "rating": "10",
    "author": "boke****",
    "review_id": "5939265",
    "movie_id": "30219"
  },
  {
    "review": "구관이 명관.",
    "date": "10.06.10",
    "rating": "7",
    "author": "evil****",
    "review_id": "4557617",
    "movie_id": "30219"
  },
  {
    "review": "고상한 헐리우드 고전영화가 이렇게 강렬한 영상을 보여줄거라고는..",
    "date": "10.02.16",
    "rating": "9",
    "author": "bitt****",
    "review_id": "4288143",
    "movie_id": "30219"
  },
  {
    "review": "너무 기대를 해서인지, 별로였다. 약간 평범하기도하고.. 연기력은 좋았다.",
    "date": "09.04.19",
    "rating": "7",
    "author": "pola****",
    "review_id": "3428531",
    "movie_id": "30219"
  },
  {
    "review": "항상 블랜치 에게 맛있는 저녁을 차려주는 제인 ㅋㅋ",
    "date": "08.12.28",
    "rating": "10",
    "author": "apri****",
    "review_id": "3161640",
    "movie_id": "30219"
  },
  {
    "review": "소름끼치도록 전율스런 연기를 선보이는 두명의 전설적인 여배우들에 경의를...",
    "date": "08.08.13",
    "rating": "10",
    "author": "movi****",
    "review_id": "2866474",
    "movie_id": "30219"
  },
  {
    "review": "베티 데이비스의 연기를 빼놓고는 이 영화를 말할 수 없다.",
    "date": "08.07.01",
    "rating": "7",
    "author": "hadl****",
    "review_id": "2733603",
    "movie_id": "30219"
  },
  {
    "review": "꿈에 베티데이비스가 나왔다 ㄷㄷㄷㄷㄷ",
    "date": "07.12.20",
    "rating": "10",
    "author": "cjdc****",
    "review_id": "2249477",
    "movie_id": "30219"
  },
  {
    "review": "라스트에서 선셋대로를 연상케한다, 영화의 몰입도는 연기력이좌우하는듯...",
    "date": "07.08.09",
    "rating": "10",
    "author": "bebe****",
    "review_id": "1908595",
    "movie_id": "30219"
  },
  {
    "review": "고대유물같은그녀가미져리같은광기와선셋대로같은결말을보여준다",
    "date": "07.02.10",
    "rating": "10",
    "author": "k641****",
    "review_id": "1458597",
    "movie_id": "30219"
  },
  {
    "review": "아찔했던.",
    "date": "06.12.26",
    "rating": "10",
    "author": "dbgk****",
    "review_id": "1330057",
    "movie_id": "30219"
  },
  {
    "review": "罪人 이 아닌 제인..  그녀에게.. 경배를..",
    "date": "06.12.25",
    "rating": "10",
    "author": "cree****",
    "review_id": "1322989",
    "movie_id": "30219"
  },
  {
    "review": "앙상블!",
    "date": "06.09.23",
    "rating": "8",
    "author": "ditt****",
    "review_id": "1137711",
    "movie_id": "30219"
  },
  {
    "review": "미저리 비슷한 재밌다",
    "date": "05.08.14",
    "rating": "5",
    "author": "okjo****",
    "review_id": "367003",
    "movie_id": "30219"
  },
  {
    "review": "베티 데이비스의 부릅 뜬 눈- 무섭거나 혹은 가엽거나.",
    "date": "05.03.10",
    "rating": "9",
    "author": "m60d****",
    "review_id": "237996",
    "movie_id": "30219"
  },
  {
    "review": "정말 괜찮은 영화.. 연기력 excellent!!!!",
    "date": "04.11.29",
    "rating": "9",
    "author": "jwpo****",
    "review_id": "154139",
    "movie_id": "30219"
  },
  {
    "review": "전 이 영화 주천할래요ㅜㅜ마지막 인상적..",
    "date": "04.08.26",
    "rating": "10",
    "author": "gree****",
    "review_id": "97371",
    "movie_id": "30219"
  },
  {
    "review": "베티의 연기력에 박수를...끔찍한 연기력-_-;;",
    "date": "04.06.21",
    "rating": "9",
    "author": "zinu****",
    "review_id": "58533",
    "movie_id": "30219"
  }
]