[
  {
    "review": "체계를 전복시키는 그들의 퍼포먼스",
    "date": "14.10.03",
    "rating": "6",
    "author": "setm****",
    "review_id": "9257773",
    "movie_id": "30245"
  },
  {
    "review": "연출, 배우들의 연기 앙상블이 최고인 유쾌한 영화",
    "date": "05.09.14",
    "rating": "9",
    "author": "into****",
    "review_id": "405222",
    "movie_id": "30245"
  },
  {
    "review": "이런 영화를 찾고 있었고 만들고 싶어지네요 정말 재미있습니다",
    "date": "05.06.19",
    "rating": "10",
    "author": "seoj****",
    "review_id": "302517",
    "movie_id": "30245"
  }
]