[
  {
    "review": "세븐틴도 이정도는 아니었다",
    "date": "15.05.25",
    "rating": "10",
    "author": "moon****",
    "review_id": "9948985",
    "movie_id": "30275"
  },
  {
    "review": "발연기의 시대라고 해도 과언",
    "date": "15.05.06",
    "rating": "1",
    "author": "woos****",
    "review_id": "9899653",
    "movie_id": "30275"
  },
  {
    "review": "시대를 앞서갔어요 최고 ㅋㅋㅋ",
    "date": "15.04.28",
    "rating": "10",
    "author": "cuty****",
    "review_id": "9876748",
    "movie_id": "30275"
  },
  {
    "review": "안습의 끝이닼ㅋㅋ 너무 시대를 앞서가셨넿ㅎ",
    "date": "15.02.14",
    "rating": "1",
    "author": "lee0****",
    "review_id": "9696270",
    "movie_id": "30275"
  },
  {
    "review": "난 감독이 궁금해서 들어왔다",
    "date": "15.02.09",
    "rating": "1",
    "author": "kihw****",
    "review_id": "9683436",
    "movie_id": "30275"
  },
  {
    "review": "국내의 3D영화가 개봉된지 32년이나 지난 작품입니다. 별로 긴 시간으로 상영하는 건 아니지만 멋져서 10점 드리겠습니다(저 남자입니다... HOT가 멋진게 아닙니다).",
    "date": "15.01.30",
    "rating": "10",
    "author": "dora****",
    "review_id": "9651372",
    "movie_id": "30275"
  },
  {
    "review": "여기서 다나도 출연은 했엇지만.. 당시 쪼팔림 흑역사인 모습이여선가 사진지워달라 요청한 설이..ㅋㅋㅋ",
    "date": "14.12.05",
    "rating": "1",
    "author": "munc****",
    "review_id": "9447972",
    "movie_id": "30275"
  },
  {
    "review": "멤버들 다 모여서 이 영화 상영회 개최해줬으면....",
    "date": "14.11.24",
    "rating": "1",
    "author": "kkis****",
    "review_id": "9418619",
    "movie_id": "30275"
  },
  {
    "review": "이 영화 평점 분포가...1점아니면 10점 취향 호불호는 있지만....개인적으로는 클레맨타인이 낫다고 봅니다",
    "date": "14.11.22",
    "rating": "10",
    "author": "brea****",
    "review_id": "9410857",
    "movie_id": "30275"
  },
  {
    "review": "이영화보고 암이낳았습니다",
    "date": "14.11.13",
    "rating": "10",
    "author": "nett****",
    "review_id": "9378009",
    "movie_id": "30275"
  },
  {
    "review": "아주공감해요^ ^ㅎㅎㅎ",
    "date": "14.10.03",
    "rating": "1",
    "author": "jang****",
    "review_id": "9259346",
    "movie_id": "30275"
  },
  {
    "review": "내 마음의 평화도 좀 지켜주지",
    "date": "14.09.14",
    "rating": "10",
    "author": "ilio****",
    "review_id": "9213033",
    "movie_id": "30275"
  },
  {
    "review": "최고다...지구의 평화",
    "date": "14.08.20",
    "rating": "1",
    "author": "koga****",
    "review_id": "9114390",
    "movie_id": "30275"
  },
  {
    "review": "dvd도없고 티비에도안나오고 같이나온다이너소어랑 클라스차이봐라 hot는좋은데 영화내용하고영화시간이너무..",
    "date": "14.06.13",
    "rating": "3",
    "author": "tjdw****",
    "review_id": "8826094",
    "movie_id": "30275"
  },
  {
    "review": "엄청난 영화 세기의 영화 국내 3D의 시초",
    "date": "14.06.09",
    "rating": "10",
    "author": "witm****",
    "review_id": "8815531",
    "movie_id": "30275"
  },
  {
    "review": "이원석 감독님의 암흑역사 ㅋㅋㅋ... 활동 작품에 절대 않넣는다는 후문 ㅋㅋ",
    "date": "14.05.26",
    "rating": "2",
    "author": "kimc****",
    "review_id": "8768462",
    "movie_id": "30275"
  },
  {
    "review": "생각보다 재밌네요^^",
    "date": "14.03.24",
    "rating": "10",
    "author": "ende****",
    "review_id": "8603865",
    "movie_id": "30275"
  },
  {
    "review": "이래서 연예인들은 하나쯤의 흑역사를 가지고 있는것이다 .",
    "date": "14.02.14",
    "rating": "10",
    "author": "alsw****",
    "review_id": "8505562",
    "movie_id": "30275"
  },
  {
    "review": "이게뭐여ㅋㅋㅋ포토만봐도 오글거려",
    "date": "14.02.04",
    "rating": "3",
    "author": "dnpv****",
    "review_id": "8473010",
    "movie_id": "30275"
  },
  {
    "review": "이당시에 3D 영화를 찍었다는 것 만으로도 별다섯개..ㅋㅋ",
    "date": "14.01.21",
    "rating": "10",
    "author": "heej****",
    "review_id": "8406395",
    "movie_id": "30275"
  },
  {
    "review": "sm 아 제발좀 영화를 다운받을있게 수  해주세요...ㅠㅠ 아님 DVD 로 판매할수 있게 해주세요  그렇게않하면 sm, sm c&c 를 다 저주할거야ㅠㅠㅠ",
    "date": "13.11.26",
    "rating": "6",
    "author": "akoe****",
    "review_id": "8170220",
    "movie_id": "30275"
  },
  {
    "review": "보지도 못한 사람들이 왜.평점달지? 그나저나 이게 있다는게 신기하넹ㅋ 30분짜리영화 돈 다주고 봤었는데ㅋㅋ",
    "date": "13.10.20",
    "rating": "10",
    "author": "jee9****",
    "review_id": "8074791",
    "movie_id": "30275"
  },
  {
    "review": "에쵸티 전사에 다나 공주..으하하하~",
    "date": "13.10.18",
    "rating": "2",
    "author": "pont****",
    "review_id": "8067223",
    "movie_id": "30275"
  },
  {
    "review": "추억ㅋㅋㅋ",
    "date": "13.07.30",
    "rating": "10",
    "author": "supe****",
    "review_id": "7800865",
    "movie_id": "30275"
  },
  {
    "review": "OO..정이 뭔지..ㅉㅉ",
    "date": "13.07.22",
    "rating": "10",
    "author": "llsi****",
    "review_id": "7773614",
    "movie_id": "30275"
  },
  {
    "review": "그냥 빵 터졌다 ㅋㅋㅋㅋㅋㅋㅋㅋㅋㅋㅋㅋㅋㅋㅋㅋㅋㅋㅋㅋㅋㅋㅋㅋㅋㅋ",
    "date": "13.07.13",
    "rating": "1",
    "author": "arti****",
    "review_id": "7736383",
    "movie_id": "30275"
  },
  {
    "review": "사람들은 모른다..이 영화가 단지 시대를 앞서가서 그런 것 뿐이라는 것을....",
    "date": "13.05.15",
    "rating": "1",
    "author": "heal****",
    "review_id": "7528613",
    "movie_id": "30275"
  },
  {
    "review": "28분은 이 영화의 진리를 이해하기엔 부족하다.",
    "date": "13.04.27",
    "rating": "1",
    "author": "ajtw****",
    "review_id": "7485928",
    "movie_id": "30275"
  },
  {
    "review": "디지탈ㅋㅋㅋㅋㅋ",
    "date": "13.04.17",
    "rating": "1",
    "author": "jinw****",
    "review_id": "7464437",
    "movie_id": "30275"
  },
  {
    "review": "ㅋㅋㅋㅋㅋ   이거 뭐냐 ㅋㅋㅋ",
    "date": "13.03.24",
    "rating": "1",
    "author": "fprh****",
    "review_id": "7405782",
    "movie_id": "30275"
  },
  {
    "review": "으리없게 해체해서 1점",
    "date": "13.03.20",
    "rating": "1",
    "author": "idea****",
    "review_id": "7380475",
    "movie_id": "30275"
  },
  {
    "review": "백터맨 따라햇냐 아님 파워레인저 돼고싶엇냐? 니들머리가 더파격적임 ㅅㅂ",
    "date": "13.02.09",
    "rating": "1",
    "author": "ksm7****",
    "review_id": "7243687",
    "movie_id": "30275"
  },
  {
    "review": "ㅋㅋㅋ",
    "date": "12.12.21",
    "rating": "1",
    "author": "qkvh****",
    "review_id": "7027610",
    "movie_id": "30275"
  },
  {
    "review": "흑역사네 ㅋㅋㅋㅋㅋ",
    "date": "12.12.16",
    "rating": "1",
    "author": "iihm****",
    "review_id": "7008210",
    "movie_id": "30275"
  },
  {
    "review": "전 재미있게 봤는데 ㅋㅋㅋㅋㅋ 오랜만에 보니 감회가 새롭네요 :)",
    "date": "12.11.12",
    "rating": "10",
    "author": "cau4****",
    "review_id": "6882581",
    "movie_id": "30275"
  },
  {
    "review": "포토 죤니웃곀ㅋㅋㅋㅋㅋㅋㅋㅋㅋㅋㅋㅋㅋㅋㅋㅋㅋㅋㅋㅋㅋㅋㅋㅋㅋㅋㅋㅋㅋ",
    "date": "12.11.12",
    "rating": "1",
    "author": "qntj****",
    "review_id": "6881021",
    "movie_id": "30275"
  },
  {
    "review": "추억팔이로 10점 드림....ㅋ",
    "date": "12.10.13",
    "rating": "10",
    "author": "sbve****",
    "review_id": "6794860",
    "movie_id": "30275"
  },
  {
    "review": "추억돋네",
    "date": "12.10.02",
    "rating": "1",
    "author": "lkjh****",
    "review_id": "6752329",
    "movie_id": "30275"
  },
  {
    "review": "쓰레기같은 영화 별 반개도 아깝다",
    "date": "12.09.25",
    "rating": "1",
    "author": "soeu****",
    "review_id": "6731006",
    "movie_id": "30275"
  },
  {
    "review": "국내최초3디다 !   ost너무좋아요  꼭들어보세요",
    "date": "12.08.20",
    "rating": "10",
    "author": "as22****",
    "review_id": "6628978",
    "movie_id": "30275"
  },
  {
    "review": "이건 절대 깔수가 없다....오빠들 사랑해여 ㅋㅋㅋㅋㅋㅋㅋㅋㅋㅋㅋㅋㅋㅋㅋㅋㅋㅋㅋㅋㅋㅋㅋㅋㅋㅋㅋㅋㅋㅋㅋㅋㅋ 아 정말 오로지 팬심으로 별점준다 ㅋㅋㅋㅋㅋㅋㅋㅋㅋ",
    "date": "12.07.20",
    "rating": "10",
    "author": "l456****",
    "review_id": "6501445",
    "movie_id": "30275"
  },
  {
    "review": "정말 환상적인 판타지 영화.",
    "date": "12.06.23",
    "rating": "10",
    "author": "odjs****",
    "review_id": "6410743",
    "movie_id": "30275"
  },
  {
    "review": "아련하다",
    "date": "12.06.03",
    "rating": "10",
    "author": "xhsg****",
    "review_id": "6358954",
    "movie_id": "30275"
  },
  {
    "review": "이런게 바로 지옥에서 막올라온 따끈따끈한필름...팬심으로도 제정신을 유지하기 힘듬",
    "date": "12.05.28",
    "rating": "1",
    "author": "baks****",
    "review_id": "6340671",
    "movie_id": "30275"
  },
  {
    "review": "추억돋네",
    "date": "12.03.24",
    "rating": "1",
    "author": "hk25****",
    "review_id": "6164551",
    "movie_id": "30275"
  },
  {
    "review": "미치겠다 시xㅋㅋㅋㅋㅋㅋㅋㅋㅋㅋㅋㅋㅋㅋㅋㅋㅋㅋㅋㅋㅋㅋㅋㅋㅋㅋㅋㅋㅋㅋㅋㅋㅋ",
    "date": "12.03.22",
    "rating": "10",
    "author": "lcyk****",
    "review_id": "6160637",
    "movie_id": "30275"
  },
  {
    "review": "자타공인 쓰래기영화 ㅋㅋ",
    "date": "12.03.19",
    "rating": "1",
    "author": "8080****",
    "review_id": "6155661",
    "movie_id": "30275"
  },
  {
    "review": "영화 세계의 저 밑바닥 끝을 보여줘서 감사합니다",
    "date": "12.03.19",
    "rating": "1",
    "author": "ghdu****",
    "review_id": "6155410",
    "movie_id": "30275"
  },
  {
    "review": "아련한 2000년 밀레니엄",
    "date": "12.03.19",
    "rating": "10",
    "author": "week****",
    "review_id": "6155033",
    "movie_id": "30275"
  },
  {
    "review": "가족끼리평화의시대를보고우리집에평화시대는사라졌습니다",
    "date": "12.02.19",
    "rating": "10",
    "author": "gusc****",
    "review_id": "6088932",
    "movie_id": "30275"
  },
  {
    "review": "28분짜리 영화라 ㅋㅋㅋㅋㅋ 어디서도 찾아볼 수 없는 진정한 희귀영화",
    "date": "12.02.10",
    "rating": "1",
    "author": "soul****",
    "review_id": "6064509",
    "movie_id": "30275"
  },
  {
    "review": "쓰레기영화에 출연해서 프로답게 연기해준 hot를봐서 1점준다",
    "date": "12.01.24",
    "rating": "1",
    "author": "mun8****",
    "review_id": "6015697",
    "movie_id": "30275"
  },
  {
    "review": "대한민국 대표 3대 영화 : 클레멘타인, 다세포소녀, 평화의시대",
    "date": "12.01.24",
    "rating": "10",
    "author": "kqew****",
    "review_id": "6013416",
    "movie_id": "30275"
  },
  {
    "review": "걍 기획사랑 제작자가 OO이다 이런 영화도 최선을 다해 촬영한 H.O.T.진심으로 존경한다 프로다",
    "date": "12.01.19",
    "rating": "10",
    "author": "rksl****",
    "review_id": "6000769",
    "movie_id": "30275"
  },
  {
    "review": "와 졸라 촌시러워 ~~~~ㅋㅋㅋㅋ",
    "date": "12.01.03",
    "rating": "10",
    "author": "scie****",
    "review_id": "5958041",
    "movie_id": "30275"
  },
  {
    "review": "재미가 없음",
    "date": "11.12.27",
    "rating": "1",
    "author": "shsh****",
    "review_id": "5941225",
    "movie_id": "30275"
  },
  {
    "review": "돈을 어떻게 하면 제일 OO같이 쓰는가를 잘 보여주는 사례.",
    "date": "11.12.26",
    "rating": "1",
    "author": "lata****",
    "review_id": "5937633",
    "movie_id": "30275"
  },
  {
    "review": "아 내눈",
    "date": "11.12.26",
    "rating": "1",
    "author": "iiii****",
    "review_id": "5937092",
    "movie_id": "30275"
  },
  {
    "review": "7광구보다는 나으니 이거 보센",
    "date": "11.12.25",
    "rating": "1",
    "author": "qlal****",
    "review_id": "5932711",
    "movie_id": "30275"
  },
  {
    "review": "이것도 영화인가??",
    "date": "11.12.05",
    "rating": "1",
    "author": "seal****",
    "review_id": "5888198",
    "movie_id": "30275"
  },
  {
    "review": "H.O.T. 빠순이를 위한 영화",
    "date": "11.09.19",
    "rating": "1",
    "author": "ppen****",
    "review_id": "5741291",
    "movie_id": "30275"
  },
  {
    "review": "설명만 듣고도 오그라들어서 미칠것 같다 아옼",
    "date": "11.06.11",
    "rating": "1",
    "author": "ctk9****",
    "review_id": "5476216",
    "movie_id": "30275"
  },
  {
    "review": "H.O.T. 가 나온것만해도 어디냐 ㅋㅋㅋㅋㅋㅋㅋㅋㅋㅋ",
    "date": "11.06.09",
    "rating": "10",
    "author": "mood****",
    "review_id": "5472573",
    "movie_id": "30275"
  },
  {
    "review": "별점이 죄다 1점아님 10점 ㅋㅋㅋ 팬들은 10점주는군",
    "date": "11.06.05",
    "rating": "10",
    "author": "ccoa****",
    "review_id": "5465904",
    "movie_id": "30275"
  },
  {
    "review": "아이재밋어",
    "date": "11.04.17",
    "rating": "10",
    "author": "hn60****",
    "review_id": "5379358",
    "movie_id": "30275"
  },
  {
    "review": "내가 hot였다면 자다가도 벌떡 일어날듯...어휴 챙피해",
    "date": "11.04.15",
    "rating": "1",
    "author": "shin****",
    "review_id": "5375646",
    "movie_id": "30275"
  },
  {
    "review": "희대의 안티명작 영화 ㅋㅋㅋㅋㅋㅋ",
    "date": "11.04.01",
    "rating": "2",
    "author": "sunl****",
    "review_id": "5347078",
    "movie_id": "30275"
  },
  {
    "review": "120억 ㅋㅋㅋㅋㅋㅋㅋㅋㅋㅋㅋ",
    "date": "11.03.21",
    "rating": "1",
    "author": "qnpf****",
    "review_id": "5327554",
    "movie_id": "30275"
  },
  {
    "review": "120억 쏟아부웠는데 디워보다 못함 내용도 OO임",
    "date": "11.03.20",
    "rating": "1",
    "author": "sm79****",
    "review_id": "5324453",
    "movie_id": "30275"
  },
  {
    "review": "백터맨 생각나네 즐거운 추억",
    "date": "11.03.20",
    "rating": "2",
    "author": "aika****",
    "review_id": "5323829",
    "movie_id": "30275"
  },
  {
    "review": "이거 개그영화ㅋㅋㅋㅋ밀레니엄 초특급 스펙타클 언빌리버블 쇼타임!!!",
    "date": "11.03.20",
    "rating": "1",
    "author": "rich****",
    "review_id": "5323562",
    "movie_id": "30275"
  },
  {
    "review": "ㅋㅋㅋㅋㅋㅋㅋㅋㅋㅋㅋㅋㅋㅋ 리플재밌닼",
    "date": "11.02.11",
    "rating": "10",
    "author": "bg19****",
    "review_id": "5235714",
    "movie_id": "30275"
  },
  {
    "review": "ㅋㅋㅋㅋㅋㅋ진심시대를앞서감ㅋㅋㅋㅋㅋ",
    "date": "11.02.03",
    "rating": "10",
    "author": "cyy_****",
    "review_id": "5210672",
    "movie_id": "30275"
  },
  {
    "review": "시대를 앞서간 최고의 영화이다.",
    "date": "11.01.24",
    "rating": "10",
    "author": "wwl2****",
    "review_id": "5180226",
    "movie_id": "30275"
  },
  {
    "review": "이딴건처음본다..;;OOO!",
    "date": "10.11.10",
    "rating": "1",
    "author": "ehrb****",
    "review_id": "4948834",
    "movie_id": "30275"
  },
  {
    "review": "애쵸티! 강타! 입대다!",
    "date": "10.10.07",
    "rating": "10",
    "author": "sayh****",
    "review_id": "4888946",
    "movie_id": "30275"
  },
  {
    "review": "오글오글한 줄거리와 재미.",
    "date": "10.09.12",
    "rating": "3",
    "author": "dnst****",
    "review_id": "4831499",
    "movie_id": "30275"
  },
  {
    "review": "아오 내가이거 가족들이랑 3D로보러갓지ㅋㅋ두번죽기싫어 어쩌거한거아니여 이거 ㅋㅋ",
    "date": "10.08.11",
    "rating": "10",
    "author": "ghrj****",
    "review_id": "4734252",
    "movie_id": "30275"
  },
  {
    "review": "ㅋㅋㅋㅋ 이런건 10점 줘야되요 ㅋㅋㅋ",
    "date": "10.07.31",
    "rating": "10",
    "author": "craz****",
    "review_id": "4691065",
    "movie_id": "30275"
  },
  {
    "review": "감독 정보가 남자라는것을 제외하곤 없다는것이 진정 무섭다......",
    "date": "10.07.02",
    "rating": "1",
    "author": "gkzn****",
    "review_id": "4604330",
    "movie_id": "30275"
  },
  {
    "review": "3D를 정말 잘 활용한 영화. 그에 비하면 아바타는 왜 굳이  3D로 만들었을까,,,ㅡㅡ;",
    "date": "10.02.16",
    "rating": "10",
    "author": "tajo****",
    "review_id": "4290913",
    "movie_id": "30275"
  },
  {
    "review": "이거 어떡해 구할수있는 방법 없음?? ㅠㅠ 보고싶은데",
    "date": "10.02.09",
    "rating": "10",
    "author": "skrl****",
    "review_id": "4264494",
    "movie_id": "30275"
  },
  {
    "review": "아 정말! 3D여서 손뻗으면 잡힐것 같아!! 하면서 미치게 좋아했는데. 챙피하지않아!!",
    "date": "10.01.27",
    "rating": "10",
    "author": "ange****",
    "review_id": "4213981",
    "movie_id": "30275"
  },
  {
    "review": "ㅋㅋㅋㅋㅋㅋㅋ정말이지 그때는 좋았는뎅ㅋㅋㅋ 지금은 손발이 오그라들정도..ㅋㅋㅋ",
    "date": "10.01.20",
    "rating": "10",
    "author": "bwld****",
    "review_id": "4192525",
    "movie_id": "30275"
  },
  {
    "review": "그때는 진짜 재밌게 봣는데 ㅋㅋㅋㅋㅋㅋ오글거린다 ㅋㅋㅋㅋㅋㅋㅋㅋㅋㅋㅋㅋ",
    "date": "10.01.08",
    "rating": "10",
    "author": "hane****",
    "review_id": "4146762",
    "movie_id": "30275"
  },
  {
    "review": "어떻게 이런 끔찍한영화를 내놓았지?",
    "date": "09.12.11",
    "rating": "1",
    "author": "dicl****",
    "review_id": "4035805",
    "movie_id": "30275"
  },
  {
    "review": "에혀....-ㅇ-..",
    "date": "09.10.29",
    "rating": "1",
    "author": "dake****",
    "review_id": "3922937",
    "movie_id": "30275"
  },
  {
    "review": "영화계의 OOO!!",
    "date": "09.10.03",
    "rating": "1",
    "author": "aceh****",
    "review_id": "3869137",
    "movie_id": "30275"
  },
  {
    "review": "궁금해서 본 1人 .. 정말 대박이다.",
    "date": "09.09.20",
    "rating": "1",
    "author": "moir****",
    "review_id": "3840076",
    "movie_id": "30275"
  },
  {
    "review": "읏....; 그래도 H.O.T  FOREVER~!",
    "date": "09.08.17",
    "rating": "10",
    "author": "mato****",
    "review_id": "3759278",
    "movie_id": "30275"
  },
  {
    "review": "왜 정말 어째서 지금와서 부끄러울까 오그라들었어 ㅠㅠㅠㅠㅠㅠㅠ",
    "date": "09.07.21",
    "rating": "10",
    "author": "kyja****",
    "review_id": "3654556",
    "movie_id": "30275"
  },
  {
    "review": "저도 부끄럽습니다ㅋㅋ SM이여 H.O.T. 팔아먹느라 수고했다. 그래도 H.O.T. FOREVER",
    "date": "09.06.19",
    "rating": "1",
    "author": "hiph****",
    "review_id": "3574904",
    "movie_id": "30275"
  },
  {
    "review": "왜 내가 지금 부끄럽지....",
    "date": "09.06.03",
    "rating": "10",
    "author": "jer3****",
    "review_id": "3541841",
    "movie_id": "30275"
  },
  {
    "review": "1점도 주기 아까운 미친 OOO기 똥통  유치한 영화 28분이 뭥미?",
    "date": "09.05.25",
    "rating": "1",
    "author": "lego****",
    "review_id": "3521718",
    "movie_id": "30275"
  },
  {
    "review": "지구를 지켜라",
    "date": "09.01.11",
    "rating": "1",
    "author": "kens****",
    "review_id": "3209728",
    "movie_id": "30275"
  },
  {
    "review": "토니가 이거만 보면 기절할 거 같댔어 찍느라 수고 ㅋㅋㅋ",
    "date": "09.01.06",
    "rating": "10",
    "author": "rock****",
    "review_id": "3197755",
    "movie_id": "30275"
  },
  {
    "review": "정말 감동입니다. 의미있는영화!",
    "date": "08.12.02",
    "rating": "10",
    "author": "kwon****",
    "review_id": "3085897",
    "movie_id": "30275"
  },
  {
    "review": "분명 찍은놈들도 후회하고 있을거다",
    "date": "08.09.21",
    "rating": "1",
    "author": "insa****",
    "review_id": "2961798",
    "movie_id": "30275"
  },
  {
    "review": "HOT 사랑해요",
    "date": "08.09.06",
    "rating": "10",
    "author": "rnjs****",
    "review_id": "2924530",
    "movie_id": "30275"
  },
  {
    "review": "정말 최고라 생각한다...최고의 반전",
    "date": "08.08.24",
    "rating": "10",
    "author": "h2o2****",
    "review_id": "2898491",
    "movie_id": "30275"
  }
]