[
  {
    "review": "영화로만봐도 주인공이 너무 답답하다 놀고먹으려 들다니 친척이 하는말이 맞는말이다 빈둥대지말고 뭐라도하라고",
    "date": "15.08.27",
    "rating": "5",
    "author": "namk****",
    "review_id": "10278187",
    "movie_id": "30270"
  },
  {
    "review": "그 당시 상황을 잘 나타내어주었고 과일사탕이란 소품을 활용하여 끝까지 여운이 남아 재밌었다.하지만 배경이 일본이 억울하게 당한 것처럼 분위기 조성이 되어있어서 그 점이 이 애니메이션의 평점을 깍아내리는 것 같다.",
    "date": "15.08.24",
    "rating": "6",
    "author": "4016****",
    "review_id": "10272103",
    "movie_id": "30270"
  },
  {
    "review": "반일하지 않으면 한국인 아니다. 난 적어도 그렇게 생각한다. 국뽕 타령하는 씨1발년들은 대체 대가리가 있는거야. 국뽕은 쓸데없이 국가의 자존감을 내세우는거고 이건 차원이 다른 역사인식의 문젠데. 알아둬 매국노 새끼들아. 반일하지 않으면 한국인 아니다.",
    "date": "15.08.24",
    "rating": "2",
    "author": "2014****",
    "review_id": "10271394",
    "movie_id": "30270"
  },
  {
    "review": "저영화에서는 자신들이 일으킨 전쟁을 왜곡하려는 의도일까?전쟁을 저영화에나오는 힘없는사람들이 일으켰나?소수에의해 일어난 전쟁에대한 피해를 영화에나오는것처럼 경제적으로 힘든사람들이 다 떠받고사는것인데 역사왜곡하려고 만든영화?다시한번 제대로 생각해보시길",
    "date": "15.08.21",
    "rating": "10",
    "author": "min9****",
    "review_id": "10258630",
    "movie_id": "30270"
  },
  {
    "review": "배경을 조선이나 중국 등으로 했으면 10점 만점준다 왜 일본이야",
    "date": "15.08.21",
    "rating": "1",
    "author": "rlaw****",
    "review_id": "10257126",
    "movie_id": "30270"
  },
  {
    "review": "2차대전 피해자 코스프레 애니 1점도 아깝다. .",
    "date": "15.08.18",
    "rating": "1",
    "author": "yuch****",
    "review_id": "10249776",
    "movie_id": "30270"
  },
  {
    "review": "작품성이 아주 뛰어난 작품이다. 내 인생 최고의 작품이라고 칭해도 과분하지않다. 이 작품은 전쟁의 주범인 일본을 미화시키는 것이 아니라 결국은 전쟁의 피해자들은 민간인이라는 것, 전쟁은 일어나면 안된다는 메세지를 담고 있다.",
    "date": "15.08.17",
    "rating": "10",
    "author": "hys6****",
    "review_id": "10247065",
    "movie_id": "30270"
  },
  {
    "review": "참에매하내요 여기서비추하신 분들은 일본이 자기잘못도 반성 안하면서 마치 피해 국인 모양 감성 팔이로 느껴지는것이고 추천 이신 분은 그래도 전쟁을 어느누구 편을 떠나서 전쟁 자체를 보신분들이고 그냥 차라리다른 피해국이이런애니를만들었더라면 말이 적었을땐대",
    "date": "15.08.17",
    "rating": "5",
    "author": "game****",
    "review_id": "10244190",
    "movie_id": "30270"
  },
  {
    "review": "우리나라에서 나와야 할 이야기를 전범국인 일본놈들이 만들어서 감성팔이하고 있네, 자기네가 전쟁 일으켜서 한국,중국,동남아에 위안부,전쟁포로 등 엄청난 문제를 일으키고 사과는 하지도 않고 있으면서 정말 일본 너무 싫다.",
    "date": "15.08.14",
    "rating": "1",
    "author": "kgin****",
    "review_id": "10228531",
    "movie_id": "30270"
  },
  {
    "review": "이 영화는 오히려 제국주의를 포풍디스합니다 애초에 반딧불의 묘 시점이 2차대전당시 일제에 사는 남매의 시점에서 전쟁을 그려낸거라 생각을 못하는사람이 많네요",
    "date": "15.08.13",
    "rating": "8",
    "author": "byun****",
    "review_id": "10225082",
    "movie_id": "30270"
  },
  {
    "review": "한국에서 이 영화 개봉했다는거 자체가 이상함",
    "date": "15.08.11",
    "rating": "1",
    "author": "kmin****",
    "review_id": "10215584",
    "movie_id": "30270"
  },
  {
    "review": "무고한 민간인은 없다는 말이 있다",
    "date": "15.08.10",
    "rating": "1",
    "author": "shle****",
    "review_id": "10212063",
    "movie_id": "30270"
  },
  {
    "review": "There are no innocent civilians. 전쟁에 무고한 민간인은 없다",
    "date": "15.08.08",
    "rating": "1",
    "author": "rlaw****",
    "review_id": "10202099",
    "movie_id": "30270"
  },
  {
    "review": "위험하지만 아름다운 영화.",
    "date": "15.08.06",
    "rating": "7",
    "author": "bloo****",
    "review_id": "10192750",
    "movie_id": "30270"
  },
  {
    "review": "영화 만들기 전에 운수 좋은 날을 먼저 보렴ㅋㅋㅋㅋ",
    "date": "15.08.05",
    "rating": "1",
    "author": "reds****",
    "review_id": "10189094",
    "movie_id": "30270"
  },
  {
    "review": "이 애니매션 10년전 초등학생때 봣고 성인이 되너 다시한번도 보앗지만 어릴땐 남매의 슬픔이 전해져서 슬펏다 색안경을 쓰지 않는다면 꽤나 잘만들어진 애니메이션이다 일본을 싫어하지만 굳이 옹호자세로 바라볼필요는 없는것 같다",
    "date": "15.08.05",
    "rating": "5",
    "author": "vytl****",
    "review_id": "10185815",
    "movie_id": "30270"
  },
  {
    "review": "아직도 니편 내편 가르기 급급한 댓글보면 니들도 전쟁일으킨 무서운 사람들과 다름없다 세츠코는 일본인이기 이전에 한 인간이었음",
    "date": "15.08.04",
    "rating": "8",
    "author": "dmdr****",
    "review_id": "10183151",
    "movie_id": "30270"
  },
  {
    "review": "동생을 먼저 보낸 아픔을 동생이 없는 사람도 느낄수 있었다.",
    "date": "15.08.03",
    "rating": "10",
    "author": "whtj****",
    "review_id": "10178983",
    "movie_id": "30270"
  },
  {
    "review": "영화는 정말 슬펐다.  그런데 마치 전쟁 피해국인 마냥 만들었는데 화가난다.",
    "date": "15.08.03",
    "rating": "2",
    "author": "adiv****",
    "review_id": "10178299",
    "movie_id": "30270"
  },
  {
    "review": "무고한 아이들과 소시민들의 시선에 포커스를 맞춰 봅시다",
    "date": "15.08.02",
    "rating": "10",
    "author": "tidl****",
    "review_id": "10173073",
    "movie_id": "30270"
  },
  {
    "review": "어렸을때 봤을때 되게 감동적이라고 생각했는데 리뷰보니까 선동되버렸어",
    "date": "15.08.01",
    "rating": "5",
    "author": "jesu****",
    "review_id": "10168357",
    "movie_id": "30270"
  },
  {
    "review": "어린시절 아무것도 모르고 본 영화.. 내용 너무 슬프다. 일본아 착각하지마라 절대 너네가 잘했다고 10점 주는건 아니다. 단지 세이타와 세츠코가 너무나 불쌍하고 안쓰럽기 때문이다. 너네아픈줄 알면 남 아픈것도 좀 생각하자..",
    "date": "15.07.30",
    "rating": "10",
    "author": "shrl****",
    "review_id": "10159457",
    "movie_id": "30270"
  },
  {
    "review": "서정주의 친일시가 미학적으로 뛰어나다고 해서 그 작품을 교과서에 싣고 우리 아이들에게 가르칠 수는 없는 일이 아닌가? 전쟁의 책임은 교묘히 피해가고 가해국이면서도 피해국인  연하는 그 숨은 의도가  괘심타. 그들이 먹는 쌀도 우리에게서 수탈한 것일 터",
    "date": "15.07.29",
    "rating": "1",
    "author": "qfwf****",
    "review_id": "10156186",
    "movie_id": "30270"
  },
  {
    "review": "일반 시민들은 잘못이 없고 불쌍한건 마찬가지다.전쟁의 비극을 잘 표현한 영화다.여기서 불쌍하게 표현되는건 군국주의자나 우익들이 아니라 힘없는 아이들임.물론 배경이 중국이나 동남아 프랑스같은 곳이었으면 좀 더 몰입이 잘됐을 것 같기도 하다.",
    "date": "15.07.27",
    "rating": "10",
    "author": "ppjj****",
    "review_id": "10150317",
    "movie_id": "30270"
  },
  {
    "review": "쪽발이색기들 이영화보고 지들이 피해자인양 코스프레할거 생각하니까 소름돋네",
    "date": "15.07.26",
    "rating": "1",
    "author": "cksg****",
    "review_id": "10146000",
    "movie_id": "30270"
  },
  {
    "review": "잘 만든 영화가 사람의 생각을 바꿀수있습니다.자신들을 피해받은 나라로 묘사하며 역사왜곡을 하는 이영화는 무섭다.순수한 아이들만 희생되었다.일본은 왜 자기자신들이 한짓을 인정하고 사과하려하지않을까",
    "date": "15.07.23",
    "rating": "1",
    "author": "jjj9****",
    "review_id": "10135293",
    "movie_id": "30270"
  },
  {
    "review": "아이들이 불쌍해ㅠㅠㅠ",
    "date": "15.07.22",
    "rating": "10",
    "author": "pink****",
    "review_id": "10130617",
    "movie_id": "30270"
  },
  {
    "review": "피해자 코스프레 하는 영화. 정작 자신들이 역겹다는 것은 왜 모를까?",
    "date": "15.07.22",
    "rating": "1",
    "author": "lesi****",
    "review_id": "10127070",
    "movie_id": "30270"
  },
  {
    "review": "진짜 역사적인거 다빼고 애니메이션 만 보고 판단했을때 지루하다.... 고집스러운 오빠때문에 동생죽은 영화 힘들더라도 숙모에게 갔더라면 동생은 살았을듯",
    "date": "15.07.21",
    "rating": "2",
    "author": "ekff****",
    "review_id": "10126522",
    "movie_id": "30270"
  },
  {
    "review": "일본을 옹호하는 게 아니라 대한민국 인간으로써 정말 댓글 수준보면 상식 이하에 한심하기 짝이 없다. 그냥 그림은 그림으로 평가해라. 정치적인 얘기하지말고. 그렇게 따지면 우리나라가 베트남에서 한 짓을 좀 배우고 또 알고 씨부려라.",
    "date": "15.07.21",
    "rating": "10",
    "author": "aecb****",
    "review_id": "10126328",
    "movie_id": "30270"
  },
  {
    "review": "묻지도 따지지도 않고, 일본 /2차세계대전/ 감동적인이야기 세가지 키워드만 봐도 각 나온다. 당시 상황에 비록침략국이었을지라도 어린아이들은 피해자였을수있다고좋게 생각하려해도 사과없이 오히려 역사를 왜곡하려는 그네들이 만든 영화라니 심히 의도가 의심된다",
    "date": "15.07.13",
    "rating": "1",
    "author": "altk****",
    "review_id": "10100220",
    "movie_id": "30270"
  },
  {
    "review": "영화자체만으론 너무 괜찮은데 가해자가 피해자 코스프레를 하는 영화라서 좋게 볼래야 볼수가 없는영화.",
    "date": "15.07.09",
    "rating": "2",
    "author": "meme****",
    "review_id": "10084816",
    "movie_id": "30270"
  },
  {
    "review": "전쟁을 시작한건 일본 . 그 안에서도 빈부가 극명하게 갈리잖아 서로 돕지 않는거지 살만한 사람들도 나누지않고 거두지 않듯 그건 일본의 모습 .. 죽은 남매는 일본이 짓밟은 한국의 모습. 피해자 코스프레 하지마라 너희가 자초한것이니",
    "date": "15.07.05",
    "rating": "1",
    "author": "dksw****",
    "review_id": "10071204",
    "movie_id": "30270"
  },
  {
    "review": "지금 여기에서 제국주의 라는 사람도 있는데 난 그렇게 생각하지 않는다.왜냐하면 이런 일의 원인은 미군 보다는 그 아줌마 때문이 더 크다.또한 이영화는 제국주의 미화의 모습또한 거의 보이지 않고,특히 아버지가 전사했다는 부분은 일본이 죄값을 치렀다는의미",
    "date": "15.07.05",
    "rating": "10",
    "author": "limk****",
    "review_id": "10070204",
    "movie_id": "30270"
  },
  {
    "review": "조용하고 담담하게 전쟁의 아픔과 반전(反戰)을 이야기한다.  가혹하리 만치  현실적인 결말부에 다다르면 군국주의자들이 외쳤던 '대동아공영'이 얼마나 허망한 구호였는지 알게된다.",
    "date": "15.07.04",
    "rating": "8",
    "author": "behe****",
    "review_id": "10069354",
    "movie_id": "30270"
  },
  {
    "review": "너희들은 영화 자체에 대한 평가를 하는거냐 아니면 역사에 대해 따지러 온거냐 너희들이 한번이라도 저 일에 대해서  발로 뛰어본적은 있나 질문해본다.",
    "date": "15.07.03",
    "rating": "10",
    "author": "wndu****",
    "review_id": "10065867",
    "movie_id": "30270"
  },
  {
    "review": "제국주의 극혐. 고로 1점.",
    "date": "15.06.30",
    "rating": "1",
    "author": "flow****",
    "review_id": "10056080",
    "movie_id": "30270"
  },
  {
    "review": "전쟁 당사자인 미국인들도 한때 좋아하고 즐겨보는 애니였다. 걔내 들도 가만히있는데 왜 한국인들이 꼬투리잡고 설쳐대는건지 이해가 안감.",
    "date": "15.06.28",
    "rating": "10",
    "author": "wltn****",
    "review_id": "10045224",
    "movie_id": "30270"
  },
  {
    "review": "우익단체의 지원을 받았다? 우익단체들이 좋아라하는 내용일수는 있겠다. 그런데 감독도 우익인가? 우익의 메시지를 강렬하게 전달하려 했나? 영화를 보는 내내 일본이 미화되거나 피해자라는 느낌은 전혀 없었다. 오직 어린 두 남매가 전쟁앞에 죽어가는 것 뿐.",
    "date": "15.06.23",
    "rating": "10",
    "author": "oxon****",
    "review_id": "10024801",
    "movie_id": "30270"
  },
  {
    "review": "다 좋은데 피해자 코스프레임?",
    "date": "15.06.22",
    "rating": "4",
    "author": "5688****",
    "review_id": "10022729",
    "movie_id": "30270"
  },
  {
    "review": "이 영화를 만약 일본바탕이 아닌 다른나라 바탕으로 했다면 사람들 반응이 이럴까? 일본이라는 틀에 맞춰 보지말고 전쟁이라는 틀에 맞춰봤으면 좋겠는데",
    "date": "15.06.21",
    "rating": "8",
    "author": "wngu****",
    "review_id": "10018649",
    "movie_id": "30270"
  },
  {
    "review": "때리고 자기는 맞았다고 코스프레하는걸 가만히 두고볼수가 없다니들이 만약에 자기와이프가 여자친구가 여동생이 누님이 어머니가 일본군의 성노리개로 쓰다 버려지는데 사과도없고 99엔(1400원)으로 지금와서 그당시 화폐가치는 그정도라고  보상한 일본기업이나",
    "date": "15.06.21",
    "rating": "1",
    "author": "fprq****",
    "review_id": "10018617",
    "movie_id": "30270"
  },
  {
    "review": "개인적으로 너무 잘만들었고 슬퍼서 아직도 여운이 가시지 않는다. 그리고 영화는 영화로만 보자 미개한넘들아 지금 시대가 어느땐대 애니 하나에 역사감정을 운운하냐. 일본이 싫으면 보질 말던가 못난것들 ㅉ",
    "date": "15.06.17",
    "rating": "10",
    "author": "mgjg****",
    "review_id": "10006429",
    "movie_id": "30270"
  },
  {
    "review": "전쟁의 고통은 지나간 세월에 뭍혀져. 지금 현대사회에 살아가는 이들은 그 고통을 모르며살아가. 그걸 다시 한번 더 일깨워 준 애니메이션이다. 고통을 준 이들이지만 그런 고통을 준 이들중에도 피해자가 있다. 일본미화만이 목적은 아닌듯.",
    "date": "15.06.14",
    "rating": "8",
    "author": "dahe****",
    "review_id": "9999812",
    "movie_id": "30270"
  },
  {
    "review": "전체적인 스토리는 좋았으나, 이게 왜 일본 영화인지싶다.저기나온 사람들을보고 자업자득 이라고 하는거다.",
    "date": "15.06.12",
    "rating": "1",
    "author": "2000****",
    "review_id": "9993373",
    "movie_id": "30270"
  },
  {
    "review": "아니 이사람들 멘발의 겐을 봐도 우익이라 할 사람들이네.이거 내용이 엄연히 반전메세지를 닮고 있구만 어떻게 이게 자신들의 행위에 대한 변명으로 치부하고 평점테러를 하나?",
    "date": "15.06.02",
    "rating": "10",
    "author": "skms****",
    "review_id": "9971115",
    "movie_id": "30270"
  },
  {
    "review": "이 영화는 지도층이 피해자라고 만든 영화가 아닌 민간인들이 겪은 전쟁의 피해를 보여주고 있다. 전쟁의 피해를 겪은 한국도 세츠코와 같은 민간인이고 오히려 이 영화는 지도층의 잔인함을 고발하는 부분이 있는데 굳이 색안경을 끼고 볼 필요는 없다.",
    "date": "15.05.31",
    "rating": "10",
    "author": "alcl****",
    "review_id": "9966089",
    "movie_id": "30270"
  },
  {
    "review": "일본 과거사 이런거 생각안하고 진짜 영화만 봤을때는 명작이네",
    "date": "15.05.28",
    "rating": "10",
    "author": "esg5****",
    "review_id": "9956173",
    "movie_id": "30270"
  },
  {
    "review": "이게 일본이 자신들이 피해자라고 주장하는 영화가 될 수도 있고 전쟁의 참혹함을 알면서 전쟁을 일으킨 일본 윗사람들을 풍자하는 영화일 수도 있는데 무조건 우익이라는 것도 옳지 않고 우익이라고 주장하는 사람들이 해석을 이상하게 한다는 발언도 옳지 않다.",
    "date": "15.05.25",
    "rating": "5",
    "author": "gufl****",
    "review_id": "9949943",
    "movie_id": "30270"
  },
  {
    "review": "전쟁을 일으키는 자들은 소수 권력층들이지 일반시민이 아니거든  그래서 전쟁은 가해자든 피해자든 모두에게 아픔만 준다라는 교훈이다  역사적으로 모든 전쟁은 소수 권력층의 욕망에  일어난 일이다 일반 시민들은 이용만 당할뿐...",
    "date": "15.05.23",
    "rating": "9",
    "author": "gree****",
    "review_id": "9939931",
    "movie_id": "30270"
  },
  {
    "review": "개별로 보기 거북함ㅡㅡ",
    "date": "15.05.22",
    "rating": "1",
    "author": "hbin****",
    "review_id": "9938633",
    "movie_id": "30270"
  },
  {
    "review": "정말 명작이다! 영화자체로만 평가하자! 역사왜곡 들먹이면서 명작을 1점짜리 영화로 깍아내리지좀 마라...그러는 당신들은 애국자인가? 우리나라 역사는 제대로 알고들 계신가? 소고기만 한우먹고, 죄다 수입브랜드 이용하면서 이 영화를 무슨자격으로 논하나..",
    "date": "15.05.22",
    "rating": "10",
    "author": "free****",
    "review_id": "9938463",
    "movie_id": "30270"
  },
  {
    "review": "옛날에는 이 영화가 되게 슬프다고 생각했는데 자업자득이란 깨달았다",
    "date": "15.05.20",
    "rating": "2",
    "author": "dana****",
    "review_id": "9934228",
    "movie_id": "30270"
  },
  {
    "review": "애니메이션 자체는 좋았으나, 이 애니를 전쟁을 일으킨 당사국 일본이 본인들이 피해자라고 내세우는 모습은 보기에 불편하다.",
    "date": "15.05.17",
    "rating": "1",
    "author": "mell****",
    "review_id": "9927098",
    "movie_id": "30270"
  },
  {
    "review": "아베가 이 영화를 좋아하는 이유는?",
    "date": "15.05.17",
    "rating": "4",
    "author": "pont****",
    "review_id": "9924261",
    "movie_id": "30270"
  },
  {
    "review": "ㅋㅋㅋ 이런걸 한국사람이 보며 명작이라고 할만한건지 ㅎㅎ 우리 할아버지 세대도 아니고 우리 부모님 세대가 겪어온 인생에 비하면 천국이네 보면서 하나도 슬픈거 없고 피식 웃네 보급주는게 어딘데 거기다 쌀밥이라니",
    "date": "15.05.16",
    "rating": "1",
    "author": "myen****",
    "review_id": "9923359",
    "movie_id": "30270"
  },
  {
    "review": "전쟁은 참혹하다...",
    "date": "15.05.13",
    "rating": "7",
    "author": "fubu****",
    "review_id": "9914636",
    "movie_id": "30270"
  },
  {
    "review": "서정성에 기대어 진실을 감춘 추악한 영화. 이런 영화로 세상을 향해 징징거리기 전에 당신들이 먼저 해야할 일이 있지 않은가? 역사를 모르는 아주 어린 내가 봤을때는 눈물을 흘렸지만 역사를 아는 내가 봤을때는 이들의 시커먼 의도에 부아가 치미는 영화.",
    "date": "15.05.10",
    "rating": "1",
    "author": "epad****",
    "review_id": "9908845",
    "movie_id": "30270"
  },
  {
    "review": "가슴아픈 이야기. 저 아이들에겐 잘못이 없다. 기득권의 문제일뿐... 작품은 그저 작품으로 보자.",
    "date": "15.04.29",
    "rating": "10",
    "author": "ddan****",
    "review_id": "9876864",
    "movie_id": "30270"
  },
  {
    "review": "전쟁을 일으킨 나라에서 이런 작품을 만들어냈다는 게 아이러니컬하지만. 수채화 같은 배경, 소년과 어린 여동생이 살아가는 이야기는 물질만능의 오늘을 살아가는 내게 잔잔하게 스며든다.",
    "date": "15.04.28",
    "rating": "8",
    "author": "mani****",
    "review_id": "9875456",
    "movie_id": "30270"
  },
  {
    "review": "아니 호구들아 ㅋㅋㅋ 이영화는 전쟁의 안좋은점을 표현하는거다ㅋㅋ 역사왜곡을하는게아니라 ㅋㅋㅋ어디서 애국자인척이야 ㅋ 국경일에 국기도안다는것들이 ㅋㅋ",
    "date": "15.04.25",
    "rating": "8",
    "author": "sod4****",
    "review_id": "9866183",
    "movie_id": "30270"
  },
  {
    "review": "슬프다....ㅠㅠㅠ",
    "date": "15.04.23",
    "rating": "10",
    "author": "gusw****",
    "review_id": "9861047",
    "movie_id": "30270"
  },
  {
    "review": "뜨끈한거 두방 쳐맞더니 좋나 징징대네 ㅋㅋㅋ",
    "date": "15.04.21",
    "rating": "1",
    "author": "lec0****",
    "review_id": "9856028",
    "movie_id": "30270"
  },
  {
    "review": "내용이 충격적일 정도로 슬프다. 근데 역사에 대한 반성도 없이 이런 영화를 만든건 논란이 될 수 밖에 없다.",
    "date": "15.04.20",
    "rating": "7",
    "author": "supe****",
    "review_id": "9853988",
    "movie_id": "30270"
  },
  {
    "review": "지브리 스튜디오 정말 좋아하지만 이영화는 자신들이 역사적으로 모든 것의 피해자인마냥 합리화시킨것밖에 안된다.",
    "date": "15.04.19",
    "rating": "2",
    "author": "kimb****",
    "review_id": "9852254",
    "movie_id": "30270"
  },
  {
    "review": "정말 역겹다 . 감동 이전에 그냥 역겹다",
    "date": "15.04.15",
    "rating": "1",
    "author": "love****",
    "review_id": "9846517",
    "movie_id": "30270"
  },
  {
    "review": "전쟁은 전쟁이고 작품은 정말 훌룡하다  작품 내용으로만 평가해주실..",
    "date": "15.04.09",
    "rating": "10",
    "author": "stkj****",
    "review_id": "9836427",
    "movie_id": "30270"
  },
  {
    "review": "무식한 애국지사들 많네. 그러면서 수입차 타령하고 블랙프라이데이때 밤 지새우고 해외 유명브랜드에 열광들을 하는군. 작품을 제대로 보고 작가가 의도한바를 제대로 파악했다면 그런 말은 않할테지만  쫌 제대로 알고 글을 싸지르던가.",
    "date": "15.04.09",
    "rating": "10",
    "author": "samp****",
    "review_id": "9836266",
    "movie_id": "30270"
  },
  {
    "review": "역사를 잊는것도 문제지만 역사에 목매는것 또한 문제다. 근데 애니는 별로 재미 없었음.",
    "date": "15.04.06",
    "rating": "5",
    "author": "inpo****",
    "review_id": "9831557",
    "movie_id": "30270"
  },
  {
    "review": "근데 갠적으로 슬프게 보긴 했음",
    "date": "15.04.04",
    "rating": "6",
    "author": "1000****",
    "review_id": "9825889",
    "movie_id": "30270"
  },
  {
    "review": "펑펑 울었다.영화로만 봐라 제발 여기서도 일본이 어쩌니마니 궁상맞은 소리하지말고.순수하게 두남매만 봐라",
    "date": "15.03.31",
    "rating": "10",
    "author": "ggog****",
    "review_id": "9817972",
    "movie_id": "30270"
  },
  {
    "review": "자신들의 불행을 자신들이 일으킨 전쟁이 아닌 미국과의 패전에서 찾는데서 이 영화의 의도는 명백하다. 영화를 완성도나 미학적 성취만으로 평가해선 안되는 이유가 여기에 있다.",
    "date": "15.03.26",
    "rating": "1",
    "author": "jisa****",
    "review_id": "9807596",
    "movie_id": "30270"
  },
  {
    "review": "요새 일본 하는 짓 때문에 볼 때 중간중간 피해자 코스프레 아니냐 라는 생각과 그만 볼까 하는 생각이 들었지만 끝까지 보고 나니까 이 영화는 그런 생각을 조금이라도 버리고 봐야할 것 같다.",
    "date": "15.03.24",
    "rating": "9",
    "author": "kims****",
    "review_id": "9803783",
    "movie_id": "30270"
  },
  {
    "review": "니들이 시작한 일이잖아 왜 자기들 피해만 부각시키는지",
    "date": "15.03.18",
    "rating": "5",
    "author": "jssy****",
    "review_id": "9791417",
    "movie_id": "30270"
  },
  {
    "review": "이 영화에서말하는건 전쟁은 누구를위한것인가를 표현한것같은데 일본이피해자라고 잘못이해한사람이 있네;;민간인이 주인공인데 뭔 역사왜곡,우익이야",
    "date": "15.03.13",
    "rating": "10",
    "author": "jhye****",
    "review_id": "9778063",
    "movie_id": "30270"
  },
  {
    "review": "피해자 코스프레 맞다. 저당시 일본 전계층이  제국주의 피바람에 열광하던 광신도들이었다. 더욱이 주인공은 해군장성의 자제다. 전범국 해군장성의 집안도 전쟁의 피해자란거냐?? 주인공이 아버지 원망하면 변명의 여지라도 있지만 마지막까지 대일본제국 타령이다",
    "date": "15.03.11",
    "rating": "1",
    "author": "gwal****",
    "review_id": "9771789",
    "movie_id": "30270"
  },
  {
    "review": "와 뇌문도 한국인들 이걸 어떻게 피해자 코스프레 영화로 해석할까 신기하다",
    "date": "15.03.08",
    "rating": "10",
    "author": "eree****",
    "review_id": "9766827",
    "movie_id": "30270"
  },
  {
    "review": "두 인물을 보아라..  이걸 만든 사람이 우익 일본인이라고 화내지말고 그저 보기만해라 나는 일본의 이상한 역사를  보러온게  아니라 저 형제의  이야기를  보러 온거다.. 작품은 사회를 반영하지만 한 사람 한 사람의  이야기를 담아내는 그릇이다.",
    "date": "15.03.08",
    "rating": "10",
    "author": "gmlt****",
    "review_id": "9764949",
    "movie_id": "30270"
  },
  {
    "review": "전쟁이 없아졌으면 한다. 영화 자체는 좋다 하지만 이영화가 우리나라에서 만들어졌다면 사람들의 반응은 어떨까. 아니면 다른 피해국에서....",
    "date": "15.03.07",
    "rating": "9",
    "author": "yhng****",
    "review_id": "9763908",
    "movie_id": "30270"
  },
  {
    "review": "무서운 영화였어. 그리고 두 남매가 불쌍해. 전쟁이라서....",
    "date": "15.03.07",
    "rating": "3",
    "author": "jung****",
    "review_id": "9762676",
    "movie_id": "30270"
  },
  {
    "review": "2002년도에 봤을때랑 지금 다시봤을때랑 느낌이 다르다...왜냐면02년도에 ...역사정보가 다소부족해서 그런대로 좋게봤는대 이제사 다시보니 ...일본의 이미지메이킹밖에안됨...",
    "date": "15.03.03",
    "rating": "1",
    "author": "poiu****",
    "review_id": "9753726",
    "movie_id": "30270"
  },
  {
    "review": "전쟁 중에 어린 남매에게 닥친 가슴 아픈 이야기로 받아 들이면 안될까여? 이런 좋은 작품을 일본에서 만들었다는 이유만으로 말도 안되는 오명을 씌우지 맙시다.",
    "date": "15.02.28",
    "rating": "10",
    "author": "jong****",
    "review_id": "9747583",
    "movie_id": "30270"
  },
  {
    "review": "내용 자체만 보면 괜찮은 편이나 여러모로 불편한 감정",
    "date": "15.02.26",
    "rating": "2",
    "author": "zetk****",
    "review_id": "9738993",
    "movie_id": "30270"
  },
  {
    "review": "이영화는 피해자 코스프레 영화라기보다는 피해를 입은 꼬마들을 보면서도 지들밖에 모르는 어른들이라던가 마지막부분의 축음기 장면을보면  전쟁으로 힘없는 사람들은 고생하고 있는데도 천하 태평한 있는집들을 비판하는 영화로 보이는데",
    "date": "15.02.23",
    "rating": "10",
    "author": "akql****",
    "review_id": "9732411",
    "movie_id": "30270"
  },
  {
    "review": "씹노잼인데 내용은 한국 희롱하는 내용..역사왜곡 쩌네 원숭이들",
    "date": "15.02.22",
    "rating": "1",
    "author": "sunk****",
    "review_id": "9728292",
    "movie_id": "30270"
  },
  {
    "review": "세츠코가 오빠한테 '나 혼자 두고 가지마' 했을때 가슴이 너무 욱신거렸다.. 영화본지 3일이 지난 지금도 영화떠올리면 속이 울렁거린다.. 군입대할때도 엄마앞에서 안울던 내가, 어렸을적 자전거가 굴러 손목골절때도 안울던 내가 울었다 ㅠㅜㅠㅠ 히잉잉 ㅠㅜ",
    "date": "15.02.17",
    "rating": "10",
    "author": "rock****",
    "review_id": "9704519",
    "movie_id": "30270"
  },
  {
    "review": "지들이 전쟁 일으켜놓고 2차대전 때 전쟁터에 나가는 전범자들을 나라를 위해 싸우는 사람들이라고 찬양하네 에라이 퉤",
    "date": "15.02.16",
    "rating": "1",
    "author": "opal****",
    "review_id": "9701956",
    "movie_id": "30270"
  },
  {
    "review": "좋은작품  ....7.",
    "date": "15.02.09",
    "rating": "10",
    "author": "disi****",
    "review_id": "9681618",
    "movie_id": "30270"
  },
  {
    "review": "그렇습니다 전쟁의 잔혹함?..허나 전개방식이 잘못된영화죠.진정 전쟁의 잔혹함을 다루는 것이었다면... 전쟁을 반대하는 운동이나주인공들이 장교인 아버지를 말렷어야죠.허나 화목한 가족에 어느날 불어닥친 불행으로 그려진 요코이야기랑 다를바없는 왜곡임",
    "date": "15.02.08",
    "rating": "1",
    "author": "lio4****",
    "review_id": "9679520",
    "movie_id": "30270"
  },
  {
    "review": "지들이 피해자라고 억지쓰는영화",
    "date": "15.02.07",
    "rating": "1",
    "author": "badg****",
    "review_id": "9676227",
    "movie_id": "30270"
  },
  {
    "review": "전쟁을 일으킨 나라 일본의 피해자 모습만 그려질 뿐 진짜 피해자의 모습은 찾아볼 수 없다",
    "date": "15.02.05",
    "rating": "1",
    "author": "danc****",
    "review_id": "9669513",
    "movie_id": "30270"
  },
  {
    "review": "이게 어떻게 극우사상의 미화란말인가?이영화는 군국주의, 파시즘을가장 맹렬하게 그리고 역설적이게 비판하고 있는중이다.마지막 장면을봐라..",
    "date": "15.02.02",
    "rating": "9",
    "author": "seyo****",
    "review_id": "9659727",
    "movie_id": "30270"
  },
  {
    "review": "일본 미국을 떠나서 전쟁이 가져다주는 아픔과 그피해는 어린이 아이들에게 더 큰 상처로 남는다는걸 보여주는 최고의 영화라고 생각. 다만 작가의 출신국가 전쟁을 일으킨 장본인인 나라라는게 참혹할 따름. 이런대작이 1988년도 나왔다는게 대단한.",
    "date": "15.01.31",
    "rating": "10",
    "author": "yuyu****",
    "review_id": "9654002",
    "movie_id": "30270"
  },
  {
    "review": "이 영화는 일본의 삐뚤어진 역사 인식의 가장 큰 피해자다. 감독이 평화 헌법 지지자인 몇 안되는 개념찬 일본인인데 일본에서의 결국 정치적 색을 뺀다는 이유로 이런 결과물이 나왔다.",
    "date": "15.01.29",
    "rating": "10",
    "author": "zxi1****",
    "review_id": "9647941",
    "movie_id": "30270"
  },
  {
    "review": "이 영화에서 피해자로 묘사된게 일본의 군국주의자들이 아니라 어린아이들과 일반 시민들이다. 평점보고 보기 꺼려졌었지만 영화를 보면서 역사왜곡이라던지 우익감정 같은거는 전혀 느낄수가 없었고 오히려 전쟁의 참혹성을 아이들을 통해 제대로 느끼게 해주었다.",
    "date": "15.01.27",
    "rating": "9",
    "author": "kang****",
    "review_id": "9642342",
    "movie_id": "30270"
  },
  {
    "review": "의도도 나쁜데 드럽게슬퍼 최악의 영화다.",
    "date": "15.01.24",
    "rating": "1",
    "author": "juns****",
    "review_id": "9630135",
    "movie_id": "30270"
  },
  {
    "review": "이 작품이 군국주의를 옹호하는 영화도 아닌데 반일감정으로 평점주는 멍청이들이 저렇게나 많은걸 보니 헬조선의 미래는 밝습니다 ^^",
    "date": "15.01.24",
    "rating": "10",
    "author": "ajaj****",
    "review_id": "9629259",
    "movie_id": "30270"
  },
  {
    "review": "여러분 역사공부 제대로 하세요,미일 전쟁은 한국의 독립이 아닌 미국의 신식민지 지배와일본의 식민지 지배사이의 전쟁입니다. 꼭 참고해주시길...",
    "date": "15.01.18",
    "rating": "8",
    "author": "phs8****",
    "review_id": "9610317",
    "movie_id": "30270"
  },
  {
    "review": "온몸이 부들부들 떨리네요 저렇게 착한 일본인들을 몰살한 사악한 미국의 야욕이 두렵습니다 흑흑 덴노 헤이카 반자이",
    "date": "15.01.17",
    "rating": "1",
    "author": "qjat****",
    "review_id": "9604643",
    "movie_id": "30270"
  },
  {
    "review": "어떤 방향으로 해석하느냐에 따라 영화의 주제가 갈라지는듯 나는 개인적으로 일본 제국주의를 편들려면 왜 어린이 관점에서 영화를 보여줫을까하는 생각이듬.. 이건 감독이 일본 제국주의로 인해서빚어진 전쟁의 참혹상을 비판 하려고 제작한 영화 같다고 생각해요",
    "date": "15.01.13",
    "rating": "8",
    "author": "jswl****",
    "review_id": "9590694",
    "movie_id": "30270"
  }
]