[
  {
    "review": "그대 정말 원하는가... 간절히 원하는가...",
    "date": "12.01.26",
    "rating": "10",
    "author": "haha****",
    "review_id": "6022340",
    "movie_id": "30297"
  },
  {
    "review": "다시보고싶어요...제발~~~~~",
    "date": "08.04.08",
    "rating": "10",
    "author": "moon****",
    "review_id": "2567800",
    "movie_id": "30297"
  },
  {
    "review": "호소자가 아니라. 칠소복 아닌가?",
    "date": "07.08.13",
    "rating": "8",
    "author": "9006****",
    "review_id": "1930541",
    "movie_id": "30297"
  },
  {
    "review": "10년전에개봉을했다....",
    "date": "06.07.29",
    "rating": "10",
    "author": "hell****",
    "review_id": "936713",
    "movie_id": "30297"
  },
  {
    "review": "진짜잼있게 봤던거 ^^ 어렸을때 5번봄 ㅋ",
    "date": "06.01.14",
    "rating": "10",
    "author": "lgh5****",
    "review_id": "586954",
    "movie_id": "30297"
  },
  {
    "review": "이게 있었네...96년이면 내가 국1때..그때는 재밌었으니 10점!",
    "date": "05.02.19",
    "rating": "10",
    "author": "doke****",
    "review_id": "224396",
    "movie_id": "30297"
  }
]