[
  {
    "review": "신선하다. 이정재와 전지현.",
    "date": "15.08.25",
    "rating": "8",
    "author": "ryuc****",
    "review_id": "10274691",
    "movie_id": "30306"
  },
  {
    "review": "최고명작이다~~~!",
    "date": "15.08.21",
    "rating": "10",
    "author": "uoyl****",
    "review_id": "10258113",
    "movie_id": "30306"
  },
  {
    "review": "내생애 최고의 영화...  아름다운내용과 진한여운..   전지현의 대표작은 시월애가 아닐까...",
    "date": "15.08.21",
    "rating": "10",
    "author": "omg_****",
    "review_id": "10257178",
    "movie_id": "30306"
  },
  {
    "review": "결말이 슬프지 않아서 다행이에요....ㅜㅜ",
    "date": "15.08.20",
    "rating": "10",
    "author": "rood****",
    "review_id": "10254619",
    "movie_id": "30306"
  },
  {
    "review": "너무 늘어저서 7번끊어서 간신히봤네 마지막10분빼곤 몰입이않된다 주인공들이 미스캐스팅같다 어울리지도 여운도남지않아",
    "date": "15.08.19",
    "rating": "4",
    "author": "ijon****",
    "review_id": "10251356",
    "movie_id": "30306"
  },
  {
    "review": "명작... 마음이 먹먹해지고 여운이 오래남는 영화. 요즘은 이런 멜로 볼 수 없는게 정말 아쉽다. 정말 십여년전 영화라는게 믿기지않을 정도로... 한장면 한장면 놓치기 싫었던 영화.",
    "date": "15.08.18",
    "rating": "10",
    "author": "hous****",
    "review_id": "10248834",
    "movie_id": "30306"
  },
  {
    "review": "연기력은 조금 아쉬웠지만 그걸 커버하고도 남을만한 연출 배경 대본 영상미 그리고 무엇보다 잔잔한 그 분위기.. 정말 좋은 영화를 봤다",
    "date": "15.08.13",
    "rating": "10",
    "author": "0dms****",
    "review_id": "10224034",
    "movie_id": "30306"
  },
  {
    "review": "너무좋다ㅠㅠ   연기도좋고 음악도 좋고",
    "date": "15.08.11",
    "rating": "10",
    "author": "dhlb****",
    "review_id": "10217434",
    "movie_id": "30306"
  },
  {
    "review": "최고의영화... 이게 왜 안떳는지 궁금하네요",
    "date": "15.08.10",
    "rating": "10",
    "author": "sans****",
    "review_id": "10211584",
    "movie_id": "30306"
  },
  {
    "review": "이때가 중3때구나.. 난 벌써 30.. 아니 31이라고 봐야지. 그 시절무렵의 나의 감성, 마음만은 순수했던 그때가 참 그립다.. 이쯤의 전지현은 영원한 나의 이상형이었지.",
    "date": "15.08.08",
    "rating": "10",
    "author": "taka****",
    "review_id": "10204807",
    "movie_id": "30306"
  },
  {
    "review": "열 아홉 살 전지현.. 그 아름다움은 오래오래 기억되리~",
    "date": "15.08.06",
    "rating": "10",
    "author": "pont****",
    "review_id": "10190992",
    "movie_id": "30306"
  },
  {
    "review": "누구세요? 이제부터 긴 이야기를 시작할텐데 믿어줄 수 있어요? ㅠ 감동의 여운이 계속 남는다",
    "date": "15.08.04",
    "rating": "10",
    "author": "kmal****",
    "review_id": "10182927",
    "movie_id": "30306"
  },
  {
    "review": "마지막 정재형의 한마디, 전지현의 알듯말듯한 미소에 16년 전이나... 지금이나... 나도 미소가 지어진다.",
    "date": "15.08.04",
    "rating": "9",
    "author": "spee****",
    "review_id": "10182464",
    "movie_id": "30306"
  },
  {
    "review": "역시 옛날영화 감성이 최고다",
    "date": "15.07.29",
    "rating": "10",
    "author": "shar****",
    "review_id": "10155242",
    "movie_id": "30306"
  },
  {
    "review": "글쎄, 나는 심심했다. 편지만 주고 받는 숭고하고 정신적인 사랑이 플라토닉 러브라면, 나는 평생 결코 하지 않을 거다.",
    "date": "15.07.26",
    "rating": "5",
    "author": "park****",
    "review_id": "10148293",
    "movie_id": "30306"
  },
  {
    "review": "최고다..봐야지하고 미룬게 15 년..명작이다",
    "date": "15.07.26",
    "rating": "10",
    "author": "whvh****",
    "review_id": "10146264",
    "movie_id": "30306"
  },
  {
    "review": "다시  극장에서 보고 싶어요.",
    "date": "15.07.24",
    "rating": "10",
    "author": "shin****",
    "review_id": "10137330",
    "movie_id": "30306"
  },
  {
    "review": "그저 그랬던 영화는 단순히 기억이나 남길수 있겠지만.. 명작은 그 때의 추억도 함께 남긴다.",
    "date": "15.07.17",
    "rating": "10",
    "author": "lsw_****",
    "review_id": "10114212",
    "movie_id": "30306"
  },
  {
    "review": "여운이 어마어마하게 남네요",
    "date": "15.07.13",
    "rating": "10",
    "author": "dua5****",
    "review_id": "10099628",
    "movie_id": "30306"
  },
  {
    "review": "전지현이정재..최고의배우들.. 감성적이고 아름다운영화. . 김현철 Must say good-bye, ost 너무좋아요.",
    "date": "15.07.08",
    "rating": "10",
    "author": "rlqj****",
    "review_id": "10081471",
    "movie_id": "30306"
  },
  {
    "review": "영상미가 뛰어나고 마스크가 세련되다 보니 15년 지난 영화인데도 촌스럽지가 않다",
    "date": "15.07.04",
    "rating": "10",
    "author": "wayn****",
    "review_id": "10069502",
    "movie_id": "30306"
  },
  {
    "review": "12년만에 40대  감성으로 다시 본 영화. 그 자리에 그 느낌 그대로 있었다.",
    "date": "15.06.21",
    "rating": "10",
    "author": "junt****",
    "review_id": "10019917",
    "movie_id": "30306"
  },
  {
    "review": "배우들의 풋풋함이 보인다. 그렇지만 영화는 울림있다.",
    "date": "15.06.15",
    "rating": "9",
    "author": "tank****",
    "review_id": "10003299",
    "movie_id": "30306"
  },
  {
    "review": "전지현은 영원한 클래스..역시 멜로는 갑니당",
    "date": "15.06.12",
    "rating": "9",
    "author": "pihw****",
    "review_id": "9992642",
    "movie_id": "30306"
  },
  {
    "review": "영상미 연츌 각본 연기합이 좋은 영화",
    "date": "15.06.12",
    "rating": "10",
    "author": "shr7****",
    "review_id": "9992180",
    "movie_id": "30306"
  },
  {
    "review": "엄청난 로맨스영화ㅠ 긴이야기를할꺼란마지막대사 대박",
    "date": "15.06.07",
    "rating": "10",
    "author": "amn0****",
    "review_id": "9982484",
    "movie_id": "30306"
  },
  {
    "review": "15년정도 된영화인지라 촌스러운 느낌이 없지안아잇지만 진짜재밋다",
    "date": "15.05.26",
    "rating": "10",
    "author": "sssy****",
    "review_id": "9951144",
    "movie_id": "30306"
  },
  {
    "review": "음악 이외 볼것이 없다. 어떻게 이렇게 지루할수 있을까? 어떻게 이게 9점일까",
    "date": "15.05.24",
    "rating": "1",
    "author": "psmo****",
    "review_id": "9946107",
    "movie_id": "30306"
  },
  {
    "review": "빛 좋은 개살구. 휑한 스토리, 텅빈 멜로",
    "date": "15.05.13",
    "rating": "4",
    "author": "para****",
    "review_id": "9914310",
    "movie_id": "30306"
  },
  {
    "review": "이현승감독님을위시한 스토리나 배우들 연기 다 좋았고 특히 압권은 음악담당 김현철씨가 아닌가 합니다...B형들이 왜 예술가가 많을 수 밖에 없는지 이해가 갑니다...",
    "date": "15.05.13",
    "rating": "10",
    "author": "gydl****",
    "review_id": "9913871",
    "movie_id": "30306"
  },
  {
    "review": "어렸을 때 영화감상부여서 아무 생각없이 본 이 영화의 가치를 그땐 몰랐지... 지금에서야 그 가치를 알고..",
    "date": "15.05.11",
    "rating": "10",
    "author": "phan****",
    "review_id": "9911176",
    "movie_id": "30306"
  },
  {
    "review": "퇴보 된 한국영화들...씁쓸하다",
    "date": "15.05.06",
    "rating": "10",
    "author": "gbwl****",
    "review_id": "9898962",
    "movie_id": "30306"
  },
  {
    "review": "이제서야 봤는데 독특하면서도 너무 아름다운 영화여서 기억에 남을거같아요.",
    "date": "15.04.29",
    "rating": "10",
    "author": "jelt****",
    "review_id": "9877849",
    "movie_id": "30306"
  },
  {
    "review": "2015년에 다시 봐도  최고의 영화다 한국영화 전혀 발전하지 못했다",
    "date": "15.04.15",
    "rating": "10",
    "author": "skyb****",
    "review_id": "9846317",
    "movie_id": "30306"
  },
  {
    "review": "따뜻하게 사랑하고 싶어지는 현재와 과거의 공존",
    "date": "15.03.26",
    "rating": "8",
    "author": "rcan****",
    "review_id": "9806612",
    "movie_id": "30306"
  },
  {
    "review": "이프온리를 연상케하는 한국멜로의 드문 수작 한켠에 긴 여운이..",
    "date": "15.03.23",
    "rating": "10",
    "author": "happ****",
    "review_id": "9801084",
    "movie_id": "30306"
  },
  {
    "review": "어른이되서 다시한번 봤다. 고요하면서 정적이게 색감이 주는 따뜻함이 좋다. 흘러가는대로 자연스러운 영화이다... 그래서 울게된다",
    "date": "15.03.13",
    "rating": "10",
    "author": "fqhp****",
    "review_id": "9778432",
    "movie_id": "30306"
  },
  {
    "review": "정말 짱!!! 봐도봐도 질리지 않고 감동적...ㅠㅠ",
    "date": "15.03.10",
    "rating": "10",
    "author": "bboy****",
    "review_id": "9770482",
    "movie_id": "30306"
  },
  {
    "review": "정말 최고의 잘 만들어진 영화다",
    "date": "15.03.04",
    "rating": "10",
    "author": "faur****",
    "review_id": "9755413",
    "movie_id": "30306"
  },
  {
    "review": "이런 감각은 어디로부터 왔나?",
    "date": "15.02.08",
    "rating": "10",
    "author": "supe****",
    "review_id": "9678339",
    "movie_id": "30306"
  },
  {
    "review": "영화를 보고 여운이 남아 처음으로 평점 남겨요..앞으로도 우리나라에 이런 영화가 많이 나왔으면 좋겠네요^^",
    "date": "15.02.04",
    "rating": "10",
    "author": "woru****",
    "review_id": "9666390",
    "movie_id": "30306"
  },
  {
    "review": "재밌게 잘 봤슴다~~//",
    "date": "15.01.29",
    "rating": "9",
    "author": "rlaw****",
    "review_id": "9649691",
    "movie_id": "30306"
  },
  {
    "review": "동감도 보고 이걸 봤는데 둘다 너무 좋은 영화지만 차이점은 엔딩에서 느끼는 우리들의 감정이라는 것..",
    "date": "15.01.25",
    "rating": "9",
    "author": "rpdl****",
    "review_id": "9635448",
    "movie_id": "30306"
  },
  {
    "review": "정말별점십점도모자라는거같네요너무말로도못할만큼멋진 영화에요가슴을아련하게하는 옛날의 영상미도 너무 좋아요이걸 왜 이제 봤을까요",
    "date": "15.01.18",
    "rating": "10",
    "author": "jung****",
    "review_id": "9607836",
    "movie_id": "30306"
  },
  {
    "review": "낭만적이다 2015년 .. 좋은영화는 시간이 지나도 다시 찾게된다는것.",
    "date": "15.01.16",
    "rating": "8",
    "author": "0617****",
    "review_id": "9599756",
    "movie_id": "30306"
  },
  {
    "review": "진짜 십점다줘도 아깝지가 않다고 생각한다.십오년이나 지난 영화지만 스토리부터 노래까지 완벽하고 잔잔하고 편안해지는 그런 영화같다.",
    "date": "15.01.14",
    "rating": "10",
    "author": "gksm****",
    "review_id": "9592125",
    "movie_id": "30306"
  },
  {
    "review": "말이 필요없는영화.. ost 매일 듣고 있어요ㅜㅜ",
    "date": "15.01.10",
    "rating": "10",
    "author": "wkdt****",
    "review_id": "9581772",
    "movie_id": "30306"
  },
  {
    "review": "여운이 정말 많이 남는 영화. 왜 이제서야 봤을까ㅜㅜ",
    "date": "15.01.09",
    "rating": "10",
    "author": "alsr****",
    "review_id": "9576707",
    "movie_id": "30306"
  },
  {
    "review": "오랜만에 다시봤는데도 추억 감성돋는다. 역시 전지현은 진리. 영상미나 ost가 정말 굿이다. 잔잔한 여운까지 굿굿",
    "date": "15.01.06",
    "rating": "10",
    "author": "okre****",
    "review_id": "9567173",
    "movie_id": "30306"
  },
  {
    "review": "제가 어릴 때 나왔던 영화인데요 지금 보고 있는 전지현과 이정재의 옛날 모습을 보는 느낌이 지금과는 많이 다르네요 14년이 지나도 재밌는 영화!! 소재고 흥미롭고 시간을 넘어 감정을 공유하는 주인공들이 아릅답게 느껴졌던 영화입니다",
    "date": "14.12.30",
    "rating": "10",
    "author": "dhtj****",
    "review_id": "9538298",
    "movie_id": "30306"
  },
  {
    "review": "잔잔하다...동화처럼 아름다운 이야기네요",
    "date": "14.12.26",
    "rating": "10",
    "author": "tjqq****",
    "review_id": "9517555",
    "movie_id": "30306"
  },
  {
    "review": "명작이에요 완전 감동이고 여운이 많이 남아서 ost까지 다운받아서 듣고있어요",
    "date": "14.12.24",
    "rating": "10",
    "author": "lgw1****",
    "review_id": "9506152",
    "movie_id": "30306"
  },
  {
    "review": "손꼽히게 잘만든 국내멜로.",
    "date": "14.12.20",
    "rating": "10",
    "author": "clif****",
    "review_id": "9492527",
    "movie_id": "30306"
  },
  {
    "review": "마지막 엔딩장면을 참 잘 만들었다고 생각되는 영화.  흔하다면 흔한 시간을  소재로 한 로맨스  중 가장 기억에 남는다.",
    "date": "14.12.05",
    "rating": "10",
    "author": "mell****",
    "review_id": "9449600",
    "movie_id": "30306"
  },
  {
    "review": "2000년대 초반 영화 감성이 지금도 통한다는걸 느꼈어요! 진짜 대박 영화임..",
    "date": "14.12.03",
    "rating": "10",
    "author": "yjx_****",
    "review_id": "9443378",
    "movie_id": "30306"
  },
  {
    "review": "현재14년도 12월 초기다 허나 나란 사람은 현재나오는 멜로영화에 별 흥미를 느끼지 못한다 요즘 멜로영화는 코메디멜로의 위주여서 멜로의 깊은 맛을 느끼질 못한다그러나 시월애라는 멜로는 약14년전 영화이지만 지루함과따분함 따윈 느낄수 없었으며 최고다",
    "date": "14.12.03",
    "rating": "10",
    "author": "wlgu****",
    "review_id": "9443256",
    "movie_id": "30306"
  },
  {
    "review": "은은한 분위기 배경도 아름답고  전지현  이정재의 감성연기도 좋았던 영화   가을   겨울에  보면  어울리는 계절 영화느낌~~*",
    "date": "14.12.01",
    "rating": "10",
    "author": "yhfj****",
    "review_id": "9438657",
    "movie_id": "30306"
  },
  {
    "review": "요즘 영화에서는 느낄수 없는것들...재미는 모르겠으나 배경이나 음악등이 인상적이었네요. 잔잔한 감동이있는 영화..",
    "date": "14.11.25",
    "rating": "6",
    "author": "vkdg****",
    "review_id": "9420069",
    "movie_id": "30306"
  },
  {
    "review": "참... 여운이 짙은 영화네.. 해피앤딩으로 끝나서 너무 좋네..ㅎㅎ",
    "date": "14.11.23",
    "rating": "10",
    "author": "vkwn****",
    "review_id": "9412539",
    "movie_id": "30306"
  },
  {
    "review": "아날로그시대 손편지 그시절로부터 14년이지났지만 느낄수있을꺼같아요",
    "date": "14.11.18",
    "rating": "10",
    "author": "hanm****",
    "review_id": "9398312",
    "movie_id": "30306"
  },
  {
    "review": "작품의 배경, 스토리, 감정처리 모두 수준급. 명작이다.",
    "date": "14.11.17",
    "rating": "9",
    "author": "toto****",
    "review_id": "9393837",
    "movie_id": "30306"
  },
  {
    "review": "겨울 밤 공기가 차오르는, 밤으로 접어드는 시간에 늘 생각나는 내 생애 최고의 영화, 영화관에서 한 번만 다시 상영되었음 좋겠다.",
    "date": "14.11.13",
    "rating": "10",
    "author": "sgms****",
    "review_id": "9380317",
    "movie_id": "30306"
  },
  {
    "review": "봐도봐도 최고이다...명작",
    "date": "14.11.05",
    "rating": "10",
    "author": "alsw****",
    "review_id": "9342807",
    "movie_id": "30306"
  },
  {
    "review": "오랜만에 또 봤는데 너무 좋네요...이맘때만 되면 생각나는 것 같아요몇번을 봐도 시간이 아깝지 않아요ㅎㅎ",
    "date": "14.10.24",
    "rating": "10",
    "author": "nuri****",
    "review_id": "9311578",
    "movie_id": "30306"
  },
  {
    "review": "이런 명작을 왜 이제서야 봤을까. 개봉했을때는 너무 어려서 사랑을 몰라서 안봤지만 성인이 되고나서 보니 잔잔하고 진한 여운이 남는 동화같은 이야기네요.",
    "date": "14.10.22",
    "rating": "10",
    "author": "worl****",
    "review_id": "9307321",
    "movie_id": "30306"
  },
  {
    "review": "스토리는 뻔했다. 하지만 감동은 뻔하지 않았다.",
    "date": "14.10.11",
    "rating": "8",
    "author": "vnfh****",
    "review_id": "9284968",
    "movie_id": "30306"
  },
  {
    "review": "말도 안되지만, 그럼에도 재밌고 로맨틱한 판타지 멜로 드라마",
    "date": "14.10.10",
    "rating": "8",
    "author": "sipj****",
    "review_id": "9280679",
    "movie_id": "30306"
  },
  {
    "review": "시간이 다른 두남녀의 시간을 뛰어넘은 사랑이야기.",
    "date": "14.10.09",
    "rating": "9",
    "author": "ha93****",
    "review_id": "9278560",
    "movie_id": "30306"
  },
  {
    "review": "9점대라엄청기대하고봐서 그런가봐요. . 그냥너무밋밋하고 . . 클래식이훨씬재미있어요. . 개취인듯. .어바웃타임 비포시리즈같은 잔잔한영화좋아하시는 분들이보면좋을듯",
    "date": "14.10.08",
    "rating": "6",
    "author": "jgra****",
    "review_id": "9275129",
    "movie_id": "30306"
  },
  {
    "review": "이 영화를 보게 된 것은 행운이다.",
    "date": "14.09.27",
    "rating": "10",
    "author": "vivi****",
    "review_id": "9243574",
    "movie_id": "30306"
  },
  {
    "review": "10년이 지나서 재감상하고 알았다. 이영화 명작이었구나.",
    "date": "14.09.26",
    "rating": "9",
    "author": "cact****",
    "review_id": "9243003",
    "movie_id": "30306"
  },
  {
    "review": "간만에 너무 좋았다..ㅠㅠ",
    "date": "14.09.23",
    "rating": "10",
    "author": "ling****",
    "review_id": "9236433",
    "movie_id": "30306"
  },
  {
    "review": "열여섰떄 이영화 첨봤을때와  현재 서른에 봤을떄 생각이 다르긴하지만 느끼는 감정은 같다. .. 총4번을 보았는데 언제봐도 새련된 영상미와 절제된 정신적교감미가 아름답게 표현된 영화. 진짜 너무 이쁘고 아름답다 그시절 전지현과 이정재..그리고 일마레.",
    "date": "14.09.23",
    "rating": "10",
    "author": "jsj0****",
    "review_id": "9235694",
    "movie_id": "30306"
  },
  {
    "review": "시공간을 초월한 사랑영화가 끝나면 잔잔한 여운이 오래남는다.",
    "date": "14.09.22",
    "rating": "10",
    "author": "a982****",
    "review_id": "9234417",
    "movie_id": "30306"
  },
  {
    "review": "몇개의 세계가 존재하는가. 재밌다",
    "date": "14.09.20",
    "rating": "10",
    "author": "rkdl****",
    "review_id": "9229180",
    "movie_id": "30306"
  },
  {
    "review": "후반이 약간 지루했지만 어쩄든 엄청 아련돋는 '옛날영화'",
    "date": "14.09.09",
    "rating": "9",
    "author": "6823****",
    "review_id": "9193445",
    "movie_id": "30306"
  },
  {
    "review": "요즘 영화에서는 찾아 볼 수없는 아름다움 그 자체인 영화인것 같습니다. ..",
    "date": "14.09.08",
    "rating": "9",
    "author": "ditn****",
    "review_id": "9186379",
    "movie_id": "30306"
  },
  {
    "review": "전지현의 최고의 영화는 엽기적인 그녀가 아니라 시월애다",
    "date": "14.09.06",
    "rating": "10",
    "author": "tnr8****",
    "review_id": "9173910",
    "movie_id": "30306"
  },
  {
    "review": "Best of Best",
    "date": "14.09.04",
    "rating": "10",
    "author": "shin****",
    "review_id": "9165068",
    "movie_id": "30306"
  },
  {
    "review": "음악과 영상과 소재가 너무 좋다",
    "date": "14.08.31",
    "rating": "10",
    "author": "priz****",
    "review_id": "9148548",
    "movie_id": "30306"
  },
  {
    "review": "저 스무살때 영환데 이제야 봤네요 무심코 본영환데 큰 여운이 남네요 안봤으면 어쩔뻔했나 싶어요어쩌면 황당무개할수 있는 이야기를 이렇게 감성적으로 억지없이 잘 엮어서 멋진 영화를 만들었을까하고 감탄합니다 영상 음악 대사 모두 멋집니다",
    "date": "14.08.29",
    "rating": "10",
    "author": "snsq****",
    "review_id": "9144534",
    "movie_id": "30306"
  },
  {
    "review": "이현승 감독의 영화는 음향이 참으로 매력적...",
    "date": "14.08.24",
    "rating": "8",
    "author": "olll****",
    "review_id": "9130356",
    "movie_id": "30306"
  },
  {
    "review": "일년에 한번씩 오늘 14번째 보고 다시 평점 남깁니다.",
    "date": "14.08.23",
    "rating": "10",
    "author": "park****",
    "review_id": "9123275",
    "movie_id": "30306"
  },
  {
    "review": "전지현, 이정재 진짜예쁘고 잘생김.재밌고, 감동적.",
    "date": "14.08.20",
    "rating": "10",
    "author": "wjdt****",
    "review_id": "9115487",
    "movie_id": "30306"
  },
  {
    "review": "전지현 이정재....진짜 최고 케미ㅜㅜ 아름다운 영화...화장기 없는 전지현 수수한 미모 짱임♡♡♡옛날영화 정말로 좋다~~",
    "date": "14.08.20",
    "rating": "10",
    "author": "skkw****",
    "review_id": "9115343",
    "movie_id": "30306"
  },
  {
    "review": "말할 수 없는 비밀을 봤던 기억이 있어 비슷한 스타일에 이 영화는 보는 동안 감수성이 반감된 느낌은 있었으나 보는동안보다 본 후 감정이 더 강하게 반응하는 영화인것같다.. 잔잔함  속 깊은여운..",
    "date": "14.08.20",
    "rating": "10",
    "author": "vksw****",
    "review_id": "9112962",
    "movie_id": "30306"
  },
  {
    "review": "시간이 흘러도 여전히 감동적인 내용...",
    "date": "14.08.17",
    "rating": "10",
    "author": "hwan****",
    "review_id": "9099019",
    "movie_id": "30306"
  },
  {
    "review": "진짜 최고라고 말해주고 싶다..",
    "date": "14.08.13",
    "rating": "10",
    "author": "jjo2****",
    "review_id": "9079317",
    "movie_id": "30306"
  },
  {
    "review": "정말 최고의 로맨스 영화 중 하나라고 생각한다",
    "date": "14.08.12",
    "rating": "10",
    "author": "hun1****",
    "review_id": "9072862",
    "movie_id": "30306"
  },
  {
    "review": "잔잔하게여운이남아요",
    "date": "14.08.01",
    "rating": "10",
    "author": "tav1****",
    "review_id": "9000176",
    "movie_id": "30306"
  },
  {
    "review": "아름다운 멜로 영화..   이런 영화가 멜로 영화다.",
    "date": "14.08.01",
    "rating": "8",
    "author": "adiv****",
    "review_id": "8997200",
    "movie_id": "30306"
  },
  {
    "review": "이런 영화를 왜 이제서야 봤을까 하는 아쉬움도 있지만 한편으론 지금의 나보다 어렸다면..그래서 사랑도, 이별도, 돌이킬 수 없는 인연에 대한 후회도 경험해보지 못했더라면 지금처럼 모든 장면 장면들을 마음에 담을 수 없었을지도 모르겠다는 생각이 드네요.",
    "date": "14.07.30",
    "rating": "10",
    "author": "lisa****",
    "review_id": "8980490",
    "movie_id": "30306"
  },
  {
    "review": "동감이랑 비슷한 시기에 개봉해서 묻혔다고 하던데... 묻히기엔 너무 아까운 보석같은 영화인 듯.  다시 개봉하면 영화관 가서 볼 의향 200%인데ㅠㅠ",
    "date": "14.07.29",
    "rating": "10",
    "author": "view****",
    "review_id": "8976216",
    "movie_id": "30306"
  },
  {
    "review": "영상미와 나레이션이 압권인 영화이다배우들의 대사도 잔향이 남는다다만 시공간을 초월하다보니 이해가 쉽게 빠르게 되지 않는점이 아쉬웠다",
    "date": "14.07.23",
    "rating": "8",
    "author": "quic****",
    "review_id": "8941617",
    "movie_id": "30306"
  },
  {
    "review": "이때부터가 시작이었다전지현과 이정재에게 빠진게...다시봐도 좋은 영화김현철?의 ost도 들을때마다 영화 생각나고 잔잔하니 너무 좋다",
    "date": "14.07.18",
    "rating": "10",
    "author": "d_dw****",
    "review_id": "8926755",
    "movie_id": "30306"
  },
  {
    "review": "좀뻔하긴했는데 꽤 재밌다",
    "date": "14.07.11",
    "rating": "9",
    "author": "thdd****",
    "review_id": "8905799",
    "movie_id": "30306"
  },
  {
    "review": "애정하는 영화 시월애. 벌써 14년 지났는데도 여전히 좋은 영화.:-)",
    "date": "14.07.10",
    "rating": "10",
    "author": "ohoh****",
    "review_id": "8902508",
    "movie_id": "30306"
  },
  {
    "review": "아름다운 영상미가 최고 ^^~",
    "date": "14.06.29",
    "rating": "9",
    "author": "gktg****",
    "review_id": "8868124",
    "movie_id": "30306"
  },
  {
    "review": "말도 안되게 억지스러운 연출",
    "date": "14.06.26",
    "rating": "1",
    "author": "mara****",
    "review_id": "8859303",
    "movie_id": "30306"
  },
  {
    "review": "내 인생 최고의 영화 입니다",
    "date": "14.06.26",
    "rating": "10",
    "author": "lima****",
    "review_id": "8856457",
    "movie_id": "30306"
  }
]