[
  {
    "review": "브루스 윌리스도 윌스미스 처럼 웃기다",
    "date": "15.05.25",
    "rating": "9",
    "author": "luck****",
    "review_id": "9950038",
    "movie_id": "30303"
  },
  {
    "review": "감동적이다 감동적..",
    "date": "14.05.14",
    "rating": "1",
    "author": "mool****",
    "review_id": "8730469",
    "movie_id": "30303"
  },
  {
    "review": "언제부터인지 나도 모르게 꿈을 잊고 살았던거 같다.... 8살의 나를 만나면 크게 혼날거 같네",
    "date": "13.07.17",
    "rating": "10",
    "author": "lws0****",
    "review_id": "7750402",
    "movie_id": "30303"
  },
  {
    "review": "최고의 킬링 타임용 영화  ,적절한 감동 내심 액션영화가 아닌 브르스 윌리스의 연기력을 걱정했었으나 그런 나의 생각을 저 멀리 떠나보내게 한 영화!!",
    "date": "13.04.03",
    "rating": "10",
    "author": "ansk****",
    "review_id": "7432910",
    "movie_id": "30303"
  },
  {
    "review": "지금 다시 보면 어떨지 모르겠지만 초등학교 5학년 때인가 집에서 비디오로 봤었는데 정말 재밌게 봤었던 기억이 남.",
    "date": "13.04.03",
    "rating": "10",
    "author": "blon****",
    "review_id": "7431838",
    "movie_id": "30303"
  },
  {
    "review": "감동ㅣ이에여...... ㅜㅜ 많은생각을하게되는듯",
    "date": "13.03.18",
    "rating": "10",
    "author": "123r****",
    "review_id": "7360180",
    "movie_id": "30303"
  },
  {
    "review": "나 돌아갈래~!!!",
    "date": "12.10.25",
    "rating": "10",
    "author": "tn99****",
    "review_id": "6825734",
    "movie_id": "30303"
  },
  {
    "review": "뒤늦게 영화보고 감동받은 영화..",
    "date": "12.09.09",
    "rating": "10",
    "author": "dpfr****",
    "review_id": "6681485",
    "movie_id": "30303"
  },
  {
    "review": "인간은 가끔이라도 순수했던 어린 시절을 회상해야한다.추억은 재산이니까",
    "date": "12.07.16",
    "rating": "10",
    "author": "cred****",
    "review_id": "6483824",
    "movie_id": "30303"
  },
  {
    "review": "운명의존재에대해 다시생각해보게되는영화 따뜻함과 낭만은 덤",
    "date": "11.05.18",
    "rating": "8",
    "author": "kent****",
    "review_id": "5435691",
    "movie_id": "30303"
  },
  {
    "review": "자칫 평범해질 수 있는 스토리를 결말에서 살렸다. ㅋㅋㅋ",
    "date": "10.08.18",
    "rating": "8",
    "author": "sun1****",
    "review_id": "4762565",
    "movie_id": "30303"
  },
  {
    "review": "조금 아쉬움이 남지만 몽환적인 느낌이 좋습니다.",
    "date": "10.04.27",
    "rating": "10",
    "author": "rose****",
    "review_id": "4460863",
    "movie_id": "30303"
  },
  {
    "review": "오래된 영화네..지나고 보니 괜찮은 영화다..키드는 지금 어떤 배우가 되어있을까?",
    "date": "10.03.31",
    "rating": "10",
    "author": "bliz****",
    "review_id": "4399880",
    "movie_id": "30303"
  },
  {
    "review": "제2의 '빅'을 목표로했지만 결과적으로 실패... 그래도 나름 볼만.",
    "date": "10.01.15",
    "rating": "7",
    "author": "sinb****",
    "review_id": "4172020",
    "movie_id": "30303"
  },
  {
    "review": "정말 강추!!  숨겨진 내면에 아이를 볼수있었다!!",
    "date": "09.11.08",
    "rating": "10",
    "author": "tomt****",
    "review_id": "3945522",
    "movie_id": "30303"
  },
  {
    "review": "재밌네요",
    "date": "09.05.31",
    "rating": "10",
    "author": "jsga****",
    "review_id": "3535749",
    "movie_id": "30303"
  },
  {
    "review": "어릴적을 잊고 살았지만 아이를 통해 알게된 동심.... 현대인에게 필요한것",
    "date": "09.04.26",
    "rating": "10",
    "author": "sksm****",
    "review_id": "3442906",
    "movie_id": "30303"
  },
  {
    "review": "초딩시절 본 영화, 꼬꼬마시절에도 잊혀지지않던 나한텐 어릴적 그때 그 영화",
    "date": "09.02.07",
    "rating": "10",
    "author": "kyh3****",
    "review_id": "3283793",
    "movie_id": "30303"
  },
  {
    "review": "보름달이 오렌지색인 이유가 상당히 오역되어 있네;; 횡설수설이야;;;",
    "date": "08.10.18",
    "rating": "8",
    "author": "1726****",
    "review_id": "3005338",
    "movie_id": "30303"
  },
  {
    "review": "내 어린시절에 나는 어땠는지 잊고있었다. 기분이 묘하네",
    "date": "08.10.05",
    "rating": "7",
    "author": "gkdi****",
    "review_id": "2983768",
    "movie_id": "30303"
  },
  {
    "review": "다소 뻔한 설정과 전개임에도 충분한 감동과 의미있는 질문을 던져준다",
    "date": "08.09.03",
    "rating": "8",
    "author": "nala****",
    "review_id": "2919788",
    "movie_id": "30303"
  },
  {
    "review": "세상을 황황해서 달려온 사람들에게 주는 거센 충격과 재분발의 원천",
    "date": "08.09.01",
    "rating": "10",
    "author": "liho****",
    "review_id": "2915899",
    "movie_id": "30303"
  },
  {
    "review": "브루스...이때만해도 머리털 많았는데...",
    "date": "08.07.27",
    "rating": "8",
    "author": "cjw2****",
    "review_id": "2808568",
    "movie_id": "30303"
  },
  {
    "review": "자신을 생각하면서 희망을 잃지 않고 자신감을 가지는 생활을 갖자.",
    "date": "08.06.19",
    "rating": "9",
    "author": "heer****",
    "review_id": "2708241",
    "movie_id": "30303"
  },
  {
    "review": "안 보면 평생 후회할 영화, 최고.",
    "date": "08.01.31",
    "rating": "10",
    "author": "hjmk****",
    "review_id": "2389862",
    "movie_id": "30303"
  },
  {
    "review": "이런 좋은 영화를 많이 사람들이 보지못하고 있는게 아쉬울 뿐...",
    "date": "07.12.12",
    "rating": "10",
    "author": "ayco****",
    "review_id": "2225350",
    "movie_id": "30303"
  },
  {
    "review": "8살의 나를 만난다면 난 무슨 말을 해줄 수 있을까...",
    "date": "07.08.21",
    "rating": "10",
    "author": "hak_****",
    "review_id": "1964638",
    "movie_id": "30303"
  },
  {
    "review": "그닥 감동적이지 않음 브루스는 액션이 잘 어울린다",
    "date": "07.07.15",
    "rating": "6",
    "author": "deff****",
    "review_id": "1779611",
    "movie_id": "30303"
  },
  {
    "review": "감동적^^",
    "date": "07.07.14",
    "rating": "10",
    "author": "holi****",
    "review_id": "1775585",
    "movie_id": "30303"
  },
  {
    "review": "먼훗날 자식과 함게보고픈 영화",
    "date": "07.03.17",
    "rating": "10",
    "author": "nsan****",
    "review_id": "1538729",
    "movie_id": "30303"
  },
  {
    "review": "캐릭터 전환에 정말 탁월한 배우다싶다..",
    "date": "06.12.26",
    "rating": "9",
    "author": "elf2****",
    "review_id": "1328894",
    "movie_id": "30303"
  },
  {
    "review": "어린시절 미래의 어떤모습을 상상했을까? 감회가 새롭네요",
    "date": "06.10.23",
    "rating": "10",
    "author": "moon****",
    "review_id": "1195333",
    "movie_id": "30303"
  },
  {
    "review": "good",
    "date": "06.09.30",
    "rating": "10",
    "author": "sean****",
    "review_id": "1150727",
    "movie_id": "30303"
  },
  {
    "review": "좀 이해할수 없는 부분이 있긴하지만 재밌는 영화",
    "date": "06.08.25",
    "rating": "10",
    "author": "lind****",
    "review_id": "1076399",
    "movie_id": "30303"
  },
  {
    "review": "좋다 이런영화",
    "date": "06.08.04",
    "rating": "10",
    "author": "zeed****",
    "review_id": "966336",
    "movie_id": "30303"
  },
  {
    "review": "if..라는 단어가 생각나는 영화...",
    "date": "06.02.25",
    "rating": "8",
    "author": "agu1****",
    "review_id": "690720",
    "movie_id": "30303"
  },
  {
    "review": "가족이랑 빌려서 받는데 좋은작품...",
    "date": "06.02.03",
    "rating": "10",
    "author": "ebon****",
    "review_id": "644503",
    "movie_id": "30303"
  },
  {
    "review": "간만에 찾은.. 시간여행 내용의 좋은 작품.",
    "date": "06.01.20",
    "rating": "10",
    "author": "kara****",
    "review_id": "604525",
    "movie_id": "30303"
  },
  {
    "review": "독특한 소재 재밌게 본 기억이 남",
    "date": "05.12.23",
    "rating": "8",
    "author": "blue****",
    "review_id": "522206",
    "movie_id": "30303"
  },
  {
    "review": "뻔한 디즈니풍 영화같지만 뭔가가 다르다..",
    "date": "05.10.24",
    "rating": "10",
    "author": "nadi****",
    "review_id": "454014",
    "movie_id": "30303"
  },
  {
    "review": "브루스 윌리스의 연기는 언제 보아도....ㅎㅎ",
    "date": "05.09.26",
    "rating": "10",
    "author": "macq****",
    "review_id": "423120",
    "movie_id": "30303"
  },
  {
    "review": "xzczcvdf",
    "date": "05.09.10",
    "rating": "10",
    "author": "ushe****",
    "review_id": "399431",
    "movie_id": "30303"
  },
  {
    "review": "지난번에 봤었는데 재밌었음",
    "date": "05.06.22",
    "rating": "10",
    "author": "wjdw****",
    "review_id": "304495",
    "movie_id": "30303"
  },
  {
    "review": "마지막 늙은 러스가 개랑 나왔을때.. 감동^^*가족과 보기에 딱",
    "date": "05.05.06",
    "rating": "7",
    "author": "hye5****",
    "review_id": "271936",
    "movie_id": "30303"
  },
  {
    "review": "인생에서 가장 중요한 게 뭔지 알려주는 영화네요..",
    "date": "05.05.05",
    "rating": "10",
    "author": "gram****",
    "review_id": "271519",
    "movie_id": "30303"
  },
  {
    "review": "감동과 재미를 적절히 갖춘 가족영화..^^",
    "date": "05.05.05",
    "rating": "9",
    "author": "back****",
    "review_id": "271512",
    "movie_id": "30303"
  },
  {
    "review": "한남자의 행복한 인생찾기.",
    "date": "05.05.05",
    "rating": "7",
    "author": "ggg0****",
    "review_id": "271507",
    "movie_id": "30303"
  },
  {
    "review": "그럭저럭 봐줄만한 가족영화.",
    "date": "05.05.05",
    "rating": "6",
    "author": "jcr3****",
    "review_id": "271459",
    "movie_id": "30303"
  },
  {
    "review": "그럭저럭 볼만한 가족영화",
    "date": "05.04.29",
    "rating": "6",
    "author": "si2p****",
    "review_id": "267997",
    "movie_id": "30303"
  },
  {
    "review": "진부함에도 흥미로웠지만, 가면 갈수록 이도저도 아닌 이야기",
    "date": "05.04.05",
    "rating": "6",
    "author": "bmin****",
    "review_id": "253838",
    "movie_id": "30303"
  },
  {
    "review": "보는 데 드는 시간과 돈을 똥싸는데 써라.",
    "date": "05.03.08",
    "rating": "1",
    "author": "boka****",
    "review_id": "237468",
    "movie_id": "30303"
  },
  {
    "review": "뻔한 이야기 너무 질질끈 느낌",
    "date": "05.02.06",
    "rating": "6",
    "author": "kjon****",
    "review_id": "209708",
    "movie_id": "30303"
  },
  {
    "review": "따뜻한 영화",
    "date": "04.11.05",
    "rating": "7",
    "author": "chki****",
    "review_id": "139838",
    "movie_id": "30303"
  },
  {
    "review": "감동적이다. 눈물 나오게 시리... 안보신 분들 꼭 보시길",
    "date": "04.09.19",
    "rating": "10",
    "author": "xltm****",
    "review_id": "110809",
    "movie_id": "30303"
  },
  {
    "review": "잔잔한 감동으로 이끌려 가다 마지막 보름달맨트에 친구들과 폭소 했다는^^",
    "date": "04.09.15",
    "rating": "7",
    "author": "jtot****",
    "review_id": "108938",
    "movie_id": "30303"
  },
  {
    "review": "한번쯤 이런 일이 일었으면... 얼굴에 미소가 떠나지 않는 따뜻한 영화",
    "date": "04.06.19",
    "rating": "10",
    "author": "stil****",
    "review_id": "56389",
    "movie_id": "30303"
  },
  {
    "review": "은근한 감동 강추!!",
    "date": "04.05.03",
    "rating": "10",
    "author": "ljae****",
    "review_id": "40599",
    "movie_id": "30303"
  },
  {
    "review": "어릴적 소년의 아버지를 만나 못을전해주는장면에서눈물이났다.",
    "date": "04.01.25",
    "rating": "10",
    "author": "3184****",
    "review_id": "13164",
    "movie_id": "30303"
  },
  {
    "review": "깔끔한 내용, 가족영화의 모든것을 갖췄다.",
    "date": "03.12.21",
    "rating": "8",
    "author": "reve****",
    "review_id": "4668",
    "movie_id": "30303"
  }
]