[
  {
    "review": "헤이든 크리스텐슨이 발연기라는건 도저히 동의를 못하겠다. 2에서의 아나킨은 몰라도 3에서는 다스베이더로 타락하는 아나킨 그 자체였는데",
    "date": "15.08.26",
    "rating": "10",
    "author": "kami****",
    "review_id": "10276305",
    "movie_id": "30301"
  },
  {
    "review": "스타워즈 프리퀄의 완벽한 피날레",
    "date": "15.08.20",
    "rating": "9",
    "author": "cobb****",
    "review_id": "10255014",
    "movie_id": "30301"
  },
  {
    "review": "가히 최고의 sf 시리즈라 할 수 있다",
    "date": "15.08.19",
    "rating": "10",
    "author": "peti****",
    "review_id": "10250257",
    "movie_id": "30301"
  },
  {
    "review": "스타워즈 시리즈 최고의 작품.",
    "date": "15.08.14",
    "rating": "9",
    "author": "woxn****",
    "review_id": "10226199",
    "movie_id": "30301"
  },
  {
    "review": "스타워즈 시리즈 중 가장 걸출한 마스터.",
    "date": "15.08.11",
    "rating": "8",
    "author": "tear****",
    "review_id": "10215236",
    "movie_id": "30301"
  },
  {
    "review": "다보고 울뻔했다는... 그냥 10점",
    "date": "15.08.08",
    "rating": "10",
    "author": "bl39****",
    "review_id": "10201497",
    "movie_id": "30301"
  },
  {
    "review": "스타워즈중에 젤 재미있네",
    "date": "15.08.04",
    "rating": "9",
    "author": "jij4****",
    "review_id": "10185331",
    "movie_id": "30301"
  },
  {
    "review": "두쿠백작 그는 좋은 분이셨습니다..",
    "date": "15.07.29",
    "rating": "10",
    "author": "yoon****",
    "review_id": "10155530",
    "movie_id": "30301"
  },
  {
    "review": "마무리는 좋았다. 완성도도 최고.",
    "date": "15.07.23",
    "rating": "10",
    "author": "lsh5****",
    "review_id": "10132760",
    "movie_id": "30301"
  },
  {
    "review": "스타워즈 시리즈의 완결판. 스토리도 그래픽도 모두 완벽하다. 걸작이란 이런 것이다.",
    "date": "15.06.27",
    "rating": "10",
    "author": "hepy****",
    "review_id": "10042389",
    "movie_id": "30301"
  },
  {
    "review": "역대 스타워즈중 진짜 최고",
    "date": "15.06.20",
    "rating": "10",
    "author": "jomi****",
    "review_id": "10016090",
    "movie_id": "30301"
  },
  {
    "review": "에피소드3이 제일 재밌는 듯.",
    "date": "15.06.14",
    "rating": "9",
    "author": "phea****",
    "review_id": "10000799",
    "movie_id": "30301"
  },
  {
    "review": "반지의 제왕은 재밌는데 이건 왜 이러냐.",
    "date": "15.06.08",
    "rating": "1",
    "author": "jhji****",
    "review_id": "9985465",
    "movie_id": "30301"
  },
  {
    "review": "에피소드 4와의 연결을 위한 무난한 마무리. 에피소드 1, 2보다는 재밌다..",
    "date": "15.06.08",
    "rating": "7",
    "author": "nine****",
    "review_id": "9984147",
    "movie_id": "30301"
  },
  {
    "review": "졸작 쓰레기 망작이다. 어떻게 주인공이 터무니없게 배신을 할수가 있지?",
    "date": "15.05.28",
    "rating": "1",
    "author": "nada****",
    "review_id": "9956076",
    "movie_id": "30301"
  },
  {
    "review": "루카스의 어설픈 연출이 군데군데 있다는 것만 빼면 완벽.",
    "date": "15.05.18",
    "rating": "10",
    "author": "hahm****",
    "review_id": "9929256",
    "movie_id": "30301"
  },
  {
    "review": "일단 에피소드 5의 제국의역습이후 최고로 잘만든 시리즈라고 할수있다. 주인공의 연기는 별로이지만 역활이 살렸다. 아쉬움은 무리하게 1,2편을 나눈것이다 차라리 3편을 다크베이더 이후의 스토리를 섞었으면 아쉬움. 전체적으로 드리마와 액션이 잘 버무려졌다",
    "date": "15.05.18",
    "rating": "10",
    "author": "sb33****",
    "review_id": "9929248",
    "movie_id": "30301"
  },
  {
    "review": "미쳤다미쳤어....",
    "date": "15.05.01",
    "rating": "10",
    "author": "ches****",
    "review_id": "9883051",
    "movie_id": "30301"
  },
  {
    "review": "말할필요도없이짱!ㅉ",
    "date": "15.04.29",
    "rating": "10",
    "author": "sgw0****",
    "review_id": "9878305",
    "movie_id": "30301"
  },
  {
    "review": "핵꿀잼. 다스베이더 쩜",
    "date": "15.04.29",
    "rating": "10",
    "author": "cho0****",
    "review_id": "9878212",
    "movie_id": "30301"
  },
  {
    "review": "A부터 Z까지 완벽했던 작품",
    "date": "15.04.20",
    "rating": "10",
    "author": "joap****",
    "review_id": "9854457",
    "movie_id": "30301"
  },
  {
    "review": "오리지널 트릴로지를 고전으로 만든 핵심",
    "date": "15.03.29",
    "rating": "10",
    "author": "jdss****",
    "review_id": "9814011",
    "movie_id": "30301"
  },
  {
    "review": "프리퀄의 대단원 막이다. 당시는 대충 보고 말았는데 그중 3편은 가장 눈여겨 볼정도였다. 다스베이더의 탄생이 대단한  결말이었다. 앞으로 개봉되어질 에피소드7편이 대단히 기대된다.",
    "date": "15.03.26",
    "rating": "10",
    "author": "next****",
    "review_id": "9806732",
    "movie_id": "30301"
  },
  {
    "review": "1, 2편으로 밑바탕 잘 깔고 3편에서 대박터짐. 스토리, 화려함 모두 성공.",
    "date": "15.03.23",
    "rating": "9",
    "author": "giri****",
    "review_id": "9802375",
    "movie_id": "30301"
  },
  {
    "review": "프리퀄 트릴로지 1,2편은 정말 재미없게 봤는데, 마지막 3편을 보고나서야 비로소 스타워즈 에피소드에 대한 애착이라는 것이 생겨났다. 그래, 이래야 명성에 걸맞지.",
    "date": "15.03.22",
    "rating": "10",
    "author": "floo****",
    "review_id": "9800385",
    "movie_id": "30301"
  },
  {
    "review": "마무리가 너무 깔끔하고 좋았다",
    "date": "15.03.09",
    "rating": "10",
    "author": "park****",
    "review_id": "9768080",
    "movie_id": "30301"
  },
  {
    "review": "이건...진짜 역작이지 어렸을때봤지만 그 흥분과 재미를 잊을수가없다... 진짜 꼭 보기를.",
    "date": "15.03.06",
    "rating": "10",
    "author": "vinc****",
    "review_id": "9760135",
    "movie_id": "30301"
  },
  {
    "review": "끝에 가서야 비로소 되찾은 스타 워즈의 포스.",
    "date": "15.02.19",
    "rating": "7",
    "author": "ogr5****",
    "review_id": "9715478",
    "movie_id": "30301"
  },
  {
    "review": "다스베이더의탄생 스타워즈의끝과시작의영화",
    "date": "15.01.12",
    "rating": "10",
    "author": "xx41****",
    "review_id": "9588368",
    "movie_id": "30301"
  },
  {
    "review": "재미있었다. 시스로드의 강함을 더 보여주지 못 한게 좀 아쉽고 세이버 전투씬이 좀 유치했지만(오비완vs아나킨을 제외한 그 밖의 전투들) 그래도 대단히 만족스럽.",
    "date": "15.01.09",
    "rating": "9",
    "author": "bios****",
    "review_id": "9578109",
    "movie_id": "30301"
  },
  {
    "review": "전작과 후작의 중요한 연결고리인 에피소드. 파드메의 죽음을 막기 위해 어둠에 서게 되는 안타까운 운명. 그때는 몰랐지만 에피6에서 아들인 루크앞에서 죽어가는 자신을 살리겠다고 말하는 아들에게 깨달음을 알려준다. \"죽음은 막을 수 없는 숙명이란다.\"",
    "date": "15.01.03",
    "rating": "8",
    "author": "zxvt****",
    "review_id": "9554723",
    "movie_id": "30301"
  },
  {
    "review": "스타워즈 첫 작품과 절묘하게 연결시켰다 비교적 깔끔한 마무리",
    "date": "14.12.27",
    "rating": "7",
    "author": "rcan****",
    "review_id": "9522938",
    "movie_id": "30301"
  },
  {
    "review": "다스 베이더의 삶의 반전을 마무리 짓는 에피소드3 아나킨의 비극은 관객마저 절망하게 한다.",
    "date": "14.12.22",
    "rating": "10",
    "author": "alsg****",
    "review_id": "9500209",
    "movie_id": "30301"
  },
  {
    "review": "7편을 기다리게 만드는 역시 스타워즈..",
    "date": "14.12.08",
    "rating": "10",
    "author": "adiv****",
    "review_id": "9459207",
    "movie_id": "30301"
  },
  {
    "review": "그래도 우주영화중에서 최고 시리즈 니까",
    "date": "14.12.06",
    "rating": "6",
    "author": "kwon****",
    "review_id": "9451418",
    "movie_id": "30301"
  },
  {
    "review": "최고최고최고최고최고",
    "date": "14.11.29",
    "rating": "10",
    "author": "anim****",
    "review_id": "9432299",
    "movie_id": "30301"
  },
  {
    "review": "스타워즈 에피소드 중 가장 재미있었음.",
    "date": "14.11.01",
    "rating": "10",
    "author": "ball****",
    "review_id": "9333165",
    "movie_id": "30301"
  },
  {
    "review": "에피소드 1,2보다는 훨씬 재밌긴 함.",
    "date": "14.10.31",
    "rating": "9",
    "author": "kem1****",
    "review_id": "9330464",
    "movie_id": "30301"
  },
  {
    "review": "최고! 반지의 제왕과 더불어 시리즈 최고의 명작!",
    "date": "14.10.19",
    "rating": "10",
    "author": "ngc9****",
    "review_id": "9302169",
    "movie_id": "30301"
  },
  {
    "review": "심약한 팔랑귀 아나퀸 ㅠㅠ",
    "date": "14.10.18",
    "rating": "10",
    "author": "dang****",
    "review_id": "9300689",
    "movie_id": "30301"
  },
  {
    "review": "여기까지가 스타 워즈 1부",
    "date": "14.10.17",
    "rating": "10",
    "author": "awak****",
    "review_id": "9297238",
    "movie_id": "30301"
  },
  {
    "review": "말이 필요없다!!! 스타워즈6부작중 가장 최고",
    "date": "14.10.11",
    "rating": "10",
    "author": "rlad****",
    "review_id": "9285215",
    "movie_id": "30301"
  },
  {
    "review": "완전 짱짱 재미있음ㅋㅋ",
    "date": "14.10.11",
    "rating": "10",
    "author": "hc03****",
    "review_id": "9283689",
    "movie_id": "30301"
  },
  {
    "review": "뚝뚝 끊기는 편집은 아쉽지만, 지지부진 했던 프리퀄 1,2편보다 캐릭터와 스토리 모두 좋아졌다. ‘다스 베이더’의 탄생에 대해 모두가 만족하지 않더라도 충분히 이해가 되는 이야기다.",
    "date": "14.10.05",
    "rating": "7",
    "author": "zxc1****",
    "review_id": "9266273",
    "movie_id": "30301"
  },
  {
    "review": "스타워즈라는 이름값과 상징성을 제외하고 퀄리티로만 치면 전편 중에 최고였음.",
    "date": "14.10.05",
    "rating": "10",
    "author": "pant****",
    "review_id": "9265345",
    "movie_id": "30301"
  },
  {
    "review": "후덜덜..아나킨..어뜨카나",
    "date": "14.10.03",
    "rating": "10",
    "author": "happ****",
    "review_id": "9258559",
    "movie_id": "30301"
  },
  {
    "review": "재밌긴 합니다만,,;;",
    "date": "14.10.01",
    "rating": "10",
    "author": "wnsg****",
    "review_id": "9252038",
    "movie_id": "30301"
  },
  {
    "review": "나름 재밌었다..하하 ㅋ",
    "date": "14.09.30",
    "rating": "7",
    "author": "lhj5****",
    "review_id": "9250103",
    "movie_id": "30301"
  },
  {
    "review": "프리퀄 트릴로지를 구원해낸 작품 다시없을 걸작중의 걸작이다...",
    "date": "14.09.23",
    "rating": "10",
    "author": "doo9****",
    "review_id": "9235729",
    "movie_id": "30301"
  },
  {
    "review": "10점 주고 싶은데 그리버스 나왔는데 죽어서 9점",
    "date": "14.09.20",
    "rating": "9",
    "author": "whdg****",
    "review_id": "9229505",
    "movie_id": "30301"
  },
  {
    "review": "루카스가 드디어 부활함",
    "date": "14.09.13",
    "rating": "10",
    "author": "jetr****",
    "review_id": "9210540",
    "movie_id": "30301"
  },
  {
    "review": "비장미 넘치는 화려한 다리",
    "date": "14.08.23",
    "rating": "10",
    "author": "pota****",
    "review_id": "9124598",
    "movie_id": "30301"
  },
  {
    "review": "스타워즈1,2의 똥을 3가 캐리한 영화",
    "date": "14.08.22",
    "rating": "10",
    "author": "taes****",
    "review_id": "9122082",
    "movie_id": "30301"
  },
  {
    "review": "20년 뒤엔 피카츄한테까지 의미부여할 사람들",
    "date": "14.08.13",
    "rating": "4",
    "author": "masa****",
    "review_id": "9078504",
    "movie_id": "30301"
  },
  {
    "review": "악에 물들어가는 과정이 좀 거시기 했으나, 압도적인 상상력의 스타워즈니까",
    "date": "14.08.11",
    "rating": "10",
    "author": "ccob****",
    "review_id": "9066992",
    "movie_id": "30301"
  },
  {
    "review": "6부작 중 가장 완성도가 높다. 이전 5편은 모두 에피소드 3을 위해 존재하는 것 같다.",
    "date": "14.08.09",
    "rating": "10",
    "author": "cont****",
    "review_id": "9058140",
    "movie_id": "30301"
  },
  {
    "review": "스타워즈 에피소드 3이 제일 재밌다.",
    "date": "14.08.05",
    "rating": "10",
    "author": "abe3****",
    "review_id": "9029923",
    "movie_id": "30301"
  },
  {
    "review": "스타워즈 팬이라면 전 시리즈중에서 제일 졸작인걸 단박에 알텐데...",
    "date": "14.08.04",
    "rating": "6",
    "author": "vonj****",
    "review_id": "9022503",
    "movie_id": "30301"
  },
  {
    "review": "재밌는 영화는 틀림없지만 너무 유치한 장면이 많다 시리즈물로 배트맨 보다 한참 아래",
    "date": "14.07.30",
    "rating": "8",
    "author": "enfc****",
    "review_id": "8982062",
    "movie_id": "30301"
  },
  {
    "review": "cg.스토리.주연,연기,음악,감동 모든게 완벽하다 1~2편도잼있었찌만 3편은1~2편보다더 진화해서돌아왔따",
    "date": "14.07.24",
    "rating": "10",
    "author": "dnjs****",
    "review_id": "8949350",
    "movie_id": "30301"
  },
  {
    "review": "지루하고 불필요한 로맨스, 스토리 전개가 너무 느리다",
    "date": "14.07.18",
    "rating": "1",
    "author": "jjaj****",
    "review_id": "8926727",
    "movie_id": "30301"
  },
  {
    "review": "스타워즈 시리즈 중 가장 잼있고 가장 슬픔.",
    "date": "14.06.26",
    "rating": "10",
    "author": "igel****",
    "review_id": "8859734",
    "movie_id": "30301"
  },
  {
    "review": "아나킨이 악의세력으로 물들어가는걸 설득력있게 잘 그려냈다. 액션은 말할 것도 없고. 한 가지 의문이 가는 게,윈두랑 시스로드랑 싸울 때 허당처럼 싸운것처럼 느껴진건 나 뿐인가..뭔가 허당처럼 싸운것 같은데.",
    "date": "14.06.24",
    "rating": "9",
    "author": "sgh3****",
    "review_id": "8851071",
    "movie_id": "30301"
  },
  {
    "review": "완전 대박이다 짱!!!!",
    "date": "14.06.21",
    "rating": "10",
    "author": "will****",
    "review_id": "8844969",
    "movie_id": "30301"
  },
  {
    "review": "어렸을때 엄청 좋아했었던 영화. 흑형 혼자 보라색광선검이라 신기했었지",
    "date": "14.06.18",
    "rating": "10",
    "author": "ycg0****",
    "review_id": "8839444",
    "movie_id": "30301"
  },
  {
    "review": "최고 그 자체 이 영화는 화려한 액션을 바탕으로한 SF 액션 영화의대작이라 생각한다",
    "date": "14.06.04",
    "rating": "10",
    "author": "fklf****",
    "review_id": "8793788",
    "movie_id": "30301"
  },
  {
    "review": "대단하다 스타워즈 모든것을 초월하는 스토리...",
    "date": "14.06.04",
    "rating": "10",
    "author": "kdsk****",
    "review_id": "8793183",
    "movie_id": "30301"
  },
  {
    "review": "사연이 있는 악당의 탄생은 늘 극적이고 흥미롭다.  2시간 동안 펼쳐지는 장엄한 '스타워즈'의 세계를 관람하는 것만으로도 이 영화를 볼 이유는 충분하다.",
    "date": "14.06.02",
    "rating": "8",
    "author": "herp****",
    "review_id": "8788814",
    "movie_id": "30301"
  },
  {
    "review": "에피소드중 가장 싸움장면 많고 또 알아가는것도 많은듯",
    "date": "14.05.31",
    "rating": "10",
    "author": "psh0****",
    "review_id": "8780763",
    "movie_id": "30301"
  },
  {
    "review": "몇번을봐도잼있음ㅋㅋ",
    "date": "14.05.30",
    "rating": "10",
    "author": "goy5****",
    "review_id": "8777246",
    "movie_id": "30301"
  },
  {
    "review": "6개의 스타워즈중 최고",
    "date": "14.05.28",
    "rating": "10",
    "author": "odw0****",
    "review_id": "8772587",
    "movie_id": "30301"
  },
  {
    "review": "아나킨하고 오비완 싸우는 장면,정말 기를 쓰고 싸우는 것이 정말슬픔.그리고 요다하고 시디어스 싸우는 장면이 제일 멋있었음.아나킨이 다스베이더 될 때는 ost가 슬퍼서 눈물 나울뻔.게다가 2000년대 작품이다 보니 더 화질이 좋음",
    "date": "14.05.19",
    "rating": "10",
    "author": "seoj****",
    "review_id": "8747692",
    "movie_id": "30301"
  },
  {
    "review": "스토리, 액션, 연출, 뭐하나 빠지는 것이 없군. 특히 무스타파에서의 사제 대결은  최고였다.",
    "date": "14.05.19",
    "rating": "10",
    "author": "cato****",
    "review_id": "8746650",
    "movie_id": "30301"
  },
  {
    "review": "다스베이더를 위해 너무 멀리도 돌아온 길",
    "date": "14.05.12",
    "rating": "5",
    "author": "setm****",
    "review_id": "8725804",
    "movie_id": "30301"
  },
  {
    "review": "이건 진짜 무조건 봐야하는 영화임...다스베이더 의 시작",
    "date": "14.05.08",
    "rating": "10",
    "author": "fprh****",
    "review_id": "8716530",
    "movie_id": "30301"
  },
  {
    "review": "매우재미있었고 가장최근에나온작품이니화질도좋다.",
    "date": "14.05.07",
    "rating": "10",
    "author": "kozu****",
    "review_id": "8714569",
    "movie_id": "30301"
  },
  {
    "review": "영웅이 악의 유혹에 빠져 악당이 되어 결국은 모든 것을 파멸로 이끈 신화. 영상미와 스토리, 음악모두 최고다.",
    "date": "14.04.24",
    "rating": "10",
    "author": "leah****",
    "review_id": "8669226",
    "movie_id": "30301"
  },
  {
    "review": "명작입니다. 다스베이더 갑옷을 입고 다스베이더가 분오할때 정말 인상깊었습니다.",
    "date": "14.04.18",
    "rating": "10",
    "author": "jwch****",
    "review_id": "8657347",
    "movie_id": "30301"
  },
  {
    "review": "완벽한 결말 새로운 서막",
    "date": "14.04.06",
    "rating": "10",
    "author": "cjsx****",
    "review_id": "8631689",
    "movie_id": "30301"
  },
  {
    "review": "스타워즈가 정말로 재밌습니다.",
    "date": "14.04.05",
    "rating": "10",
    "author": "jjy3****",
    "review_id": "8630030",
    "movie_id": "30301"
  },
  {
    "review": "가장 기억에 남는 씬은,아나킨이 오비완에게 다리를잃고 불타며 고통스러워하는 장면..",
    "date": "14.04.04",
    "rating": "10",
    "author": "neop****",
    "review_id": "8627720",
    "movie_id": "30301"
  },
  {
    "review": "아나킨이 다스베이더가 되가는 과정과 연기 화려한 액션 모든게 최고",
    "date": "14.03.31",
    "rating": "10",
    "author": "dlcj****",
    "review_id": "8619423",
    "movie_id": "30301"
  },
  {
    "review": "에피소드 중에서는 제일 별루였다.",
    "date": "14.03.30",
    "rating": "8",
    "author": "mal_****",
    "review_id": "8618794",
    "movie_id": "30301"
  },
  {
    "review": "짱!~~~확장판도 만들지....",
    "date": "14.03.30",
    "rating": "10",
    "author": "smc7****",
    "review_id": "8618200",
    "movie_id": "30301"
  },
  {
    "review": "다스 베이더, 루크 스카이워커, 레아 공주의 탄생.",
    "date": "14.03.25",
    "rating": "8",
    "author": "ykdi****",
    "review_id": "8606396",
    "movie_id": "30301"
  },
  {
    "review": "6중최고'7716년후'99n'05.28년팬들흥분케한시리즈완결편.다스베이더탄생과정시스정체반전.공화정&자유주의죽음n제국탄생은나탈리포트만의<자유는이렇게죽군요우레와같은갈채와함께>나탈리죽음과쌍둥이탄생오버랩되며다베탄생씬.막씬,루클삼촌내외넘긴후일몰장",
    "date": "14.03.16",
    "rating": "10",
    "author": "phil****",
    "review_id": "8580224",
    "movie_id": "30301"
  },
  {
    "review": "프리퀼중에서 가장 괜찮은 정도가 아니라 상당한 걸작 전작들이 워낙 별로라서..",
    "date": "14.03.08",
    "rating": "9",
    "author": "dltk****",
    "review_id": "8563383",
    "movie_id": "30301"
  },
  {
    "review": "세대 우주를 넘나드는 스카이워커가의 비극!!",
    "date": "14.03.05",
    "rating": "9",
    "author": "jyg8****",
    "review_id": "8556548",
    "movie_id": "30301"
  },
  {
    "review": "재미와 영상, 탄탄한 플롯형태. 상업영화 중 단연 최고라고 불릴만한 영화이다.",
    "date": "14.03.03",
    "rating": "10",
    "author": "seoc****",
    "review_id": "8553002",
    "movie_id": "30301"
  },
  {
    "review": "다스베이더 가면쓰고 첫마디가 ... 아내는 어디잇냐고 ... 괜찮냐고 묻는 장면 ....영화사에 길이 남을 명장면 ....",
    "date": "14.02.16",
    "rating": "10",
    "author": "askc****",
    "review_id": "8512603",
    "movie_id": "30301"
  },
  {
    "review": "스타워즈 오리지날과 연결되는..다스베이더의 탄생은 SF역사상 정말 비극적이다",
    "date": "14.02.16",
    "rating": "9",
    "author": "wn01****",
    "review_id": "8512544",
    "movie_id": "30301"
  },
  {
    "review": "jj 에이브람스의 스타트렉이 한수 위라고 생각 한다. 그리고 jj 에이브람스의 스타워즈 에피소드 7이 기대 된다.",
    "date": "14.02.15",
    "rating": "8",
    "author": "kjs7****",
    "review_id": "8511067",
    "movie_id": "30301"
  },
  {
    "review": "보는내내 마음이 아팠다. 다스베이더의 탄생 과정은정말 비극이다...",
    "date": "14.02.10",
    "rating": "10",
    "author": "doo2****",
    "review_id": "8496352",
    "movie_id": "30301"
  },
  {
    "review": "가면쓰는순간 숨을 멈췄다",
    "date": "14.02.08",
    "rating": "10",
    "author": "hwae****",
    "review_id": "8486282",
    "movie_id": "30301"
  },
  {
    "review": "말이 필요없는 영화이다",
    "date": "14.02.02",
    "rating": "10",
    "author": "s000****",
    "review_id": "8466703",
    "movie_id": "30301"
  },
  {
    "review": "456편보고 123보면 또 다시 스타워즈 에피소드4 새로운 희망을 보고싶게 만든다",
    "date": "14.02.02",
    "rating": "10",
    "author": "zend****",
    "review_id": "8466495",
    "movie_id": "30301"
  },
  {
    "review": "스타워즈 1편과 맞아떨어지도록 잘 만든영화 최고의 에피소드 다스베이더의 탄생과 루크,레이어의 운명을 알수있는 레전드",
    "date": "14.02.02",
    "rating": "10",
    "author": "dwte****",
    "review_id": "8466409",
    "movie_id": "30301"
  },
  {
    "review": "레아는 왜 아줌마가 나와서",
    "date": "14.02.02",
    "rating": "10",
    "author": "eoqk****",
    "review_id": "8466404",
    "movie_id": "30301"
  },
  {
    "review": "정말 에피소드3는 스타워즈 시리즈중 최고의 에피소드입니다.^^",
    "date": "14.02.02",
    "rating": "10",
    "author": "ptg1****",
    "review_id": "8466377",
    "movie_id": "30301"
  },
  {
    "review": "미성년자 꼬맹이와 섹스해서 애 갖는 아미달라 할머니  아청법 위반 이거 보는 놈들 구속시켜라",
    "date": "14.02.01",
    "rating": "1",
    "author": "real****",
    "review_id": "8460727",
    "movie_id": "30301"
  }
]