[
  {
    "review": "14년이 훌쩍 지나 다시 감상해도 전혀 촌스럽지도 지루하지도 않네...  그때의 감동 그대로.. 크로우,카루소, 맥라이언 환상라인업",
    "date": "14.07.13",
    "rating": "10",
    "author": "soof****",
    "review_id": "8912978",
    "movie_id": "30320"
  },
  {
    "review": "두루잡탕 섞어찌개의 맛은...",
    "date": "14.07.11",
    "rating": "4",
    "author": "reco****",
    "review_id": "8905632",
    "movie_id": "30320"
  },
  {
    "review": "협상하는 척 하다 연애모드 가더니 고작 한다는 게 전쟁놀이",
    "date": "13.05.04",
    "rating": "2",
    "author": "expr****",
    "review_id": "7507461",
    "movie_id": "30320"
  },
  {
    "review": "볼만함",
    "date": "13.03.23",
    "rating": "7",
    "author": "eunv****",
    "review_id": "7400882",
    "movie_id": "30320"
  },
  {
    "review": "러셀 크로우 최고다. 눈빛이며 말투 하나까지 너무 섬세하다. 러브라인은 너무 뜬금없었지만 라스트는 정말 최고였고 만족스럽다.",
    "date": "13.02.14",
    "rating": "10",
    "author": "minw****",
    "review_id": "7262019",
    "movie_id": "30320"
  },
  {
    "review": "미묘한 심리적 변화추이를 잘 그려냈고.... 절박한 가운데.. 고도의 심리변화 연기... 역시 멕라이언!!!",
    "date": "12.12.15",
    "rating": "10",
    "author": "spar****",
    "review_id": "7007727",
    "movie_id": "30320"
  },
  {
    "review": "초반의 흥미가 줄곧 유지되는군",
    "date": "12.12.15",
    "rating": "7",
    "author": "guev****",
    "review_id": "7007051",
    "movie_id": "30320"
  },
  {
    "review": "재밌네",
    "date": "12.07.14",
    "rating": "8",
    "author": "dbzh****",
    "review_id": "6478184",
    "movie_id": "30320"
  },
  {
    "review": "4.0",
    "date": "12.06.30",
    "rating": "4",
    "author": "one5****",
    "review_id": "6431242",
    "movie_id": "30320"
  },
  {
    "review": "러셀크로우 멋잇네요",
    "date": "12.06.17",
    "rating": "8",
    "author": "mnoo****",
    "review_id": "6398594",
    "movie_id": "30320"
  },
  {
    "review": "나름재미있는데, 너무 느리더라, 밍기적대는 로맨스는 없앴다면 더 좋았을 것..",
    "date": "12.05.08",
    "rating": "9",
    "author": "pass****",
    "review_id": "6282525",
    "movie_id": "30320"
  },
  {
    "review": "재밌네 멕라이언 이쁘네요",
    "date": "12.04.01",
    "rating": "8",
    "author": "rava****",
    "review_id": "6186617",
    "movie_id": "30320"
  },
  {
    "review": "서로 다른 영화를 잘 믹스하진 못했다",
    "date": "12.03.03",
    "rating": "7",
    "author": "cont****",
    "review_id": "6121340",
    "movie_id": "30320"
  },
  {
    "review": "장르가 애매해서 아쉽다. 아예 인질 탈출극으로 서사를 정했으면 더욱 볼만했을듯",
    "date": "11.11.28",
    "rating": "7",
    "author": "kore****",
    "review_id": "5876709",
    "movie_id": "30320"
  },
  {
    "review": "이영화 장르가 뭐야 ?액션 로맨틱코미디?스릴러?드라마?출연진이 아까운영화 베스트탑",
    "date": "11.04.07",
    "rating": "1",
    "author": "mach****",
    "review_id": "5358931",
    "movie_id": "30320"
  },
  {
    "review": "러셀 크로우 빼고는 볼 게 없는 엉성하기 짝이 없는 영화",
    "date": "11.02.25",
    "rating": "4",
    "author": "kkw1****",
    "review_id": "5275377",
    "movie_id": "30320"
  },
  {
    "review": "커플로써,러쎌크로우와 멕라이언이 잘 어울리는것만은 부인할수없는 사실.",
    "date": "11.02.12",
    "rating": "7",
    "author": "baks****",
    "review_id": "5237854",
    "movie_id": "30320"
  },
  {
    "review": "이것이 진정한 레인보우식스!! 고고고",
    "date": "11.01.31",
    "rating": "9",
    "author": "dywl****",
    "review_id": "5198927",
    "movie_id": "30320"
  },
  {
    "review": "하고픈 말은 단 한마다 ’さようなら、永遠に’",
    "date": "10.10.09",
    "rating": "1",
    "author": "prel****",
    "review_id": "4893418",
    "movie_id": "30320"
  },
  {
    "review": "러셀크로우한테서 잭바우형님이 보였다ㅋㅋㅋㅋㅋ",
    "date": "10.08.27",
    "rating": "10",
    "author": "jcha****",
    "review_id": "4796716",
    "movie_id": "30320"
  },
  {
    "review": "이것도 저것도 아님 .. 싱겁",
    "date": "10.08.24",
    "rating": "3",
    "author": "9tru****",
    "review_id": "4789202",
    "movie_id": "30320"
  },
  {
    "review": "사랑이야기만 뺀다면 괜찮았을듯. 라스트 20분은 최고!!!",
    "date": "10.08.24",
    "rating": "8",
    "author": "robo****",
    "review_id": "4788867",
    "movie_id": "30320"
  },
  {
    "review": "어정쩡한영화.",
    "date": "10.07.27",
    "rating": "1",
    "author": "mr05****",
    "review_id": "4675895",
    "movie_id": "30320"
  },
  {
    "review": "러셀 크로우 good!",
    "date": "10.03.22",
    "rating": "9",
    "author": "khg8****",
    "review_id": "4376847",
    "movie_id": "30320"
  },
  {
    "review": "러셀 크로우. 역시 그는 남자다운 영화가 상당히 잘어울린다. 거기에 묵묵한 로맨스",
    "date": "10.03.11",
    "rating": "10",
    "author": "bora****",
    "review_id": "4349683",
    "movie_id": "30320"
  },
  {
    "review": "진정한 남자의 로망을 다룬 영화..감동이었다.",
    "date": "10.01.09",
    "rating": "9",
    "author": "alpi****",
    "review_id": "4152293",
    "movie_id": "30320"
  },
  {
    "review": "맥라이언의 연기는 조금 어색. 러셀크로는 괜찮았구. 마지막 20분은 꽤 볼만했다.",
    "date": "10.01.06",
    "rating": "8",
    "author": "jini****",
    "review_id": "4142262",
    "movie_id": "30320"
  },
  {
    "review": "액션으로 시작해서 멜로로 끝나다.",
    "date": "09.12.29",
    "rating": "2",
    "author": "evil****",
    "review_id": "4102721",
    "movie_id": "30320"
  },
  {
    "review": "왜 로맨스를 끼워놨지ㅋㅋ 괜히 작품흐려지잖아",
    "date": "09.10.09",
    "rating": "7",
    "author": "scre****",
    "review_id": "3882396",
    "movie_id": "30320"
  },
  {
    "review": "사랑하는 남편을 구하는 멋진 남자에게 끌리는 설정~~말이 되냐? 무슨 색녀냐?",
    "date": "08.12.25",
    "rating": "10",
    "author": "vedd****",
    "review_id": "3150906",
    "movie_id": "30320"
  },
  {
    "review": "맥라이언이 오랜만에 귀여운 표정으로 남자를 꼬시는군여.재미있네요",
    "date": "08.10.30",
    "rating": "10",
    "author": "luxu****",
    "review_id": "3027227",
    "movie_id": "30320"
  },
  {
    "review": "맥라이언 남편 역인 분 너무 고생한듯,,.ㅎ",
    "date": "08.10.26",
    "rating": "10",
    "author": "hyun****",
    "review_id": "3020919",
    "movie_id": "30320"
  },
  {
    "review": "조용하고 힘있는 러셀크로 화법이 인상적입니다",
    "date": "08.09.05",
    "rating": "10",
    "author": "ihpr****",
    "review_id": "2923944",
    "movie_id": "30320"
  },
  {
    "review": "러셀크로 팬이라면 꼭 보시길!! 멜로와 스릴이 적절히 재미있어요",
    "date": "07.12.31",
    "rating": "10",
    "author": "shiz****",
    "review_id": "2285336",
    "movie_id": "30320"
  },
  {
    "review": "조금이라도 오락성의 끈을놓으면 낮아지는 평점 씁슬..",
    "date": "07.09.14",
    "rating": "8",
    "author": "lsh4****",
    "review_id": "2020740",
    "movie_id": "30320"
  },
  {
    "review": "평점이 왜이리낮지. 정말 작품성있는영화..긴장감도최고",
    "date": "07.08.22",
    "rating": "10",
    "author": "dj16****",
    "review_id": "1968808",
    "movie_id": "30320"
  },
  {
    "review": "멕라이언과 러셀크로의 매력을 담고 있는 영화..",
    "date": "07.08.15",
    "rating": "7",
    "author": "vial****",
    "review_id": "1941453",
    "movie_id": "30320"
  },
  {
    "review": "긴장감이 약간 느슨한면도있지만 괜찮은 영화임.멕라이언예쁘던데ㅎㅎㅎ",
    "date": "07.08.13",
    "rating": "9",
    "author": "leey****",
    "review_id": "1933247",
    "movie_id": "30320"
  },
  {
    "review": "심하게망가진 멕라이언..이영화찍고 러셀에게 들이댔다 차였지..",
    "date": "07.01.14",
    "rating": "4",
    "author": "ghkd****",
    "review_id": "1384281",
    "movie_id": "30320"
  },
  {
    "review": "내가 볼땐 장르가 드라마인데...",
    "date": "07.01.08",
    "rating": "3",
    "author": "nala****",
    "review_id": "1368024",
    "movie_id": "30320"
  },
  {
    "review": "잼있게봤다. 마지막 인질(피터)구출할때 잼있었다.",
    "date": "06.12.22",
    "rating": "8",
    "author": "swet****",
    "review_id": "1313642",
    "movie_id": "30320"
  },
  {
    "review": "러셀좋아해서 그런가..넘 재밌었는데..",
    "date": "06.11.03",
    "rating": "10",
    "author": "dbdp****",
    "review_id": "1212635",
    "movie_id": "30320"
  },
  {
    "review": "액션이나 러브스토리 등 너무 밋밋~그나마 호반장님 덕에ㅎㅎ",
    "date": "06.09.29",
    "rating": "7",
    "author": "hye5****",
    "review_id": "1148403",
    "movie_id": "30320"
  },
  {
    "review": "호간지 반장님이 더 많이 나왔으면 좋았을텐데.",
    "date": "06.09.25",
    "rating": "7",
    "author": "gjdh****",
    "review_id": "1142558",
    "movie_id": "30320"
  },
  {
    "review": "재미있었음.",
    "date": "06.09.16",
    "rating": "10",
    "author": "firs****",
    "review_id": "1126457",
    "movie_id": "30320"
  },
  {
    "review": "뒷쪽 장면은 참 재미있더군..ㄱ-;; 뒷쪽만 봐서...ㅋㅋ",
    "date": "06.08.20",
    "rating": "8",
    "author": "wjle****",
    "review_id": "1061338",
    "movie_id": "30320"
  },
  {
    "review": "감독의 명성이 가라앉는 소리가 들리는 작품",
    "date": "06.08.13",
    "rating": "3",
    "author": "okjo****",
    "review_id": "1022170",
    "movie_id": "30320"
  },
  {
    "review": "상당히 재밌었는데 왜 이렇게 평점이 낮죠? ㅠㅠ 스릴도있었고..",
    "date": "06.08.09",
    "rating": "10",
    "author": "kopo****",
    "review_id": "989171",
    "movie_id": "30320"
  },
  {
    "review": "적당한 액션, 적당한 사랑- 그럭저럭 볼만한 영화//",
    "date": "06.08.03",
    "rating": "8",
    "author": "kee1****",
    "review_id": "959273",
    "movie_id": "30320"
  },
  {
    "review": "아니다 이건",
    "date": "06.08.02",
    "rating": "7",
    "author": "zeed****",
    "review_id": "955128",
    "movie_id": "30320"
  },
  {
    "review": "별로 볼거리도 없는데,,, 상영시간은 왜이렇게 길어",
    "date": "06.05.23",
    "rating": "5",
    "author": "anyo****",
    "review_id": "813668",
    "movie_id": "30320"
  },
  {
    "review": "그냥저냥..별로 그다지..그냥 시간 때우기 용으로..괜챦을수도",
    "date": "06.03.04",
    "rating": "7",
    "author": "inno****",
    "review_id": "703177",
    "movie_id": "30320"
  },
  {
    "review": "그럭저럭~볼만함~",
    "date": "06.02.07",
    "rating": "8",
    "author": "salg****",
    "review_id": "653019",
    "movie_id": "30320"
  },
  {
    "review": "지루함으로 똘돌뭉친영화",
    "date": "06.01.06",
    "rating": "6",
    "author": "kws7****",
    "review_id": "566151",
    "movie_id": "30320"
  },
  {
    "review": "추천 영화 중 하나 굳",
    "date": "05.07.31",
    "rating": "10",
    "author": "boye****",
    "review_id": "343611",
    "movie_id": "30320"
  },
  {
    "review": "레셀과 맥의 열애설만 알려진 영화. 허망햇던 영화",
    "date": "05.04.28",
    "rating": "4",
    "author": "si2p****",
    "review_id": "267595",
    "movie_id": "30320"
  },
  {
    "review": "이런 긴장감 떨어지는 인질 협상 영화도 찾기 힘들 것이다",
    "date": "05.03.28",
    "rating": "4",
    "author": "bmin****",
    "review_id": "249167",
    "movie_id": "30320"
  },
  {
    "review": "사회적 이슈? 액션? 사랑? 대체 뭘 말하려는 거지?",
    "date": "05.02.01",
    "rating": "6",
    "author": "kimj****",
    "review_id": "203662",
    "movie_id": "30320"
  },
  {
    "review": "잼있네요. 역쉬 \"러셀크로우\" 카리스마 짱이네요. 멕라이언도예쁘고요.",
    "date": "05.01.04",
    "rating": "10",
    "author": "jnwk****",
    "review_id": "177345",
    "movie_id": "30320"
  },
  {
    "review": "최악이라고 말하고 싶다..--;네이버 평점 절대 믿지 마시길..다 잤음",
    "date": "04.12.12",
    "rating": "2",
    "author": "ygsh****",
    "review_id": "161289",
    "movie_id": "30320"
  },
  {
    "review": "볼만한 영화입니다.",
    "date": "04.10.26",
    "rating": "9",
    "author": "zerd****",
    "review_id": "133030",
    "movie_id": "30320"
  },
  {
    "review": "난 데이빗 카루소가 더 멋있었다..",
    "date": "04.10.22",
    "rating": "5",
    "author": "thin****",
    "review_id": "130529",
    "movie_id": "30320"
  },
  {
    "review": "상당히 괜찮은 영화네요..",
    "date": "04.10.07",
    "rating": "9",
    "author": "masw****",
    "review_id": "121677",
    "movie_id": "30320"
  },
  {
    "review": "맥라이언이 오랜만에 귀여운 표정으로 남자를 꼬시는군여.재미있네요",
    "date": "04.03.30",
    "rating": "9",
    "author": "dicd****",
    "review_id": "32745",
    "movie_id": "30320"
  },
  {
    "review": "러셀크로우 왕멋있고 암튼 큰기대는 안했는데 잼썼음ㅎㅎ",
    "date": "04.01.08",
    "rating": "9",
    "author": "meen****",
    "review_id": "9046",
    "movie_id": "30320"
  }
]