[
  {
    "review": "독특한 소재와 멜 깁슨의 원맨쇼가 잘 어우러진다",
    "date": "15.08.22",
    "rating": "8",
    "author": "arkj****",
    "review_id": "10262816",
    "movie_id": "30343"
  },
  {
    "review": "치사하고 유치했지만 아름답다.",
    "date": "15.08.04",
    "rating": "8",
    "author": "come****",
    "review_id": "10182914",
    "movie_id": "30343"
  },
  {
    "review": "연애고자님들 꼭보세요~ 여잔 별거없어요,,공감해주고 소통잘되는게 무엇보다 중요해요.",
    "date": "15.07.07",
    "rating": "10",
    "author": "plmk****",
    "review_id": "10078662",
    "movie_id": "30343"
  },
  {
    "review": "프로이드를 비롯한 남성들이 가진 욕망의 대리만족",
    "date": "15.06.22",
    "rating": "7",
    "author": "syoc****",
    "review_id": "10021404",
    "movie_id": "30343"
  },
  {
    "review": "마지막이 아쉽지만 굳b",
    "date": "15.06.08",
    "rating": "10",
    "author": "eiza****",
    "review_id": "9984669",
    "movie_id": "30343"
  },
  {
    "review": "멜깁슨이 영화를 잘이끌어간다",
    "date": "15.06.07",
    "rating": "8",
    "author": "cred****",
    "review_id": "9983311",
    "movie_id": "30343"
  },
  {
    "review": "짧은 내용에 급하게 마무리하고.. 결말이 열린결말이라 좀 아쉽다.. 나만 그런가?",
    "date": "15.06.06",
    "rating": "10",
    "author": "89py****",
    "review_id": "9979479",
    "movie_id": "30343"
  },
  {
    "review": "다시 봐도 유쾌하고 재미있는 영화. 평범한듯 기발한 시나리오를 멜깁슨과 헬렌헌트가 깔끔하게 소화했다.",
    "date": "15.06.05",
    "rating": "9",
    "author": "remo****",
    "review_id": "9977473",
    "movie_id": "30343"
  },
  {
    "review": "진짜재밋음!!ㅋㅋㅋㅋ",
    "date": "15.05.22",
    "rating": "9",
    "author": "blue****",
    "review_id": "9938631",
    "movie_id": "30343"
  },
  {
    "review": "로맨틱 코메디 영화. 타임킬링. 여자 마음?",
    "date": "15.05.02",
    "rating": "9",
    "author": "umql****",
    "review_id": "9886364",
    "movie_id": "30343"
  },
  {
    "review": "한 길 여자 속 남자가 알아줄 때.",
    "date": "15.04.29",
    "rating": "6",
    "author": "ogr5****",
    "review_id": "9879040",
    "movie_id": "30343"
  },
  {
    "review": "이런 로코물이 또 나올까?",
    "date": "15.04.29",
    "rating": "10",
    "author": "ryon****",
    "review_id": "9878638",
    "movie_id": "30343"
  },
  {
    "review": "흥겨운 재즈음악을 들려주는 영화",
    "date": "15.04.29",
    "rating": "10",
    "author": "kool****",
    "review_id": "9878606",
    "movie_id": "30343"
  },
  {
    "review": "신선한 소재에 판타지 로코라니! 굿굿. ost도 좋았다!",
    "date": "15.04.23",
    "rating": "9",
    "author": "okre****",
    "review_id": "9857806",
    "movie_id": "30343"
  },
  {
    "review": "남자와 여자, 멈출수 없는 간극의 접촉",
    "date": "15.03.27",
    "rating": "8",
    "author": "jero****",
    "review_id": "9808986",
    "movie_id": "30343"
  },
  {
    "review": "누구나 원하는 여자의 마음을 읽는 초능력을 지니게되면서 타인에 대한 관심과 배려를 배운 이혼아버지의 사랑 필살기",
    "date": "15.03.25",
    "rating": "8",
    "author": "srab****",
    "review_id": "9805999",
    "movie_id": "30343"
  },
  {
    "review": "소재의 흥미로움만..",
    "date": "15.03.18",
    "rating": "7",
    "author": "nov_****",
    "review_id": "9790937",
    "movie_id": "30343"
  },
  {
    "review": "멜깁슨은 멋있고 헬렌 헌트는 아름다웠음",
    "date": "15.02.27",
    "rating": "10",
    "author": "ahal****",
    "review_id": "9744296",
    "movie_id": "30343"
  },
  {
    "review": "멜 깁슨의 그윽한 목소리와 유머러스한 농담의 적절한 조화가 탄생시킨 캐릭터와 OST로 등장한 재즈 거장 프랭크 시나트라의 음악은 한 곳으로 수렴했다. '보급형 된장스타일'인 나의 취향을 그야말로 저격한 영화.",
    "date": "15.02.20",
    "rating": "8",
    "author": "lim4****",
    "review_id": "9720668",
    "movie_id": "30343"
  },
  {
    "review": "영화자체도 훌륭하고 개인적으로는 여배우의 목소리에 빠져들었었던 첫번째 영화 . 이 영화 덕분에 귀가 트였다고나 할까. 덕분에 <19번째 남자>의 수잔서랜드의 아름다운 음성도 발견할 수 있었다. 알고보니 사투리를 아름답게 구사한 대표적인 영화라고.",
    "date": "15.02.02",
    "rating": "9",
    "author": "iuba****",
    "review_id": "9660028",
    "movie_id": "30343"
  },
  {
    "review": "가벼운 마음으로 보게 된 영화였는데 단순한 로맨틱 코미디가 아니었네요. 여운이 오래 갈 것 같아요. 최고! 안 봤음 후회할 뻔.",
    "date": "15.01.29",
    "rating": "10",
    "author": "miso****",
    "review_id": "9648693",
    "movie_id": "30343"
  },
  {
    "review": "지금은 흔한 소재지만 독특하고 볼만했다",
    "date": "15.01.14",
    "rating": "7",
    "author": "ehwj****",
    "review_id": "9591210",
    "movie_id": "30343"
  },
  {
    "review": "그렇게 재밌는 영화는 아니였다. 걍 그닥... 군대가기 전에 본듯.",
    "date": "14.12.16",
    "rating": "4",
    "author": "saro****",
    "review_id": "9477710",
    "movie_id": "30343"
  },
  {
    "review": "아.달달하고도 달달하도다. 여성들이여 손등과 이마에 키스를!",
    "date": "14.12.02",
    "rating": "8",
    "author": "dica****",
    "review_id": "9440359",
    "movie_id": "30343"
  },
  {
    "review": "광고관련 영화라 보게 됐는데두시간동안 집중해서 재밌게 봤네요.여주 남주 외모가 훌륭하다능..",
    "date": "14.10.31",
    "rating": "10",
    "author": "codu****",
    "review_id": "9330332",
    "movie_id": "30343"
  },
  {
    "review": "재밌게 봤다.,.,.,.,",
    "date": "14.10.29",
    "rating": "8",
    "author": "kem1****",
    "review_id": "9326264",
    "movie_id": "30343"
  },
  {
    "review": "모든 남자들의 궁극적인 꿈이 아닐까 싶다. 대체 저 여자는 무슨 생각을 하고 있는것일까?",
    "date": "14.10.24",
    "rating": "7",
    "author": "cksn****",
    "review_id": "9312659",
    "movie_id": "30343"
  },
  {
    "review": "아주 잘 만든 로맨틱코미디...멜깁슨의 변신이 새롭다",
    "date": "14.10.22",
    "rating": "8",
    "author": "lees****",
    "review_id": "9307669",
    "movie_id": "30343"
  },
  {
    "review": "ㅋㅋ 섹스의 신 ㅋㅋ 멜깁슨은 연기력 대단하네요,. 비버때도 놀랐는데.",
    "date": "14.10.10",
    "rating": "9",
    "author": "star****",
    "review_id": "9282595",
    "movie_id": "30343"
  },
  {
    "review": "문득 결말까지 보면서 주인공의 미래를 걱정했다 ㅋ 어떻게보면 능력으로 \"내 맘과 같군요...\"여주에게서 이 말이 나왔지만 이 말은 그동안 남주에 대해 여주가 왜 호감을 가졌는지 대표적인건데,  결말대로라면 만들어지지않는 미래를 걱정한다 ㅋㅋ",
    "date": "14.10.06",
    "rating": "9",
    "author": "rkdw****",
    "review_id": "9268950",
    "movie_id": "30343"
  },
  {
    "review": "헬렌 헌트 역시 매력 있음. 그러나 선호하지 않는 소재와 장르",
    "date": "14.09.29",
    "rating": "1",
    "author": "jjaj****",
    "review_id": "9248315",
    "movie_id": "30343"
  },
  {
    "review": "남녀의 이야기에 약간의 판타지를 섞어 유쾌하게 풀었다. 다만 개인적으로 여주인공을 줄리언무어로 했더라면 더 좋았을듯~",
    "date": "14.09.20",
    "rating": "7",
    "author": "whia****",
    "review_id": "9228118",
    "movie_id": "30343"
  },
  {
    "review": "꽤 재밌게 봤었던걸로 기억",
    "date": "14.07.19",
    "rating": "7",
    "author": "wooo****",
    "review_id": "8929347",
    "movie_id": "30343"
  },
  {
    "review": "유치한 영화를 좋아할 수 도 있지만 이 점수는 아닌듯.",
    "date": "14.07.06",
    "rating": "1",
    "author": "jere****",
    "review_id": "8891608",
    "movie_id": "30343"
  },
  {
    "review": "이처럼 유쾌하게 여자의 마음 속을 알 수 있다면 얼마나 좋을까?",
    "date": "14.07.06",
    "rating": "9",
    "author": "mank****",
    "review_id": "8890944",
    "movie_id": "30343"
  },
  {
    "review": "Warning! 에스트로겐 하이퍼씨크리션 Warning! 에스트로겐 하이퍼씨크리션",
    "date": "14.06.22",
    "rating": "3",
    "author": "expr****",
    "review_id": "8848353",
    "movie_id": "30343"
  },
  {
    "review": "신비한 소재의 영화.. 이 영화를 보며 느낀것은 로맨스와 신비한 소재라는 점.. 근데 남자의 마음을 읽는 신비한 여자를 다룬 소재의 영화는 없나요? 그런 소재도 재미있을듯한데 ㅋㅋ",
    "date": "14.06.17",
    "rating": "6",
    "author": "wang****",
    "review_id": "8837666",
    "movie_id": "30343"
  },
  {
    "review": "정말 재밌게 봤는데 인지도가 크게 없는게 아쉽네요. 누구나 재밌게 볼 수 있는 영화에요!",
    "date": "14.06.08",
    "rating": "10",
    "author": "kth1****",
    "review_id": "8812577",
    "movie_id": "30343"
  },
  {
    "review": "남자는 알아야한다, 여자가 어떻게 남자들을, 이 사회를 움직이는지...",
    "date": "14.05.17",
    "rating": "8",
    "author": "ferr****",
    "review_id": "8739069",
    "movie_id": "30343"
  },
  {
    "review": "재미와  감동을. 모두  준  영화",
    "date": "14.04.20",
    "rating": "10",
    "author": "case****",
    "review_id": "8660769",
    "movie_id": "30343"
  },
  {
    "review": "여자의 생각을 들을 수 있다는 설정은 신선하고 괜찮은 장면들도 있다. 하지만 결말은 충분하지 않고 설정의 가능성을 최대한으로 살리지 못했다.",
    "date": "14.03.20",
    "rating": "5",
    "author": "zxc1****",
    "review_id": "8588818",
    "movie_id": "30343"
  },
  {
    "review": "여자의 마음을 들여다 볼 수 있다면 세상을 다 가진 느낌 아닐까..?",
    "date": "14.01.22",
    "rating": "9",
    "author": "plto****",
    "review_id": "8409434",
    "movie_id": "30343"
  },
  {
    "review": "정말 무언가 느낀게 해주는 즐거운 영화입니다.",
    "date": "14.01.03",
    "rating": "9",
    "author": "jom3****",
    "review_id": "8343815",
    "movie_id": "30343"
  },
  {
    "review": "최고의 영화. 남자이지만 한여자를 사랑하고 내여자를 찾았을때 어떻게 대해야 할 지 조금이나마 배울 수 있었던 것 만으로도 최고의 영화.",
    "date": "13.12.30",
    "rating": "10",
    "author": "indi****",
    "review_id": "8325622",
    "movie_id": "30343"
  },
  {
    "review": "어바웃타임을 보고 생각난 영화! 사춘기때 이 영화를보고 참..저런남자를 만나자 생각했다.ㅋㅋ 다시 한번 보고싶다. 현재에 봐도 아직도 재미있을지..",
    "date": "13.12.09",
    "rating": "10",
    "author": "wtw1****",
    "review_id": "8201216",
    "movie_id": "30343"
  },
  {
    "review": "멜깁슨의 능청스러운 연기가  매력적임",
    "date": "13.12.08",
    "rating": "8",
    "author": "airk****",
    "review_id": "8198588",
    "movie_id": "30343"
  },
  {
    "review": "20세기 최고의, 혹은 21세기를 찬란하게 연 로맨틱 코미디.",
    "date": "13.10.20",
    "rating": "8",
    "author": "tear****",
    "review_id": "8074340",
    "movie_id": "30343"
  },
  {
    "review": "괜찮은 영화 이미 홍콩영화 리메이크도 봤다",
    "date": "13.09.16",
    "rating": "9",
    "author": "hose****",
    "review_id": "7986040",
    "movie_id": "30343"
  },
  {
    "review": "20세기말 손꼽히는 로멘틱코미디",
    "date": "13.08.16",
    "rating": "8",
    "author": "sssk****",
    "review_id": "7890146",
    "movie_id": "30343"
  },
  {
    "review": "잘 봤다. 한 30분 더 늘려서 보충해주면 좋겠는데..",
    "date": "13.08.07",
    "rating": "9",
    "author": "iii1****",
    "review_id": "7852754",
    "movie_id": "30343"
  },
  {
    "review": "no game, just sports",
    "date": "13.07.28",
    "rating": "9",
    "author": "shh2****",
    "review_id": "7795742",
    "movie_id": "30343"
  },
  {
    "review": "This is Romatic",
    "date": "13.07.23",
    "rating": "9",
    "author": "jjcv****",
    "review_id": "7779124",
    "movie_id": "30343"
  },
  {
    "review": "아 정말 탐나는 능력이로다. 결혼을 하지않을 사람들이라면 정말 가지고 싶은 기프트겠지만, 결혼을 한 사람이라면 오히려 좋지않을듯싶다. 사람이 언제나 듣고싶은말만 듣고 살고싶어할텐데....그런것을 여과없이 들어버릴테니..",
    "date": "13.07.10",
    "rating": "10",
    "author": "bajj****",
    "review_id": "7722126",
    "movie_id": "30343"
  },
  {
    "review": "ㄱ",
    "date": "13.06.21",
    "rating": "10",
    "author": "dddd****",
    "review_id": "7663682",
    "movie_id": "30343"
  },
  {
    "review": "소재만큼 새롭지 못한 진부한 스토리전개",
    "date": "13.06.08",
    "rating": "3",
    "author": "xlas****",
    "review_id": "7611508",
    "movie_id": "30343"
  },
  {
    "review": "12년이나 지나서 다시 본 영화인데.. 평점을 달게 만드는 힘이 있는 영화네요 멜깁슨 헬렌 헌트 최고^^",
    "date": "13.05.04",
    "rating": "10",
    "author": "alsr****",
    "review_id": "7505040",
    "movie_id": "30343"
  },
  {
    "review": "누구나 상상할 수 있지만, 이렇게 담아내기는 힘들 것 같은 작품.",
    "date": "13.04.28",
    "rating": "8",
    "author": "jjda****",
    "review_id": "7489085",
    "movie_id": "30343"
  },
  {
    "review": "로맨틱 코미디의 정석. 다양한 방면의 '사랑'을 다루려 한데서 조금 무리가 왔지만 수작임에 틀림없다.",
    "date": "13.03.15",
    "rating": "10",
    "author": "sala****",
    "review_id": "7349479",
    "movie_id": "30343"
  },
  {
    "review": "소재는 너무 재밌는대 지루한감이 꽤나 느껴진다",
    "date": "13.02.09",
    "rating": "7",
    "author": "gusg****",
    "review_id": "7242342",
    "movie_id": "30343"
  },
  {
    "review": "둘이 거실에서 춤추는 장면 무한반복이다 하레알 외롭다",
    "date": "13.01.29",
    "rating": "10",
    "author": "chiy****",
    "review_id": "7191145",
    "movie_id": "30343"
  },
  {
    "review": "본질이너무좋다",
    "date": "13.01.12",
    "rating": "9",
    "author": "sksd****",
    "review_id": "7103969",
    "movie_id": "30343"
  },
  {
    "review": "남의 생각을 읽는다는 인간의 본성을 긁으며 엄청난 흡입력으로 시선을 사로잡지만, 그것 하나로 두시간을 끌기에는 스토리상 빈틈이 너무 많다.",
    "date": "12.12.31",
    "rating": "7",
    "author": "jima****",
    "review_id": "7068992",
    "movie_id": "30343"
  },
  {
    "review": "킬링타임용으로 적절하군",
    "date": "12.12.11",
    "rating": "6",
    "author": "guev****",
    "review_id": "6992816",
    "movie_id": "30343"
  },
  {
    "review": "가볍게 볼만한 영화",
    "date": "12.11.17",
    "rating": "10",
    "author": "jojo****",
    "review_id": "6897431",
    "movie_id": "30343"
  },
  {
    "review": "가볍게 보기좋다.",
    "date": "12.11.08",
    "rating": "7",
    "author": "bbb2****",
    "review_id": "6864425",
    "movie_id": "30343"
  },
  {
    "review": "꽤 오래전에 본건데, 유머와유쾌함을 잃지않는 영화에요.",
    "date": "12.11.04",
    "rating": "8",
    "author": "rock****",
    "review_id": "6852997",
    "movie_id": "30343"
  },
  {
    "review": "어째서...제목이 '왓 위민 원트'인지??? 모지모지;;;",
    "date": "12.11.04",
    "rating": "8",
    "author": "bloo****",
    "review_id": "6852861",
    "movie_id": "30343"
  },
  {
    "review": "Very good!",
    "date": "12.09.04",
    "rating": "9",
    "author": "nost****",
    "review_id": "6670130",
    "movie_id": "30343"
  },
  {
    "review": "두번 본 영화.. 재밌었습니다 추천",
    "date": "12.08.27",
    "rating": "10",
    "author": "0079****",
    "review_id": "6648200",
    "movie_id": "30343"
  },
  {
    "review": "정말 재밌게봤다! 추천 ㅎㅎ",
    "date": "12.05.29",
    "rating": "10",
    "author": "sntu****",
    "review_id": "6346015",
    "movie_id": "30343"
  },
  {
    "review": "소재가 신선했음.. 여자주인공이 별로였지만.. 그래도 잼있었음..",
    "date": "12.03.06",
    "rating": "10",
    "author": "jnwk****",
    "review_id": "6126550",
    "movie_id": "30343"
  },
  {
    "review": "햐~ 나두~ 저런 충격 한번 받아봤으면~",
    "date": "12.02.04",
    "rating": "8",
    "author": "sute****",
    "review_id": "6050243",
    "movie_id": "30343"
  },
  {
    "review": "멜깁슨의 능글맞은 연기와 헬렌헌트의 멋진 보죠.무엇보다 시나리오의 힘",
    "date": "11.12.14",
    "rating": "7",
    "author": "reno****",
    "review_id": "5904456",
    "movie_id": "30343"
  },
  {
    "review": "재밌다~~~~~~~~~~",
    "date": "11.12.13",
    "rating": "10",
    "author": "ji30****",
    "review_id": "5904271",
    "movie_id": "30343"
  },
  {
    "review": "화장실에서 드라이기 욕조에 떨어뜨려서 죽을뻔한 장면은 드라이질할때마다 회상됨",
    "date": "11.11.04",
    "rating": "8",
    "author": "wlsg****",
    "review_id": "5828051",
    "movie_id": "30343"
  },
  {
    "review": "고저 처음 별점 주는데 ocn에서 자주 나오지만 좋다. 1시간 반정도 투자해서 볼만하다",
    "date": "11.10.06",
    "rating": "10",
    "author": "kkan****",
    "review_id": "5774773",
    "movie_id": "30343"
  },
  {
    "review": "독특한 구성미, 자연스럽게 이어지는 내용. 멋진 영화^^",
    "date": "11.09.25",
    "rating": "10",
    "author": "akj0****",
    "review_id": "5752496",
    "movie_id": "30343"
  },
  {
    "review": "기발한발상,재기있는연출,배우의호연&매력,따뜻함,메시지.갖출건다갖춘 로코",
    "date": "11.09.10",
    "rating": "8",
    "author": "orph****",
    "review_id": "5718673",
    "movie_id": "30343"
  },
  {
    "review": "내가 바로 원하던 거야!!!",
    "date": "11.07.25",
    "rating": "10",
    "author": "vose****",
    "review_id": "5567930",
    "movie_id": "30343"
  },
  {
    "review": "명불허전",
    "date": "11.07.25",
    "rating": "10",
    "author": "insi****",
    "review_id": "5567928",
    "movie_id": "30343"
  },
  {
    "review": "가장 좋아하는 로맨틱 코메디. 남자가 여자에게 하는 ' my hero'",
    "date": "11.07.05",
    "rating": "10",
    "author": "slee****",
    "review_id": "5523482",
    "movie_id": "30343"
  },
  {
    "review": "감동 ㅎㅎㅎㅎㅎ",
    "date": "11.05.21",
    "rating": "10",
    "author": "hn23****",
    "review_id": "5440982",
    "movie_id": "30343"
  },
  {
    "review": "울 나라는 이런 참신한 소재없나? 하나같이 조폭영화에..에효 쓰레기.",
    "date": "11.05.21",
    "rating": "10",
    "author": "snas****",
    "review_id": "5440727",
    "movie_id": "30343"
  },
  {
    "review": "굿굿",
    "date": "11.04.16",
    "rating": "10",
    "author": "kajh****",
    "review_id": "5376803",
    "movie_id": "30343"
  },
  {
    "review": "이런 능력 있음 좋겠다~!!! ㅋ",
    "date": "11.04.13",
    "rating": "8",
    "author": "tn99****",
    "review_id": "5372223",
    "movie_id": "30343"
  },
  {
    "review": "아지여인심?? 암튼 리메이크작 보고 원작에 더욱 열광하게 되는군요.",
    "date": "11.04.12",
    "rating": "8",
    "author": "kcsp****",
    "review_id": "5370335",
    "movie_id": "30343"
  },
  {
    "review": "소재가 정말 특이하고...다시봐도 재미있음ㅋ",
    "date": "11.03.31",
    "rating": "7",
    "author": "pmke****",
    "review_id": "5344652",
    "movie_id": "30343"
  },
  {
    "review": "재밌어욤ㅋㅋㅋ",
    "date": "11.02.05",
    "rating": "10",
    "author": "rwd5****",
    "review_id": "5218106",
    "movie_id": "30343"
  },
  {
    "review": "배우들의 능청스러움에 그럭저럭 볼만함",
    "date": "11.02.03",
    "rating": "4",
    "author": "inos****",
    "review_id": "5209411",
    "movie_id": "30343"
  },
  {
    "review": "여성에게 구원받는 한 남자의 이야기... 영웅이 역전된 이야기가 나름 신선했다",
    "date": "11.02.01",
    "rating": "10",
    "author": "gkdd****",
    "review_id": "5202754",
    "movie_id": "30343"
  },
  {
    "review": "평점 기웃거리다가 역시 이영화는 아직도 관심받겠지라고 생각했다. 정말이다.",
    "date": "11.01.13",
    "rating": "10",
    "author": "coco****",
    "review_id": "5154346",
    "movie_id": "30343"
  },
  {
    "review": "아무리 봐도 질리지않는 신선한 소재//",
    "date": "10.12.18",
    "rating": "10",
    "author": "toqu****",
    "review_id": "5063880",
    "movie_id": "30343"
  },
  {
    "review": "독특한 설정의 로맨틱 코미디",
    "date": "10.12.16",
    "rating": "8",
    "author": "yser****",
    "review_id": "5057340",
    "movie_id": "30343"
  },
  {
    "review": "우리의 인생에서도 때로는 용기와 진실함이 필요할 때가 있다. 멜깁슨, 매력적이다!",
    "date": "10.12.01",
    "rating": "8",
    "author": "thew****",
    "review_id": "5012197",
    "movie_id": "30343"
  },
  {
    "review": "헬렌헌트 .. 첫사랑하고 너무 닮아 너무 재밋게본",
    "date": "10.09.29",
    "rating": "10",
    "author": "me88****",
    "review_id": "4875488",
    "movie_id": "30343"
  },
  {
    "review": "ㅇㅇ",
    "date": "10.08.31",
    "rating": "10",
    "author": "dyfo****",
    "review_id": "4808515",
    "movie_id": "30343"
  },
  {
    "review": "감동적이에요 ㅎㅎ/",
    "date": "10.08.17",
    "rating": "10",
    "author": "kals****",
    "review_id": "4757169",
    "movie_id": "30343"
  },
  {
    "review": "유쾌한 소재,,,볼만했음 ~~~~~~~",
    "date": "10.07.30",
    "rating": "7",
    "author": "fnsk****",
    "review_id": "4688614",
    "movie_id": "30343"
  },
  {
    "review": "멜깁슨과 로맨틱코미디가 이렇게 잘 어울릴줄이야.",
    "date": "10.07.18",
    "rating": "10",
    "author": "ming****",
    "review_id": "4650100",
    "movie_id": "30343"
  },
  {
    "review": "그럭저럭볼만 ㅋㅋㅋㅋㅋ",
    "date": "10.07.13",
    "rating": "7",
    "author": "dodo****",
    "review_id": "4635314",
    "movie_id": "30343"
  }
]