[
  {
    "review": "미묘한 결말이다....",
    "date": "15.07.28",
    "rating": "6",
    "author": "vers****",
    "review_id": "10152394",
    "movie_id": "30413"
  },
  {
    "review": "지수원의 마지막 불꽃에 10점",
    "date": "15.05.14",
    "rating": "10",
    "author": "gudc****",
    "review_id": "9915387",
    "movie_id": "30413"
  },
  {
    "review": "지수원의 베드씬 연기는 일류인것같다...",
    "date": "15.03.03",
    "rating": "6",
    "author": "lidi****",
    "review_id": "9754214",
    "movie_id": "30413"
  },
  {
    "review": "빛나거나 미치거나에서 지수원보고 이거 생각나서 다시봤다  젊었을때 쩔었네ㄷㄷ",
    "date": "15.02.24",
    "rating": "9",
    "author": "mapo****",
    "review_id": "9735285",
    "movie_id": "30413"
  },
  {
    "review": "솔직히 여배우 누드빼곤 볼게 없다.지수원누드 때문에 6점.",
    "date": "15.01.10",
    "rating": "6",
    "author": "a109****",
    "review_id": "9580964",
    "movie_id": "30413"
  },
  {
    "review": "베니싱트윈이란 용어는이런 에로영화와어울리지않는다",
    "date": "14.05.13",
    "rating": "1",
    "author": "floo****",
    "review_id": "8728409",
    "movie_id": "30413"
  },
  {
    "review": "지수원의 연기와 몸매는 볼만했지만 스토리 자체가 지루한 스토리",
    "date": "13.12.17",
    "rating": "5",
    "author": "adiv****",
    "review_id": "8219478",
    "movie_id": "30413"
  },
  {
    "review": "마지막 베드씬이 없었다면 욕나올뻔 했다",
    "date": "13.10.12",
    "rating": "6",
    "author": "sipj****",
    "review_id": "8055420",
    "movie_id": "30413"
  },
  {
    "review": "소시적 지수원은 염정아 같은 지적이미지 여배우 상위계보의 중견급 강자였기에 배드신 자체가 꽤 놀라운 사건이었음. 영화는 망작이나 그거 하나로 5점가능",
    "date": "13.03.11",
    "rating": "5",
    "author": "quan****",
    "review_id": "7340382",
    "movie_id": "30413"
  },
  {
    "review": "지수원은 10점 만점에 10점",
    "date": "12.07.06",
    "rating": "10",
    "author": "kado****",
    "review_id": "6451882",
    "movie_id": "30413"
  },
  {
    "review": "뭔지 모르것다. 지수원의 노력만이 돋보일 뿐.",
    "date": "12.01.03",
    "rating": "3",
    "author": "redm****",
    "review_id": "5957300",
    "movie_id": "30413"
  },
  {
    "review": "막판에 지수원이 배드씬으로 불태우는구나",
    "date": "11.12.31",
    "rating": "5",
    "author": "hanx****",
    "review_id": "5948671",
    "movie_id": "30413"
  },
  {
    "review": "그당시 지수원은 매혹덩어리에 파격노출씬까지 영화는 둘째치고 남배우가 에러였던거",
    "date": "11.12.01",
    "rating": "3",
    "author": "cnjs****",
    "review_id": "5880260",
    "movie_id": "30413"
  },
  {
    "review": "촬영기법을 좀 독특하게 하려다 편집이 삼천포로 빠져버렸음 ㅎ",
    "date": "11.08.18",
    "rating": "3",
    "author": "kom_****",
    "review_id": "5665451",
    "movie_id": "30413"
  },
  {
    "review": "영화는 망작이나 지수원의 파격적인 노출 연기에 힘입어 5점은 받을 가치가 있다",
    "date": "11.04.01",
    "rating": "5",
    "author": "gall****",
    "review_id": "5347870",
    "movie_id": "30413"
  },
  {
    "review": "지수원 몸매는 예술 그자체 .......",
    "date": "11.02.07",
    "rating": "10",
    "author": "zann****",
    "review_id": "5226407",
    "movie_id": "30413"
  },
  {
    "review": "남자배우가 이정재 였다면 떴을거 같음",
    "date": "10.04.14",
    "rating": "10",
    "author": "sing****",
    "review_id": "4431771",
    "movie_id": "30413"
  },
  {
    "review": "이해가 안가는건 나뿐...영화 내용도 모르겠음",
    "date": "09.06.08",
    "rating": "2",
    "author": "sptl****",
    "review_id": "3552809",
    "movie_id": "30413"
  },
  {
    "review": "흔들리는 스토리 부족한 흥미거리.",
    "date": "09.02.24",
    "rating": "4",
    "author": "evil****",
    "review_id": "3330999",
    "movie_id": "30413"
  },
  {
    "review": "의외로 볼만했다. 누가 리뷰좀 썼으면 좋은데..",
    "date": "08.09.27",
    "rating": "6",
    "author": "almo****",
    "review_id": "2970842",
    "movie_id": "30413"
  },
  {
    "review": "그 옛날 이쁘던 지수원의 파격연기, 이 정도 점수는 주어야지",
    "date": "08.02.02",
    "rating": "8",
    "author": "bse5****",
    "review_id": "2397456",
    "movie_id": "30413"
  },
  {
    "review": "지수원에 연기와 몸매는 그야말로 환상적이였다..",
    "date": "07.12.10",
    "rating": "10",
    "author": "wh32****",
    "review_id": "2220391",
    "movie_id": "30413"
  },
  {
    "review": "리메이크를 기대하자",
    "date": "07.10.03",
    "rating": "10",
    "author": "kim6****",
    "review_id": "2067982",
    "movie_id": "30413"
  },
  {
    "review": "좋은 소재인데 남자배우 연기가 영 시원찮아 3류영화 같다",
    "date": "07.04.13",
    "rating": "6",
    "author": "blue****",
    "review_id": "1585687",
    "movie_id": "30413"
  },
  {
    "review": "보고 싶다...",
    "date": "07.01.03",
    "rating": "10",
    "author": "thom****",
    "review_id": "1353220",
    "movie_id": "30413"
  },
  {
    "review": "아무리 멋진 각본도 감독이 말아먹을수 있다",
    "date": "06.08.26",
    "rating": "2",
    "author": "okjo****",
    "review_id": "1079296",
    "movie_id": "30413"
  },
  {
    "review": "보고나서 허전하고 아쉬움",
    "date": "06.08.01",
    "rating": "8",
    "author": "zeed****",
    "review_id": "953513",
    "movie_id": "30413"
  },
  {
    "review": "이 각본으로 미국영화로 만들었으면 좋았을것을",
    "date": "06.01.09",
    "rating": "3",
    "author": "kws7****",
    "review_id": "573850",
    "movie_id": "30413"
  },
  {
    "review": "좀 아쉬운",
    "date": "06.01.02",
    "rating": "3",
    "author": "wons****",
    "review_id": "552105",
    "movie_id": "30413"
  },
  {
    "review": "누가 리메이크 좀 해 줬으면 좋겠는데... 아쉬움.",
    "date": "05.12.12",
    "rating": "3",
    "author": "tara****",
    "review_id": "502309",
    "movie_id": "30413"
  },
  {
    "review": "조아",
    "date": "05.11.28",
    "rating": "10",
    "author": "lsml****",
    "review_id": "487336",
    "movie_id": "30413"
  },
  {
    "review": "그저그런 먼가 부족한듯 허전한 영화",
    "date": "05.11.24",
    "rating": "5",
    "author": "gavi****",
    "review_id": "483720",
    "movie_id": "30413"
  },
  {
    "review": "그다지 흥미를 주지 못한다.",
    "date": "05.04.29",
    "rating": "6",
    "author": "jcr3****",
    "review_id": "268299",
    "movie_id": "30413"
  }
]