[
  {
    "review": "흥미로운 영화라고 본다...",
    "date": "14.12.14",
    "rating": "7",
    "author": "yana****",
    "review_id": "9473822",
    "movie_id": "30421"
  },
  {
    "review": "깔끔한 전개가 흥미를 줄곧 유지하는군",
    "date": "13.09.16",
    "rating": "7",
    "author": "guev****",
    "review_id": "7986099",
    "movie_id": "30421"
  },
  {
    "review": "홍콩 르와르가 생각나게하는 영화.사무엘 르 비앙의 연기가 너무 좋았다",
    "date": "12.04.05",
    "rating": "10",
    "author": "ari2****",
    "review_id": "6195717",
    "movie_id": "30421"
  },
  {
    "review": "옛날 서부의 어떤 황량한 마을에 떠돌이 총잡이가 신분을 숨기고 찾아오는데... ㅎㅎ",
    "date": "11.07.26",
    "rating": "8",
    "author": "heod****",
    "review_id": "5570607",
    "movie_id": "30421"
  },
  {
    "review": "말만 뉴 서부극이지만 서부극이 아닌.. 하지만 참 괜찮았다.",
    "date": "11.04.20",
    "rating": "10",
    "author": "milk****",
    "review_id": "5384083",
    "movie_id": "30421"
  },
  {
    "review": "에릭 로샹의 영화가 많이 수입되길 바랍니다",
    "date": "04.03.22",
    "rating": "8",
    "author": "ruhn****",
    "review_id": "30757",
    "movie_id": "30421"
  }
]