[
  {
    "review": "어렸을 적에 링과 함께 제일 무섭게 본 영화입니다.생각보다 평점은 낮네요~",
    "date": "15.08.08",
    "rating": "10",
    "author": "toqu****",
    "review_id": "10202276",
    "movie_id": "30458"
  },
  {
    "review": "지금봐도 재밌다ㅇㅅㅇ",
    "date": "14.07.05",
    "rating": "10",
    "author": "goah****",
    "review_id": "8887505",
    "movie_id": "30458"
  },
  {
    "review": "무섭게 본 일본 공포영화ㄷㄷ",
    "date": "14.06.26",
    "rating": "10",
    "author": "jcy1****",
    "review_id": "8859792",
    "movie_id": "30458"
  },
  {
    "review": "내가 극장서 본 최악의 영화",
    "date": "13.11.30",
    "rating": "1",
    "author": "love****",
    "review_id": "8178623",
    "movie_id": "30458"
  },
  {
    "review": "처음봤던게 팔년전인가 하는데 지금까지 여운이 남는 공포영화",
    "date": "13.08.18",
    "rating": "10",
    "author": "psi7****",
    "review_id": "7898492",
    "movie_id": "30458"
  },
  {
    "review": "귀신의 표정과 소리. 그장면 하나는 최고 공포. ㅋ그거 말곤 볼거 없음 ㅋㅋ",
    "date": "13.08.04",
    "rating": "9",
    "author": "liqu****",
    "review_id": "7837350",
    "movie_id": "30458"
  },
  {
    "review": "흠",
    "date": "13.02.16",
    "rating": "1",
    "author": "engr****",
    "review_id": "7271455",
    "movie_id": "30458"
  },
  {
    "review": "정말 어이가 없을정도로 맥이빠졌던 영화... 이제 좀 전개가 되겠군... 이라고 생각할즈음 엔딩올라가던 영화로 기억하는데... 비디오가게서 빌려서 교실에서 애들이랑 같이 본 영화인데... ㅎㅎㅎ 평점많이 올라갔군요 예전에 평점 4점대였던걸로 기억하",
    "date": "12.11.12",
    "rating": "4",
    "author": "dcts****",
    "review_id": "6881011",
    "movie_id": "30458"
  },
  {
    "review": "마지막 장면이 압권. 내가 본 귀신얼굴 중 제일 무서운거같다 ㅋ",
    "date": "12.10.15",
    "rating": "7",
    "author": "jeny****",
    "review_id": "6803894",
    "movie_id": "30458"
  },
  {
    "review": "볼만했음",
    "date": "12.06.26",
    "rating": "7",
    "author": "tjsw****",
    "review_id": "6417893",
    "movie_id": "30458"
  },
  {
    "review": "난  꽤 무섭게봣던.. 생각보다 평점이 낮은듯..",
    "date": "12.05.24",
    "rating": "9",
    "author": "bbud****",
    "review_id": "6327600",
    "movie_id": "30458"
  },
  {
    "review": "재미도없고 감동도없고..",
    "date": "12.01.05",
    "rating": "1",
    "author": "fiz0****",
    "review_id": "5961091",
    "movie_id": "30458"
  },
  {
    "review": "보다가 잠들었는데 누구 웃음소리에 깼떠니... 마지막장면;;",
    "date": "11.09.01",
    "rating": "9",
    "author": "ax01****",
    "review_id": "5702753",
    "movie_id": "30458"
  },
  {
    "review": "내가 본 공포영화중에 나이먹고 이성적으로 본 영화가운데 정말 무서운 영화;;",
    "date": "11.08.25",
    "rating": "10",
    "author": "knch****",
    "review_id": "5686294",
    "movie_id": "30458"
  },
  {
    "review": "맨 마지막에 귀신웃는소리가 정말 무섭다.",
    "date": "11.07.16",
    "rating": "10",
    "author": "wogh****",
    "review_id": "5548370",
    "movie_id": "30458"
  },
  {
    "review": "전체를 아우르는 능력은 모자르나 부분적인 공포적 연출은 꽤 섬짓한게 나카타의 특징",
    "date": "11.05.31",
    "rating": "5",
    "author": "gall****",
    "review_id": "5458664",
    "movie_id": "30458"
  },
  {
    "review": "귀신이 무표정에서 갑자기 웃을때 식겁함!!ㅠㅠ",
    "date": "10.12.24",
    "rating": "10",
    "author": "dong****",
    "review_id": "5080523",
    "movie_id": "30458"
  },
  {
    "review": "와...진짜 무서운영화찾아오신분 최고추천.....와....일본진짜 대단하다...",
    "date": "10.09.07",
    "rating": "10",
    "author": "lch0****",
    "review_id": "4822211",
    "movie_id": "30458"
  },
  {
    "review": "goood",
    "date": "10.06.17",
    "rating": "10",
    "author": "saty****",
    "review_id": "4570737",
    "movie_id": "30458"
  },
  {
    "review": "개념이없네 ㅋㅋㅋ",
    "date": "10.06.11",
    "rating": "1",
    "author": "fleh****",
    "review_id": "4558607",
    "movie_id": "30458"
  },
  {
    "review": "내가본 귀신얼굴중 제일 무섭다",
    "date": "10.01.11",
    "rating": "10",
    "author": "blai****",
    "review_id": "4159162",
    "movie_id": "30458"
  },
  {
    "review": "역시라는 말밖에...나카타 히데오 감독 좋아하시면 후회는 안하실듯",
    "date": "09.06.22",
    "rating": "10",
    "author": "nwco****",
    "review_id": "3582631",
    "movie_id": "30458"
  },
  {
    "review": "개봉당시엔 무서웠을지도 ...",
    "date": "09.05.05",
    "rating": "6",
    "author": "soul****",
    "review_id": "3469442",
    "movie_id": "30458"
  },
  {
    "review": "그래도 야밤에 홀로 공포영화 보고 싶은때 보니 조금은 오싹하니 좋군요.",
    "date": "09.02.26",
    "rating": "7",
    "author": "hj78****",
    "review_id": "3333631",
    "movie_id": "30458"
  },
  {
    "review": "네이버지식인에 낚여서 본 영화,,누가 무서운 영화랬어--존나짱재미없음,넘 옜날영화",
    "date": "08.11.26",
    "rating": "1",
    "author": "jch1****",
    "review_id": "3073914",
    "movie_id": "30458"
  },
  {
    "review": "최악이다 으~~ 주온, 링시리즈에 비해서 퀄리티가 많이 떨어지네..무섭지도 않고..",
    "date": "08.08.23",
    "rating": "1",
    "author": "koen****",
    "review_id": "2895660",
    "movie_id": "30458"
  },
  {
    "review": "티비 공포재연물 보듯 편하게 보다가 막판에 귀신땜에 존나 쫄았음 ㅠㅠ",
    "date": "08.07.18",
    "rating": "8",
    "author": "soyo****",
    "review_id": "2774130",
    "movie_id": "30458"
  },
  {
    "review": "60분동안 미지근하다 막판에 달리는 귀신, 나름 공포스러운 분위기에 +",
    "date": "08.06.07",
    "rating": "4",
    "author": "opis****",
    "review_id": "2685929",
    "movie_id": "30458"
  },
  {
    "review": "Don't look down on this film",
    "date": "08.03.14",
    "rating": "10",
    "author": "andy****",
    "review_id": "2519193",
    "movie_id": "30458"
  },
  {
    "review": "후기작품들이 너무 무서워서 그런거였지",
    "date": "07.12.16",
    "rating": "7",
    "author": "band****",
    "review_id": "2235882",
    "movie_id": "30458"
  },
  {
    "review": "새벽에 보다 기절할뻔.. 그 장면 하나에 점수준다.",
    "date": "07.11.02",
    "rating": "7",
    "author": "mina****",
    "review_id": "2127925",
    "movie_id": "30458"
  },
  {
    "review": "이건 담력이 아니라 호러센스로 보는 영화.. 디테일을 느낄 수 없다면 포기하기 바람",
    "date": "07.10.19",
    "rating": "9",
    "author": "leej****",
    "review_id": "2097713",
    "movie_id": "30458"
  },
  {
    "review": "잠을 부르는 무서운 포스란...",
    "date": "07.09.20",
    "rating": "3",
    "author": "tpsx****",
    "review_id": "2033510",
    "movie_id": "30458"
  },
  {
    "review": "너무 쓰레기 취급을 받네. 은근히 무서운데 ㅋ 일본 최고의 공포",
    "date": "07.08.20",
    "rating": "9",
    "author": "za19****",
    "review_id": "1964301",
    "movie_id": "30458"
  },
  {
    "review": "추천할 정도는 아니지만 10년 전 작품임을 생각하면 6점",
    "date": "07.08.18",
    "rating": "6",
    "author": "coco****",
    "review_id": "1953217",
    "movie_id": "30458"
  },
  {
    "review": "결말은 뭐 흐지부지지만 .  분위기 스산하고 무서웠어요 .",
    "date": "07.08.18",
    "rating": "8",
    "author": "whyn****",
    "review_id": "1953023",
    "movie_id": "30458"
  },
  {
    "review": "분위기는 좋았는데 이거뭐 좋다 말앗던",
    "date": "07.08.06",
    "rating": "3",
    "author": "park****",
    "review_id": "1891355",
    "movie_id": "30458"
  },
  {
    "review": "참 재미없게 봤었지",
    "date": "07.07.20",
    "rating": "1",
    "author": "yyyj****",
    "review_id": "1794819",
    "movie_id": "30458"
  },
  {
    "review": "결말이 흐지부지... 어두운 촬영소의 섬뜩한 분위기 묘사는 제대로다.",
    "date": "07.07.10",
    "rating": "6",
    "author": "teo0****",
    "review_id": "1763213",
    "movie_id": "30458"
  },
  {
    "review": "재미는 없지만, 한 장면은 정말 소름돋았다. 그래서 2점",
    "date": "07.07.10",
    "rating": "2",
    "author": "mari****",
    "review_id": "1763198",
    "movie_id": "30458"
  },
  {
    "review": "쓰레기공포영화1위",
    "date": "07.06.28",
    "rating": "1",
    "author": "akqh****",
    "review_id": "1724761",
    "movie_id": "30458"
  },
  {
    "review": "너무오래됐지만 이것만은 기억한다. 지겨워.",
    "date": "07.06.09",
    "rating": "4",
    "author": "jann****",
    "review_id": "1691226",
    "movie_id": "30458"
  },
  {
    "review": "진짜 다 기억 안나는데 마지막 장면은...ㅋㄹ",
    "date": "07.05.25",
    "rating": "10",
    "author": "cixh****",
    "review_id": "1658304",
    "movie_id": "30458"
  },
  {
    "review": "당시 시네코아에서 이 영화 봤는데 일본영화 특유의 지루함에 재미 없었음.",
    "date": "07.05.15",
    "rating": "1",
    "author": "lynd****",
    "review_id": "1639900",
    "movie_id": "30458"
  },
  {
    "review": "미적지근.. 영 똥누고 뭐가 끼인 듯한 찝찔한 느낌. 분위기는 좋았다.",
    "date": "07.05.07",
    "rating": "6",
    "author": "bepl****",
    "review_id": "1626998",
    "movie_id": "30458"
  },
  {
    "review": "정말 너무 하다..;;이거보고 일본영화는 접하지 말아야 겠다고 생각했다",
    "date": "07.04.06",
    "rating": "1",
    "author": "wlsd****",
    "review_id": "1574603",
    "movie_id": "30458"
  },
  {
    "review": "나는 공포영화 무서워서 정말 못본다.근데 이 영화 웃으면서 봤다.코믹물",
    "date": "07.03.19",
    "rating": "1",
    "author": "pams****",
    "review_id": "1542402",
    "movie_id": "30458"
  },
  {
    "review": "내가아는귀신중가장무서웠던귀신 본지 4년이 지났지만 이귀신만은 잊혀지질않는다",
    "date": "07.03.13",
    "rating": "10",
    "author": "vogj****",
    "review_id": "1532321",
    "movie_id": "30458"
  },
  {
    "review": "승천하시겠네;; 이런 영화 만들지 마라",
    "date": "07.01.09",
    "rating": "1",
    "author": "ppp0****",
    "review_id": "1369509",
    "movie_id": "30458"
  },
  {
    "review": "돌겠네",
    "date": "06.11.19",
    "rating": "5",
    "author": "zeed****",
    "review_id": "1241745",
    "movie_id": "30458"
  },
  {
    "review": "처음에 죽는 장면 빼고는 기억이 하나도 안날정도.",
    "date": "06.10.19",
    "rating": "6",
    "author": "qqq2****",
    "review_id": "1188818",
    "movie_id": "30458"
  },
  {
    "review": "그래도 마지막 장면은 충격이었다.",
    "date": "06.10.09",
    "rating": "6",
    "author": "seri****",
    "review_id": "1172514",
    "movie_id": "30458"
  },
  {
    "review": "공포영화가 다이렇지 뭐",
    "date": "06.09.09",
    "rating": "5",
    "author": "love****",
    "review_id": "1114173",
    "movie_id": "30458"
  },
  {
    "review": "뭔가 부족하지만..긴장감과 분위기는 괜챦다..",
    "date": "06.08.26",
    "rating": "7",
    "author": "hide****",
    "review_id": "1081530",
    "movie_id": "30458"
  },
  {
    "review": "귀신연기하는 사람만 괜찮음..",
    "date": "06.08.06",
    "rating": "1",
    "author": "pohj****",
    "review_id": "977297",
    "movie_id": "30458"
  },
  {
    "review": "이거 보고 욕만 했음",
    "date": "06.07.02",
    "rating": "1",
    "author": "ilov****",
    "review_id": "867411",
    "movie_id": "30458"
  },
  {
    "review": "글쎄 첨엔 약간 긴장감이 있다가 처참하게 무너지는 후반",
    "date": "06.07.01",
    "rating": "2",
    "author": "baga****",
    "review_id": "865881",
    "movie_id": "30458"
  },
  {
    "review": "보는 사람의 관점에 따라 웃길수도, 무서울수도 있는 영화",
    "date": "06.06.12",
    "rating": "6",
    "author": "yung****",
    "review_id": "842307",
    "movie_id": "30458"
  },
  {
    "review": "심...심하잖아...",
    "date": "06.04.23",
    "rating": "3",
    "author": "ysrp****",
    "review_id": "772560",
    "movie_id": "30458"
  },
  {
    "review": "호러영화 중에 제일 무서웠는데요. 하나코보다 무서웠음",
    "date": "06.01.31",
    "rating": "10",
    "author": "ring****",
    "review_id": "636193",
    "movie_id": "30458"
  },
  {
    "review": "무서워..ㅜㅜ 귀신이랑 영화를 같이 보는 느낌이 들었음",
    "date": "06.01.26",
    "rating": "9",
    "author": "inju****",
    "review_id": "622514",
    "movie_id": "30458"
  },
  {
    "review": "라스트신이  정 말대박",
    "date": "06.01.12",
    "rating": "8",
    "author": "dime****",
    "review_id": "581687",
    "movie_id": "30458"
  },
  {
    "review": "끝부분에서 엄청나게 무섭다 귀신의 웃음소리",
    "date": "06.01.03",
    "rating": "10",
    "author": "qorg****",
    "review_id": "556488",
    "movie_id": "30458"
  },
  {
    "review": "내가 봤던 호러영화중 제일 무서웠어요~",
    "date": "05.12.16",
    "rating": "10",
    "author": "gogo****",
    "review_id": "508473",
    "movie_id": "30458"
  },
  {
    "review": "거 되게 무섭네 아직도 소름이 돋는",
    "date": "05.11.20",
    "rating": "4",
    "author": "okjo****",
    "review_id": "480024",
    "movie_id": "30458"
  },
  {
    "review": "그래도 공포영화라면 조금쯤은 무섭게 만들어주세요",
    "date": "05.11.06",
    "rating": "6",
    "author": "1231****",
    "review_id": "466226",
    "movie_id": "30458"
  },
  {
    "review": "라스트때 존내 무서웠다.",
    "date": "05.10.29",
    "rating": "10",
    "author": "one1****",
    "review_id": "458647",
    "movie_id": "30458"
  },
  {
    "review": "추억의영화",
    "date": "05.10.14",
    "rating": "10",
    "author": "pid8****",
    "review_id": "441888",
    "movie_id": "30458"
  },
  {
    "review": "나는 이 영화 되게 무섭게 봤었는데... ...",
    "date": "05.08.08",
    "rating": "9",
    "author": "gpem****",
    "review_id": "358208",
    "movie_id": "30458"
  },
  {
    "review": "몇번을 봤지만 한장면 빼고는 기억이 나지않는...",
    "date": "05.07.23",
    "rating": "4",
    "author": "luvi****",
    "review_id": "330827",
    "movie_id": "30458"
  },
  {
    "review": "잠안올때 보면 최고~ 강추~!!! 불면증이 싹 사라짐...",
    "date": "05.05.28",
    "rating": "1",
    "author": "istu****",
    "review_id": "288615",
    "movie_id": "30458"
  },
  {
    "review": "볼만함",
    "date": "05.05.13",
    "rating": "10",
    "author": "ollc****",
    "review_id": "277155",
    "movie_id": "30458"
  },
  {
    "review": "예상대로 재미있어요",
    "date": "05.05.13",
    "rating": "10",
    "author": "gita****",
    "review_id": "277153",
    "movie_id": "30458"
  },
  {
    "review": "60분간의 조용함. 5분간의 절정.",
    "date": "05.05.04",
    "rating": "9",
    "author": "nail****",
    "review_id": "270737",
    "movie_id": "30458"
  },
  {
    "review": "여러번 보면 그 숨겨진 복선을 알 수 있을 듯",
    "date": "04.12.09",
    "rating": "9",
    "author": "legn****",
    "review_id": "159698",
    "movie_id": "30458"
  },
  {
    "review": "공포영화인줄알고 봤다가 큰코다쳤네  졸리다 귀신도 졸라 웃기고",
    "date": "04.11.25",
    "rating": "4",
    "author": "kkek****",
    "review_id": "151678",
    "movie_id": "30458"
  },
  {
    "review": "특별히 애써 구해 볼만한 영화는 아니죠..나카다 히데오 감독이 이런 허덥",
    "date": "04.08.26",
    "rating": "1",
    "author": "swee****",
    "review_id": "97422",
    "movie_id": "30458"
  },
  {
    "review": "마지막 여자귀신 웃는소리가 장난아니죠..-ㅁ-!",
    "date": "04.04.28",
    "rating": "8",
    "author": "hiru****",
    "review_id": "39779",
    "movie_id": "30458"
  }
]