[
  {
    "review": "ㅋㅋㅋ뭔가 코믹적인 부분도 있고, 투명인간이 되면 영생도 얻고, 남자들이 하는 짓은 다 똑같고..ㅋㅋㅋ",
    "date": "15.08.26",
    "rating": "9",
    "author": "chos****",
    "review_id": "10277636",
    "movie_id": "30465"
  },
  {
    "review": "투명인간. 누구나 한번쯤 행각해봤을 그것. 대작.",
    "date": "15.07.19",
    "rating": "10",
    "author": "lsh5****",
    "review_id": "10118802",
    "movie_id": "30465"
  },
  {
    "review": "종합 평점은 6점 드립니다.",
    "date": "15.07.12",
    "rating": "6",
    "author": "terr****",
    "review_id": "10094287",
    "movie_id": "30465"
  },
  {
    "review": "렉승렉승감자가싹인ㅇ",
    "date": "15.03.26",
    "rating": "9",
    "author": "epql****",
    "review_id": "9808619",
    "movie_id": "30465"
  },
  {
    "review": "자연스러운 그래픽 덕분에  영화가 와닿을 수 있었다.",
    "date": "15.03.12",
    "rating": "7",
    "author": "jhbu****",
    "review_id": "9773990",
    "movie_id": "30465"
  },
  {
    "review": "색다른 소재. 그리고 잘 풀어냈다",
    "date": "15.03.09",
    "rating": "7",
    "author": "binn****",
    "review_id": "9768608",
    "movie_id": "30465"
  },
  {
    "review": "15세 관람가 영화가 슴가가 나오고 잔인하구나...",
    "date": "15.02.27",
    "rating": "7",
    "author": "spdl****",
    "review_id": "9744010",
    "movie_id": "30465"
  },
  {
    "review": "2000년에 나온 작품치곤 퀄리티가 굉장히 좋았다.",
    "date": "15.02.25",
    "rating": "8",
    "author": "xodu****",
    "review_id": "9738072",
    "movie_id": "30465"
  },
  {
    "review": "투명인간 한 번 됐다고 갑자기 온갖 범죄 다 저지르고다니는게 말이 되나 배울만큼배운사람인데",
    "date": "15.02.14",
    "rating": "7",
    "author": "rse6****",
    "review_id": "9694465",
    "movie_id": "30465"
  },
  {
    "review": "솔직히 진짜 진심 악당?인 세바스찬이 다 죽여버리길 바랬다,,",
    "date": "14.11.23",
    "rating": "8",
    "author": "fghy****",
    "review_id": "9412725",
    "movie_id": "30465"
  },
  {
    "review": "좋은 영화와 나쁜 영화 사이에 걸쳐져서 끝없이 이 사이를 진동하고 있다. 수번을 보았지만 여전히 판단이 어렵다.",
    "date": "14.11.17",
    "rating": "6",
    "author": "cksn****",
    "review_id": "9395891",
    "movie_id": "30465"
  },
  {
    "review": "진짜 괴물이 따로없네 ㅋㅋㅋㅋ  몸에 불이 붙고 오라지게 처맞아고 전지 찌짐이 되도 죽질 않네 ㅋㅋㅋㅋ",
    "date": "14.10.31",
    "rating": "7",
    "author": "kbj3****",
    "review_id": "9331243",
    "movie_id": "30465"
  },
  {
    "review": "여주가 좀...밉상케릭ㅜㅠ",
    "date": "14.10.31",
    "rating": "8",
    "author": "gydm****",
    "review_id": "9331240",
    "movie_id": "30465"
  },
  {
    "review": "여주가나쁜년이지 세바스찬투명인간만들어놓고 바람피고 밖에도못나가게하고 뒤ㅈ ㅕ야할 사람은 세바스찬이아니라 여주년이랑 매트엿다",
    "date": "14.09.28",
    "rating": "1",
    "author": "ahs4****",
    "review_id": "9246235",
    "movie_id": "30465"
  },
  {
    "review": "소재도 좋고 엘리자베스 슈도 아름답고 나름 긴장감도 살짝 있었음. 15세 관람 영화인데 여자 가슴이 나와서 깜짝 놀랐다는. 투명인간에 대한 상상 한번쯤 해봤으니 머",
    "date": "14.09.22",
    "rating": "5",
    "author": "jjaj****",
    "review_id": "9233826",
    "movie_id": "30465"
  },
  {
    "review": "진짜 세바스찬 불쌍....  투명인간됬다고 자기가 만든 실험에 마녀사냥당하고 격리시켜놓고  전여친은 남자랑 놀아나고",
    "date": "14.09.16",
    "rating": "8",
    "author": "dtr9****",
    "review_id": "9219864",
    "movie_id": "30465"
  },
  {
    "review": "먼치킨이지만 재미나게 볼만하다",
    "date": "14.09.16",
    "rating": "8",
    "author": "jung****",
    "review_id": "9219852",
    "movie_id": "30465"
  },
  {
    "review": "스토리 굿~! 투명인간이라는 신선한 소재로 만든 아주 신선한 영화. 특히 마지막장면은 아직도 긴장감을 갖게 만든다",
    "date": "14.09.13",
    "rating": "8",
    "author": "kyn9****",
    "review_id": "9211372",
    "movie_id": "30465"
  },
  {
    "review": "예전에 봤을땐 참 재밌었는데, 지금 다시보니 적외선고글  안쓰는 연구원들의 행동이 좀 답답했고 할로우맨의 행위도 너무 극단적이면서 좀 유치해 보였다. 세바스찬이 투명해진 상황보다 바퀴벌레보다 더 질긴 그의 생명력이 놀라울 따름. 그래도 여전히 재밌음.",
    "date": "14.08.20",
    "rating": "10",
    "author": "heod****",
    "review_id": "9113116",
    "movie_id": "30465"
  },
  {
    "review": "나도 투명인간이 되고 싶다",
    "date": "14.08.20",
    "rating": "1",
    "author": "mara****",
    "review_id": "9113058",
    "movie_id": "30465"
  },
  {
    "review": "소재도 보았고 당시에 몰입도도 좋은편이었다",
    "date": "14.08.09",
    "rating": "7",
    "author": "wind****",
    "review_id": "9052757",
    "movie_id": "30465"
  },
  {
    "review": "여주인공 이년이 OOO야 제맛인데 ㅋㅋ졸라 재미있게 감명깊게 잘 즐겨 봤다잉최고였어 내도 투명인간 되고싶네 ㅋㅋ",
    "date": "14.08.06",
    "rating": "9",
    "author": "yyho****",
    "review_id": "9038845",
    "movie_id": "30465"
  },
  {
    "review": "솔직히 어장한 여주인공과 같이 놀아난 친구놈이  더 개.같다",
    "date": "14.07.25",
    "rating": "6",
    "author": "joyx****",
    "review_id": "8954963",
    "movie_id": "30465"
  },
  {
    "review": "도덕성마저 투명해져버린 할로우맨... 한 남자의 욕망을 잘 표현했다고 본다. 재밌었다.",
    "date": "14.07.04",
    "rating": "9",
    "author": "rode****",
    "review_id": "8883774",
    "movie_id": "30465"
  },
  {
    "review": "좀 뭔가어설프고 부족했던 영화. 여기에 노출신이 있었나..",
    "date": "14.06.06",
    "rating": "4",
    "author": "jere****",
    "review_id": "8805755",
    "movie_id": "30465"
  },
  {
    "review": "지금와서 생각해보면 여주인공 존나 나쁜년ㅋㅋㅋ 남자친구 종범 만들어놓고 바람핌 ㅋㅋㅋㅋ",
    "date": "14.06.04",
    "rating": "8",
    "author": "hose****",
    "review_id": "8794154",
    "movie_id": "30465"
  },
  {
    "review": "옛날영화인데 지금봐도 몰입감 쩌네요잘 만든 영화인건 맞는듯 군더더기없어서 몰입감이 더 생기는거같아요여주 새 남친은 남주한테 자격지심이 많아보임",
    "date": "14.05.25",
    "rating": "9",
    "author": "whit****",
    "review_id": "8764087",
    "movie_id": "30465"
  },
  {
    "review": "투명인간 공포영화인 것 같음",
    "date": "14.05.01",
    "rating": "8",
    "author": "tjtj****",
    "review_id": "8690439",
    "movie_id": "30465"
  },
  {
    "review": "솔직히 여기선 누구도 선하다고 못본다. 자기일이 아니니 남은 상관 없다는 듯... 투명인간이 되었지만 원래 몸으로 돌아가기위해 생쥐꼴이되어 온갖고통을 받아도 주위의 동료들은 그를 멀리하낟.",
    "date": "14.04.07",
    "rating": "8",
    "author": "cd15****",
    "review_id": "8635169",
    "movie_id": "30465"
  },
  {
    "review": "인간의 본모습이 사라진후 겉으로 드러난 사악한 본성. 투명인간이라는 원초적 호기심을 희극이 아닌 비극으로 이끌어냈다.",
    "date": "14.01.02",
    "rating": "8",
    "author": "shki****",
    "review_id": "8341257",
    "movie_id": "30465"
  },
  {
    "review": "예전에 초등학교 저학년때 봤는데 tv에서 무료로해줬음 정말 재밌었던걸로 기억이남 짱!",
    "date": "13.12.24",
    "rating": "10",
    "author": "ehdd****",
    "review_id": "8288085",
    "movie_id": "30465"
  },
  {
    "review": "개봉당시에 꽤나 볼만했음.  감독이 영하 만들줄 아는 사람임",
    "date": "13.11.27",
    "rating": "7",
    "author": "adiv****",
    "review_id": "8171877",
    "movie_id": "30465"
  },
  {
    "review": "스토리도 좋고 몸매도 좋고...",
    "date": "13.11.25",
    "rating": "8",
    "author": "milk****",
    "review_id": "8166955",
    "movie_id": "30465"
  },
  {
    "review": "이종범성님 주연영화 ㅜ ㅜ종범니뮤",
    "date": "13.10.27",
    "rating": "10",
    "author": "mun8****",
    "review_id": "8093029",
    "movie_id": "30465"
  },
  {
    "review": "에너미 오브 스테이트와 마찬가지로 기술의 독점이 어떤 문제를 가져올 수 있는지 보여주는 영화. 에너미 오브 스테이트의 정부의 독점이었고, 할로우맨은 개인의 독점이었다. 하지만 그 이상도 이하도 아닌 평범한 스릴러.",
    "date": "13.10.05",
    "rating": "7",
    "author": "taml****",
    "review_id": "8037995",
    "movie_id": "30465"
  },
  {
    "review": "투명인간 공포 영화",
    "date": "13.09.10",
    "rating": "10",
    "author": "ehdw****",
    "review_id": "7964480",
    "movie_id": "30465"
  },
  {
    "review": "원래 CG는 가짜 티 팍팍 나는디 이 영화는 CG 어설프지 않고 괜찮네유. 2000년에 개봉한 영화인디 요즘의 CG보다 훨씬 좋네유. 실물 특수 효과도 있어서 더 좋았어유.",
    "date": "13.09.05",
    "rating": "10",
    "author": "real****",
    "review_id": "7950393",
    "movie_id": "30465"
  },
  {
    "review": "광기를 부추긴 전 여친이자 미친년!",
    "date": "13.08.11",
    "rating": "7",
    "author": "soof****",
    "review_id": "7869611",
    "movie_id": "30465"
  },
  {
    "review": "투명인간이 되고싶다는 꿈을 가지게했던 영화. 볼만햇음 예전엔 V",
    "date": "13.07.29",
    "rating": "10",
    "author": "yte7****",
    "review_id": "7796681",
    "movie_id": "30465"
  },
  {
    "review": "초월적 능력을 가진 인간은 악마가 된다..........",
    "date": "13.07.26",
    "rating": "8",
    "author": "orga****",
    "review_id": "7786628",
    "movie_id": "30465"
  },
  {
    "review": "철저하게 망쳐버린 2편에 비하면 수작.",
    "date": "13.06.25",
    "rating": "9",
    "author": "cred****",
    "review_id": "7679254",
    "movie_id": "30465"
  },
  {
    "review": "생각보다 평점이 낮네;",
    "date": "13.06.14",
    "rating": "10",
    "author": "tjrj****",
    "review_id": "7637697",
    "movie_id": "30465"
  },
  {
    "review": "인간의 과도한 호기심과 욕망은 결국 타락이다.. 과학의 도덕적책임에 대한 경각심의 메시지도 좋았고, 끝까지 긴장을 놓칠 수 없는 스릴러적 요소도 좋았다!",
    "date": "13.06.06",
    "rating": "9",
    "author": "chur****",
    "review_id": "7593878",
    "movie_id": "30465"
  },
  {
    "review": "이게 왜 15세 인걸까?,  보니까 진짜 무섭네....",
    "date": "13.06.04",
    "rating": "8",
    "author": "rldn****",
    "review_id": "7579213",
    "movie_id": "30465"
  },
  {
    "review": "어릴때 ocn에서 잠깐보고 생각나서 다운받아봤는데 기분나쁜영화지만 볼만함",
    "date": "13.05.25",
    "rating": "7",
    "author": "univ****",
    "review_id": "7554219",
    "movie_id": "30465"
  },
  {
    "review": "케인이  욕망을 분출 시키고 싶다는건 딱봐도 충분히 이해가 되는데, 누드씬은 쓸데 없었다. 투명소제인 만큼 스릴러를 강력하게 표현할 수 있었을지도 모르는데, 투명인간 활용이 많진 않았던것같다. 배수파이프전만 마음에듦",
    "date": "13.05.03",
    "rating": "6",
    "author": "aslg****",
    "review_id": "7504006",
    "movie_id": "30465"
  },
  {
    "review": "스토리는 쓰레기그래도 시각적효과 좋다",
    "date": "13.04.10",
    "rating": "5",
    "author": "soun****",
    "review_id": "7447342",
    "movie_id": "30465"
  },
  {
    "review": "스릴있다. 투명인간이라는 소재가 좋다.",
    "date": "13.04.01",
    "rating": "7",
    "author": "hoju****",
    "review_id": "7427733",
    "movie_id": "30465"
  },
  {
    "review": "폴 버호벤 영화는 역시 최고다.",
    "date": "13.02.26",
    "rating": "10",
    "author": "dnjz****",
    "review_id": "7303420",
    "movie_id": "30465"
  },
  {
    "review": "소재가 좋다. 누구나 꿈꾸던 투명인간을 현실화한 영화. 볼만한거 같다. 점수가 낮아 10점",
    "date": "13.01.30",
    "rating": "10",
    "author": "jwjw****",
    "review_id": "7194869",
    "movie_id": "30465"
  },
  {
    "review": "폴 버호벤 감독 작품치고... 넘 실망...ㅜㅠ",
    "date": "13.01.27",
    "rating": "5",
    "author": "spar****",
    "review_id": "7180606",
    "movie_id": "30465"
  },
  {
    "review": "스릴넘친다 근데 세바스찬 겁나게 안 죽네 끈질김ㅋㅋ 그리고 이거 19세로 바꾸는게 나을듯",
    "date": "13.01.27",
    "rating": "10",
    "author": "glak****",
    "review_id": "7180412",
    "movie_id": "30465"
  },
  {
    "review": "아주좋아",
    "date": "13.01.24",
    "rating": "10",
    "author": "p232****",
    "review_id": "7167137",
    "movie_id": "30465"
  },
  {
    "review": "어릴 때 보면서 왜 젖이 나오나 궁금해했던 영화.",
    "date": "13.01.10",
    "rating": "8",
    "author": "alsk****",
    "review_id": "7099147",
    "movie_id": "30465"
  },
  {
    "review": "주인공 답답해 디지는줄알앗다  답답한건뺴곤 다잼잇다",
    "date": "13.01.01",
    "rating": "7",
    "author": "ghkd****",
    "review_id": "7071501",
    "movie_id": "30465"
  },
  {
    "review": "인간의 숨어있는 욕망은 신체를 숨김으로써 오히려 분출된다.",
    "date": "13.01.01",
    "rating": "9",
    "author": "kos4****",
    "review_id": "7069459",
    "movie_id": "30465"
  },
  {
    "review": "재미있어.",
    "date": "12.12.25",
    "rating": "7",
    "author": "marc****",
    "review_id": "7046610",
    "movie_id": "30465"
  },
  {
    "review": "재밌게 봤다.",
    "date": "12.11.12",
    "rating": "7",
    "author": "kem1****",
    "review_id": "6881181",
    "movie_id": "30465"
  },
  {
    "review": "이게 15세라.",
    "date": "12.11.07",
    "rating": "9",
    "author": "jis6****",
    "review_id": "6863115",
    "movie_id": "30465"
  },
  {
    "review": "재밌기만 하구만..",
    "date": "12.11.03",
    "rating": "10",
    "author": "gusa****",
    "review_id": "6850873",
    "movie_id": "30465"
  },
  {
    "review": "존나 안죽어 OO끼",
    "date": "12.10.04",
    "rating": "10",
    "author": "quda****",
    "review_id": "6761726",
    "movie_id": "30465"
  },
  {
    "review": "평점 조정위원회에서 나왔습니다. 평점 조정을 위해 10점을 보탭니다. 본 위원회는 잘 알지도 못하면서 주절대는 분들 또는 전문가 흉내내느라 제한된 필력으로 애쓰시는 분들의 소탕을  위해 설립되었습니다.",
    "date": "12.07.24",
    "rating": "10",
    "author": "srig****",
    "review_id": "6522481",
    "movie_id": "30465"
  },
  {
    "review": "대체로 볼만했던 영화",
    "date": "12.07.20",
    "rating": "7",
    "author": "ci30****",
    "review_id": "6504923",
    "movie_id": "30465"
  },
  {
    "review": "아 진짜 왜15세인지도 모르겠고 친구들이랑 엄청 떨면서 봤네요... 무서워요..",
    "date": "12.07.18",
    "rating": "7",
    "author": "ahrv****",
    "review_id": "6491391",
    "movie_id": "30465"
  },
  {
    "review": "아직 다 보진 못했는데...제미있진 않아요...15보단 19금에 가까운것같기도하고요...",
    "date": "12.07.05",
    "rating": "2",
    "author": "wnst****",
    "review_id": "6446068",
    "movie_id": "30465"
  },
  {
    "review": "인간의 본성을 보여주는.. 재미있는 작품",
    "date": "12.06.06",
    "rating": "8",
    "author": "come****",
    "review_id": "6367529",
    "movie_id": "30465"
  },
  {
    "review": "베호벤 감독의 영화는 킬링타임용으로는 제격이다",
    "date": "12.06.01",
    "rating": "6",
    "author": "thra****",
    "review_id": "6353590",
    "movie_id": "30465"
  },
  {
    "review": "만들다 만 듯..",
    "date": "12.05.23",
    "rating": "2",
    "author": "pria****",
    "review_id": "6324360",
    "movie_id": "30465"
  },
  {
    "review": "폴버호밴 감독 .. 개실망",
    "date": "12.05.21",
    "rating": "1",
    "author": "chom****",
    "review_id": "6317526",
    "movie_id": "30465"
  },
  {
    "review": "딱 2000년 수준 ㅋㅋㅋ+스토리 얼개 수준도 초딩영화",
    "date": "12.05.13",
    "rating": "1",
    "author": "ilia****",
    "review_id": "6295654",
    "movie_id": "30465"
  },
  {
    "review": "투명이란 능력을 얻고 미쳐가는(?) 과학자이야기. 신선했지만 후반부 액션은 실망",
    "date": "12.05.04",
    "rating": "7",
    "author": "rltj****",
    "review_id": "6269367",
    "movie_id": "30465"
  },
  {
    "review": "질리도록 본 작품",
    "date": "12.05.01",
    "rating": "7",
    "author": "gion****",
    "review_id": "6261952",
    "movie_id": "30465"
  },
  {
    "review": "7점대 중반은 받을만해",
    "date": "12.04.25",
    "rating": "10",
    "author": "qwea****",
    "review_id": "6244045",
    "movie_id": "30465"
  },
  {
    "review": "케빈베이컨은 엑스맨에서도 세바스찬인데 여기서도 세바스찬이네ㅋㅋ 평행이론인가",
    "date": "12.03.16",
    "rating": "7",
    "author": "clam****",
    "review_id": "6147522",
    "movie_id": "30465"
  },
  {
    "review": "비슷한 생각을 가진 사람들 많군...보고나면 찝찝해..",
    "date": "12.03.11",
    "rating": "5",
    "author": "redd****",
    "review_id": "6137716",
    "movie_id": "30465"
  },
  {
    "review": "투명인간 물론 영화긴 하지만 실제로는 될 수 없으며 된다해도 앞이 보이지 않는 존",
    "date": "12.01.27",
    "rating": "7",
    "author": "nodu****",
    "review_id": "6027708",
    "movie_id": "30465"
  },
  {
    "review": "가족들이랑 같이 보고 엄청 민망했던 기억이..",
    "date": "11.11.19",
    "rating": "7",
    "author": "tn99****",
    "review_id": "5858285",
    "movie_id": "30465"
  },
  {
    "review": "익명성의 무서움..",
    "date": "11.11.08",
    "rating": "8",
    "author": "stcm****",
    "review_id": "5837047",
    "movie_id": "30465"
  },
  {
    "review": "티비에서 여러번 봤지만 볼때마다 스릴있다..",
    "date": "11.10.10",
    "rating": "10",
    "author": "dimp****",
    "review_id": "5781878",
    "movie_id": "30465"
  },
  {
    "review": "세월이 지나도 지루해지지 않는 탄탄함.",
    "date": "11.10.05",
    "rating": "8",
    "author": "jiyu****",
    "review_id": "5772910",
    "movie_id": "30465"
  },
  {
    "review": "능력을 가지고나니까 악해짐..그게 인간의 본성",
    "date": "11.08.07",
    "rating": "10",
    "author": "yyy2****",
    "review_id": "5616719",
    "movie_id": "30465"
  },
  {
    "review": "이거 졸라 잼있게 봤는데....",
    "date": "11.08.06",
    "rating": "10",
    "author": "pink****",
    "review_id": "5612656",
    "movie_id": "30465"
  },
  {
    "review": "완전재밋었던영화...",
    "date": "11.06.17",
    "rating": "10",
    "author": "pyun****",
    "review_id": "5485060",
    "movie_id": "30465"
  },
  {
    "review": "누구나 투명인간이 되면.. 악해지지 않을까..",
    "date": "11.05.07",
    "rating": "8",
    "author": "pree****",
    "review_id": "5412129",
    "movie_id": "30465"
  },
  {
    "review": "재밌다.",
    "date": "11.04.12",
    "rating": "7",
    "author": "xtai****",
    "review_id": "5370133",
    "movie_id": "30465"
  },
  {
    "review": "로나 미트라의 가슴을 볼 수 있는 좋은 영화",
    "date": "11.03.13",
    "rating": "10",
    "author": "kkw1****",
    "review_id": "5311016",
    "movie_id": "30465"
  },
  {
    "review": "재밌게 봤었음",
    "date": "11.03.05",
    "rating": "7",
    "author": "oaa1****",
    "review_id": "5295537",
    "movie_id": "30465"
  },
  {
    "review": "점수가 왜케낮지 또봐도 재밌는데",
    "date": "11.02.11",
    "rating": "10",
    "author": "ggzc****",
    "review_id": "5234944",
    "movie_id": "30465"
  },
  {
    "review": "한번 떨어지면 찾아올 수 힘들어지는感??",
    "date": "11.02.05",
    "rating": "3",
    "author": "yaky****",
    "review_id": "5216797",
    "movie_id": "30465"
  },
  {
    "review": "재밋는데?",
    "date": "11.01.23",
    "rating": "10",
    "author": "goma****",
    "review_id": "5177419",
    "movie_id": "30465"
  },
  {
    "review": "인간은 힘을 가지면 악마가 된다. 슈퍼맨 같은 영웅은 없다.",
    "date": "11.01.12",
    "rating": "10",
    "author": "heyh****",
    "review_id": "5151794",
    "movie_id": "30465"
  },
  {
    "review": "하나만 물어보자. 이게 어떻게 15세판정받았냐",
    "date": "11.01.05",
    "rating": "8",
    "author": "b_ho****",
    "review_id": "5131379",
    "movie_id": "30465"
  },
  {
    "review": "이런쥇일ㅋㅋㅋㅋ",
    "date": "11.01.02",
    "rating": "1",
    "author": "qjmb****",
    "review_id": "5119254",
    "movie_id": "30465"
  },
  {
    "review": "정신적인 측면과 새로운 소재를 잘 다룬 영화.",
    "date": "10.12.19",
    "rating": "4",
    "author": "ulti****",
    "review_id": "5065984",
    "movie_id": "30465"
  },
  {
    "review": "볼만은 한데 보고나면 기분이 불쾌해진다",
    "date": "10.11.07",
    "rating": "5",
    "author": "wini****",
    "review_id": "4942554",
    "movie_id": "30465"
  },
  {
    "review": "단순한 이야기. 반면 즐기기는 무한 질주, 때론. 태클도...",
    "date": "10.11.05",
    "rating": "5",
    "author": "izzo****",
    "review_id": "4940097",
    "movie_id": "30465"
  },
  {
    "review": "투명인간이란소제로 이런 SF졸작을만들다니",
    "date": "10.10.10",
    "rating": "6",
    "author": "enia****",
    "review_id": "4894729",
    "movie_id": "30465"
  },
  {
    "review": "재미없지는않았다.나름 그당시에는 잼있엇다.지금봐도 괜찬타",
    "date": "10.09.26",
    "rating": "10",
    "author": "cap1****",
    "review_id": "4870372",
    "movie_id": "30465"
  },
  {
    "review": "이건 2000년도 영화이다",
    "date": "10.09.24",
    "rating": "10",
    "author": "tkdv****",
    "review_id": "4863870",
    "movie_id": "30465"
  },
  {
    "review": "꽤 괜찮은 킬링타임용.",
    "date": "10.08.12",
    "rating": "7",
    "author": "mr05****",
    "review_id": "4737424",
    "movie_id": "30465"
  }
]