[
  {
    "review": "리차드기어 띄우기 이젠 그만",
    "date": "15.06.28",
    "rating": "5",
    "author": "poet****",
    "review_id": "10048149",
    "movie_id": "30487"
  },
  {
    "review": "리차드기어 때문에 봤지만. 정말 식상뻔하다 ㅠㅠ 현실적이지도 않고",
    "date": "15.03.11",
    "rating": "6",
    "author": "okre****",
    "review_id": "9772631",
    "movie_id": "30487"
  },
  {
    "review": "어렸을 때 티비에서 잠깐 봤던 기억이 있어서 봤는데, 어렸을 때의 기억보다 재미없는 영화였다. 몰입도 좀 안되고, 그래도 리차드 기어는 멋있었고, 여주는 이 영화에서 처음 봤지만 예뻤다.",
    "date": "15.02.05",
    "rating": "6",
    "author": "kyeo****",
    "review_id": "9670951",
    "movie_id": "30487"
  },
  {
    "review": "주연배우의 매력을 제대로 살리지 못한 영화. 진부하게 느껴짐.",
    "date": "14.09.18",
    "rating": "1",
    "author": "aolm****",
    "review_id": "9224557",
    "movie_id": "30487"
  },
  {
    "review": "이영화는진실한사랑그자체다 어쩌면 가장 위대한 영화!! 피상적으로만 바라보는 사람들은 모르겠지만",
    "date": "14.07.26",
    "rating": "10",
    "author": "clpo****",
    "review_id": "8960250",
    "movie_id": "30487"
  },
  {
    "review": "로맨스와 주연 배우들의 매력은 별로 없고, 남자 주인공의 심적 변화 과정은 진부하다.",
    "date": "14.01.23",
    "rating": "4",
    "author": "zxc1****",
    "review_id": "8413881",
    "movie_id": "30487"
  },
  {
    "review": "쓸쓸한 영화네요 그래도 볼만함",
    "date": "13.12.14",
    "rating": "10",
    "author": "okeu****",
    "review_id": "8214009",
    "movie_id": "30487"
  },
  {
    "review": "오래전 영화인데 이제야 보았네요, 리차드기어의 더 오래전 영화 프리티워먼과 유사한 감동이..., 잘 보았습니다.",
    "date": "13.11.15",
    "rating": "10",
    "author": "emar****",
    "review_id": "8139137",
    "movie_id": "30487"
  },
  {
    "review": "쓸쓸함이 느껴지는 이 시기에 보기에, 어떤 따사로움? 같은 게 느껴지는 영화",
    "date": "13.09.28",
    "rating": "10",
    "author": "keke****",
    "review_id": "8020290",
    "movie_id": "30487"
  },
  {
    "review": "다소 진부하고 엉성한 스토리가 아쉽긴하지만, 아름다운 영상미는 돋보였던 멜로영화.",
    "date": "13.08.03",
    "rating": "7",
    "author": "gshh****",
    "review_id": "7825269",
    "movie_id": "30487"
  },
  {
    "review": "진부하지만 아름답다 ~",
    "date": "13.08.02",
    "rating": "9",
    "author": "ko74****",
    "review_id": "7818383",
    "movie_id": "30487"
  },
  {
    "review": "왜 평점이 낮은지 모르겠네요저에겐 너무 좋은 영화이자 늘 소장하고있는 영화입니다",
    "date": "13.08.01",
    "rating": "9",
    "author": "dory****",
    "review_id": "7815161",
    "movie_id": "30487"
  },
  {
    "review": "두 배우 포텐 터졌다 연기력.",
    "date": "13.02.14",
    "rating": "7",
    "author": "prim****",
    "review_id": "7264662",
    "movie_id": "30487"
  },
  {
    "review": "그래도 리차드 기어다.공감을 못해도 분위기가 너무 좋은 영화다.",
    "date": "12.12.19",
    "rating": "9",
    "author": "rosy****",
    "review_id": "7016962",
    "movie_id": "30487"
  },
  {
    "review": "뉴욕에갔다와본 1인으로써 센트럴파크에 가을분위기를 물씬느끼려고 봤는대 가을분위기는커녕 러브스토리가 주를이뤘다는게...스토리가 꽤재재한게 크게와닿지않았음...그냥 리차드기어가멋있다는생각과 위노나의 미모에중점을두고봤다는거밖에는...",
    "date": "12.12.07",
    "rating": "8",
    "author": "m132****",
    "review_id": "6981173",
    "movie_id": "30487"
  },
  {
    "review": "왜일까 이 공감할 수 없는 러브스토리는...",
    "date": "12.02.04",
    "rating": "5",
    "author": "alte****",
    "review_id": "6051729",
    "movie_id": "30487"
  },
  {
    "review": "위노나리즈시절",
    "date": "11.11.15",
    "rating": "7",
    "author": "tjsw****",
    "review_id": "5851299",
    "movie_id": "30487"
  },
  {
    "review": "좀 식상하다",
    "date": "11.10.27",
    "rating": "5",
    "author": "dbzh****",
    "review_id": "5813053",
    "movie_id": "30487"
  },
  {
    "review": "스토리는 둘째치고, 우선 뉴욕의 가을단풍이 내  맘을 편안하게 해줘서 좋았다",
    "date": "11.10.25",
    "rating": "10",
    "author": "2700****",
    "review_id": "5810213",
    "movie_id": "30487"
  },
  {
    "review": "이 배우들에, 이 명성에.. 왜 평점이 낮을까 싶었는데 영화를 보고 나니 이해가 간다.",
    "date": "11.08.04",
    "rating": "6",
    "author": "come****",
    "review_id": "5598369",
    "movie_id": "30487"
  },
  {
    "review": "돈이 있어야 가능한 러브스토리?",
    "date": "11.05.27",
    "rating": "5",
    "author": "l_dl****",
    "review_id": "5450721",
    "movie_id": "30487"
  },
  {
    "review": "영화 단체 관람했었다 단체로 눈물흘리면서 잤음 내인생의 최악의 지루한영화",
    "date": "11.01.31",
    "rating": "1",
    "author": "hanl****",
    "review_id": "5200395",
    "movie_id": "30487"
  },
  {
    "review": "오글거리고 빤하고",
    "date": "11.01.16",
    "rating": "6",
    "author": "boy2****",
    "review_id": "5162555",
    "movie_id": "30487"
  },
  {
    "review": "어릴때 극장에서봄. 영화내용은둘째치고 캐스팅부터반은먹고들어감-19女",
    "date": "10.08.04",
    "rating": "10",
    "author": "psy9****",
    "review_id": "4704020",
    "movie_id": "30487"
  },
  {
    "review": "3류 드라마를 보는 듯하다",
    "date": "10.02.16",
    "rating": "5",
    "author": "cont****",
    "review_id": "4289530",
    "movie_id": "30487"
  },
  {
    "review": "나이가 많아도 돈많고 잘생긴 남자라면 여자들이 줄서있다는 사실.",
    "date": "09.11.05",
    "rating": "9",
    "author": "skss****",
    "review_id": "3938763",
    "movie_id": "30487"
  },
  {
    "review": "거기서 거기다.",
    "date": "09.09.30",
    "rating": "5",
    "author": "bbq2****",
    "review_id": "3861864",
    "movie_id": "30487"
  },
  {
    "review": "이런 류의 로맨스를 소망하는 남녀가 존재하는 것 같긴 하지만..",
    "date": "09.07.01",
    "rating": "3",
    "author": "kkot****",
    "review_id": "3603464",
    "movie_id": "30487"
  },
  {
    "review": "여자들이여 돈많은 나이든 남자를 조심하라..",
    "date": "09.06.23",
    "rating": "10",
    "author": "wate****",
    "review_id": "3584204",
    "movie_id": "30487"
  },
  {
    "review": "아 이 영화 이렇게 보니 또 보고싶네;; 굳!",
    "date": "09.05.17",
    "rating": "8",
    "author": "tleh****",
    "review_id": "3500899",
    "movie_id": "30487"
  },
  {
    "review": "이유가있나?약간의 빙정상하는 광경이 있긴하지만 그래도 아름답지 않았나..",
    "date": "08.12.11",
    "rating": "10",
    "author": "ugly****",
    "review_id": "3108205",
    "movie_id": "30487"
  },
  {
    "review": "뻔하디 뻔한 영화란 이런 것. 너무 뻔해서 당황스럽다.",
    "date": "08.10.04",
    "rating": "4",
    "author": "reco****",
    "review_id": "2982189",
    "movie_id": "30487"
  },
  {
    "review": "Falling of the Autumn leaves /리차드기어...나쁜놈..",
    "date": "08.02.18",
    "rating": "6",
    "author": "yeei****",
    "review_id": "2459544",
    "movie_id": "30487"
  },
  {
    "review": "내용이 무지 평범하긴해도 난 좋았고 위노나라이더 너무 귀여워요 ㅋㅋ",
    "date": "08.02.06",
    "rating": "10",
    "author": "dnrl****",
    "review_id": "2414367",
    "movie_id": "30487"
  },
  {
    "review": "리차드기어와 위노라라이더를 좋아하는 분만..",
    "date": "08.02.04",
    "rating": "8",
    "author": "evil****",
    "review_id": "2405386",
    "movie_id": "30487"
  },
  {
    "review": "Autumn In New York, 2000",
    "date": "08.01.28",
    "rating": "10",
    "author": "yoon****",
    "review_id": "2378816",
    "movie_id": "30487"
  },
  {
    "review": "보기전엔 연령대 좀 맞추지, 란 생각을 했었다.",
    "date": "07.12.14",
    "rating": "7",
    "author": "toto****",
    "review_id": "2230728",
    "movie_id": "30487"
  },
  {
    "review": "해피엔딩이 아나라서 좀 아쉬움...쩝 불쌍한 위노나 라이더 ㅋ.",
    "date": "07.11.24",
    "rating": "8",
    "author": "gil6****",
    "review_id": "2180042",
    "movie_id": "30487"
  },
  {
    "review": "시계에서 눈물이 쏟아졌다",
    "date": "07.11.24",
    "rating": "8",
    "author": "peac****",
    "review_id": "2179683",
    "movie_id": "30487"
  },
  {
    "review": "리차드 기어 멋있는데 영화는 그냥 ..",
    "date": "07.10.22",
    "rating": "8",
    "author": "dfsd****",
    "review_id": "2104847",
    "movie_id": "30487"
  },
  {
    "review": "좋앗는데 평점이낮군",
    "date": "07.10.21",
    "rating": "10",
    "author": "sunb****",
    "review_id": "2103483",
    "movie_id": "30487"
  },
  {
    "review": "이 정도로 허접한 스토리의 영화를 찾기도 쉽지않다",
    "date": "07.09.19",
    "rating": "1",
    "author": "nala****",
    "review_id": "2031454",
    "movie_id": "30487"
  },
  {
    "review": "티비에서 우연히 보았는데 가슴에 너무나도 와닿은 슬픈 영화였음",
    "date": "07.09.03",
    "rating": "10",
    "author": "deco****",
    "review_id": "1999323",
    "movie_id": "30487"
  },
  {
    "review": "위노라만 이뻤다",
    "date": "07.08.12",
    "rating": "6",
    "author": "k_yo****",
    "review_id": "1928258",
    "movie_id": "30487"
  },
  {
    "review": "그저 그랬다.아무리 봐도 내눈엔 둘이 안어울린다.내용도 고전이고.",
    "date": "07.05.25",
    "rating": "7",
    "author": "yong****",
    "review_id": "1658912",
    "movie_id": "30487"
  },
  {
    "review": "나이먹은 리차드를 봐야하고, 지루한 내용에 극장안의 분위기 말도못했지..",
    "date": "07.04.19",
    "rating": "5",
    "author": "jand****",
    "review_id": "1595533",
    "movie_id": "30487"
  },
  {
    "review": "영화의 분위기 자체는 좋았으나.",
    "date": "07.04.08",
    "rating": "6",
    "author": "ysrp****",
    "review_id": "1578618",
    "movie_id": "30487"
  },
  {
    "review": "러브스토리. 낙엽버전",
    "date": "07.03.29",
    "rating": "6",
    "author": "yana****",
    "review_id": "1560612",
    "movie_id": "30487"
  },
  {
    "review": "잔잔함과 풍경이 맘에드는영화....그리고 위노나 라이더의 미소....",
    "date": "07.02.26",
    "rating": "8",
    "author": "nwhg****",
    "review_id": "1503016",
    "movie_id": "30487"
  },
  {
    "review": "그냥 리차드 기어랑 위노나 라이더 보는재미 !뻔하긴 하지..",
    "date": "07.01.17",
    "rating": "7",
    "author": "cong****",
    "review_id": "1391450",
    "movie_id": "30487"
  },
  {
    "review": "그런대로 볼만은 한 영화...배우들이 짱짱하니.",
    "date": "07.01.09",
    "rating": "6",
    "author": "pucc****",
    "review_id": "1370646",
    "movie_id": "30487"
  },
  {
    "review": "각본 쓴인간 뇌를 개조해주고 싶었다.",
    "date": "07.01.04",
    "rating": "1",
    "author": "crac****",
    "review_id": "1356008",
    "movie_id": "30487"
  },
  {
    "review": "잔잔한..로맨티스트들이 좋아할만한 영화",
    "date": "06.12.30",
    "rating": "6",
    "author": "naeg****",
    "review_id": "1341830",
    "movie_id": "30487"
  },
  {
    "review": "또 불치병.. 그저그런 뻔한 스토리.. 풍경이 아깝다..",
    "date": "06.12.28",
    "rating": "5",
    "author": "ziyi****",
    "review_id": "1336191",
    "movie_id": "30487"
  },
  {
    "review": "별로 -_-",
    "date": "06.12.18",
    "rating": "4",
    "author": "4646****",
    "review_id": "1302241",
    "movie_id": "30487"
  },
  {
    "review": "가을에 꼭 맞는 영화.그러나 감동까지 기대하기에는 약간 부족함",
    "date": "06.09.17",
    "rating": "8",
    "author": "lmhc****",
    "review_id": "1127290",
    "movie_id": "30487"
  },
  {
    "review": "정말 최고였음  잔잔하고 너무 좋다",
    "date": "06.09.05",
    "rating": "10",
    "author": "xodi****",
    "review_id": "1106057",
    "movie_id": "30487"
  },
  {
    "review": "바람둥이에게찾아온진실한사랑...아픈이별...",
    "date": "06.08.16",
    "rating": "8",
    "author": "reki****",
    "review_id": "1038323",
    "movie_id": "30487"
  },
  {
    "review": "가을에 집에서 비디오로 볼만한 멜로영화..(설정이 좀 그렇지만)",
    "date": "06.08.15",
    "rating": "7",
    "author": "lshp****",
    "review_id": "1035675",
    "movie_id": "30487"
  },
  {
    "review": "내용은 그저 그랬지만 풍경과 위노나와 리차드 기어에 9점",
    "date": "06.07.18",
    "rating": "9",
    "author": "maro****",
    "review_id": "904874",
    "movie_id": "30487"
  },
  {
    "review": "자칫 신파극으로 빠질 스토리지만 영화는 전혀 그렇지 않다.",
    "date": "06.04.10",
    "rating": "7",
    "author": "movi****",
    "review_id": "756572",
    "movie_id": "30487"
  },
  {
    "review": "솔직히 별로..",
    "date": "06.01.30",
    "rating": "6",
    "author": "vies****",
    "review_id": "633729",
    "movie_id": "30487"
  },
  {
    "review": "너무나 감동적이고 슬픈 영화.",
    "date": "05.07.24",
    "rating": "9",
    "author": "leop****",
    "review_id": "332777",
    "movie_id": "30487"
  },
  {
    "review": "병원에서버버리를헤치며나오는장면과음악이넘아름다웠던영화",
    "date": "05.07.03",
    "rating": "10",
    "author": "bluc****",
    "review_id": "312146",
    "movie_id": "30487"
  },
  {
    "review": "너무 감동적인 영화예요. 특히 마지막 결말이 너무 슬퍼요.ㅠ",
    "date": "05.04.28",
    "rating": "10",
    "author": "love****",
    "review_id": "267529",
    "movie_id": "30487"
  },
  {
    "review": "위노나 때문에 봤지만 내용은 뻔하디 뻔한..",
    "date": "05.03.14",
    "rating": "5",
    "author": "fren****",
    "review_id": "241208",
    "movie_id": "30487"
  },
  {
    "review": "어울리지 않을 듯, 어울리는..",
    "date": "05.02.28",
    "rating": "6",
    "author": "p1ns****",
    "review_id": "232613",
    "movie_id": "30487"
  },
  {
    "review": "뉴욕의 가을은 씁쓸",
    "date": "05.02.12",
    "rating": "5",
    "author": "devi****",
    "review_id": "217423",
    "movie_id": "30487"
  },
  {
    "review": "이 영화 왜 만들었나ㅡㅡ",
    "date": "04.12.27",
    "rating": "2",
    "author": "dklf****",
    "review_id": "170718",
    "movie_id": "30487"
  },
  {
    "review": "리차드기어 땜에봤다기 엄청 후회한 영화",
    "date": "04.12.21",
    "rating": "1",
    "author": "kkdh****",
    "review_id": "166722",
    "movie_id": "30487"
  },
  {
    "review": "글쌔....슬프지만 너무 짜여진듯한",
    "date": "04.12.10",
    "rating": "4",
    "author": "hurr****",
    "review_id": "159788",
    "movie_id": "30487"
  },
  {
    "review": "리처드기어의 분위기가 살아있는 영화",
    "date": "04.11.27",
    "rating": "10",
    "author": "rlaf****",
    "review_id": "152714",
    "movie_id": "30487"
  },
  {
    "review": "식상한 스토리...하지만 잊을 수도 없는 스토리...",
    "date": "04.10.29",
    "rating": "9",
    "author": "wand****",
    "review_id": "134605",
    "movie_id": "30487"
  },
  {
    "review": "[러브스토리]의 어설픈 재탕..",
    "date": "04.10.15",
    "rating": "4",
    "author": "thin****",
    "review_id": "126042",
    "movie_id": "30487"
  },
  {
    "review": "배경과 분위기 짱~",
    "date": "04.10.08",
    "rating": "10",
    "author": "hans****",
    "review_id": "122053",
    "movie_id": "30487"
  },
  {
    "review": "연기와배경은좋았는데..아쉬운건 내용이 지루하면서 어색한전개..",
    "date": "04.10.02",
    "rating": "7",
    "author": "nthj****",
    "review_id": "118915",
    "movie_id": "30487"
  },
  {
    "review": "재밌긴 했지만..중간중간이 지루했던..;;",
    "date": "04.08.17",
    "rating": "8",
    "author": "back****",
    "review_id": "91800",
    "movie_id": "30487"
  },
  {
    "review": "뉴욕의멋진 낙엽진 거리를 잊지 못하죠...",
    "date": "04.06.07",
    "rating": "10",
    "author": "swee****",
    "review_id": "51241",
    "movie_id": "30487"
  },
  {
    "review": "엔딩이 별로 마음에 들진 않지만 감동적인 영화",
    "date": "04.02.02",
    "rating": "9",
    "author": "onef****",
    "review_id": "15118",
    "movie_id": "30487"
  },
  {
    "review": "뉴욕의 노란 단풍은, 한쌍의 연인들과 환상적이다.",
    "date": "03.12.20",
    "rating": "9",
    "author": "kkn9****",
    "review_id": "4264",
    "movie_id": "30487"
  }
]