[
  {
    "review": "댄서의 춤이 너무 멋있었다. 마지막이 다소 아쉬운 느낌은 있었다.",
    "date": "13.09.10",
    "rating": "8",
    "author": "cool****",
    "review_id": "7964228",
    "movie_id": "30491"
  },
  {
    "review": "이제 좀 볼만하다 싶었는데 끝나버리네요. . .ㅡ_ㅡ;;",
    "date": "11.02.23",
    "rating": "7",
    "author": "rodw****",
    "review_id": "5270348",
    "movie_id": "30491"
  },
  {
    "review": "감동적입니다. 춤으로 자유롭게 자신의 감정과 생각을 발산하는 벙어리 소녀 이야기",
    "date": "10.01.06",
    "rating": "9",
    "author": "kil6****",
    "review_id": "4139541",
    "movie_id": "30491"
  },
  {
    "review": "보통 춤영화는 배우들이 연기를 잘 하던지.. 춤만 잘추던지 합니다.",
    "date": "07.10.24",
    "rating": "10",
    "author": "knym****",
    "review_id": "2108434",
    "movie_id": "30491"
  },
  {
    "review": "개봉관에서 볼때 관객석에 나까지 딱 두명 있던거만 기억남.. 졸렸음.",
    "date": "07.08.23",
    "rating": "2",
    "author": "moon****",
    "review_id": "1972765",
    "movie_id": "30491"
  },
  {
    "review": "그녀가 음악을 표현하는 수단, 춤!!",
    "date": "07.08.01",
    "rating": "8",
    "author": "joy1****",
    "review_id": "1843453",
    "movie_id": "30491"
  },
  {
    "review": "눈길을 끄는 현란한 댄스와 안타까움.",
    "date": "06.11.11",
    "rating": "9",
    "author": "baek****",
    "review_id": "1226368",
    "movie_id": "30491"
  },
  {
    "review": "스토리 정말 진부하다. 여자 댄서, 남자과학자 원츄.",
    "date": "05.07.10",
    "rating": "5",
    "author": "bobo****",
    "review_id": "317849",
    "movie_id": "30491"
  },
  {
    "review": "주인공 춤정말잘추고..귀엽고..몸매도짱이고..감동도있었던 영화",
    "date": "05.03.04",
    "rating": "10",
    "author": "bell****",
    "review_id": "234929",
    "movie_id": "30491"
  },
  {
    "review": "여주인공의 춤솜씨만 볼만한 영화",
    "date": "04.11.01",
    "rating": "5",
    "author": "wonn****",
    "review_id": "137349",
    "movie_id": "30491"
  },
  {
    "review": "영화를 보는 동안은 음악은 듣는 것이 아니라 느낀는 것입니다.",
    "date": "04.07.05",
    "rating": "10",
    "author": "mock****",
    "review_id": "65908",
    "movie_id": "30491"
  },
  {
    "review": "주인공이 말을못한다는 이유로 내쫗다니 나뻐여",
    "date": "04.05.01",
    "rating": "10",
    "author": "zero****",
    "review_id": "40329",
    "movie_id": "30491"
  },
  {
    "review": "돈주면서 까진 보고싶지 않은영화",
    "date": "04.04.03",
    "rating": "3",
    "author": "bcg8****",
    "review_id": "33650",
    "movie_id": "30491"
  },
  {
    "review": "춤에 대한 새로운 도전..",
    "date": "04.03.30",
    "rating": "9",
    "author": "triu****",
    "review_id": "32778",
    "movie_id": "30491"
  }
]