[
  {
    "review": "짧은 시간내에 스토리와 액션을 잘 나타냄. 특히 거친 연출이 마음에 든다.",
    "date": "15.05.27",
    "rating": "7",
    "author": "jiyu****",
    "review_id": "9953199",
    "movie_id": "30545"
  },
  {
    "review": "1시간 30분이 20분 짜리 애니메이션을 보는듯 재미있게 봤다.",
    "date": "15.05.24",
    "rating": "9",
    "author": "caki****",
    "review_id": "9943659",
    "movie_id": "30545"
  },
  {
    "review": "말이 필요없습니다. 좋아요. 재미있어요. 강추 강추",
    "date": "15.04.24",
    "rating": "10",
    "author": "2wat****",
    "review_id": "9863386",
    "movie_id": "30545"
  },
  {
    "review": "일본 애니메이션이 이 당시에도 얼마나 뛰어났는지 보여주는 수작",
    "date": "15.02.06",
    "rating": "10",
    "author": "sala****",
    "review_id": "9673800",
    "movie_id": "30545"
  },
  {
    "review": "뭐지,, 그냥 별 기대없이 봤는데,,  재밌다,,",
    "date": "14.11.27",
    "rating": "10",
    "author": "fghy****",
    "review_id": "9426105",
    "movie_id": "30545"
  },
  {
    "review": "요수도시의 재미를 주진 못한다.",
    "date": "14.10.28",
    "rating": "6",
    "author": "kem1****",
    "review_id": "9323808",
    "movie_id": "30545"
  },
  {
    "review": "디씨 유식대장님이 소싯적에  무사쥬베이 LD를 수입했다가 경찰에 잡혔다고 합니다.",
    "date": "14.09.10",
    "rating": "5",
    "author": "kunm****",
    "review_id": "9200136",
    "movie_id": "30545"
  },
  {
    "review": "약간 새드엔딩이지만 결말이 좋았던 애니.  특히 대나무숲의 결투는 다시봐도 간지~~",
    "date": "14.09.09",
    "rating": "9",
    "author": "cats****",
    "review_id": "9193432",
    "movie_id": "30545"
  },
  {
    "review": "말이 필요 없다. 하드고어의 걸작 최고다.",
    "date": "14.09.08",
    "rating": "10",
    "author": "scly****",
    "review_id": "9184728",
    "movie_id": "30545"
  },
  {
    "review": "닌자 덕후를 원하나 이걸 봐라",
    "date": "14.07.07",
    "rating": "10",
    "author": "gimt****",
    "review_id": "8893138",
    "movie_id": "30545"
  },
  {
    "review": "여러모로 매우 강렬한 액션활극.",
    "date": "14.05.15",
    "rating": "7",
    "author": "reco****",
    "review_id": "8733119",
    "movie_id": "30545"
  },
  {
    "review": "일본애니중 쵝오..ㅎㅎ",
    "date": "14.04.27",
    "rating": "10",
    "author": "k790****",
    "review_id": "8677167",
    "movie_id": "30545"
  },
  {
    "review": "흔히들 수병위인풍첩으로 잘 알려진 애니. 진짜사나이 쥬베이! 존나 개간지남이다. 오히려 선정적인게 성인을 대하는 이 애니의 맛이다. 카와지리 감독님~ 카게로를 그렇게 한건 모 야메룽다ㅠㅠ",
    "date": "14.04.18",
    "rating": "9",
    "author": "zxvt****",
    "review_id": "8656391",
    "movie_id": "30545"
  },
  {
    "review": "뭔 말이 필요한가? 그저 2편이 바래질뿐...00년도에 이정도의 애니가 완성 된것은 굿굿굿!!",
    "date": "13.11.16",
    "rating": "10",
    "author": "kwak****",
    "review_id": "8145642",
    "movie_id": "30545"
  },
  {
    "review": "킬링타임으로는 나름 볼만하다 빠른 전개의 런닝타임 하지만 너무빨라서 흐지부지하고 싱거운 맛이 많이 나는 애니메이션",
    "date": "13.10.11",
    "rating": "7",
    "author": "skfr****",
    "review_id": "8054034",
    "movie_id": "30545"
  },
  {
    "review": "명작까진 아니다만 볼만함",
    "date": "13.09.03",
    "rating": "6",
    "author": "nuru****",
    "review_id": "7945120",
    "movie_id": "30545"
  },
  {
    "review": "후반부 악당보다 전반부 악당들이 인상적 만화치고는 아주 괜찮음킬링 타임용으로는 최고 마지막 악당의 최후가 터미네이터2를 연상시킨게 흠. 모방~~~",
    "date": "13.07.08",
    "rating": "9",
    "author": "sinj****",
    "review_id": "7716568",
    "movie_id": "30545"
  },
  {
    "review": "다소 선정적이라 가족끼리 보기 좀 그렇지만.. 훌륭한 오락성 애니.. 솔직히 최고였습니다. 결말 부분이 약간 .. 아쉽긴 했네요. 그걸 감안하더라도 걸작임에는 분명합니다.",
    "date": "13.07.04",
    "rating": "10",
    "author": "9728****",
    "review_id": "7702262",
    "movie_id": "30545"
  },
  {
    "review": "오메 소름돋아요",
    "date": "13.06.26",
    "rating": "10",
    "author": "ehdt****",
    "review_id": "7680378",
    "movie_id": "30545"
  },
  {
    "review": "목소리 멋잇어요 흐흐♥",
    "date": "13.05.10",
    "rating": "10",
    "author": "r_uz****",
    "review_id": "7519334",
    "movie_id": "30545"
  },
  {
    "review": "오~ 훌륭합니다.",
    "date": "13.05.10",
    "rating": "10",
    "author": "kjjh****",
    "review_id": "7518691",
    "movie_id": "30545"
  },
  {
    "review": "블랙홀에 빠진다면 이런 느낌일까??  선정적이고  폭력적이다 못해 인간을 동강동강 내버리는  잔인함에 맘이 불편하긴 했지만 , 오락성(재미) 만큼은 타 만화영화와 비교 불가 , 대나무숲의 대결은 많이 이들이 회자하는 명장면..최고다!!",
    "date": "13.04.27",
    "rating": "10",
    "author": "spac****",
    "review_id": "7485505",
    "movie_id": "30545"
  },
  {
    "review": "GOOD",
    "date": "13.03.28",
    "rating": "9",
    "author": "yoyo****",
    "review_id": "7416170",
    "movie_id": "30545"
  },
  {
    "review": "이 영화의 매력은 잔인함과선정적을 떠나서 캐릭터들마다 다른 매력 그에따른 연출력이 무지 돋보인다 일본특유의 화려함을 잘 표현했다고본다 7대악인들마다 특유의 기술과 그에따른 각기각색의 역출력... 영상미가 요즘 배부른 애니와는  비교불가",
    "date": "13.03.23",
    "rating": "10",
    "author": "cidd****",
    "review_id": "7398749",
    "movie_id": "30545"
  },
  {
    "review": "헌다헐어.....",
    "date": "13.03.13",
    "rating": "10",
    "author": "rkd4****",
    "review_id": "7343875",
    "movie_id": "30545"
  },
  {
    "review": "강렬함.",
    "date": "13.02.27",
    "rating": "8",
    "author": "dlwo****",
    "review_id": "7305493",
    "movie_id": "30545"
  },
  {
    "review": "킬링타임용으로 대박!!!",
    "date": "12.12.25",
    "rating": "8",
    "author": "zzzd****",
    "review_id": "7040596",
    "movie_id": "30545"
  },
  {
    "review": "최고다",
    "date": "12.12.23",
    "rating": "10",
    "author": "jafi****",
    "review_id": "7033259",
    "movie_id": "30545"
  },
  {
    "review": "극장판 애니메이션 최고의 수작. 강렬한 인물들과 시원시원한 액션의 조화.",
    "date": "12.10.28",
    "rating": "10",
    "author": "rlfe****",
    "review_id": "6832483",
    "movie_id": "30545"
  },
  {
    "review": "그다지,,걍  그럭저럭 볼만함",
    "date": "12.07.24",
    "rating": "6",
    "author": "tlsg****",
    "review_id": "6524173",
    "movie_id": "30545"
  },
  {
    "review": "만화영화는 안좋아하는데, 이런 거라면 얼마든 지 환영한다.",
    "date": "12.05.04",
    "rating": "8",
    "author": "ccpp****",
    "review_id": "6271414",
    "movie_id": "30545"
  },
  {
    "review": "통쾌한 액션",
    "date": "12.05.04",
    "rating": "8",
    "author": "rame****",
    "review_id": "6271412",
    "movie_id": "30545"
  },
  {
    "review": "선정적이고 잔인하지만, 좋다",
    "date": "12.05.04",
    "rating": "8",
    "author": "kpcc****",
    "review_id": "6271411",
    "movie_id": "30545"
  },
  {
    "review": "10년만에 다시 봐도 영상만큼은 여전히 기괴하고 쎄구나.",
    "date": "12.02.29",
    "rating": "10",
    "author": "heod****",
    "review_id": "6111228",
    "movie_id": "30545"
  },
  {
    "review": "[7점] 무사 쥬베이!!",
    "date": "12.01.13",
    "rating": "7",
    "author": "fann****",
    "review_id": "5983051",
    "movie_id": "30545"
  },
  {
    "review": "일본애니는평점이이상하게높다.93년작치곤볼만했다",
    "date": "11.10.28",
    "rating": "7",
    "author": "a109****",
    "review_id": "5814853",
    "movie_id": "30545"
  },
  {
    "review": "그냥 봐줄만하네요.",
    "date": "11.08.18",
    "rating": "7",
    "author": "roya****",
    "review_id": "5667227",
    "movie_id": "30545"
  },
  {
    "review": "고독과 따스함을 간직한 주인공, 검을 피는 모습이 거칠고 섬세하게 표현된 멋진영화.",
    "date": "11.07.23",
    "rating": "9",
    "author": "copy****",
    "review_id": "5562930",
    "movie_id": "30545"
  },
  {
    "review": "실화든 애니든 지루하지 않으면 되지..",
    "date": "11.07.14",
    "rating": "9",
    "author": "clwi****",
    "review_id": "5542695",
    "movie_id": "30545"
  },
  {
    "review": "홍콩무협 저리 가라하는 일본무협",
    "date": "11.07.02",
    "rating": "8",
    "author": "bbob****",
    "review_id": "5516971",
    "movie_id": "30545"
  },
  {
    "review": "그렇게 훌쩍 떠나지요?",
    "date": "11.06.17",
    "rating": "7",
    "author": "bbq2****",
    "review_id": "5485393",
    "movie_id": "30545"
  },
  {
    "review": "사무라이와 신기한 기술을 가진 닌자의 액션이 잘 녹아 있는 다시봐도 좋은 작품",
    "date": "11.05.21",
    "rating": "9",
    "author": "hyea****",
    "review_id": "5441506",
    "movie_id": "30545"
  },
  {
    "review": "2000年. 2011年/ 11년만에 다시 본 명작. 압도적인 매력의 시대극.",
    "date": "11.03.06",
    "rating": "10",
    "author": "nite****",
    "review_id": "5297858",
    "movie_id": "30545"
  },
  {
    "review": "향후 비교 대상이 없을 것으로 생각들 정도의 초정수 사무라이 애니",
    "date": "11.02.27",
    "rating": "10",
    "author": "yaky****",
    "review_id": "5280377",
    "movie_id": "30545"
  },
  {
    "review": "부라보~",
    "date": "11.02.26",
    "rating": "10",
    "author": "tjdb****",
    "review_id": "5276375",
    "movie_id": "30545"
  },
  {
    "review": "너무 재밌땅 쥬베이 최고 짱짱짱~",
    "date": "11.02.08",
    "rating": "10",
    "author": "rlat****",
    "review_id": "5229669",
    "movie_id": "30545"
  },
  {
    "review": "국내엔 좀 늦게 개봉했지만 깔끔한 칼질이 매우 인상적인 재패니메이션",
    "date": "11.02.08",
    "rating": "7",
    "author": "inos****",
    "review_id": "5228134",
    "movie_id": "30545"
  },
  {
    "review": "캐릭터 강렬하고 적당히 야하기도 하고 흡인력 좋고 과연 카와지리 요시아키라다.",
    "date": "10.12.22",
    "rating": "10",
    "author": "hack****",
    "review_id": "5073050",
    "movie_id": "30545"
  },
  {
    "review": "잔인하고 좀 자극적이지만 재밌다",
    "date": "10.12.21",
    "rating": "10",
    "author": "grif****",
    "review_id": "5072050",
    "movie_id": "30545"
  },
  {
    "review": "재밌어요",
    "date": "10.12.20",
    "rating": "10",
    "author": "pink****",
    "review_id": "5067868",
    "movie_id": "30545"
  },
  {
    "review": "주우베의 점프칼베기 시퀸스의 충격 때문에 당시 비디오를 게속 돌려봤다",
    "date": "10.12.10",
    "rating": "9",
    "author": "dywl****",
    "review_id": "5041334",
    "movie_id": "30545"
  },
  {
    "review": "일본꺼지만 볼만한 성인 애니메이션",
    "date": "10.11.28",
    "rating": "10",
    "author": "rnal****",
    "review_id": "5001454",
    "movie_id": "30545"
  },
  {
    "review": "15년, 3천번을 보아도, 항상 신선하다! 권력자의 소모품이 돼선 안된다는 강한 교훈!",
    "date": "10.10.25",
    "rating": "10",
    "author": "wana****",
    "review_id": "4920182",
    "movie_id": "30545"
  },
  {
    "review": "아 마지막에 카게로랑 그냥하지 ㅡ,ㅡ 카게로는 왜 고백을안했어",
    "date": "10.10.09",
    "rating": "10",
    "author": "smas****",
    "review_id": "4893419",
    "movie_id": "30545"
  },
  {
    "review": "저는 지금 슬픔의 바다에 침몰중입니다",
    "date": "10.09.25",
    "rating": "10",
    "author": "gedi****",
    "review_id": "4866778",
    "movie_id": "30545"
  },
  {
    "review": "93년도작품이라니.. 대단합니다~",
    "date": "10.09.18",
    "rating": "9",
    "author": "jjw8****",
    "review_id": "4845097",
    "movie_id": "30545"
  },
  {
    "review": "극장판 애니메이션은 왜 다 비극 ㅠㅠ..아 근데 쥬베이 좀 간지남인듯",
    "date": "10.09.03",
    "rating": "10",
    "author": "pped****",
    "review_id": "4813774",
    "movie_id": "30545"
  },
  {
    "review": "스트레인저 무황인담이 평점 9.11 무사쥬베이가 8.45..ㅋㅋ 네이버 수준이 보이네",
    "date": "10.08.08",
    "rating": "10",
    "author": "ksj5****",
    "review_id": "4723333",
    "movie_id": "30545"
  },
  {
    "review": "애니는 그다지 좋아하는편은 아닌데,,,괜찮았음 ~~~~~~",
    "date": "10.07.24",
    "rating": "6",
    "author": "fnsk****",
    "review_id": "4665315",
    "movie_id": "30545"
  },
  {
    "review": "우와!! 재밌다!!",
    "date": "10.07.02",
    "rating": "9",
    "author": "kjs9****",
    "review_id": "4606364",
    "movie_id": "30545"
  },
  {
    "review": "ㄴ ㅏ쁘지 않군 ,",
    "date": "10.06.25",
    "rating": "8",
    "author": "kky7****",
    "review_id": "4590878",
    "movie_id": "30545"
  },
  {
    "review": "얻어맞는 것도 멋있는 쥬베이... 근데 제목이 왜 쥬우베가 아닌거지?",
    "date": "10.06.05",
    "rating": "9",
    "author": "mado****",
    "review_id": "4546874",
    "movie_id": "30545"
  },
  {
    "review": "만화영화는 안좋아하는데, 이런 거라면 얼마든 지 환영한다.",
    "date": "10.05.16",
    "rating": "8",
    "author": "ccpk****",
    "review_id": "4501985",
    "movie_id": "30545"
  },
  {
    "review": "시대물이 이렇게 스타일리쉬할 수 있다. 주인공들 못지 않은 폭풍간지 조연들이란!",
    "date": "10.05.12",
    "rating": "10",
    "author": "e_po****",
    "review_id": "4494351",
    "movie_id": "30545"
  },
  {
    "review": "이런게 바로 성인애니....... 누들 누드는 쓰레기...",
    "date": "10.02.07",
    "rating": "8",
    "author": "taij****",
    "review_id": "4256325",
    "movie_id": "30545"
  },
  {
    "review": "어디 이런 애니 또 안나오나?",
    "date": "10.01.09",
    "rating": "9",
    "author": "poli****",
    "review_id": "4151243",
    "movie_id": "30545"
  },
  {
    "review": "쯥 2000년도 성인애니 치고는 괜찮은 편인가?",
    "date": "10.01.04",
    "rating": "6",
    "author": "b2k0****",
    "review_id": "4131415",
    "movie_id": "30545"
  },
  {
    "review": "애니메이션계 폭력 미학의 거장 '카와지리 요시아키'의 최고 걸작.. 9.5점",
    "date": "09.12.08",
    "rating": "9",
    "author": "gall****",
    "review_id": "4027392",
    "movie_id": "30545"
  },
  {
    "review": "진정한 성인만하다~~~",
    "date": "09.11.15",
    "rating": "10",
    "author": "iwan****",
    "review_id": "3963945",
    "movie_id": "30545"
  },
  {
    "review": "요시아키 작품 중 수작중의 수작",
    "date": "09.10.31",
    "rating": "10",
    "author": "valk****",
    "review_id": "3925991",
    "movie_id": "30545"
  },
  {
    "review": "유혈이 낭자하고....재미는 있음",
    "date": "09.10.28",
    "rating": "7",
    "author": "jbc1****",
    "review_id": "3922001",
    "movie_id": "30545"
  },
  {
    "review": "근 20년동안 이를 능가할 무협액션이 왜 안나오는가",
    "date": "09.10.24",
    "rating": "10",
    "author": "saka****",
    "review_id": "3913577",
    "movie_id": "30545"
  },
  {
    "review": "아이런느낌의 만화 너무좋아",
    "date": "09.10.15",
    "rating": "10",
    "author": "sky1****",
    "review_id": "3893658",
    "movie_id": "30545"
  },
  {
    "review": "실제 인간보다도 더 정밀한듯한 인물묘사 거침없는 스피디한 작화 특별할수 밖에 없다",
    "date": "09.08.26",
    "rating": "10",
    "author": "cock****",
    "review_id": "3789844",
    "movie_id": "30545"
  },
  {
    "review": "섬세하고 스토리 구성도 탄탄하고. 정말 잘만든 작품",
    "date": "09.08.07",
    "rating": "10",
    "author": "hhw5****",
    "review_id": "3720016",
    "movie_id": "30545"
  },
  {
    "review": "오감은 정말 잘 자극하더구만...",
    "date": "09.08.06",
    "rating": "6",
    "author": "show****",
    "review_id": "3716284",
    "movie_id": "30545"
  },
  {
    "review": "이영화보고 두근거림이 없다면 남자가 아니라고 말씀 드리고 싶네요 진정한최고입니다",
    "date": "09.07.26",
    "rating": "10",
    "author": "ppl1****",
    "review_id": "3668648",
    "movie_id": "30545"
  },
  {
    "review": "지금봐도 전혀 촌스럽지 않고 재미있는 작품",
    "date": "09.07.03",
    "rating": "10",
    "author": "5p_d****",
    "review_id": "3608282",
    "movie_id": "30545"
  },
  {
    "review": "대나무 숲에서가 멋졌음",
    "date": "09.07.02",
    "rating": "9",
    "author": "rava****",
    "review_id": "3606613",
    "movie_id": "30545"
  },
  {
    "review": "간지 지대루네 ㅋㅋ",
    "date": "09.06.29",
    "rating": "10",
    "author": "diab****",
    "review_id": "3599034",
    "movie_id": "30545"
  },
  {
    "review": "최고~~",
    "date": "09.06.17",
    "rating": "10",
    "author": "kjr4****",
    "review_id": "3572559",
    "movie_id": "30545"
  },
  {
    "review": "굿",
    "date": "09.06.16",
    "rating": "10",
    "author": "ju46****",
    "review_id": "3569789",
    "movie_id": "30545"
  },
  {
    "review": "난 이런스타일 괜찮던데.. 아 또보고싶다 *0*그림보고 떨리다닠ㅋ",
    "date": "09.05.30",
    "rating": "7",
    "author": "lymi****",
    "review_id": "3532051",
    "movie_id": "30545"
  },
  {
    "review": "짱이야",
    "date": "09.01.26",
    "rating": "10",
    "author": "soso****",
    "review_id": "3250066",
    "movie_id": "30545"
  },
  {
    "review": "이런 스타일 너무 좋다...2편은 없나???90분이 너무 짧은데...",
    "date": "09.01.23",
    "rating": "10",
    "author": "rd72****",
    "review_id": "3242644",
    "movie_id": "30545"
  },
  {
    "review": "나는 이런그림체가 맘에들드라...너무재미있어 정말",
    "date": "09.01.18",
    "rating": "10",
    "author": "csc2****",
    "review_id": "3228850",
    "movie_id": "30545"
  },
  {
    "review": "애니 좀 본다는 사람이라면 꼭 봐야할 작품!! 강추!!",
    "date": "09.01.08",
    "rating": "10",
    "author": "guri****",
    "review_id": "3202387",
    "movie_id": "30545"
  },
  {
    "review": "15년전애니라니.. 우리나라에서 15년 후엔 가능할까. 일본은 싫으나..",
    "date": "08.12.30",
    "rating": "9",
    "author": "poet****",
    "review_id": "3167467",
    "movie_id": "30545"
  },
  {
    "review": "허세",
    "date": "08.12.25",
    "rating": "1",
    "author": "khh0****",
    "review_id": "3150511",
    "movie_id": "30545"
  },
  {
    "review": "폭력적이고 야한 애니. 재밌다!!",
    "date": "08.12.08",
    "rating": "9",
    "author": "wsoo****",
    "review_id": "3099655",
    "movie_id": "30545"
  },
  {
    "review": "굿.",
    "date": "08.12.03",
    "rating": "9",
    "author": "hren****",
    "review_id": "3087440",
    "movie_id": "30545"
  },
  {
    "review": "쾌 재미있는 액션 애니",
    "date": "08.11.29",
    "rating": "9",
    "author": "jeeb****",
    "review_id": "3079331",
    "movie_id": "30545"
  },
  {
    "review": "사무라이 신파극의 고질병 = 과장된 연기",
    "date": "08.10.29",
    "rating": "7",
    "author": "thfb****",
    "review_id": "3025914",
    "movie_id": "30545"
  },
  {
    "review": "인정하지 않을수 없는 일본 애니의 힘",
    "date": "08.10.02",
    "rating": "10",
    "author": "ihpr****",
    "review_id": "2977956",
    "movie_id": "30545"
  },
  {
    "review": "최고의 오락성. 이런게 바로 잘만든 성인 애니메이션.",
    "date": "08.09.20",
    "rating": "10",
    "author": "itsu****",
    "review_id": "2960535",
    "movie_id": "30545"
  },
  {
    "review": "정말 무서운 애니다. 영화도 만들어도 좋을듯♡ 어디이런 영화또 없나요ㅠ",
    "date": "08.08.25",
    "rating": "10",
    "author": "rlad****",
    "review_id": "2900590",
    "movie_id": "30545"
  },
  {
    "review": "굿!!!",
    "date": "08.08.24",
    "rating": "10",
    "author": "cryp****",
    "review_id": "2899887",
    "movie_id": "30545"
  },
  {
    "review": "최고의 칼부림 애니",
    "date": "08.07.28",
    "rating": "10",
    "author": "worl****",
    "review_id": "2810540",
    "movie_id": "30545"
  },
  {
    "review": "아름답다",
    "date": "08.07.14",
    "rating": "9",
    "author": "disp****",
    "review_id": "2762883",
    "movie_id": "30545"
  },
  {
    "review": "최고다.. 최고의 걸작이다..",
    "date": "08.07.12",
    "rating": "10",
    "author": "ldgu****",
    "review_id": "2755926",
    "movie_id": "30545"
  }
]