[
  {
    "review": "오래된분위기여서 별로 기대안했는데 생각보다 무서웠다.",
    "date": "09.01.14",
    "rating": "7",
    "author": "ryun****",
    "review_id": "3220435",
    "movie_id": "30646"
  },
  {
    "review": "완전4번깜짝놀래고 마지막에피소드는 무서워서못봤다 현실적이어서 무섭다",
    "date": "09.01.07",
    "rating": "7",
    "author": "dpqm****",
    "review_id": "3200982",
    "movie_id": "30646"
  },
  {
    "review": "오래된거라 그런지 분위기가 더 무섭다..",
    "date": "09.01.01",
    "rating": "8",
    "author": "s0sf****",
    "review_id": "3173680",
    "movie_id": "30646"
  },
  {
    "review": "kbs 독립영화관에서 한 3개의 에피소드를 한 단편영화.",
    "date": "08.02.03",
    "rating": "6",
    "author": "evil****",
    "review_id": "2401616",
    "movie_id": "30646"
  }
]