[
  {
    "review": "최고최고최고최고최고최고최고",
    "date": "15.08.02",
    "rating": "10",
    "author": "wodn****",
    "review_id": "10174659",
    "movie_id": "30653"
  },
  {
    "review": "드디어 다 봤다. 솔직히 난 조이랑 레이첼이 되길 바랐음. 안 되는 걸 알면서도. '거침없이 하이킥' 도 '프렌즈' 를 이길 순 없다!",
    "date": "15.05.28",
    "rating": "10",
    "author": "dkdl****",
    "review_id": "9957075",
    "movie_id": "30653"
  },
  {
    "review": "두말할 것 없이 최고. 몇 번 돌려봤나..나와있는 자막이 다 별로라 아쉽지만  최고의 시트콤.",
    "date": "15.02.20",
    "rating": "10",
    "author": "coco****",
    "review_id": "9715850",
    "movie_id": "30653"
  },
  {
    "review": "말이 필요없는데 도대체 무슨 말을 하라는 거야",
    "date": "15.01.11",
    "rating": "10",
    "author": "koo9****",
    "review_id": "9585764",
    "movie_id": "30653"
  },
  {
    "review": "내 인생 최고의 코미디.",
    "date": "14.11.24",
    "rating": "10",
    "author": "csy9****",
    "review_id": "9417389",
    "movie_id": "30653"
  },
  {
    "review": "프렌즈는 역대 최고! 몇년을 봐도 질리지않음",
    "date": "14.10.28",
    "rating": "10",
    "author": "nana****",
    "review_id": "9324330",
    "movie_id": "30653"
  },
  {
    "review": "10점 만점에 1000점 수십번을 봐도 볼때마다 새롭게 재밌는 최고의 시트콤정말. 최고중의 최고.",
    "date": "14.09.07",
    "rating": "10",
    "author": "pani****",
    "review_id": "9177647",
    "movie_id": "30653"
  },
  {
    "review": "힘들고 지칠때 항상 웃음을 만들어준 최고의 드라마.. 아직도 잊지못해 항상 다시 보고 또 보고 ^^",
    "date": "14.08.31",
    "rating": "10",
    "author": "youy****",
    "review_id": "9148945",
    "movie_id": "30653"
  },
  {
    "review": "그냥 멋있음. 그냥.. 걍.. 할 말이 없다. 이렇게 멋있고 재밌고 완벽한 미드는 처음이다... 나도 저런 친구들이 있었으면..",
    "date": "14.06.14",
    "rating": "10",
    "author": "ligh****",
    "review_id": "8829839",
    "movie_id": "30653"
  },
  {
    "review": "내생에 최고의 미국시트콤! 미드 정말 많이봐왔지만 정말 최고다. 계속보다보면 배우들이 진짜 내친구들이 된 느낌 ㅋㅋ 독특한 캐릭터도 너무좋고 그냥짱!!",
    "date": "14.06.01",
    "rating": "10",
    "author": "asdf****",
    "review_id": "8783953",
    "movie_id": "30653"
  },
  {
    "review": "FRIENDS! 포에버!",
    "date": "14.01.21",
    "rating": "10",
    "author": "rose****",
    "review_id": "8406975",
    "movie_id": "30653"
  },
  {
    "review": "매력적인 캐릭터. 재밌으면서 뻔하게 흘러가지 않는 스토리. 3류 막장 사랑 드라마적 사랑 전개가 아니라 있을법한 관계 전개..",
    "date": "13.11.15",
    "rating": "10",
    "author": "cnvn****",
    "review_id": "8140726",
    "movie_id": "30653"
  },
  {
    "review": "프렌즈 내가꿈꾸던 생활이군..",
    "date": "13.09.23",
    "rating": "10",
    "author": "tjfw****",
    "review_id": "8011959",
    "movie_id": "30653"
  },
  {
    "review": "정말 유쾌하고 재미있지만.. 너무 생활방식이 문란하고 비도덕적이다... 허구언날 이성이랑 관계가지는거에 더해 그걸 죄책감없이 떠드는것, 동생의 대리모역할, 레즈비언 결혼 용인 등등등... 몸과 개념을 그런식으로 굴리면 자식들이 좋아하겠나",
    "date": "13.09.11",
    "rating": "3",
    "author": "orga****",
    "review_id": "7966133",
    "movie_id": "30653"
  },
  {
    "review": "최고!",
    "date": "13.08.04",
    "rating": "10",
    "author": "mjse****",
    "review_id": "7838798",
    "movie_id": "30653"
  },
  {
    "review": "내인생 최고의 드라마",
    "date": "13.07.27",
    "rating": "10",
    "author": "tori****",
    "review_id": "7792325",
    "movie_id": "30653"
  },
  {
    "review": "미드의 끝판왕",
    "date": "13.07.21",
    "rating": "10",
    "author": "nico****",
    "review_id": "7770366",
    "movie_id": "30653"
  },
  {
    "review": "그냥 이 시트콤을 끝까지 즐겁게 봤고 내 기억에 남는다는게 행복하다.수많은 시트콤을 봤지만 프렌즈만큼되는건 없었다",
    "date": "13.06.27",
    "rating": "10",
    "author": "zjav****",
    "review_id": "7683658",
    "movie_id": "30653"
  },
  {
    "review": "전시즌 10번도 넘게 보고또보는 중..최고임",
    "date": "13.06.07",
    "rating": "10",
    "author": "forc****",
    "review_id": "7607247",
    "movie_id": "30653"
  },
  {
    "review": "!",
    "date": "13.05.05",
    "rating": "10",
    "author": "khkh****",
    "review_id": "7509090",
    "movie_id": "30653"
  },
  {
    "review": "반담 덕분에 접한 시트콤인데 최고다",
    "date": "13.04.23",
    "rating": "10",
    "author": "come****",
    "review_id": "7476240",
    "movie_id": "30653"
  },
  {
    "review": "이건 진짜 새계최고다",
    "date": "13.04.22",
    "rating": "10",
    "author": "tree****",
    "review_id": "7474184",
    "movie_id": "30653"
  },
  {
    "review": "저들 속에 내가 있었으면 하는 기분.",
    "date": "13.04.13",
    "rating": "10",
    "author": "noda****",
    "review_id": "7454717",
    "movie_id": "30653"
  },
  {
    "review": "진리",
    "date": "13.02.18",
    "rating": "10",
    "author": "ven_****",
    "review_id": "7280057",
    "movie_id": "30653"
  },
  {
    "review": "명불허전",
    "date": "13.02.05",
    "rating": "10",
    "author": "ciki****",
    "review_id": "7226849",
    "movie_id": "30653"
  },
  {
    "review": "Mp3로 영어공부 하고 있음 ㅋㅋ 재미도 있고 ㅋㅋㅋㅋㅋ",
    "date": "13.01.23",
    "rating": "10",
    "author": "guse****",
    "review_id": "7159813",
    "movie_id": "30653"
  },
  {
    "review": "이건진짜 10점만점에 100점줘도 무리가없다....영어공부와 재미를동시에 가미할수있는 드라마는이거밖에없을둣 진짜 개재밌음ㅋㅋㅋㅋ",
    "date": "13.01.17",
    "rating": "10",
    "author": "m132****",
    "review_id": "7123685",
    "movie_id": "30653"
  },
  {
    "review": "진짜지금시대에봐도 너무 재밌다. ㅋㅋ",
    "date": "12.12.05",
    "rating": "10",
    "author": "chw7****",
    "review_id": "6976230",
    "movie_id": "30653"
  },
  {
    "review": "두말하면귀찮죠",
    "date": "12.12.02",
    "rating": "10",
    "author": "2146****",
    "review_id": "6958179",
    "movie_id": "30653"
  },
  {
    "review": "최고",
    "date": "12.12.01",
    "rating": "10",
    "author": "wodm****",
    "review_id": "6949496",
    "movie_id": "30653"
  },
  {
    "review": "hd로나온 디브이디 살까",
    "date": "12.11.19",
    "rating": "10",
    "author": "tmfk****",
    "review_id": "6905701",
    "movie_id": "30653"
  },
  {
    "review": "진짜 재밌어요",
    "date": "12.11.02",
    "rating": "10",
    "author": "stor****",
    "review_id": "6845332",
    "movie_id": "30653"
  },
  {
    "review": "짱재밌어요!!",
    "date": "12.10.01",
    "rating": "10",
    "author": "rima****",
    "review_id": "6751087",
    "movie_id": "30653"
  },
  {
    "review": "최고다. 다시 나올 수 없는 무언가가 있다 이 캐릭터들이 그리워서 다시 정주행할듯..",
    "date": "12.09.27",
    "rating": "10",
    "author": "kizh****",
    "review_id": "6736160",
    "movie_id": "30653"
  },
  {
    "review": "말이 필요  없지?",
    "date": "12.09.03",
    "rating": "10",
    "author": "kimr****",
    "review_id": "6667045",
    "movie_id": "30653"
  },
  {
    "review": "이거 10점 안 주는 사람들은 영어로 하는 개그를 이해 못하는 사람들이고.. 우리나라도 좋은 작품 많죠 ㅎ 세친구 나 웬만해선그들을막을수없다 그런 것들.. 수능 끝나고 프렌즈와 통째로 다 볼렵니다^^",
    "date": "12.09.02",
    "rating": "10",
    "author": "ehdd****",
    "review_id": "6665253",
    "movie_id": "30653"
  },
  {
    "review": "뭐 말이 필요한가?",
    "date": "12.08.26",
    "rating": "10",
    "author": "kimj****",
    "review_id": "6644011",
    "movie_id": "30653"
  },
  {
    "review": "남자3 여자3  있다.",
    "date": "12.08.25",
    "rating": "1",
    "author": "tige****",
    "review_id": "6643380",
    "movie_id": "30653"
  },
  {
    "review": "레전드 말이필요없다 우리나란이런거없나",
    "date": "12.08.01",
    "rating": "10",
    "author": "skss****",
    "review_id": "6560450",
    "movie_id": "30653"
  },
  {
    "review": "말이 필요 없는 미드~ 한번 보면 빠져나올수 없는 드라마다. 프렌즈에 비하면 우리나라 드라마는 개 쓰레기, 나에게 미드의 길을 안내해준 정말 드라마의 고전사전!! 전후무후한 드라마. 앞으로도 이런 미드 나오기 힘들듯",
    "date": "12.07.16",
    "rating": "10",
    "author": "khj8****",
    "review_id": "6484006",
    "movie_id": "30653"
  },
  {
    "review": "최고최고최고최고!!!!",
    "date": "12.07.06",
    "rating": "10",
    "author": "jhmk****",
    "review_id": "6451697",
    "movie_id": "30653"
  },
  {
    "review": "모니카 너무 좋지않음?모니카찡..최근 역변에 슬프다",
    "date": "12.06.06",
    "rating": "10",
    "author": "ahss****",
    "review_id": "6370071",
    "movie_id": "30653"
  },
  {
    "review": "최고. 아직까지도 무한반복해서 보고있는..... 언제질릴런지..",
    "date": "12.05.20",
    "rating": "10",
    "author": "vani****",
    "review_id": "6313886",
    "movie_id": "30653"
  },
  {
    "review": "비추천이 없는 유일한 미드",
    "date": "12.05.14",
    "rating": "10",
    "author": "vict****",
    "review_id": "6297989",
    "movie_id": "30653"
  },
  {
    "review": "최고의 시트콤.",
    "date": "12.05.13",
    "rating": "10",
    "author": "kore****",
    "review_id": "6294475",
    "movie_id": "30653"
  },
  {
    "review": "시트콤의 종결자",
    "date": "12.05.12",
    "rating": "10",
    "author": "hion****",
    "review_id": "6291758",
    "movie_id": "30653"
  },
  {
    "review": "The best TV show ever!!",
    "date": "12.04.28",
    "rating": "10",
    "author": "jhn3****",
    "review_id": "6252239",
    "movie_id": "30653"
  },
  {
    "review": "최고일수밖에 없다..",
    "date": "12.04.25",
    "rating": "10",
    "author": "ossi****",
    "review_id": "6244589",
    "movie_id": "30653"
  },
  {
    "review": "재미, 감동, 교훈등 빠지는게 없음.ㅎㅎ",
    "date": "12.04.21",
    "rating": "10",
    "author": "puzz****",
    "review_id": "6236030",
    "movie_id": "30653"
  },
  {
    "review": "벌써 세번째 감상중",
    "date": "12.04.14",
    "rating": "10",
    "author": "hope****",
    "review_id": "6221235",
    "movie_id": "30653"
  },
  {
    "review": "최고의 미드",
    "date": "12.04.14",
    "rating": "10",
    "author": "cree****",
    "review_id": "6219399",
    "movie_id": "30653"
  },
  {
    "review": "시트콤의 원조이자 최고의 미드...",
    "date": "12.03.20",
    "rating": "10",
    "author": "chsm****",
    "review_id": "6156795",
    "movie_id": "30653"
  },
  {
    "review": "앞으로도 이 작품을 넘을수 있는 미드는 나오지 않을것 같음.",
    "date": "12.03.13",
    "rating": "10",
    "author": "lyco****",
    "review_id": "6141846",
    "movie_id": "30653"
  },
  {
    "review": "감동과 유머가 뭔지를 보여준 최고의 시트콤",
    "date": "12.02.14",
    "rating": "10",
    "author": "wkdg****",
    "review_id": "6073633",
    "movie_id": "30653"
  },
  {
    "review": "레전드임",
    "date": "12.02.12",
    "rating": "10",
    "author": "blai****",
    "review_id": "6070392",
    "movie_id": "30653"
  },
  {
    "review": "난 피비가 제일 좋음 ㅠ",
    "date": "12.02.07",
    "rating": "10",
    "author": "ekgn****",
    "review_id": "6059635",
    "movie_id": "30653"
  },
  {
    "review": "캐릭터 다들 너무 좋고, 시즌10으로 끝나는게 아쉬워요 최곱니다~!",
    "date": "12.02.02",
    "rating": "10",
    "author": "nhgj****",
    "review_id": "6046607",
    "movie_id": "30653"
  },
  {
    "review": "걍 재밌음",
    "date": "12.01.31",
    "rating": "10",
    "author": "lhk2****",
    "review_id": "6037796",
    "movie_id": "30653"
  },
  {
    "review": "최고 그냥 최고",
    "date": "11.12.27",
    "rating": "10",
    "author": "gpal****",
    "review_id": "5941188",
    "movie_id": "30653"
  },
  {
    "review": "왜 우리나란 이런 드라마를 만들어 낼수없나!",
    "date": "11.12.04",
    "rating": "10",
    "author": "mjcc****",
    "review_id": "5886228",
    "movie_id": "30653"
  },
  {
    "review": "지금까지 수십번넘게 보고 대사까지 다 외웠지만 질리지가 않아 영어공부용으로 짱",
    "date": "11.10.11",
    "rating": "10",
    "author": "s_at****",
    "review_id": "5782946",
    "movie_id": "30653"
  },
  {
    "review": "내인생 최고의 시트콤 마지막시즌엔 가슴이뭉클",
    "date": "11.10.01",
    "rating": "9",
    "author": "yjs4****",
    "review_id": "5763376",
    "movie_id": "30653"
  },
  {
    "review": "행복하다!!",
    "date": "11.09.19",
    "rating": "10",
    "author": "dpdm****",
    "review_id": "5741714",
    "movie_id": "30653"
  },
  {
    "review": "정말 친구 같은 시트콤! 내평생 최고의 미드!!!",
    "date": "11.09.11",
    "rating": "10",
    "author": "orph****",
    "review_id": "5721858",
    "movie_id": "30653"
  },
  {
    "review": "영어공부한답시고 보다가, 나중엔 공부 때려치고 걍 봤다 ㅋ",
    "date": "11.09.08",
    "rating": "6",
    "author": "ccpp****",
    "review_id": "5715907",
    "movie_id": "30653"
  },
  {
    "review": "우리나라 정서와는 맞지 않는 부분이 있지만 외국 껄 보면서 감수해야겠지",
    "date": "11.09.08",
    "rating": "6",
    "author": "rame****",
    "review_id": "5715905",
    "movie_id": "30653"
  },
  {
    "review": "매력적인 캐릭터들의 알콩달콩한 이야기들",
    "date": "11.09.08",
    "rating": "8",
    "author": "kpcc****",
    "review_id": "5715903",
    "movie_id": "30653"
  },
  {
    "review": "뉴욕의 범죄율을 낮췄다는 루머가 있을 정도의 전설적인 시트콤...",
    "date": "11.08.25",
    "rating": "10",
    "author": "poli****",
    "review_id": "5687885",
    "movie_id": "30653"
  },
  {
    "review": "대박 최고",
    "date": "11.08.10",
    "rating": "10",
    "author": "keia****",
    "review_id": "5630271",
    "movie_id": "30653"
  },
  {
    "review": "함께 세월을 보내며 보는 이까지도 같이 성장할 수 있고 인생을 담아내는데 성공했다.",
    "date": "11.07.15",
    "rating": "10",
    "author": "1188****",
    "review_id": "5543997",
    "movie_id": "30653"
  },
  {
    "review": "너무 과한 연기가 감흥을 떨어뜨렸다.",
    "date": "11.06.25",
    "rating": "1",
    "author": "daej****",
    "review_id": "5499350",
    "movie_id": "30653"
  },
  {
    "review": "3번은본거같은데?? 친구에대해서 다시 생각해보게됐다",
    "date": "11.03.10",
    "rating": "10",
    "author": "wool****",
    "review_id": "5303099",
    "movie_id": "30653"
  },
  {
    "review": "전무후무",
    "date": "11.03.09",
    "rating": "10",
    "author": "l010****",
    "review_id": "5301953",
    "movie_id": "30653"
  },
  {
    "review": "보고 또 봐도 질리지 않는다. 뉴욕 어딘가에 이 친구들이 정말 존재할거 같은 느낌",
    "date": "11.02.24",
    "rating": "10",
    "author": "pure****",
    "review_id": "5271562",
    "movie_id": "30653"
  },
  {
    "review": "최고임",
    "date": "11.02.04",
    "rating": "10",
    "author": "itze****",
    "review_id": "5213899",
    "movie_id": "30653"
  },
  {
    "review": "6명이 다시 모였으면 좋겠네... 완전 최고!!",
    "date": "11.01.29",
    "rating": "10",
    "author": "alsw****",
    "review_id": "5194096",
    "movie_id": "30653"
  },
  {
    "review": "진짜 내 생에 최고의 시트콤... 무한반복...",
    "date": "11.01.13",
    "rating": "10",
    "author": "fall****",
    "review_id": "5155434",
    "movie_id": "30653"
  },
  {
    "review": "말이 필요한가요...그냥 무한반복할뿐...",
    "date": "10.12.28",
    "rating": "10",
    "author": "oppo****",
    "review_id": "5095760",
    "movie_id": "30653"
  },
  {
    "review": "내 생애 최고의 시트콤^^ 전 시즌을 거의 20번씩은 넘게 본 듯.. 정말 내 친구들같다.",
    "date": "10.12.23",
    "rating": "10",
    "author": "fors****",
    "review_id": "5077357",
    "movie_id": "30653"
  },
  {
    "review": "내 생애 최고의 시트콤",
    "date": "10.12.22",
    "rating": "10",
    "author": "clea****",
    "review_id": "5073774",
    "movie_id": "30653"
  },
  {
    "review": "대표 미드",
    "date": "10.11.20",
    "rating": "10",
    "author": "tscm****",
    "review_id": "4974871",
    "movie_id": "30653"
  },
  {
    "review": "최고최고최고",
    "date": "10.11.14",
    "rating": "10",
    "author": "zoli****",
    "review_id": "4959187",
    "movie_id": "30653"
  },
  {
    "review": "시트콤의정석",
    "date": "10.11.12",
    "rating": "10",
    "author": "o_o_****",
    "review_id": "4955214",
    "movie_id": "30653"
  },
  {
    "review": "말이 필요없다",
    "date": "10.11.11",
    "rating": "10",
    "author": "hyki****",
    "review_id": "4952525",
    "movie_id": "30653"
  },
  {
    "review": "나와 30대를, 같이 늙어가며 함께한 프렌즈..마지막회 볼때는 정말 바보처럼 울었었지",
    "date": "10.11.06",
    "rating": "10",
    "author": "grow****",
    "review_id": "4942478",
    "movie_id": "30653"
  },
  {
    "review": "조이 레젼드 아니가? ㅋㅋ",
    "date": "10.09.16",
    "rating": "10",
    "author": "ming****",
    "review_id": "4838384",
    "movie_id": "30653"
  },
  {
    "review": "미국식개그를 이해하고 나면 만점 줄수밖에 없음.밑에놈은 온리 한국것만 접하나?ㅋㅋ",
    "date": "10.08.27",
    "rating": "10",
    "author": "barc****",
    "review_id": "4796050",
    "movie_id": "30653"
  },
  {
    "review": "순풍 산부인과가 훨 잼나네 니네 한국애덜이 무슨 외국 문화코드를 보겟다규 ㅋㅋ",
    "date": "10.08.18",
    "rating": "1",
    "author": "coke****",
    "review_id": "4761065",
    "movie_id": "30653"
  },
  {
    "review": "안보는 넘이 이상한거다",
    "date": "10.07.22",
    "rating": "10",
    "author": "drag****",
    "review_id": "4659886",
    "movie_id": "30653"
  },
  {
    "review": "1~10시즌 무한반복",
    "date": "10.06.24",
    "rating": "10",
    "author": "chch****",
    "review_id": "4587934",
    "movie_id": "30653"
  },
  {
    "review": "전설이죵",
    "date": "10.05.31",
    "rating": "10",
    "author": "lllm****",
    "review_id": "4535626",
    "movie_id": "30653"
  },
  {
    "review": "시트콤의 바이블",
    "date": "10.05.14",
    "rating": "10",
    "author": "ostr****",
    "review_id": "4499125",
    "movie_id": "30653"
  },
  {
    "review": "이런 명작을 10점 않주는 놈들은...뭐임....",
    "date": "10.05.11",
    "rating": "10",
    "author": "tmdd****",
    "review_id": "4493900",
    "movie_id": "30653"
  },
  {
    "review": "사랑스러운 주인공들+웃음+감동+역대 최고의 까메오,ER과 더불어 내 생애 최고의 미드",
    "date": "10.05.02",
    "rating": "10",
    "author": "oasi****",
    "review_id": "4471145",
    "movie_id": "30653"
  },
  {
    "review": "프렌즈가 재밌지 않다면 너의 뇌는 늙은것이다.",
    "date": "10.04.27",
    "rating": "10",
    "author": "cita****",
    "review_id": "4460364",
    "movie_id": "30653"
  },
  {
    "review": "4시즌보고있는데 처음엔 별로겠지했는데 보면볼수록재밌음",
    "date": "10.03.23",
    "rating": "10",
    "author": "tmxk****",
    "review_id": "4382151",
    "movie_id": "30653"
  },
  {
    "review": "앞으로 계속해서 그릴울 드라마",
    "date": "10.01.29",
    "rating": "10",
    "author": "blog****",
    "review_id": "4222329",
    "movie_id": "30653"
  },
  {
    "review": "how i met your mother랑 프렌즈 둘다 밧는데 how가 더재밋다는 사람처음봄",
    "date": "10.01.07",
    "rating": "10",
    "author": "jjw3****",
    "review_id": "4143274",
    "movie_id": "30653"
  },
  {
    "review": "how i met your mother이랑 scrubs를 보고 프렌즈는 아무것도 아니라고 생각함.",
    "date": "10.01.04",
    "rating": "8",
    "author": "cutt****",
    "review_id": "4131859",
    "movie_id": "30653"
  },
  {
    "review": "프렌즈 정도 되면 이제 말이 필요 없지 않나???",
    "date": "09.12.20",
    "rating": "10",
    "author": "mysi****",
    "review_id": "4059673",
    "movie_id": "30653"
  }
]