[
  {
    "review": "모두들 슬픔과 절망과 공허함에 시달리는 정신질환자들 이군요. 그 속에서 희망을 찾을 수 있을까? 신이 답이라는 건가?",
    "date": "13.11.09",
    "rating": "5",
    "author": "ykdi****",
    "review_id": "8128204",
    "movie_id": "30660"
  },
  {
    "review": "베르히만 영화치고는 제미있네",
    "date": "12.09.07",
    "rating": "10",
    "author": "chha****",
    "review_id": "6676509",
    "movie_id": "30660"
  },
  {
    "review": "신의 존재와 믿음.. 그리고 사랑에 관해 질문을 던지는 작품..",
    "date": "12.08.29",
    "rating": "10",
    "author": "pola****",
    "review_id": "6652275",
    "movie_id": "30660"
  },
  {
    "review": "종교와 삶에 관한 감독의 유년시절을 어렴풋이 투영하다",
    "date": "11.09.02",
    "rating": "6",
    "author": "reno****",
    "review_id": "5702993",
    "movie_id": "30660"
  },
  {
    "review": "베리만특유의자조적인성찰은좋지만스토리진행의부재는자칫재미없는영화로낙인찍힐수",
    "date": "09.07.20",
    "rating": "7",
    "author": "tubt****",
    "review_id": "3652114",
    "movie_id": "30660"
  },
  {
    "review": "시나리오 책에 있길래..... 도무지",
    "date": "09.05.24",
    "rating": "1",
    "author": "drd1****",
    "review_id": "3518030",
    "movie_id": "30660"
  },
  {
    "review": "긴장감. 건조한 해변의 이미지. 납득할 수 없는 결론 전까진 아주 좋았다.",
    "date": "08.08.26",
    "rating": "7",
    "author": "kkot****",
    "review_id": "2903961",
    "movie_id": "30660"
  },
  {
    "review": "너무나 종교적이지만..루즈하지만. 좋은영화",
    "date": "07.10.10",
    "rating": "8",
    "author": "quil****",
    "review_id": "2082069",
    "movie_id": "30660"
  },
  {
    "review": "베르이만영화중 최악의 결론",
    "date": "06.10.18",
    "rating": "3",
    "author": "slom****",
    "review_id": "1187574",
    "movie_id": "30660"
  },
  {
    "review": "고요속의 외침. 그녈 파괴하는 신의 속삭임. 그리고 상처와 사랑",
    "date": "06.07.13",
    "rating": "8",
    "author": "jals****",
    "review_id": "888401",
    "movie_id": "30660"
  },
  {
    "review": "겉을 그럴싸하게 포장한 인간들..상처받는 영혼들..",
    "date": "05.09.13",
    "rating": "9",
    "author": "scol****",
    "review_id": "403945",
    "movie_id": "30660"
  },
  {
    "review": "결론은 사랑.",
    "date": "05.08.21",
    "rating": "9",
    "author": "tjsd****",
    "review_id": "376792",
    "movie_id": "30660"
  },
  {
    "review": "'윤곽'이 잡혀 간다.",
    "date": "05.03.31",
    "rating": "8",
    "author": "dio3****",
    "review_id": "250730",
    "movie_id": "30660"
  }
]