[
  {
    "review": "도둑고양이처럼 고기를 훔쳐 뛰어다니던 모니카가 잊혀지지 않네요. 모든 장면이 아름답고 강렬한 영화에요.",
    "date": "15.08.23",
    "rating": "10",
    "author": "fogg****",
    "review_id": "10267310",
    "movie_id": "30662"
  },
  {
    "review": "무책임한 반항, 일탈에 대한 슬픈 결과는 예견되어 있었다",
    "date": "15.08.22",
    "rating": "4",
    "author": "bbq2****",
    "review_id": "10261472",
    "movie_id": "30662"
  },
  {
    "review": "재밌지만 불편해요...ㅠㅠ",
    "date": "15.05.26",
    "rating": "8",
    "author": "skyc****",
    "review_id": "9952933",
    "movie_id": "30662"
  },
  {
    "review": "베리만의 초기작 중 수작에 속한다. 자연주의적 관점에서 바라본 '모니카'의 모습이 인상적이고, 많은 것을 생각나게하는 영화다. '자유'와 '책임'.. 그리고 '일탈'에 관한 베리만의 탐구가 엿보인다.",
    "date": "14.12.04",
    "rating": "10",
    "author": "pola****",
    "review_id": "9445838",
    "movie_id": "30662"
  },
  {
    "review": "흑백 특유의 영상미는 있지만  나에게는 좀 지루한 영화다",
    "date": "14.05.12",
    "rating": "7",
    "author": "katy****",
    "review_id": "8726704",
    "movie_id": "30662"
  },
  {
    "review": "봄에 만나 여름에 사랑하고 가을에 이별하고 겨울에 어른이 된 그들의 이야기...한편의 단편 소설을 읽은 느낌~",
    "date": "14.02.14",
    "rating": "6",
    "author": "milk****",
    "review_id": "8506305",
    "movie_id": "30662"
  },
  {
    "review": "흑백 캔버스는 달콤한 사랑과 비정한 현실을 담고.",
    "date": "13.07.23",
    "rating": "9",
    "author": "apre****",
    "review_id": "7777761",
    "movie_id": "30662"
  },
  {
    "review": "좋아하는 스타일이 아님에 불구하고, 인정할 수밖에 없는 영화....60년이나 된 영화가 이런 감동과 재미를 줄줄이야....",
    "date": "13.07.13",
    "rating": "7",
    "author": "hiph****",
    "review_id": "7735205",
    "movie_id": "30662"
  },
  {
    "review": "이창동 감독이 추천해서 작년인가 영화의 전당에서 봄. 블루라군은 환상이고 모니카의 여름은 현실이 아니라 둘 다 한여름밤의 꿈.",
    "date": "13.07.09",
    "rating": "8",
    "author": "blog****",
    "review_id": "7720745",
    "movie_id": "30662"
  },
  {
    "review": "다시 한 번 느낀 것은, 베리만은 정말 영화를 재미있게 만드는 감독이라는 것이다. 어디로 튈지 모르는 모니카를 보며, 웃으며, 놀라며, 혀를 끌끌 차며 보다가, 갑작스럽게 나를(관객을) 정면으로 바라보는 모니카의 시선에 몸이 얼어붙는 걸 느꼈다. 헉.",
    "date": "13.07.08",
    "rating": "9",
    "author": "cade****",
    "review_id": "7716179",
    "movie_id": "30662"
  },
  {
    "review": "스토리는 양호하지만 촬영기술 녹음수준 각본디테일.. 모든 면에서 한참 뒤쳐진다.",
    "date": "13.07.07",
    "rating": "5",
    "author": "o___****",
    "review_id": "7714465",
    "movie_id": "30662"
  },
  {
    "review": "모니카의 눈빛",
    "date": "13.07.06",
    "rating": "6",
    "author": "dign****",
    "review_id": "7711212",
    "movie_id": "30662"
  }
]