[
  {
    "review": "볼만하다   구원과 믿음에 대한 상징적인영화",
    "date": "15.06.26",
    "rating": "7",
    "author": "kan3****",
    "review_id": "10040308",
    "movie_id": "30666"
  },
  {
    "review": "신이 살인을 허락했다고? 그래서 거기다 교회를 지어? 감독이 돌려까는거 겠지?",
    "date": "15.05.13",
    "rating": "7",
    "author": "yest****",
    "review_id": "9914675",
    "movie_id": "30666"
  },
  {
    "review": "역설적으로 종교의 모순을 드러낸다.",
    "date": "14.10.10",
    "rating": "6",
    "author": "tear****",
    "review_id": "9282219",
    "movie_id": "30666"
  },
  {
    "review": "신을 향한 믿음을 억지로 껴안고 몸무림치는듯 보인다. 건조하게.",
    "date": "14.02.14",
    "rating": "8",
    "author": "hman****",
    "review_id": "8506748",
    "movie_id": "30666"
  },
  {
    "review": "죽은 딸의 자리에서 솟아나는 샘의 의미는 무엇인가요? 희망인가요? 구더기 같은 인생의 의미를 잘 보여주는 것 같습니다. 캐릭터들이 좀 짜증나긴 했지만",
    "date": "13.03.15",
    "rating": "8",
    "author": "sunw****",
    "review_id": "7350346",
    "movie_id": "30666"
  },
  {
    "review": "once upon a time...",
    "date": "13.02.27",
    "rating": "7",
    "author": "bbq2****",
    "review_id": "7307450",
    "movie_id": "30666"
  },
  {
    "review": "딸의희생으로얻은구원이라니. 아이러니한종교적모순. 완성도높지만 난 예술영화가싫어",
    "date": "11.02.09",
    "rating": "5",
    "author": "gall****",
    "review_id": "5232285",
    "movie_id": "30666"
  },
  {
    "review": "신의 존재에 끝없이 물음표를 던지는, 완전 작가로서의 베리만표 영화.",
    "date": "10.05.20",
    "rating": "8",
    "author": "drs2****",
    "review_id": "4511913",
    "movie_id": "30666"
  },
  {
    "review": "신의 '자비'와 '용서'를 감동적으로 그려낸 수작.. 이래서 베리만의 영화를 본다니까",
    "date": "09.04.19",
    "rating": "10",
    "author": "pola****",
    "review_id": "3429094",
    "movie_id": "30666"
  },
  {
    "review": "의인들이 당하는 불합리하고 억울한 고난 그리고 신의침묵. 인간은 슬피 울부짖나이다",
    "date": "08.12.20",
    "rating": "9",
    "author": "hany****",
    "review_id": "3131879",
    "movie_id": "30666"
  },
  {
    "review": "무정한 지주(支柱)에게 손길을 구해야 하는 존재여",
    "date": "08.05.05",
    "rating": "7",
    "author": "paci****",
    "review_id": "2617733",
    "movie_id": "30666"
  },
  {
    "review": "MISS U, BERGMAN.",
    "date": "07.10.10",
    "rating": "10",
    "author": "quil****",
    "review_id": "2082064",
    "movie_id": "30666"
  },
  {
    "review": "명작이다",
    "date": "07.03.02",
    "rating": "10",
    "author": "zeed****",
    "review_id": "1512995",
    "movie_id": "30666"
  },
  {
    "review": "신의 침묵과 방관속에서 인간이 구해야 할 해답.",
    "date": "07.02.17",
    "rating": "7",
    "author": "hadl****",
    "review_id": "1477741",
    "movie_id": "30666"
  },
  {
    "review": "신의 존재 앞에서 고뇌하는 인간",
    "date": "07.02.14",
    "rating": "9",
    "author": "clsc****",
    "review_id": "1469966",
    "movie_id": "30666"
  },
  {
    "review": "기독교가 욕먹는 이유.",
    "date": "05.12.22",
    "rating": "9",
    "author": "blue****",
    "review_id": "521251",
    "movie_id": "30666"
  },
  {
    "review": "방관자였던 그가 마지막엔 샘물이라니??이건 너무 했다.",
    "date": "05.09.25",
    "rating": "8",
    "author": "tjsd****",
    "review_id": "421124",
    "movie_id": "30666"
  },
  {
    "review": "북유럽의 음울함,종교적 집착,흑백영상미, 표현주의..",
    "date": "05.08.16",
    "rating": "8",
    "author": "expr****",
    "review_id": "369530",
    "movie_id": "30666"
  },
  {
    "review": "이런 황당한 일이 있나 ~",
    "date": "05.03.31",
    "rating": "8",
    "author": "dio3****",
    "review_id": "250689",
    "movie_id": "30666"
  },
  {
    "review": "모든것이 주의 뜻에 의해서 이루어진다.다만 인간은 울부짖을뿐.",
    "date": "05.01.02",
    "rating": "10",
    "author": "zinu****",
    "review_id": "175492",
    "movie_id": "30666"
  },
  {
    "review": "신은 없고 타인을 배척하는 개독교쟁이들만 남아있는 현실이 안타깝다.",
    "date": "04.11.02",
    "rating": "8",
    "author": "jjs7****",
    "review_id": "137863",
    "movie_id": "30666"
  },
  {
    "review": "내가본 잉그마르의 첫 영화,,,접해보지 못한 묘한 분위기가 맘에 든다",
    "date": "04.10.31",
    "rating": "9",
    "author": "hyej****",
    "review_id": "135921",
    "movie_id": "30666"
  }
]