[
  {
    "review": "최고의명작순수함과가슴이따뜻하고행복지는영화",
    "date": "15.03.16",
    "rating": "10",
    "author": "ro52****",
    "review_id": "9787697",
    "movie_id": "30672"
  },
  {
    "review": "개주교에 의한 개주교 선전영화...",
    "date": "15.03.09",
    "rating": "1",
    "author": "katy****",
    "review_id": "9769146",
    "movie_id": "30672"
  },
  {
    "review": "순수한영화입니다 10점 만점에10점짜리!!!^^♡",
    "date": "14.06.08",
    "rating": "1",
    "author": "inee****",
    "review_id": "8813840",
    "movie_id": "30672"
  },
  {
    "review": "순수하고 착한 영화~이런것이 진정한 클래식이라는..",
    "date": "11.05.11",
    "rating": "8",
    "author": "redb****",
    "review_id": "5421386",
    "movie_id": "30672"
  },
  {
    "review": "나의길을가련다보다는못하다",
    "date": "10.05.10",
    "rating": "9",
    "author": "cc52****",
    "review_id": "4491566",
    "movie_id": "30672"
  },
  {
    "review": "60년전에 만들어진 위대한 영화입니다. 재미도 있네요.",
    "date": "09.07.20",
    "rating": "10",
    "author": "fred****",
    "review_id": "3651096",
    "movie_id": "30672"
  },
  {
    "review": "행복이 있네요... 미소가 환히 번지네요!",
    "date": "09.04.29",
    "rating": "10",
    "author": "leed****",
    "review_id": "3447577",
    "movie_id": "30672"
  },
  {
    "review": "위대한 영화입니다.",
    "date": "08.04.28",
    "rating": "10",
    "author": "davi****",
    "review_id": "2603406",
    "movie_id": "30672"
  },
  {
    "review": "순수와 사랑과 평화가 있는 영화.",
    "date": "06.05.30",
    "rating": "10",
    "author": "khod****",
    "review_id": "822893",
    "movie_id": "30672"
  },
  {
    "review": "티격태격 , 그래도 보기 좋네요",
    "date": "04.09.26",
    "rating": "9",
    "author": "hmr3****",
    "review_id": "115159",
    "movie_id": "30672"
  },
  {
    "review": "잉그리드 버그만의 수녀복이 잘 어울리는 작품.",
    "date": "04.09.25",
    "rating": "9",
    "author": "pby1****",
    "review_id": "114084",
    "movie_id": "30672"
  }
]