[
  {
    "review": "BSB, 웨스트라이프, 그때 그 시절의  하이틴 영화",
    "date": "15.08.23",
    "rating": "3",
    "author": "rd72****",
    "review_id": "10269615",
    "movie_id": "30685"
  },
  {
    "review": "명작이라고 해도 손색없는 음악 한곡한곡  정말 최고였던 영화",
    "date": "15.08.23",
    "rating": "10",
    "author": "elle****",
    "review_id": "10266842",
    "movie_id": "30685"
  },
  {
    "review": "오래된 영화라지만 오래되지 않은 느낌이네요. ㅎ",
    "date": "15.08.14",
    "rating": "9",
    "author": "nky8****",
    "review_id": "10230840",
    "movie_id": "30685"
  },
  {
    "review": "뭘 말하고자하는건지도 모르겠고 재미없다.. 유명한영화라 봤는데 매우 실망스럽다. 바텐더들이랑 친해지는장면도 없었는데 급친해진 전개도 노이해;; 오랜만에 이런졸작을 봤네..",
    "date": "15.07.20",
    "rating": "2",
    "author": "wnrd****",
    "review_id": "10124307",
    "movie_id": "30685"
  },
  {
    "review": "왜 10점인지 모르겠다. 노래도 피치퍼펙트나 시스터액트가 훨씬좋은데...",
    "date": "15.06.28",
    "rating": "7",
    "author": "kyd5****",
    "review_id": "10048704",
    "movie_id": "30685"
  },
  {
    "review": "행복해진다 힐링무비♥?",
    "date": "15.06.27",
    "rating": "10",
    "author": "taej****",
    "review_id": "10043509",
    "movie_id": "30685"
  },
  {
    "review": "[ 스토리 7, 비주얼 8, 연출 7, 연기 7 ]　OST가 인상적인 작품.",
    "date": "15.06.10",
    "rating": "7",
    "author": "eyeb****",
    "review_id": "9988299",
    "movie_id": "30685"
  },
  {
    "review": "간만에 봤는데 역시 기분 좋아진다♡",
    "date": "15.06.04",
    "rating": "9",
    "author": "chek****",
    "review_id": "9973979",
    "movie_id": "30685"
  },
  {
    "review": "그냥 행복해지는 영화죠ㅎㅎ",
    "date": "15.04.18",
    "rating": "10",
    "author": "ehdd****",
    "review_id": "9851716",
    "movie_id": "30685"
  },
  {
    "review": "추천받아 보았는데 영화는 그냥 그래요 ㅜㅜ 너무 기대하고 봤나봐요... 여주인공은 이뻐요 ~~",
    "date": "15.03.03",
    "rating": "7",
    "author": "vv33****",
    "review_id": "9753610",
    "movie_id": "30685"
  },
  {
    "review": "뻔하지만 노래가 좋고 볼만함.",
    "date": "15.02.26",
    "rating": "8",
    "author": "phea****",
    "review_id": "9741898",
    "movie_id": "30685"
  },
  {
    "review": "신기한게 우리나라영화는 2006~7년영화만봐도 영상미가 촌스러워서 봐지지가않는데 외국영화는 10년이지나도 명작인것은 지금도 좋고 노래도좋다.. 아마 국제시장이나7번방의선물을 10년후에도 다시보고 싶을 영화는아닐듯..좋은영화좀만들어라",
    "date": "15.02.19",
    "rating": "10",
    "author": "wjdt****",
    "review_id": "9714690",
    "movie_id": "30685"
  },
  {
    "review": "화끈하고 생각나는 그런 영화",
    "date": "15.02.17",
    "rating": "9",
    "author": "0925****",
    "review_id": "9705113",
    "movie_id": "30685"
  },
  {
    "review": "까마득히어렸을때 보고 음악을시작하게된 영화..",
    "date": "15.01.27",
    "rating": "10",
    "author": "alsl****",
    "review_id": "9642369",
    "movie_id": "30685"
  },
  {
    "review": "오랜만에 쓰레기같은 영화하나 봄 쓰레기보단 낫긴함",
    "date": "15.01.08",
    "rating": "1",
    "author": "diam****",
    "review_id": "9574991",
    "movie_id": "30685"
  },
  {
    "review": "감흥도 감명도 미약한 꿈을 향한 몸짓",
    "date": "14.12.18",
    "rating": "1",
    "author": "goms****",
    "review_id": "9485021",
    "movie_id": "30685"
  },
  {
    "review": "처음 고1때봤던  영화.최근까지 15번 본 영화.어릴때 넘 잼께 봐서 지금보면 예전 나의대한 향수가 느껴져 기분좋아지는 영화 .. 요즘 10대들은 뻔하고 잼없다 할수는 있겠지만 30대인 나에겐 명작으로 기억되는..영화",
    "date": "14.12.17",
    "rating": "10",
    "author": "bo63****",
    "review_id": "9480234",
    "movie_id": "30685"
  },
  {
    "review": "청춘의불안함과설레임,방황하고부딪히는젊음을잘표현한영화. 볼 때마다에너지생기면서 ,기분좋게 보는..ost,세련미와에너지넘치는bar쇼, 달콤한로맨스,한명한명개성과매력있는 배우들.평범한 내용이라지만 무겁지않더라도아주 `좋은` 영화 .10대후반에봐두면더좋을듯!",
    "date": "14.12.15",
    "rating": "9",
    "author": "vvvv****",
    "review_id": "9477272",
    "movie_id": "30685"
  },
  {
    "review": "자꾸봐도 기분 좋아지는 영화~",
    "date": "14.12.04",
    "rating": "10",
    "author": "yesu****",
    "review_id": "9445675",
    "movie_id": "30685"
  },
  {
    "review": "5명의 된장녀가 술과 안주를 퍼마시며 막춤, 페미휴머니즘을 외친다.",
    "date": "14.11.28",
    "rating": "10",
    "author": "sbrj****",
    "review_id": "9429174",
    "movie_id": "30685"
  },
  {
    "review": "어느 주변에서나 일어날수 있는 흔한 이야기지만 젋음이 꿈을 찾고  도전하는  누구나 알지만  꼭 해야만 하는 이야기.",
    "date": "14.10.14",
    "rating": "10",
    "author": "sama****",
    "review_id": "9292307",
    "movie_id": "30685"
  },
  {
    "review": "소올직히 8점대 영화는 아니라서 1점줌 기껏해야 6.85점대 영화임",
    "date": "14.09.10",
    "rating": "1",
    "author": "ocel****",
    "review_id": "9198803",
    "movie_id": "30685"
  },
  {
    "review": "최고의 B급 영화. 꽤 여러번 봤지만, 볼때마다 즐겁다. 특히 '카미'는 완전 취향!",
    "date": "14.09.02",
    "rating": "9",
    "author": "ohs1****",
    "review_id": "9154616",
    "movie_id": "30685"
  },
  {
    "review": "플리즈 리멤버^-^*",
    "date": "14.08.29",
    "rating": "8",
    "author": "rokm****",
    "review_id": "9143560",
    "movie_id": "30685"
  },
  {
    "review": "진짜 재미있다. can't fight the Moonlight  이 노래가 여기 OST인줄 몰랐슴..",
    "date": "14.08.26",
    "rating": "10",
    "author": "qg24****",
    "review_id": "9135385",
    "movie_id": "30685"
  },
  {
    "review": "나 스무살때 나온 영화.",
    "date": "14.08.26",
    "rating": "9",
    "author": "sang****",
    "review_id": "9135268",
    "movie_id": "30685"
  },
  {
    "review": "다 좋은데 영화 포스터가 별로네요",
    "date": "14.08.11",
    "rating": "9",
    "author": "qnad****",
    "review_id": "9066602",
    "movie_id": "30685"
  },
  {
    "review": "정말 재밌게 봤던 영화 , 다시 봐도 재밌네요!",
    "date": "14.07.25",
    "rating": "10",
    "author": "kkan****",
    "review_id": "8957064",
    "movie_id": "30685"
  },
  {
    "review": "뉴욕의 실제 bar도 지나갔었던 코요테 어글리. 당시 시대를 풍미했던 아이콘같은 영화.",
    "date": "14.07.24",
    "rating": "10",
    "author": "jere****",
    "review_id": "8951151",
    "movie_id": "30685"
  },
  {
    "review": "지금 알고 있는걸 그때도 알았더라면... 내 가슴이 말하는 것에 더 자주 귀 기울였으리라더 즐겁게 살고 덜 고민했으리라사랑에 더 열중하고 그 결말에 대해선 덜 걱정했으리라.. 설령 그것이 실패로 끝난다 해도.... 웅... 너무 늙어서 봤다~",
    "date": "14.07.13",
    "rating": "10",
    "author": "kyun****",
    "review_id": "8910206",
    "movie_id": "30685"
  },
  {
    "review": "무엇보다 ost가 기억에 많이남고 전율을 느꼇다",
    "date": "14.06.11",
    "rating": "10",
    "author": "dkdl****",
    "review_id": "8821664",
    "movie_id": "30685"
  },
  {
    "review": "OST만 기억에 강렬히 남고 스토리는 어려운 상황이지만 그냥 꿈을 위해 달려 해내고 만다는 희망찬 내용. 유치하고 좀 뻔함.",
    "date": "14.06.04",
    "rating": "5",
    "author": "jjaj****",
    "review_id": "8792690",
    "movie_id": "30685"
  },
  {
    "review": "봐도봐도안질린다 ㅠ  열자는왜채우래 아놔",
    "date": "14.05.18",
    "rating": "10",
    "author": "llov****",
    "review_id": "8743946",
    "movie_id": "30685"
  },
  {
    "review": "난 재밌게 봤는데.. 아직도 생각남..ㅎㅎ",
    "date": "14.05.12",
    "rating": "10",
    "author": "qi__****",
    "review_id": "8726205",
    "movie_id": "30685"
  },
  {
    "review": "너무 감동적이엇어요ㅠ 미국가고싶네요♥♥ I LOVE YOU USA",
    "date": "14.04.26",
    "rating": "10",
    "author": "qeen****",
    "review_id": "8673771",
    "movie_id": "30685"
  },
  {
    "review": "어찌보면 술집에서 일하는 사람들이 미화되어 보일 수 있지만 밑바닥에서 부터 시작하는 사람들의 과정을 잘 보여준거 같다. 주인공의 우유부단한 성격에 답답하기도 하지만 마지막에 OST 곡 부름때 소오름 돋았다.",
    "date": "14.04.24",
    "rating": "8",
    "author": "yong****",
    "review_id": "8670410",
    "movie_id": "30685"
  },
  {
    "review": "10년이 지나도 계속 찾게되는 영화..음악도 참 좋다",
    "date": "14.04.20",
    "rating": "10",
    "author": "leea****",
    "review_id": "8660742",
    "movie_id": "30685"
  },
  {
    "review": "OST가 기가막힌 영화, 클럽에서의 첫 공연장면이 짜릿함",
    "date": "14.03.04",
    "rating": "9",
    "author": "cult****",
    "review_id": "8556397",
    "movie_id": "30685"
  },
  {
    "review": "뻔한 내용이지만 재미는 있네.",
    "date": "14.02.18",
    "rating": "9",
    "author": "mool****",
    "review_id": "8518329",
    "movie_id": "30685"
  },
  {
    "review": "나도 코요테 어글리에 가보고 싶다!!!",
    "date": "14.01.27",
    "rating": "10",
    "author": "ddeg****",
    "review_id": "8433674",
    "movie_id": "30685"
  },
  {
    "review": "보면서 흐믓하고 신나는 영화다.자기의꿈을 이루려는모습이 보기좋다 .마지막 끝날때는 소름쫙끼침ㅜㅜ 명작이다",
    "date": "14.01.20",
    "rating": "10",
    "author": "m132****",
    "review_id": "8402990",
    "movie_id": "30685"
  },
  {
    "review": "바에서 일어나는 박진감있는 댄스장면은 보는내내 스트레스가 풀리는 기분을 주었다.  장면 곳곳에 감독의 센스있는 대사는 내 입가를 씨익 웃게했다. 내용적인 측면에서 아쉬움이 남지만, 그 아쉬움보다 더 큰 재미를 선사해 주었던 기분 좋은 영화였다.",
    "date": "14.01.14",
    "rating": "8",
    "author": "dheo****",
    "review_id": "8383226",
    "movie_id": "30685"
  },
  {
    "review": "여주인공이 생각보단 빅스타로 크진 못한게, 13년 후 내 모습과 비슷하군..",
    "date": "14.01.03",
    "rating": "8",
    "author": "pass****",
    "review_id": "8344744",
    "movie_id": "30685"
  },
  {
    "review": "매력적인 영화.. 하지만 다시 보고 싶지는 않다.. 8점!!",
    "date": "13.12.24",
    "rating": "3",
    "author": "ykm3****",
    "review_id": "8286997",
    "movie_id": "30685"
  },
  {
    "review": "벌써 13년전 영화라고 하기엔 영상미도 세련되고 작품구성이 좋았다. 또한 배우들의 열연이 돋보였고, 사실 여주가 좀 답답하긴 했지만 마지막에 그 답답함 이었던 무대공포증을 완벽하게 고쳐내고 멋지게 노래를 열창했던게 기억에 남는다. 여러번 봐도 재밌음.",
    "date": "13.12.15",
    "rating": "10",
    "author": "cksd****",
    "review_id": "8215582",
    "movie_id": "30685"
  },
  {
    "review": "이상하게 우리나라에서만 평점이 높은 영화... 이 영화에서 건질거라고는 리안 라임스의 노래 밖엔 없고만...",
    "date": "13.11.04",
    "rating": "3",
    "author": "nemo****",
    "review_id": "8114646",
    "movie_id": "30685"
  },
  {
    "review": "가장 좋아하는 영화중에 손에 꼽히는 영화~^^",
    "date": "13.10.10",
    "rating": "9",
    "author": "yun8****",
    "review_id": "8051221",
    "movie_id": "30685"
  },
  {
    "review": "아직도 찾아듣는 그 음악들. 그리고 세련된 인물들의 심리묘사와 편집에 다시봐도 질리지 않는 몰입을 선사한다. 지금의 청춘들에게도 망설임없이 권하는 우리시대 청춘영화!",
    "date": "13.10.06",
    "rating": "9",
    "author": "xnxl****",
    "review_id": "8039018",
    "movie_id": "30685"
  },
  {
    "review": "지금 보기엔 뻔한 스토리, 캐릭터마저 진부하다",
    "date": "13.09.30",
    "rating": "4",
    "author": "seul****",
    "review_id": "8024457",
    "movie_id": "30685"
  },
  {
    "review": "가장 좋아하는 영화에요...",
    "date": "13.09.02",
    "rating": "10",
    "author": "o1to****",
    "review_id": "7944246",
    "movie_id": "30685"
  },
  {
    "review": "영화라면 이런 자연스러움이 흘러야한다.",
    "date": "13.08.31",
    "rating": "9",
    "author": "bbb2****",
    "review_id": "7938951",
    "movie_id": "30685"
  },
  {
    "review": "술은 입을 경쾌하게 한다.",
    "date": "13.08.31",
    "rating": "3",
    "author": "kos4****",
    "review_id": "7938076",
    "movie_id": "30685"
  },
  {
    "review": "인간적으로 이건 어릴적때나 재밌게 봤지 지금에서 다시보면 유치하다기보다는 너무 어직스러워서.",
    "date": "13.08.27",
    "rating": "5",
    "author": "foun****",
    "review_id": "7926534",
    "movie_id": "30685"
  },
  {
    "review": "영화 너무 유치하다",
    "date": "13.08.25",
    "rating": "1",
    "author": "tick****",
    "review_id": "7921786",
    "movie_id": "30685"
  },
  {
    "review": "오랜만에 다시봤다 어렸을 적이랑 현실에 약간 물든 지금 감상느낌과 영화에 대한 의미부여 그리고 교훈이 다 다르다 영화는 멈췄고 나만 컸는데 신기하다 재밌다^.~",
    "date": "13.08.03",
    "rating": "10",
    "author": "hoin****",
    "review_id": "7827195",
    "movie_id": "30685"
  },
  {
    "review": "옛날에 봐도 지금봐도 재밌네~",
    "date": "13.07.30",
    "rating": "9",
    "author": "o0o1****",
    "review_id": "7800295",
    "movie_id": "30685"
  },
  {
    "review": "나랑 같은 공포를 가진 여주덕에 몰입감은 좀 잘됬다. 그런대로 볼만했던 성장영화 인듯 하다ㅎ 확실히 버레스크가 따온거 같긴하네.",
    "date": "13.07.27",
    "rating": "7",
    "author": "happ****",
    "review_id": "7789787",
    "movie_id": "30685"
  },
  {
    "review": "재밋어요^^ 왜 지금 봣는지!!ㅋㅋㅋ 노래도 좋구 다 좋아요",
    "date": "13.03.25",
    "rating": "10",
    "author": "tnwl****",
    "review_id": "7411841",
    "movie_id": "30685"
  },
  {
    "review": "초딩때 봤지만 정말 몰입되는 영화였음ㅎㅎ",
    "date": "13.03.09",
    "rating": "9",
    "author": "kjh9****",
    "review_id": "7333223",
    "movie_id": "30685"
  },
  {
    "review": "스토리나 장르나 넘넘좋음ㅜㅠ",
    "date": "13.03.03",
    "rating": "10",
    "author": "shar****",
    "review_id": "7321929",
    "movie_id": "30685"
  },
  {
    "review": "웃고 또 사랑하고 노래하고 춤을 추고 그런 날이 언젠가 오게 될 거야",
    "date": "13.02.26",
    "rating": "10",
    "author": "jjcv****",
    "review_id": "7305320",
    "movie_id": "30685"
  },
  {
    "review": "전반부는 재밌 걸. 후반부는 신파 걸.",
    "date": "13.02.21",
    "rating": "6",
    "author": "snow****",
    "review_id": "7287281",
    "movie_id": "30685"
  },
  {
    "review": "세상에 청춘과 열정 그리고 사랑을 이길만한 것은 아무것도 없다. 인간사에 가장 아름다운 순간이 바로 이거 아닐까?",
    "date": "13.02.02",
    "rating": "9",
    "author": "whee****",
    "review_id": "7215648",
    "movie_id": "30685"
  },
  {
    "review": "재밌지",
    "date": "13.01.30",
    "rating": "10",
    "author": "dlaw****",
    "review_id": "7198124",
    "movie_id": "30685"
  },
  {
    "review": "장난아니다",
    "date": "13.01.18",
    "rating": "10",
    "author": "tjdg****",
    "review_id": "7127530",
    "movie_id": "30685"
  },
  {
    "review": "13년전에 만들어진 영화라 평가가 높은 영화.중반부까진 재밌다^^",
    "date": "13.01.15",
    "rating": "5",
    "author": "love****",
    "review_id": "7117826",
    "movie_id": "30685"
  },
  {
    "review": "10년 전에 보고 10년 후에 또 봤는데도 재밌네요 ^^",
    "date": "13.01.11",
    "rating": "10",
    "author": "ict2****",
    "review_id": "7100538",
    "movie_id": "30685"
  },
  {
    "review": "뻔하지만 좋다",
    "date": "12.12.14",
    "rating": "10",
    "author": "dwc0****",
    "review_id": "7000080",
    "movie_id": "30685"
  },
  {
    "review": "10년전 중학생때 본 영환데 지금도 보고 있어요. 좋아요.",
    "date": "12.12.08",
    "rating": "10",
    "author": "tepp****",
    "review_id": "6985737",
    "movie_id": "30685"
  },
  {
    "review": "신난당",
    "date": "12.11.26",
    "rating": "9",
    "author": "gkss****",
    "review_id": "6927215",
    "movie_id": "30685"
  },
  {
    "review": "12년 봤으면 감동받았을 수도 ㅎㅎ",
    "date": "12.11.18",
    "rating": "6",
    "author": "audr****",
    "review_id": "6903380",
    "movie_id": "30685"
  },
  {
    "review": "꽤 유명한 영화여서 한 번 봤는데, 정말 실망이다... 정말 재미없다.. 억지로 보다가 결국 넘겨가면서 마무리.. 주인공 노래도 별 감흥이 없고, 그냥 주인공과 코요테들의 몸매가 좋았다는 기억밖에 안남는 영화..",
    "date": "12.11.03",
    "rating": "1",
    "author": "khj9****",
    "review_id": "6850714",
    "movie_id": "30685"
  },
  {
    "review": "심오하진 않지만  오락성만 추구하지도 않은  재밌게  진지하게  느낄수 있는 영화.  무조건 추천!!",
    "date": "12.10.20",
    "rating": "10",
    "author": "supe****",
    "review_id": "6814350",
    "movie_id": "30685"
  },
  {
    "review": "나에게는 많은걸 느끼게 해준영화-*",
    "date": "12.10.17",
    "rating": "10",
    "author": "cck5****",
    "review_id": "6808835",
    "movie_id": "30685"
  },
  {
    "review": "완전 말도 안되는영화",
    "date": "12.10.10",
    "rating": "6",
    "author": "jhch****",
    "review_id": "6780442",
    "movie_id": "30685"
  },
  {
    "review": "정말 좋아하는 영화 힘들때 보면 힘나는 영화.. 음악과 함께 춤이 있어 좋은 영화!",
    "date": "12.09.17",
    "rating": "10",
    "author": "aone****",
    "review_id": "6707327",
    "movie_id": "30685"
  },
  {
    "review": "요즘에 와서 보면 손발이 오글거리는 장면도 많고, 말도 안되는 설정이 조금 거슬리긴 해도 볼만한 영화라는 사실은 변하지 않는듯하다. 노래도 좋고 마지막 감동도 좋다.",
    "date": "12.08.30",
    "rating": "8",
    "author": "sbj1****",
    "review_id": "6655270",
    "movie_id": "30685"
  },
  {
    "review": "짱이에요...",
    "date": "12.08.20",
    "rating": "10",
    "author": "sy2l****",
    "review_id": "6627879",
    "movie_id": "30685"
  },
  {
    "review": "몇 번을 봐도 기분 좋아지는 영화^^! 등장인물 한명 한명 매력 터지는♡ 스토리, OST, 인물 뭐하나 모자람없는 청춘이면 꼭 봐야할 로맨틱 청춘영화!",
    "date": "12.08.09",
    "rating": "10",
    "author": "whit****",
    "review_id": "6587071",
    "movie_id": "30685"
  },
  {
    "review": "러블리 뮤비^^",
    "date": "12.07.29",
    "rating": "10",
    "author": "make****",
    "review_id": "6551385",
    "movie_id": "30685"
  },
  {
    "review": "이 영화는 정말...내 맘에 드는 영화다...음악도 너무 좋고 신나고 스토리도 좋고 남자 주인공 너무 귀여워...ㅠ0ㅠ...",
    "date": "12.07.27",
    "rating": "10",
    "author": "slvi****",
    "review_id": "6539855",
    "movie_id": "30685"
  },
  {
    "review": "음악,연기,플롯,스토리.... 흠잡을데없는 청춘영화",
    "date": "12.07.23",
    "rating": "8",
    "author": "guev****",
    "review_id": "6518424",
    "movie_id": "30685"
  },
  {
    "review": "기대이상의영화임!!",
    "date": "12.07.21",
    "rating": "10",
    "author": "tjdc****",
    "review_id": "6509916",
    "movie_id": "30685"
  },
  {
    "review": "나는 왜 열정적으로 꿈을 이루려 하지 않을까",
    "date": "12.06.20",
    "rating": "9",
    "author": "eowj****",
    "review_id": "6403953",
    "movie_id": "30685"
  },
  {
    "review": "수많은 무대공포증을 겪고 있는 이들에게 공감획득 성공!!",
    "date": "12.06.07",
    "rating": "9",
    "author": "bdcs****",
    "review_id": "6374150",
    "movie_id": "30685"
  },
  {
    "review": "Com-역시,영화에음악이차지하는비중은,뻔한내용을극복가능,안이쁜바이올렛도이뻐보임",
    "date": "12.06.07",
    "rating": "8",
    "author": "lonr****",
    "review_id": "6373712",
    "movie_id": "30685"
  },
  {
    "review": "어렸을 때 정말 보고 반했던 영화! OST도 좋고 스토리도 좋다 :D 추천!",
    "date": "12.05.11",
    "rating": "10",
    "author": "coff****",
    "review_id": "6288692",
    "movie_id": "30685"
  },
  {
    "review": "정말 최고의 영화~~^^",
    "date": "12.05.01",
    "rating": "10",
    "author": "dayk****",
    "review_id": "6263787",
    "movie_id": "30685"
  },
  {
    "review": "모든남자가 3시30분에 원하는것! 아침먹자 ㅋㅋㅋㅋ",
    "date": "12.04.27",
    "rating": "8",
    "author": "sung****",
    "review_id": "6248988",
    "movie_id": "30685"
  },
  {
    "review": "그럭저럭...",
    "date": "12.04.22",
    "rating": "6",
    "author": "dbzh****",
    "review_id": "6239092",
    "movie_id": "30685"
  },
  {
    "review": "노래는 좋음",
    "date": "12.04.11",
    "rating": "6",
    "author": "jhya****",
    "review_id": "6208011",
    "movie_id": "30685"
  },
  {
    "review": "8점!",
    "date": "12.04.08",
    "rating": "8",
    "author": "tjsa****",
    "review_id": "6201388",
    "movie_id": "30685"
  },
  {
    "review": "남주인공 완전 잘생김 한국오크남들과는 비교가안됨 내가 여자면 다른나라가서살겠다",
    "date": "12.03.29",
    "rating": "9",
    "author": "perf****",
    "review_id": "6177384",
    "movie_id": "30685"
  },
  {
    "review": "젊음!",
    "date": "12.03.11",
    "rating": "10",
    "author": "hysk****",
    "review_id": "6137442",
    "movie_id": "30685"
  },
  {
    "review": "기대이하.기분은좋다",
    "date": "12.03.01",
    "rating": "7",
    "author": "gkdp****",
    "review_id": "6113744",
    "movie_id": "30685"
  },
  {
    "review": "모든 명곡은 다있는 영화 최고",
    "date": "12.02.16",
    "rating": "10",
    "author": "wjdr****",
    "review_id": "6078501",
    "movie_id": "30685"
  },
  {
    "review": "좋아할만한 영화.",
    "date": "12.02.16",
    "rating": "10",
    "author": "dusk****",
    "review_id": "6077844",
    "movie_id": "30685"
  },
  {
    "review": "두번째로 봤는데 역시... 솔직담백한 그녀들의 이야기^^",
    "date": "12.02.15",
    "rating": "10",
    "author": "ws10****",
    "review_id": "6076157",
    "movie_id": "30685"
  },
  {
    "review": "그냥그런데..",
    "date": "12.01.26",
    "rating": "6",
    "author": "enia****",
    "review_id": "6022949",
    "movie_id": "30685"
  },
  {
    "review": "OST가 나를 빠지게 만들었구 훔뻑 빠져들게 하는 매력적인 영화...",
    "date": "12.01.22",
    "rating": "10",
    "author": "sute****",
    "review_id": "6008784",
    "movie_id": "30685"
  }
]