[
  {
    "review": "종합 평점은 5점 드립니다.",
    "date": "15.06.30",
    "rating": "5",
    "author": "terr****",
    "review_id": "10053990",
    "movie_id": "30689"
  },
  {
    "review": "내 인생 최초로 극장에서 포기하고 잠을 선택한 영화 1호",
    "date": "15.04.14",
    "rating": "1",
    "author": "dark****",
    "review_id": "9844918",
    "movie_id": "30689"
  },
  {
    "review": "ㅋㅋㅋ 액션도 그냥저냥,, 내용은 개시망, 연출도 망",
    "date": "14.11.15",
    "rating": "2",
    "author": "fghy****",
    "review_id": "9384390",
    "movie_id": "30689"
  },
  {
    "review": "좋아하는 배우와 좋아하는 감독이 함께 손잡고 영화를 말아먹은 흔치 않은 영화",
    "date": "14.09.23",
    "rating": "6",
    "author": "lees****",
    "review_id": "9236197",
    "movie_id": "30689"
  },
  {
    "review": "줄거리도 허접하고 액션도 별볼일 없고 그냥 주윤발이 아까울 뿐이고",
    "date": "14.05.15",
    "rating": "4",
    "author": "adiv****",
    "review_id": "8734305",
    "movie_id": "30689"
  },
  {
    "review": "여주와 액션이 볼만했다.",
    "date": "14.03.30",
    "rating": "7",
    "author": "hsd5****",
    "review_id": "8617934",
    "movie_id": "30689"
  },
  {
    "review": "재미잇어용 학생때봣던건데 또보고싶네요",
    "date": "14.03.21",
    "rating": "10",
    "author": "dbtn****",
    "review_id": "8591476",
    "movie_id": "30689"
  },
  {
    "review": "머야 영화야 쓰레기야?",
    "date": "14.02.24",
    "rating": "1",
    "author": "myst****",
    "review_id": "8533024",
    "movie_id": "30689"
  },
  {
    "review": "..ㅣㅇ시간이아깝?",
    "date": "14.02.17",
    "rating": "1",
    "author": "gksm****",
    "review_id": "8515254",
    "movie_id": "30689"
  },
  {
    "review": "주윤발이 돈때문에 찍은것 같은 영화.",
    "date": "13.12.15",
    "rating": "4",
    "author": "kxvt****",
    "review_id": "8216117",
    "movie_id": "30689"
  },
  {
    "review": "시간 보내기 용..zz",
    "date": "13.10.26",
    "rating": "5",
    "author": "kem1****",
    "review_id": "8089810",
    "movie_id": "30689"
  },
  {
    "review": "그냥,병맛영화.솔직히 영화라고 부르기조차,영화라는 그 단어에 미안하다.이런것도,감독이라고 어디가서,신인 여배우 꼬시면서,깝치겠지?이 영화 생각만 나면,자다가도,웃기는 영화.엉성하기로는,심형래의 초기작이나,남기남 감독 영화쯤되야,명함을 내밀만한 수준이다",
    "date": "13.03.23",
    "rating": "1",
    "author": "baks****",
    "review_id": "7402600",
    "movie_id": "30689"
  },
  {
    "review": "주윤발 오우삼 최악의 조합이다. 영화가 어째 OO같다 했는데 오우삼이 만들었군.",
    "date": "13.02.05",
    "rating": "1",
    "author": "hjh7****",
    "review_id": "7228070",
    "movie_id": "30689"
  },
  {
    "review": "역시 주윤발 살아있네너무 재미있게 잘 봤다",
    "date": "13.01.04",
    "rating": "10",
    "author": "yyho****",
    "review_id": "7082229",
    "movie_id": "30689"
  },
  {
    "review": "걍 쌈마이 액션 영화... 주윤발 네임밸류에 비하면 실망.",
    "date": "12.12.14",
    "rating": "5",
    "author": "wony****",
    "review_id": "7002907",
    "movie_id": "30689"
  },
  {
    "review": "추억의 영화이자 다시한번 보고싶은 액션영화입니다",
    "date": "12.11.11",
    "rating": "9",
    "author": "123e****",
    "review_id": "6877941",
    "movie_id": "30689"
  },
  {
    "review": "주윤발이 왕하오(중국 대표 탁구선수)랑 비슷하게 생김.여주인공 덕에 지루할뻔한 영화가 볼만했다.",
    "date": "12.08.09",
    "rating": "9",
    "author": "ph78****",
    "review_id": "6586119",
    "movie_id": "30689"
  },
  {
    "review": "나름 재밋었음ㅋ",
    "date": "12.08.03",
    "rating": "8",
    "author": "duhh****",
    "review_id": "6567651",
    "movie_id": "30689"
  },
  {
    "review": "아웅~ 제목부터 에러였엉~",
    "date": "12.07.06",
    "rating": "4",
    "author": "sute****",
    "review_id": "6449253",
    "movie_id": "30689"
  },
  {
    "review": "평점 왜이리 낮지;; 무지 재밌게봤는데",
    "date": "12.04.07",
    "rating": "10",
    "author": "cksn****",
    "review_id": "6198405",
    "movie_id": "30689"
  },
  {
    "review": "평점이 생각보다 높네여",
    "date": "12.03.04",
    "rating": "1",
    "author": "slam****",
    "review_id": "6122004",
    "movie_id": "30689"
  },
  {
    "review": "주윤발의 수도승이미지와, 캐스팅 자체가 아쉽고, 액션 코믹이 다 매끄럽지 못하다.",
    "date": "12.03.03",
    "rating": "5",
    "author": "crui****",
    "review_id": "6121469",
    "movie_id": "30689"
  },
  {
    "review": "윤발이형님은 왜 이런 영화에 출연하셨지..이 영화를 만든 의도가 뭐냐?진정한 졸작",
    "date": "12.03.02",
    "rating": "3",
    "author": "thra****",
    "review_id": "6117542",
    "movie_id": "30689"
  },
  {
    "review": "주윤발가지고 무슨 장난을 친거야",
    "date": "11.12.23",
    "rating": "5",
    "author": "bigb****",
    "review_id": "5927675",
    "movie_id": "30689"
  },
  {
    "review": "애들 보는 허접스러운 만화같애..",
    "date": "11.09.16",
    "rating": "6",
    "author": "tn99****",
    "review_id": "5735228",
    "movie_id": "30689"
  },
  {
    "review": "그럭저럭 괜찮던데 ㅋ",
    "date": "11.08.21",
    "rating": "7",
    "author": "mins****",
    "review_id": "5674873",
    "movie_id": "30689"
  },
  {
    "review": "아직도 동양무술이 신비롭다고 느끼는가? 이걸 극장에서 봤다니...",
    "date": "11.08.07",
    "rating": "4",
    "author": "oma4****",
    "review_id": "5618178",
    "movie_id": "30689"
  },
  {
    "review": "방탄승 얼마나 유명한데...난 진짜 재밌게 봤음...특히 제이미킹의 매력~~~짱!!",
    "date": "11.04.24",
    "rating": "10",
    "author": "topt****",
    "review_id": "5389733",
    "movie_id": "30689"
  },
  {
    "review": "평점 왜 이모냥이냐;; 저 정도 받을 건 아니라고 생각하는데?",
    "date": "11.04.06",
    "rating": "8",
    "author": "wodu****",
    "review_id": "5358397",
    "movie_id": "30689"
  },
  {
    "review": "어린이영화로는 좋겠드라..",
    "date": "10.11.16",
    "rating": "3",
    "author": "aqzz****",
    "review_id": "4966395",
    "movie_id": "30689"
  },
  {
    "review": "재밌던데 ^^;; 3번이나 봤음..",
    "date": "10.08.21",
    "rating": "10",
    "author": "3221****",
    "review_id": "4772995",
    "movie_id": "30689"
  },
  {
    "review": "윤발엉님의 안습 매력, 그나마 그거라도 없으면...",
    "date": "10.03.26",
    "rating": "4",
    "author": "reco****",
    "review_id": "4389780",
    "movie_id": "30689"
  },
  {
    "review": "대체 티벳에 왜 무장친위대가 얼쩡거리냐? 당시 티벳은 영국식민지였쟎아?",
    "date": "10.03.08",
    "rating": "1",
    "author": "clga****",
    "review_id": "4344941",
    "movie_id": "30689"
  },
  {
    "review": "친척형네서어렸을적에본영화인데..그땐재밌게본기억이나는데..평이왜이럴까ㅎ?",
    "date": "10.01.26",
    "rating": "7",
    "author": "jmy1****",
    "review_id": "4211957",
    "movie_id": "30689"
  },
  {
    "review": "솔직히 모든 영화에 1점은 아니다.",
    "date": "10.01.24",
    "rating": "6",
    "author": "ttt3****",
    "review_id": "4205056",
    "movie_id": "30689"
  },
  {
    "review": "형님.. 제발, 집에 계십쇼, 괜히 집나가서 이게 뭡니까!",
    "date": "10.01.19",
    "rating": "1",
    "author": "bsbm****",
    "review_id": "4187272",
    "movie_id": "30689"
  },
  {
    "review": "좀 심하네 -_-;; 윤발씨 나와서 그나마 4점준다.",
    "date": "09.10.24",
    "rating": "4",
    "author": "iabw****",
    "review_id": "3912802",
    "movie_id": "30689"
  },
  {
    "review": "방탕한 승려가 아님",
    "date": "09.07.23",
    "rating": "2",
    "author": "wood****",
    "review_id": "3660587",
    "movie_id": "30689"
  },
  {
    "review": "그냥 킬링타임용임 ㅋ",
    "date": "09.07.18",
    "rating": "5",
    "author": "kiwi****",
    "review_id": "3643793",
    "movie_id": "30689"
  },
  {
    "review": "그냥 볼만하네 ㅡ.ㅡ;;",
    "date": "09.06.04",
    "rating": "6",
    "author": "tleh****",
    "review_id": "3543412",
    "movie_id": "30689"
  },
  {
    "review": "재미없다.",
    "date": "09.05.27",
    "rating": "3",
    "author": "dlwo****",
    "review_id": "3526162",
    "movie_id": "30689"
  },
  {
    "review": "재미없낭?난 왜일케 재미있지 ㅋㅋㅋㅋ",
    "date": "09.05.25",
    "rating": "10",
    "author": "adie****",
    "review_id": "3522253",
    "movie_id": "30689"
  },
  {
    "review": "솔직히 말해서 이건 쪼금 아니야",
    "date": "09.05.14",
    "rating": "6",
    "author": "rlad****",
    "review_id": "3495006",
    "movie_id": "30689"
  },
  {
    "review": "ㅋㅋㅋㅋ 완전 군중 심리 평점이네",
    "date": "09.04.25",
    "rating": "7",
    "author": "tlaw****",
    "review_id": "3440175",
    "movie_id": "30689"
  },
  {
    "review": "오래전에 봤던 영화지만.. 재미있게 봤던 기억이... .",
    "date": "09.03.30",
    "rating": "8",
    "author": "driv****",
    "review_id": "3395964",
    "movie_id": "30689"
  },
  {
    "review": "저때 당시엔 나름 볼만했는데..",
    "date": "09.03.13",
    "rating": "8",
    "author": "jkh0****",
    "review_id": "3362202",
    "movie_id": "30689"
  },
  {
    "review": "극장에서 보고 친구에게 미안했던 영화",
    "date": "09.03.13",
    "rating": "5",
    "author": "mell****",
    "review_id": "3362126",
    "movie_id": "30689"
  },
  {
    "review": "윤발성님 거기서 뭐해요.....ㅠ아무리 봐도 이건 좀 아닌듯...",
    "date": "09.02.23",
    "rating": "3",
    "author": "iss2****",
    "review_id": "3325605",
    "movie_id": "30689"
  },
  {
    "review": "음... 굿",
    "date": "09.02.15",
    "rating": "6",
    "author": "jsga****",
    "review_id": "3305080",
    "movie_id": "30689"
  },
  {
    "review": "....주인공 얼굴이 방탄이다",
    "date": "08.12.17",
    "rating": "1",
    "author": "capg****",
    "review_id": "3125253",
    "movie_id": "30689"
  },
  {
    "review": "성룡의 버디 액션 코미디물의 멍청한 아류작에 불과",
    "date": "08.12.04",
    "rating": "1",
    "author": "dg_d****",
    "review_id": "3090715",
    "movie_id": "30689"
  },
  {
    "review": "확실히 5점자리다",
    "date": "08.11.23",
    "rating": "5",
    "author": "mins****",
    "review_id": "3066989",
    "movie_id": "30689"
  },
  {
    "review": "정말재미없게본영화는시간이지난다음 내용,엔딩이잘기억안나는데방탄승도생각안난다..",
    "date": "08.10.18",
    "rating": "2",
    "author": "whia****",
    "review_id": "3006940",
    "movie_id": "30689"
  },
  {
    "review": "평점 5점짜린 아닌듯-ㅁ-",
    "date": "08.08.07",
    "rating": "10",
    "author": "cdh9****",
    "review_id": "2848610",
    "movie_id": "30689"
  },
  {
    "review": "잼미만  있더만  평점 왜이래;;",
    "date": "08.07.25",
    "rating": "10",
    "author": "ghfa****",
    "review_id": "2800145",
    "movie_id": "30689"
  },
  {
    "review": "스토리 좀 유치했지만 볼만은 하던데........",
    "date": "08.07.24",
    "rating": "5",
    "author": "ted3****",
    "review_id": "2799501",
    "movie_id": "30689"
  },
  {
    "review": "주윤발때문에 기대했지만 기대치에 요만큼도 만족시키지 못한 영화",
    "date": "08.05.23",
    "rating": "3",
    "author": "feel****",
    "review_id": "2657100",
    "movie_id": "30689"
  },
  {
    "review": "아시아의 스타 주윤발님, 능력없는 미국산 감독 만나서 뭐하시는 거에요?",
    "date": "08.04.10",
    "rating": "3",
    "author": "stra****",
    "review_id": "2572349",
    "movie_id": "30689"
  },
  {
    "review": "인내력으로도 못 보겠더라. 인물들 모두가 하나같이 안 어울린다.",
    "date": "08.03.17",
    "rating": "2",
    "author": "bepl****",
    "review_id": "2526504",
    "movie_id": "30689"
  },
  {
    "review": "차라리 장끌로드반담이나, 스티븐시걸이 했었다면 그나마 낳았을..",
    "date": "08.02.15",
    "rating": "2",
    "author": "evil****",
    "review_id": "2446558",
    "movie_id": "30689"
  },
  {
    "review": "주윤발이 이런 흐접 영화에 출연했던게 당시에 참 안타깝더라는",
    "date": "08.02.01",
    "rating": "4",
    "author": "gall****",
    "review_id": "2394496",
    "movie_id": "30689"
  },
  {
    "review": "이게 평점 8점대면 내가 관대한거다.",
    "date": "08.01.26",
    "rating": "1",
    "author": "tjse****",
    "review_id": "2370482",
    "movie_id": "30689"
  },
  {
    "review": "윤발이형의 굴욕",
    "date": "08.01.23",
    "rating": "2",
    "author": "uds0****",
    "review_id": "2362602",
    "movie_id": "30689"
  },
  {
    "review": "킬링타임 정도로 봐준다",
    "date": "08.01.07",
    "rating": "4",
    "author": "wow7****",
    "review_id": "2305356",
    "movie_id": "30689"
  },
  {
    "review": "정말 재미있었어요.",
    "date": "08.01.05",
    "rating": "10",
    "author": "naya****",
    "review_id": "2300589",
    "movie_id": "30689"
  },
  {
    "review": "재미있네요. 트랜스포머보다 100배 재미있네요.",
    "date": "08.01.05",
    "rating": "10",
    "author": "kumi****",
    "review_id": "2300581",
    "movie_id": "30689"
  },
  {
    "review": "별루..",
    "date": "07.12.04",
    "rating": "3",
    "author": "klov****",
    "review_id": "2205215",
    "movie_id": "30689"
  },
  {
    "review": "판타지도 없고... 액션도 없고...-_-;;",
    "date": "07.10.28",
    "rating": "5",
    "author": "urkn****",
    "review_id": "2119432",
    "movie_id": "30689"
  },
  {
    "review": "tv에서 본것 같군 스콧 얼굴만 기엇남 아메리칸 파이에서 졸라 웃겼음",
    "date": "07.09.19",
    "rating": "6",
    "author": "znzn****",
    "review_id": "2030722",
    "movie_id": "30689"
  },
  {
    "review": "주윤발의 굴욕이라고 말할수 밖에..",
    "date": "07.08.08",
    "rating": "5",
    "author": "typo****",
    "review_id": "1906501",
    "movie_id": "30689"
  },
  {
    "review": "내용 초등학생 만화수준... 그래도 나름 볼만햇기에...",
    "date": "07.08.01",
    "rating": "6",
    "author": "rbck****",
    "review_id": "1837684",
    "movie_id": "30689"
  },
  {
    "review": "정말재미잇엇던!!",
    "date": "07.07.19",
    "rating": "10",
    "author": "wlgy****",
    "review_id": "1789973",
    "movie_id": "30689"
  },
  {
    "review": "점점 힘을 잃어가는 주윤발의 파워",
    "date": "07.07.15",
    "rating": "6",
    "author": "deff****",
    "review_id": "1779376",
    "movie_id": "30689"
  },
  {
    "review": "유치한내용..하지만 보는내내 지루하진 않았다.",
    "date": "07.07.05",
    "rating": "7",
    "author": "swet****",
    "review_id": "1747523",
    "movie_id": "30689"
  },
  {
    "review": "나름대로 재미있따  총알피하기 짱",
    "date": "07.04.21",
    "rating": "10",
    "author": "tleo****",
    "review_id": "1599231",
    "movie_id": "30689"
  },
  {
    "review": "주윤발이 이 영화에 출연한게 아깝다..",
    "date": "07.04.08",
    "rating": "4",
    "author": "onof****",
    "review_id": "1579371",
    "movie_id": "30689"
  },
  {
    "review": "오우삼이 만든 또 하나의 쓰레기",
    "date": "07.03.11",
    "rating": "3",
    "author": "vvab****",
    "review_id": "1529614",
    "movie_id": "30689"
  },
  {
    "review": "좋아좋아..노래도 좋고",
    "date": "07.02.20",
    "rating": "10",
    "author": "rbgu****",
    "review_id": "1489616",
    "movie_id": "30689"
  },
  {
    "review": "유치한 오리엔탈리즘의 본보기",
    "date": "07.02.10",
    "rating": "6",
    "author": "seun****",
    "review_id": "1460830",
    "movie_id": "30689"
  },
  {
    "review": "킬링타임 영화로도 그리 좋은 편은 아니었던..",
    "date": "07.01.31",
    "rating": "4",
    "author": "cksn****",
    "review_id": "1430544",
    "movie_id": "30689"
  },
  {
    "review": "엣날에 비디오로봤었는데 숏윌리암스콧이엿네;;",
    "date": "07.01.29",
    "rating": "7",
    "author": "kim8****",
    "review_id": "1424872",
    "movie_id": "30689"
  },
  {
    "review": "응? 볼만 했는데. 평점이 매우 낮네;;",
    "date": "07.01.12",
    "rating": "8",
    "author": "zofl****",
    "review_id": "1378479",
    "movie_id": "30689"
  },
  {
    "review": "만들지 말았어야했다",
    "date": "07.01.09",
    "rating": "1",
    "author": "ppp0****",
    "review_id": "1370164",
    "movie_id": "30689"
  },
  {
    "review": "주윤발 워스트.",
    "date": "06.12.26",
    "rating": "2",
    "author": "elf2****",
    "review_id": "1329073",
    "movie_id": "30689"
  },
  {
    "review": "어설픈 서양과 동양의 조화 주윤발 거기서 모하는거야?",
    "date": "06.12.25",
    "rating": "2",
    "author": "nala****",
    "review_id": "1325458",
    "movie_id": "30689"
  },
  {
    "review": "당신은 F급 3류로 인정합니다",
    "date": "06.12.02",
    "rating": "1",
    "author": "kims****",
    "review_id": "1262607",
    "movie_id": "30689"
  },
  {
    "review": "영화로 고문이 가능하다는걸 보여준다 (사람살려~)",
    "date": "06.10.16",
    "rating": "1",
    "author": "ming****",
    "review_id": "1184204",
    "movie_id": "30689"
  },
  {
    "review": "이게 왜 방탄승이지?",
    "date": "06.09.21",
    "rating": "5",
    "author": "psyc****",
    "review_id": "1135008",
    "movie_id": "30689"
  },
  {
    "review": "주윤발이 이딴영화에 출연했다는 게 안타까움",
    "date": "06.08.15",
    "rating": "1",
    "author": "dlfm****",
    "review_id": "1037014",
    "movie_id": "30689"
  },
  {
    "review": "액션이 멋지던 영화 잼깄했눈뎅",
    "date": "06.08.01",
    "rating": "9",
    "author": "wpw0****",
    "review_id": "954683",
    "movie_id": "30689"
  },
  {
    "review": "진짜 재밌었는데.. ㅋㅋ 쫌 히틀러가 이상하긴 했지만",
    "date": "06.06.05",
    "rating": "10",
    "author": "star****",
    "review_id": "832464",
    "movie_id": "30689"
  },
  {
    "review": "주윤발씨 때문에 봤는데;; 휴;;;",
    "date": "06.05.08",
    "rating": "2",
    "author": "blue****",
    "review_id": "791887",
    "movie_id": "30689"
  },
  {
    "review": "티벳인권착취하더니 이제 영화로 이용해먹네..나쁜놈들.",
    "date": "06.05.08",
    "rating": "10",
    "author": "gora****",
    "review_id": "791874",
    "movie_id": "30689"
  },
  {
    "review": "재밌었다",
    "date": "06.05.07",
    "rating": "7",
    "author": "cjon****",
    "review_id": "790487",
    "movie_id": "30689"
  },
  {
    "review": "기대이하다 시간아깝다",
    "date": "06.05.06",
    "rating": "1",
    "author": "cjst****",
    "review_id": "789815",
    "movie_id": "30689"
  },
  {
    "review": "왜이러세요..안그러셨잖아요....",
    "date": "06.03.25",
    "rating": "4",
    "author": "dark****",
    "review_id": "732837",
    "movie_id": "30689"
  },
  {
    "review": "한숨이 나온다",
    "date": "06.03.20",
    "rating": "5",
    "author": "pncg****",
    "review_id": "725723",
    "movie_id": "30689"
  },
  {
    "review": "말도 안되는 이상한 영화",
    "date": "06.03.19",
    "rating": "5",
    "author": "lg26****",
    "review_id": "723895",
    "movie_id": "30689"
  },
  {
    "review": "ㅡㅡ코미디?",
    "date": "06.03.19",
    "rating": "5",
    "author": "pcw0****",
    "review_id": "723063",
    "movie_id": "30689"
  },
  {
    "review": "주윤발이 아깝다. 코미디영화를 본거같다.",
    "date": "06.03.16",
    "rating": "5",
    "author": "gkfm****",
    "review_id": "718963",
    "movie_id": "30689"
  }
]