[
  {
    "review": "전설로 남게될 영화 정말 최고였다",
    "date": "15.08.22",
    "rating": "10",
    "author": "mina****",
    "review_id": "10261825",
    "movie_id": "30688"
  },
  {
    "review": "내 평생기억에있을영화...",
    "date": "15.08.21",
    "rating": "10",
    "author": "anai****",
    "review_id": "10257836",
    "movie_id": "30688"
  },
  {
    "review": "이시절로 다시 돌아가고 싶다는 생각을 가끔 합니다. 나이드니  해리포터가 예전만큼 재밌진 않지만 1편은 볼때마다 설레요",
    "date": "15.08.21",
    "rating": "10",
    "author": "ckmi****",
    "review_id": "10257203",
    "movie_id": "30688"
  },
  {
    "review": "약간 엔딩이 허무한 감이있었고 시리즈가 많아서 일부러 허무함을 준거일수도 있지만 나에게는 감점요소였다 그외 나머지는 훌륭했다",
    "date": "15.08.17",
    "rating": "6",
    "author": "cksg****",
    "review_id": "10244110",
    "movie_id": "30688"
  },
  {
    "review": "정말재미있어요 ! 핵 꿀잼",
    "date": "15.08.16",
    "rating": "10",
    "author": "robo****",
    "review_id": "10241358",
    "movie_id": "30688"
  },
  {
    "review": "한편으로 끝나는 영화가 아니고 총 8편으로 나눠져있어서 그런지 여운이 더 진하게 남는다 전설이다",
    "date": "15.08.15",
    "rating": "10",
    "author": "qkax****",
    "review_id": "10237088",
    "movie_id": "30688"
  },
  {
    "review": "지금다시정주행중너무좋다ㅠㅜ",
    "date": "15.08.14",
    "rating": "10",
    "author": "epfp****",
    "review_id": "10229405",
    "movie_id": "30688"
  },
  {
    "review": "이건 진짜 판타지를 잘살린듯!!!배우분들도 연기 완전 잘하고!!계속 보고싶은 영화 1위!",
    "date": "15.08.14",
    "rating": "10",
    "author": "sb02****",
    "review_id": "10227235",
    "movie_id": "30688"
  },
  {
    "review": "해리론그레인져화티잍",
    "date": "15.08.12",
    "rating": "10",
    "author": "nexo****",
    "review_id": "10219255",
    "movie_id": "30688"
  },
  {
    "review": "해리포터는 영화와 책이 나왔을 시절부터 있었던 사람들에게는 명작이 될것이다.",
    "date": "15.08.12",
    "rating": "10",
    "author": "becc****",
    "review_id": "10218592",
    "movie_id": "30688"
  },
  {
    "review": "헤리포터 시리즈책과 영화는 10번이상봐도 지루하지않고 지금 시대에 뒤떨어지지않는 시리즈이다.",
    "date": "15.08.11",
    "rating": "10",
    "author": "thdn****",
    "review_id": "10217666",
    "movie_id": "30688"
  },
  {
    "review": "처음이 진리였어ㅠㅠㅠ",
    "date": "15.08.11",
    "rating": "10",
    "author": "sml0****",
    "review_id": "10217590",
    "movie_id": "30688"
  },
  {
    "review": "이건 나의인생영화인건같다ㅎ 짱진짜재밌어♡♡",
    "date": "15.08.08",
    "rating": "10",
    "author": "2580****",
    "review_id": "10202476",
    "movie_id": "30688"
  },
  {
    "review": "넘넘 재미있다 ^^ 해리포터가 학교에서 볼드모트와 싸우고 그를 물리치는 내용이 어쩜 그렇게 섬세하게 표현할 수 있는지.. K. 롤링.. 감사합니당",
    "date": "15.08.05",
    "rating": "10",
    "author": "bsh1****",
    "review_id": "10189283",
    "movie_id": "30688"
  },
  {
    "review": "제인생에서 정말재밌는영화였습니다",
    "date": "15.08.05",
    "rating": "10",
    "author": "wndm****",
    "review_id": "10188110",
    "movie_id": "30688"
  },
  {
    "review": "재미있어요 보고 나면 어린 시절 떠오르면서 행복해지는 영화입니다",
    "date": "15.08.04",
    "rating": "10",
    "author": "wkdm****",
    "review_id": "10184052",
    "movie_id": "30688"
  },
  {
    "review": "이영화를 보고 배우2명을 외움(!)..원래 안외우는뎈;;",
    "date": "15.08.03",
    "rating": "10",
    "author": "gl12****",
    "review_id": "10182026",
    "movie_id": "30688"
  },
  {
    "review": "너무 재미있어요!다시한번 보고싶은 영화",
    "date": "15.08.03",
    "rating": "10",
    "author": "lseg****",
    "review_id": "10180639",
    "movie_id": "30688"
  },
  {
    "review": "지금봐도 재밌고 신기한데 어릴때는 어땠을지 상상이 안가네",
    "date": "15.08.03",
    "rating": "10",
    "author": "rhkr****",
    "review_id": "10179826",
    "movie_id": "30688"
  },
  {
    "review": "내인생최고의영화! ♥_♥",
    "date": "15.08.02",
    "rating": "10",
    "author": "kjj9****",
    "review_id": "10178077",
    "movie_id": "30688"
  },
  {
    "review": "다들 귀여워ㅋㅋㅋ완전 뽀송뽀송해",
    "date": "15.08.02",
    "rating": "10",
    "author": "tmdd****",
    "review_id": "10175294",
    "movie_id": "30688"
  },
  {
    "review": "된다면 또 보고싶네요 작년처럼 크리스마스 특집 한번 더 하죠?ㅎㅎ",
    "date": "15.08.01",
    "rating": "10",
    "author": "endt****",
    "review_id": "10170736",
    "movie_id": "30688"
  },
  {
    "review": "너무나도 재밌다. 그림을 퍼가고 싶은데 영리 목적으로만 안쓰면 되겠지?",
    "date": "15.07.30",
    "rating": "10",
    "author": "chle****",
    "review_id": "10163683",
    "movie_id": "30688"
  },
  {
    "review": "최고... 잊지못할 영화입니다..감사합니다",
    "date": "15.07.28",
    "rating": "10",
    "author": "mjy9****",
    "review_id": "10152570",
    "movie_id": "30688"
  },
  {
    "review": "급하지만 인류의 영원한 명작.",
    "date": "15.07.26",
    "rating": "10",
    "author": "pwss****",
    "review_id": "10147612",
    "movie_id": "30688"
  },
  {
    "review": "내 인생 최고의 영화  해리포터시리즈",
    "date": "15.07.26",
    "rating": "10",
    "author": "yw49****",
    "review_id": "10147142",
    "movie_id": "30688"
  },
  {
    "review": "하... 말이 필요없는 명작이다",
    "date": "15.07.26",
    "rating": "10",
    "author": "back****",
    "review_id": "10145078",
    "movie_id": "30688"
  },
  {
    "review": "28살의 나이로 봐도 꿈을 꾸게 해주는 영화였다.",
    "date": "15.07.23",
    "rating": "9",
    "author": "byz0****",
    "review_id": "10134036",
    "movie_id": "30688"
  },
  {
    "review": "내 어릴 적 소중한 추억.",
    "date": "15.07.23",
    "rating": "10",
    "author": "girl****",
    "review_id": "10132627",
    "movie_id": "30688"
  },
  {
    "review": "이런 영화가 언제 다시 나올까?",
    "date": "15.07.13",
    "rating": "10",
    "author": "11rl****",
    "review_id": "10101625",
    "movie_id": "30688"
  },
  {
    "review": "내인생최고의영화다.",
    "date": "15.07.12",
    "rating": "10",
    "author": "ksss****",
    "review_id": "10094558",
    "movie_id": "30688"
  },
  {
    "review": "이 영화로 인해 판타지에 눈을 뜨다",
    "date": "15.07.09",
    "rating": "10",
    "author": "tjdg****",
    "review_id": "10082949",
    "movie_id": "30688"
  },
  {
    "review": "제가바로아직안본눈ㅋㅋㅋㅋ 이제보기시작함",
    "date": "15.07.09",
    "rating": "10",
    "author": "emde****",
    "review_id": "10081952",
    "movie_id": "30688"
  },
  {
    "review": "몇번 보는지 모르겠네 ㅋㅋ 볼때마다 재밌음 시험끝나고 또봐야지 7편까지",
    "date": "15.07.06",
    "rating": "10",
    "author": "qkrg****",
    "review_id": "10076511",
    "movie_id": "30688"
  },
  {
    "review": "내가 영화관에서 처음으로 본 영화이기에 더욱더 잊을 수 없는 영화이다.",
    "date": "15.07.06",
    "rating": "9",
    "author": "dlax****",
    "review_id": "10076328",
    "movie_id": "30688"
  },
  {
    "review": "내가 태어난 연도에 나온것이 아쉽다.조금만더 일찍태어났으면 좋겠다는 생각이다.영화관에서 보지못한게 아쉽지만 내가 지금까지봤었던 영화중 가장 최고의영화이다.앞으로 시간날때마다 계속봤으면 좋겠다...",
    "date": "15.07.03",
    "rating": "10",
    "author": "dans****",
    "review_id": "10065905",
    "movie_id": "30688"
  },
  {
    "review": "재밌고 판타지의 시작이다.",
    "date": "15.07.02",
    "rating": "9",
    "author": "luck****",
    "review_id": "10062325",
    "movie_id": "30688"
  },
  {
    "review": "다시보는데도 최고인영화",
    "date": "15.07.02",
    "rating": "10",
    "author": "zktm****",
    "review_id": "10061892",
    "movie_id": "30688"
  },
  {
    "review": "생애 최고의 판타지 영화. 그 시작.",
    "date": "15.06.29",
    "rating": "10",
    "author": "lsh5****",
    "review_id": "10050885",
    "movie_id": "30688"
  },
  {
    "review": "책으로 읽다가 영화로보니깐 약간 덜 재미있는감이 있긴함ㅎㅎ",
    "date": "15.06.28",
    "rating": "9",
    "author": "suhy****",
    "review_id": "10046664",
    "movie_id": "30688"
  },
  {
    "review": "90년대생들은 다들 공감",
    "date": "15.06.25",
    "rating": "10",
    "author": "seun****",
    "review_id": "10034758",
    "movie_id": "30688"
  },
  {
    "review": "해리포터 시리즈 더 나왔으면 좋겠다.",
    "date": "15.06.22",
    "rating": "10",
    "author": "ssyt****",
    "review_id": "10022588",
    "movie_id": "30688"
  },
  {
    "review": "오!!! 잊을수 없는 영화",
    "date": "15.06.22",
    "rating": "10",
    "author": "kcty****",
    "review_id": "10020715",
    "movie_id": "30688"
  },
  {
    "review": "국제적인 최고의 영화인 것 같음",
    "date": "15.06.22",
    "rating": "10",
    "author": "love****",
    "review_id": "10020624",
    "movie_id": "30688"
  },
  {
    "review": "나랑 함께 자란 내친구들~♥",
    "date": "15.06.19",
    "rating": "10",
    "author": "dldn****",
    "review_id": "10013142",
    "movie_id": "30688"
  },
  {
    "review": "난 갠적으로 마법사의 돌이 제일 재밌었는데",
    "date": "15.06.19",
    "rating": "10",
    "author": "dlst****",
    "review_id": "10010756",
    "movie_id": "30688"
  },
  {
    "review": "다시없을대작~~~~끝났다는게 믿을수없어",
    "date": "15.06.18",
    "rating": "10",
    "author": "uoyl****",
    "review_id": "10009066",
    "movie_id": "30688"
  },
  {
    "review": "캬아 다봣다. 정말 끝날땐 내친구가 떠난 것처럼 아쉬웠다",
    "date": "15.06.14",
    "rating": "10",
    "author": "dptm****",
    "review_id": "9999229",
    "movie_id": "30688"
  },
  {
    "review": "역시 오리지날이 짱이디ㅠㅠ성인이된후로봐도 너무재밋다♥♥♥♥",
    "date": "15.06.13",
    "rating": "10",
    "author": "eimi****",
    "review_id": "9996484",
    "movie_id": "30688"
  },
  {
    "review": "나의 생각과 행동에까지 영향을 미치는 영화. 빠지다보면 비밀지도, 지팡이, 주문등 스토리의 끝까지 정말 푹빠지는 영화.",
    "date": "15.06.12",
    "rating": "10",
    "author": "apv6****",
    "review_id": "9994080",
    "movie_id": "30688"
  },
  {
    "review": "해리포터는영화만봤지만아주재미있었기에10점",
    "date": "15.06.10",
    "rating": "10",
    "author": "zldw****",
    "review_id": "9988723",
    "movie_id": "30688"
  },
  {
    "review": "모험과 환상의 세계로 빠지게 만듬",
    "date": "15.06.01",
    "rating": "7",
    "author": "adiv****",
    "review_id": "9968848",
    "movie_id": "30688"
  },
  {
    "review": "책으로 읽고 있지만 곧 영화도 볼겁니다. 어린이들에게 딱 알맞은 책이에요! 마치 내가 이 책 속의 주인공이 된 것 같은 기분이 들고 책을 읽을 때면 너무 즐겁습니다. 해리포터는 저의 영원한 책과 영화로 남을 것 입니다.",
    "date": "15.05.28",
    "rating": "10",
    "author": "katy****",
    "review_id": "9957824",
    "movie_id": "30688"
  },
  {
    "review": "djswp qhkeh rnt",
    "date": "15.05.25",
    "rating": "10",
    "author": "yong****",
    "review_id": "9949420",
    "movie_id": "30688"
  },
  {
    "review": "어릴때 보는거랑 커서 보는거랑 또 감흥이 새롭다 벌써 14년이 지나다니 언제 봐도 질리지 않고 마음이 따뜻해지는 영화 ㅜㅠ",
    "date": "15.05.25",
    "rating": "10",
    "author": "0_00****",
    "review_id": "9946646",
    "movie_id": "30688"
  },
  {
    "review": "어렸을 때 원작 소설을 보면서 상상하던 그 세계가 눈앞에서 생생히 재현될 때의 그 충격이란..",
    "date": "15.05.18",
    "rating": "10",
    "author": "lcj8****",
    "review_id": "9928552",
    "movie_id": "30688"
  },
  {
    "review": "이시대에 태어난걸 감사하게 생각하게 되는 작품!원작을 영화로 각색하기 어려운데... 정말 쵝오!!!",
    "date": "15.05.16",
    "rating": "10",
    "author": "5959****",
    "review_id": "9923629",
    "movie_id": "30688"
  },
  {
    "review": "마법사의 돌은 아직 초창기라 유머와 귀여움이 있어서 재밌고, 뒤로 갈수록 진지해져서 몰입도 되고...그래서 해리포터는 내 인생영화♡♡",
    "date": "15.05.16",
    "rating": "10",
    "author": "gala****",
    "review_id": "9922489",
    "movie_id": "30688"
  },
  {
    "review": "개인적으로 이런영화는 맞지않아서 딱 3점, 세계관은 정말 잘만들었음",
    "date": "15.05.13",
    "rating": "3",
    "author": "wllt****",
    "review_id": "9914483",
    "movie_id": "30688"
  },
  {
    "review": "괜스레 마음이 설레이고 어렸던 그 시절의 동심을 찾게해주는 영화",
    "date": "15.05.11",
    "rating": "10",
    "author": "yoo3****",
    "review_id": "9911625",
    "movie_id": "30688"
  },
  {
    "review": "해리포터를 보면 기쁘다~시리즈 모두 다 기쁘다~",
    "date": "15.05.10",
    "rating": "10",
    "author": "chri****",
    "review_id": "9907680",
    "movie_id": "30688"
  },
  {
    "review": "최고다 어렸을때 영화관에서 맨날자서 왜이렇게 유명한지 이제야알았다.. 이런상상력을 가진 조앤롤링도 대단하고 거기에걸맞게 훌륭하게 연출한 감독도 대단..",
    "date": "15.05.09",
    "rating": "10",
    "author": "munc****",
    "review_id": "9906485",
    "movie_id": "30688"
  },
  {
    "review": "판타스틱!!대박 잼있어영",
    "date": "15.05.06",
    "rating": "10",
    "author": "clea****",
    "review_id": "9900094",
    "movie_id": "30688"
  },
  {
    "review": "내 인생 영화..더 말해서 무엇하리",
    "date": "15.05.06",
    "rating": "10",
    "author": "asdr****",
    "review_id": "9898853",
    "movie_id": "30688"
  },
  {
    "review": "이 영화 안 봤으면 어쩔뻔 했지?",
    "date": "15.05.04",
    "rating": "10",
    "author": "lce0****",
    "review_id": "9894515",
    "movie_id": "30688"
  },
  {
    "review": "최고의 영화. 아직도 가끔 자기전에 제가 호그와트 학생이 되는 상상을 해요ㅋㅋㅋㅋ",
    "date": "15.05.02",
    "rating": "10",
    "author": "art9****",
    "review_id": "9887356",
    "movie_id": "30688"
  },
  {
    "review": "이거 볼때 설렜는데..",
    "date": "15.05.01",
    "rating": "10",
    "author": "mine****",
    "review_id": "9884616",
    "movie_id": "30688"
  },
  {
    "review": "해리포터 하트뭐이사이상",
    "date": "15.05.01",
    "rating": "10",
    "author": "kims****",
    "review_id": "9883308",
    "movie_id": "30688"
  },
  {
    "review": "이 영화 진짜 잘 만들었다....보는 동안 스릴 짱",
    "date": "15.04.29",
    "rating": "10",
    "author": "grac****",
    "review_id": "9878913",
    "movie_id": "30688"
  },
  {
    "review": "진짜 개명작 일년에한번씩 정주행할정도로 진짜재밌음 bb",
    "date": "15.04.26",
    "rating": "10",
    "author": "kis0****",
    "review_id": "9869687",
    "movie_id": "30688"
  },
  {
    "review": "마법의 영화가 시작된다...",
    "date": "15.04.25",
    "rating": "9",
    "author": "jjan****",
    "review_id": "9866773",
    "movie_id": "30688"
  },
  {
    "review": "나 고등학교때 나온 영환데... 이제야 보네ㅋ 다니엘 래드클리프 나보다 더 늙었던데...ㅋㅋㅋ 근데 투명망토  진짜 탐난다~",
    "date": "15.04.22",
    "rating": "9",
    "author": "youn****",
    "review_id": "9857316",
    "movie_id": "30688"
  },
  {
    "review": "저 정말 이 영화보고 1달동안 마법만 외우고 다녔습니다.정말 재미있고 환상적인 판타지 영화에요. 꼭 보세요!",
    "date": "15.04.19",
    "rating": "10",
    "author": "cool****",
    "review_id": "9851891",
    "movie_id": "30688"
  },
  {
    "review": "윙가↗르→디움 레비→오↗우사",
    "date": "15.04.12",
    "rating": "10",
    "author": "tjdy****",
    "review_id": "9843280",
    "movie_id": "30688"
  },
  {
    "review": "저  몇일 전에 봤는데 진짜 명작인 것 같아요 너무 재밌어서 지금 책으로 구독하고 있어요 너무너무 재밌어요.",
    "date": "15.04.05",
    "rating": "10",
    "author": "psq0****",
    "review_id": "9828199",
    "movie_id": "30688"
  },
  {
    "review": "이 영화는 영화 역사에서 한 획을 그은 해리포터 시리즈의 출발이었다는 점에서 무조건 만점을 준다.",
    "date": "15.04.02",
    "rating": "10",
    "author": "sieu****",
    "review_id": "9821250",
    "movie_id": "30688"
  },
  {
    "review": "짱 !해리포터 팬이예요.",
    "date": "15.04.01",
    "rating": "10",
    "author": "lena****",
    "review_id": "9820235",
    "movie_id": "30688"
  },
  {
    "review": "아직도 해리포터영화시작할때나오는 그노래들으면 소름돋는다는...정말 최고의 명작",
    "date": "15.03.27",
    "rating": "10",
    "author": "pool****",
    "review_id": "9810467",
    "movie_id": "30688"
  },
  {
    "review": "어렸을적 지하에서 정말 어협게 살았을때 밤늦게 퇴근하신 엄마가 사온 프링글스를 먹으며 크리스마스 특선으로 방송해주던 해리포터와 마법사의돌을 봤던게 생각난다...",
    "date": "15.03.23",
    "rating": "10",
    "author": "rlax****",
    "review_id": "9801713",
    "movie_id": "30688"
  },
  {
    "review": "최고... 말이필요없음",
    "date": "15.03.23",
    "rating": "10",
    "author": "9805****",
    "review_id": "9801531",
    "movie_id": "30688"
  },
  {
    "review": "나는 아직도 헤리포터 앓이중",
    "date": "15.03.22",
    "rating": "10",
    "author": "tkfk****",
    "review_id": "9799340",
    "movie_id": "30688"
  },
  {
    "review": "Best of best in the World",
    "date": "15.03.22",
    "rating": "10",
    "author": "dksd****",
    "review_id": "9799308",
    "movie_id": "30688"
  },
  {
    "review": "이 영화는10000만년 지나도 못볼 명작중의명작이다",
    "date": "15.03.13",
    "rating": "10",
    "author": "trol****",
    "review_id": "9778228",
    "movie_id": "30688"
  },
  {
    "review": "내 생에 최고의 영화 학교서 보여줄때 해리포터를 모르는 애들도 있어 놀랐다~정말 롤링은 대단한사람 인듯하다",
    "date": "15.03.12",
    "rating": "10",
    "author": "b392****",
    "review_id": "9775014",
    "movie_id": "30688"
  },
  {
    "review": "진짜 내인생 최고 영화ㅠㅠ",
    "date": "15.03.11",
    "rating": "10",
    "author": "lyg9****",
    "review_id": "9772523",
    "movie_id": "30688"
  },
  {
    "review": "전설의 시작은  귀엽고 재기발랄했다.",
    "date": "15.03.07",
    "rating": "8",
    "author": "tear****",
    "review_id": "9764487",
    "movie_id": "30688"
  },
  {
    "review": "배우들이 커가는걸 보니까 지금 나보다 나이는 많지만 아들딸 키우는느낌ㅜㅜㅜㅜ  내인생 최고의 영화",
    "date": "15.03.07",
    "rating": "10",
    "author": "thdl****",
    "review_id": "9764464",
    "movie_id": "30688"
  },
  {
    "review": "신선한 충격..당시 헐리웃 판을 뒤집은 영화",
    "date": "15.02.25",
    "rating": "9",
    "author": "binn****",
    "review_id": "9736046",
    "movie_id": "30688"
  },
  {
    "review": "처음봤을때 이제까지영화란영화를 다잊게했음!아예차원이달랐음",
    "date": "15.02.24",
    "rating": "10",
    "author": "woor****",
    "review_id": "9734264",
    "movie_id": "30688"
  },
  {
    "review": "정말 너무너무 신기 하고 재미있었어요. 그래서 다운 받아서모든 시리즈 다운 받아서 매일 봐요.",
    "date": "15.02.22",
    "rating": "10",
    "author": "mimi****",
    "review_id": "9728027",
    "movie_id": "30688"
  },
  {
    "review": "그냥 내 인생 최대의 영화, 책",
    "date": "15.02.22",
    "rating": "10",
    "author": "spj6****",
    "review_id": "9726425",
    "movie_id": "30688"
  },
  {
    "review": "반지의제왕이나 봐야지..",
    "date": "15.02.21",
    "rating": "1",
    "author": "poah****",
    "review_id": "9723868",
    "movie_id": "30688"
  },
  {
    "review": "이제는 추억이되버린 영화 지금봐도재밌다",
    "date": "15.02.21",
    "rating": "8",
    "author": "hajr****",
    "review_id": "9721154",
    "movie_id": "30688"
  },
  {
    "review": "해리포터는 최고의 명작이다",
    "date": "15.02.20",
    "rating": "10",
    "author": "pouc****",
    "review_id": "9719527",
    "movie_id": "30688"
  },
  {
    "review": "가장 인상깊었던 영화이다",
    "date": "15.02.16",
    "rating": "10",
    "author": "asda****",
    "review_id": "9702334",
    "movie_id": "30688"
  },
  {
    "review": "완전 같이 자라온 영화죠 ㅎㅎ",
    "date": "15.02.16",
    "rating": "10",
    "author": "soom****",
    "review_id": "9702053",
    "movie_id": "30688"
  },
  {
    "review": "몇년이 지나서 봐도 새롭다. 배우들과 OST를 들으면 학창시절의 추억이 떠올라 기분좋다.",
    "date": "15.02.14",
    "rating": "9",
    "author": "uisw****",
    "review_id": "9697130",
    "movie_id": "30688"
  },
  {
    "review": "재밋고 또 나왓으면 좋겟어요.",
    "date": "15.02.13",
    "rating": "10",
    "author": "es62****",
    "review_id": "9693013",
    "movie_id": "30688"
  },
  {
    "review": "내 학창시절 추억의 한페이지 .. 이때로 돌아가고 싶다 ㅜㅜㅜ 헤르미온느한테 뿅갔었는데",
    "date": "15.02.12",
    "rating": "10",
    "author": "kdym****",
    "review_id": "9689043",
    "movie_id": "30688"
  },
  {
    "review": "아직도 끝났다는게 실감이안날정도 왠지 곧있으면 또 개봉할거같은 이느낌 ㅠㅠㅠㅠ",
    "date": "15.02.07",
    "rating": "10",
    "author": "song****",
    "review_id": "9674567",
    "movie_id": "30688"
  }
]