[
  {
    "review": "어차피 예상했었던 결말!!",
    "date": "14.09.05",
    "rating": "1",
    "author": "ske4****",
    "review_id": "9168577",
    "movie_id": "30690"
  },
  {
    "review": "그저 우당탕하는 영화여야 점수나오는 관객에게 이 영화는 아깝다 .",
    "date": "14.08.24",
    "rating": "10",
    "author": "pbjc****",
    "review_id": "9127777",
    "movie_id": "30690"
  },
  {
    "review": "잔잔하면서 뭔가 아쉬운.. 그런영화~~",
    "date": "13.01.13",
    "rating": "8",
    "author": "tkve****",
    "review_id": "7112375",
    "movie_id": "30690"
  },
  {
    "review": "강우석,박중훈,송윤아라는 이름에 기대했으나 평이하고 잔잔하기만한 영화",
    "date": "12.06.14",
    "rating": "7",
    "author": "oldp****",
    "review_id": "6390594",
    "movie_id": "30690"
  },
  {
    "review": "제목이 반어법인가?",
    "date": "12.05.07",
    "rating": "4",
    "author": "tn99****",
    "review_id": "6278602",
    "movie_id": "30690"
  },
  {
    "review": "결말이 비극적으로와닿는다...",
    "date": "11.03.03",
    "rating": "7",
    "author": "kent****",
    "review_id": "5291014",
    "movie_id": "30690"
  },
  {
    "review": "불우한 졸작",
    "date": "10.11.03",
    "rating": "3",
    "author": "ippo****",
    "review_id": "4935840",
    "movie_id": "30690"
  },
  {
    "review": "잔잔한 그냥 잔잔한...",
    "date": "10.10.24",
    "rating": "6",
    "author": "tree****",
    "review_id": "4918876",
    "movie_id": "30690"
  },
  {
    "review": "꽤 괜찮았던 멜로.",
    "date": "09.08.27",
    "rating": "8",
    "author": "hj78****",
    "review_id": "3792215",
    "movie_id": "30690"
  },
  {
    "review": "현실적이면서도 잔잔하고 아름다운 영화인 것 같다.",
    "date": "09.07.24",
    "rating": "10",
    "author": "newc****",
    "review_id": "3661260",
    "movie_id": "30690"
  },
  {
    "review": "무언가 어색한 영화..",
    "date": "09.07.07",
    "rating": "5",
    "author": "blue****",
    "review_id": "3616889",
    "movie_id": "30690"
  },
  {
    "review": "제목에 먹칠을 하는 지루하기 그지 없는 작품",
    "date": "09.02.28",
    "rating": "3",
    "author": "deff****",
    "review_id": "3339769",
    "movie_id": "30690"
  },
  {
    "review": "정말 최고다 말 그대로 불후의 명작 결말이 쫌 아쉽다 기회가 된다면 다시보고 싶다",
    "date": "08.12.13",
    "rating": "10",
    "author": "skys****",
    "review_id": "3111097",
    "movie_id": "30690"
  },
  {
    "review": "비오는 씬이 많아서 느낌은 참 좋았던 영화...",
    "date": "08.01.31",
    "rating": "5",
    "author": "egyp****",
    "review_id": "2392953",
    "movie_id": "30690"
  },
  {
    "review": "사랑은 한걸음씩 천천히...",
    "date": "07.08.21",
    "rating": "6",
    "author": "typo****",
    "review_id": "1964946",
    "movie_id": "30690"
  },
  {
    "review": "불후의 졸작",
    "date": "07.08.08",
    "rating": "1",
    "author": "lsh1****",
    "review_id": "1906778",
    "movie_id": "30690"
  },
  {
    "review": "지루했다.. 쩝 \"불후의 명작\"은 절대 아니다..",
    "date": "07.08.06",
    "rating": "3",
    "author": "self****",
    "review_id": "1891386",
    "movie_id": "30690"
  },
  {
    "review": "주인공 별하나씩 나눠갖기",
    "date": "07.04.15",
    "rating": "4",
    "author": "almo****",
    "review_id": "1589307",
    "movie_id": "30690"
  },
  {
    "review": "죽어도 좋아",
    "date": "07.01.20",
    "rating": "10",
    "author": "cho1****",
    "review_id": "1400605",
    "movie_id": "30690"
  },
  {
    "review": "제목에 부응하질 못해.",
    "date": "06.12.07",
    "rating": "5",
    "author": "makj****",
    "review_id": "1273152",
    "movie_id": "30690"
  },
  {
    "review": "그야말로 '불후의 명작' 잔잔함이 좋았다, 너무나!",
    "date": "06.09.26",
    "rating": "9",
    "author": "simo****",
    "review_id": "1144226",
    "movie_id": "30690"
  },
  {
    "review": "밑에 wellmade78아디는 박중훈이다",
    "date": "06.09.19",
    "rating": "1",
    "author": "asus****",
    "review_id": "1132368",
    "movie_id": "30690"
  },
  {
    "review": "박중훈씨 미소가 최고 강추!",
    "date": "06.09.19",
    "rating": "10",
    "author": "well****",
    "review_id": "1131974",
    "movie_id": "30690"
  },
  {
    "review": "우리의일상이불후의명작이다.",
    "date": "06.09.02",
    "rating": "8",
    "author": "bang****",
    "review_id": "1096353",
    "movie_id": "30690"
  },
  {
    "review": "박중훈의 눈빛 너무 좋아요!",
    "date": "06.08.02",
    "rating": "10",
    "author": "ufof****",
    "review_id": "956619",
    "movie_id": "30690"
  },
  {
    "review": "삼류에로감독의 인생에대한 자기마스터베이션",
    "date": "06.06.17",
    "rating": "6",
    "author": "tubt****",
    "review_id": "847207",
    "movie_id": "30690"
  },
  {
    "review": "너무 착한 영화는 요새 나오지 말란 법이 있나?",
    "date": "06.01.17",
    "rating": "8",
    "author": "alam****",
    "review_id": "594331",
    "movie_id": "30690"
  },
  {
    "review": "박중훈 형님의 눈물연기에 반했습니다.",
    "date": "06.01.05",
    "rating": "10",
    "author": "ois3****",
    "review_id": "561368",
    "movie_id": "30690"
  },
  {
    "review": "점수이하라.그냥 부담없이 보니 그런대루 좋네여 ...",
    "date": "05.12.27",
    "rating": "10",
    "author": "ttss****",
    "review_id": "533301",
    "movie_id": "30690"
  },
  {
    "review": "기대말구 그냥보고난후 깨끗한 상쾌해~",
    "date": "05.12.27",
    "rating": "10",
    "author": "tlaw****",
    "review_id": "533291",
    "movie_id": "30690"
  },
  {
    "review": "있는듯 없어도 되는 송윤아의 색깔이 안보였다.",
    "date": "05.12.24",
    "rating": "6",
    "author": "blue****",
    "review_id": "524007",
    "movie_id": "30690"
  },
  {
    "review": "여기도 알바쓰나.... 이게 무슨 6점이야....",
    "date": "05.11.26",
    "rating": "1",
    "author": "cpa_****",
    "review_id": "485879",
    "movie_id": "30690"
  },
  {
    "review": "영화 제목이 참 아이러닉하다/",
    "date": "05.11.01",
    "rating": "3",
    "author": "nova****",
    "review_id": "461484",
    "movie_id": "30690"
  },
  {
    "review": "타이틀은 불후의 명작! 실속은 불후의 졸작!",
    "date": "05.05.29",
    "rating": "5",
    "author": "pnlo****",
    "review_id": "289285",
    "movie_id": "30690"
  },
  {
    "review": "이 영화 너무 좋아요! 박중훈의 팬예요!",
    "date": "05.05.22",
    "rating": "10",
    "author": "toyo****",
    "review_id": "284128",
    "movie_id": "30690"
  },
  {
    "review": "감독 꿈꾸는 나에겐 인상적으로 다가온 영화",
    "date": "05.05.13",
    "rating": "7",
    "author": "si2p****",
    "review_id": "277073",
    "movie_id": "30690"
  },
  {
    "review": "박중훈은 역시 짱!",
    "date": "05.01.12",
    "rating": "10",
    "author": "kyun****",
    "review_id": "183397",
    "movie_id": "30690"
  },
  {
    "review": "의외로 숨어있던 영화에서 진주를 발견한 듯... 잔잔함이 좋다.",
    "date": "05.01.01",
    "rating": "10",
    "author": "pols****",
    "review_id": "174804",
    "movie_id": "30690"
  },
  {
    "review": "불후의 명작이다",
    "date": "04.12.26",
    "rating": "10",
    "author": "cine****",
    "review_id": "169746",
    "movie_id": "30690"
  },
  {
    "review": "기억에 남는 건 \"리베라 메 잘 봤습니다.\"뿐. 밋밋하다.",
    "date": "04.09.19",
    "rating": "5",
    "author": "whit****",
    "review_id": "110720",
    "movie_id": "30690"
  },
  {
    "review": "불후의 졸작이다.진짜 재미없다 박중훈은 역시 코믹이나 액션이다.",
    "date": "04.08.18",
    "rating": "1",
    "author": "anji****",
    "review_id": "92115",
    "movie_id": "30690"
  },
  {
    "review": "불후의 명작이라... 영화는 이름값을 해야지",
    "date": "04.04.17",
    "rating": "5",
    "author": "reeh****",
    "review_id": "37421",
    "movie_id": "30690"
  }
]