[
  {
    "review": "재미있는것도 아니고 없는것도 아니여",
    "date": "15.07.13",
    "rating": "5",
    "author": "kan3****",
    "review_id": "10101646",
    "movie_id": "30716"
  },
  {
    "review": "헛점많은 대본과 연출. 감독이 꼼꼼하지 못한거 같다. 특정종교 찬양도 웃기고.",
    "date": "12.09.12",
    "rating": "1",
    "author": "clea****",
    "review_id": "6689081",
    "movie_id": "30716"
  },
  {
    "review": "밋밋하지 않았나?",
    "date": "12.01.15",
    "rating": "5",
    "author": "cont****",
    "review_id": "5987110",
    "movie_id": "30716"
  },
  {
    "review": "지루하지만 그런데로 볼만했음.",
    "date": "11.01.19",
    "rating": "7",
    "author": "mile****",
    "review_id": "5169231",
    "movie_id": "30716"
  },
  {
    "review": "살인을 밥먹듯하는 사이비교주보다 더 무서운것은,영혼을악마에게 팔아버린 감독이다.",
    "date": "10.09.14",
    "rating": "2",
    "author": "baks****",
    "review_id": "4835526",
    "movie_id": "30716"
  },
  {
    "review": "종교를 찬양하기 위해만든 영화인것같은게 그냥보기에 웃기는 사이비영화",
    "date": "10.08.27",
    "rating": "1",
    "author": "cyj9****",
    "review_id": "4796105",
    "movie_id": "30716"
  },
  {
    "review": "너무 노골적인 종교 판타지",
    "date": "10.08.09",
    "rating": "4",
    "author": "11pa****",
    "review_id": "4727854",
    "movie_id": "30716"
  },
  {
    "review": "킴베신져를 위한 영화였다. ㅋ",
    "date": "10.07.29",
    "rating": "6",
    "author": "evil****",
    "review_id": "4685072",
    "movie_id": "30716"
  },
  {
    "review": "영적인 세계에 대해 생각할 수 있었던 영화",
    "date": "10.06.27",
    "rating": "10",
    "author": "gamu****",
    "review_id": "4595560",
    "movie_id": "30716"
  },
  {
    "review": "평점이왜이모양이야",
    "date": "10.06.22",
    "rating": "10",
    "author": "elle****",
    "review_id": "4585036",
    "movie_id": "30716"
  },
  {
    "review": "지루하기짝이없다.",
    "date": "10.06.17",
    "rating": "1",
    "author": "mr05****",
    "review_id": "4571992",
    "movie_id": "30716"
  },
  {
    "review": "어제 케이블에서 우연히 봤는데 너무 감명깊게 봤어요. 좋은 영화",
    "date": "10.05.30",
    "rating": "10",
    "author": "aque****",
    "review_id": "4531727",
    "movie_id": "30716"
  },
  {
    "review": "예전에 본거 같았는데 눈 찌르는거 보니까 확실히 봤던 영화, 이영화였구나,,",
    "date": "10.05.21",
    "rating": "8",
    "author": "gil_****",
    "review_id": "4513930",
    "movie_id": "30716"
  },
  {
    "review": "반전도 없고 내용 너무 평범하다.",
    "date": "10.05.16",
    "rating": "1",
    "author": "comb****",
    "review_id": "4503310",
    "movie_id": "30716"
  },
  {
    "review": "마지막에 기도하는데 천사가 내려오는걸 보고 정말 감동...재미있게 잘 봤습니다~",
    "date": "10.03.29",
    "rating": "10",
    "author": "vall****",
    "review_id": "4397228",
    "movie_id": "30716"
  },
  {
    "review": ",대박인 영화! 정말 좋은 스토리의 영화입니다. 강추합니다.",
    "date": "10.03.27",
    "rating": "10",
    "author": "lavi****",
    "review_id": "4390647",
    "movie_id": "30716"
  },
  {
    "review": "우연히 영화채널에서 보게되었는데, 전 개인적으로 감동과 재미가 있었습니다.",
    "date": "10.03.25",
    "rating": "10",
    "author": "viva****",
    "review_id": "4386148",
    "movie_id": "30716"
  },
  {
    "review": "최근에 봤는데 영화가 좋았어요 이런영화가 있는지 몰랐네요.",
    "date": "10.02.06",
    "rating": "10",
    "author": "hiej****",
    "review_id": "4251233",
    "movie_id": "30716"
  },
  {
    "review": "재미있게 가슴졸이면서 볼 수 있었는데 평점은왜이런지...",
    "date": "10.01.26",
    "rating": "8",
    "author": "kimd****",
    "review_id": "4212541",
    "movie_id": "30716"
  },
  {
    "review": "이거 뭐이리 평점이 높아. 6점대가 딱 알맞다",
    "date": "10.01.08",
    "rating": "1",
    "author": "ishu****",
    "review_id": "4146797",
    "movie_id": "30716"
  },
  {
    "review": "최고!!!!! 역시.... 뭐라 할 말을 잃었음.",
    "date": "09.07.18",
    "rating": "10",
    "author": "kiwo****",
    "review_id": "3644006",
    "movie_id": "30716"
  },
  {
    "review": "아주 재미있어요",
    "date": "09.05.30",
    "rating": "10",
    "author": "poet****",
    "review_id": "3533757",
    "movie_id": "30716"
  },
  {
    "review": "친구 끌고 극장가서 봤다가 미안해죽는 줄 알았음",
    "date": "09.05.23",
    "rating": "5",
    "author": "thdn****",
    "review_id": "3516521",
    "movie_id": "30716"
  },
  {
    "review": "비디오물로도 아까운영화....빈약한 스토리 연출 연기 3박자가 맞아떨어진다",
    "date": "09.04.25",
    "rating": "2",
    "author": "kara****",
    "review_id": "3439056",
    "movie_id": "30716"
  },
  {
    "review": "네이버 평점보다는 재밌다 .너무 낮다 7점대가 적당한듯",
    "date": "08.11.24",
    "rating": "10",
    "author": "w7k1****",
    "review_id": "3069791",
    "movie_id": "30716"
  },
  {
    "review": "전 디게 재밌게 봤었는데 ㅋ기독교라 더 그랬을수도 있고 암튼 잘 만들었어요",
    "date": "08.11.19",
    "rating": "10",
    "author": "aune****",
    "review_id": "3059521",
    "movie_id": "30716"
  },
  {
    "review": "너무 종교쪽에 치우치지않았다면 혹평 덜 받았을영화^^;",
    "date": "08.10.15",
    "rating": "6",
    "author": "ice8****",
    "review_id": "3001346",
    "movie_id": "30716"
  },
  {
    "review": "꼬옥 안아주던 그 모습. bless the child",
    "date": "08.10.15",
    "rating": "5",
    "author": "infi****",
    "review_id": "3000422",
    "movie_id": "30716"
  },
  {
    "review": "그리 나쁘진 않았는데...",
    "date": "08.09.05",
    "rating": "10",
    "author": "flas****",
    "review_id": "2922379",
    "movie_id": "30716"
  },
  {
    "review": "저는 기독교라서 별 거부감없이봤지만 기독교가 아니라면 조금은 부담스러울수도?",
    "date": "08.08.30",
    "rating": "7",
    "author": "ruri****",
    "review_id": "2911692",
    "movie_id": "30716"
  },
  {
    "review": "좋아",
    "date": "08.04.18",
    "rating": "10",
    "author": "pret****",
    "review_id": "2587179",
    "movie_id": "30716"
  },
  {
    "review": "지금 저에게 많은것을 느끼게 해주네요......",
    "date": "08.02.21",
    "rating": "10",
    "author": "alsr****",
    "review_id": "2467746",
    "movie_id": "30716"
  },
  {
    "review": "종교 영화라는건 마음에 안들지만..그 외엔 내용도 흥미진진 하네요.^^",
    "date": "08.02.17",
    "rating": "6",
    "author": "ypk8****",
    "review_id": "2455936",
    "movie_id": "30716"
  },
  {
    "review": "큰 재미를 바란게 아님에도 불구하고 지루하게 느껴진다",
    "date": "08.01.19",
    "rating": "3",
    "author": "okjo****",
    "review_id": "2346930",
    "movie_id": "30716"
  },
  {
    "review": "빅 재미는 못주지만 유신론자들은 꽤 흥미있게 볼수 있음.",
    "date": "07.11.25",
    "rating": "7",
    "author": "sinb****",
    "review_id": "2181948",
    "movie_id": "30716"
  },
  {
    "review": "옛날에 본거 곰티비에서 다시봤는데 꽤 괜찮았슴.",
    "date": "07.11.24",
    "rating": "8",
    "author": "park****",
    "review_id": "2180414",
    "movie_id": "30716"
  },
  {
    "review": "영화를 보는건지 시계를 보는건지 알수 없었던..100분;;",
    "date": "07.08.21",
    "rating": "3",
    "author": "typo****",
    "review_id": "1964981",
    "movie_id": "30716"
  },
  {
    "review": "킴베신저 너무 이쁘게 나옴.",
    "date": "07.08.04",
    "rating": "10",
    "author": "woot****",
    "review_id": "1876274",
    "movie_id": "30716"
  },
  {
    "review": "어.. 학교에서 잠깐 해주던데 그거 보고 무지 재미있어 보였음",
    "date": "07.02.07",
    "rating": "7",
    "author": "dk74****",
    "review_id": "1452049",
    "movie_id": "30716"
  },
  {
    "review": "기독교 판타지 + 헐리우드 형사물 = 뷁!!!",
    "date": "07.02.02",
    "rating": "6",
    "author": "moon****",
    "review_id": "1435254",
    "movie_id": "30716"
  },
  {
    "review": "킴베신저는 아줌마시기없이 그냥 할머니로 넘어가는거같군요",
    "date": "06.12.21",
    "rating": "6",
    "author": "offw****",
    "review_id": "1309503",
    "movie_id": "30716"
  },
  {
    "review": "잔잔한감동이있는영화 홀리스톤콜먼의 연기가 너무 좋았어요 :D",
    "date": "06.08.22",
    "rating": "10",
    "author": "sinn****",
    "review_id": "1068237",
    "movie_id": "30716"
  },
  {
    "review": "어줍잖은 공포",
    "date": "05.12.25",
    "rating": "5",
    "author": "kws7****",
    "review_id": "527478",
    "movie_id": "30716"
  },
  {
    "review": "와 진짜 재밌었음 이거땜에 학교 지각 심하게 ㅋㅋ",
    "date": "05.06.25",
    "rating": "10",
    "author": "wudg****",
    "review_id": "306231",
    "movie_id": "30716"
  },
  {
    "review": "흥미롭고 재밌었다,,,",
    "date": "05.06.20",
    "rating": "10",
    "author": "duse****",
    "review_id": "303241",
    "movie_id": "30716"
  },
  {
    "review": "뜨오! 솔직히 재미없다..",
    "date": "05.02.02",
    "rating": "4",
    "author": "dnjs****",
    "review_id": "204360",
    "movie_id": "30716"
  },
  {
    "review": "재미없네 ㅡ.ㅡ",
    "date": "05.01.16",
    "rating": "1",
    "author": "arie****",
    "review_id": "187407",
    "movie_id": "30716"
  },
  {
    "review": "↓ 전혀.... ㅡㅡ;;",
    "date": "04.12.30",
    "rating": "1",
    "author": "hows****",
    "review_id": "173216",
    "movie_id": "30716"
  },
  {
    "review": "상당히 흥미롭고 재밌었다",
    "date": "04.05.20",
    "rating": "8",
    "author": "gsm9****",
    "review_id": "44260",
    "movie_id": "30716"
  }
]