[
  {
    "review": "연출도 캐릭터도 그저 다 사랑스러운 영화 :)",
    "date": "14.09.02",
    "rating": "10",
    "author": "ebeb****",
    "review_id": "9156195",
    "movie_id": "30713"
  },
  {
    "review": "하긴 이런영화에 평점 남기는 사람들이란 머..평점이 하도 어이없어 나도 남기네",
    "date": "13.11.27",
    "rating": "2",
    "author": "newp****",
    "review_id": "8172264",
    "movie_id": "30713"
  },
  {
    "review": "십점만점   언제봐도 즐겁고 재미있는 마음이 따뜻해지는 그런 영화",
    "date": "12.10.21",
    "rating": "10",
    "author": "dude****",
    "review_id": "6816512",
    "movie_id": "30713"
  },
  {
    "review": "담백하고 유쾌하고 인간냄새나는 독특하지만 억지스럽지않은 웃음ㅎㅎㅎ",
    "date": "12.08.28",
    "rating": "10",
    "author": "obje****",
    "review_id": "6649664",
    "movie_id": "30713"
  },
  {
    "review": "시골의 순박함으로 무마시키기엔 너무 크게 벌린게 아닌가",
    "date": "12.02.22",
    "rating": "6",
    "author": "wlfa****",
    "review_id": "6096477",
    "movie_id": "30713"
  },
  {
    "review": "은유가 좀 그렇다만 기분을 가볍게 만드는 영화. 굿",
    "date": "12.01.05",
    "rating": "8",
    "author": "5292****",
    "review_id": "5961625",
    "movie_id": "30713"
  },
  {
    "review": "처음부터 끝까지 유쾌합니다 완전 반했어요++!",
    "date": "11.12.29",
    "rating": "10",
    "author": "dogi****",
    "review_id": "5943908",
    "movie_id": "30713"
  },
  {
    "review": "너무나도 감동적이고 이렇게 아름다운 영화는 보기 드물답니다~~********",
    "date": "11.09.04",
    "rating": "10",
    "author": "crow****",
    "review_id": "5706773",
    "movie_id": "30713"
  },
  {
    "review": "우리 모두 법과 도덕을 내려놓고 잠시 다같이 행복해집시다.",
    "date": "11.03.30",
    "rating": "6",
    "author": "hadl****",
    "review_id": "5344045",
    "movie_id": "30713"
  },
  {
    "review": "솔솔~ 대마초 속에 깃드는 그윽한 우정~",
    "date": "11.03.29",
    "rating": "9",
    "author": "heod****",
    "review_id": "5341240",
    "movie_id": "30713"
  },
  {
    "review": "이 영화 숨은명작입니다. 잔잔한 감동을 원하시면 강추",
    "date": "10.12.05",
    "rating": "10",
    "author": "jjan****",
    "review_id": "5024099",
    "movie_id": "30713"
  },
  {
    "review": "지루한감도있지만 잔잔하니 훈훈하니 맘편해지는 영화 ㅋㅋ재미쑴",
    "date": "10.10.14",
    "rating": "10",
    "author": "maxk****",
    "review_id": "4902953",
    "movie_id": "30713"
  },
  {
    "review": "Grace 꽃담배 사업",
    "date": "10.09.18",
    "rating": "8",
    "author": "bbq2****",
    "review_id": "4845058",
    "movie_id": "30713"
  },
  {
    "review": "이 영화가 청소년 관람불가인 우리나라 현실이 안타깝다...",
    "date": "10.07.09",
    "rating": "10",
    "author": "nyeg****",
    "review_id": "4623048",
    "movie_id": "30713"
  },
  {
    "review": "재밌게보다가 끝에 좀 뜬금없는거같다.... 영화니까가능한얘기, 재밌기도하니 볼만함",
    "date": "10.05.09",
    "rating": "7",
    "author": "flyh****",
    "review_id": "4490327",
    "movie_id": "30713"
  },
  {
    "review": "친구들과 함께보면 분위기 좋아지는 영화",
    "date": "09.12.09",
    "rating": "9",
    "author": "woon****",
    "review_id": "4031103",
    "movie_id": "30713"
  },
  {
    "review": "그냥 행복해진다.. 흥미진진하거나 하진 않지만..훈훈해.. 마지막 경찰아저씨.. ㅎㅎ",
    "date": "09.09.02",
    "rating": "10",
    "author": "hain****",
    "review_id": "3807445",
    "movie_id": "30713"
  },
  {
    "review": "이거 최고죠! 대마초에 대한 우호적인 영화!",
    "date": "09.08.02",
    "rating": "10",
    "author": "warr****",
    "review_id": "3695619",
    "movie_id": "30713"
  },
  {
    "review": "브렌다 블레신의 연기는 언제봐도 관객을 감동시킨다 ㅋ",
    "date": "09.01.30",
    "rating": "10",
    "author": "ujh1****",
    "review_id": "3263268",
    "movie_id": "30713"
  },
  {
    "review": "배꼽빠지게 웃을수있는 영화 ㅋㅋ 보고나면 행복해진다",
    "date": "09.01.30",
    "rating": "10",
    "author": "dj16****",
    "review_id": "3263266",
    "movie_id": "30713"
  },
  {
    "review": "기대없이 소재가 독특해 봤던 영화..버뜨..정말 유쾌하고 즐거운 영화 강추강추~ㅋㅋ",
    "date": "09.01.24",
    "rating": "10",
    "author": "ydli****",
    "review_id": "3245744",
    "movie_id": "30713"
  },
  {
    "review": "대마초란 민감한 소재로 만들어내는 훌륭하고 따뜻한 판타지",
    "date": "08.01.27",
    "rating": "7",
    "author": "ghdl****",
    "review_id": "2377006",
    "movie_id": "30713"
  },
  {
    "review": "이런 영화일줄은 완전히 차원이 다른 코미디 ㅋㅋㅋ",
    "date": "07.11.13",
    "rating": "9",
    "author": "tere****",
    "review_id": "2148361",
    "movie_id": "30713"
  },
  {
    "review": "이런영화에 별을 달아야하는 내 자신이 밉다. 돈내고 봤으면 울었을지도",
    "date": "07.11.04",
    "rating": "1",
    "author": "ultr****",
    "review_id": "2132152",
    "movie_id": "30713"
  },
  {
    "review": "대마는 힘이 세지만 영화는 거짓만 늘어 놓는다",
    "date": "07.10.26",
    "rating": "4",
    "author": "erhe****",
    "review_id": "2111477",
    "movie_id": "30713"
  },
  {
    "review": "유쾌하다!대마가 등장하면 범죄스릴러물일 경우가 대부분인데... 코미디!",
    "date": "07.10.25",
    "rating": "10",
    "author": "radi****",
    "review_id": "2109702",
    "movie_id": "30713"
  },
  {
    "review": "대마정도는 합법화해도 되지 않을까.....그게 마약인가...",
    "date": "07.08.22",
    "rating": "10",
    "author": "typo****",
    "review_id": "1967820",
    "movie_id": "30713"
  },
  {
    "review": "조금 볼만은 하지만~ 글쎄 ~",
    "date": "07.08.10",
    "rating": "6",
    "author": "evil****",
    "review_id": "1913577",
    "movie_id": "30713"
  },
  {
    "review": "미워할 수 없는 그레이스, 마을사람들의 의리와 소설상까지 이런!",
    "date": "07.07.24",
    "rating": "7",
    "author": "paci****",
    "review_id": "1804360",
    "movie_id": "30713"
  },
  {
    "review": "평범한 일상 속의 해프닝, 괜찮지만 평점이 좀 후한 듯",
    "date": "07.02.18",
    "rating": "7",
    "author": "iamc****",
    "review_id": "1481312",
    "movie_id": "30713"
  },
  {
    "review": "내일 지구가 멸망하더라도 한그루 대마를 심겠노라",
    "date": "07.01.10",
    "rating": "9",
    "author": "back****",
    "review_id": "1371428",
    "movie_id": "30713"
  },
  {
    "review": "기대 이상입니다. 전형적인 유쾌한 영국영화랄까요.^^",
    "date": "07.01.07",
    "rating": "10",
    "author": "stre****",
    "review_id": "1363611",
    "movie_id": "30713"
  },
  {
    "review": "오!그레이스~ 사랑스런그레이스~",
    "date": "06.11.09",
    "rating": "9",
    "author": "bebe****",
    "review_id": "1223594",
    "movie_id": "30713"
  },
  {
    "review": "여기 나오는 아줌마들 다 귀여움^^.. 끝까지..",
    "date": "06.03.15",
    "rating": "9",
    "author": "lshp****",
    "review_id": "717256",
    "movie_id": "30713"
  },
  {
    "review": "생각만해도 입가에 웃음이 머무는 영화",
    "date": "06.02.15",
    "rating": "9",
    "author": "love****",
    "review_id": "671689",
    "movie_id": "30713"
  },
  {
    "review": "행복하고 선해지는 영화..마파도 할아비뻘쯤 될까?",
    "date": "06.02.15",
    "rating": "8",
    "author": "hiss****",
    "review_id": "671236",
    "movie_id": "30713"
  },
  {
    "review": "밋밋한 영화. 저예산영화. 다른 평들에 현혹된영화",
    "date": "06.02.07",
    "rating": "5",
    "author": "tom1****",
    "review_id": "653456",
    "movie_id": "30713"
  },
  {
    "review": "웃으며 봤지만 높은 평점을 받을만한 영화인가?",
    "date": "06.02.05",
    "rating": "5",
    "author": "scal****",
    "review_id": "648567",
    "movie_id": "30713"
  },
  {
    "review": "하하 너무 신나! 즐거운 일탈.",
    "date": "06.01.14",
    "rating": "9",
    "author": "blue****",
    "review_id": "586545",
    "movie_id": "30713"
  },
  {
    "review": "아래..'행복이 퐁퐁 샘솟는 영화'라는 말이 정말 딱 맞아요",
    "date": "05.12.22",
    "rating": "10",
    "author": "jjib****",
    "review_id": "519866",
    "movie_id": "30713"
  },
  {
    "review": "초반에지루함은씌여진40자평으로이겨낸보람있네~행복해진당 ^^*",
    "date": "05.11.02",
    "rating": "9",
    "author": "kina****",
    "review_id": "462257",
    "movie_id": "30713"
  },
  {
    "review": "텅 빈 영화관에서 미친 듯이 웃으면서 본 최고의 영화!",
    "date": "05.10.08",
    "rating": "10",
    "author": "jinn****",
    "review_id": "436727",
    "movie_id": "30713"
  },
  {
    "review": "샘물처럼... 행복이 퐁~퐁~ 샘솟는 영화",
    "date": "05.07.16",
    "rating": "7",
    "author": "band****",
    "review_id": "323901",
    "movie_id": "30713"
  },
  {
    "review": "험난한 상황을 잘 이겨낸(?) 아줌마..정말 귀엽군..ㅋ",
    "date": "05.06.19",
    "rating": "9",
    "author": "abag****",
    "review_id": "302784",
    "movie_id": "30713"
  },
  {
    "review": "행복으로 충만되어 선댄스의 관객들이 넘어갈만한..",
    "date": "05.06.06",
    "rating": "7",
    "author": "tjsd****",
    "review_id": "295013",
    "movie_id": "30713"
  },
  {
    "review": "기대하지 않고 봤다가 나에게 행복을 가져다 준 영화",
    "date": "05.04.29",
    "rating": "10",
    "author": "09he****",
    "review_id": "267911",
    "movie_id": "30713"
  },
  {
    "review": "행복해지는 영화~",
    "date": "05.04.21",
    "rating": "10",
    "author": "solh****",
    "review_id": "263647",
    "movie_id": "30713"
  },
  {
    "review": "행복해 지는 영화.이거 소장하고 있다는게 해복하다 으하하하!",
    "date": "05.02.21",
    "rating": "10",
    "author": "mana****",
    "review_id": "226490",
    "movie_id": "30713"
  },
  {
    "review": "끝날때 나오는 노래 Accidental angel 입니다.",
    "date": "04.11.15",
    "rating": "7",
    "author": "mins****",
    "review_id": "146071",
    "movie_id": "30713"
  },
  {
    "review": "끝날때 나오는 노래 제목이 뭐죠?",
    "date": "04.10.09",
    "rating": "9",
    "author": "hipp****",
    "review_id": "122921",
    "movie_id": "30713"
  },
  {
    "review": "최고. T-T 아줌마 너무 귀여우심..마지막 10분 거의 죽음이죠.",
    "date": "04.09.22",
    "rating": "10",
    "author": "koic****",
    "review_id": "112644",
    "movie_id": "30713"
  },
  {
    "review": "상쾌하고 발랄하고 재밌는영화 -",
    "date": "04.07.28",
    "rating": "9",
    "author": "jadi****",
    "review_id": "78901",
    "movie_id": "30713"
  },
  {
    "review": "기분 업되는 영화~!!",
    "date": "04.06.22",
    "rating": "10",
    "author": "peab****",
    "review_id": "58603",
    "movie_id": "30713"
  },
  {
    "review": "열니 재밌음....믿으셈",
    "date": "04.06.03",
    "rating": "10",
    "author": "kino****",
    "review_id": "49090",
    "movie_id": "30713"
  },
  {
    "review": "영화도 귀엽고 주인공 아줌마도 귀여움",
    "date": "04.04.11",
    "rating": "7",
    "author": "stam****",
    "review_id": "35893",
    "movie_id": "30713"
  }
]