[
  {
    "review": "킬링타임 그이상의의미는없음",
    "date": "09.02.17",
    "rating": "6",
    "author": "zzaz****",
    "review_id": "3312442",
    "movie_id": "30727"
  },
  {
    "review": "이정도면 괜찮은 영화죠~ 그냥그냥 볼만합니다.",
    "date": "07.12.28",
    "rating": "9",
    "author": "pady****",
    "review_id": "2275271",
    "movie_id": "30727"
  },
  {
    "review": "그저그런스릴러에 그칠뻔했으나 벙어리덕분.",
    "date": "07.08.14",
    "rating": "7",
    "author": "jinj****",
    "review_id": "1934840",
    "movie_id": "30727"
  },
  {
    "review": "그럭저럭 \"킬링타임\"용으로 충분하다.",
    "date": "06.03.07",
    "rating": "6",
    "author": "movi****",
    "review_id": "708110",
    "movie_id": "30727"
  },
  {
    "review": "네덜란등의 풍광을 즐길수있는 짜릿한 액션스릴러",
    "date": "05.12.26",
    "rating": "7",
    "author": "kws7****",
    "review_id": "531417",
    "movie_id": "30727"
  },
  {
    "review": "진짜재밌ㅇㅓ> 신고",
    "date": "04.08.02",
    "rating": "10",
    "author": "10ma****",
    "review_id": "81810",
    "movie_id": "30727"
  }
]