[
  {
    "review": "소설도 읽었지만 지루한 건 어쩔 수 없다.",
    "date": "15.08.22",
    "rating": "2",
    "author": "a12c****",
    "review_id": "10262814",
    "movie_id": "30759"
  },
  {
    "review": "영화보다 포스터가 무섭네 포스터만 보면 역대 최고의 공포영화급",
    "date": "15.07.01",
    "rating": "3",
    "author": "seno****",
    "review_id": "10057292",
    "movie_id": "30759"
  },
  {
    "review": "죽여버리고 싶을정도로 재미없음.나오라는 귀신은 안나오고 세수질ㅋㅋ",
    "date": "15.04.17",
    "rating": "1",
    "author": "jang****",
    "review_id": "9849415",
    "movie_id": "30759"
  },
  {
    "review": "사실 링 시리즈는 호러가 아니라 SF였다",
    "date": "14.08.10",
    "rating": "7",
    "author": "altm****",
    "review_id": "9060218",
    "movie_id": "30759"
  },
  {
    "review": "사다코는 섹시하기만 했다. ㅡㅡㅋ",
    "date": "14.07.31",
    "rating": "5",
    "author": "best****",
    "review_id": "8996279",
    "movie_id": "30759"
  },
  {
    "review": "소설을 안 보고 보면 최악. 보고 보면 코미디 영화.",
    "date": "14.07.21",
    "rating": "1",
    "author": "shav****",
    "review_id": "8937118",
    "movie_id": "30759"
  },
  {
    "review": "평점보고 안볼려다가 봤는데 보길 잘했다",
    "date": "14.07.08",
    "rating": "9",
    "author": "goah****",
    "review_id": "8895606",
    "movie_id": "30759"
  },
  {
    "review": "김정민 예스터데이 뮤비가 이 영화였군ㅋㅋㅋ",
    "date": "13.08.10",
    "rating": "1",
    "author": "sang****",
    "review_id": "7864738",
    "movie_id": "30759"
  },
  {
    "review": "4.5는 오바야;; 적어도 7점 이상은 가야 한다고 보는데... 보는 내내 몰입도 있게 봤다",
    "date": "13.06.25",
    "rating": "8",
    "author": "wond****",
    "review_id": "7678950",
    "movie_id": "30759"
  },
  {
    "review": "뭐여 이 허접 멜로드라마는?",
    "date": "13.04.21",
    "rating": "2",
    "author": "expr****",
    "review_id": "7473745",
    "movie_id": "30759"
  },
  {
    "review": "이해가 안되서 재미없는거냐..? 뭔지 모르겟다 이편은",
    "date": "13.03.05",
    "rating": "1",
    "author": "tian****",
    "review_id": "7325625",
    "movie_id": "30759"
  },
  {
    "review": "ㅡㅡ 재미없다",
    "date": "12.06.05",
    "rating": "4",
    "author": "406g****",
    "review_id": "6365686",
    "movie_id": "30759"
  },
  {
    "review": "소설을 읽어야 비로서 이해가 된다",
    "date": "12.04.09",
    "rating": "8",
    "author": "blue****",
    "review_id": "6205172",
    "movie_id": "30759"
  },
  {
    "review": "아..진짜..궁금해서 참고 보려고했는데...진짜 지루해서 못참겠다..",
    "date": "11.10.05",
    "rating": "6",
    "author": "libe****",
    "review_id": "5771962",
    "movie_id": "30759"
  },
  {
    "review": "나의 인생은 링 라센을 보기전과 본후로 나뉜다",
    "date": "11.07.27",
    "rating": "10",
    "author": "yes1****",
    "review_id": "5572669",
    "movie_id": "30759"
  },
  {
    "review": "알고보면 진정한 속편인데 가장 외면받는 서글픈 작품 ㅋㅋ 그르게 잘 만들지 그랬냐?",
    "date": "11.06.01",
    "rating": "3",
    "author": "gall****",
    "review_id": "5459974",
    "movie_id": "30759"
  },
  {
    "review": "죽은자의 한이 물질에서 인체인 DNA까지 진화하는 과정을 심오하게 펼쳐냈다고 생각.",
    "date": "11.03.28",
    "rating": "10",
    "author": "anub****",
    "review_id": "5340610",
    "movie_id": "30759"
  },
  {
    "review": "링은 1편으로 만족한다 ~~~~~~~",
    "date": "10.11.03",
    "rating": "2",
    "author": "fnsk****",
    "review_id": "4935785",
    "movie_id": "30759"
  },
  {
    "review": "죽는다진짜 존나재미없네",
    "date": "10.09.20",
    "rating": "1",
    "author": "blai****",
    "review_id": "4852129",
    "movie_id": "30759"
  },
  {
    "review": "팬들을위한 작품 그럭저럭",
    "date": "10.08.24",
    "rating": "6",
    "author": "jeon****",
    "review_id": "4788347",
    "movie_id": "30759"
  },
  {
    "review": "원작을 봤다면 심오하단 소리가 절대 나올수가 없음..완전 막장",
    "date": "10.08.24",
    "rating": "3",
    "author": "miss****",
    "review_id": "4787196",
    "movie_id": "30759"
  },
  {
    "review": "뭔가 심오하다",
    "date": "10.08.14",
    "rating": "7",
    "author": "jang****",
    "review_id": "4744634",
    "movie_id": "30759"
  },
  {
    "review": "원작의 적절한 각색. 먼저 링1이 만들어진 것에 대한 한계를 잘 극복.",
    "date": "10.07.30",
    "rating": "10",
    "author": "miss****",
    "review_id": "4685607",
    "movie_id": "30759"
  },
  {
    "review": "난 정말 괜찮게 봤다",
    "date": "09.12.16",
    "rating": "10",
    "author": "mmma****",
    "review_id": "4046962",
    "movie_id": "30759"
  },
  {
    "review": "다른분들 평점보구, 1분만에 휘리릭~~ 미안~~",
    "date": "09.09.12",
    "rating": "4",
    "author": "pass****",
    "review_id": "3825835",
    "movie_id": "30759"
  },
  {
    "review": "절대절대절대-   공짜로 본 걸 다행으로 생각하고 있다",
    "date": "09.08.13",
    "rating": "1",
    "author": "wmf9****",
    "review_id": "3744815",
    "movie_id": "30759"
  },
  {
    "review": "그럭저럭 볼 만한 작품",
    "date": "09.08.11",
    "rating": "6",
    "author": "kwon****",
    "review_id": "3735169",
    "movie_id": "30759"
  },
  {
    "review": "갈때까지 가보자 이건가...",
    "date": "09.07.13",
    "rating": "4",
    "author": "lemo****",
    "review_id": "3629246",
    "movie_id": "30759"
  },
  {
    "review": "영화가 갈수록 삼천포로 빠진다 . 공포 -> 에로 -> SF . 명확한 결말을 짓지 못하고..",
    "date": "09.03.22",
    "rating": "1",
    "author": "wolf****",
    "review_id": "3380205",
    "movie_id": "30759"
  },
  {
    "review": "많은 아류작을 양산한 링의 속편. 원작 소설이 우수하기에 몰입성 높다.",
    "date": "09.01.07",
    "rating": "5",
    "author": "acin****",
    "review_id": "3199363",
    "movie_id": "30759"
  },
  {
    "review": "점점 안드로메다로 가는 느낌-",
    "date": "08.12.07",
    "rating": "2",
    "author": "noal****",
    "review_id": "3098442",
    "movie_id": "30759"
  },
  {
    "review": "와.. 세상에.. 첫편과는 완전히 다른 장르적 재미를 가진 영화다",
    "date": "08.11.06",
    "rating": "9",
    "author": "sega****",
    "review_id": "3036909",
    "movie_id": "30759"
  },
  {
    "review": "링 시리즈 중 힘이 부족했던 작품",
    "date": "08.06.12",
    "rating": "4",
    "author": "deff****",
    "review_id": "2693942",
    "movie_id": "30759"
  },
  {
    "review": "소설을 못 봤다면 함부로 논하기가 곤란하지",
    "date": "08.01.23",
    "rating": "6",
    "author": "stra****",
    "review_id": "2360893",
    "movie_id": "30759"
  },
  {
    "review": "링 시리즈 중에 젤 시시하고 왜만들었는지 모르겠음 ㅋㅋㅋ ㅋㅋㅋㅋ ㅋㅋㅋㅋㅋㅋ",
    "date": "08.01.14",
    "rating": "1",
    "author": "lle6****",
    "review_id": "2329525",
    "movie_id": "30759"
  },
  {
    "review": "그다지 무섭지 않았음....ㅎ 사실 보면서 잠왔음... ㅋㅋㅋ",
    "date": "07.12.05",
    "rating": "5",
    "author": "grut****",
    "review_id": "2208576",
    "movie_id": "30759"
  },
  {
    "review": "소설을 읽어서 그런가 꽤 볼만했는데",
    "date": "07.09.19",
    "rating": "9",
    "author": "uran****",
    "review_id": "2030511",
    "movie_id": "30759"
  },
  {
    "review": "음... 심오하다 그루지 같음",
    "date": "07.08.10",
    "rating": "4",
    "author": "xx41****",
    "review_id": "1917032",
    "movie_id": "30759"
  },
  {
    "review": "포스터가 무섭게생겨서 기대했더니 내용은 이뭐",
    "date": "07.08.02",
    "rating": "2",
    "author": "park****",
    "review_id": "1850039",
    "movie_id": "30759"
  },
  {
    "review": "링시리즈중에 가장 안무서웠던 작품...",
    "date": "07.07.14",
    "rating": "6",
    "author": "some****",
    "review_id": "1773086",
    "movie_id": "30759"
  },
  {
    "review": "이게 뭐지? 나오지 말았어야 할 영화.",
    "date": "07.05.04",
    "rating": "6",
    "author": "wfy0****",
    "review_id": "1619786",
    "movie_id": "30759"
  },
  {
    "review": "거 참...수정과의 잣같은 영화일세",
    "date": "07.03.01",
    "rating": "1",
    "author": "ppp0****",
    "review_id": "1510646",
    "movie_id": "30759"
  },
  {
    "review": "뮤직비디오와 사진과 포스터에 낚였다 -_-",
    "date": "07.01.24",
    "rating": "2",
    "author": "gox5****",
    "review_id": "1411338",
    "movie_id": "30759"
  },
  {
    "review": "역시 링은 공포만으로 승부가아니라 스토리+공포로 ..",
    "date": "06.10.30",
    "rating": "6",
    "author": "aasd****",
    "review_id": "1207210",
    "movie_id": "30759"
  },
  {
    "review": "소설보구 보면 재밌는뎅...",
    "date": "06.09.16",
    "rating": "8",
    "author": "sham****",
    "review_id": "1124973",
    "movie_id": "30759"
  },
  {
    "review": "포스터에 낚이지마.",
    "date": "06.08.24",
    "rating": "3",
    "author": "tpsx****",
    "review_id": "1074199",
    "movie_id": "30759"
  },
  {
    "review": "난 진짜 재밌었는데... 소설을 보고 봐서그런가",
    "date": "06.08.22",
    "rating": "10",
    "author": "kiri****",
    "review_id": "1066875",
    "movie_id": "30759"
  },
  {
    "review": "드라마는 있으나 공포는 없다. 젠장 but 포스터는 수작.",
    "date": "06.06.12",
    "rating": "3",
    "author": "yung****",
    "review_id": "842312",
    "movie_id": "30759"
  },
  {
    "review": "처음부터 끝까지 다보는 사람 은 인내력 있는 사람",
    "date": "06.03.29",
    "rating": "2",
    "author": "drls****",
    "review_id": "739983",
    "movie_id": "30759"
  },
  {
    "review": "진짜 지루함.. 비디오로봐서그런건가",
    "date": "06.03.11",
    "rating": "5",
    "author": "anje****",
    "review_id": "712268",
    "movie_id": "30759"
  },
  {
    "review": "와 진짜 내가 영화보다가 자는건 처음이다 ㅡㅡ",
    "date": "06.02.25",
    "rating": "1",
    "author": "cyfu****",
    "review_id": "691584",
    "movie_id": "30759"
  },
  {
    "review": "스토리에 반했다. 소설도 읽고 싶은데.",
    "date": "06.01.01",
    "rating": "9",
    "author": "unin****",
    "review_id": "550080",
    "movie_id": "30759"
  },
  {
    "review": "조악하기 짝이 없는 작품",
    "date": "05.12.26",
    "rating": "1",
    "author": "kws7****",
    "review_id": "529709",
    "movie_id": "30759"
  },
  {
    "review": "감독이 틀려서인가? 왜 지루하게 느껴질까..?",
    "date": "05.08.28",
    "rating": "2",
    "author": "boog****",
    "review_id": "387231",
    "movie_id": "30759"
  },
  {
    "review": "링 팬이기 땜시...",
    "date": "05.08.14",
    "rating": "10",
    "author": "sara****",
    "review_id": "366819",
    "movie_id": "30759"
  },
  {
    "review": "링,링2감독과 링라센 감독은 다른사람이다. 절대 비추다.",
    "date": "05.08.10",
    "rating": "1",
    "author": "alwo****",
    "review_id": "360918",
    "movie_id": "30759"
  },
  {
    "review": "링 시리즈 중에서 최악.",
    "date": "05.07.23",
    "rating": "3",
    "author": "join****",
    "review_id": "330685",
    "movie_id": "30759"
  },
  {
    "review": "전편의 링을 기대하고 봤건만 ............ 이게 뭐지?",
    "date": "05.06.20",
    "rating": "2",
    "author": "kiki****",
    "review_id": "303312",
    "movie_id": "30759"
  },
  {
    "review": "포스터가무서워보여서빌렸더니....",
    "date": "05.06.12",
    "rating": "1",
    "author": "vmfp****",
    "review_id": "298657",
    "movie_id": "30759"
  },
  {
    "review": "존나 재미없어요 보지마요",
    "date": "05.05.22",
    "rating": "1",
    "author": "gita****",
    "review_id": "284231",
    "movie_id": "30759"
  },
  {
    "review": "이게 공포영화인가.........?",
    "date": "05.01.31",
    "rating": "1",
    "author": "spag****",
    "review_id": "202193",
    "movie_id": "30759"
  },
  {
    "review": "불쌍해서 10점 준다,,ㅡㅡ",
    "date": "04.08.16",
    "rating": "10",
    "author": "cjst****",
    "review_id": "91349",
    "movie_id": "30759"
  },
  {
    "review": "졸려 죽는줄 알았네...",
    "date": "04.08.11",
    "rating": "1",
    "author": "na27****",
    "review_id": "88021",
    "movie_id": "30759"
  },
  {
    "review": "아오 왜 0점은 없는걸까 하나도 안무서워!!!!!!!!!!!!!!",
    "date": "04.07.31",
    "rating": "1",
    "author": "crca****",
    "review_id": "80890",
    "movie_id": "30759"
  },
  {
    "review": "특히 무서운 라센.. ! 공포라면 강추",
    "date": "04.07.23",
    "rating": "10",
    "author": "lj34****",
    "review_id": "75410",
    "movie_id": "30759"
  },
  {
    "review": "소설보고 다시보면 진가를 알 수 있을까?",
    "date": "04.06.21",
    "rating": "7",
    "author": "dhap****",
    "review_id": "58472",
    "movie_id": "30759"
  },
  {
    "review": "안무서운이유~~다 원작이 이상한 탓이지..",
    "date": "04.06.11",
    "rating": "4",
    "author": "dkdl****",
    "review_id": "52870",
    "movie_id": "30759"
  },
  {
    "review": "친구말 믿엇다가 재미없어서 죽는줄 알앗음",
    "date": "04.02.26",
    "rating": "3",
    "author": "gjgj****",
    "review_id": "24485",
    "movie_id": "30759"
  }
]