[
  {
    "review": "하.. 이걸 영화라고..",
    "date": "15.07.09",
    "rating": "1",
    "author": "mass****",
    "review_id": "10083939",
    "movie_id": "30760"
  },
  {
    "review": "오~~~ 징~~~ 어~~~ 튀김! 2008년 중1때 나에게 최고의 노래를 선사해준 오징어튀김 이 영화가 나에게 많은걸 줫는데.. 근데 2008년도에 중1이엿던 어린놈이 지금 21살이되다니 아직도 믿겨지지않음;",
    "date": "15.06.22",
    "rating": "10",
    "author": "cdoh****",
    "review_id": "10022973",
    "movie_id": "30760"
  },
  {
    "review": "TV에서 하길래 보는데 진짜 황당하고 재밌다 \\ㅋㅋㅋ",
    "date": "15.05.03",
    "rating": "10",
    "author": "ask3****",
    "review_id": "9890912",
    "movie_id": "30760"
  },
  {
    "review": "도대체 한국코믹영화들은 왜 하나 같이 이 모양인가?",
    "date": "15.02.23",
    "rating": "1",
    "author": "ske4****",
    "review_id": "9732670",
    "movie_id": "30760"
  },
  {
    "review": "나름 웃긴데.. 평점이 낮네... 그냥 시간때우기 코믹영화에 너무 많은걸 바라는건 아니신지.. 그냥 보면 유쾌하다..",
    "date": "15.01.19",
    "rating": "10",
    "author": "love****",
    "review_id": "9614399",
    "movie_id": "30760"
  },
  {
    "review": "이영화 앤딩송 제목이어떻게 돼나요? 좀알려주세요",
    "date": "14.10.18",
    "rating": "4",
    "author": "ehdw****",
    "review_id": "9299737",
    "movie_id": "30760"
  },
  {
    "review": "진짜재밌습니다. 1점 드리겠습니다.",
    "date": "14.10.02",
    "rating": "1",
    "author": "bigm****",
    "review_id": "9256038",
    "movie_id": "30760"
  },
  {
    "review": "꾸르잼^^ 무의미한 자음은 불가합니다.",
    "date": "14.07.16",
    "rating": "10",
    "author": "cya9****",
    "review_id": "8920670",
    "movie_id": "30760"
  },
  {
    "review": "볼거 없어서 극장서 봤던...ㅋㅋㅋ 극장안엔 5명 뿐이었지만 정말 잼있게 봐서 친구들에게 추천했었던 영화^^10년이 지난 오늘 다시 봤는데 역시 잼있다 ㅋㅋㅋ",
    "date": "14.02.03",
    "rating": "10",
    "author": "drop****",
    "review_id": "8470719",
    "movie_id": "30760"
  },
  {
    "review": "관심있게 보면 상당히 유머가 있는 재밌는 영화인데 왜 한국에서 이런 스타일은 먹히지 않는 걸까? 이 영화가 미국 영화였다면 관객들도 박장대소하며 관람을 했을텐데...같은 내용 연기라도 외국영화는 웃긴다 재밌다  하고 우리 영화는 유치하다고 하는지...",
    "date": "14.01.26",
    "rating": "8",
    "author": "rose****",
    "review_id": "8427759",
    "movie_id": "30760"
  },
  {
    "review": "재미 없습니다. 재미없습니다.",
    "date": "14.01.20",
    "rating": "4",
    "author": "yoon****",
    "review_id": "8403639",
    "movie_id": "30760"
  },
  {
    "review": "약간 미국식 코미디 류 같습니다~아무생각없이 보면 절대 재미를 못느낍니다~ 교도소 재소자 미화 영화라고 꼬집을거면 애초에 보지도마시구요!!!",
    "date": "14.01.10",
    "rating": "8",
    "author": "gang****",
    "review_id": "8366983",
    "movie_id": "30760"
  },
  {
    "review": "5점대는 되는거 같음",
    "date": "13.05.20",
    "rating": "10",
    "author": "ab10****",
    "review_id": "7545231",
    "movie_id": "30760"
  },
  {
    "review": "평점이 생각보다 많이 낮네;;; 나름 재밌다가 찡해지기도 하고...볼만했음ㅇㅇㅇㅇ",
    "date": "13.05.20",
    "rating": "10",
    "author": "natu****",
    "review_id": "7543485",
    "movie_id": "30760"
  },
  {
    "review": "이거 모야 웃다가 찡해지네요",
    "date": "13.05.14",
    "rating": "10",
    "author": "tlsa****",
    "review_id": "7527877",
    "movie_id": "30760"
  },
  {
    "review": "우연히 보다가 혼자 뒤집어졌다",
    "date": "13.03.28",
    "rating": "10",
    "author": "dkvd****",
    "review_id": "7415863",
    "movie_id": "30760"
  },
  {
    "review": "뛰어난 배우들, 괜찮은 소재도능력미달의 감독을 만나면 이따우 영화로도전락할 수 있음을 보여주는 영화",
    "date": "13.02.02",
    "rating": "1",
    "author": "hy72****",
    "review_id": "7211906",
    "movie_id": "30760"
  },
  {
    "review": "평점 깎기~",
    "date": "13.01.01",
    "rating": "1",
    "author": "cesa****",
    "review_id": "7071132",
    "movie_id": "30760"
  },
  {
    "review": "나에게 첫 ddr을 가르쳐준 소중한 영화...",
    "date": "12.12.08",
    "rating": "10",
    "author": "j041****",
    "review_id": "6984733",
    "movie_id": "30760"
  },
  {
    "review": "싼티가 줄줄 흐르다못해 폭발한 영화;;",
    "date": "12.09.05",
    "rating": "5",
    "author": "clam****",
    "review_id": "6670753",
    "movie_id": "30760"
  },
  {
    "review": "너덜너덜 짜깁기한 누더기에다 리본까지 달려고 하니..",
    "date": "12.01.20",
    "rating": "4",
    "author": "mygr****",
    "review_id": "6002728",
    "movie_id": "30760"
  },
  {
    "review": "감독새끼.. 한국의 에드 우드 란다.. ㅋㅋㅋㅋㅋ",
    "date": "12.01.14",
    "rating": "1",
    "author": "tn99****",
    "review_id": "5984200",
    "movie_id": "30760"
  },
  {
    "review": "웃김강추",
    "date": "11.09.29",
    "rating": "10",
    "author": "seok****",
    "review_id": "5760482",
    "movie_id": "30760"
  },
  {
    "review": "이거 개웃긴건데ㅋㅋ",
    "date": "11.09.20",
    "rating": "10",
    "author": "9860****",
    "review_id": "5742153",
    "movie_id": "30760"
  },
  {
    "review": "솔직히 별루지만 개그콘서트를 보는듯한 독특한 대사들 때문에 볼만했다.",
    "date": "11.09.10",
    "rating": "7",
    "author": "akio****",
    "review_id": "5719285",
    "movie_id": "30760"
  },
  {
    "review": "별조차 아까운 영화..",
    "date": "10.12.23",
    "rating": "1",
    "author": "acco****",
    "review_id": "5077271",
    "movie_id": "30760"
  },
  {
    "review": "뭔가 새로울 것 같아서 봤는데 약하다...",
    "date": "10.12.22",
    "rating": "5",
    "author": "mins****",
    "review_id": "5075065",
    "movie_id": "30760"
  },
  {
    "review": "상당히 허술하지만 캐릭터의 개성은 잘 드러나서 웃겼음 ㅋㅋ",
    "date": "10.07.24",
    "rating": "10",
    "author": "jjmj****",
    "review_id": "4666703",
    "movie_id": "30760"
  },
  {
    "review": "자꾸 이상한 부분에 노래를 삽입... 노래가 너무 많이 들어갓음.",
    "date": "10.07.17",
    "rating": "2",
    "author": "godo****",
    "review_id": "4647015",
    "movie_id": "30760"
  },
  {
    "review": "난 너무 재미있었음 그런데..역시 끝부분은 아쉬움이 있음 정말..심심할때보면 재밌음",
    "date": "10.06.30",
    "rating": "10",
    "author": "psji****",
    "review_id": "4600554",
    "movie_id": "30760"
  },
  {
    "review": "아오 ㅅㅂ 이게 영화?",
    "date": "09.12.06",
    "rating": "1",
    "author": "woak****",
    "review_id": "4019928",
    "movie_id": "30760"
  },
  {
    "review": "아예 점수가 낮을정도는 아닌데",
    "date": "09.07.14",
    "rating": "10",
    "author": "ok99****",
    "review_id": "3631409",
    "movie_id": "30760"
  },
  {
    "review": "소재의 참신함",
    "date": "09.07.14",
    "rating": "6",
    "author": "rach****",
    "review_id": "3631152",
    "movie_id": "30760"
  },
  {
    "review": "소재와 아이디어는 좋으나 전체적으로 썰렁하고 어설픈 코믹물이 되었다.",
    "date": "09.04.30",
    "rating": "2",
    "author": "dg_d****",
    "review_id": "3450485",
    "movie_id": "30760"
  },
  {
    "review": "처음부분에 보기가 힘들었지만 끝부분에 갈수록 재미있었다는.",
    "date": "09.02.07",
    "rating": "9",
    "author": "tkdd****",
    "review_id": "3285497",
    "movie_id": "30760"
  },
  {
    "review": "삼류영화",
    "date": "08.10.07",
    "rating": "1",
    "author": "kore****",
    "review_id": "2987286",
    "movie_id": "30760"
  },
  {
    "review": "장르는 코메디, 재미는 내셔널지오그래픽... 그 이하다.",
    "date": "08.06.24",
    "rating": "1",
    "author": "karm****",
    "review_id": "2717463",
    "movie_id": "30760"
  },
  {
    "review": "차라리 짱구를 봐라....",
    "date": "08.06.12",
    "rating": "1",
    "author": "gusg****",
    "review_id": "2694281",
    "movie_id": "30760"
  },
  {
    "review": "나도 이제 영화감독이다!!!!",
    "date": "08.01.29",
    "rating": "1",
    "author": "yons****",
    "review_id": "2384891",
    "movie_id": "30760"
  },
  {
    "review": "강추 ^^",
    "date": "08.01.19",
    "rating": "1",
    "author": "zzxh****",
    "review_id": "2347016",
    "movie_id": "30760"
  },
  {
    "review": "의도는 좋았지만 5분 이상을 봐주기란 곤욕스럽다",
    "date": "07.12.09",
    "rating": "1",
    "author": "stra****",
    "review_id": "2218810",
    "movie_id": "30760"
  },
  {
    "review": "볼만..",
    "date": "07.12.07",
    "rating": "6",
    "author": "klov****",
    "review_id": "2212152",
    "movie_id": "30760"
  },
  {
    "review": "약6년전쯤봤는데 목욕탕신에서 남자 거시기 대놓고 나오지 않았나요?",
    "date": "07.11.23",
    "rating": "5",
    "author": "gold****",
    "review_id": "2175971",
    "movie_id": "30760"
  },
  {
    "review": "제목만 특이하고 내세울것이 없다",
    "date": "07.10.26",
    "rating": "3",
    "author": "deff****",
    "review_id": "2112371",
    "movie_id": "30760"
  },
  {
    "review": "정말~~~ 내 생애 최악의 영화!",
    "date": "07.10.21",
    "rating": "1",
    "author": "meth****",
    "review_id": "2101909",
    "movie_id": "30760"
  },
  {
    "review": "배우들은 맘에드는데",
    "date": "07.10.17",
    "rating": "1",
    "author": "allu****",
    "review_id": "2094272",
    "movie_id": "30760"
  },
  {
    "review": "그냥 웃고 보는 삼류영화~",
    "date": "07.09.23",
    "rating": "4",
    "author": "aqzz****",
    "review_id": "2040525",
    "movie_id": "30760"
  },
  {
    "review": "좋은 소재만 있다 싶으면 배껴와서 이리 허접하게;;",
    "date": "07.08.10",
    "rating": "5",
    "author": "typo****",
    "review_id": "1912897",
    "movie_id": "30760"
  },
  {
    "review": "한번쯤 보기에 괜찮은영화 ㅎㅎㅎㅎ 좀 웃겻음",
    "date": "07.07.18",
    "rating": "10",
    "author": "skdt****",
    "review_id": "1787258",
    "movie_id": "30760"
  },
  {
    "review": "코미디로도 드라마로도 봐줄만한 구석이 없다...",
    "date": "07.06.27",
    "rating": "1",
    "author": "skat****",
    "review_id": "1724306",
    "movie_id": "30760"
  },
  {
    "review": "불쌍해서 10점줌",
    "date": "07.05.27",
    "rating": "10",
    "author": "pung****",
    "review_id": "1667972",
    "movie_id": "30760"
  },
  {
    "review": "어설픈 희극, 어설픈 이테오르기......천진난만한 노닥거리",
    "date": "07.04.07",
    "rating": "2",
    "author": "oklo****",
    "review_id": "1576575",
    "movie_id": "30760"
  },
  {
    "review": "아띠.. 출현한 정진영, 조재현이 불쌍하다 ㅠ.ㅠ",
    "date": "07.01.23",
    "rating": "3",
    "author": "kumc****",
    "review_id": "1407565",
    "movie_id": "30760"
  },
  {
    "review": "지금까지 이런 축구는 없었다",
    "date": "07.01.04",
    "rating": "1",
    "author": "kims****",
    "review_id": "1356596",
    "movie_id": "30760"
  },
  {
    "review": "다세포 소녀보다 최악의 영화",
    "date": "06.11.04",
    "rating": "1",
    "author": "pagi****",
    "review_id": "1214686",
    "movie_id": "30760"
  },
  {
    "review": "엉뚱한 상상 엉뚱한 영화",
    "date": "06.09.28",
    "rating": "4",
    "author": "nang****",
    "review_id": "1146680",
    "movie_id": "30760"
  },
  {
    "review": "웃기다~",
    "date": "06.09.03",
    "rating": "10",
    "author": "andy****",
    "review_id": "1100350",
    "movie_id": "30760"
  },
  {
    "review": "배우들이 진짜 아까워",
    "date": "06.08.09",
    "rating": "6",
    "author": "comb****",
    "review_id": "988346",
    "movie_id": "30760"
  },
  {
    "review": "짜증난다",
    "date": "06.08.05",
    "rating": "7",
    "author": "zeed****",
    "review_id": "971385",
    "movie_id": "30760"
  },
  {
    "review": "에드우드... 눈물이 나온다",
    "date": "06.07.28",
    "rating": "10",
    "author": "eek5****",
    "review_id": "930921",
    "movie_id": "30760"
  },
  {
    "review": "황당함만 가득...엉성 그 자체.",
    "date": "06.07.27",
    "rating": "3",
    "author": "rhlf****",
    "review_id": "929124",
    "movie_id": "30760"
  },
  {
    "review": "암울하지만 볼만했다.",
    "date": "06.07.17",
    "rating": "6",
    "author": "dydt****",
    "review_id": "898596",
    "movie_id": "30760"
  },
  {
    "review": "OO년들",
    "date": "06.04.01",
    "rating": "1",
    "author": "djaa****",
    "review_id": "744464",
    "movie_id": "30760"
  },
  {
    "review": "이영화의 장르가 코미디인건 지금방금 알았다",
    "date": "06.03.29",
    "rating": "4",
    "author": "drls****",
    "review_id": "739525",
    "movie_id": "30760"
  },
  {
    "review": "저예산, 저품질",
    "date": "06.03.05",
    "rating": "5",
    "author": "inno****",
    "review_id": "705554",
    "movie_id": "30760"
  },
  {
    "review": "그냥 그런 영화",
    "date": "06.03.03",
    "rating": "2",
    "author": "luy_****",
    "review_id": "702012",
    "movie_id": "30760"
  },
  {
    "review": "존나 재미없음. 이딴걸 영화라고 만드나!!",
    "date": "06.02.04",
    "rating": "1",
    "author": "zpcm****",
    "review_id": "645839",
    "movie_id": "30760"
  },
  {
    "review": "초ㅣ고 ㅋ",
    "date": "06.01.26",
    "rating": "10",
    "author": "jkm8****",
    "review_id": "623288",
    "movie_id": "30760"
  },
  {
    "review": "꽤 재미있게 봤었던 영화였다.",
    "date": "06.01.03",
    "rating": "6",
    "author": "dack****",
    "review_id": "556045",
    "movie_id": "30760"
  },
  {
    "review": "철없던 고딩 시절 영화관에서 본후 피똥쌌다",
    "date": "05.12.27",
    "rating": "1",
    "author": "stun****",
    "review_id": "532496",
    "movie_id": "30760"
  },
  {
    "review": "현실적으로 가능한 걸 만들자. SF공상과학이 아니라면. 별 없음",
    "date": "05.12.12",
    "rating": "1",
    "author": "tara****",
    "review_id": "502325",
    "movie_id": "30760"
  },
  {
    "review": "재미있었다",
    "date": "05.10.17",
    "rating": "10",
    "author": "pkam****",
    "review_id": "446178",
    "movie_id": "30760"
  },
  {
    "review": "웃긴 영화 ㅋㅋㅋ",
    "date": "05.10.15",
    "rating": "10",
    "author": "xyun****",
    "review_id": "443775",
    "movie_id": "30760"
  },
  {
    "review": "이런 삼류영화인줄 모르고 봐버렸음..ㅡㅡ",
    "date": "05.09.21",
    "rating": "2",
    "author": "hero****",
    "review_id": "415819",
    "movie_id": "30760"
  },
  {
    "review": "1점도 아까움",
    "date": "05.09.13",
    "rating": "1",
    "author": "popc****",
    "review_id": "404119",
    "movie_id": "30760"
  },
  {
    "review": "허접",
    "date": "05.08.21",
    "rating": "1",
    "author": "hanu****",
    "review_id": "378369",
    "movie_id": "30760"
  },
  {
    "review": "3점도 아까워....ㅡㅡ;",
    "date": "05.08.14",
    "rating": "3",
    "author": "abso****",
    "review_id": "366749",
    "movie_id": "30760"
  },
  {
    "review": "사운드트랙이 좋아서 8점",
    "date": "05.08.10",
    "rating": "8",
    "author": "cisz****",
    "review_id": "360609",
    "movie_id": "30760"
  },
  {
    "review": "-뭔가 말하려 했다,근데 너무나 생각없이 썰렁하다",
    "date": "05.07.29",
    "rating": "6",
    "author": "ajdc****",
    "review_id": "340062",
    "movie_id": "30760"
  },
  {
    "review": "볼려고해도 집중을 할 수 없게 만든 것도 문제..",
    "date": "05.07.15",
    "rating": "3",
    "author": "join****",
    "review_id": "322446",
    "movie_id": "30760"
  },
  {
    "review": "한국판 소림축구? ㅋㅋ",
    "date": "05.06.09",
    "rating": "10",
    "author": "dona****",
    "review_id": "296417",
    "movie_id": "30760"
  },
  {
    "review": "색다른 소재에 큰 점수를 주고싶음",
    "date": "05.06.09",
    "rating": "8",
    "author": "zzan****",
    "review_id": "296311",
    "movie_id": "30760"
  },
  {
    "review": "보고 즐기기만 하면 되지. 재미만 있더라.",
    "date": "05.06.09",
    "rating": "9",
    "author": "rapm****",
    "review_id": "296309",
    "movie_id": "30760"
  },
  {
    "review": "뭔 내용이여?",
    "date": "05.06.09",
    "rating": "1",
    "author": "hjse****",
    "review_id": "296285",
    "movie_id": "30760"
  },
  {
    "review": "명작이다! 난 울었다~",
    "date": "05.06.09",
    "rating": "10",
    "author": "urus****",
    "review_id": "296267",
    "movie_id": "30760"
  },
  {
    "review": "그냥 케이블에서 하면 본다;",
    "date": "05.05.31",
    "rating": "4",
    "author": "kiki****",
    "review_id": "290940",
    "movie_id": "30760"
  },
  {
    "review": "이렇게 최악의 영화를 만드는게 신기할 따름..",
    "date": "05.05.31",
    "rating": "1",
    "author": "dbsw****",
    "review_id": "290563",
    "movie_id": "30760"
  },
  {
    "review": "골때리게 웃기지만 이야기는 너무 난잡했다",
    "date": "05.05.17",
    "rating": "5",
    "author": "si2p****",
    "review_id": "279588",
    "movie_id": "30760"
  },
  {
    "review": "썰렁~",
    "date": "05.05.17",
    "rating": "1",
    "author": "film****",
    "review_id": "279387",
    "movie_id": "30760"
  },
  {
    "review": "배우가 불쌍하다",
    "date": "05.01.19",
    "rating": "1",
    "author": "dd18****",
    "review_id": "189898",
    "movie_id": "30760"
  },
  {
    "review": "저 훌륭한 배우들로 쓰레기를 만드는 재주.",
    "date": "05.01.05",
    "rating": "2",
    "author": "sikr****",
    "review_id": "177628",
    "movie_id": "30760"
  },
  {
    "review": "다 집어치우고 영화광이 내가 지금껏본 영화중 최악의 영화.돈받고보래도안봐",
    "date": "04.12.08",
    "rating": "1",
    "author": "myst****",
    "review_id": "158842",
    "movie_id": "30760"
  },
  {
    "review": "다른건 필요없다 그냥 골때리게 웃길뿐...김일우선생님 짱!!!",
    "date": "04.11.05",
    "rating": "6",
    "author": "drsl****",
    "review_id": "139642",
    "movie_id": "30760"
  },
  {
    "review": "난잡한 스토리만 빼면 7점은 줄텐데",
    "date": "04.10.26",
    "rating": "5",
    "author": "htop****",
    "review_id": "133318",
    "movie_id": "30760"
  },
  {
    "review": "왕짜증. 내인생 유일하게 극장에서 보다 말고 나온영화",
    "date": "04.10.07",
    "rating": "1",
    "author": "ldh3****",
    "review_id": "121433",
    "movie_id": "30760"
  },
  {
    "review": "이걸 무슨 생각으로 만들었는지...UFG 자해공갈단 노래가 아깝다..",
    "date": "04.09.17",
    "rating": "1",
    "author": "seag****",
    "review_id": "109812",
    "movie_id": "30760"
  },
  {
    "review": "진짜 최악...10점준사람들...제정신인가..?",
    "date": "04.09.02",
    "rating": "1",
    "author": "qkrt****",
    "review_id": "101658",
    "movie_id": "30760"
  },
  {
    "review": "그냥 밋밋한 영화..",
    "date": "04.07.01",
    "rating": "7",
    "author": "drag****",
    "review_id": "63201",
    "movie_id": "30760"
  },
  {
    "review": "그냥 웃고자 한다면 볼만 합니다.. 여친소보다 좋다..",
    "date": "04.06.16",
    "rating": "10",
    "author": "arro****",
    "review_id": "55133",
    "movie_id": "30760"
  },
  {
    "review": "gola가 아니고 goal; 소림축구와 비교해보시길",
    "date": "04.02.23",
    "rating": "1",
    "author": "oys0****",
    "review_id": "23381",
    "movie_id": "30760"
  }
]