[
  {
    "review": "갑작스러운 전개와 허무한 마무리로 다소 부끄럽다고 여겨지는 속편.",
    "date": "15.08.20",
    "rating": "6",
    "author": "dlax****",
    "review_id": "10255313",
    "movie_id": "30776"
  },
  {
    "review": "이건 쥬라기공원이 아니라 그냥 공룡 출몰하는 섬에서 실종된 아들 찾겠다고 엄마 아빠가 샘 닐을 위험한 여정에 끌어들이는 영화같음또 여기선 공룡의 배가 비닐로 되어있는지 뱃속에서 울리는 전화기 벨소리가 장거리에서도 들림 -_-;",
    "date": "15.08.20",
    "rating": "6",
    "author": "krue****",
    "review_id": "10252831",
    "movie_id": "30776"
  },
  {
    "review": "쥬라기 공원은 킬링 타임용으론 최고애 찾으러 삼만리",
    "date": "15.08.18",
    "rating": "9",
    "author": "jij4****",
    "review_id": "10249492",
    "movie_id": "30776"
  },
  {
    "review": "아줌마 쫘증쫘증(-3-)",
    "date": "15.08.10",
    "rating": "8",
    "author": "a159****",
    "review_id": "10214791",
    "movie_id": "30776"
  },
  {
    "review": "2편보다는 나았지만 그냥 1편에서 그냥 끝냈어야 했음..",
    "date": "15.08.06",
    "rating": "6",
    "author": "khj8****",
    "review_id": "10194141",
    "movie_id": "30776"
  },
  {
    "review": "옛날에 봣었지만 지금봐도 재밌다",
    "date": "15.08.04",
    "rating": "10",
    "author": "hyng****",
    "review_id": "10182692",
    "movie_id": "30776"
  },
  {
    "review": "it is trash!!!",
    "date": "15.08.01",
    "rating": "1",
    "author": "tige****",
    "review_id": "10170005",
    "movie_id": "30776"
  },
  {
    "review": "어디서 물고기 잡던 도마뱀이 최강포식자의 자리를 넘볼라 들어?  티라노만 잘만 나왔어도1편은 몰라도  2편보다 평점 잘나왔을거다애초에 감독을 바꾼게 잘못이야",
    "date": "15.07.31",
    "rating": "1",
    "author": "yyyu****",
    "review_id": "10166629",
    "movie_id": "30776"
  },
  {
    "review": "원작보다 쥬라기월드를 먼저 봐서 그런지 그냥 평범하다는 생각이 들었습니다",
    "date": "15.07.30",
    "rating": "9",
    "author": "lch5****",
    "review_id": "10163785",
    "movie_id": "30776"
  },
  {
    "review": "스필버그라고 똥꼬 엄청 빨아대는 사람들 있는데 솔직히 쥬라기2 개망작이었어. 버그형님도 만들어놓고 아차 했겠지. 쥬라기2는 원숭이도 나무에서 떨어질 수 있다는 것을 보여준 전형적인 예다. 오히려 쥬라기3가 1탄이랑 잘 버무려진다.",
    "date": "15.07.24",
    "rating": "5",
    "author": "dmsd****",
    "review_id": "10136212",
    "movie_id": "30776"
  },
  {
    "review": "티라노가져서 1점줌니다",
    "date": "15.07.20",
    "rating": "1",
    "author": "tkda****",
    "review_id": "10122731",
    "movie_id": "30776"
  },
  {
    "review": "아줌마가 병맛 캐리했네",
    "date": "15.07.19",
    "rating": "1",
    "author": "qowl****",
    "review_id": "10119811",
    "movie_id": "30776"
  },
  {
    "review": "쥬라기 공원2 보다는 훨 낫다",
    "date": "15.07.19",
    "rating": "10",
    "author": "luck****",
    "review_id": "10118342",
    "movie_id": "30776"
  },
  {
    "review": "마지막 장면 엘리 짱이다!!! 멋져요! 쥬라기 공원1에서도 맹활략하더니! 3에서도 !!!짱입니다~아! 그랜트 박사~ 짱! 2에 왜안나오나 했더니!!ㅎ 아!  감독이 달라서 잼없을것같았는데 잼있었어요!!!",
    "date": "15.07.19",
    "rating": "10",
    "author": "sys0****",
    "review_id": "10118036",
    "movie_id": "30776"
  },
  {
    "review": "2탄보다 재미있었어요",
    "date": "15.07.19",
    "rating": "10",
    "author": "hirw****",
    "review_id": "10117960",
    "movie_id": "30776"
  },
  {
    "review": "망할 커비 가족...내가 영화를 잘  까지는  않는데....",
    "date": "15.07.17",
    "rating": "5",
    "author": "frem****",
    "review_id": "10114062",
    "movie_id": "30776"
  },
  {
    "review": "아줌마 연기잘함 진짜 보는내내 두들겨패고싶음 ㅋㅋㅋ",
    "date": "15.07.12",
    "rating": "7",
    "author": "wjwx****",
    "review_id": "10099112",
    "movie_id": "30776"
  },
  {
    "review": "볼거리는 더 풍성해졌지만 뻔한 패턴과 이야기는 이제 식상하다",
    "date": "15.07.12",
    "rating": "7",
    "author": "arkj****",
    "review_id": "10098604",
    "movie_id": "30776"
  },
  {
    "review": "공룡이 나온다는 점 이외에는 장점이 보이지 않는다.",
    "date": "15.07.12",
    "rating": "7",
    "author": "yser****",
    "review_id": "10096155",
    "movie_id": "30776"
  },
  {
    "review": "아줌마진짜죽이고싶다",
    "date": "15.07.10",
    "rating": "4",
    "author": "shj_****",
    "review_id": "10089173",
    "movie_id": "30776"
  },
  {
    "review": "아줌마 막판에 죽이는 장면이 있었더라면.. 이 영화 꽤 괜찮았을지도 ㅋㅋㅋㅋ",
    "date": "15.07.10",
    "rating": "6",
    "author": "wjdg****",
    "review_id": "10085801",
    "movie_id": "30776"
  },
  {
    "review": "이영화 는 걍 감독바뀌고 티라노가 스피노한테 져서 망한영화임 그리고 내가 이영화 본이유는 샘닐 때문임",
    "date": "15.07.07",
    "rating": "1",
    "author": "hhu2****",
    "review_id": "10078398",
    "movie_id": "30776"
  },
  {
    "review": "2보다는 재밌게 봤는데 그래도 별로네요..",
    "date": "15.07.07",
    "rating": "7",
    "author": "tjdg****",
    "review_id": "10078027",
    "movie_id": "30776"
  },
  {
    "review": "쥬2보단재밋는듯합니다..그래도역시첫탄이가장잼..첫탄이짱",
    "date": "15.07.06",
    "rating": "6",
    "author": "tjdw****",
    "review_id": "10076381",
    "movie_id": "30776"
  },
  {
    "review": "쥬라기 공원 3는 볼만했는데...(물론 내생각)",
    "date": "15.07.05",
    "rating": "10",
    "author": "jjy3****",
    "review_id": "10072078",
    "movie_id": "30776"
  },
  {
    "review": "1,2 편의 기대치를 낮춘다면",
    "date": "15.07.05",
    "rating": "10",
    "author": "smc7****",
    "review_id": "10070528",
    "movie_id": "30776"
  },
  {
    "review": "무조건 3편이 최고라고 빠는인간들 왤케 많냐,,,전작 명성 다먹칠한작품",
    "date": "15.07.02",
    "rating": "1",
    "author": "rome****",
    "review_id": "10060007",
    "movie_id": "30776"
  },
  {
    "review": "너무 재밌고 잘만들었다고 본다",
    "date": "15.06.26",
    "rating": "9",
    "author": "godq****",
    "review_id": "10037802",
    "movie_id": "30776"
  },
  {
    "review": "제 개인적으로는 쥬라기 공원2 보단 3가 재밌네요 ㅋㅋㅋ",
    "date": "15.06.25",
    "rating": "8",
    "author": "madc****",
    "review_id": "10034800",
    "movie_id": "30776"
  },
  {
    "review": "2편보단 더 낫는데...",
    "date": "15.06.24",
    "rating": "9",
    "author": "1111****",
    "review_id": "10030544",
    "movie_id": "30776"
  },
  {
    "review": "1편은 재미있었는데...2 3 편은 너무 하드코어",
    "date": "15.06.23",
    "rating": "6",
    "author": "want****",
    "review_id": "10024288",
    "movie_id": "30776"
  },
  {
    "review": "너무 짫다 아줌마 빰 때릴뻔",
    "date": "15.06.22",
    "rating": "7",
    "author": "ace1****",
    "review_id": "10022742",
    "movie_id": "30776"
  },
  {
    "review": "재밌는데난ㅋㅋㅋ왜이리평점이낮나했네",
    "date": "15.06.22",
    "rating": "10",
    "author": "mome****",
    "review_id": "10020805",
    "movie_id": "30776"
  },
  {
    "review": "쥬라기월드 보고나서 생각나서 3편 다시봤다. 인도미누스렉스는 가상의 공룡이고 3편의 스피노사우루스는 실존 공룡이라는데 의미가 있다. 악어같은 두상에 앞발도 길고 발톱도 날카롭다. 게다가 수륙양용...ㅋ 턱힘만 강했으면 티렉스 제끼고 스피노가짱먹었을듯.",
    "date": "15.06.20",
    "rating": "8",
    "author": "cris****",
    "review_id": "10015683",
    "movie_id": "30776"
  },
  {
    "review": "마지막이 좀 허무하지만 나름 괜춘",
    "date": "15.06.20",
    "rating": "8",
    "author": "elwl****",
    "review_id": "10014392",
    "movie_id": "30776"
  },
  {
    "review": "진심 금발 아지매 개빡침",
    "date": "15.06.19",
    "rating": "10",
    "author": "qkrg****",
    "review_id": "10011172",
    "movie_id": "30776"
  },
  {
    "review": "완전 재미있음.근데 왜 먹칠한다고 함?",
    "date": "15.06.17",
    "rating": "10",
    "author": "myki****",
    "review_id": "10006268",
    "movie_id": "30776"
  },
  {
    "review": "내가 좋아하던 시리즈의 산소호흡기를 떼는 작품. 그래도 아직 볼만하다. 소재의 승리다.",
    "date": "15.06.17",
    "rating": "6",
    "author": "hi38****",
    "review_id": "10005760",
    "movie_id": "30776"
  },
  {
    "review": "이해가안간다 스필버그이름하나로 2편이 옹호가능한 영화인가? 오히려 3편이 1편의 명성에 적어도 먹칠까지는 아닌 수준의 후속작이다.",
    "date": "15.06.15",
    "rating": "10",
    "author": "powe****",
    "review_id": "10002678",
    "movie_id": "30776"
  },
  {
    "review": "쥬라기공원 시리즈를 말아먹고, 흑역사로 만들어 버린 속편같지 않는 속편.... 3편보고 월드보면 월드가 얼마나 대단한 영화인지 알수있습니다",
    "date": "15.06.15",
    "rating": "6",
    "author": "amcs****",
    "review_id": "10002451",
    "movie_id": "30776"
  },
  {
    "review": "쥬라기공원 시리즈를 10년 넘게 매장시켜버린 최악의 쿠소작...",
    "date": "15.06.14",
    "rating": "1",
    "author": "i971****",
    "review_id": "10000289",
    "movie_id": "30776"
  },
  {
    "review": "쥬라기월드보가 재미있고욕먹을영화아니다",
    "date": "15.06.14",
    "rating": "10",
    "author": "ydm1****",
    "review_id": "9999592",
    "movie_id": "30776"
  },
  {
    "review": "아줌마 발암돋네;; 공룡보다 더무서워",
    "date": "15.06.14",
    "rating": "8",
    "author": "qaz0****",
    "review_id": "9998577",
    "movie_id": "30776"
  },
  {
    "review": "1,2에 비해 스토리도 스케일도 모두 최악!!! 최악중에 최악!!!",
    "date": "15.06.12",
    "rating": "1",
    "author": "robo****",
    "review_id": "9994401",
    "movie_id": "30776"
  },
  {
    "review": "아니 스토리 전개가..좀  뷰족함  허무함",
    "date": "15.06.12",
    "rating": "7",
    "author": "joon****",
    "review_id": "9994098",
    "movie_id": "30776"
  },
  {
    "review": "4D로 봐는데 진짜 재미남 2D는 별로일거같음 이영화는 진짜3d로  봐야함",
    "date": "15.06.12",
    "rating": "10",
    "author": "gotj****",
    "review_id": "9993991",
    "movie_id": "30776"
  },
  {
    "review": "올만에 다시보는데 ㅡㅡ아줌마 입 틀어막고싶었다 아 짜증나는 캐릭터 아만다ㅡㅡ",
    "date": "15.06.12",
    "rating": "7",
    "author": "esk7****",
    "review_id": "9992843",
    "movie_id": "30776"
  },
  {
    "review": "총체적 난국인 최악의 속편",
    "date": "15.06.12",
    "rating": "1",
    "author": "tomy****",
    "review_id": "9992367",
    "movie_id": "30776"
  },
  {
    "review": "쥬라기 1편에 준할 정도로 흥미진진하고 재미있는데 평점이 2보다 낮다니.. 2편이 너무 늘어지고 재미없어서 3편에서는 보완해서 처음부터 끝까지 빠른템포로 달리고새로운 공룡이 많이 등장해서 좋다. 쥬라기는 역시 샘닐!",
    "date": "15.06.11",
    "rating": "10",
    "author": "yumi****",
    "review_id": "9991487",
    "movie_id": "30776"
  },
  {
    "review": "1편 만큼은 못하지만 2편 보단 훨씬 낫다.",
    "date": "15.06.11",
    "rating": "8",
    "author": "chrh****",
    "review_id": "9991311",
    "movie_id": "30776"
  },
  {
    "review": "왜이리 평점이 짜냐. 1편,2편이 너무 대작이여서 차이가 좀 나는것뿐이지 영화 자체는 진짜 잼있다.",
    "date": "15.06.11",
    "rating": "8",
    "author": "minj****",
    "review_id": "9990987",
    "movie_id": "30776"
  },
  {
    "review": "ㅋㅋㅋ 솔직히 시리즈 중 젤 재미없긴 함..",
    "date": "15.06.06",
    "rating": "4",
    "author": "kyn9****",
    "review_id": "9979382",
    "movie_id": "30776"
  },
  {
    "review": "아줌마 ㄹㅇ 개짜증남 ㅡㅡ   애하나 구하자고 몇명이 OOO거임  개민폐부부 ㄴㄷ",
    "date": "15.06.03",
    "rating": "1",
    "author": "vav5****",
    "review_id": "9972524",
    "movie_id": "30776"
  },
  {
    "review": "ㅇㅇㅇ나름 재미있는데 러닝타임이 너무 짧은 거 빼면",
    "date": "15.05.31",
    "rating": "9",
    "author": "indo****",
    "review_id": "9966951",
    "movie_id": "30776"
  },
  {
    "review": "ㅠㅠ 어렸을때 솔직히 3편 제일 재밌게 봤었는데 왜 평점 이렇지 ㅠㅠㅠ",
    "date": "15.05.28",
    "rating": "10",
    "author": "ojw0****",
    "review_id": "9958231",
    "movie_id": "30776"
  },
  {
    "review": "감독이 바뀐줄 모르고 봤다가 낭패본영화,, 스필버그의 위대함을 다시한번 느꼈음,,3점은 쥬라기 시리즈를 사랑하는 마음의 점수임",
    "date": "15.05.24",
    "rating": "3",
    "author": "dlsx****",
    "review_id": "9943056",
    "movie_id": "30776"
  },
  {
    "review": "스피노가 무는힘만 티라노에게 조금밀리지 몸집도 더크고 앞발힘이 존나쌤 싸움씬보면 물고 앞발로 목꺾어버림 충분히 가능 스피노가 더쌤",
    "date": "15.05.03",
    "rating": "10",
    "author": "paem****",
    "review_id": "9889804",
    "movie_id": "30776"
  },
  {
    "review": "이거 재밌다는놈들은 초딩이냐? 진짜 영화 볼줄 모른다 ㅉㅉ. 1,2편의 명성에 똥을 뿌린영화",
    "date": "15.04.22",
    "rating": "3",
    "author": "chob****",
    "review_id": "9856832",
    "movie_id": "30776"
  },
  {
    "review": "1편은 본지 오래돼서 정확히 비교할 순 없지만  2,3 몰아서 봤는데 3편이 훨씬 재밌음 스릴이나 개연성면에서 2편보다 나음",
    "date": "15.04.13",
    "rating": "9",
    "author": "cocc****",
    "review_id": "9844711",
    "movie_id": "30776"
  },
  {
    "review": "쥬라기공원은 다 재밌다",
    "date": "15.03.22",
    "rating": "10",
    "author": "wg90****",
    "review_id": "9799243",
    "movie_id": "30776"
  },
  {
    "review": "아줌마 짜증나고 티라노 죽어서 아쉬웠지만 새로운 공룡이랑 익룡이 등장해서  2편보단 재밌었음",
    "date": "15.03.10",
    "rating": "9",
    "author": "ksa2****",
    "review_id": "9771382",
    "movie_id": "30776"
  },
  {
    "review": "스피노사우루스가 강한공룡인건 맞음 서열1위는 물론 티라노지만 1위를 갈까말까하며2위에 머무른게 스피노사우르스임 영화의 설정만은 아님...자꾸 물고기만 먹었던 걍 주둥이긴 육식공룡이다하는데.. 스쿠미무스랑 착각하시면 안되지",
    "date": "15.03.10",
    "rating": "6",
    "author": "smok****",
    "review_id": "9771277",
    "movie_id": "30776"
  },
  {
    "review": "빡치는 아줌마랑 스피노의 억지승으로 이건 최악임",
    "date": "15.02.27",
    "rating": "1",
    "author": "jyn0****",
    "review_id": "9742778",
    "movie_id": "30776"
  },
  {
    "review": "용가리보단 나아서10점줍니다",
    "date": "15.02.25",
    "rating": "10",
    "author": "sck2****",
    "review_id": "9736641",
    "movie_id": "30776"
  },
  {
    "review": "남들이뭐라하든 나는3편이 최고!",
    "date": "15.02.22",
    "rating": "10",
    "author": "johy****",
    "review_id": "9726104",
    "movie_id": "30776"
  },
  {
    "review": "그냥뭐 킬링타임 랩터씬은 괜찮은거 같다 고생물을 연구를 이어가고 싶어한 어린 학자가 돈욕심때문에 알을훔쳣다가 계속쫒기는거 근데 스피노사우루스가 티라노를 이기면서 좀이상해짐차라리 그랜드가 마지막에 스피노를 티라노쪽으로 유인해서 티라노가 스피노 징벌하지",
    "date": "15.02.14",
    "rating": "6",
    "author": "neym****",
    "review_id": "9694251",
    "movie_id": "30776"
  },
  {
    "review": "누가 뭐라고 욕해도 쥬라기 시리즈는 결코 지루하지 않다. 3편다 잘 만든 영화다. 개연성 스토리 말이 안되는 부분이 좀 아쉽지만 기본적인 액션이 늘 많고 효과가 뛰어난 건무조건 인정할 부분, 다들 아줌마 욕하는데 너무 이쁜 거 같어 티아 레오니^^",
    "date": "15.02.10",
    "rating": "10",
    "author": "irh7****",
    "review_id": "9685093",
    "movie_id": "30776"
  },
  {
    "review": "킬링타임용으로 좋은듯",
    "date": "15.02.04",
    "rating": "7",
    "author": "0073****",
    "review_id": "9666600",
    "movie_id": "30776"
  },
  {
    "review": "참아줄 수 있는 개연성의 한계를 넘어섰다. 그저 공룡이 나오는 영상 기록물일뿐.",
    "date": "15.01.28",
    "rating": "4",
    "author": "mhth****",
    "review_id": "9645771",
    "movie_id": "30776"
  },
  {
    "review": "어처구니없고 논리없는 영화. 올해 개봉하는 쥐라기 월드는 좀 제대로 되었길 바람.",
    "date": "15.01.23",
    "rating": "1",
    "author": "blue****",
    "review_id": "9626077",
    "movie_id": "30776"
  },
  {
    "review": "아만다인가 그 X년때문에 2점준다 ㅋㅋ진짜 보는 내내 죽여버리고 싶었다",
    "date": "15.01.13",
    "rating": "2",
    "author": "kiwo****",
    "review_id": "9590572",
    "movie_id": "30776"
  },
  {
    "review": "이쯤되니 공룡이 우스울 지경",
    "date": "15.01.08",
    "rating": "2",
    "author": "goms****",
    "review_id": "9573485",
    "movie_id": "30776"
  },
  {
    "review": "공포물에서 가족물로....재미는 있음",
    "date": "14.12.24",
    "rating": "7",
    "author": "noor****",
    "review_id": "9508331",
    "movie_id": "30776"
  },
  {
    "review": "재미있게 보긴 했는데 스피노가 티라노를 이기다니이건 너무 억지스러운것 같네요...;;",
    "date": "14.12.23",
    "rating": "8",
    "author": "hdk0****",
    "review_id": "9505081",
    "movie_id": "30776"
  },
  {
    "review": "스피노는 좀아닌듯...",
    "date": "14.12.17",
    "rating": "8",
    "author": "wooh****",
    "review_id": "9480720",
    "movie_id": "30776"
  },
  {
    "review": "모든 것이 전작보다 퇴보하였다",
    "date": "14.12.07",
    "rating": "3",
    "author": "rcan****",
    "review_id": "9454340",
    "movie_id": "30776"
  },
  {
    "review": "와 정말 재밌네요 쥬라기공원은 왤케 재밌는지",
    "date": "14.12.06",
    "rating": "10",
    "author": "cha3****",
    "review_id": "9451855",
    "movie_id": "30776"
  },
  {
    "review": "감독하나 잘못 뽑으면 어떻게 되는지를 보여주는 사례 중 하나.더욱이 이전 두 작품의 아성을 감독 하나가 처참히 무너뜨렸다..",
    "date": "14.11.29",
    "rating": "5",
    "author": "sass****",
    "review_id": "9432689",
    "movie_id": "30776"
  },
  {
    "review": "어렸을때 아빠랑같이 극장가서 보러간기억이있는데 그땐 공룡에대해 아무것도 모르고 쫄아서본기억이....",
    "date": "14.11.29",
    "rating": "10",
    "author": "qjat****",
    "review_id": "9430777",
    "movie_id": "30776"
  },
  {
    "review": "왠만한 액션영화보다는 좋다.  시리즈가 계속되도 재미는 여전한",
    "date": "14.11.08",
    "rating": "9",
    "author": "adiv****",
    "review_id": "9358381",
    "movie_id": "30776"
  },
  {
    "review": "1,2편에 비해 자연의섭리가 잘표현이 안돼서 아쉽긴하지만 나름 볼만은함",
    "date": "14.10.22",
    "rating": "10",
    "author": "m132****",
    "review_id": "9307675",
    "movie_id": "30776"
  },
  {
    "review": "님들아 이거 티라노 가 약한게 아니고 새끼티라노이기 때문에 발리는거에요 누가봐도 스피노가 어떻게 티라노를 이기겟어요...스피노도 충분히 멋잇지만....",
    "date": "14.09.10",
    "rating": "8",
    "author": "lees****",
    "review_id": "9201355",
    "movie_id": "30776"
  },
  {
    "review": "가족영화로썬 나쁘지 않다.",
    "date": "14.08.30",
    "rating": "6",
    "author": "this****",
    "review_id": "9145134",
    "movie_id": "30776"
  },
  {
    "review": "2편에 이어 짜증나게 만드는 영화.",
    "date": "14.08.10",
    "rating": "1",
    "author": "jjaj****",
    "review_id": "9060248",
    "movie_id": "30776"
  },
  {
    "review": "어릴때라 그런지 재밌게 봄/ 쥬라기공원은 내게 다 최고 근데 4는 좀 아닌듯 ㅋㅋ",
    "date": "14.08.04",
    "rating": "10",
    "author": "vlsk****",
    "review_id": "9025431",
    "movie_id": "30776"
  },
  {
    "review": "솔직히 대박인데 왤캐 뭐라고하지.. 그냥 자기 맘에 안든다고 평점까지 엄청낮게주네..",
    "date": "14.08.03",
    "rating": "10",
    "author": "chni****",
    "review_id": "9016585",
    "movie_id": "30776"
  },
  {
    "review": "재밌었는데 왜평점이낮지;",
    "date": "14.07.20",
    "rating": "10",
    "author": "jain****",
    "review_id": "8933002",
    "movie_id": "30776"
  },
  {
    "review": "쥬라기 공원 시리즈는 공통적으로 여주가 참 맘에안듬 ㅋㅋㅋㅋ 그래도 명작임 스릴감은 전작보단 떨어져도 쥬라기 시리즈는 공룡이라는 소재로만도 재밌음",
    "date": "14.07.09",
    "rating": "6",
    "author": "gkwl****",
    "review_id": "8898088",
    "movie_id": "30776"
  },
  {
    "review": "솔직히 오락 영화화 되었다고 해도 1,2에 비해 못한거지  스토리도 무난하고 재밌는거 같은데?",
    "date": "14.07.04",
    "rating": "10",
    "author": "tran****",
    "review_id": "8883748",
    "movie_id": "30776"
  },
  {
    "review": "2편까지만 만들지.. 3편은 젤 마지막에 봤는대도 기억이 잘.",
    "date": "14.06.10",
    "rating": "4",
    "author": "jere****",
    "review_id": "8818623",
    "movie_id": "30776"
  },
  {
    "review": "여전히 경이롭긴 하지만 이제는 많이 완화된 영상충격, 게다가 다소 번잡스럽다",
    "date": "14.06.04",
    "rating": "6",
    "author": "trac****",
    "review_id": "8793619",
    "movie_id": "30776"
  },
  {
    "review": "허접하지만 나한텐 초등학생시절 최고의 영화",
    "date": "14.06.01",
    "rating": "10",
    "author": "hera****",
    "review_id": "8783376",
    "movie_id": "30776"
  },
  {
    "review": "겁나 재밌음,, 스피노가 티라노한테 이기는 건 무리수 ㅡㅡ;",
    "date": "14.05.16",
    "rating": "8",
    "author": "fghy****",
    "review_id": "8735745",
    "movie_id": "30776"
  },
  {
    "review": "얼짱 스피노사우루스!",
    "date": "14.05.14",
    "rating": "6",
    "author": "pont****",
    "review_id": "8728890",
    "movie_id": "30776"
  },
  {
    "review": "영상미는 가장 좋았던 것 같다. 다만 티라노 사우르스가 죽어버린 것이 아쉽다...",
    "date": "14.05.08",
    "rating": "8",
    "author": "uthi****",
    "review_id": "8715908",
    "movie_id": "30776"
  },
  {
    "review": "스티븐 형님이 안 만들어서 그런가 좀 아쉬운게 여러 있었다.",
    "date": "14.05.04",
    "rating": "10",
    "author": "pc59****",
    "review_id": "8699945",
    "movie_id": "30776"
  },
  {
    "review": "남들은욕래도 나에겐 어린시절 최고의 영화 갠적으론 1편 맞먹게 재밋엇다",
    "date": "14.04.26",
    "rating": "10",
    "author": "junm****",
    "review_id": "8675311",
    "movie_id": "30776"
  },
  {
    "review": "한국은 언제나 이런 영화를 만들까?",
    "date": "14.04.06",
    "rating": "8",
    "author": "hagj****",
    "review_id": "8632428",
    "movie_id": "30776"
  },
  {
    "review": "성공한 영화들의 감독을 함부로 바꾸면 안된다는것을 몸소 일깨워준 영화",
    "date": "14.04.02",
    "rating": "1",
    "author": "dksg****",
    "review_id": "8622871",
    "movie_id": "30776"
  },
  {
    "review": "여러모로 재밌던 영화. 줄거리는 뭔가 아쉬운면이 있었다만",
    "date": "14.03.23",
    "rating": "8",
    "author": "okok****",
    "review_id": "8599602",
    "movie_id": "30776"
  }
]