[
  {
    "review": "지금 보니 별 감흥이 없다.",
    "date": "15.06.17",
    "rating": "4",
    "author": "rand****",
    "review_id": "10006795",
    "movie_id": "30787"
  },
  {
    "review": "웨슬리 스나입스는 그냥 B급 액션배우인 듯. 찍는 영화들이 영...",
    "date": "14.12.25",
    "rating": "1",
    "author": "jjaj****",
    "review_id": "9510206",
    "movie_id": "30787"
  },
  {
    "review": "10년 전 영화치곤 나름 괜찮지 않나요???",
    "date": "12.03.07",
    "rating": "8",
    "author": "cjds****",
    "review_id": "6129529",
    "movie_id": "30787"
  },
  {
    "review": "반전의 반전을 거듭해주는.. 웨슬리 스나입스의 죽지않은 액션이 굳!",
    "date": "12.01.22",
    "rating": "8",
    "author": "crui****",
    "review_id": "6009169",
    "movie_id": "30787"
  },
  {
    "review": "본 시리즈의 전조.",
    "date": "11.09.20",
    "rating": "6",
    "author": "reno****",
    "review_id": "5743305",
    "movie_id": "30787"
  },
  {
    "review": "이때까진 그래도 나았었다는... 스나입스.",
    "date": "11.03.26",
    "rating": "2",
    "author": "pria****",
    "review_id": "5336617",
    "movie_id": "30787"
  },
  {
    "review": "밑에님,시대적배경은 90년대중반이에요.중국이 자유시장을 개방하는게 주제이니.",
    "date": "11.03.09",
    "rating": "10",
    "author": "leaf****",
    "review_id": "5302190",
    "movie_id": "30787"
  },
  {
    "review": "유엔사무총장이,인류의적이라니...그럼 반기문사무총장님이,악의축이란,뜻이냐?(웃음)",
    "date": "11.03.03",
    "rating": "1",
    "author": "baks****",
    "review_id": "5290979",
    "movie_id": "30787"
  },
  {
    "review": "반전도 나름 괜찮고........재밌게 본 영화",
    "date": "10.11.03",
    "rating": "10",
    "author": "dlat****",
    "review_id": "4937338",
    "movie_id": "30787"
  },
  {
    "review": "적을 알고 나를 알면 위태롭지 않다입니다. 지피지기 백전불태",
    "date": "10.09.29",
    "rating": "10",
    "author": "oma4****",
    "review_id": "4875281",
    "movie_id": "30787"
  },
  {
    "review": "스나입스의 멋진 연기를 볼수 있다",
    "date": "09.08.15",
    "rating": "7",
    "author": "deff****",
    "review_id": "3750284",
    "movie_id": "30787"
  },
  {
    "review": "액션씬이 생각외로 적었지만 스토리나 볼거리는 만족스럽다",
    "date": "09.06.06",
    "rating": "7",
    "author": "kohs****",
    "review_id": "3547609",
    "movie_id": "30787"
  },
  {
    "review": "적을알고 나를알면 백전백승이다<= 이거 모르는 사람있냐. 진부함의 극치.>",
    "date": "09.03.01",
    "rating": "6",
    "author": "reco****",
    "review_id": "3342112",
    "movie_id": "30787"
  },
  {
    "review": "웨슬리스나입스 믿고 봤다가 낭패봄",
    "date": "09.01.29",
    "rating": "6",
    "author": "o0wl****",
    "review_id": "3259737",
    "movie_id": "30787"
  },
  {
    "review": "잼쏘요~",
    "date": "08.12.19",
    "rating": "10",
    "author": "lets****",
    "review_id": "3130765",
    "movie_id": "30787"
  },
  {
    "review": "액션살짝, 재미살짝, 마리마티코 보는재미 우왕ㅋㅋ굿.",
    "date": "08.10.21",
    "rating": "5",
    "author": "evil****",
    "review_id": "3012111",
    "movie_id": "30787"
  },
  {
    "review": "예전에 봤는데 꽤 볼만한걸로 기억한다.",
    "date": "08.09.06",
    "rating": "7",
    "author": "pola****",
    "review_id": "2924935",
    "movie_id": "30787"
  },
  {
    "review": "Art 는 예술이라는 뜻이 아니라 \"손자병볍\"의 영문 표기임. 싸움의기술, Art of war",
    "date": "08.09.03",
    "rating": "7",
    "author": "sean****",
    "review_id": "2918988",
    "movie_id": "30787"
  },
  {
    "review": "웨슬리는 멋있다.",
    "date": "08.08.04",
    "rating": "10",
    "author": "dong****",
    "review_id": "2833214",
    "movie_id": "30787"
  },
  {
    "review": "이 영화 나쁘지 않아~ 나름 괜찮게 봐서 추천두 하구 그랬는데;;;",
    "date": "08.07.07",
    "rating": "8",
    "author": "wkdl****",
    "review_id": "2746996",
    "movie_id": "30787"
  },
  {
    "review": "웨슬리 스나입스의 액션도 괜찮고, 전개도 스피디하고!!",
    "date": "08.03.29",
    "rating": "6",
    "author": "uds0****",
    "review_id": "2546820",
    "movie_id": "30787"
  },
  {
    "review": "부끄럽다...",
    "date": "08.03.13",
    "rating": "1",
    "author": "imab****",
    "review_id": "2517805",
    "movie_id": "30787"
  },
  {
    "review": "art는 아닌듯..;",
    "date": "08.03.08",
    "rating": "6",
    "author": "do11****",
    "review_id": "2508324",
    "movie_id": "30787"
  },
  {
    "review": "내 생에 가장 멍청했던 첩보영화",
    "date": "08.02.29",
    "rating": "1",
    "author": "stra****",
    "review_id": "2492844",
    "movie_id": "30787"
  },
  {
    "review": "웨 서방 이맘때부터 나잇살이 보이기 시작한거 같음",
    "date": "08.01.11",
    "rating": "8",
    "author": "reno****",
    "review_id": "2318236",
    "movie_id": "30787"
  },
  {
    "review": "보다가 자다가 깨다가 또자다보니 엔딩크레딧..",
    "date": "07.11.25",
    "rating": "7",
    "author": "pksj****",
    "review_id": "2181668",
    "movie_id": "30787"
  },
  {
    "review": "역시 웨슬리 스나입스.. 좋다..",
    "date": "07.04.05",
    "rating": "9",
    "author": "unli****",
    "review_id": "1573254",
    "movie_id": "30787"
  },
  {
    "review": "액션에도 수준이 있다",
    "date": "07.04.02",
    "rating": "10",
    "author": "wake****",
    "review_id": "1567891",
    "movie_id": "30787"
  },
  {
    "review": "화려한 액션이 돋보이는 영화",
    "date": "07.03.06",
    "rating": "9",
    "author": "hsy0****",
    "review_id": "1521921",
    "movie_id": "30787"
  },
  {
    "review": "이정도면 괜찮게 만든 첩보영화",
    "date": "07.01.14",
    "rating": "4",
    "author": "ppp0****",
    "review_id": "1382017",
    "movie_id": "30787"
  },
  {
    "review": "가벼운 액션물이지만 나름 구성력있고 생기있었다.",
    "date": "06.12.05",
    "rating": "10",
    "author": "bepl****",
    "review_id": "1268398",
    "movie_id": "30787"
  },
  {
    "review": "화려한 액션!",
    "date": "06.11.23",
    "rating": "9",
    "author": "wwwx****",
    "review_id": "1246263",
    "movie_id": "30787"
  },
  {
    "review": "이영화재미있었눈데어렸을때봐서 머리아팠음 ㅠ ㅠ",
    "date": "06.08.30",
    "rating": "8",
    "author": "kotm****",
    "review_id": "1090902",
    "movie_id": "30787"
  },
  {
    "review": "액션 짱~",
    "date": "06.08.27",
    "rating": "10",
    "author": "andy****",
    "review_id": "1083339",
    "movie_id": "30787"
  },
  {
    "review": "마리 마티코 보는 재미로 ....",
    "date": "06.08.03",
    "rating": "7",
    "author": "dgis****",
    "review_id": "960886",
    "movie_id": "30787"
  },
  {
    "review": "스나입스의 액션만 볼만하다",
    "date": "06.06.11",
    "rating": "7",
    "author": "cheo****",
    "review_id": "840945",
    "movie_id": "30787"
  },
  {
    "review": "액션감 넘치지만..",
    "date": "06.05.10",
    "rating": "7",
    "author": "gian****",
    "review_id": "794373",
    "movie_id": "30787"
  },
  {
    "review": "왜 평점이 이모양..?",
    "date": "06.04.24",
    "rating": "10",
    "author": "cjjg****",
    "review_id": "773267",
    "movie_id": "30787"
  },
  {
    "review": "라스트에  패러디는 코미디 영화를 연상시킨다.",
    "date": "06.04.04",
    "rating": "6",
    "author": "movi****",
    "review_id": "748004",
    "movie_id": "30787"
  },
  {
    "review": "산만하고 조잡해.. 웨슬리스나입스 액션은 볼만해요",
    "date": "06.02.01",
    "rating": "6",
    "author": "trip****",
    "review_id": "639658",
    "movie_id": "30787"
  },
  {
    "review": "액션배우중에 드물게 흑인으로서 성공한!!",
    "date": "05.12.24",
    "rating": "8",
    "author": "blue****",
    "review_id": "525581",
    "movie_id": "30787"
  },
  {
    "review": "스피디한 화면 전개가 일품",
    "date": "05.12.24",
    "rating": "6",
    "author": "kws7****",
    "review_id": "524660",
    "movie_id": "30787"
  },
  {
    "review": "중반까지 평범하게 가다가 후반에 좀 당황스러웠음.",
    "date": "05.12.04",
    "rating": "7",
    "author": "join****",
    "review_id": "494047",
    "movie_id": "30787"
  },
  {
    "review": "느와르를 좋아하신 분이시라면... 마티코가 이뻐서 추천.",
    "date": "05.11.30",
    "rating": "9",
    "author": "tkma****",
    "review_id": "489038",
    "movie_id": "30787"
  },
  {
    "review": "웨슬리의 스릴있는 액션은 괜찮다만... 약간지루한 전개",
    "date": "05.11.15",
    "rating": "7",
    "author": "baga****",
    "review_id": "475269",
    "movie_id": "30787"
  },
  {
    "review": "충분히 10점을 줄수있는 영화지만 마지막 장면 이해불능",
    "date": "05.11.06",
    "rating": "8",
    "author": "zngp****",
    "review_id": "465800",
    "movie_id": "30787"
  },
  {
    "review": "웨슬리풍의 평작 액션. 근데, 비밀풀긴 너무 쉽다.?",
    "date": "05.10.30",
    "rating": "6",
    "author": "catl****",
    "review_id": "459981",
    "movie_id": "30787"
  },
  {
    "review": "강추 ^^",
    "date": "05.09.25",
    "rating": "10",
    "author": "inev****",
    "review_id": "421397",
    "movie_id": "30787"
  },
  {
    "review": "다시보고 싶다.",
    "date": "05.09.09",
    "rating": "9",
    "author": "toto****",
    "review_id": "397564",
    "movie_id": "30787"
  },
  {
    "review": "... 볼만함",
    "date": "05.08.08",
    "rating": "9",
    "author": "juny****",
    "review_id": "358305",
    "movie_id": "30787"
  },
  {
    "review": "재미있었는데..마린마티코 정말 이쁜것같아여",
    "date": "05.07.21",
    "rating": "10",
    "author": "jin3****",
    "review_id": "328827",
    "movie_id": "30787"
  },
  {
    "review": "마이클 빈은 악역보단 선한역이 더 맞는듯~",
    "date": "05.07.20",
    "rating": "6",
    "author": "nams****",
    "review_id": "328458",
    "movie_id": "30787"
  },
  {
    "review": "난 재밌던데..아트오브워..손자병법..",
    "date": "05.06.07",
    "rating": "10",
    "author": "lov2****",
    "review_id": "295289",
    "movie_id": "30787"
  },
  {
    "review": "웨슬리의 액션은 볼만하나 세상에 너무 흔한 영화중 하나",
    "date": "05.05.22",
    "rating": "4",
    "author": "si2p****",
    "review_id": "284074",
    "movie_id": "30787"
  },
  {
    "review": "이렇게 설정적일까...",
    "date": "05.01.07",
    "rating": "7",
    "author": "cont****",
    "review_id": "179153",
    "movie_id": "30787"
  },
  {
    "review": "단지 웨슬리 스나입스 때문에 살 수있는 영화.",
    "date": "04.12.27",
    "rating": "6",
    "author": "jcr3****",
    "review_id": "170944",
    "movie_id": "30787"
  },
  {
    "review": "zzzzzzzzzzzzzzzzzzzzzzzzzzzzzzzzzzz",
    "date": "04.12.27",
    "rating": "10",
    "author": "dla1****",
    "review_id": "170644",
    "movie_id": "30787"
  },
  {
    "review": "남이야 점수를 낮게주던 지지고볶던 웃기네~~",
    "date": "04.12.25",
    "rating": "1",
    "author": "arie****",
    "review_id": "169416",
    "movie_id": "30787"
  },
  {
    "review": "딱 킬링타임용..거기까지",
    "date": "04.10.22",
    "rating": "4",
    "author": "thin****",
    "review_id": "130406",
    "movie_id": "30787"
  },
  {
    "review": "점수 낮게 쓴 인간들은 좀 맞아야겠다",
    "date": "04.10.15",
    "rating": "10",
    "author": "gun_****",
    "review_id": "126173",
    "movie_id": "30787"
  },
  {
    "review": "그리멋지진 않은듯....",
    "date": "04.10.07",
    "rating": "4",
    "author": "prin****",
    "review_id": "121752",
    "movie_id": "30787"
  },
  {
    "review": "그냥 볼만한 액션 영화",
    "date": "04.09.22",
    "rating": "8",
    "author": "buzz****",
    "review_id": "112509",
    "movie_id": "30787"
  },
  {
    "review": "액션,반전 멋진 영화다 웨슬리의 멋진연기 일품!",
    "date": "04.08.21",
    "rating": "9",
    "author": "anji****",
    "review_id": "94408",
    "movie_id": "30787"
  },
  {
    "review": "반전, 액션... 뭐 권선징악 같은 뻔한 스토리지만 잘 봤습니다.",
    "date": "04.03.29",
    "rating": "4",
    "author": "zerg****",
    "review_id": "32483",
    "movie_id": "30787"
  },
  {
    "review": "마이클빈 이제많이 늙었군요..",
    "date": "04.03.13",
    "rating": "9",
    "author": "oys0****",
    "review_id": "28647",
    "movie_id": "30787"
  },
  {
    "review": "볼만한 액션",
    "date": "04.01.16",
    "rating": "8",
    "author": "shin****",
    "review_id": "10774",
    "movie_id": "30787"
  },
  {
    "review": "재미있습니다..ㅋ",
    "date": "04.01.14",
    "rating": "10",
    "author": "atst****",
    "review_id": "10316",
    "movie_id": "30787"
  }
]