[
  {
    "review": "루시 리우가 이쁜 줄 모르겠다고? 그럼 이 작품을 보라",
    "date": "15.08.23",
    "rating": "3",
    "author": "rd72****",
    "review_id": "10268881",
    "movie_id": "30780"
  },
  {
    "review": "추억의  킬링타임 영화!",
    "date": "15.08.03",
    "rating": "10",
    "author": "kwb4****",
    "review_id": "10180520",
    "movie_id": "30780"
  },
  {
    "review": "보는 내내 유쾌하고 재미있었다..   코미디 액션 장르로는 잘만든 영화",
    "date": "15.06.24",
    "rating": "7",
    "author": "adiv****",
    "review_id": "10027049",
    "movie_id": "30780"
  },
  {
    "review": "당시엔 최고의 화제작이었음.",
    "date": "15.06.23",
    "rating": "10",
    "author": "lsh5****",
    "review_id": "10023579",
    "movie_id": "30780"
  },
  {
    "review": "미국에서 인기있는 TVt시리즈를 영화화 한 작품이라 북미에선 꽤 흥행했다고 들었는데.. 뭔가 대중적인 취향의 영화는 아닌 듯. 세 주연배우는 매력적이나 영화자체에 몰입이 안된다..",
    "date": "15.06.15",
    "rating": "7",
    "author": "gshh****",
    "review_id": "10003382",
    "movie_id": "30780"
  },
  {
    "review": "미녀 세 명 나오는 단순 킬링타임용 액션물",
    "date": "15.05.09",
    "rating": "6",
    "author": "sipj****",
    "review_id": "9906198",
    "movie_id": "30780"
  },
  {
    "review": "세명의 배우의 매력이 돋보였던 재밌게 본 영화ㅎㅎ",
    "date": "15.02.28",
    "rating": "10",
    "author": "wldn****",
    "review_id": "9746112",
    "movie_id": "30780"
  },
  {
    "review": "짱께 리우가 미녀 2총사 사이에 옥의 티인 추녀인게 아쉽",
    "date": "15.02.05",
    "rating": "3",
    "author": "tlsg****",
    "review_id": "9667929",
    "movie_id": "30780"
  },
  {
    "review": "더도말고 덜도말고  딱 시간죽이기 좋은 액션영화!",
    "date": "14.11.20",
    "rating": "7",
    "author": "fghy****",
    "review_id": "9403515",
    "movie_id": "30780"
  },
  {
    "review": "또 나왔으면 하는 영화 세월이 지나도 여운이 가시지않는 영화입니다 스토리도 배우들도",
    "date": "14.10.30",
    "rating": "10",
    "author": "da01****",
    "review_id": "9329965",
    "movie_id": "30780"
  },
  {
    "review": "이런 영화같은 영화는 앞으로 나오기 힘들것이다 적당한병맛과신선한 액션그리고 배우들의 미친 외모 최고다 ..",
    "date": "14.10.08",
    "rating": "8",
    "author": "ac67****",
    "review_id": "9275870",
    "movie_id": "30780"
  },
  {
    "review": "초등학생때 본 기억이 남 .. 맨날 케이블에서 이것만 틀어줌 ㅋㅋ",
    "date": "14.09.18",
    "rating": "9",
    "author": "tatu****",
    "review_id": "9224410",
    "movie_id": "30780"
  },
  {
    "review": "언제 보아도 절대 우리 모두를 실망시키지 않는다!",
    "date": "14.09.03",
    "rating": "10",
    "author": "haen****",
    "review_id": "9158758",
    "movie_id": "30780"
  },
  {
    "review": "가끔 보면 기분완전 상큼해짐 ㅋ 상큼깜찍하지만 B급은 아닌 영화 :)",
    "date": "14.08.26",
    "rating": "10",
    "author": "theh****",
    "review_id": "9134023",
    "movie_id": "30780"
  },
  {
    "review": "몇번을봐도재밋는영화",
    "date": "14.08.04",
    "rating": "10",
    "author": "ssd9****",
    "review_id": "9025212",
    "movie_id": "30780"
  },
  {
    "review": "몇번을 봐도 안질림ㅋㅋㅋ",
    "date": "14.07.28",
    "rating": "10",
    "author": "rlsl****",
    "review_id": "8974690",
    "movie_id": "30780"
  },
  {
    "review": "그냥 남자들이 아무 생각 없이 눈요기하며 즐길만한 팝콘 무비.",
    "date": "14.07.22",
    "rating": "2",
    "author": "jjaj****",
    "review_id": "8939574",
    "movie_id": "30780"
  },
  {
    "review": "몇번을 봐도 재밌다 ㅋㅋ",
    "date": "14.06.14",
    "rating": "10",
    "author": "cmcl****",
    "review_id": "8828391",
    "movie_id": "30780"
  },
  {
    "review": "언제봐도 재밌음! 오래된 영화인데도 엄청 섹시하네염",
    "date": "14.04.30",
    "rating": "10",
    "author": "byz0****",
    "review_id": "8685515",
    "movie_id": "30780"
  },
  {
    "review": "카메론 디아즈 섹시하다",
    "date": "14.02.09",
    "rating": "1",
    "author": "mara****",
    "review_id": "8490481",
    "movie_id": "30780"
  },
  {
    "review": "포스터를 보면서 이게 왜 제목이 미녀삼총사지??하고 의문이 들었음..알고보니 포스터 사진이 망작에다가 드류베리모어는 살이 쪘었음.카메론은 포스터 보고 40대인줄 알았는데 20대인걸 알고 충격받음.또 카메론과 루시리우는 지금도 미녀가 아니라고 생각됨.",
    "date": "14.01.10",
    "rating": "7",
    "author": "egyd****",
    "review_id": "8365238",
    "movie_id": "30780"
  },
  {
    "review": "유쾌한 판타지 한편 본것 같다. 뭐 코믹 액션 영화다운 모습을 잘 보여주었다. 거기다가 섹시는 플러스 알파... 미녀세명도 적당히 선정 잘 한것 같다. 매력이 다들 장난이 아니네 동양계도 처음에는 별로 였는데 갈수록 매력터짐  드류베리모어는 그냥 여신",
    "date": "13.12.31",
    "rating": "8",
    "author": "nura****",
    "review_id": "8327713",
    "movie_id": "30780"
  },
  {
    "review": "미녀삼총사 앞으로 멋진액션 기대할께요~",
    "date": "13.10.18",
    "rating": "10",
    "author": "dong****",
    "review_id": "8067957",
    "movie_id": "30780"
  },
  {
    "review": "누님들 사랑합니다!",
    "date": "13.09.13",
    "rating": "10",
    "author": "ske4****",
    "review_id": "7972361",
    "movie_id": "30780"
  },
  {
    "review": "웰 메이드 팝콘 무비. 예전에는 B급인줄 알았는데, 요즘 다시보니 A급 영화. 제법 짜임새 있는 코메디 영화. 편안하게 웃고 즐길 때 볼 수 있는 영화입니다. 적어도 8점 이상 주여야 하는 영화입니다. ^^",
    "date": "13.08.16",
    "rating": "10",
    "author": "wanb****",
    "review_id": "7890948",
    "movie_id": "30780"
  },
  {
    "review": "제목 값 하는 촌스러움.",
    "date": "13.07.18",
    "rating": "5",
    "author": "corc****",
    "review_id": "7757347",
    "movie_id": "30780"
  },
  {
    "review": "틀어놓으면 시간은 그럭저럭 가더라...",
    "date": "13.06.17",
    "rating": "6",
    "author": "lees****",
    "review_id": "7652168",
    "movie_id": "30780"
  },
  {
    "review": "사운드 트랙도 멋지고 배우도 괜찮고 특히 거의 끝부분에 블라인드노래가 나와서??",
    "date": "13.03.05",
    "rating": "10",
    "author": "kkar****",
    "review_id": "7325759",
    "movie_id": "30780"
  },
  {
    "review": "시간이 아까워",
    "date": "13.03.01",
    "rating": "1",
    "author": "phph****",
    "review_id": "7315301",
    "movie_id": "30780"
  },
  {
    "review": "우선 한국제목이 참 거시기하다고 생각되고 참 애매한 영화.",
    "date": "13.02.14",
    "rating": "2",
    "author": "jere****",
    "review_id": "7264754",
    "movie_id": "30780"
  },
  {
    "review": "어릴때 누나옆에서 케이블로 이것만 100번은 본듯. ㅋㅋㅋㅋㅋㅋ 아 이영화 진짜 가볍고 깜찍하고 재밌던 영화였는데 사람들은 얘네들 허세부린다고 하는구나.",
    "date": "13.01.10",
    "rating": "9",
    "author": "alsk****",
    "review_id": "7099180",
    "movie_id": "30780"
  },
  {
    "review": "1점",
    "date": "12.12.16",
    "rating": "1",
    "author": "star****",
    "review_id": "7010270",
    "movie_id": "30780"
  },
  {
    "review": "세상엔 좋은 영화들이 너무 많으나 가끔씩은 이런 식의 가벼운 영화도 신선한 법. 드류베리모어 외엔 미녀가 없음에도 제목이 미녀삼총사라는 것이 아이러니",
    "date": "12.11.25",
    "rating": "6",
    "author": "shki****",
    "review_id": "6925890",
    "movie_id": "30780"
  },
  {
    "review": "허세존나부리네 OO은년들... 0점은 없냐?",
    "date": "12.11.20",
    "rating": "1",
    "author": "brok****",
    "review_id": "6908059",
    "movie_id": "30780"
  },
  {
    "review": "요즘 나오는 영화보다 낫습니다.",
    "date": "12.11.05",
    "rating": "10",
    "author": "j2w0****",
    "review_id": "6857406",
    "movie_id": "30780"
  },
  {
    "review": "재밌음.",
    "date": "12.10.22",
    "rating": "8",
    "author": "kem1****",
    "review_id": "6821579",
    "movie_id": "30780"
  },
  {
    "review": "2000년도에 봤으면 재밌었을텐데..",
    "date": "12.09.27",
    "rating": "6",
    "author": "alem****",
    "review_id": "6737918",
    "movie_id": "30780"
  },
  {
    "review": "미녀맞음.다들 아름다운데 울나라사람들 외모보는 눈이 편협함, 언제까지 김태희만 찾을거임?",
    "date": "12.04.22",
    "rating": "8",
    "author": "tao_****",
    "review_id": "6238804",
    "movie_id": "30780"
  },
  {
    "review": "적당히 볼만하다",
    "date": "12.04.17",
    "rating": "5",
    "author": "kndm****",
    "review_id": "6228374",
    "movie_id": "30780"
  },
  {
    "review": "재미 있습니다.",
    "date": "12.03.22",
    "rating": "10",
    "author": "nimb****",
    "review_id": "6159357",
    "movie_id": "30780"
  },
  {
    "review": "적당히 볼만하다",
    "date": "12.02.10",
    "rating": "7",
    "author": "cont****",
    "review_id": "6066277",
    "movie_id": "30780"
  },
  {
    "review": "최악에 가깝다.",
    "date": "11.12.11",
    "rating": "1",
    "author": "pria****",
    "review_id": "5901139",
    "movie_id": "30780"
  },
  {
    "review": "맥지감독이 진짜 화려하게 영상만들줄아는구나 드류베리모어매력에흠뻑",
    "date": "11.12.01",
    "rating": "10",
    "author": "leaf****",
    "review_id": "5880076",
    "movie_id": "30780"
  },
  {
    "review": "미녀가 아니잖아",
    "date": "11.10.09",
    "rating": "5",
    "author": "fred****",
    "review_id": "5779355",
    "movie_id": "30780"
  },
  {
    "review": "미녀의 가슴과 미녀의 몸매.",
    "date": "11.09.25",
    "rating": "5",
    "author": "rygh****",
    "review_id": "5750921",
    "movie_id": "30780"
  },
  {
    "review": "꽤 괜찮은 영화였어요 ㅎ",
    "date": "11.08.09",
    "rating": "8",
    "author": "sist****",
    "review_id": "5626914",
    "movie_id": "30780"
  },
  {
    "review": "글쎄.. 미녀는 없는 듯.. ㅋㅋ",
    "date": "11.07.22",
    "rating": "8",
    "author": "tn99****",
    "review_id": "5561016",
    "movie_id": "30780"
  },
  {
    "review": "언니들 좋아요 재미있어요 시간보내기좋아요 그뿐.",
    "date": "11.07.14",
    "rating": "7",
    "author": "hiph****",
    "review_id": "5541656",
    "movie_id": "30780"
  },
  {
    "review": "거픔없는 맥주같은 영화.그래서 두번 보기는 ...",
    "date": "11.07.03",
    "rating": "6",
    "author": "tprk****",
    "review_id": "5517878",
    "movie_id": "30780"
  },
  {
    "review": "재밌었어요",
    "date": "11.05.08",
    "rating": "10",
    "author": "nik2****",
    "review_id": "5414833",
    "movie_id": "30780"
  },
  {
    "review": "미녀들의 신선한 액션!!",
    "date": "11.03.17",
    "rating": "8",
    "author": "pree****",
    "review_id": "5317530",
    "movie_id": "30780"
  },
  {
    "review": "뇌가 없어도 시청할 수 있는 영화",
    "date": "11.02.17",
    "rating": "4",
    "author": "ccpk****",
    "review_id": "5249339",
    "movie_id": "30780"
  },
  {
    "review": "'미녀'는 좀 아니고 걍 '여자 삼총사' ㅋ",
    "date": "11.02.17",
    "rating": "4",
    "author": "rame****",
    "review_id": "5249337",
    "movie_id": "30780"
  },
  {
    "review": "여자들은 아주 설쳐대고, 남자들은 대체로 불쌍",
    "date": "11.02.17",
    "rating": "4",
    "author": "kpcc****",
    "review_id": "5249335",
    "movie_id": "30780"
  },
  {
    "review": "1은좋앗는데2는별로",
    "date": "11.01.26",
    "rating": "10",
    "author": "toad****",
    "review_id": "5185359",
    "movie_id": "30780"
  },
  {
    "review": "대략 볼만한듯..",
    "date": "11.01.25",
    "rating": "7",
    "author": "xtai****",
    "review_id": "5182806",
    "movie_id": "30780"
  },
  {
    "review": "미녀들의 시원하고 통쾌한 액션",
    "date": "10.09.30",
    "rating": "9",
    "author": "yser****",
    "review_id": "4876235",
    "movie_id": "30780"
  },
  {
    "review": "1은 진짜 신선했지",
    "date": "10.09.01",
    "rating": "10",
    "author": "kkw1****",
    "review_id": "4809296",
    "movie_id": "30780"
  },
  {
    "review": "킬링타임용. 배우들 보는 영화.",
    "date": "10.08.10",
    "rating": "7",
    "author": "dlwl****",
    "review_id": "4732888",
    "movie_id": "30780"
  },
  {
    "review": "막장 슈퍼 액션 오락영화.",
    "date": "10.07.15",
    "rating": "6",
    "author": "mr05****",
    "review_id": "4641907",
    "movie_id": "30780"
  },
  {
    "review": "카메론 디아즈 누님 다재다능한 연기 정말 잘한다.... 최고^^",
    "date": "10.05.22",
    "rating": "10",
    "author": "sant****",
    "review_id": "4516977",
    "movie_id": "30780"
  },
  {
    "review": "카메론디아즈//드류베리모어  좋아 ♡  미녀삼총사 1은 진짜 괜찮다.",
    "date": "10.03.01",
    "rating": "9",
    "author": "gksx****",
    "review_id": "4327007",
    "movie_id": "30780"
  },
  {
    "review": "90분이 어떻게 흘러가는지도 모르고 즐거웠네.",
    "date": "10.02.15",
    "rating": "7",
    "author": "cube****",
    "review_id": "4284976",
    "movie_id": "30780"
  },
  {
    "review": "재밌었어",
    "date": "10.01.16",
    "rating": "10",
    "author": "yush****",
    "review_id": "4174465",
    "movie_id": "30780"
  },
  {
    "review": "노래종아",
    "date": "09.11.22",
    "rating": "10",
    "author": "mcsu****",
    "review_id": "3981410",
    "movie_id": "30780"
  },
  {
    "review": "킬링타잉용. 본분에 충실한 영화. 요새 본분에 충실한 영화가 그리흔하더냐",
    "date": "09.10.11",
    "rating": "10",
    "author": "yaho****",
    "review_id": "3887114",
    "movie_id": "30780"
  },
  {
    "review": "녹스 완전 매력덩어리~ 그런 식으로 끝나서 안타까웠어요ㅠ",
    "date": "09.10.07",
    "rating": "10",
    "author": "klei****",
    "review_id": "3879185",
    "movie_id": "30780"
  },
  {
    "review": "좋아요.",
    "date": "09.09.23",
    "rating": "10",
    "author": "0527****",
    "review_id": "3845402",
    "movie_id": "30780"
  },
  {
    "review": "마음에 듭니다.",
    "date": "09.09.23",
    "rating": "10",
    "author": "dong****",
    "review_id": "3845391",
    "movie_id": "30780"
  },
  {
    "review": "그냥 좋자나 ㅋㅋ 죠톼죠아~",
    "date": "09.08.15",
    "rating": "7",
    "author": "tleh****",
    "review_id": "3752125",
    "movie_id": "30780"
  },
  {
    "review": "노래가 종아?",
    "date": "09.07.28",
    "rating": "10",
    "author": "a197****",
    "review_id": "3678608",
    "movie_id": "30780"
  },
  {
    "review": "이 영화가 벌써 9년 전에 개봉했던 영화다 아 세월 참 무섭다",
    "date": "09.06.28",
    "rating": "10",
    "author": "hwng****",
    "review_id": "3598716",
    "movie_id": "30780"
  },
  {
    "review": "눈이 즐겁다 뭐다 하는데 여자배우분들 별로 예쁘지도 않다. 유치하고 시간,돈낭비다.",
    "date": "09.06.13",
    "rating": "1",
    "author": "tpgk****",
    "review_id": "3562863",
    "movie_id": "30780"
  },
  {
    "review": "세명 다아 너무 멋지고.. 이쁘다 ㅋㅋ 처음 봤을 땐 꽤 흥미진진했던 영화였는데...",
    "date": "09.03.16",
    "rating": "8",
    "author": "rich****",
    "review_id": "3369529",
    "movie_id": "30780"
  },
  {
    "review": "눈이 즐거운 영화",
    "date": "09.03.06",
    "rating": "10",
    "author": "jkh0****",
    "review_id": "3349695",
    "movie_id": "30780"
  },
  {
    "review": "뇌가 없어도 시청할 수 있는 영화.",
    "date": "09.02.08",
    "rating": "6",
    "author": "0415****",
    "review_id": "3286772",
    "movie_id": "30780"
  },
  {
    "review": "초딩들이 평점매기냐..... 별 내용없고 그냥 킬링타임 눈요기용",
    "date": "09.02.02",
    "rating": "4",
    "author": "iss2****",
    "review_id": "3271266",
    "movie_id": "30780"
  },
  {
    "review": "재미따",
    "date": "09.02.02",
    "rating": "10",
    "author": "i123****",
    "review_id": "3271170",
    "movie_id": "30780"
  },
  {
    "review": "재미있던데...",
    "date": "09.01.09",
    "rating": "8",
    "author": "rkd2****",
    "review_id": "3204092",
    "movie_id": "30780"
  },
  {
    "review": "GOOD",
    "date": "09.01.07",
    "rating": "10",
    "author": "482k****",
    "review_id": "3200715",
    "movie_id": "30780"
  },
  {
    "review": "정말 아무생각없이 봐야하는 이영화평을보니 네이버인들의 영화수준을 알겟고만",
    "date": "08.12.21",
    "rating": "1",
    "author": "prot****",
    "review_id": "3135596",
    "movie_id": "30780"
  },
  {
    "review": "즐기기에는 좋은 영화",
    "date": "08.12.10",
    "rating": "9",
    "author": "mins****",
    "review_id": "3104738",
    "movie_id": "30780"
  },
  {
    "review": "볼만한 액션씬.. 이제 미녀를 보여다오~",
    "date": "08.11.24",
    "rating": "7",
    "author": "noxp****",
    "review_id": "3069144",
    "movie_id": "30780"
  },
  {
    "review": "괜찮고 재밌는 오락영화",
    "date": "08.11.15",
    "rating": "7",
    "author": "thec****",
    "review_id": "3051149",
    "movie_id": "30780"
  },
  {
    "review": "통쾌해서 좋다ㅋㅋㅋ 여자액션물 좋지 ~",
    "date": "08.11.08",
    "rating": "10",
    "author": "rlad****",
    "review_id": "3039749",
    "movie_id": "30780"
  },
  {
    "review": "보고만 있어도 즐거움을 주는 '미녀' 삼총사.",
    "date": "08.07.28",
    "rating": "7",
    "author": "khkk****",
    "review_id": "2812782",
    "movie_id": "30780"
  },
  {
    "review": "재미써",
    "date": "08.07.18",
    "rating": "7",
    "author": "mz11****",
    "review_id": "2775401",
    "movie_id": "30780"
  },
  {
    "review": "제목은 미녀삼총사! 실제로는 추녀삼총사! 엉터리 한국제목 누가 붙인겨?",
    "date": "08.06.24",
    "rating": "1",
    "author": "mira****",
    "review_id": "2718144",
    "movie_id": "30780"
  },
  {
    "review": "그야 말로 killing time",
    "date": "08.06.05",
    "rating": "1",
    "author": "meth****",
    "review_id": "2680467",
    "movie_id": "30780"
  },
  {
    "review": "최고다라고 말하긴 좀 그렇고 볼만하다가 더 낫겠네",
    "date": "08.06.01",
    "rating": "7",
    "author": "tri_****",
    "review_id": "2675183",
    "movie_id": "30780"
  },
  {
    "review": "작가가 18명인가? 교체 됐다니 할말 다했지뭐 ...",
    "date": "08.03.20",
    "rating": "5",
    "author": "wshi****",
    "review_id": "2531283",
    "movie_id": "30780"
  },
  {
    "review": "그래도 1편은 뭔가 신기한 느낌이라 볼만했다.",
    "date": "08.02.20",
    "rating": "8",
    "author": "self****",
    "review_id": "2465531",
    "movie_id": "30780"
  },
  {
    "review": "역시 볼만해",
    "date": "08.02.08",
    "rating": "8",
    "author": "terr****",
    "review_id": "2421873",
    "movie_id": "30780"
  },
  {
    "review": "액션이고 넘~ 재미있다",
    "date": "08.01.24",
    "rating": "10",
    "author": "ikmw****",
    "review_id": "2364151",
    "movie_id": "30780"
  },
  {
    "review": "재미로보면007시리즈보다는헐남워낙팬들이많은세명의미녀들이주인공이라당시흥행대박",
    "date": "08.01.23",
    "rating": "6",
    "author": "hagj****",
    "review_id": "2361820",
    "movie_id": "30780"
  },
  {
    "review": "돌려차기예술",
    "date": "08.01.16",
    "rating": "10",
    "author": "dltm****",
    "review_id": "2336290",
    "movie_id": "30780"
  },
  {
    "review": "굳",
    "date": "08.01.09",
    "rating": "10",
    "author": "o_om****",
    "review_id": "2310642",
    "movie_id": "30780"
  },
  {
    "review": "그냥저냥볼만했다;",
    "date": "08.01.05",
    "rating": "7",
    "author": "vnan****",
    "review_id": "2300065",
    "movie_id": "30780"
  },
  {
    "review": "아무 생각없이 즐기면 괜찮은 액션영화",
    "date": "07.11.24",
    "rating": "6",
    "author": "uds0****",
    "review_id": "2178169",
    "movie_id": "30780"
  },
  {
    "review": "그럭저럭..",
    "date": "07.11.18",
    "rating": "6",
    "author": "pksj****",
    "review_id": "2163144",
    "movie_id": "30780"
  }
]