[
  {
    "review": "결말까지도 매우 멋진 영화.",
    "date": "15.08.11",
    "rating": "8",
    "author": "ligi****",
    "review_id": "10217394",
    "movie_id": "30786"
  },
  {
    "review": "교과서적인 전개와 재미를 주는 작품",
    "date": "15.08.09",
    "rating": "8",
    "author": "yser****",
    "review_id": "10207121",
    "movie_id": "30786"
  },
  {
    "review": "나를 커스틴 던스트의 팬으로 만든 영화. 경쾌하고 즐겁다. 언제 어디에서 보아도 즐거운 영화.",
    "date": "15.08.06",
    "rating": "9",
    "author": "fsji****",
    "review_id": "10194759",
    "movie_id": "30786"
  },
  {
    "review": "최고의 영화. 음악도 영상도 일품.",
    "date": "15.08.04",
    "rating": "10",
    "author": "lsh5****",
    "review_id": "10182850",
    "movie_id": "30786"
  },
  {
    "review": "시원시원한 동작들이 청량감을 주어 여름에 더 보기좋은 하이틴 영화!",
    "date": "15.07.27",
    "rating": "8",
    "author": "ckgp****",
    "review_id": "10151356",
    "movie_id": "30786"
  },
  {
    "review": "2등이 어디야! 하며 아쉬워하지 않고 진심으로 기뻐하는 그녀들이 아름답다",
    "date": "15.07.23",
    "rating": "10",
    "author": "clas****",
    "review_id": "10134317",
    "movie_id": "30786"
  },
  {
    "review": "신나게 유쾌하고 재밌게 봤어요^^",
    "date": "15.07.03",
    "rating": "10",
    "author": "yeec****",
    "review_id": "10064399",
    "movie_id": "30786"
  },
  {
    "review": "신나잖아 활기차고 좋다.",
    "date": "15.04.26",
    "rating": "7",
    "author": "sa02****",
    "review_id": "9869821",
    "movie_id": "30786"
  },
  {
    "review": "치어리딩 소재의 활력을 잠재워버리는 하이틴 무비 특유의 진부함",
    "date": "14.12.18",
    "rating": "2",
    "author": "goms****",
    "review_id": "9485026",
    "movie_id": "30786"
  },
  {
    "review": "OST만 기억에 남는 영화 중 하나. 가벼운 팝콘 무비",
    "date": "14.10.09",
    "rating": "4",
    "author": "jjaj****",
    "review_id": "9276686",
    "movie_id": "30786"
  },
  {
    "review": "청춘 영화의 좋은 예! 적절한 위트와 좋은 음악과 커스틴 던스트의 그 싱그러움이란...아직도 가끔 생각나는 신나는 청춘물!",
    "date": "14.09.09",
    "rating": "9",
    "author": "wjwj****",
    "review_id": "9189713",
    "movie_id": "30786"
  },
  {
    "review": "영화 마지막에 진걸 인정하는게 멋있다 다른학교에 우승에 축하해주는 모습이 정말 멋있는거 같았다",
    "date": "14.07.28",
    "rating": "8",
    "author": "pw55****",
    "review_id": "8975892",
    "movie_id": "30786"
  },
  {
    "review": "잘 만든 치어리딩 영화.",
    "date": "14.07.15",
    "rating": "8",
    "author": "jere****",
    "review_id": "8918138",
    "movie_id": "30786"
  },
  {
    "review": "지금 다시 보니 너무 유치...",
    "date": "14.07.05",
    "rating": "2",
    "author": "panz****",
    "review_id": "8885410",
    "movie_id": "30786"
  },
  {
    "review": "치어리더들의 세계..",
    "date": "14.05.23",
    "rating": "1",
    "author": "mool****",
    "review_id": "8756235",
    "movie_id": "30786"
  },
  {
    "review": "좋은영화는 시간이 흘러도 격세를 느끼기 힘들대요 첨에 나왔을때도 재밌고신나는 영화였는데 지금다시봐도 스토리가 세련되게 잘만들었네요 넘잼났움",
    "date": "14.04.21",
    "rating": "9",
    "author": "ttlq****",
    "review_id": "8664667",
    "movie_id": "30786"
  },
  {
    "review": "그저 그런 스토리의 틴무비다. 하지만 커스틴 던스트가 최고로 예쁜 시기였고(지금도 예쁘지만), 여캐들의 적절한 노출에 킬링타임용으로 괜찮다.",
    "date": "14.03.24",
    "rating": "6",
    "author": "iepa****",
    "review_id": "8602867",
    "movie_id": "30786"
  },
  {
    "review": "키어스틴던스트술담배만안했으면 지금더이쁠텐데...14년전영상을통해 던스트의청춘을만끽하니깐좋긴좋네여",
    "date": "14.03.08",
    "rating": "10",
    "author": "comb****",
    "review_id": "8562804",
    "movie_id": "30786"
  },
  {
    "review": "아 커스틴 던스트 짱 근데 1편에서만 나오네....ㅠ",
    "date": "14.02.27",
    "rating": "10",
    "author": "shis****",
    "review_id": "8541500",
    "movie_id": "30786"
  },
  {
    "review": "진짜 재미 있게 봤어요 ㅎㅎ 지금봐도 지루하지않고 재미있네여",
    "date": "14.01.11",
    "rating": "10",
    "author": "damb****",
    "review_id": "8371130",
    "movie_id": "30786"
  },
  {
    "review": "2005년 이후 다시봤는데 지루할 타이밍 없이 정신없이 재밌음~",
    "date": "13.12.08",
    "rating": "9",
    "author": "yowh****",
    "review_id": "8199387",
    "movie_id": "30786"
  },
  {
    "review": "굳굳 분위기가너무좋음",
    "date": "13.10.26",
    "rating": "10",
    "author": "smj2****",
    "review_id": "8091942",
    "movie_id": "30786"
  },
  {
    "review": "신나는 분위기 하나는 최고인듯",
    "date": "13.09.15",
    "rating": "5",
    "author": "tmdq****",
    "review_id": "7984852",
    "movie_id": "30786"
  },
  {
    "review": "평이하지만 재미있게 보았다 ㅋㅋ 젊음의 에너지를 느끼기 좋은 영하",
    "date": "13.09.15",
    "rating": "9",
    "author": "ala9****",
    "review_id": "7983571",
    "movie_id": "30786"
  },
  {
    "review": "마지막곡이 여기서 나왔구나 ㅋㅋ",
    "date": "13.07.26",
    "rating": "10",
    "author": "ay73****",
    "review_id": "7785646",
    "movie_id": "30786"
  },
  {
    "review": "치어리더들 섹시하다",
    "date": "13.06.25",
    "rating": "10",
    "author": "mara****",
    "review_id": "7677811",
    "movie_id": "30786"
  },
  {
    "review": "신난다 재미있다 활력소만빵 영화 굿 재미짐",
    "date": "13.06.23",
    "rating": "10",
    "author": "qor2****",
    "review_id": "7670963",
    "movie_id": "30786"
  },
  {
    "review": "하이틴영화의 교과서",
    "date": "13.06.21",
    "rating": "9",
    "author": "yong****",
    "review_id": "7662881",
    "movie_id": "30786"
  },
  {
    "review": "지금까지 재미있게 보는 영화",
    "date": "13.06.18",
    "rating": "10",
    "author": "kan_****",
    "review_id": "7655097",
    "movie_id": "30786"
  },
  {
    "review": "치어리더 영화답게 신나고 즐거움",
    "date": "13.05.14",
    "rating": "9",
    "author": "pcpc****",
    "review_id": "7528027",
    "movie_id": "30786"
  },
  {
    "review": "뻔한 이야기를 나름 상큼하게 그린 영화...그보다 더 상큼 했던 건 어린 커스트던스트",
    "date": "13.04.28",
    "rating": "8",
    "author": "lees****",
    "review_id": "7489314",
    "movie_id": "30786"
  },
  {
    "review": "유쾌한분위기가 끝까지이어진다",
    "date": "13.01.13",
    "rating": "8",
    "author": "jjcv****",
    "review_id": "7108805",
    "movie_id": "30786"
  },
  {
    "review": "유쾌한 영화.",
    "date": "13.01.04",
    "rating": "8",
    "author": "park****",
    "review_id": "7081505",
    "movie_id": "30786"
  },
  {
    "review": "1편은 정말 진리다",
    "date": "12.12.26",
    "rating": "9",
    "author": "maru****",
    "review_id": "7051211",
    "movie_id": "30786"
  },
  {
    "review": "Blaque - As If , B*Witched - Mickey",
    "date": "12.10.07",
    "rating": "8",
    "author": "hana****",
    "review_id": "6769742",
    "movie_id": "30786"
  },
  {
    "review": "재밌는 영화임.",
    "date": "12.07.03",
    "rating": "8",
    "author": "kem1****",
    "review_id": "6440547",
    "movie_id": "30786"
  },
  {
    "review": "봐도봐도 안질려ㅎㅎ",
    "date": "12.05.21",
    "rating": "10",
    "author": "ekaq****",
    "review_id": "6317632",
    "movie_id": "30786"
  },
  {
    "review": "키얼스틴던스트 짱!",
    "date": "12.05.05",
    "rating": "10",
    "author": "meyi****",
    "review_id": "6274287",
    "movie_id": "30786"
  },
  {
    "review": "진짜 발랄 상큼 그 자체!!",
    "date": "12.05.05",
    "rating": "10",
    "author": "o0o1****",
    "review_id": "6271582",
    "movie_id": "30786"
  },
  {
    "review": "눈도 즐겁고 내용도 상쾌한 영화! 1등만 최고는 아닏",
    "date": "12.03.22",
    "rating": "9",
    "author": "gjin****",
    "review_id": "6160583",
    "movie_id": "30786"
  },
  {
    "review": "사람 기분 좋게 만들어주는 영화 !!! 재미있음 ㅋㅋㅋㅋㅋㅋ",
    "date": "12.02.06",
    "rating": "10",
    "author": "rudl****",
    "review_id": "6056324",
    "movie_id": "30786"
  },
  {
    "review": "헤이~ 미키~!!",
    "date": "11.12.28",
    "rating": "9",
    "author": "tn99****",
    "review_id": "5943366",
    "movie_id": "30786"
  },
  {
    "review": "커스틴 던스트밖에 안보여...",
    "date": "11.11.23",
    "rating": "6",
    "author": "bbq2****",
    "review_id": "5866205",
    "movie_id": "30786"
  },
  {
    "review": "스토링는볼게없어 단지눈요기영화",
    "date": "11.11.20",
    "rating": "7",
    "author": "jinn****",
    "review_id": "5860150",
    "movie_id": "30786"
  },
  {
    "review": "시원하다 최종순위도 맘에 드네~~",
    "date": "11.07.11",
    "rating": "7",
    "author": "dbzh****",
    "review_id": "5536294",
    "movie_id": "30786"
  },
  {
    "review": "눈과 귀가 즐거운 대단히 흥겹고 활기 넘치며 재미있는 하이틴 영화.",
    "date": "11.07.11",
    "rating": "10",
    "author": "bsm9****",
    "review_id": "5535352",
    "movie_id": "30786"
  },
  {
    "review": "헤이 미키!!",
    "date": "11.04.27",
    "rating": "8",
    "author": "pree****",
    "review_id": "5394865",
    "movie_id": "30786"
  },
  {
    "review": "전형적인 하이틴ㅋ 볼만함",
    "date": "11.02.23",
    "rating": "7",
    "author": "rudd****",
    "review_id": "5270386",
    "movie_id": "30786"
  },
  {
    "review": "재밌고 음악도 좋고 하이틴영화중에 꽤 좋은 편",
    "date": "11.02.05",
    "rating": "9",
    "author": "ghkd****",
    "review_id": "5216894",
    "movie_id": "30786"
  },
  {
    "review": "하이틴의 최고봉!!! 아주유쾌하며 한국정서에도 딱맞음ㅋㅋㅋ",
    "date": "11.02.03",
    "rating": "10",
    "author": "bee0****",
    "review_id": "5209317",
    "movie_id": "30786"
  },
  {
    "review": "중반부에 살짝 지루한데 이정도면 진짜 볼만한 하이틴물. 재밌었음",
    "date": "11.02.01",
    "rating": "8",
    "author": "life****",
    "review_id": "5203007",
    "movie_id": "30786"
  },
  {
    "review": "커스틴 던스트의 시나리오 고르는 안목은 전반적으로 믿을수 있는편이다.",
    "date": "11.01.19",
    "rating": "7",
    "author": "baks****",
    "review_id": "5169606",
    "movie_id": "30786"
  },
  {
    "review": "유쾌, 씨~익 웃을수 있는 여유와, 주인공을 보는 재미.",
    "date": "10.11.23",
    "rating": "7",
    "author": "izzo****",
    "review_id": "4982897",
    "movie_id": "30786"
  },
  {
    "review": "어렸던 나에겐 최고의 영화였음. 톡톡 튀는 상큼한 영화! 1보다 나은 건 없다.",
    "date": "10.10.04",
    "rating": "10",
    "author": "juli****",
    "review_id": "4884558",
    "movie_id": "30786"
  },
  {
    "review": "재밌네 ㅋㅋ",
    "date": "10.10.02",
    "rating": "8",
    "author": "hoh0****",
    "review_id": "4879778",
    "movie_id": "30786"
  },
  {
    "review": "그냥 무난한 영화인듯;;;;",
    "date": "10.09.18",
    "rating": "7",
    "author": "son1****",
    "review_id": "4844946",
    "movie_id": "30786"
  },
  {
    "review": "눈은 호강했다..",
    "date": "10.09.16",
    "rating": "4",
    "author": "imf0****",
    "review_id": "4840371",
    "movie_id": "30786"
  },
  {
    "review": "하이틴물의 여왕이죠 ㅋㅋㅋ 재밌어요!",
    "date": "10.09.06",
    "rating": "10",
    "author": "slee****",
    "review_id": "4820690",
    "movie_id": "30786"
  },
  {
    "review": "재밌긴하네 ㅋㅋ",
    "date": "10.08.12",
    "rating": "10",
    "author": "jueo****",
    "review_id": "4739309",
    "movie_id": "30786"
  },
  {
    "review": "와일드차일드 화이트칙스 못지않게 재밌고 소름돋는 영화!!!",
    "date": "10.07.29",
    "rating": "10",
    "author": "empe****",
    "review_id": "4684429",
    "movie_id": "30786"
  },
  {
    "review": "신선한 소재, 재밌고 가벼운 영화",
    "date": "10.07.24",
    "rating": "7",
    "author": "qudr****",
    "review_id": "4667336",
    "movie_id": "30786"
  },
  {
    "review": "스쿨오브락처럼 즐겁게 볼수있는 영화..1편이 확실히 제일 재밌음..",
    "date": "10.05.29",
    "rating": "10",
    "author": "koen****",
    "review_id": "4529913",
    "movie_id": "30786"
  },
  {
    "review": "이런 영화도 볼만하네..",
    "date": "10.05.24",
    "rating": "8",
    "author": "marc****",
    "review_id": "4521335",
    "movie_id": "30786"
  },
  {
    "review": "재미있었어요~ 끝까지 다 봤어요!",
    "date": "10.05.23",
    "rating": "10",
    "author": "suji****",
    "review_id": "4518997",
    "movie_id": "30786"
  },
  {
    "review": "던짱을 보기 위해 이정도는 참아야지...",
    "date": "10.05.18",
    "rating": "4",
    "author": "expr****",
    "review_id": "4508849",
    "movie_id": "30786"
  },
  {
    "review": "1이 최고다. 근데 이런 류 별로다.",
    "date": "10.05.07",
    "rating": "7",
    "author": "dudg****",
    "review_id": "4485777",
    "movie_id": "30786"
  },
  {
    "review": "흑인들 매력있다",
    "date": "10.05.07",
    "rating": "6",
    "author": "wjdd****",
    "review_id": "4484246",
    "movie_id": "30786"
  },
  {
    "review": "후덜덜거리면서재밋게봄 ㅋㅋ아주인공너무 귀여움 ㅋㅋㅋㅋㅋㅋ",
    "date": "10.03.12",
    "rating": "10",
    "author": "daho****",
    "review_id": "4352541",
    "movie_id": "30786"
  },
  {
    "review": "후속작들을 파생시킬만한 소재였다.",
    "date": "10.03.03",
    "rating": "8",
    "author": "kyh_****",
    "review_id": "4333378",
    "movie_id": "30786"
  },
  {
    "review": "가볍게 보기엔 좋다~",
    "date": "10.02.07",
    "rating": "5",
    "author": "dlsw****",
    "review_id": "4254569",
    "movie_id": "30786"
  },
  {
    "review": "웃긴 코미디는 아님. 엘리자 더쉬쿠가 이쁘게 나옴.",
    "date": "10.01.27",
    "rating": "7",
    "author": "wlfa****",
    "review_id": "4214295",
    "movie_id": "30786"
  },
  {
    "review": "금발이너무해같은 느낌ㅋㅋ빵빵터지는 장면은 없지만 지루하진 않음!",
    "date": "10.01.19",
    "rating": "8",
    "author": "ljh_****",
    "review_id": "4189256",
    "movie_id": "30786"
  },
  {
    "review": "1이 제일 낫다. 뻔하지만 재밌는 전개랑, 뻔하지 않은 훈훈한 해피엔딩. 좋다",
    "date": "09.12.20",
    "rating": "8",
    "author": "amed****",
    "review_id": "4061933",
    "movie_id": "30786"
  },
  {
    "review": "재밌다..",
    "date": "09.12.13",
    "rating": "8",
    "author": "bkm1****",
    "review_id": "4039519",
    "movie_id": "30786"
  },
  {
    "review": "별로 기대 안하고 봤는데 재미있네요^^ㅎㅎ",
    "date": "09.12.08",
    "rating": "10",
    "author": "khj9****",
    "review_id": "4029339",
    "movie_id": "30786"
  },
  {
    "review": "그냥 보기에 즐거운 영화,,",
    "date": "09.12.05",
    "rating": "8",
    "author": "maum****",
    "review_id": "4017948",
    "movie_id": "30786"
  },
  {
    "review": "활력포션 두 개 먹은 느낌!!",
    "date": "09.12.02",
    "rating": "10",
    "author": "hswm****",
    "review_id": "4010165",
    "movie_id": "30786"
  },
  {
    "review": "무료한 시간을 달래주는 유쾌한 하이틴 영화",
    "date": "09.12.02",
    "rating": "8",
    "author": "zzxa****",
    "review_id": "4008476",
    "movie_id": "30786"
  },
  {
    "review": "그럭저럭..",
    "date": "09.11.30",
    "rating": "8",
    "author": "bkm1****",
    "review_id": "4005160",
    "movie_id": "30786"
  },
  {
    "review": "별로.....엘리자땜에봣음",
    "date": "09.11.26",
    "rating": "4",
    "author": "oper****",
    "review_id": "3990414",
    "movie_id": "30786"
  },
  {
    "review": "다시봐도 재밌음",
    "date": "09.11.13",
    "rating": "10",
    "author": "s8s8****",
    "review_id": "3959724",
    "movie_id": "30786"
  },
  {
    "review": "가볍게 볼만한~~",
    "date": "09.10.27",
    "rating": "6",
    "author": "iss2****",
    "review_id": "3920231",
    "movie_id": "30786"
  },
  {
    "review": "진짜진짜 재밌음ㅋㅋㅋㅋㅋ",
    "date": "09.10.01",
    "rating": "10",
    "author": "blue****",
    "review_id": "3864589",
    "movie_id": "30786"
  },
  {
    "review": "정말재미있는 로맨틱 코메디?? 재미있음",
    "date": "09.08.29",
    "rating": "10",
    "author": "seul****",
    "review_id": "3796217",
    "movie_id": "30786"
  },
  {
    "review": "옛날에봣을때좋앗엇는뎀ㅋㅋㅋㅋㅋㅋ호호",
    "date": "09.08.17",
    "rating": "10",
    "author": "emin****",
    "review_id": "3757924",
    "movie_id": "30786"
  },
  {
    "review": "짧은 치마를 보고있으면 시간가는줄 모른다.",
    "date": "09.08.17",
    "rating": "5",
    "author": "cand****",
    "review_id": "3757806",
    "movie_id": "30786"
  },
  {
    "review": "시간 때우기용으로는 적당한 듯",
    "date": "09.07.30",
    "rating": "4",
    "author": "evil****",
    "review_id": "3686401",
    "movie_id": "30786"
  },
  {
    "review": "가볍게 즐길수 있는 유쾌한 영화",
    "date": "09.07.21",
    "rating": "9",
    "author": "oowh****",
    "review_id": "3654261",
    "movie_id": "30786"
  },
  {
    "review": "귀여운 코미디",
    "date": "09.07.14",
    "rating": "8",
    "author": "choo****",
    "review_id": "3631083",
    "movie_id": "30786"
  },
  {
    "review": "이영화 모르는 사람도 있나? ㅋ 너무도 대중적인 영화",
    "date": "09.07.12",
    "rating": "8",
    "author": "grip****",
    "review_id": "3626200",
    "movie_id": "30786"
  },
  {
    "review": "갠적으로 '퀸카로~'를 재밌게봤는데 이게 평점더높길래 기대하고봤는데별로재미없다..",
    "date": "09.07.01",
    "rating": "6",
    "author": "ang_****",
    "review_id": "3604874",
    "movie_id": "30786"
  },
  {
    "review": "유쾌하고 발랄하고 음악좋고..우울할때 이영화보면 금방풀릴정도로 활기찬 영화!",
    "date": "09.06.06",
    "rating": "10",
    "author": "pupu****",
    "review_id": "3547288",
    "movie_id": "30786"
  },
  {
    "review": "보고 또 보고, 계속봐도 질리지 않고 재밌어했던 기억이 난다!",
    "date": "09.06.05",
    "rating": "10",
    "author": "hoyd****",
    "review_id": "3545867",
    "movie_id": "30786"
  },
  {
    "review": "굿~ㅋㅋ",
    "date": "09.04.23",
    "rating": "9",
    "author": "govl****",
    "review_id": "3436480",
    "movie_id": "30786"
  },
  {
    "review": "음악도 좋고 배우들에 연기도 괜찮다... 후에 나올 시리즈들만 아니면 더 좋았을텐데",
    "date": "09.04.08",
    "rating": "9",
    "author": "mega****",
    "review_id": "3410537",
    "movie_id": "30786"
  },
  {
    "review": "보면 따라 춤추고 싶어지는 영화",
    "date": "09.03.17",
    "rating": "8",
    "author": "gogo****",
    "review_id": "3371472",
    "movie_id": "30786"
  },
  {
    "review": "브링잇온은 그냥 쉽게 쉽게 보는 영화 그걸로 충분해",
    "date": "09.03.06",
    "rating": "8",
    "author": "rlad****",
    "review_id": "3351235",
    "movie_id": "30786"
  },
  {
    "review": "1,2,3,4 다 본 사람으로서 이게 잴 잼있다",
    "date": "09.02.21",
    "rating": "8",
    "author": "uuil****",
    "review_id": "3322064",
    "movie_id": "30786"
  },
  {
    "review": "'쉽고 재밋고 감동적'이라는 가족영화의 매력을 잘 살렸다.",
    "date": "09.02.13",
    "rating": "10",
    "author": "gg10****",
    "review_id": "3300054",
    "movie_id": "30786"
  },
  {
    "review": "재밌음~",
    "date": "09.02.08",
    "rating": "10",
    "author": "jkh0****",
    "review_id": "3286966",
    "movie_id": "30786"
  }
]