[
  {
    "review": "angel이라 뭔가를 기대하며 봤었다.",
    "date": "12.03.28",
    "rating": "7",
    "author": "kos4****",
    "review_id": "6174122",
    "movie_id": "30781"
  },
  {
    "review": "3명의 미녀들을 한꺼번에 본다는 즐거움을 빼면, 솔직히 남는 장면이 별로 없다",
    "date": "10.01.22",
    "rating": "6",
    "author": "mygr****",
    "review_id": "4197093",
    "movie_id": "30781"
  },
  {
    "review": "영화보다 휠씬 났다.",
    "date": "08.12.13",
    "rating": "7",
    "author": "baks****",
    "review_id": "3112685",
    "movie_id": "30781"
  },
  {
    "review": "재밌었다",
    "date": "08.02.29",
    "rating": "10",
    "author": "dc03****",
    "review_id": "2493127",
    "movie_id": "30781"
  },
  {
    "review": "스토리보다 나오는 미녀들에게 더욱 관심이 집중",
    "date": "07.08.21",
    "rating": "8",
    "author": "deff****",
    "review_id": "1964577",
    "movie_id": "30781"
  },
  {
    "review": "멋져요",
    "date": "07.03.02",
    "rating": "10",
    "author": "zeed****",
    "review_id": "1512984",
    "movie_id": "30781"
  },
  {
    "review": "영화보다 재미있는TV시리즈",
    "date": "06.08.28",
    "rating": "10",
    "author": "dico****",
    "review_id": "1086425",
    "movie_id": "30781"
  }
]