[
  {
    "review": "초반엔 좀 지루했으나 중후반에 가면 ( 나름 ) 스릴 넘치는 영화였다.특히 스나이퍼역 노혜광씨. 악당이였지만 멋있었다.킬링타임용으로 6.5 ~ 7 점 정도 주고 싶지만  전체평젘 맞추기 위해만점으로 업!!",
    "date": "14.04.17",
    "rating": "10",
    "author": "rlaq****",
    "review_id": "8654768",
    "movie_id": "30792"
  },
  {
    "review": "재밋다",
    "date": "12.02.03",
    "rating": "9",
    "author": "zmfp****",
    "review_id": "6048857",
    "movie_id": "30792"
  },
  {
    "review": "구멍 뻥뻥뚫리는 총격신이랑 타이트하게 잡은 액션신은 볼만함 역시 곽부성은 액션!",
    "date": "11.01.31",
    "rating": "6",
    "author": "twis****",
    "review_id": "5200025",
    "movie_id": "30792"
  },
  {
    "review": "첨단 장비아 무기를 소재로 한 액션물이지만 어딘가 많이 어색한 작품",
    "date": "08.10.21",
    "rating": "5",
    "author": "deff****",
    "review_id": "3011190",
    "movie_id": "30792"
  },
  {
    "review": "식상한 내용의 홍콩 범죄액션영화 볼만함",
    "date": "05.02.12",
    "rating": "5",
    "author": "kill****",
    "review_id": "217021",
    "movie_id": "30792"
  }
]