[
  {
    "review": "이 영화의 매력 95%는 이은주에게서..",
    "date": "15.08.27",
    "rating": "9",
    "author": "pont****",
    "review_id": "10277697",
    "movie_id": "30796"
  },
  {
    "review": "세번째 보는 '번지점프를 하다'.잔잔한 멜로 영화가 이렇게 소름끼치도록 떨림을 주다니...볼수록 간직하고 싶은 그런 영화. 이병헌의 목소리가 계속 들리는 듯하다...",
    "date": "15.08.22",
    "rating": "10",
    "author": "wowp****",
    "review_id": "10260673",
    "movie_id": "30796"
  },
  {
    "review": "발연기 수두룩인 요즘 여배우들을 보면 이은주가 너무 보고싶음. 보물이었는데... 올려주세요! 구매하게요",
    "date": "15.08.19",
    "rating": "10",
    "author": "mio9****",
    "review_id": "10250993",
    "movie_id": "30796"
  },
  {
    "review": "가슴이 먹먹해지는...",
    "date": "15.08.13",
    "rating": "10",
    "author": "cuts****",
    "review_id": "10222080",
    "movie_id": "30796"
  },
  {
    "review": "지금쯤 어딘가에 이은주도 환생하지 않았을까 착각을 일으킬정도로 아름다운 영화. 여운이 오래남는다. 고 이은주를 그리며...",
    "date": "15.08.03",
    "rating": "10",
    "author": "dkdl****",
    "review_id": "10180577",
    "movie_id": "30796"
  },
  {
    "review": "개봉당시에 동성애를 조장하느니 어쩌니  말들이 많았었는데 막상 극장가서 보고 비난한 이들의 무식함에 깜놀했던 기억이. 지금까지 본 한국영화중에 세손가락안에 드는 영화.",
    "date": "15.07.27",
    "rating": "10",
    "author": "clou****",
    "review_id": "10150938",
    "movie_id": "30796"
  },
  {
    "review": "이 영화를 보면서 느낀 생각 : 첫사랑이 뭐길래.. 저럴필요가 있나 싶었다. 난 첫사랑을 못해봐서 모르겠지만 저럴 필요까진 없었는데 하면서 공감을 못했다.영화는 좋은영화다. 여운을 남긴다. 잘만들었다.",
    "date": "15.07.24",
    "rating": "8",
    "author": "dd84****",
    "review_id": "10137148",
    "movie_id": "30796"
  },
  {
    "review": "내 스탈 영화지만, 속도조절도 과정도 마무리 씬도 아쉽...",
    "date": "15.07.11",
    "rating": "7",
    "author": "dday****",
    "review_id": "10094147",
    "movie_id": "30796"
  },
  {
    "review": "별점10개가 아깝지않네 슬프당 ㅠㅠ",
    "date": "15.07.10",
    "rating": "10",
    "author": "mpg2****",
    "review_id": "10087799",
    "movie_id": "30796"
  },
  {
    "review": "내 생을 통털어 최고의 영화...",
    "date": "15.07.09",
    "rating": "10",
    "author": "binu****",
    "review_id": "10085361",
    "movie_id": "30796"
  },
  {
    "review": "인생 최고의 영화중 하나",
    "date": "15.07.08",
    "rating": "10",
    "author": "rain****",
    "review_id": "10080334",
    "movie_id": "30796"
  },
  {
    "review": "소울메이트라는 주제가 멋지지만, 굳이 사제간의 남학생과 내용이 필요했던걸까? 표현이 너무 과하지 않았나 싶다...",
    "date": "15.07.06",
    "rating": "8",
    "author": "dhfb****",
    "review_id": "10074558",
    "movie_id": "30796"
  },
  {
    "review": "마지막 장면을 잊지못한다. 그리고 그 장면으로 향하는 그들의 엇갈림. 그리고 그 인연이라 불리우는 무게를 지고 가는 사람들의 애절함이 고스란히 내마음속에 살포시 와닿았다. 이런영화를 기다린다. 신파가 아닌 가슴먹먹한 사랑이야기를 사람이야기를..",
    "date": "15.07.01",
    "rating": "9",
    "author": "xnxl****",
    "review_id": "10057258",
    "movie_id": "30796"
  },
  {
    "review": "은주씨 너무 보고싶네요..그녀의 인생은 영화같아요",
    "date": "15.06.24",
    "rating": "8",
    "author": "pihw****",
    "review_id": "10027513",
    "movie_id": "30796"
  },
  {
    "review": "시나리오 감독 특히 이병헌의 연기 모두 완벽했다",
    "date": "15.06.23",
    "rating": "10",
    "author": "smil****",
    "review_id": "10023513",
    "movie_id": "30796"
  },
  {
    "review": "내인생 최고의 영화. 가슴시림",
    "date": "15.06.21",
    "rating": "10",
    "author": "luck****",
    "review_id": "10019332",
    "movie_id": "30796"
  },
  {
    "review": "왜  이제서  봤을까요.  아주  오랬동안    잊혀지지  않을겁니다.",
    "date": "15.06.16",
    "rating": "10",
    "author": "magi****",
    "review_id": "10004981",
    "movie_id": "30796"
  },
  {
    "review": "이은주죽고 환생한다는내용",
    "date": "15.06.15",
    "rating": "8",
    "author": "zzzo****",
    "review_id": "10001710",
    "movie_id": "30796"
  },
  {
    "review": "사랑이 존재한다는것을 다시금 느끼게 해준 고마운 영화",
    "date": "15.06.14",
    "rating": "10",
    "author": "suey****",
    "review_id": "9998650",
    "movie_id": "30796"
  },
  {
    "review": "아련하고 매우 슬픈영화다",
    "date": "15.06.11",
    "rating": "10",
    "author": "sang****",
    "review_id": "9989213",
    "movie_id": "30796"
  },
  {
    "review": "좋은 영화인데 아내랑 딸이 너무 불쌍 ㅠㅠ",
    "date": "15.06.10",
    "rating": "7",
    "author": "ysy9****",
    "review_id": "9988583",
    "movie_id": "30796"
  },
  {
    "review": "이런영화도잇엇구나..",
    "date": "15.06.10",
    "rating": "10",
    "author": "iblu****",
    "review_id": "9987832",
    "movie_id": "30796"
  },
  {
    "review": "처음에는 둘의 사랑이 이해되지 않다가 \"만약 상대가 여자였다면?\" 이라는 생각을 하니 내 사고가 편협한건 아닌가 되돌아 보게 되었다.",
    "date": "15.05.25",
    "rating": "8",
    "author": "sing****",
    "review_id": "9948457",
    "movie_id": "30796"
  },
  {
    "review": "모든게 다 이병현이다 ...",
    "date": "15.05.23",
    "rating": "9",
    "author": "ibp2****",
    "review_id": "9939836",
    "movie_id": "30796"
  },
  {
    "review": "다시금 오래전의 기억을 꺼내어여자친구와 같이 보는내내 그당시 학창시절 보던때보다도 먹먹함을 느꼈다.",
    "date": "15.05.17",
    "rating": "10",
    "author": "gene****",
    "review_id": "9926847",
    "movie_id": "30796"
  },
  {
    "review": "인간이 만든 영화가 맞나?",
    "date": "15.05.17",
    "rating": "10",
    "author": "bhtt****",
    "review_id": "9924639",
    "movie_id": "30796"
  },
  {
    "review": "내가 적고싶은 평점내용을 다 말해주고있는 ㅎㄷㄷ..",
    "date": "15.05.15",
    "rating": "10",
    "author": "ahdz****",
    "review_id": "9919392",
    "movie_id": "30796"
  },
  {
    "review": "내가 본 한국영화 중에 최고의 영화",
    "date": "15.04.25",
    "rating": "10",
    "author": "sahy****",
    "review_id": "9868043",
    "movie_id": "30796"
  },
  {
    "review": "꿀잼(10자)(10자)",
    "date": "15.04.25",
    "rating": "10",
    "author": "ysh5****",
    "review_id": "9865106",
    "movie_id": "30796"
  },
  {
    "review": "아날로그 감성과 영상미까지 갖춘 보기드문 한국영화의 수작. 대학시절 첫사랑의 추억과 그 시절의향수.. 그리고 인연의 의미까지 15년이 된 작품이지만 버릴께 하나 없는 명작입니다..",
    "date": "15.04.22",
    "rating": "10",
    "author": "ssm2****",
    "review_id": "9856411",
    "movie_id": "30796"
  },
  {
    "review": "정작 번지점프를 해야할 사람은 아내.",
    "date": "15.04.21",
    "rating": "4",
    "author": "rd72****",
    "review_id": "9855717",
    "movie_id": "30796"
  },
  {
    "review": "운명은 어쩔 수 없는 것이여서 더욱 애절하다.",
    "date": "15.04.05",
    "rating": "10",
    "author": "dana****",
    "review_id": "9827874",
    "movie_id": "30796"
  },
  {
    "review": "꽤나 철학적 내용입니다. 물론 배우들 연기 좋아요.",
    "date": "15.03.27",
    "rating": "10",
    "author": "ssam****",
    "review_id": "9810410",
    "movie_id": "30796"
  },
  {
    "review": "사랑할 수 밖에 없는 만날 수 밖에 없는 필연적 운명론",
    "date": "15.03.27",
    "rating": "7",
    "author": "rcan****",
    "review_id": "9808758",
    "movie_id": "30796"
  },
  {
    "review": "한국영화 평점 믿을수가 없다 아무리 사랑이라고 해도 바다는 바다고 여자는 여자지 억지로 비비지말어라. 이상입니다",
    "date": "15.03.22",
    "rating": "1",
    "author": "sssd****",
    "review_id": "9798889",
    "movie_id": "30796"
  },
  {
    "review": "고등학교 때 비만 오면 이 영화가 떠오르던 때가 있었다",
    "date": "15.03.17",
    "rating": "10",
    "author": "ssen****",
    "review_id": "9789001",
    "movie_id": "30796"
  },
  {
    "review": "아 진짜 어떡하죠 이 영화 진짜 미쳤는데.. 진짜 오지는데.. 표현할 수가 없어요ㅠㅠ 하 진짜 일단 만점 주려고 왔는데.. 와.. 평생 잊을 수 없는 영화.",
    "date": "15.03.12",
    "rating": "10",
    "author": "ckda****",
    "review_id": "9773090",
    "movie_id": "30796"
  },
  {
    "review": "사랑은 시작되는 걸까, 이동하는 걸까",
    "date": "15.03.04",
    "rating": "9",
    "author": "sksd****",
    "review_id": "9756690",
    "movie_id": "30796"
  },
  {
    "review": "아프다..하지만 아린 기억.... 이은주의 죽음이 더 배가가 되는 영화",
    "date": "15.03.01",
    "rating": "8",
    "author": "yise****",
    "review_id": "9751256",
    "movie_id": "30796"
  },
  {
    "review": "클래식과 함께 한국영화 최고의 멜로",
    "date": "15.02.23",
    "rating": "10",
    "author": "rewq****",
    "review_id": "9730917",
    "movie_id": "30796"
  },
  {
    "review": "아 은주누나. 10주기. 그곳에서 행복하시죠? 너무 보고싶다.",
    "date": "15.02.22",
    "rating": "10",
    "author": "plug****",
    "review_id": "9730014",
    "movie_id": "30796"
  },
  {
    "review": "완전 최고 영화 ㅡ 나한테는",
    "date": "15.02.22",
    "rating": "10",
    "author": "yous****",
    "review_id": "9727020",
    "movie_id": "30796"
  },
  {
    "review": "다시 만나 사랑하겠습니다.",
    "date": "15.02.17",
    "rating": "10",
    "author": "hyan****",
    "review_id": "9704511",
    "movie_id": "30796"
  },
  {
    "review": "이은주씨 보고싶어요 잘살아요",
    "date": "15.02.12",
    "rating": "10",
    "author": "heyo****",
    "review_id": "9691067",
    "movie_id": "30796"
  },
  {
    "review": "가슴이 먹먹하다. 둘이 다시 남자 여자로 태어나 사랑을 완성했으면 좋겠다.",
    "date": "15.02.06",
    "rating": "10",
    "author": "koo0****",
    "review_id": "9673697",
    "movie_id": "30796"
  },
  {
    "review": "고 이은주님의 아름다운 영화~ 대사와 내용 모두 불편하면서도 아름답고 그러면서도 먹먹했다.",
    "date": "15.02.06",
    "rating": "10",
    "author": "knig****",
    "review_id": "9673341",
    "movie_id": "30796"
  },
  {
    "review": "보고보고 또봐도 재밌는 영화... 이은주씨가 나중에 안좋게 되서 안타까울뿐.. ㅜ",
    "date": "15.02.02",
    "rating": "10",
    "author": "ppak****",
    "review_id": "9660233",
    "movie_id": "30796"
  },
  {
    "review": "2000년 극장에서 보고 눈물 났는데, 14년 이 흐른 지금  보다가 또 눈물이 났다.  이병헌은 지금의 안좋은 이미지를 꾸준히 좋은 연기 선보이면서 만회하는 것 밖엔 없는 것 같다.  연기만 본다면 언제까지나 응원하고 싶은 연기자다",
    "date": "15.01.31",
    "rating": "10",
    "author": "slim****",
    "review_id": "9654337",
    "movie_id": "30796"
  },
  {
    "review": "무조건  10점  10자.",
    "date": "15.01.30",
    "rating": "10",
    "author": "qtsp****",
    "review_id": "9651036",
    "movie_id": "30796"
  },
  {
    "review": "정말 최고의 영화인데 모자란 친구들이 폅점을 깎아내렸고만..",
    "date": "15.01.30",
    "rating": "10",
    "author": "tmfo****",
    "review_id": "9651031",
    "movie_id": "30796"
  },
  {
    "review": "성별은 상관 없어. 너는 태희고, 내 사랑이야.",
    "date": "15.01.28",
    "rating": "10",
    "author": "rkdt****",
    "review_id": "9646505",
    "movie_id": "30796"
  },
  {
    "review": "와...애틋하고 아련하고 엔딩장면 짱이다....! 사랑할수밖에 없어서 하는 사랑... 멋있다...",
    "date": "15.01.26",
    "rating": "10",
    "author": "sage****",
    "review_id": "9637886",
    "movie_id": "30796"
  },
  {
    "review": "다시 보고 싶은 영화. 최고.",
    "date": "15.01.25",
    "rating": "10",
    "author": "unit****",
    "review_id": "9635331",
    "movie_id": "30796"
  },
  {
    "review": "간절하다. 그렇기에 애처롭다.",
    "date": "15.01.24",
    "rating": "9",
    "author": "ggwo****",
    "review_id": "9629054",
    "movie_id": "30796"
  },
  {
    "review": "꼭 봐야할영화 후회없어요",
    "date": "15.01.17",
    "rating": "10",
    "author": "k2y5****",
    "review_id": "9603854",
    "movie_id": "30796"
  },
  {
    "review": "아,, 개지루,,   남학생 부모님이랑  이병헌 처자식은 무슨죄냐 ㅡㅡ;",
    "date": "15.01.16",
    "rating": "1",
    "author": "fghy****",
    "review_id": "9602705",
    "movie_id": "30796"
  },
  {
    "review": "태어나서처음 네이버영화에 평점이란걸 올려보네...아....정말가슴뛰는첫눈에반했던 사람이 첫사랑이었다면.공감할수밖에없는 영화.슬픔이란 감정을 잊고 살던 나를 슬프게해준영화",
    "date": "15.01.10",
    "rating": "10",
    "author": "let4****",
    "review_id": "9579818",
    "movie_id": "30796"
  },
  {
    "review": "한국 영화 레전드 오브 더 레전드. 내 주위에 진짜 이영화 광팬 많음.. 수십번도 더 봐도 볼때마다 미친듯이 슬픈 영화..",
    "date": "14.12.18",
    "rating": "10",
    "author": "lion****",
    "review_id": "9486034",
    "movie_id": "30796"
  },
  {
    "review": "고 이은주...  이런 훌륭한 배우가 너무 빨리 가버려서 안타깝습니다...",
    "date": "14.12.17",
    "rating": "8",
    "author": "paek****",
    "review_id": "9480864",
    "movie_id": "30796"
  },
  {
    "review": "10점만점에 10점이에요 저 이런 로맨스 너무좋아함 짱이다짱짱 최고최고 이런영화가 좋음 저는 캬~~~~",
    "date": "14.12.12",
    "rating": "10",
    "author": "tstk****",
    "review_id": "9466954",
    "movie_id": "30796"
  },
  {
    "review": "짠하네  지금도???잘만들었네 ㅋㅋ",
    "date": "14.12.11",
    "rating": "10",
    "author": "donj****",
    "review_id": "9464857",
    "movie_id": "30796"
  },
  {
    "review": "환생해서 뜨거운사랑하길",
    "date": "14.11.10",
    "rating": "8",
    "author": "lape****",
    "review_id": "9366054",
    "movie_id": "30796"
  },
  {
    "review": "그냥 이은주와의 안타까운 사랑으로 끝났어도 충분이 괜찮은 영화인데 다시 태어나고 다시만나고 서로 알아보고..뭐 영화는 영화니까 그런건 다 배제하려해도 여현수가 이은주와는 전혀 매치되지않고 너무 듬직해서 슬픔이나 동감은 안드로매다로~",
    "date": "14.11.06",
    "rating": "4",
    "author": "whia****",
    "review_id": "9347338",
    "movie_id": "30796"
  },
  {
    "review": "내가 가장 좋아하는 로맨스 영화..환생해서라도 다시 사랑하고 싶은 사람이 있다는건 어떤 느낌일까",
    "date": "14.10.28",
    "rating": "10",
    "author": "litt****",
    "review_id": "9325575",
    "movie_id": "30796"
  },
  {
    "review": "가슴이 아파지는 영화 - 이은주씨 없어 더  슬픈영화",
    "date": "14.10.27",
    "rating": "10",
    "author": "op88****",
    "review_id": "9322996",
    "movie_id": "30796"
  },
  {
    "review": "SJ를 기다리며...",
    "date": "14.10.24",
    "rating": "6",
    "author": "saye****",
    "review_id": "9312641",
    "movie_id": "30796"
  },
  {
    "review": "20대 초반 남성의 사랑에 마침표가 찍히지 않았을 때...",
    "date": "14.10.15",
    "rating": "10",
    "author": "labu****",
    "review_id": "9293970",
    "movie_id": "30796"
  },
  {
    "review": "초반부터 중후반까지 잘나가다가 갑자기... 너무 큰 반전을 주려다보니 맥락을 놓치고 감정의 흐름을 역행시켜 버린 작품.",
    "date": "14.10.12",
    "rating": "7",
    "author": "toto****",
    "review_id": "9287305",
    "movie_id": "30796"
  },
  {
    "review": "남녀의 운명적 사랑이 긴 여운을 주는 멜로영화",
    "date": "14.10.10",
    "rating": "8",
    "author": "hana****",
    "review_id": "9280244",
    "movie_id": "30796"
  },
  {
    "review": "이리저리 생각해봐도 변명좋은 동성애",
    "date": "14.10.09",
    "rating": "1",
    "author": "wjdw****",
    "review_id": "9276528",
    "movie_id": "30796"
  },
  {
    "review": "매년 다시 보고싶 은 영화",
    "date": "14.09.26",
    "rating": "10",
    "author": "sple****",
    "review_id": "9242239",
    "movie_id": "30796"
  },
  {
    "review": "최근의 사건과 맞물려 지고지순한 주인공의 캐릭터에 대한 몰입도가 떨어지긴 하지만..다시봐도 참 많이도 울린다",
    "date": "14.09.24",
    "rating": "10",
    "author": "seyo****",
    "review_id": "9237535",
    "movie_id": "30796"
  },
  {
    "review": "몇 번을 봐도 다시 보고픈 영화.",
    "date": "14.09.13",
    "rating": "10",
    "author": "polo****",
    "review_id": "9211072",
    "movie_id": "30796"
  },
  {
    "review": "우리가 수 많은 사람을 만나 사랑하고 헤어짐을 반복하는 것은 어쩌면 자신의 짝을 다시 만나기 위한 과정 일지도 모른다는 생각이 들었다.",
    "date": "14.09.03",
    "rating": "8",
    "author": "mr_0****",
    "review_id": "9156797",
    "movie_id": "30796"
  },
  {
    "review": "완벽한 이성애자의 입장에서 동성애로 풀어가는 사랑이야기의 전개가 조금도 불편하지 않았다.",
    "date": "14.09.01",
    "rating": "9",
    "author": "jjda****",
    "review_id": "9154319",
    "movie_id": "30796"
  },
  {
    "review": "말이 안나오게 좋은 영화였다. 내 인생 영화 중 베스트에 들어갈 만 한!",
    "date": "14.08.26",
    "rating": "10",
    "author": "jini****",
    "review_id": "9135692",
    "movie_id": "30796"
  },
  {
    "review": "한국영화에 10점 잘 안주는데 고 이은주님 하나 만으로도 10점 받기 충분하다!",
    "date": "14.08.26",
    "rating": "10",
    "author": "ske4****",
    "review_id": "9134466",
    "movie_id": "30796"
  },
  {
    "review": "사랑을 가장한 동성애 찬양 영화",
    "date": "14.08.24",
    "rating": "1",
    "author": "holy****",
    "review_id": "9127494",
    "movie_id": "30796"
  },
  {
    "review": "영원한사랑이 이런건가싶음",
    "date": "14.08.21",
    "rating": "10",
    "author": "tmzl****",
    "review_id": "9117286",
    "movie_id": "30796"
  },
  {
    "review": "좀 억지스러운면 있네요.ㅋㅋㅋㅋ",
    "date": "14.08.20",
    "rating": "7",
    "author": "wjdt****",
    "review_id": "9115478",
    "movie_id": "30796"
  },
  {
    "review": "난 전생에 사랑했던 사람이 없었나? 왜 20살이 되도록 이끌리는 상대를 만나지 못하는걸까? 빨리 내 짝을 보내주소서.",
    "date": "14.08.16",
    "rating": "10",
    "author": "gim9****",
    "review_id": "9097650",
    "movie_id": "30796"
  },
  {
    "review": "사랑이라는... 저도 저와 같은 사랑을 하고 싶은 밤이네요.",
    "date": "14.08.14",
    "rating": "10",
    "author": "nky8****",
    "review_id": "9085962",
    "movie_id": "30796"
  },
  {
    "review": "이병헌 연기에 감탄했다",
    "date": "14.08.06",
    "rating": "9",
    "author": "thsu****",
    "review_id": "9038984",
    "movie_id": "30796"
  },
  {
    "review": "이런 사랑을 할 수 있다는 것만으로도 기적이고 행운일지 모르겠다.. 나는 알아 볼 수 있을까..?",
    "date": "14.07.28",
    "rating": "10",
    "author": "bora****",
    "review_id": "8971939",
    "movie_id": "30796"
  },
  {
    "review": "이 영화 처음보고 한 일주일동안은 멍-했다...",
    "date": "14.07.27",
    "rating": "10",
    "author": "aorn****",
    "review_id": "8969569",
    "movie_id": "30796"
  },
  {
    "review": "동성애라고 말하기엔 아닌영화..그져 사랑 진짜 사랑이야기",
    "date": "14.07.22",
    "rating": "10",
    "author": "blac****",
    "review_id": "8941053",
    "movie_id": "30796"
  },
  {
    "review": "정말 먼가 찡하면서도 짠~ 했던 영화입니다",
    "date": "14.07.15",
    "rating": "10",
    "author": "2240****",
    "review_id": "8917665",
    "movie_id": "30796"
  },
  {
    "review": "보고 나니까 알겠다..",
    "date": "14.07.11",
    "rating": "10",
    "author": "suel****",
    "review_id": "8904882",
    "movie_id": "30796"
  },
  {
    "review": "여운이  남는다. 사랑할수밖에 없어서 사랑한다  이 영화 참 괜찮네요",
    "date": "14.07.09",
    "rating": "10",
    "author": "dkfk****",
    "review_id": "8897498",
    "movie_id": "30796"
  },
  {
    "review": "왜 그 사람일 수 밖에 없는가에 대한 궁색한 대답",
    "date": "14.07.01",
    "rating": "6",
    "author": "para****",
    "review_id": "8872522",
    "movie_id": "30796"
  },
  {
    "review": "이 영화를 동성애로 보는건 뭐지... 이병헌 연기 잘한다 간만에 눈물흘린 영화",
    "date": "14.06.28",
    "rating": "9",
    "author": "till****",
    "review_id": "8863623",
    "movie_id": "30796"
  },
  {
    "review": "동성애에 대해 이렇게 아름답게 표현해 그들의 이해를 돕는다",
    "date": "14.06.27",
    "rating": "8",
    "author": "mi86****",
    "review_id": "8860757",
    "movie_id": "30796"
  },
  {
    "review": "13년의 세월이 흘렀지만 아직도 잔잔하게 가슴에 남는영화이네요..오늘문득 용재오닐이 연주하는 쇼스타코비치의 왈츠를  듣고나니  이병헌과 이은주의 왈츠장면도 스쳐지나가구요..",
    "date": "14.06.25",
    "rating": "10",
    "author": "71ji****",
    "review_id": "8852716",
    "movie_id": "30796"
  },
  {
    "review": "누구에게나 '내 인생의 영화'는 있겠지.",
    "date": "14.06.25",
    "rating": "10",
    "author": "ayap****",
    "review_id": "8852237",
    "movie_id": "30796"
  },
  {
    "review": "정말 재밌긴 한데 이야기가 산으로.. 스토리에서 아쉬운 점이 많았습니다.",
    "date": "14.06.24",
    "rating": "5",
    "author": "blue****",
    "review_id": "8850252",
    "movie_id": "30796"
  },
  {
    "review": "갑자기 이야기가 삼천포 판타지로 빠진다",
    "date": "14.06.21",
    "rating": "1",
    "author": "mara****",
    "review_id": "8844813",
    "movie_id": "30796"
  },
  {
    "review": "수년이 지나도 여운이 느껴지는 명작",
    "date": "14.06.21",
    "rating": "10",
    "author": "kame****",
    "review_id": "8844780",
    "movie_id": "30796"
  },
  {
    "review": "한국 로맨스 영화중에 클래식과 더불어 수작이다. 이은주... 그녀가 세삼 그리워진다",
    "date": "14.06.21",
    "rating": "9",
    "author": "zxvt****",
    "review_id": "8843914",
    "movie_id": "30796"
  },
  {
    "review": "사랑합니다 .... 당신을사랑해서  사랑하는게 아니라 사랑할수 밖에 없어서 사랑합니다.",
    "date": "14.06.20",
    "rating": "10",
    "author": "chiw****",
    "review_id": "8842008",
    "movie_id": "30796"
  },
  {
    "review": "아직도 이 영화만 보면 2002년도에 날 사랑해주었던 한 여자가 떠올라요...",
    "date": "14.06.11",
    "rating": "10",
    "author": "siup****",
    "review_id": "8821069",
    "movie_id": "30796"
  }
]