[
  {
    "review": "십여년전에 봤는데도 웃음나는 임팩트 있는 영화. 소소한 소재인데도 박장대소하게 만드는 천재적인 영화인듯...",
    "date": "15.07.21",
    "rating": "10",
    "author": "ultr****",
    "review_id": "10125610",
    "movie_id": "30822"
  },
  {
    "review": "억지로 너무 스토리를 끌고가려고하는점 외에는 신선하다. 하지만 미친듯이 웃기다거나 한것과는 거리가 멀다.",
    "date": "15.07.14",
    "rating": "7",
    "author": "sosi****",
    "review_id": "10103261",
    "movie_id": "30822"
  },
  {
    "review": "방송사직원아무리눈치본다지만...",
    "date": "15.07.04",
    "rating": "8",
    "author": "xx41****",
    "review_id": "10067492",
    "movie_id": "30822"
  },
  {
    "review": "라디오 생방송의 재미 100% ㅋㅋ",
    "date": "15.03.30",
    "rating": "10",
    "author": "swin****",
    "review_id": "9816737",
    "movie_id": "30822"
  },
  {
    "review": "때로는 지옥 같은 예술 창작 과정에  건배를!",
    "date": "15.01.27",
    "rating": "8",
    "author": "cube****",
    "review_id": "9643136",
    "movie_id": "30822"
  },
  {
    "review": "일본식 개그코드가 안맞아 그저그랬다. 앞부분에서 병맛에 실컷 휘둘리다가 마지막에선 나까지 정신이 이상해져 흐뭇해져버린 영화",
    "date": "15.01.10",
    "rating": "6",
    "author": "nji6****",
    "review_id": "9579172",
    "movie_id": "30822"
  },
  {
    "review": "진심 노잼.. 보지마세요.. 매직아워 보고 개빵터져서 비슷한 영화라길래 봤는데.. 보는내내 정색하고봤음.. 그거면 다행인데 지루하기까지함. 이건 웃기려고 만든 영화가 아닌듯.. 코미디 영화 보려고하시는 분들은 보지마세요.",
    "date": "14.12.30",
    "rating": "1",
    "author": "dd84****",
    "review_id": "9537458",
    "movie_id": "30822"
  },
  {
    "review": "도날드 맥도날드 급하게 만들 때 뿜었음 ㅋㅋ",
    "date": "14.12.03",
    "rating": "10",
    "author": "hg48****",
    "review_id": "9443896",
    "movie_id": "30822"
  },
  {
    "review": "한정된 공간 안에서 캐릭터와 스토리로 승부하는 영화. 빵빵 터지는 블록버스터들에 질렸을 때 보면 좋은-",
    "date": "14.09.03",
    "rating": "10",
    "author": "ebeb****",
    "review_id": "9157293",
    "movie_id": "30822"
  },
  {
    "review": "돌이켜보면 무거운 주제라고 말할수 있겠지만 영화 속에선 가볍고 신선하게 문제를 풀어나간다. 일본식 개그와 과대한 억지스러움이 잔잔하고 감성적으로 다가온 작품. 만족과 포기 사이에 우린 늘 방황하며 산다.",
    "date": "14.08.21",
    "rating": "9",
    "author": "lcjb****",
    "review_id": "9117183",
    "movie_id": "30822"
  },
  {
    "review": "보는내내 욕나온다 장르가 코미디란 걸 이해하지 못하겠다 찝찝하고 짜증난다",
    "date": "14.08.19",
    "rating": "1",
    "author": "skss****",
    "review_id": "9109379",
    "movie_id": "30822"
  },
  {
    "review": "앞뒤가 이렇게 잘 들어맞는 영화!",
    "date": "14.07.07",
    "rating": "10",
    "author": "pmac****",
    "review_id": "8893387",
    "movie_id": "30822"
  },
  {
    "review": "이 영화는 지금도 생각만하면 웃음이 난다..ㅎㅎㅎ",
    "date": "14.02.22",
    "rating": "10",
    "author": "gyt3****",
    "review_id": "8527517",
    "movie_id": "30822"
  },
  {
    "review": "드라마가 아닌영화를 보는이유 배우들의 앙상블은 한편의연극 세가지를 다봣다",
    "date": "14.02.21",
    "rating": "7",
    "author": "ghzm****",
    "review_id": "8524937",
    "movie_id": "30822"
  },
  {
    "review": "하인리히~~!!!(퍽)ㅋㅋㅋ",
    "date": "13.11.26",
    "rating": "9",
    "author": "aa17****",
    "review_id": "8169864",
    "movie_id": "30822"
  },
  {
    "review": "배꼽 빠지는 줄 알았다 ^^",
    "date": "13.10.27",
    "rating": "10",
    "author": "ict2****",
    "review_id": "8093375",
    "movie_id": "30822"
  },
  {
    "review": "코미디는 아니고 드라마가 맞다. 여러면에서 완성도가 높다.",
    "date": "13.10.15",
    "rating": "8",
    "author": "ngup****",
    "review_id": "8061595",
    "movie_id": "30822"
  },
  {
    "review": "이렇게 천재적인 영화를 또 볼수있을까.. 군더더기없이 아귀가 딱 들어맞는 기분 좋은 영화",
    "date": "13.09.29",
    "rating": "8",
    "author": "yols****",
    "review_id": "8022222",
    "movie_id": "30822"
  },
  {
    "review": "가볍고 신선하다. 라디오 드라마라는 소재가 시간이 갈수록 공감대 형성이 안된다는 소재라는게 조금 이쉽다.  아마 10년만 지나도 라디오 드라마를 마치 판소리를 보듯하는 시선이 자리잡을 것 같다.",
    "date": "13.07.16",
    "rating": "9",
    "author": "spt1****",
    "review_id": "7747304",
    "movie_id": "30822"
  },
  {
    "review": "아주 부담없이 볼수 있는 코미디 영화",
    "date": "13.07.15",
    "rating": "9",
    "author": "dudf****",
    "review_id": "7745320",
    "movie_id": "30822"
  },
  {
    "review": "라디오 부스 안에 가득한 생기, 그리고 일공일수.",
    "date": "13.07.14",
    "rating": "7",
    "author": "rygh****",
    "review_id": "7737854",
    "movie_id": "30822"
  },
  {
    "review": "일본 코메디영화 특유의 오버스러움 때문에 호불호가 많이 갈리는데 나도 그다지 좋아하는 편이 아니라.. 내용은 좋은데 배우들 연기가 자꾸 거슬린다고 할까;; 하지만 코미디로 생각하지 않고 보면 좋은 영화",
    "date": "13.06.22",
    "rating": "7",
    "author": "thda****",
    "review_id": "7666800",
    "movie_id": "30822"
  },
  {
    "review": "쪽대본. 그 창대한 서막이 울린다.",
    "date": "13.06.18",
    "rating": "10",
    "author": "perf****",
    "review_id": "7654994",
    "movie_id": "30822"
  },
  {
    "review": "각본 탄탄하고 약간 뻔하지만 재밌고",
    "date": "13.04.24",
    "rating": "8",
    "author": "jisu****",
    "review_id": "7479027",
    "movie_id": "30822"
  },
  {
    "review": "지금 영화나 방송현장 딱 그대로를 보여주네요 보면서 박장대소했습니다 너무나 현실적인 코믹영화입니다",
    "date": "13.04.14",
    "rating": "10",
    "author": "film****",
    "review_id": "7459091",
    "movie_id": "30822"
  },
  {
    "review": "잔잔하게.. 일본식 개그 코드가 맞다면 굿!",
    "date": "13.02.27",
    "rating": "6",
    "author": "duil****",
    "review_id": "7307078",
    "movie_id": "30822"
  },
  {
    "review": "배우들의 연기에 빠져들고 , 곧 영화에 빠져든다",
    "date": "12.11.08",
    "rating": "8",
    "author": "baer****",
    "review_id": "6865504",
    "movie_id": "30822"
  },
  {
    "review": "개그코드가 안 맞는게 좀 거슬릴 수 있어도 기본적으로 주제 자체가 즐겁고 전개가 탄탄한 수준있는 영화",
    "date": "12.11.02",
    "rating": "10",
    "author": "lbj1****",
    "review_id": "6845554",
    "movie_id": "30822"
  },
  {
    "review": "평점에 비해서는 그닥;; 내친구에게라면 완전비추 ㅡ ㅡ ; 그냥 초중딩수준애들은 재미있어할듯",
    "date": "12.10.27",
    "rating": "1",
    "author": "mftr****",
    "review_id": "6830948",
    "movie_id": "30822"
  },
  {
    "review": "나하고는 안 맞는 듯....",
    "date": "12.10.26",
    "rating": "5",
    "author": "pass****",
    "review_id": "6827289",
    "movie_id": "30822"
  },
  {
    "review": "한국정치판을 보는듯했음 ㅋㅋㅋ",
    "date": "12.10.21",
    "rating": "7",
    "author": "jhan****",
    "review_id": "6819378",
    "movie_id": "30822"
  },
  {
    "review": "짱 재밌다.",
    "date": "12.10.13",
    "rating": "10",
    "author": "njel****",
    "review_id": "6798368",
    "movie_id": "30822"
  },
  {
    "review": "미타니 감독의 장기가 가장 잘 들어난 작품.",
    "date": "12.08.30",
    "rating": "9",
    "author": "theb****",
    "review_id": "6655902",
    "movie_id": "30822"
  },
  {
    "review": "일본식 코미디. 별루.",
    "date": "12.08.08",
    "rating": "5",
    "author": "20pl****",
    "review_id": "6583838",
    "movie_id": "30822"
  },
  {
    "review": "일본이 왜 미타니 코키식 코미디에 열광했는지 이해가 될것 같다.",
    "date": "12.07.08",
    "rating": "7",
    "author": "emin****",
    "review_id": "6462106",
    "movie_id": "30822"
  },
  {
    "review": "정말 재밋게 본 영화다 최고!",
    "date": "12.06.04",
    "rating": "10",
    "author": "toun****",
    "review_id": "6364055",
    "movie_id": "30822"
  },
  {
    "review": "코메디영환대 엄청난 로맨스영화를 본거 같은 느낌",
    "date": "12.05.22",
    "rating": "8",
    "author": "ck02****",
    "review_id": "6320145",
    "movie_id": "30822"
  },
  {
    "review": "다 같이 열심히 하는 모습이 보기 좋았다...",
    "date": "12.04.30",
    "rating": "7",
    "author": "wlfa****",
    "review_id": "6261359",
    "movie_id": "30822"
  },
  {
    "review": "동아리 활동으로 봤는데ㅋㅋㅋㅋㅋㅋㅋㅋㅋ 재밌었다.... 음향감독 활약최고였음",
    "date": "12.04.26",
    "rating": "9",
    "author": "dlgu****",
    "review_id": "6245758",
    "movie_id": "30822"
  },
  {
    "review": "여기 와타나베 켄 나오는거 알아?",
    "date": "12.04.03",
    "rating": "7",
    "author": "mari****",
    "review_id": "6189888",
    "movie_id": "30822"
  },
  {
    "review": "여태껏 본 일본영화치고는 재미있었다.",
    "date": "12.03.22",
    "rating": "10",
    "author": "tkgh****",
    "review_id": "6160680",
    "movie_id": "30822"
  },
  {
    "review": "대박.대박.대박 .",
    "date": "12.03.21",
    "rating": "10",
    "author": "elxm****",
    "review_id": "6157873",
    "movie_id": "30822"
  },
  {
    "review": "그렇게 재미있지는 않으나 뭔가 교훈을 준다.",
    "date": "12.01.28",
    "rating": "7",
    "author": "ybna****",
    "review_id": "6028494",
    "movie_id": "30822"
  },
  {
    "review": "일본식 개그 코드가 안맞아서 그런가 그냥 그랬다..",
    "date": "12.01.06",
    "rating": "7",
    "author": "bung****",
    "review_id": "5964061",
    "movie_id": "30822"
  },
  {
    "review": "재밌다.",
    "date": "11.11.20",
    "rating": "8",
    "author": "hoty****",
    "review_id": "5859967",
    "movie_id": "30822"
  },
  {
    "review": "생각보다 몰입도가 높았다. 많은 사람의 인생이 담긴 좋은 영화였다.",
    "date": "11.11.14",
    "rating": "9",
    "author": "ilha****",
    "review_id": "5850289",
    "movie_id": "30822"
  },
  {
    "review": "생소한 소재와 환경에 개그코드도 안 맞지만 몰입도와 여운은 무난하다..",
    "date": "11.09.25",
    "rating": "7",
    "author": "wind****",
    "review_id": "5751326",
    "movie_id": "30822"
  },
  {
    "review": "이런건 10점줘야한다...",
    "date": "11.08.25",
    "rating": "10",
    "author": "kmhh****",
    "review_id": "5685936",
    "movie_id": "30822"
  },
  {
    "review": "점점 산으로 가는 이야기 , ㅋㅋㅋ 완전 잼있네요 , 8점이 적당한듯",
    "date": "11.06.01",
    "rating": "8",
    "author": "ll3l****",
    "review_id": "5459001",
    "movie_id": "30822"
  },
  {
    "review": "ㅋㅋㅋㅋ 재밌다 보면 후회 하지 않음 ㅋ",
    "date": "11.05.05",
    "rating": "8",
    "author": "zany****",
    "review_id": "5407332",
    "movie_id": "30822"
  },
  {
    "review": "최고.....내가 본 코메디 물중에 손에꼽힘  난 이거보고 배꼽 빠지는줄",
    "date": "11.02.17",
    "rating": "10",
    "author": "11hy****",
    "review_id": "5251398",
    "movie_id": "30822"
  },
  {
    "review": "아랫분!! 정말 괜찮은 영화 맞아요! 이런 영화 정말 최고! ^^",
    "date": "11.01.25",
    "rating": "10",
    "author": "k060****",
    "review_id": "5183520",
    "movie_id": "30822"
  },
  {
    "review": "재밌다고 추천하는 난 왜 욕먹는건지 정말 괜찮은 영화인데 십점만점",
    "date": "11.01.05",
    "rating": "10",
    "author": "mila****",
    "review_id": "5132051",
    "movie_id": "30822"
  },
  {
    "review": "이것이야 말로 숨겨진 명작!",
    "date": "11.01.02",
    "rating": "10",
    "author": "maet****",
    "review_id": "5116777",
    "movie_id": "30822"
  },
  {
    "review": "ㅋㅋ 레알 골때리네.. 일본식 개그를 알면 더욱 재밌는 영화",
    "date": "10.12.01",
    "rating": "8",
    "author": "7606****",
    "review_id": "5011137",
    "movie_id": "30822"
  },
  {
    "review": "신파 쳐바를 시간을 아껴서 갈등이나 제대로 좀 봉합해라. 화난다",
    "date": "10.11.13",
    "rating": "5",
    "author": "chen****",
    "review_id": "4956502",
    "movie_id": "30822"
  },
  {
    "review": "추억이란 이름으로 모든 과거는 아름답다고 했던가, 이 영화는 그런 부류가 아닐까",
    "date": "10.11.07",
    "rating": "6",
    "author": "kos4****",
    "review_id": "4943066",
    "movie_id": "30822"
  },
  {
    "review": "잼나요.",
    "date": "10.09.05",
    "rating": "8",
    "author": "clou****",
    "review_id": "4817592",
    "movie_id": "30822"
  },
  {
    "review": "재밌는지 모르겠습니다 ;;",
    "date": "10.08.29",
    "rating": "6",
    "author": "yyr0****",
    "review_id": "4803813",
    "movie_id": "30822"
  },
  {
    "review": "뭐가 재밋다는거냐? 지나가는 개보고도 웃을사람들이느 평점에 낚였다 ㅡㅡ",
    "date": "10.08.08",
    "rating": "1",
    "author": "ha_n****",
    "review_id": "4720803",
    "movie_id": "30822"
  },
  {
    "review": "골때리는 라디오 생방송 막나가기",
    "date": "10.08.04",
    "rating": "9",
    "author": "bbq2****",
    "review_id": "4704980",
    "movie_id": "30822"
  },
  {
    "review": "상상력과 상상력을 더한 영화..정말 재밌었음",
    "date": "10.07.14",
    "rating": "10",
    "author": "jung****",
    "review_id": "4637494",
    "movie_id": "30822"
  },
  {
    "review": "괜찮은데 좀.",
    "date": "10.07.10",
    "rating": "7",
    "author": "sirc****",
    "review_id": "4626881",
    "movie_id": "30822"
  },
  {
    "review": "유쾌한 소재선택 하지만 보는내내 일본특유의 오버연기가 좀 걸린다",
    "date": "10.07.10",
    "rating": "6",
    "author": "nbin****",
    "review_id": "4625960",
    "movie_id": "30822"
  },
  {
    "review": "완전 재밌다 새벽에 웃음소리참느라 혼났네 ㅋㅋ 웃기는 디테일을 아는 영화",
    "date": "10.07.06",
    "rating": "10",
    "author": "arbb****",
    "review_id": "4615593",
    "movie_id": "30822"
  },
  {
    "review": "너무도 유쾌한영화",
    "date": "10.06.24",
    "rating": "8",
    "author": "zzin****",
    "review_id": "4587752",
    "movie_id": "30822"
  },
  {
    "review": "10년만에 다시 봤는데 영...",
    "date": "10.05.12",
    "rating": "6",
    "author": "kusa****",
    "review_id": "4495481",
    "movie_id": "30822"
  },
  {
    "review": "진짜 잘만들었네",
    "date": "10.03.24",
    "rating": "10",
    "author": "gamj****",
    "review_id": "4382475",
    "movie_id": "30822"
  },
  {
    "review": "유쾌한 상상력 에브리바디 해피해피",
    "date": "10.03.06",
    "rating": "10",
    "author": "vine****",
    "review_id": "4338431",
    "movie_id": "30822"
  },
  {
    "review": "각본의 힘이 얼마나 대단한지 보여주는 영화",
    "date": "10.02.03",
    "rating": "8",
    "author": "seee****",
    "review_id": "4239002",
    "movie_id": "30822"
  },
  {
    "review": "재밌기도 재밌지만, 참 따뜻한 메시지가 담긴 역시 미타니 코키의 영화.",
    "date": "10.02.01",
    "rating": "9",
    "author": "enig****",
    "review_id": "4230511",
    "movie_id": "30822"
  },
  {
    "review": "재미있었습니다//",
    "date": "10.01.26",
    "rating": "10",
    "author": "rozo****",
    "review_id": "4211601",
    "movie_id": "30822"
  },
  {
    "review": "잔잔하게 또리얼하게 섬세한 일본영화",
    "date": "10.01.09",
    "rating": "10",
    "author": "happ****",
    "review_id": "4152528",
    "movie_id": "30822"
  },
  {
    "review": "썩 재밌지는 않음. 매직아워 보고 존나 웃어서 봤는데 별로..",
    "date": "09.12.24",
    "rating": "3",
    "author": "oor1****",
    "review_id": "4076499",
    "movie_id": "30822"
  },
  {
    "review": "애정물이 우주SF물로 바뀔때 웃겨 죽는줄 알았음 ㅋㅋㅋ",
    "date": "09.12.15",
    "rating": "9",
    "author": "volc****",
    "review_id": "4045725",
    "movie_id": "30822"
  },
  {
    "review": "이상하게 매력있는 영화네... ?",
    "date": "09.11.23",
    "rating": "8",
    "author": "mong****",
    "review_id": "3986400",
    "movie_id": "30822"
  },
  {
    "review": "여러번을 봐도 항상 마지막에는 눈물찔끔. 현실성이 강하지만 즐거운 영화!!:)",
    "date": "09.11.20",
    "rating": "10",
    "author": "newa****",
    "review_id": "3977181",
    "movie_id": "30822"
  },
  {
    "review": "난 존나 재밌던데? 아주 독특하고 좋은 연출이라는 생각. 무척 웃었다",
    "date": "09.11.12",
    "rating": "10",
    "author": "real****",
    "review_id": "3954246",
    "movie_id": "30822"
  },
  {
    "review": "푸핳하하핳하하하하",
    "date": "09.09.06",
    "rating": "10",
    "author": "syy2****",
    "review_id": "3814417",
    "movie_id": "30822"
  },
  {
    "review": "재밌는데 뭔가 아쉬운영화..",
    "date": "09.09.05",
    "rating": "7",
    "author": "gear****",
    "review_id": "3812406",
    "movie_id": "30822"
  },
  {
    "review": "참으로 궁상맞기도 하지만 어느새인가 내가 동화되가는 느낌",
    "date": "09.09.01",
    "rating": "10",
    "author": "kanj****",
    "review_id": "3803828",
    "movie_id": "30822"
  },
  {
    "review": "로그인하게만드네 처음엔 지루했는데 갈수록 재밌어져 ㅋㅋㅋㅋㅋㅋㅋ",
    "date": "09.08.20",
    "rating": "10",
    "author": "rhgk****",
    "review_id": "3768740",
    "movie_id": "30822"
  },
  {
    "review": "넘넘 귀엽구 깜찍한 영화 ㅎㅎ 진짜 많이 웃었삼",
    "date": "09.08.16",
    "rating": "10",
    "author": "kz13****",
    "review_id": "3756045",
    "movie_id": "30822"
  },
  {
    "review": "소박하지만 큰 울림이 있는 영화!!~!",
    "date": "09.08.09",
    "rating": "8",
    "author": "iss2****",
    "review_id": "3727096",
    "movie_id": "30822"
  },
  {
    "review": "너무나 지루한 영화.",
    "date": "09.07.09",
    "rating": "2",
    "author": "dogr****",
    "review_id": "3619095",
    "movie_id": "30822"
  },
  {
    "review": "처음으로 일본 영화가 재밌다는 걸 알게해 준",
    "date": "09.05.30",
    "rating": "10",
    "author": "tomb****",
    "review_id": "3533092",
    "movie_id": "30822"
  },
  {
    "review": "잔잔한 파도로 다가와 큰 울림을 만들어주는..",
    "date": "09.05.16",
    "rating": "8",
    "author": "blue****",
    "review_id": "3500348",
    "movie_id": "30822"
  },
  {
    "review": "유쾌하고 유쾌한 영화! 끊임없이 웃을 수밖에 없다~! 탄탄한 플롯! 완성도 높은 제작!",
    "date": "09.05.04",
    "rating": "10",
    "author": "yuki****",
    "review_id": "3469052",
    "movie_id": "30822"
  },
  {
    "review": "유쾌하면서도 웬지 씁쓸해지는 기분...제멋대로인 인간들때문에 완전 엉망징창",
    "date": "09.04.21",
    "rating": "7",
    "author": "egyp****",
    "review_id": "3433638",
    "movie_id": "30822"
  },
  {
    "review": "제한된 공간에서의 벌어지는 다양한 인간 군상",
    "date": "09.03.16",
    "rating": "6",
    "author": "deff****",
    "review_id": "3370925",
    "movie_id": "30822"
  },
  {
    "review": "웃긴다. 마지막 센본 녹코 노래까지...",
    "date": "09.03.02",
    "rating": "8",
    "author": "5292****",
    "review_id": "3343022",
    "movie_id": "30822"
  },
  {
    "review": "재밌지만 뭔가 부족했다",
    "date": "09.02.15",
    "rating": "6",
    "author": "ds91****",
    "review_id": "3305077",
    "movie_id": "30822"
  },
  {
    "review": "각본은 재기발랄하나, 초반부 지루하고 연출,편집,연기에서 약간 미흡하기도....",
    "date": "09.01.22",
    "rating": "7",
    "author": "mist****",
    "review_id": "3238885",
    "movie_id": "30822"
  },
  {
    "review": "'일본 코디미영화란 이런것이다'를 보여주는 영화",
    "date": "08.12.23",
    "rating": "10",
    "author": "hks6****",
    "review_id": "3142672",
    "movie_id": "30822"
  },
  {
    "review": "평점이 좋다고 모두가 공감할 순 없는 법, 역시나 점수란 객관적일 수밖에 없으니...",
    "date": "08.12.12",
    "rating": "7",
    "author": "zito****",
    "review_id": "3109516",
    "movie_id": "30822"
  },
  {
    "review": "인물 하나하나가 살아 있는게 정말 잘만든 영화 같아요~",
    "date": "08.12.06",
    "rating": "8",
    "author": "lpg6****",
    "review_id": "3094264",
    "movie_id": "30822"
  },
  {
    "review": "내용도 짜임새가 있고, 연출 또한 훌륭하다.",
    "date": "08.11.23",
    "rating": "8",
    "author": "dhsp****",
    "review_id": "3067021",
    "movie_id": "30822"
  },
  {
    "review": "일상의 결을 묘사하는 방법을 아는 미타니 코우키 !",
    "date": "08.11.19",
    "rating": "7",
    "author": "rose****",
    "review_id": "3060373",
    "movie_id": "30822"
  },
  {
    "review": "일본코미디 영화중에 최고.이거 재밌게 보신분은 [키사라기] 라는 영화도 강추..!!",
    "date": "08.11.19",
    "rating": "10",
    "author": "mool****",
    "review_id": "3059427",
    "movie_id": "30822"
  },
  {
    "review": "1점도 아깝다. 보는내내 욕나오는거 참고봤다. 작가의 입장은 전혀 생각하지않는거냐?",
    "date": "08.11.12",
    "rating": "1",
    "author": "neko****",
    "review_id": "3045667",
    "movie_id": "30822"
  }
]