[
  {
    "review": "이게 왜 7점씩이나 돼? 잔잔한 영화도 잔잔한 영화 나름이라고 생각합니다 중간부터 자막이 없어서 짜증날 뻔 했는데 그 즈음부터 알았습니다 이 영화는 자막이 없어도 된다 지금부터 이정재 얼굴만 보면 된다 떡밥 투성이 영화. 제목이 왜 순애보인지도 잘..",
    "date": "15.01.08",
    "rating": "2",
    "author": "0713****",
    "review_id": "9572887",
    "movie_id": "30848"
  },
  {
    "review": "지루하고 느린전개가 감독만 몰랐음 일본영화인줄 착각했을듯 싶다.",
    "date": "14.12.29",
    "rating": "7",
    "author": "a109****",
    "review_id": "9532989",
    "movie_id": "30848"
  },
  {
    "review": "10년전에 이 영화를 안 봤으면 지금 난 어떻게 지낼까  과연 지금도행복할까",
    "date": "13.08.15",
    "rating": "10",
    "author": "jung****",
    "review_id": "7886469",
    "movie_id": "30848"
  },
  {
    "review": "이정재를 관음하는 영화같다..근데 재미따",
    "date": "13.05.24",
    "rating": "10",
    "author": "tlfc****",
    "review_id": "7550963",
    "movie_id": "30848"
  },
  {
    "review": "이정재 역시 멋있다.",
    "date": "13.03.23",
    "rating": "10",
    "author": "odjs****",
    "review_id": "7401506",
    "movie_id": "30848"
  },
  {
    "review": "너무 재미없게 산다... 무기력증에서 벗어나자.. 나부터.",
    "date": "12.08.09",
    "rating": "5",
    "author": "foou****",
    "review_id": "6586212",
    "movie_id": "30848"
  },
  {
    "review": "하루키 소설 같은 구성. 왜 순애보가 제목인지 모르겠네.",
    "date": "12.07.06",
    "rating": "5",
    "author": "vaga****",
    "review_id": "6449207",
    "movie_id": "30848"
  },
  {
    "review": "좀 지루함",
    "date": "12.05.18",
    "rating": "7",
    "author": "real****",
    "review_id": "6307535",
    "movie_id": "30848"
  },
  {
    "review": "재밌있었다~~그러나 엔딩은 너무 말도 안된다...비행기에서 어캐만나니...",
    "date": "12.03.28",
    "rating": "8",
    "author": "jmsi****",
    "review_id": "6174413",
    "movie_id": "30848"
  },
  {
    "review": "다른 로맨스영화와 달리 서로가 만나게 될 계기를 보여주게 된 영화랄까...",
    "date": "11.11.15",
    "rating": "10",
    "author": "jung****",
    "review_id": "5851940",
    "movie_id": "30848"
  },
  {
    "review": "꽤 괜찮은 영화. 어릴 때 봐서 이해는 잘 안갔지만, 전체적으로 부드럽고 따뜻한 영화",
    "date": "10.12.16",
    "rating": "10",
    "author": "clfg****",
    "review_id": "5058159",
    "movie_id": "30848"
  },
  {
    "review": "너무잔잔하다는생각이들지만 좋네",
    "date": "10.10.10",
    "rating": "7",
    "author": "enia****",
    "review_id": "4894772",
    "movie_id": "30848"
  },
  {
    "review": "또봐야징.. ㅋ 영화참좋아요..",
    "date": "10.07.25",
    "rating": "10",
    "author": "reiy****",
    "review_id": "4671365",
    "movie_id": "30848"
  },
  {
    "review": "이정재 이재용 절교",
    "date": "09.12.21",
    "rating": "1",
    "author": "popc****",
    "review_id": "4067852",
    "movie_id": "30848"
  },
  {
    "review": "신선해뜸........",
    "date": "09.12.14",
    "rating": "8",
    "author": "free****",
    "review_id": "4041237",
    "movie_id": "30848"
  },
  {
    "review": "어디서 본듯한 영화 티브이에서 본듯하면서도 계속 보게되는 영화. 재미있음.",
    "date": "09.11.18",
    "rating": "8",
    "author": "seme****",
    "review_id": "3973718",
    "movie_id": "30848"
  },
  {
    "review": "오랫만에 다시봤는데.. 역시 좋다~ ^^ ost도 영화랑 잘 어울린다",
    "date": "09.08.09",
    "rating": "10",
    "author": "hcin****",
    "review_id": "3726269",
    "movie_id": "30848"
  },
  {
    "review": "내가 좋아하는 영화~",
    "date": "09.06.12",
    "rating": "10",
    "author": "kook****",
    "review_id": "3560620",
    "movie_id": "30848"
  },
  {
    "review": "good",
    "date": "09.05.08",
    "rating": "7",
    "author": "lks3****",
    "review_id": "3479047",
    "movie_id": "30848"
  },
  {
    "review": "개인적으로 엔딩이 마음에 드는 영화 하지만 너무잔잔한거아니야",
    "date": "09.03.09",
    "rating": "6",
    "author": "kite****",
    "review_id": "3357607",
    "movie_id": "30848"
  },
  {
    "review": "별점3.5점, 평작^^",
    "date": "08.12.13",
    "rating": "7",
    "author": "luth****",
    "review_id": "3111722",
    "movie_id": "30848"
  },
  {
    "review": "비겁하다. 그치만 가끔 생각난다.",
    "date": "08.07.25",
    "rating": "4",
    "author": "kkot****",
    "review_id": "2801745",
    "movie_id": "30848"
  },
  {
    "review": "커피한잔하면서 편안하게 볼수있는영화~",
    "date": "08.07.07",
    "rating": "9",
    "author": "ypal****",
    "review_id": "2746410",
    "movie_id": "30848"
  },
  {
    "review": "난 만족해",
    "date": "08.02.19",
    "rating": "10",
    "author": "tmfr****",
    "review_id": "2462383",
    "movie_id": "30848"
  },
  {
    "review": "특이한데...",
    "date": "07.10.16",
    "rating": "7",
    "author": "sisk****",
    "review_id": "2092684",
    "movie_id": "30848"
  },
  {
    "review": "두편의 한국과 일본영화를 보는듯함...기대없이 보면 상당히 재미있음",
    "date": "07.10.14",
    "rating": "9",
    "author": "cklq****",
    "review_id": "2090614",
    "movie_id": "30848"
  },
  {
    "review": "공감할 수 없는 즐거움 / Bad ↓",
    "date": "07.08.19",
    "rating": "1",
    "author": "park****",
    "review_id": "1959803",
    "movie_id": "30848"
  },
  {
    "review": "아이디 바꽈서 재투표한다. 진짜 좋은 영화다",
    "date": "07.06.17",
    "rating": "10",
    "author": "twil****",
    "review_id": "1707042",
    "movie_id": "30848"
  },
  {
    "review": "일상의 지루함, 탈출",
    "date": "07.02.04",
    "rating": "10",
    "author": "d0lb****",
    "review_id": "1443448",
    "movie_id": "30848"
  },
  {
    "review": "다치바나 미사토 알 수 없는 강력한 포스가~",
    "date": "06.11.16",
    "rating": "4",
    "author": "sadd****",
    "review_id": "1235754",
    "movie_id": "30848"
  },
  {
    "review": "안정된 정재의 연기",
    "date": "06.08.24",
    "rating": "8",
    "author": "zeed****",
    "review_id": "1073986",
    "movie_id": "30848"
  },
  {
    "review": "",
    "date": "06.08.15",
    "rating": "1",
    "author": "jwj6****",
    "review_id": "1034283",
    "movie_id": "30848"
  },
  {
    "review": "남자정혜가되어버린우인,도식적이않았지만,매듭이문제였어",
    "date": "06.06.02",
    "rating": "7",
    "author": "izzo****",
    "review_id": "828290",
    "movie_id": "30848"
  },
  {
    "review": "녹차향기 나는 영화. 쌉싸름 하지만 은은하다.",
    "date": "06.03.20",
    "rating": "10",
    "author": "mylo****",
    "review_id": "725441",
    "movie_id": "30848"
  },
  {
    "review": "순애보가 아니던데?",
    "date": "06.01.28",
    "rating": "3",
    "author": "2clo****",
    "review_id": "628477",
    "movie_id": "30848"
  },
  {
    "review": "맞물려지는 느낌을 살려주지 못한 안타까운 영화",
    "date": "06.01.22",
    "rating": "6",
    "author": "k881****",
    "review_id": "610476",
    "movie_id": "30848"
  },
  {
    "review": "김민희의 연기에 할말을 잃다. .",
    "date": "06.01.01",
    "rating": "1",
    "author": "wsm0****",
    "review_id": "550876",
    "movie_id": "30848"
  },
  {
    "review": "이해할수 없는 영화.. 내가 멍청한건가??",
    "date": "06.01.01",
    "rating": "5",
    "author": "i12b****",
    "review_id": "550823",
    "movie_id": "30848"
  },
  {
    "review": "한일 합작이 물꼬를 틀때 재밌게 봤음",
    "date": "05.12.23",
    "rating": "7",
    "author": "blue****",
    "review_id": "522620",
    "movie_id": "30848"
  },
  {
    "review": "잔잔함과 담백함이 매력인 영화",
    "date": "05.12.21",
    "rating": "9",
    "author": "blue****",
    "review_id": "519403",
    "movie_id": "30848"
  },
  {
    "review": "평범함과 지루함의 매력.",
    "date": "05.09.19",
    "rating": "9",
    "author": "eunk****",
    "review_id": "412014",
    "movie_id": "30848"
  },
  {
    "review": "은근히 여운이 남던. 지극히 평범하게 예쁜 사람들..",
    "date": "05.08.07",
    "rating": "10",
    "author": "last****",
    "review_id": "356775",
    "movie_id": "30848"
  },
  {
    "review": "따뜻한 새벽에 혼자 봤는데.. 정말 느낌이 좋은 영화였다.",
    "date": "05.06.23",
    "rating": "10",
    "author": "hong****",
    "review_id": "305146",
    "movie_id": "30848"
  },
  {
    "review": "영화자체가 큰 영화소품과 같이 느껴진다.",
    "date": "05.06.11",
    "rating": "7",
    "author": "tjsd****",
    "review_id": "297895",
    "movie_id": "30848"
  },
  {
    "review": "일본 배우가 특색있었다.",
    "date": "05.04.21",
    "rating": "9",
    "author": "path****",
    "review_id": "263434",
    "movie_id": "30848"
  },
  {
    "review": "이게 뭐야 싶으면서도 이상하게 끌리는 맛이 있다.",
    "date": "05.04.18",
    "rating": "9",
    "author": "rulu****",
    "review_id": "261744",
    "movie_id": "30848"
  },
  {
    "review": "이정재 싫어했지만 기대 이상이었고 영화 분위기가 딱 내 스타일",
    "date": "05.02.08",
    "rating": "10",
    "author": "verd****",
    "review_id": "212754",
    "movie_id": "30848"
  },
  {
    "review": "지루한 영화",
    "date": "05.02.07",
    "rating": "5",
    "author": "chki****",
    "review_id": "211564",
    "movie_id": "30848"
  },
  {
    "review": "소박하고 뭔가 말해주려는듯한 영화! 제생애 최고영화입니다.^^ 미사토짱!",
    "date": "04.11.21",
    "rating": "10",
    "author": "ykbo****",
    "review_id": "149845",
    "movie_id": "30848"
  },
  {
    "review": "쏴아~ 해져요~",
    "date": "04.11.13",
    "rating": "10",
    "author": "give****",
    "review_id": "13464",
    "movie_id": "30848"
  },
  {
    "review": "믿진 않지만 순애보적인 공유는 감탄할만큼 훌륭하다",
    "date": "04.10.29",
    "rating": "9",
    "author": "daro****",
    "review_id": "134609",
    "movie_id": "30848"
  },
  {
    "review": "억지투성안, 나의 순애보를 찾아서",
    "date": "04.10.24",
    "rating": "7",
    "author": "ssuo****",
    "review_id": "131660",
    "movie_id": "30848"
  },
  {
    "review": "지루한 억지 투성이의, 내가 본 최악의 영화 중 하나",
    "date": "04.10.20",
    "rating": "2",
    "author": "gig7****",
    "review_id": "129439",
    "movie_id": "30848"
  },
  {
    "review": "좀 어렵다 내용이  이정재의 연기는 좋았다",
    "date": "04.09.05",
    "rating": "8",
    "author": "kkek****",
    "review_id": "103044",
    "movie_id": "30848"
  },
  {
    "review": "날 성장하게 해주 최고의 영화",
    "date": "04.07.07",
    "rating": "10",
    "author": "hanf****",
    "review_id": "66478",
    "movie_id": "30848"
  },
  {
    "review": "글쎄.........모르겠다... 영화에 깊은뜻을...어렵다..",
    "date": "04.06.23",
    "rating": "7",
    "author": "this****",
    "review_id": "59445",
    "movie_id": "30848"
  }
]