[
  {
    "review": "아우~증말 이걸영화라고 오래된거감안해도 수준떨어진다",
    "date": "15.08.03",
    "rating": "1",
    "author": "ckom****",
    "review_id": "10179618",
    "movie_id": "30852"
  },
  {
    "review": "6점대 영화는 아닌 듯 한데.전체적으로 빠른 전개와 범인의 초반 공개로 몰입도는 떨어지지만 무난한 형사물.",
    "date": "14.12.14",
    "rating": "8",
    "author": "cred****",
    "review_id": "9472449",
    "movie_id": "30852"
  },
  {
    "review": "키아누가 악역인게 안어울리지만 왓쳐 제목이 너무 기억에 남아있다. 열쇠수리공?이 직업인지 너무 남의 집에 잘들어가서 대단한데 그리 멋지게 보이진 않는다.(얼굴 일찍 노출됨)그래도 현실성있고 어려운 내용이 아닌데 점수가 너무 낮아서 좀 높게 줘야겟네,",
    "date": "14.12.02",
    "rating": "9",
    "author": "hans****",
    "review_id": "9440089",
    "movie_id": "30852"
  },
  {
    "review": "이거 진짜 재미없었는데,,   그냥 지루",
    "date": "14.10.31",
    "rating": "3",
    "author": "fghy****",
    "review_id": "9330326",
    "movie_id": "30852"
  },
  {
    "review": "평점이 낮아서 진짜 그정돈가 싶어서 봣는데 나름  재밌는듯 추천합니다^^",
    "date": "14.04.22",
    "rating": "7",
    "author": "makn****",
    "review_id": "8665030",
    "movie_id": "30852"
  },
  {
    "review": "키아누 리브스가 맡은 연쇄살인마의 행동과 대사는 도저히 이해할 수 없고, 강렬함이나 두려움을 주지도 못한다. 그 외의 것들은 진부해서 기억나지도 않는다.",
    "date": "13.11.15",
    "rating": "4",
    "author": "zxc1****",
    "review_id": "8139578",
    "movie_id": "30852"
  },
  {
    "review": "대학교때 잼있게 봤었는데 평점이;",
    "date": "13.06.07",
    "rating": "10",
    "author": "tjrj****",
    "review_id": "7606592",
    "movie_id": "30852"
  },
  {
    "review": "난이거되게재밌었는데젠틀키아누가아었지만 그싸이코캐릭이 참나름러블리했다 뒤틀린애증을 망가진요원에게.....좋앗다 ㅋㅋㅋ",
    "date": "13.01.13",
    "rating": "10",
    "author": "shon****",
    "review_id": "7110172",
    "movie_id": "30852"
  },
  {
    "review": "둘다 연기는 좋은데.. 지금보는중인데도 먼가...아쉽다......6점이지만 평점조정위해 7점",
    "date": "11.09.06",
    "rating": "7",
    "author": "kyj3****",
    "review_id": "5712295",
    "movie_id": "30852"
  },
  {
    "review": "평점 왜이렇게 낮지? 그런대로 재밌던데 키아누 볼려고 봤는데 제임스가 더 좋았음,,",
    "date": "11.08.24",
    "rating": "9",
    "author": "pink****",
    "review_id": "5685160",
    "movie_id": "30852"
  },
  {
    "review": "스토리의 전개는 괜찮은 듯 하나 긴장감도 없고 너무 맥없다.",
    "date": "11.04.19",
    "rating": "4",
    "author": "sunn****",
    "review_id": "5383121",
    "movie_id": "30852"
  },
  {
    "review": "영화가 미스.",
    "date": "10.09.08",
    "rating": "4",
    "author": "dlwo****",
    "review_id": "4824314",
    "movie_id": "30852"
  },
  {
    "review": "미스 캐스팅, 키아누!",
    "date": "10.01.28",
    "rating": "5",
    "author": "bsbm****",
    "review_id": "4217686",
    "movie_id": "30852"
  },
  {
    "review": "키아누가 악역이 안어울림..차라리 제임스 연기가 좋음.내용은 킬링용타임 볼만한데요",
    "date": "10.01.22",
    "rating": "7",
    "author": "home****",
    "review_id": "4196513",
    "movie_id": "30852"
  },
  {
    "review": "키아누의 질 떨어지는 연기와 연출에도 제임스 스페이더 때문에 참고 봐줬다.",
    "date": "10.01.21",
    "rating": "4",
    "author": "fena****",
    "review_id": "4194182",
    "movie_id": "30852"
  },
  {
    "review": "키아누만 빠졌으면 참고 볼 수 있을 수준이다.",
    "date": "09.10.27",
    "rating": "3",
    "author": "pria****",
    "review_id": "3919066",
    "movie_id": "30852"
  },
  {
    "review": "영화는 하급인데 키아누 의외로 악역연기 소화하는거 보려고 봤다.키아누 형땜에 준다",
    "date": "09.07.30",
    "rating": "10",
    "author": "sype****",
    "review_id": "3685026",
    "movie_id": "30852"
  },
  {
    "review": "사랑해요 키아누",
    "date": "09.07.17",
    "rating": "10",
    "author": "rbfl****",
    "review_id": "3642049",
    "movie_id": "30852"
  },
  {
    "review": "이건 스릴러도 아니고 액션도 아니고.. 어색하다",
    "date": "09.05.03",
    "rating": "6",
    "author": "blue****",
    "review_id": "3463343",
    "movie_id": "30852"
  },
  {
    "review": "키아누리부스의 연기만으로도 충분한데? 뻔한 스토리 때문인가 이평점?!",
    "date": "09.01.28",
    "rating": "7",
    "author": "mcpd****",
    "review_id": "3256524",
    "movie_id": "30852"
  },
  {
    "review": "키아누 리브스가 나름 악역도 잘 어울리네..",
    "date": "08.12.04",
    "rating": "7",
    "author": "noxp****",
    "review_id": "3090152",
    "movie_id": "30852"
  },
  {
    "review": "악역인 키아누 리브스의 모습이 전혀 어울리지 않았고, 영화도 평균이하다.",
    "date": "08.06.19",
    "rating": "5",
    "author": "pola****",
    "review_id": "2707414",
    "movie_id": "30852"
  },
  {
    "review": "키아누에 대해 전혀 모르던 초딩시절에 봤는데...꽤나 흥미있었다는...",
    "date": "08.03.19",
    "rating": "8",
    "author": "slal****",
    "review_id": "2529513",
    "movie_id": "30852"
  },
  {
    "review": "7점짜리영환데평점이넘낮아서... 스릴넘치는데엔딩이아쉬웠다",
    "date": "08.02.18",
    "rating": "10",
    "author": "iwan****",
    "review_id": "2459818",
    "movie_id": "30852"
  },
  {
    "review": "인상 깊게 봤습니다 연기도 잘하고 싸이코 킬러 다운 모습 제대로 보여준것같아요.",
    "date": "08.02.17",
    "rating": "10",
    "author": "boch****",
    "review_id": "2453699",
    "movie_id": "30852"
  },
  {
    "review": "가끔 할리우드영화보면서 느끼는건데 총맞아도 5분지나면 옷까지 꺠긋",
    "date": "08.02.16",
    "rating": "5",
    "author": "blue****",
    "review_id": "2453313",
    "movie_id": "30852"
  },
  {
    "review": "졸음을 이기지 못하고 넉다운..",
    "date": "08.02.16",
    "rating": "3",
    "author": "evil****",
    "review_id": "2453169",
    "movie_id": "30852"
  },
  {
    "review": "평점이 왜이렇게 낮지? 비디오로 소장하고 있는 작품. 난 재밌게 봤는데!",
    "date": "08.02.16",
    "rating": "9",
    "author": "supe****",
    "review_id": "2451577",
    "movie_id": "30852"
  },
  {
    "review": "지켜 보는 것과 그것을 당하는 것, 분명한 차이가 있는건 확실해.",
    "date": "08.02.15",
    "rating": "7",
    "author": "wine****",
    "review_id": "2447834",
    "movie_id": "30852"
  },
  {
    "review": "키아누 연기땜시///",
    "date": "08.01.08",
    "rating": "10",
    "author": "fgym****",
    "review_id": "2307751",
    "movie_id": "30852"
  },
  {
    "review": "사려깊지 못한 영화.한마디로 형편없다",
    "date": "07.11.28",
    "rating": "2",
    "author": "baks****",
    "review_id": "2189997",
    "movie_id": "30852"
  },
  {
    "review": "난 재밌게봤는데 키아누리브스 멋져요",
    "date": "07.07.20",
    "rating": "10",
    "author": "sic1****",
    "review_id": "1793472",
    "movie_id": "30852"
  },
  {
    "review": "이 영화를 보려는 왓쳐(Watcher)가 없길 바란다......",
    "date": "07.07.18",
    "rating": "4",
    "author": "eulo****",
    "review_id": "1789343",
    "movie_id": "30852"
  },
  {
    "review": "할말이 없는 졸작.키아누의 열연땜에 참고 봤다.",
    "date": "07.07.18",
    "rating": "2",
    "author": "lsh1****",
    "review_id": "1787932",
    "movie_id": "30852"
  },
  {
    "review": "그렇게 막 가는 영화는 아니다",
    "date": "07.07.16",
    "rating": "5",
    "author": "deff****",
    "review_id": "1780308",
    "movie_id": "30852"
  },
  {
    "review": "키아누리브스 물려내라! 이미지 손상이다.",
    "date": "07.05.17",
    "rating": "6",
    "author": "minh****",
    "review_id": "1643164",
    "movie_id": "30852"
  },
  {
    "review": "이런 영화가 만들어 졌다니 믿기지 않는다. 제작자는 낚시가 취미인 듯.",
    "date": "07.05.07",
    "rating": "1",
    "author": "2pur****",
    "review_id": "1625915",
    "movie_id": "30852"
  },
  {
    "review": "쓰 레 기  1점이 너무 아깝다",
    "date": "07.05.04",
    "rating": "1",
    "author": "min0****",
    "review_id": "1619511",
    "movie_id": "30852"
  },
  {
    "review": "키아누의 요상스런 춤 때문에 1점",
    "date": "07.03.28",
    "rating": "1",
    "author": "lemo****",
    "review_id": "1558899",
    "movie_id": "30852"
  },
  {
    "review": "평균평점이 6점이라뉘. 조정을 위해 1점",
    "date": "07.03.17",
    "rating": "1",
    "author": "naeg****",
    "review_id": "1539663",
    "movie_id": "30852"
  },
  {
    "review": "키아누리브스왜이러니ㅜㅜ",
    "date": "07.01.15",
    "rating": "4",
    "author": "0119****",
    "review_id": "1386432",
    "movie_id": "30852"
  },
  {
    "review": "실망... 실망....",
    "date": "06.12.28",
    "rating": "4",
    "author": "ziyi****",
    "review_id": "1336036",
    "movie_id": "30852"
  },
  {
    "review": "음냥..",
    "date": "06.12.18",
    "rating": "7",
    "author": "scs0****",
    "review_id": "1302138",
    "movie_id": "30852"
  },
  {
    "review": "키아누가 아까운 영화..",
    "date": "06.10.20",
    "rating": "4",
    "author": "ahnt****",
    "review_id": "1189796",
    "movie_id": "30852"
  },
  {
    "review": "키스더걸보다 낫두만",
    "date": "06.10.14",
    "rating": "10",
    "author": "sasu****",
    "review_id": "1180740",
    "movie_id": "30852"
  },
  {
    "review": "키에누가 악역에 연기가 별로였던거 빼면 영화 자체는 재밌다",
    "date": "06.10.14",
    "rating": "10",
    "author": "2zuz****",
    "review_id": "1180727",
    "movie_id": "30852"
  },
  {
    "review": "포스엄는 연쇄살인범....",
    "date": "06.07.31",
    "rating": "4",
    "author": "reki****",
    "review_id": "950796",
    "movie_id": "30852"
  },
  {
    "review": "키아누리브스 때문에 10점, 영화는 6점",
    "date": "06.05.06",
    "rating": "10",
    "author": "psjg****",
    "review_id": "789688",
    "movie_id": "30852"
  },
  {
    "review": "TV 영화로나 적합한..악역의 키아누 리브스는 가히 최악!",
    "date": "06.04.04",
    "rating": "3",
    "author": "movi****",
    "review_id": "748005",
    "movie_id": "30852"
  },
  {
    "review": "그냥 심심풀이 정도네요.. 그리 악하지 않은 키아누..",
    "date": "06.02.19",
    "rating": "5",
    "author": "lshp****",
    "review_id": "680603",
    "movie_id": "30852"
  },
  {
    "review": "보지 마라",
    "date": "06.01.01",
    "rating": "1",
    "author": "aaal****",
    "review_id": "549164",
    "movie_id": "30852"
  },
  {
    "review": "키아누의 변신에 못따라간 연출력.",
    "date": "05.12.24",
    "rating": "6",
    "author": "blue****",
    "review_id": "524908",
    "movie_id": "30852"
  },
  {
    "review": "최악의 스릴러",
    "date": "05.12.24",
    "rating": "3",
    "author": "kws7****",
    "review_id": "524900",
    "movie_id": "30852"
  },
  {
    "review": "키아누리브스의 악역이 보고 싶다면",
    "date": "05.10.06",
    "rating": "8",
    "author": "sbg8****",
    "review_id": "435307",
    "movie_id": "30852"
  },
  {
    "review": "그다지 튀지 않는 헐리우드 액션 영화",
    "date": "05.09.21",
    "rating": "5",
    "author": "hell****",
    "review_id": "416281",
    "movie_id": "30852"
  },
  {
    "review": "스토리전개 약간만 손보면 죽일거같은데 뭔가부족하다.",
    "date": "05.08.17",
    "rating": "8",
    "author": "jeeh****",
    "review_id": "371319",
    "movie_id": "30852"
  },
  {
    "review": "키아누의 연기력은 인정 영화는 인정 못함",
    "date": "05.08.15",
    "rating": "4",
    "author": "okjo****",
    "review_id": "369020",
    "movie_id": "30852"
  },
  {
    "review": "엔딩은 영~ 꽝",
    "date": "05.07.22",
    "rating": "6",
    "author": "luca****",
    "review_id": "330474",
    "movie_id": "30852"
  },
  {
    "review": "둘의 연기는 볼만했다. 하지만 어딘가 굉장히 부족한 영화.",
    "date": "05.06.13",
    "rating": "7",
    "author": "itsy****",
    "review_id": "299227",
    "movie_id": "30852"
  },
  {
    "review": "키아누의 연기변신은 괜찮았으나 도대체 이게 영환지..",
    "date": "05.04.28",
    "rating": "3",
    "author": "si2p****",
    "review_id": "267621",
    "movie_id": "30852"
  },
  {
    "review": "비디오가게주인이 비추하는영화1위라든데..저해에..",
    "date": "05.04.21",
    "rating": "6",
    "author": "pkn7****",
    "review_id": "263884",
    "movie_id": "30852"
  },
  {
    "review": "what do you want? it's you. 끝이 좀 허무",
    "date": "05.02.28",
    "rating": "9",
    "author": "ryuc****",
    "review_id": "232558",
    "movie_id": "30852"
  },
  {
    "review": "키아누의 매력이 오랫동안 남아 기억되는 영화",
    "date": "05.02.27",
    "rating": "7",
    "author": "leon****",
    "review_id": "231270",
    "movie_id": "30852"
  },
  {
    "review": "키아누는 정말 작품선택을 하는 눈이 낮다.",
    "date": "05.02.15",
    "rating": "4",
    "author": "jcr3****",
    "review_id": "220694",
    "movie_id": "30852"
  },
  {
    "review": "키아누가 조연을 맡은건 색다른 시도이다.",
    "date": "05.01.07",
    "rating": "10",
    "author": "gusw****",
    "review_id": "179411",
    "movie_id": "30852"
  },
  {
    "review": "짜임새가 치밀하지 못하고.. 좀 별로다;",
    "date": "04.12.06",
    "rating": "6",
    "author": "dlsk****",
    "review_id": "157957",
    "movie_id": "30852"
  },
  {
    "review": "미스캐스팅에 구멍 숭숭 시나리오..초점없이 헤매는 초짜감독..",
    "date": "04.10.26",
    "rating": "3",
    "author": "thin****",
    "review_id": "133267",
    "movie_id": "30852"
  },
  {
    "review": "뭔가가 부족한 영화",
    "date": "04.07.31",
    "rating": "7",
    "author": "jjuk****",
    "review_id": "80319",
    "movie_id": "30852"
  },
  {
    "review": "흥미는 있음",
    "date": "04.07.11",
    "rating": "8",
    "author": "euns****",
    "review_id": "68967",
    "movie_id": "30852"
  },
  {
    "review": "킬링타임용으론.. 볼만하지만..-_-",
    "date": "04.06.18",
    "rating": "8",
    "author": "akfl****",
    "review_id": "56055",
    "movie_id": "30852"
  },
  {
    "review": "제임스..너무 좋아 .영화는 그냥 그래-_-",
    "date": "04.02.23",
    "rating": "7",
    "author": "kym_****",
    "review_id": "23063",
    "movie_id": "30852"
  },
  {
    "review": "악역을 보고 반해버린건 첨이다.",
    "date": "04.02.01",
    "rating": "5",
    "author": "wkdg****",
    "review_id": "14923",
    "movie_id": "30852"
  },
  {
    "review": "키아누 리브스의 연기가 좋았지만 마지막이 허무해서...",
    "date": "04.02.01",
    "rating": "7",
    "author": "iiii****",
    "review_id": "14822",
    "movie_id": "30852"
  },
  {
    "review": "키아누 리브스의 연기가 정말 환상적이다",
    "date": "04.02.01",
    "rating": "10",
    "author": "yell****",
    "review_id": "14819",
    "movie_id": "30852"
  },
  {
    "review": "범죄자(키아누리브스)의 생생한 심리가 잘 전달되었다.",
    "date": "04.02.01",
    "rating": "7",
    "author": "mury****",
    "review_id": "14809",
    "movie_id": "30852"
  },
  {
    "review": "재미 무지없었다.공짜로 다시보라고해도 안 봄.",
    "date": "03.11.24",
    "rating": "3",
    "author": "newt****",
    "review_id": "223",
    "movie_id": "30852"
  },
  {
    "review": "약간의 팽팽한 긴장감은 영화를 재밋게함",
    "date": "03.11.21",
    "rating": "7",
    "author": "jang****",
    "review_id": "45",
    "movie_id": "30852"
  }
]