[
  {
    "review": "스피드한 진행과 총격전 인상적입니다",
    "date": "15.01.05",
    "rating": "10",
    "author": "hjyk****",
    "review_id": "9563576",
    "movie_id": "30854"
  },
  {
    "review": "총격전 연출은 최고 수준.",
    "date": "15.01.02",
    "rating": "10",
    "author": "kero****",
    "review_id": "9553856",
    "movie_id": "30854"
  },
  {
    "review": "기대 없이  정보  없이   봤지만  재밌는  영화보고나서  감독 확인전  까진   코엔형제   영화인줄알았다는.",
    "date": "14.02.03",
    "rating": "9",
    "author": "royf****",
    "review_id": "8469990",
    "movie_id": "30854"
  },
  {
    "review": "유주얼서스펙트 작가가 연출을 맡았다는거 빼고는 아무 연관이 없다. 아무런 반전없이 흘러간다. 반전이 없다는것이 반전인듯;;;; 실감나면서도 아기자기한 재미가 있는 총격신은 장점. 스토리전개가 어수선하다는것은 아쉽다",
    "date": "13.07.14",
    "rating": "7",
    "author": "lwj0****",
    "review_id": "7739476",
    "movie_id": "30854"
  },
  {
    "review": "한 10여년전에 극장에서 졸면서 봤던 기억이 나네.",
    "date": "12.08.19",
    "rating": "4",
    "author": "lwkk****",
    "review_id": "6624335",
    "movie_id": "30854"
  },
  {
    "review": "자막만 괜찮았더라도 6점은 줬을텐데..",
    "date": "10.10.16",
    "rating": "4",
    "author": "ykm3****",
    "review_id": "4904768",
    "movie_id": "30854"
  },
  {
    "review": "추악한 부자의 대리모를 납치한 겁 없는 삼류 건달의 본의 아닌 선행.",
    "date": "10.10.03",
    "rating": "6",
    "author": "caca****",
    "review_id": "4882341",
    "movie_id": "30854"
  },
  {
    "review": "뭐야??라는 말 밖에는...",
    "date": "10.06.22",
    "rating": "1",
    "author": "ilik****",
    "review_id": "4585328",
    "movie_id": "30854"
  },
  {
    "review": "장동건은 재밌다했는데 난 재미없었음.",
    "date": "09.08.19",
    "rating": "6",
    "author": "eqwa****",
    "review_id": "3768135",
    "movie_id": "30854"
  },
  {
    "review": "액션은 특이하다",
    "date": "09.07.14",
    "rating": "7",
    "author": "cont****",
    "review_id": "3630727",
    "movie_id": "30854"
  },
  {
    "review": "굿무비...하지만 접근성이 부족한..",
    "date": "09.07.11",
    "rating": "10",
    "author": "wood****",
    "review_id": "3625400",
    "movie_id": "30854"
  },
  {
    "review": "제왕절개 수술 중에 총격전이라니..",
    "date": "07.12.29",
    "rating": "7",
    "author": "logo****",
    "review_id": "2276810",
    "movie_id": "30854"
  },
  {
    "review": "미치도록보고싶었던영화인데,잠안자고새벽까지본거완전후회",
    "date": "07.02.12",
    "rating": "5",
    "author": "ipur****",
    "review_id": "1465229",
    "movie_id": "30854"
  },
  {
    "review": "총격씬 굳, 내용 암것도 없음.. 그냥 총만 쏴.",
    "date": "07.01.24",
    "rating": "3",
    "author": "rest****",
    "review_id": "1411376",
    "movie_id": "30854"
  },
  {
    "review": "주연배우 둘때문에 봤지만 배우가 영화 만드는게 아님..",
    "date": "06.07.26",
    "rating": "4",
    "author": "saru****",
    "review_id": "924373",
    "movie_id": "30854"
  },
  {
    "review": "사실적인 액션 괜찮은영화",
    "date": "06.07.26",
    "rating": "8",
    "author": "777u****",
    "review_id": "923338",
    "movie_id": "30854"
  },
  {
    "review": "페킨파와 타란티노에게 바치는 오마주인가?",
    "date": "06.07.17",
    "rating": "6",
    "author": "movi****",
    "review_id": "899190",
    "movie_id": "30854"
  },
  {
    "review": "보다 말았다...",
    "date": "06.07.16",
    "rating": "6",
    "author": "pseu****",
    "review_id": "895000",
    "movie_id": "30854"
  },
  {
    "review": "잼 없네...",
    "date": "06.06.10",
    "rating": "5",
    "author": "jjis****",
    "review_id": "839074",
    "movie_id": "30854"
  },
  {
    "review": "아무나 보는 영화가 아니군... 총소리들으면 잠 잤다.",
    "date": "06.06.06",
    "rating": "4",
    "author": "lshp****",
    "review_id": "833703",
    "movie_id": "30854"
  },
  {
    "review": "어둡지 않은 범죄영화~",
    "date": "06.04.29",
    "rating": "7",
    "author": "brig****",
    "review_id": "780138",
    "movie_id": "30854"
  },
  {
    "review": "역시 델토로으 연기는 ㅠ_ㅠ 멋져요!",
    "date": "06.02.18",
    "rating": "10",
    "author": "ange****",
    "review_id": "677519",
    "movie_id": "30854"
  },
  {
    "review": "멍청한 총싸움만 가득한영화",
    "date": "05.12.28",
    "rating": "3",
    "author": "kws7****",
    "review_id": "534099",
    "movie_id": "30854"
  },
  {
    "review": "매니아들만 재밌게 볼듯",
    "date": "05.08.17",
    "rating": "4",
    "author": "okjo****",
    "review_id": "371229",
    "movie_id": "30854"
  },
  {
    "review": "두남자주인공 묘하게 어울리는것이..^^",
    "date": "04.12.14",
    "rating": "10",
    "author": "appl****",
    "review_id": "162373",
    "movie_id": "30854"
  },
  {
    "review": "하드한 총격전!! 베네치오 짱!",
    "date": "04.11.14",
    "rating": "10",
    "author": "sssj****",
    "review_id": "145373",
    "movie_id": "30854"
  },
  {
    "review": "메세지는 약하지만 사실적 총격씬과 콤비플레이는 건액션 매니아라면 볼만함.",
    "date": "04.09.07",
    "rating": "9",
    "author": "jung****",
    "review_id": "104296",
    "movie_id": "30854"
  },
  {
    "review": "최고의 총격씬을 만나보세요~ 라이언 필립에 가린 델 토로 ^^",
    "date": "04.09.05",
    "rating": "10",
    "author": "cat1****",
    "review_id": "103362",
    "movie_id": "30854"
  },
  {
    "review": "후반부에 답답함을 무엇으로 표현할까..좋아하는배우들이 나와서 기대했건만.",
    "date": "04.06.20",
    "rating": "6",
    "author": "hanm****",
    "review_id": "57264",
    "movie_id": "30854"
  },
  {
    "review": "재미있게 볼 수 있는 영화. 라스트가 별로라고 생각되지만..",
    "date": "04.05.29",
    "rating": "6",
    "author": "kiss****",
    "review_id": "47214",
    "movie_id": "30854"
  },
  {
    "review": "한번 봐보세요. 재미있습니다. 베네치오 델 토로의 연기가 맘에 드네요^^",
    "date": "04.05.25",
    "rating": "7",
    "author": "eunv****",
    "review_id": "45852",
    "movie_id": "30854"
  }
]