[
  {
    "review": "내시간 돌려줘  진짜 재미없네 ㅠㅠ",
    "date": "15.08.14",
    "rating": "1",
    "author": "8527****",
    "review_id": "10226980",
    "movie_id": "30861"
  },
  {
    "review": "8점대까지 올려봅시다 거 ㅋㅋㅋ",
    "date": "15.08.07",
    "rating": "10",
    "author": "cidd****",
    "review_id": "10198097",
    "movie_id": "30861"
  },
  {
    "review": "생각없이  유쾌하게 본 영화,  당시의  시대상도  알수있음.  그러나 지금  인터넷으로 돌아다니는  파일들은  25분 정도  짤린것들이니  제대로 보려면  비디오로 보길.",
    "date": "15.08.07",
    "rating": "10",
    "author": "lily****",
    "review_id": "10197897",
    "movie_id": "30861"
  },
  {
    "review": "보면볼수록 기분나쁜 영화.. 웃음이 최고니...개념썩은 놈들... OO 대한민국 국민성 진짜  OO네",
    "date": "15.05.30",
    "rating": "1",
    "author": "save****",
    "review_id": "9961219",
    "movie_id": "30861"
  },
  {
    "review": "황당하지만 쓴웃음이 지어지는 씁쓸한 블랙 코미디 영화. 이범수의 사투리 연기 인상적임. 그리고 조용한 가족의 출연진들이 마지막에 특별출연하여 기억에 남음",
    "date": "15.02.14",
    "rating": "2",
    "author": "jjaj****",
    "review_id": "9694297",
    "movie_id": "30861"
  },
  {
    "review": "이거 진짜 웃김..  아직도 기억난다 떡 먹고 죽는 장면...ㅋㅋ",
    "date": "15.01.26",
    "rating": "9",
    "author": "adiv****",
    "review_id": "9637732",
    "movie_id": "30861"
  },
  {
    "review": "당시에는 유머와 경고적인 메세지로 영화를 만들었겠지만, 현재는 보험사기가 큰 문제로 대두되고 있는 시점에서 어떻게 생각할까. 영화는 재밌다. 안석환의 걸걸한 목소리와 이범수의 바보연기가 굿",
    "date": "15.01.04",
    "rating": "8",
    "author": "yong****",
    "review_id": "9559557",
    "movie_id": "30861"
  },
  {
    "review": "그냥 저냥  볼만했음, ㅋ",
    "date": "14.11.19",
    "rating": "6",
    "author": "fghy****",
    "review_id": "9400327",
    "movie_id": "30861"
  },
  {
    "review": "광태라는 강적이 등장하는 약 20여분의 짧은 시간이 그나마 이 영화에서 건질 수 있는 재미.",
    "date": "14.10.29",
    "rating": "3",
    "author": "gray****",
    "review_id": "9326590",
    "movie_id": "30861"
  },
  {
    "review": "시대의 흐름을 잘 읽은 불랙코미디~~",
    "date": "14.10.12",
    "rating": "7",
    "author": "69dl****",
    "review_id": "9287759",
    "movie_id": "30861"
  },
  {
    "review": "생각보다 재미있네요! 라면된다! ^^",
    "date": "14.10.02",
    "rating": "9",
    "author": "clou****",
    "review_id": "9254161",
    "movie_id": "30861"
  },
  {
    "review": "마지막에 정준 vs 조용한 가족 ㅋㅋ",
    "date": "14.09.01",
    "rating": "8",
    "author": "guse****",
    "review_id": "9153264",
    "movie_id": "30861"
  },
  {
    "review": "그 시절 저런류의 영화들이 참 재미있었지...",
    "date": "14.08.27",
    "rating": "7",
    "author": "yero****",
    "review_id": "9137664",
    "movie_id": "30861"
  },
  {
    "review": "어렷을적 라면된다라고읽던 그장면이 아직도생생ㅋㅋ",
    "date": "14.07.20",
    "rating": "10",
    "author": "kp20****",
    "review_id": "8936339",
    "movie_id": "30861"
  },
  {
    "review": "블랙코미디의 '평균적'인 모범생 같은 영화",
    "date": "14.06.26",
    "rating": "8",
    "author": "jsyb****",
    "review_id": "8856364",
    "movie_id": "30861"
  },
  {
    "review": "명대사 : 대철아~~ 아유 오줌마려워~~ ㅋㅋ OO이 지나도 못 잊는다",
    "date": "14.06.24",
    "rating": "10",
    "author": "lets****",
    "review_id": "8851364",
    "movie_id": "30861"
  },
  {
    "review": "지금 보니까 그냥 그렇네..",
    "date": "14.03.17",
    "rating": "6",
    "author": "qkqh****",
    "review_id": "8583256",
    "movie_id": "30861"
  },
  {
    "review": "엽기적인  코미디 블랙  코미디. 마지막 장면은 깜짝 놀랄 반전. 그런데 그 반전을 잘 살리지 못해서 아쉬움. 특별한 의미를 부여하지 않고 볼만한 그런 영화.",
    "date": "14.02.07",
    "rating": "6",
    "author": "inth****",
    "review_id": "8484999",
    "movie_id": "30861"
  },
  {
    "review": "몽룡이 아버지 여기도나오시네",
    "date": "13.12.02",
    "rating": "7",
    "author": "kimc****",
    "review_id": "8185446",
    "movie_id": "30861"
  },
  {
    "review": "웃긴거에 비해 평점이 너무 낮네요",
    "date": "13.08.13",
    "rating": "10",
    "author": "sang****",
    "review_id": "7875948",
    "movie_id": "30861"
  },
  {
    "review": "말 그대로 엽기코믹버스터",
    "date": "13.06.17",
    "rating": "4",
    "author": "eyeb****",
    "review_id": "7652042",
    "movie_id": "30861"
  },
  {
    "review": "꽤 재미있었음",
    "date": "13.06.03",
    "rating": "7",
    "author": "gneg****",
    "review_id": "7575911",
    "movie_id": "30861"
  },
  {
    "review": "이범수 쬴라 골깐다 이영화에서 단연 돋보인다 조연이지만ㅋㅋ 생각없이 보면 되는영화 ㅋㅋ",
    "date": "13.03.13",
    "rating": "10",
    "author": "hth0****",
    "review_id": "7344687",
    "movie_id": "30861"
  },
  {
    "review": "그냥저냥 볼만 합니다. 한 6..6~6.7점 주고 싶은데 반올림해서 7점 주고 갑니다.",
    "date": "13.02.20",
    "rating": "7",
    "author": "devo****",
    "review_id": "7284370",
    "movie_id": "30861"
  },
  {
    "review": "예전에 재밌게 봣던 기억이 ㅎ",
    "date": "12.03.27",
    "rating": "8",
    "author": "mong****",
    "review_id": "6171956",
    "movie_id": "30861"
  },
  {
    "review": "정말 웃긴 영화.",
    "date": "12.02.02",
    "rating": "10",
    "author": "odjs****",
    "review_id": "6045992",
    "movie_id": "30861"
  },
  {
    "review": "아무리 10년전이라도 너무 작위적.. 안석환 빼고는 연기도 별로..",
    "date": "11.10.27",
    "rating": "4",
    "author": "ykm3****",
    "review_id": "5813235",
    "movie_id": "30861"
  },
  {
    "review": "참신한 발상이 돋보이는 영화.. 보험 소재로 재미있게 표현한 영화 아닌가 싶다.",
    "date": "11.10.11",
    "rating": "10",
    "author": "eogu****",
    "review_id": "5783954",
    "movie_id": "30861"
  },
  {
    "review": "말도안되는 스토리지만 재밌고 박진희 너무예쁨",
    "date": "11.09.07",
    "rating": "9",
    "author": "mild****",
    "review_id": "5713955",
    "movie_id": "30861"
  },
  {
    "review": "진짜 재밌다! ㅋㅋ",
    "date": "11.08.13",
    "rating": "10",
    "author": "ungi****",
    "review_id": "5644610",
    "movie_id": "30861"
  },
  {
    "review": "예전에 진짜 재미있게봤음 ㅋㅋ",
    "date": "11.08.13",
    "rating": "9",
    "author": "gk11****",
    "review_id": "5644299",
    "movie_id": "30861"
  },
  {
    "review": "코믹호러라서 평점이 낮은거 같은데...  상당한 수작",
    "date": "11.04.27",
    "rating": "9",
    "author": "kesk****",
    "review_id": "5394459",
    "movie_id": "30861"
  },
  {
    "review": "이범수의 코믹장면만 잼있었음^^. 근데 역활이 짧았음...",
    "date": "11.03.14",
    "rating": "10",
    "author": "kjhz****",
    "review_id": "5312869",
    "movie_id": "30861"
  },
  {
    "review": "우리가누구여.. 용일공고 선반부아녀임마아..............",
    "date": "11.03.03",
    "rating": "10",
    "author": "wkdg****",
    "review_id": "5291894",
    "movie_id": "30861"
  },
  {
    "review": "이범수 ㅋㅋ 옛날에 재밌게봤음",
    "date": "11.02.17",
    "rating": "8",
    "author": "rudd****",
    "review_id": "5250947",
    "movie_id": "30861"
  },
  {
    "review": "모든점에서 평균 이상은 되는 영화.",
    "date": "11.02.06",
    "rating": "8",
    "author": "jiyu****",
    "review_id": "5222378",
    "movie_id": "30861"
  },
  {
    "review": "아하하 정말 재밋었지",
    "date": "10.12.11",
    "rating": "8",
    "author": "spid****",
    "review_id": "5045476",
    "movie_id": "30861"
  },
  {
    "review": "두발로 선 개떼들의 향연이 벌어진다 아아아ㅏㅏㅏ 개가개를 먹는도다~ 블랙코미디 굿",
    "date": "10.11.09",
    "rating": "10",
    "author": "lemo****",
    "review_id": "4947351",
    "movie_id": "30861"
  },
  {
    "review": "이영화 벌써 나온지 10년째네.. 그래도 생각해보면 진짜 웃긴 영화..",
    "date": "10.11.01",
    "rating": "10",
    "author": "flyh****",
    "review_id": "4932180",
    "movie_id": "30861"
  },
  {
    "review": "정병환님 연기에 완전 반했던 영화, 이범수랑 박진희가 나왔었네. 10년 뒤 자이언트.",
    "date": "10.10.28",
    "rating": "10",
    "author": "char****",
    "review_id": "4924631",
    "movie_id": "30861"
  },
  {
    "review": "진짜 한국코메디영화중 제일 집중하며 봤던영화 요즘엔왜이런게안나오는지멀라.",
    "date": "10.06.29",
    "rating": "10",
    "author": "he_r****",
    "review_id": "4598508",
    "movie_id": "30861"
  },
  {
    "review": "이런게 바로 코믹이지 ㅋㅋㅋㅋㅋㅋㅋ",
    "date": "10.06.04",
    "rating": "10",
    "author": "badb****",
    "review_id": "4544060",
    "movie_id": "30861"
  },
  {
    "review": "가볍지만 있을법한 보험사기 코미디....",
    "date": "10.01.11",
    "rating": "10",
    "author": "bajj****",
    "review_id": "4157883",
    "movie_id": "30861"
  },
  {
    "review": "조금 어색하고, 무리수를 두는 장면 또한 많지만, 시간 버릴 때 보면 꽤 웃긴 영화",
    "date": "09.11.21",
    "rating": "5",
    "author": "imf0****",
    "review_id": "3979460",
    "movie_id": "30861"
  },
  {
    "review": "10년전에 보나 지금보나 똑같이 유쾌하고 엽기적인 콩가루집안 이야기..이범수 짱ㅋㅋ",
    "date": "09.09.11",
    "rating": "10",
    "author": "wlgm****",
    "review_id": "3823509",
    "movie_id": "30861"
  },
  {
    "review": "왜 이게 7점대 영화지? 진짜 재밌는데 ㅋㅋㅋㅋ 아저씨 연기 완전 최고",
    "date": "09.07.31",
    "rating": "10",
    "author": "xlzm****",
    "review_id": "3689766",
    "movie_id": "30861"
  },
  {
    "review": "정말 재밋었는데,... 벌써 9년이나 지났구나...",
    "date": "09.07.17",
    "rating": "10",
    "author": "kwan****",
    "review_id": "3641757",
    "movie_id": "30861"
  },
  {
    "review": "코미디 영화라도 연기가 어색하고 작위적인 느낌이 많이 들어서 점수 많이 못주겠네요",
    "date": "09.07.07",
    "rating": "6",
    "author": "mook****",
    "review_id": "3616049",
    "movie_id": "30861"
  },
  {
    "review": "웃기다 ㅋㅋㅋㅋㅋㅋㅋ 박진희 정말 이쁘다 ㅋㅋ",
    "date": "09.05.28",
    "rating": "7",
    "author": "iss2****",
    "review_id": "3528276",
    "movie_id": "30861"
  },
  {
    "review": "아 이거 보고 엄청 웃었는뎈ㅋㅋㅋㅋ",
    "date": "09.04.15",
    "rating": "8",
    "author": "adoa****",
    "review_id": "3422239",
    "movie_id": "30861"
  },
  {
    "review": "볼만했음",
    "date": "09.01.27",
    "rating": "8",
    "author": "jkh0****",
    "review_id": "3255823",
    "movie_id": "30861"
  },
  {
    "review": "정말 제대로 센세이션 코메디 쵝오",
    "date": "08.12.12",
    "rating": "10",
    "author": "chlt****",
    "review_id": "3109041",
    "movie_id": "30861"
  },
  {
    "review": "생각없이 웃긴영화 ㅋㅋㅋㅋ....보는내내 웃겨죽는줄알았다 완전 킹왕짱 ㅋㅋㅋㅋㅋ",
    "date": "08.11.28",
    "rating": "10",
    "author": "2233****",
    "review_id": "3078035",
    "movie_id": "30861"
  },
  {
    "review": "무지 웃깁니다. ㅎㅎㅎ 박지희 짱~ 알랴뷰~ ^0^/",
    "date": "08.11.22",
    "rating": "10",
    "author": "popo****",
    "review_id": "3065327",
    "movie_id": "30861"
  },
  {
    "review": "만점짜리 한국 최고의 코미디 영화!",
    "date": "08.11.21",
    "rating": "10",
    "author": "ggam****",
    "review_id": "3063191",
    "movie_id": "30861"
  },
  {
    "review": "한국에 몇안되는 엽기코미디..하지만 비추!",
    "date": "08.10.10",
    "rating": "5",
    "author": "bboj****",
    "review_id": "2992055",
    "movie_id": "30861"
  },
  {
    "review": "이범수.. 젊구나 젊어 .. 하긴 8년전이니 ..",
    "date": "08.08.27",
    "rating": "10",
    "author": "pipo****",
    "review_id": "2906467",
    "movie_id": "30861"
  },
  {
    "review": "재밌게 봤었다",
    "date": "08.07.31",
    "rating": "10",
    "author": "ytk3****",
    "review_id": "2820643",
    "movie_id": "30861"
  },
  {
    "review": "이만큼이면 된다.",
    "date": "08.01.14",
    "rating": "7",
    "author": "tori****",
    "review_id": "2330095",
    "movie_id": "30861"
  },
  {
    "review": "일단 웃기기엔 나름 성공했다",
    "date": "08.01.06",
    "rating": "8",
    "author": "engm****",
    "review_id": "2301633",
    "movie_id": "30861"
  },
  {
    "review": "이정도면 코믹영화중에선 상위권에듬....",
    "date": "08.01.04",
    "rating": "8",
    "author": "skys****",
    "review_id": "2295706",
    "movie_id": "30861"
  },
  {
    "review": "부조리한 세태와 돌고 도는 인생을 썩 유쾌하게 그려내진 못했어.",
    "date": "07.12.03",
    "rating": "4",
    "author": "paci****",
    "review_id": "2202426",
    "movie_id": "30861"
  },
  {
    "review": "그닥이던데;;",
    "date": "07.11.19",
    "rating": "7",
    "author": "pksj****",
    "review_id": "2165130",
    "movie_id": "30861"
  },
  {
    "review": "이 영화... 왜 흥행을 못봤을까... 빛을 보지 못한 '명'코미디영화",
    "date": "07.11.13",
    "rating": "10",
    "author": "djzo****",
    "review_id": "2148421",
    "movie_id": "30861"
  },
  {
    "review": "재미있다. 웃기고 알차다~!",
    "date": "07.11.12",
    "rating": "8",
    "author": "pine****",
    "review_id": "2147987",
    "movie_id": "30861"
  },
  {
    "review": "금전만능주의의 시대 유감을 꼬집으면서도 사정 보지 않고 웃겨주는 지대코미디",
    "date": "07.11.01",
    "rating": "10",
    "author": "kism****",
    "review_id": "2125576",
    "movie_id": "30861"
  },
  {
    "review": "이거 진짜 재밌는데!!!!!!!!!!!!!ㅋㅋㅋ",
    "date": "07.09.21",
    "rating": "10",
    "author": "ctae****",
    "review_id": "2035925",
    "movie_id": "30861"
  },
  {
    "review": "그나마` 괜찬은 코미디",
    "date": "07.09.18",
    "rating": "7",
    "author": "golt****",
    "review_id": "2028599",
    "movie_id": "30861"
  },
  {
    "review": "꽤 웃겼어~",
    "date": "07.09.15",
    "rating": "7",
    "author": "fjds****",
    "review_id": "2021812",
    "movie_id": "30861"
  },
  {
    "review": "그때 흥미진진하게 봤었지.",
    "date": "07.09.11",
    "rating": "8",
    "author": "gkfq****",
    "review_id": "2014257",
    "movie_id": "30861"
  },
  {
    "review": "꽤 웃긴 보험 사기극...이범수 정말 꼴보기 싫었죠 ㅋㅋ",
    "date": "07.08.11",
    "rating": "8",
    "author": "typo****",
    "review_id": "1919517",
    "movie_id": "30861"
  },
  {
    "review": "범수아니엿으면누가저역을소화할까!연기진짜잘햇다~~♥",
    "date": "07.07.28",
    "rating": "10",
    "author": "fkfk****",
    "review_id": "1817387",
    "movie_id": "30861"
  },
  {
    "review": "이범수가 살려준 작품. 각본의 기발함이 매력적",
    "date": "07.07.16",
    "rating": "7",
    "author": "lsh1****",
    "review_id": "1780733",
    "movie_id": "30861"
  },
  {
    "review": "이범수 때메 7점",
    "date": "07.06.25",
    "rating": "7",
    "author": "ukhk****",
    "review_id": "1719614",
    "movie_id": "30861"
  },
  {
    "review": "하면 되지만, 안 한것 같은데?....",
    "date": "07.05.16",
    "rating": "3",
    "author": "skat****",
    "review_id": "1641422",
    "movie_id": "30861"
  },
  {
    "review": "당시 꽤 웃겼던 코미디...이범수의 코믹연기 좋았음",
    "date": "07.05.16",
    "rating": "8",
    "author": "sbrl****",
    "review_id": "1641308",
    "movie_id": "30861"
  },
  {
    "review": "정말 재밋게 봣던..이범수는 역시 천의얼굴의 배우다.",
    "date": "07.03.17",
    "rating": "10",
    "author": "zini****",
    "review_id": "1538351",
    "movie_id": "30861"
  },
  {
    "review": "이 정도면 치밀하다, 보험사기 단계단계를 끝까지 올려부치기",
    "date": "07.03.03",
    "rating": "10",
    "author": "anne****",
    "review_id": "1515531",
    "movie_id": "30861"
  },
  {
    "review": "어렸을때 봤는데ㅋㅋ 내용은 다 기억난다는.. 마지막에 웃겨 디지는줄알았다",
    "date": "07.02.21",
    "rating": "9",
    "author": "zan9****",
    "review_id": "1492038",
    "movie_id": "30861"
  },
  {
    "review": "ㅋㅋㅋ 웃다 감기걸렸다",
    "date": "07.01.26",
    "rating": "10",
    "author": "baba****",
    "review_id": "1414979",
    "movie_id": "30861"
  },
  {
    "review": "나름대로 웃기다... 이범수 사투리 연기 최고.. ^^",
    "date": "07.01.11",
    "rating": "7",
    "author": "self****",
    "review_id": "1373757",
    "movie_id": "30861"
  },
  {
    "review": "생각보다 웃긴...라면된다;;",
    "date": "07.01.07",
    "rating": "3",
    "author": "ppp0****",
    "review_id": "1364902",
    "movie_id": "30861"
  },
  {
    "review": "그냥 웃고 즐기기엔 무리가 없는 영화",
    "date": "06.12.29",
    "rating": "7",
    "author": "nala****",
    "review_id": "1339878",
    "movie_id": "30861"
  },
  {
    "review": "2000년도에 찍었는데, 수준은 영구와 땡칠이. 어쩜좋으니.",
    "date": "06.10.31",
    "rating": "2",
    "author": "bboi****",
    "review_id": "1209010",
    "movie_id": "30861"
  },
  {
    "review": "\"어이없고웃기기만영화가다가아닌,내내감독의메세지가보였다\"",
    "date": "06.10.27",
    "rating": "7",
    "author": "holy****",
    "review_id": "1200831",
    "movie_id": "30861"
  },
  {
    "review": "난 되게 웃기던데",
    "date": "06.10.15",
    "rating": "9",
    "author": "dlaw****",
    "review_id": "1181477",
    "movie_id": "30861"
  },
  {
    "review": "나름 웃기던데 박상면 잼있어서",
    "date": "06.10.04",
    "rating": "6",
    "author": "shai****",
    "review_id": "1160743",
    "movie_id": "30861"
  },
  {
    "review": "5점짜리",
    "date": "06.10.02",
    "rating": "5",
    "author": "dudf****",
    "review_id": "1154384",
    "movie_id": "30861"
  },
  {
    "review": "어쩌다보면 안 될때도 가끔 있어.",
    "date": "06.08.29",
    "rating": "6",
    "author": "psyc****",
    "review_id": "1087674",
    "movie_id": "30861"
  },
  {
    "review": "난 이 영화에 만족한다.",
    "date": "06.08.23",
    "rating": "8",
    "author": "jaeh****",
    "review_id": "1070168",
    "movie_id": "30861"
  },
  {
    "review": "엽기적으로 웃겨 ㅋㅋㅋ",
    "date": "06.08.20",
    "rating": "9",
    "author": "daey****",
    "review_id": "1060106",
    "movie_id": "30861"
  },
  {
    "review": "블랙이면 확실하게 블랙으로 나가야지",
    "date": "06.08.09",
    "rating": "2",
    "author": "okjo****",
    "review_id": "988839",
    "movie_id": "30861"
  },
  {
    "review": "아까운영화죠.재밌는데...개그프로같은느낌",
    "date": "06.06.16",
    "rating": "10",
    "author": "play****",
    "review_id": "845958",
    "movie_id": "30861"
  },
  {
    "review": "솔직히 좀 어의없는 부분이 많았지만 웃기긴 했다",
    "date": "06.05.27",
    "rating": "7",
    "author": "woq_****",
    "review_id": "818247",
    "movie_id": "30861"
  },
  {
    "review": "찹쌀떡 먹고 죽는거 완전웃겨",
    "date": "06.05.12",
    "rating": "8",
    "author": "coco****",
    "review_id": "797157",
    "movie_id": "30861"
  },
  {
    "review": "그냥 그냥 볼만함",
    "date": "06.03.29",
    "rating": "7",
    "author": "drls****",
    "review_id": "739530",
    "movie_id": "30861"
  },
  {
    "review": "유치하지만 웃기는 영화-_-",
    "date": "06.03.19",
    "rating": "7",
    "author": "rkdw****",
    "review_id": "722420",
    "movie_id": "30861"
  },
  {
    "review": "각자의 케릭을 너무 잘 살린..너무 웃겨~",
    "date": "06.03.16",
    "rating": "10",
    "author": "seon****",
    "review_id": "718516",
    "movie_id": "30861"
  },
  {
    "review": "2% 부족해",
    "date": "06.03.01",
    "rating": "9",
    "author": "ijnw****",
    "review_id": "698831",
    "movie_id": "30861"
  },
  {
    "review": "숨겨진 보물이다",
    "date": "06.02.24",
    "rating": "10",
    "author": "tazz****",
    "review_id": "689276",
    "movie_id": "30861"
  }
]