[
  {
    "review": "어릴 때 비디오로 10번은 봤다 ...지금은 다운로드라도 받고 싶은데 구할 수가 없네",
    "date": "15.04.19",
    "rating": "8",
    "author": "vang****",
    "review_id": "9852711",
    "movie_id": "30871"
  },
  {
    "review": "예전에 비디오로 빌려봤었는데 재밌더구만...",
    "date": "14.10.26",
    "rating": "9",
    "author": "maru****",
    "review_id": "9318691",
    "movie_id": "30871"
  },
  {
    "review": "역사적 사실에 기반한 충실한 쌈마이 액션.",
    "date": "14.03.29",
    "rating": "7",
    "author": "rand****",
    "review_id": "8616278",
    "movie_id": "30871"
  },
  {
    "review": "일본 사무라이 영화의 입문서로 써도 될만한 작품.정말 재밌고 감동도 받았던 기억이 난다.",
    "date": "14.03.19",
    "rating": "9",
    "author": "coje****",
    "review_id": "8587949",
    "movie_id": "30871"
  },
  {
    "review": "최고의 영화. 이보다 엄청난 사무라이 영화는 없다.",
    "date": "13.11.15",
    "rating": "10",
    "author": "huma****",
    "review_id": "8141405",
    "movie_id": "30871"
  },
  {
    "review": "일본 거품경제 절정기에 찍힌 영화. 지금봐도 멋지다",
    "date": "13.01.27",
    "rating": "8",
    "author": "gong****",
    "review_id": "7183367",
    "movie_id": "30871"
  },
  {
    "review": "아 다시 보고 싶은영화 지금까지 본 일본영화중에서 제일재미있었음 최고..",
    "date": "11.07.04",
    "rating": "10",
    "author": "jjc1****",
    "review_id": "5521265",
    "movie_id": "30871"
  },
  {
    "review": "동영상 예고편을 보아하니, 간지가 장난 아닌듯.. ㅎㅎㅎ",
    "date": "10.12.19",
    "rating": "7",
    "author": "feel****",
    "review_id": "5064507",
    "movie_id": "30871"
  },
  {
    "review": "장군의 아들은 좋았고,이건나빴다?무술을 이해하지못하는 소인배들은 평점남기지 마.",
    "date": "10.04.13",
    "rating": "8",
    "author": "baks****",
    "review_id": "4431082",
    "movie_id": "30871"
  },
  {
    "review": "이 영화 좋아하는 것들은 쪽바리의 피가 섞였을 듯...",
    "date": "09.12.15",
    "rating": "1",
    "author": "dm1y****",
    "review_id": "4044270",
    "movie_id": "30871"
  },
  {
    "review": "싸나이를 울리는 영화!",
    "date": "09.08.19",
    "rating": "10",
    "author": "cjst****",
    "review_id": "3765946",
    "movie_id": "30871"
  },
  {
    "review": "최고의 사무라이 영화 말이 필요없다.",
    "date": "08.08.30",
    "rating": "10",
    "author": "kz13****",
    "review_id": "2912546",
    "movie_id": "30871"
  },
  {
    "review": "말로표현할수없는...",
    "date": "07.02.08",
    "rating": "10",
    "author": "dltj****",
    "review_id": "1455072",
    "movie_id": "30871"
  },
  {
    "review": "\"武士道\"라는 일본전통의 상품으로 인간본연의 감성을 자극..",
    "date": "06.04.09",
    "rating": "8",
    "author": "mods****",
    "review_id": "754255",
    "movie_id": "30871"
  },
  {
    "review": "남자들만 알수있는 묘한 감동",
    "date": "06.03.29",
    "rating": "9",
    "author": "drls****",
    "review_id": "739491",
    "movie_id": "30871"
  },
  {
    "review": "일본사람 아니면 누구도 안볼 정크무비",
    "date": "05.12.26",
    "rating": "1",
    "author": "kws7****",
    "review_id": "529705",
    "movie_id": "30871"
  },
  {
    "review": "그냥 볼만한영화, 하여튼 대단하네...",
    "date": "05.09.09",
    "rating": "9",
    "author": "rkdr****",
    "review_id": "397445",
    "movie_id": "30871"
  },
  {
    "review": "사무라이 영화를 좋아한다면 후회없는 선택.",
    "date": "05.01.05",
    "rating": "8",
    "author": "marl****",
    "review_id": "177599",
    "movie_id": "30871"
  }
]