[
  {
    "review": "이런 류의 무비가 그렇지,뭐~하고 보면 된다.  흑인 경찰 우먼 반갑더라~^^",
    "date": "14.11.16",
    "rating": "8",
    "author": "hans****",
    "review_id": "9389642",
    "movie_id": "30878"
  },
  {
    "review": "도시괴담과의 연계가 전편만큼 밀접하지도, 자연스럽지도 않았다. 그게 미덕이었는데.",
    "date": "12.06.16",
    "rating": "7",
    "author": "1231****",
    "review_id": "6395117",
    "movie_id": "30878"
  },
  {
    "review": "전형적인 팝콘무비 일뿐.",
    "date": "11.03.01",
    "rating": "5",
    "author": "evil****",
    "review_id": "5285219",
    "movie_id": "30878"
  },
  {
    "review": "최악의 슬래셔무비로 꼽기에 충분하다",
    "date": "09.11.20",
    "rating": "1",
    "author": "goms****",
    "review_id": "3978203",
    "movie_id": "30878"
  },
  {
    "review": "예측된곳에 포인트가 있다보니 지루해서 꺼버렸다.",
    "date": "09.07.16",
    "rating": "4",
    "author": "kjnz****",
    "review_id": "3636359",
    "movie_id": "30878"
  },
  {
    "review": "전편의 흥행으로 나온 작품이지만 전편을 그대로 답습하는 수준의 공포물",
    "date": "08.11.07",
    "rating": "6",
    "author": "deff****",
    "review_id": "3038315",
    "movie_id": "30878"
  },
  {
    "review": "3중반전이 최고다乃 반전 재미로 영화본다",
    "date": "06.07.18",
    "rating": "10",
    "author": "tlar****",
    "review_id": "904157",
    "movie_id": "30878"
  },
  {
    "review": "볼만하던데..;",
    "date": "05.12.28",
    "rating": "8",
    "author": "luy_****",
    "review_id": "534900",
    "movie_id": "30878"
  },
  {
    "review": "공포졸작이 퍼레이드를 시작하네",
    "date": "05.12.25",
    "rating": "2",
    "author": "kws7****",
    "review_id": "527333",
    "movie_id": "30878"
  },
  {
    "review": "전편보단 못하나, 좀 더 진지해지고, 좀 더 잔인해졌다",
    "date": "05.10.27",
    "rating": "9",
    "author": "just****",
    "review_id": "456459",
    "movie_id": "30878"
  },
  {
    "review": "장난하나...",
    "date": "05.10.16",
    "rating": "1",
    "author": "kelv****",
    "review_id": "444197",
    "movie_id": "30878"
  },
  {
    "review": "1편에 비해서 장족의 발전...그러나 갈길 멀다ㅡㅡ",
    "date": "05.07.14",
    "rating": "6",
    "author": "lada****",
    "review_id": "321670",
    "movie_id": "30878"
  },
  {
    "review": "초반부에 여자 콩팥 떼어져 있고 도망치다 목잘리는 장면은 화끈하다.",
    "date": "04.11.29",
    "rating": "7",
    "author": "whyf****",
    "review_id": "153959",
    "movie_id": "30878"
  },
  {
    "review": "ㅋㅋㅋ 혹평이라니....이거 그당시미국개봉때 흥행했는데...",
    "date": "04.05.23",
    "rating": "10",
    "author": "5921****",
    "review_id": "45379",
    "movie_id": "30878"
  },
  {
    "review": "우... 그냥 그러네..",
    "date": "04.03.16",
    "rating": "7",
    "author": "god1****",
    "review_id": "29343",
    "movie_id": "30878"
  }
]