[
  {
    "review": "시작도 미미하니 끝도 미미할 지어다.",
    "date": "15.03.13",
    "rating": "1",
    "author": "film****",
    "review_id": "9776578",
    "movie_id": "30886"
  },
  {
    "review": "시크하네요 시대를 잘 맞났으면 좋았을듯",
    "date": "15.01.28",
    "rating": "10",
    "author": "jrov****",
    "review_id": "9645228",
    "movie_id": "30886"
  },
  {
    "review": "재있게 잘 보았습니다  역시장훈",
    "date": "15.01.28",
    "rating": "10",
    "author": "woo0****",
    "review_id": "9645090",
    "movie_id": "30886"
  },
  {
    "review": "영화가 좀 아쉬운게 감독의 역량이  들어가지 않은거같다  감독은 제작사를 잘 만나야하는데",
    "date": "15.01.28",
    "rating": "10",
    "author": "k873****",
    "review_id": "9644918",
    "movie_id": "30886"
  },
  {
    "review": "클레멘타인과 7광구에 이은 3대 망작",
    "date": "14.12.05",
    "rating": "1",
    "author": "rbb3****",
    "review_id": "9449081",
    "movie_id": "30886"
  },
  {
    "review": "옛날영환데 이유없이 슬프다...",
    "date": "14.09.16",
    "rating": "10",
    "author": "wons****",
    "review_id": "9218489",
    "movie_id": "30886"
  },
  {
    "review": "보다가 암걸렷습니다 정말 ㅡㅡ",
    "date": "14.08.20",
    "rating": "1",
    "author": "jzwa****",
    "review_id": "9114058",
    "movie_id": "30886"
  },
  {
    "review": "맹인이 눈이 떠지는 영화",
    "date": "14.08.18",
    "rating": "10",
    "author": "neoj****",
    "review_id": "9106104",
    "movie_id": "30886"
  },
  {
    "review": "왜 0점은 못주냐",
    "date": "12.03.24",
    "rating": "1",
    "author": "uooe****",
    "review_id": "6165499",
    "movie_id": "30886"
  },
  {
    "review": "제작비 30억 돈세탁하기 위한 영화. 그 돈 다 어디갔냐..",
    "date": "12.03.08",
    "rating": "1",
    "author": "cuir****",
    "review_id": "6131116",
    "movie_id": "30886"
  },
  {
    "review": "눈먼 박예진이 참 예쁘게 나왔던 영화. 하지만 내용은 기억 안나는 망작!",
    "date": "11.12.24",
    "rating": "1",
    "author": "igch****",
    "review_id": "5930074",
    "movie_id": "30886"
  },
  {
    "review": "시바.. 진짜 한국영화 최고의 망작이다.",
    "date": "11.11.20",
    "rating": "1",
    "author": "pers****",
    "review_id": "5861792",
    "movie_id": "30886"
  },
  {
    "review": "이거 감독이 10년넘게 다른 영화 왜 못 만들겠냐?",
    "date": "11.04.21",
    "rating": "1",
    "author": "mukt****",
    "review_id": "5385162",
    "movie_id": "30886"
  },
  {
    "review": "좋은데...",
    "date": "11.02.14",
    "rating": "9",
    "author": "rhap****",
    "review_id": "5243158",
    "movie_id": "30886"
  },
  {
    "review": "나 이거 극장가서 보고.. 보러 가자 했던 친구랑 인연 끊을뻔했다",
    "date": "10.11.15",
    "rating": "1",
    "author": "xexa****",
    "review_id": "4962976",
    "movie_id": "30886"
  },
  {
    "review": "우정의 무대 다운그레이드 버전.",
    "date": "10.05.01",
    "rating": "1",
    "author": "reco****",
    "review_id": "4469534",
    "movie_id": "30886"
  },
  {
    "review": "나름재미있게 봤는데",
    "date": "09.08.22",
    "rating": "10",
    "author": "qwer****",
    "review_id": "3777848",
    "movie_id": "30886"
  },
  {
    "review": "장동직 표절 광시곡 주연 잘생긴 거렁뱅이",
    "date": "09.05.31",
    "rating": "1",
    "author": "hmps****",
    "review_id": "3535913",
    "movie_id": "30886"
  },
  {
    "review": "그유명한 제작비35억에 총관객수 7000명이라는 그영화군..",
    "date": "08.12.17",
    "rating": "10",
    "author": "ljh4****",
    "review_id": "3124149",
    "movie_id": "30886"
  },
  {
    "review": "부족한 것이 너무 많은 작품",
    "date": "08.03.22",
    "rating": "2",
    "author": "deff****",
    "review_id": "2535592",
    "movie_id": "30886"
  },
  {
    "review": "난 좋기만 하든데.. 라스트에 눈물도 찔끔나오고..쩝",
    "date": "08.02.14",
    "rating": "10",
    "author": "cine****",
    "review_id": "2443256",
    "movie_id": "30886"
  },
  {
    "review": "최민수가 리베라메를 택했지..이거를 선택안하고",
    "date": "07.07.27",
    "rating": "1",
    "author": "dbwl****",
    "review_id": "1814237",
    "movie_id": "30886"
  },
  {
    "review": "도저히 이건;;;",
    "date": "07.06.15",
    "rating": "1",
    "author": "kiss****",
    "review_id": "1701480",
    "movie_id": "30886"
  },
  {
    "review": "극장에서 이 영화를 관람했다는 자체가 레어인건가...",
    "date": "07.02.18",
    "rating": "1",
    "author": "seri****",
    "review_id": "1480943",
    "movie_id": "30886"
  },
  {
    "review": "아 놔;; 망작이라고밖에...",
    "date": "07.01.09",
    "rating": "1",
    "author": "ppp0****",
    "review_id": "1369551",
    "movie_id": "30886"
  },
  {
    "review": "최악",
    "date": "06.08.07",
    "rating": "1",
    "author": "oway****",
    "review_id": "981006",
    "movie_id": "30886"
  },
  {
    "review": "이런 영화가 있다니",
    "date": "06.08.03",
    "rating": "5",
    "author": "zeed****",
    "review_id": "960248",
    "movie_id": "30886"
  },
  {
    "review": "에혀",
    "date": "06.03.26",
    "rating": "1",
    "author": "mari****",
    "review_id": "735755",
    "movie_id": "30886"
  },
  {
    "review": "10점 준 인간들 장훈 감독 친인척인듯...니들이문제야.",
    "date": "06.01.10",
    "rating": "1",
    "author": "life****",
    "review_id": "576903",
    "movie_id": "30886"
  },
  {
    "review": "제작비32억? 그거 조수미 저작권료인듯.",
    "date": "06.01.10",
    "rating": "1",
    "author": "love****",
    "review_id": "576896",
    "movie_id": "30886"
  },
  {
    "review": "다른 것은 몰라도 프롤로그 대테러작전은 완벽했습니다.",
    "date": "06.01.10",
    "rating": "10",
    "author": "kor3****",
    "review_id": "576100",
    "movie_id": "30886"
  },
  {
    "review": "당시 최고제작비 32억 은 어디로??",
    "date": "06.01.07",
    "rating": "1",
    "author": "kws7****",
    "review_id": "566947",
    "movie_id": "30886"
  },
  {
    "review": "정말 최고의영화 다시는이런영화를 볼수 없을듯 감동적이였다~",
    "date": "05.12.26",
    "rating": "10",
    "author": "sccc****",
    "review_id": "529888",
    "movie_id": "30886"
  },
  {
    "review": "내 인생 최악의 영화",
    "date": "05.12.14",
    "rating": "1",
    "author": "xuex****",
    "review_id": "503963",
    "movie_id": "30886"
  },
  {
    "review": "아! 차마 눈뜨곤 못봐주겠어!!!!!!",
    "date": "05.05.17",
    "rating": "1",
    "author": "jcr3****",
    "review_id": "279641",
    "movie_id": "30886"
  },
  {
    "review": "재밌다...",
    "date": "05.04.02",
    "rating": "10",
    "author": "kodo****",
    "review_id": "251519",
    "movie_id": "30886"
  },
  {
    "review": "시간도 아까운 초허접 영화 정말 보는 내내 고문이었다 음악도 졸라짜증난다",
    "date": "04.09.14",
    "rating": "1",
    "author": "kkek****",
    "review_id": "108399",
    "movie_id": "30886"
  },
  {
    "review": "봤다는 사실이 놀랍다",
    "date": "04.09.04",
    "rating": "10",
    "author": "sige****",
    "review_id": "102651",
    "movie_id": "30886"
  },
  {
    "review": "20세기 한국영화의 금자탑..",
    "date": "04.08.16",
    "rating": "10",
    "author": "neoj****",
    "review_id": "91190",
    "movie_id": "30886"
  },
  {
    "review": "한국영화의 최대졸작",
    "date": "04.01.23",
    "rating": "1",
    "author": "osy4****",
    "review_id": "12605",
    "movie_id": "30886"
  }
]