[
  {
    "review": "최고의 인간극장! 아직도 여운이..",
    "date": "15.08.26",
    "rating": "10",
    "author": "lsh5****",
    "review_id": "10275781",
    "movie_id": "30897"
  },
  {
    "review": "그러고보면 인종차별로 흑인백인 같이 안다니고 이랬던게 불과 40년 전일이네..정말 감동적이고 인종차별은 꼭 없어져야된다",
    "date": "15.08.23",
    "rating": "10",
    "author": "dlsx****",
    "review_id": "10266899",
    "movie_id": "30897"
  },
  {
    "review": "아무리대단한코치라도  대단한선수들을만나는건  쉽지않다",
    "date": "15.08.13",
    "rating": "10",
    "author": "woal****",
    "review_id": "10226158",
    "movie_id": "30897"
  },
  {
    "review": "감동 ... 그이상 표현할 말이 없다 .",
    "date": "15.08.08",
    "rating": "10",
    "author": "pled****",
    "review_id": "10201679",
    "movie_id": "30897"
  },
  {
    "review": "명작중의 명작 별로 안알려진게 안타까울정도",
    "date": "15.07.21",
    "rating": "10",
    "author": "kyh_****",
    "review_id": "10126164",
    "movie_id": "30897"
  },
  {
    "review": "스포츠를 수단으로 한 드라마 영화. 재미는 있었는데 미식축구를 모르는 사람들에겐 살짝 어려운 영화.",
    "date": "15.06.29",
    "rating": "8",
    "author": "cjs3****",
    "review_id": "10051574",
    "movie_id": "30897"
  },
  {
    "review": "스포츠영화는 감동적일 수 밖에 없다 인종차별이 없어져야 한디",
    "date": "15.06.21",
    "rating": "10",
    "author": "kjhs****",
    "review_id": "10017727",
    "movie_id": "30897"
  },
  {
    "review": "대박... 이건 스포츠 영화가 아니다... 내생에 최고의 영화를 35에 만나다니. 강추",
    "date": "15.06.12",
    "rating": "10",
    "author": "luji****",
    "review_id": "9991701",
    "movie_id": "30897"
  },
  {
    "review": "오랜만에 만점 주네요뻔한 드라마와 휴머니즘이 아닌 진실된 극화네요",
    "date": "15.05.21",
    "rating": "10",
    "author": "bbac****",
    "review_id": "9937105",
    "movie_id": "30897"
  },
  {
    "review": "덴젤워싱턴의 카리스마 굿연기. 무엇보다 실화라는 것이 더 큰 감동",
    "date": "15.05.02",
    "rating": "8",
    "author": "p85k****",
    "review_id": "9885611",
    "movie_id": "30897"
  },
  {
    "review": "상이한재질의요소인 인종간갈등을 스포츠라는용광로를통해 섞기위해서는재질특성을잘아는유능한장인.즉 코치가반드시필요.멋진캐릭터를소화해낸덴젤워싱턴의 분코치와 윌패튼이맡은요스트코치는서로상보적이면서 멋진 하모니 연출.줄리어스와게리의우정.션샤인.피티존스.라스틱.레브",
    "date": "15.04.20",
    "rating": "9",
    "author": "phil****",
    "review_id": "9854038",
    "movie_id": "30897"
  },
  {
    "review": "정말 좋은 영화 꼭 보십쇼",
    "date": "15.04.18",
    "rating": "10",
    "author": "khh9****",
    "review_id": "9850350",
    "movie_id": "30897"
  },
  {
    "review": "뻔하다고 하는 사람이 많은데..이거 거의 실화를바탕으로 한건데;",
    "date": "15.03.24",
    "rating": "9",
    "author": "rlas****",
    "review_id": "9803795",
    "movie_id": "30897"
  },
  {
    "review": "인종차별을 스포츠로 풀어 재미나게 보여준다. 못 오를 산은 없다는 희망을 주는 감동적인 실화 영화다.",
    "date": "15.03.07",
    "rating": "8",
    "author": "kmmw****",
    "review_id": "9762802",
    "movie_id": "30897"
  },
  {
    "review": "스포츠영화중 명작! 10101010",
    "date": "15.02.18",
    "rating": "8",
    "author": "wooo****",
    "review_id": "9709542",
    "movie_id": "30897"
  },
  {
    "review": "어느새 푹 빠져서 보게 된다.",
    "date": "15.02.10",
    "rating": "10",
    "author": "nono****",
    "review_id": "9685244",
    "movie_id": "30897"
  },
  {
    "review": "꼭 보시길 바라요~~~!!!",
    "date": "15.02.06",
    "rating": "10",
    "author": "giyi****",
    "review_id": "9671459",
    "movie_id": "30897"
  },
  {
    "review": "이런게 정말 명작이지. 킬링타임용으로 봐도 좋고, 무슨 목적으로든 꼭 한번 봤으면 하는 영화. 사회통합은 선택이 아니라 필연이다. 그걸 어떻게 받아드려야할지에 대한 해법을 제시하지 못하는 이 사회에게 필요한 영화다.",
    "date": "15.01.21",
    "rating": "10",
    "author": "hear****",
    "review_id": "9620294",
    "movie_id": "30897"
  },
  {
    "review": "나머지 1점은 사람들의 마음이 채워 줄 것이다.장르 불문하고 경이로운 영화다.너무 극찬인지 아닌지는 2시간만 투자하라.수천배의 시간을 얻을 것이다.",
    "date": "15.01.10",
    "rating": "9",
    "author": "powe****",
    "review_id": "9581871",
    "movie_id": "30897"
  },
  {
    "review": "웃고 우는 아름다운 스포츠 영화",
    "date": "14.12.30",
    "rating": "10",
    "author": "sahy****",
    "review_id": "9538419",
    "movie_id": "30897"
  },
  {
    "review": "화합과 우정을그린영화 왠만한 이별, 죽음을소재로한영화보다도 감동적이다 내가본스포츠영화중 단연top",
    "date": "14.12.26",
    "rating": "10",
    "author": "hajr****",
    "review_id": "9517661",
    "movie_id": "30897"
  },
  {
    "review": "중학교 체육시간에 선생님이 보여준 영화인데 고등학생인 지금도 게티즈버그 묘지씬은 기억이 난다,",
    "date": "14.12.22",
    "rating": "9",
    "author": "bbs9****",
    "review_id": "9501736",
    "movie_id": "30897"
  },
  {
    "review": "이 영화 뭐야? 나이많은 남자를 시종일관 계속 눈물 흘리며 보게 만들어. 지금껏 수많은 영화를 봐왔고 왠만한 슬프고 감동적이라는 영화에도 살짝 눈시울만 적실 뿐이었는데. 뭐 이딴 영화가 다 있어.",
    "date": "14.12.07",
    "rating": "10",
    "author": "bjh2****",
    "review_id": "9454519",
    "movie_id": "30897"
  },
  {
    "review": "전형적인 디즈니 영화...;;;",
    "date": "14.12.02",
    "rating": "7",
    "author": "popy****",
    "review_id": "9441084",
    "movie_id": "30897"
  },
  {
    "review": "우리사회가  가져야할 인식을 영화로 잘 만든것같다.",
    "date": "14.12.02",
    "rating": "10",
    "author": "sunh****",
    "review_id": "9441051",
    "movie_id": "30897"
  },
  {
    "review": "당시 미국사회는 인종차별을 해결할 미담이 필요했고 영화와 다르게 타이탄고가 정부의 전폭적인 지원을 받았다. 미담치고는 결국 승리의 키는 게이백인과 양심적인 백인에 의해 이뤄진다는 흔한 양키식 미담",
    "date": "14.12.01",
    "rating": "8",
    "author": "void****",
    "review_id": "9438845",
    "movie_id": "30897"
  },
  {
    "review": "내가본 스포츠 영화중에서 최고다 10점만점에 10점..",
    "date": "14.11.30",
    "rating": "10",
    "author": "kjy1****",
    "review_id": "9435779",
    "movie_id": "30897"
  },
  {
    "review": "유쾌하고 따뜻한 스포츠영화 ^-^)d",
    "date": "14.11.30",
    "rating": "9",
    "author": "jiam****",
    "review_id": "9435696",
    "movie_id": "30897"
  },
  {
    "review": "천조국 영화이군요. 실화 영화.",
    "date": "14.11.30",
    "rating": "10",
    "author": "myun****",
    "review_id": "9435694",
    "movie_id": "30897"
  },
  {
    "review": "현실에 엄청난 꿈을 가미한 영화. 허황됐지만 미국인이 바라는 화합의 영화인듯",
    "date": "14.11.30",
    "rating": "7",
    "author": "jisu****",
    "review_id": "9435689",
    "movie_id": "30897"
  },
  {
    "review": "말이필요한가 믿고봐도될듯.",
    "date": "14.11.30",
    "rating": "10",
    "author": "seun****",
    "review_id": "9435656",
    "movie_id": "30897"
  },
  {
    "review": "짱짱짱 인종차별문제를 잘표현했고 싸우고부딪히며 이겨내는 고등학생들의 모습이 참좋았다",
    "date": "14.11.30",
    "rating": "10",
    "author": "hyun****",
    "review_id": "9435649",
    "movie_id": "30897"
  },
  {
    "review": "정말 10만점에 10점짜리!!",
    "date": "14.11.30",
    "rating": "10",
    "author": "ryme****",
    "review_id": "9435450",
    "movie_id": "30897"
  },
  {
    "review": "보는 내내 눈시울이 뜨거워진 채로 웃었다. 인종차별, 지역감정. 다 사라졌으면 좋겠다.",
    "date": "14.11.20",
    "rating": "10",
    "author": "pree****",
    "review_id": "9402980",
    "movie_id": "30897"
  },
  {
    "review": "의리, 도전, 끈기, 화합, 우정, 성취.. 이 모든 것들을 집약시킨 스포츠 영화.. 실화를 바탕으로 해서 더 감동적이다. 부족한 개연성과 아쉬운 마무리에서 1점 깎았지만 충분히 멋진 작품..",
    "date": "14.11.08",
    "rating": "9",
    "author": "plto****",
    "review_id": "9354069",
    "movie_id": "30897"
  },
  {
    "review": "나는 모든 차별에 반대한다.",
    "date": "14.10.28",
    "rating": "10",
    "author": "mich****",
    "review_id": "9325277",
    "movie_id": "30897"
  },
  {
    "review": "실화라서 그런가 약간 밋밋한 감이.",
    "date": "14.10.08",
    "rating": "7",
    "author": "jiyu****",
    "review_id": "9275159",
    "movie_id": "30897"
  },
  {
    "review": "풋볼을 통한 인종갈등 해소. 뻔할 것 같은데 너무나 감동적인 스포츠 드라마.",
    "date": "14.09.29",
    "rating": "9",
    "author": "sipj****",
    "review_id": "9248699",
    "movie_id": "30897"
  },
  {
    "review": "영화를 보고 미식축구가 하고 싶어졌다",
    "date": "14.09.21",
    "rating": "9",
    "author": "psh_****",
    "review_id": "9232419",
    "movie_id": "30897"
  },
  {
    "review": "인종이 다를수록 더욱더 다가가고 친해져야한다.",
    "date": "14.09.21",
    "rating": "10",
    "author": "igel****",
    "review_id": "9230476",
    "movie_id": "30897"
  },
  {
    "review": "아... 감동이라는 말 밖에 할 말이 없네요. 최고입니다!",
    "date": "14.09.10",
    "rating": "10",
    "author": "spee****",
    "review_id": "9201305",
    "movie_id": "30897"
  },
  {
    "review": "인종 차별 극복+ 스포츠 영화의 공식에  뻔할 것 같지만 그것을 넘어선다",
    "date": "14.09.07",
    "rating": "9",
    "author": "ddal****",
    "review_id": "9177402",
    "movie_id": "30897"
  },
  {
    "review": "바둑판의 흑 백처럼~~ 조화를 이루니 천하무적이구나~~",
    "date": "14.08.08",
    "rating": "9",
    "author": "roka****",
    "review_id": "9047798",
    "movie_id": "30897"
  },
  {
    "review": "스포츠 영화 중 단연 최고",
    "date": "14.07.29",
    "rating": "10",
    "author": "jinj****",
    "review_id": "8978752",
    "movie_id": "30897"
  },
  {
    "review": "우리도 저들처럼은 아니어도 동과 서가 하나되는 그런 영화 하나 보고싶다. 그러한 역사를 기대한다.",
    "date": "14.07.22",
    "rating": "9",
    "author": "kos4****",
    "review_id": "8939262",
    "movie_id": "30897"
  },
  {
    "review": "체육선생님이 늘 학생들에게 체육문화를 가르치기 위해 꼭 보여주시는 영화라며 보여주신 영화. 진짜 한명도 안빼놓고 재밌게 봤다. 감동 또 감동 그리고 재미 ㅠㅠ",
    "date": "14.07.18",
    "rating": "10",
    "author": "cje0****",
    "review_id": "8927411",
    "movie_id": "30897"
  },
  {
    "review": "지린다 스포츠영화라 지루할 줄 알았는 데 지루할 틈이 없었다 재미 감동 가슴이 따뜻해지는 영화다",
    "date": "14.07.10",
    "rating": "10",
    "author": "eeee****",
    "review_id": "8901471",
    "movie_id": "30897"
  },
  {
    "review": "인종차별, 풋볼 ,젊음",
    "date": "14.07.01",
    "rating": "8",
    "author": "scif****",
    "review_id": "8874092",
    "movie_id": "30897"
  },
  {
    "review": "말이 필요없는 최고의 영화중간중간 마음을 후벼파는 말들이 우리에게 많은것을 생각하게 해보고 경기장면에서는 소름이 돋았다",
    "date": "14.06.16",
    "rating": "10",
    "author": "jong****",
    "review_id": "8835894",
    "movie_id": "30897"
  },
  {
    "review": "인류의 희망은 아직 안죽었다. 실화란 사실이 더 놀랍다.",
    "date": "14.06.07",
    "rating": "10",
    "author": "wjdd****",
    "review_id": "8806836",
    "movie_id": "30897"
  },
  {
    "review": "아~~~~재밌어요ㅋㅋ웬만하면10점잘안주는뎅ㅋ중간중간에나오는노래들도다넘신나고~유후~!",
    "date": "14.06.05",
    "rating": "10",
    "author": "apro****",
    "review_id": "8800913",
    "movie_id": "30897"
  },
  {
    "review": "보기전엔 심심해서 아무거나 봐야지 라는 맘으로 봣는데 재밌네요 추천합니다^^",
    "date": "14.04.22",
    "rating": "8",
    "author": "boom****",
    "review_id": "8665021",
    "movie_id": "30897"
  },
  {
    "review": "정말 멋진 스포츠 영화. 10점",
    "date": "14.03.25",
    "rating": "10",
    "author": "quab****",
    "review_id": "8606416",
    "movie_id": "30897"
  },
  {
    "review": "나에게서 덴젤 워싱턴이란 배우를 알게 해준 영화임과 동시에 처음으로 인종차별 소재를 접하게 되었다. 집을 테러당할 때도 담담하게 자주 있는 일 이라 하는 코치의 말에 놀랐다.",
    "date": "14.03.17",
    "rating": "8",
    "author": "shmi****",
    "review_id": "8584718",
    "movie_id": "30897"
  },
  {
    "review": "영화 마지막에 나왔던 Marshall Highschool 은 내가 놀러다니는곳인데... 감회가 새롭고 신기하네요",
    "date": "14.03.10",
    "rating": "10",
    "author": "edsy****",
    "review_id": "8567390",
    "movie_id": "30897"
  },
  {
    "review": "감동뿐만 아니라 재미까지 있었습니다.",
    "date": "14.03.01",
    "rating": "10",
    "author": "xvxv****",
    "review_id": "8547849",
    "movie_id": "30897"
  },
  {
    "review": "진정한 사나이의 영화다.",
    "date": "14.02.18",
    "rating": "9",
    "author": "dnfl****",
    "review_id": "8518714",
    "movie_id": "30897"
  },
  {
    "review": "게리랑 줄리어스가 멋있다. 짱",
    "date": "14.02.15",
    "rating": "10",
    "author": "jung****",
    "review_id": "8510760",
    "movie_id": "30897"
  },
  {
    "review": "뻔한 스토리와 소재이지만 , 좋은 영화는 좋은 영화다.",
    "date": "14.01.25",
    "rating": "10",
    "author": "xeww****",
    "review_id": "8423198",
    "movie_id": "30897"
  },
  {
    "review": "그당시에 인종차별이 심한때였는데 그걸 극복하고 하나의 팀으로 뭉친거 자체가 대단하네요",
    "date": "14.01.14",
    "rating": "8",
    "author": "to_r****",
    "review_id": "8381543",
    "movie_id": "30897"
  },
  {
    "review": "이 영화로 인해 꿈과 희망 리더쉽을 배웠습니다 정말 명작입니다",
    "date": "13.12.28",
    "rating": "10",
    "author": "tv87****",
    "review_id": "8314623",
    "movie_id": "30897"
  },
  {
    "review": "실화를 바탕으로한 웃음과 감동이 있는 휴먼드라마",
    "date": "13.12.21",
    "rating": "8",
    "author": "byul****",
    "review_id": "8264709",
    "movie_id": "30897"
  },
  {
    "review": "대단하다진짜ㅋㅋㅋㅋ",
    "date": "13.11.22",
    "rating": "10",
    "author": "rlax****",
    "review_id": "8160646",
    "movie_id": "30897"
  },
  {
    "review": "너무너무 재밌다 추천!",
    "date": "13.09.30",
    "rating": "10",
    "author": "3sai****",
    "review_id": "8023530",
    "movie_id": "30897"
  },
  {
    "review": "실화인데도 너무 뻔한 스토리라서 감동이 덜하다.",
    "date": "13.09.18",
    "rating": "6",
    "author": "cosc****",
    "review_id": "7992850",
    "movie_id": "30897"
  },
  {
    "review": "정말 멋진 스포츠 영화. 감동적인 영화 베리 굿",
    "date": "13.09.17",
    "rating": "10",
    "author": "meek****",
    "review_id": "7989483",
    "movie_id": "30897"
  },
  {
    "review": "스포츠 드라마 장르중에서 TOP3안에 들어갈 영화이다. 인종차별 갈등은 많이 쓰이는 소재이지만 긴장감 넘치는 전개와 군더더기 없는 갈등이 좋은 이야기를 전해준다. 무엇보다 주연뿐만 아니라 조연들도 돋보이는 영화이다.",
    "date": "13.09.09",
    "rating": "10",
    "author": "dol5****",
    "review_id": "7961263",
    "movie_id": "30897"
  },
  {
    "review": "MLC",
    "date": "13.08.31",
    "rating": "10",
    "author": "rapf****",
    "review_id": "7936832",
    "movie_id": "30897"
  },
  {
    "review": "스포츠 드라마 장르중에서 TOP3안에 들어갈 영화이다. 인종차별 갈등은 많이 쓰이는 소재이지만 긴장감 넘치는 전개와 군더더기 없는 갈등이 좋은 이야기를 전해준다. 무엇보다 주연뿐만 아니라 조연들도 돋보이는 영화이다.",
    "date": "13.08.29",
    "rating": "10",
    "author": "yh8c****",
    "review_id": "7932408",
    "movie_id": "30897"
  },
  {
    "review": "단순한 스포츠 그 이상이다",
    "date": "13.08.12",
    "rating": "10",
    "author": "slip****",
    "review_id": "7871398",
    "movie_id": "30897"
  },
  {
    "review": "인종차별, 화합, 풋볼, 그리고 실화라는 소제는 실패를 할 수가 없다. 몇몇 장면에서 개연성이 부족해보였지만 그 이상의 영감을 주었다.",
    "date": "13.07.30",
    "rating": "8",
    "author": "wlfa****",
    "review_id": "7799558",
    "movie_id": "30897"
  },
  {
    "review": "말이 필요없습니다",
    "date": "13.07.18",
    "rating": "10",
    "author": "dmaa****",
    "review_id": "7756345",
    "movie_id": "30897"
  },
  {
    "review": "흥미로워요~",
    "date": "13.07.14",
    "rating": "9",
    "author": "euns****",
    "review_id": "7742325",
    "movie_id": "30897"
  },
  {
    "review": "ㅡ",
    "date": "13.07.09",
    "rating": "10",
    "author": "qkr6****",
    "review_id": "7721187",
    "movie_id": "30897"
  },
  {
    "review": "당신의 마음을 뒤흔드는 걸작",
    "date": "13.07.08",
    "rating": "10",
    "author": "csc5****",
    "review_id": "7718053",
    "movie_id": "30897"
  },
  {
    "review": "뚜렷한 주제의식과 실화를 기반으로 한 탄탄한 연출까지 모자람이 없었다!",
    "date": "13.06.02",
    "rating": "9",
    "author": "loss****",
    "review_id": "7571430",
    "movie_id": "30897"
  },
  {
    "review": "시간이 많이 지났는데도 뚜렷하게 남아있는 진한 감동 스토리. 재밌게 보기 추천함",
    "date": "13.05.27",
    "rating": "10",
    "author": "deux****",
    "review_id": "7558861",
    "movie_id": "30897"
  },
  {
    "review": "아 진짜 말이 필요없다 정말 감동적임",
    "date": "13.05.16",
    "rating": "10",
    "author": "sisk****",
    "review_id": "7531682",
    "movie_id": "30897"
  },
  {
    "review": "캬...이거 대박임 제목 보면 별로인거 같은데 보면 암",
    "date": "13.05.05",
    "rating": "10",
    "author": "dltk****",
    "review_id": "7507751",
    "movie_id": "30897"
  },
  {
    "review": "정말 강추입니다. 감동감동!!!!!",
    "date": "13.03.11",
    "rating": "9",
    "author": "wnst****",
    "review_id": "7341061",
    "movie_id": "30897"
  },
  {
    "review": "감동물을 만들려면 이정도는 되야지!",
    "date": "13.03.03",
    "rating": "10",
    "author": "hmtk****",
    "review_id": "7319946",
    "movie_id": "30897"
  },
  {
    "review": "타이탄스를 기억하라!",
    "date": "13.02.02",
    "rating": "9",
    "author": "teo0****",
    "review_id": "7213535",
    "movie_id": "30897"
  },
  {
    "review": "인종차별은 미국의 40년전 이야기가 아니다. 지금 한국에서도 벌어지는 일이다. 많은 동남아인들이 우리 같은 인간들에게 무시 받고 차별 받고 있다. 우리가 살고 있는 이 사회안의 화합과 조화라는 가치를 생각한다면 이 영화는 정말 큰 의미를 가진 명작이다",
    "date": "13.01.30",
    "rating": "10",
    "author": "libr****",
    "review_id": "7195074",
    "movie_id": "30897"
  },
  {
    "review": "진짜 졸작. 억지감동. 내가 그랜토리노,인터쳐블,타인의삶 전부 10점 줬는데, 이건 1점짜리 영화. 인종차별을 뛰어넘는다는 부분이 감동적이어야하는데, 진짜 유치했다. 유치하게 흑인은 흑인을 역차별하고 백인은 백인을 역차별해서 인종차별을 뛰어넘음.",
    "date": "13.01.21",
    "rating": "1",
    "author": "embl****",
    "review_id": "7139140",
    "movie_id": "30897"
  },
  {
    "review": "미국살고 있는데 불과 3-40여년전엔 이렇게 인종차별이 심했다는게 믿기 힘들더라구요. 실화로 만든 정말 영화같은 영화!",
    "date": "13.01.18",
    "rating": "10",
    "author": "cbjh****",
    "review_id": "7128417",
    "movie_id": "30897"
  },
  {
    "review": "2001년엔가...원주 공군부대 근처에 진지공사 나갔다가 주말에 스크린 걸고 틀어줘서 봤는데....보다가 잤다. ㅋㅋㅋ",
    "date": "13.01.13",
    "rating": "1",
    "author": "socc****",
    "review_id": "7109747",
    "movie_id": "30897"
  },
  {
    "review": "명작이다.",
    "date": "13.01.08",
    "rating": "10",
    "author": "exto****",
    "review_id": "7093232",
    "movie_id": "30897"
  },
  {
    "review": "한국에서는 느낄수 없는 흑백인종간의 골과 럭비의 즐거움을 느낄수 있는 영화?",
    "date": "13.01.02",
    "rating": "8",
    "author": "chsa****",
    "review_id": "7074669",
    "movie_id": "30897"
  },
  {
    "review": "그리다이언 갱을보고 이 영화를 찾게되어 봤는데 이 영화또한 감동있고 재미있다. 결말은 뻔해도 실화이고 인종차별에 대해 나오기때문에 맘에 든다. 인종차별하는 사람들과 그 부분에 대해서는 화가 나기도한다",
    "date": "12.12.29",
    "rating": "9",
    "author": "wl01****",
    "review_id": "7060890",
    "movie_id": "30897"
  },
  {
    "review": "럭비에 관심을 갖게 해준 고마운 영화. 추가로 블라인드 사이드도 같은 풋볼영화로서 추천합니다.",
    "date": "12.12.29",
    "rating": "10",
    "author": "wbsl****",
    "review_id": "7060249",
    "movie_id": "30897"
  },
  {
    "review": "인종차별과 스포츠를 합친 최고의 영화였다 글로리로드,코치카터도 명작이었지만 리멤버타이탄같은 명작은 찾기힘들다. 결말은 뻔했지만 보는 내내 지루하지않았고 성격이 거친코치와 부드러운코치의 조합이 환상적인 영화였다",
    "date": "12.12.26",
    "rating": "10",
    "author": "kgvg****",
    "review_id": "7050545",
    "movie_id": "30897"
  },
  {
    "review": "최고임",
    "date": "12.12.10",
    "rating": "10",
    "author": "rndt****",
    "review_id": "6990425",
    "movie_id": "30897"
  },
  {
    "review": "스포츠 드라마 장르중에서 TOP3안에 들어갈 영화이다. 인종차별 갈등은 많이 쓰이는 소재이지만 긴장감 넘치는 전개와 군더더기 없는 갈등이 좋은 이야기를 전해준다. 무엇보다 주연뿐만 아니라 조연들도 돋보이는 영화이다.",
    "date": "12.11.28",
    "rating": "10",
    "author": "insb****",
    "review_id": "6933598",
    "movie_id": "30897"
  },
  {
    "review": "아쉬움이 약간 있지만 이만하면 땡큐.. 잘봤음",
    "date": "12.11.17",
    "rating": "7",
    "author": "ks82****",
    "review_id": "6896709",
    "movie_id": "30897"
  },
  {
    "review": "진짜 개명작임 감동도 잇고",
    "date": "12.10.25",
    "rating": "10",
    "author": "yys4****",
    "review_id": "6826268",
    "movie_id": "30897"
  },
  {
    "review": "다른나라 이야기라 좀 크게 와닿는 부분은 없음, 단지 재미를 느낄 뿐이니ㅋㅋ근데 그 시대의 심각한 인종차별을 가벼워 보이나 확실하게 전달하고 풀어나가는 방법이 볼만했음.",
    "date": "12.10.10",
    "rating": "8",
    "author": "mglo****",
    "review_id": "6780597",
    "movie_id": "30897"
  },
  {
    "review": "무난한 감동의 영화.. 포인트라면 인종차별주의... 급한전개 때문인지, 생각보다 많이 와닿진 않은 것 같다.",
    "date": "12.09.24",
    "rating": "7",
    "author": "dhfb****",
    "review_id": "6728518",
    "movie_id": "30897"
  },
  {
    "review": "현실적이면서 감동적인. 너무 리얼하게 표현 조으다",
    "date": "12.09.15",
    "rating": "10",
    "author": "bbb2****",
    "review_id": "6698613",
    "movie_id": "30897"
  },
  {
    "review": "재밋네 ㅋ",
    "date": "12.09.10",
    "rating": "9",
    "author": "imil****",
    "review_id": "6685839",
    "movie_id": "30897"
  },
  {
    "review": "실화라서 그런지 감동적이고 슬프네요...",
    "date": "12.09.08",
    "rating": "9",
    "author": "naru****",
    "review_id": "6678910",
    "movie_id": "30897"
  }
]