[
  {
    "review": "재미있다.. 잊혀지지않는 로봇 만화영화",
    "date": "15.02.23",
    "rating": "9",
    "author": "adiv****",
    "review_id": "9732430",
    "movie_id": "30906"
  },
  {
    "review": "어린시절의 따스한 추억과 뜨거운 그리움을 신비한 힘에 의해 언제까지나 사라지지 않고 남아있게 한다.",
    "date": "12.10.24",
    "rating": "10",
    "author": "kos4****",
    "review_id": "6824624",
    "movie_id": "30906"
  },
  {
    "review": "마징가의 적통 계보를 잇는 또 하나의 전설!",
    "date": "11.12.15",
    "rating": "10",
    "author": "mygr****",
    "review_id": "5906557",
    "movie_id": "30906"
  },
  {
    "review": "기억나네,,어린시절 재밌게 봤었지 ~~~~~~~~",
    "date": "10.09.28",
    "rating": "7",
    "author": "fnsk****",
    "review_id": "4873780",
    "movie_id": "30906"
  },
  {
    "review": "마징가z - 그레이트 마징가 - 그렌다이져 .. 우리는 영원히 기억하는거다",
    "date": "09.11.20",
    "rating": "9",
    "author": "gall****",
    "review_id": "3978973",
    "movie_id": "30906"
  },
  {
    "review": "마징가z시리즈의 완성.",
    "date": "09.11.04",
    "rating": "10",
    "author": "beat****",
    "review_id": "3935970",
    "movie_id": "30906"
  },
  {
    "review": "불멸의 로봇애니.태권V정도는 명함도 못 내민다",
    "date": "07.09.13",
    "rating": "10",
    "author": "baks****",
    "review_id": "2017342",
    "movie_id": "30906"
  },
  {
    "review": "내가 처음으로 본 로봇 영화..",
    "date": "07.08.31",
    "rating": "8",
    "author": "skat****",
    "review_id": "1991155",
    "movie_id": "30906"
  },
  {
    "review": "마징가와 UFO의 결합을 그린 작품",
    "date": "07.05.18",
    "rating": "9",
    "author": "deff****",
    "review_id": "1644183",
    "movie_id": "30906"
  },
  {
    "review": "그래 다 잊어.. 점점 잊쳐가는구나",
    "date": "07.04.10",
    "rating": "8",
    "author": "dnjs****",
    "review_id": "1582545",
    "movie_id": "30906"
  },
  {
    "review": "아 이것도 70년대 작품이었구나..",
    "date": "07.04.08",
    "rating": "9",
    "author": "nala****",
    "review_id": "1579502",
    "movie_id": "30906"
  },
  {
    "review": "역시나 다시 봐도 넘 재밌어요!",
    "date": "07.02.14",
    "rating": "10",
    "author": "kscj****",
    "review_id": "1470925",
    "movie_id": "30906"
  },
  {
    "review": "듀크 프리드 출동~!",
    "date": "04.11.26",
    "rating": "10",
    "author": "kink****",
    "review_id": "152208",
    "movie_id": "30906"
  }
]