[
  {
    "review": "그놈의 발연기에 허약한 시나리오에",
    "date": "14.10.22",
    "rating": "1",
    "author": "pass****",
    "review_id": "9308046",
    "movie_id": "30907"
  },
  {
    "review": "투박하고 지루한 졸작. 팥없는 붕어빵.",
    "date": "14.05.29",
    "rating": "5",
    "author": "sinb****",
    "review_id": "8774050",
    "movie_id": "30907"
  },
  {
    "review": "실베스터 스텔론의 젊은 모습...",
    "date": "14.04.21",
    "rating": "6",
    "author": "01aj****",
    "review_id": "8663435",
    "movie_id": "30907"
  },
  {
    "review": "케인의 오리지널은 못 봤지만, 리메이크 버젼도 충분히 굿~! 스탤론이, 개과천선으로 스스로를 극복해 사람들을 구하는 반영웅 카터의 캐릭터를, 멋지게 풀어냈다. 망가지기 직전의 미키-루크, 우정출연자 케인, 알싸한 음악, 리드미컬한 격투씬, 모두 굿~!",
    "date": "14.03.16",
    "rating": "8",
    "author": "wana****",
    "review_id": "8580634",
    "movie_id": "30907"
  },
  {
    "review": "스탤론의 팬으로써 그의 영화를 좋아하지만 그가 아니었다면 살리기 힘들었을듯 하다",
    "date": "13.07.25",
    "rating": "8",
    "author": "dbrx****",
    "review_id": "7784323",
    "movie_id": "30907"
  },
  {
    "review": "그럭저럭 볼만했다.",
    "date": "13.05.12",
    "rating": "8",
    "author": "come****",
    "review_id": "7524246",
    "movie_id": "30907"
  },
  {
    "review": "캐릭터는 살아있다 볼만함",
    "date": "12.03.14",
    "rating": "5",
    "author": "wjdg****",
    "review_id": "6144318",
    "movie_id": "30907"
  },
  {
    "review": "아주 모자라진 않다.",
    "date": "11.08.22",
    "rating": "3",
    "author": "pria****",
    "review_id": "5678216",
    "movie_id": "30907"
  },
  {
    "review": "그냥 미드수준영화네. 젠장.",
    "date": "11.05.11",
    "rating": "3",
    "author": "mr05****",
    "review_id": "5422657",
    "movie_id": "30907"
  },
  {
    "review": "느와르를 원한건가? 정말 개같터ㅋㅋ",
    "date": "11.04.14",
    "rating": "2",
    "author": "si2p****",
    "review_id": "5373863",
    "movie_id": "30907"
  },
  {
    "review": "미키루크 얼굴에 놀라고 스탤론 팔근육에 놀라고",
    "date": "10.09.25",
    "rating": "7",
    "author": "zlat****",
    "review_id": "4867742",
    "movie_id": "30907"
  },
  {
    "review": "이 영화는 양복입은 슬라이가 정말 멋지다는 것을 인정해야만 끝까지 감상할수 있다.",
    "date": "10.03.19",
    "rating": "7",
    "author": "baks****",
    "review_id": "4367571",
    "movie_id": "30907"
  },
  {
    "review": "스탤론의 멋진 모습은 참으로 좋았는데 영화는 다소 느리게 진행되어 별루였다",
    "date": "09.01.21",
    "rating": "6",
    "author": "deff****",
    "review_id": "3236559",
    "movie_id": "30907"
  },
  {
    "review": "최고의 영화 복수영화중에 흐지부지가 많은데 확실하게 킬해주니 아주 속이다 시원함",
    "date": "08.12.31",
    "rating": "10",
    "author": "hpki****",
    "review_id": "3170571",
    "movie_id": "30907"
  },
  {
    "review": "2000 개봉작이 이제서야 나도네..암튼 볼만함",
    "date": "08.08.29",
    "rating": "10",
    "author": "myso****",
    "review_id": "2909408",
    "movie_id": "30907"
  },
  {
    "review": "스탤론 팬인데 좀 실망했다 카리스마는 여전했지만 갈수록 스토리가 어색해지는 영화",
    "date": "08.04.27",
    "rating": "5",
    "author": "aaa1****",
    "review_id": "2602721",
    "movie_id": "30907"
  },
  {
    "review": "멋진 영화~!! 더이상 무슨말이 필요하리..",
    "date": "08.01.16",
    "rating": "10",
    "author": "pega****",
    "review_id": "2337303",
    "movie_id": "30907"
  },
  {
    "review": "양복입은 스텔론..중후하네요.",
    "date": "07.12.27",
    "rating": "7",
    "author": "herc****",
    "review_id": "2272838",
    "movie_id": "30907"
  },
  {
    "review": "지루함 l 눈부신 액션도 잘 짜여진 스토리도 없다",
    "date": "07.08.02",
    "rating": "2",
    "author": "myap****",
    "review_id": "1850225",
    "movie_id": "30907"
  },
  {
    "review": "볼만했다",
    "date": "07.07.23",
    "rating": "10",
    "author": "dldl****",
    "review_id": "1801808",
    "movie_id": "30907"
  },
  {
    "review": "스타일리쉬하지만..좀어설펐다..",
    "date": "07.06.23",
    "rating": "6",
    "author": "hide****",
    "review_id": "1716983",
    "movie_id": "30907"
  },
  {
    "review": "아무것도 없는데 시종일관 뭔가 숨기고 감추는척 하느라 정말 애썼다.",
    "date": "07.05.11",
    "rating": "2",
    "author": "bepl****",
    "review_id": "1632187",
    "movie_id": "30907"
  },
  {
    "review": "서두가 다소 길지만 맛깔나는 영상, 중후한 매력의 스탤론.",
    "date": "07.04.03",
    "rating": "9",
    "author": "choc****",
    "review_id": "1570657",
    "movie_id": "30907"
  },
  {
    "review": "액션 기대이하. 자동차 추격신정도??",
    "date": "06.12.03",
    "rating": "8",
    "author": "jeeb****",
    "review_id": "1265054",
    "movie_id": "30907"
  },
  {
    "review": "액션 좋고, 연기 좋고, 내용 좋고 ... 그러나 TV 드라마같은 ...",
    "date": "06.10.28",
    "rating": "7",
    "author": "cat1****",
    "review_id": "1202852",
    "movie_id": "30907"
  },
  {
    "review": "역사상 최고의 카리스마를 보여주는 스탤론!!!",
    "date": "06.10.08",
    "rating": "10",
    "author": "half****",
    "review_id": "1169250",
    "movie_id": "30907"
  },
  {
    "review": "맥아리가 영 없는 영화 -.-",
    "date": "06.09.03",
    "rating": "4",
    "author": "taks****",
    "review_id": "1100960",
    "movie_id": "30907"
  },
  {
    "review": "카리스마 때문에",
    "date": "06.09.02",
    "rating": "9",
    "author": "cheo****",
    "review_id": "1096452",
    "movie_id": "30907"
  },
  {
    "review": "망가진 미키루크와 격돌하는 또다른 분위기의 스텔론...느와르?",
    "date": "06.05.31",
    "rating": "8",
    "author": "onof****",
    "review_id": "824684",
    "movie_id": "30907"
  },
  {
    "review": "아쉽기는 하지만 스텔론 특유의 어눌한 연기가 맛있다.",
    "date": "06.04.10",
    "rating": "8",
    "author": "ledm****",
    "review_id": "756440",
    "movie_id": "30907"
  },
  {
    "review": "그의 분위기가 너무나 맘에 들었던 영화 최고..",
    "date": "06.03.15",
    "rating": "10",
    "author": "xexi****",
    "review_id": "718093",
    "movie_id": "30907"
  },
  {
    "review": "겉멋만 잔뜩 든 액션..원작에 비하면 대단히 실망적인 작품.",
    "date": "06.03.03",
    "rating": "5",
    "author": "movi****",
    "review_id": "702292",
    "movie_id": "30907"
  },
  {
    "review": "좋아",
    "date": "06.01.12",
    "rating": "10",
    "author": "nysn****",
    "review_id": "582683",
    "movie_id": "30907"
  },
  {
    "review": "과격한 정통액션",
    "date": "05.12.24",
    "rating": "6",
    "author": "kws7****",
    "review_id": "524971",
    "movie_id": "30907"
  },
  {
    "review": "깔끔한 양복차림의 킬러..멋은 지대로~",
    "date": "05.12.24",
    "rating": "7",
    "author": "blue****",
    "review_id": "523812",
    "movie_id": "30907"
  },
  {
    "review": "영상과 분위기가 마음에 들었던 영화",
    "date": "05.07.05",
    "rating": "10",
    "author": "tbra****",
    "review_id": "313079",
    "movie_id": "30907"
  },
  {
    "review": "ㅋ",
    "date": "05.05.29",
    "rating": "10",
    "author": "kill****",
    "review_id": "289205",
    "movie_id": "30907"
  },
  {
    "review": "So so",
    "date": "05.02.18",
    "rating": "4",
    "author": "kiss****",
    "review_id": "223068",
    "movie_id": "30907"
  },
  {
    "review": "원작은 광기의 파멸인데,이것은 구원에 관한 거다. 지가 무슨 스콜세지야~",
    "date": "03.12.04",
    "rating": "4",
    "author": "tdol****",
    "review_id": "1117",
    "movie_id": "30907"
  }
]