[
  {
    "review": "웃긴게 비디오시절 1편을 (공포의 세계)로,  2편을 1편인냥 출시했단 사실. 여튼 비추",
    "date": "10.11.10",
    "rating": "3",
    "author": "gall****",
    "review_id": "4949891",
    "movie_id": "30904"
  },
  {
    "review": "전편의 성공(?)으로 나온 속편 스토리는 중요하지 않다",
    "date": "09.03.21",
    "rating": "4",
    "author": "deff****",
    "review_id": "3378937",
    "movie_id": "30904"
  },
  {
    "review": "전형적인 B급영화지만... 난 이 영화가 왜 좋지 ㅎㅎ",
    "date": "07.04.01",
    "rating": "8",
    "author": "park****",
    "review_id": "1565937",
    "movie_id": "30904"
  },
  {
    "review": "조잡함의 극치...",
    "date": "06.03.04",
    "rating": "2",
    "author": "lshp****",
    "review_id": "703628",
    "movie_id": "30904"
  }
]