[
  {
    "review": "아이들-여름-홍콩의 파릇파릇한 에너지가 가득한 작품. 한시절을 향한 작별인사.",
    "date": "13.05.29",
    "rating": "8",
    "author": "junt****",
    "review_id": "7561421",
    "movie_id": "30925"
  },
  {
    "review": "어린애가 촬영하면서 못된거 배웠을것 같다;; 할머니 귀여워~",
    "date": "11.11.23",
    "rating": "7",
    "author": "twis****",
    "review_id": "5866617",
    "movie_id": "30925"
  },
  {
    "review": "알레고리는 좋지만 성긴느낌의 만듦새",
    "date": "09.10.25",
    "rating": "5",
    "author": "erhe****",
    "review_id": "3914094",
    "movie_id": "30925"
  },
  {
    "review": "홍콩 반환전후 상황에 관심 있으신 분들 꼭 보세요!",
    "date": "09.07.11",
    "rating": "9",
    "author": "lllk****",
    "review_id": "3623554",
    "movie_id": "30925"
  },
  {
    "review": "가장 홍콩틱하게 생긴 소년",
    "date": "09.07.07",
    "rating": "9",
    "author": "euns****",
    "review_id": "3615739",
    "movie_id": "30925"
  },
  {
    "review": "재밌게 봤어요 홍콩 뒷골목 느낌이 정감있고 주인공 꼬마도 귀여웠고 ㅋㅋ",
    "date": "07.07.15",
    "rating": "8",
    "author": "namg****",
    "review_id": "1778751",
    "movie_id": "30925"
  },
  {
    "review": "보고나면 너무나도 홍콩의 골목골목이 가보고싶어지는 영화",
    "date": "05.10.12",
    "rating": "10",
    "author": "habr****",
    "review_id": "440500",
    "movie_id": "30925"
  },
  {
    "review": "이상하게 밝은 영화. 애정이 듬뿍담긴 시선.",
    "date": "05.09.09",
    "rating": "8",
    "author": "godc****",
    "review_id": "398603",
    "movie_id": "30925"
  },
  {
    "review": "왠지 모르게 짜증난다",
    "date": "05.07.28",
    "rating": "6",
    "author": "izzo****",
    "review_id": "337171",
    "movie_id": "30925"
  },
  {
    "review": "이찬삼 안나오는뎅..ㅜㅜ;",
    "date": "05.05.12",
    "rating": "10",
    "author": "seki****",
    "review_id": "276168",
    "movie_id": "30925"
  },
  {
    "review": "마지막장면 횡단보도 건너는 메이드인홍콩배우3명! 캬~프루트첸의 쎈쓰란!!",
    "date": "05.01.22",
    "rating": "10",
    "author": "rara****",
    "review_id": "192698",
    "movie_id": "30925"
  },
  {
    "review": "재미있는 영화입니ㄷㅏ",
    "date": "04.08.19",
    "rating": "10",
    "author": "vwbe****",
    "review_id": "92858",
    "movie_id": "30925"
  }
]