[
  {
    "review": "평점장난치지맙시다",
    "date": "11.08.04",
    "rating": "10",
    "author": "gerd****",
    "review_id": "5597942",
    "movie_id": "30941"
  },
  {
    "review": "불쌍해 ㅠㅠ",
    "date": "11.01.02",
    "rating": "10",
    "author": "dose****",
    "review_id": "5117767",
    "movie_id": "30941"
  },
  {
    "review": "밑에 1점 준 새끼들은 모냐 현실이 불편하면ㅇ 그냥 1점 주냐? 쓰레기 홍어들아",
    "date": "10.09.06",
    "rating": "10",
    "author": "fook****",
    "review_id": "4819246",
    "movie_id": "30941"
  },
  {
    "review": "gg치자 임요환댈고와",
    "date": "09.10.21",
    "rating": "1",
    "author": "blan****",
    "review_id": "3907268",
    "movie_id": "30941"
  },
  {
    "review": "ㅈㅈ치자",
    "date": "09.10.21",
    "rating": "1",
    "author": "rys9****",
    "review_id": "3907263",
    "movie_id": "30941"
  },
  {
    "review": "볼만함",
    "date": "09.10.21",
    "rating": "1",
    "author": "dnjs****",
    "review_id": "3907260",
    "movie_id": "30941"
  },
  {
    "review": "여자로 태어나지말자",
    "date": "09.10.21",
    "rating": "1",
    "author": "rlfd****",
    "review_id": "3907259",
    "movie_id": "30941"
  },
  {
    "review": "그래도 살아가야 되는 이란 여성들의 고달픈 삶.",
    "date": "05.07.07",
    "rating": "9",
    "author": "jcr3****",
    "review_id": "314713",
    "movie_id": "30941"
  },
  {
    "review": "전통과 교리속에 오늘도 이란 여성들의 눈물은 계속된다.",
    "date": "05.07.07",
    "rating": "7",
    "author": "hadl****",
    "review_id": "314634",
    "movie_id": "30941"
  },
  {
    "review": "보는내내 마지막의 절망이 예상되기에 그녀들에게 미안하다.",
    "date": "05.02.01",
    "rating": "9",
    "author": "gmlw****",
    "review_id": "203852",
    "movie_id": "30941"
  },
  {
    "review": "이란 여자들의 억압된 삶",
    "date": "04.02.12",
    "rating": "9",
    "author": "band****",
    "review_id": "19362",
    "movie_id": "30941"
  }
]