[
  {
    "review": "말이 필요 없다.프렌즈보다 더 굿인거다...(웃음)",
    "date": "15.07.02",
    "rating": "10",
    "author": "baks****",
    "review_id": "10059967",
    "movie_id": "30947"
  },
  {
    "review": "하나같이 모든 캐릭터가 다 사랑스러워",
    "date": "15.04.26",
    "rating": "10",
    "author": "jssh****",
    "review_id": "9872075",
    "movie_id": "30947"
  },
  {
    "review": "이 수다스러운 미드가 21세기 뉴욕 여성들에 끼친 영향이란!",
    "date": "14.11.17",
    "rating": "8",
    "author": "tear****",
    "review_id": "9393729",
    "movie_id": "30947"
  },
  {
    "review": "사랑스러운 캐리 귀여운 샬롯 솔직한 미란다 재밌는 사만다. 여자들에겐 다시 없을 최고의 드라마.",
    "date": "14.09.30",
    "rating": "10",
    "author": "wngm****",
    "review_id": "9250774",
    "movie_id": "30947"
  },
  {
    "review": "내가 가장 사랑하는 미드! 난 된장녀와는 거리가 멀지만-  어느정도 인생의 경험이 있는 여성이라면 많은 부분에서 공감되고 재밌을듯 하다.",
    "date": "14.01.31",
    "rating": "10",
    "author": "geni****",
    "review_id": "8454910",
    "movie_id": "30947"
  },
  {
    "review": "이걸 보고 된장녀가 되든 뭐가 되든 사람나름. 애초에 명품은 관심없다 그냥 여자들의 사랑에 대한 그런 세세한 감정 묘사들에 푹 빠지고 공감될뿐. 나에겐 최고",
    "date": "13.05.12",
    "rating": "10",
    "author": "ww35****",
    "review_id": "7523129",
    "movie_id": "30947"
  },
  {
    "review": "자세한 설명은 생략한다",
    "date": "13.04.14",
    "rating": "1",
    "author": "pjs3****",
    "review_id": "7459424",
    "movie_id": "30947"
  },
  {
    "review": "밑에님.. 30-40대 노처녀들이 이거보면 더 시집못가요 자기 주제를 모르게 되니깐여",
    "date": "12.12.05",
    "rating": "7",
    "author": "seed****",
    "review_id": "6974099",
    "movie_id": "30947"
  },
  {
    "review": "3-40대 노처녀 들이 보면 좋을듯, 남자들이 보기엔 좀 그렇다. 사라재시카파커가 맡은 된장녀 캐릭터만 빼면 정말 좋다. 이 여자 때문에 우리나라 된장녀들이 생겨나고 구두홀릭이 생겨난듯. 중간중간 노출도 보여주고 빠른전개 좋다",
    "date": "12.08.07",
    "rating": "8",
    "author": "khj8****",
    "review_id": "6578670",
    "movie_id": "30947"
  },
  {
    "review": "30살이 넘어서봐야 공감이될듯. 캐리의 나레이션은 항상 생각할거리를 만들어준다.",
    "date": "12.03.09",
    "rating": "9",
    "author": "mins****",
    "review_id": "6132840",
    "movie_id": "30947"
  },
  {
    "review": "내 인생에 많은 영향을 준 작품... 정말 최고의 영화!!!",
    "date": "12.02.26",
    "rating": "10",
    "author": "dkrl****",
    "review_id": "6104769",
    "movie_id": "30947"
  },
  {
    "review": "된장녀♡",
    "date": "10.12.08",
    "rating": "1",
    "author": "rmwl****",
    "review_id": "5035818",
    "movie_id": "30947"
  },
  {
    "review": "솔직하고 다양하고 화려하고 당당하고 재미까지준다. HBO의 명작",
    "date": "10.11.18",
    "rating": "10",
    "author": "tkdv****",
    "review_id": "4970759",
    "movie_id": "30947"
  },
  {
    "review": "하하하...",
    "date": "10.10.28",
    "rating": "9",
    "author": "king****",
    "review_id": "4924652",
    "movie_id": "30947"
  },
  {
    "review": "남자보단 여자가 좋아할 만한 시리즈물... 허나 난 별루....ㅡㅡ;;",
    "date": "10.07.07",
    "rating": "6",
    "author": "wohi****",
    "review_id": "4619966",
    "movie_id": "30947"
  },
  {
    "review": "사랑, 우정, 뉴욕 그리고 스미스♥",
    "date": "10.06.22",
    "rating": "9",
    "author": "coco****",
    "review_id": "4584120",
    "movie_id": "30947"
  },
  {
    "review": "10점!!",
    "date": "10.06.14",
    "rating": "10",
    "author": "naot****",
    "review_id": "4564480",
    "movie_id": "30947"
  },
  {
    "review": "최고라는 말밖에,,,",
    "date": "10.06.14",
    "rating": "10",
    "author": "shdr****",
    "review_id": "4564454",
    "movie_id": "30947"
  },
  {
    "review": "i love it! SATC",
    "date": "10.06.11",
    "rating": "10",
    "author": "godg****",
    "review_id": "4558993",
    "movie_id": "30947"
  },
  {
    "review": "여자들을 위한 최고의 드라마",
    "date": "10.04.25",
    "rating": "10",
    "author": "miks****",
    "review_id": "4455812",
    "movie_id": "30947"
  },
  {
    "review": "역시 유명작이 아닐래야 아닐 수 없다. 너무 너무 좋아 ♥",
    "date": "09.08.31",
    "rating": "10",
    "author": "sexy****",
    "review_id": "3801524",
    "movie_id": "30947"
  },
  {
    "review": "캐리는 재수없지만, 재미있는건 어쩔수없지. 사만다짱",
    "date": "09.08.09",
    "rating": "10",
    "author": "hell****",
    "review_id": "3727387",
    "movie_id": "30947"
  },
  {
    "review": "팬임'-'ㅎ",
    "date": "09.04.13",
    "rating": "10",
    "author": "rich****",
    "review_id": "3419124",
    "movie_id": "30947"
  },
  {
    "review": "여자라서 행복해요~ 웃다울다 많은걸 배운다.",
    "date": "08.05.19",
    "rating": "9",
    "author": "leh0****",
    "review_id": "2650771",
    "movie_id": "30947"
  },
  {
    "review": "세상을 살아가는 가장 발칙하고도 달콤한 방법!",
    "date": "08.04.21",
    "rating": "10",
    "author": "bean****",
    "review_id": "2592744",
    "movie_id": "30947"
  },
  {
    "review": "한국에선 저러다 졸라 맞는다",
    "date": "08.02.18",
    "rating": "1",
    "author": "stra****",
    "review_id": "2460433",
    "movie_id": "30947"
  },
  {
    "review": "정신나간 된장녀들의 지침서",
    "date": "08.01.10",
    "rating": "1",
    "author": "kile****",
    "review_id": "2312186",
    "movie_id": "30947"
  },
  {
    "review": "최고의 바이블",
    "date": "07.09.21",
    "rating": "10",
    "author": "cool****",
    "review_id": "2035299",
    "movie_id": "30947"
  },
  {
    "review": "사만다웃겨zzz",
    "date": "07.08.20",
    "rating": "9",
    "author": "humo****",
    "review_id": "1963969",
    "movie_id": "30947"
  },
  {
    "review": "어라. 누가 평점준거 지우기도 하는 모양일세.",
    "date": "07.08.12",
    "rating": "10",
    "author": "moon****",
    "review_id": "1929578",
    "movie_id": "30947"
  },
  {
    "review": "여자의로망",
    "date": "07.08.05",
    "rating": "10",
    "author": "jzza****",
    "review_id": "1886796",
    "movie_id": "30947"
  },
  {
    "review": "성인이 되어서 보니 최고!",
    "date": "07.07.31",
    "rating": "10",
    "author": "k_yo****",
    "review_id": "1832401",
    "movie_id": "30947"
  },
  {
    "review": "평생 내인생을 떠나지 않고 영향을 끼칠 영화,",
    "date": "07.07.11",
    "rating": "10",
    "author": "ysjh****",
    "review_id": "1765403",
    "movie_id": "30947"
  },
  {
    "review": "멋진 여자들 ㅎ",
    "date": "07.07.05",
    "rating": "10",
    "author": "feel****",
    "review_id": "1748812",
    "movie_id": "30947"
  },
  {
    "review": "상쾌한",
    "date": "07.06.17",
    "rating": "10",
    "author": "ahdm****",
    "review_id": "1706293",
    "movie_id": "30947"
  },
  {
    "review": "많은 것에 대해 배웠다. 캐리와 빅이 행복하길..♥",
    "date": "07.06.12",
    "rating": "10",
    "author": "lnr1****",
    "review_id": "1697621",
    "movie_id": "30947"
  },
  {
    "review": "perfection!",
    "date": "07.05.18",
    "rating": "10",
    "author": "hy_l****",
    "review_id": "1643613",
    "movie_id": "30947"
  },
  {
    "review": "여자는 섹스질..남자는 그여자를 먹여살리려 일생을 봉사..",
    "date": "07.04.25",
    "rating": "1",
    "author": "outs****",
    "review_id": "1604794",
    "movie_id": "30947"
  },
  {
    "review": "아줌마 되고서야 이해되던 대사들... 가끔은 감동적이기까지...",
    "date": "07.04.15",
    "rating": "9",
    "author": "kjun****",
    "review_id": "1589403",
    "movie_id": "30947"
  },
  {
    "review": "된장녀의 바이블. 졸라 문란한 걸 당연하게 여기는 여자들의 뻔뻔한 잡담",
    "date": "07.03.01",
    "rating": "1",
    "author": "finh****",
    "review_id": "1512277",
    "movie_id": "30947"
  },
  {
    "review": "시즌이 거듭될수록 초반의 재치가 줄어든 느낌이 아쉽다",
    "date": "07.03.01",
    "rating": "9",
    "author": "nala****",
    "review_id": "1510512",
    "movie_id": "30947"
  },
  {
    "review": "아주머니들의 최고의 로망",
    "date": "07.01.31",
    "rating": "7",
    "author": "ppp0****",
    "review_id": "1429981",
    "movie_id": "30947"
  },
  {
    "review": "화끈하다 진실하다 재미있다 여운남기다 최고!",
    "date": "06.10.23",
    "rating": "10",
    "author": "back****",
    "review_id": "1195649",
    "movie_id": "30947"
  },
  {
    "review": "쵝오.",
    "date": "06.10.18",
    "rating": "10",
    "author": "ggan****",
    "review_id": "1187939",
    "movie_id": "30947"
  },
  {
    "review": "1시즌부터 6시즌까지 다섯번 봤어요. 너무 좋아합니다.",
    "date": "06.10.14",
    "rating": "10",
    "author": "eaub****",
    "review_id": "1180791",
    "movie_id": "30947"
  },
  {
    "review": "시즌 4.5.6강추.. 사만다 완젼 웃겨.ㅋㅋㅋ",
    "date": "06.09.19",
    "rating": "10",
    "author": "luna****",
    "review_id": "1132409",
    "movie_id": "30947"
  },
  {
    "review": "재밌다 너무 ㅋ",
    "date": "06.09.03",
    "rating": "10",
    "author": "lind****",
    "review_id": "1100325",
    "movie_id": "30947"
  },
  {
    "review": "재밌긴 하다만.. 가끔 비슷한전개에 너무 오픈된거같다ㅜ~",
    "date": "06.08.16",
    "rating": "4",
    "author": "imbo****",
    "review_id": "1038463",
    "movie_id": "30947"
  },
  {
    "review": "최고의 드라마. 여자라면 꼭 보라...",
    "date": "06.08.10",
    "rating": "10",
    "author": "slee****",
    "review_id": "989618",
    "movie_id": "30947"
  },
  {
    "review": "넘 잼있는 드라마 -_ㅜ",
    "date": "06.07.11",
    "rating": "10",
    "author": "mpra****",
    "review_id": "883976",
    "movie_id": "30947"
  },
  {
    "review": "정말이지 중독성 있다.특히 시즌6은 정말....",
    "date": "06.07.08",
    "rating": "10",
    "author": "haru****",
    "review_id": "876587",
    "movie_id": "30947"
  },
  {
    "review": "미국 드라마 중 제일 낫다",
    "date": "06.06.30",
    "rating": "10",
    "author": "zeed****",
    "review_id": "864646",
    "movie_id": "30947"
  },
  {
    "review": "재밌어요 :)",
    "date": "06.05.19",
    "rating": "10",
    "author": "nia2****",
    "review_id": "806577",
    "movie_id": "30947"
  },
  {
    "review": "전부다 소장하고싶다. 버릴에피소드가 하나도 없다",
    "date": "06.05.13",
    "rating": "10",
    "author": "righ****",
    "review_id": "797977",
    "movie_id": "30947"
  },
  {
    "review": "진짜 뉴욕가고싶다.",
    "date": "06.05.12",
    "rating": "10",
    "author": "coco****",
    "review_id": "797178",
    "movie_id": "30947"
  },
  {
    "review": "은근히 재밌는, ㅋㅋ",
    "date": "06.05.09",
    "rating": "10",
    "author": "lims****",
    "review_id": "793902",
    "movie_id": "30947"
  },
  {
    "review": "나에게 맞춤 드라마. 최고",
    "date": "06.03.25",
    "rating": "10",
    "author": "wpdl****",
    "review_id": "732588",
    "movie_id": "30947"
  },
  {
    "review": "현대여성들의 새로운 생각이라고할까..? 아무튼 재미있는 작품ㅋ",
    "date": "06.01.27",
    "rating": "10",
    "author": "yjs8****",
    "review_id": "624801",
    "movie_id": "30947"
  },
  {
    "review": "각 문화의 틀에 맞춰 생각해야지 거부할 필요는 없는거다.",
    "date": "05.11.28",
    "rating": "9",
    "author": "teta****",
    "review_id": "487643",
    "movie_id": "30947"
  },
  {
    "review": "정말최고의 드라마..6시즌은 매회 울면서 봤다..",
    "date": "05.11.15",
    "rating": "10",
    "author": "fuji****",
    "review_id": "474841",
    "movie_id": "30947"
  },
  {
    "review": "볼 거리, 생각할 거리가 너무 많은 드라마",
    "date": "05.10.31",
    "rating": "10",
    "author": "king****",
    "review_id": "460212",
    "movie_id": "30947"
  },
  {
    "review": "시즌 6는 정말로 추천하고 싶다. 멋진 네 여자.",
    "date": "05.10.07",
    "rating": "8",
    "author": "soom****",
    "review_id": "435877",
    "movie_id": "30947"
  },
  {
    "review": "캐리식으로 사는 여자가 복제되고있다.",
    "date": "05.09.08",
    "rating": "10",
    "author": "rkdt****",
    "review_id": "396534",
    "movie_id": "30947"
  },
  {
    "review": "대도시에 사는 싱글 여자로서 공감! + 시트콤의 교본!",
    "date": "05.08.20",
    "rating": "10",
    "author": "milk****",
    "review_id": "376587",
    "movie_id": "30947"
  },
  {
    "review": "재밌고 솔직하고 공감가는 이야기들이 많다",
    "date": "05.08.16",
    "rating": "10",
    "author": "pink****",
    "review_id": "370574",
    "movie_id": "30947"
  },
  {
    "review": "최고",
    "date": "05.08.02",
    "rating": "10",
    "author": "fond****",
    "review_id": "348824",
    "movie_id": "30947"
  },
  {
    "review": "사만다의 자우위 기게 제일 웃김 ㅋㅋㅋ",
    "date": "05.07.23",
    "rating": "10",
    "author": "wjdg****",
    "review_id": "331069",
    "movie_id": "30947"
  },
  {
    "review": "재밌게보곤했지만,그들의사상은좀겁난다.너무오픈된것같..",
    "date": "05.05.10",
    "rating": "10",
    "author": "7301****",
    "review_id": "274784",
    "movie_id": "30947"
  },
  {
    "review": "넘 좋아.이 시리즈..어떤이들은 역겹다하지만..괜한편견",
    "date": "05.04.05",
    "rating": "10",
    "author": "pjyl****",
    "review_id": "254213",
    "movie_id": "30947"
  },
  {
    "review": "많은 사람들이 열광하는데는 분명 이유가 있다.",
    "date": "05.03.12",
    "rating": "10",
    "author": "hyun****",
    "review_id": "238990",
    "movie_id": "30947"
  },
  {
    "review": "난 이거보면 오바이트가 쏠려서.. 죄송",
    "date": "05.02.27",
    "rating": "2",
    "author": "plan****",
    "review_id": "231404",
    "movie_id": "30947"
  },
  {
    "review": "얼핏보고 판단하기엔 너무 느낄게 많은 드라마.",
    "date": "05.02.11",
    "rating": "10",
    "author": "xeun****",
    "review_id": "215538",
    "movie_id": "30947"
  },
  {
    "review": "주인공은 안예쁘지만 잼있는 이야기",
    "date": "05.02.05",
    "rating": "10",
    "author": "casc****",
    "review_id": "208916",
    "movie_id": "30947"
  },
  {
    "review": "외울정도로 봐도 계속보고싶은 유쾌한 드라마.",
    "date": "05.01.29",
    "rating": "10",
    "author": "hyny****",
    "review_id": "199111",
    "movie_id": "30947"
  },
  {
    "review": "재미있긴함",
    "date": "05.01.18",
    "rating": "10",
    "author": "wjdw****",
    "review_id": "189078",
    "movie_id": "30947"
  },
  {
    "review": "여자들만의 솔직한 이야기 유쾌한 ㅋㅋㅋ",
    "date": "05.01.03",
    "rating": "10",
    "author": "hyde****",
    "review_id": "176331",
    "movie_id": "30947"
  },
  {
    "review": "싱글을 위한 시트콤.",
    "date": "04.11.18",
    "rating": "10",
    "author": "bomi****",
    "review_id": "148092",
    "movie_id": "30947"
  },
  {
    "review": "넘 잼나거..여자들만의 이야기라 더 관심이 간다..",
    "date": "04.11.09",
    "rating": "10",
    "author": "sexy****",
    "review_id": "142881",
    "movie_id": "30947"
  },
  {
    "review": "솔직하고 꾸미지 않은게 좋아요 ㅋ 흥미진진한뒈~ㅋㅋㅋ",
    "date": "04.11.04",
    "rating": "10",
    "author": "mypi****",
    "review_id": "139089",
    "movie_id": "30947"
  },
  {
    "review": "평범한 것 같지만 절대 평범하지 않은^^그녀들의 인생이야기 너무 좋아요",
    "date": "04.11.04",
    "rating": "10",
    "author": "moon****",
    "review_id": "138967",
    "movie_id": "30947"
  },
  {
    "review": "새라제시카파커 넘 좋아요 ...",
    "date": "04.10.15",
    "rating": "10",
    "author": "i_ji****",
    "review_id": "125846",
    "movie_id": "30947"
  },
  {
    "review": "평범한 한국의 남자들처럼 노는 4명의 커리어우먼의 이야기들. ㅋㅋ",
    "date": "04.10.10",
    "rating": "10",
    "author": "ican****",
    "review_id": "123046",
    "movie_id": "30947"
  },
  {
    "review": "한 스토리만 봐도 완전 중독되는 SATC^^!! 리얼 내 스탈~ㅋㅋ",
    "date": "04.10.09",
    "rating": "10",
    "author": "ssum****",
    "review_id": "122339",
    "movie_id": "30947"
  },
  {
    "review": "10점 만점 주어도 아깝지 않은 스토리~",
    "date": "04.10.07",
    "rating": "10",
    "author": "eve2****",
    "review_id": "121554",
    "movie_id": "30947"
  },
  {
    "review": "너무 솔직하고 유쾌하고 때론 진지하기도 한 머찐 드라마예요",
    "date": "04.09.20",
    "rating": "10",
    "author": "what****",
    "review_id": "111536",
    "movie_id": "30947"
  },
  {
    "review": "정말 재밌는 드라마에요 ㅎㅎ 보면볼수록 빠져들어요♡",
    "date": "04.09.16",
    "rating": "10",
    "author": "for_****",
    "review_id": "109563",
    "movie_id": "30947"
  },
  {
    "review": "첨에 제목보고 --;이랬는데 나도모르게 빠져들어 팬이되버린..;;",
    "date": "04.09.12",
    "rating": "10",
    "author": "sexy****",
    "review_id": "106779",
    "movie_id": "30947"
  },
  {
    "review": "이것땜에 잠을 못자네...요새...아후` 피곤~해~ 넘 잼어요^^",
    "date": "04.09.09",
    "rating": "10",
    "author": "lee0****",
    "review_id": "105447",
    "movie_id": "30947"
  },
  {
    "review": "신데렐라 스토리의 대척점에 서 있는 또다른 여성 환타지...",
    "date": "04.09.06",
    "rating": "7",
    "author": "glif****",
    "review_id": "103957",
    "movie_id": "30947"
  },
  {
    "review": "당신이 자극적이면서도 지적인 대화를 원한다면 당장 SATC를 보라!",
    "date": "04.09.04",
    "rating": "10",
    "author": "nihi****",
    "review_id": "102393",
    "movie_id": "30947"
  },
  {
    "review": "흠.........",
    "date": "04.09.03",
    "rating": "10",
    "author": "lsbs****",
    "review_id": "101867",
    "movie_id": "30947"
  },
  {
    "review": "11",
    "date": "04.07.30",
    "rating": "10",
    "author": "pppi****",
    "review_id": "79572",
    "movie_id": "30947"
  },
  {
    "review": "딱! 나의 理想~~~~~~",
    "date": "04.07.26",
    "rating": "10",
    "author": "518s****",
    "review_id": "77152",
    "movie_id": "30947"
  },
  {
    "review": "하루종일 섹스앤 시티만 보구싶어~너무 죠아요!",
    "date": "04.07.20",
    "rating": "10",
    "author": "sylp****",
    "review_id": "73851",
    "movie_id": "30947"
  },
  {
    "review": "네 여인들의 우정, 사랑 ,패션...정말정말 부러버♡",
    "date": "04.07.09",
    "rating": "10",
    "author": "doda****",
    "review_id": "67711",
    "movie_id": "30947"
  },
  {
    "review": "여자들이 공감할 수 있는 이야기.",
    "date": "04.06.26",
    "rating": "10",
    "author": "kate****",
    "review_id": "60782",
    "movie_id": "30947"
  },
  {
    "review": "상큼한 비타민처럼 생활에 유쾌한 활력을 주는 이야기랍니다",
    "date": "04.06.25",
    "rating": "10",
    "author": "mula****",
    "review_id": "60284",
    "movie_id": "30947"
  },
  {
    "review": "너무 잼있고 유쾌한얘기인거알자나요^^*",
    "date": "04.06.13",
    "rating": "10",
    "author": "nata****",
    "review_id": "53698",
    "movie_id": "30947"
  },
  {
    "review": "당신이 자기일을 가지고 어느정도 성공한 독신여성이라면 꼭한번은 봐야할 .",
    "date": "04.06.06",
    "rating": "10",
    "author": "acid****",
    "review_id": "50385",
    "movie_id": "30947"
  },
  {
    "review": "솔직함과 사실성",
    "date": "04.06.03",
    "rating": "10",
    "author": "pscj****",
    "review_id": "49022",
    "movie_id": "30947"
  }
]