[
  {
    "review": "사랑은 이렇게 하는 거라는 아 가슴 시린영화다!",
    "date": "15.04.01",
    "rating": "10",
    "author": "haen****",
    "review_id": "9820267",
    "movie_id": "30952"
  },
  {
    "review": "전성기를 달리던 홍콩영화계의 마지막 수작!",
    "date": "14.09.20",
    "rating": "10",
    "author": "xhfn****",
    "review_id": "9228596",
    "movie_id": "30952"
  },
  {
    "review": "이별한지 한달도 안된 나로서 너무 공감가고 대부분의 여자들이 사랑에 빠지면서 느끼는 감정변화를 제대로 보여줬다. 이별후에 행동도 정말공감! 그래도 어떻게든 잊혀지고 또 사랑은 온다..",
    "date": "14.03.03",
    "rating": "9",
    "author": "okre****",
    "review_id": "8553346",
    "movie_id": "30952"
  },
  {
    "review": "장백지, 사정봉 이영화찍다 사랑에 빠졌나?",
    "date": "12.10.29",
    "rating": "9",
    "author": "bajj****",
    "review_id": "6834837",
    "movie_id": "30952"
  },
  {
    "review": "알바ㅡㅡ",
    "date": "12.09.13",
    "rating": "10",
    "author": "lmy0****",
    "review_id": "6692770",
    "movie_id": "30952"
  },
  {
    "review": "여신 장백지의 눈부신 연기",
    "date": "12.03.11",
    "rating": "8",
    "author": "cont****",
    "review_id": "6135754",
    "movie_id": "30952"
  },
  {
    "review": "OO전에봤는데 아직도 가끔생각남...이런영화좋더라..",
    "date": "12.03.10",
    "rating": "9",
    "author": "kkym****",
    "review_id": "6133709",
    "movie_id": "30952"
  },
  {
    "review": "재밌음 난 이런 섬세한영화가 좋더라~~~",
    "date": "12.01.05",
    "rating": "10",
    "author": "psaj****",
    "review_id": "5961776",
    "movie_id": "30952"
  },
  {
    "review": "걍 볼만함...엔딩은 좀 황당...",
    "date": "11.06.29",
    "rating": "7",
    "author": "dbzh****",
    "review_id": "5507362",
    "movie_id": "30952"
  },
  {
    "review": "저 여자 좀 짜증나는데 한편으로는 공감하게됨...",
    "date": "11.05.20",
    "rating": "7",
    "author": "twis****",
    "review_id": "5438329",
    "movie_id": "30952"
  },
  {
    "review": "좋네 ...",
    "date": "10.05.02",
    "rating": "10",
    "author": "soon****",
    "review_id": "4470957",
    "movie_id": "30952"
  },
  {
    "review": "여주인공이 너무 무책임한 것 아닌가 싶다",
    "date": "10.03.09",
    "rating": "4",
    "author": "gwen****",
    "review_id": "4347036",
    "movie_id": "30952"
  },
  {
    "review": "여자라면 공감 할 만 한 영화",
    "date": "09.11.02",
    "rating": "6",
    "author": "tnfu****",
    "review_id": "3932759",
    "movie_id": "30952"
  },
  {
    "review": "현실적이고  매우 공감이 간다. 여자의 심리를 잘 포착한 듯...",
    "date": "09.08.23",
    "rating": "10",
    "author": "danj****",
    "review_id": "3778804",
    "movie_id": "30952"
  },
  {
    "review": "솔직히 스토리를 비롯 영화 자체가 별로네...",
    "date": "08.12.14",
    "rating": "5",
    "author": "wony****",
    "review_id": "3118208",
    "movie_id": "30952"
  },
  {
    "review": "사랑은 믿을것이 못되는걸까",
    "date": "08.11.17",
    "rating": "8",
    "author": "insa****",
    "review_id": "3057321",
    "movie_id": "30952"
  },
  {
    "review": "진부한 이야기",
    "date": "08.09.07",
    "rating": "7",
    "author": "diri****",
    "review_id": "2926999",
    "movie_id": "30952"
  },
  {
    "review": "엉성하고 이해안됨",
    "date": "08.08.25",
    "rating": "4",
    "author": "byul****",
    "review_id": "2901903",
    "movie_id": "30952"
  },
  {
    "review": "정말 솔직해서 10점이 아깝지 않다.",
    "date": "08.04.08",
    "rating": "10",
    "author": "harr****",
    "review_id": "2566585",
    "movie_id": "30952"
  },
  {
    "review": "비디오 사서 열댓번은 본거같아요. 1점 준 사람들 이해가 안되네요.",
    "date": "08.04.07",
    "rating": "10",
    "author": "kz13****",
    "review_id": "2566026",
    "movie_id": "30952"
  },
  {
    "review": "공감은 얻었지만 재미는 주지 않는구나.",
    "date": "08.03.15",
    "rating": "3",
    "author": "sae1****",
    "review_id": "2521008",
    "movie_id": "30952"
  },
  {
    "review": "끝에 왜 피하다가 딴남자랑 눈이 맞는건지?그냥 충격 좀 받고 말 일을.끝이 아쉽다..",
    "date": "08.02.12",
    "rating": "8",
    "author": "marl****",
    "review_id": "2439892",
    "movie_id": "30952"
  },
  {
    "review": "현실적인 로맨스 영화라 관람후 생각을 하게 만드는 영화",
    "date": "08.01.19",
    "rating": "10",
    "author": "foor****",
    "review_id": "2345779",
    "movie_id": "30952"
  },
  {
    "review": "열두 밤을 꼬박 세워도 알 수 없는 건... 사랑 ^^ 사랑에 관한 아주 현실적인 영화",
    "date": "08.01.12",
    "rating": "10",
    "author": "cine****",
    "review_id": "2322854",
    "movie_id": "30952"
  },
  {
    "review": "사실 장쯔이보다 장백지가 더 이쁘지 않아요??",
    "date": "07.08.21",
    "rating": "8",
    "author": "typo****",
    "review_id": "1964951",
    "movie_id": "30952"
  },
  {
    "review": "너무 본질적으로 파고 들려고 한다",
    "date": "07.08.02",
    "rating": "4",
    "author": "okjo****",
    "review_id": "1851406",
    "movie_id": "30952"
  },
  {
    "review": "ㅡ.,ㅡ; 뭐얌",
    "date": "07.05.24",
    "rating": "1",
    "author": "dodo****",
    "review_id": "1654557",
    "movie_id": "30952"
  },
  {
    "review": "내가 이해를 못한거라고 믿고싶어 -_-",
    "date": "07.05.24",
    "rating": "6",
    "author": "djin****",
    "review_id": "1653680",
    "movie_id": "30952"
  },
  {
    "review": "엔딩정말...어처구니가 없다..후후..참...",
    "date": "07.04.04",
    "rating": "10",
    "author": "sams****",
    "review_id": "1571695",
    "movie_id": "30952"
  },
  {
    "review": "장백지가 대한항공 승무원으로 나오다니 ㅋ",
    "date": "07.03.24",
    "rating": "9",
    "author": "flos****",
    "review_id": "1552450",
    "movie_id": "30952"
  },
  {
    "review": "더 사랑한쪽이 지게되어있는 게임..",
    "date": "07.01.19",
    "rating": "10",
    "author": "2nom****",
    "review_id": "1398256",
    "movie_id": "30952"
  },
  {
    "review": "사랑에 답이 있냐...???",
    "date": "06.10.10",
    "rating": "8",
    "author": "reki****",
    "review_id": "1174496",
    "movie_id": "30952"
  },
  {
    "review": "소장하고 싶은데 디비디로 안나온..ㅠ_ㅠ",
    "date": "06.08.25",
    "rating": "10",
    "author": "adee****",
    "review_id": "1075755",
    "movie_id": "30952"
  },
  {
    "review": "여주인공..",
    "date": "06.08.02",
    "rating": "8",
    "author": "zeed****",
    "review_id": "956596",
    "movie_id": "30952"
  },
  {
    "review": "영화관 가서 본게 엊그제 같은데...",
    "date": "06.07.03",
    "rating": "10",
    "author": "seon****",
    "review_id": "868810",
    "movie_id": "30952"
  },
  {
    "review": "이라는 국산영화와 반하는 작품.",
    "date": "06.04.16",
    "rating": "5",
    "author": "almo****",
    "review_id": "763896",
    "movie_id": "30952"
  },
  {
    "review": "운명이라는 믿었던 그 사랑의 가벼움이란...",
    "date": "06.04.13",
    "rating": "7",
    "author": "seri****",
    "review_id": "759412",
    "movie_id": "30952"
  },
  {
    "review": "장백지 하나만으로 평점 다 채운 듯 함...",
    "date": "06.04.04",
    "rating": "5",
    "author": "lshp****",
    "review_id": "748385",
    "movie_id": "30952"
  },
  {
    "review": "진짜 예전에 봤는데.. 재밌었다. 또 보고싶은데...",
    "date": "06.03.26",
    "rating": "10",
    "author": "whgk****",
    "review_id": "734588",
    "movie_id": "30952"
  },
  {
    "review": "현실적인 사랑얘기를 섬세하게 잘 표현해낸 영화.",
    "date": "06.03.23",
    "rating": "9",
    "author": "thaz****",
    "review_id": "729553",
    "movie_id": "30952"
  },
  {
    "review": "장백지 보는 맛에 봤다..",
    "date": "06.01.21",
    "rating": "4",
    "author": "scal****",
    "review_id": "606797",
    "movie_id": "30952"
  },
  {
    "review": "역시나 장백지",
    "date": "05.10.25",
    "rating": "10",
    "author": "musi****",
    "review_id": "454674",
    "movie_id": "30952"
  },
  {
    "review": "새롭고 섬세한 이야기들이 영화에 빠져들게 한다 매력적인 영화",
    "date": "05.08.19",
    "rating": "10",
    "author": "true****",
    "review_id": "373967",
    "movie_id": "30952"
  },
  {
    "review": "남녀관계의 한면을 잘 나타낸 영화.",
    "date": "05.08.09",
    "rating": "10",
    "author": "roug****",
    "review_id": "358683",
    "movie_id": "30952"
  },
  {
    "review": "사랑의 시작과 끝, 남여의 그 미묘한 감정들이 사실적으로.",
    "date": "05.07.06",
    "rating": "7",
    "author": "hadl****",
    "review_id": "313848",
    "movie_id": "30952"
  },
  {
    "review": "정말 아름다운 음악. 정말 아름다운 장백지. 이 영화가 좋다.",
    "date": "05.04.09",
    "rating": "10",
    "author": "tjsd****",
    "review_id": "256819",
    "movie_id": "30952"
  },
  {
    "review": "생각하게하는영화 혼자보기좋은영화",
    "date": "05.02.05",
    "rating": "9",
    "author": "wing****",
    "review_id": "209043",
    "movie_id": "30952"
  },
  {
    "review": "여윤이 남네",
    "date": "05.01.25",
    "rating": "10",
    "author": "andy****",
    "review_id": "195363",
    "movie_id": "30952"
  },
  {
    "review": "더럽게 재미없음! 진짜 왕지루함!!!",
    "date": "05.01.21",
    "rating": "1",
    "author": "hara****",
    "review_id": "191814",
    "movie_id": "30952"
  },
  {
    "review": "가슴아파서 너무 아파서 쿵! 했던.....",
    "date": "04.11.13",
    "rating": "10",
    "author": "hyh1****",
    "review_id": "144884",
    "movie_id": "30952"
  },
  {
    "review": "너무너무 사랑하는 영화....",
    "date": "04.11.04",
    "rating": "10",
    "author": "ysmt****",
    "review_id": "139184",
    "movie_id": "30952"
  },
  {
    "review": "소장하고 싶은영화 남녀의 마음 자신의 자위에 알수있는것",
    "date": "04.11.01",
    "rating": "10",
    "author": "emin****",
    "review_id": "137289",
    "movie_id": "30952"
  },
  {
    "review": "넘넘.. 이쁘게 나온 장백지..",
    "date": "04.11.01",
    "rating": "10",
    "author": "m2mb****",
    "review_id": "136862",
    "movie_id": "30952"
  },
  {
    "review": "all about love~",
    "date": "04.09.18",
    "rating": "10",
    "author": "oheu****",
    "review_id": "110360",
    "movie_id": "30952"
  },
  {
    "review": "정말 감동적으로 본 영화",
    "date": "04.08.19",
    "rating": "10",
    "author": "ridd****",
    "review_id": "92947",
    "movie_id": "30952"
  },
  {
    "review": "사랑의끝,시작,다시 끝- 흔한 사랑에 관한 흔하지 않은 영화",
    "date": "04.07.31",
    "rating": "8",
    "author": "yunn****",
    "review_id": "80505",
    "movie_id": "30952"
  },
  {
    "review": "12야로나눠논사랑이야기..",
    "date": "04.07.16",
    "rating": "10",
    "author": "nthj****",
    "review_id": "71523",
    "movie_id": "30952"
  },
  {
    "review": "장백지는 언제봐도..!",
    "date": "04.07.14",
    "rating": "8",
    "author": "just****",
    "review_id": "70317",
    "movie_id": "30952"
  },
  {
    "review": "잘만든 홍콩영화 ㅠㅠ//",
    "date": "04.06.27",
    "rating": "10",
    "author": "chri****",
    "review_id": "61552",
    "movie_id": "30952"
  }
]