[
  {
    "review": "내가 평점울 높여주겠음",
    "date": "14.11.11",
    "rating": "10",
    "author": "juho****",
    "review_id": "9371691",
    "movie_id": "30988"
  },
  {
    "review": "많은걸 생각하게 해줬다",
    "date": "11.06.09",
    "rating": "10",
    "author": "wg31****",
    "review_id": "5472062",
    "movie_id": "30988"
  },
  {
    "review": "스토리가 엉성하고 산만하다",
    "date": "11.05.13",
    "rating": "2",
    "author": "cont****",
    "review_id": "5424808",
    "movie_id": "30988"
  },
  {
    "review": "의외의 숨겨진 수작. 철학적 분위기가 가미된 독특한 스토리의 심리 호러 영화.",
    "date": "11.03.14",
    "rating": "7",
    "author": "anti****",
    "review_id": "5312811",
    "movie_id": "30988"
  },
  {
    "review": "볼거리만 충족시킬 뿐. 스토리가 익숙하다.",
    "date": "09.01.12",
    "rating": "2",
    "author": "evil****",
    "review_id": "3215972",
    "movie_id": "30988"
  },
  {
    "review": "다크영화중 중간은 가는데...",
    "date": "08.12.09",
    "rating": "8",
    "author": "ttun****",
    "review_id": "3102226",
    "movie_id": "30988"
  },
  {
    "review": "별반쪽도 아까운영화. 시나리오가 뭐 널뛰듯. 쓰레기등급.",
    "date": "08.06.17",
    "rating": "1",
    "author": "haet****",
    "review_id": "2704408",
    "movie_id": "30988"
  },
  {
    "review": "왜이렇게평가가낮지?이런종류의영화중에선굿!검은물밑에서이딴것보다이게천배좋음",
    "date": "07.11.26",
    "rating": "10",
    "author": "hsp1****",
    "review_id": "2186316",
    "movie_id": "30988"
  },
  {
    "review": "이 영상물은 영화로 분류될 수 없습니다. 매각 ..",
    "date": "07.09.02",
    "rating": "1",
    "author": "temp****",
    "review_id": "1996447",
    "movie_id": "30988"
  },
  {
    "review": "3류~4류~5류",
    "date": "07.08.10",
    "rating": "1",
    "author": "seok****",
    "review_id": "1916786",
    "movie_id": "30988"
  },
  {
    "review": "매력이 있다.",
    "date": "06.05.02",
    "rating": "10",
    "author": "aaal****",
    "review_id": "783108",
    "movie_id": "30988"
  },
  {
    "review": "화면 빨이 괜찮다 그래도",
    "date": "05.12.25",
    "rating": "6",
    "author": "kws7****",
    "review_id": "527433",
    "movie_id": "30988"
  },
  {
    "review": "허무의 극치, 그것도 중반부터 허무함와 지루함이 몰려온다",
    "date": "05.05.12",
    "rating": "2",
    "author": "si2p****",
    "review_id": "276230",
    "movie_id": "30988"
  },
  {
    "review": "영화란 말야..안무서우면 재미라도 있어야 되는 거거든?",
    "date": "05.04.09",
    "rating": "6",
    "author": "jcr3****",
    "review_id": "257060",
    "movie_id": "30988"
  },
  {
    "review": "오히려 허무한 결말이 사람을 끄는 맛이 있다.",
    "date": "05.02.22",
    "rating": "8",
    "author": "rhfe****",
    "review_id": "227244",
    "movie_id": "30988"
  },
  {
    "review": "재미없을줄 알고 안봤는데 생각보단 재미있었다",
    "date": "05.02.21",
    "rating": "8",
    "author": "supe****",
    "review_id": "226692",
    "movie_id": "30988"
  },
  {
    "review": "아 좋긴 좋았는데 너무 허무하다 이거 -_-;;",
    "date": "05.02.21",
    "rating": "6",
    "author": "nori****",
    "review_id": "225924",
    "movie_id": "30988"
  },
  {
    "review": "암울한 분위기까지만 好. 나머지는 엉성하기 이를 데 없는 듯",
    "date": "05.02.21",
    "rating": "4",
    "author": "kimj****",
    "review_id": "225920",
    "movie_id": "30988"
  },
  {
    "review": "진짜 존나 허무하다..................",
    "date": "05.02.21",
    "rating": "1",
    "author": "lada****",
    "review_id": "225917",
    "movie_id": "30988"
  },
  {
    "review": "오늘 토요명화로 하든데 재밌을듯",
    "date": "05.02.21",
    "rating": "6",
    "author": "lyck****",
    "review_id": "225843",
    "movie_id": "30988"
  },
  {
    "review": "극장가서 봤는데 솔직히 쓰레기영화 끝나고 관객들 다 욕시작",
    "date": "04.11.17",
    "rating": "3",
    "author": "hann****",
    "review_id": "147389",
    "movie_id": "30988"
  }
]