[
  {
    "review": "영화 진짜 꿀잼인데 평점이 생각보다 낮네...",
    "date": "15.07.25",
    "rating": "10",
    "author": "ldj0****",
    "review_id": "10140450",
    "movie_id": "30984"
  },
  {
    "review": "정말 이시절의 영화들이 너무 그립다. 달마야 놀자,집으로 등등이땐 조폭영화든 깡패영화든 한국의정과 담백함이 있었는데지금은 그저 흥행에만 너무 집중한 나머지 한국 특유의 정감이 없는거 같다 재미를 떠나서 이런영화들이 이제 보기힘들다는것이 안타깝다",
    "date": "15.07.15",
    "rating": "10",
    "author": "jieu****",
    "review_id": "10106345",
    "movie_id": "30984"
  },
  {
    "review": "그냥 그냥..볼만하다",
    "date": "15.06.24",
    "rating": "8",
    "author": "rino****",
    "review_id": "10030626",
    "movie_id": "30984"
  },
  {
    "review": "ㅅㅂ차승원  엄살.닭살.욕쩐다 때려치우라영화촬영할때.진지하게했으면좋겠음이성재가100배낳음",
    "date": "15.06.06",
    "rating": "1",
    "author": "rlal****",
    "review_id": "9979557",
    "movie_id": "30984"
  },
  {
    "review": "겁나 웃겨 차승원 ㅋㅋㅋ",
    "date": "15.05.24",
    "rating": "10",
    "author": "eunh****",
    "review_id": "9943473",
    "movie_id": "30984"
  },
  {
    "review": "종합 평점은 6점 드립니다.",
    "date": "15.05.18",
    "rating": "6",
    "author": "terr****",
    "review_id": "9928240",
    "movie_id": "30984"
  },
  {
    "review": "이거재미없다는사람들은다시봐라",
    "date": "15.04.25",
    "rating": "9",
    "author": "xx41****",
    "review_id": "9865535",
    "movie_id": "30984"
  },
  {
    "review": "2015년에 처음봤는데 진짜 배꼽잡고 웃었다ㅋㅋ 유쾌하게 보기 딱좋다. 10년도 더 된 영화지만 촌스러움마저도 귀엽고 재밌다 아ㅋㅋ 진짜재밌게봤다ㅋㅋ김혜수가 이렇게귀여웠다니 차승원도 웃긴데 몸은 섹시하더라",
    "date": "15.04.24",
    "rating": "10",
    "author": "eueu****",
    "review_id": "9861798",
    "movie_id": "30984"
  },
  {
    "review": "이게 어떻게 이렇게 평점이 낮지....",
    "date": "15.04.17",
    "rating": "10",
    "author": "kbjh****",
    "review_id": "9850012",
    "movie_id": "30984"
  },
  {
    "review": "김상진 감독 3연타 영화중 2번째 영화, 지금봐도 졸라재밌다..유해진의 뒤좀봐요! 뒤좀!! 최고",
    "date": "15.04.06",
    "rating": "9",
    "author": "yero****",
    "review_id": "9831626",
    "movie_id": "30984"
  },
  {
    "review": "재밌다 재밋다 재밋음 존잼",
    "date": "15.04.03",
    "rating": "10",
    "author": "secs****",
    "review_id": "9823422",
    "movie_id": "30984"
  },
  {
    "review": "초딩때 봤을때와 지금 봤을때 색다롭네ㅋㅋ",
    "date": "15.04.03",
    "rating": "10",
    "author": "ntjs****",
    "review_id": "9823308",
    "movie_id": "30984"
  },
  {
    "review": "국산 코미디영화중에서 난 신라의달밤이 제일좋았음뭔가 푸근하고 따뜻함..",
    "date": "15.04.03",
    "rating": "9",
    "author": "blaz****",
    "review_id": "9823215",
    "movie_id": "30984"
  },
  {
    "review": "보면 분명 볼만하겠지만, 이제와서 '굳이' 찾아서 볼 필요까진 없는 영화",
    "date": "15.03.27",
    "rating": "7",
    "author": "01sm****",
    "review_id": "9809444",
    "movie_id": "30984"
  },
  {
    "review": "지금봐도 너무 유치하지않고 괜찮음ㅋㅋ",
    "date": "15.03.22",
    "rating": "9",
    "author": "to_8****",
    "review_id": "9799760",
    "movie_id": "30984"
  },
  {
    "review": "재밌어요 오ㅑ전 재미있다고요",
    "date": "15.02.26",
    "rating": "10",
    "author": "ndg3****",
    "review_id": "9740879",
    "movie_id": "30984"
  },
  {
    "review": "지금 다시 보니 보는 것 자체가 시간낭비일 수 있는 영화. 당시에도 딱히 기억에 남는 것이 없음. 특히 어색한 경상도 사투리 연기 정말 못 봐줄 정도임",
    "date": "15.02.05",
    "rating": "1",
    "author": "jjaj****",
    "review_id": "9667813",
    "movie_id": "30984"
  },
  {
    "review": "제발 어설픈 사투리 좀ㅠㅠ그럭저럭 가볍게 보기엔 좋은데 출연진 전부 사투리 엉망임..",
    "date": "15.01.10",
    "rating": "6",
    "author": "veca****",
    "review_id": "9579223",
    "movie_id": "30984"
  },
  {
    "review": "코미디 영화가 웃기면 성공 아니겠는가",
    "date": "14.12.30",
    "rating": "6",
    "author": "rcan****",
    "review_id": "9536645",
    "movie_id": "30984"
  },
  {
    "review": "역시 다시봐도 재밌는 이런 한국영화는 다신 안나오겠지...",
    "date": "14.12.26",
    "rating": "8",
    "author": "kyn9****",
    "review_id": "9521489",
    "movie_id": "30984"
  },
  {
    "review": "무리수 두지 않고 적당한 선에서 치고 빠지는 코미디",
    "date": "14.12.09",
    "rating": "5",
    "author": "goms****",
    "review_id": "9460201",
    "movie_id": "30984"
  },
  {
    "review": "서너번 봐도 유쾌한 영화.유치 속에 경쾌함",
    "date": "14.11.24",
    "rating": "8",
    "author": "cred****",
    "review_id": "9417463",
    "movie_id": "30984"
  },
  {
    "review": "가장 만만한게 조폭 코미디. 이영화 흥행 이후에 싸구려 조폭코미디 영화가 판을 쳤지.",
    "date": "14.11.22",
    "rating": "5",
    "author": "toto****",
    "review_id": "9409109",
    "movie_id": "30984"
  },
  {
    "review": "쩝 알바들 등쌀에....",
    "date": "14.11.13",
    "rating": "1",
    "author": "bgyu****",
    "review_id": "9377135",
    "movie_id": "30984"
  },
  {
    "review": "재미있는 한국 코미디 영화",
    "date": "14.11.02",
    "rating": "8",
    "author": "ngup****",
    "review_id": "9335467",
    "movie_id": "30984"
  },
  {
    "review": "아직도 기억에 남는 영화였음ㅋㅋ내인생 베스트영화 5위안에드는 ㅋㅋ",
    "date": "14.10.29",
    "rating": "10",
    "author": "dhsk****",
    "review_id": "9326738",
    "movie_id": "30984"
  },
  {
    "review": "10년지난영화지만아직도기억에남음 넘재밌게봤던",
    "date": "14.10.04",
    "rating": "10",
    "author": "sak0****",
    "review_id": "9263379",
    "movie_id": "30984"
  },
  {
    "review": "한번의 인연은 오래간다는걸 알게해준 영화",
    "date": "14.09.09",
    "rating": "8",
    "author": "sw20****",
    "review_id": "9193577",
    "movie_id": "30984"
  },
  {
    "review": "그럭저럭 볼만함,, 킬링타임",
    "date": "14.08.30",
    "rating": "6",
    "author": "fghy****",
    "review_id": "9144736",
    "movie_id": "30984"
  },
  {
    "review": "뒤좀봐요! 뒤좀!!! 이때의 유해진,성지루가 그립다...",
    "date": "14.08.03",
    "rating": "9",
    "author": "yero****",
    "review_id": "9015993",
    "movie_id": "30984"
  },
  {
    "review": "그대에게 라는명곡을알려준영화ㅋㅋ재미도있어요",
    "date": "14.07.27",
    "rating": "10",
    "author": "wkvl****",
    "review_id": "8968010",
    "movie_id": "30984"
  },
  {
    "review": "우리 차배우님 이때도 캐잘생겼따..짜응~~지금은 너무 말랐어!!연기는 살짝 어섪지만 그래도 재밌당",
    "date": "14.07.23",
    "rating": "7",
    "author": "widi****",
    "review_id": "8942572",
    "movie_id": "30984"
  },
  {
    "review": "중학교시절에 영화가 이렇게 재미있을 수 있구나 라는걸 알게 해준 영화. 지금보면 유치하기도 하지만 지금의 명품배우가 신인시절에 저런 연기력을 보였구나라는 초점을 가지고 본다면 꽤 괜찮다.",
    "date": "14.05.01",
    "rating": "8",
    "author": "yong****",
    "review_id": "8686580",
    "movie_id": "30984"
  },
  {
    "review": "유쾌하면서 개그 스럽다/ 정통 한국코미디다",
    "date": "14.03.21",
    "rating": "8",
    "author": "stra****",
    "review_id": "8592692",
    "movie_id": "30984"
  },
  {
    "review": "이 정도면 재밌는 영화 아닌가ㅋㅋ 차승원 웃김ㅋㅋㅋ",
    "date": "14.01.29",
    "rating": "10",
    "author": "8463****",
    "review_id": "8445012",
    "movie_id": "30984"
  },
  {
    "review": "10년만에 다시봐도 넘 재밌다",
    "date": "14.01.29",
    "rating": "10",
    "author": "hisf****",
    "review_id": "8444726",
    "movie_id": "30984"
  },
  {
    "review": "가볍게 웃으면서 볼 수 있는 코미디 영화",
    "date": "14.01.24",
    "rating": "7",
    "author": "qkqh****",
    "review_id": "8418089",
    "movie_id": "30984"
  },
  {
    "review": "tv 전기세가 아깝다!!!",
    "date": "13.12.25",
    "rating": "1",
    "author": "ske4****",
    "review_id": "8295700",
    "movie_id": "30984"
  },
  {
    "review": "코미디 답게 좀 웃겼음.",
    "date": "13.12.14",
    "rating": "7",
    "author": "adiv****",
    "review_id": "8213589",
    "movie_id": "30984"
  },
  {
    "review": "연출 각본 연기 모두 어설프다. 그래도 시간은 잘 간듯.",
    "date": "13.08.21",
    "rating": "5",
    "author": "wlfa****",
    "review_id": "7909314",
    "movie_id": "30984"
  },
  {
    "review": "현실감 전혀 없으면 아예 SF 영화를 제작하든가. 말이 전혀 안 되는 유치한 스토리네유.",
    "date": "13.08.13",
    "rating": "5",
    "author": "real****",
    "review_id": "7874173",
    "movie_id": "30984"
  },
  {
    "review": "그냥저냥 킬링타임용으로 볼 만한 영화. 전체적으로 지루하진않은데 스토리의 전개가 좀 많이 허술했다.",
    "date": "13.08.06",
    "rating": "7",
    "author": "gshh****",
    "review_id": "7848786",
    "movie_id": "30984"
  },
  {
    "review": "그냥저냥 볼만함ㅋㅋ",
    "date": "13.06.28",
    "rating": "7",
    "author": "gk11****",
    "review_id": "7687562",
    "movie_id": "30984"
  },
  {
    "review": "10년 전이라면 재밌게 볼 수 있는 영화",
    "date": "13.06.13",
    "rating": "7",
    "author": "eyeb****",
    "review_id": "7634214",
    "movie_id": "30984"
  },
  {
    "review": "12년전한국영화의 수준",
    "date": "13.06.04",
    "rating": "6",
    "author": "sho1****",
    "review_id": "7578489",
    "movie_id": "30984"
  },
  {
    "review": "6점주긴 뭔가 아쉽고 7점 주기는 아까운 영화. 기대치를 낮추고 보면 꽤나 재미있다.",
    "date": "13.05.07",
    "rating": "6",
    "author": "shki****",
    "review_id": "7514473",
    "movie_id": "30984"
  },
  {
    "review": "지금은 좀 유치해보이지만 개봉당시 어렸던 난 쫌 감명깊게 봣던영화ㅋ 그때 이 영화로 이성재란 배우를 알게됏음",
    "date": "13.05.05",
    "rating": "8",
    "author": "love****",
    "review_id": "7510785",
    "movie_id": "30984"
  },
  {
    "review": "이때까지가 김상진의 유치 코메디가 먹힐 마지막 끝물이였다",
    "date": "13.03.15",
    "rating": "8",
    "author": "ek02****",
    "review_id": "7350015",
    "movie_id": "30984"
  },
  {
    "review": "추억의 한국 갱스터 코믹 무비 어설픈 김혜수님의 경상도 사투리와 차승원의 오버 연기 이성재의 차분한 연기는 볼만한 영화",
    "date": "13.03.01",
    "rating": "10",
    "author": "mrq1****",
    "review_id": "7315065",
    "movie_id": "30984"
  },
  {
    "review": "김혜수씨가 굉장히 낯서네요 차승원 완전 웃김",
    "date": "13.02.28",
    "rating": "7",
    "author": "92gu****",
    "review_id": "7309565",
    "movie_id": "30984"
  },
  {
    "review": "저도 EBS에서 봤는데 재미있었네요 ㅋㅋ",
    "date": "13.02.21",
    "rating": "8",
    "author": "dese****",
    "review_id": "7287070",
    "movie_id": "30984"
  },
  {
    "review": "코미디로서는 훌륭했다. 재미를 잘 이끌어냄",
    "date": "13.02.19",
    "rating": "9",
    "author": "diab****",
    "review_id": "7281608",
    "movie_id": "30984"
  },
  {
    "review": "어제 EBS에서 틀어줬는데 너무 재밌었던 영화...ㅋㅋㅋㅋ",
    "date": "13.02.18",
    "rating": "9",
    "author": "dbse****",
    "review_id": "7278328",
    "movie_id": "30984"
  },
  {
    "review": "의외의 수작",
    "date": "13.02.18",
    "rating": "9",
    "author": "jgui****",
    "review_id": "7277724",
    "movie_id": "30984"
  },
  {
    "review": "가볍게 볼만하다",
    "date": "13.02.18",
    "rating": "8",
    "author": "youn****",
    "review_id": "7277633",
    "movie_id": "30984"
  },
  {
    "review": "코미디영화가 이정도면 괜찮지 않은가",
    "date": "13.02.18",
    "rating": "10",
    "author": "haha****",
    "review_id": "7277627",
    "movie_id": "30984"
  },
  {
    "review": "극장에서 몇번이고 다시봤던 영화!",
    "date": "13.02.17",
    "rating": "10",
    "author": "youi****",
    "review_id": "7275732",
    "movie_id": "30984"
  },
  {
    "review": "바뀐운명",
    "date": "13.02.08",
    "rating": "7",
    "author": "jwjw****",
    "review_id": "7236227",
    "movie_id": "30984"
  },
  {
    "review": "글쎄다. 조폭 코미디 영화치곤 상당히 괜찮다고 보는데? 개인적으로 김상진 영화중 베스트",
    "date": "12.12.12",
    "rating": "8",
    "author": "ldy6****",
    "review_id": "6995503",
    "movie_id": "30984"
  },
  {
    "review": "1.6",
    "date": "12.08.25",
    "rating": "1",
    "author": "one5****",
    "review_id": "6642978",
    "movie_id": "30984"
  },
  {
    "review": "옛날에야 재밌었지. 때거지 조폭 싸움은 못봐주겠다.",
    "date": "12.08.16",
    "rating": "3",
    "author": "kem1****",
    "review_id": "6611762",
    "movie_id": "30984"
  },
  {
    "review": "유쾌하다",
    "date": "12.06.30",
    "rating": "6",
    "author": "yeon****",
    "review_id": "6433265",
    "movie_id": "30984"
  },
  {
    "review": "조폭 코미디 에라이",
    "date": "12.06.07",
    "rating": "1",
    "author": "hana****",
    "review_id": "6374600",
    "movie_id": "30984"
  },
  {
    "review": "이 장르에서 나올 수 있는 모든 로망이 집대성 된 추억의 영화",
    "date": "12.05.10",
    "rating": "10",
    "author": "okey****",
    "review_id": "6286009",
    "movie_id": "30984"
  },
  {
    "review": "우정은 영원하다",
    "date": "12.05.08",
    "rating": "10",
    "author": "kch_****",
    "review_id": "6281324",
    "movie_id": "30984"
  },
  {
    "review": "그당시에 너무 재미있게 본 영화",
    "date": "12.04.27",
    "rating": "8",
    "author": "scho****",
    "review_id": "6250435",
    "movie_id": "30984"
  },
  {
    "review": "재밌는 영화였음!",
    "date": "12.04.07",
    "rating": "10",
    "author": "k384****",
    "review_id": "6199337",
    "movie_id": "30984"
  },
  {
    "review": "라면이나 먹고가라",
    "date": "12.03.16",
    "rating": "8",
    "author": "amen****",
    "review_id": "6146652",
    "movie_id": "30984"
  },
  {
    "review": "아주 재밌게 본 코메디 영화.. 차승원이란 배우를 첨으로 눈여겨 본 영화~",
    "date": "12.03.13",
    "rating": "10",
    "author": "ace1****",
    "review_id": "6141991",
    "movie_id": "30984"
  },
  {
    "review": "10여년전 극장에서 그렇게 크게 웃게했던 영화~ 차승원의 발견",
    "date": "12.02.22",
    "rating": "10",
    "author": "bk68****",
    "review_id": "6094608",
    "movie_id": "30984"
  },
  {
    "review": "재미없다",
    "date": "12.01.30",
    "rating": "4",
    "author": "nike****",
    "review_id": "6036312",
    "movie_id": "30984"
  },
  {
    "review": "10년도 더 된 영화지만 재밌었다. 이성재 짱",
    "date": "12.01.20",
    "rating": "9",
    "author": "ayeo****",
    "review_id": "6001450",
    "movie_id": "30984"
  },
  {
    "review": "아직 안봤지만 밑에 평점 2점준 세놈은 한놈이 적는건데 어딜가나 있고 왜  2점만 주냐 관심종자새끼",
    "date": "12.01.03",
    "rating": "10",
    "author": "tjal****",
    "review_id": "5956210",
    "movie_id": "30984"
  },
  {
    "review": "차승원과 이성재의 연기는 괜찮았다",
    "date": "11.11.23",
    "rating": "2",
    "author": "ccpp****",
    "review_id": "5867092",
    "movie_id": "30984"
  },
  {
    "review": "유치한 조폭코미디, 그 끝은 어디인가",
    "date": "11.11.23",
    "rating": "2",
    "author": "rame****",
    "review_id": "5867091",
    "movie_id": "30984"
  },
  {
    "review": "나름 설정을 흥미롭게 했는데 잘 살리진 못했다",
    "date": "11.11.23",
    "rating": "2",
    "author": "kpcc****",
    "review_id": "5867090",
    "movie_id": "30984"
  },
  {
    "review": "최고임",
    "date": "11.10.30",
    "rating": "10",
    "author": "zzi8****",
    "review_id": "5819741",
    "movie_id": "30984"
  },
  {
    "review": "조폭코메디지만 불쾌하지않고 유쾌하다..",
    "date": "11.10.05",
    "rating": "7",
    "author": "kado****",
    "review_id": "5771973",
    "movie_id": "30984"
  },
  {
    "review": "지금봐도 재미있는 10년전 코미디",
    "date": "11.08.16",
    "rating": "7",
    "author": "kth3****",
    "review_id": "5659971",
    "movie_id": "30984"
  },
  {
    "review": "차승원표 코믹액션.",
    "date": "11.08.09",
    "rating": "8",
    "author": "orph****",
    "review_id": "5624572",
    "movie_id": "30984"
  },
  {
    "review": "이거 엄청 재밌게봤는데 평점 왜이러니",
    "date": "11.08.05",
    "rating": "10",
    "author": "lnew****",
    "review_id": "5601608",
    "movie_id": "30984"
  },
  {
    "review": "너무너무 재밌게 본영화~!! 차배우의 개그본능 짱~!!",
    "date": "11.07.28",
    "rating": "10",
    "author": "blue****",
    "review_id": "5578176",
    "movie_id": "30984"
  },
  {
    "review": "너무 재미있었어 ㅋ",
    "date": "11.07.16",
    "rating": "9",
    "author": "brow****",
    "review_id": "5547280",
    "movie_id": "30984"
  },
  {
    "review": "난 재밌던데",
    "date": "11.07.11",
    "rating": "10",
    "author": "kore****",
    "review_id": "5536266",
    "movie_id": "30984"
  },
  {
    "review": "차승원 코믹의 시작",
    "date": "11.06.29",
    "rating": "9",
    "author": "pree****",
    "review_id": "5506227",
    "movie_id": "30984"
  },
  {
    "review": "오늘 봤는데, 이거 왜케 골때리냐 ㅋㅋㅋㅋㅋㅋㅋ",
    "date": "11.06.06",
    "rating": "10",
    "author": "outg****",
    "review_id": "5469078",
    "movie_id": "30984"
  },
  {
    "review": "별점이 너무 낳네..",
    "date": "11.05.21",
    "rating": "10",
    "author": "carr****",
    "review_id": "5440360",
    "movie_id": "30984"
  },
  {
    "review": "재밌게봤다. 하지만 청소년폭력이 날로 느는 지금시대엔 절대 방영금지시켜야한다.",
    "date": "11.05.20",
    "rating": "2",
    "author": "zxcv****",
    "review_id": "5438456",
    "movie_id": "30984"
  },
  {
    "review": "그당시 대박이였는데.. 차승원 대박 웃겼슴 ㅋ",
    "date": "11.05.13",
    "rating": "10",
    "author": "with****",
    "review_id": "5426265",
    "movie_id": "30984"
  },
  {
    "review": "마지막 패싸움씬.. 너무 유치하다..",
    "date": "11.04.24",
    "rating": "7",
    "author": "tn99****",
    "review_id": "5390689",
    "movie_id": "30984"
  },
  {
    "review": "정말 기가 막히게도 섞었다.",
    "date": "11.04.15",
    "rating": "8",
    "author": "rygh****",
    "review_id": "5374062",
    "movie_id": "30984"
  },
  {
    "review": "쿡으로 다시 밧는데 너무 웃김 ㅠ",
    "date": "11.04.06",
    "rating": "10",
    "author": "min1****",
    "review_id": "5358038",
    "movie_id": "30984"
  },
  {
    "review": "01년도 국내영화, 관용이필요한건알지만 너무 막장",
    "date": "11.03.27",
    "rating": "3",
    "author": "trac****",
    "review_id": "5337363",
    "movie_id": "30984"
  },
  {
    "review": "xtm에서 지금 하네요.ㅋㅋ 재밌어용.^^",
    "date": "11.03.08",
    "rating": "10",
    "author": "shin****",
    "review_id": "5300206",
    "movie_id": "30984"
  },
  {
    "review": "왜 이렇게 평점이 낮지 ;;  어렸을 때 엄청 재밌게 봤는데 ㅋ;",
    "date": "11.02.23",
    "rating": "10",
    "author": "wone****",
    "review_id": "5269770",
    "movie_id": "30984"
  },
  {
    "review": "배우와극중역이너무잘어울렸다",
    "date": "11.02.01",
    "rating": "7",
    "author": "kent****",
    "review_id": "5205835",
    "movie_id": "30984"
  },
  {
    "review": "재밌엇어요",
    "date": "11.01.09",
    "rating": "10",
    "author": "wjs4****",
    "review_id": "5142242",
    "movie_id": "30984"
  },
  {
    "review": "옛날엔 재밌게봤는데 ㅋ 오늘 보니까 좀 그렇긴하네",
    "date": "10.12.30",
    "rating": "8",
    "author": "ewea****",
    "review_id": "5104938",
    "movie_id": "30984"
  },
  {
    "review": "어릴 때 재밌게 봤음. 김혜수 동생 역할한 고딩이 웃김. 타조알이랑",
    "date": "10.12.08",
    "rating": "7",
    "author": "wini****",
    "review_id": "5035226",
    "movie_id": "30984"
  },
  {
    "review": "유쾌함이 넘치는 코미디",
    "date": "10.11.17",
    "rating": "8",
    "author": "yser****",
    "review_id": "4966824",
    "movie_id": "30984"
  }
]