[
  {
    "review": "여자 주인공 목소리가 참 특이했던것.",
    "date": "10.07.24",
    "rating": "6",
    "author": "flyh****",
    "review_id": "4666829",
    "movie_id": "31005"
  },
  {
    "review": "처음엔 당최 뭔영화인지 몰랐지만 후반에 알았다..웃기기위한 영화란걸",
    "date": "07.10.01",
    "rating": "7",
    "author": "1pim****",
    "review_id": "2065093",
    "movie_id": "31005"
  },
  {
    "review": "주인공Nuza Kuchianidze 1983.08.08소련출생-現그루지야",
    "date": "07.01.24",
    "rating": "8",
    "author": "anar****",
    "review_id": "1409638",
    "movie_id": "31005"
  },
  {
    "review": "정말 알수없는 여자의 마음",
    "date": "06.09.07",
    "rating": "8",
    "author": "nwhg****",
    "review_id": "1109080",
    "movie_id": "31005"
  },
  {
    "review": "여자는 알 수 없다.",
    "date": "06.05.15",
    "rating": "8",
    "author": "dark****",
    "review_id": "801522",
    "movie_id": "31005"
  },
  {
    "review": "엉뚱하고 유쾌했던영화..동화같은 영화..",
    "date": "04.06.24",
    "rating": "9",
    "author": "club****",
    "review_id": "59797",
    "movie_id": "31005"
  }
]