[
  {
    "review": "면접의 중요성..춤을 출땐 모든 걸 잊고 새가 된다는..즐기는 사람을 뽑는 것이죠",
    "date": "15.08.17",
    "rating": "10",
    "author": "star****",
    "review_id": "10244192",
    "movie_id": "31013"
  },
  {
    "review": "역시....자기가 원하는걸 해야하는구나....",
    "date": "15.08.06",
    "rating": "10",
    "author": "gian****",
    "review_id": "10194203",
    "movie_id": "31013"
  },
  {
    "review": "침대에서 펄쩍 뛰어오르던 빌리와 백조가 된 빌리, 그리고 아버지..",
    "date": "15.07.24",
    "rating": "10",
    "author": "darr****",
    "review_id": "10138370",
    "movie_id": "31013"
  },
  {
    "review": "이 영화는 내가 하고싶은 것을 하게 만든 몇 안 되는 명작",
    "date": "15.07.16",
    "rating": "8",
    "author": "kenn****",
    "review_id": "10109792",
    "movie_id": "31013"
  },
  {
    "review": "가부장적인 가장의 모습과 찡한 부성애의 모습을 두루 잘갖춘명작이네요",
    "date": "15.07.13",
    "rating": "9",
    "author": "bbac****",
    "review_id": "10099696",
    "movie_id": "31013"
  },
  {
    "review": "스티븐 달드리 영화는 다좋다  제이미벨 에드가역이었다니 잘컸네요 어린나이에 저렇게 연기를 잘하다니 머리다아플정도로 울었네요 잘봤습니다",
    "date": "15.07.07",
    "rating": "10",
    "author": "yea4****",
    "review_id": "10079192",
    "movie_id": "31013"
  },
  {
    "review": "-=-=-=-=-=-=-=",
    "date": "15.07.03",
    "rating": "10",
    "author": "pros****",
    "review_id": "10065778",
    "movie_id": "31013"
  },
  {
    "review": "꿈을 마음껏 펼치고픈 소년을 위해서 아버지는 자신을 포기하고 침전한다...",
    "date": "15.06.26",
    "rating": "10",
    "author": "meis****",
    "review_id": "10036723",
    "movie_id": "31013"
  },
  {
    "review": "내 생에 최고의 영화를 꼽아라 하면 이 영화를 꼽겠다.",
    "date": "15.06.25",
    "rating": "10",
    "author": "maxl****",
    "review_id": "10031450",
    "movie_id": "31013"
  },
  {
    "review": "내 인생 최고의 영화중 하나... 벌써 20번 가까이 보았음..",
    "date": "15.06.21",
    "rating": "10",
    "author": "kwon****",
    "review_id": "10018750",
    "movie_id": "31013"
  },
  {
    "review": "깊은 여운이 남는 영화.",
    "date": "15.06.21",
    "rating": "10",
    "author": "toki****",
    "review_id": "10017210",
    "movie_id": "31013"
  },
  {
    "review": "꿈을 향한 비상에는 어찌 이리도 넘어야 할 장벽이 높은지",
    "date": "15.06.17",
    "rating": "7",
    "author": "syoc****",
    "review_id": "10006269",
    "movie_id": "31013"
  },
  {
    "review": "최고의 명장면은 로얄 발레단 합격 소식을 듣고아버지가 뛰어가는 장면! 나도 모르게 울컥 눈물이 쏟아졋다",
    "date": "15.06.10",
    "rating": "10",
    "author": "doju****",
    "review_id": "9988225",
    "movie_id": "31013"
  },
  {
    "review": "이 사회를 구조를 벗어나기 위해 파업을 했지만 결국 그 구조를 다시 한 번 인정하고 선망하면서 아버지는 밑으로....",
    "date": "15.05.31",
    "rating": "7",
    "author": "dks4****",
    "review_id": "9965994",
    "movie_id": "31013"
  },
  {
    "review": "발레에 대해서 잘 모르는데 춤 잘추는건가? 빌리?",
    "date": "15.05.28",
    "rating": "8",
    "author": "tlfk****",
    "review_id": "9956661",
    "movie_id": "31013"
  },
  {
    "review": "절망이 커질수록 어둠이 짙어질수록 더빛나는 소년의 비상",
    "date": "15.05.27",
    "rating": "9",
    "author": "buza****",
    "review_id": "9953918",
    "movie_id": "31013"
  },
  {
    "review": "뭉클뭉클... 잘했어. 빌리^^",
    "date": "15.05.07",
    "rating": "8",
    "author": "y21c****",
    "review_id": "9900544",
    "movie_id": "31013"
  },
  {
    "review": "인생영화..말이안나온다",
    "date": "15.05.05",
    "rating": "10",
    "author": "jyn_****",
    "review_id": "9895322",
    "movie_id": "31013"
  },
  {
    "review": "내인생 최고의영화 몇번이고 다시보고싶다",
    "date": "15.05.03",
    "rating": "10",
    "author": "myda****",
    "review_id": "9888752",
    "movie_id": "31013"
  },
  {
    "review": "여운있고 깊이있는감동 캐릭터들도 하나하나 매력있다이런영화 드문듯",
    "date": "15.05.03",
    "rating": "10",
    "author": "gusc****",
    "review_id": "9888675",
    "movie_id": "31013"
  },
  {
    "review": "정말 좋다. 말을 덧붙이기 힘들만큼",
    "date": "15.05.03",
    "rating": "10",
    "author": "book****",
    "review_id": "9888594",
    "movie_id": "31013"
  },
  {
    "review": "정말 감동적이다.. 아버지의 사랑 희생 때문에 그냥 눈물았다 그리고 지금의 우리 아빠들도 그러하지않은가 생각이든다 우리아빠같아서 그런지 아빠들은 대단하다",
    "date": "15.05.03",
    "rating": "10",
    "author": "goal****",
    "review_id": "9888587",
    "movie_id": "31013"
  },
  {
    "review": "유치한 내용이라 생각했지만 막상 보고 나니 정말 은은한 감동이 있네요.",
    "date": "15.05.03",
    "rating": "10",
    "author": "psmo****",
    "review_id": "9888577",
    "movie_id": "31013"
  },
  {
    "review": "나는 아직도 길을 못 찾았는데... 너는 찾았구나...",
    "date": "15.05.03",
    "rating": "10",
    "author": "char****",
    "review_id": "9888547",
    "movie_id": "31013"
  },
  {
    "review": "스티븐 달드리 good",
    "date": "15.05.02",
    "rating": "10",
    "author": "meta****",
    "review_id": "9888211",
    "movie_id": "31013"
  },
  {
    "review": "빌리의 춤이 간절하게 느껴지는 영화. 그리고 아버지의 사랑이 가득한 영화.",
    "date": "15.05.02",
    "rating": "10",
    "author": "brav****",
    "review_id": "9886192",
    "movie_id": "31013"
  },
  {
    "review": "10년전에 본 영화지만 매년 두세번씩 찾아보는 영화중에 하나이죠.",
    "date": "15.04.27",
    "rating": "10",
    "author": "nest****",
    "review_id": "9874439",
    "movie_id": "31013"
  },
  {
    "review": "마지막에 소름과 전율이..",
    "date": "15.04.23",
    "rating": "10",
    "author": "kkll****",
    "review_id": "9857569",
    "movie_id": "31013"
  },
  {
    "review": "자기 입으로 \"나는 좋은 사람이다, 착하다, 똑똑하다\"라며 왜 떠들 필요가 없는지 잘 알겠다. 정말 최선을 다 한거면 \"최선을 다 했다는 느낌과 소름이 와 닿는다\" 와~ 진짜 신들린 줄 알았네",
    "date": "15.04.10",
    "rating": "10",
    "author": "xeww****",
    "review_id": "9838689",
    "movie_id": "31013"
  },
  {
    "review": "꿈과 노동에 대한 저울질.",
    "date": "15.04.05",
    "rating": "8",
    "author": "ungz****",
    "review_id": "9827499",
    "movie_id": "31013"
  },
  {
    "review": "발레는 무조건 여자만 해야 한다는 편견을 깬 명작",
    "date": "15.04.02",
    "rating": "10",
    "author": "janj****",
    "review_id": "9822872",
    "movie_id": "31013"
  },
  {
    "review": "말이 필요없다고 생각합니다.",
    "date": "15.03.29",
    "rating": "10",
    "author": "96ka****",
    "review_id": "9814867",
    "movie_id": "31013"
  },
  {
    "review": "이상하게 뒤로 갈수록 좋아지는 볼매 영화.",
    "date": "15.03.28",
    "rating": "7",
    "author": "rd72****",
    "review_id": "9811995",
    "movie_id": "31013"
  },
  {
    "review": "엔딩장면을 보고 또 보고.... 진짜 너무 감동적이다. 빌리도 그렇지만, 마지막 아빠의 얼굴을 보고 진짜 눈물이 나더라.",
    "date": "15.03.28",
    "rating": "10",
    "author": "puru****",
    "review_id": "9810639",
    "movie_id": "31013"
  },
  {
    "review": "마지막 주인공이되어서 멋지게 공연하는모습이 좀더 길게 보여줬으면하는 아쉬움이있지만 그래도 멋지게날아오른 엔딩이 너무멋있고 소름돋네요",
    "date": "15.03.21",
    "rating": "10",
    "author": "dnek****",
    "review_id": "9797764",
    "movie_id": "31013"
  },
  {
    "review": "마지막 장면은 아직도 잊혀지지 않는다 . . 주저없이 말할 수 있다.  진정 내생에 최고의 영화!!",
    "date": "15.03.18",
    "rating": "10",
    "author": "stoc****",
    "review_id": "9791994",
    "movie_id": "31013"
  },
  {
    "review": "인생 최고의 영화중 하나.",
    "date": "15.03.16",
    "rating": "10",
    "author": "elit****",
    "review_id": "9788090",
    "movie_id": "31013"
  },
  {
    "review": "보편적인 성장담으로 길게 흔들어 놓는 여진.",
    "date": "15.03.10",
    "rating": "9",
    "author": "ogr5****",
    "review_id": "9769919",
    "movie_id": "31013"
  },
  {
    "review": "진정한 명작. 안 보면 후회한다.",
    "date": "15.03.08",
    "rating": "10",
    "author": "heut****",
    "review_id": "9765186",
    "movie_id": "31013"
  },
  {
    "review": "배경, 기타인물들도 매우 중요하지만 \"어린빌리\"만을 보게된다. \"열정\"이란 단어가 난무하는 세상에서 진짜의 그것이 무엇인지를 알려주는 영화! 동네를 누비며 분노와 슬픔이 버무려진 그 춤사위의 몸짓 하나하나가 다 그러하다.",
    "date": "15.02.28",
    "rating": "10",
    "author": "acid****",
    "review_id": "9745368",
    "movie_id": "31013"
  },
  {
    "review": "뮤지컬보다 더 감동있었고 내용이 더 많아서 이해하기 쉬웠다. 정말  아버지의 짠함이 더 밀려오는 것 같다 . 마지막 장면이 잊을수없을정도로 인상적이었다.",
    "date": "15.02.25",
    "rating": "10",
    "author": "rnld****",
    "review_id": "9735980",
    "movie_id": "31013"
  },
  {
    "review": "계속눈물나요... 여운쩔어",
    "date": "15.02.18",
    "rating": "10",
    "author": "qkrr****",
    "review_id": "9707997",
    "movie_id": "31013"
  },
  {
    "review": "100번봐도 최고인 영화.  제이미벨  내꼬♡",
    "date": "15.02.11",
    "rating": "10",
    "author": "luva****",
    "review_id": "9685923",
    "movie_id": "31013"
  },
  {
    "review": "실화를 바탕으로 만들었다는게 믿기지 않는 내용과 연출의 훌륭한 명작",
    "date": "15.02.03",
    "rating": "10",
    "author": "aram****",
    "review_id": "9663370",
    "movie_id": "31013"
  },
  {
    "review": "10번도 넘게 본 내 인생 최고의 명작 중 하나!",
    "date": "15.01.31",
    "rating": "10",
    "author": "flas****",
    "review_id": "9652984",
    "movie_id": "31013"
  },
  {
    "review": "성장을 보여주는 차원이 다른 연출과 사이사이 자연스레 우릴 납득시키는 시대상. 소년의 위치부터가 비범하다.",
    "date": "15.01.30",
    "rating": "9",
    "author": "mhth****",
    "review_id": "9650124",
    "movie_id": "31013"
  },
  {
    "review": "볼때마다 명작이라는 확신이 더욱 깊어지는 최고의 영화",
    "date": "15.01.26",
    "rating": "10",
    "author": "o0o1****",
    "review_id": "9637604",
    "movie_id": "31013"
  },
  {
    "review": "천재 일수도 있잖니...!",
    "date": "15.01.06",
    "rating": "10",
    "author": "ddar****",
    "review_id": "9567305",
    "movie_id": "31013"
  },
  {
    "review": "지금까지 100번 정도 본 영화..내 인생 최고의 영화다.",
    "date": "15.01.06",
    "rating": "10",
    "author": "ehdq****",
    "review_id": "9566488",
    "movie_id": "31013"
  },
  {
    "review": "아들을위해정부의편을든아버지가울때정말폭풍눈물",
    "date": "15.01.02",
    "rating": "10",
    "author": "jih0****",
    "review_id": "9549593",
    "movie_id": "31013"
  },
  {
    "review": "처음 한시간은 너무 지루해서 친구한테 욕먹음. 근데 빌리가 아버지앞에서 춤추는 장면은 진짜 일품. 그리고 아버지가 아들 재능을 알아보고 탄광에 돌아가는 장면은 참 눈물난다...",
    "date": "14.12.30",
    "rating": "9",
    "author": "mard****",
    "review_id": "9539362",
    "movie_id": "31013"
  },
  {
    "review": "45분 분량으로 줄여놓은 것 보고 원작(?)봤는데 두번 봐도 재미있네요^^",
    "date": "14.12.25",
    "rating": "10",
    "author": "minc****",
    "review_id": "9513706",
    "movie_id": "31013"
  },
  {
    "review": "아껴두길 잘한 영화다.",
    "date": "14.12.24",
    "rating": "10",
    "author": "m_ja****",
    "review_id": "9508409",
    "movie_id": "31013"
  },
  {
    "review": "늦게 나마  이 영화를 볼 수 있었던 것은 행운이 아닐까? 엔딩크레딧이 끝날때까지 보고 있는 내 자신을 발견한다.",
    "date": "14.12.16",
    "rating": "10",
    "author": "ping****",
    "review_id": "9479238",
    "movie_id": "31013"
  },
  {
    "review": "14년이 지난 지금도 잊을 수 없는 영화....",
    "date": "14.12.11",
    "rating": "10",
    "author": "kino****",
    "review_id": "9465388",
    "movie_id": "31013"
  },
  {
    "review": "DVD까지 사게만든 영화!!",
    "date": "14.12.10",
    "rating": "10",
    "author": "flow****",
    "review_id": "9463987",
    "movie_id": "31013"
  },
  {
    "review": "영국에도 팍팍한 탄광노동자의 삶이 있구나. 자신의 재능을 발휘할 수 있는 삶을 찾아가는 소년은 행복하다.",
    "date": "14.12.07",
    "rating": "10",
    "author": "eyec****",
    "review_id": "9456119",
    "movie_id": "31013"
  },
  {
    "review": "굿입니다아앙하핫   추천",
    "date": "14.12.05",
    "rating": "10",
    "author": "thdw****",
    "review_id": "9450194",
    "movie_id": "31013"
  },
  {
    "review": "슬픔. 분노. 희망. 기쁨. 사랑. 가족. 그리고 아버지. 굿보이 썬..",
    "date": "14.11.29",
    "rating": "9",
    "author": "k248****",
    "review_id": "9432112",
    "movie_id": "31013"
  },
  {
    "review": "성장 영화의 교과서이자 베스트",
    "date": "14.11.22",
    "rating": "10",
    "author": "dooy****",
    "review_id": "9412495",
    "movie_id": "31013"
  },
  {
    "review": "와 나 이거 고딩때 시험끝나고 obs에서 하길래 시간도 많이 남아 아무 생각없이 개 재밌게봤던 영화네 ㅋㅋ 근데 그 어떤 여자랑 배게 싸움하다가 둘이 넘어져서 침대에 우연히 넘어진 장면이 진짜 아직도 기억에 남는다. 특히 남자가 여자머리 쓸어넘기는 장",
    "date": "14.11.21",
    "rating": "10",
    "author": "gang****",
    "review_id": "9405917",
    "movie_id": "31013"
  },
  {
    "review": "무조건 봐야하는 영화  하지만 남들한테 보여주기 아까운 나만 소장하고싶은 영화이기도 하다.",
    "date": "14.11.18",
    "rating": "10",
    "author": "gksq****",
    "review_id": "9399136",
    "movie_id": "31013"
  },
  {
    "review": "끝 부분이 살짝?! 지루했지만... 아버지의 허락을 받기까지의 빌리의 노력이 담긴 부분은.... 말로 형용할 수 없는 감동이 있었습니다..ㅠㅠ",
    "date": "14.11.15",
    "rating": "10",
    "author": "dlgp****",
    "review_id": "9386226",
    "movie_id": "31013"
  },
  {
    "review": "와 진짜 감동적인 영화다...",
    "date": "14.10.27",
    "rating": "9",
    "author": "hss0****",
    "review_id": "9322829",
    "movie_id": "31013"
  },
  {
    "review": "정말 잘 만든 감동 영화.이걸 왜 이제야 봤을까....빌리의 꽃미소에 나도 절로 입가에 미소가 번진다.",
    "date": "14.10.26",
    "rating": "10",
    "author": "gi93****",
    "review_id": "9317539",
    "movie_id": "31013"
  },
  {
    "review": "재밌을때 끝나네 ㅋㅋㅋ",
    "date": "14.10.23",
    "rating": "9",
    "author": "xfig****",
    "review_id": "9310589",
    "movie_id": "31013"
  },
  {
    "review": "현재의 한국 상황이랑 뭐가 다른가?",
    "date": "14.10.05",
    "rating": "10",
    "author": "gogo****",
    "review_id": "9267042",
    "movie_id": "31013"
  },
  {
    "review": "지금 이영화를 알아서 보게될 사람이 많을까? 혹시라도 볼생각이있다면 꼭 보세요,,, 절대로보세요... 그냥 혼자, 편안히 보세요,, 그러면되요,   그리고 마지막엔딩 ost  cosmic dancer 들으면서 마무리해보세요,",
    "date": "14.09.29",
    "rating": "10",
    "author": "csj8****",
    "review_id": "9249549",
    "movie_id": "31013"
  },
  {
    "review": "대놓고 감정팔이 하는게 아니라서 좋았다. 소년의 꿈도, 아버지의 희생도 모두 진심으로 안타깝고 감동적이었다.",
    "date": "14.09.29",
    "rating": "10",
    "author": "aro1****",
    "review_id": "9248973",
    "movie_id": "31013"
  },
  {
    "review": "침대위에서 춤추며 뛰던 빌리가 마침내 무대에서 높이 날아오를때 다가오는 희열은 미소를 짓게 하더라.",
    "date": "14.09.26",
    "rating": "9",
    "author": "eyay****",
    "review_id": "9242501",
    "movie_id": "31013"
  },
  {
    "review": "발레만 생각하기엔 너무 많을걸 담고있다.",
    "date": "14.09.23",
    "rating": "10",
    "author": "cran****",
    "review_id": "9237320",
    "movie_id": "31013"
  },
  {
    "review": "극과 극의 대조가 드라마틱한 영화. 가슴시리도록 뭉클함",
    "date": "14.09.17",
    "rating": "10",
    "author": "evan****",
    "review_id": "9221056",
    "movie_id": "31013"
  },
  {
    "review": "어두운 현실 속에서도 꿈을 찾아가는 소년과 아버지의 희생이 눈물겹도록 아름다웠던 영화.",
    "date": "14.09.12",
    "rating": "10",
    "author": "zlo3****",
    "review_id": "9206241",
    "movie_id": "31013"
  },
  {
    "review": "기대없이봤는데 진짜 재밌다",
    "date": "14.09.11",
    "rating": "10",
    "author": "gywn****",
    "review_id": "9205057",
    "movie_id": "31013"
  },
  {
    "review": "목에 힘준 평론가들의 별 네 개도 너무 인색하다할 만한 영화.",
    "date": "14.09.10",
    "rating": "10",
    "author": "miah****",
    "review_id": "9201751",
    "movie_id": "31013"
  },
  {
    "review": "보고 또 봐도 매번 진한 감동과 진한 여운이 남는 훌룡한 영화!!  다시 없을 최고의 영화!!",
    "date": "14.09.05",
    "rating": "10",
    "author": "anna****",
    "review_id": "9168759",
    "movie_id": "31013"
  },
  {
    "review": "처음본순간 충격, 평생 잊혀지지 않는 영화.",
    "date": "14.09.03",
    "rating": "10",
    "author": "ilyi****",
    "review_id": "9156571",
    "movie_id": "31013"
  },
  {
    "review": "난 마지막 장면이 너무 좋았다",
    "date": "14.08.31",
    "rating": "9",
    "author": "wnrf****",
    "review_id": "9150526",
    "movie_id": "31013"
  },
  {
    "review": "최고네요.여러가지생각을하게됩니다.",
    "date": "14.08.30",
    "rating": "10",
    "author": "ddan****",
    "review_id": "9147988",
    "movie_id": "31013"
  },
  {
    "review": "중학교 창재시간에 우연히 접하게 된 영화그저 따분할줄만 알았던 영화였고 기대도 하지 않았지만 보는 내내 눈을 뗄 수가 없었다 그리고 빌리의 아버지가 자신의 신념까지 버리면서 빌리를 위해 탄광으로 다시 돌아가는 장면은 정말 감동적이었다",
    "date": "14.08.27",
    "rating": "10",
    "author": "chac****",
    "review_id": "9138408",
    "movie_id": "31013"
  },
  {
    "review": "자기꿈에대한열정 멋지네요",
    "date": "14.08.16",
    "rating": "10",
    "author": "usa0****",
    "review_id": "9098157",
    "movie_id": "31013"
  },
  {
    "review": "다시봐도 감동적인 영화. 설국열차에서 에드가로 다시 등장하니 반갑더군요. 아카데미 남우주연상 받을 만한 연기.",
    "date": "14.08.13",
    "rating": "10",
    "author": "csw2****",
    "review_id": "9078641",
    "movie_id": "31013"
  },
  {
    "review": "평점보고 기대해서 그런지 실망스런 영화 ,쏘쏘한 영화",
    "date": "14.07.30",
    "rating": "2",
    "author": "rkav****",
    "review_id": "8987572",
    "movie_id": "31013"
  },
  {
    "review": "빌리는 나중에 커서 설국열차에 타게되고발레선생아줌마는 나중에 마법을 쓰게됩니다",
    "date": "14.07.22",
    "rating": "10",
    "author": "kkan****",
    "review_id": "8941155",
    "movie_id": "31013"
  },
  {
    "review": "와..진짜 명작입니다. 눈물이났네요.",
    "date": "14.07.17",
    "rating": "10",
    "author": "imsu****",
    "review_id": "8925777",
    "movie_id": "31013"
  },
  {
    "review": "음악이랑 영상이 굉장히 잘 어울려져 있네요. 백조의 호수가 이렇게 긴장과 고조감을 느끼게 할 줄은 몰랐어요.",
    "date": "14.07.14",
    "rating": "10",
    "author": "tamy****",
    "review_id": "8915777",
    "movie_id": "31013"
  },
  {
    "review": "진정 영화다운 영화. 정말 꿈이란건..잊고 살아서는 안된다는걸 보여준 영화..",
    "date": "14.07.10",
    "rating": "10",
    "author": "buga****",
    "review_id": "8902387",
    "movie_id": "31013"
  },
  {
    "review": "아들을 위해 망가진 아비의 날개는 아름다운 법",
    "date": "14.07.08",
    "rating": "9",
    "author": "setm****",
    "review_id": "8896135",
    "movie_id": "31013"
  },
  {
    "review": "'Extremely Loud and incredibly close'를 너무 감명깊게 보고 이 감독영화를 찾다보니 빌리엘리엇에 감독이었다니! 가히 성장영화의 대가다. 그리고 그는 계속 업그레이드 되고 있다.",
    "date": "14.07.08",
    "rating": "10",
    "author": "jere****",
    "review_id": "8895041",
    "movie_id": "31013"
  },
  {
    "review": "아스팔트 틈에서 피어난 민들레 같은 빌리. 그리고 절절한 부정. 어찌 눈물을 흘리지 않을 수 있을까?",
    "date": "14.07.06",
    "rating": "9",
    "author": "ddal****",
    "review_id": "8890343",
    "movie_id": "31013"
  },
  {
    "review": "빌리가 꿈을 찾아가는 측면보다도 영화 속 사람들과의 관계가 더욱 인상깊게 다가오는 영화. 아버지와의 관계, 형과의 관계, 선생님, 게이 친구, 그리고 여자 친구까지. 가슴뭉클하고 짠한 영화.",
    "date": "14.06.30",
    "rating": "9",
    "author": "rksk****",
    "review_id": "8870153",
    "movie_id": "31013"
  },
  {
    "review": "가슴이 따뜻해지는 영화.",
    "date": "14.06.25",
    "rating": "10",
    "author": "jhdj****",
    "review_id": "8854675",
    "movie_id": "31013"
  },
  {
    "review": "세번째 봐도 감돔이 여전하노,,,",
    "date": "14.06.08",
    "rating": "10",
    "author": "gkst****",
    "review_id": "8811846",
    "movie_id": "31013"
  },
  {
    "review": "재밌게봤어요~끝이살짝아쉬운감이..",
    "date": "14.06.04",
    "rating": "8",
    "author": "apro****",
    "review_id": "8792465",
    "movie_id": "31013"
  },
  {
    "review": "굳 좋습니다 좋아요!!",
    "date": "14.05.28",
    "rating": "10",
    "author": "jh_4****",
    "review_id": "8771651",
    "movie_id": "31013"
  },
  {
    "review": "사상 최고의 성장영화!! 마지막 장면 진짜 소름끼침.",
    "date": "14.05.21",
    "rating": "10",
    "author": "igel****",
    "review_id": "8752310",
    "movie_id": "31013"
  },
  {
    "review": "재능도 중요하고 열정도 중요하지만 그 꿈을 실현 시키기 위해선희생이 필요하다 혼자만에 것이 아닌 모두의 것",
    "date": "14.05.20",
    "rating": "10",
    "author": "dlgo****",
    "review_id": "8749617",
    "movie_id": "31013"
  },
  {
    "review": "최고입니다. 봐도 봐도 질리지가 않아요",
    "date": "14.05.18",
    "rating": "10",
    "author": "jja6****",
    "review_id": "8742106",
    "movie_id": "31013"
  },
  {
    "review": "최고다 무슨 말이 필요할까",
    "date": "14.05.12",
    "rating": "10",
    "author": "ddrj****",
    "review_id": "8726341",
    "movie_id": "31013"
  },
  {
    "review": "최고의 영화였다... 비슷한 영화는 많지만  옥토버 스카이와 이 영화가  최고인듯?",
    "date": "14.05.11",
    "rating": "10",
    "author": "ymm5****",
    "review_id": "8722958",
    "movie_id": "31013"
  }
]