[
  {
    "review": "작품 관람 의 이후 영향력을 생각해 보자 .",
    "date": "10.02.22",
    "rating": "6",
    "author": "evil****",
    "review_id": "4310896",
    "movie_id": "31026"
  },
  {
    "review": "노동자들의 삶의 애환은 잘 그린영화 연기는 발연기 영화의 요소를 무시하는 듯",
    "date": "08.11.15",
    "rating": "6",
    "author": "kimd****",
    "review_id": "3051441",
    "movie_id": "31026"
  },
  {
    "review": "많은 생각을 하게 되네요...",
    "date": "08.09.16",
    "rating": "10",
    "author": "taeg****",
    "review_id": "2952452",
    "movie_id": "31026"
  },
  {
    "review": "좋은영화 잘 봤습니다.  추천합니다",
    "date": "08.09.16",
    "rating": "10",
    "author": "chan****",
    "review_id": "2952427",
    "movie_id": "31026"
  },
  {
    "review": "선명하나 따뜻하다! 투박하나 매력있다!",
    "date": "08.08.28",
    "rating": "10",
    "author": "assa****",
    "review_id": "2906998",
    "movie_id": "31026"
  },
  {
    "review": "파업전야 이후 최고의 노동영화.... 꼭보세요",
    "date": "08.08.23",
    "rating": "10",
    "author": "hurj****",
    "review_id": "2897650",
    "movie_id": "31026"
  },
  {
    "review": "응원하고 싶은 영화!!!",
    "date": "08.08.22",
    "rating": "10",
    "author": "nuuy****",
    "review_id": "2894825",
    "movie_id": "31026"
  },
  {
    "review": "재밌네요",
    "date": "08.08.15",
    "rating": "10",
    "author": "did0****",
    "review_id": "2872504",
    "movie_id": "31026"
  }
]