[
  {
    "review": "내용은 좋은데 화질이 안습",
    "date": "08.05.01",
    "rating": "7",
    "author": "jiyu****",
    "review_id": "2608402",
    "movie_id": "31049"
  },
  {
    "review": "좋은 영화이긴 하지만 결론적으로 재미가 없다",
    "date": "07.01.16",
    "rating": "3",
    "author": "okjo****",
    "review_id": "1389575",
    "movie_id": "31049"
  },
  {
    "review": "이란의 대한 배경지식이 있다면 더 재밌었을뻔 했던 영화.",
    "date": "07.01.14",
    "rating": "8",
    "author": "kiki****",
    "review_id": "1383707",
    "movie_id": "31049"
  },
  {
    "review": "아름다운 풍경, 강요하지 않고 담담히 보여주는 방식이 좋다.",
    "date": "07.01.14",
    "rating": "8",
    "author": "haut****",
    "review_id": "1383182",
    "movie_id": "31049"
  },
  {
    "review": "그녀들의 굴종과 예속의 삶은 언제쯤 끝나는 걸까?",
    "date": "07.01.14",
    "rating": "7",
    "author": "hadl****",
    "review_id": "1382091",
    "movie_id": "31049"
  },
  {
    "review": "정말 많이 생각해보게 한 영화입니다... 최고입니다.ㅋㅋ",
    "date": "07.01.13",
    "rating": "10",
    "author": "grut****",
    "review_id": "1381975",
    "movie_id": "31049"
  },
  {
    "review": "세 주인공의 모습을 보며 이땅에 여성의 삶을 성찰하게 되었습니다.",
    "date": "05.01.20",
    "rating": "10",
    "author": "sook****",
    "review_id": "190851",
    "movie_id": "31049"
  }
]