[
  {
    "review": "영화내용전개는 별로였지만 신박한(?)주제가 나오네요",
    "date": "15.08.17",
    "rating": "5",
    "author": "bloc****",
    "review_id": "10246613",
    "movie_id": "31069"
  },
  {
    "review": "영화가 언제 나온건지도 모르고....생각없는애들 때문에 평점이 너무 낮아졌네...니들은 그냥 어벤저스나 보고 열광해라..",
    "date": "15.07.27",
    "rating": "10",
    "author": "rick****",
    "review_id": "10148527",
    "movie_id": "31069"
  },
  {
    "review": "뭐 이리 평점이 높아. 많이 줘도 3점짜리 영화.",
    "date": "15.07.25",
    "rating": "1",
    "author": "dale****",
    "review_id": "10139358",
    "movie_id": "31069"
  },
  {
    "review": "15년전 영화 꽤 잘만든 수작인데 왜 평점이 이래?",
    "date": "15.07.07",
    "rating": "10",
    "author": "merw****",
    "review_id": "10078232",
    "movie_id": "31069"
  },
  {
    "review": "정말 감명 깊게 본 영화. 몇 번을 다시 봤는지 모르겠다. 영화관에서 봤으면 좋았을텐데 아쉽다.",
    "date": "15.07.02",
    "rating": "10",
    "author": "chj0****",
    "review_id": "10060344",
    "movie_id": "31069"
  },
  {
    "review": "투명한 롤 스크린 단말기가 인상적이었어요~ 플렉서블 액정의 완결판!",
    "date": "15.05.08",
    "rating": "10",
    "author": "choo****",
    "review_id": "9903451",
    "movie_id": "31069"
  },
  {
    "review": "염기가 뭔지도 모르는 생물학자를 데려갔으니 당연히 다 죽지 ㅉㅉㅉ",
    "date": "15.02.14",
    "rating": "1",
    "author": "7gri****",
    "review_id": "9696893",
    "movie_id": "31069"
  },
  {
    "review": "종잡을 수 없는 영화. 끝까지 보긴 했다.",
    "date": "15.01.08",
    "rating": "6",
    "author": "yamu****",
    "review_id": "9573974",
    "movie_id": "31069"
  },
  {
    "review": "미션투마스 보다 훨씬 보기 좋은 CG와 스토리 그리고 답답함이 없다",
    "date": "14.12.07",
    "rating": "10",
    "author": "jsga****",
    "review_id": "9455474",
    "movie_id": "31069"
  },
  {
    "review": "뭐지 영화는 영화이고 지루하지않아 괜찮은영화",
    "date": "14.11.15",
    "rating": "10",
    "author": "shis****",
    "review_id": "9385189",
    "movie_id": "31069"
  },
  {
    "review": "영화는 영화 그 자체로 보는거다. 뭘 그리 까고들어가냐? 누가보면 전문가인줄 알겄소 ㅉㅉ 암튼 한국애들 클라쓰하고는 ㅉㅉ",
    "date": "14.11.09",
    "rating": "10",
    "author": "m132****",
    "review_id": "9363583",
    "movie_id": "31069"
  },
  {
    "review": "이렇게 저평점 받을 영화는 아닌거 같은데...",
    "date": "14.11.04",
    "rating": "10",
    "author": "inow****",
    "review_id": "9341256",
    "movie_id": "31069"
  },
  {
    "review": "조금 아쉬운 부분도 있지만 그럼에도 볼만한 sf 영화",
    "date": "14.10.31",
    "rating": "8",
    "author": "adiv****",
    "review_id": "9331970",
    "movie_id": "31069"
  },
  {
    "review": "sf가 지루한면도 있는거지 그러면 니들이 영화를 만들던가",
    "date": "14.10.11",
    "rating": "10",
    "author": "dugi****",
    "review_id": "9285613",
    "movie_id": "31069"
  },
  {
    "review": "이것은 좀 황당한 설정.",
    "date": "14.08.17",
    "rating": "7",
    "author": "rand****",
    "review_id": "9099328",
    "movie_id": "31069"
  },
  {
    "review": "재밌다. 발킬머도 멋지고.",
    "date": "14.08.08",
    "rating": "8",
    "author": "silb****",
    "review_id": "9050708",
    "movie_id": "31069"
  },
  {
    "review": "화성에 관련한 영화는 졸작이 거의 없다 <화성의 유령은 제외>",
    "date": "14.05.25",
    "rating": "9",
    "author": "rlfe****",
    "review_id": "8765570",
    "movie_id": "31069"
  },
  {
    "review": "솔직히잼썼다 7.5정도인데 평점올림",
    "date": "14.01.10",
    "rating": "10",
    "author": "fbsr****",
    "review_id": "8365766",
    "movie_id": "31069"
  },
  {
    "review": "화성/로봇/생명체/조난 거기다 멜로까지. 온갖 것들을 마구잡이로 섞지만 제대로 된 것은 하나도 없다.",
    "date": "13.11.09",
    "rating": "4",
    "author": "zxc1****",
    "review_id": "8128606",
    "movie_id": "31069"
  },
  {
    "review": "뭔 SF가 이따구로 지루하냐",
    "date": "13.10.18",
    "rating": "1",
    "author": "dbzh****",
    "review_id": "8068871",
    "movie_id": "31069"
  },
  {
    "review": "SF 영화 거의 대부분이 '과학적인' 사실과는 거리가 멀기 때문에 그런 것을 따지면서 보면 재미 없죠.",
    "date": "13.09.15",
    "rating": "7",
    "author": "band****",
    "review_id": "7984265",
    "movie_id": "31069"
  },
  {
    "review": "볼만한 작품. 전개가 깔끔해서 집중하기도 좋다.",
    "date": "13.08.31",
    "rating": "10",
    "author": "ajtw****",
    "review_id": "7936433",
    "movie_id": "31069"
  },
  {
    "review": "SF 영화 볼 줄 모르는 천치들에게는 재미 없는 영화.",
    "date": "13.08.07",
    "rating": "10",
    "author": "andy****",
    "review_id": "7852162",
    "movie_id": "31069"
  },
  {
    "review": "진심 더럽게재미없다. 외계 생물체도 반딧불이같은애들나오고 그냥 아무런 스릴도 흥미도 느껴지지않는영화. 영상미도없고 이건뭐 점수를줄래야 줄수가없네..",
    "date": "13.05.15",
    "rating": "1",
    "author": "intt****",
    "review_id": "7529493",
    "movie_id": "31069"
  },
  {
    "review": "반가운 얼굴들이 많지만, 내용자체가 다소 밋밋했던 평작. 자극적인 내용과 전개에 익숙해진 사람들은 심심할 수도 있을 듯.",
    "date": "13.05.14",
    "rating": "7",
    "author": "tscm****",
    "review_id": "7527792",
    "movie_id": "31069"
  },
  {
    "review": "아래분 댓글 너무 재미있네 ㅋㅋ 암튼 이영화 9점은 줘야 한다고본다 평점 조절좀 할께.",
    "date": "13.05.01",
    "rating": "10",
    "author": "b744****",
    "review_id": "7497851",
    "movie_id": "31069"
  },
  {
    "review": "감독 이 다음 차기작이 없음.아무래도,외계인 9호에게,납치라도 당했는 모양이다.어쩜 좋지.감독 선생119에,전화라도 하셈.당신 차기작 소식이 궁금해지는,몇 안되는 1인으로써,당신의 무사 생환과 안위 여부에,관심 안 가질수가 없음.발 킬머한테,물어볼까?",
    "date": "13.02.19",
    "rating": "8",
    "author": "baks****",
    "review_id": "7280653",
    "movie_id": "31069"
  },
  {
    "review": "영화니까 가능한거다 이놈들아",
    "date": "12.12.26",
    "rating": "7",
    "author": "lcm2****",
    "review_id": "7051491",
    "movie_id": "31069"
  },
  {
    "review": "영화 소개해주는 프로그램 때문에 봤던 기억이 나네 그리고 좀 밋밋했지",
    "date": "12.09.16",
    "rating": "6",
    "author": "fren****",
    "review_id": "6703878",
    "movie_id": "31069"
  },
  {
    "review": "큐리오시티의 성공적인 화성활동 소식에 정말 재밌게 봤다. 우주에서 공기압을 이용한 연소 작업 장면은 상당히 인상적이다. 화성에 착륙하는 장면 역시 흥미진진 했다. 현실에서 큐리오시티의 착륙 시스템이 영화속 2050여년 착륙시스템 보다 좀 더 발전했다.",
    "date": "12.08.09",
    "rating": "8",
    "author": "enjo****",
    "review_id": "6586256",
    "movie_id": "31069"
  },
  {
    "review": "코어나 아마겟돈 이런거 보고나서 봐서 그런지 뭔가 지루하네 SF적인 요소가 딸린다고나 할까 뭐 그래도 킬링타임용으로는 나쁘지 않았음",
    "date": "12.08.05",
    "rating": "7",
    "author": "mhch****",
    "review_id": "6574719",
    "movie_id": "31069"
  },
  {
    "review": "할 만큼 한 거 같지? 근데 이게 니 클래스",
    "date": "12.06.25",
    "rating": "4",
    "author": "expr****",
    "review_id": "6416247",
    "movie_id": "31069"
  },
  {
    "review": "존나 허접함.. 러브라인은 또 왜 집어넣은거야..",
    "date": "12.06.14",
    "rating": "5",
    "author": "kei9****",
    "review_id": "6389865",
    "movie_id": "31069"
  },
  {
    "review": "전체적으론 괜찮았지만 마지막 결말이 좀 엉성..",
    "date": "12.04.12",
    "rating": "8",
    "author": "hira****",
    "review_id": "6212861",
    "movie_id": "31069"
  },
  {
    "review": "액션, SF적 요소가 부족해 애들이 보긴 재미없지만 드라마틱내용과 철학적내용이잼다",
    "date": "12.03.02",
    "rating": "8",
    "author": "hyom****",
    "review_id": "6118524",
    "movie_id": "31069"
  },
  {
    "review": "내용은 재밌는데 사람들은 과학적으로 말도 안되는 내용이 많다고 해서",
    "date": "11.12.25",
    "rating": "6",
    "author": "heer****",
    "review_id": "5935250",
    "movie_id": "31069"
  },
  {
    "review": "지구멸망하는꿈을 꿨는데 내용은 몰라도 그냥 집에 다운받아논거보는데 딱 이내용",
    "date": "11.12.16",
    "rating": "10",
    "author": "slay****",
    "review_id": "5909919",
    "movie_id": "31069"
  },
  {
    "review": "비쥬얼이 좋고.. 스토리도 나름 괜찮고.. 그런대로 재미있네",
    "date": "11.10.19",
    "rating": "8",
    "author": "chgh****",
    "review_id": "5797850",
    "movie_id": "31069"
  },
  {
    "review": "지루.",
    "date": "11.08.15",
    "rating": "1",
    "author": "wild****",
    "review_id": "5654008",
    "movie_id": "31069"
  },
  {
    "review": "ㅋㅋ 머이러냐 우주선안에서중력이해제된상태에서 빨간불이 난다는것은 큰실수다",
    "date": "11.07.12",
    "rating": "1",
    "author": "rnjd****",
    "review_id": "5538173",
    "movie_id": "31069"
  },
  {
    "review": "지금보면 화면은 좀 촌스럽지만 소재와 전개는 깔끔하다..",
    "date": "11.07.12",
    "rating": "7",
    "author": "wind****",
    "review_id": "5538027",
    "movie_id": "31069"
  },
  {
    "review": "흥미진진하고 재밌었어요",
    "date": "11.01.26",
    "rating": "10",
    "author": "msj0****",
    "review_id": "5185617",
    "movie_id": "31069"
  },
  {
    "review": "스토리는 처음부터극적이고 보기무난해요  우주소재는항상흥미로워서 좋음",
    "date": "10.12.26",
    "rating": "7",
    "author": "sma4****",
    "review_id": "5086130",
    "movie_id": "31069"
  },
  {
    "review": "뭐 적당히 볼만했네ㅎ SF는 원래 평이 갈리지 부분은좀이상하지만 전체적으론 좋았음",
    "date": "10.12.21",
    "rating": "8",
    "author": "ksj3****",
    "review_id": "5070379",
    "movie_id": "31069"
  },
  {
    "review": "그냥그래",
    "date": "10.12.14",
    "rating": "7",
    "author": "mint****",
    "review_id": "5053513",
    "movie_id": "31069"
  },
  {
    "review": "정신없시 봤습니다...대 만족 또한 해피엔딩 까지....왕추천^^",
    "date": "10.11.12",
    "rating": "10",
    "author": "shfd****",
    "review_id": "4953492",
    "movie_id": "31069"
  },
  {
    "review": "우리가믿는 과학이라는 정해놓은 한계범위에대해 생각하게끔 만드는 영화",
    "date": "10.11.07",
    "rating": "10",
    "author": "mic1****",
    "review_id": "4944541",
    "movie_id": "31069"
  },
  {
    "review": "불분명함을 예술로 표현하는 능력이부족했다.신에 대한 중립적입장도 지키느라애썼다.",
    "date": "10.10.28",
    "rating": "7",
    "author": "sbs3****",
    "review_id": "4924370",
    "movie_id": "31069"
  },
  {
    "review": "헐~ 멘탈리스트의 사이먼 베이커... 여기서 보다니! ㅋ",
    "date": "10.09.10",
    "rating": "10",
    "author": "chan****",
    "review_id": "4826348",
    "movie_id": "31069"
  },
  {
    "review": "거창한 시놉시스에 너무 기대했나봐,...",
    "date": "10.07.14",
    "rating": "6",
    "author": "cdrl****",
    "review_id": "4638078",
    "movie_id": "31069"
  },
  {
    "review": "어설프다는 사람이 이해가 안간다, 실제 금성대기와 같은곳에서의 실험도 성공했다",
    "date": "10.07.11",
    "rating": "10",
    "author": "kshy****",
    "review_id": "4631026",
    "movie_id": "31069"
  },
  {
    "review": "TV에서 나왔던거네 ㅋㅋ 뭔가 허전함",
    "date": "10.06.03",
    "rating": "7",
    "author": "lcs5****",
    "review_id": "4541291",
    "movie_id": "31069"
  },
  {
    "review": "괜찮은 아이디어, 허전한 영화",
    "date": "10.02.16",
    "rating": "8",
    "author": "rlad****",
    "review_id": "4287731",
    "movie_id": "31069"
  },
  {
    "review": "ㅈ홓음",
    "date": "10.02.15",
    "rating": "10",
    "author": "chu1****",
    "review_id": "4285895",
    "movie_id": "31069"
  },
  {
    "review": "나름 괜찮은 과학적 설정,주제의식은 모호",
    "date": "10.01.05",
    "rating": "8",
    "author": "cans****",
    "review_id": "4138301",
    "movie_id": "31069"
  },
  {
    "review": "빈곤한 상상력을 지닌 공상과학물.",
    "date": "10.01.04",
    "rating": "5",
    "author": "oris****",
    "review_id": "4134537",
    "movie_id": "31069"
  },
  {
    "review": "상당히 잼있게 봤는데 평점이 좀 낮구나",
    "date": "09.12.25",
    "rating": "10",
    "author": "heon****",
    "review_id": "4085598",
    "movie_id": "31069"
  },
  {
    "review": "이제 닥칠지도 모르는일을 잘표현햇네요",
    "date": "09.11.30",
    "rating": "10",
    "author": "kitt****",
    "review_id": "4004966",
    "movie_id": "31069"
  },
  {
    "review": "좋은 작품이였다.",
    "date": "09.11.28",
    "rating": "9",
    "author": "tpgk****",
    "review_id": "3997953",
    "movie_id": "31069"
  },
  {
    "review": "아이엠옴티머스프라임",
    "date": "09.11.10",
    "rating": "1",
    "author": "glem****",
    "review_id": "3951331",
    "movie_id": "31069"
  },
  {
    "review": "그럭저럭 볼만하네요~",
    "date": "09.10.26",
    "rating": "7",
    "author": "eye1****",
    "review_id": "3917050",
    "movie_id": "31069"
  },
  {
    "review": "평론가의 의견에 전적으로 동감하는 영화 중 하나",
    "date": "09.09.22",
    "rating": "1",
    "author": "rkft****",
    "review_id": "3843877",
    "movie_id": "31069"
  },
  {
    "review": "가면 갈수록 엉성한 플롯 거기에 배우들의 평범한 연기.. SF면 뭐해",
    "date": "09.08.24",
    "rating": "6",
    "author": "alsd****",
    "review_id": "3785694",
    "movie_id": "31069"
  },
  {
    "review": "cg로 때우는 sf가 아닌 긴장감있는 설정과 진행이 맘에 듬. 근데 8천만불이란 액수는;",
    "date": "09.07.08",
    "rating": "9",
    "author": "blue****",
    "review_id": "3618811",
    "movie_id": "31069"
  },
  {
    "review": "공간이주는 공포감.. 그속에 삶에대한집념. 화성판 남극일기를 본듯한느낌",
    "date": "09.05.11",
    "rating": "7",
    "author": "goms****",
    "review_id": "3487414",
    "movie_id": "31069"
  },
  {
    "review": "갈수록 어설픈전개지만, 미션투마스에 비해서 점수를 주고싶다.",
    "date": "09.05.02",
    "rating": "7",
    "author": "litt****",
    "review_id": "3457131",
    "movie_id": "31069"
  },
  {
    "review": "어설프지만 나름 잼있음",
    "date": "09.04.23",
    "rating": "8",
    "author": "seun****",
    "review_id": "3435692",
    "movie_id": "31069"
  },
  {
    "review": "공상할수 없는 공상이지만 한번쯤 즐길수 있는 영화",
    "date": "09.03.28",
    "rating": "8",
    "author": "milk****",
    "review_id": "3391912",
    "movie_id": "31069"
  },
  {
    "review": "생각보다 볼만 한데 평점이 좀 낮은 감이 있네요.",
    "date": "09.03.28",
    "rating": "10",
    "author": "twin****",
    "review_id": "3391204",
    "movie_id": "31069"
  },
  {
    "review": "난 이영화 반댈세",
    "date": "09.03.23",
    "rating": "10",
    "author": "dlwn****",
    "review_id": "3383583",
    "movie_id": "31069"
  },
  {
    "review": "매력적인 인물들인데 좀 산만하다.",
    "date": "09.02.26",
    "rating": "4",
    "author": "evil****",
    "review_id": "3333585",
    "movie_id": "31069"
  },
  {
    "review": "그럭저럭 재미있었던영화",
    "date": "09.02.10",
    "rating": "7",
    "author": "rlwn****",
    "review_id": "3293470",
    "movie_id": "31069"
  },
  {
    "review": "스릴도없고 다큐멘터리본느낌 당혹스러운영화;;",
    "date": "09.02.10",
    "rating": "1",
    "author": "gkh0****",
    "review_id": "3292717",
    "movie_id": "31069"
  },
  {
    "review": "개봉할때 극장에서 봤었던 험... 재밌었는데 평점 왤케 낮지 'ㅁ';;",
    "date": "09.02.09",
    "rating": "10",
    "author": "disg****",
    "review_id": "3291764",
    "movie_id": "31069"
  },
  {
    "review": "생각 없이 무조건 따라오라는 당혹감.",
    "date": "09.02.05",
    "rating": "3",
    "author": "skat****",
    "review_id": "3278567",
    "movie_id": "31069"
  },
  {
    "review": "화성 관련 계획에 기초한 건가?",
    "date": "09.01.31",
    "rating": "10",
    "author": "nano****",
    "review_id": "3265651",
    "movie_id": "31069"
  },
  {
    "review": "재미있고 에이미란로봇 타죽는거 멋지다",
    "date": "09.01.29",
    "rating": "10",
    "author": "alzl****",
    "review_id": "3261697",
    "movie_id": "31069"
  },
  {
    "review": "평점에 연연하지 말고 보세요. SF영화지만 스릴도 있고 괜찮아요.",
    "date": "09.01.29",
    "rating": "8",
    "author": "gaja****",
    "review_id": "3261679",
    "movie_id": "31069"
  },
  {
    "review": "화려한 영상도 없고..고작 6명의배우와 미친로봇하나로 100분 체우고 끝난미친영화",
    "date": "09.01.11",
    "rating": "1",
    "author": "dkrl****",
    "review_id": "3211133",
    "movie_id": "31069"
  },
  {
    "review": "사면초가의 인간이 보여줄수 있는 내면의 세계를 제대로 보여준 영화... 굿...",
    "date": "09.01.11",
    "rating": "7",
    "author": "bete****",
    "review_id": "3209863",
    "movie_id": "31069"
  },
  {
    "review": "큰 사건 없이도 무난하게 영화를 끝맺음 할 수 있었다는 점이 관람포인트.",
    "date": "09.01.05",
    "rating": "6",
    "author": "kahl****",
    "review_id": "3191095",
    "movie_id": "31069"
  },
  {
    "review": "외계인이 어디나오냐고",
    "date": "08.12.09",
    "rating": "10",
    "author": "salu****",
    "review_id": "3103699",
    "movie_id": "31069"
  },
  {
    "review": "이게 도데체 뭐가 재밌다는거야",
    "date": "08.12.05",
    "rating": "1",
    "author": "hiw1****",
    "review_id": "3092576",
    "movie_id": "31069"
  },
  {
    "review": "중간에봤는데 재밌어서다봤는데 진짜재밋죠",
    "date": "08.11.23",
    "rating": "10",
    "author": "zin1****",
    "review_id": "3068469",
    "movie_id": "31069"
  },
  {
    "review": "신선한 소재이면서 섬뜩했던 영화였다...ㅋ",
    "date": "08.11.18",
    "rating": "10",
    "author": "jcsa****",
    "review_id": "3058452",
    "movie_id": "31069"
  },
  {
    "review": "아쉽다.. 뭐 예전 구정때 새벽에도 봤지만 많이 아쉽다.... 스토리도 더 보충하지 흠.",
    "date": "08.11.07",
    "rating": "8",
    "author": "dugi****",
    "review_id": "3039274",
    "movie_id": "31069"
  },
  {
    "review": "재미는 있는데 여자가 좀 껄쩍지근하다..섭외 잘못한듯",
    "date": "08.10.23",
    "rating": "10",
    "author": "konu****",
    "review_id": "3014298",
    "movie_id": "31069"
  },
  {
    "review": "외계인나와서 +1점",
    "date": "08.10.09",
    "rating": "6",
    "author": "hjj5****",
    "review_id": "2990657",
    "movie_id": "31069"
  },
  {
    "review": "경이로운 비쥬얼. 상당히 만족스런 SF",
    "date": "08.09.13",
    "rating": "8",
    "author": "urus****",
    "review_id": "2939653",
    "movie_id": "31069"
  },
  {
    "review": "꽤 재밌고, 잘 만들었다 ^^",
    "date": "08.08.30",
    "rating": "8",
    "author": "good****",
    "review_id": "2912397",
    "movie_id": "31069"
  },
  {
    "review": "SF최고의 영화",
    "date": "08.08.12",
    "rating": "10",
    "author": "syo4****",
    "review_id": "2863801",
    "movie_id": "31069"
  },
  {
    "review": "SF영화중에서도 과학적 근거가 분명한 영화.",
    "date": "08.06.28",
    "rating": "8",
    "author": "byju****",
    "review_id": "2725948",
    "movie_id": "31069"
  },
  {
    "review": "충분히 가능한 사실을 가지고 만든영화.... 유치하다고 생각말길",
    "date": "08.06.21",
    "rating": "9",
    "author": "ddor****",
    "review_id": "2710340",
    "movie_id": "31069"
  },
  {
    "review": "나름대로 재미있게 봤습니다.. 화성에 공기가있다니? 새로운 생각의 계기가 된듯.",
    "date": "08.06.06",
    "rating": "8",
    "author": "ypk8****",
    "review_id": "2682865",
    "movie_id": "31069"
  },
  {
    "review": "볼때는 재미없지만 몇년 지나면 계속 생각나는 영화",
    "date": "08.06.05",
    "rating": "10",
    "author": "jkw1****",
    "review_id": "2680191",
    "movie_id": "31069"
  },
  {
    "review": "SF참좋아해서 후하게 주는 편인데 이 영화는 웬지",
    "date": "08.05.27",
    "rating": "6",
    "author": "sola****",
    "review_id": "2666652",
    "movie_id": "31069"
  },
  {
    "review": "영화내용에비해 평점이높군 이럴순없어",
    "date": "08.05.10",
    "rating": "1",
    "author": "geni****",
    "review_id": "2629321",
    "movie_id": "31069"
  },
  {
    "review": "선샤인을 먼저봐서 그런가..스케일차이가 좀 다른데...영 흥미가 안땡기네;",
    "date": "08.04.27",
    "rating": "3",
    "author": "llin****",
    "review_id": "2602381",
    "movie_id": "31069"
  },
  {
    "review": "비추입니다. 과학적 호기심이 생기지가 않아요~",
    "date": "08.04.26",
    "rating": "4",
    "author": "bell****",
    "review_id": "2599817",
    "movie_id": "31069"
  },
  {
    "review": "가까스로 B급을 벗어났다고 밖에.. 캐리가 매트릭스 2찍기 전 놀기 싫어 찍은 듯.",
    "date": "08.04.10",
    "rating": "7",
    "author": "bepl****",
    "review_id": "2572721",
    "movie_id": "31069"
  }
]