[
  {
    "review": "명작이군요! 어릴때도 봤지만 다시보니 더 좋네요!! 조금 서글프지만 유쾌통쾌합니다",
    "date": "15.08.26",
    "rating": "9",
    "author": "trol****",
    "review_id": "10275691",
    "movie_id": "31066"
  },
  {
    "review": "개봉할때보고 10년지나서 다시봤는데도...빵빵 터짐~",
    "date": "15.08.25",
    "rating": "10",
    "author": "stra****",
    "review_id": "10274391",
    "movie_id": "31066"
  },
  {
    "review": "걍 별로임...록스탁이 더 나음",
    "date": "15.08.09",
    "rating": "5",
    "author": "kimj****",
    "review_id": "10207291",
    "movie_id": "31066"
  },
  {
    "review": "종합 평점은 7점 드립니다.",
    "date": "15.07.01",
    "rating": "7",
    "author": "terr****",
    "review_id": "10056842",
    "movie_id": "31066"
  },
  {
    "review": "첩혈쌍웅,영웅 본색3부작,원스 어폰 타임 인 아메리카,카튼 클럽노인을 위한 나라는 없다,파호,갱스 오브 더 뉴욕,좋은 친구들,카지노,밀러스 크로싱,록스탁 앤 투 스모킹 배럴즈,뉴욕의 왕과함께,내 인생 최고의 범죄영화중 하나다.가이리치 이때만해도 쩔었음",
    "date": "15.06.19",
    "rating": "10",
    "author": "baks****",
    "review_id": "10012815",
    "movie_id": "31066"
  },
  {
    "review": "잔재미만 가득하다.브래드피트의 매력이 눈부실 뿐 대부분 좋은 배우들이 쓸데없이 소모된다.",
    "date": "15.06.13",
    "rating": "7",
    "author": "mlif****",
    "review_id": "9996991",
    "movie_id": "31066"
  },
  {
    "review": "브래드 피트는 숨이 막힐 정도로 섹시하네",
    "date": "15.05.27",
    "rating": "10",
    "author": "jdud****",
    "review_id": "9955557",
    "movie_id": "31066"
  },
  {
    "review": "개노잼. 영화에 집중할려해도 내 인내가 포기했다",
    "date": "15.05.09",
    "rating": "1",
    "author": "mond****",
    "review_id": "9906095",
    "movie_id": "31066"
  },
  {
    "review": "시작부터 끝까지 제대로 잘빠진 영화 갠적으로 락 스탁 투 스모킹 배럴즈 보다도 이 영화가 더 잘나왔다고 생각됨 가이 리치 감독이 이 감각으로는 못돌아가겠지",
    "date": "15.05.01",
    "rating": "10",
    "author": "chil****",
    "review_id": "9884138",
    "movie_id": "31066"
  },
  {
    "review": "너무 산만하고 뒤죽박죽 무슨 쓸대없는 내용과 말들이 많은지.. 사람들도 시시각각 바뀌는데 집중하기 힘듬.",
    "date": "15.04.18",
    "rating": "4",
    "author": "awef****",
    "review_id": "9850667",
    "movie_id": "31066"
  },
  {
    "review": "가장 좋아하는영화!!",
    "date": "15.04.09",
    "rating": "10",
    "author": "devi****",
    "review_id": "9835855",
    "movie_id": "31066"
  },
  {
    "review": "이건 뭐.. 말이 안나온다.. 집시!~ 집시!~ 가이리치는 이때로만 돌아와달라",
    "date": "15.03.18",
    "rating": "9",
    "author": "yero****",
    "review_id": "9790874",
    "movie_id": "31066"
  },
  {
    "review": "배우들 오진다.. 그 중 브래드 피트 형님 굿굿",
    "date": "15.03.17",
    "rating": "8",
    "author": "phea****",
    "review_id": "9789554",
    "movie_id": "31066"
  },
  {
    "review": "가이 리치의 젊은 센스와 재기가 넘치던 시기.",
    "date": "15.02.25",
    "rating": "9",
    "author": "tear****",
    "review_id": "9737470",
    "movie_id": "31066"
  },
  {
    "review": "락 스탁 앤 투 스모킹 배럴즈보다 좀 더 대중적이라고 보면 된다.",
    "date": "15.02.22",
    "rating": "10",
    "author": "ldj0****",
    "review_id": "9729279",
    "movie_id": "31066"
  },
  {
    "review": "좋네요. 볼만 합니다.",
    "date": "15.02.21",
    "rating": "10",
    "author": "yjh8****",
    "review_id": "9721384",
    "movie_id": "31066"
  },
  {
    "review": "\"록 스탁 앤 투 스모킹 배럴즈\"도 산만했는데 이건 더 심하네..그 영화는 OST라도 들어줄만 했는데...이건 뭐...뒤죽박죽...난잡한 영화",
    "date": "15.02.01",
    "rating": "3",
    "author": "qhrt****",
    "review_id": "9657480",
    "movie_id": "31066"
  },
  {
    "review": "하드한 액션속에 녹아있는 유머",
    "date": "15.01.31",
    "rating": "6",
    "author": "rcan****",
    "review_id": "9655818",
    "movie_id": "31066"
  },
  {
    "review": "톱니바퀴같은 진행과 유쾌함",
    "date": "15.01.28",
    "rating": "8",
    "author": "hell****",
    "review_id": "9644407",
    "movie_id": "31066"
  },
  {
    "review": "재미있다고말들하는데 연출이산만해서좀 붕뜬다해야하나",
    "date": "15.01.10",
    "rating": "7",
    "author": "xx41****",
    "review_id": "9578725",
    "movie_id": "31066"
  },
  {
    "review": "크리스마스에 집에서 혼자 티비로봤는데 재밌어서 행복했다",
    "date": "15.01.07",
    "rating": "10",
    "author": "dbst****",
    "review_id": "9569680",
    "movie_id": "31066"
  },
  {
    "review": "가이 리치 특유의 있어보이고 싶어하는 루즈함 제발 오바하지말고 좀 노멀하게 만들어라 이정도 배우에 이정도 시나리오를 가지고 이렇게 밖에 못 만든건 큰 죄를 짓는거다",
    "date": "15.01.04",
    "rating": "7",
    "author": "joey****",
    "review_id": "9563280",
    "movie_id": "31066"
  },
  {
    "review": "가끔씩 생각나는 최고로 통쾌하고 잘 짜여진 영화 ㅎㅎ",
    "date": "14.12.27",
    "rating": "9",
    "author": "o0o1****",
    "review_id": "9523285",
    "movie_id": "31066"
  },
  {
    "review": "재밌는 사실 하나! 브래드 피트와 베니치오 델 토로는 이 작품 이전 각자『파이트 클럽』과 『유주얼 서스펙트』에서 전설은 아니고 레전드 급의 양아치 연기의 진수를 선보인바 있다. 거기서 이 둘의 연기보면 정우성,이정재 『태양은 없다』는 애들 장난 수준!",
    "date": "14.11.09",
    "rating": "10",
    "author": "nasu****",
    "review_id": "9364677",
    "movie_id": "31066"
  },
  {
    "review": "가이리치식 영화의 신선함이 살아숨쉰다. 흥미로운 영화인건 분명함.",
    "date": "14.11.08",
    "rating": "9",
    "author": "floo****",
    "review_id": "9357343",
    "movie_id": "31066"
  },
  {
    "review": "아직도 내기억속에 남아있는영화...이런 스타일 영화요즘 왜안나오는지 아쉽다...",
    "date": "14.10.25",
    "rating": "9",
    "author": "bobt****",
    "review_id": "9316527",
    "movie_id": "31066"
  },
  {
    "review": "화끈하고 영민하게 날뛴다.",
    "date": "14.10.21",
    "rating": "7",
    "author": "ogr5****",
    "review_id": "9305712",
    "movie_id": "31066"
  },
  {
    "review": "흥미롭지만 자기복제...",
    "date": "14.10.15",
    "rating": "7",
    "author": "yana****",
    "review_id": "9293558",
    "movie_id": "31066"
  },
  {
    "review": "빵빵 터지는  개그 개그뿐만아니라 스토리 라인도 아주 좋았음!",
    "date": "14.09.14",
    "rating": "10",
    "author": "klkt****",
    "review_id": "9214199",
    "movie_id": "31066"
  },
  {
    "review": "그냥 브랫핏의 똘기와 희안한 발음연기로만으로도 8점을 드리오리다~",
    "date": "14.09.04",
    "rating": "8",
    "author": "whia****",
    "review_id": "9167050",
    "movie_id": "31066"
  },
  {
    "review": "정말 너무 재밌다!!  최고다!",
    "date": "14.08.20",
    "rating": "10",
    "author": "kjsg****",
    "review_id": "9115286",
    "movie_id": "31066"
  },
  {
    "review": "영화 분위기와 배우 캐스팅의 조화가 예술적이다",
    "date": "14.06.14",
    "rating": "10",
    "author": "fina****",
    "review_id": "8830283",
    "movie_id": "31066"
  },
  {
    "review": "비트, 동사서독, 펄프픽션을 처음 봤을 때 느꼈던 새로움!!",
    "date": "14.06.12",
    "rating": "9",
    "author": "fait****",
    "review_id": "8823788",
    "movie_id": "31066"
  },
  {
    "review": "산만한 분위기를 잘 엮어냈더라면",
    "date": "14.05.31",
    "rating": "6",
    "author": "khs1****",
    "review_id": "8780227",
    "movie_id": "31066"
  },
  {
    "review": "애초에 분위기가  오션스  시리즈처럼 진지했으면  훨씬 좋았을 영화; 가벼운 분위기, 만연하는 죠크... 보는내내 집중이 안됫다",
    "date": "14.05.21",
    "rating": "1",
    "author": "d122****",
    "review_id": "8751773",
    "movie_id": "31066"
  },
  {
    "review": "4배속으로본영화 내취향아님",
    "date": "14.05.13",
    "rating": "1",
    "author": "2328****",
    "review_id": "8728432",
    "movie_id": "31066"
  },
  {
    "review": "영상 촬영하는 방법이 진짜 이감독만 이렇게 찍는듯. 정말 신기함",
    "date": "14.04.03",
    "rating": "9",
    "author": "star****",
    "review_id": "8625593",
    "movie_id": "31066"
  },
  {
    "review": "진짜 재밌다.가이리치 리즈시절 강력추천",
    "date": "14.04.02",
    "rating": "9",
    "author": "guye****",
    "review_id": "8623785",
    "movie_id": "31066"
  },
  {
    "review": "독특한 진행 방식이 너무 마음에 든다. 코미디를 너무나도 잘 녹여낸 영화.배우들의 연기,대사 분위기 모든게 다 최고다.",
    "date": "14.04.01",
    "rating": "10",
    "author": "gnlf****",
    "review_id": "8622397",
    "movie_id": "31066"
  },
  {
    "review": "이영화를 이제야보다니 !!!",
    "date": "14.03.16",
    "rating": "10",
    "author": "waku****",
    "review_id": "8582907",
    "movie_id": "31066"
  },
  {
    "review": "결국엔 집시가 왕고네 나머지 애들은 다 허접나부랭이들",
    "date": "14.02.27",
    "rating": "8",
    "author": "okre****",
    "review_id": "8541382",
    "movie_id": "31066"
  },
  {
    "review": "다들 록스탁을 최고로 치는데나는 1 스내치2 락큰롤라3 록스탁앤투스모킹배럴스순으로 재밌게봄스내치가 최고시다",
    "date": "14.02.25",
    "rating": "9",
    "author": "nigg****",
    "review_id": "8536326",
    "movie_id": "31066"
  },
  {
    "review": "아니 진짜로 거짓말 하나도 안 보태고 어떡게 이해하고 납득해야 되는지도 모르겠고 그냥 진짜 재미가 없다",
    "date": "14.02.22",
    "rating": "1",
    "author": "dbs3****",
    "review_id": "8528546",
    "movie_id": "31066"
  },
  {
    "review": "난잡하게 골때리는 영화",
    "date": "14.02.18",
    "rating": "5",
    "author": "ther****",
    "review_id": "8518171",
    "movie_id": "31066"
  },
  {
    "review": "매력적이다. 연기도, 편집도.",
    "date": "14.02.14",
    "rating": "10",
    "author": "indi****",
    "review_id": "8506219",
    "movie_id": "31066"
  },
  {
    "review": "출연진은 탄탄하다. 스토리는 아드레날린 같은 꼬이고 막장같은 느낌이지만 갖출것은 다 갖추었다. 다만 내용이 조잡한 느낌이 없지 않아있다.",
    "date": "14.02.10",
    "rating": "7",
    "author": "yong****",
    "review_id": "8496653",
    "movie_id": "31066"
  },
  {
    "review": "뭐지 이 매력적인 대사들과 내용들은?",
    "date": "14.01.28",
    "rating": "8",
    "author": "powe****",
    "review_id": "8437486",
    "movie_id": "31066"
  },
  {
    "review": "스타뎀보다 피트가 더 잘 싸우니 어색해 ㅋㅋ",
    "date": "14.01.24",
    "rating": "8",
    "author": "tn99****",
    "review_id": "8421454",
    "movie_id": "31066"
  },
  {
    "review": "잘만 만들었다면 정말로 재미있었을 영화. 재미있는 부분과 흥미로운 연출이 돋보인 부분도 분명히 있었지만 전체적으로 조잡해서 아쉽다",
    "date": "13.12.31",
    "rating": "6",
    "author": "wbdj****",
    "review_id": "8327299",
    "movie_id": "31066"
  },
  {
    "review": "귀여운 강아지가 없으면,남는게 없는 영화",
    "date": "13.12.22",
    "rating": "7",
    "author": "fuck****",
    "review_id": "8270119",
    "movie_id": "31066"
  },
  {
    "review": "유쾌한 사기 ,액션극,, 연기도 잘하는 피트",
    "date": "13.12.22",
    "rating": "8",
    "author": "nana****",
    "review_id": "8269921",
    "movie_id": "31066"
  },
  {
    "review": "휘리릭 뚝딱 한방에 비벼버리는 유쾌한 절도 탈취 사기 소동극",
    "date": "13.12.14",
    "rating": "6",
    "author": "yols****",
    "review_id": "8212829",
    "movie_id": "31066"
  },
  {
    "review": "웃긴 부분들이 있지만 전체적으로 산만하다",
    "date": "13.11.04",
    "rating": "1",
    "author": "mara****",
    "review_id": "8114169",
    "movie_id": "31066"
  },
  {
    "review": "최고!!!  두시간 남짓 영화가  얼마나  많은걸 보여주는지 ㅋㅋㅋ",
    "date": "13.10.29",
    "rating": "10",
    "author": "dogo****",
    "review_id": "8099938",
    "movie_id": "31066"
  },
  {
    "review": "처음엔이거뭐지? 이런느낌이었는데볼수록완전내스타일영화 간지나는편집이예술",
    "date": "13.10.24",
    "rating": "9",
    "author": "zhfl****",
    "review_id": "8085767",
    "movie_id": "31066"
  },
  {
    "review": "이런 구성의 영화를 좋아한다",
    "date": "13.09.25",
    "rating": "9",
    "author": "rjsw****",
    "review_id": "8014667",
    "movie_id": "31066"
  },
  {
    "review": "재미있슴.",
    "date": "13.09.08",
    "rating": "10",
    "author": "cles****",
    "review_id": "7960332",
    "movie_id": "31066"
  },
  {
    "review": "액션코미디 영화 중 단연 갑",
    "date": "13.09.05",
    "rating": "10",
    "author": "john****",
    "review_id": "7948389",
    "movie_id": "31066"
  },
  {
    "review": "걍..재미쓰..ㅋㅋ",
    "date": "13.09.01",
    "rating": "8",
    "author": "youn****",
    "review_id": "7941931",
    "movie_id": "31066"
  },
  {
    "review": "너무 산만하다. 마지막은 통쾌하지만..",
    "date": "13.07.28",
    "rating": "3",
    "author": "no13****",
    "review_id": "7794270",
    "movie_id": "31066"
  },
  {
    "review": "브래드피트때메 봤는데, 개인적으로 내용이 상당히 정신사나웠음;; 그리고 포스터만 보면 무슨 동물영화인줄알겠음;; 사실 총싸움하고 사람죽이는 액션인데",
    "date": "13.07.18",
    "rating": "8",
    "author": "myse****",
    "review_id": "7757317",
    "movie_id": "31066"
  },
  {
    "review": "전개도 빠르고 유쾌한",
    "date": "13.07.14",
    "rating": "7",
    "author": "fait****",
    "review_id": "7742408",
    "movie_id": "31066"
  },
  {
    "review": "초반부엔 엉성한듯, 산만한듯 인물과 스토리를 배치해놓고, 마지막에 한방에 엮어버리는 가이리치 스타일은 물흐르듯 엮여 들어가는 이야기들이 주는 재미가 있는데, 이영화가 그 만의 방식을 가장 잘 살렸던 영화라 하겠다, 출연진들도 정말 쟁쟁했었지",
    "date": "13.07.05",
    "rating": "10",
    "author": "bajj****",
    "review_id": "7706561",
    "movie_id": "31066"
  },
  {
    "review": "개 잼  하지만 걍 재밌기만 한 영화",
    "date": "13.06.15",
    "rating": "9",
    "author": "jayg****",
    "review_id": "7642452",
    "movie_id": "31066"
  },
  {
    "review": "정말 매력적인 영화세번 이상 본거 같네요",
    "date": "13.05.19",
    "rating": "10",
    "author": "laur****",
    "review_id": "7542323",
    "movie_id": "31066"
  },
  {
    "review": "볼만했음",
    "date": "13.05.12",
    "rating": "7",
    "author": "ksk5****",
    "review_id": "7524992",
    "movie_id": "31066"
  },
  {
    "review": "록 스탁 앤 투 스모킹 배럴즈와 비슷한걸로 승부를 봐서 그런지 아쉬웠다.",
    "date": "13.05.09",
    "rating": "8",
    "author": "come****",
    "review_id": "7517473",
    "movie_id": "31066"
  },
  {
    "review": "빵형 짱짱맨",
    "date": "13.05.06",
    "rating": "7",
    "author": "yaku****",
    "review_id": "7511859",
    "movie_id": "31066"
  },
  {
    "review": "재미있음 빠른전개도좋고",
    "date": "13.04.29",
    "rating": "10",
    "author": "k248****",
    "review_id": "7494346",
    "movie_id": "31066"
  },
  {
    "review": "볼만함",
    "date": "13.04.25",
    "rating": "8",
    "author": "dica****",
    "review_id": "7479332",
    "movie_id": "31066"
  },
  {
    "review": "정말 재밌습니다. 펄프픽션이 시초라면 스내치는 정점을 찍었다고 생각되네요. 엄청 살벌한 이야기를 코믹하게 풀어나갑니다. 그리고 브래드피트는 역시 연기를 잘하네요.",
    "date": "13.03.28",
    "rating": "10",
    "author": "anrs****",
    "review_id": "7415804",
    "movie_id": "31066"
  },
  {
    "review": "진심 대박 영화구나 ㅎㅎ 좋아하는 베네치오 분량도 적고 진짜 금방 가지만 유명 배우도 많이나오고 정말 웃기게 사건들을 잘 표현해 낸 것 같다 ㅎ 나에게 역대급 영화중 하나",
    "date": "13.03.25",
    "rating": "10",
    "author": "vm4e****",
    "review_id": "7409273",
    "movie_id": "31066"
  },
  {
    "review": "제가 영화 인생 가장 재밌게 본 영화가 아닌가 싶네요.개인적인 명장면을 뽑는다면 권투장 4라운드에서 물에빠졌다가 솟구 칠때! 유쾌통쾌했답니다 ^0 ^ .",
    "date": "13.02.25",
    "rating": "10",
    "author": "godd****",
    "review_id": "7302369",
    "movie_id": "31066"
  },
  {
    "review": "4손가락 프랭키의 다이아몬드 강탈사건, 터키쉬의 트레일러 구입사건은 무면허 복싱장에서 만난다. 정신차리고 보면 왜 10점만점에 10점인을 줄 수 밖에 없는지 알게 된다. 영화대충보는 무지한들은 평점 좀 달지마라",
    "date": "13.02.21",
    "rating": "10",
    "author": "blue****",
    "review_id": "7286711",
    "movie_id": "31066"
  },
  {
    "review": "베네치오가 섹시해서 10점 빙구같이 죽어서 더 좋았음",
    "date": "13.02.09",
    "rating": "10",
    "author": "luck****",
    "review_id": "7243000",
    "movie_id": "31066"
  },
  {
    "review": "ㅋㅋㅋㅋㅋㅋㅋㅋㅋㅋㅋㅋㅋㅋㅋㅋㅋㅋㅋㅋㅋㅋㅋㅋㅋㅋㅋㅋ앜ㅋㅋㅋㅋ",
    "date": "13.02.03",
    "rating": "10",
    "author": "sing****",
    "review_id": "7220809",
    "movie_id": "31066"
  },
  {
    "review": "유쾌하다ㅋㅋ",
    "date": "13.02.03",
    "rating": "10",
    "author": "aida****",
    "review_id": "7216235",
    "movie_id": "31066"
  },
  {
    "review": "골때리는 영화 ㅋㅋ생각없이봐야 재밌다",
    "date": "13.01.29",
    "rating": "8",
    "author": "foff****",
    "review_id": "7190775",
    "movie_id": "31066"
  },
  {
    "review": "어지럽고 난잡하다. 집중도 안되며 무슨 스토리인지 대체 알 수가없다 보고 있는데 대체 내가 왜 보고 있는지 의문이 드는 영화는 처음이다 시간 날렸다 템포만 빠르고 메타크리틱 58점이 딱 어울린다 쓰래기영화",
    "date": "13.01.28",
    "rating": "1",
    "author": "neoi****",
    "review_id": "7190698",
    "movie_id": "31066"
  },
  {
    "review": "역시~~",
    "date": "13.01.27",
    "rating": "8",
    "author": "newl****",
    "review_id": "7180534",
    "movie_id": "31066"
  },
  {
    "review": "브래드피트형의 매력은 이런맛이지 암 ㅇㅇ",
    "date": "13.01.09",
    "rating": "7",
    "author": "kdju****",
    "review_id": "7095078",
    "movie_id": "31066"
  },
  {
    "review": "완성도와는 별개로 록스탁보단 웃기다",
    "date": "12.12.28",
    "rating": "9",
    "author": "figh****",
    "review_id": "7055925",
    "movie_id": "31066"
  },
  {
    "review": "인물간의 관계가 살짝 복잡할수도 있음 근데 대사들에 깨알같은 재미가 있다 ㅋㅋㅋ",
    "date": "12.12.04",
    "rating": "9",
    "author": "kick****",
    "review_id": "6973616",
    "movie_id": "31066"
  },
  {
    "review": "시간은 확실히 죽여주는듯!",
    "date": "12.11.19",
    "rating": "8",
    "author": "aper****",
    "review_id": "6904242",
    "movie_id": "31066"
  },
  {
    "review": "가이리치 스타일~",
    "date": "12.11.07",
    "rating": "9",
    "author": "elip****",
    "review_id": "6862769",
    "movie_id": "31066"
  },
  {
    "review": "재밌다 재밌어ㅋㅋㅋㅋㅋㅋㅋㅋㅋㅋㅋㅋㅋ",
    "date": "12.11.04",
    "rating": "10",
    "author": "rlat****",
    "review_id": "6852851",
    "movie_id": "31066"
  },
  {
    "review": "도둑들 같은 개쓰렉이 같은 영화랑 정말 비교됨. 어디서 가이리치 스탈을 따라해",
    "date": "12.10.03",
    "rating": "10",
    "author": "yji1****",
    "review_id": "6758539",
    "movie_id": "31066"
  },
  {
    "review": "주관적으로 재미없게보았다. 올드한코미디..",
    "date": "12.09.14",
    "rating": "3",
    "author": "hyh7****",
    "review_id": "6695840",
    "movie_id": "31066"
  },
  {
    "review": "오홋..쵝오..가이리치 이색히는 천재라는......빵발형아..삼각빤스도 좋았다는...",
    "date": "12.08.28",
    "rating": "9",
    "author": "chip****",
    "review_id": "6650142",
    "movie_id": "31066"
  },
  {
    "review": "10년만에 다시봤는데도 잼나당",
    "date": "12.08.24",
    "rating": "10",
    "author": "123l****",
    "review_id": "6639915",
    "movie_id": "31066"
  },
  {
    "review": "짱재밋음 굿굿 ㅋㅋㅋㅋ",
    "date": "12.08.23",
    "rating": "10",
    "author": "sme0****",
    "review_id": "6636599",
    "movie_id": "31066"
  },
  {
    "review": "이런 영화가 다 있었네요~~ 재밌게 잘 봤습니다!! 마지막에 통쾌하다는...",
    "date": "12.08.22",
    "rating": "9",
    "author": "cjsw****",
    "review_id": "6634451",
    "movie_id": "31066"
  },
  {
    "review": "여잔데 보는내내 웃으면서 봣는데도 너무스토리 가볍지도않고 그렇다고 이해못할정도도아니고ㅋㅋㅋㅋㅋ너무좋앗어요",
    "date": "12.08.16",
    "rating": "10",
    "author": "edit****",
    "review_id": "6611717",
    "movie_id": "31066"
  },
  {
    "review": "여자지만 이런류를너~좋아라한다능!!더군다나 브래드피트 삼춘도좋쿠!!!몰라 몰라 !! 무조건 조아!!!!!!!!....-_ -",
    "date": "12.08.08",
    "rating": "10",
    "author": "iamw****",
    "review_id": "6581727",
    "movie_id": "31066"
  },
  {
    "review": "가히 영국 영화 냄새가 확 나는 수작 중 하나.",
    "date": "12.08.05",
    "rating": "8",
    "author": "kos4****",
    "review_id": "6573118",
    "movie_id": "31066"
  },
  {
    "review": "가이리치는 신기해",
    "date": "12.07.19",
    "rating": "8",
    "author": "ggan****",
    "review_id": "6493475",
    "movie_id": "31066"
  },
  {
    "review": "아 정말 재밌네요 간만에 좋은영화 봤습니다.ㅎㅎ",
    "date": "12.06.29",
    "rating": "10",
    "author": "hsy3****",
    "review_id": "6425128",
    "movie_id": "31066"
  },
  {
    "review": "가볍지만 가볍지 않은 복잡하지만 복잡하지 않은 유쾌한 스타일리쉬 영화 ㅋㅋ",
    "date": "12.06.16",
    "rating": "10",
    "author": "kwak****",
    "review_id": "6394421",
    "movie_id": "31066"
  },
  {
    "review": "엄청나게 재미있는 가이리치의 작품. 영화의 핵은 이야기가 아니라 감독의 스킬이다.",
    "date": "12.06.08",
    "rating": "9",
    "author": "bamg****",
    "review_id": "6377249",
    "movie_id": "31066"
  },
  {
    "review": "재미있음 구성도 좋고 흐름도 좋고 . 브래드피트 간지네",
    "date": "12.06.06",
    "rating": "9",
    "author": "oran****",
    "review_id": "6367237",
    "movie_id": "31066"
  }
]