[
  {
    "review": "사랑스럽다. 여기쪽영화는 좀이렇게 비현실적이면서 코믹한가 ? 중간중간에 웃긴장면들 많앗는데 슬픈기도 ㅠㅠ우즈베키스탄 가보고싶다.",
    "date": "12.10.19",
    "rating": "10",
    "author": "eye0****",
    "review_id": "6811723",
    "movie_id": "31060"
  },
  {
    "review": "우즈베키스탄, 타지키스탄의 몽환영화를 잇는 나는 인어공주의 러시아.",
    "date": "12.01.28",
    "rating": "10",
    "author": "dudo****",
    "review_id": "6028747",
    "movie_id": "31060"
  },
  {
    "review": "아련한 음악...슬퍼서 아름다운...",
    "date": "12.01.13",
    "rating": "10",
    "author": "odjy****",
    "review_id": "5983536",
    "movie_id": "31060"
  },
  {
    "review": "솔직히 이 영화 보면서 언제끝날까라는 생각밖에 하지 않았다",
    "date": "11.12.29",
    "rating": "3",
    "author": "rnqu****",
    "review_id": "5944974",
    "movie_id": "31060"
  },
  {
    "review": "조금 지루해요. 그냥 현실에서 벗어나고플때보면 좋은 영화",
    "date": "10.12.05",
    "rating": "6",
    "author": "redm****",
    "review_id": "5024346",
    "movie_id": "31060"
  },
  {
    "review": "도대체 뭔 내용인지 전혀 모르겠어요;; 제가 너무 깊이 생각해서일까요........",
    "date": "10.08.19",
    "rating": "1",
    "author": "luna****",
    "review_id": "4763888",
    "movie_id": "31060"
  },
  {
    "review": "슬프고 아름답구나.. 어이없게도 재밌기까지.",
    "date": "10.03.04",
    "rating": "10",
    "author": "ttii****",
    "review_id": "4333436",
    "movie_id": "31060"
  },
  {
    "review": "재미있게 봤음 ㅋㅋㅋㅋㅋㅋㅋㅋ",
    "date": "09.07.22",
    "rating": "10",
    "author": "gggj****",
    "review_id": "3656543",
    "movie_id": "31060"
  },
  {
    "review": "꿈속에서 보는듯한 환상속의 나라. 가난하지만 소박하고 우직한 착한 사람들의 이야기",
    "date": "09.07.22",
    "rating": "10",
    "author": "totu****",
    "review_id": "3655805",
    "movie_id": "31060"
  },
  {
    "review": "가끔씩 되새겨보는 아련한 감성의 영화",
    "date": "09.06.30",
    "rating": "10",
    "author": "son2****",
    "review_id": "3601672",
    "movie_id": "31060"
  },
  {
    "review": "유고+몽고… 욕나온다. 여주인공 이쁜거 용서되지만 이건뭐야",
    "date": "08.07.13",
    "rating": "6",
    "author": "ador****",
    "review_id": "2761480",
    "movie_id": "31060"
  },
  {
    "review": "very good !",
    "date": "07.11.30",
    "rating": "8",
    "author": "cles****",
    "review_id": "2194949",
    "movie_id": "31060"
  },
  {
    "review": "슐판 하마토바를 사랑하는 사람이라면",
    "date": "07.11.27",
    "rating": "10",
    "author": "dam_****",
    "review_id": "2188407",
    "movie_id": "31060"
  },
  {
    "review": "귀엽고 슬픈 감성.",
    "date": "07.11.04",
    "rating": "9",
    "author": "kill****",
    "review_id": "2133712",
    "movie_id": "31060"
  },
  {
    "review": "가장 아름다운 영화...",
    "date": "07.09.02",
    "rating": "10",
    "author": "0175****",
    "review_id": "1996043",
    "movie_id": "31060"
  },
  {
    "review": "아... 예쁘고 재밌는영화!!!",
    "date": "07.06.05",
    "rating": "10",
    "author": "bebe****",
    "review_id": "1682540",
    "movie_id": "31060"
  },
  {
    "review": "애기보고싶었는뎅ㅋㅋ 아빠죽어서 넘 안타깝네요.. 그래도 영화는 즐거웠음ㅋ",
    "date": "07.03.01",
    "rating": "10",
    "author": "dalp****",
    "review_id": "1509898",
    "movie_id": "31060"
  },
  {
    "review": "동화에도 장르가 있다면 루나파파는 블랙 코미디류의 동화",
    "date": "07.02.26",
    "rating": "10",
    "author": "selm****",
    "review_id": "1502348",
    "movie_id": "31060"
  },
  {
    "review": "즐거운 상상력 유쾌하다",
    "date": "07.01.28",
    "rating": "9",
    "author": "zeed****",
    "review_id": "1420830",
    "movie_id": "31060"
  },
  {
    "review": "즐거운 상상력들로 가득하지만 한데 뭉지지 못하고 겉돈다",
    "date": "07.01.26",
    "rating": "7",
    "author": "cros****",
    "review_id": "1414275",
    "movie_id": "31060"
  },
  {
    "review": "처음 볼때 부터 눈을 뗄수가 없었다. 마지막 장면은 정말 최고!",
    "date": "07.01.08",
    "rating": "10",
    "author": "tnwj****",
    "review_id": "1368296",
    "movie_id": "31060"
  },
  {
    "review": "순수하고 슬프고 아름답고 환상적인 영화-*",
    "date": "06.12.24",
    "rating": "9",
    "author": "ummm****",
    "review_id": "1322677",
    "movie_id": "31060"
  },
  {
    "review": "최고다!!  그리고  '슐판 하마토바'를 알게 해 준 영화",
    "date": "06.12.09",
    "rating": "10",
    "author": "obba****",
    "review_id": "1279367",
    "movie_id": "31060"
  },
  {
    "review": "냉혹한 현실을 가리는 또 하나의 망각.",
    "date": "06.06.12",
    "rating": "7",
    "author": "m60d****",
    "review_id": "841744",
    "movie_id": "31060"
  },
  {
    "review": "꿈과 환상, 현실을 잘 섞은. 신비롭고 아름답고 서글프다.",
    "date": "06.05.24",
    "rating": "8",
    "author": "hadl****",
    "review_id": "814364",
    "movie_id": "31060"
  },
  {
    "review": "상상보다 몽롱하고 현실보다 슬프다.",
    "date": "05.12.25",
    "rating": "10",
    "author": "hiem****",
    "review_id": "526642",
    "movie_id": "31060"
  },
  {
    "review": "이영화 정말 특이했음~ 영상미가 좋았던~",
    "date": "05.12.24",
    "rating": "8",
    "author": "toma****",
    "review_id": "525503",
    "movie_id": "31060"
  },
  {
    "review": "캐릭터가 살아있어서 비현실적인 일이 현실적으로 느껴지죠",
    "date": "05.12.21",
    "rating": "10",
    "author": "myli****",
    "review_id": "517927",
    "movie_id": "31060"
  },
  {
    "review": "너무 예쁜 여주인공과 예쁜 이야기",
    "date": "05.09.11",
    "rating": "8",
    "author": "mong****",
    "review_id": "401964",
    "movie_id": "31060"
  },
  {
    "review": "쿠스트리차표 영화.",
    "date": "05.09.07",
    "rating": "7",
    "author": "tjsd****",
    "review_id": "395580",
    "movie_id": "31060"
  },
  {
    "review": "목적지없이 상상력의 날개에만 의존해 날아가는 새같은영화.",
    "date": "05.08.24",
    "rating": "7",
    "author": "tubt****",
    "review_id": "382270",
    "movie_id": "31060"
  },
  {
    "review": "담담한영상에넘치는아빠와오빠의혈기상상치못한 결말영화답다.",
    "date": "05.07.30",
    "rating": "10",
    "author": "exil****",
    "review_id": "340907",
    "movie_id": "31060"
  },
  {
    "review": "아름다운영화",
    "date": "05.07.27",
    "rating": "10",
    "author": "ggop****",
    "review_id": "336132",
    "movie_id": "31060"
  },
  {
    "review": "순수하고환상적인 동화같은 영화. 하지만 졸린건 어쩔수 없었다.",
    "date": "05.02.25",
    "rating": "5",
    "author": "arin****",
    "review_id": "229794",
    "movie_id": "31060"
  },
  {
    "review": "마음이 깨끗해집니다 -",
    "date": "05.01.09",
    "rating": "10",
    "author": "gree****",
    "review_id": "181201",
    "movie_id": "31060"
  },
  {
    "review": "마음따뜻한 주인공들이네요^-^간만에 흐뭇-*",
    "date": "05.01.08",
    "rating": "10",
    "author": "eure****",
    "review_id": "179960",
    "movie_id": "31060"
  },
  {
    "review": "유머러스한 일상과 깜찍한 발상으로 행복한영화!",
    "date": "05.01.04",
    "rating": "9",
    "author": "ryui****",
    "review_id": "176736",
    "movie_id": "31060"
  },
  {
    "review": "캐릭터들이 너무너무 개성있고 사랑스러워요 -ㅂ-",
    "date": "05.01.03",
    "rating": "10",
    "author": "lake****",
    "review_id": "176252",
    "movie_id": "31060"
  },
  {
    "review": "헐리우드에식상한우리에게내린소나기같은영화",
    "date": "05.01.02",
    "rating": "10",
    "author": "sunn****",
    "review_id": "175325",
    "movie_id": "31060"
  },
  {
    "review": "옹~이 영화를 본게 행운같아요~넘 신선했슴돠~특히 새벽관람 강추!",
    "date": "05.01.01",
    "rating": "10",
    "author": "roll****",
    "review_id": "174958",
    "movie_id": "31060"
  },
  {
    "review": "순수하고 소박하지만 재미있고 지혜가있는 영화이다",
    "date": "05.01.01",
    "rating": "10",
    "author": "dskj****",
    "review_id": "174898",
    "movie_id": "31060"
  },
  {
    "review": "정말... 재미있는. 신나는. 환상적인. 멋진 영화였어요.",
    "date": "05.01.01",
    "rating": "10",
    "author": "tinn****",
    "review_id": "174824",
    "movie_id": "31060"
  },
  {
    "review": "얼얼하다...확실히 멋진영화다",
    "date": "05.01.01",
    "rating": "10",
    "author": "atom****",
    "review_id": "174693",
    "movie_id": "31060"
  },
  {
    "review": "정말 멋진 영화네요. 제 평생 본영화중 가장 재밌네요",
    "date": "05.01.01",
    "rating": "10",
    "author": "ksr0****",
    "review_id": "174285",
    "movie_id": "31060"
  },
  {
    "review": "만점 주고요 수준높은 영화에요...특히여주인공 예쁘고요 공각이랑비슷",
    "date": "05.01.01",
    "rating": "10",
    "author": "kpg1****",
    "review_id": "174284",
    "movie_id": "31060"
  },
  {
    "review": "나로서는 상상할수 없는 일이예요.. 아주아주 판타스틱한 일이 벌어지지요",
    "date": "04.04.01",
    "rating": "7",
    "author": "isla****",
    "review_id": "32991",
    "movie_id": "31060"
  }
]