[
  {
    "review": "토탈리콜보다 한층 더 철학적으로 진화된 영화. 신이 인간을 창조했다면 복제라는 능력도 인간에게 주어졌다는 드럭커의 말이 와닿는다. 어설픈 CG가 좀 걸리긴 하지만 뭐 이정도면...",
    "date": "15.08.25",
    "rating": "7",
    "author": "jiyu****",
    "review_id": "10274198",
    "movie_id": "31068"
  },
  {
    "review": "다들 너무 평점들 짠것 같음 이정도면 최소 9점 이상이어야 하는데  생각보다 8점 이하 준 사람들이 많네요.",
    "date": "15.08.15",
    "rating": "10",
    "author": "tkdg****",
    "review_id": "10232664",
    "movie_id": "31068"
  },
  {
    "review": "주제도 스토리도 마음에 들었다",
    "date": "15.07.16",
    "rating": "10",
    "author": "andy****",
    "review_id": "10108512",
    "movie_id": "31068"
  },
  {
    "review": "오래전 봤던 영화지만 리뷰를 늦게 남긴다.후반부에 조금 루즈해지긴 하지만 메세지는 좋았다.가령 한나라의 독재자가 얼마든지 복제가 가능하다면 생각만해도 끔찍하다.",
    "date": "15.07.03",
    "rating": "8",
    "author": "cred****",
    "review_id": "10064442",
    "movie_id": "31068"
  },
  {
    "review": "SF액션의 금자탑 아놀드 형님 만세~~",
    "date": "15.06.14",
    "rating": "7",
    "author": "hagj****",
    "review_id": "9998414",
    "movie_id": "31068"
  },
  {
    "review": "또봐도 재미있는영화~~!",
    "date": "15.04.21",
    "rating": "10",
    "author": "xx41****",
    "review_id": "9855523",
    "movie_id": "31068"
  },
  {
    "review": "오래전 봤지만, 나쁘지 않았던 스토리",
    "date": "15.04.16",
    "rating": "10",
    "author": "lsh5****",
    "review_id": "9848525",
    "movie_id": "31068"
  },
  {
    "review": "소재는 매우 괜찮았다.",
    "date": "15.03.30",
    "rating": "7",
    "author": "rand****",
    "review_id": "9817516",
    "movie_id": "31068"
  },
  {
    "review": "흥미로운 세계관, 부실한 시공",
    "date": "15.03.29",
    "rating": "5",
    "author": "rd72****",
    "review_id": "9815887",
    "movie_id": "31068"
  },
  {
    "review": "오래전에 봤지만 액션에 치우쳐서 메세지를 놓치지않고 잘 만든 수작이라고 봄. 스텔론이나 아놀드나 전형적인 액션에서 벗어난 대표 영화가 몇편 있는데 스텔론은 록키,데이라잇 아놀드는 엔드오브 데이즈 와 여섯번째날 정도일까나..지금 봐도 참 잘만든 영화임",
    "date": "15.03.12",
    "rating": "10",
    "author": "soma****",
    "review_id": "9774808",
    "movie_id": "31068"
  },
  {
    "review": "창조주가 만든 영혼이 있는 인간에 대한 얘기이고 결국 사람은 어쩔 수 없이 죽는 다는 걸 보여주는 영화고 꽤 재밌다.",
    "date": "15.02.21",
    "rating": "10",
    "author": "cord****",
    "review_id": "9724750",
    "movie_id": "31068"
  },
  {
    "review": "아놀드식 액션영화 한번 더 보고 싶다.",
    "date": "14.11.17",
    "rating": "6",
    "author": "kem1****",
    "review_id": "9395286",
    "movie_id": "31068"
  },
  {
    "review": "재밌음, ㅋ 액션이 좀 약하지만   다른 장점으로 커버",
    "date": "14.10.24",
    "rating": "8",
    "author": "fghy****",
    "review_id": "9311402",
    "movie_id": "31068"
  },
  {
    "review": "나름 소재도 좋고 반전도 있었지만 뭔가 아쉬움이 남는 SF액션 스릴러. 지금 보면 당연히 어설프게 느껴지는 CG. 굳이 특정 배우의 팬이 아니라면 찾아볼만한 가치 없음",
    "date": "14.09.07",
    "rating": "5",
    "author": "jjaj****",
    "review_id": "9177701",
    "movie_id": "31068"
  },
  {
    "review": "상영시간을 좀더 줄였으면 좋을뻔했다",
    "date": "14.08.11",
    "rating": "7",
    "author": "last****",
    "review_id": "9067563",
    "movie_id": "31068"
  },
  {
    "review": "복제인간은 이제 좀 지겹다...아놀드가 나오는 킬링타임용으로만 적당하다",
    "date": "14.08.07",
    "rating": "7",
    "author": "lees****",
    "review_id": "9043072",
    "movie_id": "31068"
  },
  {
    "review": "유치뽕짝이네요 노무노무재미없네요",
    "date": "14.05.30",
    "rating": "1",
    "author": "wkda****",
    "review_id": "8777258",
    "movie_id": "31068"
  },
  {
    "review": "2000년에 개봉된 건데도 재밌네요 추천드립니다^^",
    "date": "14.04.22",
    "rating": "7",
    "author": "boom****",
    "review_id": "8665017",
    "movie_id": "31068"
  },
  {
    "review": "영화 유치함 재미없음.",
    "date": "14.02.27",
    "rating": "5",
    "author": "yepp****",
    "review_id": "8543855",
    "movie_id": "31068"
  },
  {
    "review": "복제인간은 복제인간대로 불쌍하고...진짜는 진짜대로 불쌍하고...중간에 두다한꺼번에나와서 햇갈리던데...",
    "date": "14.01.19",
    "rating": "9",
    "author": "uhnj****",
    "review_id": "8401541",
    "movie_id": "31068"
  },
  {
    "review": "평점이 생각보다 낮네?? 이거 엉청 재밋는데",
    "date": "14.01.14",
    "rating": "10",
    "author": "yyw8****",
    "review_id": "8382198",
    "movie_id": "31068"
  },
  {
    "review": "아놀드슈왈제네거 최고의 영화중 하나.단순 SF가 아닌 과학과 종교 철학에 대해한번쯤은 깊이있게 생각토록 만드는 영화.",
    "date": "14.01.05",
    "rating": "10",
    "author": "sinc****",
    "review_id": "8351996",
    "movie_id": "31068"
  },
  {
    "review": "복제 인간이란 소재는 나름 괜찮지만, 지지부진한 전개와 진부한 스토리 때문에 지루하게 느껴진다.",
    "date": "13.12.22",
    "rating": "5",
    "author": "zxc1****",
    "review_id": "8274529",
    "movie_id": "31068"
  },
  {
    "review": "굳굳구둗 스릴있고 재밌고 스토리도 좋다",
    "date": "13.12.06",
    "rating": "10",
    "author": "0203****",
    "review_id": "8193799",
    "movie_id": "31068"
  },
  {
    "review": "이레이져랑 비슷~  그냥적당히 봐줄만하다",
    "date": "13.11.25",
    "rating": "7",
    "author": "cjst****",
    "review_id": "8168259",
    "movie_id": "31068"
  },
  {
    "review": "헬기cg는약하지만 볼만함",
    "date": "13.11.13",
    "rating": "10",
    "author": "lsc2****",
    "review_id": "8135676",
    "movie_id": "31068"
  },
  {
    "review": "기대안하고봤는데,,볼만했다.  굿 ~~",
    "date": "13.11.13",
    "rating": "10",
    "author": "kkok****",
    "review_id": "8135579",
    "movie_id": "31068"
  },
  {
    "review": "정말 소름끼친다!!!",
    "date": "13.11.13",
    "rating": "10",
    "author": "ske4****",
    "review_id": "8135114",
    "movie_id": "31068"
  },
  {
    "review": "액션 CG는 약하지만, 스토리는 괜찮네요! ㅎㅎ",
    "date": "13.09.06",
    "rating": "8",
    "author": "ljsk****",
    "review_id": "7952144",
    "movie_id": "31068"
  },
  {
    "review": "적당히 볼만~",
    "date": "13.08.19",
    "rating": "7",
    "author": "dbzh****",
    "review_id": "7905069",
    "movie_id": "31068"
  },
  {
    "review": "아놀드 영화치곤 액션이 약하지만...소재가 참 좋은 영화",
    "date": "13.08.11",
    "rating": "10",
    "author": "1991****",
    "review_id": "7870289",
    "movie_id": "31068"
  },
  {
    "review": "굿",
    "date": "13.06.07",
    "rating": "10",
    "author": "reso****",
    "review_id": "7603020",
    "movie_id": "31068"
  },
  {
    "review": "많이는 아니지만 그럭저럭 볼만했던 영화같다.",
    "date": "13.05.17",
    "rating": "8",
    "author": "come****",
    "review_id": "7533034",
    "movie_id": "31068"
  },
  {
    "review": "액션은 볼만했다",
    "date": "12.11.15",
    "rating": "7",
    "author": "hsd5****",
    "review_id": "6890006",
    "movie_id": "31068"
  },
  {
    "review": "나름 볼만 했음.. 로저 스포티스우드 감독이 007 네버다이를 연출한 후 선택한 배우는 아놀드 할배였다...  역시 강한 배우가 필요했었어...ㅋㅋ",
    "date": "12.10.02",
    "rating": "9",
    "author": "spar****",
    "review_id": "6752922",
    "movie_id": "31068"
  },
  {
    "review": "저짓해서라도 난 오래살고싶다~~~",
    "date": "12.09.13",
    "rating": "10",
    "author": "king****",
    "review_id": "6692948",
    "movie_id": "31068"
  },
  {
    "review": "재밌따 재밌어",
    "date": "12.08.28",
    "rating": "9",
    "author": "newl****",
    "review_id": "6649252",
    "movie_id": "31068"
  },
  {
    "review": "영생인가 환생인가..",
    "date": "12.08.13",
    "rating": "10",
    "author": "milk****",
    "review_id": "6598481",
    "movie_id": "31068"
  },
  {
    "review": "아놀드 영화 중 참신한 소재ㅋㅋ",
    "date": "12.07.30",
    "rating": "10",
    "author": "balh****",
    "review_id": "6554032",
    "movie_id": "31068"
  },
  {
    "review": "슈왈제네거표 \"진지한\" 액션 영화, 캐스팅+교훈+스토리+반전+액션 모두 굿",
    "date": "12.07.29",
    "rating": "10",
    "author": "1992****",
    "review_id": "6553051",
    "movie_id": "31068"
  },
  {
    "review": "아쉬운 점이 많은 B급 오락용 사이버펑크",
    "date": "12.06.18",
    "rating": "7",
    "author": "zkaw****",
    "review_id": "6400016",
    "movie_id": "31068"
  },
  {
    "review": "멍청 근육맨의 폭력질.",
    "date": "12.04.29",
    "rating": "2",
    "author": "pria****",
    "review_id": "6257501",
    "movie_id": "31068"
  },
  {
    "review": "재미있어요 우리 인간들에게 좋은경고를하고있는것같은",
    "date": "12.04.08",
    "rating": "9",
    "author": "ssm7****",
    "review_id": "6201074",
    "movie_id": "31068"
  },
  {
    "review": "12년이나지나고봐서그런지 소재의참신함도 스토리의긴장감도 못느끼겠음; 난지루ㅜ",
    "date": "12.02.23",
    "rating": "6",
    "author": "okan****",
    "review_id": "6096954",
    "movie_id": "31068"
  },
  {
    "review": "새벽에 하는걸 봤는데.. 2000년에 만든 영화치고 내용도 탄탄하고 진짜 볼만했어요 ~",
    "date": "12.02.21",
    "rating": "10",
    "author": "tony****",
    "review_id": "6092763",
    "movie_id": "31068"
  },
  {
    "review": "이렇게 사는 건 사는 게 아니야",
    "date": "12.01.29",
    "rating": "7",
    "author": "uds0****",
    "review_id": "6031934",
    "movie_id": "31068"
  },
  {
    "review": "괜찮은 반전..",
    "date": "11.10.04",
    "rating": "9",
    "author": "tn99****",
    "review_id": "5770882",
    "movie_id": "31068"
  },
  {
    "review": "소재는 좋았으나 그래픽빼고는 20년전 영화같다.",
    "date": "11.08.10",
    "rating": "6",
    "author": "wlfa****",
    "review_id": "5633184",
    "movie_id": "31068"
  },
  {
    "review": "10년도 더 지났지만 솔직히 지금 우리나라 영화 그래픽보다 남.. 내용 탄탄하고 감동이 있는 영화 ㅎ",
    "date": "11.08.01",
    "rating": "10",
    "author": "vudg****",
    "review_id": "5590048",
    "movie_id": "31068"
  },
  {
    "review": "당연히 지금 보면 형편없는 영상이지만 세월이흘려도 녹슬지 않을 시나리오에 8점을 준다",
    "date": "11.06.28",
    "rating": "8",
    "author": "ty93****",
    "review_id": "5504108",
    "movie_id": "31068"
  },
  {
    "review": "각본이 좀 더 치밀했더라면 하는 아쉬움이 드네요",
    "date": "11.06.06",
    "rating": "8",
    "author": "enco****",
    "review_id": "5466944",
    "movie_id": "31068"
  },
  {
    "review": "복제된아담이자기가진짜아담인줄알고행동하는\n그반전이놀랍고너무재밌어요",
    "date": "11.05.23",
    "rating": "10",
    "author": "dkwl****",
    "review_id": "5445579",
    "movie_id": "31068"
  },
  {
    "review": "단 한번도 눈을 뗀 적이 없는 몰입감 좋은 영화",
    "date": "11.01.28",
    "rating": "10",
    "author": "ajtw****",
    "review_id": "5190452",
    "movie_id": "31068"
  },
  {
    "review": "복제인간을 다룬 영화",
    "date": "11.01.26",
    "rating": "7",
    "author": "sund****",
    "review_id": "5185698",
    "movie_id": "31068"
  },
  {
    "review": "딱 8점짜리 영화. 꽤 괜찮았음.",
    "date": "11.01.10",
    "rating": "8",
    "author": "sava****",
    "review_id": "5147186",
    "movie_id": "31068"
  },
  {
    "review": "아놀드가 늙었지만 재미있는 영화",
    "date": "11.01.04",
    "rating": "10",
    "author": "matr****",
    "review_id": "5128935",
    "movie_id": "31068"
  },
  {
    "review": "내가 이걸 2001년에 봤었는데..ㅋㅋ 그땐 진짜 재밌었는데ㅋㅋ",
    "date": "11.01.02",
    "rating": "9",
    "author": "ycl1****",
    "review_id": "5115115",
    "movie_id": "31068"
  },
  {
    "review": "터미네이터의 충격적인 그를 복제할수 있었다면 더 좋았을걸",
    "date": "10.10.09",
    "rating": "6",
    "author": "dizi****",
    "review_id": "4894236",
    "movie_id": "31068"
  },
  {
    "review": "내가 저 복제인간이라면?",
    "date": "10.08.10",
    "rating": "10",
    "author": "ccpk****",
    "review_id": "4730615",
    "movie_id": "31068"
  },
  {
    "review": "강한 여운을 남기는 액션영화",
    "date": "10.08.10",
    "rating": "10",
    "author": "rame****",
    "review_id": "4730614",
    "movie_id": "31068"
  },
  {
    "review": "액션SF임에도 불구하고 복제인간의 존엄성에 대한 심오한 메시지를 던진다",
    "date": "10.08.10",
    "rating": "10",
    "author": "kpcc****",
    "review_id": "4730613",
    "movie_id": "31068"
  },
  {
    "review": "모든게 신선했던 영화",
    "date": "10.07.30",
    "rating": "10",
    "author": "jjh0****",
    "review_id": "4685529",
    "movie_id": "31068"
  },
  {
    "review": "소재를 잘 살린 SF 영화",
    "date": "10.07.27",
    "rating": "8",
    "author": "yser****",
    "review_id": "4677857",
    "movie_id": "31068"
  },
  {
    "review": "자기기자신들이 생일파티 최후의",
    "date": "10.07.16",
    "rating": "10",
    "author": "tlfk****",
    "review_id": "4644207",
    "movie_id": "31068"
  },
  {
    "review": "좋은 재료를 엉망으로 요리",
    "date": "10.04.09",
    "rating": "6",
    "author": "icoc****",
    "review_id": "4422399",
    "movie_id": "31068"
  },
  {
    "review": "너무 변한게없는 아놀드식액션영화.. 게다가 너무노골적으로 치우쳐져있다...",
    "date": "10.03.06",
    "rating": "8",
    "author": "sshh****",
    "review_id": "4338637",
    "movie_id": "31068"
  },
  {
    "review": "신선함과 참신함 하지만 불쌍한 아놀드",
    "date": "10.02.11",
    "rating": "8",
    "author": "bhp1****",
    "review_id": "4267801",
    "movie_id": "31068"
  },
  {
    "review": "포스터만보고 겁먹었는데 보고나니 많은 생각이 나는 영화",
    "date": "10.02.05",
    "rating": "10",
    "author": "kkw0****",
    "review_id": "4250092",
    "movie_id": "31068"
  },
  {
    "review": "시간 때우기",
    "date": "09.12.19",
    "rating": "2",
    "author": "ysuh****",
    "review_id": "4056240",
    "movie_id": "31068"
  },
  {
    "review": "포스터를 봤을땐 아주 무서운 영환줄 알았는데.. 상당히 가벼웠다.",
    "date": "09.12.12",
    "rating": "6",
    "author": "meta****",
    "review_id": "4037112",
    "movie_id": "31068"
  },
  {
    "review": "볼만한영화.. ㅎㅎ",
    "date": "09.11.26",
    "rating": "10",
    "author": "peac****",
    "review_id": "3990634",
    "movie_id": "31068"
  },
  {
    "review": "가까운 미래라는 생각, 지어진 세계의 죽음의법칙을 우린 기꺼이 따라야 마땅하다",
    "date": "09.11.11",
    "rating": "7",
    "author": "gkag****",
    "review_id": "3951548",
    "movie_id": "31068"
  },
  {
    "review": "어릴때잠시보고오늘케이블에서봤는데어릴때는왜이렇게 그 영상애인이가지고싶었는지ㅋ",
    "date": "09.10.30",
    "rating": "10",
    "author": "rebe****",
    "review_id": "3925395",
    "movie_id": "31068"
  },
  {
    "review": "참으로 형편없는 완성도를 가진 저질SF영화",
    "date": "09.10.29",
    "rating": "5",
    "author": "r922****",
    "review_id": "3922756",
    "movie_id": "31068"
  },
  {
    "review": "미래에 대한 경고메세지...또 미래에 보게 될거같은 여러 생활상들을 보여준다.",
    "date": "09.10.24",
    "rating": "8",
    "author": "jbc1****",
    "review_id": "3912852",
    "movie_id": "31068"
  },
  {
    "review": "ㅇ ㅑ .. 재밌네",
    "date": "09.08.30",
    "rating": "9",
    "author": "wnsg****",
    "review_id": "3799238",
    "movie_id": "31068"
  },
  {
    "review": "여러가지를 생각하게 만들어주는 영화~ 볼거리도 재밌었음",
    "date": "09.08.30",
    "rating": "10",
    "author": "shwi****",
    "review_id": "3799074",
    "movie_id": "31068"
  },
  {
    "review": "시나리오가 좀 아쉬웠지만 미래사회의 다양한 볼거리들이 좋았음.",
    "date": "09.07.30",
    "rating": "9",
    "author": "skss****",
    "review_id": "3686269",
    "movie_id": "31068"
  },
  {
    "review": "공포의 터미네이터 주지사님 2명",
    "date": "09.05.26",
    "rating": "10",
    "author": "pibo****",
    "review_id": "3523257",
    "movie_id": "31068"
  },
  {
    "review": "주류와 B급에서 우왕좌왕한 아쉬운 영화",
    "date": "09.05.17",
    "rating": "3",
    "author": "hjki****",
    "review_id": "3502947",
    "movie_id": "31068"
  },
  {
    "review": "무엇보다 영화의 주제가 아주 흥미로웠다. 인간복제",
    "date": "09.05.16",
    "rating": "10",
    "author": "piu1****",
    "review_id": "3499610",
    "movie_id": "31068"
  },
  {
    "review": "스토리는 유치하지만 생각보다 재미있었음",
    "date": "09.05.14",
    "rating": "7",
    "author": "give****",
    "review_id": "3494615",
    "movie_id": "31068"
  },
  {
    "review": "무겁고 흥미로운 주제에비해, 가볍고 빈약한느낌의 시나리오",
    "date": "09.05.04",
    "rating": "6",
    "author": "goms****",
    "review_id": "3465934",
    "movie_id": "31068"
  },
  {
    "review": "아놀드 킹왕짱!! 당시 영화제작비 1000억원중 출연료만 300억원이었다는",
    "date": "09.03.19",
    "rating": "10",
    "author": "bond****",
    "review_id": "3374405",
    "movie_id": "31068"
  },
  {
    "review": "복제를다룬 이평범한스릴러는 늙은액션스타로부터 나온 영화중에서 그나마 볼만한영화",
    "date": "09.03.09",
    "rating": "5",
    "author": "dg_d****",
    "review_id": "3356995",
    "movie_id": "31068"
  },
  {
    "review": "아놀드가 등장한영화는 잼있다능 ㅋㅋ  코만도,터미네이터,6번째날 ㅋ",
    "date": "09.02.28",
    "rating": "10",
    "author": "kwj7****",
    "review_id": "3338409",
    "movie_id": "31068"
  },
  {
    "review": "생각보다는.,.,",
    "date": "09.02.20",
    "rating": "7",
    "author": "o0wl****",
    "review_id": "3319703",
    "movie_id": "31068"
  },
  {
    "review": "재밌게봤음",
    "date": "09.02.05",
    "rating": "10",
    "author": "jkh0****",
    "review_id": "3278530",
    "movie_id": "31068"
  },
  {
    "review": "아놀드+007네버다이감독+액션+과학 +SF+줄거리+,참고로acjwook가 말한거처럼 실패안함",
    "date": "08.12.30",
    "rating": "10",
    "author": "swer****",
    "review_id": "3166861",
    "movie_id": "31068"
  },
  {
    "review": "쓸만한 주제지만 완성도는 그닥..",
    "date": "08.12.28",
    "rating": "7",
    "author": "zzaz****",
    "review_id": "3162121",
    "movie_id": "31068"
  },
  {
    "review": "생각할만한 소재를 꺼냈으면 생각이라는걸 좀 하게 해줘야지.",
    "date": "08.12.23",
    "rating": "6",
    "author": "reco****",
    "review_id": "3142476",
    "movie_id": "31068"
  },
  {
    "review": "복제인간이 나올수도있다는 것을 알리는영화...인류에게는 경고의메세지!",
    "date": "08.12.13",
    "rating": "9",
    "author": "capg****",
    "review_id": "3111854",
    "movie_id": "31068"
  },
  {
    "review": "볼만한 영화임",
    "date": "08.10.25",
    "rating": "7",
    "author": "jong****",
    "review_id": "3019284",
    "movie_id": "31068"
  },
  {
    "review": "꽤 볼만한 작품이지만 미국 박스오피스에서 실패했다. 근육질 액션은 요즘 안먹혀.",
    "date": "08.10.11",
    "rating": "8",
    "author": "acjw****",
    "review_id": "2994466",
    "movie_id": "31068"
  },
  {
    "review": "무난하다...",
    "date": "08.07.14",
    "rating": "10",
    "author": "ipdy****",
    "review_id": "2764222",
    "movie_id": "31068"
  },
  {
    "review": "영화 보는내내 작위적 느낌이 계속들었다. 아놀드 영화중 호감이 가지 않는영화.",
    "date": "08.07.12",
    "rating": "5",
    "author": "khkk****",
    "review_id": "2755580",
    "movie_id": "31068"
  },
  {
    "review": "진짜 복제인간 소재로한 영화중 수작인듯;;; 까는 놈들이 이해안간다;;;",
    "date": "08.06.12",
    "rating": "9",
    "author": "jjmo****",
    "review_id": "2694937",
    "movie_id": "31068"
  },
  {
    "review": "복제인간의 아이러니",
    "date": "08.06.08",
    "rating": "7",
    "author": "dcap****",
    "review_id": "2686829",
    "movie_id": "31068"
  },
  {
    "review": "반전도 좋았고.. 스릴도 상당했다.. 오락물로서 할일을 다했다.",
    "date": "08.03.21",
    "rating": "9",
    "author": "pola****",
    "review_id": "2533365",
    "movie_id": "31068"
  },
  {
    "review": "다 좋았다 그러나 아쉬운 반전",
    "date": "08.02.28",
    "rating": "8",
    "author": "rudr****",
    "review_id": "2491427",
    "movie_id": "31068"
  }
]