[
  {
    "review": "어릴 때 비디오 빌려봤던 기억이...",
    "date": "14.10.07",
    "rating": "10",
    "author": "inuy****",
    "review_id": "9271834",
    "movie_id": "31067"
  },
  {
    "review": "아동용 영화로선 완벽하다....",
    "date": "12.09.09",
    "rating": "7",
    "author": "kara****",
    "review_id": "6681475",
    "movie_id": "31067"
  },
  {
    "review": "최고..",
    "date": "12.04.15",
    "rating": "10",
    "author": "dnjs****",
    "review_id": "6224134",
    "movie_id": "31067"
  },
  {
    "review": "올 액션도 좋고 꽤 ㄱㅊㅋ",
    "date": "11.06.28",
    "rating": "10",
    "author": "alex****",
    "review_id": "5505195",
    "movie_id": "31067"
  },
  {
    "review": "아동용 sf 로서는 성공작이다..",
    "date": "08.02.01",
    "rating": "6",
    "author": "gall****",
    "review_id": "2395175",
    "movie_id": "31067"
  },
  {
    "review": "이거 ㄱㅊ네요ㅋ",
    "date": "07.12.01",
    "rating": "10",
    "author": "wkss****",
    "review_id": "2197787",
    "movie_id": "31067"
  },
  {
    "review": "꼬맹이들의 영웅담!! 삽입곡도 좋았고, 스즈키안은 이때가 낫고 ㅋ",
    "date": "07.11.16",
    "rating": "10",
    "author": "dcap****",
    "review_id": "2156529",
    "movie_id": "31067"
  },
  {
    "review": "일본최고의 성우 메구미가 나왔으니 10점",
    "date": "07.11.14",
    "rating": "10",
    "author": "rone****",
    "review_id": "2151012",
    "movie_id": "31067"
  },
  {
    "review": "나는 아동인가보다 재밌더라",
    "date": "07.10.28",
    "rating": "10",
    "author": "kism****",
    "review_id": "2118751",
    "movie_id": "31067"
  },
  {
    "review": "애들영화 같지만 유치하지 않은 재미있는 영화~",
    "date": "07.09.15",
    "rating": "10",
    "author": "ziis****",
    "review_id": "2022385",
    "movie_id": "31067"
  },
  {
    "review": "진짜재밌어이거!!!ㅋㅋ",
    "date": "07.08.05",
    "rating": "10",
    "author": "dp60****",
    "review_id": "1883512",
    "movie_id": "31067"
  },
  {
    "review": "나 이거 비디오 있어...",
    "date": "07.07.09",
    "rating": "10",
    "author": "pxam****",
    "review_id": "1759325",
    "movie_id": "31067"
  },
  {
    "review": "아동용 또는 10대용 가족영화. 30대 이상 비추",
    "date": "07.07.08",
    "rating": "6",
    "author": "chee****",
    "review_id": "1757670",
    "movie_id": "31067"
  },
  {
    "review": "은근히 재밌었음 ㅎㅎ",
    "date": "07.02.27",
    "rating": "10",
    "author": "szmk****",
    "review_id": "1506132",
    "movie_id": "31067"
  },
  {
    "review": "유치하다는 사람은 안본사람! 진자재미있다~!",
    "date": "07.02.27",
    "rating": "10",
    "author": "qudd****",
    "review_id": "1506081",
    "movie_id": "31067"
  },
  {
    "review": "조낸 잼따`~~",
    "date": "07.02.27",
    "rating": "10",
    "author": "jsk7****",
    "review_id": "1506061",
    "movie_id": "31067"
  },
  {
    "review": "엄청 재밌던데 강추 ㅋㅋ",
    "date": "07.01.18",
    "rating": "10",
    "author": "kih4****",
    "review_id": "1394213",
    "movie_id": "31067"
  },
  {
    "review": "생각보다 재밌던데 .ㅋㅋㅋ",
    "date": "07.01.18",
    "rating": "8",
    "author": "word****",
    "review_id": "1394208",
    "movie_id": "31067"
  },
  {
    "review": "애들한테도 유치하단 소리를 듣겠는걸.",
    "date": "07.01.18",
    "rating": "5",
    "author": "gold****",
    "review_id": "1394195",
    "movie_id": "31067"
  },
  {
    "review": "유치하다 갖다버려라 ㅋㅋㅋ",
    "date": "07.01.17",
    "rating": "1",
    "author": "gogo****",
    "review_id": "1392634",
    "movie_id": "31067"
  },
  {
    "review": "카토리싱고가나와서봤는데완전실망초딩이봐도유치할정도로짜증",
    "date": "07.01.14",
    "rating": "5",
    "author": "qufo****",
    "review_id": "1384148",
    "movie_id": "31067"
  },
  {
    "review": "어린이용으로 적합합니다",
    "date": "07.01.07",
    "rating": "5",
    "author": "yoon****",
    "review_id": "1365317",
    "movie_id": "31067"
  },
  {
    "review": "어린이들한테 강추",
    "date": "07.01.06",
    "rating": "10",
    "author": "noru****",
    "review_id": "1360684",
    "movie_id": "31067"
  },
  {
    "review": "연소자 관람가 라고 애기좀 해주지 그랫니 !! 유치해",
    "date": "07.01.04",
    "rating": "3",
    "author": "eldp****",
    "review_id": "1355906",
    "movie_id": "31067"
  },
  {
    "review": "장난하나 애들은가라 영화감독하지말고",
    "date": "06.11.27",
    "rating": "5",
    "author": "baks****",
    "review_id": "1254838",
    "movie_id": "31067"
  },
  {
    "review": "감동적이고 정말 실감났습니다.  그리고진짜잼잼있었습니다.",
    "date": "06.11.03",
    "rating": "10",
    "author": "yumi****",
    "review_id": "1213923",
    "movie_id": "31067"
  },
  {
    "review": "적극 추천입니다!재밌어요.",
    "date": "06.09.29",
    "rating": "10",
    "author": "love****",
    "review_id": "1148497",
    "movie_id": "31067"
  },
  {
    "review": "볼 거 없다고 잠깐 보다가 푹 빠져버린 영화 , 재밌습니다 !",
    "date": "06.09.18",
    "rating": "10",
    "author": "myo_****",
    "review_id": "1130972",
    "movie_id": "31067"
  },
  {
    "review": "유선돌리다가봤는데정말잼있어서검색해봤음당~!",
    "date": "06.09.17",
    "rating": "9",
    "author": "esia****",
    "review_id": "1128848",
    "movie_id": "31067"
  },
  {
    "review": "흥미진진한데?",
    "date": "06.09.17",
    "rating": "8",
    "author": "hauk****",
    "review_id": "1128729",
    "movie_id": "31067"
  },
  {
    "review": "지금 보고 있는데.. 생각보다 흥미진진 하네;;",
    "date": "06.09.17",
    "rating": "10",
    "author": "damn****",
    "review_id": "1128537",
    "movie_id": "31067"
  },
  {
    "review": "생각보다 훨씬 재밌어서 완전 집중해서 봤습니다. 추천^^",
    "date": "06.09.11",
    "rating": "10",
    "author": "ktjh****",
    "review_id": "1117642",
    "movie_id": "31067"
  },
  {
    "review": "식상한 이야기",
    "date": "06.07.28",
    "rating": "6",
    "author": "zeed****",
    "review_id": "930142",
    "movie_id": "31067"
  },
  {
    "review": "점수조절,, 가족영화로서는 괜찮았다,,, 8점 ,,",
    "date": "06.07.17",
    "rating": "10",
    "author": "love****",
    "review_id": "901109",
    "movie_id": "31067"
  },
  {
    "review": "응근히 재미있네요~!",
    "date": "06.07.14",
    "rating": "10",
    "author": "wlwn****",
    "review_id": "891233",
    "movie_id": "31067"
  },
  {
    "review": "점수는 조절되어야 한다",
    "date": "06.06.09",
    "rating": "2",
    "author": "ydg0****",
    "review_id": "837990",
    "movie_id": "31067"
  },
  {
    "review": "의외로 재밌어요!! ㅋ",
    "date": "06.02.04",
    "rating": "10",
    "author": "geni****",
    "review_id": "647665",
    "movie_id": "31067"
  },
  {
    "review": "어린이영화 엔딩곡 최고~",
    "date": "06.02.04",
    "rating": "9",
    "author": "gnca****",
    "review_id": "646399",
    "movie_id": "31067"
  },
  {
    "review": "이게 뭐야!!!!!!!!!!!!!!!!!!!",
    "date": "06.02.02",
    "rating": "1",
    "author": "scal****",
    "review_id": "641561",
    "movie_id": "31067"
  },
  {
    "review": "6학년 인가 그 때봤었는데 너무 재밌었던...지금봐도 그렇구요.",
    "date": "05.11.06",
    "rating": "9",
    "author": "kje3****",
    "review_id": "466190",
    "movie_id": "31067"
  },
  {
    "review": "별점이 왜쾌 높은겨! 애들이 보기에 평범한 작품",
    "date": "05.09.30",
    "rating": "1",
    "author": "ediw****",
    "review_id": "427641",
    "movie_id": "31067"
  },
  {
    "review": "엔도유야군의 유스케>ㅁ신고",
    "date": "05.08.11",
    "rating": "10",
    "author": "gawo****",
    "review_id": "361455",
    "movie_id": "31067"
  },
  {
    "review": "ET + 인디펜던스데이 + 터미네이터",
    "date": "05.03.19",
    "rating": "10",
    "author": "thfk****",
    "review_id": "243662",
    "movie_id": "31067"
  },
  {
    "review": "로봇 넘 귀여워용! ㅎㅎㅎ",
    "date": "05.02.09",
    "rating": "10",
    "author": "gong****",
    "review_id": "213822",
    "movie_id": "31067"
  },
  {
    "review": "꿈과 환상의 어린이영화....",
    "date": "05.01.02",
    "rating": "8",
    "author": "bye8****",
    "review_id": "175482",
    "movie_id": "31067"
  },
  {
    "review": "재밌어여",
    "date": "04.12.17",
    "rating": "10",
    "author": "ssun****",
    "review_id": "164258",
    "movie_id": "31067"
  },
  {
    "review": ";;;;;;;;",
    "date": "04.10.15",
    "rating": "1",
    "author": "hell****",
    "review_id": "126338",
    "movie_id": "31067"
  },
  {
    "review": "카토리 싱고+ㅁ+",
    "date": "04.08.13",
    "rating": "10",
    "author": "miri****",
    "review_id": "89525",
    "movie_id": "31067"
  },
  {
    "review": "이 영화를, 본순간 일본영화가 헐리우드영화인줄, 착각할수도 있을것이다!",
    "date": "04.07.30",
    "rating": "10",
    "author": "ak61****",
    "review_id": "79710",
    "movie_id": "31067"
  },
  {
    "review": "미사키가 잴 예뻐~~",
    "date": "04.06.01",
    "rating": "10",
    "author": "tkdd****",
    "review_id": "48433",
    "movie_id": "31067"
  },
  {
    "review": "진짜 재미있고 =_=대박임~",
    "date": "04.03.28",
    "rating": "10",
    "author": "ram6****",
    "review_id": "32158",
    "movie_id": "31067"
  },
  {
    "review": "이영화를보고..유스케로 나온 아이한테 반했답니다..ㅋ",
    "date": "04.02.12",
    "rating": "10",
    "author": "hi04****",
    "review_id": "19426",
    "movie_id": "31067"
  },
  {
    "review": "너무재미있어요..! .",
    "date": "04.02.02",
    "rating": "10",
    "author": "mmaa****",
    "review_id": "15198",
    "movie_id": "31067"
  }
]