[
  {
    "review": "처음 보았을땐 별로였으나 시간이 지나니 소름끼칠정도로 대단한 영화였음",
    "date": "15.08.24",
    "rating": "9",
    "author": "hand****",
    "review_id": "10272072",
    "movie_id": "31085"
  },
  {
    "review": "별로였음... 반전도 그닥... 억지성보임",
    "date": "15.08.14",
    "rating": "4",
    "author": "kkac****",
    "review_id": "10228740",
    "movie_id": "31085"
  },
  {
    "review": "소름 돋는다!  이거 개명작이잖아",
    "date": "15.08.13",
    "rating": "10",
    "author": "mien****",
    "review_id": "10225387",
    "movie_id": "31085"
  },
  {
    "review": "이정도면 평작이다. 식스센스 감독이 만들었는데 반전도 쓰레기다ㅡ",
    "date": "15.07.27",
    "rating": "6",
    "author": "agm0****",
    "review_id": "10149408",
    "movie_id": "31085"
  },
  {
    "review": "이 영화찍고부터 샤말란영화는 전부별로",
    "date": "15.06.28",
    "rating": "8",
    "author": "akwl****",
    "review_id": "10048632",
    "movie_id": "31085"
  },
  {
    "review": "이거 아부디아비를 소재로 각색한 영화.",
    "date": "15.05.27",
    "rating": "6",
    "author": "wowc****",
    "review_id": "9953924",
    "movie_id": "31085"
  },
  {
    "review": "식스센스 이후 거의  다 망한 샤말란 감독의 영화 중 그나마 괜찮은 반전의 영화. 반전이 아니라도 고뇌하는 브루스윌리스 연기만 봐도 볼만하다",
    "date": "15.05.25",
    "rating": "4",
    "author": "frie****",
    "review_id": "9948886",
    "movie_id": "31085"
  },
  {
    "review": "왠지 응가하고 개운하지 않은 느낌.",
    "date": "15.04.30",
    "rating": "6",
    "author": "anea****",
    "review_id": "9879488",
    "movie_id": "31085"
  },
  {
    "review": "나름 괜찮았던 반전...",
    "date": "15.04.17",
    "rating": "10",
    "author": "lsh5****",
    "review_id": "9849206",
    "movie_id": "31085"
  },
  {
    "review": "히어로도 결국 우리와 같은 인간이거늘",
    "date": "15.04.12",
    "rating": "7",
    "author": "huiw****",
    "review_id": "9842784",
    "movie_id": "31085"
  },
  {
    "review": "최악이다.질질크는 스토리전개~따분해 죽기에 30분만에 아웃~ㅠ",
    "date": "15.03.18",
    "rating": "1",
    "author": "ebbn****",
    "review_id": "9790542",
    "movie_id": "31085"
  },
  {
    "review": "호불호는 갈리는듯 하지만...나에겐 최고의 영화! 개봉당시 영화관에서 느낀 그 감동이란!",
    "date": "15.03.09",
    "rating": "10",
    "author": "punk****",
    "review_id": "9768358",
    "movie_id": "31085"
  },
  {
    "review": "영웅도 악당도 자기 나름의 명분",
    "date": "15.03.05",
    "rating": "8",
    "author": "toto****",
    "review_id": "9758258",
    "movie_id": "31085"
  },
  {
    "review": "화려한 액션씬을 기대한건 아닌었지만 적어도 감동이라도 있기를 바랬는데...아니면 영상미나 연출이라도....이렇게 어중이떠중이같은 영화는 처음본다..아무런 감정도 안생기는 장면에 억지로 웅장한 bgm깔아서 더 억지스럽고 못봐줄정도였음;",
    "date": "15.02.05",
    "rating": "1",
    "author": "syss****",
    "review_id": "9670521",
    "movie_id": "31085"
  },
  {
    "review": "끝나기 5분 전까지만 해도 그래서 머 어쩌라고? 먼 내용이야 이게? 하다가 끝나기 5분전의 반전 은 진심 소름돋았다. ...",
    "date": "14.11.28",
    "rating": "10",
    "author": "sent****",
    "review_id": "9428099",
    "movie_id": "31085"
  },
  {
    "review": "엄청난 몰입도였는데 마지막이 너무 금방 끝남",
    "date": "14.11.06",
    "rating": "8",
    "author": "shss****",
    "review_id": "9345520",
    "movie_id": "31085"
  },
  {
    "review": "미국 슈퍼히어로물 코믹북 1권만큼의 분량. 50분이면 충분할 것을 너무 늘려놔서 되게 지루하다.",
    "date": "14.10.11",
    "rating": "5",
    "author": "sipj****",
    "review_id": "9284447",
    "movie_id": "31085"
  },
  {
    "review": "지루하다ㅡㅡ. . . . &",
    "date": "14.10.01",
    "rating": "5",
    "author": "yogi****",
    "review_id": "9252598",
    "movie_id": "31085"
  },
  {
    "review": "운명은 정해진것이아니라 개척하는것이거늘",
    "date": "14.09.23",
    "rating": "4",
    "author": "awdg****",
    "review_id": "9236461",
    "movie_id": "31085"
  },
  {
    "review": "개인적으로 최소8점대여야하는 영화!박진감은 다소 부족하나 흥미로운 소재와 전개는 집중하기에 충분히 훌륭한 영화",
    "date": "14.09.22",
    "rating": "10",
    "author": "mykb****",
    "review_id": "9233675",
    "movie_id": "31085"
  },
  {
    "review": "감독이 수퍼 히어로 Comics 산업에 대해 불만 많았나 봄(?). 상처, 그림, 부엌, 수영장, 캐릭터 등이 식스센스, Lady In the Water와도 묘하게 연결 됨. 독특한 우화. So many sacrifices. Die-hard Ring.",
    "date": "14.08.31",
    "rating": "7",
    "author": "cool****",
    "review_id": "9148613",
    "movie_id": "31085"
  },
  {
    "review": "단 20분의 스릴을 위해서 너무 많은 러닝타임이 소요됨..  전달하고자 하는 내용은 의미있어보이나 솔직히 인간적으로 너무 느려서 답답했음(스릴러라 해서 봤다가 드라마 본 기분)",
    "date": "14.08.21",
    "rating": "6",
    "author": "0718****",
    "review_id": "9119237",
    "movie_id": "31085"
  },
  {
    "review": "인간은 자신의 존재가치를 알아야한다는 영화",
    "date": "14.08.21",
    "rating": "8",
    "author": "host****",
    "review_id": "9117071",
    "movie_id": "31085"
  },
  {
    "review": "감독의 전작인 식스 센스 만큼의 반전을 기대하고 이 영화를 봤다면 100% 기대 이하였을 것이다.. 반전에만 초점을 맞추지 말고 작품의 전체적인 전개에 중점을 둬 본다면 충분히 기대 이상인 영화",
    "date": "14.08.16",
    "rating": "8",
    "author": "dlwj****",
    "review_id": "9093449",
    "movie_id": "31085"
  },
  {
    "review": "8점. 예상치 못한 반전과 충격적 결말은 없었다. 조용히 그리고 천천히 영웅의 등장만 있을 뿐.",
    "date": "14.08.16",
    "rating": "8",
    "author": "jjon****",
    "review_id": "9093251",
    "movie_id": "31085"
  },
  {
    "review": "반전이란 소재와, M.나이트 샤말란 감독이란 걸 모르고 봤으면 괜찮았을텐데, 두가지를 알고 보는 순간 기대치가 너무 상승했나보다",
    "date": "14.07.15",
    "rating": "6",
    "author": "bete****",
    "review_id": "8918017",
    "movie_id": "31085"
  },
  {
    "review": "감독이 혼자 만족할만한 과시용 영화",
    "date": "14.07.11",
    "rating": "5",
    "author": "mi86****",
    "review_id": "8905481",
    "movie_id": "31085"
  },
  {
    "review": "샤말란표 히어로물. 혹은 히어로물에 대한 현실적인 풍자.",
    "date": "14.07.06",
    "rating": "7",
    "author": "this****",
    "review_id": "8891523",
    "movie_id": "31085"
  },
  {
    "review": "식스센스, 빌리지와 같은 신선한 결말로 영화의 재미를 더 해 주는 M. 나이트 샤말란 감독이 단역으로 또 출연했다는 점. 경기장에서 검문당하는 남성으로. 참고로 브루스 윌리스 아들 역으로 나오는 배우는 진짜 밉상 전문 배우인 듯.",
    "date": "14.07.02",
    "rating": "8",
    "author": "jjaj****",
    "review_id": "8875024",
    "movie_id": "31085"
  },
  {
    "review": "반전의 굴레만 벗어던진다면 충분히 괜찮은 영화.",
    "date": "14.06.20",
    "rating": "7",
    "author": "reco****",
    "review_id": "8842276",
    "movie_id": "31085"
  },
  {
    "review": "브루스윌리스 영화는 다 재밌는듯",
    "date": "14.05.04",
    "rating": "10",
    "author": "dw96****",
    "review_id": "8700834",
    "movie_id": "31085"
  },
  {
    "review": "나름 괜찮은 방식의 히어로물(?)이라고 해야하나..",
    "date": "14.04.17",
    "rating": "9",
    "author": "chsm****",
    "review_id": "8655309",
    "movie_id": "31085"
  },
  {
    "review": "흑과 백, 악과 선, 결핍자와 불사신, 설계자와 행동가, 악마와 샤먼.. 그리고, 브레이커블과 언브레이커블! 숨겨진 잠재력을 찾아가면서, 스스로의 사명을 깨닫고 실천하는 초인! 고대 영웅신화들을, 뜻깊고 참신한 창의력으로 해석해낸, 신비로운 서사시!",
    "date": "14.03.09",
    "rating": "10",
    "author": "wana****",
    "review_id": "8566189",
    "movie_id": "31085"
  },
  {
    "review": "비현실적인 초자연을 현실적이고 친숙하게 보이게 만드는데 성공한 영화. 무자비한 악당 두들겨패기의 내용이었다면 그저 그런 영화가 됐을 것.",
    "date": "14.02.17",
    "rating": "7",
    "author": "heli****",
    "review_id": "8515573",
    "movie_id": "31085"
  },
  {
    "review": "액션신 없지만 재미있다.",
    "date": "14.02.16",
    "rating": "10",
    "author": "supe****",
    "review_id": "8513656",
    "movie_id": "31085"
  },
  {
    "review": "반전이니 식스센스니 그런건 생각할 필요없다 영화는 영화일뿐 현실적이고 드라마틱하게 접근하려는  잔잔한 영웅물",
    "date": "14.02.03",
    "rating": "9",
    "author": "leti****",
    "review_id": "8468900",
    "movie_id": "31085"
  },
  {
    "review": "나름 근사한 독립영화 수준...",
    "date": "14.01.27",
    "rating": "2",
    "author": "plto****",
    "review_id": "8434027",
    "movie_id": "31085"
  },
  {
    "review": "이런 히어로물이 어디 있으며 이런 인간적인 악당이 어느 히어로물에 있겠는가??",
    "date": "14.01.20",
    "rating": "8",
    "author": "infi****",
    "review_id": "8403810",
    "movie_id": "31085"
  },
  {
    "review": "ㅋㅋㅋㅋ마지막에서 뿜엇닼ㅋ",
    "date": "14.01.03",
    "rating": "4",
    "author": "cooo****",
    "review_id": "8344197",
    "movie_id": "31085"
  },
  {
    "review": "악당은 스스로 되는 게 아니라 사람들이 만드는 것이다. 힘셈 영웅도, 약골 악당도 얼마든지 있다. 힘을 어떻게 쓰느냐가 중요하다. / 반전이나 재미보다 메시지가 훌륭한 영화.",
    "date": "13.12.26",
    "rating": "8",
    "author": "monz****",
    "review_id": "8303303",
    "movie_id": "31085"
  },
  {
    "review": "꿀잼이다 그건 그렇고 샤말란 반전짜내느라 고생하겠다 그러게 왜 처음에 그렇게 강하게 나가서ㅉㅉ(식스센스)",
    "date": "13.12.21",
    "rating": "9",
    "author": "edg0****",
    "review_id": "8267473",
    "movie_id": "31085"
  },
  {
    "review": "녀무 반전에 맞추려고 한것 같아서 아쉬움",
    "date": "13.12.20",
    "rating": "6",
    "author": "adiv****",
    "review_id": "8257894",
    "movie_id": "31085"
  },
  {
    "review": "매우 당황스럽네요...이것도 저것도 아닌 느낌",
    "date": "13.12.05",
    "rating": "6",
    "author": "vamp****",
    "review_id": "8190423",
    "movie_id": "31085"
  },
  {
    "review": "보통의 영웅들과 다른 지극히 현실적이고 평범해보이는 영웅을 등장시켜 차별성을 보였다 스토리는 '영웅의 각성과정' 씬이 간결하지 않고 길고 느릿하고 화려함이 부족해 지루할 수 있다 굵직한 사건 몇개를 중간중간에 넣는게 긴장감 유지에 도움이 됐을 것",
    "date": "13.11.23",
    "rating": "7",
    "author": "whee****",
    "review_id": "8162861",
    "movie_id": "31085"
  },
  {
    "review": "재밌어욤 짱짱 재밌어욤",
    "date": "13.11.13",
    "rating": "10",
    "author": "sjg4****",
    "review_id": "8135261",
    "movie_id": "31085"
  },
  {
    "review": "2편까지 계획하고 찍지 않았을까...하는 추측을 하게끔 만드는 결말.",
    "date": "13.11.07",
    "rating": "7",
    "author": "biga****",
    "review_id": "8121395",
    "movie_id": "31085"
  },
  {
    "review": "몰입도있는 영화 그러나 느린내용전개. 들어있는 분량이  배트맨 비긴즈 절반분량..",
    "date": "13.10.18",
    "rating": "7",
    "author": "sjb2****",
    "review_id": "8068689",
    "movie_id": "31085"
  },
  {
    "review": "우리는 가각 그 누군가의 대칭점이지 않을까 싶네요.영화 소개를 보고 재난영화인줄 알았는데 알고보니전혀 다른 이야기가 전개되어 놀랐습니다.반전 별로라고 타령하는 사람들 말에 빠지지 마세요.반전도 나름 괜찮습니다.",
    "date": "13.10.05",
    "rating": "8",
    "author": "mjn0****",
    "review_id": "8037286",
    "movie_id": "31085"
  },
  {
    "review": "딱, 미국 액션코믹북 1권이다!  반전이 있긴 하지만 좀 약하고.... 어둡고 느린 진행",
    "date": "13.09.22",
    "rating": "5",
    "author": "swns****",
    "review_id": "8009009",
    "movie_id": "31085"
  },
  {
    "review": "지극히 현실적인 영웅. 비현실에 목메는 현실사람들은 이영화를 혹평하는데...그러한 모습을 멀리서 지켜보던 크리스챤 베일은 의미심장한 웃음을 짓는다",
    "date": "13.09.16",
    "rating": "8",
    "author": "wowk****",
    "review_id": "7986894",
    "movie_id": "31085"
  },
  {
    "review": "예상치 못한 반전과 충격적 결말이란 말에 너무 큰 기대를 하게 한다. 반전 영화를 많이 본 사람들은 결말을 보고서 설마 이게 끝? 이게 뭐지? 이런 의문점을 자아낸다. 영화의 전체적인 구성과 영상이 관객들로 하여금 우울하게 만든다.",
    "date": "13.08.23",
    "rating": "6",
    "author": "yong****",
    "review_id": "7914375",
    "movie_id": "31085"
  },
  {
    "review": "히어로물의 현실적인 재해석! 자신의 존재이유에 관한  인간적인 고민을 담는다.",
    "date": "13.07.25",
    "rating": "10",
    "author": "gamb****",
    "review_id": "7785108",
    "movie_id": "31085"
  },
  {
    "review": "브루스윌리스가 이딴영화를 찍었다니",
    "date": "13.07.21",
    "rating": "1",
    "author": "xlas****",
    "review_id": "7769254",
    "movie_id": "31085"
  },
  {
    "review": "영웅의 탄생. 정적인 영상과  전개가 개성적인 현실의 히어로 무비",
    "date": "13.07.19",
    "rating": "8",
    "author": "teo0****",
    "review_id": "7761283",
    "movie_id": "31085"
  },
  {
    "review": "수영장 씬의 감동!",
    "date": "13.06.27",
    "rating": "10",
    "author": "chir****",
    "review_id": "7682853",
    "movie_id": "31085"
  },
  {
    "review": "M. 나이트 샤말란 감독에 대한 기대 가 너무 큰탓인가....",
    "date": "13.06.22",
    "rating": "6",
    "author": "milk****",
    "review_id": "7666958",
    "movie_id": "31085"
  },
  {
    "review": "괜찮은 소재고 그럭저럭 나쁘지 않은 반전이지만, 진행은 답답함을 느낄 정도로 느리고 처진다.",
    "date": "13.06.13",
    "rating": "6",
    "author": "zxc1****",
    "review_id": "7632795",
    "movie_id": "31085"
  },
  {
    "review": "시작은 좋으나 끝은 흐리멍텅.반전에만 집착하는 샤말란",
    "date": "13.06.04",
    "rating": "4",
    "author": "ssee****",
    "review_id": "7577432",
    "movie_id": "31085"
  },
  {
    "review": "확장되지 못한 채 던져지는 질문들.",
    "date": "13.05.27",
    "rating": "6",
    "author": "rygh****",
    "review_id": "7557886",
    "movie_id": "31085"
  },
  {
    "review": "내가 웬만하면 지루해도 잘 참고 보는데....좋은소재를 너무 질질끌엇다... 쓸데없는 마누라등장과......범인은 사무엘잭슨이다 사무엘잭슨이 다 죽엿엇다 이제까지",
    "date": "13.05.27",
    "rating": "6",
    "author": "king****",
    "review_id": "7557786",
    "movie_id": "31085"
  },
  {
    "review": "반전은 멋졌는데 엔딩이 아쉽네",
    "date": "13.05.25",
    "rating": "7",
    "author": "flym****",
    "review_id": "7553071",
    "movie_id": "31085"
  },
  {
    "review": "왜 이야기를 하다말지;;..스토리는 좋았지만 너무 급작스럽게 끝나서 아쉽다.",
    "date": "13.05.05",
    "rating": "6",
    "author": "uu00****",
    "review_id": "7510953",
    "movie_id": "31085"
  },
  {
    "review": "괜히 어떻게든 생각지도 못한 반전을 넣으려고 하다보니 나온 좋지 않은 결말... 평범한 영웅의 탄생을 조금 아우르면서 결말을 내렸으면 오히려 낫지 않았을까 싶은 영화.",
    "date": "13.05.05",
    "rating": "6",
    "author": "ewql****",
    "review_id": "7510713",
    "movie_id": "31085"
  },
  {
    "review": "좋긴한데, 씁쓸하기도 하고 꿈 많은 어린이들은 안보는게 좋을거 같은데;",
    "date": "13.05.05",
    "rating": "8",
    "author": "lipe****",
    "review_id": "7509635",
    "movie_id": "31085"
  },
  {
    "review": "걍 그랬다...",
    "date": "13.05.05",
    "rating": "6",
    "author": "dlwo****",
    "review_id": "7508695",
    "movie_id": "31085"
  },
  {
    "review": "아 이건 도대체가 아...",
    "date": "13.05.05",
    "rating": "8",
    "author": "amad****",
    "review_id": "7508079",
    "movie_id": "31085"
  },
  {
    "review": "도대체 이건 뭔가 하다 마지막에 그렇구나 수긍하게 된다.",
    "date": "13.05.04",
    "rating": "6",
    "author": "hadl****",
    "review_id": "7506694",
    "movie_id": "31085"
  },
  {
    "review": "내용, 촬영구도, 반전 모두 다 좋았다.",
    "date": "13.05.04",
    "rating": "8",
    "author": "sjzm****",
    "review_id": "7505129",
    "movie_id": "31085"
  },
  {
    "review": "평점 기준이 도대체 뭐야;;",
    "date": "13.05.04",
    "rating": "10",
    "author": "puzz****",
    "review_id": "7504756",
    "movie_id": "31085"
  },
  {
    "review": "여운이 많이 남는다......",
    "date": "13.05.04",
    "rating": "10",
    "author": "dani****",
    "review_id": "7504750",
    "movie_id": "31085"
  },
  {
    "review": "8점대는 충분히 넘을 영화 보통의 히어로물과는 다르게 굉장히 현실적이고 섬세하게 영웅이라는 소재를 다뤘다. 그렇기때문에 아무생각 없는 무뇌의 보통의 액션히어로물을 생각했다면 지루하다고 느낄수도 있다. 생각을 깊게하고 본다면 많은 것들을 느낄 수 있다.",
    "date": "13.05.04",
    "rating": "10",
    "author": "happ****",
    "review_id": "7504743",
    "movie_id": "31085"
  },
  {
    "review": "뭔가 특이한 영화네요. 기억나는 대사는 가장 슬픈게 뭔지 아나? 자신의 존재 이유를 잃어버렸을때지",
    "date": "13.05.04",
    "rating": "8",
    "author": "youn****",
    "review_id": "7504732",
    "movie_id": "31085"
  },
  {
    "review": "디엠비로 셤기간에봄ㅋ  정말  반전이",
    "date": "13.05.04",
    "rating": "10",
    "author": "alsw****",
    "review_id": "7504708",
    "movie_id": "31085"
  },
  {
    "review": "그리고 사무엘은 출소하여 쉴드의 대장이 되어서 아이언맨을 찾아가게 되는데..",
    "date": "13.05.04",
    "rating": "10",
    "author": "xoru****",
    "review_id": "7504700",
    "movie_id": "31085"
  },
  {
    "review": "점수가 박하군요. 영응에 대한 새로운 접근 이야기만으로 흥미진진.. 몰입하면서 봤습니다. .. 8점 후반은 충분한 영화",
    "date": "13.05.04",
    "rating": "9",
    "author": "k194****",
    "review_id": "7504699",
    "movie_id": "31085"
  },
  {
    "review": "실속없는 반전ㅉㅉ",
    "date": "13.05.04",
    "rating": "4",
    "author": "here****",
    "review_id": "7504696",
    "movie_id": "31085"
  },
  {
    "review": "다이하드와 어벤져스의 만남!! 어벤져스 제 7번째 멤버, 브루스 윌리스!!",
    "date": "13.05.04",
    "rating": "10",
    "author": "ac8s****",
    "review_id": "7504613",
    "movie_id": "31085"
  },
  {
    "review": "이영화가어떻게7점대지",
    "date": "13.05.04",
    "rating": "10",
    "author": "ookb****",
    "review_id": "7504560",
    "movie_id": "31085"
  },
  {
    "review": "2000년에 극장에서 보고 나올 땐 꽤 충격적이었다. 조용하지만 여운이 남는다",
    "date": "13.05.04",
    "rating": "10",
    "author": "opti****",
    "review_id": "7504534",
    "movie_id": "31085"
  },
  {
    "review": "7.11 까지 저평가될 만한 영화는 아니다. 10점을 주기엔 모자라고. 7점 후반대나 8점 초반이 어울리는거 같아서 일단 평점 높이려고 10점을 준다. 나 심리, 반전,류... 샤말란 영화들도 좋아하는데, 배우들 연기가 좋아서 8점까진 무난하다고 본다",
    "date": "13.05.04",
    "rating": "10",
    "author": "rlad****",
    "review_id": "7504520",
    "movie_id": "31085"
  },
  {
    "review": "식스센스? 반전? 아무것도 모른채 그냥 봐서 그런지 엄청나게 재밌었다..!",
    "date": "13.04.26",
    "rating": "10",
    "author": "k384****",
    "review_id": "7484863",
    "movie_id": "31085"
  },
  {
    "review": "\"세상에서 가장 두려운 게 뭔지 아나? 자신의 존재이유를 모를 때지.\" 느껴지는게 참 많다.",
    "date": "13.04.07",
    "rating": "8",
    "author": "dpdj****",
    "review_id": "7440832",
    "movie_id": "31085"
  },
  {
    "review": "이렇게 지루하게 연출하는것도 능력이라면 능력, 불필요한 스크립트의 범벅",
    "date": "13.02.14",
    "rating": "4",
    "author": "duha****",
    "review_id": "7262555",
    "movie_id": "31085"
  },
  {
    "review": "수작 .. 호불호가 갈리는듯하지만 난 꽤 재밌게봤다 .. 요런주제에 요런방식으로 다가오는 영화는 처음이라 .. 신선했다",
    "date": "13.02.07",
    "rating": "8",
    "author": "epql****",
    "review_id": "7233787",
    "movie_id": "31085"
  },
  {
    "review": "초반 30분은 흥미..볼만함...그후부터 지루...>>눌러서 돌려봣네...반전?? 영화의 5% 정도....초반은 잼있음..7.11은 넘 높고 5점이 딱임..",
    "date": "13.02.07",
    "rating": "5",
    "author": "mono****",
    "review_id": "7233621",
    "movie_id": "31085"
  },
  {
    "review": "샤말란 효과의 끝물...",
    "date": "13.02.04",
    "rating": "8",
    "author": "name****",
    "review_id": "7222738",
    "movie_id": "31085"
  },
  {
    "review": "스토리 전개는 흥미롭지만 결말이 흥미를 반감 시키는군",
    "date": "13.01.21",
    "rating": "6",
    "author": "guev****",
    "review_id": "7141254",
    "movie_id": "31085"
  },
  {
    "review": "두번째 보는 언브레이커블. 수년전 처음 영화관에서 보았던것 만큼 재밌게 보았다! 당시에 안보였던 것들도 보이구 정말 센스있게 잘 만든 영화 같다 최고!! ^^",
    "date": "13.01.19",
    "rating": "9",
    "author": "eisb****",
    "review_id": "7131561",
    "movie_id": "31085"
  },
  {
    "review": "이 영화가 히어로 영화가 아닌줄 알았다..이것부터가 반전이었다..난 그냥 호러 스릴러 장르에 있길래 다운받았는데..히어로 영화였다..그리고 굉장히 사실감있고 감동적인 히어로물이었다..정말 멋있고 재밌다..아역배우의 연기력도 좋다..",
    "date": "13.01.11",
    "rating": "10",
    "author": "dnjs****",
    "review_id": "7102833",
    "movie_id": "31085"
  },
  {
    "review": "7점 좀많이 지루한건사실..2000년도 그당시 봤다면 좀더 반전도 크고 재밌었을듯..",
    "date": "13.01.11",
    "rating": "6",
    "author": "aym0****",
    "review_id": "7102661",
    "movie_id": "31085"
  },
  {
    "review": "대체 왜 좋은 평이 대체로 많고 평점이 7점대를 유지하는지 이해할 수가 없음. 내용이 개연성이 있는 것도 아니고 등장 인물의 행동조차 이해가 안 감 그냥 끝까지 억지스러운 느낌  그렇다고 주제가 와닿나 그것도 아니고",
    "date": "13.01.07",
    "rating": "1",
    "author": "lopj****",
    "review_id": "7089357",
    "movie_id": "31085"
  },
  {
    "review": "지루함이 멈출생각을 않는다. 시덥잖은 결말은 그야말로 설상가상...",
    "date": "13.01.06",
    "rating": "5",
    "author": "sinb****",
    "review_id": "7086697",
    "movie_id": "31085"
  },
  {
    "review": "굳",
    "date": "13.01.02",
    "rating": "10",
    "author": "rktm****",
    "review_id": "7074820",
    "movie_id": "31085"
  },
  {
    "review": "올~ 나쁘지않은데",
    "date": "12.12.25",
    "rating": "8",
    "author": "3154****",
    "review_id": "7043045",
    "movie_id": "31085"
  },
  {
    "review": "평점이 너무 걸레네.. 사무엘잭슨 OO연기만 봐도 지루하진 않은데 ㅋㅋㅋ",
    "date": "12.12.08",
    "rating": "10",
    "author": "dica****",
    "review_id": "6982924",
    "movie_id": "31085"
  },
  {
    "review": "크리스토퍼 놀란은 분명 이 영화를 참고해서 배트맨 트릴로지를 제작했다!놀란보다 5년 앞선 이런 영화를 만들다니 샤말란은 천재다!",
    "date": "12.11.21",
    "rating": "10",
    "author": "gere****",
    "review_id": "6910265",
    "movie_id": "31085"
  },
  {
    "review": "아무생각없이 봤는데 오늘에서야 챙겨본걸 다행으로 생각한다",
    "date": "12.11.20",
    "rating": "8",
    "author": "gksa****",
    "review_id": "6908531",
    "movie_id": "31085"
  },
  {
    "review": "영화가 조용한편인데도 흥미진진 하게 봤다 현실적인 히어로물 이였다",
    "date": "12.11.14",
    "rating": "8",
    "author": "2519****",
    "review_id": "6886779",
    "movie_id": "31085"
  },
  {
    "review": "그닥 반전스럽지 못한...그렇다고 과학적이지도 않은...그런...",
    "date": "12.11.07",
    "rating": "6",
    "author": "69dl****",
    "review_id": "6862559",
    "movie_id": "31085"
  },
  {
    "review": "지루함이 아닌 섬세함과 간결함이 나이트 샤말란의 스타일 이다나이트 샤말란의 영화는 아릅답고 견고한 동화같다",
    "date": "12.11.06",
    "rating": "10",
    "author": "pgh6****",
    "review_id": "6861128",
    "movie_id": "31085"
  }
]