[
  {
    "review": "매력적인 악마 엘리자베스 헐리를 보는 것만으로도.",
    "date": "15.08.07",
    "rating": "7",
    "author": "tear****",
    "review_id": "10195440",
    "movie_id": "31108"
  },
  {
    "review": "영리하고 귀엽고 재밌는 영화 아니겠어??",
    "date": "15.04.19",
    "rating": "9",
    "author": "cult****",
    "review_id": "9853597",
    "movie_id": "31108"
  },
  {
    "review": "칼타임용으로 볼만은 한데 뭔가 아쉬움이 드는 영화인데... 그렇다고 재미없는 영화는 아님ㅋㅋ 제일 아쉬운게 결말이 이도저도 아님의 정석이라 마음에 안듬",
    "date": "15.04.14",
    "rating": "7",
    "author": "ansd****",
    "review_id": "9845078",
    "movie_id": "31108"
  },
  {
    "review": "지루하고 뻔하고 식상하고",
    "date": "15.03.26",
    "rating": "1",
    "author": "skyj****",
    "review_id": "9808265",
    "movie_id": "31108"
  },
  {
    "review": "가볍게 보기 좋고 내용도 아주 좋아요 ㅎㅎ 대사 하나하나가 다 의미가 있네요 잘 봤습니다 ㅎ",
    "date": "15.03.07",
    "rating": "10",
    "author": "silh****",
    "review_id": "9764339",
    "movie_id": "31108"
  },
  {
    "review": "진짜 코미디 영화네요. 브렌든 프레이저 연기도 좋았고, 코미디의 정석인 영화 같네요.",
    "date": "15.02.20",
    "rating": "9",
    "author": "cheg****",
    "review_id": "9719121",
    "movie_id": "31108"
  },
  {
    "review": "엘리자베스 헐리만 기억에 남는 삼류 코미디",
    "date": "15.01.08",
    "rating": "1",
    "author": "jjaj****",
    "review_id": "9573138",
    "movie_id": "31108"
  },
  {
    "review": "사랑하는 여인을 얻기 위해 악마와 거래를 하는 남자, 멋있다.",
    "date": "14.10.04",
    "rating": "10",
    "author": "bsm9****",
    "review_id": "9263965",
    "movie_id": "31108"
  },
  {
    "review": "이런 판타지는 언제라도 환영..",
    "date": "14.09.30",
    "rating": "9",
    "author": "klei****",
    "review_id": "9250082",
    "movie_id": "31108"
  },
  {
    "review": "재밌게 잘 보았습니다.",
    "date": "14.09.18",
    "rating": "7",
    "author": "jin1****",
    "review_id": "9221737",
    "movie_id": "31108"
  },
  {
    "review": "그냥 어떻게 해서 보게됐는데 나름 좋은 영화",
    "date": "14.08.03",
    "rating": "10",
    "author": "idbr****",
    "review_id": "9013949",
    "movie_id": "31108"
  },
  {
    "review": "소설 원작. 전형적인 미국 코미디 속에 빛나는 두 배우",
    "date": "14.06.14",
    "rating": "7",
    "author": "bbq2****",
    "review_id": "8830047",
    "movie_id": "31108"
  },
  {
    "review": "짱잼왕잼존잼킹왕짱잼",
    "date": "14.05.04",
    "rating": "10",
    "author": "wony****",
    "review_id": "8702797",
    "movie_id": "31108"
  },
  {
    "review": "시간가는줄모르고봤다",
    "date": "14.04.20",
    "rating": "10",
    "author": "ahrg****",
    "review_id": "8662828",
    "movie_id": "31108"
  },
  {
    "review": "악마가 천사같애...",
    "date": "13.10.19",
    "rating": "8",
    "author": "tn99****",
    "review_id": "8071241",
    "movie_id": "31108"
  },
  {
    "review": "초반엔 좋았는데 갈수록 식상...",
    "date": "13.10.05",
    "rating": "6",
    "author": "01aj****",
    "review_id": "8037273",
    "movie_id": "31108"
  },
  {
    "review": "엘리자베스 헐리 너무 이쁘다 ㅠㅠ",
    "date": "13.01.28",
    "rating": "10",
    "author": "smar****",
    "review_id": "7187932",
    "movie_id": "31108"
  },
  {
    "review": "여자는 가끔 쌕시한 악마를 꿈꾼다",
    "date": "12.12.12",
    "rating": "8",
    "author": "milk****",
    "review_id": "6994913",
    "movie_id": "31108"
  },
  {
    "review": "너무 재밌다ㅋㅋㅋㅋㅋㅋㅋ남자주인공 연기 느므잘해 웃곀ㅋㅋㅋ",
    "date": "12.11.27",
    "rating": "10",
    "author": "w1w1****",
    "review_id": "6929992",
    "movie_id": "31108"
  },
  {
    "review": "i love this movie especially i like elizabeth hurley.firstly, when i saw her wow,,she's really beautiful! if i can i wanne marry with her!",
    "date": "12.10.28",
    "rating": "10",
    "author": "luck****",
    "review_id": "6832343",
    "movie_id": "31108"
  },
  {
    "review": "내용은 그닥.  여운이 남지않는 킬링타임용.",
    "date": "12.10.28",
    "rating": "6",
    "author": "2005****",
    "review_id": "6832205",
    "movie_id": "31108"
  },
  {
    "review": "괜찮네요",
    "date": "12.10.04",
    "rating": "7",
    "author": "sdfv****",
    "review_id": "6763450",
    "movie_id": "31108"
  },
  {
    "review": "옛날에 봣을떈 재밋었는데 다시보니까 엉성한 종교영화다.",
    "date": "12.08.18",
    "rating": "5",
    "author": "jtpo****",
    "review_id": "6620400",
    "movie_id": "31108"
  },
  {
    "review": "식상하고 따분하고 재미도없고",
    "date": "12.07.08",
    "rating": "6",
    "author": "sipj****",
    "review_id": "6460486",
    "movie_id": "31108"
  },
  {
    "review": "코미디로써의 제 역할을 충분히 해낸 영화~",
    "date": "12.07.08",
    "rating": "7",
    "author": "shki****",
    "review_id": "6458892",
    "movie_id": "31108"
  },
  {
    "review": "진심 최고 저의 모든것을 다해 추천합니다",
    "date": "12.06.13",
    "rating": "10",
    "author": "8527****",
    "review_id": "6389448",
    "movie_id": "31108"
  },
  {
    "review": "Belongs To God",
    "date": "12.05.18",
    "rating": "10",
    "author": "119p****",
    "review_id": "6310069",
    "movie_id": "31108"
  },
  {
    "review": "주인공의 변화무쌍한 1인몇역인가.모두 코믹하고 잘어울림.악마는 무지하게 섹시하고.",
    "date": "12.05.08",
    "rating": "7",
    "author": "wetm****",
    "review_id": "6281322",
    "movie_id": "31108"
  },
  {
    "review": "재밋땅 재밋땅!!!!! 뭔가 교훈도 주는것같고.... 하지만 10점 주기에는 조금 아쉽다.",
    "date": "12.01.19",
    "rating": "9",
    "author": "la00****",
    "review_id": "6000406",
    "movie_id": "31108"
  },
  {
    "review": "유치하고 싸구려 같은 느낌인데 주인공이 천의얼굴임 뭔역할을 해도 다 어울려!",
    "date": "11.11.18",
    "rating": "10",
    "author": "dan1****",
    "review_id": "5856740",
    "movie_id": "31108"
  },
  {
    "review": "소재는 잘잡은거 같은데 웃음 포인트를 찾기는 어려운",
    "date": "11.11.07",
    "rating": "6",
    "author": "mi86****",
    "review_id": "5833468",
    "movie_id": "31108"
  },
  {
    "review": "당신이 루저남이라고 자괴감이 들때 용기를 줄수있는 영화!!",
    "date": "11.09.07",
    "rating": "10",
    "author": "hama****",
    "review_id": "5712537",
    "movie_id": "31108"
  },
  {
    "review": "웃고싶은데 이거 어디서웃냐?",
    "date": "11.09.04",
    "rating": "1",
    "author": "dbzh****",
    "review_id": "5706702",
    "movie_id": "31108"
  },
  {
    "review": "남자배우 푼수연기 짱!!",
    "date": "11.08.14",
    "rating": "9",
    "author": "nice****",
    "review_id": "5649658",
    "movie_id": "31108"
  },
  {
    "review": "평점떨구기",
    "date": "11.07.24",
    "rating": "1",
    "author": "oz11****",
    "review_id": "5566102",
    "movie_id": "31108"
  },
  {
    "review": "싸구려 스토리. 허접한 연출.",
    "date": "11.07.22",
    "rating": "5",
    "author": "tltl****",
    "review_id": "5560974",
    "movie_id": "31108"
  },
  {
    "review": "일곱번 봐도 질리지가 않아",
    "date": "11.07.18",
    "rating": "10",
    "author": "insi****",
    "review_id": "5552126",
    "movie_id": "31108"
  },
  {
    "review": "억양까지 섹시한 엘리자베스 헐리 내 영혼 가져가!!!",
    "date": "11.07.18",
    "rating": "10",
    "author": "vose****",
    "review_id": "5552119",
    "movie_id": "31108"
  },
  {
    "review": "엘리자베스 헐리!!! 짱",
    "date": "11.07.17",
    "rating": "8",
    "author": "pass****",
    "review_id": "5550164",
    "movie_id": "31108"
  },
  {
    "review": "평점 뭐지? 낚였다..",
    "date": "11.04.14",
    "rating": "2",
    "author": "sohe****",
    "review_id": "5372467",
    "movie_id": "31108"
  },
  {
    "review": "가슴 따뜻해지고 훈훈해지는 영화",
    "date": "11.03.26",
    "rating": "9",
    "author": "kjsg****",
    "review_id": "5336618",
    "movie_id": "31108"
  },
  {
    "review": "재밌게봤었는데",
    "date": "11.03.17",
    "rating": "8",
    "author": "gyun****",
    "review_id": "5318528",
    "movie_id": "31108"
  },
  {
    "review": "11년전영화라는걸감안하면 7점정도는줘도될거같네..그닥와닿진 않는다..",
    "date": "11.03.13",
    "rating": "7",
    "author": "love****",
    "review_id": "5310259",
    "movie_id": "31108"
  },
  {
    "review": "무난하게. 보기 흥미롭다.",
    "date": "11.01.10",
    "rating": "8",
    "author": "tpsk****",
    "review_id": "5148002",
    "movie_id": "31108"
  },
  {
    "review": "섹시한악마가 소원들어주는대 어딘가 이상해ㅋㅋ 아주 재미있고 즐기는영화로는 굿임",
    "date": "11.01.02",
    "rating": "10",
    "author": "fjrz****",
    "review_id": "5115128",
    "movie_id": "31108"
  },
  {
    "review": "현대판 파우스트의 재밌는 내용에 섹시한 악마 헐리가 매우 인상적 ㅋㅋ",
    "date": "11.01.02",
    "rating": "10",
    "author": "0718****",
    "review_id": "5114972",
    "movie_id": "31108"
  },
  {
    "review": "재미있고 교훈도 주는 영화엿다",
    "date": "10.11.04",
    "rating": "10",
    "author": "yjh0****",
    "review_id": "4938901",
    "movie_id": "31108"
  },
  {
    "review": "재밌긴한데 엘리자베스 너무 섹시하다 진짜",
    "date": "10.10.30",
    "rating": "10",
    "author": "dhcn****",
    "review_id": "4928530",
    "movie_id": "31108"
  },
  {
    "review": "이건 파우스트를 읽어야지 이해가 가는영화.파우스트내용이랑 흡사.",
    "date": "10.10.17",
    "rating": "7",
    "author": "vkfl****",
    "review_id": "4908206",
    "movie_id": "31108"
  },
  {
    "review": "무난한 킬링타임용 영화",
    "date": "10.10.14",
    "rating": "9",
    "author": "dlww****",
    "review_id": "4901558",
    "movie_id": "31108"
  },
  {
    "review": "very good",
    "date": "10.10.10",
    "rating": "10",
    "author": "ahhu****",
    "review_id": "4894754",
    "movie_id": "31108"
  },
  {
    "review": "굿",
    "date": "10.10.04",
    "rating": "10",
    "author": "zxon****",
    "review_id": "4883392",
    "movie_id": "31108"
  },
  {
    "review": "평점 8 - 유치해서 재밌는 영화",
    "date": "10.09.29",
    "rating": "10",
    "author": "ojun****",
    "review_id": "4875537",
    "movie_id": "31108"
  },
  {
    "review": "오글거린다",
    "date": "10.09.19",
    "rating": "5",
    "author": "2052****",
    "review_id": "4846226",
    "movie_id": "31108"
  },
  {
    "review": "웅 .. ㅋㅋ",
    "date": "10.09.12",
    "rating": "10",
    "author": "nice****",
    "review_id": "4832490",
    "movie_id": "31108"
  },
  {
    "review": "넘 재밌게 본영화",
    "date": "10.09.09",
    "rating": "9",
    "author": "miso****",
    "review_id": "4824719",
    "movie_id": "31108"
  },
  {
    "review": "모 볼만은하지만 다분히 유치하다...",
    "date": "10.09.09",
    "rating": "5",
    "author": "kis5****",
    "review_id": "4824617",
    "movie_id": "31108"
  },
  {
    "review": "나름괜찮음..약간 유치한점도 있지만 전체적으로 재미있음.",
    "date": "10.09.01",
    "rating": "9",
    "author": "kjh1****",
    "review_id": "4811189",
    "movie_id": "31108"
  },
  {
    "review": "재미로 보는 영화..크게 나쁘지는 않음.",
    "date": "10.08.28",
    "rating": "7",
    "author": "yunt****",
    "review_id": "4800050",
    "movie_id": "31108"
  },
  {
    "review": "마지막에 교훈적인 내용으로 나름 괜찮은 영화임.",
    "date": "10.08.23",
    "rating": "8",
    "author": "kjl0****",
    "review_id": "4783556",
    "movie_id": "31108"
  },
  {
    "review": "킬링타임으로 볼만한영화네요. 가끔 웃게도 해주면서 교훈적이기도 한 영화",
    "date": "10.08.19",
    "rating": "8",
    "author": "happ****",
    "review_id": "4763627",
    "movie_id": "31108"
  },
  {
    "review": "굿 ~",
    "date": "10.08.07",
    "rating": "10",
    "author": "gop4****",
    "review_id": "4719240",
    "movie_id": "31108"
  },
  {
    "review": "음 나름 교훈적이고 재밌었어요 킬링타임용으로 최고!!!!!",
    "date": "10.07.11",
    "rating": "10",
    "author": "bok6****",
    "review_id": "4630165",
    "movie_id": "31108"
  },
  {
    "review": "브렌든 프레이저의 변신이 너무 재밌었다. 단순하고 뻔하지만 그게 정답인것같다.",
    "date": "10.07.09",
    "rating": "10",
    "author": "dris****",
    "review_id": "4624208",
    "movie_id": "31108"
  },
  {
    "review": "귀엽고 재밌는 킬링타임용으론 베스트영화!!",
    "date": "10.07.08",
    "rating": "10",
    "author": "happ****",
    "review_id": "4622635",
    "movie_id": "31108"
  },
  {
    "review": "주인공의 다채로운 연기에 눈이 즐거운 코미디 영화. 다만 결말이 조금 아쉬워.",
    "date": "10.07.03",
    "rating": "8",
    "author": "ends****",
    "review_id": "4609172",
    "movie_id": "31108"
  },
  {
    "review": "결론은 꿩대신 닭?",
    "date": "10.07.01",
    "rating": "6",
    "author": "getl****",
    "review_id": "4603916",
    "movie_id": "31108"
  },
  {
    "review": "난 왜 눈무리... ㅜ ㅋㅋ",
    "date": "10.06.30",
    "rating": "10",
    "author": "shas****",
    "review_id": "4601710",
    "movie_id": "31108"
  },
  {
    "review": "재밌음...내소원도 들어줘 >_<",
    "date": "10.06.25",
    "rating": "8",
    "author": "cele****",
    "review_id": "4591063",
    "movie_id": "31108"
  },
  {
    "review": "가볍게 보기 딱 좋네요",
    "date": "10.06.24",
    "rating": "8",
    "author": "yuj1****",
    "review_id": "4588994",
    "movie_id": "31108"
  },
  {
    "review": "so so 8점 딱 적당한듯",
    "date": "10.06.24",
    "rating": "8",
    "author": "hoho****",
    "review_id": "4588247",
    "movie_id": "31108"
  },
  {
    "review": "영화 괜찮네요 좋네요",
    "date": "10.06.23",
    "rating": "10",
    "author": "tjdq****",
    "review_id": "4586859",
    "movie_id": "31108"
  },
  {
    "review": "볼만했어요",
    "date": "10.06.23",
    "rating": "7",
    "author": "vist****",
    "review_id": "4586608",
    "movie_id": "31108"
  },
  {
    "review": "최고네...Click 만큼의 매력이 넘치는 영화. 운명을 조작하지 말지어다~",
    "date": "10.06.22",
    "rating": "10",
    "author": "alph****",
    "review_id": "4585586",
    "movie_id": "31108"
  },
  {
    "review": "보통",
    "date": "10.06.21",
    "rating": "7",
    "author": "bkm1****",
    "review_id": "4582862",
    "movie_id": "31108"
  },
  {
    "review": "다 정해져있어 자기가 할일은",
    "date": "10.06.20",
    "rating": "10",
    "author": "csc2****",
    "review_id": "4579423",
    "movie_id": "31108"
  },
  {
    "review": "죽이는 구만 그냥^^유혹개속 해주세요 좀~~~~~~~",
    "date": "10.06.20",
    "rating": "10",
    "author": "anze****",
    "review_id": "4578680",
    "movie_id": "31108"
  },
  {
    "review": "상당히 매력적인 악마. 나라면 유혹을 이겨낼 수 있을지 ㅎㅎ",
    "date": "10.05.31",
    "rating": "9",
    "author": "june****",
    "review_id": "4533880",
    "movie_id": "31108"
  },
  {
    "review": "첨엔 뭐 이런영화가 하다가... 나중에 다시 보고 싶어지는 영화",
    "date": "10.05.31",
    "rating": "10",
    "author": "namu****",
    "review_id": "4533790",
    "movie_id": "31108"
  },
  {
    "review": "난 잼있던데? 약간 유치하긴했지만...ㅋ",
    "date": "10.05.22",
    "rating": "9",
    "author": "juni****",
    "review_id": "4514915",
    "movie_id": "31108"
  },
  {
    "review": "웃은적이 없다. 이건 코미디가 아니다. 엘리자베스 섹시함만이 볼 거리.",
    "date": "10.04.09",
    "rating": "6",
    "author": "wlfa****",
    "review_id": "4421730",
    "movie_id": "31108"
  },
  {
    "review": "머.. 이런 코미디라면 나쁘지 않다.",
    "date": "10.02.23",
    "rating": "7",
    "author": "plzb****",
    "review_id": "4313427",
    "movie_id": "31108"
  },
  {
    "review": "가볍게 가볍게 .. 재밌었다. 악마가 예쁘네.",
    "date": "10.02.05",
    "rating": "7",
    "author": "inki****",
    "review_id": "4250067",
    "movie_id": "31108"
  },
  {
    "review": "기대이상! 정말재밌었음^^",
    "date": "10.01.24",
    "rating": "9",
    "author": "whac****",
    "review_id": "4205269",
    "movie_id": "31108"
  },
  {
    "review": "그냥 그럭저럭~ 볼만함. 살짝 실망했지만 시간은 잘 때웠음~",
    "date": "09.12.24",
    "rating": "6",
    "author": "tlaq****",
    "review_id": "4076354",
    "movie_id": "31108"
  },
  {
    "review": "약간은 유치한 영화ㅎ",
    "date": "09.12.02",
    "rating": "7",
    "author": "hyeo****",
    "review_id": "4008609",
    "movie_id": "31108"
  },
  {
    "review": "브랜든 넘웃겨 ㅋㅋㅋ",
    "date": "09.11.25",
    "rating": "8",
    "author": "taij****",
    "review_id": "3989361",
    "movie_id": "31108"
  },
  {
    "review": "브렌든은 역시 코미디 배우였어. 연기력 최고~ 헐리 이모도 정말 이쁘다~",
    "date": "09.11.24",
    "rating": "10",
    "author": "j31a****",
    "review_id": "3986793",
    "movie_id": "31108"
  },
  {
    "review": "우연히 봤는데 완전 안 질리고 왕재미!! 옛날 영환데 대박 건졌네요 ^^",
    "date": "09.11.24",
    "rating": "10",
    "author": "heav****",
    "review_id": "3986785",
    "movie_id": "31108"
  },
  {
    "review": "아 나에게도 이런 악마가 나타나 준다면 얼마나 좋을까",
    "date": "09.11.14",
    "rating": "7",
    "author": "92gu****",
    "review_id": "3962747",
    "movie_id": "31108"
  },
  {
    "review": "콜롬비아 마약상 ............. 대박 ㅋㅋㅋㅋ",
    "date": "09.10.30",
    "rating": "5",
    "author": "lsg3****",
    "review_id": "3925336",
    "movie_id": "31108"
  },
  {
    "review": "이거진짜재밌었는데// 또보고싶다.ㅋㅋ",
    "date": "09.10.22",
    "rating": "10",
    "author": "kjh9****",
    "review_id": "3908875",
    "movie_id": "31108"
  },
  {
    "review": "좋았는데",
    "date": "09.10.12",
    "rating": "10",
    "author": "boon****",
    "review_id": "3888931",
    "movie_id": "31108"
  },
  {
    "review": "이 영화 3번 정도 봤음. 의외로 재미!!",
    "date": "09.10.04",
    "rating": "10",
    "author": "dark****",
    "review_id": "3871362",
    "movie_id": "31108"
  },
  {
    "review": "다시봐도 재밌네요~ \"완벽이란 없다\"를 알려주는 귀여운 악마의 유혹~!!",
    "date": "09.09.29",
    "rating": "10",
    "author": "ykm3****",
    "review_id": "3859671",
    "movie_id": "31108"
  },
  {
    "review": "브렌든 프레이저 가 개찐따 연기를 젏게 잘할줄 몰랐다",
    "date": "09.09.18",
    "rating": "8",
    "author": "tune****",
    "review_id": "3836986",
    "movie_id": "31108"
  },
  {
    "review": "재밌네 ㅋㅋㅋㅋ... 브렌든 연기 참 잘하는구만. 기대 이상이었음.",
    "date": "09.09.10",
    "rating": "9",
    "author": "joch****",
    "review_id": "3821841",
    "movie_id": "31108"
  },
  {
    "review": "허참 괜찮구먼 생각했던 거 이상이네;; 미라의 프레이저 형님이 웃기게 나오네",
    "date": "09.09.02",
    "rating": "9",
    "author": "pjw5****",
    "review_id": "3807727",
    "movie_id": "31108"
  },
  {
    "review": "상투적인 코미디",
    "date": "09.08.10",
    "rating": "7",
    "author": "qhdt****",
    "review_id": "3730081",
    "movie_id": "31108"
  },
  {
    "review": "깔끔한 연기 연기자들의 조화 보는 재미 나무랄데 없는 코미디",
    "date": "09.07.18",
    "rating": "10",
    "author": "cule****",
    "review_id": "3645189",
    "movie_id": "31108"
  }
]