[
  {
    "review": "끝까지 우열을 가리기 힘든 위선과 잔인함. 스토리도 충분히 충격적인데 그로테스크한 촬영기법으로 더 아찔한 분위기를 만들었다.",
    "date": "14.11.20",
    "rating": "7",
    "author": "zlda****",
    "review_id": "9403135",
    "movie_id": "31132"
  },
  {
    "review": "윤 여정이 얼마나 대단한 배우인지 알수 있다",
    "date": "13.08.21",
    "rating": "10",
    "author": "baks****",
    "review_id": "7909307",
    "movie_id": "31132"
  },
  {
    "review": "당시 그런 영화를 만들 수 있다니!",
    "date": "13.02.24",
    "rating": "9",
    "author": "yoko****",
    "review_id": "7297338",
    "movie_id": "31132"
  },
  {
    "review": "윤여정의 팬이 되어버렸다. 최고의 작품임(시대만 잘탔더라면...)",
    "date": "11.12.27",
    "rating": "10",
    "author": "tjsn****",
    "review_id": "5940541",
    "movie_id": "31132"
  },
  {
    "review": "충녀보다 더 매끈하게 스릴러 구조를 활용했다.",
    "date": "11.12.02",
    "rating": "8",
    "author": "wrap****",
    "review_id": "5883612",
    "movie_id": "31132"
  },
  {
    "review": "하녀보다 이야기와 상징은 풍부하나, 조악한 부분이 너무 많고 촬영은 스타일 과잉.",
    "date": "11.06.21",
    "rating": "7",
    "author": "mist****",
    "review_id": "5492560",
    "movie_id": "31132"
  },
  {
    "review": "정말 특이하고 괴상한 영화",
    "date": "10.09.14",
    "rating": "7",
    "author": "rois****",
    "review_id": "4836536",
    "movie_id": "31132"
  },
  {
    "review": "살아있는 쥐를 잡고 연기하는 모습외에 인상깊은장면이 많은 영상 ㅋㅋ",
    "date": "10.05.16",
    "rating": "9",
    "author": "dma9****",
    "review_id": "4502189",
    "movie_id": "31132"
  },
  {
    "review": "스릴러 컬트 영화 좋아하는 분들 이영화를 먼저 보시길.",
    "date": "09.11.03",
    "rating": "10",
    "author": "loye****",
    "review_id": "3934713",
    "movie_id": "31132"
  },
  {
    "review": "스릴러와 멜로가 잘만나 애정스럽다.희안한 필름이다.",
    "date": "09.08.09",
    "rating": "9",
    "author": "sr82****",
    "review_id": "3725751",
    "movie_id": "31132"
  },
  {
    "review": "대단하고또 대단하다",
    "date": "08.09.04",
    "rating": "10",
    "author": "gogo****",
    "review_id": "2921879",
    "movie_id": "31132"
  },
  {
    "review": "하녀의 변주. 하녀를 너무 인식한...촬영.미술.윤여정이 나머지를 상쇄한다...",
    "date": "08.06.28",
    "rating": "7",
    "author": "murt****",
    "review_id": "2727477",
    "movie_id": "31132"
  },
  {
    "review": "그 시대때 이런 스토리의 영화가 나왔다는게 참 대단하네요",
    "date": "08.06.04",
    "rating": "10",
    "author": "qhrt****",
    "review_id": "2679087",
    "movie_id": "31132"
  },
  {
    "review": "한국 컬트무비의 거장 김기영 감독의 독특하고 창조적인 수작.",
    "date": "08.02.14",
    "rating": "8",
    "author": "evil****",
    "review_id": "2445668",
    "movie_id": "31132"
  },
  {
    "review": "지금도 따라올수 없는 놀라운 영화,,",
    "date": "06.08.22",
    "rating": "10",
    "author": "cree****",
    "review_id": "1066821",
    "movie_id": "31132"
  },
  {
    "review": "한국 영화에 신파만 있는 것이 아니라는!!",
    "date": "05.09.24",
    "rating": "9",
    "author": "idda****",
    "review_id": "420641",
    "movie_id": "31132"
  },
  {
    "review": "당시에는 생각할수없는 놀라운 상상력",
    "date": "04.09.14",
    "rating": "10",
    "author": "life****",
    "review_id": "108559",
    "movie_id": "31132"
  }
]