[
  {
    "review": "그냥 만들지 말았어야 했어.,.,",
    "date": "13.05.14",
    "rating": "3",
    "author": "milk****",
    "review_id": "7528148",
    "movie_id": "31157"
  },
  {
    "review": "왜 만들었지",
    "date": "12.03.09",
    "rating": "1",
    "author": "1548****",
    "review_id": "6131752",
    "movie_id": "31157"
  },
  {
    "review": "전편의 제목만 빌려와서 시리즈라고 하기엔 무리가 있는 듣보잡인듯",
    "date": "12.01.17",
    "rating": "2",
    "author": "guev****",
    "review_id": "5992974",
    "movie_id": "31157"
  },
  {
    "review": "이 정도 악평을 받을 정도의 졸작은 아닌데....재밌음^^",
    "date": "11.12.27",
    "rating": "7",
    "author": "eppo****",
    "review_id": "5941207",
    "movie_id": "31157"
  },
  {
    "review": "전작과는 전혀 상관없는 내용으로 흥행을위해 이름만 같은 블레어윗치가 아닌지..",
    "date": "11.05.06",
    "rating": "6",
    "author": "rock****",
    "review_id": "5411002",
    "movie_id": "31157"
  },
  {
    "review": "1편을 본 적이 없다만 이 영화가 최악인걸로 봐서는 1편도 그다지 흥미는 안간다",
    "date": "11.02.26",
    "rating": "1",
    "author": "ajtw****",
    "review_id": "5278028",
    "movie_id": "31157"
  },
  {
    "review": "난 공포영화를 즐겨보는데. 진짜 이거보고만 소름이 끼쳤는데..집중해서보셨는지?",
    "date": "11.01.23",
    "rating": "10",
    "author": "coco****",
    "review_id": "5176993",
    "movie_id": "31157"
  },
  {
    "review": "헐 할 말이 없다 ㅅㅂ",
    "date": "10.11.06",
    "rating": "1",
    "author": "firs****",
    "review_id": "4942027",
    "movie_id": "31157"
  },
  {
    "review": "전작의 반의 반에도 미치지 못하는 영화.",
    "date": "10.11.03",
    "rating": "1",
    "author": "dlwo****",
    "review_id": "4936860",
    "movie_id": "31157"
  },
  {
    "review": "블레어 윗치 2 라는 타이틀만 뺐다면 그럭저럭은 했을텐데",
    "date": "10.10.31",
    "rating": "4",
    "author": "ccpk****",
    "review_id": "4930472",
    "movie_id": "31157"
  },
  {
    "review": "부끄러운 속편",
    "date": "10.10.31",
    "rating": "4",
    "author": "rame****",
    "review_id": "4930471",
    "movie_id": "31157"
  },
  {
    "review": "현대 디지털기기를 믿을 수 없다는 메시지는 확실하나, 영화자체는 아류",
    "date": "10.10.31",
    "rating": "4",
    "author": "kpcc****",
    "review_id": "4930470",
    "movie_id": "31157"
  },
  {
    "review": "재미있음",
    "date": "10.08.06",
    "rating": "10",
    "author": "hodo****",
    "review_id": "4715426",
    "movie_id": "31157"
  },
  {
    "review": "내가 무슨짓을 한거지.",
    "date": "10.07.10",
    "rating": "2",
    "author": "tori****",
    "review_id": "4628096",
    "movie_id": "31157"
  },
  {
    "review": "전편을 생각하지마라... 전편과 또다른 이야기 꺼리... 재미있는 영화이다.",
    "date": "10.05.11",
    "rating": "10",
    "author": "insu****",
    "review_id": "4493525",
    "movie_id": "31157"
  },
  {
    "review": "어디가서 블레어윗치 속편이라고하지말기를......1편에 속아서봤다는게 적절하다",
    "date": "10.02.10",
    "rating": "3",
    "author": "sueu****",
    "review_id": "4266611",
    "movie_id": "31157"
  },
  {
    "review": "역시 공포영화는 1편이 적당해",
    "date": "10.01.13",
    "rating": "1",
    "author": "jang****",
    "review_id": "4166893",
    "movie_id": "31157"
  },
  {
    "review": "원작에 끼여있는 지나친 거품을 빼고 본다면,눈뜨고 볼수 없었다는 평은 거짓말.",
    "date": "09.05.22",
    "rating": "5",
    "author": "baks****",
    "review_id": "3513188",
    "movie_id": "31157"
  },
  {
    "review": "안본자만이 줄 수 있는 10점",
    "date": "09.04.03",
    "rating": "10",
    "author": "beeb****",
    "review_id": "3402278",
    "movie_id": "31157"
  },
  {
    "review": "누가 그랬는지 몰라도 영상도 조작하네... 황당;;;",
    "date": "09.02.26",
    "rating": "6",
    "author": "lenc****",
    "review_id": "3335290",
    "movie_id": "31157"
  },
  {
    "review": "집에다 소장용이냐? 영화찍지마라 그냥",
    "date": "08.07.16",
    "rating": "1",
    "author": "rlfk****",
    "review_id": "2768137",
    "movie_id": "31157"
  },
  {
    "review": "전작의 장점은 간데없고 어색한 공포심 유발만 있다.",
    "date": "08.07.09",
    "rating": "5",
    "author": "cndx****",
    "review_id": "2750799",
    "movie_id": "31157"
  },
  {
    "review": "최악의 영화.",
    "date": "08.02.14",
    "rating": "1",
    "author": "mich****",
    "review_id": "2443636",
    "movie_id": "31157"
  },
  {
    "review": "개인적으로 전편보다 훨씬 좋았다 ...",
    "date": "08.02.05",
    "rating": "5",
    "author": "deff****",
    "review_id": "2409143",
    "movie_id": "31157"
  },
  {
    "review": "재밌던데;;",
    "date": "07.12.28",
    "rating": "10",
    "author": "iwan****",
    "review_id": "2274669",
    "movie_id": "31157"
  },
  {
    "review": "속편 같지 않은 속편",
    "date": "07.12.10",
    "rating": "3",
    "author": "evil****",
    "review_id": "2221114",
    "movie_id": "31157"
  },
  {
    "review": "이 감독은 전편을 분석하기는 커녕 보기라도 한걸까?",
    "date": "07.11.27",
    "rating": "1",
    "author": "ques****",
    "review_id": "2188639",
    "movie_id": "31157"
  },
  {
    "review": "이런게 바로 쓰레기다. 전작의 진가를 안다면 절대 속편이랄수 없는 영화.",
    "date": "07.08.16",
    "rating": "1",
    "author": "moon****",
    "review_id": "1945005",
    "movie_id": "31157"
  },
  {
    "review": "이전편 보다 훨 못하다... 재미도 떨어지고 최고로 많이줘서 5점",
    "date": "07.07.10",
    "rating": "5",
    "author": "grut****",
    "review_id": "1762885",
    "movie_id": "31157"
  },
  {
    "review": "전편의 명성을 더럽힌 쓰레기 ...도대체 왜  만들었냐??",
    "date": "07.04.12",
    "rating": "1",
    "author": "onof****",
    "review_id": "1584087",
    "movie_id": "31157"
  },
  {
    "review": "로저 에버트가 대체 왜 이영화에 나온 것일까 !!!",
    "date": "07.01.06",
    "rating": "1",
    "author": "wrat****",
    "review_id": "1360349",
    "movie_id": "31157"
  },
  {
    "review": "전편에 만족해야 했다. 싱거운 스토리와 결말은 ....그만",
    "date": "06.09.08",
    "rating": "1",
    "author": "love****",
    "review_id": "1110995",
    "movie_id": "31157"
  },
  {
    "review": "또 다른재미와반전,이어지는스토리 3 안나오나?",
    "date": "06.06.18",
    "rating": "10",
    "author": "wake****",
    "review_id": "848382",
    "movie_id": "31157"
  },
  {
    "review": "2편은 알아서 제머리에서 삭제해버렸습니다.",
    "date": "06.05.31",
    "rating": "2",
    "author": "blac****",
    "review_id": "825225",
    "movie_id": "31157"
  },
  {
    "review": "나오지 말지 그랬냐",
    "date": "05.12.25",
    "rating": "1",
    "author": "kws7****",
    "review_id": "527390",
    "movie_id": "31157"
  },
  {
    "review": "다른이름으로 나왔더라면 점수를 좀 더 줄수있었다.",
    "date": "05.12.01",
    "rating": "5",
    "author": "towa****",
    "review_id": "490540",
    "movie_id": "31157"
  },
  {
    "review": "난이거 잼있게 봤는데..평이 낮은 이율모르겠네 나참..",
    "date": "05.10.29",
    "rating": "10",
    "author": "lims****",
    "review_id": "458372",
    "movie_id": "31157"
  },
  {
    "review": "무서움은 떨어졌지만 내용이 맘에 듬",
    "date": "05.09.25",
    "rating": "8",
    "author": "idda****",
    "review_id": "421294",
    "movie_id": "31157"
  },
  {
    "review": "그저 전편의 명성에 기댄영화",
    "date": "05.08.27",
    "rating": "3",
    "author": "1231****",
    "review_id": "385576",
    "movie_id": "31157"
  },
  {
    "review": "헐헐",
    "date": "05.07.31",
    "rating": "1",
    "author": "klas****",
    "review_id": "343817",
    "movie_id": "31157"
  },
  {
    "review": "헐헐헐...",
    "date": "05.06.18",
    "rating": "3",
    "author": "meta****",
    "review_id": "301679",
    "movie_id": "31157"
  },
  {
    "review": "현대문명의 이기도 구라를 칠수있다는 나름대로의 주제의식",
    "date": "05.05.16",
    "rating": "6",
    "author": "kpcc****",
    "review_id": "278718",
    "movie_id": "31157"
  },
  {
    "review": "평론가들 평가 멋지네. 너 진짜 많이 컷다!",
    "date": "05.02.28",
    "rating": "2",
    "author": "jtot****",
    "review_id": "232331",
    "movie_id": "31157"
  },
  {
    "review": "전편이 마케팅의 힘이었다면 뒤편은 드디어 본격적인 사기 행각의 시작인가?",
    "date": "04.10.23",
    "rating": "3",
    "author": "trot****",
    "review_id": "130896",
    "movie_id": "31157"
  },
  {
    "review": "왜만들었는지 알수없는 천박한 싸구려 무뇌틱 속편..",
    "date": "04.10.18",
    "rating": "2",
    "author": "thin****",
    "review_id": "128076",
    "movie_id": "31157"
  },
  {
    "review": "최고의 공포영화..아..난 이런영화를 어디서도 본적이 없다...",
    "date": "04.04.07",
    "rating": "10",
    "author": "stkr****",
    "review_id": "34744",
    "movie_id": "31157"
  }
]