[
  {
    "review": "어린 나이에 봤던게 계속 기억에 남아서 다시 봤다. 오프닝이 나오는데 소름 돋는다. 걸작이다.",
    "date": "15.08.09",
    "rating": "10",
    "author": "papa****",
    "review_id": "10205996",
    "movie_id": "31151"
  },
  {
    "review": "모래시계와 더불어 역사에 남을 명작드라마다!!",
    "date": "15.03.02",
    "rating": "10",
    "author": "ske4****",
    "review_id": "9752603",
    "movie_id": "31151"
  },
  {
    "review": "8점 정도가 적당 하다  오케이?",
    "date": "15.02.28",
    "rating": "1",
    "author": "came****",
    "review_id": "9747098",
    "movie_id": "31151"
  },
  {
    "review": "여명의 눈동자에 견줄수 있는 드라마는 오직 모래시계 뿐이다. 대단한 드라마.",
    "date": "15.02.21",
    "rating": "10",
    "author": "ost8****",
    "review_id": "9721691",
    "movie_id": "31151"
  },
  {
    "review": "진짜 재미있게 봤음.  명작임",
    "date": "15.02.04",
    "rating": "10",
    "author": "adiv****",
    "review_id": "9665930",
    "movie_id": "31151"
  },
  {
    "review": "우리의 가슴아픈 근현대사의 마침표 적인 드라마 다시 보고 싶어서 유튜브에서 보고 있네요 ㅠ.ㅠ",
    "date": "14.10.26",
    "rating": "10",
    "author": "su30****",
    "review_id": "9320373",
    "movie_id": "31151"
  },
  {
    "review": "기구한 운명....친일파청산!!!",
    "date": "14.10.05",
    "rating": "10",
    "author": "spor****",
    "review_id": "9265260",
    "movie_id": "31151"
  },
  {
    "review": "여명의 눈동자와 모래시계, 한국 시대극의 한 획을 그은 명품 쌍두마차",
    "date": "14.09.20",
    "rating": "10",
    "author": "goms****",
    "review_id": "9228052",
    "movie_id": "31151"
  },
  {
    "review": "케이블에서 제대로 재방 함 해줬으면 좋겠네요. 주인공들 삶을 보면 늘 먹먹함이ㅜ",
    "date": "14.09.01",
    "rating": "10",
    "author": "fush****",
    "review_id": "9153303",
    "movie_id": "31151"
  },
  {
    "review": "한국 드라마 역사에 원탑....이후로도...넘을수 있을까...",
    "date": "14.08.17",
    "rating": "10",
    "author": "gold****",
    "review_id": "9099773",
    "movie_id": "31151"
  },
  {
    "review": "내 인생에 최고의 드라마 다른 드라마로는 모래시계 첫사랑 엄마의 바다 야망의세월 마지막승부 엠 당신이 그리워질때 부활 다모 미사 등등",
    "date": "14.07.21",
    "rating": "10",
    "author": "kimm****",
    "review_id": "8937023",
    "movie_id": "31151"
  },
  {
    "review": "대한민국 역대 최고의 드라마! 현재 그 누구도 이 드라마를 흉내내지도 못한다..다시는 대한민국에서 볼수없는 완성도...",
    "date": "14.07.02",
    "rating": "10",
    "author": "nirv****",
    "review_id": "8877348",
    "movie_id": "31151"
  },
  {
    "review": "미치도록 슬프다. 커서보니까 눈물나서 제대로 볼 수가 없다.",
    "date": "14.04.06",
    "rating": "10",
    "author": "7emp****",
    "review_id": "8631719",
    "movie_id": "31151"
  },
  {
    "review": "홍어상어 멋졋음 홍어상어",
    "date": "14.04.04",
    "rating": "10",
    "author": "jang****",
    "review_id": "8626910",
    "movie_id": "31151"
  },
  {
    "review": "명작. 부족한 원작 소설을 뛰어난 극본과 연출력으로 극복하고 독사같은 박근형씨와 절제된 야성미 최재성씨의 연기가 돋보였던 명작. 단순히 울고 고함치는 것만이 연기력 기준으로 생각하는 사람들에게는 귀감이 될 듯",
    "date": "14.03.01",
    "rating": "10",
    "author": "kuss****",
    "review_id": "8546796",
    "movie_id": "31151"
  },
  {
    "review": "다시 봐도 명작이다....역사공부와 소설의 만남....현실 그이상이다...",
    "date": "13.12.05",
    "rating": "10",
    "author": "phan****",
    "review_id": "8190481",
    "movie_id": "31151"
  },
  {
    "review": "여명의 눈동자  서울의 달 모래시계...",
    "date": "13.11.05",
    "rating": "10",
    "author": "zixi****",
    "review_id": "8116190",
    "movie_id": "31151"
  },
  {
    "review": "교과서 같은 드라마 리얼하고 영화같은 드라마 였다",
    "date": "13.09.27",
    "rating": "10",
    "author": "jspa****",
    "review_id": "8017613",
    "movie_id": "31151"
  },
  {
    "review": "다시한번 리메이크 했으면 하는 드라마",
    "date": "13.08.21",
    "rating": "10",
    "author": "seve****",
    "review_id": "7909569",
    "movie_id": "31151"
  },
  {
    "review": "암흑의 일제시대부터 광복, 한국전쟁까지 슬픈 한국사를 3명으로 풀어낸 최고의 드라마, 다시 보고싶은 드라마 1위이기도 합니다.",
    "date": "13.07.24",
    "rating": "10",
    "author": "jju0****",
    "review_id": "7780469",
    "movie_id": "31151"
  },
  {
    "review": "최고의 드라마...",
    "date": "13.07.24",
    "rating": "10",
    "author": "reha****",
    "review_id": "7779652",
    "movie_id": "31151"
  },
  {
    "review": "보는 내내 가슴이 아프고 슬펐다..",
    "date": "13.05.11",
    "rating": "10",
    "author": "tuca****",
    "review_id": "7520862",
    "movie_id": "31151"
  },
  {
    "review": "명작이여 영원하라!  전무후무 ,유일무이라는 단어가 아깝지 않은 드라마..",
    "date": "13.05.06",
    "rating": "10",
    "author": "ogaa****",
    "review_id": "7511321",
    "movie_id": "31151"
  },
  {
    "review": "다시보고싶다",
    "date": "13.04.21",
    "rating": "10",
    "author": "kk58****",
    "review_id": "7472596",
    "movie_id": "31151"
  },
  {
    "review": "여명의 눈동자.. 모래시계.. 내 학창시절.. 잊지 못할 드라마 두편.. 그 이후에 이 만한 드라마를 보기 힘든건 영화 때문인가.....?",
    "date": "13.03.28",
    "rating": "10",
    "author": "rhj9****",
    "review_id": "7416290",
    "movie_id": "31151"
  },
  {
    "review": "일제시대와 남북전쟁을 겪으면서 살아남기 위해 모든 고난을 겪은 두 명의 남자가 한 여자를 얻기위해 싸우는 대하드라마이면서도 삼각관계드라마...정말이지 오래 기억에 남는 철조망 키스신",
    "date": "13.03.12",
    "rating": "10",
    "author": "bajj****",
    "review_id": "7342413",
    "movie_id": "31151"
  },
  {
    "review": "일제때부터 해방후 근대사까지 재미와 감동을주는 시대극으로 안 본사람은 반드시 봐야될 명작 중의 명작",
    "date": "13.03.02",
    "rating": "10",
    "author": "ohwd****",
    "review_id": "7317801",
    "movie_id": "31151"
  },
  {
    "review": "90년초 정말 감명 깊게 봤던 명작인데 지금 홈드라마에서 하길래 다시 보는 중인데 역시 명작은 다시봐도 명작",
    "date": "13.02.22",
    "rating": "10",
    "author": "hsj6****",
    "review_id": "7290226",
    "movie_id": "31151"
  },
  {
    "review": "모래시계 야망의전설 그리고 여명의 눈동자.",
    "date": "13.02.12",
    "rating": "10",
    "author": "teen****",
    "review_id": "7255101",
    "movie_id": "31151"
  },
  {
    "review": "앞으로 더는 있어서 안될 비극을 다룬, 더 이상 만들어질 수 없는 드라마...아직 못보신 분들께 꼭 추천한다. 요즘 드라마와 차원이 다른...영화 못지않은 스케일의 명작중의 명작",
    "date": "13.01.29",
    "rating": "10",
    "author": "gory****",
    "review_id": "7191582",
    "movie_id": "31151"
  },
  {
    "review": "이드라마를 봤다는것에대해 후회한다 머릿속 여운이 가시질않는다 ㅜㅜ",
    "date": "12.12.16",
    "rating": "10",
    "author": "cccc****",
    "review_id": "7010504",
    "movie_id": "31151"
  },
  {
    "review": "내인생 최고의 드라마 나랑동갑인 창정이도 나왔었구나",
    "date": "12.12.11",
    "rating": "10",
    "author": "ravi****",
    "review_id": "6993459",
    "movie_id": "31151"
  },
  {
    "review": "음악만 들어도 눈물나던 드라마. 음악 기가막혔는데.....",
    "date": "12.06.30",
    "rating": "10",
    "author": "gret****",
    "review_id": "6433142",
    "movie_id": "31151"
  },
  {
    "review": "정말대단한드라마",
    "date": "12.04.29",
    "rating": "10",
    "author": "merc****",
    "review_id": "6258057",
    "movie_id": "31151"
  },
  {
    "review": "뻘갱이는 남녀노소 불문 모조리 박멸시켜야 함!!!",
    "date": "12.04.21",
    "rating": "10",
    "author": "xent****",
    "review_id": "6236732",
    "movie_id": "31151"
  },
  {
    "review": "여명의눈동자 피아노 선율이 아직도 기억에 남네요",
    "date": "12.03.06",
    "rating": "10",
    "author": "yeon****",
    "review_id": "6127646",
    "movie_id": "31151"
  },
  {
    "review": "손가락에 꼽을 몇 안돼는 드라마",
    "date": "12.02.23",
    "rating": "10",
    "author": "1200****",
    "review_id": "6097967",
    "movie_id": "31151"
  },
  {
    "review": "원작의 맛이 모락모락 피어나는 기대 이상의 수작.",
    "date": "12.02.06",
    "rating": "7",
    "author": "pria****",
    "review_id": "6057888",
    "movie_id": "31151"
  },
  {
    "review": "다시 봐도 너무 슬프다....",
    "date": "12.01.08",
    "rating": "9",
    "author": "mone****",
    "review_id": "5970601",
    "movie_id": "31151"
  },
  {
    "review": "한국 드라마의 레전드죠..",
    "date": "11.12.19",
    "rating": "10",
    "author": "tn99****",
    "review_id": "5916314",
    "movie_id": "31151"
  },
  {
    "review": "내 인생 최고의 드라마",
    "date": "11.12.05",
    "rating": "10",
    "author": "nike****",
    "review_id": "5888305",
    "movie_id": "31151"
  },
  {
    "review": "드라마 제작비만 어마어마했을듯한 전쟁씬..  잊지못할 슬픈 명작 드라마.",
    "date": "11.10.17",
    "rating": "10",
    "author": "pete****",
    "review_id": "5793383",
    "movie_id": "31151"
  },
  {
    "review": "최고~",
    "date": "11.09.21",
    "rating": "9",
    "author": "naeg****",
    "review_id": "5744641",
    "movie_id": "31151"
  },
  {
    "review": "불후의 명작이라고 생각합니다..",
    "date": "11.09.19",
    "rating": "10",
    "author": "orph****",
    "review_id": "5740262",
    "movie_id": "31151"
  },
  {
    "review": "한국 드라마 역사상 최고의 걸작...이후에도 이정도 할수 있을까??",
    "date": "11.09.10",
    "rating": "10",
    "author": "cjw2****",
    "review_id": "5720017",
    "movie_id": "31151"
  },
  {
    "review": "뭐 말할 필요가 있나.",
    "date": "11.09.07",
    "rating": "10",
    "author": "shan****",
    "review_id": "5713353",
    "movie_id": "31151"
  },
  {
    "review": "내인생의 처음이자 마지막 드라마.",
    "date": "11.08.31",
    "rating": "10",
    "author": "jaeb****",
    "review_id": "5699842",
    "movie_id": "31151"
  },
  {
    "review": "다시 보고싶음",
    "date": "11.08.05",
    "rating": "10",
    "author": "tyjy****",
    "review_id": "5604344",
    "movie_id": "31151"
  },
  {
    "review": "우리 드라마의 \"진정한\" 전성기에 만든 최고의 대작! 스케일과 섬세함의 완벽한 조화!",
    "date": "11.03.03",
    "rating": "10",
    "author": "wana****",
    "review_id": "5290863",
    "movie_id": "31151"
  },
  {
    "review": "고현정이 박상원 구하고 기습키스할때 전율..",
    "date": "11.02.10",
    "rating": "10",
    "author": "yoon****",
    "review_id": "5234242",
    "movie_id": "31151"
  },
  {
    "review": "최재성 전성기",
    "date": "11.02.06",
    "rating": "10",
    "author": "rnal****",
    "review_id": "5222327",
    "movie_id": "31151"
  },
  {
    "review": "정말 최고의 드라마죠; 이런건 중국 미국 일본에 다 수출시켜야함;",
    "date": "11.01.12",
    "rating": "10",
    "author": "ekrx****",
    "review_id": "5152163",
    "movie_id": "31151"
  },
  {
    "review": "이거 별점깍는 새끼는 진짜 몹쓸놈이여",
    "date": "11.01.08",
    "rating": "10",
    "author": "clas****",
    "review_id": "5140678",
    "movie_id": "31151"
  },
  {
    "review": "내 인생 최고의 명드라마....가슴이 뭉클 하네여..무엇 하나 빠트릴수 없죠,",
    "date": "10.12.21",
    "rating": "10",
    "author": "dhru****",
    "review_id": "5071690",
    "movie_id": "31151"
  },
  {
    "review": "지금도 기억나는 최고의 드라마",
    "date": "10.12.21",
    "rating": "10",
    "author": "lgai****",
    "review_id": "5071220",
    "movie_id": "31151"
  },
  {
    "review": "잊혀지지 않는 감동의 물결",
    "date": "10.09.20",
    "rating": "10",
    "author": "hung****",
    "review_id": "4851325",
    "movie_id": "31151"
  },
  {
    "review": "내 직업이 영화감독이라면 당장 영화로 리메이크한다..",
    "date": "10.09.02",
    "rating": "10",
    "author": "ysma****",
    "review_id": "4812335",
    "movie_id": "31151"
  },
  {
    "review": "슬픈 역사속의 , 슬픈 남녀간의 인연",
    "date": "10.06.01",
    "rating": "10",
    "author": "from****",
    "review_id": "4537230",
    "movie_id": "31151"
  },
  {
    "review": "이 세상 모든 드라마가 와도 이 작품만한 드라마는 없다. 역사상 최고",
    "date": "10.03.14",
    "rating": "10",
    "author": "gall****",
    "review_id": "4358210",
    "movie_id": "31151"
  },
  {
    "review": "격동의역사속에 눈물이앞을가리는 세사람의 인연의 끈...ㅠㅠ",
    "date": "10.02.27",
    "rating": "10",
    "author": "rlgu****",
    "review_id": "4321154",
    "movie_id": "31151"
  },
  {
    "review": "두번 다시는 재현할수 없을것이다.TV에서 해주는 바람과 함께 사라지다라고나 할까?",
    "date": "10.02.13",
    "rating": "10",
    "author": "baks****",
    "review_id": "4275778",
    "movie_id": "31151"
  },
  {
    "review": "드라마를 보고 말을 하셨으면... 이게 91년도 작품이라고 믿겨지실지",
    "date": "10.02.11",
    "rating": "10",
    "author": "grea****",
    "review_id": "4269474",
    "movie_id": "31151"
  },
  {
    "review": "원작소설보다 훨씬 좋았던 몇 안 되는 드라마.. 철조망 키스신은 두고두고 회자되리라",
    "date": "10.01.21",
    "rating": "8",
    "author": "mygr****",
    "review_id": "4193671",
    "movie_id": "31151"
  },
  {
    "review": "이거 왜 재방안해주나요...!!!",
    "date": "09.09.13",
    "rating": "10",
    "author": "whit****",
    "review_id": "3828986",
    "movie_id": "31151"
  },
  {
    "review": "꼭, 이런 낭만은 더러운 시대적 비극이 따라줘야만 했던거야..?? 슬프다...",
    "date": "09.09.05",
    "rating": "10",
    "author": "gong****",
    "review_id": "3813171",
    "movie_id": "31151"
  },
  {
    "review": "내 사상과 가치관을 만든 명작 드라마",
    "date": "09.07.12",
    "rating": "10",
    "author": "focu****",
    "review_id": "3626001",
    "movie_id": "31151"
  },
  {
    "review": "요즘같은시대에는 나올수없는 드라마..",
    "date": "09.06.04",
    "rating": "10",
    "author": "dusw****",
    "review_id": "3544427",
    "movie_id": "31151"
  },
  {
    "review": "최고다... 최고... 무슨 말이 필요할까...",
    "date": "09.02.26",
    "rating": "10",
    "author": "shyo****",
    "review_id": "3334177",
    "movie_id": "31151"
  },
  {
    "review": "내 생애 다시 이런 드라마를 볼 수 있을까?",
    "date": "09.01.14",
    "rating": "10",
    "author": "lite****",
    "review_id": "3221735",
    "movie_id": "31151"
  },
  {
    "review": "알렉스 헤일리의 뿌리? 우리에겐 여명의 눈동자가 있다!!!",
    "date": "08.09.17",
    "rating": "10",
    "author": "kwan****",
    "review_id": "2954281",
    "movie_id": "31151"
  },
  {
    "review": "이런 드라마를 한번 더 만들었으면 좋겠다",
    "date": "08.04.21",
    "rating": "10",
    "author": "jiye****",
    "review_id": "2591902",
    "movie_id": "31151"
  },
  {
    "review": "전설 그자체.... 두고두고 회자될만한 수작. 진짜재밌게봤다.배우들연기력..ㄷㄷ",
    "date": "08.02.03",
    "rating": "10",
    "author": "tkdt****",
    "review_id": "2403973",
    "movie_id": "31151"
  },
  {
    "review": "최대치..이름 진짜 멋지지 않냐??",
    "date": "07.10.09",
    "rating": "10",
    "author": "kwan****",
    "review_id": "2080405",
    "movie_id": "31151"
  },
  {
    "review": "진짜 내 인생 최고의 드라마",
    "date": "07.10.01",
    "rating": "10",
    "author": "blue****",
    "review_id": "2065187",
    "movie_id": "31151"
  },
  {
    "review": "스케일, 작품, 연기 모든면에서 최고의 드라마",
    "date": "07.09.29",
    "rating": "10",
    "author": "yspa****",
    "review_id": "2060002",
    "movie_id": "31151"
  },
  {
    "review": "대작은 대작이지..",
    "date": "07.09.09",
    "rating": "9",
    "author": "qork****",
    "review_id": "2009850",
    "movie_id": "31151"
  },
  {
    "review": "다시 보고 싶은 드라마.. 드라마 이상의 드라마",
    "date": "07.08.27",
    "rating": "10",
    "author": "glas****",
    "review_id": "1984432",
    "movie_id": "31151"
  },
  {
    "review": "다시 봐도 좋은 드라마",
    "date": "07.08.24",
    "rating": "8",
    "author": "snow****",
    "review_id": "1975148",
    "movie_id": "31151"
  },
  {
    "review": "말이 필요없음^^",
    "date": "07.08.06",
    "rating": "10",
    "author": "ijae****",
    "review_id": "1891512",
    "movie_id": "31151"
  },
  {
    "review": "참..최고의 드라마라는 말 밖에는..",
    "date": "07.07.26",
    "rating": "10",
    "author": "skat****",
    "review_id": "1810340",
    "movie_id": "31151"
  },
  {
    "review": "이거 대박 드라마였는데...",
    "date": "07.04.26",
    "rating": "9",
    "author": "nala****",
    "review_id": "1607027",
    "movie_id": "31151"
  },
  {
    "review": "제목만 들어도 눈물이 난다",
    "date": "07.03.25",
    "rating": "10",
    "author": "toto****",
    "review_id": "1554549",
    "movie_id": "31151"
  },
  {
    "review": "대한민국 최고 중 최고의 드라마",
    "date": "07.01.15",
    "rating": "10",
    "author": "nkot****",
    "review_id": "1385793",
    "movie_id": "31151"
  },
  {
    "review": "이런걸 명작이라고 하는거야",
    "date": "07.01.09",
    "rating": "8",
    "author": "ppp0****",
    "review_id": "1369762",
    "movie_id": "31151"
  },
  {
    "review": "말이 필요없다. 최고~",
    "date": "06.12.26",
    "rating": "10",
    "author": "polo****",
    "review_id": "1331545",
    "movie_id": "31151"
  },
  {
    "review": "윤여옥 사랑 그것이 무엇인가? 묻게 만드는 사람",
    "date": "06.11.24",
    "rating": "10",
    "author": "wshi****",
    "review_id": "1248429",
    "movie_id": "31151"
  },
  {
    "review": "최고 예전 드라마들 재방 해주면 안되나",
    "date": "06.11.04",
    "rating": "10",
    "author": "luvs****",
    "review_id": "1214669",
    "movie_id": "31151"
  },
  {
    "review": "전설의 드라마다...",
    "date": "06.09.30",
    "rating": "10",
    "author": "rage****",
    "review_id": "1149950",
    "movie_id": "31151"
  },
  {
    "review": "최고의 작품 중 하나지..........",
    "date": "06.08.28",
    "rating": "10",
    "author": "reki****",
    "review_id": "1086621",
    "movie_id": "31151"
  },
  {
    "review": "단연 최고의 드라마였다. 오랜시간이 지난 지금도 잊을수 없다.",
    "date": "06.08.27",
    "rating": "10",
    "author": "snoo****",
    "review_id": "1083075",
    "movie_id": "31151"
  },
  {
    "review": "키스신 정말 압권이었습니다",
    "date": "06.08.14",
    "rating": "10",
    "author": "qafa****",
    "review_id": "1028103",
    "movie_id": "31151"
  },
  {
    "review": "잊을 수 없는 엔딩...",
    "date": "06.06.30",
    "rating": "10",
    "author": "zeed****",
    "review_id": "864596",
    "movie_id": "31151"
  },
  {
    "review": "뱀 먹는장면 압권......",
    "date": "06.05.10",
    "rating": "10",
    "author": "jand****",
    "review_id": "795002",
    "movie_id": "31151"
  },
  {
    "review": "학교에서 화재였던드라마 여명의눈탱이,눈깔로 불림",
    "date": "06.03.12",
    "rating": "9",
    "author": "kiru****",
    "review_id": "713550",
    "movie_id": "31151"
  },
  {
    "review": "91년 최고의 드라마",
    "date": "06.02.03",
    "rating": "10",
    "author": "cyy1****",
    "review_id": "645315",
    "movie_id": "31151"
  },
  {
    "review": "격동의 역사속의 장대한 서사극,,. 어릴때 최고였다",
    "date": "06.02.01",
    "rating": "10",
    "author": "yjo4****",
    "review_id": "640826",
    "movie_id": "31151"
  },
  {
    "review": "블록버스터 드라마의 장을 연 대작",
    "date": "06.01.31",
    "rating": "9",
    "author": "poli****",
    "review_id": "637519",
    "movie_id": "31151"
  },
  {
    "review": "90년대 송지나 작가 작품은 모두 강추!",
    "date": "06.01.13",
    "rating": "10",
    "author": "sexy****",
    "review_id": "583323",
    "movie_id": "31151"
  },
  {
    "review": "꽤나 오래전에 봤지만 여운이 강한 그런 작품.",
    "date": "06.01.04",
    "rating": "10",
    "author": "jcr3****",
    "review_id": "558548",
    "movie_id": "31151"
  },
  {
    "review": "더 이상의 설명이 필요없다",
    "date": "06.01.01",
    "rating": "10",
    "author": "yalp****",
    "review_id": "550954",
    "movie_id": "31151"
  }
]