[
  {
    "review": "손 잡으면서 걸어가는 엔딩신도 너무 좋고 이 남자다 이 사람이다라는 대사는 주옥 같음~",
    "date": "15.08.22",
    "rating": "10",
    "author": "sund****",
    "review_id": "10261276",
    "movie_id": "31158"
  },
  {
    "review": "잔잔한 미소를 머금게하는 사랑스러운 영화",
    "date": "15.08.05",
    "rating": "10",
    "author": "taib****",
    "review_id": "10188833",
    "movie_id": "31158"
  },
  {
    "review": "순수한  학원강사와 은행원의 로맨스",
    "date": "14.12.07",
    "rating": "10",
    "author": "alrm****",
    "review_id": "9454510",
    "movie_id": "31158"
  },
  {
    "review": "잔잔하고 좋지만 둘은 결혼 안 했으면 좋겠다. 원주는 관심과 호감으로 봉수는 그저 결혼상대로 다가가네",
    "date": "14.10.06",
    "rating": "7",
    "author": "isy0****",
    "review_id": "9270868",
    "movie_id": "31158"
  },
  {
    "review": "사랑 그 미묘하고 작은 재미를 잘 살린 영화네요!",
    "date": "14.07.03",
    "rating": "9",
    "author": "clou****",
    "review_id": "8879429",
    "movie_id": "31158"
  },
  {
    "review": "이상할정도로 와닿지 않는영화.. 이런감수성, 이런분위기면 웬만하면재밌게 봐줄텐데...",
    "date": "14.06.08",
    "rating": "4",
    "author": "jeon****",
    "review_id": "8814203",
    "movie_id": "31158"
  },
  {
    "review": "소소한 영상미가  좋다...",
    "date": "14.06.08",
    "rating": "10",
    "author": "dori****",
    "review_id": "8811519",
    "movie_id": "31158"
  },
  {
    "review": "\"8월의크리스마스\" 같은 예전 영화의 절제된, 풋풋한 매력은 없고 그저 지루할뿐..",
    "date": "14.05.06",
    "rating": "6",
    "author": "byul****",
    "review_id": "8709559",
    "movie_id": "31158"
  },
  {
    "review": "이런 멜로영화 참 좋다 !",
    "date": "14.04.13",
    "rating": "10",
    "author": "seun****",
    "review_id": "8648544",
    "movie_id": "31158"
  },
  {
    "review": "나도 전도연같은 아내가 있었으면 좋겠다.",
    "date": "14.03.20",
    "rating": "9",
    "author": "mont****",
    "review_id": "8591147",
    "movie_id": "31158"
  },
  {
    "review": "우리의 일상적인 평범한 사랑 이야기를 꾸민 잔잔한 드라마지만 정말 공감이 가는 느낌..",
    "date": "14.03.14",
    "rating": "8",
    "author": "dizi****",
    "review_id": "8576308",
    "movie_id": "31158"
  },
  {
    "review": "불면증이 ‥이 영화로 인해 ‥ 행복한‥시간으로‥바뀐‥잔잔하고‥ 따뜻한 ‥그래서 끌리는 ‥영화사람인  ‥자 5번 쓰고 잡아먹기 ‥ ㅋ  잊지못할 듯",
    "date": "14.03.08",
    "rating": "10",
    "author": "sh24****",
    "review_id": "8562147",
    "movie_id": "31158"
  },
  {
    "review": "담백하다. 무뚝뚝한 남자와 사랑스런 여자의 인연.. 근데 둘이 결혼은 안했으면.",
    "date": "13.10.05",
    "rating": "7",
    "author": "come****",
    "review_id": "8037147",
    "movie_id": "31158"
  },
  {
    "review": "사랑은 없고, 결혼적령기 남녀가 그저 적당한 짝을 찾는 과정인 것 같은데.. 무리는 없었으나 영화니까 사랑도 보고싶다.",
    "date": "13.03.23",
    "rating": "7",
    "author": "oshi****",
    "review_id": "7399066",
    "movie_id": "31158"
  },
  {
    "review": "매력없는 영화",
    "date": "13.02.26",
    "rating": "2",
    "author": "no13****",
    "review_id": "7304789",
    "movie_id": "31158"
  },
  {
    "review": "전도연이 별로네..그래도 괜찮앗다",
    "date": "13.02.15",
    "rating": "7",
    "author": "egks****",
    "review_id": "7268098",
    "movie_id": "31158"
  },
  {
    "review": "건축학개론만큼 훈훈하고, 잔잔한 감동이 있는 영화. 인연이란게...^^",
    "date": "13.01.18",
    "rating": "10",
    "author": "chan****",
    "review_id": "7129865",
    "movie_id": "31158"
  },
  {
    "review": "뜸도 들일 만큼만 들여야지 많이만 들이면 더 맛있는 줄 아나?",
    "date": "12.11.21",
    "rating": "4",
    "author": "expr****",
    "review_id": "6910617",
    "movie_id": "31158"
  },
  {
    "review": "줄 다 좋아하는 배우지만.. 내가 보기엔 영화 자체는 그냥 그런..",
    "date": "12.09.19",
    "rating": "5",
    "author": "aset****",
    "review_id": "6713275",
    "movie_id": "31158"
  },
  {
    "review": "요새는 90년대 멜로가 끌리네요. 담백하면서도 일상적인, 잔잔한, 마치 내 얘기같은 영화라서 조금 공감이 갔네요. 오랜만에 보는 풋풋한 전도연씨, 그리고 설경구씨 연기도 반가웠구요.^^",
    "date": "12.08.02",
    "rating": "9",
    "author": "kwon****",
    "review_id": "6563435",
    "movie_id": "31158"
  },
  {
    "review": "전도연씨가 예뻐요. 30넘은 총각처녀분들 보시면 즐겁게 공감하실수 있을 영홥니다.",
    "date": "12.07.07",
    "rating": "8",
    "author": "i4an****",
    "review_id": "6454604",
    "movie_id": "31158"
  },
  {
    "review": "담백 순수하지만 뭔가 부족해",
    "date": "12.05.13",
    "rating": "6",
    "author": "yols****",
    "review_id": "6296234",
    "movie_id": "31158"
  },
  {
    "review": "조금만 더 달달했다면 더 좋았을텐데!^^",
    "date": "12.02.12",
    "rating": "8",
    "author": "happ****",
    "review_id": "6070355",
    "movie_id": "31158"
  },
  {
    "review": "90's s.t멜로가 요즘멜로보다 더 와닿는다..감성연기파배우들+영상미",
    "date": "12.01.13",
    "rating": "7",
    "author": "dang****",
    "review_id": "5982001",
    "movie_id": "31158"
  },
  {
    "review": "그저 그런 옛날 영화",
    "date": "11.12.25",
    "rating": "7",
    "author": "nike****",
    "review_id": "5931657",
    "movie_id": "31158"
  },
  {
    "review": "나도 아내가 있었으면 좋겠다.",
    "date": "11.12.03",
    "rating": "9",
    "author": "pp53****",
    "review_id": "5883781",
    "movie_id": "31158"
  },
  {
    "review": "요새 여자들 샌님 남자들 상대도 안해줌. 까지고 나이먹으면 아무나랑 하는데 쩝 씁슬",
    "date": "11.09.29",
    "rating": "6",
    "author": "russ****",
    "review_id": "5760102",
    "movie_id": "31158"
  },
  {
    "review": "여자가 이 정도로 적극적인 경우.. 영화니깐 가능? ㅋ",
    "date": "11.09.18",
    "rating": "8",
    "author": "tn99****",
    "review_id": "5740021",
    "movie_id": "31158"
  },
  {
    "review": "설경구 좋다. 10년이 지난 지금 다시 봐도 아련하기만 하다. 한국식 멜로. 아, 좋다.",
    "date": "11.07.26",
    "rating": "10",
    "author": "hyek****",
    "review_id": "5571777",
    "movie_id": "31158"
  },
  {
    "review": "난 왜 이 영화가 무섭지.. 경구님 안 어울리는 옷 입으셨다!",
    "date": "11.07.10",
    "rating": "2",
    "author": "jdoi****",
    "review_id": "5534331",
    "movie_id": "31158"
  },
  {
    "review": "정말 따뜻한 영화입니다. 이런영화는 스킵하지 말고 보세요^^",
    "date": "11.06.07",
    "rating": "10",
    "author": "arti****",
    "review_id": "5469592",
    "movie_id": "31158"
  },
  {
    "review": "일상이 주는 따듯함에 저절로 입꼬리가 올라간다.",
    "date": "11.02.17",
    "rating": "8",
    "author": "ejia****",
    "review_id": "5250365",
    "movie_id": "31158"
  },
  {
    "review": "개봉때봤는데 볼만했었음",
    "date": "10.12.06",
    "rating": "8",
    "author": "rudd****",
    "review_id": "5028033",
    "movie_id": "31158"
  },
  {
    "review": "그냥 계속 쭉...잔잔하다...사랑스런 전도연...",
    "date": "10.11.18",
    "rating": "7",
    "author": "lees****",
    "review_id": "4969231",
    "movie_id": "31158"
  },
  {
    "review": "잔잔하고 편한",
    "date": "10.08.25",
    "rating": "5",
    "author": "idko****",
    "review_id": "4790966",
    "movie_id": "31158"
  },
  {
    "review": "일상 속에서 찾아오는 사랑",
    "date": "10.08.16",
    "rating": "9",
    "author": "yser****",
    "review_id": "4756107",
    "movie_id": "31158"
  },
  {
    "review": "Very good!",
    "date": "10.08.08",
    "rating": "9",
    "author": "nost****",
    "review_id": "4721701",
    "movie_id": "31158"
  },
  {
    "review": "그다지 기억에 남지 않는",
    "date": "10.08.01",
    "rating": "4",
    "author": "ccpk****",
    "review_id": "4694659",
    "movie_id": "31158"
  },
  {
    "review": "심심하고 평범하다.",
    "date": "10.08.01",
    "rating": "4",
    "author": "rame****",
    "review_id": "4694655",
    "movie_id": "31158"
  },
  {
    "review": "감정을 폭발시키는 강한 연기만 해오던 설경구의 이미지가 이런 영화에선 독이구나",
    "date": "10.08.01",
    "rating": "4",
    "author": "kpcc****",
    "review_id": "4694653",
    "movie_id": "31158"
  },
  {
    "review": "평범함 속에서 자신의 짝을 발견해 가는 두 남녀의 소소한 행복이 미소를 짓게 한다",
    "date": "10.07.25",
    "rating": "7",
    "author": "mygr****",
    "review_id": "4668208",
    "movie_id": "31158"
  },
  {
    "review": "순수한 사랑 이야기.",
    "date": "10.05.23",
    "rating": "10",
    "author": "dene****",
    "review_id": "4520284",
    "movie_id": "31158"
  },
  {
    "review": "비를 좋아하는 사람이라면 이 영화 좋아할듯... 영화 중간중간 비가 많이 오네",
    "date": "10.05.02",
    "rating": "10",
    "author": "pose****",
    "review_id": "4471177",
    "movie_id": "31158"
  },
  {
    "review": "따뜻한 영화...",
    "date": "10.02.14",
    "rating": "10",
    "author": "no1a****",
    "review_id": "4279264",
    "movie_id": "31158"
  },
  {
    "review": "이걸보고 느낀게 어느정도 있는.....사랑 그것 참.....뭔지?",
    "date": "10.02.05",
    "rating": "10",
    "author": "fofk****",
    "review_id": "4247230",
    "movie_id": "31158"
  },
  {
    "review": "영화관에서 봤다면 6점을 줬을것이고 집에서 봤다면 8점을 줬을 영화",
    "date": "10.01.19",
    "rating": "8",
    "author": "gml0****",
    "review_id": "4188346",
    "movie_id": "31158"
  },
  {
    "review": "10년이 다됐는데 전도연은 늙지도않아 ...ㅎ 아무튼 영화 너무좋네요 ..",
    "date": "09.12.12",
    "rating": "10",
    "author": "wlsa****",
    "review_id": "4035926",
    "movie_id": "31158"
  },
  {
    "review": "너무나 순수한 그들의 사랑이야기",
    "date": "09.09.27",
    "rating": "8",
    "author": "blue****",
    "review_id": "3855389",
    "movie_id": "31158"
  },
  {
    "review": "지극히 평범함속의 리얼함, 두 배우의 연기에 잔잔한 미소가.....",
    "date": "09.09.15",
    "rating": "10",
    "author": "lord****",
    "review_id": "3832830",
    "movie_id": "31158"
  },
  {
    "review": "푸근히 받아준다",
    "date": "09.05.25",
    "rating": "8",
    "author": "bbq2****",
    "review_id": "3520608",
    "movie_id": "31158"
  },
  {
    "review": "이 남자.. 좋다",
    "date": "09.05.11",
    "rating": "10",
    "author": "wish****",
    "review_id": "3488168",
    "movie_id": "31158"
  },
  {
    "review": "소소한 일상..소소한 재미...",
    "date": "09.05.11",
    "rating": "9",
    "author": "kino****",
    "review_id": "3487334",
    "movie_id": "31158"
  },
  {
    "review": "순수 유치 빤스...",
    "date": "09.04.22",
    "rating": "5",
    "author": "mirj****",
    "review_id": "3434700",
    "movie_id": "31158"
  },
  {
    "review": "감미로운 음악에 따스한 봄햇살 처럼 다가와 봄비처럼 내리는 사랑이야기",
    "date": "09.04.19",
    "rating": "8",
    "author": "k641****",
    "review_id": "3428590",
    "movie_id": "31158"
  },
  {
    "review": "이 여자다, 이 사람이다, 이 여자다, 이 사람이다...",
    "date": "09.04.04",
    "rating": "8",
    "author": "sama****",
    "review_id": "3403388",
    "movie_id": "31158"
  },
  {
    "review": "good",
    "date": "09.02.19",
    "rating": "10",
    "author": "nasa****",
    "review_id": "3315481",
    "movie_id": "31158"
  },
  {
    "review": "평범 함이 이 영화의 매력이라 생각된다 지극히 평범한 일상에 소년 소녀 같은 짝사랑",
    "date": "09.02.15",
    "rating": "10",
    "author": "ppjj****",
    "review_id": "3304416",
    "movie_id": "31158"
  },
  {
    "review": "지극히 평범해서 지루한 면이 있다. 배우 캐스팅도 안어울리고;;",
    "date": "08.12.15",
    "rating": "5",
    "author": "skys****",
    "review_id": "3119739",
    "movie_id": "31158"
  },
  {
    "review": "좋다. 전도연, 설경구.",
    "date": "08.10.12",
    "rating": "8",
    "author": "eorn****",
    "review_id": "2996645",
    "movie_id": "31158"
  },
  {
    "review": "아, 재미있다. 이렇게 재미있는 영화 간만에 봤다.",
    "date": "08.10.12",
    "rating": "10",
    "author": "dsze****",
    "review_id": "2995543",
    "movie_id": "31158"
  },
  {
    "review": "형광등 장면 어렴풋이 기억남",
    "date": "08.10.07",
    "rating": "6",
    "author": "seun****",
    "review_id": "2987185",
    "movie_id": "31158"
  },
  {
    "review": "평범함을 특별하게 포장하려 하면 이렇게 된다.",
    "date": "08.09.10",
    "rating": "7",
    "author": "reco****",
    "review_id": "2933488",
    "movie_id": "31158"
  },
  {
    "review": "설경구의 새로운 모습! 완전 귀여워!ㅋㅋㅋ 전도연도 완전 사랑스럽고!!",
    "date": "08.09.09",
    "rating": "10",
    "author": "hey_****",
    "review_id": "2931535",
    "movie_id": "31158"
  },
  {
    "review": "제목은 그럴듯한데 별 재미는 없었다",
    "date": "08.08.18",
    "rating": "1",
    "author": "ccpk****",
    "review_id": "2881722",
    "movie_id": "31158"
  },
  {
    "review": "설경구의 매력을 재발견했던 영화",
    "date": "08.07.14",
    "rating": "10",
    "author": "akir****",
    "review_id": "2763254",
    "movie_id": "31158"
  },
  {
    "review": "일상 속에서 느끼는 소소한 행복이 스크린 속에 쏘옥. 아 좋다.",
    "date": "08.06.08",
    "rating": "10",
    "author": "ming****",
    "review_id": "2688670",
    "movie_id": "31158"
  },
  {
    "review": "나도 아내가 있었으면 좋겠다,..ㅋㅋ",
    "date": "08.04.17",
    "rating": "10",
    "author": "hosu****",
    "review_id": "2584769",
    "movie_id": "31158"
  },
  {
    "review": "특별할 것 없는 평범한 일상, 그리고 그속에서 찾은 특별한 행복",
    "date": "08.04.07",
    "rating": "8",
    "author": "uds0****",
    "review_id": "2566084",
    "movie_id": "31158"
  },
  {
    "review": "따스한 일상속에 스며있는 행복을 다룬 영화입니당",
    "date": "08.03.19",
    "rating": "10",
    "author": "asan****",
    "review_id": "2528730",
    "movie_id": "31158"
  },
  {
    "review": "전도연의 이마가 부담스럽긴 했지만 나도 제발 아내가 있었으면 좋겠다",
    "date": "08.02.25",
    "rating": "7",
    "author": "meth****",
    "review_id": "2482685",
    "movie_id": "31158"
  },
  {
    "review": "감성적인 영화, 옛날꺼지만 지금봐도 흐뭇한",
    "date": "08.02.06",
    "rating": "7",
    "author": "ekdn****",
    "review_id": "2416295",
    "movie_id": "31158"
  },
  {
    "review": "괜찮은 영화",
    "date": "08.01.28",
    "rating": "7",
    "author": "qnxl****",
    "review_id": "2378313",
    "movie_id": "31158"
  },
  {
    "review": "조금지루하지만 볼만하다.잔잔한 분위기가 맘에든다",
    "date": "07.12.30",
    "rating": "10",
    "author": "tde4****",
    "review_id": "2281633",
    "movie_id": "31158"
  },
  {
    "review": "평범함속에 녹아든 평범한 일상. 조금 밋밋한게 흠.",
    "date": "07.12.01",
    "rating": "4",
    "author": "ghdl****",
    "review_id": "2196616",
    "movie_id": "31158"
  },
  {
    "review": "그닥",
    "date": "07.11.12",
    "rating": "6",
    "author": "pksj****",
    "review_id": "2148076",
    "movie_id": "31158"
  },
  {
    "review": "설경구와 전도연의 조합, 이쁘다",
    "date": "07.10.24",
    "rating": "8",
    "author": "eleg****",
    "review_id": "2108360",
    "movie_id": "31158"
  },
  {
    "review": "아 좋다..",
    "date": "07.09.20",
    "rating": "10",
    "author": "pupu****",
    "review_id": "2033884",
    "movie_id": "31158"
  },
  {
    "review": "너무 잔잔해서 공감이 안 간다.. 하지만 연기는 훌륭했다..",
    "date": "07.08.16",
    "rating": "8",
    "author": "self****",
    "review_id": "1944291",
    "movie_id": "31158"
  },
  {
    "review": "드라마라면 명작...돈내고 극장에서 보기엔 미달..",
    "date": "07.08.08",
    "rating": "7",
    "author": "typo****",
    "review_id": "1901849",
    "movie_id": "31158"
  },
  {
    "review": "훌륭한 각본. 훌륭한 연출. 훌륭한 캐스팅.",
    "date": "07.07.17",
    "rating": "8",
    "author": "lsh1****",
    "review_id": "1784552",
    "movie_id": "31158"
  },
  {
    "review": "일상의 따뜻함",
    "date": "07.07.14",
    "rating": "8",
    "author": "rran****",
    "review_id": "1775737",
    "movie_id": "31158"
  },
  {
    "review": "평범해서 비범한 영화",
    "date": "07.06.09",
    "rating": "8",
    "author": "alai****",
    "review_id": "1692355",
    "movie_id": "31158"
  },
  {
    "review": "기분좋게 보면 볼만하고 언짢을때 보면 쓸만한 구석 하나없다 핀잔할듯 ..",
    "date": "07.05.30",
    "rating": "8",
    "author": "anda****",
    "review_id": "1672500",
    "movie_id": "31158"
  },
  {
    "review": "너무 아름다워서 나도..이제 사랑하고싶다..",
    "date": "07.01.14",
    "rating": "10",
    "author": "roll****",
    "review_id": "1384116",
    "movie_id": "31158"
  },
  {
    "review": "외로운사람들의마음을달래주는감동이있는영화",
    "date": "06.12.31",
    "rating": "9",
    "author": "scle****",
    "review_id": "1345478",
    "movie_id": "31158"
  },
  {
    "review": "설경구의 다른 매력",
    "date": "06.12.28",
    "rating": "9",
    "author": "dont****",
    "review_id": "1336163",
    "movie_id": "31158"
  },
  {
    "review": "너무 잔잔해..지나치게..",
    "date": "06.12.28",
    "rating": "5",
    "author": "sauc****",
    "review_id": "1335353",
    "movie_id": "31158"
  },
  {
    "review": "배우들의 매력을 다시 봤다.",
    "date": "06.12.08",
    "rating": "10",
    "author": "v504****",
    "review_id": "1276751",
    "movie_id": "31158"
  },
  {
    "review": "나도...",
    "date": "06.11.08",
    "rating": "9",
    "author": "c283****",
    "review_id": "1222640",
    "movie_id": "31158"
  },
  {
    "review": "호수를 향해 던진 작은 돌맹이..그리고 잔잔한 울림.. 그런^^",
    "date": "06.10.31",
    "rating": "8",
    "author": "hotn****",
    "review_id": "1208977",
    "movie_id": "31158"
  },
  {
    "review": "좋았어요^-^",
    "date": "06.10.07",
    "rating": "10",
    "author": "miyo****",
    "review_id": "1168035",
    "movie_id": "31158"
  },
  {
    "review": "일상 속에서 배어나오는 섬세함. 자연스럽게 시작하는 사랑.",
    "date": "06.10.01",
    "rating": "10",
    "author": "dslz****",
    "review_id": "1153411",
    "movie_id": "31158"
  },
  {
    "review": "매력적인 배우 전도연",
    "date": "06.08.07",
    "rating": "9",
    "author": "coco****",
    "review_id": "982280",
    "movie_id": "31158"
  },
  {
    "review": "뭐지 이 아쉬움은?",
    "date": "06.08.03",
    "rating": "8",
    "author": "zeed****",
    "review_id": "960297",
    "movie_id": "31158"
  },
  {
    "review": "옆집 형 이야기 같을 정도로.. 평범한 내용이라 더 좋았음.",
    "date": "06.07.22",
    "rating": "7",
    "author": "saru****",
    "review_id": "914592",
    "movie_id": "31158"
  },
  {
    "review": "잔잔한 일상 속에서 느껴지는 즐거움.",
    "date": "06.07.16",
    "rating": "10",
    "author": "jkh1****",
    "review_id": "896138",
    "movie_id": "31158"
  },
  {
    "review": "잔잔하다. 그뿐이다",
    "date": "06.04.10",
    "rating": "6",
    "author": "gold****",
    "review_id": "756978",
    "movie_id": "31158"
  },
  {
    "review": "현실적이긴 하지만...영화로써의 특별함은 좀...",
    "date": "06.03.08",
    "rating": "6",
    "author": "akaj****",
    "review_id": "709231",
    "movie_id": "31158"
  },
  {
    "review": "전형적인 로멘틱 코미디..",
    "date": "06.03.01",
    "rating": "9",
    "author": "shh7****",
    "review_id": "698764",
    "movie_id": "31158"
  },
  {
    "review": "이 영화 정말 좋던데..배우들의 일상적인 모습 연기가 정말..",
    "date": "06.02.06",
    "rating": "10",
    "author": "5134****",
    "review_id": "651414",
    "movie_id": "31158"
  }
]