[
  {
    "review": "난 계속 살아날거야. 내일이면 태양이 떠오를거니까! 파도에 또 뭐가 실려올지 모르잖아..안보면 후회합니다.여운이 굉장히 오래남네요",
    "date": "15.08.25",
    "rating": "10",
    "author": "kevi****",
    "review_id": "10274905",
    "movie_id": "31162"
  },
  {
    "review": "대학시절 척이 윌슨을 구하지못해 미안하다고 대성통곡하는 장면때문에 소주병 많이 늘어났는데...케이블에서 또보니 감독이 의도하고 이야기하려고 했던 감성들이 몰려와 낮술을 부르네..참 의미있고 좋은영화고래가 척의 상황을  알고 배에타라고알려준듯..",
    "date": "15.08.22",
    "rating": "10",
    "author": "efba****",
    "review_id": "10262782",
    "movie_id": "31162"
  },
  {
    "review": "배구공 하나  떠내려가는게 뭐라고 그렇게 눈물이나는지",
    "date": "15.08.22",
    "rating": "10",
    "author": "rlad****",
    "review_id": "10262709",
    "movie_id": "31162"
  },
  {
    "review": "마지막 날개집 여인네 만나고 나서 그여자집 방향을 보며 미소를 지은건 그여자랑 잘될거란 암시인가요?",
    "date": "15.08.22",
    "rating": "10",
    "author": "braz****",
    "review_id": "10262674",
    "movie_id": "31162"
  },
  {
    "review": "I have to keep breathing... for tomorrow the sun will rise... who knows what the tide would bring...",
    "date": "15.08.22",
    "rating": "10",
    "author": "jwyd****",
    "review_id": "10262673",
    "movie_id": "31162"
  },
  {
    "review": "ㅇㅇㅇ열자열자열자열자",
    "date": "15.08.22",
    "rating": "10",
    "author": "kory****",
    "review_id": "10262526",
    "movie_id": "31162"
  },
  {
    "review": "윌슨 그동안 고마웟어!",
    "date": "15.08.22",
    "rating": "10",
    "author": "hin1****",
    "review_id": "10262327",
    "movie_id": "31162"
  },
  {
    "review": "벌써 개봉된지 14년하고도 반이 지났네요. 갈림길에 서있는 그가 꼭 재가 된 듯 합니다. \" 내일이면 태양이 또 떠오를거니까\" 그처럼 열심히 살아 보려고 합니다.",
    "date": "15.08.22",
    "rating": "10",
    "author": "qhrg****",
    "review_id": "10260924",
    "movie_id": "31162"
  },
  {
    "review": "마지막 장면이 정말 감명 깊다~ 톰행크스가 바라본 곳은 바로 관객들~ 그들이다! 어디로 가야할지 방황하는 이들에게 얘기한다~ 걱정하지마! 넌 어디든지 갈 수 있어라고!",
    "date": "15.08.20",
    "rating": "10",
    "author": "whol****",
    "review_id": "10252833",
    "movie_id": "31162"
  },
  {
    "review": "설마 성냥따위 갖고 있진 않겠지??",
    "date": "15.08.19",
    "rating": "10",
    "author": "rsfl****",
    "review_id": "10251890",
    "movie_id": "31162"
  },
  {
    "review": "살아가야지 내일은 또 태양이 떠오를 거고,파도에 뭐가 쓸려올 지 모르니까.",
    "date": "15.08.19",
    "rating": "10",
    "author": "tmdg****",
    "review_id": "10251513",
    "movie_id": "31162"
  },
  {
    "review": "살다살다 배구공이 나를 울리다니..  ㅠㅠ",
    "date": "15.08.16",
    "rating": "10",
    "author": "pete****",
    "review_id": "10238363",
    "movie_id": "31162"
  },
  {
    "review": "10점은 무슨 100점짜리 영화다.트루먼 쇼나 캐스트 어웨이 같은 명작영화에 평론가들의 평은 없는것은 신의 한수.네이버도 평론가도 건드리지 못하는 영화다.",
    "date": "15.08.13",
    "rating": "10",
    "author": "kes1****",
    "review_id": "10226001",
    "movie_id": "31162"
  },
  {
    "review": "중간에 조금 지루한 부분이 있지만 전달하려는 내용도 좋구 배우들 연기도 좋습니다. 추천하구 가요~",
    "date": "15.08.12",
    "rating": "8",
    "author": "lcw_****",
    "review_id": "10220172",
    "movie_id": "31162"
  },
  {
    "review": "종합 평점은 9점 드립니다.",
    "date": "15.08.06",
    "rating": "9",
    "author": "terr****",
    "review_id": "10191468",
    "movie_id": "31162"
  },
  {
    "review": "인생최고의 영화....",
    "date": "15.08.05",
    "rating": "10",
    "author": "urih****",
    "review_id": "10186257",
    "movie_id": "31162"
  },
  {
    "review": "톰 행크스가 끝까지 버틸 수 있었던 3가지. 페덱스, 윌슨 그리고 헬렌 헌트.",
    "date": "15.08.02",
    "rating": "8",
    "author": "777s****",
    "review_id": "10174030",
    "movie_id": "31162"
  },
  {
    "review": "감동을주는영화.최고",
    "date": "15.07.25",
    "rating": "10",
    "author": "saka****",
    "review_id": "10140364",
    "movie_id": "31162"
  },
  {
    "review": "윌슨~~~!!! 아엠 쏘리...ㅜㅜ",
    "date": "15.07.25",
    "rating": "10",
    "author": "noo0****",
    "review_id": "10140220",
    "movie_id": "31162"
  },
  {
    "review": "영화를 좋아하는 사람이라면 꼭 한번은 봐야하는 영화!",
    "date": "15.07.25",
    "rating": "10",
    "author": "madc****",
    "review_id": "10140183",
    "movie_id": "31162"
  },
  {
    "review": "Wilson~~!!  I'm sorry Wilson~~ I'm sorry ㅜㅜ",
    "date": "15.07.25",
    "rating": "10",
    "author": "make****",
    "review_id": "10139668",
    "movie_id": "31162"
  },
  {
    "review": "정말 여운남는 영화. 죽기전에 꼭 봐야 하는 영화.",
    "date": "15.07.25",
    "rating": "10",
    "author": "alsw****",
    "review_id": "10139072",
    "movie_id": "31162"
  },
  {
    "review": "최고의 영화입니다 울었어요ㅠㅠ",
    "date": "15.07.25",
    "rating": "10",
    "author": "styo****",
    "review_id": "10139066",
    "movie_id": "31162"
  },
  {
    "review": "윌슨이 떠내려갈 때 제일 슬펐다",
    "date": "15.07.25",
    "rating": "10",
    "author": "etie****",
    "review_id": "10139052",
    "movie_id": "31162"
  },
  {
    "review": "단 한 사람만이 표현할 수 있는, 단 하나의 영화",
    "date": "15.07.25",
    "rating": "10",
    "author": "jaso****",
    "review_id": "10138972",
    "movie_id": "31162"
  },
  {
    "review": "딱 한마디만 하겠습니다.\"지구상 영화의 큰 역사를 남길 영화\"",
    "date": "15.07.25",
    "rating": "10",
    "author": "fksf****",
    "review_id": "10138927",
    "movie_id": "31162"
  },
  {
    "review": "월슨 떠내려 갈때 눈물 흘림",
    "date": "15.07.23",
    "rating": "9",
    "author": "wogm****",
    "review_id": "10134616",
    "movie_id": "31162"
  },
  {
    "review": "너무재밌다.ㅋㅋㅋㅋ",
    "date": "15.07.22",
    "rating": "10",
    "author": "sile****",
    "review_id": "10128961",
    "movie_id": "31162"
  },
  {
    "review": "톰 행크스 정말 미친 연기력 .. 저메스키 감독의 미친 연출력..한마디로 퍼팩트한  미친영화~",
    "date": "15.07.22",
    "rating": "10",
    "author": "kimm****",
    "review_id": "10127483",
    "movie_id": "31162"
  },
  {
    "review": "윌슨을 추모하며 ㅠ.ㅠ",
    "date": "15.07.20",
    "rating": "10",
    "author": "satr****",
    "review_id": "10124485",
    "movie_id": "31162"
  },
  {
    "review": "다시봐도 감동 감동 입니다",
    "date": "15.07.20",
    "rating": "10",
    "author": "daks****",
    "review_id": "10123787",
    "movie_id": "31162"
  },
  {
    "review": "어디로 가야하는가.. 최고의 영화....다만 4년만에 만난 전처의 감정표현이 좀 아쉬웠다. 나같으면 오열을 햇을 것 같은데...너무 덤덤한듯",
    "date": "15.07.17",
    "rating": "10",
    "author": "sama****",
    "review_id": "10111603",
    "movie_id": "31162"
  },
  {
    "review": "게 사냥, 치아뽑는 장면. 그리고 윌슨.",
    "date": "15.07.15",
    "rating": "10",
    "author": "lsh5****",
    "review_id": "10105918",
    "movie_id": "31162"
  },
  {
    "review": "윌슨 때문에 별+2점 더준다",
    "date": "15.07.04",
    "rating": "6",
    "author": "wasd****",
    "review_id": "10068457",
    "movie_id": "31162"
  },
  {
    "review": "좋은영화이다 평점은높다",
    "date": "15.06.27",
    "rating": "1",
    "author": "zzzo****",
    "review_id": "10043722",
    "movie_id": "31162"
  },
  {
    "review": "결말이 뭔가 애매모호하다. 열린결말.",
    "date": "15.06.24",
    "rating": "10",
    "author": "rlad****",
    "review_id": "10030891",
    "movie_id": "31162"
  },
  {
    "review": "외로움이라는 건 무인도에 있어야 느끼는 것이 아니라 사랑하는 사람이 곁에 없을 때라는 메시지가 강렬하다. 톰 행크스의 연기력도 일품.",
    "date": "15.06.24",
    "rating": "6",
    "author": "inos****",
    "review_id": "10029624",
    "movie_id": "31162"
  },
  {
    "review": "인생과 고독에 관하여.",
    "date": "15.06.24",
    "rating": "10",
    "author": "wind****",
    "review_id": "10027534",
    "movie_id": "31162"
  },
  {
    "review": "한정된 공간과 인물로 빚어낸 시원하고 처연한 여름 도자기",
    "date": "15.06.22",
    "rating": "8",
    "author": "syoc****",
    "review_id": "10021414",
    "movie_id": "31162"
  },
  {
    "review": "이 영화를 보고 \"명작\" 이라 부른다.교차로에 서 있는 나는 어디로 가야할 지 갈피를 못잡지만....",
    "date": "15.06.21",
    "rating": "10",
    "author": "wjdw****",
    "review_id": "10017938",
    "movie_id": "31162"
  },
  {
    "review": "정말 명작.... 이런영화를 왜 몰랐을까....엄청나게 빠른 전개가 조금 거슬리긴 했지만 그래도엄청난 명작!",
    "date": "15.06.20",
    "rating": "9",
    "author": "sgh0****",
    "review_id": "10015148",
    "movie_id": "31162"
  },
  {
    "review": "마지막에 척이 화면을 바라보며 끝나는 엔딩.정말 진한 여운을 남긴다.",
    "date": "15.06.20",
    "rating": "10",
    "author": "dmsd****",
    "review_id": "10015138",
    "movie_id": "31162"
  },
  {
    "review": "아..여운이 오래 남는영화 가슴이 찡하고 막 ㅠㅠ감동이야 영화는 이래야지!!",
    "date": "15.06.20",
    "rating": "10",
    "author": "hana****",
    "review_id": "10015011",
    "movie_id": "31162"
  },
  {
    "review": "아..감동 여운..이게 영화다..척!!!!",
    "date": "15.06.19",
    "rating": "10",
    "author": "ktm5****",
    "review_id": "10013452",
    "movie_id": "31162"
  },
  {
    "review": "빼빼마른 톰행크스 지금포동포동 볼살도엄꼬",
    "date": "15.06.19",
    "rating": "9",
    "author": "grtf****",
    "review_id": "10013425",
    "movie_id": "31162"
  },
  {
    "review": "울다가 평점하려고 들어왔어요 정말 좋은 영화예요!",
    "date": "15.06.19",
    "rating": "10",
    "author": "hksu****",
    "review_id": "10013292",
    "movie_id": "31162"
  },
  {
    "review": "역시 톰행크스는 내영웅이얌",
    "date": "15.06.17",
    "rating": "10",
    "author": "lns_****",
    "review_id": "10005535",
    "movie_id": "31162"
  },
  {
    "review": "마지막 택배상자의 내용물이 궁금하다.",
    "date": "15.06.08",
    "rating": "10",
    "author": "secu****",
    "review_id": "9983980",
    "movie_id": "31162"
  },
  {
    "review": "'나'라는 존재가 과연 타인없이 구성될 수 있을까?",
    "date": "15.06.05",
    "rating": "9",
    "author": "basi****",
    "review_id": "9978006",
    "movie_id": "31162"
  },
  {
    "review": "윌슨만 기억에 남는다...  윌슨!!! 아임 쏘리 윌슨 ㅠㅠ   윌슨!!!!",
    "date": "15.06.04",
    "rating": "10",
    "author": "sans****",
    "review_id": "9974849",
    "movie_id": "31162"
  },
  {
    "review": "백투더퓨처, 포레스트검프, 콘택트, 캐스트어웨이까지! 로버트 저메키스  짱인듯",
    "date": "15.06.04",
    "rating": "10",
    "author": "dday****",
    "review_id": "9974193",
    "movie_id": "31162"
  },
  {
    "review": "대자연 앞 나약한 인간을 알게해주는영화 정말 감동깊은 영화였다 말이 필요없는 영화!!",
    "date": "15.06.04",
    "rating": "10",
    "author": "yuji****",
    "review_id": "9973574",
    "movie_id": "31162"
  },
  {
    "review": "포기하지 않는 삶에 대한 열정.",
    "date": "15.06.03",
    "rating": "10",
    "author": "cant****",
    "review_id": "9972984",
    "movie_id": "31162"
  },
  {
    "review": "나쁘지 않았던 감동적인, 톰행크스의 독무대",
    "date": "15.05.22",
    "rating": "8",
    "author": "kenn****",
    "review_id": "9938808",
    "movie_id": "31162"
  },
  {
    "review": "말이 필요하냐...?",
    "date": "15.05.19",
    "rating": "10",
    "author": "ddab****",
    "review_id": "9931433",
    "movie_id": "31162"
  },
  {
    "review": "마지막  4차선 중앙에 서있는 장면이 너무 좋네요 인생은 하나의 길만 있는게  아니다라고 말해주는거 같아요",
    "date": "15.05.10",
    "rating": "10",
    "author": "7811****",
    "review_id": "9908901",
    "movie_id": "31162"
  },
  {
    "review": "페덱스라면 가능합니다",
    "date": "15.05.04",
    "rating": "9",
    "author": "airk****",
    "review_id": "9894180",
    "movie_id": "31162"
  },
  {
    "review": "돈 워리 윌슨~!!!!",
    "date": "15.04.24",
    "rating": "10",
    "author": "kimm****",
    "review_id": "9863430",
    "movie_id": "31162"
  },
  {
    "review": "정말 재밌게 봤다..ㅠㅜ",
    "date": "15.04.24",
    "rating": "10",
    "author": "sssy****",
    "review_id": "9862221",
    "movie_id": "31162"
  },
  {
    "review": "castaway... 그는 마침내 길 위에 섰다 ... 윌슨~~",
    "date": "15.04.11",
    "rating": "8",
    "author": "samg****",
    "review_id": "9840817",
    "movie_id": "31162"
  },
  {
    "review": "미안해 윌슨 미안해 윌슨",
    "date": "15.04.09",
    "rating": "10",
    "author": "akfl****",
    "review_id": "9835479",
    "movie_id": "31162"
  },
  {
    "review": "배구공 따위가 날 울리다니...",
    "date": "15.03.28",
    "rating": "10",
    "author": "jun9****",
    "review_id": "9813082",
    "movie_id": "31162"
  },
  {
    "review": "10년 후인 지금, 병만이가 자꾸 떠오른다...ㅎㅎ",
    "date": "15.03.22",
    "rating": "8",
    "author": "goll****",
    "review_id": "9799920",
    "movie_id": "31162"
  },
  {
    "review": "꼭 봐야될 영화다.. 윌슨!",
    "date": "15.03.21",
    "rating": "10",
    "author": "nagl****",
    "review_id": "9797915",
    "movie_id": "31162"
  },
  {
    "review": "아...윌슨 배구공이 생각난다.",
    "date": "15.03.21",
    "rating": "10",
    "author": "saro****",
    "review_id": "9797421",
    "movie_id": "31162"
  },
  {
    "review": "나를 막았던 파도가 내게 탈출구를 가져다 준다. 빗속의 이별은 매디슨카운티의 다리의 어느 장면과 비슷하요이다.",
    "date": "15.03.12",
    "rating": "9",
    "author": "chee****",
    "review_id": "9775672",
    "movie_id": "31162"
  },
  {
    "review": "정말 최고의 영화 캐스트 어웨이",
    "date": "15.03.12",
    "rating": "10",
    "author": "econ****",
    "review_id": "9774092",
    "movie_id": "31162"
  },
  {
    "review": "엔딩이 참 여운이 남는다..톰행크스 연기는 언제나 최고",
    "date": "15.03.04",
    "rating": "10",
    "author": "mium****",
    "review_id": "9755364",
    "movie_id": "31162"
  },
  {
    "review": "고마워요 인생의 정답을 알게되었습니다",
    "date": "15.03.03",
    "rating": "10",
    "author": "enti****",
    "review_id": "9753518",
    "movie_id": "31162"
  },
  {
    "review": "아 이 감정 뭐라고 표현 못하겠다. 어렸을 적 봤던 것과 성인이 된 후의 차이는 정말 어마어마 하다..마음이 먹먹하고 너무 감동적이다 최고다",
    "date": "15.03.02",
    "rating": "10",
    "author": "kiss****",
    "review_id": "9751726",
    "movie_id": "31162"
  },
  {
    "review": "감명깊은 영화지만, 피피엘도 심하고, 초반 지루함은 에러다",
    "date": "15.03.01",
    "rating": "8",
    "author": "west****",
    "review_id": "9749830",
    "movie_id": "31162"
  },
  {
    "review": "밑에분.. 뜯지 않은 택배상자 하나를 남겨놓았기에, 살아서 돌아가야겠다는 최소한의 의지를 갖을 수 있었던 것이 아니였을까요.",
    "date": "15.02.27",
    "rating": "10",
    "author": "skdh****",
    "review_id": "9742471",
    "movie_id": "31162"
  },
  {
    "review": "택배상자 마지막 하나 뜯지 안은이유?1번 너무 가벼워서 그닥 별거 없을거 아니깐2감독이 시켰겠지,3번 직업의식 투철 ~",
    "date": "15.02.23",
    "rating": "10",
    "author": "skyl****",
    "review_id": "9731384",
    "movie_id": "31162"
  },
  {
    "review": "로빈슨 크루소 코메디버전이 아니었습니다. 좋은 작품...오래동안 기억에 남을것 같습니다.",
    "date": "15.02.20",
    "rating": "10",
    "author": "song****",
    "review_id": "9719234",
    "movie_id": "31162"
  },
  {
    "review": "인간이 혼자가 되었을 떄.",
    "date": "15.02.18",
    "rating": "10",
    "author": "sh87****",
    "review_id": "9707998",
    "movie_id": "31162"
  },
  {
    "review": "잘 만든 143분짜리 페덱스 광고",
    "date": "15.02.17",
    "rating": "10",
    "author": "bwla****",
    "review_id": "9705644",
    "movie_id": "31162"
  },
  {
    "review": "한 인간의 위대한 생명력을 가감없이 보여주는 영화..",
    "date": "15.02.13",
    "rating": "9",
    "author": "blue****",
    "review_id": "9693414",
    "movie_id": "31162"
  },
  {
    "review": "엔딩크레딧이 올라가면서 오는 알수없는 먹먹함이 이영화의 진짜 묘미다. 인생이 담겨있는 영화이다.",
    "date": "15.02.13",
    "rating": "10",
    "author": "qudw****",
    "review_id": "9692974",
    "movie_id": "31162"
  },
  {
    "review": "\"하지만 섬에서 같이 있어줬기에 기뻐\" 아....심장이 멎는 줄 알았다.. 이 대사에...최곱니다...",
    "date": "15.02.11",
    "rating": "10",
    "author": "nota****",
    "review_id": "9687881",
    "movie_id": "31162"
  },
  {
    "review": "외로움을 견디는건 참 잔혹한 일이다.척과 윌슨을 보며 또한번 느꼇다.",
    "date": "15.02.10",
    "rating": "10",
    "author": "time****",
    "review_id": "9683877",
    "movie_id": "31162"
  },
  {
    "review": "진짜좋은영화에요ㅠㅠ",
    "date": "15.02.09",
    "rating": "10",
    "author": "joka****",
    "review_id": "9683190",
    "movie_id": "31162"
  },
  {
    "review": "가끔 생각나는 영화...! 윌스으은!!!!",
    "date": "15.02.06",
    "rating": "10",
    "author": "la14****",
    "review_id": "9672430",
    "movie_id": "31162"
  },
  {
    "review": "이런저런 영화 많이 봤는데 이 영화를 이제서야 봤다... 대놓고 노골적인 ppl이 왠지 용서되는 깊은 내용과 주제",
    "date": "15.02.05",
    "rating": "8",
    "author": "wjsr****",
    "review_id": "9669775",
    "movie_id": "31162"
  },
  {
    "review": "마지막 여자가 무인도에서도 살아나갈 길(희망)을 주고 마지막에도 길을 알려주는군..",
    "date": "15.02.04",
    "rating": "10",
    "author": "shin****",
    "review_id": "9665384",
    "movie_id": "31162"
  },
  {
    "review": "나중에 돌아와서 친구 아내 메리의 장례식에 못가서 정말 미안하다고 사과하는거 . 그전에는 1분 1초 시간에만 연연해서 진정 중요한것들을 놓치고 살았는데 고생을 한 뒤로는 시간 보다 그런 소중한 것들을 잃지 않는 것이 더 중요하다는걸 깨닫는 부분같음",
    "date": "15.02.02",
    "rating": "9",
    "author": "ekgm****",
    "review_id": "9661958",
    "movie_id": "31162"
  },
  {
    "review": "문명과 사회를 잃은 인간은 한없이 나약하지만, 또한 강인하다. 최고의 영화...",
    "date": "15.01.31",
    "rating": "10",
    "author": "msm0****",
    "review_id": "9653430",
    "movie_id": "31162"
  },
  {
    "review": "정말 이영화를 보면서 내가 척이 된 것같다. 그만큼 실감났고 몰입해서 봤다.",
    "date": "15.01.28",
    "rating": "10",
    "author": "just****",
    "review_id": "9644974",
    "movie_id": "31162"
  },
  {
    "review": "대자연 앞에선 한없이 나약한 인간.. 하지만 수많은 노력 끝에 얻어낸 극복",
    "date": "15.01.26",
    "rating": "8",
    "author": "binn****",
    "review_id": "9639605",
    "movie_id": "31162"
  },
  {
    "review": "배구공이 배우가된영화",
    "date": "15.01.25",
    "rating": "10",
    "author": "xhsp****",
    "review_id": "9636936",
    "movie_id": "31162"
  },
  {
    "review": "정말 혼자있을때의 고독과 살아남아야하는 처절함을 현실적으로 표현해서 어릴때 정신없이 몰입해 봤던기억이 나네요 명작중에 명작입니다. 맨처음 표류영화를 캐스트어웨이로 접했기에 다른 무인도 영화를 찾던중 블루라군같은 영화를 기대에 품고 봤다가 쌍욕했었죠..",
    "date": "15.01.22",
    "rating": "10",
    "author": "ghrb****",
    "review_id": "9621647",
    "movie_id": "31162"
  },
  {
    "review": "자칫지루할수있는내용을 안지루하게만들었다 근데 페덱스 ㅋㅋ계속나오네",
    "date": "15.01.21",
    "rating": "9",
    "author": "xx41****",
    "review_id": "9617085",
    "movie_id": "31162"
  },
  {
    "review": "볼 만했음 하지만 퓌향타는듯",
    "date": "15.01.20",
    "rating": "1",
    "author": "ddan****",
    "review_id": "9615425",
    "movie_id": "31162"
  },
  {
    "review": "좋은 영화 좋은 배우 ~ 톰행님 클사스",
    "date": "15.01.12",
    "rating": "10",
    "author": "khh9****",
    "review_id": "9588620",
    "movie_id": "31162"
  },
  {
    "review": "다시 찾은 일상. 하지만 그 곳엔 전혀 다른 내가 서 있다. 자, 이제부터 어디로 어떻게 나아가야 할까.",
    "date": "15.01.11",
    "rating": "10",
    "author": "hots****",
    "review_id": "9583290",
    "movie_id": "31162"
  },
  {
    "review": "정말 재미있는 영화입니다.",
    "date": "15.01.08",
    "rating": "10",
    "author": "ljhl****",
    "review_id": "9573266",
    "movie_id": "31162"
  },
  {
    "review": "꼬라기 非추천 영화.... the 22th, 23th .... http://blog.naver.com/oroblast/220232240012",
    "date": "15.01.07",
    "rating": "9",
    "author": "orob****",
    "review_id": "9570138",
    "movie_id": "31162"
  },
  {
    "review": "배우가 정말 대단하다고 느껴졌습니다!",
    "date": "15.01.04",
    "rating": "10",
    "author": "shki****",
    "review_id": "9559111",
    "movie_id": "31162"
  },
  {
    "review": "다른 표류 영화들은 무인도를 탈출하면 영화가 끝난다. 하지만 이 작품은 무인도를 탈출하려고 할 때부터 비로소 시작된다.",
    "date": "15.01.01",
    "rating": "10",
    "author": "ajtw****",
    "review_id": "9548771",
    "movie_id": "31162"
  },
  {
    "review": "무인도 탈출에 성공했을 때부터 인생이라는 진짜 드라마가 시작된다",
    "date": "14.12.31",
    "rating": "8",
    "author": "sipj****",
    "review_id": "9541708",
    "movie_id": "31162"
  },
  {
    "review": "삶의 희망을 모두다 잃어버린남자..",
    "date": "14.12.31",
    "rating": "10",
    "author": "0119****",
    "review_id": "9540335",
    "movie_id": "31162"
  }
]