[
  {
    "review": "이 영화 옛날에 완전 감명깊게 봤었는데ㅋㅋ",
    "date": "13.03.10",
    "rating": "10",
    "author": "gusw****",
    "review_id": "7338234",
    "movie_id": "31160"
  },
  {
    "review": "좋아요~~",
    "date": "12.02.20",
    "rating": "9",
    "author": "ggsn****",
    "review_id": "6091149",
    "movie_id": "31160"
  },
  {
    "review": "이영화 어디서 볼수잇죠 제발알려주세여",
    "date": "10.10.25",
    "rating": "10",
    "author": "dpdn****",
    "review_id": "4921540",
    "movie_id": "31160"
  },
  {
    "review": "귀여워 ㅋㅋㅋ",
    "date": "10.08.13",
    "rating": "10",
    "author": "syj7****",
    "review_id": "4743790",
    "movie_id": "31160"
  },
  {
    "review": "정말잼있는영화같아요",
    "date": "10.05.23",
    "rating": "10",
    "author": "thck****",
    "review_id": "4519453",
    "movie_id": "31160"
  },
  {
    "review": "가족 영화의 기본 공식을 잘 따르고 있는 귀여운 영화",
    "date": "10.02.28",
    "rating": "7",
    "author": "stit****",
    "review_id": "4323630",
    "movie_id": "31160"
  },
  {
    "review": "이거 디비디 사고싶을정도로 겁나게 재밌음!!!",
    "date": "09.01.17",
    "rating": "10",
    "author": "uopt****",
    "review_id": "3226760",
    "movie_id": "31160"
  },
  {
    "review": "집에서심심해서TV돌리다가CGV에서이거하길래봤는데진짜재밌었다.다시보고싶다.",
    "date": "07.12.13",
    "rating": "10",
    "author": "koko****",
    "review_id": "2228954",
    "movie_id": "31160"
  },
  {
    "review": "루돌푸~!!!! 넘~~~~~~~~잘생겼고~!!!!!!처음 본순간 또 보고 싶다!!!",
    "date": "07.12.09",
    "rating": "10",
    "author": "koos****",
    "review_id": "2218373",
    "movie_id": "31160"
  },
  {
    "review": "10점 ㅠ!",
    "date": "07.12.08",
    "rating": "10",
    "author": "wldm****",
    "review_id": "2215071",
    "movie_id": "31160"
  },
  {
    "review": "안톤 안나 루디거 원작에선.",
    "date": "07.06.27",
    "rating": "10",
    "author": "saku****",
    "review_id": "1723846",
    "movie_id": "31160"
  },
  {
    "review": "너무 재미있어요.",
    "date": "07.06.17",
    "rating": "10",
    "author": "wong****",
    "review_id": "1705469",
    "movie_id": "31160"
  },
  {
    "review": "루돌푸 넘넘 미남이고 귀여버! 한번 만나보구싶당!",
    "date": "07.03.11",
    "rating": "10",
    "author": "uli9****",
    "review_id": "1528936",
    "movie_id": "31160"
  },
  {
    "review": "루돌프 넘 미남이야~넘 잘생겼지. 안나가 나니아의 수잔인게 더 놀라워!",
    "date": "07.02.17",
    "rating": "10",
    "author": "gabr****",
    "review_id": "1480120",
    "movie_id": "31160"
  },
  {
    "review": "정말 귀엽고 재밌네요 특히 토니하고 루돌프 짱귀엽다>ㅁ신고",
    "date": "07.02.15",
    "rating": "10",
    "author": "lov1****",
    "review_id": "1473755",
    "movie_id": "31160"
  },
  {
    "review": "채널 CGV 고마워. 재밌었어^^",
    "date": "07.02.10",
    "rating": "9",
    "author": "crea****",
    "review_id": "1459083",
    "movie_id": "31160"
  },
  {
    "review": "1점 준 사람에게 뱀파이어가 간다.-_- 롤링윅스였나? 멋있음;;",
    "date": "07.02.09",
    "rating": "10",
    "author": "xoqo****",
    "review_id": "1456741",
    "movie_id": "31160"
  },
  {
    "review": "재밋더라구요ㅋㅋㅋ뱀파이어였을때랑인간이었을때랑넘틀려ㅋ",
    "date": "07.02.04",
    "rating": "10",
    "author": "zofl****",
    "review_id": "1444020",
    "movie_id": "31160"
  },
  {
    "review": "재밌다 ;ㅁ;",
    "date": "07.02.04",
    "rating": "10",
    "author": "is20****",
    "review_id": "1442549",
    "movie_id": "31160"
  },
  {
    "review": "이거 진짜잼떤데;. 웬지 나에게도 뱀파이어가..?",
    "date": "07.01.03",
    "rating": "10",
    "author": "z100****",
    "review_id": "1354236",
    "movie_id": "31160"
  },
  {
    "review": "재밌어요~ 유치? 야 너네가 이런거 만들어봐라",
    "date": "07.01.03",
    "rating": "10",
    "author": "dnjs****",
    "review_id": "1353899",
    "movie_id": "31160"
  },
  {
    "review": "정말 재밌었고 관명깊었다.. > . 신고",
    "date": "07.01.03",
    "rating": "10",
    "author": "dmsd****",
    "review_id": "1353386",
    "movie_id": "31160"
  },
  {
    "review": "나홀로 집에3 보다 훨씬 재밌다 -_-;;",
    "date": "07.01.03",
    "rating": "10",
    "author": "jell****",
    "review_id": "1353321",
    "movie_id": "31160"
  },
  {
    "review": "너무 재미있어요!! 2편도 나왔으면합니다....",
    "date": "07.01.03",
    "rating": "10",
    "author": "cnag****",
    "review_id": "1353275",
    "movie_id": "31160"
  },
  {
    "review": "가족용영화라는데서 높은평점,부담감없이 재밌게봤다",
    "date": "07.01.03",
    "rating": "10",
    "author": "dkzm****",
    "review_id": "1353253",
    "movie_id": "31160"
  },
  {
    "review": "너무나도 감동적인영화",
    "date": "06.12.29",
    "rating": "10",
    "author": "eeee****",
    "review_id": "1339022",
    "movie_id": "31160"
  },
  {
    "review": "짱",
    "date": "06.12.29",
    "rating": "10",
    "author": "ez2d****",
    "review_id": "1338984",
    "movie_id": "31160"
  },
  {
    "review": "xtm에서 오늘 재미있게봤습니다^^",
    "date": "06.12.29",
    "rating": "10",
    "author": "kims****",
    "review_id": "1338979",
    "movie_id": "31160"
  },
  {
    "review": "토니랑 루돌프 넘 귀여움~ >ㅁ신고",
    "date": "06.12.29",
    "rating": "10",
    "author": "kare****",
    "review_id": "1338976",
    "movie_id": "31160"
  },
  {
    "review": "너무 재밌어요~^^",
    "date": "06.12.09",
    "rating": "10",
    "author": "rhdw****",
    "review_id": "1277780",
    "movie_id": "31160"
  },
  {
    "review": "넘 재미있어요~~ㅠ.ㅜ",
    "date": "06.12.03",
    "rating": "10",
    "author": "wads****",
    "review_id": "1265378",
    "movie_id": "31160"
  },
  {
    "review": "연기는 빛났으나 원작의 설정을 잘 살리지 못한 부분이 아쉽다.",
    "date": "06.07.19",
    "rating": "8",
    "author": "chuc****",
    "review_id": "907296",
    "movie_id": "31160"
  },
  {
    "review": "가족용 영화라는 점을 상기하고 보면 재미있음.",
    "date": "06.07.17",
    "rating": "8",
    "author": "join****",
    "review_id": "901019",
    "movie_id": "31160"
  },
  {
    "review": "롤로 윅스에 대한 정보가 하나도 없네..ㅡㅡ 흉ㅜㅡ",
    "date": "06.07.17",
    "rating": "10",
    "author": "flrt****",
    "review_id": "900949",
    "movie_id": "31160"
  },
  {
    "review": "굿!~~ ㅋㅋㅋ",
    "date": "06.07.17",
    "rating": "10",
    "author": "anny****",
    "review_id": "899784",
    "movie_id": "31160"
  },
  {
    "review": "진짜 재밌어요 !!~~ ㅋㅋㅋ",
    "date": "06.07.17",
    "rating": "10",
    "author": "xlzl****",
    "review_id": "899781",
    "movie_id": "31160"
  },
  {
    "review": "주인공도귀엽구 너무 재밌었어요^^",
    "date": "06.07.17",
    "rating": "10",
    "author": "lees****",
    "review_id": "899371",
    "movie_id": "31160"
  },
  {
    "review": "스토리도 단단하고 볼만 하네요 계속 1점 주신분 대단합니다 ㅎ",
    "date": "06.07.17",
    "rating": "10",
    "author": "nogu****",
    "review_id": "898990",
    "movie_id": "31160"
  },
  {
    "review": "스릴도있고재미도있고 좋던걸요 조나단 립니키 너무 귀여워>신고",
    "date": "06.07.17",
    "rating": "10",
    "author": "0_0l****",
    "review_id": "898973",
    "movie_id": "31160"
  },
  {
    "review": "보시기전에 가족용영화라는걸 잊지맙시다",
    "date": "06.07.16",
    "rating": "5",
    "author": "maxf****",
    "review_id": "896689",
    "movie_id": "31160"
  },
  {
    "review": "왜 이게 초딩 영화야_-; 재미있기만 하구만!",
    "date": "06.07.15",
    "rating": "10",
    "author": "miri****",
    "review_id": "892002",
    "movie_id": "31160"
  },
  {
    "review": "초딩영화 보고 유치한단 말을 하는게 유치해 보이네요;;",
    "date": "05.12.28",
    "rating": "9",
    "author": "powe****",
    "review_id": "533942",
    "movie_id": "31160"
  },
  {
    "review": ".........허허",
    "date": "05.10.08",
    "rating": "1",
    "author": "srcg****",
    "review_id": "436859",
    "movie_id": "31160"
  },
  {
    "review": "-_- 이런영화가 존재하는게 신기.",
    "date": "05.09.25",
    "rating": "1",
    "author": "hwoo****",
    "review_id": "422045",
    "movie_id": "31160"
  },
  {
    "review": "유치의 극치.",
    "date": "05.09.25",
    "rating": "1",
    "author": "kpax****",
    "review_id": "422044",
    "movie_id": "31160"
  },
  {
    "review": "이게 재밌다니...밑에분들 수준이 이해가감..",
    "date": "05.09.25",
    "rating": "1",
    "author": "cjsa****",
    "review_id": "422042",
    "movie_id": "31160"
  },
  {
    "review": "이게 재밌습니까??개인적으로 쓰레기",
    "date": "05.09.25",
    "rating": "1",
    "author": "cjsa****",
    "review_id": "422040",
    "movie_id": "31160"
  },
  {
    "review": "이딴 초딩영화가 뭐가 재밌다는건지..???????",
    "date": "05.09.25",
    "rating": "1",
    "author": "cjst****",
    "review_id": "422038",
    "movie_id": "31160"
  },
  {
    "review": "굉장히 재미있게 봤어요 >0",
    "date": "05.08.30",
    "rating": "10",
    "author": "dlac****",
    "review_id": "388627",
    "movie_id": "31160"
  },
  {
    "review": "재미있네요.",
    "date": "05.08.27",
    "rating": "10",
    "author": "choi****",
    "review_id": "385884",
    "movie_id": "31160"
  },
  {
    "review": "꽤나 재밌게 봤어요ㅋ",
    "date": "05.08.23",
    "rating": "10",
    "author": "para****",
    "review_id": "380693",
    "movie_id": "31160"
  },
  {
    "review": "좀 유치하지만 재밌어요 ^ ^",
    "date": "05.05.25",
    "rating": "10",
    "author": "fjqm****",
    "review_id": "286002",
    "movie_id": "31160"
  }
]