[
  {
    "review": "어릴때 본 영화중에서 가장 잔상이 많이 남았고 아직까지 최고로 기억될 애니메이션영화.",
    "date": "15.07.20",
    "rating": "10",
    "author": "cfgt****",
    "review_id": "10122131",
    "movie_id": "31170"
  },
  {
    "review": "어릴때 도서관에서 맨날 빌려 봤어요. 보고보고 또봐도 재밌었어요 ^^",
    "date": "15.05.10",
    "rating": "10",
    "author": "mari****",
    "review_id": "9909591",
    "movie_id": "31170"
  },
  {
    "review": "13년만에 봐도 나를 울게 만들다니.. ㅠㅠ",
    "date": "15.03.02",
    "rating": "10",
    "author": "neon****",
    "review_id": "9751818",
    "movie_id": "31170"
  },
  {
    "review": "진짜 재밌게 봤던건데 오랜만에 다시한번봐도 멋잇다",
    "date": "15.02.22",
    "rating": "10",
    "author": "jins****",
    "review_id": "9727048",
    "movie_id": "31170"
  },
  {
    "review": "이거 진짜 강추!!!!안 본사람들은 꼭 보셈",
    "date": "14.10.01",
    "rating": "10",
    "author": "remi****",
    "review_id": "9252537",
    "movie_id": "31170"
  },
  {
    "review": "어릴적부터봐왔지만 아직도 계속해서 생각나는영화",
    "date": "14.09.30",
    "rating": "10",
    "author": "hi20****",
    "review_id": "9249910",
    "movie_id": "31170"
  },
  {
    "review": "유치원다닐때본거개추억ㄷㄷ",
    "date": "14.08.30",
    "rating": "10",
    "author": "dhgh****",
    "review_id": "9147140",
    "movie_id": "31170"
  },
  {
    "review": "이거 볼때 진짜 아름답다고 생각했어요.하나하나 세심하게 그리면서 다 색칠한다음 다시 수정하고 다시그려서 겨우 다 끝낸 사람이 참 존경스러워요.정말 아름답고,예쁘고,멋지고 한마디로 트레비앙!!!",
    "date": "14.08.27",
    "rating": "10",
    "author": "spa1****",
    "review_id": "9137133",
    "movie_id": "31170"
  },
  {
    "review": "색채 완전 이쁘다 이건 뭐 거의예술",
    "date": "14.08.25",
    "rating": "10",
    "author": "swan****",
    "review_id": "9131666",
    "movie_id": "31170"
  },
  {
    "review": "이걸 정말 몇번째 보는건지 진짜 이쁘고 재밌어요",
    "date": "14.08.23",
    "rating": "10",
    "author": "syj0****",
    "review_id": "9125350",
    "movie_id": "31170"
  },
  {
    "review": "별점 너무 높다. 낮추자.",
    "date": "14.08.17",
    "rating": "1",
    "author": "quee****",
    "review_id": "9101878",
    "movie_id": "31170"
  },
  {
    "review": "그림자와 상상력을 더하면",
    "date": "14.06.22",
    "rating": "6",
    "author": "setm****",
    "review_id": "8846532",
    "movie_id": "31170"
  },
  {
    "review": "이건 그냥 최고!bbbb",
    "date": "14.06.19",
    "rating": "10",
    "author": "wldn****",
    "review_id": "8839756",
    "movie_id": "31170"
  },
  {
    "review": "꼭 어렸을 때 보았으면 좋겠다",
    "date": "14.06.02",
    "rating": "10",
    "author": "chul****",
    "review_id": "8786360",
    "movie_id": "31170"
  },
  {
    "review": "동화로서는 기발하긴 하다",
    "date": "14.05.23",
    "rating": "7",
    "author": "ykdi****",
    "review_id": "8758508",
    "movie_id": "31170"
  },
  {
    "review": "깨달음을 주는 영화이고 배경이 너무 아름다웠다.",
    "date": "14.04.19",
    "rating": "10",
    "author": "daum****",
    "review_id": "8659664",
    "movie_id": "31170"
  },
  {
    "review": "흔하지 않은 예술적인 애니메이션",
    "date": "14.04.04",
    "rating": "10",
    "author": "kkh2****",
    "review_id": "8628538",
    "movie_id": "31170"
  },
  {
    "review": "어릴 적에 이거 잼있어서 계속 봤습니다.",
    "date": "14.02.13",
    "rating": "10",
    "author": "yoon****",
    "review_id": "8504099",
    "movie_id": "31170"
  },
  {
    "review": "내 인생의 애니메이션 중 하나",
    "date": "14.02.03",
    "rating": "10",
    "author": "appl****",
    "review_id": "8470528",
    "movie_id": "31170"
  },
  {
    "review": "세상에서 가장 기발한 애니메이션...어린 시절 나의 눈을 홀려놓았죠",
    "date": "14.02.02",
    "rating": "8",
    "author": "sjzm****",
    "review_id": "8465782",
    "movie_id": "31170"
  },
  {
    "review": "한국어 더빙이라 좀 아쉽지만, 좋아요",
    "date": "13.08.07",
    "rating": "10",
    "author": "omom****",
    "review_id": "7854193",
    "movie_id": "31170"
  },
  {
    "review": "우리이야기",
    "date": "13.07.31",
    "rating": "6",
    "author": "airy****",
    "review_id": "7801872",
    "movie_id": "31170"
  },
  {
    "review": "아름다운 그림자 영화",
    "date": "13.07.28",
    "rating": "10",
    "author": "mine****",
    "review_id": "7793490",
    "movie_id": "31170"
  },
  {
    "review": "1점주는놈들 너무완벽해서 할말없으니까 ㅇㅇ 거리는거보소",
    "date": "13.07.03",
    "rating": "10",
    "author": "hyun****",
    "review_id": "7700455",
    "movie_id": "31170"
  },
  {
    "review": "진짜 어렸을때 상상의 나래를 펼쳐준 영화",
    "date": "13.05.17",
    "rating": "10",
    "author": "diak****",
    "review_id": "7533603",
    "movie_id": "31170"
  },
  {
    "review": "초등학생때봤던건데..추억이네요",
    "date": "13.04.02",
    "rating": "10",
    "author": "didd****",
    "review_id": "7431300",
    "movie_id": "31170"
  },
  {
    "review": "아... 어릴적 추억의 향수에 푹 빠져 봤습니다...",
    "date": "13.03.12",
    "rating": "10",
    "author": "kk_0****",
    "review_id": "7342498",
    "movie_id": "31170"
  },
  {
    "review": "정말 컨셉도 독특하고 아직도 잊지 못해요~비디오로 몇번이나 봤는지..또 보고싶네요~",
    "date": "13.02.27",
    "rating": "10",
    "author": "wjdd****",
    "review_id": "7307122",
    "movie_id": "31170"
  },
  {
    "review": "GOOD",
    "date": "13.02.25",
    "rating": "10",
    "author": "dmsd****",
    "review_id": "7302279",
    "movie_id": "31170"
  },
  {
    "review": "정말 애기였을때 보고 단한번도 잊지 못했던 영화이제서야 찾았네요 ^^ 내 인생의 최고의 영화",
    "date": "13.02.24",
    "rating": "10",
    "author": "jas9****",
    "review_id": "7297061",
    "movie_id": "31170"
  },
  {
    "review": "너무 잼있어요^^과학시간에 봤는데..ㅋㅋ굿뜨!",
    "date": "13.02.08",
    "rating": "10",
    "author": "qkr8****",
    "review_id": "7236939",
    "movie_id": "31170"
  },
  {
    "review": "계속봐도 아름다운 작품",
    "date": "13.01.31",
    "rating": "10",
    "author": "poxx****",
    "review_id": "7205373",
    "movie_id": "31170"
  },
  {
    "review": "그냥 굿이라는 말만 나옵니다 재밌어요",
    "date": "13.01.24",
    "rating": "10",
    "author": "vhdv****",
    "review_id": "7166275",
    "movie_id": "31170"
  },
  {
    "review": "어렸을때 선생님이 보여주신후 다시 보고 싶어 했던 작품인데 이제야 제목을 알았네요 정말 환상적인 작품",
    "date": "13.01.23",
    "rating": "10",
    "author": "elwl****",
    "review_id": "7159463",
    "movie_id": "31170"
  },
  {
    "review": "best of best 얼른 종합랭킹 1위로 보내자",
    "date": "13.01.17",
    "rating": "10",
    "author": "ulim****",
    "review_id": "7125578",
    "movie_id": "31170"
  },
  {
    "review": "미술가를꿈꾸게해준영화인것같다고느겼다",
    "date": "13.01.15",
    "rating": "10",
    "author": "pupp****",
    "review_id": "7119264",
    "movie_id": "31170"
  },
  {
    "review": "최고",
    "date": "13.01.14",
    "rating": "10",
    "author": "1h9h****",
    "review_id": "7115859",
    "movie_id": "31170"
  },
  {
    "review": "음",
    "date": "12.12.29",
    "rating": "1",
    "author": "dmsg****",
    "review_id": "7060870",
    "movie_id": "31170"
  },
  {
    "review": "dd",
    "date": "12.12.20",
    "rating": "1",
    "author": "sky_****",
    "review_id": "7024331",
    "movie_id": "31170"
  },
  {
    "review": "정말 아름답게 살아 움직이는 실루엣을 보면서, 섬세한 장인들이 초대하는 환상 속으로 빠지지 않을 사람은 없을 것이다. 이에다 보석 같은 우화들은 덤으로 관객을 행복하게 만들어준다.",
    "date": "12.12.19",
    "rating": "9",
    "author": "cksn****",
    "review_id": "7017038",
    "movie_id": "31170"
  },
  {
    "review": "러닝타임 내내 꿈을 꾼듯한 영화..소장가치10000000프로",
    "date": "12.12.15",
    "rating": "10",
    "author": "nawh****",
    "review_id": "7006468",
    "movie_id": "31170"
  },
  {
    "review": "여섯가지 맛을 지닌 신비롭고 환상적인 실루엣 애니메이션. 좋으다~",
    "date": "12.12.06",
    "rating": "10",
    "author": "heod****",
    "review_id": "6976793",
    "movie_id": "31170"
  },
  {
    "review": "스토리는 밤의 이야기보다 조금은 더 좋다 비쥬얼은밤의 이야기 승",
    "date": "12.12.05",
    "rating": "9",
    "author": "figh****",
    "review_id": "6974598",
    "movie_id": "31170"
  },
  {
    "review": "환상적인 실루엣 애니메이션! 언제보아도 가슴이 뜁니다",
    "date": "12.11.30",
    "rating": "10",
    "author": "skad****",
    "review_id": "6947813",
    "movie_id": "31170"
  },
  {
    "review": "영상미도 좋고 환상적이에요 동화보는느낌",
    "date": "12.11.30",
    "rating": "10",
    "author": "aman****",
    "review_id": "6944866",
    "movie_id": "31170"
  },
  {
    "review": "할머니의 외투 이야기랑 마지막 이야기는 아쉬웠지만 다른 이야기들은 모두 재미있었어요. 무엇보다 연출이 좋았다고 생각합니다.",
    "date": "12.11.26",
    "rating": "8",
    "author": "anne****",
    "review_id": "6927505",
    "movie_id": "31170"
  },
  {
    "review": "감동의 극치! 한 편의 아름다운 동화 모음집...이번 밤의 이야기도 기대가 되요",
    "date": "12.11.17",
    "rating": "10",
    "author": "phab****",
    "review_id": "6896697",
    "movie_id": "31170"
  },
  {
    "review": "언제 봐도 아름답고 가슴뛰는 이야기",
    "date": "12.11.10",
    "rating": "10",
    "author": "blue****",
    "review_id": "6873575",
    "movie_id": "31170"
  },
  {
    "review": "순수하고 귀여운 이야기들.",
    "date": "12.10.14",
    "rating": "10",
    "author": "dico****",
    "review_id": "6799482",
    "movie_id": "31170"
  },
  {
    "review": "이 영화는 어린 아이들 뿐만 아니라 어른들에게도 감동을 줄 수 있다고 생각합니다. 여섯개의 이야기가 진행되면서 흥미가 더해지는 느낌을 받았습니다. 여왕과조련사 이야기에 마음이 따뜻해졌습니다 꼭 보세요!",
    "date": "12.10.12",
    "rating": "10",
    "author": "ichi****",
    "review_id": "6789720",
    "movie_id": "31170"
  },
  {
    "review": "평은 최대 한글 140자까지 가능합니다.",
    "date": "12.09.14",
    "rating": "10",
    "author": "daiw****",
    "review_id": "6697034",
    "movie_id": "31170"
  },
  {
    "review": "거짓말안치고 10년동안 100번은 본듯 . 마음이 적적할때면 찾게되는영화 이런영화를 만들어주셔서 감사합니다",
    "date": "12.07.28",
    "rating": "10",
    "author": "gusu****",
    "review_id": "6547704",
    "movie_id": "31170"
  },
  {
    "review": "완전 잼있음. 한번 봐보삼 >ㅁ< 한마디로 Good!",
    "date": "12.07.16",
    "rating": "10",
    "author": "do35****",
    "review_id": "6485713",
    "movie_id": "31170"
  },
  {
    "review": "와우 대박 안보면 후회함",
    "date": "12.07.02",
    "rating": "10",
    "author": "mins****",
    "review_id": "6439976",
    "movie_id": "31170"
  },
  {
    "review": "상영시간이 짧아서 안 볼라고 했는데 와우 굿!",
    "date": "12.06.27",
    "rating": "10",
    "author": "kms8****",
    "review_id": "6420050",
    "movie_id": "31170"
  },
  {
    "review": "10점 줘도 아깝지 않은 그런 애니 안본사람은 후회할듯",
    "date": "12.03.29",
    "rating": "10",
    "author": "choi****",
    "review_id": "6177700",
    "movie_id": "31170"
  },
  {
    "review": "6년전에본건데아직내용다기억하고있음.꼭다시보고싶었는데..",
    "date": "12.03.24",
    "rating": "10",
    "author": "leej****",
    "review_id": "6163931",
    "movie_id": "31170"
  },
  {
    "review": "그냥 아름답고 신비함 그 자체인 애니메이션.",
    "date": "12.03.08",
    "rating": "10",
    "author": "jhti****",
    "review_id": "6129773",
    "movie_id": "31170"
  },
  {
    "review": "아... 진짜 재미있어요!!! 내가 유일하게 본 프랑스 애니",
    "date": "12.02.23",
    "rating": "10",
    "author": "buyo****",
    "review_id": "6099086",
    "movie_id": "31170"
  },
  {
    "review": "9살때 봤는데 10년이 지난 지금까지 기억하고 있는 애니메이션입니다. ^_^",
    "date": "12.02.21",
    "rating": "10",
    "author": "ahaa****",
    "review_id": "6092403",
    "movie_id": "31170"
  },
  {
    "review": "더빙도 좋고, 프랑스 원본도 좋고 재밌는 이야기들",
    "date": "12.02.02",
    "rating": "10",
    "author": "fren****",
    "review_id": "6045013",
    "movie_id": "31170"
  },
  {
    "review": "제가 다섯살때, 이 애니 봤네요^^ 요즈음에는 유투브로 봐요^^",
    "date": "11.12.30",
    "rating": "10",
    "author": "rkda****",
    "review_id": "5948276",
    "movie_id": "31170"
  },
  {
    "review": "이거 초등 1학년때 봤었는데 지금인 초등 6학년때까지 이 영화가 계속 떠오르네요.",
    "date": "11.10.03",
    "rating": "10",
    "author": "kwat****",
    "review_id": "5769787",
    "movie_id": "31170"
  },
  {
    "review": "그림과 내용, 둘 다 아름답네요....",
    "date": "11.10.03",
    "rating": "10",
    "author": "ysle****",
    "review_id": "5769128",
    "movie_id": "31170"
  },
  {
    "review": "어릴때 봤던 아름다운기억때문에 꼭 다시한번찾게된다는ㅠ",
    "date": "11.10.03",
    "rating": "10",
    "author": "yuna****",
    "review_id": "5768176",
    "movie_id": "31170"
  },
  {
    "review": "어렸을때보고 몇년이 지난후에 봐도 손색이없는.. 진짜재밌는 애니메이션영화",
    "date": "11.09.09",
    "rating": "10",
    "author": "youn****",
    "review_id": "5717909",
    "movie_id": "31170"
  },
  {
    "review": "이 작품만의 특유의 분위기와 그런 느낌들이 자꾸만 생각나게 한다.",
    "date": "11.09.04",
    "rating": "10",
    "author": "hyes****",
    "review_id": "5706892",
    "movie_id": "31170"
  },
  {
    "review": "진짜 예쁜 애니메이션~~~~~",
    "date": "11.08.15",
    "rating": "10",
    "author": "sang****",
    "review_id": "5652359",
    "movie_id": "31170"
  },
  {
    "review": "6살때처음봣는데 ,,지금은벌써 17",
    "date": "11.08.11",
    "rating": "10",
    "author": "band****",
    "review_id": "5637849",
    "movie_id": "31170"
  },
  {
    "review": "향수가 가득한",
    "date": "11.08.03",
    "rating": "9",
    "author": "qkqk****",
    "review_id": "5595446",
    "movie_id": "31170"
  },
  {
    "review": "어릴때 나오자마자 비디오로 나와서 바로 봤었는데.. 지금봐도 다시 감동이네요",
    "date": "11.07.23",
    "rating": "9",
    "author": "love****",
    "review_id": "5562663",
    "movie_id": "31170"
  },
  {
    "review": "탈무드 같은 스토리에 임팩트 강한 연출.. 진짜 수작이다.",
    "date": "11.06.30",
    "rating": "10",
    "author": "hijo****",
    "review_id": "5508482",
    "movie_id": "31170"
  },
  {
    "review": "재미 있게 잘 봤습니다.",
    "date": "11.06.21",
    "rating": "10",
    "author": "kha6****",
    "review_id": "5492344",
    "movie_id": "31170"
  },
  {
    "review": "아~정말 오랜만에 순수하게 웃어봤다!",
    "date": "11.06.20",
    "rating": "8",
    "author": "drae****",
    "review_id": "5490781",
    "movie_id": "31170"
  },
  {
    "review": "어떻게 이토록 순수한 선택을 할 수 있을까?",
    "date": "11.06.09",
    "rating": "10",
    "author": "zhen****",
    "review_id": "5473121",
    "movie_id": "31170"
  },
  {
    "review": "실루엣 애니메이션의 매력",
    "date": "11.06.03",
    "rating": "6",
    "author": "kim9****",
    "review_id": "5461812",
    "movie_id": "31170"
  },
  {
    "review": "짧지만 강한 여운을 주는 어른들을 위한 동화. 단, 조금 피곤할 땐 잠깐 미뤘다 보자!",
    "date": "11.05.11",
    "rating": "9",
    "author": "hs00****",
    "review_id": "5422126",
    "movie_id": "31170"
  },
  {
    "review": "정말 멋진 영화! 소개해주고 싶은 영화!!!! 잘봤습니다",
    "date": "11.04.17",
    "rating": "10",
    "author": "tkff****",
    "review_id": "5379128",
    "movie_id": "31170"
  },
  {
    "review": "\"다시키스해서 더 이상한걸로 변하면 어쩌죠??!\"",
    "date": "11.04.16",
    "rating": "10",
    "author": "tori****",
    "review_id": "5377193",
    "movie_id": "31170"
  },
  {
    "review": "완벽하네요 이런 주옥같은 영화를 이제서야 알았다니.......",
    "date": "11.03.06",
    "rating": "9",
    "author": "wl16****",
    "review_id": "5296474",
    "movie_id": "31170"
  },
  {
    "review": "완전 맘에들어용~이런영화가 있었는지 몰랐는데 신기하고 좋네염ㅋㅋ",
    "date": "11.02.12",
    "rating": "10",
    "author": "bigb****",
    "review_id": "5237703",
    "movie_id": "31170"
  },
  {
    "review": "굿굿 이야기가 끝나는게 아쉬울 정도네요 시간가는줄 몰랐어요",
    "date": "11.02.06",
    "rating": "10",
    "author": "dlqh****",
    "review_id": "5220459",
    "movie_id": "31170"
  },
  {
    "review": "대박 완전 재밌어요",
    "date": "11.02.01",
    "rating": "10",
    "author": "ss12****",
    "review_id": "5203516",
    "movie_id": "31170"
  },
  {
    "review": "잘만들었어요.",
    "date": "11.01.31",
    "rating": "10",
    "author": "winw****",
    "review_id": "5201064",
    "movie_id": "31170"
  },
  {
    "review": "3번을 봐도 질리지않는 10점짜리 애니",
    "date": "11.01.24",
    "rating": "10",
    "author": "morp****",
    "review_id": "5180027",
    "movie_id": "31170"
  },
  {
    "review": "어릴때부터 계속보던애니...정말최고ㅠㅠㅠ",
    "date": "11.01.24",
    "rating": "10",
    "author": "whoi****",
    "review_id": "5179521",
    "movie_id": "31170"
  },
  {
    "review": "완전 짱",
    "date": "11.01.22",
    "rating": "10",
    "author": "asy_****",
    "review_id": "5176241",
    "movie_id": "31170"
  },
  {
    "review": "잘 만들었는데? 재밌음",
    "date": "11.01.19",
    "rating": "10",
    "author": "lkjh****",
    "review_id": "5169195",
    "movie_id": "31170"
  },
  {
    "review": "볼만합니다.",
    "date": "11.01.15",
    "rating": "10",
    "author": "un35****",
    "review_id": "5158276",
    "movie_id": "31170"
  },
  {
    "review": "아주아주아주x1000000000000000아름답고 신비롭고 재미있고 푹 빠져들것같은 느낌!",
    "date": "10.12.16",
    "rating": "10",
    "author": "oohh****",
    "review_id": "5058400",
    "movie_id": "31170"
  },
  {
    "review": "오늘 처음봤는데 진짜 재밌어요. 푹 빠져들 영화! 못보신 분도 보셨던 분도 꼭 추천!",
    "date": "10.12.03",
    "rating": "10",
    "author": "jihy****",
    "review_id": "5019353",
    "movie_id": "31170"
  },
  {
    "review": "ㅇ",
    "date": "10.12.02",
    "rating": "10",
    "author": "wltj****",
    "review_id": "5015935",
    "movie_id": "31170"
  },
  {
    "review": "아름답다! 신선하다! 독특하다! 창의적이다! 기발한 상상력과 표현력으로 빚어낸 명작",
    "date": "10.11.24",
    "rating": "9",
    "author": "mk28****",
    "review_id": "4986356",
    "movie_id": "31170"
  },
  {
    "review": "봐도 봐도 절대 질리지 않는 명품 애니메이션.",
    "date": "10.11.22",
    "rating": "10",
    "author": "iq40****",
    "review_id": "4979976",
    "movie_id": "31170"
  },
  {
    "review": "정말 아름다운 영화.그리고 깨닫게 해주는 영화.너무 좋은 영화입니다.",
    "date": "10.10.08",
    "rating": "10",
    "author": "sch8****",
    "review_id": "4891661",
    "movie_id": "31170"
  },
  {
    "review": "아기자기 정말 예쁜 영화",
    "date": "10.09.08",
    "rating": "10",
    "author": "123r****",
    "review_id": "4824315",
    "movie_id": "31170"
  },
  {
    "review": "교훈과 감동과 로맨스와 반전이 있다!",
    "date": "10.09.04",
    "rating": "10",
    "author": "char****",
    "review_id": "4815594",
    "movie_id": "31170"
  },
  {
    "review": "이거 프랑스유학할때 한번 보고 한국와서 바로 미친듯이 주문햇다는ㅋㅋㅋ",
    "date": "10.07.24",
    "rating": "10",
    "author": "lemo****",
    "review_id": "4667122",
    "movie_id": "31170"
  },
  {
    "review": "ㅎㅎ감동적이에염!!",
    "date": "10.06.28",
    "rating": "10",
    "author": "chay****",
    "review_id": "4597939",
    "movie_id": "31170"
  },
  {
    "review": "뻔한 이야기들에 살을 붇히다니..정말 대단한거같아요!!!",
    "date": "10.05.31",
    "rating": "10",
    "author": "mcc0****",
    "review_id": "4535455",
    "movie_id": "31170"
  }
]