[
  {
    "review": "전쟁영화로써도, 법정영화로써도 뭔가 중요한게 빠진 듯하다.",
    "date": "15.08.08",
    "rating": "5",
    "author": "sipj****",
    "review_id": "10202371",
    "movie_id": "31185"
  },
  {
    "review": "'진정한 군인이란'의 예",
    "date": "15.06.09",
    "rating": "7",
    "author": "hamj****",
    "review_id": "9987099",
    "movie_id": "31185"
  },
  {
    "review": "명예, 용기, 임무, 그리고 희생이라는 단어에 대하여",
    "date": "15.05.28",
    "rating": "6",
    "author": "dpdj****",
    "review_id": "9955691",
    "movie_id": "31185"
  },
  {
    "review": "암울하면서도 군인의 명예를 잘 표현했다",
    "date": "15.04.24",
    "rating": "10",
    "author": "kimd****",
    "review_id": "9862648",
    "movie_id": "31185"
  },
  {
    "review": "평점이 좀 낮네  나찌군에서도 이성적인 인물 그려내고 충분히 표현한거같은데 전쟁영화가 아니라 인간군상그려낸 영화라 좀 사람들들이 전쟁영화로 착각하는듯ㅣ",
    "date": "14.11.18",
    "rating": "10",
    "author": "yoon****",
    "review_id": "9399196",
    "movie_id": "31185"
  },
  {
    "review": "찐한 감동.  울컥했다.",
    "date": "14.10.11",
    "rating": "9",
    "author": "eunp****",
    "review_id": "9283643",
    "movie_id": "31185"
  },
  {
    "review": "대령이 다시 돌아온걸로 훈훈한 마무리를 지으려 한것같지만 그전에 행실이 너무 앞뒤가 안맞다..하트가 도발 안했으면 안돌아왔을지도..근데 원래 포로수용소가 저런건가? 되게 자유분방하고 살만한데?",
    "date": "14.10.09",
    "rating": "7",
    "author": "jung****",
    "review_id": "9276353",
    "movie_id": "31185"
  },
  {
    "review": "그렇죠. 이모든걸 포함한게 전쟁이죠. 재밌게봤습니다",
    "date": "14.10.09",
    "rating": "9",
    "author": "eomj****",
    "review_id": "9276323",
    "movie_id": "31185"
  },
  {
    "review": "이것들이 소름끼치는 명작에다가 평점을 쓰레기로 만들어왔네  노답들!",
    "date": "14.10.04",
    "rating": "10",
    "author": "ske4****",
    "review_id": "9261578",
    "movie_id": "31185"
  },
  {
    "review": "처음의 한시간은 쓸데없는 부분이 많았고 너무 고전적인 결말이었는데 2002년에 봤다면 10점을 줬을듯",
    "date": "14.09.28",
    "rating": "4",
    "author": "wow5****",
    "review_id": "9245869",
    "movie_id": "31185"
  },
  {
    "review": "이런게 진짜군인이지...미국우월주의를 떠나서보더라도 진짜용기와 명예가 무엇인지 다시생각해보게 된다. 그냥 액션영화를 바란다면 번지수를 잘못찾는셈이다.블루스윌리스답지않은 조금은진부한스토리지만 인간미를 깊게 느낄수있는영화다.",
    "date": "14.09.23",
    "rating": "10",
    "author": "rigg****",
    "review_id": "9236523",
    "movie_id": "31185"
  },
  {
    "review": "어이없는 미국식 영웅주의와 틀에 박힌 전우애...미군에 대한 존중으로 호의를 베푼 독일군 뒷통수치고 좋아하는 영화",
    "date": "14.09.23",
    "rating": "6",
    "author": "love****",
    "review_id": "9236511",
    "movie_id": "31185"
  },
  {
    "review": "8점이상은 되어보이는 영화네.. 마지막 반전도 예상치못한 부분도 있었고 나름 재밌었다.",
    "date": "14.09.23",
    "rating": "9",
    "author": "chsm****",
    "review_id": "9235715",
    "movie_id": "31185"
  },
  {
    "review": "수용소도 전쟁의 일부이고 액션이 별로 없었어도 나름 재미있는 영화 같네요",
    "date": "14.09.04",
    "rating": "9",
    "author": "kimm****",
    "review_id": "9166647",
    "movie_id": "31185"
  },
  {
    "review": "멋지다. 평점을 먼저봤다면 안볼 수도 있었는데. 평점 안보고 그냥 보길 잘했다는 생각이 든다. 군대를 제대로 경험했다면, 충분히 이해할 수 있는 영화다. 마지막에 돌아온건 지휘관으로서의 의무고. 요새 한국군대에서 사고많이나는데 지휘관들이 못난 탓이다.",
    "date": "14.08.15",
    "rating": "10",
    "author": "atti****",
    "review_id": "9087450",
    "movie_id": "31185"
  },
  {
    "review": "반전영화로 추천되어 있어서 봤지만 2차 대전 포로수용소를 배경으로 재판에 시선을 돌려 작전을 수행한 군인들의 희생과 충성심에 초점을 맞춘 영화. 참고로 샘 워싱턴이 단역으로 나옴.",
    "date": "14.08.04",
    "rating": "5",
    "author": "jjaj****",
    "review_id": "9021475",
    "movie_id": "31185"
  },
  {
    "review": "다양한 주제들이 흥미롭게 나오지만, 몇몇 설정은 공감되지 않고 쓸데없는 이야기들이 많다.",
    "date": "14.06.30",
    "rating": "5",
    "author": "zxc1****",
    "review_id": "8872258",
    "movie_id": "31185"
  },
  {
    "review": "볼만합니다.  출연진만 해도 환상적이네요..  좋은 배우들 많이 나옴",
    "date": "14.06.08",
    "rating": "7",
    "author": "adiv****",
    "review_id": "8812730",
    "movie_id": "31185"
  },
  {
    "review": "진정한 휴머니즘의 영화!",
    "date": "14.05.22",
    "rating": "8",
    "author": "ehdr****",
    "review_id": "8754429",
    "movie_id": "31185"
  },
  {
    "review": "좀 길다. 전쟁 영화에서 재판이라는 소재가 나올줄이야...",
    "date": "14.03.05",
    "rating": "8",
    "author": "pass****",
    "review_id": "8556535",
    "movie_id": "31185"
  },
  {
    "review": "용기 희생 명예 등 관념적인 어휘들의 의미에 대한 이해가 혼란스러워진다",
    "date": "14.02.05",
    "rating": "7",
    "author": "tjrw****",
    "review_id": "8477662",
    "movie_id": "31185"
  },
  {
    "review": "재밋는데 평점이 너무 약하다.",
    "date": "14.02.02",
    "rating": "10",
    "author": "casi****",
    "review_id": "8466810",
    "movie_id": "31185"
  },
  {
    "review": "맥클레인 보다  맥나마라가 더 멋있네.. ㅋ",
    "date": "14.01.01",
    "rating": "9",
    "author": "tn99****",
    "review_id": "8336163",
    "movie_id": "31185"
  },
  {
    "review": "감동이 있는 멋진 영화.",
    "date": "13.12.28",
    "rating": "9",
    "author": "hsd5****",
    "review_id": "8317416",
    "movie_id": "31185"
  },
  {
    "review": "영화도 재미있지만 원작 소설이더 긴장감있고 재미있어요",
    "date": "13.08.15",
    "rating": "9",
    "author": "pado****",
    "review_id": "7881935",
    "movie_id": "31185"
  },
  {
    "review": "대령의 군인으로서의 임무,중위의 인간적 고뇌 표출을 말하고자 함은 잘 알겠으나, 그것을 이끌어내기위한 도구로써의 개연성이 망이다. 아무리 나찌대령이 재즈를 좋아하고 법대출신이라지만, 아리안족우월성이 바탕인 나찌가 흑인을 위해 것도 수용소서 재판중재를?",
    "date": "13.07.16",
    "rating": "4",
    "author": "wlwk****",
    "review_id": "7747663",
    "movie_id": "31185"
  },
  {
    "review": "전쟁영환줄 알았다가 총포 안갈겼다고 재미없다고 하시는 분들, 그리고 이게 도대체 하고자하는 말이 뭐냐 하며 법정영화냐 인종차별영화냐 명예에관한 영화냐 하시는 분들  답답합니다. 전자는 오락용을 찾으셨나보니까 다른 영화 보시고, 후자는 이해를 못하셨군요",
    "date": "13.06.14",
    "rating": "9",
    "author": "eh85****",
    "review_id": "7637423",
    "movie_id": "31185"
  },
  {
    "review": "말이 더 필요합니까~ ㅎㅎ",
    "date": "13.04.29",
    "rating": "10",
    "author": "m74m****",
    "review_id": "7494191",
    "movie_id": "31185"
  },
  {
    "review": "잼있음.",
    "date": "13.02.07",
    "rating": "10",
    "author": "obsc****",
    "review_id": "7234757",
    "movie_id": "31185"
  },
  {
    "review": "딱 평점 칠점이다",
    "date": "13.01.29",
    "rating": "7",
    "author": "sona****",
    "review_id": "7192451",
    "movie_id": "31185"
  },
  {
    "review": "군인의로서의 명예란 무엇인가. 재밌다.",
    "date": "12.10.28",
    "rating": "8",
    "author": "kara****",
    "review_id": "6831165",
    "movie_id": "31185"
  },
  {
    "review": "스토리가 산으로 가는거 같다.",
    "date": "12.07.16",
    "rating": "6",
    "author": "tiny****",
    "review_id": "6485645",
    "movie_id": "31185"
  },
  {
    "review": "이게어떻게 7점대냐 ?? 못해도 8중후반 되야될텐데 ... 점수올리고갑니다.",
    "date": "12.04.07",
    "rating": "9",
    "author": "wjdw****",
    "review_id": "6198267",
    "movie_id": "31185"
  },
  {
    "review": "눙물이나는구나",
    "date": "12.03.18",
    "rating": "10",
    "author": "rlar****",
    "review_id": "6151628",
    "movie_id": "31185"
  },
  {
    "review": "학연의 중요성을 더욱 깨닫게한다",
    "date": "12.03.16",
    "rating": "8",
    "author": "kth2****",
    "review_id": "6147135",
    "movie_id": "31185"
  },
  {
    "review": "감동적인 영웅스토리!!!",
    "date": "12.03.10",
    "rating": "10",
    "author": "qxwz****",
    "review_id": "6133208",
    "movie_id": "31185"
  },
  {
    "review": "소설만큼은 못따라갔다 소설로보세요...",
    "date": "12.03.06",
    "rating": "6",
    "author": "yooh****",
    "review_id": "6128083",
    "movie_id": "31185"
  },
  {
    "review": "포로의 대우가 저랬을리는 없지만.. 가정하고본다면, 생각 이상으로 재미있었습니다.",
    "date": "12.03.05",
    "rating": "10",
    "author": "happ****",
    "review_id": "6124456",
    "movie_id": "31185"
  },
  {
    "review": "전쟁을 통해 말하는 명예, 대의, 희생.",
    "date": "12.02.02",
    "rating": "8",
    "author": "ndok****",
    "review_id": "6044300",
    "movie_id": "31185"
  },
  {
    "review": "대박",
    "date": "12.01.05",
    "rating": "10",
    "author": "did4****",
    "review_id": "5960876",
    "movie_id": "31185"
  },
  {
    "review": "감동잇고후반에약간의반전...신비로우면서도묘한감정을섬사하네요",
    "date": "11.12.03",
    "rating": "9",
    "author": "daew****",
    "review_id": "5885474",
    "movie_id": "31185"
  },
  {
    "review": "포로를 너무 관대하게 대해준 게 독일군 실수~",
    "date": "11.11.06",
    "rating": "7",
    "author": "ckki****",
    "review_id": "5832476",
    "movie_id": "31185"
  },
  {
    "review": "진부한 배경 속 참신한 이야기를 만들다",
    "date": "11.10.07",
    "rating": "8",
    "author": "ming****",
    "review_id": "5775816",
    "movie_id": "31185"
  },
  {
    "review": "명예.용기.임무. 그리고 희생~ 마지막 감동이 있으면... 긴 말이 필요할까?",
    "date": "11.09.10",
    "rating": "10",
    "author": "juse****",
    "review_id": "5719397",
    "movie_id": "31185"
  },
  {
    "review": "뭐 그닥;;",
    "date": "11.06.30",
    "rating": "5",
    "author": "7606****",
    "review_id": "5508608",
    "movie_id": "31185"
  },
  {
    "review": "음악과 총성, 전쟁과 법정, 독일군과 미군, 백인과 흑인의 쌍곡선",
    "date": "11.05.31",
    "rating": "7",
    "author": "kos4****",
    "review_id": "5457832",
    "movie_id": "31185"
  },
  {
    "review": "도아요..됴아...",
    "date": "11.05.13",
    "rating": "9",
    "author": "wi44****",
    "review_id": "5425209",
    "movie_id": "31185"
  },
  {
    "review": "최고의 스토리다... 감동... 명예가 무엇이길래....",
    "date": "11.04.09",
    "rating": "10",
    "author": "yb19****",
    "review_id": "5362852",
    "movie_id": "31185"
  },
  {
    "review": "오호~ 득템",
    "date": "11.04.06",
    "rating": "10",
    "author": "c2k7****",
    "review_id": "5356841",
    "movie_id": "31185"
  },
  {
    "review": "전쟁영화인줄 알았는데 전쟁장면은 별로 안나옴",
    "date": "11.03.09",
    "rating": "7",
    "author": "jij4****",
    "review_id": "5301582",
    "movie_id": "31185"
  },
  {
    "review": "어퓻굿맨 이후 최고의 영화!!!",
    "date": "11.03.06",
    "rating": "10",
    "author": "zzen****",
    "review_id": "5297945",
    "movie_id": "31185"
  },
  {
    "review": "Underrated. 꼭 총 들고 싸워야지 전쟁영화인가?",
    "date": "11.02.21",
    "rating": "10",
    "author": "2006****",
    "review_id": "5263583",
    "movie_id": "31185"
  },
  {
    "review": "알려지지 않은 명작!",
    "date": "11.02.05",
    "rating": "10",
    "author": "moor****",
    "review_id": "5215539",
    "movie_id": "31185"
  },
  {
    "review": "스토리가 진행될수록 흥미진진한 영화",
    "date": "11.01.24",
    "rating": "7",
    "author": "sunn****",
    "review_id": "5180928",
    "movie_id": "31185"
  },
  {
    "review": "약간의아쉬움이 있지만 충분한개연성과 배우들, 특히 콜린파렐의연기가 돋보였던 영화",
    "date": "11.01.05",
    "rating": "9",
    "author": "dadt****",
    "review_id": "5129747",
    "movie_id": "31185"
  },
  {
    "review": "브루스 윌리스 감동 ㅠㅠ ㅠㅠ",
    "date": "11.01.01",
    "rating": "8",
    "author": "naeg****",
    "review_id": "5111141",
    "movie_id": "31185"
  },
  {
    "review": "잼있어요...",
    "date": "10.12.31",
    "rating": "10",
    "author": "qhde****",
    "review_id": "5110019",
    "movie_id": "31185"
  },
  {
    "review": "긴 여행을 끝낸 기분",
    "date": "10.12.30",
    "rating": "8",
    "author": "qudr****",
    "review_id": "5104754",
    "movie_id": "31185"
  },
  {
    "review": "자신의 머리가나쁘다생각하면 이런영화보지마세요",
    "date": "10.11.29",
    "rating": "9",
    "author": "mj79****",
    "review_id": "5003240",
    "movie_id": "31185"
  },
  {
    "review": "재미있다 감동도 있고 하지만 결말이...슬프다..3개윌뒤.",
    "date": "10.09.09",
    "rating": "8",
    "author": "win1****",
    "review_id": "4824947",
    "movie_id": "31185"
  },
  {
    "review": "영화 다워서 재밌고, 영화 같아서 아쉽다",
    "date": "10.08.30",
    "rating": "8",
    "author": "gryb****",
    "review_id": "4806610",
    "movie_id": "31185"
  },
  {
    "review": "이것들아 자막을 버리고 보라구!! 얼마나 멋진 영화이냐!!",
    "date": "10.08.07",
    "rating": "10",
    "author": "ssis****",
    "review_id": "4718393",
    "movie_id": "31185"
  },
  {
    "review": "중반까지 아주 늘어지다가 막판 폭풍감동!",
    "date": "10.08.03",
    "rating": "7",
    "author": "hamj****",
    "review_id": "4701629",
    "movie_id": "31185"
  },
  {
    "review": "브루스윌리스 역시 짱!",
    "date": "10.07.28",
    "rating": "8",
    "author": "dlaw****",
    "review_id": "4679919",
    "movie_id": "31185"
  },
  {
    "review": "명작입니다",
    "date": "10.04.08",
    "rating": "10",
    "author": "god_****",
    "review_id": "4419289",
    "movie_id": "31185"
  },
  {
    "review": "당시 포로수용소가 저렇게 인간적이었을까? 현실적이진않지만 볼만한영화. 역시 콜린",
    "date": "10.03.09",
    "rating": "8",
    "author": "kimh****",
    "review_id": "4345536",
    "movie_id": "31185"
  },
  {
    "review": "블루스의 연기가 제대로 발휘되지 못했다",
    "date": "10.02.24",
    "rating": "7",
    "author": "ichk****",
    "review_id": "4314159",
    "movie_id": "31185"
  },
  {
    "review": "그모든 전쟁영화를 모욕하고 있는 개날림 졸작.이토록 멍청한 연출이라...언빌리버블.",
    "date": "10.02.18",
    "rating": "1",
    "author": "baks****",
    "review_id": "4298242",
    "movie_id": "31185"
  },
  {
    "review": "재미없다고 하는 사람들 영화를 볼줄 모르는사람들이나 하는말이지",
    "date": "09.12.16",
    "rating": "10",
    "author": "jung****",
    "review_id": "4048703",
    "movie_id": "31185"
  },
  {
    "review": "전쟁신 기대하면서 보면 안되염 이 영화 진짜 명작이라 생각함",
    "date": "09.11.18",
    "rating": "9",
    "author": "prep****",
    "review_id": "3974698",
    "movie_id": "31185"
  },
  {
    "review": "적을 속이려거든 아군부터 속여라 는 불멸의 진리.. 여전히 영웅주의가 눈에거슬리는",
    "date": "09.09.24",
    "rating": "7",
    "author": "ghos****",
    "review_id": "3847712",
    "movie_id": "31185"
  },
  {
    "review": "난 디게 재밌었는데...",
    "date": "09.07.27",
    "rating": "10",
    "author": "moon****",
    "review_id": "3676022",
    "movie_id": "31185"
  },
  {
    "review": "좋은 영화였습니다.왜 재미없다고하시는지;; 군사와 법률 좋아하시는분 추천합니다",
    "date": "09.05.09",
    "rating": "10",
    "author": "seoc****",
    "review_id": "3482636",
    "movie_id": "31185"
  },
  {
    "review": "그냥 그러했으여 ㅡ.ㅡ",
    "date": "09.02.09",
    "rating": "5",
    "author": "taks****",
    "review_id": "3290607",
    "movie_id": "31185"
  },
  {
    "review": "프리퀀시를 탄생시킨 그레고리 감독의 작품입니다.",
    "date": "08.11.01",
    "rating": "10",
    "author": "zain****",
    "review_id": "3029756",
    "movie_id": "31185"
  },
  {
    "review": "호블릣의 호감가는 전편들에 비해 여기선 전혀 힘이 없다",
    "date": "08.10.06",
    "rating": "4",
    "author": "si2p****",
    "review_id": "2986724",
    "movie_id": "31185"
  },
  {
    "review": "브루스 윌리스만 빠졌으면 좀 더 좋은 영화가 됐을텐데.....",
    "date": "08.09.17",
    "rating": "6",
    "author": "smar****",
    "review_id": "2953736",
    "movie_id": "31185"
  },
  {
    "review": "그저 그런 진부한 영화. 평점 6.0",
    "date": "08.06.12",
    "rating": "10",
    "author": "7pmr****",
    "review_id": "2693523",
    "movie_id": "31185"
  },
  {
    "review": "지루하고 재미없다. 무엇을 이야기하는지도.. 산만하기만 하다.",
    "date": "08.05.19",
    "rating": "1",
    "author": "pola****",
    "review_id": "2652161",
    "movie_id": "31185"
  },
  {
    "review": "굿굿",
    "date": "08.05.04",
    "rating": "8",
    "author": "yiyi****",
    "review_id": "2616689",
    "movie_id": "31185"
  },
  {
    "review": "은근한 매력이 있긴하나 흥미를 보이는데는 다소 미흡하다.",
    "date": "08.04.27",
    "rating": "8",
    "author": "vhzm****",
    "review_id": "2601932",
    "movie_id": "31185"
  },
  {
    "review": "진정한 지도자가 희생의 가치를 일깨워주는군요",
    "date": "08.04.19",
    "rating": "9",
    "author": "ezte****",
    "review_id": "2587913",
    "movie_id": "31185"
  },
  {
    "review": "졸음을  참고 보면 빛이있으리~~~",
    "date": "08.02.19",
    "rating": "10",
    "author": "look****",
    "review_id": "2463699",
    "movie_id": "31185"
  },
  {
    "review": "상당히 괜찮은데",
    "date": "08.01.22",
    "rating": "10",
    "author": "hosu****",
    "review_id": "2359271",
    "movie_id": "31185"
  },
  {
    "review": "그저 새로운 패턴으로 판에 박힌 내용들만 나열해 놓았을 뿐",
    "date": "08.01.16",
    "rating": "8",
    "author": "do_x****",
    "review_id": "2337237",
    "movie_id": "31185"
  },
  {
    "review": "진짜 멋지네요 굿!. 진짜 잘만들엇네~캬~올만에 잼게봄",
    "date": "08.01.04",
    "rating": "10",
    "author": "kore****",
    "review_id": "2297187",
    "movie_id": "31185"
  },
  {
    "review": "생각이 모자란 사람들이 보기엔 영화가 어렵다. 전투만 있는게 다 전쟁영화는 아니다",
    "date": "07.12.04",
    "rating": "10",
    "author": "mmmw****",
    "review_id": "2207441",
    "movie_id": "31185"
  },
  {
    "review": "굿",
    "date": "07.11.22",
    "rating": "10",
    "author": "guda****",
    "review_id": "2173562",
    "movie_id": "31185"
  },
  {
    "review": "별로 ㅠㅠ",
    "date": "07.11.14",
    "rating": "7",
    "author": "gusv****",
    "review_id": "2150998",
    "movie_id": "31185"
  },
  {
    "review": "보다가 잤는데... 엔딩크래딧올라갈때 깻다 전쟁씬은 없네.;;;",
    "date": "07.09.30",
    "rating": "6",
    "author": "qazp****",
    "review_id": "2062149",
    "movie_id": "31185"
  },
  {
    "review": "명예라는 사치스러운 감정은 버려라 포로는 목숨구걸이 필요할뿐.",
    "date": "07.09.09",
    "rating": "6",
    "author": "paci****",
    "review_id": "2010413",
    "movie_id": "31185"
  },
  {
    "review": "전쟁 속의 또다른 전쟁...",
    "date": "07.08.22",
    "rating": "8",
    "author": "typo****",
    "review_id": "1968083",
    "movie_id": "31185"
  },
  {
    "review": "전장의 리얼리즘을 한단계 업그레이드 시킨 총성 없는 전쟁영화",
    "date": "07.04.07",
    "rating": "7",
    "author": "oklo****",
    "review_id": "1576487",
    "movie_id": "31185"
  },
  {
    "review": "이것도 기대치에 못미치는 전쟁물..",
    "date": "07.01.16",
    "rating": "6",
    "author": "gall****",
    "review_id": "1390521",
    "movie_id": "31185"
  },
  {
    "review": "난 재밌는데 평점이왜이리낮지",
    "date": "06.10.31",
    "rating": "10",
    "author": "suns****",
    "review_id": "1209226",
    "movie_id": "31185"
  },
  {
    "review": "알량한 자존심.",
    "date": "06.10.02",
    "rating": "6",
    "author": "oran****",
    "review_id": "1154871",
    "movie_id": "31185"
  },
  {
    "review": "결말이 참 보기 좋았다.. 매우 감동적이였고 작은반전 좋다..",
    "date": "06.09.23",
    "rating": "10",
    "author": "tred****",
    "review_id": "1138468",
    "movie_id": "31185"
  },
  {
    "review": "너무 뻔뻔스런 스토리지만 브루스윌리스 콜린파렐 보는 맛에~",
    "date": "06.09.13",
    "rating": "8",
    "author": "hye5****",
    "review_id": "1120346",
    "movie_id": "31185"
  },
  {
    "review": "감동??ㅉㅉ 다른 영화 보세요..이게 감동적이면..",
    "date": "06.09.05",
    "rating": "1",
    "author": "ycha****",
    "review_id": "1105744",
    "movie_id": "31185"
  },
  {
    "review": "썩 괜찮음 ㅋㅋㅋ",
    "date": "06.07.17",
    "rating": "9",
    "author": "jy69****",
    "review_id": "901813",
    "movie_id": "31185"
  }
]