[
  {
    "review": "나오는 건 한숨뿐...",
    "date": "14.11.26",
    "rating": "1",
    "author": "shin****",
    "review_id": "9424188",
    "movie_id": "31193"
  },
  {
    "review": "다른 판타지 영화에서 빌려온 진부한 스토리, 손발이 오글거려 없어질 정도로 어색한 연기, B급 영화에서나 볼 수 있을 싸구려 CG와 특수 효과 등 처음부터 끝까지 좋은 점 하나 없다.",
    "date": "14.10.07",
    "rating": "2",
    "author": "zxc1****",
    "review_id": "9272205",
    "movie_id": "31193"
  },
  {
    "review": "보기에 불편한 영화... 이건 뭐 2000년대 영화인거 맞냐?",
    "date": "14.08.22",
    "rating": "3",
    "author": "jjan****",
    "review_id": "9122478",
    "movie_id": "31193"
  },
  {
    "review": "재미와따로예요...",
    "date": "14.07.15",
    "rating": "9",
    "author": "rnjs****",
    "review_id": "8919282",
    "movie_id": "31193"
  },
  {
    "review": "러닝타임용으로 볼만했음",
    "date": "14.04.20",
    "rating": "7",
    "author": "vvvv****",
    "review_id": "8661420",
    "movie_id": "31193"
  },
  {
    "review": "80년대쯤나왓을려나햇는데 21세기영화였네 미친반전ㄷㄷ",
    "date": "13.12.28",
    "rating": "3",
    "author": "swj3****",
    "review_id": "8316231",
    "movie_id": "31193"
  },
  {
    "review": "최악의 영화. 영화가 아니고 폐기물.",
    "date": "13.06.08",
    "rating": "1",
    "author": "astt****",
    "review_id": "7614297",
    "movie_id": "31193"
  },
  {
    "review": "아 OO ㅋㅋㅋㅋㅋㅋㅋㅋㅋㅋㅋㅋㅋㅋㅋ 영어 발음은 이미 아놀드 슈왈츠를 넘김 ㅋ",
    "date": "12.04.15",
    "rating": "4",
    "author": "joon****",
    "review_id": "6223926",
    "movie_id": "31193"
  },
  {
    "review": "제레미 아이언스 ㅋㅋㅋㅋ예대대대대대대대대",
    "date": "12.03.27",
    "rating": "1",
    "author": "adel****",
    "review_id": "6173035",
    "movie_id": "31193"
  },
  {
    "review": "ㅋㅋㅋ나는아주재밌게봤는데 평범왜이래 2는 못봤네ㅠㅠ",
    "date": "12.03.05",
    "rating": "10",
    "author": "rayi****",
    "review_id": "6125152",
    "movie_id": "31193"
  },
  {
    "review": "그당시 봤을때도 할말을 잃었었는데.. 장난치지마라...",
    "date": "11.06.28",
    "rating": "1",
    "author": "honf****",
    "review_id": "5504346",
    "movie_id": "31193"
  },
  {
    "review": "아주 재밌소, 자유와 평화를 위해서 싸우는 용사들. 전라도 빨갱이가 싫어하는영화",
    "date": "11.03.20",
    "rating": "10",
    "author": "sang****",
    "review_id": "5325120",
    "movie_id": "31193"
  },
  {
    "review": "이 영화 볼 시간에 원작 TRPG를 하는 것이 정신건강에 좋음.",
    "date": "11.02.17",
    "rating": "1",
    "author": "reid****",
    "review_id": "5250191",
    "movie_id": "31193"
  },
  {
    "review": "뭘모르면 평점주지마라? 그당시엔 볼만한 영화였다? 어의가 없어서 그건 니생각이다",
    "date": "10.12.17",
    "rating": "1",
    "author": "syan****",
    "review_id": "5060724",
    "movie_id": "31193"
  },
  {
    "review": "qudvkf123 // 그런데 지금은 똥쓰레기지. 혹시나 이 영화보려는 사람은 어찌하라고",
    "date": "10.09.25",
    "rating": "1",
    "author": "hj46****",
    "review_id": "4867308",
    "movie_id": "31193"
  },
  {
    "review": "뭔가가 앞뒤가 이상한;;",
    "date": "10.07.22",
    "rating": "5",
    "author": "bong****",
    "review_id": "4660147",
    "movie_id": "31193"
  },
  {
    "review": "이당시에 영화 매우 볼만한 영화임 ^^",
    "date": "10.07.18",
    "rating": "10",
    "author": "mypj****",
    "review_id": "4648459",
    "movie_id": "31193"
  },
  {
    "review": "D&D를 좋아해서 엄청 기대하고 본 영화였지만.... 별 고르기도 망설여진다 참(..)",
    "date": "09.09.20",
    "rating": "2",
    "author": "thdn****",
    "review_id": "3839873",
    "movie_id": "31193"
  },
  {
    "review": "뭘모르면 평점주지마라 그때당시엔 볼만한 영화엿다",
    "date": "09.07.15",
    "rating": "10",
    "author": "qudv****",
    "review_id": "3635125",
    "movie_id": "31193"
  },
  {
    "review": "졸작치곤 볼만한 작품.",
    "date": "08.08.01",
    "rating": "6",
    "author": "joyc****",
    "review_id": "2822735",
    "movie_id": "31193"
  },
  {
    "review": "맙소사",
    "date": "08.05.29",
    "rating": "1",
    "author": "luxu****",
    "review_id": "2669794",
    "movie_id": "31193"
  },
  {
    "review": "초딩떄본거같은뎈ㅋㅋ볼만했으니패슼ㅋㅋㅋㅋㅋㅋ",
    "date": "08.05.19",
    "rating": "10",
    "author": "tjsr****",
    "review_id": "2652103",
    "movie_id": "31193"
  },
  {
    "review": "영화가 끝나고 2000년도 작품이라는 엄청난 반전",
    "date": "08.02.18",
    "rating": "1",
    "author": "stra****",
    "review_id": "2460305",
    "movie_id": "31193"
  },
  {
    "review": "시간 때우기 영화도 안되는 수준.",
    "date": "08.01.30",
    "rating": "3",
    "author": "evil****",
    "review_id": "2386978",
    "movie_id": "31193"
  },
  {
    "review": "재밌음 짱",
    "date": "08.01.24",
    "rating": "10",
    "author": "tkwk****",
    "review_id": "2364868",
    "movie_id": "31193"
  },
  {
    "review": "이영화는 초딩때 판타지영화가 무엇인지 ..알려준영화였다.......",
    "date": "08.01.23",
    "rating": "7",
    "author": "tjdw****",
    "review_id": "2360164",
    "movie_id": "31193"
  },
  {
    "review": "이건 뭐 디워 수준이다..",
    "date": "08.01.02",
    "rating": "3",
    "author": "bsj2****",
    "review_id": "2289676",
    "movie_id": "31193"
  },
  {
    "review": "어릴때 재밌게 봐서 또 보고싶어 찾아봤더니 평점이... -_-",
    "date": "07.10.27",
    "rating": "10",
    "author": "bjwj****",
    "review_id": "2114012",
    "movie_id": "31193"
  },
  {
    "review": "유치한 속임수에 놀아났다. 분하다.",
    "date": "07.08.16",
    "rating": "3",
    "author": "tori****",
    "review_id": "1948198",
    "movie_id": "31193"
  },
  {
    "review": "이 영화가 왜 2까지 나왔지??",
    "date": "07.08.10",
    "rating": "3",
    "author": "xx41****",
    "review_id": "1915066",
    "movie_id": "31193"
  },
  {
    "review": "중세시대의 용나오는 영화 재미는 보통 수준",
    "date": "07.07.27",
    "rating": "6",
    "author": "deff****",
    "review_id": "1817259",
    "movie_id": "31193"
  },
  {
    "review": "개 유치뽕짝쓰레기영화 흑인은 무조건 죽어",
    "date": "07.07.18",
    "rating": "1",
    "author": "ball****",
    "review_id": "1789182",
    "movie_id": "31193"
  },
  {
    "review": "똥 냄새가 나는 지독한  산업쓰레기",
    "date": "07.07.16",
    "rating": "1",
    "author": "baks****",
    "review_id": "1781280",
    "movie_id": "31193"
  },
  {
    "review": "파워레인저 같은 장면들에 썩소를 짓게된다",
    "date": "07.07.16",
    "rating": "3",
    "author": "nala****",
    "review_id": "1780752",
    "movie_id": "31193"
  },
  {
    "review": "초등학생때 처음으로 극장에서 보고 좌절한영화",
    "date": "07.06.26",
    "rating": "1",
    "author": "gnwu****",
    "review_id": "1723000",
    "movie_id": "31193"
  },
  {
    "review": "중학교때 봤을땐 재밌었는데 ㅋㅋ평점 안습이네",
    "date": "07.06.17",
    "rating": "7",
    "author": "ukhk****",
    "review_id": "1706930",
    "movie_id": "31193"
  },
  {
    "review": "D&D에 대한 모욕이야....",
    "date": "07.05.12",
    "rating": "1",
    "author": "mirk****",
    "review_id": "1634073",
    "movie_id": "31193"
  },
  {
    "review": "그렇게 나쁘지는 않았는데...",
    "date": "07.04.25",
    "rating": "6",
    "author": "vict****",
    "review_id": "1605482",
    "movie_id": "31193"
  },
  {
    "review": "참 슬픈 영화. 볼때마다 괴롭네",
    "date": "07.03.12",
    "rating": "1",
    "author": "wide****",
    "review_id": "1530909",
    "movie_id": "31193"
  },
  {
    "review": "이건 내가 초등학교 5학년때인가? 봤었는데 그때는 나름 재미있었어..ㅋ",
    "date": "07.02.17",
    "rating": "6",
    "author": "wotj****",
    "review_id": "1478284",
    "movie_id": "31193"
  },
  {
    "review": "게임 생각하면 나름 볼만, 그런데 좀 심하다 싶은 장면도 있었다",
    "date": "07.02.11",
    "rating": "6",
    "author": "ion0****",
    "review_id": "1462502",
    "movie_id": "31193"
  },
  {
    "review": "70년대 영환줄 알았다...제레민 빛나더군",
    "date": "07.02.01",
    "rating": "1",
    "author": "ppp0****",
    "review_id": "1431837",
    "movie_id": "31193"
  },
  {
    "review": "모든 출연진 역활 대비 비호감, 제레미는 왜 이런역을....",
    "date": "07.01.29",
    "rating": "2",
    "author": "pass****",
    "review_id": "1423096",
    "movie_id": "31193"
  },
  {
    "review": "배우들의 오버연기를 부추긴 감독은 반성하라~!!",
    "date": "07.01.15",
    "rating": "2",
    "author": "cat1****",
    "review_id": "1386788",
    "movie_id": "31193"
  },
  {
    "review": "난 졸라 잼있더라",
    "date": "07.01.11",
    "rating": "10",
    "author": "wngk****",
    "review_id": "1375780",
    "movie_id": "31193"
  },
  {
    "review": "쓰레기 B급 오락물이네",
    "date": "07.01.07",
    "rating": "1",
    "author": "oran****",
    "review_id": "1365031",
    "movie_id": "31193"
  },
  {
    "review": "휴, 난감하네효",
    "date": "06.12.25",
    "rating": "4",
    "author": "rlac****",
    "review_id": "1323833",
    "movie_id": "31193"
  },
  {
    "review": "107분 아깝다",
    "date": "06.10.22",
    "rating": "1",
    "author": "609p****",
    "review_id": "1193417",
    "movie_id": "31193"
  },
  {
    "review": "어이구 이거 보고 열받아서 던전앤드래곤했다",
    "date": "06.10.17",
    "rating": "2",
    "author": "pkpk****",
    "review_id": "1185984",
    "movie_id": "31193"
  },
  {
    "review": "세계관이 비슷한 반지를다루는 어떤영화와 너무나도 비교가된다",
    "date": "06.10.04",
    "rating": "2",
    "author": "ekrc****",
    "review_id": "1160946",
    "movie_id": "31193"
  },
  {
    "review": "어릴땐 그저 재밌게 봤는데.. 뭐 판타지가 별거있나??",
    "date": "06.09.16",
    "rating": "8",
    "author": "yeei****",
    "review_id": "1125686",
    "movie_id": "31193"
  },
  {
    "review": "시간이 아깝다면 보지마라. 기분이 조으려면 보지마라",
    "date": "06.08.14",
    "rating": "1",
    "author": "qkeh****",
    "review_id": "1025466",
    "movie_id": "31193"
  },
  {
    "review": "영화야... 게임이야...",
    "date": "06.08.11",
    "rating": "5",
    "author": "moon****",
    "review_id": "995115",
    "movie_id": "31193"
  },
  {
    "review": "안쓰러워 죽겄다",
    "date": "06.08.01",
    "rating": "5",
    "author": "zeed****",
    "review_id": "952494",
    "movie_id": "31193"
  },
  {
    "review": "유치한 맛으로 봐야 하는 영화",
    "date": "06.07.07",
    "rating": "5",
    "author": "lshp****",
    "review_id": "875439",
    "movie_id": "31193"
  },
  {
    "review": "꽤 재밌던데..",
    "date": "06.05.24",
    "rating": "9",
    "author": "gksq****",
    "review_id": "814626",
    "movie_id": "31193"
  },
  {
    "review": "제레미아이언스가 아까움",
    "date": "06.05.23",
    "rating": "1",
    "author": "1004****",
    "review_id": "812868",
    "movie_id": "31193"
  },
  {
    "review": "이걸 보느라고 수고하신 관객 여러분께 박수를!!!",
    "date": "06.04.08",
    "rating": "3",
    "author": "taks****",
    "review_id": "753701",
    "movie_id": "31193"
  },
  {
    "review": "초딩용 영화.",
    "date": "06.03.09",
    "rating": "6",
    "author": "jsh4****",
    "review_id": "710302",
    "movie_id": "31193"
  },
  {
    "review": "몇번봐도 질리지 않는 영화. 마지막에 애들 죽는 건가?",
    "date": "06.02.06",
    "rating": "10",
    "author": "spac****",
    "review_id": "652402",
    "movie_id": "31193"
  },
  {
    "review": "이건 좀.. 필름 낭비다",
    "date": "06.01.28",
    "rating": "4",
    "author": "thna****",
    "review_id": "629525",
    "movie_id": "31193"
  },
  {
    "review": "게임의 명성에 먹칠을 한 영화...",
    "date": "06.01.11",
    "rating": "1",
    "author": "yj76****",
    "review_id": "579867",
    "movie_id": "31193"
  },
  {
    "review": "솔직히 정말 재밌었어요. 내용은 뭐, 그랬지만; 볼만 하더라구요",
    "date": "06.01.09",
    "rating": "10",
    "author": "qewr****",
    "review_id": "573738",
    "movie_id": "31193"
  },
  {
    "review": "제레미아이언스의 캐스팅이 이상하군",
    "date": "05.12.26",
    "rating": "5",
    "author": "kws7****",
    "review_id": "529755",
    "movie_id": "31193"
  },
  {
    "review": "왜 봤을까 하는 생각 들더라",
    "date": "05.10.06",
    "rating": "3",
    "author": "kshv****",
    "review_id": "434720",
    "movie_id": "31193"
  },
  {
    "review": "예고가 더 재밌다",
    "date": "05.09.21",
    "rating": "4",
    "author": "hell****",
    "review_id": "416325",
    "movie_id": "31193"
  },
  {
    "review": "제작비  좀 쓴 것 같지만 영화자체는 별로였음.",
    "date": "05.07.22",
    "rating": "5",
    "author": "join****",
    "review_id": "329449",
    "movie_id": "31193"
  },
  {
    "review": "그냥 시간 때우기 좋은 용",
    "date": "05.07.16",
    "rating": "7",
    "author": "marr****",
    "review_id": "324072",
    "movie_id": "31193"
  },
  {
    "review": "나름대로 괜찮았는데... 화면 가득 중세판타지분위기 물씬",
    "date": "05.05.02",
    "rating": "7",
    "author": "gaba****",
    "review_id": "269788",
    "movie_id": "31193"
  },
  {
    "review": "돈만 쏟아부은 영화...",
    "date": "05.04.09",
    "rating": "1",
    "author": "dbsw****",
    "review_id": "256537",
    "movie_id": "31193"
  },
  {
    "review": "광고는 멋졌다. 하지만 영화는 실망.",
    "date": "05.03.26",
    "rating": "5",
    "author": "pcw0****",
    "review_id": "247578",
    "movie_id": "31193"
  },
  {
    "review": "이름 듣고 당장 빌렸지만, 알고보면 상당히 볼 품 없다..",
    "date": "05.03.05",
    "rating": "2",
    "author": "bmin****",
    "review_id": "235526",
    "movie_id": "31193"
  },
  {
    "review": "이건 심했다",
    "date": "05.02.05",
    "rating": "2",
    "author": "jzw1****",
    "review_id": "209235",
    "movie_id": "31193"
  },
  {
    "review": "제레미 형 왜 나왔어 T_T. 만약 피터 잭슨이 만들었다면...",
    "date": "05.01.18",
    "rating": "4",
    "author": "comb****",
    "review_id": "189416",
    "movie_id": "31193"
  },
  {
    "review": "sss",
    "date": "05.01.04",
    "rating": "10",
    "author": "wodn****",
    "review_id": "177079",
    "movie_id": "31193"
  },
  {
    "review": "이건 좀 아니다..",
    "date": "04.12.15",
    "rating": "3",
    "author": "u3dk****",
    "review_id": "162838",
    "movie_id": "31193"
  },
  {
    "review": "학교가서 봤는데 구라 안까고 40명중 나포함 3명 빼고 다 잤음..--;",
    "date": "04.12.09",
    "rating": "1",
    "author": "ygsh****",
    "review_id": "159325",
    "movie_id": "31193"
  },
  {
    "review": "볼만한 오락영화",
    "date": "04.10.13",
    "rating": "7",
    "author": "arie****",
    "review_id": "125278",
    "movie_id": "31193"
  },
  {
    "review": "게임이 더 나았다...",
    "date": "04.07.04",
    "rating": "6",
    "author": "bell****",
    "review_id": "65204",
    "movie_id": "31193"
  },
  {
    "review": "어설퍼요",
    "date": "04.03.06",
    "rating": "5",
    "author": "kym_****",
    "review_id": "27208",
    "movie_id": "31193"
  },
  {
    "review": "던전드래곤 재미있어요",
    "date": "04.02.13",
    "rating": "10",
    "author": "gpdn****",
    "review_id": "19641",
    "movie_id": "31193"
  },
  {
    "review": "흥미를 느끼지 못한 다듬어지지않은 영화",
    "date": "03.11.27",
    "rating": "3",
    "author": "gsm9****",
    "review_id": "386",
    "movie_id": "31193"
  }
]