[
  {
    "review": "영화 자체가 뭔가 빈 느낌이 든다. 원인이 산드라 블록이 코믹 캐릭터에 안 어울려서일까. 그래도 여형사가 미스 USA 대회에 잠입한다는 설정은 나름 볼거리를 갖고 있다는 의미인듯 했다.",
    "date": "15.04.23",
    "rating": "5",
    "author": "jms5****",
    "review_id": "9859288",
    "movie_id": "31195"
  },
  {
    "review": "스트레스 해소용  편하게 웃김",
    "date": "15.04.03",
    "rating": "10",
    "author": "fiel****",
    "review_id": "9824594",
    "movie_id": "31195"
  },
  {
    "review": "촌스러운 맛으로 보는 코미디.",
    "date": "14.10.29",
    "rating": "6",
    "author": "this****",
    "review_id": "9326967",
    "movie_id": "31195"
  },
  {
    "review": "ㅋㅋㅋ 산드라 블록의 코미디 재능을 알게 되었음! ㅋㅋㅋ",
    "date": "14.10.07",
    "rating": "10",
    "author": "0718****",
    "review_id": "9272529",
    "movie_id": "31195"
  },
  {
    "review": "굿굿굿 최고의영화 입니다",
    "date": "14.07.16",
    "rating": "10",
    "author": "dlwn****",
    "review_id": "8920851",
    "movie_id": "31195"
  },
  {
    "review": "2편보단 1편이 훨씬 낫다. :)",
    "date": "14.07.02",
    "rating": "10",
    "author": "j_he****",
    "review_id": "8874831",
    "movie_id": "31195"
  },
  {
    "review": "산드라블록, 명성에 어울리는 연기! 영화는 그럭저럭",
    "date": "14.06.02",
    "rating": "7",
    "author": "aris****",
    "review_id": "8787697",
    "movie_id": "31195"
  },
  {
    "review": "정미숙 성우가 미스 에이전트의 산드라 블록역을 맡아서 아주 재밌게 봤습니다",
    "date": "14.03.16",
    "rating": "10",
    "author": "kubo****",
    "review_id": "8581982",
    "movie_id": "31195"
  },
  {
    "review": "산드라블록의 15년전 영화. 지금과 얼굴, 몸매가 다르지 않구만 ㅎㅎ뭐 뻔한 이야기 소재인데... 나름 소소하게 재미있게 봤음. TV에서 주말의 명화로 해주어서 우연히 보게 되었음. 남자주인공 호날두 닮았다~!!!! ㅋㅋ",
    "date": "14.03.15",
    "rating": "6",
    "author": "wkhe****",
    "review_id": "8579806",
    "movie_id": "31195"
  },
  {
    "review": "산드라블록이 나오는 영화는 범작이상이다. 인정할 수밖에 없는 연기력.",
    "date": "14.03.15",
    "rating": "8",
    "author": "wide****",
    "review_id": "8576709",
    "movie_id": "31195"
  },
  {
    "review": "뭔가 좀 어설퍼...좀 더 재미있게 만들 수 있었을텐데...",
    "date": "14.03.15",
    "rating": "4",
    "author": "here****",
    "review_id": "8576704",
    "movie_id": "31195"
  },
  {
    "review": "오랜만에 보는데 재밌네요~ 좀 촌스럽기도 하지만 ㅎ",
    "date": "14.03.15",
    "rating": "8",
    "author": "kimm****",
    "review_id": "8576700",
    "movie_id": "31195"
  },
  {
    "review": "으어에이아야여유요우오으재밌다",
    "date": "14.03.15",
    "rating": "1",
    "author": "hang****",
    "review_id": "8576596",
    "movie_id": "31195"
  },
  {
    "review": "향수를 불러일으키는 90년대 영화 중 하나",
    "date": "13.12.16",
    "rating": "10",
    "author": "eli7****",
    "review_id": "8218912",
    "movie_id": "31195"
  },
  {
    "review": "킬링타임용 무비. 딱 90년대 헐리웃 코메디 스탈",
    "date": "13.12.14",
    "rating": "4",
    "author": "gade****",
    "review_id": "8213142",
    "movie_id": "31195"
  },
  {
    "review": "볼만하지만? 뭔가 좀 아쉬운",
    "date": "13.07.11",
    "rating": "7",
    "author": "kenn****",
    "review_id": "7726876",
    "movie_id": "31195"
  },
  {
    "review": "코미디와 드라마의 조합",
    "date": "13.03.10",
    "rating": "8",
    "author": "come****",
    "review_id": "7336992",
    "movie_id": "31195"
  },
  {
    "review": "코미디 요소를 흥미롭게 살렸군",
    "date": "13.02.17",
    "rating": "7",
    "author": "guev****",
    "review_id": "7275326",
    "movie_id": "31195"
  },
  {
    "review": "진짜 재미있는데 다들 왜그러실까요ㅠㅠㅠㅠ이거 진짜 재미있어요 꼭 봐야되요",
    "date": "13.01.21",
    "rating": "10",
    "author": "0293****",
    "review_id": "7140082",
    "movie_id": "31195"
  },
  {
    "review": "재밌어요~",
    "date": "12.11.08",
    "rating": "8",
    "author": "limj****",
    "review_id": "6867979",
    "movie_id": "31195"
  },
  {
    "review": "꽤 재미있었는데 캐시는 왜 그레이시를 결승까지 데려갔을까 불리해지게",
    "date": "12.07.10",
    "rating": "9",
    "author": "goon****",
    "review_id": "6467798",
    "movie_id": "31195"
  },
  {
    "review": "그냥 가볍고 기분좋게 볼 수 있는 영화인데.. 괜찮았음",
    "date": "12.06.12",
    "rating": "8",
    "author": "gshh****",
    "review_id": "6387114",
    "movie_id": "31195"
  },
  {
    "review": "이런 걸 제작하는 국가에 대한 궁금증.",
    "date": "12.03.29",
    "rating": "1",
    "author": "pria****",
    "review_id": "6177836",
    "movie_id": "31195"
  },
  {
    "review": "허접",
    "date": "12.02.29",
    "rating": "3",
    "author": "dlat****",
    "review_id": "6111584",
    "movie_id": "31195"
  },
  {
    "review": "너무 웃곀ㅋㅋㅋㅋㅋ산드라원맨쇼",
    "date": "12.02.24",
    "rating": "9",
    "author": "jjcv****",
    "review_id": "6101446",
    "movie_id": "31195"
  },
  {
    "review": "코믹하면서도 산드라블록의 멋진연기력 !!! 후회없는 영화 추천!!",
    "date": "12.02.09",
    "rating": "10",
    "author": "cee9****",
    "review_id": "6063707",
    "movie_id": "31195"
  },
  {
    "review": "정말 볼때마다 자지러짐 웃겨서",
    "date": "11.12.22",
    "rating": "8",
    "author": "danc****",
    "review_id": "5923757",
    "movie_id": "31195"
  },
  {
    "review": "이거 완전 코믹하고 재밌는데 왜들 그러시지ㅋㅋ 굿이였어요.",
    "date": "11.12.11",
    "rating": "10",
    "author": "ssun****",
    "review_id": "5899858",
    "movie_id": "31195"
  },
  {
    "review": "산드라 블록때문에 봤는데 이런영화에 110M이나 쏟다니...",
    "date": "11.08.11",
    "rating": "5",
    "author": "wlfa****",
    "review_id": "5636729",
    "movie_id": "31195"
  },
  {
    "review": "개인적으로.. 산드라 블록이 예쁘다고 생각하지 않기 때문에 공감이 안갔음.. ;;",
    "date": "11.08.01",
    "rating": "6",
    "author": "tn99****",
    "review_id": "5590583",
    "movie_id": "31195"
  },
  {
    "review": "기대안하고봤는데 재밌었음!ㅎㅎ",
    "date": "11.07.15",
    "rating": "10",
    "author": "jh05****",
    "review_id": "5546121",
    "movie_id": "31195"
  },
  {
    "review": "별생각없이보기엔좋음",
    "date": "11.02.24",
    "rating": "7",
    "author": "reki****",
    "review_id": "5271714",
    "movie_id": "31195"
  },
  {
    "review": "산드라 블록의 바비인형 만들기를 코미디로 만든 안구정화 영화",
    "date": "10.12.19",
    "rating": "8",
    "author": "r_ed****",
    "review_id": "5066934",
    "movie_id": "31195"
  },
  {
    "review": "재밌다! 근데 너무 미스 아메리카 대회만 중요시 되서 '시티즌' 전개는 영..",
    "date": "10.11.09",
    "rating": "8",
    "author": "ass1****",
    "review_id": "4948159",
    "movie_id": "31195"
  },
  {
    "review": "걸작",
    "date": "10.11.07",
    "rating": "10",
    "author": "ekgn****",
    "review_id": "4943439",
    "movie_id": "31195"
  },
  {
    "review": "so so",
    "date": "10.10.06",
    "rating": "6",
    "author": "rlar****",
    "review_id": "4888773",
    "movie_id": "31195"
  },
  {
    "review": "코미디와 액션의 조화",
    "date": "10.10.01",
    "rating": "8",
    "author": "yser****",
    "review_id": "4877855",
    "movie_id": "31195"
  },
  {
    "review": "재미있게 봤음 ㅎ",
    "date": "10.09.14",
    "rating": "9",
    "author": "cdrl****",
    "review_id": "4835660",
    "movie_id": "31195"
  },
  {
    "review": "불후의 걸작",
    "date": "10.09.09",
    "rating": "10",
    "author": "k102****",
    "review_id": "4824642",
    "movie_id": "31195"
  },
  {
    "review": "마이클잭슨 닮은 산드라가 정말 매력적으로 나오는 영화",
    "date": "10.08.11",
    "rating": "7",
    "author": "soda****",
    "review_id": "4735903",
    "movie_id": "31195"
  },
  {
    "review": "재밌게 본 영화~ 킬링타임용으로 딱이다 ㅋ",
    "date": "10.07.02",
    "rating": "8",
    "author": "psy9****",
    "review_id": "4606380",
    "movie_id": "31195"
  },
  {
    "review": "최고최고진짜재밋엇어",
    "date": "10.05.01",
    "rating": "10",
    "author": "jhyu****",
    "review_id": "4470043",
    "movie_id": "31195"
  },
  {
    "review": "나름 재밌어요 좋은점 말하라면 모르겠지만 세계평화를 위해 10점줍니다 ㅋㅋ;;;;",
    "date": "10.02.17",
    "rating": "10",
    "author": "wait****",
    "review_id": "4293986",
    "movie_id": "31195"
  },
  {
    "review": "나쁘지 않다. 하지만 좋은점을 말하라면 모르겠다.",
    "date": "09.09.20",
    "rating": "8",
    "author": "ard2****",
    "review_id": "3841060",
    "movie_id": "31195"
  },
  {
    "review": "굉장히 웃으면서 봤는데 평점이 낮네..?;",
    "date": "08.12.29",
    "rating": "10",
    "author": "app2****",
    "review_id": "3164585",
    "movie_id": "31195"
  },
  {
    "review": "코미디는 이런거~~",
    "date": "08.09.02",
    "rating": "9",
    "author": "clcl****",
    "review_id": "2918209",
    "movie_id": "31195"
  },
  {
    "review": "산드라 블럭의 팬이었던 본인으로서는 이 영활 보고 울뻔했다..",
    "date": "08.01.14",
    "rating": "3",
    "author": "evil****",
    "review_id": "2331727",
    "movie_id": "31195"
  },
  {
    "review": "매우 재미있었다.산드라의 매력에 기댄 영화",
    "date": "07.12.28",
    "rating": "8",
    "author": "baks****",
    "review_id": "2274348",
    "movie_id": "31195"
  },
  {
    "review": "이건 뭐...",
    "date": "07.12.27",
    "rating": "6",
    "author": "do_x****",
    "review_id": "2270528",
    "movie_id": "31195"
  },
  {
    "review": "여자들이 좋아할만한 영화 ♡ 산드라블록의 팬이되는영화 ㅋㅋ",
    "date": "07.12.20",
    "rating": "10",
    "author": "zhzh****",
    "review_id": "2250308",
    "movie_id": "31195"
  },
  {
    "review": "산드라 블록의 쉬어가기 대표작.",
    "date": "07.11.25",
    "rating": "5",
    "author": "yeni****",
    "review_id": "2184149",
    "movie_id": "31195"
  },
  {
    "review": "산드라 블록 이뿌삼",
    "date": "07.10.07",
    "rating": "10",
    "author": "sist****",
    "review_id": "2075812",
    "movie_id": "31195"
  },
  {
    "review": "산드라 블록 이쁘다",
    "date": "07.09.18",
    "rating": "10",
    "author": "qqpo****",
    "review_id": "2029118",
    "movie_id": "31195"
  },
  {
    "review": "Bad",
    "date": "07.09.12",
    "rating": "3",
    "author": "seok****",
    "review_id": "2015394",
    "movie_id": "31195"
  },
  {
    "review": "그냥 가볍게 웃고 즐길수있는영화...산드라블록의 코미디연기가 돋보였음..",
    "date": "07.09.08",
    "rating": "7",
    "author": "give****",
    "review_id": "2009385",
    "movie_id": "31195"
  },
  {
    "review": "어디에서나 섹시한 산드라 블록. 허나 영화는 섹시하지 못하다.",
    "date": "07.09.06",
    "rating": "7",
    "author": "v292****",
    "review_id": "2004520",
    "movie_id": "31195"
  },
  {
    "review": "비디오용 영화",
    "date": "07.09.03",
    "rating": "8",
    "author": "www2****",
    "review_id": "1998700",
    "movie_id": "31195"
  },
  {
    "review": "이러면 안되는데 산드라 블록이 보고 싶지 않았다.",
    "date": "07.08.16",
    "rating": "7",
    "author": "tori****",
    "review_id": "1947886",
    "movie_id": "31195"
  },
  {
    "review": "산드라 블록은 미스아메리카 대역으론 어설펐다..",
    "date": "07.08.08",
    "rating": "6",
    "author": "typo****",
    "review_id": "1901869",
    "movie_id": "31195"
  },
  {
    "review": "위장침입해서 사건을 해쳐가는 영화로 숨겨진 산드라의매력을 마음껏엿볼수있다",
    "date": "07.07.28",
    "rating": "9",
    "author": "part****",
    "review_id": "1819242",
    "movie_id": "31195"
  },
  {
    "review": "방금케이블에서봤는데잼있어여",
    "date": "07.06.24",
    "rating": "10",
    "author": "eric****",
    "review_id": "1719160",
    "movie_id": "31195"
  },
  {
    "review": "쓰레긴데 홍성진은 왜 흥분을 하는지..",
    "date": "07.04.07",
    "rating": "4",
    "author": "bbq2****",
    "review_id": "1576474",
    "movie_id": "31195"
  },
  {
    "review": "재밌게봤다! 재미있었는데 평점안좋네=_=",
    "date": "07.03.27",
    "rating": "10",
    "author": "hide****",
    "review_id": "1557502",
    "movie_id": "31195"
  },
  {
    "review": "재밌고 편하게 볼수있는 영화 나름좋았음",
    "date": "07.02.20",
    "rating": "9",
    "author": "cute****",
    "review_id": "1486907",
    "movie_id": "31195"
  },
  {
    "review": "비디오로보기에딱",
    "date": "07.02.05",
    "rating": "5",
    "author": "tkdd****",
    "review_id": "1445294",
    "movie_id": "31195"
  },
  {
    "review": "매력적산드라블록,내용은좀..보통그래도볼만하다웃음피식",
    "date": "07.01.25",
    "rating": "7",
    "author": "rhel****",
    "review_id": "1412087",
    "movie_id": "31195"
  },
  {
    "review": "티비용으로는8점극장용으로는5점",
    "date": "07.01.24",
    "rating": "8",
    "author": "kmi4****",
    "review_id": "1411175",
    "movie_id": "31195"
  },
  {
    "review": "산드라 40대 초반 입니다.",
    "date": "07.01.14",
    "rating": "8",
    "author": "kine****",
    "review_id": "1383590",
    "movie_id": "31195"
  },
  {
    "review": "스피드외에는 볼게 없는거 같다 이 배우영화는",
    "date": "07.01.08",
    "rating": "3",
    "author": "nala****",
    "review_id": "1367934",
    "movie_id": "31195"
  },
  {
    "review": "약간 억지 같지만.. 그래도 산드라 블록식의 코메디.. 좋아~!",
    "date": "07.01.01",
    "rating": "8",
    "author": "godd****",
    "review_id": "1348414",
    "movie_id": "31195"
  },
  {
    "review": "마지막은 좀 짜맞추기.. 그치만 재밌게 봤다. 에릭 멋있네..ㅎㅎ",
    "date": "06.12.18",
    "rating": "8",
    "author": "kida****",
    "review_id": "1303809",
    "movie_id": "31195"
  },
  {
    "review": "내 평점에 자비는 없다, 블록이 나온다고 해도..",
    "date": "06.12.16",
    "rating": "6",
    "author": "ion0****",
    "review_id": "1295360",
    "movie_id": "31195"
  },
  {
    "review": "그냥 무난한영화",
    "date": "06.11.28",
    "rating": "7",
    "author": "dptm****",
    "review_id": "1256517",
    "movie_id": "31195"
  },
  {
    "review": "그녀는 강하다",
    "date": "06.10.29",
    "rating": "8",
    "author": "tpsx****",
    "review_id": "1205557",
    "movie_id": "31195"
  },
  {
    "review": "산드라 블록 그녕의매력은 무한대!",
    "date": "06.10.22",
    "rating": "10",
    "author": "eute****",
    "review_id": "1194499",
    "movie_id": "31195"
  },
  {
    "review": "주인공들의 톡톡튀는 대사에 웃을수 밖에 없었다.",
    "date": "06.10.15",
    "rating": "9",
    "author": "ivy2****",
    "review_id": "1182700",
    "movie_id": "31195"
  },
  {
    "review": "산드라블록의 매력을 그대로 볼 수 있는 영화",
    "date": "06.09.17",
    "rating": "10",
    "author": "blue****",
    "review_id": "1127376",
    "movie_id": "31195"
  },
  {
    "review": "어렸을때 본건데 잼있었음",
    "date": "06.08.08",
    "rating": "10",
    "author": "nobl****",
    "review_id": "985941",
    "movie_id": "31195"
  },
  {
    "review": "여자의 변신이 무섭다는걸 보여주는 영화^^재미있다.",
    "date": "06.07.28",
    "rating": "8",
    "author": "epdd****",
    "review_id": "933790",
    "movie_id": "31195"
  },
  {
    "review": "부담없이 블록의 매력을 볼 수 있는 영화.그 이상의 기대는...;;",
    "date": "06.04.25",
    "rating": "7",
    "author": "deat****",
    "review_id": "775609",
    "movie_id": "31195"
  },
  {
    "review": "재밌었다",
    "date": "06.04.07",
    "rating": "8",
    "author": "kkae****",
    "review_id": "752217",
    "movie_id": "31195"
  },
  {
    "review": "너무 재미있게 봤음~~~~",
    "date": "06.04.03",
    "rating": "10",
    "author": "houg****",
    "review_id": "747172",
    "movie_id": "31195"
  },
  {
    "review": "산드라 블록 요즘 보기에 힘드러..머하낭",
    "date": "06.02.26",
    "rating": "6",
    "author": "shh7****",
    "review_id": "692260",
    "movie_id": "31195"
  },
  {
    "review": "94번님 그렇게 생각함. 그래도 그렇게 좋은영화는 아님 8점",
    "date": "06.02.16",
    "rating": "8",
    "author": "kiei****",
    "review_id": "674307",
    "movie_id": "31195"
  },
  {
    "review": "너무부담없는영화,산드라의미인대회출전도없었다면정말-_-...",
    "date": "06.02.13",
    "rating": "7",
    "author": "zinn****",
    "review_id": "668379",
    "movie_id": "31195"
  },
  {
    "review": "2편을봐봐라 1편에 10점만점을 줘도모자라다",
    "date": "06.02.06",
    "rating": "10",
    "author": "love****",
    "review_id": "652005",
    "movie_id": "31195"
  },
  {
    "review": "그냥 재미로 볼만",
    "date": "06.01.10",
    "rating": "8",
    "author": "lind****",
    "review_id": "576883",
    "movie_id": "31195"
  },
  {
    "review": "별루다..",
    "date": "06.01.03",
    "rating": "6",
    "author": "clou****",
    "review_id": "557469",
    "movie_id": "31195"
  },
  {
    "review": "2편보다는 뛰어나다",
    "date": "05.12.27",
    "rating": "5",
    "author": "kws7****",
    "review_id": "532738",
    "movie_id": "31195"
  },
  {
    "review": "이런영화에 8점이라니",
    "date": "05.12.22",
    "rating": "1",
    "author": "blue****",
    "review_id": "521255",
    "movie_id": "31195"
  },
  {
    "review": "뻔하지만 웃긴영화 .ㅋ",
    "date": "05.12.21",
    "rating": "9",
    "author": "bean****",
    "review_id": "518814",
    "movie_id": "31195"
  },
  {
    "review": "유쾌함과감동을이보다더잘버무려놓을순없다!",
    "date": "05.10.27",
    "rating": "10",
    "author": "dusr****",
    "review_id": "456410",
    "movie_id": "31195"
  },
  {
    "review": "굿",
    "date": "05.09.26",
    "rating": "10",
    "author": "minn****",
    "review_id": "423464",
    "movie_id": "31195"
  },
  {
    "review": "킬링 타임",
    "date": "05.09.22",
    "rating": "5",
    "author": "ch1s****",
    "review_id": "417592",
    "movie_id": "31195"
  },
  {
    "review": "가볍게 볼만함",
    "date": "05.08.28",
    "rating": "9",
    "author": "hong****",
    "review_id": "386790",
    "movie_id": "31195"
  },
  {
    "review": "굿",
    "date": "05.08.27",
    "rating": "8",
    "author": "chun****",
    "review_id": "385514",
    "movie_id": "31195"
  },
  {
    "review": "되게 재밌었다.",
    "date": "05.08.20",
    "rating": "10",
    "author": "chs1****",
    "review_id": "375713",
    "movie_id": "31195"
  },
  {
    "review": "볼만함 재미있음",
    "date": "05.08.16",
    "rating": "6",
    "author": "okjo****",
    "review_id": "370497",
    "movie_id": "31195"
  },
  {
    "review": "그냥 가끔 가볍게 보기 좋은 영화",
    "date": "05.08.15",
    "rating": "7",
    "author": "yjle****",
    "review_id": "368121",
    "movie_id": "31195"
  },
  {
    "review": "미워할수 없는 산드라블록의 매력! 심심할때 보면 굿~",
    "date": "05.08.13",
    "rating": "9",
    "author": "para****",
    "review_id": "364375",
    "movie_id": "31195"
  }
]