[
  {
    "review": "베드신을 제외하고서도 나름 수작이 아닌가 한다. 단순히 오락을 추구한 영화는 아니다",
    "date": "15.07.27",
    "rating": "8",
    "author": "henr****",
    "review_id": "10149687",
    "movie_id": "31199"
  },
  {
    "review": "김지현 몸 보려고 봤는디 너무 예뻐유. 관음하고 싶어하는 심리를 어느 정도 그럭저럭 그렸네유.",
    "date": "15.07.26",
    "rating": "5",
    "author": "real****",
    "review_id": "10148284",
    "movie_id": "31199"
  },
  {
    "review": "영화가 무엇을 말하려는 건지..아이만 불쌍하네요.. 생명에대해 너무 가볍게 여겨지는듯..성 에만 치우치는듯해요..그러니 야한장면에만 왈가왈부 하죠..사랑보단 모성애가 더 강할수 있었을텐데..너무쉽게 아이는 팽겨치고 떠나버리다니..너무 현실성 없음...",
    "date": "15.06.02",
    "rating": "3",
    "author": "love****",
    "review_id": "9969706",
    "movie_id": "31199"
  },
  {
    "review": "김지현의 노출은 상상 이상이였다.",
    "date": "14.12.08",
    "rating": "6",
    "author": "zxvt****",
    "review_id": "9457514",
    "movie_id": "31199"
  },
  {
    "review": "돈이 궁 했나 보다.. 이분드ㄴ·",
    "date": "14.12.06",
    "rating": "1",
    "author": "devi****",
    "review_id": "9451673",
    "movie_id": "31199"
  },
  {
    "review": "스콜피오나이트라는 70년대 필리핀영화를 배우만 바꿔 리메이크한 것임 원작에 비해 영 아님~",
    "date": "14.08.11",
    "rating": "3",
    "author": "infu****",
    "review_id": "9066917",
    "movie_id": "31199"
  },
  {
    "review": "더운 여름날 밤. 독신남들이 보기에 딱 좋은 영화.ㅋ",
    "date": "14.04.27",
    "rating": "3",
    "author": "pont****",
    "review_id": "8675823",
    "movie_id": "31199"
  },
  {
    "review": "오매.. 지린다. 도대체 이 영화는..",
    "date": "14.02.12",
    "rating": "6",
    "author": "rldn****",
    "review_id": "8501824",
    "movie_id": "31199"
  },
  {
    "review": "진짜사나이 류수영 역시남자네",
    "date": "14.01.07",
    "rating": "10",
    "author": "imgo****",
    "review_id": "8357647",
    "movie_id": "31199"
  },
  {
    "review": "초딩 때 케이블에서 방송하던거 여러번 봤던 기억이 있다 ㅋㅋ",
    "date": "13.12.15",
    "rating": "7",
    "author": "tjrx****",
    "review_id": "8215230",
    "movie_id": "31199"
  },
  {
    "review": "이 영화는 늦은시각 채널을 돌리다 OCN에서 봐줘야 재밌음",
    "date": "13.10.29",
    "rating": "10",
    "author": "vkav****",
    "review_id": "8099163",
    "movie_id": "31199"
  },
  {
    "review": "이시절 룰라 김지현씨 참 이뻣네요.. 류수영,최철호씨 배드씬 연기도 좋았음.. 써머타임이란 노래.. 깨알같이 들어있는 운동권, 전두환 취임식 등의 정치코드.. 아무튼 볼만햇음",
    "date": "13.10.12",
    "rating": "7",
    "author": "danz****",
    "review_id": "8054739",
    "movie_id": "31199"
  },
  {
    "review": "볼만한 영화.",
    "date": "13.09.22",
    "rating": "6",
    "author": "eorn****",
    "review_id": "8009563",
    "movie_id": "31199"
  },
  {
    "review": "난이영화왠지모르게나름기억에남음 노래가좋앗음 뭔가특유의분위기가잇긴잇음",
    "date": "13.08.28",
    "rating": "7",
    "author": "jooy****",
    "review_id": "7928744",
    "movie_id": "31199"
  },
  {
    "review": "ㅋㅋ 류수영, 김지현의 흑역사..",
    "date": "13.08.27",
    "rating": "5",
    "author": "tn99****",
    "review_id": "7925834",
    "movie_id": "31199"
  },
  {
    "review": "김지현의 몸매 감상영화.... 그냥 애정물임",
    "date": "13.08.10",
    "rating": "5",
    "author": "adiv****",
    "review_id": "7866789",
    "movie_id": "31199"
  },
  {
    "review": "1점도 아깝ㄷ",
    "date": "13.08.10",
    "rating": "1",
    "author": "xpsp****",
    "review_id": "7865185",
    "movie_id": "31199"
  },
  {
    "review": "김지현 몸 보려고 봤는디 너무 이뻐유. 야해유.",
    "date": "13.08.10",
    "rating": "10",
    "author": "real****",
    "review_id": "7863818",
    "movie_id": "31199"
  },
  {
    "review": "ㅋ",
    "date": "13.07.22",
    "rating": "1",
    "author": "ske4****",
    "review_id": "7774007",
    "movie_id": "31199"
  },
  {
    "review": "ㅋ",
    "date": "13.07.18",
    "rating": "1",
    "author": "nf54****",
    "review_id": "7756355",
    "movie_id": "31199"
  },
  {
    "review": "최철호와 류수영의 으리가 빛난 영화!!",
    "date": "13.07.14",
    "rating": "10",
    "author": "only****",
    "review_id": "7739745",
    "movie_id": "31199"
  },
  {
    "review": "90년대 최고의 그룹 디바를 전면에 세운 육감적인 영화, 다만 연출력이 후졌다고 해야할까? 딱히 에로영화를 벗어나지 못한 골방관음영화를 벗어나지 못하니 재미는 안드로메다로 보내버린게 되버렸고, 남는것은 그녀의 훌륭한 몸매밖에 없구나..",
    "date": "13.07.05",
    "rating": "7",
    "author": "bajj****",
    "review_id": "7706565",
    "movie_id": "31199"
  },
  {
    "review": "옴ㅁㅅ",
    "date": "13.07.05",
    "rating": "10",
    "author": "iner****",
    "review_id": "7705977",
    "movie_id": "31199"
  },
  {
    "review": "이런걸 왜 만드지 싶다..... 아.... 류수영.........이런거에나 나오니까 안뜨지 ㅠㅠ 사람은 참 좋던데",
    "date": "13.06.11",
    "rating": "1",
    "author": "juno****",
    "review_id": "7627845",
    "movie_id": "31199"
  },
  {
    "review": "ㅋㅋㅋㅋ",
    "date": "13.05.15",
    "rating": "4",
    "author": "jinj****",
    "review_id": "7529026",
    "movie_id": "31199"
  },
  {
    "review": "아...진짜...",
    "date": "13.03.29",
    "rating": "1",
    "author": "pill****",
    "review_id": "7418688",
    "movie_id": "31199"
  },
  {
    "review": "솔직히 남편인척하고 들어가서 엎어져있는 김지현 응딩이 뒤에서 찰지게 살살몰떡치다 질내사정하는 장면 흥분도쩔음.  그래서 6점",
    "date": "13.02.17",
    "rating": "6",
    "author": "nowo****",
    "review_id": "7275693",
    "movie_id": "31199"
  },
  {
    "review": "....? 에로",
    "date": "13.02.08",
    "rating": "1",
    "author": "yuri****",
    "review_id": "7236925",
    "movie_id": "31199"
  },
  {
    "review": "케이블에거 가끔 해줌",
    "date": "12.12.13",
    "rating": "10",
    "author": "ukki****",
    "review_id": "6997144",
    "movie_id": "31199"
  },
  {
    "review": "0점",
    "date": "12.10.29",
    "rating": "1",
    "author": "nike****",
    "review_id": "6835502",
    "movie_id": "31199"
  },
  {
    "review": "제겐 몰입도잘되고 재밌게봤어요~ 지현언니 요즘엔 뭐하실런지..궁금해지네",
    "date": "12.05.22",
    "rating": "10",
    "author": "nina****",
    "review_id": "6320223",
    "movie_id": "31199"
  },
  {
    "review": "잘못된만남~ ㅜ",
    "date": "12.05.07",
    "rating": "1",
    "author": "naeg****",
    "review_id": "6278939",
    "movie_id": "31199"
  },
  {
    "review": "글쎄내용은좀...ㅎㅎㅎㅎㅎㅎㅎ",
    "date": "12.04.16",
    "rating": "3",
    "author": "jpaj****",
    "review_id": "6227140",
    "movie_id": "31199"
  },
  {
    "review": "그녀의 발연기.쫀득쫀득 찰진 배드신.. 그게 전부임...",
    "date": "12.03.30",
    "rating": "4",
    "author": "kis5****",
    "review_id": "6180236",
    "movie_id": "31199"
  },
  {
    "review": "10점 입니다.",
    "date": "12.03.25",
    "rating": "10",
    "author": "x_me****",
    "review_id": "6169122",
    "movie_id": "31199"
  },
  {
    "review": "노출한 여배우들중 최고의 몸매다..",
    "date": "12.02.17",
    "rating": "10",
    "author": "cmjt****",
    "review_id": "6081600",
    "movie_id": "31199"
  },
  {
    "review": "스토리도 괜찮고 재미있음.",
    "date": "12.02.13",
    "rating": "10",
    "author": "diam****",
    "review_id": "6071454",
    "movie_id": "31199"
  },
  {
    "review": "그렇게 심각했나 ? 베드신이 많아서 그랬지 난 쓰레기라는 생각까진 안들었는데 ....",
    "date": "11.11.26",
    "rating": "5",
    "author": "naya****",
    "review_id": "5870766",
    "movie_id": "31199"
  },
  {
    "review": "명작",
    "date": "11.11.25",
    "rating": "10",
    "author": "just****",
    "review_id": "5869287",
    "movie_id": "31199"
  },
  {
    "review": "수작임..........",
    "date": "11.11.20",
    "rating": "9",
    "author": "blue****",
    "review_id": "5859463",
    "movie_id": "31199"
  },
  {
    "review": "김지현 몸매 만 으로 10점 ~",
    "date": "11.04.02",
    "rating": "10",
    "author": "qkse****",
    "review_id": "5348541",
    "movie_id": "31199"
  },
  {
    "review": "다운 어케 받나요 ??",
    "date": "11.02.28",
    "rating": "10",
    "author": "gmld****",
    "review_id": "5283263",
    "movie_id": "31199"
  },
  {
    "review": "다운받고싶다?",
    "date": "11.02.19",
    "rating": "10",
    "author": "ldoo****",
    "review_id": "5256665",
    "movie_id": "31199"
  },
  {
    "review": "인간이면 누구나 훔쳐보기에 대해 매력을 느낀다..괜찮았던 영화",
    "date": "11.02.09",
    "rating": "6",
    "author": "thra****",
    "review_id": "5230485",
    "movie_id": "31199"
  },
  {
    "review": "감독이 말레나보고 감동받았나?ㅋㅋㅋㅋ",
    "date": "10.11.28",
    "rating": "1",
    "author": "sk80****",
    "review_id": "5001607",
    "movie_id": "31199"
  },
  {
    "review": "응",
    "date": "10.09.19",
    "rating": "1",
    "author": "wjdg****",
    "review_id": "4846706",
    "movie_id": "31199"
  },
  {
    "review": "여자 주연 참.... 이런 것들 만드는 한국이라는 국가 참...",
    "date": "10.09.12",
    "rating": "1",
    "author": "pria****",
    "review_id": "4831276",
    "movie_id": "31199"
  },
  {
    "review": "흥.",
    "date": "10.08.29",
    "rating": "3",
    "author": "dlwo****",
    "review_id": "4802740",
    "movie_id": "31199"
  },
  {
    "review": "이런 영화가 나온 시절도 있었다",
    "date": "10.07.06",
    "rating": "3",
    "author": "yser****",
    "review_id": "4616102",
    "movie_id": "31199"
  },
  {
    "review": "지금 CGV나온다 몸매는 인정ㅇ",
    "date": "10.06.24",
    "rating": "4",
    "author": "anyp****",
    "review_id": "4587989",
    "movie_id": "31199"
  },
  {
    "review": "김지현이 막장으로 치닫는 순간",
    "date": "10.05.07",
    "rating": "4",
    "author": "okco****",
    "review_id": "4484380",
    "movie_id": "31199"
  },
  {
    "review": "좋은몸매 가끔생각나지...",
    "date": "10.04.10",
    "rating": "9",
    "author": "a642****",
    "review_id": "4424380",
    "movie_id": "31199"
  },
  {
    "review": "한숨만 나는구나..",
    "date": "10.04.05",
    "rating": "1",
    "author": "alsd****",
    "review_id": "4412153",
    "movie_id": "31199"
  },
  {
    "review": "육감적인 몸매만 기억나지만.. 가끔 생각나는 영화...ㅋㅋㅋ",
    "date": "10.03.03",
    "rating": "8",
    "author": "sybb****",
    "review_id": "4332860",
    "movie_id": "31199"
  },
  {
    "review": "분위기가 너무 음침하고 우울해서 기분만 더러워지는 쓰레기 영화 스토리도 ㅉㅉ",
    "date": "10.02.26",
    "rating": "1",
    "author": "juny****",
    "review_id": "4320033",
    "movie_id": "31199"
  },
  {
    "review": "이런 명작 평점이 왜이래",
    "date": "09.11.24",
    "rating": "10",
    "author": "vkav****",
    "review_id": "3987431",
    "movie_id": "31199"
  },
  {
    "review": "김지현 가슴만 아니면....",
    "date": "09.09.29",
    "rating": "10",
    "author": "numb****",
    "review_id": "3859869",
    "movie_id": "31199"
  },
  {
    "review": "김지현 한 번 벗겨보자... 마음먹고 제작한 영화...",
    "date": "09.08.27",
    "rating": "3",
    "author": "imf0****",
    "review_id": "3791899",
    "movie_id": "31199"
  },
  {
    "review": "오로지 김지현.",
    "date": "09.08.08",
    "rating": "7",
    "author": "diri****",
    "review_id": "3722314",
    "movie_id": "31199"
  },
  {
    "review": "난 태열의 사랑도 사랑이라 생각한다...",
    "date": "09.07.21",
    "rating": "10",
    "author": "chyk****",
    "review_id": "3653198",
    "movie_id": "31199"
  },
  {
    "review": "性交 와 自慰行爲 그리고 執着 이 있고, 성적인 욕망이나 감정을 자극하는 데가 있다.",
    "date": "09.07.16",
    "rating": "7",
    "author": "moir****",
    "review_id": "3638455",
    "movie_id": "31199"
  },
  {
    "review": "첨부터 끝까지 살색",
    "date": "09.07.06",
    "rating": "1",
    "author": "damb****",
    "review_id": "3615270",
    "movie_id": "31199"
  },
  {
    "review": "좋은 영화요",
    "date": "09.07.01",
    "rating": "10",
    "author": "kidw****",
    "review_id": "3603831",
    "movie_id": "31199"
  },
  {
    "review": "이 정도면 영화 할만큼 했지 !",
    "date": "09.06.27",
    "rating": "10",
    "author": "lg14****",
    "review_id": "3594688",
    "movie_id": "31199"
  },
  {
    "review": "내조의 여왕 최철호씨가 여기 나왔구나 ㅋㅋㅋ",
    "date": "09.06.25",
    "rating": "10",
    "author": "lets****",
    "review_id": "3588137",
    "movie_id": "31199"
  },
  {
    "review": "김지현이 나와서 봤는데 숨막히는줄 알았음...후아",
    "date": "09.05.28",
    "rating": "8",
    "author": "ydd0****",
    "review_id": "3527174",
    "movie_id": "31199"
  },
  {
    "review": "몸매는 좋더라~~ㅎㅎㅎ",
    "date": "09.03.20",
    "rating": "4",
    "author": "iss2****",
    "review_id": "3375884",
    "movie_id": "31199"
  },
  {
    "review": "유부녀와의 슬픈 사랑",
    "date": "08.11.03",
    "rating": "10",
    "author": "reho****",
    "review_id": "3032648",
    "movie_id": "31199"
  },
  {
    "review": "별로 볼거 없든데",
    "date": "08.10.17",
    "rating": "5",
    "author": "seun****",
    "review_id": "3003616",
    "movie_id": "31199"
  },
  {
    "review": "너무 조심스럽다. 색깔이 있는 듯 하면서도 많이 어정쩡하다.",
    "date": "08.07.16",
    "rating": "4",
    "author": "vhzm****",
    "review_id": "2767837",
    "movie_id": "31199"
  },
  {
    "review": "짜임새는 없고 볼거리만 있는 것은 관객을  모독하는 일이다",
    "date": "08.05.25",
    "rating": "1",
    "author": "si2p****",
    "review_id": "2662540",
    "movie_id": "31199"
  },
  {
    "review": "저질",
    "date": "08.04.24",
    "rating": "1",
    "author": "che8****",
    "review_id": "2596529",
    "movie_id": "31199"
  },
  {
    "review": "여기서 기억나는 것은 오로지 벗은 몸 밖에 없다 스토리 정말 짜증",
    "date": "08.04.22",
    "rating": "1",
    "author": "deff****",
    "review_id": "2593402",
    "movie_id": "31199"
  },
  {
    "review": "시네마천국같은영화에비하면이런건 막장OOO기영화",
    "date": "08.02.14",
    "rating": "1",
    "author": "yjhs****",
    "review_id": "2444223",
    "movie_id": "31199"
  },
  {
    "review": "저는 재밌게 봤는데 다들 안좋게 평가하시네..",
    "date": "08.01.28",
    "rating": "10",
    "author": "skas****",
    "review_id": "2379691",
    "movie_id": "31199"
  },
  {
    "review": "상당한 싸구려물..",
    "date": "08.01.16",
    "rating": "1",
    "author": "evil****",
    "review_id": "2336572",
    "movie_id": "31199"
  },
  {
    "review": "에로물로 본다면 그리 나쁘지는 않지 않은가",
    "date": "08.01.08",
    "rating": "7",
    "author": "engm****",
    "review_id": "2307593",
    "movie_id": "31199"
  },
  {
    "review": "그래도 김지현때문에 참 많이봣다",
    "date": "07.10.12",
    "rating": "10",
    "author": "gyh4****",
    "review_id": "2084138",
    "movie_id": "31199"
  },
  {
    "review": "여주인공 대사할때 완전 웃김. 개그영화보다 더많이 웃겨줘서 3점 주게씀.",
    "date": "07.10.06",
    "rating": "3",
    "author": "moon****",
    "review_id": "2074624",
    "movie_id": "31199"
  },
  {
    "review": "다들 왜 싫어해요? 난 좋습니다.",
    "date": "07.09.30",
    "rating": "8",
    "author": "grea****",
    "review_id": "2062067",
    "movie_id": "31199"
  },
  {
    "review": "룰라 김지현의 정사씬.. 지금 그녀는 뭐하고 있을까?",
    "date": "07.09.17",
    "rating": "6",
    "author": "almo****",
    "review_id": "2026874",
    "movie_id": "31199"
  },
  {
    "review": "정말 누드씬외에는 볼것없는 최악구성의 영화.",
    "date": "07.09.09",
    "rating": "1",
    "author": "thep****",
    "review_id": "2010024",
    "movie_id": "31199"
  },
  {
    "review": "민주화 시대의 억눌린 영혼의 관음적 욕구 분출신고",
    "date": "07.09.09",
    "rating": "1",
    "author": "banl****",
    "review_id": "2009921",
    "movie_id": "31199"
  },
  {
    "review": "저기요 뭔 말하고 싶은데요?",
    "date": "07.09.03",
    "rating": "1",
    "author": "soul****",
    "review_id": "1998222",
    "movie_id": "31199"
  },
  {
    "review": "딱 1년후에 또 CGV에서 우려먹는구나..",
    "date": "07.07.30",
    "rating": "1",
    "author": "nowa****",
    "review_id": "1825676",
    "movie_id": "31199"
  },
  {
    "review": "에휴..참",
    "date": "07.07.18",
    "rating": "1",
    "author": "cjw2****",
    "review_id": "1788887",
    "movie_id": "31199"
  },
  {
    "review": "아직도 기억나는  최악의 영화",
    "date": "07.06.15",
    "rating": "2",
    "author": "qalh****",
    "review_id": "1701845",
    "movie_id": "31199"
  },
  {
    "review": "설마설마 했는데 역시 류수영이였어...놀라워라!",
    "date": "07.05.22",
    "rating": "3",
    "author": "jeon****",
    "review_id": "1651719",
    "movie_id": "31199"
  },
  {
    "review": "90년대 동남아국가 영화 `스콜피온`라는 영화표절",
    "date": "07.05.18",
    "rating": "1",
    "author": "shs0****",
    "review_id": "1644962",
    "movie_id": "31199"
  },
  {
    "review": "모든 인간이 한번쯤은 가졌을 법한 욕구의 터치.베드신을 좀만 줄였더라도..",
    "date": "07.05.12",
    "rating": "6",
    "author": "skat****",
    "review_id": "1633947",
    "movie_id": "31199"
  },
  {
    "review": "근래에 보기 드문 쒸레기.",
    "date": "07.05.07",
    "rating": "1",
    "author": "meth****",
    "review_id": "1626110",
    "movie_id": "31199"
  },
  {
    "review": "민주화 시대의 억눌린 영혼의 관음적 욕구 분출",
    "date": "07.04.30",
    "rating": "10",
    "author": "temp****",
    "review_id": "1612416",
    "movie_id": "31199"
  },
  {
    "review": "에로영화도 정치영화도 아닌 어정쩡한....자극적인 것만 기대되는 영화",
    "date": "07.04.07",
    "rating": "5",
    "author": "oklo****",
    "review_id": "1576515",
    "movie_id": "31199"
  },
  {
    "review": "케이블에서 하길래 그냥 봤다",
    "date": "07.04.05",
    "rating": "1",
    "author": "kwju****",
    "review_id": "1573767",
    "movie_id": "31199"
  },
  {
    "review": "그래도 나름 색깔이 느껴진 영화",
    "date": "07.02.25",
    "rating": "6",
    "author": "nala****",
    "review_id": "1499993",
    "movie_id": "31199"
  },
  {
    "review": "볼만",
    "date": "07.02.16",
    "rating": "3",
    "author": "ysuh****",
    "review_id": "1475518",
    "movie_id": "31199"
  },
  {
    "review": "이거찌고김지현대인기피증걸림.불후에쓰레기영화..",
    "date": "07.02.11",
    "rating": "1",
    "author": "kaka****",
    "review_id": "1462720",
    "movie_id": "31199"
  },
  {
    "review": "민주화 시대의 억눌린 영혼의 관음적인 욕구 분출.인상적이다.",
    "date": "07.01.15",
    "rating": "10",
    "author": "boys****",
    "review_id": "1385942",
    "movie_id": "31199"
  },
  {
    "review": "김지현 정말 촌스럽다..아낙네 스타일",
    "date": "06.12.19",
    "rating": "3",
    "author": "egyp****",
    "review_id": "1304101",
    "movie_id": "31199"
  },
  {
    "review": "그냥 에로비디오 수준.. 유명한 배우가 나온다는 점이 다를 뿐",
    "date": "06.12.10",
    "rating": "3",
    "author": "jwy7****",
    "review_id": "1280937",
    "movie_id": "31199"
  }
]