[
  {
    "review": "세계 최고의 걸작 명품 영화",
    "date": "14.08.22",
    "rating": "10",
    "author": "yoon****",
    "review_id": "9122786",
    "movie_id": "31200"
  },
  {
    "review": "꽤 괜찮았다 예전 영화라 화질도 별로고 좀 촌스럽기도 하지만 예전엔 꽤 트렌디했을 듯여운이 남아 이렇게 평점도 남기고 검색질 중이다",
    "date": "14.05.22",
    "rating": "6",
    "author": "zink****",
    "review_id": "8754740",
    "movie_id": "31200"
  },
  {
    "review": "진부한 뻔한 스토리지만, 90년대의 순수한 감성이 더없이 좋다.",
    "date": "12.06.27",
    "rating": "7",
    "author": "ll3l****",
    "review_id": "6419687",
    "movie_id": "31200"
  },
  {
    "review": "처음의호기심유발하는예쁜화면은 중후반의느슨하고뻔한전개로 빛바래진다..",
    "date": "11.04.13",
    "rating": "3",
    "author": "myst****",
    "review_id": "5371235",
    "movie_id": "31200"
  },
  {
    "review": "고등학생때 처음본 트렌디영화였는데 정말 최고였다!!근데 왜 이거 DVD는 없는거야ㅠ",
    "date": "09.01.12",
    "rating": "8",
    "author": "jump****",
    "review_id": "3212466",
    "movie_id": "31200"
  },
  {
    "review": "멋진 생일선물 한번 받아 보실래요?",
    "date": "07.05.06",
    "rating": "7",
    "author": "seri****",
    "review_id": "1623454",
    "movie_id": "31200"
  },
  {
    "review": "이렇게 오래된 좋은 영화를 당신은 보아야한다.",
    "date": "06.12.28",
    "rating": "10",
    "author": "k2s0****",
    "review_id": "1337249",
    "movie_id": "31200"
  },
  {
    "review": "잠이 안와 행복했을때를 떠올릴때 항상 당신이 첫번째였어요!!^^",
    "date": "06.12.04",
    "rating": "8",
    "author": "jshj****",
    "review_id": "1267452",
    "movie_id": "31200"
  },
  {
    "review": "에미,호나미,안즈,나오코,에리. 젊고 앳되어 보일 때가 있었지..",
    "date": "06.10.13",
    "rating": "7",
    "author": "lks3****",
    "review_id": "1178851",
    "movie_id": "31200"
  },
  {
    "review": "해피엔딩.불필요한 축제 장면 그러나 내용은 좋았음",
    "date": "06.04.22",
    "rating": "8",
    "author": "ente****",
    "review_id": "771216",
    "movie_id": "31200"
  },
  {
    "review": "80년초 작품인 줄 알았다.. 재미는 모르겟고 스토리가 영 지루.",
    "date": "06.03.14",
    "rating": "5",
    "author": "lshp****",
    "review_id": "716756",
    "movie_id": "31200"
  },
  {
    "review": "스즈키 호나미 , 스즈키 안주 보는 즐거움에 10만점..",
    "date": "05.04.24",
    "rating": "10",
    "author": "puff****",
    "review_id": "265074",
    "movie_id": "31200"
  },
  {
    "review": "제인생 최고의 영화네요^^주인공남자 정말멋지네요^^",
    "date": "05.02.15",
    "rating": "10",
    "author": "fnen****",
    "review_id": "220460",
    "movie_id": "31200"
  },
  {
    "review": "생일선물과 러브레터를 비교하는 당신 수준이 의심스럽네여",
    "date": "04.11.10",
    "rating": "7",
    "author": "hoya****",
    "review_id": "143360",
    "movie_id": "31200"
  },
  {
    "review": "잼없어 , 이것보다 러브레터가 훨배 재밋음",
    "date": "04.06.18",
    "rating": "1",
    "author": "ehfp****",
    "review_id": "56238",
    "movie_id": "31200"
  }
]