[
  {
    "review": "별로야 포스터가 헐씬 무서워",
    "date": "15.03.02",
    "rating": "1",
    "author": "slvl****",
    "review_id": "9753155",
    "movie_id": "31229"
  },
  {
    "review": "이게 1999년도 작품인지 모르고 2012년 10월에 봤는데,,,, 그럼에도 나름 세련된 반전에 반전을 거듭하는 스릴러물이라고 생각했다. 몰입도가 수준급. 나중에 이게 1999년 작품이란게 더 반전.... 엽기반전을 거듭하는 막장드라마의 원조격인듯.",
    "date": "12.10.04",
    "rating": "10",
    "author": "oran****",
    "review_id": "6761552",
    "movie_id": "31229"
  },
  {
    "review": "중반부터 솔직히 시망이네,, 뭔내용인지 짬뽕,,요미우리 다니 닮아서 2점준다",
    "date": "11.12.17",
    "rating": "2",
    "author": "7606****",
    "review_id": "5910224",
    "movie_id": "31229"
  },
  {
    "review": "중반까진 나름 볼만하나 원작이 잃어버린 뒷심을 히데오의 영화 버전도 고스란히..",
    "date": "11.05.31",
    "rating": "5",
    "author": "gall****",
    "review_id": "5458698",
    "movie_id": "31229"
  },
  {
    "review": "괜찮은 전개에서 뜬금 없는 결말. 여주인공 참 이쁜데 정신세계가 독특하군~",
    "date": "09.01.04",
    "rating": "7",
    "author": "teo0****",
    "review_id": "3188850",
    "movie_id": "31229"
  },
  {
    "review": "집중도를 잃지않게하는 내러티브는 좋은데 결말이 도식적이다",
    "date": "06.10.16",
    "rating": "6",
    "author": "lks3****",
    "review_id": "1184301",
    "movie_id": "31229"
  },
  {
    "review": "잘짜여진 스토리 느슨한 전개 어설픈 결말",
    "date": "05.12.30",
    "rating": "6",
    "author": "dhwj****",
    "review_id": "542750",
    "movie_id": "31229"
  },
  {
    "review": "요즘들어 반전있는 영화가 싫어졌어",
    "date": "05.08.26",
    "rating": "7",
    "author": "1231****",
    "review_id": "384426",
    "movie_id": "31229"
  },
  {
    "review": "내용은 그럭저럭 볼만한데 결말이 좀 어색하네요 ㅎㅎ",
    "date": "05.05.09",
    "rating": "7",
    "author": "real****",
    "review_id": "274114",
    "movie_id": "31229"
  },
  {
    "review": "흥미진진하면서 반전도 부담없는 영화",
    "date": "04.02.07",
    "rating": "7",
    "author": "jack****",
    "review_id": "17428",
    "movie_id": "31229"
  }
]