[
  {
    "review": "꾀 제밌습니다.. 한번 보세요!",
    "date": "14.04.15",
    "rating": "10",
    "author": "mshu****",
    "review_id": "8651335",
    "movie_id": "31230"
  },
  {
    "review": "최근에 나온 대형 크리쳐물 중에서 볼만한! 나름 스케일도 크고..",
    "date": "10.05.06",
    "rating": "8",
    "author": "wwge****",
    "review_id": "4482437",
    "movie_id": "31230"
  },
  {
    "review": "꽤 오래전에 빌려본비디오 괴수영화 별로 재미는 그다지..",
    "date": "08.03.28",
    "rating": "6",
    "author": "aqzz****",
    "review_id": "2545313",
    "movie_id": "31230"
  },
  {
    "review": "b급크리쳐물,고어씬안나오고,걍 아나콘다급",
    "date": "08.02.26",
    "rating": "7",
    "author": "ghwl****",
    "review_id": "2485509",
    "movie_id": "31230"
  },
  {
    "review": "재미없다",
    "date": "07.12.17",
    "rating": "5",
    "author": "yoon****",
    "review_id": "2240796",
    "movie_id": "31230"
  },
  {
    "review": "그냥 거대괴물 나와서 봤다만 쩝.......",
    "date": "07.12.10",
    "rating": "10",
    "author": "kitt****",
    "review_id": "2220373",
    "movie_id": "31230"
  },
  {
    "review": "옥토퍼스 입은 봐줄만",
    "date": "07.08.05",
    "rating": "10",
    "author": "upto****",
    "review_id": "1879710",
    "movie_id": "31230"
  },
  {
    "review": "불쌍해서 내가 준다",
    "date": "07.03.11",
    "rating": "10",
    "author": "cjsc****",
    "review_id": "1529059",
    "movie_id": "31230"
  },
  {
    "review": "점수 팍 올려보자",
    "date": "07.03.05",
    "rating": "10",
    "author": "asa0****",
    "review_id": "1520381",
    "movie_id": "31230"
  },
  {
    "review": "뭐냐?",
    "date": "06.11.10",
    "rating": "1",
    "author": "guse****",
    "review_id": "1225273",
    "movie_id": "31230"
  },
  {
    "review": "처참하다. 비디오 빌려 볼 가치를 못느끼는 영화",
    "date": "06.09.05",
    "rating": "1",
    "author": "cube****",
    "review_id": "1105757",
    "movie_id": "31230"
  },
  {
    "review": "이거 20분보고 껏다.ㅡㅡ",
    "date": "06.08.16",
    "rating": "1",
    "author": "kbs1****",
    "review_id": "1043453",
    "movie_id": "31230"
  },
  {
    "review": "그래픽티 나는 괴물 허술한 스토리 허무한 결말 어색한 연기",
    "date": "06.06.25",
    "rating": "10",
    "author": "ajtw****",
    "review_id": "856186",
    "movie_id": "31230"
  },
  {
    "review": "장난하냐",
    "date": "06.06.04",
    "rating": "1",
    "author": "movi****",
    "review_id": "830912",
    "movie_id": "31230"
  },
  {
    "review": "정말 추한 튿수효과로 도배를 하는 영화",
    "date": "05.12.26",
    "rating": "1",
    "author": "kws7****",
    "review_id": "531542",
    "movie_id": "31230"
  }
]