[
  {
    "review": "2001년 당시엔  7명의 캐릭터들이 이리저리 꼬이는 상황을 나름 웃기게(?) 표현하여 볼만은 했는데  10년뒤 다시 보니 쓰레기더라. 그래도 첨 볼때 느낌 그대로 평점 드러가~",
    "date": "14.09.28",
    "rating": "6",
    "author": "gall****",
    "review_id": "9245597",
    "movie_id": "31245"
  },
  {
    "review": "나름 매력있는 영화. 재미는 없는데 어이가 없어서 웃긴다.",
    "date": "14.05.03",
    "rating": "7",
    "author": "howr****",
    "review_id": "8694831",
    "movie_id": "31245"
  },
  {
    "review": "ㅋㅋㅋㅋㅋㅋㅋㅋㅋㅋㅋㅋㅋㅋㅋㅋㅋㅋㅋㅋ",
    "date": "13.05.27",
    "rating": "1",
    "author": "mcsj****",
    "review_id": "7557621",
    "movie_id": "31245"
  },
  {
    "review": "이딴 영화 만들어놓고 스크린쿼터제사수해달라?",
    "date": "12.12.28",
    "rating": "1",
    "author": "poss****",
    "review_id": "7056988",
    "movie_id": "31245"
  },
  {
    "review": "예전에 봤었는데... 편의점 나오고.. 그것 밖에 기억에 없다...",
    "date": "12.07.21",
    "rating": "2",
    "author": "mong****",
    "review_id": "6505911",
    "movie_id": "31245"
  },
  {
    "review": "재미없다.....",
    "date": "12.04.27",
    "rating": "4",
    "author": "nent****",
    "review_id": "6249848",
    "movie_id": "31245"
  },
  {
    "review": "돈 서로갖겠다구 난리치는 스토리.식상하구 난잡하다.깔끔하지못함.",
    "date": "12.01.03",
    "rating": "4",
    "author": "kis5****",
    "review_id": "5956111",
    "movie_id": "31245"
  },
  {
    "review": "먼영환지모르겟지만 그래도 만점",
    "date": "11.01.09",
    "rating": "10",
    "author": "wjs4****",
    "review_id": "5142302",
    "movie_id": "31245"
  },
  {
    "review": "감독짱 ㅋ",
    "date": "10.03.05",
    "rating": "10",
    "author": "dlxo****",
    "review_id": "4336925",
    "movie_id": "31245"
  },
  {
    "review": "감독나와 ㅋㅋㅋㅋㅋㅋㅋㅋㅋㅋㅋㅋㅋㅋㅋㅋㅋㅋㅋㅋ",
    "date": "10.01.15",
    "rating": "1",
    "author": "snip****",
    "review_id": "4173300",
    "movie_id": "31245"
  },
  {
    "review": "감독나와 ..",
    "date": "09.05.31",
    "rating": "1",
    "author": "dpac****",
    "review_id": "3535369",
    "movie_id": "31245"
  },
  {
    "review": "무능한 감독은 전설작품'새벽의 7인'의 제목까지 순서만 바꿔 도용하나?",
    "date": "08.11.13",
    "rating": "1",
    "author": "sykm****",
    "review_id": "3047124",
    "movie_id": "31245"
  },
  {
    "review": "나름재밌었움",
    "date": "08.02.22",
    "rating": "10",
    "author": "audg****",
    "review_id": "2471869",
    "movie_id": "31245"
  },
  {
    "review": "이지현은 웨 이런 영화에 참..이지현이 아깝다.",
    "date": "07.10.04",
    "rating": "2",
    "author": "wh32****",
    "review_id": "2070542",
    "movie_id": "31245"
  },
  {
    "review": "호불호가 분명한, 나는 재미이었다!",
    "date": "07.07.13",
    "rating": "10",
    "author": "shon****",
    "review_id": "1770703",
    "movie_id": "31245"
  },
  {
    "review": "이런 영화를 기다렸습니다...",
    "date": "06.11.23",
    "rating": "10",
    "author": "flyn****",
    "review_id": "1247080",
    "movie_id": "31245"
  },
  {
    "review": "0점은 없나? 한국영화의 수치.....",
    "date": "06.11.19",
    "rating": "1",
    "author": "zzan****",
    "review_id": "1240011",
    "movie_id": "31245"
  },
  {
    "review": "이런 쓰래기 영화도 있었구나.ㅋㅋㅋ",
    "date": "06.08.19",
    "rating": "1",
    "author": "dalk****",
    "review_id": "1055659",
    "movie_id": "31245"
  },
  {
    "review": "이런답변을 기다린 분들에게 말합니다 비디오로 빌려보지마셈",
    "date": "06.03.31",
    "rating": "1",
    "author": "rhsk****",
    "review_id": "742253",
    "movie_id": "31245"
  },
  {
    "review": "재밋는데왜그러지ㅋ",
    "date": "06.02.21",
    "rating": "10",
    "author": "sy43****",
    "review_id": "684036",
    "movie_id": "31245"
  },
  {
    "review": "유치하지만... 그럭저럭... 기본빵",
    "date": "05.12.06",
    "rating": "7",
    "author": "good****",
    "review_id": "495741",
    "movie_id": "31245"
  },
  {
    "review": "극 저예산치곤 잘했다...",
    "date": "05.11.14",
    "rating": "10",
    "author": "pola****",
    "review_id": "474359",
    "movie_id": "31245"
  },
  {
    "review": "너무 어이없고 재미없어서 어처구니 없이 웃음만 나오더라...",
    "date": "05.10.15",
    "rating": "1",
    "author": "imys****",
    "review_id": "442705",
    "movie_id": "31245"
  },
  {
    "review": "유치해서 더 이상 못 보겠다 괜히 검색했다 채널 돌려야지",
    "date": "05.06.27",
    "rating": "1",
    "author": "s997****",
    "review_id": "307392",
    "movie_id": "31245"
  },
  {
    "review": "난 칼들고 제작사 쳐들어갈려고 했는데...",
    "date": "04.10.10",
    "rating": "1",
    "author": "klux****",
    "review_id": "123596",
    "movie_id": "31245"
  },
  {
    "review": "나름대로 돈도 좀 쓴영화 같은데.. 보다가 티비 부쉴 뻔했다..",
    "date": "04.09.13",
    "rating": "1",
    "author": "sexy****",
    "review_id": "107951",
    "movie_id": "31245"
  }
]