[
  {
    "review": "재밌게 봄 투가 안나와서 아쉬움 전 원작 못봤음",
    "date": "15.08.16",
    "rating": "9",
    "author": "arin****",
    "review_id": "10238700",
    "movie_id": "31269"
  },
  {
    "review": "원숭이와 뽀뽀신을보고 화장실에서 토를하고 나왔다",
    "date": "15.08.16",
    "rating": "1",
    "author": "mme0****",
    "review_id": "10238688",
    "movie_id": "31269"
  },
  {
    "review": "리메이크작인 이상 원작과 비교 안할수야 없겠지만 굳이 이게 원작때문데 똥취급 당할 그런 영화는 아니라고 본다. 7~8점은 받을만한 영화라고 생각",
    "date": "15.08.16",
    "rating": "8",
    "author": "muha****",
    "review_id": "10238660",
    "movie_id": "31269"
  },
  {
    "review": "역대최악의 리메이크를 싸지른 감독의 이름이 다름 아닌 팀 버튼. 스텝들이 불쌍해서 별 한 개라도 준다. 줄거리, 연출, 연기, 영상... 엉망이 아닌 건 대니 엘프먼의 음악과 에스텔라 워렌의 몸매 정도? 안타까움을 넘어 기가 찬다.",
    "date": "15.07.23",
    "rating": "2",
    "author": "paju****",
    "review_id": "10132514",
    "movie_id": "31269"
  },
  {
    "review": "설정도 좋고 재밌다. 최상위 포식자로서가 아닌 당하는 입장에서 생각해보게 되어 신선하다.",
    "date": "15.05.03",
    "rating": "10",
    "author": "berg****",
    "review_id": "9889200",
    "movie_id": "31269"
  },
  {
    "review": "재미있게 봤는데.... 원작에 비해서 재미가 없었다는 평이 많지만 꼭 어떤 점이 다르고 못하고 낫다는 식으로 영화를 봐야 한다고 생각하진 않는다. 이 영화 자체로 충분히 괜찮은 작품이었다고 생각한다. 결말을 휘몰아치긴 했어도.",
    "date": "15.05.03",
    "rating": "10",
    "author": "psye****",
    "review_id": "9889170",
    "movie_id": "31269"
  },
  {
    "review": "원작을 먼저 안봐서 좀 뻔하긴한데 재밌긴했다. 결말이 좀 당황스럽지만",
    "date": "15.01.16",
    "rating": "10",
    "author": "momc****",
    "review_id": "9602224",
    "movie_id": "31269"
  },
  {
    "review": "이거 2편은 안나오나 2편보고싶은데",
    "date": "15.01.16",
    "rating": "10",
    "author": "doa0****",
    "review_id": "9602218",
    "movie_id": "31269"
  },
  {
    "review": "맘에안드는완결임ㅋㅋㅋ",
    "date": "15.01.16",
    "rating": "5",
    "author": "dpff****",
    "review_id": "9602189",
    "movie_id": "31269"
  },
  {
    "review": "팀 버튼 만의 스타일로 만든 혹성탈출 원작 못지않는 재미",
    "date": "14.12.01",
    "rating": "8",
    "author": "adiv****",
    "review_id": "9438171",
    "movie_id": "31269"
  },
  {
    "review": "혹성탈출을 어릴때 이 영화로 처음 접했는데 그 당시 몸에 전율을 느끼면서 봤었던 기억이 있다. 완전 오리지날 혹성탈출 팬들한테는 까이는 작품중 하나지만 뭐 그딴건 내가 알바아니고 ㄲㄲ",
    "date": "14.11.22",
    "rating": "7",
    "author": "psy6****",
    "review_id": "9411730",
    "movie_id": "31269"
  },
  {
    "review": "예전에 처음 혹성탈출 시리즈를 접했지만 원작을 먼저 보지 않았지만 원작만큼이나 충실히 재미와 연출을 했을거라 본다 그것을 못보고 놓쳤다는것은 자신이 부족해서 생각이 좁았던 탓일거라 믿는다",
    "date": "14.10.30",
    "rating": "10",
    "author": "iog3****",
    "review_id": "9329992",
    "movie_id": "31269"
  },
  {
    "review": "저는 매우 재밌게 봤습니다",
    "date": "14.08.04",
    "rating": "10",
    "author": "flig****",
    "review_id": "9026567",
    "movie_id": "31269"
  },
  {
    "review": "이상한 러브라인만 아니였으면 몰입이 더 잘 될 것 같음우리가 지금은 우월한 종이라는 착각을 하면서 다른 종을 망가뜨리는데 곧 우리도 망가짐을 당할 것 같음다른 종, 모든 생명한테 잘하자",
    "date": "14.07.30",
    "rating": "8",
    "author": "tmvo****",
    "review_id": "8983090",
    "movie_id": "31269"
  },
  {
    "review": "원작의 재미를 따라 가지는 못하지만 킬링타임용으로 적절하군",
    "date": "14.07.26",
    "rating": "6",
    "author": "guev****",
    "review_id": "8962006",
    "movie_id": "31269"
  },
  {
    "review": "원작이 있기에 가려진 부분이 있다. 오리지널을 배제하고 본다면 나쁘지 않음",
    "date": "14.07.25",
    "rating": "8",
    "author": "ryus****",
    "review_id": "8956698",
    "movie_id": "31269"
  },
  {
    "review": "의외로  볼만하다.. 반전이 별로라서 문제지.. 특히 팀로스의 연기는 일품..",
    "date": "14.07.25",
    "rating": "8",
    "author": "kimb****",
    "review_id": "8956278",
    "movie_id": "31269"
  },
  {
    "review": "주인공 레오가 인간인 대나보다 유인원인 아리와 이루어졌으면 하고 생각한 건 나뿐일까..레오대위가 지구에돌아와 테드의동상을 보고  뻥진표정을 한 마지막장면은 언제봐도 참 압권임.",
    "date": "14.07.24",
    "rating": "9",
    "author": "ghkd****",
    "review_id": "8950163",
    "movie_id": "31269"
  },
  {
    "review": "원작의 리메이크 개념이라 할수 있는 작품이였지만 연기력도 아쉽고 연출이 먼가 부족했던 작품 원작을 본 팬이라면 실망감이 컸을 작품 특히 결말은 개봉당시 철저한 보안속에 유출을 막았는데 평론가나 기자들이 정말 충격적인 결말이다 그랬지만 현실은 안습일뿐",
    "date": "14.07.24",
    "rating": "5",
    "author": "goml****",
    "review_id": "8948319",
    "movie_id": "31269"
  },
  {
    "review": "10년전을 감안하면 분장이 리얼",
    "date": "14.07.24",
    "rating": "7",
    "author": "love****",
    "review_id": "8947630",
    "movie_id": "31269"
  },
  {
    "review": "그냥 원숭이 나오는 옛날 영화라고만 생각햇는데....여하튼 원작을 안봐서 그런건진 모르겟지만 이영화 진짜 대박인데...평점이 왜이따구지....",
    "date": "14.07.23",
    "rating": "9",
    "author": "kure****",
    "review_id": "8942378",
    "movie_id": "31269"
  },
  {
    "review": "아 요즘보는 시저랑 다른데 저런 양반이 아닌데....  영화 내용도없고 졸래 쫒기고 도망만침",
    "date": "14.07.21",
    "rating": "7",
    "author": "890l****",
    "review_id": "8937002",
    "movie_id": "31269"
  },
  {
    "review": "재미없음. 스토리 전개는 알겠는데  내용이 단순함.",
    "date": "14.07.20",
    "rating": "1",
    "author": "qw94****",
    "review_id": "8934754",
    "movie_id": "31269"
  },
  {
    "review": "충분히 잘만든 작품 ㅎㅎ",
    "date": "14.07.20",
    "rating": "10",
    "author": "gbwl****",
    "review_id": "8934704",
    "movie_id": "31269"
  },
  {
    "review": "재밌음 ㅋㅋㅋㅋ 근대마지막은 아직도 뭔소린지모르겠음",
    "date": "14.07.20",
    "rating": "10",
    "author": "m132****",
    "review_id": "8934703",
    "movie_id": "31269"
  },
  {
    "review": "남자 주인공이 맷 데이먼인줄 알았다는...",
    "date": "14.07.20",
    "rating": "6",
    "author": "audd****",
    "review_id": "8934677",
    "movie_id": "31269"
  },
  {
    "review": "설정이 다소 우습지만 계속빠져듬ㅋㅋ",
    "date": "14.07.20",
    "rating": "8",
    "author": "leeo****",
    "review_id": "8934637",
    "movie_id": "31269"
  },
  {
    "review": "나는 원작이 더 좋더라. 의상이나 미술이 어떻게 더 옛날게 더 자연스럽냐.. 설정도 원작이 더 낫다. 이건 어색해.",
    "date": "14.07.20",
    "rating": "9",
    "author": "juny****",
    "review_id": "8934246",
    "movie_id": "31269"
  },
  {
    "review": "1968년 혹성탈출 1에 비해 반전의 충격이 덜했다.원작에는 더 충실했지만..",
    "date": "14.07.20",
    "rating": "6",
    "author": "kjho****",
    "review_id": "8934143",
    "movie_id": "31269"
  },
  {
    "review": "영화사 3대반전 영화.. 식스센스 결말, 혹성탈출결말, 스타워즈 3 결말 .거기에 도전하는 이영화의 마지막 링컨동상 결말은 ..뭐 비슷한 류의 이블데드3 에서 주인공이 약빨고 자고 일어나서 지구 멸망한거 같은 결말과 쌍벽입니다.",
    "date": "14.07.18",
    "rating": "10",
    "author": "ghos****",
    "review_id": "8927206",
    "movie_id": "31269"
  },
  {
    "review": "살인의 추억 : 9점신세계 : 7점혹성탈출 시리즈 중에 가장 재미있음",
    "date": "14.07.18",
    "rating": "5",
    "author": "must****",
    "review_id": "8927189",
    "movie_id": "31269"
  },
  {
    "review": "저도 68년도껀 못봤지만 2001년 당시에 극장에서 봤었는데 정말 재밌었던 기억이 있습니다.  당시에 cg도 훌륭했고요^^",
    "date": "14.07.17",
    "rating": "10",
    "author": "ravi****",
    "review_id": "8925890",
    "movie_id": "31269"
  },
  {
    "review": "보다가 졸았다.,  거의 모든설정을 똑같이 따라갔으면서 인간이 말을못한다는 설정은 왜버린겨..?",
    "date": "14.07.17",
    "rating": "4",
    "author": "gus1****",
    "review_id": "8923941",
    "movie_id": "31269"
  },
  {
    "review": "혹성탈출 소재를 재밌게 구성",
    "date": "14.07.15",
    "rating": "7",
    "author": "dhfb****",
    "review_id": "8918917",
    "movie_id": "31269"
  },
  {
    "review": "팀 버튼 감독을 떠나서 그냥 삼류 영화.",
    "date": "14.07.15",
    "rating": "1",
    "author": "jjaj****",
    "review_id": "8917821",
    "movie_id": "31269"
  },
  {
    "review": "기존작의 명성이 추락했다",
    "date": "14.07.13",
    "rating": "6",
    "author": "yser****",
    "review_id": "8912203",
    "movie_id": "31269"
  },
  {
    "review": "매우잼있게봤다.. 주인공레오는 우주선타고 시공간을통하여 먼미래 인류멸망후 그사이 원숭이가 인간을 지배하는 미래지구로 불시착하여 엄청난 모험을 격게된다.. 그래서 그사이 원숭이가가 진화하여 서서히 인간을 정복하는과정.. 진화의시작 .. 반격의서막을 보자",
    "date": "14.07.12",
    "rating": "10",
    "author": "k061****",
    "review_id": "8907893",
    "movie_id": "31269"
  },
  {
    "review": "원작 안보고 보면 볼만하지만 원작 보고 보면 비추",
    "date": "14.07.09",
    "rating": "6",
    "author": "xx41****",
    "review_id": "8898187",
    "movie_id": "31269"
  },
  {
    "review": "개꿀잼이네요 이 영화  ㅇㅇ",
    "date": "14.07.06",
    "rating": "10",
    "author": "jsga****",
    "review_id": "8888221",
    "movie_id": "31269"
  },
  {
    "review": "개인적으로는 괜찮게 봤음. 혹성탈출이란 작품을 내게는 처음으로 알려준 영화.",
    "date": "14.07.02",
    "rating": "10",
    "author": "jhti****",
    "review_id": "8875912",
    "movie_id": "31269"
  },
  {
    "review": "난 증말 재밌게봤는데ㅠㅠ",
    "date": "14.07.02",
    "rating": "10",
    "author": "gree****",
    "review_id": "8875217",
    "movie_id": "31269"
  },
  {
    "review": "난 혹성탈출이란 영화가 있는지도 몰랐었고 이 영화로 처음 접했는데 정말 소재 자체가 충격적이었고 원숭이가 인간의 지능을 갖고 행동한다는게 정말 쇼크였다 게다가 결말부분은 정말 내가 살면서 받은 반전 충격중 하나로 손꼽힐정도였다 이정도면 수작이라 생각",
    "date": "14.06.26",
    "rating": "8",
    "author": "muta****",
    "review_id": "8858971",
    "movie_id": "31269"
  },
  {
    "review": "추억돋네 난 원작을 보진않앗지만  이거도 진짜 잼있음",
    "date": "14.06.21",
    "rating": "10",
    "author": "jelo****",
    "review_id": "8844931",
    "movie_id": "31269"
  },
  {
    "review": "팀버튼의 명성때문에 더 최악인 영화. 어떻거 팀버튼이 이딴 영화를..",
    "date": "14.04.24",
    "rating": "1",
    "author": "indi****",
    "review_id": "8670566",
    "movie_id": "31269"
  },
  {
    "review": "영상이나 스토리가 매끄럽지 않다. 돈때문에 만든 영화인듯",
    "date": "14.04.06",
    "rating": "6",
    "author": "suzh****",
    "review_id": "8633797",
    "movie_id": "31269"
  },
  {
    "review": "팀 버튼 의식하지 않고보면 엄청난 똥영화.",
    "date": "14.03.23",
    "rating": "5",
    "author": "seon****",
    "review_id": "8599373",
    "movie_id": "31269"
  },
  {
    "review": "원작의 그늘을 벗어나보려 했으나 그러기엔 스태프와 출연진 모두 원작의 드림팀보다 나은 역량이 보이질 않는다. 복잡하게 만들려다 꼬여버린 각본, 유인원을 사람같이 만들려는 분장의 역효과 등 기술의 향상이 무의미하다. 팀버튼에겐 그만의 영역이 따로 있다.",
    "date": "14.02.19",
    "rating": "6",
    "author": "dhka****",
    "review_id": "8520295",
    "movie_id": "31269"
  },
  {
    "review": "이것도 후한  점수인것 같다.",
    "date": "14.01.19",
    "rating": "3",
    "author": "tyle****",
    "review_id": "8398887",
    "movie_id": "31269"
  },
  {
    "review": "마지막 링컨동상 장면에서 관객보고 억지로 이해해달라고 하면 안된다. 뭐 억지로 이해할수도 있겠지만",
    "date": "13.12.23",
    "rating": "1",
    "author": "kimd****",
    "review_id": "8283315",
    "movie_id": "31269"
  },
  {
    "review": "원작을 리메이크했다기보다는 희화화했다는 느낌을 지울 수가 없다.",
    "date": "13.12.04",
    "rating": "5",
    "author": "mygr****",
    "review_id": "8188876",
    "movie_id": "31269"
  },
  {
    "review": "지루했다. 팀버튼 작품이라는것이 더 놀랍다.",
    "date": "13.11.26",
    "rating": "7",
    "author": "lipe****",
    "review_id": "8169931",
    "movie_id": "31269"
  },
  {
    "review": "원작과 다른것이 무엇인가",
    "date": "13.09.12",
    "rating": "4",
    "author": "rjsw****",
    "review_id": "7970533",
    "movie_id": "31269"
  },
  {
    "review": "그래도 휴먼 비즈니스는 재밌었음",
    "date": "13.07.26",
    "rating": "4",
    "author": "expr****",
    "review_id": "7788279",
    "movie_id": "31269"
  },
  {
    "review": "나름 볼만하던데요 ㅎㅎ",
    "date": "13.07.15",
    "rating": "8",
    "author": "mora****",
    "review_id": "7745158",
    "movie_id": "31269"
  },
  {
    "review": "원작이 더나은듯...",
    "date": "13.07.12",
    "rating": "4",
    "author": "f_09****",
    "review_id": "7729844",
    "movie_id": "31269"
  },
  {
    "review": "영화 감독이 팀 버튼이라는것이 최대 반전",
    "date": "13.06.02",
    "rating": "6",
    "author": "soqu****",
    "review_id": "7571863",
    "movie_id": "31269"
  },
  {
    "review": "90년대까지 팀버튼은 영화 참 잘만들던 감독이었는데 이이후로..",
    "date": "13.05.18",
    "rating": "2",
    "author": "khmj****",
    "review_id": "7537805",
    "movie_id": "31269"
  },
  {
    "review": "이것도 명작이다.",
    "date": "13.05.04",
    "rating": "10",
    "author": "taei****",
    "review_id": "7506497",
    "movie_id": "31269"
  },
  {
    "review": "역시 원작이 최고",
    "date": "13.05.01",
    "rating": "5",
    "author": "dave****",
    "review_id": "7499408",
    "movie_id": "31269"
  },
  {
    "review": "리메이크의 생명은 창의력이다",
    "date": "13.04.10",
    "rating": "4",
    "author": "skat****",
    "review_id": "7448484",
    "movie_id": "31269"
  },
  {
    "review": "원작에 대한 예우 차원에서 저 점수라도 주는거임",
    "date": "13.03.20",
    "rating": "3",
    "author": "ming****",
    "review_id": "7373110",
    "movie_id": "31269"
  },
  {
    "review": "명작을 패러디한 팀버튼... 쓰레기",
    "date": "13.02.28",
    "rating": "3",
    "author": "yoon****",
    "review_id": "7308250",
    "movie_id": "31269"
  },
  {
    "review": "으으... 결국 미래에는 유인원들한테 당한다는 이야기인가.ㄷㄷ 주인공이 피곤하게 되었군.ㅋ",
    "date": "13.02.01",
    "rating": "8",
    "author": "hial****",
    "review_id": "7207259",
    "movie_id": "31269"
  },
  {
    "review": "재밌었고 마지막 반전 짱이에여 근데 남주 어장관리 쩌네요",
    "date": "13.01.09",
    "rating": "9",
    "author": "lyg1****",
    "review_id": "7094180",
    "movie_id": "31269"
  },
  {
    "review": "굿",
    "date": "12.12.27",
    "rating": "10",
    "author": "wjd7****",
    "review_id": "7052733",
    "movie_id": "31269"
  },
  {
    "review": "좀 지루하고 좀그지같은데 그럭저럭 볼만",
    "date": "12.12.15",
    "rating": "7",
    "author": "ban1****",
    "review_id": "7007578",
    "movie_id": "31269"
  },
  {
    "review": "영화의 개연성이 떨어짐, 같은 언어를 사용하는데 의사소통을 하려하지 않는 점에서 예전의 백인과 인디언 or 백인과 흑인의 관계가 생각남, 그런데 그런걸 다 떠나서 영화 정말 더럽게 재미없게 만들었다",
    "date": "12.11.25",
    "rating": "2",
    "author": "coco****",
    "review_id": "6925104",
    "movie_id": "31269"
  },
  {
    "review": "난 그래도 재밌게 봤음ㅋㅋ혹성탈출 시리즈는 결말이 흔하지 않고 뻔하지 않은 깊은 반전을 줘서 맘에드는데, 이번은 영화를 풀어가면서 내용설명이 다소 부족했고 너무 비현실적이었음. 그럭저럭 나쁘진 않았던 듯. 유치할지도 모름.",
    "date": "12.11.01",
    "rating": "6",
    "author": "mglo****",
    "review_id": "6842712",
    "movie_id": "31269"
  },
  {
    "review": "재밌게 봤음.",
    "date": "12.10.30",
    "rating": "8",
    "author": "kem1****",
    "review_id": "6835977",
    "movie_id": "31269"
  },
  {
    "review": "볼만하다. 그렇지만 혹성탈출 1을 맡았던 그 말 못하는 여주인공이 개인적으로 지금 여주인공보다 너무나도 예뻤다.",
    "date": "12.10.12",
    "rating": "10",
    "author": "fjqm****",
    "review_id": "6789841",
    "movie_id": "31269"
  },
  {
    "review": "평점이 생각보다 낮다.",
    "date": "12.10.08",
    "rating": "10",
    "author": "jong****",
    "review_id": "6774998",
    "movie_id": "31269"
  },
  {
    "review": "나름대로 볼만했다. 원숭이지만 표정연기같은게 살아있었는데 ㅎㅎ 마지막으로 고인배우에 대한 명복을 빈다.",
    "date": "12.09.04",
    "rating": "9",
    "author": "dhfj****",
    "review_id": "6669972",
    "movie_id": "31269"
  },
  {
    "review": "팀버튼꺼 치고 그렇게 괴짜도 아니고 잼잇다~~ 2012년작은 2001년의 복선~~ㅎㅎㅎ특히 여기 여주인공 진짜 이뻐~~~초딩때 반햇엇는데...지금은 아줌마 ㅠㅠㅠㅠㅠ",
    "date": "12.09.03",
    "rating": "10",
    "author": "king****",
    "review_id": "6668461",
    "movie_id": "31269"
  },
  {
    "review": "..애매 하다.",
    "date": "12.08.01",
    "rating": "3",
    "author": "qhrb****",
    "review_id": "6561585",
    "movie_id": "31269"
  },
  {
    "review": "팀버튼 팬이지만 68년작에 비해 다소 실망적인건 사실이다..",
    "date": "12.07.22",
    "rating": "7",
    "author": "blue****",
    "review_id": "6512510",
    "movie_id": "31269"
  },
  {
    "review": "고전에 대한 모독, 놀라움은 사라지고 헛웃음만 나오게한다",
    "date": "12.07.04",
    "rating": "1",
    "author": "sonm****",
    "review_id": "6443066",
    "movie_id": "31269"
  },
  {
    "review": "평점이 왜케 낮지???? 이영화쩔었는데",
    "date": "12.06.23",
    "rating": "10",
    "author": "ookb****",
    "review_id": "6410079",
    "movie_id": "31269"
  },
  {
    "review": "언제나 등장하는 원숭이의 습격",
    "date": "12.06.10",
    "rating": "8",
    "author": "happ****",
    "review_id": "6382042",
    "movie_id": "31269"
  },
  {
    "review": "더도말고 6점 이유는 영화보면 딱 공감하실듯",
    "date": "12.05.10",
    "rating": "6",
    "author": "vlfg****",
    "review_id": "6286004",
    "movie_id": "31269"
  },
  {
    "review": "그냥욱김ㅋㅋ특히고릴라쇅히들ㅋㅋ행동하나하나말하는거전부골때림ㅋㅋ 거지영화",
    "date": "12.04.27",
    "rating": "1",
    "author": "dksd****",
    "review_id": "6249635",
    "movie_id": "31269"
  },
  {
    "review": "무엇보다 전작에대한 존중이 너무 부족하다. 팀버튼 특유의 유머도 맘에 안들고;",
    "date": "12.04.14",
    "rating": "2",
    "author": "gog2****",
    "review_id": "6220141",
    "movie_id": "31269"
  },
  {
    "review": "마크윌버그가 나옴에도 80년대 영화인줄 알았다.. 정말 못만들었지만 결말만은 상당히 괜찮다",
    "date": "12.04.10",
    "rating": "4",
    "author": "blon****",
    "review_id": "6205880",
    "movie_id": "31269"
  },
  {
    "review": "리메이크에 걸맞는 영상인데 줄거리와 연출력이 부실함.",
    "date": "12.04.10",
    "rating": "6",
    "author": "rail****",
    "review_id": "6205694",
    "movie_id": "31269"
  },
  {
    "review": "영화 메시지가 뭔가를 말하려고 하는 것 같기도 하고.... 결말은...",
    "date": "12.04.02",
    "rating": "6",
    "author": "king****",
    "review_id": "6188549",
    "movie_id": "31269"
  },
  {
    "review": "솔직히 원작보다 훨씬낫다 원작 무슨 인간이 말도못하게설정해놨어",
    "date": "12.03.26",
    "rating": "10",
    "author": "sdy0****",
    "review_id": "6170546",
    "movie_id": "31269"
  },
  {
    "review": "기대없이 봤는데 꽤 괜찮았다. 이블데드3 급의 엔딩.",
    "date": "12.02.09",
    "rating": "8",
    "author": "pree****",
    "review_id": "6063287",
    "movie_id": "31269"
  },
  {
    "review": "이번 영화도 팀버튼 특유의 화려하고 기교없는 웅장함에 감탄합니다. 별점 만개도 아깝잖네요^^",
    "date": "12.01.31",
    "rating": "10",
    "author": "myyi****",
    "review_id": "6040547",
    "movie_id": "31269"
  },
  {
    "review": "원작이 워낙 훌륭하니 리메이크 해도 괜찮은 듯",
    "date": "12.01.23",
    "rating": "9",
    "author": "ccpp****",
    "review_id": "6010863",
    "movie_id": "31269"
  },
  {
    "review": "원숭이 분장이 왜 이리 자꾸 웃기기만 하지",
    "date": "12.01.23",
    "rating": "8",
    "author": "rame****",
    "review_id": "6010861",
    "movie_id": "31269"
  },
  {
    "review": "볼만했다",
    "date": "12.01.23",
    "rating": "8",
    "author": "kpcc****",
    "review_id": "6010860",
    "movie_id": "31269"
  },
  {
    "review": "결말 때문에 4점.",
    "date": "12.01.22",
    "rating": "4",
    "author": "87_0****",
    "review_id": "6009555",
    "movie_id": "31269"
  },
  {
    "review": "ㅋㅋ재밌는데.. 1점은뭐죠 마지막에 반전이 재밌네요",
    "date": "12.01.22",
    "rating": "10",
    "author": "yunx****",
    "review_id": "6008832",
    "movie_id": "31269"
  },
  {
    "review": "TV에서 하는걸 봤는데 의외로 재미있었다.",
    "date": "12.01.08",
    "rating": "9",
    "author": "jhle****",
    "review_id": "5970954",
    "movie_id": "31269"
  },
  {
    "review": "7점대는 되야지.",
    "date": "12.01.08",
    "rating": "10",
    "author": "kang****",
    "review_id": "5970842",
    "movie_id": "31269"
  },
  {
    "review": "역시 팀버튼 엄청나다!!",
    "date": "11.12.22",
    "rating": "9",
    "author": "kjsg****",
    "review_id": "5922821",
    "movie_id": "31269"
  },
  {
    "review": "난 도대체 왜 이 영화를 본 걸까",
    "date": "11.11.16",
    "rating": "1",
    "author": "alpi****",
    "review_id": "5852470",
    "movie_id": "31269"
  },
  {
    "review": "미래에서 현잰지 과거에서 현재인지 등 이해는 못했지만 재밌네요. 생각하는 재미",
    "date": "11.11.02",
    "rating": "10",
    "author": "gyum****",
    "review_id": "5824305",
    "movie_id": "31269"
  },
  {
    "review": "마지막에... 눈물 뚝뚝 ㅠ",
    "date": "11.09.25",
    "rating": "10",
    "author": "cuji****",
    "review_id": "5752211",
    "movie_id": "31269"
  },
  {
    "review": "원숭이의 반란을 보고 울뻔햇음",
    "date": "11.09.25",
    "rating": "10",
    "author": "lees****",
    "review_id": "5752160",
    "movie_id": "31269"
  },
  {
    "review": "혹성 탈출이라는 영화의 재미남을 알려 줬어요.",
    "date": "11.09.18",
    "rating": "10",
    "author": "ging****",
    "review_id": "5739418",
    "movie_id": "31269"
  }
]