[
  {
    "review": "재미없다",
    "date": "11.10.24",
    "rating": "3",
    "author": "dbzh****",
    "review_id": "5806863",
    "movie_id": "31260"
  },
  {
    "review": "심천에 가기 싫어졌다;;;",
    "date": "11.09.15",
    "rating": "7",
    "author": "twis****",
    "review_id": "5734534",
    "movie_id": "31260"
  },
  {
    "review": "홍콩영화상 최고의 로맨틱코미디",
    "date": "09.12.13",
    "rating": "9",
    "author": "lgu1****",
    "review_id": "4038847",
    "movie_id": "31260"
  },
  {
    "review": "너무나 사랑스러운 정수문!! 상콤한 로맨틱 코메디!!",
    "date": "09.04.17",
    "rating": "10",
    "author": "mpua****",
    "review_id": "3425662",
    "movie_id": "31260"
  },
  {
    "review": "난 보는내내 웃었구만..평점이 낮구만..여자 귀여워",
    "date": "09.03.13",
    "rating": "9",
    "author": "drag****",
    "review_id": "3362732",
    "movie_id": "31260"
  },
  {
    "review": "모든 역할을 완벽히 소화하는 유덕화.... 나에겐 세계최고 배우다",
    "date": "08.02.10",
    "rating": "10",
    "author": "anit****",
    "review_id": "2430226",
    "movie_id": "31260"
  },
  {
    "review": "그냥 약간 재밌었음..",
    "date": "08.01.03",
    "rating": "7",
    "author": "hoju****",
    "review_id": "2294289",
    "movie_id": "31260"
  },
  {
    "review": "good",
    "date": "07.11.30",
    "rating": "4",
    "author": "cles****",
    "review_id": "2194757",
    "movie_id": "31260"
  },
  {
    "review": "유쾌한 사랑영화",
    "date": "07.10.01",
    "rating": "9",
    "author": "lyt5****",
    "review_id": "2063717",
    "movie_id": "31260"
  },
  {
    "review": "두기봉의영화는대사가많은영화와대사가적은영화로 구분",
    "date": "07.09.13",
    "rating": "10",
    "author": "cjsa****",
    "review_id": "2018371",
    "movie_id": "31260"
  },
  {
    "review": "유쾌하고 재미있는 영화입니다",
    "date": "07.08.24",
    "rating": "8",
    "author": "lsk2****",
    "review_id": "1973517",
    "movie_id": "31260"
  },
  {
    "review": "재밋다",
    "date": "07.06.28",
    "rating": "4",
    "author": "ysuh****",
    "review_id": "1725215",
    "movie_id": "31260"
  },
  {
    "review": "편하게 즐길 수 있는 영화",
    "date": "07.05.25",
    "rating": "8",
    "author": "kaen****",
    "review_id": "1659516",
    "movie_id": "31260"
  },
  {
    "review": "귀엽고 사랑스럽긴 한데 재미가 없다",
    "date": "07.02.25",
    "rating": "2",
    "author": "okjo****",
    "review_id": "1501372",
    "movie_id": "31260"
  },
  {
    "review": "귀여운영화유덕화같은남자데려와~~~ㅋ",
    "date": "07.02.14",
    "rating": "9",
    "author": "runa****",
    "review_id": "1468990",
    "movie_id": "31260"
  },
  {
    "review": "코믹적이면서로맨스있는영화^-^)유덕화편안한연기가보인다//",
    "date": "04.10.27",
    "rating": "10",
    "author": "6449****",
    "review_id": "133828",
    "movie_id": "31260"
  },
  {
    "review": "유덕화에게 반하게된 영화이다,정말루 재밌구 유덕화 멋잇어ㅎㅎ",
    "date": "04.08.31",
    "rating": "10",
    "author": "both****",
    "review_id": "100217",
    "movie_id": "31260"
  },
  {
    "review": "너무너무 재밌어요~ 유덕화 너무 귀엽잖우... ^^",
    "date": "04.02.04",
    "rating": "10",
    "author": "moon****",
    "review_id": "15916",
    "movie_id": "31260"
  },
  {
    "review": "2004.2.4,, 정말 이 영화를 보면서 시간이 가지 않기를 바랬다,",
    "date": "04.02.04",
    "rating": "10",
    "author": "arka****",
    "review_id": "15908",
    "movie_id": "31260"
  }
]