[
  {
    "review": "아 추억의 영화...어릴때 감명깊게 봤는데",
    "date": "13.02.13",
    "rating": "10",
    "author": "mnb8****",
    "review_id": "7257917",
    "movie_id": "31261"
  },
  {
    "review": "와완전 감동 영화",
    "date": "12.09.04",
    "rating": "10",
    "author": "9893****",
    "review_id": "6669763",
    "movie_id": "31261"
  },
  {
    "review": "된장찌개 같은 영화랄까,,, 보고 나서 맘이 푸근해지는 느낌이다.",
    "date": "12.04.24",
    "rating": "8",
    "author": "joe1****",
    "review_id": "6242563",
    "movie_id": "31261"
  },
  {
    "review": "이거대박재밋는대 장난하나 ㅡㅡㅡ",
    "date": "09.07.05",
    "rating": "10",
    "author": "ya9r****",
    "review_id": "3612055",
    "movie_id": "31261"
  },
  {
    "review": "나도 늙었다. 어릴때라면 재밌게 봤을 영화일텐데.",
    "date": "08.08.07",
    "rating": "6",
    "author": "kjnz****",
    "review_id": "2846886",
    "movie_id": "31261"
  },
  {
    "review": "이런류의 영화는 20년전에 나와야하지 않나?",
    "date": "07.10.02",
    "rating": "1",
    "author": "stra****",
    "review_id": "2066392",
    "movie_id": "31261"
  },
  {
    "review": "만화같은 설정은 우습지만 배경이 좋고 아기곰들이 너무 귀엽다",
    "date": "07.09.25",
    "rating": "3",
    "author": "nala****",
    "review_id": "2048305",
    "movie_id": "31261"
  },
  {
    "review": "어릴때 비디오로 빌려봤는데,,지금은 모르겠지만 그땐 좋았음.",
    "date": "06.02.24",
    "rating": "10",
    "author": "yeei****",
    "review_id": "689669",
    "movie_id": "31261"
  },
  {
    "review": "rhadlajtwjdy",
    "date": "06.01.11",
    "rating": "10",
    "author": "dw01****",
    "review_id": "580209",
    "movie_id": "31261"
  },
  {
    "review": "꽤 재밌슴니다^^",
    "date": "06.01.10",
    "rating": "9",
    "author": "srcg****",
    "review_id": "577112",
    "movie_id": "31261"
  },
  {
    "review": "괜찮아요~^^",
    "date": "05.08.08",
    "rating": "9",
    "author": "crie****",
    "review_id": "358304",
    "movie_id": "31261"
  }
]