[
  {
    "review": "굉장히 여운이 남음... 주제곡도 최고",
    "date": "15.06.15",
    "rating": "10",
    "author": "ikku****",
    "review_id": "10001317",
    "movie_id": "31262"
  },
  {
    "review": "10점이 만점이라 더 주고싶어도 더 줄수가 없네.. 정말 아빠와 아들을 보는듯한 그의 애절한 눈빛,말투..'패왕별희' 이후로 처음보고 3번을 더 보게 만든 영화였습니다 ^^ 가슴이 얼마나 먹먹하던지.. 장국영의 새로운 모습 정말 강력추천합니다!",
    "date": "15.03.01",
    "rating": "10",
    "author": "tkfl****",
    "review_id": "9749590",
    "movie_id": "31262"
  },
  {
    "review": "레슬리의 따뜻한 부성애 연기는 정말 자연스러워서 더더욱 안타까운 기분 ㅠㅠ당시 탑 스타였지만 홍콩달러로 1달러만 받고 출연할 정도로 연기에 대한 열정과 사랑을 느낄 수 있는 영화예요...",
    "date": "14.05.20",
    "rating": "10",
    "author": "rain****",
    "review_id": "8749035",
    "movie_id": "31262"
  },
  {
    "review": "말이 필요없는 장국영의 영화!",
    "date": "14.04.27",
    "rating": "10",
    "author": "ssc4****",
    "review_id": "8678019",
    "movie_id": "31262"
  },
  {
    "review": "예전에 본 영화들 중 가끔 다시 되새겨보는 영화가 있어요. 가끔 힘들때 영화에서 본 기억들, 느낌들이 힘이 되어 주곤 해요. 오래전에 본 영화라 영화의 구체적인 것들은 기억나진 않지만 오늘은 더욱 많이 생각날 것 같아요.",
    "date": "14.04.01",
    "rating": "10",
    "author": "heav****",
    "review_id": "8622265",
    "movie_id": "31262"
  },
  {
    "review": "아시아권을넘어 세계적 예인(藝人)으로 살다간 \"그\" 가 가고 난 후에도 지금까지 난 그를 동시대 사람으로 늘 그리워하기에 혹시 내가 그의 흔적 무엇인가를 놓쳤을까봐 찾아보고 또 찾아본다. 그리고 지금 놓쳤던 그의 흔적 유성어를 지금 보고있다.",
    "date": "13.11.20",
    "rating": "10",
    "author": "119h****",
    "review_id": "8155402",
    "movie_id": "31262"
  },
  {
    "review": "보면서 계속 울 었다. 마음이 짠하고 훈훈한 영화였다.이때까지 보면서 장국영씨의 새로운 모습? 꼭 보시길 ^^*",
    "date": "13.04.26",
    "rating": "10",
    "author": "kimj****",
    "review_id": "7484356",
    "movie_id": "31262"
  },
  {
    "review": "떠난지 10년이 되는 오늘 평점 주려고 기다리고 있었다",
    "date": "13.04.01",
    "rating": "10",
    "author": "thef****",
    "review_id": "7429088",
    "movie_id": "31262"
  },
  {
    "review": "뼛속까지 훈훈해진다 장국영님이 그립네요",
    "date": "12.04.23",
    "rating": "10",
    "author": "wjdt****",
    "review_id": "6240640",
    "movie_id": "31262"
  },
  {
    "review": "소름끼치는 남자 레슬리 장궈룽 장국영 당신이 그립습니다...",
    "date": "12.04.09",
    "rating": "10",
    "author": "qnft****",
    "review_id": "6203763",
    "movie_id": "31262"
  },
  {
    "review": "그가 부르는 소명성 선율이 마음을 정말 따스하게 해준다~ 외로우세요? 그럼 보세요:)",
    "date": "11.08.17",
    "rating": "10",
    "author": "with****",
    "review_id": "5662549",
    "movie_id": "31262"
  },
  {
    "review": "굿~!",
    "date": "11.03.19",
    "rating": "10",
    "author": "yytt****",
    "review_id": "5322525",
    "movie_id": "31262"
  },
  {
    "review": "장국영 이 세글자만으로도 충분하다. 아련하게 따뜻해지는영화.",
    "date": "10.09.20",
    "rating": "10",
    "author": "qlql****",
    "review_id": "4849528",
    "movie_id": "31262"
  },
  {
    "review": "당신을 다시 볼 수 있다면...",
    "date": "10.06.16",
    "rating": "10",
    "author": "jhjk****",
    "review_id": "4568191",
    "movie_id": "31262"
  },
  {
    "review": "자신이 버린 친아들이 좋은 집에서 잘살고 있는지 알았을텐데.",
    "date": "09.10.15",
    "rating": "10",
    "author": "skss****",
    "review_id": "3894253",
    "movie_id": "31262"
  },
  {
    "review": "장국영이 침체된 영화계를 살리기 위해 1달러의 개런티만으로 출연햇던 따뜻한 영화",
    "date": "09.08.10",
    "rating": "10",
    "author": "tipi****",
    "review_id": "3734799",
    "movie_id": "31262"
  },
  {
    "review": "아역도 연기를 너무 잘했고.. 보면 따뜻해지는 영화...",
    "date": "09.03.27",
    "rating": "10",
    "author": "cotn****",
    "review_id": "3389628",
    "movie_id": "31262"
  },
  {
    "review": "행복한얘긴줄알고봤다가 뒤에서너무아픈쓰라림이ㅠㅠㅠㅠㅠㅠㅠ",
    "date": "08.10.16",
    "rating": "10",
    "author": "gksq****",
    "review_id": "3002798",
    "movie_id": "31262"
  },
  {
    "review": "행복이 무엇인지 느끼는 영화, 마음이 정말 정말 따뜻해지는 영화, 강추!!!!!",
    "date": "08.04.01",
    "rating": "10",
    "author": "1_le****",
    "review_id": "2552589",
    "movie_id": "31262"
  },
  {
    "review": "장국영이다.. 말이 필요없다..",
    "date": "07.10.29",
    "rating": "10",
    "author": "beck****",
    "review_id": "2120920",
    "movie_id": "31262"
  },
  {
    "review": "따스한 날을 느껴보고 싶으신 분들께 권합니다. 아름다운 영화...",
    "date": "07.07.22",
    "rating": "10",
    "author": "ever****",
    "review_id": "1798581",
    "movie_id": "31262"
  },
  {
    "review": "넘 감동적이고 아름다운 영화...My little star!!!",
    "date": "07.05.26",
    "rating": "10",
    "author": "syou****",
    "review_id": "1664900",
    "movie_id": "31262"
  },
  {
    "review": "세상에서 가장 아름다운 아빠 장국영...",
    "date": "06.08.06",
    "rating": "10",
    "author": "sksn****",
    "review_id": "978579",
    "movie_id": "31262"
  },
  {
    "review": "이렇게 부드러운 남자가 있을까? 앞으로 없을꺼에요",
    "date": "06.03.29",
    "rating": "10",
    "author": "yeso****",
    "review_id": "739985",
    "movie_id": "31262"
  },
  {
    "review": "영화를 보고서야 소명성이 이렇게 아름다운 노래인줄을 알았다..",
    "date": "06.02.10",
    "rating": "10",
    "author": "poin****",
    "review_id": "658789",
    "movie_id": "31262"
  },
  {
    "review": "감동...",
    "date": "06.01.07",
    "rating": "10",
    "author": "cjh3****",
    "review_id": "569380",
    "movie_id": "31262"
  },
  {
    "review": "장국영이 결혼을 하고 아빠가 됐다면..? 상상해볼수있는 영화",
    "date": "05.09.18",
    "rating": "10",
    "author": "sola****",
    "review_id": "409950",
    "movie_id": "31262"
  },
  {
    "review": "세상에서 가장 아름다운 이야기",
    "date": "05.08.03",
    "rating": "10",
    "author": "son4****",
    "review_id": "349393",
    "movie_id": "31262"
  },
  {
    "review": "마음을 따듯하게 해주는 그런 영화.",
    "date": "05.02.02",
    "rating": "10",
    "author": "syjf****",
    "review_id": "204390",
    "movie_id": "31262"
  },
  {
    "review": "감동만빵...! 아이를 진정으로 사랑하는 그가 아름답다!",
    "date": "04.11.13",
    "rating": "10",
    "author": "gomy****",
    "review_id": "144758",
    "movie_id": "31262"
  },
  {
    "review": "이영화 감동이 있는 따뜻한 영화다. 추천.",
    "date": "04.11.02",
    "rating": "9",
    "author": "malu****",
    "review_id": "137979",
    "movie_id": "31262"
  }
]