[
  {
    "review": "아무리 대뷔작이라고 해도 1996년작이라고 하기엔 매우 촌스럽다..",
    "date": "12.11.12",
    "rating": "4",
    "author": "kara****",
    "review_id": "6881556",
    "movie_id": "31264"
  },
  {
    "review": "상처받고 치유되지 않은 그들, 보이지 않는 출구, 그래도 그들은 걷는다.",
    "date": "11.08.12",
    "rating": "10",
    "author": "ll3l****",
    "review_id": "5640306",
    "movie_id": "31264"
  },
  {
    "review": "큐짱",
    "date": "09.12.25",
    "rating": "10",
    "author": "oher****",
    "review_id": "4082836",
    "movie_id": "31264"
  },
  {
    "review": "고요한 폭력은 슬프다",
    "date": "09.09.17",
    "rating": "10",
    "author": "tjrd****",
    "review_id": "3836140",
    "movie_id": "31264"
  },
  {
    "review": "터널에서 나오기까지",
    "date": "09.01.21",
    "rating": "6",
    "author": "erhe****",
    "review_id": "3238031",
    "movie_id": "31264"
  },
  {
    "review": "고장난 전화기, 테레비, 그리고 조금씩 삐뚤어지고 고장난 인간들의 모습",
    "date": "08.05.07",
    "rating": "9",
    "author": "dcap****",
    "review_id": "2622242",
    "movie_id": "31264"
  },
  {
    "review": "조용히 타오르는 펑크 정신 Never mind",
    "date": "07.09.29",
    "rating": "9",
    "author": "sdyb****",
    "review_id": "2060047",
    "movie_id": "31264"
  },
  {
    "review": "방향과 목적을 상실한 허무와 절망속에서 희망찾아 나서는 길...",
    "date": "06.10.03",
    "rating": "7",
    "author": "lks3****",
    "review_id": "1156697",
    "movie_id": "31264"
  },
  {
    "review": "아무렇지않은듯한 그의행동이슬프다",
    "date": "06.03.05",
    "rating": "9",
    "author": "die4****",
    "review_id": "705427",
    "movie_id": "31264"
  },
  {
    "review": "우리는 처음이 아니지만 처음 만나는 것과 같다",
    "date": "05.07.16",
    "rating": "6",
    "author": "band****",
    "review_id": "323940",
    "movie_id": "31264"
  },
  {
    "review": "늘 고민에 휩싸인다. 예술성이란 그 기준에 대해서.",
    "date": "05.06.15",
    "rating": "6",
    "author": "m60d****",
    "review_id": "300066",
    "movie_id": "31264"
  },
  {
    "review": "이지메, 폭력, 복수로 얼룩진 현대 일본의 단면",
    "date": "04.09.20",
    "rating": "6",
    "author": "easy****",
    "review_id": "111651",
    "movie_id": "31264"
  }
]