[
  {
    "review": "주인공 남.여 페이스클라스봐봐 ㄷㄷ",
    "date": "15.08.25",
    "rating": "10",
    "author": "dnjs****",
    "review_id": "10274314",
    "movie_id": "31267"
  },
  {
    "review": "만점줘도 아깝지 않은 영화입니다~!^^조쉬하트넷 짱멋짐!!!!",
    "date": "15.08.22",
    "rating": "10",
    "author": "jooo****",
    "review_id": "10261971",
    "movie_id": "31267"
  },
  {
    "review": "감동....스ㄹ프다",
    "date": "15.08.22",
    "rating": "10",
    "author": "tjsk****",
    "review_id": "10260851",
    "movie_id": "31267"
  },
  {
    "review": "초반부 너무 쓸데없는장면하고 후반부에 너무 급히 끝낸거 같은 느낌만 빼면 정말 좋았던 영화 2001년도라 생각하면 스케일도 대박이었고 스토리도 빠지지않고 종종 생각날때 보면 좋을거 같음",
    "date": "15.08.17",
    "rating": "8",
    "author": "dksa****",
    "review_id": "10246737",
    "movie_id": "31267"
  },
  {
    "review": "참 감명깊게 보았다.자만하고 준비하지 않으면 언제든지진주만 같은 현실이 되풀이 될것이다.",
    "date": "15.08.17",
    "rating": "10",
    "author": "lhge****",
    "review_id": "10244461",
    "movie_id": "31267"
  },
  {
    "review": "마직막  흑 슬프다ㅠㅠ 그래도 중간 중간 재미있엇다.",
    "date": "15.08.16",
    "rating": "10",
    "author": "dta8****",
    "review_id": "10240440",
    "movie_id": "31267"
  },
  {
    "review": "대니는 나의 이상형!!! 말이 필요 없어... 아 정말 멋있어!흰티랑 파란셔츠가 무지 잘 어울리던데... 어....",
    "date": "15.08.16",
    "rating": "10",
    "author": "akrv****",
    "review_id": "10239941",
    "movie_id": "31267"
  },
  {
    "review": "진주만에는 역사가있고, 액션과 스케일이 남다른 CG 전쟁이 살아 있다. 그 속에서 꽃피는 청춘들의 사랑이야기와 결국엔 뜨거운 눈물로 끝나는 우정도 있다. 역사성, 사실성, 사랑, 우정, 구성 액션 OST 뭐하나 빠지지 않는 진주만 최고의 영화",
    "date": "15.08.16",
    "rating": "10",
    "author": "dubu****",
    "review_id": "10238829",
    "movie_id": "31267"
  },
  {
    "review": "그냥 와.. 세시간이나 지나는 줄도 모르고 봤다.",
    "date": "15.08.16",
    "rating": "10",
    "author": "ooj2****",
    "review_id": "10238335",
    "movie_id": "31267"
  },
  {
    "review": "한번더 일본의 사약함을 느꼈네요 우리나라 조상님들도 훨씬 뼈저리게 느꼈을텐대",
    "date": "15.08.16",
    "rating": "10",
    "author": "hbm0****",
    "review_id": "10238295",
    "movie_id": "31267"
  },
  {
    "review": "여자 이쁜데 ㅈㄴ쓰레기",
    "date": "15.08.16",
    "rating": "10",
    "author": "woqt****",
    "review_id": "10238262",
    "movie_id": "31267"
  },
  {
    "review": "당시의 전쟁을 정말 제대로 생생하게 구현해낸 것과 2001년에 이 정도 연출력과 기술력을 보여준 것은 칭찬받아 마땅하다. 게다가 주인공들 모두 비주얼이 워우; 다만 세 사람 관계를 막장스럽게 표현한 건 아쉽네요.",
    "date": "15.08.16",
    "rating": "8",
    "author": "jung****",
    "review_id": "10238145",
    "movie_id": "31267"
  },
  {
    "review": "세상에 여자는많고 한여자에 집착하지말자",
    "date": "15.08.16",
    "rating": "1",
    "author": "jupo****",
    "review_id": "10238101",
    "movie_id": "31267"
  },
  {
    "review": "몇번을봐도 명작이다.",
    "date": "15.08.16",
    "rating": "10",
    "author": "uvaj****",
    "review_id": "10237912",
    "movie_id": "31267"
  },
  {
    "review": "옛날에 봤을때는 밴에플렉만 보였는데 지금은 조쉬하트넷만 보이네... 진짜 멋있다ㅠㅠ",
    "date": "15.08.16",
    "rating": "10",
    "author": "euns****",
    "review_id": "10237631",
    "movie_id": "31267"
  },
  {
    "review": "조쉬 하트넷 때문에 보게된 영화, 진주만 공습신 정말 잘 재현한것같다. 항상 그렇듯 전쟁은 너무 슬프고ㅠ",
    "date": "15.08.15",
    "rating": "10",
    "author": "yell****",
    "review_id": "10237253",
    "movie_id": "31267"
  },
  {
    "review": "아무리 봐도 이건 여자가 좀 나빳어...",
    "date": "15.08.15",
    "rating": "10",
    "author": "ska0****",
    "review_id": "10237204",
    "movie_id": "31267"
  },
  {
    "review": "지금 티비에서 나오길래 보고있는데 전함들 침몰하는거보는데 왜 세월호 탑승자들이 그려지는지!에휴 얼마나 고통스러웠을까 전쟁도 아니고 우리영해한복판에서 제대로된구조 한번 못받아보고 ㅠ 슬프네요 편히잠들길???",
    "date": "15.08.15",
    "rating": "10",
    "author": "huss****",
    "review_id": "10236754",
    "movie_id": "31267"
  },
  {
    "review": "왜 폭탄이 수직으로 떨어지지?",
    "date": "15.08.13",
    "rating": "1",
    "author": "good****",
    "review_id": "10225002",
    "movie_id": "31267"
  },
  {
    "review": "진짜최고의영화다. 스토리도 완벽하고 전쟁영화중에 으뜸이다.",
    "date": "15.08.11",
    "rating": "10",
    "author": "xogh****",
    "review_id": "10215220",
    "movie_id": "31267"
  },
  {
    "review": "포기하지 않는 정신 본받고 싶다",
    "date": "15.08.10",
    "rating": "10",
    "author": "rlax****",
    "review_id": "10213320",
    "movie_id": "31267"
  },
  {
    "review": "종합 평점은 7점 드립니다.",
    "date": "15.08.01",
    "rating": "7",
    "author": "terr****",
    "review_id": "10168637",
    "movie_id": "31267"
  },
  {
    "review": "우리나라 도 일본 같은 배짱이 있어야 한다.. 전략 전술 모든게 완벽했었다..",
    "date": "15.07.31",
    "rating": "10",
    "author": "kimk****",
    "review_id": "10168097",
    "movie_id": "31267"
  },
  {
    "review": "보통 이러한 삼각관계는 보면 볼수록 화나는데 여주가 사기적으로 이뻐서 어느정도는 이해가더라ㅋㅋ결론은 조쉬 하트넷이 OOO임",
    "date": "15.07.30",
    "rating": "8",
    "author": "alan****",
    "review_id": "10160421",
    "movie_id": "31267"
  },
  {
    "review": "일본의 어리석은 진주만습격 결정으로 진주만습격은 성공하였지만 그이후 미국의보복응징으로 폭망당해 군운용을더이상할수없게되지 대한민국은 쪽바리의 지배로부터 해방될수있었고, 진주만이영화는 한국이 본격 해방시대의 시초를 보여주는 영화이기도 함",
    "date": "15.07.29",
    "rating": "10",
    "author": "hakh****",
    "review_id": "10157646",
    "movie_id": "31267"
  },
  {
    "review": "궁금한게 있는데 제로센 전투기들 전부 렌딩기어를내리고 날더라... 드롭탱크 였나..?",
    "date": "15.07.29",
    "rating": "10",
    "author": "hyun****",
    "review_id": "10156799",
    "movie_id": "31267"
  },
  {
    "review": "최고의영화네요  자야되는데 너무재미있어서 끝까지보고 이제잡니다 ㅋ",
    "date": "15.07.29",
    "rating": "10",
    "author": "tong****",
    "review_id": "10155721",
    "movie_id": "31267"
  },
  {
    "review": "영화, 케이트는 좋지만 캐릭터는 완전 쓰레기다. 1년도 안되서 애인친구랑 자고 한다는 소리가 \"대니를 선택할 거지만 널 평생 사랑 할거야\" 그리운사람이였다면 최소 2~3년은 버텼어야 하지 않을까?심하게 들이대지도 않았는데  쉽게 넘어가서 깜놀",
    "date": "15.07.29",
    "rating": "10",
    "author": "marq****",
    "review_id": "10155719",
    "movie_id": "31267"
  },
  {
    "review": "2001년에 이런 퀄리티가..ㅠ 내용 영상 감동까지 완벽하다",
    "date": "15.07.29",
    "rating": "9",
    "author": "pret****",
    "review_id": "10155716",
    "movie_id": "31267"
  },
  {
    "review": "조쉬하트넷죽을때.눈물남.. 지루하지않고 몰입감있게3시간잘감상했네요",
    "date": "15.07.29",
    "rating": "9",
    "author": "mins****",
    "review_id": "10155714",
    "movie_id": "31267"
  },
  {
    "review": "아....어이없는 로맨스때문에 영화보고 찝찝하다",
    "date": "15.07.29",
    "rating": "8",
    "author": "exer****",
    "review_id": "10155678",
    "movie_id": "31267"
  },
  {
    "review": "15년전 영화관에서 볼때기억나네 TV다시봐도 하나도 촌티 안나는 짱 먹을 영화. 그리고 아름다운 케이트",
    "date": "15.07.29",
    "rating": "10",
    "author": "kid0****",
    "review_id": "10155581",
    "movie_id": "31267"
  },
  {
    "review": "역시 여자는...어쩔 수 없는...여자는 요물이란 대사가 딱임",
    "date": "15.07.29",
    "rating": "10",
    "author": "rkdf****",
    "review_id": "10155537",
    "movie_id": "31267"
  },
  {
    "review": "기가막힌다... 이제야 이런 명작을 보게되다니... 이런 완벽에 가까운 영화가 어째서 8점 대에 머물러 있는가",
    "date": "15.07.29",
    "rating": "10",
    "author": "dksg****",
    "review_id": "10155525",
    "movie_id": "31267"
  },
  {
    "review": "오랜 시간 쉬어있다가 폭발하는 영화. 다만 그게 화라는 점이 흠.",
    "date": "15.07.24",
    "rating": "4",
    "author": "conc****",
    "review_id": "10138844",
    "movie_id": "31267"
  },
  {
    "review": "꽤 괜찮았던 전쟁영화. 케이트의 미모가 정점이던 시기.",
    "date": "15.07.24",
    "rating": "10",
    "author": "lsh5****",
    "review_id": "10136345",
    "movie_id": "31267"
  },
  {
    "review": "세 남녀의 멜로 서사보다 깊이 각인되는 일본 전투기 공습",
    "date": "15.07.23",
    "rating": "5",
    "author": "syoc****",
    "review_id": "10133129",
    "movie_id": "31267"
  },
  {
    "review": "호불호가 갈리긴 해도 정말 전쟁영화중엔 손꼽을 만한 명작... 배경음악은 최고고 마이클베이 답게 연출능력이 최고급임.. 전쟁, 애국심, 사랑, 우정을 하나로 통합한 진정한 작품.. 진짜 어릴땐 영화하면 이거밖에 모르고 삼... 꼭 봐야되는 영화!!!",
    "date": "15.07.20",
    "rating": "10",
    "author": "leed****",
    "review_id": "10124216",
    "movie_id": "31267"
  },
  {
    "review": "멜로전쟁ㅋㅋㅋㅋ아 진짜 너무 재밋다ㅠㅠ",
    "date": "15.07.19",
    "rating": "10",
    "author": "gusa****",
    "review_id": "10118444",
    "movie_id": "31267"
  },
  {
    "review": "한스짐머의 진주만 OST 테네시는 그야말로 작품이다!",
    "date": "15.07.17",
    "rating": "9",
    "author": "prog****",
    "review_id": "10113482",
    "movie_id": "31267"
  },
  {
    "review": "내 인생영화중 하나, 조쉬 하트넷에게 빠져버렸다",
    "date": "15.07.09",
    "rating": "10",
    "author": "ekdn****",
    "review_id": "10081802",
    "movie_id": "31267"
  },
  {
    "review": "전쟁은 ㅠㅠ안된다ㅜㅜㅜ 평화롭던사람들 특히 ㅠㅠ배에갇혀 죽은사람들 불쌍",
    "date": "15.07.06",
    "rating": "10",
    "author": "jjcm****",
    "review_id": "10074848",
    "movie_id": "31267"
  },
  {
    "review": "오씨엔에서 하길래 그냥봤는데...2001년 작품같지않다ㅠ 너무 재밌게봤네요",
    "date": "15.07.06",
    "rating": "10",
    "author": "0104****",
    "review_id": "10074824",
    "movie_id": "31267"
  },
  {
    "review": "이제서야 이 영화를 보게되다니 ㅠㅠ 일주일이 지났는데도 가슴이 먹먹하고 여운이 가시지 않는다 그리고 조쉬하트넷 반해 버렸다 지금은 나이가 들어 그 느낌 아니지만 ㅎ",
    "date": "15.06.29",
    "rating": "10",
    "author": "eunm****",
    "review_id": "10050076",
    "movie_id": "31267"
  },
  {
    "review": "겁대갈 상실한일본 언젠간 지도상에서 사라질날이오기를",
    "date": "15.06.23",
    "rating": "10",
    "author": "qjat****",
    "review_id": "10023382",
    "movie_id": "31267"
  },
  {
    "review": "ost가 정말 아름다운 영화",
    "date": "15.06.19",
    "rating": "10",
    "author": "atdz****",
    "review_id": "10013171",
    "movie_id": "31267"
  },
  {
    "review": "후반부는 압권...가슴이 서늘해지는 영화",
    "date": "15.06.17",
    "rating": "10",
    "author": "zzzz****",
    "review_id": "10006618",
    "movie_id": "31267"
  },
  {
    "review": "진주만 소재 한가운데 운명적 사랑 듬뿍.",
    "date": "15.06.03",
    "rating": "4",
    "author": "ogr5****",
    "review_id": "9973422",
    "movie_id": "31267"
  },
  {
    "review": "어떻게 이런 소름끼치는 명작이 8점대 중반??? 조폭 살인범  양아치 형사놈들 쳐나오는 한국영화 보다 낮다니??진짜  영화 볼줄 모르는 사람들이 참 많구나",
    "date": "15.05.26",
    "rating": "10",
    "author": "ske4****",
    "review_id": "9951675",
    "movie_id": "31267"
  },
  {
    "review": "난 널 믿었던 만큼 내 친구를 소개시켜줬는데 배신을 퐉.. 명작이다 정말 ..",
    "date": "15.05.21",
    "rating": "9",
    "author": "tjdw****",
    "review_id": "9934426",
    "movie_id": "31267"
  },
  {
    "review": "3시간이 아깝지는 않은 영화인건 맞는데 러브스토리가 너무 막장으로 간게 아닐까 싶다... 비중을 줄였던가 아님 조금 더 자연스러운 러브스토리였다면 길이 남을 명작이 되었을텐데 아쉬움.",
    "date": "15.05.16",
    "rating": "8",
    "author": "soun****",
    "review_id": "9921273",
    "movie_id": "31267"
  },
  {
    "review": "최고의 영화. 남자의 의리. 애국심. 너무 멋졌습니다.",
    "date": "15.05.13",
    "rating": "10",
    "author": "hkn2****",
    "review_id": "9913788",
    "movie_id": "31267"
  },
  {
    "review": "훌륭한 영화임엔 틀림없다.",
    "date": "15.05.08",
    "rating": "10",
    "author": "mgjg****",
    "review_id": "9904137",
    "movie_id": "31267"
  },
  {
    "review": "일본이 핵을 맞게된 계기.. 난 이영화가 추억",
    "date": "15.04.26",
    "rating": "9",
    "author": "kayw****",
    "review_id": "9871834",
    "movie_id": "31267"
  },
  {
    "review": "친구의 친구를 사랑했네 때문에 9점",
    "date": "15.04.14",
    "rating": "9",
    "author": "beat****",
    "review_id": "9845743",
    "movie_id": "31267"
  },
  {
    "review": "막장 멜로 코드가 있지만 몰입을 방해할 수준은 아니다.. 왜 로맨스를 이따구로 그려냈을까? 암튼 케이트 베킨세일 조낸x100 이쁘고 진주만 폭격장면도 좋았음. 2001년 당시엔 정말 개쩔었었는데 지금보니 그럭저럭.",
    "date": "15.04.07",
    "rating": "8",
    "author": "unth****",
    "review_id": "9833580",
    "movie_id": "31267"
  },
  {
    "review": "지금도 배경연주음은 아직도 기억된다. 두고두고기억될영화",
    "date": "15.04.07",
    "rating": "8",
    "author": "tull****",
    "review_id": "9833141",
    "movie_id": "31267"
  },
  {
    "review": "쵝오의 전쟁영화 입니다",
    "date": "15.03.28",
    "rating": "10",
    "author": "lsy3****",
    "review_id": "9811863",
    "movie_id": "31267"
  },
  {
    "review": "말이 필요없죠 ~~!!",
    "date": "15.03.11",
    "rating": "10",
    "author": "lava****",
    "review_id": "9772885",
    "movie_id": "31267"
  },
  {
    "review": "미국과 중국이 다른점은 외모와 언어일뿐..",
    "date": "15.02.28",
    "rating": "6",
    "author": "ippo****",
    "review_id": "9745475",
    "movie_id": "31267"
  },
  {
    "review": "저 세 남녀만 없었더라면 훨씬 높은 평가를 받을터인데..",
    "date": "15.02.28",
    "rating": "7",
    "author": "pont****",
    "review_id": "9745091",
    "movie_id": "31267"
  },
  {
    "review": "스케일만 커진 사랑과 전쟁. 사실상 멜로드라마...",
    "date": "15.02.27",
    "rating": "7",
    "author": "jiyu****",
    "review_id": "9744418",
    "movie_id": "31267"
  },
  {
    "review": "영화가있기에 음악이 더욱빛난것이고음악이 있기에 영화가 더욱더 빛을내는거다,",
    "date": "15.02.26",
    "rating": "10",
    "author": "trg1****",
    "review_id": "9740706",
    "movie_id": "31267"
  },
  {
    "review": "전쟁영화중에는 뛰어넘기 힘들듯하다",
    "date": "15.02.24",
    "rating": "10",
    "author": "dlwh****",
    "review_id": "9734169",
    "movie_id": "31267"
  },
  {
    "review": "마이클베이는 감독을 그만두라 돈이 아깝다",
    "date": "15.02.22",
    "rating": "1",
    "author": "lees****",
    "review_id": "9729484",
    "movie_id": "31267"
  },
  {
    "review": "미국우월주의지만  솔까 미국아니였음.. 우리나란 아직도 일본에 빌빌김.. 독립운동가 천날만날 독립외쳐봐야.. 힘없는자의 외침일뿐.. 일본에게 존나 쳐맞는  한국놈을 미국놈이 구해줬더니.. 미국놈 우울주의 싫음?",
    "date": "15.02.14",
    "rating": "10",
    "author": "zel2****",
    "review_id": "9695660",
    "movie_id": "31267"
  },
  {
    "review": "다좋은데 대니만 불쌍....뭐 한명죽었다하면 걍 바로 갈아타는게 좀 그럼.... 첫번째는 이해가도....",
    "date": "15.02.09",
    "rating": "8",
    "author": "lhjs****",
    "review_id": "9683235",
    "movie_id": "31267"
  },
  {
    "review": "잘만들었네 꼭봐라 레알",
    "date": "15.02.08",
    "rating": "10",
    "author": "xx41****",
    "review_id": "9680782",
    "movie_id": "31267"
  },
  {
    "review": "전쟁의 참상과 가슴 아픈 사랑이야기...",
    "date": "15.02.05",
    "rating": "10",
    "author": "glob****",
    "review_id": "9667494",
    "movie_id": "31267"
  },
  {
    "review": "아 이 헐리우드 영웅주의...지루한 2차 대전 다큐멘터리를 보는 게 보다 건설적.",
    "date": "15.02.04",
    "rating": "6",
    "author": "tear****",
    "review_id": "9667091",
    "movie_id": "31267"
  },
  {
    "review": "상영관에서도 보다가 잠들어서 다 못보고  비디오로 빌려다 보면서도 또 잠이와서 다 못보고  DVD시대엔 DVD를 빌려봐도 또 졸려서 다 못보고  블루레이로 넘어와도 또 잠들어 다 못본..이젠 돈 줄테니 봐 달라고 빌어도 보기 싫은 영화.",
    "date": "15.02.04",
    "rating": "2",
    "author": "tlsg****",
    "review_id": "9666889",
    "movie_id": "31267"
  },
  {
    "review": "미국을 위한 미국 영화. 그나마 전투신이 있어서 높은 점수를 줍니다",
    "date": "15.01.20",
    "rating": "6",
    "author": "afro****",
    "review_id": "9614986",
    "movie_id": "31267"
  },
  {
    "review": "다시봐도 잼있네요. 사랑과 전쟁을 적절히 다룬 영화? 몰입감 최고에요",
    "date": "15.01.18",
    "rating": "10",
    "author": "weca****",
    "review_id": "9607769",
    "movie_id": "31267"
  },
  {
    "review": "단순히 전쟁영화를 넘어선 진주만",
    "date": "15.01.17",
    "rating": "10",
    "author": "s251****",
    "review_id": "9605629",
    "movie_id": "31267"
  },
  {
    "review": "3시간이 전혀 지루하지 않았다.. 명작...!!",
    "date": "15.01.17",
    "rating": "9",
    "author": "wim8****",
    "review_id": "9603570",
    "movie_id": "31267"
  },
  {
    "review": "우리나라에서 최초로 금요일에 개봉한 영화",
    "date": "15.01.11",
    "rating": "8",
    "author": "love****",
    "review_id": "9584226",
    "movie_id": "31267"
  },
  {
    "review": "이런 영화에 멜로를 왜 섞는지 이해불가..멜로 섞어서 마이너스 2점..",
    "date": "15.01.10",
    "rating": "6",
    "author": "kom_****",
    "review_id": "9581711",
    "movie_id": "31267"
  },
  {
    "review": "전쟁에 대해 겉핥기만 한 꼴",
    "date": "15.01.10",
    "rating": "5",
    "author": "rcan****",
    "review_id": "9578741",
    "movie_id": "31267"
  },
  {
    "review": "반미주의자는 부글.부글 ㅋㅋ 진짜 그냥 중립적으로 보면 좋은영화네요.",
    "date": "15.01.09",
    "rating": "9",
    "author": "2284****",
    "review_id": "9576140",
    "movie_id": "31267"
  },
  {
    "review": "지금까지 본 전쟁영화중에서 최고네요",
    "date": "15.01.05",
    "rating": "9",
    "author": "ao19****",
    "review_id": "9566189",
    "movie_id": "31267"
  },
  {
    "review": "실제 전쟁같이 리얼하게 잘 살린 영화 , 믿고 보는 벤 에플렉",
    "date": "15.01.02",
    "rating": "8",
    "author": "holl****",
    "review_id": "9551333",
    "movie_id": "31267"
  },
  {
    "review": "영환재밌는데 여자땜에 존나화남",
    "date": "15.01.01",
    "rating": "5",
    "author": "hard****",
    "review_id": "9543793",
    "movie_id": "31267"
  },
  {
    "review": "전쟁하는 장면빼고 핵노잼",
    "date": "14.12.29",
    "rating": "4",
    "author": "drea****",
    "review_id": "9532478",
    "movie_id": "31267"
  },
  {
    "review": "전쟁영화로서 역사에서 나오는 비참함 그자체를 보여주려 했지만 두 주인공을 영웅처럼 비추는 모습등... 실제 진주만에서 있었던 내용을 역사적그대로 보여주지못하고 영화화한 영화..조금 아쉽단 생각이 드네요.",
    "date": "14.12.26",
    "rating": "6",
    "author": "ifp1****",
    "review_id": "9519626",
    "movie_id": "31267"
  },
  {
    "review": "멜로라인이 필요없이 길어 진부하며, 무엇보다 보는 사람으로 하여금 불편함을 느끼게 한다. 이것이 이 영화의 모든 장점을 산화시켰다.",
    "date": "14.12.24",
    "rating": "1",
    "author": "josu****",
    "review_id": "9508506",
    "movie_id": "31267"
  },
  {
    "review": "제대로 끈적거리는 영화 오글오글",
    "date": "14.12.10",
    "rating": "1",
    "author": "tpqj****",
    "review_id": "9462556",
    "movie_id": "31267"
  },
  {
    "review": "군대가기전에, 그리고 군대에서 보여준 영화. 내가 병장때 이 영화를 보여줬는데.. 이미 본 영화기에 집중해서 안보자 내게 왜 집중해서 안보냐고 했던 기억이 난다.",
    "date": "14.12.10",
    "rating": "7",
    "author": "saro****",
    "review_id": "9461874",
    "movie_id": "31267"
  },
  {
    "review": "말이필요없다.직접봐야된다",
    "date": "14.12.07",
    "rating": "10",
    "author": "rhfl****",
    "review_id": "9454397",
    "movie_id": "31267"
  },
  {
    "review": "다 좋은데 절친이 죽자 애인 뺏음 ㅠ 그거 빼고 만점이라 9점. 친구 불쌍타 ㅠㅠ",
    "date": "14.12.05",
    "rating": "9",
    "author": "yeon****",
    "review_id": "9449862",
    "movie_id": "31267"
  },
  {
    "review": "가슴 한켠이 뭉클해지는 영화다.",
    "date": "14.11.28",
    "rating": "8",
    "author": "redi****",
    "review_id": "9429819",
    "movie_id": "31267"
  },
  {
    "review": "내인생최고의 영화다 영화의평가는 주관적이다 내가본영횐중최고이다",
    "date": "14.11.28",
    "rating": "10",
    "author": "rnjs****",
    "review_id": "9428221",
    "movie_id": "31267"
  },
  {
    "review": "마이클베이는 이 때로 돌아가기를...",
    "date": "14.10.22",
    "rating": "9",
    "author": "yero****",
    "review_id": "9307524",
    "movie_id": "31267"
  },
  {
    "review": "감동이다 ㅠㅠㅠㅠ 멋졍",
    "date": "14.10.10",
    "rating": "10",
    "author": "goge****",
    "review_id": "9280221",
    "movie_id": "31267"
  },
  {
    "review": "2001년 영화라고는 믿을 수 없는 영상! 그러나 아름다운 우정으로 포장하려는 두 남자와 한 여자와의 관계는 결국 뻔한 막장으로. 미국의 마지막 공습도 정말 부끄러운 행동이 아닐까 생각",
    "date": "14.10.05",
    "rating": "8",
    "author": "jong****",
    "review_id": "9265851",
    "movie_id": "31267"
  },
  {
    "review": "애블린역에 배우 케이트버킨세일의 매력에 10점을 드리리다 실화바탕이라서 더 감동이 전해진다",
    "date": "14.10.04",
    "rating": "10",
    "author": "pose****",
    "review_id": "9260449",
    "movie_id": "31267"
  },
  {
    "review": "마이클 베이가 화면에서 싼티날때도 있네.",
    "date": "14.09.30",
    "rating": "5",
    "author": "kyun****",
    "review_id": "9250455",
    "movie_id": "31267"
  },
  {
    "review": "이영화 4번은 본것같은데 볼때마다 너무재밌다 ㅠㅠOst도 너무 좋고.. 나에게는 역대급 영화나중에 늙어서도 다시볼 영화다",
    "date": "14.09.28",
    "rating": "10",
    "author": "rkdg****",
    "review_id": "9247177",
    "movie_id": "31267"
  },
  {
    "review": "멜로,로맨스가첨가되어서좀아쉬웠지만나머진괜찮았다추천",
    "date": "14.09.26",
    "rating": "9",
    "author": "jesu****",
    "review_id": "9242906",
    "movie_id": "31267"
  },
  {
    "review": "이 영화의 제목처럼 일본이 진주만 기습작전을 실행해 미국군들이 거의 학살당하는 모습들이 생생했다. 그부분만큼은 감탄할정도의 연출이지만, 그다음 일본본토 친뒤 점점 고조되어 계속 승리해 항복을 받아내는 부분을 말로만 표현하니 뭔가 끊긴거같은 느낌..",
    "date": "14.09.19",
    "rating": "9",
    "author": "hjyn****",
    "review_id": "9227045",
    "movie_id": "31267"
  },
  {
    "review": "제일 좋아하는 영화임.",
    "date": "14.09.19",
    "rating": "10",
    "author": "ghks****",
    "review_id": "9224914",
    "movie_id": "31267"
  }
]