[
  {
    "review": "내 인생 최고의 영화 캐논인버스",
    "date": "15.07.27",
    "rating": "10",
    "author": "wook****",
    "review_id": "10150734",
    "movie_id": "31278"
  },
  {
    "review": "이렇게 멋진 영화를 15년이 지난 지금 봤네요.",
    "date": "15.06.21",
    "rating": "10",
    "author": "winn****",
    "review_id": "10019267",
    "movie_id": "31278"
  },
  {
    "review": "내 인생 베스트 영화 중 하나. 여러번 돌려보게 만드는 묘한 매력이 있다. 나이먹고 머리크고 보니 작위적인 전개가 보이긴 하지만 그걸 다 커버하는 음악의 힘. 우리나라의 한의 정서와 비슷한 구슬픈 바이올린 소리가 아직도 잊혀지지 않는다....",
    "date": "15.04.02",
    "rating": "10",
    "author": "funk****",
    "review_id": "9822369",
    "movie_id": "31278"
  },
  {
    "review": "음악 속에서 피어나는 사랑과 우정은 매혹적이다",
    "date": "14.12.18",
    "rating": "10",
    "author": "ddeg****",
    "review_id": "9485529",
    "movie_id": "31278"
  },
  {
    "review": "구슬픈 바이올린 선율이 잊혀지지않는다. 예노, 데이빗, 소피 매력쩔음. 수채화같은 음악영화. 내 인생 3대 음악영화. 아마데우스, 파리넬리, 캐논 인버스",
    "date": "14.07.11",
    "rating": "10",
    "author": "line****",
    "review_id": "8904749",
    "movie_id": "31278"
  },
  {
    "review": "난 이거 진짜 좋았는데 4번 넘게 봤는데",
    "date": "14.07.02",
    "rating": "10",
    "author": "happ****",
    "review_id": "8876363",
    "movie_id": "31278"
  },
  {
    "review": "구슬픈 바이올린 선율이 기억에 남는 영화, 내용은 약간 아쉬운감이 있다",
    "date": "14.03.22",
    "rating": "8",
    "author": "ever****",
    "review_id": "8597167",
    "movie_id": "31278"
  },
  {
    "review": "한 번 봐서는 데이빗과 예거의 구분이 안 가는 영화. 불륜이지만 막장은 아닌데. 어째서 청소년 관람불가??",
    "date": "13.12.23",
    "rating": "7",
    "author": "bell****",
    "review_id": "8285427",
    "movie_id": "31278"
  },
  {
    "review": "영화 내용보다 음악들이 더 오래 기억되는 영화",
    "date": "13.12.13",
    "rating": "8",
    "author": "laco****",
    "review_id": "8211596",
    "movie_id": "31278"
  },
  {
    "review": "아쉽지만 음악만으로도 9점",
    "date": "13.11.12",
    "rating": "9",
    "author": "mj_r****",
    "review_id": "8134178",
    "movie_id": "31278"
  },
  {
    "review": "연출이 상당히 아쉽다...",
    "date": "13.10.09",
    "rating": "5",
    "author": "cmsn****",
    "review_id": "8046239",
    "movie_id": "31278"
  },
  {
    "review": "멋진 작품.",
    "date": "13.09.12",
    "rating": "10",
    "author": "adsh****",
    "review_id": "7969307",
    "movie_id": "31278"
  },
  {
    "review": "너무나도 아름다운 영화,,, 음악가들은 왜이렇게 멋지게 나오는건지..",
    "date": "13.08.28",
    "rating": "10",
    "author": "codu****",
    "review_id": "7930461",
    "movie_id": "31278"
  },
  {
    "review": "정말이지 지금까지 기억에 남는 영화최고의영화다..",
    "date": "13.07.25",
    "rating": "10",
    "author": "ahyo****",
    "review_id": "7784200",
    "movie_id": "31278"
  },
  {
    "review": "보고 나면 멍해지는 영화 돌려보고보고 할 수있는영화입니다 음악과 배우들다좋아요",
    "date": "13.07.04",
    "rating": "9",
    "author": "wish****",
    "review_id": "7702206",
    "movie_id": "31278"
  },
  {
    "review": "솔직히 이건 10점 짜리다..",
    "date": "13.07.03",
    "rating": "10",
    "author": "skid****",
    "review_id": "7699437",
    "movie_id": "31278"
  },
  {
    "review": "불륜, 배다른 형제 등등 막장드라마도 음악과 역사 안에서는 예술이 될 수 있다.",
    "date": "13.06.06",
    "rating": "10",
    "author": "funn****",
    "review_id": "7593854",
    "movie_id": "31278"
  },
  {
    "review": "구구절절한 3대가 걸어가던 뒷모습이 눈앞에 아른거린다.",
    "date": "12.11.12",
    "rating": "8",
    "author": "gnca****",
    "review_id": "6881178",
    "movie_id": "31278"
  },
  {
    "review": "내가 본 최고의 영화",
    "date": "12.07.06",
    "rating": "10",
    "author": "mori****",
    "review_id": "6451436",
    "movie_id": "31278"
  },
  {
    "review": "바이올린소리..넘좋다",
    "date": "12.06.08",
    "rating": "10",
    "author": "iams****",
    "review_id": "6375554",
    "movie_id": "31278"
  },
  {
    "review": "그냥 좋은 정도",
    "date": "12.04.06",
    "rating": "7",
    "author": "shss****",
    "review_id": "6196812",
    "movie_id": "31278"
  },
  {
    "review": "최고!",
    "date": "12.01.29",
    "rating": "10",
    "author": "hjmi****",
    "review_id": "6034146",
    "movie_id": "31278"
  },
  {
    "review": "엔딩 크래딧마저 놓칠수 없는 영화!",
    "date": "12.01.26",
    "rating": "10",
    "author": "sunn****",
    "review_id": "6024888",
    "movie_id": "31278"
  },
  {
    "review": "아름다운 음악, 영상미, 멋있는 배우들...정말 최고다ㅜㅜ",
    "date": "11.08.31",
    "rating": "10",
    "author": "rafu****",
    "review_id": "5699493",
    "movie_id": "31278"
  },
  {
    "review": "장미가 인상적.",
    "date": "10.11.22",
    "rating": "7",
    "author": "son1****",
    "review_id": "4980500",
    "movie_id": "31278"
  },
  {
    "review": "잔잔하게 울리는 여운.. 오랜만에 영화다운영화를 봣다",
    "date": "10.08.22",
    "rating": "10",
    "author": "me88****",
    "review_id": "4776936",
    "movie_id": "31278"
  },
  {
    "review": "어느새 눈을 젖어들게 만든 지독히도 아름답고 슬픈영화 .",
    "date": "10.08.10",
    "rating": "8",
    "author": "evil****",
    "review_id": "4732451",
    "movie_id": "31278"
  },
  {
    "review": "바이올린 소리가 아름답다",
    "date": "10.04.23",
    "rating": "9",
    "author": "come****",
    "review_id": "4449273",
    "movie_id": "31278"
  },
  {
    "review": "나에게있어서는 인생 최고의 영화. 이 영화로 인해 엔리오 모리꼬네도 알게 되었다.",
    "date": "09.11.15",
    "rating": "10",
    "author": "theg****",
    "review_id": "3964556",
    "movie_id": "31278"
  },
  {
    "review": "이태리가 영화를 나름 잘만드는듯... 언노운 우먼도 참 잼있게 봤는데...강추",
    "date": "09.06.17",
    "rating": "10",
    "author": "yang****",
    "review_id": "3571367",
    "movie_id": "31278"
  },
  {
    "review": "마지막에 협연하는 장면 진짜 감동적임",
    "date": "09.06.15",
    "rating": "10",
    "author": "bein****",
    "review_id": "3567355",
    "movie_id": "31278"
  },
  {
    "review": "굿",
    "date": "09.04.21",
    "rating": "10",
    "author": "kimj****",
    "review_id": "3433908",
    "movie_id": "31278"
  },
  {
    "review": "여주인공의 맹한 연기와, 지나치게 설명적인 연출이 거슬리지만, 아름다운 이야기",
    "date": "09.04.10",
    "rating": "7",
    "author": "alln****",
    "review_id": "3413974",
    "movie_id": "31278"
  },
  {
    "review": "가슴저미는 바이올린 선율....불륜소재가 좀 아쉬움.......",
    "date": "09.03.18",
    "rating": "8",
    "author": "haku****",
    "review_id": "3373896",
    "movie_id": "31278"
  },
  {
    "review": "이 영화는 다시 봐도 가슴 떨려요..ㅠㅠ 짠~하게 아픈 사랑과 음악",
    "date": "09.02.05",
    "rating": "10",
    "author": "toom****",
    "review_id": "3279463",
    "movie_id": "31278"
  },
  {
    "review": "스토리가 조금 약한감이....그래도 볼만해요 ~",
    "date": "08.12.19",
    "rating": "8",
    "author": "love****",
    "review_id": "3129337",
    "movie_id": "31278"
  },
  {
    "review": "빠져듬..",
    "date": "08.11.16",
    "rating": "9",
    "author": "aita****",
    "review_id": "3053665",
    "movie_id": "31278"
  },
  {
    "review": "가슴이 뛰는 음악영화",
    "date": "08.10.15",
    "rating": "10",
    "author": "mars****",
    "review_id": "3000321",
    "movie_id": "31278"
  },
  {
    "review": "아름다운 음악과 어우러진 우정과 사랑 이야기... 황홀하게 빠져들었다",
    "date": "08.09.13",
    "rating": "10",
    "author": "remi****",
    "review_id": "2940723",
    "movie_id": "31278"
  },
  {
    "review": "비추~ 내용 헛갈림 .뒤에나온 늙은이 누구삼??",
    "date": "08.09.12",
    "rating": "1",
    "author": "yoon****",
    "review_id": "2936498",
    "movie_id": "31278"
  },
  {
    "review": "정말 가슴아픈 아름다운영화...",
    "date": "08.07.28",
    "rating": "10",
    "author": "dnjs****",
    "review_id": "2810467",
    "movie_id": "31278"
  },
  {
    "review": "잘 만들진 영화와 음악",
    "date": "08.07.26",
    "rating": "10",
    "author": "hych****",
    "review_id": "2803295",
    "movie_id": "31278"
  },
  {
    "review": "음악이 너무 좋다 ㅠㅠㅠ 빠져들게 만드는 영화",
    "date": "08.07.10",
    "rating": "10",
    "author": "juba****",
    "review_id": "2752971",
    "movie_id": "31278"
  },
  {
    "review": "유일하게 6번 넘게 봤던 영화. 이 정도로 몰입하고 빠져들었던 영화 없었음.",
    "date": "08.05.13",
    "rating": "10",
    "author": "dupo****",
    "review_id": "2637885",
    "movie_id": "31278"
  },
  {
    "review": "레드 바이올린보다 더 수작. 최고라는 수식어가 부족할 정도..",
    "date": "08.03.07",
    "rating": "10",
    "author": "chic****",
    "review_id": "2507741",
    "movie_id": "31278"
  },
  {
    "review": "바이올린연주자는 정말...정렬적이었다",
    "date": "08.02.26",
    "rating": "10",
    "author": "dudg****",
    "review_id": "2486202",
    "movie_id": "31278"
  },
  {
    "review": "OST 최고~  음반 CD사서 들어봐도... 좋다. 단지 조금 우울해지는 느낌...",
    "date": "08.02.02",
    "rating": "10",
    "author": "swpr****",
    "review_id": "2399247",
    "movie_id": "31278"
  },
  {
    "review": "작위적인 스토리 전개, 오직 엔니오 모리꼬네 만이 남는다 2",
    "date": "08.01.25",
    "rating": "7",
    "author": "love****",
    "review_id": "2367847",
    "movie_id": "31278"
  },
  {
    "review": "섹시한 바이올리니스트와 터질듯한 선율.",
    "date": "08.01.22",
    "rating": "8",
    "author": "9763****",
    "review_id": "2358568",
    "movie_id": "31278"
  },
  {
    "review": "작위적인 전개이긴 하지만 이정도 영화면 훌륭하지 않은가?(엔리오모리케 최고)",
    "date": "08.01.08",
    "rating": "10",
    "author": "ecli****",
    "review_id": "2306955",
    "movie_id": "31278"
  },
  {
    "review": "영화를 보고 가슴이 터질듯한 전율을 느끼고 싶다면 이 영활 봐라~",
    "date": "07.12.25",
    "rating": "10",
    "author": "elda****",
    "review_id": "2265222",
    "movie_id": "31278"
  },
  {
    "review": "너무 좋았다",
    "date": "07.12.08",
    "rating": "10",
    "author": "chri****",
    "review_id": "2214642",
    "movie_id": "31278"
  },
  {
    "review": "언제봐도 최고인 인생 최고의 영화중하나 음악을 빼고 이야기 할수없다",
    "date": "07.12.07",
    "rating": "10",
    "author": "arte****",
    "review_id": "2212231",
    "movie_id": "31278"
  },
  {
    "review": "음악에 빠져 좋았던 영화",
    "date": "07.10.14",
    "rating": "8",
    "author": "miff****",
    "review_id": "2088781",
    "movie_id": "31278"
  },
  {
    "review": "최고...",
    "date": "07.10.11",
    "rating": "10",
    "author": "mmor****",
    "review_id": "2083742",
    "movie_id": "31278"
  },
  {
    "review": "모리꼬네 음악 빼면 따분한 러브스토리, 지나치게 높은 평점은 뭐지?",
    "date": "07.10.11",
    "rating": "1",
    "author": "triv****",
    "review_id": "2083042",
    "movie_id": "31278"
  },
  {
    "review": "최고다",
    "date": "07.10.02",
    "rating": "10",
    "author": "illu****",
    "review_id": "2066901",
    "movie_id": "31278"
  },
  {
    "review": "음악 그리고 그들의 비극과 애환의 카덴짜",
    "date": "07.09.21",
    "rating": "10",
    "author": "scri****",
    "review_id": "2034240",
    "movie_id": "31278"
  },
  {
    "review": "가슴 아픈 이야기와 애절한 음악의 조화!",
    "date": "07.06.30",
    "rating": "10",
    "author": "rage****",
    "review_id": "1731983",
    "movie_id": "31278"
  },
  {
    "review": "예전에 봤으면 좋았을지도. 이미 너무많은 사생아 네러티브가 있으니..",
    "date": "07.06.24",
    "rating": "8",
    "author": "korn****",
    "review_id": "1718556",
    "movie_id": "31278"
  },
  {
    "review": "이런영화를 얼른 300명넘겨서 순위에 올려야됨",
    "date": "07.06.06",
    "rating": "9",
    "author": "ap31****",
    "review_id": "1684838",
    "movie_id": "31278"
  },
  {
    "review": "그들이 음악을 멈추게했을때 우리는 이미 죽었다..으앙ㅇㅇ 멋져..ㅜㅜ",
    "date": "07.05.13",
    "rating": "8",
    "author": "skdo****",
    "review_id": "1637320",
    "movie_id": "31278"
  },
  {
    "review": "음악은 위대하다.",
    "date": "07.05.07",
    "rating": "9",
    "author": "yags****",
    "review_id": "1627114",
    "movie_id": "31278"
  },
  {
    "review": "너무나 애절하면서도 아름다운 영화~ 굿",
    "date": "07.04.27",
    "rating": "10",
    "author": "hye5****",
    "review_id": "1607860",
    "movie_id": "31278"
  },
  {
    "review": "10점 준 분들도 인정하겠지만 이 영화 모 아니면 도다. 나는 걸 정도?",
    "date": "07.03.30",
    "rating": "7",
    "author": "cms3****",
    "review_id": "1562554",
    "movie_id": "31278"
  },
  {
    "review": "난 괜찮게 봤는데",
    "date": "07.02.24",
    "rating": "10",
    "author": "lody****",
    "review_id": "1498382",
    "movie_id": "31278"
  },
  {
    "review": "울다가 실신하는 줄알랐다........",
    "date": "07.02.19",
    "rating": "10",
    "author": "moon****",
    "review_id": "1485907",
    "movie_id": "31278"
  },
  {
    "review": "작위적인 스토리 전개, 오직 엔니오 모리꼬네 만이 남는다.",
    "date": "07.02.11",
    "rating": "6",
    "author": "down****",
    "review_id": "1463605",
    "movie_id": "31278"
  },
  {
    "review": "깊이있게영화보는분들께강추!머리나쁘면내용이해못함!",
    "date": "07.02.07",
    "rating": "9",
    "author": "bboj****",
    "review_id": "1451267",
    "movie_id": "31278"
  },
  {
    "review": "굿",
    "date": "07.01.14",
    "rating": "10",
    "author": "esta****",
    "review_id": "1382656",
    "movie_id": "31278"
  },
  {
    "review": "good~!!",
    "date": "07.01.01",
    "rating": "10",
    "author": "pago****",
    "review_id": "1347747",
    "movie_id": "31278"
  },
  {
    "review": "찢어질듯 가슴벅차오르고 뜨거운영화,  또봐야지",
    "date": "06.12.31",
    "rating": "10",
    "author": "bebe****",
    "review_id": "1344013",
    "movie_id": "31278"
  },
  {
    "review": "정말 6번넘게 본거같은데..볼때마다 같은 감동을 느낀영화",
    "date": "06.12.12",
    "rating": "10",
    "author": "kall****",
    "review_id": "1286777",
    "movie_id": "31278"
  },
  {
    "review": "최고",
    "date": "06.12.09",
    "rating": "10",
    "author": "sons****",
    "review_id": "1279791",
    "movie_id": "31278"
  },
  {
    "review": "내가 본 최고의 명작!!무려 6번째...",
    "date": "06.12.05",
    "rating": "10",
    "author": "come****",
    "review_id": "1269279",
    "movie_id": "31278"
  },
  {
    "review": "엔리오 모리코네의 음악만으로도 충분했던..",
    "date": "06.11.25",
    "rating": "10",
    "author": "riol****",
    "review_id": "1249565",
    "movie_id": "31278"
  },
  {
    "review": "음악과 사랑으로 내 눈물샘을 쥐어짜는구만..",
    "date": "06.10.16",
    "rating": "10",
    "author": "jaux****",
    "review_id": "1183531",
    "movie_id": "31278"
  },
  {
    "review": "지나치게 작위적인 전개를 무마하는 최고의 선율.",
    "date": "06.10.08",
    "rating": "7",
    "author": "more****",
    "review_id": "1169766",
    "movie_id": "31278"
  },
  {
    "review": "나름 느낌이었지만, 이영화 저영화를 섞어놓은듯한..좀 별루",
    "date": "06.09.27",
    "rating": "7",
    "author": "dart****",
    "review_id": "1144758",
    "movie_id": "31278"
  },
  {
    "review": "훌륭한 내용. 하지만 만듦새는 조악. 음악은 최고.",
    "date": "06.09.02",
    "rating": "7",
    "author": "raco****",
    "review_id": "1097669",
    "movie_id": "31278"
  },
  {
    "review": "정말 좋은 영화..사운드 트랙 사서 들어도 너무 좋음",
    "date": "06.08.26",
    "rating": "10",
    "author": "visu****",
    "review_id": "1080991",
    "movie_id": "31278"
  },
  {
    "review": "지루 엉성 사고방식 다름...매니악함..",
    "date": "06.08.25",
    "rating": "1",
    "author": "ambi****",
    "review_id": "1076474",
    "movie_id": "31278"
  },
  {
    "review": "이런 영화는 10년안에 나오기 힘들다..",
    "date": "06.08.13",
    "rating": "10",
    "author": "hotv****",
    "review_id": "1021651",
    "movie_id": "31278"
  },
  {
    "review": "가슴을 찢어놓을 듯한 '울림'이 있는 영화! 감동의 탄식...",
    "date": "06.07.29",
    "rating": "10",
    "author": "caca****",
    "review_id": "938763",
    "movie_id": "31278"
  },
  {
    "review": "내 인생 최고의 영화! 극장에서 본 것은 최고의 선택!",
    "date": "06.07.01",
    "rating": "10",
    "author": "comp****",
    "review_id": "864796",
    "movie_id": "31278"
  },
  {
    "review": "My Favorite Movie..평생 잊지못할..",
    "date": "06.06.29",
    "rating": "10",
    "author": "mari****",
    "review_id": "862807",
    "movie_id": "31278"
  },
  {
    "review": "좋아하는 영화..",
    "date": "06.06.22",
    "rating": "10",
    "author": "gusw****",
    "review_id": "853260",
    "movie_id": "31278"
  },
  {
    "review": "음악 감독이 엔니오 모리꼬네라는 것만으로..",
    "date": "06.06.11",
    "rating": "10",
    "author": "shyn****",
    "review_id": "839987",
    "movie_id": "31278"
  },
  {
    "review": "역의 캐논",
    "date": "06.06.11",
    "rating": "10",
    "author": "k342****",
    "review_id": "839983",
    "movie_id": "31278"
  },
  {
    "review": "엔니오모리꼬네의 음악이 가장 먼저 기억나고,,꽤 감명받았었던",
    "date": "06.05.31",
    "rating": "8",
    "author": "seve****",
    "review_id": "823813",
    "movie_id": "31278"
  },
  {
    "review": "최고~! 바이올린의 선율이 머릿속을 떠나질 않는다...",
    "date": "06.05.26",
    "rating": "10",
    "author": "soyo****",
    "review_id": "816726",
    "movie_id": "31278"
  },
  {
    "review": "음악에 대한 혈기 넘치는 젊음의 열정을 느낄 수 있는 영화",
    "date": "06.05.24",
    "rating": "9",
    "author": "twin****",
    "review_id": "813954",
    "movie_id": "31278"
  },
  {
    "review": "꽤 괜찮은 영화였다. 음악이 아름다웠던 영화..",
    "date": "06.01.27",
    "rating": "9",
    "author": "daer****",
    "review_id": "626819",
    "movie_id": "31278"
  },
  {
    "review": "스토리와 함께 어우러진 환상적이고도 격정적인 멜로디..굿",
    "date": "06.01.16",
    "rating": "9",
    "author": "sumi****",
    "review_id": "592938",
    "movie_id": "31278"
  },
  {
    "review": "아름다운 음악과 가슴떨리는 사랑이야기.. 볼만하다",
    "date": "06.01.06",
    "rating": "8",
    "author": "jaew****",
    "review_id": "563636",
    "movie_id": "31278"
  },
  {
    "review": "엔니오 모리꼬네의 음악 너무 좋다~~~~~",
    "date": "05.12.21",
    "rating": "8",
    "author": "yabd****",
    "review_id": "518006",
    "movie_id": "31278"
  },
  {
    "review": "후하지 않은데요",
    "date": "05.12.15",
    "rating": "10",
    "author": "gmls****",
    "review_id": "507029",
    "movie_id": "31278"
  },
  {
    "review": "음악도 여전히 아름답고 예술이 높은 영화",
    "date": "05.10.31",
    "rating": "10",
    "author": "ring****",
    "review_id": "460761",
    "movie_id": "31278"
  },
  {
    "review": "캐논인버스를 보지않고선 영화음악을 말하지말라!!",
    "date": "05.10.07",
    "rating": "10",
    "author": "scje****",
    "review_id": "435892",
    "movie_id": "31278"
  },
  {
    "review": "그래도 9.0은 넘 후하군여. 평점 7.2",
    "date": "05.09.13",
    "rating": "1",
    "author": "qama****",
    "review_id": "403718",
    "movie_id": "31278"
  }
]