[
  {
    "review": "폴헤이먼하고 쉐인맥맨 나오던데 WWE가 만든영화인가 암튼쓰레기",
    "date": "11.02.07",
    "rating": "1",
    "author": "real****",
    "review_id": "5223998",
    "movie_id": "31270"
  },
  {
    "review": "위험한 놀이, 음모, 분노.",
    "date": "09.09.29",
    "rating": "7",
    "author": "caca****",
    "review_id": "3859309",
    "movie_id": "31270"
  },
  {
    "review": "존 맥티어난의 작품이 맞는지 의심스러운 수준",
    "date": "09.08.26",
    "rating": "2",
    "author": "kxvt****",
    "review_id": "3789686",
    "movie_id": "31270"
  },
  {
    "review": "이 게임은 뭐야?",
    "date": "09.08.17",
    "rating": "3",
    "author": "cont****",
    "review_id": "3761499",
    "movie_id": "31270"
  },
  {
    "review": "약 하지마.너희들도 약하다가는 이런 졸작 찍어오게 된다.ㅋㅋ",
    "date": "09.06.18",
    "rating": "2",
    "author": "baks****",
    "review_id": "3573305",
    "movie_id": "31270"
  },
  {
    "review": "에휴..",
    "date": "09.06.01",
    "rating": "2",
    "author": "djjs****",
    "review_id": "3538862",
    "movie_id": "31270"
  },
  {
    "review": "그저웃지요. ㅋㅋ",
    "date": "07.11.05",
    "rating": "4",
    "author": "pksj****",
    "review_id": "2135544",
    "movie_id": "31270"
  },
  {
    "review": "중간중간 한국과 관련된 내용들이 나오는게 재미있다",
    "date": "07.06.16",
    "rating": "2",
    "author": "nala****",
    "review_id": "1703458",
    "movie_id": "31270"
  },
  {
    "review": "재미없었다. 75년건 괜찮을려나?",
    "date": "07.03.25",
    "rating": "5",
    "author": "dnjs****",
    "review_id": "1552788",
    "movie_id": "31270"
  },
  {
    "review": "이건 아닌데",
    "date": "07.03.20",
    "rating": "5",
    "author": "zeed****",
    "review_id": "1544490",
    "movie_id": "31270"
  },
  {
    "review": "원작 75년도께 훨낳은것 같음 2류작 ㅡㅡ",
    "date": "07.01.27",
    "rating": "1",
    "author": "best****",
    "review_id": "1419151",
    "movie_id": "31270"
  },
  {
    "review": "왠만하면나영화보는성격이거덩?근데ㅅㅂ종나장난까?",
    "date": "07.01.27",
    "rating": "1",
    "author": "coco****",
    "review_id": "1418652",
    "movie_id": "31270"
  },
  {
    "review": "좀 뒤끝이 어이없었지만 내용은 중요했던듯~",
    "date": "07.01.27",
    "rating": "10",
    "author": "myls****",
    "review_id": "1417740",
    "movie_id": "31270"
  },
  {
    "review": "뭐 이딴게 다있냐? 어이가 없다",
    "date": "07.01.27",
    "rating": "1",
    "author": "dmlg****",
    "review_id": "1417229",
    "movie_id": "31270"
  },
  {
    "review": "초반부 보고 재밌을줄알았더니 -_- 무슨 670년대영화도 아니고..",
    "date": "06.12.26",
    "rating": "1",
    "author": "the_****",
    "review_id": "1328589",
    "movie_id": "31270"
  },
  {
    "review": "이게 영화냐. 극장에서 봤는데 생각하고 싶지가 않다.",
    "date": "06.10.10",
    "rating": "1",
    "author": "habr****",
    "review_id": "1174051",
    "movie_id": "31270"
  },
  {
    "review": "맥티어난의 최고 졸작품",
    "date": "05.12.26",
    "rating": "1",
    "author": "kws7****",
    "review_id": "530171",
    "movie_id": "31270"
  },
  {
    "review": "폴 헤이먼때문에 5점 준다.",
    "date": "05.08.28",
    "rating": "5",
    "author": "wnch****",
    "review_id": "386660",
    "movie_id": "31270"
  },
  {
    "review": "심심풀이",
    "date": "05.08.16",
    "rating": "3",
    "author": "okjo****",
    "review_id": "370527",
    "movie_id": "31270"
  },
  {
    "review": "박진감, 캐릭터, 줄거리, 신선함, 어디에서도 장점 찾기 힘듬",
    "date": "05.02.20",
    "rating": "2",
    "author": "kimj****",
    "review_id": "225738",
    "movie_id": "31270"
  },
  {
    "review": "ㅇㅇㅇ",
    "date": "05.02.20",
    "rating": "10",
    "author": "crie****",
    "review_id": "225263",
    "movie_id": "31270"
  },
  {
    "review": "레옹 나온거 밖에 기억나는 거 읎다..",
    "date": "05.02.20",
    "rating": "1",
    "author": "boro****",
    "review_id": "225138",
    "movie_id": "31270"
  },
  {
    "review": "내용짜임새나 스토리나 뭘로보나 엉망..1점도아깝다.",
    "date": "05.02.20",
    "rating": "1",
    "author": "rizo****",
    "review_id": "224958",
    "movie_id": "31270"
  },
  {
    "review": "75년원작은 제임스 칸의 카리스마와 내용도 좋았는데 리메이크는 아니올시다",
    "date": "04.06.19",
    "rating": "1",
    "author": "wima****",
    "review_id": "56587",
    "movie_id": "31270"
  },
  {
    "review": "도대체 존 맥티어난.... 왜 그랬을까...",
    "date": "03.12.03",
    "rating": "4",
    "author": "tdol****",
    "review_id": "903",
    "movie_id": "31270"
  }
]