[
  {
    "review": "웨스턴풍에서 갑자기 호러와 SF로 그러다 코믹으로. 뭐야 이거.",
    "date": "13.05.01",
    "rating": "1",
    "author": "astt****",
    "review_id": "7498309",
    "movie_id": "31277"
  },
  {
    "review": "1편을 시대,배경과 배우만 바꿔놨을뿐 마지막장면까지 비슷하게 만들어놨네... 우려내는것두 눈치껏 양심껏해야지 휴~~",
    "date": "13.02.16",
    "rating": "3",
    "author": "kis5****",
    "review_id": "7269941",
    "movie_id": "31277"
  },
  {
    "review": "중간중간 징그러운 장면들이 있지만 이정도 평점받을만큼 쓰레기는아닌듯? 나름 재밌다. 남주도 멋있고",
    "date": "12.08.20",
    "rating": "7",
    "author": "seul****",
    "review_id": "6629358",
    "movie_id": "31277"
  },
  {
    "review": "3잼잇는데 왜 OO들이지??",
    "date": "12.08.19",
    "rating": "7",
    "author": "flnl****",
    "review_id": "6624443",
    "movie_id": "31277"
  },
  {
    "review": "최악의 영화, 더 할말은 없다",
    "date": "12.06.11",
    "rating": "1",
    "author": "ajtw****",
    "review_id": "6385803",
    "movie_id": "31277"
  },
  {
    "review": "마코 폭풍간지",
    "date": "11.08.17",
    "rating": "7",
    "author": "gust****",
    "review_id": "5662896",
    "movie_id": "31277"
  },
  {
    "review": "망한영화 속편 왜만듬?ㅋㅋ",
    "date": "11.05.09",
    "rating": "1",
    "author": "skar****",
    "review_id": "5417850",
    "movie_id": "31277"
  },
  {
    "review": "1편이 나오기 전에 이게 먼저 나왔더라면 상당 했을 듯 싶다",
    "date": "11.02.12",
    "rating": "7",
    "author": "kimg****",
    "review_id": "5237334",
    "movie_id": "31277"
  },
  {
    "review": "1편이 더 낫다.",
    "date": "09.05.20",
    "rating": "7",
    "author": "scal****",
    "review_id": "3508734",
    "movie_id": "31277"
  },
  {
    "review": "2편까지는 괜찮았었는데, 3편까지는 무리였었나?",
    "date": "09.05.03",
    "rating": "5",
    "author": "valk****",
    "review_id": "3460928",
    "movie_id": "31277"
  },
  {
    "review": "볼만했던영화시리즈를 완전 졸작으로 만들어버린영화",
    "date": "09.01.18",
    "rating": "1",
    "author": "aqzz****",
    "review_id": "3228518",
    "movie_id": "31277"
  },
  {
    "review": "XTM과 슈퍼액션 덕에 대사 반을 외운 졸작~(0점 어디가써??두리번 두리번)",
    "date": "08.11.11",
    "rating": "1",
    "author": "kkk0****",
    "review_id": "3045166",
    "movie_id": "31277"
  },
  {
    "review": "로드리게즈의 1편에서 멈췄었어야했다",
    "date": "08.07.04",
    "rating": "4",
    "author": "radi****",
    "review_id": "2738639",
    "movie_id": "31277"
  },
  {
    "review": "볼만..ㅋ",
    "date": "07.11.25",
    "rating": "7",
    "author": "klov****",
    "review_id": "2181706",
    "movie_id": "31277"
  },
  {
    "review": "이런걸 두고 전작을 똥칠했다 하는구나,,,",
    "date": "07.11.16",
    "rating": "3",
    "author": "seag****",
    "review_id": "2154983",
    "movie_id": "31277"
  },
  {
    "review": "1,2는 안보고 3만 봤지만 나름대로 볼만했다",
    "date": "07.09.22",
    "rating": "7",
    "author": "allu****",
    "review_id": "2036780",
    "movie_id": "31277"
  },
  {
    "review": "1편의 매력을 잊지 못하는 관객에 대한 테러행위...",
    "date": "07.07.17",
    "rating": "1",
    "author": "skat****",
    "review_id": "1783651",
    "movie_id": "31277"
  },
  {
    "review": "뭐.. 갈수록 이렇게 허무하게 돼다니",
    "date": "07.07.16",
    "rating": "4",
    "author": "deff****",
    "review_id": "1780330",
    "movie_id": "31277"
  },
  {
    "review": "시리즈중 최악..",
    "date": "07.01.16",
    "rating": "4",
    "author": "gall****",
    "review_id": "1390561",
    "movie_id": "31277"
  },
  {
    "review": "시리즈중 단연 최악 초반 10여분만 볼만하다",
    "date": "07.01.07",
    "rating": "1",
    "author": "ppp0****",
    "review_id": "1364819",
    "movie_id": "31277"
  },
  {
    "review": "2편그래도볼만했는데,2편보다평점높아혹시나.. 욕나온다!!",
    "date": "07.01.06",
    "rating": "2",
    "author": "idze****",
    "review_id": "1362200",
    "movie_id": "31277"
  },
  {
    "review": "1편 복사판??쓸대없는 서술-_- 재미도 없다..;",
    "date": "06.12.23",
    "rating": "4",
    "author": "lost****",
    "review_id": "1318255",
    "movie_id": "31277"
  },
  {
    "review": "시리즈중 가장 기억 안나느 3편..",
    "date": "06.07.17",
    "rating": "6",
    "author": "saru****",
    "review_id": "902161",
    "movie_id": "31277"
  },
  {
    "review": "1편 굿..2편 볼만함..3편 지루 ㅡㅡ;;",
    "date": "06.06.26",
    "rating": "4",
    "author": "n011****",
    "review_id": "858607",
    "movie_id": "31277"
  },
  {
    "review": "전반부를 너무 끌었다. 그래도 마무리는 인상적!",
    "date": "06.03.14",
    "rating": "7",
    "author": "goer****",
    "review_id": "716925",
    "movie_id": "31277"
  },
  {
    "review": "새벽 3시 30분에 ocn인가? 거기서 봣다...된장..",
    "date": "06.02.11",
    "rating": "5",
    "author": "220a****",
    "review_id": "661209",
    "movie_id": "31277"
  },
  {
    "review": "그럭저럭..",
    "date": "06.01.07",
    "rating": "7",
    "author": "luvt****",
    "review_id": "568365",
    "movie_id": "31277"
  },
  {
    "review": "모두들조지클루니가나온1편을칭하지만 나는3편을칭하고싶다",
    "date": "05.12.28",
    "rating": "8",
    "author": "kps4****",
    "review_id": "533682",
    "movie_id": "31277"
  },
  {
    "review": "그래도 볼만한 작품",
    "date": "05.12.24",
    "rating": "7",
    "author": "kws7****",
    "review_id": "524981",
    "movie_id": "31277"
  },
  {
    "review": "흡혈귀가 인상적이군.",
    "date": "05.12.22",
    "rating": "5",
    "author": "mayd****",
    "review_id": "519660",
    "movie_id": "31277"
  },
  {
    "review": "억지스런 시리즈치곤 의외로 놀라운 작품이라 평하리오",
    "date": "05.02.25",
    "rating": "3",
    "author": "jtot****",
    "review_id": "229642",
    "movie_id": "31277"
  },
  {
    "review": "황혼시리즈는 2편보다는 낫고 1편보다는 덜한 결론은 1편이 최고!",
    "date": "04.12.29",
    "rating": "7",
    "author": "akwl****",
    "review_id": "172651",
    "movie_id": "31277"
  },
  {
    "review": "B급 호러 영화지만... 그럭저럭 탄탄한 스토리를 가지고 있다..",
    "date": "04.12.19",
    "rating": "3",
    "author": "jsmi****",
    "review_id": "165550",
    "movie_id": "31277"
  },
  {
    "review": "황혼시리즈중 1편만 보면된다..",
    "date": "04.09.08",
    "rating": "10",
    "author": "kimw****",
    "review_id": "104822",
    "movie_id": "31277"
  }
]