[
  {
    "review": "게임은 영화화하면 망합니다",
    "date": "15.07.29",
    "rating": "5",
    "author": "lsj4****",
    "review_id": "10158032",
    "movie_id": "31272"
  },
  {
    "review": "안젤리나졸리를 위한 영화. 시종일관 그녀의 모습에 매료된건 사실이나 기억나는 장면이나 스토리가 전혀없다는게 문제..",
    "date": "15.06.21",
    "rating": "7",
    "author": "gshh****",
    "review_id": "10019831",
    "movie_id": "31272"
  },
  {
    "review": "당시 게임을 재밌게 해서 영화도 인상깊었던 기억.",
    "date": "15.06.19",
    "rating": "10",
    "author": "lsh5****",
    "review_id": "10011941",
    "movie_id": "31272"
  },
  {
    "review": "안젤리나 졸리를 유명하게 만든 영화 솔직히 이해가 안감 이게 어떻게 안젤리나 졸리를 유명하게 만들었지는 이해가 안감 이영화 안젤리나 졸려 수준이다.",
    "date": "15.04.27",
    "rating": "4",
    "author": "kjw9****",
    "review_id": "9872636",
    "movie_id": "31272"
  },
  {
    "review": "기존 액션영화에 인디아나 존스의 신비함을 잘 버무려 만든 흥미로운 영화..",
    "date": "15.03.29",
    "rating": "8",
    "author": "blue****",
    "review_id": "9814107",
    "movie_id": "31272"
  },
  {
    "review": "이만하면 재미있다...",
    "date": "15.03.21",
    "rating": "10",
    "author": "ymin****",
    "review_id": "9796208",
    "movie_id": "31272"
  },
  {
    "review": "제목처럼 무덤으로 간 작품",
    "date": "15.02.12",
    "rating": "5",
    "author": "perf****",
    "review_id": "9690778",
    "movie_id": "31272"
  },
  {
    "review": "쩔엇는데 스토리도 흡입력있고 몇번을 케이블에서 다시 봤는지 ㅋㅋ 졸리한테 반하고 여자지만 평점왜이래 잘안남기는데 로긴하고 간다 배경도 아름답고 그 이상한 사원 여튼 나에겐 최고의 영화",
    "date": "15.01.20",
    "rating": "10",
    "author": "dusg****",
    "review_id": "9616793",
    "movie_id": "31272"
  },
  {
    "review": "영화를 보면서 당시 시대에 섹시 여전사라 불리울만하다는 것을 느꼈다. 게임에서나 매체에서나 열풍을 불러 일으킨 영화",
    "date": "15.01.07",
    "rating": "7",
    "author": "yong****",
    "review_id": "9569865",
    "movie_id": "31272"
  },
  {
    "review": "난재밌게봤는데 점수가낮네",
    "date": "14.12.11",
    "rating": "10",
    "author": "ekaq****",
    "review_id": "9465901",
    "movie_id": "31272"
  },
  {
    "review": "게임의 인지도와 최적의 캐스팅을 무의미하게 만든 저급한 연출력",
    "date": "14.11.27",
    "rating": "1",
    "author": "goms****",
    "review_id": "9425877",
    "movie_id": "31272"
  },
  {
    "review": "재미있게본건아니지만.. 2001년영화치고는",
    "date": "14.11.15",
    "rating": "10",
    "author": "kzza****",
    "review_id": "9387127",
    "movie_id": "31272"
  },
  {
    "review": "와 예쁘다. 반해버렸어",
    "date": "14.10.17",
    "rating": "9",
    "author": "sky0****",
    "review_id": "9298103",
    "movie_id": "31272"
  },
  {
    "review": "너무 늘어지네요. 재미없어요. 차라리 안젤리나 졸리 화보집보는게 낫겠다.",
    "date": "14.09.22",
    "rating": "5",
    "author": "this****",
    "review_id": "9235089",
    "movie_id": "31272"
  },
  {
    "review": "꿀잼, 3번을봐도재밋음",
    "date": "14.08.06",
    "rating": "10",
    "author": "oho0****",
    "review_id": "9036545",
    "movie_id": "31272"
  },
  {
    "review": "재미잇는데 뭐가 재미없단거지",
    "date": "14.07.21",
    "rating": "10",
    "author": "rlar****",
    "review_id": "8937531",
    "movie_id": "31272"
  },
  {
    "review": "영화도 히트 치고 게임도 나오고 당시엔 볼만한 영화였음.",
    "date": "14.07.13",
    "rating": "7",
    "author": "adiv****",
    "review_id": "8911812",
    "movie_id": "31272"
  },
  {
    "review": "오락에 비해서 좀...",
    "date": "14.06.27",
    "rating": "6",
    "author": "clou****",
    "review_id": "8860908",
    "movie_id": "31272"
  },
  {
    "review": "이 영환 왜이리 평점이 낮냐...  뭐 겜을 재밌게 하긴 했지",
    "date": "14.05.29",
    "rating": "10",
    "author": "shis****",
    "review_id": "8774181",
    "movie_id": "31272"
  },
  {
    "review": "근데 막판에 왠 로봇이지 ㅋㅋ",
    "date": "14.05.22",
    "rating": "10",
    "author": "xpfk****",
    "review_id": "8755150",
    "movie_id": "31272"
  },
  {
    "review": "설명이 부족한거 빼고는 나쁘지 않았는디",
    "date": "14.04.22",
    "rating": "7",
    "author": "xx41****",
    "review_id": "8665356",
    "movie_id": "31272"
  },
  {
    "review": "*인디아나 존스* 미만 잡",
    "date": "14.03.29",
    "rating": "6",
    "author": "ken5****",
    "review_id": "8615838",
    "movie_id": "31272"
  },
  {
    "review": "안젤리나의 화려한 까리한 액션이 참말로볼만 했던 ㅋㅋ 재미었다꼬",
    "date": "14.03.22",
    "rating": "8",
    "author": "yyho****",
    "review_id": "8595366",
    "movie_id": "31272"
  },
  {
    "review": "조이스틱 들고 게임을...",
    "date": "14.02.28",
    "rating": "6",
    "author": "arti****",
    "review_id": "8544408",
    "movie_id": "31272"
  },
  {
    "review": "라라에 가장 잘 어울리는 졸리를 캐스팅 한것만으로도..",
    "date": "14.02.12",
    "rating": "8",
    "author": "ykm3****",
    "review_id": "8501659",
    "movie_id": "31272"
  },
  {
    "review": "지금보니 진짜 재미없다...뭔가 이야기구성이 너무 허술해. 게다가 다니엘크레이그랑 케미라도 있길 기대하고 봣는데 너무 조연이라 라라랑 둘이 붙는 신도 별로 없고...",
    "date": "14.01.30",
    "rating": "6",
    "author": "come****",
    "review_id": "8449440",
    "movie_id": "31272"
  },
  {
    "review": "소재도 좋고 재밌어요~~~~",
    "date": "14.01.06",
    "rating": "9",
    "author": "ttom****",
    "review_id": "8355635",
    "movie_id": "31272"
  },
  {
    "review": "근데 외모로만따지면 원판라라가 더에쁘다고본다",
    "date": "13.11.30",
    "rating": "7",
    "author": "hard****",
    "review_id": "8178842",
    "movie_id": "31272"
  },
  {
    "review": "툼레이더가 6점대밖에 안되는 영화였나? ㅋㅋ",
    "date": "13.08.08",
    "rating": "8",
    "author": "kjs7****",
    "review_id": "7857313",
    "movie_id": "31272"
  },
  {
    "review": "ㅇ",
    "date": "13.08.05",
    "rating": "10",
    "author": "kang****",
    "review_id": "7846223",
    "movie_id": "31272"
  },
  {
    "review": "라라와 졸리의 싱크로 좋았다. 갠적으로 1편은 정말 나쁘지 않았다고 보는데",
    "date": "13.07.16",
    "rating": "10",
    "author": "bajj****",
    "review_id": "7747800",
    "movie_id": "31272"
  },
  {
    "review": "졸리누나^^",
    "date": "13.07.05",
    "rating": "10",
    "author": "ske4****",
    "review_id": "7706936",
    "movie_id": "31272"
  },
  {
    "review": "안젤리나 졸리언니를 따라올 라라의 모델은 없는것같아요",
    "date": "13.07.04",
    "rating": "10",
    "author": "snsk****",
    "review_id": "7703740",
    "movie_id": "31272"
  },
  {
    "review": "초반부에 독일제 USP 매치를 마구 난사하는 졸리누님의 모습 말곤 건질게 없는 영화...",
    "date": "13.06.12",
    "rating": "6",
    "author": "zhfl****",
    "review_id": "7631116",
    "movie_id": "31272"
  },
  {
    "review": "특수부대란것이 유리창깨고 침투해서 발차기 한번 맞고 뻗는게 좀 그럼",
    "date": "13.05.26",
    "rating": "8",
    "author": "duvk****",
    "review_id": "7556683",
    "movie_id": "31272"
  },
  {
    "review": "아.. 진짜 게임 진짜 잼잇엇는뎈ㅋㅋ 영화도 나쁘지 않아서 좋고 안젤리나 졸리의 첫 액션 영화라니 신기신기",
    "date": "13.03.15",
    "rating": "10",
    "author": "toto****",
    "review_id": "7349705",
    "movie_id": "31272"
  },
  {
    "review": "전투를 하고 싶다는 자들은 전부 전투를 정말로 경험해 본 적이 없을 뿐만 아니라군대도 가본 적이 없다.",
    "date": "13.03.07",
    "rating": "3",
    "author": "kos4****",
    "review_id": "7328908",
    "movie_id": "31272"
  },
  {
    "review": "감독이 졸리팬인듯. 007이 조연으로 나와서 신기했음.",
    "date": "12.12.30",
    "rating": "2",
    "author": "itsh****",
    "review_id": "7063509",
    "movie_id": "31272"
  },
  {
    "review": "한글로는 도굴꾼... Time Storm",
    "date": "12.12.26",
    "rating": "6",
    "author": "bbq2****",
    "review_id": "7050373",
    "movie_id": "31272"
  },
  {
    "review": "0점못주는게 천추의 한으로 남네 시간버린영화",
    "date": "12.12.14",
    "rating": "1",
    "author": "ahss****",
    "review_id": "7001713",
    "movie_id": "31272"
  },
  {
    "review": "졸리의 슴가와 007의 조연 시절을 볼 수 있는 영화~!",
    "date": "12.05.27",
    "rating": "2",
    "author": "nice****",
    "review_id": "6338568",
    "movie_id": "31272"
  },
  {
    "review": "이거엄청좋아했는데 지금은기억도안나네",
    "date": "12.05.18",
    "rating": "10",
    "author": "thak****",
    "review_id": "6309886",
    "movie_id": "31272"
  },
  {
    "review": "여전사의 탄생,몸매 쩔어",
    "date": "12.05.06",
    "rating": "7",
    "author": "kch_****",
    "review_id": "6275418",
    "movie_id": "31272"
  },
  {
    "review": "졸리 보는 맛~!!",
    "date": "12.03.03",
    "rating": "7",
    "author": "tn99****",
    "review_id": "6121470",
    "movie_id": "31272"
  },
  {
    "review": "내용은형편없어도 그년 섹시해",
    "date": "12.02.10",
    "rating": "6",
    "author": "milk****",
    "review_id": "6065787",
    "movie_id": "31272"
  },
  {
    "review": "지금보니까 재미없지 이때는 진짜 센세이션이었음 탐험액션영화의 본보기",
    "date": "12.01.11",
    "rating": "8",
    "author": "josi****",
    "review_id": "5977577",
    "movie_id": "31272"
  },
  {
    "review": "눈요기로 흡족하다.",
    "date": "11.10.05",
    "rating": "4",
    "author": "pria****",
    "review_id": "5772872",
    "movie_id": "31272"
  },
  {
    "review": "재미가 좋았다.. 좀 엉성한 설정이긴 하지만.. 미션임파서블도 아니고..",
    "date": "11.09.25",
    "rating": "8",
    "author": "amoh****",
    "review_id": "5752074",
    "movie_id": "31272"
  },
  {
    "review": "게임이 영화가 되면 망한다의 대표적 표본... 게임케릭터는 그냥 게임캐릭터일뿐",
    "date": "11.08.15",
    "rating": "5",
    "author": "lamp****",
    "review_id": "5655257",
    "movie_id": "31272"
  },
  {
    "review": "안젤리나졸리",
    "date": "11.08.11",
    "rating": "3",
    "author": "hjj5****",
    "review_id": "5637301",
    "movie_id": "31272"
  },
  {
    "review": "사실 재미는 그닥 하지만  라라 크로프트는 매우 매력적인 캐릭터임",
    "date": "11.07.21",
    "rating": "8",
    "author": "kire****",
    "review_id": "5560122",
    "movie_id": "31272"
  },
  {
    "review": "좋아요.",
    "date": "11.06.08",
    "rating": "10",
    "author": "nimb****",
    "review_id": "5471905",
    "movie_id": "31272"
  },
  {
    "review": "안젤리나졸리의 모험",
    "date": "11.06.05",
    "rating": "6",
    "author": "mais****",
    "review_id": "5466064",
    "movie_id": "31272"
  },
  {
    "review": "뭐 그냥..",
    "date": "11.03.03",
    "rating": "6",
    "author": "rudd****",
    "review_id": "5292203",
    "movie_id": "31272"
  },
  {
    "review": "재미없어",
    "date": "11.02.26",
    "rating": "4",
    "author": "abso****",
    "review_id": "5277972",
    "movie_id": "31272"
  },
  {
    "review": "기대가 커서일까....",
    "date": "11.02.22",
    "rating": "4",
    "author": "aqzz****",
    "review_id": "5268055",
    "movie_id": "31272"
  },
  {
    "review": "재밌을꺼같은데 재미없는..",
    "date": "11.02.19",
    "rating": "4",
    "author": "xtai****",
    "review_id": "5257586",
    "movie_id": "31272"
  },
  {
    "review": "캐스팅과 액션은 굳, 게임 대비 고대 유적의 얕은 고증은 아쉬워, 프놈바껭과 따프롬.",
    "date": "10.12.30",
    "rating": "7",
    "author": "sioh****",
    "review_id": "5104481",
    "movie_id": "31272"
  },
  {
    "review": "그렇고 그런 하찮은 영화",
    "date": "10.12.28",
    "rating": "4",
    "author": "yoon****",
    "review_id": "5097232",
    "movie_id": "31272"
  },
  {
    "review": "지루해서 앞에 몇분 보다 껐다 ㅋㅋㅋㅋㅋ",
    "date": "10.12.26",
    "rating": "4",
    "author": "qmam****",
    "review_id": "5087053",
    "movie_id": "31272"
  },
  {
    "review": "5점",
    "date": "10.12.12",
    "rating": "5",
    "author": "oaa1****",
    "review_id": "5048712",
    "movie_id": "31272"
  },
  {
    "review": "지금 보면 졸리 밖에 없는 영화. 그냥 킬링타임.",
    "date": "10.11.14",
    "rating": "5",
    "author": "nba1****",
    "review_id": "4958710",
    "movie_id": "31272"
  },
  {
    "review": "졸리때문에 봤는데 이건 뭐...",
    "date": "10.08.28",
    "rating": "4",
    "author": "hsj0****",
    "review_id": "4798449",
    "movie_id": "31272"
  },
  {
    "review": "유명하다길래 재밌을줄 알고 봤는데..재미는 없내요",
    "date": "10.08.04",
    "rating": "3",
    "author": "govl****",
    "review_id": "4703943",
    "movie_id": "31272"
  },
  {
    "review": "힘만 잔뜩 들어간 여전사 졸리니깐 봐준다...오락영화로는 그럭저럭",
    "date": "10.07.21",
    "rating": "6",
    "author": "egyp****",
    "review_id": "4657281",
    "movie_id": "31272"
  },
  {
    "review": "딱 별2개반.",
    "date": "10.03.09",
    "rating": "5",
    "author": "yoma****",
    "review_id": "4345661",
    "movie_id": "31272"
  },
  {
    "review": "재밌게 봤는데 ㅋㅋ 평점왜이러지 ㅋ",
    "date": "10.03.03",
    "rating": "10",
    "author": "suo9****",
    "review_id": "4333346",
    "movie_id": "31272"
  },
  {
    "review": "라라 크로프트 말곤 볼게 없다",
    "date": "10.01.23",
    "rating": "6",
    "author": "cont****",
    "review_id": "4202615",
    "movie_id": "31272"
  },
  {
    "review": "오리지날이다..",
    "date": "10.01.16",
    "rating": "9",
    "author": "rodr****",
    "review_id": "4177573",
    "movie_id": "31272"
  },
  {
    "review": "도대체 안젤리나 졸리의 입술과 몸매 빼곤 볼 게 없구나...",
    "date": "09.12.18",
    "rating": "5",
    "author": "mygr****",
    "review_id": "4054069",
    "movie_id": "31272"
  },
  {
    "review": "졸리의 존재감만은 제대로다.",
    "date": "09.10.09",
    "rating": "7",
    "author": "leh0****",
    "review_id": "3882519",
    "movie_id": "31272"
  },
  {
    "review": "재미만 추구하는 오락성 요소가 강한 영화, 하지만 라라는 가장 멋진 여전사가 아닐까",
    "date": "09.10.02",
    "rating": "6",
    "author": "skrt****",
    "review_id": "3866666",
    "movie_id": "31272"
  },
  {
    "review": "안젤리나 졸려~~~",
    "date": "09.07.12",
    "rating": "1",
    "author": "dlwo****",
    "review_id": "3627168",
    "movie_id": "31272"
  },
  {
    "review": "졸리얼굴 보는것 만으로도 즐거운ㅎㅎ 역시 여자 액션은 졸리를 따라올 사람이 없네요",
    "date": "09.06.14",
    "rating": "10",
    "author": "jetl****",
    "review_id": "3565421",
    "movie_id": "31272"
  },
  {
    "review": "이 영화를 보고 졸리를 알았지......최강 여전사",
    "date": "09.06.12",
    "rating": "8",
    "author": "adoa****",
    "review_id": "3559173",
    "movie_id": "31272"
  },
  {
    "review": "진짜 재미없다",
    "date": "09.05.24",
    "rating": "6",
    "author": "jse1****",
    "review_id": "3520028",
    "movie_id": "31272"
  },
  {
    "review": "그냥 그럭저럭 볼만했다",
    "date": "09.04.29",
    "rating": "8",
    "author": "rlad****",
    "review_id": "3448441",
    "movie_id": "31272"
  },
  {
    "review": "이런 영화 정말 좋다 ㅋㅋ 신비의 모험!! 졸리는 졸리이쁘넹 ㅋ_ㅋ",
    "date": "09.04.14",
    "rating": "10",
    "author": "etgo****",
    "review_id": "3421531",
    "movie_id": "31272"
  },
  {
    "review": "이런 영화 정말 좋다 ㅋㅋ 신비의 모험!! 졸리는 졸리이쁘넹 ㅋ_ㅋ",
    "date": "09.03.30",
    "rating": "7",
    "author": "tleh****",
    "review_id": "3395364",
    "movie_id": "31272"
  },
  {
    "review": "액션이 마음에 듭니다.",
    "date": "09.03.07",
    "rating": "10",
    "author": "dong****",
    "review_id": "3351924",
    "movie_id": "31272"
  },
  {
    "review": "원작이 났다. 그래도 나쁘진 않은데.",
    "date": "09.02.22",
    "rating": "7",
    "author": "mins****",
    "review_id": "3324982",
    "movie_id": "31272"
  },
  {
    "review": "안잘려고 그렇게 노력했지만 잤다...",
    "date": "09.02.06",
    "rating": "5",
    "author": "toug****",
    "review_id": "3282607",
    "movie_id": "31272"
  },
  {
    "review": "최소7점은 되는영화다ㅋ(+1) 지루한면도 있었지만 최고의 액션어드벤쳐였음ㅋ",
    "date": "09.01.22",
    "rating": "8",
    "author": "ljh1****",
    "review_id": "3238406",
    "movie_id": "31272"
  },
  {
    "review": "액션은 개뿔 ...이영화보면서 안졸리겠냐?졸라졸려!!!",
    "date": "08.12.09",
    "rating": "1",
    "author": "capg****",
    "review_id": "3103934",
    "movie_id": "31272"
  },
  {
    "review": "이런걸 상업영화라고 하나?",
    "date": "08.12.01",
    "rating": "7",
    "author": "mins****",
    "review_id": "3083365",
    "movie_id": "31272"
  },
  {
    "review": "게임을 영화화.라라와 졸리 딱 맞는 캐스팅이다.",
    "date": "08.08.27",
    "rating": "8",
    "author": "mani****",
    "review_id": "2905988",
    "movie_id": "31272"
  },
  {
    "review": "쩔어요",
    "date": "08.07.14",
    "rating": "10",
    "author": "dbqu****",
    "review_id": "2763262",
    "movie_id": "31272"
  },
  {
    "review": "졸리 외엔 졸리다",
    "date": "08.07.10",
    "rating": "1",
    "author": "meth****",
    "review_id": "2751424",
    "movie_id": "31272"
  },
  {
    "review": "재밋구만 ㅋ",
    "date": "08.06.29",
    "rating": "10",
    "author": "dudr****",
    "review_id": "2729740",
    "movie_id": "31272"
  },
  {
    "review": "뭔가 해보려고 하긴 했던거 같은데 처음부터 끝까지 대충대충.",
    "date": "08.06.18",
    "rating": "4",
    "author": "khkk****",
    "review_id": "2705897",
    "movie_id": "31272"
  },
  {
    "review": "게임 원작 영화치고 쓸만한 영화 찾기 어렵지.",
    "date": "08.06.18",
    "rating": "5",
    "author": "reco****",
    "review_id": "2705577",
    "movie_id": "31272"
  },
  {
    "review": "졸리때매 본다 ㅋㅋ",
    "date": "08.05.22",
    "rating": "8",
    "author": "blac****",
    "review_id": "2656493",
    "movie_id": "31272"
  },
  {
    "review": "안젤리나졸리 너무 섹시하다",
    "date": "08.04.30",
    "rating": "8",
    "author": "ryun****",
    "review_id": "2607253",
    "movie_id": "31272"
  },
  {
    "review": "진짜 너무 재미없다,,왠만해서는 끝까지 보는디 이건 보다 꺼버렸다..",
    "date": "08.04.25",
    "rating": "4",
    "author": "seag****",
    "review_id": "2597412",
    "movie_id": "31272"
  },
  {
    "review": "안젤리나졸리 라라 배역이 너무 잘 어울린다",
    "date": "08.03.25",
    "rating": "7",
    "author": "deff****",
    "review_id": "2540825",
    "movie_id": "31272"
  },
  {
    "review": "안젤리나졸리의 매력만 감상하게 되는 영화. 다른것은 전무.",
    "date": "08.02.11",
    "rating": "7",
    "author": "evil****",
    "review_id": "2436238",
    "movie_id": "31272"
  },
  {
    "review": "그럭저럭...지금 보니 심심한가????",
    "date": "08.01.31",
    "rating": "7",
    "author": "1023****",
    "review_id": "2391704",
    "movie_id": "31272"
  },
  {
    "review": "액션최고....ㅋㅋ",
    "date": "08.01.29",
    "rating": "10",
    "author": "onej****",
    "review_id": "2385552",
    "movie_id": "31272"
  },
  {
    "review": "액션영화에서 잘짜여진 스토리나 치밀한 구성을 원한 건 아니지만 그래도 이건 좀...",
    "date": "08.01.23",
    "rating": "4",
    "author": "uds0****",
    "review_id": "2362664",
    "movie_id": "31272"
  },
  {
    "review": "액션은 좋은거같은데... 눈꺼풀이 자꾸내려감",
    "date": "08.01.20",
    "rating": "6",
    "author": "tere****",
    "review_id": "2350854",
    "movie_id": "31272"
  }
]