[
  {
    "review": "스토리가 너무 억지스럽네.",
    "date": "13.08.01",
    "rating": "4",
    "author": "astt****",
    "review_id": "7806842",
    "movie_id": "31276"
  },
  {
    "review": "비꼴려면 제대로 꼬아라!",
    "date": "10.10.24",
    "rating": "3",
    "author": "cont****",
    "review_id": "4919587",
    "movie_id": "31276"
  },
  {
    "review": "뭔가 수상한 딱찌(?) 떼기 영화.",
    "date": "10.05.07",
    "rating": "2",
    "author": "evil****",
    "review_id": "4484260",
    "movie_id": "31276"
  },
  {
    "review": "난 고등학교때 미국에서 봤는데 관람 후 그 몬가 더러운 필링.. 사실 기억 잘 안난다",
    "date": "09.12.21",
    "rating": "1",
    "author": "vani****",
    "review_id": "4066158",
    "movie_id": "31276"
  },
  {
    "review": "나도 어처구니가 없다",
    "date": "07.08.20",
    "rating": "1",
    "author": "crew****",
    "review_id": "1962418",
    "movie_id": "31276"
  },
  {
    "review": "어처구니가없다.",
    "date": "07.08.20",
    "rating": "2",
    "author": "karn****",
    "review_id": "1961798",
    "movie_id": "31276"
  },
  {
    "review": "피가 뭐..거의 케첩수준이네요..",
    "date": "07.06.10",
    "rating": "5",
    "author": "bate****",
    "review_id": "1694740",
    "movie_id": "31276"
  },
  {
    "review": "내용이고 뭐고 전체적으로 너무 어이없다~~~",
    "date": "07.04.17",
    "rating": "3",
    "author": "hye5****",
    "review_id": "1593344",
    "movie_id": "31276"
  },
  {
    "review": "2001년 12월 2일에 비디오로 본건데 그냥 그랬다",
    "date": "06.07.16",
    "rating": "5",
    "author": "sbrl****",
    "review_id": "895438",
    "movie_id": "31276"
  },
  {
    "review": "싸구려 공포물",
    "date": "05.12.26",
    "rating": "2",
    "author": "kws7****",
    "review_id": "531513",
    "movie_id": "31276"
  },
  {
    "review": "진부한 헐리웃 호러",
    "date": "05.09.21",
    "rating": "3",
    "author": "hell****",
    "review_id": "416314",
    "movie_id": "31276"
  },
  {
    "review": "공포.잔혹함.미스테리에이은에로티시즘과코미디.장르가뭘까",
    "date": "05.09.07",
    "rating": "2",
    "author": "rkdt****",
    "review_id": "396227",
    "movie_id": "31276"
  },
  {
    "review": "주인공만 이쁘다..",
    "date": "05.08.28",
    "rating": "5",
    "author": "hong****",
    "review_id": "386664",
    "movie_id": "31276"
  },
  {
    "review": "쏠쏠한 재미~ 히히히  웃기고 재밌음~",
    "date": "05.08.21",
    "rating": "10",
    "author": "ahgk****",
    "review_id": "377048",
    "movie_id": "31276"
  },
  {
    "review": "도대체 이딴영화는 뭐냐? ㅉㅉ 존나 유치하고 재미없음",
    "date": "05.07.25",
    "rating": "1",
    "author": "ring****",
    "review_id": "333577",
    "movie_id": "31276"
  },
  {
    "review": "진짜 재미없음 '해변으로가다'보다 못한 쓰레기",
    "date": "05.05.13",
    "rating": "1",
    "author": "gita****",
    "review_id": "277149",
    "movie_id": "31276"
  },
  {
    "review": "설마설마 했는데 선생님이라니. 브리트니머피 머리  넘 웃겨 ㅎ",
    "date": "05.04.02",
    "rating": "8",
    "author": "gil_****",
    "review_id": "251996",
    "movie_id": "31276"
  },
  {
    "review": "브리트니머피 무진장귀엽다 ㅠ",
    "date": "05.01.20",
    "rating": "5",
    "author": "ss_l****",
    "review_id": "191107",
    "movie_id": "31276"
  },
  {
    "review": "이게 성장영화야 공포영화야..그리고 누구나 예상가능한 반전,",
    "date": "04.06.24",
    "rating": "2",
    "author": "pure****",
    "review_id": "59831",
    "movie_id": "31276"
  },
  {
    "review": "마지막 어색한 반전에 웃겨죽는줄 알았음 ㅋㅋㅋ",
    "date": "04.05.04",
    "rating": "7",
    "author": "juni****",
    "review_id": "40947",
    "movie_id": "31276"
  },
  {
    "review": "여자주인공 남자친구 캐니;; 너무 멋있어요 ㅠㅠ",
    "date": "04.04.11",
    "rating": "10",
    "author": "szsz****",
    "review_id": "35776",
    "movie_id": "31276"
  },
  {
    "review": "나름대로는 재미있게 봤음. 반전에서는 많이 놀랬음..",
    "date": "04.04.11",
    "rating": "6",
    "author": "ikop****",
    "review_id": "35658",
    "movie_id": "31276"
  },
  {
    "review": "그냥봐따.....쪼금 재미있음",
    "date": "04.02.23",
    "rating": "4",
    "author": "nwhg****",
    "review_id": "23217",
    "movie_id": "31276"
  },
  {
    "review": "지금껏 본 공포영화 중에..최악.. 사탄의 인형이 훨낫다;;",
    "date": "04.01.28",
    "rating": "1",
    "author": "imag****",
    "review_id": "13838",
    "movie_id": "31276"
  },
  {
    "review": "뻔한 싸이코영화...브리트니머피땜에 봤다..지금처럼 예쁘질않아서 놀랬거덩",
    "date": "04.01.28",
    "rating": "2",
    "author": "kalm****",
    "review_id": "13835",
    "movie_id": "31276"
  },
  {
    "review": "약간의 반전",
    "date": "04.01.11",
    "rating": "5",
    "author": "weed****",
    "review_id": "9209",
    "movie_id": "31276"
  }
]