[
  {
    "review": "굉장히 잼난영화ㅎ 강추다.",
    "date": "15.08.07",
    "rating": "10",
    "author": "limj****",
    "review_id": "10196448",
    "movie_id": "31289"
  },
  {
    "review": "크롱크라는 매력적인 캐릭터와 라마라는 생소한 동물을 소재로한 작품이여서 신선했다. 본지 10년도 넘은거 같은데 아직까지도 이렇게 머리속에서 생생히 기억나는걸 보니 그 당시에 어지간히도 재밌게 봤나보다. 개인적으로 지금봐도 정말 재밌었던 작품!!",
    "date": "15.08.01",
    "rating": "10",
    "author": "wlsd****",
    "review_id": "10168296",
    "movie_id": "31289"
  },
  {
    "review": "치밀하게 그려진 천연덕스러움.",
    "date": "15.07.13",
    "rating": "9",
    "author": "tear****",
    "review_id": "10101119",
    "movie_id": "31289"
  },
  {
    "review": "이 영화는 무조건 10점.. 그 많은 어떠한 디즈니 만화영화보다도 재미있고 시간 가는 줄 모르고 또 교훈적인 내용도 같이 있어서 좋음.",
    "date": "15.06.14",
    "rating": "10",
    "author": "khj8****",
    "review_id": "9998103",
    "movie_id": "31289"
  },
  {
    "review": "시간가는 줄 모르고 푹 빠져서 봤다. 진짜 재밌음!! 디즈니스러운 그림체와 위트. 그리고 색감이 너무 좋다.",
    "date": "15.04.03",
    "rating": "10",
    "author": "wita****",
    "review_id": "9823615",
    "movie_id": "31289"
  },
  {
    "review": "영화 너무 재미있게 봤구요. 지금 보니 성우들이  똑같이 생겼네...",
    "date": "15.03.14",
    "rating": "10",
    "author": "bloy****",
    "review_id": "9779880",
    "movie_id": "31289"
  },
  {
    "review": "뷔페찾다가 발견한 추억의 영화ㅋㅋㅋ그땐 제목도 모르고 그냥 봤지만 이렇게 찾아서 너무 좋다ㅋㅋㅋㅋ",
    "date": "15.02.17",
    "rating": "10",
    "author": "gyur****",
    "review_id": "9706447",
    "movie_id": "31289"
  },
  {
    "review": "원숭이 들이 너무까불다! 오우! 뛀워줘숴 돠췃눼!",
    "date": "15.02.04",
    "rating": "9",
    "author": "thfu****",
    "review_id": "9666827",
    "movie_id": "31289"
  },
  {
    "review": "10년도 더 전에 봤는데 아직도 인상깊은 작품...디즈니 전형적인 공주물보다 이런 실험적인 작품들이 더 좋더라",
    "date": "14.10.15",
    "rating": "10",
    "author": "qoo9****",
    "review_id": "9294506",
    "movie_id": "31289"
  },
  {
    "review": "재미도 없고 감동도 없고. 무엇보다 주인공 자체가 마음에 안드네.",
    "date": "14.10.11",
    "rating": "2",
    "author": "jiyu****",
    "review_id": "9283075",
    "movie_id": "31289"
  },
  {
    "review": "디즈니가 마침내 그동안의 틀을 깨고 만든 애니메이션. 그럼에도 불구하고 어느 면에서도 부족함을 드러내지 않는다. 특히 개그 면에서는 정말 최고다. 흥행엔 실패하였을진 몰라도 디즈니 가히 최고의 수작이라 부를 만하다. 아이언 자이언트처럼 되어버린 작품.",
    "date": "14.08.10",
    "rating": "10",
    "author": "qufs****",
    "review_id": "9064785",
    "movie_id": "31289"
  },
  {
    "review": "으허허허 악마라마다.",
    "date": "14.07.08",
    "rating": "10",
    "author": "asdf****",
    "review_id": "8896780",
    "movie_id": "31289"
  },
  {
    "review": "쿠스코가 너무 짜증나서 미칠 뻔 했지만 빨리 개과천선해서 다행임",
    "date": "14.06.29",
    "rating": "9",
    "author": "dkdl****",
    "review_id": "8868361",
    "movie_id": "31289"
  },
  {
    "review": "10십10십점점점점",
    "date": "14.06.21",
    "rating": "10",
    "author": "aaae****",
    "review_id": "8844984",
    "movie_id": "31289"
  },
  {
    "review": "진짜 재미짐ㅋㅋㅋ 추천추천",
    "date": "14.06.04",
    "rating": "10",
    "author": "miri****",
    "review_id": "8796057",
    "movie_id": "31289"
  },
  {
    "review": "착한애니 보기만해도 행복",
    "date": "14.03.11",
    "rating": "10",
    "author": "smm1****",
    "review_id": "8569249",
    "movie_id": "31289"
  },
  {
    "review": "츤데레들...글고 크롱크 좋다. 이런캐릭이 매력있엌ㅋㅋㅋㅋ:)",
    "date": "14.03.01",
    "rating": "10",
    "author": "rkdw****",
    "review_id": "8549107",
    "movie_id": "31289"
  },
  {
    "review": "언제 봐도 재밌는 영화... 정말 너무 좋음. 결말도 완벽하고진짜...",
    "date": "14.02.13",
    "rating": "10",
    "author": "esec****",
    "review_id": "8502870",
    "movie_id": "31289"
  },
  {
    "review": "재밌다 10년도 더 된 영화지만  20대인 내가 봐도 너무 재밌고 유쾌하다 ㅋㅋㅋ",
    "date": "14.02.01",
    "rating": "8",
    "author": "osm3****",
    "review_id": "8458621",
    "movie_id": "31289"
  },
  {
    "review": "W재밋엇다ㅋㅅㅎㅎ재엏긩헛ㅇㅎㅋ",
    "date": "14.01.31",
    "rating": "10",
    "author": "ken9****",
    "review_id": "8455207",
    "movie_id": "31289"
  },
  {
    "review": "진짜 옛날에 더빙판으로 봤었는데 ㅋㅋ 엄청 웃겼음  무슨 만화 최초로 악당이 주인공인 만화라고 홍보했었는데 신선하기도 했고",
    "date": "14.01.29",
    "rating": "10",
    "author": "ckj2****",
    "review_id": "8443792",
    "movie_id": "31289"
  },
  {
    "review": "더빙은 진짜 최고!!!심현섭은 신의한수였음!!내용도 재미있고  개그도있음!! 5번은본것같음 !",
    "date": "14.01.05",
    "rating": "10",
    "author": "ose1****",
    "review_id": "8352979",
    "movie_id": "31289"
  },
  {
    "review": "정말재밌게봤던 영화ㅎㅎㅎ5번은 넘게본듯",
    "date": "13.12.26",
    "rating": "10",
    "author": "dbwo****",
    "review_id": "8307217",
    "movie_id": "31289"
  },
  {
    "review": "옛날 디스니의 냄새가 나서 좋았다. 알라딘, 라이온킹, 인어공주 이때 디즈니 좋았는데 지금 시대에도 이런식의 그림체와 음악 스토리가 맞아떨어지면 흥행은 할수 있다고 생각하는데. 나오지 않아 아쉽다.",
    "date": "13.12.24",
    "rating": "8",
    "author": "nura****",
    "review_id": "8287125",
    "movie_id": "31289"
  },
  {
    "review": "되게웃김 잼있음...",
    "date": "13.10.02",
    "rating": "10",
    "author": "cand****",
    "review_id": "8028642",
    "movie_id": "31289"
  },
  {
    "review": "가장 이국적인 디즈니 영화들 중 하나인 거 같아요.  영화 자체도 엄청난 웃음을 선사하지만 그림(배경)도 참 이쁜 거 같다는. ㅎㅎ",
    "date": "13.09.19",
    "rating": "8",
    "author": "shir****",
    "review_id": "7996781",
    "movie_id": "31289"
  },
  {
    "review": "어렷을때봣던거생각나서 다시봤는데꿀잼ㅎㅎㅎㅎ",
    "date": "13.08.31",
    "rating": "10",
    "author": "rkdt****",
    "review_id": "7937208",
    "movie_id": "31289"
  },
  {
    "review": "최고임 ㅋㅋㅋㅋㅋ 정말 좁은 배경안에서 재미있는전개를 보여줌.",
    "date": "13.07.11",
    "rating": "10",
    "author": "lemo****",
    "review_id": "7724107",
    "movie_id": "31289"
  },
  {
    "review": "걍 쿠스쿠스나 먹고 싶네",
    "date": "13.06.14",
    "rating": "5",
    "author": "bbq2****",
    "review_id": "7636725",
    "movie_id": "31289"
  },
  {
    "review": "이건 진짜 마스터 피스입니다ㅠ",
    "date": "13.04.29",
    "rating": "10",
    "author": "knea****",
    "review_id": "7492776",
    "movie_id": "31289"
  },
  {
    "review": "십이 년 전에 정말 즐겁고 재밌게 봤던 기억이 아직도 남아 있어 이번에 오랜만에 다시 봤는데 역시 정말 훌륭한 작품. 각본도 감탄스럽고 성우들도 멋지다. 정말이지 최고.",
    "date": "13.03.20",
    "rating": "10",
    "author": "zomb****",
    "review_id": "7376750",
    "movie_id": "31289"
  },
  {
    "review": "기대이상ㅋㅋㅋㅋ성우들도 좋았고 스토리전개도 괜찮았다 첨엔 좀 지루할뻔했는데 신남",
    "date": "13.02.26",
    "rating": "10",
    "author": "gkdm****",
    "review_id": "7303294",
    "movie_id": "31289"
  },
  {
    "review": "경쾌한 재미를 느낄 수 있다",
    "date": "12.12.02",
    "rating": "9",
    "author": "enco****",
    "review_id": "6960647",
    "movie_id": "31289"
  },
  {
    "review": "ㅋㅋ재밌음ㅋㅋ",
    "date": "12.11.24",
    "rating": "10",
    "author": "jenn****",
    "review_id": "6920108",
    "movie_id": "31289"
  },
  {
    "review": "펑키하고 매력 넘치는 캐릭터들의 향연",
    "date": "12.11.14",
    "rating": "10",
    "author": "46to****",
    "review_id": "6887129",
    "movie_id": "31289"
  },
  {
    "review": "진짜재밋음ㅋㅋㅋㅋ",
    "date": "12.10.20",
    "rating": "10",
    "author": "napp****",
    "review_id": "6815735",
    "movie_id": "31289"
  },
  {
    "review": "티비에서해주길레봤는데짱웃기네여ㅋㅋㅋㄱ시간이금방갓슴돠오랜만에기분좋게봣습니당굳!",
    "date": "12.10.03",
    "rating": "10",
    "author": "szy2****",
    "review_id": "6758205",
    "movie_id": "31289"
  },
  {
    "review": "이런애니메이션또안나오나? 최고엿음ㅎㅎ",
    "date": "12.09.09",
    "rating": "10",
    "author": "soh6****",
    "review_id": "6682037",
    "movie_id": "31289"
  },
  {
    "review": "이거 진짜 웃김ㅋ 추천함",
    "date": "12.06.15",
    "rating": "10",
    "author": "jasm****",
    "review_id": "6392838",
    "movie_id": "31289"
  },
  {
    "review": "짱좋아",
    "date": "12.05.29",
    "rating": "10",
    "author": "dkdl****",
    "review_id": "6346948",
    "movie_id": "31289"
  },
  {
    "review": "엄청난 영화다",
    "date": "12.05.28",
    "rating": "10",
    "author": "with****",
    "review_id": "6340854",
    "movie_id": "31289"
  },
  {
    "review": "굿",
    "date": "12.05.20",
    "rating": "10",
    "author": "love****",
    "review_id": "6315547",
    "movie_id": "31289"
  },
  {
    "review": "10년이 지난 지금도 사랑합니다",
    "date": "12.05.19",
    "rating": "10",
    "author": "gapa****",
    "review_id": "6312409",
    "movie_id": "31289"
  },
  {
    "review": "어렸을때는 잘몰랐는데  지금 보니까 진짜 웃김ㅋㅋㅋㅋ재밌어요",
    "date": "12.02.25",
    "rating": "10",
    "author": "thsu****",
    "review_id": "6102713",
    "movie_id": "31289"
  },
  {
    "review": "어린이들이라면 꼭 봐야한다. 어릴때 봐서 다시보지만 아직도 주는건 많다",
    "date": "12.02.09",
    "rating": "8",
    "author": "an10****",
    "review_id": "6063907",
    "movie_id": "31289"
  },
  {
    "review": "ㅋㅋ 재밌당~ 가족끼리 넘넘 재밌게 웃었네용.♥",
    "date": "12.01.08",
    "rating": "10",
    "author": "tyco****",
    "review_id": "5971101",
    "movie_id": "31289"
  },
  {
    "review": "숨은 보석. 개성있는 미술과 코메디.",
    "date": "11.11.01",
    "rating": "8",
    "author": "bbob****",
    "review_id": "5822371",
    "movie_id": "31289"
  },
  {
    "review": "재밌다ㅋㅋ 그 보라색 아줌마때문에 화나기는 했지만ㅋㅋ",
    "date": "11.08.14",
    "rating": "8",
    "author": "cjsw****",
    "review_id": "5649500",
    "movie_id": "31289"
  },
  {
    "review": "재밌다! 진짜 재밌음 !! ㅎ",
    "date": "11.08.10",
    "rating": "9",
    "author": "seon****",
    "review_id": "5629792",
    "movie_id": "31289"
  },
  {
    "review": "디즈니작품치곤 많이 알려지지 않은 작품이지만 정말 재밋음 초딩때봤던 기억이^^ 굿",
    "date": "11.07.26",
    "rating": "9",
    "author": "vnfm****",
    "review_id": "5571452",
    "movie_id": "31289"
  },
  {
    "review": "원숭이들이 너무 까불다 떨어져서 다쳤네 이거 한번 들으면 영원히 잊혀지지않음.",
    "date": "11.07.11",
    "rating": "7",
    "author": "swee****",
    "review_id": "5536318",
    "movie_id": "31289"
  },
  {
    "review": "정말 재미있게 보았다. 디즈니가 만든 것도 5손가락 안에 꼽을듯",
    "date": "11.06.01",
    "rating": "10",
    "author": "rial****",
    "review_id": "5459373",
    "movie_id": "31289"
  },
  {
    "review": "cool Good! 미국에서 즐겨 봤음",
    "date": "11.05.09",
    "rating": "10",
    "author": "dhdn****",
    "review_id": "5418082",
    "movie_id": "31289"
  },
  {
    "review": "진짜 잼있네",
    "date": "11.04.26",
    "rating": "10",
    "author": "pion****",
    "review_id": "5393471",
    "movie_id": "31289"
  },
  {
    "review": "진짜 이거 50번 정도는 본 거다... 최고 최고. 디즈니 불후의 명작.",
    "date": "11.04.03",
    "rating": "10",
    "author": "bmse****",
    "review_id": "5351571",
    "movie_id": "31289"
  },
  {
    "review": "흐린 기억 속의 그대.",
    "date": "11.04.01",
    "rating": "6",
    "author": "tori****",
    "review_id": "5347302",
    "movie_id": "31289"
  },
  {
    "review": "크롱크는 정말 기억에남을 캐릭터ㅋㅋㅋㅋㅋㅋㅋㅋ완전잼씀",
    "date": "11.03.30",
    "rating": "10",
    "author": "skyl****",
    "review_id": "5344058",
    "movie_id": "31289"
  },
  {
    "review": "라마~로 변한 쿠스코 황제와 의리있는 농부 파차의 우여곡절 쿠스코 황제 만들기^-^o",
    "date": "11.03.16",
    "rating": "10",
    "author": "beat****",
    "review_id": "5317527",
    "movie_id": "31289"
  },
  {
    "review": "크롱크 은근 매력있네요~ 이즈마는 고양이화 됐을 때가 귀여움ㅎㅎㅎ",
    "date": "11.03.11",
    "rating": "8",
    "author": "wodl****",
    "review_id": "5305777",
    "movie_id": "31289"
  },
  {
    "review": "이거 어릴때 완전좋아했던건데ㅋㅋ우연히 생각나서 들어와봤음",
    "date": "11.02.11",
    "rating": "10",
    "author": "sh25****",
    "review_id": "5235515",
    "movie_id": "31289"
  },
  {
    "review": "디즈니의 2D영화중 당연하게 손꼽을 만한 영화. 정말 재밌습니다ㅠㅠㅠ",
    "date": "11.01.08",
    "rating": "10",
    "author": "bubl****",
    "review_id": "5139943",
    "movie_id": "31289"
  },
  {
    "review": "어릴때 부터 지금까지 여전히 내기억속에있는 영화",
    "date": "11.01.03",
    "rating": "10",
    "author": "wn69****",
    "review_id": "5123350",
    "movie_id": "31289"
  },
  {
    "review": "잼있네욤 ^^*",
    "date": "10.12.31",
    "rating": "10",
    "author": "dysl****",
    "review_id": "5110178",
    "movie_id": "31289"
  },
  {
    "review": "고양이가 참 귀엽습니다.",
    "date": "10.11.26",
    "rating": "10",
    "author": "side****",
    "review_id": "4995063",
    "movie_id": "31289"
  },
  {
    "review": "진짜웃김...ㅋㅋㅋㅋㅋㅋ쿠스코 라마됬을때 짱귀여움 ㅋㅋㅋㅋ",
    "date": "10.11.07",
    "rating": "10",
    "author": "rlad****",
    "review_id": "4942870",
    "movie_id": "31289"
  },
  {
    "review": "내 어릴적 최고의 영화..지금도 가히 최고라 부를수 있는 영화!",
    "date": "10.09.12",
    "rating": "10",
    "author": "shin****",
    "review_id": "4832394",
    "movie_id": "31289"
  },
  {
    "review": "어렸을때 보고 웃고 커서도 보고 웃고 ㅋㅋ진짜 유쾌한디즈니작품",
    "date": "10.09.12",
    "rating": "10",
    "author": "kmut****",
    "review_id": "4832088",
    "movie_id": "31289"
  },
  {
    "review": "가끔 몇번이고 동생이랑 낄낄거리면서 보는.. 봐도봐도 재밌다",
    "date": "10.06.27",
    "rating": "10",
    "author": "dott****",
    "review_id": "4595740",
    "movie_id": "31289"
  },
  {
    "review": "나 이거 어렸을적에 수십번 봤다ㅋㅋ",
    "date": "10.05.20",
    "rating": "10",
    "author": "corc****",
    "review_id": "4512129",
    "movie_id": "31289"
  },
  {
    "review": "진짜 재밌게봤었지 ㅋㅋㅋ",
    "date": "10.04.30",
    "rating": "10",
    "author": "gpwn****",
    "review_id": "4468276",
    "movie_id": "31289"
  },
  {
    "review": "ㅋㅋㅋ재밌네요 꼭한번보세요",
    "date": "10.04.28",
    "rating": "10",
    "author": "jdms****",
    "review_id": "4462932",
    "movie_id": "31289"
  },
  {
    "review": "굿!",
    "date": "10.04.22",
    "rating": "10",
    "author": "sara****",
    "review_id": "4448635",
    "movie_id": "31289"
  },
  {
    "review": "이거 졸라 재밌음 ㅋㅋㅋ 크랭크 마지막에 창문 열고 나올때 콜라먹다 뿜었음ㅋㅋㅋ",
    "date": "10.04.18",
    "rating": "10",
    "author": "tjtm****",
    "review_id": "4440312",
    "movie_id": "31289"
  },
  {
    "review": "단순히 그냥 웃고 싶을때 보라.",
    "date": "10.04.04",
    "rating": "10",
    "author": "bw11****",
    "review_id": "4409359",
    "movie_id": "31289"
  },
  {
    "review": "내용이 너무 뻔한것이 단점. 그러나 코미디 부분이 마음에 든다.",
    "date": "10.03.18",
    "rating": "7",
    "author": "nala****",
    "review_id": "4365126",
    "movie_id": "31289"
  },
  {
    "review": "어렸을때 정말 재미있게 봤던 만화영화",
    "date": "10.01.23",
    "rating": "10",
    "author": "gusd****",
    "review_id": "4199876",
    "movie_id": "31289"
  },
  {
    "review": "좋아요.",
    "date": "10.01.11",
    "rating": "10",
    "author": "nimb****",
    "review_id": "4158839",
    "movie_id": "31289"
  },
  {
    "review": "재밌어!",
    "date": "09.10.27",
    "rating": "10",
    "author": "bear****",
    "review_id": "3919750",
    "movie_id": "31289"
  },
  {
    "review": "최고 재밌음 개그 ㅋㅋㅋㅋㅋ 크롱크 완전ㅋㅋㅋㅋㅋ",
    "date": "09.08.19",
    "rating": "10",
    "author": "glor****",
    "review_id": "3766252",
    "movie_id": "31289"
  },
  {
    "review": "진짜 재미있음 !!!! 아 ! 한 다섯번은 넘게 본거같음 ㅋㅋㅋㅋㅋㅋㅋ",
    "date": "09.07.23",
    "rating": "10",
    "author": "cmr0****",
    "review_id": "3659951",
    "movie_id": "31289"
  },
  {
    "review": "영어숙제라서 도통 무슨뜻인지..",
    "date": "09.05.24",
    "rating": "1",
    "author": "dltn****",
    "review_id": "3519300",
    "movie_id": "31289"
  },
  {
    "review": "정말 재미있음..ㅋㅋㅋㅋ",
    "date": "09.05.09",
    "rating": "10",
    "author": "joji****",
    "review_id": "3481036",
    "movie_id": "31289"
  },
  {
    "review": "잼내요",
    "date": "09.05.06",
    "rating": "10",
    "author": "dann****",
    "review_id": "3474838",
    "movie_id": "31289"
  },
  {
    "review": "미치도록 웃긴 영화",
    "date": "09.04.29",
    "rating": "10",
    "author": "jone****",
    "review_id": "3448240",
    "movie_id": "31289"
  },
  {
    "review": "많이 재미 있습니다.",
    "date": "09.04.18",
    "rating": "10",
    "author": "0527****",
    "review_id": "3426488",
    "movie_id": "31289"
  },
  {
    "review": "아주 좋은 영화입니다.",
    "date": "09.04.18",
    "rating": "10",
    "author": "dong****",
    "review_id": "3426441",
    "movie_id": "31289"
  },
  {
    "review": "아주어릴때본거ㅋㅋ 디게 재밌어 특히 이즈마가 고양이되서 둘이 인간되는약 찾기는ㅎ",
    "date": "09.03.04",
    "rating": "10",
    "author": "hahn****",
    "review_id": "3346983",
    "movie_id": "31289"
  },
  {
    "review": "정말 재미있는 캐릭같은데..",
    "date": "09.01.13",
    "rating": "10",
    "author": "sky1****",
    "review_id": "3218954",
    "movie_id": "31289"
  },
  {
    "review": "보고나면 즐거운생각이 절로 나실걸요..",
    "date": "08.12.20",
    "rating": "10",
    "author": "dkrl****",
    "review_id": "3134346",
    "movie_id": "31289"
  },
  {
    "review": "이거 8년전 형이랑 극장에서본거네,,ㅋㅋ 내가 9살때네,,;;; -_-ㅣㅣ에휴",
    "date": "08.12.11",
    "rating": "10",
    "author": "leem****",
    "review_id": "3107849",
    "movie_id": "31289"
  },
  {
    "review": "옛날 생각난다.....",
    "date": "08.08.31",
    "rating": "10",
    "author": "kth0****",
    "review_id": "2914963",
    "movie_id": "31289"
  },
  {
    "review": "너무 재무있어요.",
    "date": "08.07.29",
    "rating": "10",
    "author": "jin9****",
    "review_id": "2813828",
    "movie_id": "31289"
  },
  {
    "review": "바보들 때문에 재밌었다.",
    "date": "08.06.02",
    "rating": "8",
    "author": "laps****",
    "review_id": "2675894",
    "movie_id": "31289"
  },
  {
    "review": "의외의 캐릭터 의외의 재미를 보장하는 디즈니표다운 영화",
    "date": "08.05.29",
    "rating": "9",
    "author": "deff****",
    "review_id": "2668734",
    "movie_id": "31289"
  },
  {
    "review": "매우 매우 웃겼다",
    "date": "08.05.07",
    "rating": "10",
    "author": "goau****",
    "review_id": "2622274",
    "movie_id": "31289"
  },
  {
    "review": "감동을주기보다는 코미디 ㅋㅋㅋㅋㅋㅋㅋㅋ엄청 웃었어요",
    "date": "08.02.23",
    "rating": "9",
    "author": "ckgu****",
    "review_id": "2473340",
    "movie_id": "31289"
  },
  {
    "review": "-_- 평점 남긴 사람들 전부 초딩;;; 이건 완전 12세전용;;;;;;",
    "date": "07.09.17",
    "rating": "6",
    "author": "love****",
    "review_id": "2027887",
    "movie_id": "31289"
  },
  {
    "review": "헤피엔딩이라서 좋았다 ! ㅋㅋ",
    "date": "07.09.13",
    "rating": "9",
    "author": "lime****",
    "review_id": "2017692",
    "movie_id": "31289"
  },
  {
    "review": "정말너무재밋어요캬캬..짱짱~",
    "date": "07.08.15",
    "rating": "10",
    "author": "jsh6****",
    "review_id": "1940481",
    "movie_id": "31289"
  },
  {
    "review": "good ㅋㅋㅋ 최고임",
    "date": "07.08.03",
    "rating": "10",
    "author": "love****",
    "review_id": "1861195",
    "movie_id": "31289"
  }
]