[
  {
    "review": "오로지 우울함만 가득한 영화..우울함 가득내오면  작품성 있다는듯  착각하는 사람들.. 그냥 마약 손대지말라는 공익광고를  2시간여동안 본거같음..다신 보기 싫은 영화다",
    "date": "15.08.17",
    "rating": "1",
    "author": "skyl****",
    "review_id": "10246501",
    "movie_id": "31282"
  },
  {
    "review": "마약 중독의 경각심을 제대로 일깨워주는 소름끼치는 영화",
    "date": "15.07.29",
    "rating": "10",
    "author": "sund****",
    "review_id": "10157464",
    "movie_id": "31282"
  },
  {
    "review": "나까지 정신병 걸릴뻔...",
    "date": "15.07.15",
    "rating": "10",
    "author": "indr****",
    "review_id": "10105306",
    "movie_id": "31282"
  },
  {
    "review": "냉장고는 진짜로 움직인거였다 ㅋㅋㅋ",
    "date": "15.07.11",
    "rating": "10",
    "author": "kaja****",
    "review_id": "10090410",
    "movie_id": "31282"
  },
  {
    "review": "보는 사람까지도 철저히 우울하고,기분나쁘게만드는데 정작 이런영화를 만든 감독, 연기한 배우들의  정신도 과연 온전했을까 문득 의문이 든다.",
    "date": "15.07.08",
    "rating": "10",
    "author": "rkd0****",
    "review_id": "10080389",
    "movie_id": "31282"
  },
  {
    "review": "욕구를 절제하는법도 배워야한다",
    "date": "15.06.25",
    "rating": "10",
    "author": "nom1****",
    "review_id": "10032208",
    "movie_id": "31282"
  },
  {
    "review": "어째서 부유한 자들과 가까이해야 하고 가난한 자들과는 멀리해야 하는지 그 본 의미를 깨닫게 해준 작품",
    "date": "15.06.16",
    "rating": "10",
    "author": "roae****",
    "review_id": "10003594",
    "movie_id": "31282"
  },
  {
    "review": "절망과 고통, 나락으로 치닫기까지",
    "date": "15.06.03",
    "rating": "10",
    "author": "k622****",
    "review_id": "9971373",
    "movie_id": "31282"
  },
  {
    "review": "세상에서 내가 제일 우울한 줄 알았는데 이 사람들에 비하면 난 행복한 인생이었어 바닥부터 다시 시작하자 화이팅!",
    "date": "15.05.10",
    "rating": "9",
    "author": "jiju****",
    "review_id": "9909160",
    "movie_id": "31282"
  },
  {
    "review": "단순한 주제를 정교한 연출로 완결짓다.",
    "date": "15.05.03",
    "rating": "9",
    "author": "cyde****",
    "review_id": "9891393",
    "movie_id": "31282"
  },
  {
    "review": "마약에 관심 많았는데 이걸보니 그런 마음 싹 사라졌습니다",
    "date": "15.04.30",
    "rating": "10",
    "author": "ke_s****",
    "review_id": "9882035",
    "movie_id": "31282"
  },
  {
    "review": "난잡한 연출이 오히려 집중하게 만든다 꿈을 위한 진혼곡 속으로.",
    "date": "15.04.22",
    "rating": "8",
    "author": "sa02****",
    "review_id": "9857299",
    "movie_id": "31282"
  },
  {
    "review": "명작이다...멘탈은 붕괴됐지만 연출도 그렇고 스토리도 좋았어요",
    "date": "15.04.22",
    "rating": "10",
    "author": "skgu****",
    "review_id": "9857165",
    "movie_id": "31282"
  },
  {
    "review": "플레이어들은 영화속 표현들에 대해서 공감과 이해를 넘어서리라 생각한다. 대단한 파괴력을 가진 영화.",
    "date": "15.04.19",
    "rating": "10",
    "author": "lybg****",
    "review_id": "9852162",
    "movie_id": "31282"
  },
  {
    "review": "과제때문에 보게 된 영화인데 마약 하나가 한 가족을 무너뜨릴정도로 무서운거라는것을 확실히 알게됨... 너무 충격적인 영화라서 다시는 보고싶지 않지만 너무 인상깊기 때문에 10점",
    "date": "15.04.17",
    "rating": "10",
    "author": "luna****",
    "review_id": "9850004",
    "movie_id": "31282"
  },
  {
    "review": "인간이 밑바닥까지 떨어지는 모습을 처절하게 보여준다. 나까지 나락으로 떨어지는듯...",
    "date": "15.04.13",
    "rating": "9",
    "author": "jeni****",
    "review_id": "9844287",
    "movie_id": "31282"
  },
  {
    "review": "정말영상이나음악이나마약같은영화",
    "date": "15.04.05",
    "rating": "9",
    "author": "jsb0****",
    "review_id": "9829951",
    "movie_id": "31282"
  },
  {
    "review": "2015.02.24 한껏 약을 빤 영화",
    "date": "15.03.29",
    "rating": "9",
    "author": "zyeo****",
    "review_id": "9815321",
    "movie_id": "31282"
  },
  {
    "review": "굉장히 잘 만든 영화 암울하고 우울한 스토리 위에 절묘한 몽타주기법과 편집기술의 조화로 보는이의 혼을 쏙 빼놓는다.",
    "date": "15.03.15",
    "rating": "10",
    "author": "yoon****",
    "review_id": "9783210",
    "movie_id": "31282"
  },
  {
    "review": "내러티브의 힘, 편집의 힘, OST의 힘. 난 가슴아픔에 중독되었던거 같다..",
    "date": "15.02.21",
    "rating": "10",
    "author": "mc99****",
    "review_id": "9722902",
    "movie_id": "31282"
  },
  {
    "review": "OST 때문에 봤으나 기대만큼은 아니었던듯.. 마약중독에 대한 우울한 영화",
    "date": "15.02.21",
    "rating": "6",
    "author": "cdwk****",
    "review_id": "9722455",
    "movie_id": "31282"
  },
  {
    "review": "잠깐의 즐거움, 평생의 고통",
    "date": "15.02.20",
    "rating": "9",
    "author": "yjle****",
    "review_id": "9720430",
    "movie_id": "31282"
  },
  {
    "review": "최고의 연출, 최악의 스토리",
    "date": "15.02.20",
    "rating": "1",
    "author": "dh58****",
    "review_id": "9718267",
    "movie_id": "31282"
  },
  {
    "review": "영화는 잘 만들었지만 보는 내내 우울해지고 스트레스받고...멘붕이 진행되는 느낌이었다. 다시는 보고 싶지 않다.",
    "date": "15.02.17",
    "rating": "8",
    "author": "stem****",
    "review_id": "9704558",
    "movie_id": "31282"
  },
  {
    "review": "시간낭비했다ㅜㅜ10자",
    "date": "15.02.12",
    "rating": "1",
    "author": "kih5****",
    "review_id": "9688444",
    "movie_id": "31282"
  },
  {
    "review": "처절하면서도 슬프고 우울한 영화였다. 마약이 얼마나 인생을 망칠수있는지 알게되었다.",
    "date": "15.02.07",
    "rating": "8",
    "author": "7hur****",
    "review_id": "9676988",
    "movie_id": "31282"
  },
  {
    "review": "조각조각나 가루가 되어버린 멘탈, 어둠속의댄서와 유일하게 비교될 수 있는 비극 중 비극",
    "date": "15.01.23",
    "rating": "10",
    "author": "sanh****",
    "review_id": "9626484",
    "movie_id": "31282"
  },
  {
    "review": "마약에 중독되면 인간이 어떻게 타락하는지 잘 보여주는 영화!! 특히 독특한 편집이 눈길을 끄네요.",
    "date": "15.01.18",
    "rating": "7",
    "author": "qhrt****",
    "review_id": "9608340",
    "movie_id": "31282"
  },
  {
    "review": "굉장히 불편해지는 영화... 한 번은 볼만하지만 두 번은 절대 못 보겠다",
    "date": "15.01.10",
    "rating": "10",
    "author": "alst****",
    "review_id": "9578743",
    "movie_id": "31282"
  },
  {
    "review": "中毒이 주는 허상에 대한 강력한 경고. 그러나 그 중독의 극복된 모습 일부라도 보였더라면 하는 아쉬움이 있다. 그래야 이미 중독된 사람도 희망을 가질 것이 아닌가.",
    "date": "14.12.22",
    "rating": "7",
    "author": "heli****",
    "review_id": "9502292",
    "movie_id": "31282"
  },
  {
    "review": "중독에 대한 무서움...",
    "date": "14.11.28",
    "rating": "8",
    "author": "ccor****",
    "review_id": "9429284",
    "movie_id": "31282"
  },
  {
    "review": "우울할때  보지마세요   절대!!! 제가  약이라도  한거같네요",
    "date": "14.11.17",
    "rating": "10",
    "author": "ehdd****",
    "review_id": "9396619",
    "movie_id": "31282"
  },
  {
    "review": "내 모습을 보는 것 같아 기쁘면서 슬펐다..",
    "date": "14.11.15",
    "rating": "10",
    "author": "jieu****",
    "review_id": "9385684",
    "movie_id": "31282"
  },
  {
    "review": "단언컨대 지구상에서 가장 우울한 영화.",
    "date": "14.11.13",
    "rating": "10",
    "author": "vlta****",
    "review_id": "9377191",
    "movie_id": "31282"
  },
  {
    "review": "영화가 진행될수록 나도 주인공들처럼 마약한 것만 같은 정신가출의 간접경험을 할 수 있게 됨. 뒷 끝은 찝찝하지만, 그만큼 강렬하다.",
    "date": "14.11.08",
    "rating": "8",
    "author": "floo****",
    "review_id": "9357353",
    "movie_id": "31282"
  },
  {
    "review": "우울의 끝을 달리는 영화 절망이라는게 뭔지 제대로 보여줌",
    "date": "14.11.02",
    "rating": "10",
    "author": "sbe9****",
    "review_id": "9335902",
    "movie_id": "31282"
  },
  {
    "review": "더 무서운 건 이런 영화를 보고도 역겨움, 멘탈붕괴 그런 게 느껴지지 않는 내 자신이다. 정말로 내 자신이 냉혈한에 무감정적인 사람처럼 느껴진다. 마치.. 테러로 몇 십 명 사상자 발생 뉴스를 아침에 보고 금방 잊는 것처럼 말이다. 무감각하다.",
    "date": "14.11.02",
    "rating": "7",
    "author": "dhdb****",
    "review_id": "9335850",
    "movie_id": "31282"
  },
  {
    "review": "세르비안필름 만큼은 못하지만 매력이 확실히 있다!",
    "date": "14.10.25",
    "rating": "6",
    "author": "anag****",
    "review_id": "9314834",
    "movie_id": "31282"
  },
  {
    "review": "대런 아로노프스키의 환상적인 연출.영화를 본건지 마약을 체험한건지 알 수 없을정도의 연출이다.마약 또는 어떤 것에 대한 중독이란 것이 인간을 얼마나 참혹한 상황까지 몰고 갈수 있는지를 여실히 보여준다.",
    "date": "14.10.09",
    "rating": "10",
    "author": "bow3****",
    "review_id": "9277410",
    "movie_id": "31282"
  },
  {
    "review": "강렬하면서도 때론 화끈하고, 퇴폐적이나 그렇게 거부감은 들지 않았던 신기한 영화. 또한 이 영화를 보고 나서 왠지 모르게 흡연생각이 안난다는 건 정말 고마운 일이다. 처음에는 좀 난해하고 과상했지만 보면 볼 수록 빠져드는 매력이 있다.",
    "date": "14.09.20",
    "rating": "9",
    "author": "cksd****",
    "review_id": "9228176",
    "movie_id": "31282"
  },
  {
    "review": "꿀잼... 시간가는줄몰랏음 그ost가 여기서나온거엿구나",
    "date": "14.09.18",
    "rating": "10",
    "author": "0729****",
    "review_id": "9223412",
    "movie_id": "31282"
  },
  {
    "review": "내가 다 마약에 취한 기분.. 여운이 오래가는 영화가 맞는거 같다..",
    "date": "14.09.11",
    "rating": "8",
    "author": "goa1****",
    "review_id": "9202471",
    "movie_id": "31282"
  },
  {
    "review": "제발... 그 사람들도 당연히 행복할 수도 있었잖아... 이러지말자 제발...",
    "date": "14.09.08",
    "rating": "10",
    "author": "dpdj****",
    "review_id": "9182986",
    "movie_id": "31282"
  },
  {
    "review": "나락으로 떨어지고  파멸되어 가고 보는이까지  강한 우울에 전염되는 영화.. 멍때리네..",
    "date": "14.08.28",
    "rating": "9",
    "author": "shel****",
    "review_id": "9140297",
    "movie_id": "31282"
  },
  {
    "review": "이런 영화 좋아하지만.. 너무 과했어... 마약 간접 체험용 영화입니다.. 세상살기 역겨워지는 영화네요..",
    "date": "14.08.25",
    "rating": "7",
    "author": "lky4****",
    "review_id": "9133837",
    "movie_id": "31282"
  },
  {
    "review": "Requiem for a Dream. 서로 모순되는 꿈과 진혼곡. 암울하다.",
    "date": "14.08.17",
    "rating": "7",
    "author": "ykdi****",
    "review_id": "9104293",
    "movie_id": "31282"
  },
  {
    "review": "영화 자체가 마약이다;;",
    "date": "14.08.16",
    "rating": "10",
    "author": "oats****",
    "review_id": "9093840",
    "movie_id": "31282"
  },
  {
    "review": "천재의 영화다. 특히 음악. 코넬리 때문에 보게 됐고 역겨워도 코넬리 때문에 끝까지 봄.",
    "date": "14.08.15",
    "rating": "10",
    "author": "jumm****",
    "review_id": "9086545",
    "movie_id": "31282"
  },
  {
    "review": "엔딩크래딧이 올라오면 한동안 멍-해진다. 나에게는 뇌리에 박혀 잊혀지지 않는 그런 영화. 이보다 더 암울함을 잘 표현할 수 있을까... 12년이 지난 지금 이 시점에도 이 영화의 각본 연출 음악 모든면에서 뛰어나다. 대런 감독의 최고의 명작!!",
    "date": "14.08.10",
    "rating": "10",
    "author": "hruk****",
    "review_id": "9060453",
    "movie_id": "31282"
  },
  {
    "review": "각성제로 인해 망가지는 엄마역의 엘런 버스틴의 연기가 일품.. 알고 보니 엑소시스트에서도 엄마역을 했던 관록의 여배우.. 12년전 캐나다에서 보구 어제 다시 봄",
    "date": "14.08.02",
    "rating": "8",
    "author": "danz****",
    "review_id": "9008390",
    "movie_id": "31282"
  },
  {
    "review": "중독의 잔인함을 상기시켜주는 영화.. 보는내내 찝찝했지만 연출방법이 독특하고 지루하지않았다.",
    "date": "14.08.01",
    "rating": "10",
    "author": "damm****",
    "review_id": "9000995",
    "movie_id": "31282"
  },
  {
    "review": "약빨면 ㅈ된다는 공익광고를 100동안이나 할 필요가 있었나....너무 예쁜 제니퍼 보는맛에 간신히 100분 버텼다. 미국에 테러 왜하냐? 그냥 약 왕창 나눠주면 저절로 망할텐데....",
    "date": "14.07.29",
    "rating": "2",
    "author": "cjw2****",
    "review_id": "8976235",
    "movie_id": "31282"
  },
  {
    "review": "고통스럽게 만들고 눈쌀을 찌푸리게 만들지만, 이미 우리는 이 영화에 중독되어 있다.",
    "date": "14.07.20",
    "rating": "10",
    "author": "aaas****",
    "review_id": "8936307",
    "movie_id": "31282"
  },
  {
    "review": "당연 최고가 아닐까 싶습니다. 이런게 영화지...",
    "date": "14.07.15",
    "rating": "10",
    "author": "rlgn****",
    "review_id": "8917564",
    "movie_id": "31282"
  },
  {
    "review": "파멸로 향해가는 욕망열차",
    "date": "14.07.12",
    "rating": "8",
    "author": "soqu****",
    "review_id": "8906320",
    "movie_id": "31282"
  },
  {
    "review": "걸작임. 벌써 10년이 넘었구나... 지금 봐도 시대에 뒤쳐지지 않는 작품",
    "date": "14.07.11",
    "rating": "10",
    "author": "what****",
    "review_id": "8905303",
    "movie_id": "31282"
  },
  {
    "review": "약먹는 장면의 연출이 진짜.. 기억에 남는다",
    "date": "14.07.10",
    "rating": "10",
    "author": "0928****",
    "review_id": "8900430",
    "movie_id": "31282"
  },
  {
    "review": "지켜 보는 내가 힘들다..!",
    "date": "14.07.06",
    "rating": "9",
    "author": "dldd****",
    "review_id": "8890687",
    "movie_id": "31282"
  },
  {
    "review": "뭔가 있겠지 했는데 아무것도 없이 그냥 인간의 욕망을 단적으로 보여주고 끝남. 그냥 마약하지말자라는 내용. ost때문에 봤는데 영화는 그저그렇네요. 시간 아깝게",
    "date": "14.07.03",
    "rating": "1",
    "author": "stor****",
    "review_id": "8878742",
    "movie_id": "31282"
  },
  {
    "review": "대단한 영화.보면서 불쾌함을 감추지 못했다",
    "date": "14.07.03",
    "rating": "10",
    "author": "limt****",
    "review_id": "8878054",
    "movie_id": "31282"
  },
  {
    "review": "상당히 충격인듯...",
    "date": "14.06.26",
    "rating": "10",
    "author": "534k****",
    "review_id": "8858832",
    "movie_id": "31282"
  },
  {
    "review": "쾌락의 끝은 파멸뿐이다",
    "date": "14.06.13",
    "rating": "10",
    "author": "onec****",
    "review_id": "8825149",
    "movie_id": "31282"
  },
  {
    "review": "굉장히 재밌게 봤던걸로 기억.",
    "date": "14.06.08",
    "rating": "9",
    "author": "jere****",
    "review_id": "8814784",
    "movie_id": "31282"
  },
  {
    "review": "같이 빨려 들어간다 연기력은 무섭기까지",
    "date": "14.06.01",
    "rating": "10",
    "author": "whal****",
    "review_id": "8782649",
    "movie_id": "31282"
  },
  {
    "review": "후반부에서 진정한 공포를 느꼈습니다.",
    "date": "14.05.18",
    "rating": "10",
    "author": "cyuh****",
    "review_id": "8745574",
    "movie_id": "31282"
  },
  {
    "review": "혼을 쏙 빼놓는 영화...",
    "date": "14.05.11",
    "rating": "10",
    "author": "ttoo****",
    "review_id": "8724509",
    "movie_id": "31282"
  },
  {
    "review": "마약,중독,몰락,파멸의 간접경험",
    "date": "14.05.09",
    "rating": "9",
    "author": "zhzh****",
    "review_id": "8717303",
    "movie_id": "31282"
  },
  {
    "review": "이영화보면서 진짜 울렁거리고 토할뻔했다 잘만들었는데 정신적으로 안좋은영화",
    "date": "14.05.06",
    "rating": "8",
    "author": "zbql****",
    "review_id": "8711281",
    "movie_id": "31282"
  },
  {
    "review": "욕망에빠진 인간의절망을잘표현해낸명작 이영화는굉장한수작",
    "date": "14.05.06",
    "rating": "10",
    "author": "zptn****",
    "review_id": "8709832",
    "movie_id": "31282"
  },
  {
    "review": "블랙스완보고나서 이거 보게 됐는데, 감독의 능력 진짜 지리네..흠잡을 데 없는 명작. 또 찝찝함.",
    "date": "14.05.06",
    "rating": "8",
    "author": "haze****",
    "review_id": "8708307",
    "movie_id": "31282"
  },
  {
    "review": "마약으로 인해 지옥 밑바닥으로 떨어지는 제니퍼코넬리는 보는 내가 가슴이 아파..",
    "date": "14.04.21",
    "rating": "9",
    "author": "nana****",
    "review_id": "8664625",
    "movie_id": "31282"
  },
  {
    "review": "범접할 수 없는 과잉. 과잉의 미학.",
    "date": "14.04.19",
    "rating": "9",
    "author": "onen****",
    "review_id": "8660043",
    "movie_id": "31282"
  },
  {
    "review": "중독에 걸린 인간이 뇌구조~  담배 다이어트 마약 현대인의 중독. 타인의 시선으로 보면 뭐 그리 심각하냐 하겠지만 ost 에서 느껴지듯 본인은 땀나게 힘들다~ 이성을 찾읍시다",
    "date": "14.04.06",
    "rating": "10",
    "author": "8990****",
    "review_id": "8632224",
    "movie_id": "31282"
  },
  {
    "review": "독특한 영상미, 빠져드는 연기력, 아쉬운 전개.",
    "date": "14.04.04",
    "rating": "8",
    "author": "ykm3****",
    "review_id": "8627317",
    "movie_id": "31282"
  },
  {
    "review": "욕망에 중독된 인간이 얼마나 나락으로 떨어질수 있는지를 보여주는 멘탈붕괴물... 영화를 본 나도 멘붕...",
    "date": "14.04.01",
    "rating": "10",
    "author": "seoc****",
    "review_id": "8621788",
    "movie_id": "31282"
  },
  {
    "review": "와 진짜 내가 본영화중에 젤 무섭고 답답한 영화다. 진짜 미쳐버릴것만 같았다..",
    "date": "14.03.29",
    "rating": "10",
    "author": "neon****",
    "review_id": "8615603",
    "movie_id": "31282"
  },
  {
    "review": "오메 ;;결국 이렇게 끝나는구나.. 마약은 손에 대면 안 되는겨 ;;",
    "date": "14.03.26",
    "rating": "8",
    "author": "broy****",
    "review_id": "8608677",
    "movie_id": "31282"
  },
  {
    "review": "이 영화 때문에 아로노프스키 감독의 팬이 되었다.",
    "date": "14.03.18",
    "rating": "10",
    "author": "choc****",
    "review_id": "8585559",
    "movie_id": "31282"
  },
  {
    "review": "눈을 뗄수 없는 연출과 긴박함 거기에 두통과 미식거림은 보너스...욕하고 싶다..",
    "date": "14.03.18",
    "rating": "8",
    "author": "wjdd****",
    "review_id": "8585538",
    "movie_id": "31282"
  },
  {
    "review": "파멸... 나락... 우울... 이런 삶이 살이있는 삶이라 할 수 있을까... 영혼이 없다...",
    "date": "14.03.16",
    "rating": "10",
    "author": "park****",
    "review_id": "8582414",
    "movie_id": "31282"
  },
  {
    "review": "죽이내.. 세드엔딩 혹은 우울하고 절망적인 영화의 거의 최고봉.",
    "date": "14.03.13",
    "rating": "8",
    "author": "pick****",
    "review_id": "8570852",
    "movie_id": "31282"
  },
  {
    "review": "볼만은 한데 평점 너무 높당",
    "date": "14.03.12",
    "rating": "1",
    "author": "dksg****",
    "review_id": "8569688",
    "movie_id": "31282"
  },
  {
    "review": "중독이라는 단어를 소름돋게 만드는 영화. 결국 중독의 끝은 파탄일 뿐이다. 비단 영화에서 삼은 다이어트와 마약만이 중독의 문제는 아니다. 가장 무서운 중독은 오히려 \"돈\"의 중독이 아닐까.",
    "date": "14.02.16",
    "rating": "10",
    "author": "scep****",
    "review_id": "8512370",
    "movie_id": "31282"
  },
  {
    "review": "기대안하고 봤는데 정말 수작이군.. 카메라를 360도 회전시켜가며 찍은 롱테이크 shot과 인물의 내면을 반영하는 듯한 탁월한 조명의 설정, 마약에 대한 경고를 하는 듯한 빠른 편집 구성.. 교차편집을 이용해 보여주는 대단한 결말들.. \"걸작\"",
    "date": "14.02.11",
    "rating": "10",
    "author": "pola****",
    "review_id": "8498694",
    "movie_id": "31282"
  },
  {
    "review": "제니퍼 코넬리 아주 섹시하다",
    "date": "14.02.08",
    "rating": "1",
    "author": "mara****",
    "review_id": "8486695",
    "movie_id": "31282"
  },
  {
    "review": "윈터 다음에 스프링 등장하면서 다들 행복해지겠구나 라고 생각했는데 봄은 오지 않았다.. 깊은 나락에서 구해줄사람은 아무도 없다 혼자만의 절망속에서 허우적댈뿐 희망을 품지말아라.. 이 영화 교훈은.. 지금 이순간 행복해지는 길을 개척하는거다..",
    "date": "14.01.25",
    "rating": "10",
    "author": "vmfl****",
    "review_id": "8423124",
    "movie_id": "31282"
  },
  {
    "review": "우울 암울...그리고 절망...왜 암울에서 시작해서 암울로 끝나면 어쩔꺼임??",
    "date": "14.01.24",
    "rating": "5",
    "author": "do11****",
    "review_id": "8422113",
    "movie_id": "31282"
  },
  {
    "review": "살을 빼고 티비에 나가고 싶어 부던히도 노력하는 그녀가 낮설지 않다 흔히 봐왔던 혹은 늘 보는 엄마의 모습이자 끊임없이 삶의 욕구를 채우려는  한인간의 모습이다  그래서 더더 무섭고 가슴아프고  억장이 무너진다",
    "date": "14.01.23",
    "rating": "10",
    "author": "zhde****",
    "review_id": "8416359",
    "movie_id": "31282"
  },
  {
    "review": "극단적인 전개때문에 공익광고를 떠올리게 하는 점이 아쉽..엘렌 버스틴의 극사실적인 연기가 제일 좋았다",
    "date": "14.01.11",
    "rating": "8",
    "author": "vick****",
    "review_id": "8371053",
    "movie_id": "31282"
  },
  {
    "review": "곡소리 한 번 요란하네.",
    "date": "14.01.11",
    "rating": "7",
    "author": "leej****",
    "review_id": "8370172",
    "movie_id": "31282"
  },
  {
    "review": "아로노프스키 가 들려주는  기분좋게 절망하는 사람 찾기",
    "date": "14.01.07",
    "rating": "9",
    "author": "khr6****",
    "review_id": "8357868",
    "movie_id": "31282"
  },
  {
    "review": "조잡함으로 시작해 난잡하기에 이른다",
    "date": "14.01.06",
    "rating": "6",
    "author": "jjog****",
    "review_id": "8356666",
    "movie_id": "31282"
  },
  {
    "review": "보는 내내 긴장되는영화",
    "date": "14.01.01",
    "rating": "10",
    "author": "saco****",
    "review_id": "8331982",
    "movie_id": "31282"
  },
  {
    "review": "찝찝하고 절망스럽다.",
    "date": "13.12.31",
    "rating": "8",
    "author": "makj****",
    "review_id": "8328994",
    "movie_id": "31282"
  },
  {
    "review": "극장/디비디 자막의 발번역만이 유일한 옥에 티",
    "date": "13.12.31",
    "rating": "9",
    "author": "janu****",
    "review_id": "8328780",
    "movie_id": "31282"
  },
  {
    "review": "감독이 블랙스완도 만들었네. 스타일 독특한게 전혀 지루함없이 몰입하며 잘봤음.",
    "date": "13.12.29",
    "rating": "10",
    "author": "kis5****",
    "review_id": "8322278",
    "movie_id": "31282"
  },
  {
    "review": "이 영화를 보는 순간 당신도 빠져나올수 없다.",
    "date": "13.12.18",
    "rating": "10",
    "author": "ogr5****",
    "review_id": "8232608",
    "movie_id": "31282"
  },
  {
    "review": "시간 가는 줄  모르고봤다.",
    "date": "13.12.07",
    "rating": "10",
    "author": "gogs****",
    "review_id": "8197904",
    "movie_id": "31282"
  },
  {
    "review": "연출 촬영 편집 사운드 시나리오 연기 최고",
    "date": "13.12.05",
    "rating": "10",
    "author": "suya****",
    "review_id": "8190348",
    "movie_id": "31282"
  },
  {
    "review": "너도 알고 나도 알아도 새롭게 알게 하는 감독의 놀라운 연출.",
    "date": "13.11.24",
    "rating": "9",
    "author": "tear****",
    "review_id": "8164922",
    "movie_id": "31282"
  }
]