[
  {
    "review": "터미네이터 3 여기까지가 터미네이터의 전설이었다",
    "date": "15.08.17",
    "rating": "10",
    "author": "fcte****",
    "review_id": "10243564",
    "movie_id": "31281"
  },
  {
    "review": "여자주인공 배우 잘못선택했다Tx는 그렇게 무서웠는데 여주인공 너무..하지만 근육빵빵 아놀드는 명불허전그리고 1 2편에 OOO않는데 액션면에서는3편이 제일인듯 개인적으로 나는 3까지도 잘만들었다고 생각 단지 영화장르가 바뀐게 평점깎는 원인인것같다",
    "date": "15.08.13",
    "rating": "10",
    "author": "kenn****",
    "review_id": "10226091",
    "movie_id": "31281"
  },
  {
    "review": "제니시스가 너무 망작이라;;;오랜만에 봤는데 그래도 긴장감은 여전하더라 여자 터미네이터 여배우 연기도 괜찮고",
    "date": "15.08.11",
    "rating": "7",
    "author": "alan****",
    "review_id": "10217190",
    "movie_id": "31281"
  },
  {
    "review": "터미네이터는 무조건 옮다!! 감독이 카메론형이 아니지만 아놀드형이 있기에 10준다",
    "date": "15.08.11",
    "rating": "10",
    "author": "bund****",
    "review_id": "10215392",
    "movie_id": "31281"
  },
  {
    "review": "다시밧는데 다시바도 잼잇네 여자네이터 카리스마~~~ 배경음악을 공포스런 음악을 깔면 공포영화 로 바도 될듯",
    "date": "15.08.10",
    "rating": "10",
    "author": "kims****",
    "review_id": "10214329",
    "movie_id": "31281"
  },
  {
    "review": "TX역 여자터미네이터 완전 내스탈이야 너무 맘에듬 그래서 10점ㅋ",
    "date": "15.08.10",
    "rating": "10",
    "author": "dabi****",
    "review_id": "10213368",
    "movie_id": "31281"
  },
  {
    "review": "악역 맡은 언니의 카리스마 쩔어.., 1,2랑 비교하지 말고 그냥 보면 매우 재미있음.",
    "date": "15.08.09",
    "rating": "10",
    "author": "sang****",
    "review_id": "10209358",
    "movie_id": "31281"
  },
  {
    "review": "t-800 vs t-x 때 되개 재밌게봤네",
    "date": "15.08.09",
    "rating": "9",
    "author": "ming****",
    "review_id": "10206411",
    "movie_id": "31281"
  },
  {
    "review": "짱짱 재밌어용*^^*",
    "date": "15.08.09",
    "rating": "10",
    "author": "kiya****",
    "review_id": "10205032",
    "movie_id": "31281"
  },
  {
    "review": "이쁜 여자 터미네이터 근데 남자 주인공 맘에 안들어 마지막 벙커에 갖히는게 결말",
    "date": "15.08.08",
    "rating": "9",
    "author": "jij4****",
    "review_id": "10200869",
    "movie_id": "31281"
  },
  {
    "review": "그럭저럭 볼만은 하다.",
    "date": "15.08.04",
    "rating": "8",
    "author": "j2w0****",
    "review_id": "10183385",
    "movie_id": "31281"
  },
  {
    "review": "제임스 카메론의 터미네이터만 명품다른 감독들껀 싸구려 !!!",
    "date": "15.07.31",
    "rating": "5",
    "author": "kenn****",
    "review_id": "10166857",
    "movie_id": "31281"
  },
  {
    "review": "종합 평점은 7점 드립니다.",
    "date": "15.07.30",
    "rating": "7",
    "author": "terr****",
    "review_id": "10159199",
    "movie_id": "31281"
  },
  {
    "review": "제작비는 많이 오른거같은데.. 여자의 마음은 갈대",
    "date": "15.07.29",
    "rating": "5",
    "author": "hyh7****",
    "review_id": "10156899",
    "movie_id": "31281"
  },
  {
    "review": "2편까지 카메론 감독님이 그렇게 강조했던 No Fate 는 개뿔 우리는 운명을 거스를수 없었다 이 ㅈㄹ 하면서 핵폭탄 터지면서 영화가 마무리됨... 아직도 멍하니 본게 기억나네.. 터미네이터 최고의 망작.. 2편의 결말로 시리즈가 끝나도 이상없었는데",
    "date": "15.07.27",
    "rating": "2",
    "author": "rkdg****",
    "review_id": "10149086",
    "movie_id": "31281"
  },
  {
    "review": "속편 만들기 싫은데 억지로 만드셨나...",
    "date": "15.07.25",
    "rating": "3",
    "author": "west****",
    "review_id": "10141143",
    "movie_id": "31281"
  },
  {
    "review": "망작이다. 전작의 명성을 똥에 다가 쌈싸먹어버렸다.  펄롱의 이미지는 온데 간데 없는 듣보잡의 존코너역부터 거부감 든다.  우려먹기에 시작이었다. 2탄에서 마무리진 이야기를 엎어버렸으니 말도안되는 시나리오가 이영화에 제일 큰 단점이다.",
    "date": "15.07.24",
    "rating": "1",
    "author": "next****",
    "review_id": "10136051",
    "movie_id": "31281"
  },
  {
    "review": "재밌긴한데...이렇게 민폐에 짜증나고 동작 굼뜬 주인공들이어딨어 아 개느려진짜 걍 좀 도망가 뭘맨날 멍하니보고서있어",
    "date": "15.07.24",
    "rating": "7",
    "author": "05ol****",
    "review_id": "10135929",
    "movie_id": "31281"
  },
  {
    "review": "몸짱 미녀 터미네이터의 등장으로도 가려지지 않는 아놀드의 존재감",
    "date": "15.07.22",
    "rating": "7",
    "author": "syoc****",
    "review_id": "10127680",
    "movie_id": "31281"
  },
  {
    "review": "전편들에 비해 떨어지지만, 그래도 볼만함.",
    "date": "15.07.22",
    "rating": "10",
    "author": "lsh5****",
    "review_id": "10127678",
    "movie_id": "31281"
  },
  {
    "review": "단순 오락으로 아무 생각 없이 보면 괜찮을지 모르나 영화적 완성도를 따지자면 터미네이터 시리즈 최고의 망작입니다. 영화의 가장 기본인 장면 연결도 엉성하고 마가 뜨며 중요한 건 가장 긴박한 템포여야 할 부분에서 계속 끊긴다는 점. 개연성은 버린지 오래",
    "date": "15.07.21",
    "rating": "4",
    "author": "stro****",
    "review_id": "10125031",
    "movie_id": "31281"
  },
  {
    "review": "돌이켜보면 4보단 훨씬 재미있었다",
    "date": "15.07.20",
    "rating": "10",
    "author": "huiy****",
    "review_id": "10124357",
    "movie_id": "31281"
  },
  {
    "review": "그당시 마지막 엔딩이 나에겐 충격이었다.",
    "date": "15.07.20",
    "rating": "9",
    "author": "suzh****",
    "review_id": "10121977",
    "movie_id": "31281"
  },
  {
    "review": "좀 엉성하고 B급 영화의 느낌이남... 터미네이터들도 2편만 못하다... 엔딩이 괞찮은듯",
    "date": "15.07.19",
    "rating": "6",
    "author": "jq03****",
    "review_id": "10121883",
    "movie_id": "31281"
  },
  {
    "review": "재밌었는데.. 아놀드형님은 늙지를 않아..남주가 좀 아쉽다..그래도 존코넌데 캐스팅미스",
    "date": "15.07.19",
    "rating": "8",
    "author": "yang****",
    "review_id": "10121530",
    "movie_id": "31281"
  },
  {
    "review": "나름 재밌게 잘 봤다. 근데 여자기계 겁나  무섭다.",
    "date": "15.07.18",
    "rating": "10",
    "author": "gsm9****",
    "review_id": "10116310",
    "movie_id": "31281"
  },
  {
    "review": "주인공 사내랑 계집 진짜 맘에 안듬. 면상 아스팔트에 갈아버리는거 추천",
    "date": "15.07.18",
    "rating": "1",
    "author": "muse****",
    "review_id": "10115074",
    "movie_id": "31281"
  },
  {
    "review": "난 이게  왜 망작평을 받는지 모르겠습니다.",
    "date": "15.07.14",
    "rating": "10",
    "author": "lesw****",
    "review_id": "10105243",
    "movie_id": "31281"
  },
  {
    "review": "T4,T5에 비하면 최고 명작 진짜 T4는 ㄹㅇ 씹망작  쓰레기",
    "date": "15.07.14",
    "rating": "10",
    "author": "choi****",
    "review_id": "10105081",
    "movie_id": "31281"
  },
  {
    "review": "0점없나 t2재방을볼수록 이건그냥 ㅍㅖ기수준",
    "date": "15.07.14",
    "rating": "1",
    "author": "ehtl****",
    "review_id": "10103978",
    "movie_id": "31281"
  },
  {
    "review": "제니시스 보고 이거 봤는데 개지리는데? 뭐가 문제라고 망했다는 거지",
    "date": "15.07.13",
    "rating": "10",
    "author": "demo****",
    "review_id": "10102391",
    "movie_id": "31281"
  },
  {
    "review": "2015년 현재 5까지 본 시점에서 2와너무 비교를해서 냉정한 잣대를 들이밀어서 그렇지 이렇게 공포스럽고 액션이 훌륭한 터미네이터가 또있을까싶다 후속편들도 계속 스토리재탕하지말고 차라리 예전처럼 이런 슈퍼터미네이터와의 싸움이었으면 더 잼있지 않을까싶다",
    "date": "15.07.13",
    "rating": "9",
    "author": "coal****",
    "review_id": "10101108",
    "movie_id": "31281"
  },
  {
    "review": "이거 그래도 나름 볼만하다",
    "date": "15.07.13",
    "rating": "10",
    "author": "cyyh****",
    "review_id": "10101055",
    "movie_id": "31281"
  },
  {
    "review": "(H) 망작라고 들었는데. 난 재밌던데? 2편이 넘 짱이라 사람들이 실망했나 봄. 다만 끝장면은 4편 염두하고 끝낸거지? 후편 안나왔음 아쉬울 연출임. 존코너가 좀 더 훈남이었으면 하는ㅋ 2003년작이라 CG는 전편보다 발달했고 현재로도 손색없음ㅎ",
    "date": "15.07.13",
    "rating": "8",
    "author": "ekfz****",
    "review_id": "10100846",
    "movie_id": "31281"
  },
  {
    "review": "내용은 나쁘지 않은데 캐스팅이 미스. 진짜 남주 여주 너무 못생겨서 보는 내내 짜증났음",
    "date": "15.07.12",
    "rating": "7",
    "author": "skyh****",
    "review_id": "10096539",
    "movie_id": "31281"
  },
  {
    "review": "볼만함오랜만에다시봣는데 1.2즉원작보다못할수밖에없지만나름재밋는데",
    "date": "15.07.11",
    "rating": "10",
    "author": "1234****",
    "review_id": "10091197",
    "movie_id": "31281"
  },
  {
    "review": "이해가안간다 해외평론가들도오히려4보다 점수훨씬높게쳐준다1.2가워낙뛰어나서그렇지 3자체로보면 8점이상영화는확실하다",
    "date": "15.07.11",
    "rating": "10",
    "author": "ekrs****",
    "review_id": "10091185",
    "movie_id": "31281"
  },
  {
    "review": "아놀드 형님께 존경을 표합니다.",
    "date": "15.07.11",
    "rating": "10",
    "author": "dpff****",
    "review_id": "10089958",
    "movie_id": "31281"
  },
  {
    "review": "응근 재밌었던 편 킬링타임용 오락영화",
    "date": "15.07.09",
    "rating": "8",
    "author": "qsos****",
    "review_id": "10085189",
    "movie_id": "31281"
  },
  {
    "review": "재밌는데 왜그러지 다들...",
    "date": "15.07.09",
    "rating": "10",
    "author": "matc****",
    "review_id": "10084110",
    "movie_id": "31281"
  },
  {
    "review": "액션은 발전했으나 철학은 퇴보했다",
    "date": "15.07.08",
    "rating": "6",
    "author": "gktj****",
    "review_id": "10080483",
    "movie_id": "31281"
  },
  {
    "review": "로켄이 생각보다는 많이 못떠서 조금 아쉽네요.",
    "date": "15.07.07",
    "rating": "7",
    "author": "yshb****",
    "review_id": "10078354",
    "movie_id": "31281"
  },
  {
    "review": "영리하고용감한존코너를이렇게망쳐놔도되나.TX는딱히더나은게없어보임.T-1000한테포스에서밀림.물론보기편해진CG,터미네이터간의육탄전굿.2를보며막연하게지금막아도결국일어나지않을까했는데,그게현실이되서좀놀람.종말을막지못했다로시작해서진짜막지못한채끝나는건인상깊은결말.",
    "date": "15.07.06",
    "rating": "7",
    "author": "dldl****",
    "review_id": "10075669",
    "movie_id": "31281"
  },
  {
    "review": "그래도 터미네이터는 무조건10점",
    "date": "15.07.06",
    "rating": "10",
    "author": "secr****",
    "review_id": "10074611",
    "movie_id": "31281"
  },
  {
    "review": "근데 TX말인데. 크레인 타고 다 때려부수면서 존 코너가  탄 트럭 쫓아가잖아. 경찰차 구급차는 원격조종 하면서 그 트럭은 원격조종으로 못 세우나? 그냥 생각나서...",
    "date": "15.07.05",
    "rating": "10",
    "author": "mswm****",
    "review_id": "10072477",
    "movie_id": "31281"
  },
  {
    "review": "1,2에 못미치지만 다시 돌아온것만으로도 감사한 묵직한 액션",
    "date": "15.07.04",
    "rating": "8",
    "author": "byul****",
    "review_id": "10069448",
    "movie_id": "31281"
  },
  {
    "review": "전작의 긴장감과 시나리오를 잘 살렸다 난 T3까지가 정통 시리즈라고 생각한다",
    "date": "15.07.04",
    "rating": "9",
    "author": "zkxk****",
    "review_id": "10067416",
    "movie_id": "31281"
  },
  {
    "review": "8점대 후반은 되어야 한다",
    "date": "15.07.04",
    "rating": "10",
    "author": "bis0****",
    "review_id": "10067110",
    "movie_id": "31281"
  },
  {
    "review": "1편부터 4편까지 정주행 했는데 제일 망작. 인정하시쥬?",
    "date": "15.07.03",
    "rating": "3",
    "author": "rosh****",
    "review_id": "10064764",
    "movie_id": "31281"
  },
  {
    "review": "베스트리뷰ㅋ. 이래서 네이버 평점은 못믿는데. 본인얘기하나?",
    "date": "15.07.03",
    "rating": "4",
    "author": "kul0****",
    "review_id": "10064294",
    "movie_id": "31281"
  },
  {
    "review": "1 2 3 까지만 나와야했다3까지 개명작 !!!",
    "date": "15.07.03",
    "rating": "10",
    "author": "wjsr****",
    "review_id": "10063677",
    "movie_id": "31281"
  },
  {
    "review": "아주 재미있는 영화입니다.",
    "date": "15.07.02",
    "rating": "10",
    "author": "dong****",
    "review_id": "10061352",
    "movie_id": "31281"
  },
  {
    "review": "완벽하게 완결난 시리즈를 무리하게 쥐어짠 결과",
    "date": "15.07.01",
    "rating": "5",
    "author": "kkmk****",
    "review_id": "10057621",
    "movie_id": "31281"
  },
  {
    "review": "난 명작이라고 취부하는 터미네이터2보다는 재미있는  터미네이터3가  더 좋다...",
    "date": "15.06.30",
    "rating": "10",
    "author": "agau****",
    "review_id": "10056298",
    "movie_id": "31281"
  },
  {
    "review": "터미네이터의 이름에 먹칠한  희대의 코미디영화.",
    "date": "15.06.29",
    "rating": "1",
    "author": "adet****",
    "review_id": "10053429",
    "movie_id": "31281"
  },
  {
    "review": "미국 영화의 기술발전에도 한계가 있다는 것을..",
    "date": "15.06.28",
    "rating": "7",
    "author": "pont****",
    "review_id": "10045319",
    "movie_id": "31281"
  },
  {
    "review": "시간 때우기에 좋다...",
    "date": "15.06.25",
    "rating": "1",
    "author": "ksh5****",
    "review_id": "10034561",
    "movie_id": "31281"
  },
  {
    "review": "노답...터미네이터명성이 아깝다",
    "date": "15.06.25",
    "rating": "1",
    "author": "gods****",
    "review_id": "10034525",
    "movie_id": "31281"
  },
  {
    "review": "스토리는 그렇다치고 액션은 쩐다4보다도 더 나은듯하다",
    "date": "15.06.23",
    "rating": "9",
    "author": "ajtl****",
    "review_id": "10024195",
    "movie_id": "31281"
  },
  {
    "review": "2편의 완벽에 가까웠던 엔딩을 깨부시기 위해 나온영화. 아쉽고 부족하지만 우리가 그토록 기다리고 기대하던 터미네이터의 후속편이다. 실망했지만 그래도 재미는 있다.",
    "date": "15.06.22",
    "rating": "7",
    "author": "hi38****",
    "review_id": "10021693",
    "movie_id": "31281"
  },
  {
    "review": "3가 4보다 낫다. 그리고 1,2 보다 부족해서 그렇지 충분히 재밌음",
    "date": "15.06.22",
    "rating": "10",
    "author": "irim****",
    "review_id": "10020832",
    "movie_id": "31281"
  },
  {
    "review": "스토리연결성도없고 시리즈중 최악 시리즈라고볼수도없다.원.투가역대급영화지~",
    "date": "15.06.21",
    "rating": "1",
    "author": "tls7****",
    "review_id": "10018238",
    "movie_id": "31281"
  },
  {
    "review": "터미네이터 시리즈는 2에서 끝났어야 했다 제임스 카메론 감독의 1,2편의 명성을 망쳐버린 최악의 작품 시리즈중에 가장 재미없고 지루한 작품",
    "date": "15.06.19",
    "rating": "1",
    "author": "robo****",
    "review_id": "10013137",
    "movie_id": "31281"
  },
  {
    "review": "나오지 말았어야할 시리즈",
    "date": "15.06.01",
    "rating": "3",
    "author": "guev****",
    "review_id": "9968659",
    "movie_id": "31281"
  },
  {
    "review": "터미네이터 1,2에 대한 어마무시한 기대치를 0으로 낮추면 굉장히 괜찮은 영화. 그래서 터미네이터2 이후의 젊은 세대는 오히려 평가가 좋다. 오락적 요소에대한 순수한 객관적 평가는 최소 평점 8.5이상인 좋은 영화",
    "date": "15.05.19",
    "rating": "9",
    "author": "mh93****",
    "review_id": "9931354",
    "movie_id": "31281"
  },
  {
    "review": "이것은 터미네이터와의 의리다. 글구솔직히 2에 나온 악당 액체로봇이 넘 무서워쪄ㅠ",
    "date": "15.05.14",
    "rating": "10",
    "author": "luca****",
    "review_id": "9915269",
    "movie_id": "31281"
  },
  {
    "review": "기억속에 강렬히 자리잡은 이미지",
    "date": "15.05.04",
    "rating": "9",
    "author": "the0****",
    "review_id": "9892199",
    "movie_id": "31281"
  },
  {
    "review": "저렴한 CG가 난무...앵간히 좀 하지...왜 잠자고 있는 명작을 건드려서",
    "date": "15.04.24",
    "rating": "5",
    "author": "dais****",
    "review_id": "9862267",
    "movie_id": "31281"
  },
  {
    "review": "솔직히 이거 졸잼인데 2가 너무 신세계라서 과소평가받은듯",
    "date": "15.04.22",
    "rating": "10",
    "author": "us03****",
    "review_id": "9857126",
    "movie_id": "31281"
  },
  {
    "review": "1,2편보다는 뭔가 좀 별로란 느낌이지만 그렇다고 최악까지는 아닌것 같은데...",
    "date": "15.04.15",
    "rating": "8",
    "author": "inpo****",
    "review_id": "9847286",
    "movie_id": "31281"
  },
  {
    "review": "영화 자체는 매우 괜찮았던 것 같다.",
    "date": "15.04.15",
    "rating": "7",
    "author": "germ****",
    "review_id": "9847193",
    "movie_id": "31281"
  },
  {
    "review": "2편이 잘 만들어서 그런지 별로다",
    "date": "15.04.08",
    "rating": "1",
    "author": "shsh****",
    "review_id": "9834326",
    "movie_id": "31281"
  },
  {
    "review": "이정도면 잘만들었는데 왜 그러지?",
    "date": "15.04.04",
    "rating": "9",
    "author": "m520****",
    "review_id": "9826310",
    "movie_id": "31281"
  },
  {
    "review": "좋은 영화였으나 벽이 너무 높았다.",
    "date": "15.03.24",
    "rating": "8",
    "author": "asd0****",
    "review_id": "9803926",
    "movie_id": "31281"
  },
  {
    "review": "다시봐도명작.  터미네이터는 개인적으로 다재미있었음. 4에서 결말 유출되어 긴급수정한점은 아쉽지만 1234편 다꿀잼.",
    "date": "15.03.09",
    "rating": "10",
    "author": "aodg****",
    "review_id": "9767895",
    "movie_id": "31281"
  },
  {
    "review": "평점 높게준게 이해가..3는 만들지 말았어야 했다 감독이 바뀐것도 문제지만 t1000이 세뇌당해 존코너죽이려 여기저기 던지는데 참나 죽일려면 그냥 우그러 트리면 되는걸 여기던지고 주워서 저기던지고..해외도 시리즈중 흑역사라 하는데 대체 니들은뭐냐",
    "date": "15.02.27",
    "rating": "1",
    "author": "kjwx****",
    "review_id": "9743409",
    "movie_id": "31281"
  },
  {
    "review": "터미네이터 시리즈 모두 재미있지만 그중에서 계속 찾아보게 되는게 3편이다. 웬지 모르겠지만 봐도봐도 안질려",
    "date": "15.02.25",
    "rating": "10",
    "author": "shc0****",
    "review_id": "9736092",
    "movie_id": "31281"
  },
  {
    "review": "2편에서 완전한 엔딩으로 끝냈음에도 다시 스토리를 되돌려 만들어낸 3편이건만.. 디테일과 스토리가 좀 빈약했다. 그래도 영상과 액션(다뿌셔ㅋㅋ)이 더 깔끔하고 멋져졌다. 그냥 스케일 큰 액션 영화 한편 봤다쳐도 후회 없을 듯 b",
    "date": "15.02.24",
    "rating": "9",
    "author": "yumi****",
    "review_id": "9733448",
    "movie_id": "31281"
  },
  {
    "review": "액션신은 좋았지만 뭔가 아쉬운 느낌?그래도 재밌었다",
    "date": "15.02.21",
    "rating": "9",
    "author": "turp****",
    "review_id": "9721759",
    "movie_id": "31281"
  },
  {
    "review": "아놀드 성님 때문에 그나마 8점 준다. 10여년 전에 보고 2에 비해서 너무 많이 실망했던 작품",
    "date": "15.02.18",
    "rating": "8",
    "author": "diab****",
    "review_id": "9707370",
    "movie_id": "31281"
  },
  {
    "review": "대작인듯 역시 터미네이터는 기대를저버리지않네요 ㅎ",
    "date": "15.02.13",
    "rating": "10",
    "author": "sbke****",
    "review_id": "9692894",
    "movie_id": "31281"
  },
  {
    "review": "감독의 중요성. 원작을 뛰어넘던 속편의 매력을 단박에 상쇄한다.",
    "date": "15.02.09",
    "rating": "6",
    "author": "tear****",
    "review_id": "9683275",
    "movie_id": "31281"
  },
  {
    "review": "액체 로봇이 여성으로 바뀌었음에도 일말의 동정없는 행위에 살벌함을 느낀다.",
    "date": "15.02.08",
    "rating": "8",
    "author": "hepy****",
    "review_id": "9677825",
    "movie_id": "31281"
  },
  {
    "review": "1, 2편이 걸작이라 상대적으로 야박한 평가를 받은 후속작이라 생각합니다. 1, 2, 3편을 연이어 보면서도 유독3편의 평이 안 좋은 게 슬프네요. 본 시리즈의 좋아하는 사람으로서 작품을 이어나가는 출연진 및 연출진에게 그저 감사할 뿐입니다.",
    "date": "15.02.07",
    "rating": "9",
    "author": "thel****",
    "review_id": "9674393",
    "movie_id": "31281"
  },
  {
    "review": "솔직히 잼있음 악역도 좋았고 다만2가 워낙대작이여서기대치에 못미치니깐 이점수가 나왔지 단독으로만따지만 잘만든영화. 4보단 훨씬 남 4는 터미네이터만의느낌이 전혀 없음..볼거리도 별로 약간 지루할정도단지 베일신 땜에...",
    "date": "15.02.06",
    "rating": "9",
    "author": "kgmi****",
    "review_id": "9673937",
    "movie_id": "31281"
  },
  {
    "review": "2003년 개봉당시에 TX가 자동차들을 무선조종하는것을 보고 말도안된다 했는데... 현재는 자동차도 해킹이 가능하다는것. 그 위험성은 뉴스에서도 여러번 나올정도... 어쨌든 이만한 영화..많지 않고 충분히 재밌게 본듯.",
    "date": "15.02.02",
    "rating": "8",
    "author": "fhar****",
    "review_id": "9660029",
    "movie_id": "31281"
  },
  {
    "review": "재밌기만한데 평점 왜이래",
    "date": "15.01.31",
    "rating": "10",
    "author": "tjrr****",
    "review_id": "9655143",
    "movie_id": "31281"
  },
  {
    "review": "어릴 때 이 영화를 보고 나서 재미없다는 평가가 많다 보니 1,2만 몇 번 씩 보고 이 영화는 1번 밖에 본 적이 없었어요. 근데 오랜만에 보니까 이거 스토리도 괜찮고 CG도 좋고 액션신도 좋더라고요.",
    "date": "15.01.30",
    "rating": "10",
    "author": "wint****",
    "review_id": "9651327",
    "movie_id": "31281"
  },
  {
    "review": "난 10점 준다. 1.2.3 까지는 스토리도 그렇고 연계는 되는데 4부터는 제임스 카메론 원조도 없고 걍 외전격",
    "date": "15.01.24",
    "rating": "10",
    "author": "wnsg****",
    "review_id": "9631665",
    "movie_id": "31281"
  },
  {
    "review": "그래도 이정도면 나름 눈요깃거리론 잘만든겁니다. 10점",
    "date": "15.01.22",
    "rating": "10",
    "author": "rkal****",
    "review_id": "9624760",
    "movie_id": "31281"
  },
  {
    "review": "터미네이터2가 대작이어서 차이가 나서 그렇지 나름 재밌음예전에 진짜 무서웠었는데..ㅋㅋㅋ그리고 주인공 외모가 영화의 평점에 기준이 안된다는데주인공못생기면 보기싫은건맞는데그걸로 배우 선택하는거고; 그리고 악역 너무 이쁨ㄷㄷ",
    "date": "15.01.20",
    "rating": "9",
    "author": "zmdk****",
    "review_id": "9615379",
    "movie_id": "31281"
  },
  {
    "review": "왜 이영화가 7점이지? 터미네이터시리즈중 가장 중요한시리즈다.",
    "date": "15.01.18",
    "rating": "9",
    "author": "qazw****",
    "review_id": "9607549",
    "movie_id": "31281"
  },
  {
    "review": "난 재밌게봤는데 평점이 좀 이해가안가네...",
    "date": "15.01.16",
    "rating": "10",
    "author": "msj1****",
    "review_id": "9599949",
    "movie_id": "31281"
  },
  {
    "review": "꿀잼이던데왤케평점이낮은거냐",
    "date": "15.01.15",
    "rating": "10",
    "author": "jmh5****",
    "review_id": "9596016",
    "movie_id": "31281"
  },
  {
    "review": "존코너 주인공만 바뀌었으면 9점짜리 영화",
    "date": "15.01.04",
    "rating": "8",
    "author": "yyw8****",
    "review_id": "9562935",
    "movie_id": "31281"
  },
  {
    "review": "터미네이터3가 망한줄 아는사람이 많은데 전세계 개봉수익  4억 3337만 달러로 4. 미래전쟁의 시작보다 흥행성적 좋았음. 전작을 잘못?만난탓이지 절대 망한작품이 아니며, 3 자체로 이정도면 수작임.",
    "date": "15.01.04",
    "rating": "10",
    "author": "zeti****",
    "review_id": "9562435",
    "movie_id": "31281"
  },
  {
    "review": "이게 7점짜리 영화는 아닌데...내용으로 보면 2보단 못하다만,,, 액션상으로는 더욱 훌륭함...그래서 9점 줌",
    "date": "14.12.28",
    "rating": "9",
    "author": "yol0****",
    "review_id": "9532238",
    "movie_id": "31281"
  },
  {
    "review": "터미네이터 시리즈에 똥먹칠을한 영화. 여주인공 때문에 암걸릴뻔 했지만 아놀드 형의 고군분투 덕분에 5점이라도 줍니다.",
    "date": "14.12.15",
    "rating": "5",
    "author": "sh87****",
    "review_id": "9475405",
    "movie_id": "31281"
  },
  {
    "review": "터미네이터는 언제나 기쁨을 주는군",
    "date": "14.12.13",
    "rating": "10",
    "author": "kwy2****",
    "review_id": "9470671",
    "movie_id": "31281"
  },
  {
    "review": "터미네이터2 넘사벽3도 재미는 있었네요그런데 이해안가는게 존코너가 슈왈제너거보고 놀라는게 이해안감 ㅡㅡ 보고싶었어도 아니고 물론 외형만같은 기계지만 초반만남 이해안감",
    "date": "14.12.06",
    "rating": "10",
    "author": "korc****",
    "review_id": "9452459",
    "movie_id": "31281"
  }
]