[
  {
    "review": "액션이 주는 쾌감과 서스펜스를 망가뜨리는 억지스런 유머들",
    "date": "06.10.28",
    "rating": "6",
    "author": "cat1****",
    "review_id": "1202851",
    "movie_id": "31285"
  },
  {
    "review": "화질도 구리고 몬지도 모르는 이상한 영화. 보지말자",
    "date": "06.04.16",
    "rating": "1",
    "author": "tmdg****",
    "review_id": "764245",
    "movie_id": "31285"
  },
  {
    "review": "영국 최고의 갱스터 영화!",
    "date": "06.02.17",
    "rating": "10",
    "author": "diab****",
    "review_id": "676515",
    "movie_id": "31285"
  }
]