[
  {
    "review": "플롯은 다 눈치챌 수 있지만, 케이트가 끝까지 볼 수 있게 이끌어 준다.",
    "date": "15.08.17",
    "rating": "5",
    "author": "cont****",
    "review_id": "10246945",
    "movie_id": "31304"
  },
  {
    "review": "서너시간은 흐른것같은데 러닝타임 111분. 여주의 연기와 마지막 바이올린의 저며드는 것 같은 이중선율이  오래도록 기억에 남겠어요.",
    "date": "15.08.15",
    "rating": "10",
    "author": "sflj****",
    "review_id": "10234194",
    "movie_id": "31304"
  },
  {
    "review": "스릴러라는 장르치고는 너무 잔잔한게 흠이긴 하지만, 영화를 끝까지 끌고나가는 힘은 있다. 한번쯤 볼만한 작품.",
    "date": "15.08.03",
    "rating": "8",
    "author": "kjk9****",
    "review_id": "10179757",
    "movie_id": "31304"
  },
  {
    "review": "샘 레이미라면 이 정도는 해 주는군.",
    "date": "15.07.14",
    "rating": "7",
    "author": "tear****",
    "review_id": "10105194",
    "movie_id": "31304"
  },
  {
    "review": "재미있는데 평점이 너무 낮네요. 영혼에 대해 생각해 볼수 있는 영화.",
    "date": "15.05.25",
    "rating": "10",
    "author": "sera****",
    "review_id": "9948378",
    "movie_id": "31304"
  },
  {
    "review": "재미있게 봤습니다. 중반쯤보면 대충 범인이 예상되긴하지만 시종일관 이야기를 긴장감 넘치게 끌고나가는 감독의 역량덕에 좋은 평가를 하고싶은 영화입니다.",
    "date": "15.03.09",
    "rating": "9",
    "author": "fall****",
    "review_id": "9768113",
    "movie_id": "31304"
  },
  {
    "review": "지금 결말 예측했다고 잘난척하시는 분들 많은데 솔직히 이 영화는 반전이 중요한 건 아닌 것 같네요. 충분히 재밌게 봤습니다.",
    "date": "15.02.20",
    "rating": "9",
    "author": "cynt****",
    "review_id": "9720130",
    "movie_id": "31304"
  },
  {
    "review": "몰입도가 좋고, 스토리도 괜찮네요 . 버디 매력적",
    "date": "15.01.14",
    "rating": "8",
    "author": "ktng****",
    "review_id": "9591297",
    "movie_id": "31304"
  },
  {
    "review": "보다 졸았음...ㅠ 재미가 없진 않은데 확 빨려들어가지 못했고 좀 전개가 지루한 맛이있음...",
    "date": "14.10.28",
    "rating": "6",
    "author": "aimk****",
    "review_id": "9323870",
    "movie_id": "31304"
  },
  {
    "review": "케이트 연기력 때문에 보게됨",
    "date": "14.08.16",
    "rating": "10",
    "author": "dldi****",
    "review_id": "9095682",
    "movie_id": "31304"
  },
  {
    "review": "평점이낮네용ㅋ제작시기를고려해서 높게 책정 속도감있음예전영화의 고전적인복선이 맘에듬",
    "date": "14.08.10",
    "rating": "9",
    "author": "hell****",
    "review_id": "9060055",
    "movie_id": "31304"
  },
  {
    "review": "이거 구매하지 마세요...끝부분 20정도 잘렸습니다. 영화가 도중에 멈춰요...",
    "date": "14.08.07",
    "rating": "1",
    "author": "cook****",
    "review_id": "9042305",
    "movie_id": "31304"
  },
  {
    "review": "괜찬음  볼만   다만 불쌍하다 버디",
    "date": "13.12.11",
    "rating": "9",
    "author": "hmma****",
    "review_id": "8206765",
    "movie_id": "31304"
  },
  {
    "review": "특별히 놀라고 무섭지는 않아도 몰입도가 좋네요. 시간가는줄 모르고 봤어요. 뭔지 모를 약간 감동도 있고 괜찮았음~",
    "date": "13.08.07",
    "rating": "7",
    "author": "muse****",
    "review_id": "7852675",
    "movie_id": "31304"
  },
  {
    "review": "감동적인 스릴러 영화. 케이트 블란쳇, 키아누 리브스의 다른 모습. 연기. 내용도 재밌다.",
    "date": "12.08.18",
    "rating": "9",
    "author": "gree****",
    "review_id": "6621590",
    "movie_id": "31304"
  },
  {
    "review": "역시 샘 레이미는 요런 영화에서 최고인겨",
    "date": "12.03.08",
    "rating": "9",
    "author": "sup_****",
    "review_id": "6129814",
    "movie_id": "31304"
  },
  {
    "review": "샘 레이미의 사려깊고 섬세한 수사물",
    "date": "11.07.24",
    "rating": "10",
    "author": "shin****",
    "review_id": "5567507",
    "movie_id": "31304"
  },
  {
    "review": "샘레이미의 네임벨류만 믿고 영화를 봣다간 큰코 다친다.",
    "date": "11.04.02",
    "rating": "2",
    "author": "evil****",
    "review_id": "5349565",
    "movie_id": "31304"
  },
  {
    "review": "갑작스런 소리나 잔인한 컷으로 놀래키는 같잖은 짓만 안했어도...",
    "date": "11.03.05",
    "rating": "5",
    "author": "thep****",
    "review_id": "5294321",
    "movie_id": "31304"
  },
  {
    "review": "뭔가..재밌으면서도 재미없네. 처음부터 끝까지 케이트 블랑쉐만 보인다",
    "date": "10.04.23",
    "rating": "4",
    "author": "kkot****",
    "review_id": "4450116",
    "movie_id": "31304"
  },
  {
    "review": "뭘 말하고 싶은건지, 장르도 애매할 정도로 알수 없는영화",
    "date": "10.04.08",
    "rating": "4",
    "author": "yosh****",
    "review_id": "4418577",
    "movie_id": "31304"
  },
  {
    "review": "역시 샘레이미 ... 저질",
    "date": "10.03.11",
    "rating": "5",
    "author": "yoma****",
    "review_id": "4349423",
    "movie_id": "31304"
  },
  {
    "review": "키아누 리브스가 인상적",
    "date": "09.12.07",
    "rating": "7",
    "author": "ion0****",
    "review_id": "4023745",
    "movie_id": "31304"
  },
  {
    "review": "추리물도 아니고 공포도 아닌게;;; 나참;;",
    "date": "09.07.28",
    "rating": "5",
    "author": "sohp****",
    "review_id": "3677780",
    "movie_id": "31304"
  },
  {
    "review": "이 영화를본지 오래되엇네요, 그래도 기억에 생생히 남아잇어서 꼭 보시라고 권해요.",
    "date": "09.04.27",
    "rating": "10",
    "author": "youn****",
    "review_id": "3445171",
    "movie_id": "31304"
  },
  {
    "review": "심심한 스릴러. 한번쯤 볼만하다.",
    "date": "09.03.29",
    "rating": "5",
    "author": "leh0****",
    "review_id": "3394940",
    "movie_id": "31304"
  },
  {
    "review": "서스펜스 기대하고 보면 좀 실망할듯.. 다른 방향으로는 괜찮은 영화.",
    "date": "09.02.03",
    "rating": "8",
    "author": "saur****",
    "review_id": "3274525",
    "movie_id": "31304"
  },
  {
    "review": "키아누리브스, 힐러리스웽크 진짜 최악이다;;;;;;;; 케이트블란쳇혼자 영화 살리네..",
    "date": "08.08.20",
    "rating": "1",
    "author": "dj16****",
    "review_id": "2889487",
    "movie_id": "31304"
  },
  {
    "review": "잼있다^^",
    "date": "08.07.12",
    "rating": "8",
    "author": "ksks****",
    "review_id": "2757240",
    "movie_id": "31304"
  },
  {
    "review": "00년작 감독이 샘레이미구나 약간의 부족함",
    "date": "08.02.12",
    "rating": "5",
    "author": "deff****",
    "review_id": "2437399",
    "movie_id": "31304"
  },
  {
    "review": "한마디로 샘레이미가 시도한 불완전연소 불발탄",
    "date": "07.12.17",
    "rating": "4",
    "author": "baks****",
    "review_id": "2238943",
    "movie_id": "31304"
  },
  {
    "review": "그저 그랬어ㅡ.ㅡ",
    "date": "07.12.12",
    "rating": "5",
    "author": "taks****",
    "review_id": "2225177",
    "movie_id": "31304"
  },
  {
    "review": "호화캐스팅으로 고작 이정도 영화를 만들어 냈다는게 진정한 반전",
    "date": "07.11.28",
    "rating": "6",
    "author": "ques****",
    "review_id": "2190264",
    "movie_id": "31304"
  },
  {
    "review": "매우 동양적이어서 독특했던 헐리웃 심령공포..",
    "date": "07.09.29",
    "rating": "9",
    "author": "thec****",
    "review_id": "2059120",
    "movie_id": "31304"
  },
  {
    "review": "반전을 너무 예상하기 쉽다ㅋ",
    "date": "07.08.22",
    "rating": "10",
    "author": "jtlk****",
    "review_id": "1968851",
    "movie_id": "31304"
  },
  {
    "review": "참 심심하다.",
    "date": "07.06.13",
    "rating": "3",
    "author": "moon****",
    "review_id": "1699405",
    "movie_id": "31304"
  },
  {
    "review": "순간적인 호러와 기괴함에서 오는 카타르시스는 충분",
    "date": "07.06.08",
    "rating": "7",
    "author": "dcap****",
    "review_id": "1689432",
    "movie_id": "31304"
  },
  {
    "review": "키아누 리브스 배역중 정말별로이다.영화는 범인추적 담는덴실패",
    "date": "07.01.12",
    "rating": "7",
    "author": "boke****",
    "review_id": "1377266",
    "movie_id": "31304"
  },
  {
    "review": "호화캐스팅에 샘레이미감독인데..영화는 조금 못미쳤어요",
    "date": "06.12.21",
    "rating": "7",
    "author": "offw****",
    "review_id": "1309524",
    "movie_id": "31304"
  },
  {
    "review": "캐스팅 봐라!! 전에는 그냥 생각없이 봤는데 장난이 아니구나",
    "date": "06.12.06",
    "rating": "10",
    "author": "hg10****",
    "review_id": "1270117",
    "movie_id": "31304"
  },
  {
    "review": "간만에 짜임새 있는 스릴러. 요즘 나오는 스릴러와는 차원이...",
    "date": "06.11.18",
    "rating": "10",
    "author": "lsss****",
    "review_id": "1239140",
    "movie_id": "31304"
  },
  {
    "review": "소재는 흥미로웠으나 전체적으로 지루했던 스릴러",
    "date": "06.10.30",
    "rating": "5",
    "author": "okjo****",
    "review_id": "1207676",
    "movie_id": "31304"
  },
  {
    "review": "나 이거 본줄도 몰랐다..--.즉 그만큼 별로인 영화..",
    "date": "06.10.20",
    "rating": "2",
    "author": "ahnt****",
    "review_id": "1189793",
    "movie_id": "31304"
  },
  {
    "review": "버디와의 우정이 너무 감동이었어요",
    "date": "06.10.19",
    "rating": "10",
    "author": "luck****",
    "review_id": "1188759",
    "movie_id": "31304"
  },
  {
    "review": "별로...ㅠ _ㅠ",
    "date": "06.08.31",
    "rating": "6",
    "author": "kotm****",
    "review_id": "1091127",
    "movie_id": "31304"
  },
  {
    "review": "결말을 어느정도 예상할 수 있었기에 조금은 싱거운 스릴러 ...",
    "date": "06.08.15",
    "rating": "6",
    "author": "1stl****",
    "review_id": "1035010",
    "movie_id": "31304"
  },
  {
    "review": "반전을 기대했으나 조금 약했음",
    "date": "06.06.25",
    "rating": "4",
    "author": "609p****",
    "review_id": "856459",
    "movie_id": "31304"
  },
  {
    "review": "악역 키아누리브스~",
    "date": "06.06.19",
    "rating": "7",
    "author": "m150****",
    "review_id": "849993",
    "movie_id": "31304"
  },
  {
    "review": "왓라이즈랑 비슷한 느낌",
    "date": "06.06.19",
    "rating": "8",
    "author": "wake****",
    "review_id": "849655",
    "movie_id": "31304"
  },
  {
    "review": "산뜻한 오싹함...",
    "date": "06.05.06",
    "rating": "9",
    "author": "heyj****",
    "review_id": "788903",
    "movie_id": "31304"
  },
  {
    "review": "자신의 장기인 호러물에 완벽하게 돌아온 샘 레이미.",
    "date": "06.04.21",
    "rating": "7",
    "author": "movi****",
    "review_id": "769471",
    "movie_id": "31304"
  },
  {
    "review": "끝까지 봐야 얽힌 실이 다 풀린 느낌",
    "date": "06.04.15",
    "rating": "8",
    "author": "3002****",
    "review_id": "762370",
    "movie_id": "31304"
  },
  {
    "review": "잘 짜여진 추리만화 한권을 즐겁게 읽는 기분이랄까.",
    "date": "06.03.07",
    "rating": "9",
    "author": "wfy0****",
    "review_id": "708000",
    "movie_id": "31304"
  },
  {
    "review": "카드점보는 주인공은 왠지 나른하고 공감힘든 소재.",
    "date": "06.03.04",
    "rating": "6",
    "author": "dice****",
    "review_id": "703242",
    "movie_id": "31304"
  },
  {
    "review": "케이트 블란쳇의 연기가 잊혀지지 않는...",
    "date": "06.02.21",
    "rating": "10",
    "author": "jkh1****",
    "review_id": "684822",
    "movie_id": "31304"
  },
  {
    "review": "케이트 블랑쉐 이쁘다",
    "date": "06.02.10",
    "rating": "1",
    "author": "scal****",
    "review_id": "658222",
    "movie_id": "31304"
  },
  {
    "review": "심령현상에 감이 있는 분이면 제대로 보실 작품",
    "date": "06.01.30",
    "rating": "10",
    "author": "so26****",
    "review_id": "633853",
    "movie_id": "31304"
  },
  {
    "review": "오랜만에 제대로 된 심리스릴러 발견. 다만 반전은 다 예측했다",
    "date": "06.01.25",
    "rating": "8",
    "author": "dndb****",
    "review_id": "621317",
    "movie_id": "31304"
  },
  {
    "review": "샘레이미 치곤 약하지만 그런데로 재밌는...",
    "date": "06.01.03",
    "rating": "7",
    "author": "xtc4****",
    "review_id": "556096",
    "movie_id": "31304"
  },
  {
    "review": "그리 나쁘진 않은 것 같던데...",
    "date": "05.12.24",
    "rating": "8",
    "author": "boyi****",
    "review_id": "525064",
    "movie_id": "31304"
  },
  {
    "review": "키아누가 달라보인다. 어둡고 칙칙한..",
    "date": "05.12.24",
    "rating": "7",
    "author": "blue****",
    "review_id": "524909",
    "movie_id": "31304"
  },
  {
    "review": "스릴이 매우 빈약한 작품",
    "date": "05.12.24",
    "rating": "5",
    "author": "kws7****",
    "review_id": "524901",
    "movie_id": "31304"
  },
  {
    "review": "어렸을 땐 진짜 재밌게 봤는데. 지금 보니 좀 식상하네연..",
    "date": "05.12.21",
    "rating": "6",
    "author": "smz1****",
    "review_id": "519393",
    "movie_id": "31304"
  },
  {
    "review": "평점 그대로 별로인 영화",
    "date": "05.12.11",
    "rating": "6",
    "author": "audt****",
    "review_id": "500301",
    "movie_id": "31304"
  },
  {
    "review": "키아누 리브스에게도 지우고 싶을 영화가 아닌가 싶다",
    "date": "05.11.13",
    "rating": "5",
    "author": "nons****",
    "review_id": "472629",
    "movie_id": "31304"
  },
  {
    "review": "티비 영화에 어울릴만하다. 관객을 너무 우습게 본 영화.",
    "date": "05.10.20",
    "rating": "5",
    "author": "muld****",
    "review_id": "448925",
    "movie_id": "31304"
  },
  {
    "review": "여름에 보기도 조금 지루할수있는 영화.나는 결말을 예견했다;",
    "date": "05.07.31",
    "rating": "4",
    "author": "call****",
    "review_id": "344590",
    "movie_id": "31304"
  },
  {
    "review": "공포스릴러는 법칙이있지.범인은 예상외의인물이라는것 ㅡㅡ;",
    "date": "05.07.28",
    "rating": "8",
    "author": "jeeh****",
    "review_id": "337729",
    "movie_id": "31304"
  },
  {
    "review": "케이트블란쳇의 호연이 돋보이는 영화...",
    "date": "05.05.03",
    "rating": "8",
    "author": "star****",
    "review_id": "270262",
    "movie_id": "31304"
  },
  {
    "review": "다시봤는데...새롭네- -  잼께봤슴..",
    "date": "05.03.26",
    "rating": "9",
    "author": "lsbl****",
    "review_id": "247344",
    "movie_id": "31304"
  },
  {
    "review": "나쁜 영화는 아니지만... 좀 허무맹랑하다..",
    "date": "05.02.11",
    "rating": "5",
    "author": "good****",
    "review_id": "215819",
    "movie_id": "31304"
  },
  {
    "review": "음산하면서도 신비스러운 영화",
    "date": "05.01.07",
    "rating": "10",
    "author": "gusw****",
    "review_id": "179412",
    "movie_id": "31304"
  },
  {
    "review": "[심플플랜]에 이은 빌리 밥 손튼-샘 레이미 콤비의 재치..",
    "date": "04.10.26",
    "rating": "7",
    "author": "thin****",
    "review_id": "133269",
    "movie_id": "31304"
  },
  {
    "review": "`환상 특급`을 극장에다 올리는 샘 레이미의 배짱이 놀랍다!",
    "date": "04.10.07",
    "rating": "4",
    "author": "trot****",
    "review_id": "121545",
    "movie_id": "31304"
  },
  {
    "review": "재밌네요...",
    "date": "04.10.06",
    "rating": "8",
    "author": "chki****",
    "review_id": "121281",
    "movie_id": "31304"
  },
  {
    "review": "꼭 돋 쏟아부은영 화만 명작인가...충분히 재미만 있네....",
    "date": "04.09.30",
    "rating": "10",
    "author": "cjw2****",
    "review_id": "117664",
    "movie_id": "31304"
  },
  {
    "review": "케이트 블랑쉐의 연기가 돋보이네요!",
    "date": "04.09.25",
    "rating": "9",
    "author": "amil****",
    "review_id": "114147",
    "movie_id": "31304"
  },
  {
    "review": "이 영화 괜찮아요.!",
    "date": "04.08.21",
    "rating": "9",
    "author": "gndh****",
    "review_id": "94506",
    "movie_id": "31304"
  },
  {
    "review": "훌륭한 오컬트 영화입니다.",
    "date": "04.08.12",
    "rating": "9",
    "author": "newr****",
    "review_id": "88515",
    "movie_id": "31304"
  },
  {
    "review": "내용이나 연기 다 볼만한 영화",
    "date": "04.07.18",
    "rating": "9",
    "author": "hyel****",
    "review_id": "72925",
    "movie_id": "31304"
  },
  {
    "review": "예고편은 최고 그러나 막상 보고 나니 다소 실망...",
    "date": "04.07.05",
    "rating": "6",
    "author": "drsl****",
    "review_id": "65923",
    "movie_id": "31304"
  },
  {
    "review": "그냥 심심할 때 보면 괜찮을 듯.",
    "date": "04.06.25",
    "rating": "6",
    "author": "port****",
    "review_id": "60201",
    "movie_id": "31304"
  },
  {
    "review": "그렇게는 재밋지 않습니다....",
    "date": "03.11.21",
    "rating": "7",
    "author": "jang****",
    "review_id": "46",
    "movie_id": "31304"
  }
]