[
  {
    "review": "어메이징의 토비는 순탄하고 인생쉽게 사는것 같은 부분인데 오리지널 스파이더맨의 토비는 인생의 쓴맛 산전수전 다 겪어가며 영웅이 되어서 고뇌를하고 수많은 시련속에서 영웅이 되었다.. 이야 말로 진정한 영웅 아닐까? 생각한다.",
    "date": "15.08.27",
    "rating": "10",
    "author": "zxzx****",
    "review_id": "10278100",
    "movie_id": "31307"
  },
  {
    "review": "2002년때 중딩때 이거보고 와 이런영화도 있구나 했는데 ㅋㅋ",
    "date": "15.08.26",
    "rating": "10",
    "author": "youy****",
    "review_id": "10275605",
    "movie_id": "31307"
  },
  {
    "review": "앤드류보단 토비가 낫지만 앤드류 맥과이어를 만들면 어떨까?",
    "date": "15.08.19",
    "rating": "10",
    "author": "juni****",
    "review_id": "10251203",
    "movie_id": "31307"
  },
  {
    "review": "어릴때부터 지금까지 마블 히어로 중 가장 좋아하던 스파이더맨. 토비 맥과이어가 그립다 정말로",
    "date": "15.08.15",
    "rating": "10",
    "author": "uthi****",
    "review_id": "10236516",
    "movie_id": "31307"
  },
  {
    "review": "my spiderman",
    "date": "15.08.12",
    "rating": "10",
    "author": "blon****",
    "review_id": "10221534",
    "movie_id": "31307"
  },
  {
    "review": "다좋은데 여주가 씹김치녀",
    "date": "15.08.05",
    "rating": "10",
    "author": "drin****",
    "review_id": "10186276",
    "movie_id": "31307"
  },
  {
    "review": "진짜 완벽했는데 마지막에서 좀 뜬금포 사랑고백때메 별하나가 훅 날라갔음. 마지막 사랑고백빼면 흠 잡을데 없이 완벽한 히어로 영화",
    "date": "15.07.25",
    "rating": "8",
    "author": "0bli****",
    "review_id": "10142282",
    "movie_id": "31307"
  },
  {
    "review": "당시 신선한 충격이었다.",
    "date": "15.07.21",
    "rating": "10",
    "author": "lsh5****",
    "review_id": "10125305",
    "movie_id": "31307"
  },
  {
    "review": "한 영웅의 시작을 효과적이고 멋있게 보여준다..",
    "date": "15.07.19",
    "rating": "9",
    "author": "blue****",
    "review_id": "10119742",
    "movie_id": "31307"
  },
  {
    "review": "내가 정말 좋아하는 히어로 영화!",
    "date": "15.07.08",
    "rating": "10",
    "author": "sedy****",
    "review_id": "10080157",
    "movie_id": "31307"
  },
  {
    "review": "히어로 영화의 교과서.",
    "date": "15.07.07",
    "rating": "10",
    "author": "hyeo****",
    "review_id": "10077267",
    "movie_id": "31307"
  },
  {
    "review": "어메이징은 앞판을 보여주지만, 스파이더맨은 등짝을 보여준다. 스파이더맨이 스윙이동할 때, 시원한 롤러코스터 시야를 관객과 공유한다.",
    "date": "15.07.06",
    "rating": "10",
    "author": "z326****",
    "review_id": "10074877",
    "movie_id": "31307"
  },
  {
    "review": "남자주인공 여자주인공 각각 토비 맥과이어 커스틴 던스트 이 두 배우보다 어울리는 배우는 없다",
    "date": "15.07.05",
    "rating": "10",
    "author": "qowh****",
    "review_id": "10073104",
    "movie_id": "31307"
  },
  {
    "review": "토비 맥과이어가 보고싶다ㅠㅠ",
    "date": "15.07.05",
    "rating": "10",
    "author": "tiny****",
    "review_id": "10072444",
    "movie_id": "31307"
  },
  {
    "review": "이후 시리즈는  CG만  발달했지, 모든면에서 1편 보다 후퇴다.",
    "date": "15.06.27",
    "rating": "8",
    "author": "dday****",
    "review_id": "10044198",
    "movie_id": "31307"
  },
  {
    "review": "미안한데 앤드류는 정이 안가 ㅠㅠㅠ 난 역시 토비 맥과이어 세대..",
    "date": "15.06.25",
    "rating": "10",
    "author": "fntl****",
    "review_id": "10034445",
    "movie_id": "31307"
  },
  {
    "review": "소년성장영화!!!!",
    "date": "15.06.14",
    "rating": "10",
    "author": "dygk****",
    "review_id": "10001201",
    "movie_id": "31307"
  },
  {
    "review": "수많은 고뇌 속에서 영웅이 탄생한다",
    "date": "15.06.13",
    "rating": "8",
    "author": "tlsq****",
    "review_id": "9994580",
    "movie_id": "31307"
  },
  {
    "review": "다시 봐도 명작ㅡㅡ그나저나 평점이 왜 8점대야 9점대지",
    "date": "15.06.05",
    "rating": "10",
    "author": "gun3****",
    "review_id": "9977727",
    "movie_id": "31307"
  },
  {
    "review": "이거 재밋게 봤었는데.",
    "date": "15.05.30",
    "rating": "10",
    "author": "tbvj****",
    "review_id": "9963790",
    "movie_id": "31307"
  },
  {
    "review": "많은 슈퍼히어로 중에 가장 인간미가 느껴지는 영웅! 그 이름은 바로 '다정한 이웃 스파이더맨'!",
    "date": "15.05.29",
    "rating": "8",
    "author": "dlax****",
    "review_id": "9960358",
    "movie_id": "31307"
  },
  {
    "review": "good 짱이다 스 파 이 더 맨!!!",
    "date": "15.05.28",
    "rating": "10",
    "author": "cati****",
    "review_id": "9957637",
    "movie_id": "31307"
  },
  {
    "review": "토비맥과이어의 피터파커! 캐릭터랑 배우랑 잘어울린다. 어릴때부토 봐와서 그런가?",
    "date": "15.05.27",
    "rating": "9",
    "author": "alsh****",
    "review_id": "9954999",
    "movie_id": "31307"
  },
  {
    "review": "이걸본사람은 다른 히어로 영화못본다 진짜 슈퍼히어로란 일상생활속 영웅이아닐까?",
    "date": "15.05.24",
    "rating": "10",
    "author": "opl1****",
    "review_id": "9945625",
    "movie_id": "31307"
  },
  {
    "review": "당시 기술력으로 이정도로 만들어낸게 졸라 놀라웠음",
    "date": "15.05.18",
    "rating": "10",
    "author": "gdcv****",
    "review_id": "9930579",
    "movie_id": "31307"
  },
  {
    "review": "아..어릴때  스파이더맨  노래  마니  불럿엇는데.",
    "date": "15.05.18",
    "rating": "10",
    "author": "joon****",
    "review_id": "9929679",
    "movie_id": "31307"
  },
  {
    "review": "피자배달하는 슈퍼히어로",
    "date": "15.05.17",
    "rating": "10",
    "author": "sabi****",
    "review_id": "9925434",
    "movie_id": "31307"
  },
  {
    "review": "토비는 사랑이다ㅠㅠ아 돌아와요",
    "date": "15.05.16",
    "rating": "10",
    "author": "ghtk****",
    "review_id": "9924143",
    "movie_id": "31307"
  },
  {
    "review": "어메이징 스파이더맨이 원작에 더 가깝지않나?",
    "date": "15.05.16",
    "rating": "10",
    "author": "axs7****",
    "review_id": "9923322",
    "movie_id": "31307"
  },
  {
    "review": "토비 스파이더맨을 EBS에서 지금 일요일 마다 5/3 1편, 5/10 2편, 내일 5/17에 3편 방영해주는데 정말 재미있게 잘 본다.",
    "date": "15.05.16",
    "rating": "9",
    "author": "hell****",
    "review_id": "9922374",
    "movie_id": "31307"
  },
  {
    "review": "스파이더맨 시리즈는 OST빼고 어메이징보다 이게 나음.",
    "date": "15.05.13",
    "rating": "8",
    "author": "wllt****",
    "review_id": "9914477",
    "movie_id": "31307"
  },
  {
    "review": "부족할게 없는 영화. 큰 힘에는 큰 책임이 따른다.",
    "date": "15.05.13",
    "rating": "10",
    "author": "kimd****",
    "review_id": "9914258",
    "movie_id": "31307"
  },
  {
    "review": "스피디한 영상으로 시선을 사로잡는다. 어설픈 스토리 구성과 CG를 잘못 활용한 화면이 살짝 아쉽지만, 나쁘지 않았던 작품.",
    "date": "15.05.13",
    "rating": "7",
    "author": "jms5****",
    "review_id": "9914224",
    "movie_id": "31307"
  },
  {
    "review": "적잖이 감동을 주는 영화",
    "date": "15.05.12",
    "rating": "10",
    "author": "fres****",
    "review_id": "9913492",
    "movie_id": "31307"
  },
  {
    "review": "다시 봐도 오리지널이 진리..ㅜㅜ",
    "date": "15.05.10",
    "rating": "10",
    "author": "jnov****",
    "review_id": "9908850",
    "movie_id": "31307"
  },
  {
    "review": "토비가 그립다..ㅠㅠ",
    "date": "15.05.08",
    "rating": "10",
    "author": "elws****",
    "review_id": "9904303",
    "movie_id": "31307"
  },
  {
    "review": "다 좋은데 엠제이가 너무 안 예쁨... 그래서 별 반개 삭제",
    "date": "15.05.08",
    "rating": "9",
    "author": "xavi****",
    "review_id": "9902661",
    "movie_id": "31307"
  },
  {
    "review": "ㅠ ㅠ이명작을이제봤다니...경제쌤~진심으루고맙습니다!!!!ㅎㅎ",
    "date": "15.05.06",
    "rating": "10",
    "author": "dlxo****",
    "review_id": "9899879",
    "movie_id": "31307"
  },
  {
    "review": "재밌습니다. 스파이더맨이 짱인듯",
    "date": "15.05.06",
    "rating": "10",
    "author": "mtot****",
    "review_id": "9899602",
    "movie_id": "31307"
  },
  {
    "review": "힘을 가진 자가 고뇌하면서 영웅이 되어간다",
    "date": "15.05.06",
    "rating": "10",
    "author": "shdz****",
    "review_id": "9898571",
    "movie_id": "31307"
  },
  {
    "review": "내 인생을 바꿔논 최고의영화",
    "date": "15.05.05",
    "rating": "10",
    "author": "juni****",
    "review_id": "9896023",
    "movie_id": "31307"
  },
  {
    "review": "이 영화를 본 건 내 인생 최대의 터닝포인트였다!",
    "date": "15.05.04",
    "rating": "10",
    "author": "kmy7****",
    "review_id": "9892834",
    "movie_id": "31307"
  },
  {
    "review": "다시보니 추억이 새록새록 ㅎㅎㅎ",
    "date": "15.05.03",
    "rating": "10",
    "author": "wlrg****",
    "review_id": "9890641",
    "movie_id": "31307"
  },
  {
    "review": "이건 무조건 10점..",
    "date": "15.05.03",
    "rating": "10",
    "author": "law_****",
    "review_id": "9889989",
    "movie_id": "31307"
  },
  {
    "review": "짱재밌당! 굿굿 토비 짱짱",
    "date": "15.05.02",
    "rating": "10",
    "author": "9719****",
    "review_id": "9888050",
    "movie_id": "31307"
  },
  {
    "review": "난이영화를계속봐도질리지않아좋고재밌다",
    "date": "15.04.30",
    "rating": "10",
    "author": "tjde****",
    "review_id": "9880745",
    "movie_id": "31307"
  },
  {
    "review": "1편만한 속편은 없다..",
    "date": "15.04.27",
    "rating": "10",
    "author": "4529****",
    "review_id": "9874415",
    "movie_id": "31307"
  },
  {
    "review": "나도 토비의 스파이더맨이 좋아ㅜㅜ 몇번을 봐도 재밌음ㅋㅋ 지금 피터는 잘생기기만 했지 너무 까불거리는 캐릭터라 안어울려! 스파이더맨, 아이언맨, 다크나이트  최고의 영웅 영화!",
    "date": "15.04.27",
    "rating": "10",
    "author": "wolf****",
    "review_id": "9874245",
    "movie_id": "31307"
  },
  {
    "review": "나의 영원한 스파이더맨 피터파커 다시 그를 보니 큰힘이 된다.",
    "date": "15.04.26",
    "rating": "10",
    "author": "otu2****",
    "review_id": "9869386",
    "movie_id": "31307"
  },
  {
    "review": "리메이크보다 원시리즈가 더 좋다고 생각함",
    "date": "15.04.26",
    "rating": "10",
    "author": "sssy****",
    "review_id": "9868479",
    "movie_id": "31307"
  },
  {
    "review": "스파이더맨 슈퍼히어로 무비",
    "date": "15.04.23",
    "rating": "10",
    "author": "jacq****",
    "review_id": "9857865",
    "movie_id": "31307"
  },
  {
    "review": "최고의 콤비의 최고의 영화",
    "date": "15.04.12",
    "rating": "10",
    "author": "pr5g****",
    "review_id": "9841845",
    "movie_id": "31307"
  },
  {
    "review": "[ 스토리 8, 비주얼 8, 연출 8, 연기 7 ]　고뇌에 찬 히어로에 대한 몰입도가 상당하고, 빠른 액션이 눈을 즐겁게 함.",
    "date": "15.04.10",
    "rating": "8",
    "author": "eyeb****",
    "review_id": "9838017",
    "movie_id": "31307"
  },
  {
    "review": "정말정말 어렸을 때 본 영화라 그런지, 확실히 재밌고, 요즘 나온 어메이징 스파이더맨 보다도 훨씬 좋은 영화라고 생각!",
    "date": "15.04.05",
    "rating": "10",
    "author": "gh09****",
    "review_id": "9828252",
    "movie_id": "31307"
  },
  {
    "review": "개인적으로 2편보단 1편이 좀 더 낫다고 생각한다. 시나리오의 개연성이나 주인공의 성장이나 액션 모두 적절한 밸런스를 이뤘다.",
    "date": "15.04.04",
    "rating": "10",
    "author": "pkon****",
    "review_id": "9826725",
    "movie_id": "31307"
  },
  {
    "review": "난 할리우드 영화가 좋아",
    "date": "15.03.22",
    "rating": "9",
    "author": "rach****",
    "review_id": "9799172",
    "movie_id": "31307"
  },
  {
    "review": "큰힘에는 큰책임이 따른다.",
    "date": "15.03.17",
    "rating": "10",
    "author": "sa02****",
    "review_id": "9789533",
    "movie_id": "31307"
  },
  {
    "review": "인간적인 슈퍼히어로 스파이더맨의 탄생",
    "date": "15.03.15",
    "rating": "7",
    "author": "sipj****",
    "review_id": "9784982",
    "movie_id": "31307"
  },
  {
    "review": "앤드류판보다 훨씬 재밌죠 아무렴요",
    "date": "15.03.11",
    "rating": "10",
    "author": "elwl****",
    "review_id": "9772988",
    "movie_id": "31307"
  },
  {
    "review": "역시 스파이더맨 언제봐도 재밌다~",
    "date": "15.03.08",
    "rating": "9",
    "author": "labu****",
    "review_id": "9764682",
    "movie_id": "31307"
  },
  {
    "review": "솔직히 어메이징이 나은건 주연들 비쥬얼밖에 없다",
    "date": "15.03.07",
    "rating": "10",
    "author": "kdym****",
    "review_id": "9762145",
    "movie_id": "31307"
  },
  {
    "review": "진정한 그분이시다..",
    "date": "15.03.04",
    "rating": "10",
    "author": "fhtk****",
    "review_id": "9756480",
    "movie_id": "31307"
  },
  {
    "review": "거미인간의 인간적인 슬픈 모습이 잘드러난 히어로물. 기존의 초월적인 넘사벽 능력의 초인들보다 이렇게 조금은 결핍된 히어로가 더 느낌있음을 보여주는 영화.",
    "date": "15.02.23",
    "rating": "9",
    "author": "spqj****",
    "review_id": "9731480",
    "movie_id": "31307"
  },
  {
    "review": "어메이징이 훨신 재밌다 이건 뭐 내용도 뻔하고 별로.. 약간 배우나 이런게 다 촌스럽달까",
    "date": "15.02.20",
    "rating": "1",
    "author": "seej****",
    "review_id": "9719674",
    "movie_id": "31307"
  },
  {
    "review": "스파이더맨을 가장 좋아하는 1人~ 스파이더맨 완전 사랑합니다. 영원했으면 좋겠네요!!",
    "date": "15.02.18",
    "rating": "10",
    "author": "algk****",
    "review_id": "9710619",
    "movie_id": "31307"
  },
  {
    "review": "내가 가장 사랑한 슈퍼히어로. 스파이더맨 TAS만화와 샘 레이미 스파이더맨 영화는 나의 어린시절을 책임졌다. 어메이징 시리즈가 똥칠을 했지만 다시 마블로 가서 기쁘다. 마블이 어떤 대작을 만들어도 난 샘 레이미 3부작을 절대 잊지 않을것이다.",
    "date": "15.02.18",
    "rating": "10",
    "author": "dusd****",
    "review_id": "9710402",
    "movie_id": "31307"
  },
  {
    "review": "나의 첫번째 히어로영화 이미 내머리엔 스파이더맨=토비맥과이어 로 정리된상태 이번 시빌워에 토비 출연하게 해주세요",
    "date": "15.02.11",
    "rating": "10",
    "author": "fami****",
    "review_id": "9686077",
    "movie_id": "31307"
  },
  {
    "review": "역시 난 원작이 좋다. 아주 어렸을 때 본 영화지만...ㅎㅎ",
    "date": "15.02.10",
    "rating": "10",
    "author": "smil****",
    "review_id": "9684730",
    "movie_id": "31307"
  },
  {
    "review": "최근 4년간 완전한 마블디씨덕후가 됐다.스파이더맨 보다 엑스맨이나 배트맨이 좋지만 스파이더맨 1은 내가 태어나서 처음으로 극장에서 본 영화이자 최초로 본 히어로 물이었다.이 시대를 살아가는 젊은이들의 고난과 역경을 보여주는 영화",
    "date": "15.02.08",
    "rating": "10",
    "author": "ppjj****",
    "review_id": "9680672",
    "movie_id": "31307"
  },
  {
    "review": "악당은 언제나 어디에나 있지만 스파이더맨은 없는 슬픈 현실",
    "date": "15.02.04",
    "rating": "9",
    "author": "jhbu****",
    "review_id": "9665796",
    "movie_id": "31307"
  },
  {
    "review": "재밌는데 그래도 앤드류가 짱이지!!!",
    "date": "15.02.02",
    "rating": "9",
    "author": "kiba****",
    "review_id": "9660727",
    "movie_id": "31307"
  },
  {
    "review": "그냥 토비가 계속 스파이디하지...",
    "date": "15.01.31",
    "rating": "10",
    "author": "qsos****",
    "review_id": "9654668",
    "movie_id": "31307"
  },
  {
    "review": "가나다라마바사 아자차카",
    "date": "15.01.19",
    "rating": "10",
    "author": "haya****",
    "review_id": "9611567",
    "movie_id": "31307"
  },
  {
    "review": "더 무비는 명작이되고 어메이징은 망작이된다",
    "date": "15.01.17",
    "rating": "10",
    "author": "ddaa****",
    "review_id": "9606956",
    "movie_id": "31307"
  },
  {
    "review": "스파이더맨 사랑해요 !! 어릴 때 나의영웅이엿심",
    "date": "15.01.07",
    "rating": "10",
    "author": "need****",
    "review_id": "9571195",
    "movie_id": "31307"
  },
  {
    "review": "이건 재및는데 후속편은 도데체...왜?",
    "date": "15.01.03",
    "rating": "10",
    "author": "3722****",
    "review_id": "9555457",
    "movie_id": "31307"
  },
  {
    "review": "스파이더맨은 1.85대1로 찍어야 된다는걸 알려준 스파이더맨 최고작.  2편도 훌륭했지만. 2.35대1로 찍다보니 활공장면의 간지가 안선다. 제발 스파이더맨은 추후에 1.85대1로만 찍어라 좀..내 그래서 1편을 최고로 좋아함.",
    "date": "14.12.27",
    "rating": "10",
    "author": "ajho****",
    "review_id": "9523575",
    "movie_id": "31307"
  },
  {
    "review": "스파이더맨 시리즈중 제일 재밌다",
    "date": "14.11.23",
    "rating": "10",
    "author": "kyd9****",
    "review_id": "9416668",
    "movie_id": "31307"
  },
  {
    "review": "돌아와요 토비 스파이디 ㅠㅠ",
    "date": "14.11.22",
    "rating": "10",
    "author": "ggke****",
    "review_id": "9411299",
    "movie_id": "31307"
  },
  {
    "review": "히어로물 끝판왕 굿재미",
    "date": "14.11.22",
    "rating": "10",
    "author": "gbwl****",
    "review_id": "9409662",
    "movie_id": "31307"
  },
  {
    "review": "솔직히 여주 못생겨서 몰입이안되더라",
    "date": "14.11.14",
    "rating": "1",
    "author": "antp****",
    "review_id": "9383372",
    "movie_id": "31307"
  },
  {
    "review": "7점 주려 했는데 이건 너무 아까움",
    "date": "14.11.14",
    "rating": "9",
    "author": "rlcj****",
    "review_id": "9382272",
    "movie_id": "31307"
  },
  {
    "review": "히어로영화 그리고 청춘영화, 두마리 토끼를 동시에 잡는다.",
    "date": "14.11.06",
    "rating": "8",
    "author": "this****",
    "review_id": "9344051",
    "movie_id": "31307"
  },
  {
    "review": "어메이징 스파이더맨은 토비의 스파이더맨에 비교 자체가 안되는 것 같다",
    "date": "14.11.04",
    "rating": "10",
    "author": "alsc****",
    "review_id": "9341447",
    "movie_id": "31307"
  },
  {
    "review": "오리지널도 제작했으면..원년 멤버로",
    "date": "14.10.29",
    "rating": "10",
    "author": "ykk9****",
    "review_id": "9327285",
    "movie_id": "31307"
  },
  {
    "review": "어메이징 보고 이거 다시 보니까 10점 주고 싶다진정한 스파이더맨을 그린 영화",
    "date": "14.10.22",
    "rating": "10",
    "author": "lky7****",
    "review_id": "9308438",
    "movie_id": "31307"
  },
  {
    "review": "정말 믿고보는 헐리웃 영화다",
    "date": "14.10.17",
    "rating": "10",
    "author": "ske4****",
    "review_id": "9298490",
    "movie_id": "31307"
  },
  {
    "review": "오늘 날 히어로물의 교과서",
    "date": "14.10.15",
    "rating": "10",
    "author": "wji1****",
    "review_id": "9294280",
    "movie_id": "31307"
  },
  {
    "review": "굿입니다 다시보나 재미잇내요",
    "date": "14.10.07",
    "rating": "4",
    "author": "hoon****",
    "review_id": "9272807",
    "movie_id": "31307"
  },
  {
    "review": "스파이더맨은 토비가 갑이지",
    "date": "14.10.05",
    "rating": "9",
    "author": "kpu5****",
    "review_id": "9266631",
    "movie_id": "31307"
  },
  {
    "review": "이영화 이젠 추억이네.",
    "date": "14.10.02",
    "rating": "10",
    "author": "jmc0****",
    "review_id": "9255883",
    "movie_id": "31307"
  },
  {
    "review": "이걸 왜 지금와서야 봤는지..! 시간가는줄 모르게 봤네요 재밌어요~~",
    "date": "14.10.01",
    "rating": "10",
    "author": "dhdb****",
    "review_id": "9252621",
    "movie_id": "31307"
  },
  {
    "review": "어메이징 볼때마다 자꾸 이 영화가 생각이 든다..",
    "date": "14.09.29",
    "rating": "10",
    "author": "iiam****",
    "review_id": "9248651",
    "movie_id": "31307"
  },
  {
    "review": "솔직히 앤드류가 더 잘생김",
    "date": "14.09.28",
    "rating": "5",
    "author": "luke****",
    "review_id": "9247363",
    "movie_id": "31307"
  },
  {
    "review": "토비 맥과이어의 스파이더맨이 그립다.. 정말 잘 어울렸는데..",
    "date": "14.09.27",
    "rating": "10",
    "author": "tuca****",
    "review_id": "9245282",
    "movie_id": "31307"
  },
  {
    "review": "재미100%  그렇다고 절대 가벼운 영화가 아닌 무게감도 있는 영화",
    "date": "14.09.21",
    "rating": "10",
    "author": "rlas****",
    "review_id": "9233016",
    "movie_id": "31307"
  },
  {
    "review": "어메이징보다 이게 갑이지 진짜 원조 스파이더맨",
    "date": "14.09.18",
    "rating": "10",
    "author": "skst****",
    "review_id": "9221940",
    "movie_id": "31307"
  },
  {
    "review": "스파이더맨은 헐리웃의 흔한 '쿨가이 영웅'이 아니다.",
    "date": "14.09.11",
    "rating": "10",
    "author": "chlw****",
    "review_id": "9202599",
    "movie_id": "31307"
  },
  {
    "review": "긴말할꺼 없다 그냥 명작이다",
    "date": "14.09.10",
    "rating": "10",
    "author": "pjh9****",
    "review_id": "9199881",
    "movie_id": "31307"
  },
  {
    "review": "재미있어요 ㅋㅋㅋㅋ완전",
    "date": "14.09.09",
    "rating": "10",
    "author": "shin****",
    "review_id": "9191273",
    "movie_id": "31307"
  }
]