[
  {
    "review": "감독이 숀 펜인 걸 알았다면 다르게 봤을 텐데.",
    "date": "15.07.11",
    "rating": "7",
    "author": "tear****",
    "review_id": "10089995",
    "movie_id": "31306"
  },
  {
    "review": "숀펜은 영화에 3가지 철학이 있으면 안된다고 했는데 그 말을 자기 손으로 어겼다.",
    "date": "14.08.31",
    "rating": "10",
    "author": "jinh****",
    "review_id": "9151161",
    "movie_id": "31306"
  },
  {
    "review": "1.한 남자가 어떻게 미치는가...2.과연 진실이란 무엇인가(사람들이 그렇다고 인정하는것 아니면 실제로 일어난 그 자체)3.집념과 집착의 차이란 무엇인가4.맹세의 무게는?(영혼의 무게는?)정말 여러 생각이 들게 하는 최그의 영화...",
    "date": "13.09.05",
    "rating": "10",
    "author": "jjhh****",
    "review_id": "7948009",
    "movie_id": "31306"
  },
  {
    "review": "전문가 평점 저거뭐냐 그냥 전문가 하지마라 거지들아",
    "date": "12.04.14",
    "rating": "9",
    "author": "bbic****",
    "review_id": "6218323",
    "movie_id": "31306"
  },
  {
    "review": "열라구 재미없네",
    "date": "12.03.16",
    "rating": "2",
    "author": "dbzh****",
    "review_id": "6147640",
    "movie_id": "31306"
  },
  {
    "review": "숀펜은 영화에 3가지 철학이 있으면 안된다고 했는데 그 말을 자기 손으로 어겼다.",
    "date": "11.09.21",
    "rating": "10",
    "author": "zlfq****",
    "review_id": "5744646",
    "movie_id": "31306"
  },
  {
    "review": "살인의 추억이 생각나네",
    "date": "11.06.19",
    "rating": "5",
    "author": "yaky****",
    "review_id": "5488639",
    "movie_id": "31306"
  },
  {
    "review": "긴장감은 있었는데 너무 실체없는 영화다",
    "date": "11.03.29",
    "rating": "6",
    "author": "nala****",
    "review_id": "5341079",
    "movie_id": "31306"
  },
  {
    "review": "엿이나먹으라지...",
    "date": "11.03.14",
    "rating": "5",
    "author": "malz****",
    "review_id": "5314055",
    "movie_id": "31306"
  },
  {
    "review": "오!! 긴장 몰입도 쩌네요 심장이 콩닥콩닥 하면서 봤어요ㅋㅋ꽤 재밌었음",
    "date": "11.01.19",
    "rating": "10",
    "author": "0104****",
    "review_id": "5169595",
    "movie_id": "31306"
  },
  {
    "review": "감독 숀펜과 잭 니콜슨에게 경의를 표합니다.",
    "date": "10.12.08",
    "rating": "10",
    "author": "whoi****",
    "review_id": "5037924",
    "movie_id": "31306"
  },
  {
    "review": "답답~하게 전개되는/70년대 영환줄 알았다/그렇게 우울하게 허무하게 끝나냐?",
    "date": "10.11.14",
    "rating": "1",
    "author": "lksh****",
    "review_id": "4960528",
    "movie_id": "31306"
  },
  {
    "review": "약간 부족하다..",
    "date": "10.07.07",
    "rating": "8",
    "author": "did4****",
    "review_id": "4618833",
    "movie_id": "31306"
  },
  {
    "review": "긴장감 있는 연출등은 좋은데에 반해 마지막엔 씁쓸함을 주는 영화이다.",
    "date": "09.11.20",
    "rating": "10",
    "author": "leev****",
    "review_id": "3978118",
    "movie_id": "31306"
  },
  {
    "review": "범인을 잡기위한 베테랑형사의 집념, 그 한도를 넘어 폐인으로 되는 기연성이…",
    "date": "09.08.23",
    "rating": "8",
    "author": "ador****",
    "review_id": "3780555",
    "movie_id": "31306"
  },
  {
    "review": "기대한 것과 전혀 다른 결말... 중반부가 더 재미있는 신기한 영화였다",
    "date": "09.03.16",
    "rating": "9",
    "author": "knif****",
    "review_id": "3369585",
    "movie_id": "31306"
  },
  {
    "review": "숀펜,잭 니콜슨 대단하다 극도로발달한형사의감......",
    "date": "09.03.07",
    "rating": "10",
    "author": "quat****",
    "review_id": "3352890",
    "movie_id": "31306"
  },
  {
    "review": "이따위 소재로 이정도까지 연출하다니 대단하긴하다",
    "date": "09.01.16",
    "rating": "7",
    "author": "asex****",
    "review_id": "3225911",
    "movie_id": "31306"
  },
  {
    "review": "드라마와 스릴러의 경계에 서있는... 감독이름과 잘 어울리는 영화",
    "date": "08.12.29",
    "rating": "8",
    "author": "gren****",
    "review_id": "3162900",
    "movie_id": "31306"
  },
  {
    "review": "시각의 차이.... 다행이다 난. 이영화의 진모습을 볼수있는 시각을 가지고있구나.",
    "date": "08.07.13",
    "rating": "10",
    "author": "umzi****",
    "review_id": "2758706",
    "movie_id": "31306"
  },
  {
    "review": "기존의 스릴러물과는 차별성이 느껴지나, 스릴러물치곤 너무 잔잔하지 않나?",
    "date": "08.06.04",
    "rating": "7",
    "author": "sinb****",
    "review_id": "2679163",
    "movie_id": "31306"
  },
  {
    "review": "점수낮을이유가없다. 가슴졸이는심리묘사!",
    "date": "08.05.23",
    "rating": "10",
    "author": "j2da****",
    "review_id": "2657372",
    "movie_id": "31306"
  },
  {
    "review": "숀펜이 감독이었군요. 그럭저럭 볼만합니다.",
    "date": "08.05.01",
    "rating": "7",
    "author": "mind****",
    "review_id": "2608729",
    "movie_id": "31306"
  },
  {
    "review": "숀펜의 색다른 발견.",
    "date": "08.03.24",
    "rating": "7",
    "author": "evil****",
    "review_id": "2539322",
    "movie_id": "31306"
  },
  {
    "review": "지루하다는 느낌이나 전혀 그렇지 않다 잭니콜슨...굳...",
    "date": "07.09.22",
    "rating": "9",
    "author": "jodi****",
    "review_id": "2036906",
    "movie_id": "31306"
  },
  {
    "review": "저런..",
    "date": "07.08.30",
    "rating": "7",
    "author": "cont****",
    "review_id": "1990552",
    "movie_id": "31306"
  },
  {
    "review": "뭐랄까~ 한 남자의 광기와 함께 딜레마적 요소도 함께 느낄 수 있었다.",
    "date": "07.02.27",
    "rating": "10",
    "author": "lhcg****",
    "review_id": "1506769",
    "movie_id": "31306"
  },
  {
    "review": "범인을 잡겠다는 맹세, 마지막 사건에 대한 집착",
    "date": "07.01.31",
    "rating": "8",
    "author": "cksn****",
    "review_id": "1430819",
    "movie_id": "31306"
  },
  {
    "review": "썩내키지 않는 스토리",
    "date": "07.01.25",
    "rating": "7",
    "author": "zeed****",
    "review_id": "1413798",
    "movie_id": "31306"
  },
  {
    "review": "범인 마지막에 사고나서 죽은건가? 형사 불쌍해..ㅜㅜ",
    "date": "07.01.21",
    "rating": "10",
    "author": "vkqu****",
    "review_id": "1402406",
    "movie_id": "31306"
  },
  {
    "review": "퇴직경찰관의 끈질긴 진념을 다룬 잔잔한 드라마 ~",
    "date": "06.10.26",
    "rating": "8",
    "author": "hye5****",
    "review_id": "1200352",
    "movie_id": "31306"
  },
  {
    "review": "졸작이다...특히 엔딩 참 맘에 안든다..뭐그리끝나나..",
    "date": "06.10.05",
    "rating": "2",
    "author": "epsl****",
    "review_id": "1162637",
    "movie_id": "31306"
  },
  {
    "review": "쒸 = _= 죨라지루해 ;;",
    "date": "06.08.30",
    "rating": "1",
    "author": "kotm****",
    "review_id": "1090938",
    "movie_id": "31306"
  },
  {
    "review": "퇴직형사의 광기(?)... 과연 정의는 구현된 것인가....",
    "date": "06.04.29",
    "rating": "8",
    "author": "sepe****",
    "review_id": "780110",
    "movie_id": "31306"
  },
  {
    "review": "무슨 말을 해야하나...",
    "date": "06.03.30",
    "rating": "7",
    "author": "scs0****",
    "review_id": "740777",
    "movie_id": "31306"
  },
  {
    "review": "울나라 '살인의 추억'이 더 나은듯.. 잭 니콜슨 연기는 여전.",
    "date": "06.03.14",
    "rating": "5",
    "author": "lshp****",
    "review_id": "716960",
    "movie_id": "31306"
  },
  {
    "review": "너무 스토리가 지루하고 느린진행이 답답하고, 별로...재미도..",
    "date": "06.03.10",
    "rating": "3",
    "author": "vlwn****",
    "review_id": "711445",
    "movie_id": "31306"
  },
  {
    "review": "한마디로 쪼끔 답답 허무..",
    "date": "06.02.24",
    "rating": "7",
    "author": "yh16****",
    "review_id": "690134",
    "movie_id": "31306"
  },
  {
    "review": "베네치오 델 토로 땜에 본건데..영화시작30분만에 죽다ㅠ_ㅠ",
    "date": "06.02.19",
    "rating": "9",
    "author": "ange****",
    "review_id": "679669",
    "movie_id": "31306"
  },
  {
    "review": "봐",
    "date": "06.01.09",
    "rating": "10",
    "author": "tyle****",
    "review_id": "574361",
    "movie_id": "31306"
  },
  {
    "review": "일단 봐라",
    "date": "05.12.31",
    "rating": "10",
    "author": "aaal****",
    "review_id": "544456",
    "movie_id": "31306"
  },
  {
    "review": "그냥 괞찮았다./",
    "date": "05.12.20",
    "rating": "7",
    "author": "cpdl****",
    "review_id": "517287",
    "movie_id": "31306"
  },
  {
    "review": "몰입도가 대단한 영화. 수명이 줄어드는 느낌이었습니다.",
    "date": "05.12.06",
    "rating": "10",
    "author": "qpdp****",
    "review_id": "496219",
    "movie_id": "31306"
  },
  {
    "review": "숀 펜이 연기. 출을 잘 하는 이유는 '인간'을 알기 때문이다.",
    "date": "05.11.20",
    "rating": "9",
    "author": "palm****",
    "review_id": "479416",
    "movie_id": "31306"
  },
  {
    "review": "에 이은 숀 펜과 잭 니콜슨의 훌륭한 \"조우\"",
    "date": "05.09.24",
    "rating": "7",
    "author": "movi****",
    "review_id": "420140",
    "movie_id": "31306"
  },
  {
    "review": "제대로 극찬받아야 할 작품 숀펜과 잭 니콜슨의 완벽한 만남",
    "date": "05.08.16",
    "rating": "7",
    "author": "okjo****",
    "review_id": "370332",
    "movie_id": "31306"
  },
  {
    "review": "숀펜... 실망이야..;",
    "date": "05.03.18",
    "rating": "3",
    "author": "bizj****",
    "review_id": "243142",
    "movie_id": "31306"
  },
  {
    "review": "긴박하고 가슴뛰는 스릴러를 원하신다면 보지마세요 ^^",
    "date": "05.03.14",
    "rating": "7",
    "author": "swee****",
    "review_id": "240746",
    "movie_id": "31306"
  },
  {
    "review": "숀펜은 감독으로서도 성공의 가능성이 보인다",
    "date": "05.03.02",
    "rating": "10",
    "author": "tkba****",
    "review_id": "233980",
    "movie_id": "31306"
  },
  {
    "review": "전부 고요하다....중간중간 총소리만 귀에들어오는...",
    "date": "05.02.04",
    "rating": "1",
    "author": "ohyo****",
    "review_id": "207732",
    "movie_id": "31306"
  },
  {
    "review": "늙어가면서 형사계를 은퇴하는 그 고독감은 아무나 알수가없다~",
    "date": "05.01.28",
    "rating": "7",
    "author": "aini****",
    "review_id": "198002",
    "movie_id": "31306"
  },
  {
    "review": "내용도 괜찮은편이다. 단 잭니콜슨 연기는 더욱좋은것같다.",
    "date": "05.01.24",
    "rating": "8",
    "author": "jjhm****",
    "review_id": "194483",
    "movie_id": "31306"
  },
  {
    "review": "일반스릴러완다름,깊이있는영화좋아하시는분강추",
    "date": "05.01.22",
    "rating": "8",
    "author": "imhw****",
    "review_id": "193010",
    "movie_id": "31306"
  },
  {
    "review": "배우들 모두 훌륭했지만 미키루크 때문에..8점..",
    "date": "05.01.19",
    "rating": "8",
    "author": "ahn1****",
    "review_id": "189810",
    "movie_id": "31306"
  },
  {
    "review": "상업성은 떨어질지 모르나 잘 만든 영화다",
    "date": "05.01.16",
    "rating": "8",
    "author": "pksp****",
    "review_id": "186988",
    "movie_id": "31306"
  },
  {
    "review": "잭이 나오긴 하지만, 참 생뚱맞은 영화라는 생각이..",
    "date": "04.12.31",
    "rating": "1",
    "author": "rhyt****",
    "review_id": "173771",
    "movie_id": "31306"
  },
  {
    "review": "좋을수도... 그렇지 않을수도...(단순 오락영화는 아님)",
    "date": "04.12.30",
    "rating": "5",
    "author": "rain****",
    "review_id": "173333",
    "movie_id": "31306"
  },
  {
    "review": "별 쌩뚱맞은 영화 다보겠네.초반엔 그럴듯하드만.그냥 주무세여.잼없음",
    "date": "04.12.30",
    "rating": "2",
    "author": "ddoo****",
    "review_id": "172876",
    "movie_id": "31306"
  },
  {
    "review": "강력한 여운이 남는다.",
    "date": "04.12.29",
    "rating": "10",
    "author": "ydw0****",
    "review_id": "172460",
    "movie_id": "31306"
  },
  {
    "review": "밍숭밍숭한 영화... 심심하면 보세요",
    "date": "04.12.27",
    "rating": "2",
    "author": "peac****",
    "review_id": "170773",
    "movie_id": "31306"
  },
  {
    "review": "약간 아햏햏한것도 있었지만도.. 배우들의 연기력에 일단 점수..",
    "date": "04.12.26",
    "rating": "8",
    "author": "fran****",
    "review_id": "169685",
    "movie_id": "31306"
  },
  {
    "review": "이정도면 괜찮았다. 숀펜의 연출력과 니콜슨의 연기.",
    "date": "04.12.25",
    "rating": "8",
    "author": "ziza****",
    "review_id": "169585",
    "movie_id": "31306"
  },
  {
    "review": "뭐지 진짜 재미없다는 =ㅅ= 진짜 최악의 영화.. 시간아까움",
    "date": "04.12.24",
    "rating": "1",
    "author": "love****",
    "review_id": "168021",
    "movie_id": "31306"
  },
  {
    "review": "최근 10년간 본 영화중에서 최악... 내 시간...에휴..",
    "date": "04.12.22",
    "rating": "1",
    "author": "mooj****",
    "review_id": "166980",
    "movie_id": "31306"
  },
  {
    "review": "인디언이 수감중일때의 사건의 범인은?? 올리버??",
    "date": "04.12.18",
    "rating": "8",
    "author": "dhki****",
    "review_id": "164746",
    "movie_id": "31306"
  },
  {
    "review": "약속을 끝까지 지키려는 형사..진실은..",
    "date": "04.12.16",
    "rating": "10",
    "author": "appl****",
    "review_id": "163705",
    "movie_id": "31306"
  },
  {
    "review": "그는 은퇴했다. 그만의 미해결 사건을 가지고...",
    "date": "04.12.14",
    "rating": "9",
    "author": "ndps****",
    "review_id": "162600",
    "movie_id": "31306"
  },
  {
    "review": "인생에있어서 정의로운것이 항상 밝혀지는 것은 아니다는것을 보여준다..",
    "date": "04.12.14",
    "rating": "9",
    "author": "kcm2****",
    "review_id": "162257",
    "movie_id": "31306"
  },
  {
    "review": "아주 잼있게 봤다... 모든 연기자의 연기 참 좋았다...",
    "date": "04.12.14",
    "rating": "9",
    "author": "1052****",
    "review_id": "162167",
    "movie_id": "31306"
  },
  {
    "review": "그저 그런............!",
    "date": "04.12.13",
    "rating": "7",
    "author": "arie****",
    "review_id": "161949",
    "movie_id": "31306"
  },
  {
    "review": "잔잔히 볼수 있는 영화 약간 허무",
    "date": "04.12.13",
    "rating": "7",
    "author": "sube****",
    "review_id": "161545",
    "movie_id": "31306"
  },
  {
    "review": "국내 영화정보사이트에 널린 줄거리때문에 재미반감 -_-+",
    "date": "04.12.11",
    "rating": "7",
    "author": "ljhh****",
    "review_id": "160558",
    "movie_id": "31306"
  },
  {
    "review": "마지막 반전을 위에 저렇게 써놓으면 어떻하냐 네이버야",
    "date": "04.12.10",
    "rating": "5",
    "author": "kdcp****",
    "review_id": "159818",
    "movie_id": "31306"
  },
  {
    "review": "별이 네개나 되서 봤는데 넘 재미없어여ㅡㅜ",
    "date": "04.12.10",
    "rating": "1",
    "author": "aou1****",
    "review_id": "159720",
    "movie_id": "31306"
  },
  {
    "review": "진짜 잔잔한스릴러물..재미있게봤음..ㅋㅋ",
    "date": "04.12.09",
    "rating": "9",
    "author": "muev****",
    "review_id": "159424",
    "movie_id": "31306"
  },
  {
    "review": "범인아 누구니 얼굴이 궁금해",
    "date": "04.12.08",
    "rating": "8",
    "author": "izzi****",
    "review_id": "158804",
    "movie_id": "31306"
  },
  {
    "review": "잔잔한 스릴러..ㅎㅎ..마지막이 조금 생뚱맞음",
    "date": "04.11.28",
    "rating": "8",
    "author": "kkry****",
    "review_id": "153226",
    "movie_id": "31306"
  },
  {
    "review": "조용하지만 긴장감넘치는 영화^^",
    "date": "04.09.27",
    "rating": "7",
    "author": "cute****",
    "review_id": "115459",
    "movie_id": "31306"
  },
  {
    "review": "숀팬과 잭니콜슨의 호흡.. ^^",
    "date": "04.04.11",
    "rating": "9",
    "author": "cris****",
    "review_id": "35986",
    "movie_id": "31306"
  }
]