[
  {
    "review": "박정철 미모는 만점.  여자 주인공 누군가요. 내가 본 최악의 발연기...ㄷㄷㄷㄷ",
    "date": "15.01.11",
    "rating": "4",
    "author": "lene****",
    "review_id": "9585814",
    "movie_id": "31318"
  },
  {
    "review": "한국영화중 최고!",
    "date": "13.09.19",
    "rating": "10",
    "author": "back****",
    "review_id": "7995914",
    "movie_id": "31318"
  },
  {
    "review": "슬프고 좋은 영화입니다.",
    "date": "13.06.24",
    "rating": "9",
    "author": "qqww****",
    "review_id": "7677570",
    "movie_id": "31318"
  },
  {
    "review": "최유정씨 좀 심했네요.. ^^ 근데 제목이 왜 잎새지? ;;",
    "date": "13.02.09",
    "rating": "3",
    "author": "tn99****",
    "review_id": "7245353",
    "movie_id": "31318"
  },
  {
    "review": "90년대 멜로 영화들 보다 영상미가 더 낙후된 듯한 느낌..",
    "date": "11.04.18",
    "rating": "4",
    "author": "full****",
    "review_id": "5380583",
    "movie_id": "31318"
  },
  {
    "review": "너무 늦게 제작된 신파.",
    "date": "11.04.13",
    "rating": "2",
    "author": "pria****",
    "review_id": "5370965",
    "movie_id": "31318"
  },
  {
    "review": "여주인공의 몰입안된듯한 감정과 대사처리. 보는나도 몰입하기 힘들었던 어설픈 영화!",
    "date": "11.04.12",
    "rating": "2",
    "author": "oran****",
    "review_id": "5370181",
    "movie_id": "31318"
  },
  {
    "review": "남자의 사랑이 정말 대단하다... 이런 사랑이 진짜 있을까..",
    "date": "11.04.12",
    "rating": "8",
    "author": "jj_1****",
    "review_id": "5369924",
    "movie_id": "31318"
  },
  {
    "review": "음악,시나리오는 괜찮았는데, 여주인공의 어설픈연기, 과연 톱스타가 출연했다면??",
    "date": "10.03.06",
    "rating": "6",
    "author": "21c8****",
    "review_id": "4337595",
    "movie_id": "31318"
  },
  {
    "review": "스토리가 뭐 이래!!! 짜증",
    "date": "09.04.13",
    "rating": "3",
    "author": "mirj****",
    "review_id": "3419253",
    "movie_id": "31318"
  },
  {
    "review": "더 오래된 영화들보다 왜 더 촌스러운 화면인 것이냐? 내용도 그닥",
    "date": "09.03.09",
    "rating": "2",
    "author": "egyp****",
    "review_id": "3356485",
    "movie_id": "31318"
  },
  {
    "review": "아나... 이런 잎새야~!!!!!",
    "date": "09.03.07",
    "rating": "1",
    "author": "bibl****",
    "review_id": "3351874",
    "movie_id": "31318"
  },
  {
    "review": "↓ 탤랜트가 영화 찍으니 망할수 밖에  없죠..",
    "date": "07.12.29",
    "rating": "5",
    "author": "wh32****",
    "review_id": "2277666",
    "movie_id": "31318"
  },
  {
    "review": "왜이리 망한거지? 관객수 510명이라는데 =_=;",
    "date": "06.03.19",
    "rating": "1",
    "author": "natu****",
    "review_id": "723014",
    "movie_id": "31318"
  },
  {
    "review": "감동적이었어요.",
    "date": "05.11.29",
    "rating": "10",
    "author": "5919****",
    "review_id": "488660",
    "movie_id": "31318"
  },
  {
    "review": "이거 대따 재밌어요^^ ㅋㅋㅋ 잎새야 사랑해 ㅋ",
    "date": "05.07.17",
    "rating": "10",
    "author": "sepy****",
    "review_id": "325412",
    "movie_id": "31318"
  },
  {
    "review": "평점이 너무 높게 책정되서 발란스 맞춰야겠군",
    "date": "05.07.04",
    "rating": "1",
    "author": "gkse****",
    "review_id": "312512",
    "movie_id": "31318"
  },
  {
    "review": "영화속에서 노래가 굉장히 좋았다..",
    "date": "04.03.08",
    "rating": "6",
    "author": "xxxx****",
    "review_id": "27815",
    "movie_id": "31318"
  }
]