[
  {
    "review": "고3 수능 끝나고 봤던... 유덕화 하면 생각나는 영화...그냥 멋졌다.",
    "date": "14.12.04",
    "rating": "10",
    "author": "jja1****",
    "review_id": "9444844",
    "movie_id": "31312"
  },
  {
    "review": "멋있군..",
    "date": "10.07.15",
    "rating": "10",
    "author": "maru****",
    "review_id": "4640764",
    "movie_id": "31312"
  },
  {
    "review": "마지막에젊은태국선수를이기고그후딸과행복하게살아가는모습을바랬는데",
    "date": "08.12.07",
    "rating": "8",
    "author": "yons****",
    "review_id": "3098584",
    "movie_id": "31312"
  },
  {
    "review": "휴먼 드라마가 줄 수 있는 최소한의 감동만 준 영화.",
    "date": "08.04.08",
    "rating": "7",
    "author": "stra****",
    "review_id": "2567702",
    "movie_id": "31312"
  },
  {
    "review": "나도 모르게 마지막엔 감동이~~",
    "date": "07.10.01",
    "rating": "10",
    "author": "lyt5****",
    "review_id": "2063716",
    "movie_id": "31312"
  },
  {
    "review": "1점준 인간들 뭐지?? 국내 3류조폭영화는 10점줄 인간들......",
    "date": "07.04.09",
    "rating": "9",
    "author": "vndn****",
    "review_id": "1580380",
    "movie_id": "31312"
  },
  {
    "review": "유덕화의 고독한 매력에 빠져보자",
    "date": "07.01.10",
    "rating": "3",
    "author": "ppp0****",
    "review_id": "1372457",
    "movie_id": "31312"
  },
  {
    "review": "순간순간의 감동을 자아낼줄 아는 영리한 작품",
    "date": "06.10.27",
    "rating": "6",
    "author": "okjo****",
    "review_id": "1202256",
    "movie_id": "31312"
  },
  {
    "review": "감동적이긴한데... 너무 뻔한스토리",
    "date": "06.10.25",
    "rating": "1",
    "author": "kjsk****",
    "review_id": "1198619",
    "movie_id": "31312"
  },
  {
    "review": "멋진 영화이다..토키와 다카코 역시 이쁘다 -_-;",
    "date": "06.07.25",
    "rating": "10",
    "author": "king****",
    "review_id": "921731",
    "movie_id": "31312"
  },
  {
    "review": "괜찮다... 유덕화연기잘한다",
    "date": "06.07.11",
    "rating": "10",
    "author": "eeek****",
    "review_id": "885144",
    "movie_id": "31312"
  },
  {
    "review": "성월동화에 이은 이인항감독의 눈물짜내는 영화!",
    "date": "06.05.07",
    "rating": "10",
    "author": "leeh****",
    "review_id": "790353",
    "movie_id": "31312"
  },
  {
    "review": "홍콩영화 스타일로 흔한소재. 눈물짜내는 남자이야기.. 지겹다",
    "date": "06.01.07",
    "rating": "1",
    "author": "wet5****",
    "review_id": "566808",
    "movie_id": "31312"
  },
  {
    "review": "멋지다.. 근데 왜 마지막에..",
    "date": "05.11.29",
    "rating": "10",
    "author": "heat****",
    "review_id": "488434",
    "movie_id": "31312"
  },
  {
    "review": "멋지고 감동적이긴 하나 살짝 아쉬운~ 유덕화 그는 멋지다!",
    "date": "05.10.28",
    "rating": "7",
    "author": "garc****",
    "review_id": "457553",
    "movie_id": "31312"
  },
  {
    "review": "유덕화의 연기력 인정..",
    "date": "05.10.18",
    "rating": "10",
    "author": "hure****",
    "review_id": "446943",
    "movie_id": "31312"
  },
  {
    "review": "'무식'하게 감동적인 영화",
    "date": "05.10.09",
    "rating": "9",
    "author": "mete****",
    "review_id": "437736",
    "movie_id": "31312"
  },
  {
    "review": "멋지다. 특히 마음에 드는 마지막부분.그리고 타카코의 매력.",
    "date": "05.03.14",
    "rating": "8",
    "author": "fren****",
    "review_id": "241159",
    "movie_id": "31312"
  },
  {
    "review": "아......... 또보고 싶은 영화..",
    "date": "04.07.21",
    "rating": "10",
    "author": "hwar****",
    "review_id": "74275",
    "movie_id": "31312"
  }
]