[
  {
    "review": "<대부> 시리즈의 그늘에서 벗어난 갱스터 가족 드라마",
    "date": "15.08.10",
    "rating": "8",
    "author": "syoc****",
    "review_id": "10212704",
    "movie_id": "31310"
  },
  {
    "review": "어두운 일을 하는 아버지와 선한 아들의 갈등을 다룬 뻔한 클리셰는 아쉬웠다. 하지만 배우들의 연기는 좋았다.",
    "date": "15.07.22",
    "rating": "6",
    "author": "inos****",
    "review_id": "10130112",
    "movie_id": "31310"
  },
  {
    "review": "띠로리 띠리리리리 굿잡",
    "date": "15.07.05",
    "rating": "8",
    "author": "kst1****",
    "review_id": "10071837",
    "movie_id": "31310"
  },
  {
    "review": "믿고 보는 톰 행크스, 주드로의 앳된 모습은 보너스",
    "date": "15.06.26",
    "rating": "10",
    "author": "lsh5****",
    "review_id": "10038070",
    "movie_id": "31310"
  },
  {
    "review": "아들을 위한 마지막 총성.",
    "date": "15.06.17",
    "rating": "7",
    "author": "acoy****",
    "review_id": "10005444",
    "movie_id": "31310"
  },
  {
    "review": "멋있는 아버지  톰행크스~ 주드로도 연기 좋았음! 미국 정통 느와르.",
    "date": "15.06.04",
    "rating": "8",
    "author": "rktn****",
    "review_id": "9973548",
    "movie_id": "31310"
  },
  {
    "review": "샘 멘데스. 한번쯤은 질릴 법도 한데 매번 당하고 만다.",
    "date": "15.04.11",
    "rating": "8",
    "author": "floo****",
    "review_id": "9841121",
    "movie_id": "31310"
  },
  {
    "review": "전체적인 분위기가 굉장히 고전적인것같다 내겐 그냥 볼만한 영화정도였던....",
    "date": "15.04.07",
    "rating": "8",
    "author": "ppon****",
    "review_id": "9832587",
    "movie_id": "31310"
  },
  {
    "review": "개봉한지 12년만에 이 영화를 찾아 보다니.. 샘 멘데스 고맙네. 오랜만에 보는 남자들 영화. 배경음악마저 참 끝내줍니다.",
    "date": "15.04.06",
    "rating": "10",
    "author": "kmb5****",
    "review_id": "9832291",
    "movie_id": "31310"
  },
  {
    "review": "어릴때 이영화를 보고 울었던기억에 오늘문득 이영화를 다시찾아보았다 명작느와르",
    "date": "15.03.07",
    "rating": "10",
    "author": "to09****",
    "review_id": "9762140",
    "movie_id": "31310"
  },
  {
    "review": "샘멘데스표 웰메이드 무비",
    "date": "15.02.11",
    "rating": "7",
    "author": "pang****",
    "review_id": "9686072",
    "movie_id": "31310"
  },
  {
    "review": "아무 사운드 없이 빗속에서 벌어지는 아름다운 총격신은 그 옛날 보았던 언터처블의 유모차 총격신만큼 인상적이였다..탐 행크스와 주드 로 그리고 아역의 연기도 두말할것 없고.  샘 멘데스의 영화는 꼭 봐야겠다고 생각하게 만든 영화",
    "date": "15.01.31",
    "rating": "9",
    "author": "wjwj****",
    "review_id": "9653302",
    "movie_id": "31310"
  },
  {
    "review": "몰입도, 고조되는 긴장감, 유머까지 빠지는게 없는 영화",
    "date": "15.01.16",
    "rating": "10",
    "author": "bcwh****",
    "review_id": "9602373",
    "movie_id": "31310"
  },
  {
    "review": "1930년대 배경이지만 지루할틈 없는 전개가 좋았다. 코너의 광기는 좀 이해안되는 면도 있지만 현실에서도 워낙 싸이코들은 많으니",
    "date": "14.12.31",
    "rating": "9",
    "author": "nice****",
    "review_id": "9542506",
    "movie_id": "31310"
  },
  {
    "review": "톰행크스, 쥬드로, 007, 그리고 폴뉴먼까지.... 추적추적 때론 주룩주룩 내리는 겨울비가 인상적",
    "date": "14.12.16",
    "rating": "8",
    "author": "wjsr****",
    "review_id": "9478905",
    "movie_id": "31310"
  },
  {
    "review": "느와르 작품인데 생각보다 냉철함과 차가운면은 없이 따듯한 느낌이 들었음. 기대했던 전개는 아니었지만 역시 유명할만한영화였다.",
    "date": "14.12.05",
    "rating": "9",
    "author": "kbsk****",
    "review_id": "9449890",
    "movie_id": "31310"
  },
  {
    "review": "정말 아버지의 존재를 꺠우치는 영화다 ,,요즘은 영화제작사가 돈벌려고 킬링타임영화만 만들어서 아쉽다",
    "date": "14.12.02",
    "rating": "10",
    "author": "han4****",
    "review_id": "9440086",
    "movie_id": "31310"
  },
  {
    "review": "정말 재밌는 느와르 영화다",
    "date": "14.11.18",
    "rating": "10",
    "author": "cdra****",
    "review_id": "9398295",
    "movie_id": "31310"
  },
  {
    "review": "총알한발한발쏠때마다 내가슴이 울리더라",
    "date": "14.11.15",
    "rating": "10",
    "author": "song****",
    "review_id": "9387002",
    "movie_id": "31310"
  },
  {
    "review": "명배우에 멋진 영상~ 허나 엉성한 이야기에 너무 고평가 된 영화. 하긴 진짜 질 떨어져도 평점 높은것도 많으니 양호한건가?",
    "date": "14.11.11",
    "rating": "6",
    "author": "moon****",
    "review_id": "9370514",
    "movie_id": "31310"
  },
  {
    "review": "재미있게본것같긴 하나  긴장감  몰입감이 많이 떨어진다  결말도 다 예측했다~~",
    "date": "14.10.11",
    "rating": "6",
    "author": "slam****",
    "review_id": "9285648",
    "movie_id": "31310"
  },
  {
    "review": "영화관에서 무슨무슨파이어(?)  이름도 잘 기억 안나는 영화, 보다가  너무 재미없어서 몰래 다른 영화관으로 숨어 들어갔다. 우연히 보게된 영화... 1/3 시점 부터 봤는데  지렸다.",
    "date": "14.10.08",
    "rating": "10",
    "author": "zooc****",
    "review_id": "9275345",
    "movie_id": "31310"
  },
  {
    "review": "좋은 영화긴하나 밋밋하면서 느릿느릿한 영화. 총 맞는 씬은 하나같이 어설프다..조금 억지도 있는게 아쉽다.",
    "date": "14.10.08",
    "rating": "4",
    "author": "kaga****",
    "review_id": "9274974",
    "movie_id": "31310"
  },
  {
    "review": "마치 한편의 대 서사시를 본 듯 하다.",
    "date": "14.09.13",
    "rating": "8",
    "author": "penn****",
    "review_id": "9210971",
    "movie_id": "31310"
  },
  {
    "review": "총알 한발 한발이 가슴에 아려진다. 느와르 영화의 진수를 보여준 영화.",
    "date": "14.09.05",
    "rating": "10",
    "author": "bora****",
    "review_id": "9170728",
    "movie_id": "31310"
  },
  {
    "review": "설리번 가족들을 죽이는 과정이 억지스럽다",
    "date": "14.07.21",
    "rating": "1",
    "author": "yang****",
    "review_id": "8938471",
    "movie_id": "31310"
  },
  {
    "review": "톰행크스 때문에 의무감으로 찾아본 영화인데명성이나 평가가 야박하게 느껴질만큼 만족하며 본 영화다. 끝나고 여운이 쉽게 가시지않고, 명불허전 톰행크스... 톰행크스가 더욱 좋아졌다.",
    "date": "14.07.01",
    "rating": "10",
    "author": "de__****",
    "review_id": "8872845",
    "movie_id": "31310"
  },
  {
    "review": "명작입니다 추천드려요",
    "date": "14.06.08",
    "rating": "9",
    "author": "rhdn****",
    "review_id": "8811249",
    "movie_id": "31310"
  },
  {
    "review": "뻔하고 진부하고 단조로운 스토리.",
    "date": "14.06.04",
    "rating": "1",
    "author": "mara****",
    "review_id": "8792634",
    "movie_id": "31310"
  },
  {
    "review": "잼없음잼없음잼없음 내취향아님",
    "date": "14.05.18",
    "rating": "3",
    "author": "2328****",
    "review_id": "8744201",
    "movie_id": "31310"
  },
  {
    "review": "잔잔하니 무난한 영화였고 큰흐름이 있는 영화가 아니라서 그런걸 기대한다면 진부하게 느껴질듯.. 나름 그냥저냥 볼만했음",
    "date": "14.05.03",
    "rating": "6",
    "author": "ehwj****",
    "review_id": "8698667",
    "movie_id": "31310"
  },
  {
    "review": "명장면은 두개정도 있다. 근데 전체적으로 몰입하기 힘들게 하는 불편한점들 때문에 6점",
    "date": "14.05.02",
    "rating": "6",
    "author": "gjal****",
    "review_id": "8692873",
    "movie_id": "31310"
  },
  {
    "review": "주제가 뚜렷한 영화였다.",
    "date": "14.04.05",
    "rating": "7",
    "author": "seoc****",
    "review_id": "8630679",
    "movie_id": "31310"
  },
  {
    "review": "영화한편 잘봤다 . ㅇ ㅇ",
    "date": "14.03.30",
    "rating": "8",
    "author": "wlsa****",
    "review_id": "8617915",
    "movie_id": "31310"
  },
  {
    "review": "누아르에 격조를 더하다.",
    "date": "14.02.18",
    "rating": "10",
    "author": "dusk****",
    "review_id": "8518080",
    "movie_id": "31310"
  },
  {
    "review": "연출은 다른감독들이 배울게 많을 정도고. 시나리오도 잘짜여져 있으며. 느와르작품에. 부성애를 잘 다룬 작품. 작품의 메세지는 부성애에 있으니 잘 비교하며 보시길",
    "date": "14.02.16",
    "rating": "9",
    "author": "engl****",
    "review_id": "8513643",
    "movie_id": "31310"
  },
  {
    "review": "약간 지루한것은 어쩔 수 없었지만 배우들의 연기는 엄청났고 촬영은 말할 것도 없다 범죄영화가 아닌 감성드라마를 본 기분이다 왠지 먹먹해지기도 하고",
    "date": "14.02.16",
    "rating": "9",
    "author": "dltn****",
    "review_id": "8512051",
    "movie_id": "31310"
  },
  {
    "review": "거북도, 자라도 아닌것이 꼭 남생이 같다.",
    "date": "13.12.13",
    "rating": "6",
    "author": "masa****",
    "review_id": "8211840",
    "movie_id": "31310"
  },
  {
    "review": "7점. 그럭저럭 볼만했다.",
    "date": "13.12.08",
    "rating": "7",
    "author": "jjon****",
    "review_id": "8199281",
    "movie_id": "31310"
  },
  {
    "review": "시작부터 끝까지 이 밍숭맹숭한 느낌... 부자간의 관계에서 어떤 감동을 깊이 느낄 수도 없고... 캐릭터들의 개성도 죽어있는 것 같다.",
    "date": "13.10.27",
    "rating": "5",
    "author": "dpdj****",
    "review_id": "8095602",
    "movie_id": "31310"
  },
  {
    "review": "복수하는 과정이 너무 밋밋하다",
    "date": "13.07.23",
    "rating": "7",
    "author": "katy****",
    "review_id": "7777207",
    "movie_id": "31310"
  },
  {
    "review": "킬러의 부성. 좀 느릿느릿.",
    "date": "13.07.21",
    "rating": "4",
    "author": "cles****",
    "review_id": "7771698",
    "movie_id": "31310"
  },
  {
    "review": "샘맨데스는 진짜 드라마갑이다",
    "date": "13.07.20",
    "rating": "10",
    "author": "asd1****",
    "review_id": "7767443",
    "movie_id": "31310"
  },
  {
    "review": "느린만큼 장중한 전개",
    "date": "13.07.20",
    "rating": "7",
    "author": "fait****",
    "review_id": "7766843",
    "movie_id": "31310"
  },
  {
    "review": "이영화 본지 10년이 흘렀네... 이때만 해도 톰 행크스가 아주 잘나갔지..최고의 전성기였지...지금은 예전에 비해 인기가 많이 줄었지만..",
    "date": "13.07.17",
    "rating": "7",
    "author": "adiv****",
    "review_id": "7752499",
    "movie_id": "31310"
  },
  {
    "review": "최고.",
    "date": "13.07.14",
    "rating": "10",
    "author": "jang****",
    "review_id": "7738044",
    "movie_id": "31310"
  },
  {
    "review": "톰행크스 출연 영화 중 별로였던 영화",
    "date": "13.07.13",
    "rating": "6",
    "author": "magi****",
    "review_id": "7735330",
    "movie_id": "31310"
  },
  {
    "review": "미친존재감 주드로..",
    "date": "13.06.23",
    "rating": "8",
    "author": "ask3****",
    "review_id": "7672758",
    "movie_id": "31310"
  },
  {
    "review": "이름만으로 작품성을 보장하는 명배우 톰행크스. 차갑고 살갑게 느껴지진 않지만 가족에 대한 애정만은 부족함없는 우리네 아버지를 보는듯해 가슴이 짠하다",
    "date": "13.06.14",
    "rating": "8",
    "author": "shki****",
    "review_id": "7638858",
    "movie_id": "31310"
  },
  {
    "review": "비 오는 날 총격전 장면에서, 톰행커스가 연발총을 쏴대는 위기의 순간에, 비 안 맞으려고 우산 쓰고 총쏘는 장면은 코메디 영화같네. 결국 톰행커스 총에 죽을 놈들이...",
    "date": "13.06.10",
    "rating": "9",
    "author": "astt****",
    "review_id": "7625461",
    "movie_id": "31310"
  },
  {
    "review": "심리 스릴러란 이런게 아닐까...거장 폴 뉴먼, 신선하게도 교활했던 주드로, 묵직한 중량감이 영화 그 자체인 톰헹크스. 총탄 한발한발이 스크린밖에서도 실탄처럼 느껴지는 정석의 연출이 참 좋다.",
    "date": "13.05.26",
    "rating": "9",
    "author": "joye****",
    "review_id": "7555460",
    "movie_id": "31310"
  },
  {
    "review": "통속적이지만 미국적 느와르의 정석과 연출이 좋았다.",
    "date": "13.05.19",
    "rating": "9",
    "author": "kimw****",
    "review_id": "7541041",
    "movie_id": "31310"
  },
  {
    "review": "[아카데미]2003년75회 촬영1개부문수상작.느와르갱스터장르의톰행크스는처음봤지만역시나명연기를펼쳤다.느와르에아들과의관계를포함시켰다.약간은부족한듯하고결말이아쉽지만재밌게봤다.폴뉴먼,톰행크스,주드로에찌질이로나오는현제임스본드다니엘크레이그여러배우들을볼수있어좋았음",
    "date": "13.04.28",
    "rating": "9",
    "author": "new7****",
    "review_id": "7491878",
    "movie_id": "31310"
  },
  {
    "review": "클레식하고 묵직한 맛이있는 이런 영화가 자주 나왔으면",
    "date": "13.04.21",
    "rating": "8",
    "author": "dizi****",
    "review_id": "7473649",
    "movie_id": "31310"
  },
  {
    "review": "클레식한 컨셉을 가지고 있는 영화이며, 인물들은 묵직하고 우직하게 이야기를 이끌어 나간다. 촬영은 느와르영화중에 독보적으로 다가왔었으며, 기술적으로 완성도도 높다. 한가지 아쉬웠던점은 극중 엄마의 케릭터다. 조금더 선명한 입장을 더 취했으면 어떻했을지",
    "date": "13.04.18",
    "rating": "9",
    "author": "silv****",
    "review_id": "7466203",
    "movie_id": "31310"
  },
  {
    "review": "그냥 볼만해요",
    "date": "13.04.17",
    "rating": "8",
    "author": "chae****",
    "review_id": "7465463",
    "movie_id": "31310"
  },
  {
    "review": "예측가능한 스토리지만 참신하게도 살려냈다 나쁘지는않지만 재미있지는 않은 올드한 영화.. 흠집이나고 총알모형이 실제로 들어가있는 권총이라던지 그당시 시대의 소품과 배경연출에서 오래된 프로 감독의 섬세함에 놀랐다. 노장 홀 콘라드 L의 마지막작품",
    "date": "13.04.09",
    "rating": "5",
    "author": "anti****",
    "review_id": "7445287",
    "movie_id": "31310"
  },
  {
    "review": "잘 빠진 영화.",
    "date": "13.03.20",
    "rating": "9",
    "author": "dlwo****",
    "review_id": "7372298",
    "movie_id": "31310"
  },
  {
    "review": "주드로..... 짝짝짝....",
    "date": "13.02.16",
    "rating": "8",
    "author": "kdju****",
    "review_id": "7269739",
    "movie_id": "31310"
  },
  {
    "review": "초반의 흥미가 줄곧 유지되는군",
    "date": "13.02.15",
    "rating": "7",
    "author": "guev****",
    "review_id": "7266863",
    "movie_id": "31310"
  },
  {
    "review": "이야기가 예상가능한 편이나, 전개되는 과정은 흥미로운 편",
    "date": "13.02.03",
    "rating": "7",
    "author": "issu****",
    "review_id": "7219714",
    "movie_id": "31310"
  },
  {
    "review": "주드 로 보니까 꼭 달콤한인생에 나온 에릭 같더라. 그냥... 그렇다고.",
    "date": "13.01.23",
    "rating": "8",
    "author": "irke****",
    "review_id": "7161413",
    "movie_id": "31310"
  },
  {
    "review": "처음엔 뭐 또 이런걸 골랐나 했는데 ,,참고 보니까 재밌다.",
    "date": "13.01.03",
    "rating": "7",
    "author": "dxko****",
    "review_id": "7079356",
    "movie_id": "31310"
  },
  {
    "review": "주연보단 조연진이 화려해서 봤는데 나름 좋은 영화특히 폴 뉴먼..",
    "date": "12.12.22",
    "rating": "9",
    "author": "figh****",
    "review_id": "7029237",
    "movie_id": "31310"
  },
  {
    "review": "영화 분위기가 좋음 재밌었다",
    "date": "12.11.28",
    "rating": "7",
    "author": "hyyu****",
    "review_id": "6933722",
    "movie_id": "31310"
  },
  {
    "review": "아들에게 운전대를 맡기고, 자신의 손에 피를 묻힐 수 밖에 없는 아버지. 죽을 죄를 지은 아들을 감쌀 수 밖에 없는 아버지. 아버지와 아들의 관계에 대한 모든 것을 보여주는 영화였슴돠",
    "date": "12.11.17",
    "rating": "9",
    "author": "elim****",
    "review_id": "6898354",
    "movie_id": "31310"
  },
  {
    "review": "보는 내내 보드워크 엠파이어가 생각났음.",
    "date": "12.10.31",
    "rating": "7",
    "author": "thdm****",
    "review_id": "6837570",
    "movie_id": "31310"
  },
  {
    "review": "느리고 묵직하게...",
    "date": "12.10.27",
    "rating": "7",
    "author": "cube****",
    "review_id": "6830055",
    "movie_id": "31310"
  },
  {
    "review": "느와르는 첨이였는데.. 정말 감동적이였습니다",
    "date": "12.09.30",
    "rating": "10",
    "author": "tsuk****",
    "review_id": "6746409",
    "movie_id": "31310"
  },
  {
    "review": "예측할수있던 결말이었지만 설리반이 총에맞는 장면은 최고였다",
    "date": "12.09.18",
    "rating": "9",
    "author": "mesy****",
    "review_id": "6711471",
    "movie_id": "31310"
  },
  {
    "review": "고난을 딛고 알아낸 부자간의 사랑, 정말 감동적이었다. 연기도 내용도 모두 10점이다!",
    "date": "12.08.21",
    "rating": "10",
    "author": "kpp1****",
    "review_id": "6633197",
    "movie_id": "31310"
  },
  {
    "review": "좋아요... 톰행크스는 역시나...^^",
    "date": "12.08.01",
    "rating": "8",
    "author": "youn****",
    "review_id": "6561807",
    "movie_id": "31310"
  },
  {
    "review": "졸았음. 스릴러 절대 아님.",
    "date": "12.07.31",
    "rating": "3",
    "author": "kaas****",
    "review_id": "6557130",
    "movie_id": "31310"
  },
  {
    "review": "10년전과 지금의 영활 보는 내 눈이 변한것인가?? 하지만 이 영환 부족하다..",
    "date": "12.07.25",
    "rating": "6",
    "author": "roka****",
    "review_id": "6526527",
    "movie_id": "31310"
  },
  {
    "review": "뻔한 스토리에 뻔한 결말이라 그런지....특별히 기억에 남는 건 없다.",
    "date": "12.07.22",
    "rating": "7",
    "author": "lmj2****",
    "review_id": "6515177",
    "movie_id": "31310"
  },
  {
    "review": "잔잔한 여운이 남는 드라마",
    "date": "12.07.16",
    "rating": "8",
    "author": "kjsg****",
    "review_id": "6484716",
    "movie_id": "31310"
  },
  {
    "review": "갱스터 영화에 부자간의 사랑을 접목시킨건 좋은데 내용이 무척 잔잔하네요...",
    "date": "12.07.05",
    "rating": "7",
    "author": "dkwl****",
    "review_id": "6447975",
    "movie_id": "31310"
  },
  {
    "review": "좋다, 아주 재밌지는 않다.",
    "date": "12.05.30",
    "rating": "6",
    "author": "yk91****",
    "review_id": "6347416",
    "movie_id": "31310"
  },
  {
    "review": "가슴짠하네요",
    "date": "12.05.28",
    "rating": "10",
    "author": "wwii****",
    "review_id": "6341287",
    "movie_id": "31310"
  },
  {
    "review": "단조롭지만 잔잔하고 여운이 남는다",
    "date": "12.05.27",
    "rating": "7",
    "author": "dudd****",
    "review_id": "6337368",
    "movie_id": "31310"
  },
  {
    "review": "오히려 잔잔해서 더 가슴이 먹먹했던 영화 아직도 마이클이 마지막에 한말이 기억난다",
    "date": "12.05.16",
    "rating": "10",
    "author": "bsh6****",
    "review_id": "6302074",
    "movie_id": "31310"
  },
  {
    "review": "이런게 진짜 느와르 인듯..... 어렸을때 봤는데 아직도 잊혀지지 않는 그런 영호",
    "date": "12.05.14",
    "rating": "9",
    "author": "gree****",
    "review_id": "6299582",
    "movie_id": "31310"
  },
  {
    "review": "느와르, 로드, 가족...이 모든 부분을 만족시킨 최고의 영화.",
    "date": "12.05.12",
    "rating": "10",
    "author": "haha****",
    "review_id": "6291453",
    "movie_id": "31310"
  },
  {
    "review": "너무 잔잔하다",
    "date": "12.04.27",
    "rating": "5",
    "author": "suri****",
    "review_id": "6250982",
    "movie_id": "31310"
  },
  {
    "review": "느낌이 별로 없는 영화. 주드로가 아쉽다.",
    "date": "12.04.21",
    "rating": "7",
    "author": "fbru****",
    "review_id": "6235859",
    "movie_id": "31310"
  },
  {
    "review": "마피아 영화라는 껍데기를 씌우더라도 최고의 영화가 아닐까?",
    "date": "12.04.09",
    "rating": "10",
    "author": "psal****",
    "review_id": "6205457",
    "movie_id": "31310"
  },
  {
    "review": "너무 진지하다.",
    "date": "12.03.30",
    "rating": "6",
    "author": "marc****",
    "review_id": "6180406",
    "movie_id": "31310"
  },
  {
    "review": "좋다.. 톰 행크스..",
    "date": "12.03.29",
    "rating": "8",
    "author": "meta****",
    "review_id": "6176178",
    "movie_id": "31310"
  },
  {
    "review": "샘 멘데스 영화개인적으로 너무 좋아합니다.",
    "date": "12.03.21",
    "rating": "10",
    "author": "lllx****",
    "review_id": "6157668",
    "movie_id": "31310"
  },
  {
    "review": "샘 멘데스는 분명히 과대포장되었음.",
    "date": "12.03.19",
    "rating": "5",
    "author": "marx****",
    "review_id": "6154173",
    "movie_id": "31310"
  },
  {
    "review": "7점 이하가 적당..비정한 마피아물과 가족애를 버무리려 하였으나 별 감흥이 없다.",
    "date": "12.03.18",
    "rating": "1",
    "author": "flux****",
    "review_id": "6153420",
    "movie_id": "31310"
  },
  {
    "review": "마피아와 가족의 이야기를 적절히 섞어낸 좋은 영화네요. 주드로는 역할이 좀 어색",
    "date": "12.03.15",
    "rating": "8",
    "author": "solh****",
    "review_id": "6145740",
    "movie_id": "31310"
  },
  {
    "review": "아빠~~~~",
    "date": "12.02.29",
    "rating": "9",
    "author": "sygo****",
    "review_id": "6111459",
    "movie_id": "31310"
  },
  {
    "review": "Conrad Hall의 역량이 빛을 발한다. 로우키의 진수, 필터는 거들뿐.",
    "date": "12.02.24",
    "rating": "9",
    "author": "jdso****",
    "review_id": "6101471",
    "movie_id": "31310"
  },
  {
    "review": "3류보다 못한영화",
    "date": "12.02.23",
    "rating": "1",
    "author": "i3ju****",
    "review_id": "6098204",
    "movie_id": "31310"
  },
  {
    "review": "단순하지만 분명한, 옳음을 넘어서는 메시지.자식앞에서 떳떳한 아버지가  몇이나될까",
    "date": "12.02.07",
    "rating": "9",
    "author": "kant****",
    "review_id": "6058973",
    "movie_id": "31310"
  },
  {
    "review": "평타",
    "date": "12.01.31",
    "rating": "5",
    "author": "woos****",
    "review_id": "6040254",
    "movie_id": "31310"
  },
  {
    "review": "재밌고 영상도 좋다.",
    "date": "12.01.28",
    "rating": "9",
    "author": "powe****",
    "review_id": "6028524",
    "movie_id": "31310"
  },
  {
    "review": "재밌네...",
    "date": "12.01.13",
    "rating": "8",
    "author": "dbzh****",
    "review_id": "5983485",
    "movie_id": "31310"
  },
  {
    "review": "한가족의 가장과 마피아 사이",
    "date": "12.01.12",
    "rating": "9",
    "author": "foff****",
    "review_id": "5979601",
    "movie_id": "31310"
  }
]