[
  {
    "review": "세상을 집어삼키는 악惡을 둘러싼 집요한 교차점",
    "date": "15.07.27",
    "rating": "8",
    "author": "syoc****",
    "review_id": "10151419",
    "movie_id": "31345"
  },
  {
    "review": "두갈래로 벌려둔 이야기가 연계되지 못하면서 시너지효과를 얻어내지 못했다. 극전반에서 디테일한 부분까지 취사선택이 되지 못한 에피소드들로 인해, 쓸데없이 늘어지고 길기까지한 대사들이 곳곳에서 인내심을 자극하며 완성도를 급격히 떨어트리고 있다.",
    "date": "15.03.18",
    "rating": "6",
    "author": "ewql****",
    "review_id": "9791262",
    "movie_id": "31345"
  },
  {
    "review": "10점이 아깝지 않은 진짜 볼만한영화다",
    "date": "15.02.21",
    "rating": "10",
    "author": "hosi****",
    "review_id": "9725376",
    "movie_id": "31345"
  },
  {
    "review": "치밀한 구성, 터질듯한 긴장감",
    "date": "14.12.14",
    "rating": "9",
    "author": "azga****",
    "review_id": "9473556",
    "movie_id": "31345"
  },
  {
    "review": "미국과 멕시코 사이의 마약 문제. 위험부담이 크지만 소자본으로 일확천금을 만들 수 있는 마약 사업의 공급자와 수요자 그리고 단속하는 사람들과 그 주위 사람들을 복합적으로 보여줌. 하지만 147분이라는 긴 런닝타임과 지루함. 캐스팅이 화려한 들.",
    "date": "14.07.07",
    "rating": "1",
    "author": "jjaj****",
    "review_id": "8892611",
    "movie_id": "31345"
  },
  {
    "review": "긴장김이 있음 마치 내가 스토리속에 있는듯",
    "date": "14.06.20",
    "rating": "9",
    "author": "snzi****",
    "review_id": "8843167",
    "movie_id": "31345"
  },
  {
    "review": "realistic, slow and steady movie",
    "date": "14.05.07",
    "rating": "9",
    "author": "lays****",
    "review_id": "8714689",
    "movie_id": "31345"
  },
  {
    "review": "다큐멘터리를 영화로 만든다면 이런 느낌일까.. 이런 영화 좋아함",
    "date": "14.03.16",
    "rating": "9",
    "author": "star****",
    "review_id": "8580247",
    "movie_id": "31345"
  },
  {
    "review": "마약이라는것때문에 일어나는 많은 문제들을복합적으로 잘표현했다사실적으로 표현하면서 지루할수도있는데몰입도가 대단하고 마약에 대한 현실적이고 다양한문제를 잘 표현한 수작이다 마약에대한 현실정책의 실패를 사실적으로표현하면서도 희망의끈은 놓지않는..",
    "date": "14.03.05",
    "rating": "9",
    "author": "apgo****",
    "review_id": "8556897",
    "movie_id": "31345"
  },
  {
    "review": "마약이란 공통된주제에 3개의 다른이야기를 토막내서 붙여넣어서 혼란을 가중시키고 연관도 없고 그렇다고 스토리도 흥미를 주는 내용도 아님.",
    "date": "14.02.09",
    "rating": "5",
    "author": "do11****",
    "review_id": "8494141",
    "movie_id": "31345"
  },
  {
    "review": "브레이킹 배드를 봐서 그런가 . . . 그닥 감흥은 없넹 ~ 영화 자체는 괜춘~",
    "date": "14.01.10",
    "rating": "8",
    "author": "tekk****",
    "review_id": "8365255",
    "movie_id": "31345"
  },
  {
    "review": "잔잔한 감동을 주는 엔딩이 좋았다. 하지만 영화는 너무 길고 지루하다.",
    "date": "13.12.28",
    "rating": "6",
    "author": "sipj****",
    "review_id": "8315843",
    "movie_id": "31345"
  },
  {
    "review": "등장 인물이 많아서 헷갈리고, 전개가 지루했다. 2시간이 넘는 시간 동안  '그래서 뭐?'라는 생각만 들었다.",
    "date": "13.12.28",
    "rating": "4",
    "author": "kike****",
    "review_id": "8313889",
    "movie_id": "31345"
  },
  {
    "review": "다큐멘타리같은 전개지만 스릴넘치는 사실주의적 영화",
    "date": "13.12.22",
    "rating": "9",
    "author": "nana****",
    "review_id": "8269925",
    "movie_id": "31345"
  },
  {
    "review": "멀쩡한 애도 호기심으로 했던 약으로 맛탱이가 영 가버린 약의 무서움., 보고있자니 결코 종식 되지 않을 것 같은 마약상들과 결코 물러나지 않는 정부기관의 끝없는 전쟁은 앞으로도 계속 될 것 같다. 비교적 우리나란 총기와 마약에서 자유로운 것 같아 다행",
    "date": "13.12.02",
    "rating": "9",
    "author": "0411****",
    "review_id": "8185884",
    "movie_id": "31345"
  },
  {
    "review": "이런 최고의 영화를 이제서야 보다니",
    "date": "13.11.17",
    "rating": "10",
    "author": "lsh5****",
    "review_id": "8148163",
    "movie_id": "31345"
  },
  {
    "review": "소더버그는 언제 이때처럼 영활 다시 만들지 ㅠㅠ 재미있는 사람도 있으면 없는 사람도 있는거지 네이버 평점 내리자고 평점 낮추는 X들은 생각이 있는건지.. 세상이 다 자기 중심으로 돌아가야 되나? 자신이 무조건 옳다고 생각하는 멍청이들 ㅋㅋ",
    "date": "13.07.11",
    "rating": "9",
    "author": "s2uo****",
    "review_id": "7724854",
    "movie_id": "31345"
  },
  {
    "review": "다큐라면 좋은 평점을 주겠지만, 영화로서는 너무 지루하다. 5점 정도 주고 싶지만 생각보다 높은 점수를 내리고 싶은 마음에..",
    "date": "13.05.11",
    "rating": "1",
    "author": "idoe****",
    "review_id": "7522231",
    "movie_id": "31345"
  },
  {
    "review": "긴 러닝타임에 비해 두 세가지 사건들을 잘 풀어나가면서 몰입감있게 잘 표현한 영화. 결말이 좀 흐지부지 하지만 감독의 메세지를 엿 볼 수 있다.",
    "date": "13.03.24",
    "rating": "8",
    "author": "vm4e****",
    "review_id": "7403580",
    "movie_id": "31345"
  },
  {
    "review": "이렇게 지루하고 오래하는 영화를 종편이 전파낭비하며 틀어주는 게 마약보다 더 정신건강에 해로운 거다",
    "date": "12.09.24",
    "rating": "4",
    "author": "fate****",
    "review_id": "6729292",
    "movie_id": "31345"
  },
  {
    "review": "사회정치가정교육의 다방면에서 생각을 다시 하게 되는 영화",
    "date": "12.09.13",
    "rating": "10",
    "author": "grac****",
    "review_id": "6692348",
    "movie_id": "31345"
  },
  {
    "review": "초반의 흥미를끝까지 유지하는군",
    "date": "12.07.14",
    "rating": "8",
    "author": "guev****",
    "review_id": "6477295",
    "movie_id": "31345"
  },
  {
    "review": "색감의 대비는 인상적이었으나 큰 잔상은 없는 것 같다.",
    "date": "12.07.13",
    "rating": "7",
    "author": "kusa****",
    "review_id": "6476407",
    "movie_id": "31345"
  },
  {
    "review": "좀 지루한 면도 있음 런닝타임 확인 / 액션 영화 아님 참고 / 2000년작치고 잘만듬",
    "date": "12.04.19",
    "rating": "7",
    "author": "sekk****",
    "review_id": "6232539",
    "movie_id": "31345"
  },
  {
    "review": "안본 사람 꼭 봐라 후회 없다.",
    "date": "12.04.17",
    "rating": "10",
    "author": "nuri****",
    "review_id": "6229227",
    "movie_id": "31345"
  },
  {
    "review": "마약으로 치면 레퀴엠과 스펀. 인종과 계급의 드라마는 크래쉬를 봐라. 정말 지루함",
    "date": "12.03.20",
    "rating": "1",
    "author": "dudo****",
    "review_id": "6156706",
    "movie_id": "31345"
  },
  {
    "review": "스티븐 소더버그의 재기에 불을 지핀 작품. 놀라운 상징과 숨은 기교들.",
    "date": "12.03.12",
    "rating": "7",
    "author": "stit****",
    "review_id": "6139269",
    "movie_id": "31345"
  },
  {
    "review": "마약을 소재로 미국사회의 병폐를 지적한 수작이다.",
    "date": "12.02.12",
    "rating": "8",
    "author": "mank****",
    "review_id": "6069761",
    "movie_id": "31345"
  },
  {
    "review": "사람들은 싸운다. 어떤 목적을 위해서든 실패해도, 또 싸우고 지치고 행복해한다.",
    "date": "12.01.10",
    "rating": "9",
    "author": "jys4****",
    "review_id": "5976150",
    "movie_id": "31345"
  },
  {
    "review": "무겁고 진지하게 마약유통과 심각성을 적나라하게 표현한영화...",
    "date": "12.01.05",
    "rating": "10",
    "author": "naru****",
    "review_id": "5963441",
    "movie_id": "31345"
  },
  {
    "review": "구원은 법과 제도가 아닌 사랑과 보살핌에서부터 시작된다.",
    "date": "11.12.20",
    "rating": "10",
    "author": "grea****",
    "review_id": "5916793",
    "movie_id": "31345"
  },
  {
    "review": "색감도 한 몫 한다. 엄지를 쳐들수밖에 없구나.",
    "date": "11.12.14",
    "rating": "10",
    "author": "gagb****",
    "review_id": "5905006",
    "movie_id": "31345"
  },
  {
    "review": "난해하고 어둡긴 해도 정말 인상적이었음. 매그놀리아 같은 느낌?",
    "date": "11.12.04",
    "rating": "10",
    "author": "nkot****",
    "review_id": "5886317",
    "movie_id": "31345"
  },
  {
    "review": "마약문제를 이토록 리얼하게 그린 영화도 없다. 긴장감도 넘치고.. 작품성도 좋음.",
    "date": "11.11.26",
    "rating": "10",
    "author": "pola****",
    "review_id": "5870800",
    "movie_id": "31345"
  },
  {
    "review": "이렇게 상을 많이 받은 이유를 모르겠네.. 베니치오 델 토로의 수상만 이해가 간다..",
    "date": "11.10.19",
    "rating": "6",
    "author": "wlfa****",
    "review_id": "5797473",
    "movie_id": "31345"
  },
  {
    "review": "나서봐야 바뀌는건 없으니 네 앞가림이나 신경쓰시라. 가히 무자비한 절망이다.",
    "date": "11.07.30",
    "rating": "3",
    "author": "tori****",
    "review_id": "5584376",
    "movie_id": "31345"
  },
  {
    "review": "traffic? terrific!",
    "date": "11.05.06",
    "rating": "10",
    "author": "ndga****",
    "review_id": "5409398",
    "movie_id": "31345"
  },
  {
    "review": "미국사회의 심각한 마약문제를 심도있게 보여준 영화",
    "date": "11.04.18",
    "rating": "7",
    "author": "sunn****",
    "review_id": "5381087",
    "movie_id": "31345"
  },
  {
    "review": "불법 도청을 하는 경찰은 사악하다.",
    "date": "11.03.10",
    "rating": "6",
    "author": "caca****",
    "review_id": "5302727",
    "movie_id": "31345"
  },
  {
    "review": "잘만들었지만 집중하기는 좀..",
    "date": "10.12.25",
    "rating": "7",
    "author": "mais****",
    "review_id": "5082846",
    "movie_id": "31345"
  },
  {
    "review": "베니치오 델 토로! 그 뿐인 영화",
    "date": "10.07.31",
    "rating": "6",
    "author": "lead****",
    "review_id": "4691063",
    "movie_id": "31345"
  },
  {
    "review": "재미로 볼 영화는 아니지만 많은 생각을 하게 하는 영화",
    "date": "10.04.29",
    "rating": "7",
    "author": "ses5****",
    "review_id": "4463351",
    "movie_id": "31345"
  },
  {
    "review": "삼색의 영상속에 끊임없는 연쇄적인 소통. 무서운 배우 베네치오 델 토로.",
    "date": "10.04.25",
    "rating": "9",
    "author": "yaky****",
    "review_id": "4454704",
    "movie_id": "31345"
  },
  {
    "review": "베네치오 델 토로 !와우!",
    "date": "10.02.23",
    "rating": "10",
    "author": "masa****",
    "review_id": "4312629",
    "movie_id": "31345"
  },
  {
    "review": "우울한 영화...하지만 잘 만든 작품",
    "date": "10.02.22",
    "rating": "8",
    "author": "jjyn****",
    "review_id": "4308650",
    "movie_id": "31345"
  },
  {
    "review": "잘자",
    "date": "10.02.05",
    "rating": "4",
    "author": "kims****",
    "review_id": "4247061",
    "movie_id": "31345"
  },
  {
    "review": "잠자고 싶으면 봐라",
    "date": "09.11.28",
    "rating": "1",
    "author": "rhoh****",
    "review_id": "3997343",
    "movie_id": "31345"
  },
  {
    "review": "공간에 따라 영화 화질과 색감을 3종류로 다르게 했군... 진지한 영화.",
    "date": "09.11.08",
    "rating": "8",
    "author": "heod****",
    "review_id": "3944775",
    "movie_id": "31345"
  },
  {
    "review": "영환지 몰랐다",
    "date": "09.11.08",
    "rating": "9",
    "author": "1una****",
    "review_id": "3944475",
    "movie_id": "31345"
  },
  {
    "review": "Good!",
    "date": "09.08.08",
    "rating": "8",
    "author": "nost****",
    "review_id": "3722272",
    "movie_id": "31345"
  },
  {
    "review": "당신이 지성이라면 이런 영화를 봐야한다. 아니라면 당신은 티비광일 뿐이다.",
    "date": "09.07.19",
    "rating": "10",
    "author": "na00****",
    "review_id": "3645969",
    "movie_id": "31345"
  },
  {
    "review": "보는 이들을 영화 속으로 끌어 당기는 극적인 힘이 있는 영화",
    "date": "09.01.22",
    "rating": "9",
    "author": "lomo****",
    "review_id": "3238548",
    "movie_id": "31345"
  },
  {
    "review": "147분 중 117분이 지루햇다.. 평점에 속지마시길..",
    "date": "08.11.28",
    "rating": "1",
    "author": "xor8****",
    "review_id": "3077327",
    "movie_id": "31345"
  },
  {
    "review": "너무 길고 지루함. 액션이 전혀없음. 마약얘긴 솔직히 공감 안가고...ㅡ",
    "date": "08.11.23",
    "rating": "6",
    "author": "bbos****",
    "review_id": "3067654",
    "movie_id": "31345"
  },
  {
    "review": "델토로 인해 본 영화. 마약의 달콤함 뒤 고통과 아픔을 잘 그려냈고 가족애가 잘 버무",
    "date": "08.10.20",
    "rating": "10",
    "author": "naya****",
    "review_id": "3009545",
    "movie_id": "31345"
  },
  {
    "review": "작품성이 어쨌네, 배우들의 연기가 어쨌네 말은 않겠지만, 정말 지루하다.",
    "date": "08.09.18",
    "rating": "4",
    "author": "noxp****",
    "review_id": "2955500",
    "movie_id": "31345"
  },
  {
    "review": "그의 작품은 만족감 보다는 아쉬움이 항상 더 크게 느껴진다..",
    "date": "08.08.11",
    "rating": "7",
    "author": "skat****",
    "review_id": "2863052",
    "movie_id": "31345"
  },
  {
    "review": "주제가 무겁지만 좋은영화...",
    "date": "08.08.09",
    "rating": "10",
    "author": "jiyu****",
    "review_id": "2855437",
    "movie_id": "31345"
  },
  {
    "review": "영화 테이큰에서도 그렇고, 마약문제 정말 심각한가보다..",
    "date": "08.07.20",
    "rating": "7",
    "author": "smar****",
    "review_id": "2782484",
    "movie_id": "31345"
  },
  {
    "review": "좀 지루한게 흠이네요... 하지만 좋은 영화",
    "date": "08.07.06",
    "rating": "8",
    "author": "mitc****",
    "review_id": "2744403",
    "movie_id": "31345"
  },
  {
    "review": "말하고자 하는것이 있어요 그런데 지루하네요",
    "date": "08.06.27",
    "rating": "8",
    "author": "wkdl****",
    "review_id": "2723998",
    "movie_id": "31345"
  },
  {
    "review": "중간에 숙면을 취해야할정도로 힘들었다...지루했다...이것저것 다른건 잘모르겠다...",
    "date": "08.05.28",
    "rating": "4",
    "author": "lgy0****",
    "review_id": "2667814",
    "movie_id": "31345"
  },
  {
    "review": "스티븐 소더버그 최고 걸작!",
    "date": "08.05.22",
    "rating": "10",
    "author": "rem4****",
    "review_id": "2655559",
    "movie_id": "31345"
  },
  {
    "review": "트래픽... 과연 언제까지..?",
    "date": "08.05.19",
    "rating": "6",
    "author": "paci****",
    "review_id": "2652325",
    "movie_id": "31345"
  },
  {
    "review": "마지막 그들의 밤을 비춰주는 그 운동장...",
    "date": "08.04.05",
    "rating": "10",
    "author": "days****",
    "review_id": "2559455",
    "movie_id": "31345"
  },
  {
    "review": "망망대해같은 마약의 세계에서 피래미에 눈을 돌리다. 암울한 현실.",
    "date": "08.03.24",
    "rating": "10",
    "author": "reco****",
    "review_id": "2539472",
    "movie_id": "31345"
  },
  {
    "review": "영화 공부하는 사람이라면 반드시 봐야할 영화",
    "date": "08.03.16",
    "rating": "10",
    "author": "bliz****",
    "review_id": "2523408",
    "movie_id": "31345"
  },
  {
    "review": "현실은 절망이다 마지막에 불가능한 희망을 보여줌으로써 극대화한다",
    "date": "08.02.29",
    "rating": "9",
    "author": "juen****",
    "review_id": "2492748",
    "movie_id": "31345"
  },
  {
    "review": "이 정도 영화면 10점이 부족하지 않을까..",
    "date": "08.02.27",
    "rating": "10",
    "author": "qudt****",
    "review_id": "2487703",
    "movie_id": "31345"
  },
  {
    "review": "여러 주제를 함축한, 입체적인 영화",
    "date": "08.02.25",
    "rating": "10",
    "author": "sury****",
    "review_id": "2482794",
    "movie_id": "31345"
  },
  {
    "review": "씁쓸하지만 뭔가 느낄수 있게 만들어준 영화",
    "date": "08.02.17",
    "rating": "10",
    "author": "bara****",
    "review_id": "2454414",
    "movie_id": "31345"
  },
  {
    "review": "와~ 두고 보면 더 재미있고 짱짱이다.와!!!",
    "date": "08.02.16",
    "rating": "10",
    "author": "rrar****",
    "review_id": "2450621",
    "movie_id": "31345"
  },
  {
    "review": "현실을 잘 살린 ㅇㅇ화",
    "date": "08.02.06",
    "rating": "9",
    "author": "aw23****",
    "review_id": "2414641",
    "movie_id": "31345"
  },
  {
    "review": "너무 무겁네.. 마약 한번 해 보고 싶기도 하고 ㅋㅋ",
    "date": "08.01.20",
    "rating": "7",
    "author": "jjis****",
    "review_id": "2349656",
    "movie_id": "31345"
  },
  {
    "review": "소더버그영화같긴한데 좀 심심해",
    "date": "08.01.17",
    "rating": "7",
    "author": "bboj****",
    "review_id": "2338661",
    "movie_id": "31345"
  },
  {
    "review": "참.. 안타까운 현실이네.. 굉장히 재밌게 봤습니다!!!",
    "date": "08.01.14",
    "rating": "10",
    "author": "shy2****",
    "review_id": "2328065",
    "movie_id": "31345"
  },
  {
    "review": "이거 10점 주려고 로그인했다.",
    "date": "08.01.10",
    "rating": "10",
    "author": "thev****",
    "review_id": "2313276",
    "movie_id": "31345"
  },
  {
    "review": "보면 볼 수록 놀라운 영화",
    "date": "07.12.27",
    "rating": "10",
    "author": "true****",
    "review_id": "2273299",
    "movie_id": "31345"
  },
  {
    "review": "역시 소더버그",
    "date": "07.12.26",
    "rating": "10",
    "author": "gool****",
    "review_id": "2268925",
    "movie_id": "31345"
  },
  {
    "review": "와우!!! 갑자기 또 야구하고 싶어지네^^",
    "date": "07.11.27",
    "rating": "10",
    "author": "ghos****",
    "review_id": "2187740",
    "movie_id": "31345"
  },
  {
    "review": "스티븐 소더버그의 무한한 재능에 다시 한번 놀랐다",
    "date": "07.11.26",
    "rating": "9",
    "author": "bbq2****",
    "review_id": "2184677",
    "movie_id": "31345"
  },
  {
    "review": "탄탄한 시나리오, 꽉 짜여진 편집, 놀라운 리얼리티...",
    "date": "07.11.25",
    "rating": "9",
    "author": "sioh****",
    "review_id": "2182938",
    "movie_id": "31345"
  },
  {
    "review": "베네치오 델토로 연기 너무 좋습니다.^^",
    "date": "07.10.25",
    "rating": "10",
    "author": "blos****",
    "review_id": "2110624",
    "movie_id": "31345"
  },
  {
    "review": "감동과 전율은 느껴진다, 하지만 조금만 힘을 뺐으면...",
    "date": "07.10.16",
    "rating": "7",
    "author": "bebe****",
    "review_id": "2092955",
    "movie_id": "31345"
  },
  {
    "review": "물론 촬영기법등화려한 영상미를 내세웠지만...전작들에비해 매력적이지못했따",
    "date": "07.10.09",
    "rating": "7",
    "author": "radi****",
    "review_id": "2079686",
    "movie_id": "31345"
  },
  {
    "review": "영상 정말 최고..최고의 리얼리즘영화가 아닐까 싶다...쩔어..",
    "date": "07.09.19",
    "rating": "10",
    "author": "1pim****",
    "review_id": "2030980",
    "movie_id": "31345"
  },
  {
    "review": "기나긴 런타임이 결코 지루하지 않았던...",
    "date": "07.08.22",
    "rating": "10",
    "author": "typo****",
    "review_id": "1967829",
    "movie_id": "31345"
  },
  {
    "review": "Wow~ 엄청나게 입벌어지는 캐스팅 , 또 보고싶게 만들어버리네..",
    "date": "07.07.31",
    "rating": "7",
    "author": "seok****",
    "review_id": "1833476",
    "movie_id": "31345"
  },
  {
    "review": "소더버그 스타일의 독특한 연출. 심심한 전개에 지루하나 흡입력은 있다",
    "date": "07.07.16",
    "rating": "7",
    "author": "lsh1****",
    "review_id": "1781196",
    "movie_id": "31345"
  },
  {
    "review": "억지스러운 해피 엔딩을 빼놓는다면 2000년대 최고의 영화다!!!",
    "date": "07.07.05",
    "rating": "9",
    "author": "xxxx****",
    "review_id": "1748721",
    "movie_id": "31345"
  },
  {
    "review": "시선끄는덴 실패했다고봐야하나. 너무 지루하다.",
    "date": "07.06.29",
    "rating": "8",
    "author": "minh****",
    "review_id": "1730419",
    "movie_id": "31345"
  },
  {
    "review": "암울하고 불쌍하고 아이러니하다....영화로나마 위안을..",
    "date": "07.06.21",
    "rating": "8",
    "author": "ran_****",
    "review_id": "1712974",
    "movie_id": "31345"
  },
  {
    "review": "나쁘지 않은 내용이지만 지루했음.",
    "date": "07.06.19",
    "rating": "5",
    "author": "moon****",
    "review_id": "1709521",
    "movie_id": "31345"
  },
  {
    "review": "좋은 예기를 하는정도..전 지루했어요;;",
    "date": "07.06.16",
    "rating": "7",
    "author": "drd1****",
    "review_id": "1704005",
    "movie_id": "31345"
  },
  {
    "review": "특히 여기 나온 딸의 경우를 볼 때 마약.. 정말 끔찍스럽다.",
    "date": "07.06.01",
    "rating": "8",
    "author": "chri****",
    "review_id": "1676502",
    "movie_id": "31345"
  },
  {
    "review": "소더버그 최고의 영화",
    "date": "07.05.29",
    "rating": "9",
    "author": "funk****",
    "review_id": "1671674",
    "movie_id": "31345"
  },
  {
    "review": "정말 잘 만든 영화",
    "date": "07.04.10",
    "rating": "10",
    "author": "vana****",
    "review_id": "1582615",
    "movie_id": "31345"
  },
  {
    "review": "민감한 문제를 현실적으로 다뤘다.. 그것뿐.",
    "date": "07.04.09",
    "rating": "7",
    "author": "jhga****",
    "review_id": "1580433",
    "movie_id": "31345"
  },
  {
    "review": "굉장히 재미있엇다",
    "date": "07.03.29",
    "rating": "10",
    "author": "hiuh****",
    "review_id": "1560283",
    "movie_id": "31345"
  },
  {
    "review": "잘짜여진 시나리오, 재미있는 이야기, 유려한 편집",
    "date": "07.02.22",
    "rating": "9",
    "author": "eleg****",
    "review_id": "1492891",
    "movie_id": "31345"
  }
]