[
  {
    "review": "극장에서 영화보다가 사람들이 재미 없어서 여러명 나가는건 첨봄",
    "date": "15.07.24",
    "rating": "1",
    "author": "bin1****",
    "review_id": "10137305",
    "movie_id": "31350"
  },
  {
    "review": "너무 느리고 애매하게 추상적이고 음울하다...",
    "date": "15.01.24",
    "rating": "1",
    "author": "0718****",
    "review_id": "9629413",
    "movie_id": "31350"
  },
  {
    "review": "예전에 나름 충격적으로 느껴져서 몰입했었던 영화 오랜만에 기억이나서 다시보니 예전만 못한 감흥이긴하지만 그때 당시에는 참 재미있었지..",
    "date": "14.11.15",
    "rating": "10",
    "author": "kkk1****",
    "review_id": "9385145",
    "movie_id": "31350"
  },
  {
    "review": "...으...뭐 의도는 좋아봤자 전달이 돼야지;",
    "date": "14.03.16",
    "rating": "1",
    "author": "kron****",
    "review_id": "8582196",
    "movie_id": "31350"
  },
  {
    "review": "공각기동대의 번외편. . . 육체를 떠나 존재할 수 있는 곳은 현실일까, 가상일까? 21세기 초반 작품치곤 상당해~ 물론, 덕후들이 좋아할 타입이지만...",
    "date": "14.02.14",
    "rating": "7",
    "author": "pure****",
    "review_id": "8506068",
    "movie_id": "31350"
  },
  {
    "review": "네이버 이넘시키 기껏 글썻더니 로그인하라 그러고 다 날라갔네,,, 사람이 만족감을 느낄 수 있고, 인간의 모든 감각 수단을 자극할 수 있다면 가상현실은 현실이 아닐까,,",
    "date": "13.07.03",
    "rating": "10",
    "author": "sunn****",
    "review_id": "7700692",
    "movie_id": "31350"
  },
  {
    "review": "디지털 시대 직전 디지털 시대를 알린 사이버 펑크 영화. 일본어 더빙 버젼은 1점도 아깝고 폴란드원어 버젼은 만점. 일본 영화인지 애니인지 이 새로운 시도에 폴란드 올로케 폴란드 원어배우를 쓴것도 도전이며 영화에 애니와 디지털을 접목한 시도 좋았슴.",
    "date": "13.06.01",
    "rating": "10",
    "author": "dudo****",
    "review_id": "7570177",
    "movie_id": "31350"
  },
  {
    "review": "\"log off\"  ost조차 없었으면 0점.",
    "date": "13.03.14",
    "rating": "1",
    "author": "newd****",
    "review_id": "7347891",
    "movie_id": "31350"
  },
  {
    "review": "애니와 영화에 갭이 그렇게 큰가?...애니는 그렇게 잘만들면서...영화는..이거 뭐...연출력을 엿바꿔먹었나..하는 생각이 드네요",
    "date": "13.02.17",
    "rating": "1",
    "author": "skbj****",
    "review_id": "7277163",
    "movie_id": "31350"
  },
  {
    "review": "이 영화 정말로 어렵지만 깊은 뜻이 담겨있는 영화입니다. 무조건 욕만 하시지 마세요",
    "date": "13.01.24",
    "rating": "10",
    "author": "dkwh****",
    "review_id": "7162800",
    "movie_id": "31350"
  },
  {
    "review": "과연 현실에 나는 뭔가.... 나는 무슨 목적으로 여기에 있는가를 .. 나는 어디서 왔나.. 관람 후 한참동안 진한 감동을 주는 영화입니다.. 가볍게 보지 마세요.",
    "date": "13.01.18",
    "rating": "10",
    "author": "wan1****",
    "review_id": "7128625",
    "movie_id": "31350"
  },
  {
    "review": "결국 게임훼인이 정신 못차리고 현실 구분 못한다는 이야기. 특별히 볼거리도 없고 스토리도 별로... 지루한 영화였음.",
    "date": "13.01.13",
    "rating": "3",
    "author": "hial****",
    "review_id": "7107894",
    "movie_id": "31350"
  },
  {
    "review": "일본애니 특유의 겉멋은 실사로 하니 병맛, 좋은 음악도 따로 노는 느낌이었다.",
    "date": "12.02.28",
    "rating": "6",
    "author": "tscm****",
    "review_id": "6109480",
    "movie_id": "31350"
  },
  {
    "review": "관객에게 의미가 제대로 전달되지 않는 듯한 느낌이다.",
    "date": "11.10.20",
    "rating": "7",
    "author": "tyco****",
    "review_id": "5799653",
    "movie_id": "31350"
  },
  {
    "review": "이영화의묘미는 심리과  영상미 그리고 음악이다",
    "date": "11.08.15",
    "rating": "6",
    "author": "huib****",
    "review_id": "5652265",
    "movie_id": "31350"
  },
  {
    "review": "꼭 전달을 이렇게 해야했냐.",
    "date": "11.03.26",
    "rating": "1",
    "author": "show****",
    "review_id": "5335066",
    "movie_id": "31350"
  },
  {
    "review": "이 영화 보면서 혼돈을 느꼈다..",
    "date": "11.02.04",
    "rating": "9",
    "author": "sptl****",
    "review_id": "5213735",
    "movie_id": "31350"
  },
  {
    "review": "이게 뭐여..13층은 나름 결말이라도 있지..감독이 판만 벌리고 깔려 죽었네..",
    "date": "11.01.08",
    "rating": "1",
    "author": "artb****",
    "review_id": "5141449",
    "movie_id": "31350"
  },
  {
    "review": "결말없고 스토리 내용 전개 빈약",
    "date": "10.12.08",
    "rating": "1",
    "author": "stud****",
    "review_id": "5036330",
    "movie_id": "31350"
  },
  {
    "review": "보다가 잠든 영화ㅡㅡ; 저랑 안맞습니다",
    "date": "10.12.06",
    "rating": "4",
    "author": "sc2h****",
    "review_id": "5028576",
    "movie_id": "31350"
  },
  {
    "review": "독특한 영상과 스토리",
    "date": "10.11.26",
    "rating": "8",
    "author": "yser****",
    "review_id": "4992151",
    "movie_id": "31350"
  },
  {
    "review": "노리고 만든 영화.. 뭘 노렸냐고 자세히 말할순 없지만 ㅠㅠ",
    "date": "10.09.15",
    "rating": "10",
    "author": "yang****",
    "review_id": "4836990",
    "movie_id": "31350"
  },
  {
    "review": "신비한 무비 서프라이즈",
    "date": "10.08.02",
    "rating": "5",
    "author": "what****",
    "review_id": "4697166",
    "movie_id": "31350"
  },
  {
    "review": "내용 이해가 안가는 ㅡㅡ; 결말에 왜 그따고 누가 설명좀 ㅠ_ㅠ",
    "date": "10.06.18",
    "rating": "6",
    "author": "tmdd****",
    "review_id": "4574454",
    "movie_id": "31350"
  },
  {
    "review": "저는 이영화 엄청 몰입해서 보았어요..역시나 평이 극과극!",
    "date": "10.05.10",
    "rating": "10",
    "author": "rela****",
    "review_id": "4490674",
    "movie_id": "31350"
  },
  {
    "review": "최고의 수면제 영화",
    "date": "10.05.09",
    "rating": "1",
    "author": "ilov****",
    "review_id": "4488985",
    "movie_id": "31350"
  },
  {
    "review": "대중성은 아쉬웠으나 니들수준에서 깔만한 쉬운작품은아니다",
    "date": "10.05.09",
    "rating": "10",
    "author": "hoos****",
    "review_id": "4488481",
    "movie_id": "31350"
  },
  {
    "review": "이 무슨 병맛 영화란 말인가?",
    "date": "10.05.05",
    "rating": "2",
    "author": "2601****",
    "review_id": "4480803",
    "movie_id": "31350"
  },
  {
    "review": "오타쿠들이 감독때문에 영화평점 후하게주는데 진짜 영화의 수치감이다",
    "date": "10.04.26",
    "rating": "1",
    "author": "hanb****",
    "review_id": "4458023",
    "movie_id": "31350"
  },
  {
    "review": "아발론은 아발론일뿐..  이거.. 굉장히 철학적인 영화거든요..",
    "date": "10.04.08",
    "rating": "10",
    "author": "blue****",
    "review_id": "4419264",
    "movie_id": "31350"
  },
  {
    "review": "이런 영화를 킬링타임용이라고 해야한다. 영상미는 상당했지만 상당히 지루한.",
    "date": "10.03.07",
    "rating": "7",
    "author": "muz1****",
    "review_id": "4339870",
    "movie_id": "31350"
  },
  {
    "review": "판타지액션 생각하고 보시는분들 절대 후회합니다. 지겹고 재미없고",
    "date": "10.03.01",
    "rating": "1",
    "author": "ede1****",
    "review_id": "4326170",
    "movie_id": "31350"
  },
  {
    "review": "영화로 마모루의 작품을 처음접한다면..이건말이죠...돌맞겠는데??ㄷㄷㄷ;",
    "date": "10.01.16",
    "rating": "1",
    "author": "taew****",
    "review_id": "4176606",
    "movie_id": "31350"
  },
  {
    "review": "감독의 취향대로 만든 국적불명의 실사영화.",
    "date": "10.01.12",
    "rating": "3",
    "author": "evil****",
    "review_id": "4161371",
    "movie_id": "31350"
  },
  {
    "review": "감독의 전작들과 같이하는 잘 만들어진 실사 영화. 누구의 꿈이냐 나비인가 나인가",
    "date": "10.01.10",
    "rating": "7",
    "author": "frie****",
    "review_id": "4154363",
    "movie_id": "31350"
  },
  {
    "review": "아바타와 비슷하구만, 발음도 비슷한데. 현실이 싫어 가상세계에 들어가버린다는 얘기",
    "date": "10.01.03",
    "rating": "7",
    "author": "bepl****",
    "review_id": "4127620",
    "movie_id": "31350"
  },
  {
    "review": "지루하지는 않았는뎀... 후~종반부 대실망",
    "date": "09.12.26",
    "rating": "1",
    "author": "onav****",
    "review_id": "4086592",
    "movie_id": "31350"
  },
  {
    "review": "현실과 가상세계를 구별할수없다는게 내용인가.  근데어쩌라고..난 덕후가 아니여서",
    "date": "09.12.06",
    "rating": "1",
    "author": "gund****",
    "review_id": "4021366",
    "movie_id": "31350"
  },
  {
    "review": "똥..여백이 너무 많다 스스로 상상해가며 만들어야하는 영화 여자주인공은 이쁘다",
    "date": "09.11.01",
    "rating": "1",
    "author": "dnjf****",
    "review_id": "3929858",
    "movie_id": "31350"
  },
  {
    "review": "분위기와 연출 모두 괜찮다",
    "date": "09.06.27",
    "rating": "8",
    "author": "meta****",
    "review_id": "3593868",
    "movie_id": "31350"
  },
  {
    "review": "진짜 잘만든 영화네요 ~ 다른사람들의 평을 보니 제가 느낀점은 많이 다르지만요",
    "date": "09.06.22",
    "rating": "10",
    "author": "nwss****",
    "review_id": "3582286",
    "movie_id": "31350"
  },
  {
    "review": "삶과 젊음에 대한 찬양가",
    "date": "09.06.09",
    "rating": "10",
    "author": "rain****",
    "review_id": "3554201",
    "movie_id": "31350"
  },
  {
    "review": "나에겐 정말 잊혀지지 않는 명작..",
    "date": "09.05.13",
    "rating": "10",
    "author": "dali****",
    "review_id": "3492174",
    "movie_id": "31350"
  },
  {
    "review": "이런게 좋다. 음악은 정말 환상...",
    "date": "09.03.27",
    "rating": "10",
    "author": "sill****",
    "review_id": "3390043",
    "movie_id": "31350"
  },
  {
    "review": "오시이마모루독의 절대적으로 비대중적인실험영화!!!!!!",
    "date": "09.03.15",
    "rating": "3",
    "author": "seal****",
    "review_id": "3368056",
    "movie_id": "31350"
  },
  {
    "review": "............. 겁나게 지루합니다 .",
    "date": "09.03.13",
    "rating": "2",
    "author": "gudt****",
    "review_id": "3362694",
    "movie_id": "31350"
  },
  {
    "review": "어디까지가 현실이지??",
    "date": "09.02.11",
    "rating": "6",
    "author": "driv****",
    "review_id": "3294765",
    "movie_id": "31350"
  },
  {
    "review": "학생인 나로선 버거운 영화.. 그러나, 나에게 시사 했던 바도 컸다.",
    "date": "09.01.14",
    "rating": "8",
    "author": "tjsc****",
    "review_id": "3221650",
    "movie_id": "31350"
  },
  {
    "review": "헐 최고",
    "date": "09.01.10",
    "rating": "10",
    "author": "dear****",
    "review_id": "3208280",
    "movie_id": "31350"
  },
  {
    "review": "난 이게 공각기동대보다 낫던데. 쉽고 독특하고 기발하며 철학적이다.",
    "date": "08.12.30",
    "rating": "8",
    "author": "hots****",
    "review_id": "3166115",
    "movie_id": "31350"
  },
  {
    "review": "평점이 너무 낮은 영화 전달하고자한 메세지를 알면 과연 졸면서볼수있을까?",
    "date": "08.12.08",
    "rating": "10",
    "author": "dlww****",
    "review_id": "3099799",
    "movie_id": "31350"
  },
  {
    "review": "요즘들어 더 생각나는 묘한 영화. 다시보니 2001년 제작이라 더 놀랍다.",
    "date": "08.12.04",
    "rating": "9",
    "author": "chor****",
    "review_id": "3089429",
    "movie_id": "31350"
  },
  {
    "review": "감독은 천재임이 틀림없다.",
    "date": "08.11.27",
    "rating": "10",
    "author": "flif****",
    "review_id": "3075728",
    "movie_id": "31350"
  },
  {
    "review": "색과 소리는 놀라울 따름이다. 다만 생각하는것을 전할수 없다면.영화를 만들 필요가?",
    "date": "08.11.03",
    "rating": "6",
    "author": "fore****",
    "review_id": "3032580",
    "movie_id": "31350"
  },
  {
    "review": "개봉당시시사회로봤는데요.한7년됬군요.오늘갑자기생각나서검색했습니다.",
    "date": "08.09.09",
    "rating": "10",
    "author": "rnjs****",
    "review_id": "2932607",
    "movie_id": "31350"
  },
  {
    "review": "무엇을 전달하고자하는지 모른다면 결코 재미있을수 없는영화....",
    "date": "08.09.07",
    "rating": "10",
    "author": "hzih****",
    "review_id": "2928845",
    "movie_id": "31350"
  },
  {
    "review": "애니메이션 감각과 실사 촬영의 행복한 만남. 스타일만으로도 8점은 충분하다.",
    "date": "08.08.19",
    "rating": "8",
    "author": "soju****",
    "review_id": "2886108",
    "movie_id": "31350"
  },
  {
    "review": "웃기고 있네 그냥 난해하게 만들면 좋아보일줄 아나보지?",
    "date": "08.06.18",
    "rating": "6",
    "author": "supr****",
    "review_id": "2705625",
    "movie_id": "31350"
  },
  {
    "review": "현실과 가상이 뭐가 다르지",
    "date": "08.06.11",
    "rating": "7",
    "author": "endi****",
    "review_id": "2692827",
    "movie_id": "31350"
  },
  {
    "review": "공각기동대를 만든 그가 게임을 실사화한 작품 감각적인 영상만 남는 작품",
    "date": "08.05.28",
    "rating": "7",
    "author": "deff****",
    "review_id": "2668413",
    "movie_id": "31350"
  },
  {
    "review": "나에겐 너무어려운 ..;;",
    "date": "08.05.20",
    "rating": "7",
    "author": "whin****",
    "review_id": "2652842",
    "movie_id": "31350"
  },
  {
    "review": "심심할 때 봐서 그런 지는 모르지만 개인적으로는 괜찮음",
    "date": "08.04.28",
    "rating": "10",
    "author": "keen****",
    "review_id": "2604477",
    "movie_id": "31350"
  },
  {
    "review": "평점이 극과 극으로 갈린다 충분히 재미없기도하지만 충분히 재미있다",
    "date": "08.03.27",
    "rating": "10",
    "author": "komo****",
    "review_id": "2544289",
    "movie_id": "31350"
  },
  {
    "review": "대반전 아닙니까? 현실과 가상현실의 공간 어느것이 진실이고 거짓인지..",
    "date": "08.03.09",
    "rating": "9",
    "author": "heer****",
    "review_id": "2511799",
    "movie_id": "31350"
  },
  {
    "review": "졸라 지루하다",
    "date": "08.03.01",
    "rating": "1",
    "author": "kksk****",
    "review_id": "2495789",
    "movie_id": "31350"
  },
  {
    "review": "저평가된 영화. 적어도 평균 8.5는 받아야 한다고 본다.",
    "date": "08.02.27",
    "rating": "10",
    "author": "sddo****",
    "review_id": "2487315",
    "movie_id": "31350"
  },
  {
    "review": "너무 여려워...",
    "date": "08.02.18",
    "rating": "4",
    "author": "love****",
    "review_id": "2460676",
    "movie_id": "31350"
  },
  {
    "review": "애니매이션과 실사의 차이를 모른 오시이 마모루감독의 졸작",
    "date": "08.02.18",
    "rating": "3",
    "author": "magi****",
    "review_id": "2457776",
    "movie_id": "31350"
  },
  {
    "review": "대단하긴 한데 한계가 있는 영화",
    "date": "08.02.09",
    "rating": "6",
    "author": "wolf****",
    "review_id": "2425399",
    "movie_id": "31350"
  },
  {
    "review": "Welcome to Avalon... 어저자고?! 나원 아발론에 들가서 어저자고~?!",
    "date": "08.01.04",
    "rating": "6",
    "author": "korm****",
    "review_id": "2298103",
    "movie_id": "31350"
  },
  {
    "review": "이런 영화 처음본다.",
    "date": "08.01.04",
    "rating": "1",
    "author": "kamo****",
    "review_id": "2298097",
    "movie_id": "31350"
  },
  {
    "review": "대중적이지 못한 단순한 영화",
    "date": "07.12.23",
    "rating": "1",
    "author": "afwa****",
    "review_id": "2258276",
    "movie_id": "31350"
  },
  {
    "review": "매혹적인 비쥬얼.솔직히 아마추어가 찍었다기엔 믿어지지 않는 수준",
    "date": "07.12.12",
    "rating": "10",
    "author": "baks****",
    "review_id": "2225632",
    "movie_id": "31350"
  },
  {
    "review": "대중적이지 못한 매니아들을 위한 영화.나도 그중 한명이라 생각했었지만..",
    "date": "07.11.02",
    "rating": "5",
    "author": "blue****",
    "review_id": "2128514",
    "movie_id": "31350"
  },
  {
    "review": "극단적인 평가가 나올 수 밖에 없는 작품",
    "date": "07.10.25",
    "rating": "10",
    "author": "make****",
    "review_id": "2109708",
    "movie_id": "31350"
  },
  {
    "review": "이건 영화가 아니라 실사 '애니메이션' 인지 아는가? 진짜다 이거.",
    "date": "07.10.21",
    "rating": "10",
    "author": "stev****",
    "review_id": "2103773",
    "movie_id": "31350"
  },
  {
    "review": "sf영화사상 길이 남을 업적을 이루어냈다.",
    "date": "07.09.13",
    "rating": "10",
    "author": "hide****",
    "review_id": "2018265",
    "movie_id": "31350"
  },
  {
    "review": "공각기동대의 팬이지만, 어떻게 보아도 좋게 보아줄수 없다",
    "date": "07.08.07",
    "rating": "5",
    "author": "jimm****",
    "review_id": "1900721",
    "movie_id": "31350"
  },
  {
    "review": "오시이 마모루... 만화 감독이 더 나으신거 같네요    나는 관대하다",
    "date": "07.07.25",
    "rating": "2",
    "author": "rkdw****",
    "review_id": "1807528",
    "movie_id": "31350"
  },
  {
    "review": "학교 강의 중에 보다가 죽는줄 알았다..",
    "date": "07.07.25",
    "rating": "3",
    "author": "ahrv****",
    "review_id": "1806644",
    "movie_id": "31350"
  },
  {
    "review": "갈 곳 없는 오시이, 그래도 기다려 보자. 아쉬운 영화.",
    "date": "07.06.14",
    "rating": "7",
    "author": "rott****",
    "review_id": "1701093",
    "movie_id": "31350"
  },
  {
    "review": "화면,스토리,음악.. 모든 면에서 최고였던 영화. 다소 매니악하긴 하다.",
    "date": "07.06.14",
    "rating": "10",
    "author": "crit****",
    "review_id": "1700552",
    "movie_id": "31350"
  },
  {
    "review": "다소 지루했지만 감독의 성찰이 돋보인 작품",
    "date": "07.05.28",
    "rating": "8",
    "author": "bad_****",
    "review_id": "1669643",
    "movie_id": "31350"
  },
  {
    "review": "역쉬 좋은 영화는 평이 각각 달라야 한다.",
    "date": "07.05.07",
    "rating": "9",
    "author": "soft****",
    "review_id": "1626486",
    "movie_id": "31350"
  },
  {
    "review": "마모루를 조금 더 알면 좋지, 성찰이 깊을 필요는 없고, 거처가는..",
    "date": "07.05.04",
    "rating": "8",
    "author": "bavi****",
    "review_id": "1620089",
    "movie_id": "31350"
  },
  {
    "review": "명작과 졸작을 구분하려 애쓰지마라..이곳이 너의 필드다.",
    "date": "07.04.17",
    "rating": "10",
    "author": "agne****",
    "review_id": "1593032",
    "movie_id": "31350"
  },
  {
    "review": "전체적으로 느와르 풍이 느껴지는 수작",
    "date": "07.02.01",
    "rating": "10",
    "author": "nice****",
    "review_id": "1432064",
    "movie_id": "31350"
  },
  {
    "review": "영화관에서 이거볼때 사람들 줄줄나가더만 존낸웃겼음ㅋ지루했음",
    "date": "07.01.09",
    "rating": "2",
    "author": "kid0****",
    "review_id": "1369118",
    "movie_id": "31350"
  },
  {
    "review": "쓸데없이 가져다 붙이는유럽의 전설, 일본의 한계 ?",
    "date": "06.12.20",
    "rating": "5",
    "author": "king****",
    "review_id": "1308657",
    "movie_id": "31350"
  },
  {
    "review": "좋은 영화다. 감독의 스타일도 살아있고, 하지만 쓰레기다.",
    "date": "06.12.20",
    "rating": "1",
    "author": "rilm****",
    "review_id": "1307089",
    "movie_id": "31350"
  },
  {
    "review": "그래서 어쩌라고...란 말이 입에서 떠나지 않았다.",
    "date": "06.12.16",
    "rating": "3",
    "author": "ned_****",
    "review_id": "1296461",
    "movie_id": "31350"
  },
  {
    "review": "언제 울 영화수준이 오르려나",
    "date": "06.12.15",
    "rating": "10",
    "author": "2005****",
    "review_id": "1293003",
    "movie_id": "31350"
  },
  {
    "review": "심오한 척, 잘난척하는 마모루,막상 껍질을벗기면 별것 없는영화",
    "date": "06.10.17",
    "rating": "1",
    "author": "lemo****",
    "review_id": "1185457",
    "movie_id": "31350"
  },
  {
    "review": "전체적인 엉성함과 음악의 훌륭함. 배우의 연기는 최악.",
    "date": "06.09.28",
    "rating": "6",
    "author": "prid****",
    "review_id": "1147332",
    "movie_id": "31350"
  },
  {
    "review": "내용따윈 상관없다..영화는 끝나도 가와이 켄지의 음악은 남기에",
    "date": "06.09.28",
    "rating": "9",
    "author": "mick****",
    "review_id": "1146946",
    "movie_id": "31350"
  },
  {
    "review": "또라이 중의 또라이, 오시이 마모루",
    "date": "06.09.26",
    "rating": "10",
    "author": "jeta****",
    "review_id": "1143683",
    "movie_id": "31350"
  },
  {
    "review": "블래이드러너와 달리 아바론은 그야말로 공감을 일으키고 있다.",
    "date": "06.09.19",
    "rating": "10",
    "author": "kill****",
    "review_id": "1131863",
    "movie_id": "31350"
  },
  {
    "review": "개인적 취향에 따라서 평점이 극과극으로....",
    "date": "06.07.26",
    "rating": "9",
    "author": "dgis****",
    "review_id": "922350",
    "movie_id": "31350"
  },
  {
    "review": "이 영화 정말 예전에 봤지만 아직도 기억에 선합니다.",
    "date": "06.06.29",
    "rating": "10",
    "author": "msw8****",
    "review_id": "863070",
    "movie_id": "31350"
  },
  {
    "review": "역쉬~",
    "date": "06.03.19",
    "rating": "10",
    "author": "mani****",
    "review_id": "723594",
    "movie_id": "31350"
  }
]