[
  {
    "review": "이유를 알 수 없는 상실 앞에 그녀는 매순간 '담담하게 무너진다'. 질문은 평범한 일상과 자연에 끝없이 던져지지만 답은 없다.",
    "date": "15.05.13",
    "rating": "8",
    "author": "tear****",
    "review_id": "9913796",
    "movie_id": "31368"
  },
  {
    "review": "이해할 순 없지만 삶은 계속 살아가야 한다",
    "date": "15.01.18",
    "rating": "6",
    "author": "breg****",
    "review_id": "9610306",
    "movie_id": "31368"
  },
  {
    "review": "과연 그는 왜 세상을 등졌을까? 그 질문은 영화를 본지 몇년이 지난 후에도 유효하다.",
    "date": "15.01.05",
    "rating": "9",
    "author": "cool****",
    "review_id": "9563448",
    "movie_id": "31368"
  },
  {
    "review": "깊은 우물 속 아른거리는 불빛.",
    "date": "14.12.19",
    "rating": "8",
    "author": "ogr5****",
    "review_id": "9489711",
    "movie_id": "31368"
  }
]