[
  {
    "review": "일본 코미디의 정석을 보고 싶다면!",
    "date": "15.05.16",
    "rating": "8",
    "author": "pont****",
    "review_id": "9920550",
    "movie_id": "31365"
  },
  {
    "review": "미쳣다 미친영화 병맛그자체 기타노 다케시는 대단한거같다진짜 아웃케이지같은영화와 이런영화 다 자기스타일로 잘만드니 암튼 골때리는영화",
    "date": "14.06.11",
    "rating": "10",
    "author": "saei****",
    "review_id": "8820249",
    "movie_id": "31365"
  },
  {
    "review": "시시도 죠오오오사아아앙~~~!!!크억....개 잼있게본 영화고삐리때 친구랑 보고 낄낄거리던 추억이..",
    "date": "14.04.29",
    "rating": "10",
    "author": "g451****",
    "review_id": "8681359",
    "movie_id": "31365"
  },
  {
    "review": "이 어마어마한(?)  막장스토리 전개를 어떻게 마무리 할까  궁금했는데 엔딩이 아쉽지만 \"고무인간의최후\"이후 B급영화의 진수를 본듯~ 아무생각없이 그냥 큭큭큭 웃으면 된다",
    "date": "14.03.16",
    "rating": "8",
    "author": "whia****",
    "review_id": "8582392",
    "movie_id": "31365"
  },
  {
    "review": "에....제목보고 빌렸는데 생각보다 안야하고 좀 골때리는 영화...",
    "date": "13.09.28",
    "rating": "9",
    "author": "kimj****",
    "review_id": "8020934",
    "movie_id": "31365"
  },
  {
    "review": "기타노 다케시에게 이런 면이 있었다니.. 아무 생각없이 볼 수 있는 영화",
    "date": "13.08.13",
    "rating": "5",
    "author": "lees****",
    "review_id": "7876604",
    "movie_id": "31365"
  },
  {
    "review": "9점. 인생은 코미디다.",
    "date": "13.07.22",
    "rating": "10",
    "author": "korr****",
    "review_id": "7773670",
    "movie_id": "31365"
  },
  {
    "review": "이렇게  막장급으로 웃기는게  더 어렵다",
    "date": "13.05.07",
    "rating": "10",
    "author": "seei****",
    "review_id": "7513694",
    "movie_id": "31365"
  },
  {
    "review": "내가 좋아하는 스타일",
    "date": "13.04.29",
    "rating": "10",
    "author": "ahal****",
    "review_id": "7493407",
    "movie_id": "31365"
  },
  {
    "review": "평점 상향 조절을 위해...",
    "date": "13.03.31",
    "rating": "10",
    "author": "yjyy****",
    "review_id": "7426523",
    "movie_id": "31365"
  },
  {
    "review": "무한웃음 ㅋㅋㅋㅋㅋㅋ",
    "date": "12.11.27",
    "rating": "10",
    "author": "gene****",
    "review_id": "6930055",
    "movie_id": "31365"
  },
  {
    "review": "진짜 영화보면서 배아프게 웃은건 이영화가 유일함",
    "date": "12.11.20",
    "rating": "10",
    "author": "qkek****",
    "review_id": "6908188",
    "movie_id": "31365"
  },
  {
    "review": "모두 안하고 있습니다.",
    "date": "12.09.06",
    "rating": "7",
    "author": "egoh****",
    "review_id": "6672816",
    "movie_id": "31365"
  },
  {
    "review": "똥만찾아댕기는 자한테는 따꼼한 파리채가 제맛!",
    "date": "12.05.13",
    "rating": "8",
    "author": "kejt****",
    "review_id": "6295301",
    "movie_id": "31365"
  },
  {
    "review": "거지같은 영화. 시간이 아까워서 그냥 삭제했다. 이런 영화를 왜 만든거야?",
    "date": "11.12.17",
    "rating": "1",
    "author": "kic4****",
    "review_id": "5910865",
    "movie_id": "31365"
  },
  {
    "review": "인간의 원초적인 욕망과, 무한 상상력의 세계...",
    "date": "11.08.05",
    "rating": "6",
    "author": "ll3l****",
    "review_id": "5601558",
    "movie_id": "31365"
  },
  {
    "review": "일본 대중문화사를 알아야 즐길 수 있는 영화. 일종의 패러디집",
    "date": "11.07.08",
    "rating": "7",
    "author": "mist****",
    "review_id": "5528266",
    "movie_id": "31365"
  },
  {
    "review": "머리로는 웃긴데 입으로는 못웃겠어",
    "date": "10.11.11",
    "rating": "6",
    "author": "mida****",
    "review_id": "4952031",
    "movie_id": "31365"
  },
  {
    "review": "생각없이 볼수 있는 일본코메디",
    "date": "10.03.14",
    "rating": "8",
    "author": "kims****",
    "review_id": "4357899",
    "movie_id": "31365"
  },
  {
    "review": "대박이다",
    "date": "10.01.13",
    "rating": "10",
    "author": "pkh0****",
    "review_id": "4164768",
    "movie_id": "31365"
  },
  {
    "review": "어둡칙칙한 그의 컬러에서 완전히 다른 느낌의 영화!! ^^ 많이 웃었어요. ㅋㅋㅋㅋ",
    "date": "09.12.27",
    "rating": "10",
    "author": "saru****",
    "review_id": "4092868",
    "movie_id": "31365"
  },
  {
    "review": "단순하고 즐겁지만 기대했던 것보다 신선한 맛은 떨어져서 조금 실망.",
    "date": "09.12.05",
    "rating": "6",
    "author": "cube****",
    "review_id": "4016518",
    "movie_id": "31365"
  },
  {
    "review": "웃기긴 되게 웃기더라 ㅋㅋㅋㅋㅋㅋㅋ",
    "date": "09.11.13",
    "rating": "10",
    "author": "vkav****",
    "review_id": "3958253",
    "movie_id": "31365"
  },
  {
    "review": "어처구니없네",
    "date": "09.11.09",
    "rating": "1",
    "author": "haan****",
    "review_id": "3946902",
    "movie_id": "31365"
  },
  {
    "review": "네르바니 ㅋㅋㅋㅋ",
    "date": "09.10.22",
    "rating": "10",
    "author": "kimg****",
    "review_id": "3907944",
    "movie_id": "31365"
  },
  {
    "review": "아 정말 실망 이걸 뭐라고 만들었는지",
    "date": "09.07.20",
    "rating": "2",
    "author": "deff****",
    "review_id": "3652447",
    "movie_id": "31365"
  },
  {
    "review": "오 마이 부처 ㅎㅎㅎㅎㅎㅎㅎㅎㅎㅎ",
    "date": "09.06.06",
    "rating": "8",
    "author": "dudd****",
    "review_id": "3546689",
    "movie_id": "31365"
  },
  {
    "review": "이렇게 완전히 유치해져도 괜찮네",
    "date": "09.05.11",
    "rating": "5",
    "author": "bbq2****",
    "review_id": "3488436",
    "movie_id": "31365"
  },
  {
    "review": "암튼 독특한 기타노 다케시~ㅎㅎ",
    "date": "09.05.10",
    "rating": "8",
    "author": "ypal****",
    "review_id": "3485052",
    "movie_id": "31365"
  },
  {
    "review": "그 당시엔 재밌을것. 하지만 현재는 아닌듯",
    "date": "09.04.15",
    "rating": "6",
    "author": "mypi****",
    "review_id": "3423161",
    "movie_id": "31365"
  },
  {
    "review": "상상력만큼은 인정하지만 재미는 없다",
    "date": "09.03.08",
    "rating": "5",
    "author": "wlwl****",
    "review_id": "3354638",
    "movie_id": "31365"
  },
  {
    "review": "기타노의 코미디의 냄새란 이런건가.ㅋㅋ 맘보~",
    "date": "09.02.19",
    "rating": "10",
    "author": "wjdt****",
    "review_id": "3317160",
    "movie_id": "31365"
  },
  {
    "review": "웃음이 그치질않음 ㅋㅋ",
    "date": "09.02.16",
    "rating": "10",
    "author": "khg3****",
    "review_id": "3306774",
    "movie_id": "31365"
  },
  {
    "review": "영화내내 웃을 수 있다. 그걸로 족하다.",
    "date": "09.01.04",
    "rating": "8",
    "author": "saka****",
    "review_id": "3185932",
    "movie_id": "31365"
  },
  {
    "review": "기타노 다케시 좋아하는데 내가 이해하긴 어렵다 ,..",
    "date": "08.12.24",
    "rating": "6",
    "author": "bear****",
    "review_id": "3144319",
    "movie_id": "31365"
  },
  {
    "review": "골 때린다는 말은 이럴 때 쓰는 거. 그저 낄낄거릴 뿐.",
    "date": "08.12.11",
    "rating": "7",
    "author": "coib****",
    "review_id": "3107440",
    "movie_id": "31365"
  },
  {
    "review": "어처구니없이 웃긴영화",
    "date": "08.12.10",
    "rating": "10",
    "author": "tack****",
    "review_id": "3104701",
    "movie_id": "31365"
  },
  {
    "review": "처음엔 뭐야? 이랬는데 보면 볼수록 빠지는 영화",
    "date": "08.10.26",
    "rating": "10",
    "author": "didi****",
    "review_id": "3020057",
    "movie_id": "31365"
  },
  {
    "review": "사랑에 굶주린 자들에게 바치는 영화.",
    "date": "08.10.18",
    "rating": "5",
    "author": "goti****",
    "review_id": "3005476",
    "movie_id": "31365"
  },
  {
    "review": "정말 웃긴다. 상상히 현실이 되는 즐거움~",
    "date": "08.08.13",
    "rating": "7",
    "author": "jere****",
    "review_id": "2867133",
    "movie_id": "31365"
  },
  {
    "review": "막가파식의 슈퍼울트라 유치찬란... 망가지겠다는 영화인데 재미만 있으면 그만....",
    "date": "08.07.29",
    "rating": "10",
    "author": "wedc****",
    "review_id": "2813415",
    "movie_id": "31365"
  },
  {
    "review": "닥치고 맘보",
    "date": "08.07.15",
    "rating": "10",
    "author": "powe****",
    "review_id": "2766382",
    "movie_id": "31365"
  },
  {
    "review": "다케시는 너무 엉뚱해.크하하.",
    "date": "08.06.25",
    "rating": "8",
    "author": "howl****",
    "review_id": "2719334",
    "movie_id": "31365"
  },
  {
    "review": "당신도 하고 있습니까",
    "date": "08.05.28",
    "rating": "3",
    "author": "meth****",
    "review_id": "2667275",
    "movie_id": "31365"
  },
  {
    "review": "이쯤되면 막 가자는 거지요. 섹시코미디를 기대했다면 오산",
    "date": "08.05.10",
    "rating": "5",
    "author": "ghdl****",
    "review_id": "2628097",
    "movie_id": "31365"
  },
  {
    "review": "작정하고 만든 B무비에서 대체 무엇을 찾는답니까. 웃어넘기면 되지요",
    "date": "08.04.23",
    "rating": "9",
    "author": "mobe****",
    "review_id": "2594572",
    "movie_id": "31365"
  },
  {
    "review": "웃겨 뒈지는 줄 알았다. 안면몰수하고 웃기는데만 집중한다",
    "date": "08.04.16",
    "rating": "10",
    "author": "sega****",
    "review_id": "2584545",
    "movie_id": "31365"
  },
  {
    "review": "진짜 어이 없다...다케시스랑 비스무리한데~",
    "date": "08.03.11",
    "rating": "6",
    "author": "love****",
    "review_id": "2515731",
    "movie_id": "31365"
  },
  {
    "review": "야한장면 빼고는 이거 뭐;; 웃긴건가???",
    "date": "07.10.04",
    "rating": "5",
    "author": "baek****",
    "review_id": "2069658",
    "movie_id": "31365"
  },
  {
    "review": "일본식 코메디도 뭐 나쁘지않네 ㅎㅎ",
    "date": "07.09.28",
    "rating": "6",
    "author": "desp****",
    "review_id": "2056737",
    "movie_id": "31365"
  },
  {
    "review": "그러니 아는 만큼 보이는 게야...몇몇 빼곤 왜 웃긴지 모르겠더라는...",
    "date": "07.09.27",
    "rating": "6",
    "author": "isha****",
    "review_id": "2055143",
    "movie_id": "31365"
  },
  {
    "review": "보면서 내가 이런걸 왜보고있나.. 하는 생각이 들더라..",
    "date": "07.09.23",
    "rating": "1",
    "author": "nikk****",
    "review_id": "2040135",
    "movie_id": "31365"
  },
  {
    "review": "어이없어서, 웃긴다. 일본식 개그.ㅋ",
    "date": "07.09.18",
    "rating": "7",
    "author": "cute****",
    "review_id": "2029349",
    "movie_id": "31365"
  },
  {
    "review": "개념은 똥속에 쳐넣어버리고,,엣찌에 미친 파리인간의 활극을 즐기자!",
    "date": "07.09.17",
    "rating": "7",
    "author": "dcap****",
    "review_id": "2026375",
    "movie_id": "31365"
  },
  {
    "review": "유치해서 못보겠더라..단칸 연기졸못하고",
    "date": "07.09.08",
    "rating": "5",
    "author": "tkba****",
    "review_id": "2008255",
    "movie_id": "31365"
  },
  {
    "review": "이영화는 일부로 이렇게 만든거 모두 알고있습니까?",
    "date": "07.08.23",
    "rating": "9",
    "author": "4164****",
    "review_id": "1971709",
    "movie_id": "31365"
  },
  {
    "review": "기타노의 색깔이 듬뿍담긴 명작",
    "date": "07.08.18",
    "rating": "9",
    "author": "skor****",
    "review_id": "1955193",
    "movie_id": "31365"
  },
  {
    "review": "난감하다.. 마치 전유물 같앗어 ㅋㅋㅋㅋㅋㅋ 생각없이 보기좋네",
    "date": "07.08.13",
    "rating": "7",
    "author": "flda****",
    "review_id": "1932074",
    "movie_id": "31365"
  },
  {
    "review": "무념무상 아스트랄 킬링타임 중후반까지는 재밌는데 그 뒤론 지루",
    "date": "07.07.13",
    "rating": "7",
    "author": "gkfq****",
    "review_id": "1770787",
    "movie_id": "31365"
  },
  {
    "review": "어차피 저급영화...웃겨 디비진다",
    "date": "07.07.04",
    "rating": "7",
    "author": "woww****",
    "review_id": "1745896",
    "movie_id": "31365"
  },
  {
    "review": "시작~끝까지끊임없는패러디를전부소화한다면최고의코미디영화!",
    "date": "07.07.03",
    "rating": "10",
    "author": "stra****",
    "review_id": "1743865",
    "movie_id": "31365"
  },
  {
    "review": "골때려",
    "date": "07.06.18",
    "rating": "7",
    "author": "arse****",
    "review_id": "1708565",
    "movie_id": "31365"
  },
  {
    "review": "짜증날 정도의 유치함만 견딜수 있으면 재밌게 볼수 있다.",
    "date": "07.06.12",
    "rating": "4",
    "author": "pant****",
    "review_id": "1697508",
    "movie_id": "31365"
  },
  {
    "review": "초반엔 눈물날정도로 웃다가 후반갈수록 하품하면서 눈물흘렷네..",
    "date": "07.04.27",
    "rating": "7",
    "author": "nohh****",
    "review_id": "1607404",
    "movie_id": "31365"
  },
  {
    "review": "웃긴 요소도 장황하면 약빨이 안받지.. 보면서 내성이 생기는 영화.",
    "date": "07.04.25",
    "rating": "6",
    "author": "lolo****",
    "review_id": "1604584",
    "movie_id": "31365"
  },
  {
    "review": "상상만으로 만들어진 영화",
    "date": "07.04.14",
    "rating": "8",
    "author": "wonb****",
    "review_id": "1587275",
    "movie_id": "31365"
  },
  {
    "review": "유니크도 도를 넘어서면 유니크가 아니게 된다",
    "date": "07.03.22",
    "rating": "6",
    "author": "redl****",
    "review_id": "1547634",
    "movie_id": "31365"
  },
  {
    "review": "후반으로 갈수록 지루해!!!",
    "date": "07.03.21",
    "rating": "5",
    "author": "crum****",
    "review_id": "1545641",
    "movie_id": "31365"
  },
  {
    "review": "신선하다가 재미있다가 가면갈수록 지루해지는건 나만? 신선의도를 넘었어",
    "date": "07.03.20",
    "rating": "6",
    "author": "6644****",
    "review_id": "1544030",
    "movie_id": "31365"
  },
  {
    "review": "파리인간만 빼면 무 ㅓㅎㅎㅎㅎㅎㅎㅎㅎ",
    "date": "07.03.16",
    "rating": "7",
    "author": "nars****",
    "review_id": "1537033",
    "movie_id": "31365"
  },
  {
    "review": "재밌다.",
    "date": "07.03.15",
    "rating": "10",
    "author": "wkse****",
    "review_id": "1535455",
    "movie_id": "31365"
  },
  {
    "review": "너무너무 황당하게 재미있다가 파리인간에서 도가 지나쳤다.",
    "date": "07.02.06",
    "rating": "6",
    "author": "hwan****",
    "review_id": "1447819",
    "movie_id": "31365"
  },
  {
    "review": "기발한 상상력에 놀래진 않고 웃기기만.",
    "date": "07.01.23",
    "rating": "10",
    "author": "toga****",
    "review_id": "1408723",
    "movie_id": "31365"
  },
  {
    "review": "생각없이 보고 웃고 즐기면 되는 영화.",
    "date": "07.01.21",
    "rating": "8",
    "author": "jhlu****",
    "review_id": "1403561",
    "movie_id": "31365"
  },
  {
    "review": "굳",
    "date": "07.01.08",
    "rating": "10",
    "author": "yaco****",
    "review_id": "1366771",
    "movie_id": "31365"
  },
  {
    "review": "생각보다오래됐네;;마지막에백터맨이생각나다니..ㅋㅋ",
    "date": "06.12.20",
    "rating": "6",
    "author": "shai****",
    "review_id": "1307198",
    "movie_id": "31365"
  },
  {
    "review": "으하하하 모두들 보기는 봤습니까?",
    "date": "06.12.15",
    "rating": "7",
    "author": "rudd****",
    "review_id": "1293519",
    "movie_id": "31365"
  },
  {
    "review": "푸핫 생각할수록 어처구니가 없다.",
    "date": "06.12.09",
    "rating": "7",
    "author": "damu****",
    "review_id": "1277611",
    "movie_id": "31365"
  },
  {
    "review": "웃긴다.",
    "date": "06.12.01",
    "rating": "8",
    "author": "ima7****",
    "review_id": "1260390",
    "movie_id": "31365"
  },
  {
    "review": "이런 쓰레기 영화는 태어나서 처음..",
    "date": "06.11.14",
    "rating": "1",
    "author": "pgss****",
    "review_id": "1232565",
    "movie_id": "31365"
  },
  {
    "review": "아 진짜 많이 웃었다... 배아퍼서 죽는 줄....",
    "date": "06.11.13",
    "rating": "10",
    "author": "dltm****",
    "review_id": "1231145",
    "movie_id": "31365"
  },
  {
    "review": "웃어라 이것이 다케시의 유머다 크허허허..",
    "date": "06.10.27",
    "rating": "9",
    "author": "nirv****",
    "review_id": "1201719",
    "movie_id": "31365"
  },
  {
    "review": "황당 유치하지만 재미는 있다. 제작시기를 생각한다면 그럭저럭",
    "date": "06.10.20",
    "rating": "7",
    "author": "unza****",
    "review_id": "1189651",
    "movie_id": "31365"
  },
  {
    "review": "재밌네..",
    "date": "06.10.13",
    "rating": "9",
    "author": "redh****",
    "review_id": "1178373",
    "movie_id": "31365"
  },
  {
    "review": "그냥 아무생각없이 봐야 재밌는영화 오랜만에 진짜웃어본영화",
    "date": "06.10.09",
    "rating": "10",
    "author": "shp1****",
    "review_id": "1173769",
    "movie_id": "31365"
  },
  {
    "review": "다들 왜이러신지? 웃다가 내장 튀어나올뻔;; 너무 웃겨요 ㅋㅋ",
    "date": "06.10.08",
    "rating": "10",
    "author": "ywj0****",
    "review_id": "1171154",
    "movie_id": "31365"
  },
  {
    "review": "평점은 낮지만 후세 기록될 매니아적 기발한 영화.감독의 천재성",
    "date": "06.10.08",
    "rating": "10",
    "author": "zios****",
    "review_id": "1169704",
    "movie_id": "31365"
  },
  {
    "review": "패러디한 내용을 알고있었다면 더 좋았을텐데...",
    "date": "06.09.14",
    "rating": "7",
    "author": "lllm****",
    "review_id": "1121052",
    "movie_id": "31365"
  },
  {
    "review": "파리사나이만 빼면 좋았다",
    "date": "06.09.13",
    "rating": "1",
    "author": "jera****",
    "review_id": "1120181",
    "movie_id": "31365"
  },
  {
    "review": "시간이 흐를수록 모니터를 뽀개고 싶은 생각이 든다.",
    "date": "06.09.06",
    "rating": "1",
    "author": "ttur****",
    "review_id": "1106998",
    "movie_id": "31365"
  },
  {
    "review": "모두 했다간 큰일 날걸요?^^;; 끝날줄 모르는 애피소드에 썸업!",
    "date": "06.09.05",
    "rating": "7",
    "author": "jals****",
    "review_id": "1105158",
    "movie_id": "31365"
  },
  {
    "review": "대다수의 우리나라 사람들이 보기엔 이해못할영화.",
    "date": "06.09.05",
    "rating": "7",
    "author": "hows****",
    "review_id": "1104391",
    "movie_id": "31365"
  },
  {
    "review": "익숙치않은 공상 패러디 코미디에 어처구니없는 웃음. 허..",
    "date": "06.09.04",
    "rating": "6",
    "author": "fred****",
    "review_id": "1101341",
    "movie_id": "31365"
  },
  {
    "review": "주제의식에서 벗어난 기타노 다케시 작품중 가장 실망적",
    "date": "06.09.03",
    "rating": "2",
    "author": "okjo****",
    "review_id": "1099517",
    "movie_id": "31365"
  },
  {
    "review": "진짜 이런 쓰레기영화 첨본다./..진짜 할말없다...",
    "date": "06.09.03",
    "rating": "3",
    "author": "un1t****",
    "review_id": "1099200",
    "movie_id": "31365"
  },
  {
    "review": "중반까지는 좋았으나 파리인간 되면서 할말이 없더라...ㅡ.ㅡ:::",
    "date": "06.09.03",
    "rating": "5",
    "author": "seel****",
    "review_id": "1098206",
    "movie_id": "31365"
  },
  {
    "review": "간만에 제대로 웃긴영화..진짜ㅋㅋ",
    "date": "06.09.03",
    "rating": "10",
    "author": "lopc****",
    "review_id": "1098098",
    "movie_id": "31365"
  },
  {
    "review": "엄청 골때리게 미친듯이 웃긴 영화! 최고!!!",
    "date": "06.08.30",
    "rating": "10",
    "author": "uzit****",
    "review_id": "1090380",
    "movie_id": "31365"
  },
  {
    "review": "이영화는 딱 1시간만 볼것을 권고합니다.",
    "date": "06.07.30",
    "rating": "2",
    "author": "topc****",
    "review_id": "944398",
    "movie_id": "31365"
  },
  {
    "review": "초반에 웃기다가 후반부에 아스트랄..",
    "date": "06.07.26",
    "rating": "2",
    "author": "spic****",
    "review_id": "922662",
    "movie_id": "31365"
  }
]