[
  {
    "review": "내인생 최고의 작품 이었다.",
    "date": "14.07.31",
    "rating": "10",
    "author": "jjuj****",
    "review_id": "8996414",
    "movie_id": "31379"
  },
  {
    "review": "best",
    "date": "13.04.22",
    "rating": "10",
    "author": "jhim****",
    "review_id": "7474194",
    "movie_id": "31379"
  },
  {
    "review": "또 보고싶다 ㅠㅠㅠㅠㅠㅠㅠㅠㅠ",
    "date": "13.04.04",
    "rating": "10",
    "author": "yuri****",
    "review_id": "7434461",
    "movie_id": "31379"
  },
  {
    "review": "유일하게 용서되는 빈유여성 앨리 ㅋㅋㅋ 넘흐 사랑스러움 ㅠㅠ",
    "date": "12.02.06",
    "rating": "10",
    "author": "silv****",
    "review_id": "6057832",
    "movie_id": "31379"
  },
  {
    "review": "신나게웃고싶다면",
    "date": "11.09.28",
    "rating": "10",
    "author": "gogo****",
    "review_id": "5757127",
    "movie_id": "31379"
  },
  {
    "review": "내 인생 최고의 미드!!",
    "date": "11.08.24",
    "rating": "10",
    "author": "xmfo****",
    "review_id": "5683859",
    "movie_id": "31379"
  },
  {
    "review": "스토리가 짜임새있고 배우들의 연기도 굿",
    "date": "11.05.02",
    "rating": "6",
    "author": "evil****",
    "review_id": "5403191",
    "movie_id": "31379"
  },
  {
    "review": "러블리..러블리러블리...",
    "date": "11.04.28",
    "rating": "10",
    "author": "zuok****",
    "review_id": "5395636",
    "movie_id": "31379"
  },
  {
    "review": "본격 미드를 보게한 드라마. 링우, 일레인 등 개성있는 캐릭터들이 기억에 남는다",
    "date": "10.06.18",
    "rating": "9",
    "author": "coco****",
    "review_id": "4572594",
    "movie_id": "31379"
  },
  {
    "review": "케이블로도 봤고 dvd로도 본... 무척 깔끔한... 드라마.. 강추..",
    "date": "10.01.21",
    "rating": "10",
    "author": "elvi****",
    "review_id": "4193823",
    "movie_id": "31379"
  },
  {
    "review": "20대의 시작을 함께 했다. 앨리맥빌을 보며 행복했다.",
    "date": "08.05.19",
    "rating": "10",
    "author": "leh0****",
    "review_id": "2650778",
    "movie_id": "31379"
  },
  {
    "review": "우리와 같으면서도 다른 그들의 일상 하나하나가 생각하게 만들었던 드라마.",
    "date": "07.11.14",
    "rating": "10",
    "author": "vall****",
    "review_id": "2150981",
    "movie_id": "31379"
  },
  {
    "review": "1시즌 후반부부터 최고~",
    "date": "07.07.31",
    "rating": "10",
    "author": "k_yo****",
    "review_id": "1832379",
    "movie_id": "31379"
  },
  {
    "review": "미국의 신선한 재미를 주었던 법정드라마",
    "date": "07.04.12",
    "rating": "8",
    "author": "almo****",
    "review_id": "1584955",
    "movie_id": "31379"
  },
  {
    "review": "볼수록 중독돼지만 안타까워서 못보겠다;;",
    "date": "07.03.16",
    "rating": "8",
    "author": "rams****",
    "review_id": "1536725",
    "movie_id": "31379"
  },
  {
    "review": "최고의 법정 드라마. 천재 작가 E. kelly의 작품. 멋진 대사들..",
    "date": "07.02.17",
    "rating": "9",
    "author": "free****",
    "review_id": "1479701",
    "movie_id": "31379"
  },
  {
    "review": "최고다.bar에서의 엔딩씬은 참 죠아",
    "date": "06.12.31",
    "rating": "10",
    "author": "naeg****",
    "review_id": "1345377",
    "movie_id": "31379"
  },
  {
    "review": "전편 다보고싶다..",
    "date": "06.10.04",
    "rating": "9",
    "author": "oioi****",
    "review_id": "1159124",
    "movie_id": "31379"
  },
  {
    "review": "앨리가 너무 귀여워요..^^",
    "date": "06.06.01",
    "rating": "10",
    "author": "gusw****",
    "review_id": "826611",
    "movie_id": "31379"
  },
  {
    "review": "아쉽다..",
    "date": "06.05.28",
    "rating": "7",
    "author": "zeed****",
    "review_id": "819327",
    "movie_id": "31379"
  },
  {
    "review": "이런 류의 드라마를 내가 중독적으로 보게될 줄 몰랐음..",
    "date": "05.08.17",
    "rating": "9",
    "author": "kurt****",
    "review_id": "371716",
    "movie_id": "31379"
  },
  {
    "review": "프렌즈이후 최고의 드라마, 24이전까지..앨리 넘 깜찍 ㅋ",
    "date": "05.07.26",
    "rating": "9",
    "author": "joey****",
    "review_id": "335675",
    "movie_id": "31379"
  },
  {
    "review": "보면 안다!!",
    "date": "05.04.13",
    "rating": "10",
    "author": "pial****",
    "review_id": "259114",
    "movie_id": "31379"
  },
  {
    "review": "재밌는데..중독성이 있다중간에 멈춘 작품이라..",
    "date": "05.04.05",
    "rating": "9",
    "author": "pjyl****",
    "review_id": "254216",
    "movie_id": "31379"
  },
  {
    "review": "별로야...",
    "date": "05.03.20",
    "rating": "1",
    "author": "cass****",
    "review_id": "244494",
    "movie_id": "31379"
  },
  {
    "review": "베리굳.ㅎㅎㅎㅎ",
    "date": "05.03.20",
    "rating": "10",
    "author": "sybl****",
    "review_id": "244367",
    "movie_id": "31379"
  },
  {
    "review": "진짜 좋아,ㅠ",
    "date": "05.01.26",
    "rating": "10",
    "author": "vlee****",
    "review_id": "196506",
    "movie_id": "31379"
  },
  {
    "review": "앨리맥빌!!!!!!!!!!!!!!!!꺄악♡",
    "date": "05.01.21",
    "rating": "10",
    "author": "bom2****",
    "review_id": "191589",
    "movie_id": "31379"
  },
  {
    "review": "너무너무 재밌어요! 앨리맥빌에 푹~ 빠졌습니다!!",
    "date": "04.12.22",
    "rating": "10",
    "author": "grea****",
    "review_id": "167436",
    "movie_id": "31379"
  },
  {
    "review": "프렌즈 같이 보는드라마...둘다 좋아 ㅋㅋ",
    "date": "04.10.08",
    "rating": "10",
    "author": "lost****",
    "review_id": "122313",
    "movie_id": "31379"
  },
  {
    "review": "귀여운 앨리..^^ 그녀가 펼치는 상큼한 러브스토리",
    "date": "04.09.12",
    "rating": "10",
    "author": "sexy****",
    "review_id": "106768",
    "movie_id": "31379"
  },
  {
    "review": "베리 본다 노래가 정말좋아여",
    "date": "04.07.25",
    "rating": "10",
    "author": "lost****",
    "review_id": "76558",
    "movie_id": "31379"
  },
  {
    "review": "감동 유쾌 엽기 발랄.. 그 모든것을 느낄 수 있게 만드는 드라마..",
    "date": "04.07.02",
    "rating": "10",
    "author": "stay****",
    "review_id": "63792",
    "movie_id": "31379"
  },
  {
    "review": "삽입된 음악만으로도 즐거운 드라마",
    "date": "04.06.25",
    "rating": "10",
    "author": "cat1****",
    "review_id": "60136",
    "movie_id": "31379"
  },
  {
    "review": "정말 멋진 영화입니다 ㅋ 드라마 아닌가?ㅡㅡ 짱!!!",
    "date": "04.02.04",
    "rating": "10",
    "author": "sata****",
    "review_id": "15659",
    "movie_id": "31379"
  }
]