[
  {
    "review": "평점만 믿고 봤는데 결말보고 아렇게 짜증난 영화는 오랜만임",
    "date": "15.08.27",
    "rating": "1",
    "author": "jsh1****",
    "review_id": "10278099",
    "movie_id": "31371"
  },
  {
    "review": "일본스러운 약간 변형적이지만 전형적인 비슷한 스토리 연출 이젠 느낌아니깐 개인적 진부하게느껴짐 히로스에도 아직 이쁘지만 세월이 어쩔수없이 지나가는듯",
    "date": "15.08.13",
    "rating": "2",
    "author": "skrr****",
    "review_id": "10222206",
    "movie_id": "31371"
  },
  {
    "review": "사랑하는 사람을 떠나 보내는 것과 사랑하는 사람을 떠나 가야하는 것 어떤게 더 아플까?",
    "date": "15.07.27",
    "rating": "10",
    "author": "ksj8****",
    "review_id": "10148823",
    "movie_id": "31371"
  },
  {
    "review": "료코... 사랑해요♡",
    "date": "15.07.21",
    "rating": "10",
    "author": "lova****",
    "review_id": "10126760",
    "movie_id": "31371"
  },
  {
    "review": "고등학교때 영화관에서 본 비밀 영화 ^^ 그때 히로스에료코는 가히 최고였다.",
    "date": "15.07.20",
    "rating": "10",
    "author": "dani****",
    "review_id": "10122457",
    "movie_id": "31371"
  },
  {
    "review": "료쿄누님 리즈시절임... ㅠㅠ역지 마지막은 슬프네...오랜만에 다시봤는데",
    "date": "15.07.13",
    "rating": "10",
    "author": "kyh2****",
    "review_id": "10099697",
    "movie_id": "31371"
  },
  {
    "review": "\"입으로 해줄까?\" 라는 대사가 아직도 기억이 난다.이런 내 자신이 싫다...",
    "date": "15.07.06",
    "rating": "7",
    "author": "viph****",
    "review_id": "10074835",
    "movie_id": "31371"
  },
  {
    "review": "어릴때봤던영화. 너무좋은기억으로남아있어서 최근에 다시다운받아봤다.나...어릴땐어떤아이였던걸까.. 이영화가 그렇게 좋은느낌으로남다니.. 부모와자식의 관계를 너무 가볍게생각했었나. 영화를 다시보면서 도저히 쭉보고있을수가 없을정도로 불편하다.",
    "date": "15.06.26",
    "rating": "3",
    "author": "hoio****",
    "review_id": "10039107",
    "movie_id": "31371"
  },
  {
    "review": "분명히 스시녀인데 하는 짓은 어리버리한 김치녀. 헤이짱에 몰입해서보면 어느샌가 부들부들하는 나를 볼수있음",
    "date": "15.06.26",
    "rating": "8",
    "author": "skad****",
    "review_id": "10037967",
    "movie_id": "31371"
  },
  {
    "review": "상심한 아빠는 심야식당을 열게 되는데...",
    "date": "15.06.10",
    "rating": "9",
    "author": "sanh****",
    "review_id": "9987543",
    "movie_id": "31371"
  },
  {
    "review": "겨우겨우 끝까지 봤습니다.. 재미는 물론이고 감동도 없는.. 스토리전개가 엉성합니다.. 좋은 소재를 잘 살리지 못하네요..",
    "date": "15.06.09",
    "rating": "4",
    "author": "kang****",
    "review_id": "9986651",
    "movie_id": "31371"
  },
  {
    "review": "헤이짱이 불쌍해서 눈물이 난다 진심",
    "date": "15.05.17",
    "rating": "9",
    "author": "piso****",
    "review_id": "9924954",
    "movie_id": "31371"
  },
  {
    "review": "두말할것 없이 모든면에서 최고다! 히로스에 료코도 짱임!",
    "date": "15.05.14",
    "rating": "10",
    "author": "ryok****",
    "review_id": "9916539",
    "movie_id": "31371"
  },
  {
    "review": "무슨이딴영화가 8점이넘냐.. 히료스에료코아니었으면 1점짜리다진짜..",
    "date": "15.05.04",
    "rating": "2",
    "author": "ki12****",
    "review_id": "9892338",
    "movie_id": "31371"
  },
  {
    "review": "처음 이 영화를 보고 빙의를 알았다ㅎ",
    "date": "15.05.02",
    "rating": "10",
    "author": "poke****",
    "review_id": "9887644",
    "movie_id": "31371"
  },
  {
    "review": "아줌마의 만행이 역겨운 영화. 내가 딸가진 부모라면 절대 못했을 짓들. 딸보다 남편을 더 사랑하고 남편보다 자신을 더 사랑한 여자. 남편 헤이스케의 인생을 빼앗고 딸 히로스에 료코의 영혼을 빼앗은 여자..더러운 아줌마의 비밀..",
    "date": "15.04.23",
    "rating": "6",
    "author": "vmvm****",
    "review_id": "9861268",
    "movie_id": "31371"
  },
  {
    "review": "10점 만점은 너무하네요. 난 예전에 봤을때 그냥, 만화적 상상의 영화라 생각만 했을뿐.영화라면 기억에 오래  남아야 명작인데, 나에게는 그냥 그런 영화,",
    "date": "15.04.15",
    "rating": "8",
    "author": "teya****",
    "review_id": "9847278",
    "movie_id": "31371"
  },
  {
    "review": "결국 젊은 놈이랑 결혼 할라구 구라친 마누라 ㅋㅋ",
    "date": "15.04.11",
    "rating": "1",
    "author": "supe****",
    "review_id": "9840356",
    "movie_id": "31371"
  },
  {
    "review": "감동받으면서 울적하게 보고있었는데 반전도 소름;;",
    "date": "15.04.11",
    "rating": "9",
    "author": "kjsg****",
    "review_id": "9839054",
    "movie_id": "31371"
  },
  {
    "review": "료코가 좋아지게 만든 영화♥",
    "date": "15.04.06",
    "rating": "9",
    "author": "dhfl****",
    "review_id": "9830788",
    "movie_id": "31371"
  },
  {
    "review": "[ 스토리 10,  비주얼 9,  연출 8,  연기 7 ]　검증된 시나리오 위에 반짝반짝 빛나는 료코의 연기.",
    "date": "15.04.05",
    "rating": "9",
    "author": "eyeb****",
    "review_id": "9828215",
    "movie_id": "31371"
  },
  {
    "review": "히로스에 료코 리즈시절 ㄷㄷㄷㄷ;; 추억의 인물이 되버렸네",
    "date": "15.04.04",
    "rating": "10",
    "author": "orra****",
    "review_id": "9825644",
    "movie_id": "31371"
  },
  {
    "review": "히로스에 료코 너무 예쁘게 나온다",
    "date": "15.04.01",
    "rating": "10",
    "author": "gbwl****",
    "review_id": "9819450",
    "movie_id": "31371"
  },
  {
    "review": "너무재밌다.. 소름이 몇번 돋앗는지",
    "date": "15.03.27",
    "rating": "10",
    "author": "pkpa****",
    "review_id": "9809263",
    "movie_id": "31371"
  },
  {
    "review": "야이 멍청한것들아 엄마도 노력했는데 안되니까 현실에서 어쩔수없이 딸의삶을 선택한거잖아 나는 1999년도 고딩딴봐도 이해되던데 자기기준에보지말고 영화에 몰입해서봐라",
    "date": "15.03.20",
    "rating": "10",
    "author": "kmj8****",
    "review_id": "9794326",
    "movie_id": "31371"
  },
  {
    "review": "진짜 여운 개쩔음! 일본영화에셔 제일 인상깊음근데 댓글중에 딸과 남편이 그대로 살아야 한다는 사람 말이되냐? 영화를 제대로 본거냐? 사회적으로 불가능 하니까 글지 중2냐?",
    "date": "15.02.03",
    "rating": "10",
    "author": "moon****",
    "review_id": "9662580",
    "movie_id": "31371"
  },
  {
    "review": "ㅠㅠ핵노잼, ㅋㅋㅋ.",
    "date": "15.01.26",
    "rating": "1",
    "author": "chlw****",
    "review_id": "9638055",
    "movie_id": "31371"
  },
  {
    "review": "영화 10년 만에 다시 봤는데 턱 만지는 버릇에서 끝나는게 아니라 이후 내용이 있었네",
    "date": "15.01.22",
    "rating": "9",
    "author": "guse****",
    "review_id": "9623351",
    "movie_id": "31371"
  },
  {
    "review": "료코쨔응 인생 영화. 이거 보면 한동안 료코앓이에 시달릴 각오해야함. 마지막에 천사의한숨 노래 깔리면서 료코쨔응 얼굴 표정 변하는 씬은 정말 잊혀질 수 없을 듯 하다. 보게 된다면 후회는 안할 영화임",
    "date": "15.01.15",
    "rating": "8",
    "author": "zxvt****",
    "review_id": "9595368",
    "movie_id": "31371"
  },
  {
    "review": "어찌 영화볼줄이렇게도 모르는가...마누라가 딸아이의 몸속으로들어가서 남편과다시잘해볼려고 햇지만 어쩔수없는현실에 포기하고 맘아프지만 나중에 딸인척 연기하는모습은 가슴에 않와닫는가? 그리고 결혼식 마지막까지 결혼반지를 소지하는 장면은?",
    "date": "15.01.07",
    "rating": "9",
    "author": "arma****",
    "review_id": "9572148",
    "movie_id": "31371"
  },
  {
    "review": "선을 넘어버린 지나친 설정.",
    "date": "15.01.07",
    "rating": "5",
    "author": "ogr5****",
    "review_id": "9571237",
    "movie_id": "31371"
  },
  {
    "review": "갑자기 생각 나서 보게 된 추억의 영화. 결말을 알고 봐서 재미가 반감되긴 했지만... 남편 너무 불쌍하다ㅜㅜ 쨌든 저 시절 히로스에 료코는 정말 눈부시다",
    "date": "14.12.07",
    "rating": "8",
    "author": "ddal****",
    "review_id": "9456668",
    "movie_id": "31371"
  },
  {
    "review": "흥미로운 소재였고 전개는 좋았지만 어딘가 느껴지는 불퀘함과 갑자스럽게 3류영화가 되어버리는 듯한 찝찝한 결말",
    "date": "14.11.22",
    "rating": "7",
    "author": "the0****",
    "review_id": "9408688",
    "movie_id": "31371"
  },
  {
    "review": "딸과 엄마 사이에서 남편을 위해 자신의 삶을 희생한 그 엄마의 헌신이 놀랍습니다. 마지막에 통수가...ㅎㅎ 아무튼 좋은 영화입니다.",
    "date": "14.11.19",
    "rating": "8",
    "author": "vers****",
    "review_id": "9401501",
    "movie_id": "31371"
  },
  {
    "review": "료코는 신이다 신ㅠㅠㅠ",
    "date": "14.11.07",
    "rating": "10",
    "author": "tear****",
    "review_id": "9350018",
    "movie_id": "31371"
  },
  {
    "review": "딸을 위한다고 하는 언행들은 실은 자기내면의 욕망을 채우고자 지어낸 위선적인 행위들이다. 내재된 욕망/불륜을 합리화하려는 것들이 눈에 보이기 때문에 마지막까지 역겨웠던 영화.",
    "date": "14.10.24",
    "rating": "1",
    "author": "park****",
    "review_id": "9313543",
    "movie_id": "31371"
  },
  {
    "review": "키즈리턴에 마짱이 여기나오네 !!",
    "date": "14.10.17",
    "rating": "7",
    "author": "wjaw****",
    "review_id": "9297684",
    "movie_id": "31371"
  },
  {
    "review": "소름끼치는 원작의 결말과는 영 다른 영화가 되어버림",
    "date": "14.10.03",
    "rating": "1",
    "author": "kand****",
    "review_id": "9259261",
    "movie_id": "31371"
  },
  {
    "review": "음. 기분나쁘고 불쾌한 스토리",
    "date": "14.10.01",
    "rating": "1",
    "author": "dyfh****",
    "review_id": "9251947",
    "movie_id": "31371"
  },
  {
    "review": "납득이 잘 가지 않는 결말.",
    "date": "14.09.30",
    "rating": "6",
    "author": "cube****",
    "review_id": "9251124",
    "movie_id": "31371"
  },
  {
    "review": "료코의 리즈시절이지.. 이영화보고 히로스에료코 나오는 드라마,영화,방송 다챙겨봤음..료코너무좋다",
    "date": "14.09.30",
    "rating": "10",
    "author": "bban****",
    "review_id": "9250811",
    "movie_id": "31371"
  },
  {
    "review": "말이  필요없다 나에게는  최고다",
    "date": "14.09.28",
    "rating": "10",
    "author": "chan****",
    "review_id": "9246118",
    "movie_id": "31371"
  },
  {
    "review": "얼굴이랑 몸은 딸이라 좀 보기 불쾌했다 그것뿐 감동적 애틋함 그런건 느끼지못했음 소재만특이할뿐",
    "date": "14.09.17",
    "rating": "3",
    "author": "db02****",
    "review_id": "9221253",
    "movie_id": "31371"
  },
  {
    "review": "13년 만에 다시보니까 좋네 물론 그때 만큼의 감동이나 여운은 느낄 수가 없었어 그때보이지 않았던것들이 시간이 지나 눈에 보이더군 하지만 그때나 지금이나 이 영화 빠져들 수 밖에 없는 이유 히로스에 료코 때문이다.",
    "date": "14.09.15",
    "rating": "10",
    "author": "trip****",
    "review_id": "9215882",
    "movie_id": "31371"
  },
  {
    "review": "원숭이들의 상상은 영화로 끝난다",
    "date": "14.09.11",
    "rating": "6",
    "author": "leon****",
    "review_id": "9205848",
    "movie_id": "31371"
  },
  {
    "review": "이게 감동적이라는것들은 영화 제대로 본거 맞냐?? 아니면 진짜 단세포생물들인건지... 진짜 소름끼치는 영화다 책으로 먼저보고 영화 봐서그런지 중간에 딸이랑 엄마랑 왔다갔다하는부분부터 점점 기분 드러워지더라 특히 나오코 울면서 쌩쑈하는부분은 진짜 ㅋㅋㅋ",
    "date": "14.09.03",
    "rating": "1",
    "author": "g950****",
    "review_id": "9156728",
    "movie_id": "31371"
  },
  {
    "review": "무슨 이런 근친상간 패륜 조장 영화를 평점을 이렇게 주었지? 사람들이 미쳐가는구나,,,",
    "date": "14.08.17",
    "rating": "1",
    "author": "holy****",
    "review_id": "9101755",
    "movie_id": "31371"
  },
  {
    "review": "평점 높아서 보다가 딱 기억나버렸다 중딩인지 고딩 시절 이거 학교에서 보고 멘탈이 와장창 깨진 트라우마 영화 마지막 장면에서의 쇼크로 토할뻔 했다. 아빠가 허...딸이 허...아오  이딴거는 소재로 삼지 말자 일본놈들아!!! 여학생에 뭐 원수 졌냐?!",
    "date": "14.08.14",
    "rating": "1",
    "author": "heal****",
    "review_id": "9084763",
    "movie_id": "31371"
  },
  {
    "review": "8점대가 적당한 평점입니다",
    "date": "14.08.14",
    "rating": "8",
    "author": "poke****",
    "review_id": "9082179",
    "movie_id": "31371"
  },
  {
    "review": "이건 좀 아니지....아...초반엔 약간에 기대라도했는데...가면갈수록 그냥 뭔가 불편하고 응어리진거같고 보고나서도 개운하지가않다....",
    "date": "14.08.02",
    "rating": "1",
    "author": "arko****",
    "review_id": "9006341",
    "movie_id": "31371"
  },
  {
    "review": "재미는 있는데 보고난 후 이 찝찝함...",
    "date": "14.07.19",
    "rating": "6",
    "author": "rufo****",
    "review_id": "8931209",
    "movie_id": "31371"
  },
  {
    "review": "안보는게 답일수도,,불쾌하다 심히",
    "date": "14.07.03",
    "rating": "1",
    "author": "rome****",
    "review_id": "8878063",
    "movie_id": "31371"
  },
  {
    "review": "불쾌한영화다 정말.하지만 그 상상력을 갖고 잘 만들어냈다. 여운이 가시질 않는다. 마지막 영화 끝날때 히로스에 료코의 그 씁쓸한 미소.. 엄마의 몇년간의 속임이 슬프면서도 그 치밀함에 소름돋는다.",
    "date": "14.06.28",
    "rating": "8",
    "author": "hhky****",
    "review_id": "8863096",
    "movie_id": "31371"
  },
  {
    "review": "이건 `비밀`이 아니다. 성욕에 목마른 여자의 `사기`다. 오히려 사랑이라는 이름에 먹칠을 하는 찝찝한 영화. 료코 얼굴이었으니 그나마 살렸지 안그랬으면 `사랑과 전쟁`이나 `범죄 스릴러`에 가까운 영화다.",
    "date": "14.06.25",
    "rating": "1",
    "author": "orim****",
    "review_id": "8853039",
    "movie_id": "31371"
  },
  {
    "review": "어린시절 이영화를 보고는 나오코가 나쁘다고 생각했고 남편이 불쌍했다! 나이가들어 다시보니 나오코와 남편 모두가 불쌍해서 울어버렸다! 료코에 역대급 미모는 보너스",
    "date": "14.06.13",
    "rating": "10",
    "author": "dusr****",
    "review_id": "8827698",
    "movie_id": "31371"
  },
  {
    "review": "원작도 읽었고 영화도 봤었는데, 영화가 더 뭔가 애절한듯. 아무래도 료코때문인듯하다. 남편 역할을 한 사람도 연기 잘했고 료코도 연기 잘했고. 드라마 연애시대처럼 스크린이 원작보다 더 나은 결과가 나온듯",
    "date": "14.06.07",
    "rating": "8",
    "author": "xgam****",
    "review_id": "8809466",
    "movie_id": "31371"
  },
  {
    "review": "히가시노 게이고가 감독 패러 안간게 용할 따름 ㅡㅡ",
    "date": "14.06.03",
    "rating": "6",
    "author": "iqpi****",
    "review_id": "8790804",
    "movie_id": "31371"
  },
  {
    "review": "결말보고 느낀점! 영화는 영화다.",
    "date": "14.05.23",
    "rating": "7",
    "author": "pron****",
    "review_id": "8756959",
    "movie_id": "31371"
  },
  {
    "review": "영화볼줄모르고 악플다는초딩들 많네 1번째 베드신에서 아내가 같이 자자는데 딸하고는 잘수없다고 남편이 거부하자나 2번째 베드신에서도 남편이 결국 그거를 못하고 다음날 아내한테 딸로써 살아가라자녀 그래서 남편이 속끓이지않게 딸인척 살아가는거아냐",
    "date": "14.05.20",
    "rating": "10",
    "author": "iso2****",
    "review_id": "8749003",
    "movie_id": "31371"
  },
  {
    "review": "재밌지 네이버 평점 믿음이가네",
    "date": "14.05.14",
    "rating": "9",
    "author": "hsp9****",
    "review_id": "8729202",
    "movie_id": "31371"
  },
  {
    "review": "어렷을때 본거지만 아직까지 일본멜로영화중 길이길이 기억에 남는 영화",
    "date": "14.05.09",
    "rating": "8",
    "author": "kimj****",
    "review_id": "8717175",
    "movie_id": "31371"
  },
  {
    "review": "너무 애절하고 짠한 영화... 히로스에 료코의 전성기 시절의 미모를 볼 수 있다는 것만으로도 볼 가치는 충분함.",
    "date": "14.05.06",
    "rating": "9",
    "author": "ghdu****",
    "review_id": "8711755",
    "movie_id": "31371"
  },
  {
    "review": "한마디로 정의하기 어렵다. 흥미있게 보긴했지만 찜찜한 뒷맛이 남는다. 마지막의 서로 짐짓 모른체하는 장면은 현실을 그대로 반영한것일지도...",
    "date": "14.05.01",
    "rating": "7",
    "author": "bbb2****",
    "review_id": "8688584",
    "movie_id": "31371"
  },
  {
    "review": "가족 사랑 희생.. 이 영화의 키워드다. 나오코를 이기적이라 본 사람들은 10년후에 영화 다시 봐라",
    "date": "14.05.01",
    "rating": "10",
    "author": "kymi****",
    "review_id": "8688397",
    "movie_id": "31371"
  },
  {
    "review": "말도안돼.... 한 5년후쯤에 다시봐야겠다",
    "date": "14.04.21",
    "rating": "8",
    "author": "gpwl****",
    "review_id": "8664790",
    "movie_id": "31371"
  },
  {
    "review": "만약 나였다면? 여러번 생각해보게 만드는 결말.. 그리고 료코는 정말 반짝반짝",
    "date": "14.04.13",
    "rating": "8",
    "author": "mole****",
    "review_id": "8648730",
    "movie_id": "31371"
  },
  {
    "review": "나의 정서로는 도저히 이해 할 수 없는 영화다.화가 난다.. 정말 화 난다... 딸을위해서??? 말이 되는 소리를해야지 아.. 이딴것도 영화라고 ㅡㅡ",
    "date": "14.04.13",
    "rating": "1",
    "author": "anru****",
    "review_id": "8646646",
    "movie_id": "31371"
  },
  {
    "review": "아진짜 너무 화난다 남편 떠나는게 남편을 위하는줄 아는데 그게 더 괴롭게 하는거 아닌가?",
    "date": "14.04.10",
    "rating": "1",
    "author": "sejo****",
    "review_id": "8640637",
    "movie_id": "31371"
  },
  {
    "review": "철없을때 봤었는데...",
    "date": "14.04.10",
    "rating": "10",
    "author": "stup****",
    "review_id": "8638895",
    "movie_id": "31371"
  },
  {
    "review": "발 정 난 아줌마 역겹다 딸이 불쌍하다",
    "date": "14.04.09",
    "rating": "1",
    "author": "last****",
    "review_id": "8637048",
    "movie_id": "31371"
  },
  {
    "review": "진짜 최고다  남편이 딸이름으로 료코 부를때 브금이며 분위기때문에 울뻔했다..",
    "date": "14.04.06",
    "rating": "10",
    "author": "2853****",
    "review_id": "8631562",
    "movie_id": "31371"
  },
  {
    "review": "와 늙어도 여자는 이쁘구나 처음 느낀사람이 히로스에 료코가 첨인거같다",
    "date": "14.04.05",
    "rating": "10",
    "author": "dugi****",
    "review_id": "8628811",
    "movie_id": "31371"
  },
  {
    "review": "재개봉으로 봤는데 잼있네요",
    "date": "14.04.04",
    "rating": "10",
    "author": "qmfw****",
    "review_id": "8628145",
    "movie_id": "31371"
  },
  {
    "review": "아빠와 딸이 육체적관계를 가진것도 아닌데 댓글반응들이 이상하네요/ 또 후미야의 과거사가 계기가 되어 남편이 아내를 놔주기로 결심한거고, 아내도 받아들이고 남편이 힘들지않게,자연스럽게 멀어지기 위해 연기를 하며 홀로 벽을 쌓은거죠 이기적인게 아닙니다..",
    "date": "14.04.03",
    "rating": "10",
    "author": "teru****",
    "review_id": "8626266",
    "movie_id": "31371"
  },
  {
    "review": "제가 본 일본영화중 최고였습니다. 하지만 멜로드라마 같은 스토리를 좋아하지 않는 분이나, 일본영화에 거부감이 있는 분들에게는 추천드리고 싶지 않네요.",
    "date": "14.04.01",
    "rating": "10",
    "author": "jokk****",
    "review_id": "8621622",
    "movie_id": "31371"
  },
  {
    "review": "이때의 료코는 하나님의 역사하심이다",
    "date": "14.03.31",
    "rating": "10",
    "author": "torh****",
    "review_id": "8620508",
    "movie_id": "31371"
  },
  {
    "review": "대부분의 남자들은 결말을 보고 화냄... 그러나 요코는 이쁘다.",
    "date": "14.03.31",
    "rating": "7",
    "author": "gks2****",
    "review_id": "8620477",
    "movie_id": "31371"
  },
  {
    "review": "비밀도 좋지만, 히로스에료코의 명작 굿`바이도 극장에서다시보고싶고,같은 감독의 명작 `환생` 도 극장에서 다시 보고싶다..재개봉 해라!!!",
    "date": "14.03.31",
    "rating": "10",
    "author": "slam****",
    "review_id": "8620137",
    "movie_id": "31371"
  },
  {
    "review": "최고네요~ 앞으로도 재개봉 영화가 많아 졌으면 좋겠습니다.",
    "date": "14.03.31",
    "rating": "10",
    "author": "ilyj****",
    "review_id": "8619838",
    "movie_id": "31371"
  },
  {
    "review": "잔인한 영화 스토리 막판 결론은 진짜 남자로써여자들이 이렇게 무섭구나 이래서 부부는 남이구나하고 느끼게 해주는 교훈이되는  짜증나는 영화였다보내주는 말도 안되는 스토리에 경악을 보내며 모든여자들이 이러질 않길 바라며  ....",
    "date": "14.03.30",
    "rating": "1",
    "author": "hanw****",
    "review_id": "8618318",
    "movie_id": "31371"
  },
  {
    "review": "딸의 몸에 빙의 된 엄마의 영혼. 그 영혼을 느끼는 아버지. 아버지와 딸인데..이거보고 불편함이 가득했다. 역시 일본이다.",
    "date": "14.03.30",
    "rating": "1",
    "author": "ppar****",
    "review_id": "8617194",
    "movie_id": "31371"
  },
  {
    "review": "역시 일본은 다양하게 만드는 능력이 있는듯",
    "date": "14.03.30",
    "rating": "10",
    "author": "534k****",
    "review_id": "8616668",
    "movie_id": "31371"
  },
  {
    "review": "처음 히로스에 료코라는 배우를 알게되고 좋아하게 됐으며 일본 멜로에 관심이 생겼던 영화 벌써 10년도 넘은 것 같은데 리즈시절 료코의 매력은 정말.. 일본풍 달달한 멜로나 판타지멜로 좋아하는분이면 재밌게 보실수 있을거에요",
    "date": "14.03.28",
    "rating": "10",
    "author": "qpdl****",
    "review_id": "8612874",
    "movie_id": "31371"
  },
  {
    "review": "너무너무 역겨운 영화.. 딸의 몸으로 별짓을 다하다가 남편 엿먹이고 새인생 찾으러 가면서도 남편한테 자신을 잊지못하게끔 하는 파렴치한 아줌마 이야기.히로스에 료꼬급 아니었음 삼류다.",
    "date": "14.03.27",
    "rating": "1",
    "author": "viol****",
    "review_id": "8611232",
    "movie_id": "31371"
  },
  {
    "review": "그만해라 마이 무것다 아이가.. 뭐냐? 2월엔 닐스의 모험(1982년)을 개봉하지 않나? 이번엔 비밀이냐? 유물좀 적당히 캐~~참고로 닐스의 모험 애들도 지루해서 안 보더만~ 또봇이니 옥토넛이니 파워레인져니 타요니 보던애들이 닐스를 보겠냐고?",
    "date": "14.03.27",
    "rating": "1",
    "author": "leap****",
    "review_id": "8609757",
    "movie_id": "31371"
  },
  {
    "review": "히가시노 게이코 원작이다 그냥 보면됨",
    "date": "14.03.26",
    "rating": "10",
    "author": "9948****",
    "review_id": "8609021",
    "movie_id": "31371"
  },
  {
    "review": "이거 왠지 재밋을듯 지금 이번주 개봉이니깐 꼭봐야징",
    "date": "14.03.25",
    "rating": "10",
    "author": "zleh****",
    "review_id": "8606423",
    "movie_id": "31371"
  },
  {
    "review": "문화적차이여서 그런지 전 이해가 가진 않더라구요 하지만 재밌게보긴 했습니다. 영상도 이쁘고 배우들도 너무 좋구요^^",
    "date": "14.03.25",
    "rating": "8",
    "author": "eofl****",
    "review_id": "8606002",
    "movie_id": "31371"
  },
  {
    "review": "나름 반전있는...난 좋았어....명작중 하나~~~~",
    "date": "14.03.25",
    "rating": "10",
    "author": "hell****",
    "review_id": "8605526",
    "movie_id": "31371"
  },
  {
    "review": "과연 나오코가 한짓이 남편을 위한 배려일까?아니라고 본다.",
    "date": "14.03.25",
    "rating": "8",
    "author": "pak9****",
    "review_id": "8605003",
    "movie_id": "31371"
  },
  {
    "review": "좀 소름돋는 영화다 발상도 위험하고물론 상상은 자유라지만...그래도 위험하다",
    "date": "14.03.22",
    "rating": "9",
    "author": "zero****",
    "review_id": "8595675",
    "movie_id": "31371"
  },
  {
    "review": "이런게 영화다,,, 진한 감동이,,,",
    "date": "14.03.22",
    "rating": "10",
    "author": "hth7****",
    "review_id": "8595566",
    "movie_id": "31371"
  },
  {
    "review": "이영화 잼있게 보긴 봣지만 이해가 안가느부분이 딸은 죽고 엄마혼자 살았는데도 전혀 슬퍼하지도않고 그리고 영혼은 엄마고 몸은 딸인데 자기남편이랑 잠자리를 가져질려고 하지를않나 그리고 갑자기 딴남자를 좋아하고 남편을버리고 결혼을하지를않나  어이없슴.삼류",
    "date": "14.03.21",
    "rating": "1",
    "author": "qudd****",
    "review_id": "8594038",
    "movie_id": "31371"
  },
  {
    "review": "히로스에 료코를 탐하려 한다. 딸과 아버지와...흐흐흐... 아내가 다른 남자와 결혼해?",
    "date": "14.03.21",
    "rating": "10",
    "author": "mai7****",
    "review_id": "8593438",
    "movie_id": "31371"
  },
  {
    "review": "7번 봤지만.. 보고 또 봐도  등대씬은 잊지못함",
    "date": "14.03.21",
    "rating": "10",
    "author": "kse5****",
    "review_id": "8592233",
    "movie_id": "31371"
  },
  {
    "review": "정말 처음나왔을때 8번 본 영화 이제서야 국내로 오다니..또 보러가야지",
    "date": "14.03.21",
    "rating": "9",
    "author": "kss1****",
    "review_id": "8592017",
    "movie_id": "31371"
  },
  {
    "review": "12년전 자그마한 극장에서 중간고사 끝나고 본 비밀은 너무나도 매혹적이고 매력적인영화였습니다.",
    "date": "14.03.21",
    "rating": "8",
    "author": "newz****",
    "review_id": "8591519",
    "movie_id": "31371"
  },
  {
    "review": "정말 인상깊게본 영화 입니다.",
    "date": "14.03.20",
    "rating": "10",
    "author": "shkm****",
    "review_id": "8589560",
    "movie_id": "31371"
  },
  {
    "review": "신비한 판타지라는 (허공에 붕 뜬) 평가부터 X같다는 (현실적인) 평가도 가능한 극과 극의 영화. 포스터나 줄거리만 보아서는 아찔한  코믹 영화 정도로 보았지만 원작자가 히가시노 게이고임을 안 순간 불쾌해졌다. 그리고 관람한 순간 욕설 한 바가지는 덤",
    "date": "14.03.20",
    "rating": "3",
    "author": "kwon****",
    "review_id": "8589083",
    "movie_id": "31371"
  },
  {
    "review": "소설책으로는 2권 입니다 원작을 먼저보고  영화 나왔다고 해서봤습니다  바로 히로스에 료쿄 팬 됬습니다 아마 히로스에 료쿄가 가장이쁜시기에 찍은 영화라고 생각됩니다아직까지 보지 않으셨고 멜로영화 좋아하시면  추천드립니다저는 재개봉 다시 볼려고요",
    "date": "14.03.19",
    "rating": "9",
    "author": "tsce****",
    "review_id": "8587431",
    "movie_id": "31371"
  }
]