[
  {
    "review": "세계 최초, 초고의 인형 무협 영화",
    "date": "15.06.29",
    "rating": "10",
    "author": "neyc****",
    "review_id": "10051317",
    "movie_id": "31389"
  },
  {
    "review": "대만의 김태균이 더빙 했나봐요",
    "date": "15.04.19",
    "rating": "9",
    "author": "raym****",
    "review_id": "9852843",
    "movie_id": "31389"
  },
  {
    "review": "대만에서 보기드문 영화?를 나름대로 신선하게 |꾸민거 같음.",
    "date": "14.12.28",
    "rating": "5",
    "author": "tull****",
    "review_id": "9527795",
    "movie_id": "31389"
  },
  {
    "review": "나름  재미있네요  추억의 인형극",
    "date": "14.10.04",
    "rating": "7",
    "author": "duku****",
    "review_id": "9262503",
    "movie_id": "31389"
  },
  {
    "review": "마지막하고 성우 빼면 볼만함 왠만한 cg무협보다 괜찮네 ㅎㅎㅎㅎ",
    "date": "11.12.19",
    "rating": "7",
    "author": "aoki****",
    "review_id": "5915512",
    "movie_id": "31389"
  },
  {
    "review": "재밌음 강추 ㅋㅋㅋ  다만 성우가 옥에 티",
    "date": "11.10.04",
    "rating": "10",
    "author": "iiij****",
    "review_id": "5771572",
    "movie_id": "31389"
  },
  {
    "review": "브라보!!!!!!",
    "date": "10.12.06",
    "rating": "10",
    "author": "colo****",
    "review_id": "5027754",
    "movie_id": "31389"
  },
  {
    "review": "인형으로 참 잘만들엇음 색달라서 10점",
    "date": "10.10.29",
    "rating": "10",
    "author": "a109****",
    "review_id": "4926698",
    "movie_id": "31389"
  },
  {
    "review": "이 무협영화도 수작중 하나,촉산,자객신전,",
    "date": "10.10.14",
    "rating": "10",
    "author": "midn****",
    "review_id": "4901700",
    "movie_id": "31389"
  },
  {
    "review": "이거 일본어 번젼이 더 박진감 있고 재미있음",
    "date": "10.09.13",
    "rating": "10",
    "author": "jung****",
    "review_id": "4832756",
    "movie_id": "31389"
  },
  {
    "review": "최강의 액션을 인형으로 이뤄냈다..",
    "date": "10.07.05",
    "rating": "9",
    "author": "jjhm****",
    "review_id": "4614292",
    "movie_id": "31389"
  },
  {
    "review": "인형극으로 이정도 완성도가 놀라울 따름. 다만 여빙의 게이틱한 목소리에 안습",
    "date": "10.03.08",
    "rating": "9",
    "author": "s980****",
    "review_id": "4343767",
    "movie_id": "31389"
  },
  {
    "review": "무협인형극이라니.. 정말 참신하네요. 강추",
    "date": "09.02.27",
    "rating": "10",
    "author": "tows****",
    "review_id": "3336941",
    "movie_id": "31389"
  },
  {
    "review": "그 유명한 벽력시리즈의 영화판. 정말 강추!! 소환진 청양자 ㅎㅎ 반갑네그려",
    "date": "09.01.16",
    "rating": "10",
    "author": "sung****",
    "review_id": "3224473",
    "movie_id": "31389"
  },
  {
    "review": "이거 한국 개봉할때 정말 잼있게 봤는데.. ㅎㅎ",
    "date": "08.05.03",
    "rating": "10",
    "author": "capc****",
    "review_id": "2612752",
    "movie_id": "31389"
  },
  {
    "review": "아놔 ㅋㅋㅋㅋㅋㅋㅋㅋ성적전설로 봤네 ㅋㅋㅋㅋㅋㅋㅋ",
    "date": "08.01.29",
    "rating": "5",
    "author": "jby8****",
    "review_id": "2384804",
    "movie_id": "31389"
  },
  {
    "review": "bad",
    "date": "07.12.04",
    "rating": "1",
    "author": "cles****",
    "review_id": "2205305",
    "movie_id": "31389"
  },
  {
    "review": "애들 보기엔 잔인, 어른 보기엔...",
    "date": "07.10.16",
    "rating": "1",
    "author": "ysuh****",
    "review_id": "2093621",
    "movie_id": "31389"
  },
  {
    "review": "찰흙 인형이 아니니 클레이 애니메이션 아님.",
    "date": "07.09.11",
    "rating": "9",
    "author": "nega****",
    "review_id": "2014898",
    "movie_id": "31389"
  },
  {
    "review": "인형극의진수!!!!",
    "date": "07.03.02",
    "rating": "9",
    "author": "dhkq****",
    "review_id": "1512374",
    "movie_id": "31389"
  },
  {
    "review": "오랜만에 괜찮은게 봤음. 액션, 로망, 스토리 빠질게 없네요!!",
    "date": "06.09.11",
    "rating": "10",
    "author": "mame****",
    "review_id": "1117179",
    "movie_id": "31389"
  },
  {
    "review": "탄성이 절로 나오는 클레이 무협액션물",
    "date": "06.05.09",
    "rating": "10",
    "author": "kws7****",
    "review_id": "792967",
    "movie_id": "31389"
  },
  {
    "review": "정말 내용좋지않았나요?영화로만들면대박일텐데...",
    "date": "05.10.22",
    "rating": "10",
    "author": "torp****",
    "review_id": "450752",
    "movie_id": "31389"
  },
  {
    "review": "1985년도작부터 거의 모든 무협영화를 봤는데 손에 꼽을정도임.",
    "date": "05.10.12",
    "rating": "9",
    "author": "calo****",
    "review_id": "440759",
    "movie_id": "31389"
  },
  {
    "review": "정말 재밌어요.. 인형극을 의식하지 못할 만큼 흥미진진..",
    "date": "05.10.09",
    "rating": "10",
    "author": "mete****",
    "review_id": "437741",
    "movie_id": "31389"
  },
  {
    "review": "정말 아이디어가 좋았던 작품...인형무협이라..^ ^",
    "date": "05.03.26",
    "rating": "8",
    "author": "pcw0****",
    "review_id": "247331",
    "movie_id": "31389"
  },
  {
    "review": "색다르고 잼있던 영화",
    "date": "05.01.09",
    "rating": "10",
    "author": "sens****",
    "review_id": "180809",
    "movie_id": "31389"
  },
  {
    "review": "인간보다 더 뛰어난 무협의 로망을 보여준다",
    "date": "04.10.31",
    "rating": "10",
    "author": "gent****",
    "review_id": "136325",
    "movie_id": "31389"
  },
  {
    "review": "인형으로 이런 작품을 만들다니 정말 대단하다",
    "date": "04.07.29",
    "rating": "10",
    "author": "swpa****",
    "review_id": "79108",
    "movie_id": "31389"
  }
]