[
  {
    "review": "드라마 별로 안좋아하는데요 이건 별100개드림 ..",
    "date": "15.06.03",
    "rating": "10",
    "author": "cucu****",
    "review_id": "9973158",
    "movie_id": "31388"
  },
  {
    "review": "소프라노스라 읽고 인간희곡이라 말한다.",
    "date": "15.06.01",
    "rating": "7",
    "author": "rd72****",
    "review_id": "9969265",
    "movie_id": "31388"
  },
  {
    "review": "말이 필요없는 걸작. 미국이란 나라의 실체를 적나라하게 까발리는 블랙코메디.",
    "date": "15.05.19",
    "rating": "10",
    "author": "mlif****",
    "review_id": "9931472",
    "movie_id": "31388"
  },
  {
    "review": "이것도 재미가 없구나...",
    "date": "15.04.01",
    "rating": "1",
    "author": "dbzh****",
    "review_id": "9819974",
    "movie_id": "31388"
  },
  {
    "review": "시즌5까지 봤지만 너무 짜증나는 케릭들이 많아서 왠만한 정신상태론 보기 힘들었음..특히 닥터 멜피는 진짜 짜증나는 케릭터다",
    "date": "15.02.08",
    "rating": "8",
    "author": "tjfl****",
    "review_id": "9677756",
    "movie_id": "31388"
  },
  {
    "review": "정말 최고입니다. 두번보세요",
    "date": "15.01.14",
    "rating": "10",
    "author": "lton****",
    "review_id": "9593612",
    "movie_id": "31388"
  },
  {
    "review": "인간의 모든 추악한 모습을 압축하여 보여주는 마피아, 그리고 그들에서 부분 부분 찾아볼 수 있는 우리들의 가리워진 이면",
    "date": "14.08.05",
    "rating": "8",
    "author": "kusa****",
    "review_id": "9031123",
    "movie_id": "31388"
  },
  {
    "review": "폴리만 생각하면 그저 웃지요 ㅋㅋㅋ",
    "date": "14.02.23",
    "rating": "10",
    "author": "cidd****",
    "review_id": "8529943",
    "movie_id": "31388"
  },
  {
    "review": "인생 최고의 드라마더 이상은 없다",
    "date": "13.12.09",
    "rating": "10",
    "author": "zizz****",
    "review_id": "8201155",
    "movie_id": "31388"
  },
  {
    "review": "이만큼 완성도 높은 드라마 및 수준 높은 연기자들의 연기들의 조합을 또 볼수 있을까? HBO에서 와이어와 더불어서 정말 최고의 드라마라고 할 수 있다. 내가 이 드라마를 거의 다 볼 때쯤 제임스가 죽어서 참 안타깝다. 명배우였는데. 아무튼 최고!!!!",
    "date": "13.09.29",
    "rating": "10",
    "author": "khj8****",
    "review_id": "8021610",
    "movie_id": "31388"
  },
  {
    "review": "토니 죽은거 여기 보고 알았네 좋은곳으로 갔길",
    "date": "13.08.08",
    "rating": "9",
    "author": "nuru****",
    "review_id": "7859772",
    "movie_id": "31388"
  },
  {
    "review": "몇 주 만에 여섯시즌 다보고 인생에 대해 생각하며 한숨 한번 쉬고 있다가 나도 모르게 시즌1에 다시 손이 가나 했는데 며칠만에 시즌 2를 보고 있더군요.",
    "date": "13.07.26",
    "rating": "10",
    "author": "kose****",
    "review_id": "7788086",
    "movie_id": "31388"
  },
  {
    "review": "내 인생 최고의 서양 드라마. RIP 제임스 겐돌피니, 당신의 연기력은 대단했습니다.",
    "date": "13.07.12",
    "rating": "10",
    "author": "acto****",
    "review_id": "7727977",
    "movie_id": "31388"
  },
  {
    "review": "고인의 명복은 빕니다..ㅠ 소프라노스는 미드최고였음..ㅠ",
    "date": "13.06.20",
    "rating": "10",
    "author": "seow****",
    "review_id": "7660587",
    "movie_id": "31388"
  },
  {
    "review": "마피아지만 현실적이고 고달픈 애비의 인생",
    "date": "13.06.15",
    "rating": "10",
    "author": "bang****",
    "review_id": "7642840",
    "movie_id": "31388"
  },
  {
    "review": "No.1",
    "date": "13.05.22",
    "rating": "10",
    "author": "taij****",
    "review_id": "7548662",
    "movie_id": "31388"
  },
  {
    "review": "고전에 들어가야할 드라마",
    "date": "13.04.28",
    "rating": "10",
    "author": "grie****",
    "review_id": "7490997",
    "movie_id": "31388"
  },
  {
    "review": "Cocksucker !!! ㅋㅋㅋㅋㅋ",
    "date": "13.03.14",
    "rating": "9",
    "author": "real****",
    "review_id": "7345327",
    "movie_id": "31388"
  },
  {
    "review": ".",
    "date": "13.02.02",
    "rating": "10",
    "author": "lsb8****",
    "review_id": "7210520",
    "movie_id": "31388"
  },
  {
    "review": "대부분 미드 퀄리티가 3-4시즌 지나면 떨어지고 보던게 아까워서 억지로 막 시즌까지 보게되는데 이 드라마만큼은 그런게 없음 대부를 능가하는 작품 온갖 인간군상을 다 보여주는 드라마",
    "date": "13.01.29",
    "rating": "10",
    "author": "dlqn****",
    "review_id": "7194054",
    "movie_id": "31388"
  },
  {
    "review": "나이 좀 먹고 봐야됨 사건위주로 흘러가는 전개가 빠른 미드가 아니라서 그런 류의 미드(프뷁,히어로즈,섹파,얼불노) 봤던 사람들한테는 지루할 수도 있음 역대 최고의 미드",
    "date": "13.01.29",
    "rating": "10",
    "author": "rane****",
    "review_id": "7194022",
    "movie_id": "31388"
  },
  {
    "review": "소프라노스 이상의  하이퀄러티 미드는 나오기 힘들거라본다 앞으로도. 배우들의 쩌는 연기력 .작가들의 미친듯한 리얼리티 .무엇보다 데이비드 체이스의 퍼펙트한 연출. 진정한 원탑 미드",
    "date": "13.01.10",
    "rating": "10",
    "author": "kkar****",
    "review_id": "7099885",
    "movie_id": "31388"
  },
  {
    "review": "인생이다. 그래서 재밌다. 그래서 씁쓸하다.",
    "date": "12.12.08",
    "rating": "10",
    "author": "aksg****",
    "review_id": "6983501",
    "movie_id": "31388"
  },
  {
    "review": "처음 볼때는 몰랐는데 미친듯이 빠져나가니까...이거 진짜 개 명작이다...ㅠㅠ...갱영화,드라마중 최고!",
    "date": "12.12.02",
    "rating": "10",
    "author": "kcc3****",
    "review_id": "6959842",
    "movie_id": "31388"
  },
  {
    "review": "시즌 6편 까지 는데잇는데  난 이거 5번 봣다 진짜 최고중에 최고 HBO",
    "date": "12.11.14",
    "rating": "10",
    "author": "zxcq****",
    "review_id": "6886501",
    "movie_id": "31388"
  },
  {
    "review": "더와이어와 함께 내인생 최고의 드라마.",
    "date": "12.11.13",
    "rating": "10",
    "author": "prn2****",
    "review_id": "6885240",
    "movie_id": "31388"
  },
  {
    "review": "대체 무슨말이 더 필요하단 말입니까?",
    "date": "12.08.26",
    "rating": "10",
    "author": "pks7****",
    "review_id": "6646350",
    "movie_id": "31388"
  },
  {
    "review": "와이어 소프라노스...",
    "date": "12.05.31",
    "rating": "10",
    "author": "dk00****",
    "review_id": "6352158",
    "movie_id": "31388"
  },
  {
    "review": "재밌을까 궁금해서 평점보러 왔으면 닥치고 봐라. 미드 역대 1위작품이다.말필요없다",
    "date": "12.05.03",
    "rating": "10",
    "author": "rmcr****",
    "review_id": "6266936",
    "movie_id": "31388"
  },
  {
    "review": "식스 핏 언더와 함께 내 인생 최고의 드라마. 모든 것이 완벽하다",
    "date": "12.04.18",
    "rating": "10",
    "author": "jmp0****",
    "review_id": "6229736",
    "movie_id": "31388"
  },
  {
    "review": "연기,연출,극본,긴장감,심리묘사,카리스마,이탈리안음식까지..종합셋트. 아 배고파~",
    "date": "12.04.05",
    "rating": "10",
    "author": "fatb****",
    "review_id": "6194704",
    "movie_id": "31388"
  },
  {
    "review": "연출력이 ㄷㄷㄷ 횽아들 이런 미드 또 나올까?",
    "date": "12.03.23",
    "rating": "10",
    "author": "ekwl****",
    "review_id": "6162492",
    "movie_id": "31388"
  },
  {
    "review": "내가 알바처럼 느껴진다 다른걸 못하겠네요",
    "date": "12.03.23",
    "rating": "10",
    "author": "sing****",
    "review_id": "6162490",
    "movie_id": "31388"
  },
  {
    "review": "시즌 3중반 달리고 있는데 벌써 1시즌이 다시보고 싶어진다 대단함의 극치",
    "date": "12.03.23",
    "rating": "10",
    "author": "akur****",
    "review_id": "6162487",
    "movie_id": "31388"
  },
  {
    "review": "꼭봐라. 두번봐라.",
    "date": "12.02.15",
    "rating": "10",
    "author": "tbvj****",
    "review_id": "6077506",
    "movie_id": "31388"
  },
  {
    "review": "대부나마틴스콜세지3부작(좋은 친구들,카지노,갱스 오브 더 뉴욕)마피아연대기의궁극",
    "date": "12.02.10",
    "rating": "10",
    "author": "baks****",
    "review_id": "6064871",
    "movie_id": "31388"
  },
  {
    "review": "최고! 마피아를 이해하려는 내가 있었다. 영화,드라마를 총망라해서 최고인 작품.",
    "date": "11.08.15",
    "rating": "10",
    "author": "tyjy****",
    "review_id": "5651360",
    "movie_id": "31388"
  },
  {
    "review": "OO 이것때문에 1주일 넘게 집에서 꿈쩍도 안하고 컴퓨터 앞에만 앉아있었음.....",
    "date": "11.07.06",
    "rating": "10",
    "author": "emer****",
    "review_id": "5524651",
    "movie_id": "31388"
  },
  {
    "review": "최고 최고!!!!      이런작품 좀 추천해주세요~머가 있나요??이런 명작",
    "date": "11.06.16",
    "rating": "10",
    "author": "adw2****",
    "review_id": "5483705",
    "movie_id": "31388"
  },
  {
    "review": "연기력 쩔어 정말 깊이있고 무게감 있는 드라마",
    "date": "11.05.10",
    "rating": "10",
    "author": "neoc****",
    "review_id": "5420672",
    "movie_id": "31388"
  },
  {
    "review": "식스핏언더와 함께 맞먹는 최고의 명작품!!!",
    "date": "10.12.04",
    "rating": "10",
    "author": "tkdv****",
    "review_id": "5023177",
    "movie_id": "31388"
  },
  {
    "review": "살아서 이걸 보다니 정말 다행이야.",
    "date": "10.08.13",
    "rating": "10",
    "author": "seee****",
    "review_id": "4740767",
    "movie_id": "31388"
  },
  {
    "review": "미국에서 태어난 최고의 블랙코미디의 진수! 말로는 설명할수 없는 희대의 걸작.",
    "date": "10.07.21",
    "rating": "10",
    "author": "rena****",
    "review_id": "4656550",
    "movie_id": "31388"
  },
  {
    "review": "최고의 엔딩씬",
    "date": "10.07.14",
    "rating": "10",
    "author": "carr****",
    "review_id": "4637706",
    "movie_id": "31388"
  },
  {
    "review": "최고란 말이 전혀 아깝지 않은 전무후무한 역작",
    "date": "10.04.25",
    "rating": "10",
    "author": "alhy****",
    "review_id": "4455822",
    "movie_id": "31388"
  },
  {
    "review": "정말 완성도 높은 드라마",
    "date": "10.03.15",
    "rating": "10",
    "author": "sd83****",
    "review_id": "4358451",
    "movie_id": "31388"
  },
  {
    "review": "최고. 살루트!!",
    "date": "10.01.30",
    "rating": "10",
    "author": "qpal****",
    "review_id": "4225085",
    "movie_id": "31388"
  },
  {
    "review": "최고",
    "date": "09.12.25",
    "rating": "10",
    "author": "quen****",
    "review_id": "4080833",
    "movie_id": "31388"
  },
  {
    "review": "내 인생 최고의 작품",
    "date": "09.12.20",
    "rating": "10",
    "author": "j110****",
    "review_id": "4062476",
    "movie_id": "31388"
  },
  {
    "review": "4번 보고 또보고 싶은 드라마 !!",
    "date": "09.07.15",
    "rating": "10",
    "author": "wlfh****",
    "review_id": "3635245",
    "movie_id": "31388"
  },
  {
    "review": "감정표현의 섬세함이 돋보인다. 심리,폭력,섹스,마초의 집합? (이젠 무슨낙으로...)",
    "date": "09.06.09",
    "rating": "10",
    "author": "sjti****",
    "review_id": "3555485",
    "movie_id": "31388"
  },
  {
    "review": "정말 최고의 미드!!!아 진짜 감동임 시즌6까지 오 최고!최고!",
    "date": "09.03.28",
    "rating": "10",
    "author": "coon****",
    "review_id": "3391358",
    "movie_id": "31388"
  },
  {
    "review": "대단하다!!",
    "date": "09.01.10",
    "rating": "10",
    "author": "play****",
    "review_id": "3206499",
    "movie_id": "31388"
  },
  {
    "review": "진정한 미드 본좌.보지 않았다면 미드를 논하지 말라",
    "date": "08.11.25",
    "rating": "10",
    "author": "miha****",
    "review_id": "3071916",
    "movie_id": "31388"
  },
  {
    "review": "일주일만에 다봣다.",
    "date": "08.11.21",
    "rating": "10",
    "author": "soul****",
    "review_id": "3064010",
    "movie_id": "31388"
  },
  {
    "review": "최고다..말이 필요 없다",
    "date": "08.05.22",
    "rating": "10",
    "author": "jodu****",
    "review_id": "2655691",
    "movie_id": "31388"
  },
  {
    "review": "지금까지 본 미드중 최고!!!!",
    "date": "08.05.19",
    "rating": "10",
    "author": "moto****",
    "review_id": "2651314",
    "movie_id": "31388"
  },
  {
    "review": "말이 필요없다 최고의 드라마....",
    "date": "08.03.13",
    "rating": "10",
    "author": "sant****",
    "review_id": "2518153",
    "movie_id": "31388"
  },
  {
    "review": "배우들의 연기력, 화면구성, 완성도높은 시나리오 등 무엇하나 빠질것없는 걸작!!!",
    "date": "08.03.13",
    "rating": "10",
    "author": "badg****",
    "review_id": "2517649",
    "movie_id": "31388"
  },
  {
    "review": "최고임!!",
    "date": "08.01.17",
    "rating": "10",
    "author": "sril****",
    "review_id": "2340722",
    "movie_id": "31388"
  },
  {
    "review": "스티부 부세미 무시하나효?? 명단에도 없네..드레데 마테오는 왠 단역??",
    "date": "07.11.25",
    "rating": "10",
    "author": "a04s****",
    "review_id": "2183705",
    "movie_id": "31388"
  },
  {
    "review": "친구말 듣고 봤는데 정말 재밌다",
    "date": "07.11.05",
    "rating": "10",
    "author": "qkrw****",
    "review_id": "2135252",
    "movie_id": "31388"
  },
  {
    "review": "정말 재미난다!! 보고 후회하는일 없음",
    "date": "07.09.10",
    "rating": "10",
    "author": "hiro****",
    "review_id": "2012830",
    "movie_id": "31388"
  },
  {
    "review": "standing ovation!!",
    "date": "07.06.19",
    "rating": "10",
    "author": "fung****",
    "review_id": "1708886",
    "movie_id": "31388"
  },
  {
    "review": "최고의 드라마",
    "date": "07.03.16",
    "rating": "10",
    "author": "sind****",
    "review_id": "1537180",
    "movie_id": "31388"
  },
  {
    "review": "마피아들의 삶을 미화하지 않고 있는 그대로 표현한듯",
    "date": "07.02.23",
    "rating": "10",
    "author": "koj8****",
    "review_id": "1497037",
    "movie_id": "31388"
  },
  {
    "review": "싸구려 현대라고 아주 대놓고 이야기하네..",
    "date": "07.01.13",
    "rating": "10",
    "author": "soli****",
    "review_id": "1381104",
    "movie_id": "31388"
  },
  {
    "review": "갠돌피니 팬이 되어버렸다 ..연기를 너무 기막히게 잘한다",
    "date": "07.01.12",
    "rating": "10",
    "author": "matr****",
    "review_id": "1377576",
    "movie_id": "31388"
  },
  {
    "review": "최고의 블랙코미디.",
    "date": "06.11.07",
    "rating": "10",
    "author": "what****",
    "review_id": "1221581",
    "movie_id": "31388"
  },
  {
    "review": "\"지난 25년 동안 제작된 미국 드라마 중 최고의 걸작\"",
    "date": "06.11.03",
    "rating": "10",
    "author": "moto****",
    "review_id": "1213892",
    "movie_id": "31388"
  },
  {
    "review": "good! 지금 시즌1보고있는데 토니소프라노 엄마 진짜 짜증남",
    "date": "06.10.10",
    "rating": "10",
    "author": "euss****",
    "review_id": "1174767",
    "movie_id": "31388"
  },
  {
    "review": "드라마 그 이상의 심리묘사, 대단한 작품",
    "date": "06.10.08",
    "rating": "10",
    "author": "poro****",
    "review_id": "1170314",
    "movie_id": "31388"
  },
  {
    "review": "내 생의 최고의 드라마",
    "date": "06.09.22",
    "rating": "10",
    "author": "dhlt****",
    "review_id": "1137645",
    "movie_id": "31388"
  },
  {
    "review": "엄청난 중독성.. 최고",
    "date": "06.05.26",
    "rating": "10",
    "author": "bys8****",
    "review_id": "816152",
    "movie_id": "31388"
  },
  {
    "review": "이거 평범한 드라마가 아닙니다. 강추!!!",
    "date": "06.05.02",
    "rating": "10",
    "author": "akir****",
    "review_id": "783720",
    "movie_id": "31388"
  },
  {
    "review": "강추입니다 말이필요없습니다 엑션 내용 폭력",
    "date": "06.04.23",
    "rating": "10",
    "author": "milm****",
    "review_id": "771908",
    "movie_id": "31388"
  },
  {
    "review": "현실적이고 깊이있게 현대인을 바라보는 최고의 드라마",
    "date": "06.03.22",
    "rating": "10",
    "author": "rsce****",
    "review_id": "728511",
    "movie_id": "31388"
  },
  {
    "review": "미국은 드라마 잘만드네",
    "date": "06.03.15",
    "rating": "10",
    "author": "kmw1****",
    "review_id": "717689",
    "movie_id": "31388"
  },
  {
    "review": "이런 드라마를 아직까지 못봤었다니 ㅜ.ㅜ",
    "date": "06.03.15",
    "rating": "10",
    "author": "kmw6****",
    "review_id": "717685",
    "movie_id": "31388"
  },
  {
    "review": "일주일만에 50편을 다봐버린..",
    "date": "06.03.15",
    "rating": "10",
    "author": "dont****",
    "review_id": "717667",
    "movie_id": "31388"
  },
  {
    "review": "각 편마다 감독이 다르다죠. 작품성 뛰어난 드라마",
    "date": "06.03.13",
    "rating": "10",
    "author": "tipt****",
    "review_id": "715229",
    "movie_id": "31388"
  },
  {
    "review": "리얼리티가 떨어짐",
    "date": "06.02.25",
    "rating": "1",
    "author": "you_****",
    "review_id": "690968",
    "movie_id": "31388"
  },
  {
    "review": "내가 본 중에 최고의 걸작",
    "date": "05.10.31",
    "rating": "10",
    "author": "iwon****",
    "review_id": "460811",
    "movie_id": "31388"
  },
  {
    "review": "나 역시 십점. 시즌1까지는 다 보셔야지 확실한 재미를 느낄것",
    "date": "05.10.17",
    "rating": "10",
    "author": "ices****",
    "review_id": "446305",
    "movie_id": "31388"
  },
  {
    "review": "갱스터무비에서 드라마, 블랙코미디까지 어우러진 수작!",
    "date": "05.08.19",
    "rating": "10",
    "author": "coby****",
    "review_id": "373661",
    "movie_id": "31388"
  },
  {
    "review": "두 가족을 이끌어 가야하는 한 남자의 심리를 다룬 최고의 드라마",
    "date": "04.12.27",
    "rating": "10",
    "author": "film****",
    "review_id": "170824",
    "movie_id": "31388"
  },
  {
    "review": "The Best! 한국드라마에서는 느끼지 못할 감동 현실감 인간적인 설정",
    "date": "04.12.22",
    "rating": "10",
    "author": "weez****",
    "review_id": "167253",
    "movie_id": "31388"
  },
  {
    "review": "단순한 마피아 물이 아니다!!",
    "date": "04.12.04",
    "rating": "10",
    "author": "bkn1****",
    "review_id": "156920",
    "movie_id": "31388"
  },
  {
    "review": "최고의 TV 드라마!",
    "date": "04.11.30",
    "rating": "10",
    "author": "joow****",
    "review_id": "154584",
    "movie_id": "31388"
  },
  {
    "review": "인간 내면에 숨겨진 추악한 것들을 하나하나 들쑤신다!",
    "date": "04.11.25",
    "rating": "9",
    "author": "layd****",
    "review_id": "151647",
    "movie_id": "31388"
  },
  {
    "review": "강추!! 이탤리언 마피아를 새로운 시각에서 본 수작.",
    "date": "04.03.12",
    "rating": "10",
    "author": "yuuy****",
    "review_id": "28421",
    "movie_id": "31388"
  }
]