[
  {
    "review": "몰입도도 좋고 많은 것을 생각하게 해주는 영화..",
    "date": "15.05.20",
    "rating": "10",
    "author": "alem****",
    "review_id": "9933183",
    "movie_id": "31386"
  },
  {
    "review": "영화에서 나타난 사드의 예술은 그 시대의 반영이 아니었나 싶다. 혁명의 광기와 인간의 타락을 몸소 겪은 그가 세상에 내놓은 건 그것을 그대로 반영한 작품들이었다. 결국 그로 인해 죽게 되었지만 말이다.",
    "date": "15.02.11",
    "rating": "9",
    "author": "kko0****",
    "review_id": "9685697",
    "movie_id": "31386"
  },
  {
    "review": "작가로써의 사드를 보는 흥미로운 작품",
    "date": "14.08.04",
    "rating": "7",
    "author": "nine****",
    "review_id": "9025380",
    "movie_id": "31386"
  },
  {
    "review": "신부님 ㄱㅐ섹시...젊었을때 이렇게 멋졌군",
    "date": "14.05.06",
    "rating": "9",
    "author": "pupu****",
    "review_id": "8709829",
    "movie_id": "31386"
  },
  {
    "review": "외설과 예술의 오묘한 경계선. 탱탱한 윈슬렛이 반갑다",
    "date": "14.04.19",
    "rating": "7",
    "author": "zxvt****",
    "review_id": "8658069",
    "movie_id": "31386"
  },
  {
    "review": "악명높고 궁금했던 사드후작의 마지막 일생을 그린영화, 처음엔 성적 욕망만 가득찬 또라이로 보였지만 쿨미어 신부와 로이 꼴라 의사의 위선적인 태도를 보며 사드가 오히려 피해자로 보였다. 아무튼 사드라는 인물이 어느정도의 인물이었는지 체험할 수 있었다.",
    "date": "14.04.17",
    "rating": "8",
    "author": "bikt****",
    "review_id": "8654522",
    "movie_id": "31386"
  },
  {
    "review": "어수선 하면서 재밌네..",
    "date": "14.02.02",
    "rating": "10",
    "author": "mool****",
    "review_id": "8464789",
    "movie_id": "31386"
  },
  {
    "review": "숨겨진 명작이 많구나. 웰메이드이면서도 숨막히는 전개",
    "date": "13.12.11",
    "rating": "9",
    "author": "kea1****",
    "review_id": "8206868",
    "movie_id": "31386"
  },
  {
    "review": "보면 안다. 말이 필요없다.",
    "date": "13.12.04",
    "rating": "10",
    "author": "cjds****",
    "review_id": "8189012",
    "movie_id": "31386"
  },
  {
    "review": "그럭저럭 킬링타임용에 그치는군",
    "date": "13.10.21",
    "rating": "6",
    "author": "guev****",
    "review_id": "8077293",
    "movie_id": "31386"
  },
  {
    "review": "다들 타락하는구나.. 글 쓸때면 흥얼거리는 콧노래가 인상깊다",
    "date": "13.07.15",
    "rating": "10",
    "author": "ssh9****",
    "review_id": "7744396",
    "movie_id": "31386"
  },
  {
    "review": "사드의 생애를 소재로한 영화라 사드의 작품같은 파격을 기대했는데 그런점에서는 대단히 실망이다.",
    "date": "13.06.22",
    "rating": "7",
    "author": "sipj****",
    "review_id": "7668895",
    "movie_id": "31386"
  },
  {
    "review": "포스터가 너무 저급하고 싸보인다. 내용은 그렇지 않은데",
    "date": "13.05.31",
    "rating": "8",
    "author": "rand****",
    "review_id": "7566653",
    "movie_id": "31386"
  },
  {
    "review": "사드후작이 이런사람이였구나, 다들 연기 최고다",
    "date": "13.05.24",
    "rating": "9",
    "author": "blos****",
    "review_id": "7551463",
    "movie_id": "31386"
  },
  {
    "review": "퀼스",
    "date": "13.01.04",
    "rating": "9",
    "author": "soqk****",
    "review_id": "7081768",
    "movie_id": "31386"
  },
  {
    "review": "재밌다 몰입도 굿",
    "date": "12.11.24",
    "rating": "10",
    "author": "yuji****",
    "review_id": "6921489",
    "movie_id": "31386"
  },
  {
    "review": "종교적이라 지루했다 더 자극적으로 만들었어야 한다",
    "date": "12.10.30",
    "rating": "6",
    "author": "dlgo****",
    "review_id": "6836758",
    "movie_id": "31386"
  },
  {
    "review": "몰입도최고다ㅡ배우들의열연까지더해져 시간가는줄모르고봤네",
    "date": "12.10.07",
    "rating": "10",
    "author": "sujo****",
    "review_id": "6768737",
    "movie_id": "31386"
  },
  {
    "review": "[8점] 영화가 이렇게 자극적이고 섹시할수가 있을까",
    "date": "12.09.09",
    "rating": "8",
    "author": "fann****",
    "review_id": "6682128",
    "movie_id": "31386"
  },
  {
    "review": "흥미로운 이야기보따리를 듣는 재미, 배우들의 연기.. 실화로 전해듣는 인간의 본성",
    "date": "12.09.09",
    "rating": "8",
    "author": "come****",
    "review_id": "6681175",
    "movie_id": "31386"
  },
  {
    "review": "엄청난 이야기.",
    "date": "12.05.27",
    "rating": "10",
    "author": "no_a****",
    "review_id": "6338571",
    "movie_id": "31386"
  },
  {
    "review": "신부님의 마지막 대사, 제목, 표현의 자유..... 음 아주 잘 짜여있군",
    "date": "12.05.12",
    "rating": "9",
    "author": "kimt****",
    "review_id": "6291321",
    "movie_id": "31386"
  },
  {
    "review": "한없이 놀랍고 야심으로 가득 찬 120분간의 고백.",
    "date": "12.04.20",
    "rating": "8",
    "author": "brot****",
    "review_id": "6234786",
    "movie_id": "31386"
  },
  {
    "review": "위험한 소재가 보여준 유쾌한 이야기. 감히 그를 사랑하게 되는 영화.",
    "date": "12.04.12",
    "rating": "9",
    "author": "rlaw****",
    "review_id": "6212874",
    "movie_id": "31386"
  },
  {
    "review": "선악의 모호함과 위선에 대한 담론... 많이 봐온 소재라 그런지 담담하다.",
    "date": "12.02.25",
    "rating": "8",
    "author": "qkrg****",
    "review_id": "6103808",
    "movie_id": "31386"
  },
  {
    "review": "최고",
    "date": "12.02.19",
    "rating": "10",
    "author": "jich****",
    "review_id": "6086962",
    "movie_id": "31386"
  },
  {
    "review": "구성도 좋으나, 모든 배우들의 연기가 극에 달한 영화. 한 마디로 섹시하다.",
    "date": "12.02.03",
    "rating": "9",
    "author": "haha****",
    "review_id": "6047383",
    "movie_id": "31386"
  },
  {
    "review": "사드 후작에 대한 인물 뿐만 아니라 다른 철학적 토의도 할만한 좋은 영화",
    "date": "12.01.30",
    "rating": "9",
    "author": "soda****",
    "review_id": "6035786",
    "movie_id": "31386"
  },
  {
    "review": "요즘같은 자극적인 인스턴트시대에 사드는 그저 지나가는 행인1이다.",
    "date": "12.01.28",
    "rating": "5",
    "author": "jijo****",
    "review_id": "6029956",
    "movie_id": "31386"
  },
  {
    "review": "권력의 필요에 의해 통치 수단으로써 표현의 자유를 억압할 수는 없다",
    "date": "11.12.14",
    "rating": "9",
    "author": "beau****",
    "review_id": "5904901",
    "movie_id": "31386"
  },
  {
    "review": "실존인물의 이야기였군요.. 괜찮게봤습니다.",
    "date": "11.11.17",
    "rating": "8",
    "author": "dyna****",
    "review_id": "5854944",
    "movie_id": "31386"
  },
  {
    "review": "그냥저냥...시몬은 이쁘다",
    "date": "11.09.30",
    "rating": "6",
    "author": "dbzh****",
    "review_id": "5761010",
    "movie_id": "31386"
  },
  {
    "review": "가식적인 인간의 겉모습을 비판하고 본능에 충실하며 쾌락 그 자체가 되고 싶었던...",
    "date": "11.09.21",
    "rating": "9",
    "author": "b2k0****",
    "review_id": "5743985",
    "movie_id": "31386"
  },
  {
    "review": "이상은 무너지고 광기는 전염된다.",
    "date": "11.09.18",
    "rating": "7",
    "author": "jiyu****",
    "review_id": "5739439",
    "movie_id": "31386"
  },
  {
    "review": "보는내내불쾌하기만했다. 별 개 또라이같은 영화가 다있네",
    "date": "11.08.05",
    "rating": "1",
    "author": "sayy****",
    "review_id": "5601366",
    "movie_id": "31386"
  },
  {
    "review": "인간과 시대의 한 장면을 잘 보여주는 의미있는영화",
    "date": "11.07.29",
    "rating": "8",
    "author": "gmin****",
    "review_id": "5579523",
    "movie_id": "31386"
  },
  {
    "review": "1점은 됩니다",
    "date": "11.07.24",
    "rating": "1",
    "author": "bsuu****",
    "review_id": "5565522",
    "movie_id": "31386"
  },
  {
    "review": "연기들을 정말 잘하네요. 강렬한 영화. 보면서도 사디즘의 어원인줄을 몰랐네.",
    "date": "11.07.23",
    "rating": "8",
    "author": "solh****",
    "review_id": "5562710",
    "movie_id": "31386"
  },
  {
    "review": "예술과 외설의 외줄타기를 통해 도덕과 비도덕의 경계를 생각하게끔 하는 영화",
    "date": "11.07.17",
    "rating": "9",
    "author": "gilz****",
    "review_id": "5550236",
    "movie_id": "31386"
  },
  {
    "review": "이걸 그냥 야설이네 하고 넘기기엔 너무 아깝지 않은가? 제발 다시한번 봤으면",
    "date": "11.07.07",
    "rating": "9",
    "author": "drea****",
    "review_id": "5526342",
    "movie_id": "31386"
  },
  {
    "review": "와.....간만에 대단한 영화다",
    "date": "11.05.27",
    "rating": "10",
    "author": "libe****",
    "review_id": "5451303",
    "movie_id": "31386"
  },
  {
    "review": "생각하게만드는진짜영화",
    "date": "11.04.09",
    "rating": "10",
    "author": "minj****",
    "review_id": "5362902",
    "movie_id": "31386"
  },
  {
    "review": "그냥 야설이네.. 야하지도 자극적이지도 재미도 없다",
    "date": "11.03.13",
    "rating": "1",
    "author": "sama****",
    "review_id": "5311598",
    "movie_id": "31386"
  },
  {
    "review": "마조히스트, 새디스트",
    "date": "11.02.23",
    "rating": "7",
    "author": "tjsd****",
    "review_id": "5268516",
    "movie_id": "31386"
  },
  {
    "review": "보는내내 욕망의한계는 없을까..라는생각..",
    "date": "11.02.08",
    "rating": "8",
    "author": "vip1****",
    "review_id": "5228874",
    "movie_id": "31386"
  },
  {
    "review": "겉으론 청렴한척 부패한 시대(꼴라의사)를 사드후작을 통해 적나라하게 비판하는 영화",
    "date": "11.02.07",
    "rating": "10",
    "author": "kory****",
    "review_id": "5224603",
    "movie_id": "31386"
  },
  {
    "review": "요컨데 표출의 문제라는거군.. 그럴듯한데?",
    "date": "11.01.15",
    "rating": "9",
    "author": "ejia****",
    "review_id": "5159088",
    "movie_id": "31386"
  },
  {
    "review": "덮고 외면해도 어쩔 수 없는 사랑",
    "date": "11.01.04",
    "rating": "10",
    "author": "hlto****",
    "review_id": "5129287",
    "movie_id": "31386"
  },
  {
    "review": "안타깝지만지금이시대를살아가는우리들에게필요한것은사드같은신념",
    "date": "10.12.18",
    "rating": "9",
    "author": "gene****",
    "review_id": "5061554",
    "movie_id": "31386"
  },
  {
    "review": "사드의 광기를 이해하지 못하더라도 충분히 재미있는 작품",
    "date": "10.11.26",
    "rating": "9",
    "author": "lezf****",
    "review_id": "4991853",
    "movie_id": "31386"
  },
  {
    "review": "놀랍다. 소름끼친다",
    "date": "10.11.22",
    "rating": "8",
    "author": "7win****",
    "review_id": "4979498",
    "movie_id": "31386"
  },
  {
    "review": "기대 않고 봤는데 이 영화를 본 건 탁월한 선택이었다.",
    "date": "10.10.13",
    "rating": "10",
    "author": "pret****",
    "review_id": "4901187",
    "movie_id": "31386"
  },
  {
    "review": "예술과 자유를 위한 불굴의 열정이여 타올라라",
    "date": "10.10.10",
    "rating": "10",
    "author": "jtto****",
    "review_id": "4894719",
    "movie_id": "31386"
  },
  {
    "review": "개지루함",
    "date": "10.08.17",
    "rating": "1",
    "author": "mara****",
    "review_id": "4757536",
    "movie_id": "31386"
  },
  {
    "review": "재밌어",
    "date": "10.08.09",
    "rating": "10",
    "author": "hell****",
    "review_id": "4729776",
    "movie_id": "31386"
  },
  {
    "review": "왜 다들 리뷰에 똑같은말 복사/붙여넣기 들 하고 난리야 그럴거면리뷰왜쓰냐",
    "date": "10.08.02",
    "rating": "1",
    "author": "hall****",
    "review_id": "4698578",
    "movie_id": "31386"
  },
  {
    "review": "처음엔 영화가 막장을 달린다고 생각했는데.. 실제는 이것보다 더 했다니.. 놀랍네요",
    "date": "10.07.27",
    "rating": "8",
    "author": "thdm****",
    "review_id": "4678011",
    "movie_id": "31386"
  },
  {
    "review": "영화란 이런것이다.",
    "date": "10.06.27",
    "rating": "10",
    "author": "doho****",
    "review_id": "4594834",
    "movie_id": "31386"
  },
  {
    "review": "기상천외하고도 재미있는 영화, 사드에 대해 생각해 볼 거리를 던져주는 영화",
    "date": "10.06.26",
    "rating": "10",
    "author": "eroi****",
    "review_id": "4593403",
    "movie_id": "31386"
  },
  {
    "review": "영화 제목이 모든걸 말해준다 선정성도 이정도면 괜찮은거 같고 배우들 연기도 좋았다",
    "date": "10.06.25",
    "rating": "8",
    "author": "rosl****",
    "review_id": "4590950",
    "movie_id": "31386"
  },
  {
    "review": "제프리 러쉬의 연기는 진짜 돋았고 호아킨 피닉스가 연기한 신부의 고뇌가 인상적",
    "date": "10.06.13",
    "rating": "10",
    "author": "9106****",
    "review_id": "4562887",
    "movie_id": "31386"
  },
  {
    "review": "펜하나로 인간의 욕망과 감정을 자극한다...욕망의 표현은 어디까지인가",
    "date": "10.05.29",
    "rating": "9",
    "author": "aero****",
    "review_id": "4531070",
    "movie_id": "31386"
  },
  {
    "review": "내생에 가장 충격적인 영화였다. 최고다 !!!",
    "date": "10.05.26",
    "rating": "10",
    "author": "lsy9****",
    "review_id": "4525826",
    "movie_id": "31386"
  },
  {
    "review": "대사가 하나의 시같다 연기는 말할 것도 없고..",
    "date": "10.05.21",
    "rating": "9",
    "author": "wlsl****",
    "review_id": "4512597",
    "movie_id": "31386"
  },
  {
    "review": "제프리 러쉬의 연기가 돋보였다.",
    "date": "10.05.15",
    "rating": "9",
    "author": "park****",
    "review_id": "4500736",
    "movie_id": "31386"
  },
  {
    "review": "소름이 끼친다.. 집에서 혼자 보고 박수침ㅋㅋㅋㅋㅋㅋㅋㅋㅋㅋㅋ",
    "date": "10.05.14",
    "rating": "10",
    "author": "dyna****",
    "review_id": "4498648",
    "movie_id": "31386"
  },
  {
    "review": "최고",
    "date": "10.05.07",
    "rating": "10",
    "author": "loli****",
    "review_id": "4484801",
    "movie_id": "31386"
  },
  {
    "review": "로미오와 줄리엣을 본 것 같다",
    "date": "10.04.08",
    "rating": "10",
    "author": "mark****",
    "review_id": "4419081",
    "movie_id": "31386"
  },
  {
    "review": "정말 강추 정말 재밌습니다.",
    "date": "10.04.04",
    "rating": "10",
    "author": "abcc****",
    "review_id": "4411879",
    "movie_id": "31386"
  },
  {
    "review": "보다가 두번 울었다.... 이런영화에서 감동을 받다니;; 의외의 수확",
    "date": "10.04.03",
    "rating": "10",
    "author": "baez****",
    "review_id": "4406057",
    "movie_id": "31386"
  },
  {
    "review": "모든 종류의 엄숙에는 일종의 자기기만이 들어있는게 아닐까, 라는 의문을 품게한다",
    "date": "10.03.24",
    "rating": "6",
    "author": "kkot****",
    "review_id": "4382513",
    "movie_id": "31386"
  },
  {
    "review": "케이블에서 할때마다,끝까지 못보고 채널을 돌려버리게 되는, 알수없는 이상한 영화.",
    "date": "10.02.18",
    "rating": "1",
    "author": "baks****",
    "review_id": "4298229",
    "movie_id": "31386"
  },
  {
    "review": "조금 더 낫긴 하지만 카핑베토벤필의 무리수가 보이는 대하 야설 판타지..",
    "date": "10.02.04",
    "rating": "5",
    "author": "imf0****",
    "review_id": "4243620",
    "movie_id": "31386"
  },
  {
    "review": "최고",
    "date": "10.01.31",
    "rating": "10",
    "author": "sayg****",
    "review_id": "4227331",
    "movie_id": "31386"
  },
  {
    "review": "왜 아름답다는 생각이 드는지 말로표현할 수 없지만. 아름다운 영화였다.",
    "date": "10.01.25",
    "rating": "10",
    "author": "cjst****",
    "review_id": "4207585",
    "movie_id": "31386"
  },
  {
    "review": "여운이 많이 남는 영화..",
    "date": "10.01.23",
    "rating": "10",
    "author": "ferr****",
    "review_id": "4201837",
    "movie_id": "31386"
  },
  {
    "review": "극중 모든 인물이 살아 숨쉰다는 뜻을 이 영화를 통해 실감했습니다.",
    "date": "10.01.06",
    "rating": "10",
    "author": "iahb****",
    "review_id": "4142102",
    "movie_id": "31386"
  },
  {
    "review": "사드연기를 진지하지 않고 코믹 설정으로 한것은 좀 별로..",
    "date": "10.01.03",
    "rating": "8",
    "author": "rose****",
    "review_id": "4127985",
    "movie_id": "31386"
  },
  {
    "review": "머찜",
    "date": "09.12.31",
    "rating": "10",
    "author": "sara****",
    "review_id": "4111189",
    "movie_id": "31386"
  },
  {
    "review": "가슴이 먹먹해지는.. ;;",
    "date": "09.12.30",
    "rating": "10",
    "author": "zran****",
    "review_id": "4107716",
    "movie_id": "31386"
  },
  {
    "review": "좀 불쾌했지만, 보고나서 여운과 생각을 많이 하게 해준 영화예요-",
    "date": "09.12.29",
    "rating": "6",
    "author": "ai_h****",
    "review_id": "4104424",
    "movie_id": "31386"
  },
  {
    "review": "완전히 와닿진 않았지만 괜찮은 영화..",
    "date": "09.12.28",
    "rating": "7",
    "author": "gold****",
    "review_id": "4099244",
    "movie_id": "31386"
  },
  {
    "review": "새디즘에대한 관심있는 사람에게 맞을지 몰라도..상당히 거북한 비평가들 영화..",
    "date": "09.12.01",
    "rating": "5",
    "author": "jkr2****",
    "review_id": "4007281",
    "movie_id": "31386"
  },
  {
    "review": "인간의 욕망에 대해서 잘 나타내준 영화인듯",
    "date": "09.11.26",
    "rating": "8",
    "author": "audr****",
    "review_id": "3990898",
    "movie_id": "31386"
  },
  {
    "review": "사드후작을 기념하며~",
    "date": "09.11.23",
    "rating": "8",
    "author": "urin****",
    "review_id": "3985227",
    "movie_id": "31386"
  },
  {
    "review": "웬만한거 맘에차지도 않는 나에게 넌 꽃혔어!!ㅋㅋㅋ 베스트3",
    "date": "09.11.07",
    "rating": "10",
    "author": "drug****",
    "review_id": "3943119",
    "movie_id": "31386"
  },
  {
    "review": "제가 좋아하는 타입의 영화는 아니네요... 흥미진진하지 못하네요..",
    "date": "09.11.01",
    "rating": "6",
    "author": "sang****",
    "review_id": "3930400",
    "movie_id": "31386"
  },
  {
    "review": "전..좀 그냥 그랬어요..",
    "date": "09.10.14",
    "rating": "5",
    "author": "imso****",
    "review_id": "3892284",
    "movie_id": "31386"
  },
  {
    "review": "보면서도 깜짝깜짝 놀라는 영화",
    "date": "09.10.11",
    "rating": "9",
    "author": "fatg****",
    "review_id": "3887441",
    "movie_id": "31386"
  },
  {
    "review": "내 심장을 뛰게했다. 욕정으로만 볼 수 없는 영화... 누가 욕을 하겠는가 ㅠㅠ",
    "date": "09.09.29",
    "rating": "10",
    "author": "wqea****",
    "review_id": "3860624",
    "movie_id": "31386"
  },
  {
    "review": "꽤 몰입하게 만들었던 영화",
    "date": "09.09.28",
    "rating": "9",
    "author": "hj78****",
    "review_id": "3858842",
    "movie_id": "31386"
  },
  {
    "review": "잘만들었어요. 지루할 틈도 없었던 영화.",
    "date": "09.09.28",
    "rating": "10",
    "author": "loon****",
    "review_id": "3856348",
    "movie_id": "31386"
  },
  {
    "review": "독특하군.  프랑스판 '음란서생'",
    "date": "09.09.27",
    "rating": "8",
    "author": "newl****",
    "review_id": "3855411",
    "movie_id": "31386"
  },
  {
    "review": "브라보! 소재도 독특하고 진짜 잘만든 영화",
    "date": "09.09.27",
    "rating": "10",
    "author": "dcap****",
    "review_id": "3853189",
    "movie_id": "31386"
  },
  {
    "review": "볼만하네여",
    "date": "09.09.26",
    "rating": "10",
    "author": "jjw1****",
    "review_id": "3852411",
    "movie_id": "31386"
  },
  {
    "review": "기대안하구 봤지만 엄청몰입하면서 본영화... 사드후작의 대사하나하나가 인상적이다.",
    "date": "09.09.26",
    "rating": "10",
    "author": "kis5****",
    "review_id": "3851334",
    "movie_id": "31386"
  },
  {
    "review": "좀 지루해서; 괜찮긴 하지만,, 호아킨피닉스의 망가지기전 옛 모습을 볼수있다..",
    "date": "09.09.15",
    "rating": "7",
    "author": "sptl****",
    "review_id": "3833574",
    "movie_id": "31386"
  },
  {
    "review": "여운이남고 배우들이 다 매력있네요",
    "date": "09.09.03",
    "rating": "10",
    "author": "cand****",
    "review_id": "3809291",
    "movie_id": "31386"
  },
  {
    "review": "진짜 잘만든 영화",
    "date": "09.08.31",
    "rating": "10",
    "author": "spvp****",
    "review_id": "3803263",
    "movie_id": "31386"
  },
  {
    "review": "프로이트 칼로저스 스키너... 사드후작 쿨미어 꼴라... 아 영화 정말... 대단하다...",
    "date": "09.08.30",
    "rating": "10",
    "author": "jun3****",
    "review_id": "3798091",
    "movie_id": "31386"
  }
]