[
  {
    "review": "무난하다고 본다...",
    "date": "15.07.25",
    "rating": "6",
    "author": "yana****",
    "review_id": "10143119",
    "movie_id": "31404"
  },
  {
    "review": "별로 재미 없는 영화!!!",
    "date": "14.03.09",
    "rating": "1",
    "author": "kyou****",
    "review_id": "8565060",
    "movie_id": "31404"
  },
  {
    "review": "가볍게 한번 즐길만한 영화",
    "date": "12.01.03",
    "rating": "6",
    "author": "meta****",
    "review_id": "5956393",
    "movie_id": "31404"
  },
  {
    "review": "영상미가 쩜. 재밌는 영화",
    "date": "11.08.05",
    "rating": "10",
    "author": "orio****",
    "review_id": "5605563",
    "movie_id": "31404"
  },
  {
    "review": "딱 7점.",
    "date": "11.05.06",
    "rating": "10",
    "author": "bore****",
    "review_id": "5410728",
    "movie_id": "31404"
  },
  {
    "review": "그냥 골 때리는 영화",
    "date": "11.03.07",
    "rating": "3",
    "author": "milk****",
    "review_id": "5299351",
    "movie_id": "31404"
  },
  {
    "review": "관객의 눈을 부끄럽게 만든다.",
    "date": "10.12.06",
    "rating": "1",
    "author": "pria****",
    "review_id": "5027521",
    "movie_id": "31404"
  },
  {
    "review": "재밌음 ㅋㅋㅋㅋㅋㅋ",
    "date": "10.09.23",
    "rating": "9",
    "author": "coll****",
    "review_id": "4860406",
    "movie_id": "31404"
  },
  {
    "review": "이게뭐야.. 배우들은 맘에드는데.... 킬링타임용보다 좀 떨어진다.. 비추",
    "date": "10.08.11",
    "rating": "5",
    "author": "pepe****",
    "review_id": "4733895",
    "movie_id": "31404"
  },
  {
    "review": "재미없당.. 오묘하게 유두가 안나와서 실망",
    "date": "10.07.05",
    "rating": "1",
    "author": "pksj****",
    "review_id": "4612911",
    "movie_id": "31404"
  },
  {
    "review": "완전 잼나여 이런영화있었는지도몰랐네 2001년에 미영합작영화있었다는게 놀랍고",
    "date": "10.04.21",
    "rating": "9",
    "author": "tntz****",
    "review_id": "4446375",
    "movie_id": "31404"
  },
  {
    "review": "학교에서 시험으로 봤는데 너무나 잼있게 봤어요 ㅋㅋ",
    "date": "10.04.20",
    "rating": "10",
    "author": "newn****",
    "review_id": "4445458",
    "movie_id": "31404"
  },
  {
    "review": "니미.무슨 영화가 하고 싶은 얘기가 없다.내가 찍은 그녀가 알고보니 ...가 뽕이더라.",
    "date": "10.02.16",
    "rating": "3",
    "author": "baks****",
    "review_id": "4289262",
    "movie_id": "31404"
  },
  {
    "review": "딱 보통",
    "date": "09.12.02",
    "rating": "8",
    "author": "c42k****",
    "review_id": "4008565",
    "movie_id": "31404"
  },
  {
    "review": "그럭저럭 볼만한 B급",
    "date": "09.11.17",
    "rating": "6",
    "author": "urus****",
    "review_id": "3970970",
    "movie_id": "31404"
  },
  {
    "review": "51번째주는 영국이 미국의 일개주란 조크임...",
    "date": "09.04.19",
    "rating": "8",
    "author": "wony****",
    "review_id": "3429213",
    "movie_id": "31404"
  },
  {
    "review": "그렇게.. 나쁜영화는 아니다",
    "date": "09.04.17",
    "rating": "6",
    "author": "xx41****",
    "review_id": "3425857",
    "movie_id": "31404"
  },
  {
    "review": "사무엘잭슨의 최고의 영화가 아닐까??",
    "date": "09.01.28",
    "rating": "10",
    "author": "leon****",
    "review_id": "3257853",
    "movie_id": "31404"
  },
  {
    "review": "무난한 액션 / 코미디, 설사 씬 엄청 웃었다. 사무엘 짱, 여배우 짱",
    "date": "08.06.05",
    "rating": "7",
    "author": "pass****",
    "review_id": "2681236",
    "movie_id": "31404"
  },
  {
    "review": "여배우가 눈에 띄고, 사무엘이 치마랑 잘 어울린다",
    "date": "08.05.19",
    "rating": "6",
    "author": "cont****",
    "review_id": "2652457",
    "movie_id": "31404"
  },
  {
    "review": "51번째주가 무슨 의미인지 모르겠다",
    "date": "07.10.20",
    "rating": "6",
    "author": "deff****",
    "review_id": "2099830",
    "movie_id": "31404"
  },
  {
    "review": "영국색 짙고 웃기면 불만없다. 샘 형의 '블랙아웃'보다는 훨씬 명작. ㅋ",
    "date": "07.08.17",
    "rating": "10",
    "author": "comb****",
    "review_id": "1951277",
    "movie_id": "31404"
  },
  {
    "review": "엉성함.",
    "date": "07.08.10",
    "rating": "6",
    "author": "choi****",
    "review_id": "1916266",
    "movie_id": "31404"
  },
  {
    "review": "수준이하다.. 사무엘잭슨이 나온 영화중 최악이 아닐런지..",
    "date": "07.06.21",
    "rating": "5",
    "author": "sinb****",
    "review_id": "1712413",
    "movie_id": "31404"
  },
  {
    "review": "영국에도 나찌 추종자들이 있나? 처음 알았다;;",
    "date": "07.04.02",
    "rating": "7",
    "author": "lhcg****",
    "review_id": "1568185",
    "movie_id": "31404"
  },
  {
    "review": "볼만해요.ㅋㅋㅋ 영국이 무대라서 그런지 그나라 풍습이 잘나온 작품.!",
    "date": "07.03.30",
    "rating": "9",
    "author": "2wjd****",
    "review_id": "1563611",
    "movie_id": "31404"
  },
  {
    "review": "3류긴 하지만 안보면 아쉬운 작품!....",
    "date": "07.01.12",
    "rating": "8",
    "author": "mrbo****",
    "review_id": "1378686",
    "movie_id": "31404"
  },
  {
    "review": "좀더 좀더 .... ㅠ_ㅠ 아쉽다",
    "date": "06.12.08",
    "rating": "6",
    "author": "whis****",
    "review_id": "1275586",
    "movie_id": "31404"
  },
  {
    "review": "최고!",
    "date": "06.10.30",
    "rating": "10",
    "author": "suns****",
    "review_id": "1207982",
    "movie_id": "31404"
  },
  {
    "review": "tv에서 해서 봤는데 완전 재미있음",
    "date": "06.08.27",
    "rating": "10",
    "author": "andy****",
    "review_id": "1083311",
    "movie_id": "31404"
  },
  {
    "review": "우연히 봤던 영화 다시 한번 또..",
    "date": "06.06.27",
    "rating": "8",
    "author": "yush****",
    "review_id": "859616",
    "movie_id": "31404"
  },
  {
    "review": "그냥봤는데이거의외재밌어요~미니쿠퍼가영국에선놀림당하다니참",
    "date": "06.01.22",
    "rating": "7",
    "author": "9741****",
    "review_id": "609217",
    "movie_id": "31404"
  },
  {
    "review": "오이거 생각보다 잼있어요ㅋ코믹도 약간들어가고 아무튼잼있음",
    "date": "06.01.21",
    "rating": "10",
    "author": "rhqu****",
    "review_id": "608195",
    "movie_id": "31404"
  },
  {
    "review": "액션영화가 이렇게 지루하긴 처음",
    "date": "06.01.21",
    "rating": "1",
    "author": "rnrd****",
    "review_id": "606715",
    "movie_id": "31404"
  },
  {
    "review": "에밀리 모티머의 킬러역... 사무엘 L. 잭슨의 퀼트 치마",
    "date": "06.01.21",
    "rating": "10",
    "author": "wkgk****",
    "review_id": "605585",
    "movie_id": "31404"
  },
  {
    "review": "싱거운 농담하다 끝나는 맥없는 이야기..",
    "date": "06.01.21",
    "rating": "5",
    "author": "jcr3****",
    "review_id": "605541",
    "movie_id": "31404"
  },
  {
    "review": "필립스아저씨가 귀엽고 멋있었다. 잘생기셨다",
    "date": "06.01.21",
    "rating": "10",
    "author": "love****",
    "review_id": "605477",
    "movie_id": "31404"
  },
  {
    "review": "아무생각없이 즐기기에 딱 좋다~ ㅋㅋㅋ",
    "date": "06.01.21",
    "rating": "10",
    "author": "yytt****",
    "review_id": "605454",
    "movie_id": "31404"
  },
  {
    "review": "오랜만에 웃어보는 코메디물 이네요ㅋㅋㅋㅋ",
    "date": "06.01.21",
    "rating": "10",
    "author": "ming****",
    "review_id": "605286",
    "movie_id": "31404"
  },
  {
    "review": "실속이 조금 떨어지는듯,, 영국이 51번째주라니,,,;;ㅉㅉㅉㅉ",
    "date": "06.01.20",
    "rating": "4",
    "author": "rlaa****",
    "review_id": "604984",
    "movie_id": "31404"
  },
  {
    "review": "뭐야 이건? 3류 범죄물ㅇ",
    "date": "05.12.24",
    "rating": "3",
    "author": "kws7****",
    "review_id": "525582",
    "movie_id": "31404"
  },
  {
    "review": "재밌지만 ...2류급?",
    "date": "05.12.23",
    "rating": "7",
    "author": "blue****",
    "review_id": "522207",
    "movie_id": "31404"
  },
  {
    "review": "웃긴데 속은 없네",
    "date": "05.08.14",
    "rating": "4",
    "author": "okjo****",
    "review_id": "366582",
    "movie_id": "31404"
  },
  {
    "review": "ㅎㅎ, 웃기고 재밌고",
    "date": "04.11.04",
    "rating": "10",
    "author": "gun_****",
    "review_id": "139391",
    "movie_id": "31404"
  },
  {
    "review": "로버트 칼라일 너무 멋져~",
    "date": "04.08.13",
    "rating": "10",
    "author": "lall****",
    "review_id": "89155",
    "movie_id": "31404"
  },
  {
    "review": "왠지 아쉬운 그 무엇이",
    "date": "04.07.28",
    "rating": "3",
    "author": "kjhg****",
    "review_id": "78526",
    "movie_id": "31404"
  },
  {
    "review": "최고다",
    "date": "04.06.21",
    "rating": "10",
    "author": "amaz****",
    "review_id": "58078",
    "movie_id": "31404"
  },
  {
    "review": "뭐하자는 영환자..가이리치 흉내내기도 아니고..그 압권인 앤딩은 정말..",
    "date": "04.05.29",
    "rating": "1",
    "author": "zpan****",
    "review_id": "47346",
    "movie_id": "31404"
  },
  {
    "review": "영화보는 도중 계속 웃었음.. 특히, 형사들이 압권이다.",
    "date": "04.05.01",
    "rating": "10",
    "author": "mand****",
    "review_id": "40307",
    "movie_id": "31404"
  },
  {
    "review": "미국을 무참하게 씹어버리는 영국영화... 그래서 미국놈들이 혹평 했을수도",
    "date": "04.01.17",
    "rating": "10",
    "author": "newa****",
    "review_id": "11071",
    "movie_id": "31404"
  }
]