[
  {
    "review": "오늘다시보구 싶은영화",
    "date": "15.07.06",
    "rating": "10",
    "author": "good****",
    "review_id": "10075965",
    "movie_id": "31405"
  },
  {
    "review": "오랜만에 소름돋는 영화를 봤네... 여주 왜 포기했니;;; 슬프고 안타깝네..",
    "date": "15.07.06",
    "rating": "10",
    "author": "dosa****",
    "review_id": "10075396",
    "movie_id": "31405"
  },
  {
    "review": "법정영화에 포커스를 뒀어도 재밌었을텐데.. 그래도 한국멜로영화스러운 수작!!",
    "date": "14.12.28",
    "rating": "7",
    "author": "ippo****",
    "review_id": "9529870",
    "movie_id": "31405"
  },
  {
    "review": "오래전에 보았지만 이미연의 청초한 슬픔과 박신양의 남자향기 물씬 나는 굵직한 옆모습이 참 멋있었던 영화로 기억합니다. 법정 문이 열리고 닫히면서 우연히 마주친 두 시선의 애절함에서 눈물이 자꾸 흐르더군요..",
    "date": "14.11.17",
    "rating": "10",
    "author": "nari****",
    "review_id": "9396576",
    "movie_id": "31405"
  },
  {
    "review": "완벽한 영화. 개인적으로도 이런 영화를 좋아하는데 정말 좋았어요",
    "date": "14.09.06",
    "rating": "10",
    "author": "hyou****",
    "review_id": "9172731",
    "movie_id": "31405"
  },
  {
    "review": "박신양과 이미연의 조합만으로도 솔직히 8점정도는 줄 수 있는 작품이라고 본다. 특히 이미연의 30대 초반의 미모의 절정을 볼 수 있는 작품이다, 그리고 두 사람의 연기력을 합치면 10점을 줄 수 있는 이유는 충분하다고 본다.",
    "date": "14.09.05",
    "rating": "10",
    "author": "rkdh****",
    "review_id": "9170458",
    "movie_id": "31405"
  },
  {
    "review": "좋았지만 뭔가 아쉬운 그냥 다 아쉬운 영화",
    "date": "14.04.30",
    "rating": "8",
    "author": "jiha****",
    "review_id": "8684224",
    "movie_id": "31405"
  },
  {
    "review": "tv 전기세가 아깝다!!!",
    "date": "14.03.31",
    "rating": "1",
    "author": "ske4****",
    "review_id": "8619968",
    "movie_id": "31405"
  },
  {
    "review": "연기가...와...",
    "date": "14.03.31",
    "rating": "10",
    "author": "fron****",
    "review_id": "8619403",
    "movie_id": "31405"
  },
  {
    "review": "고전이지만 참 좋은작품이었습니다",
    "date": "14.03.17",
    "rating": "9",
    "author": "mild****",
    "review_id": "8585200",
    "movie_id": "31405"
  },
  {
    "review": "길들여짐의 무서움을 느끼며~",
    "date": "14.03.14",
    "rating": "9",
    "author": "2937****",
    "review_id": "8573735",
    "movie_id": "31405"
  },
  {
    "review": "내내 기억하게 될 영화다. 역시 박신양, 이미연이다. 박신양의 난처할 때의 꺼방한 행동, 말투 가  재밌고 때론 무서우리만치 명철한 모습도 멋있다. 재판정에서 변호사역으로  이렇게 안정감 있고 설득력있게  연기하는  분이 또 있을까. 최고 명배우다!",
    "date": "14.03.06",
    "rating": "10",
    "author": "ttrr****",
    "review_id": "8558287",
    "movie_id": "31405"
  },
  {
    "review": "우리나라는 사형이 실질적으로는 폐지된 국가로 분류되는 나라죠. 인디안 썸머같은 거 없다... 7번방의 기적같은 거 없구요... 조두순 7년 있으면 나오는 나라... 영화보고 감동받아서 눈물 흘리다가도 현실로 나오면 다 그지같을 뿐.",
    "date": "13.12.01",
    "rating": "8",
    "author": "ming****",
    "review_id": "8183442",
    "movie_id": "31405"
  },
  {
    "review": "좋네요....저 밑에 우리나라 사형제도 폐지 됐다고 하는데폐지된거 아닙니다.... 다만, 형의 집행을 계속 시행하지 않고 있을뿐...",
    "date": "13.10.27",
    "rating": "9",
    "author": "kmac****",
    "review_id": "8093132",
    "movie_id": "31405"
  },
  {
    "review": "사형집행 폐지된 나라에서 이런 내용으로 만들어봤자 현실과 영화의 괴리감만 심해져서 몰입이 안된다.",
    "date": "13.10.12",
    "rating": "6",
    "author": "morb****",
    "review_id": "8056207",
    "movie_id": "31405"
  },
  {
    "review": "몰입력이나 배우들의 연기는 무척 인상깊어지만 여주인공이 왜 사형을 받으려고 하는지 개연성이 부족해 보인다.",
    "date": "13.09.14",
    "rating": "8",
    "author": "a109****",
    "review_id": "7976959",
    "movie_id": "31405"
  },
  {
    "review": "어휴...답답해 죽는 여주. 그냥 사형이 답이다. 왜 저딴 애 살릴려고 출세길을 막는데.. 암튼 스토리가 억지춘향 신파라 최하점.",
    "date": "13.08.11",
    "rating": "2",
    "author": "mool****",
    "review_id": "7870055",
    "movie_id": "31405"
  },
  {
    "review": "숨은 명작 찾앗다.!",
    "date": "13.08.04",
    "rating": "10",
    "author": "vkzk****",
    "review_id": "7839668",
    "movie_id": "31405"
  },
  {
    "review": "오늘날 재판의 현실.. 7번방의 기적과 똑같다..",
    "date": "13.07.20",
    "rating": "10",
    "author": "8484****",
    "review_id": "7766784",
    "movie_id": "31405"
  },
  {
    "review": "개봉했을당시 영화관에서 봤었는데.. 진부하고 지루. 눈물짜내려고 만든 장면에선 폭소를 금치못했음. 평점조절용.",
    "date": "13.07.09",
    "rating": "1",
    "author": "akam****",
    "review_id": "7719712",
    "movie_id": "31405"
  },
  {
    "review": "모든게 완벽했지만.. 가장 중요한 극의 개연성이 떨어진다는게  가장 아쉽다.. 20분 30분이 더 늘어나더라도 충분히 표현을 해줬어야 하는데 눈물콧물 질질쌀수 있는 영환데 ..",
    "date": "13.05.29",
    "rating": "8",
    "author": "dg34****",
    "review_id": "7560830",
    "movie_id": "31405"
  },
  {
    "review": "참 괜찮은 영화다 숨은 명작이지.!",
    "date": "13.05.20",
    "rating": "10",
    "author": "lamj****",
    "review_id": "7544851",
    "movie_id": "31405"
  },
  {
    "review": "가슴이 아릿해지는 영화",
    "date": "13.04.08",
    "rating": "10",
    "author": "hhjs****",
    "review_id": "7443980",
    "movie_id": "31405"
  },
  {
    "review": "내 가슴 속 남아있는 멋진 영화",
    "date": "13.04.08",
    "rating": "10",
    "author": "seun****",
    "review_id": "7443977",
    "movie_id": "31405"
  },
  {
    "review": "Very good!",
    "date": "12.10.05",
    "rating": "9",
    "author": "nost****",
    "review_id": "6765042",
    "movie_id": "31405"
  },
  {
    "review": "박신양 음,,, 연기가 확실히..",
    "date": "12.04.01",
    "rating": "10",
    "author": "kklz****",
    "review_id": "6185282",
    "movie_id": "31405"
  },
  {
    "review": "아슬아슬했던 사랑이 참 눈부시게 아름다웠고 슬펐다. 최고라고 말해주고 싶은 영화.",
    "date": "12.02.04",
    "rating": "10",
    "author": "happ****",
    "review_id": "6051209",
    "movie_id": "31405"
  },
  {
    "review": "에휴 지루하다",
    "date": "11.12.27",
    "rating": "1",
    "author": "pksj****",
    "review_id": "5939384",
    "movie_id": "31405"
  },
  {
    "review": "박신양 연기 정말 압권.. 영화 배경이 너무 아름다워요.  스토리는 아름답고 슬퍼요",
    "date": "11.07.22",
    "rating": "10",
    "author": "andr****",
    "review_id": "5560688",
    "movie_id": "31405"
  },
  {
    "review": "10년전 영화라 그런지 조금 어색해도 조금괜찮다 ㅎ",
    "date": "11.05.20",
    "rating": "8",
    "author": "ltg7****",
    "review_id": "5439838",
    "movie_id": "31405"
  },
  {
    "review": "너무 잘 만들어진 영화다.난 박신양의 연기가 인상적이었다.",
    "date": "11.04.30",
    "rating": "10",
    "author": "knm7****",
    "review_id": "5399241",
    "movie_id": "31405"
  },
  {
    "review": "이영화의 조용함이 아직까지 여운을 남긴다.",
    "date": "11.01.28",
    "rating": "10",
    "author": "naah****",
    "review_id": "5191440",
    "movie_id": "31405"
  },
  {
    "review": "개봉때 봤을때는 재밌었는데 뭐라하는 사람들은 10년전 영화 지금와서보고 왜 욕함??",
    "date": "11.01.27",
    "rating": "8",
    "author": "rudd****",
    "review_id": "5187755",
    "movie_id": "31405"
  },
  {
    "review": "누구보다 간절하고 따뜻한 시기",
    "date": "10.12.04",
    "rating": "9",
    "author": "sakl****",
    "review_id": "5022407",
    "movie_id": "31405"
  },
  {
    "review": "박신양의 나레이션이 기억에 남는다. 이미연의 슬픈 연기도 좋았다.",
    "date": "10.11.04",
    "rating": "10",
    "author": "pret****",
    "review_id": "4938618",
    "movie_id": "31405"
  },
  {
    "review": "TV 단막극 수준",
    "date": "10.07.06",
    "rating": "4",
    "author": "trip****",
    "review_id": "4617533",
    "movie_id": "31405"
  },
  {
    "review": "2010년에 봤습니다 평점 정말 너무 과하네요..",
    "date": "10.07.04",
    "rating": "1",
    "author": "silk****",
    "review_id": "4610493",
    "movie_id": "31405"
  },
  {
    "review": "다시 봐도..몇번을 봐도 긴 여운이 남는.. 결말이 안타까운.. 또 보고 싶은 영화...",
    "date": "10.06.21",
    "rating": "10",
    "author": "kjis****",
    "review_id": "4582065",
    "movie_id": "31405"
  },
  {
    "review": "나두 윤경근쌤이 추천해서 보게된 영화..",
    "date": "10.05.20",
    "rating": "10",
    "author": "jo15****",
    "review_id": "4511988",
    "movie_id": "31405"
  },
  {
    "review": "경찰직 형사소송법 강사 윤경근 샘이 추천한 영화..",
    "date": "10.04.12",
    "rating": "10",
    "author": "daer****",
    "review_id": "4427962",
    "movie_id": "31405"
  },
  {
    "review": "밑에 유치찬란하다는님은 왜 영화를보는지.당신액션영화만봐.이영화 좋은영화다 알간",
    "date": "10.02.22",
    "rating": "10",
    "author": "pink****",
    "review_id": "4308268",
    "movie_id": "31405"
  },
  {
    "review": "ㅇ ㅓ???",
    "date": "09.12.13",
    "rating": "6",
    "author": "kore****",
    "review_id": "4041153",
    "movie_id": "31405"
  },
  {
    "review": "유치찬란한 대사에 어처구니 없는 영화",
    "date": "09.11.03",
    "rating": "1",
    "author": "meth****",
    "review_id": "3934540",
    "movie_id": "31405"
  },
  {
    "review": "영화는 영화일뿐",
    "date": "09.10.21",
    "rating": "8",
    "author": "blac****",
    "review_id": "3906431",
    "movie_id": "31405"
  },
  {
    "review": "박신양의 연기는 영화가 끝난 이후까지 사람을 힘들게 한다...",
    "date": "09.09.26",
    "rating": "10",
    "author": "supe****",
    "review_id": "3850640",
    "movie_id": "31405"
  },
  {
    "review": "결말이 아쉽지만.. 이미연 너무이쁘구 박신양 연기 넘 잘하구!",
    "date": "09.09.08",
    "rating": "9",
    "author": "1664****",
    "review_id": "3818664",
    "movie_id": "31405"
  },
  {
    "review": "입만 변호사",
    "date": "09.08.17",
    "rating": "5",
    "author": "bbq2****",
    "review_id": "3758311",
    "movie_id": "31405"
  },
  {
    "review": "당시에 재밌게봤음",
    "date": "09.08.06",
    "rating": "10",
    "author": "jkh0****",
    "review_id": "3715795",
    "movie_id": "31405"
  },
  {
    "review": "제시카의 lost without your love때문인지 기억속에서 좋게 윤색된 영화.",
    "date": "09.07.14",
    "rating": "7",
    "author": "rach****",
    "review_id": "3631157",
    "movie_id": "31405"
  },
  {
    "review": "누군가에게는 사랑이 존재 그 자체일 수도 있습니다. 박신양, 이미연 연기의 정점",
    "date": "09.05.18",
    "rating": "10",
    "author": "love****",
    "review_id": "3504437",
    "movie_id": "31405"
  },
  {
    "review": "무언가 상상력을 자극하는. 관객이 결말을 거부하게 만드는 영화.",
    "date": "09.04.26",
    "rating": "10",
    "author": "o0me****",
    "review_id": "3442901",
    "movie_id": "31405"
  },
  {
    "review": "그 당시엔.. 정말 슬펐던 기억...",
    "date": "09.04.17",
    "rating": "9",
    "author": "rich****",
    "review_id": "3425230",
    "movie_id": "31405"
  },
  {
    "review": "몰입도 좋고.........결말이 많이 안타까움.........ㅜ",
    "date": "09.03.30",
    "rating": "10",
    "author": "hyej****",
    "review_id": "3396314",
    "movie_id": "31405"
  },
  {
    "review": "오버와 센티멘탈이 짝짜꿍되어 몹시 유치함. 그리고 오로지 어색 어색.. 피식~",
    "date": "09.03.01",
    "rating": "2",
    "author": "bepl****",
    "review_id": "3340688",
    "movie_id": "31405"
  },
  {
    "review": "엇갈린 그들의 운명만큼 영화는 슬프지만 맺어질수 없는 그들의 사람",
    "date": "09.02.21",
    "rating": "6",
    "author": "deff****",
    "review_id": "3320138",
    "movie_id": "31405"
  },
  {
    "review": "영원히 기억에 남는 영화...",
    "date": "09.01.31",
    "rating": "10",
    "author": "hams****",
    "review_id": "3268007",
    "movie_id": "31405"
  },
  {
    "review": "정말슬프고 감동적이네요 마직막 장면 정말 슬퍼요 ..,,,,..추천한방",
    "date": "09.01.26",
    "rating": "10",
    "author": "iter****",
    "review_id": "3250263",
    "movie_id": "31405"
  },
  {
    "review": "가을이 끝나기 전에 만날 수 있었던 시간을 감사히 생각한다.",
    "date": "08.10.25",
    "rating": "10",
    "author": "thek****",
    "review_id": "3018039",
    "movie_id": "31405"
  },
  {
    "review": "인디안썸머라는 단어의 뜻이 아주 잘 어울리는.. 나름 재밌게 본 영화.ㅋ",
    "date": "08.07.27",
    "rating": "9",
    "author": "jsm3****",
    "review_id": "2808170",
    "movie_id": "31405"
  },
  {
    "review": "왠만해선 이런말 안쓰는데.. 한숨밖에 안나옴.ㅎ",
    "date": "08.07.05",
    "rating": "1",
    "author": "tgre****",
    "review_id": "2741037",
    "movie_id": "31405"
  },
  {
    "review": "현재까지 유효한",
    "date": "08.06.16",
    "rating": "8",
    "author": "favo****",
    "review_id": "2703013",
    "movie_id": "31405"
  },
  {
    "review": "형소법 공부를 하시는 분은 꼭 보세요. 합격청부업자 윤경근 선생이 강추합니다.",
    "date": "08.05.20",
    "rating": "10",
    "author": "ykkk****",
    "review_id": "2652582",
    "movie_id": "31405"
  },
  {
    "review": "좀 답답햇지만 볼만햇다",
    "date": "08.03.27",
    "rating": "7",
    "author": "rkdm****",
    "review_id": "2544205",
    "movie_id": "31405"
  },
  {
    "review": "형소법 공부됐다. 윤경근샘ㄳ",
    "date": "08.03.09",
    "rating": "10",
    "author": "tazz****",
    "review_id": "2510307",
    "movie_id": "31405"
  },
  {
    "review": "여자한테 미치면 약도 없다. 그냥 한 번 즐기고 관둬라!",
    "date": "08.03.06",
    "rating": "8",
    "author": "gobu****",
    "review_id": "2505960",
    "movie_id": "31405"
  },
  {
    "review": "이영화 정말 감동적으로 본 영화다..가을에 어울리는 영화..인디언썸머를 기억한다..",
    "date": "08.02.16",
    "rating": "10",
    "author": "tofl****",
    "review_id": "2450442",
    "movie_id": "31405"
  },
  {
    "review": "이 영화 정말 감동적이다.",
    "date": "08.02.03",
    "rating": "10",
    "author": "ekdn****",
    "review_id": "2404205",
    "movie_id": "31405"
  },
  {
    "review": "잔잔한 여운이  있는 영화.ㅎㅎ",
    "date": "08.01.16",
    "rating": "9",
    "author": "crys****",
    "review_id": "2335668",
    "movie_id": "31405"
  },
  {
    "review": "대놓고슬프지는않지만생각할수록아련하게아파오는그들의사랑.",
    "date": "08.01.03",
    "rating": "10",
    "author": "glit****",
    "review_id": "2293801",
    "movie_id": "31405"
  },
  {
    "review": "한국영화만드는사람들, 이런 식으로 자기 무덤판다.",
    "date": "07.12.10",
    "rating": "2",
    "author": "fire****",
    "review_id": "2221123",
    "movie_id": "31405"
  },
  {
    "review": "그녀의 짧고 애달픈 인디안 썸머를 너무나 뜻깊게 완성시킨 애력.",
    "date": "07.11.17",
    "rating": "5",
    "author": "paci****",
    "review_id": "2159480",
    "movie_id": "31405"
  },
  {
    "review": "아 말도 안돼고 재미없는데 내가 이상한건가 ...",
    "date": "07.11.10",
    "rating": "1",
    "author": "ddaj****",
    "review_id": "2142236",
    "movie_id": "31405"
  },
  {
    "review": "완전재밌어요>_신고",
    "date": "07.11.09",
    "rating": "10",
    "author": "whit****",
    "review_id": "2141377",
    "movie_id": "31405"
  },
  {
    "review": "차가워지는 때를 맞이하기 전에 뜨거워지는 사랑이란...",
    "date": "07.10.04",
    "rating": "8",
    "author": "eter****",
    "review_id": "2070570",
    "movie_id": "31405"
  },
  {
    "review": "난 직접 돈 내고 본 게 아깝지 않았는데...ㅠ_ㅠ",
    "date": "07.08.28",
    "rating": "10",
    "author": "dras****",
    "review_id": "1985849",
    "movie_id": "31405"
  },
  {
    "review": "마지막 법정에서 문닫히며 눈물흘리는 이미연의 미소가 너무 이쁘다..",
    "date": "07.08.13",
    "rating": "7",
    "author": "wetm****",
    "review_id": "1930441",
    "movie_id": "31405"
  },
  {
    "review": "진부한 전개. 배우들의 연기력은 A급. 연출과 각본은 B급",
    "date": "07.08.09",
    "rating": "6",
    "author": "lsh1****",
    "review_id": "1907524",
    "movie_id": "31405"
  },
  {
    "review": "연기는 좋았으나 공감할수 없는 스토리....",
    "date": "07.08.08",
    "rating": "7",
    "author": "typo****",
    "review_id": "1901914",
    "movie_id": "31405"
  },
  {
    "review": "오래간만에 본 멋진 영화~ 잘만들었다!!",
    "date": "07.08.04",
    "rating": "9",
    "author": "typo****",
    "review_id": "1876864",
    "movie_id": "31405"
  },
  {
    "review": "굿.굿.굿!!굿!초굿!넘슬퍼!으아악나좀살려주셈넘슬퍼염!!으으윽",
    "date": "07.07.28",
    "rating": "10",
    "author": "dlxo****",
    "review_id": "1818112",
    "movie_id": "31405"
  },
  {
    "review": "파리의연인보다 더절실한 박신양이 좋았습니다",
    "date": "07.07.26",
    "rating": "10",
    "author": "wshi****",
    "review_id": "1812855",
    "movie_id": "31405"
  },
  {
    "review": "남편을살해한게아니고남편은자살한거네요그럼이미연은왜거짓말해서사형당할까?",
    "date": "07.06.16",
    "rating": "5",
    "author": "zzzo****",
    "review_id": "1703436",
    "movie_id": "31405"
  },
  {
    "review": "너무슬펐던영화, 인디안썸머를알게해준영화",
    "date": "07.06.01",
    "rating": "10",
    "author": "sony****",
    "review_id": "1676428",
    "movie_id": "31405"
  },
  {
    "review": "유독기억나는 대사 \"그때 알았어요 내가 지독히도 길들여져 있다는걸\"",
    "date": "07.03.28",
    "rating": "10",
    "author": "misu****",
    "review_id": "1559824",
    "movie_id": "31405"
  },
  {
    "review": "말없이 눈물이 뚝뚝..",
    "date": "07.03.23",
    "rating": "10",
    "author": "sama****",
    "review_id": "1548845",
    "movie_id": "31405"
  },
  {
    "review": "박신양, 이미연의 연기가 좋았다",
    "date": "07.03.18",
    "rating": "10",
    "author": "pung****",
    "review_id": "1541195",
    "movie_id": "31405"
  },
  {
    "review": "예전에 못봤던 좋은 영화중 하나인듯하네..",
    "date": "07.03.09",
    "rating": "9",
    "author": "love****",
    "review_id": "1525261",
    "movie_id": "31405"
  },
  {
    "review": "좋은 영화 였지만 조금은 아쉬운 면이 없지 않다.",
    "date": "07.02.27",
    "rating": "10",
    "author": "gksk****",
    "review_id": "1505505",
    "movie_id": "31405"
  },
  {
    "review": "전형적인 한국 멜로물",
    "date": "07.02.25",
    "rating": "5",
    "author": "lees****",
    "review_id": "1501739",
    "movie_id": "31405"
  },
  {
    "review": "배우들의 재능이 낭비된듯한 느낌.",
    "date": "07.02.08",
    "rating": "7",
    "author": "iwuz****",
    "review_id": "1452674",
    "movie_id": "31405"
  },
  {
    "review": "미연씨 최고ㅠㅠ",
    "date": "07.01.19",
    "rating": "9",
    "author": "hoie****",
    "review_id": "1397014",
    "movie_id": "31405"
  },
  {
    "review": "그러니까 반전을 시도는 한거지?",
    "date": "07.01.03",
    "rating": "5",
    "author": "nala****",
    "review_id": "1353065",
    "movie_id": "31405"
  },
  {
    "review": "정말 짱이다!!",
    "date": "06.12.26",
    "rating": "10",
    "author": "yun7****",
    "review_id": "1328464",
    "movie_id": "31405"
  },
  {
    "review": "모처럼 재밌는 한국영화를 봤다.",
    "date": "06.12.26",
    "rating": "10",
    "author": "dksh****",
    "review_id": "1328443",
    "movie_id": "31405"
  },
  {
    "review": "박신양 이미연 정말 연기 좋았구 스토리도 굿이에여~",
    "date": "06.12.26",
    "rating": "10",
    "author": "them****",
    "review_id": "1328441",
    "movie_id": "31405"
  },
  {
    "review": "눈물이 흐른다.",
    "date": "06.12.26",
    "rating": "10",
    "author": "leej****",
    "review_id": "1328435",
    "movie_id": "31405"
  },
  {
    "review": "극장서 봤었는데 끝에 눈물이 흐르더군..",
    "date": "06.12.11",
    "rating": "10",
    "author": "2601****",
    "review_id": "1283871",
    "movie_id": "31405"
  },
  {
    "review": "박신양 멜로의 정점",
    "date": "06.12.04",
    "rating": "10",
    "author": "true****",
    "review_id": "1267441",
    "movie_id": "31405"
  },
  {
    "review": "죽고싶다는말이 살고싶다는말보다 더 절실하게느껴질때...",
    "date": "06.11.24",
    "rating": "10",
    "author": "khg8****",
    "review_id": "1247947",
    "movie_id": "31405"
  },
  {
    "review": "참 인상깊은 영화. 몇 년이 지난 후에도 가슴속에 남아있는 영화",
    "date": "06.11.23",
    "rating": "10",
    "author": "0101****",
    "review_id": "1246416",
    "movie_id": "31405"
  }
]