[
  {
    "review": "'삶'에 대한 임 순례 감독의 깊이있는 해석이 녹아든 영화,전체 running time중 불필요한 장면이 전혀 없는 잘 만든영화.",
    "date": "15.08.20",
    "rating": "10",
    "author": "equu****",
    "review_id": "10254450",
    "movie_id": "31422"
  },
  {
    "review": "대한민국 남자의 삶을 보여준것 같다 아직은 20대지만 나중에 30,40대가 된다하면 조금 더 가슴에 와닿을 영화",
    "date": "15.08.13",
    "rating": "10",
    "author": "dbtk****",
    "review_id": "10221715",
    "movie_id": "31422"
  },
  {
    "review": "한국영화중에 명작이라고 불릴만한 영화가 몇개없지만, 이 영화는 명작이다. '아파트', '회상', '사랑밖에난몰라' 주옥같은 OST가 흘러나오는 장면들에서 나도 모르게 눈물이 흐른다.",
    "date": "15.08.05",
    "rating": "10",
    "author": "kjk9****",
    "review_id": "10188235",
    "movie_id": "31422"
  },
  {
    "review": "한국영화 수작...나무랄때없는....때를 잘못만난 비운의 영화...",
    "date": "15.07.29",
    "rating": "9",
    "author": "kara****",
    "review_id": "10156139",
    "movie_id": "31422"
  },
  {
    "review": "그냥 보고 있으면 좋네요..",
    "date": "15.07.23",
    "rating": "10",
    "author": "henr****",
    "review_id": "10132148",
    "movie_id": "31422"
  },
  {
    "review": "발가벗겨진 몸에 기타만 메고 있는 성우, 학창시절 친구들과 해변에서 발가벗고 뛰놀던 장면이 나온다. 무대에 서고 싶어하던 기태. 인희와 성우가 같은 무대에서 노래를 마지막장면은 단연 최고다. 아파트, 아가씨, 사랑밖에난몰라. 세 노래가 영화를 요약한다",
    "date": "15.07.07",
    "rating": "10",
    "author": "live****",
    "review_id": "10078196",
    "movie_id": "31422"
  },
  {
    "review": "마무리 너무좋다~~ 이런게 영화지",
    "date": "15.06.26",
    "rating": "10",
    "author": "quat****",
    "review_id": "10037382",
    "movie_id": "31422"
  },
  {
    "review": "왜 요즘은 이런 영화가 없을까?",
    "date": "15.06.24",
    "rating": "10",
    "author": "vhru****",
    "review_id": "10026787",
    "movie_id": "31422"
  },
  {
    "review": "참 재미있었다. ㅎㅎㅎㅎ",
    "date": "15.05.02",
    "rating": "10",
    "author": "os_n****",
    "review_id": "9885649",
    "movie_id": "31422"
  },
  {
    "review": "영화관에서 보지않은것이 후회되는 영화!국산 영화중 최고라고 평가합니다",
    "date": "15.04.09",
    "rating": "10",
    "author": "ksy1****",
    "review_id": "9835664",
    "movie_id": "31422"
  },
  {
    "review": "이거 진짜점순가? 8.2점정도 됩니다",
    "date": "15.04.01",
    "rating": "8",
    "author": "trus****",
    "review_id": "9819374",
    "movie_id": "31422"
  },
  {
    "review": "인생의 꿈과 현실과의 괴리에서 오는 씁쓸함",
    "date": "15.03.27",
    "rating": "7",
    "author": "rcan****",
    "review_id": "9808768",
    "movie_id": "31422"
  },
  {
    "review": "내 인생 최고의 영화~~ 아.. 오늘밤에 한번 더 봐야겠다...",
    "date": "15.03.09",
    "rating": "10",
    "author": "qinh****",
    "review_id": "9768606",
    "movie_id": "31422"
  },
  {
    "review": "무슨 말이 필요 있으랴? 최고중의 최고는 이럴때 쓸 수 있는 말이다",
    "date": "15.02.14",
    "rating": "10",
    "author": "jack****",
    "review_id": "9695363",
    "movie_id": "31422"
  },
  {
    "review": "추천합니다 꼭보세요!!",
    "date": "15.02.08",
    "rating": "10",
    "author": "md_e****",
    "review_id": "9681074",
    "movie_id": "31422"
  },
  {
    "review": "있는 그대로 현실. 어렸을적 행복한추억이 룸싸롱에서 벌거벗고 노래하는 모습과 오버랩될때 이상과현실의 넘을수 없는 경계가 마음아프다",
    "date": "14.12.31",
    "rating": "10",
    "author": "seoh****",
    "review_id": "9539882",
    "movie_id": "31422"
  },
  {
    "review": "이 영화 보고 난 뒤부터 윤수일 아파트 노래만 들으면 우울해짐.",
    "date": "14.12.27",
    "rating": "9",
    "author": "dbzm****",
    "review_id": "9525184",
    "movie_id": "31422"
  },
  {
    "review": "넌 행복하니????///",
    "date": "14.12.23",
    "rating": "10",
    "author": "netr****",
    "review_id": "9502856",
    "movie_id": "31422"
  },
  {
    "review": "결국 희망 마취제를 맞으며 살아나가는게, 삶.",
    "date": "14.12.22",
    "rating": "10",
    "author": "hw88****",
    "review_id": "9500144",
    "movie_id": "31422"
  },
  {
    "review": "십여년만에 다시봅니다. 바다와 더불어 넓고 깊게만 보이는 그들의 굴곡진 삶.. 다들 힘들어하는 이시기와 너무 흡사하다.",
    "date": "14.12.09",
    "rating": "10",
    "author": "blue****",
    "review_id": "9459943",
    "movie_id": "31422"
  },
  {
    "review": "한결같이 청춘일 순 없는 그 애탄함",
    "date": "14.11.19",
    "rating": "7",
    "author": "jjda****",
    "review_id": "9400545",
    "movie_id": "31422"
  },
  {
    "review": "비본질이 본질을 비웃는 시대.. 가짜가 진짜를 밀어내는 시대.. 비본질적인 세상에서 진짜로 살아가는 것은 정말 행복한걸까? 이 영화가 조금은 답해 주었다. 이렇게 아름다운 해피엔딩은 처음이다.^^  섬세하지만 굳이 비수를 꽂지 않는 한국적인 영화.",
    "date": "14.11.07",
    "rating": "10",
    "author": "soon****",
    "review_id": "9351617",
    "movie_id": "31422"
  },
  {
    "review": "현실을 힘겹게 버티는 현대인에 대한 임순례 감독의 눈물어린 찬사",
    "date": "14.10.04",
    "rating": "10",
    "author": "ndw1****",
    "review_id": "9264491",
    "movie_id": "31422"
  },
  {
    "review": "기리기리 빛날 영원한 수작",
    "date": "14.09.10",
    "rating": "10",
    "author": "kkuh****",
    "review_id": "9195659",
    "movie_id": "31422"
  },
  {
    "review": "한번 보면 나를 생각하고, 두번 보면 주위사람을 생각하고. 세번 보면 날 보는 모든 사람까지 생각하는....  기나긴 여운이 있는 영화",
    "date": "14.09.08",
    "rating": "10",
    "author": "just****",
    "review_id": "9182617",
    "movie_id": "31422"
  },
  {
    "review": "굴곡진 인생길을 돌고 돌아 마침내 한 무대에 서게 된 세 사람.",
    "date": "14.09.06",
    "rating": "1",
    "author": "whtj****",
    "review_id": "9173305",
    "movie_id": "31422"
  },
  {
    "review": "굴곡진 인생길을 돌고 돌아 마침내 한 무대에 서게 된 세 사람.",
    "date": "14.09.06",
    "rating": "1",
    "author": "whtj****",
    "review_id": "9173303",
    "movie_id": "31422"
  },
  {
    "review": "말이 필요없는 수작...",
    "date": "14.09.01",
    "rating": "10",
    "author": "yaso****",
    "review_id": "9153356",
    "movie_id": "31422"
  },
  {
    "review": "누구에게는 인생영화가 될 수 있다.",
    "date": "14.08.25",
    "rating": "10",
    "author": "toto****",
    "review_id": "9133754",
    "movie_id": "31422"
  },
  {
    "review": "꿈을 좇는 인생과, 그런 인생의 절망적인 현실에서도 희망을 말하는 영화. 씁쓸하지만 씁쓸하지 않은 영화.",
    "date": "14.08.19",
    "rating": "10",
    "author": "plfl****",
    "review_id": "9111582",
    "movie_id": "31422"
  },
  {
    "review": "사람냄새나는 밴드이야기. 더불어 지금은 한가닥하는 배우들의 풋풋한 시절까지 엿볼수있는 영화....  유쾌하지만은 않지만 그래도 나름 괜찮은 결말을 보여준다.",
    "date": "14.08.06",
    "rating": "10",
    "author": "cidd****",
    "review_id": "9039057",
    "movie_id": "31422"
  },
  {
    "review": "걸작중의 걸작, 더이상 뭐라고 평하는 것이 부담스러울뿐",
    "date": "14.07.26",
    "rating": "10",
    "author": "waki****",
    "review_id": "8961920",
    "movie_id": "31422"
  },
  {
    "review": "독립 예술 영화라 생각하고 그동안 안봤는데  진심 꿀잼이었슴.... 케이블에서 방송 좀 해줬으면 하는 바램이....",
    "date": "14.07.20",
    "rating": "10",
    "author": "chil****",
    "review_id": "8936459",
    "movie_id": "31422"
  },
  {
    "review": "흔한스토리인데 표현하는 방식이 가슴에 와 닿는영화.연령별로 느낌이 다를듯 싶다.",
    "date": "14.06.13",
    "rating": "9",
    "author": "a109****",
    "review_id": "8825350",
    "movie_id": "31422"
  },
  {
    "review": "밴드 이야기이지만 우리 모두의 삶과 생활에 관한 이야기..나 자신을 뒤돌아 보게 만드는.. 마지막 장면으로  넘어가면서  슬프면서도 실낱같은 희망도 느끼게 해주는 걸작중에 걸작",
    "date": "14.06.13",
    "rating": "10",
    "author": "adiv****",
    "review_id": "8825090",
    "movie_id": "31422"
  },
  {
    "review": "컴퓨터 전기세가 아깝다!!!",
    "date": "14.06.06",
    "rating": "1",
    "author": "ske4****",
    "review_id": "8802418",
    "movie_id": "31422"
  },
  {
    "review": "진짜 수작! 본지 OO이 지났지만 아직도 짠한 여운이",
    "date": "14.03.03",
    "rating": "10",
    "author": "abra****",
    "review_id": "8554106",
    "movie_id": "31422"
  },
  {
    "review": "내마음속에 간직하고 있는 여러영화중 하나. 우울하거나 공허할때 꺼내서 보는 여러영화중 하나.인생에 현실과 이상을 어느선에서 타협해야할까....기억에 남는대사는 .... 넌 니가 선택한 이길이 행복해?",
    "date": "14.02.21",
    "rating": "10",
    "author": "heo4****",
    "review_id": "8524992",
    "movie_id": "31422"
  },
  {
    "review": "이 영화의 배경 구석구석을 보고 있으면 뭔가 모를 아련함이 느껴진다. 살아가는 이야기의 흘러간 저쪽 한 켠을 보고 있으니 인생의 씁쓸함이 전해진다.. 볼 때마다 마음 한편이 쓸쓸하고 우울해지는 영화.. 그 기분 그 맛이 있어서 그립다..",
    "date": "14.02.17",
    "rating": "9",
    "author": "gent****",
    "review_id": "8516269",
    "movie_id": "31422"
  },
  {
    "review": "좀 더 나이가 들면 재밌으려나..",
    "date": "14.02.06",
    "rating": "7",
    "author": "qkqh****",
    "review_id": "8479730",
    "movie_id": "31422"
  },
  {
    "review": "와이키키키키ㅣ키브라도리스",
    "date": "14.02.03",
    "rating": "10",
    "author": "wpig****",
    "review_id": "8468864",
    "movie_id": "31422"
  },
  {
    "review": "아주 주옥같은 작품입니다.",
    "date": "14.01.17",
    "rating": "10",
    "author": "youn****",
    "review_id": "8390514",
    "movie_id": "31422"
  },
  {
    "review": "어린 내게는 좀 지루했지만 더 컸을 때는 어떨까...",
    "date": "13.12.26",
    "rating": "8",
    "author": "shae****",
    "review_id": "8308086",
    "movie_id": "31422"
  },
  {
    "review": "내인생최고영화...매년마다 볼수록 와닿는다",
    "date": "13.12.16",
    "rating": "10",
    "author": "yuna****",
    "review_id": "8219189",
    "movie_id": "31422"
  },
  {
    "review": "정말 멋있고 섬세한 영화!",
    "date": "13.12.16",
    "rating": "9",
    "author": "lkyl****",
    "review_id": "8217582",
    "movie_id": "31422"
  },
  {
    "review": "나에게는 참 슬픈 영화였다. 꿈만을 향해간 성우의 모습이 나 같았기 때문이었다. 냉정한 현실속에서 꿈을 이루기란 그렇게 어려운 것인지... 하지만 결말부분에는 그래도 희망이 있음을 보여주는 엔딩씬 맘에 들었다.다시한번 인생을 생각해보게하는 영화였다",
    "date": "13.11.22",
    "rating": "10",
    "author": "mini****",
    "review_id": "8159957",
    "movie_id": "31422"
  },
  {
    "review": "몇번을 봐도 질리지 않는 수작.",
    "date": "13.10.26",
    "rating": "10",
    "author": "simu****",
    "review_id": "8091837",
    "movie_id": "31422"
  },
  {
    "review": "아오 진짜 못만들었다 이걸 연출이라고 대사도 어색하고 돋보이는건 황정민의 연기네 진지한걸 만들더라도 스콜세지는택시드라이버라고 존나게 잘만들었는데 ㅉㅉ",
    "date": "13.10.21",
    "rating": "1",
    "author": "ehgu****",
    "review_id": "8078041",
    "movie_id": "31422"
  },
  {
    "review": "나의 최고의 영화...20대일때...30대일때..보는 느낌이 다르다....40대가 되어서 다시 한 번 보고싶다..",
    "date": "13.10.10",
    "rating": "10",
    "author": "skss****",
    "review_id": "8049534",
    "movie_id": "31422"
  },
  {
    "review": "행복하지 못할지도 모르지만, 사람은 자기가 하고싶은 것을 하고 살아야 한다",
    "date": "13.10.10",
    "rating": "10",
    "author": "zxck****",
    "review_id": "8049528",
    "movie_id": "31422"
  },
  {
    "review": "허름한 여관방에서 전날 숙취에 찌든채 방바닥에 앉아 마일드세븐 피는 느낌",
    "date": "13.10.08",
    "rating": "7",
    "author": "masa****",
    "review_id": "8045007",
    "movie_id": "31422"
  },
  {
    "review": "영화가 끝나는 마지막순간에도 그는 기타를 붙들고있었지",
    "date": "13.09.17",
    "rating": "10",
    "author": "iddl****",
    "review_id": "7987884",
    "movie_id": "31422"
  },
  {
    "review": "인생, 음악, 그리고 영화 .....아 정말................",
    "date": "13.09.10",
    "rating": "10",
    "author": "ha_e****",
    "review_id": "7964656",
    "movie_id": "31422"
  },
  {
    "review": "가슴이 먹먹해지고 우울해졌다. 너무 슬프고 눈물이 난다. 나도 저렇게 되겠지?소주 한잔이 생각난다..... OO",
    "date": "13.08.19",
    "rating": "10",
    "author": "chul****",
    "review_id": "7901764",
    "movie_id": "31422"
  },
  {
    "review": "최고",
    "date": "13.07.29",
    "rating": "10",
    "author": "llsm****",
    "review_id": "7796395",
    "movie_id": "31422"
  },
  {
    "review": "명작이다",
    "date": "13.07.15",
    "rating": "10",
    "author": "bhi0****",
    "review_id": "7744356",
    "movie_id": "31422"
  },
  {
    "review": "10점은 됩니다",
    "date": "13.07.14",
    "rating": "10",
    "author": "bsuu****",
    "review_id": "7739077",
    "movie_id": "31422"
  },
  {
    "review": "수철이 자살하기전 날 성우에게 했던 말이 이영화의 핵심이랄까요.. 아 슬프다 내인생 ㅠ",
    "date": "13.07.11",
    "rating": "8",
    "author": "akaa****",
    "review_id": "7726696",
    "movie_id": "31422"
  },
  {
    "review": "내가 너무 어려서 그런지 지루했다",
    "date": "13.07.07",
    "rating": "6",
    "author": "3gat****",
    "review_id": "7714737",
    "movie_id": "31422"
  },
  {
    "review": "굴곡진 인생길을 돌고 돌아 마침내 한 무대에 서게 된 세 사람. 마지막 장면에서 눈물을 쏟았다.",
    "date": "13.06.12",
    "rating": "9",
    "author": "beau****",
    "review_id": "7629447",
    "movie_id": "31422"
  },
  {
    "review": "너무나도 현실적인, 그래서 가슴 아픈",
    "date": "13.05.29",
    "rating": "8",
    "author": "floo****",
    "review_id": "7560815",
    "movie_id": "31422"
  },
  {
    "review": "엔딩이 너무 좋은 영화",
    "date": "13.05.07",
    "rating": "10",
    "author": "rona****",
    "review_id": "7513913",
    "movie_id": "31422"
  },
  {
    "review": "사실적이고 인간적인 따뜻한 영화",
    "date": "13.04.10",
    "rating": "9",
    "author": "sipj****",
    "review_id": "7448549",
    "movie_id": "31422"
  },
  {
    "review": "다시 보게 된다....",
    "date": "13.04.05",
    "rating": "10",
    "author": "spee****",
    "review_id": "7436502",
    "movie_id": "31422"
  },
  {
    "review": "삶은 그러하리라",
    "date": "13.03.24",
    "rating": "9",
    "author": "yong****",
    "review_id": "7406693",
    "movie_id": "31422"
  },
  {
    "review": "짙은 페르소나,임순례가 위대하다!",
    "date": "13.03.16",
    "rating": "9",
    "author": "dory****",
    "review_id": "7353940",
    "movie_id": "31422"
  },
  {
    "review": "한국스럽고, 한국다운 한국영화",
    "date": "13.03.15",
    "rating": "10",
    "author": "lond****",
    "review_id": "7350410",
    "movie_id": "31422"
  },
  {
    "review": "그래도 살아야지 에휴...",
    "date": "13.03.03",
    "rating": "6",
    "author": "yaya****",
    "review_id": "7322074",
    "movie_id": "31422"
  },
  {
    "review": "영화 자체의 재미는 모르겠으나 난 정말 죽은 친구의 말이 자꾸자꾸 생각난다.. '하고 싶은거 하면서 사는 넌 행복하니?' 하..",
    "date": "13.02.28",
    "rating": "7",
    "author": "ldy6****",
    "review_id": "7310823",
    "movie_id": "31422"
  },
  {
    "review": "아..",
    "date": "13.02.13",
    "rating": "9",
    "author": "aiko****",
    "review_id": "7258231",
    "movie_id": "31422"
  },
  {
    "review": "황정민은 이때가 가장 좋았다. 절제미가 넘치는 연기",
    "date": "13.02.09",
    "rating": "9",
    "author": "name****",
    "review_id": "7242120",
    "movie_id": "31422"
  },
  {
    "review": "몇번을 보아도 가슴은 먹먹하다. Life goes on .........",
    "date": "13.01.14",
    "rating": "9",
    "author": "nksk****",
    "review_id": "7116938",
    "movie_id": "31422"
  },
  {
    "review": "굿..",
    "date": "12.12.31",
    "rating": "10",
    "author": "kore****",
    "review_id": "7065937",
    "movie_id": "31422"
  },
  {
    "review": "꿈과 현실의 부조화가 너무나도 먹먹하다.",
    "date": "12.12.29",
    "rating": "10",
    "author": "reco****",
    "review_id": "7059231",
    "movie_id": "31422"
  },
  {
    "review": "본지 OO도 더된작품일텐데, 참 좋은작품",
    "date": "12.12.28",
    "rating": "9",
    "author": "rock****",
    "review_id": "7056434",
    "movie_id": "31422"
  },
  {
    "review": "개봉관에서 보고 난 후...단연 그 해 최고의 영화라 생각했던 영화.",
    "date": "12.12.26",
    "rating": "10",
    "author": "yjh8****",
    "review_id": "7049812",
    "movie_id": "31422"
  },
  {
    "review": "꿈 머나먼 현싷 그러나  꿈은 이루어질수 있다",
    "date": "12.12.25",
    "rating": "10",
    "author": "good****",
    "review_id": "7040761",
    "movie_id": "31422"
  },
  {
    "review": "그렇게 좋아하던 음악으로 먹고 사니까,행복하냐고...그야말로,가슴을 치는명대사가 아닐수 없다.유승범도,부러진화살의박원상도,연기 잘하는걸로,유명한 황정민도,모두 다 모습을 보이는,캐스팅부터 쩔어줌.임순례감독이,개그우먼 김지민씨만큼만,예뻤어도,청혼했을꺼다",
    "date": "12.12.19",
    "rating": "9",
    "author": "baks****",
    "review_id": "7016597",
    "movie_id": "31422"
  },
  {
    "review": "극장에서 혼자 보았지.. 좋았어...",
    "date": "12.12.16",
    "rating": "10",
    "author": "char****",
    "review_id": "7008186",
    "movie_id": "31422"
  },
  {
    "review": "이상과 현실..... 둘 사이에 어쩔수 없는 벽이 있네요..... 그래도 마지막 장면에서  잔잔한 미소가^^",
    "date": "12.11.27",
    "rating": "10",
    "author": "kimt****",
    "review_id": "6932113",
    "movie_id": "31422"
  },
  {
    "review": "아려한 옛사랑과 함께한 영화...잊을 수 없군..",
    "date": "12.09.24",
    "rating": "10",
    "author": "61ch****",
    "review_id": "6729316",
    "movie_id": "31422"
  },
  {
    "review": "마지막 장면은 별거없는데도 참 감동스럽네.",
    "date": "12.09.22",
    "rating": "8",
    "author": "doro****",
    "review_id": "6719363",
    "movie_id": "31422"
  },
  {
    "review": "꿈,사랑,행복 그리고 사람사는 이야기에 관한영화",
    "date": "12.09.15",
    "rating": "10",
    "author": "dnf7****",
    "review_id": "6698075",
    "movie_id": "31422"
  },
  {
    "review": "아련한 과거와 무거운 현실 모두 음악과 함께 흘러 가네요.",
    "date": "12.09.06",
    "rating": "10",
    "author": "thsd****",
    "review_id": "6672701",
    "movie_id": "31422"
  },
  {
    "review": "그래서... 행복하냐?",
    "date": "12.06.15",
    "rating": "9",
    "author": "gate****",
    "review_id": "6393358",
    "movie_id": "31422"
  },
  {
    "review": "거울로 보는 듯한 현실을 필름에 반영.",
    "date": "12.06.14",
    "rating": "7",
    "author": "wlfa****",
    "review_id": "6390411",
    "movie_id": "31422"
  },
  {
    "review": "이 영화는 정말 순도 110%의 현실을 그렸다.",
    "date": "12.06.10",
    "rating": "10",
    "author": "4529****",
    "review_id": "6383921",
    "movie_id": "31422"
  },
  {
    "review": "보는 내내 어둠침침한 느낌.. 전달하고자 하는 메세지는 알겠지만 잘 안 와닿는..",
    "date": "12.05.22",
    "rating": "7",
    "author": "beli****",
    "review_id": "6321530",
    "movie_id": "31422"
  },
  {
    "review": "왜 한국영화가 이처럼 못만들까??????",
    "date": "12.05.17",
    "rating": "10",
    "author": "mey4****",
    "review_id": "6304638",
    "movie_id": "31422"
  },
  {
    "review": "할 말은 없지만, 점수 주기 위해",
    "date": "12.05.15",
    "rating": "10",
    "author": "rock****",
    "review_id": "6300278",
    "movie_id": "31422"
  },
  {
    "review": "현실적이고 씁쓸하지만 희망이 보였다.. 아니고 보고 싶었다.",
    "date": "12.04.29",
    "rating": "10",
    "author": "sgew****",
    "review_id": "6257085",
    "movie_id": "31422"
  },
  {
    "review": "지루한면도 있지만 마음에 와닿는 면이 많네요 결말에 앤딩이 좋았어요",
    "date": "12.04.14",
    "rating": "10",
    "author": "tomo****",
    "review_id": "6221327",
    "movie_id": "31422"
  },
  {
    "review": "인생에 대한, 꿈에 대한 씁쓸한 이야기...",
    "date": "12.04.02",
    "rating": "8",
    "author": "kkam****",
    "review_id": "6188903",
    "movie_id": "31422"
  },
  {
    "review": "이 영화 참... 기분 씁쓸하게 만드는구만... 쩝.. 인생이란...",
    "date": "12.03.24",
    "rating": "8",
    "author": "youn****",
    "review_id": "6164703",
    "movie_id": "31422"
  },
  {
    "review": "좋습니다",
    "date": "12.03.02",
    "rating": "10",
    "author": "muns****",
    "review_id": "6118061",
    "movie_id": "31422"
  },
  {
    "review": "단 한번 뿐인 삶..",
    "date": "12.02.29",
    "rating": "10",
    "author": "ar1r****",
    "review_id": "6112445",
    "movie_id": "31422"
  },
  {
    "review": "임순례가 보여주는 현실과 대중예술에 대한 딜레마",
    "date": "12.02.23",
    "rating": "6",
    "author": "guev****",
    "review_id": "6097353",
    "movie_id": "31422"
  },
  {
    "review": "재미없는데 ...",
    "date": "12.02.16",
    "rating": "4",
    "author": "enia****",
    "review_id": "6080018",
    "movie_id": "31422"
  },
  {
    "review": "꿈 이상 그리고 밴드",
    "date": "12.02.12",
    "rating": "10",
    "author": "sho1****",
    "review_id": "6070118",
    "movie_id": "31422"
  },
  {
    "review": "소름이 끼친다... 그의 곁을 떠나간 사람, 스쳐간 사람 그리고 남은사람...",
    "date": "12.02.11",
    "rating": "10",
    "author": "wjdd****",
    "review_id": "6066715",
    "movie_id": "31422"
  }
]