[
  {
    "review": "영화사적 점수를 준다고해도  시대를 뛰어넘진 못하는 영화..",
    "date": "15.04.05",
    "rating": "7",
    "author": "kara****",
    "review_id": "9828662",
    "movie_id": "31429"
  },
  {
    "review": "액션 스토리 연기  최고였음",
    "date": "14.06.23",
    "rating": "9",
    "author": "cats****",
    "review_id": "8849611",
    "movie_id": "31429"
  },
  {
    "review": "영 아니에요68년 개봉작으르서 당시는 대단했을 지 모르나 지금의 눈으로 보면 코미디 같은...",
    "date": "13.10.06",
    "rating": "1",
    "author": "pss0****",
    "review_id": "8040370",
    "movie_id": "31429"
  },
  {
    "review": "내가 본 가장 쿨한 영화.",
    "date": "13.10.06",
    "rating": "8",
    "author": "cube****",
    "review_id": "8038347",
    "movie_id": "31429"
  },
  {
    "review": "검들의 향연을 나열하는  대신 인물의 감정을 파고드는 탁월한 감각",
    "date": "13.07.26",
    "rating": "10",
    "author": "jcr3****",
    "review_id": "7788594",
    "movie_id": "31429"
  },
  {
    "review": "언제나 느끼는건데 이 작품은 몰락하고 다시 일어서는 드라마가 참 훌륭하다.",
    "date": "13.02.14",
    "rating": "8",
    "author": "sega****",
    "review_id": "7264379",
    "movie_id": "31429"
  },
  {
    "review": "정말  재이있는 무협 영화.",
    "date": "13.02.14",
    "rating": "10",
    "author": "tkk4****",
    "review_id": "7264037",
    "movie_id": "31429"
  },
  {
    "review": "제작년도를 생각하면 그 시대의 무협 블럭버스터 로서 손색이 없는 작품일듯",
    "date": "12.11.29",
    "rating": "8",
    "author": "puls****",
    "review_id": "6941093",
    "movie_id": "31429"
  },
  {
    "review": "어렸을 땐 잼있게 봤는데 요즘 다시 보니 인형극 보는 거 같았다. 왤케 다 어색한지..분장, 연기도 어색하고 스토리도 빈약하다.",
    "date": "12.09.11",
    "rating": "7",
    "author": "katy****",
    "review_id": "6688024",
    "movie_id": "31429"
  },
  {
    "review": "탄탄한 스토리가 비장미넘치게 전개되는군",
    "date": "12.09.09",
    "rating": "7",
    "author": "guev****",
    "review_id": "6682761",
    "movie_id": "31429"
  },
  {
    "review": "졸작임에도 불구하고 팔이 잘리는 찰나 터져나오는 격정미는 예술!.",
    "date": "12.08.26",
    "rating": "3",
    "author": "rd72****",
    "review_id": "6644767",
    "movie_id": "31429"
  },
  {
    "review": "지금 보면 정말 동작이 느리다...그러나. 그때의 향수를 맛볼수 있는 쿵푸영화",
    "date": "12.06.24",
    "rating": "7",
    "author": "jodi****",
    "review_id": "6413673",
    "movie_id": "31429"
  },
  {
    "review": "내생에 최고의 영화",
    "date": "12.06.02",
    "rating": "10",
    "author": "yoon****",
    "review_id": "6356621",
    "movie_id": "31429"
  },
  {
    "review": "서극이 리메이크 할만하네...지금봐도 대단하다",
    "date": "12.05.30",
    "rating": "8",
    "author": "do11****",
    "review_id": "6349071",
    "movie_id": "31429"
  },
  {
    "review": "멋지다.. 이 영화가 당대 지녔을 괴력을 알겠다..",
    "date": "12.01.15",
    "rating": "10",
    "author": "moon****",
    "review_id": "5986399",
    "movie_id": "31429"
  },
  {
    "review": "훌륭하다",
    "date": "11.10.24",
    "rating": "8",
    "author": "bbob****",
    "review_id": "5807053",
    "movie_id": "31429"
  },
  {
    "review": "내생에 최고의 영화",
    "date": "11.09.29",
    "rating": "10",
    "author": "qngh****",
    "review_id": "5759859",
    "movie_id": "31429"
  },
  {
    "review": "스토리도 탄탄하고 액션도 괜찮은 명작 무협 영화.",
    "date": "11.07.12",
    "rating": "10",
    "author": "skss****",
    "review_id": "5538618",
    "movie_id": "31429"
  },
  {
    "review": "지금보면 촌스럽지만 볼 가치가 있음...",
    "date": "11.04.21",
    "rating": "8",
    "author": "arse****",
    "review_id": "5385260",
    "movie_id": "31429"
  },
  {
    "review": "장철 위대함 시작..여성위주 영화에서 남성미가 철철넘치는 영화로 바뀐 역사적작품!",
    "date": "10.12.01",
    "rating": "8",
    "author": "thra****",
    "review_id": "5012564",
    "movie_id": "31429"
  },
  {
    "review": "시대를 감안해서봐도 어설프지않은 액션과 적절한 스토리가 있다",
    "date": "10.11.03",
    "rating": "10",
    "author": "rnrd****",
    "review_id": "4935696",
    "movie_id": "31429"
  },
  {
    "review": "왕우가 궁금하신분들은 보심 좋습니다...솔직히 서극이 리메이크한게 잼있음.",
    "date": "10.03.31",
    "rating": "10",
    "author": "pke9****",
    "review_id": "4400051",
    "movie_id": "31429"
  },
  {
    "review": "지금보면 영 볼만하지가 않지. 스토리도 단순하고 액션도 밋밋하고 어색한",
    "date": "09.12.01",
    "rating": "6",
    "author": "hack****",
    "review_id": "4007254",
    "movie_id": "31429"
  },
  {
    "review": "년도를 감안하고 보면 정말 뛰어난 작품",
    "date": "09.11.20",
    "rating": "8",
    "author": "gmdo****",
    "review_id": "3978552",
    "movie_id": "31429"
  },
  {
    "review": "대단한 영화. 꼭 보시길...",
    "date": "09.06.10",
    "rating": "10",
    "author": "ceme****",
    "review_id": "3556357",
    "movie_id": "31429"
  },
  {
    "review": "3개 시리즈 중에서 첫번째 작품 액션 스토리, 빠질게 없음 홍콩 명작 고전 영화",
    "date": "09.03.19",
    "rating": "10",
    "author": "mrq1****",
    "review_id": "3374794",
    "movie_id": "31429"
  },
  {
    "review": "쇼브라더스 전성기 시절, 추억의 홍콩 무협 영화. good",
    "date": "08.12.10",
    "rating": "6",
    "author": "lks3****",
    "review_id": "3106162",
    "movie_id": "31429"
  },
  {
    "review": "고전무협 좋아하시고 장철영화 좋아하시는분들은 꼭 보세요",
    "date": "08.10.11",
    "rating": "10",
    "author": "jtso****",
    "review_id": "2993120",
    "movie_id": "31429"
  },
  {
    "review": "장철의 이 씨리즈는 존 포드의 영화들처럼 시대를 초월한 생명력을 갖추지 못했다.",
    "date": "08.09.09",
    "rating": "4",
    "author": "baks****",
    "review_id": "2931678",
    "movie_id": "31429"
  },
  {
    "review": "지금에서야 봤는데, 나는 <서극의 칼>이 좋다",
    "date": "08.09.07",
    "rating": "6",
    "author": "only****",
    "review_id": "2929439",
    "movie_id": "31429"
  },
  {
    "review": "비장감은 느껴지나, 지금보기엔 뭔가 허전하다..",
    "date": "08.02.09",
    "rating": "6",
    "author": "hide****",
    "review_id": "2425957",
    "movie_id": "31429"
  },
  {
    "review": "good",
    "date": "07.11.30",
    "rating": "6",
    "author": "cles****",
    "review_id": "2194967",
    "movie_id": "31429"
  },
  {
    "review": "원조외팔이",
    "date": "07.07.28",
    "rating": "5",
    "author": "ysuh****",
    "review_id": "1818407",
    "movie_id": "31429"
  },
  {
    "review": "좀 어정쩡해 뭔가좀 어정쩡해",
    "date": "06.07.28",
    "rating": "7",
    "author": "kws7****",
    "review_id": "934831",
    "movie_id": "31429"
  },
  {
    "review": "그래도 최고다",
    "date": "06.07.28",
    "rating": "10",
    "author": "zeed****",
    "review_id": "931883",
    "movie_id": "31429"
  },
  {
    "review": "첫 시리즈는 뭔가 모잘랐다. 인정하자.",
    "date": "06.03.19",
    "rating": "8",
    "author": "donj****",
    "review_id": "723389",
    "movie_id": "31429"
  },
  {
    "review": "명작이라고 밖에 할수없다.",
    "date": "05.12.11",
    "rating": "10",
    "author": "serf****",
    "review_id": "501112",
    "movie_id": "31429"
  },
  {
    "review": "그당시에이런작품을만들다니정말 대단하다고 생각됩니다.",
    "date": "05.11.15",
    "rating": "10",
    "author": "eb10****",
    "review_id": "475066",
    "movie_id": "31429"
  },
  {
    "review": "전설적인 작품. 개인적으론 중반까지 분위기가 좋았다",
    "date": "05.10.15",
    "rating": "10",
    "author": "noob****",
    "review_id": "443858",
    "movie_id": "31429"
  },
  {
    "review": "영화는 스토리가 중요하다는 기본을 가르쳐주는 멋진 영화",
    "date": "05.03.19",
    "rating": "10",
    "author": "hiss****",
    "review_id": "243643",
    "movie_id": "31429"
  },
  {
    "review": "진짜 멋있는 영화",
    "date": "04.12.17",
    "rating": "10",
    "author": "kyw4****",
    "review_id": "164265",
    "movie_id": "31429"
  },
  {
    "review": "장철의 3대 걸작  복수,십삼태보, 그리고 이 영화 독비도",
    "date": "04.10.11",
    "rating": "10",
    "author": "dark****",
    "review_id": "123953",
    "movie_id": "31429"
  },
  {
    "review": "영원히 홍콩영화 마니아와 함께 할 영화",
    "date": "04.10.07",
    "rating": "10",
    "author": "jjhe****",
    "review_id": "121450",
    "movie_id": "31429"
  },
  {
    "review": "최고 중의 하나. 정말 멋진 영화",
    "date": "03.12.01",
    "rating": "10",
    "author": "tdol****",
    "review_id": "768",
    "movie_id": "31429"
  }
]