[
  {
    "review": "전설의 그룹 아바를 잊을 수 없다!!!!기미기미기미",
    "date": "14.09.28",
    "rating": "10",
    "author": "3482****",
    "review_id": "9246675",
    "movie_id": "31457"
  },
  {
    "review": "전설의 밴드 아바!!!",
    "date": "14.07.14",
    "rating": "10",
    "author": "sosi****",
    "review_id": "8915907",
    "movie_id": "31457"
  },
  {
    "review": "밑에 6점준분..이다큐는 1977년에 찍었으니 당연히 그이후 히트곡은 나올수 없습니다",
    "date": "11.12.17",
    "rating": "10",
    "author": "kkh0****",
    "review_id": "5911113",
    "movie_id": "31457"
  },
  {
    "review": "뮤지션대상영화로는최고로기억",
    "date": "11.04.25",
    "rating": "10",
    "author": "khy7****",
    "review_id": "5391864",
    "movie_id": "31457"
  },
  {
    "review": "맘마미아 노래중 반도안나옴...명곡들이없어서 실망..",
    "date": "11.04.13",
    "rating": "6",
    "author": "0tae****",
    "review_id": "5372094",
    "movie_id": "31457"
  },
  {
    "review": "위대한 그룹 아바",
    "date": "10.01.28",
    "rating": "10",
    "author": "18vi****",
    "review_id": "4218118",
    "movie_id": "31457"
  },
  {
    "review": "넘 재미있어서 말로표현할수없고 감동적이예요!... 지금도생각하면  별점",
    "date": "09.12.30",
    "rating": "10",
    "author": "kohk****",
    "review_id": "4110021",
    "movie_id": "31457"
  },
  {
    "review": "역시 ABBA는....",
    "date": "09.03.21",
    "rating": "10",
    "author": "jmpa****",
    "review_id": "3378984",
    "movie_id": "31457"
  },
  {
    "review": "그냥그래요..",
    "date": "09.03.01",
    "rating": "7",
    "author": "wheo****",
    "review_id": "3341834",
    "movie_id": "31457"
  },
  {
    "review": "노래좋음",
    "date": "08.02.18",
    "rating": "10",
    "author": "dogb****",
    "review_id": "2459815",
    "movie_id": "31457"
  }
]