[
  {
    "review": "처음으로 주는 10점.",
    "date": "15.06.15",
    "rating": "10",
    "author": "0102****",
    "review_id": "10001569",
    "movie_id": "31456"
  },
  {
    "review": "가슴이 따뜻해지는 영화",
    "date": "15.04.14",
    "rating": "10",
    "author": "lsh5****",
    "review_id": "9845192",
    "movie_id": "31456"
  },
  {
    "review": "여성용 동화. 뻔한 결말. 다 보는데 1개월  이상 걸렸다. 매출 떨어져 가는 초콜릿업계의 발악인가?",
    "date": "15.01.07",
    "rating": "6",
    "author": "heli****",
    "review_id": "9570072",
    "movie_id": "31456"
  },
  {
    "review": "역시 줄리엣비노쉬는 이뻣다.^^ 보면 따뜻해지는 영화",
    "date": "14.12.28",
    "rating": "9",
    "author": "luna****",
    "review_id": "9531218",
    "movie_id": "31456"
  },
  {
    "review": "14년이나 된 영화지만 간간히 생각나는 영화라 가끔 보는데....올해 보다보니... 어어?? 조니뎁이네!!!했음...ㅎㅎ 명작!",
    "date": "14.08.09",
    "rating": "10",
    "author": "for1****",
    "review_id": "9058231",
    "movie_id": "31456"
  },
  {
    "review": "독일 바그다드  카페, 일본의 카모메 식당 이 생각나네요. 일본에서 상을 주는 이유를 알것 같구요. 감상 잘 했습니다.",
    "date": "14.07.26",
    "rating": "9",
    "author": "darc****",
    "review_id": "8964308",
    "movie_id": "31456"
  },
  {
    "review": "진정한 삶과 행복이란 무엇인지 알게해준 영화...",
    "date": "14.05.28",
    "rating": "10",
    "author": "see6****",
    "review_id": "8772447",
    "movie_id": "31456"
  },
  {
    "review": "뭔가 긴 소설을 읽은 것 같았다. 예쁜 영화인것같다.",
    "date": "14.05.04",
    "rating": "10",
    "author": "hyje****",
    "review_id": "8698913",
    "movie_id": "31456"
  },
  {
    "review": "무언가 묘한..분위기의 줄리엣 비노쉬와 영화가 보여주고자 하는게 잘 맞은듯..",
    "date": "14.04.27",
    "rating": "10",
    "author": "junm****",
    "review_id": "8678323",
    "movie_id": "31456"
  },
  {
    "review": "영화 보는 내낸 편협한 개독넘들 죽통을 날려 버리고 싶은 생각이 들었다!",
    "date": "14.02.27",
    "rating": "10",
    "author": "katy****",
    "review_id": "8543059",
    "movie_id": "31456"
  },
  {
    "review": "제목 처럼 영화 보는 내내 달콤했던 그야말로 시각으로 느끼는 달달한 초콜릿 같은 영화였다. 모함과 고통, 화해, 용서로 이뤄지는 가슴이 훈훈해지는 영화. 누구하나 버릴 배우 없이 훌륭한 명연기가 돋보이는 그런 영화다.",
    "date": "14.01.24",
    "rating": "8",
    "author": "cksd****",
    "review_id": "8419687",
    "movie_id": "31456"
  },
  {
    "review": "따뜻하고, 달콤하다.",
    "date": "13.11.01",
    "rating": "10",
    "author": "layo****",
    "review_id": "8108406",
    "movie_id": "31456"
  },
  {
    "review": "메마른 감정의 사람들에게 활력소를 만들어주는 여자 .영화는 재밋으나 매우 유치하다. 신데렐라는 행복하게 살앗습니다 .끝~2프로 부족한영화.그치만 보는내내 초콜릿먹고싶게만드는영화 ㅋ",
    "date": "13.10.31",
    "rating": "5",
    "author": "miss****",
    "review_id": "8103592",
    "movie_id": "31456"
  },
  {
    "review": "마음을 열게하는 달콤함 극에 잘녹아든 줄리엣비노쉬",
    "date": "13.10.30",
    "rating": "8",
    "author": "jjcv****",
    "review_id": "8102239",
    "movie_id": "31456"
  },
  {
    "review": "낙관적인 영화다.",
    "date": "13.08.21",
    "rating": "7",
    "author": "junt****",
    "review_id": "7908894",
    "movie_id": "31456"
  },
  {
    "review": "오래전에 DVD로 봤던 영화입니다.온라인구매 가능한곳없나요?네이버티브이 에는 없더라구요",
    "date": "13.01.25",
    "rating": "10",
    "author": "lee_****",
    "review_id": "7172219",
    "movie_id": "31456"
  },
  {
    "review": "애들영화. 영화 자체는 괜찮다.",
    "date": "12.12.02",
    "rating": "8",
    "author": "cutt****",
    "review_id": "6960537",
    "movie_id": "31456"
  },
  {
    "review": "사랑스러운 영화. 보면 기분이 좋아진다. 밤에 보는걸 추천",
    "date": "12.11.17",
    "rating": "10",
    "author": "nixe****",
    "review_id": "6899529",
    "movie_id": "31456"
  },
  {
    "review": "영화에 나오는 그 걸죽한 핫쵸코 먹어보고싶다.",
    "date": "12.10.08",
    "rating": "7",
    "author": "okre****",
    "review_id": "6773131",
    "movie_id": "31456"
  },
  {
    "review": "잔잔하니 볼만한 영화, 조니뎁 팬이라면 더더욱!!",
    "date": "12.09.27",
    "rating": "9",
    "author": "juyo****",
    "review_id": "6737854",
    "movie_id": "31456"
  },
  {
    "review": "지루하다.  배경도 어두침침하고 영상이 좋은줄도 모르겠음",
    "date": "12.04.29",
    "rating": "6",
    "author": "rtty****",
    "review_id": "6256456",
    "movie_id": "31456"
  },
  {
    "review": "초콜릿처럼 달콤한. 어쩌면 조금 아쉬운.",
    "date": "12.04.12",
    "rating": "7",
    "author": "mino****",
    "review_id": "6214292",
    "movie_id": "31456"
  },
  {
    "review": "마을분위기가 어두웠는데 갈수록 사람사는 느낌이 난다. 내 초콜릿도 찾아줘요",
    "date": "12.02.26",
    "rating": "7",
    "author": "chhm****",
    "review_id": "6105499",
    "movie_id": "31456"
  },
  {
    "review": "여성들이 좋아할 요소를 갖춘 영화. 무난한데 긴장감이나 치밀한 구성은 없어 아쉬움",
    "date": "12.02.21",
    "rating": "6",
    "author": "antw****",
    "review_id": "6094321",
    "movie_id": "31456"
  },
  {
    "review": "너무 예쁜 영화 :)",
    "date": "12.02.12",
    "rating": "9",
    "author": "shio****",
    "review_id": "6071057",
    "movie_id": "31456"
  },
  {
    "review": "초콜릿 완전한결말-1",
    "date": "12.02.12",
    "rating": "9",
    "author": "gmyi****",
    "review_id": "6070268",
    "movie_id": "31456"
  },
  {
    "review": "제목처럼 달콤하지만 끈적끈적 늘어진다..",
    "date": "12.01.28",
    "rating": "7",
    "author": "tn99****",
    "review_id": "6029647",
    "movie_id": "31456"
  },
  {
    "review": "지루한건 어쩔수없었다",
    "date": "11.12.17",
    "rating": "7",
    "author": "lene****",
    "review_id": "5911294",
    "movie_id": "31456"
  },
  {
    "review": "줄리엣 비노쉬와 조니뎁만 봐도 충분한.",
    "date": "11.12.10",
    "rating": "6",
    "author": "boyc****",
    "review_id": "5897454",
    "movie_id": "31456"
  },
  {
    "review": "요새는 이런 드라마가 좋다",
    "date": "11.11.21",
    "rating": "9",
    "author": "vaga****",
    "review_id": "5864069",
    "movie_id": "31456"
  },
  {
    "review": "정말 묘한매력이있는영화! ㅋ",
    "date": "11.09.23",
    "rating": "10",
    "author": "kon2****",
    "review_id": "5746564",
    "movie_id": "31456"
  },
  {
    "review": "종교권력차별..그리고초콜릿..뭔가요즘의세태와도맞아떨어지는듯하여더재밌게봄",
    "date": "11.09.21",
    "rating": "10",
    "author": "yigy****",
    "review_id": "5744073",
    "movie_id": "31456"
  },
  {
    "review": "최고죠.",
    "date": "11.07.10",
    "rating": "10",
    "author": "mang****",
    "review_id": "5532964",
    "movie_id": "31456"
  },
  {
    "review": "여자친구가 있다면 같이 보고 싶은? 가끔은 유치하지만 유치함을 잘소화한 그런 영화",
    "date": "11.03.31",
    "rating": "9",
    "author": "thdc****",
    "review_id": "5345721",
    "movie_id": "31456"
  },
  {
    "review": "인간의 위선에 관한 흥미로운 이야기. 변화는 아름답지만 공감은 글쎄...",
    "date": "11.03.09",
    "rating": "8",
    "author": "ejia****",
    "review_id": "5301331",
    "movie_id": "31456"
  },
  {
    "review": "묘한분위기에 코믹하기도하고 달콤한 영화~",
    "date": "11.02.25",
    "rating": "10",
    "author": "yuj1****",
    "review_id": "5275047",
    "movie_id": "31456"
  },
  {
    "review": "보는 내내 초콜렛이 땡겼다",
    "date": "11.02.07",
    "rating": "10",
    "author": "schn****",
    "review_id": "5224590",
    "movie_id": "31456"
  },
  {
    "review": "영화를 보고 있으면 입가에 잔잔한 웃음이 남게되어 좋다.",
    "date": "10.12.31",
    "rating": "10",
    "author": "rain****",
    "review_id": "5106048",
    "movie_id": "31456"
  },
  {
    "review": "초콜렛이 생각나는 영화",
    "date": "10.12.25",
    "rating": "9",
    "author": "mais****",
    "review_id": "5082851",
    "movie_id": "31456"
  },
  {
    "review": "홍성진 해설위원이 영화를 헐리우드식 쓰레기영화처럼 표현해놨네",
    "date": "10.12.12",
    "rating": "10",
    "author": "rkfk****",
    "review_id": "5047300",
    "movie_id": "31456"
  },
  {
    "review": "묘하게 매혹적인 배우와 아름다운 영상에 푹빠지게 만든영화",
    "date": "10.11.25",
    "rating": "10",
    "author": "nyun****",
    "review_id": "4990644",
    "movie_id": "31456"
  },
  {
    "review": "무척이나 아름다운 영화... 기분 좋은 영화...",
    "date": "10.11.06",
    "rating": "9",
    "author": "kumi****",
    "review_id": "4941748",
    "movie_id": "31456"
  },
  {
    "review": "달콤한 초콜릿과 변화",
    "date": "10.11.02",
    "rating": "10",
    "author": "poll****",
    "review_id": "4934988",
    "movie_id": "31456"
  },
  {
    "review": "아름다운 마을, 달콤한 조니뎁의 은은한 연기도 맛볼수있는 영화",
    "date": "10.10.14",
    "rating": "10",
    "author": "il_d****",
    "review_id": "4902930",
    "movie_id": "31456"
  },
  {
    "review": "거의 판타지, 동화다..시나리오가 어떻게 보면 너무 유치..뜻은 좋다만..",
    "date": "10.10.06",
    "rating": "6",
    "author": "1pim****",
    "review_id": "4888071",
    "movie_id": "31456"
  },
  {
    "review": "상처받은 이들을 위한 영혼의 초콜릿",
    "date": "10.10.05",
    "rating": "8",
    "author": "hdso****",
    "review_id": "4886520",
    "movie_id": "31456"
  },
  {
    "review": "사기야 !!포스터만 보고 조니뎁 주연일줄알고 봤는데 .잼있었다 사기야",
    "date": "10.06.11",
    "rating": "10",
    "author": "yb89****",
    "review_id": "4557764",
    "movie_id": "31456"
  },
  {
    "review": "전이영화다운바드려고3년을찾아다녓다는........",
    "date": "10.06.07",
    "rating": "10",
    "author": "tmfr****",
    "review_id": "4550135",
    "movie_id": "31456"
  },
  {
    "review": "감미료의 첨가가 과했던, 헐리웃식 (바베트의) 만찬.",
    "date": "10.06.02",
    "rating": "5",
    "author": "drs2****",
    "review_id": "4540669",
    "movie_id": "31456"
  },
  {
    "review": "기분 좋은 초콜릿의 유혹과 달콤한 치유",
    "date": "10.04.19",
    "rating": "10",
    "author": "sant****",
    "review_id": "4444326",
    "movie_id": "31456"
  },
  {
    "review": "한시간넘어가면서부터는조니뎁때문에집중할수가없었다",
    "date": "10.04.19",
    "rating": "10",
    "author": "supe****",
    "review_id": "4443085",
    "movie_id": "31456"
  },
  {
    "review": "8점과 9점 사이.. 그럭저럭 볼 만한 영화.",
    "date": "10.03.25",
    "rating": "8",
    "author": "srid****",
    "review_id": "4386944",
    "movie_id": "31456"
  },
  {
    "review": "오 색다른 느낌의 영화",
    "date": "10.03.20",
    "rating": "8",
    "author": "92gu****",
    "review_id": "4368322",
    "movie_id": "31456"
  },
  {
    "review": "아무래도 책을 봐야겠다..",
    "date": "10.03.14",
    "rating": "6",
    "author": "ykm3****",
    "review_id": "4357385",
    "movie_id": "31456"
  },
  {
    "review": "초콜릿같이 달콤한 이야기",
    "date": "10.03.11",
    "rating": "10",
    "author": "ggig****",
    "review_id": "4349342",
    "movie_id": "31456"
  },
  {
    "review": "자~ 이제 영화보고 찔리는 분들을 위해 기도하겠습니다... 아멘",
    "date": "10.02.26",
    "rating": "10",
    "author": "muzo****",
    "review_id": "4319970",
    "movie_id": "31456"
  },
  {
    "review": "초콜릿의 魔力",
    "date": "10.02.22",
    "rating": "8",
    "author": "bbq2****",
    "review_id": "4308887",
    "movie_id": "31456"
  },
  {
    "review": "초콜릿이 주는 달콤함. 무엇보다 초콜릿이 먹고싶다~",
    "date": "10.02.21",
    "rating": "8",
    "author": "wlfa****",
    "review_id": "4305509",
    "movie_id": "31456"
  },
  {
    "review": "나도 영화에 나오는 여자가 만들어준 초코릿먹고파.ㅎ",
    "date": "10.02.05",
    "rating": "10",
    "author": "mihy****",
    "review_id": "4249386",
    "movie_id": "31456"
  },
  {
    "review": "아 정말 달콤한, 매력적인",
    "date": "10.02.05",
    "rating": "10",
    "author": "dltj****",
    "review_id": "4249003",
    "movie_id": "31456"
  },
  {
    "review": "집에 초콜렛 있을 때 봐서 다행이었다.",
    "date": "10.01.18",
    "rating": "8",
    "author": "1una****",
    "review_id": "4182484",
    "movie_id": "31456"
  },
  {
    "review": "생각보다 조니뎁이 별로 안나와요 ㅎ  스토리는 쫌 괜찮은듯 ㅋ 초콜릿도 보기 좋고~",
    "date": "10.01.10",
    "rating": "10",
    "author": "read****",
    "review_id": "4153118",
    "movie_id": "31456"
  },
  {
    "review": "기브미쪼꼬릿",
    "date": "09.12.17",
    "rating": "9",
    "author": "c42k****",
    "review_id": "4051153",
    "movie_id": "31456"
  },
  {
    "review": "평범한 스토리 라인을 가지고 매력적인 영화를 만들었네요. 나쁘지 않습니다",
    "date": "09.11.30",
    "rating": "9",
    "author": "pjhl****",
    "review_id": "4003454",
    "movie_id": "31456"
  },
  {
    "review": "와우,,,,,,,,,,,,,,,,,,,,,,,,,,,,,,,,,",
    "date": "09.11.29",
    "rating": "10",
    "author": "jea6****",
    "review_id": "4000906",
    "movie_id": "31456"
  },
  {
    "review": "초콜릿만 나오는 지루한 영화일줄알았는데 예쁜 러브라인도 있고 재밌었다.",
    "date": "09.11.20",
    "rating": "9",
    "author": "dbrn****",
    "review_id": "3978628",
    "movie_id": "31456"
  },
  {
    "review": "사랑을 먹으며... 아름다운 꿈 같은 영화.",
    "date": "09.11.14",
    "rating": "10",
    "author": "caca****",
    "review_id": "3962321",
    "movie_id": "31456"
  },
  {
    "review": "초딩때부터 내가 제일 좋아하는 영화중 하나",
    "date": "09.08.21",
    "rating": "10",
    "author": "yja3****",
    "review_id": "3771940",
    "movie_id": "31456"
  },
  {
    "review": "동화같은 이야기 정말 재밌다",
    "date": "09.08.12",
    "rating": "10",
    "author": "ds2q****",
    "review_id": "3741126",
    "movie_id": "31456"
  },
  {
    "review": "지루하고 긴 영화입니다. 재미가 하나도 없었어요. 시간이 아까워 후회스럽네요.",
    "date": "09.08.06",
    "rating": "1",
    "author": "6095****",
    "review_id": "3715210",
    "movie_id": "31456"
  },
  {
    "review": "매력적인 조니뎁 달콤한초콜릿과도 같다",
    "date": "09.07.17",
    "rating": "10",
    "author": "kimu****",
    "review_id": "3639838",
    "movie_id": "31456"
  },
  {
    "review": "그저 달기보다 쌉싸름해 더 매력적인 초콜릿, 우리내 인생",
    "date": "09.07.02",
    "rating": "9",
    "author": "shcj****",
    "review_id": "3605304",
    "movie_id": "31456"
  },
  {
    "review": "완벽하게 아름다운 한편의 동화같은 이야기. 이 영화 너무 괜찮다 사운드트랙도 굿!",
    "date": "09.05.17",
    "rating": "10",
    "author": "yuri****",
    "review_id": "3503752",
    "movie_id": "31456"
  },
  {
    "review": "아름다운 영화네요",
    "date": "09.04.27",
    "rating": "10",
    "author": "magi****",
    "review_id": "3445720",
    "movie_id": "31456"
  },
  {
    "review": "마음을 열고 세상을 대하라는 좋은 말씀. 그런데 가볍다.",
    "date": "09.03.07",
    "rating": "6",
    "author": "skat****",
    "review_id": "3351430",
    "movie_id": "31456"
  },
  {
    "review": "저니뎁",
    "date": "09.03.04",
    "rating": "10",
    "author": "shar****",
    "review_id": "3347016",
    "movie_id": "31456"
  },
  {
    "review": "치유의 영화",
    "date": "09.01.28",
    "rating": "10",
    "author": "getm****",
    "review_id": "3256129",
    "movie_id": "31456"
  },
  {
    "review": "로맨스이야기뿐만이 아닌지라 더욱 좋았던것 같다..굿!",
    "date": "08.12.29",
    "rating": "10",
    "author": "staa****",
    "review_id": "3163257",
    "movie_id": "31456"
  },
  {
    "review": "재밌네///",
    "date": "08.12.22",
    "rating": "10",
    "author": "kang****",
    "review_id": "3138235",
    "movie_id": "31456"
  },
  {
    "review": "오래전에 보긴 했지만 괜찮은 영화임은 분명해요",
    "date": "08.12.09",
    "rating": "9",
    "author": "love****",
    "review_id": "3104011",
    "movie_id": "31456"
  },
  {
    "review": "아름다운영화",
    "date": "08.11.02",
    "rating": "9",
    "author": "been****",
    "review_id": "3031963",
    "movie_id": "31456"
  },
  {
    "review": "때묻지않은 분위기의 영화",
    "date": "08.10.26",
    "rating": "9",
    "author": "dign****",
    "review_id": "3021508",
    "movie_id": "31456"
  },
  {
    "review": "멋진 영화...어른을 위한 동화..환타지의 세계....2번이나 봤는데 역시 좋은 영화...",
    "date": "08.10.26",
    "rating": "9",
    "author": "jc12****",
    "review_id": "3019766",
    "movie_id": "31456"
  },
  {
    "review": "초콜릿의 마법으로 보수적인 마을을 변모시키다. 사랑의 묘약이다",
    "date": "08.09.15",
    "rating": "7",
    "author": "ador****",
    "review_id": "2948514",
    "movie_id": "31456"
  },
  {
    "review": "보는 내내 달콤한 꿈을 꾸는듯한...",
    "date": "08.09.09",
    "rating": "8",
    "author": "leh0****",
    "review_id": "2932401",
    "movie_id": "31456"
  },
  {
    "review": "율법적인 마을에 찾아온 풍성함. 그리고 관계 만들기. 한쪽만 배우는건 아니라는것.ㅋ",
    "date": "08.08.24",
    "rating": "8",
    "author": "dela****",
    "review_id": "2898955",
    "movie_id": "31456"
  },
  {
    "review": "기괴하고 행복한 동화한편 본기분",
    "date": "08.08.22",
    "rating": "10",
    "author": "dj16****",
    "review_id": "2894060",
    "movie_id": "31456"
  },
  {
    "review": "한적한 마을의 이야기를 동화처럼 풀어 나간다. 죠니뎁도 나온다!",
    "date": "08.08.20",
    "rating": "8",
    "author": "jere****",
    "review_id": "2888552",
    "movie_id": "31456"
  },
  {
    "review": "마음을 열고 함께 살아가자..근데 좀 지루해서 4점..",
    "date": "08.08.02",
    "rating": "8",
    "author": "drag****",
    "review_id": "2827849",
    "movie_id": "31456"
  },
  {
    "review": "초콜릿보다보면 앞에 슈퍼마켓가서 초콜렛사고싶어짐ㅋㅋㅋ근데 시장때문에 떨어짐",
    "date": "08.06.29",
    "rating": "10",
    "author": "sket****",
    "review_id": "2728825",
    "movie_id": "31456"
  },
  {
    "review": "책을봐서 영화를 꼭 보고싶었는데 책과는 내용이 다른듯한 느낌",
    "date": "08.05.23",
    "rating": "10",
    "author": "dus2****",
    "review_id": "2657663",
    "movie_id": "31456"
  },
  {
    "review": "아름다운 영화 ^^",
    "date": "08.05.20",
    "rating": "9",
    "author": "girl****",
    "review_id": "2653468",
    "movie_id": "31456"
  },
  {
    "review": "즐거운 꿈을 꾸게 해주는 달콤하고 낭만적인 영화 초콜렛.",
    "date": "08.05.18",
    "rating": "10",
    "author": "chuc****",
    "review_id": "2648014",
    "movie_id": "31456"
  },
  {
    "review": "제목에끌려보게된영화여주인공이초콜릿을권할때마다따뜻한미소가담긴영화",
    "date": "08.05.15",
    "rating": "10",
    "author": "w503****",
    "review_id": "2641437",
    "movie_id": "31456"
  },
  {
    "review": "초콜릿을 너무 좋아해 본 영화인데 이영화속의 초콜릿들은 그닥 땡기지않는다",
    "date": "08.04.21",
    "rating": "2",
    "author": "ciel****",
    "review_id": "2592360",
    "movie_id": "31456"
  },
  {
    "review": "줄리엣 비노쉬가 너무 사랑스러웠음.그거 외엔..그닥",
    "date": "08.04.16",
    "rating": "6",
    "author": "suns****",
    "review_id": "2584555",
    "movie_id": "31456"
  },
  {
    "review": "조니뎁 캐릭터가 찰떡!",
    "date": "08.03.23",
    "rating": "9",
    "author": "mind****",
    "review_id": "2536745",
    "movie_id": "31456"
  },
  {
    "review": "매력 넘치는 초콜릿",
    "date": "08.03.13",
    "rating": "8",
    "author": "laps****",
    "review_id": "2517545",
    "movie_id": "31456"
  },
  {
    "review": "책만큼의 재미는 주지 못해 아쉽다...",
    "date": "08.02.24",
    "rating": "7",
    "author": "aqua****",
    "review_id": "2477977",
    "movie_id": "31456"
  },
  {
    "review": "쟈니뎁나와서본건데별로안나온다ㅠ근데참재미있는영화다추천!!",
    "date": "08.02.20",
    "rating": "9",
    "author": "shyg****",
    "review_id": "2467316",
    "movie_id": "31456"
  }
]