[
  {
    "review": "원작을 봤다면 아쉬울 수밖에... 다들 총 겁나 맞고도 말 겁나 많이 하고 죽네... 전개상 어쩔 수 없겠지만 좀 웃겼다...",
    "date": "15.08.05",
    "rating": "6",
    "author": "jtot****",
    "review_id": "10190468",
    "movie_id": "31465"
  },
  {
    "review": "당시 일본의 사회상을 그대로 반영되었다.지금 이나라도 이방법이 필요한지 모른다.  물질직인 세상으로 문명이 발전할수록 인간은 욕망이 커지고 그것이 채우지 못하는 인간의 욕망은 사회를 썩게 만들어 가버린다. 그러한 위험에 이러한 상상력으로 충고를 던진다",
    "date": "15.07.31",
    "rating": "10",
    "author": "next****",
    "review_id": "10164578",
    "movie_id": "31465"
  },
  {
    "review": "참 소재나 스토리가 일본스럽다 지금보니 그 당시에 정말 센세이션을 일으켰을만 하다 학생들이다 보니 학급 내 난잡(?)한 로맨스가 영화 전개 곳곳에 나타나 급 오글거리는 연출이 돋보인다 획기적인 일본스런 영화",
    "date": "15.07.24",
    "rating": "7",
    "author": "taeg****",
    "review_id": "10137860",
    "movie_id": "31465"
  },
  {
    "review": "노잼 노잼 노잼 노잼 노잼",
    "date": "15.07.22",
    "rating": "2",
    "author": "dlst****",
    "review_id": "10129990",
    "movie_id": "31465"
  },
  {
    "review": "소설은 안 읽어봤으나 영화에 비해 만화가 백 번 납니다. 만화판은 오버도 심하지 않고 마치 파리대왕에 일본 특유의 상상력이 접합된 듯한, 고전이라는 말이 아깝지 않을 정도의 작품성이 있다고 생각합니다",
    "date": "15.07.21",
    "rating": "6",
    "author": "stro****",
    "review_id": "10124880",
    "movie_id": "31465"
  },
  {
    "review": "일본은 영화 진짜 못만든다... 하..",
    "date": "15.07.05",
    "rating": "3",
    "author": "deve****",
    "review_id": "10074265",
    "movie_id": "31465"
  },
  {
    "review": "소설원작의 느낌을  새로운 느낌으로 재해석한 영화 수작에 속한다",
    "date": "15.06.29",
    "rating": "10",
    "author": "sira****",
    "review_id": "10050110",
    "movie_id": "31465"
  },
  {
    "review": "난 어떤 선택을 할 수 있을까..",
    "date": "15.06.26",
    "rating": "10",
    "author": "ifim****",
    "review_id": "10037578",
    "movie_id": "31465"
  },
  {
    "review": "15년전 영화라 그런가 전체적으로 오버가 심하고 애들 죽을때 발연기 쩌는데 그래도 이게 이 영화의 매력인 듯.. 애들끼리 죽고죽이는 싸움을 시키는 것은 어른들이라... 그나저나 타츠야는 저때 얼굴이 데스노트 짚의방패까지 쭉 그대로네ㅋㅋ",
    "date": "15.06.25",
    "rating": "7",
    "author": "cj92****",
    "review_id": "10032679",
    "movie_id": "31465"
  },
  {
    "review": "이영화?  무슨 영화냐고? 잘만든영화라 한다",
    "date": "15.06.20",
    "rating": "10",
    "author": "jjay****",
    "review_id": "10014085",
    "movie_id": "31465"
  },
  {
    "review": "원작만화만 못하지만 그래도 괜찮은 영화",
    "date": "15.06.18",
    "rating": "8",
    "author": "ankd****",
    "review_id": "10007918",
    "movie_id": "31465"
  },
  {
    "review": "경쟁이 치열해지고 사회가 파탄나 나라가 무너지면이 지경까지 된다는걸 보여주고 있다.중학생때 2번정도 접해보고 현재 어른이 되서 보니다시 한번 인상 깊게 본 영화이다! 과장이 조금 들어간영화긴 하지만 꽤나 스펙터클하다",
    "date": "15.05.26",
    "rating": "10",
    "author": "leew****",
    "review_id": "9951503",
    "movie_id": "31465"
  },
  {
    "review": "일본 만화를 영화로 만든것은 오글거리거나 허접하기그지없는데 피튀는 장면만제외하면 잘만든것같다",
    "date": "15.05.15",
    "rating": "8",
    "author": "psgi****",
    "review_id": "9919461",
    "movie_id": "31465"
  },
  {
    "review": "극한 상황에서 사람들의 행동 성향과 사회현상들을 조금이나마 나타내 놓은 좋은 영화.",
    "date": "15.05.10",
    "rating": "9",
    "author": "soul****",
    "review_id": "9907563",
    "movie_id": "31465"
  },
  {
    "review": "유치하거나 잔인해 보일수도 있으나, 확실히  극의 힘도 있고, 무엇보다 감성적인표현들이  돋보입니다.",
    "date": "15.05.08",
    "rating": "9",
    "author": "high****",
    "review_id": "9904672",
    "movie_id": "31465"
  },
  {
    "review": "그래 이 전쟁이 뜻하는바와 취지는알겠다 하지만 그러기엔 너무오바하고 과장된 연출,스토리 언뜻보면 그냥 일본병맛전쟁영화와다를게없다 굳이 보라고 추천하고싶지 않은영화",
    "date": "15.05.07",
    "rating": "6",
    "author": "gusc****",
    "review_id": "9900795",
    "movie_id": "31465"
  },
  {
    "review": "소설원작이라던데만화책본내입장으론영화좀아쉽네만화는개명작임",
    "date": "15.04.02",
    "rating": "10",
    "author": "zaq1****",
    "review_id": "9821312",
    "movie_id": "31465"
  },
  {
    "review": "아무리 자본주의 사회를 까는 메세지를 담고 있다고 해도 영화보고 정신적인 충격 먹거나 싸이코패스 등의 성격 가지기 딱 좋은 영화인거 같음, 의도는 좋았으나 영화 자체 스토리가 너무 잔인하고 어린아이들에겐 꽤나 충격이 될만한 영화임",
    "date": "15.03.30",
    "rating": "3",
    "author": "clfq****",
    "review_id": "9816141",
    "movie_id": "31465"
  },
  {
    "review": "어렸을땐 정말 무섭게봤는데..",
    "date": "15.03.15",
    "rating": "7",
    "author": "dldl****",
    "review_id": "9783236",
    "movie_id": "31465"
  },
  {
    "review": "피로 쓴 일본사회 오락영화",
    "date": "15.02.17",
    "rating": "8",
    "author": "godj****",
    "review_id": "9706171",
    "movie_id": "31465"
  },
  {
    "review": "그때 당시엔 굉장히 파격적인 소재의 영화... 그리고 국내에선 배틀로얄 웹게임이 유행했었지...나도 모르게 밤새 즐겼었는데...",
    "date": "15.02.14",
    "rating": "10",
    "author": "hams****",
    "review_id": "9693896",
    "movie_id": "31465"
  },
  {
    "review": "헝거게임 학생판 인생은 서바이벌이다.",
    "date": "15.02.13",
    "rating": "7",
    "author": "hspe****",
    "review_id": "9691248",
    "movie_id": "31465"
  },
  {
    "review": "키치.. 2002년도에 이런스토리가 없었다고?  그냥 이런 영화는 흔하디 흔하지",
    "date": "15.02.06",
    "rating": "5",
    "author": "ghda****",
    "review_id": "9671929",
    "movie_id": "31465"
  },
  {
    "review": "이당시에는 파격적인 영화",
    "date": "15.02.05",
    "rating": "9",
    "author": "rkfm****",
    "review_id": "9669796",
    "movie_id": "31465"
  },
  {
    "review": "이 영화는 기성세대가 되서 봐야 그 참맛을 알 수 있다.",
    "date": "15.02.05",
    "rating": "10",
    "author": "west****",
    "review_id": "9668826",
    "movie_id": "31465"
  },
  {
    "review": "심심할때 보면 딱 좋은 영화인듯",
    "date": "15.02.02",
    "rating": "9",
    "author": "rldn****",
    "review_id": "9661878",
    "movie_id": "31465"
  },
  {
    "review": "만화에는 없는 감동이있다... 이런게 리메이크지",
    "date": "15.01.29",
    "rating": "9",
    "author": "jyjn****",
    "review_id": "9647419",
    "movie_id": "31465"
  },
  {
    "review": "재미있고 누구나 쉽게 할 수있는 게임이였습니다.그리고 총종류와 근접무기종류가 더 많이 생겨났으면 좋겠습니다. 방판복같은 방어아이템이 생겼으면 좋겠습니다.",
    "date": "15.01.21",
    "rating": "10",
    "author": "ehdu****",
    "review_id": "9618536",
    "movie_id": "31465"
  },
  {
    "review": "무작정 죽이고 죽이는 지옥에서도, 서로간의 우정과 사랑을 느낄 수 있다. 마지막 선생과 노리코의 대화는 시대에 뒤쳐져가는 어른들이 아이들에게 하는 푸념. \"노리코, 어른들은 이제 어떻게해야 하는걸까?\"에서 어른들의 방황을 알 수 있다.",
    "date": "15.01.18",
    "rating": "8",
    "author": "tbvj****",
    "review_id": "9608426",
    "movie_id": "31465"
  },
  {
    "review": "다 죽고난 뒤 있어 보이고 싶어하는 엔딩... 일개 관람객이 어떻게 감독의 깊은 뜻을 따라가겠냐마는 난해함 그 자체로 느껴진다",
    "date": "15.01.03",
    "rating": "5",
    "author": "chri****",
    "review_id": "9558276",
    "movie_id": "31465"
  },
  {
    "review": "잘 만들어진 영화다.일본이니까  만들수 있는 영화인것 같다.",
    "date": "14.12.28",
    "rating": "2",
    "author": "knm7****",
    "review_id": "9529195",
    "movie_id": "31465"
  },
  {
    "review": "예전에 윤희누나랑 본거..물총쏠때 좀 웃겼음..ㅋㅋ",
    "date": "14.12.21",
    "rating": "8",
    "author": "saro****",
    "review_id": "9497446",
    "movie_id": "31465"
  },
  {
    "review": "어딘가 유치하고 어설프고 허접한 느낌이 없진 않은데  ....아- 하고 머리를 울리는 씬들이 있음. 난 이걸 영화관에서 봤었음. 그 당시엔 굉장히 충격적이고 인상적이었음. 며칠동안 대사와 씬들이 머리를 떠나지 않을만큼. 후지와라가 참 연기 잘했지.",
    "date": "14.12.20",
    "rating": "7",
    "author": "gade****",
    "review_id": "9491209",
    "movie_id": "31465"
  },
  {
    "review": "기타 서바이벌 생존 영화와 헝거게임 제작에 지대한 영향을 미친 영화.영화에서 관객들에게 보내는 여러가지 메세지를 진지하게 곱씹어야 한다.",
    "date": "14.12.18",
    "rating": "8",
    "author": "nade****",
    "review_id": "9485793",
    "movie_id": "31465"
  },
  {
    "review": "원작을 보지 않아서 모르겠지만 소재는 좀 신선하나 막장 느낌이 강함",
    "date": "14.12.17",
    "rating": "2",
    "author": "jjaj****",
    "review_id": "9479679",
    "movie_id": "31465"
  },
  {
    "review": "꽤 수작이던 영화였습니다영화자체는 드라마틱한 요소를 위해 꽤 극단적이게 표현했지만 내적이든 외적이든 지금 이 시대랑 별반 다를게 없는 시대 표현이 좀 충격적이네요.",
    "date": "14.11.24",
    "rating": "8",
    "author": "dhde****",
    "review_id": "9419068",
    "movie_id": "31465"
  },
  {
    "review": "이제 어른들은 애들에게 뭐라고 말해야 좋을까 ?? 그저 잔인한 오락 영화가 아닌 여운이 남는 묘한 작품",
    "date": "14.11.07",
    "rating": "8",
    "author": "leah****",
    "review_id": "9352324",
    "movie_id": "31465"
  },
  {
    "review": "거장감독의 일본에 대한 마지막 메세지",
    "date": "14.11.06",
    "rating": "8",
    "author": "sabi****",
    "review_id": "9346405",
    "movie_id": "31465"
  },
  {
    "review": "충격적인 소재와 잔인한 폭력성으로 인해 일본내에서조차 화제가 되었던 작품. 그 잔인함 속에 묘한 슬픔과 교훈까지 던져주는 수작. '기타노 다케시'의 차갑고 섬뜩한 연기가 매우 인상적이다.",
    "date": "14.10.28",
    "rating": "10",
    "author": "kjk9****",
    "review_id": "9323586",
    "movie_id": "31465"
  },
  {
    "review": "무한 경쟁 시대의 잔인한 우화",
    "date": "14.10.27",
    "rating": "7",
    "author": "arti****",
    "review_id": "9321328",
    "movie_id": "31465"
  },
  {
    "review": "고교생들끼리 서로 죽이는 서바이벌 게임이라는 자극적인 소재. 일본 다운 영화이고, 나름 신선했다.",
    "date": "14.10.26",
    "rating": "6",
    "author": "rame****",
    "review_id": "9318407",
    "movie_id": "31465"
  },
  {
    "review": "재밋구만 안무섭고 약간잔인 스토리괜찮고 별점이욀케낮지 졸잼임",
    "date": "14.10.19",
    "rating": "10",
    "author": "kyh0****",
    "review_id": "9301604",
    "movie_id": "31465"
  },
  {
    "review": "br법이라는 충격적인 소재로 일본의 정서로만 해낼수있는 영화.누군가는 우정을 지키고, 누군가는 살기위한 이기적인 행동을하고,어떤이는 이를 즐긴다.이러한 충격적인 br법보다 더욱 잔인하고 냉혹한 현실.더욱 잔혹한건, 경쟁이란 단어.",
    "date": "14.10.14",
    "rating": "7",
    "author": "equa****",
    "review_id": "9292961",
    "movie_id": "31465"
  },
  {
    "review": "확실히 서바이벌 소재 영화들 중 가히 충격적이고 기억에 남는 영화였다. 특히 조그만(?) 오해로 삽시간에 아비규환이 되는 상황은 너무나 소름끼쳤다.  단 하나 좀 거슬린 건 한 반에 썸타는 애들이 도대체 몇명인건지....ㅋㅋㅋ",
    "date": "14.10.14",
    "rating": "8",
    "author": "0718****",
    "review_id": "9292671",
    "movie_id": "31465"
  },
  {
    "review": "퀄리티로 따지자면 훌륭한 영화는 아니겠지..하지만 내포된 의미와 스토리는 훌륭했다고 본다 특히 짠했던 현실적인 장면이 있었기에..",
    "date": "14.10.10",
    "rating": "8",
    "author": "sudo****",
    "review_id": "9281603",
    "movie_id": "31465"
  },
  {
    "review": "진짜 어렸을때 봤는데 보고 충격먹었는데... 일본이니까 저러려니 했는데 한국도.. 교권무너지고 10대 강력범죄 늘어나고 그러는거보니 남말 아닌거 같음",
    "date": "14.09.27",
    "rating": "10",
    "author": "kou8****",
    "review_id": "9244994",
    "movie_id": "31465"
  },
  {
    "review": "난 일본정서랑.. 안맞는듯 보는 유치해...",
    "date": "14.09.22",
    "rating": "4",
    "author": "kang****",
    "review_id": "9233701",
    "movie_id": "31465"
  },
  {
    "review": "만약 내가있었다면 스시녀들은 모두 구했을것인데 안타깝다!",
    "date": "14.09.19",
    "rating": "10",
    "author": "ske4****",
    "review_id": "9225375",
    "movie_id": "31465"
  },
  {
    "review": "내가본 최고의 일본영화, 인상깊었다. 특히 기타노가 노리코를 자기 딸보다 더 아낀다는 그사실이 슬프기도했고 씁쓸하기도했다. 사람들이 너무 잔인하고 엽기적이라고 욕을 하는게 아쉽다, 근데 키즈리턴에 신지 여기서 너무 무섭게 나온다ㅋㅋㅋㅋ",
    "date": "14.09.13",
    "rating": "10",
    "author": "wjaw****",
    "review_id": "9209545",
    "movie_id": "31465"
  },
  {
    "review": "그냥 명작이란 기대까진 하지말고 그냥 봐라.. 시간훅간다.. 잔인한거 못보는 나도 눈 한번 깜빡안하고봄",
    "date": "14.09.11",
    "rating": "4",
    "author": "lky4****",
    "review_id": "9202999",
    "movie_id": "31465"
  },
  {
    "review": "모든 것을 내려놓고 보면 된다.",
    "date": "14.08.28",
    "rating": "4",
    "author": "bbq2****",
    "review_id": "9141286",
    "movie_id": "31465"
  },
  {
    "review": "극장에서 못본게 아쉽네 ㅠㅠ",
    "date": "14.08.27",
    "rating": "10",
    "author": "neoc****",
    "review_id": "9138267",
    "movie_id": "31465"
  },
  {
    "review": "아니씨발 존나 보면서 씨발그냥씨발",
    "date": "14.08.27",
    "rating": "1",
    "author": "alal****",
    "review_id": "9137251",
    "movie_id": "31465"
  },
  {
    "review": "섬안에 애들을 가두어놓고 서로 죽이게 만드는 법칙은 참신하나 약간의 아쉬움은 있었다 사람들의 심리를 잘 묘사하고는 있지만 개인적으로는 이해가 안되는 장면이 몇몇있었다 하지만 최고의 스릴러 영화임은 틀림없다!",
    "date": "14.08.26",
    "rating": "9",
    "author": "jiny****",
    "review_id": "9134391",
    "movie_id": "31465"
  },
  {
    "review": "일본애들 만화를 너무많이봐서 머가리가 어떻게 된듯",
    "date": "14.08.19",
    "rating": "1",
    "author": "tast****",
    "review_id": "9111767",
    "movie_id": "31465"
  },
  {
    "review": "감독이 뭔가 느껴보라고 한건지 모르지만 유치찬란한 오락영화라고밖에..",
    "date": "14.08.16",
    "rating": "5",
    "author": "newf****",
    "review_id": "9097609",
    "movie_id": "31465"
  },
  {
    "review": "10년전 이 영화를 봤을때 허무맹랑한 말도 안되는 소재라고 생각했다 오늘 다시보니 정말 지금의 현실과 똑같다고 느꼈다 조만간 우리나라에 배틀로얄 실사판 나올듯",
    "date": "14.08.07",
    "rating": "10",
    "author": "kknd****",
    "review_id": "9042895",
    "movie_id": "31465"
  },
  {
    "review": "너무 과장되고 황당한 내용이지만 무한경쟁을 강요하는 우리 교육 현실도 이와 다르지 않다.",
    "date": "14.08.06",
    "rating": "7",
    "author": "sipj****",
    "review_id": "9035823",
    "movie_id": "31465"
  },
  {
    "review": "인생은 서바이벌 게임이다. 우리의 인생도 이 영화만큼이나 잔혹한 것이다..",
    "date": "14.08.05",
    "rating": "7",
    "author": "aaas****",
    "review_id": "9030689",
    "movie_id": "31465"
  },
  {
    "review": "이제 어른들이 어떻게 하면 좋을까? 라는 대사에서 느껴지는 무책임. 담임이 자신의 딸에게 \"무책임? 그런 건 몰라!\" 에서 느껴지는 이중적인 모습에 소름 돋았다. 서바이벌 게임을 통해 그려진 그림 또한 실제 학급 모습과 크게 다르지 않다는 생각도..b",
    "date": "14.07.27",
    "rating": "10",
    "author": "miss****",
    "review_id": "8965519",
    "movie_id": "31465"
  },
  {
    "review": "솔직히 나는 전하고자 하는거는 잘 이해 못하겠네.. 암튼 재밌기는 했음. 근데 첨에 왜 여자애가 우승자로 나왔지. 그래서 배신때릴줄 알고 기대했더니만.ㅡㅡ 결말 존나 이상햌ㅋㅋㅋ",
    "date": "14.07.25",
    "rating": "8",
    "author": "vldz****",
    "review_id": "8958409",
    "movie_id": "31465"
  },
  {
    "review": "쇼크였지 처음봤을땐.. 근데 다시 보니까 쇼크만 먹을 영화는 아닌것같다 안에 담고있는 메시지도 꽤 명확하며 인상깊은 영화 단순히 퀄만 보지 말고 안의 알맹이를 봤으면..",
    "date": "14.07.24",
    "rating": "10",
    "author": "long****",
    "review_id": "8947820",
    "movie_id": "31465"
  },
  {
    "review": "단순히 잔인한 것 뿐만 아니라 다양한 메시지가 내포되어있는 작품, 요즘 현실을 보면 배틀로얄보다 더 끔찍한 일들이 많은 것 같다",
    "date": "14.07.23",
    "rating": "8",
    "author": "yero****",
    "review_id": "8941960",
    "movie_id": "31465"
  },
  {
    "review": "별낮게해준섹기들 애벌레부1랄만큼이나뇌세포가없나? 이게얼마나대작인데 니들이그냥영화평론가해라 미1친놈들아",
    "date": "14.07.23",
    "rating": "10",
    "author": "fltk****",
    "review_id": "8941801",
    "movie_id": "31465"
  },
  {
    "review": "스릴넘치네. 앞으로 나올 서발이벌영화는 이 영화의 오마쥬라는 평을 벗어나기 힘들듯",
    "date": "14.07.17",
    "rating": "8",
    "author": "1372****",
    "review_id": "8923783",
    "movie_id": "31465"
  },
  {
    "review": "어린 여고생 시절에는 그냥 잔인한 영화라고만 생각했었지만 지금 보면 전혀 다른 영화다.  단순한 ''고어물' 의 수준이 아니라 학생들의 고뇌와 갈등을 상당히 표현했다고 생각된다.",
    "date": "14.07.08",
    "rating": "10",
    "author": "nada****",
    "review_id": "8895200",
    "movie_id": "31465"
  },
  {
    "review": "어릴때 본 기억엔, 테마도 확 와 닿고, 굉장한 명작이였는데. 다 커서 보니까 뭐지? 뭘 전달하고 싶었던 거지? 싶은 영화.",
    "date": "14.07.05",
    "rating": "5",
    "author": "hwr0****",
    "review_id": "8887386",
    "movie_id": "31465"
  },
  {
    "review": "소재의 신선함도 멍청한 각본 앞에선 무용지물",
    "date": "14.07.04",
    "rating": "5",
    "author": "soqu****",
    "review_id": "8882764",
    "movie_id": "31465"
  },
  {
    "review": "일본영화들아 교훈주려고 하지 마라. 어설프게. 그냥 스토리에 집중했으면 좋았을걸.",
    "date": "14.06.25",
    "rating": "5",
    "author": "chom****",
    "review_id": "8853601",
    "movie_id": "31465"
  },
  {
    "review": "드럽게 잔인한 영화지만 일본 교육의 문제를 깐다는 점에선 괜찮음",
    "date": "14.06.22",
    "rating": "6",
    "author": "donf****",
    "review_id": "8847734",
    "movie_id": "31465"
  },
  {
    "review": "나이먹고 다시보니 소름",
    "date": "14.06.17",
    "rating": "8",
    "author": "kst1****",
    "review_id": "8836501",
    "movie_id": "31465"
  },
  {
    "review": "볼만함.,.,.,.,.",
    "date": "14.06.11",
    "rating": "7",
    "author": "kem1****",
    "review_id": "8820516",
    "movie_id": "31465"
  },
  {
    "review": "참 일본스러운 영화­­­­",
    "date": "14.06.07",
    "rating": "7",
    "author": "no41****",
    "review_id": "8810236",
    "movie_id": "31465"
  },
  {
    "review": "치열한 학구열에 빗대어 표현한 나름대로 개성감있는 영화라고 생각한다.",
    "date": "14.06.06",
    "rating": "10",
    "author": "sira****",
    "review_id": "8803344",
    "movie_id": "31465"
  },
  {
    "review": "말이필요업ㄱ다 최고라고말할수밨에",
    "date": "14.06.05",
    "rating": "10",
    "author": "leec****",
    "review_id": "8797558",
    "movie_id": "31465"
  },
  {
    "review": "요즘은 더한 영화도 많지만 2002년 개봉영화치고 생각보다 잔인하다",
    "date": "14.06.02",
    "rating": "5",
    "author": "chac****",
    "review_id": "8788644",
    "movie_id": "31465"
  },
  {
    "review": "솔직히 당시에 진짜 센세이셔널 하기는 했지. 영화의 완성도와 작품성을 떠나서 여러 영화인들의 뇌리속에 박힌 영화임은 분명한듯.",
    "date": "14.05.27",
    "rating": "6",
    "author": "pete****",
    "review_id": "8770455",
    "movie_id": "31465"
  },
  {
    "review": "어렸을 때 봤는데 배틀로얄 관련글 보고 갑자기 생각나서 또 봤네요. 어설프고 개연성 없는 장면이 많았지만 그래도 재밌게 봤습니다 옛날 영화치고 괜찮은듯",
    "date": "14.05.23",
    "rating": "8",
    "author": "kro3****",
    "review_id": "8758284",
    "movie_id": "31465"
  },
  {
    "review": "이 당시에는 신선했던영화. 일본특유의 음침한 분위기와 사고력..개연성은 떨어지는 부분도 있긴했지만 나름 신선했던 영화.",
    "date": "14.05.20",
    "rating": "7",
    "author": "ehwj****",
    "review_id": "8750444",
    "movie_id": "31465"
  },
  {
    "review": "아무것도모를때 소름끼치게봤는데 커서보니 더 소름끼친다..",
    "date": "14.05.15",
    "rating": "9",
    "author": "jjcv****",
    "review_id": "8733948",
    "movie_id": "31465"
  },
  {
    "review": "현실비판의 가면을 쓰고 총싸움 만화 한 판 때리기, 버추얼 리얼리티 플러스 학교물  느낌이랄까.",
    "date": "14.05.10",
    "rating": "6",
    "author": "yado****",
    "review_id": "8718997",
    "movie_id": "31465"
  },
  {
    "review": "중학교때 내가 재미있게 본 일본영화중 최고다링 다음에 배틀로얄이다!!!!",
    "date": "14.05.03",
    "rating": "10",
    "author": "fywo****",
    "review_id": "8697785",
    "movie_id": "31465"
  },
  {
    "review": "진짜 내가 학생떄 처음 보고 충격먹은 영화 일본영화 특유의 음산하고 어색한 분위기 연출이 이 영화에는 정말 적격 물론 작품성은 보장 못하는데 충격적인 걸로는 엄지다 다만 어린 나이에 보는 것은 비추 그냥 피가 난자하는 잔인성이아닌 또다른 잔인성",
    "date": "14.05.03",
    "rating": "3",
    "author": "ckda****",
    "review_id": "8697205",
    "movie_id": "31465"
  },
  {
    "review": "만화가 더  잼더라.... 심리묘사도 잘되잇고.. 만화안보고봣으면 볼만햇을텐데...만화봐서 노잼...",
    "date": "14.04.29",
    "rating": "6",
    "author": "king****",
    "review_id": "8681593",
    "movie_id": "31465"
  },
  {
    "review": "중학생때 처음 봤다. 엄청난 충격이었다.",
    "date": "14.04.21",
    "rating": "9",
    "author": "qudw****",
    "review_id": "8664422",
    "movie_id": "31465"
  },
  {
    "review": "현재 한국과 비슷하다고 느꼈다. 친구가 아닌 반드시 이겨야 하는 경쟁자, 1등만이 대우 받는 세상",
    "date": "14.04.01",
    "rating": "10",
    "author": "koha****",
    "review_id": "8621992",
    "movie_id": "31465"
  },
  {
    "review": "탄탄한 구성은 아니지만 나에겐 다른 명작보다도 더  끌린다.",
    "date": "14.03.27",
    "rating": "10",
    "author": "rudw****",
    "review_id": "8611130",
    "movie_id": "31465"
  },
  {
    "review": "중학교때 반 얘들끼리 비디오테잎빌려서 같이보고 체육관에서 내내 배틀로얄 얘기하고 후지와라타츠야 한테 빠졌었는데... 요샌 이런 영화가 많이 나와서 좀 앤티크하게 느껴지지만 그때는 실화아니었냐고 말할만큼 정말 충격적이었음.",
    "date": "14.03.24",
    "rating": "8",
    "author": "sopt****",
    "review_id": "8602366",
    "movie_id": "31465"
  },
  {
    "review": "말도 안되지만, 신선하고 상상력 가득한",
    "date": "14.03.22",
    "rating": "10",
    "author": "dbdb****",
    "review_id": "8594576",
    "movie_id": "31465"
  },
  {
    "review": "어른이되어 오랜만에 보니,  우리나라와 많이 닮았네요.  훈계해선 안되는 나라. 어른들로 인해 상처받고 잘못배운 학생들을 바른길로 인도는 못 할 망정 서로 죽이라는 법... 물론 오바지만 답이 없는 건 마찬가지.",
    "date": "14.03.20",
    "rating": "9",
    "author": "cact****",
    "review_id": "8588892",
    "movie_id": "31465"
  },
  {
    "review": "가벼운 영화는 아니다... 난해하기도 하고",
    "date": "14.03.16",
    "rating": "7",
    "author": "xx41****",
    "review_id": "8581970",
    "movie_id": "31465"
  },
  {
    "review": "옛날에 봤을땐 잔인했었는데",
    "date": "14.03.10",
    "rating": "10",
    "author": "534k****",
    "review_id": "8567892",
    "movie_id": "31465"
  },
  {
    "review": "그래도 저당시 개봉땐 봐줄만했찌 ㅋㅋ 그나저나 아청법에 걸렸다는 영화가 이영화 입니콰? ㅋㅋ",
    "date": "14.03.10",
    "rating": "7",
    "author": "orra****",
    "review_id": "8567877",
    "movie_id": "31465"
  },
  {
    "review": "만화 그냥 만화로 나둬라 ㅎ 영화 참 못 만든다 그냥 개그다 이건",
    "date": "14.03.08",
    "rating": "1",
    "author": "wsxe****",
    "review_id": "8562113",
    "movie_id": "31465"
  },
  {
    "review": "0 점을 줘도 아깝지 않은 영화",
    "date": "14.03.03",
    "rating": "1",
    "author": "kjs1****",
    "review_id": "8554475",
    "movie_id": "31465"
  },
  {
    "review": "네이버 단체로 약했냐> 결말은 왜 적어놔",
    "date": "14.02.28",
    "rating": "2",
    "author": "onem****",
    "review_id": "8545850",
    "movie_id": "31465"
  },
  {
    "review": "재미는 나름 있다...",
    "date": "14.02.19",
    "rating": "4",
    "author": "kysk****",
    "review_id": "8520934",
    "movie_id": "31465"
  },
  {
    "review": "내가 본 영화중 가장 쓰레기 작품 중 하나이다. 쓰레기 같은 연출에 스토리 이해 안 되는 결말 감독 사형시키고 싶다",
    "date": "14.02.12",
    "rating": "1",
    "author": "qlrh****",
    "review_id": "8500027",
    "movie_id": "31465"
  },
  {
    "review": "걸작영화! 학생들끼리 죽이고 죽이는걸 입시경쟁같은것에 비유하여 시원하게 까내리는게 일품",
    "date": "14.02.09",
    "rating": "10",
    "author": "dkfn****",
    "review_id": "8493563",
    "movie_id": "31465"
  },
  {
    "review": "역시 일본영화는 일본영화, 항상그랬듯이 일본은 영화를 참못만든다... 헝거게임만 봐도알수있듯이 같은소재로 차이가확남",
    "date": "14.01.16",
    "rating": "4",
    "author": "tmdq****",
    "review_id": "8386053",
    "movie_id": "31465"
  }
]