[
  {
    "review": "컷어웨이 기타 보려다가 영화있어서 깜놀ㅋㅋㅋ 공감되면 좋아요~",
    "date": "14.04.21",
    "rating": "5",
    "author": "ky19****",
    "review_id": "8664171",
    "movie_id": "31474"
  },
  {
    "review": "스카이 다이빙을 다룬 영화 중 최고",
    "date": "10.03.28",
    "rating": "10",
    "author": "mich****",
    "review_id": "4394424",
    "movie_id": "31474"
  },
  {
    "review": "특별할 것도 없는 하늘과 스카이다이빙을 소재로 한 그만 그만한 액션 영화",
    "date": "08.08.03",
    "rating": "6",
    "author": "deff****",
    "review_id": "2829096",
    "movie_id": "31474"
  },
  {
    "review": "그저그런 수준의 오락영화",
    "date": "07.04.01",
    "rating": "5",
    "author": "nala****",
    "review_id": "1566487",
    "movie_id": "31474"
  },
  {
    "review": "끊임없이 보여지는 스카이 다이빙이 슬슬 지루해진다",
    "date": "06.03.06",
    "rating": "6",
    "author": "goma****",
    "review_id": "706886",
    "movie_id": "31474"
  },
  {
    "review": "로드맨..할말없다",
    "date": "05.12.25",
    "rating": "4",
    "author": "kws7****",
    "review_id": "527167",
    "movie_id": "31474"
  }
]