[
  {
    "review": "애틋한 사랑이라기 보다 죄책감과 연민의 감정이라고 나는 생각들었다  아시다지로의 원작 소설보다 좋았다.",
    "date": "15.08.25",
    "rating": "10",
    "author": "1205****",
    "review_id": "10273626",
    "movie_id": "31475"
  },
  {
    "review": "여운이 가시지 않네요..",
    "date": "15.08.25",
    "rating": "10",
    "author": "seh_****",
    "review_id": "10273137",
    "movie_id": "31475"
  },
  {
    "review": "ㅠ_ㅠ ㅜ_ㅜ....",
    "date": "15.08.23",
    "rating": "10",
    "author": "dhkz****",
    "review_id": "10266815",
    "movie_id": "31475"
  },
  {
    "review": "한국멜로영화의 신선함의 시작",
    "date": "15.08.19",
    "rating": "7",
    "author": "song****",
    "review_id": "10250360",
    "movie_id": "31475"
  },
  {
    "review": "보고 난 뒤 긴 여운이 남던 영화",
    "date": "15.08.17",
    "rating": "10",
    "author": "seun****",
    "review_id": "10246592",
    "movie_id": "31475"
  },
  {
    "review": "정말 가슴 먹먹해지는 영화",
    "date": "15.08.16",
    "rating": "10",
    "author": "zion****",
    "review_id": "10238926",
    "movie_id": "31475"
  },
  {
    "review": "짠하고 애잔하면서 마음 한구석이 먹먹합니다...이 영화를 보게 되어서 정말 행복하고 감사할 뿐입니다.",
    "date": "15.08.16",
    "rating": "10",
    "author": "kong****",
    "review_id": "10238172",
    "movie_id": "31475"
  },
  {
    "review": "이강재는 최민식씨가 케스팅 안됐으면 소화하기 힘든 역할 아니 이영화 자체가 세상에 빛을 보지 못했을것",
    "date": "15.08.07",
    "rating": "9",
    "author": "ssau****",
    "review_id": "10196662",
    "movie_id": "31475"
  },
  {
    "review": "캬... 채고조넘 ㄷㄷ",
    "date": "15.08.06",
    "rating": "10",
    "author": "bugb****",
    "review_id": "10191712",
    "movie_id": "31475"
  },
  {
    "review": "정말 감동적이게 봤습니다. 아 슬프네요.",
    "date": "15.07.24",
    "rating": "10",
    "author": "sonb****",
    "review_id": "10136195",
    "movie_id": "31475"
  },
  {
    "review": "10년후에 3번째 다시 볼땐 또 다른...",
    "date": "15.07.21",
    "rating": "10",
    "author": "newp****",
    "review_id": "10124974",
    "movie_id": "31475"
  },
  {
    "review": "이런 영화는 10점을 줘도 아깝지 않은 최고의 작품..",
    "date": "15.07.20",
    "rating": "10",
    "author": "gent****",
    "review_id": "10122068",
    "movie_id": "31475"
  },
  {
    "review": "감명깊게본 영화가 뭐냐고 묻는다면 단연 망설임없이 말할수있는 영화...최민식 연기....소름돋는다",
    "date": "15.07.15",
    "rating": "10",
    "author": "hshs****",
    "review_id": "10105837",
    "movie_id": "31475"
  },
  {
    "review": "너무재미있게봤습니다.",
    "date": "15.07.10",
    "rating": "10",
    "author": "hkn2****",
    "review_id": "10088533",
    "movie_id": "31475"
  },
  {
    "review": "내 인생 최고의 영화...",
    "date": "15.07.08",
    "rating": "10",
    "author": "tkdf****",
    "review_id": "10080641",
    "movie_id": "31475"
  },
  {
    "review": "이 영화는 다시봐도 먹먹하다",
    "date": "15.07.07",
    "rating": "10",
    "author": "next****",
    "review_id": "10078841",
    "movie_id": "31475"
  },
  {
    "review": "아사다지로의 원작을 영화화하여 걸작 반열로 만든 영화가 두편이 있었으니, 철도원과 파이란이로다.",
    "date": "15.07.07",
    "rating": "10",
    "author": "nole****",
    "review_id": "10077947",
    "movie_id": "31475"
  },
  {
    "review": "가장 밑바닥에서 벌레처럼 사는 삼류인생..더이상 희망도 없고 바랄것도 없는 인생에서한줄기 빛이 되준건 내존재를 인정해주는  사람..사랑..사랑은 사치라 여기던 쓰레기인생..하짐만저밑바닥에선 그누구보다 사랑에 굶주린 불쌍한 인간들",
    "date": "15.06.28",
    "rating": "10",
    "author": "alga****",
    "review_id": "10048544",
    "movie_id": "31475"
  },
  {
    "review": "진부하고 뻔한 설정이 다소 있지만 겨우 편지 몇 통으로 두 사람이 서로에게 느끼는 절실한 애정에 대한 이야기는 매우 좋았다.",
    "date": "15.06.24",
    "rating": "7",
    "author": "inos****",
    "review_id": "10029641",
    "movie_id": "31475"
  },
  {
    "review": "평점 믿고 봤는데 망함 슬프다고해서 휴지 준비하고 봤는데 휴지섬유 한가닥도 안씀",
    "date": "15.06.09",
    "rating": "1",
    "author": "yang****",
    "review_id": "9987144",
    "movie_id": "31475"
  },
  {
    "review": "곁에 있어주지 못함에 대한 회한의 절정",
    "date": "15.06.04",
    "rating": "8",
    "author": "syoc****",
    "review_id": "9975395",
    "movie_id": "31475"
  },
  {
    "review": "최민식...항상 최고의 연기를 했지만...개인적으로 이 영화에서의 연기가 베스트 오브 베스트 인듯",
    "date": "15.05.30",
    "rating": "10",
    "author": "jjhh****",
    "review_id": "9961238",
    "movie_id": "31475"
  },
  {
    "review": "포스터 보고 둘이 만나서 이야기 나눌줄 알았는데... 둘이 못 만난다. 현재 보기에는 늘어지는 느낌을 받을 수 있지만 스토리나 설정 자체가 눈물을 뺴내는 구조다.. 최민식의 바다앞에서의 오열장면은 ...하..",
    "date": "15.05.28",
    "rating": "8",
    "author": "mi_n****",
    "review_id": "9956190",
    "movie_id": "31475"
  },
  {
    "review": "이 영화 TV 에서 처음 봤었을 때가 중고딩 시절인데... 야한가 싶어서 호기심에 봤다가... 장백지 편지에 눈물 펑펑펑 ... 최민식 우는 연기에 펑펑펑 울었음 -ㅁ-ㅋ",
    "date": "15.05.28",
    "rating": "10",
    "author": "sork****",
    "review_id": "9955837",
    "movie_id": "31475"
  },
  {
    "review": "우리가 생각하는 '진정한 사랑', 슬픈 계산이 없는, 사랑이 필요한 사람들의 슬픈 사랑을 가장 잘 보여주는 영화",
    "date": "15.05.27",
    "rating": "10",
    "author": "echo****",
    "review_id": "9953145",
    "movie_id": "31475"
  },
  {
    "review": "가장 슬픈 기찻소리라고 말하고 싶다 감히.",
    "date": "15.05.25",
    "rating": "10",
    "author": "jacu****",
    "review_id": "9948750",
    "movie_id": "31475"
  },
  {
    "review": "10년만에 다시 봤는데 느낌이 다르네여!! 정말 명작입니다.",
    "date": "15.05.09",
    "rating": "10",
    "author": "orio****",
    "review_id": "9906909",
    "movie_id": "31475"
  },
  {
    "review": "이영화에서 감점을 시킬만한 그 어떤것도 발견할 수 없어 만점을 드립니다.  장백지 참 예쁘네요^^",
    "date": "15.05.08",
    "rating": "10",
    "author": "sua9****",
    "review_id": "9903755",
    "movie_id": "31475"
  },
  {
    "review": "만나지도 못한채 사랑해서 더 애틋했던 사랑",
    "date": "15.05.05",
    "rating": "10",
    "author": "gbwl****",
    "review_id": "9895486",
    "movie_id": "31475"
  },
  {
    "review": "내 인생 최고의 영화..다시 보고 또 다시 봅니다",
    "date": "15.05.04",
    "rating": "10",
    "author": "hanl****",
    "review_id": "9893183",
    "movie_id": "31475"
  },
  {
    "review": "100번을 보아도 100번째 눈물을 흘릴 수 있는 영화.명실상부한 최민식의 대표작.!!",
    "date": "15.05.03",
    "rating": "10",
    "author": "smit****",
    "review_id": "9891166",
    "movie_id": "31475"
  },
  {
    "review": "배한척에 10년이면 괜찮은거야!",
    "date": "15.04.28",
    "rating": "10",
    "author": "falk****",
    "review_id": "9876354",
    "movie_id": "31475"
  },
  {
    "review": "가슴을 울려오는 안타까움과 연민",
    "date": "15.03.28",
    "rating": "8",
    "author": "rcan****",
    "review_id": "9812857",
    "movie_id": "31475"
  },
  {
    "review": "서로의 존재만으로도 사랑할 수 있는 두 사람의 이야기",
    "date": "15.03.28",
    "rating": "8",
    "author": "love****",
    "review_id": "9811328",
    "movie_id": "31475"
  },
  {
    "review": "셀수도 없는 횟수를 세어본다. 장면에 제한없이 끝없이 돌려본다. 그뿐이다. 의의가 없다. 단지 녹아든다.",
    "date": "15.03.22",
    "rating": "10",
    "author": "netr****",
    "review_id": "9800833",
    "movie_id": "31475"
  },
  {
    "review": "영화보고 예고편, 포스터보니... ㄷ...",
    "date": "15.03.11",
    "rating": "10",
    "author": "1228****",
    "review_id": "9772599",
    "movie_id": "31475"
  },
  {
    "review": "사람의 존재가 가볍다가도 무거운 이유... 최민식씨가 마지막에 감방에 안들어 가겠다 하는 것도, 자기비하만 하던 호구가 아닌 한사람의 사람으로 살아가게 해준 그녀의 마음을 위해였겠지요.. 눈물나네요..",
    "date": "15.03.11",
    "rating": "10",
    "author": "stro****",
    "review_id": "9771797",
    "movie_id": "31475"
  },
  {
    "review": "이세상을 살아가는 모든 남자들이 봐야할 영화다...",
    "date": "15.03.09",
    "rating": "10",
    "author": "ohsu****",
    "review_id": "9768882",
    "movie_id": "31475"
  },
  {
    "review": "10점을 줄수 있는 멜로영화 였습니다",
    "date": "15.03.06",
    "rating": "10",
    "author": "7772****",
    "review_id": "9759668",
    "movie_id": "31475"
  },
  {
    "review": "공형진의 대표작이 아닐까 싶음 느와르 인듯 느와르 아닌 느와르 같은 멜로영화 요즘 시대 에나왔으면 신세계처럼 각종 대사 패러디에 이슈가 됐을지도",
    "date": "15.02.25",
    "rating": "10",
    "author": "dora****",
    "review_id": "9736114",
    "movie_id": "31475"
  },
  {
    "review": "만나지도 못한 사람을 사랑하는 사람...",
    "date": "15.02.23",
    "rating": "10",
    "author": "jinj****",
    "review_id": "9731692",
    "movie_id": "31475"
  },
  {
    "review": "이런 슬프고 감동적인 영화를 이제서야 보다니! 대한민국 최고의 배우 최민식의 연기는 이루 말할것도 없이 명품이고 최고다!!! 잘 만들었다!!!",
    "date": "15.02.22",
    "rating": "10",
    "author": "robo****",
    "review_id": "9727285",
    "movie_id": "31475"
  },
  {
    "review": "잘만들긴 했는데, 이 영화에서 나오는 욕이  너무 더러워서 그것때문에 질렸던 영화.",
    "date": "15.02.17",
    "rating": "8",
    "author": "hack****",
    "review_id": "9704232",
    "movie_id": "31475"
  },
  {
    "review": "이 영화를 보면서 이강재 캐릭터에 흡입되어서 강재의 눈빛과 욕설 그리고 흐느낌에 동화되어 가슴이 많이 아팠다 한국 영화 중 가장 좋아하는 영화 중 하나",
    "date": "15.02.16",
    "rating": "9",
    "author": "cher****",
    "review_id": "9703413",
    "movie_id": "31475"
  },
  {
    "review": "먼가 여운이 많이 남는 영화네요..잘봤어요^^",
    "date": "15.02.15",
    "rating": "9",
    "author": "clas****",
    "review_id": "9697615",
    "movie_id": "31475"
  },
  {
    "review": "세상이 날 밀어낼때, 날 사랑해준 여자.사랑하게 되었고, 그녀는 세상에 없었다....비극이다.. 영화는 끝났는데 여운은 끝나지 않는다",
    "date": "15.02.14",
    "rating": "9",
    "author": "gus1****",
    "review_id": "9696835",
    "movie_id": "31475"
  },
  {
    "review": "세상이 날 밀어낼때, 날 사랑해준 여자.사랑하게 되었고, 그녀는 세상에 없었다....비극이다.. 영화는 끝났는데 여운은 끝나지 않는다",
    "date": "15.02.14",
    "rating": "9",
    "author": "gus1****",
    "review_id": "9696834",
    "movie_id": "31475"
  },
  {
    "review": "너무 몰입해서봐서.. 너무 힘들었던 영화네요... 28살이 되서야 이영화를 접하고 많은 감성과 느낌을 알아갑니다..",
    "date": "15.02.14",
    "rating": "9",
    "author": "dldb****",
    "review_id": "9694338",
    "movie_id": "31475"
  },
  {
    "review": "만날 수 있었더라면...",
    "date": "15.02.11",
    "rating": "10",
    "author": "rntp****",
    "review_id": "9687617",
    "movie_id": "31475"
  },
  {
    "review": "최민식이 아니었다면 이렇게 까지 감정이입안됬을듯...",
    "date": "15.02.09",
    "rating": "10",
    "author": "baec****",
    "review_id": "9682259",
    "movie_id": "31475"
  },
  {
    "review": "좋은 영화긴 한데 아쉬운 부분이 있다",
    "date": "15.02.08",
    "rating": "8",
    "author": "zard****",
    "review_id": "9680062",
    "movie_id": "31475"
  },
  {
    "review": "아름답다.. 요즘 로맨스영화보다 훨씬 깊이있고 슬프다.",
    "date": "15.02.05",
    "rating": "9",
    "author": "fall****",
    "review_id": "9669309",
    "movie_id": "31475"
  },
  {
    "review": "최민식 짱짱맨 ! ! !  가끔식 봐도 재밋음",
    "date": "15.01.29",
    "rating": "10",
    "author": "pear****",
    "review_id": "9647550",
    "movie_id": "31475"
  },
  {
    "review": "장백지하고 최민식이 한번 정도 만났으면 하는 생각이 보는 내내 너무 간절했어요 ㅠㅠ그래도 여운은 진짜 무지하게 많이 남네요",
    "date": "15.01.24",
    "rating": "8",
    "author": "tjda****",
    "review_id": "9628786",
    "movie_id": "31475"
  },
  {
    "review": "1점짜린 아니지만.. 평점이 너무높다. 개연성이 있어야 거부감 없이 보지 얘네 왜이러지??? 이런 생각뿐이었다.",
    "date": "15.01.17",
    "rating": "1",
    "author": "xogu****",
    "review_id": "9606841",
    "movie_id": "31475"
  },
  {
    "review": "90년대생이라서 이제야 이런 명작을 본 게 아쉽다.. 파이란이 이강재를 사랑하는 게 단지 결혼해준 게 전부라서 개연성이 떨어진다고 하는 사람들이 있는데, 이강재는 오갈 곳 없이 타국에서 고생하는 그녀에게 늘 웃어주는 유일한 사람이었다는 걸 알아줬으면",
    "date": "15.01.16",
    "rating": "10",
    "author": "kkpa****",
    "review_id": "9599772",
    "movie_id": "31475"
  },
  {
    "review": "만나지않아서 만나지않아도 애틋한이야기",
    "date": "15.01.13",
    "rating": "9",
    "author": "zzz1****",
    "review_id": "9590481",
    "movie_id": "31475"
  },
  {
    "review": "너무나 가슴아프고 아련한 영화.. 여태 본 멜로중 역대급인듯..",
    "date": "15.01.11",
    "rating": "10",
    "author": "zjae****",
    "review_id": "9585787",
    "movie_id": "31475"
  },
  {
    "review": "최민식이란 배우가 정말 대단한 배우라는걸 느끼고 아무 기대 안하고 봤는데 너무 감동적인 영화였습니다.",
    "date": "15.01.05",
    "rating": "10",
    "author": "tjdb****",
    "review_id": "9566298",
    "movie_id": "31475"
  },
  {
    "review": "울기시르면 보지마시오. 정말 많이 울었습니다ㅠㅠ",
    "date": "15.01.03",
    "rating": "10",
    "author": "jido****",
    "review_id": "9556522",
    "movie_id": "31475"
  },
  {
    "review": "최민식이라는 배우를 말할 때 언제까지고 이야기될 걸작..",
    "date": "14.12.26",
    "rating": "9",
    "author": "like****",
    "review_id": "9517588",
    "movie_id": "31475"
  },
  {
    "review": "정말 많이 울었네요. 삼류건달 강재.. 밑바닥 삶을 사는 것이 왠지 감정을 울리네요. 좋은 직업에 평범한 삶을 사는 것도 행복인 것 같습니다. 강재도 그렇게 살기 싫었겠지만, 가정환경 여러가지가 그렇게 만들었겠죠",
    "date": "14.12.22",
    "rating": "10",
    "author": "iuts****",
    "review_id": "9501846",
    "movie_id": "31475"
  },
  {
    "review": "자신과 삶의 가치를 깨닫게 해준 위대한 사랑의 힘에 가슴 절절히 북받치는 울림",
    "date": "14.12.12",
    "rating": "10",
    "author": "goms****",
    "review_id": "9467475",
    "movie_id": "31475"
  },
  {
    "review": "보는 내내, 보고 난 후 한숨이 왜이리 나오는지..",
    "date": "14.12.11",
    "rating": "10",
    "author": "zzdh****",
    "review_id": "9466113",
    "movie_id": "31475"
  },
  {
    "review": "한번 보고 나면 다시 보게되는 영화..",
    "date": "14.12.09",
    "rating": "10",
    "author": "five****",
    "review_id": "9459861",
    "movie_id": "31475"
  },
  {
    "review": "놀랐어요밑에분...저도 34살에 파이란을 3번째 봅니다 ^^오래전에 다운받았지만 마우스가 가기 힘들었는데...오늘 다시 보네요같은날평점남기는 같은성별에 같은나이뭔가요 ㅋㅋㅋ기억을 더듬어내 생애 최고에 영화우연처럼 오늘 같이 봤네요..",
    "date": "14.11.27",
    "rating": "9",
    "author": "wooj****",
    "review_id": "9427468",
    "movie_id": "31475"
  },
  {
    "review": "2014년 11월세번째 보는 파이란...군대가기전에  한번보고 그다음 대충보고 34살 되서다시 본 영화....너무 많은 이야기들 너무 많은 조선족들 이야기가 있기에 오히려 이제는 동화같은 영화가 된 파이란볼때마다 슬프고 가슴이 저린다",
    "date": "14.11.27",
    "rating": "10",
    "author": "humu****",
    "review_id": "9427365",
    "movie_id": "31475"
  },
  {
    "review": "10여년전 이 영화를 보고 최민식과 장백지를 무조건 좋아하게 됐다...  뜬금없이 이영화의 장면들이 생각날때가 있다 나에게 좋은 영화란 이런것이다",
    "date": "14.11.26",
    "rating": "10",
    "author": "duck****",
    "review_id": "9423038",
    "movie_id": "31475"
  },
  {
    "review": "타이틀롤인 파이란의 비중이 아쉬움",
    "date": "14.11.25",
    "rating": "5",
    "author": "soiy****",
    "review_id": "9421624",
    "movie_id": "31475"
  },
  {
    "review": "최민식이라는 배우를 정말 존경하게 만든 영화입니다송 감독님의 연출력도 좋았고 조연분들의 연기도 정말 좋았지만 최민식과 장백지의 아련한 스토리에 절로 눈물이 나더군요 제 인생 최고의 영화고 아마 앞으로도 저에겐 최고의 영화로 남을거 같습니다",
    "date": "14.11.24",
    "rating": "10",
    "author": "shin****",
    "review_id": "9419765",
    "movie_id": "31475"
  },
  {
    "review": "와 2번 봤는데 지린다.... 최민식 연기 진짜.... 진심 지린다",
    "date": "14.11.19",
    "rating": "10",
    "author": "rand****",
    "review_id": "9399855",
    "movie_id": "31475"
  },
  {
    "review": "인생영화 파이란.. 고등학교 재학중 신포동에서 촬영중인 최민식씨를 보고 개봉전 제목을 알아버린 후 개봉후 10여년간 수십번을 보아도 가슴이 아픈 최고의 영화.. 이만한 영화는 다시 나오기 힘들다. 사랑의 추억을 가슴에 안고사는 분들께 추천",
    "date": "14.11.10",
    "rating": "10",
    "author": "qkqk****",
    "review_id": "9365834",
    "movie_id": "31475"
  },
  {
    "review": "주루룩 흘러내리는 눈물이 아닌 그냥 울게 만드는 영화라 아쉽다. 연기력은 돗보이나 최민식의 오열장면은 무엇인가 빠진듯 스케줄에 쫒겨 급하게 찍은듯한 인상이다.가슴으로공감대 형성이 아닌 머리로 이해하며 보아야할 영화.",
    "date": "14.11.06",
    "rating": "7",
    "author": "sinc****",
    "review_id": "9343390",
    "movie_id": "31475"
  },
  {
    "review": "좋은 영화임에는 틀림없지만, 멜로라는 장로랑은 거리가 조금 멀지 않나  하는 생각이 들었다. 한 번도 보지 못한 이성에 대한 그리움... 내 생각은 그렇다. 최민식이 우는 장면 등등.. 그 상황 속에서 자기 자신에 대한 가식이 아닐까라는 생각이 든다.",
    "date": "14.10.31",
    "rating": "5",
    "author": "pdye****",
    "review_id": "9331882",
    "movie_id": "31475"
  },
  {
    "review": "꼭 사랑하는 이성이 아니더라도 나를 좋아해 주는 사람이 주변에 있다는 것은 정말 감사한 일이다..",
    "date": "14.10.30",
    "rating": "10",
    "author": "paci****",
    "review_id": "9329403",
    "movie_id": "31475"
  },
  {
    "review": "오랜만에 영화를 보면서 울었습니다. 최민식 연기가 정말 대단하네요..",
    "date": "14.10.18",
    "rating": "10",
    "author": "b_la****",
    "review_id": "9300816",
    "movie_id": "31475"
  },
  {
    "review": "결국 밀려오는 후회다.",
    "date": "14.10.18",
    "rating": "7",
    "author": "shwo****",
    "review_id": "9299920",
    "movie_id": "31475"
  },
  {
    "review": "펑펑 울고 싶으면 이 영화는 아니다.여운 짠한 그것을 느끼려면 살짝쯤??느와르+드라마+멜로 의 느낌이랄까-평론가도 블로거도 아닌 민간느낌쯤~",
    "date": "14.10.08",
    "rating": "8",
    "author": "like****",
    "review_id": "9273205",
    "movie_id": "31475"
  },
  {
    "review": "재밌게봤네요 굿굿 눈으론 울지않았지만 마음으로 울고갑니다 하하",
    "date": "14.10.06",
    "rating": "10",
    "author": "wnst****",
    "review_id": "9268366",
    "movie_id": "31475"
  },
  {
    "review": "이 영화는 고1때 극장에서 보고 지금까지 잊혀지지가 않는다. 말이 필요없는 영화 진짜 최고",
    "date": "14.10.04",
    "rating": "10",
    "author": "wolf****",
    "review_id": "9262144",
    "movie_id": "31475"
  },
  {
    "review": "장백지가 죽었을때 이미 희망이 사라졌다.",
    "date": "14.10.04",
    "rating": "8",
    "author": "adiv****",
    "review_id": "9260509",
    "movie_id": "31475"
  },
  {
    "review": "만나지 않았다고 해서 사랑이 아닌 것은 아님을 알게 해준다. 최민식이 편지를 읽고 우는 장면이 생각난다.",
    "date": "14.10.02",
    "rating": "10",
    "author": "futu****",
    "review_id": "9255213",
    "movie_id": "31475"
  },
  {
    "review": "20살때 봤을때 보다 33살이 된 지금 보니 더욱 감동적이고 영화의 본 내면을 볼수있었다! 명작",
    "date": "14.09.30",
    "rating": "10",
    "author": "viol****",
    "review_id": "9251018",
    "movie_id": "31475"
  },
  {
    "review": "저기  감독님 무적자 왜만드셨죠  영화 이렇게 잘만들면서",
    "date": "14.09.29",
    "rating": "10",
    "author": "pusa****",
    "review_id": "9249398",
    "movie_id": "31475"
  },
  {
    "review": "몇번이고 다시 봤던 영화... 수작 입니다...",
    "date": "14.09.28",
    "rating": "10",
    "author": "kimh****",
    "review_id": "9246053",
    "movie_id": "31475"
  },
  {
    "review": "이영화는...최민식의 역작이 아니라 대한민국의 역작이다.",
    "date": "14.09.26",
    "rating": "10",
    "author": "pki8****",
    "review_id": "9241573",
    "movie_id": "31475"
  },
  {
    "review": "하.. 진짜 .. 여운이 많이 남네요... ㅠㅠ",
    "date": "14.09.20",
    "rating": "10",
    "author": "pass****",
    "review_id": "9228085",
    "movie_id": "31475"
  },
  {
    "review": "슬픈 사랑 이야기 한국영화 중에 숨은 걸작입니다.",
    "date": "14.09.20",
    "rating": "10",
    "author": "furu****",
    "review_id": "9227809",
    "movie_id": "31475"
  },
  {
    "review": "그냥봐 보면되는영화야",
    "date": "14.09.20",
    "rating": "10",
    "author": "fink****",
    "review_id": "9227708",
    "movie_id": "31475"
  },
  {
    "review": "슬픈 영화가 보고 싶어서 봤는데...정말 말로 표현 못하는 상처들이구나",
    "date": "14.09.20",
    "rating": "10",
    "author": "dptj****",
    "review_id": "9227454",
    "movie_id": "31475"
  },
  {
    "review": "금요일 저녁 슬프고도 좋은 감정 만들어주셔서 감사합니다.이 영화를 지금 보네요",
    "date": "14.09.19",
    "rating": "10",
    "author": "alqu****",
    "review_id": "9227213",
    "movie_id": "31475"
  },
  {
    "review": "이 영화가 개봉했을때 난 13살이였지, 그리고 이 영화를 처음 본건 16살때였지 아마, 그리고 지금 27의 시선으로 다시 보니, 모든게 이해되고 이제서야 제대로 전달되어 오는 복잡한 감정들... 은근하게 외국인 근로자들이 받는 푸대접 또한 엿볼수있다.",
    "date": "14.09.19",
    "rating": "10",
    "author": "kowi****",
    "review_id": "9226384",
    "movie_id": "31475"
  },
  {
    "review": "그 사장인가 뭔가를 공굴리듯이 발길질해댈때 쉬지않고 웃었다 ㅋㅋㅋ",
    "date": "14.09.17",
    "rating": "9",
    "author": "uiye****",
    "review_id": "9220153",
    "movie_id": "31475"
  },
  {
    "review": "ㅠㅠㅠ... 지금까지 본 영화중 가장 애달프고.. 안타까운..",
    "date": "14.09.15",
    "rating": "10",
    "author": "wnwo****",
    "review_id": "9217487",
    "movie_id": "31475"
  },
  {
    "review": "이런여자있으면 내간,쓸개다 내줄수있다.",
    "date": "14.09.11",
    "rating": "10",
    "author": "rudg****",
    "review_id": "9202180",
    "movie_id": "31475"
  },
  {
    "review": "지금이라도 이 영화를 봐서 정말 다행이다",
    "date": "14.09.09",
    "rating": "10",
    "author": "jieu****",
    "review_id": "9195571",
    "movie_id": "31475"
  },
  {
    "review": "진하게 슬픈데도 아름답게 기억되는 최고의 영화",
    "date": "14.09.09",
    "rating": "10",
    "author": "cumo****",
    "review_id": "9191987",
    "movie_id": "31475"
  },
  {
    "review": "뭔지 모르게 굉장히 슬프다. 무척 가슴 아픈 영화다.",
    "date": "14.09.07",
    "rating": "10",
    "author": "asdf****",
    "review_id": "9177671",
    "movie_id": "31475"
  },
  {
    "review": "완성도 높은 영화. 최고의 연기~!",
    "date": "14.09.05",
    "rating": "10",
    "author": "123s****",
    "review_id": "9168234",
    "movie_id": "31475"
  },
  {
    "review": "너무 감동적입니다. 지나간 옛 일들이 다시 떠올라서 먹먹하게 하네요.",
    "date": "14.09.02",
    "rating": "10",
    "author": "wing****",
    "review_id": "9155937",
    "movie_id": "31475"
  }
]