[
  {
    "review": "김윤진 좋아하니깐...♡",
    "date": "15.07.13",
    "rating": "10",
    "author": "jjun****",
    "review_id": "10102549",
    "movie_id": "31478"
  },
  {
    "review": "박진영이 나온 500만불 사나이보다 평점이 낮다니? 정말 충격스럽다!",
    "date": "15.05.21",
    "rating": "1",
    "author": "ske4****",
    "review_id": "9935432",
    "movie_id": "31478"
  },
  {
    "review": "말 안 해도 다들 아시죠. 어마어마함",
    "date": "15.03.18",
    "rating": "1",
    "author": "jjaj****",
    "review_id": "9790736",
    "movie_id": "31478"
  },
  {
    "review": "4차원 개그는 한마디로 망한다.  개그도 너무 오바하면 싸이코가 된다.",
    "date": "15.03.16",
    "rating": "3",
    "author": "adiv****",
    "review_id": "9786485",
    "movie_id": "31478"
  },
  {
    "review": "차인표 배우로써 하드웨어가 정말 아깝다",
    "date": "13.11.24",
    "rating": "1",
    "author": "blue****",
    "review_id": "8164295",
    "movie_id": "31478"
  },
  {
    "review": "내 생에 최고의 영화",
    "date": "13.09.15",
    "rating": "1",
    "author": "rbtj****",
    "review_id": "7981825",
    "movie_id": "31478"
  },
  {
    "review": "영화만들어논 꼬라지하구는.. 어설프구 유치한 설정.스토리하며 캐릭터까지 휴~~~",
    "date": "13.06.20",
    "rating": "1",
    "author": "kis5****",
    "review_id": "7658150",
    "movie_id": "31478"
  },
  {
    "review": "진짜 웃겼던 영화. 고 박광정님의 구수한 영어가 아직도 생각남.",
    "date": "13.03.06",
    "rating": "10",
    "author": "bean****",
    "review_id": "7326916",
    "movie_id": "31478"
  },
  {
    "review": "최고",
    "date": "13.01.24",
    "rating": "10",
    "author": "soeu****",
    "review_id": "7167175",
    "movie_id": "31478"
  },
  {
    "review": "육상효 할말이없다 할말이..구국강철대오감독 누굴까했는데 역시 당신이였군 내가스마트폰으로 찍어도 거짓말안하고 육상효보다는잘만들겠네",
    "date": "12.11.15",
    "rating": "1",
    "author": "kusu****",
    "review_id": "6891934",
    "movie_id": "31478"
  },
  {
    "review": "차인표는 드라마보다 유독 영화선택에 낮게 평가받는 이유가,이런 작은 선택들이모여,장강의대하를 이루기때문이다.차인표는 정말 영화시나리오 보는 안목이 정말...없다.육상효의습작.그래도 방가방가라고 가기위한 소중한 첫걸음이라고 보면,좀 견딜만할거라고 생각해",
    "date": "12.10.29",
    "rating": "2",
    "author": "baks****",
    "review_id": "6835459",
    "movie_id": "31478"
  },
  {
    "review": "10년전 차인표와 김윤진.",
    "date": "12.10.19",
    "rating": "10",
    "author": "1119****",
    "review_id": "6811465",
    "movie_id": "31478"
  },
  {
    "review": "역시 육상효",
    "date": "12.10.16",
    "rating": "1",
    "author": "ingn****",
    "review_id": "6807024",
    "movie_id": "31478"
  },
  {
    "review": "정말 최악을 못봐서 그러시는지.. 후반부로 갈수록 지루한 건 인정하나 코미디는 그럭저럭 나쁘지 않았음.",
    "date": "12.10.04",
    "rating": "6",
    "author": "bett****",
    "review_id": "6762682",
    "movie_id": "31478"
  },
  {
    "review": "줄거리가 영화내용 전부네 ㅋㅋㅋ",
    "date": "11.10.31",
    "rating": "1",
    "author": "hele****",
    "review_id": "5820214",
    "movie_id": "31478"
  },
  {
    "review": "비록 기억나는건 밥통뿐이지만 그래도 ㅠㅠ",
    "date": "10.01.12",
    "rating": "10",
    "author": "choo****",
    "review_id": "4163417",
    "movie_id": "31478"
  },
  {
    "review": "차인표가 이영화를 위해 포기한 영화는 친구,두사부일체.............",
    "date": "09.10.12",
    "rating": "10",
    "author": "cjsw****",
    "review_id": "3889745",
    "movie_id": "31478"
  },
  {
    "review": "대런 린 보우즈만 보고 왔는데 허허 참..",
    "date": "09.01.06",
    "rating": "1",
    "author": "ikil****",
    "review_id": "3196079",
    "movie_id": "31478"
  },
  {
    "review": "주연이 차인표다",
    "date": "08.08.11",
    "rating": "1",
    "author": "romi****",
    "review_id": "2860669",
    "movie_id": "31478"
  },
  {
    "review": "최악",
    "date": "08.04.26",
    "rating": "1",
    "author": "ryun****",
    "review_id": "2600523",
    "movie_id": "31478"
  },
  {
    "review": "대런 린 보우즈만이 음향담당이네. 놀랍구려.",
    "date": "08.03.28",
    "rating": "1",
    "author": "foo_****",
    "review_id": "2545262",
    "movie_id": "31478"
  },
  {
    "review": "작품고르는 눈 참 특이한 인표님;;;",
    "date": "07.08.22",
    "rating": "4",
    "author": "typo****",
    "review_id": "1968082",
    "movie_id": "31478"
  },
  {
    "review": "한인들의 미국 생활도 돋보였습니다. 박광정 님의 구수한 연기도 좋았어요!",
    "date": "07.07.30",
    "rating": "7",
    "author": "leed****",
    "review_id": "1826955",
    "movie_id": "31478"
  },
  {
    "review": "차인표는 시나리오 좋은 액션물을 하면 대성할 배우다...",
    "date": "07.06.27",
    "rating": "2",
    "author": "skat****",
    "review_id": "1724339",
    "movie_id": "31478"
  },
  {
    "review": "난 괜찮은데. 나름 시사하는바도 있었고.",
    "date": "07.06.22",
    "rating": "10",
    "author": "c221****",
    "review_id": "1713843",
    "movie_id": "31478"
  },
  {
    "review": "차인표랑 비슷한 처지였을때 봤던 영화 ㅠ.ㅠ",
    "date": "07.06.16",
    "rating": "9",
    "author": "lcs2****",
    "review_id": "1702877",
    "movie_id": "31478"
  },
  {
    "review": "연기변신까지하면서 차인표 애쓰긴했는데..어떻하냐 영화는 이모양인데",
    "date": "07.05.21",
    "rating": "4",
    "author": "bboj****",
    "review_id": "1649104",
    "movie_id": "31478"
  },
  {
    "review": "조금만 더 낮추자",
    "date": "07.05.12",
    "rating": "1",
    "author": "skss****",
    "review_id": "1634245",
    "movie_id": "31478"
  },
  {
    "review": "의외로 괜찮은데... 최악을 못 봐서 그런가...",
    "date": "07.03.12",
    "rating": "7",
    "author": "immc****",
    "review_id": "1531569",
    "movie_id": "31478"
  },
  {
    "review": "친구랑 보다 졸았어요. 문제는 둘다 졸았어요.",
    "date": "07.03.08",
    "rating": "1",
    "author": "larc****",
    "review_id": "1524527",
    "movie_id": "31478"
  },
  {
    "review": "난 재밌게 봤는데 평점이 왜이러지...",
    "date": "06.10.05",
    "rating": "10",
    "author": "ikim****",
    "review_id": "1162459",
    "movie_id": "31478"
  },
  {
    "review": "영화 괜찮았는데.. 내가 몇 안되게 좋아하는 한국영화!",
    "date": "06.07.29",
    "rating": "10",
    "author": "abcw****",
    "review_id": "935293",
    "movie_id": "31478"
  },
  {
    "review": "돈주고 보면 미친거다.그래서 난 미쳤던것같다.",
    "date": "06.05.07",
    "rating": "1",
    "author": "j021****",
    "review_id": "790376",
    "movie_id": "31478"
  },
  {
    "review": "후.. 할말없다",
    "date": "06.04.11",
    "rating": "1",
    "author": "lieb****",
    "review_id": "757530",
    "movie_id": "31478"
  },
  {
    "review": "아하하~ 왜 보았을까나...",
    "date": "06.03.23",
    "rating": "1",
    "author": "seon****",
    "review_id": "730503",
    "movie_id": "31478"
  },
  {
    "review": "예고편이 더 재밌는 영화..... 기대를 너무 많이해서 그런가...",
    "date": "06.03.23",
    "rating": "2",
    "author": "mull****",
    "review_id": "729588",
    "movie_id": "31478"
  },
  {
    "review": "개봉당시 극장에서 멋모르고 본 기억이난다...진짜 쓰레기 영화",
    "date": "06.01.02",
    "rating": "1",
    "author": "mach****",
    "review_id": "553795",
    "movie_id": "31478"
  },
  {
    "review": "진짜 졸면서 봤다 ㅋㅋ",
    "date": "05.11.18",
    "rating": "3",
    "author": "cchz****",
    "review_id": "477199",
    "movie_id": "31478"
  },
  {
    "review": "이런 쓰레기 만들려고 외화낭비하며 미국에서 촬영했나?",
    "date": "05.11.03",
    "rating": "1",
    "author": "timb****",
    "review_id": "463084",
    "movie_id": "31478"
  },
  {
    "review": "마이너스점수가있다면 -10 환불.배상 요청하고픈 영화",
    "date": "05.09.26",
    "rating": "1",
    "author": "este****",
    "review_id": "423566",
    "movie_id": "31478"
  },
  {
    "review": "대단하다~",
    "date": "05.09.12",
    "rating": "1",
    "author": "popc****",
    "review_id": "403569",
    "movie_id": "31478"
  },
  {
    "review": "벗기기만하고 감싸주려는 노력이 전혀 없다.",
    "date": "05.08.08",
    "rating": "5",
    "author": "izzo****",
    "review_id": "358367",
    "movie_id": "31478"
  },
  {
    "review": "가슴 구석까지 훈훈한 감동이 전해오는 수준작! ^^;;",
    "date": "05.08.05",
    "rating": "10",
    "author": "grac****",
    "review_id": "353076",
    "movie_id": "31478"
  },
  {
    "review": "차인표가 흥행쥐약으로 완전 선정되게 된 영화",
    "date": "05.08.02",
    "rating": "1",
    "author": "okjo****",
    "review_id": "348054",
    "movie_id": "31478"
  },
  {
    "review": "제데로 망한 영화",
    "date": "05.07.21",
    "rating": "3",
    "author": "limj****",
    "review_id": "329040",
    "movie_id": "31478"
  },
  {
    "review": "최악이다, 최악",
    "date": "05.03.24",
    "rating": "1",
    "author": "pen1****",
    "review_id": "246299",
    "movie_id": "31478"
  },
  {
    "review": "내인생 최고 허접 영화..",
    "date": "05.01.18",
    "rating": "1",
    "author": "nmon****",
    "review_id": "189204",
    "movie_id": "31478"
  },
  {
    "review": "어이가 없내 난 눈물 찡 하던데 내가 이상한거냐?",
    "date": "05.01.10",
    "rating": "10",
    "author": "gta4****",
    "review_id": "182501",
    "movie_id": "31478"
  },
  {
    "review": "난 이영화 만든 감독이 너무 무섭다. 발표할수 있는 그 배짱이",
    "date": "04.11.16",
    "rating": "1",
    "author": "mart****",
    "review_id": "146997",
    "movie_id": "31478"
  },
  {
    "review": "차림표",
    "date": "04.10.26",
    "rating": "3",
    "author": "htop****",
    "review_id": "133348",
    "movie_id": "31478"
  },
  {
    "review": "포스터봐라 ㅋㅋ",
    "date": "04.10.03",
    "rating": "1",
    "author": "wodl****",
    "review_id": "120052",
    "movie_id": "31478"
  },
  {
    "review": "그래도 아이언팜식사랑도 괞찮다는 생각이 드는영화",
    "date": "04.09.08",
    "rating": "5",
    "author": "knhh****",
    "review_id": "104938",
    "movie_id": "31478"
  },
  {
    "review": "최악의 영화!",
    "date": "04.08.27",
    "rating": "1",
    "author": "haen****",
    "review_id": "97825",
    "movie_id": "31478"
  },
  {
    "review": "진짜재미없다..",
    "date": "04.08.26",
    "rating": "2",
    "author": "skyw****",
    "review_id": "96997",
    "movie_id": "31478"
  },
  {
    "review": "이게 최고의 영화라고 한사람... 처음 영화를 본게 분명하다..",
    "date": "04.06.16",
    "rating": "1",
    "author": "arro****",
    "review_id": "55149",
    "movie_id": "31478"
  },
  {
    "review": "최고의 영화...",
    "date": "04.06.14",
    "rating": "10",
    "author": "lj34****",
    "review_id": "54162",
    "movie_id": "31478"
  },
  {
    "review": "누가 이런걸 볼런지..",
    "date": "04.04.10",
    "rating": "1",
    "author": "rnlv****",
    "review_id": "35472",
    "movie_id": "31478"
  },
  {
    "review": "정말 최악이다-0-;",
    "date": "04.02.27",
    "rating": "1",
    "author": "jyk9****",
    "review_id": "24986",
    "movie_id": "31478"
  },
  {
    "review": "최악의 영화.",
    "date": "04.02.16",
    "rating": "1",
    "author": "eche****",
    "review_id": "20703",
    "movie_id": "31478"
  }
]