[
  {
    "review": "시대적 불운에 성공하지 못하여 많이 아쉽다...힘내자!!!",
    "date": "15.08.06",
    "rating": "10",
    "author": "kmpo****",
    "review_id": "10193272",
    "movie_id": "31479"
  },
  {
    "review": "저주받은 걸작....2003년 당시 액션영화 10년 앞서감.몇개말도 안되는 장면빼면 상당한 수준",
    "date": "15.08.03",
    "rating": "10",
    "author": "thx7****",
    "review_id": "10182010",
    "movie_id": "31479"
  },
  {
    "review": "가슴 아픈 배두나씨의 마지막 대사. 문득 다시 들어도 참 먹먹하게 만드는 OST 기억만이라도",
    "date": "15.08.02",
    "rating": "9",
    "author": "so_o****",
    "review_id": "10175828",
    "movie_id": "31479"
  },
  {
    "review": "이영화에 평점10점주는놈들은 알바뛰는놈들이냐?",
    "date": "15.06.18",
    "rating": "1",
    "author": "ll49****",
    "review_id": "10008321",
    "movie_id": "31479"
  },
  {
    "review": "영화자체는 굉장히 재미있었음 시대를 잘못만남",
    "date": "15.06.13",
    "rating": "9",
    "author": "juey****",
    "review_id": "9996230",
    "movie_id": "31479"
  },
  {
    "review": "박상민이 더욱 빛났다면..지하철에 대한 연구는 좋았음. 연출력은 의문점이 생김",
    "date": "15.06.12",
    "rating": "8",
    "author": "dma9****",
    "review_id": "9992893",
    "movie_id": "31479"
  },
  {
    "review": "옛날에 진짜 재밌게 본 영화 ㅋㅋㅋ",
    "date": "15.05.14",
    "rating": "10",
    "author": "lchw****",
    "review_id": "9916041",
    "movie_id": "31479"
  },
  {
    "review": "개봉시기가 잠 불편했던 영화,, 영화 자체로는 굿인데... 흥행성적이 참 안타깝다",
    "date": "15.04.08",
    "rating": "9",
    "author": "kara****",
    "review_id": "9834708",
    "movie_id": "31479"
  },
  {
    "review": "2003년에 한국에서 찍은 80~90년대 홍콩 영화 느낌을 조금 더 지웠으면 좋았을 텐데라는 생각이 든다..",
    "date": "15.03.22",
    "rating": "7",
    "author": "blue****",
    "review_id": "9800892",
    "movie_id": "31479"
  },
  {
    "review": "이거 진짜 핵잼인데 개봉시기가 너무 안좋았다.",
    "date": "15.03.19",
    "rating": "8",
    "author": "jinw****",
    "review_id": "9793861",
    "movie_id": "31479"
  },
  {
    "review": "대구지하철사고 여파로 흥행에 성공하지 못한영화 정말 재미있었는데",
    "date": "15.02.08",
    "rating": "10",
    "author": "siak****",
    "review_id": "9679171",
    "movie_id": "31479"
  },
  {
    "review": "어색한 케릭터들의 컨셉과 오글거리는 대사와 연출. 그리고 총 어설프게 쓸 거면 쓰지 말자. 엔딩까지 참고 보기가 상당히 힘든 영화. 김민종과 더불어 영화와 인연이 없는 김석훈",
    "date": "15.01.26",
    "rating": "1",
    "author": "jjaj****",
    "review_id": "9638145",
    "movie_id": "31479"
  },
  {
    "review": "2003년도에 이런 영화찍기 쉽지 않을텐데아주 재미나게 봤어요",
    "date": "15.01.23",
    "rating": "10",
    "author": "zvzb****",
    "review_id": "9626585",
    "movie_id": "31479"
  },
  {
    "review": "이 영화가 망한 이유는 80년대 홍콩느와르를 흉내냈기때문이다. 그 느끼한 정지화면과 슬로비디오...그리고 회상신! 이  3박자가 맞아서 돈잡아먹은거지!",
    "date": "14.12.08",
    "rating": "6",
    "author": "twel****",
    "review_id": "9457349",
    "movie_id": "31479"
  },
  {
    "review": "돈만 날렸다...나도 제작자도..",
    "date": "14.10.07",
    "rating": "5",
    "author": "lees****",
    "review_id": "9271442",
    "movie_id": "31479"
  },
  {
    "review": "영화에서 현실적을 따지면 안되지만 이 영화는 현실성을 떠오르게 한다. 일상적인 액션영화인데 히어로즈물,SF도 아니고 주인공이초인적인 힘을 발휘하여 전개된다는게 안이하다. 스토리는 좋은데 연출력의 부재다. 당시 살인의 추억이 얼마나 대작인줄 알 수 있다",
    "date": "14.09.17",
    "rating": "6",
    "author": "yong****",
    "review_id": "9220352",
    "movie_id": "31479"
  },
  {
    "review": "당시 조악하고 수준낮은 한국 액션영화에 비할 바가 아니다. 흥행하지 못한게 아쉽다.",
    "date": "14.09.06",
    "rating": "9",
    "author": "toto****",
    "review_id": "9173280",
    "movie_id": "31479"
  },
  {
    "review": "단순한 스토리에 유치하고 개연성 없는 졸작 액션물",
    "date": "14.08.24",
    "rating": "4",
    "author": "sipj****",
    "review_id": "9128933",
    "movie_id": "31479"
  },
  {
    "review": "재밌었음 여운도 남고 ,,",
    "date": "14.08.19",
    "rating": "8",
    "author": "yeki****",
    "review_id": "9111219",
    "movie_id": "31479"
  },
  {
    "review": "10년 전 비디오로 빌려봤지만 정말 재밌게본 영화.만약 리메이크를 제대로 다시 한다면 대박날 작품.",
    "date": "14.08.04",
    "rating": "10",
    "author": "woob****",
    "review_id": "9022745",
    "movie_id": "31479"
  },
  {
    "review": "요즘 개봉됐으면 더 빛났을텐데 아쉬워하며 재밌게 봤어요. 김석훈씨 멋지네요. 화이팅입니다.",
    "date": "14.07.24",
    "rating": "8",
    "author": "soha****",
    "review_id": "8947766",
    "movie_id": "31479"
  },
  {
    "review": "리메이크 작품으로 다시 탄생한다면 높이 평가할만한 영화",
    "date": "14.07.03",
    "rating": "9",
    "author": "joes****",
    "review_id": "8880516",
    "movie_id": "31479"
  },
  {
    "review": "우리나라에서 10년전 영화라고 믿기기 힘들만큼 정말 잘 만들었다",
    "date": "14.05.02",
    "rating": "10",
    "author": "dkdl****",
    "review_id": "8692771",
    "movie_id": "31479"
  },
  {
    "review": "영국식 영어로 지하철을 의미하는 단어 : Tube 개잼 개쩜",
    "date": "14.04.30",
    "rating": "10",
    "author": "dom1****",
    "review_id": "8686388",
    "movie_id": "31479"
  },
  {
    "review": "등장인물은 엄폐물없이 총을 쏘는데도 총알 하나도 안맞고 기둥뒤에 숨어있는 엑스트라들만 죽어나가는 식이라  긴장감이 하나도 안생김. 끝에 문제가 해결되고 나서 지하철상황실 직원들이 기립박수치며 환호하는거보고 이런 구닥다리 연출이 다 있나 부끄러워졌음..",
    "date": "14.03.30",
    "rating": "3",
    "author": "sunk****",
    "review_id": "8619309",
    "movie_id": "31479"
  },
  {
    "review": "내가 원래 한국영화에 10점 잘안주는데 10년넘은 영화가 요세 만드는 쓰레기 한국영화들 보다 훨낫다!! 그리고 갱찰특공대 쳐발릴때 소름돋았다!",
    "date": "14.03.28",
    "rating": "10",
    "author": "ske4****",
    "review_id": "8612270",
    "movie_id": "31479"
  },
  {
    "review": "웰메이드 오락영화, 이 영화에 부족한건 '행운' 이외에 떠오르지 않음.",
    "date": "14.03.26",
    "rating": "9",
    "author": "kang****",
    "review_id": "8607235",
    "movie_id": "31479"
  },
  {
    "review": "이 영화는 왜 망한거지..재밌는데",
    "date": "14.03.11",
    "rating": "9",
    "author": "qkqh****",
    "review_id": "8568989",
    "movie_id": "31479"
  },
  {
    "review": "옥의티가 많지만 볼만했다ㅋㅋ그리고 DVD판 삭제장면은 도데체 모지...",
    "date": "14.03.03",
    "rating": "9",
    "author": "sdfs****",
    "review_id": "8552755",
    "movie_id": "31479"
  },
  {
    "review": "초반부가 조금 지루했던거 빼면 재밌었다.",
    "date": "14.02.22",
    "rating": "8",
    "author": "yksi****",
    "review_id": "8528025",
    "movie_id": "31479"
  },
  {
    "review": "나름 재미있게 봤다 허허",
    "date": "14.01.18",
    "rating": "10",
    "author": "kjj0****",
    "review_id": "8395488",
    "movie_id": "31479"
  },
  {
    "review": "이런영화 찍어야 발전하지...이게 불만이면 늬들은 걍~~헐리웃 액숀이나 쳐 봐~~",
    "date": "13.12.25",
    "rating": "8",
    "author": "span****",
    "review_id": "8300355",
    "movie_id": "31479"
  },
  {
    "review": "볼만한 영화네요~~^^",
    "date": "13.12.24",
    "rating": "10",
    "author": "mksc****",
    "review_id": "8292460",
    "movie_id": "31479"
  },
  {
    "review": "지금 봐도 안 어색함...개쩜",
    "date": "13.10.19",
    "rating": "10",
    "author": "dhsi****",
    "review_id": "8071748",
    "movie_id": "31479"
  },
  {
    "review": "스토리도괜찮았고지하철을소재로한영화라흥미로웠습니다",
    "date": "13.09.21",
    "rating": "10",
    "author": "oppa****",
    "review_id": "8003962",
    "movie_id": "31479"
  },
  {
    "review": "정말 두고두고 기억나는 영화에요~~몇년전인데 대사까지 기억난다는.. ㅎ",
    "date": "13.07.30",
    "rating": "10",
    "author": "dsj1****",
    "review_id": "7800649",
    "movie_id": "31479"
  },
  {
    "review": "재밌어요",
    "date": "13.07.06",
    "rating": "10",
    "author": "johy****",
    "review_id": "7709359",
    "movie_id": "31479"
  },
  {
    "review": "산만하고 조잡한 액션과 스토리. 어설픈 헐리웃흉내 그이상 그이하도 아님.",
    "date": "13.05.22",
    "rating": "2",
    "author": "kis5****",
    "review_id": "7547022",
    "movie_id": "31479"
  },
  {
    "review": "교과서적인 영화",
    "date": "13.04.30",
    "rating": "7",
    "author": "yser****",
    "review_id": "7495984",
    "movie_id": "31479"
  },
  {
    "review": "그래서 서로에 대한 정말 진실한 마음을 알아보지도 못하고 헤어진것이 더 가슴아프게 다가오는 영화 입니다  ost 추천 : 이별 그리고 2",
    "date": "13.04.30",
    "rating": "10",
    "author": "tlsd****",
    "review_id": "7495579",
    "movie_id": "31479"
  },
  {
    "review": "도입만 좀더흥미로웠으면 더 괜찮았을텐데그래두감동은있어요 10년전이었던걸감안하면괜찮네요권오중넘웃겨욬ㅋㅋ 김석훈넘잘생겼네요",
    "date": "13.04.28",
    "rating": "8",
    "author": "qkek****",
    "review_id": "7489062",
    "movie_id": "31479"
  },
  {
    "review": "사고친 사람 따로 마무리하는 사람 따로...",
    "date": "13.04.27",
    "rating": "6",
    "author": "snbr****",
    "review_id": "7488939",
    "movie_id": "31479"
  },
  {
    "review": "엄청난 졸작. 백감독은 이 졸작으로 인해 다음 작품을 만들지 못 했다. 건질거라고는 권오중 코믹 하나뿐.",
    "date": "13.04.27",
    "rating": "2",
    "author": "wlfa****",
    "review_id": "7488067",
    "movie_id": "31479"
  },
  {
    "review": "어렸을때 아련한 추억에 영화...",
    "date": "13.03.30",
    "rating": "10",
    "author": "oioi****",
    "review_id": "7422550",
    "movie_id": "31479"
  },
  {
    "review": "굳굳 10점 만점에 10점 구성 탄탄한 한국 영화 乃",
    "date": "13.03.03",
    "rating": "10",
    "author": "seok****",
    "review_id": "7320249",
    "movie_id": "31479"
  },
  {
    "review": "괜찮은 액션영화네요.",
    "date": "13.01.26",
    "rating": "9",
    "author": "bayd****",
    "review_id": "7174322",
    "movie_id": "31479"
  },
  {
    "review": "명작",
    "date": "13.01.25",
    "rating": "10",
    "author": "jbum****",
    "review_id": "7172194",
    "movie_id": "31479"
  },
  {
    "review": "본격지하철액션영화, 머니트레인보다 잘 만든거 같지만, 뭐랄까? 비용과 시도에 비해 스토리가 매끄럽지 못하다해야나...들인돈에 비해 캐스팅된 배우들도 아쉽긴 매한가지 그러니 수익분기점을 못넘긴듯",
    "date": "13.01.03",
    "rating": "7",
    "author": "bajj****",
    "review_id": "7078024",
    "movie_id": "31479"
  },
  {
    "review": "지금 그대로 개봉해도 흥행에 이상없을것 같은 10년전의 대단한 수작. 당시 타이밍이..",
    "date": "13.01.02",
    "rating": "9",
    "author": "naip****",
    "review_id": "7076838",
    "movie_id": "31479"
  },
  {
    "review": "굳",
    "date": "13.01.01",
    "rating": "10",
    "author": "s0o7****",
    "review_id": "7071719",
    "movie_id": "31479"
  },
  {
    "review": "돌이켜 보면 괜찮은 액션, 스토리, 음악 ...",
    "date": "12.12.30",
    "rating": "9",
    "author": "cura****",
    "review_id": "7063573",
    "movie_id": "31479"
  },
  {
    "review": "스릴넘치고 마지막엔 정말 감동..",
    "date": "12.12.24",
    "rating": "10",
    "author": "0728****",
    "review_id": "7039882",
    "movie_id": "31479"
  },
  {
    "review": "그럭저럭 재미있고, 그 사건만 없었더호면 200만은 넘을 수 있었던 킬링타임용 영화ㅓ",
    "date": "12.10.14",
    "rating": "8",
    "author": "lsw8****",
    "review_id": "6800199",
    "movie_id": "31479"
  },
  {
    "review": "잼있어요~특히 OST가 너무 좋아요~^^",
    "date": "12.09.12",
    "rating": "10",
    "author": "wsgu****",
    "review_id": "6690924",
    "movie_id": "31479"
  },
  {
    "review": "아 마지막에 울었음 참 감동적이었음",
    "date": "12.05.27",
    "rating": "10",
    "author": "choe****",
    "review_id": "6336909",
    "movie_id": "31479"
  },
  {
    "review": "소재는 좋았는데.. 뭔가 힘이 빠지는 느낌..",
    "date": "12.05.15",
    "rating": "7",
    "author": "4529****",
    "review_id": "6301328",
    "movie_id": "31479"
  },
  {
    "review": "한국판 스피드영화. 참신하고 좋슴다",
    "date": "12.05.02",
    "rating": "9",
    "author": "kch_****",
    "review_id": "6264495",
    "movie_id": "31479"
  },
  {
    "review": "헐리우드 액션물의 엉터리 짜깁기와 난감한 로맨스, 불운만 탓할게 아닌",
    "date": "12.04.05",
    "rating": "2",
    "author": "goms****",
    "review_id": "6195501",
    "movie_id": "31479"
  },
  {
    "review": "얼마나 제작비에 쪼들렸을지 ..티가 너무 나는 영화... 투자만 더 받았다면 모를일;",
    "date": "12.03.04",
    "rating": "6",
    "author": "stb0****",
    "review_id": "6124194",
    "movie_id": "31479"
  },
  {
    "review": "아쉽게도 우리나라에서는 이 영화의 존재조차 모르는 사람들이 허다하다.",
    "date": "12.02.21",
    "rating": "8",
    "author": "csc1****",
    "review_id": "6093319",
    "movie_id": "31479"
  },
  {
    "review": "숨겨진 대작,  괜찮은 걸작, 아쉬운 명작..하지만 졸작으로 치부된 명품배우들의 합작",
    "date": "12.02.20",
    "rating": "9",
    "author": "srab****",
    "review_id": "6091594",
    "movie_id": "31479"
  },
  {
    "review": "뭔가 하이재거액션물인데.. 국내에서는 나름 신선한 도전이였다.",
    "date": "12.02.18",
    "rating": "7",
    "author": "crui****",
    "review_id": "6085735",
    "movie_id": "31479"
  },
  {
    "review": "망하는 데는 이유가 있었다...",
    "date": "12.02.11",
    "rating": "6",
    "author": "sks7****",
    "review_id": "6068024",
    "movie_id": "31479"
  },
  {
    "review": "이 영화는 시대를 잘못만나서 사그라진 영화지 이렇게 저평가 받을 작품은 아님",
    "date": "12.02.06",
    "rating": "8",
    "author": "rayo****",
    "review_id": "6055417",
    "movie_id": "31479"
  },
  {
    "review": "지하철사고때문에 망한것만은 아닌듯...환승처럼 조금은 답답한 액션과 쓸데없는 로맨스",
    "date": "12.02.05",
    "rating": "7",
    "author": "rlxo****",
    "review_id": "6053602",
    "movie_id": "31479"
  },
  {
    "review": "헐리우드 액션영화 못지않게 훌륭하다.",
    "date": "11.11.20",
    "rating": "10",
    "author": "marc****",
    "review_id": "5861752",
    "movie_id": "31479"
  },
  {
    "review": "영화속에 뼈가있네요",
    "date": "11.11.11",
    "rating": "10",
    "author": "leem****",
    "review_id": "5841991",
    "movie_id": "31479"
  },
  {
    "review": "영화 관계자가 아니고서야 6점 이상 줄 수 없는 영화. 묻힌 게 다행인듯.",
    "date": "11.11.08",
    "rating": "1",
    "author": "caln****",
    "review_id": "5836292",
    "movie_id": "31479"
  },
  {
    "review": "영화가 참 괜찮았는데 묻혀버려서 아쉽다",
    "date": "11.09.10",
    "rating": "8",
    "author": "haug****",
    "review_id": "5719215",
    "movie_id": "31479"
  },
  {
    "review": "좌빨들은 양심이 있으면 괴물보다 점수 더줘야 하는거 아냐?",
    "date": "11.08.25",
    "rating": "10",
    "author": "star****",
    "review_id": "5687577",
    "movie_id": "31479"
  },
  {
    "review": "대구 지하철 사건만 아니였어도 히트했을 영화~!! 주연의 연기도 좋습니다..",
    "date": "11.08.04",
    "rating": "10",
    "author": "joaj****",
    "review_id": "5597343",
    "movie_id": "31479"
  },
  {
    "review": "많은 것이 슬펐던 영화.",
    "date": "11.07.12",
    "rating": "9",
    "author": "shs5****",
    "review_id": "5538450",
    "movie_id": "31479"
  },
  {
    "review": "대구지하철땜에 흥행에 실패해서 너무 아쉽다..",
    "date": "11.07.07",
    "rating": "10",
    "author": "dir_****",
    "review_id": "5528065",
    "movie_id": "31479"
  },
  {
    "review": "한국에서 지하철 소재의 테러 영화라 신선했지만 전체적으로는 다소 미흡한 곳이 많다",
    "date": "11.07.02",
    "rating": "7",
    "author": "orph****",
    "review_id": "5516697",
    "movie_id": "31479"
  },
  {
    "review": "액션 하나만큼은 최고의 영화지만 주연.악역의 어설픈 똥품발연기가 영화를망첬다",
    "date": "11.07.01",
    "rating": "8",
    "author": "king****",
    "review_id": "5511854",
    "movie_id": "31479"
  },
  {
    "review": "스토리에 아쉬움이 있지만, 단순 재미로는 상급 아닌가?",
    "date": "11.05.04",
    "rating": "8",
    "author": "comm****",
    "review_id": "5404937",
    "movie_id": "31479"
  },
  {
    "review": "어거지도 좀 있었지만 좋은것이 더 많았던 영화...",
    "date": "11.03.30",
    "rating": "8",
    "author": "love****",
    "review_id": "5343271",
    "movie_id": "31479"
  },
  {
    "review": "김석훈은 꼴통역할만 하는구나ㅋㅋㅋㅋㅋ 반짝반짝빛나는에서도 꼴통인데ㅋㅋㅋ",
    "date": "11.03.29",
    "rating": "9",
    "author": "sdfs****",
    "review_id": "5341384",
    "movie_id": "31479"
  },
  {
    "review": "진정한 쓰레기 영화",
    "date": "11.03.13",
    "rating": "1",
    "author": "thep****",
    "review_id": "5311760",
    "movie_id": "31479"
  },
  {
    "review": "볼만은 했으나 조금만 덜 어설펐으면 더 좋은 작품이 됐을텐데 아쉽다",
    "date": "11.02.20",
    "rating": "7",
    "author": "romy****",
    "review_id": "5261419",
    "movie_id": "31479"
  },
  {
    "review": "최악은 아니다.. 하지만 정말이지 어설픈... 현재의 평점은 말이 안된다..",
    "date": "11.02.08",
    "rating": "1",
    "author": "wkfe****",
    "review_id": "5227930",
    "movie_id": "31479"
  },
  {
    "review": "시도는 좋았으나, 여러모로 아쉽다",
    "date": "11.01.23",
    "rating": "2",
    "author": "ccpk****",
    "review_id": "5176840",
    "movie_id": "31479"
  },
  {
    "review": "대구 지하철참사 때문에 개봉을 연기했던 불운한 작품",
    "date": "11.01.23",
    "rating": "2",
    "author": "rame****",
    "review_id": "5176838",
    "movie_id": "31479"
  },
  {
    "review": "박상민의 과한 똥폼연기는 최민수에 버금가는 듯",
    "date": "11.01.23",
    "rating": "2",
    "author": "kpcc****",
    "review_id": "5176837",
    "movie_id": "31479"
  },
  {
    "review": "많은 것이 부족했지만, 기대이상이었당... 2%만 충족되었다면~?",
    "date": "11.01.15",
    "rating": "7",
    "author": "sute****",
    "review_id": "5159632",
    "movie_id": "31479"
  },
  {
    "review": "최고!OST때문에 우연히보게된 영환데 너무좋았음..시기를 잘못탄거겠져...아까운영화!",
    "date": "11.01.10",
    "rating": "10",
    "author": "happ****",
    "review_id": "5148346",
    "movie_id": "31479"
  },
  {
    "review": "소총가지고 특수부대를 무슨 과녁맞추듯이.....차라리 로보캅을 출연시키지",
    "date": "10.12.13",
    "rating": "2",
    "author": "law9****",
    "review_id": "5051582",
    "movie_id": "31479"
  },
  {
    "review": "죽은게 아쉽지만...그래도 멋있음!",
    "date": "10.10.31",
    "rating": "10",
    "author": "kims****",
    "review_id": "4929780",
    "movie_id": "31479"
  },
  {
    "review": "뭔가 아쉽 ㅎ",
    "date": "10.09.17",
    "rating": "8",
    "author": "love****",
    "review_id": "4842866",
    "movie_id": "31479"
  },
  {
    "review": "속편 제발 나왔음 하는 영화",
    "date": "10.09.11",
    "rating": "9",
    "author": "kimj****",
    "review_id": "4828617",
    "movie_id": "31479"
  },
  {
    "review": "2003년이라... 욕먹던 기관사들이 있던 해에 개봉하다니, 제작사, 용가리 통뼈구나!",
    "date": "10.09.10",
    "rating": "10",
    "author": "nano****",
    "review_id": "4826525",
    "movie_id": "31479"
  },
  {
    "review": "현재 기술력으로 찍는다면 한국형 초대형블록버스터가되었을것.2부족하지만대단한영화",
    "date": "10.08.29",
    "rating": "8",
    "author": "zzan****",
    "review_id": "4801900",
    "movie_id": "31479"
  },
  {
    "review": "요즘 나오는 액션영화보다 더 리얼 다소 억지스러운부분도 있지만 정말 괜찮았어요",
    "date": "10.08.16",
    "rating": "10",
    "author": "tjda****",
    "review_id": "4755970",
    "movie_id": "31479"
  },
  {
    "review": "뒤쪽은 이해가 안감.. 그래도 한국형 스피드영화 처럼 흥미진진",
    "date": "10.08.10",
    "rating": "9",
    "author": "stic****",
    "review_id": "4730694",
    "movie_id": "31479"
  },
  {
    "review": "징하다 징해...애네들 언제 죽나하고 보고 한 녀석 죽은 후에 질려서 껐음",
    "date": "10.07.09",
    "rating": "5",
    "author": "zero****",
    "review_id": "4623141",
    "movie_id": "31479"
  },
  {
    "review": "ㅠㅠ대박",
    "date": "10.07.08",
    "rating": "10",
    "author": "ksyk****",
    "review_id": "4621641",
    "movie_id": "31479"
  },
  {
    "review": "이건뭐 연출이 라이터를 켜라야..-.-;; 그래도 나름 볼만한데 역시 한국적인거..-.-;;",
    "date": "10.06.24",
    "rating": "7",
    "author": "mgjs****",
    "review_id": "4588183",
    "movie_id": "31479"
  },
  {
    "review": "장형사 진짜 막장형사임ㅋㅋ 하지만 그 막장이 나중에는 좋은 결과를 보죠",
    "date": "10.05.24",
    "rating": "10",
    "author": "wlsh****",
    "review_id": "4521383",
    "movie_id": "31479"
  },
  {
    "review": "내용 전개나 연결 고리가 많이 미숙했음. 소재 자체는 괜찮은디 안습인 스토리",
    "date": "10.05.22",
    "rating": "1",
    "author": "roma****",
    "review_id": "4515413",
    "movie_id": "31479"
  },
  {
    "review": "최고. 다시 한번 봐야겠당. ㅋㅋ",
    "date": "10.04.06",
    "rating": "10",
    "author": "azur****",
    "review_id": "4416073",
    "movie_id": "31479"
  }
]