[
  {
    "review": "즐기기엔 너무 가벼운 영화. 보고나면 남는 여운도 없음.",
    "date": "13.12.28",
    "rating": "6",
    "author": "awak****",
    "review_id": "8316293",
    "movie_id": "31493"
  },
  {
    "review": "zzzz",
    "date": "13.07.20",
    "rating": "1",
    "author": "park****",
    "review_id": "7766771",
    "movie_id": "31493"
  },
  {
    "review": "dvd로 갖고 있는 영화. 발상만 기발하다.",
    "date": "11.06.16",
    "rating": "6",
    "author": "pree****",
    "review_id": "5483158",
    "movie_id": "31493"
  },
  {
    "review": "이게 평점이 7.5점? 유다 드립할때 어이없더라. 2001년에 봤었다가 캐실망.",
    "date": "10.03.13",
    "rating": "2",
    "author": "stun****",
    "review_id": "4354080",
    "movie_id": "31493"
  },
  {
    "review": "경박한 건 참는데 재미없기까지 해서 못참겠더라",
    "date": "09.01.13",
    "rating": "3",
    "author": "asar****",
    "review_id": "3219066",
    "movie_id": "31493"
  },
  {
    "review": "크리스토퍼리가 없는 드라큐라는 도저히 드라큐라라고 말할수 없다.",
    "date": "09.01.09",
    "rating": "3",
    "author": "evil****",
    "review_id": "3203922",
    "movie_id": "31493"
  },
  {
    "review": "제라드 버틀러의 젊은 모습... Perfect Dracula!",
    "date": "08.03.29",
    "rating": "7",
    "author": "caca****",
    "review_id": "2547159",
    "movie_id": "31493"
  },
  {
    "review": "드라큐라와 유다에관한 새로운 시각은 신선",
    "date": "07.09.21",
    "rating": "7",
    "author": "mana****",
    "review_id": "2034574",
    "movie_id": "31493"
  },
  {
    "review": "영화의 긴장감이 잘 유지되어 볼만했다",
    "date": "07.08.28",
    "rating": "8",
    "author": "deff****",
    "review_id": "1985891",
    "movie_id": "31493"
  },
  {
    "review": "빠른전개와 독특한연출력은좋았으나 중후반부갈수록 시나리오의한계성드러남",
    "date": "07.08.09",
    "rating": "7",
    "author": "goms****",
    "review_id": "1909967",
    "movie_id": "31493"
  },
  {
    "review": "보긴 본거 같은데 기억이...",
    "date": "07.06.22",
    "rating": "6",
    "author": "seun****",
    "review_id": "1714962",
    "movie_id": "31493"
  },
  {
    "review": "드라큐라를 유다로 본다는 새로운 해석",
    "date": "07.06.18",
    "rating": "10",
    "author": "drow****",
    "review_id": "1707242",
    "movie_id": "31493"
  },
  {
    "review": "모르고 보면 무슨 80년대 영화인줄 알겠네.",
    "date": "07.06.14",
    "rating": "4",
    "author": "nd2s****",
    "review_id": "1701290",
    "movie_id": "31493"
  },
  {
    "review": "제라드 버틀러 섹시빔 작살.",
    "date": "07.05.02",
    "rating": "10",
    "author": "moon****",
    "review_id": "1615684",
    "movie_id": "31493"
  },
  {
    "review": "평범함 이상을 원했지만",
    "date": "07.03.08",
    "rating": "7",
    "author": "zeed****",
    "review_id": "1524311",
    "movie_id": "31493"
  },
  {
    "review": "오 좋아좋아 짱 즐겁다",
    "date": "06.12.08",
    "rating": "10",
    "author": "baks****",
    "review_id": "1274154",
    "movie_id": "31493"
  },
  {
    "review": "볼만함",
    "date": "06.11.21",
    "rating": "10",
    "author": "allf****",
    "review_id": "1244608",
    "movie_id": "31493"
  },
  {
    "review": "아 정말 재미 없었다",
    "date": "06.09.28",
    "rating": "3",
    "author": "supe****",
    "review_id": "1146542",
    "movie_id": "31493"
  },
  {
    "review": "버틀러 너무 멋져~ㅋㅋㅋ",
    "date": "06.08.30",
    "rating": "10",
    "author": "90wl****",
    "review_id": "1090344",
    "movie_id": "31493"
  },
  {
    "review": "기억이 안 나 -_-a 드라큐라 영화 자체가 좋다",
    "date": "06.08.03",
    "rating": "6",
    "author": "ehvo****",
    "review_id": "961313",
    "movie_id": "31493"
  },
  {
    "review": "너무 멋있음ㅜㅜ 이영화 보고 제라드님에게 뻑 갔다는ㅜ♡",
    "date": "06.07.04",
    "rating": "10",
    "author": "rnjs****",
    "review_id": "870639",
    "movie_id": "31493"
  },
  {
    "review": "제라드버틀러 넘 매력있어요♡ 제라드밖에 안보이던데요?",
    "date": "06.07.03",
    "rating": "10",
    "author": "jm52****",
    "review_id": "868728",
    "movie_id": "31493"
  },
  {
    "review": "뻔하고 지루하고 재미없음...캐스팅도 별로",
    "date": "06.07.03",
    "rating": "4",
    "author": "lay3****",
    "review_id": "868709",
    "movie_id": "31493"
  },
  {
    "review": "괜찮던데;,'-'흠흠,,제라드버틀러멋짐乃",
    "date": "06.07.02",
    "rating": "10",
    "author": "kook****",
    "review_id": "866928",
    "movie_id": "31493"
  },
  {
    "review": "왜 내가 8살때 이 영화를 본걸까, 기억으론 무서웠다",
    "date": "06.06.23",
    "rating": "9",
    "author": "sunu****",
    "review_id": "854445",
    "movie_id": "31493"
  },
  {
    "review": "미쳤구나 만들다 만 영화 같으니",
    "date": "06.06.19",
    "rating": "4",
    "author": "love****",
    "review_id": "850237",
    "movie_id": "31493"
  },
  {
    "review": "그럭저럭 볼만한 오락영화...여자 뱀파이어가 섹시",
    "date": "06.06.10",
    "rating": "8",
    "author": "sbrl****",
    "review_id": "838646",
    "movie_id": "31493"
  },
  {
    "review": "영상미가 돋보이지만,,조금 부족,,",
    "date": "06.06.07",
    "rating": "7",
    "author": "nucl****",
    "review_id": "835407",
    "movie_id": "31493"
  },
  {
    "review": "참신한 재해석,,재미가 쏠쏠하다",
    "date": "06.06.07",
    "rating": "9",
    "author": "babo****",
    "review_id": "835406",
    "movie_id": "31493"
  },
  {
    "review": "각본은 훌륭하다.그러나 제작비와 로케이션이......",
    "date": "06.05.20",
    "rating": "7",
    "author": "zink****",
    "review_id": "808058",
    "movie_id": "31493"
  },
  {
    "review": "그냥..드라마 장르 같다..",
    "date": "06.04.25",
    "rating": "6",
    "author": "look****",
    "review_id": "775247",
    "movie_id": "31493"
  },
  {
    "review": "감각적인 영상만큼은",
    "date": "05.12.24",
    "rating": "7",
    "author": "kws7****",
    "review_id": "525576",
    "movie_id": "31493"
  },
  {
    "review": "현대적인 감각으로 만들어진 드라큐라 영화. 조금 부족함..",
    "date": "05.12.11",
    "rating": "6",
    "author": "join****",
    "review_id": "501010",
    "movie_id": "31493"
  },
  {
    "review": "별로,,기억에 안남는",
    "date": "05.09.21",
    "rating": "4",
    "author": "hell****",
    "review_id": "416336",
    "movie_id": "31493"
  },
  {
    "review": "제라드 버틀러만 보이는 영화..",
    "date": "05.07.04",
    "rating": "6",
    "author": "cat1****",
    "review_id": "312203",
    "movie_id": "31493"
  },
  {
    "review": "왠지 뱀파이어 소재의 아류작같은 느낌..",
    "date": "05.03.26",
    "rating": "6",
    "author": "pcw0****",
    "review_id": "247399",
    "movie_id": "31493"
  },
  {
    "review": "친숙한 소재였던만큼 재해석하는 새로움도 컸던,배우들의 연기가 돋보인 영화",
    "date": "04.12.26",
    "rating": "10",
    "author": "kwkt****",
    "review_id": "170165",
    "movie_id": "31493"
  },
  {
    "review": "재미없는 공포영화",
    "date": "04.07.18",
    "rating": "1",
    "author": "kpcc****",
    "review_id": "72840",
    "movie_id": "31493"
  },
  {
    "review": "드라큐라를 유다로 보는 참신한 재해석.. 오~ 넘 잼씀.",
    "date": "04.04.04",
    "rating": "10",
    "author": "mile****",
    "review_id": "33761",
    "movie_id": "31493"
  },
  {
    "review": "버틀러님 전정세희이고0형입니다한국아동동121동",
    "date": "04.02.16",
    "rating": "10",
    "author": "kh99****",
    "review_id": "20720",
    "movie_id": "31493"
  }
]