[
  {
    "review": "왠만한 스토리 액션보단..",
    "date": "14.05.18",
    "rating": "8",
    "author": "534k****",
    "review_id": "8742039",
    "movie_id": "31507"
  },
  {
    "review": "코믹하면서 흥미진진하다...",
    "date": "14.02.20",
    "rating": "8",
    "author": "yana****",
    "review_id": "8522350",
    "movie_id": "31507"
  },
  {
    "review": "하드한 수사물의 묘미를 매력적으로 묘사한 걸작",
    "date": "11.06.23",
    "rating": "9",
    "author": "vuud****",
    "review_id": "5494944",
    "movie_id": "31507"
  },
  {
    "review": "느와르의 전설, 쥴스 다신. ▽ 전혀 졸립지 않아요!",
    "date": "10.12.03",
    "rating": "10",
    "author": "nonp****",
    "review_id": "5016998",
    "movie_id": "31507"
  },
  {
    "review": "하품 나오는 졸작",
    "date": "10.07.04",
    "rating": "3",
    "author": "chha****",
    "review_id": "4610621",
    "movie_id": "31507"
  },
  {
    "review": "대박영화!!!!!!!!!!!!!!!!!!!!!!!!!!!!!!!!!!!!!!!!!!!!!!!!!!!!!!!!!!!!!!!!!!!",
    "date": "09.09.15",
    "rating": "10",
    "author": "ksk6****",
    "review_id": "3832583",
    "movie_id": "31507"
  }
]