[
  {
    "review": "성룡은 역시는 역시고 여자도 엄청 이쁘네요",
    "date": "15.06.17",
    "rating": "10",
    "author": "khh9****",
    "review_id": "10006266",
    "movie_id": "31501"
  },
  {
    "review": "서양에 본드걸이 있었듯이 동양의 최초의 재키걸 김민 그리고 그해 출시된 쌍용 코란도 ppl",
    "date": "15.05.18",
    "rating": "7",
    "author": "drea****",
    "review_id": "9929518",
    "movie_id": "31501"
  },
  {
    "review": "진짜 좋네요.이영화가 10년된지도 조금넘었는데.",
    "date": "14.11.14",
    "rating": "10",
    "author": "car3****",
    "review_id": "9382953",
    "movie_id": "31501"
  },
  {
    "review": "좋은 영화 잘 봤습니다...*_*",
    "date": "14.09.10",
    "rating": "10",
    "author": "dltm****",
    "review_id": "9196455",
    "movie_id": "31501"
  },
  {
    "review": "한국배우 김민이 어떻게 캐스팅 됐는지가 의문. 역시 기대 이하",
    "date": "14.08.27",
    "rating": "1",
    "author": "jjaj****",
    "review_id": "9136877",
    "movie_id": "31501"
  },
  {
    "review": "의외로 성룡이 영화에서 노출을 꽤많이,자주한 덕분에(?) 성룡엉덩이를 수없이 봐왔지만 이 영화의 성룡 히프가 나이들어보여 좀 슬펐다는 엉뚱한 평을 남기며 그래도 성룡, 당신은 최고입니다~!!",
    "date": "14.08.04",
    "rating": "10",
    "author": "whia****",
    "review_id": "9024785",
    "movie_id": "31501"
  },
  {
    "review": "성룡액션에 무슨 말이 필요한가",
    "date": "14.05.04",
    "rating": "8",
    "author": "kyn9****",
    "review_id": "8700925",
    "movie_id": "31501"
  },
  {
    "review": "역시 성룡은 성룡임을 확실히 보여준다",
    "date": "14.04.12",
    "rating": "8",
    "author": "dizi****",
    "review_id": "8646118",
    "movie_id": "31501"
  },
  {
    "review": "성룡짱짱짱짱!!!! 역시 성룡은 액션이다!!",
    "date": "13.10.04",
    "rating": "10",
    "author": "rmff****",
    "review_id": "8034597",
    "movie_id": "31501"
  },
  {
    "review": "성룡은 홍콩에서만...;;",
    "date": "13.09.15",
    "rating": "6",
    "author": "do11****",
    "review_id": "7980090",
    "movie_id": "31501"
  },
  {
    "review": "역쉬성룡ㅅㅅㅎㅎ",
    "date": "13.06.05",
    "rating": "10",
    "author": "dong****",
    "review_id": "7580744",
    "movie_id": "31501"
  },
  {
    "review": "조아...........",
    "date": "13.02.05",
    "rating": "10",
    "author": "yong****",
    "review_id": "7226924",
    "movie_id": "31501"
  },
  {
    "review": "성룡의 액션은 멋있지만 스토리는 뛰어나지 못하다..",
    "date": "12.07.12",
    "rating": "7",
    "author": "blue****",
    "review_id": "6473335",
    "movie_id": "31501"
  },
  {
    "review": "성룡은 무조건 10점 !!!",
    "date": "12.06.29",
    "rating": "10",
    "author": "ok99****",
    "review_id": "6426349",
    "movie_id": "31501"
  },
  {
    "review": "유일하게 한국과 합작한 영화 성룡은 한국을 좋아한다",
    "date": "12.03.13",
    "rating": "10",
    "author": "chls****",
    "review_id": "6141678",
    "movie_id": "31501"
  },
  {
    "review": "김민~!  왜 캐스팅했지???",
    "date": "12.02.08",
    "rating": "2",
    "author": "kat0****",
    "review_id": "6060803",
    "movie_id": "31501"
  },
  {
    "review": "액션이 시시하지만, 성룡이 연기한 캐릭터중에서 제일 불쌍한(?)캐릭터였던듯.....",
    "date": "09.11.13",
    "rating": "10",
    "author": "ard2****",
    "review_id": "3959618",
    "movie_id": "31501"
  },
  {
    "review": "성룡 영화치고는 심심했다...그다지 별로 그래도 성룡이라서",
    "date": "09.11.02",
    "rating": "6",
    "author": "thra****",
    "review_id": "3931588",
    "movie_id": "31501"
  },
  {
    "review": "별 내용없지만 성룡영화는 항상 기대하게 하는 뭔가가있다 그래서 본다",
    "date": "09.03.27",
    "rating": "7",
    "author": "iss2****",
    "review_id": "3389459",
    "movie_id": "31501"
  },
  {
    "review": "내용은좀짬뽕이지만,액션은끝내준다.기름탱크액션은...완전 쩐다!!^^",
    "date": "09.01.22",
    "rating": "9",
    "author": "shvj****",
    "review_id": "3239087",
    "movie_id": "31501"
  },
  {
    "review": "별 느낌 없는 영화",
    "date": "08.05.14",
    "rating": "6",
    "author": "capa****",
    "review_id": "2640167",
    "movie_id": "31501"
  },
  {
    "review": "대형트럭 추락폭팔과 성룡줄추락장면이 젤호감.. 오토바이씬에선 아까웠다.",
    "date": "08.05.11",
    "rating": "7",
    "author": "lgju****",
    "review_id": "2632845",
    "movie_id": "31501"
  },
  {
    "review": "나름 내용을 이끌어 나가려는 성룡의 액션.",
    "date": "08.04.28",
    "rating": "7",
    "author": "psyc****",
    "review_id": "2603828",
    "movie_id": "31501"
  },
  {
    "review": "뭔진 모르겠지만 무언가 정리되지 않은 느낌이 든다",
    "date": "08.04.27",
    "rating": "6",
    "author": "uds0****",
    "review_id": "2602633",
    "movie_id": "31501"
  },
  {
    "review": "마지막 장면..",
    "date": "08.01.22",
    "rating": "8",
    "author": "ch51****",
    "review_id": "2358106",
    "movie_id": "31501"
  },
  {
    "review": "성룡보다 더한 액션스타는 앞으로도 영원히 없을 것",
    "date": "07.12.07",
    "rating": "10",
    "author": "baks****",
    "review_id": "2212518",
    "movie_id": "31501"
  },
  {
    "review": "비비안수 정말 최고지, 김민도 이때는 예뻤는데",
    "date": "07.11.12",
    "rating": "8",
    "author": "pksj****",
    "review_id": "2148124",
    "movie_id": "31501"
  },
  {
    "review": "비비안수 만으로만 10점이다",
    "date": "07.10.09",
    "rating": "10",
    "author": "rumd****",
    "review_id": "2080432",
    "movie_id": "31501"
  },
  {
    "review": "한국과는 맞지 않는건가요!!성룡",
    "date": "07.09.22",
    "rating": "6",
    "author": "aqzz****",
    "review_id": "2037966",
    "movie_id": "31501"
  },
  {
    "review": "김민 죽어버려 성룡을망치다니",
    "date": "07.09.09",
    "rating": "10",
    "author": "l8ll****",
    "review_id": "2009508",
    "movie_id": "31501"
  },
  {
    "review": "무성의하고 지루했던 성룡...",
    "date": "07.08.22",
    "rating": "5",
    "author": "typo****",
    "review_id": "1967833",
    "movie_id": "31501"
  },
  {
    "review": "아시아 영화도 이런스케일이 나온다는것에 경배를.",
    "date": "07.08.17",
    "rating": "8",
    "author": "tori****",
    "review_id": "1949323",
    "movie_id": "31501"
  },
  {
    "review": "김민땜에 -3 ...",
    "date": "07.07.14",
    "rating": "7",
    "author": "hide****",
    "review_id": "1775152",
    "movie_id": "31501"
  },
  {
    "review": "한국을 무대로 해서 그런지 재미 있었음",
    "date": "07.07.11",
    "rating": "9",
    "author": "deff****",
    "review_id": "1764648",
    "movie_id": "31501"
  },
  {
    "review": "최고다!!!",
    "date": "07.06.26",
    "rating": "10",
    "author": "arno****",
    "review_id": "1722544",
    "movie_id": "31501"
  },
  {
    "review": "정말 끝내줬어",
    "date": "07.05.29",
    "rating": "10",
    "author": "akxl****",
    "review_id": "1671586",
    "movie_id": "31501"
  },
  {
    "review": "화려한 액션 내용도좋다",
    "date": "07.05.29",
    "rating": "10",
    "author": "wwe8****",
    "review_id": "1671580",
    "movie_id": "31501"
  },
  {
    "review": "조금.. 메리트가...",
    "date": "07.02.01",
    "rating": "9",
    "author": "kumc****",
    "review_id": "1432206",
    "movie_id": "31501"
  },
  {
    "review": "너무 재미있어염... 또 보고 싶다..",
    "date": "07.01.17",
    "rating": "10",
    "author": "ekfq****",
    "review_id": "1391569",
    "movie_id": "31501"
  },
  {
    "review": "성룡이 범한 실수중 최악의 실수는 이영화ㅋㅋ",
    "date": "06.12.19",
    "rating": "1",
    "author": "ppp0****",
    "review_id": "1304855",
    "movie_id": "31501"
  },
  {
    "review": "역시 성룡영화는 평균은 먹고들어간다^김민영어발음기억남음",
    "date": "06.11.30",
    "rating": "7",
    "author": "sinm****",
    "review_id": "1258789",
    "movie_id": "31501"
  },
  {
    "review": "자세히 보면 성룡불알 나온다...!!! 잘보세요!!",
    "date": "06.10.15",
    "rating": "6",
    "author": "comp****",
    "review_id": "1181860",
    "movie_id": "31501"
  },
  {
    "review": "한국이 배경인것이 사묻 마음에 들었다 하지만",
    "date": "06.09.08",
    "rating": "8",
    "author": "jmh4****",
    "review_id": "1111988",
    "movie_id": "31501"
  },
  {
    "review": "재미있다!!",
    "date": "06.08.15",
    "rating": "9",
    "author": "kej8****",
    "review_id": "1033493",
    "movie_id": "31501"
  },
  {
    "review": "격투장면은 우습고, 스토리는 진지하고, 우연성은 지나치고..",
    "date": "06.07.30",
    "rating": "7",
    "author": "onch****",
    "review_id": "945818",
    "movie_id": "31501"
  },
  {
    "review": "성룡 영화중 가장 어설픈 것 같은데요..",
    "date": "06.06.14",
    "rating": "4",
    "author": "lshp****",
    "review_id": "843786",
    "movie_id": "31501"
  },
  {
    "review": "성룡의 전라노출장면 최고!",
    "date": "06.02.08",
    "rating": "10",
    "author": "vonz****",
    "review_id": "655156",
    "movie_id": "31501"
  },
  {
    "review": "괜찮았다.",
    "date": "06.02.01",
    "rating": "9",
    "author": "beat****",
    "review_id": "641031",
    "movie_id": "31501"
  },
  {
    "review": "괜찮네.. 누가 성룡의 최악의 작품이래...",
    "date": "05.12.30",
    "rating": "10",
    "author": "w123****",
    "review_id": "544052",
    "movie_id": "31501"
  },
  {
    "review": "완전 재밌다>_!!",
    "date": "05.12.28",
    "rating": "10",
    "author": "shba****",
    "review_id": "535821",
    "movie_id": "31501"
  },
  {
    "review": "김민이 너무 어설픔 졸작",
    "date": "05.12.24",
    "rating": "4",
    "author": "kws7****",
    "review_id": "525303",
    "movie_id": "31501"
  },
  {
    "review": "화질이 좀 더 좋았다면 ....",
    "date": "05.11.09",
    "rating": "10",
    "author": "popc****",
    "review_id": "469594",
    "movie_id": "31501"
  },
  {
    "review": "마지막이 너무 허무하다...",
    "date": "05.10.08",
    "rating": "6",
    "author": "anan****",
    "review_id": "436962",
    "movie_id": "31501"
  },
  {
    "review": "다소지루하고 심각한 면이 있음..",
    "date": "05.10.07",
    "rating": "8",
    "author": "sbg8****",
    "review_id": "436196",
    "movie_id": "31501"
  },
  {
    "review": "성룡팬으로써 성룡영화중 중급",
    "date": "05.09.23",
    "rating": "5",
    "author": "82ba****",
    "review_id": "418338",
    "movie_id": "31501"
  },
  {
    "review": "성룡 왜 이러냐",
    "date": "05.08.17",
    "rating": "3",
    "author": "okjo****",
    "review_id": "371293",
    "movie_id": "31501"
  },
  {
    "review": "비비안수^-^",
    "date": "05.08.10",
    "rating": "10",
    "author": "swor****",
    "review_id": "360623",
    "movie_id": "31501"
  },
  {
    "review": "이런 멋진 영화를... 점수가 너무 낮다! (로그인하게 만드네)",
    "date": "05.07.11",
    "rating": "10",
    "author": "visi****",
    "review_id": "318928",
    "movie_id": "31501"
  },
  {
    "review": "그럭저럭 볼만한 성룡표액션코미디, 전라액션씬은 웃음짓게한다",
    "date": "05.05.30",
    "rating": "6",
    "author": "si2p****",
    "review_id": "290378",
    "movie_id": "31501"
  },
  {
    "review": "성용은 기진하고 감독은 미진하다.",
    "date": "05.05.08",
    "rating": "2",
    "author": "choi****",
    "review_id": "273438",
    "movie_id": "31501"
  },
  {
    "review": "영화분위기가 너무 맘에 안든다.몇 안되는 성룡의 재미없는 영화",
    "date": "05.04.03",
    "rating": "6",
    "author": "zhow****",
    "review_id": "252207",
    "movie_id": "31501"
  },
  {
    "review": "성룡영화 중 가장 재미없었던 두작품 중 하나..",
    "date": "05.03.19",
    "rating": "7",
    "author": "m2mb****",
    "review_id": "243576",
    "movie_id": "31501"
  },
  {
    "review": "지금 껏 본 성룡 영화 중 가장 재미없다!",
    "date": "05.03.19",
    "rating": "6",
    "author": "cont****",
    "review_id": "243500",
    "movie_id": "31501"
  },
  {
    "review": "비비안수 얼굴보고 빠져들었음..이렇게 이쁜사람이 있다니..",
    "date": "05.02.23",
    "rating": "10",
    "author": "gusl****",
    "review_id": "228437",
    "movie_id": "31501"
  },
  {
    "review": "재미있다",
    "date": "05.01.25",
    "rating": "10",
    "author": "andy****",
    "review_id": "195418",
    "movie_id": "31501"
  },
  {
    "review": "별로지만 시간 때우기 좋음",
    "date": "04.12.01",
    "rating": "7",
    "author": "rohh****",
    "review_id": "155317",
    "movie_id": "31501"
  },
  {
    "review": "성룡이 수수께끼를 한다면?",
    "date": "04.09.11",
    "rating": "8",
    "author": "jcr3****",
    "review_id": "106380",
    "movie_id": "31501"
  },
  {
    "review": "성룡의no와이어액션은이담부터는끝~",
    "date": "04.09.04",
    "rating": "10",
    "author": "asd1****",
    "review_id": "102615",
    "movie_id": "31501"
  },
  {
    "review": "두번보면재미없는영화 격투씬은 많이없다.",
    "date": "04.08.07",
    "rating": "8",
    "author": "ssor****",
    "review_id": "85770",
    "movie_id": "31501"
  },
  {
    "review": "김민의 존재이유가 의심스러웠지만 성룡의 `건재한 액션`의 마지막 영화",
    "date": "04.08.01",
    "rating": "7",
    "author": "gomc****",
    "review_id": "81325",
    "movie_id": "31501"
  },
  {
    "review": "우리나라 배우 김민과 호흡한 영화 재미있다.",
    "date": "04.04.06",
    "rating": "10",
    "author": "cjfa****",
    "review_id": "34634",
    "movie_id": "31501"
  },
  {
    "review": "한국에서도 촬영됐지요. 역시 재밌게 본 영화 입니다.",
    "date": "04.03.01",
    "rating": "10",
    "author": "stin****",
    "review_id": "25785",
    "movie_id": "31501"
  }
]