[
  {
    "review": "주인공 여자 왜 이렇게 멍청하냐....",
    "date": "15.07.08",
    "rating": "6",
    "author": "vlai****",
    "review_id": "10080379",
    "movie_id": "31522"
  },
  {
    "review": "평범한 스토리 평범한 스릴러",
    "date": "15.05.01",
    "rating": "6",
    "author": "ckgh****",
    "review_id": "9882862",
    "movie_id": "31522"
  },
  {
    "review": "고어물 좋아하는데 많이 잔인하진 않지만 스토리도 괜찮아서 볼만함",
    "date": "15.04.17",
    "rating": "7",
    "author": "p891****",
    "review_id": "9849156",
    "movie_id": "31522"
  },
  {
    "review": "먼가아쉬엇어요오 ㅣ?",
    "date": "15.01.29",
    "rating": "6",
    "author": "kst1****",
    "review_id": "9647424",
    "movie_id": "31522"
  },
  {
    "review": "신선한 소재 볼만함.,.",
    "date": "14.10.30",
    "rating": "7",
    "author": "kem1****",
    "review_id": "9328111",
    "movie_id": "31522"
  },
  {
    "review": "갑자기 놀래키려는 것도 없으면서 내용은 잔인하고,, 공포영화 답다네.",
    "date": "14.06.19",
    "rating": "8",
    "author": "pass****",
    "review_id": "8841476",
    "movie_id": "31522"
  },
  {
    "review": "흥미위주의 스릴러물은 아님. 좀 지루합니다.",
    "date": "14.06.16",
    "rating": "6",
    "author": "lmed****",
    "review_id": "8834974",
    "movie_id": "31522"
  },
  {
    "review": "공포 영화인데 스토리도 탄탄하고 구성도 알차고 아주 잘 된 영화. 유럽 영화라서 그런지 대사가 익숙치 않는것을제외하고는 몰입도 있게 재미있게 감상할 수 있는 영화. 울 나라에서도 개최했었던 '인체의 신비전'에 쓰였던 소재를다시 한번 영화에서 보",
    "date": "13.08.31",
    "rating": "8",
    "author": "hoon****",
    "review_id": "7938696",
    "movie_id": "31522"
  },
  {
    "review": "징그럽다",
    "date": "13.07.29",
    "rating": "3",
    "author": "y156****",
    "review_id": "7798516",
    "movie_id": "31522"
  },
  {
    "review": "이런영화는 흔히 지루하기마련인대 크게 지루하지도않고 그냥 볼만했음",
    "date": "13.03.03",
    "rating": "7",
    "author": "m132****",
    "review_id": "7321768",
    "movie_id": "31522"
  },
  {
    "review": "이건 걍 쓰레기임",
    "date": "12.04.05",
    "rating": "1",
    "author": "zzgo****",
    "review_id": "6195043",
    "movie_id": "31522"
  },
  {
    "review": "이 영화보고 난 뒤에 인체의 신비전 관람하면 무서울꺼야 ㅋ",
    "date": "11.12.02",
    "rating": "2",
    "author": "ccpp****",
    "review_id": "5882302",
    "movie_id": "31522"
  },
  {
    "review": "여주인공이 주인공할만한 외모가 안되는 듯",
    "date": "11.12.02",
    "rating": "2",
    "author": "rame****",
    "review_id": "5882301",
    "movie_id": "31522"
  },
  {
    "review": "산채로 포떠서 전시한다는 충격적인 소재인데, 왜이리 지루하게 만들었을까",
    "date": "11.12.02",
    "rating": "2",
    "author": "kpcc****",
    "review_id": "5882300",
    "movie_id": "31522"
  },
  {
    "review": "차라리 벗기라도 하지!",
    "date": "10.11.18",
    "rating": "10",
    "author": "fyce****",
    "review_id": "4969063",
    "movie_id": "31522"
  },
  {
    "review": "이정도면 후한 점수다...",
    "date": "10.10.01",
    "rating": "6",
    "author": "hali****",
    "review_id": "4877448",
    "movie_id": "31522"
  },
  {
    "review": "굿",
    "date": "10.01.12",
    "rating": "10",
    "author": "cleo****",
    "review_id": "4161835",
    "movie_id": "31522"
  },
  {
    "review": "제이슨본의 연인 프란카포텐테가 주인공!외모를 따지는 사람은 연기를 둘째로 보나?",
    "date": "09.10.13",
    "rating": "8",
    "author": "meso****",
    "review_id": "3890128",
    "movie_id": "31522"
  },
  {
    "review": "뭔가 잔뜩 기대하게 해놓고선, 결국은 허접한 스릴러...",
    "date": "09.08.04",
    "rating": "3",
    "author": "athe****",
    "review_id": "3706043",
    "movie_id": "31522"
  },
  {
    "review": "괜찮음",
    "date": "09.07.26",
    "rating": "8",
    "author": "pyy1****",
    "review_id": "3668216",
    "movie_id": "31522"
  },
  {
    "review": "컨벤션센터에서 봤던 인체탐험 전시 시체들이 산채로 해부당한 사람들이였나 ㄷㄷ",
    "date": "09.07.21",
    "rating": "2",
    "author": "ccpk****",
    "review_id": "3653377",
    "movie_id": "31522"
  },
  {
    "review": "전개에 있어서 약간의 엉성함은 느꼈지만 속도감이 느껴졌다",
    "date": "09.02.05",
    "rating": "8",
    "author": "lshn****",
    "review_id": "3279361",
    "movie_id": "31522"
  },
  {
    "review": "전개에 있어서 약간의 엉성함은 느꼈지만 속도감이 느껴졌다",
    "date": "09.02.05",
    "rating": "8",
    "author": "lshn****",
    "review_id": "3279362",
    "movie_id": "31522"
  },
  {
    "review": "중간 중간 먼가 빠진듯한",
    "date": "09.02.05",
    "rating": "7",
    "author": "shc3****",
    "review_id": "3279154",
    "movie_id": "31522"
  },
  {
    "review": "시도는 신선하나.  눈요기감에만 너무 치중되어 너무 아쉽다.",
    "date": "09.01.01",
    "rating": "5",
    "author": "evil****",
    "review_id": "3172134",
    "movie_id": "31522"
  },
  {
    "review": "메디컬 영화라서 봤는데 그다지 색다른 것도 없고 지루한것도 아닌 평범한 영화같음",
    "date": "08.12.31",
    "rating": "7",
    "author": "kehp****",
    "review_id": "3170927",
    "movie_id": "31522"
  },
  {
    "review": "아찔한 분위기 연출 독일 영화를 새롭게 보는 개기가 된 작품 볼만하다",
    "date": "08.12.22",
    "rating": "7",
    "author": "deff****",
    "review_id": "3140643",
    "movie_id": "31522"
  },
  {
    "review": "당시 한국개봉작으로서는 꽤 볼만한 영화. 적당히 야하고, 적당히 잔인함.",
    "date": "08.11.03",
    "rating": "7",
    "author": "roun****",
    "review_id": "3033407",
    "movie_id": "31522"
  },
  {
    "review": "인체를 해부하는것이 너무 깔끔해보였음. 메디컬 전공이라면 한번 보는것도 좋을듯.",
    "date": "08.08.06",
    "rating": "10",
    "author": "kenj****",
    "review_id": "2841795",
    "movie_id": "31522"
  },
  {
    "review": "어떻게 이영화 평점이 7점이나 나오는 거지??",
    "date": "08.07.22",
    "rating": "5",
    "author": "zero****",
    "review_id": "2792216",
    "movie_id": "31522"
  },
  {
    "review": "맛도 멋도 없는 공포 스릴러",
    "date": "08.04.19",
    "rating": "5",
    "author": "linu****",
    "review_id": "2588862",
    "movie_id": "31522"
  },
  {
    "review": "패솔로지를 보고나니 이 영화가 뛰어나단 걸 알게되었다.",
    "date": "08.04.19",
    "rating": "8",
    "author": "kyuz****",
    "review_id": "2587753",
    "movie_id": "31522"
  },
  {
    "review": "쌈빡하게 잘만든 스릴러물. 공포보단 스토리 진행좋고 경쾌한 면도 있다.",
    "date": "08.03.07",
    "rating": "8",
    "author": "bepl****",
    "review_id": "2508092",
    "movie_id": "31522"
  },
  {
    "review": "그레첼 알라뷰",
    "date": "08.01.31",
    "rating": "10",
    "author": "wnwn****",
    "review_id": "2389982",
    "movie_id": "31522"
  },
  {
    "review": "메디컬 공포하면 빠질 수 없는 작품",
    "date": "07.08.12",
    "rating": "7",
    "author": "love****",
    "review_id": "1925036",
    "movie_id": "31522"
  },
  {
    "review": "끝까지 다 봤다",
    "date": "07.08.06",
    "rating": "8",
    "author": "hms0****",
    "review_id": "1894216",
    "movie_id": "31522"
  },
  {
    "review": "그냥 째고 가른다고 호러영화가 아닌데, 긴장감 공포 조성 실패",
    "date": "07.07.02",
    "rating": "6",
    "author": "teo0****",
    "review_id": "1739189",
    "movie_id": "31522"
  },
  {
    "review": "배경음악이 쌩뚱맞은것 제외한다면 굿~",
    "date": "07.06.01",
    "rating": "10",
    "author": "teso****",
    "review_id": "1675255",
    "movie_id": "31522"
  },
  {
    "review": "열라재미없음 여자도못생겼고",
    "date": "07.05.11",
    "rating": "1",
    "author": "luci****",
    "review_id": "1631774",
    "movie_id": "31522"
  },
  {
    "review": "볼만하긴 재미 없네",
    "date": "07.03.03",
    "rating": "3",
    "author": "fres****",
    "review_id": "1516363",
    "movie_id": "31522"
  },
  {
    "review": "특이한 형식의 공포 지루한 감도 있지만...",
    "date": "07.01.07",
    "rating": "8",
    "author": "nala****",
    "review_id": "1363923",
    "movie_id": "31522"
  },
  {
    "review": "괜찮은 소재지만 이 어색함은 뭐지?",
    "date": "06.12.10",
    "rating": "5",
    "author": "unza****",
    "review_id": "1282739",
    "movie_id": "31522"
  },
  {
    "review": "ㅋㅋ 지루하지 않고 볼만해요",
    "date": "06.10.06",
    "rating": "10",
    "author": "sk8e****",
    "review_id": "1164489",
    "movie_id": "31522"
  },
  {
    "review": "극강의 잔인함",
    "date": "06.09.05",
    "rating": "10",
    "author": "zeed****",
    "review_id": "1103874",
    "movie_id": "31522"
  },
  {
    "review": "역시 귀신보다 사람이 더 무섭다",
    "date": "06.08.23",
    "rating": "7",
    "author": "cube****",
    "review_id": "1069704",
    "movie_id": "31522"
  },
  {
    "review": "오랜만에 스릴러물과 박진감 넘치는 스토리를 감상함 ㅋ",
    "date": "06.08.16",
    "rating": "8",
    "author": "sanj****",
    "review_id": "1038438",
    "movie_id": "31522"
  },
  {
    "review": "아 sibar 구토가 나올라그래",
    "date": "06.08.15",
    "rating": "2",
    "author": "sht9****",
    "review_id": "1033659",
    "movie_id": "31522"
  },
  {
    "review": "재미없음. 진짜로요. 조낸지루해",
    "date": "06.07.28",
    "rating": "3",
    "author": "whdg****",
    "review_id": "930193",
    "movie_id": "31522"
  },
  {
    "review": "워OO 무서워 강한이펙트는 없다",
    "date": "06.07.25",
    "rating": "8",
    "author": "fari****",
    "review_id": "920763",
    "movie_id": "31522"
  },
  {
    "review": "잔혹 고어 공포영화라고 해야하나, 인상깊었음",
    "date": "06.07.23",
    "rating": "10",
    "author": "ifly****",
    "review_id": "917818",
    "movie_id": "31522"
  },
  {
    "review": "엉덩이 너무 탐스럽다!",
    "date": "06.07.09",
    "rating": "10",
    "author": "dkem****",
    "review_id": "881565",
    "movie_id": "31522"
  },
  {
    "review": "참신한 소재..하지만 그저 그냥 볼말한 영화",
    "date": "06.07.09",
    "rating": "6",
    "author": "rnqu****",
    "review_id": "880013",
    "movie_id": "31522"
  },
  {
    "review": "소재가 새로웠던..",
    "date": "06.06.06",
    "rating": "10",
    "author": "chsh****",
    "review_id": "833464",
    "movie_id": "31522"
  },
  {
    "review": "너무 재미있었다...눈을뗼수업다..",
    "date": "06.05.27",
    "rating": "9",
    "author": "dron****",
    "review_id": "818997",
    "movie_id": "31522"
  },
  {
    "review": "참신성에 우선 먹고들어간다.",
    "date": "06.03.01",
    "rating": "6",
    "author": "ghdl****",
    "review_id": "698345",
    "movie_id": "31522"
  },
  {
    "review": "일단 봐라",
    "date": "06.01.12",
    "rating": "10",
    "author": "aaal****",
    "review_id": "582442",
    "movie_id": "31522"
  },
  {
    "review": "잠깐이나마 의대에 대한 환상이 사라졌다...ㅋ",
    "date": "05.12.27",
    "rating": "7",
    "author": "jmco****",
    "review_id": "532036",
    "movie_id": "31522"
  },
  {
    "review": "소재는 그럴싸한데 생각보다 별로였음..",
    "date": "05.12.13",
    "rating": "5",
    "author": "join****",
    "review_id": "502916",
    "movie_id": "31522"
  },
  {
    "review": "역시 인간이 재일 무서운 존재라는걸 증명하는 영화",
    "date": "05.10.29",
    "rating": "10",
    "author": "abow****",
    "review_id": "458744",
    "movie_id": "31522"
  },
  {
    "review": "귀신보다 무서운건 인간",
    "date": "05.09.28",
    "rating": "10",
    "author": "wjst****",
    "review_id": "425540",
    "movie_id": "31522"
  },
  {
    "review": "잔인하지만 잔인하기만한 헐리우드식 영화보다 낫다.",
    "date": "05.09.13",
    "rating": "8",
    "author": "east****",
    "review_id": "403838",
    "movie_id": "31522"
  },
  {
    "review": "어찌 하나두 안무서운지  징그러운건 있음",
    "date": "05.08.15",
    "rating": "1",
    "author": "tke0****",
    "review_id": "368796",
    "movie_id": "31522"
  },
  {
    "review": "남자 엉덩이 끝내준다",
    "date": "05.07.23",
    "rating": "10",
    "author": "wjdg****",
    "review_id": "331080",
    "movie_id": "31522"
  },
  {
    "review": "징그러운 장면도 없드만...약긋 그지 같은영화~ㅡ.ㅡㅗ",
    "date": "05.07.19",
    "rating": "1",
    "author": "dalk****",
    "review_id": "327219",
    "movie_id": "31522"
  },
  {
    "review": "긴장감도 공포도 없다. 화면에 이글거리는건 징그러운 잔인함뿐",
    "date": "05.07.07",
    "rating": "3",
    "author": "dbsw****",
    "review_id": "314666",
    "movie_id": "31522"
  },
  {
    "review": "정말 정신없이 보게된다 재밌음",
    "date": "05.06.24",
    "rating": "8",
    "author": "yep8****",
    "review_id": "305492",
    "movie_id": "31522"
  },
  {
    "review": "정신없이 보다보니....아쉽네",
    "date": "05.06.18",
    "rating": "10",
    "author": "bein****",
    "review_id": "302008",
    "movie_id": "31522"
  },
  {
    "review": "너무 잘 만든 영화라서 그냥 푹 빠져서 봤다",
    "date": "05.06.17",
    "rating": "9",
    "author": "pjhl****",
    "review_id": "301546",
    "movie_id": "31522"
  },
  {
    "review": "숨막히는 공포 .. 잼있어요 ~",
    "date": "05.06.06",
    "rating": "9",
    "author": "lave****",
    "review_id": "294549",
    "movie_id": "31522"
  },
  {
    "review": "재밌게 봤음..",
    "date": "05.04.14",
    "rating": "10",
    "author": "wjsf****",
    "review_id": "259589",
    "movie_id": "31522"
  },
  {
    "review": "canm7님은 어떤 영화를 보셔야 만족하시련지 = =",
    "date": "05.02.19",
    "rating": "9",
    "author": "sasi****",
    "review_id": "224479",
    "movie_id": "31522"
  },
  {
    "review": "Anatomy(해부학)과 Amistad(船名) 구별하세요",
    "date": "04.11.25",
    "rating": "4",
    "author": "wjdd****",
    "review_id": "151656",
    "movie_id": "31522"
  },
  {
    "review": "재밌다.남자 주인공이 연기를 잘함.",
    "date": "04.09.09",
    "rating": "8",
    "author": "cont****",
    "review_id": "105160",
    "movie_id": "31522"
  },
  {
    "review": "재미는 있지만 영화가 토요명화 감",
    "date": "04.08.26",
    "rating": "10",
    "author": "jaeo****",
    "review_id": "97174",
    "movie_id": "31522"
  },
  {
    "review": "너무 기대하고 봐서 그런지 별로 던데 약간 잔인함",
    "date": "04.08.13",
    "rating": "6",
    "author": "rlaw****",
    "review_id": "89502",
    "movie_id": "31522"
  },
  {
    "review": "재미있게본영화~",
    "date": "04.08.02",
    "rating": "10",
    "author": "lseu****",
    "review_id": "82099",
    "movie_id": "31522"
  },
  {
    "review": "꽤 볼만한 스릴러...재밌다...",
    "date": "04.08.01",
    "rating": "9",
    "author": "pjo7****",
    "review_id": "81127",
    "movie_id": "31522"
  },
  {
    "review": "무서워용..........",
    "date": "04.07.28",
    "rating": "10",
    "author": "vvvv****",
    "review_id": "78847",
    "movie_id": "31522"
  },
  {
    "review": "요새도 반히포크라테스가 시행되고 있을지 궁금해요.",
    "date": "04.05.23",
    "rating": "10",
    "author": "leig****",
    "review_id": "45397",
    "movie_id": "31522"
  }
]