[
  {
    "review": "이 영화는 10점 만점에 만점드립니다",
    "date": "15.08.10",
    "rating": "10",
    "author": "deff****",
    "review_id": "10210833",
    "movie_id": "31524"
  },
  {
    "review": "잔잔한재미  좋았어요^^  굿윌헌팅같은  영화찾다가  보게됬는데  영화  끝부분에   맷데이먼이  나올줄  예상도  못했어요  ㅋ",
    "date": "15.07.05",
    "rating": "10",
    "author": "h1gh****",
    "review_id": "10073652",
    "movie_id": "31524"
  },
  {
    "review": "출연 배우들과 포스터에 이끌려 보게 되었지만엔딩 크레딧 이후엔 완전히 그 영화에 빠져버림.",
    "date": "15.07.02",
    "rating": "9",
    "author": "sml8****",
    "review_id": "10059567",
    "movie_id": "31524"
  },
  {
    "review": "친애하는 자말에게, 난 꿈꾸는 걸 포기했었다. 실패가 두려워서, 심지어는 성공이 두려워서 너의 꿈을 버리지 않는 모습 덕분에 나 또한 다시 꿈을 꿀 수 있게 되었구나. 계절은 변한다. 인생의 겨울에 와서야 삶을 알게 되었구나. 너 없인 불가능했을거야.",
    "date": "15.06.17",
    "rating": "10",
    "author": "nasu****",
    "review_id": "10006332",
    "movie_id": "31524"
  },
  {
    "review": "좋은 영화지만 전형적이다",
    "date": "15.06.13",
    "rating": "7",
    "author": "sipj****",
    "review_id": "9996116",
    "movie_id": "31524"
  },
  {
    "review": "내용이 정말로 재미 있군요!",
    "date": "15.06.09",
    "rating": "10",
    "author": "inst****",
    "review_id": "9985693",
    "movie_id": "31524"
  },
  {
    "review": "지루하고 늘어지고 억지스러움",
    "date": "15.05.18",
    "rating": "3",
    "author": "yrma****",
    "review_id": "9929903",
    "movie_id": "31524"
  },
  {
    "review": "내 마음 한구석에 감동으로 다가온 영화.",
    "date": "15.04.11",
    "rating": "10",
    "author": "marc****",
    "review_id": "9840373",
    "movie_id": "31524"
  },
  {
    "review": "소외되는 노년의 고독감과 지극히 인간적인 모습으로 다가오는 지멀 그에 대한 어느 숨겨진 위인의 선물.",
    "date": "15.03.18",
    "rating": "8",
    "author": "croo****",
    "review_id": "9790508",
    "movie_id": "31524"
  },
  {
    "review": "영화가 끝나고 난 뒤 놀랐다. 지루하지 않았다는 사실에",
    "date": "15.03.10",
    "rating": "10",
    "author": "leet****",
    "review_id": "9770687",
    "movie_id": "31524"
  },
  {
    "review": "말이 필요없는 내 인생 최고의 영화",
    "date": "15.03.03",
    "rating": "10",
    "author": "wing****",
    "review_id": "9754912",
    "movie_id": "31524"
  },
  {
    "review": "정말 최고다. 오랜만에 인상깊은 영화를 감상해 무척 감동적이다.",
    "date": "15.02.05",
    "rating": "10",
    "author": "kare****",
    "review_id": "9669496",
    "movie_id": "31524"
  },
  {
    "review": "영화가 처음 개봉했을때 봤고 그 동안 여러번을 봤지만 언제나 너무나 좋은 영화...그냥 너무 좋다",
    "date": "15.02.03",
    "rating": "10",
    "author": "jaoa****",
    "review_id": "9663042",
    "movie_id": "31524"
  },
  {
    "review": "선생과 학생의 관계는 단방향이 아니라 쌍방향일 때 진정한 의미를 갖는 것 같다. 굿윌헌팅과 유사한 부분이 많아서 흥미롭게 보고 있는데, 맷 데이먼이 나와서 깜짝 놀랐다 ㅋㅋ",
    "date": "15.01.17",
    "rating": "8",
    "author": "kdhk****",
    "review_id": "9607139",
    "movie_id": "31524"
  },
  {
    "review": "마지막에 맷데이먼 쩔어.... 자유투는 일부러 안 넣은 듯 하다",
    "date": "15.01.11",
    "rating": "7",
    "author": "milk****",
    "review_id": "9585223",
    "movie_id": "31524"
  },
  {
    "review": "말이필요없는거같은데",
    "date": "15.01.07",
    "rating": "10",
    "author": "lhk5****",
    "review_id": "9569421",
    "movie_id": "31524"
  },
  {
    "review": "누군가를 새롭게 알고 받아들이는 것은 쉽지않다. 책으로 닫힌 마음을 어린 자말이 책으로 열어주ㅏㅆ다.",
    "date": "15.01.02",
    "rating": "10",
    "author": "yaer****",
    "review_id": "9550197",
    "movie_id": "31524"
  },
  {
    "review": "이 영화는 볼 때마다 새로운 의미가  느껴지네요. 내용만이 아니라 분위기나 촬영기법 음악 등 다 좋아요 추천해요 포레스터가 자전거를 타고 가는 장면 보면서 많은 생각이 들었어요",
    "date": "15.01.01",
    "rating": "10",
    "author": "rbdm****",
    "review_id": "9545360",
    "movie_id": "31524"
  },
  {
    "review": "책의 중요성!!! 책을 많이 읽어야하는데 손에 안잡혀요",
    "date": "14.12.25",
    "rating": "10",
    "author": "hjwm****",
    "review_id": "9514689",
    "movie_id": "31524"
  },
  {
    "review": "감동적인 영화! 굿윌 헌팅이랑은 또다른 느낌의 사제지간!",
    "date": "14.07.19",
    "rating": "9",
    "author": "xell****",
    "review_id": "8931582",
    "movie_id": "31524"
  },
  {
    "review": "ebs는 어쩜 이렇게 좋은 영화들만 골라서 방영해줄까.. 간만에 마음이 따뜻해지는 영화였어요. 서툴게 살아가는 두 주인공이 친구가되고.. 서로에게 인생을 가르쳐주는 선생이되는 훈훈한 영화였음.",
    "date": "14.06.04",
    "rating": "10",
    "author": "chyk****",
    "review_id": "8796478",
    "movie_id": "31524"
  },
  {
    "review": "그냥 그냥 생각을 하게 만드네요",
    "date": "14.05.25",
    "rating": "8",
    "author": "bri2****",
    "review_id": "8765386",
    "movie_id": "31524"
  },
  {
    "review": "좋은 영화였는데 굿윌헌팅과 너무나 내용이 비슷하다 느꼈는데 아니나 다를까 같은 감독 영화더군요 ㅋㅋ 똑같은 소재와 전개가 두 영화를 모두 본 관객으로서는  좀 아쉬웠습니다",
    "date": "14.05.22",
    "rating": "7",
    "author": "hanj****",
    "review_id": "8753171",
    "movie_id": "31524"
  },
  {
    "review": "우리가 사는 이런 인생자체가 아름다운거 아니겠는가",
    "date": "14.05.11",
    "rating": "8",
    "author": "kimg****",
    "review_id": "8724176",
    "movie_id": "31524"
  },
  {
    "review": "EBS에서 하길래 우연히 보게됐는데 우정에 관한 감동적인 영화입니다 마지막 장면의 오버더레인보우 노래까지 감명깊은 영화.",
    "date": "14.05.11",
    "rating": "9",
    "author": "rois****",
    "review_id": "8723897",
    "movie_id": "31524"
  },
  {
    "review": "DEREK님의 글이 가슴에 와 닿아서 평을 남기렵니다. 멧 데이먼이 카메오로 등장하는 것이 좋았고요. 영국의 학교에서 벌어지는 휴머니즘이 깔린 스토리가 우리에게 커다란 감동을 선사했어요. 영어권 영화 중에 인성을 배양시키는  아름다운 영화들이 많아요.",
    "date": "14.05.11",
    "rating": "10",
    "author": "godo****",
    "review_id": "8723621",
    "movie_id": "31524"
  },
  {
    "review": "안 빠져들 수가 없는 영화입니다.. 지루하다고 평가한 사람들이 어떤 얼마나 막나가고 폭력적인 영화들를 보기에 그러는지 모르겠지만 이런 영화가 진정으로 명작이라 생각합니다",
    "date": "14.05.11",
    "rating": "9",
    "author": "hjkl****",
    "review_id": "8723595",
    "movie_id": "31524"
  },
  {
    "review": "오랫만에본 감동적인 영화... 2001년도 영화인데 모르고 있었다니. 꼭 보길 강력 추천한다.",
    "date": "14.05.11",
    "rating": "10",
    "author": "jwyh****",
    "review_id": "8723557",
    "movie_id": "31524"
  },
  {
    "review": "이것이야 말로 진정 영양가 있는 영화다",
    "date": "14.05.11",
    "rating": "10",
    "author": "roan****",
    "review_id": "8723541",
    "movie_id": "31524"
  },
  {
    "review": "클라이맥스가 좀 오글대지만 장면장면만 봐도 거장이 찍은 명화라는 느낌이듬.내용은 잔잔하니 좋음",
    "date": "14.05.11",
    "rating": "9",
    "author": "oioi****",
    "review_id": "8723540",
    "movie_id": "31524"
  },
  {
    "review": "내 인생에 남을 영화인 듯.",
    "date": "14.05.11",
    "rating": "10",
    "author": "lroi****",
    "review_id": "8723534",
    "movie_id": "31524"
  },
  {
    "review": "추억을싸여감ㅋㅋㅋㅋ님들아그거알아나겨우1살이얔ㅋㅋ나한글배움ㅋㅋㅋ",
    "date": "14.05.11",
    "rating": "10",
    "author": "dngu****",
    "review_id": "8723278",
    "movie_id": "31524"
  },
  {
    "review": "끝나고도 감동의 여운이 길게 이어지는 영화네요.좀 엉뚱하지만 재네들의 교육체계는 참 부럽네요.",
    "date": "14.04.23",
    "rating": "10",
    "author": "llch****",
    "review_id": "8667540",
    "movie_id": "31524"
  },
  {
    "review": "모든게 애매하다.. 캐릭터도, 극적긴장감도, 그리고 배우들의 연기도.. 하지만 신경을 많이 쓴듯한 영상미와 엔딩공인 오버더레인보우가 인상적이다.",
    "date": "14.03.20",
    "rating": "7",
    "author": "sinb****",
    "review_id": "8588887",
    "movie_id": "31524"
  },
  {
    "review": "2000년의 감성이 있구나. 요즘엔 이런 영화가 점점 줄어드는 듯",
    "date": "14.03.16",
    "rating": "8",
    "author": "goll****",
    "review_id": "8580578",
    "movie_id": "31524"
  },
  {
    "review": "감명깊고 잠시나마 작가 꿈을 갖게 한 작품....그리고 작가 꿈이라면 봐야될 영화...",
    "date": "14.03.07",
    "rating": "10",
    "author": "warp****",
    "review_id": "8560272",
    "movie_id": "31524"
  },
  {
    "review": "잘 나가는듯 하다가 막판에 지나치게 오버스럽게 나가고 만다",
    "date": "14.03.02",
    "rating": "4",
    "author": "nala****",
    "review_id": "8551932",
    "movie_id": "31524"
  },
  {
    "review": "진실한 맑은 눈물을 조금씩 흘리게해준 영화...",
    "date": "14.02.28",
    "rating": "10",
    "author": "xmrd****",
    "review_id": "8546192",
    "movie_id": "31524"
  },
  {
    "review": "마음이 따뜻해지는 영화 내 삶이나 행동은 그렇지않더라도 이런 영화가 좋더라....",
    "date": "14.01.20",
    "rating": "10",
    "author": "4lea****",
    "review_id": "8404499",
    "movie_id": "31524"
  },
  {
    "review": "그들의 우정은 글로는 형용할 수 없었다",
    "date": "14.01.01",
    "rating": "10",
    "author": "qkrq****",
    "review_id": "8332812",
    "movie_id": "31524"
  },
  {
    "review": "전형적이지만 보고나면 마음이 따듯해지는 이야기",
    "date": "13.12.02",
    "rating": "8",
    "author": "laeh****",
    "review_id": "8185077",
    "movie_id": "31524"
  },
  {
    "review": "굿윌헌팅의 인연으로 맷데이먼이 깜짝출연한게 인상깊습니다. 정말 좋은영화네요 엔딩크레딧이 끝날때까지 넋놓고 보기만 했습니다.",
    "date": "13.11.30",
    "rating": "10",
    "author": "tndh****",
    "review_id": "8179736",
    "movie_id": "31524"
  },
  {
    "review": "즐겁게 보았습니다 감동이네요",
    "date": "13.11.29",
    "rating": "10",
    "author": "pock****",
    "review_id": "8175401",
    "movie_id": "31524"
  },
  {
    "review": "최고입니다. 마지막 감동",
    "date": "13.11.27",
    "rating": "10",
    "author": "baja****",
    "review_id": "8171410",
    "movie_id": "31524"
  },
  {
    "review": "(제목이 파인딩 포레스트가 아니라 더 윈도우 맨이었으면 의미도 있고 더 잘 어울렸겠지만..) 흑인.소년.예비작가가 백인.노인.기성작가와 만나 교감을 나누며 함께 성장하는 것이 인상적인 울림을 줬던 영화.",
    "date": "13.11.25",
    "rating": "9",
    "author": "hmje****",
    "review_id": "8168242",
    "movie_id": "31524"
  },
  {
    "review": "멘탈 힐링영화다... 포레스터의 글쓰기와 자말의 글쓰기가 추구하고자하는 목적이 다르지만 서로간의 유대가 벽을넘어 그들을 친구로 만들었다!",
    "date": "13.10.07",
    "rating": "10",
    "author": "jwbj****",
    "review_id": "8043609",
    "movie_id": "31524"
  },
  {
    "review": "이런게 진정한 영화~!!! 포레스터같은 스승이자 친구를 만날수 있다면 세상 그무엇도 부럽지 않을 것 같다~!!!진심으로 감동&힐링이 되는 영화~!! 쵝오~♡♡♡♡",
    "date": "13.09.27",
    "rating": "10",
    "author": "mido****",
    "review_id": "8018870",
    "movie_id": "31524"
  },
  {
    "review": "명작이에요이영화를보고 아직좋은영화가많다는걸 깨닫게됫내요",
    "date": "13.07.28",
    "rating": "10",
    "author": "chay****",
    "review_id": "7793022",
    "movie_id": "31524"
  },
  {
    "review": "구스반산트가 이런 영화도 만들었군요",
    "date": "13.07.17",
    "rating": "10",
    "author": "cutt****",
    "review_id": "7749647",
    "movie_id": "31524"
  },
  {
    "review": "내평생 책을 읽게해준 영화",
    "date": "13.04.29",
    "rating": "10",
    "author": "wogh****",
    "review_id": "7493398",
    "movie_id": "31524"
  },
  {
    "review": "많은것을 느끼게해준 영화",
    "date": "13.04.17",
    "rating": "10",
    "author": "purp****",
    "review_id": "7465482",
    "movie_id": "31524"
  },
  {
    "review": "영화안의 장면장면만 보고 전체를 평가 하는 당신은 그냥 넘겨서 보셨군요괜찮은 영화입니다. 보셔도 무방합니다 ㅎㅎ",
    "date": "13.04.15",
    "rating": "10",
    "author": "2000****",
    "review_id": "7462063",
    "movie_id": "31524"
  },
  {
    "review": "최고",
    "date": "13.03.27",
    "rating": "10",
    "author": "park****",
    "review_id": "7414464",
    "movie_id": "31524"
  },
  {
    "review": "어떤놈이 과제로 내준 감상문 하면서 이 영화를 쓰레기라고 하냐",
    "date": "13.03.17",
    "rating": "9",
    "author": "etdr****",
    "review_id": "7358968",
    "movie_id": "31524"
  },
  {
    "review": "쓰레기, 내가 이걸 보려고 2시간을 허우적 댔다니.. 그때의 나를 한탄하노라.",
    "date": "13.03.11",
    "rating": "1",
    "author": "xpfk****",
    "review_id": "7340299",
    "movie_id": "31524"
  },
  {
    "review": "식상함. 시구를 외워서 겨루는 장면은 굉장히 유치하고 졸렬했음.",
    "date": "13.03.09",
    "rating": "4",
    "author": "enyp****",
    "review_id": "7332871",
    "movie_id": "31524"
  },
  {
    "review": "오랜만에 본 좋은영화.",
    "date": "13.03.05",
    "rating": "10",
    "author": "ok05****",
    "review_id": "7326290",
    "movie_id": "31524"
  },
  {
    "review": "굿윌헌팅...여인의 향기와 비슷한 줄거리네요.",
    "date": "13.03.04",
    "rating": "6",
    "author": "s206****",
    "review_id": "7324457",
    "movie_id": "31524"
  },
  {
    "review": "잔잔한 감동. 못사는 흑인이 잘나니 의심하고 못된 심보 부리는 백인의 모습에 나까지 열받았다. 알파치노의 여인의 향기와 상당히 비슷한 스토리 구조의 영화인데, 여인의 향기가 더 감동적이다ㅋㅋ",
    "date": "13.03.03",
    "rating": "8",
    "author": "psy9****",
    "review_id": "7321938",
    "movie_id": "31524"
  },
  {
    "review": "EBS에서 봤는데 재밌음.. 굿윌헌팅, 죽인시인사회, 뷰티플마인드 이런 느낌 영화임.. 굳..",
    "date": "13.03.03",
    "rating": "9",
    "author": "kidr****",
    "review_id": "7321487",
    "movie_id": "31524"
  },
  {
    "review": "비슷한 영화들의 흔적이 보이지만 편안하고 따뜻하다.",
    "date": "13.03.03",
    "rating": "6",
    "author": "hadl****",
    "review_id": "7320702",
    "movie_id": "31524"
  },
  {
    "review": "안나파킨이 이때는 멀쩡했구나 ㅠㅠ",
    "date": "13.03.03",
    "rating": "9",
    "author": "snow****",
    "review_id": "7320141",
    "movie_id": "31524"
  },
  {
    "review": "감동..",
    "date": "13.03.03",
    "rating": "10",
    "author": "nohk****",
    "review_id": "7320128",
    "movie_id": "31524"
  },
  {
    "review": "다시 또 봐도 좋은 영화 롭 브라운의 맑고 선한 총기어린 눈동자와 숀 코너리의 부드러운 카리스마가 일품 음악도 좋고 은은한 전개도 좋고글 쓰기가 꿈이라면 \"생각하지 말고 그냥 써 나가\"라던 숀 코너리의 조언이 마음에 외 닿을듯",
    "date": "13.03.03",
    "rating": "9",
    "author": "soph****",
    "review_id": "7320113",
    "movie_id": "31524"
  },
  {
    "review": "가족이 같이 보아요 강추",
    "date": "13.03.03",
    "rating": "10",
    "author": "hang****",
    "review_id": "7320110",
    "movie_id": "31524"
  },
  {
    "review": "서정적인 대사와 차분한 전개가 맘에 듭니다. 포레스터와 자말 캐릭터도 너무 좋네요.",
    "date": "13.03.03",
    "rating": "9",
    "author": "sunw****",
    "review_id": "7320103",
    "movie_id": "31524"
  },
  {
    "review": "재미있고 감동도 있다 마지막 포레스터가 남긴 편지가 가장 인상깊다",
    "date": "13.03.03",
    "rating": "10",
    "author": "selo****",
    "review_id": "7320086",
    "movie_id": "31524"
  },
  {
    "review": "계절은 변한다. 인생의 겨울에 와서야 삶을 알게 되었구나. 네가 없었다면 영영 몰랐을 거다. - William Forrester 오랜만에 감성이 통하는 영화를 만났다. 너무 훌륭한 작품이다.내 인생의 가을이 찾아 왔는데 이 영화처럼 감성이 통하는 친구",
    "date": "13.03.03",
    "rating": "10",
    "author": "dlrm****",
    "review_id": "7320080",
    "movie_id": "31524"
  },
  {
    "review": "나이를 넘은 우정에 관하여",
    "date": "13.03.03",
    "rating": "10",
    "author": "kims****",
    "review_id": "7320070",
    "movie_id": "31524"
  },
  {
    "review": "꿈을 꾸게 해준 영화",
    "date": "13.03.03",
    "rating": "10",
    "author": "unso****",
    "review_id": "7320069",
    "movie_id": "31524"
  },
  {
    "review": "잔잔하지만 전혀지루하지않다..나오는 인물도 쓸데없이 많지않아서  몰입도잘되고..굿굿",
    "date": "13.03.03",
    "rating": "10",
    "author": "fjfj****",
    "review_id": "7320058",
    "movie_id": "31524"
  },
  {
    "review": "마지막 편지가 참 좋다",
    "date": "13.03.03",
    "rating": "10",
    "author": "iima****",
    "review_id": "7320054",
    "movie_id": "31524"
  },
  {
    "review": "다시봐도 감동적이에요.",
    "date": "13.03.03",
    "rating": "10",
    "author": "clsr****",
    "review_id": "7320048",
    "movie_id": "31524"
  },
  {
    "review": "아름다운 영화",
    "date": "13.03.03",
    "rating": "10",
    "author": "jcnh****",
    "review_id": "7320029",
    "movie_id": "31524"
  },
  {
    "review": "굿감동",
    "date": "13.03.03",
    "rating": "10",
    "author": "swan****",
    "review_id": "7319887",
    "movie_id": "31524"
  },
  {
    "review": "노인과 10대 소년의 특별한 우정이 감동적이었어요",
    "date": "13.03.01",
    "rating": "10",
    "author": "ever****",
    "review_id": "7315087",
    "movie_id": "31524"
  },
  {
    "review": "처음엔 지루한거같았는데 마지막에 감동.. 잔잔한 스토리가 요즘같이 자극적인 영화보다 더 매력있다",
    "date": "12.12.25",
    "rating": "10",
    "author": "jihy****",
    "review_id": "7042037",
    "movie_id": "31524"
  },
  {
    "review": "본 것은 몇 년전에 봤는데, 생각나서 다시 검색해 봤네요.",
    "date": "12.12.05",
    "rating": "10",
    "author": "kds6****",
    "review_id": "6976135",
    "movie_id": "31524"
  },
  {
    "review": "내용이좋내요",
    "date": "12.12.04",
    "rating": "9",
    "author": "vbnm****",
    "review_id": "6973151",
    "movie_id": "31524"
  },
  {
    "review": "예전에 EBS에서 해줄때 보고 다시 다운받아 봤는데 역시 다시봐도 감동적이고 재미있어요. 덕분에 호밀밭의 파수꾼책도 읽었더라는...",
    "date": "12.11.29",
    "rating": "8",
    "author": "prin****",
    "review_id": "6935757",
    "movie_id": "31524"
  },
  {
    "review": "친구의 의미가 더 깊게 다가오네요 추천합니다^^",
    "date": "12.11.08",
    "rating": "10",
    "author": "jesl****",
    "review_id": "6864828",
    "movie_id": "31524"
  },
  {
    "review": "아 어떤놈이 자막 번역했는지..자막이라도 만들어줬으니 고마워야 할판이지만,, 번역기 돌린 번역 같았다..ㅡㅡ",
    "date": "12.10.15",
    "rating": "7",
    "author": "0411****",
    "review_id": "6804146",
    "movie_id": "31524"
  },
  {
    "review": "죽은 시인의 사회보다 훨씬 더 감동",
    "date": "12.09.17",
    "rating": "10",
    "author": "3546****",
    "review_id": "6709655",
    "movie_id": "31524"
  },
  {
    "review": "여인의 향기와 이야기 구성이 비슷함.",
    "date": "12.08.17",
    "rating": "10",
    "author": "magi****",
    "review_id": "6617774",
    "movie_id": "31524"
  },
  {
    "review": "죽은 시인의 사회와 여인의 향기 크라이막스 장면 + 굿 윌 헌팅의 자아 찾아 가기가 버무려 진듯한 수작.. 자말역의 현재 모습은 찾아 보지 말길.. 감동이 줄어듭니다.",
    "date": "12.08.09",
    "rating": "9",
    "author": "spee****",
    "review_id": "6584764",
    "movie_id": "31524"
  },
  {
    "review": "충분히 10점을 받을만 하다",
    "date": "12.08.09",
    "rating": "10",
    "author": "dkss****",
    "review_id": "6584729",
    "movie_id": "31524"
  },
  {
    "review": "호밀밭의 파수꾼...",
    "date": "12.06.30",
    "rating": "8",
    "author": "isla****",
    "review_id": "6431682",
    "movie_id": "31524"
  },
  {
    "review": "인생의 친구이자 승승과 제자의 이야기.. 잔잔하지만 감동이 밀려온다",
    "date": "12.06.17",
    "rating": "10",
    "author": "happ****",
    "review_id": "6397068",
    "movie_id": "31524"
  },
  {
    "review": "구스 반 산트!",
    "date": "12.06.08",
    "rating": "10",
    "author": "carn****",
    "review_id": "6375617",
    "movie_id": "31524"
  },
  {
    "review": "영어를 조금 더 잘했더라면",
    "date": "12.06.02",
    "rating": "8",
    "author": "elel****",
    "review_id": "6356839",
    "movie_id": "31524"
  },
  {
    "review": "평점말도안되게높고 완전 낚었어 멘토답지않은 멘토 농구는 또 왜케많이해ㅡㅡ",
    "date": "12.05.29",
    "rating": "1",
    "author": "bumj****",
    "review_id": "6345907",
    "movie_id": "31524"
  },
  {
    "review": "인생의 멘토",
    "date": "12.05.14",
    "rating": "10",
    "author": "west****",
    "review_id": "6298533",
    "movie_id": "31524"
  },
  {
    "review": "!!!!!!!!!!!!!!!!",
    "date": "12.05.13",
    "rating": "10",
    "author": "pass****",
    "review_id": "6295005",
    "movie_id": "31524"
  },
  {
    "review": "나 역시 계속 찾고 있는데.. 만날 수 있었으면 좋겠다.",
    "date": "12.04.27",
    "rating": "7",
    "author": "athe****",
    "review_id": "6249510",
    "movie_id": "31524"
  },
  {
    "review": "초반에 좀 지루했으나 점점 빠져드는... 구스 반 산트의 느낌이 잘묻어나는 영화",
    "date": "12.04.12",
    "rating": "9",
    "author": "jmp0****",
    "review_id": "6211879",
    "movie_id": "31524"
  },
  {
    "review": "너무 지루하다는 단점",
    "date": "12.03.21",
    "rating": "4",
    "author": "mind****",
    "review_id": "6157858",
    "movie_id": "31524"
  },
  {
    "review": "곱씹으며 음미하고, 상상하게 한다. 영상보다 글이 좋은이유.",
    "date": "12.02.17",
    "rating": "8",
    "author": "ratm****",
    "review_id": "6083509",
    "movie_id": "31524"
  },
  {
    "review": "somewhere over the rainbow~",
    "date": "12.02.07",
    "rating": "10",
    "author": "acti****",
    "review_id": "6058677",
    "movie_id": "31524"
  },
  {
    "review": "정말 통쾌하다.마지막에 눈물날뻔.하지만 글쓰기에대한 관심이 있어야볼듯!",
    "date": "12.01.16",
    "rating": "10",
    "author": "bexc****",
    "review_id": "5991379",
    "movie_id": "31524"
  },
  {
    "review": "감동이 오다가 말어... 뭔가 약간 아쉽다",
    "date": "11.12.18",
    "rating": "8",
    "author": "dica****",
    "review_id": "5914119",
    "movie_id": "31524"
  }
]