[
  {
    "review": "이분 영화는 너무 비관적이고 극단적인 장면으로 끝을 맺는게 좀 아쉽다. 어떻게 보면 상업적인 자본에 굴하지 않고 자기만을 길을 걷는 모습을 요즘 감독들이 배워야할 점이기도 하고...그럼에도 불구하고 대단하신 감독님",
    "date": "15.08.07",
    "rating": "8",
    "author": "rmfl****",
    "review_id": "10196541",
    "movie_id": "31553"
  },
  {
    "review": "한번보세요  벗어날수없어서 오열하게만드는작품",
    "date": "15.07.17",
    "rating": "10",
    "author": "sind****",
    "review_id": "10112138",
    "movie_id": "31553"
  },
  {
    "review": "어쩜 이리도 우스꽝스럽고 잔혹한 시대인지.",
    "date": "15.04.17",
    "rating": "7",
    "author": "cube****",
    "review_id": "9849591",
    "movie_id": "31553"
  },
  {
    "review": "개인적으로  좋아하는 영화 근데 너무 불편하다 ㅋ",
    "date": "15.03.19",
    "rating": "8",
    "author": "papa****",
    "review_id": "9792859",
    "movie_id": "31553"
  },
  {
    "review": "마치 배설한 듯한 그런 비극. 그(김기덕)는 조금이라도 후련했을까.  부디...",
    "date": "15.03.12",
    "rating": "10",
    "author": "ks21****",
    "review_id": "9775050",
    "movie_id": "31553"
  },
  {
    "review": "너무나도 가슴을 아리게 하는 작품....",
    "date": "15.01.22",
    "rating": "10",
    "author": "srh0****",
    "review_id": "9621936",
    "movie_id": "31553"
  },
  {
    "review": "불편하고 불편하여 참으로 불쾌하다",
    "date": "15.01.07",
    "rating": "5",
    "author": "whia****",
    "review_id": "9572531",
    "movie_id": "31553"
  },
  {
    "review": "난 오늘도 김기덕 영화를 본다. 보면 항상 느끼는거지만 뭐라 설명 할 수 없는 먹먹함아이 매번 볼때마다 든다. 우리나라의 최고의 영화감독 .",
    "date": "14.11.28",
    "rating": "10",
    "author": "lgy6****",
    "review_id": "9429474",
    "movie_id": "31553"
  },
  {
    "review": "사회에서 멀찌감치 벗어난, 그래서 아무런 사회적 힘도 없는, 그래서 뭘 좀 해보려고 하면 수많은 장벽과 지치게 만드는 절차에 부딪치게 되는, 실직자, 지금의 나의 모습을 보는 것 같아, 마음이 안좋다.",
    "date": "14.11.07",
    "rating": "10",
    "author": "ador****",
    "review_id": "9350734",
    "movie_id": "31553"
  },
  {
    "review": "극단적인 묘사가 없진 않지만 어둡고 은폐되어져있는 현실 속 진실을 여과없이 보여준다. 많은 생각을 하게끔 한다.",
    "date": "14.09.04",
    "rating": "10",
    "author": "toto****",
    "review_id": "9163628",
    "movie_id": "31553"
  },
  {
    "review": "역시 김기덕 감독님...",
    "date": "14.07.24",
    "rating": "10",
    "author": "cjfg****",
    "review_id": "8948201",
    "movie_id": "31553"
  },
  {
    "review": "양동근 영어배틀 양아치 때려패기 ㅋㅋ 눈이 정상이 되니까 오히려 세상이 비정성으로 보이는 현실,. 개장수 조재현과 튀기 양동근의 눈빛대결,. 김기덕의 이야기에 이상한 캐릭터들이 특이한게 아니라 우리주변에서 흔히 찾아 볼 수 있는 그림들이다.",
    "date": "14.05.09",
    "rating": "10",
    "author": "dma9****",
    "review_id": "8718196",
    "movie_id": "31553"
  },
  {
    "review": "신선한 영화.  인간의 본성이 잘 표현됐다.",
    "date": "14.04.18",
    "rating": "7",
    "author": "effo****",
    "review_id": "8657358",
    "movie_id": "31553"
  },
  {
    "review": "영화를 급하게 만든 것 같음.",
    "date": "14.02.09",
    "rating": "6",
    "author": "park****",
    "review_id": "8494133",
    "movie_id": "31553"
  },
  {
    "review": "빨간 Bus부터 미군 전투화까지 모두 현실에 의미있는 표현들이다. 한장면 한장면 많은 뜻이있고 지금 거울에 비추어보면 반성해야하고 순수함을 잃고 방황하는 어른아이와 어린아이들이 이세상은 살아가고있다는것은 가슴아프다 .",
    "date": "14.01.08",
    "rating": "9",
    "author": "ksw9****",
    "review_id": "8360889",
    "movie_id": "31553"
  },
  {
    "review": "김기덕 영화니깐 당연 잼있다.",
    "date": "13.12.06",
    "rating": "10",
    "author": "ugre****",
    "review_id": "8194738",
    "movie_id": "31553"
  },
  {
    "review": "역시 김기덕감독님은 천재다 다른 감독들은 항상 판타지적인 소재로 관객을 끌어모을려고하지만 이렇게 현실을 고집하고 한편에 동화처럼 만들어내는 이 연출력은 천재가 아니고서야 할 수가 없다고 생각한다",
    "date": "13.12.01",
    "rating": "10",
    "author": "lkyl****",
    "review_id": "8181850",
    "movie_id": "31553"
  },
  {
    "review": "이 대단한 영화를 보면서 누군가 이렇게 살아왔고 살아가고 있다는게 느껴진다",
    "date": "13.11.30",
    "rating": "10",
    "author": "kimg****",
    "review_id": "8180530",
    "movie_id": "31553"
  },
  {
    "review": "니가 했던 그대로 당해보라는  김기덕쿵덕 쿵기덕쿵~",
    "date": "13.11.22",
    "rating": "5",
    "author": "almo****",
    "review_id": "8160367",
    "movie_id": "31553"
  },
  {
    "review": "나는 흑인튀기..엄마는 양공주.. 아빠는 먹튀.. 엄마남친은 개장수.. 내 여친은 눈가리OO,. 암울한 이야기.. 무장 탈영한 미군에게 화살을 쏘았다는 이유로 잡혀가는 웃긴 엔딩..뒤늦은  편지답장도 너무 웃긴다.. 반민정 이란 여배우 첫발견",
    "date": "13.11.02",
    "rating": "7",
    "author": "danz****",
    "review_id": "8111320",
    "movie_id": "31553"
  },
  {
    "review": "해안선, 나쁜남자, 시간, 봄여름가을겨울그리고봄, 피에타, 사마리아, 활, 숨, 비몽, 빈집 다 봤다. 그 중에 수취인불명이 최고다.",
    "date": "13.10.14",
    "rating": "10",
    "author": "ohch****",
    "review_id": "8059371",
    "movie_id": "31553"
  },
  {
    "review": "양동근 논바닥에 꽂혀있는 장면.. ㅋㅋㅋ",
    "date": "13.10.12",
    "rating": "1",
    "author": "tn99****",
    "review_id": "8055528",
    "movie_id": "31553"
  },
  {
    "review": "시대가 낳은 외로운 사람들",
    "date": "13.10.02",
    "rating": "8",
    "author": "ohju****",
    "review_id": "8026547",
    "movie_id": "31553"
  },
  {
    "review": "흥행하지 못하는 영화만 만드는 꼴에 자기 생각만 주입할려는 상업영화만 찍어대는  이 사람에게 자금을 지원하는 사람들이 있기 때문에 이 사람이 계속 설레발치면서 살아갈 수 있는 것이 아닌가 싶다.지금 시대가 어떤 시대인데 계몽사상 난무하던 그런...",
    "date": "13.09.15",
    "rating": "1",
    "author": "rick****",
    "review_id": "7981119",
    "movie_id": "31553"
  },
  {
    "review": "대략 짐작은 가지만, 맨 마지막 편지에는 무슨 내용이 적혀있었을까...",
    "date": "13.09.13",
    "rating": "8",
    "author": "cool****",
    "review_id": "7973926",
    "movie_id": "31553"
  },
  {
    "review": "김기덕 영화의 표본, 나쁜 남자 다음으로 인상적인 영화",
    "date": "13.09.07",
    "rating": "7",
    "author": "lees****",
    "review_id": "7957184",
    "movie_id": "31553"
  },
  {
    "review": "하나의 작품 안에 다양한 의미들이 가득담긴 한편의 소설같은 영화",
    "date": "13.09.02",
    "rating": "8",
    "author": "no13****",
    "review_id": "7944219",
    "movie_id": "31553"
  },
  {
    "review": "이영화를 두번봣을때다르고 세번봤을때 다르다. 나의 현실감을 일깨워준 영화.",
    "date": "13.08.30",
    "rating": "10",
    "author": "zlzh****",
    "review_id": "7935044",
    "movie_id": "31553"
  },
  {
    "review": "김기덕 감독의 영화가 불편한 이유는 너무 현실의 더러운 면을 적나라하게 보여주기 때문이다. 감추고 외면하고 부정해도 되는데 굳이 그것을 끄집어 내서 사람들에게 보여준다. 가장 불편한 것은 결국 이 더러운 것도 현실임을 인정할 수밖에 없기 때문이다.",
    "date": "13.08.14",
    "rating": "10",
    "author": "lead****",
    "review_id": "7879102",
    "movie_id": "31553"
  },
  {
    "review": "엄마를 학대하는 장면만 아니면 높은 점수 주려고 했는디 기분 더러워유.",
    "date": "13.08.14",
    "rating": "1",
    "author": "real****",
    "review_id": "7877405",
    "movie_id": "31553"
  },
  {
    "review": "강한 캐릭터성과 극단적 전개로 전하려는 메세지를 강조 하였다. 그래서 자연스럽고 부드럽지 않았다. 강렬함, 기괴함 , 블랙코미디, 그리나 그 안에 담긴 현실. 이런 것들의 완성도 있는 조화가 이 작품을 영화로서 큰 가치를 지니게 하였다고 생각되었다.",
    "date": "13.07.04",
    "rating": "9",
    "author": "vaca****",
    "review_id": "7704591",
    "movie_id": "31553"
  },
  {
    "review": "좋은영화네요 잘봤습니다",
    "date": "13.06.23",
    "rating": "9",
    "author": "2_dp****",
    "review_id": "7672582",
    "movie_id": "31553"
  },
  {
    "review": "외모가 OO 다쳐서 OO 그냥 OO",
    "date": "13.06.22",
    "rating": "10",
    "author": "bguy****",
    "review_id": "7666648",
    "movie_id": "31553"
  },
  {
    "review": "명작이다",
    "date": "13.04.07",
    "rating": "9",
    "author": "wkda****",
    "review_id": "7441371",
    "movie_id": "31553"
  },
  {
    "review": "아픈곳을 현실적으로 잪어주는 내용...기분더럽지만 사실적인 표현이 공감과 거북함으로 뒤섞인받아들이기 싫지만 너무나 가슴깊이 파고드는 감정은 어찌할수가 없습니다.봄 여름 가을 겨울 그리고 봄 그런 느낌 마음에 스며듭니다",
    "date": "13.03.16",
    "rating": "10",
    "author": "hiha****",
    "review_id": "7354727",
    "movie_id": "31553"
  },
  {
    "review": "직시하는 영화.",
    "date": "13.02.22",
    "rating": "9",
    "author": "dlwo****",
    "review_id": "7290991",
    "movie_id": "31553"
  },
  {
    "review": "은근히 빨려든다.",
    "date": "13.02.07",
    "rating": "7",
    "author": "marc****",
    "review_id": "7234664",
    "movie_id": "31553"
  },
  {
    "review": "이 영화를 처음 접했을 때의 충격과 전율을 지금도 잊을 수 없다.",
    "date": "13.02.02",
    "rating": "10",
    "author": "tjfe****",
    "review_id": "7214781",
    "movie_id": "31553"
  },
  {
    "review": "좋은영화",
    "date": "13.01.09",
    "rating": "10",
    "author": "kh02****",
    "review_id": "7094185",
    "movie_id": "31553"
  },
  {
    "review": "벼가된 믹스맨ㅋㅋ 역시 김기덕표 병맛이 빠지면 재미없제ㅋㅋㅋ",
    "date": "13.01.02",
    "rating": "7",
    "author": "expr****",
    "review_id": "7076756",
    "movie_id": "31553"
  },
  {
    "review": "김기덕 양동근 굿!!!",
    "date": "12.12.30",
    "rating": "9",
    "author": "gene****",
    "review_id": "7063068",
    "movie_id": "31553"
  },
  {
    "review": "진짜 명작이다.....미군 병사 우는 연기 빼고 너무 좋은 영화라 생각합니다.",
    "date": "12.12.29",
    "rating": "10",
    "author": "hoku****",
    "review_id": "7057987",
    "movie_id": "31553"
  },
  {
    "review": "이 영화를 보면 \"명작\"이다! 라고 마음속으로 표효하고 있다 정말 가슴아픈 영화",
    "date": "12.12.02",
    "rating": "10",
    "author": "neoi****",
    "review_id": "6958568",
    "movie_id": "31553"
  },
  {
    "review": "정말 암울하고, 비극 투성이다. 너무 극단적으로 표현한 건 아닌가 싶을 정도다.. 막장 느낌까지도 들 정도..",
    "date": "12.11.27",
    "rating": "7",
    "author": "0411****",
    "review_id": "6929981",
    "movie_id": "31553"
  },
  {
    "review": "김기덕감독이 본 비가시적인 것(형용모순)들이 우리를 너무나 아프게 한다. 그러나 그것은 누군가의 아픔을 나눠가지는 것 아닐까? 나는 김기덕이 이 나라에 있다는 것이 너무나 소중한 일이라고 생각한다.",
    "date": "12.11.16",
    "rating": "10",
    "author": "huen****",
    "review_id": "6892869",
    "movie_id": "31553"
  },
  {
    "review": "악순환의 고리는 도대체 어디서부터 시작된 걸까? 정말 개판처럼 인생을 살아내는 뭇 사람들의 애환과 절망은 오히려 부차적이다. 이 끊을 수 없는 고리는 온전히 죽음으로써만 종결될 수밖에 없는가? 묵시록적인 아수라장은 미궁 속에서 자멸해야만 하는가?",
    "date": "12.10.28",
    "rating": "7",
    "author": "ha_e****",
    "review_id": "6832505",
    "movie_id": "31553"
  },
  {
    "review": "시대적 배경이 너무 적나라해서 맘이 아프다지금 우리는 과분한 삶을 사는 건 아닌가 생각해보자.",
    "date": "12.10.27",
    "rating": "9",
    "author": "dlgo****",
    "review_id": "6830009",
    "movie_id": "31553"
  },
  {
    "review": "김기덕 감독 영화답게 자학적이고 파괴적이다. 그 중에서도 오래된 영화지만 난 이상하게 이 영화하고 봄, 여름....이 제일 좋다.",
    "date": "12.10.24",
    "rating": "8",
    "author": "ranb****",
    "review_id": "6823624",
    "movie_id": "31553"
  },
  {
    "review": "역시 김기덕다운 작품이다. 찝찝하고 우울하고 보통은 생각키 어려운 4차원적 개념이 살아 숨쉰다.",
    "date": "12.10.09",
    "rating": "6",
    "author": "kos4****",
    "review_id": "6775625",
    "movie_id": "31553"
  },
  {
    "review": "김기덕의 모든 영화가 보기 참으로 불편해.. 하지만 이런 감독 또한 꼭 있어야 한다.",
    "date": "12.10.09",
    "rating": "9",
    "author": "ost8****",
    "review_id": "6775540",
    "movie_id": "31553"
  },
  {
    "review": "이 영화로 인해서 김기덕이란 감독을 머리속에 각인시켰다 언제나 그렇지만 보는내내 불편하다 보고나서도",
    "date": "12.10.06",
    "rating": "8",
    "author": "hack****",
    "review_id": "6767737",
    "movie_id": "31553"
  },
  {
    "review": "아직도 영화 본 후의 느낌이 잊혀지지 않는다... 크레딧 올라가는데 정말 멍하니 바라봤던 영화",
    "date": "12.10.06",
    "rating": "10",
    "author": "okok****",
    "review_id": "6766147",
    "movie_id": "31553"
  },
  {
    "review": "김기덕 영화는 그나마 대사가 적어야 볼만하다.",
    "date": "12.10.05",
    "rating": "6",
    "author": "boog****",
    "review_id": "6765095",
    "movie_id": "31553"
  },
  {
    "review": "훌륭한 감독인건 인정한다.",
    "date": "12.10.04",
    "rating": "7",
    "author": "bsjk****",
    "review_id": "6763473",
    "movie_id": "31553"
  },
  {
    "review": "역시 김기덕",
    "date": "12.10.03",
    "rating": "10",
    "author": "qwer****",
    "review_id": "6756093",
    "movie_id": "31553"
  },
  {
    "review": "김감독님 영화 중 최고 영화. 당시 광화문 어디였나 작은 극장에서 혼자 개봉할때 봤던 기억이 나는데 이 영화야말로 딱 알맞은 만큼이라 더 슬펐던 기억이다. 원래 진짜 슬픈건 과잉, 과장이 필요없다 그냥 보여주기만 해도 슬픈거지. 이 영화이후엔 다 실망",
    "date": "12.10.01",
    "rating": "9",
    "author": "koon****",
    "review_id": "6750131",
    "movie_id": "31553"
  },
  {
    "review": "김기덕 모든 영화 중에 최고다. 스토리 전개가 탄탄하고 각 장면이 복선을 깔고 유기적으로 연결된다. 전하고자하는 메시지도 강렬하다. 김기덕감독의 연출이 정점에 달했을때가 이 영화나 해안선을 찍을 당시인 듯싶다.미군병사의 연기력만 아니었어도10점이 무방",
    "date": "12.09.30",
    "rating": "9",
    "author": "alex****",
    "review_id": "6747365",
    "movie_id": "31553"
  },
  {
    "review": "너무 많이 울었던 영화.. 그리고 김기덕이란 감독을 알았던 작품",
    "date": "12.09.20",
    "rating": "10",
    "author": "shel****",
    "review_id": "6715569",
    "movie_id": "31553"
  },
  {
    "review": "양동근은 큰게 될 배우가 분명하다.",
    "date": "12.09.19",
    "rating": "8",
    "author": "dlar****",
    "review_id": "6711941",
    "movie_id": "31553"
  },
  {
    "review": "드라마가 명확해지기 시작하나, 김기덕의 날 것을 더 보고싶은 마음으로.",
    "date": "12.09.18",
    "rating": "6",
    "author": "boyc****",
    "review_id": "6710816",
    "movie_id": "31553"
  },
  {
    "review": "평점.리뷰 읽어보고 빡돌것같아서 안보기로 결정했음...작품성으로만 8점 ㅋ",
    "date": "12.09.15",
    "rating": "8",
    "author": "char****",
    "review_id": "6699460",
    "movie_id": "31553"
  },
  {
    "review": "혼혈 그시대 미군부대 ..,.슬프다 불쌍하다 인생참 ...",
    "date": "12.09.13",
    "rating": "10",
    "author": "fox4****",
    "review_id": "6691584",
    "movie_id": "31553"
  },
  {
    "review": "이게 영화냐?  우리나라영화 절대 안본다. 시바",
    "date": "12.09.12",
    "rating": "1",
    "author": "bisa****",
    "review_id": "6689344",
    "movie_id": "31553"
  },
  {
    "review": "보고난 후 기분은 안 좋아지지만 보길 잘했다는 생각이 든다.",
    "date": "12.09.11",
    "rating": "9",
    "author": "f5go****",
    "review_id": "6688493",
    "movie_id": "31553"
  },
  {
    "review": "아 .... 이보다 화창할 수 없는 날. 나의 가슴이 먹먹하다.",
    "date": "12.09.11",
    "rating": "8",
    "author": "wise****",
    "review_id": "6687178",
    "movie_id": "31553"
  },
  {
    "review": "슬프고 ..답답하고 ..아우 ..",
    "date": "12.09.11",
    "rating": "8",
    "author": "jung****",
    "review_id": "6687175",
    "movie_id": "31553"
  },
  {
    "review": "이제서야 보다니...역시 김기덕 감독!",
    "date": "12.09.11",
    "rating": "9",
    "author": "dmsd****",
    "review_id": "6686645",
    "movie_id": "31553"
  },
  {
    "review": "슬프다.........",
    "date": "12.09.10",
    "rating": "10",
    "author": "dlck****",
    "review_id": "6685124",
    "movie_id": "31553"
  },
  {
    "review": "솔직히 극단적으로 우울증걸린사람들은 절대 김기덕영화를보아선 안된다",
    "date": "12.09.09",
    "rating": "8",
    "author": "wonh****",
    "review_id": "6680541",
    "movie_id": "31553"
  },
  {
    "review": "수취인 불명. 모두가 수취인 불명이다. 줄사람은 생각도 하지 않는데,",
    "date": "12.09.08",
    "rating": "9",
    "author": "drea****",
    "review_id": "6678952",
    "movie_id": "31553"
  },
  {
    "review": "불편하다거나 기분 나쁘다는 말이 있군요.ㅋ 공감",
    "date": "12.09.08",
    "rating": "10",
    "author": "spzm****",
    "review_id": "6678473",
    "movie_id": "31553"
  },
  {
    "review": "재미와 흥미 영화적 오락성이 봉준호 감독과 최동훈 감독이 멋드러지게 표현한다면 현실적 한계를 생각하게끔 하는데 김기덕 감독과 박찬욱 감독을 떠오르게한다.관객으로선 정말 행복하다. 좋은 작품들 많이많이 나오기를.",
    "date": "12.09.05",
    "rating": "8",
    "author": "skuk****",
    "review_id": "6671036",
    "movie_id": "31553"
  },
  {
    "review": "이영화는 루즈해서 긴장감이나 감동이 별루다.전개가 좀 빠르게했음 엄청좋았을듯..",
    "date": "12.08.14",
    "rating": "8",
    "author": "a109****",
    "review_id": "6603117",
    "movie_id": "31553"
  },
  {
    "review": "김기덕, 그의 영화는 불편하지만.. 늘 묵직한 뭔가가 있다..",
    "date": "12.08.11",
    "rating": "9",
    "author": "aset****",
    "review_id": "6594436",
    "movie_id": "31553"
  },
  {
    "review": "수취인불명.. 절망적인 것들의 삶을 예술적으로 보여준 명작",
    "date": "12.06.25",
    "rating": "10",
    "author": "cha1****",
    "review_id": "6415849",
    "movie_id": "31553"
  },
  {
    "review": "최고다정말.. 왠지블랙코미디같기도하지만 너무슬퍼",
    "date": "12.06.08",
    "rating": "10",
    "author": "karm****",
    "review_id": "6375575",
    "movie_id": "31553"
  },
  {
    "review": "미군의 발연기만 아니면 좋았다.",
    "date": "12.04.30",
    "rating": "9",
    "author": "disk****",
    "review_id": "6260331",
    "movie_id": "31553"
  },
  {
    "review": "여배우 성상납 요구 김기덕, 파리에서 택시 운전했던 쓰레기의 유럽 영화제용 영화",
    "date": "12.04.20",
    "rating": "1",
    "author": "k460****",
    "review_id": "6234496",
    "movie_id": "31553"
  },
  {
    "review": "이유불문",
    "date": "12.04.08",
    "rating": "10",
    "author": "skdm****",
    "review_id": "6201518",
    "movie_id": "31553"
  },
  {
    "review": "김기덕 특유의 수작영화",
    "date": "12.04.07",
    "rating": "9",
    "author": "nav3****",
    "review_id": "6198137",
    "movie_id": "31553"
  },
  {
    "review": "영화의 시대적 배경을 다시한번 곱씹어 보게되는 계기. 이제야 재조명되는 다문화가정",
    "date": "12.03.25",
    "rating": "8",
    "author": "skku****",
    "review_id": "6166606",
    "movie_id": "31553"
  },
  {
    "review": "숨겨진 수작~김기덕스타일의 마무리는 보너스~",
    "date": "12.03.17",
    "rating": "10",
    "author": "ypal****",
    "review_id": "6149369",
    "movie_id": "31553"
  },
  {
    "review": "이 감독은 그냥저냥 관심끄는데에는 타고난거같다",
    "date": "12.02.16",
    "rating": "7",
    "author": "geeu****",
    "review_id": "6077802",
    "movie_id": "31553"
  },
  {
    "review": "김기덕은 배우들 연기에 욕심좀 부렸으면..",
    "date": "12.02.16",
    "rating": "6",
    "author": "geeu****",
    "review_id": "6077796",
    "movie_id": "31553"
  },
  {
    "review": "너무 저평가된다",
    "date": "12.02.01",
    "rating": "10",
    "author": "link****",
    "review_id": "6043344",
    "movie_id": "31553"
  },
  {
    "review": "김기덕 영화 중 가장 좋다.",
    "date": "12.01.12",
    "rating": "10",
    "author": "gmr1****",
    "review_id": "5981261",
    "movie_id": "31553"
  },
  {
    "review": "배경 설정과 구성은 좋지만, 지나치게 폭력적.",
    "date": "12.01.08",
    "rating": "9",
    "author": "smil****",
    "review_id": "5972333",
    "movie_id": "31553"
  },
  {
    "review": "김기덕의 시각.성향.스타일이 잘드러난영화. 근데 극단적 막장은 좀 아닌듯.",
    "date": "12.01.06",
    "rating": "8",
    "author": "kis5****",
    "review_id": "5966062",
    "movie_id": "31553"
  },
  {
    "review": "양동근 불량배멱살 잡을때 다른손 모양까지 완전 흑인필.대단",
    "date": "11.12.31",
    "rating": "10",
    "author": "ria4****",
    "review_id": "5951015",
    "movie_id": "31553"
  },
  {
    "review": "00",
    "date": "11.12.27",
    "rating": "7",
    "author": "cine****",
    "review_id": "5941406",
    "movie_id": "31553"
  },
  {
    "review": "상처 덩어리들의 막장 드라마... 다소 투박하지만 김기덕만의 독특한 감성이 있음",
    "date": "11.12.03",
    "rating": "5",
    "author": "hepy****",
    "review_id": "5883719",
    "movie_id": "31553"
  },
  {
    "review": "김기덕만큼자신의색깔을확실히가진거장이있을까??또봐도명작!!",
    "date": "11.10.18",
    "rating": "10",
    "author": "love****",
    "review_id": "5795613",
    "movie_id": "31553"
  },
  {
    "review": "이거 진짜 최고다.",
    "date": "11.09.01",
    "rating": "10",
    "author": "vaga****",
    "review_id": "5701395",
    "movie_id": "31553"
  },
  {
    "review": "김기덕 감독은 천재인듯",
    "date": "11.08.30",
    "rating": "10",
    "author": "cool****",
    "review_id": "5698461",
    "movie_id": "31553"
  },
  {
    "review": "폭력의 확대 재생산. 지금 우리는 어디의 수취인불명국인가?!",
    "date": "11.08.12",
    "rating": "10",
    "author": "k641****",
    "review_id": "5640265",
    "movie_id": "31553"
  },
  {
    "review": "이런 스토리..굿. 역시 김기덕. 하...안타까운소년소녀들이여...사랑들이여..",
    "date": "11.07.24",
    "rating": "10",
    "author": "this****",
    "review_id": "5566701",
    "movie_id": "31553"
  },
  {
    "review": "역시 김기덕감독님의 영화는 절대 실망시키지 않네요.",
    "date": "11.07.20",
    "rating": "10",
    "author": "mash****",
    "review_id": "5556050",
    "movie_id": "31553"
  },
  {
    "review": "불편한 과거. 우리삶을 직선적으로보여준다.",
    "date": "11.07.07",
    "rating": "8",
    "author": "with****",
    "review_id": "5527093",
    "movie_id": "31553"
  },
  {
    "review": "진흙탕 같은 삶",
    "date": "11.07.06",
    "rating": "10",
    "author": "plas****",
    "review_id": "5524615",
    "movie_id": "31553"
  },
  {
    "review": "제일 마지막으로 본 김기덕영화. 그는 역시 날 실망시키지 않았다. 한국의 슬픈 역사.",
    "date": "11.06.12",
    "rating": "9",
    "author": "deka****",
    "review_id": "5478614",
    "movie_id": "31553"
  }
]