[
  {
    "review": "이 영화는 눈으로 보는게 아니라 마음으로 보는 것이다!!",
    "date": "15.07.28",
    "rating": "10",
    "author": "ske4****",
    "review_id": "10152931",
    "movie_id": "31551"
  },
  {
    "review": "일행 틈에 그나마 여자 희생자들이 3명 이상인 점은 좋았으나 데쓰 신에서 실패.",
    "date": "10.03.25",
    "rating": "5",
    "author": "stit****",
    "review_id": "4385023",
    "movie_id": "31551"
  },
  {
    "review": "무슨 개 거지 쓰레기 영화냐 ㅉㅉ",
    "date": "10.02.07",
    "rating": "1",
    "author": "dark****",
    "review_id": "4257471",
    "movie_id": "31551"
  },
  {
    "review": "할 말 없다.. 이런 영화가 존재하는게 황당할 뿐",
    "date": "04.03.22",
    "rating": "1",
    "author": "enou****",
    "review_id": "30837",
    "movie_id": "31551"
  }
]