[
  {
    "review": "영화관에서 참으로 좋았던 영화중 한편..음악은 지금 들어도 참 마음이 울렁울렁..",
    "date": "15.06.20",
    "rating": "10",
    "author": "eng8****",
    "review_id": "10013507",
    "movie_id": "31563"
  },
  {
    "review": "최후의 국산 SF...",
    "date": "15.04.14",
    "rating": "8",
    "author": "4ang****",
    "review_id": "9846153",
    "movie_id": "31563"
  },
  {
    "review": "다른 장르와는 다르게SF 물에는 어느정도 세계관에 대한 철학이 담겨있어야 한다고 생각한다블레이드러너와 중경상림의 어느 중간에서뻔한 사랑얘기를 넋두리처럼 읇조리는 영화를끝까지 볼 수 있는 인내심 많은 관객은 별로 없다고 생각한다.",
    "date": "14.12.24",
    "rating": "2",
    "author": "jang****",
    "review_id": "9509861",
    "movie_id": "31563"
  },
  {
    "review": "설국열차, 괴물 이런 거 보단 훨씬 낫다. 아름다운 영상과 음악 스토리. OST 구할 방법은 없을까?",
    "date": "14.11.01",
    "rating": "10",
    "author": "puma****",
    "review_id": "9335083",
    "movie_id": "31563"
  },
  {
    "review": "네 그럼 이영화보다 잘만든 한국 SF영화가 지금 있나요?",
    "date": "14.08.31",
    "rating": "10",
    "author": "play****",
    "review_id": "9151230",
    "movie_id": "31563"
  },
  {
    "review": "오글거림과 놀라움이 공존하는영화.",
    "date": "14.08.20",
    "rating": "6",
    "author": "hone****",
    "review_id": "9116195",
    "movie_id": "31563"
  },
  {
    "review": "뇌출혈시티 정두홍나오는건다망하네.ㅎ",
    "date": "14.07.02",
    "rating": "1",
    "author": "newa****",
    "review_id": "8874834",
    "movie_id": "31563"
  },
  {
    "review": "인조인간과의 삼각관계를 ekfns 첫 국산 SF?",
    "date": "14.06.16",
    "rating": "3",
    "author": "almo****",
    "review_id": "8835747",
    "movie_id": "31563"
  },
  {
    "review": "▼ 평점 진심? 오락성 영화에 어설픈 철학을 담다.",
    "date": "14.06.16",
    "rating": "2",
    "author": "moir****",
    "review_id": "8835514",
    "movie_id": "31563"
  },
  {
    "review": "유지태 연기 참 좋네요. 흥행이 아쉽다.",
    "date": "14.04.13",
    "rating": "9",
    "author": "hans****",
    "review_id": "8646950",
    "movie_id": "31563"
  },
  {
    "review": "지금 봤다는게 아쉬울 뿐이고~~",
    "date": "14.03.09",
    "rating": "10",
    "author": "bott****",
    "review_id": "8564356",
    "movie_id": "31563"
  },
  {
    "review": "영화의 세부적인 표현들 무기사용이라든지 와이어액션신들은 사실 그당시 시점에서보더라도 작위적이고 촌스럽습니다. 다만 상상력 넘치는 미래세계관과 영화전체를 관통하는 세기말의 분위기가 모든걸 커버하고도 남을만큼 훌륭한 조합을 보여줍니다.",
    "date": "14.01.06",
    "rating": "10",
    "author": "enti****",
    "review_id": "8354529",
    "movie_id": "31563"
  },
  {
    "review": "마지막 과한 액션씬만 없엇으면 손가락 뽑는 아트영화라고 생각됨 . 그래도 뇌리에 남는 디스토피아는 죽기직전에도 잊지못할듯.",
    "date": "13.11.11",
    "rating": "9",
    "author": "cove****",
    "review_id": "8132001",
    "movie_id": "31563"
  },
  {
    "review": "당시 헐리웃영화에 물든 관객들이나 평론가들은 돌려까기 바뻤지",
    "date": "13.10.03",
    "rating": "9",
    "author": "stot****",
    "review_id": "8029883",
    "movie_id": "31563"
  },
  {
    "review": "재평가 받아야할 작품이라고 생각한다. 물론 연출적으로 부분적인 아쉬움은 있다. 그러나 당시만 해도 말도 안된다고 생각하던 스토리가 지금은 왜이렇게 감동적으로 다가오는 건지... 점점 내가 바라보는 세상이,  내 자신이 무미건조해졌기 때문인지 모르겠다.",
    "date": "13.09.29",
    "rating": "9",
    "author": "last****",
    "review_id": "8021684",
    "movie_id": "31563"
  },
  {
    "review": "2003년 중국에서 유학당시 구입한 DVD 영화였다.처음보고 우리나라도 이런 영화를 만들수 있구나 했어.사람들은 망작이라 치부하기도 하고.... 한계를 넘지 못한 작품이라 말하고 욕하기도 하지만..",
    "date": "13.09.26",
    "rating": "10",
    "author": "78te****",
    "review_id": "8016527",
    "movie_id": "31563"
  },
  {
    "review": "ㅋㅋㅋ",
    "date": "13.09.05",
    "rating": "6",
    "author": "chri****",
    "review_id": "7950154",
    "movie_id": "31563"
  },
  {
    "review": "와 10점짜리 보고 황당해서 로긴하네요. sf장르를 좋아하지도 싫어하지도 않지만 첨으로 극장에서 보다가 나온영화예요 10년전인데도 기억이 생생하네요. 보기가 너무 힘들었던 기억..",
    "date": "13.08.31",
    "rating": "3",
    "author": "smy0****",
    "review_id": "7938869",
    "movie_id": "31563"
  },
  {
    "review": "블레이드런너와 비슷하지만..그래도 재미있게 봤음..ㅋㅋ",
    "date": "13.08.22",
    "rating": "8",
    "author": "moca****",
    "review_id": "7911559",
    "movie_id": "31563"
  },
  {
    "review": "극장에서보고 DVD사고, ost 도  구입했었다. 정말  액션부분하고 스토리만 좀더 손보면 정말 좋은 작품일텐데..",
    "date": "13.08.13",
    "rating": "9",
    "author": "m778****",
    "review_id": "7875688",
    "movie_id": "31563"
  },
  {
    "review": "SF같은 설정이나 격투신은 지금 봐도 촌스럽진 않아요 제작 여건이 좋지 않아서 그렇지",
    "date": "13.07.05",
    "rating": "10",
    "author": "slay****",
    "review_id": "7707540",
    "movie_id": "31563"
  },
  {
    "review": "이게 그 블레이드 런너 흉내 낸 영화구나",
    "date": "13.06.29",
    "rating": "2",
    "author": "movi****",
    "review_id": "7690899",
    "movie_id": "31563"
  },
  {
    "review": "이영화는 진짜 원작 소설보고나면 이해잘될듯  그리고 그당시에 런닝타임이 짧아서 짤린부분이 많다는것도 아쉬움 ㅠㅠ  현재 다시 제작한다면 흥행할수 있을텐데 ㅠ",
    "date": "13.06.22",
    "rating": "9",
    "author": "redt****",
    "review_id": "7667271",
    "movie_id": "31563"
  },
  {
    "review": "ost만 좋다.. cg 하고 미니어쳐 합성입니다..",
    "date": "13.06.04",
    "rating": "3",
    "author": "kini****",
    "review_id": "7579325",
    "movie_id": "31563"
  },
  {
    "review": "아름다운 추억은 아스라이...",
    "date": "13.05.03",
    "rating": "6",
    "author": "snbr****",
    "review_id": "7504309",
    "movie_id": "31563"
  },
  {
    "review": "씨지가 아니라 합성수준, 그리고 미래도시가 아니라 도쿄시내 합성함!  그장면에서 눈속이려고 빠르게 돌리죠....우스운 민감독...",
    "date": "13.03.16",
    "rating": "1",
    "author": "chun****",
    "review_id": "7352234",
    "movie_id": "31563"
  },
  {
    "review": "아 극장에서 봤던 기억이 새록새록. 사실 우리나라에 이만한 SF도 없었는게 현실",
    "date": "13.03.08",
    "rating": "10",
    "author": "myst****",
    "review_id": "7332102",
    "movie_id": "31563"
  },
  {
    "review": "당시 이정도 영상이면 꽤 성공적이었던 것 같다. CG도 초반 한 30분은 우리나라에 이런영화가? 할정도였으니.. 물론 뿌연 CG지만.. 그런데 아쉬운건 시나리오.. 시나리오만 받쳐줬더라도 훗날 명작으로 남아있었을텐데. 컨셉만 좋고 나리오전개가 지루하다",
    "date": "13.03.07",
    "rating": "6",
    "author": "psda****",
    "review_id": "7329924",
    "movie_id": "31563"
  },
  {
    "review": "이 영화는 좀 더 평점 높아도 될거같아서 10점 준다..",
    "date": "13.03.01",
    "rating": "10",
    "author": "kimb****",
    "review_id": "7314497",
    "movie_id": "31563"
  },
  {
    "review": "왜 뇌출혈 시티 치면 이 영화나옴? 지존어이",
    "date": "12.12.04",
    "rating": "6",
    "author": "a572****",
    "review_id": "6971892",
    "movie_id": "31563"
  },
  {
    "review": "허술한 씨지는 구린화면으로 감추고!   미래도시???  홍콩시내로 때우고 졸작입니다.",
    "date": "12.10.15",
    "rating": "6",
    "author": "obth****",
    "review_id": "6803523",
    "movie_id": "31563"
  },
  {
    "review": "참 슬프지만 이게 진짜 우리나라의 미래일지도.....",
    "date": "12.08.20",
    "rating": "10",
    "author": "juhy****",
    "review_id": "6630682",
    "movie_id": "31563"
  },
  {
    "review": "한국에 이런 영화가 나왔었다니. 개봉당시에 너무 묻혀버려서 안타깝다.",
    "date": "12.07.31",
    "rating": "10",
    "author": "pcpc****",
    "review_id": "6559649",
    "movie_id": "31563"
  },
  {
    "review": "시대를 잘못 탄, 감정을 느끼는 사이보그.. 은근 재미있었다.",
    "date": "12.07.01",
    "rating": "7",
    "author": "crui****",
    "review_id": "6436575",
    "movie_id": "31563"
  },
  {
    "review": "한국sf특유의 어색함도 없었고, 세트,음악,시나리오 괜찮았다 스토리텔링이 아쉬울뿐",
    "date": "12.06.18",
    "rating": "10",
    "author": "y010****",
    "review_id": "6399731",
    "movie_id": "31563"
  },
  {
    "review": "의외로 괜찮네용~ 마지막 엔딩이 좀 슬프지만...무엇보다 음악이 너무 좋아요~",
    "date": "12.06.05",
    "rating": "8",
    "author": "yunf****",
    "review_id": "6365958",
    "movie_id": "31563"
  },
  {
    "review": "이런 영화를 원한다.",
    "date": "12.04.18",
    "rating": "10",
    "author": "skys****",
    "review_id": "6229958",
    "movie_id": "31563"
  },
  {
    "review": "한국에서도 이런 영화가 많이 나와야된다..",
    "date": "12.04.15",
    "rating": "10",
    "author": "inwo****",
    "review_id": "6223838",
    "movie_id": "31563"
  },
  {
    "review": "국산 SF 영화치고는 상당한 수작이라고 생각. 음악이 아주 마음에 들었다.",
    "date": "12.03.20",
    "rating": "8",
    "author": "eofe****",
    "review_id": "6156153",
    "movie_id": "31563"
  },
  {
    "review": "2프로 부족하지만, 98프로 완벽한 영화. 이 영화의 실패는 한국영화계의 비극이다.",
    "date": "12.03.04",
    "rating": "8",
    "author": "heel****",
    "review_id": "6123129",
    "movie_id": "31563"
  },
  {
    "review": "한국영화라는 틀에서 이런 장르가 나오기 힘든대도 어설프지 않았다.",
    "date": "12.02.03",
    "rating": "9",
    "author": "elvm****",
    "review_id": "6046724",
    "movie_id": "31563"
  },
  {
    "review": "신파적이긴 하지만 당당하게 멜로라고 할 수 있는 영화는 아닌 것 같다.",
    "date": "12.01.30",
    "rating": "8",
    "author": "kore****",
    "review_id": "6035941",
    "movie_id": "31563"
  },
  {
    "review": "중딩때 봤고 다 깟지만 난 원츄를 날렸었지...",
    "date": "12.01.07",
    "rating": "9",
    "author": "east****",
    "review_id": "5966660",
    "movie_id": "31563"
  },
  {
    "review": "이 영화는 너무 저평가 됬음.",
    "date": "11.10.10",
    "rating": "10",
    "author": "hond****",
    "review_id": "5781693",
    "movie_id": "31563"
  },
  {
    "review": "유니크 아이템",
    "date": "11.10.07",
    "rating": "9",
    "author": "wlsr****",
    "review_id": "5775962",
    "movie_id": "31563"
  },
  {
    "review": "만점 주기도 아까운 영화 점수 더주고  싶어 아쉬워",
    "date": "11.09.28",
    "rating": "10",
    "author": "choa****",
    "review_id": "5757213",
    "movie_id": "31563"
  },
  {
    "review": "아쉬운 점이 많지만 울나라 sf란 타이틀을 가지고 나온 영화중 제일 잘만들었음",
    "date": "11.09.06",
    "rating": "9",
    "author": "romy****",
    "review_id": "5711364",
    "movie_id": "31563"
  },
  {
    "review": "영화 초반 도입부와 시도 자체가 좋은 점인거 같고, 기대없이 봤는데 볼만했다.",
    "date": "11.08.27",
    "rating": "8",
    "author": "sinm****",
    "review_id": "5691996",
    "movie_id": "31563"
  },
  {
    "review": "지금은 잊혀져 가겠지만 다시 보면 볼수록 새로웠다. 언젠가 다시 빛볼 날이 오길.",
    "date": "11.08.20",
    "rating": "9",
    "author": "logi****",
    "review_id": "5672046",
    "movie_id": "31563"
  },
  {
    "review": "SF 영화라는 단어 하나로 ,  모든 것을 수장 시켜버리다",
    "date": "11.08.11",
    "rating": "3",
    "author": "evil****",
    "review_id": "5639383",
    "movie_id": "31563"
  },
  {
    "review": "한국 SF 중 가장 맘에 드는 작품. 감독의 시도가 정말 훌룡하다.",
    "date": "11.05.02",
    "rating": "10",
    "author": "crys****",
    "review_id": "5402648",
    "movie_id": "31563"
  },
  {
    "review": "누가뭐래도 난 다른 영화보다 길게 여운남고 슬펐던 영화다",
    "date": "11.04.26",
    "rating": "10",
    "author": "kyl1****",
    "review_id": "5393797",
    "movie_id": "31563"
  },
  {
    "review": "일본애니메이션을 향한,미친듯한 곁눈질끝에 도달한곳은 그냥 상상력고갈의 변소똥깐.",
    "date": "11.01.30",
    "rating": "1",
    "author": "baks****",
    "review_id": "5196499",
    "movie_id": "31563"
  },
  {
    "review": "연출이 서툴러서 분위기가 아까운 영화",
    "date": "10.09.01",
    "rating": "7",
    "author": "chro****",
    "review_id": "4809411",
    "movie_id": "31563"
  },
  {
    "review": "80년대 영화인줄알았는데 2003년 개봉작이라니;; 그나마 색다른 시도에 별한개",
    "date": "10.08.03",
    "rating": "3",
    "author": "play****",
    "review_id": "4701339",
    "movie_id": "31563"
  },
  {
    "review": "이도 저도 아닌 망작. 뭐하자는 건지 모르겠음.",
    "date": "10.06.12",
    "rating": "1",
    "author": "gunt****",
    "review_id": "4561328",
    "movie_id": "31563"
  },
  {
    "review": "블레이드 러너를 표방했는데................ 글쎄?????",
    "date": "10.03.05",
    "rating": "5",
    "author": "hyuk****",
    "review_id": "4337293",
    "movie_id": "31563"
  },
  {
    "review": "아 제작비 아까워...",
    "date": "10.03.05",
    "rating": "5",
    "author": "susk****",
    "review_id": "4336259",
    "movie_id": "31563"
  },
  {
    "review": "그냥 볼만했다,40%가 부족했던 영화......",
    "date": "10.02.13",
    "rating": "6",
    "author": "rkdx****",
    "review_id": "4278609",
    "movie_id": "31563"
  },
  {
    "review": "아, 오글거려. 정말 <유령> 연출했던 민병천 감독 영화 맞나?",
    "date": "10.02.08",
    "rating": "3",
    "author": "cube****",
    "review_id": "4262005",
    "movie_id": "31563"
  },
  {
    "review": "블레이드 러너의 스토리를 그대로 따온 창피한 작품",
    "date": "10.02.02",
    "rating": "6",
    "author": "bajj****",
    "review_id": "4236993",
    "movie_id": "31563"
  },
  {
    "review": "솔직히 재미는 진짜 없다.",
    "date": "09.12.13",
    "rating": "6",
    "author": "alsl****",
    "review_id": "4040217",
    "movie_id": "31563"
  },
  {
    "review": "연출, 연기, 감성 너무 좋다.영화의 색이 너무 맘에 든다",
    "date": "09.10.28",
    "rating": "10",
    "author": "choo****",
    "review_id": "3921919",
    "movie_id": "31563"
  },
  {
    "review": "주관적이지만 신선했다.",
    "date": "09.10.28",
    "rating": "10",
    "author": "cybe****",
    "review_id": "3920899",
    "movie_id": "31563"
  },
  {
    "review": "가슴으로 느낄 수 있는 영화.  이거보고 블레이드러너 봤는데, 각각의 매력이 있다.",
    "date": "09.10.28",
    "rating": "10",
    "author": "ajou****",
    "review_id": "3920309",
    "movie_id": "31563"
  },
  {
    "review": "이게 7점? 오마이갓. 스토리 완젼 OOO기!! 비쥬얼이 암만 좋음 뭐하냐",
    "date": "09.09.30",
    "rating": "3",
    "author": "miri****",
    "review_id": "3862327",
    "movie_id": "31563"
  },
  {
    "review": "잼잇다..",
    "date": "09.09.10",
    "rating": "10",
    "author": "top3****",
    "review_id": "3821986",
    "movie_id": "31563"
  },
  {
    "review": "솔직히 내용은 볼거없지만, 그래도 한국sf사상 가장 잘 만들어진건 사실이다.",
    "date": "09.08.31",
    "rating": "6",
    "author": "sptl****",
    "review_id": "3801361",
    "movie_id": "31563"
  },
  {
    "review": "명작 블레이드 러너를 아주 그냥 ㅉㅉㅉㅉㅉㅉㅉㅉㅉ",
    "date": "09.05.28",
    "rating": "1",
    "author": "tjsd****",
    "review_id": "3526720",
    "movie_id": "31563"
  },
  {
    "review": "재밌게봤음",
    "date": "09.05.15",
    "rating": "10",
    "author": "jkh0****",
    "review_id": "3495736",
    "movie_id": "31563"
  },
  {
    "review": "최고의 비쥬얼을 가진 한국 최고의 SF영화",
    "date": "09.05.12",
    "rating": "10",
    "author": "next****",
    "review_id": "3490860",
    "movie_id": "31563"
  },
  {
    "review": "돈 주고 영화관에서 봤었다. 빈약한 스토리. '뇌출혈시체'라는 말이 딱 맞다",
    "date": "09.05.02",
    "rating": "1",
    "author": "ster****",
    "review_id": "3457908",
    "movie_id": "31563"
  },
  {
    "review": "로스트 메모리즈 이후 정말로 감히 명작이라 부를만한 영화",
    "date": "09.04.28",
    "rating": "10",
    "author": "ydw9****",
    "review_id": "3445886",
    "movie_id": "31563"
  },
  {
    "review": "완성도도 높고 깊이도 있다..주인공들 연기도 죽여주는데!",
    "date": "09.04.02",
    "rating": "10",
    "author": "yjh7****",
    "review_id": "3401243",
    "movie_id": "31563"
  },
  {
    "review": "2003년 개봉했을때 극장에서보고 진짜 토할뻔했음. 내생에 최악의영화!",
    "date": "09.02.22",
    "rating": "1",
    "author": "ms80****",
    "review_id": "3325449",
    "movie_id": "31563"
  },
  {
    "review": "내용이 좀 무겁긴 하지만 괜찮았는데..ost는 정말 좋더라!!",
    "date": "09.02.18",
    "rating": "9",
    "author": "hagi****",
    "review_id": "3314430",
    "movie_id": "31563"
  },
  {
    "review": "한국 sf중에는 그나마 좋다.",
    "date": "09.01.20",
    "rating": "10",
    "author": "befl****",
    "review_id": "3234066",
    "movie_id": "31563"
  },
  {
    "review": "솔직히 난 이 영화가 진짜 재밌었다~ 노래도 굿~!",
    "date": "09.01.16",
    "rating": "10",
    "author": "dksc****",
    "review_id": "3224219",
    "movie_id": "31563"
  },
  {
    "review": "부족한면이 없지않아 있다. SF의 기대작인만큼 , 그래도 재밌게 본것같았다.",
    "date": "09.01.12",
    "rating": "9",
    "author": "wogu****",
    "review_id": "3212311",
    "movie_id": "31563"
  },
  {
    "review": "한국 sf의 신호탄이자 실패를 알린 두 작품중 하나...82년에 개봉했다면...",
    "date": "09.01.10",
    "rating": "4",
    "author": "dara****",
    "review_id": "3207282",
    "movie_id": "31563"
  },
  {
    "review": "판타지는 보여주는 예술에 가깝다 하나 이야기가 허술한 예술은 아쉬움이 가득하다.",
    "date": "08.12.18",
    "rating": "7",
    "author": "temt****",
    "review_id": "3126596",
    "movie_id": "31563"
  },
  {
    "review": "난 재미있게 봤다만~~소수를 위한 영화치곤 들인돈이;;;",
    "date": "08.12.07",
    "rating": "7",
    "author": "wash****",
    "review_id": "3098377",
    "movie_id": "31563"
  },
  {
    "review": "편향된 분야만 찾는 답답한 한국관객 때문에 흥행못한 한국SF걸작영화.",
    "date": "08.10.19",
    "rating": "10",
    "author": "jimm****",
    "review_id": "3009202",
    "movie_id": "31563"
  },
  {
    "review": "우리나라에도 이런영화가있었다니 ㅋㅋ 존잼 노래도 굿 !",
    "date": "08.10.11",
    "rating": "10",
    "author": "skek****",
    "review_id": "2994453",
    "movie_id": "31563"
  },
  {
    "review": "정말 재밋내요..굿",
    "date": "08.10.05",
    "rating": "10",
    "author": "kore****",
    "review_id": "2985296",
    "movie_id": "31563"
  },
  {
    "review": "솔찍히 이것보다더 잘만든 한국 sf영화는 없었다.",
    "date": "08.10.05",
    "rating": "10",
    "author": "davi****",
    "review_id": "2983700",
    "movie_id": "31563"
  },
  {
    "review": "한국영화로서대단한작품이긴하나...우째한글보기가힘드나...죄다영어와한문...흠",
    "date": "08.09.25",
    "rating": "8",
    "author": "now6****",
    "review_id": "2968133",
    "movie_id": "31563"
  },
  {
    "review": "새로운 접근방식의 한국형 SF 영화, 스토리의 단점을 극복할만한 퀄리티",
    "date": "08.07.27",
    "rating": "8",
    "author": "yuji****",
    "review_id": "2809670",
    "movie_id": "31563"
  },
  {
    "review": "아무도 개척하지 않았던 한국 SF의 시초! 그 종말은 너무 안타까울 따름.",
    "date": "08.06.22",
    "rating": "8",
    "author": "gksq****",
    "review_id": "2715154",
    "movie_id": "31563"
  },
  {
    "review": "오래전에 봣었는데...우리나라 SF 중 지금까지도 단연최고~ 너무 좋았음..",
    "date": "08.05.29",
    "rating": "8",
    "author": "jaid****",
    "review_id": "2669436",
    "movie_id": "31563"
  },
  {
    "review": "새로운시도, 근데 어디서 많이 본걸 또 보고있는 이 느낌....",
    "date": "08.05.13",
    "rating": "4",
    "author": "si2p****",
    "review_id": "2638954",
    "movie_id": "31563"
  },
  {
    "review": "적절한 CG와 좋은 OST가 스토리의 지루함을 덮어주지는 못한다.",
    "date": "08.05.08",
    "rating": "7",
    "author": "cndx****",
    "review_id": "2624785",
    "movie_id": "31563"
  },
  {
    "review": "소재와 영상미만 좋았을뿐... 지루한감이 있었다",
    "date": "08.04.29",
    "rating": "5",
    "author": "urkn****",
    "review_id": "2604787",
    "movie_id": "31563"
  },
  {
    "review": "애국심으로 받은 네티즌 평점 7.00",
    "date": "08.04.13",
    "rating": "2",
    "author": "zjy0****",
    "review_id": "2577992",
    "movie_id": "31563"
  },
  {
    "review": "82년의 블레이드러너를 옮기듯하다. 20년전 블레이드러너만도 못하다.",
    "date": "08.03.21",
    "rating": "5",
    "author": "vhzm****",
    "review_id": "2533235",
    "movie_id": "31563"
  },
  {
    "review": "확실하게 신선하다!",
    "date": "08.02.27",
    "rating": "10",
    "author": "namo****",
    "review_id": "2487625",
    "movie_id": "31563"
  },
  {
    "review": "흉내를 자기의 색깔로 멋지게 재탄생시켜내면서 감동을 아쉬움과 함께 혼합시켰다",
    "date": "08.02.17",
    "rating": "8",
    "author": "daro****",
    "review_id": "2453910",
    "movie_id": "31563"
  },
  {
    "review": "기존의 명작을 흉내낸 감이 없지 않지만 가장 볼만한 한국SF영화 중 하나.",
    "date": "08.01.10",
    "rating": "8",
    "author": "frot****",
    "review_id": "2315325",
    "movie_id": "31563"
  },
  {
    "review": "'블레이드러너'세트에서 '공각기동대'찍으면서 SF만화 설정 가져오면 잘 될줄 알았나?",
    "date": "07.12.14",
    "rating": "1",
    "author": "gomt****",
    "review_id": "2230889",
    "movie_id": "31563"
  },
  {
    "review": "지루하다",
    "date": "07.12.06",
    "rating": "1",
    "author": "k2e9****",
    "review_id": "2211223",
    "movie_id": "31563"
  }
]