[
  {
    "review": "15년이 지나서 다시 생각나서 꺼내보는 젊은날의 나의 영화중 하나",
    "date": "15.08.21",
    "rating": "9",
    "author": "kima****",
    "review_id": "10258490",
    "movie_id": "31565"
  },
  {
    "review": "로맨틱코미디의 졀정>< 모든 배우들이 사랑스럽댜",
    "date": "15.07.09",
    "rating": "10",
    "author": "orol****",
    "review_id": "10082467",
    "movie_id": "31565"
  },
  {
    "review": "코믹함을 잃지 않으면서도 여자의 로망을 충족시켜주는 귀엽고 사랑스러운 영화.보는 이의 마음을 빼앗는 마지막 승자는 콜린퍼스지만 늙기직전 리즈외모의 능글능글 섹시한 휴그랜트의 매력도 돋보임.",
    "date": "15.07.05",
    "rating": "10",
    "author": "oxfo****",
    "review_id": "10070426",
    "movie_id": "31565"
  },
  {
    "review": "몇 번을 봐도 질리지 않는 영화...! 가슴이 훈훈해진다. 르네젤위거 너무 귀엽고 콜린퍼스는 말 할 것도 없이 멋있다 정말ㅠㅠ 꿈속의 남자..",
    "date": "15.07.02",
    "rating": "10",
    "author": "ihb0****",
    "review_id": "10060985",
    "movie_id": "31565"
  },
  {
    "review": "10년도 넘은 지금 다시보니 더재밌네 ㅋ 많이웃었다  우울할때 보면 더좋은 유쾌한영화  마크와 브리짓이 만나는 첫장면이 베스트 씬!",
    "date": "15.06.18",
    "rating": "8",
    "author": "sgf0****",
    "review_id": "10008266",
    "movie_id": "31565"
  },
  {
    "review": "콜린퍼스의 눈사람 넥타이 너무 귀엽다 ㅋㅋ",
    "date": "15.06.17",
    "rating": "10",
    "author": "kbl5****",
    "review_id": "10006087",
    "movie_id": "31565"
  },
  {
    "review": "로코의최고봉... 특히 1편에서 마지막 눈오는날 거리에서 팬티바람브리짓과마크의 키스장면은 브리짓하면 떠오르는 단연코명장면...ㅜㅜㅜ 마크다시라는 환상의 그와함께 정말이지 내인생로코물1위의영화ㅋㅋㅋ",
    "date": "15.06.16",
    "rating": "10",
    "author": "iwhs****",
    "review_id": "10004777",
    "movie_id": "31565"
  },
  {
    "review": "휴그랜트볼려고 시작했다가 콜린퍼스에 빠져서 헤어나오질못함 르네젤위거도 너무너무 좋다ㅠㅠ♥♥♥ 적절한 ost도 최고",
    "date": "15.05.25",
    "rating": "10",
    "author": "hold****",
    "review_id": "9949507",
    "movie_id": "31565"
  },
  {
    "review": "30대 브릿지와 비슷한 나이가 되서 보니깐 더 재미있다. 담백한 로코^^",
    "date": "15.05.14",
    "rating": "9",
    "author": "free****",
    "review_id": "9916060",
    "movie_id": "31565"
  },
  {
    "review": "영화를 보는 내내 왜 저런여자에게 멋진남자들이 다가오는지 이해할 수가 없었다. 그리고 이 의문은 여성관객들의 반응이 풀어주었다. 이건 여성관객들에게 잘 팔리기 위한 영화니까!",
    "date": "15.05.10",
    "rating": "8",
    "author": "moop****",
    "review_id": "9908585",
    "movie_id": "31565"
  },
  {
    "review": "영화 좋고 배우 좋고 다 좋은데 콜린퍼스의 '영국식 억양' 이 좋아 환장하겠다는 애들은 지들이 미국여자도 아니고 무슨 영국 억양에 환장을 하고 있어 ㅋㅋ 미국 영어라도 잘하나보네",
    "date": "15.05.08",
    "rating": "8",
    "author": "jski****",
    "review_id": "9903952",
    "movie_id": "31565"
  },
  {
    "review": "여성관객이 뽑은 2001년 최고의 외국영화!",
    "date": "15.04.30",
    "rating": "2",
    "author": "huit****",
    "review_id": "9881796",
    "movie_id": "31565"
  },
  {
    "review": "완벽한 판타지가 영화로 만들어졌다.",
    "date": "15.04.16",
    "rating": "5",
    "author": "tpfl****",
    "review_id": "9847677",
    "movie_id": "31565"
  },
  {
    "review": "사랑스러움의 극치 르네젤위거와  영국대표훈남배우 콜린퍼스 ㅠㅠ 중년이 되엇지만 콜린퍼스는 ..사랑입니다 ♥",
    "date": "15.04.15",
    "rating": "10",
    "author": "kimk****",
    "review_id": "9846302",
    "movie_id": "31565"
  },
  {
    "review": "로맨틱 코미디의 교과서적인 작품",
    "date": "15.04.14",
    "rating": "10",
    "author": "lsh5****",
    "review_id": "9845193",
    "movie_id": "31565"
  },
  {
    "review": "보고또보고 다시봐도 설레임 !! 이영화보며 콜린퍼스에게 안반하면 여자가 아님요 ㅠㅠㅠ 진리의 콜린퍼스 ㅠㅠ 다시 로맨스영화 좀 찍어줘요ㅠㅠㅠㅠ",
    "date": "15.04.13",
    "rating": "9",
    "author": "geun****",
    "review_id": "9843924",
    "movie_id": "31565"
  },
  {
    "review": "굿샷~~!!! 르네 젤위거 와우~~너무 이쁘네~~!!!",
    "date": "15.03.31",
    "rating": "10",
    "author": "whit****",
    "review_id": "9818272",
    "movie_id": "31565"
  },
  {
    "review": "넘 비현실적임.. 뭔 콜린퍼스같은 남자가 저렇게 술에 떡이된여자를 좋아할리가 없자녀..",
    "date": "15.03.24",
    "rating": "7",
    "author": "nubb****",
    "review_id": "9803672",
    "movie_id": "31565"
  },
  {
    "review": "콜린퍼스 너뮤조아ㅜㅠ게이친구때메 빵터짐ㅋㅋ",
    "date": "15.03.20",
    "rating": "9",
    "author": "6823****",
    "review_id": "9794145",
    "movie_id": "31565"
  },
  {
    "review": "이 영화의 진가는 엔딩이다.",
    "date": "15.03.19",
    "rating": "9",
    "author": "wlgp****",
    "review_id": "9792397",
    "movie_id": "31565"
  },
  {
    "review": "싱글여성으로서 마음이 따뜻해져요 콜린 퍼스 또한 멋지고!!",
    "date": "15.03.16",
    "rating": "10",
    "author": "gpff****",
    "review_id": "9788566",
    "movie_id": "31565"
  },
  {
    "review": "콜린퍼스는 마크다아시 그 자체다..연기가 연기같지 않음",
    "date": "15.03.14",
    "rating": "10",
    "author": "hym6****",
    "review_id": "9779108",
    "movie_id": "31565"
  },
  {
    "review": "i like you very much just as you are. 이 대사를 듣는데 그냥 오장육부가 녹아내리는것같았음.... 보통의 로맨스물과는 다르게 매우 현실에 입각한 로코물이지만, 마크 다아시의 존재로 이 영화의 장르는 SF판타지가 됨^^",
    "date": "15.03.09",
    "rating": "10",
    "author": "oneh****",
    "review_id": "9768615",
    "movie_id": "31565"
  },
  {
    "review": "콜린퍼스..마성의남자 ㅜㅜ",
    "date": "15.03.09",
    "rating": "10",
    "author": "kkll****",
    "review_id": "9767848",
    "movie_id": "31565"
  },
  {
    "review": "정말 재밌어요ㅋㅋ사랑스런 브리짓 콜린퍼스도 멋있고",
    "date": "15.03.05",
    "rating": "10",
    "author": "ahll****",
    "review_id": "9758474",
    "movie_id": "31565"
  },
  {
    "review": "로맨틱 코미디의 최강!!",
    "date": "15.03.05",
    "rating": "10",
    "author": "codn****",
    "review_id": "9757860",
    "movie_id": "31565"
  },
  {
    "review": "역주행해서 보게 만든 영화♡",
    "date": "15.03.03",
    "rating": "10",
    "author": "wjsg****",
    "review_id": "9753710",
    "movie_id": "31565"
  },
  {
    "review": "가볍고 재미있는 영화.",
    "date": "15.03.01",
    "rating": "7",
    "author": "ysmj****",
    "review_id": "9750679",
    "movie_id": "31565"
  },
  {
    "review": "내 인생 최고의 로맨틱코메디! 마크 ㅠㅠ!",
    "date": "15.03.01",
    "rating": "10",
    "author": "sora****",
    "review_id": "9750611",
    "movie_id": "31565"
  },
  {
    "review": "브리짓 존스보다 마크 다시가 더 눈에 들어온다.",
    "date": "15.02.25",
    "rating": "6",
    "author": "cube****",
    "review_id": "9736479",
    "movie_id": "31565"
  },
  {
    "review": "영국판 김삼순. 예쁘지도 않고 잘나지도 않은 나에게 나타난 '내모습 그대로'를 좋아해주는 완벽남! 이라는 진부한 스토리지만... (사실 왜 남자가 여자를 좋아하게 됐는지는 아무도 모름...) 한 시대를 풍미할만한 워너비 남친 콜린 퍼스 때문에 9점줌.",
    "date": "15.02.22",
    "rating": "9",
    "author": "ryou****",
    "review_id": "9726691",
    "movie_id": "31565"
  },
  {
    "review": "일년에 한번씩은 꼭 보게되는 영화~~마크 다아시",
    "date": "15.02.20",
    "rating": "10",
    "author": "bhki****",
    "review_id": "9719433",
    "movie_id": "31565"
  },
  {
    "review": "볼수록 이 영화의 매력에 빠져든다.한번 보고는 이 영화를 느꼈다고 볼 수없지!",
    "date": "15.02.07",
    "rating": "10",
    "author": "prin****",
    "review_id": "9677433",
    "movie_id": "31565"
  },
  {
    "review": "콜린퍼스와 휴 그랜트의 자연스러운 연기력으로 여주인공을 돋보이게 해주는 영화. 2편이 궁금한 영화.",
    "date": "15.01.17",
    "rating": "8",
    "author": "isch****",
    "review_id": "9605849",
    "movie_id": "31565"
  },
  {
    "review": "너무나 사랑스러운 브리짓 ㅋㅋ OST도 강추!",
    "date": "15.01.12",
    "rating": "10",
    "author": "jiam****",
    "review_id": "9585957",
    "movie_id": "31565"
  },
  {
    "review": "마지막장면 남자주인공 완전멋있음ㅠㅠ",
    "date": "15.01.05",
    "rating": "9",
    "author": "ec67****",
    "review_id": "9563925",
    "movie_id": "31565"
  },
  {
    "review": "'영 국 식' 로맨틱 코미디",
    "date": "14.12.25",
    "rating": "7",
    "author": "popy****",
    "review_id": "9511590",
    "movie_id": "31565"
  },
  {
    "review": "명성에 비해  솔직히 별로..웃기긴 했다",
    "date": "14.12.23",
    "rating": "6",
    "author": "risa****",
    "review_id": "9503222",
    "movie_id": "31565"
  },
  {
    "review": "오랜 시간이 지난 영화임에도 아직도 관객과 소통하는 영화.",
    "date": "14.12.23",
    "rating": "10",
    "author": "sul0****",
    "review_id": "9503196",
    "movie_id": "31565"
  },
  {
    "review": "유일하게 재밌게본 로맨스물",
    "date": "14.12.21",
    "rating": "10",
    "author": "ksw9****",
    "review_id": "9495697",
    "movie_id": "31565"
  },
  {
    "review": "또 봐도 좋다.  OO전 영화인가요. 참 이젠 다르게 보이네요.",
    "date": "14.12.21",
    "rating": "10",
    "author": "hyst****",
    "review_id": "9494992",
    "movie_id": "31565"
  },
  {
    "review": "일본 까는 맛이 아주  제대로네 ㅋㅋㅋ 요즘 같이 추워질때 보면 좋은 로맨틱 영화.",
    "date": "14.11.16",
    "rating": "10",
    "author": "otu2****",
    "review_id": "9390649",
    "movie_id": "31565"
  },
  {
    "review": "현실적이고 사랑스런 영화. 요즘은 이런 영화 보기가 참 힘드네요",
    "date": "14.11.06",
    "rating": "8",
    "author": "ehwj****",
    "review_id": "9343211",
    "movie_id": "31565"
  },
  {
    "review": "브리짓존스의 일기...유명함에 비해 너무 순위가 낮네. 개성있는 캐릭터가 만드는 정말 재미있는 영화이다",
    "date": "14.11.01",
    "rating": "10",
    "author": "sieu****",
    "review_id": "9333462",
    "movie_id": "31565"
  },
  {
    "review": "노팅 힐 보다가 문득 다시생각난 영화, 멋진 OST",
    "date": "14.10.31",
    "rating": "10",
    "author": "sdhg****",
    "review_id": "9331281",
    "movie_id": "31565"
  },
  {
    "review": "콜린퍼스 뭔데 잘생기고 난리야 ㅠㅠ 마지막에 코트로 안아주는 장면은 진짜 엉엉 키도크고 연기도잘하고 목소리는 끝장이다 ..",
    "date": "14.10.27",
    "rating": "10",
    "author": "yy5s****",
    "review_id": "9321327",
    "movie_id": "31565"
  },
  {
    "review": "한국의로코처럼 뻔한대사와 유치하지않음. 로코의 정석이지만 유쾌하고 뻔한 스토리지만 뻔하지않게하는 대사와 전개. 재밋음ㅋㅋ 특히 남주가 진짜멋지게나옴.",
    "date": "14.10.23",
    "rating": "9",
    "author": "wjdt****",
    "review_id": "9310206",
    "movie_id": "31565"
  },
  {
    "review": "샤론 맥과이어 감독의 브리짓존스의 일기 재밌다.",
    "date": "14.10.20",
    "rating": "10",
    "author": "gnss****",
    "review_id": "9304664",
    "movie_id": "31565"
  },
  {
    "review": "정말 사랑스러운 영화, 로코계의 거장",
    "date": "14.10.09",
    "rating": "10",
    "author": "qnad****",
    "review_id": "9277764",
    "movie_id": "31565"
  },
  {
    "review": "왜 평점이 이거밖에 안되지! 최고의 로맨틱코메디영화다",
    "date": "14.10.08",
    "rating": "10",
    "author": "tito****",
    "review_id": "9275168",
    "movie_id": "31565"
  },
  {
    "review": "귀에 익은 OST들과 사랑스러운 르네 젤위거 그리고 영국식 유머와 억양이 너무나 매력적인 영화. 크리스마스 시즌이나 연초에 보면 좋을 듯. 여성들은 콜린 퍼스에게 남성들은 르네 젤위거에 몰입 잘 되었을 듯",
    "date": "14.10.06",
    "rating": "10",
    "author": "jjaj****",
    "review_id": "9268839",
    "movie_id": "31565"
  },
  {
    "review": "좋아요 크리스마스 느낌 작렬 !! @.@",
    "date": "14.10.03",
    "rating": "10",
    "author": "kyun****",
    "review_id": "9259708",
    "movie_id": "31565"
  },
  {
    "review": "유쾌한 그냥저냥 로맨틱코미디",
    "date": "14.09.28",
    "rating": "8",
    "author": "dksg****",
    "review_id": "9245729",
    "movie_id": "31565"
  },
  {
    "review": "매력 있는 영화 ...^^",
    "date": "14.09.14",
    "rating": "9",
    "author": "vanq****",
    "review_id": "9212204",
    "movie_id": "31565"
  },
  {
    "review": "생각할수록  입에서 잔잔한미소가 나는영화  몇번을봐도 재미난영화",
    "date": "14.08.01",
    "rating": "10",
    "author": "che9****",
    "review_id": "9002504",
    "movie_id": "31565"
  },
  {
    "review": "어렸을때, 보는눈지지리없을때 봤던영화인데도, 기억에남는건, 참여자가, 저렇게 나이먹고도 귀엽고 사랑스러울수가있지?그거랑, 어?남주잘못뽑은것같은데, 막판에 남주 콜린퍼스 의외로,,,,귄-인는얼굴이네, ㅎㅎㅎ",
    "date": "14.07.21",
    "rating": "10",
    "author": "tjdt****",
    "review_id": "8936998",
    "movie_id": "31565"
  },
  {
    "review": "로맨틱 코미디 영화의 교과서같은 느낌이었다. 전체적으로 무난하게 봐도 좋은 영화!",
    "date": "14.07.13",
    "rating": "9",
    "author": "rode****",
    "review_id": "8913392",
    "movie_id": "31565"
  },
  {
    "review": "여자들은 바람둥이들을 정말 멋지다고 생각하고 좋아하는구나. 그러면서 현실에서 바람피는 남자한테 당해놓고 울고불고 그러지 마라.",
    "date": "14.06.06",
    "rating": "1",
    "author": "mara****",
    "review_id": "8803202",
    "movie_id": "31565"
  },
  {
    "review": "20대 초반때 이 영화를 봤을땐 그저 브리짓을 연기한 르네가 넘 사랑스러워서 좋았다. 하지만 10년후... 이 영화를 보는데 뼛속깊이 콕콕 박힌다. 어쩜 이렇게 공감이 되는지..워킹타이틀 필름의 최고의 수혜작이라면 당연히 난 브리짓 존스의 일기라 생각",
    "date": "14.05.14",
    "rating": "10",
    "author": "insn****",
    "review_id": "8728986",
    "movie_id": "31565"
  },
  {
    "review": "바람핀년놈들 전부다 성불구자로 만들어야 한다 당해본사람만 그 분노를 알수 있음",
    "date": "14.05.12",
    "rating": "8",
    "author": "kp20****",
    "review_id": "8726136",
    "movie_id": "31565"
  },
  {
    "review": "내가 나이를 먹어서 그런가? 10년도 더 된 그 옛날에 봤을 때는 그냥 그랬는데 이번에 다시 보니 공감가는 부분도 있고 엔딩도 맘에 들고 아무튼 재미있게 봤음. 오만과 편견을 시대에 맞게 잘 재해석한 웰메이드 로맨틱 코메디임은 분명함.",
    "date": "14.04.28",
    "rating": "8",
    "author": "jbri****",
    "review_id": "8679825",
    "movie_id": "31565"
  },
  {
    "review": "음...정신없이 이야기가 진행되지만 오히려 지루한 느낌..?",
    "date": "14.04.20",
    "rating": "7",
    "author": "sage****",
    "review_id": "8661015",
    "movie_id": "31565"
  },
  {
    "review": "분위기도 좋고 참 재밌던 영화. 내가 생각했던 방식이랑은 상당히 다르게 흐르긴했으나 예상치못했던 그런점들이 너무 매력있었다. 그리고 여주가 넘 매력적이라서 영화보는 재미가 한층 향상되는듯.",
    "date": "14.04.04",
    "rating": "9",
    "author": "rmar****",
    "review_id": "8627469",
    "movie_id": "31565"
  },
  {
    "review": "다시보고 또봐도 안질리는 로코물중 최고의 영화",
    "date": "14.02.27",
    "rating": "10",
    "author": "9584****",
    "review_id": "8542616",
    "movie_id": "31565"
  },
  {
    "review": "더 커서 봐야 공감이 갈듯...",
    "date": "14.02.27",
    "rating": "6",
    "author": "rhfl****",
    "review_id": "8540734",
    "movie_id": "31565"
  },
  {
    "review": "로맨틱 코미디는 이 정도 영화면 다 갖췄다고 본다. 오만과 편견이라는 제인 오스틴 소설을 현대판으로 재해석하면 이런 느낌일까? 브리짓의 찌질함은 영화를 내내 발랄하게 이끌어간다. 그녀의 미소 한방이면 찌질함도 귀여움으로 변신!",
    "date": "14.01.16",
    "rating": "10",
    "author": "jms5****",
    "review_id": "8389095",
    "movie_id": "31565"
  },
  {
    "review": "르네젤위거 너무 좋다 너무 좋아서 르네젤위거 영화는 꼭 챙겨본다 하지만 후회해본적이 없다",
    "date": "14.01.13",
    "rating": "8",
    "author": "lkyl****",
    "review_id": "8380718",
    "movie_id": "31565"
  },
  {
    "review": "콜린 퍼스라는 여자들의 완벽한 판타지.",
    "date": "14.01.13",
    "rating": "9",
    "author": "love****",
    "review_id": "8380527",
    "movie_id": "31565"
  },
  {
    "review": "로맨틱 코미디의 정석이자 거기서 그침",
    "date": "14.01.08",
    "rating": "7",
    "author": "shss****",
    "review_id": "8360604",
    "movie_id": "31565"
  },
  {
    "review": "워킹 타이틀에서 만들고 리차드 커티스가 관여해도 후진 영화는 많음. 원작이 별로라 영화로 만들어도 어쩔 수가 없음.",
    "date": "14.01.07",
    "rating": "1",
    "author": "roma****",
    "review_id": "8357360",
    "movie_id": "31565"
  },
  {
    "review": "사랑스러운 영화임. 즐거운 로맨틱 코미디",
    "date": "13.12.31",
    "rating": "9",
    "author": "lse1****",
    "review_id": "8329691",
    "movie_id": "31565"
  },
  {
    "review": "영화를 웃음소리로 표현해바라 하면, 정신 빼놓고 팔다리에 힘을 풀고 헤헤햇ㅅ",
    "date": "13.12.31",
    "rating": "10",
    "author": "kkal****",
    "review_id": "8329057",
    "movie_id": "31565"
  },
  {
    "review": "아 귀여운 로맨스 브리짓 존스",
    "date": "13.12.28",
    "rating": "10",
    "author": "119d****",
    "review_id": "8316222",
    "movie_id": "31565"
  },
  {
    "review": "귀여운 브리짓 매력적인 그녀 사랑할 수 밖에 없구나~",
    "date": "13.12.25",
    "rating": "10",
    "author": "lhs5****",
    "review_id": "8294165",
    "movie_id": "31565"
  },
  {
    "review": "르네 젤위거 누님의 엄청난 매력!",
    "date": "13.12.23",
    "rating": "10",
    "author": "ske4****",
    "review_id": "8280458",
    "movie_id": "31565"
  },
  {
    "review": "너무나 유쾌하고 멋진 영화! 정말 잘 만들어진 작품. 몇 번을 봐도 재미있고 감동이 밀려오는 단연 최고의 로맨틱영화 중  하나!",
    "date": "13.12.15",
    "rating": "10",
    "author": "jreu****",
    "review_id": "8217217",
    "movie_id": "31565"
  },
  {
    "review": "크리스마스때 보고싶은영화",
    "date": "13.11.30",
    "rating": "9",
    "author": "mich****",
    "review_id": "8180208",
    "movie_id": "31565"
  },
  {
    "review": "공감된다 ;, 적어도 우울하지만은않은,",
    "date": "13.10.10",
    "rating": "10",
    "author": "geni****",
    "review_id": "8050479",
    "movie_id": "31565"
  },
  {
    "review": "적당히 현실과 판타지를 조합. 재밌고 상큼하다. 르네젤위거의 연기는 역시.",
    "date": "13.09.11",
    "rating": "9",
    "author": "bbb2****",
    "review_id": "7967269",
    "movie_id": "31565"
  },
  {
    "review": "짱",
    "date": "13.08.18",
    "rating": "10",
    "author": "cmr7****",
    "review_id": "7901311",
    "movie_id": "31565"
  },
  {
    "review": "영국 영화는 어째 007을 필두로 해서 하나같이 그렇게 유치한 영화 일색인지 모르겠다, 유치한거도 그렇지만 관객을 무지 모자른 사람으로 생각하나보다. 여기에 평점 높게 주는 분들은 아마도 같이 영화 만든 분들이 아니라면 지적 수준을 의심해 봐야....",
    "date": "13.08.06",
    "rating": "1",
    "author": "cosc****",
    "review_id": "7847236",
    "movie_id": "31565"
  },
  {
    "review": "정망 사랑스러운 영화!! 다시 봐도 재미있다",
    "date": "13.08.05",
    "rating": "9",
    "author": "ii23****",
    "review_id": "7840631",
    "movie_id": "31565"
  },
  {
    "review": "다시봐도 좋은 영화",
    "date": "13.08.04",
    "rating": "9",
    "author": "pupa****",
    "review_id": "7835503",
    "movie_id": "31565"
  },
  {
    "review": "그저이뿌고웃김ㅋ",
    "date": "13.07.28",
    "rating": "10",
    "author": "suji****",
    "review_id": "7793724",
    "movie_id": "31565"
  },
  {
    "review": "사랑스러운 로맨틱코미디의 진수. 특히 일본인을 몹쓸 종족이라 표현한 브릿지의 어머니가 참 마음에 든다.",
    "date": "13.07.13",
    "rating": "10",
    "author": "shin****",
    "review_id": "7732982",
    "movie_id": "31565"
  },
  {
    "review": "수준급의 로맨틱 코미디 ㅋㅋ 책도 그럭저럭 볼만 했지만 영화가 훨 매력적으로 느껴짐 ㅎ 뭐 어떤 브리짓도 유쾌하지 ㅎㅎ 르네젤위거 사랑함",
    "date": "13.06.09",
    "rating": "8",
    "author": "dan_****",
    "review_id": "7615161",
    "movie_id": "31565"
  },
  {
    "review": "내 최고의 로맨틱 코미디. 10번도 넘게 봤지만, 볼 때마다 사랑스러운 브리짓과 멋있는 다르시",
    "date": "13.05.28",
    "rating": "10",
    "author": "schp****",
    "review_id": "7559826",
    "movie_id": "31565"
  },
  {
    "review": "너무나 낭만적인영화에요  마지막 엔딩이 아직도  가슴에 남아요",
    "date": "13.05.22",
    "rating": "10",
    "author": "miso****",
    "review_id": "7548690",
    "movie_id": "31565"
  },
  {
    "review": "다시 보고싶은 영화예요",
    "date": "13.04.29",
    "rating": "10",
    "author": "ensu****",
    "review_id": "7492425",
    "movie_id": "31565"
  },
  {
    "review": "몇 번을 봐도 질리지 않는 영화. 해마다 한번씩은 꼭 이 영화를 다시 보는데, 나이가 먹을수록 브리짓이 사랑스럽게 느껴진다.",
    "date": "13.04.26",
    "rating": "10",
    "author": "otl3****",
    "review_id": "7483959",
    "movie_id": "31565"
  },
  {
    "review": "굿",
    "date": "13.03.31",
    "rating": "9",
    "author": "havv****",
    "review_id": "7426186",
    "movie_id": "31565"
  },
  {
    "review": "Good~~~~~",
    "date": "13.03.31",
    "rating": "10",
    "author": "mone****",
    "review_id": "7425108",
    "movie_id": "31565"
  },
  {
    "review": "여자이지만 로맨스 영화 좋아하진 않는데 이거 진짜 재밌음ㅋㅋ몰입도 최고ㅋㅋ콜린 퍼스 같은 남자랑 결혼해야 하는데ㅋㅋ",
    "date": "13.03.04",
    "rating": "10",
    "author": "nkde****",
    "review_id": "7324506",
    "movie_id": "31565"
  },
  {
    "review": "영화보면서 이렇게 몰입되긴 첨이다ㅋㅋㅋㅋ정말 재밌었음",
    "date": "13.03.02",
    "rating": "10",
    "author": "gus2****",
    "review_id": "7317193",
    "movie_id": "31565"
  },
  {
    "review": "내가여자였다면 정말 재밌게 봤을 영화..",
    "date": "13.02.28",
    "rating": "7",
    "author": "qkdr****",
    "review_id": "7310551",
    "movie_id": "31565"
  },
  {
    "review": "콜린퍼스 넘 머싯는듯",
    "date": "13.02.24",
    "rating": "9",
    "author": "kei9****",
    "review_id": "7296483",
    "movie_id": "31565"
  },
  {
    "review": "브릿지존스 초반 울면서 노래 부르는 장면 최고!!",
    "date": "13.02.23",
    "rating": "9",
    "author": "rinm****",
    "review_id": "7293199",
    "movie_id": "31565"
  },
  {
    "review": "휴그랜트 너무 좋아해서 봤는데 매력적인 바람둥이로 나오네요 ㅎㅎ 바람둥이 그 모습도 넘 사랑스럽더라는 ㅎㅎ 르네연기도 좋구요 로맨틱코미디 좋아하는 저에겐 넘 좋았던영화~~",
    "date": "13.02.04",
    "rating": "10",
    "author": "jcmj****",
    "review_id": "7224838",
    "movie_id": "31565"
  },
  {
    "review": "아유 귀여워",
    "date": "13.02.03",
    "rating": "10",
    "author": "vboy****",
    "review_id": "7217797",
    "movie_id": "31565"
  },
  {
    "review": "로맨틱코메디의 정석ㅋㅋㅋ",
    "date": "13.01.27",
    "rating": "9",
    "author": "ehdd****",
    "review_id": "7185148",
    "movie_id": "31565"
  }
]