[
  {
    "review": "가장 재미있는 상상이 세상을 움직인다!",
    "date": "15.08.12",
    "rating": "10",
    "author": "baes****",
    "review_id": "10219500",
    "movie_id": "31579"
  },
  {
    "review": "굿굿 정말 몇년이 지나도 재밌다",
    "date": "15.08.05",
    "rating": "9",
    "author": "seeh****",
    "review_id": "10190519",
    "movie_id": "31579"
  },
  {
    "review": "어릴때는 그냥 재밌는 애니라고생각했는데 다시보니 정말 명작이예요",
    "date": "15.08.01",
    "rating": "10",
    "author": "zlem****",
    "review_id": "10168809",
    "movie_id": "31579"
  },
  {
    "review": "말도필요없이 굳잼ㅋㅋㅋ",
    "date": "15.07.31",
    "rating": "10",
    "author": "ddd2****",
    "review_id": "10166099",
    "movie_id": "31579"
  },
  {
    "review": "엄청난 영화였음...영화관에서 봤을때의 그 재미를 잊을수없음",
    "date": "15.07.31",
    "rating": "10",
    "author": "choa****",
    "review_id": "10165822",
    "movie_id": "31579"
  },
  {
    "review": "현재 상영해도 이상할 것이 없을정도로 완벽하다!!",
    "date": "15.07.28",
    "rating": "10",
    "author": "rkfr****",
    "review_id": "10154722",
    "movie_id": "31579"
  },
  {
    "review": "디즈니 80년사를 한 방에 맥여버린 전설의 빅엿",
    "date": "15.07.26",
    "rating": "9",
    "author": "paju****",
    "review_id": "10144440",
    "movie_id": "31579"
  },
  {
    "review": "영화 대박~~!!!!",
    "date": "15.07.04",
    "rating": "10",
    "author": "tmdq****",
    "review_id": "10069801",
    "movie_id": "31579"
  },
  {
    "review": "내 어린시절의 달콤한 추억",
    "date": "15.06.12",
    "rating": "10",
    "author": "seun****",
    "review_id": "9992821",
    "movie_id": "31579"
  },
  {
    "review": "애니매이션 중에서는 슈렉 시리즈가 난 가장 재미가없었다는... 하지만 1편은  제외",
    "date": "15.05.19",
    "rating": "5",
    "author": "kimk****",
    "review_id": "9931893",
    "movie_id": "31579"
  },
  {
    "review": "최초의 디즈니식 애니메이션을 풍자한 작품.",
    "date": "15.04.22",
    "rating": "10",
    "author": "joon****",
    "review_id": "9856294",
    "movie_id": "31579"
  },
  {
    "review": "스토리를 와아...애들 영화라도 진짜 잘 짠듯... 이거 보길 잘함",
    "date": "15.04.19",
    "rating": "10",
    "author": "ji83****",
    "review_id": "9852528",
    "movie_id": "31579"
  },
  {
    "review": "[ 스토리 9, 비주얼 8, 연출 8, 연기 7 ]　기막힌 시나리오와 절묘한 3D, 유머가 만나 최고의 애니메이션을 탄생시키다.",
    "date": "15.04.16",
    "rating": "8",
    "author": "eyeb****",
    "review_id": "9847755",
    "movie_id": "31579"
  },
  {
    "review": "슈렉보다... 당나귀때문에 은근 기분 좋아지는 애니ㅋ 근데 피오나 공주는 원래 도깨비였던거야? ㅋㅋ 마법이 안 풀리네...",
    "date": "15.02.20",
    "rating": "8",
    "author": "youn****",
    "review_id": "9720508",
    "movie_id": "31579"
  },
  {
    "review": "평점 너무 낮다!! 동화의 주연들이 조연이 되는 참신함이 좋았다.",
    "date": "15.02.17",
    "rating": "10",
    "author": "lees****",
    "review_id": "9706611",
    "movie_id": "31579"
  },
  {
    "review": "진짜추억으영화꿀잼ㅎㅎ",
    "date": "15.02.14",
    "rating": "10",
    "author": "zczc****",
    "review_id": "9694055",
    "movie_id": "31579"
  },
  {
    "review": "지금봐도 잼있음(정말 드림웍스다운영화)",
    "date": "15.01.28",
    "rating": "10",
    "author": "jw99****",
    "review_id": "9643858",
    "movie_id": "31579"
  },
  {
    "review": "못생긴 주인공을 통해서도 다다를 수 있는 경지.",
    "date": "15.01.22",
    "rating": "8",
    "author": "tear****",
    "review_id": "9621675",
    "movie_id": "31579"
  },
  {
    "review": "솔직히 그래도 피오나 사람일때가 더좋음",
    "date": "15.01.15",
    "rating": "10",
    "author": "leeg****",
    "review_id": "9595181",
    "movie_id": "31579"
  },
  {
    "review": "유치해서 좀 그랬음...",
    "date": "15.01.14",
    "rating": "7",
    "author": "croo****",
    "review_id": "9591061",
    "movie_id": "31579"
  },
  {
    "review": "어쩌면 진부할수도 있는 스토리 허나 슈렉은 그냥 재밌다.",
    "date": "15.01.04",
    "rating": "10",
    "author": "zwd1****",
    "review_id": "9562509",
    "movie_id": "31579"
  },
  {
    "review": "애니의 새로운 지평..",
    "date": "14.12.09",
    "rating": "9",
    "author": "jung****",
    "review_id": "9459719",
    "movie_id": "31579"
  },
  {
    "review": "전설의 애니 ㅋ  마지막 반전은 진짜 ㅋ  애니역사상 최고의 반전이었음",
    "date": "14.11.25",
    "rating": "9",
    "author": "fghy****",
    "review_id": "9419942",
    "movie_id": "31579"
  },
  {
    "review": "발상의 전환과 유쾌한 비틀기",
    "date": "14.11.24",
    "rating": "6",
    "author": "goms****",
    "review_id": "9418090",
    "movie_id": "31579"
  },
  {
    "review": "변신하니 못생겨졌다는 설정은 참 참신하다. 하지만 이 애니 이후 모든 여주인공들이 너무 씩씩해져 좀 아쉽다. 때론 여리여리한 여주인공도 좋은데.",
    "date": "14.11.13",
    "rating": "7",
    "author": "whia****",
    "review_id": "9380927",
    "movie_id": "31579"
  },
  {
    "review": "니모,슈렉1,2 ...이때가 3D 전성기때였다..진짜.",
    "date": "14.11.08",
    "rating": "10",
    "author": "ajho****",
    "review_id": "9357312",
    "movie_id": "31579"
  },
  {
    "review": "제일 좋아하는 영화중 하나. 평점 높여주고 싶어서 갑자기 남기고감...",
    "date": "14.10.15",
    "rating": "10",
    "author": "moun****",
    "review_id": "9294016",
    "movie_id": "31579"
  },
  {
    "review": "이제는 추억이 되어버린 영화. 개인적으로 너무 좋아하는 영화다.",
    "date": "14.10.13",
    "rating": "10",
    "author": "rode****",
    "review_id": "9290397",
    "movie_id": "31579"
  },
  {
    "review": "처음부터 끝까지 모든 애니의 기본공식을 박살내다.",
    "date": "14.10.13",
    "rating": "8",
    "author": "jiyu****",
    "review_id": "9289036",
    "movie_id": "31579"
  },
  {
    "review": "어릴때 비디오 테이프로 수없이 돌려봤는데.. 오늘 다운받아서 봐야겠다",
    "date": "14.09.20",
    "rating": "10",
    "author": "yaya****",
    "review_id": "9230149",
    "movie_id": "31579"
  },
  {
    "review": "패러디와 블랙 유머로 무장한 신박한 애니매이션!",
    "date": "14.09.16",
    "rating": "8",
    "author": "this****",
    "review_id": "9218524",
    "movie_id": "31579"
  },
  {
    "review": "정말ㅠ중학교때보고 이십대후반이 다되가는데도ㅎㅎ또봗느 재밌네요!!!!",
    "date": "14.09.05",
    "rating": "10",
    "author": "chri****",
    "review_id": "9170429",
    "movie_id": "31579"
  },
  {
    "review": "꿀잼 그 자체 상상력이 풍부해지는 영화ㅋㅋ",
    "date": "14.08.23",
    "rating": "10",
    "author": "smil****",
    "review_id": "9125121",
    "movie_id": "31579"
  },
  {
    "review": "가장 훌륭하다....",
    "date": "14.08.19",
    "rating": "10",
    "author": "rand****",
    "review_id": "9112477",
    "movie_id": "31579"
  },
  {
    "review": "요즘 다시 봐도 꿀리지 않아요",
    "date": "14.08.16",
    "rating": "9",
    "author": "doo3****",
    "review_id": "9098149",
    "movie_id": "31579"
  },
  {
    "review": "슈렉이라는 영화 자체가 그냥 전설이다",
    "date": "14.08.10",
    "rating": "10",
    "author": "sehu****",
    "review_id": "9062023",
    "movie_id": "31579"
  },
  {
    "review": "일반화됀 동화에 대한 유쾌한반란",
    "date": "14.08.10",
    "rating": "10",
    "author": "opl1****",
    "review_id": "9059589",
    "movie_id": "31579"
  },
  {
    "review": "어릴 때 봤지만 너무 재밌었다. 어른 아이 둘 다 재밌게 볼 수 있다.",
    "date": "14.07.30",
    "rating": "9",
    "author": "swh1****",
    "review_id": "8979582",
    "movie_id": "31579"
  },
  {
    "review": "그래도 좋긴좋었다zz",
    "date": "14.07.03",
    "rating": "7",
    "author": "hang****",
    "review_id": "8879771",
    "movie_id": "31579"
  },
  {
    "review": "슈렉 이거 정말 명작이죠 ㅎㅎ..",
    "date": "14.07.01",
    "rating": "10",
    "author": "byun****",
    "review_id": "8873844",
    "movie_id": "31579"
  },
  {
    "review": "심심할때보면 재미있음요",
    "date": "14.05.07",
    "rating": "10",
    "author": "magi****",
    "review_id": "8714690",
    "movie_id": "31579"
  },
  {
    "review": "베스트  잼있어요  !!!!",
    "date": "14.03.26",
    "rating": "10",
    "author": "marc****",
    "review_id": "8607482",
    "movie_id": "31579"
  },
  {
    "review": "대학생이 되서 다시 봐도 정말 잘 만든 애니메이션이라는 생각이 든다.",
    "date": "14.03.20",
    "rating": "10",
    "author": "jung****",
    "review_id": "8589642",
    "movie_id": "31579"
  },
  {
    "review": "10번넘게 본듯 심심할때마다 봄",
    "date": "14.03.04",
    "rating": "10",
    "author": "gbwl****",
    "review_id": "8556147",
    "movie_id": "31579"
  },
  {
    "review": "이거 명작이지않나? 이런 영화가 평점이 9점대가 되어야한다. 추억의 영화",
    "date": "14.02.16",
    "rating": "10",
    "author": "jieu****",
    "review_id": "8511831",
    "movie_id": "31579"
  },
  {
    "review": "글쎄요. 너무 일부러  불량 하게 만들려고 노력한거 같네요. 에니메이션 교육적으로 만들면 안될거 있나.",
    "date": "14.02.11",
    "rating": "6",
    "author": "pian****",
    "review_id": "8497683",
    "movie_id": "31579"
  },
  {
    "review": "동심파괴 애니메이션 한번쯤 동화속 인물들이 다 모여봤으면 했던 생각으로 나온 명작 만화",
    "date": "14.01.21",
    "rating": "8",
    "author": "lkyl****",
    "review_id": "8405385",
    "movie_id": "31579"
  },
  {
    "review": "어렸을 때 진짜 많이 봤던 영화",
    "date": "14.01.20",
    "rating": "10",
    "author": "pc59****",
    "review_id": "8404171",
    "movie_id": "31579"
  },
  {
    "review": "내가 제일 좋아하는 캐릭터",
    "date": "14.01.16",
    "rating": "10",
    "author": "3ros****",
    "review_id": "8387561",
    "movie_id": "31579"
  },
  {
    "review": "녹색 캐릭터들이 많네유. 먹는 거만 좋아하던 먹깨비가 운동 열심히 해서 근육맨 헐크 됐다가 요요 현상 와서 슈렉 됐네유. 덩키가 웃겨서 덩키 보는 재미가 더 있네유.",
    "date": "14.01.13",
    "rating": "10",
    "author": "real****",
    "review_id": "8380799",
    "movie_id": "31579"
  },
  {
    "review": "어렸을때는 그냥 대충 봐서 잘 몰랐는데 10년이라는 시간이 지나고 다시 보니 풋풋한 감동과 함께 저절로 미소지어진다 최고의 애니메이션",
    "date": "14.01.09",
    "rating": "9",
    "author": "the0****",
    "review_id": "8362444",
    "movie_id": "31579"
  },
  {
    "review": "재미, 감동, 교훈, 그리고 영화적 만듦새까지!",
    "date": "13.12.01",
    "rating": "9",
    "author": "corc****",
    "review_id": "8181790",
    "movie_id": "31579"
  },
  {
    "review": "10년이 넘은 지금 봐도 요즘 나오는 애니메이션들에 꿀리지 않는다.",
    "date": "13.11.05",
    "rating": "10",
    "author": "3771****",
    "review_id": "8116491",
    "movie_id": "31579"
  },
  {
    "review": "후속작들이 타이틀말아먹은 대표적인케이스",
    "date": "13.09.08",
    "rating": "9",
    "author": "awef****",
    "review_id": "7957561",
    "movie_id": "31579"
  },
  {
    "review": "최고..",
    "date": "13.09.02",
    "rating": "10",
    "author": "hdh0****",
    "review_id": "7942501",
    "movie_id": "31579"
  },
  {
    "review": "드림웍스애니 중 볼만한 몇 안되는 작품. 일단 코미디적 요소가 잘 배합되어있다는 점. 하지만 애니는 역시 픽사!",
    "date": "13.08.19",
    "rating": "8",
    "author": "jjaj****",
    "review_id": "7903644",
    "movie_id": "31579"
  },
  {
    "review": "드림웍스가 픽사보다 보통 못하지만 이 작품만은 예외.",
    "date": "13.08.08",
    "rating": "5",
    "author": "sejo****",
    "review_id": "7858187",
    "movie_id": "31579"
  },
  {
    "review": "애니를 많이본건아니지만 기발하고.유쾌하고 재밌는 감동적인 애니메이션 최고다!",
    "date": "13.07.24",
    "rating": "8",
    "author": "nimo****",
    "review_id": "7779576",
    "movie_id": "31579"
  },
  {
    "review": "최고입니다",
    "date": "13.06.26",
    "rating": "10",
    "author": "shal****",
    "review_id": "7681113",
    "movie_id": "31579"
  },
  {
    "review": "나이 들어서 봐도 재밌다. 삽입곡들도 너무좋다ㅠㅠ",
    "date": "13.05.18",
    "rating": "10",
    "author": "hjw0****",
    "review_id": "7539901",
    "movie_id": "31579"
  },
  {
    "review": "디즈니와 픽사 사이에서 최고의 힘을 발휘해준 드림웍스. 이 시대의 최고의 캐릭터, 뮤지컬 영화가 아닌데도 절묘한 삽입곡들, 가슴 따스해지는 이야기. 너무 사랑스럽다.",
    "date": "13.05.17",
    "rating": "10",
    "author": "minw****",
    "review_id": "7534835",
    "movie_id": "31579"
  },
  {
    "review": "재밋다",
    "date": "13.04.24",
    "rating": "10",
    "author": "zjvl****",
    "review_id": "7478069",
    "movie_id": "31579"
  },
  {
    "review": "[아카데미]2002년74회 장편에니메이션1개부문수상작.드림웍스에서기존의에동화틀을깨는에니메이션을만들었다.선남선녀대신못생긴이들을주인공으로과감히만든것이다.매트릭스처럼발차기하는공주또반전으로마법이풀리니공주가추녀였던게생각난다.제아이디클릭개봉전평점영화들평점해주세요",
    "date": "13.04.24",
    "rating": "7",
    "author": "new7****",
    "review_id": "7477974",
    "movie_id": "31579"
  },
  {
    "review": "기발한 상상력. 유쾌한 재미. 애기가 있다면 가장 먼저 보여주고 싶은 영화.",
    "date": "13.02.27",
    "rating": "9",
    "author": "shki****",
    "review_id": "7307694",
    "movie_id": "31579"
  },
  {
    "review": "삶을 가볍게 보는 것도 좋다.",
    "date": "13.02.08",
    "rating": "7",
    "author": "kos4****",
    "review_id": "7238649",
    "movie_id": "31579"
  },
  {
    "review": "역대급 패러디의 시작",
    "date": "13.02.02",
    "rating": "8",
    "author": "soqu****",
    "review_id": "7214705",
    "movie_id": "31579"
  },
  {
    "review": "구성이 마음에 듦",
    "date": "13.01.20",
    "rating": "9",
    "author": "gint****",
    "review_id": "7136581",
    "movie_id": "31579"
  },
  {
    "review": "10년 전에 학교에서 재밌게 봤었던 기억이 아직까지 남는군요.지금까지 안잊혀질 정도로 재미와 작품성 보장",
    "date": "12.12.31",
    "rating": "10",
    "author": "zero****",
    "review_id": "7067242",
    "movie_id": "31579"
  },
  {
    "review": "제동생도잘보고 저4학년인데 아직도 이런유치한게 재미씀돠^^^^^^",
    "date": "12.12.01",
    "rating": "10",
    "author": "chlg****",
    "review_id": "6957188",
    "movie_id": "31579"
  },
  {
    "review": "아...웃겼음!",
    "date": "12.10.30",
    "rating": "10",
    "author": "xyz2****",
    "review_id": "6836710",
    "movie_id": "31579"
  },
  {
    "review": "정말 어릴때의 최고 중 최고의 영화였습니다.. 지금도 재미 있는 슈렉!",
    "date": "12.10.13",
    "rating": "10",
    "author": "tlsw****",
    "review_id": "6793777",
    "movie_id": "31579"
  },
  {
    "review": "슈렉은 1편에서 끝났어야했다",
    "date": "12.08.15",
    "rating": "10",
    "author": "tkdt****",
    "review_id": "6607517",
    "movie_id": "31579"
  },
  {
    "review": "못생겼지만 그래서 더 정이 가는 캐릭터",
    "date": "12.08.09",
    "rating": "7",
    "author": "dudd****",
    "review_id": "6584387",
    "movie_id": "31579"
  },
  {
    "review": "참신한 첫 작품은 여러모로 의미있음",
    "date": "12.06.28",
    "rating": "10",
    "author": "baek****",
    "review_id": "6423179",
    "movie_id": "31579"
  },
  {
    "review": "슈렉 이제 보는군아..재밌네ㅋㅋ",
    "date": "12.06.17",
    "rating": "9",
    "author": "luka****",
    "review_id": "6397141",
    "movie_id": "31579"
  },
  {
    "review": "어렸을때 본 기억이있어서 봤는데 지금보니까 재밌다는생각은 안들음.",
    "date": "12.06.05",
    "rating": "7",
    "author": "jekr****",
    "review_id": "6367157",
    "movie_id": "31579"
  },
  {
    "review": "재밌음ㅋㅋ",
    "date": "12.05.19",
    "rating": "10",
    "author": "tjdg****",
    "review_id": "6311174",
    "movie_id": "31579"
  },
  {
    "review": "기존에 있던 생각을 깬 슈렉 .. 1이 최고",
    "date": "12.04.19",
    "rating": "10",
    "author": "o0o1****",
    "review_id": "6231997",
    "movie_id": "31579"
  },
  {
    "review": "슈렉은 1이 제일 잼있었지..",
    "date": "12.04.14",
    "rating": "10",
    "author": "zzan****",
    "review_id": "6218730",
    "movie_id": "31579"
  },
  {
    "review": "완전 재밌다! 다시봐도 너무재밌다 보면서 어찌나 귀엽던지 히죽⌒∇⌒",
    "date": "12.02.20",
    "rating": "10",
    "author": "yous****",
    "review_id": "6091005",
    "movie_id": "31579"
  },
  {
    "review": "그 당시에서 보면 정말 명작 지금봐도 슈렉의 첫번째 모험은 그야 말로 대박! 이다.",
    "date": "12.02.13",
    "rating": "9",
    "author": "bur7****",
    "review_id": "6072358",
    "movie_id": "31579"
  },
  {
    "review": "그 당시에서 보면 정말 명작 지금봐도 슈렉의 첫번째 모험은 그야 말로 대박! 이다.",
    "date": "12.02.13",
    "rating": "9",
    "author": "bur7****",
    "review_id": "6072357",
    "movie_id": "31579"
  },
  {
    "review": "그 당시에서 보면 정말 명작 지금봐도 슈렉의 첫번째 모험은 그야 말로 대박! 이다.",
    "date": "12.02.13",
    "rating": "9",
    "author": "bur4****",
    "review_id": "6072355",
    "movie_id": "31579"
  },
  {
    "review": "그 당시에서 보면 정말 명작 지금봐도 슈렉의 첫번째 모험은 그야 말로 대박! 이다.",
    "date": "12.02.13",
    "rating": "7",
    "author": "bur7****",
    "review_id": "6072354",
    "movie_id": "31579"
  },
  {
    "review": "shock",
    "date": "12.02.04",
    "rating": "8",
    "author": "vvst****",
    "review_id": "6050480",
    "movie_id": "31579"
  },
  {
    "review": "슈렉시리즈중 원이 갑이지 ㅋ",
    "date": "12.01.29",
    "rating": "10",
    "author": "yjh1****",
    "review_id": "6033304",
    "movie_id": "31579"
  },
  {
    "review": "옛날에 정말 좋아한 애니메이션.",
    "date": "12.01.12",
    "rating": "10",
    "author": "vhoo****",
    "review_id": "5981374",
    "movie_id": "31579"
  },
  {
    "review": "외모가 다가 아니라는 것을 보여주는 영화였음",
    "date": "12.01.11",
    "rating": "10",
    "author": "pped****",
    "review_id": "5977896",
    "movie_id": "31579"
  },
  {
    "review": "솔직히 그냥 그런 ..평범한영화",
    "date": "12.01.07",
    "rating": "7",
    "author": "2723****",
    "review_id": "5968756",
    "movie_id": "31579"
  },
  {
    "review": "애니메이션의 르네상스",
    "date": "12.01.04",
    "rating": "9",
    "author": "nike****",
    "review_id": "5958297",
    "movie_id": "31579"
  },
  {
    "review": "캐릭터들이 재밌었다",
    "date": "11.12.04",
    "rating": "8",
    "author": "ccpp****",
    "review_id": "5886443",
    "movie_id": "31579"
  },
  {
    "review": "못 생긴 걸로 뜰 수 있다!",
    "date": "11.12.04",
    "rating": "8",
    "author": "rame****",
    "review_id": "5886442",
    "movie_id": "31579"
  },
  {
    "review": "충격적인 외모와 충격적인 결말",
    "date": "11.12.04",
    "rating": "8",
    "author": "kpcc****",
    "review_id": "5886441",
    "movie_id": "31579"
  },
  {
    "review": "살면서 꼭 한번은 봐야할 영화..",
    "date": "11.11.27",
    "rating": "10",
    "author": "tn99****",
    "review_id": "5872532",
    "movie_id": "31579"
  },
  {
    "review": "슈렉이라는 캐릭터의탄생",
    "date": "11.10.22",
    "rating": "9",
    "author": "wlgh****",
    "review_id": "5801755",
    "movie_id": "31579"
  },
  {
    "review": "애니메이션영화는 어린이만보는것이아니다!",
    "date": "11.10.02",
    "rating": "10",
    "author": "qwer****",
    "review_id": "5766707",
    "movie_id": "31579"
  },
  {
    "review": "익숙함을 새롭히는 상상력의 안경",
    "date": "11.09.20",
    "rating": "9",
    "author": "w7sk****",
    "review_id": "5742468",
    "movie_id": "31579"
  },
  {
    "review": "슈렉",
    "date": "11.09.06",
    "rating": "9",
    "author": "gmyi****",
    "review_id": "5712179",
    "movie_id": "31579"
  },
  {
    "review": "정말 재미있는 애니메이션 시리즈",
    "date": "11.09.05",
    "rating": "8",
    "author": "mais****",
    "review_id": "5709314",
    "movie_id": "31579"
  },
  {
    "review": "재밋엇어요 ㅋ",
    "date": "11.06.26",
    "rating": "10",
    "author": "sksm****",
    "review_id": "5501101",
    "movie_id": "31579"
  }
]