[
  {
    "review": "몽환적인 애니메이션. 잔잔할 지 몰라도 여운이 강하게 남는다.",
    "date": "14.10.18",
    "rating": "10",
    "author": "ddeg****",
    "review_id": "9300100",
    "movie_id": "31572"
  },
  {
    "review": "연예인 더빙이 왠말인가?? 전문 성우를 쓰라고!!!",
    "date": "14.10.08",
    "rating": "1",
    "author": "ske4****",
    "review_id": "9273967",
    "movie_id": "31572"
  },
  {
    "review": "오세암과 더불어 한국애니의 감동을 주는 대표걸작.. 한국애니도 정말 좋다는걸  알게해준 영화..",
    "date": "14.09.24",
    "rating": "10",
    "author": "fun3****",
    "review_id": "9239064",
    "movie_id": "31572"
  },
  {
    "review": "극장에서 본 애니치고는 상당히 감동받았던 그때가 떠오른다. 지금 다시 보려고 해도 찾을수가 없고... 다운받아서 다시 봐야겠다. 유희열과 이병우씨가 참여한 OST도 환상적이어서 좋다.",
    "date": "14.06.01",
    "rating": "10",
    "author": "miin****",
    "review_id": "8784722",
    "movie_id": "31572"
  },
  {
    "review": "여운이 많이 남는다.. ㅎㅎ",
    "date": "14.04.09",
    "rating": "9",
    "author": "ddon****",
    "review_id": "8637832",
    "movie_id": "31572"
  },
  {
    "review": "스토리면에서 항상 안타까움이 드는 한국의 애니메이션은 언젠가 넘어서야 할 숙제이다! 그래도 마리이야기는 영상미와 음악에서 충분히 최고의 가치를 지니고 있다!",
    "date": "14.04.06",
    "rating": "7",
    "author": "soni****",
    "review_id": "8632612",
    "movie_id": "31572"
  },
  {
    "review": "스토리이해도 안되고 어떤 이야기인지도 모르겟음 애니매이션 만들려면 잘만들어야지 일본한테 밀린다소리안듣지",
    "date": "14.03.20",
    "rating": "1",
    "author": "laws****",
    "review_id": "8589993",
    "movie_id": "31572"
  },
  {
    "review": "화면속 펼쳐진 순수한 영상미에 눈물이 났다.",
    "date": "14.02.10",
    "rating": "10",
    "author": "ingk****",
    "review_id": "8495563",
    "movie_id": "31572"
  },
  {
    "review": "내 인생 최고로 오래, 깊이 기억될 정말 훌륭한 우리나라 애니메이션.",
    "date": "13.10.03",
    "rating": "10",
    "author": "23es****",
    "review_id": "8029313",
    "movie_id": "31572"
  },
  {
    "review": "그림도 심심하고...내용도 지루하고..어른..아이할거없이하품하다 중간에 나오긴 처음인 영화네요...",
    "date": "13.07.06",
    "rating": "2",
    "author": "jc38****",
    "review_id": "7710680",
    "movie_id": "31572"
  },
  {
    "review": "스토리도 미숙했고 더빙도 많이 엉성했지만 이미지와 그림이 너무 이뻤고 마지막엔 좀 감동있음ㅇㅇ",
    "date": "13.05.03",
    "rating": "6",
    "author": "tgh7****",
    "review_id": "7502842",
    "movie_id": "31572"
  },
  {
    "review": "기억에남는 영화",
    "date": "13.04.29",
    "rating": "10",
    "author": "hna4****",
    "review_id": "7494083",
    "movie_id": "31572"
  },
  {
    "review": "좋아요. 마음을 움직이는 작품",
    "date": "13.02.21",
    "rating": "9",
    "author": "tpdu****",
    "review_id": "7286855",
    "movie_id": "31572"
  },
  {
    "review": "음악덕택에 마음에 남은 영화.",
    "date": "13.01.22",
    "rating": "10",
    "author": "aimi****",
    "review_id": "7155587",
    "movie_id": "31572"
  },
  {
    "review": "최고",
    "date": "13.01.14",
    "rating": "10",
    "author": "khj6****",
    "review_id": "7116151",
    "movie_id": "31572"
  },
  {
    "review": "좋네야",
    "date": "12.12.29",
    "rating": "1",
    "author": "dmsg****",
    "review_id": "7060825",
    "movie_id": "31572"
  },
  {
    "review": "OO 전에 봐도 기억",
    "date": "12.12.03",
    "rating": "10",
    "author": "kwon****",
    "review_id": "6963798",
    "movie_id": "31572"
  },
  {
    "review": "명작",
    "date": "12.11.19",
    "rating": "10",
    "author": "shrk****",
    "review_id": "6906364",
    "movie_id": "31572"
  },
  {
    "review": "영상음악 스토리 모두 좋은데;;;;",
    "date": "12.10.30",
    "rating": "10",
    "author": "pooh****",
    "review_id": "6836092",
    "movie_id": "31572"
  },
  {
    "review": "9점까진 아니지만 적어도 8점 후반대까진 가야한다.",
    "date": "12.10.14",
    "rating": "10",
    "author": "skdl****",
    "review_id": "6799857",
    "movie_id": "31572"
  },
  {
    "review": "굉장히 괜찮은 작품인데",
    "date": "12.08.23",
    "rating": "10",
    "author": "yjhm****",
    "review_id": "6638353",
    "movie_id": "31572"
  },
  {
    "review": "예전에 극장에서 봤는데 여운있는 영화였음",
    "date": "12.05.18",
    "rating": "7",
    "author": "rudd****",
    "review_id": "6307379",
    "movie_id": "31572"
  },
  {
    "review": "음악, 영상, 스토리, 성우 전부 꽝이다.",
    "date": "12.04.08",
    "rating": "4",
    "author": "25ap****",
    "review_id": "6201512",
    "movie_id": "31572"
  },
  {
    "review": "출연진 성우가 최고의 캐스팅 한국 애니의 가능성",
    "date": "12.01.21",
    "rating": "8",
    "author": "kims****",
    "review_id": "6005672",
    "movie_id": "31572"
  },
  {
    "review": "어렸을적 봤던 기억에 남는 아름다웠던 영화..  다시 보니 너무 새롭고 좋네요 ㅠ",
    "date": "11.08.23",
    "rating": "10",
    "author": "iris****",
    "review_id": "5681170",
    "movie_id": "31572"
  },
  {
    "review": "순수하게 그 본질을 바라봐 주면 안되나? 하야오니 뭐니 왜 그런말을 끼워넣는거야",
    "date": "11.05.19",
    "rating": "10",
    "author": "alsx****",
    "review_id": "5436441",
    "movie_id": "31572"
  },
  {
    "review": "내가 초등학생떄봣을떄는 너무 아름다웠던.. 토다는 사람들은 시각이 더럽혀진사람들",
    "date": "11.05.18",
    "rating": "10",
    "author": "alsd****",
    "review_id": "5434603",
    "movie_id": "31572"
  },
  {
    "review": "전문성우진으로 싹~재더빙해서 방송해줬음 좋겠네...",
    "date": "11.02.21",
    "rating": "5",
    "author": "free****",
    "review_id": "5265326",
    "movie_id": "31572"
  },
  {
    "review": "확 재밋진 않아도 생각이 많이 들게한 영화",
    "date": "10.12.28",
    "rating": "9",
    "author": "qpt9****",
    "review_id": "5096375",
    "movie_id": "31572"
  },
  {
    "review": "오랫동안 마음에 남는 영화, 최고!!",
    "date": "10.10.12",
    "rating": "10",
    "author": "gmlt****",
    "review_id": "4898520",
    "movie_id": "31572"
  },
  {
    "review": "ㅜㅜㅜㅜ너무잼씀",
    "date": "10.09.08",
    "rating": "10",
    "author": "djaa****",
    "review_id": "4824225",
    "movie_id": "31572"
  },
  {
    "review": "하야오?지브리? 무슨..... 전혀",
    "date": "10.06.08",
    "rating": "10",
    "author": "bot_****",
    "review_id": "4553096",
    "movie_id": "31572"
  },
  {
    "review": "유년기의 '동심'이 아닌, '정신분열'이 연상되는 것이 내 탓만은 아니다.",
    "date": "10.05.24",
    "rating": "4",
    "author": "acin****",
    "review_id": "4520501",
    "movie_id": "31572"
  },
  {
    "review": "그냥 좋은 영화",
    "date": "10.03.14",
    "rating": "8",
    "author": "cryd****",
    "review_id": "4356552",
    "movie_id": "31572"
  },
  {
    "review": "그저 울었다,",
    "date": "10.02.28",
    "rating": "10",
    "author": "wind****",
    "review_id": "4325477",
    "movie_id": "31572"
  },
  {
    "review": "하야오 냄새가 좀 나지만 이정도면 좋다. 근데 마리 몸을 둘러싼 저건 옷이냐 털이냐.",
    "date": "09.12.14",
    "rating": "7",
    "author": "bepl****",
    "review_id": "4041426",
    "movie_id": "31572"
  },
  {
    "review": "이 영화를 2학년때 봤는데 아직도 생각에 남아요 정말 몽환적이고 노래도 아름답죠?",
    "date": "09.12.10",
    "rating": "10",
    "author": "gksm****",
    "review_id": "4032161",
    "movie_id": "31572"
  },
  {
    "review": "어린이보다는 어른을 위한 동화?",
    "date": "09.11.27",
    "rating": "10",
    "author": "doda****",
    "review_id": "3994304",
    "movie_id": "31572"
  },
  {
    "review": "몽환세계와 음악은 잘 어우러졌는데 이야기 구성, 전개, 흡입은 하나도 안된다.",
    "date": "09.09.09",
    "rating": "6",
    "author": "a141****",
    "review_id": "3821373",
    "movie_id": "31572"
  },
  {
    "review": "좀 밋밋했지..전달력도 뚜렷하지 못했고",
    "date": "09.07.06",
    "rating": "8",
    "author": "adie****",
    "review_id": "3614039",
    "movie_id": "31572"
  },
  {
    "review": "그저 편안하게 즐길 수 있었던 영화.. 음악은 가슴 한 구석을 자극한다!",
    "date": "09.07.02",
    "rating": "9",
    "author": "dkek****",
    "review_id": "3606027",
    "movie_id": "31572"
  },
  {
    "review": "화면이 정말 아름답네요^^ 아쉬운점도있긴하지만, 참 좋은작품인것 같습니다.",
    "date": "09.06.20",
    "rating": "8",
    "author": "roff****",
    "review_id": "3577015",
    "movie_id": "31572"
  },
  {
    "review": "한국에도 이런 애니가 나올수 있다는것에 박수를 보낸다. 하지만... 난 좀 지루했다.",
    "date": "09.05.25",
    "rating": "7",
    "author": "rain****",
    "review_id": "3521283",
    "movie_id": "31572"
  },
  {
    "review": "우리도 이런 애니 계속 만들지 일본처럼",
    "date": "09.05.03",
    "rating": "8",
    "author": "bbq2****",
    "review_id": "3463371",
    "movie_id": "31572"
  },
  {
    "review": "스토리가 좀 구성력이 없는듯,,,, 음악하나는 좋은듯 진짜 영화에 딱.",
    "date": "09.04.26",
    "rating": "8",
    "author": "patr****",
    "review_id": "3442592",
    "movie_id": "31572"
  },
  {
    "review": "스토리 전개가 엉망이지만 음악씬은 좋았다.",
    "date": "09.02.11",
    "rating": "7",
    "author": "skys****",
    "review_id": "3294004",
    "movie_id": "31572"
  },
  {
    "review": "꿀옵만으로돜ㅋㅋㅋㅋㅋㅋㅋ",
    "date": "09.01.13",
    "rating": "10",
    "author": "dhks****",
    "review_id": "3217075",
    "movie_id": "31572"
  },
  {
    "review": "남우는순수함이있어마리볼수있죠but세상을순응한우리는마리를볼수없으니안타깝네여",
    "date": "09.01.12",
    "rating": "10",
    "author": "hjm2****",
    "review_id": "3216141",
    "movie_id": "31572"
  },
  {
    "review": "축축 늘어지고 쫙쫙 깔린다",
    "date": "08.12.25",
    "rating": "4",
    "author": "drd1****",
    "review_id": "3147272",
    "movie_id": "31572"
  },
  {
    "review": "좋다. 앞으로 국산 애니메이션의 발전을 기대해본다.",
    "date": "08.11.11",
    "rating": "10",
    "author": "king****",
    "review_id": "3045135",
    "movie_id": "31572"
  },
  {
    "review": "약간의 아쉬움이 남지만 그래도 굉장히 느낌이 좋았던...^^",
    "date": "08.10.13",
    "rating": "8",
    "author": "berr****",
    "review_id": "2998036",
    "movie_id": "31572"
  },
  {
    "review": "병헌오빠 목소리가 좋았으니까ㅋㅋㅋ",
    "date": "08.10.03",
    "rating": "10",
    "author": "sgjh****",
    "review_id": "2980945",
    "movie_id": "31572"
  },
  {
    "review": "영화자체가 포근한느낌을 주어 좋았다.그러나 스토리가 탄탄치 않고 구체적이지 못함",
    "date": "08.09.28",
    "rating": "6",
    "author": "jkll****",
    "review_id": "2973087",
    "movie_id": "31572"
  },
  {
    "review": "재밌었슴 1%부족",
    "date": "08.09.27",
    "rating": "9",
    "author": "ente****",
    "review_id": "2971086",
    "movie_id": "31572"
  },
  {
    "review": "잃어버린 것은 어린시절과 순수함이다. 그런데 생뚱맞은 등장인물이 너무 많다.",
    "date": "08.09.01",
    "rating": "6",
    "author": "hany****",
    "review_id": "2915726",
    "movie_id": "31572"
  },
  {
    "review": "배경이랑 인물 모두가 너무 아름다움",
    "date": "08.08.16",
    "rating": "10",
    "author": "judd****",
    "review_id": "2877598",
    "movie_id": "31572"
  },
  {
    "review": "재미있게 봐뜸",
    "date": "08.07.23",
    "rating": "10",
    "author": "2_di****",
    "review_id": "2796810",
    "movie_id": "31572"
  },
  {
    "review": "확실히 무엇을 표현하려고 하는지는 알수 있지만 인상이 조금 부족한 듯 싶습니다.",
    "date": "08.06.21",
    "rating": "10",
    "author": "siat****",
    "review_id": "2711781",
    "movie_id": "31572"
  },
  {
    "review": "내가 어린 시절 잃어버린 것들을 생각하게 하는 영화 -",
    "date": "08.06.13",
    "rating": "10",
    "author": "ange****",
    "review_id": "2696413",
    "movie_id": "31572"
  },
  {
    "review": "유치원생 불러다 그림 그리게 하고, 초딩 불러다 성우시킨건가...",
    "date": "08.05.18",
    "rating": "2",
    "author": "meth****",
    "review_id": "2648339",
    "movie_id": "31572"
  },
  {
    "review": "토토로 짜가리...-ㅅ- 같은뎅",
    "date": "08.05.12",
    "rating": "6",
    "author": "mins****",
    "review_id": "2637351",
    "movie_id": "31572"
  },
  {
    "review": "이 영화는요정말 재미잇어요.아이의 동심을 갈수 잇고 감동적인 부분도 잇어요 쵝오",
    "date": "08.05.10",
    "rating": "10",
    "author": "rla0****",
    "review_id": "2630756",
    "movie_id": "31572"
  },
  {
    "review": "하나의 몽환을 보는듯한 느낌",
    "date": "08.05.03",
    "rating": "10",
    "author": "zmcm****",
    "review_id": "2614134",
    "movie_id": "31572"
  },
  {
    "review": "흠 ~ 영상진짜 맘에 드네요 ㅎ",
    "date": "08.02.01",
    "rating": "10",
    "author": "dion****",
    "review_id": "2395724",
    "movie_id": "31572"
  },
  {
    "review": "영상이 너무 아름답다.. 꿈꾸는기분으로 봤다",
    "date": "07.12.22",
    "rating": "8",
    "author": "irsl****",
    "review_id": "2253429",
    "movie_id": "31572"
  },
  {
    "review": "영상이 예쁘긴 하지만,,, 좀 지루하고,,,;;",
    "date": "07.12.01",
    "rating": "6",
    "author": "pure****",
    "review_id": "2198245",
    "movie_id": "31572"
  },
  {
    "review": "연출이 상투적, 어디서 많이 본듯한 스토리",
    "date": "07.11.30",
    "rating": "5",
    "author": "smar****",
    "review_id": "2194643",
    "movie_id": "31572"
  },
  {
    "review": "은은하지만 깊이가 없다.",
    "date": "07.11.15",
    "rating": "6",
    "author": "godj****",
    "review_id": "2153368",
    "movie_id": "31572"
  },
  {
    "review": "아직 많이 모자르고 평범이 너무 높다",
    "date": "07.07.28",
    "rating": "3",
    "author": "wlsr****",
    "review_id": "1820022",
    "movie_id": "31572"
  },
  {
    "review": "한국만화시장에 이만한 애니가 나올수 있단게 믿어지지 않는다.",
    "date": "07.06.17",
    "rating": "9",
    "author": "area****",
    "review_id": "1706279",
    "movie_id": "31572"
  },
  {
    "review": "아름답기만 한 영화... 1시간 10분이 굉장히 지루하였다..",
    "date": "07.04.19",
    "rating": "6",
    "author": "shh8****",
    "review_id": "1595271",
    "movie_id": "31572"
  },
  {
    "review": "황홀한 색체가 물든 기적같은 화면",
    "date": "07.04.07",
    "rating": "7",
    "author": "oklo****",
    "review_id": "1576553",
    "movie_id": "31572"
  },
  {
    "review": "일본애니처럼 세련되고 능숙하진 않지만 따뜻하고 아름다운 애니",
    "date": "07.04.05",
    "rating": "8",
    "author": "ggoo****",
    "review_id": "1572817",
    "movie_id": "31572"
  },
  {
    "review": "한국적 정서가 잘 스며든, 기술적으로 세계 수준을 과시하는 수작",
    "date": "07.03.01",
    "rating": "8",
    "author": "gall****",
    "review_id": "1509639",
    "movie_id": "31572"
  },
  {
    "review": "약간 지브리스럽긴 하지만, 어린이 뿐아니라 성인에게도 추억은 소중하다.",
    "date": "07.02.28",
    "rating": "10",
    "author": "dmsj****",
    "review_id": "1508846",
    "movie_id": "31572"
  },
  {
    "review": "주제도 인상적인 장면도 없지만, 자꾸 떠오르게 하는 영화..",
    "date": "07.02.28",
    "rating": "10",
    "author": "sm_e****",
    "review_id": "1507965",
    "movie_id": "31572"
  },
  {
    "review": "감독이 그려넣고 싶었던걸 다 그려넣은 것 같다^^..",
    "date": "07.02.12",
    "rating": "10",
    "author": "wonb****",
    "review_id": "1464480",
    "movie_id": "31572"
  },
  {
    "review": "정말 영화같은 한국풍 애니",
    "date": "07.01.27",
    "rating": "8",
    "author": "gree****",
    "review_id": "1417157",
    "movie_id": "31572"
  },
  {
    "review": "너무나 슬프고 아련한.. 상상력있는 애니.",
    "date": "07.01.21",
    "rating": "10",
    "author": "carw****",
    "review_id": "1403811",
    "movie_id": "31572"
  },
  {
    "review": "오세암과 더불어 한국 최고의 애니~!",
    "date": "07.01.21",
    "rating": "10",
    "author": "dbst****",
    "review_id": "1403537",
    "movie_id": "31572"
  },
  {
    "review": "옛날어린시절향수와 멋진영상 케릭터 움직임이 부드럽다 좋다 ㅎ",
    "date": "07.01.19",
    "rating": "10",
    "author": "rhdl****",
    "review_id": "1398327",
    "movie_id": "31572"
  },
  {
    "review": "장면 하나하나가 모두 일러스트!! 하지만 스토린 매력없음!!",
    "date": "07.01.12",
    "rating": "7",
    "author": "llso****",
    "review_id": "1378617",
    "movie_id": "31572"
  },
  {
    "review": "솔직히 이해가 안가는..그래도 애니메이션은 신경을 쓴거 같다.",
    "date": "07.01.02",
    "rating": "8",
    "author": "mind****",
    "review_id": "1349816",
    "movie_id": "31572"
  },
  {
    "review": "한국 애니로서,, 괜찬은 애니 하지만,, 조금 부족한 감이.,",
    "date": "06.12.31",
    "rating": "7",
    "author": "love****",
    "review_id": "1345165",
    "movie_id": "31572"
  },
  {
    "review": "작화도 좋다 내용도 좋다 다만 짜임새가 모자란다",
    "date": "06.12.27",
    "rating": "10",
    "author": "matr****",
    "review_id": "1332327",
    "movie_id": "31572"
  },
  {
    "review": "한국애니 화이팅ㅋ",
    "date": "06.12.24",
    "rating": "10",
    "author": "bell****",
    "review_id": "1320785",
    "movie_id": "31572"
  },
  {
    "review": "두둥실해서 두둥하다",
    "date": "06.12.22",
    "rating": "9",
    "author": "sksd****",
    "review_id": "1314466",
    "movie_id": "31572"
  },
  {
    "review": "내용이 지루한면이 없진않았지만 정성을 다한애니라고 꼽고싶다",
    "date": "06.12.20",
    "rating": "8",
    "author": "rang****",
    "review_id": "1307824",
    "movie_id": "31572"
  },
  {
    "review": "좋다!! 파스텔톤의 색이 정말 좋고 스토리도 좋다!!",
    "date": "06.12.16",
    "rating": "10",
    "author": "sjg8****",
    "review_id": "1296330",
    "movie_id": "31572"
  },
  {
    "review": "하늘하늘한 그림체 파스텔톤 굉장히 서정적이다",
    "date": "06.11.16",
    "rating": "4",
    "author": "sadd****",
    "review_id": "1234623",
    "movie_id": "31572"
  },
  {
    "review": "이런 스토리를 영화화 한 것만으로 대단하다.",
    "date": "06.11.08",
    "rating": "8",
    "author": "c283****",
    "review_id": "1222701",
    "movie_id": "31572"
  },
  {
    "review": "정말 재밌게 봤다 한국애니, 흥행 못하는게 안타깝다",
    "date": "06.10.26",
    "rating": "10",
    "author": "comp****",
    "review_id": "1200124",
    "movie_id": "31572"
  },
  {
    "review": "그 가끔씩 내뱉는 짧은 말들이 모두 명대사였다.",
    "date": "06.09.20",
    "rating": "9",
    "author": "hobb****",
    "review_id": "1134322",
    "movie_id": "31572"
  },
  {
    "review": "우리나라의 애니메이션을 몇단계 도약시킨 작품",
    "date": "06.09.09",
    "rating": "10",
    "author": "wndt****",
    "review_id": "1114315",
    "movie_id": "31572"
  },
  {
    "review": "매력있는 영상 매력없는 스토리",
    "date": "06.07.31",
    "rating": "6",
    "author": "hwa_****",
    "review_id": "946475",
    "movie_id": "31572"
  },
  {
    "review": "마리이야기는 영상만으로도 관객과 호흡할수 있다.",
    "date": "06.07.28",
    "rating": "9",
    "author": "epdd****",
    "review_id": "933722",
    "movie_id": "31572"
  },
  {
    "review": "그림풍은 맘에 들었는데 스토리는 아직 한참 멀었다...",
    "date": "06.06.17",
    "rating": "3",
    "author": "rlaq****",
    "review_id": "847687",
    "movie_id": "31572"
  },
  {
    "review": "'토토로'와 '원령공주'를  혼합한 , 아름다운 억지동화",
    "date": "06.05.31",
    "rating": "8",
    "author": "enna****",
    "review_id": "824201",
    "movie_id": "31572"
  },
  {
    "review": "아름다운 영상.",
    "date": "06.05.14",
    "rating": "9",
    "author": "cace****",
    "review_id": "800434",
    "movie_id": "31572"
  },
  {
    "review": "강추",
    "date": "06.05.14",
    "rating": "10",
    "author": "semu****",
    "review_id": "800274",
    "movie_id": "31572"
  }
]