[
  {
    "review": "엥 왜케 낮은 평점.  명품배우에 너무사랑스럽 나름코믹",
    "date": "15.03.13",
    "rating": "8",
    "author": "pong****",
    "review_id": "9777610",
    "movie_id": "31577"
  },
  {
    "review": "포스터는 진짜 잘뽑았네. 브래드피트 때문에 본건데, 외모는 젊을때라 훈훈했으나 별 매력을 못느낀 영화. 솔직히 배우들 아니었으면 끝까지 안봤다.",
    "date": "14.04.24",
    "rating": "6",
    "author": "come****",
    "review_id": "8670402",
    "movie_id": "31577"
  },
  {
    "review": "킬링타임용으로 꽤 볼만함. 지루하단 느낌은 별로 없었는데 확 몰입되진 않음. 7점",
    "date": "14.03.28",
    "rating": "10",
    "author": "sala****",
    "review_id": "8611777",
    "movie_id": "31577"
  },
  {
    "review": "코리아 스탠다드에서 크게 벗어나는 스타일이다.",
    "date": "14.02.17",
    "rating": "10",
    "author": "fff9****",
    "review_id": "8515527",
    "movie_id": "31577"
  },
  {
    "review": "이 때까지만 해도 브래드 피트는 청년이었다. 이국적인 멕시코의 풍경과 지역 색 넘치는 음악, 아랍어가 가미된 유럽 언어의 변종 스페인어,  그리고 라틴족들. 개성 있는 매력 가득한 영화, 올레!",
    "date": "13.09.15",
    "rating": "10",
    "author": "godo****",
    "review_id": "7982649",
    "movie_id": "31577"
  },
  {
    "review": "브래드 피트 너무 좋다",
    "date": "13.07.19",
    "rating": "7",
    "author": "mild****",
    "review_id": "7762719",
    "movie_id": "31577"
  },
  {
    "review": "이런 영화가 6점대라니 한쿡영화 알바들아!",
    "date": "13.06.13",
    "rating": "10",
    "author": "ske4****",
    "review_id": "7632855",
    "movie_id": "31577"
  },
  {
    "review": "어릴 때 봤던 기억이 나네요. 조용하면서 아련한 로맨스 .. 지금 와서 보면 지루한 면도 없지 않아 있습니다. 참고 하세요.",
    "date": "13.02.05",
    "rating": "8",
    "author": "daem****",
    "review_id": "7228576",
    "movie_id": "31577"
  },
  {
    "review": "브래드와 줄리아 감상 두배우아니었으면 안봤을텐데..이런망한영화",
    "date": "12.03.28",
    "rating": "2",
    "author": "jjcv****",
    "review_id": "6174840",
    "movie_id": "31577"
  },
  {
    "review": ".....weird.....",
    "date": "11.12.23",
    "rating": "6",
    "author": "ohoh****",
    "review_id": "5926140",
    "movie_id": "31577"
  },
  {
    "review": "액션도 아니고 코미디도 아니야.. 피드와 로버츠, 멕시코 풍경으로 때웠다.",
    "date": "11.10.08",
    "rating": "6",
    "author": "wlfa****",
    "review_id": "5778645",
    "movie_id": "31577"
  },
  {
    "review": "장면들도 이쁘고, 현실의 커플이 나와있어서 좋았어요 늘상 다퉈도 사랑하는",
    "date": "11.08.07",
    "rating": "10",
    "author": "naya****",
    "review_id": "5613293",
    "movie_id": "31577"
  },
  {
    "review": "진짜 유쾌해애욧!!1",
    "date": "11.03.14",
    "rating": "9",
    "author": "dlqu****",
    "review_id": "5313471",
    "movie_id": "31577"
  },
  {
    "review": "그냥 그럭저럭..",
    "date": "11.02.27",
    "rating": "5",
    "author": "pksj****",
    "review_id": "5278887",
    "movie_id": "31577"
  },
  {
    "review": "어릴때제가영화에눈을뜨게해준영화인데요 다시보고싶은데어디서구하죠 dvd라도",
    "date": "10.06.23",
    "rating": "9",
    "author": "ring****",
    "review_id": "4586299",
    "movie_id": "31577"
  },
  {
    "review": "재밋어요 ㅋㅋ 브래드피트나올떄마다 유쾌하고 피트나와서더재밋게본거같음",
    "date": "10.03.20",
    "rating": "8",
    "author": "ghrj****",
    "review_id": "4368391",
    "movie_id": "31577"
  },
  {
    "review": "딴말 필요없다! 굿!!",
    "date": "10.01.04",
    "rating": "9",
    "author": "funn****",
    "review_id": "4129401",
    "movie_id": "31577"
  },
  {
    "review": "엉뚱하지만 풋풋한 두 주인공",
    "date": "09.10.19",
    "rating": "10",
    "author": "tjsd****",
    "review_id": "3902396",
    "movie_id": "31577"
  },
  {
    "review": "나름의 반전도 놀라웠고, 적당히 재밌기도 했었고",
    "date": "09.09.01",
    "rating": "8",
    "author": "kusa****",
    "review_id": "3803799",
    "movie_id": "31577"
  },
  {
    "review": "모야~~~ 좀 더 대단한 것을 기대했건만...",
    "date": "08.12.18",
    "rating": "6",
    "author": "noxp****",
    "review_id": "3126824",
    "movie_id": "31577"
  },
  {
    "review": "좋아",
    "date": "08.11.06",
    "rating": "10",
    "author": "chan****",
    "review_id": "3038040",
    "movie_id": "31577"
  },
  {
    "review": "영화 분위기 너무 마음에 들어..",
    "date": "08.09.15",
    "rating": "7",
    "author": "kimg****",
    "review_id": "2948753",
    "movie_id": "31577"
  },
  {
    "review": "피트, 로버츠라는 대형스타들의 소형영화! 아쉬운 작품",
    "date": "08.04.27",
    "rating": "5",
    "author": "si2p****",
    "review_id": "2601941",
    "movie_id": "31577"
  },
  {
    "review": "브래드 피트와 줄리아 로버츠의 매력",
    "date": "07.11.14",
    "rating": "5",
    "author": "ques****",
    "review_id": "2151036",
    "movie_id": "31577"
  },
  {
    "review": "도대체내용이없다..그래도브래드는 이나이에도 귀엽고 몸관리잘하고 연기도 굿~!",
    "date": "07.10.29",
    "rating": "4",
    "author": "chri****",
    "review_id": "2119924",
    "movie_id": "31577"
  },
  {
    "review": "완전한 미스 캐스팅. 그외에는 뭐 그럭저럭 참고 봐줄만은 하다",
    "date": "07.09.16",
    "rating": "5",
    "author": "baks****",
    "review_id": "2023873",
    "movie_id": "31577"
  },
  {
    "review": "후....이리 재미없을수가...무지 실망한..",
    "date": "07.08.22",
    "rating": "3",
    "author": "typo****",
    "review_id": "1967825",
    "movie_id": "31577"
  },
  {
    "review": "숨겨진 수작",
    "date": "07.07.09",
    "rating": "8",
    "author": "seok****",
    "review_id": "1761913",
    "movie_id": "31577"
  },
  {
    "review": "브래드피트 덕에 그럭저럭 볼만했다.",
    "date": "07.07.09",
    "rating": "7",
    "author": "ada_****",
    "review_id": "1760442",
    "movie_id": "31577"
  },
  {
    "review": "글쎄...줄리아의 한계랄까...더 성숙한 느낌을 줄 필요가 있다...",
    "date": "07.06.24",
    "rating": "5",
    "author": "skat****",
    "review_id": "1718958",
    "movie_id": "31577"
  },
  {
    "review": "배우를 보는것만으로 즐겁기엔 영화가 영 아니었다",
    "date": "07.06.07",
    "rating": "3",
    "author": "nala****",
    "review_id": "1687860",
    "movie_id": "31577"
  },
  {
    "review": "평균정도의 재미 브래드피트 정말 잘생겼다.",
    "date": "07.05.28",
    "rating": "7",
    "author": "dufm****",
    "review_id": "1669348",
    "movie_id": "31577"
  },
  {
    "review": "꼬리에 꼬리를 무는 사건들~ 줄리아로버츠 점점 끌리네~",
    "date": "07.05.18",
    "rating": "9",
    "author": "lpay****",
    "review_id": "1643893",
    "movie_id": "31577"
  },
  {
    "review": "느낌이 괜찮은 영화.",
    "date": "07.04.17",
    "rating": "8",
    "author": "take****",
    "review_id": "1593108",
    "movie_id": "31577"
  },
  {
    "review": "나름대로 두 배우의 느낌이 잘 나타난 영화 같다",
    "date": "07.04.17",
    "rating": "8",
    "author": "peri****",
    "review_id": "1592494",
    "movie_id": "31577"
  },
  {
    "review": "재밌다.ㅋㅋ역시브래드피트야",
    "date": "07.04.16",
    "rating": "10",
    "author": "ukhk****",
    "review_id": "1591686",
    "movie_id": "31577"
  },
  {
    "review": "볼만하다;ㅋㅋㅋ",
    "date": "07.02.28",
    "rating": "7",
    "author": "mooa****",
    "review_id": "1508307",
    "movie_id": "31577"
  },
  {
    "review": "역시 두배우의연기는 감칠맛난다,,,",
    "date": "07.02.28",
    "rating": "7",
    "author": "sinm****",
    "review_id": "1507734",
    "movie_id": "31577"
  },
  {
    "review": "브래드피트 역시  정말 잘생겼다 ♡연기도괜찮고 재미도있구 //",
    "date": "07.02.11",
    "rating": "10",
    "author": "kech****",
    "review_id": "1462907",
    "movie_id": "31577"
  },
  {
    "review": "그저그렇당",
    "date": "07.01.24",
    "rating": "2",
    "author": "put1****",
    "review_id": "1409822",
    "movie_id": "31577"
  },
  {
    "review": "개한테 총겨누는게 웃겼다 ㅋㅋㅋㅋㅋㅋㅋㅋㅋㅋㅋㅋㅋ",
    "date": "07.01.16",
    "rating": "10",
    "author": "abro****",
    "review_id": "1389293",
    "movie_id": "31577"
  },
  {
    "review": "두 배우가 아깝다,,ㅉ",
    "date": "07.01.13",
    "rating": "6",
    "author": "seag****",
    "review_id": "1379314",
    "movie_id": "31577"
  },
  {
    "review": "평점은 낮아도 그냥 재밌게 보는덴 좋은듯... 브래드팬이라면 ㅋ",
    "date": "07.01.10",
    "rating": "8",
    "author": "kida****",
    "review_id": "1372236",
    "movie_id": "31577"
  },
  {
    "review": "그냥 잼있다 생각하고 보면 잼있다.-_-",
    "date": "07.01.02",
    "rating": "6",
    "author": "naeg****",
    "review_id": "1349166",
    "movie_id": "31577"
  },
  {
    "review": "정말 안 어울리는 커플, 정말 긴박감 없는 영화.",
    "date": "06.10.25",
    "rating": "5",
    "author": "glos****",
    "review_id": "1198510",
    "movie_id": "31577"
  },
  {
    "review": "좀 실망스러웠다.",
    "date": "06.09.25",
    "rating": "4",
    "author": "serf****",
    "review_id": "1142605",
    "movie_id": "31577"
  },
  {
    "review": "재밌다",
    "date": "06.09.02",
    "rating": "8",
    "author": "cjon****",
    "review_id": "1095929",
    "movie_id": "31577"
  },
  {
    "review": "두 배우는 커플로는 안어울려",
    "date": "06.09.01",
    "rating": "7",
    "author": "zeed****",
    "review_id": "1095213",
    "movie_id": "31577"
  },
  {
    "review": "시간때우기용.. 볼만했었던 기억이..",
    "date": "06.07.21",
    "rating": "6",
    "author": "saru****",
    "review_id": "912559",
    "movie_id": "31577"
  },
  {
    "review": "봤지만..대충 기억 나는 영화..",
    "date": "06.07.20",
    "rating": "7",
    "author": "call****",
    "review_id": "909517",
    "movie_id": "31577"
  },
  {
    "review": "그냥저냥 새벽에 재밌게 봤던 영화, 괜찮았던 것 같은데 ㅠㅠ",
    "date": "06.07.15",
    "rating": "8",
    "author": "jblo****",
    "review_id": "894074",
    "movie_id": "31577"
  },
  {
    "review": "두명의 슈퍼스타 보다는 오히려 제임스 겐돌피니가 더욱 멋졌다.",
    "date": "06.07.12",
    "rating": "6",
    "author": "movi****",
    "review_id": "886123",
    "movie_id": "31577"
  },
  {
    "review": "브래드피트의 재기발랄함이 살아난 영화.",
    "date": "06.06.09",
    "rating": "8",
    "author": "yytt****",
    "review_id": "837181",
    "movie_id": "31577"
  },
  {
    "review": "졸렸어 ㅜㅜ",
    "date": "06.05.29",
    "rating": "5",
    "author": "stay****",
    "review_id": "821409",
    "movie_id": "31577"
  },
  {
    "review": "색감 좋고 연기 좋고 .. 줄리아가 몬 차 뉴비틀! 이뻐",
    "date": "06.05.14",
    "rating": "9",
    "author": "bocg****",
    "review_id": "800240",
    "movie_id": "31577"
  },
  {
    "review": "몰라 난 오락처럼 재밋게 봤다.",
    "date": "06.03.22",
    "rating": "9",
    "author": "dark****",
    "review_id": "727697",
    "movie_id": "31577"
  },
  {
    "review": "브래드피트 때문에 그래도 6점 준다",
    "date": "06.02.10",
    "rating": "6",
    "author": "cute****",
    "review_id": "659770",
    "movie_id": "31577"
  },
  {
    "review": "게이 킬러 '윈스터'분.. 제임스 갠돌피 넘 멋지다-",
    "date": "06.01.16",
    "rating": "10",
    "author": "jjib****",
    "review_id": "591701",
    "movie_id": "31577"
  },
  {
    "review": "휴 브래드피트가 나오는데두 잤다",
    "date": "05.12.28",
    "rating": "1",
    "author": "lind****",
    "review_id": "533728",
    "movie_id": "31577"
  },
  {
    "review": "아직도 줄리아로버츠가 대단한지 모르겠다.",
    "date": "05.12.24",
    "rating": "6",
    "author": "blue****",
    "review_id": "524813",
    "movie_id": "31577"
  },
  {
    "review": "유쾌한영화",
    "date": "05.12.23",
    "rating": "10",
    "author": "shbo****",
    "review_id": "522848",
    "movie_id": "31577"
  },
  {
    "review": "피트 아무리 멋진 너라도 이건 좀 심하잖아",
    "date": "05.12.16",
    "rating": "4",
    "author": "ghdl****",
    "review_id": "508696",
    "movie_id": "31577"
  },
  {
    "review": "좀 지루했다~",
    "date": "05.11.17",
    "rating": "7",
    "author": "perz****",
    "review_id": "476992",
    "movie_id": "31577"
  },
  {
    "review": "움ㅡ.,ㅡ",
    "date": "05.10.30",
    "rating": "7",
    "author": "goal****",
    "review_id": "459186",
    "movie_id": "31577"
  },
  {
    "review": "진짜 배우들 때문에 봤는데 내용이 없어서 너무 실망했다.",
    "date": "05.08.09",
    "rating": "6",
    "author": "roug****",
    "review_id": "358744",
    "movie_id": "31577"
  },
  {
    "review": "어렸을때 봐서 그런가...난 볼만하던데..",
    "date": "05.07.17",
    "rating": "8",
    "author": "para****",
    "review_id": "324547",
    "movie_id": "31577"
  },
  {
    "review": "두 스타 때문에 봤다 그 이외에는 아무것도 없다",
    "date": "05.06.16",
    "rating": "4",
    "author": "drsl****",
    "review_id": "301042",
    "movie_id": "31577"
  },
  {
    "review": "피곤해서 그랬나.. 보다가 졸았음;",
    "date": "05.05.01",
    "rating": "6",
    "author": "joy1****",
    "review_id": "268872",
    "movie_id": "31577"
  },
  {
    "review": "주옥같은 배우들의 주옥같은 영상. 하지만 무언가 빠진게..;",
    "date": "05.03.29",
    "rating": "8",
    "author": "ameg****",
    "review_id": "249654",
    "movie_id": "31577"
  },
  {
    "review": "멕시칸....장난스럽지만 뭔가있다....",
    "date": "05.02.14",
    "rating": "10",
    "author": "gauz****",
    "review_id": "219466",
    "movie_id": "31577"
  },
  {
    "review": "그저 그런 영화.. 줄리아와 브래드만 본 영화",
    "date": "05.02.08",
    "rating": "5",
    "author": "kate****",
    "review_id": "212844",
    "movie_id": "31577"
  },
  {
    "review": "브래드피트..",
    "date": "05.01.23",
    "rating": "10",
    "author": "hi_o****",
    "review_id": "193475",
    "movie_id": "31577"
  },
  {
    "review": "로드무비라 하기엔 어설프고 로맨스라 하기엔 두 배우가 너무 안 어울리고",
    "date": "05.01.14",
    "rating": "3",
    "author": "royo****",
    "review_id": "185763",
    "movie_id": "31577"
  },
  {
    "review": "코믹을 할려고 한건지ㅡㅡ;; 이상한영화",
    "date": "05.01.07",
    "rating": "4",
    "author": "bboo****",
    "review_id": "179619",
    "movie_id": "31577"
  },
  {
    "review": "어리버리한 브래드 핏을 만나다...은근히 재미있는 영화.",
    "date": "04.12.13",
    "rating": "9",
    "author": "hand****",
    "review_id": "161775",
    "movie_id": "31577"
  },
  {
    "review": "흣 브래드 너무 귀여웠음 ㅋㅋ",
    "date": "04.10.06",
    "rating": "9",
    "author": "avri****",
    "review_id": "121204",
    "movie_id": "31577"
  },
  {
    "review": "브래드.. ㅠㅠ",
    "date": "04.08.29",
    "rating": "10",
    "author": "meme****",
    "review_id": "99338",
    "movie_id": "31577"
  },
  {
    "review": "브래드 피트와 줄리아 로버츠의 연기가 돋보임! ! !^^♥",
    "date": "04.08.28",
    "rating": "10",
    "author": "qmfo****",
    "review_id": "98590",
    "movie_id": "31577"
  },
  {
    "review": "보긴 봣는데, 기억이 안남; 포스터는 굿~ 그러나 무언가 빠진듯한 영화",
    "date": "04.08.05",
    "rating": "7",
    "author": "yksx****",
    "review_id": "84241",
    "movie_id": "31577"
  },
  {
    "review": "재밌떠여..",
    "date": "04.06.21",
    "rating": "6",
    "author": "blue****",
    "review_id": "58240",
    "movie_id": "31577"
  },
  {
    "review": "진짜 포스터만 멋짐,. 보다가끔. 주연들은 넘 좋지만,ㅠ",
    "date": "04.06.13",
    "rating": "2",
    "author": "dbah****",
    "review_id": "53765",
    "movie_id": "31577"
  },
  {
    "review": "좋아요",
    "date": "04.06.01",
    "rating": "10",
    "author": "amwh****",
    "review_id": "48442",
    "movie_id": "31577"
  },
  {
    "review": "재미있당",
    "date": "04.06.01",
    "rating": "10",
    "author": "dpsw****",
    "review_id": "48386",
    "movie_id": "31577"
  },
  {
    "review": "그냥 그런...",
    "date": "04.06.01",
    "rating": "5",
    "author": "umta****",
    "review_id": "48346",
    "movie_id": "31577"
  },
  {
    "review": "뭔가가 좀 부족한 느낌이 드는데....",
    "date": "04.04.08",
    "rating": "4",
    "author": "mand****",
    "review_id": "34904",
    "movie_id": "31577"
  },
  {
    "review": "영화 포스터 멋진데 비해서, 스토리는 좀 실망적인",
    "date": "04.02.21",
    "rating": "3",
    "author": "lily****",
    "review_id": "22350",
    "movie_id": "31577"
  }
]