[
  {
    "review": "비상이라는 이승열곡을 그것도 임재범의 비상을 들으려다우연히 듣게된...이런 노래가 ost인 영화는 무엇일까 찾아보니 애니메이션! 노래랑 너무 잘맞아떨어지는! 거기다 한국 애니라니! 감독님 존경합니다ㅜㅜ 일본애니이상으로 한국애니도 비상하는 날이오길ㅜㅜ",
    "date": "15.08.16",
    "rating": "10",
    "author": "love****",
    "review_id": "10238996",
    "movie_id": "31574"
  },
  {
    "review": "극장에서 스탭롤 올라갈 때 원망스레 나를 쳐다보던 전 여친의 얼굴을 아직도 잊을 수가 없다...",
    "date": "15.08.14",
    "rating": "7",
    "author": "ldj0****",
    "review_id": "10228551",
    "movie_id": "31574"
  },
  {
    "review": "스토리는 약간  아쉬웠지만..지금 봐도 영상미는 정말 멋집니다",
    "date": "15.08.04",
    "rating": "10",
    "author": "taro****",
    "review_id": "10184593",
    "movie_id": "31574"
  },
  {
    "review": "126억 들여서  개똥을 만들어 애니메이션 사업의 새싹을 싹뚝 잘라버린 작품.",
    "date": "15.07.27",
    "rating": "1",
    "author": "wjdq****",
    "review_id": "10149146",
    "movie_id": "31574"
  },
  {
    "review": "OST가 정말 좋았어요",
    "date": "15.07.12",
    "rating": "8",
    "author": "ferm****",
    "review_id": "10095312",
    "movie_id": "31574"
  },
  {
    "review": "달구 수하보다 훨씬 잘생겼어요 ㅇ▽ㅇ그보다 다 좋았는데... 이런 애니 더 만들어줬으면",
    "date": "15.07.04",
    "rating": "10",
    "author": "ekdp****",
    "review_id": "10067741",
    "movie_id": "31574"
  },
  {
    "review": "2003년도에 작성한 사람들아.. 미안하지만 12년후인 지금도 군대 만화영화가 전부다.. ㅡㅡ 우리나란 애초에 글렀어 애니메이션, 게임산업은.",
    "date": "15.07.02",
    "rating": "10",
    "author": "edga****",
    "review_id": "10062574",
    "movie_id": "31574"
  },
  {
    "review": "당시에 만화과 학생으로 큰 기대를 하고 친구들과 봤는데, 기술엔 감탄했지만 솔직히 재미는 무지 없었던 걸로 기억남.",
    "date": "15.06.25",
    "rating": "5",
    "author": "rewq****",
    "review_id": "10031945",
    "movie_id": "31574"
  },
  {
    "review": "이게 03년도 작품이라는게 놀랍다",
    "date": "15.06.13",
    "rating": "7",
    "author": "dhtp****",
    "review_id": "9994599",
    "movie_id": "31574"
  },
  {
    "review": "이 시대에 우리나라가 이 퀄리티 애니를 냈다는 것 자체가 감동아직 희망은 있어!",
    "date": "15.05.09",
    "rating": "10",
    "author": "star****",
    "review_id": "9906649",
    "movie_id": "31574"
  },
  {
    "review": "1990년도인걸 감안하면 영상이민 말이 필요하지 아니하지만이건 스토리만 빼면 다 굉장하다",
    "date": "15.05.03",
    "rating": "6",
    "author": "qufq****",
    "review_id": "9890644",
    "movie_id": "31574"
  },
  {
    "review": "아쉬운 점이 없진 않지만 한국에서 이정도 작품 쉽게 접할 수 없다.",
    "date": "15.04.21",
    "rating": "8",
    "author": "ytkk****",
    "review_id": "9855273",
    "movie_id": "31574"
  },
  {
    "review": "그 제작비를 들이고서 이런 애니를 만들다니... 제작자 중 누구 하나라도 이건 아니라고 느꼈던 사람이 없었단 말인가..충격적",
    "date": "15.04.16",
    "rating": "1",
    "author": "nuja****",
    "review_id": "9848187",
    "movie_id": "31574"
  },
  {
    "review": "한국 애니메이션 미래를 위해서도 이런 영화  다신 제작되지 않아야 한다.",
    "date": "15.04.10",
    "rating": "1",
    "author": "sams****",
    "review_id": "9837635",
    "movie_id": "31574"
  },
  {
    "review": "영상은 훌륭하나 스토리가 약간....",
    "date": "15.04.01",
    "rating": "7",
    "author": "newl****",
    "review_id": "9819815",
    "movie_id": "31574"
  },
  {
    "review": "솔직히 정말 재미있게 봤었다. 당시 번들시디도 있었다. 너무 안타까운 애니라고 할 수 있다. 참고로 내가 당시 20만 정도 되는 극장 관람객 중 하나다.",
    "date": "15.03.29",
    "rating": "10",
    "author": "dldh****",
    "review_id": "9815771",
    "movie_id": "31574"
  },
  {
    "review": "흔한 설정, 흔한 스토리, 어디서 본듯한 그림체, 매력없는 케릭터들",
    "date": "15.03.29",
    "rating": "6",
    "author": "juno****",
    "review_id": "9814967",
    "movie_id": "31574"
  },
  {
    "review": "2d로 사람을 그릴거면 배경신경쓴4분의1이라도 2d에 신경쓸것이지...3d로 배경을풀로 묘사한들 인물이랑 어우러지지않는데 그럼망작이지",
    "date": "15.03.26",
    "rating": "1",
    "author": "hong****",
    "review_id": "9807393",
    "movie_id": "31574"
  },
  {
    "review": "영상미....  정말 아름다웠다  근데스토리가아쉬웠는데 다른것들이 다커버해줬다 진짜최고다 아근데 정말 스토리들만 어떻게했으면 한국 애니메이션 최고의 애니가 되었을 텐데",
    "date": "15.03.06",
    "rating": "10",
    "author": "phee****",
    "review_id": "9761435",
    "movie_id": "31574"
  },
  {
    "review": "아까운 작품이다...",
    "date": "15.02.26",
    "rating": "10",
    "author": "os_n****",
    "review_id": "9741775",
    "movie_id": "31574"
  },
  {
    "review": "영상미는 좋았지만 그것만으로는 부족했다",
    "date": "15.02.17",
    "rating": "4",
    "author": "gyps****",
    "review_id": "9705581",
    "movie_id": "31574"
  },
  {
    "review": "영상은 기대이상, 스토리는 낙제점",
    "date": "15.02.16",
    "rating": "5",
    "author": "rcan****",
    "review_id": "9700911",
    "movie_id": "31574"
  },
  {
    "review": "그래픽, 분위기, 이미지는 좋다 성우더빙, 스토리와장면의 연관성은 최악이고 목소리와배경음의 음량차이 너무커서 대사못알아먹겠다",
    "date": "15.02.07",
    "rating": "1",
    "author": "wd90****",
    "review_id": "9676365",
    "movie_id": "31574"
  },
  {
    "review": "분명 발전을위한 도움이되는 영화라 생각하지만 어느정도 괜찮아야 관객도보고 돈도 벌려서 또 만들지",
    "date": "15.01.16",
    "rating": "10",
    "author": "trg1****",
    "review_id": "9599810",
    "movie_id": "31574"
  },
  {
    "review": "전체적인 퀄리티는 시대에 비하면 엄청난 성공이다.다만 성우와 대중적이지 못했던 그림체, 진부한 스토리가 아쉽다.",
    "date": "15.01.06",
    "rating": "6",
    "author": "amic****",
    "review_id": "9567040",
    "movie_id": "31574"
  },
  {
    "review": "심심해서 올레Tv 추천무료영화 뒤지다가 우연히 보게된 작품인데 진짜 세월을 뛰어넘은 작품입니다. 다만 스토리가 너무 지루했던게 아쉬움...근데 진짜 이게 2003년도 작품이 맞는건지 눈을 의심케한 작품 그래픽이며 색감 명암 다 훌륭합니다.",
    "date": "15.01.03",
    "rating": "8",
    "author": "tjdw****",
    "review_id": "9557371",
    "movie_id": "31574"
  },
  {
    "review": "이걸 첨 본게 군대에서 걸레질할땐데 물론 영화자체가 아니고 이승열의 비상이란 뮤비로 첨봄.. 노래와 같이 들어보세요 쩜.. 그래서 나중에 영화봤는데 그닥 재미는 없음.. 차라리 비상 뮤비로 보면 전율돋음",
    "date": "15.01.01",
    "rating": "6",
    "author": "rrhh****",
    "review_id": "9547870",
    "movie_id": "31574"
  },
  {
    "review": "꽤 나쁘진않네 볼만했다",
    "date": "14.12.31",
    "rating": "8",
    "author": "gill****",
    "review_id": "9540919",
    "movie_id": "31574"
  },
  {
    "review": "진짜 잘만든애니메이션 이다 하지만 스토리에 문제가생기면서 120억의 가치는 날아가버린것이다  우선 성우들의 목소리 연기부터 시작해서 평점이 떨어진다 그거마저 스토리까지 꽝이다... 120억 가치가 날아가버린 실패작..",
    "date": "14.12.26",
    "rating": "4",
    "author": "kkbm****",
    "review_id": "9521519",
    "movie_id": "31574"
  },
  {
    "review": "당시 우와 한국애니도 수준이 높구나라고 자랑스레 여겼던 애니였다. 이런 판타지 장르 너무 좋다. 미래를 그리기도 하고 문제 제기도 하니까 높은 점수 주고싶다.",
    "date": "14.12.23",
    "rating": "10",
    "author": "tede****",
    "review_id": "9504313",
    "movie_id": "31574"
  },
  {
    "review": "까는건 쉽고 시도는 어렵지",
    "date": "14.12.21",
    "rating": "8",
    "author": "fili****",
    "review_id": "9496277",
    "movie_id": "31574"
  },
  {
    "review": "재미를 떠나서 이걸 욕할 자격이 누구한테 있지? 일본은 연간 수백편의 애니가 쏟아진다. 우린 연간 한두편이 나오고.... 비교자체가 안되는 규모다. 그러나 이거하난 확실하다. 일본 전체애니로 따져서 원더풀데이즈가 중상급이지 그 이하는 절대 아니다.",
    "date": "14.12.07",
    "rating": "8",
    "author": "outs****",
    "review_id": "9456868",
    "movie_id": "31574"
  },
  {
    "review": "그래픽~ 이보다 더 뛰어날 순 없다. 성우들의 목소리만 아니면 완벽했을 법한 애니메이션!!",
    "date": "14.12.06",
    "rating": "8",
    "author": "iris****",
    "review_id": "9451502",
    "movie_id": "31574"
  },
  {
    "review": "욕하는님들.. 님들이 모여서 이런 대형 프로젝트들 시도 자체가 없어진거세요.. 기업인 탓 하지 말고애니 제작자라는 분들도 라디오 같은대서 까기 바쁘더만..이빨이라도 굴려서 뭘 만들어서 할수있다 보여줘야 투자를하지 .. 무덤 좀 그만파라",
    "date": "14.11.17",
    "rating": "10",
    "author": "rlag****",
    "review_id": "9395970",
    "movie_id": "31574"
  },
  {
    "review": "지금도 최고입니다~ ^^",
    "date": "14.10.30",
    "rating": "10",
    "author": "thin****",
    "review_id": "9329431",
    "movie_id": "31574"
  },
  {
    "review": "비주얼? 그때 당시에 볼때도 비주얼 망한게 보이던데?",
    "date": "14.10.27",
    "rating": "1",
    "author": "kwan****",
    "review_id": "9321656",
    "movie_id": "31574"
  },
  {
    "review": "실패작이지만 훌륭한 명작",
    "date": "14.10.25",
    "rating": "10",
    "author": "hera****",
    "review_id": "9316684",
    "movie_id": "31574"
  },
  {
    "review": "어디부터 손봐야할지 난감한 총체적 난국",
    "date": "14.10.22",
    "rating": "2",
    "author": "arkj****",
    "review_id": "9307143",
    "movie_id": "31574"
  },
  {
    "review": "재평가받게될 영화이다~",
    "date": "14.10.04",
    "rating": "10",
    "author": "soto****",
    "review_id": "9260868",
    "movie_id": "31574"
  },
  {
    "review": "덕분에 두번다시 애니에 투자는 안하게 된 좋은 사례를 남긴 영화",
    "date": "14.09.30",
    "rating": "1",
    "author": "sbh1****",
    "review_id": "9251107",
    "movie_id": "31574"
  },
  {
    "review": "이제서야 보고 말았다..안타깝다.. 그리고 제작진들에게 미안합니다.최초로 대한민국에서 명작하나 나왔는데 뭍혀버렸군요..아..",
    "date": "14.08.20",
    "rating": "10",
    "author": "cool****",
    "review_id": "9112622",
    "movie_id": "31574"
  },
  {
    "review": "품질조차도 별로지만.. 이걸로 인해 우리나라 애니산업이 발전했으면 당연히 10점을 때려박았을 거다. 그런데 그게 아니잖아. 정 반대잖아. 먹튀영화 하나로 10년을 휘청거리는데",
    "date": "14.08.19",
    "rating": "1",
    "author": "tjem****",
    "review_id": "9111556",
    "movie_id": "31574"
  },
  {
    "review": "이작품 때문에 한국 애니사업은 망했다. 그 돈을 들여 놓고도 1995년 개봉한 공각기동대 보다 못하다. 블랙홀 처럼 돈을 빨아 드렸지만 지금의 한국 애니메이터를 일본애니의 하청작업과 웹툰으로 몰아세워버린 최악의 작품.  을사조약같은 작품",
    "date": "14.08.18",
    "rating": "1",
    "author": "leg4****",
    "review_id": "9106954",
    "movie_id": "31574"
  },
  {
    "review": "스토리 성우만 제외하고 보자면 명작이긴 하다.이만큼의 영상미를 뽑아내다니...",
    "date": "14.07.31",
    "rating": "8",
    "author": "ykk1****",
    "review_id": "8996418",
    "movie_id": "31574"
  },
  {
    "review": "스토리와 창의성 그리고 성우의 문제는 고쳐야 한다그러나 영화 개봉 당시의 애니메이션들과 비교해보아라거의 일본의 20년을 앞서가는 수준이다",
    "date": "14.07.26",
    "rating": "10",
    "author": "yuns****",
    "review_id": "8963813",
    "movie_id": "31574"
  },
  {
    "review": "호불호가 많이 갈리지만 개인적으로 스토리 보다는 연출과 성우가 더 아쉬웠다고 생각한다. 스토리는 나름 괜찮았고 퀄리티도 높지만 성우의 실력이 부족했고 부족한 연출이 많이 아쉬웠다.",
    "date": "14.07.23",
    "rating": "7",
    "author": "jkl7****",
    "review_id": "8941276",
    "movie_id": "31574"
  },
  {
    "review": "시대를 잘못 탔다 극장재상영 했으면좋겠다",
    "date": "14.07.22",
    "rating": "10",
    "author": "hdon****",
    "review_id": "8939517",
    "movie_id": "31574"
  },
  {
    "review": "이거 진짜 재밌는데 이렇게까지 까일줄은 상상도못했네요ㄷㄷ 일단 보고 평가해보시길. 쫌만 손보고 다시내놓으면 대박날것같은데.. 시대를 잘못타고난 명작인듯요",
    "date": "14.07.13",
    "rating": "10",
    "author": "elis****",
    "review_id": "8910610",
    "movie_id": "31574"
  },
  {
    "review": "말다했다. 이게 2003년이라니 이거 보지도 않고 않좋다던 사람들 거짓말에 넘어갈뻔 했다.2003년에 이정도인데 확실히 우리나라 만화영화 산업이 쇠퇴하긴 했구나",
    "date": "14.07.11",
    "rating": "10",
    "author": "dbgu****",
    "review_id": "8904677",
    "movie_id": "31574"
  },
  {
    "review": "워낙 망작이라길래 기대않고 봤는데, 괜찮은데? 지금보다 더욱 열악한 당시의 한국 애니메이션 시장에서 이정도 퀄리티의 애니메이션이 나온 것에 깜짝놀랐다. 스토리도 아쉬움이 남지만 나쁘지 않았다. 아무래도 그냥 다들 안좋다하니까 안보고 다들 까는 것 같다",
    "date": "14.06.24",
    "rating": "10",
    "author": "ek_a****",
    "review_id": "8851933",
    "movie_id": "31574"
  },
  {
    "review": "너무 아까운 작품이다. 다시 이런 작품을 만들 시도를 했으면..",
    "date": "14.06.15",
    "rating": "10",
    "author": "fprh****",
    "review_id": "8832528",
    "movie_id": "31574"
  },
  {
    "review": "2003년도 껀데 저정도면 존 난좋은건데 왜 사람들은 저걸똥퀄이라함?내용도 괜찮은데",
    "date": "14.05.25",
    "rating": "10",
    "author": "moon****",
    "review_id": "8765945",
    "movie_id": "31574"
  },
  {
    "review": "DVD도 구매하고 여러번 극장가서 관람.. 마지막  하늘을 잊을 수 없음",
    "date": "14.05.20",
    "rating": "8",
    "author": "ybst****",
    "review_id": "8749274",
    "movie_id": "31574"
  },
  {
    "review": "아쉬운것이 높은 질의 배경, 물건들보다 인물들 생김새가;; 그래도 영화 볼만 했어요.",
    "date": "14.05.16",
    "rating": "10",
    "author": "robo****",
    "review_id": "8737208",
    "movie_id": "31574"
  },
  {
    "review": "최고의 화질,있을법한 근미래의 스토리 이 두줄만으로 설명이 가능한 최강의 애니메이션",
    "date": "14.05.14",
    "rating": "10",
    "author": "sfun****",
    "review_id": "8729624",
    "movie_id": "31574"
  },
  {
    "review": "최고 수준과 최악 수준을 겸비한 애니메이션",
    "date": "14.04.30",
    "rating": "8",
    "author": "kkh2****",
    "review_id": "8684322",
    "movie_id": "31574"
  },
  {
    "review": "아직도 잊지 못한다..",
    "date": "14.04.30",
    "rating": "10",
    "author": "asdf****",
    "review_id": "8683012",
    "movie_id": "31574"
  },
  {
    "review": "중학교때 보고 생각나서 사서보는데..보던 장면들이 전혀기억이 안나길래 왜그런가 했더니 그당시에 보다가 잤던듯 ㅎㅎ 전체적으로 전개가 상당히 루즈합니다 영화음악이나 성우도 많이아쉽고 ㅠㅠ 다만 연출, 특히 황폐화된 도시의 배경이나 분위기는 뛰어난듯..",
    "date": "14.04.20",
    "rating": "7",
    "author": "alsl****",
    "review_id": "8660552",
    "movie_id": "31574"
  },
  {
    "review": "김치워리어=세금 좀먹는 버러지.",
    "date": "14.04.16",
    "rating": "10",
    "author": "slas****",
    "review_id": "8652881",
    "movie_id": "31574"
  },
  {
    "review": "한국 애니를 위해선 더 투자되야한다고? ㅎ 니가 해라. 120억에 7년 투자할 자신있으면 ㅎ. 그림에 겉멋만 들이면 뭐하냐? 스토리가 허접인데.",
    "date": "14.04.14",
    "rating": "2",
    "author": "ccn2****",
    "review_id": "8649194",
    "movie_id": "31574"
  },
  {
    "review": "이런거 계속 안나오나... 고스트메신져에 그나마 기대하는데.. 한국 에니도 괜찮다는걸 보여줘요",
    "date": "14.04.03",
    "rating": "10",
    "author": "okho****",
    "review_id": "8626547",
    "movie_id": "31574"
  },
  {
    "review": "뭐랑 비교해도 김치맨보다는 낳다",
    "date": "14.03.31",
    "rating": "10",
    "author": "kevi****",
    "review_id": "8619842",
    "movie_id": "31574"
  },
  {
    "review": "꾀 괜찮았는데 뭐가문제였을까",
    "date": "14.03.01",
    "rating": "10",
    "author": "meca****",
    "review_id": "8547521",
    "movie_id": "31574"
  },
  {
    "review": "애니라고 해서 러닝타임이 짧아야 될 이유는 없었는데.. 2 시간 넘는 애니도 많은데 너무 많은 내용을 짧은 시간에 담으려고 했슴.",
    "date": "14.02.20",
    "rating": "10",
    "author": "kimd****",
    "review_id": "8522802",
    "movie_id": "31574"
  },
  {
    "review": "하하... 참 괜찮은데 내가 너무 아무 생각없이 보는것인가?",
    "date": "14.01.20",
    "rating": "10",
    "author": "zkem****",
    "review_id": "8404848",
    "movie_id": "31574"
  },
  {
    "review": "나 이거 다시보고 싶은데 찾을 수 가 없네~~",
    "date": "13.11.30",
    "rating": "7",
    "author": "milk****",
    "review_id": "8179267",
    "movie_id": "31574"
  },
  {
    "review": "오래된 작품이지만 어릴때 봤던 느낌이 정말 좋았습니다.",
    "date": "13.10.17",
    "rating": "10",
    "author": "azte****",
    "review_id": "8064650",
    "movie_id": "31574"
  },
  {
    "review": "지현성 호수공원  폭격기",
    "date": "13.10.02",
    "rating": "1",
    "author": "popm****",
    "review_id": "8027277",
    "movie_id": "31574"
  },
  {
    "review": "그래 이거야 어렸을때 포스터 보고 머리속에서 잊혀지지않던 작품 여전히 기억나는 이 작품",
    "date": "13.09.15",
    "rating": "10",
    "author": "cjsw****",
    "review_id": "7984107",
    "movie_id": "31574"
  },
  {
    "review": "스토리 빼고 완벽한 애니메이션 지금 봐도 꿀리지않는 작화!",
    "date": "13.09.06",
    "rating": "10",
    "author": "acov****",
    "review_id": "7953667",
    "movie_id": "31574"
  },
  {
    "review": "장인 정신으로 가득한 한국 애니메이션의 수작. 다만 그 장인 정신이 스토리에도 스며들었다면 걸작으로 남았을 텐데.",
    "date": "13.08.01",
    "rating": "8",
    "author": "neoi****",
    "review_id": "7812330",
    "movie_id": "31574"
  },
  {
    "review": "여러 기법이 들어갔다고 하지만 관객의 눈길을 끌어주지 못했음...",
    "date": "13.07.26",
    "rating": "7",
    "author": "rhdf****",
    "review_id": "7786107",
    "movie_id": "31574"
  },
  {
    "review": "비주얼만 쓸데없이 고퀄리티면 뭐하냐 제일 중요한건 이야기지",
    "date": "13.07.21",
    "rating": "8",
    "author": "real****",
    "review_id": "7769092",
    "movie_id": "31574"
  },
  {
    "review": "아 진짜 감독이 왜 쓰잘데기 없이 중간에 각본 수정해서성우들 고생시키냐.. ㅅㅂ..",
    "date": "13.07.14",
    "rating": "5",
    "author": "djaa****",
    "review_id": "7739250",
    "movie_id": "31574"
  },
  {
    "review": "그래픽 굿. 스토리.....................테러블",
    "date": "13.07.14",
    "rating": "1",
    "author": "yoyo****",
    "review_id": "7738469",
    "movie_id": "31574"
  },
  {
    "review": "확실히 성우 연긴 형편없고 스토리도 좀지루했으나 우리나라애니는 지원같은건거의안받고여차하면 자기들돈쪼개서 만드는거기때문에 외국에서성우를대려온다던가하는 여유따윈 없다 이러한 한국의 열악한 환경을 고려하면 이건 꽤 완성도 있는 작품이다",
    "date": "13.07.14",
    "rating": "10",
    "author": "ibm1****",
    "review_id": "7738133",
    "movie_id": "31574"
  },
  {
    "review": "역시 영화에서는 스토리가 중요합니다. 괜찮게 보였지만 스토리가 너무 지루하네요..",
    "date": "13.07.12",
    "rating": "6",
    "author": "rorn****",
    "review_id": "7731410",
    "movie_id": "31574"
  },
  {
    "review": "욕하러 왔습니다. 성우가 아주 쓰레기네요. 외국에서 왜 배우들을 불러서 성우 시키는 지 알겠어요",
    "date": "13.07.12",
    "rating": "1",
    "author": "beah****",
    "review_id": "7729694",
    "movie_id": "31574"
  },
  {
    "review": "재미있더라고요. 우리나라가 애니를 제작한 건 아주 대단해요^^.",
    "date": "13.07.08",
    "rating": "9",
    "author": "dino****",
    "review_id": "7717842",
    "movie_id": "31574"
  },
  {
    "review": "그래픽은 괜찮았었는데 스토리나 성우진등이 조금 아쉽네요.... 그래도 고생하셨으니 십점드리겠습니다!!!",
    "date": "13.07.07",
    "rating": "10",
    "author": "vhzp****",
    "review_id": "7714800",
    "movie_id": "31574"
  },
  {
    "review": "한국에서 만들어진 정말 좋고 정말 아쉬운 작품.",
    "date": "13.06.19",
    "rating": "8",
    "author": "vnfm****",
    "review_id": "7656191",
    "movie_id": "31574"
  },
  {
    "review": "한국애니 살리기 위햇 굿다운로더 단돈 천원에 봄. 아쉬움만 가득한 애니",
    "date": "13.06.18",
    "rating": "8",
    "author": "52no****",
    "review_id": "7653557",
    "movie_id": "31574"
  },
  {
    "review": "영등회가 편집만 강요만 안했서도 ㅠㅠ 5~10분 이 편집 댄걸로 알고잇음",
    "date": "13.06.08",
    "rating": "10",
    "author": "00rn****",
    "review_id": "7612692",
    "movie_id": "31574"
  },
  {
    "review": "내평점갑자기 생각나서 찾아본 영화.몇 년 전에 봐서 스토리는 기억이라곤 환경문제에 관한거라밖엔 모르겠다. 정도로스토리는 인상은 안깊었지만 영상미는 정말 좋은데...스토리가...우리나라 애니의 가능성을 봐서 8점.",
    "date": "13.06.07",
    "rating": "8",
    "author": "gum_****",
    "review_id": "7600469",
    "movie_id": "31574"
  },
  {
    "review": "작화(그림체)는 눈호강할 정도로 화려하고 아름다웠어요 클라이막스의 절정에 애절함도 묻어났고 아쉬운건 지금의 주연을 조연으로 소년과 소녀를 주연으로 해서 암울한 세계에 희망을 전하는 스토리로 삼았다면 더 좋은 평가를 받지 않았을까 싶어요.그래도 멋진작품",
    "date": "13.06.06",
    "rating": "9",
    "author": "mom0****",
    "review_id": "7593371",
    "movie_id": "31574"
  },
  {
    "review": "스토리만 잘짜지 왜 도대체 ㅠㅠ",
    "date": "13.05.25",
    "rating": "8",
    "author": "bsk0****",
    "review_id": "7554600",
    "movie_id": "31574"
  },
  {
    "review": "애니에서 영상미 물론 중요하지만 더 중요한건 매력적인 캐릭터구축과 스토리텔링임(일단 주연캐릭 작화가 대중적으로 먹히는 스탈이 아님;) OST 진짜 대박이었는데.. 움직임이 살짝 어설프고? 목소리가 영 따로놀던 기억이 남; 여러모로 아쉬움이 많은 작품.",
    "date": "13.05.16",
    "rating": "7",
    "author": "gade****",
    "review_id": "7530390",
    "movie_id": "31574"
  },
  {
    "review": "약 10년전에 사놓은 DVD가 갑자기 생각나 다시 보는데.. 이제야 무슨 감정이 드는것 같네요..대사가 많이 없는게 내 스타일이고 누군가는 한편의 무직비디오를 본것같다고도 말하지만 이 애니만에 매력은 충분하다고 본다 졸작으로만 보지 않았으면 좋겠다.",
    "date": "13.04.12",
    "rating": "10",
    "author": "buon****",
    "review_id": "7452512",
    "movie_id": "31574"
  },
  {
    "review": "ost는 좋더라                 비상",
    "date": "13.02.19",
    "rating": "9",
    "author": "taes****",
    "review_id": "7282348",
    "movie_id": "31574"
  },
  {
    "review": "비운의 명작. 성우들만 괜찮았어도...",
    "date": "13.02.10",
    "rating": "8",
    "author": "iamb****",
    "review_id": "7248111",
    "movie_id": "31574"
  },
  {
    "review": "한국애니의 대재앙...이작품이후 애니에 대한 투자는 없어졌다...",
    "date": "13.02.07",
    "rating": "7",
    "author": "bajj****",
    "review_id": "7233477",
    "movie_id": "31574"
  },
  {
    "review": "난 개재밋엇음 특히 ost가짱임  사실 조금지루햇긴한데 그래도 재밋엇음",
    "date": "13.02.02",
    "rating": "10",
    "author": "leon****",
    "review_id": "7210715",
    "movie_id": "31574"
  },
  {
    "review": "그래픽은 볼만한데 스토리는 쓰레기",
    "date": "13.01.21",
    "rating": "5",
    "author": "coal****",
    "review_id": "7141866",
    "movie_id": "31574"
  },
  {
    "review": "스토리만 좋았어도 지금쯤 우리나라 애니메이션계는 달라졌을것...",
    "date": "12.12.29",
    "rating": "9",
    "author": "fkfk****",
    "review_id": "7058187",
    "movie_id": "31574"
  },
  {
    "review": "지금 봐도 영상미 하나는 뛰어나다. 손은 있으나 머리가 없는 한국의 만화/애니 풍토를 극명하게 보여준 작품.",
    "date": "12.09.12",
    "rating": "5",
    "author": "holy****",
    "review_id": "6688766",
    "movie_id": "31574"
  },
  {
    "review": "이게 그 사이보그만 제외하고 총몽을 빼긴 에니메이션인가요?",
    "date": "12.09.04",
    "rating": "1",
    "author": "a_lo****",
    "review_id": "6670126",
    "movie_id": "31574"
  },
  {
    "review": "재미있고, 영상미도 좋고, 하지만, 성공을 못해서 아쉽네요.",
    "date": "12.08.27",
    "rating": "9",
    "author": "free****",
    "review_id": "6647634",
    "movie_id": "31574"
  },
  {
    "review": "잘만들었내요 우리나라도이런거만들수있군요",
    "date": "12.08.26",
    "rating": "10",
    "author": "cvds****",
    "review_id": "6646613",
    "movie_id": "31574"
  },
  {
    "review": "영화 퀄리티는 스토리를 제외하고 정말 훌륭했다. 영상 , ost   이제 10주년이 되가는데 다시봐도 촌스럽다고 느끼지 않는다... 비운의 명작",
    "date": "12.08.24",
    "rating": "8",
    "author": "dltj****",
    "review_id": "6640678",
    "movie_id": "31574"
  },
  {
    "review": "2003년에 이거 본 기억나는데 내 생애 최초로 영화든 애니든 보다가 잠든 작품임. 처음으로 스크린으로 쓰레기를 보게 해준 작품. 진짜 예전관점으로 보라는 사람들은 이영화가 선사시대 동굴 벽화보다 재미없는걸 알아야됨",
    "date": "12.08.13",
    "rating": "1",
    "author": "slee****",
    "review_id": "6598632",
    "movie_id": "31574"
  }
]