[
  {
    "review": "추상미는 감정보다 표정으로 연기를 한다! 표정을 안보면 어떤 감정을 말 하려는건지 알수없다. 거슬려서 영화보기 포기하고 싶지만 검색결과 내용이 궁금하므로 보는걸로.. 추상미 연기는 촌스럽다..;;;",
    "date": "15.03.23",
    "rating": "5",
    "author": "dohe****",
    "review_id": "9801339",
    "movie_id": "31583"
  },
  {
    "review": "마지막의 박중훈의 말이 영화의 결말을 보여주네요. 생동감 있고 소재가 다른 영화처럼 남달라서 스토리 전체가 집중력이 강화될수 있도록 볼수가 있었습니다.",
    "date": "15.03.08",
    "rating": "9",
    "author": "c001****",
    "review_id": "9764993",
    "movie_id": "31583"
  },
  {
    "review": "허접쓰레기도 이 정도는 심하다",
    "date": "15.01.24",
    "rating": "1",
    "author": "aguz****",
    "review_id": "9632676",
    "movie_id": "31583"
  },
  {
    "review": "소재는 좋았지만 10년전임을 감안해도 촌스러운 bgm개연성없는 전개박중훈 연기변신 실패나 연기력의 문제가 아니라 그냥 흡수실패인듯 내가아는 연기잘하는 박중훈이 아니었어 검은집의 황정민을 보는듯한 어색함",
    "date": "15.01.22",
    "rating": "4",
    "author": "happ****",
    "review_id": "9621933",
    "movie_id": "31583"
  },
  {
    "review": "추상미때문에 10점임~ -_-",
    "date": "15.01.21",
    "rating": "10",
    "author": "hunt****",
    "review_id": "9619523",
    "movie_id": "31583"
  },
  {
    "review": "다좋은데..박중훈이 연기를 저렇게 못했나? 휴~!!",
    "date": "15.01.20",
    "rating": "7",
    "author": "angd****",
    "review_id": "9614973",
    "movie_id": "31583"
  },
  {
    "review": "싸이코패스 묻지마 살인마 이야기를 한건가? 왜 죽였는지도, 왜 죽었는지도 이유를 말하지 않는다.",
    "date": "15.01.04",
    "rating": "5",
    "author": "sipj****",
    "review_id": "9558699",
    "movie_id": "31583"
  },
  {
    "review": "아마 시대를 잘못만난 작품인듯!",
    "date": "14.09.05",
    "rating": "1",
    "author": "ske4****",
    "review_id": "9168575",
    "movie_id": "31583"
  },
  {
    "review": "망할만 했다...2년전에 인정사정 볼 것없다란 영화가 나왔다",
    "date": "14.08.28",
    "rating": "4",
    "author": "do11****",
    "review_id": "9141978",
    "movie_id": "31583"
  },
  {
    "review": "잘 봤습니다 정말 재밌네요",
    "date": "14.08.13",
    "rating": "8",
    "author": "diwl****",
    "review_id": "9078468",
    "movie_id": "31583"
  },
  {
    "review": "역시 중훈형님의 연기~김주혁도 추상미도 연기 ㅎㄷㄷ 잘봣내요 재미있게...",
    "date": "14.07.28",
    "rating": "10",
    "author": "sse1****",
    "review_id": "8975874",
    "movie_id": "31583"
  },
  {
    "review": "부부가 드럽게 재수 없었네",
    "date": "14.07.11",
    "rating": "8",
    "author": "seun****",
    "review_id": "8906067",
    "movie_id": "31583"
  },
  {
    "review": "난 이런영화류를 좋아한다... 공포스릴 액션  브레이크다운처럼",
    "date": "14.06.11",
    "rating": "10",
    "author": "atti****",
    "review_id": "8820123",
    "movie_id": "31583"
  },
  {
    "review": "야이거... 그냥평점10점을주고싶다 다시봐도 큰충격",
    "date": "14.03.28",
    "rating": "10",
    "author": "jeon****",
    "review_id": "8611997",
    "movie_id": "31583"
  },
  {
    "review": "[6점] 통쾌한건 없었다..박충훈 연기 소름",
    "date": "14.03.20",
    "rating": "6",
    "author": "fann****",
    "review_id": "8589426",
    "movie_id": "31583"
  },
  {
    "review": "감독의 정신산태가 궁금하게 만들어지는 영화",
    "date": "14.03.16",
    "rating": "1",
    "author": "kmys****",
    "review_id": "8582462",
    "movie_id": "31583"
  },
  {
    "review": "박중훈의 내공이 보이는 그런영화..",
    "date": "14.02.27",
    "rating": "10",
    "author": "kdh_****",
    "review_id": "8542797",
    "movie_id": "31583"
  },
  {
    "review": "괜찮은 스릴러영화긴 하나 보고나니까 기분이 너무 찝찝하다. 웬지 있을법한 일인거 같기도하고..",
    "date": "13.09.23",
    "rating": "6",
    "author": "kyn9****",
    "review_id": "8010875",
    "movie_id": "31583"
  },
  {
    "review": "왜이렇게 평점이낮지? 한국에서 이만하면 정말괜찮은 스릴러다",
    "date": "13.08.04",
    "rating": "8",
    "author": "armi****",
    "review_id": "7837686",
    "movie_id": "31583"
  },
  {
    "review": "박중훈 이미지때문에 실패했다고 들었는데.. 요즘 나왔으면 오히려 더 잘 되었을 영화. 적절한 공포, 스릴 잘 버무렸다고 생각함.",
    "date": "13.07.23",
    "rating": "10",
    "author": "eung****",
    "review_id": "7778641",
    "movie_id": "31583"
  },
  {
    "review": "영화에 성공하는 비결은 단 하나, 자신만의 영화를 만드는 것이다.",
    "date": "13.07.10",
    "rating": "2",
    "author": "kos4****",
    "review_id": "7722038",
    "movie_id": "31583"
  },
  {
    "review": "딱 이영화 까지가 김성홍감독이 영화를 그나마 잘 만들었다는걸 알려줬다.. 그 이후에만든 실종이나 닥터는... 최악.... 그래서 난 이영화 5점 주련다",
    "date": "13.07.07",
    "rating": "5",
    "author": "yksi****",
    "review_id": "7714801",
    "movie_id": "31583"
  },
  {
    "review": "소재만 좋았다. 몰입이 안 돼서 별로 무섭지도 않다",
    "date": "13.05.06",
    "rating": "4",
    "author": "lgok****",
    "review_id": "7512039",
    "movie_id": "31583"
  },
  {
    "review": "박중훈의 연기변신이 신선했다",
    "date": "13.01.16",
    "rating": "9",
    "author": "soeu****",
    "review_id": "7120654",
    "movie_id": "31583"
  },
  {
    "review": "제목만 보면,로맨틱 코미디인줄 알고,속아서 보기 쉬운 영화.물론,포스터는 전혀 그렇지 않지만...제목에서조차,의외의반전이 숨어있는 영화다.물론,박중훈의 악역역기는 좀 그렇다.일단 몰입이 안되는거야.샤샤 바론코헨의스릴러악당연기를 보는 기분이랄까?(웃음)",
    "date": "13.01.14",
    "rating": "5",
    "author": "baks****",
    "review_id": "7115363",
    "movie_id": "31583"
  },
  {
    "review": "11월4일에 4점줬지만 다시생각해보니 11년전 영화치고는 잘만든것같고 시나리오,연기 괜찮은것같습니다.악마를보았다처럼 약간 잔인합니다.",
    "date": "12.11.25",
    "rating": "7",
    "author": "khsf****",
    "review_id": "6924643",
    "movie_id": "31583"
  },
  {
    "review": "황당한 살인자 영화... 체력이 어느정도야???",
    "date": "12.10.12",
    "rating": "5",
    "author": "sute****",
    "review_id": "6785907",
    "movie_id": "31583"
  },
  {
    "review": "스릴감있어따 하지만 끈질긴악당이다 끝에슬프다 노래도슬프다 너무잔인해서 걍 일준당",
    "date": "12.07.07",
    "rating": "1",
    "author": "qkrd****",
    "review_id": "6453908",
    "movie_id": "31583"
  },
  {
    "review": "와 이때나 지금이나 연기가 개판이시네요. 딱히 누구라곤 말 안한다만.",
    "date": "12.05.06",
    "rating": "4",
    "author": "wjdd****",
    "review_id": "6278399",
    "movie_id": "31583"
  },
  {
    "review": "개 쯔레기 영화",
    "date": "12.04.22",
    "rating": "1",
    "author": "kip1****",
    "review_id": "6238674",
    "movie_id": "31583"
  },
  {
    "review": "흥미유발. 자극은 있다.",
    "date": "12.04.11",
    "rating": "6",
    "author": "izzo****",
    "review_id": "6207493",
    "movie_id": "31583"
  },
  {
    "review": "박중훈 악역은 좀 아닌거같다. 주인공이 거꾸로 악당된다는 마지막도 좀 식상하고",
    "date": "12.04.10",
    "rating": "7",
    "author": "real****",
    "review_id": "6206210",
    "movie_id": "31583"
  },
  {
    "review": "신선한 자극으로 다가온 막무가내식 싸이코물이 식상한 잔혹극으로 변질되어가는 과정",
    "date": "12.03.15",
    "rating": "5",
    "author": "goms****",
    "review_id": "6145125",
    "movie_id": "31583"
  },
  {
    "review": "잔인하긴 하지만 이 정도면 상당한 스릴과 공포를 자아내는 괜찮은 영화다.",
    "date": "12.02.27",
    "rating": "8",
    "author": "bcm0****",
    "review_id": "6106819",
    "movie_id": "31583"
  },
  {
    "review": "난 박중훈을몰라서그런지..약간충격으로다가왓다 나름재미잇던영화",
    "date": "12.01.29",
    "rating": "8",
    "author": "gktj****",
    "review_id": "6032216",
    "movie_id": "31583"
  },
  {
    "review": "전혀 no스릴! 코믹같기두 ^^ 박중훈 컬러렌즈는 무슨컨셉? ㅋㅋ",
    "date": "12.01.23",
    "rating": "2",
    "author": "kis5****",
    "review_id": "6013093",
    "movie_id": "31583"
  },
  {
    "review": "박ㅋㅋ중훈ㅋㅋㅋ아옼ㅋㅋ",
    "date": "12.01.02",
    "rating": "2",
    "author": "ria4****",
    "review_id": "5954777",
    "movie_id": "31583"
  },
  {
    "review": "박중훈 무슨 터미네이터1에 아놀드같다 ㅋㅋ불사신..참 남는거 없는 영화",
    "date": "11.10.14",
    "rating": "6",
    "author": "cred****",
    "review_id": "5787449",
    "movie_id": "31583"
  },
  {
    "review": "최악의 영화. 2001년도에 1971년식 영화를 만든 감독. 1점도 아깝다.",
    "date": "11.10.07",
    "rating": "1",
    "author": "kkjj****",
    "review_id": "5776425",
    "movie_id": "31583"
  },
  {
    "review": "너무 재미없었어. 작위적이고. 이런 결말은 정말 시간 아깝다. 비추비추",
    "date": "11.07.23",
    "rating": "1",
    "author": "lanc****",
    "review_id": "5563869",
    "movie_id": "31583"
  },
  {
    "review": "yes라고 말해줘!..... 제발...ㅠ",
    "date": "11.07.03",
    "rating": "10",
    "author": "sbje****",
    "review_id": "5518287",
    "movie_id": "31583"
  },
  {
    "review": "어설픈 영화..무엇보다 이 영화때문에 박중훈이 정말 연기를 못한다는걸 알게됬다.",
    "date": "11.06.20",
    "rating": "2",
    "author": "clea****",
    "review_id": "5490814",
    "movie_id": "31583"
  },
  {
    "review": "박중훈은 이제 깡패연기 빼고는 되는게 없네...ㅠㅠ",
    "date": "10.12.14",
    "rating": "6",
    "author": "lees****",
    "review_id": "5053037",
    "movie_id": "31583"
  },
  {
    "review": "최악의영화다.감독은반성해한다.킬링타임도안되는영화.-10점이 평점에 있으면 좋겠다",
    "date": "10.11.18",
    "rating": "1",
    "author": "kswo****",
    "review_id": "4968639",
    "movie_id": "31583"
  },
  {
    "review": "미안 보면서 웃었어..",
    "date": "10.09.24",
    "rating": "2",
    "author": "imf0****",
    "review_id": "4865934",
    "movie_id": "31583"
  },
  {
    "review": "박중훈씨 연기가 그래도 늘었구나-하고 느끼는 계기가 됐네요.",
    "date": "10.07.03",
    "rating": "7",
    "author": "your****",
    "review_id": "4607103",
    "movie_id": "31583"
  },
  {
    "review": "미안합니다.. 재미 없어요 ㅠ",
    "date": "10.05.22",
    "rating": "4",
    "author": "syy2****",
    "review_id": "4517295",
    "movie_id": "31583"
  },
  {
    "review": "좋아요!!좋아! 긴장감100%",
    "date": "10.04.25",
    "rating": "10",
    "author": "dudx****",
    "review_id": "4456003",
    "movie_id": "31583"
  },
  {
    "review": "박중훈은 공포/스릴러 코드는 전혀안맞는듯, 진지한장면에서 코믹스럽다고해야되나..",
    "date": "10.02.21",
    "rating": "7",
    "author": "21c8****",
    "review_id": "4305078",
    "movie_id": "31583"
  },
  {
    "review": "이정도면 재밋는건데",
    "date": "10.02.11",
    "rating": "10",
    "author": "dpac****",
    "review_id": "4270922",
    "movie_id": "31583"
  },
  {
    "review": "굿 정말 재밌게 봤음 ㅋㅋㅋ",
    "date": "10.02.11",
    "rating": "10",
    "author": "nflo****",
    "review_id": "4267715",
    "movie_id": "31583"
  },
  {
    "review": "괜찮았었는데 ㅋㅋ",
    "date": "10.01.19",
    "rating": "10",
    "author": "ts54****",
    "review_id": "4189601",
    "movie_id": "31583"
  },
  {
    "review": "완전 지루하고 긴장감도없고.. 아 재미없어.. 배우들이 아깝다.;;;",
    "date": "09.12.31",
    "rating": "2",
    "author": "simj****",
    "review_id": "4113528",
    "movie_id": "31583"
  },
  {
    "review": "세이 노.",
    "date": "09.11.28",
    "rating": "1",
    "author": "dlwo****",
    "review_id": "3997671",
    "movie_id": "31583"
  },
  {
    "review": "스릴러구성은좋은데박중훈씨살인마연기가 지못미네요 ㅎㅎ 친근한중훈아저씨",
    "date": "09.10.09",
    "rating": "6",
    "author": "imya****",
    "review_id": "3882224",
    "movie_id": "31583"
  },
  {
    "review": "이걸 당시 극장에서 봤는데..박중훈씨가 뭐하면 사람들이 막 웃었다.ㅋㅋ",
    "date": "09.08.03",
    "rating": "8",
    "author": "dma9****",
    "review_id": "3700269",
    "movie_id": "31583"
  },
  {
    "review": "박중훈씨 살인마 연기에는 부적합한것같아요 안무서웠어요",
    "date": "09.07.23",
    "rating": "7",
    "author": "hjyg****",
    "review_id": "3659359",
    "movie_id": "31583"
  },
  {
    "review": "이 영화때문에 해운대를 못보겠다..박중훈씨 어쩔거요",
    "date": "09.07.22",
    "rating": "1",
    "author": "moni****",
    "review_id": "3656802",
    "movie_id": "31583"
  },
  {
    "review": "박중훈 무슨 터미네이터야 계속 살아나",
    "date": "09.06.24",
    "rating": "1",
    "author": "s830****",
    "review_id": "3584946",
    "movie_id": "31583"
  },
  {
    "review": "이 영화를 극장에서 돈주고본 충격에서 헤어나오지 못하고있다.",
    "date": "09.06.16",
    "rating": "3",
    "author": "semo****",
    "review_id": "3569639",
    "movie_id": "31583"
  },
  {
    "review": "캐스팅이나 연출이나 아쉬운 점이 많다",
    "date": "09.06.11",
    "rating": "6",
    "author": "soju****",
    "review_id": "3558832",
    "movie_id": "31583"
  },
  {
    "review": "중반까지의 지루함을 참으면 절정을 향해 치닫는다",
    "date": "09.05.30",
    "rating": "6",
    "author": "blac****",
    "review_id": "3533028",
    "movie_id": "31583"
  },
  {
    "review": "어어쿠 박중훈....",
    "date": "09.03.21",
    "rating": "6",
    "author": "movi****",
    "review_id": "3378059",
    "movie_id": "31583"
  },
  {
    "review": "박중훈 완전 미스 캐스팅~!",
    "date": "09.03.13",
    "rating": "10",
    "author": "hjj6****",
    "review_id": "3363134",
    "movie_id": "31583"
  },
  {
    "review": "개봉 당시 영화관에서 봤는데 보면서 기가 막혀서 웃었다.",
    "date": "09.03.12",
    "rating": "1",
    "author": "anew****",
    "review_id": "3360995",
    "movie_id": "31583"
  },
  {
    "review": "정말 소름끼치는 스릴러 영화, 정말 두 번 다시 안 나올 작품",
    "date": "09.02.23",
    "rating": "10",
    "author": "tank****",
    "review_id": "3327356",
    "movie_id": "31583"
  },
  {
    "review": "이런종류의 영화 싫어하는 사람은 아주 싫어할듯...나에겐 개명작!!!",
    "date": "09.01.28",
    "rating": "10",
    "author": "jjan****",
    "review_id": "3258542",
    "movie_id": "31583"
  },
  {
    "review": "완전 수작~!!   박중훈의 연기변신",
    "date": "08.12.11",
    "rating": "10",
    "author": "dltj****",
    "review_id": "3106657",
    "movie_id": "31583"
  },
  {
    "review": "그래도 괜찮았던 영화.",
    "date": "08.12.08",
    "rating": "10",
    "author": "gox5****",
    "review_id": "3101797",
    "movie_id": "31583"
  },
  {
    "review": "아니 왜케 평점이 낮죠?? 정말 좋은 영화에요. 자극원하시는 분 강추!!!",
    "date": "08.11.16",
    "rating": "10",
    "author": "braw****",
    "review_id": "3055434",
    "movie_id": "31583"
  },
  {
    "review": "영화제목은 분명 관객들에게 하는 협박일 것이다",
    "date": "08.10.15",
    "rating": "3",
    "author": "si2p****",
    "review_id": "3001115",
    "movie_id": "31583"
  },
  {
    "review": "시도는 좋았는데 디테일한 부분까지 신경쓰지 못한 게 몰입도를 낮춘다.",
    "date": "08.10.09",
    "rating": "5",
    "author": "lljh****",
    "review_id": "2990114",
    "movie_id": "31583"
  },
  {
    "review": "누가 잼있다고 했냐... 아 놔 진짜....",
    "date": "08.09.01",
    "rating": "1",
    "author": "hank****",
    "review_id": "2915833",
    "movie_id": "31583"
  },
  {
    "review": "중학생땐가 고등학생땐가 이거보고 감탄했던 기억이 난다",
    "date": "08.08.08",
    "rating": "9",
    "author": "tltl****",
    "review_id": "2849365",
    "movie_id": "31583"
  },
  {
    "review": "은근 괜찮은영화, 왜 박중훈이 그래야 했을까...김주혁의 마지막 모습에서.....알겠다",
    "date": "08.08.01",
    "rating": "7",
    "author": "hjlk****",
    "review_id": "2822081",
    "movie_id": "31583"
  },
  {
    "review": "이 영화 만들어질때 한국 영화의 수준을 감안했을때 괜찮은영화,,  나는 추천",
    "date": "08.07.08",
    "rating": "10",
    "author": "redp****",
    "review_id": "2748813",
    "movie_id": "31583"
  },
  {
    "review": "나이영화보면서정말이게한국영화야 하며놀랬다",
    "date": "08.07.05",
    "rating": "10",
    "author": "ason****",
    "review_id": "2742417",
    "movie_id": "31583"
  },
  {
    "review": "괜찮은 스릴러였는데",
    "date": "08.07.02",
    "rating": "10",
    "author": "gogo****",
    "review_id": "2734133",
    "movie_id": "31583"
  },
  {
    "review": "2001년작이라... 상당한 수작이었음. 기대 이상~",
    "date": "08.06.28",
    "rating": "9",
    "author": "neve****",
    "review_id": "2725612",
    "movie_id": "31583"
  },
  {
    "review": "제발 영화 수준 좀 높이자..",
    "date": "08.05.21",
    "rating": "2",
    "author": "meth****",
    "review_id": "2654231",
    "movie_id": "31583"
  },
  {
    "review": "사이코패스.. 그들을 그렇게만든건 사랑이없기때문이다",
    "date": "08.05.16",
    "rating": "10",
    "author": "jaej****",
    "review_id": "2644181",
    "movie_id": "31583"
  },
  {
    "review": "그럴써하네",
    "date": "08.04.06",
    "rating": "7",
    "author": "kyki****",
    "review_id": "2564059",
    "movie_id": "31583"
  },
  {
    "review": "한국판브레이크다운! 아니 그보다훨씬재밌었다. 올가미는쨉도안됨! 왜들평점이낮지!",
    "date": "08.01.29",
    "rating": "10",
    "author": "sarp****",
    "review_id": "2383679",
    "movie_id": "31583"
  },
  {
    "review": "박중훈 이런연기가 쫌 어색해서,,,차라리 따른배우를 캐스팅하지",
    "date": "08.01.25",
    "rating": "7",
    "author": "gjfr****",
    "review_id": "2368055",
    "movie_id": "31583"
  },
  {
    "review": "박중훈의 연기변신 실패. 박중훈= 코미디배우 라는걸 벗어나지 못함",
    "date": "08.01.21",
    "rating": "4",
    "author": "evil****",
    "review_id": "2353601",
    "movie_id": "31583"
  },
  {
    "review": "한국에서는 이만한 스릴러 없다.",
    "date": "08.01.16",
    "rating": "10",
    "author": "nang****",
    "review_id": "2338007",
    "movie_id": "31583"
  },
  {
    "review": "박중훈의 대사 하나하나가 으슥하게 만드는 최고의 스릴러",
    "date": "08.01.07",
    "rating": "10",
    "author": "myhe****",
    "review_id": "2306809",
    "movie_id": "31583"
  },
  {
    "review": "박중훈은 코미디의 대가 공포40+코미디60의 절묘한 조화가 인상적",
    "date": "07.12.21",
    "rating": "10",
    "author": "whee****",
    "review_id": "2250724",
    "movie_id": "31583"
  },
  {
    "review": "오 나름대로 있는척",
    "date": "07.10.24",
    "rating": "6",
    "author": "eleg****",
    "review_id": "2108304",
    "movie_id": "31583"
  },
  {
    "review": "\"현실의 유영철\"보면 더 극단적인 살인마도 얼마든지 나올것도같다",
    "date": "07.10.16",
    "rating": "10",
    "author": "redo****",
    "review_id": "2093235",
    "movie_id": "31583"
  },
  {
    "review": "너무 극단적이잖니",
    "date": "07.09.28",
    "rating": "6",
    "author": "crea****",
    "review_id": "2057508",
    "movie_id": "31583"
  },
  {
    "review": "끊어진 긴장감.",
    "date": "07.09.10",
    "rating": "4",
    "author": "diox****",
    "review_id": "2011895",
    "movie_id": "31583"
  },
  {
    "review": "차마 눈뜨고 못보는 영화",
    "date": "07.09.05",
    "rating": "10",
    "author": "kore****",
    "review_id": "2003221",
    "movie_id": "31583"
  },
  {
    "review": "영문도 모른체 당하는 폭력..공포스럽다..",
    "date": "07.08.22",
    "rating": "6",
    "author": "typo****",
    "review_id": "1967814",
    "movie_id": "31583"
  },
  {
    "review": "박중훈의 새로운 면이 좋았다. 이런 일이 어쩜 가능할지도,,ㅋ",
    "date": "07.08.16",
    "rating": "9",
    "author": "girt****",
    "review_id": "1944179",
    "movie_id": "31583"
  },
  {
    "review": "재미만 있구만 점수가 낮네",
    "date": "07.08.12",
    "rating": "10",
    "author": "djsh****",
    "review_id": "1928532",
    "movie_id": "31583"
  },
  {
    "review": "이딴일이 가능할지 그저 싸이코 OOO 영화",
    "date": "07.07.31",
    "rating": "4",
    "author": "seok****",
    "review_id": "1830822",
    "movie_id": "31583"
  },
  {
    "review": "기존 이미지를 연상하며 영화를 본다니 그런 사람은 투캅스나 계속보던지",
    "date": "07.06.23",
    "rating": "8",
    "author": "tico****",
    "review_id": "1716242",
    "movie_id": "31583"
  },
  {
    "review": "내 인생 최고의 스릴러",
    "date": "07.05.31",
    "rating": "10",
    "author": "dufm****",
    "review_id": "1674577",
    "movie_id": "31583"
  },
  {
    "review": "영화볼줄모르는넘들 니네는왕의남자 이딴영화만 재밌지 스릴러볼지도모르는것들아",
    "date": "07.05.12",
    "rating": "10",
    "author": "pran****",
    "review_id": "1633983",
    "movie_id": "31583"
  }
]