[
  {
    "review": "썩 괜찮게 설계된 서사에서 급선회하는 가족애",
    "date": "15.08.14",
    "rating": "7",
    "author": "syoc****",
    "review_id": "10227894",
    "movie_id": "31581"
  },
  {
    "review": "좋아하는 배우도 많이 나오고 의상이나 액션도 멋짐.",
    "date": "15.07.26",
    "rating": "9",
    "author": "luna****",
    "review_id": "10145828",
    "movie_id": "31581"
  },
  {
    "review": "재밌으면 된거  열자압박",
    "date": "15.06.18",
    "rating": "9",
    "author": "lkee****",
    "review_id": "10010266",
    "movie_id": "31581"
  },
  {
    "review": "모든면에서 뭔가 어색하지만 훌륭한 영화다.",
    "date": "15.04.08",
    "rating": "9",
    "author": "rand****",
    "review_id": "9834663",
    "movie_id": "31581"
  },
  {
    "review": "액션과 미스터리가 잘어울려저서 그럭저럭 볼만함",
    "date": "15.01.30",
    "rating": "7",
    "author": "adiv****",
    "review_id": "9650165",
    "movie_id": "31581"
  },
  {
    "review": "딱히 남는 것 없는 영화 중 하나. 기대한 스릴러가 아니라 단순 액션물",
    "date": "14.11.17",
    "rating": "1",
    "author": "jjaj****",
    "review_id": "9394406",
    "movie_id": "31581"
  },
  {
    "review": "영화로서 흥미로운 점을 다 갖춘 영화",
    "date": "14.11.16",
    "rating": "9",
    "author": "clef****",
    "review_id": "9388945",
    "movie_id": "31581"
  },
  {
    "review": "군대에서 본 영화인데 다들 별로라고 하는데 전 상당히 인상깊게 본 영화입니다. 당시 막 판타지세계관에 관심을 갖던터에 본 영화였는데 정말 인상깊게 본영화입니다. 지금 다시 보면 어떨지 몰라도 당시엔 내 인생에 열손가락안에 꼽고 싶은 영화였습니다.",
    "date": "14.10.25",
    "rating": "10",
    "author": "last****",
    "review_id": "9316278",
    "movie_id": "31581"
  },
  {
    "review": "이거 평점이 왜이럼? 꽤 수작인데.",
    "date": "14.10.21",
    "rating": "10",
    "author": "grif****",
    "review_id": "9306831",
    "movie_id": "31581"
  },
  {
    "review": "멋진 배우들과 연출력에 비해 영화자체는 너무나도 엉성하다모니카와 프랑스혁명의 여운으로 8점을 준다",
    "date": "14.08.22",
    "rating": "8",
    "author": "kmh0****",
    "review_id": "9120299",
    "movie_id": "31581"
  },
  {
    "review": "연출, 스토리, 액션씬 어느 것하나 특출난 것 없는 영화. 특히 주인공과 여주의 사랑 얘기는 정말 없는 게 나앗을 정도.. 그나마  18세기 프랑스를 배경으로 한 시대관은 괜찮았음. 5점 정도인데 과하게 평이 높아서 2점만 줌.",
    "date": "14.08.08",
    "rating": "2",
    "author": "shav****",
    "review_id": "9052537",
    "movie_id": "31581"
  },
  {
    "review": "영 재밌지는 않지만...",
    "date": "14.06.30",
    "rating": "6",
    "author": "shae****",
    "review_id": "8870960",
    "movie_id": "31581"
  },
  {
    "review": "2배속으로 봤지만 볼만했다",
    "date": "14.05.12",
    "rating": "5",
    "author": "2328****",
    "review_id": "8726717",
    "movie_id": "31581"
  },
  {
    "review": "개인차가 있겠지만 몰입도 잘되고 9점을 줘도 아깝지 않다 탄탄한 스토리며 연기력이며 액션신이며",
    "date": "14.04.16",
    "rating": "10",
    "author": "kiss****",
    "review_id": "8652936",
    "movie_id": "31581"
  },
  {
    "review": "그 마리안으로 나오는 여배우랑 모니카 벨루치 겁내이쁘더라 여배우 보는맛에 잼있게 봤다",
    "date": "14.01.19",
    "rating": "7",
    "author": "zhfl****",
    "review_id": "8398431",
    "movie_id": "31581"
  },
  {
    "review": "그래도 두시간 반 중에 앞에 한시간은 시간이 아깝지 않았고 나머지 한시간반만 못볼것을 보았다",
    "date": "13.12.22",
    "rating": "1",
    "author": "kasd****",
    "review_id": "8270910",
    "movie_id": "31581"
  },
  {
    "review": "혼자보기 좋다 빠져든다",
    "date": "13.12.02",
    "rating": "9",
    "author": "isky****",
    "review_id": "8186241",
    "movie_id": "31581"
  },
  {
    "review": "색다른 분위기...",
    "date": "13.07.02",
    "rating": "8",
    "author": "chwa****",
    "review_id": "7697617",
    "movie_id": "31581"
  },
  {
    "review": "기준을 잡지 못하고 갈팡질팡",
    "date": "13.06.03",
    "rating": "5",
    "author": "blue****",
    "review_id": "7576393",
    "movie_id": "31581"
  },
  {
    "review": "어린이용 애니메이션^^",
    "date": "13.05.26",
    "rating": "2",
    "author": "astt****",
    "review_id": "7556757",
    "movie_id": "31581"
  },
  {
    "review": "끝까지 본 내가 어이없다 ㅋㅋㅋ",
    "date": "13.04.04",
    "rating": "5",
    "author": "jumm****",
    "review_id": "7435291",
    "movie_id": "31581"
  },
  {
    "review": "2001 년 도에 이정도 영화면 아주 괜찮았던 영화입니다. 하지만 인디언,기사,산업혁명....좀 난해하군요.",
    "date": "13.04.04",
    "rating": "10",
    "author": "lhbl****",
    "review_id": "7434221",
    "movie_id": "31581"
  },
  {
    "review": "옛날 이야기를 듣는 나레이션 구조가 매력적. 일반적으로 프랑스 영화가 늘어진다는 편견을 버리게 해주는 괜찮은 스릴러",
    "date": "12.12.24",
    "rating": "8",
    "author": "yaso****",
    "review_id": "7037780",
    "movie_id": "31581"
  },
  {
    "review": "진짜 재밌었음ㄷㄷㄷㄷ",
    "date": "12.12.14",
    "rating": "10",
    "author": "cjwj****",
    "review_id": "7000427",
    "movie_id": "31581"
  },
  {
    "review": "재밌게 봤음.",
    "date": "12.10.31",
    "rating": "8",
    "author": "kem1****",
    "review_id": "6837770",
    "movie_id": "31581"
  },
  {
    "review": "색다른 프랑스식 판타지",
    "date": "12.10.01",
    "rating": "6",
    "author": "cont****",
    "review_id": "6748886",
    "movie_id": "31581"
  },
  {
    "review": "2012.09",
    "date": "12.09.15",
    "rating": "7",
    "author": "red5****",
    "review_id": "6699024",
    "movie_id": "31581"
  },
  {
    "review": "뻔한 스토리와 엉성한 CG 집어치워라 쓰레기 영화",
    "date": "12.08.20",
    "rating": "1",
    "author": "hana****",
    "review_id": "6628044",
    "movie_id": "31581"
  },
  {
    "review": "프랑스 영화~중 잼나게 본 영화중 한개~!! 넘 멋진 애기들 ㅎ",
    "date": "12.07.15",
    "rating": "7",
    "author": "sute****",
    "review_id": "6481328",
    "movie_id": "31581"
  },
  {
    "review": "영상/내용 아주 괜찮은 영화네요. 런닝타임 괜한 걱정했군전혀!지루하지 않습니다",
    "date": "12.06.01",
    "rating": "10",
    "author": "webp****",
    "review_id": "6354504",
    "movie_id": "31581"
  },
  {
    "review": "TV에서 해줄때 보면 괜찮을 B급 오락영화",
    "date": "12.05.20",
    "rating": "7",
    "author": "byul****",
    "review_id": "6313590",
    "movie_id": "31581"
  },
  {
    "review": "나름 만족스럽게 봤습니다 스토리가 재밌네요",
    "date": "12.04.29",
    "rating": "10",
    "author": "fant****",
    "review_id": "6257912",
    "movie_id": "31581"
  },
  {
    "review": "영화가 너무 홍콩물로만 가지않았다면 상당히 좋았을~주인공들이 넘 멋지다",
    "date": "12.04.05",
    "rating": "10",
    "author": "ari2****",
    "review_id": "6195742",
    "movie_id": "31581"
  },
  {
    "review": "ㅜㅜㅜㅜㅜㅜㅜ아 OOO.ㅜㅜㅜㅜ",
    "date": "12.03.11",
    "rating": "3",
    "author": "malz****",
    "review_id": "6137417",
    "movie_id": "31581"
  },
  {
    "review": "그냥 저냥",
    "date": "11.10.08",
    "rating": "7",
    "author": "kngc****",
    "review_id": "5777268",
    "movie_id": "31581"
  },
  {
    "review": "몇편안본 프랑스 영화중에 꽤 괜찮음. 8점 정도?? 영화는 영어더빙이 더 놓음.",
    "date": "11.10.03",
    "rating": "10",
    "author": "zigm****",
    "review_id": "5769733",
    "movie_id": "31581"
  },
  {
    "review": "아.. 난 프랑스/인도영화랑 안맞아..",
    "date": "11.08.25",
    "rating": "5",
    "author": "tn99****",
    "review_id": "5685833",
    "movie_id": "31581"
  },
  {
    "review": "갈수록 몰입된다.",
    "date": "11.08.14",
    "rating": "7",
    "author": "marc****",
    "review_id": "5649684",
    "movie_id": "31581"
  },
  {
    "review": "스토리가 탄탄하게 구성된 18세기 프랑스의 전설적인 이야기",
    "date": "11.07.09",
    "rating": "9",
    "author": "khn3****",
    "review_id": "5530727",
    "movie_id": "31581"
  },
  {
    "review": "액션과 미스터리 요소를 잘 조합시킨 작품",
    "date": "11.06.25",
    "rating": "8",
    "author": "newf****",
    "review_id": "5499060",
    "movie_id": "31581"
  },
  {
    "review": "무슨 내용인지 모르겠고 전체적으로 좀 복잡한 것 같다",
    "date": "11.06.07",
    "rating": "7",
    "author": "kgr1****",
    "review_id": "5469888",
    "movie_id": "31581"
  },
  {
    "review": "역시 프랑스는 이런 영화엔 어설프다",
    "date": "11.05.19",
    "rating": "4",
    "author": "ccpk****",
    "review_id": "5436138",
    "movie_id": "31581"
  },
  {
    "review": "오락적인 요소가 많긴 하지만, 프랑스영화는 수다가 너무 많아 짜증나",
    "date": "11.05.19",
    "rating": "4",
    "author": "rame****",
    "review_id": "5436136",
    "movie_id": "31581"
  },
  {
    "review": "서양 중세물에 동양 무술. 다소 어색한 만남",
    "date": "11.05.19",
    "rating": "4",
    "author": "kpcc****",
    "review_id": "5436135",
    "movie_id": "31581"
  },
  {
    "review": "언제나 탐나는 모니카 벨루치의 엉덩이",
    "date": "11.03.21",
    "rating": "7",
    "author": "wlfa****",
    "review_id": "5327318",
    "movie_id": "31581"
  },
  {
    "review": "개봉당시 독특한 액션과 소재에 놀란 기억이...지금보니 아쉬운점이 있긴하네;",
    "date": "10.10.09",
    "rating": "8",
    "author": "sbj1****",
    "review_id": "4893351",
    "movie_id": "31581"
  },
  {
    "review": "매력적인 프랑스산 액션 영화",
    "date": "10.08.27",
    "rating": "8",
    "author": "yser****",
    "review_id": "4795836",
    "movie_id": "31581"
  },
  {
    "review": "스타일 괜찮고 액션씬도 무난했고 재밌게봤음 ~~~~~~~",
    "date": "10.07.28",
    "rating": "7",
    "author": "fnsk****",
    "review_id": "4678534",
    "movie_id": "31581"
  },
  {
    "review": "나름대로.... 그런대로...",
    "date": "10.07.25",
    "rating": "7",
    "author": "kos4****",
    "review_id": "4671440",
    "movie_id": "31581"
  },
  {
    "review": "진짜 최근 본 영화 중에 최고.. 명작임! 이런영화가 난 젤 좋드라..",
    "date": "10.06.08",
    "rating": "10",
    "author": "gana****",
    "review_id": "4552954",
    "movie_id": "31581"
  },
  {
    "review": "난 그냥 재밌었는데",
    "date": "10.06.02",
    "rating": "10",
    "author": "disk****",
    "review_id": "4538411",
    "movie_id": "31581"
  },
  {
    "review": "저 포스터에 이미지가 멋있어서 본영화인데 진짜 상당한 수작이다.",
    "date": "10.04.04",
    "rating": "10",
    "author": "dele****",
    "review_id": "4409517",
    "movie_id": "31581"
  },
  {
    "review": "재밋는부분은어떤영화한테도안OOO지루한부분은 지루함. 액션부분은 진짜 최고임.",
    "date": "10.03.24",
    "rating": "9",
    "author": "whoa****",
    "review_id": "4382938",
    "movie_id": "31581"
  },
  {
    "review": "싸구려 스토리에 고상한 옷을 입힌다고 영화가 고상해지는 건 아니다",
    "date": "10.02.22",
    "rating": "6",
    "author": "mygr****",
    "review_id": "4307949",
    "movie_id": "31581"
  },
  {
    "review": "굉장히 훌륭한 명작중의 명작이지!!!!!!! 긴강잠 넘치고!!!",
    "date": "10.01.28",
    "rating": "10",
    "author": "wjdg****",
    "review_id": "4216126",
    "movie_id": "31581"
  },
  {
    "review": "옛날영화라 어린애들한테는 안맞을듯",
    "date": "09.12.12",
    "rating": "10",
    "author": "dhkf****",
    "review_id": "4037892",
    "movie_id": "31581"
  },
  {
    "review": "멋진영상...",
    "date": "09.12.08",
    "rating": "7",
    "author": "sayb****",
    "review_id": "4029442",
    "movie_id": "31581"
  },
  {
    "review": "흥미로웠던",
    "date": "09.11.05",
    "rating": "9",
    "author": "toha****",
    "review_id": "3937913",
    "movie_id": "31581"
  },
  {
    "review": "볼만했었던 것 같다. 초반부를 놓쳤었지만 중간부터 봐도 재미있었으니..",
    "date": "09.09.16",
    "rating": "10",
    "author": "mhoo****",
    "review_id": "3833935",
    "movie_id": "31581"
  },
  {
    "review": "개후진영화 ㅡㅡ.. 2시간30분동안 지루해죽는줄 ㅡㅡ;;",
    "date": "09.09.10",
    "rating": "2",
    "author": "subs****",
    "review_id": "3822638",
    "movie_id": "31581"
  },
  {
    "review": "역시 프랑스는 이런 영화엔 어설프다",
    "date": "09.09.10",
    "rating": "5",
    "author": "bbq2****",
    "review_id": "3822114",
    "movie_id": "31581"
  },
  {
    "review": "몽환적미스터리와 섬세한스릴러가 프랑스고전 시대극속으로 자연스럽게 스며들다",
    "date": "09.08.25",
    "rating": "9",
    "author": "goms****",
    "review_id": "3787297",
    "movie_id": "31581"
  },
  {
    "review": "프랑스 영화 중에 이만한 영화 있나...-_-",
    "date": "09.08.18",
    "rating": "10",
    "author": "adma****",
    "review_id": "3764902",
    "movie_id": "31581"
  },
  {
    "review": "실화를 바탕으로 했다는 점에서 참신하고 충격적이지만 스토리가 억지스럽군.",
    "date": "09.07.21",
    "rating": "9",
    "author": "skss****",
    "review_id": "3654919",
    "movie_id": "31581"
  },
  {
    "review": "지루하고 그리 재밌진 않네요.",
    "date": "09.06.13",
    "rating": "5",
    "author": "diri****",
    "review_id": "3563194",
    "movie_id": "31581"
  },
  {
    "review": "재미있게 봤네요.",
    "date": "09.06.05",
    "rating": "8",
    "author": "loss****",
    "review_id": "3546139",
    "movie_id": "31581"
  },
  {
    "review": "재밌게 본 몇안되는 프랑스영화중 하나^^",
    "date": "09.05.26",
    "rating": "10",
    "author": "them****",
    "review_id": "3524193",
    "movie_id": "31581"
  },
  {
    "review": "프랑스적인 스릴러",
    "date": "09.04.06",
    "rating": "5",
    "author": "leh0****",
    "review_id": "3408023",
    "movie_id": "31581"
  },
  {
    "review": "이것도 kbs 1tv 에서 해줫던 영화지... 프랑스영화치고 재미있는영화",
    "date": "09.03.11",
    "rating": "10",
    "author": "csc2****",
    "review_id": "3360311",
    "movie_id": "31581"
  },
  {
    "review": "흠.. 스릴은 있지만.. 내용은 soso~;;",
    "date": "09.03.01",
    "rating": "7",
    "author": "dldm****",
    "review_id": "3342298",
    "movie_id": "31581"
  },
  {
    "review": "진짜재밌는데 액션,러브라인 시대배경다조아~~",
    "date": "08.12.27",
    "rating": "10",
    "author": "able****",
    "review_id": "3157045",
    "movie_id": "31581"
  },
  {
    "review": "볼만하네요 ^^ 재미있어요 보세요",
    "date": "08.11.25",
    "rating": "8",
    "author": "smin****",
    "review_id": "3071791",
    "movie_id": "31581"
  },
  {
    "review": "긴장감과 분위기 모두 만점~!!!",
    "date": "08.11.15",
    "rating": "10",
    "author": "falc****",
    "review_id": "3051515",
    "movie_id": "31581"
  },
  {
    "review": "군말 없이, 재미있는 요소가 골고루 들어 있는 영화, 역시 미국 영화와는 다르다.",
    "date": "08.10.15",
    "rating": "10",
    "author": "daeu****",
    "review_id": "3001453",
    "movie_id": "31581"
  },
  {
    "review": "재밌긴 재밌다..액션도 최고고..진짜 늑대가 나오다니",
    "date": "08.10.06",
    "rating": "10",
    "author": "cvbn****",
    "review_id": "2986623",
    "movie_id": "31581"
  },
  {
    "review": "개쩐다!! 정말 최고다. 말이 필요없는 액션!!",
    "date": "08.07.23",
    "rating": "10",
    "author": "youh****",
    "review_id": "2795912",
    "movie_id": "31581"
  },
  {
    "review": "최강의 액션.....",
    "date": "08.06.28",
    "rating": "10",
    "author": "59sc****",
    "review_id": "2726484",
    "movie_id": "31581"
  },
  {
    "review": "촬영, 미술 굿... 이야기는 평범.",
    "date": "08.06.21",
    "rating": "8",
    "author": "stru****",
    "review_id": "2711049",
    "movie_id": "31581"
  },
  {
    "review": "good",
    "date": "08.06.08",
    "rating": "10",
    "author": "lagg****",
    "review_id": "2687327",
    "movie_id": "31581"
  },
  {
    "review": "마크 다카스코스가 나온다?  쓰레기에 파리가 몰리는 법. 시간 낭비하지 마시길",
    "date": "08.05.25",
    "rating": "1",
    "author": "ktgg****",
    "review_id": "2662282",
    "movie_id": "31581"
  },
  {
    "review": "재밌따",
    "date": "08.04.09",
    "rating": "8",
    "author": "pxam****",
    "review_id": "2568719",
    "movie_id": "31581"
  },
  {
    "review": "최고..이거 적어도 평정 8.5 이상으로 끌어올려야 되지않을까?",
    "date": "08.03.08",
    "rating": "10",
    "author": "alsr****",
    "review_id": "2508501",
    "movie_id": "31581"
  },
  {
    "review": "갈피를 못잡는 이야기를 보고있자면 멋드러진 액션이 안쓰럽기만 하다.",
    "date": "08.03.03",
    "rating": "6",
    "author": "reco****",
    "review_id": "2500944",
    "movie_id": "31581"
  },
  {
    "review": "이 영화는 내가 본 유럽영화중 최고의 한편이다.개념이 없니들?",
    "date": "08.02.09",
    "rating": "10",
    "author": "dksd****",
    "review_id": "2426008",
    "movie_id": "31581"
  },
  {
    "review": "이해가 안가는 몇가지의 플롯들",
    "date": "08.01.04",
    "rating": "3",
    "author": "dleo****",
    "review_id": "2297472",
    "movie_id": "31581"
  },
  {
    "review": "전혀 몰입 안 되는 스토리지만 영상미 때문에 그나마 살았다",
    "date": "07.12.23",
    "rating": "6",
    "author": "idmo****",
    "review_id": "2256937",
    "movie_id": "31581"
  },
  {
    "review": "여운이남는영화..좋은영화입니다.^^",
    "date": "07.12.15",
    "rating": "9",
    "author": "dudr****",
    "review_id": "2233981",
    "movie_id": "31581"
  },
  {
    "review": "미스테리,액션,공포. 모두 갖췄지만 모두 따로노는 내용. 정말 후회된다.",
    "date": "07.12.08",
    "rating": "2",
    "author": "cky_****",
    "review_id": "2214651",
    "movie_id": "31581"
  },
  {
    "review": "5.6점 준애들 다른평보면 마빡이가 9점 ㅋㅋ누추한것들",
    "date": "07.11.18",
    "rating": "10",
    "author": "duke****",
    "review_id": "2161413",
    "movie_id": "31581"
  },
  {
    "review": "재미는 있었지만 약간 지루했다",
    "date": "07.10.17",
    "rating": "7",
    "author": "allu****",
    "review_id": "2094223",
    "movie_id": "31581"
  },
  {
    "review": "쓸데없는1시간수다만없었어도7점.cg어쩜한국보다못해.액션그저그런,긴장감없고",
    "date": "07.10.09",
    "rating": "5",
    "author": "sjs1****",
    "review_id": "2079629",
    "movie_id": "31581"
  },
  {
    "review": "재밌다:)",
    "date": "07.09.12",
    "rating": "10",
    "author": "guar****",
    "review_id": "2015514",
    "movie_id": "31581"
  },
  {
    "review": "극장에서 예상밖으로 재밌게 봤던.. 최고의 프랑스 영화중 한편..",
    "date": "07.09.07",
    "rating": "9",
    "author": "gall****",
    "review_id": "2006658",
    "movie_id": "31581"
  },
  {
    "review": "보고나서도 뱅뱅도는 영화중 하나. 전혀 기대하지도 않았다가 머리에 꽝!",
    "date": "07.08.29",
    "rating": "9",
    "author": "mr_j****",
    "review_id": "1988580",
    "movie_id": "31581"
  },
  {
    "review": "재미두 없구~ 볼거두 없구~ 지루함만 한가득~",
    "date": "07.08.24",
    "rating": "2",
    "author": "h991****",
    "review_id": "1974537",
    "movie_id": "31581"
  },
  {
    "review": "화려한 볼거리만큼은 헐리우드에 근접했다.",
    "date": "07.08.20",
    "rating": "6",
    "author": "tori****",
    "review_id": "1964242",
    "movie_id": "31581"
  },
  {
    "review": "이거어렷을때 기억으론 3시간넘는거같던데...야수 ㄷㄷ",
    "date": "07.08.19",
    "rating": "10",
    "author": "jy49****",
    "review_id": "1958236",
    "movie_id": "31581"
  },
  {
    "review": "흥미진진한 프랑스식 오락영화...",
    "date": "07.08.19",
    "rating": "9",
    "author": "typo****",
    "review_id": "1956938",
    "movie_id": "31581"
  },
  {
    "review": "정서가 안 맞아서 그런지 몰입조차 안되었다. 작품성 자체가  오버액션 영화",
    "date": "07.08.14",
    "rating": "3",
    "author": "lsh1****",
    "review_id": "1937221",
    "movie_id": "31581"
  },
  {
    "review": "시디3개짜리  다운 받아보세요  찌질하게 편집된거보지말고",
    "date": "07.08.11",
    "rating": "10",
    "author": "zore****",
    "review_id": "1918589",
    "movie_id": "31581"
  }
]