[
  {
    "review": "촬영기법이 맘에 안듦. 자꾸 얼굴만 비추니까 답답터지고 어지럽고 영화 보는 내내 지루했음. 박중훈밖에 생각 안나는 영화랄까",
    "date": "13.01.22",
    "rating": "6",
    "author": "love****",
    "review_id": "7154925",
    "movie_id": "31582"
  },
  {
    "review": "괜찮은영화",
    "date": "11.03.19",
    "rating": "10",
    "author": "hy36****",
    "review_id": "5322005",
    "movie_id": "31582"
  },
  {
    "review": "오드리 헵번의 샤레이드는 너무 재미있었는데. 상대적으로 실망스럽군.",
    "date": "09.10.23",
    "rating": "6",
    "author": "skss****",
    "review_id": "3909945",
    "movie_id": "31582"
  },
  {
    "review": "딱 6점 영화./",
    "date": "09.08.09",
    "rating": "6",
    "author": "sptl****",
    "review_id": "3729045",
    "movie_id": "31582"
  },
  {
    "review": "머 이런 쓰레기 영화가...",
    "date": "08.12.07",
    "rating": "1",
    "author": "meth****",
    "review_id": "3098948",
    "movie_id": "31582"
  },
  {
    "review": "Bad",
    "date": "08.05.06",
    "rating": "1",
    "author": "kara****",
    "review_id": "2621444",
    "movie_id": "31582"
  },
  {
    "review": "부족한 스토리, 탠디 뉴튼의 캐스팅으로 버린 영화. 영상과 음악, 박중훈만 완벽한.",
    "date": "08.02.08",
    "rating": "6",
    "author": "saew****",
    "review_id": "2420437",
    "movie_id": "31582"
  },
  {
    "review": "정말 지루한영화..난 탠디뉴튼 저여자 싫더라...",
    "date": "07.12.17",
    "rating": "5",
    "author": "hide****",
    "review_id": "2239250",
    "movie_id": "31582"
  },
  {
    "review": "bad",
    "date": "07.12.02",
    "rating": "1",
    "author": "cles****",
    "review_id": "2200899",
    "movie_id": "31582"
  },
  {
    "review": "솔직히 괜찮은 영화였으면 했는데...",
    "date": "07.08.23",
    "rating": "1",
    "author": "ysuh****",
    "review_id": "1971326",
    "movie_id": "31582"
  },
  {
    "review": "여전히매력적인 조나단 드미의 연출력",
    "date": "07.06.07",
    "rating": "7",
    "author": "brut****",
    "review_id": "1687122",
    "movie_id": "31582"
  },
  {
    "review": "파고들스록 불편하고도 어색한 진실~",
    "date": "07.04.05",
    "rating": "7",
    "author": "give****",
    "review_id": "1573374",
    "movie_id": "31582"
  },
  {
    "review": "이로써 박중훈의 헐리웃 진출은 물건너 간건가 ㅡㅡ;;",
    "date": "07.03.03",
    "rating": "5",
    "author": "dbst****",
    "review_id": "1516106",
    "movie_id": "31582"
  },
  {
    "review": "배우들의 열정이 느껴지는 영화. 여러모로 다행스럽다",
    "date": "06.11.13",
    "rating": "7",
    "author": "cat1****",
    "review_id": "1231680",
    "movie_id": "31582"
  },
  {
    "review": "박중훈씨때문에봤는데 그런대로 볼만했던것같다",
    "date": "06.11.03",
    "rating": "7",
    "author": "luvs****",
    "review_id": "1213212",
    "movie_id": "31582"
  },
  {
    "review": "솔직히 기대했던것 보다 어설프고 실망스럽다~",
    "date": "06.10.22",
    "rating": "6",
    "author": "hye5****",
    "review_id": "1194327",
    "movie_id": "31582"
  },
  {
    "review": "휼륭하다! 박중훈의 마직막의 미소가 최고!",
    "date": "06.09.19",
    "rating": "10",
    "author": "well****",
    "review_id": "1131972",
    "movie_id": "31582"
  },
  {
    "review": "대한민국 최고의 배우 박중훈!",
    "date": "06.08.02",
    "rating": "10",
    "author": "ufof****",
    "review_id": "956605",
    "movie_id": "31582"
  },
  {
    "review": "박중훈이 나와서 10점",
    "date": "06.06.25",
    "rating": "10",
    "author": "sens****",
    "review_id": "857254",
    "movie_id": "31582"
  },
  {
    "review": "조나단 드미가 이런 \"졸작\"을 만들다니..",
    "date": "06.04.08",
    "rating": "5",
    "author": "movi****",
    "review_id": "752852",
    "movie_id": "31582"
  },
  {
    "review": "박중훈 출연작이라 해서 봤는데, 민망할정도로 재미없더라",
    "date": "06.01.04",
    "rating": "1",
    "author": "iepa****",
    "review_id": "559165",
    "movie_id": "31582"
  },
  {
    "review": "재밌다 스리이 있다",
    "date": "05.12.24",
    "rating": "7",
    "author": "kws7****",
    "review_id": "525714",
    "movie_id": "31582"
  },
  {
    "review": "연출력이 떨어지니 각배우들의 연기또한 제대로 발휘못함",
    "date": "05.12.22",
    "rating": "6",
    "author": "blue****",
    "review_id": "520924",
    "movie_id": "31582"
  },
  {
    "review": "박중훈씨 때문에 높게 드립니다. 영화는 너무...",
    "date": "05.08.21",
    "rating": "5",
    "author": "18ce****",
    "review_id": "378181",
    "movie_id": "31582"
  },
  {
    "review": "오~ 촬리~~~~ ㅡ.ㅡ;",
    "date": "05.06.20",
    "rating": "6",
    "author": "kina****",
    "review_id": "303144",
    "movie_id": "31582"
  },
  {
    "review": "국민배우 박중훈!제2단도 기대합니다.파이팅!",
    "date": "05.05.22",
    "rating": "10",
    "author": "toyo****",
    "review_id": "284120",
    "movie_id": "31582"
  },
  {
    "review": "한국인라서가 아니지만 정말 박중훈만 좋았다",
    "date": "05.04.11",
    "rating": "3",
    "author": "si2p****",
    "review_id": "258429",
    "movie_id": "31582"
  },
  {
    "review": "박중훈오빠 멋이 있어요! 파이팅^^",
    "date": "05.01.12",
    "rating": "10",
    "author": "kyun****",
    "review_id": "183390",
    "movie_id": "31582"
  },
  {
    "review": "박중훈은 훌륭한 배우다!",
    "date": "04.12.26",
    "rating": "10",
    "author": "cine****",
    "review_id": "169739",
    "movie_id": "31582"
  },
  {
    "review": "연출력이 떨어지니 각배우들의 연기또한 제대로 발휘못함.",
    "date": "04.09.05",
    "rating": "5",
    "author": "jjs7****",
    "review_id": "103084",
    "movie_id": "31582"
  },
  {
    "review": "내용 엉성, 박중훈의 연기도 어색 그러나 프랑스를 여행하는 느낌 굿",
    "date": "04.07.13",
    "rating": "8",
    "author": "nams****",
    "review_id": "70126",
    "movie_id": "31582"
  },
  {
    "review": "머 그럭저럭 볼만한 영화~",
    "date": "04.06.24",
    "rating": "6",
    "author": "coco****",
    "review_id": "59904",
    "movie_id": "31582"
  },
  {
    "review": "흠... 박중훈이 나와서 본건데.....내용은 별루네요..",
    "date": "04.05.04",
    "rating": "6",
    "author": "ohse****",
    "review_id": "40860",
    "movie_id": "31582"
  },
  {
    "review": "그나마 박중훈이 차지하는 비중때문에 높게준다",
    "date": "04.03.12",
    "rating": "6",
    "author": "godf****",
    "review_id": "28495",
    "movie_id": "31582"
  },
  {
    "review": "보시면..별루란걸 크게 아시게 될것입니다.",
    "date": "04.03.07",
    "rating": "4",
    "author": "venn****",
    "review_id": "27570",
    "movie_id": "31582"
  },
  {
    "review": "쫑훈이가 나왔는데 좀 높게줘야지..비록 안봤지만..;",
    "date": "04.03.03",
    "rating": "10",
    "author": "yunh****",
    "review_id": "26689",
    "movie_id": "31582"
  },
  {
    "review": "쭝훈이 엉님 나왔는데 쫌 높게 줘야줘~!^_^*",
    "date": "04.02.24",
    "rating": "10",
    "author": "gagk****",
    "review_id": "23816",
    "movie_id": "31582"
  }
]