[
  {
    "review": "볼려고 들어왔는데 아무리 찾아도 보기가 없네.어떻게 보는거임?",
    "date": "14.08.24",
    "rating": "9",
    "author": "mook****",
    "review_id": "9130339",
    "movie_id": "31595"
  },
  {
    "review": "안스러움과 가끔 튀어나오는 웃음의 교차. 이때의 닐슨옹은 이미 하락세였던 시절",
    "date": "11.07.19",
    "rating": "5",
    "author": "gall****",
    "review_id": "5554130",
    "movie_id": "31595"
  },
  {
    "review": "잘봄",
    "date": "10.11.30",
    "rating": "10",
    "author": "rick****",
    "review_id": "5008989",
    "movie_id": "31595"
  },
  {
    "review": "이젠 식상하다",
    "date": "10.08.08",
    "rating": "4",
    "author": "hyuk****",
    "review_id": "4721904",
    "movie_id": "31595"
  },
  {
    "review": "ㅋㅋ 역시 닐슨이란",
    "date": "08.01.29",
    "rating": "10",
    "author": "oran****",
    "review_id": "2383945",
    "movie_id": "31595"
  },
  {
    "review": "심각한 영화를 이렇게 웃기게 만들었다",
    "date": "07.08.27",
    "rating": "7",
    "author": "deff****",
    "review_id": "1984760",
    "movie_id": "31595"
  },
  {
    "review": "네슬리 닐슨표 영화 답다. 킬림타임용으론 제격인 영화.",
    "date": "06.03.09",
    "rating": "7",
    "author": "wons****",
    "review_id": "709934",
    "movie_id": "31595"
  },
  {
    "review": "무난하게 즐기면 된다",
    "date": "05.12.26",
    "rating": "5",
    "author": "kws7****",
    "review_id": "530618",
    "movie_id": "31595"
  },
  {
    "review": "평 절라좋네. 좀 민망한 코미디던데...",
    "date": "05.10.16",
    "rating": "7",
    "author": "hyun****",
    "review_id": "444878",
    "movie_id": "31595"
  },
  {
    "review": "잘 봤습니다^^",
    "date": "05.07.03",
    "rating": "10",
    "author": "sisn****",
    "review_id": "311796",
    "movie_id": "31595"
  },
  {
    "review": "닐슨의 팬이라면 필독영화",
    "date": "05.03.29",
    "rating": "10",
    "author": "imaz****",
    "review_id": "249872",
    "movie_id": "31595"
  },
  {
    "review": "환상 그자체",
    "date": "04.11.12",
    "rating": "10",
    "author": "supe****",
    "review_id": "144710",
    "movie_id": "31595"
  }
]