[
  {
    "review": "내용이 무척단순하지만 요즘시대에 꼬이고 꼬인 이야기가 질려서 아주 볼만했다",
    "date": "14.08.31",
    "rating": "10",
    "author": "jhr3****",
    "review_id": "9148348",
    "movie_id": "31605"
  },
  {
    "review": "23살 청년 성룡이 펄펄날아다니는 영화. 쌍수전이라 정말 느낌이 다르네요. 이소룡 사망후 야심찼던 성룡이 초창기 죄다흥행참패했지만 그는 될놈이었다는 건 여실히 보여준 영화. 성룡, 당신은 최고입니다~!!!",
    "date": "14.06.22",
    "rating": "10",
    "author": "whia****",
    "review_id": "8848054",
    "movie_id": "31605"
  },
  {
    "review": "성룡이 있는한 볼거리 하나는 확실하다!",
    "date": "10.01.14",
    "rating": "5",
    "author": "evil****",
    "review_id": "4167785",
    "movie_id": "31605"
  },
  {
    "review": "성룡이 쌍꺼풀 수술하기 전에 만든영화 당시 소림사영화의 유행에 편승한듯",
    "date": "09.10.22",
    "rating": "6",
    "author": "thra****",
    "review_id": "3907840",
    "movie_id": "31605"
  },
  {
    "review": "재미있었다. 킬링타임용으론 좋은듯, 그런데 성룡이 벙어리 라니.. ㅇㄴ",
    "date": "09.10.20",
    "rating": "10",
    "author": "kink****",
    "review_id": "3905567",
    "movie_id": "31605"
  },
  {
    "review": "일못하기로 알아준더던 성룡. 물바가지 들어 나르는힘도 없더군 하~",
    "date": "08.05.04",
    "rating": "7",
    "author": "lgju****",
    "review_id": "2616024",
    "movie_id": "31605"
  },
  {
    "review": "이거 본거 같다. 근데 중간부터 봐서 영~",
    "date": "07.02.01",
    "rating": "4",
    "author": "kumc****",
    "review_id": "1432004",
    "movie_id": "31605"
  },
  {
    "review": "솔직히 다른 성룡 무협영화 보다 조금 재미없는것 같다.",
    "date": "06.12.17",
    "rating": "5",
    "author": "iama****",
    "review_id": "1299251",
    "movie_id": "31605"
  },
  {
    "review": "잼다 ㅋㅋㅋㅋㅋㅋㅋㅋㅋㅋㅋㅋㅋㅋ",
    "date": "06.12.14",
    "rating": "10",
    "author": "qudv****",
    "review_id": "1292453",
    "movie_id": "31605"
  },
  {
    "review": "잘만들었다",
    "date": "06.08.18",
    "rating": "10",
    "author": "zeed****",
    "review_id": "1050070",
    "movie_id": "31605"
  },
  {
    "review": "이거 오늘 봤어 ㅋㅋ성룡 화이팅",
    "date": "05.08.24",
    "rating": "10",
    "author": "godq****",
    "review_id": "381788",
    "movie_id": "31605"
  },
  {
    "review": "내가좋아하는장르의영화코믹보다무거운영화를좀좋아해서잼나여",
    "date": "05.07.29",
    "rating": "7",
    "author": "aprs****",
    "review_id": "338851",
    "movie_id": "31605"
  },
  {
    "review": "중국 최고의 영화중 하나다. 정말 끝내줬던 영화!",
    "date": "05.01.22",
    "rating": "10",
    "author": "dnwn****",
    "review_id": "192210",
    "movie_id": "31605"
  },
  {
    "review": "어렸을 떄 재밌게 보던 기억이 나는 영화",
    "date": "04.07.30",
    "rating": "8",
    "author": "nams****",
    "review_id": "79994",
    "movie_id": "31605"
  }
]