[
  {
    "review": "ㅋㅋ 진짜 2편이 최고임",
    "date": "15.07.19",
    "rating": "10",
    "author": "seun****",
    "review_id": "10120413",
    "movie_id": "31629"
  },
  {
    "review": "전편보다 약하지만, 그래도 여전히 최고의 킬링타임",
    "date": "15.07.05",
    "rating": "10",
    "author": "lsh5****",
    "review_id": "10072549",
    "movie_id": "31629"
  },
  {
    "review": "크리스 터커가 그나마 살렸다",
    "date": "15.03.17",
    "rating": "5",
    "author": "rcan****",
    "review_id": "9788724",
    "movie_id": "31629"
  },
  {
    "review": "코미디와 액션을 수놓는 최고의 콤비플레이! 보게 된다면 후회는 안할 영화임.",
    "date": "15.01.04",
    "rating": "8",
    "author": "zxvt****",
    "review_id": "9559535",
    "movie_id": "31629"
  },
  {
    "review": "재밌었던 추억의 영화!!",
    "date": "15.01.02",
    "rating": "10",
    "author": "mr_p****",
    "review_id": "9549434",
    "movie_id": "31629"
  },
  {
    "review": "성룡님과 크리스 터커님 넘 잘맞음...ㅋㅋ",
    "date": "14.12.31",
    "rating": "10",
    "author": "rhoa****",
    "review_id": "9542493",
    "movie_id": "31629"
  },
  {
    "review": "1편에서도 생각이 들었지만,  성룡과 크리스 터커의 나이차가 얼만데  어울리네,,,",
    "date": "14.08.27",
    "rating": "8",
    "author": "fghy****",
    "review_id": "9136423",
    "movie_id": "31629"
  },
  {
    "review": "성룡 영화는 보는 동안 그냥 즐겁게 유쾌하게 해주는 것이 목표인 듯. 팝콘 무비로서는 나쁘지 않음",
    "date": "14.08.25",
    "rating": "6",
    "author": "jjaj****",
    "review_id": "9131559",
    "movie_id": "31629"
  },
  {
    "review": "1편이 더 나았지만...! 그래도 성룡과 터커콤비는 여전하다!(11살 때 중앙시네마에 엄마손잡고 보러간 기억이 새록새록)",
    "date": "14.08.04",
    "rating": "9",
    "author": "yero****",
    "review_id": "9021248",
    "movie_id": "31629"
  },
  {
    "review": "성룡영화같진 않지만 1편보다 더 재미있고 성룡의 나이대에 필요한 변화를 준 것 같다. 언제까지 천하무적 진가구나 황비홍일 수는 없으니까...성룡, 당신은 최고입니다~!!!",
    "date": "14.07.18",
    "rating": "10",
    "author": "whia****",
    "review_id": "8928861",
    "movie_id": "31629"
  },
  {
    "review": "2편은 사실 왜 나왔는지 모르겠다.",
    "date": "14.07.17",
    "rating": "1",
    "author": "jere****",
    "review_id": "8924132",
    "movie_id": "31629"
  },
  {
    "review": "성룡이 주연 한것 만으로도 돈의 본전은 뽑는다.",
    "date": "14.05.31",
    "rating": "7",
    "author": "adiv****",
    "review_id": "8778890",
    "movie_id": "31629"
  },
  {
    "review": "액션은 숨이 차고 정신없는 말빨로 버티는 모양새다. 터커에 빚진영화.",
    "date": "14.05.26",
    "rating": "6",
    "author": "reco****",
    "review_id": "8767746",
    "movie_id": "31629"
  },
  {
    "review": "전편보다 낫지는 않지만 꿀리지않는 재미를 보여주는 속편. 러시아워는 여기까지가 딱 좋았다.",
    "date": "14.03.20",
    "rating": "10",
    "author": "sala****",
    "review_id": "8589719",
    "movie_id": "31629"
  },
  {
    "review": "수준높고 세련된 액션! 이영화 추천해요",
    "date": "14.03.15",
    "rating": "10",
    "author": "tjwj****",
    "review_id": "8579537",
    "movie_id": "31629"
  },
  {
    "review": "정말 소름끼치는 영화다!!!",
    "date": "14.03.09",
    "rating": "10",
    "author": "ske4****",
    "review_id": "8565021",
    "movie_id": "31629"
  },
  {
    "review": "카터 완전웃겨ㅋㅋㅋㅋ",
    "date": "14.03.03",
    "rating": "9",
    "author": "buzz****",
    "review_id": "8554288",
    "movie_id": "31629"
  },
  {
    "review": "역시 성룡이다. 그리고 제일 웃겼던게 제임스 카터가 술집에서 노래할때임ㅇㅇ",
    "date": "14.02.17",
    "rating": "10",
    "author": "kumj****",
    "review_id": "8515801",
    "movie_id": "31629"
  },
  {
    "review": "성룡을 좋아하는 사람들에게 추천",
    "date": "14.02.04",
    "rating": "10",
    "author": "kwan****",
    "review_id": "8474039",
    "movie_id": "31629"
  },
  {
    "review": "내가 본 미국 코미디 영화중에서 가장 재밌음",
    "date": "14.01.03",
    "rating": "10",
    "author": "kyj2****",
    "review_id": "8341614",
    "movie_id": "31629"
  },
  {
    "review": "1편보단 떨어지지만 그래도9점!!!",
    "date": "13.12.25",
    "rating": "9",
    "author": "vict****",
    "review_id": "8301039",
    "movie_id": "31629"
  },
  {
    "review": "전작에 비해 힘이 떨어지는 건 사실이나 아직도 괜찮은 액션코미디",
    "date": "13.09.29",
    "rating": "8",
    "author": "rjsw****",
    "review_id": "8022177",
    "movie_id": "31629"
  },
  {
    "review": "액션은 1에비해서 떨어지는 것도 좋아진 것도 없지만, 주연급 조연인지 주연인지 약간 연기력이 부족한 것을 느꼈다",
    "date": "13.07.12",
    "rating": "9",
    "author": "gnt5****",
    "review_id": "7729605",
    "movie_id": "31629"
  },
  {
    "review": "예스잼!!",
    "date": "13.07.06",
    "rating": "10",
    "author": "woxo****",
    "review_id": "7709163",
    "movie_id": "31629"
  },
  {
    "review": "성룡이 헐리웃에서도 통한다는 사실을 보여준 메가히트작, 한국에서도 이런 배우가 얼른 나왔으면 좋겠다, 중국인이 먼저 이런영화를 냈다는게 다소 아쉽긴하지만, 13억이란 인구를 감안하면 이것도 빠른편은 아니다.",
    "date": "13.07.05",
    "rating": "9",
    "author": "bajj****",
    "review_id": "7706569",
    "movie_id": "31629"
  },
  {
    "review": "ㅎㅎ 잼있음.",
    "date": "13.06.03",
    "rating": "10",
    "author": "qorc****",
    "review_id": "7574948",
    "movie_id": "31629"
  },
  {
    "review": "완벽",
    "date": "13.04.08",
    "rating": "10",
    "author": "hana****",
    "review_id": "7442828",
    "movie_id": "31629"
  },
  {
    "review": "1보다 더 괜찮은 영화. 짱쯔이의 무표정한 연기는 너무 어색하다.",
    "date": "13.03.03",
    "rating": "8",
    "author": "nba1****",
    "review_id": "7320410",
    "movie_id": "31629"
  },
  {
    "review": "크리스 터커의 원맨쇼",
    "date": "13.03.01",
    "rating": "8",
    "author": "azga****",
    "review_id": "7315189",
    "movie_id": "31629"
  },
  {
    "review": "넘웃김ㅋㅋㅋㅋㅋㅋㅋㅋㅋㅋㅋㅋㅋㅋㅋㅋㅋㅋㅋㅋㅋㅋㅋ",
    "date": "13.02.12",
    "rating": "10",
    "author": "wjdt****",
    "review_id": "7257286",
    "movie_id": "31629"
  },
  {
    "review": "유쾌하고 재미있는 영화~!",
    "date": "12.08.05",
    "rating": "9",
    "author": "yura****",
    "review_id": "6573138",
    "movie_id": "31629"
  },
  {
    "review": "좋은배우 좋은영화",
    "date": "12.07.23",
    "rating": "8",
    "author": "thdq****",
    "review_id": "6518579",
    "movie_id": "31629"
  },
  {
    "review": "흑형 웃김 ㅋㅋ",
    "date": "12.04.26",
    "rating": "8",
    "author": "juns****",
    "review_id": "6246467",
    "movie_id": "31629"
  },
  {
    "review": "크리스터커와 성룡의 콤비는 잘 맞는듯, 장쯔이까지 나오니 캐스팅도 좋다",
    "date": "12.02.28",
    "rating": "9",
    "author": "crui****",
    "review_id": "6109015",
    "movie_id": "31629"
  },
  {
    "review": "흑형이너무웃겨요 ㅋㅋㅋ",
    "date": "11.12.20",
    "rating": "10",
    "author": "dank****",
    "review_id": "5916612",
    "movie_id": "31629"
  },
  {
    "review": "러시아워의 스토리+재미 등 순서 2>1>3 이게맞는거지.",
    "date": "11.11.15",
    "rating": "8",
    "author": "paul****",
    "review_id": "5850973",
    "movie_id": "31629"
  },
  {
    "review": "시끌벅적 요란해도 할 거 다 하는 사고뭉치들.",
    "date": "11.07.22",
    "rating": "6",
    "author": "rygh****",
    "review_id": "5562229",
    "movie_id": "31629"
  },
  {
    "review": "성룡표가 아니다.",
    "date": "11.06.18",
    "rating": "3",
    "author": "pria****",
    "review_id": "5487536",
    "movie_id": "31629"
  },
  {
    "review": "후속편이 나은 듯..",
    "date": "11.06.06",
    "rating": "10",
    "author": "tn99****",
    "review_id": "5468918",
    "movie_id": "31629"
  },
  {
    "review": "발전한 러시아워 시리즈",
    "date": "11.06.04",
    "rating": "8",
    "author": "mais****",
    "review_id": "5463634",
    "movie_id": "31629"
  },
  {
    "review": "재방송을 봐도봐도 안질리고 재미있음",
    "date": "11.06.01",
    "rating": "9",
    "author": "kaws****",
    "review_id": "5458931",
    "movie_id": "31629"
  },
  {
    "review": "역시 재밋는 영화 엿음 ㅋㅋㅋㅋㅋㅋㅋㅋㅋㅋㅋㅋ",
    "date": "11.05.22",
    "rating": "10",
    "author": "sksm****",
    "review_id": "5443664",
    "movie_id": "31629"
  },
  {
    "review": "생각보다 소소한 재미가 덜한듯. 전작이 더 낫다.",
    "date": "11.04.19",
    "rating": "8",
    "author": "wide****",
    "review_id": "5383054",
    "movie_id": "31629"
  },
  {
    "review": "웃겨죽을뻔함ㅋㅋㅋㅋ",
    "date": "11.02.28",
    "rating": "10",
    "author": "ymg2****",
    "review_id": "5285014",
    "movie_id": "31629"
  },
  {
    "review": "정말 재밌던 영화네요 ㅋㅋ",
    "date": "11.02.01",
    "rating": "10",
    "author": "jki9****",
    "review_id": "5205453",
    "movie_id": "31629"
  },
  {
    "review": "오늘 아침 cgv에서 봤음. 중간도아니고 뒷부분만 봤는데 푹 빠져버렸음...",
    "date": "11.01.31",
    "rating": "10",
    "author": "dlwn****",
    "review_id": "5199396",
    "movie_id": "31629"
  },
  {
    "review": "재미 있습니다.",
    "date": "11.01.14",
    "rating": "10",
    "author": "0527****",
    "review_id": "5156544",
    "movie_id": "31629"
  },
  {
    "review": "마음에 듭니다.",
    "date": "11.01.13",
    "rating": "10",
    "author": "hist****",
    "review_id": "5155335",
    "movie_id": "31629"
  },
  {
    "review": "성룡과 흑형의 유쾌한 조합",
    "date": "10.12.09",
    "rating": "7",
    "author": "wini****",
    "review_id": "5039067",
    "movie_id": "31629"
  },
  {
    "review": "코믹과 액션.. 진짜 밸런스 최고 ㅋㅋㅋㅋ",
    "date": "10.11.24",
    "rating": "10",
    "author": "leeh****",
    "review_id": "4986239",
    "movie_id": "31629"
  },
  {
    "review": "재밌음",
    "date": "10.10.18",
    "rating": "10",
    "author": "bola****",
    "review_id": "4909562",
    "movie_id": "31629"
  },
  {
    "review": "크리스터커 짱ㅋㅋㅋ",
    "date": "10.02.25",
    "rating": "10",
    "author": "qpep****",
    "review_id": "4316917",
    "movie_id": "31629"
  },
  {
    "review": "개인적인생각이지만 1편 보다 2편이 더 재밌음! 크리스터커 연기 정말 잘하네여!",
    "date": "10.02.16",
    "rating": "9",
    "author": "jmkp****",
    "review_id": "4288887",
    "movie_id": "31629"
  },
  {
    "review": "여러모로 볼거리가 풍부한 영화..",
    "date": "10.02.14",
    "rating": "7",
    "author": "blue****",
    "review_id": "4280043",
    "movie_id": "31629"
  },
  {
    "review": "역시 성룡 ㅋㅋ",
    "date": "10.02.10",
    "rating": "9",
    "author": "thdw****",
    "review_id": "4266588",
    "movie_id": "31629"
  },
  {
    "review": "재밌긴 재밌는데 다양한 인물들로 1보다 더 산만해졌다.",
    "date": "10.01.15",
    "rating": "8",
    "author": "jiyu****",
    "review_id": "4174432",
    "movie_id": "31629"
  },
  {
    "review": "꽤 웃기고 재밌었음 ㅋㅋㅋ",
    "date": "10.01.14",
    "rating": "10",
    "author": "yush****",
    "review_id": "4169033",
    "movie_id": "31629"
  },
  {
    "review": "무술과 코믹의 조화~!!!!",
    "date": "10.01.14",
    "rating": "9",
    "author": "skjk****",
    "review_id": "4168907",
    "movie_id": "31629"
  },
  {
    "review": "크리스터커 너무 웃김진짜ㅋㅋㅋㅋㅋㅋㅋㅋㅋㅋㅋ",
    "date": "09.12.22",
    "rating": "10",
    "author": "hygb****",
    "review_id": "4068546",
    "movie_id": "31629"
  },
  {
    "review": "성룡의 화끈한 액션과 터커의 말장난 웃겼다 ㅋㅋ 장쯔이도 이쁘게 나오고 2탄이 최고",
    "date": "09.12.14",
    "rating": "10",
    "author": "77xp****",
    "review_id": "4043613",
    "movie_id": "31629"
  },
  {
    "review": "진짜 재미있음 ㅋㅋ 성룡영화중 코믹과 액션이 최고인것같다!!! ㅋ",
    "date": "09.11.16",
    "rating": "10",
    "author": "hoo0****",
    "review_id": "3970031",
    "movie_id": "31629"
  },
  {
    "review": "성룡영화로 재미는있지만 나이든 성룡이 조금 서글프다 성룡이 젊었을때가 그립다",
    "date": "09.11.09",
    "rating": "7",
    "author": "thra****",
    "review_id": "3946631",
    "movie_id": "31629"
  },
  {
    "review": "내가 본 영화들중에선 액션,코미디 장르는 러시아워가 최고!!",
    "date": "09.10.20",
    "rating": "10",
    "author": "ahth****",
    "review_id": "3905848",
    "movie_id": "31629"
  },
  {
    "review": "성룡의 진중함과 크리스 터커의 경쾌함의 진화.",
    "date": "09.10.03",
    "rating": "10",
    "author": "ard2****",
    "review_id": "3869506",
    "movie_id": "31629"
  },
  {
    "review": "전편보다 더 코믹해져서 더 좋네요",
    "date": "09.09.26",
    "rating": "8",
    "author": "kici****",
    "review_id": "3851791",
    "movie_id": "31629"
  },
  {
    "review": "ㅋㅋㅋ 재밌어, 특히 NG장면",
    "date": "09.07.14",
    "rating": "10",
    "author": "rlad****",
    "review_id": "3630557",
    "movie_id": "31629"
  },
  {
    "review": "러시아워 시리즈 중 최고",
    "date": "09.07.09",
    "rating": "9",
    "author": "bad5****",
    "review_id": "3620230",
    "movie_id": "31629"
  },
  {
    "review": "장쯔이의 포쓰!!",
    "date": "09.07.03",
    "rating": "7",
    "author": "bbq2****",
    "review_id": "3607703",
    "movie_id": "31629"
  },
  {
    "review": "헐리웃에 간이후 성룡의 최고작품",
    "date": "09.06.23",
    "rating": "10",
    "author": "ycjw****",
    "review_id": "3584032",
    "movie_id": "31629"
  },
  {
    "review": "크리스 터커의 말솜씨 여전하군여 ㅋㅋ",
    "date": "09.05.03",
    "rating": "10",
    "author": "qhgu****",
    "review_id": "3462081",
    "movie_id": "31629"
  },
  {
    "review": "전작보다 나은 후속작........",
    "date": "09.05.03",
    "rating": "9",
    "author": "adoa****",
    "review_id": "3460689",
    "movie_id": "31629"
  },
  {
    "review": "3편이 안 나왔으면 좋겠다고 바랄 정도로 이 2편은 최고다",
    "date": "09.04.29",
    "rating": "9",
    "author": "sega****",
    "review_id": "3447486",
    "movie_id": "31629"
  },
  {
    "review": "대단하다.",
    "date": "09.04.05",
    "rating": "10",
    "author": "dlwo****",
    "review_id": "3406163",
    "movie_id": "31629"
  },
  {
    "review": "성룡만으로 영화의 작품성을 알수있다",
    "date": "09.03.24",
    "rating": "10",
    "author": "rnjs****",
    "review_id": "3384926",
    "movie_id": "31629"
  },
  {
    "review": "동양과 서양의 퓨전액션중 최고의 시리즈",
    "date": "09.03.20",
    "rating": "9",
    "author": "tjdw****",
    "review_id": "3376072",
    "movie_id": "31629"
  },
  {
    "review": "재밌게봤음.",
    "date": "09.03.12",
    "rating": "10",
    "author": "jkh0****",
    "review_id": "3360445",
    "movie_id": "31629"
  },
  {
    "review": "성룡의 유쾌통쾌한 액션~",
    "date": "09.02.24",
    "rating": "8",
    "author": "tleh****",
    "review_id": "3329402",
    "movie_id": "31629"
  },
  {
    "review": "1보다 더 화려해졌습니다.",
    "date": "09.02.15",
    "rating": "10",
    "author": "dong****",
    "review_id": "3303598",
    "movie_id": "31629"
  },
  {
    "review": "군더더기 없으면서 화려한 액션과 재미,단백질 그 자체",
    "date": "09.02.11",
    "rating": "8",
    "author": "slal****",
    "review_id": "3295001",
    "movie_id": "31629"
  },
  {
    "review": "1편보다 더 재밌다!!! 장쯔이 미모를 감상하는맛도 쏠쏠하다~~",
    "date": "09.01.22",
    "rating": "9",
    "author": "iss2****",
    "review_id": "3240133",
    "movie_id": "31629"
  },
  {
    "review": "정말 화려한 액션과 어우러진 코미디 ㅋㅋㅋㅋ정말 재미있게봤던영화 강추!!",
    "date": "09.01.15",
    "rating": "10",
    "author": "jhki****",
    "review_id": "3223553",
    "movie_id": "31629"
  },
  {
    "review": "속편은 거의 대부분 실망감을 안겨주지만 이 영화는 다르다",
    "date": "09.01.02",
    "rating": "8",
    "author": "qudr****",
    "review_id": "3178802",
    "movie_id": "31629"
  },
  {
    "review": "성룡의 유쾌한 할리우드식 코미디 액션영화",
    "date": "08.11.16",
    "rating": "8",
    "author": "noxp****",
    "review_id": "3053965",
    "movie_id": "31629"
  },
  {
    "review": "쭤러",
    "date": "08.08.09",
    "rating": "10",
    "author": "tjde****",
    "review_id": "2856242",
    "movie_id": "31629"
  },
  {
    "review": "나름대로 재미있었던",
    "date": "08.07.29",
    "rating": "7",
    "author": "mins****",
    "review_id": "2815289",
    "movie_id": "31629"
  },
  {
    "review": "봐도봐도 질리지않는 성룡표 영화!! 명품콤비 성룡 & 크리스터커!! ㅋㅋ",
    "date": "08.07.19",
    "rating": "10",
    "author": "vamp****",
    "review_id": "2780724",
    "movie_id": "31629"
  },
  {
    "review": "요란한 액션, 요란한 콤비. 정신사납다.",
    "date": "08.07.02",
    "rating": "4",
    "author": "ccpk****",
    "review_id": "2734954",
    "movie_id": "31629"
  },
  {
    "review": "재밌당ㅎㅎ",
    "date": "08.06.18",
    "rating": "10",
    "author": "ryun****",
    "review_id": "2705644",
    "movie_id": "31629"
  },
  {
    "review": "포스터 보고 성룡이랑 장쯔이랑 같은 팀인줄 알았네..",
    "date": "08.05.24",
    "rating": "10",
    "author": "smh0****",
    "review_id": "2660585",
    "movie_id": "31629"
  },
  {
    "review": "성룡과 크리스 터커의 환상의 복식조!! 그리고 장쯔이까지!! 좋아좋아!!",
    "date": "08.05.08",
    "rating": "8",
    "author": "uds0****",
    "review_id": "2624058",
    "movie_id": "31629"
  },
  {
    "review": "유쾌한 액션영화~ 역시 성룡~ ^^",
    "date": "08.03.07",
    "rating": "10",
    "author": "gdlk****",
    "review_id": "2507566",
    "movie_id": "31629"
  },
  {
    "review": "성룡이니깐 무조건 10점 오케이 ???   딴거 필요없어 성룡이 나온 영화는 무조건 굿",
    "date": "08.02.26",
    "rating": "10",
    "author": "ok99****",
    "review_id": "2484771",
    "movie_id": "31629"
  },
  {
    "review": "그냥 그랬다.. 확실히 전편보다 많이 떨어진다.",
    "date": "08.02.14",
    "rating": "7",
    "author": "pola****",
    "review_id": "2443580",
    "movie_id": "31629"
  },
  {
    "review": "1,2,3중 최고 재미있었음....",
    "date": "08.01.22",
    "rating": "9",
    "author": "nwhg****",
    "review_id": "2358212",
    "movie_id": "31629"
  },
  {
    "review": "뭐...별로.",
    "date": "08.01.21",
    "rating": "7",
    "author": "jung****",
    "review_id": "2354538",
    "movie_id": "31629"
  },
  {
    "review": "감독도 같고 배우도 같은 영화인데 3랑 많이 다르다 그러니깐 장쯔이 출현시켰어여지",
    "date": "08.01.14",
    "rating": "10",
    "author": "soju****",
    "review_id": "2328867",
    "movie_id": "31629"
  },
  {
    "review": "리와 카터의 찰떡궁합으로 이 영화는 만세!",
    "date": "08.01.06",
    "rating": "9",
    "author": "cksd****",
    "review_id": "2301368",
    "movie_id": "31629"
  },
  {
    "review": "재밌당ㅎㅎ 리와 카터는 최고의 파트너!!",
    "date": "08.01.05",
    "rating": "10",
    "author": "ky30****",
    "review_id": "2300554",
    "movie_id": "31629"
  },
  {
    "review": "군말 필요없는 최강의 오락물!",
    "date": "08.01.05",
    "rating": "7",
    "author": "cube****",
    "review_id": "2298447",
    "movie_id": "31629"
  },
  {
    "review": "역시 최고다! 얼굴에 웃음이 떠나질 않는다.",
    "date": "08.01.03",
    "rating": "10",
    "author": "kide****",
    "review_id": "2293478",
    "movie_id": "31629"
  }
]