[
  {
    "review": "유일하게 가족간 채널싸움에 대해서 분쟁이 없었던 드라마. 만장일치. 물론 여자들 제외.",
    "date": "14.07.06",
    "rating": "10",
    "author": "echu****",
    "review_id": "8889351",
    "movie_id": "31636"
  },
  {
    "review": "BOB의 증조할아버지정도 되는 전쟁드라마의 전설!~",
    "date": "14.05.20",
    "rating": "10",
    "author": "mrna****",
    "review_id": "8749476",
    "movie_id": "31636"
  },
  {
    "review": "케이블 영화 채널은 OO기 한쿡영화 틀지말고 머나먼정글좀 해줬으면 좋겠다 정말 다시 보고싶다!",
    "date": "14.02.23",
    "rating": "10",
    "author": "ske4****",
    "review_id": "8530998",
    "movie_id": "31636"
  },
  {
    "review": "어렸을 적의 최고의 작품베트남전 왠만한 영화와는 비교가 안됨",
    "date": "14.02.09",
    "rating": "10",
    "author": "ssru****",
    "review_id": "8491823",
    "movie_id": "31636"
  },
  {
    "review": "베트남 전쟁 관련한 최고의 미드(영화)였다고 생각한다. 아마 공중파애서 다시 재방송 해도 시청률 꽤 찍어줄 듯.",
    "date": "14.01.26",
    "rating": "10",
    "author": "mobl****",
    "review_id": "8431118",
    "movie_id": "31636"
  },
  {
    "review": "흑인병사가 부대에서 떨어진 후 벌레 먹던 장면 기억난다.. 왠지 모르겠지만 그 흑인병사가 가장 정이 갔는데 결국 실종됐나 죽었나 했었는데.. 암튼 그 어린 나이에도 몰입해서 재밌게 봤었다",
    "date": "13.03.21",
    "rating": "10",
    "author": "zzmi****",
    "review_id": "7390283",
    "movie_id": "31636"
  },
  {
    "review": "이 시리즈를 통해 롤링스톤즈의 Paint it black 을 알게되다...",
    "date": "13.03.11",
    "rating": "7",
    "author": "thra****",
    "review_id": "7340718",
    "movie_id": "31636"
  },
  {
    "review": "전쟁 미드의 한참 선배. 베트남 전쟁을 앞 뒤로 자세하게 그린 수작",
    "date": "11.11.08",
    "rating": "9",
    "author": "reno****",
    "review_id": "5835579",
    "movie_id": "31636"
  },
  {
    "review": "그 시절,, '이게뭐야'하면서 보다가 잊을 수 없는 외화가 된 머나먼정글,,, 그립다...",
    "date": "11.08.01",
    "rating": "10",
    "author": "hw_c****",
    "review_id": "5587863",
    "movie_id": "31636"
  },
  {
    "review": "와;;; 이 자료가 아직도 있어요?;;워 진짜 함 봐야겠다 진짜 어렸을때 나온건데 ;;;;",
    "date": "11.01.15",
    "rating": "10",
    "author": "baby****",
    "review_id": "5159706",
    "movie_id": "31636"
  },
  {
    "review": "미드가 괜히 미드가 아냐",
    "date": "10.01.01",
    "rating": "8",
    "author": "poli****",
    "review_id": "4115468",
    "movie_id": "31636"
  },
  {
    "review": "아는 형한테 미국판 오리지널 dvd 구해서 봤는데 전율이 왔음..쪽지 주면 공유해드림.",
    "date": "09.03.01",
    "rating": "10",
    "author": "agra****",
    "review_id": "3341960",
    "movie_id": "31636"
  },
  {
    "review": "최고의 드라마중의 하나.재미와 감동이라는 두마리 토끼를 다 잡는데 성공했다.",
    "date": "09.02.03",
    "rating": "8",
    "author": "baks****",
    "review_id": "3273861",
    "movie_id": "31636"
  },
  {
    "review": "paint it black만 들으면 이 드라마의 오프닝이 생각남",
    "date": "08.12.19",
    "rating": "8",
    "author": "seun****",
    "review_id": "3130248",
    "movie_id": "31636"
  },
  {
    "review": "난 아주 재밌게 봤다.",
    "date": "07.11.22",
    "rating": "10",
    "author": "krel****",
    "review_id": "2174914",
    "movie_id": "31636"
  },
  {
    "review": "내용도 내용이지만 음악이 정말 좋았다",
    "date": "07.08.21",
    "rating": "8",
    "author": "deff****",
    "review_id": "1964581",
    "movie_id": "31636"
  },
  {
    "review": "어릴적 국민학생이 잠도 안자고 봤던 전쟁 시리즈물.",
    "date": "07.08.19",
    "rating": "10",
    "author": "rjfb****",
    "review_id": "1958604",
    "movie_id": "31636"
  },
  {
    "review": "재미있게 보기도 했지만...지금 생각하니 너무 미국적",
    "date": "07.02.11",
    "rating": "7",
    "author": "nala****",
    "review_id": "1462958",
    "movie_id": "31636"
  },
  {
    "review": "롤링스톤즈의 Paint It Black을 들으면 머나먼 정글의 추억이",
    "date": "06.09.25",
    "rating": "9",
    "author": "lsh1****",
    "review_id": "1141991",
    "movie_id": "31636"
  },
  {
    "review": "일요일 오후 5시에 했던시리즈 놀다가도 이거 볼려구 들어갔지",
    "date": "05.12.26",
    "rating": "10",
    "author": "kws7****",
    "review_id": "529821",
    "movie_id": "31636"
  },
  {
    "review": "내가슴을 뛰게했던 TV시리즈",
    "date": "05.02.08",
    "rating": "10",
    "author": "yoju****",
    "review_id": "212949",
    "movie_id": "31636"
  },
  {
    "review": "밑에 글남긴사람.어디서 비디오 구해다 봤는데?나도알켜줘!",
    "date": "04.07.30",
    "rating": "10",
    "author": "skyj****",
    "review_id": "79687",
    "movie_id": "31636"
  },
  {
    "review": "이 영화를 통해서 한사람이인생이 진짜 많이 바뀌였읍니다모든면에서요 ^^",
    "date": "04.07.15",
    "rating": "10",
    "author": "1010****",
    "review_id": "71335",
    "movie_id": "31636"
  },
  {
    "review": "최고의수작. 힘들게 머나먼정글테잎을 구해 다시봤는데 감동이 밀려온다.",
    "date": "04.07.11",
    "rating": "10",
    "author": "k263****",
    "review_id": "68626",
    "movie_id": "31636"
  },
  {
    "review": "전쟁을 정말 살아있듯이 다뤘던 영화 아직까지 이보다 나은 영화는 못봤다.",
    "date": "04.06.23",
    "rating": "10",
    "author": "frer****",
    "review_id": "59122",
    "movie_id": "31636"
  },
  {
    "review": "전쟁영화중 가장 현실성이 있었던 영화! 나의 히어로 앤더슨중사!!!^^",
    "date": "04.06.05",
    "rating": "10",
    "author": "mook****",
    "review_id": "49772",
    "movie_id": "31636"
  },
  {
    "review": "앤더슨중사와 콜드먼 소위가 아직도 내\"정글\"속에 있는듯하다",
    "date": "04.02.29",
    "rating": "9",
    "author": "rg52****",
    "review_id": "25586",
    "movie_id": "31636"
  },
  {
    "review": "어렸을적에..본적있다.. 암울했던.. 배트남전쟁...",
    "date": "03.12.28",
    "rating": "10",
    "author": "ghks****",
    "review_id": "6788",
    "movie_id": "31636"
  }
]