[
  {
    "review": "같이죽어야된다ㄱㄱㄱㄱ",
    "date": "15.06.12",
    "rating": "10",
    "author": "copf****",
    "review_id": "9991921",
    "movie_id": "31658"
  },
  {
    "review": "고딩때 보러 갔다가 이제 그만 살고싶더라",
    "date": "15.01.08",
    "rating": "1",
    "author": "milo****",
    "review_id": "9573833",
    "movie_id": "31658"
  },
  {
    "review": "원주율을 맞추어야 겠다",
    "date": "14.12.25",
    "rating": "1",
    "author": "jsha****",
    "review_id": "9511790",
    "movie_id": "31658"
  },
  {
    "review": "진심으로 전기세가 아까웠다!!!",
    "date": "14.12.17",
    "rating": "1",
    "author": "ske4****",
    "review_id": "9480474",
    "movie_id": "31658"
  },
  {
    "review": "예전에 개봉 했을때 영화관 가서 봤었는데 , 그당시에 영화 보다가 잠들었었음 .. 처음으로 보다가 잠든 영화 .. 진짜 노잼 .. 1점도 아까움",
    "date": "14.12.06",
    "rating": "1",
    "author": "sang****",
    "review_id": "9451342",
    "movie_id": "31658"
  },
  {
    "review": "진짜 이상한 영화임 뭔 코스프레함????",
    "date": "14.07.22",
    "rating": "1",
    "author": "otis****",
    "review_id": "8940643",
    "movie_id": "31658"
  },
  {
    "review": "에로전문 영화감독과 코믹연기자2명이 액션.sf영화 출연하는 멀더 기대할게 머 있을까?",
    "date": "14.07.20",
    "rating": "3",
    "author": "a109****",
    "review_id": "8933255",
    "movie_id": "31658"
  },
  {
    "review": "탄생하지 말았어야했던 영화",
    "date": "14.06.24",
    "rating": "1",
    "author": "ari1****",
    "review_id": "8851307",
    "movie_id": "31658"
  },
  {
    "review": "시나리오가 구리다...",
    "date": "13.11.24",
    "rating": "5",
    "author": "yana****",
    "review_id": "8166217",
    "movie_id": "31658"
  },
  {
    "review": "이영화 배우캐스팅은 화려한데 무엇인가 ?",
    "date": "13.10.22",
    "rating": "10",
    "author": "chls****",
    "review_id": "8079461",
    "movie_id": "31658"
  },
  {
    "review": "영화관가서 보고 처음으로 후회한 영화..",
    "date": "13.07.18",
    "rating": "1",
    "author": "race****",
    "review_id": "7757126",
    "movie_id": "31658"
  },
  {
    "review": "성냥팔이 소녀의 재림과 일맥상통하는 망작...이정도 캐스팅과 비용으로 이런영화를 만든다는건 시간낭비, 돈낭비가 아니었을까?",
    "date": "13.07.16",
    "rating": "3",
    "author": "bajj****",
    "review_id": "7747801",
    "movie_id": "31658"
  },
  {
    "review": "설정자체만으로도.. 어설퍼도 볼만한 영화가 아닐까? 난 재미있게 봤다. 극장에서 울 엄니랑 ^^",
    "date": "13.05.28",
    "rating": "8",
    "author": "myag****",
    "review_id": "7559636",
    "movie_id": "31658"
  },
  {
    "review": ".....",
    "date": "13.05.05",
    "rating": "4",
    "author": "yoon****",
    "review_id": "7510133",
    "movie_id": "31658"
  },
  {
    "review": "조금만 더 잘 만들었더라면...하는 아쉬움",
    "date": "13.01.26",
    "rating": "5",
    "author": "marx****",
    "review_id": "7179042",
    "movie_id": "31658"
  },
  {
    "review": "싸울아비와 맞먹는 내인생 최악의 영화...진짜 중간에 나옴",
    "date": "12.12.20",
    "rating": "1",
    "author": "moon****",
    "review_id": "7022813",
    "movie_id": "31658"
  },
  {
    "review": "와....따라할려면 제대루 하지 안어울린다.아시아는",
    "date": "12.06.06",
    "rating": "1",
    "author": "jm87****",
    "review_id": "6370176",
    "movie_id": "31658"
  },
  {
    "review": "진짜 왠만하면 다 끝까지 보는데.. 이건 진짜 못보겠다.",
    "date": "12.06.03",
    "rating": "2",
    "author": "gogu****",
    "review_id": "6361596",
    "movie_id": "31658"
  },
  {
    "review": "월드컵이 한창이던 그시절 남자셋 여자셋이 같이 보러가서 그 중 넷을 재워버린 영화.",
    "date": "12.04.22",
    "rating": "1",
    "author": "yaho****",
    "review_id": "6238951",
    "movie_id": "31658"
  },
  {
    "review": "자본은 끌어올능력은 있는데,머리는 빌려쓸능력이 없을경우,당신에게도일어날수있는일",
    "date": "11.11.06",
    "rating": "2",
    "author": "baks****",
    "review_id": "5830769",
    "movie_id": "31658"
  },
  {
    "review": "한국영화인데도 자막이 필요할 듯. 당췌 대사 전달이 되야지 원",
    "date": "11.09.04",
    "rating": "3",
    "author": "remi****",
    "review_id": "5707262",
    "movie_id": "31658"
  },
  {
    "review": "패주기고 싶을정도로 감동했다 브라보",
    "date": "11.06.15",
    "rating": "1",
    "author": "qwbv****",
    "review_id": "5482297",
    "movie_id": "31658"
  },
  {
    "review": "한국형 블록버스터를 잘못꿈꿨다",
    "date": "11.06.06",
    "rating": "2",
    "author": "czsu****",
    "review_id": "5468304",
    "movie_id": "31658"
  },
  {
    "review": "개허접 쓰레기 같은 각본의 영화",
    "date": "11.02.04",
    "rating": "1",
    "author": "sias****",
    "review_id": "5211507",
    "movie_id": "31658"
  },
  {
    "review": "너무 재밌는 영화였어요.특히 김선아와 김승우의 연기는 매우 멋졌습니다.베리굿!!!!!",
    "date": "11.01.19",
    "rating": "10",
    "author": "odjs****",
    "review_id": "5168964",
    "movie_id": "31658"
  },
  {
    "review": "한국 영화의 새로운 시도... 범접할 수 없는 최민수의 카리스마...",
    "date": "10.11.24",
    "rating": "7",
    "author": "kkk2****",
    "review_id": "4984138",
    "movie_id": "31658"
  },
  {
    "review": "우와 이거 정말 장난 아니더라",
    "date": "10.05.08",
    "rating": "1",
    "author": "alsc****",
    "review_id": "4486897",
    "movie_id": "31658"
  },
  {
    "review": "독특한 발상과 긴장감이 스릴물의 새로운 영역을 보여준다.",
    "date": "10.03.15",
    "rating": "10",
    "author": "whag****",
    "review_id": "4358469",
    "movie_id": "31658"
  },
  {
    "review": "베끼면서까지 해야했던 연출이면 잘하지 그랬어요. 그 배우, 그 주제를 이렇게 망치나",
    "date": "09.11.26",
    "rating": "1",
    "author": "choo****",
    "review_id": "3990740",
    "movie_id": "31658"
  },
  {
    "review": "메탈기어솔리드의 어설픈 아류 ㅋ 성냥팔이소녀와 쌍벽을 이루는 졸작~",
    "date": "09.09.16",
    "rating": "1",
    "author": "chan****",
    "review_id": "3834357",
    "movie_id": "31658"
  },
  {
    "review": "꼬마가 공갖고 놀다 지하벙커 같은데 들어가는장면 피어닷컴이란 영화에서도 나왔던거",
    "date": "09.05.09",
    "rating": "5",
    "author": "jmk6****",
    "review_id": "3481923",
    "movie_id": "31658"
  },
  {
    "review": "내 인생에 최악의 영화를 꼽으라면 이 영화가 단연 베스트5위 안에 거뜬히 드니깐",
    "date": "09.02.25",
    "rating": "1",
    "author": "sany****",
    "review_id": "3331677",
    "movie_id": "31658"
  },
  {
    "review": "왜 안봐스까 오을 체이브이봐다",
    "date": "09.01.07",
    "rating": "10",
    "author": "a197****",
    "review_id": "3199810",
    "movie_id": "31658"
  },
  {
    "review": "미술과시나리오 굿,연출,대사전달,주연김승우,각캐릭터성 아쉬움",
    "date": "08.07.27",
    "rating": "7",
    "author": "cans****",
    "review_id": "2807590",
    "movie_id": "31658"
  },
  {
    "review": "시도는 종았는데,,, 나오는 배우들도 좋았는데 부족한 부분이 너무 부각된다",
    "date": "08.06.30",
    "rating": "5",
    "author": "deff****",
    "review_id": "2731879",
    "movie_id": "31658"
  },
  {
    "review": "진짜 15분 보고 대여점에 반납한 그 영화",
    "date": "08.06.11",
    "rating": "1",
    "author": "tenk****",
    "review_id": "2692510",
    "movie_id": "31658"
  },
  {
    "review": "졸작이다ㅡㅡ한국형 SF영화라서 기대했는데 실망이다...",
    "date": "08.04.26",
    "rating": "1",
    "author": "ryun****",
    "review_id": "2600521",
    "movie_id": "31658"
  },
  {
    "review": "감독의 말솜씨가 조금만 뛰어났더라면 영화의 색깔이 많이 달라졌을 텐데..",
    "date": "08.01.30",
    "rating": "3",
    "author": "skat****",
    "review_id": "2387067",
    "movie_id": "31658"
  },
  {
    "review": "괜찮은 배우들과 괜찮은 시나리오를 가지고 이런 졸작을 찍는것도 재능이다.",
    "date": "07.12.17",
    "rating": "10",
    "author": "ksk6****",
    "review_id": "2240200",
    "movie_id": "31658"
  },
  {
    "review": "난 관대 하다 ㅋㅋㅋㅋㅋ",
    "date": "07.12.08",
    "rating": "10",
    "author": "kimc****",
    "review_id": "2216487",
    "movie_id": "31658"
  },
  {
    "review": "감독을 때리고 싶었다. 내 피같은 시간",
    "date": "07.12.06",
    "rating": "1",
    "author": "sics****",
    "review_id": "2209834",
    "movie_id": "31658"
  },
  {
    "review": "극장에서 영화보다 나온 유일한 영화. 감독 고소하고 싶었다.",
    "date": "07.11.17",
    "rating": "1",
    "author": "kubs****",
    "review_id": "2158937",
    "movie_id": "31658"
  },
  {
    "review": "5년전 친구가 떠낫다.",
    "date": "07.09.29",
    "rating": "1",
    "author": "rbdi****",
    "review_id": "2060243",
    "movie_id": "31658"
  },
  {
    "review": "공부가 그리워",
    "date": "07.08.31",
    "rating": "1",
    "author": "kims****",
    "review_id": "1992050",
    "movie_id": "31658"
  },
  {
    "review": "시간이 아깝다면 보지 말 것.",
    "date": "07.08.18",
    "rating": "3",
    "author": "wine****",
    "review_id": "1952935",
    "movie_id": "31658"
  },
  {
    "review": "도대체 뭐 하자는 거냐?",
    "date": "07.08.13",
    "rating": "1",
    "author": "haen****",
    "review_id": "1931217",
    "movie_id": "31658"
  },
  {
    "review": "지금의 기술로 나왓으면 어땟을까 하는   기대",
    "date": "07.07.30",
    "rating": "3",
    "author": "ycem****",
    "review_id": "1829433",
    "movie_id": "31658"
  },
  {
    "review": "진짜 잘만들었어..잠안올떄 보면 딱인영화 ^^",
    "date": "07.07.25",
    "rating": "1",
    "author": "dbwl****",
    "review_id": "1809022",
    "movie_id": "31658"
  },
  {
    "review": "미안하다친구야.벌써5년이지났구나.그땐미처몰랐어.이젠연락하고지내자",
    "date": "07.06.21",
    "rating": "1",
    "author": "06su****",
    "review_id": "1711742",
    "movie_id": "31658"
  },
  {
    "review": "왜 평점이 낮은거지? 이러케 잘만든 영화는 없을텐데..(다세포를 본후)",
    "date": "07.05.27",
    "rating": "10",
    "author": "qudw****",
    "review_id": "1668014",
    "movie_id": "31658"
  },
  {
    "review": "말도 아까움.",
    "date": "07.05.07",
    "rating": "1",
    "author": "smoo****",
    "review_id": "1625520",
    "movie_id": "31658"
  },
  {
    "review": "액션이라...",
    "date": "06.07.23",
    "rating": "8",
    "author": "nano****",
    "review_id": "915633",
    "movie_id": "31658"
  },
  {
    "review": "잘 잤음 ㅋㅋ",
    "date": "06.07.19",
    "rating": "1",
    "author": "lsc7****",
    "review_id": "906731",
    "movie_id": "31658"
  },
  {
    "review": "내 생에 최고의 쓰레기영화 평점 1점도 아깝다 0점은 못주나",
    "date": "06.07.15",
    "rating": "1",
    "author": "baem****",
    "review_id": "893068",
    "movie_id": "31658"
  },
  {
    "review": "아주 잘 ~ 만든 영화 . ㅋㅋㅋ",
    "date": "06.05.29",
    "rating": "1",
    "author": "nike****",
    "review_id": "821216",
    "movie_id": "31658"
  },
  {
    "review": "영화관에서 자다 나왔음..",
    "date": "06.05.25",
    "rating": "1",
    "author": "ishi****",
    "review_id": "815533",
    "movie_id": "31658"
  },
  {
    "review": "어딘가가 참 많이 부족.",
    "date": "06.03.03",
    "rating": "4",
    "author": "luy_****",
    "review_id": "702003",
    "movie_id": "31658"
  },
  {
    "review": "그냥저냥...그래...ㅡㅡ;",
    "date": "06.01.12",
    "rating": "5",
    "author": "all4****",
    "review_id": "581288",
    "movie_id": "31658"
  },
  {
    "review": "외람된말이지만 총만 많이 쏜다고 뜰수잇는 영화가 아닙니다.",
    "date": "06.01.05",
    "rating": "1",
    "author": "fred****",
    "review_id": "563206",
    "movie_id": "31658"
  },
  {
    "review": "김승우도 흥행참패보증수표 대열에..",
    "date": "05.12.23",
    "rating": "2",
    "author": "blue****",
    "review_id": "523394",
    "movie_id": "31658"
  },
  {
    "review": "지루, 따분, 재미없다. 하지만 후반부는 나름대로 볼 만하다.",
    "date": "05.10.29",
    "rating": "4",
    "author": "jl94****",
    "review_id": "458041",
    "movie_id": "31658"
  },
  {
    "review": "연출력의 부실함",
    "date": "05.09.12",
    "rating": "1",
    "author": "popc****",
    "review_id": "402829",
    "movie_id": "31658"
  },
  {
    "review": "뱁새가 황새따라 가려다가 가랑이 찢어진 예의 표본격 영화.",
    "date": "05.09.10",
    "rating": "2",
    "author": "dbsw****",
    "review_id": "398887",
    "movie_id": "31658"
  },
  {
    "review": "아무리 생각해도 너무 허접한 영화",
    "date": "05.08.26",
    "rating": "2",
    "author": "baga****",
    "review_id": "384605",
    "movie_id": "31658"
  },
  {
    "review": "너무 늦게 나온 골리앗 떨어진 연출력",
    "date": "05.08.16",
    "rating": "1",
    "author": "okjo****",
    "review_id": "370441",
    "movie_id": "31658"
  },
  {
    "review": "시나리오는 좋은데...제대로 찍질 못한듯하네요..아쉽네요..",
    "date": "05.08.13",
    "rating": "9",
    "author": "j_hy****",
    "review_id": "364329",
    "movie_id": "31658"
  },
  {
    "review": "이것도 영화라고 만들었냐?? 극장에서 보다 나와버린 영화!!",
    "date": "05.06.28",
    "rating": "2",
    "author": "zan8****",
    "review_id": "308443",
    "movie_id": "31658"
  },
  {
    "review": "이거 극장가서 봤거든.. 보지마세요... 내용하나도 모르겠음",
    "date": "05.06.25",
    "rating": "1",
    "author": "eunm****",
    "review_id": "306277",
    "movie_id": "31658"
  },
  {
    "review": "진짜보지마세요-영화관가서돈주고보고후회100배!",
    "date": "05.06.25",
    "rating": "1",
    "author": "asy9****",
    "review_id": "306197",
    "movie_id": "31658"
  },
  {
    "review": "호기심으로라도 보지 말지어다!!!!",
    "date": "05.06.25",
    "rating": "1",
    "author": "kts_****",
    "review_id": "306072",
    "movie_id": "31658"
  },
  {
    "review": "'내츄얼 시티' 보다 못한 영화...",
    "date": "05.06.14",
    "rating": "5",
    "author": "join****",
    "review_id": "299480",
    "movie_id": "31658"
  },
  {
    "review": "정신없고 음산한 분위기에 재미는 눈꼽만치없는 movie,,",
    "date": "05.06.08",
    "rating": "5",
    "author": "limj****",
    "review_id": "296170",
    "movie_id": "31658"
  },
  {
    "review": "윽. 처음으로 극장에서 자게 한 영화",
    "date": "05.05.15",
    "rating": "4",
    "author": "kiki****",
    "review_id": "278335",
    "movie_id": "31658"
  },
  {
    "review": "단 최민수의 눈빛연기만 볼만 오직",
    "date": "05.04.11",
    "rating": "4",
    "author": "si2p****",
    "review_id": "258425",
    "movie_id": "31658"
  },
  {
    "review": "지루함",
    "date": "05.01.08",
    "rating": "3",
    "author": "sens****",
    "review_id": "180262",
    "movie_id": "31658"
  },
  {
    "review": "한국영화의 재앙... ㅡ.ㅡ^",
    "date": "04.12.23",
    "rating": "1",
    "author": "pomp****",
    "review_id": "167904",
    "movie_id": "31658"
  },
  {
    "review": "어쩜.. 최고의 미스테리 액션이기도 하다! 왜 사람들이 점수를 낮게..?",
    "date": "04.11.14",
    "rating": "10",
    "author": "macl****",
    "review_id": "145844",
    "movie_id": "31658"
  },
  {
    "review": "이런영화가 우리나라 극장에서 방영된다. 부끄럽다",
    "date": "04.10.23",
    "rating": "1",
    "author": "fkdl****",
    "review_id": "131150",
    "movie_id": "31658"
  },
  {
    "review": "Yesterday....All my trouble.....",
    "date": "04.10.10",
    "rating": "1",
    "author": "klux****",
    "review_id": "123561",
    "movie_id": "31658"
  },
  {
    "review": "월드컵때 제일 재밌게 본 영화 ㅋ",
    "date": "04.09.22",
    "rating": "10",
    "author": "eunb****",
    "review_id": "112755",
    "movie_id": "31658"
  },
  {
    "review": "보지마세요...시간이 너무 남아서 주체할 수 없을 때 보시죠..",
    "date": "04.09.16",
    "rating": "3",
    "author": "neof****",
    "review_id": "109213",
    "movie_id": "31658"
  },
  {
    "review": "게안트만 사람들 왜 그러징 ㅋ",
    "date": "04.09.10",
    "rating": "5",
    "author": "wasd****",
    "review_id": "105948",
    "movie_id": "31658"
  },
  {
    "review": "그냥 볼만한 영화였는데.. 점수가 너무 짜요~",
    "date": "04.09.07",
    "rating": "7",
    "author": "mcja****",
    "review_id": "104303",
    "movie_id": "31658"
  },
  {
    "review": "제발 이런영화 만들지좀마라",
    "date": "04.08.23",
    "rating": "1",
    "author": "xkdh****",
    "review_id": "95291",
    "movie_id": "31658"
  },
  {
    "review": "별점이 너무 낮음에 이하여 영화에 평가률이 넘 낮아 보인다",
    "date": "04.07.27",
    "rating": "10",
    "author": "azng****",
    "review_id": "78060",
    "movie_id": "31658"
  },
  {
    "review": "김윤진이 최대의 문제였다..",
    "date": "04.07.04",
    "rating": "1",
    "author": "doji****",
    "review_id": "65171",
    "movie_id": "31658"
  },
  {
    "review": "가능성은 보였으나 일본 애니의 흔적과 음악없이 너무 건조한 전개로 일관",
    "date": "04.07.02",
    "rating": "6",
    "author": "crow****",
    "review_id": "63942",
    "movie_id": "31658"
  }
]