[
  {
    "review": "영화는 보고나면 줄거리가 기억에 남는영화가 있고 배우가 기억에 남는 영화가 있는데 이 영화는 배우가 각인되는영화였음.. 매튜매커너히 쪼아~~ OST도 너무 좋음",
    "date": "14.11.13",
    "rating": "10",
    "author": "tong****",
    "review_id": "9380541",
    "movie_id": "31683"
  },
  {
    "review": "필리핀에 외로웠을때 사랑에 대해서 아름답게 다시한번 생각하게 되었던 영화!! 그 영화보고나서 트라이서클있는곳까지 배웅해주었던 2년전 그때 그 풍경이 아직도 잊혀지지가 않네요..ㅠ  과거는 과거니까그만 회상하고 미래를 꿈꾸며 달려야지 화이팅!!",
    "date": "14.10.23",
    "rating": "10",
    "author": "hans****",
    "review_id": "9309080",
    "movie_id": "31683"
  },
  {
    "review": "대리만족조차 안느껴지는 평범한 판타지 영화.",
    "date": "14.05.28",
    "rating": "5",
    "author": "reco****",
    "review_id": "8771721",
    "movie_id": "31683"
  },
  {
    "review": "wedding planner 굿",
    "date": "14.02.04",
    "rating": "10",
    "author": "flyb****",
    "review_id": "8473022",
    "movie_id": "31683"
  },
  {
    "review": "참으로 억지스러운 전개지만 두배우보는걸로 그냥만족",
    "date": "13.02.16",
    "rating": "5",
    "author": "jjcv****",
    "review_id": "7272545",
    "movie_id": "31683"
  },
  {
    "review": "나름 볼만햇다",
    "date": "12.01.08",
    "rating": "9",
    "author": "magi****",
    "review_id": "5969552",
    "movie_id": "31683"
  },
  {
    "review": "뻔한 스토리이지만 나름 매력있는..",
    "date": "09.05.30",
    "rating": "7",
    "author": "blue****",
    "review_id": "3532151",
    "movie_id": "31683"
  },
  {
    "review": "별 감흥이 오지 않는 평범한 로맨스 영화라고 할까",
    "date": "09.04.15",
    "rating": "5",
    "author": "deff****",
    "review_id": "3423126",
    "movie_id": "31683"
  },
  {
    "review": "의상!! 볼만하네^^ 로맨틱코미디 좋아하는 사람이라면 추천",
    "date": "09.03.13",
    "rating": "7",
    "author": "kohs****",
    "review_id": "3363711",
    "movie_id": "31683"
  },
  {
    "review": "현실적이지도, 그렇다고 환상적이지도 않은 불행한 로맨틱 코미디.",
    "date": "09.02.20",
    "rating": "3",
    "author": "skat****",
    "review_id": "3317463",
    "movie_id": "31683"
  },
  {
    "review": "별로...",
    "date": "08.08.30",
    "rating": "7",
    "author": "seun****",
    "review_id": "2911325",
    "movie_id": "31683"
  },
  {
    "review": "이거야말로 구제불능이군..",
    "date": "08.08.19",
    "rating": "4",
    "author": "movi****",
    "review_id": "2885327",
    "movie_id": "31683"
  },
  {
    "review": "영화에서만 이루어지는 이런 사랑이야기의 매력. 우리가 영화를 보는 이유.",
    "date": "08.04.05",
    "rating": "8",
    "author": "bepl****",
    "review_id": "2560809",
    "movie_id": "31683"
  },
  {
    "review": "마시모 연기 좋았음.",
    "date": "08.04.03",
    "rating": "10",
    "author": "che8****",
    "review_id": "2555706",
    "movie_id": "31683"
  },
  {
    "review": "보면 행복해지는 영화다...^^",
    "date": "08.02.09",
    "rating": "10",
    "author": "sams****",
    "review_id": "2425352",
    "movie_id": "31683"
  },
  {
    "review": "개인적으로 좋아하는 스타일.",
    "date": "08.01.16",
    "rating": "9",
    "author": "call****",
    "review_id": "2335565",
    "movie_id": "31683"
  },
  {
    "review": "재미없음..이영화로 두주연배우 둘다 비호감",
    "date": "07.11.03",
    "rating": "1",
    "author": "1pim****",
    "review_id": "2129254",
    "movie_id": "31683"
  },
  {
    "review": "내가 진정으로 원하는것이 무엇인지 깨닫게 하는 영화.",
    "date": "07.08.27",
    "rating": "10",
    "author": "like****",
    "review_id": "1984069",
    "movie_id": "31683"
  },
  {
    "review": "특별하진 않지만 기분 나쁠껀 또 없지 않은가.",
    "date": "07.08.16",
    "rating": "7",
    "author": "tori****",
    "review_id": "1947900",
    "movie_id": "31683"
  },
  {
    "review": "로페즈가이쁜가ㅡㅡ?당체모르겠다는 니콜키드만 정돈되야지",
    "date": "07.08.08",
    "rating": "10",
    "author": "zjvl****",
    "review_id": "1904057",
    "movie_id": "31683"
  },
  {
    "review": "그냥 딱 보통인 정도..",
    "date": "07.08.04",
    "rating": "7",
    "author": "magi****",
    "review_id": "1866709",
    "movie_id": "31683"
  },
  {
    "review": "두 주연배우의 선남선녀 로맨스^^ 하지만 역부족~",
    "date": "07.01.27",
    "rating": "6",
    "author": "with****",
    "review_id": "1417197",
    "movie_id": "31683"
  },
  {
    "review": "난 마시모와의 결혼을 기대하고 있었다...ㅉ",
    "date": "07.01.16",
    "rating": "7",
    "author": "jell****",
    "review_id": "1389610",
    "movie_id": "31683"
  },
  {
    "review": "재밌네요",
    "date": "06.12.21",
    "rating": "10",
    "author": "baba****",
    "review_id": "1311036",
    "movie_id": "31683"
  },
  {
    "review": "오래전 너무 재밌게 봤던 영화..생각나서 다시 보고싶네^^",
    "date": "06.09.18",
    "rating": "8",
    "author": "esms****",
    "review_id": "1131537",
    "movie_id": "31683"
  },
  {
    "review": "ㅋㅋ",
    "date": "06.04.16",
    "rating": "10",
    "author": "525l****",
    "review_id": "763722",
    "movie_id": "31683"
  },
  {
    "review": "제니퍼의 로맨틱코미디는 항상강한현실감과 쿨한매력이교차한다",
    "date": "06.03.15",
    "rating": "10",
    "author": "mice****",
    "review_id": "717186",
    "movie_id": "31683"
  },
  {
    "review": "괜찮은 영화",
    "date": "06.01.23",
    "rating": "8",
    "author": "whoa****",
    "review_id": "613681",
    "movie_id": "31683"
  },
  {
    "review": "시간 흐르듯 볼만하다~",
    "date": "06.01.11",
    "rating": "6",
    "author": "sexy****",
    "review_id": "579265",
    "movie_id": "31683"
  },
  {
    "review": "뭐가 재밌는지 모르겠다는...",
    "date": "06.01.11",
    "rating": "4",
    "author": "alis****",
    "review_id": "578509",
    "movie_id": "31683"
  },
  {
    "review": "말안되는 점이 더러 있지만,결말도 좋고,일단 로맨스니까..",
    "date": "06.01.04",
    "rating": "7",
    "author": "yong****",
    "review_id": "558059",
    "movie_id": "31683"
  },
  {
    "review": "제니퍼로페즈. 정말 이쁘게 나왔다는^^♡",
    "date": "06.01.03",
    "rating": "9",
    "author": "tlss****",
    "review_id": "557261",
    "movie_id": "31683"
  },
  {
    "review": "재미없다",
    "date": "05.12.15",
    "rating": "5",
    "author": "dove****",
    "review_id": "505652",
    "movie_id": "31683"
  },
  {
    "review": "♡",
    "date": "05.10.22",
    "rating": "10",
    "author": "ocil****",
    "review_id": "451385",
    "movie_id": "31683"
  },
  {
    "review": "하수구에 굽이 낀",
    "date": "05.10.15",
    "rating": "8",
    "author": "iamf****",
    "review_id": "443825",
    "movie_id": "31683"
  },
  {
    "review": "모두 해피엔딩인 로멘틱 코미디. 볼만하다",
    "date": "05.09.21",
    "rating": "6",
    "author": "hell****",
    "review_id": "416331",
    "movie_id": "31683"
  },
  {
    "review": "청순하게 나왔으나 그 섹시함을 감출수 없었던 제니퍼!",
    "date": "05.08.27",
    "rating": "8",
    "author": "arin****",
    "review_id": "385878",
    "movie_id": "31683"
  },
  {
    "review": "가볍게즐기면서보면될듯한~킬링타임용",
    "date": "05.08.14",
    "rating": "7",
    "author": "jack****",
    "review_id": "365585",
    "movie_id": "31683"
  },
  {
    "review": "로맨틱코메디 정석을 따랐더만.포스터 참 맘에 안든다",
    "date": "05.04.29",
    "rating": "6",
    "author": "rpdm****",
    "review_id": "267936",
    "movie_id": "31683"
  },
  {
    "review": "청순한 제이로. 멋진 매튜. 재밌는 이야기. 3박자 다 갖춘.",
    "date": "05.02.06",
    "rating": "8",
    "author": "blue****",
    "review_id": "209553",
    "movie_id": "31683"
  },
  {
    "review": "나는 너무 재미있었는데. 어자피 코믹멜로 아닌가?",
    "date": "05.01.22",
    "rating": "10",
    "author": "sazi****",
    "review_id": "192228",
    "movie_id": "31683"
  },
  {
    "review": "가슴 깊숙한 곳에서 화가 치밀어 오른다",
    "date": "05.01.17",
    "rating": "1",
    "author": "soul****",
    "review_id": "188330",
    "movie_id": "31683"
  },
  {
    "review": "어처구니없다",
    "date": "05.01.10",
    "rating": "2",
    "author": "casc****",
    "review_id": "182024",
    "movie_id": "31683"
  },
  {
    "review": "...",
    "date": "04.10.17",
    "rating": "4",
    "author": "lme5****",
    "review_id": "127383",
    "movie_id": "31683"
  },
  {
    "review": "J.Lo의 이탈리안 액센트는 들어주기 괴로웠다..",
    "date": "04.10.16",
    "rating": "4",
    "author": "thin****",
    "review_id": "126601",
    "movie_id": "31683"
  },
  {
    "review": "재밌었어요. 근데 저 여자는 별로 이쁜지 모르겠더라고요^^;;",
    "date": "04.09.22",
    "rating": "8",
    "author": "hoya****",
    "review_id": "112828",
    "movie_id": "31683"
  },
  {
    "review": "정말재밋어요 꿈이 웨딩플래너로 바꼇어영 ㅎ",
    "date": "04.07.07",
    "rating": "10",
    "author": "suhy****",
    "review_id": "66637",
    "movie_id": "31683"
  },
  {
    "review": "로맨틱 코메디 답게 다 보고 미소짓게 하는 영화",
    "date": "04.06.21",
    "rating": "8",
    "author": "toca****",
    "review_id": "58136",
    "movie_id": "31683"
  },
  {
    "review": "고때 보고 정말 재미있었다고 생각했는데 지금 와서 생각하니 또 보고싶어요",
    "date": "04.05.17",
    "rating": "7",
    "author": "jigo****",
    "review_id": "43622",
    "movie_id": "31683"
  },
  {
    "review": "결혼할 사람들이라면 꼭 보고싶을 영화..",
    "date": "04.04.04",
    "rating": "7",
    "author": "kama****",
    "review_id": "34033",
    "movie_id": "31683"
  }
]