[
  {
    "review": "정말 소름돋는 땡칠이 시리즈!!",
    "date": "14.09.13",
    "rating": "10",
    "author": "ske4****",
    "review_id": "9209703",
    "movie_id": "31694"
  },
  {
    "review": "장구는못말려가낮겠다",
    "date": "11.01.16",
    "rating": "8",
    "author": "k689****",
    "review_id": "5161973",
    "movie_id": "31694"
  },
  {
    "review": "그냥 별 다섯개 주면 버릇나빠진다",
    "date": "11.01.02",
    "rating": "1",
    "author": "jeaw****",
    "review_id": "5117875",
    "movie_id": "31694"
  },
  {
    "review": "여기 나오는 배우 김수정 님 프로필이 잘못 됬어요~김수정 님 은 82년생 이랍니다 ^^",
    "date": "10.08.12",
    "rating": "10",
    "author": "bigh****",
    "review_id": "4739444",
    "movie_id": "31694"
  },
  {
    "review": "학창시절 잼있게 본 영화",
    "date": "09.03.25",
    "rating": "10",
    "author": "alll****",
    "review_id": "3386469",
    "movie_id": "31694"
  },
  {
    "review": "졸음이 잠으로 바뀌는 순간 영화는 끝났다!",
    "date": "08.03.02",
    "rating": "1",
    "author": "sens****",
    "review_id": "2498247",
    "movie_id": "31694"
  },
  {
    "review": "이영화 대박임",
    "date": "08.01.26",
    "rating": "10",
    "author": "f194****",
    "review_id": "2370269",
    "movie_id": "31694"
  },
  {
    "review": "성인영화네요 ㅎㅎ 슬라이드쇼에 배우의 적나라한 가슴노출 19금",
    "date": "07.08.02",
    "rating": "10",
    "author": "2wjd****",
    "review_id": "1850398",
    "movie_id": "31694"
  },
  {
    "review": "명배우 이봉원이군...",
    "date": "06.08.20",
    "rating": "10",
    "author": "fujo****",
    "review_id": "1059895",
    "movie_id": "31694"
  },
  {
    "review": "어린이영화는 3년전에3점씩",
    "date": "06.07.31",
    "rating": "10",
    "author": "hell****",
    "review_id": "948353",
    "movie_id": "31694"
  },
  {
    "review": "어렵게 본 영화라서...",
    "date": "06.07.30",
    "rating": "10",
    "author": "zeed****",
    "review_id": "940886",
    "movie_id": "31694"
  },
  {
    "review": "천은경씨 보려고 본 영화 ㅎㅎ",
    "date": "06.03.11",
    "rating": "10",
    "author": "ahny****",
    "review_id": "712391",
    "movie_id": "31694"
  }
]