[
  {
    "review": "보고 또 봐도 재밌는 액션영화. 스토리도 좋고 무술은 모 말할 필요도 없다",
    "date": "15.08.04",
    "rating": "10",
    "author": "msmc****",
    "review_id": "10185305",
    "movie_id": "31708"
  },
  {
    "review": "봐도봐도 질리지 않는 이연걸 역대급 영화 아니 액션영화 통틀어도 손꼽히는 작품",
    "date": "15.07.26",
    "rating": "10",
    "author": "hide****",
    "review_id": "10144564",
    "movie_id": "31708"
  },
  {
    "review": "헐리우드 진출작 중 단연 최고",
    "date": "15.05.28",
    "rating": "10",
    "author": "woof****",
    "review_id": "9957142",
    "movie_id": "31708"
  },
  {
    "review": "이연걸은 내 어릴적 우상이었다",
    "date": "15.01.15",
    "rating": "8",
    "author": "milk****",
    "review_id": "9596480",
    "movie_id": "31708"
  },
  {
    "review": "이연걸이 헐리우드로 넘어한 후에 찍은 영화중 이 영화가 최고. 사실적이고 화끈한 액션과 이연걸의 눈빛카리스마를 잊을수없다. 정말 최고의 액션영화!",
    "date": "14.12.16",
    "rating": "10",
    "author": "kjk9****",
    "review_id": "9478663",
    "movie_id": "31708"
  },
  {
    "review": "아저씨의 분위기에 이연걸스타일의 빠르고 호쾌한액션. 기계같은 남자에게 인간성을 더해주는 한 매춘부와의 감동적인 스토리까지!",
    "date": "14.12.13",
    "rating": "10",
    "author": "ggen****",
    "review_id": "9471138",
    "movie_id": "31708"
  },
  {
    "review": "영화제목의 의미를 이해하게 될때 전율이 일어날 것임. 연걸이형님 최고ㅋㅋㅋ",
    "date": "14.12.13",
    "rating": "10",
    "author": "llci****",
    "review_id": "9469989",
    "movie_id": "31708"
  },
  {
    "review": "스토리마저 좋은 수준급 액션영화ㅋㅋ",
    "date": "14.10.24",
    "rating": "10",
    "author": "dkwl****",
    "review_id": "9311421",
    "movie_id": "31708"
  },
  {
    "review": "마지막 용의 입맞춤 리얼간지ㅋㅋ",
    "date": "14.10.20",
    "rating": "8",
    "author": "wngh****",
    "review_id": "9303982",
    "movie_id": "31708"
  },
  {
    "review": "중학교2학년때  동네 비디오가게형이랑 친분 있어서 몰래빌려봄.  그날 이후로  케이블에서 할때마다,ucc영상같은거 스쳐지나가서 생각나서 다시본것까지세면  리얼 100번은 넘게본듯.그리고 마지막 24 대 1임. 메이킹영상에서세어봤음.",
    "date": "14.10.10",
    "rating": "8",
    "author": "kwon****",
    "review_id": "9279921",
    "movie_id": "31708"
  },
  {
    "review": "음  액션도 좋고,, 영화도 그럭저럭 킬링타임은 되는 수준",
    "date": "14.09.29",
    "rating": "7",
    "author": "fghy****",
    "review_id": "9247853",
    "movie_id": "31708"
  },
  {
    "review": "이연걸의 저 주먹이 내게 있다면 일진들 다 조져버린다",
    "date": "14.09.20",
    "rating": "9",
    "author": "hanl****",
    "review_id": "9227967",
    "movie_id": "31708"
  },
  {
    "review": "멋진 액션! 정말 두근거리게 통쾌하게 만들어준 영화",
    "date": "14.09.03",
    "rating": "10",
    "author": "dlwl****",
    "review_id": "9158937",
    "movie_id": "31708"
  },
  {
    "review": "해외에서는 옛날에 개봉된건데.. 한국은 이제 나오나보군요",
    "date": "14.09.01",
    "rating": "10",
    "author": "epal****",
    "review_id": "9153151",
    "movie_id": "31708"
  },
  {
    "review": "제목의 의미가 밝혀질때 좀 어이없었음ㅋ",
    "date": "14.09.01",
    "rating": "10",
    "author": "zola****",
    "review_id": "9153078",
    "movie_id": "31708"
  },
  {
    "review": "연걸이 형님 믿고 보는 액션 명작. 진짜 환상적입니다요~",
    "date": "14.08.26",
    "rating": "10",
    "author": "y081****",
    "review_id": "9135393",
    "movie_id": "31708"
  },
  {
    "review": "또 수작건다. 옛날 영화 작작 돈받아 쳐먹고 팔려고 하지마라. 이딴영화 개봉할 영화관이 있다면 가디언즈오브더갤럭시 개봉관이나 늘려라",
    "date": "14.08.26",
    "rating": "1",
    "author": "duke****",
    "review_id": "9135381",
    "movie_id": "31708"
  },
  {
    "review": "헐리웃판 아저씨가 레옹 테이큰 맨온파이어가 아닌 바로 키스오브드래곤이다. 옆집 아저씨는 아니더라도 분위기와 색깔은 가장 비슷하다고 생각한다",
    "date": "14.08.19",
    "rating": "10",
    "author": "rlat****",
    "review_id": "9111505",
    "movie_id": "31708"
  },
  {
    "review": "황비홍, 방세옥 같은 영화만 많이 보다보니 굉장히 새롭게 느껴지는 헤어스타일과 무술~멋있어요~키스오브드래곤이 그런뜻이었군! 30대를 마무리하는 멋진 영화~조금 아쉬웠던 건 이연걸 상대여배우에게 킬힐을 신겨 이연걸이 내내 올려봐야하는상황을 연출..",
    "date": "14.07.24",
    "rating": "10",
    "author": "whia****",
    "review_id": "8953792",
    "movie_id": "31708"
  },
  {
    "review": "말이필요없다 연걸이형 영화중 최고다",
    "date": "14.06.30",
    "rating": "10",
    "author": "gaeh****",
    "review_id": "8870264",
    "movie_id": "31708"
  },
  {
    "review": "이연걸 영화중 가장좋아하는영화 마지막 이연걸의 분노는 ㄷㄷㄷ",
    "date": "14.06.21",
    "rating": "9",
    "author": "haju****",
    "review_id": "8844848",
    "movie_id": "31708"
  },
  {
    "review": "정말 재미있어요 ~ㅎㅎ",
    "date": "14.06.03",
    "rating": "9",
    "author": "badl****",
    "review_id": "8790083",
    "movie_id": "31708"
  },
  {
    "review": "이연걸.. 최고~!!",
    "date": "14.05.24",
    "rating": "10",
    "author": "tn99****",
    "review_id": "8759462",
    "movie_id": "31708"
  },
  {
    "review": "당시에는 정말 감탄하면서 봤었고 채널돌리다가 우연히 맞닥뜨리게 되면 고정해서 보게되었는데 지금봐도 질리지않는다",
    "date": "14.05.02",
    "rating": "10",
    "author": "dkdl****",
    "review_id": "8694389",
    "movie_id": "31708"
  },
  {
    "review": "헐리웃에서 찍은 영화 중에 이게 제일 낫다.",
    "date": "14.04.22",
    "rating": "9",
    "author": "ngup****",
    "review_id": "8665182",
    "movie_id": "31708"
  },
  {
    "review": "이연걸의 액션은 볼만하지만 뭔가 진행이 어색한 느낌.",
    "date": "14.04.20",
    "rating": "7",
    "author": "newf****",
    "review_id": "8662162",
    "movie_id": "31708"
  },
  {
    "review": "이연걸 영화중 최고~액션죽임",
    "date": "14.04.02",
    "rating": "10",
    "author": "jinb****",
    "review_id": "8623509",
    "movie_id": "31708"
  },
  {
    "review": "액션은 좋은데 연결이 매끄럽지 못하네...",
    "date": "14.03.19",
    "rating": "8",
    "author": "dbzh****",
    "review_id": "8587183",
    "movie_id": "31708"
  },
  {
    "review": "이연걸이 30대의 마지막에 보여준 수작으로 전성기를 고하는 의미가 있다. 내게는 이연걸 영화 중 넘버 2이다. 넘버 1은 그의 데뷔작 1981년작 <소림사 1>. 키스 오브 드래곤은 2001년작이다. 19살에서 39살 20년 간 절정을 구사한 것이다.",
    "date": "14.03.01",
    "rating": "10",
    "author": "godo****",
    "review_id": "8547597",
    "movie_id": "31708"
  },
  {
    "review": "이게 8,4점 밖에 안되다니...옛날에 본 명작중 제일 기억에 남는건데 액션만 보면 근래까지 포함에서 역대 최강인데",
    "date": "14.02.06",
    "rating": "10",
    "author": "knuc****",
    "review_id": "8480726",
    "movie_id": "31708"
  },
  {
    "review": "이연걸 영화 중에서 최고로 재미있다",
    "date": "14.02.01",
    "rating": "10",
    "author": "seun****",
    "review_id": "8461088",
    "movie_id": "31708"
  },
  {
    "review": "이연걸이 헐리웃 진출해서 찍은 영화중 최고가 아닐지...",
    "date": "14.01.27",
    "rating": "8",
    "author": "rock****",
    "review_id": "8433768",
    "movie_id": "31708"
  },
  {
    "review": "아 정말 또봐도 재밌네 이연걸 엉아 멋있어",
    "date": "14.01.23",
    "rating": "10",
    "author": "drem****",
    "review_id": "8417238",
    "movie_id": "31708"
  },
  {
    "review": "이연걸 영화중 가장 좋아하는 영화. 다시봐도 이연걸 정말 빠르다...",
    "date": "13.12.12",
    "rating": "10",
    "author": "ldkn****",
    "review_id": "8209404",
    "movie_id": "31708"
  },
  {
    "review": "다시봐도, 정말 명작!  마지막 악당의 죽는 장면이 압권! 키스오브드래곤!",
    "date": "13.12.08",
    "rating": "10",
    "author": "geen****",
    "review_id": "8199138",
    "movie_id": "31708"
  },
  {
    "review": "액션이 괜찮네.. 근데 난 이연걸하면 황비홍때가 최고인거 같음..",
    "date": "13.11.25",
    "rating": "8",
    "author": "jeeb****",
    "review_id": "8166435",
    "movie_id": "31708"
  },
  {
    "review": "연걸이 행님 나오네유.",
    "date": "13.10.10",
    "rating": "5",
    "author": "real****",
    "review_id": "8051385",
    "movie_id": "31708"
  },
  {
    "review": "이연걸 영화를 보기 시작한 계기가 된 영화~",
    "date": "13.10.05",
    "rating": "8",
    "author": "sean****",
    "review_id": "8036711",
    "movie_id": "31708"
  },
  {
    "review": "마지막엔 그냥 모기같던데",
    "date": "13.09.30",
    "rating": "8",
    "author": "skps****",
    "review_id": "8023827",
    "movie_id": "31708"
  },
  {
    "review": "벌써 12년 이나 흘러버렸네.. 추억은 추억일때 아름다운 법.. 5년 이상 영화는 이제 안볼란다. 이연걸이란 배우가 댄서였구나 를 알게 해주는 영화.",
    "date": "13.07.25",
    "rating": "3",
    "author": "chav****",
    "review_id": "7783279",
    "movie_id": "31708"
  },
  {
    "review": "굿",
    "date": "13.04.27",
    "rating": "10",
    "author": "fyah****",
    "review_id": "7485698",
    "movie_id": "31708"
  },
  {
    "review": "연걸형님의 진지한 연기, 화려하고 진중한 액션, 그리고 마지막 장면에 연걸형님 매력인 미소까지^^",
    "date": "13.04.03",
    "rating": "10",
    "author": "karg****",
    "review_id": "7433312",
    "movie_id": "31708"
  },
  {
    "review": "이연걸 액션을 세월이 지나갈수록 자주 접할수 없다는게 아쉽다. 브리짓 폰다는 볼매인듯ㅋㅋ",
    "date": "13.02.13",
    "rating": "8",
    "author": "youn****",
    "review_id": "7259610",
    "movie_id": "31708"
  },
  {
    "review": "어렸을 때 보고 황홀했지",
    "date": "13.01.03",
    "rating": "9",
    "author": "cmcb****",
    "review_id": "7079290",
    "movie_id": "31708"
  },
  {
    "review": "최고의 액션영화중 하나가 아닐까",
    "date": "12.12.14",
    "rating": "9",
    "author": "cesa****",
    "review_id": "7001816",
    "movie_id": "31708"
  },
  {
    "review": "액션과 어두운 분위기가 잘 혼합된 스타일리쉬 영화",
    "date": "12.12.13",
    "rating": "10",
    "author": "swhn****",
    "review_id": "6996478",
    "movie_id": "31708"
  },
  {
    "review": "역시 이연걸~ 최고의 액션 굿~ ㅎㅎ",
    "date": "12.11.28",
    "rating": "10",
    "author": "efb0****",
    "review_id": "6932142",
    "movie_id": "31708"
  },
  {
    "review": "이연걸 이라는 걸출한 액션스타의 단연 최고의 영화라고 생각한다. 10점 이상이 없는게 아쉽다.",
    "date": "12.11.18",
    "rating": "10",
    "author": "lfww****",
    "review_id": "6901999",
    "movie_id": "31708"
  },
  {
    "review": "이연걸 스타일 굿",
    "date": "12.10.17",
    "rating": "10",
    "author": "meta****",
    "review_id": "6808880",
    "movie_id": "31708"
  },
  {
    "review": "개인적으로 이연걸 연기인생의 정상이라고 생각되는 영화. 어둡고 멋있다.",
    "date": "12.10.14",
    "rating": "10",
    "author": "jjda****",
    "review_id": "6799632",
    "movie_id": "31708"
  },
  {
    "review": "이 영화는 그래도 괜찮은 편..",
    "date": "12.08.25",
    "rating": "9",
    "author": "4529****",
    "review_id": "6643137",
    "movie_id": "31708"
  },
  {
    "review": "이연걸의 액션영화치곤 괭장히 진지하고 드라마성이 짙어서 보는내내 눈을 띌수가ㅣ 없었음.. 참 잘만든 수작영화!",
    "date": "12.08.06",
    "rating": "9",
    "author": "iban****",
    "review_id": "6575909",
    "movie_id": "31708"
  },
  {
    "review": "이연걸 액션영화중 제일 재밌게 본듯.",
    "date": "12.07.31",
    "rating": "9",
    "author": "kem1****",
    "review_id": "6557204",
    "movie_id": "31708"
  },
  {
    "review": "브리짓폰다의 젖은머리..정말 섹시해",
    "date": "12.06.03",
    "rating": "8",
    "author": "beny****",
    "review_id": "6360532",
    "movie_id": "31708"
  },
  {
    "review": "마지막에 안심하라는 듯이 싱긋웃는 모습과 대사가 너무나 멋졌습니다.최고!!!",
    "date": "12.05.20",
    "rating": "10",
    "author": "horm****",
    "review_id": "6314143",
    "movie_id": "31708"
  },
  {
    "review": "악당이 온 몸의 구멍이란 구멍에선 다 피를 쏟으면 죽는 장면에서 공포영환 줄 알음",
    "date": "12.03.24",
    "rating": "2",
    "author": "ccpp****",
    "review_id": "6163737",
    "movie_id": "31708"
  },
  {
    "review": "좀 더 현실적인 액션이었으면 좋았을텐데",
    "date": "12.03.24",
    "rating": "2",
    "author": "rame****",
    "review_id": "6163735",
    "movie_id": "31708"
  },
  {
    "review": "헐리웃에 간 쿵푸영화를 보면, 서영인들이 가진 막연한 신비감, 경외심이 보인다.",
    "date": "12.03.24",
    "rating": "2",
    "author": "kpcc****",
    "review_id": "6163733",
    "movie_id": "31708"
  },
  {
    "review": "연걸형님 할리우드 액션중엔 진짜 이게 최고!!ㅋ",
    "date": "12.02.15",
    "rating": "10",
    "author": "cjmc****",
    "review_id": "6076748",
    "movie_id": "31708"
  },
  {
    "review": "이연걸의 할리우드 진출작중 그나마 볼만했다.",
    "date": "11.10.31",
    "rating": "7",
    "author": "khkk****",
    "review_id": "5820567",
    "movie_id": "31708"
  },
  {
    "review": "이연걸 나오면 최소 액션은 보장이지 뭐...",
    "date": "11.09.07",
    "rating": "7",
    "author": "orph****",
    "review_id": "5712669",
    "movie_id": "31708"
  },
  {
    "review": "이연걸의 실력을 살린 몇안되는 할리우드작",
    "date": "11.06.24",
    "rating": "9",
    "author": "just****",
    "review_id": "5495759",
    "movie_id": "31708"
  },
  {
    "review": "이연걸 ㅋㅋ",
    "date": "11.06.22",
    "rating": "10",
    "author": "nice****",
    "review_id": "5494129",
    "movie_id": "31708"
  },
  {
    "review": "난 경기도 안양의 이준영이다!",
    "date": "11.04.29",
    "rating": "10",
    "author": "sixj****",
    "review_id": "5397773",
    "movie_id": "31708"
  },
  {
    "review": "햐~ 이영화 정말 끝내줬었는뎅~....",
    "date": "11.04.01",
    "rating": "8",
    "author": "sute****",
    "review_id": "5347362",
    "movie_id": "31708"
  },
  {
    "review": "프랑스 경찰은 사람하고 부하 막 죽여도되?",
    "date": "11.03.30",
    "rating": "8",
    "author": "wnrd****",
    "review_id": "5342770",
    "movie_id": "31708"
  },
  {
    "review": "굿",
    "date": "11.03.23",
    "rating": "10",
    "author": "kobo****",
    "review_id": "5330466",
    "movie_id": "31708"
  },
  {
    "review": "원빈의 아저씨 제작진이 이 영화도 참고하지 않았을려나..비슷한 이미지 느낌.",
    "date": "11.03.18",
    "rating": "10",
    "author": "gate****",
    "review_id": "5320425",
    "movie_id": "31708"
  },
  {
    "review": "역시 이연걸~ 나이먹어도 액션은 죽이네 멋있어!!",
    "date": "10.10.22",
    "rating": "10",
    "author": "dkfm****",
    "review_id": "4915240",
    "movie_id": "31708"
  },
  {
    "review": "이연걸 할리웃 진출후 딱 한편의 명작....다른건 죄다 쓰레기.....",
    "date": "10.10.08",
    "rating": "10",
    "author": "kill****",
    "review_id": "4890751",
    "movie_id": "31708"
  },
  {
    "review": "이거 재밌다 ㅋㅋ",
    "date": "10.09.11",
    "rating": "10",
    "author": "toyh****",
    "review_id": "4829550",
    "movie_id": "31708"
  },
  {
    "review": "온전한 영화로의 구색은 갖춘 편, 다만 이 영화의 취약점이란 다름아닌 액션이다.",
    "date": "10.08.25",
    "rating": "6",
    "author": "pela****",
    "review_id": "4790274",
    "movie_id": "31708"
  },
  {
    "review": "이연걸의 환상을 더욱더심어준 작품",
    "date": "10.08.21",
    "rating": "10",
    "author": "as12****",
    "review_id": "4772906",
    "movie_id": "31708"
  },
  {
    "review": "'전지현'의 '블러드' 만든 감독 작품이라니 믿을 수가 없어.",
    "date": "10.06.16",
    "rating": "8",
    "author": "1opp****",
    "review_id": "4568680",
    "movie_id": "31708"
  },
  {
    "review": "참재밋게 본 영화중 하나~",
    "date": "10.04.14",
    "rating": "10",
    "author": "wkdx****",
    "review_id": "4431810",
    "movie_id": "31708"
  },
  {
    "review": "이연걸의 액션이 멋진 영화",
    "date": "10.03.22",
    "rating": "10",
    "author": "navy****",
    "review_id": "4377580",
    "movie_id": "31708"
  },
  {
    "review": "쓰레기같은 프랑스 경찰악당.....",
    "date": "10.03.21",
    "rating": "10",
    "author": "marr****",
    "review_id": "4371955",
    "movie_id": "31708"
  },
  {
    "review": "뛰어난 영화다.",
    "date": "10.02.06",
    "rating": "9",
    "author": "gtwo****",
    "review_id": "4250917",
    "movie_id": "31708"
  },
  {
    "review": "티비에서 할때마다 계속본다 화려한 액션씬 때문인지 질리지 않는 영화",
    "date": "10.01.15",
    "rating": "10",
    "author": "mkyu****",
    "review_id": "4172526",
    "movie_id": "31708"
  },
  {
    "review": "이연걸의 첩보액션. 본아이덴티티의 긴장감과 이연결의 화려한 액션이 공존하는 역작.",
    "date": "09.12.26",
    "rating": "10",
    "author": "spik****",
    "review_id": "4088439",
    "movie_id": "31708"
  },
  {
    "review": "마지막이 허무하다. 하지만 액션은 최고",
    "date": "09.12.03",
    "rating": "6",
    "author": "rjsw****",
    "review_id": "4011281",
    "movie_id": "31708"
  },
  {
    "review": "이연걸의 액션은 훌룡하다~~~~~",
    "date": "09.11.23",
    "rating": "6",
    "author": "fnsk****",
    "review_id": "3984272",
    "movie_id": "31708"
  },
  {
    "review": "훌륭한 무술인의 몸놀림을 보는 건 훌륭한 배우의 연기를 보는 것처럼 즐겁다.",
    "date": "09.11.08",
    "rating": "6",
    "author": "cube****",
    "review_id": "3944216",
    "movie_id": "31708"
  },
  {
    "review": "평범하지만 재미는 있었다. 이연걸의 진지연기는 언제봐도 어색하군.....",
    "date": "09.11.05",
    "rating": "8",
    "author": "ard2****",
    "review_id": "3938564",
    "movie_id": "31708"
  },
  {
    "review": "굿",
    "date": "09.10.15",
    "rating": "10",
    "author": "ypar****",
    "review_id": "3893257",
    "movie_id": "31708"
  },
  {
    "review": "굿",
    "date": "09.09.27",
    "rating": "10",
    "author": "thek****",
    "review_id": "3853028",
    "movie_id": "31708"
  },
  {
    "review": "머리가 뻥 뚫리는 통쾌한 액션..wow.",
    "date": "09.09.07",
    "rating": "10",
    "author": "eunm****",
    "review_id": "3817389",
    "movie_id": "31708"
  },
  {
    "review": "이연결 영화에 액션만 있으면 됐지 뭘 더 바라나",
    "date": "09.08.11",
    "rating": "8",
    "author": "junl****",
    "review_id": "3737616",
    "movie_id": "31708"
  },
  {
    "review": "Kiss my ass",
    "date": "09.08.11",
    "rating": "3",
    "author": "skat****",
    "review_id": "3737602",
    "movie_id": "31708"
  },
  {
    "review": "이연걸이라 6점 준다. 안 그랬음 4점 짜리..",
    "date": "09.08.06",
    "rating": "6",
    "author": "show****",
    "review_id": "3716312",
    "movie_id": "31708"
  },
  {
    "review": "이건 감독이 아니라 이연걸이 살린 영화다 이연걸 아니었음 쓰레기영화될뻔",
    "date": "09.07.17",
    "rating": "10",
    "author": "mcne****",
    "review_id": "3638684",
    "movie_id": "31708"
  },
  {
    "review": "생각했던거보다는 별로....",
    "date": "09.07.01",
    "rating": "6",
    "author": "skys****",
    "review_id": "3605016",
    "movie_id": "31708"
  },
  {
    "review": "이연걸의 카리스마 굳! 액션 굳!",
    "date": "09.06.15",
    "rating": "7",
    "author": "tleh****",
    "review_id": "3566818",
    "movie_id": "31708"
  },
  {
    "review": "이연걸의 액션이 볼만합니다.",
    "date": "09.06.11",
    "rating": "10",
    "author": "bmh0****",
    "review_id": "3558382",
    "movie_id": "31708"
  },
  {
    "review": "중국 무림고수가 선사하는 호쾌한 액션극",
    "date": "09.06.11",
    "rating": "5",
    "author": "full****",
    "review_id": "3557976",
    "movie_id": "31708"
  },
  {
    "review": "정말재미있어요 지루하지도않고 정말 잼있음",
    "date": "09.06.10",
    "rating": "10",
    "author": "banz****",
    "review_id": "3556899",
    "movie_id": "31708"
  },
  {
    "review": "이연걸의 신들린 액션연기!~!~! 간만에 제대로 필받았다 ㅋㅋㅋㅋ",
    "date": "09.05.10",
    "rating": "9",
    "author": "iss2****",
    "review_id": "3483392",
    "movie_id": "31708"
  },
  {
    "review": "이연걸의 무술씬은 그야말로 ㅎㄷㄷ;;",
    "date": "09.04.21",
    "rating": "9",
    "author": "haku****",
    "review_id": "3433957",
    "movie_id": "31708"
  },
  {
    "review": "이연걸 헐리우드 진출작중 최고다!!",
    "date": "09.04.17",
    "rating": "9",
    "author": "xx41****",
    "review_id": "3425878",
    "movie_id": "31708"
  },
  {
    "review": "말이 필요없다",
    "date": "09.04.17",
    "rating": "10",
    "author": "ii48****",
    "review_id": "3424940",
    "movie_id": "31708"
  }
]