[
  {
    "review": "이거 보고 나서는 다른 뱀파이어 영화 보는데 집중이 안된다 보고 있으면 블레이드 형님이 나타나서 선글라스 끼고 쌍은검으로 죄다 쓸어버릴 거 같아서ㅋㅋㅋㅋ",
    "date": "15.08.09",
    "rating": "10",
    "author": "alan****",
    "review_id": "10205123",
    "movie_id": "31705"
  },
  {
    "review": "최고의 흡혈귀 영화. 액션의 정석.",
    "date": "15.07.14",
    "rating": "10",
    "author": "lsh5****",
    "review_id": "10103405",
    "movie_id": "31705"
  },
  {
    "review": "시리즈 중 제일 재밌는 2뱀파이어의 묘사와 액선이 마음에 들었다",
    "date": "15.06.24",
    "rating": "6",
    "author": "alst****",
    "review_id": "10026175",
    "movie_id": "31705"
  },
  {
    "review": "웨슬리 스나입스, 너를 기다렸다!",
    "date": "15.04.30",
    "rating": "6",
    "author": "huit****",
    "review_id": "9881804",
    "movie_id": "31705"
  },
  {
    "review": "견자단이 왜 나오냐구?무술감독이니간",
    "date": "15.04.17",
    "rating": "10",
    "author": "jyrs****",
    "review_id": "9848867",
    "movie_id": "31705"
  },
  {
    "review": "검고 붉게 물들인 광란의 액션 파티",
    "date": "15.02.04",
    "rating": "4",
    "author": "goms****",
    "review_id": "9665763",
    "movie_id": "31705"
  },
  {
    "review": "액션영화로만 한정한다면 열손가락에 안에 드는 영화입니다.정말 잘만들었죠.지금 봐도 전혀 유치하지 않죠",
    "date": "15.02.01",
    "rating": "10",
    "author": "gaze****",
    "review_id": "9659372",
    "movie_id": "31705"
  },
  {
    "review": "짱짱짱 정말재밌어욮추천",
    "date": "15.01.24",
    "rating": "10",
    "author": "aatj****",
    "review_id": "9631634",
    "movie_id": "31705"
  },
  {
    "review": "잠만 슈퍼액션에선 15세였는데  왜  여기선  청소년 관람불가지?",
    "date": "15.01.13",
    "rating": "10",
    "author": "kang****",
    "review_id": "9588941",
    "movie_id": "31705"
  },
  {
    "review": "2까지는 핵명작인듯. 속편인데도 꿀잼",
    "date": "15.01.11",
    "rating": "10",
    "author": "gust****",
    "review_id": "9585058",
    "movie_id": "31705"
  },
  {
    "review": "역시 길예르모델토로.",
    "date": "14.12.30",
    "rating": "8",
    "author": "fcup****",
    "review_id": "9538393",
    "movie_id": "31705"
  },
  {
    "review": "개꿀잼, 어떻게 이런 명작이~~",
    "date": "14.12.15",
    "rating": "10",
    "author": "i_m_****",
    "review_id": "9477275",
    "movie_id": "31705"
  },
  {
    "review": "길예르모 델 토르 감독에 단역으로 견자단까지 나왔다는 점. 론 펄먼도 상당히 매력적임. 그러나 딱히 좋아하는 소재와 장르가 아니어서. 1편보다는 좀 더 스케일도 크고 볼만 함",
    "date": "14.11.27",
    "rating": "6",
    "author": "jjaj****",
    "review_id": "9425248",
    "movie_id": "31705"
  },
  {
    "review": "정말 평점이 너무 짜다 너무한다 너희들!!",
    "date": "14.10.13",
    "rating": "10",
    "author": "ske4****",
    "review_id": "9289531",
    "movie_id": "31705"
  },
  {
    "review": "속편은 항상 망한다고들 하지만 1편보다 훠얼씬 잘만든 몇안되는 영화중에 하나라고 생각함. 특히 출연시간은 짧았지만 견자단 캐스팅은 진짜 신의 한수",
    "date": "14.09.26",
    "rating": "10",
    "author": "kooh****",
    "review_id": "9242962",
    "movie_id": "31705"
  },
  {
    "review": "웨슬리의 최고 명작이제졸라 재미있게 잘 봤다",
    "date": "14.09.01",
    "rating": "10",
    "author": "yyho****",
    "review_id": "9152751",
    "movie_id": "31705"
  },
  {
    "review": "갑이죠... 이건 진짜 명작...",
    "date": "14.08.06",
    "rating": "10",
    "author": "zizz****",
    "review_id": "9040982",
    "movie_id": "31705"
  },
  {
    "review": "블레이드 시리즈는 2편만 보면 될 거 같다. 액션과 내용전개 다 훌륭하다.",
    "date": "14.08.01",
    "rating": "9",
    "author": "plto****",
    "review_id": "9000511",
    "movie_id": "31705"
  },
  {
    "review": "걸작은 넘어선 명작이다. 2002년도에 이정도 영화가 나왓다는게 믿겨지지 않는다. 대사나 액션도 훌륭하고.. 견자단이 나오는게 의외였다",
    "date": "14.07.29",
    "rating": "10",
    "author": "dnjs****",
    "review_id": "8978637",
    "movie_id": "31705"
  },
  {
    "review": "자세한 시리즈 스토리 모르고 2편인 이 영화만 봤는데요 액션이 볼만하네요 좀 혐오스러운 장면이 있긴해요 ㅋ  그리고 옛날 영화인데 지금 봐도 촌스럽지가 않아요",
    "date": "14.07.16",
    "rating": "9",
    "author": "hamp****",
    "review_id": "8921816",
    "movie_id": "31705"
  },
  {
    "review": "잔인한게 쓸데없다는 생각이 들 정도로 많이 나온다",
    "date": "14.07.16",
    "rating": "1",
    "author": "hang****",
    "review_id": "8919974",
    "movie_id": "31705"
  },
  {
    "review": "스토리 액션  다 잡은 영화",
    "date": "14.06.02",
    "rating": "9",
    "author": "xx41****",
    "review_id": "8787224",
    "movie_id": "31705"
  },
  {
    "review": "팁덤 만덤에 팁덤 ㅋㅋㅋ",
    "date": "14.05.10",
    "rating": "10",
    "author": "tjrl****",
    "review_id": "8719404",
    "movie_id": "31705"
  },
  {
    "review": "계속 봐도 질리지가 않는다 더불어  정말 다른영화 시리즈와 드물게 원작보다 뛰어넘은 작품인것 같다",
    "date": "14.04.29",
    "rating": "10",
    "author": "dkdl****",
    "review_id": "8681792",
    "movie_id": "31705"
  },
  {
    "review": "겁나 재밌네 ^^  역시 길감독!!",
    "date": "14.04.13",
    "rating": "10",
    "author": "fghy****",
    "review_id": "8647692",
    "movie_id": "31705"
  },
  {
    "review": "웨슬리 스나입스의 절정은 이 영화다",
    "date": "14.04.09",
    "rating": "10",
    "author": "vvst****",
    "review_id": "8637767",
    "movie_id": "31705"
  },
  {
    "review": "액션영화 많이 봤다고 생각하는데 정말 괜춘함",
    "date": "14.03.29",
    "rating": "8",
    "author": "alma****",
    "review_id": "8614461",
    "movie_id": "31705"
  },
  {
    "review": "영화는  역시, 스타일이다.",
    "date": "14.03.28",
    "rating": "10",
    "author": "k1ki****",
    "review_id": "8613582",
    "movie_id": "31705"
  },
  {
    "review": "겨울왕국<<<<넘사<<<<블레이드2",
    "date": "14.03.23",
    "rating": "10",
    "author": "sm64****",
    "review_id": "8600604",
    "movie_id": "31705"
  },
  {
    "review": "1편도  재밌지만  2편이 더 재밌네요..여주인공 니사 너무 예뻐요..ㅎㅎ",
    "date": "14.03.22",
    "rating": "10",
    "author": "kevi****",
    "review_id": "8596611",
    "movie_id": "31705"
  },
  {
    "review": "블레이드 시원한 액션 요즘 이런영화없음 ㅠ",
    "date": "14.03.21",
    "rating": "10",
    "author": "gbwl****",
    "review_id": "8594493",
    "movie_id": "31705"
  },
  {
    "review": "2002년 군복무시절 외박나와서 불쌍한 군바리 혼자 봤는데도 상영내내 눈을 뗄수가 없었다~ 길예르모 델 토로 감독의 연출력과 영상미는 최고!!!!",
    "date": "14.02.15",
    "rating": "10",
    "author": "real****",
    "review_id": "8511753",
    "movie_id": "31705"
  },
  {
    "review": "루크 고스, 노만 리더스 다 나온다~ 으헹헹.. 다죽네 다죽어..으헝~",
    "date": "14.02.05",
    "rating": "9",
    "author": "kes7****",
    "review_id": "8478425",
    "movie_id": "31705"
  },
  {
    "review": "뱀파이어 영화 중 에서는 거의 최고 인 듯 하다. ㅎ",
    "date": "14.02.01",
    "rating": "10",
    "author": "pc59****",
    "review_id": "8459615",
    "movie_id": "31705"
  },
  {
    "review": "전편보다 재밌는듯..",
    "date": "14.01.28",
    "rating": "8",
    "author": "534k****",
    "review_id": "8438301",
    "movie_id": "31705"
  },
  {
    "review": "1편은 b급 정서. 3편은 설정 오류와 허무한 전개. 2편이 시리즈중 최고의 완성도. 감독이 다르니 내용이 좋을수밖에.",
    "date": "14.01.19",
    "rating": "8",
    "author": "kimw****",
    "review_id": "8400278",
    "movie_id": "31705"
  },
  {
    "review": "1편 못지않는 액션과 재미 웨슬리가 이때 까지만 해도 잘나갔는데",
    "date": "14.01.08",
    "rating": "7",
    "author": "adiv****",
    "review_id": "8361060",
    "movie_id": "31705"
  },
  {
    "review": "노먼은 이때도 섹시했구먼",
    "date": "13.12.01",
    "rating": "9",
    "author": "choi****",
    "review_id": "8183900",
    "movie_id": "31705"
  },
  {
    "review": "속편답게 1편보다 액션은 더 화려해지고 강해졌다. 놀라운 것은 괜찮은 설정들이 여전히 있고 적어도 1편의 명성에 해를 끼치지 않는다는 것이다.",
    "date": "13.11.29",
    "rating": "6",
    "author": "zxc1****",
    "review_id": "8175095",
    "movie_id": "31705"
  },
  {
    "review": "1도 재밌지만 2가 제일 재밌다 ..",
    "date": "13.08.08",
    "rating": "10",
    "author": "jesi****",
    "review_id": "7858750",
    "movie_id": "31705"
  },
  {
    "review": "올??? 찌질한 스커드가 노만 리더스 행님이었다니 !! ㅋㅋ",
    "date": "13.08.05",
    "rating": "9",
    "author": "che1****",
    "review_id": "7840784",
    "movie_id": "31705"
  },
  {
    "review": "시리즈중에최고",
    "date": "13.06.29",
    "rating": "10",
    "author": "hwin****",
    "review_id": "7689656",
    "movie_id": "31705"
  },
  {
    "review": "최고.!",
    "date": "13.06.28",
    "rating": "10",
    "author": "ssin****",
    "review_id": "7685721",
    "movie_id": "31705"
  },
  {
    "review": "액션에 대한 선택과 집중!",
    "date": "13.04.30",
    "rating": "9",
    "author": "quev****",
    "review_id": "7495295",
    "movie_id": "31705"
  },
  {
    "review": "1편을 능가하는 최고의 수작~ 감독빨도 있지만 최고의 속편중의 하나~ 단 3편은 눈버리니 보지말것~",
    "date": "13.04.26",
    "rating": "10",
    "author": "zlfk****",
    "review_id": "7485065",
    "movie_id": "31705"
  },
  {
    "review": "블레이드 시리즈 다 재밌는데 그중에 2가 최고인듯",
    "date": "13.03.28",
    "rating": "9",
    "author": "dodl****",
    "review_id": "7416529",
    "movie_id": "31705"
  },
  {
    "review": "다좋은데...1편흑인누나가 안나옴..ㅠ",
    "date": "13.03.19",
    "rating": "8",
    "author": "do11****",
    "review_id": "7366804",
    "movie_id": "31705"
  },
  {
    "review": "까면깔수록 별거없다고? 한편한편 액션스토리 대작이다 굿!",
    "date": "13.03.01",
    "rating": "10",
    "author": "ses5****",
    "review_id": "7312791",
    "movie_id": "31705"
  },
  {
    "review": "구웅?우웃",
    "date": "13.02.21",
    "rating": "10",
    "author": "tjsr****",
    "review_id": "7285533",
    "movie_id": "31705"
  },
  {
    "review": "블레이드 시리즈는 2가 제일 재밌다.",
    "date": "13.02.20",
    "rating": "10",
    "author": "hoju****",
    "review_id": "7284090",
    "movie_id": "31705"
  },
  {
    "review": "1편이 수작이었다면 2편은 명작의 반열에 올라설수있다.  뱀파이어 관련영화에서는 이보다 더 나은 작품을 한동안 오랫동안 볼수없을거라 장담한다.",
    "date": "13.01.30",
    "rating": "9",
    "author": "high****",
    "review_id": "7196986",
    "movie_id": "31705"
  },
  {
    "review": "거의블레이드시리즈는 최강 재미있죠",
    "date": "13.01.09",
    "rating": "10",
    "author": "wogh****",
    "review_id": "7094100",
    "movie_id": "31705"
  },
  {
    "review": "거이 2탄은 별로인데..블레이드는 2탄도 잼나넵.ㅋ",
    "date": "13.01.09",
    "rating": "10",
    "author": "aqua****",
    "review_id": "7094086",
    "movie_id": "31705"
  },
  {
    "review": "와우! 훌륭하다.",
    "date": "13.01.05",
    "rating": "10",
    "author": "marc****",
    "review_id": "7084093",
    "movie_id": "31705"
  },
  {
    "review": "1편을 압도적으로 뛰어넘는 2편이라..영화사에 길이남을 만한 시리즈물이다. 화끈하게 업그레이드된 액션과 비주얼, 그리고 공포로 몰아넣는 긴장감까지...액션공포라는 미개척 장르의 효시라 볼만하다.",
    "date": "12.12.17",
    "rating": "10",
    "author": "bajj****",
    "review_id": "7012061",
    "movie_id": "31705"
  },
  {
    "review": "나름재밋엇음ㅇㅇㅇ근데흑형이나의노만아저씨를죽임ㅋ좋은역할좀주지..",
    "date": "12.12.09",
    "rating": "8",
    "author": "pjwl****",
    "review_id": "6988415",
    "movie_id": "31705"
  },
  {
    "review": "대박영호ㅓ",
    "date": "12.11.17",
    "rating": "10",
    "author": "engr****",
    "review_id": "6898402",
    "movie_id": "31705"
  },
  {
    "review": "잘모르겠습니다.",
    "date": "12.09.08",
    "rating": "10",
    "author": "zerg****",
    "review_id": "6678503",
    "movie_id": "31705"
  },
  {
    "review": "흑형 짜증나",
    "date": "12.08.28",
    "rating": "1",
    "author": "kira****",
    "review_id": "6649370",
    "movie_id": "31705"
  },
  {
    "review": "봐도봐도 재미있는 뱀파이어 영화계의 최고봉",
    "date": "12.08.14",
    "rating": "10",
    "author": "deat****",
    "review_id": "6603216",
    "movie_id": "31705"
  },
  {
    "review": "1편보다 더 액션이 화려해졌다. 재밌음.",
    "date": "12.07.28",
    "rating": "9",
    "author": "kem1****",
    "review_id": "6549555",
    "movie_id": "31705"
  },
  {
    "review": "보고 확인바라다.",
    "date": "12.07.19",
    "rating": "1",
    "author": "pria****",
    "review_id": "6497907",
    "movie_id": "31705"
  },
  {
    "review": "어렸을 때 엄마가 보여줬는데.. 그떄 진짜 재밌게 봤죠",
    "date": "12.07.17",
    "rating": "10",
    "author": "joss****",
    "review_id": "6489259",
    "movie_id": "31705"
  },
  {
    "review": "전작보다 과감해진 연출은 훨씬 보기 좋았습니다. 킬링 타임으로 나쁘지 않은 액션 영화.",
    "date": "12.07.16",
    "rating": "8",
    "author": "maru****",
    "review_id": "6486101",
    "movie_id": "31705"
  },
  {
    "review": "피는 탁해지고 드라마는 깊어졌다.",
    "date": "12.07.09",
    "rating": "5",
    "author": "rygh****",
    "review_id": "6463573",
    "movie_id": "31705"
  },
  {
    "review": "현대판 뱀파이어의 시원한 액션~ 조아 좋아",
    "date": "12.04.26",
    "rating": "7",
    "author": "sute****",
    "review_id": "6246042",
    "movie_id": "31705"
  },
  {
    "review": "재밌었음 군대 1편은 왜 없지 내 기억으론 1편도 있던데",
    "date": "12.04.25",
    "rating": "10",
    "author": "sphe****",
    "review_id": "6245494",
    "movie_id": "31705"
  },
  {
    "review": "1편보다 스토리 엉망이네..뜬금없이 흡혈귀편 됐다가... 액션은 볼만 했다.",
    "date": "12.04.02",
    "rating": "7",
    "author": "min5****",
    "review_id": "6187753",
    "movie_id": "31705"
  },
  {
    "review": "1편보다 좀 낫고 망작 3편과는 비교할 필요가 없음",
    "date": "12.02.25",
    "rating": "8",
    "author": "fren****",
    "review_id": "6102149",
    "movie_id": "31705"
  },
  {
    "review": "뱀파이어액션영화중에서 길이남을 걸작",
    "date": "12.02.18",
    "rating": "10",
    "author": "rldi****",
    "review_id": "6084118",
    "movie_id": "31705"
  },
  {
    "review": "1편 보다 재밌게 본 작품~",
    "date": "12.02.18",
    "rating": "10",
    "author": "fb5y****",
    "review_id": "6083634",
    "movie_id": "31705"
  },
  {
    "review": "블레이드는 2가 쩔지....3은별로고.....1도 최고고.....",
    "date": "12.02.04",
    "rating": "9",
    "author": "wngh****",
    "review_id": "6051354",
    "movie_id": "31705"
  },
  {
    "review": "2>1>3 전작을 뛰어넘는 시리즈중 하나!",
    "date": "12.01.06",
    "rating": "8",
    "author": "cnjs****",
    "review_id": "5964190",
    "movie_id": "31705"
  },
  {
    "review": "총말고 딴무기도 골고루 썼으면 좋을텐데.그래도 가히 A급뱀파이어물이이라 불릴만하다.",
    "date": "12.01.02",
    "rating": "10",
    "author": "rene****",
    "review_id": "5955209",
    "movie_id": "31705"
  },
  {
    "review": "잘 만든 액션 영화",
    "date": "11.12.21",
    "rating": "7",
    "author": "milk****",
    "review_id": "5918388",
    "movie_id": "31705"
  },
  {
    "review": "길예르모 감독의 또다른 성과, 1편을 뛰어넘어 자신만의 색깔을 입히다!",
    "date": "11.12.19",
    "rating": "9",
    "author": "mygr****",
    "review_id": "5914479",
    "movie_id": "31705"
  },
  {
    "review": "스타일쉬와 허세 액션의 최고봉",
    "date": "11.12.07",
    "rating": "10",
    "author": "rora****",
    "review_id": "5893321",
    "movie_id": "31705"
  },
  {
    "review": "스나입스 하면, 가장 먼저 떠오르는 영화지. 블레이드2.",
    "date": "11.11.27",
    "rating": "9",
    "author": "ldj0****",
    "review_id": "5874069",
    "movie_id": "31705"
  },
  {
    "review": "그럭저럭",
    "date": "11.11.19",
    "rating": "7",
    "author": "cine****",
    "review_id": "5859117",
    "movie_id": "31705"
  },
  {
    "review": "전편만큼이나 괜찮은작품",
    "date": "11.09.16",
    "rating": "8",
    "author": "orph****",
    "review_id": "5734827",
    "movie_id": "31705"
  },
  {
    "review": "정말 무시무시하게 멋지군.",
    "date": "11.08.26",
    "rating": "9",
    "author": "joyc****",
    "review_id": "5688982",
    "movie_id": "31705"
  },
  {
    "review": "대단하지",
    "date": "11.08.06",
    "rating": "10",
    "author": "ywkw****",
    "review_id": "5609203",
    "movie_id": "31705"
  },
  {
    "review": "근데.. 이게 뭐가 공포인지..?",
    "date": "11.07.28",
    "rating": "7",
    "author": "myon****",
    "review_id": "5577728",
    "movie_id": "31705"
  },
  {
    "review": "흠.......",
    "date": "11.07.03",
    "rating": "7",
    "author": "jimi****",
    "review_id": "5520741",
    "movie_id": "31705"
  },
  {
    "review": "전작을 뛰어넘는 몇안되는 영화!",
    "date": "11.06.20",
    "rating": "10",
    "author": "ljs1****",
    "review_id": "5490288",
    "movie_id": "31705"
  },
  {
    "review": "새로운 적과 새로운 동료의 등장!!",
    "date": "11.06.12",
    "rating": "9",
    "author": "pree****",
    "review_id": "5477710",
    "movie_id": "31705"
  },
  {
    "review": "수작",
    "date": "11.06.11",
    "rating": "10",
    "author": "mana****",
    "review_id": "5475460",
    "movie_id": "31705"
  },
  {
    "review": "캬.. 굿.ㅋㅋㅋㅋ",
    "date": "11.05.02",
    "rating": "10",
    "author": "hiph****",
    "review_id": "5402576",
    "movie_id": "31705"
  },
  {
    "review": "슈퍼 울트라 초재밌음. 노막 입벌릴때 참 매력있음ㅋ",
    "date": "11.04.05",
    "rating": "10",
    "author": "naru****",
    "review_id": "5356257",
    "movie_id": "31705"
  },
  {
    "review": "더욱 강력해진 뱀파이어. 동양무술과 프로레슬링의 조합",
    "date": "11.03.28",
    "rating": "10",
    "author": "bsm9****",
    "review_id": "5339889",
    "movie_id": "31705"
  },
  {
    "review": "당시에 독보적으로 화끈한 완성도 높은 액션작",
    "date": "11.02.21",
    "rating": "8",
    "author": "kimg****",
    "review_id": "5262210",
    "movie_id": "31705"
  },
  {
    "review": "넘재미잇네요",
    "date": "11.02.01",
    "rating": "10",
    "author": "tkfk****",
    "review_id": "5205586",
    "movie_id": "31705"
  },
  {
    "review": "훨씬 더 스타일리쉬해졌다는 건 분명 맞는 이야기!!",
    "date": "11.01.19",
    "rating": "8",
    "author": "yaky****",
    "review_id": "5170080",
    "movie_id": "31705"
  },
  {
    "review": "액션 쾌감",
    "date": "11.01.18",
    "rating": "8",
    "author": "pepe****",
    "review_id": "5167544",
    "movie_id": "31705"
  },
  {
    "review": "역시 블레이드는 날 실망시키지 않아 역시 최고의 액션영화",
    "date": "11.01.14",
    "rating": "9",
    "author": "paul****",
    "review_id": "5156724",
    "movie_id": "31705"
  },
  {
    "review": "볼만한듯.",
    "date": "11.01.12",
    "rating": "7",
    "author": "xtai****",
    "review_id": "5151442",
    "movie_id": "31705"
  },
  {
    "review": "쩔죠 ㅎㅎ액션",
    "date": "10.12.31",
    "rating": "10",
    "author": "man2****",
    "review_id": "5106361",
    "movie_id": "31705"
  },
  {
    "review": "전편보다 더 정교해지고 세련되졌다 전편보다는 그래도 조금 부족함",
    "date": "10.12.22",
    "rating": "8",
    "author": "rnrd****",
    "review_id": "5074171",
    "movie_id": "31705"
  },
  {
    "review": "..",
    "date": "10.12.12",
    "rating": "10",
    "author": "qkst****",
    "review_id": "5047974",
    "movie_id": "31705"
  },
  {
    "review": "시리즈물로서의 입지를 확실히 다졌다",
    "date": "10.11.20",
    "rating": "8",
    "author": "cont****",
    "review_id": "4974884",
    "movie_id": "31705"
  }
]