[
  {
    "review": "나 고딩때 이 영화보고 울었어",
    "date": "15.08.15",
    "rating": "10",
    "author": "drog****",
    "review_id": "10233194",
    "movie_id": "31718"
  },
  {
    "review": "너무 예쁘고 아름다운..",
    "date": "15.01.25",
    "rating": "1",
    "author": "mool****",
    "review_id": "9636740",
    "movie_id": "31718"
  },
  {
    "review": "진혜림이 초반에 창문열고 풍선 날리면서 나오는 배경음악이 너무 좋아서 봤다. OST(진혜림-훈의초)가 너무  좋고 다소 판타지? 적이고 유치할 수도 있지만 보고나면 뭔가 아련해지네..",
    "date": "14.11.26",
    "rating": "10",
    "author": "juli****",
    "review_id": "9423317",
    "movie_id": "31718"
  },
  {
    "review": "참 여러가지 감정이 복받친다..",
    "date": "14.11.05",
    "rating": "10",
    "author": "jueu****",
    "review_id": "9342152",
    "movie_id": "31718"
  },
  {
    "review": "금성무보고 놀랬던시절..",
    "date": "14.08.18",
    "rating": "9",
    "author": "fink****",
    "review_id": "9105456",
    "movie_id": "31718"
  },
  {
    "review": "이런 영화를 좋아하는 시기도 있다.",
    "date": "13.06.22",
    "rating": "3",
    "author": "pria****",
    "review_id": "7666893",
    "movie_id": "31718"
  },
  {
    "review": "어찌보면 유치하다고 볼 수도 있지만 예쁘게 잘 만들어진 영화. 진혜림의 영화 중 처음으로 본 것이 었는데 이지적이고 차가워 보이는 그녀의 입에 앵앵거리는 중국말이 나왔을 때 그 당혹스러움이란^^. 금성무의 엉뚱하면서도 사랑스러운 연기도 좋았다.",
    "date": "13.04.08",
    "rating": "8",
    "author": "beac****",
    "review_id": "7444178",
    "movie_id": "31718"
  },
  {
    "review": "비가오기전 누군가 그리운새벽,선선한바람을맞으며 항상찾게되는필요성이랄까 이영환.",
    "date": "12.06.29",
    "rating": "10",
    "author": "gar9****",
    "review_id": "6424526",
    "movie_id": "31718"
  },
  {
    "review": "배우,소재,배경,색감,음향 은 좋았지만 스토리가 빈약하다는것이 단점",
    "date": "12.01.12",
    "rating": "6",
    "author": "ga5g****",
    "review_id": "5979633",
    "movie_id": "31718"
  },
  {
    "review": "헐..진짜 알바인가봐..저 평점 후한편인데 이영화 진짜 9점은 아님 ㅠㅠ",
    "date": "11.12.06",
    "rating": "7",
    "author": "kiki****",
    "review_id": "5891520",
    "movie_id": "31718"
  },
  {
    "review": "홍콩 영화의 매력. !",
    "date": "11.08.17",
    "rating": "10",
    "author": "made****",
    "review_id": "5662343",
    "movie_id": "31718"
  },
  {
    "review": "천사의 선물 미켈란젤로ㅋ 우리집에도 천사 좀 떨어져라~~~",
    "date": "11.05.16",
    "rating": "7",
    "author": "twis****",
    "review_id": "5431226",
    "movie_id": "31718"
  },
  {
    "review": "망할알바들..수많은 중화권 영화를 보았지만 거의 최악! 평점 보고 봤는데..아주 실망",
    "date": "10.11.07",
    "rating": "10",
    "author": "baby****",
    "review_id": "4942997",
    "movie_id": "31718"
  },
  {
    "review": "평점이 후한것같아요.우리나라 정서랑 맞지않습니다 ㅠ",
    "date": "10.07.25",
    "rating": "5",
    "author": "love****",
    "review_id": "4669494",
    "movie_id": "31718"
  },
  {
    "review": "아름답고 순수해서 좋았고 홍콩 영화의 참신함에서 좋았다.",
    "date": "09.09.18",
    "rating": "9",
    "author": "l061****",
    "review_id": "3836898",
    "movie_id": "31718"
  },
  {
    "review": "순박한 사랑 :)",
    "date": "09.08.19",
    "rating": "10",
    "author": "yiya****",
    "review_id": "3766807",
    "movie_id": "31718"
  },
  {
    "review": "영화는 정말 엉뚱하고 순수하다. 이 영화로 진혜림이라는 배우를 다시 보게 되었다^^",
    "date": "08.10.19",
    "rating": "10",
    "author": "skyb****",
    "review_id": "3008117",
    "movie_id": "31718"
  },
  {
    "review": "잔잔하고 예쁜영화 소장하고 싶은 영화",
    "date": "08.10.11",
    "rating": "10",
    "author": "max_****",
    "review_id": "2993757",
    "movie_id": "31718"
  },
  {
    "review": "정말 시간이 아까운 영화! 정말이다.  평점에 낚였다.",
    "date": "08.10.05",
    "rating": "1",
    "author": "noxp****",
    "review_id": "2983857",
    "movie_id": "31718"
  },
  {
    "review": "끝이 조금 흐지부지하지만 보면 기분좋아지는 그런 영화!",
    "date": "08.07.21",
    "rating": "10",
    "author": "hyun****",
    "review_id": "2788457",
    "movie_id": "31718"
  },
  {
    "review": "굿",
    "date": "08.04.24",
    "rating": "10",
    "author": "nyao****",
    "review_id": "2596499",
    "movie_id": "31718"
  },
  {
    "review": "봐도봐도 안 질려... 어쩜 이렇게 잔잔하게 예쁠 수 있을까",
    "date": "08.03.19",
    "rating": "10",
    "author": "happ****",
    "review_id": "2529870",
    "movie_id": "31718"
  },
  {
    "review": "지나간 사랑의 향기를 대신할, 또다른 사랑의 향기",
    "date": "08.03.14",
    "rating": "6",
    "author": "uds0****",
    "review_id": "2519260",
    "movie_id": "31718"
  },
  {
    "review": "가슴 잔잔한 여운이 남는.. 라벤더 향이 나는 영화.",
    "date": "08.03.11",
    "rating": "10",
    "author": "nari****",
    "review_id": "2515483",
    "movie_id": "31718"
  },
  {
    "review": "아 진작 봤어야 했어...",
    "date": "08.01.26",
    "rating": "10",
    "author": "ehfv****",
    "review_id": "2373949",
    "movie_id": "31718"
  },
  {
    "review": "아름다운 러브스토리..dvd로 소장하고 있는 영화.금성무.진혜림~",
    "date": "08.01.20",
    "rating": "10",
    "author": "spee****",
    "review_id": "2351181",
    "movie_id": "31718"
  },
  {
    "review": "굿",
    "date": "07.12.03",
    "rating": "10",
    "author": "joon****",
    "review_id": "2204431",
    "movie_id": "31718"
  },
  {
    "review": "여러가지 시도가 마음에 들었다..특히 반전은 생각지도 못했다..뒷통수 윽",
    "date": "07.11.04",
    "rating": "9",
    "author": "hjou****",
    "review_id": "2132380",
    "movie_id": "31718"
  },
  {
    "review": "천사가 나온다는 것 이외에는",
    "date": "07.08.12",
    "rating": "6",
    "author": "k_yo****",
    "review_id": "1925417",
    "movie_id": "31718"
  },
  {
    "review": "아름다운영화~ 다시보고싶어요~",
    "date": "07.08.07",
    "rating": "10",
    "author": "0167****",
    "review_id": "1895996",
    "movie_id": "31718"
  },
  {
    "review": "너무 예쁜 영화~ 천사가 넘 귀여워~^^",
    "date": "07.05.25",
    "rating": "10",
    "author": "kaen****",
    "review_id": "1659385",
    "movie_id": "31718"
  },
  {
    "review": "라벤더라는  이름에빠지고  향에빠지고  천사라는존재마저믿고싶다",
    "date": "07.04.29",
    "rating": "10",
    "author": "viol****",
    "review_id": "1611642",
    "movie_id": "31718"
  },
  {
    "review": "진혜림 너무 섹시하고 귀엽고 마지막장면최고",
    "date": "07.01.04",
    "rating": "10",
    "author": "tjdt****",
    "review_id": "1356480",
    "movie_id": "31718"
  },
  {
    "review": "귀여운 신발모음쟁이",
    "date": "06.10.04",
    "rating": "9",
    "author": "clcl****",
    "review_id": "1160111",
    "movie_id": "31718"
  },
  {
    "review": "아무리 봐도 질리지 않는.. 여운이 남는 영화...",
    "date": "06.08.26",
    "rating": "10",
    "author": "coco****",
    "review_id": "1081262",
    "movie_id": "31718"
  },
  {
    "review": "금성무 진짜 미친다.. ㅠ.ㅠ",
    "date": "06.08.12",
    "rating": "10",
    "author": "trus****",
    "review_id": "1005318",
    "movie_id": "31718"
  },
  {
    "review": "음- 이런 멜로는 언제봐도 좋다 !",
    "date": "06.04.06",
    "rating": "10",
    "author": "happ****",
    "review_id": "749867",
    "movie_id": "31718"
  },
  {
    "review": "사랑스러운 영화... 금성무 정말,.. 매력덩어리",
    "date": "06.04.05",
    "rating": "10",
    "author": "cali****",
    "review_id": "749052",
    "movie_id": "31718"
  },
  {
    "review": "진짜 사랑스러운 영화다",
    "date": "06.03.14",
    "rating": "10",
    "author": "shin****",
    "review_id": "716734",
    "movie_id": "31718"
  },
  {
    "review": "영화 찾느라 죽는줄 알았지만,가치있네요 감동 금성무또반해버림",
    "date": "06.02.26",
    "rating": "10",
    "author": "1100****",
    "review_id": "693959",
    "movie_id": "31718"
  },
  {
    "review": "개인적으로 이런 사랑얘기가 좋음..",
    "date": "06.02.24",
    "rating": "9",
    "author": "like****",
    "review_id": "688614",
    "movie_id": "31718"
  },
  {
    "review": "모든 사랑의 모듬세트같은 꿈속에서 봤던거 같은 사랑이야기",
    "date": "06.02.07",
    "rating": "8",
    "author": "jung****",
    "review_id": "654331",
    "movie_id": "31718"
  },
  {
    "review": "엔젤의 캐릭터를 너무 잘 소화한 금성무. 동화같은 사랑이야기^^",
    "date": "06.02.07",
    "rating": "10",
    "author": "tjda****",
    "review_id": "653939",
    "movie_id": "31718"
  },
  {
    "review": ".내게 천국으로 갈 수 있는 신발을 선물해주세요^^",
    "date": "06.02.03",
    "rating": "10",
    "author": "soap****",
    "review_id": "643572",
    "movie_id": "31718"
  },
  {
    "review": "음.... 동화같은 가벼운 영화..",
    "date": "06.02.02",
    "rating": "7",
    "author": "dbwj****",
    "review_id": "643244",
    "movie_id": "31718"
  },
  {
    "review": "독특한 소재. 그들은 결국 잘 됐을까?",
    "date": "06.01.26",
    "rating": "8",
    "author": "kiki****",
    "review_id": "623637",
    "movie_id": "31718"
  },
  {
    "review": "울어버렸어요~",
    "date": "06.01.09",
    "rating": "10",
    "author": "cook****",
    "review_id": "572878",
    "movie_id": "31718"
  },
  {
    "review": "금성무때문에 ㅋㅋ",
    "date": "05.12.26",
    "rating": "10",
    "author": "sooh****",
    "review_id": "531510",
    "movie_id": "31718"
  },
  {
    "review": "라벤더밭.. 정말 멋있었어요. 금성무 양갈래 머리에 올인ㅋ",
    "date": "05.10.05",
    "rating": "10",
    "author": "mir2****",
    "review_id": "434190",
    "movie_id": "31718"
  },
  {
    "review": "너무 아름다운 영화~~",
    "date": "05.09.20",
    "rating": "10",
    "author": "blin****",
    "review_id": "414638",
    "movie_id": "31718"
  },
  {
    "review": "너무 예쁘고 아름다운 영화에요.  다시 보고싶은..",
    "date": "05.09.06",
    "rating": "10",
    "author": "oun2****",
    "review_id": "395091",
    "movie_id": "31718"
  },
  {
    "review": "참 아름답다 ~~~ 더이상 무슨 말이 필요할까???",
    "date": "05.08.09",
    "rating": "10",
    "author": "yjh_****",
    "review_id": "359485",
    "movie_id": "31718"
  },
  {
    "review": "아름다운색채의 영상과 멋진 두배우",
    "date": "05.02.09",
    "rating": "10",
    "author": "rose****",
    "review_id": "213991",
    "movie_id": "31718"
  },
  {
    "review": "색감에 대한 평점. 색감 베리굿.",
    "date": "05.02.05",
    "rating": "9",
    "author": "wing****",
    "review_id": "209039",
    "movie_id": "31718"
  },
  {
    "review": "TV로 봤지만 정말 감동적인 영화 오랜만에 감동",
    "date": "04.10.16",
    "rating": "10",
    "author": "won1****",
    "review_id": "126767",
    "movie_id": "31718"
  },
  {
    "review": "귀여운 금성무의 모습에 올인 ㅋ",
    "date": "04.09.28",
    "rating": "10",
    "author": "take****",
    "review_id": "116322",
    "movie_id": "31718"
  },
  {
    "review": "소보고 우는 진혜림에 감동먹음.. 난감함이 매력인 영화..",
    "date": "04.08.24",
    "rating": "7",
    "author": "mura****",
    "review_id": "96394",
    "movie_id": "31718"
  },
  {
    "review": "금성무의 귀여움에 반해버렷음+_+ 참 예쁜 영화ㅎ",
    "date": "04.07.25",
    "rating": "10",
    "author": "lisa****",
    "review_id": "76799",
    "movie_id": "31718"
  },
  {
    "review": "사랑의 아픔을 치유하는 향기... 라벤다",
    "date": "04.05.16",
    "rating": "10",
    "author": "tkdr****",
    "review_id": "43421",
    "movie_id": "31718"
  },
  {
    "review": "영화가 가볍다라... 그래도 나름대로 재밌었음.",
    "date": "04.05.02",
    "rating": "8",
    "author": "nann****",
    "review_id": "40365",
    "movie_id": "31718"
  }
]