[
  {
    "review": "처음은 좋았는데...갈수록...여명 진소춘이 너무 좋아서 7점 드림...서기는...로맨틱코미디가 어울릴듯...진지영화는 아닌듯..;;",
    "date": "13.12.17",
    "rating": "7",
    "author": "do11****",
    "review_id": "8219441",
    "movie_id": "31727"
  },
  {
    "review": "홍콩판 미션임파써블!!",
    "date": "12.10.29",
    "rating": "9",
    "author": "bajj****",
    "review_id": "6834843",
    "movie_id": "31727"
  },
  {
    "review": "신투첩영2????????????????",
    "date": "11.03.29",
    "rating": "10",
    "author": "cvbn****",
    "review_id": "5341493",
    "movie_id": "31727"
  },
  {
    "review": "멋진 첩보액션.. 후속편도 나올만 한데..",
    "date": "10.08.14",
    "rating": "9",
    "author": "fine****",
    "review_id": "4744569",
    "movie_id": "31727"
  },
  {
    "review": "환타지SF 홍콩첩보물도 좋아했던 어린시절의 아련한 기억을 떠올려준 덕분에 무려 4점",
    "date": "09.12.15",
    "rating": "4",
    "author": "marc****",
    "review_id": "4044427",
    "movie_id": "31727"
  },
  {
    "review": "최고 ㅋㅋ",
    "date": "09.02.25",
    "rating": "10",
    "author": "nice****",
    "review_id": "3331059",
    "movie_id": "31727"
  },
  {
    "review": "예전에 본건데 그때는 재미께 봣었다...진소춘 땜에 봤지만...^^*",
    "date": "07.08.06",
    "rating": "7",
    "author": "sshh****",
    "review_id": "1889828",
    "movie_id": "31727"
  },
  {
    "review": "진소춘의 액션이 굉장히 멋있었던...",
    "date": "07.01.07",
    "rating": "5",
    "author": "ppp0****",
    "review_id": "1364766",
    "movie_id": "31727"
  },
  {
    "review": "일단 봐라",
    "date": "06.01.15",
    "rating": "10",
    "author": "aaal****",
    "review_id": "590637",
    "movie_id": "31727"
  },
  {
    "review": "여명의 또다른 멋을 볼수 있었어요... 전 정말 좋은 영화였는데...",
    "date": "04.02.01",
    "rating": "7",
    "author": "kiiw****",
    "review_id": "14794",
    "movie_id": "31727"
  },
  {
    "review": "우리우리설날밤에9번에서한대요꼭보고말겠어요",
    "date": "04.01.19",
    "rating": "7",
    "author": "pipi****",
    "review_id": "11659",
    "movie_id": "31727"
  }
]