[
  {
    "review": "2001년작이라고는 믿을 수 없는 허접한 스토리, 멍청한 연출, 어색한 CG... 유리피라미드, 니케동상이 있는 중앙계단 등 루브르박물관 로케만이 그나마 가치가 있을 듯... 그나저나 훔쳐온 수많은 고대 유물들은 언제나 제 나라에 돌려주려나...",
    "date": "13.04.11",
    "rating": "2",
    "author": "sioh****",
    "review_id": "7450466",
    "movie_id": "31738"
  },
  {
    "review": "소피마르소, 헐리우드 탑스타에 비하면 소피마르소도 이제는 흔한여자가 되어버렸다.",
    "date": "12.03.22",
    "rating": "3",
    "author": "dldl****",
    "review_id": "6161421",
    "movie_id": "31738"
  },
  {
    "review": "이거 오씨엔에서봤었는데.....초딩때봤네...조낸무서워했는데 지금보니까 별로다",
    "date": "09.06.21",
    "rating": "7",
    "author": "kd00****",
    "review_id": "3578673",
    "movie_id": "31738"
  },
  {
    "review": "파리에 가본 사람에겐 추억 곱씹기에 최적의 영화임...",
    "date": "09.02.07",
    "rating": "5",
    "author": "yana****",
    "review_id": "3286256",
    "movie_id": "31738"
  },
  {
    "review": "어이없는 쓰레기~시건방깨나 떨더니 제대로 추락한 소피마르소~",
    "date": "08.05.24",
    "rating": "1",
    "author": "saml****",
    "review_id": "2660675",
    "movie_id": "31738"
  },
  {
    "review": "소피마르소 나와서 봤는데.. 영화는 별로.. 소피때문에 6점..",
    "date": "08.02.11",
    "rating": "6",
    "author": "pola****",
    "review_id": "2434436",
    "movie_id": "31738"
  },
  {
    "review": "(세트가 아니라면) 루브르에서 이런 쓰레기영화 촬영을 허락했음에 경악!",
    "date": "07.10.20",
    "rating": "2",
    "author": "acin****",
    "review_id": "2100371",
    "movie_id": "31738"
  },
  {
    "review": "너무 평이해서 문제다",
    "date": "07.05.17",
    "rating": "3",
    "author": "deff****",
    "review_id": "1642852",
    "movie_id": "31738"
  },
  {
    "review": "희박한 영화~",
    "date": "07.05.01",
    "rating": "6",
    "author": "vict****",
    "review_id": "1614139",
    "movie_id": "31738"
  },
  {
    "review": "무난한 범작...",
    "date": "06.12.30",
    "rating": "6",
    "author": "kwak****",
    "review_id": "1341119",
    "movie_id": "31738"
  },
  {
    "review": "소피마르소 진짜 왜 그래 ㅜ.ㅜ;;;",
    "date": "06.12.21",
    "rating": "4",
    "author": "offw****",
    "review_id": "1309606",
    "movie_id": "31738"
  },
  {
    "review": "조잡한 영화....소피 믿고 봤는데 \"이게 뭐야?\"",
    "date": "06.11.04",
    "rating": "4",
    "author": "pmr0****",
    "review_id": "1215661",
    "movie_id": "31738"
  },
  {
    "review": "난 뭐 재밌게 봤으니까",
    "date": "06.10.27",
    "rating": "10",
    "author": "whor****",
    "review_id": "1201146",
    "movie_id": "31738"
  },
  {
    "review": "재미를 찾을 수 없었다",
    "date": "06.08.02",
    "rating": "5",
    "author": "zeed****",
    "review_id": "956658",
    "movie_id": "31738"
  },
  {
    "review": "디팡달디팡달.........이새끼 나오니까 재미없음",
    "date": "06.05.29",
    "rating": "1",
    "author": "tmsh****",
    "review_id": "822197",
    "movie_id": "31738"
  },
  {
    "review": "난 재밌게 봤는데=ㅂ=;",
    "date": "06.05.19",
    "rating": "10",
    "author": "yell****",
    "review_id": "807169",
    "movie_id": "31738"
  },
  {
    "review": "1점주기도 아깝지만 소피마르소가 이쁘니까 그나마 1점준다",
    "date": "06.05.18",
    "rating": "1",
    "author": "ggoo****",
    "review_id": "804928",
    "movie_id": "31738"
  },
  {
    "review": "소피마르소 때문에 3점준다 ㅉㅉ",
    "date": "06.05.04",
    "rating": "3",
    "author": "june****",
    "review_id": "785643",
    "movie_id": "31738"
  },
  {
    "review": "졸작즐이거든 ㅉㅉ 멍청한 쓰레기 영화",
    "date": "05.08.27",
    "rating": "1",
    "author": "ollc****",
    "review_id": "385511",
    "movie_id": "31738"
  },
  {
    "review": "소피마르소는 작품선택을 잘못해.엔딩이 유치절정",
    "date": "05.05.30",
    "rating": "1",
    "author": "rpdm****",
    "review_id": "290241",
    "movie_id": "31738"
  },
  {
    "review": "너무 허술해!!!!!!!!!!!",
    "date": "05.05.04",
    "rating": "5",
    "author": "jcr3****",
    "review_id": "270984",
    "movie_id": "31738"
  },
  {
    "review": "뭔가했더니...그거였구먼.소피 마르소봐서.",
    "date": "05.04.16",
    "rating": "5",
    "author": "dlwn****",
    "review_id": "260795",
    "movie_id": "31738"
  },
  {
    "review": "쓰레기",
    "date": "05.03.02",
    "rating": "3",
    "author": "wunk****",
    "review_id": "234199",
    "movie_id": "31738"
  },
  {
    "review": "Frederic♡",
    "date": "05.01.31",
    "rating": "10",
    "author": "dong****",
    "review_id": "202055",
    "movie_id": "31738"
  },
  {
    "review": "완전 울트라 쓰레기 영화",
    "date": "05.01.22",
    "rating": "1",
    "author": "cybe****",
    "review_id": "192651",
    "movie_id": "31738"
  },
  {
    "review": "쓰레기 영화 별점 1점주는 것 조차 아깝다...;;",
    "date": "05.01.16",
    "rating": "1",
    "author": "uefa****",
    "review_id": "187822",
    "movie_id": "31738"
  },
  {
    "review": "소피마르소 너무 좋아요",
    "date": "04.12.18",
    "rating": "10",
    "author": "ksjh****",
    "review_id": "164805",
    "movie_id": "31738"
  },
  {
    "review": "소피마르소가 나왔단 이유만으로 볼가치가 있음 그러나 영화는 루즈함.",
    "date": "04.12.03",
    "rating": "7",
    "author": "gaya****",
    "review_id": "156255",
    "movie_id": "31738"
  },
  {
    "review": "프랑스의 공포영화 하지만 이해못할 공포물..이거 공포물이 맞는겨?",
    "date": "04.11.21",
    "rating": "1",
    "author": "pros****",
    "review_id": "149760",
    "movie_id": "31738"
  },
  {
    "review": "최악...존나 지루하고 잼없음..외국 영화에 더빙은 또 뭐냐?--비디오",
    "date": "04.11.05",
    "rating": "1",
    "author": "ygsh****",
    "review_id": "139698",
    "movie_id": "31738"
  },
  {
    "review": "ㅋㅋㅋ",
    "date": "04.10.12",
    "rating": "1",
    "author": "arie****",
    "review_id": "124630",
    "movie_id": "31738"
  },
  {
    "review": "재밌어요",
    "date": "04.08.09",
    "rating": "10",
    "author": "vvvv****",
    "review_id": "87025",
    "movie_id": "31738"
  },
  {
    "review": "최악의 영화,,",
    "date": "04.07.06",
    "rating": "3",
    "author": "drag****",
    "review_id": "65950",
    "movie_id": "31738"
  },
  {
    "review": "소피 마르소는 예뻤지만 영화는 재미없었다...",
    "date": "04.02.14",
    "rating": "5",
    "author": "dps_****",
    "review_id": "20105",
    "movie_id": "31738"
  },
  {
    "review": "영화보단 여배우만 눈에 들어오더군요 -_-",
    "date": "04.01.27",
    "rating": "6",
    "author": "kw86****",
    "review_id": "13631",
    "movie_id": "31738"
  }
]