[
  {
    "review": "중학교때 진구들과 낙원동 할리우드 극장에서 본 추억이 생각난다. 영화자체는 그냥저냥 했지만 리마빈과 로버트쇼를 볼 수있어 좋았다.",
    "date": "15.03.30",
    "rating": "7",
    "author": "stem****",
    "review_id": "9817699",
    "movie_id": "31755"
  },
  {
    "review": "리마빈이 명배우인이유는 이영화를 보면,알수있을것이다.물론 로버트쇼도 마찬가지다.",
    "date": "10.12.08",
    "rating": "8",
    "author": "baks****",
    "review_id": "5035295",
    "movie_id": "31755"
  }
]