[
  {
    "review": "괜찮은 슬래셔 무비, 여배우들 미모도 괜춘",
    "date": "15.05.28",
    "rating": "8",
    "author": "gold****",
    "review_id": "9955847",
    "movie_id": "31760"
  },
  {
    "review": "평점 낮게 준 사람들 과거가 찔리는듯,?ㅡㅡ,",
    "date": "15.05.09",
    "rating": "7",
    "author": "tekk****",
    "review_id": "9905191",
    "movie_id": "31760"
  },
  {
    "review": "그냥 지루하지않은 너무나 평범한 슬래셔 공포물.",
    "date": "15.01.21",
    "rating": "5",
    "author": "lo15****",
    "review_id": "9620759",
    "movie_id": "31760"
  },
  {
    "review": "- 페이지, 나랑 춤출래? - 차라리 끓는 물에 빠져죽겠어 ... 13년후 그녀는 정말로 끓는 물에 빠져죽는다.",
    "date": "15.01.16",
    "rating": "10",
    "author": "ljsc****",
    "review_id": "9600412",
    "movie_id": "31760"
  },
  {
    "review": "그냥 초콜릿이나 까 잡숴 옛다 시대를 고려한 평점",
    "date": "13.08.20",
    "rating": "6",
    "author": "taeg****",
    "review_id": "7906953",
    "movie_id": "31760"
  },
  {
    "review": "지루하진 않네",
    "date": "13.07.04",
    "rating": "4",
    "author": "skat****",
    "review_id": "7702693",
    "movie_id": "31760"
  },
  {
    "review": "슬래셔 영화의 공식을 아주 정확하게 고스란히 따라가고 있어서, 이야기나 반전은 그리 인상적이지 않다. 온갖 도구들로 사람을 죽이지만, 그리 무섭지는 않다.",
    "date": "13.02.18",
    "rating": "4",
    "author": "zxc1****",
    "review_id": "7278164",
    "movie_id": "31760"
  },
  {
    "review": "잼아야",
    "date": "12.12.16",
    "rating": "10",
    "author": "glee****",
    "review_id": "7009012",
    "movie_id": "31760"
  },
  {
    "review": "킬링타임용 청춘 호러. 슬래셔의 강도도 참 착하다. 정~말 가볍게 볼 수 있다.",
    "date": "12.04.16",
    "rating": "6",
    "author": "gjin****",
    "review_id": "6227169",
    "movie_id": "31760"
  },
  {
    "review": "그냥 친구들끼리 밤에 과자먹으면서 볼만한 영화...",
    "date": "12.04.06",
    "rating": "6",
    "author": "do11****",
    "review_id": "6195938",
    "movie_id": "31760"
  },
  {
    "review": "한명 한명 천천히 착실히... 전형적인 초기 슬래셔 교과서를 따른다.",
    "date": "11.08.07",
    "rating": "6",
    "author": "muz1****",
    "review_id": "5616812",
    "movie_id": "31760"
  },
  {
    "review": "볼만은 하지만 스릴도 공포도 없다; 킬링타임용",
    "date": "11.03.17",
    "rating": "6",
    "author": "amed****",
    "review_id": "5318978",
    "movie_id": "31760"
  },
  {
    "review": "남자 주인공이 버피와 뱀파이어, 본즈에 나오시던 분이군요 ㅎㅎ",
    "date": "10.05.26",
    "rating": "10",
    "author": "sant****",
    "review_id": "4525898",
    "movie_id": "31760"
  },
  {
    "review": "난 정말 재밌게 봤는데, 예쁜 여배우들 총집합에 스토리도 괜찮았고",
    "date": "10.03.26",
    "rating": "10",
    "author": "cjsr****",
    "review_id": "4388808",
    "movie_id": "31760"
  },
  {
    "review": "흥미진진 솔직히 대충 예상은 가능했지만 볼만 했어요.",
    "date": "10.03.17",
    "rating": "10",
    "author": "real****",
    "review_id": "4362960",
    "movie_id": "31760"
  },
  {
    "review": "시간때우기용우로는 최고 나머진 그닥!~~",
    "date": "10.03.17",
    "rating": "5",
    "author": "woor****",
    "review_id": "4362653",
    "movie_id": "31760"
  },
  {
    "review": "시간 죽이기에도 벅차!",
    "date": "10.01.04",
    "rating": "4",
    "author": "cube****",
    "review_id": "4128553",
    "movie_id": "31760"
  },
  {
    "review": "습관적으로 코피흘리는 악당의 모습을 그린작품~~~~~~",
    "date": "09.11.25",
    "rating": "4",
    "author": "fnsk****",
    "review_id": "3989072",
    "movie_id": "31760"
  },
  {
    "review": "왤케 평점이 낮지..재밌게 본 영화 중 하나인데.",
    "date": "09.10.31",
    "rating": "10",
    "author": "didi****",
    "review_id": "3926227",
    "movie_id": "31760"
  },
  {
    "review": "왜 기본은 별 한개인거야?",
    "date": "09.07.21",
    "rating": "1",
    "author": "hyeo****",
    "review_id": "3654871",
    "movie_id": "31760"
  },
  {
    "review": "평균 호러.. 미녀들로 눈요기 그러나 뭔가 허접... 코피로 진범 드러나?",
    "date": "09.06.09",
    "rating": "2",
    "author": "sykm****",
    "review_id": "3554839",
    "movie_id": "31760"
  },
  {
    "review": "무개념 영화.",
    "date": "09.05.17",
    "rating": "4",
    "author": "dlwo****",
    "review_id": "3502194",
    "movie_id": "31760"
  },
  {
    "review": "데이빗때문에 눈이 즐거웠음..",
    "date": "09.03.02",
    "rating": "10",
    "author": "rlat****",
    "review_id": "3343991",
    "movie_id": "31760"
  },
  {
    "review": "너무나 정직한 호러물.. 그래서 문제다..",
    "date": "09.02.16",
    "rating": "5",
    "author": "blue****",
    "review_id": "3306745",
    "movie_id": "31760"
  },
  {
    "review": "2001년에 봤을땐 흥미진진 무서웠다. 지금다시 본다면? 장담못함ㄲㄲㄲ",
    "date": "08.08.27",
    "rating": "7",
    "author": "mali****",
    "review_id": "2905687",
    "movie_id": "31760"
  },
  {
    "review": "혼자 불꺼놓고봐도 안무서운 영화 연영과학생들 과제용 같은 영화",
    "date": "08.07.12",
    "rating": "1",
    "author": "jude****",
    "review_id": "2756046",
    "movie_id": "31760"
  },
  {
    "review": "더운데 tv로 나름 볼만했던",
    "date": "08.07.11",
    "rating": "7",
    "author": "tico****",
    "review_id": "2754315",
    "movie_id": "31760"
  },
  {
    "review": "중반은 코미디인줄 알았다..그래도 후반 반전이 좋았다",
    "date": "08.04.20",
    "rating": "10",
    "author": "skrt****",
    "review_id": "2590592",
    "movie_id": "31760"
  },
  {
    "review": "걍 데니스 리차드 몸매 감상의 시간을 갖는 의미정도...",
    "date": "08.02.26",
    "rating": "6",
    "author": "lift****",
    "review_id": "2485954",
    "movie_id": "31760"
  },
  {
    "review": "공포의 발렌타인데이, B급 공포물 흉내만 내는 어설픈 코미디. .",
    "date": "08.02.26",
    "rating": "2",
    "author": "evil****",
    "review_id": "2484593",
    "movie_id": "31760"
  },
  {
    "review": "볼만한 공포물.. 평점이 지나치게 낫은듯.. 그냥 즐기기에 괞찮았다..",
    "date": "08.02.12",
    "rating": "7",
    "author": "pola****",
    "review_id": "2438392",
    "movie_id": "31760"
  },
  {
    "review": "이리저리 늘어놓고 설명은 안해주고.... 어이없음",
    "date": "08.02.01",
    "rating": "1",
    "author": "dbap****",
    "review_id": "2395335",
    "movie_id": "31760"
  },
  {
    "review": "그냥 아무 생각 없이 심심할때 보면 괜찮은 영화 이게 정답인듯.",
    "date": "08.02.01",
    "rating": "8",
    "author": "pate****",
    "review_id": "2393964",
    "movie_id": "31760"
  },
  {
    "review": "난 엄마가 더 무서워",
    "date": "08.02.01",
    "rating": "1",
    "author": "o_o1****",
    "review_id": "2393922",
    "movie_id": "31760"
  },
  {
    "review": "자 이제 공포를 보여줘",
    "date": "08.01.31",
    "rating": "2",
    "author": "nala****",
    "review_id": "2393025",
    "movie_id": "31760"
  },
  {
    "review": "이러지마 제발...",
    "date": "08.01.31",
    "rating": "3",
    "author": "mirk****",
    "review_id": "2392892",
    "movie_id": "31760"
  },
  {
    "review": "재밌는데,...반전도 있고,.,,,볼만한  공포영화...",
    "date": "07.12.19",
    "rating": "8",
    "author": "jihh****",
    "review_id": "2246543",
    "movie_id": "31760"
  },
  {
    "review": "오래되서 기억이 잘 안나지만, 데니스리차드나와서 좋았다",
    "date": "07.11.25",
    "rating": "6",
    "author": "pksj****",
    "review_id": "2181650",
    "movie_id": "31760"
  },
  {
    "review": "여자친구없이 보내는 2월14일이 더 무섭다",
    "date": "07.11.14",
    "rating": "2",
    "author": "ques****",
    "review_id": "2151151",
    "movie_id": "31760"
  },
  {
    "review": "혼자있는 새벽에 불 모두끄고 봐야 그나마 공포영화구나 라고 느끼는정도?",
    "date": "07.09.23",
    "rating": "3",
    "author": "nikk****",
    "review_id": "2040080",
    "movie_id": "31760"
  },
  {
    "review": "이런 건 비웃으면서 보는 허접영화다. 아주 약간의 오락성은 인정.",
    "date": "07.09.16",
    "rating": "2",
    "author": "comb****",
    "review_id": "2025713",
    "movie_id": "31760"
  },
  {
    "review": "완전스포일러에 간추리지만 않았다면괜찮았을법한영화.반전이그나마",
    "date": "07.09.16",
    "rating": "7",
    "author": "days****",
    "review_id": "2023549",
    "movie_id": "31760"
  },
  {
    "review": "별로다 쩝..",
    "date": "07.09.16",
    "rating": "6",
    "author": "rlaw****",
    "review_id": "2023337",
    "movie_id": "31760"
  },
  {
    "review": "\"설마..그렇게 되진 않겠지..\" 생각한다면.. 꼭 그렇게 됩니다.",
    "date": "07.08.26",
    "rating": "3",
    "author": "skek****",
    "review_id": "1979460",
    "movie_id": "31760"
  },
  {
    "review": "가면이 인상적이다",
    "date": "07.08.03",
    "rating": "7",
    "author": "nana****",
    "review_id": "1857264",
    "movie_id": "31760"
  },
  {
    "review": "스크림 아류작",
    "date": "07.07.22",
    "rating": "5",
    "author": "7bx2****",
    "review_id": "1798384",
    "movie_id": "31760"
  },
  {
    "review": "공포영화 마니아지만.. 정말 최악이었음..",
    "date": "07.07.15",
    "rating": "1",
    "author": "crew****",
    "review_id": "1776169",
    "movie_id": "31760"
  },
  {
    "review": "1년 전 쯤 봤는데 기억이 안 나네... 그저그런 캠퍼스살인마 이야기",
    "date": "07.06.25",
    "rating": "5",
    "author": "teo0****",
    "review_id": "1720414",
    "movie_id": "31760"
  },
  {
    "review": "헐리우드는 하나도 새로울 것 없는 영화에 투자좀 안했으면",
    "date": "07.04.16",
    "rating": "3",
    "author": "ghdl****",
    "review_id": "1591828",
    "movie_id": "31760"
  },
  {
    "review": "참신한 면은 눈꼽만큼도 없다.",
    "date": "07.04.06",
    "rating": "6",
    "author": "seun****",
    "review_id": "1574286",
    "movie_id": "31760"
  },
  {
    "review": "남친을조심하라 ㅋ 대략어이없어",
    "date": "07.04.05",
    "rating": "3",
    "author": "2608****",
    "review_id": "1573398",
    "movie_id": "31760"
  },
  {
    "review": "평범한 공포영화",
    "date": "07.02.19",
    "rating": "3",
    "author": "llex****",
    "review_id": "1484079",
    "movie_id": "31760"
  },
  {
    "review": "스릴도있고 재미도있고 나름재미있는 영화",
    "date": "07.02.12",
    "rating": "4",
    "author": "arlo****",
    "review_id": "1465669",
    "movie_id": "31760"
  },
  {
    "review": "아무생각없이볼만한영화",
    "date": "07.02.12",
    "rating": "7",
    "author": "rhcs****",
    "review_id": "1465640",
    "movie_id": "31760"
  },
  {
    "review": "남자혼자서저렇게많이죽인다는게불가능해",
    "date": "07.02.12",
    "rating": "1",
    "author": "coco****",
    "review_id": "1465333",
    "movie_id": "31760"
  },
  {
    "review": "왕초보용 공포영화 -_-;  보고 후회 범인도 금방 맞춤",
    "date": "07.02.12",
    "rating": "1",
    "author": "baba****",
    "review_id": "1464855",
    "movie_id": "31760"
  },
  {
    "review": "07.2.12.月 나름 교훈은 많았으나, 많은 복선들은 아킬레스건!",
    "date": "07.02.12",
    "rating": "7",
    "author": "kimb****",
    "review_id": "1464450",
    "movie_id": "31760"
  },
  {
    "review": "그냥 볼만했음",
    "date": "07.02.12",
    "rating": "7",
    "author": "inyo****",
    "review_id": "1464429",
    "movie_id": "31760"
  },
  {
    "review": "쓰레기 ;;",
    "date": "07.02.12",
    "rating": "1",
    "author": "hope****",
    "review_id": "1464425",
    "movie_id": "31760"
  },
  {
    "review": "재밌다",
    "date": "07.02.11",
    "rating": "10",
    "author": "tjrw****",
    "review_id": "1463827",
    "movie_id": "31760"
  },
  {
    "review": "닥터 이지때문에 봤따 -ㅅ-ㅋ",
    "date": "06.12.28",
    "rating": "6",
    "author": "form****",
    "review_id": "1337524",
    "movie_id": "31760"
  },
  {
    "review": "소재는 참신하지만 보면 참 단순.",
    "date": "06.12.03",
    "rating": "6",
    "author": "soat****",
    "review_id": "1266059",
    "movie_id": "31760"
  },
  {
    "review": "전혀 긴장감 없는 영화",
    "date": "06.12.01",
    "rating": "2",
    "author": "mou4****",
    "review_id": "1261923",
    "movie_id": "31760"
  },
  {
    "review": "그냥",
    "date": "06.08.04",
    "rating": "6",
    "author": "zeed****",
    "review_id": "967823",
    "movie_id": "31760"
  },
  {
    "review": "볼만한 청춘 호러물",
    "date": "06.07.07",
    "rating": "8",
    "author": "sbrl****",
    "review_id": "874741",
    "movie_id": "31760"
  },
  {
    "review": "참 그만좀 만들어!!!",
    "date": "05.12.25",
    "rating": "3",
    "author": "kws7****",
    "review_id": "527392",
    "movie_id": "31760"
  },
  {
    "review": "슬래셔 영화의 공식이 뚜렷하지만, 느낌은 다르다.",
    "date": "05.11.18",
    "rating": "10",
    "author": "jule****",
    "review_id": "477790",
    "movie_id": "31760"
  },
  {
    "review": "그냥...볼만해따!",
    "date": "05.08.26",
    "rating": "6",
    "author": "23sk****",
    "review_id": "384278",
    "movie_id": "31760"
  },
  {
    "review": "볼만했음",
    "date": "05.08.07",
    "rating": "6",
    "author": "itss****",
    "review_id": "356161",
    "movie_id": "31760"
  },
  {
    "review": "끝이 싱겁게 끝나는..",
    "date": "05.07.20",
    "rating": "6",
    "author": "marr****",
    "review_id": "328317",
    "movie_id": "31760"
  },
  {
    "review": "마리쉘튼너무이뻐 ^-^ 만점~",
    "date": "05.07.13",
    "rating": "10",
    "author": "ceme****",
    "review_id": "320863",
    "movie_id": "31760"
  },
  {
    "review": "헐리우드 전용 공포영화.. 범인? 시작하자마자 암..",
    "date": "05.07.03",
    "rating": "4",
    "author": "urkn****",
    "review_id": "311423",
    "movie_id": "31760"
  },
  {
    "review": "..",
    "date": "05.06.15",
    "rating": "7",
    "author": "ajar****",
    "review_id": "299986",
    "movie_id": "31760"
  },
  {
    "review": "포스터만 무섭구만.",
    "date": "05.04.23",
    "rating": "8",
    "author": "avri****",
    "review_id": "264656",
    "movie_id": "31760"
  },
  {
    "review": "기냥 킬링타임용....",
    "date": "05.03.20",
    "rating": "6",
    "author": "choi****",
    "review_id": "244235",
    "movie_id": "31760"
  },
  {
    "review": "공포영화가 가져야할 가장 중요한 것이 없다.",
    "date": "05.02.02",
    "rating": "5",
    "author": "sasi****",
    "review_id": "204826",
    "movie_id": "31760"
  },
  {
    "review": "옛날에 재밌게 봤음... 다리미로 사람죽이는거 멋잇음...ㅋ",
    "date": "05.01.21",
    "rating": "9",
    "author": "head****",
    "review_id": "191407",
    "movie_id": "31760"
  },
  {
    "review": "반전이고 뭐고 떠나서 영화자체가 함량미달..",
    "date": "05.01.06",
    "rating": "2",
    "author": "thin****",
    "review_id": "178561",
    "movie_id": "31760"
  },
  {
    "review": "무색, 무취, 무미, 무향의 재미 없고, 따분한 연쇄 살인극...",
    "date": "04.12.15",
    "rating": "3",
    "author": "trot****",
    "review_id": "162656",
    "movie_id": "31760"
  },
  {
    "review": "이 영화의 마지막 반전..케이트(금발 인형같이생긴애)의 남친이 범인이었다",
    "date": "04.07.08",
    "rating": "10",
    "author": "ayng****",
    "review_id": "66982",
    "movie_id": "31760"
  },
  {
    "review": "조아조아 이뻐이뻐~~",
    "date": "04.04.24",
    "rating": "10",
    "author": "amad****",
    "review_id": "38857",
    "movie_id": "31760"
  },
  {
    "review": "재밋음!",
    "date": "04.02.15",
    "rating": "7",
    "author": "yell****",
    "review_id": "20565",
    "movie_id": "31760"
  },
  {
    "review": "정말 재미있어요",
    "date": "04.02.06",
    "rating": "10",
    "author": "sell****",
    "review_id": "16712",
    "movie_id": "31760"
  }
]