[
  {
    "review": "로맨틱코미디에서 기대를했을때 만족할수 있을만한 것",
    "date": "13.09.07",
    "rating": "7",
    "author": "jjcv****",
    "review_id": "7956404",
    "movie_id": "31761"
  },
  {
    "review": "유치하고 장난스러운 각본과 연출.",
    "date": "13.09.06",
    "rating": "5",
    "author": "wlfa****",
    "review_id": "7953788",
    "movie_id": "31761"
  },
  {
    "review": "깜찍한스토리!",
    "date": "12.01.15",
    "rating": "8",
    "author": "neat****",
    "review_id": "5986996",
    "movie_id": "31761"
  },
  {
    "review": "뻔하면서도 그렇다고 너무뻔하지는않은, 제이크길렌할 닮은 남주인공과 훈남 감독~",
    "date": "10.04.22",
    "rating": "7",
    "author": "gkag****",
    "review_id": "4447760",
    "movie_id": "31761"
  },
  {
    "review": "본인은 이 영화에 대해 기대이상이라는 반응을 나타내었다",
    "date": "10.03.01",
    "rating": "6",
    "author": "spar****",
    "review_id": "4327303",
    "movie_id": "31761"
  },
  {
    "review": "재밌구만ㅋㅋ 그리고 프레디 존나 훈훈하네 ㅋㅋㅋ",
    "date": "09.12.11",
    "rating": "10",
    "author": "qmam****",
    "review_id": "4034406",
    "movie_id": "31761"
  },
  {
    "review": "오버까진 괜찮은데 억지는 도저히 못 봐주겠다...ㅠ",
    "date": "09.10.16",
    "rating": "3",
    "author": "expr****",
    "review_id": "3896219",
    "movie_id": "31761"
  },
  {
    "review": "프레디프린즈주니어가 이렇게 멋있었나..? 모델로 나오는 4명 여자 대빵 웃겨.. ㅋㅋ",
    "date": "09.06.06",
    "rating": "10",
    "author": "kjle****",
    "review_id": "3547791",
    "movie_id": "31761"
  },
  {
    "review": "상당히 신선한 소재의 영화였다. 마무리의짜깁기만뺸다면",
    "date": "09.02.17",
    "rating": "8",
    "author": "kyh_****",
    "review_id": "3312084",
    "movie_id": "31761"
  },
  {
    "review": "이히, 이런 코드 너무 좋은걸요^^",
    "date": "09.02.17",
    "rating": "7",
    "author": "ysrp****",
    "review_id": "3310928",
    "movie_id": "31761"
  },
  {
    "review": "유치ㅋㅋㅋ 이런 내용일 줄은 ... 심하게 가볍다",
    "date": "09.02.03",
    "rating": "3",
    "author": "gkdi****",
    "review_id": "3274306",
    "movie_id": "31761"
  },
  {
    "review": "스토리도 좋고, 배우들도 멋있고 재밌음...ㅎ",
    "date": "08.09.15",
    "rating": "8",
    "author": "dhfb****",
    "review_id": "2945814",
    "movie_id": "31761"
  },
  {
    "review": "너무너무 유쾌한 영화~ 내 스타일이야~~",
    "date": "08.08.15",
    "rating": "10",
    "author": "popo****",
    "review_id": "2872249",
    "movie_id": "31761"
  },
  {
    "review": "멜로와 코미디, 스릴러를 적절히 버무린 재밌는 크로스오버 형식의 영화 ^^*",
    "date": "08.08.07",
    "rating": "10",
    "author": "unde****",
    "review_id": "2846640",
    "movie_id": "31761"
  },
  {
    "review": "로맨틱 코미디 정말좋아하는데 이 영화는 재미때가리 없음",
    "date": "08.07.08",
    "rating": "1",
    "author": "jush****",
    "review_id": "2748877",
    "movie_id": "31761"
  },
  {
    "review": "넘 귀여운영화예요! 엉뚱하고 즐거운 로맨틱 코미디!",
    "date": "08.05.07",
    "rating": "10",
    "author": "nara****",
    "review_id": "2623563",
    "movie_id": "31761"
  },
  {
    "review": "가벼운 영화...그럭저럭 볼만함",
    "date": "08.05.02",
    "rating": "6",
    "author": "kkae****",
    "review_id": "2610317",
    "movie_id": "31761"
  },
  {
    "review": "남자주인공 귀여워~",
    "date": "08.03.22",
    "rating": "10",
    "author": "xzd9****",
    "review_id": "2535492",
    "movie_id": "31761"
  },
  {
    "review": "갑자기 범죄액션으로 장르 바꿔치기 하네. 그래도 볼 만하더라.",
    "date": "08.02.26",
    "rating": "6",
    "author": "uds0****",
    "review_id": "2486203",
    "movie_id": "31761"
  },
  {
    "review": "재미는 드럽게 없지만, 여주인공은 이쁘네..",
    "date": "08.01.28",
    "rating": "6",
    "author": "pksj****",
    "review_id": "2381405",
    "movie_id": "31761"
  },
  {
    "review": "로맨틱보단 코믹이 더 강하고 시간 잘간다.. 화장실유머도 웃기고",
    "date": "08.01.28",
    "rating": "9",
    "author": "sint****",
    "review_id": "2378228",
    "movie_id": "31761"
  },
  {
    "review": "주연, 조연 할것없이 연기력 킹왕짱 !",
    "date": "08.01.07",
    "rating": "10",
    "author": "dami****",
    "review_id": "2306827",
    "movie_id": "31761"
  },
  {
    "review": "정말 재미있고 유쾌한영화였어요. 남자주인공 멋있어",
    "date": "08.01.05",
    "rating": "10",
    "author": "b209****",
    "review_id": "2300429",
    "movie_id": "31761"
  },
  {
    "review": "유쾌하게 시간보내기 딱 적당한 영화. 괜찮았당ㅋㅋ",
    "date": "07.12.29",
    "rating": "8",
    "author": "crue****",
    "review_id": "2279185",
    "movie_id": "31761"
  },
  {
    "review": "그냥 바보 같으면서도 일상적일 수 있는 ... 코믹~! 로맨틱 코메디라고 해두죠..",
    "date": "07.12.29",
    "rating": "10",
    "author": "cse4****",
    "review_id": "2277860",
    "movie_id": "31761"
  },
  {
    "review": "그냥 킬링타임으로 적절하다",
    "date": "07.12.16",
    "rating": "6",
    "author": "jooi****",
    "review_id": "2235661",
    "movie_id": "31761"
  },
  {
    "review": "앞부분은못봤음 아쉽당 ㅠ.ㅠ",
    "date": "07.11.18",
    "rating": "10",
    "author": "sygl****",
    "review_id": "2160866",
    "movie_id": "31761"
  },
  {
    "review": "최근에 접한 영화들중에 가장 멍청했던 영화",
    "date": "07.11.18",
    "rating": "1",
    "author": "stra****",
    "review_id": "2160787",
    "movie_id": "31761"
  },
  {
    "review": "가볍게 볼 만한 영화",
    "date": "07.11.11",
    "rating": "7",
    "author": "hyun****",
    "review_id": "2146125",
    "movie_id": "31761"
  },
  {
    "review": "좀 억지가 있지만 모델들이 재밌음",
    "date": "07.10.30",
    "rating": "8",
    "author": "fink****",
    "review_id": "2122498",
    "movie_id": "31761"
  },
  {
    "review": "잼있음 남자주인공귀여버",
    "date": "07.10.29",
    "rating": "9",
    "author": "bsy3****",
    "review_id": "2119780",
    "movie_id": "31761"
  },
  {
    "review": "뒷부분이 뜬금없긴하지만 ㅋㅋㅋ",
    "date": "07.10.17",
    "rating": "8",
    "author": "cafe****",
    "review_id": "2095334",
    "movie_id": "31761"
  },
  {
    "review": "키링타임으로도 좋다  전형적이 로맨틱 코매디",
    "date": "07.10.17",
    "rating": "10",
    "author": "even****",
    "review_id": "2095131",
    "movie_id": "31761"
  },
  {
    "review": "으아 친구들너무웃기다 ㅋㅋㅋㅋ남자도잘생기고 재밋다+_+",
    "date": "07.10.17",
    "rating": "10",
    "author": "rntw****",
    "review_id": "2094835",
    "movie_id": "31761"
  },
  {
    "review": "정말 귀여운 이야기가 딱 맞는말^^ 남자여자주인공 다 멋지다",
    "date": "07.09.25",
    "rating": "10",
    "author": "poro****",
    "review_id": "2046682",
    "movie_id": "31761"
  },
  {
    "review": "귀여운 이야기♥",
    "date": "07.09.18",
    "rating": "10",
    "author": "dabi****",
    "review_id": "2028167",
    "movie_id": "31761"
  },
  {
    "review": "가슴따뜻해지는 영화. 남자주인공멋지다 ㅋㅋ",
    "date": "07.09.16",
    "rating": "7",
    "author": "days****",
    "review_id": "2025030",
    "movie_id": "31761"
  },
  {
    "review": "그렇고 그런 로맨틱 코미디... 원래 이장르가 대부분 무난...",
    "date": "07.08.23",
    "rating": "6",
    "author": "sinb****",
    "review_id": "1970471",
    "movie_id": "31761"
  },
  {
    "review": "여주인공 성격이 너무 짜증남ㅋㅋ 보면서 짜증ㅋㅋㅋ",
    "date": "07.08.20",
    "rating": "4",
    "author": "dhfp****",
    "review_id": "1963428",
    "movie_id": "31761"
  },
  {
    "review": "나에게많은웃음과행복을준영화.사랑스런 친구들과 직업,사랑까지.아만다가 부럽다..",
    "date": "07.08.05",
    "rating": "10",
    "author": "yong****",
    "review_id": "1884244",
    "movie_id": "31761"
  },
  {
    "review": "구냥 웃으면서 본 영화. 가끔 억지로 웃은 적도..",
    "date": "07.07.29",
    "rating": "6",
    "author": "9dod****",
    "review_id": "1824011",
    "movie_id": "31761"
  },
  {
    "review": "ㅡ.ㅡ;; 차라리  우디알랜의 스쿠프를 보겠어",
    "date": "07.07.26",
    "rating": "5",
    "author": "jand****",
    "review_id": "1809978",
    "movie_id": "31761"
  },
  {
    "review": "너무 재미있다...",
    "date": "07.07.21",
    "rating": "10",
    "author": "mj30****",
    "review_id": "1796761",
    "movie_id": "31761"
  },
  {
    "review": "재미있는 장면들도 많았지만 전체적으로는 유치한편이었다",
    "date": "07.07.21",
    "rating": "6",
    "author": "nala****",
    "review_id": "1796716",
    "movie_id": "31761"
  },
  {
    "review": "정말 재미있었다! 남자주인공 여자주인공 정말 좋다!",
    "date": "07.07.16",
    "rating": "10",
    "author": "dmal****",
    "review_id": "1780003",
    "movie_id": "31761"
  },
  {
    "review": "그냥 뭐 심심풀이 정도? 엉성하다 참..",
    "date": "07.07.15",
    "rating": "6",
    "author": "ddon****",
    "review_id": "1776444",
    "movie_id": "31761"
  },
  {
    "review": "대체로 좋았는데... 역겨운 두 장면, 꼭 필요했을까?",
    "date": "07.06.20",
    "rating": "7",
    "author": "caca****",
    "review_id": "1711593",
    "movie_id": "31761"
  },
  {
    "review": "난 엄청 재밌게 봤는데.....~!!",
    "date": "07.01.30",
    "rating": "9",
    "author": "whit****",
    "review_id": "1425906",
    "movie_id": "31761"
  },
  {
    "review": "재밌다 ㅋㅋ 나름반전도있고 여주인공매력있음ㅋㅋㅋ",
    "date": "07.01.29",
    "rating": "9",
    "author": "zinn****",
    "review_id": "1424984",
    "movie_id": "31761"
  },
  {
    "review": "이렇게 어설픈 영화는 처음본다",
    "date": "07.01.23",
    "rating": "1",
    "author": "okjo****",
    "review_id": "1407579",
    "movie_id": "31761"
  },
  {
    "review": "그래.",
    "date": "07.01.19",
    "rating": "7",
    "author": "scs0****",
    "review_id": "1396890",
    "movie_id": "31761"
  },
  {
    "review": "잼있네요~ 남자은근히멋짐..",
    "date": "06.12.30",
    "rating": "10",
    "author": "pooh****",
    "review_id": "1343183",
    "movie_id": "31761"
  },
  {
    "review": "은근 스릴러 ㅋㅋ 남여주인공 이쁘고 잘 어울려서 재미납니다",
    "date": "06.12.26",
    "rating": "9",
    "author": "2001****",
    "review_id": "1329199",
    "movie_id": "31761"
  },
  {
    "review": "완전 빠져듬~! 지루하지 않고재미있다",
    "date": "06.11.25",
    "rating": "10",
    "author": "nass****",
    "review_id": "1249610",
    "movie_id": "31761"
  },
  {
    "review": "성적농담이 거북할정도로 많고 끝으로 갈수록 내용이 삼류..",
    "date": "06.11.17",
    "rating": "1",
    "author": "havr****",
    "review_id": "1236633",
    "movie_id": "31761"
  },
  {
    "review": "디게 재밌게 봤어용 ㅎㅎ",
    "date": "06.09.04",
    "rating": "9",
    "author": "pure****",
    "review_id": "1101374",
    "movie_id": "31761"
  },
  {
    "review": "이런 로맨틱 코메디는 언제나 환영하지요",
    "date": "06.09.03",
    "rating": "8",
    "author": "don0****",
    "review_id": "1098128",
    "movie_id": "31761"
  },
  {
    "review": "재밌어",
    "date": "06.08.05",
    "rating": "10",
    "author": "doro****",
    "review_id": "972047",
    "movie_id": "31761"
  },
  {
    "review": "재밌어요^^* 프레디 정말 멋져요~ㅎ",
    "date": "06.07.29",
    "rating": "8",
    "author": "owo9****",
    "review_id": "940409",
    "movie_id": "31761"
  },
  {
    "review": "삼류 로멘스물 항상 FBI가 나오지",
    "date": "06.07.26",
    "rating": "3",
    "author": "cool****",
    "review_id": "923279",
    "movie_id": "31761"
  },
  {
    "review": "여주인공은 맘에 드는데.. 영화스토리는 왜 이래..",
    "date": "06.06.12",
    "rating": "4",
    "author": "lshp****",
    "review_id": "842295",
    "movie_id": "31761"
  },
  {
    "review": "예전에 학원에서 봣는데 사람들과 넘 재밌게 봤어요~^^",
    "date": "06.06.11",
    "rating": "10",
    "author": "park****",
    "review_id": "839738",
    "movie_id": "31761"
  },
  {
    "review": "프레디프린즈주니어*-* 너무 멋져요..영화는 사실 7점정도?",
    "date": "06.05.18",
    "rating": "9",
    "author": "bini****",
    "review_id": "805199",
    "movie_id": "31761"
  },
  {
    "review": "너무 행복해서 하마터면 XXX칠 뻔 했다.",
    "date": "06.05.03",
    "rating": "5",
    "author": "scal****",
    "review_id": "784617",
    "movie_id": "31761"
  },
  {
    "review": "여자 주인공이 보스턴리걸 나오는 여자넹...",
    "date": "06.05.03",
    "rating": "8",
    "author": "chin****",
    "review_id": "784462",
    "movie_id": "31761"
  },
  {
    "review": "케이블에서 이제야봤는데.. 아 정말 스트레스 다 날라가써요ㅋ",
    "date": "06.05.03",
    "rating": "9",
    "author": "doku****",
    "review_id": "784460",
    "movie_id": "31761"
  },
  {
    "review": "반전 좋네요.ㅋㅋ 근데 미국은 틈만나면 FBI!!!!",
    "date": "06.02.12",
    "rating": "10",
    "author": "cosv****",
    "review_id": "663964",
    "movie_id": "31761"
  },
  {
    "review": "반전이있는로맨틱코미디~재밌다.프레디프린즈주니어도멋있고.",
    "date": "06.01.07",
    "rating": "8",
    "author": "mylu****",
    "review_id": "566563",
    "movie_id": "31761"
  },
  {
    "review": "볼만함",
    "date": "06.01.03",
    "rating": "7",
    "author": "cjon****",
    "review_id": "555239",
    "movie_id": "31761"
  },
  {
    "review": "진심으로 재밌다",
    "date": "06.01.02",
    "rating": "8",
    "author": "real****",
    "review_id": "554015",
    "movie_id": "31761"
  },
  {
    "review": "솔직히 처음에는 좀 지루했다 ㅋㅋㅋ 근데 갈수록 재밌음!!",
    "date": "05.12.28",
    "rating": "9",
    "author": "cjst****",
    "review_id": "534605",
    "movie_id": "31761"
  },
  {
    "review": "되게 재밌는데요. 평점이 넘낮아요~",
    "date": "05.12.25",
    "rating": "9",
    "author": "hisi****",
    "review_id": "528380",
    "movie_id": "31761"
  },
  {
    "review": "재밌따~정말정말정말~~",
    "date": "05.12.21",
    "rating": "10",
    "author": "1295****",
    "review_id": "517925",
    "movie_id": "31761"
  },
  {
    "review": "뻔한 스토리지만 재밌음ㅋㅋㅋ",
    "date": "05.11.25",
    "rating": "9",
    "author": "autn****",
    "review_id": "484489",
    "movie_id": "31761"
  },
  {
    "review": "나름대로 괜찮았다 ㅋㅋ",
    "date": "05.11.07",
    "rating": "8",
    "author": "lgaf****",
    "review_id": "467746",
    "movie_id": "31761"
  },
  {
    "review": "아..ㅋㅋㅋ 먼가 어쩡쩡한데도 재미남 ㅋㅋㅋㅋ 타임킬링용",
    "date": "05.09.04",
    "rating": "8",
    "author": "dooy****",
    "review_id": "393478",
    "movie_id": "31761"
  },
  {
    "review": "ㅋㅋ 재밌네 좋아~~굿~~ㅋㅋ",
    "date": "05.08.25",
    "rating": "10",
    "author": "lsh0****",
    "review_id": "383544",
    "movie_id": "31761"
  },
  {
    "review": "이정도면 괜찮은 로맨틱코미디아닌가? 프레디는 여전히매력쟁이",
    "date": "05.08.12",
    "rating": "8",
    "author": "jack****",
    "review_id": "363697",
    "movie_id": "31761"
  },
  {
    "review": "전형적인 로맨틱 코미디. 프레디 멋지다.",
    "date": "05.08.09",
    "rating": "9",
    "author": "roug****",
    "review_id": "358706",
    "movie_id": "31761"
  },
  {
    "review": "프레디만 볼만했음.영화는 중간에 끄고 싶은거 억지로 봤음",
    "date": "05.07.24",
    "rating": "2",
    "author": "shvl****",
    "review_id": "332066",
    "movie_id": "31761"
  },
  {
    "review": "멋진 코미디물 후회는 있을수 없다 단순/행복감을 주는 영화",
    "date": "05.04.07",
    "rating": "9",
    "author": "malo****",
    "review_id": "255443",
    "movie_id": "31761"
  },
  {
    "review": "나름대로 재밌게봤다. 별로 지루하지 않던데...^^",
    "date": "05.04.01",
    "rating": "8",
    "author": "mina****",
    "review_id": "251096",
    "movie_id": "31761"
  },
  {
    "review": "ㅋㅋ 기대안하고 보면 의외의 재미가 쏠쏠~",
    "date": "05.03.02",
    "rating": "7",
    "author": "doji****",
    "review_id": "234237",
    "movie_id": "31761"
  },
  {
    "review": "저 남잔데 매우 재밌게 봤습니다. 이쁜 영화",
    "date": "05.02.28",
    "rating": "10",
    "author": "yang****",
    "review_id": "232462",
    "movie_id": "31761"
  },
  {
    "review": "정신없는 모델들....ㅎㅎ",
    "date": "05.02.22",
    "rating": "5",
    "author": "seag****",
    "review_id": "227096",
    "movie_id": "31761"
  },
  {
    "review": "남자들은 절대 보지 마세요. 여성용 영화.. 남자에겐 최악...",
    "date": "05.02.05",
    "rating": "1",
    "author": "kdia****",
    "review_id": "209055",
    "movie_id": "31761"
  },
  {
    "review": "지금까지 본영화중에 제일 웃겼음. 특히 화장실씬ㅋ",
    "date": "05.02.05",
    "rating": "8",
    "author": "vlee****",
    "review_id": "208727",
    "movie_id": "31761"
  },
  {
    "review": "정말 강추입니다, 프레디프린즈 명연기 죽입니다 꺄오,",
    "date": "05.01.22",
    "rating": "1",
    "author": "makb****",
    "review_id": "192481",
    "movie_id": "31761"
  },
  {
    "review": "[강추]남자주인공의 귀여운 미소가 인상적..",
    "date": "04.11.10",
    "rating": "8",
    "author": "usun****",
    "review_id": "143226",
    "movie_id": "31761"
  },
  {
    "review": "스토리만 봐서는 뭔가 신나는 분위기지만 영화는 지루..",
    "date": "04.10.31",
    "rating": "5",
    "author": "whyf****",
    "review_id": "135850",
    "movie_id": "31761"
  },
  {
    "review": "재밌어요^^",
    "date": "04.10.29",
    "rating": "9",
    "author": "vum3****",
    "review_id": "134717",
    "movie_id": "31761"
  },
  {
    "review": "좋네요",
    "date": "04.10.13",
    "rating": "8",
    "author": "ball****",
    "review_id": "125244",
    "movie_id": "31761"
  },
  {
    "review": "강추강추 +ㅁ+ 프레디 짱!",
    "date": "04.10.06",
    "rating": "10",
    "author": "wone****",
    "review_id": "120979",
    "movie_id": "31761"
  },
  {
    "review": "It was a nice super duper!!!!",
    "date": "04.09.27",
    "rating": "10",
    "author": "bbly****",
    "review_id": "115239",
    "movie_id": "31761"
  },
  {
    "review": "보구...NOT REMEMBER",
    "date": "04.09.21",
    "rating": "4",
    "author": "kjhg****",
    "review_id": "112288",
    "movie_id": "31761"
  },
  {
    "review": "재밌다. 시간때우기 좋은 영화",
    "date": "04.08.28",
    "rating": "7",
    "author": "yonn****",
    "review_id": "98318",
    "movie_id": "31761"
  },
  {
    "review": "여러분들 이거 안보면 후회!!",
    "date": "04.08.21",
    "rating": "10",
    "author": "gamz****",
    "review_id": "94050",
    "movie_id": "31761"
  },
  {
    "review": "볼건 프레디 하나...",
    "date": "04.07.25",
    "rating": "1",
    "author": "come****",
    "review_id": "76962",
    "movie_id": "31761"
  },
  {
    "review": "내용은 좀 엉성하지만 생각없이보면 그럭저럭 볼만한 영화",
    "date": "04.07.07",
    "rating": "4",
    "author": "amul****",
    "review_id": "66877",
    "movie_id": "31761"
  },
  {
    "review": "도대체 뭐가 재밌다는거요 !!!",
    "date": "04.06.28",
    "rating": "3",
    "author": "redi****",
    "review_id": "61801",
    "movie_id": "31761"
  }
]