[
  {
    "review": "그냥 명작, 막 명작~막이래도 충분한 영화",
    "date": "15.08.21",
    "rating": "10",
    "author": "rose****",
    "review_id": "10257396",
    "movie_id": "31778"
  },
  {
    "review": "전쟁영화 중 가장 명작인듯",
    "date": "15.08.21",
    "rating": "10",
    "author": "kuns****",
    "review_id": "10257160",
    "movie_id": "31778"
  },
  {
    "review": "진짜흥미진진 그자체다",
    "date": "15.08.21",
    "rating": "10",
    "author": "qkek****",
    "review_id": "10257077",
    "movie_id": "31778"
  },
  {
    "review": "진짜 몰입도 최고인 영화",
    "date": "15.08.14",
    "rating": "10",
    "author": "alex****",
    "review_id": "10227487",
    "movie_id": "31778"
  },
  {
    "review": "런 올나잇에서 에드 해리스 보고 다시 보고싶어 서 봤는데, 에드 해리스 형님 나이 많으 드셨네...ㅠㅜ  전쟁영화 중 거의 탑이라고 할만한 영화.",
    "date": "15.08.07",
    "rating": "10",
    "author": "like****",
    "review_id": "10196024",
    "movie_id": "31778"
  },
  {
    "review": "사실적인 배경 연출 연기 긴장감  캐릭간 관계가 좋았음.",
    "date": "15.08.05",
    "rating": "8",
    "author": "dday****",
    "review_id": "10187504",
    "movie_id": "31778"
  },
  {
    "review": "지루하지 않은 스토리 텔링. 스탈린그라드에서 '영웅'이 될 수 밖에 없었고, 결국 '영웅'이 된 바실리의 연대기.",
    "date": "15.08.02",
    "rating": "9",
    "author": "ljk1****",
    "review_id": "10176164",
    "movie_id": "31778"
  },
  {
    "review": "숨막히는 장면들. 명연기.",
    "date": "15.07.24",
    "rating": "10",
    "author": "lsh5****",
    "review_id": "10136344",
    "movie_id": "31778"
  },
  {
    "review": "입 막으면서 떡치는거 ㄹㅇ 개꼴 ㅋㅋ",
    "date": "15.07.11",
    "rating": "10",
    "author": "hugo****",
    "review_id": "10093752",
    "movie_id": "31778"
  },
  {
    "review": "숨 죽이고 보게 되는 명품 전쟁 영화",
    "date": "15.07.05",
    "rating": "8",
    "author": "ropk****",
    "review_id": "10073498",
    "movie_id": "31778"
  },
  {
    "review": "전쟁씬도 마음에 들긴 하지만 전쟁보다도 인간관계에 더욱 촛점을 맞춘듯한 영화.",
    "date": "15.06.07",
    "rating": "8",
    "author": "jiyu****",
    "review_id": "9983497",
    "movie_id": "31778"
  },
  {
    "review": "존내이재밌따재밌어.",
    "date": "15.06.07",
    "rating": "10",
    "author": "stay****",
    "review_id": "9982208",
    "movie_id": "31778"
  },
  {
    "review": "바실리와 타냐의 굳건한 애국심과 군인정신 그리고 정의감이 살아있는 영화 뭔가 열심히 살 의지와 용기를 준다",
    "date": "15.06.06",
    "rating": "9",
    "author": "jhye****",
    "review_id": "9980347",
    "movie_id": "31778"
  },
  {
    "review": "보고 또 봐도 밀려오는 감동과 그 깊이 명작은 볼 수록 진가를 발휘한다.",
    "date": "15.06.06",
    "rating": "10",
    "author": "bubb****",
    "review_id": "9980249",
    "movie_id": "31778"
  },
  {
    "review": "전쟁영웅, 살아남아 모든 것을 가지다. 남자의 로망 그 자체 .. 그 외 조연들도 애잔하고 매력이 넘친다. 이게 대작 아니겠나.",
    "date": "15.06.06",
    "rating": "10",
    "author": "tjdg****",
    "review_id": "9980236",
    "movie_id": "31778"
  },
  {
    "review": "말이 필요 없는 최고의 걸작",
    "date": "15.06.06",
    "rating": "10",
    "author": "hcqn****",
    "review_id": "9979994",
    "movie_id": "31778"
  },
  {
    "review": "최고 의 전쟁영화다!!!",
    "date": "15.05.22",
    "rating": "10",
    "author": "lims****",
    "review_id": "9938957",
    "movie_id": "31778"
  },
  {
    "review": "중학교때 충격적이였던 베드(?)신.. 옆의 병사들이 깨지 않는다는 미스테리...",
    "date": "15.05.19",
    "rating": "7",
    "author": "chba****",
    "review_id": "9931721",
    "movie_id": "31778"
  },
  {
    "review": "어릴 때 보고 성인이 되서 다시 봤는데 많이 아쉽다. 그동안 2차세계대전을 묵직하게 다룬 다른 영화들을 봐왔기 때문일까. 통속적이다.  전쟁 중에 피어난 사랑 이야기에 가깝다는 생각이다. 전체적인 완성도를 떠나 '스나이퍼' 라는 소재에만 초점을 두면",
    "date": "15.05.19",
    "rating": "7",
    "author": "iya1****",
    "review_id": "9930932",
    "movie_id": "31778"
  },
  {
    "review": "주드로 역시 넘 잘생겼어. 레이첼 와이즈도 이쁘고.. 연기도 굿.스나이퍼영화이면서 전쟁의 참혹함을 잘 보여줬다.",
    "date": "15.04.13",
    "rating": "8",
    "author": "rktn****",
    "review_id": "9843456",
    "movie_id": "31778"
  },
  {
    "review": "고딩때 보고 8년이 지나서 한번 더 봤는데도 감동과 전율이 여전하네..진짜 대박",
    "date": "15.04.04",
    "rating": "10",
    "author": "chan****",
    "review_id": "9825820",
    "movie_id": "31778"
  },
  {
    "review": "최고임!!! 더이상 말이 필요없는 영화!",
    "date": "15.03.24",
    "rating": "10",
    "author": "lhi7****",
    "review_id": "9804051",
    "movie_id": "31778"
  },
  {
    "review": "이 영화를 계기로 군영화에 대한 편견을 바꾸었다.굉장히 몰입도 있게 봤다.",
    "date": "15.03.22",
    "rating": "10",
    "author": "sjh4****",
    "review_id": "9798433",
    "movie_id": "31778"
  },
  {
    "review": "말이 필요없다. 최고!!",
    "date": "15.03.14",
    "rating": "10",
    "author": "timw****",
    "review_id": "9782071",
    "movie_id": "31778"
  },
  {
    "review": "포스터 디자인이 너무 마음에 듦",
    "date": "15.02.28",
    "rating": "10",
    "author": "croa****",
    "review_id": "9746272",
    "movie_id": "31778"
  },
  {
    "review": "첨엔  조금 지루했는데~~ 보면볼수록 재미있어요 ^^강추강추 ^^",
    "date": "15.02.22",
    "rating": "10",
    "author": "club****",
    "review_id": "9728711",
    "movie_id": "31778"
  },
  {
    "review": "한 다섯번은 본 영화 같다. 그만큼 재미있다.",
    "date": "15.02.14",
    "rating": "10",
    "author": "kura****",
    "review_id": "9696714",
    "movie_id": "31778"
  },
  {
    "review": "와... 이런 대작이...",
    "date": "15.02.13",
    "rating": "10",
    "author": "newl****",
    "review_id": "9693594",
    "movie_id": "31778"
  },
  {
    "review": "독일 장교와의 심리전이 압권이었다. 전쟁에 희생되는 어린아이가 너무 안쓰러웠다. 여주인공 엉덩이 대박이었다.",
    "date": "15.02.12",
    "rating": "10",
    "author": "glob****",
    "review_id": "9690900",
    "movie_id": "31778"
  },
  {
    "review": "최고의 저격 영화를 꼽으라면 단연코 이 영화",
    "date": "15.02.12",
    "rating": "10",
    "author": "ilov****",
    "review_id": "9690444",
    "movie_id": "31778"
  },
  {
    "review": "전쟁의 무의미함, 두 남자의 대결, 전쟁속에서 꽃피는 사랑등을 담았다. 콜 오브 듀티 소련군 파트가 이 영화를 오마주했지. 독소전 영화는 옛날영화 스탈린그라드랑 이 영화가 투탑",
    "date": "15.02.07",
    "rating": "10",
    "author": "dusd****",
    "review_id": "9676843",
    "movie_id": "31778"
  },
  {
    "review": "뭐지? 왜 무엇인가 채워지지않고 심심한 느낌이 들지아쉽다",
    "date": "15.02.06",
    "rating": "7",
    "author": "kdhk****",
    "review_id": "9673804",
    "movie_id": "31778"
  },
  {
    "review": "화학공장에서 두스나이퍼들의 대치씬은정말명장면인듯!! 근데 개인적으로는 삼각관계보다는 둘의대결쪽으로 좀더초점을뒀더라면..하는아쉬움??",
    "date": "15.02.05",
    "rating": "8",
    "author": "hajr****",
    "review_id": "9667615",
    "movie_id": "31778"
  },
  {
    "review": "전쟁영화로서 당시 시대적 상황을 잘 표현하였고 구성도 탄탄하지만, 잔인한 장면들이 많아 재미로 영화볼 분들에겐 추천하고 싶지않다.",
    "date": "15.02.04",
    "rating": "6",
    "author": "plto****",
    "review_id": "9667229",
    "movie_id": "31778"
  },
  {
    "review": "그럭저럭 끝까지 볼 만은 하지만 여자 주인공이 예쁘지 않아",
    "date": "15.01.31",
    "rating": "8",
    "author": "fina****",
    "review_id": "9655426",
    "movie_id": "31778"
  },
  {
    "review": "초반부 외에는 건질게 없는 쓰레기.",
    "date": "15.01.28",
    "rating": "6",
    "author": "jiki****",
    "review_id": "9644298",
    "movie_id": "31778"
  },
  {
    "review": "폐허속에서도 삶은 있다.",
    "date": "15.01.27",
    "rating": "8",
    "author": "daeh****",
    "review_id": "9641163",
    "movie_id": "31778"
  },
  {
    "review": "11점을 주고싶은 내마음",
    "date": "15.01.26",
    "rating": "1",
    "author": "sslo****",
    "review_id": "9637576",
    "movie_id": "31778"
  },
  {
    "review": "똑같은 스나이퍼를 다룬 영화지만 몰입도있는 영화가 있는 반면에, 이렇게 지루함을 느끼게 하는 영화도 있다. 전쟁영화를 빙자한 로맨스적인 요소가 영화의 절반을 차지한다.주인공보다 타샤의 이야기가 더 와닿았음",
    "date": "15.01.22",
    "rating": "3",
    "author": "seul****",
    "review_id": "9621814",
    "movie_id": "31778"
  },
  {
    "review": "내용도 전혀 지루하지않고 결말도 괜찮은데 포스터가 정말  재미없게 생김...그점이 너무 안타깝다",
    "date": "15.01.21",
    "rating": "10",
    "author": "pine****",
    "review_id": "9620826",
    "movie_id": "31778"
  },
  {
    "review": "그냥본영화 평점이 사라지네",
    "date": "15.01.18",
    "rating": "7",
    "author": "2328****",
    "review_id": "9608740",
    "movie_id": "31778"
  },
  {
    "review": "스나이퍼 영화 중의 최고의 명작",
    "date": "15.01.16",
    "rating": "10",
    "author": "oh12****",
    "review_id": "9602790",
    "movie_id": "31778"
  },
  {
    "review": "난리통 속에도 고삐를 늦추지 않는 팽팽한 긴장감",
    "date": "15.01.15",
    "rating": "7",
    "author": "goms****",
    "review_id": "9596105",
    "movie_id": "31778"
  },
  {
    "review": "피폐한 전쟁 속 고독한 영웅",
    "date": "15.01.10",
    "rating": "7",
    "author": "jhbu****",
    "review_id": "9581426",
    "movie_id": "31778"
  },
  {
    "review": "최고의 스나이퍼 영화.",
    "date": "15.01.07",
    "rating": "9",
    "author": "ball****",
    "review_id": "9570032",
    "movie_id": "31778"
  },
  {
    "review": "아마 전쟁영화 Top 5에 넣어도 될 듯한 명작. 스나이퍼라는 소재로 2시간  10분이 어떻게 지나가는줄 모르게 지나갔다.",
    "date": "15.01.04",
    "rating": "9",
    "author": "chin****",
    "review_id": "9562508",
    "movie_id": "31778"
  },
  {
    "review": "꿀잼이다 진짜 긴장감 장난아님",
    "date": "15.01.03",
    "rating": "10",
    "author": "song****",
    "review_id": "9555821",
    "movie_id": "31778"
  },
  {
    "review": "타냐의 걸레본성ㅋㅋ 빈깡통관계",
    "date": "14.12.27",
    "rating": "5",
    "author": "didt****",
    "review_id": "9524748",
    "movie_id": "31778"
  },
  {
    "review": "잠와죽는줄다봤긴했는디",
    "date": "14.12.25",
    "rating": "7",
    "author": "xx41****",
    "review_id": "9510151",
    "movie_id": "31778"
  },
  {
    "review": "장 자크 아노의 장인 정신 깃든 웰메이드 수작.",
    "date": "14.12.15",
    "rating": "9",
    "author": "tear****",
    "review_id": "9475371",
    "movie_id": "31778"
  },
  {
    "review": "2차 세계 대전 시 스탈린 사회주의 이념 하의 러시아 군인들의 상황을 실감나게 표현함. 영화 좋고, 재미도 좋고, 주드 로 잘생겼다.",
    "date": "14.12.13",
    "rating": "10",
    "author": "floo****",
    "review_id": "9469220",
    "movie_id": "31778"
  },
  {
    "review": "Breath-taking moments excited me through the running time!!",
    "date": "14.12.08",
    "rating": "9",
    "author": "phoe****",
    "review_id": "9457994",
    "movie_id": "31778"
  },
  {
    "review": "어느정도 볼만했습니다. 전쟁영화 좋아하시면 꼭 보시길",
    "date": "14.12.05",
    "rating": "5",
    "author": "skan****",
    "review_id": "9448288",
    "movie_id": "31778"
  },
  {
    "review": "전쟁 영화 치고 마냥 무겁거나 지루하지 않은 괜찮은 영화 였다.",
    "date": "14.12.03",
    "rating": "9",
    "author": "lee8****",
    "review_id": "9442480",
    "movie_id": "31778"
  },
  {
    "review": "저격수가 역시 전투의 꽃",
    "date": "14.11.29",
    "rating": "8",
    "author": "kimy****",
    "review_id": "9433584",
    "movie_id": "31778"
  },
  {
    "review": "에너미 앳 더 게이트 이영화도 볼만하다 솔직히 스나이퍼전도 스나이퍼지만 스탈린그라드에서 소련군의  진격부분과 탈영병사살하는 장면의 참혹함을 잘 묘사했다.",
    "date": "14.11.29",
    "rating": "10",
    "author": "safa****",
    "review_id": "9431545",
    "movie_id": "31778"
  },
  {
    "review": "콜옵도 영감을 받은 대작 애너미앳더게이트 레이츠 와이즈는 여기서도 눈부시네..",
    "date": "14.11.27",
    "rating": "10",
    "author": "cono****",
    "review_id": "9424998",
    "movie_id": "31778"
  },
  {
    "review": "재미지다 레이첼와이즈 눈빛연기 안넘어갈 남자 있을까 푸하하",
    "date": "14.11.24",
    "rating": "9",
    "author": "umea****",
    "review_id": "9419642",
    "movie_id": "31778"
  },
  {
    "review": "전쟁씬은 거의 없음..내가 스나이퍼 된 마냥 지루한거 참으면서 봄..",
    "date": "14.11.22",
    "rating": "4",
    "author": "rlas****",
    "review_id": "9408564",
    "movie_id": "31778"
  },
  {
    "review": "재밋네 기대안햇는데 굉장히흥미로움",
    "date": "14.11.21",
    "rating": "10",
    "author": "rese****",
    "review_id": "9407859",
    "movie_id": "31778"
  },
  {
    "review": "가설병이 싫어합니다 !!!!",
    "date": "14.11.16",
    "rating": "1",
    "author": "sms6****",
    "review_id": "9391740",
    "movie_id": "31778"
  },
  {
    "review": "스나이퍼 영화 TOP !",
    "date": "14.11.13",
    "rating": "10",
    "author": "haib****",
    "review_id": "9377866",
    "movie_id": "31778"
  },
  {
    "review": "스나이퍼 영화중에 명작임",
    "date": "14.11.12",
    "rating": "7",
    "author": "adiv****",
    "review_id": "9374709",
    "movie_id": "31778"
  },
  {
    "review": "소련과 독일의 묵직한 대결!",
    "date": "14.11.04",
    "rating": "8",
    "author": "pont****",
    "review_id": "9339962",
    "movie_id": "31778"
  },
  {
    "review": "재미있는 영화지만 평점이 너무 높다!!",
    "date": "14.10.12",
    "rating": "1",
    "author": "mien****",
    "review_id": "9287452",
    "movie_id": "31778"
  },
  {
    "review": "다시 봐도 질리지 않고 감탄하게 되는 영화",
    "date": "14.10.11",
    "rating": "10",
    "author": "jung****",
    "review_id": "9283127",
    "movie_id": "31778"
  },
  {
    "review": "가장좋아하는 2차대전영화 그리고, 저격수영화 최고의 걸작.",
    "date": "14.10.11",
    "rating": "9",
    "author": "mool****",
    "review_id": "9282983",
    "movie_id": "31778"
  },
  {
    "review": "내가본전쟁영화중최고 !!",
    "date": "14.10.09",
    "rating": "10",
    "author": "park****",
    "review_id": "9278499",
    "movie_id": "31778"
  },
  {
    "review": "전쟁 중 발견된? 자라난? 영웅 저격수 이야기로 전쟁의 실황을 제대로 보여주고, 같이 한 다른 전우들의 모습에서 참혹하고 처절함을 그리고 삶에 대한 간절함을 느낄 수 있었다. 살아서 내일 다시 돌아 온다는 보장 없는 그 전쟁터의 모습을 이 영화를 통해",
    "date": "14.10.02",
    "rating": "10",
    "author": "cap2****",
    "review_id": "9255488",
    "movie_id": "31778"
  },
  {
    "review": "너무 재미있었다!! ㅋㅋ",
    "date": "14.08.08",
    "rating": "10",
    "author": "guda****",
    "review_id": "9050012",
    "movie_id": "31778"
  },
  {
    "review": "10년전에 본 영화인데  3년뒤에 함더 봐도 감동 그 10년 뒤에 또 봤는데도 감동... 눈물은 세월이 흘러도 멈출 수 없고 명작은 시간이 흘르면 더 깊은 감동을 주는구나..",
    "date": "14.08.02",
    "rating": "10",
    "author": "zero****",
    "review_id": "9005870",
    "movie_id": "31778"
  },
  {
    "review": "영화보는 내내 긴장하게 만들지만 뒷심이 좀 부족한 듯... 그 누구냐 이빨 다 나간 아저씨가 좀 더 비중있는 역할이었으면 하는 아쉬움이 있음....",
    "date": "14.07.09",
    "rating": "8",
    "author": "beom****",
    "review_id": "8897194",
    "movie_id": "31778"
  },
  {
    "review": "전쟁, 그 속에서 작동하는 인간 관계",
    "date": "14.06.24",
    "rating": "8",
    "author": "soqu****",
    "review_id": "8850269",
    "movie_id": "31778"
  },
  {
    "review": "정말 처음부터 끝까지 지루하지 않게 봤습니다.",
    "date": "14.06.12",
    "rating": "10",
    "author": "lsb5****",
    "review_id": "8822776",
    "movie_id": "31778"
  },
  {
    "review": "아직도 보여지고 있는 데에는 이유가 있다",
    "date": "14.06.11",
    "rating": "9",
    "author": "love****",
    "review_id": "8822013",
    "movie_id": "31778"
  },
  {
    "review": "전쟁영화 중 손가락에 꼽고싶은 영화",
    "date": "14.06.10",
    "rating": "10",
    "author": "moon****",
    "review_id": "8817975",
    "movie_id": "31778"
  },
  {
    "review": "초반에 완전히 압도됨 콜오브듀티 ㄷㄷ",
    "date": "14.06.02",
    "rating": "10",
    "author": "yhy0****",
    "review_id": "8788862",
    "movie_id": "31778"
  },
  {
    "review": "중반부터 전개에 힘이 빠지고 중간 중간 허술한부분도 보이고 평점만큼 대단한 영화는 아니라고 보이네요. 평작",
    "date": "14.05.25",
    "rating": "7",
    "author": "laks****",
    "review_id": "8762917",
    "movie_id": "31778"
  },
  {
    "review": "에드헤리스 너무 멋있다 진짜",
    "date": "14.05.09",
    "rating": "9",
    "author": "rlat****",
    "review_id": "8718799",
    "movie_id": "31778"
  },
  {
    "review": "2차 세계 대전 배경 중 특이하게 소련과 나치독일의 저격수에 초점을 영화. 실화에 바탕을 둔 전쟁소재 영화를 좋아한다면 한 번 쯤 볼만한 영화.",
    "date": "14.05.09",
    "rating": "8",
    "author": "jjaj****",
    "review_id": "8717337",
    "movie_id": "31778"
  },
  {
    "review": "전쟁영화중에서 베스트에 드는 영화",
    "date": "14.05.03",
    "rating": "10",
    "author": "dkdl****",
    "review_id": "8695711",
    "movie_id": "31778"
  },
  {
    "review": "독소 전쟁영화 중 가장 손 꼽히는 작품 , 정말 전쟁을 잘 표현했습니다",
    "date": "14.04.16",
    "rating": "10",
    "author": "ndut****",
    "review_id": "8653741",
    "movie_id": "31778"
  },
  {
    "review": "오버하지 않은 리얼한 스나이퍼 영화",
    "date": "14.04.06",
    "rating": "9",
    "author": "ysve****",
    "review_id": "8633153",
    "movie_id": "31778"
  },
  {
    "review": "참혹한 전장은 그들의 스나이퍼 맵에 불과햇다.",
    "date": "14.03.28",
    "rating": "6",
    "author": "ghzm****",
    "review_id": "8613053",
    "movie_id": "31778"
  },
  {
    "review": "흥미로운 대결들...",
    "date": "14.03.23",
    "rating": "8",
    "author": "ykdi****",
    "review_id": "8600311",
    "movie_id": "31778"
  },
  {
    "review": "아 진짜 좋아하는영화고 다시 봐도 재밌는데 영화인데.. 떡씬 거리는거  듣기싫어. 진짜..",
    "date": "14.03.20",
    "rating": "9",
    "author": "rais****",
    "review_id": "8589457",
    "movie_id": "31778"
  },
  {
    "review": "볼만해요~~! 추천~~!",
    "date": "14.03.12",
    "rating": "9",
    "author": "shsh****",
    "review_id": "8569328",
    "movie_id": "31778"
  },
  {
    "review": "소련입장에서 나온 이차대전 영화는 거의처음이라 새로웠음... 쪼이는 긴장감과 스나이퍼가 된듯한? 영화에서 쉽게 접할수없는 소재와 방식은 좋았는데 일순 뭔가 느슨해짐.. 여자관계때문인가?",
    "date": "14.02.27",
    "rating": "7",
    "author": "ryou****",
    "review_id": "8542968",
    "movie_id": "31778"
  },
  {
    "review": "상대를저격할때의무서운긴장감이압권인본격스나이퍼물",
    "date": "14.02.21",
    "rating": "8",
    "author": "kkhi****",
    "review_id": "8526124",
    "movie_id": "31778"
  },
  {
    "review": "대작은 무슨... 떡치는 영화 주제에. 퍽킹 러시안!  소치 올림픽 잊지 않겠다!",
    "date": "14.02.21",
    "rating": "1",
    "author": "bhta****",
    "review_id": "8525782",
    "movie_id": "31778"
  },
  {
    "review": "기대가 너무 컸나 보다..",
    "date": "14.02.11",
    "rating": "6",
    "author": "ygle****",
    "review_id": "8497609",
    "movie_id": "31778"
  },
  {
    "review": "아.... 최고입니다",
    "date": "14.02.09",
    "rating": "10",
    "author": "yesw****",
    "review_id": "8494090",
    "movie_id": "31778"
  },
  {
    "review": "전쟁영화 세 손가락 안에 드는!",
    "date": "14.01.30",
    "rating": "10",
    "author": "kyd9****",
    "review_id": "8447445",
    "movie_id": "31778"
  },
  {
    "review": "몰입도 최고다  주드로 멋있다 아 오랜만에 재밌는 전쟁영화 하나 건졌다",
    "date": "14.01.19",
    "rating": "9",
    "author": "jjan****",
    "review_id": "8399838",
    "movie_id": "31778"
  },
  {
    "review": "내가 본 최고의 영화중 하나",
    "date": "14.01.15",
    "rating": "10",
    "author": "shy1****",
    "review_id": "8383938",
    "movie_id": "31778"
  },
  {
    "review": "최고의 스나이퍼 영화 , 마지막 바실리와 타냐의 만남 별거 아닌거 같은 잠깐의 장면인데 왜이리 애절한지",
    "date": "14.01.14",
    "rating": "9",
    "author": "the0****",
    "review_id": "8381241",
    "movie_id": "31778"
  },
  {
    "review": "이보다 더 아름다운 섹세기는 없다. 세기의 명장면이다.",
    "date": "14.01.04",
    "rating": "10",
    "author": "rnwj****",
    "review_id": "8346331",
    "movie_id": "31778"
  },
  {
    "review": "저격수들만의 자존심을 건 목숨대결.",
    "date": "13.12.29",
    "rating": "6",
    "author": "giyu****",
    "review_id": "8321899",
    "movie_id": "31778"
  },
  {
    "review": "이영화 이후로 주드로 영화 줄줄이 보기 시작 ㅋ",
    "date": "13.12.28",
    "rating": "10",
    "author": "star****",
    "review_id": "8316401",
    "movie_id": "31778"
  },
  {
    "review": "진짜 명작 중에 명작임 독일 저격수 소령하고 바실리 1:1 싸울 때마다 긴장감이 너무 감도는 느낌이 들어서 역시 이건 시간이 지나도 명작이라는 거 변함없는 영화 평점 10점!",
    "date": "13.12.19",
    "rating": "10",
    "author": "oeng****",
    "review_id": "8238204",
    "movie_id": "31778"
  }
]