[
  {
    "review": "다 본 후 한동안 가슴이 아파 넘 힘들었던.. 이렇게 슬픈 드라마 또 없습니다. ㅠ",
    "date": "15.06.25",
    "rating": "10",
    "author": "f020****",
    "review_id": "10035836",
    "movie_id": "31774"
  },
  {
    "review": "내가 처음 본 한국 드라마 이다. 이거 때문에 한국에 오고 싶었다,,,12년 후에 다시 보느까 감동한다,,,ㅜㅜ",
    "date": "15.06.22",
    "rating": "10",
    "author": "ging****",
    "review_id": "10020610",
    "movie_id": "31774"
  },
  {
    "review": "이 드라마 모르는 사람 이제 많겠지.... 다시 봐도 슬프네 ...",
    "date": "15.05.18",
    "rating": "10",
    "author": "hoda****",
    "review_id": "9928619",
    "movie_id": "31774"
  },
  {
    "review": "원빈이 진짜..불쌍하더라",
    "date": "15.05.08",
    "rating": "10",
    "author": "wkdt****",
    "review_id": "9902966",
    "movie_id": "31774"
  },
  {
    "review": "가만있다 정말 이유 없이 불현듯 떠오른 '가을동화'. 보고싶어졌습니다. 전편을 이틀만에  봤습니다. 크헉크헉 울면서... 다시 봐도 명작입니다. 영상미, 배경들 미치도록 아름답네요. 두고두고 가슴에 남을 거예요. 아... 아리고 아린 드라마. 가을동화",
    "date": "15.05.07",
    "rating": "10",
    "author": "andy****",
    "review_id": "9901399",
    "movie_id": "31774"
  },
  {
    "review": "한 번 쯤은 꼭 봐야하는 한드 명작",
    "date": "15.03.30",
    "rating": "10",
    "author": "yepu****",
    "review_id": "9816257",
    "movie_id": "31774"
  },
  {
    "review": "10점 줘도 아깝지 않다 진심 우울증 걸릴거 각오하고 봐야함",
    "date": "15.03.25",
    "rating": "10",
    "author": "xkdl****",
    "review_id": "9805130",
    "movie_id": "31774"
  },
  {
    "review": "세월이 흘러도 명품드라마",
    "date": "15.03.02",
    "rating": "9",
    "author": "pihw****",
    "review_id": "9752739",
    "movie_id": "31774"
  },
  {
    "review": "ㄷㄷㄷ 갓승헌 ㄷㄷ몇번을 봤는데도 운다",
    "date": "14.12.14",
    "rating": "10",
    "author": "jiha****",
    "review_id": "9472789",
    "movie_id": "31774"
  },
  {
    "review": "송승헌 개잘생겼다 진짜 미친;",
    "date": "14.09.10",
    "rating": "10",
    "author": "hdht****",
    "review_id": "9199930",
    "movie_id": "31774"
  },
  {
    "review": "너무 슬픈 이야기 최고임",
    "date": "14.09.10",
    "rating": "10",
    "author": "bohe****",
    "review_id": "9197333",
    "movie_id": "31774"
  },
  {
    "review": "올레티비 다시보기로 삼일만에 정주행초등학교 때 처음 봤을때는 송혜교만 죽는줄 알았는데 결말이 너무 충격적이라 기억 못하고 있었는지도..",
    "date": "14.08.22",
    "rating": "10",
    "author": "kkon****",
    "review_id": "9120839",
    "movie_id": "31774"
  },
  {
    "review": "모든 드라마를 합쳐도 최고중에 최고에요..순수한 대사들과 바다가 정말 아름다워요,",
    "date": "14.07.11",
    "rating": "10",
    "author": "dbrc****",
    "review_id": "8906045",
    "movie_id": "31774"
  },
  {
    "review": "해피엔딩이었으면 어떤 결말이 났을까?",
    "date": "14.06.23",
    "rating": "6",
    "author": "gpwn****",
    "review_id": "8849267",
    "movie_id": "31774"
  },
  {
    "review": "아 보고또봐도 슬프고 아름다운 사랑이야기",
    "date": "14.05.19",
    "rating": "10",
    "author": "dhse****",
    "review_id": "8747322",
    "movie_id": "31774"
  },
  {
    "review": "여러면에서 정말 잘만든 드라마",
    "date": "14.05.17",
    "rating": "10",
    "author": "hy2h****",
    "review_id": "8738205",
    "movie_id": "31774"
  },
  {
    "review": "몇번봐도 진짜 마음을 울리는 드라마...",
    "date": "14.04.05",
    "rating": "10",
    "author": "hyun****",
    "review_id": "8630381",
    "movie_id": "31774"
  },
  {
    "review": "다 좋지만 특히 아역부분이 참 아련하고 가슴이 저릿한 드라마.. 어릴땐 몰랐는데 다시 보니 원빈 참 멋있는 역이었구나 .. 정말 슬프다 ㅠㅠ",
    "date": "13.12.06",
    "rating": "10",
    "author": "minj****",
    "review_id": "8194773",
    "movie_id": "31774"
  },
  {
    "review": "울고또울고명장면전화기씬유리창닦는거문근영최고다",
    "date": "13.11.15",
    "rating": "10",
    "author": "zzzo****",
    "review_id": "8140093",
    "movie_id": "31774"
  },
  {
    "review": "다시 보고 싶은 드라마를 뽑으라면 1순위를 이걸로 뽑고 싶다..",
    "date": "13.10.07",
    "rating": "10",
    "author": "gogo****",
    "review_id": "8041246",
    "movie_id": "31774"
  },
  {
    "review": "나이거 이제보는데 ..2-3회까지는 2시간내내 울어서 눈 충열되버렸어.. 문근영 장난아이네..",
    "date": "13.10.03",
    "rating": "10",
    "author": "djks****",
    "review_id": "8030678",
    "movie_id": "31774"
  },
  {
    "review": "마지막장면이너무슬펐어요로망스..기도 음악도대히트작임",
    "date": "13.09.13",
    "rating": "10",
    "author": "jspa****",
    "review_id": "7974021",
    "movie_id": "31774"
  },
  {
    "review": "죽기전에 꼭봐야할드라마 단순한재미만이 아닌 진한여운과감동 그리고 이보다더완벽할수없는캐스팅송승헌 원빈 송혜교 안본분들꼭보길",
    "date": "13.08.06",
    "rating": "10",
    "author": "khg8****",
    "review_id": "7847688",
    "movie_id": "31774"
  },
  {
    "review": "..",
    "date": "13.07.28",
    "rating": "9",
    "author": "shun****",
    "review_id": "7795802",
    "movie_id": "31774"
  },
  {
    "review": "노란우산쓴 송혜교 진짜 이뻤음",
    "date": "13.07.22",
    "rating": "10",
    "author": "imok****",
    "review_id": "7776053",
    "movie_id": "31774"
  },
  {
    "review": "원빈 송혜교 송승헌 강추다 !!",
    "date": "13.07.05",
    "rating": "10",
    "author": "shai****",
    "review_id": "7708366",
    "movie_id": "31774"
  },
  {
    "review": "벌써 13년이나 됐네...",
    "date": "13.05.25",
    "rating": "10",
    "author": "keli****",
    "review_id": "7554236",
    "movie_id": "31774"
  },
  {
    "review": "이루어질 수 없는 사랑이 더 아름다운 법이다..",
    "date": "13.05.20",
    "rating": "10",
    "author": "ro24****",
    "review_id": "7545155",
    "movie_id": "31774"
  },
  {
    "review": "세상에서 가장 애틋하고 아름다운 사랑 이야기...",
    "date": "13.05.18",
    "rating": "10",
    "author": "kcha****",
    "review_id": "7540263",
    "movie_id": "31774"
  },
  {
    "review": "후반부가 아쉬워서 9점.. 아역들 연기가 더 낫다.",
    "date": "13.05.11",
    "rating": "9",
    "author": "hito****",
    "review_id": "7521615",
    "movie_id": "31774"
  },
  {
    "review": "순수했던 시절의 슬픈 사랑 이야기",
    "date": "13.05.04",
    "rating": "9",
    "author": "eyeb****",
    "review_id": "7506759",
    "movie_id": "31774"
  },
  {
    "review": "지금봐도 너무 아름다운 드라마..",
    "date": "13.04.07",
    "rating": "10",
    "author": "urpi****",
    "review_id": "7440759",
    "movie_id": "31774"
  },
  {
    "review": "아빠 안녕, 엄마 안녕, 오빠 안녕. 문근영 3화까지 밖에 안나왔는데 사실 나머진 다 문근영한테 엎혀감. 문근영의 문근영을 위한드라마.",
    "date": "13.03.25",
    "rating": "10",
    "author": "skyt****",
    "review_id": "7409971",
    "movie_id": "31774"
  },
  {
    "review": "내생에 절대 잊을수없는 최고의드라마이다 슬프고 아름답고 ㅠㅠ",
    "date": "13.02.25",
    "rating": "10",
    "author": "99ye****",
    "review_id": "7300506",
    "movie_id": "31774"
  },
  {
    "review": "요즘 송혜고 나오는 드라마 보면서.. 다시 생각나게 되네.. 다운받아서 봐야겠당.. 벌써 10년이 넘었다니... 멋찐 명품 드라마^^*",
    "date": "13.02.21",
    "rating": "10",
    "author": "snoo****",
    "review_id": "7286159",
    "movie_id": "31774"
  },
  {
    "review": "내 인생 최고의 드라마였다.",
    "date": "13.02.21",
    "rating": "10",
    "author": "keet****",
    "review_id": "7285639",
    "movie_id": "31774"
  },
  {
    "review": "2013년 2월  명작드라마 다시 감상중... 바람의 화원 볼 차례",
    "date": "13.02.02",
    "rating": "10",
    "author": "xyzl****",
    "review_id": "7215742",
    "movie_id": "31774"
  },
  {
    "review": "왜케 슬프지 진짜 슬퍼도 너~~~무 슬퍼  가슴이 찢어진다",
    "date": "13.01.15",
    "rating": "10",
    "author": "ohba****",
    "review_id": "7117764",
    "movie_id": "31774"
  },
  {
    "review": "아주 어릴 때 봤었던 드라마인데도.. 12년이 지난 지금에 불현듯이 떠오를만큼 정말 강렬했던 드라마. 아련하고 애틋하다",
    "date": "12.10.06",
    "rating": "10",
    "author": "wjdf****",
    "review_id": "6768496",
    "movie_id": "31774"
  },
  {
    "review": "변하지 않는 드라마는 변하지 않는다.",
    "date": "12.09.30",
    "rating": "7",
    "author": "mhth****",
    "review_id": "6746241",
    "movie_id": "31774"
  },
  {
    "review": "겨울연가보다 더 재밌게 봤음!",
    "date": "12.09.26",
    "rating": "10",
    "author": "vege****",
    "review_id": "6735182",
    "movie_id": "31774"
  },
  {
    "review": "아름다운 영상미와 감동이 있는 드라마_ 송승헌이 너무너무 좋았음",
    "date": "12.09.10",
    "rating": "10",
    "author": "bisq****",
    "review_id": "6685717",
    "movie_id": "31774"
  },
  {
    "review": "다시봐도 눈물이 멈추질 않네요 ㅜ.ㅜ;; 최고!",
    "date": "12.09.03",
    "rating": "10",
    "author": "soni****",
    "review_id": "6667208",
    "movie_id": "31774"
  },
  {
    "review": "추억의 드라마",
    "date": "12.05.12",
    "rating": "10",
    "author": "dahy****",
    "review_id": "6292834",
    "movie_id": "31774"
  },
  {
    "review": "감동입니다.",
    "date": "12.04.17",
    "rating": "10",
    "author": "sung****",
    "review_id": "6227645",
    "movie_id": "31774"
  },
  {
    "review": "4계절시리즈 중에선 제일 몰입이 안되었지만, 그래도 훌륭한 작품이다.",
    "date": "12.04.07",
    "rating": "8",
    "author": "cosm****",
    "review_id": "6197817",
    "movie_id": "31774"
  },
  {
    "review": "12년이 지난 후에도 내 심금을 울리는 드라마",
    "date": "12.01.09",
    "rating": "10",
    "author": "iyes****",
    "review_id": "5973315",
    "movie_id": "31774"
  },
  {
    "review": "원빈 잘생겼어^q^",
    "date": "11.11.09",
    "rating": "10",
    "author": "bji1****",
    "review_id": "5838389",
    "movie_id": "31774"
  },
  {
    "review": "재미는 없지만 원빈이 존내 잘생겨서",
    "date": "11.10.17",
    "rating": "5",
    "author": "ppt9****",
    "review_id": "5793762",
    "movie_id": "31774"
  },
  {
    "review": "내 기억속에 남아있는 최고의 드라마",
    "date": "11.10.04",
    "rating": "10",
    "author": "dabi****",
    "review_id": "5770716",
    "movie_id": "31774"
  },
  {
    "review": "봐도 봐도 또 보고 싶은 드라마!",
    "date": "11.10.02",
    "rating": "10",
    "author": "hjki****",
    "review_id": "5766548",
    "movie_id": "31774"
  },
  {
    "review": "너무 슬픈 이야기. 더럽게 슬프네",
    "date": "11.09.27",
    "rating": "10",
    "author": "ehdd****",
    "review_id": "5756217",
    "movie_id": "31774"
  },
  {
    "review": "해년마다 한번씩 보고 있어요. HD TV로 이번에 다시 보니 정말로 끝내주더군요.",
    "date": "11.09.26",
    "rating": "10",
    "author": "pine****",
    "review_id": "5754248",
    "movie_id": "31774"
  },
  {
    "review": "아직도 이 드라마는 내인생의 최고!",
    "date": "11.09.06",
    "rating": "10",
    "author": "blue****",
    "review_id": "5712231",
    "movie_id": "31774"
  },
  {
    "review": "아역,주연,스토리 다계절시리즈중에 최고 더안만드는게나았음",
    "date": "11.09.05",
    "rating": "10",
    "author": "vkdn****",
    "review_id": "5709539",
    "movie_id": "31774"
  },
  {
    "review": "최고임",
    "date": "11.08.27",
    "rating": "10",
    "author": "vmff****",
    "review_id": "5691101",
    "movie_id": "31774"
  },
  {
    "review": "추억의 멜로드라마.송혜교를 처음으로 좋아하게 만든 드라마였다.",
    "date": "11.08.25",
    "rating": "10",
    "author": "odjs****",
    "review_id": "5686407",
    "movie_id": "31774"
  },
  {
    "review": "송승헌보다 원빈이 더좋아욤^^ ㅋ",
    "date": "11.08.24",
    "rating": "10",
    "author": "lili****",
    "review_id": "5685459",
    "movie_id": "31774"
  },
  {
    "review": "송승헌,송혜교,원빈. 이 조합만으로도 부앜",
    "date": "11.08.18",
    "rating": "10",
    "author": "encl****",
    "review_id": "5664850",
    "movie_id": "31774"
  },
  {
    "review": "멜로부문 단연1위 드라마",
    "date": "11.07.24",
    "rating": "10",
    "author": "k969****",
    "review_id": "5566966",
    "movie_id": "31774"
  },
  {
    "review": "요즘 시각으로 보면 진부한 소재이지만.. 당시에는 눈시울이 붉어진 기억..",
    "date": "11.07.10",
    "rating": "9",
    "author": "cylf****",
    "review_id": "5534375",
    "movie_id": "31774"
  },
  {
    "review": "내가 제일 좋아하는 드라마...이 드라마 보다 더 재밌는 드라마는 나는 본적없음",
    "date": "11.07.05",
    "rating": "10",
    "author": "nohm****",
    "review_id": "5524584",
    "movie_id": "31774"
  },
  {
    "review": "어릴적 너무 재미있게 봤는데 지금봐도 너무 재미있어요. 감동 그자체.. 안질려요..",
    "date": "11.06.21",
    "rating": "10",
    "author": "chrp****",
    "review_id": "5491639",
    "movie_id": "31774"
  },
  {
    "review": "나 이거 이틀간 몰아서 다 보고 우울증 걸렸다 샹... 어떡할거야",
    "date": "11.03.31",
    "rating": "10",
    "author": "cjw2****",
    "review_id": "5345649",
    "movie_id": "31774"
  },
  {
    "review": "다시 느끼는 거지만 송혜교 마니 컸다",
    "date": "11.01.29",
    "rating": "1",
    "author": "duck****",
    "review_id": "5194442",
    "movie_id": "31774"
  },
  {
    "review": "전설의 명작드라마 ㅋㅋ",
    "date": "11.01.15",
    "rating": "9",
    "author": "rudd****",
    "review_id": "5160511",
    "movie_id": "31774"
  },
  {
    "review": "내가본 한국최고의 드라마...",
    "date": "11.01.08",
    "rating": "10",
    "author": "ther****",
    "review_id": "5139821",
    "movie_id": "31774"
  },
  {
    "review": "나오는 인원들이 이제 모두 대 스타가 되었구나 애절하지만 너무 작의적",
    "date": "10.10.30",
    "rating": "3",
    "author": "deff****",
    "review_id": "4928765",
    "movie_id": "31774"
  },
  {
    "review": "아직도 기억나는 드라마 ㅠㅠ 진짜 최고 ㅠㅠ",
    "date": "10.08.25",
    "rating": "10",
    "author": "clas****",
    "review_id": "4791200",
    "movie_id": "31774"
  },
  {
    "review": "원빈의 눈빛 +_+ㅎ",
    "date": "10.08.15",
    "rating": "10",
    "author": "star****",
    "review_id": "4751930",
    "movie_id": "31774"
  },
  {
    "review": "계속봐도안질려..",
    "date": "10.08.11",
    "rating": "10",
    "author": "wldm****",
    "review_id": "4734572",
    "movie_id": "31774"
  },
  {
    "review": "추억의 명작드라마!!!그러고보니 벌써 10년전의 드라마네...시간 참 빠르다ㅡㅇㅡ",
    "date": "10.07.17",
    "rating": "10",
    "author": "jcy1****",
    "review_id": "4645797",
    "movie_id": "31774"
  },
  {
    "review": "원빈의 명대사. 송혜교의 애절한연기. 송승헌의 순수한 사랑. 멋진 드라마다",
    "date": "10.04.20",
    "rating": "10",
    "author": "spik****",
    "review_id": "4444696",
    "movie_id": "31774"
  },
  {
    "review": "근영떔에봤는데 1~3회까지 눈물이 멈추질 않았다.. 우리근영양넘예뻐ㅠㅠ",
    "date": "10.04.03",
    "rating": "10",
    "author": "habr****",
    "review_id": "4406018",
    "movie_id": "31774"
  },
  {
    "review": "아역들도 연기를 너무 잘했구 가장 기억에 남는 드라마 중 한작품",
    "date": "10.02.07",
    "rating": "10",
    "author": "seul****",
    "review_id": "4256363",
    "movie_id": "31774"
  },
  {
    "review": "시간이 지나서 또 봐도 정말 가슴애린 드라마......ㅠ.ㅠ",
    "date": "10.01.22",
    "rating": "10",
    "author": "05wj****",
    "review_id": "4198269",
    "movie_id": "31774"
  },
  {
    "review": "최고예요!!",
    "date": "10.01.09",
    "rating": "10",
    "author": "wjdg****",
    "review_id": "4152165",
    "movie_id": "31774"
  },
  {
    "review": "한국의 드라마 수준을 확 올려놓은 최고의 명작!!",
    "date": "10.01.09",
    "rating": "10",
    "author": "hjn3****",
    "review_id": "4152091",
    "movie_id": "31774"
  },
  {
    "review": "술한잔걸치고 드라마 보는데 로망스가 나오니까 눈물이 나오더라. 만족해 지금난.",
    "date": "09.11.30",
    "rating": "10",
    "author": "skip****",
    "review_id": "4005612",
    "movie_id": "31774"
  },
  {
    "review": "정말 최고였다. 이렇게 우는 장면이 많은 드라마는 정말 처음;; 아~ 우울증 걸리겠다.",
    "date": "09.11.25",
    "rating": "10",
    "author": "zard****",
    "review_id": "3988462",
    "movie_id": "31774"
  },
  {
    "review": "또재방송했으며뉴ㅠㅠㅠㅠㅠㅠㅠㅠㅠㅠㅠㅠㅠㅠㅠㅠ",
    "date": "09.11.06",
    "rating": "10",
    "author": "kitt****",
    "review_id": "3941283",
    "movie_id": "31774"
  },
  {
    "review": "The best Korean series ever!",
    "date": "09.10.10",
    "rating": "10",
    "author": "mmma****",
    "review_id": "3883426",
    "movie_id": "31774"
  },
  {
    "review": "막판에 약간 지루한감도 있었지만 너무 슬프네요.....",
    "date": "09.09.08",
    "rating": "10",
    "author": "mong****",
    "review_id": "3819677",
    "movie_id": "31774"
  },
  {
    "review": "내가 봐온 드라마 중 제일 기억에 남는 드라마 1위",
    "date": "09.08.26",
    "rating": "10",
    "author": "sung****",
    "review_id": "3790038",
    "movie_id": "31774"
  },
  {
    "review": "9년전에 본 드라마 또 보고싶다",
    "date": "09.08.13",
    "rating": "10",
    "author": "whdg****",
    "review_id": "3744748",
    "movie_id": "31774"
  },
  {
    "review": "정말 환상적이다 몇번을다시봐도 눈물샘을 자극하다 역시최고의드라마!!강츄!!",
    "date": "09.08.11",
    "rating": "10",
    "author": "syp9****",
    "review_id": "3735245",
    "movie_id": "31774"
  },
  {
    "review": "한7살때다보구><지금도 또또또또또또보는중한6번?><><><><><넘잼있는가을동화>!!",
    "date": "09.06.08",
    "rating": "10",
    "author": "bayo****",
    "review_id": "3553404",
    "movie_id": "31774"
  },
  {
    "review": "2틀동안 다 봤다. 사무실에서 졸았다. 그래도 정말 잼있다.",
    "date": "09.03.05",
    "rating": "10",
    "author": "codi****",
    "review_id": "3348314",
    "movie_id": "31774"
  },
  {
    "review": "오늘 다봤다.. 내생에... 아니 우리나라에서 최고의드라마... 계속너무많이운 드라마",
    "date": "09.01.29",
    "rating": "10",
    "author": "kjym****",
    "review_id": "3259625",
    "movie_id": "31774"
  },
  {
    "review": "가을빛 어른을 위한 동화",
    "date": "08.08.23",
    "rating": "10",
    "author": "osan****",
    "review_id": "2895668",
    "movie_id": "31774"
  },
  {
    "review": "16회 몰아서 미친듯이 봤다. 너무 울어서 우울증생기는줄 알았다",
    "date": "08.07.26",
    "rating": "10",
    "author": "seve****",
    "review_id": "2805679",
    "movie_id": "31774"
  },
  {
    "review": "내생에 가장 많이 울었던 드라마! 호화캐스팅에..이젠 주제곡만 들어도 눈물이..ㅠㅠ",
    "date": "08.07.04",
    "rating": "10",
    "author": "ghkd****",
    "review_id": "2740132",
    "movie_id": "31774"
  },
  {
    "review": "최고",
    "date": "08.04.09",
    "rating": "10",
    "author": "runa****",
    "review_id": "2568412",
    "movie_id": "31774"
  },
  {
    "review": "최고의 드라마! 송혜교의 최고 연기!",
    "date": "08.03.21",
    "rating": "10",
    "author": "stev****",
    "review_id": "2533149",
    "movie_id": "31774"
  },
  {
    "review": "충분히 눈물을 불러 일으킬수 있는 드라마... 어릴적이야기는 완소...",
    "date": "08.03.19",
    "rating": "10",
    "author": "alan****",
    "review_id": "2528628",
    "movie_id": "31774"
  },
  {
    "review": "우리나라 드라마 중 가장 최고..정말 최고..최고..",
    "date": "08.02.13",
    "rating": "10",
    "author": "kjwn****",
    "review_id": "2440504",
    "movie_id": "31774"
  },
  {
    "review": "무슨 말이 필요하리오.",
    "date": "08.01.13",
    "rating": "10",
    "author": "mysk****",
    "review_id": "2327006",
    "movie_id": "31774"
  },
  {
    "review": "사계절 드라마 중에서 이게 최고! 가을동화 최고!",
    "date": "08.01.11",
    "rating": "10",
    "author": "nell****",
    "review_id": "2318387",
    "movie_id": "31774"
  },
  {
    "review": "여러분 슬퍼하지 마세요 송혜교 살아있습니다!",
    "date": "07.09.23",
    "rating": "10",
    "author": "stra****",
    "review_id": "2040503",
    "movie_id": "31774"
  },
  {
    "review": "탑들의 향연",
    "date": "07.09.22",
    "rating": "10",
    "author": "tjdg****",
    "review_id": "2039409",
    "movie_id": "31774"
  }
]