[
  {
    "review": "동화를 망치는 로베르토 베니니의 망칙한 상상력.",
    "date": "15.08.04",
    "rating": "4",
    "author": "tear****",
    "review_id": "10185552",
    "movie_id": "31787"
  },
  {
    "review": "좋아요감독도좋고요아주좋앙?",
    "date": "15.02.04",
    "rating": "10",
    "author": "oran****",
    "review_id": "9665715",
    "movie_id": "31787"
  },
  {
    "review": "씹점씹점씹점씹점씹점",
    "date": "15.01.26",
    "rating": "10",
    "author": "thwl****",
    "review_id": "9639775",
    "movie_id": "31787"
  },
  {
    "review": "엔딩이 너무 슬퍼서 펑펑 울었다.",
    "date": "14.09.09",
    "rating": "10",
    "author": "somv****",
    "review_id": "9189397",
    "movie_id": "31787"
  },
  {
    "review": "자뻑의 최고봉, 할배가 소년코스프레하는 끔찍한 영화",
    "date": "14.05.02",
    "rating": "1",
    "author": "clue****",
    "review_id": "8693343",
    "movie_id": "31787"
  },
  {
    "review": "영화를 보고 정말 감명받았다. 디비디 구매하려고 검색해봤더니 비판투성이네. 키덜트취향을 가진 이들에게 좋은 영화인 듯!",
    "date": "14.02.09",
    "rating": "8",
    "author": "ah92****",
    "review_id": "8493591",
    "movie_id": "31787"
  },
  {
    "review": "ㅋㅋ",
    "date": "13.04.20",
    "rating": "10",
    "author": "kimr****",
    "review_id": "7470732",
    "movie_id": "31787"
  },
  {
    "review": "어휴 ㅠ이건뭐...",
    "date": "13.01.27",
    "rating": "1",
    "author": "jbh8****",
    "review_id": "7182310",
    "movie_id": "31787"
  },
  {
    "review": "어린 아이에게 치명적이고 성인들에겐 말로 표현할 수 없는 모욕이다",
    "date": "09.08.30",
    "rating": "1",
    "author": "dg_d****",
    "review_id": "3800676",
    "movie_id": "31787"
  },
  {
    "review": "나의 동심을 돌려줘여~",
    "date": "09.08.25",
    "rating": "1",
    "author": "zxcq****",
    "review_id": "3787189",
    "movie_id": "31787"
  },
  {
    "review": "도서관가서 봤는데 쩔었음 생각보다 볼만했음",
    "date": "09.06.25",
    "rating": "10",
    "author": "0702****",
    "review_id": "3590411",
    "movie_id": "31787"
  },
  {
    "review": "ㅋㅋ 최고의배우가 이런꼴을 당하디니 ㅋㅋㅋㅋㅋㅋㅋㅋㅋㅋㅋㅋㅋㅋㅋ",
    "date": "09.01.11",
    "rating": "10",
    "author": "minh****",
    "review_id": "3209929",
    "movie_id": "31787"
  },
  {
    "review": "재미있다~~~!",
    "date": "08.05.02",
    "rating": "10",
    "author": "dre1****",
    "review_id": "2610747",
    "movie_id": "31787"
  },
  {
    "review": "굳",
    "date": "08.04.05",
    "rating": "10",
    "author": "shut****",
    "review_id": "2560885",
    "movie_id": "31787"
  },
  {
    "review": "정말 만점이다!! (나만 죽을 수 없다 --;;)",
    "date": "08.03.12",
    "rating": "10",
    "author": "ssmj****",
    "review_id": "2516246",
    "movie_id": "31787"
  },
  {
    "review": "하하하...피노키오여서 한번 봣는데;;; 영화맞어???",
    "date": "07.12.27",
    "rating": "1",
    "author": "jyj3****",
    "review_id": "2271718",
    "movie_id": "31787"
  },
  {
    "review": "동화를 망쳐버린 쓰레기같은 졸작",
    "date": "07.10.07",
    "rating": "3",
    "author": "v292****",
    "review_id": "2076800",
    "movie_id": "31787"
  },
  {
    "review": "이건아니잖아 이건아니잖아",
    "date": "07.09.23",
    "rating": "1",
    "author": "chld****",
    "review_id": "2041869",
    "movie_id": "31787"
  },
  {
    "review": "미안하지만 재미없다.......쫌........아니고.......너무많이",
    "date": "07.05.09",
    "rating": "1",
    "author": "dmsd****",
    "review_id": "1629770",
    "movie_id": "31787"
  },
  {
    "review": "내 인생 최악의 영화....  보통 사람들은 이 영화가 있는지도모른다",
    "date": "07.03.30",
    "rating": "1",
    "author": "as22****",
    "review_id": "1562939",
    "movie_id": "31787"
  },
  {
    "review": "인생은 아름다워..욕심은 징그러워..",
    "date": "06.12.19",
    "rating": "4",
    "author": "cher****",
    "review_id": "1304439",
    "movie_id": "31787"
  },
  {
    "review": "너무 늙은 피노키오 였다...영감과 동급이라 봐도 무방..",
    "date": "06.08.14",
    "rating": "7",
    "author": "bajj****",
    "review_id": "1031216",
    "movie_id": "31787"
  },
  {
    "review": "이건 동화책만 봐도 알수있는데...",
    "date": "06.08.04",
    "rating": "1",
    "author": "ghtl****",
    "review_id": "965294",
    "movie_id": "31787"
  },
  {
    "review": "베니니 이거하고나서 최악의남우주연상;;;베니니봐서2점",
    "date": "06.08.01",
    "rating": "2",
    "author": "medi****",
    "review_id": "951075",
    "movie_id": "31787"
  },
  {
    "review": "욕심을 너무 부렸음",
    "date": "06.02.24",
    "rating": "2",
    "author": "sg03****",
    "review_id": "689083",
    "movie_id": "31787"
  },
  {
    "review": "인생은 아름다워가 그립다",
    "date": "06.02.22",
    "rating": "1",
    "author": "rnjs****",
    "review_id": "685453",
    "movie_id": "31787"
  },
  {
    "review": "휴..ㅡㅡ 베니니가 불쌍해서 10점",
    "date": "06.02.06",
    "rating": "10",
    "author": "zida****",
    "review_id": "652086",
    "movie_id": "31787"
  },
  {
    "review": "마누라와 공동주연.베니니의 과욕때문에 망친영화",
    "date": "05.12.22",
    "rating": "2",
    "author": "blue****",
    "review_id": "521218",
    "movie_id": "31787"
  },
  {
    "review": "최악의 남우주연상을 탔다고? ... 일단 보면 공감할듯.",
    "date": "05.12.05",
    "rating": "1",
    "author": "nald****",
    "review_id": "495136",
    "movie_id": "31787"
  },
  {
    "review": "로베르트 베니니에 대해 다시 생각해보게 되었다..",
    "date": "05.11.13",
    "rating": "4",
    "author": "nons****",
    "review_id": "472595",
    "movie_id": "31787"
  },
  {
    "review": "지루하고 매력없는.",
    "date": "05.09.10",
    "rating": "1",
    "author": "sino****",
    "review_id": "400031",
    "movie_id": "31787"
  },
  {
    "review": "좀 지루했지만..이쁘장한영화였음~",
    "date": "05.01.25",
    "rating": "5",
    "author": "wond****",
    "review_id": "195813",
    "movie_id": "31787"
  },
  {
    "review": "마누라와 공동주연.베니니의 과욕때문에 망친영화. 원맨쇼하느라 욕보셨슴.",
    "date": "04.10.17",
    "rating": "3",
    "author": "jjs7****",
    "review_id": "127283",
    "movie_id": "31787"
  },
  {
    "review": "베니니 돈낭비하느라 수고했어여",
    "date": "04.06.17",
    "rating": "4",
    "author": "drsl****",
    "review_id": "55299",
    "movie_id": "31787"
  },
  {
    "review": "짜증나는 피노키오와 늙은 요정 정말이지 최악의 영화",
    "date": "04.06.16",
    "rating": "1",
    "author": "aki1****",
    "review_id": "55077",
    "movie_id": "31787"
  },
  {
    "review": "`리더스다이제스트`의 소개글을 봤더만..어린아이 사회적응 과정처럼 보임.",
    "date": "04.06.10",
    "rating": "7",
    "author": "dsd1****",
    "review_id": "52363",
    "movie_id": "31787"
  },
  {
    "review": "피노키오가 왜 늙었을까?",
    "date": "04.02.19",
    "rating": "5",
    "author": "hdy7****",
    "review_id": "21792",
    "movie_id": "31787"
  }
]