[
  {
    "review": "블랙 코메디로는 최고급 수준. 평점에 낚이지 말길",
    "date": "15.07.26",
    "rating": "9",
    "author": "mous****",
    "review_id": "10146661",
    "movie_id": "31781"
  },
  {
    "review": "생략과 절제의 실패가 어떤결과로 나타나는지 보여주는 반면교사.",
    "date": "13.06.27",
    "rating": "4",
    "author": "reco****",
    "review_id": "7683345",
    "movie_id": "31781"
  },
  {
    "review": "첩보전의 실상은 저런 게 아닐까?",
    "date": "11.09.04",
    "rating": "6",
    "author": "cont****",
    "review_id": "5707890",
    "movie_id": "31781"
  },
  {
    "review": "답답. 지루",
    "date": "10.07.06",
    "rating": "2",
    "author": "pria****",
    "review_id": "4615935",
    "movie_id": "31781"
  },
  {
    "review": "처음볼때는 졸작.. 두번째볼때는 상당히 흥미롭다..",
    "date": "10.06.15",
    "rating": "7",
    "author": "daro****",
    "review_id": "4567964",
    "movie_id": "31781"
  },
  {
    "review": "부어만의 졸작",
    "date": "09.09.08",
    "rating": "4",
    "author": "tjsd****",
    "review_id": "3818595",
    "movie_id": "31781"
  },
  {
    "review": "스릴 있는 영화",
    "date": "09.06.13",
    "rating": "10",
    "author": "kurt****",
    "review_id": "3563639",
    "movie_id": "31781"
  },
  {
    "review": "감독 이력과 관계없이 이 영화는 기본도 안된 영화이다.",
    "date": "08.10.12",
    "rating": "4",
    "author": "west****",
    "review_id": "2995345",
    "movie_id": "31781"
  },
  {
    "review": "일 고~따구로 할꺼야? (사모님...)",
    "date": "08.02.02",
    "rating": "2",
    "author": "evil****",
    "review_id": "2397598",
    "movie_id": "31781"
  },
  {
    "review": "재대로 망작 걸렸다",
    "date": "07.08.30",
    "rating": "3",
    "author": "kims****",
    "review_id": "1990022",
    "movie_id": "31781"
  },
  {
    "review": "잼있다가 영 김 빠지는뎅?",
    "date": "07.07.21",
    "rating": "6",
    "author": "naeg****",
    "review_id": "1796112",
    "movie_id": "31781"
  },
  {
    "review": "제프리러쉬 나오네?????ㅋㅋㅋㅋㅋ 캐리비안의해적 주연ㅋㅋ",
    "date": "07.05.28",
    "rating": "10",
    "author": "heri****",
    "review_id": "1669068",
    "movie_id": "31781"
  },
  {
    "review": "나사가 하나 빠진듯한",
    "date": "06.07.28",
    "rating": "7",
    "author": "zeed****",
    "review_id": "929829",
    "movie_id": "31781"
  },
  {
    "review": "피어스 브로스넌에 속았다",
    "date": "06.05.11",
    "rating": "2",
    "author": "swon****",
    "review_id": "795542",
    "movie_id": "31781"
  },
  {
    "review": "뭐가 이렇게 지루해",
    "date": "05.12.24",
    "rating": "4",
    "author": "kws7****",
    "review_id": "525341",
    "movie_id": "31781"
  },
  {
    "review": "스릴도 적절했고 경치도 좋았다.",
    "date": "05.12.23",
    "rating": "8",
    "author": "blue****",
    "review_id": "522367",
    "movie_id": "31781"
  },
  {
    "review": "이영화를 반전 혹은 스파이영화라 할수 있을까?",
    "date": "05.08.19",
    "rating": "5",
    "author": "catl****",
    "review_id": "373909",
    "movie_id": "31781"
  },
  {
    "review": "멋짐",
    "date": "05.02.01",
    "rating": "10",
    "author": "dbj1****",
    "review_id": "203385",
    "movie_id": "31781"
  },
  {
    "review": "파나마 운하...;;",
    "date": "05.01.24",
    "rating": "10",
    "author": "dyki****",
    "review_id": "194941",
    "movie_id": "31781"
  },
  {
    "review": "이라크전쟁을 보고 이영활보면 웃음이 나지 않을듯.",
    "date": "04.03.07",
    "rating": "5",
    "author": "rg52****",
    "review_id": "27564",
    "movie_id": "31781"
  }
]