[
  {
    "review": "이거보다보면 프로도OO암덩어리임 하는게없음 걍쌤이다함",
    "date": "15.08.24",
    "rating": "4",
    "author": "k1-9****",
    "review_id": "10271951",
    "movie_id": "31794"
  },
  {
    "review": "반지의제왕은 판타지계의 레전드지 이만한 영화를 넘어설수있는 판타지영화는 앞으로 못나온다고 장담한다",
    "date": "15.08.24",
    "rating": "10",
    "author": "ss12****",
    "review_id": "10271949",
    "movie_id": "31794"
  },
  {
    "review": "역대급 영화. 무슨 말이 필요한가",
    "date": "15.08.20",
    "rating": "10",
    "author": "whrh****",
    "review_id": "10255721",
    "movie_id": "31794"
  },
  {
    "review": "시리즈가 끝나서 너무 슬퍼요 엉엉",
    "date": "15.08.18",
    "rating": "10",
    "author": "wngy****",
    "review_id": "10249968",
    "movie_id": "31794"
  },
  {
    "review": "걸작이지. 평점 높이러 왔습돠",
    "date": "15.08.15",
    "rating": "10",
    "author": "ajhs****",
    "review_id": "10233277",
    "movie_id": "31794"
  },
  {
    "review": "이 영화를 뛰어넘는 판타지 영화는 절대 나오지 않을 뜻",
    "date": "15.08.14",
    "rating": "10",
    "author": "haen****",
    "review_id": "10230561",
    "movie_id": "31794"
  },
  {
    "review": "죽기전에 이런 영화를 다시 볼 수 있을까",
    "date": "15.08.13",
    "rating": "10",
    "author": "make****",
    "review_id": "10222137",
    "movie_id": "31794"
  },
  {
    "review": "내 인생을 바꾼영화 집에서 900원 내고 봤는데 영화가 아깝다",
    "date": "15.08.12",
    "rating": "10",
    "author": "jkw0****",
    "review_id": "10219300",
    "movie_id": "31794"
  },
  {
    "review": "내 생에 최고의 영화..!!",
    "date": "15.08.07",
    "rating": "10",
    "author": "dont****",
    "review_id": "10196184",
    "movie_id": "31794"
  },
  {
    "review": "이 영화를 능가할 작품이 죽기전에 나올까",
    "date": "15.08.06",
    "rating": "10",
    "author": "tnsw****",
    "review_id": "10190818",
    "movie_id": "31794"
  },
  {
    "review": "반지하의 제왕.. 그 어드벤쳐의 시작!",
    "date": "15.08.03",
    "rating": "8",
    "author": "pont****",
    "review_id": "10178333",
    "movie_id": "31794"
  },
  {
    "review": "평점 거품.. 지루하고 졸림",
    "date": "15.08.01",
    "rating": "6",
    "author": "csgw****",
    "review_id": "10170059",
    "movie_id": "31794"
  },
  {
    "review": "말이 필요한가? 내인생 최고의 영화였다.",
    "date": "15.07.26",
    "rating": "10",
    "author": "hand****",
    "review_id": "10144302",
    "movie_id": "31794"
  },
  {
    "review": "흥미있게보았던 판타지",
    "date": "15.07.26",
    "rating": "10",
    "author": "hdh0****",
    "review_id": "10144252",
    "movie_id": "31794"
  },
  {
    "review": "판타지영화의 명작이라고 할 수 있다. 엘프 여성 미모 지리거쏘~ 간달프 우야누ㅠㅠ 보게 된다면 후회는 안할 영화임",
    "date": "15.07.26",
    "rating": "8",
    "author": "zxvt****",
    "review_id": "10143904",
    "movie_id": "31794"
  },
  {
    "review": "어렸을때 가족들이랑 처음 봤었는데 그 이후로 가족들 모두 팬이 됐었다지.. 지금은 우리 가족들과의 추억이 된 영화. 베스트에 올라가신 분처럼 정말 몇백번 보게됩니다",
    "date": "15.07.23",
    "rating": "10",
    "author": "jury****",
    "review_id": "10132729",
    "movie_id": "31794"
  },
  {
    "review": "판타지 세계를 아름다운 미장센으로 담았다. 다만 긴 시간 동안 펼쳐지는 모험 이야기가 다소 지루할 수도 있다.",
    "date": "15.07.21",
    "rating": "6",
    "author": "inos****",
    "review_id": "10126003",
    "movie_id": "31794"
  },
  {
    "review": "난갠적으로 반지의제왕보다는 호빗시리즈가 훨씬재밌던데..반지의제왕은 프로도때문에 짜증나고 보기싫음 그리고 약간 오버하는거 같고..",
    "date": "15.07.14",
    "rating": "6",
    "author": "dhdz****",
    "review_id": "10104870",
    "movie_id": "31794"
  },
  {
    "review": "지루한영화다 애들이나 좋아하지",
    "date": "15.07.12",
    "rating": "1",
    "author": "wlsd****",
    "review_id": "10096472",
    "movie_id": "31794"
  },
  {
    "review": "2,3편은 재미있지만 1편은 그저그랬다,",
    "date": "15.07.11",
    "rating": "6",
    "author": "ghd6****",
    "review_id": "10092012",
    "movie_id": "31794"
  },
  {
    "review": "최고다..지금이라도 보게되서다행",
    "date": "15.07.10",
    "rating": "10",
    "author": "tjde****",
    "review_id": "10088674",
    "movie_id": "31794"
  },
  {
    "review": "이영화 재미없다고 하는 놈들 특징 영화볼줄모름",
    "date": "15.07.10",
    "rating": "10",
    "author": "tlsw****",
    "review_id": "10088501",
    "movie_id": "31794"
  },
  {
    "review": "1편은 지루하고 재미도없다",
    "date": "15.07.09",
    "rating": "1",
    "author": "tmdd****",
    "review_id": "10084564",
    "movie_id": "31794"
  },
  {
    "review": "이 영화를 보고 톨킨이 정말 대단한 작가라는 것을 깨닫게 되었다.",
    "date": "15.07.08",
    "rating": "8",
    "author": "kenn****",
    "review_id": "10080264",
    "movie_id": "31794"
  },
  {
    "review": "전편을 4번도 넘게 본것 같다.",
    "date": "15.07.07",
    "rating": "9",
    "author": "aitw****",
    "review_id": "10077865",
    "movie_id": "31794"
  },
  {
    "review": "그냥 졸잼꼭보셈리얼ㅎㄷ",
    "date": "15.07.03",
    "rating": "10",
    "author": "ped0****",
    "review_id": "10063245",
    "movie_id": "31794"
  },
  {
    "review": "평소 판타지물을 즐겨보지 않았던 나. 그래서 기대는 일찌감치 접은체로 봤는대. 웬걸, 웅장한 스토리 쫄깃한 긴장감 굉장한 분장,cg 까지. 판타지영화는 현재도 별로지만 이 영화만큼은 사람들에게 침이 마르도록 칭찬할 수 있을것같다.",
    "date": "15.07.02",
    "rating": "9",
    "author": "kasi****",
    "review_id": "10061204",
    "movie_id": "31794"
  },
  {
    "review": "판타지 영화의 큰 획을 그은...",
    "date": "15.06.27",
    "rating": "10",
    "author": "lsh5****",
    "review_id": "10043361",
    "movie_id": "31794"
  },
  {
    "review": "인간의 욕심 마음 이런 포인트를 넘잘 캐치하고 보여준영화 역시걸작! 울아빠가 매년챙겨보고 감동한 첨이자 마지막이된 영화",
    "date": "15.06.27",
    "rating": "10",
    "author": "dhfl****",
    "review_id": "10041025",
    "movie_id": "31794"
  },
  {
    "review": "진정한 판타지의 서막을 알리는 작품.2편을 위한 1편",
    "date": "15.06.23",
    "rating": "8",
    "author": "hi38****",
    "review_id": "10024597",
    "movie_id": "31794"
  },
  {
    "review": "영화관에서 보지못한게 한이다...내인생 최고의  판타지",
    "date": "15.06.23",
    "rating": "10",
    "author": "rome****",
    "review_id": "10023386",
    "movie_id": "31794"
  },
  {
    "review": "재밋는데 해리포터랑 비교하는 초딩들머냐 해리포터가 갑이지",
    "date": "15.06.19",
    "rating": "9",
    "author": "dldn****",
    "review_id": "10013134",
    "movie_id": "31794"
  },
  {
    "review": "3시간이 넘는 여정. 심심하지 않다.",
    "date": "15.06.19",
    "rating": "8",
    "author": "goko****",
    "review_id": "10012689",
    "movie_id": "31794"
  },
  {
    "review": "인생 최고의 영화 몇 번 봐도 안 질림",
    "date": "15.06.19",
    "rating": "10",
    "author": "j_an****",
    "review_id": "10011648",
    "movie_id": "31794"
  },
  {
    "review": "나를 올랜도 블룸과 피잭감독님 덕후로 만든 영화",
    "date": "15.06.07",
    "rating": "10",
    "author": "sysy****",
    "review_id": "9982434",
    "movie_id": "31794"
  },
  {
    "review": "말이 필요없는 최고의 영화",
    "date": "15.06.04",
    "rating": "10",
    "author": "ochi****",
    "review_id": "9975679",
    "movie_id": "31794"
  },
  {
    "review": "내인생 최고영화 와 진짜",
    "date": "15.05.31",
    "rating": "10",
    "author": "mimi****",
    "review_id": "9964435",
    "movie_id": "31794"
  },
  {
    "review": "아주재밌다 하지만 너무 길고 지루해서인지 10점이아니라 9점준다",
    "date": "15.05.30",
    "rating": "9",
    "author": "luck****",
    "review_id": "9961403",
    "movie_id": "31794"
  },
  {
    "review": "본작의 가치는 본작을 보면 알 수 있다.스펙타클함과 신비주의가 만든 21세기 최고의 작품중 하나",
    "date": "15.05.20",
    "rating": "9",
    "author": "thra****",
    "review_id": "9933097",
    "movie_id": "31794"
  },
  {
    "review": "다시봐도 흥미진진  다시봐도 흥미진진 !!",
    "date": "15.05.04",
    "rating": "10",
    "author": "fres****",
    "review_id": "9893678",
    "movie_id": "31794"
  },
  {
    "review": "완벽히 자연스러운 배경에 진하게 물들다.",
    "date": "15.05.04",
    "rating": "10",
    "author": "wnsq****",
    "review_id": "9891821",
    "movie_id": "31794"
  },
  {
    "review": "전설의 시작. 아직도 반지의 제왕 시리즈를 뛰어넘는 판타지 영화는 없다",
    "date": "15.04.26",
    "rating": "10",
    "author": "haju****",
    "review_id": "9871738",
    "movie_id": "31794"
  },
  {
    "review": "좋은 영화였다.. 다만 관객들을 암걸리게 할만한 주인공의 암 수준의 플레이는 보는이로 하여금 빡치게 만든다. 뭐 그런 면에서 영화가 탄생 한다고는 하나 .. 내가 샘이였으면 주인공 반 죽여놓았을듯.",
    "date": "15.04.25",
    "rating": "7",
    "author": "gydn****",
    "review_id": "9867804",
    "movie_id": "31794"
  },
  {
    "review": "하느님 감사합니다. 이런 영화를 보게 해주셔서",
    "date": "15.04.25",
    "rating": "10",
    "author": "jhj8****",
    "review_id": "9865797",
    "movie_id": "31794"
  },
  {
    "review": "cg만 난무하고 현실감이 전혀 없는 영화 ...재미없음  왕좌의 게임 짱",
    "date": "15.04.15",
    "rating": "6",
    "author": "ruki****",
    "review_id": "9846678",
    "movie_id": "31794"
  },
  {
    "review": "20세기 판타지의 진정한 시작",
    "date": "15.04.07",
    "rating": "9",
    "author": "syoc****",
    "review_id": "9833384",
    "movie_id": "31794"
  },
  {
    "review": "[ 스토리 10, 비주얼 10, 연출 10, 연기 9 ]　역사상 가장 위대한 판타지의 서막. 영상미와 캐릭터에 취해 지루할 틈이 없다.",
    "date": "15.04.06",
    "rating": "10",
    "author": "eyeb****",
    "review_id": "9830955",
    "movie_id": "31794"
  },
  {
    "review": "명작 그자체다. 진짜꼭봐야하는영화",
    "date": "15.04.04",
    "rating": "10",
    "author": "russ****",
    "review_id": "9825673",
    "movie_id": "31794"
  },
  {
    "review": "다신 이런영화 못본다.",
    "date": "15.04.01",
    "rating": "10",
    "author": "juni****",
    "review_id": "9820430",
    "movie_id": "31794"
  },
  {
    "review": "14년이 지난 지금 호빗3편을 모두 보고 다시 원정대를 보고 있습니다. 와.. 진짜 엄청나게 압축된 줄거리에 다시한번 감동과 재미를 선사하는군요. 사실 그 당시엔 무진장 지루하고 이해안가는 이름과 전쟁 이야기들때문에 힘들었었거든요.ㅋ",
    "date": "15.04.01",
    "rating": "10",
    "author": "getb****",
    "review_id": "9819777",
    "movie_id": "31794"
  },
  {
    "review": "원작에서 거의 벗어나거나 짤린게 없이 다 뽑아냈다",
    "date": "15.03.29",
    "rating": "9",
    "author": "hamj****",
    "review_id": "9815704",
    "movie_id": "31794"
  },
  {
    "review": "반지의제왕 4 나오면 얼마나 좋을까 ㅜㅜ",
    "date": "15.03.29",
    "rating": "10",
    "author": "king****",
    "review_id": "9815102",
    "movie_id": "31794"
  },
  {
    "review": "말이 필요하냐?10점올려",
    "date": "15.03.28",
    "rating": "10",
    "author": "tann****",
    "review_id": "9811129",
    "movie_id": "31794"
  },
  {
    "review": "희대의명작 피터잭슨감독님 너무 감사합니다",
    "date": "15.03.28",
    "rating": "10",
    "author": "tjrw****",
    "review_id": "9811054",
    "movie_id": "31794"
  },
  {
    "review": "내 생의 최고의 영화 정말 살아있을 때 봐서 감사한 작품 이 영화가 2000년대 초반에 나왔다는 게 믿기지가 않는다 톨킨은 천재다 영화로 연출한 피터 감독도 천재다 영화의 음악도 너무 좋다 선물을 받은 기분 영화관에서 못 본 게 너무 아쉬움",
    "date": "15.03.24",
    "rating": "10",
    "author": "he_9****",
    "review_id": "9803051",
    "movie_id": "31794"
  },
  {
    "review": "앞으로 이 영화보다 더 감동받을수 있는 영화가 나올려나..",
    "date": "15.03.23",
    "rating": "10",
    "author": "fnts****",
    "review_id": "9801222",
    "movie_id": "31794"
  },
  {
    "review": "최고의 영화. 마음먹고 전 편 다시 봤습니다. 언젠가 호빗 부터 다시 쭉 보며 책도 읽어 나가야 겠다고 생각했습니다.평생 팬이 되려합니다♡♡♡",
    "date": "15.03.21",
    "rating": "10",
    "author": "zhkc****",
    "review_id": "9796346",
    "movie_id": "31794"
  },
  {
    "review": "역대 최고의 시리즈 영화",
    "date": "15.03.20",
    "rating": "10",
    "author": "iatk****",
    "review_id": "9795776",
    "movie_id": "31794"
  },
  {
    "review": "호빗은 솔직히 반지의제왕 다짜내고만든   찌꺼기로만든듯",
    "date": "15.03.19",
    "rating": "10",
    "author": "jari****",
    "review_id": "9793728",
    "movie_id": "31794"
  },
  {
    "review": "호빗3부작 반지의제왕 3부작은 스타워즈 시리즈만큼이나 영화의 레전드다...정말 긴여정이었다....!!피터잭슨 땡큐",
    "date": "15.03.15",
    "rating": "10",
    "author": "cass****",
    "review_id": "9785950",
    "movie_id": "31794"
  },
  {
    "review": "찍느라 무지하게 고생했겠네,,, 근데  왜케 캐릭터들이 생동감이 없냐",
    "date": "15.03.15",
    "rating": "8",
    "author": "jyjn****",
    "review_id": "9782861",
    "movie_id": "31794"
  },
  {
    "review": "이런 영화는 다시 나올 수 없다. 아니 인정할 수 없다!",
    "date": "15.03.13",
    "rating": "10",
    "author": "fubu****",
    "review_id": "9778341",
    "movie_id": "31794"
  },
  {
    "review": "Cgv아저씨 왜 이거 재개봉 안해요?",
    "date": "15.03.13",
    "rating": "10",
    "author": "haye****",
    "review_id": "9777822",
    "movie_id": "31794"
  },
  {
    "review": "최고다 진짜 말이 필요없어..",
    "date": "15.03.10",
    "rating": "10",
    "author": "qkqh****",
    "review_id": "9771294",
    "movie_id": "31794"
  },
  {
    "review": "판타지계의 서막을 이끌었지",
    "date": "15.03.08",
    "rating": "8",
    "author": "binn****",
    "review_id": "9767591",
    "movie_id": "31794"
  },
  {
    "review": "왜 아무도 이영화의 ost에 대해서는 언급을안할까..정말 주옥같은 ost들..",
    "date": "15.03.06",
    "rating": "10",
    "author": "anrn****",
    "review_id": "9759471",
    "movie_id": "31794"
  },
  {
    "review": "프로도 베긴스와 반지 원정대 기나긴 여정의 시작!",
    "date": "15.02.28",
    "rating": "4",
    "author": "samg****",
    "review_id": "9745504",
    "movie_id": "31794"
  },
  {
    "review": "톨킨의 세계를 경험하라",
    "date": "15.02.24",
    "rating": "10",
    "author": "the4****",
    "review_id": "9735324",
    "movie_id": "31794"
  },
  {
    "review": "초딩때 극장에서 본 기억만 있다가 호빗 보고 다시 봤는데 1은 확실히 너무 길어... 보다 지치는감이 좀 있음",
    "date": "15.02.24",
    "rating": "8",
    "author": "kimj****",
    "review_id": "9733571",
    "movie_id": "31794"
  },
  {
    "review": "영화관에서 보지 못한게 두고두고 아쉽다... 재개봉했으면",
    "date": "15.02.22",
    "rating": "10",
    "author": "ghd6****",
    "review_id": "9729190",
    "movie_id": "31794"
  },
  {
    "review": "최고의 판타지 영화..",
    "date": "15.02.18",
    "rating": "10",
    "author": "hell****",
    "review_id": "9710027",
    "movie_id": "31794"
  },
  {
    "review": "호빗보고나서 반지의제왕 다시정주행했는데, 호빗3부작은 반지의제왕3부작의 발톱의떼다",
    "date": "15.02.16",
    "rating": "10",
    "author": "hajr****",
    "review_id": "9700855",
    "movie_id": "31794"
  },
  {
    "review": "이런 거대한 세계를 혼자서 창조해냈다는게 너무 신기함.",
    "date": "15.02.15",
    "rating": "10",
    "author": "dp30****",
    "review_id": "9698946",
    "movie_id": "31794"
  },
  {
    "review": "판타지의 대명사, 거대한 서사시. '호빗' 이라는 이름값이 모든 것을 커버한다. 하지만, 거기까지.",
    "date": "15.02.11",
    "rating": "7",
    "author": "alsd****",
    "review_id": "9685972",
    "movie_id": "31794"
  },
  {
    "review": "몇번이나 봤는지도 모르겠다 볼때마다 전율이 인다",
    "date": "15.02.08",
    "rating": "10",
    "author": "kimj****",
    "review_id": "9679644",
    "movie_id": "31794"
  },
  {
    "review": "전설의 시작. 모든 판타지의 근원",
    "date": "15.02.08",
    "rating": "10",
    "author": "huiw****",
    "review_id": "9679153",
    "movie_id": "31794"
  },
  {
    "review": "난 이 영화가 매우 재미 있고 다운로드 해서 집에서 보아야지~~~~",
    "date": "15.02.05",
    "rating": "10",
    "author": "yua2****",
    "review_id": "9670465",
    "movie_id": "31794"
  },
  {
    "review": "젠장... 난 너무 늦게 태어났어..",
    "date": "15.02.01",
    "rating": "10",
    "author": "howo****",
    "review_id": "9658163",
    "movie_id": "31794"
  },
  {
    "review": "이런 역사에 남을 대명작에 평점 1점주는애들은 진짜 양심이 있는 새키들이냐?",
    "date": "15.02.01",
    "rating": "10",
    "author": "sinn****",
    "review_id": "9657201",
    "movie_id": "31794"
  },
  {
    "review": "말이필요없다 진심으로",
    "date": "15.02.01",
    "rating": "10",
    "author": "real****",
    "review_id": "9657037",
    "movie_id": "31794"
  },
  {
    "review": "20세기 최고의 명작!! 반지 시리즈를 대형 스크린에서 보게된 것에 행복했다.",
    "date": "15.01.31",
    "rating": "10",
    "author": "cho1****",
    "review_id": "9655766",
    "movie_id": "31794"
  },
  {
    "review": "완전굿굿대박이다ㅋㅋ",
    "date": "15.01.28",
    "rating": "10",
    "author": "ttoy****",
    "review_id": "9645999",
    "movie_id": "31794"
  },
  {
    "review": "솔직히 말하면 평적깍을려고 1점주는게 아니라 진짜 저한테는 1점영화임 뭐 평점 깍는다고 비공감  쳐 누르겠지",
    "date": "15.01.28",
    "rating": "1",
    "author": "fdq2****",
    "review_id": "9645639",
    "movie_id": "31794"
  },
  {
    "review": "엄청난전투비루한엔딩",
    "date": "15.01.28",
    "rating": "7",
    "author": "thsd****",
    "review_id": "9644964",
    "movie_id": "31794"
  },
  {
    "review": "창조된 다른 지구위같은. 안경을 쓰지않아도 3D처럼 생생하네. 장면장면 아름다워. 와라즈같았어. 주인공마스크 정말 좋아.",
    "date": "15.01.27",
    "rating": "9",
    "author": "mida****",
    "review_id": "9641309",
    "movie_id": "31794"
  },
  {
    "review": "역사에 남을 판타지 전쟁의 서막",
    "date": "15.01.23",
    "rating": "8",
    "author": "jhbu****",
    "review_id": "9626036",
    "movie_id": "31794"
  },
  {
    "review": "무슨말이 필요함 그냥 명작임.",
    "date": "15.01.23",
    "rating": "10",
    "author": "hira****",
    "review_id": "9625788",
    "movie_id": "31794"
  },
  {
    "review": "이영화를 수십번 봤지만 볼때마다 소름이다... 앞으로 수천년안에 이런 명작이 나올까 궁금하다.",
    "date": "15.01.22",
    "rating": "10",
    "author": "ehal****",
    "review_id": "9623414",
    "movie_id": "31794"
  },
  {
    "review": "명성에 비해 솔직히 별로였다.. 미스테리나 SF, 판타지를 좋아하는 편이지만 이런 동화같은(?) 판타지는 취향에 안맞는 듯..",
    "date": "15.01.22",
    "rating": "7",
    "author": "gent****",
    "review_id": "9621241",
    "movie_id": "31794"
  },
  {
    "review": "벌써 14년 전 영화라는 것이 믿기지 않는다. 판타지영화의 교과서 지금 봐도 최근의 어느영화에 절대 뒤 떨어지지않는다.",
    "date": "15.01.20",
    "rating": "10",
    "author": "gobu****",
    "review_id": "9616375",
    "movie_id": "31794"
  },
  {
    "review": "이 시대 최고의 판타지 영화! 원작과 영화가 모두 훌륭하며, 10여 년 전 영화관에서 두어번씩 & dvd 일반판과 확장판을 또 두어번씩 & 호빗 개봉 후 또 두어번씩.. 몇 번을 보고 또 봐도 볼 때마다 흐뭇하고 새로운 걸작!",
    "date": "15.01.20",
    "rating": "10",
    "author": "yumi****",
    "review_id": "9614780",
    "movie_id": "31794"
  },
  {
    "review": "영화 역사상 가장 장대한 대서사시의 시작",
    "date": "15.01.19",
    "rating": "10",
    "author": "arti****",
    "review_id": "9614513",
    "movie_id": "31794"
  },
  {
    "review": "당시 영화관에서 세번 보고, 후에 비디오랑 dvd 사서 20번이상 돌려봤지만 봐도봐도 명품인 판타지영화.",
    "date": "15.01.19",
    "rating": "10",
    "author": "psy6****",
    "review_id": "9611717",
    "movie_id": "31794"
  },
  {
    "review": "역대 판타지 중에서 이토록 튼튼한 세계관과 잘 짜여진 작품을 본 적 없다.",
    "date": "15.01.19",
    "rating": "10",
    "author": "vgkm****",
    "review_id": "9611600",
    "movie_id": "31794"
  },
  {
    "review": "최고란 말로도 부족한영화",
    "date": "15.01.15",
    "rating": "10",
    "author": "wprl****",
    "review_id": "9597491",
    "movie_id": "31794"
  },
  {
    "review": "진짜 이영화 각 편마다 100번이상은 본듯ㅋㅋㅋ 근데 웃긴건 볼때마다 꿀잼이어서 계속 보게된다는..",
    "date": "15.01.13",
    "rating": "10",
    "author": "choi****",
    "review_id": "9589324",
    "movie_id": "31794"
  },
  {
    "review": "이것이바로전설의시작이군",
    "date": "15.01.12",
    "rating": "10",
    "author": "jwwj****",
    "review_id": "9588204",
    "movie_id": "31794"
  },
  {
    "review": "14년전 영화인데. 요즘 할리우드작이랑 비교해도 손색이 없는 최고의 판타지영화.",
    "date": "15.01.11",
    "rating": "10",
    "author": "msy6****",
    "review_id": "9582660",
    "movie_id": "31794"
  },
  {
    "review": "개봉때 보고 자금에서야 다시 보았다.반지 시리즈는 영화사에 길이남을 명작이될갓이다새로운 세계를 스크린에 창조한 이 초명작보다 걸작은 절대 나올수없다",
    "date": "15.01.10",
    "rating": "10",
    "author": "ckh0****",
    "review_id": "9582008",
    "movie_id": "31794"
  },
  {
    "review": "원정대 지루하다는 사람들 있는데 3편까지 다보고 다시보면 장면하나하나가 감동적이고 호빗까지 다보고 다시보면 이 영화의 완벽성에 온몸에 소름이 돋습니다.",
    "date": "15.01.10",
    "rating": "10",
    "author": "go05****",
    "review_id": "9578852",
    "movie_id": "31794"
  }
]