[
  {
    "review": "그냥 시간때우기용으로 재밌게 볼수있음",
    "date": "15.03.05",
    "rating": "7",
    "author": "awak****",
    "review_id": "9758498",
    "movie_id": "31791"
  },
  {
    "review": "가족이랑 같이 보면 좋을 호러물. 유쾌한 맛이 있네요. 공포의 계단이란 영화와  느낌이 비슷함.",
    "date": "14.08.26",
    "rating": "7",
    "author": "lion****",
    "review_id": "9136181",
    "movie_id": "31791"
  },
  {
    "review": "공포영화로서는 좀 글치만 영화 자체의 재미만 보면 괜찮지....ㅋㅋㅋ",
    "date": "12.11.06",
    "rating": "9",
    "author": "ehpt****",
    "review_id": "6860273",
    "movie_id": "31791"
  },
  {
    "review": "이렇게 지루하게 만드는 것도 재주",
    "date": "12.10.19",
    "rating": "1",
    "author": "lotu****",
    "review_id": "6812129",
    "movie_id": "31791"
  },
  {
    "review": "퍼즐 같은 스토리의 코믹 호러물로서 8점은 되는 작품",
    "date": "12.09.19",
    "rating": "9",
    "author": "wdoh****",
    "review_id": "6713721",
    "movie_id": "31791"
  },
  {
    "review": "어렸을적엔 참 재밌게 봤었는데.. 긴장감과 사운드만 괜찮다",
    "date": "12.06.13",
    "rating": "5",
    "author": "powe****",
    "review_id": "6388511",
    "movie_id": "31791"
  },
  {
    "review": "어릴적 추억 가브린...포스터만 무서웠징..;;",
    "date": "11.02.06",
    "rating": "7",
    "author": "crow****",
    "review_id": "5223008",
    "movie_id": "31791"
  },
  {
    "review": "비디오 출시명 <가브린> 공포와 코믹 어느쪽으로든 성에 찰 정돈 아니었던 기억",
    "date": "11.01.25",
    "rating": "5",
    "author": "gall****",
    "review_id": "5183815",
    "movie_id": "31791"
  },
  {
    "review": "재능이 대단치않은 감독치고는,이만하면 수고했다는 느낌?너무 많은 기대는 금물이다.",
    "date": "10.02.16",
    "rating": "6",
    "author": "baks****",
    "review_id": "4289210",
    "movie_id": "31791"
  },
  {
    "review": "88년도에 마산에서 봤다 부모님이랑. 어릴땐 정말 무서웠다.",
    "date": "09.04.09",
    "rating": "9",
    "author": "vbnm****",
    "review_id": "3411914",
    "movie_id": "31791"
  },
  {
    "review": "어렸을때 극장에서 본 영화~~~추억때문에 10점 준다 ㅎㅎ",
    "date": "09.02.14",
    "rating": "10",
    "author": "beau****",
    "review_id": "3301487",
    "movie_id": "31791"
  },
  {
    "review": "처음에는 진지한 드라마, 후반은 ‘데드얼라이브’풍. 그런데 전반적으로 빵점.",
    "date": "09.01.24",
    "rating": "2",
    "author": "acin****",
    "review_id": "3244219",
    "movie_id": "31791"
  },
  {
    "review": "코믹을 약간 섞은 소스맛으로만 색다르다 말할까?",
    "date": "09.01.12",
    "rating": "2",
    "author": "evil****",
    "review_id": "3216004",
    "movie_id": "31791"
  },
  {
    "review": "제작시기를 고려하면 잘 만든 거라 생각됨. 지금 보면 졸리 유치함..",
    "date": "09.01.04",
    "rating": "7",
    "author": "pass****",
    "review_id": "3188437",
    "movie_id": "31791"
  },
  {
    "review": "가브린의 공포가 시작되는구나",
    "date": "07.11.05",
    "rating": "6",
    "author": "deff****",
    "review_id": "2135385",
    "movie_id": "31791"
  },
  {
    "review": "초딩때 ㄷㄷㄷ하면서 본 기억이 있는데 지금 보니 코메디네.",
    "date": "07.02.17",
    "rating": "6",
    "author": "teo0****",
    "review_id": "1478829",
    "movie_id": "31791"
  },
  {
    "review": "꽤 재.미.있.는. 코믹호러 무비.",
    "date": "06.08.19",
    "rating": "7",
    "author": "zmgm****",
    "review_id": "1057934",
    "movie_id": "31791"
  },
  {
    "review": "재미있는 b급 코믹호러",
    "date": "06.06.19",
    "rating": "8",
    "author": "m150****",
    "review_id": "849990",
    "movie_id": "31791"
  },
  {
    "review": "영화가 어째 갈수록 이상해져요..",
    "date": "06.03.06",
    "rating": "4",
    "author": "lshp****",
    "review_id": "707159",
    "movie_id": "31791"
  },
  {
    "review": "와우! 기쁘다. 조잡한 장난같지만 숨겨진 컬트코믹 한 편 발견한 느낌.",
    "date": "04.12.24",
    "rating": "6",
    "author": "jtot****",
    "review_id": "168114",
    "movie_id": "31791"
  },
  {
    "review": "코믹호러는 그다지 좋아하지않는다.",
    "date": "04.09.14",
    "rating": "5",
    "author": "wind****",
    "review_id": "108138",
    "movie_id": "31791"
  }
]