[
  {
    "review": "스토리 대박..",
    "date": "12.06.17",
    "rating": "8",
    "author": "kth0****",
    "review_id": "6397046",
    "movie_id": "31799"
  },
  {
    "review": "나름 재밌음, 나같음 첨에 사고로 죽인줄 알았을 때 신고했음.ㅎㅎ",
    "date": "08.12.24",
    "rating": "7",
    "author": "hs00****",
    "review_id": "3146554",
    "movie_id": "31799"
  },
  {
    "review": "진실과 거짓을 넘나드는 반전의 반전. 영상미는 떨어지지만 스토리가 좋다",
    "date": "08.01.06",
    "rating": "9",
    "author": "lsyj****",
    "review_id": "2301474",
    "movie_id": "31799"
  },
  {
    "review": "그냥 7점 정도가 적당한영화?",
    "date": "07.10.15",
    "rating": "10",
    "author": "rizo****",
    "review_id": "2091665",
    "movie_id": "31799"
  },
  {
    "review": "저예산 티가 조금 나긴 하지만 훌륭했다",
    "date": "07.09.19",
    "rating": "9",
    "author": "ghos****",
    "review_id": "2031724",
    "movie_id": "31799"
  },
  {
    "review": "어지럽고 산만하고 모자란 느낌이지만 그런대로 재미도...",
    "date": "07.09.17",
    "rating": "6",
    "author": "hadl****",
    "review_id": "2027290",
    "movie_id": "31799"
  },
  {
    "review": "반전 재미있게 봤다~",
    "date": "07.09.15",
    "rating": "9",
    "author": "dign****",
    "review_id": "2022436",
    "movie_id": "31799"
  },
  {
    "review": "반전까지도 잼있는^^",
    "date": "07.06.19",
    "rating": "9",
    "author": "scra****",
    "review_id": "1708950",
    "movie_id": "31799"
  },
  {
    "review": "감동도 주고, 엠마톰슨의 연기도 좋고, 잘 봤습니다.",
    "date": "07.03.25",
    "rating": "8",
    "author": "data****",
    "review_id": "1553150",
    "movie_id": "31799"
  },
  {
    "review": "반전의 재미를 추구하려 했지만 2%씩 부족하게 과도했다고나 할까?",
    "date": "07.03.04",
    "rating": "7",
    "author": "neos****",
    "review_id": "1516962",
    "movie_id": "31799"
  },
  {
    "review": "단점만으로 영화를 깎아내리기엔 꽤 재미를 주는 영화",
    "date": "06.09.09",
    "rating": "6",
    "author": "donj****",
    "review_id": "1113455",
    "movie_id": "31799"
  },
  {
    "review": "최고의 반전!",
    "date": "06.08.27",
    "rating": "10",
    "author": "75ke****",
    "review_id": "1083404",
    "movie_id": "31799"
  },
  {
    "review": "놓치셨겠지만 자막 다 끝나고 나오는 또 하나의 반전...",
    "date": "06.04.24",
    "rating": "7",
    "author": "sepe****",
    "review_id": "773295",
    "movie_id": "31799"
  },
  {
    "review": "재미 요소를 위한 영화.. 그래도 볼만한..",
    "date": "05.04.25",
    "rating": "7",
    "author": "kawa****",
    "review_id": "265666",
    "movie_id": "31799"
  },
  {
    "review": "반전이 조금 아쉽네요..재미있게 봤슴",
    "date": "05.01.07",
    "rating": "7",
    "author": "aszm****",
    "review_id": "179248",
    "movie_id": "31799"
  },
  {
    "review": "그다지 나쁘지 않은 영화",
    "date": "04.09.14",
    "rating": "8",
    "author": "eute****",
    "review_id": "108589",
    "movie_id": "31799"
  },
  {
    "review": "소설보다 더 재미없는 이야기",
    "date": "04.06.23",
    "rating": "4",
    "author": "arie****",
    "review_id": "59061",
    "movie_id": "31799"
  },
  {
    "review": "스릴러라는 장르가 무색한 진부한 내용의 영화",
    "date": "04.04.11",
    "rating": "2",
    "author": "fire****",
    "review_id": "35973",
    "movie_id": "31799"
  }
]