[
  {
    "review": "1편 못지 않게 환상적이다...",
    "date": "15.08.22",
    "rating": "10",
    "author": "trex****",
    "review_id": "10261773",
    "movie_id": "31795"
  },
  {
    "review": "10점 만점이 부족할 정도다. 평생 두고 볼 마스터피스다. 꼭 봐라. 그리고 확장판으로 한번 더 봐라.",
    "date": "15.08.16",
    "rating": "10",
    "author": "heav****",
    "review_id": "10242385",
    "movie_id": "31795"
  },
  {
    "review": "최고 명작 중의 명작 ...",
    "date": "15.08.14",
    "rating": "10",
    "author": "haen****",
    "review_id": "10230573",
    "movie_id": "31795"
  },
  {
    "review": "역대급 전투씬 ㄷㄷㄷㄱ",
    "date": "15.08.13",
    "rating": "10",
    "author": "make****",
    "review_id": "10222148",
    "movie_id": "31795"
  },
  {
    "review": "내 생에 최고의 영화..!!",
    "date": "15.08.07",
    "rating": "10",
    "author": "dont****",
    "review_id": "10196186",
    "movie_id": "31795"
  },
  {
    "review": "톨킨의 유산,현실이 되다",
    "date": "15.08.04",
    "rating": "10",
    "author": "ujum****",
    "review_id": "10182960",
    "movie_id": "31795"
  },
  {
    "review": "비고모텐슨♡♡갠적으로 에오윈과 이어지길 바랬는데..ㅜ진짜 반지의제왕은 전투씬이 압권임. 근데 요정군대가 많이 안나온게 아쉽다..앤트들이 전쟁나갈때 감동!15년이 지나서도 아직도 기억난다.",
    "date": "15.08.02",
    "rating": "8",
    "author": "sehe****",
    "review_id": "10175557",
    "movie_id": "31795"
  },
  {
    "review": "판타지를 좋아하는 사람이라면 안보면 후회할 영화! 특히나 골룸과 스미골의 내면연기는 일품!",
    "date": "15.07.31",
    "rating": "9",
    "author": "zxvt****",
    "review_id": "10164821",
    "movie_id": "31795"
  },
  {
    "review": "다시봐도 흥미로운 영화",
    "date": "15.07.29",
    "rating": "10",
    "author": "hdh0****",
    "review_id": "10155802",
    "movie_id": "31795"
  },
  {
    "review": "웅장하고 거대한 전쟁씬은 매우 훌륭하다. 분량을 잃어버리기 쉬운 캐릭터들도 놓치지 않고 잘 담은 것도 좋았다.",
    "date": "15.07.21",
    "rating": "6",
    "author": "inos****",
    "review_id": "10126009",
    "movie_id": "31795"
  },
  {
    "review": "난갠적으로 반지의제왕보다는 호빗시리즈가 훨씬재밌던데..반지의제왕은 프로도때문에 짜증나고 보기싫음 그리고 약간 오버하는거 같고....",
    "date": "15.07.14",
    "rating": "7",
    "author": "dhdz****",
    "review_id": "10104874",
    "movie_id": "31795"
  },
  {
    "review": "배우들의 연기력, 스케일, 줄거리 모두 흠잡을데 없는 명작!!",
    "date": "15.07.09",
    "rating": "10",
    "author": "53tr****",
    "review_id": "10081972",
    "movie_id": "31795"
  },
  {
    "review": "캬~~몇번을 봐도 질리지가 않네...",
    "date": "15.07.08",
    "rating": "8",
    "author": "kenn****",
    "review_id": "10080269",
    "movie_id": "31795"
  },
  {
    "review": "피터 잭슨이  반지의 제왕 3편 촬영을 동시에 시작한건 진짜 신의한수. 굉장한 2편. 수작",
    "date": "15.07.02",
    "rating": "9",
    "author": "kasi****",
    "review_id": "10061209",
    "movie_id": "31795"
  },
  {
    "review": "10년이 지났지만, 여운은 아직도..",
    "date": "15.06.27",
    "rating": "10",
    "author": "lsh5****",
    "review_id": "10043363",
    "movie_id": "31795"
  },
  {
    "review": "1편을 본후에 생긴 기대감을 충족시키고도 남은 작품. 더커진 기대감은 3편을 향한다.",
    "date": "15.06.23",
    "rating": "9",
    "author": "hi38****",
    "review_id": "10024603",
    "movie_id": "31795"
  },
  {
    "review": "정말 최고의 영화. 어떤 영화보다도 멋지고 아름답다",
    "date": "15.06.08",
    "rating": "10",
    "author": "kybn****",
    "review_id": "9984869",
    "movie_id": "31795"
  },
  {
    "review": "이런 대작 다신 못볼것같다",
    "date": "15.05.31",
    "rating": "10",
    "author": "mimi****",
    "review_id": "9964431",
    "movie_id": "31795"
  },
  {
    "review": "The Lord Of The Rings: The Two Towers, 2002",
    "date": "15.05.23",
    "rating": "10",
    "author": "shyg****",
    "review_id": "9940539",
    "movie_id": "31795"
  },
  {
    "review": "이던 시리즈를 다봐야함!",
    "date": "15.05.18",
    "rating": "8",
    "author": "rlat****",
    "review_id": "9929594",
    "movie_id": "31795"
  },
  {
    "review": "상승과 하강에 의한 최고의 돌격",
    "date": "15.04.30",
    "rating": "10",
    "author": "wnsq****",
    "review_id": "9880416",
    "movie_id": "31795"
  },
  {
    "review": "아라곤 30대로 봤는뎅.... 57살...",
    "date": "15.04.11",
    "rating": "10",
    "author": "sunn****",
    "review_id": "9840614",
    "movie_id": "31795"
  },
  {
    "review": "이영화만 20번은 본 것 같습니다 봐도봐도 질리지 않는 클라스;;",
    "date": "15.04.09",
    "rating": "10",
    "author": "9969****",
    "review_id": "9835769",
    "movie_id": "31795"
  },
  {
    "review": "3 개의 분리된 파트로 나눠짐에도 불구하고 중요한 하나의 길을 잃지 않는다",
    "date": "15.04.07",
    "rating": "9",
    "author": "syoc****",
    "review_id": "9833390",
    "movie_id": "31795"
  },
  {
    "review": "[ 스토리 10, 비주얼 10, 연출 10, 연기 9 ]　전작부터 이어져온 영상미에 적응될 때즘, 압도적 전투신에 시선을 빼앗기다.",
    "date": "15.04.06",
    "rating": "10",
    "author": "eyeb****",
    "review_id": "9830962",
    "movie_id": "31795"
  },
  {
    "review": "아라곤진짜진짜 멋져!",
    "date": "15.04.05",
    "rating": "10",
    "author": "sung****",
    "review_id": "9828474",
    "movie_id": "31795"
  },
  {
    "review": "반지의 제왕의 웅장함은 함부로 넘볼수 없지",
    "date": "15.03.29",
    "rating": "9",
    "author": "hamj****",
    "review_id": "9815708",
    "movie_id": "31795"
  },
  {
    "review": "희대의명작 피터잭슨감독님 너무 감사합니다",
    "date": "15.03.28",
    "rating": "10",
    "author": "tjrw****",
    "review_id": "9811053",
    "movie_id": "31795"
  },
  {
    "review": "역대 최악의 영화 시리즈",
    "date": "15.03.19",
    "rating": "1",
    "author": "4pka****",
    "review_id": "9792795",
    "movie_id": "31795"
  },
  {
    "review": "역대 최고의 영화 시리즈",
    "date": "15.03.19",
    "rating": "10",
    "author": "iatk****",
    "review_id": "9792549",
    "movie_id": "31795"
  },
  {
    "review": "이런 영화는 두번 다시 못본다",
    "date": "15.03.17",
    "rating": "10",
    "author": "juni****",
    "review_id": "9789884",
    "movie_id": "31795"
  },
  {
    "review": "헬름협곡 전투가 명작이었다.",
    "date": "15.03.15",
    "rating": "10",
    "author": "pico****",
    "review_id": "9786247",
    "movie_id": "31795"
  },
  {
    "review": "영화에서 절대 잊지 말아야할것, 시나리오, 캐릭터",
    "date": "15.03.15",
    "rating": "8",
    "author": "jyjn****",
    "review_id": "9782856",
    "movie_id": "31795"
  },
  {
    "review": "완벽하다라는 말 밖에는 할 말이 없다...",
    "date": "15.03.14",
    "rating": "10",
    "author": "ulla****",
    "review_id": "9782149",
    "movie_id": "31795"
  },
  {
    "review": "1편만큼 재밌는 2편. 이렇게 속편을 기대해본 영화도 없었고 실망하지 않은 영화도 없었다.",
    "date": "15.03.13",
    "rating": "10",
    "author": "fubu****",
    "review_id": "9778345",
    "movie_id": "31795"
  },
  {
    "review": "대규모 전투신이 진짜 영화 역사상 길이 남을 영화이죠! 극장에서 소름 돋았던 기억이 아직도 생생합니다.",
    "date": "15.03.07",
    "rating": "9",
    "author": "choc****",
    "review_id": "9762028",
    "movie_id": "31795"
  },
  {
    "review": "쉬는날에 보면 더욱 더 재밌다 ...",
    "date": "15.03.06",
    "rating": "10",
    "author": "sksr****",
    "review_id": "9759478",
    "movie_id": "31795"
  },
  {
    "review": "허허헉...헉 소리나는 화면의 연속 !!!  기나긴~전초전을 지나서~ 시작이다.",
    "date": "15.03.04",
    "rating": "2",
    "author": "samg****",
    "review_id": "9756065",
    "movie_id": "31795"
  },
  {
    "review": "퀄리티는 괜찮은데 너무 러닝타임이 길다.(눈 빠지는 줄)",
    "date": "15.02.27",
    "rating": "8",
    "author": "jung****",
    "review_id": "9743202",
    "movie_id": "31795"
  },
  {
    "review": "다시봐도  협곡의 공성전은 명장면! 다만 전엔 몰랐지만 너무 긴  러닝타임은  초중반이 좀 지루함;;",
    "date": "15.02.25",
    "rating": "9",
    "author": "kimj****",
    "review_id": "9736368",
    "movie_id": "31795"
  },
  {
    "review": "시리즈 영화 중 감히 최고인 반지의 제왕 시리즈 중 감히 최고는 2편이다",
    "date": "15.02.22",
    "rating": "10",
    "author": "ghd6****",
    "review_id": "9729199",
    "movie_id": "31795"
  },
  {
    "review": "'반지의제왕'이 먼저나왔기에 '호빗'시리즈에 실망을할수밖에없었다",
    "date": "15.02.16",
    "rating": "10",
    "author": "hajr****",
    "review_id": "9700876",
    "movie_id": "31795"
  },
  {
    "review": "왜 아무도 김리는 신경쓰지 않는건데ㅋㅋㅋㅋ",
    "date": "15.02.15",
    "rating": "10",
    "author": "dp30****",
    "review_id": "9698949",
    "movie_id": "31795"
  },
  {
    "review": "마지막 1시간의 전투씬만 봐도 이 영화는 10점을 주는 것에 대해 말할 것이 없다.",
    "date": "15.02.08",
    "rating": "10",
    "author": "huiw****",
    "review_id": "9679119",
    "movie_id": "31795"
  },
  {
    "review": "이것만큼 위대한 판타지는 존재할 수 없다.",
    "date": "15.02.04",
    "rating": "10",
    "author": "rlae****",
    "review_id": "9666386",
    "movie_id": "31795"
  },
  {
    "review": "나무족들의 파워가 장난이 아냐.",
    "date": "15.02.04",
    "rating": "8",
    "author": "pont****",
    "review_id": "9665086",
    "movie_id": "31795"
  },
  {
    "review": "그냥  말이 필요없음..",
    "date": "15.02.03",
    "rating": "10",
    "author": "moog****",
    "review_id": "9664838",
    "movie_id": "31795"
  },
  {
    "review": "저 잠깐 팬티좀 갈아입을게요",
    "date": "15.02.03",
    "rating": "10",
    "author": "khh9****",
    "review_id": "9664055",
    "movie_id": "31795"
  },
  {
    "review": "무조건 10점!!!! 기적은 언제나 스스로 노력하는 사람에게 있다는 교훈을 다시 한 번 주네. 세오덴 왕이 스스로 일어서는 장면에서, 그리고 세오덴 왕이 일어선 순간 기적이 일어나는 장면에서 눈물을 흘렸다.",
    "date": "15.01.24",
    "rating": "10",
    "author": "giri****",
    "review_id": "9630347",
    "movie_id": "31795"
  },
  {
    "review": "기대 이상, 상상 이상의 전쟁과 명장면들",
    "date": "15.01.23",
    "rating": "10",
    "author": "jhbu****",
    "review_id": "9626041",
    "movie_id": "31795"
  },
  {
    "review": "반지의 제왕이여 영원하라~~~!!!",
    "date": "15.01.22",
    "rating": "10",
    "author": "dlaw****",
    "review_id": "9624551",
    "movie_id": "31795"
  },
  {
    "review": "판타지영화의 교과서.",
    "date": "15.01.20",
    "rating": "10",
    "author": "gobu****",
    "review_id": "9616378",
    "movie_id": "31795"
  },
  {
    "review": "이 시대 최고의 판타지 영화! 원작과 영화가 모두 훌륭하며, 10여 년 전 영화관에서 두어번씩 & dvd 일반판과 확장판을 또 두어번씩 & 호빗 개봉 후 또 두어번씩.. 몇 번을 보고 또 봐도 볼 때마다 흐뭇하고 새로운 걸작!",
    "date": "15.01.20",
    "rating": "10",
    "author": "yumi****",
    "review_id": "9614783",
    "movie_id": "31795"
  },
  {
    "review": "진짜 최고의 판타지 수작이라 자부할 수 있다.",
    "date": "15.01.19",
    "rating": "10",
    "author": "vgkm****",
    "review_id": "9611606",
    "movie_id": "31795"
  },
  {
    "review": "힘겨운 전쟁 그사이에서 빛나는 아름다운 우정",
    "date": "15.01.13",
    "rating": "10",
    "author": "sahy****",
    "review_id": "9590592",
    "movie_id": "31795"
  },
  {
    "review": "헬름협곡 전투씬은 정말 어떻게 찍어낸 것일까? 그것도 그 당시에..피터잭슨은 정말 중간계인인가보다..깨알출연도 그렇고말이다",
    "date": "15.01.11",
    "rating": "9",
    "author": "ohmr****",
    "review_id": "9585722",
    "movie_id": "31795"
  },
  {
    "review": "로히림... 클리프전투신은 최고의 장면중 하나다.",
    "date": "15.01.11",
    "rating": "10",
    "author": "msy6****",
    "review_id": "9582662",
    "movie_id": "31795"
  },
  {
    "review": "존나재밋네 몇번을봐도 개잼",
    "date": "15.01.07",
    "rating": "10",
    "author": "kkkh****",
    "review_id": "9569785",
    "movie_id": "31795"
  },
  {
    "review": "몇번째 봐도 또 재밌다 .",
    "date": "15.01.06",
    "rating": "9",
    "author": "jjog****",
    "review_id": "9567156",
    "movie_id": "31795"
  },
  {
    "review": "얼마나 대작이었냐면 영화 내려가고나서 1년 인가 2년 지나서 해운대 메가박스에서 1.2.3 재개봉했는데 관중 꽉찼었음",
    "date": "15.01.04",
    "rating": "10",
    "author": "kimk****",
    "review_id": "9559076",
    "movie_id": "31795"
  },
  {
    "review": "경악할 러닝타임에 경악할 몰입도와 재미  good.",
    "date": "15.01.03",
    "rating": "10",
    "author": "iron****",
    "review_id": "9558049",
    "movie_id": "31795"
  },
  {
    "review": "헬름협곡에서의 레골라스 퀄리티,,,",
    "date": "15.01.03",
    "rating": "10",
    "author": "wwws****",
    "review_id": "9557675",
    "movie_id": "31795"
  },
  {
    "review": "[재탕]7살때 DVD로 보고 한동안 다시 못봐서 조금 잊어버렸는데 호빗 볼려고 재탕했는데 다시 봐도 역시 훌륭했다",
    "date": "15.01.03",
    "rating": "9",
    "author": "osow****",
    "review_id": "9556448",
    "movie_id": "31795"
  },
  {
    "review": "이것이 정말 10년이 넘은 영화인가..",
    "date": "14.12.29",
    "rating": "9",
    "author": "kyd9****",
    "review_id": "9532430",
    "movie_id": "31795"
  },
  {
    "review": "내 인생 최고의 영화!!!",
    "date": "14.12.27",
    "rating": "10",
    "author": "mint****",
    "review_id": "9525007",
    "movie_id": "31795"
  },
  {
    "review": "영화 사상 가장 완벽하게 창조된 세계",
    "date": "14.12.27",
    "rating": "10",
    "author": "arti****",
    "review_id": "9523002",
    "movie_id": "31795"
  },
  {
    "review": "한마디로 요약하자면 내 심장을 더 빠르게 뛰게 한다.",
    "date": "14.12.26",
    "rating": "10",
    "author": "zack****",
    "review_id": "9521765",
    "movie_id": "31795"
  },
  {
    "review": "어떻게 2002년도 영화에 나온영화라고 할수있을까",
    "date": "14.12.25",
    "rating": "10",
    "author": "seo9****",
    "review_id": "9514226",
    "movie_id": "31795"
  },
  {
    "review": "이 시리즈는 정말 두고두고 남을 명작이라 생각합니다",
    "date": "14.12.25",
    "rating": "10",
    "author": "jenn****",
    "review_id": "9514055",
    "movie_id": "31795"
  },
  {
    "review": "영화막판 로한기마대의 돌격씬은 내평생 잊지못할 전율적인 장면중 하나였다고 생각된다.",
    "date": "14.12.25",
    "rating": "10",
    "author": "kmte****",
    "review_id": "9512947",
    "movie_id": "31795"
  },
  {
    "review": "21세기 가장 위대한 3부작 영화...10점밖에 주지 못한다는 것이 안타깝다...100점을 줘도 모자란 영화",
    "date": "14.12.25",
    "rating": "10",
    "author": "cbhu****",
    "review_id": "9510279",
    "movie_id": "31795"
  },
  {
    "review": "상상이 현실로 되어서 다가온 영화!",
    "date": "14.12.23",
    "rating": "10",
    "author": "clou****",
    "review_id": "9505471",
    "movie_id": "31795"
  },
  {
    "review": "위대한 이야기의 사람들은 선택의 기로에서도 흔들리지 않았다.이걸 제작년에봤을때 당시 재수생이었던 나는 큰 감동을 받았다...",
    "date": "14.12.23",
    "rating": "10",
    "author": "dldn****",
    "review_id": "9505248",
    "movie_id": "31795"
  },
  {
    "review": "이건 말이 필요없습니다.",
    "date": "14.12.23",
    "rating": "10",
    "author": "hdk0****",
    "review_id": "9505098",
    "movie_id": "31795"
  },
  {
    "review": "아라곤, 레골라스 진짜...좋다 +개명작 와....",
    "date": "14.12.23",
    "rating": "10",
    "author": "elws****",
    "review_id": "9504802",
    "movie_id": "31795"
  },
  {
    "review": "아라곤 레골라스가 다했쟈나여....흑흑",
    "date": "14.12.23",
    "rating": "10",
    "author": "woo_****",
    "review_id": "9503117",
    "movie_id": "31795"
  },
  {
    "review": "판타지 영화의 끝판왕중에서도 끝판왕이 바로 반지의 제왕 시리즈다.",
    "date": "14.12.23",
    "rating": "10",
    "author": "zndz****",
    "review_id": "9502897",
    "movie_id": "31795"
  },
  {
    "review": "최고의 트릴로지 반지의제왕",
    "date": "14.12.22",
    "rating": "10",
    "author": "lotr****",
    "review_id": "9502010",
    "movie_id": "31795"
  },
  {
    "review": "호빗은 절대 반지의 제왕을 뛰어넘을 수 없다",
    "date": "14.12.22",
    "rating": "10",
    "author": "god1****",
    "review_id": "9501017",
    "movie_id": "31795"
  },
  {
    "review": "주기적으로 계속 재개봉했으면 좋겠다.",
    "date": "14.12.22",
    "rating": "10",
    "author": "bahn****",
    "review_id": "9500133",
    "movie_id": "31795"
  },
  {
    "review": "판타지영화의 바이블같은 존재 말이필요없다",
    "date": "14.12.22",
    "rating": "10",
    "author": "naka****",
    "review_id": "9500079",
    "movie_id": "31795"
  },
  {
    "review": "너무재미있는판타지영화",
    "date": "14.12.21",
    "rating": "10",
    "author": "hseo****",
    "review_id": "9498926",
    "movie_id": "31795"
  },
  {
    "review": "마스터 피스. 할말이 필요없는 최고 영화.",
    "date": "14.12.21",
    "rating": "10",
    "author": "dbgo****",
    "review_id": "9498834",
    "movie_id": "31795"
  },
  {
    "review": "현존하는 최고의 영화임",
    "date": "14.12.20",
    "rating": "10",
    "author": "sen0****",
    "review_id": "9493430",
    "movie_id": "31795"
  },
  {
    "review": "후후 후 오우 완잼 꿀잼 왕우",
    "date": "14.12.20",
    "rating": "10",
    "author": "wolf****",
    "review_id": "9492166",
    "movie_id": "31795"
  },
  {
    "review": "중학교때 친구들이 레골라스흉내를 많이 냈었지",
    "date": "14.12.19",
    "rating": "10",
    "author": "nada****",
    "review_id": "9490777",
    "movie_id": "31795"
  },
  {
    "review": "언제나 봐도 빠져드는 명작",
    "date": "14.12.19",
    "rating": "10",
    "author": "dbru****",
    "review_id": "9490733",
    "movie_id": "31795"
  },
  {
    "review": "간달프의 재등장, 여러 종족의 등장, 호빗의 용맹함, 사루만의 몰락...너무나 재밌었다.",
    "date": "14.12.19",
    "rating": "10",
    "author": "godt****",
    "review_id": "9487907",
    "movie_id": "31795"
  },
  {
    "review": "엘프지원군에서 눈물남",
    "date": "14.12.18",
    "rating": "10",
    "author": "woo9****",
    "review_id": "9486163",
    "movie_id": "31795"
  },
  {
    "review": "호빗시리즈 3편을 다보고 나서야 반지의 제왕 시리즈3부작이 얼마나 뛰어난 영화인지 다시한번 느끼게 되었다",
    "date": "14.12.18",
    "rating": "10",
    "author": "kmh0****",
    "review_id": "9484251",
    "movie_id": "31795"
  },
  {
    "review": "시리즈 중 최고의 작품일듯. 전투신의 강렬한 인상은 그 어떤 영화중에 최고라고 말할 수 있다. 극장에서 본게 자랑인 영화중 하나.",
    "date": "14.12.18",
    "rating": "10",
    "author": "maey****",
    "review_id": "9483726",
    "movie_id": "31795"
  },
  {
    "review": "내인생 최고의 영화 이런 영화를 다시 볼 수 있을까",
    "date": "14.12.13",
    "rating": "10",
    "author": "hida****",
    "review_id": "9470527",
    "movie_id": "31795"
  },
  {
    "review": "말로 표현할수 없는 명작. 몇번이고 다시봐도 소름돋는 영화다.",
    "date": "14.12.13",
    "rating": "10",
    "author": "doul****",
    "review_id": "9469953",
    "movie_id": "31795"
  },
  {
    "review": "말이 필요한가 보는것이 답이다",
    "date": "14.12.05",
    "rating": "10",
    "author": "daly****",
    "review_id": "9450217",
    "movie_id": "31795"
  },
  {
    "review": "반지의제왕 시리즈 너무좋다 그냥 좋다",
    "date": "14.12.05",
    "rating": "10",
    "author": "rlae****",
    "review_id": "9448671",
    "movie_id": "31795"
  },
  {
    "review": "으어 쩐다 진짜 대박이다",
    "date": "14.11.29",
    "rating": "10",
    "author": "dkrl****",
    "review_id": "9433602",
    "movie_id": "31795"
  },
  {
    "review": "중학교때 아빠따라서 뭣도모르고 극장가서봤는데 지금의나를 톨킨빠순이여성팬으로 만들어준 영화입니다 내 인생판타지영화중 최고라 할 수 있습니다",
    "date": "14.11.27",
    "rating": "10",
    "author": "pipi****",
    "review_id": "9425388",
    "movie_id": "31795"
  },
  {
    "review": "무슨말이 필요할까?>",
    "date": "14.11.25",
    "rating": "10",
    "author": "noda****",
    "review_id": "9421118",
    "movie_id": "31795"
  },
  {
    "review": "3시간이 넘는 확장판 런닝 타임에도 지루하긴 커녕 짧다고만 느껴진다. 1,2,3편 다 합쳐서 봐도 지치지 않을 자신있어",
    "date": "14.11.24",
    "rating": "10",
    "author": "woxn****",
    "review_id": "9419001",
    "movie_id": "31795"
  },
  {
    "review": "내 살아생전에 이런 영화가 또 나올까요..?피터잭슨 감독님 감사합니다~",
    "date": "14.11.21",
    "rating": "10",
    "author": "tjfl****",
    "review_id": "9405445",
    "movie_id": "31795"
  }
]