[
  {
    "review": "호러블 어보미네이션 오브 멘카인드.이게 존재하는게 소름....이걸로 상받은것도 소름....뭔 스릴러물에 스릴은 없고...감동도 없고 재미도 없고...답도없고...'더 로드'라는 똥영화계의 절대자가 있는데, 그거에 대적할만함 ㅇㅇ",
    "date": "15.08.21",
    "rating": "1",
    "author": "tyra****",
    "review_id": "10260086",
    "movie_id": "31809"
  },
  {
    "review": "금화 아파트....,",
    "date": "15.07.06",
    "rating": "10",
    "author": "con1****",
    "review_id": "10076305",
    "movie_id": "31809"
  },
  {
    "review": "뭔재미로 봐야하나요?",
    "date": "15.06.12",
    "rating": "1",
    "author": "tian****",
    "review_id": "9993249",
    "movie_id": "31809"
  },
  {
    "review": "이렇게나 많은 복선을 나는 놓쳤네. 유심히 관찰하며 , 분위기를 즐긴다면 수배로 소름 돋을 소름.",
    "date": "15.04.01",
    "rating": "7",
    "author": "eleg****",
    "review_id": "9819227",
    "movie_id": "31809"
  },
  {
    "review": "당대 최고의 명배우들의 소름끼치는 열연을 보는 것 만으로도...너무도 안타깝고 아름다운 장진영님...보고 싶습니다.",
    "date": "14.12.26",
    "rating": "9",
    "author": "imsn****",
    "review_id": "9520308",
    "movie_id": "31809"
  },
  {
    "review": "빨려들게 했으나 마지막이 결말이 약하다.",
    "date": "14.12.14",
    "rating": "7",
    "author": "marc****",
    "review_id": "9473982",
    "movie_id": "31809"
  },
  {
    "review": "덜 만든 요리를 대접 받는 기분. 감미료를 쳐서 먹기엔 요리자체가 맛없는데?",
    "date": "14.11.14",
    "rating": "6",
    "author": "iii1****",
    "review_id": "9381446",
    "movie_id": "31809"
  },
  {
    "review": "호불호가 갈릴 듯한 작품. 김명민 영화 데뷔작",
    "date": "14.10.20",
    "rating": "7",
    "author": "toto****",
    "review_id": "9303969",
    "movie_id": "31809"
  },
  {
    "review": "장진영의 매력을 알게됨...",
    "date": "14.08.29",
    "rating": "7",
    "author": "yana****",
    "review_id": "9142767",
    "movie_id": "31809"
  },
  {
    "review": "아무생각 없이 봤는데 나름 수작 다시보고 싶은 영화",
    "date": "14.08.23",
    "rating": "9",
    "author": "skys****",
    "review_id": "9123133",
    "movie_id": "31809"
  },
  {
    "review": "솔직히 장진영 노출빼곤 없잖아.너무사랑해서 죽인여자가 이복동생이란게 반전이면 반전아닌영화 없는듯 싶은데..",
    "date": "14.08.19",
    "rating": "7",
    "author": "a109****",
    "review_id": "9109739",
    "movie_id": "31809"
  },
  {
    "review": "보이지  않는 공포를 잘 살려냈다. 한편의 고딕소설을 보고 난 기분이다. 재목이 잘 어울리는 영화다.",
    "date": "14.05.09",
    "rating": "10",
    "author": "rnrn****",
    "review_id": "8717096",
    "movie_id": "31809"
  },
  {
    "review": "옛날영화의영상미 외엔 장진영 엄청난 흡연량을 요구하는 것만 기억나는 영화",
    "date": "14.03.26",
    "rating": "2",
    "author": "rlaw****",
    "review_id": "8607144",
    "movie_id": "31809"
  },
  {
    "review": "아쉬운 점이 정말 많습니다 하지만 좋은 점도 많아 더욱 아쉽게 느껴지는 것 같습니다",
    "date": "14.01.02",
    "rating": "8",
    "author": "2_dp****",
    "review_id": "8337331",
    "movie_id": "31809"
  },
  {
    "review": "이런 영화가 묻혔다니 아쉽네요",
    "date": "13.12.28",
    "rating": "8",
    "author": "figh****",
    "review_id": "8317245",
    "movie_id": "31809"
  },
  {
    "review": "제목과 장르를 보고 영화를 선택했다면 무서운 장면이 거의 없는 이 영화가 소름끼칠 정도로 지루하게 느껴질 수 있다. 하지만 장르에 대한 기대를 잠시 접어두면, 두 주연 배우의 놀라운 연기와 영화 전체를 짓누르고 있는 불안한 분위기가 인상적이다.",
    "date": "13.12.20",
    "rating": "6",
    "author": "zxc1****",
    "review_id": "8254843",
    "movie_id": "31809"
  },
  {
    "review": "뭔가 많은것을 보여주려고 한거 같은데 한 가지만 집중해서 터뜨렸으면 좀 더 나은 영화가 되지 않았을까 하는 아쉬움이 있는 영화",
    "date": "13.12.15",
    "rating": "8",
    "author": "cota****",
    "review_id": "8215937",
    "movie_id": "31809"
  },
  {
    "review": "너무 기대했나..반전은 괜찮았는데 전체적으로 전혀 무서운 분위기는 아니고 오히려 슬픈 느낌.",
    "date": "13.11.13",
    "rating": "7",
    "author": "ehwj****",
    "review_id": "8134715",
    "movie_id": "31809"
  },
  {
    "review": "둘은 이복동생.. 귀신을 안부서워하는 이들은 사람이 더 무섭다는 걸 알기 때문이지.. 라스트에 불이 꺼졌다 켜졌다하는 아파트를 상대로 저주를 퍼붓는 김명민의 눈빛 연기는 일품",
    "date": "13.11.06",
    "rating": "7",
    "author": "danz****",
    "review_id": "8117655",
    "movie_id": "31809"
  },
  {
    "review": "지금 보는중 .. 장진영씨 참 이쁘네요",
    "date": "13.11.03",
    "rating": "10",
    "author": "pibl****",
    "review_id": "8112135",
    "movie_id": "31809"
  },
  {
    "review": "무서워",
    "date": "13.09.23",
    "rating": "10",
    "author": "skd9****",
    "review_id": "8012489",
    "movie_id": "31809"
  },
  {
    "review": "ㅇㅇ",
    "date": "13.08.29",
    "rating": "10",
    "author": "retw****",
    "review_id": "7931878",
    "movie_id": "31809"
  },
  {
    "review": "보이지 않는 공포. 하지만 흡입력이 굉장하다.",
    "date": "13.08.28",
    "rating": "8",
    "author": "cube****",
    "review_id": "7929258",
    "movie_id": "31809"
  },
  {
    "review": "ㅇㅇ",
    "date": "13.08.21",
    "rating": "8",
    "author": "won4****",
    "review_id": "7908866",
    "movie_id": "31809"
  },
  {
    "review": "김명민 팬이라면 필히 봐야한다. 공포영화라기보단 호러드라마 같은 느낌... 그런데 사람을 끌어들인다",
    "date": "13.07.27",
    "rating": "9",
    "author": "lgok****",
    "review_id": "7790275",
    "movie_id": "31809"
  },
  {
    "review": "조금 지루했지만 잘 만든 영화",
    "date": "13.07.24",
    "rating": "9",
    "author": "epak****",
    "review_id": "7780238",
    "movie_id": "31809"
  },
  {
    "review": "결론 없음, 그냥 그렇다는 이야기...",
    "date": "13.07.15",
    "rating": "2",
    "author": "rose****",
    "review_id": "7745008",
    "movie_id": "31809"
  },
  {
    "review": "이정도면 우리나라 감독이만든 공포영화치곤 괜찮다 나라면 30년전에 잃어버린 아들이 바로 용현(김명민)으로 했을텐데...",
    "date": "13.06.21",
    "rating": "8",
    "author": "free****",
    "review_id": "7662498",
    "movie_id": "31809"
  },
  {
    "review": "공포영화가 이렇게 여운이 남기도 힘들지, 잘 만든 영화! 연기도 좋았다",
    "date": "13.05.20",
    "rating": "8",
    "author": "abra****",
    "review_id": "7544852",
    "movie_id": "31809"
  },
  {
    "review": "게살줬더니 게맛살이 더 맛있다며..;;",
    "date": "13.03.17",
    "rating": "10",
    "author": "uuju****",
    "review_id": "7356485",
    "movie_id": "31809"
  },
  {
    "review": "걸작이 될뻔했던 수작.절대 졸작은 아니다.그러나 공포의밀도와 깊이,그리고 강도에서,링이나,주온씨리즈같은,일본산 J-호러에는,명함도 못 내민다.가능성을 가능성으로만 남겨두는 것은,일종의 직무유기가 아닌가말야...차라리 이용주의 불신지옥이 훨씬 더 무섭다",
    "date": "13.03.15",
    "rating": "4",
    "author": "baks****",
    "review_id": "7348108",
    "movie_id": "31809"
  },
  {
    "review": "전체적으로 보면 훌륭하다..하지만 초, 중반 전개가 너무 지루하다..초, 중반에도 시청자의 눈을 사로잡을 뭔가를 넣었으면 좀 괜찮았을듯",
    "date": "13.02.03",
    "rating": "4",
    "author": "choi****",
    "review_id": "7218289",
    "movie_id": "31809"
  },
  {
    "review": "호러는 항상 정치적으로 다뤄야한다는 장르적 열등의식",
    "date": "12.11.20",
    "rating": "4",
    "author": "rd72****",
    "review_id": "6907368",
    "movie_id": "31809"
  },
  {
    "review": "나름 재미 있다.",
    "date": "12.08.24",
    "rating": "10",
    "author": "ssky****",
    "review_id": "6641097",
    "movie_id": "31809"
  },
  {
    "review": "아 진짜 재미없다.",
    "date": "12.07.27",
    "rating": "1",
    "author": "luv8****",
    "review_id": "6540224",
    "movie_id": "31809"
  },
  {
    "review": "저런 아파트에 살 수 밖에 없는 현실이 소름인 것 같다.",
    "date": "12.05.29",
    "rating": "6",
    "author": "kusa****",
    "review_id": "6344821",
    "movie_id": "31809"
  },
  {
    "review": "장진영 아직도 당신을 잊지 않았습니다.ㅜㅜ",
    "date": "12.05.14",
    "rating": "10",
    "author": "lys7****",
    "review_id": "6298743",
    "movie_id": "31809"
  },
  {
    "review": "비극이 반복되는 아파트. 가고 싶지도 살고 싶지도 않지만 어쩌면 이곳에 있는지도",
    "date": "12.04.27",
    "rating": "7",
    "author": "jgo0****",
    "review_id": "6250426",
    "movie_id": "31809"
  },
  {
    "review": "긴장감은 떨어졌지만 장진영이 그립다.",
    "date": "12.03.13",
    "rating": "7",
    "author": "itsm****",
    "review_id": "6141115",
    "movie_id": "31809"
  },
  {
    "review": "잼없다.더무서운건없나?",
    "date": "12.01.03",
    "rating": "1",
    "author": "27xx****",
    "review_id": "5957870",
    "movie_id": "31809"
  },
  {
    "review": "전혀 소름안돋았음. 식상했으나 모 배우들 연기가 좋았고 그런대로 볼만했음. 조안 ㅠ",
    "date": "11.11.28",
    "rating": "6",
    "author": "kis5****",
    "review_id": "5876673",
    "movie_id": "31809"
  },
  {
    "review": "당시에 괜찮게 봤었지만 귀신들린 아파트 와 주인공의 개연성을 너무 어설프게 표현",
    "date": "11.11.22",
    "rating": "6",
    "author": "foun****",
    "review_id": "5864916",
    "movie_id": "31809"
  },
  {
    "review": "절대 잊을 수 없는 이 영화의 공간과 빗소리, 그리고 두 배우.",
    "date": "11.09.18",
    "rating": "8",
    "author": "gate****",
    "review_id": "5739322",
    "movie_id": "31809"
  },
  {
    "review": "재미있었음 장진영씨는 정말 아까운 배우네요",
    "date": "11.08.14",
    "rating": "10",
    "author": "upi1****",
    "review_id": "5647972",
    "movie_id": "31809"
  },
  {
    "review": "삶과 죽음... 그 무엇이 그 둘을 갈랐는가... 그것은 자기 뿌리에 대한 믿음이리라.",
    "date": "11.05.20",
    "rating": "7",
    "author": "kos4****",
    "review_id": "5440009",
    "movie_id": "31809"
  },
  {
    "review": "<소름>끼치도록 지루했던 영화",
    "date": "10.10.25",
    "rating": "5",
    "author": "sbr0****",
    "review_id": "4920933",
    "movie_id": "31809"
  },
  {
    "review": "공포가 배경이 되는 영화,,,눈에보이는 것보다 심리적인 공포에 중점을 둠,,",
    "date": "10.09.24",
    "rating": "10",
    "author": "rapa****",
    "review_id": "4865598",
    "movie_id": "31809"
  },
  {
    "review": "한국 스릴러 영화의 수작, 진짜 최고다.",
    "date": "10.09.05",
    "rating": "10",
    "author": "heid****",
    "review_id": "4817953",
    "movie_id": "31809"
  },
  {
    "review": "세트,연출,연기",
    "date": "10.08.17",
    "rating": "7",
    "author": "idko****",
    "review_id": "4757581",
    "movie_id": "31809"
  },
  {
    "review": "잘 모르겠네요.... 영화보는 눈이 제가 없나 봅니다 ^^",
    "date": "10.07.29",
    "rating": "7",
    "author": "ljm1****",
    "review_id": "4684630",
    "movie_id": "31809"
  },
  {
    "review": "우중충한 분위기와 김명민 캐릭터 괜찮았음",
    "date": "10.06.20",
    "rating": "8",
    "author": "seun****",
    "review_id": "4577917",
    "movie_id": "31809"
  },
  {
    "review": "소스라치게 무서운건 없지만 분위기 하나만으로도 꽤 볼만했던 수작.",
    "date": "10.06.08",
    "rating": "9",
    "author": "kpjs****",
    "review_id": "4552387",
    "movie_id": "31809"
  },
  {
    "review": "잊혀지지 않는 잔상과 장진영이라는 배우의 대단함을 알게 했던 영화",
    "date": "10.05.03",
    "rating": "10",
    "author": "like****",
    "review_id": "4475864",
    "movie_id": "31809"
  },
  {
    "review": "두 배우의 열연이 빛났던 영화... 막 무섭진않은데 왠지 찝찝함ㅜㅜ",
    "date": "10.04.19",
    "rating": "10",
    "author": "aisi****",
    "review_id": "4443679",
    "movie_id": "31809"
  },
  {
    "review": "연기는 훌륭하다",
    "date": "10.03.10",
    "rating": "8",
    "author": "pkh0****",
    "review_id": "4348479",
    "movie_id": "31809"
  },
  {
    "review": "너는 그냥 쓰레기",
    "date": "10.01.28",
    "rating": "1",
    "author": "epri****",
    "review_id": "4215697",
    "movie_id": "31809"
  },
  {
    "review": "소름보단 여운이 길게 남았던",
    "date": "10.01.03",
    "rating": "10",
    "author": "fcbr****",
    "review_id": "4124969",
    "movie_id": "31809"
  },
  {
    "review": "김명민과 장진영의 뛰어난 연기력",
    "date": "09.12.11",
    "rating": "10",
    "author": "joha****",
    "review_id": "4035117",
    "movie_id": "31809"
  },
  {
    "review": "영화라고 꼭 보고 즐기라고 만드는건 아닌데..-0-;;",
    "date": "09.12.03",
    "rating": "10",
    "author": "124k****",
    "review_id": "4012231",
    "movie_id": "31809"
  },
  {
    "review": "취향은 다르지만 이게 지루하다면 영화 볼줄 아는건지???트레스포머나 보삼",
    "date": "09.09.05",
    "rating": "10",
    "author": "knkn****",
    "review_id": "3813450",
    "movie_id": "31809"
  },
  {
    "review": "우연을 통한 놀라움과 공포.. 좀 약하다..",
    "date": "09.09.05",
    "rating": "6",
    "author": "jung****",
    "review_id": "3813387",
    "movie_id": "31809"
  },
  {
    "review": "9점 이상은 나와야 될 영화! 귀신이 나오지 않아도 무서울수 있다는 걸 보여준다.",
    "date": "09.09.05",
    "rating": "10",
    "author": "s980****",
    "review_id": "3812060",
    "movie_id": "31809"
  },
  {
    "review": "이게 정말 공포영화이다. 삶 속까지 파고드는 공포영화.",
    "date": "09.09.04",
    "rating": "10",
    "author": "kimj****",
    "review_id": "3811555",
    "movie_id": "31809"
  },
  {
    "review": "조금만 신경써지.. 진짜 대단한 공포영화 될뻔했슴.. 마지막에 김명민 연기 ㄷㄷ....",
    "date": "09.09.04",
    "rating": "10",
    "author": "ghos****",
    "review_id": "3811353",
    "movie_id": "31809"
  },
  {
    "review": "저도 처음으로 본 영화인만큼 삼가 고인의 명복을 빕니다.",
    "date": "09.09.04",
    "rating": "10",
    "author": "haeu****",
    "review_id": "3811142",
    "movie_id": "31809"
  },
  {
    "review": "고 장진영씨가 이 영화에도 출연했었군요~",
    "date": "09.09.02",
    "rating": "10",
    "author": "benc****",
    "review_id": "3806865",
    "movie_id": "31809"
  },
  {
    "review": "좋은곳으로 가셨기를.....ㅠㅠ",
    "date": "09.09.02",
    "rating": "10",
    "author": "zigz****",
    "review_id": "3805970",
    "movie_id": "31809"
  },
  {
    "review": "고인의 명복을 빕니다..",
    "date": "09.09.02",
    "rating": "10",
    "author": "like****",
    "review_id": "3805920",
    "movie_id": "31809"
  },
  {
    "review": "명복을 빕니다",
    "date": "09.09.01",
    "rating": "10",
    "author": "arie****",
    "review_id": "3805264",
    "movie_id": "31809"
  },
  {
    "review": "고인의 명복을 빕니다...",
    "date": "09.09.01",
    "rating": "10",
    "author": "cnjs****",
    "review_id": "3805246",
    "movie_id": "31809"
  },
  {
    "review": "10개로는 모자르다. 줄 수 있는 만큼 주고싶다.",
    "date": "09.09.01",
    "rating": "10",
    "author": "kus4****",
    "review_id": "3804898",
    "movie_id": "31809"
  },
  {
    "review": "김명민 장진영 연기 좋은데 영화내용이 뭔;;; 공포는 아니잖아-",
    "date": "09.08.03",
    "rating": "1",
    "author": "sohp****",
    "review_id": "3702301",
    "movie_id": "31809"
  },
  {
    "review": "장면보다도 스토리가 공포다. 연기파 남녀배우의 신인시절보는 재미도 있고...",
    "date": "09.07.06",
    "rating": "8",
    "author": "meme****",
    "review_id": "3615036",
    "movie_id": "31809"
  },
  {
    "review": "표현과 전달이 잘 안된듯...",
    "date": "09.05.16",
    "rating": "1",
    "author": "sjti****",
    "review_id": "3499873",
    "movie_id": "31809"
  },
  {
    "review": "연기는 잘하는데 최고 지루하고 반전이라하긴 모한 난해한 영화",
    "date": "09.04.14",
    "rating": "1",
    "author": "ctct****",
    "review_id": "3420942",
    "movie_id": "31809"
  },
  {
    "review": "뻔한 반전이긴 하지만 물 흐르듯 자연스럽게 이어지는 스토리가 맘에든다",
    "date": "09.03.18",
    "rating": "10",
    "author": "alll****",
    "review_id": "3373568",
    "movie_id": "31809"
  },
  {
    "review": "이거 공포가 아니잖아 멜로야-_-;",
    "date": "09.01.23",
    "rating": "6",
    "author": "sams****",
    "review_id": "3240781",
    "movie_id": "31809"
  },
  {
    "review": "초반엔 좀 지루하다가 마지막 20분이 좋았네요. 김명민의 연기도 좋았구요.",
    "date": "09.01.18",
    "rating": "10",
    "author": "lsw0****",
    "review_id": "3228522",
    "movie_id": "31809"
  },
  {
    "review": "참고 끝까지 봤더니 엔딩까지 배신을 하는군 자장가 우욱",
    "date": "09.01.07",
    "rating": "10",
    "author": "chil****",
    "review_id": "3198640",
    "movie_id": "31809"
  },
  {
    "review": "고급스러운 공포물이라고 할까 그렇게 무섭지는 않았다",
    "date": "08.12.08",
    "rating": "6",
    "author": "deff****",
    "review_id": "3099461",
    "movie_id": "31809"
  },
  {
    "review": "내가 본 국내공포영화중 최고가 아닌가 싶다..슬프고 조용하고 무섭다...",
    "date": "08.11.08",
    "rating": "10",
    "author": "hana****",
    "review_id": "3040732",
    "movie_id": "31809"
  },
  {
    "review": "잘 보았습니다",
    "date": "08.11.06",
    "rating": "10",
    "author": "whit****",
    "review_id": "3037638",
    "movie_id": "31809"
  },
  {
    "review": "이게뭐야? 주제가 뭐야?",
    "date": "08.11.04",
    "rating": "1",
    "author": "ense****",
    "review_id": "3034027",
    "movie_id": "31809"
  },
  {
    "review": "무섭지도, 소름이 돋지도 않는 아무런 느낌 없는 영화",
    "date": "08.10.25",
    "rating": "6",
    "author": "woqj****",
    "review_id": "3019480",
    "movie_id": "31809"
  },
  {
    "review": "소름끼친다",
    "date": "08.10.23",
    "rating": "10",
    "author": "ms72****",
    "review_id": "3014376",
    "movie_id": "31809"
  },
  {
    "review": "집이 사람을 죽이지는 않아. 사람이 사람을 죽이지",
    "date": "08.10.13",
    "rating": "8",
    "author": "teo0****",
    "review_id": "2997560",
    "movie_id": "31809"
  },
  {
    "review": "영화평점은 믿을게 못된다. 평점 낮아도 봤는데 보길잘했다. 멜로라고 말하는건 어휴",
    "date": "08.10.10",
    "rating": "10",
    "author": "pjk8****",
    "review_id": "2992492",
    "movie_id": "31809"
  },
  {
    "review": "소재도 분위기도...장진영의 소름끼치는 연기도 멋진데...좀 지루",
    "date": "08.09.05",
    "rating": "7",
    "author": "egyp****",
    "review_id": "2923269",
    "movie_id": "31809"
  },
  {
    "review": "오싹하다...",
    "date": "08.09.03",
    "rating": "10",
    "author": "yong****",
    "review_id": "2919173",
    "movie_id": "31809"
  },
  {
    "review": "어설픈 멜로영화는 질색이다",
    "date": "08.08.19",
    "rating": "4",
    "author": "love****",
    "review_id": "2887657",
    "movie_id": "31809"
  },
  {
    "review": "전율이 느껴진다",
    "date": "08.07.28",
    "rating": "10",
    "author": "dudg****",
    "review_id": "2812596",
    "movie_id": "31809"
  },
  {
    "review": "병맛인 홍성진은 이해할 수 없는 국내산 최고의 공포물이다",
    "date": "08.05.28",
    "rating": "9",
    "author": "donj****",
    "review_id": "2667597",
    "movie_id": "31809"
  },
  {
    "review": "이건 좀 짱입니다",
    "date": "08.04.29",
    "rating": "10",
    "author": "asdl****",
    "review_id": "2604675",
    "movie_id": "31809"
  },
  {
    "review": "정말지루하다못해평점 검색 후 다시보기로해서끝까지본영화. 마지막엔..등이 시렵다",
    "date": "08.04.18",
    "rating": "9",
    "author": "cota****",
    "review_id": "2587048",
    "movie_id": "31809"
  },
  {
    "review": "이건쫌수작",
    "date": "08.02.05",
    "rating": "10",
    "author": "spsp****",
    "review_id": "2409819",
    "movie_id": "31809"
  },
  {
    "review": "괜찮은데 이 영화..",
    "date": "08.01.26",
    "rating": "7",
    "author": "hcje****",
    "review_id": "2373982",
    "movie_id": "31809"
  },
  {
    "review": "장진영 베드신보고 깜짝놀랐다.. 이런",
    "date": "08.01.09",
    "rating": "9",
    "author": "rlaw****",
    "review_id": "2310162",
    "movie_id": "31809"
  },
  {
    "review": "연기는 괜찮은것 같지만 지루함",
    "date": "08.01.05",
    "rating": "6",
    "author": "milk****",
    "review_id": "2300396",
    "movie_id": "31809"
  },
  {
    "review": "지루한느낌속에서도조금씩조여오는긴장감!정말무섭다",
    "date": "07.10.24",
    "rating": "10",
    "author": "hope****",
    "review_id": "2108254",
    "movie_id": "31809"
  },
  {
    "review": "반전은 좀 허접하지만.. 우중충한 배경, 연기력은 괜찮았다.",
    "date": "07.10.21",
    "rating": "7",
    "author": "evil****",
    "review_id": "2102442",
    "movie_id": "31809"
  }
]