[
  {
    "review": "너무도 꿈같은 영화였던.. 그 어떤 판타지 영화보다 더 마법같았던 영화. 그리고 고마웠던 영화.",
    "date": "15.02.27",
    "rating": "10",
    "author": "moog****",
    "review_id": "9744891",
    "movie_id": "31810"
  },
  {
    "review": "한 편의 시같은 영화.. 그 섬에 가보고 싶어졌다.",
    "date": "14.02.21",
    "rating": "10",
    "author": "hada****",
    "review_id": "8525117",
    "movie_id": "31810"
  },
  {
    "review": "내가 이상한가?",
    "date": "13.08.22",
    "rating": "5",
    "author": "mirj****",
    "review_id": "7910547",
    "movie_id": "31810"
  },
  {
    "review": "칠흑 같은 오랜 슬픔 속에서 질끈 감고 있던 두 눈을 뜨니, 섬이 보이는구나",
    "date": "13.08.14",
    "rating": "8",
    "author": "cek2****",
    "review_id": "7878427",
    "movie_id": "31810"
  },
  {
    "review": "한줄기 따스한 햇살같은 영화라고나 할까??",
    "date": "12.09.26",
    "rating": "9",
    "author": "sf11****",
    "review_id": "6733940",
    "movie_id": "31810"
  },
  {
    "review": "현실을 지극히 비정형적인 시선으로",
    "date": "11.10.30",
    "rating": "9",
    "author": "koll****",
    "review_id": "5818426",
    "movie_id": "31810"
  },
  {
    "review": "7년만에 다시 본 슬픈 판타지 드라마. 진지하고 난해하지만 뭔가를 말하려는 시도.",
    "date": "10.12.03",
    "rating": "7",
    "author": "deka****",
    "review_id": "5017450",
    "movie_id": "31810"
  },
  {
    "review": "무거운내용, 이해하기어려운 연출력이 작품성과 항상 비례하는건 아니다.",
    "date": "10.10.07",
    "rating": "6",
    "author": "ejia****",
    "review_id": "4889625",
    "movie_id": "31810"
  },
  {
    "review": "작품성 있는 영화다!",
    "date": "09.12.01",
    "rating": "10",
    "author": "sfar****",
    "review_id": "4007885",
    "movie_id": "31810"
  },
  {
    "review": "새로운시도에 한표, 인상적이고 몽환적이었음...",
    "date": "09.09.07",
    "rating": "10",
    "author": "musu****",
    "review_id": "3818122",
    "movie_id": "31810"
  },
  {
    "review": "한 때 당신의 영화가 나의 꽃섬이었다. 내게 꿈이 지속됨을 증명해 달라.",
    "date": "09.01.26",
    "rating": "8",
    "author": "ike_****",
    "review_id": "3251621",
    "movie_id": "31810"
  },
  {
    "review": "아름다운 언니들의 여행",
    "date": "08.07.30",
    "rating": "10",
    "author": "besa****",
    "review_id": "2817901",
    "movie_id": "31810"
  },
  {
    "review": "앞으로 다들 평점 잘쓰고 감독도 영화좀 잘 만들어라",
    "date": "08.07.27",
    "rating": "1",
    "author": "anis****",
    "review_id": "2806533",
    "movie_id": "31810"
  },
  {
    "review": "일탈.",
    "date": "07.11.19",
    "rating": "10",
    "author": "donb****",
    "review_id": "2165075",
    "movie_id": "31810"
  },
  {
    "review": "그녀는 어디로 갔을까",
    "date": "07.11.16",
    "rating": "9",
    "author": "meta****",
    "review_id": "2156817",
    "movie_id": "31810"
  },
  {
    "review": "모든슬픔을 잊게해주는...그리고 아우라처럼 일상으로...",
    "date": "07.10.14",
    "rating": "9",
    "author": "shin****",
    "review_id": "2090779",
    "movie_id": "31810"
  },
  {
    "review": "재밌는데 왜 태클이지?  재미없으면 니들은 만화나봐라.액션보든가.",
    "date": "07.08.17",
    "rating": "10",
    "author": "sinj****",
    "review_id": "1950135",
    "movie_id": "31810"
  },
  {
    "review": "알수없는 감동.. 처음부터 끝까지 잠시도 눈을 뗄 수 없다~",
    "date": "07.06.21",
    "rating": "9",
    "author": "crul****",
    "review_id": "1712084",
    "movie_id": "31810"
  },
  {
    "review": "'삼포가는 길'이 생각났다. 둘은 많이 닮아있다. 그러나 많이 다르다",
    "date": "07.05.30",
    "rating": "9",
    "author": "heod****",
    "review_id": "1672300",
    "movie_id": "31810"
  },
  {
    "review": "영화라고 불리울스있는 영화",
    "date": "07.02.04",
    "rating": "10",
    "author": "ktkt****",
    "review_id": "1443568",
    "movie_id": "31810"
  },
  {
    "review": "크리스마스에 꽃섬에 가다..",
    "date": "06.12.25",
    "rating": "9",
    "author": "risi****",
    "review_id": "1327436",
    "movie_id": "31810"
  },
  {
    "review": "가끔 이런 영화가 그립다...",
    "date": "06.09.09",
    "rating": "9",
    "author": "sbrl****",
    "review_id": "1114465",
    "movie_id": "31810"
  },
  {
    "review": "일곤아~~ 왜 만들었니??? 영화는 감독의 자기만족이 아니란다...",
    "date": "06.08.22",
    "rating": "1",
    "author": "azir****",
    "review_id": "1069362",
    "movie_id": "31810"
  },
  {
    "review": "도저히 말로는 못하겠다. 나도꽃섬갈래",
    "date": "06.07.26",
    "rating": "10",
    "author": "alcl****",
    "review_id": "924209",
    "movie_id": "31810"
  },
  {
    "review": "어디론가 다녀온 듯한 여운",
    "date": "06.06.23",
    "rating": "10",
    "author": "rena****",
    "review_id": "854099",
    "movie_id": "31810"
  },
  {
    "review": "각도에 따라 색깔이 변하는 보석처럼 볼때마다 다른 느낌이다.",
    "date": "06.05.21",
    "rating": "10",
    "author": "bro3****",
    "review_id": "809331",
    "movie_id": "31810"
  },
  {
    "review": "평점..너무 높다~",
    "date": "06.05.03",
    "rating": "3",
    "author": "wook****",
    "review_id": "784821",
    "movie_id": "31810"
  },
  {
    "review": "세상 끝으로의 여행",
    "date": "06.04.08",
    "rating": "9",
    "author": "dive****",
    "review_id": "753493",
    "movie_id": "31810"
  },
  {
    "review": "정말 여운이 진하게 남는 영화. 마지막 장면은 잊을 수 없다.",
    "date": "06.03.11",
    "rating": "10",
    "author": "kapo****",
    "review_id": "712790",
    "movie_id": "31810"
  },
  {
    "review": "이런 몇 몇 영화땜에 스크린쿼터에 반대~최고라할순 없지만.",
    "date": "06.02.19",
    "rating": "9",
    "author": "kamu****",
    "review_id": "681299",
    "movie_id": "31810"
  },
  {
    "review": "아주촘촘한그물로건지려했지만,제대로건진것이하나도없다",
    "date": "06.02.07",
    "rating": "5",
    "author": "izzo****",
    "review_id": "653010",
    "movie_id": "31810"
  },
  {
    "review": "내의지로삶은이어져가는것일까 아니면그반대인것일까",
    "date": "06.01.29",
    "rating": "10",
    "author": "rena****",
    "review_id": "630324",
    "movie_id": "31810"
  },
  {
    "review": "관계를 말하는 듯 하면서 인간 본연의 고독에 대해 말하는 영화",
    "date": "06.01.04",
    "rating": "10",
    "author": "sosi****",
    "review_id": "558071",
    "movie_id": "31810"
  },
  {
    "review": "꽃섬은 아름다웠다.",
    "date": "05.12.23",
    "rating": "10",
    "author": "incr****",
    "review_id": "523303",
    "movie_id": "31810"
  },
  {
    "review": "고딩학예회수준의판에박힌서구영화언어를절제하느것이과제",
    "date": "05.12.22",
    "rating": "5",
    "author": "heru****",
    "review_id": "519586",
    "movie_id": "31810"
  },
  {
    "review": "송일곤 영화는 어디론가 떠나고 싶게 만든다.",
    "date": "05.11.13",
    "rating": "9",
    "author": "blue****",
    "review_id": "473591",
    "movie_id": "31810"
  },
  {
    "review": "예술성이 꽉차서 인내심이 많이 필요한 영화",
    "date": "05.10.28",
    "rating": "5",
    "author": "beet****",
    "review_id": "457265",
    "movie_id": "31810"
  },
  {
    "review": "역겨운 삶을 헤쳐가는 힘겨운 희망에 대한 판타지.",
    "date": "05.08.25",
    "rating": "10",
    "author": "kjun****",
    "review_id": "383739",
    "movie_id": "31810"
  },
  {
    "review": "이게 최고가 아니라면 뭐가 최고라는건지...",
    "date": "05.08.01",
    "rating": "10",
    "author": "drco****",
    "review_id": "345864",
    "movie_id": "31810"
  },
  {
    "review": "최지연씨는 여기 링크된 그 젊은 최지연이 아닌데...",
    "date": "05.07.30",
    "rating": "8",
    "author": "wan_****",
    "review_id": "342786",
    "movie_id": "31810"
  },
  {
    "review": "그 섬에 가고 싶다..",
    "date": "05.07.14",
    "rating": "10",
    "author": "shsg****",
    "review_id": "322123",
    "movie_id": "31810"
  },
  {
    "review": "이창동 김기덕 박찬욱 감독들과 어깨를 나란히할 송일곤",
    "date": "05.06.03",
    "rating": "10",
    "author": "ok_a****",
    "review_id": "292616",
    "movie_id": "31810"
  },
  {
    "review": "본지 꽤 됐는데.. 어어부 밴드도 나오고 ㅋ",
    "date": "05.04.23",
    "rating": "10",
    "author": "seul****",
    "review_id": "264631",
    "movie_id": "31810"
  },
  {
    "review": "이 정도면 최고다..",
    "date": "05.04.05",
    "rating": "10",
    "author": "nost****",
    "review_id": "253929",
    "movie_id": "31810"
  },
  {
    "review": "역한 현실적인 영화라 생각했다..그러나 엔딩은 꿈인가?...",
    "date": "05.04.02",
    "rating": "9",
    "author": "gnca****",
    "review_id": "252064",
    "movie_id": "31810"
  },
  {
    "review": "여운이 심하게 남는다...",
    "date": "05.03.11",
    "rating": "10",
    "author": "lott****",
    "review_id": "238922",
    "movie_id": "31810"
  },
  {
    "review": "인내력 있는 사람은 끝까지 볼 수 있다",
    "date": "05.02.24",
    "rating": "7",
    "author": "plan****",
    "review_id": "228747",
    "movie_id": "31810"
  },
  {
    "review": "여운이 남는다, 그러나 좀 많이 부족함을 느낀다,,",
    "date": "05.01.16",
    "rating": "9",
    "author": "myon****",
    "review_id": "187628",
    "movie_id": "31810"
  },
  {
    "review": "신세한탄이나 하는 처량한 로드무비",
    "date": "04.11.10",
    "rating": "7",
    "author": "htop****",
    "review_id": "143392",
    "movie_id": "31810"
  },
  {
    "review": "혜나, 검은 눈물 아래 떨어지는 니 아이. 넌 희망을 낳았다.",
    "date": "04.11.08",
    "rating": "10",
    "author": "dada****",
    "review_id": "142172",
    "movie_id": "31810"
  },
  {
    "review": "정말 재미있습니다. 감동적인 부분이 많아요",
    "date": "04.08.08",
    "rating": "10",
    "author": "echa****",
    "review_id": "86458",
    "movie_id": "31810"
  },
  {
    "review": "그냥 추천 한표 던진다.",
    "date": "04.06.20",
    "rating": "9",
    "author": "gian****",
    "review_id": "57149",
    "movie_id": "31810"
  },
  {
    "review": "약간 지루하다",
    "date": "04.06.09",
    "rating": "7",
    "author": "nams****",
    "review_id": "52063",
    "movie_id": "31810"
  },
  {
    "review": "너무너무오랫동안여운이남는영화",
    "date": "04.01.28",
    "rating": "8",
    "author": "ryug****",
    "review_id": "13950",
    "movie_id": "31810"
  }
]