[
  {
    "review": "이 영화 앞에서 오만함은 고개를 내린다.",
    "date": "15.08.26",
    "rating": "9",
    "author": "tjsd****",
    "review_id": "10275556",
    "movie_id": "31827"
  },
  {
    "review": "괴기스런 분장을 한 여장남자가 끔찍한 가사로 노래를 불러거부감이 컸던 영화; 하지만 뮤지컬도 영화도 유명해서 인내심과 용기를 내 보았다. 여운이 짙게 남는데 그 여운의 정체가 뭔지를 모르겠다;;... 두 번 볼 것을 추천! 거부감이 빠지면 잼있다!",
    "date": "15.08.21",
    "rating": "7",
    "author": "ces1****",
    "review_id": "10259291",
    "movie_id": "31827"
  },
  {
    "review": "이시대에 잊고살아가는 사랑의 근본적인것을 보여주는 영화",
    "date": "15.07.20",
    "rating": "10",
    "author": "syr1****",
    "review_id": "10124267",
    "movie_id": "31827"
  },
  {
    "review": "DENY ME AND BE DOOMED",
    "date": "15.07.16",
    "rating": "10",
    "author": "tige****",
    "review_id": "10109185",
    "movie_id": "31827"
  },
  {
    "review": "거부감전혀없었고 한셀이부르는 노래는다좋더라전혀옛날 영화아닌거같고 보고많은걸느끼게해줌..",
    "date": "15.07.08",
    "rating": "10",
    "author": "tnwl****",
    "review_id": "10081425",
    "movie_id": "31827"
  },
  {
    "review": "노래,연출,연기,캐릭터설정,배경,스토리구성 머하나 빠질게 없다.그야말로 완벽한 영화다..혁명적인 영화,멋진 영화 머라 다표현할수 없음에 안타까울뿐..",
    "date": "15.07.02",
    "rating": "10",
    "author": "rkd0****",
    "review_id": "10059516",
    "movie_id": "31827"
  },
  {
    "review": "deny me and be doomed",
    "date": "15.07.01",
    "rating": "10",
    "author": "schr****",
    "review_id": "10057805",
    "movie_id": "31827"
  },
  {
    "review": "그냥우연히 록스타에 관한영화인줄로만알고봤다가 사랑을찾는것에대해 생각해본영화",
    "date": "15.06.28",
    "rating": "10",
    "author": "sm26****",
    "review_id": "10046034",
    "movie_id": "31827"
  },
  {
    "review": "믿을수 없다... 이런영화를 나온지 10년뒤에 보다니..",
    "date": "15.06.26",
    "rating": "10",
    "author": "choi****",
    "review_id": "10038372",
    "movie_id": "31827"
  },
  {
    "review": "존 카메론 미첼이 녹여낸 록 뮤지컬의 잊지 못할 감동.",
    "date": "15.06.26",
    "rating": "9",
    "author": "ogr5****",
    "review_id": "10037248",
    "movie_id": "31827"
  },
  {
    "review": "그도 그녀도 아닌 주인공의 삶을 녹여낸 노래들이 잔잔한 무언가를 준다. 독일의 통일이라는 빅엿(?)을 선사하는 세상앞에서도 다시 화장하고 가발을 쓰고 절망을 노래에 흘려보내는 거 하나는 멋있었다.",
    "date": "15.06.09",
    "rating": "7",
    "author": "dbwj****",
    "review_id": "9985881",
    "movie_id": "31827"
  },
  {
    "review": "내 인생 최고의 영화.. 본 지 십 년이 다 되가는데도 처음 봤을 때 감동과 여운이 아직도 생생하다",
    "date": "15.04.05",
    "rating": "10",
    "author": "saka****",
    "review_id": "9829601",
    "movie_id": "31827"
  },
  {
    "review": "두 마리 토끼를 모두 잡은 한 마리 천재 토끼",
    "date": "15.04.04",
    "rating": "8",
    "author": "minh****",
    "review_id": "9826989",
    "movie_id": "31827"
  },
  {
    "review": "헤드윅을 처음 본 지 10년이 됐지만 아직까지 이걸 뛰어넘는 영화는 본 적이 없다. 단순한 뮤지컬 영화가 아닌 하나의 명작.",
    "date": "15.03.30",
    "rating": "10",
    "author": "alre****",
    "review_id": "9816071",
    "movie_id": "31827"
  },
  {
    "review": "두번다시 못찾을 명작이다.",
    "date": "15.02.16",
    "rating": "10",
    "author": "fjrt****",
    "review_id": "9701093",
    "movie_id": "31827"
  },
  {
    "review": "정말 많은 생각을 하게 해준 영화였다. 이걸 보고 뮤지컬까지 찾아보게 되었다.",
    "date": "15.02.05",
    "rating": "10",
    "author": "e984****",
    "review_id": "9670161",
    "movie_id": "31827"
  },
  {
    "review": "그저 너무 좋은 영화다. 멋있다.",
    "date": "15.01.29",
    "rating": "10",
    "author": "slim****",
    "review_id": "9649424",
    "movie_id": "31827"
  },
  {
    "review": "영상과 음악은 현란하고 화려하지만 지리하고 피곤하고 외로운 무거운 삶이 느껴지는 영화",
    "date": "15.01.28",
    "rating": "10",
    "author": "u_ta****",
    "review_id": "9644245",
    "movie_id": "31827"
  },
  {
    "review": "그냥 대박이고 쩌는 영화!!!!",
    "date": "15.01.21",
    "rating": "10",
    "author": "love****",
    "review_id": "9619805",
    "movie_id": "31827"
  },
  {
    "review": "한셀 안아주고 싶다..",
    "date": "15.01.18",
    "rating": "10",
    "author": "quff****",
    "review_id": "9607671",
    "movie_id": "31827"
  },
  {
    "review": "이런 기발하고 신선한 방법으로도 내용을 전달할 수 있구나 느꼈다. 그러나 거부감이 드는 것은 어쩔 수 없다.",
    "date": "15.01.16",
    "rating": "6",
    "author": "zjcm****",
    "review_id": "9599262",
    "movie_id": "31827"
  },
  {
    "review": "소재가 껄끄러운분들 딱 한번만 참고 봐보세요. 인생최고의 영화가 될겁니다.",
    "date": "14.12.24",
    "rating": "10",
    "author": "choc****",
    "review_id": "9506267",
    "movie_id": "31827"
  },
  {
    "review": "너가 제일좋아하는영화라고해서 보았고 너가 제일좋아하던책도읽고 책작가에 대해서도 더 알아봤다 공감했다던 그드라마도 봤고 견자를 더 알기위해 랭보를 찾고 책도사서읽었다. 너를더알고싶었고 너에게맞는사람이되고싶었다 너가 읽다만 나라는책의 내용을 더채우고싶다",
    "date": "14.12.13",
    "rating": "10",
    "author": "qkqk****",
    "review_id": "9470507",
    "movie_id": "31827"
  },
  {
    "review": "열번 넘게 본 영화...",
    "date": "14.12.02",
    "rating": "10",
    "author": "mans****",
    "review_id": "9442026",
    "movie_id": "31827"
  },
  {
    "review": "배우들의 눈빛과 음악과 대사가 내내 여운을 주는 영화",
    "date": "14.12.02",
    "rating": "10",
    "author": "dmsa****",
    "review_id": "9441589",
    "movie_id": "31827"
  },
  {
    "review": "여러번 보고 또 봐도 질리지않아요 뮤지컬로 보면 더좋구요",
    "date": "14.11.11",
    "rating": "10",
    "author": "lee6****",
    "review_id": "9371369",
    "movie_id": "31827"
  },
  {
    "review": "내 인생최고의 영화...",
    "date": "14.11.11",
    "rating": "10",
    "author": "sson****",
    "review_id": "9370960",
    "movie_id": "31827"
  },
  {
    "review": "내 생의 최고의 영화인 헤드윅, 이 내용이 실화일까?라는 생각이 들 정도로 이야기와 노래 연기력이 대단했다. 그 보다 더 대단한 주제까지 감동이예요",
    "date": "14.10.16",
    "rating": "10",
    "author": "shee****",
    "review_id": "9296790",
    "movie_id": "31827"
  },
  {
    "review": "본  영화 다시보는거 안좋아하는 편인데 이 영화는 정말 두고두고  다시 봐도 감동 노래며 감정연기며.. 정말  감동적인 영화",
    "date": "14.10.15",
    "rating": "10",
    "author": "buti****",
    "review_id": "9293646",
    "movie_id": "31827"
  },
  {
    "review": "음악이 넘쳐나도 메워지지 않는 우울함과 안타까움... 그 모든 상황을 음악으로 승화시키는 주인공에게 연민을 느끼다.",
    "date": "14.10.11",
    "rating": "8",
    "author": "jiyu****",
    "review_id": "9283334",
    "movie_id": "31827"
  },
  {
    "review": "내생의 최고의 뮤지컬 영화",
    "date": "14.10.05",
    "rating": "9",
    "author": "ac67****",
    "review_id": "9267142",
    "movie_id": "31827"
  },
  {
    "review": "여자도 남자도 아닌 나를 찾는 영화",
    "date": "14.09.28",
    "rating": "9",
    "author": "mix2****",
    "review_id": "9246283",
    "movie_id": "31827"
  },
  {
    "review": "난 왜 이제서야 이영화를 본거지? 영화가 끝나는게 아쉽다..그? 그녀? 의 얘길 더듣고싶다",
    "date": "14.09.25",
    "rating": "10",
    "author": "f2th****",
    "review_id": "9240335",
    "movie_id": "31827"
  },
  {
    "review": "처음엔 이질적인, 결국엔 그무엇보다 날다독여주는 영화였다",
    "date": "14.09.23",
    "rating": "10",
    "author": "cl07****",
    "review_id": "9236689",
    "movie_id": "31827"
  },
  {
    "review": "개인적으로 물랑루즈보다 더 좋다. 뮤지컬 영화를 많이 보진 않았지만 여태껏 본 것 중에선 최고. 존 캐머런 미첼을 비롯한 배우들의 연기도 좋았고, OST들은 하나같이 주옥같다. 연출,미장센..그냥 다 좋았던 명작",
    "date": "14.09.07",
    "rating": "9",
    "author": "kjy3****",
    "review_id": "9181133",
    "movie_id": "31827"
  },
  {
    "review": "충격적인감동이 잊혀지지않는다 몇십번은더볼거같다",
    "date": "14.09.06",
    "rating": "10",
    "author": "mg91****",
    "review_id": "9174083",
    "movie_id": "31827"
  },
  {
    "review": "한번 두번 세번 볼때마다 와닿는 감동이 다르다 헤드윅의 상처와 삶 음악 가슴이 아프지만 감동적인 스토리다.",
    "date": "14.09.05",
    "rating": "10",
    "author": "wap8****",
    "review_id": "9170779",
    "movie_id": "31827"
  },
  {
    "review": "버림받은 헤드윅의 눈빛이 잊혀지지가 않습니다midnight radio 는 가히 최고가 아닐까 싶구요~지나치게 멋진 영화감히 평가조차 못내리겠어요 노래가 머릿속에서 떠나질않아요 ㅜㅠㅜ",
    "date": "14.09.02",
    "rating": "10",
    "author": "hyeg****",
    "review_id": "9155227",
    "movie_id": "31827"
  },
  {
    "review": "존 카메론 미첼... 그의 천재성에 놀라울뿐 그 자체가 감동.  각본 연출  음악 연기 뭐 하나 빠지는 게 없다",
    "date": "14.08.26",
    "rating": "10",
    "author": "yr62****",
    "review_id": "9135537",
    "movie_id": "31827"
  },
  {
    "review": "이 영화는 생각지도 못한 부분에서 우리를 위로할 수 있다. 완전 추천해주고싶은영화!  집에서 본 사람은 따라 불렀지? 그 부분ㅋㅋㅋ 오케이? 에블바맄ㅋㅋ",
    "date": "14.08.24",
    "rating": "10",
    "author": "juns****",
    "review_id": "9130521",
    "movie_id": "31827"
  },
  {
    "review": "뮤지컬보고 영화보는데...진짜좋네요♥♥노래도 정말 좋고 연출도 멋잇어요!",
    "date": "14.08.16",
    "rating": "10",
    "author": "bgz9****",
    "review_id": "9093213",
    "movie_id": "31827"
  },
  {
    "review": "소수를 위한 최고의 영화",
    "date": "14.08.08",
    "rating": "10",
    "author": "kino****",
    "review_id": "9049123",
    "movie_id": "31827"
  },
  {
    "review": "이질감 느껴지는 헤드윅 모습에 편견으로 경계하다가.. 이야기가 시작되면 동정하다가.. 이내 내가 위로 받게되었다...",
    "date": "14.07.29",
    "rating": "10",
    "author": "rasp****",
    "review_id": "8976253",
    "movie_id": "31827"
  },
  {
    "review": "존 캐머론 밋첼... 엄청난 매력을 지닌 영화다 왜 이제서야 보았을까",
    "date": "14.07.25",
    "rating": "10",
    "author": "ala9****",
    "review_id": "8959176",
    "movie_id": "31827"
  },
  {
    "review": "말이필요없다 그냥 완벽 그자체.",
    "date": "14.07.19",
    "rating": "10",
    "author": "nalg****",
    "review_id": "8929246",
    "movie_id": "31827"
  },
  {
    "review": "헤드윅을 어떻게 글로 표현할수 있을까. 헤드윅은 너무 사랑스러웠다.",
    "date": "14.07.17",
    "rating": "10",
    "author": "bbrl****",
    "review_id": "8922989",
    "movie_id": "31827"
  },
  {
    "review": "이건 성소수자들만의 얘기는 아닐듯 해....음악 연기 연출 다 좋아요",
    "date": "14.07.14",
    "rating": "9",
    "author": "tifk****",
    "review_id": "8915943",
    "movie_id": "31827"
  },
  {
    "review": "처음엔 뭐지? 마지막엔 같이 울고있다..몇번을 봐도 질리지않는 영상과 음악..",
    "date": "14.07.09",
    "rating": "10",
    "author": "aeci****",
    "review_id": "8897257",
    "movie_id": "31827"
  },
  {
    "review": "나 너무 잘 봤는데 이 영화 . 좋아.",
    "date": "14.07.04",
    "rating": "10",
    "author": "bamb****",
    "review_id": "8882418",
    "movie_id": "31827"
  },
  {
    "review": "시각적이나 성적인 측면 탓인지 다소 거부감이 들었음. 그렇지만 OST였던 wig in a box는 정말 좋았음. 뮤지컬 영화치고는 무게감이 좀 있는 영화.",
    "date": "14.06.25",
    "rating": "3",
    "author": "jjaj****",
    "review_id": "8852503",
    "movie_id": "31827"
  },
  {
    "review": "나는 별로.. 거부감80% 감동20%",
    "date": "14.06.25",
    "rating": "1",
    "author": "yoon****",
    "review_id": "8852390",
    "movie_id": "31827"
  },
  {
    "review": "100점... good",
    "date": "14.06.20",
    "rating": "10",
    "author": "dive****",
    "review_id": "8843414",
    "movie_id": "31827"
  },
  {
    "review": "말이필요없죠십몇년이지나도",
    "date": "14.06.17",
    "rating": "9",
    "author": "seew****",
    "review_id": "8837147",
    "movie_id": "31827"
  },
  {
    "review": "슬프고 짜증나고 화난다..",
    "date": "14.06.12",
    "rating": "9",
    "author": "dina****",
    "review_id": "8823987",
    "movie_id": "31827"
  },
  {
    "review": "자꾸자꾸 곱씹게 되는 영화. 'The origin of love'의 가사와 영상은 이 영화의 백미.잊혀지지가 않는다.",
    "date": "14.06.09",
    "rating": "10",
    "author": "hdw5****",
    "review_id": "8816765",
    "movie_id": "31827"
  },
  {
    "review": "첫인상은 강렬했고 , 보면볼수록 좋아지는 영화 불쑥불쑥튀어나오는 그림들과 노래들 감독이자 배우인 헤드윅 아름다운외모는 아니지만 영화를보면볼수록 그녀혹은그가 너무아름다워보이는 순간이있다 헤드윅이 행복했으면 좋겠다",
    "date": "14.06.08",
    "rating": "10",
    "author": "dlqn****",
    "review_id": "8814469",
    "movie_id": "31827"
  },
  {
    "review": "이것은 게이가 아닌 인간의 존엄성에 대한 이야기.",
    "date": "14.06.08",
    "rating": "8",
    "author": "etp8****",
    "review_id": "8813591",
    "movie_id": "31827"
  },
  {
    "review": "구미곰 젤리가 왜 떠오르지 ㅠ",
    "date": "14.06.08",
    "rating": "10",
    "author": "wnsg****",
    "review_id": "8812012",
    "movie_id": "31827"
  },
  {
    "review": "안아주고 싶다 모두...",
    "date": "14.06.03",
    "rating": "9",
    "author": "khil****",
    "review_id": "8789326",
    "movie_id": "31827"
  },
  {
    "review": "몇 번을 봤는지도 이제 생각이 안난다. 보고 또 봐도 좋고 멋지다...",
    "date": "14.05.24",
    "rating": "10",
    "author": "mama****",
    "review_id": "8760109",
    "movie_id": "31827"
  },
  {
    "review": "최고입니다. 영화 속 음악도 너무 좋네요",
    "date": "14.05.11",
    "rating": "10",
    "author": "lvll****",
    "review_id": "8722537",
    "movie_id": "31827"
  },
  {
    "review": "사랑에 대한 깊은 고찰을 남기는 영화",
    "date": "14.04.25",
    "rating": "10",
    "author": "rlaw****",
    "review_id": "8672367",
    "movie_id": "31827"
  },
  {
    "review": "자연스러운 애니메이션과 이질적인 화면 연출이 인상적. 스토리도 멋지다.",
    "date": "14.04.25",
    "rating": "10",
    "author": "wltl****",
    "review_id": "8672235",
    "movie_id": "31827"
  },
  {
    "review": "헤드윅을 볼수있어서 감사할따름 ㅎㅎ",
    "date": "14.04.20",
    "rating": "10",
    "author": "over****",
    "review_id": "8662899",
    "movie_id": "31827"
  },
  {
    "review": "평점 남기긴 처음인데 그만큼 좋은 영화",
    "date": "14.04.19",
    "rating": "10",
    "author": "quat****",
    "review_id": "8658841",
    "movie_id": "31827"
  },
  {
    "review": "정말 수십번도 넘게 보게 만드는 최고의 영화 강추 강추 초강추",
    "date": "14.04.18",
    "rating": "10",
    "author": "mtw2****",
    "review_id": "8657591",
    "movie_id": "31827"
  },
  {
    "review": "세상에... 처음부터 끝까지 충격적이었다. 충격적인 소재로 시작해서 충격적인 삶의 이야기, 그걸 충격적이도록 잘 봉합하는 노래들의 연속, 충격적이도록 훌륭한 마무리에 눈물이 났다.",
    "date": "14.04.14",
    "rating": "10",
    "author": "cufa****",
    "review_id": "8651032",
    "movie_id": "31827"
  },
  {
    "review": "사람을 쫓고, 사랑을 쫓다가 결국 나를 찾는 이야기.",
    "date": "14.04.03",
    "rating": "10",
    "author": "cehs****",
    "review_id": "8625806",
    "movie_id": "31827"
  },
  {
    "review": "추천합니다 !!!^.^",
    "date": "14.02.18",
    "rating": "10",
    "author": "gksr****",
    "review_id": "8519144",
    "movie_id": "31827"
  },
  {
    "review": "2000년에 나온 영화가 이렇게나 아름답다니 경이롭다 명작!",
    "date": "14.02.12",
    "rating": "10",
    "author": "dbwl****",
    "review_id": "8499960",
    "movie_id": "31827"
  },
  {
    "review": "감독이 천재성으로 미쳤다...정말로",
    "date": "14.01.21",
    "rating": "10",
    "author": "qocn****",
    "review_id": "8405691",
    "movie_id": "31827"
  },
  {
    "review": "곱씹어보면 참 여운남는 괜찮은 작품.",
    "date": "14.01.05",
    "rating": "8",
    "author": "skaw****",
    "review_id": "8352997",
    "movie_id": "31827"
  },
  {
    "review": "천재감독. 연기까지해서 미친감독으로 보이는",
    "date": "14.01.04",
    "rating": "10",
    "author": "beyu****",
    "review_id": "8345616",
    "movie_id": "31827"
  },
  {
    "review": "쉽게 다가갈 수 있는 영화는 아니지만 보고나면 자꾸 생각나고 우울해지면서도 멋있는 감정이 들게 만드는 영화. ost는 정말 잘 뽑아냈다고 생각됨",
    "date": "14.01.03",
    "rating": "9",
    "author": "seul****",
    "review_id": "8343978",
    "movie_id": "31827"
  },
  {
    "review": "굳.굳.굳.굳.굳.굳..궅",
    "date": "13.12.23",
    "rating": "10",
    "author": "somi****",
    "review_id": "8278004",
    "movie_id": "31827"
  },
  {
    "review": "정말 멋있는 뮤지컬 영화였다 싼값에 뮤지컬 한번 제대로 봤다",
    "date": "13.12.15",
    "rating": "9",
    "author": "lkyl****",
    "review_id": "8217251",
    "movie_id": "31827"
  },
  {
    "review": "아놔 뭐 이런영화가 다있어 ㅠㅜ 별은 왜 열개밖에 없는거야 ㅠㅜ",
    "date": "13.12.02",
    "rating": "10",
    "author": "suji****",
    "review_id": "8185822",
    "movie_id": "31827"
  },
  {
    "review": "여운이 이렇게 긴 영화는 처음이다. 영화를 본 뒤 생각하면서 밀려드는 감정들때문에 아직도 눈물이 흐른다. 지지 마라. 포기 마라.",
    "date": "13.10.27",
    "rating": "10",
    "author": "doll****",
    "review_id": "8092876",
    "movie_id": "31827"
  },
  {
    "review": "내취향은 아니지만 배우가 매력적이어서 8점. 6인치에서 5인치를 빼면 1인치 ㅋㅋㅋ",
    "date": "13.10.25",
    "rating": "8",
    "author": "jyun****",
    "review_id": "8088977",
    "movie_id": "31827"
  },
  {
    "review": "약 10년이 전에 만들어진 영화라고는 생각할 수 없는 감동... 동성애등을 떠나 진정한 사랑이 무엇인지 The Origin of Love 에 대해 알려준 영화인듯 싶다. 베드씬만 많은 몇십편의 영화보다 이런 퀄리티 있고 감동있는 영화 한편이 더 낫다.",
    "date": "13.10.17",
    "rating": "10",
    "author": "rbsg****",
    "review_id": "8066935",
    "movie_id": "31827"
  },
  {
    "review": "토미가 죽이게 섹시했다 그리고 슈가대디....ㅋㅋㅋ",
    "date": "13.10.08",
    "rating": "7",
    "author": "dmsg****",
    "review_id": "8044368",
    "movie_id": "31827"
  },
  {
    "review": "듣기로만 했는데, 보니까 생각보다 더 좋네요.",
    "date": "13.10.02",
    "rating": "10",
    "author": "kian****",
    "review_id": "8028668",
    "movie_id": "31827"
  },
  {
    "review": "존 카메론 밋첼을 처음알고 빠져들었다 내용도 좋고 재미도 최고 아직도 the origin of love노래가 머릿속에 맴돈다",
    "date": "13.09.27",
    "rating": "9",
    "author": "hch1****",
    "review_id": "8018054",
    "movie_id": "31827"
  },
  {
    "review": "솔직히 더러운 영화.",
    "date": "13.09.21",
    "rating": "1",
    "author": "dlrh****",
    "review_id": "8004655",
    "movie_id": "31827"
  },
  {
    "review": "감독과 배우로서 모든걸 갖춘 한 천재가 나오는 영화",
    "date": "13.09.18",
    "rating": "9",
    "author": "skaw****",
    "review_id": "7991649",
    "movie_id": "31827"
  },
  {
    "review": "옛다!  9점   오래전에 보다.  내용은 느끼하지만  음악이 너무 좋다.",
    "date": "13.09.02",
    "rating": "9",
    "author": "wein****",
    "review_id": "7944216",
    "movie_id": "31827"
  },
  {
    "review": "노래넘버들이 너무 좋았다. 그리고 처음엔 웃고 끝날땐 먹먹하면서 마음이 무겁게 끝나는데 이때쯤이면 헤드윅 그녀를 사랑하게 된다. 한마디로 말하면 미치게 멋있는 사이코가 만든, 감히 아무도 흉내낼수없는 대단한 영화다.",
    "date": "13.08.28",
    "rating": "10",
    "author": "goin****",
    "review_id": "7930226",
    "movie_id": "31827"
  },
  {
    "review": "ㅅ",
    "date": "13.08.28",
    "rating": "10",
    "author": "b003****",
    "review_id": "7928332",
    "movie_id": "31827"
  },
  {
    "review": "제작자의 비리고흐릿한 독보적가치관이 응축된 그래서 세계에 통용될수있는 그런 예술",
    "date": "13.08.23",
    "rating": "10",
    "author": "ason****",
    "review_id": "7915691",
    "movie_id": "31827"
  },
  {
    "review": "대중음악이 소재가 되는영화중에개인적으론 이게 최고..",
    "date": "13.08.19",
    "rating": "10",
    "author": "fffh****",
    "review_id": "7902039",
    "movie_id": "31827"
  },
  {
    "review": "말이 필요없고 , 보고 나서 생각이 참 많아짐 음악도 영화도 모든 면에서 최고..bb",
    "date": "13.08.15",
    "rating": "10",
    "author": "a813****",
    "review_id": "7884360",
    "movie_id": "31827"
  },
  {
    "review": "내가 평생 제일 많이 본 영화",
    "date": "13.08.12",
    "rating": "10",
    "author": "ektm****",
    "review_id": "7873540",
    "movie_id": "31827"
  },
  {
    "review": "내 목소리를 따라와요, 어둠과 소음이 지배하는 이 세상 속에서",
    "date": "13.08.06",
    "rating": "10",
    "author": "wres****",
    "review_id": "7849732",
    "movie_id": "31827"
  },
  {
    "review": "보면 볼 수록 빠져드는것같다.. 뭣보다 ost가 ㅠㅠ진짜 최고당",
    "date": "13.08.06",
    "rating": "10",
    "author": "miyy****",
    "review_id": "7848373",
    "movie_id": "31827"
  },
  {
    "review": "2번 보고난 후 더 좋아지는 영화",
    "date": "13.08.03",
    "rating": "9",
    "author": "pixi****",
    "review_id": "7828071",
    "movie_id": "31827"
  },
  {
    "review": "겉만보면 거부감이나 난해할수있다 그러나 속을보면 너무멋진영화",
    "date": "13.07.09",
    "rating": "9",
    "author": "cher****",
    "review_id": "7719203",
    "movie_id": "31827"
  },
  {
    "review": "최고라고 말할 수 밖에 없는 영화. 정말 다 좋다.. 연기. 음악. 모든 장면이..!!",
    "date": "13.06.28",
    "rating": "10",
    "author": "mimi****",
    "review_id": "7686487",
    "movie_id": "31827"
  },
  {
    "review": "그냥대박bb..",
    "date": "13.06.26",
    "rating": "10",
    "author": "sea7****",
    "review_id": "7682174",
    "movie_id": "31827"
  },
  {
    "review": "감독은 영화로 자신만의 세계를 만든듯 분장 노래 배우 연기 다좋음",
    "date": "13.06.25",
    "rating": "10",
    "author": "rnak****",
    "review_id": "7679189",
    "movie_id": "31827"
  },
  {
    "review": "최고의 영화.. 이런영화를봐야한다 정말로",
    "date": "13.06.24",
    "rating": "10",
    "author": "skgo****",
    "review_id": "7675288",
    "movie_id": "31827"
  }
]