[
  {
    "review": "아 정말 소름끼친다!!!",
    "date": "14.03.29",
    "rating": "10",
    "author": "ske4****",
    "review_id": "8614606",
    "movie_id": "31832"
  },
  {
    "review": "개봉당시 엄청난 센세이션이었음 영구와 맹구가 같이 출연한다는건 슈퍼맨과 베트맨이 함께 나오는거랑 같음",
    "date": "14.01.31",
    "rating": "10",
    "author": "mrca****",
    "review_id": "8454217",
    "movie_id": "31832"
  },
  {
    "review": "재밌게 봤습니다. 역시...",
    "date": "09.07.18",
    "rating": "10",
    "author": "k230****",
    "review_id": "3642753",
    "movie_id": "31832"
  },
  {
    "review": "극장가서봤다",
    "date": "07.09.19",
    "rating": "7",
    "author": "ha_h****",
    "review_id": "2030953",
    "movie_id": "31832"
  },
  {
    "review": "감독이 이송희일이면 평점이 이렇게 높을까?",
    "date": "07.08.13",
    "rating": "1",
    "author": "qjaw****",
    "review_id": "1931850",
    "movie_id": "31832"
  },
  {
    "review": "옛날에 봤을때도 재미없었다.",
    "date": "07.01.26",
    "rating": "1",
    "author": "sold****",
    "review_id": "1414984",
    "movie_id": "31832"
  },
  {
    "review": "로봇트윈스의 치명적 아름다움에 나의 심장이 녹아내렸다",
    "date": "06.08.12",
    "rating": "10",
    "author": "yutb****",
    "review_id": "1001764",
    "movie_id": "31832"
  },
  {
    "review": "김청기감독이제일좋아요........................",
    "date": "06.08.08",
    "rating": "10",
    "author": "hell****",
    "review_id": "984052",
    "movie_id": "31832"
  },
  {
    "review": "김청기감독 짱!!",
    "date": "04.10.31",
    "rating": "10",
    "author": "dool****",
    "review_id": "136457",
    "movie_id": "31832"
  },
  {
    "review": "이창훈씨 요즘은 뭐하시나..",
    "date": "04.02.23",
    "rating": "1",
    "author": "oys0****",
    "review_id": "23393",
    "movie_id": "31832"
  }
]