[
  {
    "review": "어릴때 재밌게 봤던건데 다시보고싶네요ㅜㅜ",
    "date": "15.05.08",
    "rating": "10",
    "author": "chek****",
    "review_id": "9902833",
    "movie_id": "31838"
  },
  {
    "review": "웃기다. 재밌다. 감동도 있다. 좋다.",
    "date": "14.01.08",
    "rating": "10",
    "author": "soy2****",
    "review_id": "8361352",
    "movie_id": "31838"
  },
  {
    "review": "어릴때 봤지만 너무 웃겨서 지금도 너무 보고싶은 영화!! 몇번을봐도 재밌음ㅋㅋㅋㅋㅋ",
    "date": "13.08.24",
    "rating": "10",
    "author": "park****",
    "review_id": "7916293",
    "movie_id": "31838"
  },
  {
    "review": "넘 웃기고 재밌는 데니스아퀘드, 똘똘한 제임스와 에이전트11 ㅋ",
    "date": "12.12.03",
    "rating": "10",
    "author": "nori****",
    "review_id": "6965012",
    "movie_id": "31838"
  },
  {
    "review": "좋습니다.",
    "date": "12.05.23",
    "rating": "10",
    "author": "nimb****",
    "review_id": "6326623",
    "movie_id": "31838"
  },
  {
    "review": "완전재밌어ㅜㅜ어릴때본건데 내용도 기억안나는데 내생이 최고로 재밋는영화였엉 ㅠㅠ",
    "date": "11.04.04",
    "rating": "10",
    "author": "totz****",
    "review_id": "5352690",
    "movie_id": "31838"
  },
  {
    "review": "마음에 듭니다.",
    "date": "11.01.25",
    "rating": "10",
    "author": "0527****",
    "review_id": "5183516",
    "movie_id": "31838"
  },
  {
    "review": "재미 있습니다.",
    "date": "11.01.25",
    "rating": "10",
    "author": "dong****",
    "review_id": "5183497",
    "movie_id": "31838"
  },
  {
    "review": "괜찮다~~~앙!",
    "date": "09.08.23",
    "rating": "8",
    "author": "ss98****",
    "review_id": "3781273",
    "movie_id": "31838"
  },
  {
    "review": "웃기기 위해 퀄리티를 희생시키는 일은 미국 주류코미디 영화가 자주 저지르는실수.",
    "date": "09.02.26",
    "rating": "4",
    "author": "baks****",
    "review_id": "3333530",
    "movie_id": "31838"
  },
  {
    "review": "생각없이 보면 재미있는 영화",
    "date": "08.12.03",
    "rating": "7",
    "author": "nich****",
    "review_id": "3087474",
    "movie_id": "31838"
  },
  {
    "review": "재밌다 ㅋㅋㅋㅋㅋ",
    "date": "08.10.19",
    "rating": "10",
    "author": "sang****",
    "review_id": "3008163",
    "movie_id": "31838"
  },
  {
    "review": "초등학교때 재밌게 봤었는데 ㅋㅋㅋㅋㅋㅋㅋㅋ 완전 웃기다",
    "date": "08.07.06",
    "rating": "10",
    "author": "kwan****",
    "review_id": "2744946",
    "movie_id": "31838"
  },
  {
    "review": "너무너무 재밌어요~ ^^",
    "date": "08.06.18",
    "rating": "10",
    "author": "hsli****",
    "review_id": "2705804",
    "movie_id": "31838"
  },
  {
    "review": "짱 웃기고 재미100배",
    "date": "08.06.17",
    "rating": "10",
    "author": "happ****",
    "review_id": "2704380",
    "movie_id": "31838"
  },
  {
    "review": "이거 재밌었는데? 평점이 약간 낮은 듯 해서 10점준다.",
    "date": "08.03.12",
    "rating": "10",
    "author": "yoon****",
    "review_id": "2516748",
    "movie_id": "31838"
  },
  {
    "review": "아! 진짜 재밌어요 데이빗의 다른모습을 볼수있었던 영화",
    "date": "08.02.10",
    "rating": "10",
    "author": "gytl****",
    "review_id": "2432628",
    "movie_id": "31838"
  },
  {
    "review": "재밌다!! 정말",
    "date": "07.07.30",
    "rating": "10",
    "author": "myst****",
    "review_id": "1828635",
    "movie_id": "31838"
  },
  {
    "review": "비디오방에서 빌려 봤는데 재밌다.",
    "date": "07.02.19",
    "rating": "10",
    "author": "wpal****",
    "review_id": "1485552",
    "movie_id": "31838"
  },
  {
    "review": "정말 재밌는 영화인데 평점이 낮네요",
    "date": "07.02.01",
    "rating": "10",
    "author": "jtso****",
    "review_id": "1433802",
    "movie_id": "31838"
  },
  {
    "review": "재대로 웃긴다",
    "date": "06.01.04",
    "rating": "10",
    "author": "qorg****",
    "review_id": "558830",
    "movie_id": "31838"
  },
  {
    "review": "동물영화중 그나마 낫다",
    "date": "05.12.25",
    "rating": "7",
    "author": "kws7****",
    "review_id": "527331",
    "movie_id": "31838"
  },
  {
    "review": "데이빗은 정말 여기서 OOO로 오버한다",
    "date": "05.04.29",
    "rating": "3",
    "author": "si2p****",
    "review_id": "268178",
    "movie_id": "31838"
  },
  {
    "review": "그냥 심심할때 볼수있는 영화 . . 가끔 억지 웃음을 내려고 하지만 웃김",
    "date": "04.07.27",
    "rating": "5",
    "author": "kcm7****",
    "review_id": "77703",
    "movie_id": "31838"
  }
]