[
  {
    "review": "딱 기대한 만큼 보게 될 것.",
    "date": "14.10.01",
    "rating": "5",
    "author": "this****",
    "review_id": "9251503",
    "movie_id": "31839"
  },
  {
    "review": "어릴적 이영화를보고 비글을 너무 키우고싶어서 키우는데 힘들다...안경부수고 헤드셋부수고 비싼지갑에 오만원권 두장 찢어놔도 밉지가않음",
    "date": "14.08.17",
    "rating": "10",
    "author": "jk34****",
    "review_id": "9099554",
    "movie_id": "31839"
  },
  {
    "review": "지금은 어떨지 모르겠는데 초딩 때 이 영화는 나에게 최고로 기억되었음.",
    "date": "14.07.06",
    "rating": "10",
    "author": "lroi****",
    "review_id": "8889017",
    "movie_id": "31839"
  },
  {
    "review": "루 목소리가 토비목소리였구나????루 목소리는 스파이더맨 목소리엿어..",
    "date": "13.09.23",
    "rating": "10",
    "author": "dkie****",
    "review_id": "8011998",
    "movie_id": "31839"
  },
  {
    "review": "고양이가 악당, 개가 우리편으로 등장하긴 하지만, 어린이의 관점에서 웃기게 만들어낸게 참 좋았다. 특히 매력터지는 표정들은 참 귀엽기마저 하다.",
    "date": "13.07.15",
    "rating": "10",
    "author": "bajj****",
    "review_id": "7744955",
    "movie_id": "31839"
  },
  {
    "review": "제대로 추억팔이ㅋㅋㅋㅋㅋㅋ",
    "date": "13.02.23",
    "rating": "10",
    "author": "expl****",
    "review_id": "7292330",
    "movie_id": "31839"
  },
  {
    "review": "난 잼나게 본영화 ㅋㅋ 가족영화가 다 그렇지만~",
    "date": "13.01.29",
    "rating": "6",
    "author": "sute****",
    "review_id": "7193455",
    "movie_id": "31839"
  },
  {
    "review": "스토리는 진짜 뻔하지만 역시 할리우드 CG는 완벽하다....생각보다 훨 더 자연스럽고.. 근데 고양이랑 개들 좀만 귀엽고 이쁜애들로 뽑아주지.ㅋ",
    "date": "12.12.09",
    "rating": "8",
    "author": "hiky****",
    "review_id": "6986370",
    "movie_id": "31839"
  },
  {
    "review": "처음으로 엄마손잡고 보러간 영화 그때 참재밌게 봤음",
    "date": "12.10.29",
    "rating": "10",
    "author": "swj3****",
    "review_id": "6833811",
    "movie_id": "31839"
  },
  {
    "review": "휴먼스 앤 독스라고 해야할듯.. 고양이가 넘 약함.. 귀여워서 흐뭇한 미소 달고 보게됨^^",
    "date": "12.10.14",
    "rating": "7",
    "author": "gjin****",
    "review_id": "6798897",
    "movie_id": "31839"
  },
  {
    "review": "일을 하면 돈이라도 벌지.",
    "date": "12.07.16",
    "rating": "3",
    "author": "tori****",
    "review_id": "6486864",
    "movie_id": "31839"
  },
  {
    "review": "아우 귀여움 ㅋㅋㅋ",
    "date": "12.06.26",
    "rating": "10",
    "author": "ske4****",
    "review_id": "6418090",
    "movie_id": "31839"
  },
  {
    "review": "평범한 가족 영화. 동심으로 돌아갈만한 특별한 것은 없다.",
    "date": "12.06.26",
    "rating": "6",
    "author": "silv****",
    "review_id": "6417818",
    "movie_id": "31839"
  },
  {
    "review": "괜찮음",
    "date": "12.04.29",
    "rating": "6",
    "author": "pjs3****",
    "review_id": "6255704",
    "movie_id": "31839"
  },
  {
    "review": "진짜 재밌었어요! real very good!!!",
    "date": "12.02.09",
    "rating": "10",
    "author": "wind****",
    "review_id": "6064038",
    "movie_id": "31839"
  },
  {
    "review": "잼씀",
    "date": "11.11.18",
    "rating": "10",
    "author": "jco8****",
    "review_id": "5857152",
    "movie_id": "31839"
  },
  {
    "review": "이거 어릴때 진짜 첨나왔을때 재밌다고 비디오 기달렸는데 보고나니 진짜..",
    "date": "11.11.13",
    "rating": "6",
    "author": "king****",
    "review_id": "5848130",
    "movie_id": "31839"
  },
  {
    "review": "어렷을때 정말 많이 봣엇지",
    "date": "11.10.24",
    "rating": "8",
    "author": "wlgh****",
    "review_id": "5806941",
    "movie_id": "31839"
  },
  {
    "review": "니미 졸라 재미없음 ㅡㅡ",
    "date": "11.08.27",
    "rating": "2",
    "author": "eopp****",
    "review_id": "5690274",
    "movie_id": "31839"
  },
  {
    "review": "고양이 왜 이따구로 나옴",
    "date": "11.08.26",
    "rating": "5",
    "author": "sida****",
    "review_id": "5689667",
    "movie_id": "31839"
  },
  {
    "review": "아 강아지들 너무귀요미들 ㅎ 내용도 재미잇어요",
    "date": "11.06.20",
    "rating": "10",
    "author": "sksm****",
    "review_id": "5490933",
    "movie_id": "31839"
  },
  {
    "review": "6점",
    "date": "11.05.21",
    "rating": "6",
    "author": "star****",
    "review_id": "5441576",
    "movie_id": "31839"
  },
  {
    "review": "5.1",
    "date": "11.03.24",
    "rating": "5",
    "author": "one5****",
    "review_id": "5332914",
    "movie_id": "31839"
  },
  {
    "review": "우와와와와와",
    "date": "11.03.06",
    "rating": "10",
    "author": "mich****",
    "review_id": "5297432",
    "movie_id": "31839"
  },
  {
    "review": "베리굿!!!!!!!!가족이 다같이 보기 딱 좋은영화.",
    "date": "11.03.05",
    "rating": "10",
    "author": "odjs****",
    "review_id": "5294544",
    "movie_id": "31839"
  },
  {
    "review": "영어땜에 질리도록 보고있음",
    "date": "11.02.08",
    "rating": "10",
    "author": "hsy4****",
    "review_id": "5228833",
    "movie_id": "31839"
  },
  {
    "review": "루 완전 기염~",
    "date": "11.01.27",
    "rating": "9",
    "author": "dbsa****",
    "review_id": "5187856",
    "movie_id": "31839"
  },
  {
    "review": "늘 비슷한 공식이지만.. 잘 만들었네요 ^^",
    "date": "11.01.22",
    "rating": "7",
    "author": "ict2****",
    "review_id": "5175903",
    "movie_id": "31839"
  },
  {
    "review": "ㅋㅋㅋㅋ 지금 봐도 재밌다.",
    "date": "11.01.22",
    "rating": "10",
    "author": "qqww****",
    "review_id": "5175133",
    "movie_id": "31839"
  },
  {
    "review": "초딩때 비디오로 질리도록 봤었지",
    "date": "11.01.18",
    "rating": "7",
    "author": "92gu****",
    "review_id": "5167262",
    "movie_id": "31839"
  },
  {
    "review": "유치하지만 잘만든듯",
    "date": "10.12.16",
    "rating": "7",
    "author": "epik****",
    "review_id": "5057293",
    "movie_id": "31839"
  },
  {
    "review": "완쫀 잼있당~",
    "date": "10.10.06",
    "rating": "10",
    "author": "vlqk****",
    "review_id": "4887562",
    "movie_id": "31839"
  },
  {
    "review": "가족용 코미디물로 제격인 것 같군요",
    "date": "10.09.29",
    "rating": "8",
    "author": "hj78****",
    "review_id": "4875048",
    "movie_id": "31839"
  },
  {
    "review": "엄청재미있겠네후후후후후후후후후훗ㅋㅋㅋㅋ^0^",
    "date": "10.09.26",
    "rating": "10",
    "author": "gusg****",
    "review_id": "4869938",
    "movie_id": "31839"
  },
  {
    "review": "기대 없이 봤더니 무척 재밌어서 2편은 매우 기대가 되는데... 기대한만큼 실망할까?",
    "date": "10.09.22",
    "rating": "10",
    "author": "pisg****",
    "review_id": "4856933",
    "movie_id": "31839"
  },
  {
    "review": "똥개들아 개기지마라 고양이 진화하면 호랑이된다",
    "date": "10.09.19",
    "rating": "5",
    "author": "gxzt****",
    "review_id": "4847153",
    "movie_id": "31839"
  },
  {
    "review": "귀여운 발상이지만 조금 억지스러운 면이 있다.",
    "date": "10.09.17",
    "rating": "4",
    "author": "stit****",
    "review_id": "4841737",
    "movie_id": "31839"
  },
  {
    "review": "왓! 대박잼씀..근데..초딩에 맞는다구요?",
    "date": "10.09.14",
    "rating": "10",
    "author": "ksc0****",
    "review_id": "4836075",
    "movie_id": "31839"
  },
  {
    "review": "가족 영화에서 좀 더 그럴싸한걸 기대했던 내가 잘못이다",
    "date": "10.09.12",
    "rating": "5",
    "author": "cont****",
    "review_id": "4831218",
    "movie_id": "31839"
  },
  {
    "review": "초딩벗어나고 보면 손발이 오글오글 거리는 영화.. 초딩이 아니라서 6점",
    "date": "10.09.11",
    "rating": "6",
    "author": "ldh0****",
    "review_id": "4829465",
    "movie_id": "31839"
  },
  {
    "review": "어릴때 정말 재밋게봤던 영화 강추입니다!",
    "date": "10.09.11",
    "rating": "10",
    "author": "a956****",
    "review_id": "4828794",
    "movie_id": "31839"
  },
  {
    "review": "어릴 때는 재미있었어 으으으으으응",
    "date": "10.09.09",
    "rating": "10",
    "author": "kysk****",
    "review_id": "4824618",
    "movie_id": "31839"
  },
  {
    "review": "정말 재밌게 봤어요 2 기대하고 있어요",
    "date": "10.09.07",
    "rating": "10",
    "author": "jsm7****",
    "review_id": "4822705",
    "movie_id": "31839"
  },
  {
    "review": "감독이 고양이혐오증인가",
    "date": "10.08.07",
    "rating": "1",
    "author": "love****",
    "review_id": "4717733",
    "movie_id": "31839"
  },
  {
    "review": "아들녀석이 벌써부터 기대많이 하네요 함께보는 시간 가져얄듯",
    "date": "10.08.03",
    "rating": "10",
    "author": "yyss****",
    "review_id": "4700395",
    "movie_id": "31839"
  },
  {
    "review": "어렷을때 몇번넘게봣는데ㅋ^ 말하는고양이들이랑ㅋ 말하는개들이랑ㅋ^ 참재밋네요^",
    "date": "10.07.06",
    "rating": "8",
    "author": "ck08****",
    "review_id": "4616819",
    "movie_id": "31839"
  },
  {
    "review": "재밌네",
    "date": "10.05.23",
    "rating": "10",
    "author": "hone****",
    "review_id": "4520054",
    "movie_id": "31839"
  },
  {
    "review": "TV로 봤는데 무지 재밌음",
    "date": "10.04.12",
    "rating": "10",
    "author": "tige****",
    "review_id": "4429491",
    "movie_id": "31839"
  },
  {
    "review": "구드",
    "date": "10.02.03",
    "rating": "10",
    "author": "sung****",
    "review_id": "4242749",
    "movie_id": "31839"
  },
  {
    "review": "마음에 듭니다.",
    "date": "10.01.09",
    "rating": "10",
    "author": "0527****",
    "review_id": "4152627",
    "movie_id": "31839"
  },
  {
    "review": "재미 있어요.",
    "date": "10.01.09",
    "rating": "10",
    "author": "nimb****",
    "review_id": "4152620",
    "movie_id": "31839"
  },
  {
    "review": "애들이 참 재밌게 봤던 기억이나네요. 성인들이 보기엔 조금 어렵죠 ㅋ",
    "date": "09.12.26",
    "rating": "8",
    "author": "yef2****",
    "review_id": "4087265",
    "movie_id": "31839"
  },
  {
    "review": "3대 OO견의 1위 비글의 활약이군요! 멋지고 재밌었습니다!",
    "date": "09.12.20",
    "rating": "10",
    "author": "v525****",
    "review_id": "4061538",
    "movie_id": "31839"
  },
  {
    "review": "강아지들 귀엽네요ㅎㅎ",
    "date": "09.12.12",
    "rating": "5",
    "author": "sett****",
    "review_id": "4038476",
    "movie_id": "31839"
  },
  {
    "review": "꼭 가필드 같네;;;;",
    "date": "09.10.31",
    "rating": "10",
    "author": "ollg****",
    "review_id": "3927285",
    "movie_id": "31839"
  },
  {
    "review": "재밌네요 많이 웃었음",
    "date": "09.10.10",
    "rating": "7",
    "author": "jbc1****",
    "review_id": "3883787",
    "movie_id": "31839"
  },
  {
    "review": "OO견의 최고봉이라는 비글ㅜㅜ 너무 귀엽다ㅜㅜ!",
    "date": "09.09.19",
    "rating": "10",
    "author": "amed****",
    "review_id": "3838943",
    "movie_id": "31839"
  },
  {
    "review": "비디오로 봤던 기억이 남 ㅋㅋ 고양이랑 강아지가 귀여웠음 ㅋㅋ",
    "date": "09.09.14",
    "rating": "8",
    "author": "hell****",
    "review_id": "3829420",
    "movie_id": "31839"
  },
  {
    "review": "저도 초등학교 때 봤었는데 ^^ ㅋㅋ 다시보고 싶은데 볼 수 있는 곳이 없네요ㅠㅠ",
    "date": "09.09.12",
    "rating": "10",
    "author": "dmdd****",
    "review_id": "3825063",
    "movie_id": "31839"
  },
  {
    "review": "초딩때 봣던건데 ㅋㅋㅋ 그땐 참 재밌게 봣엇지..",
    "date": "09.08.04",
    "rating": "7",
    "author": "tjeh****",
    "review_id": "3707835",
    "movie_id": "31839"
  },
  {
    "review": "good~!",
    "date": "09.02.23",
    "rating": "10",
    "author": "shyu****",
    "review_id": "3328067",
    "movie_id": "31839"
  },
  {
    "review": "역시 고양이와 개가 싸우면 언제나 개가 승리를 하네요.",
    "date": "09.02.16",
    "rating": "10",
    "author": "dong****",
    "review_id": "3307418",
    "movie_id": "31839"
  },
  {
    "review": "그래픽 과 내용 모두 티가남",
    "date": "09.01.02",
    "rating": "5",
    "author": "atdk****",
    "review_id": "3180484",
    "movie_id": "31839"
  },
  {
    "review": "ㅋㅋㅋㅋ 아 웃겨 죽는줄 ㅋㅋ",
    "date": "09.01.01",
    "rating": "10",
    "author": "tmxk****",
    "review_id": "3172983",
    "movie_id": "31839"
  },
  {
    "review": "지구 역사상 최고의 앙숙들의 은밀하고도 치열한 전쟁",
    "date": "08.12.26",
    "rating": "6",
    "author": "uds0****",
    "review_id": "3154637",
    "movie_id": "31839"
  },
  {
    "review": "그닥 재미는 없었다 초딩용인듯",
    "date": "08.12.23",
    "rating": "3",
    "author": "yuki****",
    "review_id": "3141197",
    "movie_id": "31839"
  },
  {
    "review": "그냥 심심해서 조금만 보려다가 결국엔 다 보게되는 ..",
    "date": "08.12.20",
    "rating": "8",
    "author": "shjp****",
    "review_id": "3132306",
    "movie_id": "31839"
  },
  {
    "review": "이거 완전히 첨단무기 짱인 듯 ㅋㅋ 상상력이 최고에요",
    "date": "08.11.08",
    "rating": "10",
    "author": "choi****",
    "review_id": "3040788",
    "movie_id": "31839"
  },
  {
    "review": "아이들 보여줬더니 좋다고 난리를치는^^*저역시 너무 재밌게봤네요 너무 웃겨요ㅎㅎ",
    "date": "08.08.18",
    "rating": "10",
    "author": "rndf****",
    "review_id": "2883584",
    "movie_id": "31839"
  },
  {
    "review": "정말 재밋게 봤다 ㅋ",
    "date": "08.08.08",
    "rating": "10",
    "author": "jjw6****",
    "review_id": "2851405",
    "movie_id": "31839"
  },
  {
    "review": "개봉했을때 보고 기억이 나길래 다시본건데 ..다시봐도 개들이 너무사랑스럽고 !",
    "date": "08.04.05",
    "rating": "10",
    "author": "ensk****",
    "review_id": "2560824",
    "movie_id": "31839"
  },
  {
    "review": "솔직히 유치하긴 하지만 참 재미있게 본 작품이다",
    "date": "08.03.30",
    "rating": "8",
    "author": "deff****",
    "review_id": "2548566",
    "movie_id": "31839"
  },
  {
    "review": "완전 가족영화같아요. 너무 웃김ㅋㅋ",
    "date": "08.02.20",
    "rating": "10",
    "author": "stm1****",
    "review_id": "2466765",
    "movie_id": "31839"
  },
  {
    "review": "초딩때봐도 재미가없어...",
    "date": "08.02.04",
    "rating": "1",
    "author": "lys0****",
    "review_id": "2408661",
    "movie_id": "31839"
  },
  {
    "review": "재미있네요 ^^",
    "date": "08.01.30",
    "rating": "10",
    "author": "0213****",
    "review_id": "2388013",
    "movie_id": "31839"
  },
  {
    "review": "너무 웃껴서 계속 보는..  최고!!!!  어이없기도 하고 웃끼고 샘이 젤 웃껴..ㅋㅋ",
    "date": "08.01.24",
    "rating": "10",
    "author": "shrt****",
    "review_id": "2365046",
    "movie_id": "31839"
  },
  {
    "review": "ㅋㅋ초딩때 엄청 재미있게 봤었는데 지금봐도 재밌기만 하구먼",
    "date": "08.01.23",
    "rating": "10",
    "author": "suna****",
    "review_id": "2361362",
    "movie_id": "31839"
  },
  {
    "review": "넘 재미있어",
    "date": "08.01.22",
    "rating": "10",
    "author": "tleh****",
    "review_id": "2358893",
    "movie_id": "31839"
  },
  {
    "review": "팅클스 역쉬 귀여워~~",
    "date": "07.12.18",
    "rating": "9",
    "author": "reno****",
    "review_id": "2242803",
    "movie_id": "31839"
  },
  {
    "review": "아이들이 좋아할 색 다른 코믹영화.",
    "date": "07.11.18",
    "rating": "5",
    "author": "imp1****",
    "review_id": "2162434",
    "movie_id": "31839"
  },
  {
    "review": "황당하면서도 유쾌한, 맘 편히 즐길 수 있는 영화",
    "date": "07.11.13",
    "rating": "7",
    "author": "qwer****",
    "review_id": "2149701",
    "movie_id": "31839"
  },
  {
    "review": "최고로 조아해~ ^_____^*",
    "date": "07.10.25",
    "rating": "10",
    "author": "xuan****",
    "review_id": "2110455",
    "movie_id": "31839"
  },
  {
    "review": "썰 옛썰!",
    "date": "07.09.22",
    "rating": "10",
    "author": "ctae****",
    "review_id": "2038144",
    "movie_id": "31839"
  },
  {
    "review": "약간 색다른 장르의 코믹 영화..",
    "date": "07.08.22",
    "rating": "8",
    "author": "gksq****",
    "review_id": "1970135",
    "movie_id": "31839"
  },
  {
    "review": "짱 재미있어!!  최고양~ ㅋㅋ",
    "date": "07.08.20",
    "rating": "8",
    "author": "ji_e****",
    "review_id": "1962946",
    "movie_id": "31839"
  },
  {
    "review": "동물 나오는건 다조아",
    "date": "07.07.05",
    "rating": "8",
    "author": "feel****",
    "review_id": "1748731",
    "movie_id": "31839"
  },
  {
    "review": "최고ㅋㅋㅋㅋㅋ",
    "date": "07.05.26",
    "rating": "10",
    "author": "ptlo****",
    "review_id": "1662841",
    "movie_id": "31839"
  },
  {
    "review": "말하며 날라다니는 동물들. 현대 특수효과 기술에 찬사를.",
    "date": "07.04.25",
    "rating": "6",
    "author": "cksn****",
    "review_id": "1604878",
    "movie_id": "31839"
  },
  {
    "review": "마지막 고양이 ㅂ2 ㅋㅋ",
    "date": "07.04.08",
    "rating": "7",
    "author": "rhsk****",
    "review_id": "1577852",
    "movie_id": "31839"
  },
  {
    "review": "나비효과 보려고 억지로 본 토요명화",
    "date": "07.04.07",
    "rating": "6",
    "author": "baba****",
    "review_id": "1576396",
    "movie_id": "31839"
  },
  {
    "review": "코미디영화가 재미있으면 백점만점이지 뭐",
    "date": "07.04.05",
    "rating": "10",
    "author": "surr****",
    "review_id": "1573325",
    "movie_id": "31839"
  },
  {
    "review": "만드는 데 꽤나 공을 들인 거 같으나, 어색한 건 어찌 아니할 수 없다",
    "date": "07.03.27",
    "rating": "7",
    "author": "lhcg****",
    "review_id": "1557139",
    "movie_id": "31839"
  },
  {
    "review": "나름재미ㅋㅋ",
    "date": "07.02.13",
    "rating": "8",
    "author": "myki****",
    "review_id": "1466633",
    "movie_id": "31839"
  },
  {
    "review": "왜케 영화 볼줄 모르는 사람들이 많을까?",
    "date": "07.01.31",
    "rating": "10",
    "author": "chuc****",
    "review_id": "1429043",
    "movie_id": "31839"
  },
  {
    "review": "개와 고양이가 말을한다..?!! 하지만 뭔가 엉성한...?",
    "date": "07.01.26",
    "rating": "5",
    "author": "ghkd****",
    "review_id": "1415830",
    "movie_id": "31839"
  },
  {
    "review": "독특한 설정에 한점을 더주고 싶다. 재미있다.",
    "date": "07.01.25",
    "rating": "6",
    "author": "rlwj****",
    "review_id": "1413678",
    "movie_id": "31839"
  },
  {
    "review": "저때 당시 톰과제리 기대하고 봤다가 좀 실망했었던..",
    "date": "07.01.23",
    "rating": "6",
    "author": "gall****",
    "review_id": "1408912",
    "movie_id": "31839"
  },
  {
    "review": "재밌거든? 평점주는 꼬라지하고는",
    "date": "07.01.19",
    "rating": "10",
    "author": "love****",
    "review_id": "1398406",
    "movie_id": "31839"
  },
  {
    "review": "재미있다",
    "date": "07.01.16",
    "rating": "7",
    "author": "oran****",
    "review_id": "1390693",
    "movie_id": "31839"
  },
  {
    "review": "전형적인 어린이용 영화 애들보여주자 재미있다",
    "date": "07.01.16",
    "rating": "7",
    "author": "nala****",
    "review_id": "1390688",
    "movie_id": "31839"
  }
]