[
  {
    "review": ".,.,.,.,.,.,.,.,.",
    "date": "15.04.24",
    "rating": "7",
    "author": "cont****",
    "review_id": "9864031",
    "movie_id": "31836"
  },
  {
    "review": "약한 화장실 유머 좀더 강했으면 재밌을듯",
    "date": "14.03.24",
    "rating": "6",
    "author": "rjsw****",
    "review_id": "8604821",
    "movie_id": "31836"
  },
  {
    "review": "이렇게 과격한 로맨틱코미디여주는 처음이야 좀저질스러웠던점이아쉬움",
    "date": "13.09.19",
    "rating": "3",
    "author": "jjcv****",
    "review_id": "7997180",
    "movie_id": "31836"
  },
  {
    "review": "골 때리는 캐릭터들, 절묘한 전개, 통쾌한 웃음! 개운한 엔딩까지~~!",
    "date": "13.07.28",
    "rating": "8",
    "author": "chur****",
    "review_id": "7795681",
    "movie_id": "31836"
  },
  {
    "review": "웃기다 ㅎㅎㅎ",
    "date": "13.07.13",
    "rating": "7",
    "author": "sims****",
    "review_id": "7735545",
    "movie_id": "31836"
  },
  {
    "review": "보고나면 유쾌한 미소를 짓을 수 있는 영화..",
    "date": "13.06.26",
    "rating": "7",
    "author": "choi****",
    "review_id": "7681813",
    "movie_id": "31836"
  },
  {
    "review": "티비에서우연찮게보고 정주행할라고 찾아본영화정주행했어도 봐도봐도 재밌고웃겨강추!!!별다섯개가아깝지않다",
    "date": "13.06.14",
    "rating": "10",
    "author": "natu****",
    "review_id": "7637277",
    "movie_id": "31836"
  },
  {
    "review": "코메디계 역사에 한획을 그을영화같다 난왜이제것 이영화를 못봤나 모르겠다 진짜 존나 재밌다... 01년도에 이런 주옥같은 명작이나왔을줄이야 정말 후회하지말고 꼭봐라 이영화 안본사람있다면 꼭바라 다른코메디랑은 차원이다르다 ㅋㅋ 정말끝장난다",
    "date": "12.12.15",
    "rating": "10",
    "author": "dhql****",
    "review_id": "7006837",
    "movie_id": "31836"
  },
  {
    "review": "기승전병 + 잭블랙 !!",
    "date": "12.09.07",
    "rating": "7",
    "author": "rock****",
    "review_id": "6676740",
    "movie_id": "31836"
  },
  {
    "review": "행복하게 해주는 기분 좋은 영화ㅋㅋㅋㅋㅋㅋㅋ",
    "date": "12.08.18",
    "rating": "10",
    "author": "lkp6****",
    "review_id": "6622913",
    "movie_id": "31836"
  },
  {
    "review": "막장코디이지만.. 보는 내가다 행복하지?",
    "date": "12.04.26",
    "rating": "8",
    "author": "112g****",
    "review_id": "6246856",
    "movie_id": "31836"
  },
  {
    "review": "최소 실망을 안기지 않는 듀간. 이것도 볼만했다.",
    "date": "12.02.02",
    "rating": "7",
    "author": "wlfa****",
    "review_id": "6044084",
    "movie_id": "31836"
  },
  {
    "review": "아모르고 전에봣던다운봣아봣당ㅠ 이거 나름 기대하고보지만 않으면 괜찮은영화에요",
    "date": "11.11.27",
    "rating": "7",
    "author": "happ****",
    "review_id": "5873401",
    "movie_id": "31836"
  },
  {
    "review": "정말 어이없는 스토리에 웃고 있는 나를 발견",
    "date": "11.10.11",
    "rating": "6",
    "author": "sama****",
    "review_id": "5784117",
    "movie_id": "31836"
  },
  {
    "review": "와.. 이런 병맛 영화도 있구나.. ㅋㅋ",
    "date": "11.10.04",
    "rating": "8",
    "author": "tn99****",
    "review_id": "5770874",
    "movie_id": "31836"
  },
  {
    "review": "잭 블랙의 팬이라면 꼭 봐야 할 영화^^",
    "date": "11.04.08",
    "rating": "10",
    "author": "last****",
    "review_id": "5362341",
    "movie_id": "31836"
  },
  {
    "review": "억지스러운면은있지만소소한웃음과재미가있잖아.ㅎㅎㅎ",
    "date": "11.03.23",
    "rating": "10",
    "author": "love****",
    "review_id": "5329954",
    "movie_id": "31836"
  },
  {
    "review": "역쉬 쵝오!!!",
    "date": "10.12.21",
    "rating": "10",
    "author": "ubbo****",
    "review_id": "5072457",
    "movie_id": "31836"
  },
  {
    "review": "와~ 진짜 여자 한대 패고 싶다",
    "date": "10.08.09",
    "rating": "6",
    "author": "ccpk****",
    "review_id": "4727073",
    "movie_id": "31836"
  },
  {
    "review": "잭 블랙의 고군분투",
    "date": "10.08.09",
    "rating": "6",
    "author": "rame****",
    "review_id": "4727072",
    "movie_id": "31836"
  },
  {
    "review": "정말 악마같은 여자네. 후덜덜~",
    "date": "10.08.09",
    "rating": "6",
    "author": "kpcc****",
    "review_id": "4727070",
    "movie_id": "31836"
  },
  {
    "review": "잭블랙 웃긴다",
    "date": "10.08.03",
    "rating": "3",
    "author": "asun****",
    "review_id": "4701487",
    "movie_id": "31836"
  },
  {
    "review": "킬림 타임용 영화",
    "date": "10.06.04",
    "rating": "7",
    "author": "noxp****",
    "review_id": "4543735",
    "movie_id": "31836"
  },
  {
    "review": "재미없다는사람들 코믹영화에서 뭘기대하는게 빠가사린가? 감독 천재구만",
    "date": "10.06.04",
    "rating": "9",
    "author": "musc****",
    "review_id": "4543719",
    "movie_id": "31836"
  },
  {
    "review": "재밌네요ㅋㅋㅋ 아만다피트 역시ㅠ 너무이쁘게나와서 더 좋았다는",
    "date": "09.11.15",
    "rating": "10",
    "author": "saml****",
    "review_id": "3966076",
    "movie_id": "31836"
  },
  {
    "review": "좋은 해피엔딩",
    "date": "09.10.28",
    "rating": "10",
    "author": "dnjs****",
    "review_id": "3920915",
    "movie_id": "31836"
  },
  {
    "review": "난 너무 재미있게 ㅂㅘㅆ음",
    "date": "09.09.26",
    "rating": "10",
    "author": "ilov****",
    "review_id": "3850882",
    "movie_id": "31836"
  },
  {
    "review": "진정한 해피엔팅...!",
    "date": "09.08.29",
    "rating": "8",
    "author": "ohgo****",
    "review_id": "3796331",
    "movie_id": "31836"
  },
  {
    "review": "웃기는 장면은 조금 있지만 이런장르치곤 조금 아쉬움...",
    "date": "09.08.28",
    "rating": "6",
    "author": "han3****",
    "review_id": "3793546",
    "movie_id": "31836"
  },
  {
    "review": "잼있어요...",
    "date": "09.08.12",
    "rating": "5",
    "author": "qhde****",
    "review_id": "3739106",
    "movie_id": "31836"
  },
  {
    "review": "제이슨빅스와 잭블랙 아만다피트 캐스팅은화려 그러나 잼없다...",
    "date": "09.05.15",
    "rating": "5",
    "author": "kis5****",
    "review_id": "3496139",
    "movie_id": "31836"
  },
  {
    "review": "생각 없이 보라는 말은 이럴때 스라고 있는말. 명상하듯이 봐라",
    "date": "08.11.07",
    "rating": "10",
    "author": "lina****",
    "review_id": "3038542",
    "movie_id": "31836"
  },
  {
    "review": "생각없이.. 충실하다.. 오직 고민없는 웃음만.. 그걸로 만족 비급코메디의 절정",
    "date": "08.10.12",
    "rating": "10",
    "author": "jagu****",
    "review_id": "2996594",
    "movie_id": "31836"
  },
  {
    "review": "말안된다는 사람이 많네요...  심플하고 좋음",
    "date": "08.07.27",
    "rating": "10",
    "author": "onar****",
    "review_id": "2806844",
    "movie_id": "31836"
  },
  {
    "review": "애초에 말이 안되는 시나리오. 잭블랙의 개그도 여기선 유치하고 불편하다.",
    "date": "08.06.06",
    "rating": "4",
    "author": "khkk****",
    "review_id": "2682514",
    "movie_id": "31836"
  },
  {
    "review": "억지스럽고 비현실적인 설정이지만 그래도 웃음은 나온다.",
    "date": "08.04.29",
    "rating": "7",
    "author": "sinb****",
    "review_id": "2604560",
    "movie_id": "31836"
  },
  {
    "review": "채널돌리다가 우연히 본 영화였는데 ..ㅋㅋ 그냥 채널돌리면서 볼만한 영화!",
    "date": "08.03.27",
    "rating": "8",
    "author": "jsko****",
    "review_id": "2544035",
    "movie_id": "31836"
  },
  {
    "review": "이게 왜 이렇게 평점이 좋은거야? 아무리 코메디라지만 내용이 완전 억지야..",
    "date": "08.03.07",
    "rating": "4",
    "author": "kkxs****",
    "review_id": "2507084",
    "movie_id": "31836"
  },
  {
    "review": "억지스런 코미디.",
    "date": "08.02.23",
    "rating": "4",
    "author": "caca****",
    "review_id": "2473513",
    "movie_id": "31836"
  },
  {
    "review": "미국코메디영화의 전형적인 룰을 지킨, 웃긴애들 많이 나오는영화.",
    "date": "08.02.09",
    "rating": "7",
    "author": "hagj****",
    "review_id": "2426199",
    "movie_id": "31836"
  },
  {
    "review": "뭐 그냥..",
    "date": "08.01.14",
    "rating": "4",
    "author": "evil****",
    "review_id": "2331870",
    "movie_id": "31836"
  },
  {
    "review": "잭블랙 아놔 ㅎㅎㅎㅎ",
    "date": "07.12.06",
    "rating": "9",
    "author": "jjhm****",
    "review_id": "2211462",
    "movie_id": "31836"
  },
  {
    "review": "재밌다 웃기다 반전도 있다. 꼭보세요",
    "date": "07.11.16",
    "rating": "9",
    "author": "hisi****",
    "review_id": "2155205",
    "movie_id": "31836"
  },
  {
    "review": "험한 세상을 잊고 아주 잠시나마 통쾌하게 웃었다~그냥 흐뭇한 영화",
    "date": "07.11.08",
    "rating": "10",
    "author": "89py****",
    "review_id": "2139784",
    "movie_id": "31836"
  },
  {
    "review": "amanda peet",
    "date": "07.09.29",
    "rating": "10",
    "author": "comp****",
    "review_id": "2058878",
    "movie_id": "31836"
  },
  {
    "review": "난 재밌던데;; 주디스역할 누구죠? 아 그여자 너무이쁘던데 ㅎ",
    "date": "07.09.21",
    "rating": "9",
    "author": "alfl****",
    "review_id": "2035190",
    "movie_id": "31836"
  },
  {
    "review": "주다스랑 팔씨름하고 져서 나갈때 복수 본사람ㅋㅋㅋㅋㅋㅋㅋㅋㅋㅋㅋㅋ",
    "date": "07.09.15",
    "rating": "10",
    "author": "lazy****",
    "review_id": "2022162",
    "movie_id": "31836"
  },
  {
    "review": "잭블랙 ㅎㅎㅎ",
    "date": "07.09.15",
    "rating": "10",
    "author": "anjw****",
    "review_id": "2021906",
    "movie_id": "31836"
  },
  {
    "review": "웃기려고 무지노력하는것같은데..안웃긴다.내가좋아하는 배우들인데.안타깝다",
    "date": "07.09.10",
    "rating": "1",
    "author": "1pim****",
    "review_id": "2013534",
    "movie_id": "31836"
  },
  {
    "review": "ㅋㅋㅋ 아놔 진짜 이런영화 너무재밌어 훈훈하다",
    "date": "07.07.11",
    "rating": "10",
    "author": "smar****",
    "review_id": "1765743",
    "movie_id": "31836"
  },
  {
    "review": "ㅋㅋㅋㅋ 유쾌하고 유쾌하다.",
    "date": "07.07.05",
    "rating": "10",
    "author": "wide****",
    "review_id": "1747839",
    "movie_id": "31836"
  },
  {
    "review": "ㅋㅋ재밌는데...ㅋㅋ",
    "date": "07.06.30",
    "rating": "10",
    "author": "ven7****",
    "review_id": "1733604",
    "movie_id": "31836"
  },
  {
    "review": "요가에서 맛갔다! 푸하하~~ 진짜 맛간다~",
    "date": "07.06.27",
    "rating": "10",
    "author": "jazz****",
    "review_id": "1723293",
    "movie_id": "31836"
  },
  {
    "review": "잭블랙 얼굴만봐도 웃긴다, 말안되는상황설정때매 더웃긴다..ㅎㅎ",
    "date": "07.06.05",
    "rating": "9",
    "author": "bebe****",
    "review_id": "1682525",
    "movie_id": "31836"
  },
  {
    "review": "ㅋㅋㅋ 킬링타임 굿...잭 블랙넘 웃겨..ㅋㅋㅋ",
    "date": "07.06.04",
    "rating": "8",
    "author": "miel****",
    "review_id": "1681080",
    "movie_id": "31836"
  },
  {
    "review": "내내 웃으면서볼수있는영화",
    "date": "07.06.04",
    "rating": "8",
    "author": "inky****",
    "review_id": "1681074",
    "movie_id": "31836"
  },
  {
    "review": "젠장 이딴 엉뚱 스토리..절대 웃기지 않은....절대 보지말라. 젠장.",
    "date": "07.05.03",
    "rating": "4",
    "author": "pjhl****",
    "review_id": "1618112",
    "movie_id": "31836"
  },
  {
    "review": "배꼽잡고 웃었다진짜 ㅋㅋㅋㅋㅋㅋㅋㅋ블랙잭 역시 완전 나의선샤인 ㅠㅠ",
    "date": "07.04.21",
    "rating": "9",
    "author": "song****",
    "review_id": "1598414",
    "movie_id": "31836"
  },
  {
    "review": "어처구니없는 황당함 뻔뻔함 썰렁한 그들의 재기발랄함을 사랑한다",
    "date": "07.04.21",
    "rating": "9",
    "author": "anda****",
    "review_id": "1598037",
    "movie_id": "31836"
  },
  {
    "review": "그저그럼",
    "date": "07.04.14",
    "rating": "6",
    "author": "wons****",
    "review_id": "1587161",
    "movie_id": "31836"
  },
  {
    "review": "최고....",
    "date": "07.04.11",
    "rating": "10",
    "author": "taeu****",
    "review_id": "1583328",
    "movie_id": "31836"
  },
  {
    "review": "히트 메이커 !!",
    "date": "07.04.02",
    "rating": "8",
    "author": "salm****",
    "review_id": "1568306",
    "movie_id": "31836"
  },
  {
    "review": "무표정으로 본 난 머지;",
    "date": "07.03.18",
    "rating": "2",
    "author": "korn****",
    "review_id": "1540205",
    "movie_id": "31836"
  },
  {
    "review": "잭블랙이 나오기까지 한다 적절히 웃긴다",
    "date": "07.03.05",
    "rating": "8",
    "author": "nala****",
    "review_id": "1520570",
    "movie_id": "31836"
  },
  {
    "review": "블랙 코미디의 정석",
    "date": "07.03.04",
    "rating": "7",
    "author": "full****",
    "review_id": "1517639",
    "movie_id": "31836"
  },
  {
    "review": "내용은 유치뽕짝 그래도 웃기다~",
    "date": "07.03.04",
    "rating": "9",
    "author": "mcbl****",
    "review_id": "1517629",
    "movie_id": "31836"
  },
  {
    "review": "아 졸라웃겨 ㅋㅋㅋㅋㅋㅋㅋㅋㅋㅋㅋㅋㅋㅋㅋㅋㅋㅋㅋㅋㅋㅋㅋㅋㅋ",
    "date": "07.03.03",
    "rating": "10",
    "author": "baby****",
    "review_id": "1514988",
    "movie_id": "31836"
  },
  {
    "review": "간만에 크게 웃으면서 봤다!",
    "date": "07.02.27",
    "rating": "10",
    "author": "moai****",
    "review_id": "1505191",
    "movie_id": "31836"
  },
  {
    "review": "이런게 진짜 코메디다..",
    "date": "07.02.27",
    "rating": "10",
    "author": "y2jj****",
    "review_id": "1505180",
    "movie_id": "31836"
  },
  {
    "review": "Jack Black이조연으로 취급하다니!!!",
    "date": "07.02.21",
    "rating": "9",
    "author": "milk****",
    "review_id": "1492008",
    "movie_id": "31836"
  },
  {
    "review": "말도안되게,,,,,,,,,유치하다,,,,,,,,",
    "date": "07.02.21",
    "rating": "7",
    "author": "sinm****",
    "review_id": "1490301",
    "movie_id": "31836"
  },
  {
    "review": "잭블랙 사랑해요~!!!! ㅋㅋㅋ",
    "date": "07.01.31",
    "rating": "10",
    "author": "blue****",
    "review_id": "1431212",
    "movie_id": "31836"
  },
  {
    "review": "잭 블랙이 웃기긴 웃겼지",
    "date": "07.01.31",
    "rating": "4",
    "author": "okjo****",
    "review_id": "1430887",
    "movie_id": "31836"
  },
  {
    "review": "재미있다..가슴나오는부분삭제하면 15세??",
    "date": "07.01.31",
    "rating": "10",
    "author": "king****",
    "review_id": "1429587",
    "movie_id": "31836"
  },
  {
    "review": "킬링타임용",
    "date": "07.01.31",
    "rating": "9",
    "author": "kmhh****",
    "review_id": "1429503",
    "movie_id": "31836"
  },
  {
    "review": "가슴나오니깐19세",
    "date": "07.01.31",
    "rating": "10",
    "author": "hanh****",
    "review_id": "1429197",
    "movie_id": "31836"
  },
  {
    "review": "이게 왜 19세??",
    "date": "07.01.30",
    "rating": "10",
    "author": "kjhj****",
    "review_id": "1426301",
    "movie_id": "31836"
  },
  {
    "review": "첨은 못봤지만 잼있었다. 샌디가 더이쁘던데.",
    "date": "07.01.18",
    "rating": "9",
    "author": "juny****",
    "review_id": "1394062",
    "movie_id": "31836"
  },
  {
    "review": "잭블렉은 나의 히트메이커",
    "date": "06.12.24",
    "rating": "10",
    "author": "rizo****",
    "review_id": "1321631",
    "movie_id": "31836"
  },
  {
    "review": "특이한 점이 없구나...",
    "date": "06.11.15",
    "rating": "7",
    "author": "jey9****",
    "review_id": "1234368",
    "movie_id": "31836"
  },
  {
    "review": "잭블랙 여기서도 짱이구나",
    "date": "06.08.24",
    "rating": "8",
    "author": "zeed****",
    "review_id": "1074937",
    "movie_id": "31836"
  },
  {
    "review": "그냥 웃기기만 하다,,,그게 끝이다,,",
    "date": "06.08.06",
    "rating": "8",
    "author": "gusw****",
    "review_id": "977885",
    "movie_id": "31836"
  },
  {
    "review": "잭 블랙이 쓰레기 같은 각본을 가까스로 구제하는군..",
    "date": "06.07.07",
    "rating": "5",
    "author": "movi****",
    "review_id": "874837",
    "movie_id": "31836"
  },
  {
    "review": "뭐지...친구들이 더웃기네..ㅋㅋ",
    "date": "06.06.10",
    "rating": "7",
    "author": "park****",
    "review_id": "839645",
    "movie_id": "31836"
  },
  {
    "review": "가 더 좋다.",
    "date": "06.05.18",
    "rating": "4",
    "author": "scal****",
    "review_id": "804209",
    "movie_id": "31836"
  },
  {
    "review": "나에겐 억지 코미디영화였다...",
    "date": "06.05.14",
    "rating": "5",
    "author": "kill****",
    "review_id": "799335",
    "movie_id": "31836"
  },
  {
    "review": "나오길래 그냥 본건데 상당히 재밌었다. 잭 블랙 영화 재밌네.",
    "date": "06.03.08",
    "rating": "9",
    "author": "zidi****",
    "review_id": "708888",
    "movie_id": "31836"
  },
  {
    "review": "정말 재미 있고 엔딩이 아름다운 영화....",
    "date": "06.01.20",
    "rating": "10",
    "author": "szcl****",
    "review_id": "601709",
    "movie_id": "31836"
  },
  {
    "review": "코믹적인 관점에서 10점 이것은 코미디 영화다",
    "date": "06.01.19",
    "rating": "10",
    "author": "luvt****",
    "review_id": "599056",
    "movie_id": "31836"
  },
  {
    "review": "킬링타임용으로 괜찮다",
    "date": "06.01.19",
    "rating": "7",
    "author": "mlif****",
    "review_id": "598440",
    "movie_id": "31836"
  },
  {
    "review": "출연진 모두 너무 웃기고 볼만함~",
    "date": "06.01.13",
    "rating": "6",
    "author": "hye5****",
    "review_id": "584324",
    "movie_id": "31836"
  },
  {
    "review": "결말이 좋네요^^중간중간 내용도 재미있구요~",
    "date": "06.01.09",
    "rating": "9",
    "author": "mylu****",
    "review_id": "572866",
    "movie_id": "31836"
  },
  {
    "review": "간간히 웃어주는 센스",
    "date": "06.01.06",
    "rating": "5",
    "author": "kws7****",
    "review_id": "566206",
    "movie_id": "31836"
  },
  {
    "review": "정말 재밌다.. 아무생각없이 봤는데... 너무 웃겨 ㅠㅠ",
    "date": "05.12.19",
    "rating": "10",
    "author": "cybe****",
    "review_id": "513784",
    "movie_id": "31836"
  },
  {
    "review": "바보들의 잔치같지만, 아주웃기다.마지막은러브러브^^",
    "date": "05.10.27",
    "rating": "8",
    "author": "suor****",
    "review_id": "455942",
    "movie_id": "31836"
  },
  {
    "review": "대박 웃겨ㅎㅎㅎㅎㅎ 아주 재밌네요. 허무하지도 않고",
    "date": "05.09.23",
    "rating": "9",
    "author": "jesu****",
    "review_id": "418255",
    "movie_id": "31836"
  },
  {
    "review": "웃고 즐길 수 있는 영화!!!!!!!! 재밌다~ㅋㅋ",
    "date": "05.09.02",
    "rating": "8",
    "author": "uoon****",
    "review_id": "390908",
    "movie_id": "31836"
  },
  {
    "review": "일단 죽여~~ㅋㅋㅋ",
    "date": "05.08.25",
    "rating": "6",
    "author": "potp****",
    "review_id": "383612",
    "movie_id": "31836"
  },
  {
    "review": "재밌어요~~",
    "date": "05.08.09",
    "rating": "10",
    "author": "gusd****",
    "review_id": "359657",
    "movie_id": "31836"
  },
  {
    "review": "너무 어이가 없어 글 남김.... 잼있다고? 뭐가? 쩝,,,",
    "date": "05.08.07",
    "rating": "1",
    "author": "talh****",
    "review_id": "356182",
    "movie_id": "31836"
  }
]