[
  {
    "review": "당시에 '천사의 미소'로 방송되었던 재밌게 봤었다.",
    "date": "14.11.03",
    "rating": "10",
    "author": "kem1****",
    "review_id": "9338529",
    "movie_id": "31858"
  },
  {
    "review": "그야말로 명불허전. 매 회 감동을 넘치게 하는 작품성 높은 드라마는 정말 작가가 천재가 아닌지 의심이 될 정도. 천사라는 제목처럼 종교적인 행동, 가치관 면에서도 굉장히 많은 기본 기준을 제시한 바이블 같은 드라마.",
    "date": "13.12.01",
    "rating": "10",
    "author": "rant****",
    "review_id": "8183718",
    "movie_id": "31858"
  },
  {
    "review": "감무감동적이고 정말로 극착하는작품이다 기회가 되다면  한번더 보고싶다",
    "date": "12.06.11",
    "rating": "10",
    "author": "tptp****",
    "review_id": "6385782",
    "movie_id": "31858"
  },
  {
    "review": "매회 끝날때마다,사람을 매번 끝없이 울리던 드라마.정말 눈물 없이는 볼수가 없다.",
    "date": "10.08.07",
    "rating": "8",
    "author": "baks****",
    "review_id": "4716380",
    "movie_id": "31858"
  },
  {
    "review": "매회마다 감동을 주던 작품",
    "date": "05.12.26",
    "rating": "10",
    "author": "kws7****",
    "review_id": "529829",
    "movie_id": "31858"
  }
]