[
  {
    "review": "이 영화를 보고 줄리안 무어의 팬이 되었다",
    "date": "15.08.20",
    "rating": "10",
    "author": "rhj0****",
    "review_id": "10253212",
    "movie_id": "31867"
  },
  {
    "review": "뭘 말하는건지는 모르겠지만 주연들 연기잘한다",
    "date": "15.07.10",
    "rating": "8",
    "author": "yea4****",
    "review_id": "10088591",
    "movie_id": "31867"
  },
  {
    "review": "자신의 삶을 살아야  행복을 찾을 수 있다...",
    "date": "15.07.09",
    "rating": "10",
    "author": "nori****",
    "review_id": "10083760",
    "movie_id": "31867"
  },
  {
    "review": "여자로서의 인생과 삶은 무엇일까.진정한 삶은 무엇이고, 어떻게 살아가야 하는 것일까.이 물음의 해답을 세명의 여인들의 운명 속에서 들여다 본다.'삶과의 투쟁 없이 평화는 없다' 버지니아울프의 책을 읽어 보고 싶다.",
    "date": "15.06.24",
    "rating": "9",
    "author": "iya1****",
    "review_id": "10030609",
    "movie_id": "31867"
  },
  {
    "review": "걸작을 판별하려면 최소 10년은 지나야 한다는걸 깨달았다.  여배우 3명의 연기력은 본좌급이며 키드먼은 분장을 해도 이쁘고 스트립의 표정연기도 무어의 연기도. 올드보이 OST 음악이 이작품을 보고 영감을 얻은게 아닌가 싶었다. 아무튼 대단한 걸작.",
    "date": "15.06.23",
    "rating": "10",
    "author": "ajho****",
    "review_id": "10023134",
    "movie_id": "31867"
  },
  {
    "review": "주인공 세명다 왜 동성애자인가?",
    "date": "15.06.07",
    "rating": "1",
    "author": "mara****",
    "review_id": "9983004",
    "movie_id": "31867"
  },
  {
    "review": "시간과 삶을 동시에 관통한다.",
    "date": "15.06.02",
    "rating": "9",
    "author": "ogr5****",
    "review_id": "9971224",
    "movie_id": "31867"
  },
  {
    "review": "그냥 영화에 취해 본 것 같다.. 설명할 수 없는 우울한 아름다움~.~",
    "date": "15.05.26",
    "rating": "10",
    "author": "kunn****",
    "review_id": "9950971",
    "movie_id": "31867"
  },
  {
    "review": "The Hours..",
    "date": "15.03.25",
    "rating": "7",
    "author": "alem****",
    "review_id": "9804406",
    "movie_id": "31867"
  },
  {
    "review": "배우들의 연기가 일품, 특히 줄리안 무어의 전매특허라고 할 수 있는 신경 쇠약 주부 연기와 에드 해리스의 연기는 보는 이의 마음을 정말 아프게 만들었다.",
    "date": "15.03.18",
    "rating": "10",
    "author": "kkkh****",
    "review_id": "9791320",
    "movie_id": "31867"
  },
  {
    "review": "결국 하나가 아닌 셋의 투쟁",
    "date": "15.03.06",
    "rating": "8",
    "author": "azga****",
    "review_id": "9759443",
    "movie_id": "31867"
  },
  {
    "review": "최고의 여배우들...조연들 역시 명품배우들...음악...시각... 훌륭",
    "date": "15.02.25",
    "rating": "9",
    "author": "chlw****",
    "review_id": "9737421",
    "movie_id": "31867"
  },
  {
    "review": "내 인생의 영화. 다시 봐도 걸작. 어줍잖게 희망을 언급하지  않아 좋다.",
    "date": "15.01.31",
    "rating": "10",
    "author": "ykdi****",
    "review_id": "9655274",
    "movie_id": "31867"
  },
  {
    "review": "델러웨이 부인과 시간들",
    "date": "15.01.28",
    "rating": "8",
    "author": "kth3****",
    "review_id": "9646102",
    "movie_id": "31867"
  },
  {
    "review": "두고두고 보면서 곱씹는 맛이 있을 거라고 보는 내내 생각했다",
    "date": "15.01.07",
    "rating": "10",
    "author": "gpql****",
    "review_id": "9571126",
    "movie_id": "31867"
  },
  {
    "review": "최고의 작품입니다. 말로 형용할수없는 감사함을 전합니다",
    "date": "14.11.13",
    "rating": "10",
    "author": "your****",
    "review_id": "9379707",
    "movie_id": "31867"
  },
  {
    "review": "갸가 니콜키드먼이었어???",
    "date": "14.11.02",
    "rating": "1",
    "author": "mool****",
    "review_id": "9335769",
    "movie_id": "31867"
  },
  {
    "review": "분명 영화는 우울한데 보는 나는 가슴이따뜻해지고 힐링이되는 영화",
    "date": "14.10.18",
    "rating": "10",
    "author": "lj12****",
    "review_id": "9299061",
    "movie_id": "31867"
  },
  {
    "review": "사소한 것도 혼돈이 되는 인생 속에서 (몸부림치며) 찾는 '나'라는 지점.",
    "date": "14.08.31",
    "rating": "9",
    "author": "myli****",
    "review_id": "9148435",
    "movie_id": "31867"
  },
  {
    "review": "답답하다. 보는동안 불편하고 짜증이나기 시작한다. 잘표현했으니 그런거겠지만 나는 불쾌했다.",
    "date": "14.08.09",
    "rating": "6",
    "author": "june****",
    "review_id": "9057771",
    "movie_id": "31867"
  },
  {
    "review": "진짜 집중하면서 봤는데 진심으로  내 명작 영화 순위",
    "date": "14.06.10",
    "rating": "10",
    "author": "jsga****",
    "review_id": "8819734",
    "movie_id": "31867"
  },
  {
    "review": "존재에 대한 생각을 하게하는...죽을려면 그 집하 인이 죽을 이유가 더많을거같은데...나름 편한 그녀가  왜죽지?",
    "date": "14.06.02",
    "rating": "8",
    "author": "fj11****",
    "review_id": "8787934",
    "movie_id": "31867"
  },
  {
    "review": "우울증 환자들 이야기 시련없고 만족하게 사는 사람이 얼마나 되는가 다 비관하다 죽어야하나 조금만 집중하면 아름답고 행복한 순간순간들이 보인다 행복은 외부에서 오는 것이 아니라 내 마음에서 오는거다",
    "date": "14.05.27",
    "rating": "3",
    "author": "alps****",
    "review_id": "8769177",
    "movie_id": "31867"
  },
  {
    "review": "지독한 현실과의 투쟁을 통해서 얻어낸 결론이 죽음이라니, 삶의 의미가 그녀에게 전해지기엔 너무 멀리 와버린걸까? 지식인들의 사고를 들여다보는 건 참으로 흥미롭지만, 어려운 일이다.",
    "date": "14.05.26",
    "rating": "10",
    "author": "crue****",
    "review_id": "8768729",
    "movie_id": "31867"
  },
  {
    "review": "두 시간을 이어주는 줄리앤 무어의 얼굴",
    "date": "14.05.11",
    "rating": "8",
    "author": "mews****",
    "review_id": "8723745",
    "movie_id": "31867"
  },
  {
    "review": "자신을 바로보고 삶을 선택하는 것이 나에게도 주변인에게도 행복이 아닐까..싶었다.내가 내삶에 만족하지 못하고 불행하면 내주위도 결코 행복할 수 없다.이기적일까..아니 숙명이다.",
    "date": "14.04.22",
    "rating": "9",
    "author": "ehdq****",
    "review_id": "8665086",
    "movie_id": "31867"
  },
  {
    "review": "명작이다. 삶에 대해서 깊이 공감하는 내용...",
    "date": "14.04.20",
    "rating": "10",
    "author": "com0****",
    "review_id": "8662926",
    "movie_id": "31867"
  },
  {
    "review": "삶은 누구에게나 다른 것 같다. 어떤이는 견디고, 어떤이는 숨쉬고, 어떤이는 떠나고, 남겨지고. 고통스럽게 '삶'을 살아가는(살아갔던) 사람들의 이야기",
    "date": "14.04.13",
    "rating": "10",
    "author": "j_61****",
    "review_id": "8646332",
    "movie_id": "31867"
  },
  {
    "review": "와..진짜 연출력도 쩔고, 배우들의 연기력도 굉장함..감독 보니깐 빌리엘리어트랑 더리더 책읽어주는 남자 만든 사람이네..또 한번 굉장한 연출력에 놀랍다..음악도 필립글래스..말 다했지뭐..",
    "date": "14.04.10",
    "rating": "10",
    "author": "phy8****",
    "review_id": "8640939",
    "movie_id": "31867"
  },
  {
    "review": "살아 있어도 제대로 살기를 간절히 원하는 우리들의 자화상.  불친절한 상황 설명과 치밀한 내면 묘사의 불균형 때문에 호불호가 갈릴 듯...",
    "date": "14.03.27",
    "rating": "8",
    "author": "ever****",
    "review_id": "8610420",
    "movie_id": "31867"
  },
  {
    "review": "전혀 어렵지 않음에도 난해하다고 하는 건 사랑을 못해본 사람들이 멜로 영화를 이해하지 못하듯이 이런 기분을 겪어보지 못해서 공감하지 못하는 것 같다.",
    "date": "14.03.15",
    "rating": "9",
    "author": "verb****",
    "review_id": "8578579",
    "movie_id": "31867"
  },
  {
    "review": "연기신들이 보여주는 다소 난해하게 다가오는 시간들.",
    "date": "14.02.12",
    "rating": "7",
    "author": "ldy6****",
    "review_id": "8500356",
    "movie_id": "31867"
  },
  {
    "review": "쓰레기에 하챤은 동기로 의미부여 하기는..말그대로 하챤은 거지 같은 내용 벌리고 벌려 해석하고 자빠지는거지..참나 여유적적 나태한 정신 빈틈이 나오니 남는시간여유롭게 빈틈을 넓히니 쓰잘데기 없이 의미부여 시켜 멘탈 안드로메다 러닝 OO 발광하는 내용",
    "date": "14.02.11",
    "rating": "1",
    "author": "s37b****",
    "review_id": "8497091",
    "movie_id": "31867"
  },
  {
    "review": "예민하고  섬세하고  불안하다.. 연기 신들...",
    "date": "14.02.05",
    "rating": "10",
    "author": "cjyh****",
    "review_id": "8476273",
    "movie_id": "31867"
  },
  {
    "review": "뛰어난 영상미와 배경음악이 영화에서 눈을 돌리지 못하게 만들었다. 세 여자의 삶이 주는 여운이 오래동안 잊혀지지 않을 것 같다. 사람은 무엇으로 사는가?",
    "date": "14.01.28",
    "rating": "9",
    "author": "choa****",
    "review_id": "8439089",
    "movie_id": "31867"
  },
  {
    "review": "고통은 전이된다... 슬픔은 사랑하는 사람까지도 퍼져나간다.",
    "date": "13.11.25",
    "rating": "9",
    "author": "seoh****",
    "review_id": "8167677",
    "movie_id": "31867"
  },
  {
    "review": "결국 각기다른여자들의 이야기는 델러웨이부인의 이야기로써 맺음으로 이어지네요! 델러웨이부인 한권 사야갯어^.^",
    "date": "13.10.31",
    "rating": "10",
    "author": "kra1****",
    "review_id": "8105211",
    "movie_id": "31867"
  },
  {
    "review": "재미가아닌 사람으로써 삶의의미를생각해본적있다면 이영화는 정말 대단합니다 미묘한감정까지캐치해내고 감정이입해서봤네요 전평론간아니지만 십점처음입니다 여성분 꼭보세요 특히 결혼전후분들",
    "date": "13.10.22",
    "rating": "10",
    "author": "suna****",
    "review_id": "8079282",
    "movie_id": "31867"
  },
  {
    "review": "우울함속에 뭉클함을 가져다준다 영상미 음악 대사 까지 보고 또보고싶은영화",
    "date": "13.09.14",
    "rating": "10",
    "author": "qazw****",
    "review_id": "7975940",
    "movie_id": "31867"
  },
  {
    "review": "왜 이런 걸 영화로 봐야하는가? 그냥 책으로나 써라 영화로는 어울리지 않는다",
    "date": "13.08.13",
    "rating": "2",
    "author": "cosc****",
    "review_id": "7876344",
    "movie_id": "31867"
  },
  {
    "review": "숨막힐듯한 분위기. 그림자",
    "date": "13.07.13",
    "rating": "9",
    "author": "s2pi****",
    "review_id": "7731908",
    "movie_id": "31867"
  },
  {
    "review": "내 인생의 영화 중 한 편. 생애와 나에 대해 돌아보게 만든다.",
    "date": "13.07.11",
    "rating": "10",
    "author": "soph****",
    "review_id": "7724710",
    "movie_id": "31867"
  },
  {
    "review": "약간 어려운 영화.. 배우들 연기력은 아무튼 최고",
    "date": "13.07.08",
    "rating": "9",
    "author": "ydky****",
    "review_id": "7717892",
    "movie_id": "31867"
  },
  {
    "review": "내가 본 최고의 영화",
    "date": "13.07.06",
    "rating": "10",
    "author": "what****",
    "review_id": "7710533",
    "movie_id": "31867"
  },
  {
    "review": "어떤 의미에서 놀라운 세 여자의 하루",
    "date": "13.06.06",
    "rating": "9",
    "author": "scif****",
    "review_id": "7594435",
    "movie_id": "31867"
  },
  {
    "review": "내겐 너무 어려운 영화...ㅜㅜㅜ",
    "date": "13.05.07",
    "rating": "9",
    "author": "cjsw****",
    "review_id": "7513063",
    "movie_id": "31867"
  },
  {
    "review": "처음시작부터 끝까지 자극적이지 않음에도 눈을뗄수없었다.",
    "date": "13.04.03",
    "rating": "10",
    "author": "hll0****",
    "review_id": "7431778",
    "movie_id": "31867"
  },
  {
    "review": "다 훌륭했지만 니콜키드먼 연기에 놀랐다. 다시 볼 영화",
    "date": "13.03.30",
    "rating": "8",
    "author": "come****",
    "review_id": "7423867",
    "movie_id": "31867"
  },
  {
    "review": "타인의삶과 함께 두고두고 또보고싶을 영화소장 가치정말 있다",
    "date": "13.03.13",
    "rating": "10",
    "author": "weaq****",
    "review_id": "7344263",
    "movie_id": "31867"
  },
  {
    "review": "연기 갑",
    "date": "13.03.02",
    "rating": "10",
    "author": "lsh5****",
    "review_id": "7318197",
    "movie_id": "31867"
  },
  {
    "review": "내일보면 영화개봉 10년만이네",
    "date": "13.02.20",
    "rating": "1",
    "author": "ever****",
    "review_id": "7283800",
    "movie_id": "31867"
  },
  {
    "review": "그니까 설명할수 없었지만 이해가됬다. 한 세번봤는데 볼때마다 의미가 새롭기도 하고. 고3때 울 레슨샘때문에 영화 분위기에 쓸려봤는데 몇번봐도 명작이다. 남자친구랑 요번에 한번 더 볼 예정. 그냥 버지니아의 정서가 나랑 맞다고 해야할까??",
    "date": "13.02.20",
    "rating": "10",
    "author": "nnan****",
    "review_id": "7283224",
    "movie_id": "31867"
  },
  {
    "review": "그들은 대사 하나하나에 그들의 고뇌와 슬픔을 아주  깊숙히 담았다. 하지만 영화를 보는 내내 나는 그 대사들을 어렵지 않게 받아들일 수 있었고 그래서 지금도 마음이 불편하다",
    "date": "13.02.11",
    "rating": "10",
    "author": "alst****",
    "review_id": "7253271",
    "movie_id": "31867"
  },
  {
    "review": "리차드의 존재가 페미니즘을 벗겨내며",
    "date": "13.01.21",
    "rating": "8",
    "author": "lawl****",
    "review_id": "7141265",
    "movie_id": "31867"
  },
  {
    "review": "어쩜 이런 생각을 할 수 있나. 정말 영화같다.",
    "date": "13.01.11",
    "rating": "9",
    "author": "jisu****",
    "review_id": "7103275",
    "movie_id": "31867"
  },
  {
    "review": "어렵다.",
    "date": "13.01.11",
    "rating": "6",
    "author": "marc****",
    "review_id": "7101184",
    "movie_id": "31867"
  },
  {
    "review": "정말니콜키드먼은대단한것같다...",
    "date": "13.01.02",
    "rating": "10",
    "author": "amyc****",
    "review_id": "7076480",
    "movie_id": "31867"
  },
  {
    "review": "지난해를 마무리하면서 이 영화를 다시보았다 가슴이 쎄할 때마다 두고두고 보고싶은 영화다",
    "date": "13.01.01",
    "rating": "10",
    "author": "maxi****",
    "review_id": "7069671",
    "movie_id": "31867"
  },
  {
    "review": "볼때마다 느낌이 다르다. 굉장한 영화",
    "date": "12.12.28",
    "rating": "10",
    "author": "toku****",
    "review_id": "7055485",
    "movie_id": "31867"
  },
  {
    "review": "엄마가 떠나가는 모습을 보면서  소리치던 애를 본장면부터, 계속 눈물이 나드만, 버지니아가 니콜닮았다했더니,, 다시 니콜 사진 찾아보니, 코가 메부리가 아니드만, 분장술 대단해",
    "date": "12.12.13",
    "rating": "10",
    "author": "flff****",
    "review_id": "6998784",
    "movie_id": "31867"
  },
  {
    "review": "처음 볼 떄는 왜 이렇게 어려워했는데 두 번 보니까 영화의 진가를 알게 되네요 ㅎㅎ 대사의 의미에 좀더 주목하시면서 보면아주 담백한 영화인듯 ㅎㅎ",
    "date": "12.11.23",
    "rating": "10",
    "author": "chls****",
    "review_id": "6915135",
    "movie_id": "31867"
  },
  {
    "review": "마지막에 굳이 희생을통해 남은이의 삶을 굳건하게 할수밖엔 없는건가 하는 생각에 마음이 먹먹해진다",
    "date": "12.11.11",
    "rating": "10",
    "author": "c957****",
    "review_id": "6876037",
    "movie_id": "31867"
  },
  {
    "review": "꼭 버지니아 울프의 <댈러웨이 부인>을 먼저 읽고 보시길 바랍니다. 영화원작소설도 읽어봐야겠네요. 가슴 깊은곳을 찌르는 슬픈영화네요.",
    "date": "12.11.02",
    "rating": "9",
    "author": "sevd****",
    "review_id": "6844848",
    "movie_id": "31867"
  },
  {
    "review": "마지막 메릴스트립과 줄리엔의 대화는 압권이었다. 그녀의 책을 통해 삶을 선택하고 그녀와 대화를 통해 다시 삶을 깨닫는다",
    "date": "12.10.28",
    "rating": "9",
    "author": "pppn****",
    "review_id": "6831093",
    "movie_id": "31867"
  },
  {
    "review": "마음 아픈 영화......그들이 진정으로 원했던 삶은 어떠한 모습이었을까?나는 과연 나의 삶에 얼마나 만족하고 있는가 반문하게 만든다.관록있는 여배우들의 이름이 절대로 아깝지 않다.",
    "date": "12.10.18",
    "rating": "9",
    "author": "c721****",
    "review_id": "6810472",
    "movie_id": "31867"
  },
  {
    "review": "원하지않은현실과고통  그리고 성정체장애...죽음과삶의선택  받아들이는부분에서걸리는것도 많았다 하지만 대사부분에서 공감이많이가구 니콜연기목소리 도 좋았다 그들은 우리의고통을 죽어도모른다",
    "date": "12.10.14",
    "rating": "10",
    "author": "tmzk****",
    "review_id": "6799568",
    "movie_id": "31867"
  },
  {
    "review": "현실의 무게를 감당하지 못하는 사람들, 그리고 그들을 사랑하는 주위의 현실. 삶에 대한 정답은 선택에 달려있음을 보여준다. 탁월한 미장센과 대단한 연기로 관객들을 압도하는 힘 역시 압권.",
    "date": "12.10.10",
    "rating": "8",
    "author": "jys4****",
    "review_id": "6780659",
    "movie_id": "31867"
  },
  {
    "review": "죽음같은 현실보다 삶을 택하는 것.",
    "date": "12.10.04",
    "rating": "10",
    "author": "kdai****",
    "review_id": "6763342",
    "movie_id": "31867"
  },
  {
    "review": "분위기가 맘에 듦",
    "date": "12.09.29",
    "rating": "7",
    "author": "choc****",
    "review_id": "6741663",
    "movie_id": "31867"
  },
  {
    "review": "난 왜 계속 눈물이 흐르는건지...남은 인생을 후회없이 살기위해 재점검 해볼수있는 기회인것 같다.",
    "date": "12.09.21",
    "rating": "10",
    "author": "sil5****",
    "review_id": "6717347",
    "movie_id": "31867"
  },
  {
    "review": "내가 느끼던 감정들 몰래 생각하던 생각들을 영화 속에서 많이 공감 받았다. 감독이 남자라는게 놀랍다. ㅋ",
    "date": "12.09.20",
    "rating": "10",
    "author": "lhj1****",
    "review_id": "6714736",
    "movie_id": "31867"
  },
  {
    "review": "뭔가 알듯말듯 마음속 깊게 파고들오는 영화는 리뷰를 좀 읽어보고 두번세번 다시 보면10점짜리 영화라는것을 확신할수 있게 됩니다...남여 평점차이가 뚜렷이 보이는데, 남성으로서도 참 인상깊게 봤다.",
    "date": "12.09.12",
    "rating": "10",
    "author": "seyu****",
    "review_id": "6689404",
    "movie_id": "31867"
  },
  {
    "review": "글쎄..? 어느정도 공감은 가지만..내가 우울증을 못겪어봐서 그런가? 극한 감정이입은 할 수 없었다. 중간까지는 자살권장영화로밖에 보이지 않다가 마지막에 3명이 다 자살하지 않은데 그나마 안도감을 느꼈다. 명작이라고들 하니 나중에 한번 되씹어 봐야겠다",
    "date": "12.08.25",
    "rating": "7",
    "author": "xyan****",
    "review_id": "6642912",
    "movie_id": "31867"
  },
  {
    "review": "과대평가된 영화.",
    "date": "12.08.07",
    "rating": "5",
    "author": "fran****",
    "review_id": "6579242",
    "movie_id": "31867"
  },
  {
    "review": "배우들의 연기는 돋보였지만 내용은 지극히 여성적이다",
    "date": "12.07.21",
    "rating": "6",
    "author": "nala****",
    "review_id": "6509763",
    "movie_id": "31867"
  },
  {
    "review": "보석보다 빛나는 여배우들..",
    "date": "12.07.20",
    "rating": "9",
    "author": "wjdg****",
    "review_id": "6505213",
    "movie_id": "31867"
  },
  {
    "review": "줄거리 구성 음악 연기 뭐하나 빠지는것없이 잘만든것같다. 달러웨이부인 책도 읽어보고싶다",
    "date": "12.06.15",
    "rating": "10",
    "author": "shr0****",
    "review_id": "6392031",
    "movie_id": "31867"
  },
  {
    "review": "프롤로그 구성만으로도 최고 2001년시점에 숨어있는 뒷이야기 추측하기도 최고",
    "date": "12.05.16",
    "rating": "10",
    "author": "iifl****",
    "review_id": "6304089",
    "movie_id": "31867"
  },
  {
    "review": "남자가 여자의 아주 깊은곳을 잘 이해할 수 있는 영화, 기타등등 좋은게 너무 많다.",
    "date": "12.05.09",
    "rating": "10",
    "author": "uofr****",
    "review_id": "6284069",
    "movie_id": "31867"
  },
  {
    "review": "정말 최고의 영화..! 정말 버지니아 울프 연기가 너무 좋아요..!",
    "date": "12.04.20",
    "rating": "10",
    "author": "haha****",
    "review_id": "6234469",
    "movie_id": "31867"
  },
  {
    "review": "여성학 수업을 듣고있는 느낌. 많이 지루하고 공감하기도 어렵지만 이해할 수 있다.",
    "date": "12.04.16",
    "rating": "7",
    "author": "beau****",
    "review_id": "6225888",
    "movie_id": "31867"
  },
  {
    "review": "모두 완벽 그 자체. 한번이 아닌 2번이상 봐야 그 깊이를 알수있는 영화",
    "date": "12.04.04",
    "rating": "10",
    "author": "swee****",
    "review_id": "6193365",
    "movie_id": "31867"
  },
  {
    "review": "음악도 좋고 배우들 연기도 좋고 좋은 영화임에는 틀림없지만 너무 난해하고 어렵다",
    "date": "12.03.28",
    "rating": "7",
    "author": "gkco****",
    "review_id": "6175569",
    "movie_id": "31867"
  },
  {
    "review": "3대를 이어온 우울증에 대한 이야기",
    "date": "12.03.22",
    "rating": "6",
    "author": "sipj****",
    "review_id": "6159352",
    "movie_id": "31867"
  },
  {
    "review": "명 배우다운 연기를 펼쳤으나 공감은 우울증환자에게 받으시길.",
    "date": "12.03.19",
    "rating": "6",
    "author": "wlfa****",
    "review_id": "6154984",
    "movie_id": "31867"
  },
  {
    "review": "두번보깅 세번보깅 계속보깅!!!",
    "date": "12.02.22",
    "rating": "10",
    "author": "hoho****",
    "review_id": "6094688",
    "movie_id": "31867"
  },
  {
    "review": "진실한삶을찾고,알리고싶어죽고떠난다? 버려진인연은한때니삶에서진실하지않았나보지?",
    "date": "12.02.16",
    "rating": "3",
    "author": "ratm****",
    "review_id": "6079402",
    "movie_id": "31867"
  },
  {
    "review": "최고..",
    "date": "12.02.05",
    "rating": "10",
    "author": "dms0****",
    "review_id": "6052745",
    "movie_id": "31867"
  },
  {
    "review": "배우들 만렙 연기력이 불편한 소재에도 불구하고 강한 공감과 울림을 주네요.",
    "date": "12.01.30",
    "rating": "9",
    "author": "mbtl****",
    "review_id": "6034710",
    "movie_id": "31867"
  },
  {
    "review": "너무 외롭고 위태로워서 보면서 너무 힘들었다 감정의 극한까지 몰고간다",
    "date": "12.01.23",
    "rating": "10",
    "author": "soka****",
    "review_id": "6011280",
    "movie_id": "31867"
  },
  {
    "review": "어렵지만.. 색다른 울림이있는 영화",
    "date": "12.01.21",
    "rating": "9",
    "author": "kin4****",
    "review_id": "6005379",
    "movie_id": "31867"
  },
  {
    "review": "꼭 한번쯤은 봐야할영화.. 보고나서알았다",
    "date": "12.01.13",
    "rating": "10",
    "author": "thxd****",
    "review_id": "5981794",
    "movie_id": "31867"
  },
  {
    "review": "몇년이 지나도 여운이 감도는 영화... 버지니아울프...아...너무 공감간다.",
    "date": "12.01.02",
    "rating": "10",
    "author": "ejh0****",
    "review_id": "5955238",
    "movie_id": "31867"
  },
  {
    "review": "심오하다",
    "date": "11.12.29",
    "rating": "7",
    "author": "okre****",
    "review_id": "5945939",
    "movie_id": "31867"
  },
  {
    "review": "인상적인 영화...",
    "date": "11.12.18",
    "rating": "8",
    "author": "afri****",
    "review_id": "5912649",
    "movie_id": "31867"
  },
  {
    "review": "공감가는 영화.",
    "date": "11.12.07",
    "rating": "10",
    "author": "grap****",
    "review_id": "5893530",
    "movie_id": "31867"
  },
  {
    "review": "좀 과대평가된 면이 없진 않으나 설정은 나름 괜찮았다",
    "date": "11.11.16",
    "rating": "7",
    "author": "weir****",
    "review_id": "5853148",
    "movie_id": "31867"
  },
  {
    "review": "절망감 속에서 작은 위로를 받다.",
    "date": "11.11.01",
    "rating": "10",
    "author": "meme****",
    "review_id": "5822875",
    "movie_id": "31867"
  },
  {
    "review": "여운과 함께 허무도 남다",
    "date": "11.11.01",
    "rating": "1",
    "author": "thsr****",
    "review_id": "5822270",
    "movie_id": "31867"
  },
  {
    "review": "어렵다 하지만 분명 얻는것은 있으니",
    "date": "11.10.30",
    "rating": "9",
    "author": "alth****",
    "review_id": "5818926",
    "movie_id": "31867"
  }
]