[
  {
    "review": "몇번째 봐도 멋진 영화임",
    "date": "15.07.13",
    "rating": "10",
    "author": "wony****",
    "review_id": "10099930",
    "movie_id": "31864"
  },
  {
    "review": "나름 볼만 하지만 7점대가 적당평점 조절 위해 1점~",
    "date": "15.07.11",
    "rating": "1",
    "author": "tjrj****",
    "review_id": "10093519",
    "movie_id": "31864"
  },
  {
    "review": "초반은 지루하지만 끝으로 갈수록 몰입하게 되네요..",
    "date": "15.07.06",
    "rating": "9",
    "author": "dosl****",
    "review_id": "10076443",
    "movie_id": "31864"
  },
  {
    "review": "가끔은 이런 착한 영화가 보고 싶다.",
    "date": "15.05.19",
    "rating": "6",
    "author": "cube****",
    "review_id": "9932446",
    "movie_id": "31864"
  },
  {
    "review": "그냥본다그냥보고있다그냥봤다",
    "date": "15.04.17",
    "rating": "7",
    "author": "2328****",
    "review_id": "9849707",
    "movie_id": "31864"
  },
  {
    "review": "타인과 대체된 환상속에서 현실로 돌아와 그의 이상을 외치다.",
    "date": "15.03.18",
    "rating": "7",
    "author": "jiyu****",
    "review_id": "9792087",
    "movie_id": "31864"
  },
  {
    "review": "미국 국민의 상처와 그들의 민주주의의 자존감을 알 수 있는 좋은 영화이다.",
    "date": "15.02.05",
    "rating": "9",
    "author": "msm0****",
    "review_id": "9667711",
    "movie_id": "31864"
  },
  {
    "review": "짐캐리의팬이라면 이영화를꼭봐야한다짐캐리의유쾌한면만 보고 팬이되었다면 당신이그의팬이라는생각은 성급한것!!이영화에서 짐캐리는 연기를한것이아니라 그안의짐캐리가되었다(마지막 법정씬에서 목메어서삑사리날때 눈물터짐)",
    "date": "15.01.15",
    "rating": "10",
    "author": "dhgh****",
    "review_id": "9595417",
    "movie_id": "31864"
  },
  {
    "review": "재미없다. 진짜 지루하고 재미없다 설탕안든 노인네들이나 먹는 크래커를 음료없이 먹는 기분이다..",
    "date": "14.11.14",
    "rating": "5",
    "author": "popo****",
    "review_id": "9381916",
    "movie_id": "31864"
  },
  {
    "review": "짐캐리가 진진한 연기하는거 처음보는데 정말 좋네요",
    "date": "14.09.10",
    "rating": "8",
    "author": "ac67****",
    "review_id": "9195914",
    "movie_id": "31864"
  },
  {
    "review": "전형적인 할리우드 영화의 표본이지만 그만큼 완성도가 높고 스토리도 좋습니다. 자유에 대한 존중과 그것을 바탕으로 하는 미국인들의 자신감을 보여주는 영화 였습니다.",
    "date": "14.09.08",
    "rating": "10",
    "author": "hanl****",
    "review_id": "9185746",
    "movie_id": "31864"
  },
  {
    "review": "짐캐리 나와서 유쾌할 줄 알고 봤는데, 하루종일 가슴이 먹먹하기만 하네요. 준비도 안됐는데 한방 얻어맞은 기분임 망할 마제스틱 너무 좋네",
    "date": "14.09.03",
    "rating": "10",
    "author": "eisp****",
    "review_id": "9158665",
    "movie_id": "31864"
  },
  {
    "review": "근래에 본영화중 가장 잼 있네요 우연찮게 본 영화 굿",
    "date": "14.08.03",
    "rating": "10",
    "author": "dere****",
    "review_id": "9014751",
    "movie_id": "31864"
  },
  {
    "review": "짐캐리의 연기에 놀라게 되는영화.중간중간 약간 지루한 면도 있었지만 끝내 감동을 주는 영화.  혹시나 하는 기대가 역시나로 바뀌는 스토리는 뻔하다기 보단 기대에 부응했다고 표현하는게 맞는것 같다.",
    "date": "14.08.01",
    "rating": "10",
    "author": "ogre****",
    "review_id": "9000261",
    "movie_id": "31864"
  },
  {
    "review": "엔딩까지 끌고 가는 이야기의 힘이 조금 부족하지만 꽤 괜찮은 영화네요. 무엇보다 감독의 시선이 참 따듯해서 좋아요.",
    "date": "14.07.28",
    "rating": "8",
    "author": "cree****",
    "review_id": "8971304",
    "movie_id": "31864"
  },
  {
    "review": "감동적이다. 나도 짐캐리의 진지한 연기가 참 좋다.",
    "date": "14.04.07",
    "rating": "9",
    "author": "lipe****",
    "review_id": "8635437",
    "movie_id": "31864"
  },
  {
    "review": "짐캐리 영화는 우선 감동과 재마가 보증이 된다. 하지만 이 영화는 트루먼쇼나 이터널선샤인 급은 아니다",
    "date": "14.01.19",
    "rating": "7",
    "author": "byul****",
    "review_id": "8399886",
    "movie_id": "31864"
  },
  {
    "review": "어찌보면 뻔하지만 재밌게 풀었다! 결론은 재밌다",
    "date": "13.12.17",
    "rating": "9",
    "author": "pjwl****",
    "review_id": "8219756",
    "movie_id": "31864"
  },
  {
    "review": "짐캐리의 연기 믿습니다ㅎ 그 당시 미국사회의 한 단면을잘 보여준거 같아요",
    "date": "13.09.22",
    "rating": "9",
    "author": "1tjw****",
    "review_id": "8007611",
    "movie_id": "31864"
  },
  {
    "review": "아름다운 영화입니다.",
    "date": "13.09.15",
    "rating": "9",
    "author": "hyez****",
    "review_id": "7982518",
    "movie_id": "31864"
  },
  {
    "review": "법정씬에서 눈물 터짐ㅠ",
    "date": "13.08.02",
    "rating": "10",
    "author": "john****",
    "review_id": "7818749",
    "movie_id": "31864"
  },
  {
    "review": "150분이라는 긴 러닝타임이 이해되지 않을 정도로 빈약하고 뻔한 이야기 청문회씬은 오글거리지만 의미와 전율이 있다",
    "date": "13.08.01",
    "rating": "4",
    "author": "yols****",
    "review_id": "7814558",
    "movie_id": "31864"
  },
  {
    "review": "작 수작 까지는 아니지만 의외로 볼만하고 재미잇는영화. 과거 미국의 현실을 보여준다 정의를 표방하는 사람이 정의로운 사람을 탄압하는것을 꼬집는 영화. 좋다..",
    "date": "13.07.17",
    "rating": "7",
    "author": "ssys****",
    "review_id": "7749472",
    "movie_id": "31864"
  },
  {
    "review": "이게왜,, 100점",
    "date": "13.06.30",
    "rating": "10",
    "author": "dnak****",
    "review_id": "7693944",
    "movie_id": "31864"
  },
  {
    "review": "뻔한 스토리인데 그냥 볼만함..",
    "date": "13.06.27",
    "rating": "7",
    "author": "ehwj****",
    "review_id": "7682824",
    "movie_id": "31864"
  },
  {
    "review": "처음에는 영확 주된 주제가 기억 상실과 전쟁 용사들에 대한 것인줄 알았는데  냉전시기의 국민의 이념 자유? 등등 여러 요소가 섞이면서 뭐지? 싶으면서도 보다보니 잘 풀어냈다고 생각하고.. 감동적이기도 하네요",
    "date": "13.04.30",
    "rating": "10",
    "author": "twos****",
    "review_id": "7494858",
    "movie_id": "31864"
  },
  {
    "review": "생각보다 상~~당히 정치적이고 오글거리는 진부함이 있지만, 영화산업이야기+정치이야기+법정이야기+전쟁이야기+가족이야기 등등 여러 소재와 장르가 얽히고 섞인 나름 독특한 영화라는 점에서는 볼만하다. 다만 짐캐리의 장점은 거의 못살렸다는게 아쉽다.",
    "date": "13.04.12",
    "rating": "6",
    "author": "mice****",
    "review_id": "7454210",
    "movie_id": "31864"
  },
  {
    "review": "평점 잘안남기는데 뻔한결말에....많이지루함평점이 너무높아 들림",
    "date": "13.04.07",
    "rating": "5",
    "author": "kwhi****",
    "review_id": "7442380",
    "movie_id": "31864"
  },
  {
    "review": "짐캐리만의 진지한 연기 너무 좋아한다. 벌써 10년전 영화지만 지금봐도 너무 좋은^^",
    "date": "13.03.16",
    "rating": "9",
    "author": "afri****",
    "review_id": "7353317",
    "movie_id": "31864"
  },
  {
    "review": "가슴벅찬 뜨거운 한 방이 있는 영화、MAJESTIC！！코미디의 거장 짐캐리가 선사하는 또 다른 드라마라고 생각합니다。이 영화를 보지 않았다면 아직 짐캐리 영화의 전부를 보았다고 말할 수 없습니다。강력추천！！",
    "date": "13.03.12",
    "rating": "10",
    "author": "yoos****",
    "review_id": "7342048",
    "movie_id": "31864"
  },
  {
    "review": "행복한 영화다.가족이나 연인이랑 같이 보면 좋은 영화",
    "date": "13.02.02",
    "rating": "10",
    "author": "0310****",
    "review_id": "7211396",
    "movie_id": "31864"
  },
  {
    "review": "다 떠나서 지루하다 영화는 좋지만 러닝타임이 길어도 몰입되는 영화가있고 안되는 영화가 있는법이다",
    "date": "13.01.26",
    "rating": "4",
    "author": "xlas****",
    "review_id": "7177121",
    "movie_id": "31864"
  },
  {
    "review": "완벽함. 짐캐리를 좋아하기도 하지만 따뜻하고 짐캐리만의 재미가 있었음. 마을사람들이 너무 착하고 정이 많아서  나도 거기서 살고싶을 정도..별 다섯개 아낌없이 드립니다. 디비디도 구입할거임.",
    "date": "13.01.06",
    "rating": "10",
    "author": "shin****",
    "review_id": "7087509",
    "movie_id": "31864"
  },
  {
    "review": "갑자기 해리의 아들로 잠시나마 살아가는게 좀 뜬금없고 어색했지만 나중에서야 매듭이 깔끔하게 잘 매어졌다고 생각된다. 훌륭한 영화다.",
    "date": "12.11.15",
    "rating": "9",
    "author": "sty9****",
    "review_id": "6891792",
    "movie_id": "31864"
  },
  {
    "review": "작위라고는 않겠다 러닝타임 줄여라",
    "date": "12.10.11",
    "rating": "3",
    "author": "expr****",
    "review_id": "6783143",
    "movie_id": "31864"
  },
  {
    "review": "따뜻하고 훈훈한 드라마 속에 사회와 시대와 개인을 정말 잘 녹여낸 것 같아요.",
    "date": "12.08.30",
    "rating": "10",
    "author": "rede****",
    "review_id": "6656894",
    "movie_id": "31864"
  },
  {
    "review": "감동적이다.. 다시 보고 싶다...",
    "date": "12.07.02",
    "rating": "10",
    "author": "brai****",
    "review_id": "6438306",
    "movie_id": "31864"
  },
  {
    "review": "영화의짜임세가너무좋앗다. 짐캐리의연기도훌륭햇고 감동적이엇다",
    "date": "12.05.01",
    "rating": "10",
    "author": "ysy0****",
    "review_id": "6263270",
    "movie_id": "31864"
  },
  {
    "review": "내용은 도식주의적 할리우드 작품이나, 담고있는 많은 내용과 정서를 잘 어울렸다.",
    "date": "12.02.05",
    "rating": "8",
    "author": "kant****",
    "review_id": "6052896",
    "movie_id": "31864"
  },
  {
    "review": "짐캐리를 기대하였지만 초반루즈한 내용에 실망..을 한방에 뒤엎는 감동 역시 전설의배우짐캐리",
    "date": "12.02.04",
    "rating": "9",
    "author": "fjd4****",
    "review_id": "6051962",
    "movie_id": "31864"
  },
  {
    "review": "미소 짓게 하는 영화, 이런 짐캐리의 진지한 연기 부드러운 목소리가 좋다..",
    "date": "11.11.25",
    "rating": "8",
    "author": "youn****",
    "review_id": "5869707",
    "movie_id": "31864"
  },
  {
    "review": "프랭크 다라본트는 단 한번도,실망시킨적이 없다.짐 캐리도 역시 마찬가지다.절대추천",
    "date": "11.10.02",
    "rating": "8",
    "author": "baks****",
    "review_id": "5765862",
    "movie_id": "31864"
  },
  {
    "review": "짐캐리의 진지한 연기 상당히 매력적입니다. 짐캐리 필모그라피 보다가 찾은영화!",
    "date": "11.09.15",
    "rating": "8",
    "author": "yubi****",
    "review_id": "5734334",
    "movie_id": "31864"
  },
  {
    "review": "적어도 이번에는 잔잔해야 했거늘.",
    "date": "11.08.28",
    "rating": "5",
    "author": "rygh****",
    "review_id": "5692956",
    "movie_id": "31864"
  },
  {
    "review": "훈훈하네요^-^",
    "date": "11.07.20",
    "rating": "10",
    "author": "tpfv****",
    "review_id": "5557773",
    "movie_id": "31864"
  },
  {
    "review": "마을에서는 평화로워서 훈훈했고, 법정에서는 타협하지 않고 간지있는 모습이 좋았음",
    "date": "11.05.14",
    "rating": "9",
    "author": "gfds****",
    "review_id": "5427343",
    "movie_id": "31864"
  },
  {
    "review": "코믹연기보다 진지한연기가 더멋있다고생각",
    "date": "11.05.02",
    "rating": "10",
    "author": "whda****",
    "review_id": "5402026",
    "movie_id": "31864"
  },
  {
    "review": "보는 내내 집중할 수는 있었지만 프랭크에게 기대했던만큼은 아니였다.",
    "date": "11.04.02",
    "rating": "7",
    "author": "wlfa****",
    "review_id": "5348843",
    "movie_id": "31864"
  },
  {
    "review": "음, 웃음기 없는 짐캐리영화라 ... 감동은 있지만 먼가 부족하다",
    "date": "11.03.30",
    "rating": "6",
    "author": "kkow****",
    "review_id": "5342762",
    "movie_id": "31864"
  },
  {
    "review": "개인적으로 짐캐리너무좋아합니다 제가너무기대를한것일까요? 지루하더군요",
    "date": "11.03.02",
    "rating": "6",
    "author": "kent****",
    "review_id": "5288974",
    "movie_id": "31864"
  },
  {
    "review": "여러영화 명장면 짜깁기한 것 같은 느낌도 있지만.. 좋다..",
    "date": "11.03.02",
    "rating": "10",
    "author": "tn99****",
    "review_id": "5288320",
    "movie_id": "31864"
  },
  {
    "review": "지루하고 내용도 별로..",
    "date": "11.02.25",
    "rating": "4",
    "author": "dudf****",
    "review_id": "5274839",
    "movie_id": "31864"
  },
  {
    "review": "잔잔하다",
    "date": "11.02.05",
    "rating": "10",
    "author": "pupp****",
    "review_id": "5216749",
    "movie_id": "31864"
  },
  {
    "review": "역시 헐리우드는 영웅을 좋아해.",
    "date": "10.12.23",
    "rating": "8",
    "author": "dlgk****",
    "review_id": "5078657",
    "movie_id": "31864"
  },
  {
    "review": "2000년대 나온영화중 10손가락안에 드는 영화로 평가~됨. 흥행을 어째튼..",
    "date": "10.12.16",
    "rating": "10",
    "author": "msic****",
    "review_id": "5057274",
    "movie_id": "31864"
  },
  {
    "review": "보는 내내 이 시간이 값지다고 느껴지게 만드는 영화. 역시 프랭크 다라본트!",
    "date": "10.11.14",
    "rating": "10",
    "author": "sunn****",
    "review_id": "4958720",
    "movie_id": "31864"
  },
  {
    "review": "영화즐겨보는사람의 입장에서 솔직히 좋다 이영화 ㅎ",
    "date": "10.10.31",
    "rating": "10",
    "author": "ltg7****",
    "review_id": "4931435",
    "movie_id": "31864"
  },
  {
    "review": "지나치게 심각하다.",
    "date": "10.10.26",
    "rating": "5",
    "author": "inos****",
    "review_id": "4921944",
    "movie_id": "31864"
  },
  {
    "review": "짐 캐리의 카멜레온같은 연기변신과 음악, 작품자체도 긴 여운을 남기는 수작!!",
    "date": "10.10.17",
    "rating": "8",
    "author": "yaky****",
    "review_id": "4907949",
    "movie_id": "31864"
  },
  {
    "review": "짐캐리 봤으니 됐다~확실히 아우라가있다",
    "date": "10.09.11",
    "rating": "8",
    "author": "tall****",
    "review_id": "4828465",
    "movie_id": "31864"
  },
  {
    "review": "지금과 다른 삶을 살고 싶다면... 지금의 삶을 새로 시작하면 되는구나...",
    "date": "10.08.16",
    "rating": "10",
    "author": "mado****",
    "review_id": "4752450",
    "movie_id": "31864"
  },
  {
    "review": "재밋엇음 ㅎ",
    "date": "10.08.07",
    "rating": "10",
    "author": "dksk****",
    "review_id": "4718084",
    "movie_id": "31864"
  },
  {
    "review": "짐캐리의 코믹장르는 아니지만, 정말 마음 따뜻해지고 여운이 남는 영화♡",
    "date": "10.06.06",
    "rating": "10",
    "author": "daks****",
    "review_id": "4547925",
    "movie_id": "31864"
  },
  {
    "review": "긴 러닝타임이 전혀 지루하지 않은..너무 재밌게봤다",
    "date": "10.05.03",
    "rating": "8",
    "author": "worn****",
    "review_id": "4474229",
    "movie_id": "31864"
  },
  {
    "review": "좋아던 것은 쉽사리 잊혀지지 않는데, 반대의 경우는 쉽게 잊지",
    "date": "10.04.30",
    "rating": "10",
    "author": "bajj****",
    "review_id": "4466378",
    "movie_id": "31864"
  },
  {
    "review": "평점에 속았따............",
    "date": "10.04.26",
    "rating": "1",
    "author": "lbs4****",
    "review_id": "4458682",
    "movie_id": "31864"
  },
  {
    "review": "마지막 장면을 보기위해 2시간을 기다린듯한 기분",
    "date": "10.04.26",
    "rating": "5",
    "author": "hye1****",
    "review_id": "4458664",
    "movie_id": "31864"
  },
  {
    "review": "프랭크 다라본트 .....",
    "date": "10.04.16",
    "rating": "10",
    "author": "kymy****",
    "review_id": "4437204",
    "movie_id": "31864"
  },
  {
    "review": "이것이 짐 캐리의 힘이다.",
    "date": "10.02.04",
    "rating": "9",
    "author": "noxp****",
    "review_id": "4246746",
    "movie_id": "31864"
  },
  {
    "review": "내용은 좋지만 좀 지루.",
    "date": "09.09.30",
    "rating": "7",
    "author": "diri****",
    "review_id": "3861640",
    "movie_id": "31864"
  },
  {
    "review": "좋구나!!!!",
    "date": "09.08.27",
    "rating": "10",
    "author": "ramu****",
    "review_id": "3791144",
    "movie_id": "31864"
  },
  {
    "review": "재밌네요.. 짐캐리 진지한 연기도 잘하네요..",
    "date": "09.08.09",
    "rating": "10",
    "author": "sapp****",
    "review_id": "3725656",
    "movie_id": "31864"
  },
  {
    "review": "훈훈한 내용이지만 스토리가 다소 억지스럽고 부족하다.",
    "date": "09.07.21",
    "rating": "4",
    "author": "ccpk****",
    "review_id": "3653446",
    "movie_id": "31864"
  },
  {
    "review": "지겨움",
    "date": "09.07.20",
    "rating": "6",
    "author": "sher****",
    "review_id": "3651046",
    "movie_id": "31864"
  },
  {
    "review": "따뜻한 영화, 네이버 평점 때문에 로그인 처음하게 만든 영화",
    "date": "09.06.08",
    "rating": "10",
    "author": "byeo****",
    "review_id": "3552393",
    "movie_id": "31864"
  },
  {
    "review": "짐캐리의 진지함은 어쩐지 따뜻해",
    "date": "09.05.17",
    "rating": "9",
    "author": "gkdl****",
    "review_id": "3502705",
    "movie_id": "31864"
  },
  {
    "review": "당연히 지켜져야할 것과 그것을 지킨자들, 그리고 지켜야 할 자들에 대한 논의",
    "date": "09.02.10",
    "rating": "8",
    "author": "prol****",
    "review_id": "3293244",
    "movie_id": "31864"
  },
  {
    "review": "좋다!!",
    "date": "09.01.21",
    "rating": "10",
    "author": "akal****",
    "review_id": "3237272",
    "movie_id": "31864"
  },
  {
    "review": "좋은 느낌의 영화^^",
    "date": "09.01.18",
    "rating": "9",
    "author": "chol****",
    "review_id": "3230134",
    "movie_id": "31864"
  },
  {
    "review": "긴 러닝타임으로 약간 지루한 영화",
    "date": "09.01.07",
    "rating": "6",
    "author": "m___****",
    "review_id": "3201053",
    "movie_id": "31864"
  },
  {
    "review": "자신을 버리지 않는 신념이 무엇인지 가르쳐 주는 영화....",
    "date": "09.01.07",
    "rating": "10",
    "author": "lizo****",
    "review_id": "3199128",
    "movie_id": "31864"
  },
  {
    "review": "그냥 좋았다... 그냥...",
    "date": "08.11.01",
    "rating": "7",
    "author": "hune****",
    "review_id": "3029065",
    "movie_id": "31864"
  },
  {
    "review": "역시 짐캐리...",
    "date": "08.09.12",
    "rating": "10",
    "author": "zhwp****",
    "review_id": "2936834",
    "movie_id": "31864"
  },
  {
    "review": "가슴따뜻한영화~~째즈피아노가 잘어울리는...영화",
    "date": "08.08.28",
    "rating": "10",
    "author": "fneh****",
    "review_id": "2908168",
    "movie_id": "31864"
  },
  {
    "review": "나에게는 10점만점의 영화... 보고 또 가끔 보게되는 영화",
    "date": "08.07.20",
    "rating": "10",
    "author": "new_****",
    "review_id": "2786340",
    "movie_id": "31864"
  },
  {
    "review": "좋다",
    "date": "08.07.19",
    "rating": "10",
    "author": "s37e****",
    "review_id": "2778859",
    "movie_id": "31864"
  },
  {
    "review": "맞아 결말이 조금",
    "date": "07.12.18",
    "rating": "7",
    "author": "soul****",
    "review_id": "2241935",
    "movie_id": "31864"
  },
  {
    "review": "짐캐리가 누군지도 모른다면 9점 이하를 주어라. 난 10점을 주겠다.",
    "date": "07.12.17",
    "rating": "10",
    "author": "upup****",
    "review_id": "2238332",
    "movie_id": "31864"
  },
  {
    "review": "good",
    "date": "07.12.12",
    "rating": "10",
    "author": "fin8****",
    "review_id": "2226639",
    "movie_id": "31864"
  },
  {
    "review": "조금 밋밋하다.",
    "date": "07.12.09",
    "rating": "8",
    "author": "drya****",
    "review_id": "2218971",
    "movie_id": "31864"
  },
  {
    "review": "창대한 완성을 향해 전진하지만 끝내 도달하지는 못했네",
    "date": "07.11.15",
    "rating": "6",
    "author": "ques****",
    "review_id": "2152754",
    "movie_id": "31864"
  },
  {
    "review": "따듯한 영상미와 잔잔한 감동. 뒤에서 다소 흐트러진 분위기지만그래도충분히훌룡한",
    "date": "07.11.10",
    "rating": "9",
    "author": "oldb****",
    "review_id": "2142194",
    "movie_id": "31864"
  },
  {
    "review": "6년이나 된 고령영화. 하지만 감동은 그대로이다.",
    "date": "07.09.11",
    "rating": "10",
    "author": "ghdt****",
    "review_id": "2015219",
    "movie_id": "31864"
  },
  {
    "review": "너무나도 진지하고 잔잔하다",
    "date": "07.08.23",
    "rating": "8",
    "author": "v292****",
    "review_id": "1971087",
    "movie_id": "31864"
  },
  {
    "review": "진지한 짐캐리의 영화... 나쁘지 않지만.. 내용의 일관성이 없다.",
    "date": "07.08.22",
    "rating": "6",
    "author": "shh8****",
    "review_id": "1969203",
    "movie_id": "31864"
  },
  {
    "review": "짐 캐리의 영화적 안목이 드러난다. 하지만 다소 작위적이다.",
    "date": "07.08.07",
    "rating": "8",
    "author": "scri****",
    "review_id": "1900270",
    "movie_id": "31864"
  },
  {
    "review": "이터널 선샤인만큼의 여운은 남진않았지만 감상내내 감동받게 만드는 영화",
    "date": "07.08.01",
    "rating": "8",
    "author": "kyun****",
    "review_id": "1839256",
    "movie_id": "31864"
  },
  {
    "review": "영화볼줄모르네. 그냥 시간때우는 재미로봤냐? 쓰레기원조영화다",
    "date": "07.07.21",
    "rating": "1",
    "author": "saji****",
    "review_id": "1797529",
    "movie_id": "31864"
  },
  {
    "review": "역시 짐캐리야. 근데 도대체 이 밑에 쓰레기 같은걸들은 머야?",
    "date": "07.07.21",
    "rating": "9",
    "author": "mmmm****",
    "review_id": "1797524",
    "movie_id": "31864"
  },
  {
    "review": "다라본트 특유의 감동을 향한 표현. 왠지 그럴듯하면서 그저 그렇기도.",
    "date": "07.06.18",
    "rating": "7",
    "author": "rott****",
    "review_id": "1707936",
    "movie_id": "31864"
  }
]