[
  {
    "review": "김호정씨.. 좋네요~! ^^",
    "date": "14.09.13",
    "rating": "7",
    "author": "tn99****",
    "review_id": "9210645",
    "movie_id": "31874"
  },
  {
    "review": "힐링보고 온사람 ㅋㅋ?",
    "date": "14.05.12",
    "rating": "10",
    "author": "alst****",
    "review_id": "8727140",
    "movie_id": "31874"
  },
  {
    "review": "이 영화보고 문승욱감독님 팬이 되었습니다.",
    "date": "13.05.14",
    "rating": "10",
    "author": "zldz****",
    "review_id": "7528141",
    "movie_id": "31874"
  },
  {
    "review": "이런영화 상업적인버전이 만들어지면 대박일듯...",
    "date": "12.06.22",
    "rating": "10",
    "author": "boat****",
    "review_id": "6407570",
    "movie_id": "31874"
  },
  {
    "review": "후웃~",
    "date": "10.06.25",
    "rating": "10",
    "author": "wkda****",
    "review_id": "4589891",
    "movie_id": "31874"
  },
  {
    "review": "망각의 힘에 의해서 비로소 인간은 인간이 된다",
    "date": "10.01.25",
    "rating": "10",
    "author": "ysys****",
    "review_id": "4206539",
    "movie_id": "31874"
  },
  {
    "review": "아픔마저도 몽롱하게 만드는 흐름들.... 왜 이영화를 잊을 수 없을까...",
    "date": "09.12.19",
    "rating": "10",
    "author": "baga****",
    "review_id": "4056347",
    "movie_id": "31874"
  },
  {
    "review": "한국의 숨겨진 sf명작",
    "date": "09.10.28",
    "rating": "10",
    "author": "alsl****",
    "review_id": "3921597",
    "movie_id": "31874"
  },
  {
    "review": "몽환적 분위기. 김호정씨의 포근한 연기가 기억에 남음",
    "date": "09.08.23",
    "rating": "8",
    "author": "arut****",
    "review_id": "3778864",
    "movie_id": "31874"
  },
  {
    "review": "극장에서 보고 보물을 캔듯한 느낌을 안고 집에 왔던 기억이 나네.",
    "date": "09.07.02",
    "rating": "8",
    "author": "meme****",
    "review_id": "3606440",
    "movie_id": "31874"
  },
  {
    "review": "신선했던 것 같기는 하지만 전체적으로는 참 지루하기만 하다",
    "date": "09.01.07",
    "rating": "4",
    "author": "deff****",
    "review_id": "3198916",
    "movie_id": "31874"
  },
  {
    "review": "끝까지 본 내가 대견스럽다.",
    "date": "08.02.26",
    "rating": "1",
    "author": "cont****",
    "review_id": "2485202",
    "movie_id": "31874"
  },
  {
    "review": "참 이래저래 이해하기 난해한 영화~",
    "date": "08.02.16",
    "rating": "4",
    "author": "ypal****",
    "review_id": "2453021",
    "movie_id": "31874"
  },
  {
    "review": "나비효과 짝퉁이라니 이게 훨씬 먼저 나왔는데 - _-;;;",
    "date": "07.10.31",
    "rating": "9",
    "author": "xoru****",
    "review_id": "2124253",
    "movie_id": "31874"
  },
  {
    "review": "열린결말이머릿속에서맴도는영화 글고이게언제영화인데나비효과타령?",
    "date": "07.10.27",
    "rating": "10",
    "author": "sang****",
    "review_id": "2116572",
    "movie_id": "31874"
  },
  {
    "review": "나비효과 짝퉁이네 ㅉㅉ",
    "date": "07.05.13",
    "rating": "1",
    "author": "love****",
    "review_id": "1635656",
    "movie_id": "31874"
  },
  {
    "review": "또 보고싶은 영화..아이러니한 심리를 잘묘사한 좋은작품",
    "date": "07.03.23",
    "rating": "10",
    "author": "pli3****",
    "review_id": "1549177",
    "movie_id": "31874"
  },
  {
    "review": "강혜정 연기 좋았음.. 결말은 부족",
    "date": "06.11.05",
    "rating": "9",
    "author": "kims****",
    "review_id": "1217443",
    "movie_id": "31874"
  },
  {
    "review": "좋다 이 영화..",
    "date": "06.07.30",
    "rating": "10",
    "author": "zeed****",
    "review_id": "946289",
    "movie_id": "31874"
  },
  {
    "review": "친절하진 않지만 따뜻한 영화",
    "date": "06.06.18",
    "rating": "9",
    "author": "rtof****",
    "review_id": "848287",
    "movie_id": "31874"
  },
  {
    "review": "정말 아름다운 영화.. 그 분이 오셨어요!",
    "date": "06.04.27",
    "rating": "10",
    "author": "lhcg****",
    "review_id": "777854",
    "movie_id": "31874"
  },
  {
    "review": "엔딩이올라가고10분만명상에잠기면광명이보일것이다.",
    "date": "06.03.09",
    "rating": "9",
    "author": "izzo****",
    "review_id": "709629",
    "movie_id": "31874"
  },
  {
    "review": "감독에 대한 믿음이 생겼다!!",
    "date": "06.02.01",
    "rating": "10",
    "author": "oneu****",
    "review_id": "640249",
    "movie_id": "31874"
  },
  {
    "review": "기억",
    "date": "06.01.11",
    "rating": "8",
    "author": "sere****",
    "review_id": "580507",
    "movie_id": "31874"
  },
  {
    "review": "영화 첨볼때 강혜정 나오길래 의아했는데 지금은 대스타..",
    "date": "05.11.14",
    "rating": "8",
    "author": "blue****",
    "review_id": "473869",
    "movie_id": "31874"
  },
  {
    "review": "힘든일을 겪더라도 언젠가는 과거의 기억이 되겠지...",
    "date": "05.08.28",
    "rating": "10",
    "author": "gkst****",
    "review_id": "386135",
    "movie_id": "31874"
  },
  {
    "review": "5분간의 해산장면만으로도 볼 가치가 있는 영화.",
    "date": "05.08.25",
    "rating": "9",
    "author": "kjun****",
    "review_id": "383726",
    "movie_id": "31874"
  },
  {
    "review": "굳",
    "date": "05.08.17",
    "rating": "10",
    "author": "kmla****",
    "review_id": "371946",
    "movie_id": "31874"
  },
  {
    "review": "과잉된 자의식이 부른 관객과의 소통의 힘듬.",
    "date": "05.06.09",
    "rating": "7",
    "author": "tjsd****",
    "review_id": "296337",
    "movie_id": "31874"
  },
  {
    "review": "줄거리도 빈약하고 집중이 잘 안된다.",
    "date": "05.05.13",
    "rating": "5",
    "author": "zldn****",
    "review_id": "277012",
    "movie_id": "31874"
  },
  {
    "review": "진지한 휴먼 SF..소중한 배우 김호정의 연기력이 빛을 발한다",
    "date": "05.01.13",
    "rating": "10",
    "author": "bsro****",
    "review_id": "184530",
    "movie_id": "31874"
  },
  {
    "review": "머리나빠서 소통안되는 ㅅ ㅏ람 보지마",
    "date": "04.11.10",
    "rating": "10",
    "author": "gavr****",
    "review_id": "143315",
    "movie_id": "31874"
  },
  {
    "review": "강혜정 아니면 안 봤다 ㅋㅋ",
    "date": "04.11.08",
    "rating": "10",
    "author": "banb****",
    "review_id": "142159",
    "movie_id": "31874"
  },
  {
    "review": "영화보는 시선을 바꿔준 영화. 허무함을 채운다.",
    "date": "04.11.08",
    "rating": "10",
    "author": "newd****",
    "review_id": "141955",
    "movie_id": "31874"
  },
  {
    "review": "역시 강혜정이야",
    "date": "04.10.31",
    "rating": "4",
    "author": "jtu7****",
    "review_id": "135851",
    "movie_id": "31874"
  },
  {
    "review": "강혜정을 좋아하게된 계기의 영화..",
    "date": "04.08.21",
    "rating": "10",
    "author": "nowh****",
    "review_id": "93911",
    "movie_id": "31874"
  },
  {
    "review": "중학생이 이해하기 좀 난해하지만./.; 조은 작품인듯",
    "date": "04.08.05",
    "rating": "10",
    "author": "rhfl****",
    "review_id": "84100",
    "movie_id": "31874"
  },
  {
    "review": "홍성진의 영화해설중 끝 두줄.. 정말 이해 안된다..",
    "date": "04.06.17",
    "rating": "10",
    "author": "leff****",
    "review_id": "55361",
    "movie_id": "31874"
  },
  {
    "review": "결국..좋은 기억,나쁜 기억..모두를 갖고 살아갈수밖에..",
    "date": "04.06.05",
    "rating": "10",
    "author": "luvm****",
    "review_id": "50052",
    "movie_id": "31874"
  },
  {
    "review": "나를 기억하게 만드는.",
    "date": "04.03.10",
    "rating": "10",
    "author": "acto****",
    "review_id": "28141",
    "movie_id": "31874"
  },
  {
    "review": "조금보다가 포기한영화..",
    "date": "04.03.03",
    "rating": "2",
    "author": "xxxx****",
    "review_id": "26552",
    "movie_id": "31874"
  },
  {
    "review": "나도 망각의 바이러스에 감염되어 버렸어..",
    "date": "03.12.22",
    "rating": "7",
    "author": "vian****",
    "review_id": "4853",
    "movie_id": "31874"
  }
]