[
  {
    "review": "슬프고도 아름다운 영화",
    "date": "15.08.26",
    "rating": "10",
    "author": "fink****",
    "review_id": "10275644",
    "movie_id": "31882"
  },
  {
    "review": "바람과함께 사라지다와 함께 내인생 최고의영화.",
    "date": "15.08.25",
    "rating": "10",
    "author": "with****",
    "review_id": "10273495",
    "movie_id": "31882"
  },
  {
    "review": "뮤지컬영화에 관심없는 내게 인생영화가 된 물랑루즈!이 영화는 한번봐서 될게 아니다...난 지금 5번도 넘게 보는데, 볼 때마다 새롭고 설렌다.최고의 배우들 .. 감독님에게 감사할뿐이다 노래 하나 하나 다 감격할 수 밖에...사랑합니다",
    "date": "15.08.24",
    "rating": "10",
    "author": "fdsa****",
    "review_id": "10270638",
    "movie_id": "31882"
  },
  {
    "review": "평점 말도안돼ㅋㅋ 조절..",
    "date": "15.08.18",
    "rating": "1",
    "author": "sunr****",
    "review_id": "10248411",
    "movie_id": "31882"
  },
  {
    "review": "최고의 영상미, 몰입도, 스토리., 음악,.. 한편의 예술영화다",
    "date": "15.08.16",
    "rating": "10",
    "author": "crea****",
    "review_id": "10240758",
    "movie_id": "31882"
  },
  {
    "review": "꼭 봐야겠습니다. 기대됩니다.",
    "date": "15.08.14",
    "rating": "9",
    "author": "rnlq****",
    "review_id": "10229238",
    "movie_id": "31882"
  },
  {
    "review": "슬픈 사랑의 이야기...종합예술로서의 영화의 완성...",
    "date": "15.08.07",
    "rating": "8",
    "author": "cool****",
    "review_id": "10199334",
    "movie_id": "31882"
  },
  {
    "review": "다시봐도 아름다운 영화",
    "date": "15.08.02",
    "rating": "10",
    "author": "neat****",
    "review_id": "10177985",
    "movie_id": "31882"
  },
  {
    "review": "학교에서 음악선생님이 보여주셔서 보았지만 역시 말이 필요없는 영화!!!!",
    "date": "15.07.12",
    "rating": "10",
    "author": "yuns****",
    "review_id": "10097484",
    "movie_id": "31882"
  },
  {
    "review": "수준 높았던 뮤지컬 영화.",
    "date": "15.07.09",
    "rating": "10",
    "author": "lsh5****",
    "review_id": "10082338",
    "movie_id": "31882"
  },
  {
    "review": "우리의 마지막 영화..",
    "date": "15.07.03",
    "rating": "10",
    "author": "sadd****",
    "review_id": "10064887",
    "movie_id": "31882"
  },
  {
    "review": "10년이 지난 후 다시 봐도 훌륭한 영화!!!",
    "date": "15.06.30",
    "rating": "10",
    "author": "choo****",
    "review_id": "10054631",
    "movie_id": "31882"
  },
  {
    "review": "결말이 참 믿기가 싫을 정도네요.",
    "date": "15.06.27",
    "rating": "10",
    "author": "tp2f****",
    "review_id": "10041214",
    "movie_id": "31882"
  },
  {
    "review": "새드엔딩이 좀 아쉽지만 그렇다고 10점을 안줄수는 없지",
    "date": "15.06.21",
    "rating": "10",
    "author": "chlt****",
    "review_id": "10019009",
    "movie_id": "31882"
  },
  {
    "review": "노래가 종아욯ㅎㅎㅎ.",
    "date": "15.06.20",
    "rating": "10",
    "author": "a197****",
    "review_id": "10014655",
    "movie_id": "31882"
  },
  {
    "review": "저의 인생영화 라고도 할 수 있습니다.",
    "date": "15.06.18",
    "rating": "10",
    "author": "789r****",
    "review_id": "10007689",
    "movie_id": "31882"
  },
  {
    "review": "이 영화를 이제야 보다니",
    "date": "15.06.17",
    "rating": "10",
    "author": "leek****",
    "review_id": "10006537",
    "movie_id": "31882"
  },
  {
    "review": "일러무삼하리요...",
    "date": "15.06.12",
    "rating": "10",
    "author": "jh10****",
    "review_id": "9991749",
    "movie_id": "31882"
  },
  {
    "review": "연기 최고 연출, 배경, 노래 모두 최고!!!",
    "date": "15.06.03",
    "rating": "10",
    "author": "ilyk****",
    "review_id": "9972085",
    "movie_id": "31882"
  },
  {
    "review": "환상적인 영화..! 감탄밖에 안나온다...",
    "date": "15.06.02",
    "rating": "10",
    "author": "yell****",
    "review_id": "9971124",
    "movie_id": "31882"
  },
  {
    "review": "사랑의 위대함과 아름다움을 완벽히 담아낸 영화 왜 이제 봤을까?",
    "date": "15.05.31",
    "rating": "10",
    "author": "sjy0****",
    "review_id": "9964664",
    "movie_id": "31882"
  },
  {
    "review": "고전적인  사랑의 서사는 진부함이 아닌 진정한 아름다움이다.",
    "date": "15.05.17",
    "rating": "10",
    "author": "wnsd****",
    "review_id": "9925520",
    "movie_id": "31882"
  },
  {
    "review": "말로 형언 할 수 없는 이기분.. 이영화를 볼때면 맨끝부분이 너무나도 슬픈데 세번째부터 눈물이 나지 않았다 눈물을 흘리면서 울고싶었는데 너무나도 눈물이 나오지 않아서 아쉽다.",
    "date": "15.05.15",
    "rating": "10",
    "author": "kimd****",
    "review_id": "9918131",
    "movie_id": "31882"
  },
  {
    "review": "남주가 답답했지만 영상미와 노래는 끝내줌.",
    "date": "15.05.11",
    "rating": "9",
    "author": "phea****",
    "review_id": "9911915",
    "movie_id": "31882"
  },
  {
    "review": "남주가 너무 질척거려서 짜증이 났지만 감명깊은 영화였다",
    "date": "15.05.05",
    "rating": "10",
    "author": "yosj****",
    "review_id": "9895024",
    "movie_id": "31882"
  },
  {
    "review": "음악 연기 심리묘사 모든것이 완벽ㅠ",
    "date": "15.04.29",
    "rating": "10",
    "author": "ball****",
    "review_id": "9878511",
    "movie_id": "31882"
  },
  {
    "review": "이게 이정도로 평가받는구나..",
    "date": "15.04.09",
    "rating": "6",
    "author": "ccor****",
    "review_id": "9836696",
    "movie_id": "31882"
  },
  {
    "review": "평점 말도안돼ㅋㅋ 조절..",
    "date": "15.04.04",
    "rating": "1",
    "author": "limh****",
    "review_id": "9825080",
    "movie_id": "31882"
  },
  {
    "review": "니콜키드먼 내 여인이여",
    "date": "15.03.28",
    "rating": "10",
    "author": "dlrk****",
    "review_id": "9812412",
    "movie_id": "31882"
  },
  {
    "review": "뻔한 스토리지만  좋다~ 추천",
    "date": "15.03.13",
    "rating": "9",
    "author": "sbup****",
    "review_id": "9776021",
    "movie_id": "31882"
  },
  {
    "review": "좋다. 너무 좋다. 연기도 좋고 노래들도 좋고 영상미도 좋고",
    "date": "15.03.10",
    "rating": "9",
    "author": "nann****",
    "review_id": "9771108",
    "movie_id": "31882"
  },
  {
    "review": "정말 배경이랑 너무좋다ㅠㅠ 재개봉하면 꼭 보러갈게요",
    "date": "15.03.06",
    "rating": "10",
    "author": "vamp****",
    "review_id": "9759531",
    "movie_id": "31882"
  },
  {
    "review": "이런 명작을 이제야 보다니...",
    "date": "15.03.02",
    "rating": "10",
    "author": "euni****",
    "review_id": "9752117",
    "movie_id": "31882"
  },
  {
    "review": "진짜 최고의 캐스팅과 최고의 음악이다 .. 니콜키드먼 외모 진짜 ㄷㄷ함",
    "date": "15.02.20",
    "rating": "10",
    "author": "ekaq****",
    "review_id": "9719140",
    "movie_id": "31882"
  },
  {
    "review": "안보면 바보 두번보고 세번보고",
    "date": "15.02.11",
    "rating": "9",
    "author": "ligh****",
    "review_id": "9686629",
    "movie_id": "31882"
  },
  {
    "review": "왜 14년이 지난 지금에야 봤을까",
    "date": "15.02.06",
    "rating": "10",
    "author": "dker****",
    "review_id": "9671550",
    "movie_id": "31882"
  },
  {
    "review": "내가 소장하고 있는 영화중 탑3안에 드는 인생영화 ㅠ_ㅠ2001년작이라고는 믿겨지지 않을만큼 화려한 색감과 영상미 무엇보다 니콜키드먼 너무 아름답고 이완맥그리거 존멋..환상적인 배우 조합..아름다운 노래 ㅠㅠ",
    "date": "15.02.02",
    "rating": "10",
    "author": "jsjh****",
    "review_id": "9660103",
    "movie_id": "31882"
  },
  {
    "review": "지칠 줄 모르고 힘차게 달리던 말이 끝에 가선 비틀 거리는",
    "date": "15.01.31",
    "rating": "9",
    "author": "woxn****",
    "review_id": "9655035",
    "movie_id": "31882"
  },
  {
    "review": "고금을 통틀어 사랑을 주제로 만든 영화로 '완벽' 이라 평할 수 있는 영화이자 수십번을 봐도 항상 새롭고 가슴을 쥐어짜게 만드는 절대의 카타르시스를 주는 극강 영화",
    "date": "15.01.31",
    "rating": "10",
    "author": "yuo0****",
    "review_id": "9653599",
    "movie_id": "31882"
  },
  {
    "review": "헐리웃 명품배우들의 소름끼치는 연기력! 보는 내내 심장이 멎는줄 알았다..",
    "date": "15.01.25",
    "rating": "10",
    "author": "ske4****",
    "review_id": "9633797",
    "movie_id": "31882"
  },
  {
    "review": "크리스티앙과 새틴의 사랑..다시 봐도 슬프고 아름답다.그리고 ost 넘버들은 아직도 참신하고 즐겁다.",
    "date": "15.01.22",
    "rating": "9",
    "author": "adel****",
    "review_id": "9622225",
    "movie_id": "31882"
  },
  {
    "review": "한마디로 내  인생 최고의 영화",
    "date": "15.01.19",
    "rating": "10",
    "author": "rego****",
    "review_id": "9613404",
    "movie_id": "31882"
  },
  {
    "review": "이런 명작을 왜 이제서야 보게되었나싶다 재미있고 너무 감동적이다니콜키드먼이 이렇게 이뻤었다니♥.♥",
    "date": "15.01.09",
    "rating": "10",
    "author": "rlov****",
    "review_id": "9577803",
    "movie_id": "31882"
  },
  {
    "review": "영화를보면서 평점을처음남겨보네요...이제와서이영화를봤다는게 너무후회스럽고 두고두고 몇번을봐도 질리지않을거같네요",
    "date": "15.01.05",
    "rating": "10",
    "author": "a876****",
    "review_id": "9566379",
    "movie_id": "31882"
  },
  {
    "review": "몽환적이고 우아하고 동화같은 고전적 사랑",
    "date": "15.01.05",
    "rating": "7",
    "author": "rcan****",
    "review_id": "9563541",
    "movie_id": "31882"
  },
  {
    "review": "보는 내내 몰입도 200%...",
    "date": "14.12.31",
    "rating": "10",
    "author": "jiwo****",
    "review_id": "9542355",
    "movie_id": "31882"
  },
  {
    "review": "완벽하고 아름다운 영화",
    "date": "14.12.26",
    "rating": "10",
    "author": "wmam****",
    "review_id": "9517999",
    "movie_id": "31882"
  },
  {
    "review": "시대가 시대인만큼 최근에 처음 보게되면 뮤지컬영화 중 최고라고 하기엔 무리가 있다. 그래도 가장 중요한게 뭔지 다시금 알려주려는 친절한 영화.",
    "date": "14.12.18",
    "rating": "8",
    "author": "mem0****",
    "review_id": "9485545",
    "movie_id": "31882"
  },
  {
    "review": "진짜재밌고전개가빨라서좋은것같아요물론노래도좋고요",
    "date": "14.12.16",
    "rating": "10",
    "author": "sjma****",
    "review_id": "9478796",
    "movie_id": "31882"
  },
  {
    "review": "정말 말이 필요없어요. 다시봐도 오랜된 영화라는 느낌이 전혀 없어요",
    "date": "14.12.06",
    "rating": "10",
    "author": "rain****",
    "review_id": "9453506",
    "movie_id": "31882"
  },
  {
    "review": "초반부와는다르게 후반부로갈수록 굉장히비극적인 사랑이야기네요ㅜㅜ잘봤습니다. 한편으 쇼를본듯한느낌",
    "date": "14.12.05",
    "rating": "8",
    "author": "hajr****",
    "review_id": "9447883",
    "movie_id": "31882"
  },
  {
    "review": "너무 아름다운 둘 ... Come what may 를 부를때 완전 감동 ㅠㅠ",
    "date": "14.12.04",
    "rating": "10",
    "author": "dlwl****",
    "review_id": "9445549",
    "movie_id": "31882"
  },
  {
    "review": "10점만점영화♥♥♥",
    "date": "14.12.03",
    "rating": "10",
    "author": "yj_h****",
    "review_id": "9444312",
    "movie_id": "31882"
  },
  {
    "review": "정신없는 영화?네..몰입안되고 이런건 진짜 뮤지컬로 봐야될듯..영화에서는 별로",
    "date": "14.11.30",
    "rating": "1",
    "author": "hans****",
    "review_id": "9436119",
    "movie_id": "31882"
  },
  {
    "review": "Come What May 화려한 사랑의 시",
    "date": "14.11.26",
    "rating": "9",
    "author": "jjcv****",
    "review_id": "9424714",
    "movie_id": "31882"
  },
  {
    "review": "최고잖아 봐도봐도 질리지 않고",
    "date": "14.11.25",
    "rating": "10",
    "author": "mika****",
    "review_id": "9422227",
    "movie_id": "31882"
  },
  {
    "review": "유치했다고 생각했다 뻔할 뻔자의 전개라고 생각했다. 그 생각은 영화가 끝날때까지 변하지 않았지만 10달이 지난 지금도 계속해서 여운이 남아 계속 기억난다. 이게 진짜 명작이라고 하는게 아닐까?",
    "date": "14.11.19",
    "rating": "9",
    "author": "y952****",
    "review_id": "9401522",
    "movie_id": "31882"
  },
  {
    "review": "\"위대한 개츠비\" 를 보고도 느꼈지만  화려한 색감의 바즈 루어만 스타일은 나하곤 맞지 않은듯. 음악은 좋았지만.",
    "date": "14.11.15",
    "rating": "6",
    "author": "lek0****",
    "review_id": "9388427",
    "movie_id": "31882"
  },
  {
    "review": "가장 좋아하는 영화중 하나",
    "date": "14.11.15",
    "rating": "10",
    "author": "gman****",
    "review_id": "9386507",
    "movie_id": "31882"
  },
  {
    "review": "내인생최고의영화. 즐겁고 아름답고 아프다..",
    "date": "14.11.13",
    "rating": "10",
    "author": "qkqk****",
    "review_id": "9377461",
    "movie_id": "31882"
  },
  {
    "review": "연기력 연출 색채 뭐하나 빠지는것없이 눈과 귀 모두를 행복하게 만들어주는 영화",
    "date": "14.11.11",
    "rating": "10",
    "author": "ryme****",
    "review_id": "9371880",
    "movie_id": "31882"
  },
  {
    "review": "내 인생 최고의 영화..봐도봐도 질리지않는 스토리와 배우들..ost만들어도 장면 하나하나가 떠오르는",
    "date": "14.11.08",
    "rating": "10",
    "author": "kamj****",
    "review_id": "9355513",
    "movie_id": "31882"
  },
  {
    "review": "아 너무좋다 정말로 비극적인결말이라 더 여운남고 ...처음엔 영상이 난잡해서 보다말려했는데 뒤로갈수록 대박...꼭 한번쯤보시길",
    "date": "14.10.29",
    "rating": "10",
    "author": "name****",
    "review_id": "9326468",
    "movie_id": "31882"
  },
  {
    "review": "스물이 다가는 이시간에.",
    "date": "14.10.28",
    "rating": "10",
    "author": "qp23****",
    "review_id": "9324504",
    "movie_id": "31882"
  },
  {
    "review": "열번을봐도 물랑루즈 니콜키드먼은 영원한 여신이다 ㅜㅜ 눈과귀가즐겁고 봐도봐도 황홀한영화",
    "date": "14.10.19",
    "rating": "10",
    "author": "oliv****",
    "review_id": "9303664",
    "movie_id": "31882"
  },
  {
    "review": "두말하면 잔소리...정말 감동적인 이야기.... 꼭한번은 봐야할 영화인것 같아요 ...",
    "date": "14.10.15",
    "rating": "10",
    "author": "soji****",
    "review_id": "9294168",
    "movie_id": "31882"
  },
  {
    "review": "정말 감동입니다. 꼭 보세요.",
    "date": "14.10.13",
    "rating": "10",
    "author": "dbrw****",
    "review_id": "9288960",
    "movie_id": "31882"
  },
  {
    "review": "또봐야지 멋진뮤지컬이었다",
    "date": "14.10.12",
    "rating": "10",
    "author": "whwo****",
    "review_id": "9287994",
    "movie_id": "31882"
  },
  {
    "review": "이 영화도 어느 시대에 봐도 충분히 통할 명작..",
    "date": "14.10.11",
    "rating": "10",
    "author": "eve5****",
    "review_id": "9282824",
    "movie_id": "31882"
  },
  {
    "review": "이 명작을 지금 보다니ㅠㅠ 스토리가 단순하다고 말하는 사람이 있는데 화려한 장면 과 구성에 복잡한 스토리 이었다면 이 정도 감동은 아니었을 듯! 니콜키드먼과 이완 맥그리거의 노래와 연기 정말 박수보내고싶다!",
    "date": "14.10.10",
    "rating": "10",
    "author": "orio****",
    "review_id": "9281258",
    "movie_id": "31882"
  },
  {
    "review": "그냥 대박 ㅋㅋ 대박대박",
    "date": "14.10.09",
    "rating": "10",
    "author": "lchm****",
    "review_id": "9276423",
    "movie_id": "31882"
  },
  {
    "review": "음악 쌤이 틀어줬는데 넘 재미씀 ㅎㅎ 자다가 일나서 봤넹~",
    "date": "14.10.05",
    "rating": "10",
    "author": "wino****",
    "review_id": "9266697",
    "movie_id": "31882"
  },
  {
    "review": "뮤지컬 영화의 입문이다",
    "date": "14.09.27",
    "rating": "8",
    "author": "tnru****",
    "review_id": "9243346",
    "movie_id": "31882"
  },
  {
    "review": "감동적이다...ㅠㅠ무엇보다음악이훌륭함",
    "date": "14.09.26",
    "rating": "10",
    "author": "yoom****",
    "review_id": "9242305",
    "movie_id": "31882"
  },
  {
    "review": "내가 제일 좋아하는 영화",
    "date": "14.09.12",
    "rating": "10",
    "author": "seif****",
    "review_id": "9206733",
    "movie_id": "31882"
  },
  {
    "review": "시작은 정신분열증 막판엔 지루하고 식상함 노래들도 시끄럽고 왜이렇게 다들 소리지르는거야 ㅠㅠ니콜키드먼의 아름다움과 이안맥그리거의 연기 빼면 너무 짜증나는 영화였다.-_-",
    "date": "14.09.11",
    "rating": "6",
    "author": "some****",
    "review_id": "9202765",
    "movie_id": "31882"
  },
  {
    "review": "어릴적에 물랑루즈는 나에게 충격적이고 화려한 영화였다.. 처음으로 영화관에서 보는데..왜이렇게 손발이 오그라들던지..ㅜㅜ다시 제작해서 영화한다면..정말 좋은 작품이 나올것같다..",
    "date": "14.09.10",
    "rating": "7",
    "author": "dlal****",
    "review_id": "9201954",
    "movie_id": "31882"
  },
  {
    "review": "진정한 영상미란 이런 것 아닐까? 스토리, 배우 뭐하나 빠지지 않는 놀라운 영화",
    "date": "14.08.27",
    "rating": "9",
    "author": "mi86****",
    "review_id": "9137900",
    "movie_id": "31882"
  },
  {
    "review": "영화속에 빠져들어 신나게봤어요",
    "date": "14.08.25",
    "rating": "10",
    "author": "say_****",
    "review_id": "9132716",
    "movie_id": "31882"
  },
  {
    "review": "오래되서 cg가 유치하지만 니콜키드먼너무이뻣음..노래도감동",
    "date": "14.08.15",
    "rating": "10",
    "author": "gks2****",
    "review_id": "9089684",
    "movie_id": "31882"
  },
  {
    "review": "저는 너무 동화같아서 별로였어요 ㅎㅎ 제 취향과 맞지않는듯..",
    "date": "14.08.11",
    "rating": "5",
    "author": "jinn****",
    "review_id": "9069782",
    "movie_id": "31882"
  },
  {
    "review": "개인취향이겠지만 이거보다 시카고가 더 재밌었어요",
    "date": "14.08.07",
    "rating": "9",
    "author": "skps****",
    "review_id": "9044187",
    "movie_id": "31882"
  },
  {
    "review": "진실, 자유, 아름다움 그리고 무엇보다도 사랑!",
    "date": "14.08.05",
    "rating": "10",
    "author": "jiye****",
    "review_id": "9033904",
    "movie_id": "31882"
  },
  {
    "review": "볼 때마다 좋고 또 좋은 영화",
    "date": "14.08.04",
    "rating": "10",
    "author": "yuku****",
    "review_id": "9025324",
    "movie_id": "31882"
  },
  {
    "review": "물랑루즈극장을 배경으로 정말 재밌는 이야기를 만들어냈네여.",
    "date": "14.08.01",
    "rating": "9",
    "author": "namu****",
    "review_id": "9003204",
    "movie_id": "31882"
  },
  {
    "review": "대체 이게 뭐하는 미친 디랄 발광쇼인지...남들이 박수치니 덩달아 따라치는 따라쟁이는 되지 않겠다",
    "date": "14.08.01",
    "rating": "1",
    "author": "cjw2****",
    "review_id": "8997109",
    "movie_id": "31882"
  },
  {
    "review": "전형적인 신파이지만 정석이기도 하다. 원초적 사랑의 위대함.",
    "date": "14.07.30",
    "rating": "10",
    "author": "kari****",
    "review_id": "8980716",
    "movie_id": "31882"
  },
  {
    "review": "어느 하나 빠지는 거 없는 내인생 최고의 멜로.  가끔 문득문득 생각난다.",
    "date": "14.07.27",
    "rating": "10",
    "author": "94js****",
    "review_id": "8970422",
    "movie_id": "31882"
  },
  {
    "review": "내가 뮤지컬 영화 중에 제일 화려하고 멋진 듯!",
    "date": "14.07.26",
    "rating": "10",
    "author": "clou****",
    "review_id": "8960769",
    "movie_id": "31882"
  },
  {
    "review": "최고의 뮤지컬 영화입니다.^^",
    "date": "14.07.24",
    "rating": "10",
    "author": "csyt****",
    "review_id": "8950056",
    "movie_id": "31882"
  },
  {
    "review": "세계 영화사에 남을 걸작 세계 영화사에 남을 걸작",
    "date": "14.07.20",
    "rating": "10",
    "author": "yoon****",
    "review_id": "8932830",
    "movie_id": "31882"
  },
  {
    "review": "재개봉을 놓쳐서 아쉽지만 폰으로 봐도 명작...!",
    "date": "14.07.14",
    "rating": "9",
    "author": "imhm****",
    "review_id": "8915960",
    "movie_id": "31882"
  },
  {
    "review": "희안하게  몇 년이 지나서  봐도  숨이  막힌다.",
    "date": "14.07.08",
    "rating": "10",
    "author": "whte****",
    "review_id": "8896570",
    "movie_id": "31882"
  },
  {
    "review": "음악도 배우들의 연기도 눈을 뗄 수 없음.최고.",
    "date": "14.07.08",
    "rating": "10",
    "author": "0701****",
    "review_id": "8896174",
    "movie_id": "31882"
  },
  {
    "review": "12년만에 다시봐도 전혀 촌스럽지 않은 화려한 영상미와 애절한 사랑이야기 그냥 최고!!!",
    "date": "14.07.07",
    "rating": "9",
    "author": "capp****",
    "review_id": "8892138",
    "movie_id": "31882"
  },
  {
    "review": "평점 왜이렇게 높아요?그냥..1점",
    "date": "14.07.04",
    "rating": "1",
    "author": "zizo****",
    "review_id": "8881632",
    "movie_id": "31882"
  },
  {
    "review": "몇번을 봐도 눈물나게 좋은 영화",
    "date": "14.07.02",
    "rating": "10",
    "author": "maro****",
    "review_id": "8875092",
    "movie_id": "31882"
  },
  {
    "review": "잊을수없는영화!!!!",
    "date": "14.06.25",
    "rating": "10",
    "author": "hyun****",
    "review_id": "8853746",
    "movie_id": "31882"
  },
  {
    "review": "아름다운 니콜 키드먼과 OST lady marmalade 외에는 아무 것도 기억에 안 남음.",
    "date": "14.06.25",
    "rating": "1",
    "author": "jjaj****",
    "review_id": "8852500",
    "movie_id": "31882"
  },
  {
    "review": "Veery goood",
    "date": "14.06.22",
    "rating": "8",
    "author": "gala****",
    "review_id": "8847582",
    "movie_id": "31882"
  }
]