[
  {
    "review": "오..이거 평점이 좋아졌네. 꽤 재밌긴 하지.",
    "date": "14.12.10",
    "rating": "8",
    "author": "csmo****",
    "review_id": "9462466",
    "movie_id": "31897"
  },
  {
    "review": "케빈의 악역.. 은근히 잘 어울림..ㅋ",
    "date": "14.05.30",
    "rating": "7",
    "author": "tn99****",
    "review_id": "8778584",
    "movie_id": "31897"
  },
  {
    "review": "크리스찬 슬레이터 는 브로큰 애로우 이 후 내가 꽂힌 배우",
    "date": "13.10.24",
    "rating": "7",
    "author": "milk****",
    "review_id": "8083487",
    "movie_id": "31897"
  },
  {
    "review": "폼은 확실하네요",
    "date": "13.09.20",
    "rating": "10",
    "author": "alph****",
    "review_id": "7999529",
    "movie_id": "31897"
  },
  {
    "review": "냉정과 열정사이",
    "date": "13.08.19",
    "rating": "10",
    "author": "kim6****",
    "review_id": "7904031",
    "movie_id": "31897"
  },
  {
    "review": "적당히 볼만",
    "date": "12.06.25",
    "rating": "7",
    "author": "dbzh****",
    "review_id": "6416072",
    "movie_id": "31897"
  },
  {
    "review": "폼은 확실하게 잡았네",
    "date": "11.05.09",
    "rating": "8",
    "author": "ccpk****",
    "review_id": "5417991",
    "movie_id": "31897"
  },
  {
    "review": "별 내용은 없어보이지만 스타일리시하다",
    "date": "11.05.09",
    "rating": "8",
    "author": "rame****",
    "review_id": "5417989",
    "movie_id": "31897"
  },
  {
    "review": "라스트 씬이 인상적인 갱스터 무비",
    "date": "11.05.09",
    "rating": "8",
    "author": "kpcc****",
    "review_id": "5417987",
    "movie_id": "31897"
  },
  {
    "review": "여러모로 볼만했던 작품 ~~~~~~",
    "date": "10.03.26",
    "rating": "7",
    "author": "fnsk****",
    "review_id": "4387332",
    "movie_id": "31897"
  },
  {
    "review": "총질은 볼만한..",
    "date": "10.03.16",
    "rating": "8",
    "author": "toha****",
    "review_id": "4360977",
    "movie_id": "31897"
  },
  {
    "review": "커트 러셀의 영화는 다 재미있다.캐빈을 믿지말고 러셀을 믿어세요~!",
    "date": "09.06.02",
    "rating": "10",
    "author": "djca****",
    "review_id": "3539729",
    "movie_id": "31897"
  },
  {
    "review": "생각없는 총질/개폼 빼면, 좀 괘찮은 영화 지 않을까?ㅋㅋ",
    "date": "09.04.26",
    "rating": "8",
    "author": "pass****",
    "review_id": "3442755",
    "movie_id": "31897"
  },
  {
    "review": "엘비스의 록이 절묘한 무비",
    "date": "09.04.04",
    "rating": "10",
    "author": "nam7****",
    "review_id": "3404329",
    "movie_id": "31897"
  },
  {
    "review": "폼나는 총질액션!!",
    "date": "09.02.11",
    "rating": "10",
    "author": "vamp****",
    "review_id": "3293875",
    "movie_id": "31897"
  },
  {
    "review": "나름 스타일리쉬하게 잼있음.",
    "date": "08.11.09",
    "rating": "8",
    "author": "erot****",
    "review_id": "3042912",
    "movie_id": "31897"
  },
  {
    "review": "일관성있게 진행되는듯하나 무언가가 엉성한느낌;",
    "date": "08.11.09",
    "rating": "6",
    "author": "o0wl****",
    "review_id": "3042113",
    "movie_id": "31897"
  },
  {
    "review": "중반부엔 솔직히 지루했으나.. 마지막 총격씬은 강렬했다.",
    "date": "08.04.03",
    "rating": "7",
    "author": "pola****",
    "review_id": "2556186",
    "movie_id": "31897"
  },
  {
    "review": "볼만하다",
    "date": "08.02.09",
    "rating": "10",
    "author": "save****",
    "review_id": "2427686",
    "movie_id": "31897"
  },
  {
    "review": "조금 부족한 각본이지만 케빈 코스트너의 악역이 꽤나 훌륭했다.",
    "date": "08.01.11",
    "rating": "7",
    "author": "kwan****",
    "review_id": "2316924",
    "movie_id": "31897"
  },
  {
    "review": "기왕 마일계산법으로 달릴거면 짧고 알찬 8마일만 가자",
    "date": "07.11.15",
    "rating": "4",
    "author": "ques****",
    "review_id": "2152816",
    "movie_id": "31897"
  },
  {
    "review": "무난하다",
    "date": "07.10.27",
    "rating": "7",
    "author": "ghos****",
    "review_id": "2114992",
    "movie_id": "31897"
  },
  {
    "review": "뭐하나 마음에 드는 것이 없는 영화",
    "date": "07.10.27",
    "rating": "5",
    "author": "kllh****",
    "review_id": "2114086",
    "movie_id": "31897"
  },
  {
    "review": "커트러셀과 케빈코스트너의 합작",
    "date": "07.10.19",
    "rating": "6",
    "author": "deff****",
    "review_id": "2098976",
    "movie_id": "31897"
  },
  {
    "review": "조금만 더 다듬었으면 좋았을뻔",
    "date": "07.08.27",
    "rating": "7",
    "author": "eden****",
    "review_id": "1983781",
    "movie_id": "31897"
  },
  {
    "review": "조강지처를 버리더니...",
    "date": "07.08.12",
    "rating": "5",
    "author": "hyup****",
    "review_id": "1924971",
    "movie_id": "31897"
  },
  {
    "review": "엉뚱하고 희안한 영화. 엘비스를 위한 영화? 하여튼 독특했다.",
    "date": "07.04.27",
    "rating": "7",
    "author": "bepl****",
    "review_id": "1608362",
    "movie_id": "31897"
  },
  {
    "review": "한편의 사이코 드라마 대단한 작품은 아니다 결코",
    "date": "07.01.07",
    "rating": "3",
    "author": "nala****",
    "review_id": "1364377",
    "movie_id": "31897"
  },
  {
    "review": "폼나는 갱스터 액션!! 화려한 배역진은 보너스!!!",
    "date": "06.11.28",
    "rating": "8",
    "author": "iceb****",
    "review_id": "1255597",
    "movie_id": "31897"
  },
  {
    "review": "꽃미남 케빈은 어디로ㅠㅠ",
    "date": "06.11.04",
    "rating": "7",
    "author": "pmr0****",
    "review_id": "1215775",
    "movie_id": "31897"
  },
  {
    "review": "화력액션 파워는 죽이는데 뭔가 허전해...",
    "date": "06.10.13",
    "rating": "7",
    "author": "ahnt****",
    "review_id": "1178441",
    "movie_id": "31897"
  },
  {
    "review": "내츄럴본킬러의 켱쾌버젼 쯤?",
    "date": "06.06.04",
    "rating": "7",
    "author": "catl****",
    "review_id": "831067",
    "movie_id": "31897"
  },
  {
    "review": "굿!!",
    "date": "06.03.07",
    "rating": "10",
    "author": "ksgo****",
    "review_id": "707841",
    "movie_id": "31897"
  },
  {
    "review": "연출은 그럭저럭..재미도 그럭저럭..그러나 각본이 엉망.",
    "date": "06.03.03",
    "rating": "6",
    "author": "movi****",
    "review_id": "702281",
    "movie_id": "31897"
  },
  {
    "review": "배우들의 호연, 통쾌한 액션",
    "date": "06.02.28",
    "rating": "7",
    "author": "that****",
    "review_id": "697136",
    "movie_id": "31897"
  },
  {
    "review": "언뜻 GTA가 생각났삼...",
    "date": "06.02.28",
    "rating": "10",
    "author": "sadl****",
    "review_id": "696469",
    "movie_id": "31897"
  },
  {
    "review": "마이웨이가 흐르 면서 최후를 맞는 ...",
    "date": "06.02.28",
    "rating": "10",
    "author": "sina****",
    "review_id": "696445",
    "movie_id": "31897"
  },
  {
    "review": "티비에서 하는거 봤는데 진짜 재밌었던ㅋ",
    "date": "06.02.28",
    "rating": "10",
    "author": "xhek****",
    "review_id": "695986",
    "movie_id": "31897"
  },
  {
    "review": "엘비스 사생아라는 특이한 설정과 암울한 분위기 굿!",
    "date": "06.02.24",
    "rating": "10",
    "author": "rock****",
    "review_id": "689189",
    "movie_id": "31897"
  },
  {
    "review": "저도 우연히 티비에서 해주길래 봤는데 재밌더라고요",
    "date": "06.02.22",
    "rating": "10",
    "author": "pigm****",
    "review_id": "686095",
    "movie_id": "31897"
  },
  {
    "review": "생각않고봤는데재밌었음,,",
    "date": "06.02.22",
    "rating": "10",
    "author": "nuri****",
    "review_id": "685011",
    "movie_id": "31897"
  },
  {
    "review": "유머와 액션이 참 잘어울린다.",
    "date": "05.12.24",
    "rating": "9",
    "author": "kws7****",
    "review_id": "524561",
    "movie_id": "31897"
  },
  {
    "review": "- 케빈 코스트너의 인간말종 악역 연기가 볼만합니다. ^^",
    "date": "05.11.25",
    "rating": "8",
    "author": "save****",
    "review_id": "484623",
    "movie_id": "31897"
  },
  {
    "review": "범죄 영화 중 가장 재밌게 봤음!!!리젠트 머리하고...ㅋㅋㅋㅋ",
    "date": "05.10.16",
    "rating": "9",
    "author": "gwan****",
    "review_id": "444944",
    "movie_id": "31897"
  },
  {
    "review": "ㅋㅋㅋ암생각없이 잼있게 봤네...",
    "date": "05.03.23",
    "rating": "6",
    "author": "omye****",
    "review_id": "245854",
    "movie_id": "31897"
  },
  {
    "review": "케빈 코스트너도 이제 한물갔군...",
    "date": "05.02.14",
    "rating": "5",
    "author": "jcr3****",
    "review_id": "220016",
    "movie_id": "31897"
  },
  {
    "review": "음악만 10점 만점! 내용은 따지지말고 봅시다!!",
    "date": "05.01.27",
    "rating": "10",
    "author": "zihn****",
    "review_id": "197241",
    "movie_id": "31897"
  },
  {
    "review": "재밌게 봤음. 엘비스축제모습도 충분한 눈요기거리, 명작보단 재미로!!",
    "date": "04.11.06",
    "rating": "8",
    "author": "teng****",
    "review_id": "140727",
    "movie_id": "31897"
  },
  {
    "review": "마지막 거꾸로 총쏴대는 액션씩은 정말 짱..그 외는 그냥 보통",
    "date": "04.10.31",
    "rating": "5",
    "author": "ygsh****",
    "review_id": "136276",
    "movie_id": "31897"
  },
  {
    "review": "라스트 액션씬이 굿",
    "date": "04.10.27",
    "rating": "10",
    "author": "gun_****",
    "review_id": "133811",
    "movie_id": "31897"
  },
  {
    "review": "액션 영화보다 잠들기는 처음-__- 너무 졸려서 끄지도 못함",
    "date": "04.09.02",
    "rating": "1",
    "author": "akdo****",
    "review_id": "101368",
    "movie_id": "31897"
  },
  {
    "review": "이거 0점은 없는건가?-- 완전졸작...허술한 구성-_-",
    "date": "04.03.14",
    "rating": "1",
    "author": "soke****",
    "review_id": "28843",
    "movie_id": "31897"
  },
  {
    "review": "꽤 볼만한 범죄 코미디 ㅋㅋ 진짜 볼만해요",
    "date": "04.03.13",
    "rating": "9",
    "author": "dnr7****",
    "review_id": "28613",
    "movie_id": "31897"
  }
]