[
  {
    "review": "글쎄요... 시즌이 거듭될수록 예전만 못하다는 생각이..",
    "date": "14.09.05",
    "rating": "2",
    "author": "donc****",
    "review_id": "9168370",
    "movie_id": "31890"
  },
  {
    "review": "처음 방영한게 52년이라는 뜻인듯... 1952~2009년까지...",
    "date": "11.09.05",
    "rating": "10",
    "author": "t_sk****",
    "review_id": "5709620",
    "movie_id": "31890"
  },
  {
    "review": "2009년까지 공중파TV에서 방송한 최장수드라마라서 브리터니가 출연할수도 있죠",
    "date": "10.04.29",
    "rating": "10",
    "author": "takk****",
    "review_id": "4465694",
    "movie_id": "31890"
  },
  {
    "review": "86년생인 브리터니 스노우가 어떻게 52년도 영화에 출연할 수 있는지 의문",
    "date": "10.03.28",
    "rating": "10",
    "author": "adeo****",
    "review_id": "4392354",
    "movie_id": "31890"
  },
  {
    "review": "크리스토퍼 월켄이 나온단다 ㅋㅋ",
    "date": "07.02.12",
    "rating": "10",
    "author": "fait****",
    "review_id": "1465369",
    "movie_id": "31890"
  }
]