[
  {
    "review": "나이먹고 봐서 다행이네요 ㅎㅎ어릴때봤더라면..망작으로 남았을 영화..잘봤습니다.",
    "date": "15.08.17",
    "rating": "10",
    "author": "jack****",
    "review_id": "10244154",
    "movie_id": "31893"
  },
  {
    "review": "뜨겁다고 하지만 사실상 하고나면 매마른 연애와 결혼 그 후",
    "date": "15.08.16",
    "rating": "7",
    "author": "syoc****",
    "review_id": "10241879",
    "movie_id": "31893"
  },
  {
    "review": "볼때마다 재밌음.. 나이가들수록 더욱 공감가는듯.. 이영화 찍었을때 엄정화 나이가 33인데.. 지금이 내 나이네ㅜㅜ 연기 너무 잘하는듯.. 볼수록 너무 슬펐음...요즘 세대들의 대변 영화인듯..이둘은 너무 마음과는 정반대로 표현하는게 안타까움",
    "date": "15.07.22",
    "rating": "10",
    "author": "love****",
    "review_id": "10127425",
    "movie_id": "31893"
  },
  {
    "review": "보는내내 빠져들었다. 이생각 저생각 하면서...사랑이란 도대체 뭘까? 어떤 기준일까? 그사람 매력,성품, 물질적, 능력등등 사랑의 끝은 없는 것 같다.각자 나름의 기준이 있지만, 감우성과 엄정화 둘이 나쁘진 않은 사랑인 것 같다",
    "date": "15.07.14",
    "rating": "10",
    "author": "leew****",
    "review_id": "10103760",
    "movie_id": "31893"
  },
  {
    "review": "결혼이란 그래서 왜 미친짓인가를 생각하게 되는 영화다 서로가 사랑하기 때문에 깨고 싶지 않는 환상, 사랑 가득담겨있어서 좋았다",
    "date": "15.06.22",
    "rating": "10",
    "author": "0103****",
    "review_id": "10022243",
    "movie_id": "31893"
  },
  {
    "review": "마지막 장면..연희가 집으로 들어간 뒤가 궁금해..결혼은 미친짓이다2 가 만들어졌으면...그럼 또..나이들어 보고 느끼는 재미가 새로울듯..감독님 2도 만들어주세요 배우 그대로...",
    "date": "15.06.09",
    "rating": "9",
    "author": "firs****",
    "review_id": "9986003",
    "movie_id": "31893"
  },
  {
    "review": "맞다. 어릴적엔 와 닿지 않는 영화였는데 지금보니까 좋다",
    "date": "15.06.09",
    "rating": "8",
    "author": "gusk****",
    "review_id": "9985657",
    "movie_id": "31893"
  },
  {
    "review": "이런게 영화구나...이런게 연기구나...다큐멘터리마냥 현실적인 각본과 그속에 너무나 자연스레 녹아드는 두배우의 연기...몰입도최고의 영화....잘 봤습니다 !!",
    "date": "15.06.07",
    "rating": "8",
    "author": "diva****",
    "review_id": "9983360",
    "movie_id": "31893"
  },
  {
    "review": "세련됨이 빛바랜 10여년전 영화이지만 빠져드는 매력이있다. 둘의 썸이 섹시! 순한듯 착하지않은 남자&약은듯 순정있는 여자와의 케미도 쫄깃! 먹먹함이 남는건 둘사이 도덕적미완성 때문인듯(각자의 이기심때문이란생각이..)살짝 짜증났지만 감우성 매력에 용서~",
    "date": "15.05.12",
    "rating": "9",
    "author": "flys****",
    "review_id": "9912339",
    "movie_id": "31893"
  },
  {
    "review": "가슴이먹먹하다감우성진짜 매력넘친다...ㅜㅜ엄정화도이런모습이있었구나 넘매력적이야...3번보고나서야진짜이영화가 ...괜찮은영화라는걸느꼈당",
    "date": "15.05.06",
    "rating": "9",
    "author": "sj24****",
    "review_id": "9899508",
    "movie_id": "31893"
  },
  {
    "review": "30대가 되어 다시 보고서야 그 씁쓸함을 더욱 진하게 공감할 수 있게 되었다. 나도 언젠가는 이 미친짓에 동참하게 되려나.",
    "date": "15.03.27",
    "rating": "8",
    "author": "kill****",
    "review_id": "9810156",
    "movie_id": "31893"
  },
  {
    "review": "결혼해보고나니 무슨뜻인지알겠는 ㅋㅋ굳....",
    "date": "15.03.26",
    "rating": "10",
    "author": "styl****",
    "review_id": "9806729",
    "movie_id": "31893"
  },
  {
    "review": "불륜을 교묘하게 매력적으로 포장해 낸 사탄의 영화",
    "date": "15.03.16",
    "rating": "1",
    "author": "1a00****",
    "review_id": "9786978",
    "movie_id": "31893"
  },
  {
    "review": "기대없이 봤는데 결혼에 대한 솔직하고 현실적인 표현력이 돋보였다. 감우성연기는 검증되었지만 엄정화가 가수였나 싶을 정도로 연기력에 깜작놀랐다. 하지만 난 남자로서 영화속의 감우성이 싫다...",
    "date": "15.03.14",
    "rating": "9",
    "author": "salm****",
    "review_id": "9782434",
    "movie_id": "31893"
  },
  {
    "review": "정말 결혼은 미친 짓이다. 그때 부터 미친듯 살지 않으면",
    "date": "15.02.21",
    "rating": "10",
    "author": "leet****",
    "review_id": "9720784",
    "movie_id": "31893"
  },
  {
    "review": "엄정화가 끝까지 하지 않은말..사랑해",
    "date": "15.01.29",
    "rating": "9",
    "author": "gemi****",
    "review_id": "9648585",
    "movie_id": "31893"
  },
  {
    "review": "그놈의 쿨병..쿨몽둥이로 다들 맞아야 함..",
    "date": "15.01.15",
    "rating": "8",
    "author": "whit****",
    "review_id": "9598350",
    "movie_id": "31893"
  },
  {
    "review": "다른 말이 필요가 없다.정말 재미 있다.",
    "date": "15.01.03",
    "rating": "10",
    "author": "xodn****",
    "review_id": "9554044",
    "movie_id": "31893"
  },
  {
    "review": "기대안하고 우연히 봤는데.. 울어버렸다 ㅜ 결혼을 했지만 두 사람의 이야기가 너무 와닿았다. 어릴때는 아마 이해가 안됐을테지만.. 마지막에 많은 여운이 남는다. 여주인공이 방문을 열었을때 방의 모습은 어땠을까. 두사람 연기도 너무 좋았음",
    "date": "14.12.19",
    "rating": "10",
    "author": "uokm****",
    "review_id": "9490617",
    "movie_id": "31893"
  },
  {
    "review": "이렇게까지 현실적일수있을까. 결혼은 미친짓이다.",
    "date": "14.12.14",
    "rating": "10",
    "author": "sjle****",
    "review_id": "9474615",
    "movie_id": "31893"
  },
  {
    "review": "사랑의 환상에빠진연희와 겁쟁이였던 준영.연희의 남편감 고르는 대사랑 결혼준비에 대한 대화는 12년이 지난 지금과도 소름끼치도록 똑같다. 우리 사회의 결혼이라는 것에 대한 적나라하고도 슬픈 모습을 잘 보여줬다. 지금은 촌스러운 디테일도 뭔가 애틋하다.",
    "date": "14.11.29",
    "rating": "8",
    "author": "5693****",
    "review_id": "9430613",
    "movie_id": "31893"
  },
  {
    "review": "낼모레 서른을 앞두고 다시본영화어릴땐 그저 정사씬만 궁금했기에 본영화지만그때는 이해하지못했던 영화가 주는 메세지가 잘와닿았다좋았던 영화",
    "date": "14.11.28",
    "rating": "10",
    "author": "good****",
    "review_id": "9428970",
    "movie_id": "31893"
  },
  {
    "review": "20대에는 (모든게 좀 작위적인 느낌이어서)비현실이라고 생각햇고 30대가 되어 다시보니 (모든게 너무나 자연스러워서)앞과는 다른 의미로 비현실적인 영화. 재밋다.",
    "date": "14.11.13",
    "rating": "10",
    "author": "tr82****",
    "review_id": "9376916",
    "movie_id": "31893"
  },
  {
    "review": "나의 현재진행형 이야기 같다",
    "date": "14.11.13",
    "rating": "10",
    "author": "wild****",
    "review_id": "9376858",
    "movie_id": "31893"
  },
  {
    "review": "감우성이야 원래 믿고 보지만 기대 안했던 엄정화의 새로운 발견...역시 유하...",
    "date": "14.10.14",
    "rating": "8",
    "author": "lees****",
    "review_id": "9291678",
    "movie_id": "31893"
  },
  {
    "review": "많은것을생각할수있었고 엄정화가 남편한테들키면 어쩔까 조마조마하며봤고 감우성은 캐릭터는 별로였지만 얼굴이너무멋있었다",
    "date": "14.10.05",
    "rating": "10",
    "author": "naom****",
    "review_id": "9266961",
    "movie_id": "31893"
  },
  {
    "review": "연희가 하지 못한 말.. 음악도 영상도 스토리도 모두 훌륭하다!",
    "date": "14.09.13",
    "rating": "9",
    "author": "carm****",
    "review_id": "9209515",
    "movie_id": "31893"
  },
  {
    "review": "개인적으로 유하감독 최고의 작품이라 생각한다.",
    "date": "14.08.25",
    "rating": "10",
    "author": "toto****",
    "review_id": "9133759",
    "movie_id": "31893"
  },
  {
    "review": "어릴땐 그저 야한 영화였는데...두 주인공 모두 너무 이해가 되어 슬플지경이다...그리고...감우성때문에 오늘밤은 좀 설칠것같다 ㅋ",
    "date": "14.08.20",
    "rating": "10",
    "author": "tjdg****",
    "review_id": "9115970",
    "movie_id": "31893"
  },
  {
    "review": "오랫만에 봐도 또 여운이 남는영화 사실 지극히 현실적이지만 또 짠한...감우성의 목소리 눈빛 섹시함에 또한번 감탄하면서 봤네요",
    "date": "14.08.13",
    "rating": "10",
    "author": "okse****",
    "review_id": "9080004",
    "movie_id": "31893"
  },
  {
    "review": "언뜻보면 여자의 판타지같으나 실제로 이건 남자의 판타지다. 엄정화가 경제적이유때문에 감우성과 결혼하지못한 것이란 생각 한다면 대단히 순진한듯. 오후에 창밖을 바라보며 짓는 감우성의 감정은 정말로 달콤하기짝이없는 환상같은 슬픔.",
    "date": "14.08.12",
    "rating": "6",
    "author": "para****",
    "review_id": "9074777",
    "movie_id": "31893"
  },
  {
    "review": "이 영화를 본 지, 10년이 넘었는데도  아직도 마음에 여운이 남아요.. 내가 젊었을때 어릴때 봐도 가슴으로 와닿는 메세지가 있었고.. 나이를 훌쩍 먹은 지금도, 그 메세지로 눈물이 맺힐 수 있게하는..  한국 영화 중 보기 드문 명작 입니다.",
    "date": "14.08.10",
    "rating": "10",
    "author": "ccoc****",
    "review_id": "9060400",
    "movie_id": "31893"
  },
  {
    "review": "준영이 계속 쿨한척하고 연희를 내버려두는 이유는 결국 경제적인 부양때문이다. 그 능력이 있는 다른 남자가 산 아파트를 구경하다 같이 베란다를 내다보는 둘의 모습이 아팠다. 정말 괜찮은영화다. 선정적인 장면 없이도 정말 좋은 영화다.",
    "date": "14.07.20",
    "rating": "10",
    "author": "trao****",
    "review_id": "8935606",
    "movie_id": "31893"
  },
  {
    "review": "감우성.엄정화. 영화의두주인공과 분위기가너무괜찮은영화다. 여운이남는영화",
    "date": "14.06.06",
    "rating": "9",
    "author": "moon****",
    "review_id": "8801842",
    "movie_id": "31893"
  },
  {
    "review": "성인 남녀의 가장 솔직한 내면의 감성을 잘 들어낸 듯 완전 공감 두 주인공의 솔직함이 너무 부럽네요",
    "date": "14.06.06",
    "rating": "10",
    "author": "jinw****",
    "review_id": "8801646",
    "movie_id": "31893"
  },
  {
    "review": "20대초반이지만 그럴것같다는 생각도들고...슬픈영화였다",
    "date": "14.06.01",
    "rating": "8",
    "author": "vkdg****",
    "review_id": "8783910",
    "movie_id": "31893"
  },
  {
    "review": "일부일처제 제도하에서는 하나의 남성이 하나의 여성만을차지할수있다. 가장 강한 수컷이 모든 암컷을 독차지하는 동물의 세계와 달리...  인간세계에서는 여성이 자기 주변에 있는 남성들 중에서 가장 강한 수컷을 골라내는것이 결혼의 진실이다.",
    "date": "14.04.03",
    "rating": "10",
    "author": "milk****",
    "review_id": "8625411",
    "movie_id": "31893"
  },
  {
    "review": "장면이나 대사는 분명 뻔한데 뻔하지 않은 느낌, 가보지 못한 길에 대한 내용인데 마치 다 가본 듯한 느낌..",
    "date": "14.03.30",
    "rating": "8",
    "author": "mygr****",
    "review_id": "8617421",
    "movie_id": "31893"
  },
  {
    "review": "베드신이 화끈한 영화~",
    "date": "14.03.26",
    "rating": "6",
    "author": "cult****",
    "review_id": "8609058",
    "movie_id": "31893"
  },
  {
    "review": "넘치지도 부족하지도 않은 자연스러운 연출과 연기가 좋았다. 특히 결혼에 대한 주제에 공감이 간다.",
    "date": "14.03.19",
    "rating": "9",
    "author": "sipj****",
    "review_id": "8588372",
    "movie_id": "31893"
  },
  {
    "review": "둘만의 방이라는 상징. 유하의 영화는 표현은 사실적이지만 내용은 동화적인데가 있다. 둘만의 방은 이명세의 지독한사랑을 떠오르게도 한다.",
    "date": "14.03.19",
    "rating": "8",
    "author": "doro****",
    "review_id": "8588344",
    "movie_id": "31893"
  },
  {
    "review": "난 결혼은 했지만감우성의 마음을 이해할수있을거 같아요",
    "date": "14.03.19",
    "rating": "9",
    "author": "tpsk****",
    "review_id": "8587478",
    "movie_id": "31893"
  },
  {
    "review": "여자들의 로망이지.... 현실과 사랑. 용기 사이 어딘가에 있는 영화",
    "date": "14.03.12",
    "rating": "10",
    "author": "jihe****",
    "review_id": "8569999",
    "movie_id": "31893"
  },
  {
    "review": "감우성 최고 눈빛진짜ㅜ.ㅜ",
    "date": "14.02.16",
    "rating": "10",
    "author": "yusu****",
    "review_id": "8512066",
    "movie_id": "31893"
  },
  {
    "review": "두 주인공 매력이 대박이다",
    "date": "14.02.07",
    "rating": "10",
    "author": "dule****",
    "review_id": "8483063",
    "movie_id": "31893"
  },
  {
    "review": "결혼의 의미를 조금이나마 알 것 같다. 다른 결혼 관련영화에서는 느낄 수 없던 모호한 느낌이 조금은 뚜렷해졌다.두배우연기꿀! 감우성의 싱그러움!",
    "date": "14.02.01",
    "rating": "10",
    "author": "alth****",
    "review_id": "8458253",
    "movie_id": "31893"
  },
  {
    "review": "저런 영화처럼 엄정화는 결혼을 실제로도 못해서 노처녀",
    "date": "14.01.29",
    "rating": "1",
    "author": "ast1****",
    "review_id": "8442968",
    "movie_id": "31893"
  },
  {
    "review": "사랑과 결혼이 무엇인가에 대해서 다시 한 번 생각해보게 하는 영화",
    "date": "14.01.12",
    "rating": "8",
    "author": "infi****",
    "review_id": "8371455",
    "movie_id": "31893"
  },
  {
    "review": "그냥 야한영화가 아닌 내용이 알찬 영화엿고, 감우성이란 배우를 호감으로 바꿔준 영화다. 엄정화역시 연기를 이렇게나 잘하는지 몰랏다, 안타까운 내용이지만 공감하는 부분 역시 크다.",
    "date": "13.12.01",
    "rating": "10",
    "author": "gmlw****",
    "review_id": "8181609",
    "movie_id": "31893"
  },
  {
    "review": "내 스타일의 영화는 아니야",
    "date": "13.11.26",
    "rating": "7",
    "author": "qkqh****",
    "review_id": "8169424",
    "movie_id": "31893"
  },
  {
    "review": "사랑하는 사람과 결혼을 고민하고 좌절해본 경험이 있다면 정말 슬플 영화네요. 사랑은 무엇이고 결혼은 무엇일까요? 사랑은 위대해 보이지만 시간 앞에 무색해지며, 결혼으로인해 다들 행복하기보다는 불행해지는 것 같습니다.",
    "date": "13.11.02",
    "rating": "8",
    "author": "j_eu****",
    "review_id": "8108865",
    "movie_id": "31893"
  },
  {
    "review": "약간 막장이 들어가면 좋겠다",
    "date": "13.10.28",
    "rating": "7",
    "author": "jyw0****",
    "review_id": "8096551",
    "movie_id": "31893"
  },
  {
    "review": "이 영화도 미친영화다!",
    "date": "13.09.17",
    "rating": "1",
    "author": "ske4****",
    "review_id": "7988573",
    "movie_id": "31893"
  },
  {
    "review": "필름은 그대로인데 세월이 갈수록 먹먹해지고 깊어진다. 영화 말미에 사진과 나레이션 너무 짠해서 울어 버렸다. 만29세 이상 관람가!!!",
    "date": "13.09.02",
    "rating": "9",
    "author": "blit****",
    "review_id": "7943160",
    "movie_id": "31893"
  },
  {
    "review": "긴말대신.. 그저 둘의 행복한, 이쁜 한때를 보는것만으로도볼만한 가치가 충분히 있는 영화10년도 더 전에 봤지만 아직도 이 영화를 생각하면 입가에 미소가 띄워진다.",
    "date": "13.08.08",
    "rating": "10",
    "author": "mdew****",
    "review_id": "7857108",
    "movie_id": "31893"
  },
  {
    "review": "남자주인공은 여자가 조건을 많이 잰다고 자기는 아니라고 피하지만, 사실은 자기 자신이 여자를 더 재고있다. 참 보면서 답답해서 남자주인공 후드려 패버리고 싶었던 영화",
    "date": "13.07.19",
    "rating": "9",
    "author": "godo****",
    "review_id": "7762315",
    "movie_id": "31893"
  },
  {
    "review": "아직 어려서 그런가 딱히 공감이 안가네",
    "date": "13.07.15",
    "rating": "7",
    "author": "rhfl****",
    "review_id": "7745395",
    "movie_id": "31893"
  },
  {
    "review": "결혼한 유부녀 혹은 골드미스들에게만 호응을 얻을수 있는 각본. 하지만 다른 사람들은 적어도 공감은 할 수 있을것.",
    "date": "13.07.03",
    "rating": "6",
    "author": "wlfa****",
    "review_id": "7701343",
    "movie_id": "31893"
  },
  {
    "review": "감우성 왜 활동안하지?뭐하고 사나",
    "date": "13.06.28",
    "rating": "10",
    "author": "bree****",
    "review_id": "7687884",
    "movie_id": "31893"
  },
  {
    "review": "사람의 욕망을 너무나 미려하고 당연하게 포장한 영화. 뛰어난 표현력과 별개로 오로지 주인공 둘만의 관점에 너무 집중한 듯 하다. 둘만의 세계로 끝내었어야 하는 영화. 감성적 허영의 극치.",
    "date": "13.06.28",
    "rating": "3",
    "author": "fill****",
    "review_id": "7686191",
    "movie_id": "31893"
  },
  {
    "review": "거의마지막장면행복한 두사람의 모습을담은 앨범을보는 감우성..그장면이 짠 하다..",
    "date": "13.06.26",
    "rating": "9",
    "author": "bell****",
    "review_id": "7681119",
    "movie_id": "31893"
  },
  {
    "review": "결혼의 위대한 규칙 한가지, 사랑하는 사람이 모두 결혼하는건 아니지만 결혼하는 사람들은 모두 사랑해야 한다. 그 사람의 존재 자체를 사랑할 수 있고, 그 사람이 가진 무엇인가를 사랑할 수도 있으며, 그 사람의 무엇을 사랑하는지 모르면서 사랑할 수 있다",
    "date": "13.06.24",
    "rating": "9",
    "author": "naeu****",
    "review_id": "7675278",
    "movie_id": "31893"
  },
  {
    "review": "공감..",
    "date": "13.06.19",
    "rating": "8",
    "author": "hung****",
    "review_id": "7656778",
    "movie_id": "31893"
  },
  {
    "review": "공감",
    "date": "13.06.09",
    "rating": "10",
    "author": "prin****",
    "review_id": "7620830",
    "movie_id": "31893"
  },
  {
    "review": "하.... 대단한 영화다.  한국 연애의 단편을 보여주는듯.. 물론 지금보다는 낫다",
    "date": "13.06.09",
    "rating": "9",
    "author": "ivan****",
    "review_id": "7615858",
    "movie_id": "31893"
  },
  {
    "review": "결혼이라는 제도하에 남녀가 속박되거나 부부가 아닌 이성친구 또는 연인으로 남는 것이 가능한지의 여부에 대한 고찰",
    "date": "13.06.04",
    "rating": "9",
    "author": "lees****",
    "review_id": "7579678",
    "movie_id": "31893"
  },
  {
    "review": "어릴때는 그닥 이해도 와닿지도 않았는데 주인공들 또래나이가 되어서 다시보니 이 영화...참 슬픈것같다. 개봉때보다 요즘처럼 삼포세대란 소릴 듣는 청춘들에게도 울림이 클 듯.연희는 그래도 준영이가 한번쯤 잡아주길 바라는데 준영이가 좀 용기내어주었음...",
    "date": "13.05.16",
    "rating": "9",
    "author": "naed****",
    "review_id": "7531236",
    "movie_id": "31893"
  },
  {
    "review": "어릴적 볼때는 그냥 엄정화만을 손가락질 했다. 하지만 다시보니 알겠다. 진정으로 조건없이 사랑한것은 엄정화 였다. 끝까지 조건을 따진것은 감우성이였다. 그는 결혼을 피한다는 명목으로 그녀를 소유할 자신감을 잃었다.",
    "date": "13.05.16",
    "rating": "10",
    "author": "haju****",
    "review_id": "7530572",
    "movie_id": "31893"
  },
  {
    "review": "제목처럼  결혼은 미친짓이다가 아니라조건을 따져야만하는 현실은 불편한 진실처럼투영된것같다  선택을 하지않고 불안한 사랑을하는 준영. 그리고  조건을  따지는 그녀에게 결국 서로 아픔만을 주는 사랑인것같다",
    "date": "13.05.05",
    "rating": "9",
    "author": "spa2****",
    "review_id": "7510701",
    "movie_id": "31893"
  },
  {
    "review": "비오는날 감우성의 나레이션이 넘 부드럽게 들리네용내용이 좋아용",
    "date": "13.04.29",
    "rating": "8",
    "author": "jlsl****",
    "review_id": "7494294",
    "movie_id": "31893"
  },
  {
    "review": "현실성 있고 공감가는 영화 역시 감우성!!",
    "date": "13.04.29",
    "rating": "7",
    "author": "ippo****",
    "review_id": "7493655",
    "movie_id": "31893"
  },
  {
    "review": "결혼은 미친짓이다...?",
    "date": "13.04.29",
    "rating": "6",
    "author": "free****",
    "review_id": "7493175",
    "movie_id": "31893"
  },
  {
    "review": "결혼이 거래되는 현실을 있는 그대로 보여주고 있다. 결혼이 돈에 의해 거래되고 사랑은 2순위로 밀려나는 것에 정면으로 저항하지 못하고 빗겨 서 있는 주공들. 이것이 우리가 사는 현실",
    "date": "13.03.20",
    "rating": "7",
    "author": "ssuk****",
    "review_id": "7376758",
    "movie_id": "31893"
  },
  {
    "review": "너무 현실적이지만 선택은 자신이 하는것... 표현이 너무 좋은 영화다..감우성 눈빛 ...................................................... 몇 안되는 정말 괜찮은 영화.",
    "date": "13.02.26",
    "rating": "9",
    "author": "sans****",
    "review_id": "7303614",
    "movie_id": "31893"
  },
  {
    "review": "불륜은 주로 남자의 시점을 통해 고찰했는데, 여자의 시점으로 보니 색다르긴 하다. 그래도 결혼은 미친짓은 아니다. 능력과 외모에서 주관 잡지 못하는데 둘다 가진 남자가 이세상에 극소수니 하나만 결정하자.",
    "date": "13.02.24",
    "rating": "10",
    "author": "bajj****",
    "review_id": "7297159",
    "movie_id": "31893"
  },
  {
    "review": "12년잔에 보고 이번에 또 봤는데도 너무 잼있게봣다 감우성 멋져",
    "date": "13.02.24",
    "rating": "10",
    "author": "ssk9****",
    "review_id": "7296531",
    "movie_id": "31893"
  },
  {
    "review": "괜찮네 재미없을줄 알았는데 보길 잘했네 근데 감우성이 이렇게 생겼었구나 오랜만에 보니까 다른사람같았음",
    "date": "13.02.02",
    "rating": "9",
    "author": "beet****",
    "review_id": "7211109",
    "movie_id": "31893"
  },
  {
    "review": "표현력 무척좋은 영화같다.배우들 연기도 좋았고,그래서 다시보게된다는...",
    "date": "13.01.27",
    "rating": "9",
    "author": "a109****",
    "review_id": "7184513",
    "movie_id": "31893"
  },
  {
    "review": "먼지낀 회색초콜릿같은 맛의 영화랄까요",
    "date": "13.01.24",
    "rating": "10",
    "author": "sex_****",
    "review_id": "7164339",
    "movie_id": "31893"
  },
  {
    "review": "그냥 아무 생각없이 보면 볼만하고, 현실적으로 생각 하면 지저분한 느낌이 드는..",
    "date": "13.01.13",
    "rating": "7",
    "author": "pret****",
    "review_id": "7108356",
    "movie_id": "31893"
  },
  {
    "review": "OO전에.. 내가 18살때 친구들하고 본 나의 첫 19금영화. 그땐 야한장면에 놀라고 춥파춥스가 뭔뜻인지 궁금했었고 ㅋㅋㅋ 내용도 뭔지 몰랐었는데 지금보니까 완전 와닿는다..",
    "date": "13.01.12",
    "rating": "10",
    "author": "etoo****",
    "review_id": "7104587",
    "movie_id": "31893"
  },
  {
    "review": "..",
    "date": "13.01.08",
    "rating": "9",
    "author": "sato****",
    "review_id": "7092546",
    "movie_id": "31893"
  },
  {
    "review": "ㄴ",
    "date": "12.12.25",
    "rating": "8",
    "author": "cyon****",
    "review_id": "7041053",
    "movie_id": "31893"
  },
  {
    "review": "가벼운 마음으로 연애하듯이 가벼운 마음으로 보낼 시간이다.",
    "date": "12.12.24",
    "rating": "4",
    "author": "kos4****",
    "review_id": "7040013",
    "movie_id": "31893"
  },
  {
    "review": "역시 1년마다 볼때마다 다르게 다가오네.근데 점점 슬퍼지는 현실과 영상.,콩나물 비빔밥가지고 파국 ㅋㅋ",
    "date": "12.12.04",
    "rating": "10",
    "author": "dma9****",
    "review_id": "6971953",
    "movie_id": "31893"
  },
  {
    "review": "죄의식 따위는 찾아볼 수 없는 뻔뻔한 그녀의 이중생활~",
    "date": "12.11.19",
    "rating": "6",
    "author": "expr****",
    "review_id": "6906653",
    "movie_id": "31893"
  },
  {
    "review": "그냥 그럼.",
    "date": "12.11.08",
    "rating": "6",
    "author": "blac****",
    "review_id": "6865139",
    "movie_id": "31893"
  },
  {
    "review": "결혼은 진짜 미친짓일까",
    "date": "12.10.28",
    "rating": "9",
    "author": "grow****",
    "review_id": "6832364",
    "movie_id": "31893"
  },
  {
    "review": "음...모랄까..묘한 여운이 남는영화..해피앤딩이 되길 바라는 영화",
    "date": "12.10.19",
    "rating": "10",
    "author": "spec****",
    "review_id": "6812546",
    "movie_id": "31893"
  },
  {
    "review": "슬퍼",
    "date": "12.10.18",
    "rating": "10",
    "author": "kkal****",
    "review_id": "6810598",
    "movie_id": "31893"
  },
  {
    "review": "생각보다",
    "date": "12.10.10",
    "rating": "10",
    "author": "yama****",
    "review_id": "6780596",
    "movie_id": "31893"
  },
  {
    "review": "이런저런 의미가 있어보이려 하지만 그냥 불륜영화로밖에 안보인다.",
    "date": "12.08.16",
    "rating": "7",
    "author": "newf****",
    "review_id": "6616074",
    "movie_id": "31893"
  },
  {
    "review": "물질적 경제가 현실 삶의 토대를 이루는 건 예나 지금이나 똑같다. 그 위에, 혹은 그 내부에, 종교적, 사회문화적, 도덕적 벽돌들이  덧입혀진다 하더라도, 숭고한 영혼의 삶을 진리인 양 포장해내는, 한낱 위선과 가식의 바벨탑은 무너지지 않을 수 없다.",
    "date": "12.08.12",
    "rating": "10",
    "author": "ha_e****",
    "review_id": "6596590",
    "movie_id": "31893"
  },
  {
    "review": "매우 현실적인 분위기...Very realistic tone...I like it!",
    "date": "12.07.27",
    "rating": "10",
    "author": "mmma****",
    "review_id": "6539949",
    "movie_id": "31893"
  },
  {
    "review": "안타깝다",
    "date": "12.06.17",
    "rating": "8",
    "author": "kth3****",
    "review_id": "6396965",
    "movie_id": "31893"
  },
  {
    "review": "연기좋구 내용좋구 결혼은 ,현실 공감",
    "date": "12.06.14",
    "rating": "10",
    "author": "119d****",
    "review_id": "6390403",
    "movie_id": "31893"
  },
  {
    "review": "여러번 봐도 마음이 짠한- 잘 만들어진 수작.",
    "date": "12.06.02",
    "rating": "9",
    "author": "sand****",
    "review_id": "6355910",
    "movie_id": "31893"
  },
  {
    "review": "아 저도 비슷한 경험을 한적있네요 ㅋ",
    "date": "12.05.01",
    "rating": "9",
    "author": "pjh8****",
    "review_id": "6262865",
    "movie_id": "31893"
  },
  {
    "review": "10년이 지난 지금도 여전히",
    "date": "12.05.01",
    "rating": "10",
    "author": "pana****",
    "review_id": "6262835",
    "movie_id": "31893"
  },
  {
    "review": "나이가 들긴 들었나벼... 왜이리 공감되지...?",
    "date": "12.04.22",
    "rating": "8",
    "author": "spec****",
    "review_id": "6239661",
    "movie_id": "31893"
  }
]