[
  {
    "review": "내 인생의 최고의 영화.... 이런 느낌 너무 좋아요",
    "date": "15.08.02",
    "rating": "10",
    "author": "ke75****",
    "review_id": "10177457",
    "movie_id": "31898"
  },
  {
    "review": "늑대인간을 소재로한 성장드라마라 생각했지만 세드엔딩",
    "date": "15.05.04",
    "rating": "7",
    "author": "kara****",
    "review_id": "9894766",
    "movie_id": "31898"
  },
  {
    "review": "늑대인간을 소스로 한 성장영화. 물과 기름을 합친 맛.",
    "date": "14.05.15",
    "rating": "6",
    "author": "reco****",
    "review_id": "8733098",
    "movie_id": "31898"
  },
  {
    "review": "재밌다. 언니가 예쁘다.",
    "date": "14.02.10",
    "rating": "10",
    "author": "icep****",
    "review_id": "8496452",
    "movie_id": "31898"
  },
  {
    "review": "유치한건 둘째치고 뭔가 어설프고 아쉬움이 많다. 캐서린은 너무 예쁘다.",
    "date": "13.11.16",
    "rating": "6",
    "author": "ehwj****",
    "review_id": "8142914",
    "movie_id": "31898"
  },
  {
    "review": "이게 뭐하는 짓거리야 도데체",
    "date": "13.06.26",
    "rating": "3",
    "author": "46to****",
    "review_id": "7680451",
    "movie_id": "31898"
  },
  {
    "review": "형제간의 우정을 다룬 영화는 수없이 많지만 자매간의 사랑과 우정을 다룬 영화는 흔치 않죠...인기 많은 언니를 질투도 하지만 몹쓸 병에 걸려 늑대인간으로 점점 변해가는 언니를 살리려고 안간힘을 쓰는 동생...컬트호러",
    "date": "13.06.25",
    "rating": "9",
    "author": "hybr****",
    "review_id": "7678303",
    "movie_id": "31898"
  },
  {
    "review": "도대체 내용이 뭘 말하고 싶은지를 모르겠음 시리즈 전부",
    "date": "12.08.13",
    "rating": "3",
    "author": "cris****",
    "review_id": "6598237",
    "movie_id": "31898"
  },
  {
    "review": "재미나 공포로만 영화평점을 매기나.... 질질넘기면서 보는 사람들은 평점 쓰지말기를... 는대인간 영화중에서는 제일 나은 영화인데 다른 늑대인간영화 보고나서 다시 평점을 줘보세요 ㅎㅎㅎ(언더월드시리즈는 빼고....)",
    "date": "12.08.05",
    "rating": "10",
    "author": "dldl****",
    "review_id": "6572631",
    "movie_id": "31898"
  },
  {
    "review": "사춘기를 지나 2차 성징으로 도약하는 여성의 심리변화를.. 야수성 폭발로 은유했다!",
    "date": "12.05.03",
    "rating": "8",
    "author": "wana****",
    "review_id": "6267193",
    "movie_id": "31898"
  },
  {
    "review": "영화자체는넘지루하고 재미없음.캐서린이사벨은 좀귀엽긴하더라.",
    "date": "12.04.04",
    "rating": "5",
    "author": "a109****",
    "review_id": "6192434",
    "movie_id": "31898"
  },
  {
    "review": "다른 사람들에겐 B급이겠지만 나에겐 A++++++ 퍼펙트 영화였음!!",
    "date": "11.12.31",
    "rating": "10",
    "author": "jeon****",
    "review_id": "5948734",
    "movie_id": "31898"
  },
  {
    "review": "잼있다^^",
    "date": "11.11.11",
    "rating": "10",
    "author": "gjrm****",
    "review_id": "5842517",
    "movie_id": "31898"
  },
  {
    "review": "캐서린 이사벨 넘 이쁨",
    "date": "11.10.03",
    "rating": "10",
    "author": "blue****",
    "review_id": "5768104",
    "movie_id": "31898"
  },
  {
    "review": "시리즈 언제 봐도 재밌네 ㅋ",
    "date": "11.08.17",
    "rating": "9",
    "author": "tnfu****",
    "review_id": "5662773",
    "movie_id": "31898"
  },
  {
    "review": "음...........",
    "date": "11.07.06",
    "rating": "2",
    "author": "kos4****",
    "review_id": "5525135",
    "movie_id": "31898"
  },
  {
    "review": "틴에이지 호러물로서도 좋지만, 늑대인간을 소재로 한 흔치 않은 수작이라는 점",
    "date": "10.10.13",
    "rating": "7",
    "author": "resm****",
    "review_id": "4901081",
    "movie_id": "31898"
  },
  {
    "review": "헛웃음 나오는 영화",
    "date": "10.09.13",
    "rating": "3",
    "author": "ama_****",
    "review_id": "4834763",
    "movie_id": "31898"
  },
  {
    "review": "정말 여운이 남는 영화이다..특히 마지막 자매가 기대어 누워있는 장면에서 울뻔 ㅠㅠ",
    "date": "10.08.25",
    "rating": "9",
    "author": "rock****",
    "review_id": "4791786",
    "movie_id": "31898"
  },
  {
    "review": "난 정말 잼있게 봣는뎀^^",
    "date": "10.07.14",
    "rating": "10",
    "author": "okok****",
    "review_id": "4639052",
    "movie_id": "31898"
  },
  {
    "review": "으스스한 초반부를 빼고는 예측가능하고 지루한 느낌을 지울 수 없다.",
    "date": "10.07.04",
    "rating": "4",
    "author": "stit****",
    "review_id": "4610677",
    "movie_id": "31898"
  },
  {
    "review": "질풍노도의 십대, 그들의 변화를 극단적으로 보여줌. 틴호러의 매력이 잘 살아있다.",
    "date": "10.03.05",
    "rating": "7",
    "author": "nwco****",
    "review_id": "4336143",
    "movie_id": "31898"
  },
  {
    "review": "재밌는줄알았는데 다시보니까 ...-_-;",
    "date": "10.02.06",
    "rating": "6",
    "author": "yuni****",
    "review_id": "4252621",
    "movie_id": "31898"
  },
  {
    "review": "그냥어이가...재미없진않네요 하하하 결말이 해피엔딩이었음 좋았을텐데...하하하",
    "date": "09.11.15",
    "rating": "4",
    "author": "khs_****",
    "review_id": "3966591",
    "movie_id": "31898"
  },
  {
    "review": "재밌었음",
    "date": "09.11.13",
    "rating": "10",
    "author": "tnrh****",
    "review_id": "3957773",
    "movie_id": "31898"
  },
  {
    "review": "진저82브리짓77이라니..의외ㅋ어쩐지동생이늙어보인다니ㅋ비극적결말이지만재밌음ㅋㅋ",
    "date": "09.10.26",
    "rating": "10",
    "author": "toue****",
    "review_id": "3916302",
    "movie_id": "31898"
  },
  {
    "review": "케이블에서 봤는데 생각보다 재밌다",
    "date": "09.10.11",
    "rating": "10",
    "author": "luri****",
    "review_id": "3885613",
    "movie_id": "31898"
  },
  {
    "review": "재밌었다.진저 너무 무서버~ㅠ",
    "date": "09.09.14",
    "rating": "10",
    "author": "jojo****",
    "review_id": "3830959",
    "movie_id": "31898"
  },
  {
    "review": "늑대인간 영화를 좋아하는 사람이라면 반드시 보아야 하는 영화. ^^",
    "date": "09.09.13",
    "rating": "10",
    "author": "skya****",
    "review_id": "3827698",
    "movie_id": "31898"
  },
  {
    "review": "영화가 끝난 후에도 뭔가 여운이 남는.. 슬프고도 스릴있어요 진저가 너무 이뻐요^ ^",
    "date": "09.09.03",
    "rating": "10",
    "author": "apre****",
    "review_id": "3808512",
    "movie_id": "31898"
  },
  {
    "review": "굳 특히 진저랑브리짓이 너무 예뻣다. 브리짓은 미수다의 주름핀 캐서린이랑 똑같다능",
    "date": "09.08.29",
    "rating": "10",
    "author": "wlgh****",
    "review_id": "3794936",
    "movie_id": "31898"
  },
  {
    "review": "별이 아깝다.. 여자주인공아이큐보다 돌고래아이큐가 더 낫겠다",
    "date": "09.08.29",
    "rating": "1",
    "author": "popi****",
    "review_id": "3794922",
    "movie_id": "31898"
  },
  {
    "review": "분장이 미흡하고, 무섭지 않은(오히려 귀여운) 공포물.",
    "date": "09.08.23",
    "rating": "6",
    "author": "hyee****",
    "review_id": "3780968",
    "movie_id": "31898"
  },
  {
    "review": "이거먼가 느껴지는게있어ㅋㅋㅋㅋ먼진모르겟는데~ 본지일주일됏는데 계속생각나",
    "date": "09.08.15",
    "rating": "8",
    "author": "daun****",
    "review_id": "3752611",
    "movie_id": "31898"
  },
  {
    "review": "정말 재미있게본 영화에요ㅋㅋㅋㅋ별5개 추천 정말 보고싶고 또보고싶은 영화",
    "date": "09.08.09",
    "rating": "10",
    "author": "cgl3****",
    "review_id": "3728644",
    "movie_id": "31898"
  },
  {
    "review": "삼류공포물.졸작.",
    "date": "09.08.09",
    "rating": "1",
    "author": "yang****",
    "review_id": "3726965",
    "movie_id": "31898"
  },
  {
    "review": "약간 1편 후가좀 ..이상하네요?",
    "date": "09.08.01",
    "rating": "10",
    "author": "x445****",
    "review_id": "3692598",
    "movie_id": "31898"
  },
  {
    "review": "동생인 브리짓은 77년생 언니인 진저는 82년생 와우~!!",
    "date": "09.07.29",
    "rating": "10",
    "author": "hunt****",
    "review_id": "3680682",
    "movie_id": "31898"
  },
  {
    "review": "특수효과로 피식했으니 2점줄게",
    "date": "09.07.27",
    "rating": "2",
    "author": "raki****",
    "review_id": "3674758",
    "movie_id": "31898"
  },
  {
    "review": "상당히 독특한 분위기, 기묘한 느낌...",
    "date": "09.07.20",
    "rating": "7",
    "author": "show****",
    "review_id": "3651239",
    "movie_id": "31898"
  },
  {
    "review": "결말보고 분노한적 처음 뭐 이런영화가다잇어 동생 답답해 ㅡㅡ",
    "date": "09.07.18",
    "rating": "1",
    "author": "lami****",
    "review_id": "3644201",
    "movie_id": "31898"
  },
  {
    "review": "진저가 예뻤다.2",
    "date": "09.07.18",
    "rating": "8",
    "author": "seen****",
    "review_id": "3643097",
    "movie_id": "31898"
  },
  {
    "review": "진저가 예뻣다.",
    "date": "09.02.24",
    "rating": "9",
    "author": "akzk****",
    "review_id": "3329388",
    "movie_id": "31898"
  },
  {
    "review": "불안정하고, 불완전한 십대",
    "date": "09.02.21",
    "rating": "8",
    "author": "cand****",
    "review_id": "3322467",
    "movie_id": "31898"
  },
  {
    "review": "점점 괴물로 변해가는 사춘기 소녀의 불안과 공포를 잘 그려낸 호러영화",
    "date": "08.11.13",
    "rating": "7",
    "author": "evil****",
    "review_id": "3048991",
    "movie_id": "31898"
  },
  {
    "review": "졸 잼없어..",
    "date": "08.08.15",
    "rating": "2",
    "author": "obeo****",
    "review_id": "2874060",
    "movie_id": "31898"
  },
  {
    "review": "그냥  말도말고 그냥 그냥  풉... 임",
    "date": "08.08.03",
    "rating": "1",
    "author": "rbgu****",
    "review_id": "2831045",
    "movie_id": "31898"
  },
  {
    "review": "나름대로 코믹했다....",
    "date": "08.03.03",
    "rating": "7",
    "author": "id_2****",
    "review_id": "2500165",
    "movie_id": "31898"
  },
  {
    "review": "마음에 든다",
    "date": "08.02.02",
    "rating": "10",
    "author": "neof****",
    "review_id": "2399002",
    "movie_id": "31898"
  },
  {
    "review": "기억난다. 나름 인상적이었던 영화",
    "date": "07.09.12",
    "rating": "7",
    "author": "nala****",
    "review_id": "2016380",
    "movie_id": "31898"
  },
  {
    "review": "'늑대인간'이란 소재가 촌스럽지 않다는 증거",
    "date": "07.07.21",
    "rating": "8",
    "author": "7bx2****",
    "review_id": "1795811",
    "movie_id": "31898"
  },
  {
    "review": "1편 딱 거기까지 좋았다..쿨한 호러..",
    "date": "07.07.19",
    "rating": "7",
    "author": "thec****",
    "review_id": "1791810",
    "movie_id": "31898"
  },
  {
    "review": "특별히 재밌진 않구 그져그래요.줄거리 대부분이 늑대로 변해가는 과정뿐이네",
    "date": "07.07.04",
    "rating": "2",
    "author": "part****",
    "review_id": "1747210",
    "movie_id": "31898"
  },
  {
    "review": "아빠옷입는 주인공들",
    "date": "07.06.17",
    "rating": "5",
    "author": "simj****",
    "review_id": "1704940",
    "movie_id": "31898"
  },
  {
    "review": "그저그래요",
    "date": "07.05.25",
    "rating": "6",
    "author": "feel****",
    "review_id": "1658329",
    "movie_id": "31898"
  },
  {
    "review": "희안한 B급 청춘호러영화였던걸로 기억. 아마 어이없고 유치했지 싶은데..",
    "date": "07.05.07",
    "rating": "4",
    "author": "bepl****",
    "review_id": "1626965",
    "movie_id": "31898"
  },
  {
    "review": "다른 늑대인간 영화하고는 차별화를 둔 신선함..볼만하다",
    "date": "07.04.18",
    "rating": "7",
    "author": "hurr****",
    "review_id": "1594433",
    "movie_id": "31898"
  },
  {
    "review": "한국판 포스터의 대압박",
    "date": "07.01.12",
    "rating": "8",
    "author": "jojo****",
    "review_id": "1376660",
    "movie_id": "31898"
  },
  {
    "review": "싸구려 공포스릴러",
    "date": "06.11.26",
    "rating": "2",
    "author": "kws7****",
    "review_id": "1252126",
    "movie_id": "31898"
  },
  {
    "review": "잘나가다 점점 이상해지네요",
    "date": "06.10.29",
    "rating": "4",
    "author": "hori****",
    "review_id": "1206046",
    "movie_id": "31898"
  },
  {
    "review": "특수효과가 좀....",
    "date": "06.08.21",
    "rating": "6",
    "author": "chem****",
    "review_id": "1064223",
    "movie_id": "31898"
  },
  {
    "review": "킬링타임, 딱 그 정도",
    "date": "06.08.18",
    "rating": "6",
    "author": "1120****",
    "review_id": "1052208",
    "movie_id": "31898"
  },
  {
    "review": "늑대인간을 소재로 한 영화중에서 괜찬은 편.",
    "date": "06.07.31",
    "rating": "8",
    "author": "sbrl****",
    "review_id": "950434",
    "movie_id": "31898"
  },
  {
    "review": "너무 기대한걸까. 초반의 흥미를 끌어가지 못했다. 답답한 결말.",
    "date": "06.07.20",
    "rating": "5",
    "author": "reyk****",
    "review_id": "910313",
    "movie_id": "31898"
  },
  {
    "review": "신선하고, 충격적이고, 특히 마지막 정말 슬프다..",
    "date": "06.06.27",
    "rating": "10",
    "author": "chil****",
    "review_id": "859961",
    "movie_id": "31898"
  },
  {
    "review": "잼있긴 하지만 늑대가 너무 가짜티난다. ㅡㅡ;",
    "date": "06.06.11",
    "rating": "7",
    "author": "pote****",
    "review_id": "840434",
    "movie_id": "31898"
  },
  {
    "review": "우우~~ 느낌 좋은 공포 영화~ 잼똬~~~",
    "date": "06.06.10",
    "rating": "10",
    "author": "park****",
    "review_id": "839308",
    "movie_id": "31898"
  },
  {
    "review": "수많은 늑대인간 영화와는 다른 시도.",
    "date": "06.02.21",
    "rating": "4",
    "author": "cher****",
    "review_id": "684655",
    "movie_id": "31898"
  },
  {
    "review": "재밌네요^^",
    "date": "05.12.30",
    "rating": "10",
    "author": "s2_f****",
    "review_id": "540747",
    "movie_id": "31898"
  },
  {
    "review": "마지막이 너무 쓸쓸하다 외로움이 느껴지는",
    "date": "05.12.18",
    "rating": "5",
    "author": "okjo****",
    "review_id": "512691",
    "movie_id": "31898"
  },
  {
    "review": "성장기와  공포감의 절묘한 묘합",
    "date": "05.10.28",
    "rating": "8",
    "author": "sbg8****",
    "review_id": "457305",
    "movie_id": "31898"
  },
  {
    "review": "동생이 예쁘죠 ㅋㅋ 영화도 왠지모르게 재밌었어요",
    "date": "05.09.24",
    "rating": "10",
    "author": "vip0****",
    "review_id": "420428",
    "movie_id": "31898"
  },
  {
    "review": "결말이 좀 황당하지만 볼만하네요",
    "date": "05.09.23",
    "rating": "10",
    "author": "gita****",
    "review_id": "419172",
    "movie_id": "31898"
  },
  {
    "review": "결말이 좀 그렇지만 무섭게 봤네요",
    "date": "05.09.23",
    "rating": "10",
    "author": "ollc****",
    "review_id": "419170",
    "movie_id": "31898"
  },
  {
    "review": "솔직히 말하자.이거 재밌다고?무섭다고 생각하냐?결말 완전즐~",
    "date": "05.08.19",
    "rating": "2",
    "author": "ygsh****",
    "review_id": "374942",
    "movie_id": "31898"
  },
  {
    "review": "시퀄이 나왔다는게 믿기지 않는 조잡한 영화",
    "date": "05.05.16",
    "rating": "2",
    "author": "gunf****",
    "review_id": "278813",
    "movie_id": "31898"
  },
  {
    "review": "전체적으로 조잡한 영화..",
    "date": "05.04.07",
    "rating": "5",
    "author": "dbsw****",
    "review_id": "255879",
    "movie_id": "31898"
  },
  {
    "review": "하하하.  이걸 호러라고 만들었는가.. 그래픽이나 받쳐주면 밉지나 않지.",
    "date": "04.11.24",
    "rating": "1",
    "author": "ehri****",
    "review_id": "151133",
    "movie_id": "31898"
  },
  {
    "review": "삼류 공포 영화;;",
    "date": "04.10.29",
    "rating": "1",
    "author": "seon****",
    "review_id": "134904",
    "movie_id": "31898"
  },
  {
    "review": "뭐그럭저럭 볼만하네요.. 결말이 쫌이상한거 같지만..",
    "date": "04.09.17",
    "rating": "8",
    "author": "cleo****",
    "review_id": "109937",
    "movie_id": "31898"
  },
  {
    "review": "주인공여자 아주 쒝씨 하더구만요 하지만 쬐매 약한...듯...대강 볼만함",
    "date": "04.08.05",
    "rating": "7",
    "author": "seba****",
    "review_id": "84525",
    "movie_id": "31898"
  },
  {
    "review": "섹시한 늑대 아가씨가 출연하는, 시각 만족도 100% 호러 영화 입니다.",
    "date": "04.08.05",
    "rating": "10",
    "author": "kara****",
    "review_id": "83969",
    "movie_id": "31898"
  },
  {
    "review": "구성두 엉망이구....섬뜩한걸루만 승부하려나...",
    "date": "04.07.28",
    "rating": "5",
    "author": "kkan****",
    "review_id": "78618",
    "movie_id": "31898"
  },
  {
    "review": "재미있었다",
    "date": "04.07.03",
    "rating": "7",
    "author": "arie****",
    "review_id": "64656",
    "movie_id": "31898"
  },
  {
    "review": "허버굳이궁 샘 죽이지 말지 ㅡㅡ 죽일때가 기억에 남넹",
    "date": "04.04.29",
    "rating": "10",
    "author": "pkst****",
    "review_id": "39986",
    "movie_id": "31898"
  },
  {
    "review": "새벽에 봤는데 신선한 충격이었다. 두 자매의 연기도 좋았음. 이쁘구^^",
    "date": "04.04.04",
    "rating": "10",
    "author": "lmbj****",
    "review_id": "33809",
    "movie_id": "31898"
  },
  {
    "review": "이쁘다는 건 좋은데 먹고싶다는건 뭐냐? 니가 괴물이냐? 말하는꼬락서닌",
    "date": "04.02.25",
    "rating": "10",
    "author": "ssh5****",
    "review_id": "24254",
    "movie_id": "31898"
  },
  {
    "review": "맞아요.. 진저 진짜 이뻐요.. 먹고싶어효",
    "date": "04.02.22",
    "rating": "1",
    "author": "spec****",
    "review_id": "22703",
    "movie_id": "31898"
  },
  {
    "review": "동생쪽이 상당히 귀여웠음-.- 후반부로 갈수록 재미가 별로....",
    "date": "04.02.18",
    "rating": "5",
    "author": "kew9****",
    "review_id": "21357",
    "movie_id": "31898"
  },
  {
    "review": "진저 얼굴짱 몸짱!! 진짜 예쁨!",
    "date": "04.02.13",
    "rating": "3",
    "author": "yell****",
    "review_id": "19573",
    "movie_id": "31898"
  },
  {
    "review": "저기요~그나중에죽는남자이름좀갈쳐주세요ㅜㅜ",
    "date": "04.02.04",
    "rating": "9",
    "author": "shcb****",
    "review_id": "15906",
    "movie_id": "31898"
  },
  {
    "review": "올해 2,3편 개봉하네요.여자주인공 둘다 나옵니다.동생엄청 많이예뻐졌네요",
    "date": "04.02.01",
    "rating": "6",
    "author": "malk****",
    "review_id": "14821",
    "movie_id": "31898"
  },
  {
    "review": "그남자가불쌍하던데 도와준남자 왜죽어ㅜㅜ",
    "date": "04.01.25",
    "rating": "6",
    "author": "1324****",
    "review_id": "13155",
    "movie_id": "31898"
  },
  {
    "review": "진저가 넘 예뻐여^^*",
    "date": "04.01.16",
    "rating": "10",
    "author": "gupc****",
    "review_id": "10832",
    "movie_id": "31898"
  },
  {
    "review": "개인적으로 동생 브리짓의 표정연기가 가장 맘에 들었다는~",
    "date": "04.01.14",
    "rating": "10",
    "author": "ilov****",
    "review_id": "10222",
    "movie_id": "31898"
  },
  {
    "review": "쪼끔 무서웠지만 잼는 영화였습니다^^",
    "date": "04.01.04",
    "rating": "10",
    "author": "cho5****",
    "review_id": "8397",
    "movie_id": "31898"
  }
]