[
  {
    "review": "남성보다 마초감성 영화를 연출하는 감독의 투박한 스릴러.",
    "date": "15.08.26",
    "rating": "6",
    "author": "tear****",
    "review_id": "10276833",
    "movie_id": "31905"
  },
  {
    "review": "분노에 한순간 취하다.",
    "date": "15.01.01",
    "rating": "6",
    "author": "pria****",
    "review_id": "9543494",
    "movie_id": "31905"
  },
  {
    "review": "영화본지 꽤 오래 지났는데도숀펜을 볼 때마다 가끔 생각나는 영화",
    "date": "13.01.08",
    "rating": "10",
    "author": "isla****",
    "review_id": "7091859",
    "movie_id": "31905"
  },
  {
    "review": "Though they go mad they shall be sane,Though they sink through the sea they shall rise again;",
    "date": "13.01.07",
    "rating": "6",
    "author": "pooh****",
    "review_id": "7088938",
    "movie_id": "31905"
  },
  {
    "review": "과거와 현재를 다는 저울이 기우뚱",
    "date": "12.09.08",
    "rating": "5",
    "author": "rose****",
    "review_id": "6677431",
    "movie_id": "31905"
  },
  {
    "review": "가볍고 솔직하지 못하고 엉성한 배우들이 아까운",
    "date": "09.02.12",
    "rating": "2",
    "author": "wlwl****",
    "review_id": "3296054",
    "movie_id": "31905"
  },
  {
    "review": "재밌을 듯 말듯.. 감질만 내다 아무 내용없이 만들다 말고 끝남..",
    "date": "08.12.28",
    "rating": "5",
    "author": "aha3****",
    "review_id": "3161007",
    "movie_id": "31905"
  },
  {
    "review": "만족한다",
    "date": "08.08.17",
    "rating": "10",
    "author": "cowl****",
    "review_id": "2879013",
    "movie_id": "31905"
  },
  {
    "review": "볼만은하다 인물간의 심리묘사도 잘되어있고 끝이좀허술한게흠",
    "date": "08.03.29",
    "rating": "8",
    "author": "fly1****",
    "review_id": "2548317",
    "movie_id": "31905"
  },
  {
    "review": "과거와 현재를 연결하는 고리가 미약한게 아쉽다.",
    "date": "07.12.27",
    "rating": "7",
    "author": "hagj****",
    "review_id": "2271475",
    "movie_id": "31905"
  },
  {
    "review": "실제 사건이라 그런지 더 흥미진진했다. 구성도 괜찮고. 추천.",
    "date": "07.11.02",
    "rating": "8",
    "author": "jkp5****",
    "review_id": "2127168",
    "movie_id": "31905"
  },
  {
    "review": "개봉했었다는게 놀라운데",
    "date": "07.08.25",
    "rating": "5",
    "author": "tkba****",
    "review_id": "1977942",
    "movie_id": "31905"
  },
  {
    "review": "무게감이 느껴지는 괜찮은 스릴러. 엔딩은 좀 허술...",
    "date": "07.01.20",
    "rating": "7",
    "author": "caca****",
    "review_id": "1399602",
    "movie_id": "31905"
  },
  {
    "review": "영 무슨이야기인지..숀펜만 믿고보기엔 힘들었다.",
    "date": "06.09.30",
    "rating": "5",
    "author": "ustt****",
    "review_id": "1149687",
    "movie_id": "31905"
  },
  {
    "review": "별이야기도 아닌거 분위기 잡고 꼬아간다.",
    "date": "06.08.24",
    "rating": "5",
    "author": "jwon****",
    "review_id": "1072661",
    "movie_id": "31905"
  },
  {
    "review": "무난하다",
    "date": "06.08.02",
    "rating": "7",
    "author": "zeed****",
    "review_id": "956090",
    "movie_id": "31905"
  },
  {
    "review": "과도한 집착이 불러오는 삶의 무게..",
    "date": "06.05.03",
    "rating": "7",
    "author": "scs0****",
    "review_id": "784114",
    "movie_id": "31905"
  },
  {
    "review": "기억이 가물가물 한다.. 평이했다.",
    "date": "06.04.18",
    "rating": "7",
    "author": "gomi****",
    "review_id": "767171",
    "movie_id": "31905"
  },
  {
    "review": "기대했던것 보다 괜찮은 영화...",
    "date": "05.11.05",
    "rating": "10",
    "author": "bkdz****",
    "review_id": "464364",
    "movie_id": "31905"
  },
  {
    "review": "심리묘사는 좋았지만 어딘가 부족하다",
    "date": "05.07.07",
    "rating": "8",
    "author": "fina****",
    "review_id": "314699",
    "movie_id": "31905"
  },
  {
    "review": "긴장감 넘치는 연출 때문에 끝까지 보긴 했지만 전체적으로 산만",
    "date": "05.02.22",
    "rating": "7",
    "author": "kimj****",
    "review_id": "227777",
    "movie_id": "31905"
  },
  {
    "review": "두 여인이 날 답답하게 했다~~도끼든 여인...오바이트한 여인..참지~ㅠ",
    "date": "04.12.24",
    "rating": "10",
    "author": "ferk****",
    "review_id": "168252",
    "movie_id": "31905"
  },
  {
    "review": "헐리가 매력..",
    "date": "04.03.03",
    "rating": "10",
    "author": "girl****",
    "review_id": "26570",
    "movie_id": "31905"
  },
  {
    "review": "그러지 않아도 되었을 것을... 좀.. 산만하다. 그러나, 그냥 볼만하다",
    "date": "04.02.28",
    "rating": "7",
    "author": "cris****",
    "review_id": "25331",
    "movie_id": "31905"
  }
]