[
  {
    "review": "10점주는게 이해가 안됨. 반전은 가히 굉장하지만 출연진의 저급에 저급을 넘어선 연기력과 산만한 스토리 전개, 생뚱맞은 연출때문에 나름 치밀하게 짜인 이야기가 전혀 집중이 안됨. 그래도 반전은 멋져서 5점이다.",
    "date": "15.08.15",
    "rating": "5",
    "author": "agm0****",
    "review_id": "10233119",
    "movie_id": "31901"
  },
  {
    "review": "왜 식스센스급이라고 하는지 알았다. 나쁘지않은 영화였다.",
    "date": "15.08.09",
    "rating": "8",
    "author": "chos****",
    "review_id": "10210361",
    "movie_id": "31901"
  },
  {
    "review": "시대감안해도 반전이 어설픔.",
    "date": "15.07.16",
    "rating": "4",
    "author": "tago****",
    "review_id": "10109730",
    "movie_id": "31901"
  },
  {
    "review": "초등학교때 원작 소설을 읽었는데..  이거 영화로 보니 반가웠음.",
    "date": "15.06.26",
    "rating": "6",
    "author": "adiv****",
    "review_id": "10039453",
    "movie_id": "31901"
  },
  {
    "review": "이미 반전에 익숙한 세월이 지나서 그런지 . 그당시 봤더라면 지금보단 재미 있을듯하다..",
    "date": "15.06.08",
    "rating": "8",
    "author": "next****",
    "review_id": "9983878",
    "movie_id": "31901"
  },
  {
    "review": "정말 그래픽도 뛰어나고 충격젹인 영화다.",
    "date": "15.05.12",
    "rating": "10",
    "author": "z2cl****",
    "review_id": "9913202",
    "movie_id": "31901"
  },
  {
    "review": "2001년에 이렇게 좋은 영화가 나왔었구나.",
    "date": "15.04.07",
    "rating": "10",
    "author": "rand****",
    "review_id": "9833397",
    "movie_id": "31901"
  },
  {
    "review": "많은분 보라고 평점올리기용 만점입니다.원래는 한 8점 정도인데...최근에 다시보니 마이너리티 리포트가와 겹치는 장면이 여럿보이는 군요. 제작연도는 임포스터가 1년정도 빠른데 왠지 스필버그가 ....음",
    "date": "15.02.21",
    "rating": "10",
    "author": "yoot****",
    "review_id": "9723670",
    "movie_id": "31901"
  },
  {
    "review": "반전을 향해 달리는 추격과 서스펜스",
    "date": "15.02.13",
    "rating": "7",
    "author": "rcan****",
    "review_id": "9691285",
    "movie_id": "31901"
  },
  {
    "review": "무려 13년전 SF인걸 감안하면 상당히 괜찮은작품",
    "date": "15.02.05",
    "rating": "8",
    "author": "lhsz****",
    "review_id": "9670609",
    "movie_id": "31901"
  },
  {
    "review": "이 무슨 말도안되게 낮은 평점인가!! 5년전부터 잊을만하면 다시봐서 3~4번 봤는데 볼때마다 참 재미나게 보는 수작SF영화인데!!",
    "date": "15.02.04",
    "rating": "10",
    "author": "cmjt****",
    "review_id": "9666784",
    "movie_id": "31901"
  },
  {
    "review": "나쁘진 않은 반전스릴러.",
    "date": "15.02.03",
    "rating": "7",
    "author": "jiyu****",
    "review_id": "9662361",
    "movie_id": "31901"
  },
  {
    "review": "10점대 반전영화는 아니지만  평점이 너무 낮다, 내가 본 반전영화중 10손가락에 꼽는 영화",
    "date": "14.12.25",
    "rating": "10",
    "author": "nchk****",
    "review_id": "9511931",
    "movie_id": "31901"
  },
  {
    "review": "무언의 목격자 이후 최고의 반전",
    "date": "14.12.19",
    "rating": "10",
    "author": "jsga****",
    "review_id": "9489125",
    "movie_id": "31901"
  },
  {
    "review": "영화선전이별로잘안된것같다..",
    "date": "14.11.23",
    "rating": "8",
    "author": "seon****",
    "review_id": "9415250",
    "movie_id": "31901"
  },
  {
    "review": "8점대영화임 평점올리기 동참",
    "date": "14.11.13",
    "rating": "10",
    "author": "sadh****",
    "review_id": "9380223",
    "movie_id": "31901"
  },
  {
    "review": "액션물로보면 좀 부족한듯한데 내용상으로보면 꽤 수작이다...반전이 있는걸 알고 봤는데도 반전에 깜짝놀랐다...",
    "date": "14.10.24",
    "rating": "8",
    "author": "riki****",
    "review_id": "9312036",
    "movie_id": "31901"
  },
  {
    "review": "SF영화 중 정말 재밌는 영화중 하나입니다.",
    "date": "14.09.07",
    "rating": "10",
    "author": "lime****",
    "review_id": "9176949",
    "movie_id": "31901"
  },
  {
    "review": "설정자체가 너무 엉성하다.",
    "date": "14.08.23",
    "rating": "5",
    "author": "kara****",
    "review_id": "9123093",
    "movie_id": "31901"
  },
  {
    "review": "내용자체는 평범했는데 자꾸 그 부분이 생각나서 잊혀지지가 않음..당황스럽다고 해야할지 뭔가 복잡한 감정을 만들어냄",
    "date": "14.08.15",
    "rating": "7",
    "author": "alte****",
    "review_id": "9092502",
    "movie_id": "31901"
  },
  {
    "review": "재활용장면들만 없었다면 영상의 완성도 면에서까지 +해서 10점 만점이었을텐데... 첫 장면 한전프라자 웃겼습니다 ㅋㅋㅋ 스토리는 진짜 대박입니다",
    "date": "14.07.28",
    "rating": "9",
    "author": "mous****",
    "review_id": "8973129",
    "movie_id": "31901"
  },
  {
    "review": "반전 떄문에 결말이 쓰레기가 돼버렸네",
    "date": "14.07.20",
    "rating": "6",
    "author": "juno****",
    "review_id": "8934409",
    "movie_id": "31901"
  },
  {
    "review": "이영화 정말 괜찮은데 평점이 이상하게 낮네..",
    "date": "14.07.06",
    "rating": "10",
    "author": "last****",
    "review_id": "8891207",
    "movie_id": "31901"
  },
  {
    "review": "킬링타임으로 나쁘지 않은 정도.",
    "date": "14.06.05",
    "rating": "7",
    "author": "floo****",
    "review_id": "8800038",
    "movie_id": "31901"
  },
  {
    "review": "처음보면 우와, 다시보면 글쎄. 그래도 괜찮다.",
    "date": "14.05.25",
    "rating": "7",
    "author": "seun****",
    "review_id": "8761993",
    "movie_id": "31901"
  },
  {
    "review": "지루했지만 생각치도 못했던 결론",
    "date": "14.05.08",
    "rating": "7",
    "author": "cred****",
    "review_id": "8716088",
    "movie_id": "31901"
  },
  {
    "review": "반전이개쩔었던희대의영화",
    "date": "14.04.24",
    "rating": "10",
    "author": "qkrg****",
    "review_id": "8669171",
    "movie_id": "31901"
  },
  {
    "review": "환상특급에서나마 볼 만한 연출.",
    "date": "14.04.09",
    "rating": "7",
    "author": "bele****",
    "review_id": "8638156",
    "movie_id": "31901"
  },
  {
    "review": "흥미로운 스토리가 느슨하게 전개되는군",
    "date": "14.03.25",
    "rating": "4",
    "author": "guev****",
    "review_id": "8605915",
    "movie_id": "31901"
  },
  {
    "review": "SF,스릴러라는 장르설명에 너무나 적합해서 흡족했던 영화.. 마이너한 아쉬움들도 있었지만 볼만 합니다.",
    "date": "14.03.22",
    "rating": "8",
    "author": "cycl****",
    "review_id": "8595282",
    "movie_id": "31901"
  },
  {
    "review": "반전까진 좋은데 그 전까지 너무 평범한 스릴러 영화 같앗음...쓸데없이 놀래키기만 해대고. 허나 반전 하난 소름 쫙ㅋㅋ.",
    "date": "14.02.27",
    "rating": "8",
    "author": "chek****",
    "review_id": "8543547",
    "movie_id": "31901"
  },
  {
    "review": "2000년도 초의 영화 들이 반전 영화의 황금기 였다고 할까? 자칫하면 어설플 수 있는 설정이였는데 그래도 그 시기에 비해서 나쁘지 않은 영화 였다",
    "date": "14.02.21",
    "rating": "6",
    "author": "the0****",
    "review_id": "8525086",
    "movie_id": "31901"
  },
  {
    "review": "제대로된 반전이 있는 영화. SF영화 안좋아하는데 이건 정말 재밌음 ㅎㅎ",
    "date": "14.02.14",
    "rating": "10",
    "author": "kimm****",
    "review_id": "8506343",
    "movie_id": "31901"
  },
  {
    "review": "오ㅋㅋㅋ 생각보다 좋았다 요즘 볼꺼없었는데~ 이거 생각보다 좋습니다ㅋㅋㅋ",
    "date": "14.02.08",
    "rating": "8",
    "author": "awt6****",
    "review_id": "8486849",
    "movie_id": "31901"
  },
  {
    "review": "평점이 왜 이리 낮지?? 최소 8점은 될 영화같은데",
    "date": "14.02.01",
    "rating": "10",
    "author": "jexm****",
    "review_id": "8462825",
    "movie_id": "31901"
  },
  {
    "review": "게리 시나이즈 나와서 봤는데 그럭저럭 괜찮네",
    "date": "14.01.30",
    "rating": "8",
    "author": "gree****",
    "review_id": "8449572",
    "movie_id": "31901"
  },
  {
    "review": "10년도 더 된 영화라 생각하면 이정도도 우수하겠다마는 약간의 지루함과 억지설정은 좀...",
    "date": "14.01.22",
    "rating": "6",
    "author": "aper****",
    "review_id": "8408736",
    "movie_id": "31901"
  },
  {
    "review": "이게 정말 반전이지..반전 내용은 식스센스급인데 평점이 왜케 낮지",
    "date": "14.01.05",
    "rating": "10",
    "author": "joos****",
    "review_id": "8350155",
    "movie_id": "31901"
  },
  {
    "review": "각색과 편집을 왜 이따구로 해서 원작을 훼손할까?",
    "date": "13.10.12",
    "rating": "4",
    "author": "ykdi****",
    "review_id": "8056287",
    "movie_id": "31901"
  },
  {
    "review": "B급 SF 볼만함.",
    "date": "13.09.23",
    "rating": "6",
    "author": "kem1****",
    "review_id": "8011943",
    "movie_id": "31901"
  },
  {
    "review": "화려한 볼거리를 생각하고 보면 조금 실망할 수도 있고.. 스토리 중심으로 보면 괜찮습니다.",
    "date": "13.08.22",
    "rating": "7",
    "author": "feel****",
    "review_id": "7911710",
    "movie_id": "31901"
  },
  {
    "review": "......그리 놀라진 않았다.",
    "date": "13.08.15",
    "rating": "4",
    "author": "0411****",
    "review_id": "7882376",
    "movie_id": "31901"
  },
  {
    "review": "와우....영화 괜찮네....   반전은  깜짝놀랬다..",
    "date": "13.08.13",
    "rating": "10",
    "author": "kesn****",
    "review_id": "7875239",
    "movie_id": "31901"
  },
  {
    "review": "줄거리가 하필 저렇게 쓰여있어서 안본사람들은 무슨 복잡하고 난해한 영화로 오해하기 쉬운데 전혀 그런 영화 아니고 상당히 볼만한 영화임.. 기대안하고 봤다가 시간가는줄 모르고 봤음 몰입도도 괜찮고 박진감도 있고 반전도 약간 뻔하긴 하지만 괜찮았다",
    "date": "13.08.04",
    "rating": "10",
    "author": "mapl****",
    "review_id": "7833983",
    "movie_id": "31901"
  },
  {
    "review": "평점좀 올립시다 8점대는 들어와야죠;",
    "date": "13.07.27",
    "rating": "10",
    "author": "kmh0****",
    "review_id": "7791693",
    "movie_id": "31901"
  },
  {
    "review": "스펜서 올햄하고 그의 와이프 둘다 사이보그 인게 반전입니다",
    "date": "13.07.20",
    "rating": "10",
    "author": "kwd9****",
    "review_id": "7764969",
    "movie_id": "31901"
  },
  {
    "review": "저예산 제작비...ㅠ",
    "date": "13.04.18",
    "rating": "5",
    "author": "diri****",
    "review_id": "7466023",
    "movie_id": "31901"
  },
  {
    "review": "토탈리콜의 그늘 아래.",
    "date": "13.03.26",
    "rating": "7",
    "author": "yoon****",
    "review_id": "7413451",
    "movie_id": "31901"
  },
  {
    "review": "이걸무슨 블록버스터sf 영화인줄알고보네; 내용하고 흐름을알아야지 반전잇는거알고보면 재미좀 반감되는데 마지막반전도그렇고 재밋는영화다",
    "date": "13.03.20",
    "rating": "10",
    "author": "park****",
    "review_id": "7379869",
    "movie_id": "31901"
  },
  {
    "review": "거창하게 SF라고 화려한 CG예상하고 보시면 안되요.저도 초반엔 미래 배경인데 엉성해서 B급인가 실망했는데 스토리,긴박감,반전이 쩔어줍니다.이 영화 너무 저평가 됐어요. 스포당하지 마시고 보세요. 배경연출만 빼면 A0는 되는 영화입니다.스포당하지마세요",
    "date": "13.03.16",
    "rating": "10",
    "author": "doll****",
    "review_id": "7354393",
    "movie_id": "31901"
  },
  {
    "review": "결국 마지막에 깨닫고 죽네...끝에 폭발장면 뙇~! 이정도면 괜찮은 영화",
    "date": "13.01.10",
    "rating": "8",
    "author": "anha****",
    "review_id": "7099990",
    "movie_id": "31901"
  },
  {
    "review": "3류삘에 멍청하지만 반전은 맘에 든다",
    "date": "12.09.11",
    "rating": "4",
    "author": "expr****",
    "review_id": "6687573",
    "movie_id": "31901"
  },
  {
    "review": "어렸을땐 진짜 마지막씬 보고 기겁을 했더라지...",
    "date": "12.09.08",
    "rating": "9",
    "author": "kore****",
    "review_id": "6678949",
    "movie_id": "31901"
  },
  {
    "review": "해피앤딩이 아니어서 1점. 외계인 침공당했다는 선 스토리 설명만 나오고. 절대 외계인 안나옴.",
    "date": "12.07.17",
    "rating": "1",
    "author": "lord****",
    "review_id": "6487087",
    "movie_id": "31901"
  },
  {
    "review": "마지막씬은 정말 최고!! 강추합니다.",
    "date": "12.07.13",
    "rating": "10",
    "author": "hawk****",
    "review_id": "6474150",
    "movie_id": "31901"
  },
  {
    "review": "반전에 반전은 너무 쉽게 예상이 되어서 허무했다. 특별할것 없는 SF영화다.",
    "date": "12.06.29",
    "rating": "6",
    "author": "high****",
    "review_id": "6426290",
    "movie_id": "31901"
  },
  {
    "review": "반전을 위한 전개에 허점과 무리수가 많다",
    "date": "12.06.16",
    "rating": "7",
    "author": "yser****",
    "review_id": "6394705",
    "movie_id": "31901"
  },
  {
    "review": "나만 당할순없지.. 이거 반전 \"\"2번\"\" 있습니다",
    "date": "12.06.11",
    "rating": "5",
    "author": "rhrh****",
    "review_id": "6384977",
    "movie_id": "31901"
  },
  {
    "review": "오 반전!!!",
    "date": "12.06.09",
    "rating": "8",
    "author": "pass****",
    "review_id": "6380612",
    "movie_id": "31901"
  },
  {
    "review": "반전의 반전.. 진짜 미치게 재밌는 SF영화.. 평점너무낮다 정말.. 꼭 보세요",
    "date": "12.05.29",
    "rating": "10",
    "author": "holl****",
    "review_id": "6346966",
    "movie_id": "31901"
  },
  {
    "review": "망한 설정 망한 연출 망한 반전",
    "date": "12.05.20",
    "rating": "5",
    "author": "fbru****",
    "review_id": "6313678",
    "movie_id": "31901"
  },
  {
    "review": "영상은 B급이지만 나름 긴박감 있는 진행과 반전!...",
    "date": "12.03.02",
    "rating": "9",
    "author": "chow****",
    "review_id": "6118014",
    "movie_id": "31901"
  },
  {
    "review": "곱씹을수록 달다",
    "date": "12.02.28",
    "rating": "8",
    "author": "fren****",
    "review_id": "6110473",
    "movie_id": "31901"
  },
  {
    "review": "SF영화지만 '나'는 누군가?! 누가 나를 인정해줘야만 나인가? 괜찮은영화!",
    "date": "12.02.20",
    "rating": "8",
    "author": "neat****",
    "review_id": "6089648",
    "movie_id": "31901"
  },
  {
    "review": "반전반전~",
    "date": "12.02.02",
    "rating": "10",
    "author": "chun****",
    "review_id": "6045952",
    "movie_id": "31901"
  },
  {
    "review": "'진짜 나'라는 건 뭔가, 영화를 마치고 더 진지하게 생각하게 한다.",
    "date": "12.01.28",
    "rating": "10",
    "author": "korf****",
    "review_id": "6030801",
    "movie_id": "31901"
  },
  {
    "review": "전달하고픈 것은 뭐였을까?  사랑? 그리움? 액션? 정의?  희망? 암울함? 시간 아깝다",
    "date": "12.01.15",
    "rating": "2",
    "author": "mggw****",
    "review_id": "5986715",
    "movie_id": "31901"
  },
  {
    "review": "마지막에 반전! 주인공 눈 확커지면서터지는부분에서 소름끼쳤음 ㄷㄷ진짜 볼만한영화",
    "date": "12.01.11",
    "rating": "10",
    "author": "tomp****",
    "review_id": "5979171",
    "movie_id": "31901"
  },
  {
    "review": "다좋은데 결말에서 너무 멀리갔네...부인반전에서 임팩트있었는데 남편반전에서는억지",
    "date": "11.12.30",
    "rating": "7",
    "author": "hakj****",
    "review_id": "5946367",
    "movie_id": "31901"
  },
  {
    "review": "정작 외계인은 안 나옴",
    "date": "11.12.29",
    "rating": "9",
    "author": "godh****",
    "review_id": "5945144",
    "movie_id": "31901"
  },
  {
    "review": "그냥 볼만합니다. 반전도 나름 괜찮구...ㅋㅋ",
    "date": "11.12.06",
    "rating": "8",
    "author": "samm****",
    "review_id": "5891637",
    "movie_id": "31901"
  },
  {
    "review": "초반엔 좀 재밌었는데 결과가 좀 그르네...",
    "date": "11.11.18",
    "rating": "7",
    "author": "jdru****",
    "review_id": "5855588",
    "movie_id": "31901"
  },
  {
    "review": "쌩뚱맞진 않은거 같은데;ㅎ",
    "date": "11.10.17",
    "rating": "10",
    "author": "gggg****",
    "review_id": "5794815",
    "movie_id": "31901"
  },
  {
    "review": "이중스파이를 노린 외계인의 잔머리에 혀를 내둘렀다.",
    "date": "11.10.06",
    "rating": "10",
    "author": "omeg****",
    "review_id": "5773391",
    "movie_id": "31901"
  },
  {
    "review": "그다지..",
    "date": "11.09.07",
    "rating": "5",
    "author": "dbzh****",
    "review_id": "5712547",
    "movie_id": "31901"
  },
  {
    "review": "죽이네..ㄷㄷㄷㄷㄷㄷ",
    "date": "11.08.27",
    "rating": "10",
    "author": "hiph****",
    "review_id": "5690547",
    "movie_id": "31901"
  },
  {
    "review": "필립k. 딕 원작영화중 최악. 아내랑 영상통화할 때부터 이미 스토리는...",
    "date": "11.08.24",
    "rating": "5",
    "author": "skyr****",
    "review_id": "5685583",
    "movie_id": "31901"
  },
  {
    "review": "1950년대의 멋진상상, 하지만 2000년대의 어이없는 전개. 원작이 늙었으니 이해하라",
    "date": "11.08.23",
    "rating": "5",
    "author": "fspa****",
    "review_id": "5682333",
    "movie_id": "31901"
  },
  {
    "review": "자신이 누구인지 모르고 산다는 슬픔",
    "date": "11.08.08",
    "rating": "10",
    "author": "hg99****",
    "review_id": "5619742",
    "movie_id": "31901"
  },
  {
    "review": "최고의 반전이라기보다, 생뚱맞은 반전. 스크리머스와 비교시 훨씬 떨어진다.",
    "date": "11.07.19",
    "rating": "6",
    "author": "blac****",
    "review_id": "5554920",
    "movie_id": "31901"
  },
  {
    "review": "80년대의 영상",
    "date": "11.07.03",
    "rating": "1",
    "author": "kkj5****",
    "review_id": "5518323",
    "movie_id": "31901"
  },
  {
    "review": "개봉당시 봈다면 챰신했을 반전.뒤늦게보고식상하다는건모야.참고로 1952년 소설바탕.",
    "date": "11.07.02",
    "rating": "8",
    "author": "juni****",
    "review_id": "5516739",
    "movie_id": "31901"
  },
  {
    "review": "자신의 정체를 밝히려는 주인공과 그 뒤를 쫓는 추격전이 영화의 재미를 주었어요!",
    "date": "11.06.25",
    "rating": "10",
    "author": "ytn4****",
    "review_id": "5498032",
    "movie_id": "31901"
  },
  {
    "review": "외계인과 전쟁 중인 첨단과학문명이 무색할 정도로 멍청한 추격전의 연속",
    "date": "11.06.08",
    "rating": "3",
    "author": "trip****",
    "review_id": "5471499",
    "movie_id": "31901"
  },
  {
    "review": "예측가능했으나 볼거리 풍부한 재밌는 영화였다",
    "date": "11.05.14",
    "rating": "9",
    "author": "snah****",
    "review_id": "5427762",
    "movie_id": "31901"
  },
  {
    "review": "예측가능했다",
    "date": "11.05.10",
    "rating": "7",
    "author": "nikr****",
    "review_id": "5419612",
    "movie_id": "31901"
  },
  {
    "review": "이거 TV에서하길래 그냥 스릴 + SF영화 인줄알고 재밌길래 봤더니 대박반전!!!",
    "date": "11.05.05",
    "rating": "10",
    "author": "kevi****",
    "review_id": "5407616",
    "movie_id": "31901"
  },
  {
    "review": "와 재밌다   이런종류의 영화 또 어디 없나? ㅋ",
    "date": "11.04.25",
    "rating": "10",
    "author": "nele****",
    "review_id": "5391670",
    "movie_id": "31901"
  },
  {
    "review": "95분동안 질질 끌지말고 시작 5분만에 자폭했어도 될 만한 스토리구성과 연출.",
    "date": "11.04.17",
    "rating": "6",
    "author": "wlfa****",
    "review_id": "5379156",
    "movie_id": "31901"
  },
  {
    "review": "필립케이딕 특유의 염새적인 분위기, 연출이 조금 세련되었으면 명작이 되었을텐데",
    "date": "11.03.24",
    "rating": "7",
    "author": "kthy****",
    "review_id": "5332405",
    "movie_id": "31901"
  },
  {
    "review": "난이걸 책으로봤지",
    "date": "11.03.06",
    "rating": "10",
    "author": "007_****",
    "review_id": "5297707",
    "movie_id": "31901"
  },
  {
    "review": "예측 가능한 반전. 대단치 않은 연출. 하지만... 충분히 재미있다는~~^^",
    "date": "11.02.17",
    "rating": "7",
    "author": "pupp****",
    "review_id": "5250794",
    "movie_id": "31901"
  },
  {
    "review": "킬링타임용? ㅎㅎ",
    "date": "11.02.16",
    "rating": "8",
    "author": "ghch****",
    "review_id": "5247651",
    "movie_id": "31901"
  },
  {
    "review": "무섭고  아쉽다.",
    "date": "11.01.13",
    "rating": "10",
    "author": "heyh****",
    "review_id": "5153894",
    "movie_id": "31901"
  },
  {
    "review": "진짜 다좋은데 그래픽부분에서 좀더 돈좀쓰지 ㅋㅋ",
    "date": "11.01.02",
    "rating": "10",
    "author": "gkdl****",
    "review_id": "5119126",
    "movie_id": "31901"
  },
  {
    "review": "그래픽빼고 다맘에드는ㅋ",
    "date": "10.12.25",
    "rating": "10",
    "author": "sigk****",
    "review_id": "5083054",
    "movie_id": "31901"
  },
  {
    "review": "이거 줄거리는 좋은데 좀더 자금력을 투자 했더라면.,.,",
    "date": "10.12.02",
    "rating": "6",
    "author": "milk****",
    "review_id": "5015905",
    "movie_id": "31901"
  },
  {
    "review": "으잌ㅋ 마지막에 ㅎㅎ",
    "date": "10.10.19",
    "rating": "8",
    "author": "love****",
    "review_id": "4911073",
    "movie_id": "31901"
  },
  {
    "review": "2002년도 영화라고는해도.. 마지막에 반전은 좋더라.요즘나온영화못지않은듯..",
    "date": "10.10.17",
    "rating": "8",
    "author": "ao45****",
    "review_id": "4908073",
    "movie_id": "31901"
  },
  {
    "review": "서로를 믿지 못하는 인간과 그들보다 더 인간적인 기계의 사랑",
    "date": "10.10.12",
    "rating": "9",
    "author": "namm****",
    "review_id": "4898919",
    "movie_id": "31901"
  }
]