[
  {
    "review": "열정도 중요하지만 타고난 실력도 있어야 한다는 것도 알려주는 것 같다.",
    "date": "15.07.09",
    "rating": "7",
    "author": "klpr****",
    "review_id": "10082557",
    "movie_id": "31904"
  },
  {
    "review": "매향역에 유호정을 쓴 이유를 모르겠다. 좋은 여배우 많은데.",
    "date": "15.06.20",
    "rating": "7",
    "author": "viol****",
    "review_id": "10013874",
    "movie_id": "31904"
  },
  {
    "review": "뜨겁게 타올라 하얗게 새운 예술혼 그 자체",
    "date": "15.06.12",
    "rating": "8",
    "author": "syoc****",
    "review_id": "9993180",
    "movie_id": "31904"
  },
  {
    "review": "취화선, 잘만들었다^^",
    "date": "15.06.09",
    "rating": "10",
    "author": "iron****",
    "review_id": "9986882",
    "movie_id": "31904"
  },
  {
    "review": "느리지만 살아움직이는 그림같은.",
    "date": "15.04.22",
    "rating": "9",
    "author": "reco****",
    "review_id": "9856947",
    "movie_id": "31904"
  },
  {
    "review": "뜻을 이루게 하는 것은  결국 사람이 아닌 하늘",
    "date": "15.04.19",
    "rating": "9",
    "author": "azga****",
    "review_id": "9852201",
    "movie_id": "31904"
  },
  {
    "review": "역시 임권택 담백하고 재미있게 잘그려냈다.",
    "date": "15.04.14",
    "rating": "8",
    "author": "adiv****",
    "review_id": "9845230",
    "movie_id": "31904"
  },
  {
    "review": "최민식이 장승업인지 장승업이 최민식인지..",
    "date": "15.04.11",
    "rating": "10",
    "author": "ocel****",
    "review_id": "9839236",
    "movie_id": "31904"
  },
  {
    "review": "화가 오원 장승업의 광기가 가득찬 그림 그리고 장승업을 연기한 최민식님께도 큰 박수를 보냅니다!!! 잘 봤습니다!!!",
    "date": "15.04.06",
    "rating": "10",
    "author": "robo****",
    "review_id": "9830567",
    "movie_id": "31904"
  },
  {
    "review": "위대하지만 지루한 클래식영상미가 좋았지만 더빙식의 느낌은...",
    "date": "15.03.25",
    "rating": "5",
    "author": "fall****",
    "review_id": "9804347",
    "movie_id": "31904"
  },
  {
    "review": "아햏햏 아햏햏 아햏햏.",
    "date": "15.03.23",
    "rating": "10",
    "author": "leeg****",
    "review_id": "9801316",
    "movie_id": "31904"
  },
  {
    "review": "괴짜적 그림 천재 장승업의 일대기. 화폭의 흐름과 인생의 흐름과 시대적 흐름이 절묘하게 결합하고 있다",
    "date": "15.03.18",
    "rating": "9",
    "author": "hepy****",
    "review_id": "9790530",
    "movie_id": "31904"
  },
  {
    "review": "몇년 전 한번 보았는데 잘 잊혀지지 않았던 영화, 인상깊었었던것 같다.",
    "date": "15.03.17",
    "rating": "10",
    "author": "no_a****",
    "review_id": "9790194",
    "movie_id": "31904"
  },
  {
    "review": "2002년 개봉한것 치고는 상당히 오래된 느낌이 많이듬",
    "date": "15.03.06",
    "rating": "5",
    "author": "drea****",
    "review_id": "9759651",
    "movie_id": "31904"
  },
  {
    "review": "영화자체는좋은거같은데편집이좀느닷없다",
    "date": "15.03.04",
    "rating": "7",
    "author": "xx41****",
    "review_id": "9755497",
    "movie_id": "31904"
  },
  {
    "review": "최민식의 연기가 너무 좋았던거 같아요",
    "date": "15.03.02",
    "rating": "10",
    "author": "slm7****",
    "review_id": "9751662",
    "movie_id": "31904"
  },
  {
    "review": "예술가로써의 한 사람의 인생과당시 시대적 상황을 질 느낄 수 있었던 명작",
    "date": "15.03.02",
    "rating": "10",
    "author": "ssan****",
    "review_id": "9751638",
    "movie_id": "31904"
  },
  {
    "review": "누가 뭐라해도 나는 나, 아햏햏이오.",
    "date": "15.02.07",
    "rating": "10",
    "author": "ultr****",
    "review_id": "9675874",
    "movie_id": "31904"
  },
  {
    "review": "이 영화가 좋더라 그렇게",
    "date": "15.02.02",
    "rating": "10",
    "author": "tpfl****",
    "review_id": "9660876",
    "movie_id": "31904"
  },
  {
    "review": "화쟁이가 되고싶어진 영화",
    "date": "15.02.01",
    "rating": "10",
    "author": "pion****",
    "review_id": "9656199",
    "movie_id": "31904"
  },
  {
    "review": "예술의 본질과 어느 경지를 달성한 미장센",
    "date": "15.01.13",
    "rating": "10",
    "author": "farm****",
    "review_id": "9590017",
    "movie_id": "31904"
  },
  {
    "review": "정사신을 잊을 수 없다.. 참 잘만들었어",
    "date": "15.01.04",
    "rating": "10",
    "author": "sdj9****",
    "review_id": "9559530",
    "movie_id": "31904"
  },
  {
    "review": "역사를 담는 데 있어 약간 어설픈 면은 있었으나 장승업 개인의 삶은 뛰어나게 묘사한 작품",
    "date": "14.11.28",
    "rating": "7",
    "author": "kuss****",
    "review_id": "9428282",
    "movie_id": "31904"
  },
  {
    "review": "한국적인 것을 너무 강조하려고 하지마.",
    "date": "14.11.23",
    "rating": "7",
    "author": "toto****",
    "review_id": "9412682",
    "movie_id": "31904"
  },
  {
    "review": "조선말  미술 천재 장승업의 최고의 예술가로서 발전적 고뇌를 잘 표현한 작품이라 생각합니다. 영화 마지막 엔딩에 늙어서 수전증이 오지만 도자기속 조각배위 배사공으로 승화하는 모습이 감동적이네요.",
    "date": "14.10.17",
    "rating": "9",
    "author": "pmh5****",
    "review_id": "9298107",
    "movie_id": "31904"
  },
  {
    "review": "장승업이란 인물의 모습과 그 시대상의 거리감이 잘 조율된 영화",
    "date": "14.09.08",
    "rating": "10",
    "author": "bcwh****",
    "review_id": "9186710",
    "movie_id": "31904"
  },
  {
    "review": "배우연기의중요성이 영화를살릴지아닐지를결정하는걸 느꼈다",
    "date": "14.08.20",
    "rating": "10",
    "author": "knhs****",
    "review_id": "9112968",
    "movie_id": "31904"
  },
  {
    "review": "최민식 연기로 영화의 지루함을 극복하다",
    "date": "14.08.14",
    "rating": "8",
    "author": "lees****",
    "review_id": "9082604",
    "movie_id": "31904"
  },
  {
    "review": "갠적으로 술을 먹으면서 봤는데  시간가느줄몰랐다",
    "date": "14.08.06",
    "rating": "9",
    "author": "soul****",
    "review_id": "9034872",
    "movie_id": "31904"
  },
  {
    "review": "영화 평점 남겨본적 처음입니다. 최민식 이란 배우의 필모그래피를 따라가다가 접하게 된 영화인데 정말 굉장한 영화네요.",
    "date": "14.08.02",
    "rating": "10",
    "author": "kjhg****",
    "review_id": "9006126",
    "movie_id": "31904"
  },
  {
    "review": "흐름보다는 순간을 담아내는 아름다움",
    "date": "14.07.22",
    "rating": "7",
    "author": "setm****",
    "review_id": "8939948",
    "movie_id": "31904"
  },
  {
    "review": "그냥 편안하게 잘봤어요. 박진감 몰입감 긴장감 이런 것 없이 그냥 저냥 물흐르듯이 본것 같습니다. 좋은 영화네요ㅋ",
    "date": "14.07.21",
    "rating": "8",
    "author": "siru****",
    "review_id": "8937928",
    "movie_id": "31904"
  },
  {
    "review": "정말 잘만든영화.. 평점이 8.77이란게 놀랍다",
    "date": "14.07.18",
    "rating": "10",
    "author": "gole****",
    "review_id": "8928307",
    "movie_id": "31904"
  },
  {
    "review": "최민식 최고의 연기를 본 것 같다",
    "date": "14.06.29",
    "rating": "10",
    "author": "clou****",
    "review_id": "8867304",
    "movie_id": "31904"
  },
  {
    "review": "정말멋진영화 멋진남자 의리있고 조선의 아름다움",
    "date": "14.06.21",
    "rating": "10",
    "author": "jaeh****",
    "review_id": "8843991",
    "movie_id": "31904"
  },
  {
    "review": "한낱 꿈이라기에는 너무 거대해 보인다",
    "date": "14.06.03",
    "rating": "9",
    "author": "jjog****",
    "review_id": "8790989",
    "movie_id": "31904"
  },
  {
    "review": "이제서야 봤다니  ...",
    "date": "14.05.25",
    "rating": "10",
    "author": "wlsa****",
    "review_id": "8765412",
    "movie_id": "31904"
  },
  {
    "review": "모든 면에서 웅장함을 느낄 수 있는 명작!",
    "date": "14.05.20",
    "rating": "10",
    "author": "no13****",
    "review_id": "8748656",
    "movie_id": "31904"
  },
  {
    "review": "됐고..영화를 봐 그럼알지",
    "date": "14.05.07",
    "rating": "10",
    "author": "chlg****",
    "review_id": "8713368",
    "movie_id": "31904"
  },
  {
    "review": "이제야 봤네요.. 조선 후기 시대 공부도 좀 되네요",
    "date": "14.05.03",
    "rating": "9",
    "author": "scvz****",
    "review_id": "8696730",
    "movie_id": "31904"
  },
  {
    "review": "장승업의 인생이 거대한 역사의 흐름 속에서 전개된다. 언뜻 패왕별희의 모습과 비슷하다고 생각이들었다. 그럼에도 불구하고 최민식의 몰입도 높은 연기와 '환쟁이'라는소재가 취화선을 취화선으로 만들어주고 있다. 장승업다워지기 위해 치열하게 살았던 장승업처럼",
    "date": "14.04.19",
    "rating": "8",
    "author": "jaew****",
    "review_id": "8659925",
    "movie_id": "31904"
  },
  {
    "review": "명작...ㄷㄷ.ㄷ.ㄷ.ㄷ.",
    "date": "14.04.04",
    "rating": "10",
    "author": "pgbc****",
    "review_id": "8627255",
    "movie_id": "31904"
  },
  {
    "review": "그냥 한번 보시길.꼭.",
    "date": "14.03.23",
    "rating": "10",
    "author": "beat****",
    "review_id": "8598465",
    "movie_id": "31904"
  },
  {
    "review": "외국인 친구와 함께 봤는데 한국적인것도 많이 나와서 좋았고 역사적으로도 중요한 시기였고해서 근대사 공부하고 싶은 욕구도 마구 샘솟고 암튼 정말 잘 봤어요",
    "date": "14.03.10",
    "rating": "9",
    "author": "ryuj****",
    "review_id": "8567596",
    "movie_id": "31904"
  },
  {
    "review": "2002년 영화면 생각보다 오래 안됐구나..",
    "date": "14.03.06",
    "rating": "7",
    "author": "qkqh****",
    "review_id": "8557911",
    "movie_id": "31904"
  },
  {
    "review": "비록 18세 관람가 (청소년 관람불가) 이지만 예술적인 면에서는 명작 이라고 할수 있습니다.",
    "date": "14.02.13",
    "rating": "10",
    "author": "trio****",
    "review_id": "8505155",
    "movie_id": "31904"
  },
  {
    "review": "밑에 어느 분 처럼 왜 진작 안 봤을까 하는 영화네요~ 잔잔하지만 전혀 지루하지 않고 중간중간 유머도 있어 참 재밌고 여운있게 본 영화입니다!",
    "date": "14.01.03",
    "rating": "9",
    "author": "myko****",
    "review_id": "8344133",
    "movie_id": "31904"
  },
  {
    "review": "명불허전이란 말이 괜히 있는게 아닌것 같다...이런 대작을 지금에야 보다니....예전에 아햏햏문화때문에 내용도 그런게 있을줄 알았는데 장승업이 웃는것도 안나오던데...그리고 전개 엄청 빨라서 지루한거 하나없는데 왜 지루하다는 이야기가 나오는지?",
    "date": "14.01.02",
    "rating": "10",
    "author": "here****",
    "review_id": "8337354",
    "movie_id": "31904"
  },
  {
    "review": "이영화를보고 10년간앓던 고환암이 깨끗이 나앗습니다.",
    "date": "14.01.02",
    "rating": "10",
    "author": "kann****",
    "review_id": "8337191",
    "movie_id": "31904"
  },
  {
    "review": "임권택만이 연출가능한 장승업의 작품과 인생",
    "date": "13.12.29",
    "rating": "7",
    "author": "byul****",
    "review_id": "8319189",
    "movie_id": "31904"
  },
  {
    "review": "잃어버린 내 꿈들이 생각나",
    "date": "13.12.20",
    "rating": "10",
    "author": "4lea****",
    "review_id": "8255257",
    "movie_id": "31904"
  },
  {
    "review": "스토리나 설정 보다도 한국적인 정서, 소리, 멋이 돋보이는, 영화적 멋이 돋보이는 작품인거 같다.",
    "date": "13.11.21",
    "rating": "8",
    "author": "wjda****",
    "review_id": "8158604",
    "movie_id": "31904"
  },
  {
    "review": "임권택 감독 최고의 걸작이라 생각합니다. 한계를 넘으려는 예술인의 광기가 어찌나 절절하게 다가오던지...",
    "date": "13.11.10",
    "rating": "10",
    "author": "sol2****",
    "review_id": "8128895",
    "movie_id": "31904"
  },
  {
    "review": "영화광입니다. 이런 잔잔하고 이쁜색채와 분위기가 참좋은영화네요. 액션에 지치신마음을 녹이시길..",
    "date": "13.11.07",
    "rating": "9",
    "author": "gogo****",
    "review_id": "8120851",
    "movie_id": "31904"
  },
  {
    "review": "장승업이란 실존 인물을 ' 임권택 ' 과 ' 최민식 ' 이 생생히 살아돌아온것처럼 보이도록 잘 만든 영화, 다소 지루해보일 수 있는 영화이나, 보면 볼수록 빠져드는 묘한 매력의 영화이기도 하다, 특히 마지막 엔딩씬의 여운은 매우 인상적.",
    "date": "13.10.18",
    "rating": "9",
    "author": "keep****",
    "review_id": "8068716",
    "movie_id": "31904"
  },
  {
    "review": "9.4 임권택 임권택 하는 이유를 알게 됐다. 거기에 최민식 연기라니 게임 끝. 이건 마치 놀란 감독에 히스레져가 연기한 다크나이트와 비견되지 않는가?",
    "date": "13.10.09",
    "rating": "10",
    "author": "eoas****",
    "review_id": "8046591",
    "movie_id": "31904"
  },
  {
    "review": "걸작",
    "date": "13.09.23",
    "rating": "10",
    "author": "dksd****",
    "review_id": "8010695",
    "movie_id": "31904"
  },
  {
    "review": "천기도 시운을 만나야하는 법인데, 인연인들 그렇지 않겠습니까..",
    "date": "13.08.29",
    "rating": "10",
    "author": "k384****",
    "review_id": "7931452",
    "movie_id": "31904"
  },
  {
    "review": "예술하려면 저렇게 살아야 하는건가...?",
    "date": "13.08.19",
    "rating": "8",
    "author": "dkwl****",
    "review_id": "7903268",
    "movie_id": "31904"
  },
  {
    "review": "아름답다..",
    "date": "13.08.17",
    "rating": "9",
    "author": "iya1****",
    "review_id": "7893718",
    "movie_id": "31904"
  },
  {
    "review": "취화선이란 제목이 마음에 든다.",
    "date": "13.08.14",
    "rating": "9",
    "author": "lipe****",
    "review_id": "7878132",
    "movie_id": "31904"
  },
  {
    "review": "진짜 최민식...무슨 장승업 빙의된듯한 신의연기...장승업은 그림을 그리고 최민식은 연기를 한다..;",
    "date": "13.08.11",
    "rating": "9",
    "author": "do11****",
    "review_id": "7868946",
    "movie_id": "31904"
  },
  {
    "review": "명작이에유.",
    "date": "13.08.07",
    "rating": "10",
    "author": "real****",
    "review_id": "7853525",
    "movie_id": "31904"
  },
  {
    "review": "좀 늦게 본 감이 있지만 거장의 숨결을 배우들이 제대로 표현하지는 못한듯.",
    "date": "13.08.04",
    "rating": "8",
    "author": "cota****",
    "review_id": "7836729",
    "movie_id": "31904"
  },
  {
    "review": "임권택 감독 영화 중 가장 볼만한 작품이긴 하나... 영화의 전율은 아쉽게도 없다.",
    "date": "13.07.30",
    "rating": "7",
    "author": "z1z2****",
    "review_id": "7800461",
    "movie_id": "31904"
  },
  {
    "review": "7점 정도가 적당.",
    "date": "13.06.20",
    "rating": "7",
    "author": "jhh1****",
    "review_id": "7660095",
    "movie_id": "31904"
  },
  {
    "review": "의외로 넘재밌네요~ 스토리의몰입도 높았고. 장면장면이 눈이즐거웠어요. 우리것이 좋은것이고 명품인거란말이 와닿더군요",
    "date": "13.06.06",
    "rating": "8",
    "author": "kyri****",
    "review_id": "7590705",
    "movie_id": "31904"
  },
  {
    "review": "장승업과 임권택의 오버랩, 닮은 구석이 많다.",
    "date": "13.06.04",
    "rating": "8",
    "author": "ogr5****",
    "review_id": "7577656",
    "movie_id": "31904"
  },
  {
    "review": "또 봐도 감동...",
    "date": "13.05.13",
    "rating": "10",
    "author": "61ch****",
    "review_id": "7525909",
    "movie_id": "31904"
  },
  {
    "review": "왜진작안봤을까하는...",
    "date": "13.04.14",
    "rating": "9",
    "author": "love****",
    "review_id": "7458134",
    "movie_id": "31904"
  },
  {
    "review": "왜 난 이제서야 취화선을 본것일까ㅠㅠ진짜 감명깊게보았다",
    "date": "13.03.06",
    "rating": "10",
    "author": "miss****",
    "review_id": "7327145",
    "movie_id": "31904"
  },
  {
    "review": "흔하지 않은 예술 영화. 완성도도 높았고 눈이 즐거웠다. 여러모로 만족스러운 작품이었으나, 같이 보기 민망할 정도의 정사 씬을 굳이 후반부에 넣어야 했는가 하는 의문이 든다",
    "date": "13.03.01",
    "rating": "9",
    "author": "harr****",
    "review_id": "7313705",
    "movie_id": "31904"
  },
  {
    "review": "예술은 길고 인생은 짧다고 했던가...",
    "date": "13.02.22",
    "rating": "6",
    "author": "kos4****",
    "review_id": "7292014",
    "movie_id": "31904"
  },
  {
    "review": "장승업이라는 사람  그 당시의 사회 그림 다있네요.",
    "date": "13.02.13",
    "rating": "9",
    "author": "hll0****",
    "review_id": "7258342",
    "movie_id": "31904"
  },
  {
    "review": "간만에 영화 다운 영화를 본 것 같습니다. 전체적으로 잘 만들어진 대작.. 다만,결말 부분이 조금 아쉽군요.",
    "date": "13.01.18",
    "rating": "9",
    "author": "pret****",
    "review_id": "7127978",
    "movie_id": "31904"
  },
  {
    "review": "문화재로 지정해야할만한 가치가있는 영화 수작이다",
    "date": "13.01.07",
    "rating": "10",
    "author": "akan****",
    "review_id": "7089691",
    "movie_id": "31904"
  },
  {
    "review": "조선시대 자유로운 영혼 오원 장승업의 혼과 서민정서를 잘 표현하는 최민식의 연기 그리고 우리나라 전통의 멋을 잘 포착하여 그리는 임권택 감독이 혼연일체가 되어 한 편의 수작을 만들어냈다.",
    "date": "12.11.03",
    "rating": "8",
    "author": "play****",
    "review_id": "6850658",
    "movie_id": "31904"
  },
  {
    "review": "어떻게 보면 정말 괴짜스러운 화가 장승엽의 전기를 정말 잘 이어놨다.",
    "date": "12.10.21",
    "rating": "10",
    "author": "pvga****",
    "review_id": "6819315",
    "movie_id": "31904"
  },
  {
    "review": "대부님은 연기도 잘하는데 그림까지 잘그리시네 근데 임권택감독님 영화가 별로 재미가없네요 작품성은 뛰어날지 몰라도",
    "date": "12.10.16",
    "rating": "4",
    "author": "fate****",
    "review_id": "6806828",
    "movie_id": "31904"
  },
  {
    "review": "최신 노래도 10번이상 듣기 싫은 세상이지만 이 영화는 10번이상 봐도 지루하지않다..단 주연 여배우들만은 나태한 느낌이라 9.5점",
    "date": "12.10.07",
    "rating": "9",
    "author": "jwki****",
    "review_id": "6769038",
    "movie_id": "31904"
  },
  {
    "review": "장난하냐 당연히10점이지  영화볼줄모르냐",
    "date": "12.10.04",
    "rating": "10",
    "author": "juns****",
    "review_id": "6762441",
    "movie_id": "31904"
  },
  {
    "review": "울림이 있는 영화",
    "date": "12.10.04",
    "rating": "9",
    "author": "ssww****",
    "review_id": "6762044",
    "movie_id": "31904"
  },
  {
    "review": "[9점] 이런 명작을 이제서야 보게되다니..",
    "date": "12.09.16",
    "rating": "9",
    "author": "fann****",
    "review_id": "6704605",
    "movie_id": "31904"
  },
  {
    "review": "걸작",
    "date": "12.09.15",
    "rating": "10",
    "author": "ball****",
    "review_id": "6699047",
    "movie_id": "31904"
  },
  {
    "review": "칸느영화제 최고감독상이라.... 그래서 봤다. 작품성은 역시나 대단한것 같다. 하지만..뭐... 약간 당연히 지루하긴하다. 하지만 예술성.예술을위한.멋진 영화인건 확실한것 같다",
    "date": "12.09.11",
    "rating": "7",
    "author": "zang****",
    "review_id": "6686550",
    "movie_id": "31904"
  },
  {
    "review": "r2b같이 알바있는 영화랑은 차원이 틀립니다. 진짜 최고.",
    "date": "12.09.10",
    "rating": "10",
    "author": "qw20****",
    "review_id": "6684377",
    "movie_id": "31904"
  },
  {
    "review": "자신 스스로가 예술이되는 예술영화",
    "date": "12.09.02",
    "rating": "9",
    "author": "dpdj****",
    "review_id": "6665264",
    "movie_id": "31904"
  },
  {
    "review": "말이 필요없는영화.배우캐스팅 진짜 잘했다.재미와 작품성둘다잡았다.",
    "date": "12.07.18",
    "rating": "10",
    "author": "a109****",
    "review_id": "6490985",
    "movie_id": "31904"
  },
  {
    "review": "조용하지만 전혀 지루하지않은 영화",
    "date": "12.07.01",
    "rating": "10",
    "author": "home****",
    "review_id": "6435507",
    "movie_id": "31904"
  },
  {
    "review": "시대적 흐림과 배경, 그리고 감정을 그림으로 주제를 잘표현한 대작이였다",
    "date": "12.06.17",
    "rating": "10",
    "author": "wind****",
    "review_id": "6398782",
    "movie_id": "31904"
  },
  {
    "review": "어찌 점수로 평하리오. 대화가의 숨결이 녹아있는 대감독과 대배우의 작품이다",
    "date": "12.06.05",
    "rating": "10",
    "author": "jjjd****",
    "review_id": "6366152",
    "movie_id": "31904"
  },
  {
    "review": "민식이형 최고의 걸작은 아직 아무도 모른다. 하지만 임감독 최고의 걸작은 이거다.",
    "date": "12.05.26",
    "rating": "10",
    "author": "b741****",
    "review_id": "6332953",
    "movie_id": "31904"
  },
  {
    "review": "볼거리도 많고 ~ 이것 저것 생각하게 해 줘서 좋았음 ㅎ",
    "date": "12.05.17",
    "rating": "9",
    "author": "tekk****",
    "review_id": "6306843",
    "movie_id": "31904"
  },
  {
    "review": "뜬금없는 이야기 전개.. ;;",
    "date": "12.04.25",
    "rating": "7",
    "author": "tn99****",
    "review_id": "6244080",
    "movie_id": "31904"
  },
  {
    "review": "시나리오가 대박이었다",
    "date": "12.04.24",
    "rating": "9",
    "author": "kdd0****",
    "review_id": "6242937",
    "movie_id": "31904"
  },
  {
    "review": "오원 장승업을 따라가며 삶을 반추하게 됩니다. 음악좋대요",
    "date": "12.04.22",
    "rating": "10",
    "author": "kj99****",
    "review_id": "6239821",
    "movie_id": "31904"
  },
  {
    "review": "어쩌면 임감독님의 최고의 명작",
    "date": "12.04.03",
    "rating": "9",
    "author": "rnx4****",
    "review_id": "6191304",
    "movie_id": "31904"
  },
  {
    "review": "손예진이 진짜 옥에 티 몇장면 안나왔는데 왜 자꾸 거슬리는지.그것만 아니면 괜찮음",
    "date": "12.04.03",
    "rating": "7",
    "author": "sf11****",
    "review_id": "6189504",
    "movie_id": "31904"
  },
  {
    "review": "아 예술",
    "date": "12.03.11",
    "rating": "10",
    "author": "free****",
    "review_id": "6136025",
    "movie_id": "31904"
  },
  {
    "review": "그림과 음악, 풍경과 역사... 우리의 모든 예술이 들어있다. 애잔하고 감동적이다..",
    "date": "12.03.10",
    "rating": "10",
    "author": "ppbb****",
    "review_id": "6134923",
    "movie_id": "31904"
  }
]