[
  {
    "review": "평점봐라 우리나란 다들 아주 평론가여 아!!",
    "date": "15.08.23",
    "rating": "10",
    "author": "wlsd****",
    "review_id": "10264881",
    "movie_id": "31914"
  },
  {
    "review": "보러갑니당~~~!!@#$$%#%",
    "date": "15.08.15",
    "rating": "10",
    "author": "wlsg****",
    "review_id": "10236313",
    "movie_id": "31914"
  },
  {
    "review": "총질액션의 대가 중국감독이 헐리웃 자본을 업고 헐리웃 배우와 나바호족의 이야기를 다룬 독특한 전쟁영화",
    "date": "15.08.15",
    "rating": "9",
    "author": "spik****",
    "review_id": "10232311",
    "movie_id": "31914"
  },
  {
    "review": "같은 시기의 전쟁을 다뤄던 클린트 이스트우드 감독의 이오지마에서 온 편지를 본 뒤 이 작품을 보니 큰 괴리감이 생겼다. 오우삼식의 액션 연출을 정말 전쟁물로 까지 강조할 필요가 있었을까? 그리고 제임스 호너의 음악도 생뚱맞게 사용되었다.",
    "date": "15.08.02",
    "rating": "5",
    "author": "leah****",
    "review_id": "10176385",
    "movie_id": "31914"
  },
  {
    "review": "밀덕으로서 전쟁영화를 볼때 고증, 특수효과, 연출이 잘 되어 있지 않으면 그 영화를 매우 비판하는 편인데 유일하게 3가지가 모두 부족한대도 내용/작품성이 좋아서 비판하지 않은 영화",
    "date": "15.07.25",
    "rating": "8",
    "author": "hass****",
    "review_id": "10139659",
    "movie_id": "31914"
  },
  {
    "review": "생각보다 평점이 낮네..",
    "date": "15.06.25",
    "rating": "10",
    "author": "p618****",
    "review_id": "10034120",
    "movie_id": "31914"
  },
  {
    "review": "10점 이상 주고 싶은 영화.",
    "date": "15.06.17",
    "rating": "10",
    "author": "caps****",
    "review_id": "10005710",
    "movie_id": "31914"
  },
  {
    "review": "짱재밌는영화 근데 명중률이 낮은 톰슨을 한손으로 4명을죽이는건 오바같다",
    "date": "15.06.11",
    "rating": "10",
    "author": "dlwj****",
    "review_id": "9989482",
    "movie_id": "31914"
  },
  {
    "review": "영웅적인 모습을 너무 옛날영화같다고 비판하는 사람들이 있겠지.그래도 케이지형님같은 영웅있으면 멋지지않나?",
    "date": "15.05.21",
    "rating": "10",
    "author": "hats****",
    "review_id": "9936807",
    "movie_id": "31914"
  },
  {
    "review": "누가 그에 대해 묻거든 아버지친구라 하거라.. 여기서 눈물 ㅠㅠ",
    "date": "15.05.03",
    "rating": "10",
    "author": "chh6****",
    "review_id": "9891563",
    "movie_id": "31914"
  },
  {
    "review": "솔직히 뻔한 아름다운 이야기를 가장 세련되게 그려내는 사람은 스티븐 스필버그임!!  그런데 이영화는 너무 뻔한 얘기를 오그라들게 유치하게 그렸고..전쟁장면은 동네 서커스 보듯 어울리지않았음!! 이런 영화에 높은 평점을 주는 사람은 차라리 야동을 봐라",
    "date": "15.04.30",
    "rating": "6",
    "author": "ayan****",
    "review_id": "9879528",
    "movie_id": "31914"
  },
  {
    "review": "네티즌 여러분들중에 남녀노소 상관없이 전쟁하고 안하고 떠나서 군대가서 총쏴보고 국방의 의무안해보신 남자 여자분들 제발좀 윈드토커뿐만아니라 전쟁영화에 대해서 왈가왈부하지마세요 군대에 입대해서 총들고 군인으로서 나라지키는게쉬운줄아십니까? 윈드토커 짱입니다",
    "date": "15.04.29",
    "rating": "10",
    "author": "shin****",
    "review_id": "9878007",
    "movie_id": "31914"
  },
  {
    "review": "오래됬지만 이제야봤고,,,어릴적 나의영웅 슬레이터횽의 깜짝출연에 8점준다",
    "date": "15.04.28",
    "rating": "8",
    "author": "olle****",
    "review_id": "9875992",
    "movie_id": "31914"
  },
  {
    "review": "? 재밌던디 평점 왜이러지? 개인적으로 한번보고 못잊고 찾아보게만든영화였음추천!!",
    "date": "15.04.10",
    "rating": "10",
    "author": "wakh****",
    "review_id": "9838087",
    "movie_id": "31914"
  },
  {
    "review": "영화는 재밌게봤는데.찾아보니 서프라이즈에서의 내용은 씁쓸하네요..",
    "date": "15.03.11",
    "rating": "10",
    "author": "ooo4****",
    "review_id": "9771867",
    "movie_id": "31914"
  },
  {
    "review": "매우 재미있음 특히 태평양 전쟁을 배경으로해서 흥미있게 봤음",
    "date": "15.02.26",
    "rating": "10",
    "author": "yesi****",
    "review_id": "9739919",
    "movie_id": "31914"
  },
  {
    "review": "평점수호대에서 출동 6.9라니 아니되오",
    "date": "15.02.24",
    "rating": "10",
    "author": "maze****",
    "review_id": "9735467",
    "movie_id": "31914"
  },
  {
    "review": "얼마전 독립영화 10분보다 백배 나은 영화인데 평점이 너무 낮아 10점 만점 드립니다.",
    "date": "15.02.24",
    "rating": "10",
    "author": "wooe****",
    "review_id": "9735423",
    "movie_id": "31914"
  },
  {
    "review": "극장에서 보면서 전쟁씬만은 꽤 즐겼다...",
    "date": "15.02.08",
    "rating": "6",
    "author": "tear****",
    "review_id": "9677797",
    "movie_id": "31914"
  },
  {
    "review": "이정도평점은 아닌데...",
    "date": "15.01.21",
    "rating": "10",
    "author": "alsd****",
    "review_id": "9619699",
    "movie_id": "31914"
  },
  {
    "review": "미군을 영웅 만들려고 갖은 노력을 다하는 별로 대단치 않은 영화",
    "date": "15.01.17",
    "rating": "2",
    "author": "fund****",
    "review_id": "9603675",
    "movie_id": "31914"
  },
  {
    "review": "좋았음요 짠하고...",
    "date": "14.11.24",
    "rating": "10",
    "author": "brst****",
    "review_id": "9418965",
    "movie_id": "31914"
  },
  {
    "review": "이게왜이리 평점이낮지..?",
    "date": "14.10.31",
    "rating": "10",
    "author": "tkar****",
    "review_id": "9331990",
    "movie_id": "31914"
  },
  {
    "review": "전쟁영화치고는 볼만했음.",
    "date": "14.10.30",
    "rating": "7",
    "author": "adiv****",
    "review_id": "9328106",
    "movie_id": "31914"
  },
  {
    "review": "퍙점 왜이리 저조함 진짜 꿀잼영화인데",
    "date": "14.10.05",
    "rating": "10",
    "author": "wmwm****",
    "review_id": "9265623",
    "movie_id": "31914"
  },
  {
    "review": "오우삼에게 이런 능력 까지 있을 줄이야...",
    "date": "14.09.27",
    "rating": "8",
    "author": "lees****",
    "review_id": "9244042",
    "movie_id": "31914"
  },
  {
    "review": "전쟁 소재 영화 치고 다소 임팩트가 약함",
    "date": "14.09.27",
    "rating": "3",
    "author": "jjaj****",
    "review_id": "9243600",
    "movie_id": "31914"
  },
  {
    "review": "그러하다는군 지금 보는데 재밋다는군",
    "date": "14.09.26",
    "rating": "10",
    "author": "disj****",
    "review_id": "9242625",
    "movie_id": "31914"
  },
  {
    "review": "6점대 영화는 아닌데... 평균을 올리기위해",
    "date": "14.09.22",
    "rating": "10",
    "author": "kais****",
    "review_id": "9234317",
    "movie_id": "31914"
  },
  {
    "review": "저도 평점 올리기 동참합니다. 꽤 볼만한 영환데 평점이 왜 이렇죠?",
    "date": "14.09.20",
    "rating": "10",
    "author": "wehe****",
    "review_id": "9227946",
    "movie_id": "31914"
  },
  {
    "review": "어렷을적에 봣던 니콜라스 영화중 한개. 더록만큼은 아니지만 그래도 충분히 재밋엇는데. 어찌 점수가 6.85란말인가. 최소 8점은 받아야되는영화;",
    "date": "14.09.13",
    "rating": "10",
    "author": "skaw****",
    "review_id": "9211133",
    "movie_id": "31914"
  },
  {
    "review": "괜찮은 전쟁영화. 개같은 10자등록",
    "date": "14.09.11",
    "rating": "8",
    "author": "fghy****",
    "review_id": "9203258",
    "movie_id": "31914"
  },
  {
    "review": "오우삼표 영화치고는 전하는 메세지도 많고 전쟁신도 볼만했다.",
    "date": "14.05.29",
    "rating": "9",
    "author": "rand****",
    "review_id": "8773059",
    "movie_id": "31914"
  },
  {
    "review": "소재가 귀했고 고증도 충실했다 평점이 너무 낮아 9점을 준다 다만 감독이 감독인지라 오마쥬 액션이 난무했다",
    "date": "14.05.09",
    "rating": "9",
    "author": "wsco****",
    "review_id": "8717269",
    "movie_id": "31914"
  },
  {
    "review": "사실 평점이낮길래 별기대없이 봤는데 집중해서 논스톱으로 보게될줄은 몰랐네요.재미있네요.",
    "date": "14.01.06",
    "rating": "10",
    "author": "cap1****",
    "review_id": "8354230",
    "movie_id": "31914"
  },
  {
    "review": "일본군이 멍청하개 나온다고 평점 깍는분 봣는대 진짜 일본군은 저짓하며 전쟁햇슴(원래 더심각한대 덜똘구처럼나옴)",
    "date": "13.12.08",
    "rating": "10",
    "author": "qkrd****",
    "review_id": "8200297",
    "movie_id": "31914"
  },
  {
    "review": "통신병을 주인공으로 해서 꽤나 잘만든 수작  전쟁영화인데 6점대는 좀 아니지",
    "date": "13.12.03",
    "rating": "10",
    "author": "yaoy****",
    "review_id": "8187079",
    "movie_id": "31914"
  },
  {
    "review": "인디언의 사상이 윤치호 같은 민족주의자 같아서 싫었다. 아메리카 원주민 학살이나 일본인들이 저지른 학살이나 똑같음",
    "date": "13.11.11",
    "rating": "1",
    "author": "wkhi****",
    "review_id": "8132288",
    "movie_id": "31914"
  },
  {
    "review": "흥미진진한  전쟁 장면이 많이 나와서 그런지 지루하지 않음..",
    "date": "13.11.02",
    "rating": "10",
    "author": "awjs****",
    "review_id": "8110348",
    "movie_id": "31914"
  },
  {
    "review": "이정도의 평점은 아니여서 올리기위해 10점드립니다.",
    "date": "13.07.25",
    "rating": "10",
    "author": "gprl****",
    "review_id": "7782855",
    "movie_id": "31914"
  },
  {
    "review": "톰슨 한자루로 지구를 정복할기세!",
    "date": "13.07.08",
    "rating": "10",
    "author": "ske4****",
    "review_id": "7717043",
    "movie_id": "31914"
  },
  {
    "review": "훌륭해!",
    "date": "13.06.15",
    "rating": "10",
    "author": "jeon****",
    "review_id": "7641615",
    "movie_id": "31914"
  },
  {
    "review": "전쟁신이 좀 홍콩적이지만 이정도면 괜찮은데",
    "date": "13.05.19",
    "rating": "8",
    "author": "marc****",
    "review_id": "7541272",
    "movie_id": "31914"
  },
  {
    "review": "랜만에 다시 봤는데 좀 다르게 보임. 나도 연기가 전쟁영화와는 맞지 않는다는 생각을 했음. 또 초반 20j여분 정도 음악은 삽입하지 않는 편이 나았음. 웅장한 음악으로 너무 억지로 영웅영웅영웅이다 이 OO 하는 것 같아서.. 역시 오우삼.. 별로",
    "date": "13.04.26",
    "rating": "6",
    "author": "wasi****",
    "review_id": "7483629",
    "movie_id": "31914"
  },
  {
    "review": "나름 꽤 볼만한 전쟁영화사이판섬을 소재로 한 1944년6월에 있었던 나바호족암호명 해독이야기.단, 좀 아쉬운게 있다면 전쟁 상황에 맞는 연기력이 약간 어설프다",
    "date": "13.03.28",
    "rating": "9",
    "author": "leew****",
    "review_id": "7417947",
    "movie_id": "31914"
  },
  {
    "review": "이정도 평정 받을 만한 영화는 절대 아닙니다.",
    "date": "13.03.24",
    "rating": "10",
    "author": "cb91****",
    "review_id": "7408794",
    "movie_id": "31914"
  },
  {
    "review": "킬링타임용으로 좋음. 스토리도 괜찬음",
    "date": "13.03.23",
    "rating": "8",
    "author": "gurw****",
    "review_id": "7401520",
    "movie_id": "31914"
  },
  {
    "review": "그래도 괜찮은 영화였다 재미도 있었고",
    "date": "13.03.21",
    "rating": "9",
    "author": "lyb6****",
    "review_id": "7381959",
    "movie_id": "31914"
  },
  {
    "review": "솔직히 평점8점은 되는 영화임",
    "date": "13.02.14",
    "rating": "10",
    "author": "kr10****",
    "review_id": "7262039",
    "movie_id": "31914"
  },
  {
    "review": "내가 본것중 가장 OO같은 전쟁영화. 제발 오우삼은 영화에서 손을 떼라.",
    "date": "13.02.05",
    "rating": "1",
    "author": "hjh7****",
    "review_id": "7228065",
    "movie_id": "31914"
  },
  {
    "review": "토미",
    "date": "13.02.01",
    "rating": "7",
    "author": "sona****",
    "review_id": "7208196",
    "movie_id": "31914"
  },
  {
    "review": "참 사람들하곤 이 정도 영화면 너그럽게 평가좀 해주지 먼 트집을 그리들 잡는지 쩝~",
    "date": "13.01.31",
    "rating": "8",
    "author": "xxju****",
    "review_id": "7200940",
    "movie_id": "31914"
  },
  {
    "review": "연출이 좀 오바스럽지만 이정도 평점 받을 영화는 아니다.",
    "date": "12.12.21",
    "rating": "10",
    "author": "wild****",
    "review_id": "7026817",
    "movie_id": "31914"
  },
  {
    "review": "굿",
    "date": "12.10.28",
    "rating": "10",
    "author": "zaqv****",
    "review_id": "6832681",
    "movie_id": "31914"
  },
  {
    "review": "재미있음...",
    "date": "12.10.15",
    "rating": "8",
    "author": "es10****",
    "review_id": "6804718",
    "movie_id": "31914"
  },
  {
    "review": "평점이 이거밖에 안될영화는 절때 아닌데 최소 7.5 이상",
    "date": "12.09.05",
    "rating": "10",
    "author": "blol****",
    "review_id": "6671048",
    "movie_id": "31914"
  },
  {
    "review": "평점이 왜이리 낮지;; 다른영화들 비교해 보면 최소한 7.5 이상 정도는 될 영화",
    "date": "12.09.01",
    "rating": "9",
    "author": "bara****",
    "review_id": "6661053",
    "movie_id": "31914"
  },
  {
    "review": "전쟁씬이 약한 전쟁영화이나 뭘전할려는지는 알겠다.",
    "date": "12.08.15",
    "rating": "7",
    "author": "aper****",
    "review_id": "6605861",
    "movie_id": "31914"
  },
  {
    "review": "굿",
    "date": "12.08.14",
    "rating": "1",
    "author": "mool****",
    "review_id": "6602221",
    "movie_id": "31914"
  },
  {
    "review": "평점이 너무 낮아서",
    "date": "12.07.22",
    "rating": "8",
    "author": "apne****",
    "review_id": "6514869",
    "movie_id": "31914"
  },
  {
    "review": "전쟁영화",
    "date": "12.07.22",
    "rating": "10",
    "author": "nice****",
    "review_id": "6514439",
    "movie_id": "31914"
  },
  {
    "review": "이걸 보고 눈물이 났었다.",
    "date": "12.07.14",
    "rating": "10",
    "author": "haid****",
    "review_id": "6478491",
    "movie_id": "31914"
  },
  {
    "review": "진짜 나름 괜찮은 영화",
    "date": "12.07.10",
    "rating": "10",
    "author": "mey4****",
    "review_id": "6467385",
    "movie_id": "31914"
  },
  {
    "review": "총질이 좋았다.",
    "date": "12.07.08",
    "rating": "10",
    "author": "wkdg****",
    "review_id": "6459506",
    "movie_id": "31914"
  },
  {
    "review": "평점이 너무 적네",
    "date": "12.06.16",
    "rating": "10",
    "author": "qkrr****",
    "review_id": "6394237",
    "movie_id": "31914"
  },
  {
    "review": "1점은 감정에 메말려진 사람들인가???",
    "date": "12.06.13",
    "rating": "10",
    "author": "iiii****",
    "review_id": "6388698",
    "movie_id": "31914"
  },
  {
    "review": "평점이 너무 낮네",
    "date": "12.06.09",
    "rating": "10",
    "author": "shsh****",
    "review_id": "6379290",
    "movie_id": "31914"
  },
  {
    "review": "평이 낮아서 1번 더 준다",
    "date": "12.06.09",
    "rating": "10",
    "author": "sh15****",
    "review_id": "6379287",
    "movie_id": "31914"
  },
  {
    "review": "진짜 완전 잼있음최고 걸작임막판에 주인공이 죽는데 악플 믿을거못됨 완전 잼있음.",
    "date": "12.06.09",
    "rating": "10",
    "author": "flej****",
    "review_id": "6378374",
    "movie_id": "31914"
  },
  {
    "review": "평점이 너무 낮아요...",
    "date": "12.06.08",
    "rating": "10",
    "author": "nocd****",
    "review_id": "6376517",
    "movie_id": "31914"
  },
  {
    "review": "스케일은 크나, 뭔가 어설프고 현실성 제로. 주인공일행은 무적임",
    "date": "12.03.11",
    "rating": "6",
    "author": "virt****",
    "review_id": "6135576",
    "movie_id": "31914"
  },
  {
    "review": "너무 현실성이 없어",
    "date": "12.03.03",
    "rating": "2",
    "author": "dhwn****",
    "review_id": "6119541",
    "movie_id": "31914"
  },
  {
    "review": "현실성을 좀 말아먹는다만, 케서방 총질은 아주 시원시원 했다.",
    "date": "12.02.29",
    "rating": "7",
    "author": "tjsw****",
    "review_id": "6113060",
    "movie_id": "31914"
  },
  {
    "review": "이거 꽤 재밌던데..평점 왜이럼?",
    "date": "12.01.12",
    "rating": "10",
    "author": "ttt1****",
    "review_id": "5979910",
    "movie_id": "31914"
  },
  {
    "review": "꽤 괜찮게 본영화인데 평점이 왜 이러죠??아이언맨보다 낫다니;;;",
    "date": "12.01.06",
    "rating": "10",
    "author": "logo****",
    "review_id": "5966005",
    "movie_id": "31914"
  },
  {
    "review": "그저그런 전쟁 영화. 다소 지루했다",
    "date": "12.01.04",
    "rating": "4",
    "author": "ligh****",
    "review_id": "5959569",
    "movie_id": "31914"
  },
  {
    "review": "재밌었다",
    "date": "11.12.18",
    "rating": "10",
    "author": "love****",
    "review_id": "5912982",
    "movie_id": "31914"
  },
  {
    "review": "욀케 평점이 낮냐",
    "date": "11.12.18",
    "rating": "10",
    "author": "dc_c****",
    "review_id": "5912978",
    "movie_id": "31914"
  },
  {
    "review": "나름 괜찮은 영화인데",
    "date": "11.12.18",
    "rating": "10",
    "author": "june****",
    "review_id": "5912976",
    "movie_id": "31914"
  },
  {
    "review": "누군가가 그분이 누구시냐고 묻거든, 아버지의 절친한 친구라고 말해드려라.",
    "date": "11.12.10",
    "rating": "9",
    "author": "samm****",
    "review_id": "5897815",
    "movie_id": "31914"
  },
  {
    "review": "그래도 쪽발이 보단 양키가 낫지.. ㅋ",
    "date": "11.10.31",
    "rating": "7",
    "author": "tn99****",
    "review_id": "5820958",
    "movie_id": "31914"
  },
  {
    "review": "일본군이 불쌍하게 느껴지는 영화는 첨이다..",
    "date": "11.10.04",
    "rating": "6",
    "author": "cndb****",
    "review_id": "5770082",
    "movie_id": "31914"
  },
  {
    "review": "태평양판 영웅본색",
    "date": "11.09.04",
    "rating": "4",
    "author": "ccpp****",
    "review_id": "5707388",
    "movie_id": "31914"
  },
  {
    "review": "헐리웃의 오우삼은 역시 매력이 없다",
    "date": "11.09.04",
    "rating": "4",
    "author": "rame****",
    "review_id": "5707386",
    "movie_id": "31914"
  },
  {
    "review": "인디언 출신 동료 병사와의 오글거리는 우정",
    "date": "11.09.04",
    "rating": "4",
    "author": "kpcc****",
    "review_id": "5707385",
    "movie_id": "31914"
  },
  {
    "review": "소재는 괜찮은데 오우삼 손에 걸리니까 이지경이 되는구나..전쟁스럽지가 않음.",
    "date": "11.07.13",
    "rating": "1",
    "author": "leew****",
    "review_id": "5540446",
    "movie_id": "31914"
  },
  {
    "review": "오우삼 감독의 영화를 좋아하기는 하지만 이번 전쟁영화는 솔직히 실망스러웠다.",
    "date": "11.07.09",
    "rating": "4",
    "author": "wkhe****",
    "review_id": "5531886",
    "movie_id": "31914"
  },
  {
    "review": "bob보고 나니 이딴 영화는 3류 같다,,글고 케서방은 잘보면 등산화 신고 있음.",
    "date": "11.07.02",
    "rating": "5",
    "author": "7606****",
    "review_id": "5515746",
    "movie_id": "31914"
  },
  {
    "review": "감동적이고 재미있네요",
    "date": "11.06.26",
    "rating": "10",
    "author": "wwss****",
    "review_id": "5501368",
    "movie_id": "31914"
  },
  {
    "review": "람보적인게 있었지만 풍부한 전투씬이 마음에 든다.",
    "date": "11.05.29",
    "rating": "10",
    "author": "jann****",
    "review_id": "5454288",
    "movie_id": "31914"
  },
  {
    "review": "리얼하고 풍부한 전투씬이 인상적이다.",
    "date": "11.04.22",
    "rating": "7",
    "author": "caca****",
    "review_id": "5387459",
    "movie_id": "31914"
  },
  {
    "review": "홍콩식 전쟁영화. 실망그 자체.",
    "date": "11.04.14",
    "rating": "1",
    "author": "tocg****",
    "review_id": "5372598",
    "movie_id": "31914"
  },
  {
    "review": "볼만함",
    "date": "11.03.17",
    "rating": "8",
    "author": "dndd****",
    "review_id": "5319211",
    "movie_id": "31914"
  },
  {
    "review": "니콜라스 케이지의 엔딩씬 연기는.. 후덜덜..",
    "date": "10.12.16",
    "rating": "10",
    "author": "kkw1****",
    "review_id": "5057022",
    "movie_id": "31914"
  },
  {
    "review": "ㅠ_ㅠ역시 니콜라스케이지!! 재밌네요 굿굿굿^^",
    "date": "10.11.23",
    "rating": "10",
    "author": "vbnm****",
    "review_id": "4983118",
    "movie_id": "31914"
  },
  {
    "review": "니콜라스 케이지는 나름 연기를 펼쳤으나 맞지 않는 옷이었다",
    "date": "10.11.17",
    "rating": "6",
    "author": "cont****",
    "review_id": "4968028",
    "movie_id": "31914"
  },
  {
    "review": "전체적으로 실망스러웠지만 그래도 고증은 괜찮았다..",
    "date": "10.11.08",
    "rating": "5",
    "author": "thra****",
    "review_id": "4945129",
    "movie_id": "31914"
  },
  {
    "review": "전투 장면에서 과장된 장면이 있는듯 하지만 괜찮은 영화다",
    "date": "10.10.20",
    "rating": "10",
    "author": "jm01****",
    "review_id": "4911788",
    "movie_id": "31914"
  },
  {
    "review": "전쟁영화치고 이렇게 전체적으로 어색한 느낌은 오랜만이다 ^^;",
    "date": "10.10.06",
    "rating": "6",
    "author": "foun****",
    "review_id": "4888289",
    "movie_id": "31914"
  },
  {
    "review": "볼만함",
    "date": "10.08.15",
    "rating": "10",
    "author": "jiny****",
    "review_id": "4749878",
    "movie_id": "31914"
  }
]