[
  {
    "review": "도심 질주 장면만 생각난다...ㅡㅡ;; 그거말고 볼게 없는듯",
    "date": "15.07.17",
    "rating": "4",
    "author": "liml****",
    "review_id": "10113712",
    "movie_id": "31916"
  },
  {
    "review": "레이싱이 중심인 영화치곤 주변 이야기나 인물관계 등이 마냥 단순하지만은 않고 나름 풍성. 산만함을 줄 우려도 있었는데 어디까지나 극을 진행시키는 양념 정도의 역할에 충실해서인지 레이싱 자체의 재미를 침범하진 않는다",
    "date": "15.07.09",
    "rating": "7",
    "author": "wjsr****",
    "review_id": "10085426",
    "movie_id": "31916"
  },
  {
    "review": "나름 볼 만 했던 영화. ㅋㅋ",
    "date": "15.06.19",
    "rating": "10",
    "author": "lsh5****",
    "review_id": "10011939",
    "movie_id": "31916"
  },
  {
    "review": "그럭저럭 평단의 평도 괜찮았고 나름 볼만했는데 흥행은 기대이하였던 안타까운 작품. 레이싱에 관심있는분들은 한번쯤 보시길!",
    "date": "15.05.18",
    "rating": "8",
    "author": "gshh****",
    "review_id": "9930547",
    "movie_id": "31916"
  },
  {
    "review": "역시 나와는 안 맞는 코드. 레이싱 영화는 글쎄. 정말 아무 감동도 없는 영화",
    "date": "14.09.14",
    "rating": "1",
    "author": "jjaj****",
    "review_id": "9212939",
    "movie_id": "31916"
  },
  {
    "review": "Beeak down!",
    "date": "14.08.06",
    "rating": "10",
    "author": "wwww****",
    "review_id": "9038179",
    "movie_id": "31916"
  },
  {
    "review": "레이싱 영화의 최고봉임..역시 헐리우드 영화는 최소한 기본 이상은 함..이런 영화를 영화관에서 못본거가 한이네..레니할린 감독이 역시 잘 만듬..요새 개봉해도 손색이 없음.. 충무로 쓰레기 영화보다는 백배 나음..",
    "date": "14.03.15",
    "rating": "10",
    "author": "rhos****",
    "review_id": "8576593",
    "movie_id": "31916"
  },
  {
    "review": "은근슬쩍 밀어붙이는 스토리에 억지스런 감동을 전해주려 하는군...  해가 쨍쨍한데 폭우가 쏟아지는 풍경은 드라마에서나 볼 수 있는줄 알았네...",
    "date": "14.03.10",
    "rating": "5",
    "author": "rotj****",
    "review_id": "8566526",
    "movie_id": "31916"
  },
  {
    "review": "주인공은 너무 건방지고 마치 중2병이라도 걸린 듯 행동한다. 캐릭터는 쓸데없이 많은 반면 이야기는 진부하고 레이싱 장면은 너무 반복적이라 흥미가 떨어진다.",
    "date": "14.01.23",
    "rating": "4",
    "author": "zxc1****",
    "review_id": "8413876",
    "movie_id": "31916"
  },
  {
    "review": "제작과 시나리오까지... 남자냄새 나는 영화지만 감동코드도 있던영화로 기억합니다.",
    "date": "13.10.02",
    "rating": "8",
    "author": "such****",
    "review_id": "8026430",
    "movie_id": "31916"
  },
  {
    "review": "영화 OST 는 진짜 진국",
    "date": "13.09.12",
    "rating": "9",
    "author": "wprk****",
    "review_id": "7970356",
    "movie_id": "31916"
  },
  {
    "review": "레이싱이란 소재를 제외하면 평범한 오락영화이지만 구성이 알차다.",
    "date": "13.07.30",
    "rating": "7",
    "author": "nice****",
    "review_id": "7800150",
    "movie_id": "31916"
  },
  {
    "review": "감동과 레이싱을 좋아하는사람이라면 추천하는 영화",
    "date": "13.05.13",
    "rating": "10",
    "author": "come****",
    "review_id": "7525427",
    "movie_id": "31916"
  },
  {
    "review": "레이싱의 스릴과 약간의 사랑싸움이 소재인 영화인데 그다지 재미있지는 않음.넘 오래된 영화이기도 하지만 스토리가 너무 진부하다. 스포츠 영화의 뻔한 전개와언제나 빠질수 없는 남녀간의 사랑 이벤트가 사이드 스토리로 진행되는.....이",
    "date": "13.03.12",
    "rating": "4",
    "author": "hoon****",
    "review_id": "7342601",
    "movie_id": "31916"
  },
  {
    "review": "실베스타 스탤론 근육을 벗고, 브루스 윌리스 처럼 되고싶었나 보다...나름 그가 연기력있다는것에 대해서는 이견이없고 영화도 꽤나 잘나왔다. 특히 OST는 정말 빼놓을게 없을정도로 좋음",
    "date": "13.02.04",
    "rating": "10",
    "author": "bajj****",
    "review_id": "7222942",
    "movie_id": "31916"
  },
  {
    "review": "남자들의 멋지고 생동감 있는 스피드 경쟁에 눈은 즐겁다",
    "date": "12.12.24",
    "rating": "7",
    "author": "dizi****",
    "review_id": "7038458",
    "movie_id": "31916"
  },
  {
    "review": "한국영화에선 볼수없는영화 그래픽이 조금 서툴렀지만 뛰어난 연출로 채워진다  지금봐도 짜릿하고 현장감있고 영화가 영화다운 드리븐 이였다  후반부 진정한 스포츠맨이된다는것과 웅장하고 엄숙한 음악과함께 결승을치루는과정에서는 보는사람도긴장감이 감돈다...ㅇ",
    "date": "12.12.02",
    "rating": "8",
    "author": "omjj****",
    "review_id": "6962014",
    "movie_id": "31916"
  },
  {
    "review": "스탤론의 팬이지만 이 영화는 그와 어울리지 않는다",
    "date": "12.09.01",
    "rating": "7",
    "author": "mayo****",
    "review_id": "6660039",
    "movie_id": "31916"
  },
  {
    "review": "실제 F1이 이정도였으면 월드컵보다 인기가 많았을게다",
    "date": "12.04.02",
    "rating": "10",
    "author": "bigb****",
    "review_id": "6186769",
    "movie_id": "31916"
  },
  {
    "review": "애송이를 1등 만드는 스토리에 전혀 공감이 안간다. 10년전이라도 그랬을 거다.",
    "date": "11.12.10",
    "rating": "3",
    "author": "hiha****",
    "review_id": "5898560",
    "movie_id": "31916"
  },
  {
    "review": "박진감 넘치는 연출과 그 속에 묻어나는 남자들의 냉혹한 세계의 승부! 멋진 영화.",
    "date": "11.10.15",
    "rating": "7",
    "author": "kuja****",
    "review_id": "5789902",
    "movie_id": "31916"
  },
  {
    "review": "레이싱 경기가 실감나요..그왜에는 ㅜㅜ",
    "date": "11.10.02",
    "rating": "8",
    "author": "fatg****",
    "review_id": "5765798",
    "movie_id": "31916"
  },
  {
    "review": "스토리보단 속도감, 헐리우드식 레이싱 영화의 결정판",
    "date": "11.09.19",
    "rating": "6",
    "author": "reno****",
    "review_id": "5741682",
    "movie_id": "31916"
  },
  {
    "review": "개쩌는 영화 지금봐로 세련된 영상미 굿",
    "date": "11.09.16",
    "rating": "10",
    "author": "reeb****",
    "review_id": "5735256",
    "movie_id": "31916"
  },
  {
    "review": "검나 재밋던데여 ㅋㅋㅋ",
    "date": "11.08.29",
    "rating": "10",
    "author": "qufd****",
    "review_id": "5695944",
    "movie_id": "31916"
  },
  {
    "review": "살아있는 생동감과 스피드.",
    "date": "11.08.28",
    "rating": "7",
    "author": "wlfa****",
    "review_id": "5694799",
    "movie_id": "31916"
  },
  {
    "review": "예전에 재밌게 봤던 기억에 다시 봤는데.. 10년이 지나도 나쁘지 않음",
    "date": "11.08.11",
    "rating": "8",
    "author": "saga****",
    "review_id": "5638480",
    "movie_id": "31916"
  },
  {
    "review": "자동차 경주 영상과 가끔 사고나는 장면을 여러 각도에서 포착한 특수효과만 뛰어나다",
    "date": "11.07.04",
    "rating": "6",
    "author": "wkhe****",
    "review_id": "5522708",
    "movie_id": "31916"
  },
  {
    "review": "스피드의 진리",
    "date": "11.05.12",
    "rating": "8",
    "author": "pree****",
    "review_id": "5423682",
    "movie_id": "31916"
  },
  {
    "review": "1초앞서가면1등,1초만뒤쳐져도꼴등인,승부사들이경기를포기하고힘을합쳐인명구조를?",
    "date": "11.02.19",
    "rating": "1",
    "author": "baks****",
    "review_id": "5255774",
    "movie_id": "31916"
  },
  {
    "review": "스피드만 느낍시다",
    "date": "11.01.11",
    "rating": "8",
    "author": "dskh****",
    "review_id": "5149583",
    "movie_id": "31916"
  },
  {
    "review": "솔직히....그냥.아무생각이 달리는것도 꽤나 잼있을수도 있다..이영화도.그럴지도.",
    "date": "11.01.02",
    "rating": "7",
    "author": "airk****",
    "review_id": "5114758",
    "movie_id": "31916"
  },
  {
    "review": "정말 재밌음... 평점 왜이런지 모르겠네",
    "date": "10.09.21",
    "rating": "10",
    "author": "didg****",
    "review_id": "4855518",
    "movie_id": "31916"
  },
  {
    "review": "여러 장면들을 억지로 끼워 맞춘 느낌.",
    "date": "10.09.17",
    "rating": "4",
    "author": "jcr3****",
    "review_id": "4840907",
    "movie_id": "31916"
  },
  {
    "review": "어설픈스토리와 삼류멜로에 흥미잃은 레이싱, 감흥없는 배우들의 연기",
    "date": "10.05.01",
    "rating": "2",
    "author": "goms****",
    "review_id": "4469328",
    "movie_id": "31916"
  },
  {
    "review": "디 워와 이 영화의 공통점 - 액션이라는 근육질에 스토리 없는 골 빈 영화들",
    "date": "09.08.06",
    "rating": "3",
    "author": "sesa****",
    "review_id": "3715960",
    "movie_id": "31916"
  },
  {
    "review": "생각없이 달리고 싶다면",
    "date": "09.07.30",
    "rating": "5",
    "author": "bbq2****",
    "review_id": "3684402",
    "movie_id": "31916"
  },
  {
    "review": "스포츠 영화의 장점은 있는 그대로 감동을 전달한다는 것이다~ 스텔론짱 ^^",
    "date": "09.07.27",
    "rating": "8",
    "author": "na00****",
    "review_id": "3671549",
    "movie_id": "31916"
  },
  {
    "review": "시간가는 줄 몰랐네. 최고의 영화!!",
    "date": "09.07.26",
    "rating": "10",
    "author": "ggap****",
    "review_id": "3670552",
    "movie_id": "31916"
  },
  {
    "review": "포뮬러의현장과느낌을고스란히가져온수작.",
    "date": "09.06.21",
    "rating": "10",
    "author": "raos****",
    "review_id": "3579243",
    "movie_id": "31916"
  },
  {
    "review": "볼만하다 적절한감동 적절한긴장감",
    "date": "09.06.14",
    "rating": "7",
    "author": "wjdg****",
    "review_id": "3565049",
    "movie_id": "31916"
  },
  {
    "review": "영화계의 사이버포뮬러. 군더더기없이 깔끔한 느낌. so cool한 영화!",
    "date": "09.05.11",
    "rating": "10",
    "author": "anob****",
    "review_id": "3488484",
    "movie_id": "31916"
  },
  {
    "review": "재밌게봤음",
    "date": "09.05.08",
    "rating": "10",
    "author": "jkh0****",
    "review_id": "3480272",
    "movie_id": "31916"
  },
  {
    "review": "엄청난 속도감乃 117분동안 카레이서가된 기분이었음",
    "date": "09.05.02",
    "rating": "10",
    "author": "love****",
    "review_id": "3459737",
    "movie_id": "31916"
  },
  {
    "review": "영화내내 스텔론의 록키모드가 나오지 않을까 싶어서 조마조마 헀다.",
    "date": "09.04.21",
    "rating": "9",
    "author": "skel****",
    "review_id": "3433023",
    "movie_id": "31916"
  },
  {
    "review": "영화도 좋치만 ost도 죽여준다~  BT-Satellite 안들어 봤으면 말을 하지마요~",
    "date": "09.04.19",
    "rating": "9",
    "author": "newc****",
    "review_id": "3429723",
    "movie_id": "31916"
  },
  {
    "review": "2001년도 제작된 영화라고는 믿기지않는 영상과 cg... 콧노래듣고서 흥분하긴처음..",
    "date": "09.04.17",
    "rating": "10",
    "author": "spor****",
    "review_id": "3426230",
    "movie_id": "31916"
  },
  {
    "review": "눈이 즐겁다",
    "date": "09.03.27",
    "rating": "6",
    "author": "leh0****",
    "review_id": "3390665",
    "movie_id": "31916"
  },
  {
    "review": "정말 긴장감 고조에 남자들의 의리가 돋보이는 영화다.",
    "date": "09.03.10",
    "rating": "10",
    "author": "taes****",
    "review_id": "3357903",
    "movie_id": "31916"
  },
  {
    "review": "완전 뻔한 스토리의 잘만든 오락영화",
    "date": "09.01.15",
    "rating": "8",
    "author": "maza****",
    "review_id": "3222803",
    "movie_id": "31916"
  },
  {
    "review": "재미있죠..",
    "date": "09.01.08",
    "rating": "9",
    "author": "rkd2****",
    "review_id": "3201286",
    "movie_id": "31916"
  },
  {
    "review": "속도감외에도 즐길게 있는 영화",
    "date": "09.01.04",
    "rating": "8",
    "author": "mtbc****",
    "review_id": "3187797",
    "movie_id": "31916"
  },
  {
    "review": "볼만함~~ㅋㅋㅋ지ㅁ ㅣ멋이땅ㅋㅋ",
    "date": "09.01.02",
    "rating": "9",
    "author": "hyej****",
    "review_id": "3176744",
    "movie_id": "31916"
  },
  {
    "review": "이영화 노래가 종은데? 태프사다?",
    "date": "08.12.12",
    "rating": "10",
    "author": "a197****",
    "review_id": "3110316",
    "movie_id": "31916"
  },
  {
    "review": "스탤론의 무게감과, 포뮬러 레이싱은 단연 최고다",
    "date": "08.10.06",
    "rating": "8",
    "author": "yjo4****",
    "review_id": "2985494",
    "movie_id": "31916"
  },
  {
    "review": "흥미진진한 레이싱영화 레이스에 중요한건 스피드만이 아니라는걸 보여주는 작품",
    "date": "08.09.12",
    "rating": "9",
    "author": "dndr****",
    "review_id": "2937736",
    "movie_id": "31916"
  },
  {
    "review": "강추 소장용,어설픈 CG가 거슬리긴했다.만화같은 흥미진진",
    "date": "08.08.02",
    "rating": "10",
    "author": "cans****",
    "review_id": "2827890",
    "movie_id": "31916"
  },
  {
    "review": "차라리 사이버 포뮬러가 더 재밌음..ㅋ",
    "date": "08.07.28",
    "rating": "5",
    "author": "1pim****",
    "review_id": "2809881",
    "movie_id": "31916"
  },
  {
    "review": "레니할린의 레이싱 영화 걸작까지는 아니라도 볼만은 하다",
    "date": "08.05.14",
    "rating": "7",
    "author": "deff****",
    "review_id": "2641033",
    "movie_id": "31916"
  },
  {
    "review": "시원하게 따뜻하게",
    "date": "08.05.13",
    "rating": "8",
    "author": "krpa****",
    "review_id": "2639019",
    "movie_id": "31916"
  },
  {
    "review": "만화같긴 하지만 자동차가 주인공인 녀석들보다 훨씬 재미있고 성실하다.",
    "date": "08.03.15",
    "rating": "7",
    "author": "tori****",
    "review_id": "2520936",
    "movie_id": "31916"
  },
  {
    "review": "아주 좋음!",
    "date": "08.01.19",
    "rating": "10",
    "author": "saro****",
    "review_id": "2344920",
    "movie_id": "31916"
  },
  {
    "review": "스릴러는 모야...괜찮은 드라마^^",
    "date": "08.01.17",
    "rating": "8",
    "author": "vvst****",
    "review_id": "2340973",
    "movie_id": "31916"
  },
  {
    "review": "영화의 내용은 그렇다쳐도 레이싱 영화에 박진감마저 찾아볼수 없었다",
    "date": "08.01.12",
    "rating": "3",
    "author": "engm****",
    "review_id": "2320603",
    "movie_id": "31916"
  },
  {
    "review": "속도를 경쟁하는 스포츠가 \"속도\"가 전부가 아님을 느끼게 하는 영화.",
    "date": "08.01.11",
    "rating": "7",
    "author": "eulo****",
    "review_id": "2317572",
    "movie_id": "31916"
  },
  {
    "review": "good",
    "date": "08.01.02",
    "rating": "10",
    "author": "good****",
    "review_id": "2290453",
    "movie_id": "31916"
  },
  {
    "review": "재미있게 잘 봤습니다.",
    "date": "07.12.27",
    "rating": "7",
    "author": "herc****",
    "review_id": "2272830",
    "movie_id": "31916"
  },
  {
    "review": "크레딧이 올라가면 시속 400km로 잊혀지는 영화",
    "date": "07.11.15",
    "rating": "4",
    "author": "ques****",
    "review_id": "2153159",
    "movie_id": "31916"
  },
  {
    "review": "많이아쉽다",
    "date": "07.10.26",
    "rating": "6",
    "author": "pksj****",
    "review_id": "2112598",
    "movie_id": "31916"
  },
  {
    "review": "좀 황당한 설정이 많다",
    "date": "07.10.19",
    "rating": "6",
    "author": "eeec****",
    "review_id": "2098623",
    "movie_id": "31916"
  },
  {
    "review": "시가질주씬만은 머리가 쭈빗쭈빗선다",
    "date": "07.10.02",
    "rating": "8",
    "author": "gfun****",
    "review_id": "2065516",
    "movie_id": "31916"
  },
  {
    "review": "극적 요소는 부족하나 스피드만을 즐기기엔 만족스럽다",
    "date": "07.09.30",
    "rating": "8",
    "author": "vhzm****",
    "review_id": "2061143",
    "movie_id": "31916"
  },
  {
    "review": "나름스릴있는...",
    "date": "07.09.29",
    "rating": "7",
    "author": "thdg****",
    "review_id": "2058762",
    "movie_id": "31916"
  },
  {
    "review": "우와  잼있네.",
    "date": "07.08.08",
    "rating": "10",
    "author": "zjvl****",
    "review_id": "1904016",
    "movie_id": "31916"
  },
  {
    "review": "시가질주 짱",
    "date": "07.08.03",
    "rating": "9",
    "author": "pals****",
    "review_id": "1863276",
    "movie_id": "31916"
  },
  {
    "review": "한마디로 스피디!!!!",
    "date": "07.08.03",
    "rating": "10",
    "author": "krho****",
    "review_id": "1863211",
    "movie_id": "31916"
  },
  {
    "review": "이 정도면 굿이죠~!!",
    "date": "07.07.14",
    "rating": "9",
    "author": "acen****",
    "review_id": "1775809",
    "movie_id": "31916"
  },
  {
    "review": "본후 기분 좋은 만족감! 남자들의 속도에 대한 갈망! 레이서들의 우정!",
    "date": "07.07.03",
    "rating": "10",
    "author": "dbst****",
    "review_id": "1744770",
    "movie_id": "31916"
  },
  {
    "review": "poison well음악과함께..포뮬러카 시가지의미친질주!! 잊을수없다。",
    "date": "07.07.01",
    "rating": "7",
    "author": "dhkq****",
    "review_id": "1735604",
    "movie_id": "31916"
  },
  {
    "review": "이 영화의 스피드를 따라갈 영화는 아직도 드물다!",
    "date": "07.06.30",
    "rating": "10",
    "author": "nava****",
    "review_id": "1733583",
    "movie_id": "31916"
  },
  {
    "review": "스피드에 반하지만 너무 단순한 이야기.",
    "date": "07.05.27",
    "rating": "8",
    "author": "taeg****",
    "review_id": "1666676",
    "movie_id": "31916"
  },
  {
    "review": "정말 재밋다. 이런 명작을 영화관에서 못본게 한이네..강추",
    "date": "07.05.22",
    "rating": "10",
    "author": "rhoh****",
    "review_id": "1650468",
    "movie_id": "31916"
  },
  {
    "review": "10번은 본 듯..드리븐2는 집어던졌다 ㅅㅂ",
    "date": "07.04.24",
    "rating": "10",
    "author": "spri****",
    "review_id": "1604027",
    "movie_id": "31916"
  },
  {
    "review": "추천!!",
    "date": "07.04.15",
    "rating": "10",
    "author": "twen****",
    "review_id": "1590145",
    "movie_id": "31916"
  },
  {
    "review": "재밋다  결말도 쌍콤하구ㅋㅋ",
    "date": "07.04.05",
    "rating": "10",
    "author": "choc****",
    "review_id": "1572869",
    "movie_id": "31916"
  },
  {
    "review": "빠르다 그것만으로 충분히 우린 흥분할수 있다",
    "date": "07.03.06",
    "rating": "10",
    "author": "team****",
    "review_id": "1521835",
    "movie_id": "31916"
  },
  {
    "review": "아따, 좋습니다:-)",
    "date": "07.02.25",
    "rating": "9",
    "author": "scho****",
    "review_id": "1501288",
    "movie_id": "31916"
  },
  {
    "review": "속도감은 괜찮았다.",
    "date": "07.02.13",
    "rating": "7",
    "author": "seun****",
    "review_id": "1467046",
    "movie_id": "31916"
  },
  {
    "review": "진짜 스릴있다 ㅋㅋ강추영화",
    "date": "07.01.25",
    "rating": "10",
    "author": "zoll****",
    "review_id": "1413374",
    "movie_id": "31916"
  },
  {
    "review": "스탤론의 두꺼운 음색ㅋ",
    "date": "07.01.25",
    "rating": "7",
    "author": "myja****",
    "review_id": "1411869",
    "movie_id": "31916"
  },
  {
    "review": "레이싱영화 중 젤 낳다",
    "date": "07.01.23",
    "rating": "9",
    "author": "terb****",
    "review_id": "1407230",
    "movie_id": "31916"
  },
  {
    "review": "남자라서 기본점수만 주고 들어갑니다",
    "date": "07.01.15",
    "rating": "5",
    "author": "nala****",
    "review_id": "1387481",
    "movie_id": "31916"
  },
  {
    "review": "남자라면,, 기본적으로 5점은 주고 들어가는 영화",
    "date": "07.01.14",
    "rating": "7",
    "author": "uyum****",
    "review_id": "1385031",
    "movie_id": "31916"
  },
  {
    "review": "짜릿한 레이싱의 속도감과 스탤런의 느릿한 말투(훈계)의 부조화",
    "date": "07.01.13",
    "rating": "8",
    "author": "wind****",
    "review_id": "1379690",
    "movie_id": "31916"
  },
  {
    "review": "스피드..박진감..무한질주..화려한영상.. 기대이상의 영화!",
    "date": "07.01.11",
    "rating": "9",
    "author": "nher****",
    "review_id": "1373716",
    "movie_id": "31916"
  },
  {
    "review": "재밋게 봤따 ㅋㅋ 레이싱영화중 가장 잘 만들어 진것 같다.",
    "date": "07.01.04",
    "rating": "10",
    "author": "qkrt****",
    "review_id": "1356017",
    "movie_id": "31916"
  },
  {
    "review": "눈을사로잡는 매력적인 영화.근데 만들다 만듯한 이 느낌은 뭐지",
    "date": "07.01.02",
    "rating": "6",
    "author": "naeg****",
    "review_id": "1350482",
    "movie_id": "31916"
  },
  {
    "review": "레이싱의 스릴감을 잘 표현한듯",
    "date": "06.12.19",
    "rating": "8",
    "author": "ppp0****",
    "review_id": "1305800",
    "movie_id": "31916"
  },
  {
    "review": "화끈한 스피드와 스포츠맨들의 끈끈한 동료애!!",
    "date": "06.11.26",
    "rating": "8",
    "author": "iceb****",
    "review_id": "1251578",
    "movie_id": "31916"
  },
  {
    "review": "허머 탠토~",
    "date": "06.10.04",
    "rating": "10",
    "author": "zech****",
    "review_id": "1160769",
    "movie_id": "31916"
  }
]