[
  {
    "review": "잘만들었다 지루하지도않고",
    "date": "15.05.05",
    "rating": "9",
    "author": "xx41****",
    "review_id": "9895560",
    "movie_id": "31915"
  },
  {
    "review": "훨씬 드라마틱했으며, 보다 진보적이었고, 정말 빠르고 강했던 영웅을 헐리우드 흥행물 한 편에 다 담긴 역시 무리였겠지.",
    "date": "14.11.23",
    "rating": "7",
    "author": "tear****",
    "review_id": "9412684",
    "movie_id": "31915"
  },
  {
    "review": "다른 걸 떠나서 좀 지루하다는 점",
    "date": "14.09.02",
    "rating": "4",
    "author": "jjaj****",
    "review_id": "9154859",
    "movie_id": "31915"
  },
  {
    "review": "알리에대한 이야기를 정말 잘표현 했네요",
    "date": "14.05.30",
    "rating": "10",
    "author": "dbsr****",
    "review_id": "8777784",
    "movie_id": "31915"
  },
  {
    "review": "알리의 삶을 얘기하기에는 너무 짧은 시간이 아닌가...사람이 아는 부분만 얘기하기에,  그의 삶은 너무 다채러웠었음을 표현하기에 영화가 다 담지 못 하는 것 같아 아쉬움이 남는다.",
    "date": "14.01.27",
    "rating": "10",
    "author": "drea****",
    "review_id": "8436808",
    "movie_id": "31915"
  },
  {
    "review": "좋다..근데 너무 길다.",
    "date": "13.12.02",
    "rating": "5",
    "author": "vedd****",
    "review_id": "8184076",
    "movie_id": "31915"
  },
  {
    "review": "경기를  하는장면들이 실제장면을 떠올리게 할정도로 정말 좋았습니다. 그리고 조금이나마 알리에 대해서 알고보면 흥미있게 보게될 것 같습니다",
    "date": "13.07.19",
    "rating": "10",
    "author": "leem****",
    "review_id": "7759506",
    "movie_id": "31915"
  },
  {
    "review": "감동",
    "date": "13.05.07",
    "rating": "8",
    "author": "kda2****",
    "review_id": "7514329",
    "movie_id": "31915"
  },
  {
    "review": "마이클 만 (스크린을)나비처럼 날아서 (관객을) 벌처럼 쏘다.어릴때,나를 완전 매혹시켰던 영화 라스트 모히칸의감독.알 파치노,로버트 드니로,발 킬머까지  캐스팅한 히트도,죽임.레드 드래곤도 걸작이지.마이애미 바이스도 수작임.걘적으로 너무 좋아하는 양반",
    "date": "12.12.18",
    "rating": "10",
    "author": "baks****",
    "review_id": "7014766",
    "movie_id": "31915"
  },
  {
    "review": "줄거리가 스포...??",
    "date": "12.10.20",
    "rating": "9",
    "author": "ryuh****",
    "review_id": "6816309",
    "movie_id": "31915"
  },
  {
    "review": "졸려 =_= 1점도 아깝다 -5점",
    "date": "12.07.14",
    "rating": "1",
    "author": "dica****",
    "review_id": "6480022",
    "movie_id": "31915"
  },
  {
    "review": "Very good!",
    "date": "11.11.07",
    "rating": "9",
    "author": "nost****",
    "review_id": "5834795",
    "movie_id": "31915"
  },
  {
    "review": "모든 이유는 감독이다. 알리는 실험!!",
    "date": "11.04.27",
    "rating": "3",
    "author": "yaky****",
    "review_id": "5394639",
    "movie_id": "31915"
  },
  {
    "review": "알리의 삶에 대해 약간의 지식을 가지고 본다면 훨씬 재미있게 다가온다.",
    "date": "11.02.15",
    "rating": "8",
    "author": "mari****",
    "review_id": "5246529",
    "movie_id": "31915"
  },
  {
    "review": "7점은 좀 아쉽고 8점 정도",
    "date": "10.12.10",
    "rating": "10",
    "author": "stun****",
    "review_id": "5042736",
    "movie_id": "31915"
  },
  {
    "review": "배우는최곤데 감독이... 영",
    "date": "10.09.21",
    "rating": "10",
    "author": "rnal****",
    "review_id": "4852537",
    "movie_id": "31915"
  },
  {
    "review": "모든걸 떠나서 감동과 재미가 없이 지루했다.",
    "date": "10.02.07",
    "rating": "10",
    "author": "bajj****",
    "review_id": "4255956",
    "movie_id": "31915"
  },
  {
    "review": "무슬림 알리의 인생과 말콤 X 등 주변 인물을 더하지도 덜하지도 않게 그린 영화",
    "date": "10.01.28",
    "rating": "8",
    "author": "jnlu****",
    "review_id": "4215962",
    "movie_id": "31915"
  },
  {
    "review": "알리가 되기엔 너무먼 당신",
    "date": "10.01.21",
    "rating": "5",
    "author": "tjsd****",
    "review_id": "4195463",
    "movie_id": "31915"
  },
  {
    "review": "쪼금지루하다 그러나 알리의 흑인으로서의삶과 복서로서의 삶을 모두다 보여준 영화^^",
    "date": "09.12.30",
    "rating": "10",
    "author": "rrj0****",
    "review_id": "4109322",
    "movie_id": "31915"
  },
  {
    "review": "마이클만  과대평가 감독",
    "date": "09.12.03",
    "rating": "1",
    "author": "tjft****",
    "review_id": "4012495",
    "movie_id": "31915"
  },
  {
    "review": "좋은 인물과 소재를 감독나부랭이가 망쳤다",
    "date": "09.11.07",
    "rating": "1",
    "author": "tjsd****",
    "review_id": "3942021",
    "movie_id": "31915"
  },
  {
    "review": "감히 말한다. 조 프레이져가 더 위대하다",
    "date": "09.09.30",
    "rating": "10",
    "author": "ohso****",
    "review_id": "3862797",
    "movie_id": "31915"
  },
  {
    "review": "감히 말한다.별로다.",
    "date": "09.09.30",
    "rating": "6",
    "author": "dlwo****",
    "review_id": "3861922",
    "movie_id": "31915"
  },
  {
    "review": "알리를 단지 복싱챔프로 알고본 사람들에겐 수면제영화. 권투에 촟점을 줬더라면..",
    "date": "09.09.29",
    "rating": "9",
    "author": "goqu****",
    "review_id": "3859669",
    "movie_id": "31915"
  },
  {
    "review": "윌스미스의 알리 완벽 재현. 이보다 완벽할 수는 없다! 마이클만의 연출이 돋보임.",
    "date": "09.09.19",
    "rating": "10",
    "author": "haha****",
    "review_id": "3838962",
    "movie_id": "31915"
  },
  {
    "review": "짧은 시간에 많은 것을 표현은 무리였지만 알리의 일대기로선 훌륭했습니다.",
    "date": "09.01.08",
    "rating": "10",
    "author": "suwo****",
    "review_id": "3201253",
    "movie_id": "31915"
  },
  {
    "review": "위대한 파이터이자 철학가 알리!! 진심으로 존경한다.",
    "date": "08.12.31",
    "rating": "10",
    "author": "kjsg****",
    "review_id": "3170466",
    "movie_id": "31915"
  },
  {
    "review": "진짜재밋음 윌스미스 노력하는거랑ㅋ",
    "date": "08.12.20",
    "rating": "10",
    "author": "iris****",
    "review_id": "3132038",
    "movie_id": "31915"
  },
  {
    "review": "많은걸 보여주고 싶은데 어떤부분은 하다만 이야기처럼되어버렸다",
    "date": "08.11.09",
    "rating": "7",
    "author": "pth3****",
    "review_id": "3041410",
    "movie_id": "31915"
  },
  {
    "review": "마이클만의 작품에 걸맞지 않게 시종일관 지루했다",
    "date": "08.10.26",
    "rating": "7",
    "author": "ichk****",
    "review_id": "3020239",
    "movie_id": "31915"
  },
  {
    "review": "알리는 원래 인생이 영화였다",
    "date": "08.10.25",
    "rating": "9",
    "author": "bbq2****",
    "review_id": "3017618",
    "movie_id": "31915"
  },
  {
    "review": "알리의 열정보다는 윌스미스의 열정만 넘쳤던...",
    "date": "08.07.12",
    "rating": "5",
    "author": "meth****",
    "review_id": "2756751",
    "movie_id": "31915"
  },
  {
    "review": "인생은 봐주느거 없어",
    "date": "08.01.16",
    "rating": "8",
    "author": "ryuz****",
    "review_id": "2336766",
    "movie_id": "31915"
  },
  {
    "review": "몸무게 105kg까지 늘린 '윌 스미스'의 열정을 느낄 수 있는 영화",
    "date": "07.12.12",
    "rating": "10",
    "author": "mash****",
    "review_id": "2225406",
    "movie_id": "31915"
  },
  {
    "review": "그닥",
    "date": "07.11.11",
    "rating": "7",
    "author": "pksj****",
    "review_id": "2145312",
    "movie_id": "31915"
  },
  {
    "review": "머리는 끄덕거리는데 가슴은 뛰지 않는다",
    "date": "07.11.10",
    "rating": "4",
    "author": "okjo****",
    "review_id": "2142976",
    "movie_id": "31915"
  },
  {
    "review": "이야기를밀어붙이는힘이약하지만음악하나는굿!",
    "date": "07.11.03",
    "rating": "7",
    "author": "mana****",
    "review_id": "2130971",
    "movie_id": "31915"
  },
  {
    "review": "10점짜리영화길기대하면서 볼거야",
    "date": "07.10.24",
    "rating": "10",
    "author": "infe****",
    "review_id": "2109564",
    "movie_id": "31915"
  },
  {
    "review": "인종,종교,복싱의 적절한 조합",
    "date": "07.10.04",
    "rating": "8",
    "author": "lllm****",
    "review_id": "2071309",
    "movie_id": "31915"
  },
  {
    "review": "날 떨게 만드는 상대에게는 속마음을 숨겨. 그리고 주먹을던져. 난 남자기 때문에",
    "date": "07.10.02",
    "rating": "9",
    "author": "asun****",
    "review_id": "2066053",
    "movie_id": "31915"
  },
  {
    "review": "151분이라는 러닝타임이 부담스럽다",
    "date": "07.09.29",
    "rating": "6",
    "author": "ghos****",
    "review_id": "2059460",
    "movie_id": "31915"
  },
  {
    "review": "같이 보러간 사람한테 얼마나 미안하던지....",
    "date": "07.08.15",
    "rating": "4",
    "author": "gini****",
    "review_id": "1942532",
    "movie_id": "31915"
  },
  {
    "review": "윌 스미스 다시 봤다 ^^ 좋은데...",
    "date": "07.07.07",
    "rating": "6",
    "author": "zito****",
    "review_id": "1752426",
    "movie_id": "31915"
  },
  {
    "review": "소재는 좋았는데..",
    "date": "07.05.19",
    "rating": "2",
    "author": "moon****",
    "review_id": "1645863",
    "movie_id": "31915"
  },
  {
    "review": "나비처럼 날아 벌처럼 쏘지못한 축처진 연출",
    "date": "07.04.07",
    "rating": "6",
    "author": "oklo****",
    "review_id": "1576502",
    "movie_id": "31915"
  },
  {
    "review": "알리의 삶을 잘 표현하지 못했다.프레이저 인물묘사도 영..",
    "date": "07.01.10",
    "rating": "2",
    "author": "ppp0****",
    "review_id": "1372391",
    "movie_id": "31915"
  },
  {
    "review": "너무 무겁다. 알리처럼 위트있고 경쾌해야 되는거 아닌가.",
    "date": "06.12.08",
    "rating": "4",
    "author": "bepl****",
    "review_id": "1274509",
    "movie_id": "31915"
  },
  {
    "review": "이영화에 한국인이 나온다는건 나밖에 모른다",
    "date": "06.08.15",
    "rating": "6",
    "author": "thep****",
    "review_id": "1038195",
    "movie_id": "31915"
  },
  {
    "review": "너무 안전하게 간 듯....",
    "date": "06.08.15",
    "rating": "7",
    "author": "litl****",
    "review_id": "1034458",
    "movie_id": "31915"
  },
  {
    "review": "권투선수 알리가 아닌 인간 무하마드 알리를 조명한 작품!",
    "date": "06.01.28",
    "rating": "8",
    "author": "mcps****",
    "review_id": "627549",
    "movie_id": "31915"
  },
  {
    "review": "글쎄 어울리지 않는걸",
    "date": "05.12.24",
    "rating": "7",
    "author": "kws7****",
    "review_id": "525827",
    "movie_id": "31915"
  },
  {
    "review": "잠자기에 충분한 영화",
    "date": "05.11.05",
    "rating": "4",
    "author": "dizz****",
    "review_id": "465084",
    "movie_id": "31915"
  },
  {
    "review": "너무 모범적인 연출에 그 알리가 느껴지지 않는다",
    "date": "05.08.05",
    "rating": "7",
    "author": "real****",
    "review_id": "353150",
    "movie_id": "31915"
  },
  {
    "review": "확실한 건 윌 스미스가 소화한 알리는 멋지다는 것이다.",
    "date": "05.07.31",
    "rating": "8",
    "author": "jcr3****",
    "review_id": "343399",
    "movie_id": "31915"
  },
  {
    "review": "알리의 ~ 생생함... 좋아",
    "date": "05.07.30",
    "rating": "8",
    "author": "good****",
    "review_id": "343083",
    "movie_id": "31915"
  },
  {
    "review": "윌 스미스의 연기변신 성공으로도 별하나 추가",
    "date": "05.04.20",
    "rating": "6",
    "author": "si2p****",
    "review_id": "263199",
    "movie_id": "31915"
  },
  {
    "review": "알리 모습 위에 윌 스미스 코믹적 모습이 오버랩. ost가 좋다.",
    "date": "05.02.24",
    "rating": "7",
    "author": "kimj****",
    "review_id": "228729",
    "movie_id": "31915"
  },
  {
    "review": "윌스미스도 멋있었고, 꽤나 괜찮았던 영화.",
    "date": "05.01.31",
    "rating": "8",
    "author": "spag****",
    "review_id": "202145",
    "movie_id": "31915"
  },
  {
    "review": "쩝 실망..",
    "date": "04.12.26",
    "rating": "3",
    "author": "lawo****",
    "review_id": "170281",
    "movie_id": "31915"
  },
  {
    "review": "많이 실망..",
    "date": "04.12.06",
    "rating": "1",
    "author": "minc****",
    "review_id": "157858",
    "movie_id": "31915"
  },
  {
    "review": "알리를 깊이있게 파고들지는 못했다..",
    "date": "04.10.20",
    "rating": "6",
    "author": "thin****",
    "review_id": "129361",
    "movie_id": "31915"
  },
  {
    "review": "y2k1945sun 신고",
    "date": "04.10.15",
    "rating": "10",
    "author": "gun_****",
    "review_id": "126163",
    "movie_id": "31915"
  },
  {
    "review": "가장 미국적이지 않은 인물이 행한 가장 미국적인 인간승리.",
    "date": "04.10.04",
    "rating": "10",
    "author": "dudo****",
    "review_id": "120137",
    "movie_id": "31915"
  },
  {
    "review": "알리를 모욕한 영화다..",
    "date": "04.08.01",
    "rating": "1",
    "author": "y2k1****",
    "review_id": "81231",
    "movie_id": "31915"
  },
  {
    "review": "뭐라 말할것도 없다. 보면 명작이라고 저절로 튀어나오는 말!",
    "date": "04.07.12",
    "rating": "10",
    "author": "kjhg****",
    "review_id": "69618",
    "movie_id": "31915"
  },
  {
    "review": "너무 잼있어서 다운받으려고 하는데 암두 없내",
    "date": "04.06.28",
    "rating": "9",
    "author": "ggg3****",
    "review_id": "62231",
    "movie_id": "31915"
  },
  {
    "review": "자유가 뭔지 꼭 봐야 하는 영화",
    "date": "04.06.20",
    "rating": "10",
    "author": "rain****",
    "review_id": "57671",
    "movie_id": "31915"
  },
  {
    "review": "아름다운 영화. 본다면 삭제가 안된 완전판을 권하고 싶다.",
    "date": "04.06.18",
    "rating": "10",
    "author": "mani****",
    "review_id": "56294",
    "movie_id": "31915"
  },
  {
    "review": "알리에 대해서 다시 한번 생각해준 영화입니다.",
    "date": "04.06.03",
    "rating": "9",
    "author": "kbsu****",
    "review_id": "49163",
    "movie_id": "31915"
  },
  {
    "review": "멋진 영화다!!",
    "date": "04.04.05",
    "rating": "9",
    "author": "sim0****",
    "review_id": "34071",
    "movie_id": "31915"
  }
]