[
  {
    "review": "소름돋....ㅠㅠ....",
    "date": "15.08.24",
    "rating": "8",
    "author": "ij87****",
    "review_id": "10270096",
    "movie_id": "31913"
  },
  {
    "review": "몽환적인 영화 여운도 길다",
    "date": "15.08.23",
    "rating": "10",
    "author": "hyun****",
    "review_id": "10267340",
    "movie_id": "31913"
  },
  {
    "review": "원작을 충실하게 재현했다는 헐리우드산 리메이크작으로 톰크루즈와 페넬로페 크루즈의 로맨틱한 사랑이 돋보이는 영화다. 더군다나 멜로물인데도 주제의식이 부여되어있고 공상과학적인 요소까지 들어가 있어서 보는내내 아리송함을 느꼈지만 결론이 너무나 멋졌다.",
    "date": "15.08.17",
    "rating": "9",
    "author": "jwbj****",
    "review_id": "10244692",
    "movie_id": "31913"
  },
  {
    "review": "떠나간 사랑은 미련없이 잊어버리자",
    "date": "15.08.09",
    "rating": "8",
    "author": "newj****",
    "review_id": "10208819",
    "movie_id": "31913"
  },
  {
    "review": "원작 오픈유어아이즈 보다 감각적이고 눈과 귀가 즐거운 영화",
    "date": "15.08.08",
    "rating": "9",
    "author": "byul****",
    "review_id": "10203845",
    "movie_id": "31913"
  },
  {
    "review": "잘 만들어진 영화지만 나는 공포영화를 본 기분이다. 재미없어서가 아니라 기분이 나쁨.",
    "date": "15.08.04",
    "rating": "6",
    "author": "dkdl****",
    "review_id": "10182656",
    "movie_id": "31913"
  },
  {
    "review": "반전 오브 반전 마지막 라스트 반전씬은 명장면!!! 지금 나와도 전혀 꿀리지 않을 영화!!!",
    "date": "15.07.30",
    "rating": "10",
    "author": "robo****",
    "review_id": "10160757",
    "movie_id": "31913"
  },
  {
    "review": "이야.. 상상도 못한 반전으로 결말지어지네.",
    "date": "15.07.27",
    "rating": "9",
    "author": "wins****",
    "review_id": "10149404",
    "movie_id": "31913"
  },
  {
    "review": "명작 오브 명작. 액션하기전 이때의 톰크루즈가 그립다. 페넬로페는 진짜 존예.",
    "date": "15.07.24",
    "rating": "10",
    "author": "tell****",
    "review_id": "10135944",
    "movie_id": "31913"
  },
  {
    "review": "꿈이 아닌 현실을 택한 데이빗, 죽음을 선택한 소피아 그 둘이 만난 마지막 장면은 너무 슬프다",
    "date": "15.07.20",
    "rating": "10",
    "author": "lpsy****",
    "review_id": "10123711",
    "movie_id": "31913"
  },
  {
    "review": "마지막 20분 전까지는 언제끝나나..하며 보다가 마지막 20분동안 극한의 바닐라맛 우울함을 느끼게 해주는 영화 . 페넬로페 크루즈는 정말 이쁘다",
    "date": "15.07.17",
    "rating": "10",
    "author": "haju****",
    "review_id": "10111617",
    "movie_id": "31913"
  },
  {
    "review": "마지막 소피아와의 이별은 여운이 많이 남네요... 1분마다 인생을 바꿀 수 있는 기회가 찾아온다.",
    "date": "15.06.28",
    "rating": "10",
    "author": "ryob****",
    "review_id": "10049025",
    "movie_id": "31913"
  },
  {
    "review": "볼영화가 너무 없던 와중 발견한 명작.  정말 여운이 많이남는 영화.",
    "date": "15.06.26",
    "rating": "10",
    "author": "yuei****",
    "review_id": "10037692",
    "movie_id": "31913"
  },
  {
    "review": "살면서 꼭 봤으면 하는 영화 중 하나입니다. 한순간의 선택이 인생에 얼마나 큰 영향을 끼칠 수 있는지와 꿈은 결코 현실이 될 수 없다는 것을 새삼 느끼게 되네요. 연기도 좋고 ost도 정말 좋아요. 마지막 엔딩 속 펼쳐진 바닐라 스카이가 아른거리네요.",
    "date": "15.06.22",
    "rating": "10",
    "author": "bbkj****",
    "review_id": "10020895",
    "movie_id": "31913"
  },
  {
    "review": "이런 영화가 또 나오면 좋겠다. 이제야봣지만.진짜 명작  그리구 페넬로페크루즈 졸라이뿜 ㅜㅜ.",
    "date": "15.06.22",
    "rating": "10",
    "author": "rkck****",
    "review_id": "10020886",
    "movie_id": "31913"
  },
  {
    "review": "다른영화 상대적 9점은 넘어야할 영화.",
    "date": "15.06.22",
    "rating": "10",
    "author": "cjhl****",
    "review_id": "10020885",
    "movie_id": "31913"
  },
  {
    "review": "꿈, 현실, 두려움,공포",
    "date": "15.06.22",
    "rating": "10",
    "author": "jyk9****",
    "review_id": "10020548",
    "movie_id": "31913"
  },
  {
    "review": "몽환적인 음악과 미스테릭한 구성  모두 좋았다",
    "date": "15.06.21",
    "rating": "9",
    "author": "ydh2****",
    "review_id": "10017378",
    "movie_id": "31913"
  },
  {
    "review": "life love work play death hate dreams reality family  당신은 이제 깨어난다!",
    "date": "15.06.19",
    "rating": "10",
    "author": "nasu****",
    "review_id": "10010662",
    "movie_id": "31913"
  },
  {
    "review": "꿈에서  현실을 택한주인공   나였다면 어떤선택을 했을까?삶이 지칠때 보면 좋은영화인거 같다  만점이다",
    "date": "15.06.16",
    "rating": "10",
    "author": "1326****",
    "review_id": "10004435",
    "movie_id": "31913"
  },
  {
    "review": "지금, 여기에서 살아가야 하는 이유. 담아낸 형식은 아쉽지만, 내용이 진중하고 가치 있다.",
    "date": "15.06.15",
    "rating": "7",
    "author": "para****",
    "review_id": "10002479",
    "movie_id": "31913"
  },
  {
    "review": "나라면 과연 눈을 뜨기를 선택할지.",
    "date": "15.06.10",
    "rating": "7",
    "author": "cube****",
    "review_id": "9988442",
    "movie_id": "31913"
  },
  {
    "review": "현실을 살아내는건 용기다 ? 나 자신을 칭찬하자 ?현실을 살아내고있잖니",
    "date": "15.06.09",
    "rating": "10",
    "author": "wonk****",
    "review_id": "9985979",
    "movie_id": "31913"
  },
  {
    "review": "내인생 최고의 영화... 내가 본 이별 중 가장 슬프고 허무하기 짝이없다.",
    "date": "15.06.08",
    "rating": "10",
    "author": "holu****",
    "review_id": "9984178",
    "movie_id": "31913"
  },
  {
    "review": "영화속에 빨려들어가는 느낌을 처음으로 받았습니다.",
    "date": "15.05.18",
    "rating": "10",
    "author": "love****",
    "review_id": "9928599",
    "movie_id": "31913"
  },
  {
    "review": "내인생 최고의 영화!!여운이 많이 남고 다시금 인생을 돌아보게 하는 영화!!영상미와 사운드 또한 바쳐주는 아름다운 영화",
    "date": "15.05.18",
    "rating": "10",
    "author": "khyu****",
    "review_id": "9928155",
    "movie_id": "31913"
  },
  {
    "review": "내가왠만해선평점안남기는데 와끊어봣는데도 개소름돋는다 인간의상상력이란 ㄷㄷ 이런영화가 진정한 수작이지 ㄷㄷ개명작",
    "date": "15.05.15",
    "rating": "10",
    "author": "mave****",
    "review_id": "9919936",
    "movie_id": "31913"
  },
  {
    "review": "내 인생 최고의 영화다.",
    "date": "15.05.14",
    "rating": "10",
    "author": "rhdq****",
    "review_id": "9916314",
    "movie_id": "31913"
  },
  {
    "review": "제가 지금까지 봐왔던 영화중 Top of Top 입니다.몽환적인 분위기와 탐크루주의 자아찾기가 굉장히 빈틈없이 완벽하게 이루어져 갑니다.만약 이 글을 읽고 있는 당신이 아직 어리다면꼭 성인이 된 후에 다시 이 영화를 봤으면 합니다.",
    "date": "15.05.12",
    "rating": "10",
    "author": "leek****",
    "review_id": "9912279",
    "movie_id": "31913"
  },
  {
    "review": "다시볼때쯤이면 1점이 더 올라갈 수도 있을 영화, 많은 메시지를 던져주니 단순한것만 생각해 영화를 판단하지 않았으면 한다.",
    "date": "15.05.11",
    "rating": "9",
    "author": "rldn****",
    "review_id": "9910420",
    "movie_id": "31913"
  },
  {
    "review": "기쁨이 있기에 슬픔이 있고, 행복이 있기에 불행이 있다. 누구나 다 아는 말이지만 진정한 의미로서 아는 사람은 거의 없다. \"인생에서 매 분마다 기회는 찾아온다\"라는말이 굉장히 인상적이었고, 그 의미 또한 모든 마음먹기에 달렸다는 것같다.",
    "date": "15.05.05",
    "rating": "8",
    "author": "ssys****",
    "review_id": "9898235",
    "movie_id": "31913"
  },
  {
    "review": "수험생.. 매너리즘에 빠져 너무 힘들었는데 영화로 치유했다. 매 순간이 분수령인 것을... 영화를 보기 전까진 꿈이었다 생각하고 싶다. 내일 잠에서 깨면 열심히 살아아야지! 데이빗보다 낫다ㅋ. 다시 돌아가도 응원해 줄 가족과 친구들과 연인이 있으니까?",
    "date": "15.05.03",
    "rating": "10",
    "author": "leey****",
    "review_id": "9888497",
    "movie_id": "31913"
  },
  {
    "review": "꿈꾸게 만드는 영화....",
    "date": "15.04.22",
    "rating": "10",
    "author": "jilo****",
    "review_id": "9857007",
    "movie_id": "31913"
  },
  {
    "review": "톰크루즈 미모보소 ㄷㄷ",
    "date": "15.04.21",
    "rating": "7",
    "author": "mond****",
    "review_id": "9855418",
    "movie_id": "31913"
  },
  {
    "review": "예스잼 10자10자10자10자",
    "date": "15.04.21",
    "rating": "9",
    "author": "a12c****",
    "review_id": "9855339",
    "movie_id": "31913"
  },
  {
    "review": "최고다 말이 필요없네요. 줄거리만 가볍게 읽고 보시길.",
    "date": "15.04.19",
    "rating": "10",
    "author": "cats****",
    "review_id": "9853198",
    "movie_id": "31913"
  },
  {
    "review": "원작하고 거의 같지만 분위기가 덜 무겁다고 느꼈어요. 한동안 여운이 남는 좋은 영화라고 생각합니다.",
    "date": "15.04.18",
    "rating": "9",
    "author": "cksy****",
    "review_id": "9851259",
    "movie_id": "31913"
  },
  {
    "review": "꼭 한번 봐야할 영화이지요...",
    "date": "15.04.18",
    "rating": "9",
    "author": "jbbo****",
    "review_id": "9850888",
    "movie_id": "31913"
  },
  {
    "review": "줄리지아니 크레이지걸",
    "date": "15.04.18",
    "rating": "10",
    "author": "gus2****",
    "review_id": "9850411",
    "movie_id": "31913"
  },
  {
    "review": "앞부분 놓치고 봐서그랬는지. 당최 뭐가뭔지 ㅡㅡ알수가없었음. 네이버 스포글 읽고 그나마 이해했는데 이런 몽환적인 분위기...갠적으로 걍 쏘쏘... 톰 크루즈 외모로 봤다",
    "date": "15.04.17",
    "rating": "6",
    "author": "pink****",
    "review_id": "9850214",
    "movie_id": "31913"
  },
  {
    "review": "와 진짜... 마지막 소피아와의 이별장면이 진짜 가슴이 찡하네요..",
    "date": "15.04.17",
    "rating": "10",
    "author": "gudw****",
    "review_id": "9849460",
    "movie_id": "31913"
  },
  {
    "review": "많은 교훈을 주는 영화. \"1분마다 운명을 바꿀수 있는 기회가 찾아온다.\" \"쓴맛을 알아야 단맛이 더 달게느껴진다.\" \"open your eyes.\" 이 명언의 의미를 알게 해주는 것만으로도 너무나 현실적인 영화입니다.",
    "date": "15.04.17",
    "rating": "10",
    "author": "soun****",
    "review_id": "9849240",
    "movie_id": "31913"
  },
  {
    "review": "이 영화 솔직히 괜찮더라..",
    "date": "15.04.06",
    "rating": "10",
    "author": "bbq3****",
    "review_id": "9830488",
    "movie_id": "31913"
  },
  {
    "review": "여운이 너무 심하게 남는다.. 150년 후에 다시 살아난다해도 소피아는 없는 거잖아",
    "date": "15.04.03",
    "rating": "8",
    "author": "0lii****",
    "review_id": "9824162",
    "movie_id": "31913"
  },
  {
    "review": "이런 작품성이 뛰어난 영화는 흔하지 않은것같다 정말 두 명의 크루즈에 빠져드는 느낌이다",
    "date": "15.03.30",
    "rating": "10",
    "author": "sang****",
    "review_id": "9816469",
    "movie_id": "31913"
  },
  {
    "review": "정말 기다려왔던 영화... 이런 명작을 이제라도 보게되서 다행이네요",
    "date": "15.03.22",
    "rating": "10",
    "author": "cono****",
    "review_id": "9798808",
    "movie_id": "31913"
  },
  {
    "review": "그냥 \"좋은영화\" 가 아닌 \"생각을 할수있게 하는영화\" 정말잘봤습니다.",
    "date": "15.03.20",
    "rating": "10",
    "author": "ndb1****",
    "review_id": "9794973",
    "movie_id": "31913"
  },
  {
    "review": "나의 행복은 진정 무엇인가",
    "date": "15.03.18",
    "rating": "10",
    "author": "ken9****",
    "review_id": "9791571",
    "movie_id": "31913"
  },
  {
    "review": "굉장한 여운이 남는 영화.마지막 옥상위 대화씬은 내눈으로 직접 모네의 그림을 보는듯한 느낌이었다.",
    "date": "15.03.15",
    "rating": "10",
    "author": "yoon****",
    "review_id": "9783207",
    "movie_id": "31913"
  },
  {
    "review": "관객 루시드 꾸게 만드는 클라스",
    "date": "15.03.10",
    "rating": "9",
    "author": "dpdj****",
    "review_id": "9769899",
    "movie_id": "31913"
  },
  {
    "review": "원작하고 내용은 거이 비숫하나 톰 크루즈와 여주들의 화려한 출연진에 볼만하다.",
    "date": "15.03.01",
    "rating": "6",
    "author": "adiv****",
    "review_id": "9748261",
    "movie_id": "31913"
  },
  {
    "review": "이상만을 꿈꾸는 것보다 진짜 인생을 살아가는 것을 택하다.",
    "date": "15.02.26",
    "rating": "7",
    "author": "ajtw****",
    "review_id": "9740457",
    "movie_id": "31913"
  },
  {
    "review": "저는 정말 좋게 봤습니다 ^^ 연속2번본 영화",
    "date": "15.02.24",
    "rating": "10",
    "author": "ckdn****",
    "review_id": "9734873",
    "movie_id": "31913"
  },
  {
    "review": "이거보고 방청소함 굿굿",
    "date": "15.02.07",
    "rating": "9",
    "author": "love****",
    "review_id": "9674254",
    "movie_id": "31913"
  },
  {
    "review": "가장 좋아하는 영화. 별점이라도 많이~",
    "date": "15.02.04",
    "rating": "10",
    "author": "lovo****",
    "review_id": "9665189",
    "movie_id": "31913"
  },
  {
    "review": "경탄할 뿐... 어렸을 땐 세기말적인 분위기만 기억에 남았다. 미래에 대한 두려움 같은. 지금 보니 그 미래를 두눈으로 똑똑히 마주하는 작품이었다. 도대체 어떻게 이런 시나리오가 나오지 했는데 리메이크 작품이구나. 오픈유어아이즈도 필히 봐야겠다.",
    "date": "15.02.03",
    "rating": "10",
    "author": "unen****",
    "review_id": "9662733",
    "movie_id": "31913"
  },
  {
    "review": "호화 캐스팅이 아까운..그냥 재미없다.",
    "date": "15.02.01",
    "rating": "1",
    "author": "rich****",
    "review_id": "9657554",
    "movie_id": "31913"
  },
  {
    "review": "지금의 관점에서 보면 너무 진부하고 지루하다...",
    "date": "15.02.01",
    "rating": "1",
    "author": "wjrh****",
    "review_id": "9657538",
    "movie_id": "31913"
  },
  {
    "review": "돈주고 봐야 될 영화아닌가",
    "date": "15.01.26",
    "rating": "10",
    "author": "team****",
    "review_id": "9638709",
    "movie_id": "31913"
  },
  {
    "review": "복선의 반복.... 여운",
    "date": "15.01.17",
    "rating": "10",
    "author": "spur****",
    "review_id": "9602942",
    "movie_id": "31913"
  },
  {
    "review": "내 인생 최고의 명작 여운이 어마어마하게 남는다",
    "date": "15.01.06",
    "rating": "10",
    "author": "love****",
    "review_id": "9569101",
    "movie_id": "31913"
  },
  {
    "review": "최고의 여운을 선사하네요... 심심치 않은 반전과 중간중간에 심금을 울리는 멜로  정말 좋았습니다.",
    "date": "15.01.05",
    "rating": "10",
    "author": "nest****",
    "review_id": "9563804",
    "movie_id": "31913"
  },
  {
    "review": "아름답다고 느낀 영화는 처음이다...진짜",
    "date": "15.01.02",
    "rating": "10",
    "author": "xcom****",
    "review_id": "9553254",
    "movie_id": "31913"
  },
  {
    "review": "초중반만 참으면 된다 하지만..",
    "date": "14.12.31",
    "rating": "1",
    "author": "bcwh****",
    "review_id": "9541971",
    "movie_id": "31913"
  },
  {
    "review": "대단합니다 강추~!!!!",
    "date": "14.12.20",
    "rating": "10",
    "author": "tosh****",
    "review_id": "9493222",
    "movie_id": "31913"
  },
  {
    "review": "영화가 끝나고 멍하니 엔딩크레딧만 보고 있었다 자기 전에 본 영화라 지금 내가 자각몽을 꾸고 있는건 아닌지 착각할 정도로. 원작이 어떨지는 모르겠디만 진짜 내 인생에 손 꼽힐 명작중에 하나이다",
    "date": "14.12.20",
    "rating": "10",
    "author": "2724****",
    "review_id": "9492346",
    "movie_id": "31913"
  },
  {
    "review": "이 영화가 난해하면 그냥 파워레인저나 봐라",
    "date": "14.12.14",
    "rating": "10",
    "author": "ride****",
    "review_id": "9474295",
    "movie_id": "31913"
  },
  {
    "review": "연출력.스토리.결말.배우들의 연기 어느거 하나 빠지지 않내요",
    "date": "14.12.14",
    "rating": "10",
    "author": "cws5****",
    "review_id": "9472310",
    "movie_id": "31913"
  },
  {
    "review": "제리맥과이어와 함께 탐크루즈 최고의 작품으로 꼽는다. 탐크루즈의 신들린 연기, 페넬로퍼크루즈의 아름다운 누드를 감상할수 있다. 눈을 뗄수 없게 만드는 몽롱한 매력이 있는 영화.",
    "date": "14.12.12",
    "rating": "10",
    "author": "kjk9****",
    "review_id": "9467413",
    "movie_id": "31913"
  },
  {
    "review": "나잇앤데이라는 가볍고 유쾌한 영화에서의 카메론 디아즈와 톰크루즈의 케미 때문에 찾게된 영화인데 이렇게 맘이 무거울수가 ㅠㅠ 중간까지 공포영화인줄 알았다가 마지막엔 하염없이 눈물이..",
    "date": "14.12.11",
    "rating": "10",
    "author": "styl****",
    "review_id": "9464724",
    "movie_id": "31913"
  },
  {
    "review": "내 인생 처음으로 영화가 끝나는 동시에 소름끼친 영화",
    "date": "14.12.10",
    "rating": "10",
    "author": "efkd****",
    "review_id": "9462165",
    "movie_id": "31913"
  },
  {
    "review": "톰형 진짜 잘생겼다 ㅆㅅㅌㅊ",
    "date": "14.12.08",
    "rating": "10",
    "author": "crew****",
    "review_id": "9458919",
    "movie_id": "31913"
  },
  {
    "review": "영화가 끝나고 많은 생각들을 갖게 만드는 영화,, 몰입도 굳! 배우들 연기력 굳!! 여운남는 영화 좋아하는 사람들 꼭 봐라",
    "date": "14.12.08",
    "rating": "10",
    "author": "gjdy****",
    "review_id": "9457769",
    "movie_id": "31913"
  },
  {
    "review": "역대급 영화로 와닿는다.... 스토리 구성 연출 모두 마음에 든다",
    "date": "14.12.07",
    "rating": "10",
    "author": "yunh****",
    "review_id": "9455896",
    "movie_id": "31913"
  },
  {
    "review": "진짜 최고....ㅠㅠㅠㅠ",
    "date": "14.11.19",
    "rating": "10",
    "author": "qkrg****",
    "review_id": "9401065",
    "movie_id": "31913"
  },
  {
    "review": "많은 여운을 남겨 주는 영화",
    "date": "14.11.15",
    "rating": "10",
    "author": "wjda****",
    "review_id": "9384514",
    "movie_id": "31913"
  },
  {
    "review": "생각이많아지는영화네요 진짜.굿",
    "date": "14.11.03",
    "rating": "10",
    "author": "bett****",
    "review_id": "9338341",
    "movie_id": "31913"
  },
  {
    "review": "Concequences, they are from the little things. The little things, there's nothing bigger.",
    "date": "14.10.15",
    "rating": "10",
    "author": "chch****",
    "review_id": "9293138",
    "movie_id": "31913"
  },
  {
    "review": "난해한 영화....극중 톰크루즈가 쓰고 나온 가면이랑 \"바닐라 스카이\" 제목처럼 하늘 배경이 기억에 남는다.",
    "date": "14.10.14",
    "rating": "8",
    "author": "qhrt****",
    "review_id": "9291792",
    "movie_id": "31913"
  },
  {
    "review": "아놔 페넬로페 크루즈...",
    "date": "14.10.08",
    "rating": "10",
    "author": "answ****",
    "review_id": "9273269",
    "movie_id": "31913"
  },
  {
    "review": "사랑, 트라우마, 각인... 현재를 극복해서 그 현재를 현실에서 즐기는 것이 진정한 행복이고, 그건 당신에게 달려있다. 눈을, 떠라.",
    "date": "14.10.05",
    "rating": "10",
    "author": "neve****",
    "review_id": "9267709",
    "movie_id": "31913"
  },
  {
    "review": "i lost  you when i got  in that car. i'm sorry",
    "date": "14.09.23",
    "rating": "10",
    "author": "sm40****",
    "review_id": "9235670",
    "movie_id": "31913"
  },
  {
    "review": "살다보면 과거로 다시 돌아가고 싶기도하고 꿈꾸는 대로 살고싶기도 하지만 결국은 현실의 나가 제일 중요한 것같다!",
    "date": "14.09.21",
    "rating": "9",
    "author": "cjsw****",
    "review_id": "9230813",
    "movie_id": "31913"
  },
  {
    "review": "Every passing minute is another chance to turn it all around",
    "date": "14.09.10",
    "rating": "8",
    "author": "supe****",
    "review_id": "9197337",
    "movie_id": "31913"
  },
  {
    "review": "너무 오래된 영화일까,,,4점을 주고싶다",
    "date": "14.09.03",
    "rating": "4",
    "author": "soso****",
    "review_id": "9158964",
    "movie_id": "31913"
  },
  {
    "review": "재미있음 꼭 볼만한 영화",
    "date": "14.09.01",
    "rating": "10",
    "author": "jo_y****",
    "review_id": "9153310",
    "movie_id": "31913"
  },
  {
    "review": "페넬로페 크루즈 예쁘다",
    "date": "14.08.30",
    "rating": "10",
    "author": "icep****",
    "review_id": "9147244",
    "movie_id": "31913"
  },
  {
    "review": "자각몽. 불교철학과도 맞닿는 굉장히 심오하고 철학적인 내용. 원작인 open your eyes에는 못 따라가지만 좋은 영화.",
    "date": "14.08.30",
    "rating": "8",
    "author": "lara****",
    "review_id": "9144925",
    "movie_id": "31913"
  },
  {
    "review": "인생이 꿈만 같다면 얼마나 좋을까 하지만 그럴 수 없기에 지금 이 순간 속에서 행복을 찾아야 한다.",
    "date": "14.08.25",
    "rating": "10",
    "author": "crue****",
    "review_id": "9131296",
    "movie_id": "31913"
  },
  {
    "review": "Every passing minute is another chance to turn it all aroun!!인생을 바꿀수 있는 1분마다 찾아오는 기회들....이 문장하나로 이 영화는 설명할 수 있고, 삶의 지표를 다시 짚어준다.",
    "date": "14.08.23",
    "rating": "10",
    "author": "free****",
    "review_id": "9124443",
    "movie_id": "31913"
  },
  {
    "review": "재미 있을 겉아서 봤는데 나름 재미 있었다. ㅎ",
    "date": "14.08.20",
    "rating": "10",
    "author": "pc59****",
    "review_id": "9115857",
    "movie_id": "31913"
  },
  {
    "review": "오픈유어 아이즈를 보고나서 너무 좋아서 이것도 보게됐는데 나는 원작이 더 나았던거 같다. 원작이 더 몽환적이고 신비로운 느낌을 준거 같고  이거는 또 이거대로  할리우드 느낌이 나게 잘 만든것 같으나 원작이 너무 좋아서 재미가 반감된 느낌이다.",
    "date": "14.08.20",
    "rating": "7",
    "author": "nura****",
    "review_id": "9113103",
    "movie_id": "31913"
  },
  {
    "review": "내인생에 있어 손까락에 꼽히는 영화 원작을 능가한 리메이크작",
    "date": "14.08.18",
    "rating": "10",
    "author": "bee2****",
    "review_id": "9108893",
    "movie_id": "31913"
  },
  {
    "review": "볼때마다  뭔가 새로운 영화. 많은 생각을 하게 해주는 영화!",
    "date": "14.08.18",
    "rating": "10",
    "author": "repu****",
    "review_id": "9108583",
    "movie_id": "31913"
  },
  {
    "review": "톰크루즈의 연기력, 반전, 여주인공 비쥬얼 등등 다 따져서 적당한 평점.",
    "date": "14.08.17",
    "rating": "9",
    "author": "ojh6****",
    "review_id": "9099520",
    "movie_id": "31913"
  },
  {
    "review": "시작이 참 어려운 영화였는데, 이렇게 빠져서 보게 될 줄은 몰랐다. 현실과 꿈의 경계 속에서 비틀거리는 모습이 나와 좀 닮은 것 같기도 했다. 다시 보기에는 너무 감정 소모가 큰 영화이지만, 본 것 자체로는 대단히 만족스러웠다.",
    "date": "14.08.14",
    "rating": "9",
    "author": "ilil****",
    "review_id": "9082055",
    "movie_id": "31913"
  },
  {
    "review": "살면서 가장 여운에남고 많은생각을하고 감명깊게봤던 영화 5위안에드는영화..톰크루즈를 다시 보게되고 감독이 진짜 대단한것같다...최고",
    "date": "14.08.11",
    "rating": "10",
    "author": "pomp****",
    "review_id": "9069426",
    "movie_id": "31913"
  },
  {
    "review": "우울한 기분으로 시청했는데, 꽝! 맞는 느낌.. 사소한 것을 소중히 하고 열심히 살자.",
    "date": "14.08.09",
    "rating": "10",
    "author": "1_nr****",
    "review_id": "9058115",
    "movie_id": "31913"
  },
  {
    "review": "많은것을 생각하게 하는 영화...",
    "date": "14.07.27",
    "rating": "10",
    "author": "sung****",
    "review_id": "8971053",
    "movie_id": "31913"
  },
  {
    "review": "꿈과 현실, 현실과 꿈, 어쩌면 이글을 쓰고있는 이순간도 내가 자각하지 못한 꿈일 수도 있겠다는 생각이든다",
    "date": "14.07.26",
    "rating": "8",
    "author": "redi****",
    "review_id": "8961013",
    "movie_id": "31913"
  }
]