[
  {
    "review": "머야 평점이 왜이렇지??",
    "date": "15.08.22",
    "rating": "10",
    "author": "top2****",
    "review_id": "10261445",
    "movie_id": "31925"
  },
  {
    "review": "구래도 평점이 이게뭐니~",
    "date": "15.08.20",
    "rating": "10",
    "author": "suye****",
    "review_id": "10255151",
    "movie_id": "31925"
  },
  {
    "review": "지금봐도 재밌음 ㅋㅋ 주옥같은 연기반전의 반전 평점 10점입니다.",
    "date": "15.08.19",
    "rating": "10",
    "author": "tjdw****",
    "review_id": "10252597",
    "movie_id": "31925"
  },
  {
    "review": "이거 나름 흥행했던 영화인데 평점 왜이럼",
    "date": "15.08.16",
    "rating": "9",
    "author": "libe****",
    "review_id": "10238726",
    "movie_id": "31925"
  },
  {
    "review": "이게 왜 5점대..? 이 당시엔 상당히 참신했는데...",
    "date": "15.08.15",
    "rating": "10",
    "author": "drag****",
    "review_id": "10233460",
    "movie_id": "31925"
  },
  {
    "review": "결혼생활을 조금 더 보여줬더라면 더 재밌었을것 같아요 그래도 나름 감동도 있고 액션때문에 속이 시원해지고 코믹적인 부분도 있어 재밌게봤습니다",
    "date": "15.08.09",
    "rating": "7",
    "author": "dltm****",
    "review_id": "10209896",
    "movie_id": "31925"
  },
  {
    "review": "쓰레기 조폭영화의 시작",
    "date": "15.07.26",
    "rating": "1",
    "author": "seon****",
    "review_id": "10147046",
    "movie_id": "31925"
  },
  {
    "review": "[ 스토리 5, 비주얼 4, 연출 4, 연기 4 ]　여자 두목이라는 불쾌하면서도 신선한 발상.",
    "date": "15.07.20",
    "rating": "4",
    "author": "eyeb****",
    "review_id": "10123755",
    "movie_id": "31925"
  },
  {
    "review": "평점 왜이러지 신은경 실시간 검색에 올라와서 영화 생각나서 봤더니 평전 너무 낮네 꽤 재미있게 본 영화였는데",
    "date": "15.07.12",
    "rating": "8",
    "author": "rnsu****",
    "review_id": "10096816",
    "movie_id": "31925"
  },
  {
    "review": "난 재밌게 봤음 평점 왜이래",
    "date": "15.07.07",
    "rating": "10",
    "author": "jjaj****",
    "review_id": "10078401",
    "movie_id": "31925"
  },
  {
    "review": "재밌었는데...평점낮네",
    "date": "15.07.06",
    "rating": "8",
    "author": "doll****",
    "review_id": "10074790",
    "movie_id": "31925"
  },
  {
    "review": "울 엄마 이름이랑 같다....차은진...",
    "date": "15.06.03",
    "rating": "1",
    "author": "sam9****",
    "review_id": "9973090",
    "movie_id": "31925"
  },
  {
    "review": "보는내내지루할틈이없다",
    "date": "15.05.16",
    "rating": "10",
    "author": "byeu****",
    "review_id": "9920806",
    "movie_id": "31925"
  },
  {
    "review": "옛날에 비디오빌려서 진짜재밌게본영화였는데ㅋㅋ 비디오시절영화라니 하...",
    "date": "15.05.01",
    "rating": "10",
    "author": "thdd****",
    "review_id": "9882291",
    "movie_id": "31925"
  },
  {
    "review": "표현의 자유가 있다해도 조폭의 미화는 그만",
    "date": "15.03.28",
    "rating": "3",
    "author": "rcan****",
    "review_id": "9812851",
    "movie_id": "31925"
  },
  {
    "review": "참신했던 영화 오랫만에 찾아보는데 기억이 오래간다",
    "date": "15.03.15",
    "rating": "8",
    "author": "snsl****",
    "review_id": "9783414",
    "movie_id": "31925"
  },
  {
    "review": "개봉당시 한참 잼있게 봤는데 평점 외이럼??",
    "date": "15.02.28",
    "rating": "10",
    "author": "terr****",
    "review_id": "9745608",
    "movie_id": "31925"
  },
  {
    "review": "당시에는 나름 재미있게 봤음. 입소문 때문에 극장가서 봤다는. 가장 기억에 남는 것은 최은주의 애교 연기와 엔딩에 나오는 최민수. 그리고 신은경의 연장이 가위라는 것은 독특. 김민종, 김희선과 더불어 신은경도 영화와 인연은 없는 듯",
    "date": "15.02.06",
    "rating": "5",
    "author": "jjaj****",
    "review_id": "9671223",
    "movie_id": "31925"
  },
  {
    "review": "꽤 볼만함 평점이 너무 낮아서 10점 드림",
    "date": "15.01.25",
    "rating": "10",
    "author": "eofl****",
    "review_id": "9634482",
    "movie_id": "31925"
  },
  {
    "review": "너무 유치 조폭은 박력이 중요한데 여자는 별로",
    "date": "15.01.13",
    "rating": "1",
    "author": "xogj****",
    "review_id": "9588861",
    "movie_id": "31925"
  },
  {
    "review": "그 시절 재밌게 본 영화 중 하나. 다만 2탄부터는 개망...",
    "date": "14.12.26",
    "rating": "9",
    "author": "erwi****",
    "review_id": "9521487",
    "movie_id": "31925"
  },
  {
    "review": "더러운짓 웃기는짓 말되는짓 구분 못한다.",
    "date": "14.12.19",
    "rating": "2",
    "author": "kyun****",
    "review_id": "9489024",
    "movie_id": "31925"
  },
  {
    "review": "재밌게봄 너무 평점이낮은듯",
    "date": "14.12.15",
    "rating": "10",
    "author": "qkrt****",
    "review_id": "9477109",
    "movie_id": "31925"
  },
  {
    "review": "처음엔 괜찮았자만 후반으로 갈 수록 뜬금없다",
    "date": "14.12.14",
    "rating": "5",
    "author": "dleh****",
    "review_id": "9473386",
    "movie_id": "31925"
  },
  {
    "review": "그 당시엔 신선하고 재밌었다. 솔직히 이렇게 낮은 평점 받을 영화는 아닌데...",
    "date": "14.11.30",
    "rating": "10",
    "author": "real****",
    "review_id": "9434521",
    "movie_id": "31925"
  },
  {
    "review": "그때 당시엔 아바타보다 더 인기였어.",
    "date": "14.11.19",
    "rating": "10",
    "author": "jean****",
    "review_id": "9401031",
    "movie_id": "31925"
  },
  {
    "review": "현시점으로 쳐도 7점은 나와야지 킬링타임용으로 평점이 왜이리 낮지 ㅋ",
    "date": "14.11.18",
    "rating": "7",
    "author": "saku****",
    "review_id": "9397505",
    "movie_id": "31925"
  },
  {
    "review": "차은진 캐릭터에 푹 빠져서 재밌게 봤던영화...",
    "date": "14.11.16",
    "rating": "10",
    "author": "da25****",
    "review_id": "9389172",
    "movie_id": "31925"
  },
  {
    "review": "괜찮구마는 난리야 ㅋㅋㅋ",
    "date": "14.11.16",
    "rating": "10",
    "author": "tjal****",
    "review_id": "9388978",
    "movie_id": "31925"
  },
  {
    "review": "오랜만에 다시봐도 재미있네요",
    "date": "14.11.13",
    "rating": "10",
    "author": "mykj****",
    "review_id": "9376847",
    "movie_id": "31925"
  },
  {
    "review": "노잼 노스트레스 더블에이 썩섹스 노무노무노무",
    "date": "14.10.19",
    "rating": "1",
    "author": "usap****",
    "review_id": "9302673",
    "movie_id": "31925"
  },
  {
    "review": "정말 쓰레기 오브 쓰레기. 이 거 보면서 이렇게 말도 안 되게 재미없는 영화가 있다는 걸 처음 알았다.",
    "date": "14.10.03",
    "rating": "1",
    "author": "cncr****",
    "review_id": "9257294",
    "movie_id": "31925"
  },
  {
    "review": "왜 이정도점수냐ㅋㅋㅋㅋ 솔직히 충분히웃겼고 주인공도 여자건달이라는점에서 신선한데.. 이거 후속작도 나름 재밌게봤으면 이런평점받을만한 영화는아니다.",
    "date": "14.09.27",
    "rating": "10",
    "author": "jeon****",
    "review_id": "9243549",
    "movie_id": "31925"
  },
  {
    "review": "새로운 듯한 소재였으나 연출엔 곰팡이가 피었다.",
    "date": "14.09.22",
    "rating": "5",
    "author": "reco****",
    "review_id": "9234614",
    "movie_id": "31925"
  },
  {
    "review": "정말재밌고 언제봐도너무재밌어요 신은경완전멋있어요",
    "date": "14.09.09",
    "rating": "10",
    "author": "emin****",
    "review_id": "9187878",
    "movie_id": "31925"
  },
  {
    "review": "조폭물의 신기원을 열어준 3류 액션…그래도 맨날 했던 얘기 되풀이 하지 않아서 1점 더 준다",
    "date": "14.09.06",
    "rating": "8",
    "author": "lees****",
    "review_id": "9172923",
    "movie_id": "31925"
  },
  {
    "review": "평점이 왜 이래 재미만 있네",
    "date": "14.08.20",
    "rating": "10",
    "author": "foxy****",
    "review_id": "9113329",
    "movie_id": "31925"
  },
  {
    "review": "다시봐도 재미나네요 ~",
    "date": "14.08.03",
    "rating": "9",
    "author": "lkk3****",
    "review_id": "9016176",
    "movie_id": "31925"
  },
  {
    "review": "괜찮은 영화  왜 평점이 낮은지",
    "date": "14.08.02",
    "rating": "10",
    "author": "fnsk****",
    "review_id": "9006132",
    "movie_id": "31925"
  },
  {
    "review": "꽤재밌는데  ㅎㅎ점수가 넘 낮다, 재밌어요~~",
    "date": "14.07.15",
    "rating": "10",
    "author": "seac****",
    "review_id": "8918402",
    "movie_id": "31925"
  },
  {
    "review": "진짜몇번을봐도질리지않는다!",
    "date": "14.07.11",
    "rating": "10",
    "author": "cjj0****",
    "review_id": "8903657",
    "movie_id": "31925"
  },
  {
    "review": "생각보다 재밋어요 추천",
    "date": "14.07.06",
    "rating": "10",
    "author": "rlaw****",
    "review_id": "8890732",
    "movie_id": "31925"
  },
  {
    "review": "어렸을 때 봤던게 굉장히 기억에 남음..",
    "date": "14.06.09",
    "rating": "10",
    "author": "jsy7****",
    "review_id": "8815156",
    "movie_id": "31925"
  },
  {
    "review": "헐 평점이 왜 이렇게 낮음..10점까진 아니어도 그 당시 히트칠정도로 신선하고 재미있었는데.",
    "date": "14.06.08",
    "rating": "10",
    "author": "bsh9****",
    "review_id": "8812967",
    "movie_id": "31925"
  },
  {
    "review": "옛날엔 진짜 재밋게 봤었지...",
    "date": "14.05.28",
    "rating": "1",
    "author": "hang****",
    "review_id": "8771083",
    "movie_id": "31925"
  },
  {
    "review": "이영화 나온 당시엄청 재밌었음...",
    "date": "14.05.23",
    "rating": "10",
    "author": "kkkk****",
    "review_id": "8758503",
    "movie_id": "31925"
  },
  {
    "review": "조잡한 장면도 꽤 있지만 참신한 시나리오와 김인권의 본격적 발견에 한표",
    "date": "14.05.14",
    "rating": "6",
    "author": "trac****",
    "review_id": "8729785",
    "movie_id": "31925"
  },
  {
    "review": "당시에 신은경의 연기력은 굉장했다. 마치 강한여자 신드롬이라는 명칭이 생길정도로 친구들 사이에서 영화 이야기가 많았었다. 원작. 오리지날 편 만한게 없다",
    "date": "14.04.27",
    "rating": "9",
    "author": "yong****",
    "review_id": "8675654",
    "movie_id": "31925"
  },
  {
    "review": "왜이리낮어 옛날에 정말 재밌었는데",
    "date": "14.03.29",
    "rating": "10",
    "author": "zaz5****",
    "review_id": "8614081",
    "movie_id": "31925"
  },
  {
    "review": "어릴때 굉장히 신선한 충격이였던 여자 깡패..그것도 보스..ㄷㄷ 진짜 재밌게봤는뎋ㅎ",
    "date": "14.03.02",
    "rating": "10",
    "author": "zan0****",
    "review_id": "8550842",
    "movie_id": "31925"
  },
  {
    "review": "조폭미화와 병맛ㅋㅋㅋ",
    "date": "14.03.01",
    "rating": "4",
    "author": "kubo****",
    "review_id": "8549676",
    "movie_id": "31925"
  },
  {
    "review": "갑자기 야한장면 나와서 깜놀했네",
    "date": "14.02.24",
    "rating": "7",
    "author": "qkqh****",
    "review_id": "8533070",
    "movie_id": "31925"
  },
  {
    "review": "이영화 개봉당시 그래도 히트 쳤는데..   지금은 평점 많이 내려갔네",
    "date": "14.02.17",
    "rating": "7",
    "author": "adiv****",
    "review_id": "8515195",
    "movie_id": "31925"
  },
  {
    "review": "지금 기준으로 판단하면 쓰레기임 근데 이 영화 나올당시에는 소재가 신선한 축에 속했음",
    "date": "14.02.15",
    "rating": "10",
    "author": "donf****",
    "review_id": "8509903",
    "movie_id": "31925"
  },
  {
    "review": "조폭을 미화한 작품ㅇㅇㅇ",
    "date": "14.02.11",
    "rating": "1",
    "author": "aofh****",
    "review_id": "8497942",
    "movie_id": "31925"
  },
  {
    "review": "봐도봐도 재밌는데.. 평점 너무낮은듯 ㅋㅋ",
    "date": "14.01.28",
    "rating": "10",
    "author": "akfl****",
    "review_id": "8438034",
    "movie_id": "31925"
  },
  {
    "review": "고딩때 비디오로 보고선 생전 처음 대여료 천원이 아깝다고 느낀 영화였음. 배우와 제작진에겐 미안하지만 불쾌하고 더럽고",
    "date": "14.01.02",
    "rating": "1",
    "author": "star****",
    "review_id": "8336878",
    "movie_id": "31925"
  },
  {
    "review": "평점이렇게낮을건아닌것같네요",
    "date": "13.12.02",
    "rating": "10",
    "author": "tmfo****",
    "review_id": "8186030",
    "movie_id": "31925"
  },
  {
    "review": "평점이 너무 낮아요.. 저에겐 소중한 추억의 영화~!!",
    "date": "13.09.23",
    "rating": "10",
    "author": "binn****",
    "review_id": "8012309",
    "movie_id": "31925"
  },
  {
    "review": "똑같은 조폭영환데 달마야놀자는 8점이넘는데 이영화는 왜? 신은경 연기가 돋보였는데.. 여러번 봤어도 잼있었던 영화",
    "date": "13.08.05",
    "rating": "10",
    "author": "jh83****",
    "review_id": "7841742",
    "movie_id": "31925"
  },
  {
    "review": "재미를 위한영화가있고, 메시지가있는영화가있다고 본다. 영화마다 목적이 다른데, 이영화는 재미를위한영화이고, 실제로 재밌다. 평점이 왜이리 낮은지? 코미디영화 자체를경시하기때문인가?",
    "date": "13.07.30",
    "rating": "10",
    "author": "ymca****",
    "review_id": "7799102",
    "movie_id": "31925"
  },
  {
    "review": "티월드 vod 검색중 우연히 찾음ㅋ역시 예전에 느낀 감성대로 보게됨 재밋음ㅋㅋ요즘 영화에 떨어지는건 어쩔수없음시대가틀린영화끼린 비교안했으면함ㅋㅋ",
    "date": "13.07.25",
    "rating": "10",
    "author": "aris****",
    "review_id": "7784562",
    "movie_id": "31925"
  },
  {
    "review": "이영화 평점이,너무 낮은듯",
    "date": "13.07.20",
    "rating": "10",
    "author": "yoon****",
    "review_id": "7767732",
    "movie_id": "31925"
  },
  {
    "review": "참신했음ㅋ볼만함",
    "date": "13.07.15",
    "rating": "6",
    "author": "shai****",
    "review_id": "7745097",
    "movie_id": "31925"
  },
  {
    "review": "속편은 그렇다 치고 첫편은 그래도 볼만햇는데 평이 안좋네..",
    "date": "13.07.14",
    "rating": "7",
    "author": "ssys****",
    "review_id": "7737864",
    "movie_id": "31925"
  },
  {
    "review": "당시에 범람하던 조폭코미디중 하나. 이런 영화가 대개 그렇듯 드라마 흐름이 아주 작위적이고 스토리는 정말 볼게 없다. 남는것도 없고.. 하지만 신은경이 캐릭터를 잘 살렸기 때문에 지루하다고 할 수준은 아니다. 킬링타임용 b급영화라 생각하고 보면 볼만함",
    "date": "13.07.11",
    "rating": "7",
    "author": "iepa****",
    "review_id": "7726625",
    "movie_id": "31925"
  },
  {
    "review": "내용은 그렇타 처도 이 시절엔 신선한 소재였음 팬심으로 8점",
    "date": "13.07.09",
    "rating": "8",
    "author": "tlaq****",
    "review_id": "7720798",
    "movie_id": "31925"
  },
  {
    "review": "조폭 전성시대에 한 몫했던 작품. 남는건 없으니 그냥 즐기시길..",
    "date": "13.06.22",
    "rating": "6",
    "author": "eyeb****",
    "review_id": "7667494",
    "movie_id": "31925"
  },
  {
    "review": "1편만한 속편 재밌는거 못 봤다 서세원이 제작한 1편이 가장 재밌는 것 같다",
    "date": "13.06.16",
    "rating": "7",
    "author": "gkdl****",
    "review_id": "7646365",
    "movie_id": "31925"
  },
  {
    "review": "어렸을때 잘 봤으 ㅁㅋㅋㅋ",
    "date": "13.05.17",
    "rating": "10",
    "author": "ahnk****",
    "review_id": "7534496",
    "movie_id": "31925"
  },
  {
    "review": "10점!!",
    "date": "13.03.25",
    "rating": "10",
    "author": "lchw****",
    "review_id": "7410451",
    "movie_id": "31925"
  },
  {
    "review": "어릴때 재있었는대 ㅋㅋㅋ",
    "date": "13.03.14",
    "rating": "8",
    "author": "minj****",
    "review_id": "7345575",
    "movie_id": "31925"
  },
  {
    "review": "서세원 제작, 조폭영화 황금기에 500만을 넘긴 대작 코미디, 아무래도 여자조폭이다 보니 거부감이 덜했겠지",
    "date": "13.03.08",
    "rating": "9",
    "author": "bajj****",
    "review_id": "7330965",
    "movie_id": "31925"
  },
  {
    "review": "10점줘도 충분하것구만 ㅋㅋㅋㅋ",
    "date": "13.03.04",
    "rating": "10",
    "author": "doo1****",
    "review_id": "7324401",
    "movie_id": "31925"
  },
  {
    "review": "이거 제목이 그래서 그렇지 꽤 재밌습니다.일본 진출 느낌이??",
    "date": "13.02.25",
    "rating": "10",
    "author": "ik04****",
    "review_id": "7301964",
    "movie_id": "31925"
  },
  {
    "review": "옛날에 대한민국의 영화보는 수준이 참 거시기했지",
    "date": "13.02.10",
    "rating": "1",
    "author": "yjh7****",
    "review_id": "7247810",
    "movie_id": "31925"
  },
  {
    "review": "킬링타임용. 마누라가 무서워 ㅠㅠ",
    "date": "13.02.04",
    "rating": "7",
    "author": "jwjw****",
    "review_id": "7221955",
    "movie_id": "31925"
  },
  {
    "review": "정말 한국영화 반생해야한다!!",
    "date": "13.02.01",
    "rating": "1",
    "author": "ske4****",
    "review_id": "7208764",
    "movie_id": "31925"
  },
  {
    "review": "신선하면서 식상한 여성상의 도래",
    "date": "13.01.08",
    "rating": "6",
    "author": "bbq2****",
    "review_id": "7091923",
    "movie_id": "31925"
  },
  {
    "review": "아무생각없이 보기좋다",
    "date": "13.01.01",
    "rating": "2",
    "author": "cesa****",
    "review_id": "7071125",
    "movie_id": "31925"
  },
  {
    "review": "살아있네",
    "date": "12.12.07",
    "rating": "7",
    "author": "sonb****",
    "review_id": "6980882",
    "movie_id": "31925"
  },
  {
    "review": "누가 이렇게 점수를 낮춘거야;;;",
    "date": "12.10.17",
    "rating": "10",
    "author": "sjki****",
    "review_id": "6808663",
    "movie_id": "31925"
  },
  {
    "review": "코믹영화로선 볼만한듯.",
    "date": "12.10.16",
    "rating": "7",
    "author": "kem1****",
    "review_id": "6806032",
    "movie_id": "31925"
  },
  {
    "review": "평점 디게 낮네~ 난 꽤 재미있게 봤는데... 조잡해서 그런가?",
    "date": "12.09.27",
    "rating": "9",
    "author": "sute****",
    "review_id": "6737617",
    "movie_id": "31925"
  },
  {
    "review": "난 조폭마누라 시리즈 다 재미나던데.... 5점대 인거 보고 너무 놀랬다....",
    "date": "12.09.21",
    "rating": "10",
    "author": "dldl****",
    "review_id": "6716728",
    "movie_id": "31925"
  },
  {
    "review": "코미디 대표작 아닌가;  정말재밋더만 역시 네이버 평점은 믿을게못된다ㅡㅡ",
    "date": "12.09.12",
    "rating": "10",
    "author": "korc****",
    "review_id": "6689221",
    "movie_id": "31925"
  },
  {
    "review": "어라 난 이거 재밌던딬ㅋㅋㅋㅋ 신은경 예전 모습 봐서 더 좋고",
    "date": "12.09.11",
    "rating": "8",
    "author": "best****",
    "review_id": "6686710",
    "movie_id": "31925"
  },
  {
    "review": "왜이리 어색할까",
    "date": "12.08.13",
    "rating": "4",
    "author": "rlaw****",
    "review_id": "6598562",
    "movie_id": "31925"
  },
  {
    "review": "다시보니. 영 재미가 없네;",
    "date": "12.08.04",
    "rating": "6",
    "author": "lipe****",
    "review_id": "6569767",
    "movie_id": "31925"
  },
  {
    "review": "굳",
    "date": "12.07.24",
    "rating": "10",
    "author": "gjsw****",
    "review_id": "6523404",
    "movie_id": "31925"
  },
  {
    "review": "뭔 말이 필요할까 ㅉㅉ",
    "date": "12.05.31",
    "rating": "1",
    "author": "hana****",
    "review_id": "6351868",
    "movie_id": "31925"
  },
  {
    "review": "괜찮은 영화였지..지금은 빤스만 명품조연 됐군.. 안재모 신은경 어디갔어?",
    "date": "12.05.05",
    "rating": "7",
    "author": "wjdg****",
    "review_id": "6273943",
    "movie_id": "31925"
  },
  {
    "review": "괜찮은 작품 유머도 괜찮았고,액션도 괜찮았고 조연들도 연기가 좋았다.",
    "date": "12.04.26",
    "rating": "10",
    "author": "ngup****",
    "review_id": "6245970",
    "movie_id": "31925"
  },
  {
    "review": "당시에는 재미있게 봤었지...",
    "date": "12.04.15",
    "rating": "10",
    "author": "iiii****",
    "review_id": "6223141",
    "movie_id": "31925"
  },
  {
    "review": "난 오랜만에 다시 보니까 재밌는데 ㅋㅋ",
    "date": "12.04.15",
    "rating": "10",
    "author": "shsh****",
    "review_id": "6222484",
    "movie_id": "31925"
  },
  {
    "review": "지금보니까  재미가 없다.",
    "date": "12.04.13",
    "rating": "1",
    "author": "shsh****",
    "review_id": "6216030",
    "movie_id": "31925"
  },
  {
    "review": "옛날에 인기 진짜 많았는데 ㅋㅋ",
    "date": "12.04.10",
    "rating": "6",
    "author": "tsp0****",
    "review_id": "6207275",
    "movie_id": "31925"
  },
  {
    "review": "재밌었는데.. 지금은.....",
    "date": "12.04.01",
    "rating": "6",
    "author": "kos4****",
    "review_id": "6186064",
    "movie_id": "31925"
  },
  {
    "review": "당시에는 정말 재미있었던영화에요~. 지금생각하면 별3개반이지만ㅎㅎ",
    "date": "12.03.06",
    "rating": "10",
    "author": "gag3****",
    "review_id": "6127497",
    "movie_id": "31925"
  },
  {
    "review": "무조건 외면할 영화는 아닌듯싶다",
    "date": "12.03.01",
    "rating": "7",
    "author": "dma9****",
    "review_id": "6114020",
    "movie_id": "31925"
  }
]