[
  {
    "review": "컴퓨터 전기세가 아까웠던 양아치 영화!!",
    "date": "15.06.18",
    "rating": "1",
    "author": "ske4****",
    "review_id": "10007933",
    "movie_id": "31924"
  },
  {
    "review": "진짜 삼류 영화. 비추. 장혁 출연 영화는 글쎄. 이 영화는 진짜 비추. 이 영화가 2002년 개봉 영화라니 어휴...",
    "date": "15.03.13",
    "rating": "1",
    "author": "jjaj****",
    "review_id": "9776591",
    "movie_id": "31924"
  },
  {
    "review": "예전 극장에서 본 풍차의 기억 ㅋㅋ",
    "date": "15.01.22",
    "rating": "7",
    "author": "tour****",
    "review_id": "9624794",
    "movie_id": "31924"
  },
  {
    "review": "네덜란드 장혁의 풍차돌리기! 전혜진(-1)",
    "date": "14.08.10",
    "rating": "2",
    "author": "expr****",
    "review_id": "9064814",
    "movie_id": "31924"
  },
  {
    "review": "기억에 남는건 장혁의 풍차돌리기 뿐",
    "date": "14.07.17",
    "rating": "5",
    "author": "cds8****",
    "review_id": "8923412",
    "movie_id": "31924"
  },
  {
    "review": "물레방아가 잊혀지지않는군ㅋㅋㅋㅋ다시보고싶네",
    "date": "14.07.03",
    "rating": "7",
    "author": "jspa****",
    "review_id": "8879251",
    "movie_id": "31924"
  },
  {
    "review": "전혜진  벗고 나와서 5점줌",
    "date": "14.05.20",
    "rating": "5",
    "author": "hans****",
    "review_id": "8749191",
    "movie_id": "31924"
  },
  {
    "review": "이선균 부인이 벗고 나오는 영화",
    "date": "14.05.20",
    "rating": "7",
    "author": "kmsc****",
    "review_id": "8749090",
    "movie_id": "31924"
  },
  {
    "review": "중간에 쇼킹한 장면이 있네 ㅋㅋ",
    "date": "14.02.23",
    "rating": "6",
    "author": "qkqh****",
    "review_id": "8529954",
    "movie_id": "31924"
  },
  {
    "review": "잘 버무린 쌈마이의 향기",
    "date": "14.02.19",
    "rating": "10",
    "author": "reck****",
    "review_id": "8520661",
    "movie_id": "31924"
  },
  {
    "review": "이거 파일로 가지고 있어서 심심하면 보는데 보면 볼수록 재밌다. 난 이 영화가 한국영화 100선을 꼽는다면 꼭 들어가야 한다고 본다. 지금 연기 잘한다는 배우들 죄다 나오고 이선균 마누라도 나옴. 댓글들에 가치를 모르는 사람들이 많네. 최고의 로드무비",
    "date": "14.01.23",
    "rating": "10",
    "author": "rieh****",
    "review_id": "8414623",
    "movie_id": "31924"
  },
  {
    "review": "주유소 습격사건 급의 쓰나미 싸이코 스맬ㅋㅋㅋㅋ",
    "date": "13.12.20",
    "rating": "6",
    "author": "hoho****",
    "review_id": "8250513",
    "movie_id": "31924"
  },
  {
    "review": "내가 처음으로 여자와 dvd방에서 본 영화 이기때문에,,장혁의 풍차돌리기 씬에서,,그녀와 난 굉장히 뻠쭘햇지ㅋㅋㅋ",
    "date": "13.12.20",
    "rating": "10",
    "author": "zapp****",
    "review_id": "8249099",
    "movie_id": "31924"
  },
  {
    "review": "와 이렇게 재밌는 영화가있었네 연기가 하나같이 주옥같다",
    "date": "13.12.06",
    "rating": "10",
    "author": "rkfk****",
    "review_id": "8193711",
    "movie_id": "31924"
  },
  {
    "review": "이정도면 한국산 블랙코미디 명품",
    "date": "13.11.10",
    "rating": "10",
    "author": "iox2****",
    "review_id": "8131215",
    "movie_id": "31924"
  },
  {
    "review": "불쾌한 기억만",
    "date": "13.08.29",
    "rating": "1",
    "author": "kill****",
    "review_id": "7931640",
    "movie_id": "31924"
  },
  {
    "review": "시대를 앞선 영화",
    "date": "13.07.11",
    "rating": "10",
    "author": "chlg****",
    "review_id": "7724145",
    "movie_id": "31924"
  },
  {
    "review": "양아치들이 설치는게 재밌나?",
    "date": "13.06.22",
    "rating": "2",
    "author": "eyeb****",
    "review_id": "7667488",
    "movie_id": "31924"
  },
  {
    "review": "솔직히 난 이거 재미있게 봤다 ㅋㅋㅋ 유료로 다운받을수 있으면 받아서 다시보고싶네",
    "date": "13.06.15",
    "rating": "10",
    "author": "njel****",
    "review_id": "7640564",
    "movie_id": "31924"
  },
  {
    "review": "킬링타임용으로 적절하군",
    "date": "13.04.28",
    "rating": "6",
    "author": "guev****",
    "review_id": "7490432",
    "movie_id": "31924"
  },
  {
    "review": "양아치 코미디. 그냥 가볍게 보면 좋을 듯하다.",
    "date": "13.04.06",
    "rating": "6",
    "author": "hoju****",
    "review_id": "7438938",
    "movie_id": "31924"
  },
  {
    "review": "음... 음... 그냥 꽤 기대하고 본 영화였는뎅 보통",
    "date": "13.03.22",
    "rating": "7",
    "author": "sute****",
    "review_id": "7392479",
    "movie_id": "31924"
  },
  {
    "review": "기대전혀안하고 봤는데 꽤 재미있었다.",
    "date": "13.01.22",
    "rating": "8",
    "author": "a109****",
    "review_id": "7150259",
    "movie_id": "31924"
  },
  {
    "review": "두 양아치와 OO가 조폭의 마약을 우연히 얻게 되어 부산의 암거래 시장으로 향하고 그들을 쫓는 더 무서운 양아치의 이야기다. 뭐라 하기 힘든 독특하고 어둡고 밝은 느낌이 묻어난다. 예전엔 이렇게 재미있고 괜찮은 영화 인 줄 몰랐다. 지금은 너무 좋다.",
    "date": "13.01.15",
    "rating": "8",
    "author": "dsfi****",
    "review_id": "7117883",
    "movie_id": "31924"
  },
  {
    "review": "나름 ... ......볼만함 머리에 오래남음",
    "date": "12.11.07",
    "rating": "10",
    "author": "jihy****",
    "review_id": "6864031",
    "movie_id": "31924"
  },
  {
    "review": "싸이코+쌍또라이들의 반란",
    "date": "12.08.08",
    "rating": "7",
    "author": "dnf7****",
    "review_id": "6582190",
    "movie_id": "31924"
  },
  {
    "review": "장혁과 이범수의 어색한 연기가 작품을 깎아먹었다.",
    "date": "12.06.19",
    "rating": "7",
    "author": "wlfa****",
    "review_id": "6403175",
    "movie_id": "31924"
  },
  {
    "review": "네이버 쓰레기구나....이런영화가 6점대라니...너무 시대를 앞서 갔음.",
    "date": "12.06.17",
    "rating": "9",
    "author": "njwk****",
    "review_id": "6398840",
    "movie_id": "31924"
  },
  {
    "review": "더운 여름날 시원한 물한잔 먹은 기분",
    "date": "12.05.17",
    "rating": "9",
    "author": "mone****",
    "review_id": "6304447",
    "movie_id": "31924"
  },
  {
    "review": "장혁과 이범수의 어리버리한 연기가 아직도 생생하네 ㅋ",
    "date": "12.03.28",
    "rating": "8",
    "author": "name****",
    "review_id": "6174359",
    "movie_id": "31924"
  },
  {
    "review": "가볍게 보기에 웃기구 잼있음.",
    "date": "12.03.22",
    "rating": "9",
    "author": "kis5****",
    "review_id": "6161305",
    "movie_id": "31924"
  },
  {
    "review": "장혁의 욕연기는 뭔가 맛깔나는 맛이 부족;",
    "date": "12.02.26",
    "rating": "4",
    "author": "jjw2****",
    "review_id": "6105438",
    "movie_id": "31924"
  },
  {
    "review": "한국영화에 이런 영화는 처음이었던 것 같다",
    "date": "12.02.15",
    "rating": "6",
    "author": "ccpp****",
    "review_id": "6077249",
    "movie_id": "31924"
  },
  {
    "review": "쓰레기들이지만 왠지 흥겹다",
    "date": "12.02.15",
    "rating": "6",
    "author": "rame****",
    "review_id": "6077247",
    "movie_id": "31924"
  },
  {
    "review": "뭔가 리얼한 것 같은 양아치들의 일상",
    "date": "12.02.15",
    "rating": "6",
    "author": "kpcc****",
    "review_id": "6077244",
    "movie_id": "31924"
  },
  {
    "review": "장혁이 귀엽다 ㅋ",
    "date": "12.02.15",
    "rating": "9",
    "author": "yuri****",
    "review_id": "6076637",
    "movie_id": "31924"
  },
  {
    "review": "욕 시원시원하닼ㅋㅋ 재밌음 ~",
    "date": "12.01.07",
    "rating": "10",
    "author": "vltm****",
    "review_id": "5968338",
    "movie_id": "31924"
  },
  {
    "review": "세월이 흘러도 그 유쾌함 이란 ...좋은 영화 였던거 같다",
    "date": "11.09.15",
    "rating": "10",
    "author": "xdiv****",
    "review_id": "5734412",
    "movie_id": "31924"
  },
  {
    "review": "영화보는 내내 욕만 나오고 영화관 곳곳에서 가끔 터져나오던 욕들...보지마라 쫌..",
    "date": "11.08.03",
    "rating": "1",
    "author": "drhn****",
    "review_id": "5595773",
    "movie_id": "31924"
  },
  {
    "review": "쌩양아치 영화",
    "date": "11.03.07",
    "rating": "6",
    "author": "tn99****",
    "review_id": "5299536",
    "movie_id": "31924"
  },
  {
    "review": "진짜 재밌다 요즘에 나왔으면 더 떳을 영화~!",
    "date": "11.02.16",
    "rating": "10",
    "author": "nba0****",
    "review_id": "5247958",
    "movie_id": "31924"
  },
  {
    "review": "개인적으로 참 아쉽게 생각하는 작품 그냥...아쉽더라",
    "date": "11.01.06",
    "rating": "7",
    "author": "kent****",
    "review_id": "5132941",
    "movie_id": "31924"
  },
  {
    "review": "이런 영화는 다시 만들어 지기 어렵다.. 무조건 봐라..",
    "date": "10.11.30",
    "rating": "10",
    "author": "huh0****",
    "review_id": "5010489",
    "movie_id": "31924"
  },
  {
    "review": "난 경기도 안양의 이준영이다!",
    "date": "10.11.04",
    "rating": "10",
    "author": "juun****",
    "review_id": "4938763",
    "movie_id": "31924"
  },
  {
    "review": "재미있다. 그게끝! 딴생각하지말고 '그냥'보시길",
    "date": "10.09.12",
    "rating": "10",
    "author": "ksb5****",
    "review_id": "4832031",
    "movie_id": "31924"
  },
  {
    "review": "모르면 말을마라~ㅋ",
    "date": "10.09.03",
    "rating": "10",
    "author": "semi****",
    "review_id": "4814799",
    "movie_id": "31924"
  },
  {
    "review": "좌충우돌 '존나' 유쾌한 이야기",
    "date": "10.08.24",
    "rating": "8",
    "author": "powe****",
    "review_id": "4787317",
    "movie_id": "31924"
  },
  {
    "review": "주섬주섬 끌어쓰는 스토리라인... 그러나. 흥은 난다.",
    "date": "10.07.14",
    "rating": "6",
    "author": "izzo****",
    "review_id": "4638903",
    "movie_id": "31924"
  },
  {
    "review": "재밌게 봤다. 이런 좌충우돌영화 개인적으로 좋아함. ㅎㅎ스토리도 나름 괜찮고 ㅎ",
    "date": "10.07.07",
    "rating": "10",
    "author": "mapp****",
    "review_id": "4618382",
    "movie_id": "31924"
  },
  {
    "review": "한국의 가이리치 ㅋㅋㅋㅋㅋㅋㅋㅋㅋㅋㅋㅋㅋ",
    "date": "10.03.11",
    "rating": "10",
    "author": "lms3****",
    "review_id": "4350301",
    "movie_id": "31924"
  },
  {
    "review": "한국에선 양아치를 바라보는 시각은 안좋지",
    "date": "10.03.06",
    "rating": "10",
    "author": "bajj****",
    "review_id": "4338711",
    "movie_id": "31924"
  },
  {
    "review": "비운의 작품",
    "date": "10.03.01",
    "rating": "2",
    "author": "ccpk****",
    "review_id": "4326412",
    "movie_id": "31924"
  },
  {
    "review": "너무나 잘 짜여진 스토리",
    "date": "10.02.04",
    "rating": "10",
    "author": "outs****",
    "review_id": "4246453",
    "movie_id": "31924"
  },
  {
    "review": "스토리는 괜찮은데",
    "date": "10.01.21",
    "rating": "7",
    "author": "pkh0****",
    "review_id": "4193697",
    "movie_id": "31924"
  },
  {
    "review": "이 영화를 극장에서 보고나서부터 네이버 평점의 위대함을 알게 됐다.",
    "date": "10.01.09",
    "rating": "5",
    "author": "poli****",
    "review_id": "4151228",
    "movie_id": "31924"
  },
  {
    "review": "이거재미없다고하는애들은 엄마젖이나 더먹고와라...",
    "date": "10.01.01",
    "rating": "10",
    "author": "gusn****",
    "review_id": "4115135",
    "movie_id": "31924"
  },
  {
    "review": "극장에서 보고 진짜 열받았다 난!!쓰레기 영화 맞다",
    "date": "09.12.29",
    "rating": "1",
    "author": "kill****",
    "review_id": "4105511",
    "movie_id": "31924"
  },
  {
    "review": "이영화가흥행을못했다는게비극이다.'록,스탁..'같은느낌. 배역,스토리,분위기모두최고",
    "date": "09.11.07",
    "rating": "8",
    "author": "vct0****",
    "review_id": "3942246",
    "movie_id": "31924"
  },
  {
    "review": "재밌다",
    "date": "09.10.05",
    "rating": "7",
    "author": "papi****",
    "review_id": "3874248",
    "movie_id": "31924"
  },
  {
    "review": "전 이영화를 가이리치 전성기 레벨로 받아들였다는.. ^^",
    "date": "09.08.26",
    "rating": "10",
    "author": "guru****",
    "review_id": "3789162",
    "movie_id": "31924"
  },
  {
    "review": "시간이지나면인정받겠지",
    "date": "09.07.25",
    "rating": "10",
    "author": "tkda****",
    "review_id": "3665286",
    "movie_id": "31924"
  },
  {
    "review": "재미만 있더라 ㅋㅋㅋㅋㅋㅋㅋㅋ",
    "date": "09.07.11",
    "rating": "10",
    "author": "leeh****",
    "review_id": "3623352",
    "movie_id": "31924"
  },
  {
    "review": "경험에서 우러나오는듯한 양아치 영화//그럭저럭 유쾌하게 볼만하다",
    "date": "09.06.28",
    "rating": "7",
    "author": "whyl****",
    "review_id": "3598543",
    "movie_id": "31924"
  },
  {
    "review": "난 이거재밌던데 평점 잘못된거아냐?",
    "date": "09.06.14",
    "rating": "10",
    "author": "poma****",
    "review_id": "3565539",
    "movie_id": "31924"
  },
  {
    "review": "나는 왜 대한민국에서 마약 다루는 영화가 나오면 기도 안 찰까...",
    "date": "09.06.06",
    "rating": "5",
    "author": "imf0****",
    "review_id": "3546687",
    "movie_id": "31924"
  },
  {
    "review": "죤나 웃기네 ㅋㅋ 굿~",
    "date": "09.05.20",
    "rating": "10",
    "author": "stil****",
    "review_id": "3508618",
    "movie_id": "31924"
  },
  {
    "review": "감동적이고눈물나는장면이있어야돼고cg가마구들어가야만영환가요? 이거굿입니다",
    "date": "09.02.22",
    "rating": "10",
    "author": "4993****",
    "review_id": "3322798",
    "movie_id": "31924"
  },
  {
    "review": "한국에도 이런 영화가.. 양아치를 위해!!",
    "date": "09.01.29",
    "rating": "6",
    "author": "bbq2****",
    "review_id": "3261171",
    "movie_id": "31924"
  },
  {
    "review": "아침에 케이블에서 해줘서 봤더니 죠낸웃겼다 ㅋㅋㅋㅋㅋㅋㅋㅋ",
    "date": "09.01.16",
    "rating": "9",
    "author": "sch0****",
    "review_id": "3224060",
    "movie_id": "31924"
  },
  {
    "review": "그냥보통~^^",
    "date": "08.12.12",
    "rating": "7",
    "author": "ljy3****",
    "review_id": "3109872",
    "movie_id": "31924"
  },
  {
    "review": "정신없는 어이없는 양아치 영화의 최고봉!",
    "date": "08.10.23",
    "rating": "3",
    "author": "si2p****",
    "review_id": "3015409",
    "movie_id": "31924"
  },
  {
    "review": "이건 아니다",
    "date": "08.09.26",
    "rating": "1",
    "author": "jer3****",
    "review_id": "2969014",
    "movie_id": "31924"
  },
  {
    "review": "이게 왜 5점?",
    "date": "08.09.24",
    "rating": "10",
    "author": "play****",
    "review_id": "2966547",
    "movie_id": "31924"
  },
  {
    "review": "별 반개도 아깝다. 이범수 연기력은 보통수준 장혁은 정말 연기체질이 아닌듯",
    "date": "08.08.09",
    "rating": "1",
    "author": "scol****",
    "review_id": "2853802",
    "movie_id": "31924"
  },
  {
    "review": "현시대의 판타지라는 느낌, 노란 빛의 느낌이 인상적",
    "date": "08.08.08",
    "rating": "10",
    "author": "tomo****",
    "review_id": "2850152",
    "movie_id": "31924"
  },
  {
    "review": "꾀 볼만한데.....",
    "date": "08.07.22",
    "rating": "7",
    "author": "yoon****",
    "review_id": "2791329",
    "movie_id": "31924"
  },
  {
    "review": "겨우평점이5.51?? 이거 진짜.. 양아치영화 최고봉이다.ㅋㅋ 열라웃김..",
    "date": "08.05.21",
    "rating": "10",
    "author": "kick****",
    "review_id": "2654951",
    "movie_id": "31924"
  },
  {
    "review": "존나웃긴뎆 진짜 ㅋㅋㅋ",
    "date": "08.03.15",
    "rating": "10",
    "author": "ange****",
    "review_id": "2521917",
    "movie_id": "31924"
  },
  {
    "review": "그냥 단순막장 양아치들 이야기~*봉태규,김뢰하,윤제문의 단역시절을 보니 웃기네^-^*",
    "date": "08.02.26",
    "rating": "6",
    "author": "beat****",
    "review_id": "2485753",
    "movie_id": "31924"
  },
  {
    "review": "끈끈한 정이 묻어 나오는 한국판 버디무비.. 나름대로 웃기다..",
    "date": "08.02.18",
    "rating": "6",
    "author": "dudv****",
    "review_id": "2458531",
    "movie_id": "31924"
  },
  {
    "review": "코미디와 양아치작품 배경의 발달부분",
    "date": "08.02.09",
    "rating": "7",
    "author": "0tae****",
    "review_id": "2427642",
    "movie_id": "31924"
  },
  {
    "review": "저도 기억의 남는건 장혁의 풍차돌리기씬 밖에 기억에 남는게 없내요",
    "date": "08.02.07",
    "rating": "10",
    "author": "qazw****",
    "review_id": "2418491",
    "movie_id": "31924"
  },
  {
    "review": "풍차돌리기 빼곤 볼게 없다..",
    "date": "08.01.21",
    "rating": "3",
    "author": "evil****",
    "review_id": "2353498",
    "movie_id": "31924"
  },
  {
    "review": "그럭저럭 시간때우기로 재밌게본영화 장혁과이범수를다시보네",
    "date": "07.12.14",
    "rating": "9",
    "author": "nnna****",
    "review_id": "2231728",
    "movie_id": "31924"
  },
  {
    "review": "내가 재밌게 봤으니...십점쾅",
    "date": "07.11.06",
    "rating": "10",
    "author": "fuck****",
    "review_id": "2136996",
    "movie_id": "31924"
  },
  {
    "review": "Very Bad",
    "date": "07.10.29",
    "rating": "2",
    "author": "seok****",
    "review_id": "2121381",
    "movie_id": "31924"
  },
  {
    "review": "중간에 보다가 돌림",
    "date": "07.10.29",
    "rating": "3",
    "author": "ekdn****",
    "review_id": "2120796",
    "movie_id": "31924"
  },
  {
    "review": "밍밍하거나, 쓰거나. 단맛 외에는 여러 가지 맛이 나는 잡탕 주스.",
    "date": "07.10.29",
    "rating": "4",
    "author": "paci****",
    "review_id": "2119745",
    "movie_id": "31924"
  },
  {
    "review": "이 영화 좋다, 재미있다 !",
    "date": "07.10.24",
    "rating": "7",
    "author": "eleg****",
    "review_id": "2108375",
    "movie_id": "31924"
  },
  {
    "review": "끝까지 보는게 힘든영화",
    "date": "07.09.27",
    "rating": "3",
    "author": "soso****",
    "review_id": "2053888",
    "movie_id": "31924"
  },
  {
    "review": "마지막이 더 짜릿했더라면... 유쾌함ㅋㅋ  배우들 연기 굿~",
    "date": "07.09.21",
    "rating": "8",
    "author": "park****",
    "review_id": "2035859",
    "movie_id": "31924"
  },
  {
    "review": "양아치영화 양아치스럽게 잘만든거 같은데?",
    "date": "07.09.19",
    "rating": "7",
    "author": "crea****",
    "review_id": "2030431",
    "movie_id": "31924"
  },
  {
    "review": "이 영화 하고나서 감독 한참 쉬었지? 무슨짓이냐 이게==ㅋ",
    "date": "07.09.18",
    "rating": "4",
    "author": "golt****",
    "review_id": "2028262",
    "movie_id": "31924"
  },
  {
    "review": "베드신 짜증",
    "date": "07.08.18",
    "rating": "2",
    "author": "rlaw****",
    "review_id": "1954506",
    "movie_id": "31924"
  },
  {
    "review": "약 쳐먹고 현금지급기 털때는 열라 웃겻다 ㅋㅋㅋ",
    "date": "07.08.08",
    "rating": "7",
    "author": "typo****",
    "review_id": "1902000",
    "movie_id": "31924"
  },
  {
    "review": "막장연기의 대부 이범수,장혁.. 통쾌한 영화 보는내내 웃엇다",
    "date": "07.07.23",
    "rating": "10",
    "author": "resp****",
    "review_id": "1801310",
    "movie_id": "31924"
  },
  {
    "review": "보고나서 후회많이했었던 영화....짜증 그 자체였다",
    "date": "07.07.16",
    "rating": "2",
    "author": "ddak****",
    "review_id": "1779983",
    "movie_id": "31924"
  },
  {
    "review": "진짜 이건아니지",
    "date": "07.05.25",
    "rating": "1",
    "author": "moon****",
    "review_id": "1658121",
    "movie_id": "31924"
  },
  {
    "review": "연기는 좋지만 역시 3류",
    "date": "07.04.27",
    "rating": "6",
    "author": "free****",
    "review_id": "1607684",
    "movie_id": "31924"
  },
  {
    "review": "3류영화라 생각했건만, 너무너무 흥미진진 매력있었던 영화.",
    "date": "07.04.18",
    "rating": "9",
    "author": "jand****",
    "review_id": "1594741",
    "movie_id": "31924"
  }
]