[
  {
    "review": "한 10번봤다. 맘이 흐뭇해짐.",
    "date": "15.07.31",
    "rating": "10",
    "author": "thes****",
    "review_id": "10163894",
    "movie_id": "31922"
  },
  {
    "review": "어느 사회에 속한 사람이건 결국 인간미 풍기는 사람들의 코미디",
    "date": "15.07.29",
    "rating": "6",
    "author": "syoc****",
    "review_id": "10158576",
    "movie_id": "31922"
  },
  {
    "review": "[ 스토리 7, 비주얼 7, 연출 7, 연기 7 ]　신선한 소재와 배우들의 케미가 돋보인다.",
    "date": "15.07.20",
    "rating": "7",
    "author": "eyeb****",
    "review_id": "10123103",
    "movie_id": "31922"
  },
  {
    "review": "아우 진짜내가 본지 오래된 영화인데도 내가 태어나서 본 영화 중에 제일 최악인 영화....",
    "date": "15.07.02",
    "rating": "1",
    "author": "nash****",
    "review_id": "10060325",
    "movie_id": "31922"
  },
  {
    "review": "한번보면 코미디만 보이고, 두번보면 감탄하며 볼수있고, 세번보면 인생이 보임",
    "date": "15.06.07",
    "rating": "10",
    "author": "woof****",
    "review_id": "9983421",
    "movie_id": "31922"
  },
  {
    "review": "초딩때본영환데지금까지티비에서만5번은본듯.한국의단골장르조폭영화지만절에간조폭은난생처음.신선한소재.또억지로웃기기보단잘만들어진캐릭터들간조화를이용한웃음.나름훈훈한결말.이영화덕에스님들에게갖고있던딱딱하고지루한이미지가친근하고재밌게바껴버림.현실적이진않지만재밌으니좋다.",
    "date": "15.06.05",
    "rating": "8",
    "author": "dldl****",
    "review_id": "9976580",
    "movie_id": "31922"
  },
  {
    "review": "정말 재미있습니다! 추억의 영화가 되었네요!",
    "date": "15.04.17",
    "rating": "10",
    "author": "kkwm****",
    "review_id": "9849459",
    "movie_id": "31922"
  },
  {
    "review": "다시보니 명작이네요ㅎ",
    "date": "15.04.12",
    "rating": "10",
    "author": "dleh****",
    "review_id": "9842129",
    "movie_id": "31922"
  },
  {
    "review": "어릴적 tv로 많이봤던영화 지금봐도 재미있다",
    "date": "15.03.14",
    "rating": "10",
    "author": "hdh0****",
    "review_id": "9780357",
    "movie_id": "31922"
  },
  {
    "review": "그냥 딱 킬링타임용 시간 때우기 영화로 보기엔 괜찮은 수준.",
    "date": "15.03.01",
    "rating": "8",
    "author": "wank****",
    "review_id": "9749252",
    "movie_id": "31922"
  },
  {
    "review": "개성강한 조연들을 한 작품 내에서 만나볼 수 있는 종합선물 세트. 신선한 소재. 큰 재미는 없으나 잔잔한 매력이 있음",
    "date": "15.02.07",
    "rating": "6",
    "author": "jjaj****",
    "review_id": "9674720",
    "movie_id": "31922"
  },
  {
    "review": "당시에 이러한 스토리로 영화를 만들었다는게 신기하다.",
    "date": "15.02.02",
    "rating": "7",
    "author": "yong****",
    "review_id": "9661941",
    "movie_id": "31922"
  },
  {
    "review": "진짜 웃기고 재미있었음. 다시 봐도 재미있네..ㅋㅋ",
    "date": "15.01.14",
    "rating": "8",
    "author": "adiv****",
    "review_id": "9590917",
    "movie_id": "31922"
  },
  {
    "review": "소소한 재미와 인간미가 돋보이는 영화.",
    "date": "14.12.30",
    "rating": "7",
    "author": "jiyu****",
    "review_id": "9538599",
    "movie_id": "31922"
  },
  {
    "review": "지루하지 않고 재밌게 잘 봤다",
    "date": "14.12.28",
    "rating": "10",
    "author": "zoom****",
    "review_id": "9531848",
    "movie_id": "31922"
  },
  {
    "review": "이것도 13년전에 그 시절에 본거다만~   참 .. 컨셉은 신선하고 좋았는데 생각보다 코믹함이 좀 약하지 않았나 시프요.",
    "date": "14.11.17",
    "rating": "6",
    "author": "gall****",
    "review_id": "9393823",
    "movie_id": "31922"
  },
  {
    "review": "나무를 보자 하니 봐줄 만한데 숲을 보자 하니 왜 이리 엉성한지.",
    "date": "14.10.24",
    "rating": "6",
    "author": "gray****",
    "review_id": "9312018",
    "movie_id": "31922"
  },
  {
    "review": "엄마 손 잡고 중앙시네마 가서 본 영화 나름 재밌게 봤다",
    "date": "14.07.24",
    "rating": "8",
    "author": "yero****",
    "review_id": "8950106",
    "movie_id": "31922"
  },
  {
    "review": "다시보니깐 옛날 생각도 나고 추억의 향기가 고스란히 담겨있어서 좋았다",
    "date": "14.06.15",
    "rating": "10",
    "author": "dkdl****",
    "review_id": "8833828",
    "movie_id": "31922"
  },
  {
    "review": "잊혀지지않는 영화...",
    "date": "14.06.13",
    "rating": "10",
    "author": "rtxy****",
    "review_id": "8826367",
    "movie_id": "31922"
  },
  {
    "review": "옛추억에 아련함 특히 산속에서의 소리는 향수를 자극한다.",
    "date": "14.06.08",
    "rating": "10",
    "author": "maeh****",
    "review_id": "8810666",
    "movie_id": "31922"
  },
  {
    "review": "13년전에는 정말 참신하고 재밌었던 영화.. 지금도 가끔씩 하는거 보면 재미있더라 ㅋㅋㅋㅋ",
    "date": "14.06.06",
    "rating": "10",
    "author": "0109****",
    "review_id": "8805162",
    "movie_id": "31922"
  },
  {
    "review": "영화로 칠 수 없는 영화.",
    "date": "14.05.28",
    "rating": "1",
    "author": "ari1****",
    "review_id": "8771512",
    "movie_id": "31922"
  },
  {
    "review": "참신하고 잘만든 웃긴 한국식 코미디 깡패영화",
    "date": "14.05.24",
    "rating": "8",
    "author": "lkyl****",
    "review_id": "8760126",
    "movie_id": "31922"
  },
  {
    "review": "10년이 지난 후에도 여전히 재미난 탄탄한 스토리의영화",
    "date": "14.05.16",
    "rating": "9",
    "author": "jinh****",
    "review_id": "8737525",
    "movie_id": "31922"
  },
  {
    "review": "최고다 몇번을 봐도 재밌게 본영화",
    "date": "14.04.26",
    "rating": "10",
    "author": "abcd****",
    "review_id": "8673207",
    "movie_id": "31922"
  },
  {
    "review": "시대를 넘나든 웃음+감동 그자체. 내게있어 BEST5안에 드는영화!",
    "date": "14.04.21",
    "rating": "10",
    "author": "sm95****",
    "review_id": "8662999",
    "movie_id": "31922"
  },
  {
    "review": "재밋게도보고. 모든스토리면에서 만족햇고 감동 코미디 다합친거라 정말좋앗음",
    "date": "14.03.19",
    "rating": "10",
    "author": "ein1****",
    "review_id": "8588309",
    "movie_id": "31922"
  },
  {
    "review": "목숨걸고 절에 들어간 박신양의 눈빛",
    "date": "14.02.14",
    "rating": "9",
    "author": "smst****",
    "review_id": "8506112",
    "movie_id": "31922"
  },
  {
    "review": "조폭 영화 중에서는 상위 1%",
    "date": "13.12.20",
    "rating": "10",
    "author": "qkqh****",
    "review_id": "8252265",
    "movie_id": "31922"
  },
  {
    "review": "감동과 재미둘다있는영화..이거제대로나와서 3나왔으면좋겟는데 ㅜㅜ",
    "date": "13.11.23",
    "rating": "10",
    "author": "jeon****",
    "review_id": "8162083",
    "movie_id": "31922"
  },
  {
    "review": "꽉 차있는 느낌. 잊어버릴테지만 언제든 턱 괴고 보는건 환영.",
    "date": "13.11.03",
    "rating": "8",
    "author": "mhth****",
    "review_id": "8111982",
    "movie_id": "31922"
  },
  {
    "review": "2는 정말 만들지 말았어야!",
    "date": "13.10.20",
    "rating": "1",
    "author": "ske4****",
    "review_id": "8074181",
    "movie_id": "31922"
  },
  {
    "review": "나름 신선했던 소재",
    "date": "13.09.12",
    "rating": "7",
    "author": "vkav****",
    "review_id": "7970544",
    "movie_id": "31922"
  },
  {
    "review": "난 재미있게봤소",
    "date": "13.07.13",
    "rating": "10",
    "author": "rorn****",
    "review_id": "7734281",
    "movie_id": "31922"
  },
  {
    "review": "완전 신선했다 재밌고 정있고 훈훈",
    "date": "13.06.27",
    "rating": "10",
    "author": "yoon****",
    "review_id": "7683699",
    "movie_id": "31922"
  },
  {
    "review": "신선한 소재였으나 진부한 플롯과 장르.",
    "date": "13.06.20",
    "rating": "6",
    "author": "tang****",
    "review_id": "7658262",
    "movie_id": "31922"
  },
  {
    "review": "너무 재밌고 정이 묻어나는 소재를 다뤄서 만족!",
    "date": "13.06.04",
    "rating": "9",
    "author": "sys9****",
    "review_id": "7578127",
    "movie_id": "31922"
  },
  {
    "review": "완전 재밌음ㅋㅋㅋ캬.. 주제가 진짜 독특하고 좋았구요 진짜 풋풋해 배우님들ㅋㅋㅋ감동적이고 멋진 영화입니댜.",
    "date": "13.04.03",
    "rating": "10",
    "author": "rlat****",
    "review_id": "7433311",
    "movie_id": "31922"
  },
  {
    "review": "369게임 할때가 가장웃김 ㅋㅋㅋㅋㅋㅋㅋ",
    "date": "13.02.06",
    "rating": "10",
    "author": "eplh****",
    "review_id": "7231238",
    "movie_id": "31922"
  },
  {
    "review": "재밌음",
    "date": "13.02.02",
    "rating": "10",
    "author": "yang****",
    "review_id": "7210793",
    "movie_id": "31922"
  },
  {
    "review": "12년이 지나 TV에서 보는데 정말 재미있습니다 쫓기던 건달들이 사찰에 들어와 지낸다는 설정이참 독특했고요 너무도 딴판인 남자들이 우정을나누는 전개도 느므느므 재밌슴돠!!!",
    "date": "13.01.27",
    "rating": "10",
    "author": "full****",
    "review_id": "7183424",
    "movie_id": "31922"
  },
  {
    "review": "재미있네요",
    "date": "13.01.27",
    "rating": "10",
    "author": "semi****",
    "review_id": "7183420",
    "movie_id": "31922"
  },
  {
    "review": "신선한 소재만은 인정. 근데 별로 웃기지는...김수로가 살렸다.",
    "date": "13.01.24",
    "rating": "7",
    "author": "enzh****",
    "review_id": "7162920",
    "movie_id": "31922"
  },
  {
    "review": "너무너무재밌습니다~~",
    "date": "13.01.17",
    "rating": "10",
    "author": "ddka****",
    "review_id": "7125700",
    "movie_id": "31922"
  },
  {
    "review": "재밌네요 ^^",
    "date": "13.01.11",
    "rating": "8",
    "author": "wlcj****",
    "review_id": "7103413",
    "movie_id": "31922"
  },
  {
    "review": "웰메이드 한국 코미디 영화",
    "date": "13.01.11",
    "rating": "10",
    "author": "f5go****",
    "review_id": "7103272",
    "movie_id": "31922"
  },
  {
    "review": "8점 중~후반은 되야할 영화, 잘만든 수작이다. 한국영화치고 아주 좋았다. 마냥 웃긴게 아니라 가슴도 따뜻해지고 깔끔한 영화.",
    "date": "13.01.07",
    "rating": "10",
    "author": "teen****",
    "review_id": "7090113",
    "movie_id": "31922"
  },
  {
    "review": "한국 코미디",
    "date": "12.12.21",
    "rating": "8",
    "author": "qudr****",
    "review_id": "7027527",
    "movie_id": "31922"
  },
  {
    "review": "너무 재밌게 봤었고, 그후 명절 같은 때 다시 몇번 봤는데 지금 봐도 재밌고 잘 만들어진 수작.",
    "date": "12.11.28",
    "rating": "9",
    "author": "rosi****",
    "review_id": "6932511",
    "movie_id": "31922"
  },
  {
    "review": "진짜짜세임말이필없네",
    "date": "12.11.03",
    "rating": "10",
    "author": "lys1****",
    "review_id": "6849580",
    "movie_id": "31922"
  },
  {
    "review": "너무 잘만들었습니다. 수작수작",
    "date": "12.10.28",
    "rating": "10",
    "author": "deat****",
    "review_id": "6831290",
    "movie_id": "31922"
  },
  {
    "review": "적당히 볼 만하다. 첫판부터 검은 형님들 두서없이 나오는 데 잠시 당황하긴 했으나, 불가의 가르침과 적당히 어울리는 후반씬들은 그럭저럭 괜찮다.",
    "date": "12.10.21",
    "rating": "7",
    "author": "ha_e****",
    "review_id": "6817689",
    "movie_id": "31922"
  },
  {
    "review": "재밌게 잘만들었지 한국영화 정석..",
    "date": "12.09.30",
    "rating": "8",
    "author": "pass****",
    "review_id": "6744658",
    "movie_id": "31922"
  },
  {
    "review": "조폭코미디의 수작. 이런조폭코미디라면 추석에개봉해도 대환영. 코미디영허ㅏ로서도 손색이없다.",
    "date": "12.09.29",
    "rating": "9",
    "author": "dank****",
    "review_id": "6742839",
    "movie_id": "31922"
  },
  {
    "review": "조폭영화 중 그나마 잘 나온 영화.",
    "date": "12.09.10",
    "rating": "9",
    "author": "kem1****",
    "review_id": "6683999",
    "movie_id": "31922"
  },
  {
    "review": "오랜만에 다시 봤는데 훈훈하고 재밌군.",
    "date": "12.09.04",
    "rating": "10",
    "author": "mmmk****",
    "review_id": "6668867",
    "movie_id": "31922"
  },
  {
    "review": "8점주려고 했는데 니가 오야붕이냐!라는 마지막 대사랑ㅋㅋ큰스님 명대사가 너무 좋아서 9점!!ㅋㅋ그냥 밑빠진 너희를 내 맘속에 던진 것 뿐이야...는 진짜 명대사!",
    "date": "12.08.18",
    "rating": "9",
    "author": "ilha****",
    "review_id": "6620121",
    "movie_id": "31922"
  },
  {
    "review": "나이거계속본니다하지만창근이때린거못봐서8월에보고재밌다",
    "date": "12.07.25",
    "rating": "10",
    "author": "wkde****",
    "review_id": "6526423",
    "movie_id": "31922"
  },
  {
    "review": "한국 조폭코미디 영화중 신라의달밤과 더불어서 최고",
    "date": "12.06.26",
    "rating": "9",
    "author": "tlsg****",
    "review_id": "6417392",
    "movie_id": "31922"
  },
  {
    "review": "재밌음",
    "date": "12.06.16",
    "rating": "8",
    "author": "namj****",
    "review_id": "6396302",
    "movie_id": "31922"
  },
  {
    "review": "음악이 아름다워서 기억에 많이 남는 영화",
    "date": "12.06.11",
    "rating": "8",
    "author": "save****",
    "review_id": "6384372",
    "movie_id": "31922"
  },
  {
    "review": "편하게 볼 수 있어서 좋고 보고나면 기분이 좋아지는 영화",
    "date": "12.06.02",
    "rating": "9",
    "author": "qkqh****",
    "review_id": "6356019",
    "movie_id": "31922"
  },
  {
    "review": "걍박신양나오면최고",
    "date": "12.05.28",
    "rating": "10",
    "author": "food****",
    "review_id": "6340644",
    "movie_id": "31922"
  },
  {
    "review": "그 당시 엄청 유행했던 쓰레기 조폭물 중 그나마 볼만했던...",
    "date": "12.05.25",
    "rating": "8",
    "author": "lees****",
    "review_id": "6330907",
    "movie_id": "31922"
  },
  {
    "review": "감동과 재미가 있는  영화ㅋㅋ",
    "date": "12.05.15",
    "rating": "9",
    "author": "scho****",
    "review_id": "6301679",
    "movie_id": "31922"
  },
  {
    "review": "이게 진짜 레알이죠 서울가자 참거지 같이 만들었음...",
    "date": "12.04.21",
    "rating": "9",
    "author": "lshg****",
    "review_id": "6237705",
    "movie_id": "31922"
  },
  {
    "review": "옛날에 재미잇게 봣음 ㅋㅋ",
    "date": "12.04.15",
    "rating": "8",
    "author": "tsp0****",
    "review_id": "6222978",
    "movie_id": "31922"
  },
  {
    "review": "조폭들과 스님들의 한판스토리를 재밌게 잘 그려낸 오락영화..정도",
    "date": "12.03.15",
    "rating": "7",
    "author": "crui****",
    "review_id": "6145466",
    "movie_id": "31922"
  },
  {
    "review": "어렸을적에 봤는데 정말 재밌게 봤다 ㅋㅋㅋ",
    "date": "12.03.06",
    "rating": "10",
    "author": "o0o1****",
    "review_id": "6126226",
    "movie_id": "31922"
  },
  {
    "review": "몇번을 봐도 항상 재밌게 본 영화",
    "date": "12.03.02",
    "rating": "10",
    "author": "yyr0****",
    "review_id": "6118503",
    "movie_id": "31922"
  },
  {
    "review": "욕심을 채운다 한들 무엇하리...한낮 인생인 것을",
    "date": "12.02.26",
    "rating": "10",
    "author": "ch27****",
    "review_id": "6105910",
    "movie_id": "31922"
  },
  {
    "review": "각각의 케릭터와 상황설정이 살아있는 수작 코미디",
    "date": "12.02.21",
    "rating": "8",
    "author": "rudd****",
    "review_id": "6092316",
    "movie_id": "31922"
  },
  {
    "review": "재밌는 코미디 영화 중 하나네요~~",
    "date": "12.02.12",
    "rating": "7",
    "author": "mong****",
    "review_id": "6071154",
    "movie_id": "31922"
  },
  {
    "review": "아.. 이 영화..ㅋ 재밌게 봤었는데ㅋㅋ",
    "date": "11.12.17",
    "rating": "8",
    "author": "styo****",
    "review_id": "5911910",
    "movie_id": "31922"
  },
  {
    "review": "예전에 봣던영화 스님과 조폭의 캐릭터를 잘 살렷다",
    "date": "11.10.15",
    "rating": "8",
    "author": "wlgh****",
    "review_id": "5789212",
    "movie_id": "31922"
  },
  {
    "review": "그래 웃어라 ㅋ",
    "date": "11.10.03",
    "rating": "6",
    "author": "cine****",
    "review_id": "5767410",
    "movie_id": "31922"
  },
  {
    "review": "케릭터들도 살아있고 아주 재밌게 봤어요",
    "date": "11.09.02",
    "rating": "10",
    "author": "mild****",
    "review_id": "5703308",
    "movie_id": "31922"
  },
  {
    "review": "아주 오래전에본영화.그저그랬다.대충재밌었다.킬링타임용.",
    "date": "11.07.26",
    "rating": "7",
    "author": "zang****",
    "review_id": "5572208",
    "movie_id": "31922"
  },
  {
    "review": "인간관계는 밑지는 장사가 남는 장사",
    "date": "11.07.14",
    "rating": "7",
    "author": "kims****",
    "review_id": "5541778",
    "movie_id": "31922"
  },
  {
    "review": "진짜 재밌음 ㅋㅋ",
    "date": "11.06.22",
    "rating": "10",
    "author": "coek****",
    "review_id": "5493954",
    "movie_id": "31922"
  },
  {
    "review": "심심할때 재탕함ㅋㅋ 재밌어요~",
    "date": "11.06.20",
    "rating": "8",
    "author": "wjdg****",
    "review_id": "5490073",
    "movie_id": "31922"
  },
  {
    "review": "예전에 추석특집으로 봤었나? 대박웃겻ㅋㅋ",
    "date": "11.06.15",
    "rating": "10",
    "author": "hyun****",
    "review_id": "5482071",
    "movie_id": "31922"
  },
  {
    "review": "재밌었던 기억이 생생함",
    "date": "11.06.11",
    "rating": "10",
    "author": "vanq****",
    "review_id": "5477036",
    "movie_id": "31922"
  },
  {
    "review": "볼만했어요.",
    "date": "11.06.10",
    "rating": "7",
    "author": "orph****",
    "review_id": "5473715",
    "movie_id": "31922"
  },
  {
    "review": "중의 족구 실력!!",
    "date": "11.05.21",
    "rating": "9",
    "author": "pree****",
    "review_id": "5441356",
    "movie_id": "31922"
  },
  {
    "review": "흔한 조폭 코미디지만 재미는 있다..",
    "date": "11.05.11",
    "rating": "8",
    "author": "tn99****",
    "review_id": "5421812",
    "movie_id": "31922"
  },
  {
    "review": "잼땅꼑",
    "date": "11.05.08",
    "rating": "10",
    "author": "kst1****",
    "review_id": "5414065",
    "movie_id": "31922"
  },
  {
    "review": "ㅋㅋ잼있다",
    "date": "11.04.27",
    "rating": "10",
    "author": "wase****",
    "review_id": "5394640",
    "movie_id": "31922"
  },
  {
    "review": "잼있음 ㅋ",
    "date": "11.03.02",
    "rating": "9",
    "author": "tlaq****",
    "review_id": "5290500",
    "movie_id": "31922"
  },
  {
    "review": "ost도 좋앗고 대결씬도재미있엇어요. 그렇게웃기진않지만 잔잔한감동이있는듯",
    "date": "11.02.26",
    "rating": "9",
    "author": "gktj****",
    "review_id": "5276518",
    "movie_id": "31922"
  },
  {
    "review": "역시 첫편이 재밌다",
    "date": "11.01.26",
    "rating": "8",
    "author": "rudd****",
    "review_id": "5186355",
    "movie_id": "31922"
  },
  {
    "review": "출가 후 이 영화 첨으로 보았습니다. 김해 은하사 좋네요. 액션 코미디 재밌었습니다.",
    "date": "11.01.26",
    "rating": "10",
    "author": "gmpf****",
    "review_id": "5185837",
    "movie_id": "31922"
  },
  {
    "review": "단순한 폭력물이아닌, 큰 따쓰함을 남기는 전형적인 한국 코메디!",
    "date": "11.01.20",
    "rating": "10",
    "author": "j634****",
    "review_id": "5171478",
    "movie_id": "31922"
  },
  {
    "review": "아쉬운 코메디.",
    "date": "11.01.17",
    "rating": "3",
    "author": "pria****",
    "review_id": "5165842",
    "movie_id": "31922"
  },
  {
    "review": "뻔한 조폭 코메디지만 참신함은 저때만해도 살아있었다.",
    "date": "11.01.10",
    "rating": "5",
    "author": "inos****",
    "review_id": "5145883",
    "movie_id": "31922"
  },
  {
    "review": "너무 재밌는 영화.",
    "date": "10.12.21",
    "rating": "10",
    "author": "odjs****",
    "review_id": "5070769",
    "movie_id": "31922"
  },
  {
    "review": "진짜  계속봐도 안질리네요 요즘영화보다 훨씬재밌는거같아요 ^ㅣ^",
    "date": "10.11.28",
    "rating": "10",
    "author": "fcsk****",
    "review_id": "5000950",
    "movie_id": "31922"
  },
  {
    "review": "몇번을 다시 봐도 재밌다. 좋은 풍경과 색다른 웃음이  영화를 감칠맛나게한다.",
    "date": "10.11.23",
    "rating": "10",
    "author": "lomi****",
    "review_id": "4983032",
    "movie_id": "31922"
  },
  {
    "review": "오랜만에 tv틀다가 또 보게 되었는데 웃기고 잼있네.",
    "date": "10.11.14",
    "rating": "10",
    "author": "ybb1****",
    "review_id": "4959152",
    "movie_id": "31922"
  }
]