[
  {
    "review": "약역전문 존트라볼타. 연기는 그야말로 일품.",
    "date": "15.07.17",
    "rating": "10",
    "author": "lsh5****",
    "review_id": "10112002",
    "movie_id": "31939"
  },
  {
    "review": "속고 속이는 반전의 연속..일단 멤버들이 정말 화려하네요..",
    "date": "15.06.02",
    "rating": "6",
    "author": "yshb****",
    "review_id": "9970583",
    "movie_id": "31939"
  },
  {
    "review": "상당히 재밋구만 허허 명불허전",
    "date": "15.04.29",
    "rating": "10",
    "author": "paem****",
    "review_id": "9878328",
    "movie_id": "31939"
  },
  {
    "review": "오 이런 액션 영화가 숨어있었다니 제법 명작",
    "date": "15.03.15",
    "rating": "7",
    "author": "bear****",
    "review_id": "9782585",
    "movie_id": "31939"
  },
  {
    "review": "캐릭터의 매력도, 관습을 뒤트는 결말도 매력적.",
    "date": "15.03.04",
    "rating": "8",
    "author": "reco****",
    "review_id": "9755661",
    "movie_id": "31939"
  },
  {
    "review": "최근에 다시보고난후 존트라볼타의연기빼면 연출도구성도개연성도 허술한영화라는걸 느꼇다.첫장면의 대사는 정말 멋있었지만 그에걸맞는작품은 나오지않았다",
    "date": "14.12.25",
    "rating": "6",
    "author": "yell****",
    "review_id": "9514906",
    "movie_id": "31939"
  },
  {
    "review": "예전에 봤지만 정말 10점이 부족한 영화.정말 괜찮은 스토리와 사상, 연출, 각본, 구성 등 이 모든 것이 완벽하다.",
    "date": "14.12.13",
    "rating": "10",
    "author": "hycw****",
    "review_id": "9471354",
    "movie_id": "31939"
  },
  {
    "review": "역시 존 트라볼타의 연기는 명불허전이다.다른 배우가 안보인다. 진짜 감탄하면서 봤다.",
    "date": "14.09.11",
    "rating": "8",
    "author": "shki****",
    "review_id": "9205089",
    "movie_id": "31939"
  },
  {
    "review": "적적한 스릴과 반전 신선한 시도가 돋보이는 영화",
    "date": "14.07.29",
    "rating": "8",
    "author": "mi86****",
    "review_id": "8978689",
    "movie_id": "31939"
  },
  {
    "review": "초반은 매우 재밌었음.",
    "date": "14.07.13",
    "rating": "8",
    "author": "dlwo****",
    "review_id": "8911850",
    "movie_id": "31939"
  },
  {
    "review": "9점 정도의 영화 평점이낮아서 10점존트라볼타의 매력적인연기는 10점만점",
    "date": "14.07.03",
    "rating": "10",
    "author": "delo****",
    "review_id": "8879564",
    "movie_id": "31939"
  },
  {
    "review": "내취향의영화 잼나게봄",
    "date": "14.05.24",
    "rating": "7",
    "author": "2328****",
    "review_id": "8761151",
    "movie_id": "31939"
  },
  {
    "review": "화려한 캐스팅 대비 다소 임팩트가 약한 영화. 그래도 예상하지 못한 결말 때문에 끝까지 볼만한 가치가 있는 영화.",
    "date": "14.04.29",
    "rating": "8",
    "author": "jjaj****",
    "review_id": "8681405",
    "movie_id": "31939"
  },
  {
    "review": "어릴적 한번쯤은 악당이 이기는 것도 보고싶었는데. 신선했다. 사회엔 필요악도 존재하지.. 찜찜한 느낌이 없지않아 있긴하지만.. 구성은 정말 탄탄",
    "date": "14.04.06",
    "rating": "9",
    "author": "real****",
    "review_id": "8632583",
    "movie_id": "31939"
  },
  {
    "review": "7점은 됩니다....",
    "date": "14.03.27",
    "rating": "7",
    "author": "bsuu****",
    "review_id": "8610786",
    "movie_id": "31939"
  },
  {
    "review": "첫 장면에서 ‘사실성’을 말하지만 영화는 사실적으로 보이지 않고, 영화가 내세우는 ‘이에는 이’식의 테러 대응은 받아들이기 싫다. 액션 장면만 기억에 남는다.",
    "date": "14.03.17",
    "rating": "5",
    "author": "zxc1****",
    "review_id": "8583261",
    "movie_id": "31939"
  },
  {
    "review": "액션없는 해커영화인줄 알았지만 재밌다. 액션도 장관이고.스토리도 좋다",
    "date": "14.01.25",
    "rating": "10",
    "author": "star****",
    "review_id": "8424960",
    "movie_id": "31939"
  },
  {
    "review": "거대한 음모가 장관이다",
    "date": "13.12.15",
    "rating": "5",
    "author": "kos4****",
    "review_id": "8216406",
    "movie_id": "31939"
  },
  {
    "review": "타서 죽은 거 완전 신선한 충격 !!볼만한 영화 ~~",
    "date": "13.11.18",
    "rating": "7",
    "author": "aofu****",
    "review_id": "8150508",
    "movie_id": "31939"
  },
  {
    "review": "스토리 연출 배우들의 연기 모두 훌륭하다. 존 트리볼타는 역시 세계적인 명배우이다.",
    "date": "13.10.28",
    "rating": "8",
    "author": "whit****",
    "review_id": "8098078",
    "movie_id": "31939"
  },
  {
    "review": "이게 명작이라고? ㅡㅡ;",
    "date": "13.09.28",
    "rating": "4",
    "author": "bbas****",
    "review_id": "8019653",
    "movie_id": "31939"
  },
  {
    "review": "평균이하",
    "date": "13.09.24",
    "rating": "6",
    "author": "cycl****",
    "review_id": "8013028",
    "movie_id": "31939"
  },
  {
    "review": "기대이하 별루 그닥재미가없네.",
    "date": "13.09.21",
    "rating": "4",
    "author": "kis5****",
    "review_id": "8004924",
    "movie_id": "31939"
  },
  {
    "review": "액션신 멋지고, 휴잭맨도 멋지고",
    "date": "13.08.26",
    "rating": "8",
    "author": "issu****",
    "review_id": "7923975",
    "movie_id": "31939"
  },
  {
    "review": "존트라볼타 휴잭맨 지금 개봉해도 다시 볼 명작",
    "date": "13.08.09",
    "rating": "10",
    "author": "shle****",
    "review_id": "7863579",
    "movie_id": "31939"
  },
  {
    "review": "꼭 봐라 두 번 봐라",
    "date": "13.05.25",
    "rating": "10",
    "author": "lada****",
    "review_id": "7552926",
    "movie_id": "31939"
  },
  {
    "review": "선을 위한 악은 승리한다",
    "date": "13.05.05",
    "rating": "10",
    "author": "chun****",
    "review_id": "7510214",
    "movie_id": "31939"
  },
  {
    "review": "다양한 출연진에 비해....그냥 내용은 그냥저냥.ㅠㅠ기대이하~쩝쩝~~",
    "date": "13.03.20",
    "rating": "6",
    "author": "aym0****",
    "review_id": "7378717",
    "movie_id": "31939"
  },
  {
    "review": "ㅋㅋㅋㅋ 알바들떔에 펴점 내려간 영화 좀 잘만들고 조장좀해라 디워가 아직도 7점대인네이버 평점 ㅋㅋㅋㅋ힘내라 대한민국",
    "date": "13.03.19",
    "rating": "9",
    "author": "jeon****",
    "review_id": "7364150",
    "movie_id": "31939"
  },
  {
    "review": "재밋다",
    "date": "13.02.14",
    "rating": "8",
    "author": "chae****",
    "review_id": "7263017",
    "movie_id": "31939"
  },
  {
    "review": "이렇게 허술한 스릴러 영화가 또 있을까",
    "date": "13.02.04",
    "rating": "3",
    "author": "feel****",
    "review_id": "7222106",
    "movie_id": "31939"
  },
  {
    "review": "오프닝이 아깝다..배우들이 아깝다..시간이 아깝다..",
    "date": "13.02.01",
    "rating": "2",
    "author": "skwo****",
    "review_id": "7209423",
    "movie_id": "31939"
  },
  {
    "review": "볼만한 범죄영화 예전에 재미있게 봤는데",
    "date": "12.12.17",
    "rating": "10",
    "author": "wogh****",
    "review_id": "7013579",
    "movie_id": "31939"
  },
  {
    "review": "좋은 오프닝을 야금야금 갉아먹다.",
    "date": "12.07.28",
    "rating": "3",
    "author": "pria****",
    "review_id": "6546324",
    "movie_id": "31939"
  },
  {
    "review": "트라볼타는 역시 악역이 어울리는..",
    "date": "12.07.13",
    "rating": "8",
    "author": "cred****",
    "review_id": "6473805",
    "movie_id": "31939"
  },
  {
    "review": "초반부터 흥미롭게 전개되는군",
    "date": "12.06.30",
    "rating": "7",
    "author": "guev****",
    "review_id": "6430441",
    "movie_id": "31939"
  },
  {
    "review": "이게 10년전 영화라니 믿기지가 않네요..지금 개봉해도 될만하네요,,정말 잘봤음",
    "date": "12.06.27",
    "rating": "10",
    "author": "olan****",
    "review_id": "6420274",
    "movie_id": "31939"
  },
  {
    "review": "께름직하지만 나름 신선한 결말 에너미 오브 스테이트의 반대편?",
    "date": "12.06.18",
    "rating": "8",
    "author": "heim****",
    "review_id": "6400638",
    "movie_id": "31939"
  },
  {
    "review": "영화보고난후에 영화포스터가 NG라는걸 알았다 스릴액션 명작",
    "date": "12.06.09",
    "rating": "9",
    "author": "hose****",
    "review_id": "6379397",
    "movie_id": "31939"
  },
  {
    "review": "요즘 영화보다 훨 낫음 할리베리의 슴가 노출 대~박!",
    "date": "12.04.23",
    "rating": "10",
    "author": "seao****",
    "review_id": "6241051",
    "movie_id": "31939"
  },
  {
    "review": "화려한 스타들의 포진과 신선한 소재 그리고 경쾌한 음악만으로도 큰 소득!",
    "date": "12.04.07",
    "rating": "8",
    "author": "srab****",
    "review_id": "6198215",
    "movie_id": "31939"
  },
  {
    "review": "봐봐 재미있어",
    "date": "12.03.27",
    "rating": "9",
    "author": "casc****",
    "review_id": "6172199",
    "movie_id": "31939"
  },
  {
    "review": "독특한 결말.. 그러나 맘에 들었다..",
    "date": "12.03.18",
    "rating": "9",
    "author": "tn99****",
    "review_id": "6153515",
    "movie_id": "31939"
  },
  {
    "review": "개봉하고 봤다가 다시 또 봤는데~~ 역시나 멋지당",
    "date": "12.03.10",
    "rating": "9",
    "author": "eldp****",
    "review_id": "6135201",
    "movie_id": "31939"
  },
  {
    "review": "기대이상의 평범치않은 인질극. 전개도 마음에 든다.",
    "date": "12.02.08",
    "rating": "9",
    "author": "isem****",
    "review_id": "6060578",
    "movie_id": "31939"
  },
  {
    "review": "진짜 영화광으로써 10점 거의안주는데 이영화는 왜 이제야 봤을까? 진짜좋은영화",
    "date": "12.02.08",
    "rating": "10",
    "author": "vm4e****",
    "review_id": "6060330",
    "movie_id": "31939"
  },
  {
    "review": "재미있다...",
    "date": "12.01.28",
    "rating": "10",
    "author": "audr****",
    "review_id": "6031112",
    "movie_id": "31939"
  },
  {
    "review": "보편적 주제를 다소 심심하게 다뤘다.. 하지만 영상미랑 배우들 연기는 만점이다",
    "date": "12.01.27",
    "rating": "7",
    "author": "love****",
    "review_id": "6026332",
    "movie_id": "31939"
  },
  {
    "review": "내가 재미나게 봤다면 ..그걸로 된거다 .^^",
    "date": "12.01.05",
    "rating": "9",
    "author": "aldn****",
    "review_id": "5961306",
    "movie_id": "31939"
  },
  {
    "review": "눈은 즐겁지만 이해하기 힘들다",
    "date": "11.12.17",
    "rating": "5",
    "author": "abcj****",
    "review_id": "5910553",
    "movie_id": "31939"
  },
  {
    "review": "유명배우4명출연치곤실망이지만10년전영화치곤볼만했음.",
    "date": "11.12.10",
    "rating": "8",
    "author": "a109****",
    "review_id": "5897452",
    "movie_id": "31939"
  },
  {
    "review": "배우들의 맛깔나는 연기떔시",
    "date": "11.11.27",
    "rating": "9",
    "author": "cjst****",
    "review_id": "5873177",
    "movie_id": "31939"
  },
  {
    "review": "대테러 전쟁 옹호?? 그런거 관심없다 영화는 영화니까! 스토리 예술이잖아!",
    "date": "11.11.17",
    "rating": "8",
    "author": "iani****",
    "review_id": "5854185",
    "movie_id": "31939"
  },
  {
    "review": "우와~~10년 지난 영화가 이렇게 재밌을 줄이야..긴장과 액션..반전까지..",
    "date": "11.10.22",
    "rating": "9",
    "author": "pong****",
    "review_id": "5803786",
    "movie_id": "31939"
  },
  {
    "review": "초반부보고 기대 너무해서 그런가 끝나고 뭐야 이거였어...라는 생각듬",
    "date": "11.10.16",
    "rating": "6",
    "author": "iss2****",
    "review_id": "5792613",
    "movie_id": "31939"
  },
  {
    "review": "다수를 위한 소수의 희생... 과연 올바른 선택인가?",
    "date": "11.09.29",
    "rating": "8",
    "author": "uds0****",
    "review_id": "5759312",
    "movie_id": "31939"
  },
  {
    "review": "한국에선 못만들 영화",
    "date": "11.09.26",
    "rating": "10",
    "author": "ggpe****",
    "review_id": "5752774",
    "movie_id": "31939"
  },
  {
    "review": "많은 생각을 하고 만든 영화인듯 ! 재밌고 영상도 괜찮았어요!",
    "date": "11.09.02",
    "rating": "10",
    "author": "ecoa****",
    "review_id": "5704639",
    "movie_id": "31939"
  },
  {
    "review": "그냥 킬링타임용으로 무난한듯.",
    "date": "11.08.08",
    "rating": "7",
    "author": "akiy****",
    "review_id": "5622905",
    "movie_id": "31939"
  },
  {
    "review": "파시즘에 물든 미국인들의 설득력 없는 도둑질 힘자랑 학살, 아무도 우릴 막진못해!",
    "date": "11.08.08",
    "rating": "1",
    "author": "shin****",
    "review_id": "5622810",
    "movie_id": "31939"
  },
  {
    "review": "스토리도 괜찮고 액션도 좋네~~",
    "date": "11.08.02",
    "rating": "9",
    "author": "dbzh****",
    "review_id": "5590995",
    "movie_id": "31939"
  },
  {
    "review": "01년작, 가볍고 참신! 엉성한부분은 부담주기싫어 일부러대충한듯. 서커스 코끼리마술처럼..",
    "date": "11.07.16",
    "rating": "10",
    "author": "arch****",
    "review_id": "5548449",
    "movie_id": "31939"
  },
  {
    "review": "배우들의 매력을 조금씩 맛만 보도록 하게끔 만든 영화같다",
    "date": "11.07.03",
    "rating": "6",
    "author": "rosl****",
    "review_id": "5519344",
    "movie_id": "31939"
  },
  {
    "review": "용두사미인 영화. 시작은 거창하지만 결말은 실망 그 자체.",
    "date": "11.06.21",
    "rating": "2",
    "author": "ccpp****",
    "review_id": "5492079",
    "movie_id": "31939"
  },
  {
    "review": "'양육권 분쟁중인 딸을 위해..'라는 동기는 이제 그만 좀..",
    "date": "11.06.21",
    "rating": "2",
    "author": "rame****",
    "review_id": "5492077",
    "movie_id": "31939"
  },
  {
    "review": "누가 선한 편일까? 아랍의 테러리스트일까 테러리스트를 죽이는 은행강도일까",
    "date": "11.06.21",
    "rating": "2",
    "author": "kpcc****",
    "review_id": "5492076",
    "movie_id": "31939"
  },
  {
    "review": "10년이 지난뒤에도 충분한 긴장감을 주는 영화. 도미닉 세나 감독의 수작.",
    "date": "11.06.18",
    "rating": "10",
    "author": "ecli****",
    "review_id": "5487607",
    "movie_id": "31939"
  },
  {
    "review": "볼만한영화.",
    "date": "11.06.08",
    "rating": "8",
    "author": "orph****",
    "review_id": "5470765",
    "movie_id": "31939"
  },
  {
    "review": "기상천외한 장면과 독특한 연출법이 아주 좋았지만 영화진행이 조금 아쉽네",
    "date": "11.05.27",
    "rating": "7",
    "author": "hamj****",
    "review_id": "5451553",
    "movie_id": "31939"
  },
  {
    "review": "잼있는상식:당시 할리배리가슴노출을위해 제작사가 한국돈30억을추가투자함ㅋㅋ",
    "date": "11.05.18",
    "rating": "9",
    "author": "yaho****",
    "review_id": "5434514",
    "movie_id": "31939"
  },
  {
    "review": "good",
    "date": "11.05.14",
    "rating": "10",
    "author": "sc_i****",
    "review_id": "5426812",
    "movie_id": "31939"
  },
  {
    "review": "잼게봣는데염 ㅋㅋ",
    "date": "11.05.07",
    "rating": "9",
    "author": "kst1****",
    "review_id": "5411790",
    "movie_id": "31939"
  },
  {
    "review": "7.5점 정도가 적당한거 같은데. 근데 약간 스토리구성이 약하지 않나라는 생각",
    "date": "11.04.23",
    "rating": "7",
    "author": "fire****",
    "review_id": "5387738",
    "movie_id": "31939"
  },
  {
    "review": "재밌다ㅋㅋ근데 이해안된다는 사람들 머리딸리나 보네",
    "date": "11.02.28",
    "rating": "9",
    "author": "31bo****",
    "review_id": "5283260",
    "movie_id": "31939"
  },
  {
    "review": "내가 찾던 영화 반전 ㅎㅎ",
    "date": "11.02.27",
    "rating": "10",
    "author": "kkh1****",
    "review_id": "5280560",
    "movie_id": "31939"
  },
  {
    "review": "옛날영화였구나.. 재밌게 잘봄",
    "date": "11.02.23",
    "rating": "9",
    "author": "etma****",
    "review_id": "5268405",
    "movie_id": "31939"
  },
  {
    "review": "진짜 관람등급 애매함.. 암튼 평점 너무 높다 이런 장르치고는 좀 후졌다",
    "date": "10.11.21",
    "rating": "1",
    "author": "hny1****",
    "review_id": "4977018",
    "movie_id": "31939"
  },
  {
    "review": "이게 왜 15세영화?  19세이상관람가",
    "date": "10.11.20",
    "rating": "10",
    "author": "tmdr****",
    "review_id": "4975258",
    "movie_id": "31939"
  },
  {
    "review": "예측할 수 없는 스토리와 액션",
    "date": "10.11.05",
    "rating": "9",
    "author": "yser****",
    "review_id": "4939624",
    "movie_id": "31939"
  },
  {
    "review": "연기력하고 내용 전개는 괜찮음 결말을 이해한다면 높게주겠는데;; 어렵네요;;",
    "date": "10.10.10",
    "rating": "6",
    "author": "ass1****",
    "review_id": "4894355",
    "movie_id": "31939"
  },
  {
    "review": "중학생때 봤는데 그때 완전 센세이션 이었음",
    "date": "10.09.14",
    "rating": "10",
    "author": "rapa****",
    "review_id": "4834927",
    "movie_id": "31939"
  },
  {
    "review": "'양육권 분쟁중인 딸을 위해..'라는 동기는 이제 그만 좀.. 신선한 요소는 꽤 많았다.",
    "date": "10.09.03",
    "rating": "6",
    "author": "imf0****",
    "review_id": "4813762",
    "movie_id": "31939"
  },
  {
    "review": "대작",
    "date": "10.09.02",
    "rating": "10",
    "author": "toha****",
    "review_id": "4811896",
    "movie_id": "31939"
  },
  {
    "review": "이정도면 됐지뭐..",
    "date": "10.08.22",
    "rating": "10",
    "author": "toug****",
    "review_id": "4779900",
    "movie_id": "31939"
  },
  {
    "review": "음악이 참 좋았던 영화",
    "date": "10.08.08",
    "rating": "8",
    "author": "true****",
    "review_id": "4722223",
    "movie_id": "31939"
  },
  {
    "review": "10년전 영화치고는 대박아냐? 상식을 뛰어넘는 영화~",
    "date": "10.07.06",
    "rating": "10",
    "author": "ohso****",
    "review_id": "4616402",
    "movie_id": "31939"
  },
  {
    "review": "초반 폭발 장면빼곤 최악..",
    "date": "10.06.26",
    "rating": "4",
    "author": "scar****",
    "review_id": "4592672",
    "movie_id": "31939"
  },
  {
    "review": "헬기로 버스를 메달고 가는 액션이 참신?했다.반전도 괜찮았음.",
    "date": "10.05.26",
    "rating": "7",
    "author": "marc****",
    "review_id": "4525200",
    "movie_id": "31939"
  },
  {
    "review": "하하하",
    "date": "10.03.14",
    "rating": "10",
    "author": "nice****",
    "review_id": "4357533",
    "movie_id": "31939"
  },
  {
    "review": "초반에 헐리우드 영화 진부하다느니 말하기 민망하지 않나? 할리베리 몸매는 볼 만",
    "date": "10.03.09",
    "rating": "4",
    "author": "kthy****",
    "review_id": "4346189",
    "movie_id": "31939"
  },
  {
    "review": "용두사미인 영화. 시작은 거창하지만 결말은 실망 그 자체.",
    "date": "10.03.03",
    "rating": "7",
    "author": "jini****",
    "review_id": "4331082",
    "movie_id": "31939"
  },
  {
    "review": "와~ 정말 탄탄한 스토리! 이런영화 맘에 든다고~!",
    "date": "10.03.01",
    "rating": "10",
    "author": "luky****",
    "review_id": "4326030",
    "movie_id": "31939"
  },
  {
    "review": "그냥평작ㅋㅋ하지만 존트라볼타가악역으로나오는영화는 꼭5점주고본다!!",
    "date": "10.03.01",
    "rating": "10",
    "author": "ghrj****",
    "review_id": "4325917",
    "movie_id": "31939"
  },
  {
    "review": "딴건필요없고 존트라볼타 연기력 쩜니다..",
    "date": "10.02.26",
    "rating": "10",
    "author": "b_ho****",
    "review_id": "4320462",
    "movie_id": "31939"
  },
  {
    "review": "역시 영화는 배우, 연기보다 일단 시나리오가 좋아야 된다",
    "date": "10.02.26",
    "rating": "2",
    "author": "bbq2****",
    "review_id": "4318967",
    "movie_id": "31939"
  },
  {
    "review": "스케일은 크게 벌려놓고 점점...",
    "date": "10.02.15",
    "rating": "6",
    "author": "poke****",
    "review_id": "4285406",
    "movie_id": "31939"
  },
  {
    "review": "분명 재미는 있었는데 왜 결말 부분 어떻게 이해가 안가는거지?어떻게 그랬을까?",
    "date": "10.02.10",
    "rating": "10",
    "author": "y1u0****",
    "review_id": "4266394",
    "movie_id": "31939"
  },
  {
    "review": "10년전 작품인데 연출력이 대단하네요.. 90분이라 좀 짧은듯 마무리가 좀..",
    "date": "10.02.07",
    "rating": "9",
    "author": "ykm3****",
    "review_id": "4254532",
    "movie_id": "31939"
  },
  {
    "review": "반전아닌 반전.,",
    "date": "10.01.14",
    "rating": "6",
    "author": "kygo****",
    "review_id": "4167723",
    "movie_id": "31939"
  },
  {
    "review": "존트라볼타때문에 보게됐던,,, 마지막에 반전이라면 반전이랄까...",
    "date": "10.01.12",
    "rating": "7",
    "author": "the6****",
    "review_id": "4164283",
    "movie_id": "31939"
  }
]