[
  {
    "review": "조금 허무했다... 중국의 잔혹한 자본주의를 보여주었다.",
    "date": "15.04.09",
    "rating": "8",
    "author": "taeh****",
    "review_id": "9835552",
    "movie_id": "31942"
  },
  {
    "review": "13년째...이 영화 ost찾고 있습니다.블로그라도아시는분제발알레주세요~~~~",
    "date": "14.12.03",
    "rating": "8",
    "author": "hide****",
    "review_id": "9444366",
    "movie_id": "31942"
  },
  {
    "review": "북경의 현실을 잘 볼 수 있는 영화라 좋았음",
    "date": "14.04.17",
    "rating": "9",
    "author": "dldm****",
    "review_id": "8656027",
    "movie_id": "31942"
  },
  {
    "review": "그 여자가 이 여학생이었구나... 평점과 리뷰가 별로 없는 것을 보니 우리 나라에서는 개봉을 안 했나 보다. 청소년들이 이런 좋은 성장 영화들을 많이 봐야 하는데, 아쉬비^^.",
    "date": "13.08.10",
    "rating": "9",
    "author": "cool****",
    "review_id": "7866276",
    "movie_id": "31942"
  },
  {
    "review": "벽돌깨기",
    "date": "13.07.11",
    "rating": "1",
    "author": "csar****",
    "review_id": "7727222",
    "movie_id": "31942"
  },
  {
    "review": "OOㅇ 노답 진짜 노답 내 2시간 아까운거 처음이다",
    "date": "13.07.11",
    "rating": "1",
    "author": "red2****",
    "review_id": "7724555",
    "movie_id": "31942"
  },
  {
    "review": "진짜 중국을 보고싶다며 보길",
    "date": "13.02.26",
    "rating": "10",
    "author": "gau8****",
    "review_id": "7303913",
    "movie_id": "31942"
  },
  {
    "review": "북경어랑 중국어랑 차이못느끼겠다 ㅠㅠ 배우들이 자전거에집착하는게 좀 어이없고 여자친구가 변심한게 이해가안되요",
    "date": "12.10.28",
    "rating": "10",
    "author": "gk08****",
    "review_id": "6833238",
    "movie_id": "31942"
  },
  {
    "review": "투박하지만 중국의 자본주의 개혁.개방에 발전한 모습과 상반되는 이면에는 소시민들의 힘겨운 삶의 모습도 닮겨있구 여운이 남는영화. 볼만했음.",
    "date": "12.09.02",
    "rating": "10",
    "author": "kis5****",
    "review_id": "6665321",
    "movie_id": "31942"
  },
  {
    "review": "첨에 아뭐지 지루해죽겠네라고생각했는데  그 내용을파악하니 참잘봤다는생각이든다",
    "date": "12.05.31",
    "rating": "8",
    "author": "shad****",
    "review_id": "6352117",
    "movie_id": "31942"
  },
  {
    "review": "재밋따",
    "date": "12.05.24",
    "rating": "1",
    "author": "syda****",
    "review_id": "6327591",
    "movie_id": "31942"
  },
  {
    "review": "슬프고도 미련한 욕심",
    "date": "12.02.17",
    "rating": "6",
    "author": "bbq2****",
    "review_id": "6081764",
    "movie_id": "31942"
  },
  {
    "review": "쓰레기쉽니다",
    "date": "11.03.11",
    "rating": "1",
    "author": "kimh****",
    "review_id": "5306554",
    "movie_id": "31942"
  },
  {
    "review": "북경자전거.. 꽤 코믹했던 부분도 있었지만 살짝 중간에 감도는 지루함이랄까.",
    "date": "10.12.05",
    "rating": "8",
    "author": "yaku****",
    "review_id": "5023900",
    "movie_id": "31942"
  },
  {
    "review": "이 영화를 본다는 것은 중국 문화를 이해한다는 것... 한때 감추려 한 것이 아쉽다...",
    "date": "10.11.10",
    "rating": "10",
    "author": "yunn****",
    "review_id": "4949513",
    "movie_id": "31942"
  },
  {
    "review": "지금을 살아간다는것",
    "date": "10.09.21",
    "rating": "10",
    "author": "zero****",
    "review_id": "4853556",
    "movie_id": "31942"
  },
  {
    "review": "현재 중국의 모습을 투영한듯한 인상을 받았다 여러번 생각하게 만드는 영화",
    "date": "10.07.02",
    "rating": "8",
    "author": "pine****",
    "review_id": "4606658",
    "movie_id": "31942"
  },
  {
    "review": "tv에서 해줘서 봤는데 꽤나 인상적이었다는- 벌써 8년전이라니...",
    "date": "10.03.21",
    "rating": "7",
    "author": "gade****",
    "review_id": "4373731",
    "movie_id": "31942"
  },
  {
    "review": "중국의 상징요소가 두 소년의 꿈과 희망을 여러번 망쳐놓았다",
    "date": "10.03.08",
    "rating": "6",
    "author": "hsfa****",
    "review_id": "4343537",
    "movie_id": "31942"
  },
  {
    "review": "평범한 일상을 담아낸 드라마인 만큼 가볍게 만들었으면... 너무 무거웠다 특히 ost",
    "date": "10.01.23",
    "rating": "8",
    "author": "for_****",
    "review_id": "4201071",
    "movie_id": "31942"
  },
  {
    "review": "소소한 재미..",
    "date": "09.12.24",
    "rating": "6",
    "author": "drd1****",
    "review_id": "4076342",
    "movie_id": "31942"
  },
  {
    "review": "이영화 재밋슴^^",
    "date": "09.07.29",
    "rating": "10",
    "author": "kj10****",
    "review_id": "3680532",
    "movie_id": "31942"
  },
  {
    "review": "감동적인 영화~~~ ...",
    "date": "09.07.29",
    "rating": "8",
    "author": "gusw****",
    "review_id": "3680524",
    "movie_id": "31942"
  },
  {
    "review": "오래전에 본건데 또 봐도 재밌네요~흐믓한 영화",
    "date": "09.04.05",
    "rating": "10",
    "author": "chee****",
    "review_id": "3405329",
    "movie_id": "31942"
  },
  {
    "review": "잔잔한 감동이 있는 영화",
    "date": "09.04.04",
    "rating": "10",
    "author": "chal****",
    "review_id": "3404480",
    "movie_id": "31942"
  },
  {
    "review": "택배요원의 삶을 그린줄알았는데 그게아니었다 --ㅋ",
    "date": "08.11.21",
    "rating": "10",
    "author": "kwon****",
    "review_id": "3063174",
    "movie_id": "31942"
  },
  {
    "review": "변화기의 중국의 모습, 사춘기 소년들의 소용돌이 그리고 절제된 시선의 조화",
    "date": "08.10.20",
    "rating": "8",
    "author": "muku****",
    "review_id": "3011154",
    "movie_id": "31942"
  },
  {
    "review": "자전거 좋아하는분은 무지잼있게볼듯,메리다 나옵니다!ㅎ보는내내 영화에스며드는기분",
    "date": "08.10.13",
    "rating": "10",
    "author": "aupe****",
    "review_id": "2997981",
    "movie_id": "31942"
  },
  {
    "review": "감상적 평은 그만! 이 영화는 중국 정부를 비판, 결국 있는자만의 경제개방 지적",
    "date": "08.05.09",
    "rating": "9",
    "author": "hany****",
    "review_id": "2626306",
    "movie_id": "31942"
  },
  {
    "review": "역시 의지의 중국인 답다.",
    "date": "08.02.29",
    "rating": "8",
    "author": "godj****",
    "review_id": "2494005",
    "movie_id": "31942"
  },
  {
    "review": "자전거는 그에게 꿈이었다",
    "date": "08.02.10",
    "rating": "9",
    "author": "oliv****",
    "review_id": "2431885",
    "movie_id": "31942"
  },
  {
    "review": "그들에게 남겨진건 청춘이라는 이름뿐",
    "date": "08.02.08",
    "rating": "7",
    "author": "okjo****",
    "review_id": "2421584",
    "movie_id": "31942"
  },
  {
    "review": "엄청 나쁠것 까지는 아니다....",
    "date": "08.02.08",
    "rating": "10",
    "author": "leo3****",
    "review_id": "2420098",
    "movie_id": "31942"
  },
  {
    "review": "답답했다",
    "date": "08.01.25",
    "rating": "4",
    "author": "tere****",
    "review_id": "2370187",
    "movie_id": "31942"
  },
  {
    "review": "왜이렇게 평점이 낮지? 꽤 어린나이에 이 영화를 보고 아직도 뭔가가 남아있는데",
    "date": "07.12.19",
    "rating": "10",
    "author": "aisn****",
    "review_id": "2246709",
    "movie_id": "31942"
  },
  {
    "review": "비디오로 몇번 계속 빌렸던적이 있다...",
    "date": "07.11.26",
    "rating": "10",
    "author": "ok99****",
    "review_id": "2186927",
    "movie_id": "31942"
  },
  {
    "review": "가슴으로 울고 웃는 영화",
    "date": "07.11.14",
    "rating": "10",
    "author": "jhjk****",
    "review_id": "2150077",
    "movie_id": "31942"
  },
  {
    "review": "다 큰놈이 왜 저래? 하면서 봤다.",
    "date": "07.09.06",
    "rating": "8",
    "author": "seun****",
    "review_id": "2005264",
    "movie_id": "31942"
  },
  {
    "review": "가슴으로 웃을 수 있는 영화",
    "date": "07.06.25",
    "rating": "10",
    "author": "pond****",
    "review_id": "1720997",
    "movie_id": "31942"
  },
  {
    "review": "사기, 폭력이 난무하는 엉터리같은 세상",
    "date": "07.05.20",
    "rating": "1",
    "author": "baru****",
    "review_id": "1648396",
    "movie_id": "31942"
  },
  {
    "review": "꽤나 재밌게봤던기억이",
    "date": "07.01.02",
    "rating": "9",
    "author": "godr****",
    "review_id": "1349860",
    "movie_id": "31942"
  },
  {
    "review": "자전거와 두 소년 이야기 굿",
    "date": "06.12.17",
    "rating": "7",
    "author": "effo****",
    "review_id": "1301356",
    "movie_id": "31942"
  },
  {
    "review": "자전거로 표현 굿",
    "date": "06.12.09",
    "rating": "7",
    "author": "fkrl****",
    "review_id": "1280329",
    "movie_id": "31942"
  },
  {
    "review": "'폭력'을 이런식으로도 표현할 수 있다는게 놀라움.",
    "date": "06.12.07",
    "rating": "10",
    "author": "bepl****",
    "review_id": "1271860",
    "movie_id": "31942"
  },
  {
    "review": "북경의 거리를 볼수있어서 좋았고 내용좋음 ㅋ",
    "date": "06.10.03",
    "rating": "10",
    "author": "pjs2****",
    "review_id": "1156426",
    "movie_id": "31942"
  },
  {
    "review": "굳~",
    "date": "06.09.20",
    "rating": "9",
    "author": "zi00****",
    "review_id": "1133309",
    "movie_id": "31942"
  },
  {
    "review": "자전거를 통해 인간의 삶에 대한 의지를 표현 했던 영화",
    "date": "06.06.03",
    "rating": "9",
    "author": "baul****",
    "review_id": "829178",
    "movie_id": "31942"
  },
  {
    "review": "감독도 소년들과 더불어 좀 더 성장해야 할 듯.",
    "date": "06.05.30",
    "rating": "5",
    "author": "damu****",
    "review_id": "822922",
    "movie_id": "31942"
  },
  {
    "review": "대여값 2000원.다시 보라고 하면 공짜로 주고 말겠다.",
    "date": "06.05.27",
    "rating": "5",
    "author": "fren****",
    "review_id": "819033",
    "movie_id": "31942"
  },
  {
    "review": "품행제로'지안'참 얄밉네.'구웨이'너 너무 답답해!!속터져",
    "date": "06.04.22",
    "rating": "10",
    "author": "lshp****",
    "review_id": "770386",
    "movie_id": "31942"
  },
  {
    "review": "구경을 즐기는 중국인이 인상적이다",
    "date": "06.04.16",
    "rating": "7",
    "author": "gnca****",
    "review_id": "763774",
    "movie_id": "31942"
  },
  {
    "review": "토나왔다",
    "date": "06.04.15",
    "rating": "1",
    "author": "godu****",
    "review_id": "762740",
    "movie_id": "31942"
  },
  {
    "review": "소박한 훈훈함이 묻어나는 영화.",
    "date": "06.03.26",
    "rating": "8",
    "author": "dark****",
    "review_id": "736007",
    "movie_id": "31942"
  },
  {
    "review": "정말루 지루해.",
    "date": "06.01.28",
    "rating": "7",
    "author": "cho_****",
    "review_id": "628866",
    "movie_id": "31942"
  },
  {
    "review": "영화에 빠져드는 기분, 사실적인 슬픔. 잘 만든 영화.",
    "date": "05.12.08",
    "rating": "10",
    "author": "bonu****",
    "review_id": "497675",
    "movie_id": "31942"
  },
  {
    "review": "햇살비치는 베이징의 거리. 골목.. 잔잔함. 일상. 영상미...",
    "date": "05.10.17",
    "rating": "10",
    "author": "habr****",
    "review_id": "446213",
    "movie_id": "31942"
  },
  {
    "review": "투박한화질.낯선중국거리.도시의학생과 시골 청년.그리고자전거.",
    "date": "05.09.03",
    "rating": "10",
    "author": "myai****",
    "review_id": "391530",
    "movie_id": "31942"
  },
  {
    "review": "머리속에 자전거가 떠나지 않는다!!",
    "date": "05.09.01",
    "rating": "10",
    "author": "vill****",
    "review_id": "390344",
    "movie_id": "31942"
  },
  {
    "review": "-동상이몽소년들의 자전거에 얽힌사연,필사적인 집착이 눈물겹다",
    "date": "05.07.29",
    "rating": "9",
    "author": "ajdc****",
    "review_id": "340408",
    "movie_id": "31942"
  },
  {
    "review": "생존을 위한 자전거, 자존심을 위한 자전거. 낡은 북경 뒷골목.",
    "date": "05.07.06",
    "rating": "6",
    "author": "hadl****",
    "review_id": "313822",
    "movie_id": "31942"
  },
  {
    "review": "자전거에 되게 집착하는...우선은!너무 지.루하다!!",
    "date": "05.06.22",
    "rating": "6",
    "author": "pjhl****",
    "review_id": "304304",
    "movie_id": "31942"
  },
  {
    "review": "내 취향인 줄 알았으나..졸렸음!오리지날 북경어듣는 걸로 만족",
    "date": "05.06.07",
    "rating": "5",
    "author": "manm****",
    "review_id": "295635",
    "movie_id": "31942"
  },
  {
    "review": "두명의 소년 자전거 한대에 얽힌 두개의 사연",
    "date": "05.04.10",
    "rating": "7",
    "author": "ktk7****",
    "review_id": "257529",
    "movie_id": "31942"
  },
  {
    "review": "잼께 봤어요 여고생으로 나오는 배우 이쁘다",
    "date": "05.02.05",
    "rating": "9",
    "author": "kill****",
    "review_id": "207998",
    "movie_id": "31942"
  },
  {
    "review": "중국 북경의 구경 도움은 되나 재미면에서는...",
    "date": "04.11.22",
    "rating": "8",
    "author": "ahfe****",
    "review_id": "150292",
    "movie_id": "31942"
  },
  {
    "review": "그다지.. 비추",
    "date": "04.11.10",
    "rating": "1",
    "author": "silv****",
    "review_id": "143553",
    "movie_id": "31942"
  },
  {
    "review": "중국이해는 도움, 흥미는 별로..",
    "date": "04.11.08",
    "rating": "8",
    "author": "cnko****",
    "review_id": "142249",
    "movie_id": "31942"
  },
  {
    "review": "북경을 이해하는데 도움이 됬어욤",
    "date": "04.10.20",
    "rating": "10",
    "author": "clam****",
    "review_id": "129510",
    "movie_id": "31942"
  },
  {
    "review": "뭔가 남는 영화...북경 쯔씽처~~~",
    "date": "04.10.03",
    "rating": "10",
    "author": "pjo7****",
    "review_id": "119510",
    "movie_id": "31942"
  },
  {
    "review": "영화 괜찮네요.....",
    "date": "04.09.26",
    "rating": "4",
    "author": "geni****",
    "review_id": "114801",
    "movie_id": "31942"
  },
  {
    "review": "좋은영화입니다",
    "date": "04.09.04",
    "rating": "10",
    "author": "yuzh****",
    "review_id": "102875",
    "movie_id": "31942"
  },
  {
    "review": "절대보지말자",
    "date": "04.08.16",
    "rating": "1",
    "author": "565k****",
    "review_id": "91402",
    "movie_id": "31942"
  },
  {
    "review": "좋은영화네욬",
    "date": "04.07.21",
    "rating": "10",
    "author": "rose****",
    "review_id": "74232",
    "movie_id": "31942"
  },
  {
    "review": "내생에 최악의 영화 BEST3 안에드는..",
    "date": "04.06.29",
    "rating": "1",
    "author": "drag****",
    "review_id": "62292",
    "movie_id": "31942"
  },
  {
    "review": "깔끔한 느낌",
    "date": "04.06.06",
    "rating": "8",
    "author": "nams****",
    "review_id": "50776",
    "movie_id": "31942"
  },
  {
    "review": "글쎄.. 조용하지만... 집중되게 만드는 영화.",
    "date": "04.01.25",
    "rating": "9",
    "author": "cjg1****",
    "review_id": "13242",
    "movie_id": "31942"
  }
]