[
  {
    "review": "내용보다도 전개방식이 신기하게 느껴졌음. 기억을 잃는 주인공처럼 관객들도 아무것도 모르는 어리둥절한 상황에서 점차 과거를 파헤치게 됨.",
    "date": "15.08.26",
    "rating": "9",
    "author": "rhdi****",
    "review_id": "10276545",
    "movie_id": "31940"
  },
  {
    "review": "스토리는 다시봐도 대박",
    "date": "15.08.25",
    "rating": "7",
    "author": "heej****",
    "review_id": "10273327",
    "movie_id": "31940"
  },
  {
    "review": "영화 다보시고 블로그에 정리된거 보시면 이해가 됩니다 ㅋㅋ",
    "date": "15.08.23",
    "rating": "10",
    "author": "hjwm****",
    "review_id": "10268846",
    "movie_id": "31940"
  },
  {
    "review": "감독님 천재신거 같아요!!",
    "date": "15.08.21",
    "rating": "10",
    "author": "wlsr****",
    "review_id": "10259131",
    "movie_id": "31940"
  },
  {
    "review": "이 영화는 놀란의 다른 작품들을 모두 보고 난 후 보는것을 추천한다. 이 영화를 보는 순간 다른 영화들이 달라보일것이다. 놀란은 천재다",
    "date": "15.08.21",
    "rating": "10",
    "author": "jwwj****",
    "review_id": "10256692",
    "movie_id": "31940"
  },
  {
    "review": "[ 스토리 9, 비주얼 8, 연출 10, 연기 8 ]　단순한 내용을 감각적인 연출로 머리속을 복잡하게 만든다. 시도도 결말도 훌륭하다. 30대 초반에 이런 연출을 하다니.. 놀란은 천재다.",
    "date": "15.08.14",
    "rating": "9",
    "author": "eyeb****",
    "review_id": "10229738",
    "movie_id": "31940"
  },
  {
    "review": "크리스토퍼 놀란은 천재다",
    "date": "15.08.13",
    "rating": "10",
    "author": "sde0****",
    "review_id": "10225767",
    "movie_id": "31940"
  },
  {
    "review": "흥미롭게 보긴 했는데, 조금 지루하다는 감이 있었던 영화",
    "date": "15.08.10",
    "rating": "8",
    "author": "khi7****",
    "review_id": "10214454",
    "movie_id": "31940"
  },
  {
    "review": "평점에 낚여서 끝끝내 지루함을 참고 봤지만....충분히 예상가능햇던 결말에 충격적이지도 않고 드디어 끝났구나 하는생각이 듬.. 인내심 테스트하는 영화. 평점이 높은건 이영화 찬양하면 좀 있어보인다고 생각해서 그러는건가?..할튼노잼 개인평점은 7.3",
    "date": "15.08.10",
    "rating": "1",
    "author": "dmst****",
    "review_id": "10211974",
    "movie_id": "31940"
  },
  {
    "review": "정말 말그대로 미친 영화다.",
    "date": "15.08.09",
    "rating": "10",
    "author": "jeff****",
    "review_id": "10209924",
    "movie_id": "31940"
  },
  {
    "review": "어렸을 때 봤을땐 당최 무슨 내용인지 이해 안갔지만 지금  다시 보니 정말  소름 돋는 영화다.이걸 스포 없이 영화관에서 봤으면 기절 했을수도",
    "date": "15.08.08",
    "rating": "10",
    "author": "jung****",
    "review_id": "10203758",
    "movie_id": "31940"
  },
  {
    "review": "초중반에 뭔말이여뭔말이여 내머리가딸리나? 뭔말이여하다 마지막에 이해하고 오줌지림",
    "date": "15.08.08",
    "rating": "10",
    "author": "boos****",
    "review_id": "10202854",
    "movie_id": "31940"
  },
  {
    "review": "어제 봤는데, 집중해서 봐야할것같음. 계속 의심하면서봄. 볼 땐 괜찮았는데, 또 보고 싶진 않다.",
    "date": "15.08.07",
    "rating": "9",
    "author": "lmy0****",
    "review_id": "10197345",
    "movie_id": "31940"
  },
  {
    "review": "OK F fror this is perfect",
    "date": "15.08.07",
    "rating": "10",
    "author": "crui****",
    "review_id": "10197022",
    "movie_id": "31940"
  },
  {
    "review": "기록과 생각은 다른사람이 조작할 수 있지만, 추억은 자신만의 기억이다.",
    "date": "15.08.07",
    "rating": "10",
    "author": "mapl****",
    "review_id": "10196128",
    "movie_id": "31940"
  },
  {
    "review": "이해가않된다 그래서 지루했다",
    "date": "15.08.06",
    "rating": "1",
    "author": "gudu****",
    "review_id": "10192340",
    "movie_id": "31940"
  },
  {
    "review": "이건 감독과 더불어 작가에게도 박수를 쳐야한다",
    "date": "15.08.05",
    "rating": "10",
    "author": "gala****",
    "review_id": "10190295",
    "movie_id": "31940"
  },
  {
    "review": "내가 무식한건지 몰라도 이해하기 힘들었다",
    "date": "15.08.02",
    "rating": "5",
    "author": "asa0****",
    "review_id": "10178201",
    "movie_id": "31940"
  },
  {
    "review": "집중력 폭팔하게 만드는 영화",
    "date": "15.07.31",
    "rating": "10",
    "author": "lses****",
    "review_id": "10167529",
    "movie_id": "31940"
  },
  {
    "review": "씹을수록 맛이 느껴지는 맛! 역시 놀란",
    "date": "15.07.31",
    "rating": "10",
    "author": "fall****",
    "review_id": "10164211",
    "movie_id": "31940"
  },
  {
    "review": "놀란의 천재성이 가장 여실히 드러난 작품아닐까?",
    "date": "15.07.30",
    "rating": "10",
    "author": "gree****",
    "review_id": "10161600",
    "movie_id": "31940"
  },
  {
    "review": "놀란감독의 각본과 편집이 놀랍다 ㅋㅋㅋㅋ 웃음만 나오는 구나 하하하",
    "date": "15.07.30",
    "rating": "10",
    "author": "gpfk****",
    "review_id": "10159570",
    "movie_id": "31940"
  },
  {
    "review": "쉴새없이 생각하게 만들고 기억하게 만들고 의심하게 만드는 영화",
    "date": "15.07.26",
    "rating": "10",
    "author": "kuen****",
    "review_id": "10148327",
    "movie_id": "31940"
  },
  {
    "review": "말이필요없다.. 으아아아아",
    "date": "15.07.26",
    "rating": "9",
    "author": "nong****",
    "review_id": "10146698",
    "movie_id": "31940"
  },
  {
    "review": "결말이 너무 끔찍하다... 영원한 고통속에 살아가야하는 주인공..",
    "date": "15.07.24",
    "rating": "10",
    "author": "mcu0****",
    "review_id": "10138064",
    "movie_id": "31940"
  },
  {
    "review": "재미있었어요~^^ 멀리 찾아가서까지 본 보람이 있네요~^^",
    "date": "15.07.23",
    "rating": "10",
    "author": "lyol****",
    "review_id": "10132858",
    "movie_id": "31940"
  },
  {
    "review": "와.... 이건 한번만 보기 아까운 영화.  다시보면 다른 결말이 보임 ㄷㄷ 하이라이트 10분마저 떡밥이였다니",
    "date": "15.07.23",
    "rating": "10",
    "author": "hreh****",
    "review_id": "10131969",
    "movie_id": "31940"
  },
  {
    "review": "이 영화 한번에 이해를 못하겠다는 사람이 정말 많은데.. 난 한번에 이해를 못하는 점이 더 이해가 안간다 영화를 졸지 않고 모든 부분을 다 놓치지 않고 봤다면 이 영화의 내용과 결말은 아주 간단하다",
    "date": "15.07.21",
    "rating": "9",
    "author": "tr07****",
    "review_id": "10126385",
    "movie_id": "31940"
  },
  {
    "review": "진짜 앞부분은 지루할수 있음 반복되는 장면들도 있어서 이게 뭐지?? 싶다가 영화가 끝나고 다시 생각해보면 소름",
    "date": "15.07.17",
    "rating": "10",
    "author": "wogu****",
    "review_id": "10111681",
    "movie_id": "31940"
  },
  {
    "review": "기억이 열쇠로 작용하지 않는 만큼 연출적인 열쇠가 치밀한 작품",
    "date": "15.07.15",
    "rating": "9",
    "author": "kasi****",
    "review_id": "10107102",
    "movie_id": "31940"
  },
  {
    "review": "삶에 대해서도 다시 생각 해보게 된다.",
    "date": "15.07.13",
    "rating": "10",
    "author": "leew****",
    "review_id": "10099375",
    "movie_id": "31940"
  },
  {
    "review": "새미가 레너드로 바뀌는 장면에서 엄청난 소름...",
    "date": "15.07.12",
    "rating": "10",
    "author": "dlql****",
    "review_id": "10099067",
    "movie_id": "31940"
  },
  {
    "review": "영화를 보면서 잔 영화중의 하나. 재밌게 본사람이 더많겠지만 개인적으로 지루하게 본영화중의 하나. 기법이랑 편집이 뛰어났다고해서 영화속으로 끌어들인다고 생각은 못하겠다",
    "date": "15.07.11",
    "rating": "1",
    "author": "jaee****",
    "review_id": "10092917",
    "movie_id": "31940"
  },
  {
    "review": "결국 영화는 단서를 흘려야 하기 때문에, 관객이 제대로 추리를 하지 못 하게 산만하게 만드는 것이 꼭 필요하다. 그런 점에 있어서 놀란은 정말 천재다. 구성 자체의 흥미로움때문에 범인 추리를 하지 못 하게 한다ㅋ 결말을 알면 또 보게 될 영화",
    "date": "15.07.10",
    "rating": "9",
    "author": "like****",
    "review_id": "10086352",
    "movie_id": "31940"
  },
  {
    "review": "이과적인 머리가 뛰어난 감독이 영화를 만들면 이렇게 된다ㅋ 놀란감독을 시간역행 편집의 명수라고 칭하고 싶다. 딱 그정도로만. 그 이상도 이하도 아니고 딱 이정도의 칭호면 족하다고 본다. 꼭 빙빙꼬고 어렵게 만들어야 명작이라고 생각하지 않기 때문에.",
    "date": "15.07.09",
    "rating": "8",
    "author": "hiky****",
    "review_id": "10085014",
    "movie_id": "31940"
  },
  {
    "review": "다시 보게 끔 만드는 영화,  다시보면 평점을 더 높게 줄 듯",
    "date": "15.07.09",
    "rating": "8",
    "author": "peng****",
    "review_id": "10082444",
    "movie_id": "31940"
  },
  {
    "review": "애드거 앨런 포가 말했지 ,  풀리지 않길 바라는 수수께끼도 있다고  주인공은 풀리지않는 수수께끼를 만들어낸다",
    "date": "15.07.09",
    "rating": "10",
    "author": "jxor****",
    "review_id": "10082174",
    "movie_id": "31940"
  },
  {
    "review": "내 인생 최고의 영화다 영화 보고 난 후에 소름 돋는 기분은 다시 못 올 것 같다",
    "date": "15.07.08",
    "rating": "10",
    "author": "harr****",
    "review_id": "10079921",
    "movie_id": "31940"
  },
  {
    "review": "이러다 세상에 있는 존 G를 다죽이겠군...",
    "date": "15.07.04",
    "rating": "10",
    "author": "rkd0****",
    "review_id": "10066715",
    "movie_id": "31940"
  },
  {
    "review": "컬러와 흑백의 관계를 빨리 이해할수록 꿀잼인 영화. 아니더라도 시간의 흐름방식을 빨리 캐치해내면 진짜 소름돋는 영화. 영화 오프닝을 유심히보길.. 시간흐름 캐치가능함.",
    "date": "15.07.03",
    "rating": "10",
    "author": "joos****",
    "review_id": "10063921",
    "movie_id": "31940"
  },
  {
    "review": "시간의흐름이 거꾸로라는걸 알고봐야댈듯 영화초반에 뭐지? 싶었음",
    "date": "15.06.28",
    "rating": "10",
    "author": "2004****",
    "review_id": "10048769",
    "movie_id": "31940"
  },
  {
    "review": "FACT, 그리고 기억. 현재는 FACT이지만 그  현재를 살아가게 하는 것은 그가 조작해서 만들어낸 기억",
    "date": "15.06.28",
    "rating": "10",
    "author": "cabi****",
    "review_id": "10046575",
    "movie_id": "31940"
  },
  {
    "review": "개인적으로 놀란을 높게평가하지만 이영화는 실망스러웠다 결말을보기위해 많은시간을 참아야만 볼수있는영화",
    "date": "15.06.28",
    "rating": "1",
    "author": "j1n2****",
    "review_id": "10045250",
    "movie_id": "31940"
  },
  {
    "review": "실패작 그 이상 그 이하도 아님 관객 조롱하는 영화",
    "date": "15.06.26",
    "rating": "1",
    "author": "ektj****",
    "review_id": "10037725",
    "movie_id": "31940"
  },
  {
    "review": "지루함을 이겨낸다면 온몸에 소름이 찾아옴",
    "date": "15.06.25",
    "rating": "10",
    "author": "yosa****",
    "review_id": "10036284",
    "movie_id": "31940"
  },
  {
    "review": "혁신적이다.참신하다.하지만 거꾸로 진행되는 전개속의 결말은 조금만 생각해보면 쉽게 도출할수 있다.",
    "date": "15.06.25",
    "rating": "8",
    "author": "hi38****",
    "review_id": "10035651",
    "movie_id": "31940"
  },
  {
    "review": "뒤부터 봐라 ㅋㅋㅋㅋ 그거슨 진리!",
    "date": "15.06.24",
    "rating": "10",
    "author": "king****",
    "review_id": "10028141",
    "movie_id": "31940"
  },
  {
    "review": "두번째보지만 신선한 전개구성에 다시 놀랐어요!결말이 참...",
    "date": "15.06.21",
    "rating": "9",
    "author": "csi0****",
    "review_id": "10017439",
    "movie_id": "31940"
  },
  {
    "review": "방금 스크린 채널에서 봤네요. 정말 미친 영화입니다. 이렇게천재적인 발상을 어떻게 했을지 정말 궁금합니다. 유명 여배우들도 나오고 주인공 연기도 훌륭합니다. 만점 줍니다!",
    "date": "15.06.21",
    "rating": "10",
    "author": "zelo****",
    "review_id": "10017432",
    "movie_id": "31940"
  },
  {
    "review": "어려웠지만 많이 생각하게되는 영화였던거같아요ㅠㅠ 야러번봐도 재밌을거같아요!",
    "date": "15.06.18",
    "rating": "10",
    "author": "tnwl****",
    "review_id": "10008214",
    "movie_id": "31940"
  },
  {
    "review": "그냥 평범한 살인자 이야기를 앞뒤 순서만 뒤죽박죽 바꿔놓은 영화. 조금은 혼란스럽고 재미라는 부분이 부족하지만 제작년도가 2000년 초반작품이라는 점과 뛰어난 연출력만은 극찬받아 마땅하다.",
    "date": "15.06.17",
    "rating": "9",
    "author": "hauk****",
    "review_id": "10005795",
    "movie_id": "31940"
  },
  {
    "review": "재밌습니다. 말이 필요없죵.",
    "date": "15.06.07",
    "rating": "10",
    "author": "hkn2****",
    "review_id": "9982216",
    "movie_id": "31940"
  },
  {
    "review": "전반적으로 훌륭한 영화라는 느낌은 들지만,아주 재밋는 영화는 아니라고 느꼇다.",
    "date": "15.06.06",
    "rating": "8",
    "author": "hhji****",
    "review_id": "9979225",
    "movie_id": "31940"
  },
  {
    "review": "그냥 딱 그림퍼즐같은 영화였다.  영화의 끝은 어떤 그림일까 호기심을 유발하기에 충분히 독특한 구조를 지닌 영화지만 진행해 나갈 수록 완성한 퍼즐이 아닌데도 이미 그림은 보였고, 그 그림조차 평범한 그림이기에  만족은 못하였다. 단 메세지가 있는 그림",
    "date": "15.06.02",
    "rating": "7",
    "author": "dday****",
    "review_id": "9970208",
    "movie_id": "31940"
  },
  {
    "review": "다시 영화를 확인하게 한다.  확인 후 그 성취감도 솔솔",
    "date": "15.06.01",
    "rating": "10",
    "author": "qhdy****",
    "review_id": "9969303",
    "movie_id": "31940"
  },
  {
    "review": "크리스토퍼 놀란은 정말 천재다",
    "date": "15.06.01",
    "rating": "10",
    "author": "gksw****",
    "review_id": "9968886",
    "movie_id": "31940"
  },
  {
    "review": "진짜 상식밖에 영화다. 이런 연출을 만들어 낼 생각을 하다니..",
    "date": "15.05.30",
    "rating": "10",
    "author": "rude****",
    "review_id": "9961967",
    "movie_id": "31940"
  },
  {
    "review": "종합 평점은 8점 드립니다.",
    "date": "15.05.28",
    "rating": "8",
    "author": "terr****",
    "review_id": "9955903",
    "movie_id": "31940"
  },
  {
    "review": "놀란을 알기 위해 본 영화",
    "date": "15.05.21",
    "rating": "9",
    "author": "pkh0****",
    "review_id": "9934658",
    "movie_id": "31940"
  },
  {
    "review": "마지막 10분이 클라이막스다.",
    "date": "15.05.17",
    "rating": "10",
    "author": "vgkm****",
    "review_id": "9924482",
    "movie_id": "31940"
  },
  {
    "review": "한번 봐선 다 이해 못합니다...저예산 스릴러의 진정한 걸작...놀란이 앞으로 어떤 영화를 만들어도, 메멘토의 그늘을 벗어나긴 어려울 듯...",
    "date": "15.05.16",
    "rating": "10",
    "author": "race****",
    "review_id": "9921606",
    "movie_id": "31940"
  },
  {
    "review": "팩트를 원하는게 아니다. 내가 원하는 방식 내가 보고싶은 기억, 그것이 충족되면 그것이 법이다.",
    "date": "15.05.16",
    "rating": "10",
    "author": "ngup****",
    "review_id": "9921205",
    "movie_id": "31940"
  },
  {
    "review": "전개방식은 독특했으나 누구나 예상 가능한 결말이었다 그리고 관객들은 절대 내 영화의 결말을 예측할 수 없다고 단정지어버린 감독에 대한 거부감이 영화를 더 지루하게 만들었다.",
    "date": "15.05.14",
    "rating": "6",
    "author": "nsyn****",
    "review_id": "9917521",
    "movie_id": "31940"
  },
  {
    "review": "영화의 반전을 주려고 어렵게 만들었는데머리만 아프고 영화의 의도를 모르겠다.",
    "date": "15.05.10",
    "rating": "4",
    "author": "kkwd****",
    "review_id": "9909259",
    "movie_id": "31940"
  },
  {
    "review": "후손들에게 남겨줄 명작",
    "date": "15.05.08",
    "rating": "10",
    "author": "ljk5****",
    "review_id": "9903810",
    "movie_id": "31940"
  },
  {
    "review": "참신한 내용과 구성이다. 하지만 놀란 감독의 영화는 인터스텔라와 다크나이트 등을 모두 보게면서 느낀 것이지만 다소 산만하다. 인셉션이 제일 완벽하다.",
    "date": "15.05.06",
    "rating": "8",
    "author": "jung****",
    "review_id": "9899730",
    "movie_id": "31940"
  },
  {
    "review": "제발 영화를 좀 보고 이해를 해보고 평가하기를.... 대작...",
    "date": "15.05.01",
    "rating": "10",
    "author": "firs****",
    "review_id": "9883710",
    "movie_id": "31940"
  },
  {
    "review": "혹시나하고 봤더니 역시나... 놀라운  전개!",
    "date": "15.04.23",
    "rating": "10",
    "author": "hjhv****",
    "review_id": "9859272",
    "movie_id": "31940"
  },
  {
    "review": "엄청나네요 두말하면 잔소리",
    "date": "15.04.19",
    "rating": "10",
    "author": "css1****",
    "review_id": "9853775",
    "movie_id": "31940"
  },
  {
    "review": "정말 최고 감독은 천재 10자압박",
    "date": "15.04.16",
    "rating": "10",
    "author": "sunt****",
    "review_id": "9848453",
    "movie_id": "31940"
  },
  {
    "review": "2001년에 이런영화를 만든 놀란감독은 엄청나지만, 내용으로서의 재미는 조금 아쉽다.",
    "date": "15.04.10",
    "rating": "8",
    "author": "cdwk****",
    "review_id": "9838472",
    "movie_id": "31940"
  },
  {
    "review": "와우 ...소름돋는다",
    "date": "15.04.05",
    "rating": "10",
    "author": "jung****",
    "review_id": "9828814",
    "movie_id": "31940"
  },
  {
    "review": "기발한 영화이긴 한데,... 일정부분씩 뒤로 가서 긴장감과 궁금함을 유지시키는 방법이 끝날 때까지 반복되니까 좀 지루함... 결말 부분에서도 반전에 대한 놀라움보다도 '응. 드디어 끝났네' 싶음.",
    "date": "15.03.26",
    "rating": "8",
    "author": "newl****",
    "review_id": "9807626",
    "movie_id": "31940"
  },
  {
    "review": "와..한번에 몰아서 세번 본 영화는 처음..진짜 볼수록 천재적인 발상이라는 생각이 든다. 계속 생각하게 됨.. 이제 처음봐서 이해안되고  지루하다고 징징대는 내 옆에 있는 동생이 불쌍할뿐.",
    "date": "15.03.25",
    "rating": "10",
    "author": "dlat****",
    "review_id": "9804817",
    "movie_id": "31940"
  },
  {
    "review": "10년전 놀란빠돌이로 입문하게 해준 영화.",
    "date": "15.03.24",
    "rating": "10",
    "author": "wayt****",
    "review_id": "9802770",
    "movie_id": "31940"
  },
  {
    "review": "영화자체는 굉장한 영화인데 내 취향은 아니다 영화가 끝이나도 명확한 결말을 모르겠다",
    "date": "15.03.23",
    "rating": "7",
    "author": "jetl****",
    "review_id": "9802680",
    "movie_id": "31940"
  },
  {
    "review": "후기 중에 레너드는 정신 이상자. 라는 후기가 맞는 것 같다. 사고를 당한 직후가 마지막 기억이면 도대체 어떻게 자신이 10분 뒤에 기억을 잃는다는 것을 아는 것일까?",
    "date": "15.03.23",
    "rating": "10",
    "author": "rc_m****",
    "review_id": "9801340",
    "movie_id": "31940"
  },
  {
    "review": "예전에 보고 오랜만에 다시 봤는데..역시나 별로..너무 지루하다.이런말하면 또 영화를 제대로 이해 못했다고 하겠지?",
    "date": "15.03.22",
    "rating": "5",
    "author": "twit****",
    "review_id": "9800232",
    "movie_id": "31940"
  },
  {
    "review": "정말 후반까지 이해 된다하면서도 지루하다가 추리하는 느낌으로 봤는데 맨 마지막 부분에서 뒷통수를 맞은 느낌이랄까... 정말 결말 부분 보고 이 영화를 봤던걸 후회하지 않았습니다.",
    "date": "15.03.21",
    "rating": "10",
    "author": "soon****",
    "review_id": "9796010",
    "movie_id": "31940"
  },
  {
    "review": "영화가 난해하긴 했지만, 이런 큰 반전이 있다는 것을 깨닫고 놀랐다.",
    "date": "15.03.19",
    "rating": "9",
    "author": "syju****",
    "review_id": "9794097",
    "movie_id": "31940"
  },
  {
    "review": "보면 볼 수록 새롭게 느껴지게 만드는 놀란.",
    "date": "15.03.17",
    "rating": "9",
    "author": "acoy****",
    "review_id": "9788981",
    "movie_id": "31940"
  },
  {
    "review": "지루한 에피소드... 장황한 연출... 설정만 좋았다.",
    "date": "15.03.14",
    "rating": "1",
    "author": "matt****",
    "review_id": "9780239",
    "movie_id": "31940"
  },
  {
    "review": "흑백에서 컬러로 넘어갈 때의 그 전율이란",
    "date": "15.03.13",
    "rating": "9",
    "author": "qudw****",
    "review_id": "9775978",
    "movie_id": "31940"
  },
  {
    "review": "나는 메멘토라는 퍼즐을 다 맞추고난후에야 비로소 깨달았다. 크리스토퍼 놀란. 그가 천재라는 것을.",
    "date": "15.03.10",
    "rating": "10",
    "author": "js01****",
    "review_id": "9770417",
    "movie_id": "31940"
  },
  {
    "review": "솔직히 조금 지루했지만 잘만들긴했다.",
    "date": "15.03.05",
    "rating": "8",
    "author": "1021****",
    "review_id": "9759161",
    "movie_id": "31940"
  },
  {
    "review": "작품성과 기발함 시나리오의 번뜩이는 아이디어 연출의 싱선함 모두 대단하지만 지극히 개인적으로 지루했음.",
    "date": "15.03.01",
    "rating": "5",
    "author": "read****",
    "review_id": "9751197",
    "movie_id": "31940"
  },
  {
    "review": "감탄사밖에 안나왔다.",
    "date": "15.02.28",
    "rating": "10",
    "author": "pdk2****",
    "review_id": "9746452",
    "movie_id": "31940"
  },
  {
    "review": "결국은 마지막 10분까지 보고나서 이해 안되면 다시 보던가 아니면 본인 기억력을 살려 되돌려 기억해보면 나름 이해는 된다ㅋ 반전이 있다는걸...",
    "date": "15.02.25",
    "rating": "7",
    "author": "youn****",
    "review_id": "9737800",
    "movie_id": "31940"
  },
  {
    "review": "재밌다. 흥미로운 소재와 독특한 진행방식, 그리고 반전의결말",
    "date": "15.02.24",
    "rating": "10",
    "author": "kdh5****",
    "review_id": "9735566",
    "movie_id": "31940"
  },
  {
    "review": "한... 4번 정도 봤네요. 아마 몇번 더 보게 될 듯..",
    "date": "15.02.24",
    "rating": "10",
    "author": "chon****",
    "review_id": "9734714",
    "movie_id": "31940"
  },
  {
    "review": "관객에게도 메멘토가 필요하게 만들어버린.. 천재적 발상에 박수를 보낸다.",
    "date": "15.02.22",
    "rating": "8",
    "author": "plto****",
    "review_id": "9730252",
    "movie_id": "31940"
  },
  {
    "review": "본질과 기술과 예술이 모두 만점!",
    "date": "15.02.22",
    "rating": "10",
    "author": "star****",
    "review_id": "9729378",
    "movie_id": "31940"
  },
  {
    "review": "가이피어스 존재감이 컸던 영화. 감독이 좋아도 배우가 안습이면 망하지",
    "date": "15.02.19",
    "rating": "10",
    "author": "jsga****",
    "review_id": "9714861",
    "movie_id": "31940"
  },
  {
    "review": "와 ㄹㅇ 개소름....",
    "date": "15.02.17",
    "rating": "10",
    "author": "wldn****",
    "review_id": "9706810",
    "movie_id": "31940"
  },
  {
    "review": "마지막 장면에 이마를 탁! 친다.",
    "date": "15.02.17",
    "rating": "9",
    "author": "poon****",
    "review_id": "9704728",
    "movie_id": "31940"
  },
  {
    "review": "놀란의 천재성을 확인할 수 있는 영화다. ㅎㄷㄷ하네",
    "date": "15.02.16",
    "rating": "10",
    "author": "the4****",
    "review_id": "9703693",
    "movie_id": "31940"
  },
  {
    "review": "계속해서 갸우뚱하게 하지만 마지막에 조각이 맞춰질때 소름이 돋았다",
    "date": "15.02.16",
    "rating": "10",
    "author": "abc6****",
    "review_id": "9703514",
    "movie_id": "31940"
  },
  {
    "review": "테디가 불쌍하다는 놈은 영화 다시 봐라",
    "date": "15.02.15",
    "rating": "10",
    "author": "wwfw****",
    "review_id": "9699601",
    "movie_id": "31940"
  },
  {
    "review": "감히 크리스토퍼 놀란 감독을 욕할 수 없는 영화의 시작",
    "date": "15.02.15",
    "rating": "10",
    "author": "janj****",
    "review_id": "9699302",
    "movie_id": "31940"
  },
  {
    "review": "이건 .. 뭐라 설명할 방법이 없네",
    "date": "15.02.12",
    "rating": "8",
    "author": "ttty****",
    "review_id": "9691061",
    "movie_id": "31940"
  }
]