[
  {
    "review": "3단 변신으로 진화한 태권브이",
    "date": "15.03.07",
    "rating": "7",
    "author": "adiv****",
    "review_id": "9761777",
    "movie_id": "31959"
  },
  {
    "review": "너무 어설프고, 너무 정감가고... 참 복잡미묘한 감정을 불러 일으키게 하는 추억의 만화영화.",
    "date": "14.05.31",
    "rating": "9",
    "author": "heod****",
    "review_id": "8778842",
    "movie_id": "31959"
  },
  {
    "review": "정말 싫다. 일본의 그늘에서 자유로울 수 없었던 현실이...",
    "date": "14.02.04",
    "rating": "1",
    "author": "sjw0****",
    "review_id": "8473328",
    "movie_id": "31959"
  },
  {
    "review": "어릴때 부터 봐와서 그런지 포스트가 너무 인상적임 !",
    "date": "14.01.11",
    "rating": "10",
    "author": "njb7****",
    "review_id": "8371204",
    "movie_id": "31959"
  },
  {
    "review": "그림체는 그렇다고 쳐도 이 당시에 대사들은 너무 오글거림ㅋㅋ",
    "date": "13.10.23",
    "rating": "3",
    "author": "youn****",
    "review_id": "8082998",
    "movie_id": "31959"
  },
  {
    "review": "표절 작품은 리뷰할  가치가 없습니다.",
    "date": "13.04.29",
    "rating": "1",
    "author": "fanz****",
    "review_id": "7493510",
    "movie_id": "31959"
  },
  {
    "review": "태권브이 작품중 완성도가 가장높았던게아닐까 생각한다.",
    "date": "13.03.30",
    "rating": "10",
    "author": "phw9****",
    "review_id": "7424113",
    "movie_id": "31959"
  },
  {
    "review": "표절 ㅋㅋㅋㅋㅋㅋ",
    "date": "13.03.13",
    "rating": "1",
    "author": "mbw7****",
    "review_id": "7344010",
    "movie_id": "31959"
  },
  {
    "review": "최고",
    "date": "13.02.09",
    "rating": "10",
    "author": "juim****",
    "review_id": "7241787",
    "movie_id": "31959"
  },
  {
    "review": "진화를 하면 할수록 점점 매력을 잃어가는 태권V.. 그나마 스토리는 봐줄 만하다",
    "date": "10.07.05",
    "rating": "6",
    "author": "mygr****",
    "review_id": "4612441",
    "movie_id": "31959"
  },
  {
    "review": "어릴적 열광했지만, 사실을 알고나니 씁슬",
    "date": "10.04.29",
    "rating": "10",
    "author": "bajj****",
    "review_id": "4464041",
    "movie_id": "31959"
  },
  {
    "review": "너무 완벽한 표절작품",
    "date": "10.02.08",
    "rating": "1",
    "author": "hjoe****",
    "review_id": "4260367",
    "movie_id": "31959"
  },
  {
    "review": "국민학교때 이거보고싶어 엄마한테 극장가자고 안달이던때가 엊그제 같던데...ㅋㅋ",
    "date": "10.02.03",
    "rating": "6",
    "author": "thra****",
    "review_id": "4240788",
    "movie_id": "31959"
  },
  {
    "review": "그림체는 가히 환상적이다.",
    "date": "09.06.03",
    "rating": "10",
    "author": "1tre****",
    "review_id": "3542832",
    "movie_id": "31959"
  },
  {
    "review": "다이아크론 씨리즈의 다이아배틀스를 표절한 캐릭터",
    "date": "09.02.15",
    "rating": "2",
    "author": "dkma****",
    "review_id": "3306195",
    "movie_id": "31959"
  },
  {
    "review": "Good 저 어린 나!!",
    "date": "09.02.02",
    "rating": "10",
    "author": "jjun****",
    "review_id": "3271341",
    "movie_id": "31959"
  },
  {
    "review": "김청기라는 이 인간.정말 무한한 짜증이 밀려온다.정말로",
    "date": "07.12.06",
    "rating": "1",
    "author": "baks****",
    "review_id": "2210216",
    "movie_id": "31959"
  },
  {
    "review": "여러가지 짬뽕되어 신섬함이 자꾸 떨어진다",
    "date": "07.06.10",
    "rating": "6",
    "author": "deff****",
    "review_id": "1693042",
    "movie_id": "31959"
  },
  {
    "review": "자붕글베낀건 슈퍼태권브이라네 이사람들아",
    "date": "07.02.10",
    "rating": "10",
    "author": "join****",
    "review_id": "1460697",
    "movie_id": "31959"
  },
  {
    "review": "주제가좋다.그당시일제만화캐릭터안베낀로봇만화가 어디있었나?",
    "date": "07.02.06",
    "rating": "10",
    "author": "inpu****",
    "review_id": "1449779",
    "movie_id": "31959"
  },
  {
    "review": "고마하자",
    "date": "07.01.30",
    "rating": "1",
    "author": "hku9****",
    "review_id": "1426519",
    "movie_id": "31959"
  },
  {
    "review": "태권 V를 비롯해 온갖 표절로 일관한 김청기 감독 몰락의 증표",
    "date": "06.03.16",
    "rating": "4",
    "author": "whit****",
    "review_id": "718583",
    "movie_id": "31959"
  },
  {
    "review": "정말 재밌어",
    "date": "05.12.25",
    "rating": "10",
    "author": "kws7****",
    "review_id": "527544",
    "movie_id": "31959"
  },
  {
    "review": "내 어릴적 꿈의 한 조각! 생생하다.",
    "date": "05.12.14",
    "rating": "7",
    "author": "tara****",
    "review_id": "505093",
    "movie_id": "31959"
  },
  {
    "review": "왜 주연이 철이가 아니지",
    "date": "05.06.28",
    "rating": "10",
    "author": "cys0****",
    "review_id": "308665",
    "movie_id": "31959"
  },
  {
    "review": "커서 지금다시보니 의외로 심각한 주제였음. 기계들의 반란..",
    "date": "04.11.19",
    "rating": "10",
    "author": "skst****",
    "review_id": "148580",
    "movie_id": "31959"
  },
  {
    "review": "정말 보고싶어요.가르쳐주세요",
    "date": "04.10.16",
    "rating": "10",
    "author": "sea1****",
    "review_id": "126731",
    "movie_id": "31959"
  },
  {
    "review": "어릴때 봤던걸 다시 봤다 ㅎㅎ  아~~ !!  그때 그 느낌 ^^",
    "date": "04.10.12",
    "rating": "10",
    "author": "arie****",
    "review_id": "124643",
    "movie_id": "31959"
  }
]