[
  {
    "review": "정소영 감독님 짱~!",
    "date": "12.07.28",
    "rating": "10",
    "author": "kea2****",
    "review_id": "6548667",
    "movie_id": "31962"
  },
  {
    "review": "세월 되돌리기.",
    "date": "11.01.31",
    "rating": "1",
    "author": "pria****",
    "review_id": "5202179",
    "movie_id": "31962"
  },
  {
    "review": "TV드라마로 나왔다면 그냥 한번 봐줄 만한 작품",
    "date": "10.07.30",
    "rating": "4",
    "author": "mygr****",
    "review_id": "4685244",
    "movie_id": "31962"
  },
  {
    "review": "최악",
    "date": "10.01.29",
    "rating": "1",
    "author": "j110****",
    "review_id": "4221794",
    "movie_id": "31962"
  },
  {
    "review": "지루하네요",
    "date": "10.01.29",
    "rating": "1",
    "author": "teo3****",
    "review_id": "4221558",
    "movie_id": "31962"
  },
  {
    "review": "지독한 최루성 멜로, 간만에 보니까 가슴을 후벼판다..",
    "date": "08.11.14",
    "rating": "9",
    "author": "jaws****",
    "review_id": "3050100",
    "movie_id": "31962"
  },
  {
    "review": "잘..지내고있는 거겠죠.. 좀처럼 연락이없네요",
    "date": "08.03.22",
    "rating": "10",
    "author": "jwki****",
    "review_id": "2534922",
    "movie_id": "31962"
  },
  {
    "review": "슬프던데..",
    "date": "08.01.19",
    "rating": "10",
    "author": "rkds****",
    "review_id": "2346808",
    "movie_id": "31962"
  },
  {
    "review": "최악입니다.",
    "date": "07.02.09",
    "rating": "1",
    "author": "azra****",
    "review_id": "1457578",
    "movie_id": "31962"
  },
  {
    "review": "난 슬프던데...영화보고 처음으로 운 영화 눈물 한방울!",
    "date": "06.10.15",
    "rating": "10",
    "author": "comp****",
    "review_id": "1181803",
    "movie_id": "31962"
  },
  {
    "review": "떠난 너인데 바이바이바이 가야만 하니",
    "date": "06.08.16",
    "rating": "10",
    "author": "fmmk****",
    "review_id": "1039039",
    "movie_id": "31962"
  },
  {
    "review": "최고의 영화",
    "date": "06.03.04",
    "rating": "1",
    "author": "ck_e****",
    "review_id": "703454",
    "movie_id": "31962"
  },
  {
    "review": "그래도 1점은 넘 했네여",
    "date": "05.07.09",
    "rating": "7",
    "author": "ddaj****",
    "review_id": "317019",
    "movie_id": "31962"
  },
  {
    "review": "이승연 화이팅",
    "date": "05.02.28",
    "rating": "1",
    "author": "24do****",
    "review_id": "232723",
    "movie_id": "31962"
  },
  {
    "review": "이승연 그년은 안된다",
    "date": "05.01.19",
    "rating": "1",
    "author": "kpcc****",
    "review_id": "190546",
    "movie_id": "31962"
  }
]