[
  {
    "review": "마지막 태권v나올때 애들다 울었다",
    "date": "15.03.16",
    "rating": "5",
    "author": "khj1****",
    "review_id": "9787624",
    "movie_id": "31960"
  },
  {
    "review": "추억의 만화 영화..  어린이날 가끔해주던...ㅎㅎ",
    "date": "15.02.16",
    "rating": "6",
    "author": "adiv****",
    "review_id": "9703569",
    "movie_id": "31960"
  },
  {
    "review": "이 당시만 해도 한국인들은 일본애니를 몰랐다  그래서 적당히 Ctrl + C 하면 대 히트를 쳤다   이런 작품들은 인터넷의 발달과 함께 다시 평가 받고 있다  조용히 역사속으로 사라지길...",
    "date": "14.12.05",
    "rating": "1",
    "author": "akai****",
    "review_id": "9448209",
    "movie_id": "31960"
  },
  {
    "review": "누가봐도 우주전함 야마토 데드카피긴 한데 태권브이 뜬금포로 주가 상승",
    "date": "14.10.13",
    "rating": "3",
    "author": "gii0****",
    "review_id": "9289447",
    "movie_id": "31960"
  },
  {
    "review": "이런 쓰레기 유치망작 땜에 한국의 위신이 깎이지.",
    "date": "14.08.13",
    "rating": "1",
    "author": "hs12****",
    "review_id": "9076185",
    "movie_id": "31960"
  },
  {
    "review": "35년전 1979년 개봉작..마지막에 착한 어린이들 감사합니다! ㅋㅋ..개봉시기를 감안하고 저정도면..^^;;지금 수준의 작품들과 비교하묜 앙돼여~ 거북선과 태권브이만 모티로 새로운 작품을 만들면..멋지지 않을까요?! ㅎㅎ",
    "date": "14.03.30",
    "rating": "9",
    "author": "jiji****",
    "review_id": "8618363",
    "movie_id": "31960"
  },
  {
    "review": "태권브이의 반전!죽이지 않냐?",
    "date": "13.09.18",
    "rating": "10",
    "author": "uncl****",
    "review_id": "7993541",
    "movie_id": "31960"
  },
  {
    "review": "ㅋㅋㅋㅋㅋ지구는핵전쟁으로오염되어인류는지하로대피한다=지구는유성폭탄으로방사능으로오염되어인류는지하도시를만든다,대기오염제거장치?탈레스?ㅋㅋㅋㅋㅋ방사능제거장치 이스칸다르스타샼ㅋㅋ수비게말해야마토짝퉁",
    "date": "13.07.29",
    "rating": "1",
    "author": "godz****",
    "review_id": "7798546",
    "movie_id": "31960"
  },
  {
    "review": "막판 까메오로 출연한 태권V가 너를 살렸는지 알아라~",
    "date": "10.05.31",
    "rating": "6",
    "author": "mygr****",
    "review_id": "4533885",
    "movie_id": "31960"
  },
  {
    "review": "어릴때 감동에 파도가 쳤었는데....수남이 목소리 김용건씨가 한거 아닌가요??",
    "date": "09.10.07",
    "rating": "4",
    "author": "vipe****",
    "review_id": "3878935",
    "movie_id": "31960"
  },
  {
    "review": "어렸을때 본 기억으로는 태양을 통과한다는 것만으로도 큰 감동",
    "date": "09.07.31",
    "rating": "10",
    "author": "last****",
    "review_id": "3687503",
    "movie_id": "31960"
  },
  {
    "review": "그냥뭐 0점이 없으니 1점준다고나 할까,,",
    "date": "09.03.27",
    "rating": "1",
    "author": "powe****",
    "review_id": "3390595",
    "movie_id": "31960"
  },
  {
    "review": "머저리들이 아니고서야 이 많은 수의 표절을 인간이 해낼수 있을리가 없다",
    "date": "07.12.06",
    "rating": "1",
    "author": "baks****",
    "review_id": "2210230",
    "movie_id": "31960"
  },
  {
    "review": "이거 어렸을때 너무 재밌게 봤다. 총 천연색 극장에서",
    "date": "07.08.07",
    "rating": "10",
    "author": "good****",
    "review_id": "1900791",
    "movie_id": "31960"
  },
  {
    "review": "이 작품의 의미는 태권브이가 나온다는 것",
    "date": "07.06.10",
    "rating": "5",
    "author": "deff****",
    "review_id": "1693049",
    "movie_id": "31960"
  },
  {
    "review": "시나리오 표절과 독창적 함선 디자인의 아슬아슬한 줄타기",
    "date": "06.03.16",
    "rating": "6",
    "author": "whit****",
    "review_id": "718588",
    "movie_id": "31960"
  }
]