[
  {
    "review": "고3 때 친구 집에서 비디오로 본 스티븐 시걸 출연 영화. 이후로 스티븐 시걸 주연의 영화는 보지 않게 되었다는. 액션으로나 스토리나 모든 게 구림",
    "date": "14.12.22",
    "rating": "1",
    "author": "jjaj****",
    "review_id": "9500384",
    "movie_id": "31966"
  },
  {
    "review": "겉과속이 다른놈들!!! 클레멘타인따위는 평점 높여주면서 왜 다른 작품들은 평점이 이리 짤까?",
    "date": "14.12.02",
    "rating": "10",
    "author": "ske4****",
    "review_id": "9440454",
    "movie_id": "31966"
  },
  {
    "review": "액션은 그럭저럭 괜찮지만, 이야기와 캐릭터는 진부하고 주인공은 캐릭터에 어울리지 않는다.",
    "date": "14.04.19",
    "rating": "4",
    "author": "zxc1****",
    "review_id": "8658868",
    "movie_id": "31966"
  },
  {
    "review": "시걸의 마지막 액션 대작.. 이후론 괴상한 영화에만.",
    "date": "14.01.21",
    "rating": "8",
    "author": "pont****",
    "review_id": "8405350",
    "movie_id": "31966"
  },
  {
    "review": "시걸과 DMX의 액션 잘 어우러고 약간의 유머도",
    "date": "12.11.21",
    "rating": "8",
    "author": "fait****",
    "review_id": "6909846",
    "movie_id": "31966"
  },
  {
    "review": "시걸의 킬링타임용 영화~",
    "date": "12.06.25",
    "rating": "7",
    "author": "cred****",
    "review_id": "6414574",
    "movie_id": "31966"
  },
  {
    "review": "잼있음 ㅎ",
    "date": "12.06.25",
    "rating": "10",
    "author": "ghkd****",
    "review_id": "6414549",
    "movie_id": "31966"
  },
  {
    "review": "나름 괜찮다.",
    "date": "12.05.16",
    "rating": "10",
    "author": "kimd****",
    "review_id": "6302437",
    "movie_id": "31966"
  },
  {
    "review": "7점대는 되야지",
    "date": "11.10.02",
    "rating": "10",
    "author": "sese****",
    "review_id": "5766163",
    "movie_id": "31966"
  },
  {
    "review": "시걸 때문에 봤지만 의외로 코믹한 연출에 꽤 웃었다  코믹액션 괜찮은 연출의 영화",
    "date": "11.07.12",
    "rating": "7",
    "author": "powe****",
    "review_id": "5538398",
    "movie_id": "31966"
  },
  {
    "review": "평점 1점은 또 뭐냐...건전한 평가문화에 민폐만 끼치는 초딩들... ...ㅉㅉㅉ",
    "date": "11.04.08",
    "rating": "8",
    "author": "myun****",
    "review_id": "5362164",
    "movie_id": "31966"
  },
  {
    "review": "시걸의 무술은 수준이 좀 떨어지는 필름도 살려낸다. 완성도가 비교적 낫다.",
    "date": "11.03.04",
    "rating": "7",
    "author": "sykm****",
    "review_id": "5293012",
    "movie_id": "31966"
  },
  {
    "review": "아바타라도 스티븐시걸 나오면 안봄.원맨쑈에 아예 맞지도 않고 슥하면 다죽는 ;;",
    "date": "11.02.16",
    "rating": "1",
    "author": "cjsg****",
    "review_id": "5247269",
    "movie_id": "31966"
  },
  {
    "review": "액션부터시작해서 망가지는모습까지.. 시걸의 최고의 스폐셜영상이다",
    "date": "10.09.13",
    "rating": "10",
    "author": "klk3****",
    "review_id": "4834101",
    "movie_id": "31966"
  },
  {
    "review": "이따위 영화조차도 시걸 영화중에선 걸작이 될만하다.",
    "date": "10.09.08",
    "rating": "4",
    "author": "reco****",
    "review_id": "4824240",
    "movie_id": "31966"
  },
  {
    "review": "시걸의 액션은 무겁다 ~~~~~~~",
    "date": "10.07.29",
    "rating": "5",
    "author": "fnsk****",
    "review_id": "4681946",
    "movie_id": "31966"
  },
  {
    "review": "난 나름 괜찮든데..",
    "date": "10.03.28",
    "rating": "10",
    "author": "syj7****",
    "review_id": "4394792",
    "movie_id": "31966"
  },
  {
    "review": "시걸의 마지막 \"메이저\"급 영화 !!!!",
    "date": "09.09.18",
    "rating": "10",
    "author": "reow****",
    "review_id": "3836815",
    "movie_id": "31966"
  },
  {
    "review": "시걸영화중에서 최고의 걸작이네요 지금봐도 전혀 손색없는 파워풀 액션",
    "date": "09.08.31",
    "rating": "10",
    "author": "kyki****",
    "review_id": "3801128",
    "movie_id": "31966"
  },
  {
    "review": "아 진짜 시걸히야. 총으로 헬기 폭파 시키는 장면..잊을 수 없어. 시걸히야 총 최고!!",
    "date": "09.06.29",
    "rating": "10",
    "author": "rebi****",
    "review_id": "3598997",
    "movie_id": "31966"
  },
  {
    "review": "서론이 너무길고 그 의도도 불분명",
    "date": "09.06.28",
    "rating": "2",
    "author": "evil****",
    "review_id": "3598816",
    "movie_id": "31966"
  },
  {
    "review": "D급 시나리오에 B급 액션... 마직막 토크쇼의 질펀한 농담이 꽤 웃기긴 하지만...",
    "date": "08.11.04",
    "rating": "5",
    "author": "hepy****",
    "review_id": "3035524",
    "movie_id": "31966"
  },
  {
    "review": "스토리가 약간 어수선하지만 액션은 꽤 볼만하다",
    "date": "08.08.13",
    "rating": "7",
    "author": "urus****",
    "review_id": "2866684",
    "movie_id": "31966"
  },
  {
    "review": "머리까지 자른 시걸이 랩퍼와 함께 만든 트래쉬영화",
    "date": "08.06.22",
    "rating": "3",
    "author": "si2p****",
    "review_id": "2714795",
    "movie_id": "31966"
  },
  {
    "review": "어디서 뽀린듯한 각본에 화끈한 액션만 있으면 된다는 80년대적인 시대착오적 영화",
    "date": "08.03.22",
    "rating": "5",
    "author": "stra****",
    "review_id": "2535264",
    "movie_id": "31966"
  },
  {
    "review": "DMX가 타던 람보르기니와 마지막 엔딩곡만 인상적인 시갈표영화",
    "date": "08.02.22",
    "rating": "10",
    "author": "mcci****",
    "review_id": "2473005",
    "movie_id": "31966"
  },
  {
    "review": "시걸의 아이키도 기반 액션 작렬! 엔딩의 트래쉬 토킹이 굿일세",
    "date": "08.01.28",
    "rating": "3",
    "author": "paci****",
    "review_id": "2381091",
    "movie_id": "31966"
  },
  {
    "review": "시나리오가 똥묻은 아기기저귀수준.액션은 한 액션하지만",
    "date": "07.09.19",
    "rating": "7",
    "author": "baks****",
    "review_id": "2031005",
    "movie_id": "31966"
  },
  {
    "review": "이시걸 그남자가 다 죽인다",
    "date": "07.09.17",
    "rating": "10",
    "author": "hanh****",
    "review_id": "2026206",
    "movie_id": "31966"
  },
  {
    "review": "테러가 일어난 것 같은 영화다.",
    "date": "07.09.05",
    "rating": "10",
    "author": "fofu****",
    "review_id": "2002711",
    "movie_id": "31966"
  },
  {
    "review": "스토리하고 음악이 잘맞아서 재미있었다...",
    "date": "07.08.17",
    "rating": "10",
    "author": "fodu****",
    "review_id": "1949614",
    "movie_id": "31966"
  },
  {
    "review": "재밌었다 (나는)",
    "date": "07.08.04",
    "rating": "9",
    "author": "whtm****",
    "review_id": "1869141",
    "movie_id": "31966"
  },
  {
    "review": "깔금한 영상과 시원스러운 전개",
    "date": "07.05.18",
    "rating": "8",
    "author": "deff****",
    "review_id": "1644152",
    "movie_id": "31966"
  },
  {
    "review": "비트있는 영상, 현란한 무술 연기.. 볼거린 좋습니다.",
    "date": "07.03.20",
    "rating": "8",
    "author": "lhcg****",
    "review_id": "1544110",
    "movie_id": "31966"
  },
  {
    "review": "시걸보다 DMX가 더멋있네...점점 나락으로..",
    "date": "07.02.11",
    "rating": "5",
    "author": "hide****",
    "review_id": "1461616",
    "movie_id": "31966"
  },
  {
    "review": "50대의 스티븐시걸 5점이닷",
    "date": "07.02.04",
    "rating": "5",
    "author": "nala****",
    "review_id": "1441679",
    "movie_id": "31966"
  },
  {
    "review": "시걸 영화치곤 안지루했음.",
    "date": "07.01.21",
    "rating": "7",
    "author": "whyf****",
    "review_id": "1401437",
    "movie_id": "31966"
  },
  {
    "review": "시갈영화중엔 액션하난 대박이군.",
    "date": "07.01.13",
    "rating": "5",
    "author": "ppp0****",
    "review_id": "1380510",
    "movie_id": "31966"
  },
  {
    "review": "시걸이 맞는 희귀작",
    "date": "07.01.03",
    "rating": "7",
    "author": "eric****",
    "review_id": "1354758",
    "movie_id": "31966"
  },
  {
    "review": "이건 또 뭔가",
    "date": "06.12.12",
    "rating": "7",
    "author": "zeed****",
    "review_id": "1286141",
    "movie_id": "31966"
  },
  {
    "review": "시걸이 주연이라는 것을 감안한다면 괜찮다",
    "date": "06.12.10",
    "rating": "5",
    "author": "okjo****",
    "review_id": "1282802",
    "movie_id": "31966"
  },
  {
    "review": "비리경찰 때려잡기",
    "date": "06.11.16",
    "rating": "6",
    "author": "sadd****",
    "review_id": "1235801",
    "movie_id": "31966"
  },
  {
    "review": "스티븐 시걸의 영화란걸 감안하면 그나마 최고 수준.",
    "date": "06.11.11",
    "rating": "6",
    "author": "movi****",
    "review_id": "1226281",
    "movie_id": "31966"
  },
  {
    "review": "시갈 영화중 언더시즈 담으로 괜찮은 영화.파워풀",
    "date": "06.10.13",
    "rating": "8",
    "author": "ahnt****",
    "review_id": "1178456",
    "movie_id": "31966"
  },
  {
    "review": "최고, 시걸형님의 전성기",
    "date": "06.08.23",
    "rating": "10",
    "author": "edgu****",
    "review_id": "1070220",
    "movie_id": "31966"
  },
  {
    "review": "이래야 시갈영화지~~!",
    "date": "06.06.02",
    "rating": "10",
    "author": "naha****",
    "review_id": "828358",
    "movie_id": "31966"
  },
  {
    "review": "이거 미국 내에서만 7천만 달러 이상 벌어들였다는데.ㅋ",
    "date": "06.05.23",
    "rating": "7",
    "author": "skfu****",
    "review_id": "812955",
    "movie_id": "31966"
  },
  {
    "review": "재미있죠.  TV에서 자주해주던거 같은데 아닌가?",
    "date": "06.01.02",
    "rating": "8",
    "author": "jeeb****",
    "review_id": "554383",
    "movie_id": "31966"
  },
  {
    "review": "대단히 흥미롭다",
    "date": "05.12.24",
    "rating": "8",
    "author": "kws7****",
    "review_id": "525817",
    "movie_id": "31966"
  },
  {
    "review": "대충 시간 때우기 좋은 스티븐 시걸표 영화.",
    "date": "05.09.18",
    "rating": "6",
    "author": "jcr3****",
    "review_id": "410039",
    "movie_id": "31966"
  },
  {
    "review": "끝으로 갈수록 이상해짐..ㅡ ㅡ;;",
    "date": "05.02.17",
    "rating": "6",
    "author": "limj****",
    "review_id": "222224",
    "movie_id": "31966"
  },
  {
    "review": "음악 빼고 다른 면으로는 시걸 영화의 개성이 없는 영화",
    "date": "05.02.07",
    "rating": "7",
    "author": "kimj****",
    "review_id": "211537",
    "movie_id": "31966"
  },
  {
    "review": "왜 시걸은 나오는 영화마다 지혼자 안다치고 다해먹을까?",
    "date": "05.01.11",
    "rating": "4",
    "author": "mors****",
    "review_id": "183149",
    "movie_id": "31966"
  },
  {
    "review": "시걸의 액션은 역시 한대도 안맞고 걍 당수로 다 죽이는게 제일인데...",
    "date": "04.10.23",
    "rating": "6",
    "author": "asur****",
    "review_id": "130835",
    "movie_id": "31966"
  },
  {
    "review": "시걸 근래 영화중 가장 낫다. 바르코비악 감독 은근히 물건.",
    "date": "04.10.13",
    "rating": "7",
    "author": "k4he****",
    "review_id": "125108",
    "movie_id": "31966"
  },
  {
    "review": "어떻게 이런영화가 5천만달러나벌었어 말도안되 사기야",
    "date": "04.05.03",
    "rating": "1",
    "author": "yooj****",
    "review_id": "40700",
    "movie_id": "31966"
  },
  {
    "review": "GOOD",
    "date": "04.04.12",
    "rating": "10",
    "author": "roro****",
    "review_id": "36116",
    "movie_id": "31966"
  },
  {
    "review": "좀 산만하지만 나름대로 재밌다.",
    "date": "04.02.25",
    "rating": "8",
    "author": "iabw****",
    "review_id": "24049",
    "movie_id": "31966"
  }
]