[
  {
    "review": "실베스타 스탈론의 록키6와는 관계없는 9분짜리 단편영화네요.",
    "date": "15.03.05",
    "rating": "10",
    "author": "stem****",
    "review_id": "9757904",
    "movie_id": "31974"
  },
  {
    "review": "어릴땐 록키시리즈에 열광했지만 지금 보면 확실히 영웅주의",
    "date": "07.04.10",
    "rating": "10",
    "author": "blue****",
    "review_id": "1581565",
    "movie_id": "31974"
  },
  {
    "review": "록키 6라... -_-;;",
    "date": "04.10.18",
    "rating": "1",
    "author": "kpcc****",
    "review_id": "128058",
    "movie_id": "31974"
  }
]