[
  {
    "review": "저 줄거리 하이텔 필름스 시절에 내가 쓴 건데...ㅋㅋ",
    "date": "15.07.13",
    "rating": "1",
    "author": "walk****",
    "review_id": "10101653",
    "movie_id": "31979"
  },
  {
    "review": "이게 지금나왔으면...아마 테러당햇을듯...",
    "date": "15.06.09",
    "rating": "1",
    "author": "okmu****",
    "review_id": "9986328",
    "movie_id": "31979"
  },
  {
    "review": "완전 사기당한 쓰레기 영화. 차라리 원제대로 했었다면 욕먹지는 않았을거다",
    "date": "15.05.03",
    "rating": "1",
    "author": "kimd****",
    "review_id": "9889563",
    "movie_id": "31979"
  },
  {
    "review": "속아서 극장까지 가서 본 생각을하면 아직도 열받는다..",
    "date": "14.03.06",
    "rating": "1",
    "author": "fall****",
    "review_id": "8559567",
    "movie_id": "31979"
  },
  {
    "review": "원래제목은 이거랑다른데 우리나라가 잘못붙임 어쨌든 졸작",
    "date": "13.11.27",
    "rating": "1",
    "author": "doo2****",
    "review_id": "8171415",
    "movie_id": "31979"
  },
  {
    "review": "줄거리 패기보솤ㅋㅋ ㅅㅂㅋㅋㅋㅋㅋ",
    "date": "13.06.01",
    "rating": "1",
    "author": "jiyo****",
    "review_id": "7570184",
    "movie_id": "31979"
  },
  {
    "review": "하하",
    "date": "13.02.11",
    "rating": "1",
    "author": "moom****",
    "review_id": "7253228",
    "movie_id": "31979"
  },
  {
    "review": "마치 90년대 짝퉁 어린영화가 쏟아져 나오던 그때 그시절의 아류작의 범람 이랄까?",
    "date": "11.09.10",
    "rating": "2",
    "author": "evil****",
    "review_id": "5720590",
    "movie_id": "31979"
  },
  {
    "review": "아빠가 낚여서 본적 있다나 슈래기 영화",
    "date": "11.04.01",
    "rating": "1",
    "author": "akzk****",
    "review_id": "5347773",
    "movie_id": "31979"
  },
  {
    "review": "존나웃겨ㅋㅋ 돌아오긴 뭐가 돌아와? 백투더퓨쳐냐?",
    "date": "10.06.04",
    "rating": "10",
    "author": "wnsl****",
    "review_id": "4545166",
    "movie_id": "31979"
  },
  {
    "review": "감독이 나에게 한대 처 맞고싶나 ,, -ㅡ- 참 어이없다 ,,",
    "date": "10.01.19",
    "rating": "10",
    "author": "zhsm****",
    "review_id": "4186916",
    "movie_id": "31979"
  },
  {
    "review": "옛날 극장에서 관람해는데 한번더보고싶다",
    "date": "09.11.20",
    "rating": "10",
    "author": "skp3****",
    "review_id": "3977336",
    "movie_id": "31979"
  },
  {
    "review": "영화감독이 나한테 처 발리고 싶구나.",
    "date": "09.10.30",
    "rating": "1",
    "author": "alan****",
    "review_id": "3924721",
    "movie_id": "31979"
  },
  {
    "review": "OO 영화",
    "date": "09.10.30",
    "rating": "1",
    "author": "hifg****",
    "review_id": "3924716",
    "movie_id": "31979"
  },
  {
    "review": "또한번 뭘 끝내 너 먼저 끝내버려야 겠다",
    "date": "09.06.13",
    "rating": "1",
    "author": "troy****",
    "review_id": "3562646",
    "movie_id": "31979"
  },
  {
    "review": "재미없다 -_- 한국영화가 더 재미있다 -_- 평점이 2.95? ㅋㅋ",
    "date": "09.05.02",
    "rating": "1",
    "author": "ojj1****",
    "review_id": "3457518",
    "movie_id": "31979"
  },
  {
    "review": "국민학교4학년때 비디오가게서 500원주고 빌려봤다 ㅋㅋㅋㅋㅋㅋㅋㅋㅋㅋㅋㅋㅋㅋ",
    "date": "09.02.22",
    "rating": "10",
    "author": "heyd****",
    "review_id": "3324958",
    "movie_id": "31979"
  },
  {
    "review": "나도 저거 극장가서 봤었다는...중딩때, 터미네이터 속편인지 알고T_T별반개도 아깝네",
    "date": "09.02.18",
    "rating": "1",
    "author": "wham****",
    "review_id": "3313928",
    "movie_id": "31979"
  },
  {
    "review": "ㅋㅋㅋㅋㅋㅋㅋ 근육봐 완전쩐다. ㅋㅋㅋㅋㅋㅋ",
    "date": "09.01.23",
    "rating": "10",
    "author": "ew40****",
    "review_id": "3241487",
    "movie_id": "31979"
  },
  {
    "review": "중국 짝퉁이냐",
    "date": "09.01.22",
    "rating": "1",
    "author": "pale****",
    "review_id": "3239152",
    "movie_id": "31979"
  },
  {
    "review": "이건뭐ㅡ,,,,짝퉁이네 후후후훗 이딴건개나줘버려",
    "date": "09.01.22",
    "rating": "1",
    "author": "chom****",
    "review_id": "3238743",
    "movie_id": "31979"
  },
  {
    "review": "0점이 없는게 아쉬워요...이영화 86년인가에 극장가서 봤어요...막장영화",
    "date": "09.01.09",
    "rating": "1",
    "author": "ncar****",
    "review_id": "3204084",
    "movie_id": "31979"
  },
  {
    "review": "뭐야 이 중국산 짝퉁 영화는..?",
    "date": "09.01.08",
    "rating": "1",
    "author": "dudr****",
    "review_id": "3203062",
    "movie_id": "31979"
  },
  {
    "review": "하악 두근두근대는데 이영화 보고싶당",
    "date": "09.01.08",
    "rating": "10",
    "author": "su96****",
    "review_id": "3201634",
    "movie_id": "31979"
  },
  {
    "review": "주인공이 포스터로만 보면 데이빗하셀호프인데 전격z작전 주연",
    "date": "08.12.22",
    "rating": "1",
    "author": "hure****",
    "review_id": "3140587",
    "movie_id": "31979"
  },
  {
    "review": "우하하 기억력 되살려주네...자막 찢을뻔 했다는....결말도 유치",
    "date": "08.12.16",
    "rating": "1",
    "author": "kyhc****",
    "review_id": "3121993",
    "movie_id": "31979"
  },
  {
    "review": "하하하 저도 속아서 봤어요 !!!",
    "date": "08.11.11",
    "rating": "2",
    "author": "zang****",
    "review_id": "3044911",
    "movie_id": "31979"
  },
  {
    "review": "나는관대하다 크하하하하하하하!",
    "date": "08.10.27",
    "rating": "10",
    "author": "rnjs****",
    "review_id": "3022754",
    "movie_id": "31979"
  },
  {
    "review": "난 어릴때 이거 지대 낚여서 극장가서 봐버리고 말았다.. ㅠㅠ",
    "date": "08.10.14",
    "rating": "1",
    "author": "clik****",
    "review_id": "3000083",
    "movie_id": "31979"
  },
  {
    "review": "돌아오긴 뭐가 돌아와 ㅋㅋㅋ",
    "date": "08.10.10",
    "rating": "1",
    "author": "tngh****",
    "review_id": "2992911",
    "movie_id": "31979"
  },
  {
    "review": "이거뭐애여? 요즘나온거임? 조금촌스럽네.......",
    "date": "08.10.07",
    "rating": "1",
    "author": "dase****",
    "review_id": "2988270",
    "movie_id": "31979"
  },
  {
    "review": "ㅋㅋㅋㅋㅋ 보고서 한참을 웃엇다 ㅋㅋ 쓰레기 영화 ㅋ",
    "date": "08.10.06",
    "rating": "1",
    "author": "jkln****",
    "review_id": "2986495",
    "movie_id": "31979"
  },
  {
    "review": "ㅋㅋㅋ재밌게생겼는데? 이런분위기 포스터 아주 좋아ㅋㅋ",
    "date": "08.09.23",
    "rating": "10",
    "author": "otsu****",
    "review_id": "2965654",
    "movie_id": "31979"
  },
  {
    "review": "OOOOOOO패러디영화",
    "date": "08.09.21",
    "rating": "1",
    "author": "gjrg****",
    "review_id": "2961836",
    "movie_id": "31979"
  },
  {
    "review": "이거 봣었는데 욜라 잼업슴 ㅡㅡ ;;",
    "date": "08.09.14",
    "rating": "2",
    "author": "su47****",
    "review_id": "2943397",
    "movie_id": "31979"
  },
  {
    "review": "이러디망.....................-┏",
    "date": "08.09.08",
    "rating": "1",
    "author": "ted3****",
    "review_id": "2930658",
    "movie_id": "31979"
  },
  {
    "review": "B급영화",
    "date": "08.09.01",
    "rating": "1",
    "author": "kch9****",
    "review_id": "2915756",
    "movie_id": "31979"
  },
  {
    "review": "역대 최저평점을 받을 듯함...",
    "date": "08.08.25",
    "rating": "1",
    "author": "btmo****",
    "review_id": "2901637",
    "movie_id": "31979"
  },
  {
    "review": "이건...뭐 돈이 남아돌아서 이딴걸만드는듯....유니세프에나 기증하지",
    "date": "08.08.23",
    "rating": "1",
    "author": "sldo****",
    "review_id": "2897535",
    "movie_id": "31979"
  },
  {
    "review": "아... 이거 별로 인기도 없었을듯...",
    "date": "08.08.21",
    "rating": "1",
    "author": "tjdg****",
    "review_id": "2891660",
    "movie_id": "31979"
  },
  {
    "review": "패러디 영화네;;; 이거왠지 저질일듯;;",
    "date": "08.08.19",
    "rating": "1",
    "author": "clos****",
    "review_id": "2887151",
    "movie_id": "31979"
  },
  {
    "review": "어린시절 광고까지 터미네이터2로 포장해  나를 극장으로 끌어들여 호주머니턴영화.",
    "date": "08.06.02",
    "rating": "1",
    "author": "polo****",
    "review_id": "2676612",
    "movie_id": "31979"
  },
  {
    "review": "젠장 뭔가했다 글귀는 또 왜저래서",
    "date": "08.05.02",
    "rating": "1",
    "author": "wls2****",
    "review_id": "2611228",
    "movie_id": "31979"
  },
  {
    "review": "미친망해야할영화",
    "date": "08.03.04",
    "rating": "10",
    "author": "46to****",
    "review_id": "2502262",
    "movie_id": "31979"
  },
  {
    "review": "또 한번 끝내주러왔다!",
    "date": "08.02.26",
    "rating": "1",
    "author": "arak****",
    "review_id": "2484849",
    "movie_id": "31979"
  },
  {
    "review": "'강철의 팔'이라는 이탈리아 권법(?)액션물",
    "date": "08.02.03",
    "rating": "4",
    "author": "hide****",
    "review_id": "2401770",
    "movie_id": "31979"
  },
  {
    "review": "아씨 눈 버렸네 ㅡㅡ",
    "date": "08.01.27",
    "rating": "1",
    "author": "hoi7****",
    "review_id": "2376182",
    "movie_id": "31979"
  },
  {
    "review": "황당 그림도 재수없네",
    "date": "08.01.21",
    "rating": "1",
    "author": "jas0****",
    "review_id": "2354822",
    "movie_id": "31979"
  },
  {
    "review": "머야",
    "date": "08.01.09",
    "rating": "1",
    "author": "rlaw****",
    "review_id": "2310189",
    "movie_id": "31979"
  }
]