[
  {
    "review": "뭔가 있을꺼같지만 없다, y광선z광선은뭐니결국",
    "date": "07.08.30",
    "rating": "6",
    "author": "rizo****",
    "review_id": "1990547",
    "movie_id": "31976"
  },
  {
    "review": "몰입도 그거 하나는 좋았다.",
    "date": "07.07.18",
    "rating": "9",
    "author": "xixe****",
    "review_id": "1789621",
    "movie_id": "31976"
  },
  {
    "review": "가만히 생각해보면 너무 평범한 스릴러",
    "date": "07.07.12",
    "rating": "5",
    "author": "chry****",
    "review_id": "1768516",
    "movie_id": "31976"
  },
  {
    "review": "아씨..그노무 레게머리. 밀어버리고 싶어 죽는 줄 알았다.ㅡㅡ",
    "date": "07.01.02",
    "rating": "5",
    "author": "meth****",
    "review_id": "1351855",
    "movie_id": "31976"
  },
  {
    "review": "괜찮아유~",
    "date": "05.01.20",
    "rating": "8",
    "author": "dbpa****",
    "review_id": "190888",
    "movie_id": "31976"
  },
  {
    "review": "감독이 말하고자 하는 의도와 힌트 찾기만 잘한다면 볼만한 작품",
    "date": "04.10.10",
    "rating": "8",
    "author": "edas****",
    "review_id": "123188",
    "movie_id": "31976"
  },
  {
    "review": "위에 평가한 사람들 직원인가? 좀 솔직하게 평 좀 합시다!! 지루함;",
    "date": "04.08.10",
    "rating": "1",
    "author": "kmcs****",
    "review_id": "87898",
    "movie_id": "31976"
  },
  {
    "review": "잼있게 봤음~~~",
    "date": "04.07.29",
    "rating": "10",
    "author": "devi****",
    "review_id": "79516",
    "movie_id": "31976"
  },
  {
    "review": "영화 죽이능데욤...허;허; 스릴러물 좋아하시는분 꼭 보세용~",
    "date": "04.07.26",
    "rating": "10",
    "author": "cyco****",
    "review_id": "77168",
    "movie_id": "31976"
  },
  {
    "review": "사무엘 잭슨 팬이지만 이영화는 좀 그렇다",
    "date": "04.07.22",
    "rating": "4",
    "author": "meth****",
    "review_id": "74680",
    "movie_id": "31976"
  },
  {
    "review": "여기 나오는 피아노 곡이 어떤곡이죠??",
    "date": "04.07.19",
    "rating": "6",
    "author": "tomm****",
    "review_id": "73586",
    "movie_id": "31976"
  },
  {
    "review": "볼만할거같네요..워낙 스릴러를좋아하다보니..",
    "date": "04.07.14",
    "rating": "7",
    "author": "psyc****",
    "review_id": "70320",
    "movie_id": "31976"
  },
  {
    "review": "얼굴이 더럽다",
    "date": "04.07.09",
    "rating": "1",
    "author": "ki07****",
    "review_id": "67739",
    "movie_id": "31976"
  }
]