[
  {
    "review": "꽤 재미있던 영화...",
    "date": "15.03.01",
    "rating": "10",
    "author": "hg08****",
    "review_id": "9750638",
    "movie_id": "32019"
  },
  {
    "review": "인간적인 예수님 그대로",
    "date": "14.07.10",
    "rating": "10",
    "author": "ddgk****",
    "review_id": "8902777",
    "movie_id": "32019"
  },
  {
    "review": "JNRJ",
    "date": "13.05.06",
    "rating": "7",
    "author": "bbq2****",
    "review_id": "7511488",
    "movie_id": "32019"
  },
  {
    "review": "소돔 120일 만든 친구가 만든거 맞음? ㅡㅡ",
    "date": "12.03.24",
    "rating": "1",
    "author": "hey5****",
    "review_id": "6164563",
    "movie_id": "32019"
  },
  {
    "review": "예수앞에서의 파졸리니는 상당히 점잖으시구려",
    "date": "11.06.26",
    "rating": "7",
    "author": "2pup****",
    "review_id": "5501446",
    "movie_id": "32019"
  },
  {
    "review": "예수는 신이 아닌 지도자이다는것을 말하는 작품",
    "date": "11.04.04",
    "rating": "10",
    "author": "brot****",
    "review_id": "5353681",
    "movie_id": "32019"
  },
  {
    "review": "지극히 높으신 주여 영광의 노래 부르세",
    "date": "09.12.03",
    "rating": "10",
    "author": "as7z****",
    "review_id": "4011721",
    "movie_id": "32019"
  },
  {
    "review": "말씀대로 만들었는데 평점이 왜 이리 낮아...",
    "date": "09.10.11",
    "rating": "10",
    "author": "sega****",
    "review_id": "3886243",
    "movie_id": "32019"
  },
  {
    "review": "한국목사들이 과연 예수의 말을 지키고 있을까? 물음표를 던지게 하는 영화",
    "date": "09.08.17",
    "rating": "4",
    "author": "kuic****",
    "review_id": "3758966",
    "movie_id": "32019"
  },
  {
    "review": "사람이 만든건가?... 파졸리니가 정말 사람인가?",
    "date": "07.08.20",
    "rating": "10",
    "author": "dlag****",
    "review_id": "1963588",
    "movie_id": "32019"
  },
  {
    "review": "알듯말듯...",
    "date": "07.04.30",
    "rating": "8",
    "author": "kool****",
    "review_id": "1613356",
    "movie_id": "32019"
  },
  {
    "review": "아트시네마 갔다가 대실망...",
    "date": "07.04.27",
    "rating": "1",
    "author": "chy6****",
    "review_id": "1607451",
    "movie_id": "32019"
  },
  {
    "review": "배달의 기수 수준.. 이게 무슨 명화인지...",
    "date": "07.04.27",
    "rating": "1",
    "author": "tolb****",
    "review_id": "1607449",
    "movie_id": "32019"
  },
  {
    "review": "예수님보다 파졸리니의 연출력이 더 성스럽고 더 경이롭다.",
    "date": "07.02.25",
    "rating": "9",
    "author": "jals****",
    "review_id": "1501295",
    "movie_id": "32019"
  },
  {
    "review": "또 보고 싶은 영화",
    "date": "06.11.18",
    "rating": "10",
    "author": "zass****",
    "review_id": "1238568",
    "movie_id": "32019"
  },
  {
    "review": "두번이상은 봐야할 영화",
    "date": "06.11.14",
    "rating": "9",
    "author": "zeed****",
    "review_id": "1231954",
    "movie_id": "32019"
  },
  {
    "review": "종교적 신실함을 빼고 그 분을 바라보는 색다른 느낌.",
    "date": "06.08.11",
    "rating": "8",
    "author": "hadl****",
    "review_id": "999629",
    "movie_id": "32019"
  },
  {
    "review": "솔직하고 담백하다.그러나 예수님이 막시스트는 아닌데.",
    "date": "05.01.02",
    "rating": "9",
    "author": "zinu****",
    "review_id": "175513",
    "movie_id": "32019"
  },
  {
    "review": "믿을 수 없는 영기로 가득한 차 있는 신비한 작품.",
    "date": "04.11.03",
    "rating": "9",
    "author": "domi****",
    "review_id": "138711",
    "movie_id": "32019"
  }
]