[
  {
    "review": "와 제이슨리랑 제니퍼러브휴잇 케미좋은듯.... 내용은 징역살이해야할정도의 비현실적인 꽃뱀얘기ㅋㅋㅋㅋ그렇지만 걍 헐리우드 로코영화로서 보고 넘어갈수 있는 수준임. 두 여배우의 매력으로 꽉꽉채워진 영화",
    "date": "15.06.25",
    "rating": "9",
    "author": "hiky****",
    "review_id": "10031517",
    "movie_id": "32026"
  },
  {
    "review": "한국판 김치녀를 보는거 같다. 매력있는 제니퍼 러브 휴잇 조차도 극혐으로 내보는 김치녀의 끼. 그래도 영화는 유쾌하고 재밌다. 중간중간 흘러나오는 음악이 일품",
    "date": "15.02.05",
    "rating": "7",
    "author": "yong****",
    "review_id": "9667759",
    "movie_id": "32026"
  },
  {
    "review": "최고 잼있네요. 제니퍼 러브휴잇 대박..",
    "date": "14.12.04",
    "rating": "10",
    "author": "lwc3****",
    "review_id": "9445152",
    "movie_id": "32026"
  },
  {
    "review": "옛날에 참 재미있게 봤었는데..다시 보니 새롭네..그나저나 제니퍼 몸매 장난 아니다ㅋㅋ",
    "date": "14.11.16",
    "rating": "7",
    "author": "ehwj****",
    "review_id": "9393281",
    "movie_id": "32026"
  },
  {
    "review": "제니퍼 미치도록 이뻤을때 ㅠ",
    "date": "14.11.05",
    "rating": "9",
    "author": "blac****",
    "review_id": "9342094",
    "movie_id": "32026"
  },
  {
    "review": "갠적으로 좋아하는 영호ㅏ에요 가볍게 보기 좋고 영화에 나오는 음악도 좋아요 ㅎ 커플끼리보세요 ㅎ",
    "date": "14.10.19",
    "rating": "9",
    "author": "ange****",
    "review_id": "9302949",
    "movie_id": "32026"
  },
  {
    "review": "재밌음...10자 압박",
    "date": "14.07.26",
    "rating": "10",
    "author": "love****",
    "review_id": "8964425",
    "movie_id": "32026"
  },
  {
    "review": "저런 꽃뱀년들한테 돈뜯기면 안된다는 교훈",
    "date": "14.06.22",
    "rating": "1",
    "author": "eimi****",
    "review_id": "8846461",
    "movie_id": "32026"
  },
  {
    "review": "기발한 내용 ㅋㅋㅋ 어릴때 생각나서 다시 보내요",
    "date": "14.04.18",
    "rating": "9",
    "author": "pass****",
    "review_id": "8657672",
    "movie_id": "32026"
  },
  {
    "review": "기발하지도 않고 섹시하지도 않고, 두 시간 내내 뻔하고 식상하다.",
    "date": "14.03.01",
    "rating": "6",
    "author": "sipj****",
    "review_id": "8548277",
    "movie_id": "32026"
  },
  {
    "review": "흥미로운소재의내용을 제니퍼러브휴잇미모로 다 가려버렸다.. 살아움직이는바비인형몸매에 매혹되서 보다보면 끝나있는 마술같은영화",
    "date": "14.02.26",
    "rating": "10",
    "author": "qnft****",
    "review_id": "8538115",
    "movie_id": "32026"
  },
  {
    "review": "괜찮은 영화네요 ~ 이런저런 생각 할 거리도 있고 ~ 제니퍼 러브휴잇 미모도 아주 잘 그려낸 ~",
    "date": "13.09.07",
    "rating": "10",
    "author": "tekk****",
    "review_id": "7954333",
    "movie_id": "32026"
  },
  {
    "review": "제니퍼 러브 휴잇의 전성기~!",
    "date": "13.06.22",
    "rating": "9",
    "author": "tn99****",
    "review_id": "7668885",
    "movie_id": "32026"
  },
  {
    "review": "제니퍼 러브 휴잇 진짜 오지게 이쁘다",
    "date": "13.05.15",
    "rating": "10",
    "author": "zndz****",
    "review_id": "7528917",
    "movie_id": "32026"
  },
  {
    "review": "약13년전영화라 믿어지지않을만큼 지금봐도촌스럽지않고, 신선하다.독특한설정과 재미에 지루할틈도없다.(제니퍼 러브휴잇 너무 예쁘다ㅋ)다소과장되고 오바스러운장면때문에, 상식적으로 이해불가한부분도 없지않아있지만, 코믹영화니깐~^^가벼운마음에 웃으며 볼법한영화",
    "date": "13.05.09",
    "rating": "8",
    "author": "ilov****",
    "review_id": "7517962",
    "movie_id": "32026"
  },
  {
    "review": "원정녀 하고 잼있었습니다",
    "date": "13.01.28",
    "rating": "10",
    "author": "rheh****",
    "review_id": "7187859",
    "movie_id": "32026"
  },
  {
    "review": "지루할틈없이 재밌네요ㅋㅋㅋㅋ제스타일!!",
    "date": "13.01.26",
    "rating": "10",
    "author": "924_****",
    "review_id": "7175128",
    "movie_id": "32026"
  },
  {
    "review": "재미짐",
    "date": "13.01.05",
    "rating": "10",
    "author": "mcvp****",
    "review_id": "7083318",
    "movie_id": "32026"
  },
  {
    "review": "배우들의 열연이 빛나는 고품격 코미디^^,",
    "date": "12.11.06",
    "rating": "10",
    "author": "dear****",
    "review_id": "6859645",
    "movie_id": "32026"
  },
  {
    "review": "내가 제일 좋아하는 영화! 완전 재밌고 쿨~",
    "date": "12.10.16",
    "rating": "10",
    "author": "jeny****",
    "review_id": "6805276",
    "movie_id": "32026"
  },
  {
    "review": "꽃뱀을 이렇게 매력적으로 그려도 되냐요?ㅋㅋ시고니위버여사의 포스로 영화 휘어잡네요",
    "date": "12.09.21",
    "rating": "10",
    "author": "jjcv****",
    "review_id": "6717603",
    "movie_id": "32026"
  },
  {
    "review": "상식을  많이 벗어난 영화",
    "date": "12.09.15",
    "rating": "6",
    "author": "enjo****",
    "review_id": "6700070",
    "movie_id": "32026"
  },
  {
    "review": "제니퍼 너무 귀엽게 나온다. 전개가 너무 빨라서 아쉬운데..더 재밌을 수 있는 영화라 뭔가 아쉽다",
    "date": "12.09.10",
    "rating": "8",
    "author": "lseu****",
    "review_id": "6683987",
    "movie_id": "32026"
  },
  {
    "review": "스토리가 뻔히 보이는듯한 영화로 보였지만 예상과는 달랐다 두모녀의 능청스런 연기도 정말 재미있고 시간이 조금 지난 영화임에도 불구하고 유머가 전혀 녹슬지않았다",
    "date": "12.09.01",
    "rating": "8",
    "author": "kkii****",
    "review_id": "6661918",
    "movie_id": "32026"
  },
  {
    "review": "전성기 제니퍼 러브 휴잇",
    "date": "12.07.28",
    "rating": "8",
    "author": "ggan****",
    "review_id": "6548393",
    "movie_id": "32026"
  },
  {
    "review": "두여자주인공이 너무 매력있고 여기저기 개그요소가 많아서 재밌기도 함. 또 줄거리도 뻔한 로맨스코미디가 아니라 신선한 소재",
    "date": "12.07.14",
    "rating": "10",
    "author": "jung****",
    "review_id": "6478231",
    "movie_id": "32026"
  },
  {
    "review": "완전 재밌거등요~~~완전 강추거든요~~~~~~~~~~~~~",
    "date": "12.06.28",
    "rating": "10",
    "author": "shse****",
    "review_id": "6424339",
    "movie_id": "32026"
  },
  {
    "review": "정말 잠을 아끼고 보고봤던 영화!! 대박 추천이예요",
    "date": "12.06.25",
    "rating": "10",
    "author": "llse****",
    "review_id": "6414440",
    "movie_id": "32026"
  },
  {
    "review": "제니퍼러브휴이트와 시고니위버의 매력을 느낄수 있는 영화. 하지만 너무 가볍다.",
    "date": "12.06.12",
    "rating": "8",
    "author": "gshh****",
    "review_id": "6387117",
    "movie_id": "32026"
  },
  {
    "review": "너무 재미있게 본 영화",
    "date": "12.05.01",
    "rating": "10",
    "author": "lsjl****",
    "review_id": "6261665",
    "movie_id": "32026"
  },
  {
    "review": "그냥 좋은정도ㅋㅋ",
    "date": "12.04.24",
    "rating": "8",
    "author": "shss****",
    "review_id": "6243272",
    "movie_id": "32026"
  },
  {
    "review": "어이구야. 이렇게 유쾌한 로-코를 지금 보다니 ㅋㅋ",
    "date": "12.04.17",
    "rating": "8",
    "author": "lalf****",
    "review_id": "6228577",
    "movie_id": "32026"
  },
  {
    "review": "제니퍼 러브 휴잇의 매력과 충반한 재미.",
    "date": "12.03.06",
    "rating": "8",
    "author": "wlfa****",
    "review_id": "6126971",
    "movie_id": "32026"
  },
  {
    "review": "가볍게~ 가볍게~",
    "date": "11.12.17",
    "rating": "3",
    "author": "yaky****",
    "review_id": "5911235",
    "movie_id": "32026"
  },
  {
    "review": "Lovelovedj //딸로 나온 배우가 이프온리 고스트위스퍼러?여주인공입니돠",
    "date": "11.11.21",
    "rating": "8",
    "author": "br79****",
    "review_id": "5863337",
    "movie_id": "32026"
  },
  {
    "review": "이런걸 상큼하다고 하는거지?",
    "date": "11.10.02",
    "rating": "6",
    "author": "korn****",
    "review_id": "5767030",
    "movie_id": "32026"
  },
  {
    "review": "재밋숴:) ㅋㅋㅋㅋㅋㅋㅋㅋ",
    "date": "11.08.18",
    "rating": "9",
    "author": "sugi****",
    "review_id": "5667019",
    "movie_id": "32026"
  },
  {
    "review": "채널을 돌리다 봤는데 볼만했음 시고니 위버도 딸로 나오는 배우도 귀엽고 시간보내기 좋은영화.",
    "date": "11.08.16",
    "rating": "8",
    "author": "love****",
    "review_id": "5659795",
    "movie_id": "32026"
  },
  {
    "review": "The real con is the one pulled off at the box office... =)",
    "date": "11.04.02",
    "rating": "7",
    "author": "mchy****",
    "review_id": "5348500",
    "movie_id": "32026"
  },
  {
    "review": "제니퍼러브휴잇이 너무 예뻐서 ㅋㅋㅋ",
    "date": "11.02.23",
    "rating": "8",
    "author": "jse1****",
    "review_id": "5270012",
    "movie_id": "32026"
  },
  {
    "review": "최고!...............유쾌,상쾌,통쾌",
    "date": "11.02.12",
    "rating": "10",
    "author": "sty1****",
    "review_id": "5237093",
    "movie_id": "32026"
  },
  {
    "review": "난 이런 유쾌한 영화가 좋다!! 시고니 위버 러시아인 연기는 정말 능청스럽다ㅋㅋㅋ",
    "date": "11.01.25",
    "rating": "10",
    "author": "fubu****",
    "review_id": "5182657",
    "movie_id": "32026"
  },
  {
    "review": "뭐라도 나와야지 재밌지",
    "date": "11.01.01",
    "rating": "2",
    "author": "ttae****",
    "review_id": "5113169",
    "movie_id": "32026"
  },
  {
    "review": "모녀 사기단이 나오는 전형적인 코믹 연애 물. 적당히 볼만하다",
    "date": "10.09.21",
    "rating": "6",
    "author": "inos****",
    "review_id": "4853245",
    "movie_id": "32026"
  },
  {
    "review": "잼있긴 한데 사기가 넘하다",
    "date": "10.09.10",
    "rating": "8",
    "author": "chri****",
    "review_id": "4826396",
    "movie_id": "32026"
  },
  {
    "review": "다시봐도 재밌게 볼수있는 영화 ㅋ",
    "date": "10.08.21",
    "rating": "9",
    "author": "deux****",
    "review_id": "4773027",
    "movie_id": "32026"
  },
  {
    "review": "ㅋㅋ 재밌다진짜 몇번을봐도",
    "date": "10.08.15",
    "rating": "10",
    "author": "dmlw****",
    "review_id": "4751330",
    "movie_id": "32026"
  },
  {
    "review": "다좋은데 네이버장르 에로의 압박...이거보다 훨야한영화도 에로는안써주던데",
    "date": "10.08.03",
    "rating": "10",
    "author": "il_d****",
    "review_id": "4702703",
    "movie_id": "32026"
  },
  {
    "review": "완전재밋음 ㅋㅋㅋㅋㅋㅋㅋㅋ와 최고 ㅋㅋㅋㅋ제니퍼나온거는 다재밋어, 몸매짱임",
    "date": "10.07.30",
    "rating": "10",
    "author": "zxc1****",
    "review_id": "4685573",
    "movie_id": "32026"
  },
  {
    "review": "정말 재밌음 안보면 후회합니다",
    "date": "10.07.23",
    "rating": "10",
    "author": "fkfk****",
    "review_id": "4663069",
    "movie_id": "32026"
  },
  {
    "review": "섹시하고 귀엽고 재밌다ㅋㅋ",
    "date": "10.06.29",
    "rating": "9",
    "author": "hyom****",
    "review_id": "4598834",
    "movie_id": "32026"
  },
  {
    "review": "기대없이 유쾌하게 본 영화. 제니퍼러브휴잇의 매력에 다시한번 푹 빠지게 해준다",
    "date": "10.06.25",
    "rating": "8",
    "author": "dndr****",
    "review_id": "4591175",
    "movie_id": "32026"
  },
  {
    "review": "유쾌한 모녀사기단.죽은 시체들고 이리뛰고 저리뛰는 장면에서,아주 뒤집어졌음.",
    "date": "10.06.17",
    "rating": "8",
    "author": "baks****",
    "review_id": "4570495",
    "movie_id": "32026"
  },
  {
    "review": "제니퍼가 이쁘게나옴. 재밌습니다용",
    "date": "10.04.25",
    "rating": "9",
    "author": "jsm1****",
    "review_id": "4454515",
    "movie_id": "32026"
  },
  {
    "review": "영화 재미있고, 여자배우 몸매 감상하고 ♡..",
    "date": "10.03.16",
    "rating": "9",
    "author": "gksx****",
    "review_id": "4361886",
    "movie_id": "32026"
  },
  {
    "review": "걍그런데.. 제니퍼땜에 8점줌",
    "date": "10.03.13",
    "rating": "8",
    "author": "peac****",
    "review_id": "4353678",
    "movie_id": "32026"
  },
  {
    "review": "화끈한볼거리와 탄탄구성!",
    "date": "10.03.10",
    "rating": "10",
    "author": "insi****",
    "review_id": "4347357",
    "movie_id": "32026"
  },
  {
    "review": "재미있엇음.",
    "date": "10.02.07",
    "rating": "9",
    "author": "gkvn****",
    "review_id": "4255142",
    "movie_id": "32026"
  },
  {
    "review": "사랑에 겁을 먹은, 언제 달아날지 모르는 아기고양이같은 매력의 제니퍼",
    "date": "10.01.23",
    "rating": "8",
    "author": "nwco****",
    "review_id": "4201374",
    "movie_id": "32026"
  },
  {
    "review": "휴잇의 전성기를 볼수있는 영화",
    "date": "10.01.22",
    "rating": "10",
    "author": "jsuk****",
    "review_id": "4196548",
    "movie_id": "32026"
  },
  {
    "review": "뻔한내용이지만 생각없이 가볍게 보면 괜찮았다.",
    "date": "10.01.06",
    "rating": "7",
    "author": "khkk****",
    "review_id": "4142546",
    "movie_id": "32026"
  },
  {
    "review": "정말 재밌게 봤다 ㅋㅋㅋㅋ 기분업시키기에 정말 좋다!! 연인끼리 봐두 좋을것 같구!!",
    "date": "09.12.29",
    "rating": "8",
    "author": "ssya****",
    "review_id": "4105311",
    "movie_id": "32026"
  },
  {
    "review": "우연히 또 봤는데 그들의 캐릭터에 깊이 빠져드는 건 어쩔 수 없나보다",
    "date": "09.12.29",
    "rating": "6",
    "author": "titi****",
    "review_id": "4104990",
    "movie_id": "32026"
  },
  {
    "review": "이영화 너무좋다",
    "date": "09.12.16",
    "rating": "10",
    "author": "blai****",
    "review_id": "4047176",
    "movie_id": "32026"
  },
  {
    "review": "최고",
    "date": "09.12.14",
    "rating": "10",
    "author": "chlg****",
    "review_id": "4041195",
    "movie_id": "32026"
  },
  {
    "review": "재밌네요..",
    "date": "09.12.12",
    "rating": "7",
    "author": "jbc1****",
    "review_id": "4037528",
    "movie_id": "32026"
  },
  {
    "review": "심각하지 않게 자꾸봐도 재밌는 영화",
    "date": "09.12.03",
    "rating": "9",
    "author": "psg2****",
    "review_id": "4013041",
    "movie_id": "32026"
  },
  {
    "review": "빤히 보이는 스토리지만 가볍게 볼만하다",
    "date": "09.10.25",
    "rating": "6",
    "author": "goms****",
    "review_id": "3915697",
    "movie_id": "32026"
  },
  {
    "review": "상당히 매력적인 주인공들이다..",
    "date": "09.10.18",
    "rating": "6",
    "author": "wind****",
    "review_id": "3900422",
    "movie_id": "32026"
  },
  {
    "review": "제니퍼러브휴잇의 매력이 한편에 다 담겨있는듯함 ㅋ",
    "date": "09.10.12",
    "rating": "10",
    "author": "woop****",
    "review_id": "3887873",
    "movie_id": "32026"
  },
  {
    "review": "제니퍼굿",
    "date": "09.09.12",
    "rating": "10",
    "author": "rhle****",
    "review_id": "3825895",
    "movie_id": "32026"
  },
  {
    "review": "꽃뱀 조심",
    "date": "09.08.31",
    "rating": "7",
    "author": "rjsw****",
    "review_id": "3801069",
    "movie_id": "32026"
  },
  {
    "review": "재밋다 재밋어^^",
    "date": "09.08.22",
    "rating": "10",
    "author": "celi****",
    "review_id": "3776812",
    "movie_id": "32026"
  },
  {
    "review": "걍 최 고 ㅋㅋㅋㅋㅋㅋ 내스타일에너무잘맞는영화인데다 그냥너무사랑스러움ㅋㅋㅋㅋ",
    "date": "09.08.02",
    "rating": "10",
    "author": "0730****",
    "review_id": "3698155",
    "movie_id": "32026"
  },
  {
    "review": "제니퍼 넘 이쁘게 나온다.... 슴가도 크고 몸매도 죽윈다",
    "date": "09.07.10",
    "rating": "10",
    "author": "jand****",
    "review_id": "3621551",
    "movie_id": "32026"
  },
  {
    "review": "시고니위버 노래부를 때 너무 멋있어",
    "date": "09.07.01",
    "rating": "10",
    "author": "seul****",
    "review_id": "3604338",
    "movie_id": "32026"
  },
  {
    "review": "유쾌하고 섹시한 영화 제니퍼  정말 이쁘게 나온듯 ㅋㅋ",
    "date": "09.06.01",
    "rating": "8",
    "author": "tleh****",
    "review_id": "3537150",
    "movie_id": "32026"
  },
  {
    "review": "매력적인 모녀 등장",
    "date": "09.05.28",
    "rating": "6",
    "author": "leh0****",
    "review_id": "3527173",
    "movie_id": "32026"
  },
  {
    "review": "어릴적 유연히 티비돌리다 봤는데 재밌게 본 영화 >_ <",
    "date": "09.05.15",
    "rating": "8",
    "author": "iblu****",
    "review_id": "3497213",
    "movie_id": "32026"
  },
  {
    "review": "시고니위버가 나온 코미디라.. 쟁미 있다.. 약간 어린 제니퍼 러브휴잇의 모습...",
    "date": "09.04.11",
    "rating": "8",
    "author": "mega****",
    "review_id": "3414641",
    "movie_id": "32026"
  },
  {
    "review": "모자 관계 너무 매력있고, 낭만적인 지역이라 따스함도 느껴진다.ㅋ",
    "date": "09.01.25",
    "rating": "10",
    "author": "ttws****",
    "review_id": "3248753",
    "movie_id": "32026"
  },
  {
    "review": "제니퍼 정말 섹시하게 나온 영화..",
    "date": "09.01.25",
    "rating": "10",
    "author": "jkh0****",
    "review_id": "3247987",
    "movie_id": "32026"
  },
  {
    "review": "제니퍼 넘 이뻐!!",
    "date": "09.01.09",
    "rating": "10",
    "author": "hooc****",
    "review_id": "3204380",
    "movie_id": "32026"
  },
  {
    "review": "이거 진짜 재밌게 봤어요 휴잇 팬됫음",
    "date": "08.11.18",
    "rating": "10",
    "author": "pink****",
    "review_id": "3058069",
    "movie_id": "32026"
  },
  {
    "review": "제니퍼.......너무예쁘다.......",
    "date": "08.11.06",
    "rating": "10",
    "author": "dudx****",
    "review_id": "3036884",
    "movie_id": "32026"
  },
  {
    "review": "휴잇만으로도 너무 좋다.",
    "date": "08.10.27",
    "rating": "10",
    "author": "sexy****",
    "review_id": "3023145",
    "movie_id": "32026"
  },
  {
    "review": "좀 유치..근데 지루하기까지;;",
    "date": "08.10.22",
    "rating": "1",
    "author": "pres****",
    "review_id": "3012903",
    "movie_id": "32026"
  },
  {
    "review": "로맨스코미디 영화중에 진짜 볼만 했어요 ^_^ 강추!!",
    "date": "08.10.06",
    "rating": "10",
    "author": "eroi****",
    "review_id": "2986768",
    "movie_id": "32026"
  },
  {
    "review": "모녀가 합작으로 사기 행각을 벌이는 가볍게 볼수있는 작품",
    "date": "08.09.30",
    "rating": "7",
    "author": "deff****",
    "review_id": "2975979",
    "movie_id": "32026"
  },
  {
    "review": "가볍게 보고 즐길 수 있는 영화의 최고봉 강추~",
    "date": "08.08.27",
    "rating": "10",
    "author": "qkra****",
    "review_id": "2906114",
    "movie_id": "32026"
  },
  {
    "review": "휴잇의 익살스런 연기와 매력적인 자태 쵝오",
    "date": "08.08.23",
    "rating": "9",
    "author": "ssan****",
    "review_id": "2896804",
    "movie_id": "32026"
  },
  {
    "review": "일단 제니퍼의 매력은 최고이지만 호화  캐스팅에 비하면 평작이다",
    "date": "08.08.19",
    "rating": "6",
    "author": "si2p****",
    "review_id": "2886690",
    "movie_id": "32026"
  },
  {
    "review": "처음에는 정말 흥미진진했다!",
    "date": "08.08.01",
    "rating": "10",
    "author": "lch5****",
    "review_id": "2822504",
    "movie_id": "32026"
  },
  {
    "review": "볼만한 러브코메디~ 제니퍼 완소네요 ㅋㅋ",
    "date": "08.07.30",
    "rating": "8",
    "author": "dcap****",
    "review_id": "2815690",
    "movie_id": "32026"
  },
  {
    "review": "짱 재밌음!!!!!!!! 볼때마다 최고임ㅋㅋㅋㅋㅋㅋㅋㅋㅋㅋㅋㅋㅋㅋㅋㅋㅋㅋㅋㅋㅋ",
    "date": "08.07.12",
    "rating": "10",
    "author": "gise****",
    "review_id": "2756113",
    "movie_id": "32026"
  },
  {
    "review": "역시이건최고!!ㅋㅋㅋㅋ ㅜㅜ 너무재밌다....!!추천추천x100",
    "date": "08.07.05",
    "rating": "10",
    "author": "chdn****",
    "review_id": "2741454",
    "movie_id": "32026"
  },
  {
    "review": "cute mother and daughter con artist",
    "date": "08.07.04",
    "rating": "9",
    "author": "jayu****",
    "review_id": "2740501",
    "movie_id": "32026"
  },
  {
    "review": "최고의 섹시코미디... 제니퍼러브휴잇 어릴때 진짜 이뿌네 ㅋㅋ",
    "date": "08.07.02",
    "rating": "10",
    "author": "kjsg****",
    "review_id": "2734360",
    "movie_id": "32026"
  },
  {
    "review": "제니퍼 졸 예쁘게 나옴 ㄷㄷ",
    "date": "08.06.02",
    "rating": "10",
    "author": "yunp****",
    "review_id": "2675717",
    "movie_id": "32026"
  },
  {
    "review": "휴잇~ 어쩜 그리 이쁘니?",
    "date": "08.05.15",
    "rating": "8",
    "author": "blac****",
    "review_id": "2641571",
    "movie_id": "32026"
  }
]