[
  {
    "review": "무엇인가를 전해주고 싶었던 감독과 그것을 표현하는 배우들의 합은 맞았다. 그러나 그것을 받아들이는 관객에게는 너무나도 어려워 보인다.",
    "date": "15.06.07",
    "rating": "7",
    "author": "qoio****",
    "review_id": "9981530",
    "movie_id": "32036"
  },
  {
    "review": "돈으로도, 섹스로도 해결 할 수 없는 고독",
    "date": "13.07.05",
    "rating": "8",
    "author": "dins****",
    "review_id": "7706213",
    "movie_id": "32036"
  },
  {
    "review": "환상을 유지하려고 애썼으나 결국 현실로 돌아와버린, 성인용 판타지 로맨스.",
    "date": "12.01.17",
    "rating": "6",
    "author": "sipj****",
    "review_id": "5992540",
    "movie_id": "32036"
  },
  {
    "review": "영화 넘 좋네요 음악도 좋고..엔딩씬에 등장하는 두곡 제목좀 알수있을까요..",
    "date": "10.02.20",
    "rating": "10",
    "author": "rewa****",
    "review_id": "4302805",
    "movie_id": "32036"
  },
  {
    "review": "음,,,,, 내가 오버랩돼서 슬펐다 보는내내......",
    "date": "09.08.19",
    "rating": "8",
    "author": "sptl****",
    "review_id": "3766446",
    "movie_id": "32036"
  },
  {
    "review": "외롭고 쓸쓸한 느낌의 에로틱 드라마...슬프다...",
    "date": "08.09.08",
    "rating": "6",
    "author": "egyp****",
    "review_id": "2930482",
    "movie_id": "32036"
  },
  {
    "review": "남주가 매렸있네. 잘생긴 것도 아닌데. 부자배역드로 딱! 영화느낌도 꽤 세련.",
    "date": "08.03.17",
    "rating": "10",
    "author": "pse5****",
    "review_id": "2526648",
    "movie_id": "32036"
  },
  {
    "review": "뭔가 보여주는듯 하다가 남는게 없는 영화",
    "date": "07.11.01",
    "rating": "7",
    "author": "jgo1****",
    "review_id": "2125834",
    "movie_id": "32036"
  },
  {
    "review": "웨인왕의 영상은 나의 눈과 가슴을 열기엔 부족햇다..",
    "date": "07.08.22",
    "rating": "5",
    "author": "typo****",
    "review_id": "1967807",
    "movie_id": "32036"
  },
  {
    "review": "영화라도... 세상에 이렇게 괜찮은 남자가 있다니!!!",
    "date": "07.08.18",
    "rating": "9",
    "author": "tori****",
    "review_id": "1953157",
    "movie_id": "32036"
  },
  {
    "review": "조금은 안타까움이 느껴지는 현실판 귀여운여인...",
    "date": "06.04.28",
    "rating": "7",
    "author": "wert****",
    "review_id": "778636",
    "movie_id": "32036"
  },
  {
    "review": "묘한 퇴폐미를 발산하는 여주인공의 매력 but 임팩트의 부재",
    "date": "06.03.08",
    "rating": "7",
    "author": "sepe****",
    "review_id": "708691",
    "movie_id": "32036"
  },
  {
    "review": "볼 때는 재미있었지만 남는건 없는 듯..",
    "date": "05.08.29",
    "rating": "7",
    "author": "mars****",
    "review_id": "387999",
    "movie_id": "32036"
  },
  {
    "review": "흡입력이 강한 영화.. 감독에 대한 평가는 이제그만..",
    "date": "05.07.14",
    "rating": "9",
    "author": "koop****",
    "review_id": "321693",
    "movie_id": "32036"
  },
  {
    "review": "웨인왕과 폴오스터가 만든 세상의중심으로 떠난 여행",
    "date": "05.04.26",
    "rating": "10",
    "author": "craz****",
    "review_id": "266661",
    "movie_id": "32036"
  },
  {
    "review": "명감독의 졸작. 감동이나 재미는 없다.",
    "date": "05.03.06",
    "rating": "3",
    "author": "comb****",
    "review_id": "236417",
    "movie_id": "32036"
  },
  {
    "review": "themes are ultimately bankrupt",
    "date": "04.11.02",
    "rating": "5",
    "author": "thin****",
    "review_id": "137883",
    "movie_id": "32036"
  },
  {
    "review": "좋은 의도로 만들었지만 영화내에선 그 의도를 느낄수 없다.",
    "date": "04.07.08",
    "rating": "3",
    "author": "powe****",
    "review_id": "67253",
    "movie_id": "32036"
  },
  {
    "review": "개봉을 했나? 아니면 아직도 미정인가... 기왕이면 극장에서 보았으면",
    "date": "04.07.05",
    "rating": "1",
    "author": "nav1****",
    "review_id": "65400",
    "movie_id": "32036"
  }
]