[
  {
    "review": "영화로 만들기 어려울 것 같았는데 실망감없이 잘 봤어요!",
    "date": "15.08.12",
    "rating": "10",
    "author": "rlaw****",
    "review_id": "10219554",
    "movie_id": "32059"
  },
  {
    "review": "원작에서의 모모는 그냥 소녀였는데 여기서는 요정이네... 그래도 지장은 없으니 뭐...",
    "date": "15.02.23",
    "rating": "10",
    "author": "mhr3****",
    "review_id": "9731904",
    "movie_id": "32059"
  },
  {
    "review": "이런영화 정말 좋네요. !",
    "date": "14.10.05",
    "rating": "10",
    "author": "cspa****",
    "review_id": "9264592",
    "movie_id": "32059"
  },
  {
    "review": "중딩시절 맨 처음 모모를 읽었을 때의 행복감과 신비함 깨달음을 다시 받았다",
    "date": "12.11.06",
    "rating": "9",
    "author": "whit****",
    "review_id": "6859626",
    "movie_id": "32059"
  },
  {
    "review": "지금 이 순간이 제일 소중하다.",
    "date": "12.06.25",
    "rating": "10",
    "author": "jjun****",
    "review_id": "6414530",
    "movie_id": "32059"
  },
  {
    "review": "귀엽다",
    "date": "12.04.15",
    "rating": "10",
    "author": "qwea****",
    "review_id": "6223693",
    "movie_id": "32059"
  },
  {
    "review": "회색인들이 타인의 시간을 뺏어 만든 시가를 피우며 생존하던 모습이 아직도 생각나네",
    "date": "11.12.11",
    "rating": "8",
    "author": "gall****",
    "review_id": "5901171",
    "movie_id": "32059"
  },
  {
    "review": "어린시절 감성을 자극하는 동화같은 이야기",
    "date": "11.10.03",
    "rating": "9",
    "author": "unre****",
    "review_id": "5768972",
    "movie_id": "32059"
  },
  {
    "review": "원작도 좋고 영화도 좋고.. ^^",
    "date": "11.09.05",
    "rating": "10",
    "author": "tkde****",
    "review_id": "5709599",
    "movie_id": "32059"
  },
  {
    "review": "시간이 金인 이 회색세상에서 때로는 천천히 걷고, 때로는 뒤로도 걷자.",
    "date": "11.07.04",
    "rating": "8",
    "author": "bbq2****",
    "review_id": "5522699",
    "movie_id": "32059"
  },
  {
    "review": "전형적인 어린이용 동화. 시간이 매우 아깝다.",
    "date": "11.07.03",
    "rating": "4",
    "author": "wlfa****",
    "review_id": "5519680",
    "movie_id": "32059"
  },
  {
    "review": "마음에 듭니다.",
    "date": "11.06.25",
    "rating": "10",
    "author": "nimb****",
    "review_id": "5498551",
    "movie_id": "32059"
  },
  {
    "review": "자란놈은,가지.모모는 철부지,모모는 무지개,모모는 생을쫒아가는,시계바늘.",
    "date": "11.05.21",
    "rating": "10",
    "author": "baks****",
    "review_id": "5440355",
    "movie_id": "32059"
  },
  {
    "review": "내가 본 영화중에 평점이 젤 높아 ㅎㅎㅎ",
    "date": "10.08.15",
    "rating": "10",
    "author": "m2ra****",
    "review_id": "4752282",
    "movie_id": "32059"
  },
  {
    "review": "시간은 보석이다",
    "date": "10.08.15",
    "rating": "10",
    "author": "kidd****",
    "review_id": "4752270",
    "movie_id": "32059"
  },
  {
    "review": "미하엘 엔데 동화소설 원작. ^^ 시간을 찾아서.. 보석같은 영화.",
    "date": "10.07.20",
    "rating": "10",
    "author": "cmjo****",
    "review_id": "4654779",
    "movie_id": "32059"
  },
  {
    "review": "주고싶다",
    "date": "10.03.10",
    "rating": "10",
    "author": "uwns****",
    "review_id": "4347480",
    "movie_id": "32059"
  },
  {
    "review": "테리길리엄과 요하네스 샤프 사이",
    "date": "10.03.07",
    "rating": "10",
    "author": "egoh****",
    "review_id": "4340156",
    "movie_id": "32059"
  },
  {
    "review": "완벽은 오해를 불러일으키지..ㅋㅋㅋㅋㅋ",
    "date": "09.12.04",
    "rating": "9",
    "author": "shin****",
    "review_id": "4015999",
    "movie_id": "32059"
  },
  {
    "review": "평점 10점이다..... ㄷㄷ",
    "date": "09.07.26",
    "rating": "10",
    "author": "leed****",
    "review_id": "3670469",
    "movie_id": "32059"
  },
  {
    "review": "ㄱ굿",
    "date": "09.07.25",
    "rating": "10",
    "author": "cjw1****",
    "review_id": "3666004",
    "movie_id": "32059"
  },
  {
    "review": "모모,  내 주 위에 있는 회색 신사들 좀 쫓아주렴 ㅡ,,.ㅡ;",
    "date": "09.07.22",
    "rating": "10",
    "author": "arti****",
    "review_id": "3656536",
    "movie_id": "32059"
  },
  {
    "review": "마음에 듭니다.",
    "date": "09.07.14",
    "rating": "10",
    "author": "dong****",
    "review_id": "3631061",
    "movie_id": "32059"
  },
  {
    "review": "좋아요.",
    "date": "09.07.14",
    "rating": "10",
    "author": "0527****",
    "review_id": "3631044",
    "movie_id": "32059"
  },
  {
    "review": "우왕 굿~",
    "date": "09.01.10",
    "rating": "10",
    "author": "c392****",
    "review_id": "3208523",
    "movie_id": "32059"
  },
  {
    "review": "와우 쵝오",
    "date": "09.01.10",
    "rating": "10",
    "author": "jhcb****",
    "review_id": "3208319",
    "movie_id": "32059"
  },
  {
    "review": "ㅎㅎ 몇번 보고 또 봐도 재미있는 모모 이야기",
    "date": "08.03.01",
    "rating": "10",
    "author": "ekfz****",
    "review_id": "2496531",
    "movie_id": "32059"
  },
  {
    "review": "책으로 봐도 재미있는 작품^^",
    "date": "06.12.01",
    "rating": "10",
    "author": "3dra****",
    "review_id": "1261935",
    "movie_id": "32059"
  },
  {
    "review": "마음도 머리도 따뜻해지는 작품~^^",
    "date": "06.09.13",
    "rating": "10",
    "author": "dali****",
    "review_id": "1120287",
    "movie_id": "32059"
  },
  {
    "review": "원작때문에",
    "date": "06.08.19",
    "rating": "10",
    "author": "zeed****",
    "review_id": "1053738",
    "movie_id": "32059"
  },
  {
    "review": "시간의 소중함을 잃어버린 사람들에게..",
    "date": "06.08.08",
    "rating": "10",
    "author": "ven7****",
    "review_id": "985884",
    "movie_id": "32059"
  },
  {
    "review": "연기와 작품성 모두 최고의 작품.",
    "date": "05.10.24",
    "rating": "10",
    "author": "blue****",
    "review_id": "453973",
    "movie_id": "32059"
  },
  {
    "review": "이유없이별점을주고싶은...",
    "date": "04.12.17",
    "rating": "10",
    "author": "ssiq****",
    "review_id": "164182",
    "movie_id": "32059"
  }
]