[
  {
    "review": "공포로 시작해서 코미디로 막을 내리는 연출력이 놀라워",
    "date": "14.07.07",
    "rating": "5",
    "author": "almo****",
    "review_id": "8892237",
    "movie_id": "32055"
  },
  {
    "review": "명대사.  택시기사 : 따블입니다~",
    "date": "11.08.13",
    "rating": "10",
    "author": "jfye****",
    "review_id": "5646855",
    "movie_id": "32055"
  },
  {
    "review": "애드워드보다 뛰어난 남기남감독님의 작품 최고다.!!",
    "date": "11.08.06",
    "rating": "10",
    "author": "jang****",
    "review_id": "5612615",
    "movie_id": "32055"
  },
  {
    "review": "그냥 별 다섯개 주면 버릇나빠진다",
    "date": "11.01.02",
    "rating": "1",
    "author": "jeaw****",
    "review_id": "5117867",
    "movie_id": "32055"
  },
  {
    "review": "공포의케미컬라이트。",
    "date": "10.03.01",
    "rating": "10",
    "author": "dhkq****",
    "review_id": "4326409",
    "movie_id": "32055"
  },
  {
    "review": "공포와 코메디를 어정쩡 하게 결합... 결과는 비극적이었다.",
    "date": "09.07.17",
    "rating": "4",
    "author": "rush****",
    "review_id": "3642314",
    "movie_id": "32055"
  },
  {
    "review": "아~~이거 넘하잖아...스타워즈 형 전설의고향",
    "date": "09.02.17",
    "rating": "10",
    "author": "mubi****",
    "review_id": "3312250",
    "movie_id": "32055"
  },
  {
    "review": "20세기 한국영화의 수작 진정한 거장 남기남",
    "date": "08.03.21",
    "rating": "10",
    "author": "japa****",
    "review_id": "2533092",
    "movie_id": "32055"
  },
  {
    "review": "그냥 10점 주고싶다.",
    "date": "07.01.10",
    "rating": "10",
    "author": "sakt****",
    "review_id": "1371284",
    "movie_id": "32055"
  }
]