[
  {
    "review": "영화화하기 어려운 원작을 고른 패기는 높이 사지만, 발연기에 산으로 가는 연출은 어쩔.",
    "date": "15.03.12",
    "rating": "4",
    "author": "tear****",
    "review_id": "9775500",
    "movie_id": "32087"
  },
  {
    "review": "영화건 책이건 어느때에 보느냐가 중요한것같습니다.호불호가 갈리는건 제대로 교감하지 못해서가 아닐까 싶네요.?문득 생각났는데, 오래전 책으로봐서 기억이 잘 안나길래 영화로 찾아보니 참 좋네요.",
    "date": "13.08.25",
    "rating": "10",
    "author": "ssal****",
    "review_id": "7919849",
    "movie_id": "32087"
  },
  {
    "review": "모냐 이건? ㅋㅋㅋ 모제멋대로 나름의 예술이라면 예술이겠지 ㅋ",
    "date": "13.02.25",
    "rating": "2",
    "author": "kis5****",
    "review_id": "7299831",
    "movie_id": "32087"
  },
  {
    "review": "내생각하고 많이틀려서 별루지만 그런데로 볼만함.이수아 연기많이 좋았졋네.",
    "date": "12.08.12",
    "rating": "7",
    "author": "a109****",
    "review_id": "6595536",
    "movie_id": "32087"
  },
  {
    "review": "어설픈 영화 쯧",
    "date": "11.03.04",
    "rating": "3",
    "author": "yuha****",
    "review_id": "5293097",
    "movie_id": "32087"
  },
  {
    "review": "인트로 포르노, 생각은 철학책, 실상은 평점 6 처음엔 쓰레긴데 나중엔 나쁘진않네",
    "date": "11.01.19",
    "rating": "7",
    "author": "thal****",
    "review_id": "5169052",
    "movie_id": "32087"
  },
  {
    "review": "감독 나랑 싸우자는거지?",
    "date": "10.10.14",
    "rating": "3",
    "author": "kiss****",
    "review_id": "4901516",
    "movie_id": "32087"
  },
  {
    "review": "그냥 책이나 볼걸..",
    "date": "09.07.29",
    "rating": "1",
    "author": "jude****",
    "review_id": "3682124",
    "movie_id": "32087"
  },
  {
    "review": "감각적이다. 원작을 담으려고 노력했다.",
    "date": "09.06.14",
    "rating": "9",
    "author": "jbjw****",
    "review_id": "3564239",
    "movie_id": "32087"
  },
  {
    "review": "90분안에 담기에는 어려운...",
    "date": "09.02.08",
    "rating": "6",
    "author": "nada****",
    "review_id": "3287789",
    "movie_id": "32087"
  },
  {
    "review": "원작이 있었구나..이런건 그냥 책으로 읽어야 되지싶네;",
    "date": "09.01.07",
    "rating": "5",
    "author": "qlxo****",
    "review_id": "3199057",
    "movie_id": "32087"
  },
  {
    "review": "진짜 농담 아닙니다.. 쓰레기 영화..... Trust me....",
    "date": "08.12.20",
    "rating": "1",
    "author": "best****",
    "review_id": "3131609",
    "movie_id": "32087"
  },
  {
    "review": "소설을 안읽어봐서 그런건가 이해불가???",
    "date": "08.06.29",
    "rating": "1",
    "author": "toto****",
    "review_id": "2728168",
    "movie_id": "32087"
  },
  {
    "review": "소설을 모욕하는 영화, 추상미 자살씬만 기억에 남는다.",
    "date": "08.01.16",
    "rating": "4",
    "author": "my2m****",
    "review_id": "2335742",
    "movie_id": "32087"
  },
  {
    "review": "보지마",
    "date": "08.01.11",
    "rating": "2",
    "author": "wjdt****",
    "review_id": "2317451",
    "movie_id": "32087"
  },
  {
    "review": "제목 저거 프랑소와즈 사강이 한 말이네요 ㅋㅋ",
    "date": "08.01.10",
    "rating": "1",
    "author": "gaia****",
    "review_id": "2315294",
    "movie_id": "32087"
  },
  {
    "review": "OOO",
    "date": "08.01.06",
    "rating": "1",
    "author": "sadk****",
    "review_id": "2302179",
    "movie_id": "32087"
  },
  {
    "review": "원작을 압축하느라 찌그러뜨려놓았음. 하지만 절대 잊지못할 영화.",
    "date": "07.12.06",
    "rating": "8",
    "author": "thel****",
    "review_id": "2212002",
    "movie_id": "32087"
  },
  {
    "review": "이 영화는 원작을 읽을 의무를 주려하고 있다.",
    "date": "07.09.02",
    "rating": "3",
    "author": "izzo****",
    "review_id": "1997191",
    "movie_id": "32087"
  },
  {
    "review": "공감은 가나 그 소재만이다..원작에 대한 궁금증은 충분히 생긴다....",
    "date": "07.08.07",
    "rating": "5",
    "author": "skat****",
    "review_id": "1898054",
    "movie_id": "32087"
  },
  {
    "review": "의문점만 던져주고 관객을 떠나버리는 무책임한 영화",
    "date": "07.07.12",
    "rating": "8",
    "author": "h180****",
    "review_id": "1767934",
    "movie_id": "32087"
  },
  {
    "review": "소설 원작을 실망시키는구나.",
    "date": "07.02.19",
    "rating": "1",
    "author": "tlqk****",
    "review_id": "1486264",
    "movie_id": "32087"
  },
  {
    "review": "재밌다",
    "date": "06.12.21",
    "rating": "10",
    "author": "cjon****",
    "review_id": "1309277",
    "movie_id": "32087"
  },
  {
    "review": "갑갑하게느껴지는것과영화가쓰레기라고말하는것은다르니까..",
    "date": "06.12.18",
    "rating": "8",
    "author": "tsbl****",
    "review_id": "1301994",
    "movie_id": "32087"
  },
  {
    "review": "나는 영화를 파괴할 권리가 있다",
    "date": "06.12.02",
    "rating": "1",
    "author": "kims****",
    "review_id": "1262673",
    "movie_id": "32087"
  },
  {
    "review": "저예산 예술영화라는 이유로 높은 평가를 받기를 원했나?",
    "date": "06.12.01",
    "rating": "1",
    "author": "okjo****",
    "review_id": "1261187",
    "movie_id": "32087"
  },
  {
    "review": "흥분못시키는거짓말같은영화이것만이감독을불편하게만드는진실",
    "date": "06.07.22",
    "rating": "1",
    "author": "tubt****",
    "review_id": "913496",
    "movie_id": "32087"
  },
  {
    "review": "재미있게 잘 봤어요",
    "date": "05.12.05",
    "rating": "9",
    "author": "dong****",
    "review_id": "494725",
    "movie_id": "32087"
  },
  {
    "review": "내인생,네 인생 최악의 영화",
    "date": "05.10.10",
    "rating": "1",
    "author": "mono****",
    "review_id": "438969",
    "movie_id": "32087"
  },
  {
    "review": "80년대 영화보는 기분. 예술을 알아보지 못해서 죄송할따름...",
    "date": "05.06.11",
    "rating": "3",
    "author": "nata****",
    "review_id": "297781",
    "movie_id": "32087"
  },
  {
    "review": "기대이하..",
    "date": "05.05.06",
    "rating": "1",
    "author": "namt****",
    "review_id": "272369",
    "movie_id": "32087"
  },
  {
    "review": "자살에 대해 다시한번 생각해본 영화",
    "date": "05.05.04",
    "rating": "9",
    "author": "cozy****",
    "review_id": "270852",
    "movie_id": "32087"
  },
  {
    "review": "BGM과  멋진영상, 재밌는스토리! 의미없는 섹스씬이 아쉬운.",
    "date": "05.05.03",
    "rating": "9",
    "author": "badk****",
    "review_id": "270277",
    "movie_id": "32087"
  },
  {
    "review": "차라리 책을 보길..",
    "date": "05.04.26",
    "rating": "1",
    "author": "ch45****",
    "review_id": "266329",
    "movie_id": "32087"
  },
  {
    "review": "배우들의열연이돋보인다",
    "date": "05.04.24",
    "rating": "10",
    "author": "myba****",
    "review_id": "265627",
    "movie_id": "32087"
  },
  {
    "review": "한 번 볼만한 영화 추상미 매력적이고...",
    "date": "05.04.24",
    "rating": "10",
    "author": "pepe****",
    "review_id": "265575",
    "movie_id": "32087"
  },
  {
    "review": "소신있는영화 , 하지만 한계가 있는 영화",
    "date": "05.04.24",
    "rating": "5",
    "author": "fant****",
    "review_id": "265517",
    "movie_id": "32087"
  },
  {
    "review": "초반의 의미없는 섹스신을 제외하면 상당한 수작.",
    "date": "05.04.23",
    "rating": "9",
    "author": "preo****",
    "review_id": "264456",
    "movie_id": "32087"
  },
  {
    "review": "..평론가들의 말은 믿을게 못된다",
    "date": "05.04.21",
    "rating": "10",
    "author": "gh28****",
    "review_id": "263860",
    "movie_id": "32087"
  },
  {
    "review": "추상미의 연기가 돋보인다",
    "date": "05.04.21",
    "rating": "10",
    "author": "cine****",
    "review_id": "263843",
    "movie_id": "32087"
  },
  {
    "review": "한번 보면 절대 잊을 수 없는 영화.",
    "date": "05.04.21",
    "rating": "10",
    "author": "flyh****",
    "review_id": "263589",
    "movie_id": "32087"
  },
  {
    "review": "어설픈 평론덕에 놓칠뻔한..여자정혜와 함께 부산에서 발견한..",
    "date": "05.04.19",
    "rating": "9",
    "author": "22cm****",
    "review_id": "262634",
    "movie_id": "32087"
  },
  {
    "review": "정말 독특하고 특별한 영화_!!",
    "date": "05.04.19",
    "rating": "10",
    "author": "bobt****",
    "review_id": "262455",
    "movie_id": "32087"
  },
  {
    "review": "나를 파괴 하는 것이 최대한의 휴식이라면 기꺼이...",
    "date": "05.04.17",
    "rating": "8",
    "author": "dene****",
    "review_id": "261633",
    "movie_id": "32087"
  },
  {
    "review": "내마음에 돌멩이에 던져주진 못했다.",
    "date": "05.04.17",
    "rating": "7",
    "author": "kjoo****",
    "review_id": "261618",
    "movie_id": "32087"
  },
  {
    "review": "스스로를 파괴할 권리가 있긴 있는데.. 지루한 권리는 싫다.",
    "date": "05.04.17",
    "rating": "4",
    "author": "movi****",
    "review_id": "261522",
    "movie_id": "32087"
  },
  {
    "review": "난 세상 모든 영화를 파괴할 권리가 있다!!",
    "date": "05.04.17",
    "rating": "9",
    "author": "xix7****",
    "review_id": "261508",
    "movie_id": "32087"
  },
  {
    "review": "복층적 구조.. 인간의 이성과 본능을 잘 표현한 작품.. 굿!",
    "date": "05.04.17",
    "rating": "10",
    "author": "lsh2****",
    "review_id": "261251",
    "movie_id": "32087"
  },
  {
    "review": "뜻밖에 수확..분명 한가지를 던져줄 영화",
    "date": "05.04.17",
    "rating": "10",
    "author": "dtyi****",
    "review_id": "261249",
    "movie_id": "32087"
  },
  {
    "review": "오우",
    "date": "05.04.17",
    "rating": "10",
    "author": "sams****",
    "review_id": "261233",
    "movie_id": "32087"
  },
  {
    "review": "이영화가 파괴된다면 한국영화의 미래도 파괴될것이다",
    "date": "05.04.17",
    "rating": "10",
    "author": "akir****",
    "review_id": "261197",
    "movie_id": "32087"
  },
  {
    "review": "자신을 파괴할 권리가 있을까?권리는 자신을 위해 잇는건데...",
    "date": "05.04.17",
    "rating": "7",
    "author": "kyun****",
    "review_id": "261139",
    "movie_id": "32087"
  },
  {
    "review": "정말 자신이 자신을 파괴할 권리가 있을것인가..",
    "date": "05.04.17",
    "rating": "10",
    "author": "heav****",
    "review_id": "261069",
    "movie_id": "32087"
  },
  {
    "review": "끊임없는 미스테리를 파헤쳐 가는 긴장감 늦출 수 없는 영화!",
    "date": "05.04.17",
    "rating": "10",
    "author": "kies****",
    "review_id": "261051",
    "movie_id": "32087"
  },
  {
    "review": "재미있더구만...",
    "date": "05.04.16",
    "rating": "10",
    "author": "babo****",
    "review_id": "260821",
    "movie_id": "32087"
  },
  {
    "review": "설정과결말만을보여준후,이유에대한추리를관객에게요구하는영화",
    "date": "05.04.16",
    "rating": "7",
    "author": "medb****",
    "review_id": "260787",
    "movie_id": "32087"
  },
  {
    "review": "강추!!! 열정적인 삶에 대한 반추!!! 한국영화의 지평을 넓힘!!",
    "date": "05.04.16",
    "rating": "10",
    "author": "jdny****",
    "review_id": "260583",
    "movie_id": "32087"
  },
  {
    "review": "시사회로 보았음...볼만한 내용임..좀 야해서 탈이지~",
    "date": "05.03.26",
    "rating": "8",
    "author": "jupi****",
    "review_id": "247465",
    "movie_id": "32087"
  },
  {
    "review": "어째 요즘 한국영화는 이전 방화의 길을 그대로 가고 있는가...",
    "date": "05.03.20",
    "rating": "1",
    "author": "idom****",
    "review_id": "244278",
    "movie_id": "32087"
  },
  {
    "review": "지나치게 무거운 분위기로만 가서 아쉽다 내 내공이 모자란건가?",
    "date": "05.03.19",
    "rating": "6",
    "author": "drsl****",
    "review_id": "244042",
    "movie_id": "32087"
  },
  {
    "review": "친구랑 갔다가 민망해서 나왔다..꼭...그래야만 하는 걸까;;;;;;",
    "date": "05.03.18",
    "rating": "2",
    "author": "aapp****",
    "review_id": "243395",
    "movie_id": "32087"
  },
  {
    "review": "앞부분10분을 다른내용으로 채웠다면 그럭저럭..",
    "date": "05.03.18",
    "rating": "5",
    "author": "love****",
    "review_id": "243258",
    "movie_id": "32087"
  },
  {
    "review": "끝까지 본 내친구들이 자랑스러웠다..미안하다 친구들아 ㅠ.ㅠ",
    "date": "05.03.18",
    "rating": "1",
    "author": "psmz****",
    "review_id": "243213",
    "movie_id": "32087"
  },
  {
    "review": "시사회 같이간 친구한테 미안할정도; -_-;;",
    "date": "05.03.18",
    "rating": "1",
    "author": "bmr6****",
    "review_id": "243065",
    "movie_id": "32087"
  },
  {
    "review": "흥행에 성공한다면..아마..난 일반'대중'이 아닐것이다",
    "date": "05.03.16",
    "rating": "1",
    "author": "pjwa****",
    "review_id": "241800",
    "movie_id": "32087"
  },
  {
    "review": "원작자체가재미를위한건아니었다그이상의충동이생길지도모른다",
    "date": "05.03.14",
    "rating": "10",
    "author": "girl****",
    "review_id": "240663",
    "movie_id": "32087"
  },
  {
    "review": "어설픈 포르노 영화에 어설픈 심리요소를 넣은 듯한 느낌.",
    "date": "05.03.11",
    "rating": "1",
    "author": "rane****",
    "review_id": "238564",
    "movie_id": "32087"
  },
  {
    "review": "좀 새로운 느낌의 한국 영화...",
    "date": "05.03.09",
    "rating": "9",
    "author": "k620****",
    "review_id": "237675",
    "movie_id": "32087"
  },
  {
    "review": "훌륭한 영화~~~~~~~~~~",
    "date": "05.03.08",
    "rating": "10",
    "author": "jjdi****",
    "review_id": "237447",
    "movie_id": "32087"
  },
  {
    "review": "이 영화 굿~",
    "date": "04.04.18",
    "rating": "10",
    "author": "sotf****",
    "review_id": "37766",
    "movie_id": "32087"
  },
  {
    "review": "잔인한 주제와 함께 아름다운 이미지를 적나라하게 펼쳐놓는 영화",
    "date": "03.12.13",
    "rating": "9",
    "author": "love****",
    "review_id": "2162",
    "movie_id": "32087"
  }
]