[
  {
    "review": "이 영화를 잊고 있었군. 최고의 영화 중 하나.",
    "date": "14.09.09",
    "rating": "10",
    "author": "anti****",
    "review_id": "9191761",
    "movie_id": "32085"
  },
  {
    "review": "영화를 보고 사랑앞에서 속물이 되는 자신이 부끄러웠다. 남녀는 들판에서 자연스럽게 만나는게 연이라고 누가 그럽디다.",
    "date": "12.10.06",
    "rating": "9",
    "author": "kiil****",
    "review_id": "6766060",
    "movie_id": "32085"
  },
  {
    "review": "Sacrebleu!",
    "date": "12.08.22",
    "rating": "7",
    "author": "bbq2****",
    "review_id": "6635552",
    "movie_id": "32085"
  },
  {
    "review": "깨알같은 웃음이 끊이질않았다.",
    "date": "12.02.13",
    "rating": "8",
    "author": "wlfa****",
    "review_id": "6072393",
    "movie_id": "32085"
  },
  {
    "review": "마지막에 존웨인 걸음걸이까지 흉내내는거에서 빵 터짐ㅁ",
    "date": "12.02.07",
    "rating": "10",
    "author": "redo****",
    "review_id": "6058709",
    "movie_id": "32085"
  },
  {
    "review": "내 생애 최고의 영화였다 ㅋㅋㅋ 정말 현실적인 사랑이야기",
    "date": "12.02.07",
    "rating": "10",
    "author": "chec****",
    "review_id": "6058178",
    "movie_id": "32085"
  },
  {
    "review": "지루하고 하품나는 영화...",
    "date": "10.11.24",
    "rating": "3",
    "author": "se72****",
    "review_id": "4985095",
    "movie_id": "32085"
  },
  {
    "review": "스피디한 유쾌함과 발랄함을 기대했는데.. 기대이하 지루하기두하구",
    "date": "10.09.14",
    "rating": "5",
    "author": "kis5****",
    "review_id": "4834817",
    "movie_id": "32085"
  },
  {
    "review": "케이블에서 우연히 봤는데 되게 웃겼음..로맨틱코메디 잘안보는데 이영화는 추천.",
    "date": "10.04.17",
    "rating": "10",
    "author": "kjh_****",
    "review_id": "4438438",
    "movie_id": "32085"
  },
  {
    "review": "재미있게 보았다.",
    "date": "09.10.12",
    "rating": "10",
    "author": "boon****",
    "review_id": "3888897",
    "movie_id": "32085"
  },
  {
    "review": "제목만봐도웃게된다 ㅋㅋ 잊을수없던그장면 ~",
    "date": "09.02.12",
    "rating": "10",
    "author": "esmi****",
    "review_id": "3297682",
    "movie_id": "32085"
  },
  {
    "review": "기대한것보다 흥미로웠음",
    "date": "09.01.17",
    "rating": "9",
    "author": "pooh****",
    "review_id": "3228120",
    "movie_id": "32085"
  },
  {
    "review": "좋긴한데, 잘 모르겠다. 내가 느끼는 사랑과 너무 다른 모습이라서?",
    "date": "08.04.23",
    "rating": "7",
    "author": "itsp****",
    "review_id": "2595255",
    "movie_id": "32085"
  },
  {
    "review": "사랑이 사람을 변하게 하는과정.",
    "date": "08.03.20",
    "rating": "10",
    "author": "gydm****",
    "review_id": "2530450",
    "movie_id": "32085"
  },
  {
    "review": "아 진짜 이건 A+ 급 로맨스 영화!",
    "date": "07.09.19",
    "rating": "9",
    "author": "bobo****",
    "review_id": "2031741",
    "movie_id": "32085"
  },
  {
    "review": "가브리엘번 나온장면이 일년은 생각나서 느닷없이 웃곤했다..ㅋㅋ",
    "date": "07.06.17",
    "rating": "10",
    "author": "bebe****",
    "review_id": "1705478",
    "movie_id": "32085"
  },
  {
    "review": "아일랜드식 로맨틱코미디!! 새롭고 신선한 즐거움이 한가득!",
    "date": "07.02.12",
    "rating": "10",
    "author": "sana****",
    "review_id": "1466396",
    "movie_id": "32085"
  },
  {
    "review": "정말 최악의영화 보는순간후회..망할만하네",
    "date": "07.01.12",
    "rating": "1",
    "author": "xebe****",
    "review_id": "1378424",
    "movie_id": "32085"
  },
  {
    "review": "도둑질 할 수도 없고, 아름다운 트루디를 떠날 수도 없고...",
    "date": "07.01.06",
    "rating": "9",
    "author": "baeh****",
    "review_id": "1361452",
    "movie_id": "32085"
  },
  {
    "review": "아~ 트루디 너무 귀엽다~",
    "date": "06.12.13",
    "rating": "10",
    "author": "82em****",
    "review_id": "1288668",
    "movie_id": "32085"
  },
  {
    "review": "너무나 사랑스러운 영화, 언제나 미소를 머금게 해주는 영화,.",
    "date": "06.12.11",
    "rating": "9",
    "author": "node****",
    "review_id": "1285305",
    "movie_id": "32085"
  },
  {
    "review": "어리버리 브랜단이 귀여운 영화. 볼만함",
    "date": "06.10.12",
    "rating": "9",
    "author": "kyo1****",
    "review_id": "1177082",
    "movie_id": "32085"
  },
  {
    "review": "영화이름만 좀 바꿨으면 대박날 영화였는데....",
    "date": "06.06.11",
    "rating": "10",
    "author": "babo****",
    "review_id": "840276",
    "movie_id": "32085"
  },
  {
    "review": "유쾌한사랑",
    "date": "06.06.08",
    "rating": "9",
    "author": "hssu****",
    "review_id": "836466",
    "movie_id": "32085"
  },
  {
    "review": "영화를 많이보신분들에게 무조건추천,,,",
    "date": "06.05.30",
    "rating": "10",
    "author": "snzi****",
    "review_id": "822763",
    "movie_id": "32085"
  },
  {
    "review": "지루함.짜증.포스터만 괜찮음.내용 꽝~평점과 포스터에 속지말길",
    "date": "06.04.09",
    "rating": "2",
    "author": "flyt****",
    "review_id": "754597",
    "movie_id": "32085"
  },
  {
    "review": "정말 정말 재미있음!",
    "date": "06.02.28",
    "rating": "10",
    "author": "cgyo****",
    "review_id": "697489",
    "movie_id": "32085"
  },
  {
    "review": "영화이름만 좀 바꿨으면 대박날 영화였는데....",
    "date": "06.01.04",
    "rating": "8",
    "author": "only****",
    "review_id": "558815",
    "movie_id": "32085"
  },
  {
    "review": "재미있다 =ㅁ =~~",
    "date": "05.08.25",
    "rating": "10",
    "author": "sirc****",
    "review_id": "383272",
    "movie_id": "32085"
  },
  {
    "review": "보는 즐거움, 찾는 즐거움...",
    "date": "05.08.14",
    "rating": "9",
    "author": "mbol****",
    "review_id": "366115",
    "movie_id": "32085"
  },
  {
    "review": "재치있고 영리한.. 패러디의 흔적들..유괘하다.",
    "date": "05.06.15",
    "rating": "7",
    "author": "tjsd****",
    "review_id": "300417",
    "movie_id": "32085"
  },
  {
    "review": "마음에 꼭 든 영화.",
    "date": "05.06.13",
    "rating": "10",
    "author": "hika****",
    "review_id": "299422",
    "movie_id": "32085"
  },
  {
    "review": "티비예고편만으로도 끌렷던영화 ^^",
    "date": "05.06.13",
    "rating": "8",
    "author": "krhn****",
    "review_id": "299321",
    "movie_id": "32085"
  },
  {
    "review": "사랑은 사람을 참 여러모로 변화시킨다.",
    "date": "05.06.13",
    "rating": "6",
    "author": "hadl****",
    "review_id": "299166",
    "movie_id": "32085"
  },
  {
    "review": "즐겁게 삽시다...",
    "date": "05.06.03",
    "rating": "8",
    "author": "toky****",
    "review_id": "292879",
    "movie_id": "32085"
  },
  {
    "review": "유쾌한 대리만족 코미디~ ^^ 어벙한 브렌단 넘 잼있다.",
    "date": "05.05.07",
    "rating": "9",
    "author": "eos3****",
    "review_id": "272895",
    "movie_id": "32085"
  },
  {
    "review": "끝(자식소개)까지유쾌통쾌상쾌재밌게봤다^^",
    "date": "05.04.06",
    "rating": "10",
    "author": "lsbl****",
    "review_id": "254710",
    "movie_id": "32085"
  },
  {
    "review": "지루한 일상,,,일탈을 꿈꾼다면,,,한번쯤볼만한 영화다",
    "date": "05.03.02",
    "rating": "9",
    "author": "movi****",
    "review_id": "233998",
    "movie_id": "32085"
  },
  {
    "review": "재미있게 봤다.",
    "date": "05.01.14",
    "rating": "9",
    "author": "akno****",
    "review_id": "185744",
    "movie_id": "32085"
  },
  {
    "review": "저 얼굴맞댄 포스터가 맘에들어봤는데 안보느니만 못하군-_-",
    "date": "04.10.02",
    "rating": "3",
    "author": "dlzm****",
    "review_id": "119115",
    "movie_id": "32085"
  },
  {
    "review": "깔끔하다. 여주인공이 멋있다.",
    "date": "04.09.12",
    "rating": "9",
    "author": "wind****",
    "review_id": "107093",
    "movie_id": "32085"
  },
  {
    "review": "여주인공 때문에 나중에 다시 볼려고 핸드폰에 제목 저장한 영화",
    "date": "04.08.15",
    "rating": "10",
    "author": "lant****",
    "review_id": "90462",
    "movie_id": "32085"
  },
  {
    "review": "사랑? 직업? 애매모호한 영화",
    "date": "04.03.07",
    "rating": "6",
    "author": "pii2****",
    "review_id": "27555",
    "movie_id": "32085"
  },
  {
    "review": "주연배우들의 깜찍 발랄한 연기가 돋보인 영화^^",
    "date": "03.12.24",
    "rating": "10",
    "author": "beck****",
    "review_id": "5522",
    "movie_id": "32085"
  }
]