[
  {
    "review": "확실히 전 1994년 5년 그정도로 보긴 했었는데  그때 나이 5살이나 6살때아직 옛추억이 살아 있어보이네요 근데 이건 어디서 구해요나중에 보고싶은거였는데 아무리 찾아도 보이질 않아요",
    "date": "13.12.10",
    "rating": "10",
    "author": "tren****",
    "review_id": "8205117",
    "movie_id": "32082"
  },
  {
    "review": "ㅜㅜ 이야...이거 정말 아빠가 매주 비디오 빌려볼 수 있게 해주셔서 진짜 이 레오시리즈 맨날 보는거 짱 좋아했는데.. ㅜㅜ 하하... 벌써 세월이.. ㅜ ㅜ ㅎㅎㅎ 다시 보고싶네요",
    "date": "12.11.05",
    "rating": "10",
    "author": "ehal****",
    "review_id": "6858801",
    "movie_id": "32082"
  },
  {
    "review": "이거 진짜 재밌게 봤었는데  89년이면 내가 6살때인데.... 또 보고 싶어져요...",
    "date": "12.08.24",
    "rating": "10",
    "author": "ches****",
    "review_id": "6641135",
    "movie_id": "32082"
  },
  {
    "review": "라이언킹보다 더 친숙한 듯..",
    "date": "12.04.15",
    "rating": "9",
    "author": "tn99****",
    "review_id": "6225058",
    "movie_id": "32082"
  },
  {
    "review": "벌써 세월이 이렇게 흘렀나...",
    "date": "12.04.15",
    "rating": "7",
    "author": "kos4****",
    "review_id": "6223672",
    "movie_id": "32082"
  },
  {
    "review": "'아톰'의 오자무 이전에 '레오'의 오자무가 있었다! (레오가 아톰보다 이전 作임)",
    "date": "10.04.08",
    "rating": "8",
    "author": "mygr****",
    "review_id": "4419232",
    "movie_id": "32082"
  },
  {
    "review": "이 작품이 라이온 킹에 영감을 주었다는 측면에서 함부로 폄하할 애니라고 볼수 없다.",
    "date": "09.02.21",
    "rating": "10",
    "author": "baks****",
    "review_id": "3320373",
    "movie_id": "32082"
  },
  {
    "review": "별로 재미없었던 기억",
    "date": "08.12.21",
    "rating": "7",
    "author": "seun****",
    "review_id": "3137074",
    "movie_id": "32082"
  },
  {
    "review": "라이온킹과비슷한작품...",
    "date": "08.09.29",
    "rating": "8",
    "author": "dydt****",
    "review_id": "2974976",
    "movie_id": "32082"
  },
  {
    "review": "라이언킹 이전에 레오가 있었다",
    "date": "07.08.21",
    "rating": "7",
    "author": "deff****",
    "review_id": "1964584",
    "movie_id": "32082"
  },
  {
    "review": "기억난다 하지만 그닥 재미있지는 않았다",
    "date": "07.04.09",
    "rating": "6",
    "author": "nala****",
    "review_id": "1579534",
    "movie_id": "32082"
  },
  {
    "review": "어렸을때 진짜 재밌게 봤다",
    "date": "07.02.23",
    "rating": "10",
    "author": "lsc2****",
    "review_id": "1495879",
    "movie_id": "32082"
  },
  {
    "review": "밀림에 왕 레오~우리에 친구 레오~백사자 레오는 정말 귀여웠다.",
    "date": "07.02.02",
    "rating": "10",
    "author": "min_****",
    "review_id": "1434727",
    "movie_id": "32082"
  },
  {
    "review": "대단히 오래된 영화군",
    "date": "05.12.26",
    "rating": "7",
    "author": "kws7****",
    "review_id": "530382",
    "movie_id": "32082"
  }
]