[
  {
    "review": "그냥.. 뭐라 해야할까?",
    "date": "14.08.26",
    "rating": "6",
    "author": "534k****",
    "review_id": "9135357",
    "movie_id": "32097"
  },
  {
    "review": "다같이 죽자고..",
    "date": "11.10.20",
    "rating": "1",
    "author": "pria****",
    "review_id": "5799400",
    "movie_id": "32097"
  },
  {
    "review": "어제봤는데 꽤 재밌었어요 ㅋㅋ",
    "date": "09.07.26",
    "rating": "9",
    "author": "taun****",
    "review_id": "3667775",
    "movie_id": "32097"
  },
  {
    "review": "저도 이거 어제봄. 가족끼리 보기엔 진짜 괜찮은 영화. 이런영화 흔치 않음",
    "date": "09.07.25",
    "rating": "10",
    "author": "qkra****",
    "review_id": "3667064",
    "movie_id": "32097"
  },
  {
    "review": "?ㅋㅋㅋ이거 어제봣는데 개재밋어 진짜로..그렇다고 다운받아서 볼껀 안됨ㅋㅋㅋ",
    "date": "09.07.25",
    "rating": "10",
    "author": "didr****",
    "review_id": "3666846",
    "movie_id": "32097"
  },
  {
    "review": "대놓고 코미디가 아닌 은근히 웃기는게 재밌었어요 ㅋㅋ",
    "date": "09.07.25",
    "rating": "10",
    "author": "jinj****",
    "review_id": "3665905",
    "movie_id": "32097"
  },
  {
    "review": "지루함",
    "date": "09.07.25",
    "rating": "1",
    "author": "qhde****",
    "review_id": "3664696",
    "movie_id": "32097"
  },
  {
    "review": "good",
    "date": "07.10.21",
    "rating": "2",
    "author": "cles****",
    "review_id": "2103391",
    "movie_id": "32097"
  },
  {
    "review": "타이슨을 우습게 보던 던디.. / 언제나 그렇듯 무난한 가족 드라마.",
    "date": "07.10.16",
    "rating": "4",
    "author": "paci****",
    "review_id": "2093373",
    "movie_id": "32097"
  },
  {
    "review": "정말 지루햇다",
    "date": "07.08.28",
    "rating": "1",
    "author": "sale****",
    "review_id": "1986416",
    "movie_id": "32097"
  },
  {
    "review": "여전히 재밌네",
    "date": "07.08.12",
    "rating": "9",
    "author": "youk****",
    "review_id": "1929101",
    "movie_id": "32097"
  },
  {
    "review": "개인적으로 감명깊고재밋게 봤는데..뭔가 가슴 뭉클한게있는데..",
    "date": "07.06.21",
    "rating": "10",
    "author": "nice****",
    "review_id": "1712643",
    "movie_id": "32097"
  },
  {
    "review": "지루하고 재미없다 1편을 본 사람들은 절대 보지말것 실망한다",
    "date": "07.06.12",
    "rating": "2",
    "author": "nala****",
    "review_id": "1697624",
    "movie_id": "32097"
  },
  {
    "review": "bad",
    "date": "07.01.30",
    "rating": "1",
    "author": "kcch****",
    "review_id": "1428005",
    "movie_id": "32097"
  },
  {
    "review": "총격전이 나오지만.. 그닥 진지하지 않은 코미디 영화",
    "date": "06.12.18",
    "rating": "8",
    "author": "sain****",
    "review_id": "1301809",
    "movie_id": "32097"
  },
  {
    "review": "80년대 영화삘. 카메오로 출연한 마이크 타이슨이 유일한 볼거리",
    "date": "06.12.18",
    "rating": "6",
    "author": "lhy4****",
    "review_id": "1301808",
    "movie_id": "32097"
  },
  {
    "review": "별루 신선결핍",
    "date": "06.12.17",
    "rating": "2",
    "author": "ysuh****",
    "review_id": "1298463",
    "movie_id": "32097"
  },
  {
    "review": "1,2편 다 못보고 봤어도 재밌었음 ^^",
    "date": "06.02.23",
    "rating": "10",
    "author": "like****",
    "review_id": "687487",
    "movie_id": "32097"
  },
  {
    "review": "2005년 1월 13일 서울극장에서 하루 개봉하고 끝...",
    "date": "05.04.05",
    "rating": "10",
    "author": "198w****",
    "review_id": "253927",
    "movie_id": "32097"
  },
  {
    "review": "과연 이 영화를 볼 사람 얼마나 있을까?",
    "date": "05.01.11",
    "rating": "1",
    "author": "lkr0****",
    "review_id": "183228",
    "movie_id": "32097"
  },
  {
    "review": "크로크다일 던디!정말로 개봉이 기대되는군요!여러분도 많이보세요~",
    "date": "05.01.09",
    "rating": "5",
    "author": "jeey****",
    "review_id": "181477",
    "movie_id": "32097"
  },
  {
    "review": "주연배우가 아직 살아 있었군요.. 추억의 영화~ ㅋㅋ ㅡㅡ;;;",
    "date": "05.01.01",
    "rating": "8",
    "author": "emiz****",
    "review_id": "174783",
    "movie_id": "32097"
  },
  {
    "review": "모르겠다 에이 ㅋ",
    "date": "05.01.01",
    "rating": "10",
    "author": "jooo****",
    "review_id": "174672",
    "movie_id": "32097"
  },
  {
    "review": "뭐야 이거?",
    "date": "05.01.01",
    "rating": "1",
    "author": "kjhw****",
    "review_id": "174289",
    "movie_id": "32097"
  }
]