[
  {
    "review": "휴... 캐스팅이아깝다. 정말 수치적인영화임..보고 좌절...",
    "date": "10.08.27",
    "rating": "3",
    "author": "minh****",
    "review_id": "4796991",
    "movie_id": "32093"
  },
  {
    "review": "이것도 영화라고....",
    "date": "10.05.22",
    "rating": "1",
    "author": "lyt5****",
    "review_id": "4515970",
    "movie_id": "32093"
  },
  {
    "review": "형 그만좀 빌려와",
    "date": "05.12.25",
    "rating": "5",
    "author": "kws7****",
    "review_id": "527146",
    "movie_id": "32093"
  },
  {
    "review": "굿",
    "date": "05.01.25",
    "rating": "10",
    "author": "andy****",
    "review_id": "195371",
    "movie_id": "32093"
  },
  {
    "review": "잼있었음..^^",
    "date": "04.11.22",
    "rating": "10",
    "author": "qoav****",
    "review_id": "150025",
    "movie_id": "32093"
  },
  {
    "review": "정의건의~멋진모습이담긴영화~ㅋ",
    "date": "04.06.19",
    "rating": "8",
    "author": "luck****",
    "review_id": "56472",
    "movie_id": "32093"
  }
]