[
  {
    "review": "아저씨의 춤이 돋보이는 영화",
    "date": "13.05.26",
    "rating": "10",
    "author": "hiat****",
    "review_id": "7556477",
    "movie_id": "32102"
  },
  {
    "review": "짜라빠빠 빠빠빠 짜라빠빠 짜짜라 짜라 빠빠빠짜라빠빠 빠빠빠 짜라빠빠 짜짜라 짜라 빠빠빠짜라빠빠 빠빠빠 자라빠빠 짜짜라 짜라 빠빠빠짜라빠빠 빠빠빠 짜라빠빠 짜라짜라 빠빠빠짜라빠빠 빠빠빠 짜라빠빠 짜짜라 짜라 빠빠빠짜라빠빠 빠빠빠 짜라빠빠 짜짜라",
    "date": "13.05.25",
    "rating": "10",
    "author": "sj45****",
    "review_id": "7554112",
    "movie_id": "32102"
  }
]