[
  {
    "review": "이 영화는 의외로 부모님들에게 교육에 대한 새로운 메세지를 던져주는 것 같다. 하지만 자식들에게도 부모님의 사랑이 얼마나 위대한지를 보여준다. 전연령대의 누가 봐도 재밋다고 할 영화",
    "date": "15.08.26",
    "rating": "10",
    "author": "dkek****",
    "review_id": "10275223",
    "movie_id": "32116"
  },
  {
    "review": "아빠의 눈물.자식들과 사랑하는 사람을 잃은 마음!!너무 찡해!1ㅜㅜ흑흑너무 감동적이야!!!",
    "date": "15.08.22",
    "rating": "10",
    "author": "st92****",
    "review_id": "10262796",
    "movie_id": "32116"
  },
  {
    "review": "무료영화 해주길래 우연히 봤는데 펑펑 울면서 봄.. 이거 애들 위한 영화 맞나요?? 말린 너무 감동적임..니모 찾아 떠나는 여정에서 긴장감 계속 유지하면서 봤음 부정애를 느낄 수 있었습니다. 최고의 영화 ㅠㅠ 왜 이제봤을까",
    "date": "15.08.07",
    "rating": "10",
    "author": "phil****",
    "review_id": "10197271",
    "movie_id": "32116"
  },
  {
    "review": "가족 영화 최고봉.애니메이션중에서도 탑.",
    "date": "15.08.06",
    "rating": "10",
    "author": "ckc0****",
    "review_id": "10194014",
    "movie_id": "32116"
  },
  {
    "review": "어른이 되서 다시 봤는데 정말 좋다..",
    "date": "15.08.06",
    "rating": "10",
    "author": "dmsc****",
    "review_id": "10193633",
    "movie_id": "32116"
  },
  {
    "review": "감동이네요 울면서 봤어요",
    "date": "15.08.04",
    "rating": "10",
    "author": "wkdm****",
    "review_id": "10184021",
    "movie_id": "32116"
  },
  {
    "review": "태어나서 처음 영화관에서 본 영화지금도 이 영화를 잊을수가없어서 아직도보고있어요",
    "date": "15.08.02",
    "rating": "10",
    "author": "nare****",
    "review_id": "10175231",
    "movie_id": "32116"
  },
  {
    "review": "너무 재밌다. ㅠ 옛날영화가 더좋아 핡",
    "date": "15.07.25",
    "rating": "10",
    "author": "sjun****",
    "review_id": "10140882",
    "movie_id": "32116"
  },
  {
    "review": "니모를 찾아서를 통해 내 인생을 돌아보았다.",
    "date": "15.07.24",
    "rating": "10",
    "author": "woxn****",
    "review_id": "10137705",
    "movie_id": "32116"
  },
  {
    "review": "이걸 지금에서야 보다니... 디즈니픽사 애니 거의 다 봤지만 그중에서도 단연 수작!! 특히 니모의 귀여운 얼굴과 목소리는 역대 애니메이션사상 가장 완벽한 캐릭터가 아닐까 싶다.",
    "date": "15.07.23",
    "rating": "10",
    "author": "prin****",
    "review_id": "10134116",
    "movie_id": "32116"
  },
  {
    "review": "우와 ~!! 진짜 어렸을때 많이 dvd로 본 영화인데 15살이 된 지금 보니 어렸을때는 보이지 않았던 감동과 명언들과 니모를 사랑하는 아빠의 마음이 보여 정말 색달랐고 니모 목소리가 너무 귀엽네요 ㅎㅎ 정말 제 인생의 애니메이션일듯 싶습니다 ~!",
    "date": "15.07.18",
    "rating": "10",
    "author": "tjd7****",
    "review_id": "10117447",
    "movie_id": "32116"
  },
  {
    "review": "재미있고 더빙도 굉장히 잘한것 같아요",
    "date": "15.07.03",
    "rating": "10",
    "author": "kcwo****",
    "review_id": "10065090",
    "movie_id": "32116"
  },
  {
    "review": "여태껏 본 애니메이션중에 가장 인상깊은 영화! 2003년이면 초등학교 5학년때 나온건데 이 좋은영화를 이제서야 보다니ㅠㅠ 정말 정말 정말 정말 좋다!!!! 나중에 내 딸 아들이랑도 같이 보고싶은 영화",
    "date": "15.06.25",
    "rating": "10",
    "author": "ggon****",
    "review_id": "10031417",
    "movie_id": "32116"
  },
  {
    "review": "와우 스고이 대단해...",
    "date": "15.06.24",
    "rating": "10",
    "author": "alsa****",
    "review_id": "10028715",
    "movie_id": "32116"
  },
  {
    "review": "남녀노소 모두를 충족시킬수 있는 영화. 픽사는 역시 최고다.",
    "date": "15.06.12",
    "rating": "9",
    "author": "hi38****",
    "review_id": "9992617",
    "movie_id": "32116"
  },
  {
    "review": "끝에 무엇이 있을지 몰라도 일단 뛰어들고 봐야한다",
    "date": "15.05.26",
    "rating": "10",
    "author": "jdud****",
    "review_id": "9952954",
    "movie_id": "32116"
  },
  {
    "review": "아빤 이제 널 믿어~!!",
    "date": "15.05.18",
    "rating": "10",
    "author": "darr****",
    "review_id": "9928467",
    "movie_id": "32116"
  },
  {
    "review": "애니영화의전설 진짜명작 꼭봐야한다 상어친구들도좋다 ㅋㅋㅋㅋ",
    "date": "15.05.11",
    "rating": "10",
    "author": "dltm****",
    "review_id": "9911674",
    "movie_id": "32116"
  },
  {
    "review": "재미있는데재미있음레알",
    "date": "15.05.02",
    "rating": "8",
    "author": "xx41****",
    "review_id": "9887999",
    "movie_id": "32116"
  },
  {
    "review": "적절한 곳에서 터지는 유머와 함께 찾아떠나는 니모....나무랄때없음..",
    "date": "15.04.12",
    "rating": "9",
    "author": "kara****",
    "review_id": "9841797",
    "movie_id": "32116"
  },
  {
    "review": "역시 픽사성님들은 유쾌해ㅎㅎ",
    "date": "15.03.09",
    "rating": "10",
    "author": "kweo****",
    "review_id": "9768538",
    "movie_id": "32116"
  },
  {
    "review": "도리너무웃김.. ㅋㅋ",
    "date": "15.02.20",
    "rating": "10",
    "author": "circ****",
    "review_id": "9717836",
    "movie_id": "32116"
  },
  {
    "review": "신파극이 될 수도 있는 줄거리를 유머와 희망으로 근사하게 만들었다. 계속 헤엄쳐~는 덤 ㅎㅎ",
    "date": "15.02.18",
    "rating": "9",
    "author": "thel****",
    "review_id": "9711108",
    "movie_id": "32116"
  },
  {
    "review": "애니 중 내가 제일 즐겨봤던 영화. 한 100번도 넘게 봤었던 영화이다. 안 보신 분 들에게는 꼭 추천하고 싶다.",
    "date": "15.02.03",
    "rating": "10",
    "author": "jose****",
    "review_id": "9664528",
    "movie_id": "32116"
  },
  {
    "review": "무조건 감싸고 지켜주는 것이 사랑이 아닌, 그의 앞길을 지켜봐주는 것도 사랑이란 것을! 부성애가 느껴지는 감동적인 애니메이션이었습니다",
    "date": "14.12.29",
    "rating": "10",
    "author": "11fr****",
    "review_id": "9532423",
    "movie_id": "32116"
  },
  {
    "review": "어릴때 재밌게 본 영화에요 ㅎㅎ",
    "date": "14.12.24",
    "rating": "10",
    "author": "9575****",
    "review_id": "9507658",
    "movie_id": "32116"
  },
  {
    "review": "나는 희망한다. 나의 꿈을... 영화는 나에게 알게해줬다! 나의 마음속에 담겨져 있는 나의 마음을...",
    "date": "14.12.20",
    "rating": "10",
    "author": "1004****",
    "review_id": "9491568",
    "movie_id": "32116"
  },
  {
    "review": "애니메이션 진화의 완결",
    "date": "14.12.18",
    "rating": "7",
    "author": "topt****",
    "review_id": "9486709",
    "movie_id": "32116"
  },
  {
    "review": "애니메이션이 지향하는 궁극점에 도달한듯한 경이로운 픽사의 세계, 도리 녹음한 배우에겐 따봉 한표",
    "date": "14.11.25",
    "rating": "10",
    "author": "goms****",
    "review_id": "9420685",
    "movie_id": "32116"
  },
  {
    "review": "내인생 최고의 애니메이션",
    "date": "14.11.13",
    "rating": "10",
    "author": "jjyo****",
    "review_id": "9379935",
    "movie_id": "32116"
  },
  {
    "review": "이상하게 10년전엔 디즈니풍의 니모는 150만이 한계였다.(렛잇고가 1,000만인데) 꼴때린 슈렉이 500만가까이 찍었던(지금기준 1,000만이라 봐도 무방) 10년전 애들은 골때리는걸. 지금은 정석적인 디즈니풍을..한국인 취향이 바뀌었다는게 느껴짐",
    "date": "14.11.08",
    "rating": "10",
    "author": "ajho****",
    "review_id": "9357344",
    "movie_id": "32116"
  },
  {
    "review": "하나하나가 명언이였다 난 도리가 제일좋은 말을 많이한거같음 특히고래몸속에있을때",
    "date": "14.11.01",
    "rating": "10",
    "author": "tjsd****",
    "review_id": "9334814",
    "movie_id": "32116"
  },
  {
    "review": "토이스토리, 몬스터 주식회사와 더불어 지금의 픽사가 존재하게끔 해준 애니메이션이 아닐까 싶다. 내 다섯손가락안에 꼽는 역대 최고 애니메이션중 하나.",
    "date": "14.10.22",
    "rating": "10",
    "author": "wlsd****",
    "review_id": "9307823",
    "movie_id": "32116"
  },
  {
    "review": "물고기들을 보고 있으면 아이도 어른도 함께 성장.",
    "date": "14.10.12",
    "rating": "8",
    "author": "ogr5****",
    "review_id": "9288559",
    "movie_id": "32116"
  },
  {
    "review": "정말 재밌게본 영화 명작임",
    "date": "14.10.08",
    "rating": "10",
    "author": "wjaw****",
    "review_id": "9273400",
    "movie_id": "32116"
  },
  {
    "review": "또 보고 싶다. 나중에 또 보기를 기약하며",
    "date": "14.10.05",
    "rating": "10",
    "author": "tpfl****",
    "review_id": "9267187",
    "movie_id": "32116"
  },
  {
    "review": "도리 ; 여기를 벗어나고 싶어?? 그럼 모험을 해야지~",
    "date": "14.10.04",
    "rating": "10",
    "author": "somi****",
    "review_id": "9263748",
    "movie_id": "32116"
  },
  {
    "review": "도리: 니모? 귀여운 이름이네 ㅋㅋㅋ",
    "date": "14.09.14",
    "rating": "10",
    "author": "uiye****",
    "review_id": "9213347",
    "movie_id": "32116"
  },
  {
    "review": "진짜 마지막 자막나올때 울컥했다...",
    "date": "14.09.13",
    "rating": "10",
    "author": "gril****",
    "review_id": "9211485",
    "movie_id": "32116"
  },
  {
    "review": "진짜 최고... 이거애들이볼수있나?할정도로 먼가스릴도있었음 와진짜개잼",
    "date": "14.09.12",
    "rating": "10",
    "author": "dudf****",
    "review_id": "9208113",
    "movie_id": "32116"
  },
  {
    "review": "픽사의 유캔두잇은 매번 봐도 안 질린다",
    "date": "14.09.12",
    "rating": "8",
    "author": "jjog****",
    "review_id": "9207636",
    "movie_id": "32116"
  },
  {
    "review": "처음부터 끝까지 정신없이 봤어요! 물고기랑 거북이들도 다들 정말 귀엽고 사랑스럽네요 ㅠㅠ아기거북이들 하앜",
    "date": "14.09.12",
    "rating": "10",
    "author": "rksw****",
    "review_id": "9206087",
    "movie_id": "32116"
  },
  {
    "review": "진짜 잘만든 애니메이션!!어릴때보고 오랜만에  봤는데 참 훈훈하게 봤음. 캐릭터 하나하나 다 잘살리고~",
    "date": "14.09.10",
    "rating": "10",
    "author": "hear****",
    "review_id": "9198228",
    "movie_id": "32116"
  },
  {
    "review": "재미와 감동, 교훈.. 삼박자를 두루 갖춘 작품~!",
    "date": "14.09.10",
    "rating": "10",
    "author": "wodm****",
    "review_id": "9197972",
    "movie_id": "32116"
  },
  {
    "review": "어느것도 놓치지않는 픽사의 능력.",
    "date": "14.09.09",
    "rating": "9",
    "author": "kimj****",
    "review_id": "9190546",
    "movie_id": "32116"
  },
  {
    "review": "역시 픽사!! 교훈의 감동까지 앤드류 스탠튼 감독은 『메리다와 마법의 숲』부터 니모를 찾아서까지 너무 훌륭하고 멋진 감독이네요. 니모를 찾아서에는 감독니 거북이더빙까지 색체도 아름답고 내년에 나오는 『도리를 찾아서』도 봐야줘!! 빨리 개봉해라!!",
    "date": "14.09.08",
    "rating": "10",
    "author": "jiny****",
    "review_id": "9184348",
    "movie_id": "32116"
  },
  {
    "review": "픽사의 대표작중 하나지 ㅋ",
    "date": "14.09.07",
    "rating": "10",
    "author": "ohho****",
    "review_id": "9181364",
    "movie_id": "32116"
  },
  {
    "review": "캐릭터들이 밉지 않고 다 귀엽고, 애정이 간다. 그리고 커서 다시 보니 부모님의 사랑이 얼마나 감동적인지를 느꼈다",
    "date": "14.09.07",
    "rating": "10",
    "author": "jell****",
    "review_id": "9181236",
    "movie_id": "32116"
  },
  {
    "review": "몇 번을 봐도 재밌다..",
    "date": "14.09.06",
    "rating": "10",
    "author": "ckck****",
    "review_id": "9175375",
    "movie_id": "32116"
  },
  {
    "review": "아이들뿐만아니라성인도 충분히즐길수있는 영화이다. 영화에서주는감동은 최고!",
    "date": "14.09.06",
    "rating": "10",
    "author": "tjgu****",
    "review_id": "9173947",
    "movie_id": "32116"
  },
  {
    "review": "픽사입니다. 무슨 말이 필요합니까",
    "date": "14.08.24",
    "rating": "10",
    "author": "luca****",
    "review_id": "9127160",
    "movie_id": "32116"
  },
  {
    "review": "캐릭터들이 너무너무 귀여워요. 재밋게 잘 봤습니다.",
    "date": "14.08.03",
    "rating": "10",
    "author": "sans****",
    "review_id": "9017130",
    "movie_id": "32116"
  },
  {
    "review": "이런 작품을 볼수있음에감사한다 눈물이난다",
    "date": "14.07.30",
    "rating": "10",
    "author": "ilfy****",
    "review_id": "8983716",
    "movie_id": "32116"
  },
  {
    "review": "일반적으로의 어머니의 모성애가 아닌 아버지의 부성애를 나타내 색다른 의미를 부여함으로써 또 한 번 감동과 교훈을 남겨주었다. 역시.. 명불허전...",
    "date": "14.07.25",
    "rating": "10",
    "author": "cand****",
    "review_id": "8957361",
    "movie_id": "32116"
  },
  {
    "review": "몇번을봐도 감동적이다",
    "date": "14.07.13",
    "rating": "10",
    "author": "patt****",
    "review_id": "8912464",
    "movie_id": "32116"
  },
  {
    "review": "고기는 떠먹여주는것이 아니라 잡는법을 가르쳐주는것",
    "date": "14.07.11",
    "rating": "8",
    "author": "soqu****",
    "review_id": "8904109",
    "movie_id": "32116"
  },
  {
    "review": "애니메이션계의 한 획을 그은 그 어떤 작품도 따라올수없는 명작.어른과 아이가 함께 볼수 있다. 스토리 캐릭터 연출 음향 모든면에서 백점. 이거 보고 나서 열번은 다시 봤던거 같다. 니모 너무 사랑스러워서 인형도 구매 했다. 빨리 후속작이 나왔으면",
    "date": "14.07.08",
    "rating": "10",
    "author": "mint****",
    "review_id": "8896311",
    "movie_id": "32116"
  },
  {
    "review": "애니메이션의 강점을 다 갖춘 영화",
    "date": "14.07.05",
    "rating": "10",
    "author": "herp****",
    "review_id": "8885041",
    "movie_id": "32116"
  },
  {
    "review": "노무노무노무 재밋당asd",
    "date": "14.06.01",
    "rating": "10",
    "author": "usap****",
    "review_id": "8783072",
    "movie_id": "32116"
  },
  {
    "review": "몇번을봐도질리지않은영화ㅣ",
    "date": "14.04.05",
    "rating": "10",
    "author": "perr****",
    "review_id": "8629768",
    "movie_id": "32116"
  },
  {
    "review": "어렸을 땐 재미있는지 몰랐는데 커서 다시보니까 진짜 걸작...",
    "date": "14.03.16",
    "rating": "10",
    "author": "jung****",
    "review_id": "8582548",
    "movie_id": "32116"
  },
  {
    "review": "해양생물의 놀라운 표현력. 꿈이 있는 자 픽사와 함께하라.",
    "date": "14.03.16",
    "rating": "9",
    "author": "silv****",
    "review_id": "8581990",
    "movie_id": "32116"
  },
  {
    "review": "어릴 때 본 애니메이션 중 가장 최고였고, 지금도 최고.",
    "date": "14.03.08",
    "rating": "10",
    "author": "rota****",
    "review_id": "8563359",
    "movie_id": "32116"
  },
  {
    "review": "탄탄한 구성, 뜻깊은 교훈, 재밌는 캐릭터. 삼 박자를 다 갖춘 에니메이션. 믿고 보는 픽사 에니메이션.",
    "date": "14.02.21",
    "rating": "10",
    "author": "john****",
    "review_id": "8525500",
    "movie_id": "32116"
  },
  {
    "review": "바다자체로 아름답고 위험한곳을 성장영화로 만든건  역시나 픽사",
    "date": "14.02.19",
    "rating": "8",
    "author": "ghzm****",
    "review_id": "8520729",
    "movie_id": "32116"
  },
  {
    "review": "P. Sherman 42 Wallaby way Sydney!!! 니모!!! 디테일이 엄청나다.",
    "date": "14.02.17",
    "rating": "10",
    "author": "jisu****",
    "review_id": "8515380",
    "movie_id": "32116"
  },
  {
    "review": "이것도 언제 한번 봐야 겠다. ㅎ",
    "date": "14.02.16",
    "rating": "10",
    "author": "pc59****",
    "review_id": "8512956",
    "movie_id": "32116"
  },
  {
    "review": "명불허전 픽사 어른들이 봐도 재밌다",
    "date": "14.01.27",
    "rating": "10",
    "author": "gree****",
    "review_id": "8433800",
    "movie_id": "32116"
  },
  {
    "review": "이 영화는 부모님들의 올바른 교육을 일깨워준다. 니모를 찾아서에서 올바른 교육이란 역경을 겪지 않게 하는 것이 아니라 그 역경을 스스로 헤쳐나갈 수 있도록 도와주는것이라고 보여준다. 내가 해줄게 보단 넌 할 수 있어 라는 말이 더욱 중요할 때가 있다",
    "date": "14.01.26",
    "rating": "10",
    "author": "ehdr****",
    "review_id": "8432666",
    "movie_id": "32116"
  },
  {
    "review": "훈훈한 마음으로 재밌게 잘봤습니다.",
    "date": "14.01.21",
    "rating": "8",
    "author": "maru****",
    "review_id": "8408321",
    "movie_id": "32116"
  },
  {
    "review": "역시 다시봐도 넘넘잼따~",
    "date": "14.01.19",
    "rating": "10",
    "author": "hank****",
    "review_id": "8398294",
    "movie_id": "32116"
  },
  {
    "review": "다시 봐도 언제나 잼있는 애니메이션!ㅋ",
    "date": "14.01.18",
    "rating": "10",
    "author": "lsj3****",
    "review_id": "8394116",
    "movie_id": "32116"
  },
  {
    "review": "어릴떄 봐서 기억은 잘 나지 않지만, 퀄리티가 너무 좋았던것은 기억에 남네요 ㅎㅎ 동심을 자극하는 최고의 애니",
    "date": "14.01.14",
    "rating": "8",
    "author": "holl****",
    "review_id": "8383268",
    "movie_id": "32116"
  },
  {
    "review": "웃음, 감동, 교훈 세마리 토끼를 ㅁ두 잡은 명작이다",
    "date": "13.12.18",
    "rating": "9",
    "author": "sinb****",
    "review_id": "8232961",
    "movie_id": "32116"
  },
  {
    "review": "요즈음 학부모들에게 많은 의미를 전해줄 수 있는 작품... 과잉보호속에 내 아이를 망치고있진 않은지 반성해볼 수 있었으면 좋겠다. 마지막에 니모에게 말했듯 \"넌 할 수 있어\"라는 짧은 말을 해 줄 수 있어야 하지 않을까?",
    "date": "13.12.05",
    "rating": "10",
    "author": "ju86****",
    "review_id": "8191244",
    "movie_id": "32116"
  },
  {
    "review": "이 영환 역대 애니메이션 영화 중 최고야",
    "date": "13.11.16",
    "rating": "10",
    "author": "vcv0****",
    "review_id": "8145219",
    "movie_id": "32116"
  },
  {
    "review": "재밌었다ㅎ도리 완전웃김!!ㅠㅠ♥♥♥",
    "date": "13.11.12",
    "rating": "10",
    "author": "minm****",
    "review_id": "8133688",
    "movie_id": "32116"
  },
  {
    "review": "3D 애니메이션계의 혁명 그리고 시작을 알린 애니메이션영화",
    "date": "13.11.05",
    "rating": "10",
    "author": "ehdd****",
    "review_id": "8116947",
    "movie_id": "32116"
  },
  {
    "review": "도전의 두려움을 극복해 내게 해주는 영화",
    "date": "13.11.03",
    "rating": "10",
    "author": "gjw0****",
    "review_id": "8111430",
    "movie_id": "32116"
  },
  {
    "review": "말린은 참 대단한 흰동가리여",
    "date": "13.10.29",
    "rating": "10",
    "author": "seon****",
    "review_id": "8099755",
    "movie_id": "32116"
  },
  {
    "review": "내 아이가 있다면 함께 보고 싶다",
    "date": "13.10.01",
    "rating": "7",
    "author": "rjsw****",
    "review_id": "8024628",
    "movie_id": "32116"
  },
  {
    "review": "픽사가만든 애니메이션이 최고인 이유",
    "date": "13.09.21",
    "rating": "10",
    "author": "jade****",
    "review_id": "8006863",
    "movie_id": "32116"
  },
  {
    "review": "아빠가 아무일도 일어나지 않게 지켜줄게",
    "date": "13.09.21",
    "rating": "10",
    "author": "myjh****",
    "review_id": "8004429",
    "movie_id": "32116"
  },
  {
    "review": "애니라고 무시하면 아니아니 아니되오. 스토리 탄탄",
    "date": "13.08.31",
    "rating": "10",
    "author": "db67****",
    "review_id": "7936548",
    "movie_id": "32116"
  },
  {
    "review": "몇 백번을 봐도 안질리는 영화",
    "date": "13.08.21",
    "rating": "10",
    "author": "cts2****",
    "review_id": "7909855",
    "movie_id": "32116"
  },
  {
    "review": "교육은 세뇌가 아니라 깨우침을 가리키는것이다",
    "date": "13.08.18",
    "rating": "9",
    "author": "tumb****",
    "review_id": "7900400",
    "movie_id": "32116"
  },
  {
    "review": "가볍게 볼만한것 같다.",
    "date": "13.08.13",
    "rating": "8",
    "author": "ehwj****",
    "review_id": "7875190",
    "movie_id": "32116"
  },
  {
    "review": "어린 시절을 되돌아보는 영화",
    "date": "13.08.09",
    "rating": "9",
    "author": "sim_****",
    "review_id": "7862420",
    "movie_id": "32116"
  },
  {
    "review": "보는 것만으로도 행복한 애니메이션.",
    "date": "13.08.04",
    "rating": "10",
    "author": "fotb****",
    "review_id": "7839249",
    "movie_id": "32116"
  },
  {
    "review": "때로는 아이 혼자힘으로 살아갈수 있어야한다는것..",
    "date": "13.07.30",
    "rating": "8",
    "author": "mell****",
    "review_id": "7800694",
    "movie_id": "32116"
  },
  {
    "review": "진짜 최고의 애니매이션 영화 도리 너무 조음 ㅎㅎ",
    "date": "13.07.26",
    "rating": "10",
    "author": "kimy****",
    "review_id": "7788946",
    "movie_id": "32116"
  },
  {
    "review": "도리 너무 좋다 ㅋㅋㅋ",
    "date": "13.07.26",
    "rating": "10",
    "author": "rkdw****",
    "review_id": "7787709",
    "movie_id": "32116"
  },
  {
    "review": "아 진짜...감동..다시 봐도 진짜 안습^^네이버 평점은 믿으라고 안 하지만 진짜 이건 봐야해요..그리고 전하세요,아빠야 사랑한다 라고",
    "date": "13.07.23",
    "rating": "10",
    "author": "hi18****",
    "review_id": "7777717",
    "movie_id": "32116"
  },
  {
    "review": "그다지 재밋진 않았는듯",
    "date": "13.07.07",
    "rating": "8",
    "author": "bsh3****",
    "review_id": "7713887",
    "movie_id": "32116"
  },
  {
    "review": "픽사의 다른 작품(카 제외)을 다보고 마지막으로 보는 픽사의 작품...기대만큼은 아니었으나 역시 픽사의 클래스는 최고!",
    "date": "13.06.25",
    "rating": "8",
    "author": "godt****",
    "review_id": "7679211",
    "movie_id": "32116"
  },
  {
    "review": "좋음",
    "date": "13.06.22",
    "rating": "10",
    "author": "rkdq****",
    "review_id": "7668065",
    "movie_id": "32116"
  },
  {
    "review": "캐릭터도 귀엽고 과하지 않아서 좋았어요",
    "date": "13.06.08",
    "rating": "10",
    "author": "mlzn****",
    "review_id": "7613038",
    "movie_id": "32116"
  },
  {
    "review": "또봐도감동적이다",
    "date": "13.06.08",
    "rating": "10",
    "author": "jeon****",
    "review_id": "7612990",
    "movie_id": "32116"
  },
  {
    "review": "경이로운 바다의 세계 , 인상적인 캐릭터가 친화적인 느낌을 줬다.",
    "date": "13.05.30",
    "rating": "10",
    "author": "wnsq****",
    "review_id": "7562125",
    "movie_id": "32116"
  },
  {
    "review": "이미 외울만큼 본 애니이지만, 다시봐도 밀려오는 감동이네요~  커다란 3D효과가 생각만큼 없어서 조금은 아쉬운 느낌이었어요~",
    "date": "13.05.19",
    "rating": "10",
    "author": "mina****",
    "review_id": "7543137",
    "movie_id": "32116"
  }
]