[
  {
    "review": "재미와 볼거리를 동시에... 굿",
    "date": "15.08.23",
    "rating": "8",
    "author": "ghkd****",
    "review_id": "10267725",
    "movie_id": "32112"
  },
  {
    "review": "어쩜이렇게재밌을수가있지.. ㅠ너무감동",
    "date": "15.08.21",
    "rating": "10",
    "author": "zldi****",
    "review_id": "10258774",
    "movie_id": "32112"
  },
  {
    "review": "진짜최고다 또봣는데도",
    "date": "15.08.03",
    "rating": "10",
    "author": "mins****",
    "review_id": "10180634",
    "movie_id": "32112"
  },
  {
    "review": "14년이 지난 지금 봐도 최고인 애니메이션",
    "date": "15.07.27",
    "rating": "10",
    "author": "scan****",
    "review_id": "10151914",
    "movie_id": "32112"
  },
  {
    "review": "복잡한 생각을 떨쳐버리고 마냥 웃고싶을때 보면 좋을 영화",
    "date": "15.07.23",
    "rating": "9",
    "author": "eonj****",
    "review_id": "10134950",
    "movie_id": "32112"
  },
  {
    "review": "마지막까지정말여운남고재밌는영화",
    "date": "15.07.23",
    "rating": "10",
    "author": "kell****",
    "review_id": "10133779",
    "movie_id": "32112"
  },
  {
    "review": "내 인생 최고의 애니메이션...",
    "date": "15.07.21",
    "rating": "10",
    "author": "ams2****",
    "review_id": "10125749",
    "movie_id": "32112"
  },
  {
    "review": "역시 픽사라는 말밖에 나오지 않는다. 레전드.",
    "date": "15.07.13",
    "rating": "10",
    "author": "wood****",
    "review_id": "10102225",
    "movie_id": "32112"
  },
  {
    "review": "내용 자체가 진부하지않도 진짜 창의력넘침!!! 진짜 재밌게봄.. 왜 2001년에 이 영화를 안봤을까ㅜㅜ",
    "date": "15.07.09",
    "rating": "10",
    "author": "dkal****",
    "review_id": "10084920",
    "movie_id": "32112"
  },
  {
    "review": "웃길꺼 같아서 봤는데 눈물 ㅜㅜ",
    "date": "15.07.07",
    "rating": "10",
    "author": "amat****",
    "review_id": "10077896",
    "movie_id": "32112"
  },
  {
    "review": "너무재미있네요!! 또보고싶어요",
    "date": "15.07.05",
    "rating": "10",
    "author": "pooo****",
    "review_id": "10072658",
    "movie_id": "32112"
  },
  {
    "review": "내생애 최고의 애니매이션",
    "date": "15.07.04",
    "rating": "10",
    "author": "lsh5****",
    "review_id": "10069601",
    "movie_id": "32112"
  },
  {
    "review": "최고다... 말로표현할수없는...",
    "date": "15.07.04",
    "rating": "10",
    "author": "peet****",
    "review_id": "10068301",
    "movie_id": "32112"
  },
  {
    "review": "tv에서 무료영화로 나와서 봤는데. 어른이봐도 정말 재밌네요^^",
    "date": "15.07.02",
    "rating": "10",
    "author": "kym6****",
    "review_id": "10059515",
    "movie_id": "32112"
  },
  {
    "review": "One of the best movies I've ever seen...☆",
    "date": "15.06.14",
    "rating": "10",
    "author": "ifon****",
    "review_id": "10000958",
    "movie_id": "32112"
  },
  {
    "review": "귀엽다. 예쁘다. 사랑스럽다.",
    "date": "15.06.07",
    "rating": "10",
    "author": "floo****",
    "review_id": "9981261",
    "movie_id": "32112"
  },
  {
    "review": "아 어렸을땐 몰랐는데 마지막 장면 개슬프다 ㄹㅇ 아아",
    "date": "15.06.03",
    "rating": "10",
    "author": "nams****",
    "review_id": "9973282",
    "movie_id": "32112"
  },
  {
    "review": "마지막에 눈물났다..",
    "date": "15.05.31",
    "rating": "10",
    "author": "alex****",
    "review_id": "9964213",
    "movie_id": "32112"
  },
  {
    "review": "완전 재미다.아이가 안놀래다니!!! 진짜 대박사건 나라면 노랜 텐데용기가있네",
    "date": "15.05.16",
    "rating": "10",
    "author": "yhsh****",
    "review_id": "9921561",
    "movie_id": "32112"
  },
  {
    "review": "내인생최고애니메이션 !! 부 너무 사랑스러움ㅜㅜ",
    "date": "15.04.22",
    "rating": "10",
    "author": "gaeu****",
    "review_id": "9857236",
    "movie_id": "32112"
  },
  {
    "review": "아이디어가 뛰어나고 재밌다.",
    "date": "15.04.20",
    "rating": "7",
    "author": "mumu****",
    "review_id": "9854965",
    "movie_id": "32112"
  },
  {
    "review": "캬 이건 진짜 명작이다 짱짱",
    "date": "15.04.18",
    "rating": "10",
    "author": "qkrg****",
    "review_id": "9850648",
    "movie_id": "32112"
  },
  {
    "review": "아이디어, 캐릭터, 감정묘사, .... 정말 뭐하나도 빠지지 않는 역대급이다.",
    "date": "15.04.05",
    "rating": "10",
    "author": "dlgy****",
    "review_id": "9828367",
    "movie_id": "32112"
  },
  {
    "review": "와 진짜 눈물 뚝둒 스토리도 진짜 참신하고",
    "date": "15.04.04",
    "rating": "10",
    "author": "ljle****",
    "review_id": "9826256",
    "movie_id": "32112"
  },
  {
    "review": "지금봐도 어릴적봤던 나의감정이 그대로 살아나는거보면... 이영화는 내인생에 가장 위대한영화가 아닐까 한다..ㅎㅎ",
    "date": "15.04.01",
    "rating": "10",
    "author": "skz9****",
    "review_id": "9820659",
    "movie_id": "32112"
  },
  {
    "review": "캐릭터들 하나하나 개성넘치고 정말 정감간다",
    "date": "15.03.31",
    "rating": "10",
    "author": "ken9****",
    "review_id": "9818769",
    "movie_id": "32112"
  },
  {
    "review": "중학생때 엄~~청 재밌고 감동받았던 영화!!지금도 생각남!!",
    "date": "15.02.28",
    "rating": "10",
    "author": "hkwo****",
    "review_id": "9746420",
    "movie_id": "32112"
  },
  {
    "review": "많은 영화를 봤지만 다시 봐도 설리반만큼 멋진 영웅을 찾지 못하겠다.",
    "date": "15.02.20",
    "rating": "10",
    "author": "nook****",
    "review_id": "9716027",
    "movie_id": "32112"
  },
  {
    "review": "설리가 '부' 랑 헤어질때 감동 먹었었어요.",
    "date": "15.02.13",
    "rating": "10",
    "author": "bsjy****",
    "review_id": "9693378",
    "movie_id": "32112"
  },
  {
    "review": "어른이 다 되서 이 영화를 보고 울 줄이야...",
    "date": "15.01.30",
    "rating": "10",
    "author": "dnql****",
    "review_id": "9650428",
    "movie_id": "32112"
  },
  {
    "review": "34개월 아들도 재밌게 보네요. 재미와 감동을 한번에!ㅋㅋ",
    "date": "15.01.12",
    "rating": "9",
    "author": "naye****",
    "review_id": "9586533",
    "movie_id": "32112"
  },
  {
    "review": "제가 본 영화 중에 가장 재밌었어요!!특히 부의 역할이 돋보여서 더 재밌었고,악당 도마뱀너무 웃기네요 ㅋㅋ",
    "date": "15.01.01",
    "rating": "10",
    "author": "hs74****",
    "review_id": "9546813",
    "movie_id": "32112"
  },
  {
    "review": "나는 희망한다. 나의 꿈을... 영화는 나에게 알게해줬다! 나의 마음속에 담겨져 있는 나의 마음을...",
    "date": "14.12.27",
    "rating": "10",
    "author": "1004****",
    "review_id": "9525043",
    "movie_id": "32112"
  },
  {
    "review": "십 수년전 픽사는 이랬었는데",
    "date": "14.12.27",
    "rating": "6",
    "author": "topt****",
    "review_id": "9525033",
    "movie_id": "32112"
  },
  {
    "review": "이영화가 13년전꺼라는것이 믿기지 않는다",
    "date": "14.12.26",
    "rating": "10",
    "author": "ckck****",
    "review_id": "9522370",
    "movie_id": "32112"
  },
  {
    "review": "설리가 너무 멋있는거 같아ㅠㅜ 왜슬픈지는 모르겠는데 너무 감동적이여서 울었던거같다 심지어 결말도 너무 좋아ㅠㅠㅠ..",
    "date": "14.12.17",
    "rating": "10",
    "author": "tjsd****",
    "review_id": "9482349",
    "movie_id": "32112"
  },
  {
    "review": "픽사다운 기발한 상상력과 따뜻하고 순수한 감성",
    "date": "14.11.25",
    "rating": "8",
    "author": "goms****",
    "review_id": "9420677",
    "movie_id": "32112"
  },
  {
    "review": "올레티비 감사합니다...이런좋은영화를 공짜에 ㅠㅠ너무 재밌었어요 여운이이남을정도로 ...인형갖고싶어요 ㅠㅠ",
    "date": "14.10.26",
    "rating": "10",
    "author": "dbth****",
    "review_id": "9317337",
    "movie_id": "32112"
  },
  {
    "review": "정말 감동적인 영화이다 꼭 보세요",
    "date": "14.10.25",
    "rating": "10",
    "author": "qo15****",
    "review_id": "9315104",
    "movie_id": "32112"
  },
  {
    "review": "픽사는 만드는 족족 취향 저격",
    "date": "14.10.25",
    "rating": "10",
    "author": "ghdd****",
    "review_id": "9314924",
    "movie_id": "32112"
  },
  {
    "review": "올레티비에서 무료영화 이벤트중이길래 킬링타임용으로 아무 생각없이 봤는데.. 진짜 잘 만들었네요 별점 10개도 부족 꼭 보세요!",
    "date": "14.10.24",
    "rating": "10",
    "author": "87be****",
    "review_id": "9313027",
    "movie_id": "32112"
  },
  {
    "review": "이건 정말 다시봐도 정말 최고네 명작..",
    "date": "14.10.11",
    "rating": "10",
    "author": "jes9****",
    "review_id": "9284122",
    "movie_id": "32112"
  },
  {
    "review": "너무 재밌는 애니메이션이다",
    "date": "14.10.10",
    "rating": "10",
    "author": "zoah****",
    "review_id": "9280641",
    "movie_id": "32112"
  },
  {
    "review": "10년이라는 세월이 흘러도 여전히 기발하고 재밌다. 속편이 나올 수 있었던 데에는 다 이유가 있었던 것 아닐까? 그만큼 본편이 짱이니깐!",
    "date": "14.10.06",
    "rating": "10",
    "author": "wodm****",
    "review_id": "9268782",
    "movie_id": "32112"
  },
  {
    "review": "암걸리도록 미친다 ..",
    "date": "14.10.04",
    "rating": "4",
    "author": "dlgu****",
    "review_id": "9263794",
    "movie_id": "32112"
  },
  {
    "review": "이걸 지금봤다니..  지금이라도봐서 행복하다.천재들인것같다.재미. 감동 웃음전부다있는. 명작이다",
    "date": "14.10.04",
    "rating": "10",
    "author": "jack****",
    "review_id": "9261162",
    "movie_id": "32112"
  },
  {
    "review": "어렸을때로 돌아간느낌...벽장문을 볼때마다 마이크와 설리가 생각난다 또 부가 너무귀여웠다ㅠㅠ",
    "date": "14.09.27",
    "rating": "9",
    "author": "y156****",
    "review_id": "9244711",
    "movie_id": "32112"
  },
  {
    "review": "그들만의 회사 이야기에 전혀 몰입도 안되고 황당하구만",
    "date": "14.09.21",
    "rating": "4",
    "author": "bbq2****",
    "review_id": "9231552",
    "movie_id": "32112"
  },
  {
    "review": "내가 다른건 몰라도 니모를 찾아서랑 이거 만큼은 못잊어",
    "date": "14.08.24",
    "rating": "10",
    "author": "kmwo****",
    "review_id": "9129610",
    "movie_id": "32112"
  },
  {
    "review": "비디오빌려서 몇번씩 본 기억이 있다",
    "date": "14.08.20",
    "rating": "10",
    "author": "pizz****",
    "review_id": "9115723",
    "movie_id": "32112"
  },
  {
    "review": "^^헿ㅋㅋㅋㅎ개좋ㅎㅎㅎㅎ헿",
    "date": "14.08.19",
    "rating": "10",
    "author": "4dng****",
    "review_id": "9110811",
    "movie_id": "32112"
  },
  {
    "review": "몇번을 봐도 찡하고 재밌는 영화",
    "date": "14.08.16",
    "rating": "10",
    "author": "smil****",
    "review_id": "9096936",
    "movie_id": "32112"
  },
  {
    "review": "그대의 어린 시절엔 무엇을 바랐나요?",
    "date": "14.08.13",
    "rating": "8",
    "author": "rygh****",
    "review_id": "9076428",
    "movie_id": "32112"
  },
  {
    "review": "고등학생인 지금 다시봐도 마음한구석이 찡한 영화...",
    "date": "14.08.08",
    "rating": "10",
    "author": "yeon****",
    "review_id": "9048575",
    "movie_id": "32112"
  },
  {
    "review": "pixar 영화 짱짱맨",
    "date": "14.08.01",
    "rating": "10",
    "author": "ohho****",
    "review_id": "8998242",
    "movie_id": "32112"
  },
  {
    "review": "캐릭터들도 너무 귀엽고, 유쾌하고 재미난 영화!",
    "date": "14.07.30",
    "rating": "10",
    "author": "sans****",
    "review_id": "8982553",
    "movie_id": "32112"
  },
  {
    "review": "The Bestㅡ 단연 최고",
    "date": "14.07.14",
    "rating": "10",
    "author": "rnti****",
    "review_id": "8916424",
    "movie_id": "32112"
  },
  {
    "review": "어두운 면을 다룰때, 똑똑한 사람은 찌푸리고 세상에 대해 말한다. 그리고 현자는 웃으며 말한다. 픽사 역사상 최고의 애니메이션. 10점 만점, 그 이상.",
    "date": "14.06.27",
    "rating": "10",
    "author": "herp****",
    "review_id": "8862163",
    "movie_id": "32112"
  },
  {
    "review": "정신없이 전개됨 사랑스러운 영화",
    "date": "14.06.13",
    "rating": "9",
    "author": "amus****",
    "review_id": "8825509",
    "movie_id": "32112"
  },
  {
    "review": "몬스터대학교도재밌만 주식회사가좀더재밌는것같아요 어렸을때 비디오가지고 몇번을봤는지ㅋㅋ어렸을땐 무서웠는데 그만큼 중독성과재미가있어서 더 많이보고 좋아했던 만화영화중하나 추억돋네~~.~",
    "date": "14.06.01",
    "rating": "10",
    "author": "dlgy****",
    "review_id": "8782916",
    "movie_id": "32112"
  },
  {
    "review": "주제가 기발하다. 1,2편 연속으로 봤지만, 1편이 훨씬 재미있다.`",
    "date": "14.05.26",
    "rating": "8",
    "author": "mrdo****",
    "review_id": "8768491",
    "movie_id": "32112"
  },
  {
    "review": "언제 다시 이런 명작 애니메이션을 볼수 있을까 하는 생각이 드는 영화 독특한 내용과 완벽한 연출 디즈니와 픽사는 마지막을 잘 장식하는것 같다.",
    "date": "14.05.23",
    "rating": "10",
    "author": "ejaq****",
    "review_id": "8758410",
    "movie_id": "32112"
  },
  {
    "review": "시작 할때 문나오는 오프닝이 너무 길었다",
    "date": "14.05.17",
    "rating": "10",
    "author": "leo0****",
    "review_id": "8741888",
    "movie_id": "32112"
  },
  {
    "review": "몬스터 주식회사 3D 재밌게 봤다",
    "date": "14.05.17",
    "rating": "10",
    "author": "lish****",
    "review_id": "8741214",
    "movie_id": "32112"
  },
  {
    "review": "예상치 못한 스토리속에서의 재미... 픽사의 꿈",
    "date": "14.05.16",
    "rating": "9",
    "author": "gywn****",
    "review_id": "8735162",
    "movie_id": "32112"
  },
  {
    "review": "Best of Best",
    "date": "14.05.06",
    "rating": "10",
    "author": "sud9****",
    "review_id": "8710965",
    "movie_id": "32112"
  },
  {
    "review": "어른이 되어서 보니 더 따뜻하고 아련하다. 고마워요 픽사!",
    "date": "14.05.06",
    "rating": "10",
    "author": "dkrk****",
    "review_id": "8708378",
    "movie_id": "32112"
  },
  {
    "review": "주먹왕랄프처럼 교훈적인 메세지가 있는 것도 아니고 드래곤길들이기처럼 잘못된 편견을 갖고 있는 사람들에게 도전적인 것도 아니지만 몬스타주식회사는 '몬주'만의 감동과 아련함이 가슴에 남아서 나중에 내 아이에게 보여주고 싶은 명작 중에 하나.",
    "date": "14.05.03",
    "rating": "9",
    "author": "some****",
    "review_id": "8696213",
    "movie_id": "32112"
  },
  {
    "review": "어렸을 때 문 조각 찾아서 열었을 때 어찌나 많이 울었던지... 그 때 나에겐 최고로 슬픈 영화였는데... 다시 보니 뭔가 아련하다...",
    "date": "14.04.27",
    "rating": "8",
    "author": "dngk****",
    "review_id": "8678250",
    "movie_id": "32112"
  },
  {
    "review": "이 영화노래만 들어도 눈물이난다",
    "date": "14.04.26",
    "rating": "10",
    "author": "cmgc****",
    "review_id": "8675137",
    "movie_id": "32112"
  },
  {
    "review": "우리나라에게 1억5천을 줘도 이런영화는 못만들 망정 김치워리어나 만들고 있다.",
    "date": "14.04.19",
    "rating": "10",
    "author": "sing****",
    "review_id": "8659170",
    "movie_id": "32112"
  },
  {
    "review": "잊지 못할  추억의  영화!!!!",
    "date": "14.04.17",
    "rating": "10",
    "author": "limp****",
    "review_id": "8655299",
    "movie_id": "32112"
  },
  {
    "review": "키티~~ 부우~~ㅋㅋ",
    "date": "14.04.03",
    "rating": "10",
    "author": "luca****",
    "review_id": "8624717",
    "movie_id": "32112"
  },
  {
    "review": "사랑스러운 캐릭터가 최고의 매력",
    "date": "14.03.25",
    "rating": "7",
    "author": "ndw1****",
    "review_id": "8605573",
    "movie_id": "32112"
  },
  {
    "review": "너무 어릴때 봐서.... 감동이 적었고 커서 볼떄는 어릴때 느낌때문에 내 편견이 생기고 말았다",
    "date": "14.03.22",
    "rating": "3",
    "author": "minu****",
    "review_id": "8595281",
    "movie_id": "32112"
  },
  {
    "review": "볼 때마다 눈물이....;_;",
    "date": "14.03.06",
    "rating": "10",
    "author": "11fr****",
    "review_id": "8558194",
    "movie_id": "32112"
  },
  {
    "review": "엔딩 즈음의 음악은 나를 미소 짓게 하며 감동은 나를 눈물 짓게 한다 픽사 최고의 명작 영상 음악 웃음 캐릭터 감동 어느 하나 놓치지 않은 완벽한 영화다",
    "date": "14.02.13",
    "rating": "10",
    "author": "wptl****",
    "review_id": "8505355",
    "movie_id": "32112"
  },
  {
    "review": "놀라운 상상력과 기발함",
    "date": "14.02.12",
    "rating": "10",
    "author": "cult****",
    "review_id": "8501882",
    "movie_id": "32112"
  },
  {
    "review": "픽사의 명작. 절대 질리지 않는다.",
    "date": "14.02.01",
    "rating": "9",
    "author": "alsc****",
    "review_id": "8461173",
    "movie_id": "32112"
  },
  {
    "review": "사람이 아닌것에 감성을 불어넣는 픽사의 전성기적인 작품",
    "date": "14.02.01",
    "rating": "8",
    "author": "sjb2****",
    "review_id": "8459690",
    "movie_id": "32112"
  },
  {
    "review": "정말 감동적이고 시사하는 바가 큰 영화다.",
    "date": "14.01.30",
    "rating": "10",
    "author": "765o****",
    "review_id": "8446900",
    "movie_id": "32112"
  },
  {
    "review": "어렸을적인 2001년에 보았을땐 못느꼇던 감정들을 13년이 지난후 다시 보면서 느낄 수 있었다 말도 안되게 재밌으며 감동적이다 정말인지 마지막 장면은 애니매이션 영화사에 길이 남을 장면이다. 부가 인기 캐릭터가 되지 못한게 아쉽다 ㅠㅠ 좋은데 ㅜㅜ",
    "date": "14.01.28",
    "rating": "10",
    "author": "pars****",
    "review_id": "8439470",
    "movie_id": "32112"
  },
  {
    "review": "유딩때 엄청 봤던영화임 지금봐도 개꿀잼",
    "date": "14.01.28",
    "rating": "10",
    "author": "yjin****",
    "review_id": "8438700",
    "movie_id": "32112"
  },
  {
    "review": "어렸을떄는 순진해서 그냥 재미로만 봤는데 커서 보니 진정한 의미를꺠닫게 되었다  소통의 중요성",
    "date": "14.01.27",
    "rating": "10",
    "author": "han4****",
    "review_id": "8436480",
    "movie_id": "32112"
  },
  {
    "review": "스토리의 탄탄함으로 모두 정리",
    "date": "14.01.27",
    "rating": "10",
    "author": "cycl****",
    "review_id": "8436227",
    "movie_id": "32112"
  },
  {
    "review": "감동먹었음  보면서 울었음 ㅠㅠ 맨끝부분에여",
    "date": "14.01.27",
    "rating": "10",
    "author": "wlsg****",
    "review_id": "8434643",
    "movie_id": "32112"
  },
  {
    "review": "재밌어요! 역시 픽사 내요",
    "date": "14.01.23",
    "rating": "10",
    "author": "lisa****",
    "review_id": "8414721",
    "movie_id": "32112"
  },
  {
    "review": "이 영화 마지막장면은 애니메이션 역사상 최고의 장면중 하나라 생각합니다 그냥 보세요 눈물나게 기쁩니다 ㅠ",
    "date": "14.01.21",
    "rating": "10",
    "author": "gree****",
    "review_id": "8405596",
    "movie_id": "32112"
  },
  {
    "review": "완전 너무 좋아요ㅜㅜ 어릴때 한번보고 푹 빠져서 이때까지 좋아했었는데 오늘 다시보니 마냥 재밌었던 영화가 색다르게 느껴지더라구요! 하..진짜 몬스터덕후될거같아요ㅜㅜ♡",
    "date": "14.01.17",
    "rating": "10",
    "author": "w_oo****",
    "review_id": "8392724",
    "movie_id": "32112"
  },
  {
    "review": "몬스터대학교랑연달아봤는데너무재밌고감동있는영화!",
    "date": "14.01.17",
    "rating": "10",
    "author": "0sun****",
    "review_id": "8390332",
    "movie_id": "32112"
  },
  {
    "review": "재미 감동 교훈 삼박자를 갖춘 명작!",
    "date": "14.01.16",
    "rating": "10",
    "author": "qnfd****",
    "review_id": "8388693",
    "movie_id": "32112"
  },
  {
    "review": "진짜넘재밌다 애기기여움",
    "date": "14.01.15",
    "rating": "10",
    "author": "ckrg****",
    "review_id": "8384027",
    "movie_id": "32112"
  },
  {
    "review": "개성있는 몬스터들과 귀여운 여자아이가 만나 뿜어내는 매력에 퐁당 빠졌다",
    "date": "14.01.10",
    "rating": "10",
    "author": "jang****",
    "review_id": "8365806",
    "movie_id": "32112"
  },
  {
    "review": "한 마디로 말하자면 최고의 영화. 영원히 잊지 못할 명작이다.",
    "date": "14.01.04",
    "rating": "10",
    "author": "ckwk****",
    "review_id": "8349347",
    "movie_id": "32112"
  },
  {
    "review": "ㅋㅋㅋ진짜재밌닼ㅋㅋ 더 나왔음 좋겠네 ㅋㅋ♥♥",
    "date": "13.12.27",
    "rating": "10",
    "author": "tlsd****",
    "review_id": "8312558",
    "movie_id": "32112"
  },
  {
    "review": "유치하긴 하지만 시간가는줄 모르고 봤네ㅎㅎ",
    "date": "13.12.19",
    "rating": "8",
    "author": "kdy3****",
    "review_id": "8237135",
    "movie_id": "32112"
  },
  {
    "review": "기발한 상상력에 귀여운 몬스터와 진짜 환장하게 귀여운 부~~ 까지ㅠ.ㅠ 설리번이랑 부랑 헤어질 때 울고 마이크가 문 다시 조립해서 보여줄때도 감동땜에 또 울었음ㅠㅠ 20대 중반이 봐도 감동적이고 재밌음!!!",
    "date": "13.12.13",
    "rating": "10",
    "author": "iron****",
    "review_id": "8211273",
    "movie_id": "32112"
  },
  {
    "review": "마음이 따뜻해진다 부~~",
    "date": "13.12.11",
    "rating": "10",
    "author": "eliz****",
    "review_id": "8205471",
    "movie_id": "32112"
  },
  {
    "review": "완전잼씀....아아",
    "date": "13.12.05",
    "rating": "10",
    "author": "rkdg****",
    "review_id": "8192598",
    "movie_id": "32112"
  },
  {
    "review": "우리들의 마스터피스.",
    "date": "13.12.04",
    "rating": "10",
    "author": "soul****",
    "review_id": "8188624",
    "movie_id": "32112"
  }
]