[
  {
    "review": "상당히 잘 만든  작품입니다.",
    "date": "15.08.16",
    "rating": "7",
    "author": "joyc****",
    "review_id": "10241669",
    "movie_id": "32114"
  },
  {
    "review": "동화, 캐릭터, 음향 . 스토리 흐름을 빼고 모든게 좋다!",
    "date": "15.07.28",
    "rating": "2",
    "author": "sosy****",
    "review_id": "10153322",
    "movie_id": "32114"
  },
  {
    "review": "한국성우가잘했다 그 갈갈한목소리가더귀엽다",
    "date": "15.05.11",
    "rating": "10",
    "author": "dltm****",
    "review_id": "9911676",
    "movie_id": "32114"
  },
  {
    "review": "스티치야 사랑해♥ 짱귀졸귀",
    "date": "15.04.17",
    "rating": "10",
    "author": "sunj****",
    "review_id": "9849696",
    "movie_id": "32114"
  },
  {
    "review": "릴로랑 스티치 너무 사랑스러워ㅠㅠ진짜 재밌음이거",
    "date": "15.02.16",
    "rating": "10",
    "author": "ekdm****",
    "review_id": "9700926",
    "movie_id": "32114"
  },
  {
    "review": "오하나 means family♡♡",
    "date": "14.12.12",
    "rating": "8",
    "author": "soiy****",
    "review_id": "9468499",
    "movie_id": "32114"
  },
  {
    "review": "스티치만큼은 매력만점.",
    "date": "14.11.23",
    "rating": "7",
    "author": "this****",
    "review_id": "9413232",
    "movie_id": "32114"
  },
  {
    "review": "스티치짱짱짱 그 어떤 케릭터보다조음",
    "date": "14.11.02",
    "rating": "10",
    "author": "yge0****",
    "review_id": "9336092",
    "movie_id": "32114"
  },
  {
    "review": "음악, 그래픽, 캐릭터.. 역시 디즈니는 명불허전!",
    "date": "14.08.27",
    "rating": "10",
    "author": "neyc****",
    "review_id": "9138347",
    "movie_id": "32114"
  },
  {
    "review": "스티치 넘 기여워요ㅋㅋ",
    "date": "14.08.26",
    "rating": "10",
    "author": "sksm****",
    "review_id": "9135577",
    "movie_id": "32114"
  },
  {
    "review": "어른들이 만든것 같지 않은 순수 애니메이션 하와이의 온기가 그대로 전해진다",
    "date": "14.06.30",
    "rating": "7",
    "author": "tumb****",
    "review_id": "8871605",
    "movie_id": "32114"
  },
  {
    "review": "나의 활력소 스티치~!",
    "date": "14.05.12",
    "rating": "10",
    "author": "lo01****",
    "review_id": "8726988",
    "movie_id": "32114"
  },
  {
    "review": "가족의 보살핌의 결핍에 관심이 필요한 릴로와 순수히 파괴만 알던 스티치가 가족이란 이름으로 변화하는 모습을 잘 그린 애니메이션. 두 주인공의 모습이 관객에게 자신이 처한 상황이나 감정을 잘 표현했다고 생각한다.",
    "date": "14.04.20",
    "rating": "10",
    "author": "syy3****",
    "review_id": "8662630",
    "movie_id": "32114"
  },
  {
    "review": "맨마직막에 감동~ 완전 재미있어요!!!·",
    "date": "14.03.28",
    "rating": "10",
    "author": "july****",
    "review_id": "8613578",
    "movie_id": "32114"
  },
  {
    "review": "몇년이지나도 재미있는 스티치 너무좋다ㅎ0ㅎ",
    "date": "13.12.14",
    "rating": "10",
    "author": "his1****",
    "review_id": "8213301",
    "movie_id": "32114"
  },
  {
    "review": "이 작품이 드래곤 길들이기 감독의 초기작이었구나.  어쩐지 재밌더라 ㅜ.ㅜ",
    "date": "13.10.28",
    "rating": "10",
    "author": "sol2****",
    "review_id": "8096655",
    "movie_id": "32114"
  },
  {
    "review": "개재밋어여 케릭터하나하나 잘살렷네여그리고 가족의 중요성을 알려줘서 좋았습니다오랜만에 다시 보니 재미지네여 ㅎ함꼭보세여",
    "date": "13.08.15",
    "rating": "10",
    "author": "rbsd****",
    "review_id": "7882186",
    "movie_id": "32114"
  },
  {
    "review": "스티치 너무 조아ㅋㅋ",
    "date": "13.01.24",
    "rating": "10",
    "author": "jjc4****",
    "review_id": "7166805",
    "movie_id": "32114"
  },
  {
    "review": "우와... 정말 잼있다~! ^^",
    "date": "13.01.22",
    "rating": "9",
    "author": "rudl****",
    "review_id": "7146283",
    "movie_id": "32114"
  },
  {
    "review": "귀엽고 재밌고 감동임..",
    "date": "12.12.29",
    "rating": "10",
    "author": "zxzc****",
    "review_id": "7061230",
    "movie_id": "32114"
  },
  {
    "review": "스티치 너무 귀여워요. 릴로와 훌라춤추는것도 히히 명작.",
    "date": "12.11.03",
    "rating": "10",
    "author": "bkim****",
    "review_id": "6850990",
    "movie_id": "32114"
  },
  {
    "review": "스티치 완죤 귀여워요!!!사랑해유♥♥♥ㅠㅜ",
    "date": "12.06.05",
    "rating": "10",
    "author": "gkgu****",
    "review_id": "6366214",
    "movie_id": "32114"
  },
  {
    "review": "스티치에 관한 다른 영화도 다 봤음",
    "date": "12.05.26",
    "rating": "10",
    "author": "wo32****",
    "review_id": "6334906",
    "movie_id": "32114"
  },
  {
    "review": "완전 꼬쳣어",
    "date": "12.05.07",
    "rating": "10",
    "author": "pew0****",
    "review_id": "6280811",
    "movie_id": "32114"
  },
  {
    "review": "가족의 소중함, 감동과 웃음을 주는 즐거운 행복한 영화",
    "date": "12.04.27",
    "rating": "10",
    "author": "band****",
    "review_id": "6249839",
    "movie_id": "32114"
  },
  {
    "review": "가볍게 볼수 있는 재밌고 귀여운 애니다.",
    "date": "12.04.01",
    "rating": "9",
    "author": "jasm****",
    "review_id": "6185034",
    "movie_id": "32114"
  },
  {
    "review": "내가봤던 애니메이션중에 단연 최고!!  지금도 종종 본다...정말 소장용 100%가치~!!",
    "date": "12.03.29",
    "rating": "10",
    "author": "kye2****",
    "review_id": "6176968",
    "movie_id": "32114"
  },
  {
    "review": "정말 귀여버!ㅎㅎ",
    "date": "12.01.30",
    "rating": "10",
    "author": "nanb****",
    "review_id": "6036118",
    "movie_id": "32114"
  },
  {
    "review": "완전재미있어 스티치대박귀여워",
    "date": "12.01.26",
    "rating": "10",
    "author": "ptkm****",
    "review_id": "6022272",
    "movie_id": "32114"
  },
  {
    "review": "평점좀 깎을게요. 스티치와 과학자의 성향 변화가 성인이 보기엔 너무 억지스럽네요.",
    "date": "11.11.25",
    "rating": "1",
    "author": "gwan****",
    "review_id": "5870155",
    "movie_id": "32114"
  },
  {
    "review": "내사랑스티치!!!!!!!!!!!!!",
    "date": "11.11.21",
    "rating": "10",
    "author": "dmcu****",
    "review_id": "5864053",
    "movie_id": "32114"
  },
  {
    "review": "원어판 ,더빙판 다봤어요~ 넘 잼나요~~^^ 스티치 매력있네요~ㅎㅎㅎ",
    "date": "11.09.16",
    "rating": "10",
    "author": "dant****",
    "review_id": "5735148",
    "movie_id": "32114"
  },
  {
    "review": "스토리,볼거리,교훈!!어른들과 아이들이 같이봐도 두사람 모두 만족할영화!!",
    "date": "11.08.28",
    "rating": "10",
    "author": "piw8****",
    "review_id": "5693146",
    "movie_id": "32114"
  },
  {
    "review": "스티치 완전내꺼하고싶다 ~ ..감동이자 재미있고 절대 지루하지 않어 ~짱",
    "date": "11.08.20",
    "rating": "10",
    "author": "ghkr****",
    "review_id": "5672560",
    "movie_id": "32114"
  },
  {
    "review": "감동인데다가 재미까지!!신고",
    "date": "11.07.20",
    "rating": "10",
    "author": "xhxh****",
    "review_id": "5558113",
    "movie_id": "32114"
  },
  {
    "review": "스티치앓이 중 ㅜㅜ 너무 귀여워서 미치겠다ㅋㅋ 그리고 영화가 완전 감동ㅠㅠ",
    "date": "11.07.17",
    "rating": "10",
    "author": "so_a****",
    "review_id": "5550582",
    "movie_id": "32114"
  },
  {
    "review": "최고 최고 최고 ! ㅠㅠㅠㅠㅠ",
    "date": "11.04.10",
    "rating": "10",
    "author": "pink****",
    "review_id": "5365674",
    "movie_id": "32114"
  },
  {
    "review": "디즈니는 천재라는것을알게되었다.",
    "date": "11.03.13",
    "rating": "10",
    "author": "samt****",
    "review_id": "5311038",
    "movie_id": "32114"
  },
  {
    "review": "완전 귀요미",
    "date": "11.02.27",
    "rating": "10",
    "author": "1201****",
    "review_id": "5279453",
    "movie_id": "32114"
  },
  {
    "review": "감동적이애요!!",
    "date": "11.02.05",
    "rating": "10",
    "author": "zmfh****",
    "review_id": "5219599",
    "movie_id": "32114"
  },
  {
    "review": "릴로가 더귀여웠음",
    "date": "11.01.21",
    "rating": "10",
    "author": "chnh****",
    "review_id": "5172613",
    "movie_id": "32114"
  },
  {
    "review": "ㅠㅠ눈물나와 ...ㅠㅠㅠㅠㅠ기대이상이네",
    "date": "10.11.26",
    "rating": "10",
    "author": "7891****",
    "review_id": "4991683",
    "movie_id": "32114"
  },
  {
    "review": "매력적이고 한국 성우는 잘 어울렸다.",
    "date": "10.08.16",
    "rating": "7",
    "author": "kjnz****",
    "review_id": "4752724",
    "movie_id": "32114"
  },
  {
    "review": "기대 이상인데?",
    "date": "10.08.05",
    "rating": "8",
    "author": "arma****",
    "review_id": "4710492",
    "movie_id": "32114"
  },
  {
    "review": "재밌고 감동적이예요^_^",
    "date": "10.07.27",
    "rating": "10",
    "author": "kees****",
    "review_id": "4677432",
    "movie_id": "32114"
  },
  {
    "review": "완전재밌고 릴로,스티치 너무 귀여워요 ♡",
    "date": "10.07.16",
    "rating": "10",
    "author": "joy6****",
    "review_id": "4644039",
    "movie_id": "32114"
  },
  {
    "review": "힘이 없는 이야기. 지루하다.",
    "date": "10.07.08",
    "rating": "4",
    "author": "bbob****",
    "review_id": "4621744",
    "movie_id": "32114"
  },
  {
    "review": "자국내 안방스타일 애니매이션으로 과감한 승부. 그리고 승리.",
    "date": "10.07.03",
    "rating": "6",
    "author": "tori****",
    "review_id": "4609029",
    "movie_id": "32114"
  },
  {
    "review": "볼사람 없을 거 같은 영화 중 하나",
    "date": "10.04.04",
    "rating": "4",
    "author": "kim3****",
    "review_id": "4411284",
    "movie_id": "32114"
  },
  {
    "review": "스티치 광팬 됐음 ㅋㅋ",
    "date": "10.01.03",
    "rating": "10",
    "author": "samu****",
    "review_id": "4125428",
    "movie_id": "32114"
  },
  {
    "review": "정말 짱!!! 저 이거 보고 울었어요. 완전 감동 왕추천!!!",
    "date": "10.01.02",
    "rating": "10",
    "author": "ksr0****",
    "review_id": "4123080",
    "movie_id": "32114"
  },
  {
    "review": "넘 재밌어요~~~~~~~ㅠㅠ  근",
    "date": "09.12.04",
    "rating": "10",
    "author": "hayo****",
    "review_id": "4014508",
    "movie_id": "32114"
  },
  {
    "review": "굿굿~~~ 완전 굿~ 이거 릴로&스티치2 영어자막보고싶어요",
    "date": "09.10.13",
    "rating": "10",
    "author": "wjdd****",
    "review_id": "3891058",
    "movie_id": "32114"
  },
  {
    "review": "완전 재밋음~ㅋㅋㅋ",
    "date": "09.10.09",
    "rating": "10",
    "author": "pipi****",
    "review_id": "3882898",
    "movie_id": "32114"
  },
  {
    "review": "제가 고3 때 이거 봤는데.. 감동 ㅠㅠ 근데 사실 지금 고3임 이 빌어먹을 세상아",
    "date": "09.09.13",
    "rating": "1",
    "author": "jhk7****",
    "review_id": "3828191",
    "movie_id": "32114"
  },
  {
    "review": "씨   우리반 박주영이란 놈이 저보고 스티치 닮았대요.. ㅜㅜ            발놈이",
    "date": "09.09.09",
    "rating": "1",
    "author": "jhk7****",
    "review_id": "3821551",
    "movie_id": "32114"
  },
  {
    "review": "스티치 너무 귀여워요~",
    "date": "09.07.25",
    "rating": "10",
    "author": "youn****",
    "review_id": "3666191",
    "movie_id": "32114"
  },
  {
    "review": "오하나",
    "date": "09.06.14",
    "rating": "10",
    "author": "fair****",
    "review_id": "3565176",
    "movie_id": "32114"
  },
  {
    "review": "많이 괜찮습니다.",
    "date": "09.04.05",
    "rating": "10",
    "author": "dong****",
    "review_id": "3405771",
    "movie_id": "32114"
  },
  {
    "review": "아주 재미있습니다.",
    "date": "09.04.05",
    "rating": "10",
    "author": "0527****",
    "review_id": "3405758",
    "movie_id": "32114"
  },
  {
    "review": "가족의 의미를 안다면 누구든지 부드러워지게 되있어",
    "date": "09.02.03",
    "rating": "8",
    "author": "mkin****",
    "review_id": "3275767",
    "movie_id": "32114"
  },
  {
    "review": "완전완전 잼있는, 안보면 후회할뻔한 감동적이 가족이야기",
    "date": "09.01.27",
    "rating": "10",
    "author": "kang****",
    "review_id": "3253785",
    "movie_id": "32114"
  },
  {
    "review": "귀엽고 재밌고 감동",
    "date": "09.01.26",
    "rating": "10",
    "author": "mrss****",
    "review_id": "3251892",
    "movie_id": "32114"
  },
  {
    "review": "우리반에는 스티치가 유행이에요.",
    "date": "09.01.03",
    "rating": "10",
    "author": "ogg0****",
    "review_id": "3183800",
    "movie_id": "32114"
  },
  {
    "review": "또보고 싶당 재밌어 유휴~!",
    "date": "08.12.25",
    "rating": "10",
    "author": "dbwo****",
    "review_id": "3147780",
    "movie_id": "32114"
  },
  {
    "review": "짱! 언제라도 또 보고 싶은 영화!",
    "date": "08.12.22",
    "rating": "10",
    "author": "thfr****",
    "review_id": "3139659",
    "movie_id": "32114"
  },
  {
    "review": "훌륭함, 기대 이상!",
    "date": "08.11.28",
    "rating": "10",
    "author": "magi****",
    "review_id": "3078142",
    "movie_id": "32114"
  },
  {
    "review": "가슴이 따뜻해질수밖에없는.. 정말 아름다운 동심의 세계..",
    "date": "08.11.09",
    "rating": "10",
    "author": "sea7****",
    "review_id": "3041263",
    "movie_id": "32114"
  },
  {
    "review": "재미있넹",
    "date": "08.11.01",
    "rating": "9",
    "author": "drd1****",
    "review_id": "3029157",
    "movie_id": "32114"
  },
  {
    "review": "으앙 넘 잼써",
    "date": "08.10.31",
    "rating": "10",
    "author": "kuro****",
    "review_id": "3028459",
    "movie_id": "32114"
  },
  {
    "review": "울어뜸.ㅠㅠㅠㅠㅠㅠㅠㅠㅠㅠ",
    "date": "08.07.24",
    "rating": "10",
    "author": "2_di****",
    "review_id": "2797064",
    "movie_id": "32114"
  },
  {
    "review": "의외의 재미를 안겨준 애니메이션 스티치라는 캐릭터 개성있고 의외로 귀엽다",
    "date": "08.04.18",
    "rating": "8",
    "author": "deff****",
    "review_id": "2586070",
    "movie_id": "32114"
  },
  {
    "review": "스티치 진짜너무귀여워 &gt&lt ㅋ",
    "date": "08.03.25",
    "rating": "10",
    "author": "dpwl****",
    "review_id": "2541588",
    "movie_id": "32114"
  },
  {
    "review": "드럽고괴팍한성격이 지만 재치있다 ㅅ_ㅅ",
    "date": "08.03.22",
    "rating": "10",
    "author": "kimd****",
    "review_id": "2535753",
    "movie_id": "32114"
  },
  {
    "review": "제미있다 !!",
    "date": "08.03.18",
    "rating": "10",
    "author": "cyr9****",
    "review_id": "2528058",
    "movie_id": "32114"
  },
  {
    "review": "나도 스티치같은 친구가 있었음 좋겠네요^^",
    "date": "08.02.28",
    "rating": "10",
    "author": "enqn****",
    "review_id": "2490344",
    "movie_id": "32114"
  },
  {
    "review": "귀엽기도 했고 그안에 찐한 감동도 주고 ^^ 정말 보면서 좋았답니다~",
    "date": "08.02.06",
    "rating": "10",
    "author": "qkrt****",
    "review_id": "2416223",
    "movie_id": "32114"
  },
  {
    "review": "진짜 재밌다.",
    "date": "08.01.09",
    "rating": "10",
    "author": "kaza****",
    "review_id": "2309760",
    "movie_id": "32114"
  },
  {
    "review": "나이땜에 보기 남사스러웠는데 굉장히 재밌네요^^ 스티치랑 릴로도 너무 귀엽고",
    "date": "07.12.31",
    "rating": "10",
    "author": "lees****",
    "review_id": "2285548",
    "movie_id": "32114"
  },
  {
    "review": "무난했던 기억",
    "date": "07.07.30",
    "rating": "8",
    "author": "seun****",
    "review_id": "1826299",
    "movie_id": "32114"
  },
  {
    "review": "너무 귀엽고 재밌어~ㅎㅎ",
    "date": "07.05.05",
    "rating": "8",
    "author": "tea6****",
    "review_id": "1621514",
    "movie_id": "32114"
  },
  {
    "review": "어린이 만화이면서 날 울리다니.... 매력 스티치!",
    "date": "07.02.12",
    "rating": "10",
    "author": "mash****",
    "review_id": "1464445",
    "movie_id": "32114"
  },
  {
    "review": "SF+가족+코믹의 절묘한 조화!! 생애 최고의 영화 였다",
    "date": "07.02.05",
    "rating": "10",
    "author": "123e****",
    "review_id": "1446859",
    "movie_id": "32114"
  },
  {
    "review": "최고였다. 스티치 너무 귀여워.",
    "date": "07.01.17",
    "rating": "10",
    "author": "cysn****",
    "review_id": "1393429",
    "movie_id": "32114"
  },
  {
    "review": "당시 비디오로 재밌게 빌려 본 애니..",
    "date": "07.01.16",
    "rating": "8",
    "author": "gall****",
    "review_id": "1390529",
    "movie_id": "32114"
  },
  {
    "review": "엽기라고 해야 할까?",
    "date": "06.12.15",
    "rating": "9",
    "author": "zeed****",
    "review_id": "1292884",
    "movie_id": "32114"
  },
  {
    "review": "괴물보다는 최소한 100배는 좋다",
    "date": "06.10.17",
    "rating": "10",
    "author": "rome****",
    "review_id": "1186391",
    "movie_id": "32114"
  },
  {
    "review": "귀엽다 스티치 우리집에도 한번 놀러와!",
    "date": "06.10.16",
    "rating": "10",
    "author": "comp****",
    "review_id": "1185063",
    "movie_id": "32114"
  },
  {
    "review": "넘 재미있었고~ 스티치도 신선했다! 너무 귀엽다 ㅠㅠ!",
    "date": "06.02.25",
    "rating": "10",
    "author": "eyi1****",
    "review_id": "691565",
    "movie_id": "32114"
  },
  {
    "review": "스티치..너무 매력있는 캐릭터다..귀엽고 장난스럽고~",
    "date": "05.12.06",
    "rating": "10",
    "author": "sooz****",
    "review_id": "495745",
    "movie_id": "32114"
  },
  {
    "review": "can stitch say goodbye?",
    "date": "05.10.30",
    "rating": "10",
    "author": "bbol****",
    "review_id": "459368",
    "movie_id": "32114"
  },
  {
    "review": "우리나라에선 왜 크게 흥행을 못했을까??너무 잼있었다..ㅠㅠ",
    "date": "05.10.27",
    "rating": "10",
    "author": "adsf****",
    "review_id": "456445",
    "movie_id": "32114"
  },
  {
    "review": "릴로스티치1,2와 스티치무비도 봤지만 역시 재미있었던것같다.",
    "date": "05.09.18",
    "rating": "10",
    "author": "minj****",
    "review_id": "410355",
    "movie_id": "32114"
  },
  {
    "review": "완전 볼만한 영화. 스티치 캐릭터가 신선하다.재밌다",
    "date": "05.09.15",
    "rating": "10",
    "author": "arar****",
    "review_id": "406779",
    "movie_id": "32114"
  },
  {
    "review": "그런대로 볼만했다.귀여운 캐릭터설정.허나 진부한 Feeling..",
    "date": "05.08.27",
    "rating": "7",
    "author": "yong****",
    "review_id": "385049",
    "movie_id": "32114"
  },
  {
    "review": "미국에 살 때 본 영화. 그림도 귀엽고 괜찮았다.",
    "date": "05.08.20",
    "rating": "9",
    "author": "soom****",
    "review_id": "376020",
    "movie_id": "32114"
  },
  {
    "review": "나 중2때 봤는데 잼더라..",
    "date": "05.08.08",
    "rating": "9",
    "author": "zaso****",
    "review_id": "357974",
    "movie_id": "32114"
  },
  {
    "review": "동생이랑 같이 보았는데 무척 좋아하더라구요.. ㅎ",
    "date": "05.07.25",
    "rating": "10",
    "author": "luy_****",
    "review_id": "333689",
    "movie_id": "32114"
  },
  {
    "review": "캐릭터들이 그다지 익숙하지는 않지만 아이들은 좋아할 영화",
    "date": "05.05.20",
    "rating": "6",
    "author": "si2p****",
    "review_id": "281677",
    "movie_id": "32114"
  },
  {
    "review": "기대보다 나았던 작품. 그러나 디즈니는 추락하고 있었다.....",
    "date": "05.05.08",
    "rating": "8",
    "author": "puri****",
    "review_id": "273102",
    "movie_id": "32114"
  }
]