[
  {
    "review": "열번을 넘게 봐도 재밌는 영화! 캐릭터를 어찌 이렇게 잘 만들었는지....",
    "date": "15.08.22",
    "rating": "10",
    "author": "som2****",
    "review_id": "10261559",
    "movie_id": "32115"
  },
  {
    "review": "그당시 애니 최고 제작비를 들여 만들었는데 사실 왜 망했는지 이해가 안되는 만화다. 겨울왕국같은 만화도 성공하는데",
    "date": "15.08.21",
    "rating": "8",
    "author": "kdym****",
    "review_id": "10257006",
    "movie_id": "32115"
  },
  {
    "review": "2003년 작품이지만 지금봐도 명작이다! 내용의 감동과 영상의 연출모두 언제 봐도 추천해주고 싶은 영화다. 개인적으로 프로즌은 흥행은 했지만 스토리면에서 확연히 떨어진다고 느낀다 . 보물성에게 스토리부분적에선 최고의 평가를 주고 싶다.",
    "date": "15.08.18",
    "rating": "10",
    "author": "dgr5****",
    "review_id": "10248995",
    "movie_id": "32115"
  },
  {
    "review": "솔직히 겨울왕국보다 낫다 진심 속편 ㅠㅠ보고싶네요",
    "date": "15.06.09",
    "rating": "10",
    "author": "cama****",
    "review_id": "9986262",
    "movie_id": "32115"
  },
  {
    "review": "정말 재밌게 봤어요ㅠㅠㅠ",
    "date": "15.06.06",
    "rating": "10",
    "author": "semi****",
    "review_id": "9979266",
    "movie_id": "32115"
  },
  {
    "review": "어릴대 TV에서 자주보던 거다 ㅎㅎ",
    "date": "15.05.28",
    "rating": "10",
    "author": "junh****",
    "review_id": "9958108",
    "movie_id": "32115"
  },
  {
    "review": "아쉽다. 아버지 존재를 보면 속편까지 염두해두고 만든 것 같은데 흥행에 실패하는 바람에 속편은 나오지 못한 비운의 명작.",
    "date": "15.05.19",
    "rating": "10",
    "author": "wfy0****",
    "review_id": "9931010",
    "movie_id": "32115"
  },
  {
    "review": "어렸을때 진짜 최고로 재밌게 봤었는데 지금 알게된게 안유명하다니 놀램.... 흥행실패엔 이유가 있긴 있겠지만 세계관도 그렇고 엄청 유명한줄알았음. 개인적으로 디즈니 애니는 타잔하고 이게 제일 짱이였어요",
    "date": "15.05.18",
    "rating": "10",
    "author": "qodo****",
    "review_id": "9928082",
    "movie_id": "32115"
  },
  {
    "review": "왜 흥행에 실패했는지 알것같다. 지금까지 본 디즈니애니중 제일 별로였다",
    "date": "15.05.09",
    "rating": "7",
    "author": "popg****",
    "review_id": "9907107",
    "movie_id": "32115"
  },
  {
    "review": "이영화만한 만화영화찾기힘들다",
    "date": "15.04.29",
    "rating": "10",
    "author": "mish****",
    "review_id": "9879310",
    "movie_id": "32115"
  },
  {
    "review": "너~~무너무 재밌어요 뭐하나 군더더기없고 등장인물들이 너무매력적인 영화..너무 속시원하고 감동적이에요",
    "date": "15.02.28",
    "rating": "10",
    "author": "abcd****",
    "review_id": "9747251",
    "movie_id": "32115"
  },
  {
    "review": "저도 이 영화보고 운적있었습니다",
    "date": "15.01.21",
    "rating": "10",
    "author": "hera****",
    "review_id": "9619420",
    "movie_id": "32115"
  },
  {
    "review": "짱잼 이게 2002년도 꺼라니 놀라워요",
    "date": "15.01.10",
    "rating": "10",
    "author": "twin****",
    "review_id": "9579195",
    "movie_id": "32115"
  },
  {
    "review": "요즘 디즈니 영화에 비하면... 너무 무난하다고 해야나... 소재는 좋군요  잘봤네요",
    "date": "14.12.27",
    "rating": "7",
    "author": "muse****",
    "review_id": "9523186",
    "movie_id": "32115"
  },
  {
    "review": "ㅠㅜ 내가 진짜 좋아하는 작품!! 오랫만에 다시 봐도 너무 좋네요 특히 더빙판 말고 자막판 ost 꼭 들으시길!!",
    "date": "14.12.22",
    "rating": "10",
    "author": "llll****",
    "review_id": "9502403",
    "movie_id": "32115"
  },
  {
    "review": "21세기 최고의 영화  I'm Still Here는 평생에 한번쯤 들어야된다",
    "date": "14.12.20",
    "rating": "10",
    "author": "abwe****",
    "review_id": "9492770",
    "movie_id": "32115"
  },
  {
    "review": "내인생 최고의 영화에요. 젤 좋아하는 영화^^",
    "date": "14.12.08",
    "rating": "10",
    "author": "drag****",
    "review_id": "9457966",
    "movie_id": "32115"
  },
  {
    "review": "말도 안돼 ... 감동적이고 진짜 멋있어요 ...",
    "date": "14.11.30",
    "rating": "10",
    "author": "mske****",
    "review_id": "9434070",
    "movie_id": "32115"
  },
  {
    "review": "매력적인 악당과 파격적인 연출 등 디즈니의 색다른 시도가 엿보인다.",
    "date": "14.10.09",
    "rating": "7",
    "author": "jiyu****",
    "review_id": "9276056",
    "movie_id": "32115"
  },
  {
    "review": "어렸을때 보고 다시 생각나서 보게 된 영화 흥행이 안된게 정말 아쉽다. 개인적으로 정말 재밌는 명작이라고 생각한다",
    "date": "14.09.22",
    "rating": "10",
    "author": "tjdg****",
    "review_id": "9233715",
    "movie_id": "32115"
  },
  {
    "review": "디즈니 노래 좋은 거 많지만 이렇게 노래 비중보다 이야기에 더 집중할 수 있는 것도 괜찮네. 개과천선하는 악역 덕에 마음 편히 볼 수 있는 작품이었다.",
    "date": "14.09.07",
    "rating": "10",
    "author": "dkdl****",
    "review_id": "9177477",
    "movie_id": "32115"
  },
  {
    "review": "이거 아직도 비디오로 있는데 진짜 몇년만에 꺼내봤는데.. 진짜 아직도 재밌네 너무 좋다",
    "date": "14.08.29",
    "rating": "10",
    "author": "juli****",
    "review_id": "9142749",
    "movie_id": "32115"
  },
  {
    "review": "와...왜 이런 영화가 흥행을 못했지.. 시대를 잘못타고 태어난작품인듯..",
    "date": "14.08.27",
    "rating": "10",
    "author": "jung****",
    "review_id": "9137175",
    "movie_id": "32115"
  },
  {
    "review": "어렸을때 봤었는데 보고봐도 질리지가 않음",
    "date": "14.07.27",
    "rating": "10",
    "author": "thwl****",
    "review_id": "8967507",
    "movie_id": "32115"
  },
  {
    "review": "보물섬을 토대로한 어린시절 추억의 애니메이션",
    "date": "14.07.06",
    "rating": "10",
    "author": "cono****",
    "review_id": "8890513",
    "movie_id": "32115"
  },
  {
    "review": "캐릭터 존 실버... 악당이지만 은근 중독성 있는 캐릭임ㅋ",
    "date": "14.06.26",
    "rating": "9",
    "author": "youn****",
    "review_id": "8859911",
    "movie_id": "32115"
  },
  {
    "review": "학교 자투리 시간에 우연히 본 영환데 진짜 재미있어요!짱!",
    "date": "14.06.08",
    "rating": "10",
    "author": "snak****",
    "review_id": "8812145",
    "movie_id": "32115"
  },
  {
    "review": "어릴때 본 명작. 진짜 최고에요ㅠㅠㅠ",
    "date": "14.06.04",
    "rating": "10",
    "author": "tjgu****",
    "review_id": "8794735",
    "movie_id": "32115"
  },
  {
    "review": "타이밍 잘못 잡아 묻힌게 슬픈 영화.",
    "date": "14.05.31",
    "rating": "10",
    "author": "seam****",
    "review_id": "8781812",
    "movie_id": "32115"
  },
  {
    "review": "스토리가 빈약하다는건 잘..ㅠ 이 애니의 주연령층을 생각하셔야지 식스센스를 기대하고 보신듯..ㅋㅋ 겨울왕국정도로도 이렇게 호응이 좋은데 이거 리메이크해서 재개봉해도 좋을듯ㅜ 꼭 보러갈텐데..",
    "date": "14.05.29",
    "rating": "10",
    "author": "tabl****",
    "review_id": "8773039",
    "movie_id": "32115"
  },
  {
    "review": "디즈니 영화중 혹평과 참패를 받았지만 시기상의 문제라고 생각한다. 스토리성은 깔끔하고 그림역시 볼거리가 많다. 재개봉하거나 2편이 만일 나온다면 꼭 보러가고 싶은 영화",
    "date": "14.05.05",
    "rating": "10",
    "author": "sesr****",
    "review_id": "8703872",
    "movie_id": "32115"
  },
  {
    "review": "프로즌(겨울왕국)보다 낫다",
    "date": "14.04.06",
    "rating": "10",
    "author": "mrgr****",
    "review_id": "8631702",
    "movie_id": "32115"
  },
  {
    "review": "엄청재미있음..디즈니 숨은명작.애기때 엄마랑 보러간기억이 있는데아직도 내용이 기억나요ㅋㅋ별자리로 된 괴물들과 파란빛나는 신기한 지도?와특히 불나오면서 날라다니는 스케이트보드ㅋㅋ",
    "date": "14.03.22",
    "rating": "10",
    "author": "lbh5****",
    "review_id": "8595478",
    "movie_id": "32115"
  },
  {
    "review": "존실버 최고..!!!",
    "date": "14.03.21",
    "rating": "10",
    "author": "ycjl****",
    "review_id": "8592682",
    "movie_id": "32115"
  },
  {
    "review": "재밌게 봤는데....",
    "date": "14.03.20",
    "rating": "10",
    "author": "jmsm****",
    "review_id": "8590728",
    "movie_id": "32115"
  },
  {
    "review": "재미는 있지만 약간은 부족했다",
    "date": "14.02.15",
    "rating": "8",
    "author": "yoog****",
    "review_id": "8508776",
    "movie_id": "32115"
  },
  {
    "review": "잼씀ㅇㅇ 겨울왕국 그런건비교않되고 내사랑 라푼젤은3d라제외하고  거의 미녀와야수 타잔 급명작임",
    "date": "14.02.01",
    "rating": "10",
    "author": "rjeo****",
    "review_id": "8463188",
    "movie_id": "32115"
  },
  {
    "review": "태양열스케이트 졸라멋있엇다 다시보고시픈 영화",
    "date": "14.01.31",
    "rating": "10",
    "author": "camo****",
    "review_id": "8452207",
    "movie_id": "32115"
  },
  {
    "review": "개인적으로 너무 좋아함. 짐 ㅠㅜ 다시 보고싶어",
    "date": "14.01.27",
    "rating": "10",
    "author": "1220****",
    "review_id": "8435363",
    "movie_id": "32115"
  },
  {
    "review": "와 진짜 디즈니의 숨은 명작인데 흥행 못한게 아쉬울정도 ㅠㅠ 스토리도 대단했고 워낙 원작을 재밌게 봐서 그런지 비교하며 보는 재미도 있었고 세계관을 바꿔서 행성으로 바꾼 것도 독특했고 무엇보다 디즈니의 상상력을 제대로 볼수있어서 좋았다 ㅠㅠ",
    "date": "13.12.30",
    "rating": "10",
    "author": "rksw****",
    "review_id": "8325008",
    "movie_id": "32115"
  },
  {
    "review": "10년전인데 짐 헤어가 투블럭임~ ㄷㄷㄷㄷㄷ",
    "date": "13.08.04",
    "rating": "10",
    "author": "kbka****",
    "review_id": "7835382",
    "movie_id": "32115"
  },
  {
    "review": "보기가안되요",
    "date": "13.07.18",
    "rating": "2",
    "author": "wnsd****",
    "review_id": "7757375",
    "movie_id": "32115"
  },
  {
    "review": "진짜 재밋습니다 강추요~^^",
    "date": "13.05.15",
    "rating": "10",
    "author": "imik****",
    "review_id": "7529732",
    "movie_id": "32115"
  },
  {
    "review": "숨어있는 명작입니다 여러분 ㅎㅎ",
    "date": "13.01.17",
    "rating": "10",
    "author": "gbwl****",
    "review_id": "7126135",
    "movie_id": "32115"
  },
  {
    "review": "넘넘좋아요~~",
    "date": "13.01.06",
    "rating": "10",
    "author": "kyuh****",
    "review_id": "7087540",
    "movie_id": "32115"
  },
  {
    "review": "재미있네여ㅋㅋ",
    "date": "12.12.13",
    "rating": "10",
    "author": "hanc****",
    "review_id": "6997876",
    "movie_id": "32115"
  },
  {
    "review": "조셉 고든 레빗이었구나!",
    "date": "12.12.05",
    "rating": "10",
    "author": "assi****",
    "review_id": "6974236",
    "movie_id": "32115"
  },
  {
    "review": "지금 다시봐도 너무 재밌습니ㅏㄷ",
    "date": "12.11.26",
    "rating": "10",
    "author": "dsr5****",
    "review_id": "6928519",
    "movie_id": "32115"
  },
  {
    "review": "나온지10년이  지났지만 난 잼있게봤자",
    "date": "12.09.29",
    "rating": "10",
    "author": "pico****",
    "review_id": "6741284",
    "movie_id": "32115"
  },
  {
    "review": "재밌게 봤습니다 막 보는데 가끔 누물이 글성글썽 ㅠㅠ",
    "date": "12.09.27",
    "rating": "10",
    "author": "ekth****",
    "review_id": "6737605",
    "movie_id": "32115"
  },
  {
    "review": "공상과학은 보물성",
    "date": "12.09.14",
    "rating": "10",
    "author": "sion****",
    "review_id": "6697122",
    "movie_id": "32115"
  },
  {
    "review": "고딩인데 재밋다 :*)",
    "date": "12.09.14",
    "rating": "10",
    "author": "gkfn****",
    "review_id": "6695140",
    "movie_id": "32115"
  },
  {
    "review": "굿",
    "date": "12.08.24",
    "rating": "10",
    "author": "bck1****",
    "review_id": "6638919",
    "movie_id": "32115"
  },
  {
    "review": "ㅋㅋㅋ엔딩기분좋다ㅋㅋ",
    "date": "12.08.22",
    "rating": "10",
    "author": "mamm****",
    "review_id": "6633612",
    "movie_id": "32115"
  },
  {
    "review": "재밋당..나고딩인뎈ㅋㅋㅋㅋ 주인공이 투블럭 컷임ㅋㅋㅌㅋ 멋쪙..",
    "date": "12.08.01",
    "rating": "9",
    "author": "edlq****",
    "review_id": "6561464",
    "movie_id": "32115"
  },
  {
    "review": "재밋다 ㅋㅋ",
    "date": "12.07.30",
    "rating": "10",
    "author": "mcvp****",
    "review_id": "6555266",
    "movie_id": "32115"
  },
  {
    "review": "내인생단연최고의영화. 이영화보고 보드를타고날아다니고싶은꿈이생겼다...진짜대박영화.만화가 꿈과 희망을 준다는말이 괜히 나온게 아닐듯싶다. 초등학생때 보았지만 아직도 이영화가 뇌리에서 잊혀지지 않는다",
    "date": "12.07.15",
    "rating": "10",
    "author": "hyhy****",
    "review_id": "6480609",
    "movie_id": "32115"
  },
  {
    "review": "집에서 DVD로 봤었는데 왜 흥행이 안되었는지 이상할정도. 상당히 재밌게 본 기억이 난다. 스토리도 좋고 볼거리도 많았다.",
    "date": "12.07.13",
    "rating": "9",
    "author": "ap03****",
    "review_id": "6474850",
    "movie_id": "32115"
  },
  {
    "review": "흥행실패했지만, 아카데미상 노미네이트도 되었고 인정은 꽤 받은 영화아깝다ㅜㅜ",
    "date": "12.07.05",
    "rating": "10",
    "author": "morb****",
    "review_id": "6447060",
    "movie_id": "32115"
  },
  {
    "review": "느무 아까움 ㅠㅠㅠ",
    "date": "12.07.01",
    "rating": "10",
    "author": "haen****",
    "review_id": "6434552",
    "movie_id": "32115"
  },
  {
    "review": "기분좋고 재밌다ㅎㅎ",
    "date": "12.06.30",
    "rating": "9",
    "author": "ww__****",
    "review_id": "6432059",
    "movie_id": "32115"
  },
  {
    "review": "월드컵의 희생양..",
    "date": "12.06.13",
    "rating": "10",
    "author": "zkdz****",
    "review_id": "6388821",
    "movie_id": "32115"
  },
  {
    "review": "흥행 실패이유는 월드컵 때문이지",
    "date": "12.06.10",
    "rating": "10",
    "author": "jana****",
    "review_id": "6383080",
    "movie_id": "32115"
  },
  {
    "review": "흥행실패이유..원작이랑 너무 똑같아..뭐 변화가 좀 있어야지.",
    "date": "12.05.20",
    "rating": "7",
    "author": "sun_****",
    "review_id": "6313691",
    "movie_id": "32115"
  },
  {
    "review": "흥행 실패 이유가 뭐야 재밌고 ost도 좋은데",
    "date": "12.05.11",
    "rating": "10",
    "author": "taes****",
    "review_id": "6289817",
    "movie_id": "32115"
  },
  {
    "review": "진짜재밌다",
    "date": "12.05.08",
    "rating": "10",
    "author": "roll****",
    "review_id": "6283019",
    "movie_id": "32115"
  },
  {
    "review": "봐도봐도재밌다 가끔 생각나서보면 좋다. 정말 왜 흥행에 실패한건지 이해불가..",
    "date": "12.05.08",
    "rating": "10",
    "author": "key_****",
    "review_id": "6281503",
    "movie_id": "32115"
  },
  {
    "review": "보통 흥행 실패한 영화들은 그만한 이유가 있는데 이건 도저히 납득이 안간다.",
    "date": "12.05.05",
    "rating": "10",
    "author": "chan****",
    "review_id": "6274588",
    "movie_id": "32115"
  },
  {
    "review": "정말 화려한 애니메이션.. 모프라는 캐릭이 넘 귀엽다",
    "date": "12.04.15",
    "rating": "8",
    "author": "blue****",
    "review_id": "6224790",
    "movie_id": "32115"
  },
  {
    "review": "이게 어떻게 8점이 나오지?",
    "date": "12.04.15",
    "rating": "6",
    "author": "ices****",
    "review_id": "6222891",
    "movie_id": "32115"
  },
  {
    "review": "디즈니가 만든 리메이크 작품중에 수작 임.",
    "date": "12.04.12",
    "rating": "8",
    "author": "angs****",
    "review_id": "6214092",
    "movie_id": "32115"
  },
  {
    "review": "기대이상이었음ㅋㅋㅋㅋㅋㅋㅋ",
    "date": "12.04.06",
    "rating": "10",
    "author": "blai****",
    "review_id": "6196991",
    "movie_id": "32115"
  },
  {
    "review": "뻔해서 찡한 영화",
    "date": "12.04.03",
    "rating": "9",
    "author": "ke20****",
    "review_id": "6191322",
    "movie_id": "32115"
  },
  {
    "review": "추억의 영화",
    "date": "12.03.31",
    "rating": "10",
    "author": "ry77****",
    "review_id": "6181593",
    "movie_id": "32115"
  },
  {
    "review": "재밌어요",
    "date": "12.02.10",
    "rating": "9",
    "author": "bihy****",
    "review_id": "6065295",
    "movie_id": "32115"
  },
  {
    "review": "어린시절 꿈과 희망을 줄 수 있는 영화",
    "date": "12.01.16",
    "rating": "8",
    "author": "milk****",
    "review_id": "5990834",
    "movie_id": "32115"
  },
  {
    "review": "난 별로였다. 사이보그 악당의 악→선 비현실적 성격과 주인공의 자신없는 태도는 No!",
    "date": "11.12.22",
    "rating": "7",
    "author": "wnl1****",
    "review_id": "5923598",
    "movie_id": "32115"
  },
  {
    "review": "더빙판을 보았는데 군더더기 없는 내용이였다",
    "date": "11.12.21",
    "rating": "7",
    "author": "ilov****",
    "review_id": "5918849",
    "movie_id": "32115"
  },
  {
    "review": "보물섬의 절묘한 각색과 군더더기 없는 전개의 깔끔함이 빛남.",
    "date": "11.12.05",
    "rating": "10",
    "author": "befo****",
    "review_id": "5888556",
    "movie_id": "32115"
  },
  {
    "review": "어렸을때 봤던 보물같은 영화. 가끔씩 생각나는 그런 영화. 또 보고싶다...",
    "date": "11.11.11",
    "rating": "10",
    "author": "ink9****",
    "review_id": "5842480",
    "movie_id": "32115"
  },
  {
    "review": "졸면서 봐서그런가 라푼젤정도를 기대해서 그런가..기대이하...내용이 조잡해요ㅠ",
    "date": "11.09.23",
    "rating": "7",
    "author": "ssvn****",
    "review_id": "5747889",
    "movie_id": "32115"
  },
  {
    "review": "추억의 영화.......너무 슬프다",
    "date": "11.09.09",
    "rating": "10",
    "author": "dlgu****",
    "review_id": "5717242",
    "movie_id": "32115"
  },
  {
    "review": "어릴적에 봤던 추억이 생각나서 다시 봤는데 다시 봐도 재밌었다...",
    "date": "11.08.20",
    "rating": "9",
    "author": "kimj****",
    "review_id": "5673731",
    "movie_id": "32115"
  },
  {
    "review": "정말 재밌었는데 흥행실패 이해가안가네요!ㅠㅠ",
    "date": "11.08.19",
    "rating": "10",
    "author": "ald5****",
    "review_id": "5670427",
    "movie_id": "32115"
  },
  {
    "review": "흥행대실패의 원인을 모르겠다. 정말 재밌게 봤는데...",
    "date": "11.07.08",
    "rating": "8",
    "author": "corc****",
    "review_id": "5529060",
    "movie_id": "32115"
  },
  {
    "review": "이거 ㅠㅠ 그당시만해도 명작이엇는데 ㅎㅎ",
    "date": "11.06.17",
    "rating": "10",
    "author": "thom****",
    "review_id": "5484733",
    "movie_id": "32115"
  },
  {
    "review": "7~8점",
    "date": "11.05.22",
    "rating": "7",
    "author": "star****",
    "review_id": "5443045",
    "movie_id": "32115"
  },
  {
    "review": "진짜 개명작이다 정말 감동 이건꼭봐야함 와환상적 ㅋㅋㅋ",
    "date": "11.05.02",
    "rating": "10",
    "author": "obsb****",
    "review_id": "5401940",
    "movie_id": "32115"
  },
  {
    "review": "근사한 환생.",
    "date": "11.04.04",
    "rating": "7",
    "author": "tori****",
    "review_id": "5353992",
    "movie_id": "32115"
  },
  {
    "review": "존나 재밋는영화 ㅋㅋㅋ",
    "date": "11.03.28",
    "rating": "10",
    "author": "sksm****",
    "review_id": "5340182",
    "movie_id": "32115"
  },
  {
    "review": "완전 재미있어요! 완전 명작!",
    "date": "11.02.09",
    "rating": "10",
    "author": "buyo****",
    "review_id": "5231161",
    "movie_id": "32115"
  },
  {
    "review": "내용아 정말 재미있고 주인공들 하나하나도 다 마음에 듬",
    "date": "11.01.28",
    "rating": "10",
    "author": "minn****",
    "review_id": "5191630",
    "movie_id": "32115"
  },
  {
    "review": "정말 재밌었음~~ 왜 이제야 봤을까!!!",
    "date": "11.01.28",
    "rating": "10",
    "author": "aroo****",
    "review_id": "5190393",
    "movie_id": "32115"
  },
  {
    "review": "100번봐도 재미있는 그런 영화",
    "date": "11.01.14",
    "rating": "10",
    "author": "al12****",
    "review_id": "5157298",
    "movie_id": "32115"
  },
  {
    "review": "기술적으로도 대단한 도전이었지만,그림과C.G.의 자연스러운 결합이 유독 돋보인다.",
    "date": "11.01.11",
    "rating": "8",
    "author": "baks****",
    "review_id": "5149948",
    "movie_id": "32115"
  },
  {
    "review": "넘감동적이었습니다. 우리아들이보물성을또보고싶다는데. 구할방법좀알려주삼.평점5점",
    "date": "11.01.08",
    "rating": "10",
    "author": "tlsd****",
    "review_id": "5141194",
    "movie_id": "32115"
  },
  {
    "review": "애들 보라 만든거라 생각하고, 어렸을 때 처음 봤던 입장에서 별점5점을 주겠다.",
    "date": "11.01.02",
    "rating": "10",
    "author": "eatp****",
    "review_id": "5118784",
    "movie_id": "32115"
  },
  {
    "review": "남자들의 우정을 그린 만화. 중간에 나오는 로봇만 없었어도..",
    "date": "10.08.20",
    "rating": "8",
    "author": "dlwl****",
    "review_id": "4768845",
    "movie_id": "32115"
  },
  {
    "review": "뭐지, 이건... 외계생물체 중에서 모프만 귀여웡ㅠㅠ",
    "date": "10.08.18",
    "rating": "4",
    "author": "wodl****",
    "review_id": "4761025",
    "movie_id": "32115"
  },
  {
    "review": "우주로의 과감한 모험을 택한 디즈니, 허나 식상함과 진부함의 틀을 벗어나진 못했다",
    "date": "10.07.08",
    "rating": "3",
    "author": "goms****",
    "review_id": "4622056",
    "movie_id": "32115"
  }
]