[
  {
    "review": "피터팬 매력 철철 넘쳐ㅜㅜㅠ",
    "date": "15.02.21",
    "rating": "10",
    "author": "dnco****",
    "review_id": "9722756",
    "movie_id": "32113"
  },
  {
    "review": "진짜 재밌어요~~아이들에게 꿈과 희망을 심어줘요♥",
    "date": "15.02.15",
    "rating": "10",
    "author": "lym4****",
    "review_id": "9698088",
    "movie_id": "32113"
  },
  {
    "review": "마지막에 재회하는장면...슬프게표현하지는 안았지만 나는 뭔가 슬펐어..",
    "date": "14.09.15",
    "rating": "9",
    "author": "kmj2****",
    "review_id": "9217889",
    "movie_id": "32113"
  },
  {
    "review": "어렸을 적에 봤을때랑 커서 봤을때랑 느낌이 많이 다르네요.어렸을적엔 그냥 재미로 보고 지금은 뭔가 공감하면서 보는 느낌?",
    "date": "14.08.15",
    "rating": "10",
    "author": "mini****",
    "review_id": "9087640",
    "movie_id": "32113"
  },
  {
    "review": "진짜 거의 10년만에 봤다ㅠㅠ마지막에 감동받아서 눈물ㅠㅠ",
    "date": "14.08.09",
    "rating": "10",
    "author": "jihy****",
    "review_id": "9056097",
    "movie_id": "32113"
  },
  {
    "review": "역시 난 일편단심피터팬ㅠㅠ 설레",
    "date": "14.08.07",
    "rating": "10",
    "author": "ahnb****",
    "review_id": "9046503",
    "movie_id": "32113"
  },
  {
    "review": "I believe I can fly.",
    "date": "14.06.23",
    "rating": "10",
    "author": "tns4****",
    "review_id": "8849693",
    "movie_id": "32113"
  },
  {
    "review": "10대인지금을 더 즐겨야겠어요 ㅜ ㅜ",
    "date": "14.06.08",
    "rating": "10",
    "author": "itka****",
    "review_id": "8814645",
    "movie_id": "32113"
  },
  {
    "review": "피터팬과 함께라면 언제나 흥미진진한 모험이 기다리지! 동심 잃은 제인과 항상 아이같은 피터팬의 슬프고도 재미있는 이야기.",
    "date": "14.04.18",
    "rating": "10",
    "author": "ieew****",
    "review_id": "8657614",
    "movie_id": "32113"
  },
  {
    "review": "마지막 피터팬이랑 웬디?재회장면좀 더만들어주시지ㅜㅜㅜㅜ역시 속편보다는 원작이 훨씬 재밌지만 속편도 재밌네요!",
    "date": "14.04.09",
    "rating": "9",
    "author": "ee18****",
    "review_id": "8638026",
    "movie_id": "32113"
  },
  {
    "review": "정말 재밌게 봄ㅋㅋㅋ 마지막에 감동 ㅠㅜ",
    "date": "14.02.20",
    "rating": "10",
    "author": "hsso****",
    "review_id": "8521775",
    "movie_id": "32113"
  },
  {
    "review": "저만 그런가요....저는 이 영화 보고 쫌 실망스러웠는데..제가 오리지널을 되게 좋아하는데 왠지 캐릭터만 살짝 바뀌고 설정은 비슷한..아, 뭐 한계는 있겠지만 뭔가,, 피터팬의 환상이 깨진 느낌이 들어서..피터팬 투라고 해서 되게 기대했는데....",
    "date": "13.12.24",
    "rating": "3",
    "author": "jenn****",
    "review_id": "8287785",
    "movie_id": "32113"
  },
  {
    "review": "감동.... 피터팬2 너무 재미있고 감동적이에요.마지막에 왠디랑 피터팬이 다시 만날때...ㅜ ost도 대만족합니다. 짱!!",
    "date": "13.07.15",
    "rating": "10",
    "author": "kimy****",
    "review_id": "7743481",
    "movie_id": "32113"
  },
  {
    "review": "역시 피터팬~><",
    "date": "13.04.28",
    "rating": "10",
    "author": "jha9****",
    "review_id": "7491633",
    "movie_id": "32113"
  },
  {
    "review": "진짜 재밌음 철든 애랑 철없는 피터팬이랑ㅋㅋㅋ",
    "date": "12.12.30",
    "rating": "10",
    "author": "kate****",
    "review_id": "7064484",
    "movie_id": "32113"
  },
  {
    "review": "전편 이 재일 재밌어",
    "date": "12.01.28",
    "rating": "9",
    "author": "gusa****",
    "review_id": "6031352",
    "movie_id": "32113"
  },
  {
    "review": "짧아서 아쉬웠지만 재밌었음 :D",
    "date": "12.01.12",
    "rating": "10",
    "author": "li79****",
    "review_id": "5980419",
    "movie_id": "32113"
  },
  {
    "review": "내첫사랑피터 ㅋㅋ",
    "date": "11.12.11",
    "rating": "8",
    "author": "iamc****",
    "review_id": "5900988",
    "movie_id": "32113"
  },
  {
    "review": "피터팬 진짜 진짜 잘생겼어용~같이 결혼하고싶음...너무 재밌어요...",
    "date": "11.12.10",
    "rating": "10",
    "author": "youm****",
    "review_id": "5897757",
    "movie_id": "32113"
  },
  {
    "review": "속편이 필요없는 대표적인 작품에 손을대다니...예쁜얼굴에 만족못하고,성형까지 한격",
    "date": "11.12.09",
    "rating": "2",
    "author": "baks****",
    "review_id": "5895959",
    "movie_id": "32113"
  },
  {
    "review": "매일봐야지! 근데 네버렌드가고시픈데 날씨때매 별이ㅠ 그보단 피터팬 진짜 잘생겼다!",
    "date": "11.08.28",
    "rating": "10",
    "author": "gang****",
    "review_id": "5693081",
    "movie_id": "32113"
  },
  {
    "review": "또보고 싶다!!!!!~~~~~~~",
    "date": "11.07.10",
    "rating": "10",
    "author": "rkde****",
    "review_id": "5533110",
    "movie_id": "32113"
  },
  {
    "review": "네버랜드는 언제나 두근두근.",
    "date": "11.03.21",
    "rating": "7",
    "author": "tori****",
    "review_id": "5327242",
    "movie_id": "32113"
  },
  {
    "review": "멋인는댕 ㅋㅋㅋㅋㅋ",
    "date": "11.02.26",
    "rating": "10",
    "author": "dh12****",
    "review_id": "5276968",
    "movie_id": "32113"
  },
  {
    "review": "피터팬 넘넘너무너무 멋있어요!!! 저랑 남친하고 싶어요!꺄~~~~~~~~~~~~~~~~~~~~~~~~~",
    "date": "11.02.06",
    "rating": "10",
    "author": "emqh****",
    "review_id": "5222654",
    "movie_id": "32113"
  },
  {
    "review": "6점",
    "date": "10.12.20",
    "rating": "6",
    "author": "drd1****",
    "review_id": "5067204",
    "movie_id": "32113"
  },
  {
    "review": "재밌어",
    "date": "10.11.23",
    "rating": "10",
    "author": "0105****",
    "review_id": "4981767",
    "movie_id": "32113"
  },
  {
    "review": "좋다, 근데 왜이렇게 대충 만들었을까 디즈니....ㅠㅠ",
    "date": "10.10.04",
    "rating": "8",
    "author": "pink****",
    "review_id": "4885391",
    "movie_id": "32113"
  },
  {
    "review": "생각보다 평점 엄청 높네 예전꺼보다 왠지 더 촌스러운 스크린-_-",
    "date": "10.09.04",
    "rating": "6",
    "author": "frel****",
    "review_id": "4815640",
    "movie_id": "32113"
  },
  {
    "review": "판에 박힌 디즈니 만화 표정들만 잔뜩... 줄거리의 새로움도 없네",
    "date": "10.08.14",
    "rating": "4",
    "author": "cmh4****",
    "review_id": "4744755",
    "movie_id": "32113"
  },
  {
    "review": "제가 어렸을때부터 많이 봐온 영화인데 다시보니 감미롭군요",
    "date": "10.08.04",
    "rating": "10",
    "author": "xx61****",
    "review_id": "4706096",
    "movie_id": "32113"
  },
  {
    "review": "피터팬 같은 남자있음 좋겄어요....ㅠ 저세계에 가봤음 좋것어요ㅎ",
    "date": "10.05.17",
    "rating": "10",
    "author": "jhj7****",
    "review_id": "4506646",
    "movie_id": "32113"
  },
  {
    "review": "마지막 재회장면은 멋있었는데, 1편에 비해 현저히 떨어지는 재미..",
    "date": "10.04.15",
    "rating": "7",
    "author": "tjtm****",
    "review_id": "4433772",
    "movie_id": "32113"
  },
  {
    "review": "제인이 당찬 애여서 참좋네 특히 후크랑 붙을때ㅎㅎㅎ",
    "date": "10.02.12",
    "rating": "10",
    "author": "cand****",
    "review_id": "4275212",
    "movie_id": "32113"
  },
  {
    "review": "속편 이제 안만든다고 하시던데..ㅠㅠ 계속 만들어주세요. 너무 좋은데ㅜㅜ",
    "date": "10.01.27",
    "rating": "10",
    "author": "whoa****",
    "review_id": "4214706",
    "movie_id": "32113"
  },
  {
    "review": "앞으로 계속 100편도 넘게 계속 나와주기 류ㅠㅠㅠㅠㅠ",
    "date": "10.01.26",
    "rating": "10",
    "author": "mcah****",
    "review_id": "4212090",
    "movie_id": "32113"
  },
  {
    "review": "마지막 재회장면은 인상깊었으나 현저히 떨어지는 재미",
    "date": "10.01.06",
    "rating": "3",
    "author": "hwa_****",
    "review_id": "4142234",
    "movie_id": "32113"
  },
  {
    "review": "소설 원작에선, 피터팬은 웬디의 모든 자손들의 친구가 됩니다.. 어찌보면 씁슬하죠.",
    "date": "09.12.23",
    "rating": "10",
    "author": "lobs****",
    "review_id": "4072180",
    "movie_id": "32113"
  },
  {
    "review": "피터팬 재밌었다.너뭉재밌어",
    "date": "09.12.18",
    "rating": "10",
    "author": "dltp****",
    "review_id": "4054463",
    "movie_id": "32113"
  },
  {
    "review": "당신의 팅커벨은 아직 살아 있나요?",
    "date": "09.12.12",
    "rating": "8",
    "author": "mygr****",
    "review_id": "4036501",
    "movie_id": "32113"
  },
  {
    "review": "웬디가 나은데;; 제인은 애가애같지가않아서현실감도 없고 왠지 반감만 듦.",
    "date": "09.10.31",
    "rating": "10",
    "author": "ruky****",
    "review_id": "3926584",
    "movie_id": "32113"
  },
  {
    "review": "웬디보다 제인이 더 좋음 이뻐서 ㅋㅋㅋㅋ웬디는 뭔가 낭창해",
    "date": "09.09.04",
    "rating": "10",
    "author": "skyd****",
    "review_id": "3809975",
    "movie_id": "32113"
  },
  {
    "review": "왜난.1번째원작보다2번째게마음의드는지웬디에딸과피터팬만났을때세번째껏도나왓으면",
    "date": "09.08.07",
    "rating": "10",
    "author": "kljk****",
    "review_id": "3717968",
    "movie_id": "32113"
  },
  {
    "review": "마음에 들어요.",
    "date": "09.06.20",
    "rating": "10",
    "author": "dong****",
    "review_id": "3576820",
    "movie_id": "32113"
  },
  {
    "review": "재미 있어요.",
    "date": "09.06.20",
    "rating": "10",
    "author": "0527****",
    "review_id": "3576793",
    "movie_id": "32113"
  },
  {
    "review": "역시 원작보단 약하지만, 피터팬의 감동은 그대로",
    "date": "09.03.28",
    "rating": "10",
    "author": "zhen****",
    "review_id": "3392340",
    "movie_id": "32113"
  },
  {
    "review": "어른이 된 웬디랑 피터팬이랑 다시 만났을때 너무 감동!ㅠ",
    "date": "09.02.17",
    "rating": "10",
    "author": "twin****",
    "review_id": "3311636",
    "movie_id": "32113"
  },
  {
    "review": "어른이 된 웬디가 왠지 씁쓸...",
    "date": "08.11.22",
    "rating": "9",
    "author": "qwer****",
    "review_id": "3064327",
    "movie_id": "32113"
  },
  {
    "review": "피터팬 원작보다는 훨씬 낳아",
    "date": "08.08.18",
    "rating": "10",
    "author": "sdj0****",
    "review_id": "2882489",
    "movie_id": "32113"
  },
  {
    "review": "메가tv.웬디가 어른이 되서 너무 슬펏다....;;;;",
    "date": "08.05.11",
    "rating": "10",
    "author": "o_o_****",
    "review_id": "2632590",
    "movie_id": "32113"
  },
  {
    "review": "제인 넘넘 이뻐~~~~  제인 남동생도 엄청 귀엽구...",
    "date": "08.05.10",
    "rating": "10",
    "author": "ohjs****",
    "review_id": "2630133",
    "movie_id": "32113"
  },
  {
    "review": "근데 왜 원은 없는지......",
    "date": "08.04.24",
    "rating": "10",
    "author": "anic****",
    "review_id": "2596579",
    "movie_id": "32113"
  },
  {
    "review": "어제 메가tv에서봤는더...good이야",
    "date": "08.04.20",
    "rating": "10",
    "author": "kkok****",
    "review_id": "2589937",
    "movie_id": "32113"
  },
  {
    "review": "피터팬1의 플롯 그대로인게 아쉽다",
    "date": "08.04.04",
    "rating": "7",
    "author": "laps****",
    "review_id": "2556769",
    "movie_id": "32113"
  },
  {
    "review": "너무 재밌었어요.............",
    "date": "08.01.26",
    "rating": "10",
    "author": "0417****",
    "review_id": "2371958",
    "movie_id": "32113"
  },
  {
    "review": "그냥 괜찮았다",
    "date": "07.12.01",
    "rating": "8",
    "author": "hoyo****",
    "review_id": "2197522",
    "movie_id": "32113"
  },
  {
    "review": "재밌군...ㅋㅋㅋ",
    "date": "07.08.10",
    "rating": "8",
    "author": "choi****",
    "review_id": "1916257",
    "movie_id": "32113"
  },
  {
    "review": "Oh, peterpan, I always belive in you",
    "date": "07.04.15",
    "rating": "10",
    "author": "gabr****",
    "review_id": "1590486",
    "movie_id": "32113"
  },
  {
    "review": "흠~ 꽤 재밌당ㅎㅎdvd살까 생각중.. 제인 너무 이쁘당!",
    "date": "06.08.10",
    "rating": "8",
    "author": "rosy****",
    "review_id": "990730",
    "movie_id": "32113"
  },
  {
    "review": "ㅇㅂㅀ",
    "date": "04.10.30",
    "rating": "3",
    "author": "pink****",
    "review_id": "135627",
    "movie_id": "32113"
  }
]