[
  {
    "review": "반전도 딱히 나쁘지 않았다 갠츈!",
    "date": "15.07.11",
    "rating": "7",
    "author": "ehwj****",
    "review_id": "10093588",
    "movie_id": "32122"
  },
  {
    "review": "끝이 좀 시시하네...",
    "date": "15.01.11",
    "rating": "5",
    "author": "dbzh****",
    "review_id": "9584490",
    "movie_id": "32122"
  },
  {
    "review": "긴장감 없는 연출과 구성이 부실한 각본의 합작.",
    "date": "14.08.01",
    "rating": "5",
    "author": "wlfa****",
    "review_id": "9001243",
    "movie_id": "32122"
  },
  {
    "review": "게리손지 참연민이가는 악역 캐릭터 스릴러 탑5안에드는 수작",
    "date": "14.07.30",
    "rating": "9",
    "author": "last****",
    "review_id": "8981704",
    "movie_id": "32122"
  },
  {
    "review": "평점이 별로 안좋네요 ;ㅅ; 영화 자주 보는편인데 나름 괜찮았습니다  시간이 아깝지 않았는데.. 뭐 실망하시는분들도 많군요 ㅠㅠ",
    "date": "12.07.07",
    "rating": "10",
    "author": "godd****",
    "review_id": "6453127",
    "movie_id": "32122"
  },
  {
    "review": "그냥 반전 없는게 나을뻔 했다.. ;;",
    "date": "11.03.11",
    "rating": "7",
    "author": "tn99****",
    "review_id": "5304177",
    "movie_id": "32122"
  },
  {
    "review": "구석구석 막장 이닌 게 없다. 처절한 막장극.",
    "date": "09.12.12",
    "rating": "1",
    "author": "pria****",
    "review_id": "4036251",
    "movie_id": "32122"
  },
  {
    "review": "서스펜스도 없고 스릴도 없다.",
    "date": "09.12.02",
    "rating": "3",
    "author": "dg_d****",
    "review_id": "4009568",
    "movie_id": "32122"
  },
  {
    "review": "원작에 좀 더 충실했더라면...여러모로 아쉬운 작품",
    "date": "09.11.05",
    "rating": "7",
    "author": "ledd****",
    "review_id": "3939092",
    "movie_id": "32122"
  },
  {
    "review": "싸구려 스릴러의 전형. 보지 않는 것을 권장.",
    "date": "09.06.09",
    "rating": "5",
    "author": "stud****",
    "review_id": "3554585",
    "movie_id": "32122"
  },
  {
    "review": "점점 좁혀져가는 배후의 베일...끝까지 몰입하게 만든다.",
    "date": "09.03.07",
    "rating": "10",
    "author": "taes****",
    "review_id": "3351621",
    "movie_id": "32122"
  },
  {
    "review": "한국 스릴러영화들이 정말 많이 본 받아야할 영화",
    "date": "09.02.01",
    "rating": "7",
    "author": "thev****",
    "review_id": "3269643",
    "movie_id": "32122"
  },
  {
    "review": "크로스박사의 범죄 스릴러물 나름대로 볼만한 작품 하지만 약간 부족",
    "date": "08.10.08",
    "rating": "6",
    "author": "deff****",
    "review_id": "2988531",
    "movie_id": "32122"
  },
  {
    "review": "모건 프리먼 연기만으로도 충분하다. 어쩡쩡한 한국스릴러영화 보다는 훨씬 좋다.",
    "date": "08.08.15",
    "rating": "9",
    "author": "mani****",
    "review_id": "2873350",
    "movie_id": "32122"
  },
  {
    "review": "시나리오가 조금 엉성한",
    "date": "08.07.30",
    "rating": "7",
    "author": "cont****",
    "review_id": "2818561",
    "movie_id": "32122"
  },
  {
    "review": "긴장감이 약간 떨어진다는 게 흠이지만 그래도 전체적으로 균형잡힌 스릴러",
    "date": "08.07.30",
    "rating": "7",
    "author": "uds0****",
    "review_id": "2818505",
    "movie_id": "32122"
  },
  {
    "review": "명배우가 범작을 마났을때....",
    "date": "08.07.27",
    "rating": "8",
    "author": "heod****",
    "review_id": "2806962",
    "movie_id": "32122"
  },
  {
    "review": "흥행에 성공한 이유를 알겠다",
    "date": "07.10.12",
    "rating": "8",
    "author": "ghos****",
    "review_id": "2085098",
    "movie_id": "32122"
  },
  {
    "review": "극장 티켓값이 아깝지는 않을 정도 수준으로 그럭저럭 본전은 한다.",
    "date": "07.09.17",
    "rating": "7",
    "author": "baks****",
    "review_id": "2026587",
    "movie_id": "32122"
  },
  {
    "review": "거미줄에 칭칭 감겨버린 안타까운 영화;;",
    "date": "07.08.31",
    "rating": "6",
    "author": "eulo****",
    "review_id": "1991332",
    "movie_id": "32122"
  },
  {
    "review": "이정도면 볼만하지 멀 바라는거야 -_-",
    "date": "07.08.19",
    "rating": "7",
    "author": "tico****",
    "review_id": "1961108",
    "movie_id": "32122"
  },
  {
    "review": "재밌다고 말할수 있어요",
    "date": "07.03.25",
    "rating": "9",
    "author": "yong****",
    "review_id": "1552834",
    "movie_id": "32122"
  },
  {
    "review": "다소 비약적인 추리가 아쉽지만 충분히 재밌었다",
    "date": "07.03.21",
    "rating": "8",
    "author": "lllm****",
    "review_id": "1546498",
    "movie_id": "32122"
  },
  {
    "review": "범죄스릴러는 이정도만 깔끔해도 수작이다.",
    "date": "07.03.12",
    "rating": "10",
    "author": "smbo****",
    "review_id": "1531056",
    "movie_id": "32122"
  },
  {
    "review": "애쓴 흔적은 보이지만 그다지 볼만하지는 않다",
    "date": "07.01.31",
    "rating": "6",
    "author": "nala****",
    "review_id": "1429670",
    "movie_id": "32122"
  },
  {
    "review": "재미없진 않는데 그렇다고 딱히 재미있진않다.",
    "date": "07.01.31",
    "rating": "7",
    "author": "rizo****",
    "review_id": "1428939",
    "movie_id": "32122"
  },
  {
    "review": "재밌을수 있었는데... 아쉬웠던 작품",
    "date": "07.01.23",
    "rating": "6",
    "author": "gall****",
    "review_id": "1409021",
    "movie_id": "32122"
  },
  {
    "review": "괜찮았으나, 초반의 박진감을 유지하지 못한게 흠이됐다.",
    "date": "07.01.18",
    "rating": "7",
    "author": "infi****",
    "review_id": "1394037",
    "movie_id": "32122"
  },
  {
    "review": "뭐야~초반부터 다 눈치채게하구 엉성하잖아~",
    "date": "07.01.15",
    "rating": "5",
    "author": "tea6****",
    "review_id": "1388174",
    "movie_id": "32122"
  },
  {
    "review": "스릴러물은 아니지만..괜찮은 영화다...",
    "date": "07.01.10",
    "rating": "8",
    "author": "imp1****",
    "review_id": "1372137",
    "movie_id": "32122"
  },
  {
    "review": "곰영화로 봤는데 상당히 재밌네요..",
    "date": "07.01.07",
    "rating": "10",
    "author": "asaz****",
    "review_id": "1363520",
    "movie_id": "32122"
  },
  {
    "review": "모건프리먼때문에",
    "date": "07.01.07",
    "rating": "8",
    "author": "lung****",
    "review_id": "1363515",
    "movie_id": "32122"
  },
  {
    "review": "반전도 있고 볼만한 영화!",
    "date": "06.12.01",
    "rating": "10",
    "author": "bye_****",
    "review_id": "1261453",
    "movie_id": "32122"
  },
  {
    "review": "좋앗다 !!",
    "date": "06.11.19",
    "rating": "8",
    "author": "rlsk****",
    "review_id": "1241258",
    "movie_id": "32122"
  },
  {
    "review": "종반으로갈수록 스릴감이 떨어지는...",
    "date": "06.11.19",
    "rating": "7",
    "author": "fsre****",
    "review_id": "1240543",
    "movie_id": "32122"
  },
  {
    "review": "스릴도 반전도 솔직히 별로네요, 초반만 그럴싸한 싸구렵니다.",
    "date": "06.08.20",
    "rating": "4",
    "author": "kcmt****",
    "review_id": "1059360",
    "movie_id": "32122"
  },
  {
    "review": "그냥저냥...",
    "date": "06.08.19",
    "rating": "7",
    "author": "jean****",
    "review_id": "1058499",
    "movie_id": "32122"
  },
  {
    "review": "마무리가 어색했지만 그래도 볼만한 영화 ㅋㅋ반전도 괜찮았다.",
    "date": "06.08.19",
    "rating": "10",
    "author": "5705****",
    "review_id": "1058426",
    "movie_id": "32122"
  },
  {
    "review": "반전이 좋았던 영화.",
    "date": "06.08.11",
    "rating": "7",
    "author": "cool****",
    "review_id": "997597",
    "movie_id": "32122"
  },
  {
    "review": "긴장감은 다소 떨어지나 반전 재밌다~~~",
    "date": "06.07.27",
    "rating": "8",
    "author": "xlro****",
    "review_id": "926699",
    "movie_id": "32122"
  },
  {
    "review": "반전은 어느정도 예상 모건 출연작치고는 너무 허술한",
    "date": "06.07.09",
    "rating": "3",
    "author": "okjo****",
    "review_id": "879811",
    "movie_id": "32122"
  },
  {
    "review": "마무리가 허술했지만 반전은 괞찮았다 ㅎ 추천 ㅎㅎ",
    "date": "06.07.05",
    "rating": "10",
    "author": "sdh5****",
    "review_id": "872142",
    "movie_id": "32122"
  },
  {
    "review": "허술한 각본의 하품나는 스릴러.",
    "date": "06.06.23",
    "rating": "4",
    "author": "movi****",
    "review_id": "853938",
    "movie_id": "32122"
  },
  {
    "review": "충실한 전형적인 반전영화...",
    "date": "06.03.19",
    "rating": "8",
    "author": "dhfb****",
    "review_id": "723960",
    "movie_id": "32122"
  },
  {
    "review": "평균 이상은 되는 영화. 마무리가 좀 그렇지만.. 심심풀이 영화.",
    "date": "06.03.08",
    "rating": "6",
    "author": "lshp****",
    "review_id": "708914",
    "movie_id": "32122"
  },
  {
    "review": "범인을 찾아가는 재미...",
    "date": "06.02.25",
    "rating": "8",
    "author": "myou****",
    "review_id": "691958",
    "movie_id": "32122"
  },
  {
    "review": "괜찮은 반전이었는데-좀약하긴하지만,그래도재밌는영화.",
    "date": "06.02.18",
    "rating": "10",
    "author": "baby****",
    "review_id": "678820",
    "movie_id": "32122"
  },
  {
    "review": "별로다..",
    "date": "06.01.08",
    "rating": "5",
    "author": "scal****",
    "review_id": "569616",
    "movie_id": "32122"
  },
  {
    "review": "스릴러의 공식에 아주 충실한 영화",
    "date": "05.12.24",
    "rating": "8",
    "author": "kws7****",
    "review_id": "524817",
    "movie_id": "32122"
  },
  {
    "review": "심심할때 보는 영화",
    "date": "05.08.13",
    "rating": "10",
    "author": "drg8****",
    "review_id": "364492",
    "movie_id": "32122"
  },
  {
    "review": "재미는 있네..",
    "date": "05.07.30",
    "rating": "9",
    "author": "sasi****",
    "review_id": "342747",
    "movie_id": "32122"
  },
  {
    "review": "역시나 미지근한 모건식 스릴러, 반전이 별로다",
    "date": "05.05.04",
    "rating": "4",
    "author": "si2p****",
    "review_id": "270629",
    "movie_id": "32122"
  },
  {
    "review": "그다지 흡인력이 있는 스릴러물은 아니군요..",
    "date": "05.04.11",
    "rating": "7",
    "author": "love****",
    "review_id": "258325",
    "movie_id": "32122"
  },
  {
    "review": "반전은 예상못했으나, 이해안 되는 부분이 많았음",
    "date": "05.04.08",
    "rating": "7",
    "author": "nspe****",
    "review_id": "256002",
    "movie_id": "32122"
  },
  {
    "review": "졸리지도않고 내용도 좋고.. 반전도 굿..",
    "date": "05.02.21",
    "rating": "10",
    "author": "tlsr****",
    "review_id": "226449",
    "movie_id": "32122"
  },
  {
    "review": "수작이 었다.",
    "date": "05.01.12",
    "rating": "10",
    "author": "govm****",
    "review_id": "183350",
    "movie_id": "32122"
  },
  {
    "review": "저도 괜찮었음 반전도 좋고 밀도있었음",
    "date": "04.10.25",
    "rating": "9",
    "author": "choj****",
    "review_id": "132749",
    "movie_id": "32122"
  },
  {
    "review": "평작...그저 그렇군..-_-;;",
    "date": "04.06.24",
    "rating": "3",
    "author": "llic****",
    "review_id": "59798",
    "movie_id": "32122"
  },
  {
    "review": "이거 재미있습니다. 꼭 보세요.",
    "date": "04.05.27",
    "rating": "10",
    "author": "bbaw****",
    "review_id": "46614",
    "movie_id": "32122"
  }
]