[
  {
    "review": "다양하고 방대한 세트, 혹은 엄청난 양의 CG, 화려한 음향을 뒤로하고...",
    "date": "10.09.12",
    "rating": "4",
    "author": "kos4****",
    "review_id": "4830350",
    "movie_id": "32120"
  },
  {
    "review": "흡혈귀의 전설. 고어 매니아 드라큐라백작의 일대기를 그린 한편의 영웅 서사시(?)",
    "date": "08.02.25",
    "rating": "5",
    "author": "evil****",
    "review_id": "2480057",
    "movie_id": "32120"
  },
  {
    "review": "여배우 볼 살이 조금만 많았더라면-_-",
    "date": "07.12.21",
    "rating": "10",
    "author": "pibi****",
    "review_id": "2252057",
    "movie_id": "32120"
  },
  {
    "review": "정말멋진영화 다만 여주인공의 외모가 너무 아쉽다",
    "date": "07.04.17",
    "rating": "10",
    "author": "ryuu****",
    "review_id": "1593632",
    "movie_id": "32120"
  },
  {
    "review": "한 민족의 영웅이 교회에 의해 악마로 재탄생했다.",
    "date": "06.11.24",
    "rating": "7",
    "author": "sae1****",
    "review_id": "1248973",
    "movie_id": "32120"
  },
  {
    "review": "위에 써있는 줄거리는 완전히 소설 수준이라는 사실...",
    "date": "06.10.20",
    "rating": "7",
    "author": "coco****",
    "review_id": "1190419",
    "movie_id": "32120"
  },
  {
    "review": "제인 마치인 줄도 모르고 봤넹..ㅡ,.ㅡ",
    "date": "06.07.31",
    "rating": "6",
    "author": "gomd****",
    "review_id": "950803",
    "movie_id": "32120"
  },
  {
    "review": "생각했던거 보다 잼있지만 역시 결말이 아쉽다^^",
    "date": "06.06.10",
    "rating": "8",
    "author": "hye5****",
    "review_id": "838797",
    "movie_id": "32120"
  },
  {
    "review": "평점이 왜케높아 좀 떨어져야되",
    "date": "06.05.21",
    "rating": "1",
    "author": "rosi****",
    "review_id": "810443",
    "movie_id": "32120"
  },
  {
    "review": "볼만했다 ~~~",
    "date": "06.05.21",
    "rating": "7",
    "author": "ysw1****",
    "review_id": "810441",
    "movie_id": "32120"
  },
  {
    "review": "영화가 극장에서 성공하지 못한게 안따깝다",
    "date": "06.04.20",
    "rating": "10",
    "author": "gabi****",
    "review_id": "768847",
    "movie_id": "32120"
  },
  {
    "review": "너무 슬펏다...실화라서 특히더",
    "date": "06.01.30",
    "rating": "10",
    "author": "cyj8****",
    "review_id": "634386",
    "movie_id": "32120"
  },
  {
    "review": "신화보다 더욱 드라마틱한 인간 드라큘라의 모습이 너무나 매력적이다",
    "date": "05.01.24",
    "rating": "8",
    "author": "ecco****",
    "review_id": "194954",
    "movie_id": "32120"
  }
]