[
  {
    "review": "여러 상을 휩쓸었다는데 재미없게 본 내가 눈이 낮은거겠지...",
    "date": "15.07.23",
    "rating": "2",
    "author": "rizo****",
    "review_id": "10133711",
    "movie_id": "32126"
  },
  {
    "review": "몰입도가 대단....복잡한거 같지만 풀어나가는 힘이 느껴진다",
    "date": "15.07.20",
    "rating": "10",
    "author": "hans****",
    "review_id": "10122558",
    "movie_id": "32126"
  },
  {
    "review": "뭐가 대단한 영화라고..  과대평가된 영화",
    "date": "15.07.08",
    "rating": "6",
    "author": "dosl****",
    "review_id": "10079806",
    "movie_id": "32126"
  },
  {
    "review": "초반에는 정말재밌게 봤는데 후반으로 갈수록 노잼",
    "date": "15.06.25",
    "rating": "6",
    "author": "rlar****",
    "review_id": "10036244",
    "movie_id": "32126"
  },
  {
    "review": "허접한 헐리웃은 이 작품앞에 얼씬도 하지 못했다 스토리하나는 끝내준다",
    "date": "15.06.06",
    "rating": "10",
    "author": "nap3****",
    "review_id": "9980419",
    "movie_id": "32126"
  },
  {
    "review": "오래 전에 본 비우티풀, 그리고 아카데미상을 받은 버드맨. 영화를 너무 잘 만들길래 감독 필로그래피 보다 찾아본 이 영화. 말이 안나온다. 정말....후작품 보다 개인적으로 훨씬 좋다. .나름 영화광이라고 자처하는데 이 영화는 정말 예술이라 하고싶다.",
    "date": "15.06.04",
    "rating": "10",
    "author": "cosm****",
    "review_id": "9973755",
    "movie_id": "32126"
  },
  {
    "review": "멕시코 버전의 크래쉬를 본듯하네요",
    "date": "15.05.21",
    "rating": "8",
    "author": "bbac****",
    "review_id": "9934562",
    "movie_id": "32126"
  },
  {
    "review": "빠르고 감각적이며 젊음과 광기가 펄떡거린다.",
    "date": "15.05.10",
    "rating": "8",
    "author": "tear****",
    "review_id": "9909955",
    "movie_id": "32126"
  },
  {
    "review": "세개의 이야기의 공통분모인 제목",
    "date": "15.04.22",
    "rating": "10",
    "author": "mara****",
    "review_id": "9857129",
    "movie_id": "32126"
  },
  {
    "review": "영화가 다다를수있는 예술의 경지",
    "date": "15.04.19",
    "rating": "8",
    "author": "huir****",
    "review_id": "9853296",
    "movie_id": "32126"
  },
  {
    "review": "개와 사람, 사랑 그리고 삶.",
    "date": "15.04.18",
    "rating": "8",
    "author": "kara****",
    "review_id": "9850317",
    "movie_id": "32126"
  },
  {
    "review": "투견 소리만 들어도 토나옴..",
    "date": "15.04.05",
    "rating": "1",
    "author": "whyi****",
    "review_id": "9828671",
    "movie_id": "32126"
  },
  {
    "review": "내게 굉장히 의미있는 영화",
    "date": "15.04.02",
    "rating": "10",
    "author": "cher****",
    "review_id": "9822764",
    "movie_id": "32126"
  },
  {
    "review": "머리가 좋은 사람들이 만든 영화구나 하는 생각이 들었다.. 세세히 뜯어 보면 헛점들이 보이겠지만, 플롯을 이렇게 잇겠다는 발상 자체는 높이 사야 한다",
    "date": "15.03.17",
    "rating": "10",
    "author": "poie****",
    "review_id": "9790040",
    "movie_id": "32126"
  },
  {
    "review": "무슨 주제인지는 알겠는데, 그닥 와닿지는 않는 작품이다.",
    "date": "15.03.01",
    "rating": "7",
    "author": "pola****",
    "review_id": "9751421",
    "movie_id": "32126"
  },
  {
    "review": "연출 연기 흠잡을데가 없네요. 대단합니다.",
    "date": "15.02.22",
    "rating": "8",
    "author": "merr****",
    "review_id": "9728502",
    "movie_id": "32126"
  },
  {
    "review": "과욕과 낭비만 없다면 패기 넘치는 사랑의 연민.",
    "date": "14.11.05",
    "rating": "7",
    "author": "ogr5****",
    "review_id": "9341771",
    "movie_id": "32126"
  },
  {
    "review": "'개같은' 사랑의 옴니버스",
    "date": "14.03.08",
    "rating": "4",
    "author": "cles****",
    "review_id": "8563789",
    "movie_id": "32126"
  },
  {
    "review": "사랑이 부정되는 시대에 사랑만이 존재의 이유가 되는 사람들",
    "date": "13.11.12",
    "rating": "9",
    "author": "kth3****",
    "review_id": "8133467",
    "movie_id": "32126"
  },
  {
    "review": "9점 주고싶지만 몰지각한 1인이 동시간대에 다른 아이디로 접속해 1점테러한걸 보고 어쩔수 없이 10점...내가 이 영화 봤을땐 아는 사람이 아무도 없어서 많이 홍보했었는데 이젠 나름 대중적이 되어 기쁘다..이런 영화를 영화관에서 많이 해줘야되..",
    "date": "13.11.06",
    "rating": "10",
    "author": "cooo****",
    "review_id": "8118075",
    "movie_id": "32126"
  },
  {
    "review": "정말 좋은 영화를 감상한 후에 느껴지는 전율.. 나는 오랜만에 그 전율을 느낄 수 있었다.",
    "date": "13.10.03",
    "rating": "10",
    "author": "soni****",
    "review_id": "8031757",
    "movie_id": "32126"
  },
  {
    "review": "제목이 모든걸 말해준다. 강렬한 느낌. 강렬한 연기. 강렬한 제목.",
    "date": "13.09.28",
    "rating": "9",
    "author": "ruda****",
    "review_id": "8020618",
    "movie_id": "32126"
  },
  {
    "review": "이 영화가 감독의 데뷔작품이라!! 믿기지 않는다! 세개의 이야기가 모두 절묘했으면 하고자 하는 말이 정확했다. 제목처럼 정말 개같은 사랑이다!!브라보!",
    "date": "13.04.12",
    "rating": "9",
    "author": "silv****",
    "review_id": "7452723",
    "movie_id": "32126"
  },
  {
    "review": "멋있는 영화",
    "date": "13.03.27",
    "rating": "9",
    "author": "park****",
    "review_id": "7414749",
    "movie_id": "32126"
  },
  {
    "review": "대박.. 이후 영화들에 많은 영향을 미친 작품",
    "date": "13.03.17",
    "rating": "9",
    "author": "danz****",
    "review_id": "7355268",
    "movie_id": "32126"
  },
  {
    "review": "강렬한 정서.",
    "date": "13.03.08",
    "rating": "10",
    "author": "dlwo****",
    "review_id": "7330529",
    "movie_id": "32126"
  },
  {
    "review": "다들 연기 잘하던데 특히 할베 연기력 쩔어. 수염과 긴머리 간지",
    "date": "13.02.22",
    "rating": "9",
    "author": "777a****",
    "review_id": "7291839",
    "movie_id": "32126"
  },
  {
    "review": "잠시의 접점이 있었을뿐, 다른 이야기를 나열한 것같아 산만했다.. 볼만은 했다..",
    "date": "13.02.07",
    "rating": "7",
    "author": "spre****",
    "review_id": "7235219",
    "movie_id": "32126"
  },
  {
    "review": "곤잘레스의 감독의 진수지 이게... 몇 년전 본지 기억도 안나지만, 감독 이름은 남... 이 후로 바벨이며 비유티풀이며 봤는데... 이 것을 못 따라감. 이 영화는 예술임.",
    "date": "12.10.23",
    "rating": "10",
    "author": "hw0a****",
    "review_id": "6822034",
    "movie_id": "32126"
  },
  {
    "review": "알레한드로 곤잘레스의 연결 되어지는 에피소드 형식 영화 중 제일 좋았음.",
    "date": "12.09.04",
    "rating": "9",
    "author": "bc60****",
    "review_id": "6669492",
    "movie_id": "32126"
  },
  {
    "review": "필감할만한 몰입도 높은 드라마",
    "date": "12.08.24",
    "rating": "8",
    "author": "guev****",
    "review_id": "6639500",
    "movie_id": "32126"
  },
  {
    "review": "많은 사람들의 사람사는 이야기지만 몹시 지루했다.",
    "date": "12.08.23",
    "rating": "7",
    "author": "x_bo****",
    "review_id": "6637835",
    "movie_id": "32126"
  },
  {
    "review": "옥타비오&수잔나가 젤 재밌네요~^^ 영화가 참 예뻐요~9.5점 나머지는 걍걍 7.8점ㅋㅋ",
    "date": "12.02.29",
    "rating": "9",
    "author": "umas****",
    "review_id": "6111308",
    "movie_id": "32126"
  },
  {
    "review": "극의 힘을 보여주는 영화... 이 영화를 보는데 무슨 말이 필요할까?",
    "date": "12.02.13",
    "rating": "10",
    "author": "star****",
    "review_id": "6073249",
    "movie_id": "32126"
  },
  {
    "review": "멕시코 영화중엔 볼만합니다요..",
    "date": "12.01.13",
    "rating": "10",
    "author": "konu****",
    "review_id": "5982823",
    "movie_id": "32126"
  },
  {
    "review": "아무기대없이보아서그런지 꽤 괜찮았습니다.",
    "date": "12.01.12",
    "rating": "7",
    "author": "cobr****",
    "review_id": "5979886",
    "movie_id": "32126"
  },
  {
    "review": "이냐리투 감독 영화 중 최고인 듯. 개의 상징성이 각 에피소드마다 잘 드러났다",
    "date": "11.11.02",
    "rating": "9",
    "author": "scnd****",
    "review_id": "5823511",
    "movie_id": "32126"
  },
  {
    "review": "개같은...",
    "date": "11.08.17",
    "rating": "10",
    "author": "milk****",
    "review_id": "5660844",
    "movie_id": "32126"
  },
  {
    "review": "어떤 식으로든 맞아 떨어지는게 재미있다. 슬프고 우울했던 에피소드들.",
    "date": "11.07.02",
    "rating": "8",
    "author": "plas****",
    "review_id": "5517474",
    "movie_id": "32126"
  },
  {
    "review": "좋다~",
    "date": "11.06.29",
    "rating": "9",
    "author": "visi****",
    "review_id": "5505501",
    "movie_id": "32126"
  },
  {
    "review": "이냐리투 특유의 다발적 시점의 시작. 아모레스 페로스의 뜻은 지독한 사랑이다",
    "date": "11.06.05",
    "rating": "9",
    "author": "reno****",
    "review_id": "5464981",
    "movie_id": "32126"
  },
  {
    "review": "스토리전개나 표현방식이 정말 예술이다. 사랑의 어두운면을 잘표현했다.",
    "date": "11.05.24",
    "rating": "10",
    "author": "naru****",
    "review_id": "5447284",
    "movie_id": "32126"
  },
  {
    "review": "긴 시간이 느리지도 가볍지도 않게 다가온다.",
    "date": "11.04.13",
    "rating": "9",
    "author": "sega****",
    "review_id": "5372124",
    "movie_id": "32126"
  },
  {
    "review": "EBS에서 1번 다운받아서 12번 신선했다 볼때마다 달랐다 식상하다 한번만 볼걸..",
    "date": "11.02.24",
    "rating": "10",
    "author": "hiro****",
    "review_id": "5271219",
    "movie_id": "32126"
  },
  {
    "review": "2009년에 봐도 신선함이 있었다 시티오브갓 생각이 많이 났던 영화",
    "date": "11.02.21",
    "rating": "9",
    "author": "stus****",
    "review_id": "5264815",
    "movie_id": "32126"
  },
  {
    "review": "사랑에 대한 거친 미학의 완성",
    "date": "11.01.29",
    "rating": "9",
    "author": "twot****",
    "review_id": "5193689",
    "movie_id": "32126"
  },
  {
    "review": "잘 짜여진 각본. 각자의 사랑하는 방식.",
    "date": "10.12.21",
    "rating": "9",
    "author": "wlfa****",
    "review_id": "5071297",
    "movie_id": "32126"
  },
  {
    "review": "21그램,바벨보다 먼저 봤었어야 했는데..",
    "date": "10.11.27",
    "rating": "8",
    "author": "idle****",
    "review_id": "4996083",
    "movie_id": "32126"
  },
  {
    "review": "너무 강렬한영화",
    "date": "10.11.10",
    "rating": "10",
    "author": "love****",
    "review_id": "4948469",
    "movie_id": "32126"
  },
  {
    "review": "1번 9점, 2번 2점, 3번 8점. 배우들 연기 10점!",
    "date": "10.10.21",
    "rating": "2",
    "author": "ykm3****",
    "review_id": "4913103",
    "movie_id": "32126"
  },
  {
    "review": "전혀 지루하지않은 2시간. 바벨보다 더 낫다. 이런영화라면 언제든 봐줄께",
    "date": "10.09.20",
    "rating": "8",
    "author": "20dj****",
    "review_id": "4852421",
    "movie_id": "32126"
  },
  {
    "review": "2.5배속으로 보면 딱 적당한 영화",
    "date": "10.09.20",
    "rating": "7",
    "author": "ohch****",
    "review_id": "4849677",
    "movie_id": "32126"
  },
  {
    "review": "굿",
    "date": "10.09.16",
    "rating": "10",
    "author": "blis****",
    "review_id": "4838807",
    "movie_id": "32126"
  },
  {
    "review": "방송으로 중간부터 봐서 제대로 못봤는데도 몰입감이 좋았음",
    "date": "10.09.15",
    "rating": "8",
    "author": "miam****",
    "review_id": "4836842",
    "movie_id": "32126"
  },
  {
    "review": "감독이 얘기하고자 하는 바는 대략적으로 알겠으나 스토리 전개가 지루하디.",
    "date": "10.08.19",
    "rating": "5",
    "author": "noxp****",
    "review_id": "4767466",
    "movie_id": "32126"
  },
  {
    "review": "매력이 많은 영화",
    "date": "10.06.01",
    "rating": "9",
    "author": "sean****",
    "review_id": "4536342",
    "movie_id": "32126"
  },
  {
    "review": "영화 보면서 하와이 오슬로랑 비슷한면이 있는거 같습니다 ㅎㅎ",
    "date": "10.05.29",
    "rating": "10",
    "author": "sant****",
    "review_id": "4529298",
    "movie_id": "32126"
  },
  {
    "review": "9점",
    "date": "10.05.16",
    "rating": "9",
    "author": "dkfl****",
    "review_id": "4503605",
    "movie_id": "32126"
  },
  {
    "review": "이정도 1점준사람들 정말 영화보지 말기를",
    "date": "10.05.11",
    "rating": "10",
    "author": "dkde****",
    "review_id": "4494047",
    "movie_id": "32126"
  },
  {
    "review": "난 이런영화좋아",
    "date": "10.05.11",
    "rating": "9",
    "author": "big3****",
    "review_id": "4493783",
    "movie_id": "32126"
  },
  {
    "review": "명작중의 명작 2시간30분이 순식간에 지나갔다",
    "date": "10.04.24",
    "rating": "10",
    "author": "hyde****",
    "review_id": "4451603",
    "movie_id": "32126"
  },
  {
    "review": "지독하고 비참하며 우울하고 개같은 이야기",
    "date": "10.04.15",
    "rating": "9",
    "author": "wjdg****",
    "review_id": "4434131",
    "movie_id": "32126"
  },
  {
    "review": "사랑은 정말 개같아서 때론 흐릿하게 봐야한다",
    "date": "10.04.08",
    "rating": "9",
    "author": "thea****",
    "review_id": "4418700",
    "movie_id": "32126"
  },
  {
    "review": "이게 바로 영화다.. 이런영화가 평점 9점이 안되다니 1점준놈 뭐냐;;",
    "date": "10.03.16",
    "rating": "10",
    "author": "tol5****",
    "review_id": "4361520",
    "movie_id": "32126"
  },
  {
    "review": "재밌진 않지만 몰입된다",
    "date": "10.02.20",
    "rating": "7",
    "author": "bbq2****",
    "review_id": "4304857",
    "movie_id": "32126"
  },
  {
    "review": "뭔가 에너지가 넘친다!",
    "date": "10.02.09",
    "rating": "8",
    "author": "iss2****",
    "review_id": "4264338",
    "movie_id": "32126"
  },
  {
    "review": "난 괜찮았다",
    "date": "10.02.07",
    "rating": "9",
    "author": "hyem****",
    "review_id": "4254076",
    "movie_id": "32126"
  },
  {
    "review": "가엘가르시아베르날 ㅠㅠ",
    "date": "10.01.22",
    "rating": "10",
    "author": "rimi****",
    "review_id": "4199710",
    "movie_id": "32126"
  },
  {
    "review": "멍멍",
    "date": "10.01.22",
    "rating": "10",
    "author": "nang****",
    "review_id": "4196996",
    "movie_id": "32126"
  },
  {
    "review": "개같은 사랑, 개같은 인생",
    "date": "10.01.20",
    "rating": "8",
    "author": "mili****",
    "review_id": "4193394",
    "movie_id": "32126"
  },
  {
    "review": "투견이 전직교수및게릴라거지의 모든 개를 처치하고 OO모델의 개는 쥐한테 뜯긴다",
    "date": "10.01.18",
    "rating": "9",
    "author": "1una****",
    "review_id": "4182358",
    "movie_id": "32126"
  },
  {
    "review": "시티 오브 갓, 아모레스 페로스 ... 좋다.",
    "date": "10.01.09",
    "rating": "10",
    "author": "drcl****",
    "review_id": "4151810",
    "movie_id": "32126"
  },
  {
    "review": "제목 한 번 잘 지었다. 숨 막히고 답답하고 우중충하지만 거부할 수 없는 영화",
    "date": "09.11.27",
    "rating": "10",
    "author": "ferr****",
    "review_id": "3996539",
    "movie_id": "32126"
  },
  {
    "review": "시도는 좋았으나 그리 훌륭하진 않다",
    "date": "09.11.18",
    "rating": "1",
    "author": "lood****",
    "review_id": "3974262",
    "movie_id": "32126"
  },
  {
    "review": "정말 이런 영화 싫다",
    "date": "09.11.18",
    "rating": "1",
    "author": "ggod****",
    "review_id": "3974255",
    "movie_id": "32126"
  },
  {
    "review": "나도 별로던데",
    "date": "09.11.18",
    "rating": "1",
    "author": "sogo****",
    "review_id": "3974253",
    "movie_id": "32126"
  },
  {
    "review": "별론데...",
    "date": "09.11.18",
    "rating": "1",
    "author": "simb****",
    "review_id": "3974252",
    "movie_id": "32126"
  },
  {
    "review": "아모레스 페로스.... 뭔 뜻인지 궁금하다...",
    "date": "09.11.08",
    "rating": "9",
    "author": "aira****",
    "review_id": "3944681",
    "movie_id": "32126"
  },
  {
    "review": "빠른전개.숨막히다.빈틈없는연출과연기.첫번째에피소드만큼두번째와세번째도좋았음..",
    "date": "09.11.07",
    "rating": "8",
    "author": "yuri****",
    "review_id": "3943401",
    "movie_id": "32126"
  },
  {
    "review": "감각적이며 깊이가 있다",
    "date": "09.10.23",
    "rating": "10",
    "author": "tjrd****",
    "review_id": "3911150",
    "movie_id": "32126"
  },
  {
    "review": "연출력은 돋보였으니 마무리가 아쉽다 아류작들의 OO점이 된영화",
    "date": "09.10.12",
    "rating": "7",
    "author": "kark****",
    "review_id": "3887888",
    "movie_id": "32126"
  },
  {
    "review": "고3때 본 영화인데 아직까지도 기억에남는 영화",
    "date": "09.09.20",
    "rating": "10",
    "author": "croi****",
    "review_id": "3839978",
    "movie_id": "32126"
  },
  {
    "review": "그 순간 그 곳에 있었던 그 사람들의 그렇고 그런 이야기들. 지독하고 다양한 인생들.",
    "date": "09.09.14",
    "rating": "9",
    "author": "deka****",
    "review_id": "3831141",
    "movie_id": "32126"
  },
  {
    "review": "거칠고 외로운 인생의 묘미를 제대로 표현했다",
    "date": "09.09.11",
    "rating": "9",
    "author": "leh0****",
    "review_id": "3824561",
    "movie_id": "32126"
  },
  {
    "review": "쓰레기 영화구만 먼평점을 이리주냐 아 조낸재미없어 시간아끕다 .",
    "date": "09.08.30",
    "rating": "1",
    "author": "joki****",
    "review_id": "3797968",
    "movie_id": "32126"
  },
  {
    "review": "배우들 연기 쩌네요. 약간 지루한 것 빼면 느낌있음^^",
    "date": "09.08.27",
    "rating": "8",
    "author": "cho1****",
    "review_id": "3790514",
    "movie_id": "32126"
  },
  {
    "review": "너무 삭막함 속에 살고있지는 않나.. 개같은 인생 또한 처량하기 그지없다.",
    "date": "09.08.01",
    "rating": "10",
    "author": "sung****",
    "review_id": "3693295",
    "movie_id": "32126"
  },
  {
    "review": "이래서 남미영화 사랑한다. 천재적 연출, 음악, 배우들의 신들린 열연...최고다.",
    "date": "09.07.27",
    "rating": "10",
    "author": "haha****",
    "review_id": "3671529",
    "movie_id": "32126"
  },
  {
    "review": "단 3편의 영화로 거장이 된 이냐리튜의 가족 사랑 삶에 대한 철학의 OO점",
    "date": "09.07.13",
    "rating": "10",
    "author": "cool****",
    "review_id": "3630287",
    "movie_id": "32126"
  },
  {
    "review": "두번째 에피소드만 약간부족함",
    "date": "09.07.12",
    "rating": "10",
    "author": "ew10****",
    "review_id": "3626138",
    "movie_id": "32126"
  },
  {
    "review": "정말 최악의 영화였다. 욕 먹을 각오하고 남길정도니..",
    "date": "09.07.11",
    "rating": "1",
    "author": "yeah****",
    "review_id": "3623151",
    "movie_id": "32126"
  },
  {
    "review": "역시 이냐리투감독.. 데뷔작인데도 노련함이 느껴진다.",
    "date": "09.07.09",
    "rating": "10",
    "author": "gg10****",
    "review_id": "3620187",
    "movie_id": "32126"
  },
  {
    "review": "근 5년동안 기억나는 영화중 최고임",
    "date": "09.06.22",
    "rating": "10",
    "author": "muta****",
    "review_id": "3581056",
    "movie_id": "32126"
  },
  {
    "review": "첫 에피소드의 위력은 가히 최고.  대단한 감독의 대단한 연출력.",
    "date": "09.05.09",
    "rating": "8",
    "author": "jhga****",
    "review_id": "3481513",
    "movie_id": "32126"
  },
  {
    "review": "누구도 완벽할 순 없다..! 부족함 속의 슬픔을 간직한 인간군상들...",
    "date": "09.05.07",
    "rating": "10",
    "author": "thsa****",
    "review_id": "3476051",
    "movie_id": "32126"
  },
  {
    "review": "다시는 보기싫지만 다시 보고 싶은 영화",
    "date": "09.04.06",
    "rating": "10",
    "author": "ultr****",
    "review_id": "3406982",
    "movie_id": "32126"
  },
  {
    "review": "개인적으로 정말 좋아하는 전개방식! 후반부로 갈수록 긴장감 고조!",
    "date": "09.03.13",
    "rating": "10",
    "author": "leem****",
    "review_id": "3363651",
    "movie_id": "32126"
  },
  {
    "review": "서로 다른 세가지의 인생이 우연치않게 결합되 더욱 흥미를 유발한다.",
    "date": "09.03.12",
    "rating": "10",
    "author": "cndx****",
    "review_id": "3361275",
    "movie_id": "32126"
  },
  {
    "review": "좋은전개... 뭔가 빠진듯한.. 하지만 재밌다",
    "date": "09.03.10",
    "rating": "9",
    "author": "mach****",
    "review_id": "3358106",
    "movie_id": "32126"
  },
  {
    "review": "정말 가엘 가르시아 베날과 이냐리투 감독을 알게된 천재적 영화. .",
    "date": "09.02.20",
    "rating": "10",
    "author": "akan****",
    "review_id": "3317494",
    "movie_id": "32126"
  }
]