[
  {
    "review": "적절했다",
    "date": "12.03.26",
    "rating": "8",
    "author": "kos4****",
    "review_id": "6170216",
    "movie_id": "32139"
  },
  {
    "review": "좋았음",
    "date": "10.12.20",
    "rating": "10",
    "author": "cpt1****",
    "review_id": "5067396",
    "movie_id": "32139"
  },
  {
    "review": "정말 재밌었음 책을 아주 잘살린듯 배우들도 훌륭하고",
    "date": "10.09.23",
    "rating": "10",
    "author": "dosr****",
    "review_id": "4861957",
    "movie_id": "32139"
  },
  {
    "review": "잘만들었음",
    "date": "10.01.31",
    "rating": "8",
    "author": "mast****",
    "review_id": "4227116",
    "movie_id": "32139"
  },
  {
    "review": "밑 분에 공감...",
    "date": "06.06.09",
    "rating": "10",
    "author": "dnjs****",
    "review_id": "838118",
    "movie_id": "32139"
  },
  {
    "review": "전재밌게봤습니다 그당시 모습도 잘묘사됬었습니다",
    "date": "06.05.28",
    "rating": "10",
    "author": "dhgu****",
    "review_id": "819783",
    "movie_id": "32139"
  },
  {
    "review": "This movie is Not catch SungRyong.",
    "date": "04.09.18",
    "rating": "10",
    "author": "lj34****",
    "review_id": "110633",
    "movie_id": "32139"
  },
  {
    "review": "유쾌한 미니시리즈예요~! 피어스 브로스넌의 영국 신사 모습도 재미있고요.",
    "date": "04.07.06",
    "rating": "9",
    "author": "luna****",
    "review_id": "66358",
    "movie_id": "32139"
  },
  {
    "review": "자아식벌점은없나?",
    "date": "04.04.29",
    "rating": "1",
    "author": "wjdt****",
    "review_id": "40000",
    "movie_id": "32139"
  }
]