[
  {
    "review": "전설의 영화",
    "date": "13.07.07",
    "rating": "10",
    "author": "rlsp****",
    "review_id": "7713442",
    "movie_id": "32197"
  },
  {
    "review": "내용이 참신해 보고싶은데 볼수가 없어 10점",
    "date": "13.07.07",
    "rating": "10",
    "author": "idki****",
    "review_id": "7713440",
    "movie_id": "32197"
  },
  {
    "review": "아이디어는 좋은거 같은데...",
    "date": "07.07.23",
    "rating": "4",
    "author": "zeed****",
    "review_id": "1801913",
    "movie_id": "32197"
  },
  {
    "review": "별로 같은뎅..",
    "date": "05.04.04",
    "rating": "3",
    "author": "gita****",
    "review_id": "253509",
    "movie_id": "32197"
  }
]