[
  {
    "review": "이해력 좋은 나도 영화 다보고나서야 깨닫게 되는 영화 다보고나서도 100프로 이해되는건 아니지만 핵심 주제는 파악이 된다 2015년에 봐도 볼만하구만 도대체 왜 망한건지...  관객들 수준이 너무 낮으니까 명작이 묻혀버렸네..  이거 여러모로 명작이다",
    "date": "15.08.19",
    "rating": "10",
    "author": "fps8****",
    "review_id": "10250445",
    "movie_id": "32223"
  },
  {
    "review": "괜찮은데. 뭐가 문제였을까?",
    "date": "15.01.12",
    "rating": "9",
    "author": "umql****",
    "review_id": "9585993",
    "movie_id": "32223"
  },
  {
    "review": "흥행은 저조했지만, 후에 차기작에 대한 루머도 떠돌았을 정도로 완성도는 매트릭스 이후 CG의 혁명을 주도한 일등공신이다.",
    "date": "14.12.29",
    "rating": "10",
    "author": "ajdr****",
    "review_id": "9532743",
    "movie_id": "32223"
  },
  {
    "review": "머리카락 10만가닥 박아넣을 시간에 스토리 제대로 짰으면 성공했을 영화. 이 영화 평점이 높은 건 나만 죽을 순 없지라는 몰지각한 행위의 소산임.",
    "date": "14.11.04",
    "rating": "1",
    "author": "high****",
    "review_id": "9340103",
    "movie_id": "32223"
  },
  {
    "review": "진짜 명작이다. 이게 2001년도 꺼란게 믿겨지지 않는다.",
    "date": "14.08.16",
    "rating": "10",
    "author": "dw96****",
    "review_id": "9097465",
    "movie_id": "32223"
  },
  {
    "review": "2001년 인걸 감안한다면 당시의 기술력과 연출력 당시 CG만 번듯하고 마네킹 움직임의 다른 영화나 게임 오프닝을 생각한다면 이런 퀄리티에 부드러운 케릭터 기계들의 움직임을 본다면 10년이 지난 지금의 작품들과 견주어도 부족할게 없는 작품",
    "date": "14.03.25",
    "rating": "10",
    "author": "slay****",
    "review_id": "8605385",
    "movie_id": "32223"
  },
  {
    "review": "뛰어난 CG를 보여주지만 이야기의 구조는 JRPG에 나올뻡한 한계를 벗어나지 못하고 몇몇의 캐릭터는 이해할 수 없는 심리를 보여줘서 많이 아쉽다.",
    "date": "14.02.27",
    "rating": "4",
    "author": "inos****",
    "review_id": "8543833",
    "movie_id": "32223"
  },
  {
    "review": "왠 겜돌이 새키들이 냅다 평점을 내려놨네 ㅋㅋ",
    "date": "13.10.26",
    "rating": "10",
    "author": "defi****",
    "review_id": "8092486",
    "movie_id": "32223"
  },
  {
    "review": "이거 개봉했을 때 봤는데.. 더럽게 재미없었다.. 망하는 이유가 다 있다..",
    "date": "13.09.14",
    "rating": "4",
    "author": "aki_****",
    "review_id": "7975640",
    "movie_id": "32223"
  },
  {
    "review": "이영화가 없었으면 스퀘어에 에닉스가 따라다니지는 않았다 ㅡㅡ",
    "date": "13.07.04",
    "rating": "5",
    "author": "g_m_****",
    "review_id": "7704146",
    "movie_id": "32223"
  },
  {
    "review": "유치한요소들을 무시해도 좋을정도로 감정선을 잘 살린영화",
    "date": "13.06.02",
    "rating": "9",
    "author": "pkw0****",
    "review_id": "7572237",
    "movie_id": "32223"
  },
  {
    "review": "9천 4백 5십만불을 까먹은 재앙같은 영화",
    "date": "13.02.13",
    "rating": "1",
    "author": "kiab****",
    "review_id": "7259226",
    "movie_id": "32223"
  },
  {
    "review": "뭔가 심오한 걸 말하려는 것 같은데 자꾸 오글거리는 설정이 튀어나와 집중이 안된다... 내가 이해력이 딸린건가.",
    "date": "12.12.06",
    "rating": "4",
    "author": "wjdg****",
    "review_id": "6978215",
    "movie_id": "32223"
  },
  {
    "review": "이영화만 성공 했어도 스퀘어가 에닉스랑 합병 할일은 없었을텐데..",
    "date": "12.12.02",
    "rating": "4",
    "author": "kap2****",
    "review_id": "6961803",
    "movie_id": "32223"
  },
  {
    "review": "볼만함.",
    "date": "12.11.30",
    "rating": "8",
    "author": "kem1****",
    "review_id": "6944912",
    "movie_id": "32223"
  },
  {
    "review": "영상미는 참신 근데 너무 있어보일려고 한게 오히려 안 좋은 영향을 미친듯.",
    "date": "12.11.11",
    "rating": "7",
    "author": "audr****",
    "review_id": "6878980",
    "movie_id": "32223"
  },
  {
    "review": "어? 파이널판타지가 왜 삐꾸가 됐죠? 명작시리즈를 말아먹은 요소중 하나. 다른하나는 파판14",
    "date": "12.10.03",
    "rating": "1",
    "author": "divi****",
    "review_id": "6759590",
    "movie_id": "32223"
  },
  {
    "review": "네이버 평점 OOO인거 아시죠? 정리해 드리자면 스토리는 ㅄ같지만 전체적인 스토리가 커버해 주고 그 안에 담긴 철학과 분위기라면 충분히 먹고 갑니다. 보러 ㄱㄱ",
    "date": "12.10.01",
    "rating": "10",
    "author": "a_lo****",
    "review_id": "6750933",
    "movie_id": "32223"
  },
  {
    "review": "다시 생명들이 꽃피우길 기다리는 한마리 새처럼",
    "date": "12.08.14",
    "rating": "4",
    "author": "thdq****",
    "review_id": "6603030",
    "movie_id": "32223"
  },
  {
    "review": "그래픽은 볼만함.. 그것뿐. .뭔가 철학적인 예기를 하려는것 같지만 내용은 단순",
    "date": "12.08.13",
    "rating": "6",
    "author": "cros****",
    "review_id": "6598411",
    "movie_id": "32223"
  },
  {
    "review": "플스 파판 시리즈의 특징답게 나름 철학적인 색책가 깊네요~",
    "date": "12.05.11",
    "rating": "8",
    "author": "rami****",
    "review_id": "6288394",
    "movie_id": "32223"
  },
  {
    "review": "개인적으로 정말 재밌게 봤음. 배경이나 세계관도 그렇고...",
    "date": "12.03.30",
    "rating": "9",
    "author": "toto****",
    "review_id": "6179956",
    "movie_id": "32223"
  },
  {
    "review": "스토리가 아쉽지만 나머지가 그래픽과 배경이 다 커버 전투씬 멋짐",
    "date": "12.03.25",
    "rating": "9",
    "author": "mh30****",
    "review_id": "6168522",
    "movie_id": "32223"
  },
  {
    "review": "2001년에 처음 봤던건데, 지금 봐도 역시 최고라는 표현밖에 못하겠씀. 평점왜이래",
    "date": "12.03.14",
    "rating": "10",
    "author": "akai****",
    "review_id": "6144111",
    "movie_id": "32223"
  },
  {
    "review": "작가가 너무 욕심이 많았다. 떡밥 회수도 제대로 못 하고 있으니 원‥‥‥",
    "date": "12.02.14",
    "rating": "5",
    "author": "s_te****",
    "review_id": "6073981",
    "movie_id": "32223"
  },
  {
    "review": "재밌기는 하나.. 스토리가 약간 아쉬운 영화",
    "date": "12.02.01",
    "rating": "7",
    "author": "joes****",
    "review_id": "6042586",
    "movie_id": "32223"
  },
  {
    "review": "배경만 멋지고 내용은 재미없다",
    "date": "11.12.29",
    "rating": "4",
    "author": "tyco****",
    "review_id": "5945347",
    "movie_id": "32223"
  },
  {
    "review": "여주가 OO이라서 점수 안줌.",
    "date": "11.10.31",
    "rating": "1",
    "author": "zmfo****",
    "review_id": "5821128",
    "movie_id": "32223"
  },
  {
    "review": "좀 막장삘이 나지만 볼만한 b급영화ㅇ_ㅇ",
    "date": "11.10.30",
    "rating": "10",
    "author": "sunc****",
    "review_id": "5819206",
    "movie_id": "32223"
  },
  {
    "review": "게임 파이널 판타지가 영화로도 나왔었나??!!,하고 봤는데 낚였군;; 볼만한b급영화",
    "date": "11.10.30",
    "rating": "10",
    "author": "xxtx****",
    "review_id": "5819202",
    "movie_id": "32223"
  },
  {
    "review": "팬텀들과 싸우는 괜찮은 영화.. 에니라 그런지.. 행동이 좀 어색하기도..",
    "date": "11.07.14",
    "rating": "8",
    "author": "amoh****",
    "review_id": "5543391",
    "movie_id": "32223"
  },
  {
    "review": "네임벨류만 빌려오고 영화로서는 지루하고 난해했음. 같이간애들 다 잠들고..",
    "date": "11.07.08",
    "rating": "2",
    "author": "neor****",
    "review_id": "5528389",
    "movie_id": "32223"
  },
  {
    "review": "MRI촬영을예언(치료는아직),3D의시대를열었던영화아쉬운게있다면스토리정도",
    "date": "11.07.02",
    "rating": "9",
    "author": "gosu****",
    "review_id": "5516281",
    "movie_id": "32223"
  },
  {
    "review": "생각보단 볼만..",
    "date": "11.06.03",
    "rating": "6",
    "author": "xtai****",
    "review_id": "5461791",
    "movie_id": "32223"
  },
  {
    "review": "의외로 볼만했지만..",
    "date": "11.04.02",
    "rating": "6",
    "author": "dhkd****",
    "review_id": "5348149",
    "movie_id": "32223"
  },
  {
    "review": "나도 초딩때 비디오빌려서봤는데 비디오빌린걸 후회한건 진짜 여태껏처음ㅋㅋㅋㅋㅋㅋ",
    "date": "10.05.21",
    "rating": "1",
    "author": "firs****",
    "review_id": "4512230",
    "movie_id": "32223"
  },
  {
    "review": "난 재미있었는데..........개인적으로 8점대는 가도 될듯:::::",
    "date": "10.02.26",
    "rating": "10",
    "author": "dinn****",
    "review_id": "4320554",
    "movie_id": "32223"
  },
  {
    "review": "스토리좀 신경좀 쓰지 초반 좀 막나가는듯 후반은 좋았음",
    "date": "10.01.30",
    "rating": "8",
    "author": "kmyt****",
    "review_id": "4223470",
    "movie_id": "32223"
  },
  {
    "review": "난 볼만했는데... 재미있었다.",
    "date": "10.01.02",
    "rating": "10",
    "author": "jihe****",
    "review_id": "4123304",
    "movie_id": "32223"
  },
  {
    "review": "초딩때봤는데 내용만 좀 난해했지 전반적으로는 잘만든거 같다",
    "date": "09.12.09",
    "rating": "10",
    "author": "rain****",
    "review_id": "4029886",
    "movie_id": "32223"
  },
  {
    "review": "별 한개 주기는 오랜만이네... 완전 쓰레기..",
    "date": "09.12.05",
    "rating": "1",
    "author": "lovi****",
    "review_id": "4017618",
    "movie_id": "32223"
  },
  {
    "review": "그래도 님들아 2001년도에 나온건데 그정도면 잘한겨죠 ㅡㅡ",
    "date": "09.11.11",
    "rating": "7",
    "author": "dbsg****",
    "review_id": "3952989",
    "movie_id": "32223"
  },
  {
    "review": "까고말해서 평균적으로 잘만들엇다 생각하는데..?",
    "date": "09.11.08",
    "rating": "10",
    "author": "gmae****",
    "review_id": "3945172",
    "movie_id": "32223"
  },
  {
    "review": "아...진짜 기대해서 봤는데...뭥미!? ㅅㅂ 이...아오..;;",
    "date": "09.10.13",
    "rating": "4",
    "author": "zove****",
    "review_id": "3890788",
    "movie_id": "32223"
  },
  {
    "review": "미국평론가들이 입을모아 쓰레기라고 한데도 이유가 있다.",
    "date": "09.10.04",
    "rating": "1",
    "author": "dg_d****",
    "review_id": "3870745",
    "movie_id": "32223"
  },
  {
    "review": "아~ 극장에서 봤을때 생각나네.. 영화실적은 좀.. 그렇지만 솔직히 잘만들었지..ㅋ",
    "date": "09.09.22",
    "rating": "10",
    "author": "iabw****",
    "review_id": "3844989",
    "movie_id": "32223"
  },
  {
    "review": "아무 기대없이 봤는데 정말 재미없어요",
    "date": "09.08.19",
    "rating": "1",
    "author": "wnrj****",
    "review_id": "3768365",
    "movie_id": "32223"
  },
  {
    "review": "극장서 기대없이 봤는데 너무 좋았던..다시보고 싶당 ㅋ",
    "date": "09.08.11",
    "rating": "10",
    "author": "sype****",
    "review_id": "3737545",
    "movie_id": "32223"
  },
  {
    "review": "당연히 파판7AC 인줄 알고 봤는데 아니었던.. 영화 자체는 별로",
    "date": "09.08.09",
    "rating": "6",
    "author": "guu_****",
    "review_id": "3728313",
    "movie_id": "32223"
  },
  {
    "review": "잘 만드신 거 같은데... 7.36너무 낮다.",
    "date": "09.08.08",
    "rating": "10",
    "author": "dong****",
    "review_id": "3724341",
    "movie_id": "32223"
  },
  {
    "review": "무기가참 멋졌어요",
    "date": "09.07.19",
    "rating": "10",
    "author": "ckrl****",
    "review_id": "3646346",
    "movie_id": "32223"
  },
  {
    "review": "역시.. 연기는 표정.. 표정이 없으니 이야기가 밋밋하네..",
    "date": "09.07.12",
    "rating": "5",
    "author": "doma****",
    "review_id": "3625854",
    "movie_id": "32223"
  },
  {
    "review": "스퀘어가 위태위태해졌던 이유를 이걸보고 알았다.",
    "date": "09.04.05",
    "rating": "6",
    "author": "seen****",
    "review_id": "3405202",
    "movie_id": "32223"
  },
  {
    "review": "난 정말 재밌었다.. 왜 실패했을까",
    "date": "08.12.13",
    "rating": "10",
    "author": "asde****",
    "review_id": "3112668",
    "movie_id": "32223"
  },
  {
    "review": "괜찮은데!! 아깝다 영화 ㅠ",
    "date": "08.11.28",
    "rating": "10",
    "author": "xotk****",
    "review_id": "3077231",
    "movie_id": "32223"
  },
  {
    "review": "당시로서는 실제인지 분간 못할정도로 그래픽은 너무 좋았다 하지만 줄거리가.. 너무.",
    "date": "08.11.18",
    "rating": "8",
    "author": "dugi****",
    "review_id": "3057509",
    "movie_id": "32223"
  },
  {
    "review": "그래픽과 설정은 좋았는데 스토리와 전개 방식이 너무 어설프다 제작비가 너무 아깝다",
    "date": "08.11.05",
    "rating": "7",
    "author": "deff****",
    "review_id": "3036567",
    "movie_id": "32223"
  },
  {
    "review": "설정들이 신선하다. 외계의 가이아라던지, 가이아에서 나온 영혼(파장)이라던지..",
    "date": "08.10.07",
    "rating": "8",
    "author": "1231****",
    "review_id": "2987741",
    "movie_id": "32223"
  },
  {
    "review": "망할때는 다 이유가 있는법..후에 ff7 ac의 발판이 됬다는점에서는 긍정적?",
    "date": "08.09.30",
    "rating": "4",
    "author": "chan****",
    "review_id": "2975850",
    "movie_id": "32223"
  },
  {
    "review": "잼있기만 하던데..  근데 내용 좀만 더 보충하면 걸작이 될수 있었을텐데",
    "date": "08.08.07",
    "rating": "10",
    "author": "dkaj****",
    "review_id": "2844084",
    "movie_id": "32223"
  },
  {
    "review": "이게 잼이 없다면 디워는 뭐냐?",
    "date": "08.06.15",
    "rating": "10",
    "author": "luci****",
    "review_id": "2700350",
    "movie_id": "32223"
  },
  {
    "review": "영화로서는 별로. 밑에 '놈들'이라니? 모두 당신 기준에 맞춰야 하나? ㅎ",
    "date": "08.06.13",
    "rating": "5",
    "author": "holy****",
    "review_id": "2695252",
    "movie_id": "32223"
  },
  {
    "review": "스퀘어는 이 작품을 영화가 아니라 게임 영상으로 삽입해야 했다",
    "date": "08.05.05",
    "rating": "7",
    "author": "arkj****",
    "review_id": "2619305",
    "movie_id": "32223"
  },
  {
    "review": "평점이 왜이리 들쑥날쑥한지 봤더니 다 이런놈들 때문이구나...",
    "date": "08.04.26",
    "rating": "10",
    "author": "dmaw****",
    "review_id": "2599573",
    "movie_id": "32223"
  },
  {
    "review": "미친척도 어느 정도껏 해라",
    "date": "08.04.11",
    "rating": "1",
    "author": "baks****",
    "review_id": "2573655",
    "movie_id": "32223"
  },
  {
    "review": "내용이해가 어렵다 다니 지루 하다는 사람은 앞으로 영화 보지마세요",
    "date": "08.04.10",
    "rating": "10",
    "author": "mdmd****",
    "review_id": "2571911",
    "movie_id": "32223"
  },
  {
    "review": "너무고평가 되어있다. 5점도 아까울정도로 지루... 그래픽은 엄청남",
    "date": "08.03.31",
    "rating": "1",
    "author": "godf****",
    "review_id": "2551623",
    "movie_id": "32223"
  },
  {
    "review": "그래픽은 환상인데...",
    "date": "08.03.29",
    "rating": "8",
    "author": "ppop****",
    "review_id": "2548092",
    "movie_id": "32223"
  },
  {
    "review": "이거 꼭 0.5점 줘야돼? 0점은 없어?",
    "date": "08.03.28",
    "rating": "1",
    "author": "kjhj****",
    "review_id": "2546529",
    "movie_id": "32223"
  },
  {
    "review": "그래픽으로만 이룬 멋진 볼거리",
    "date": "08.03.25",
    "rating": "9",
    "author": "cont****",
    "review_id": "2541086",
    "movie_id": "32223"
  },
  {
    "review": "모든시즌을 재밌게 보았던 것인데 좀더 내용을 보충했으면 하는 애니메이션.",
    "date": "08.03.20",
    "rating": "10",
    "author": "ehdu****",
    "review_id": "2531071",
    "movie_id": "32223"
  },
  {
    "review": "그래도 파이널판타지7보다 젬있었다!",
    "date": "08.03.19",
    "rating": "10",
    "author": "dmax****",
    "review_id": "2529691",
    "movie_id": "32223"
  },
  {
    "review": "이게 뭐야?",
    "date": "08.03.15",
    "rating": "1",
    "author": "oran****",
    "review_id": "2522216",
    "movie_id": "32223"
  },
  {
    "review": "하나tv로 봤었는데 2001년때 CG치곤 정말 대작이였다.. 하지만 뭔가 부족해.",
    "date": "08.02.29",
    "rating": "8",
    "author": "dg28****",
    "review_id": "2494051",
    "movie_id": "32223"
  },
  {
    "review": "망한 영화",
    "date": "08.02.26",
    "rating": "2",
    "author": "drd1****",
    "review_id": "2483515",
    "movie_id": "32223"
  },
  {
    "review": "내용면에서 관객에 대한 배려가 없었다고 생각한다. 그것만 빼면 완벽했다.",
    "date": "08.02.21",
    "rating": "10",
    "author": "crit****",
    "review_id": "2469957",
    "movie_id": "32223"
  },
  {
    "review": "지금 악플이 난무하는데 이해못해서 그런거다.",
    "date": "08.02.21",
    "rating": "10",
    "author": "tjsw****",
    "review_id": "2469479",
    "movie_id": "32223"
  },
  {
    "review": "그래픽은 9.4점 스토리는 4.9점[......]",
    "date": "08.02.06",
    "rating": "7",
    "author": "krae****",
    "review_id": "2414175",
    "movie_id": "32223"
  },
  {
    "review": "개 OO같은 영화 보면 후회함",
    "date": "08.02.04",
    "rating": "1",
    "author": "gety****",
    "review_id": "2405678",
    "movie_id": "32223"
  },
  {
    "review": "클픽은 좋은데 일본식 오바의 절정이였따",
    "date": "08.02.01",
    "rating": "4",
    "author": "love****",
    "review_id": "2396187",
    "movie_id": "32223"
  },
  {
    "review": "그래픽도 좋고 내용도 좋았는데 흥행 참패라니 정말 아쉽다",
    "date": "08.02.01",
    "rating": "10",
    "author": "pinh****",
    "review_id": "2393190",
    "movie_id": "32223"
  },
  {
    "review": "역시 파이널판타지~!! 가이아 이론에 대한 새로운 접근~!!",
    "date": "08.01.22",
    "rating": "10",
    "author": "xogu****",
    "review_id": "2356895",
    "movie_id": "32223"
  },
  {
    "review": "재밌는데 나도 약간 이해가 안 가네;;",
    "date": "08.01.04",
    "rating": "7",
    "author": "tri_****",
    "review_id": "2297155",
    "movie_id": "32223"
  },
  {
    "review": "두번째 보니 작품의 진가를 알수 있겠군. 대단한 애니. 비쥬얼도 화려. 내용도 굿",
    "date": "07.12.15",
    "rating": "8",
    "author": "tico****",
    "review_id": "2233261",
    "movie_id": "32223"
  },
  {
    "review": "도저히 내용 이해가 불가능한 영화...",
    "date": "07.12.02",
    "rating": "3",
    "author": "1234****",
    "review_id": "2201611",
    "movie_id": "32223"
  },
  {
    "review": "비쥬얼이 화려햇지만 몬가약간의 지루함이느껴진다",
    "date": "07.11.22",
    "rating": "7",
    "author": "tjdw****",
    "review_id": "2172803",
    "movie_id": "32223"
  },
  {
    "review": "낭비의 대향연",
    "date": "07.11.15",
    "rating": "2",
    "author": "ques****",
    "review_id": "2153543",
    "movie_id": "32223"
  },
  {
    "review": "재미있는줄 알고 보다가 아무생각없이 본 영화",
    "date": "07.11.14",
    "rating": "3",
    "author": "uniw****",
    "review_id": "2151444",
    "movie_id": "32223"
  },
  {
    "review": "어께가 큰 로봇들이 싸우는장면 하나만으로 여기저기 물어본끝에 찾은영화",
    "date": "07.11.13",
    "rating": "10",
    "author": "lyre****",
    "review_id": "2148451",
    "movie_id": "32223"
  },
  {
    "review": "내용을 중심으로 봐야하는 철학이 담긴 훌륭한 영화!!!",
    "date": "07.09.20",
    "rating": "10",
    "author": "true****",
    "review_id": "2033537",
    "movie_id": "32223"
  },
  {
    "review": "영화관에서 잔 몇안되는영화..일본영화들평점 정말이상하군..",
    "date": "07.09.14",
    "rating": "1",
    "author": "sl20****",
    "review_id": "2019320",
    "movie_id": "32223"
  },
  {
    "review": "지금봐도 기가막힌 cg...",
    "date": "07.08.25",
    "rating": "7",
    "author": "typo****",
    "review_id": "1976506",
    "movie_id": "32223"
  },
  {
    "review": "처음 스토리가 약간 지루하긴 했어도 두근두근 했던 영화",
    "date": "07.08.19",
    "rating": "10",
    "author": "tjwj****",
    "review_id": "1960761",
    "movie_id": "32223"
  },
  {
    "review": "만들기는 잘만들었다",
    "date": "07.08.12",
    "rating": "5",
    "author": "sims****",
    "review_id": "1923875",
    "movie_id": "32223"
  },
  {
    "review": "그래도 그렇게 나쁘진 않았다 ㅎ",
    "date": "07.07.19",
    "rating": "8",
    "author": "good****",
    "review_id": "1791753",
    "movie_id": "32223"
  },
  {
    "review": "얼굴은 봐줄만한데 전체적인 비례는 어익후..",
    "date": "07.07.10",
    "rating": "6",
    "author": "chry****",
    "review_id": "1762421",
    "movie_id": "32223"
  },
  {
    "review": "그래픽은 좋은데 스토리가 너무 지루했다",
    "date": "07.06.25",
    "rating": "6",
    "author": "ukhk****",
    "review_id": "1719564",
    "movie_id": "32223"
  },
  {
    "review": "기억은 안나나 그래픽이 좋았던 것으로...",
    "date": "07.06.16",
    "rating": "6",
    "author": "ekth****",
    "review_id": "1704325",
    "movie_id": "32223"
  },
  {
    "review": "흐흠~~~ 본지 꾀 됬군, 하무튼 이거 강추!!!",
    "date": "07.06.15",
    "rating": "10",
    "author": "1012****",
    "review_id": "1702555",
    "movie_id": "32223"
  },
  {
    "review": "스토리는 그런데 그래픽은 굿!",
    "date": "07.05.27",
    "rating": "10",
    "author": "qudv****",
    "review_id": "1666271",
    "movie_id": "32223"
  }
]