[
  {
    "review": "1편은 신선한 맛이라도 있었지만 2편은 좀 진부한 느낌",
    "date": "14.10.17",
    "rating": "1",
    "author": "jjaj****",
    "review_id": "9297314",
    "movie_id": "32225"
  },
  {
    "review": "미국 코미디중 핫칙이랑 이 아메리칸파이2가 젤 웃기다ㅋㅋ 아메리칸파이 시리즈 중 2가 진짜 웃김 ㅋㅋ1편3편 다 필요없다 4편이후 후속작들은 쓰레기임",
    "date": "14.08.28",
    "rating": "10",
    "author": "youe****",
    "review_id": "9139212",
    "movie_id": "32225"
  },
  {
    "review": "진짜 웃기고 유쾌하다 ㅋㅋ",
    "date": "13.12.19",
    "rating": "10",
    "author": "bjnh****",
    "review_id": "8240216",
    "movie_id": "32225"
  },
  {
    "review": "감동과재미 그리고 사랑을 알 수 있는 유익한 영화",
    "date": "13.08.17",
    "rating": "10",
    "author": "show****",
    "review_id": "7893544",
    "movie_id": "32225"
  },
  {
    "review": "자신의  꿈에그리던 그녀와  완벽한섹스를위해!",
    "date": "13.07.28",
    "rating": "8",
    "author": "ghkd****",
    "review_id": "7792630",
    "movie_id": "32225"
  },
  {
    "review": "전작의 연장선에 있지만 아직은 유효하다",
    "date": "13.07.03",
    "rating": "8",
    "author": "dins****",
    "review_id": "7700920",
    "movie_id": "32225"
  },
  {
    "review": "1편보다 한층업그레이드됫다~골떄리는재미~",
    "date": "13.06.23",
    "rating": "8",
    "author": "dlru****",
    "review_id": "7672918",
    "movie_id": "32225"
  },
  {
    "review": "1보다 더 엉망진창인 상황이 2편에서 펼쳐지며, 더욱더 골때리게 진화한 이영화, 역시 고등학생에서 대학생으로 한층 업그레이드 된 만큼 웃음도 한층 업그레이드 되어 돌아온 속편, 스티플러 오줌맥주 마실때는 진짜 쓰러진다.",
    "date": "13.06.20",
    "rating": "10",
    "author": "bajj****",
    "review_id": "7658493",
    "movie_id": "32225"
  },
  {
    "review": "존나 대박이야. 존나 재미있다.ㅋㅋㅋㅋㅋㅋㅋ.진짜 대박.와..ㅋㅋㅋㅋㅋㅋ.",
    "date": "13.02.09",
    "rating": "10",
    "author": "zang****",
    "review_id": "7241793",
    "movie_id": "32225"
  },
  {
    "review": "끝이 맘에 안들군...그래도 첫작에 비해 선방",
    "date": "13.01.22",
    "rating": "8",
    "author": "egks****",
    "review_id": "7142210",
    "movie_id": "32225"
  },
  {
    "review": "전작못지않음",
    "date": "13.01.15",
    "rating": "8",
    "author": "zzz1****",
    "review_id": "7119064",
    "movie_id": "32225"
  },
  {
    "review": "1의 재미를 그대로 살려냈다. 최고의 속편",
    "date": "12.09.14",
    "rating": "9",
    "author": "love****",
    "review_id": "6694973",
    "movie_id": "32225"
  },
  {
    "review": "너무너무재밌어",
    "date": "12.08.19",
    "rating": "9",
    "author": "ptyo****",
    "review_id": "6627311",
    "movie_id": "32225"
  },
  {
    "review": "유쾌 재미",
    "date": "12.08.10",
    "rating": "9",
    "author": "ggan****",
    "review_id": "6590106",
    "movie_id": "32225"
  },
  {
    "review": "엉뚱하게 미쉘이랑 연결되다니.. ㅋㅋ",
    "date": "12.06.07",
    "rating": "8",
    "author": "tn99****",
    "review_id": "6374018",
    "movie_id": "32225"
  },
  {
    "review": "1편과 마찬가지로 되게 재미있게 봤음ㅋㅋ 끝에는 그나마 감동?",
    "date": "11.12.28",
    "rating": "9",
    "author": "seul****",
    "review_id": "5942215",
    "movie_id": "32225"
  },
  {
    "review": "이 영화도 벌써 10년전 작품됐네....지금봐도 전혀 지루하지 않음...",
    "date": "11.09.14",
    "rating": "8",
    "author": "refr****",
    "review_id": "5731662",
    "movie_id": "32225"
  },
  {
    "review": "본격적인 섹시 코미디 시리즈",
    "date": "11.09.10",
    "rating": "8",
    "author": "ccpp****",
    "review_id": "5718486",
    "movie_id": "32225"
  },
  {
    "review": "유쾌하다",
    "date": "11.09.10",
    "rating": "8",
    "author": "rame****",
    "review_id": "5718485",
    "movie_id": "32225"
  },
  {
    "review": "섹시 코미디의 진수",
    "date": "11.09.10",
    "rating": "8",
    "author": "kpcc****",
    "review_id": "5718483",
    "movie_id": "32225"
  },
  {
    "review": "골때리는 친구들^^",
    "date": "11.08.11",
    "rating": "7",
    "author": "jero****",
    "review_id": "5635090",
    "movie_id": "32225"
  },
  {
    "review": "섹시코미디의 최고 시리즈임",
    "date": "11.06.07",
    "rating": "6",
    "author": "mais****",
    "review_id": "5469513",
    "movie_id": "32225"
  },
  {
    "review": "발칙해지려는 천둥벌거숭이들의 '폭풍' 성장기.",
    "date": "11.03.02",
    "rating": "4",
    "author": "rygh****",
    "review_id": "5289028",
    "movie_id": "32225"
  },
  {
    "review": "난 재미없던데ㅡㅡ?그냥 너무뻔한얘기고 웃음포인트도없고..이게뭐가재밌단거야",
    "date": "11.02.26",
    "rating": "1",
    "author": "rhkd****",
    "review_id": "5277279",
    "movie_id": "32225"
  },
  {
    "review": "알리슨 한니간의 귀엽고 사랑스러움이 빛난 영화",
    "date": "11.02.10",
    "rating": "10",
    "author": "pp0p****",
    "review_id": "5232671",
    "movie_id": "32225"
  },
  {
    "review": "하이틴 성장 섹시 코미디의 진수",
    "date": "10.12.02",
    "rating": "10",
    "author": "whdb****",
    "review_id": "5014785",
    "movie_id": "32225"
  },
  {
    "review": "유쾌한 섹시 코미디 그 두번째",
    "date": "10.11.25",
    "rating": "8",
    "author": "yser****",
    "review_id": "4987499",
    "movie_id": "32225"
  },
  {
    "review": "전편보다는 더 나았던 것 같음. 뭐랄까 더 상큼하다고나 할까.",
    "date": "10.08.14",
    "rating": "6",
    "author": "stit****",
    "review_id": "4747012",
    "movie_id": "32225"
  },
  {
    "review": "하이틴영화의 색다른 맛! 짐과 미쉘의 사랑 찡하다~",
    "date": "10.07.19",
    "rating": "8",
    "author": "wlfa****",
    "review_id": "4653488",
    "movie_id": "32225"
  },
  {
    "review": "ㅋㅋㅋㅋㅋ성장영화의지존",
    "date": "10.04.06",
    "rating": "10",
    "author": "hifn****",
    "review_id": "4415914",
    "movie_id": "32225"
  },
  {
    "review": "앨리슨 해니건 너무 사랑스럽다....    홀리 포테이토!  ㅋㅋㅋㅋ",
    "date": "10.03.06",
    "rating": "10",
    "author": "dr_c****",
    "review_id": "4339074",
    "movie_id": "32225"
  },
  {
    "review": "ㅋㅋㅋㅋㅋㅋㅋㅋㅋ1편보다3배는웃김진짜ㅋㅋㅋㅋㅋㅋㅋㅋㅋㅋㅋㅋㅋㅋㅋㅋㅋㅋㅋ",
    "date": "10.02.25",
    "rating": "10",
    "author": "ghrj****",
    "review_id": "4317599",
    "movie_id": "32225"
  },
  {
    "review": "역시웃김ㅋㅋ",
    "date": "09.12.17",
    "rating": "10",
    "author": "dowb****",
    "review_id": "4050133",
    "movie_id": "32225"
  },
  {
    "review": "웃기긴 하다",
    "date": "09.11.28",
    "rating": "4",
    "author": "mans****",
    "review_id": "3997590",
    "movie_id": "32225"
  },
  {
    "review": "1편도 재미있었지만 주인공이 마지막에 고백하는데서 찡했다.ㅎ",
    "date": "09.08.02",
    "rating": "10",
    "author": "kjh1****",
    "review_id": "3698789",
    "movie_id": "32225"
  },
  {
    "review": "솔직히 재밌었다. 아주...",
    "date": "09.07.23",
    "rating": "8",
    "author": "kanj****",
    "review_id": "3657995",
    "movie_id": "32225"
  },
  {
    "review": "섹스코미디 영화의 최고봉 !!!",
    "date": "09.06.21",
    "rating": "9",
    "author": "refr****",
    "review_id": "3579589",
    "movie_id": "32225"
  },
  {
    "review": "1편은 굿이었는데 2편에서부터 조금씩 이상해지는 아메리칸파이..",
    "date": "09.05.29",
    "rating": "7",
    "author": "tleh****",
    "review_id": "3528724",
    "movie_id": "32225"
  },
  {
    "review": "스티플러 너무 웃기다 ㅋㅋ 여주인공도 나름 귀엽다",
    "date": "09.05.04",
    "rating": "10",
    "author": "kore****",
    "review_id": "3464926",
    "movie_id": "32225"
  },
  {
    "review": "역시 아메리칸파이",
    "date": "09.04.23",
    "rating": "10",
    "author": "nebg****",
    "review_id": "3436475",
    "movie_id": "32225"
  },
  {
    "review": "볼만했다 ㅋㅋ",
    "date": "09.04.04",
    "rating": "10",
    "author": "rnlw****",
    "review_id": "3403196",
    "movie_id": "32225"
  },
  {
    "review": "1편도 그랬지만 짐 아빠가 젤 웃기다.ㅋㅋㅋㅋ",
    "date": "09.02.22",
    "rating": "9",
    "author": "dela****",
    "review_id": "3324248",
    "movie_id": "32225"
  },
  {
    "review": "1,2,3편 다 재밌는데 그중에서 2편이 제일 재밌었다 무전기씬에서 스티플러 너무웃김",
    "date": "09.02.20",
    "rating": "10",
    "author": "pupu****",
    "review_id": "3317588",
    "movie_id": "32225"
  },
  {
    "review": "전편보다 한층 강해진 코믹!!",
    "date": "09.02.05",
    "rating": "9",
    "author": "sooj****",
    "review_id": "3279558",
    "movie_id": "32225"
  },
  {
    "review": "전편친구들이 모두 나와 친숙하고 재밌다.",
    "date": "09.01.29",
    "rating": "10",
    "author": "simb****",
    "review_id": "3260746",
    "movie_id": "32225"
  },
  {
    "review": "스티플러, 네 덕에 시간 좀 보냈다.",
    "date": "09.01.08",
    "rating": "7",
    "author": "lady****",
    "review_id": "3202065",
    "movie_id": "32225"
  },
  {
    "review": "가볍게 즐길수 있는 섹스 코미디",
    "date": "08.10.11",
    "rating": "8",
    "author": "newj****",
    "review_id": "2994874",
    "movie_id": "32225"
  },
  {
    "review": "1편에 이은 주인공들의 사랑에 대한 심정 변화를 잘 나타내주어 보는 재미를 더 했다.",
    "date": "08.10.03",
    "rating": "10",
    "author": "unde****",
    "review_id": "2981036",
    "movie_id": "32225"
  },
  {
    "review": "그냥 볼만한 섹스코미디영화..",
    "date": "08.09.17",
    "rating": "5",
    "author": "wind****",
    "review_id": "2953360",
    "movie_id": "32225"
  },
  {
    "review": "역시아메리칸파이다 라고 생각이들지만 전편보다는 조금 아쉬운",
    "date": "08.07.26",
    "rating": "10",
    "author": "kdg6****",
    "review_id": "2804269",
    "movie_id": "32225"
  },
  {
    "review": "최고다 최고! 미국문화나 파티 틀에벗어난 생활등이 부러워진다",
    "date": "08.07.20",
    "rating": "10",
    "author": "rhcd****",
    "review_id": "2785432",
    "movie_id": "32225"
  },
  {
    "review": "스티플러 좐니웃겨 배꼽빠진다",
    "date": "08.07.17",
    "rating": "10",
    "author": "blue****",
    "review_id": "2773140",
    "movie_id": "32225"
  },
  {
    "review": "1편의주인공들이 그대로나와 좋았고 1편보다 더재밌었다 ㅋㅋㅋ",
    "date": "08.05.13",
    "rating": "9",
    "author": "drea****",
    "review_id": "2638899",
    "movie_id": "32225"
  },
  {
    "review": "전작의 부족했던점을 보충한 전작보다 낳은 후속작",
    "date": "08.05.13",
    "rating": "9",
    "author": "meth****",
    "review_id": "2637762",
    "movie_id": "32225"
  },
  {
    "review": "재기발랄함은 온대간대없고 화장실 유머만 남았다",
    "date": "08.04.29",
    "rating": "4",
    "author": "jusp****",
    "review_id": "2604572",
    "movie_id": "32225"
  },
  {
    "review": "타임 킬링용으로 최고! 배꼽빠진다 ㅋㅋㅋ",
    "date": "08.02.16",
    "rating": "8",
    "author": "nawa****",
    "review_id": "2451124",
    "movie_id": "32225"
  },
  {
    "review": "미나수바리 너무이쁨~ㅋ",
    "date": "08.02.02",
    "rating": "10",
    "author": "ypd7****",
    "review_id": "2398014",
    "movie_id": "32225"
  },
  {
    "review": "1편은 좋았는데 2편은 그에 못미쳤던 기억이 ..",
    "date": "08.02.01",
    "rating": "6",
    "author": "gall****",
    "review_id": "2394515",
    "movie_id": "32225"
  },
  {
    "review": "와후 ~ 굿",
    "date": "08.01.26",
    "rating": "10",
    "author": "rkqq****",
    "review_id": "2371394",
    "movie_id": "32225"
  },
  {
    "review": "1편 보고 2편보다 훨씬 재미있다..정말 웃긴다~ㅋㅋㅋ",
    "date": "08.01.21",
    "rating": "8",
    "author": "urd0****",
    "review_id": "2353396",
    "movie_id": "32225"
  },
  {
    "review": "1편보다라기보다라고 하기보단 충분히 재밌었다.",
    "date": "07.12.23",
    "rating": "8",
    "author": "jhuj****",
    "review_id": "2257651",
    "movie_id": "32225"
  },
  {
    "review": "나도 1편보단",
    "date": "07.12.12",
    "rating": "6",
    "author": "toto****",
    "review_id": "2227305",
    "movie_id": "32225"
  },
  {
    "review": "ㅋㅋ 넘 웃겼다.(내생각에는 1편보다 더 유쾌함^^)",
    "date": "07.12.11",
    "rating": "10",
    "author": "dusa****",
    "review_id": "2224575",
    "movie_id": "32225"
  },
  {
    "review": "고품격 화장실유머.유쾌하다",
    "date": "07.12.07",
    "rating": "8",
    "author": "baks****",
    "review_id": "2212258",
    "movie_id": "32225"
  },
  {
    "review": "그냥 웃고 넘길만한 영화지",
    "date": "07.11.11",
    "rating": "7",
    "author": "pksj****",
    "review_id": "2145369",
    "movie_id": "32225"
  },
  {
    "review": "나름대로 정말 웃겼던 작품",
    "date": "07.08.28",
    "rating": "8",
    "author": "deff****",
    "review_id": "1984881",
    "movie_id": "32225"
  },
  {
    "review": "전작의 아슬아슬함을 잃어버린 그래도 맛있는 파이. 이제 그만.",
    "date": "07.08.16",
    "rating": "7",
    "author": "tori****",
    "review_id": "1948022",
    "movie_id": "32225"
  },
  {
    "review": "전편의 매력은 어느 정도 남아있지만,, 한계가 보인다.",
    "date": "07.08.15",
    "rating": "6",
    "author": "eulo****",
    "review_id": "1940067",
    "movie_id": "32225"
  },
  {
    "review": "여전히 재밌는 아메리칸 파이 ㅋㅋ",
    "date": "07.08.11",
    "rating": "8",
    "author": "typo****",
    "review_id": "1919326",
    "movie_id": "32225"
  },
  {
    "review": "이게 재밌다고??!?!?",
    "date": "07.07.09",
    "rating": "1",
    "author": "hong****",
    "review_id": "1761944",
    "movie_id": "32225"
  },
  {
    "review": "ㅋㅋㅋㅋㅋ진짜 이게 젤 재미있었다.. 일반적이지 않은 영화 ㅋㅋ",
    "date": "07.05.27",
    "rating": "10",
    "author": "ekag****",
    "review_id": "1667765",
    "movie_id": "32225"
  },
  {
    "review": "넘웃겨요 ㅎㅎ",
    "date": "07.05.27",
    "rating": "10",
    "author": "yh_8****",
    "review_id": "1666681",
    "movie_id": "32225"
  },
  {
    "review": "뒷간유머",
    "date": "07.05.18",
    "rating": "1",
    "author": "pung****",
    "review_id": "1644328",
    "movie_id": "32225"
  },
  {
    "review": "1편의 즐거움과 등장인물을 이어서.. 아직도 재미있다!",
    "date": "07.05.15",
    "rating": "9",
    "author": "lege****",
    "review_id": "1639981",
    "movie_id": "32225"
  },
  {
    "review": "귀여운 자식들",
    "date": "07.05.13",
    "rating": "7",
    "author": "fuck****",
    "review_id": "1635762",
    "movie_id": "32225"
  },
  {
    "review": "유쾌!",
    "date": "07.04.29",
    "rating": "10",
    "author": "gurw****",
    "review_id": "1612035",
    "movie_id": "32225"
  },
  {
    "review": "미국식 유머의 코드를 보여주는듯...",
    "date": "07.04.10",
    "rating": "6",
    "author": "skat****",
    "review_id": "1582316",
    "movie_id": "32225"
  },
  {
    "review": "1편에 비해 실망",
    "date": "07.04.09",
    "rating": "7",
    "author": "notn****",
    "review_id": "1580090",
    "movie_id": "32225"
  },
  {
    "review": "완전 기대 이하 !!!!!!!! 전혀 재밌지도 웃기지도 않은 영화였다",
    "date": "07.02.12",
    "rating": "2",
    "author": "a870****",
    "review_id": "1465606",
    "movie_id": "32225"
  },
  {
    "review": "ㅋㅋ 이거보면서 쓰러질뻔했던기억..",
    "date": "07.01.31",
    "rating": "10",
    "author": "choi****",
    "review_id": "1429969",
    "movie_id": "32225"
  },
  {
    "review": "경쾌&발랄 섹스 코미디! 흥겹고, 신나고, 재미있어요...",
    "date": "07.01.21",
    "rating": "8",
    "author": "caca****",
    "review_id": "1401444",
    "movie_id": "32225"
  },
  {
    "review": "졸라잼쓰 고딩때 봣는데 ㅋㅋㅋ",
    "date": "07.01.08",
    "rating": "10",
    "author": "ohoh****",
    "review_id": "1368115",
    "movie_id": "32225"
  },
  {
    "review": "어떻게 이게 1편보다 더 점수가 좋냐",
    "date": "07.01.08",
    "rating": "1",
    "author": "nala****",
    "review_id": "1368002",
    "movie_id": "32225"
  },
  {
    "review": "전작을 뛰어넘는 정말 잼있는 영화",
    "date": "07.01.08",
    "rating": "6",
    "author": "ppp0****",
    "review_id": "1366788",
    "movie_id": "32225"
  },
  {
    "review": "정말 톡쏘는 재치에 배가 뒤집어진다",
    "date": "06.12.25",
    "rating": "9",
    "author": "rizo****",
    "review_id": "1327536",
    "movie_id": "32225"
  },
  {
    "review": "섹스코미디의 지존!",
    "date": "06.12.11",
    "rating": "10",
    "author": "star****",
    "review_id": "1283576",
    "movie_id": "32225"
  },
  {
    "review": "1편과 더불어 유쾌했던 영화, 무전기씬 지대 웃겼다",
    "date": "06.10.20",
    "rating": "8",
    "author": "sbrl****",
    "review_id": "1190486",
    "movie_id": "32225"
  },
  {
    "review": "아..억지스럽다..",
    "date": "06.10.08",
    "rating": "6",
    "author": "onch****",
    "review_id": "1171436",
    "movie_id": "32225"
  },
  {
    "review": "전편과 마찬가지로.. 재밋다..",
    "date": "06.09.24",
    "rating": "10",
    "author": "han_****",
    "review_id": "1139780",
    "movie_id": "32225"
  },
  {
    "review": "이런 웃음을 원해~~!! 배우들 정말 대단하다. 감독님 사랑해요~~",
    "date": "06.09.20",
    "rating": "10",
    "author": "fuha****",
    "review_id": "1134289",
    "movie_id": "32225"
  },
  {
    "review": "섹스코메디의 교과서",
    "date": "06.08.24",
    "rating": "10",
    "author": "zzan****",
    "review_id": "1074597",
    "movie_id": "32225"
  },
  {
    "review": "유쾌하고재밌는 이야기''ㅎ",
    "date": "06.08.22",
    "rating": "10",
    "author": "shea****",
    "review_id": "1066824",
    "movie_id": "32225"
  },
  {
    "review": "늘 이런 유쾌한 분위기 좋아 ~ㅋㅋ전편보다 낫네요",
    "date": "06.08.19",
    "rating": "6",
    "author": "kcm7****",
    "review_id": "1058854",
    "movie_id": "32225"
  },
  {
    "review": "색스코메디라지만 전혀 저질 스럽지가 않아.",
    "date": "06.08.19",
    "rating": "8",
    "author": "aiba****",
    "review_id": "1055714",
    "movie_id": "32225"
  },
  {
    "review": "1편보다 조금 못하지만 매우재밌음ㅎㅎ",
    "date": "06.08.17",
    "rating": "10",
    "author": "iih5****",
    "review_id": "1046688",
    "movie_id": "32225"
  },
  {
    "review": "이거 재미없다고 하면말이안된다.유쾌발랄하이틴에로영화 ㅋㅋ",
    "date": "06.08.15",
    "rating": "10",
    "author": "gspo****",
    "review_id": "1037838",
    "movie_id": "32225"
  },
  {
    "review": "성욕들이 너무 심해;;; 그냥 1편같은 느낌.",
    "date": "06.08.11",
    "rating": "7",
    "author": "magi****",
    "review_id": "999714",
    "movie_id": "32225"
  },
  {
    "review": "재밌다. 남자들이라면 한번쯤 있을법한일들 ㅋㅋㅋ",
    "date": "06.08.03",
    "rating": "9",
    "author": "in13****",
    "review_id": "962820",
    "movie_id": "32225"
  },
  {
    "review": "ㅋ.ㅋ; 트럼펫..남자끼리 키스 ㅋㅋㅋ",
    "date": "06.06.10",
    "rating": "8",
    "author": "chef****",
    "review_id": "838532",
    "movie_id": "32225"
  },
  {
    "review": "재밌다..",
    "date": "06.04.27",
    "rating": "10",
    "author": "simw****",
    "review_id": "777950",
    "movie_id": "32225"
  }
]