[
  {
    "review": "하 전편만못하다 ...",
    "date": "15.08.05",
    "rating": "1",
    "author": "yhch****",
    "review_id": "10186266",
    "movie_id": "32224"
  },
  {
    "review": "한 번씩 빵 터질 때가 있는 코미디 평작. 엑소시스트 패러디 부분이 인상 깊었다. 1편보다는 좀 못한 듯한 느낌",
    "date": "15.06.22",
    "rating": "5",
    "author": "tscm****",
    "review_id": "10021897",
    "movie_id": "32224"
  },
  {
    "review": "같은 웨이언스 형제 작품인데.. 1편의 호러코믹패러디 장르는 어디가고 섹드립만 넘쳐서...",
    "date": "15.01.25",
    "rating": "5",
    "author": "yumi****",
    "review_id": "9633554",
    "movie_id": "32224"
  },
  {
    "review": "좀 웃김..   패러디 영화의 진수",
    "date": "14.12.21",
    "rating": "7",
    "author": "adiv****",
    "review_id": "9499271",
    "movie_id": "32224"
  },
  {
    "review": "1편보단 약하지만, 1편에 충실한 병맛 코미디. 심심하지만, 여전히 웃긴 패러디.",
    "date": "14.11.17",
    "rating": "7",
    "author": "jms5****",
    "review_id": "9396078",
    "movie_id": "32224"
  },
  {
    "review": "이 시리즈물중에 가장 재미없고, 유치하다.",
    "date": "14.11.02",
    "rating": "6",
    "author": "kjk9****",
    "review_id": "9335257",
    "movie_id": "32224"
  },
  {
    "review": "1편보다 훨씬 더 다양한 케릭터들이 웃김. 특히 나이키 광고 패러디가 대박이었음. 무서운 영화 시리즈 중 최고 웃긴 장면은 나이키 광고 패러디인 듯",
    "date": "14.10.15",
    "rating": "7",
    "author": "jjaj****",
    "review_id": "9293459",
    "movie_id": "32224"
  },
  {
    "review": "아놔 ㅋㅋㅋㅋ고양이랑 싸우는 장면 개웃겨",
    "date": "14.07.30",
    "rating": "10",
    "author": "flrx****",
    "review_id": "8980321",
    "movie_id": "32224"
  },
  {
    "review": "패러디 영화 중에서 이거만한 게 없음",
    "date": "14.07.18",
    "rating": "8",
    "author": "fghy****",
    "review_id": "8927423",
    "movie_id": "32224"
  },
  {
    "review": "재미없다. 유치한 개그력에 무조건 웃기만 하면 코미디인줄 아는 영화다.",
    "date": "14.06.13",
    "rating": "1",
    "author": "hang****",
    "review_id": "8825513",
    "movie_id": "32224"
  },
  {
    "review": "귀신들린 나무가 대마초 말을 때.. ㅋㅋ",
    "date": "14.04.16",
    "rating": "7",
    "author": "pont****",
    "review_id": "8652844",
    "movie_id": "32224"
  },
  {
    "review": "미국식코미디 재밋다 볼만하",
    "date": "14.03.02",
    "rating": "8",
    "author": "yyw8****",
    "review_id": "8549949",
    "movie_id": "32224"
  },
  {
    "review": "이 영화 시리즈 웃기다. ㅋㅋ",
    "date": "14.01.15",
    "rating": "9",
    "author": "rldn****",
    "review_id": "8385153",
    "movie_id": "32224"
  },
  {
    "review": "가끔씩 이런 B급영화도 봐줘야 머리를 식히지",
    "date": "13.10.25",
    "rating": "7",
    "author": "lkyl****",
    "review_id": "8086318",
    "movie_id": "32224"
  },
  {
    "review": "1편보단 별로인듯?..",
    "date": "13.10.06",
    "rating": "8",
    "author": "534k****",
    "review_id": "8040140",
    "movie_id": "32224"
  },
  {
    "review": "1편은 어느정도 봐줄만한 한데.. 2편은 이건머..",
    "date": "13.08.12",
    "rating": "1",
    "author": "xx41****",
    "review_id": "7872899",
    "movie_id": "32224"
  },
  {
    "review": "솔직히 시리즈중 가장 재미없었다. 흥행스코어도 시리즈 중 가장 안좋았는데 이유가 있는 듯..",
    "date": "13.07.12",
    "rating": "4",
    "author": "gshh****",
    "review_id": "7731200",
    "movie_id": "32224"
  },
  {
    "review": "무서운 영화 시리즈 중에서 제일 망작인데 이상하게 평점이 높네..1,3,4는 봐줄만한데 2는 최악",
    "date": "13.05.25",
    "rating": "1",
    "author": "joey****",
    "review_id": "7553839",
    "movie_id": "32224"
  },
  {
    "review": "1편에 비하면 2편은 망작",
    "date": "13.04.14",
    "rating": "4",
    "author": "dlat****",
    "review_id": "7459054",
    "movie_id": "32224"
  },
  {
    "review": "패러디 영화의 최고봉!",
    "date": "13.01.22",
    "rating": "10",
    "author": "maru****",
    "review_id": "7149366",
    "movie_id": "32224"
  },
  {
    "review": "점점 더 재밌어진다 ㅋㅋㅋㅋㅋㅋㅋㅋㅋㅋㅋㅋㅋ 엑소시스트 패러디는 정말 대",
    "date": "13.01.11",
    "rating": "9",
    "author": "minj****",
    "review_id": "7100775",
    "movie_id": "32224"
  },
  {
    "review": "ㅍ",
    "date": "13.01.06",
    "rating": "10",
    "author": "ab73****",
    "review_id": "7088248",
    "movie_id": "32224"
  },
  {
    "review": "이작품좋아하는데 진짜웃김 ㅋ",
    "date": "12.12.17",
    "rating": "10",
    "author": "wogh****",
    "review_id": "7014004",
    "movie_id": "32224"
  },
  {
    "review": "뭐.. 이 정도면 만족~",
    "date": "12.12.06",
    "rating": "7",
    "author": "tn99****",
    "review_id": "6978998",
    "movie_id": "32224"
  },
  {
    "review": "그럭저럭.",
    "date": "12.10.24",
    "rating": "4",
    "author": "kem1****",
    "review_id": "6824152",
    "movie_id": "32224"
  },
  {
    "review": "여전히 재밌다. 어떤면에선 1편보다 좋은거 같음",
    "date": "12.09.06",
    "rating": "7",
    "author": "supe****",
    "review_id": "6673544",
    "movie_id": "32224"
  },
  {
    "review": "주체할수 없을만큼 배꼽빠지게 웃었다. 시리즈중 가장 코믹하다!",
    "date": "12.07.27",
    "rating": "8",
    "author": "high****",
    "review_id": "6543202",
    "movie_id": "32224"
  },
  {
    "review": "안나 페리스의 매력에 흠뻑 요때까진 괜찮았는데~~~",
    "date": "12.03.23",
    "rating": "7",
    "author": "wjdg****",
    "review_id": "6161771",
    "movie_id": "32224"
  },
  {
    "review": "시리즈중 최악 이편만 별로재미없고 혐오스러운게 많다 어떤건 진짜좀무서움",
    "date": "12.03.13",
    "rating": "1",
    "author": "jisi****",
    "review_id": "6141749",
    "movie_id": "32224"
  },
  {
    "review": "good",
    "date": "12.03.06",
    "rating": "10",
    "author": "nice****",
    "review_id": "6128024",
    "movie_id": "32224"
  },
  {
    "review": "시리즈중 괜찮았음",
    "date": "11.12.31",
    "rating": "6",
    "author": "thdu****",
    "review_id": "5950508",
    "movie_id": "32224"
  },
  {
    "review": "나진짜옛날에이거보다가토할뻔너무웋겨서 ㅋㅋㅋㅋㅋㅋㅋㅋ역시웨이언스형제들은대단해",
    "date": "11.10.30",
    "rating": "8",
    "author": "emin****",
    "review_id": "5817619",
    "movie_id": "32224"
  },
  {
    "review": "좀 야하긴한데 그래도 웃기니깐,,,",
    "date": "11.09.17",
    "rating": "7",
    "author": "orph****",
    "review_id": "5736257",
    "movie_id": "32224"
  },
  {
    "review": "전편보다 더 경악적으로 웃김",
    "date": "11.07.24",
    "rating": "7",
    "author": "hsfa****",
    "review_id": "5565621",
    "movie_id": "32224"
  },
  {
    "review": "식사시간에 크리스 엘리어트 하는씬이 이영화 최고에 압권! ㅋ_ㅋ;;",
    "date": "11.05.31",
    "rating": "10",
    "author": "yogo****",
    "review_id": "5458291",
    "movie_id": "32224"
  },
  {
    "review": "원작 영화들을 모르면 재미없음..",
    "date": "11.05.12",
    "rating": "7",
    "author": "mais****",
    "review_id": "5423303",
    "movie_id": "32224"
  },
  {
    "review": "전 편보단 나아졌지만..",
    "date": "11.03.24",
    "rating": "5",
    "author": "pree****",
    "review_id": "5331902",
    "movie_id": "32224"
  },
  {
    "review": "Scary Movie II",
    "date": "11.01.28",
    "rating": "3",
    "author": "kos4****",
    "review_id": "5191652",
    "movie_id": "32224"
  },
  {
    "review": "난 칠면조후장빠는거랑 미션임파서블 패러디가 제일 웃기던데.",
    "date": "11.01.18",
    "rating": "10",
    "author": "lolo****",
    "review_id": "5166776",
    "movie_id": "32224"
  },
  {
    "review": "재밌었음ㅋㅋㅋㅋ특히 초반부분ㅋㅋㅋㅋㅋㅋ오줌쌀때",
    "date": "10.08.18",
    "rating": "10",
    "author": "7771****",
    "review_id": "4761913",
    "movie_id": "32224"
  },
  {
    "review": "이런",
    "date": "10.08.14",
    "rating": "5",
    "author": "ssss****",
    "review_id": "4744884",
    "movie_id": "32224"
  },
  {
    "review": "전편보단 아니지만.. 그래도 재밌음 ㅋㅋ 저질코믹영화라도 재밌는건ㅋ",
    "date": "10.04.20",
    "rating": "8",
    "author": "ltls****",
    "review_id": "4445493",
    "movie_id": "32224"
  },
  {
    "review": "아 토하는장면은 진짜 명장면인듯 ㅋㅋㅋㅋㅋㅋㅋㅋㅋㅋㅋㅋㅋ",
    "date": "10.04.19",
    "rating": "10",
    "author": "ckdu****",
    "review_id": "4443655",
    "movie_id": "32224"
  },
  {
    "review": "수많은 영화를 잘도 패러디해 버무려놨군....",
    "date": "10.03.15",
    "rating": "10",
    "author": "bajj****",
    "review_id": "4360099",
    "movie_id": "32224"
  },
  {
    "review": "무서운영화 시리즈는, 그냥보지말고 패러디된, 원작영화 다보고봐야 제맛♥",
    "date": "10.02.28",
    "rating": "10",
    "author": "gksx****",
    "review_id": "4323745",
    "movie_id": "32224"
  },
  {
    "review": "ㅋㅋㅋㅋㅋㅋㅋㅋㅋㅋㅋㅋㅋㅋB급영화의힘",
    "date": "10.02.15",
    "rating": "8",
    "author": "oooo****",
    "review_id": "4282868",
    "movie_id": "32224"
  },
  {
    "review": "존나 웃겼음",
    "date": "09.12.11",
    "rating": "10",
    "author": "zxc6****",
    "review_id": "4034929",
    "movie_id": "32224"
  },
  {
    "review": "짱..........................!",
    "date": "09.10.21",
    "rating": "10",
    "author": "alwa****",
    "review_id": "3907046",
    "movie_id": "32224"
  },
  {
    "review": "재밌다",
    "date": "09.10.18",
    "rating": "7",
    "author": "moff****",
    "review_id": "3900086",
    "movie_id": "32224"
  },
  {
    "review": "토하는걸로 싸우는거 아 진짜 웃겨 ㅜㅜ",
    "date": "09.10.01",
    "rating": "10",
    "author": "whls****",
    "review_id": "3863566",
    "movie_id": "32224"
  },
  {
    "review": "시리즈 중 최고!",
    "date": "09.09.29",
    "rating": "10",
    "author": "ohso****",
    "review_id": "3861112",
    "movie_id": "32224"
  },
  {
    "review": "전편에서 관객들에게 보여준 독특한 웃음과 재미가 사라졌다.",
    "date": "09.07.31",
    "rating": "4",
    "author": "mk28****",
    "review_id": "3690057",
    "movie_id": "32224"
  },
  {
    "review": "어찌말로 표현해야할지..",
    "date": "09.05.28",
    "rating": "8",
    "author": "tige****",
    "review_id": "3528154",
    "movie_id": "32224"
  },
  {
    "review": "킬링타임용?아니 난일부러 시간내어봐!!",
    "date": "09.04.15",
    "rating": "10",
    "author": "qoor****",
    "review_id": "3422702",
    "movie_id": "32224"
  },
  {
    "review": "킬링타임용",
    "date": "09.04.13",
    "rating": "5",
    "author": "jkh0****",
    "review_id": "3418791",
    "movie_id": "32224"
  },
  {
    "review": "네.. 1년이란 시간은 알찬 속편을 제작하기에는 턱없이 부족한 시간이지요..",
    "date": "09.03.11",
    "rating": "4",
    "author": "acin****",
    "review_id": "3360349",
    "movie_id": "32224"
  },
  {
    "review": "안나패리스 개이쁘다",
    "date": "09.02.20",
    "rating": "10",
    "author": "ghde****",
    "review_id": "3320074",
    "movie_id": "32224"
  },
  {
    "review": "1편에 비해 너무 떨어지는 재미..",
    "date": "09.02.17",
    "rating": "5",
    "author": "blue****",
    "review_id": "3312303",
    "movie_id": "32224"
  },
  {
    "review": "시리즈중 최악",
    "date": "09.02.15",
    "rating": "1",
    "author": "them****",
    "review_id": "3303551",
    "movie_id": "32224"
  },
  {
    "review": "시리즈 중에 최악 웃긴 장면이 없음",
    "date": "09.01.19",
    "rating": "1",
    "author": "maru****",
    "review_id": "3231113",
    "movie_id": "32224"
  },
  {
    "review": "아 유령하고 한판뜰때 넘 웃겻다",
    "date": "08.12.29",
    "rating": "10",
    "author": "engr****",
    "review_id": "3162869",
    "movie_id": "32224"
  },
  {
    "review": "1편보다 재미있던데 나만 그러나? ㅋ",
    "date": "08.11.19",
    "rating": "8",
    "author": "mins****",
    "review_id": "3059554",
    "movie_id": "32224"
  },
  {
    "review": "웃고 넘길만한 킬리타임용 무난한 영화, 시리즈중 최고인듯하다",
    "date": "08.10.07",
    "rating": "8",
    "author": "wlsq****",
    "review_id": "2987139",
    "movie_id": "32224"
  },
  {
    "review": "푸하하하하하하하하 무서운여오하 시리즈 너무좋아 패러디가 젤좋아",
    "date": "08.10.01",
    "rating": "7",
    "author": "hjj5****",
    "review_id": "2977552",
    "movie_id": "32224"
  },
  {
    "review": "1편보단약하지만그래도웃김 ㅋㅋㅋ",
    "date": "08.08.24",
    "rating": "8",
    "author": "shin****",
    "review_id": "2899399",
    "movie_id": "32224"
  },
  {
    "review": "스필버그가 돈아까워서 울었고 충격으로 미친놈이되서 웃은 영화",
    "date": "08.07.25",
    "rating": "1",
    "author": "hjj8****",
    "review_id": "2801632",
    "movie_id": "32224"
  },
  {
    "review": "시간낭비...",
    "date": "08.07.15",
    "rating": "10",
    "author": "aect****",
    "review_id": "2764532",
    "movie_id": "32224"
  },
  {
    "review": "세련미가 떨어지네. 3편이 좀 더 낫군.",
    "date": "08.06.29",
    "rating": "6",
    "author": "cmh4****",
    "review_id": "2729286",
    "movie_id": "32224"
  },
  {
    "review": "속편의 안좋은 공식들을 모두 그대로 따르고 있군.",
    "date": "08.06.18",
    "rating": "7",
    "author": "wfy0****",
    "review_id": "2705832",
    "movie_id": "32224"
  },
  {
    "review": "어라? 갑자기 힘이 왜이렇게 빠져 버렸지???",
    "date": "08.06.10",
    "rating": "3",
    "author": "jusp****",
    "review_id": "2692061",
    "movie_id": "32224"
  },
  {
    "review": "1편은 보고 미치는 줄 알았는데 2편은 그저 그렇네..",
    "date": "08.06.07",
    "rating": "6",
    "author": "2601****",
    "review_id": "2685509",
    "movie_id": "32224"
  },
  {
    "review": "난 그냥 영화시작부터 웃엇네 계속ㅋㅋㅋ",
    "date": "08.05.29",
    "rating": "10",
    "author": "pall****",
    "review_id": "2668766",
    "movie_id": "32224"
  },
  {
    "review": "몇 번인가 크게 웃긴 장면이 나오긴 하지만...",
    "date": "08.05.27",
    "rating": "8",
    "author": "1231****",
    "review_id": "2666232",
    "movie_id": "32224"
  },
  {
    "review": "골빈영화패러디.. 아무생각없이 보다보면 가끔씩 피식~하고 웃을수있다..그게 전부^^",
    "date": "08.05.25",
    "rating": "7",
    "author": "sky0****",
    "review_id": "2661679",
    "movie_id": "32224"
  },
  {
    "review": "삐에로와 흑인남자와싸웠을때 재미있었다 ㅋㅋㅋ아웃겨",
    "date": "08.05.04",
    "rating": "10",
    "author": "djan****",
    "review_id": "2615698",
    "movie_id": "32224"
  },
  {
    "review": "아....웃겨 특히 농구공으로 cf 패러디한거..",
    "date": "08.03.25",
    "rating": "10",
    "author": "sens****",
    "review_id": "2542159",
    "movie_id": "32224"
  },
  {
    "review": "2편이 가장 재미없는듯..",
    "date": "08.03.09",
    "rating": "6",
    "author": "rlad****",
    "review_id": "2511876",
    "movie_id": "32224"
  },
  {
    "review": "5점",
    "date": "08.02.20",
    "rating": "5",
    "author": "dede****",
    "review_id": "2466191",
    "movie_id": "32224"
  },
  {
    "review": "전편의 재미를 배신해버린 정말 무서운영화",
    "date": "08.02.18",
    "rating": "1",
    "author": "stra****",
    "review_id": "2459798",
    "movie_id": "32224"
  },
  {
    "review": "별로.. 코믹하지도 않다.. 하나도 않웃기다.. 그냥 킬링타임용..",
    "date": "08.02.11",
    "rating": "6",
    "author": "pola****",
    "review_id": "2434387",
    "movie_id": "32224"
  },
  {
    "review": "짜집기식 웃기기 영화지만 한번 웃는데는 좋은 영화",
    "date": "08.02.10",
    "rating": "7",
    "author": "oliv****",
    "review_id": "2431912",
    "movie_id": "32224"
  },
  {
    "review": "킹왕짱!",
    "date": "08.02.10",
    "rating": "9",
    "author": "ohyj****",
    "review_id": "2431453",
    "movie_id": "32224"
  },
  {
    "review": "완전 웃겨",
    "date": "08.02.04",
    "rating": "10",
    "author": "wlst****",
    "review_id": "2408475",
    "movie_id": "32224"
  },
  {
    "review": "웃겨서 죽는줄알았다",
    "date": "08.01.31",
    "rating": "10",
    "author": "1ast****",
    "review_id": "2390292",
    "movie_id": "32224"
  },
  {
    "review": "어설픈 말장난의 향연..",
    "date": "08.01.30",
    "rating": "4",
    "author": "evil****",
    "review_id": "2386244",
    "movie_id": "32224"
  },
  {
    "review": "존나게 웃기다 ㅋㅋㅋㅋㅋㅋㅋㅋ 너무 웃겨서 죽는줄 ㅋㅋㅋ",
    "date": "08.01.18",
    "rating": "10",
    "author": "emma****",
    "review_id": "2344320",
    "movie_id": "32224"
  },
  {
    "review": "왠지 나랑 맞는 코드",
    "date": "08.01.17",
    "rating": "10",
    "author": "kebi****",
    "review_id": "2340410",
    "movie_id": "32224"
  },
  {
    "review": "억지 웃게하려하는것 같다. 그렇지만 꽤 그럭저럭 볼만한 영화",
    "date": "08.01.15",
    "rating": "8",
    "author": "days****",
    "review_id": "2335308",
    "movie_id": "32224"
  },
  {
    "review": "원이 더 재밋지만 글래머 섹쉬한 여자 너므 좋앙 ㅎㅎ",
    "date": "08.01.12",
    "rating": "10",
    "author": "bmg3****",
    "review_id": "2320239",
    "movie_id": "32224"
  },
  {
    "review": "배꼽잡는다... 하지만 좀",
    "date": "08.01.06",
    "rating": "5",
    "author": "tere****",
    "review_id": "2303145",
    "movie_id": "32224"
  },
  {
    "review": "우리랑 약간 코드가 안 맞지만 시간 죽이기로는 제격",
    "date": "07.12.23",
    "rating": "6",
    "author": "teo0****",
    "review_id": "2256188",
    "movie_id": "32224"
  },
  {
    "review": "이거 존나 웃겨 ㅋㅋㅋ",
    "date": "07.12.21",
    "rating": "10",
    "author": "duaj****",
    "review_id": "2252423",
    "movie_id": "32224"
  },
  {
    "review": "전보다 약해졌지만 배우의 연기와 그들의 장난끼는 여전하다",
    "date": "07.11.10",
    "rating": "6",
    "author": "itda****",
    "review_id": "2143686",
    "movie_id": "32224"
  },
  {
    "review": "안나패리스 절대 팬임",
    "date": "07.11.09",
    "rating": "7",
    "author": "pksj****",
    "review_id": "2140976",
    "movie_id": "32224"
  },
  {
    "review": "태생이 즈질. ㅋㅋ 그래도 순간순간 재밌다 ~",
    "date": "07.11.02",
    "rating": "6",
    "author": "pm91****",
    "review_id": "2127557",
    "movie_id": "32224"
  },
  {
    "review": "그럭저럭 볼만한 영화였음",
    "date": "07.10.27",
    "rating": "6",
    "author": "sung****",
    "review_id": "2114282",
    "movie_id": "32224"
  },
  {
    "review": "야하면서 재밌던데 ㅋㅋ 감독센스에 놀랬다",
    "date": "07.10.18",
    "rating": "8",
    "author": "oloi****",
    "review_id": "2095970",
    "movie_id": "32224"
  },
  {
    "review": "킬링타임용으로도 부적절한영화..어처구니가없다",
    "date": "07.10.12",
    "rating": "1",
    "author": "goms****",
    "review_id": "2084826",
    "movie_id": "32224"
  },
  {
    "review": "외국코미디중가장잼나게웃었네.시리즈중 최곤데이제야보다니쩝.어쨋든 정말웃김",
    "date": "07.10.06",
    "rating": "9",
    "author": "sjs1****",
    "review_id": "2073629",
    "movie_id": "32224"
  },
  {
    "review": "패러디도 잘됫고 웃긴부분도 많았지만 이해못하는 사람들도 많았을거같아",
    "date": "07.09.23",
    "rating": "10",
    "author": "aqzz****",
    "review_id": "2040814",
    "movie_id": "32224"
  }
]