[
  {
    "review": "짐 카비젤의 눈빛이 아주 오래도록 기억에 남는 영화였습니다. 모성본능을 자극하는 상처입고 외로워 보이는 눈빛.... ㅠ ㅠ",
    "date": "15.04.30",
    "rating": "10",
    "author": "love****",
    "review_id": "9879444",
    "movie_id": "32229"
  },
  {
    "review": "항상 루이스 만도키 영화는 초중반까지 흥미있다가 후반에 떨어 지네요 감독 스타일인가",
    "date": "14.09.07",
    "rating": "7",
    "author": "ps2w****",
    "review_id": "9177748",
    "movie_id": "32229"
  },
  {
    "review": "엔젤 화이링!!! 넘 재미있어요",
    "date": "14.06.09",
    "rating": "10",
    "author": "kang****",
    "review_id": "8817619",
    "movie_id": "32229"
  },
  {
    "review": "구혜선때문에 10점 주고갑니다 데헷! ^~^",
    "date": "14.06.08",
    "rating": "10",
    "author": "sung****",
    "review_id": "8814316",
    "movie_id": "32229"
  },
  {
    "review": "이사람들아 이건 엔젤아이즈 드라마가아니라 외국영화인데 평을 그렇게 적으면 어떻하냐들",
    "date": "14.04.29",
    "rating": "1",
    "author": "dbsx****",
    "review_id": "8682349",
    "movie_id": "32229"
  },
  {
    "review": "너무 아련하고 너무 슬프며너무 행복한 드라마",
    "date": "14.04.28",
    "rating": "10",
    "author": "yeng****",
    "review_id": "8680972",
    "movie_id": "32229"
  },
  {
    "review": "진짜 최고!! 너무너무재밌어요!! 아역들 연기완전잘했고 그뒤이어서 잘 바턴터치한거같아요 스토리가너무좋아요 ㅎㅎ",
    "date": "14.04.28",
    "rating": "10",
    "author": "wlst****",
    "review_id": "8679111",
    "movie_id": "32229"
  },
  {
    "review": "따뜻하고 순수한 첫사랑 이야기~그마음 진심 느껴지네요이상윤  구혜선 정말 잘 어울리네요~♡",
    "date": "14.04.27",
    "rating": "10",
    "author": "juj8****",
    "review_id": "8677206",
    "movie_id": "32229"
  },
  {
    "review": "뭔가반전있는 스릴러를 예상헀는데예상이 빗나갔다",
    "date": "14.04.24",
    "rating": "5",
    "author": "last****",
    "review_id": "8670291",
    "movie_id": "32229"
  },
  {
    "review": "굿굿쩔어요!!!정말감동적이에요",
    "date": "14.04.20",
    "rating": "10",
    "author": "gorh****",
    "review_id": "8662509",
    "movie_id": "32229"
  },
  {
    "review": "혜선누나 넘 이쁨 하트뿅뿅 ♡_♡",
    "date": "14.04.19",
    "rating": "10",
    "author": "k798****",
    "review_id": "8659869",
    "movie_id": "32229"
  },
  {
    "review": "기다려집니다 재밌어요",
    "date": "14.04.19",
    "rating": "10",
    "author": "kkno****",
    "review_id": "8659644",
    "movie_id": "32229"
  },
  {
    "review": "굿  재밌네요감사합니다",
    "date": "14.04.19",
    "rating": "10",
    "author": "hope****",
    "review_id": "8659604",
    "movie_id": "32229"
  },
  {
    "review": "구혜선누나연기너무잘해요",
    "date": "14.04.15",
    "rating": "10",
    "author": "dl13****",
    "review_id": "8652577",
    "movie_id": "32229"
  },
  {
    "review": "사랑으로 트라우마를 치유하는 진부하지만 따뜻한 이야기",
    "date": "13.04.01",
    "rating": "7",
    "author": "beau****",
    "review_id": "7428354",
    "movie_id": "32229"
  },
  {
    "review": "........................................",
    "date": "13.03.20",
    "rating": "10",
    "author": "kpm7****",
    "review_id": "7381286",
    "movie_id": "32229"
  },
  {
    "review": "감동적이고주연들의연기도좋았다",
    "date": "13.03.20",
    "rating": "10",
    "author": "eb50****",
    "review_id": "7374277",
    "movie_id": "32229"
  },
  {
    "review": "불행한 과거와 아픔을 치유하는 미국식 가족드라마.",
    "date": "13.02.11",
    "rating": "8",
    "author": "sipj****",
    "review_id": "7250847",
    "movie_id": "32229"
  },
  {
    "review": "전형적인 홈-멜로 영화",
    "date": "13.01.20",
    "rating": "6",
    "author": "dins****",
    "review_id": "7136066",
    "movie_id": "32229"
  },
  {
    "review": "두 배우의 연기와 매력이 느껴졌고 영화 또한 중반 전 후로 다른 매력이 있다.",
    "date": "12.12.07",
    "rating": "8",
    "author": "wlfa****",
    "review_id": "6982674",
    "movie_id": "32229"
  },
  {
    "review": "잔잔하면서도 은근히 매력있는영화...제임스 카비젤..우수에 젖은 눈빛..넘 멋지고 매력적인 배우...",
    "date": "12.07.13",
    "rating": "10",
    "author": "jhh9****",
    "review_id": "6476262",
    "movie_id": "32229"
  },
  {
    "review": "평범한 주제로 은은하게 때론 긴장감있게 눈빛으로 마음을 아려오게 하네. 참나",
    "date": "12.06.25",
    "rating": "10",
    "author": "quiq****",
    "review_id": "6416102",
    "movie_id": "32229"
  },
  {
    "review": "상처 입은 영혼을 감싸는 짐 카비젤의 그윽하고 깊은 눈빛을 잊을 수 없다~ ㅜ_ㅜ",
    "date": "12.02.14",
    "rating": "10",
    "author": "ski7****",
    "review_id": "6073791",
    "movie_id": "32229"
  },
  {
    "review": "카비젤때문에 10점줌ㅋㅋㅋㅋ영화는 그냥저냥",
    "date": "12.01.07",
    "rating": "10",
    "author": "skrh****",
    "review_id": "5968330",
    "movie_id": "32229"
  },
  {
    "review": "사람사는 이야기",
    "date": "11.11.12",
    "rating": "5",
    "author": "dbzh****",
    "review_id": "5843552",
    "movie_id": "32229"
  },
  {
    "review": "짐 카비젤 너무 잘생기고 멋있다....내용은 따뜻하고 평범한 스토리",
    "date": "11.10.24",
    "rating": "6",
    "author": "sptl****",
    "review_id": "5807972",
    "movie_id": "32229"
  },
  {
    "review": "This is an unconvincing C movie. This movie does not know what it is..",
    "date": "11.01.25",
    "rating": "4",
    "author": "mchy****",
    "review_id": "5183519",
    "movie_id": "32229"
  },
  {
    "review": "진행될수록 평점을 까먹는 독특한 영화",
    "date": "09.01.01",
    "rating": "5",
    "author": "cont****",
    "review_id": "3172554",
    "movie_id": "32229"
  },
  {
    "review": "짐 카비젤 프리퀀시때가 좋았다.여기서 왜캐 망가져 불쌍해보임ㅠ",
    "date": "08.07.25",
    "rating": "8",
    "author": "yjpo****",
    "review_id": "2801513",
    "movie_id": "32229"
  },
  {
    "review": "중반까지는 너무 좋았는데.. 결국 평범한 이야기로 엔딩을 지어버리는...",
    "date": "08.05.05",
    "rating": "7",
    "author": "sinb****",
    "review_id": "2619448",
    "movie_id": "32229"
  },
  {
    "review": "남자배우가 디워 주인공이랑 닮앗음",
    "date": "07.08.13",
    "rating": "10",
    "author": "jy49****",
    "review_id": "1933299",
    "movie_id": "32229"
  },
  {
    "review": "소중한것을 잃기전에 그것의 소중함을 알고 감사해야 한다",
    "date": "07.08.07",
    "rating": "8",
    "author": "nala****",
    "review_id": "1896838",
    "movie_id": "32229"
  },
  {
    "review": "훈훈한 아름다움을 가진 영화",
    "date": "07.06.02",
    "rating": "8",
    "author": "gksq****",
    "review_id": "1677723",
    "movie_id": "32229"
  },
  {
    "review": "가두어 두었던 아픈 기억을 그녀와 함께 열어가는 길...",
    "date": "07.05.06",
    "rating": "7",
    "author": "caca****",
    "review_id": "1625262",
    "movie_id": "32229"
  },
  {
    "review": "제임스 카비젤! 영화가 끝난 후에도 그의 눈빛이 아른 아른~~",
    "date": "07.04.04",
    "rating": "10",
    "author": "hye5****",
    "review_id": "1572390",
    "movie_id": "32229"
  },
  {
    "review": "재밋습니다!!이거 다시 볼려고 찾느라고 꼬박 이틀을 고생-!!",
    "date": "07.01.04",
    "rating": "10",
    "author": "redb****",
    "review_id": "1355283",
    "movie_id": "32229"
  },
  {
    "review": "아 재밌다. 평점이 좀..그러네..",
    "date": "06.11.26",
    "rating": "9",
    "author": "k900****",
    "review_id": "1252457",
    "movie_id": "32229"
  },
  {
    "review": "이 영화 묘한 매력있다.",
    "date": "06.11.09",
    "rating": "8",
    "author": "hdbw****",
    "review_id": "1223439",
    "movie_id": "32229"
  },
  {
    "review": "드라마적 요소가 잘 갖춰져 있는 만도키 스타일의 작품",
    "date": "06.10.27",
    "rating": "6",
    "author": "okjo****",
    "review_id": "1202265",
    "movie_id": "32229"
  },
  {
    "review": "본 영화의 최강 반전은 캐치가 유령이 아니란 것.",
    "date": "06.10.26",
    "rating": "6",
    "author": "whal****",
    "review_id": "1199636",
    "movie_id": "32229"
  },
  {
    "review": "가족의 소중함을 깨닫게 한 영화",
    "date": "06.07.26",
    "rating": "10",
    "author": "djaa****",
    "review_id": "923030",
    "movie_id": "32229"
  },
  {
    "review": "너무나 상투적인 이야기. 그러나 미워할 수 없는 매력",
    "date": "06.07.25",
    "rating": "7",
    "author": "myst****",
    "review_id": "922029",
    "movie_id": "32229"
  },
  {
    "review": "루이스 만도키의 멜로 영화는 정말 탁월하다.",
    "date": "06.04.29",
    "rating": "7",
    "author": "movi****",
    "review_id": "779222",
    "movie_id": "32229"
  },
  {
    "review": "부드럽게 거칠게 잔잔하게 생각하게",
    "date": "06.04.17",
    "rating": "10",
    "author": "luna****",
    "review_id": "765650",
    "movie_id": "32229"
  },
  {
    "review": "당연 별 다섯개짜리 영화죠~",
    "date": "06.04.10",
    "rating": "10",
    "author": "budd****",
    "review_id": "756652",
    "movie_id": "32229"
  },
  {
    "review": "제니퍼에요~",
    "date": "06.04.10",
    "rating": "3",
    "author": "scal****",
    "review_id": "756515",
    "movie_id": "32229"
  },
  {
    "review": "지루~한 스토리 뭔가 반전이 있을듯싶어 참고 봤더만 전혀없음",
    "date": "06.04.10",
    "rating": "3",
    "author": "impi****",
    "review_id": "756378",
    "movie_id": "32229"
  },
  {
    "review": "스릴러인줄알았더만..감동도 주고.참 괜찮은 영화네요",
    "date": "06.04.08",
    "rating": "8",
    "author": "pjhl****",
    "review_id": "753782",
    "movie_id": "32229"
  },
  {
    "review": "잔잔하게 이야기를 풀어가며 감동을 주는 영화.",
    "date": "05.08.14",
    "rating": "9",
    "author": "sola****",
    "review_id": "365684",
    "movie_id": "32229"
  },
  {
    "review": "제니퍼와 짐의 어색했던 연기야말로 관객을 힘들게한다",
    "date": "05.05.27",
    "rating": "3",
    "author": "si2p****",
    "review_id": "287524",
    "movie_id": "32229"
  },
  {
    "review": "카비젤의 눈빛만 좋았다",
    "date": "04.12.15",
    "rating": "4",
    "author": "shir****",
    "review_id": "163129",
    "movie_id": "32229"
  },
  {
    "review": "케릭터는 좋았는데..",
    "date": "04.10.16",
    "rating": "5",
    "author": "thin****",
    "review_id": "126602",
    "movie_id": "32229"
  },
  {
    "review": "제목만큼 상투적이긴 해도 이런류의 영화는 기본빵은 한다.",
    "date": "04.10.10",
    "rating": "8",
    "author": "6591****",
    "review_id": "123413",
    "movie_id": "32229"
  },
  {
    "review": "상처를 가진 남자와 그녀만의 아름다운 사랑이야기",
    "date": "04.08.03",
    "rating": "10",
    "author": "myho****",
    "review_id": "82950",
    "movie_id": "32229"
  },
  {
    "review": "나에게 눈물을 준 영화..",
    "date": "04.06.29",
    "rating": "10",
    "author": "duau****",
    "review_id": "62413",
    "movie_id": "32229"
  },
  {
    "review": "이보다~ 더 진한 감동은 없슴~ 퉤퉤퉤~~*",
    "date": "04.04.11",
    "rating": "10",
    "author": "uexc****",
    "review_id": "35870",
    "movie_id": "32229"
  },
  {
    "review": "상처받은 영혼에게 치유가 될 수 (도?) 있는 영화..따뜻♨",
    "date": "04.01.10",
    "rating": "9",
    "author": "ooju****",
    "review_id": "9523",
    "movie_id": "32229"
  },
  {
    "review": "그럭저럭한영화...",
    "date": "03.12.16",
    "rating": "8",
    "author": "ipas****",
    "review_id": "3031",
    "movie_id": "32229"
  }
]