[
  {
    "review": "2015.07.18",
    "date": "15.07.20",
    "rating": "2",
    "author": "zyeo****",
    "review_id": "10124277",
    "movie_id": "32226"
  },
  {
    "review": "ㅈㄴ 재밌는데ㅋㅋㅋㅋ",
    "date": "15.07.17",
    "rating": "10",
    "author": "tnql****",
    "review_id": "10112632",
    "movie_id": "32226"
  },
  {
    "review": "빌리크리스탈 중심의 홍보 작전 위주로 가는가 싶더니 연예인 커플의 치고받는 해프닝.. 인가 싶더니 결말은 다시 다른 방향으로... 이야기의 큰 줄기도 이리저리 바뀌고 그 속의 주인공이라 불릴만한 캐릭터도 중심없이 이리저리 바뀌는 느낌",
    "date": "15.04.15",
    "rating": "4",
    "author": "wjsr****",
    "review_id": "9847055",
    "movie_id": "32226"
  },
  {
    "review": "이영화가 재밌었으나 911테러 직후 20일도 채안됫을때 개봉한영화라 흥행에 실패",
    "date": "14.07.25",
    "rating": "8",
    "author": "taba****",
    "review_id": "8955445",
    "movie_id": "32226"
  },
  {
    "review": "괜찮은영화",
    "date": "13.08.29",
    "rating": "10",
    "author": "kuky****",
    "review_id": "7933190",
    "movie_id": "32226"
  },
  {
    "review": "생각보다 평점이 너무낮아서 10점. 재밌었음",
    "date": "13.08.29",
    "rating": "10",
    "author": "song****",
    "review_id": "7933182",
    "movie_id": "32226"
  },
  {
    "review": "난 재미있게 봤는데.... 평점이 이렇게 낮다니 깜놀;;;;;; 웃기기도 하고 마지막에 반전도 있었고 -_-;;;",
    "date": "13.03.24",
    "rating": "9",
    "author": "were****",
    "review_id": "7403612",
    "movie_id": "32226"
  },
  {
    "review": "이렇게 좋은 배우들로.. ;;;",
    "date": "13.01.22",
    "rating": "5",
    "author": "tn99****",
    "review_id": "7155486",
    "movie_id": "32226"
  },
  {
    "review": "내용이상한데 왜자꾸웃음이나고 보는내내행복할까..",
    "date": "12.03.26",
    "rating": "9",
    "author": "jjcv****",
    "review_id": "6169569",
    "movie_id": "32226"
  },
  {
    "review": "극장에서보고 실망이었는데 OO뒤에 집에서 보니 괜찮네요",
    "date": "11.08.05",
    "rating": "8",
    "author": "chee****",
    "review_id": "5600986",
    "movie_id": "32226"
  },
  {
    "review": "재미있게봤는데 왜이리 평점이낮지?",
    "date": "10.08.20",
    "rating": "8",
    "author": "fofj****",
    "review_id": "4770894",
    "movie_id": "32226"
  },
  {
    "review": "이렇게 바보스러울 수가",
    "date": "10.02.07",
    "rating": "3",
    "author": "tjsd****",
    "review_id": "4257235",
    "movie_id": "32226"
  },
  {
    "review": "캐서린도 세월앞에선 별수 없구나",
    "date": "09.08.02",
    "rating": "6",
    "author": "cont****",
    "review_id": "3698832",
    "movie_id": "32226"
  },
  {
    "review": "시도는 좋았지만 실현시킬 능력이 모자르다.",
    "date": "09.03.07",
    "rating": "3",
    "author": "skat****",
    "review_id": "3351426",
    "movie_id": "32226"
  },
  {
    "review": "정말 현실성없는 영화",
    "date": "09.02.13",
    "rating": "1",
    "author": "dj16****",
    "review_id": "3299516",
    "movie_id": "32226"
  },
  {
    "review": "키키랑남자사이 너무 갑작스럽고 재미도없었음 억지스런유머",
    "date": "09.02.13",
    "rating": "1",
    "author": "g0da****",
    "review_id": "3298691",
    "movie_id": "32226"
  },
  {
    "review": "이 캐스팅으로 이렇게 밖에 못 하는지. 한숨만 나왔다.",
    "date": "08.11.02",
    "rating": "1",
    "author": "snua****",
    "review_id": "3032271",
    "movie_id": "32226"
  },
  {
    "review": "괜찮아~",
    "date": "08.10.11",
    "rating": "9",
    "author": "gydm****",
    "review_id": "2993820",
    "movie_id": "32226"
  },
  {
    "review": "흠.. 그냥 그럭저럭 봤던 영화였는데, 내용이기억이 잘 안나네, 다시봐야하나",
    "date": "08.02.22",
    "rating": "7",
    "author": "pksj****",
    "review_id": "2471710",
    "movie_id": "32226"
  },
  {
    "review": "줄리아와 캐서린의 매력 뽑내기 ...",
    "date": "08.02.12",
    "rating": "6",
    "author": "1stl****",
    "review_id": "2438593",
    "movie_id": "32226"
  },
  {
    "review": "숨겨진 이영화의 X맨을 찾아라.",
    "date": "08.02.11",
    "rating": "4",
    "author": "evil****",
    "review_id": "2435167",
    "movie_id": "32226"
  },
  {
    "review": "1점도 아깝다.개떡같은 후진 영화",
    "date": "07.12.17",
    "rating": "1",
    "author": "baks****",
    "review_id": "2239163",
    "movie_id": "32226"
  },
  {
    "review": "킬링타임용~~",
    "date": "07.12.11",
    "rating": "9",
    "author": "whyl****",
    "review_id": "2222521",
    "movie_id": "32226"
  },
  {
    "review": "풍자와 그것이 주는 웃음... 엄청웃었음...",
    "date": "07.11.30",
    "rating": "9",
    "author": "spik****",
    "review_id": "2194237",
    "movie_id": "32226"
  },
  {
    "review": "출연진의 매력~~~",
    "date": "07.09.29",
    "rating": "10",
    "author": "conn****",
    "review_id": "2059269",
    "movie_id": "32226"
  },
  {
    "review": "화려한 캐스팅, 그리고 ..... 없다",
    "date": "07.08.11",
    "rating": "6",
    "author": "k_yo****",
    "review_id": "1921128",
    "movie_id": "32226"
  },
  {
    "review": "두 여배우 외모 합산 6점.",
    "date": "07.08.09",
    "rating": "6",
    "author": "moon****",
    "review_id": "1908706",
    "movie_id": "32226"
  },
  {
    "review": "매력적인 작품은 아니라는 것 빌리크리스탈이 나오니 바라는것이 잘못",
    "date": "07.07.28",
    "rating": "5",
    "author": "deff****",
    "review_id": "1820965",
    "movie_id": "32226"
  },
  {
    "review": "캐스팅에 비해 영화가 너무나도 밋밋함",
    "date": "07.07.15",
    "rating": "5",
    "author": "lsh1****",
    "review_id": "1777522",
    "movie_id": "32226"
  },
  {
    "review": "보면 볼수록 답답한 로맨틱 코미디 허전하다...",
    "date": "07.03.10",
    "rating": "7",
    "author": "give****",
    "review_id": "1527353",
    "movie_id": "32226"
  },
  {
    "review": "남자인 내가 여배우보다 존쿠삭에게 눈길이 갔던 까닭은?",
    "date": "06.12.26",
    "rating": "8",
    "author": "elf2****",
    "review_id": "1328848",
    "movie_id": "32226"
  },
  {
    "review": "난 은근히 조았는데!! 특히 존쿠삭 배우!보면볼수록 멋있네~;;",
    "date": "06.11.08",
    "rating": "8",
    "author": "jsh6****",
    "review_id": "1222983",
    "movie_id": "32226"
  },
  {
    "review": "줄리아 로버츠의 광팬임에도 너무 지루하게 봤음.",
    "date": "06.10.25",
    "rating": "3",
    "author": "glos****",
    "review_id": "1198503",
    "movie_id": "32226"
  },
  {
    "review": "Bad...",
    "date": "06.09.25",
    "rating": "1",
    "author": "kmg5****",
    "review_id": "1142750",
    "movie_id": "32226"
  },
  {
    "review": "나쁘진 않았음 좀 시시하긴함",
    "date": "06.08.19",
    "rating": "6",
    "author": "iigo****",
    "review_id": "1055794",
    "movie_id": "32226"
  },
  {
    "review": "그냥 그저그런 재밌게 볼수있는 로맨틱코미디",
    "date": "06.02.20",
    "rating": "8",
    "author": "ara8****",
    "review_id": "682209",
    "movie_id": "32226"
  },
  {
    "review": "호화 케스팅의 배우들을 보는 재미와 톡톡튀는 대사들..",
    "date": "06.02.08",
    "rating": "7",
    "author": "movi****",
    "review_id": "654929",
    "movie_id": "32226"
  },
  {
    "review": "결말이 좋았음",
    "date": "05.12.25",
    "rating": "10",
    "author": "dud_****",
    "review_id": "529012",
    "movie_id": "32226"
  },
  {
    "review": "출연진만 빵빵하군, 난 후한 편인데 --",
    "date": "05.12.18",
    "rating": "5",
    "author": "sogu****",
    "review_id": "511598",
    "movie_id": "32226"
  },
  {
    "review": "재밌었는데",
    "date": "05.12.06",
    "rating": "9",
    "author": "lind****",
    "review_id": "495853",
    "movie_id": "32226"
  },
  {
    "review": "헐리우드 실체는 영화 속이 아닌 밖에 있는 것을 잠시 잊었었다.",
    "date": "05.11.25",
    "rating": "7",
    "author": "yong****",
    "review_id": "484662",
    "movie_id": "32226"
  },
  {
    "review": "진실된 사랑을 찾아서^^",
    "date": "05.10.20",
    "rating": "9",
    "author": "ssuj****",
    "review_id": "448564",
    "movie_id": "32226"
  },
  {
    "review": "재밌어요",
    "date": "05.10.05",
    "rating": "10",
    "author": "data****",
    "review_id": "433830",
    "movie_id": "32226"
  },
  {
    "review": "감독이 전하고자 하는 바는 무엇이었을까?",
    "date": "05.09.03",
    "rating": "6",
    "author": "zuiz****",
    "review_id": "391568",
    "movie_id": "32226"
  },
  {
    "review": "배우들에 비해 영화 내용이 아쉬워요.",
    "date": "05.08.06",
    "rating": "6",
    "author": "tire****",
    "review_id": "354779",
    "movie_id": "32226"
  },
  {
    "review": "그냥 괜찮던데",
    "date": "05.08.06",
    "rating": "7",
    "author": "jack****",
    "review_id": "354111",
    "movie_id": "32226"
  },
  {
    "review": "멜로의 대명사들이 모여 최악의 로멘스를 만들다",
    "date": "05.07.31",
    "rating": "2",
    "author": "okjo****",
    "review_id": "344843",
    "movie_id": "32226"
  },
  {
    "review": "괜찮았는데,",
    "date": "05.07.18",
    "rating": "9",
    "author": "ejwy****",
    "review_id": "325968",
    "movie_id": "32226"
  },
  {
    "review": "배우들 때문에 점수^^;;",
    "date": "05.06.22",
    "rating": "8",
    "author": "wara****",
    "review_id": "304291",
    "movie_id": "32226"
  },
  {
    "review": "이 배우들이 왜 이영화에 나왔을까...",
    "date": "05.05.19",
    "rating": "3",
    "author": "come****",
    "review_id": "280845",
    "movie_id": "32226"
  },
  {
    "review": "집에서 라면먹다가 케이블로 봐서 그럭저럭 만족..",
    "date": "05.05.18",
    "rating": "8",
    "author": "glif****",
    "review_id": "279938",
    "movie_id": "32226"
  },
  {
    "review": "초호화 캐스팅에 비해 너무 졸작 줄리아의 변신은 엽기적이었다",
    "date": "05.04.21",
    "rating": "5",
    "author": "si2p****",
    "review_id": "263721",
    "movie_id": "32226"
  },
  {
    "review": "마지막 짜증나는 여동생의 탈의 벗겨진건 잼났지만..평범해",
    "date": "05.04.04",
    "rating": "4",
    "author": "pjyl****",
    "review_id": "253567",
    "movie_id": "32226"
  },
  {
    "review": "뭔가 보여주려다 만 것 같은느낌.",
    "date": "05.02.20",
    "rating": "4",
    "author": "gabe****",
    "review_id": "225671",
    "movie_id": "32226"
  },
  {
    "review": "그나마 배우들이라도 제대로 해줬다",
    "date": "05.01.15",
    "rating": "4",
    "author": "royo****",
    "review_id": "186034",
    "movie_id": "32226"
  },
  {
    "review": "빌리 크리스탈 답지않은 시나리오..",
    "date": "04.10.21",
    "rating": "4",
    "author": "thin****",
    "review_id": "129877",
    "movie_id": "32226"
  },
  {
    "review": "밑에 햏과 같은 말",
    "date": "04.09.30",
    "rating": "10",
    "author": "dlco****",
    "review_id": "118186",
    "movie_id": "32226"
  },
  {
    "review": "존쿠삭에 반하게 만든 영화 ^ ^",
    "date": "04.09.29",
    "rating": "10",
    "author": "peac****",
    "review_id": "117075",
    "movie_id": "32226"
  },
  {
    "review": "재밌게 봤는데 기분좋게 살짝 뒤집는영화.키키캐릭터 맘에듬.",
    "date": "04.08.25",
    "rating": "8",
    "author": "happ****",
    "review_id": "96586",
    "movie_id": "32226"
  },
  {
    "review": "어릴때 멋모르고 본 시간 낭비인 영화",
    "date": "04.07.18",
    "rating": "2",
    "author": "usab****",
    "review_id": "72623",
    "movie_id": "32226"
  },
  {
    "review": "왠지 존쿠삭 아메리칸스윗하트랑 세렌디피티랑 역할이 비슷한듯..",
    "date": "04.06.26",
    "rating": "5",
    "author": "wonn****",
    "review_id": "60586",
    "movie_id": "32226"
  },
  {
    "review": "영화였어? 어디서 웃어애 했는지...",
    "date": "04.06.17",
    "rating": "3",
    "author": "drsl****",
    "review_id": "55257",
    "movie_id": "32226"
  },
  {
    "review": "나름대로 재미있었다... 적절히 섞인 코메디 그리고 스타들의 X파일",
    "date": "04.06.14",
    "rating": "8",
    "author": "jmli****",
    "review_id": "53906",
    "movie_id": "32226"
  },
  {
    "review": "그냥 웃고 즐기면 끝",
    "date": "04.06.12",
    "rating": "5",
    "author": "soyb****",
    "review_id": "53039",
    "movie_id": "32226"
  },
  {
    "review": "캐스팅만 화려함.정말로..그외에 남는게 없음;",
    "date": "04.05.26",
    "rating": "1",
    "author": "cart****",
    "review_id": "46281",
    "movie_id": "32226"
  },
  {
    "review": "연예인들의 숨겨진 X을 확인할수있는...",
    "date": "04.03.06",
    "rating": "7",
    "author": "jooi****",
    "review_id": "27169",
    "movie_id": "32226"
  },
  {
    "review": "정말 재미있는.. 또 숨은 감동이있는영화..",
    "date": "04.01.06",
    "rating": "10",
    "author": "angg****",
    "review_id": "8692",
    "movie_id": "32226"
  }
]