[
  {
    "review": "노답잼노답이다노답이영화는노답이다",
    "date": "15.06.20",
    "rating": "10",
    "author": "ksa7****",
    "review_id": "10013972",
    "movie_id": "32246"
  },
  {
    "review": "연기를 참 잘하는 배우들인데 왜 뜨지 못했지?",
    "date": "14.11.15",
    "rating": "8",
    "author": "marc****",
    "review_id": "9388463",
    "movie_id": "32246"
  },
  {
    "review": "삶을 생각해보게 만드는 영화,,, 좋다",
    "date": "14.10.10",
    "rating": "10",
    "author": "daya****",
    "review_id": "9282050",
    "movie_id": "32246"
  },
  {
    "review": "당시 언론에선 독특한 영화라고 하더니만 참 서글프다 ..",
    "date": "13.12.17",
    "rating": "4",
    "author": "dizi****",
    "review_id": "8219473",
    "movie_id": "32246"
  },
  {
    "review": "베스트 극장이나 드라마 시티같은 TV단편 드라마 보다 못하다",
    "date": "13.09.09",
    "rating": "3",
    "author": "pree****",
    "review_id": "7962642",
    "movie_id": "32246"
  },
  {
    "review": "현실에서도 C급 배우인 이들은, 이영화에서 비록 주인공이지만 그들의 배역은 현실의 C급 역할들일 뿐이라는 참 안타까운 상황이 주는 묘한 일체감이 더욱 웃음을 배가시키지만, 그 씁슬함은 지워지질 않아",
    "date": "13.07.04",
    "rating": "9",
    "author": "bajj****",
    "review_id": "7702900",
    "movie_id": "32246"
  },
  {
    "review": "현실적이고 암울한 우리네 일상을 여실히 까발려놓은듯한 영화.김해곤의 리얼하고 찰진 욕은 보는내내 빵빵 터지게 한다.마치 미국식 코미디를 보는듯한 장면이 몇몇 보였는데 너무 유쾌하고 재밌음.",
    "date": "12.10.30",
    "rating": "9",
    "author": "wlgm****",
    "review_id": "6836398",
    "movie_id": "32246"
  },
  {
    "review": "왜 흥행을 못 했을까?  재미있고 메시지도 있고  산울림의 음악도 좋고.....",
    "date": "12.02.11",
    "rating": "10",
    "author": "oclo****",
    "review_id": "6067359",
    "movie_id": "32246"
  },
  {
    "review": "정말 좋은 영화다 진짜 이런영화 요즘은 없나 모르겠네....",
    "date": "11.12.14",
    "rating": "10",
    "author": "smbo****",
    "review_id": "5904695",
    "movie_id": "32246"
  },
  {
    "review": "글쎄.. 뭔가 있을 듯하다 그냥 끝나는 영화",
    "date": "11.11.22",
    "rating": "7",
    "author": "yoon****",
    "review_id": "5864682",
    "movie_id": "32246"
  },
  {
    "review": "그들의 소박한 인생살이 이야기의 재미가 제법 쏠쏠하다.",
    "date": "11.07.03",
    "rating": "8",
    "author": "bboj****",
    "review_id": "5518131",
    "movie_id": "32246"
  },
  {
    "review": "웃기지만 좀 슬프고, 유쾌하지만 씁쓸한 인생영화. 아마 늦은 여름이었을거야~",
    "date": "11.04.27",
    "rating": "10",
    "author": "yekk****",
    "review_id": "5394111",
    "movie_id": "32246"
  },
  {
    "review": "서민적 친근하다 dl",
    "date": "11.03.09",
    "rating": "8",
    "author": "tall****",
    "review_id": "5301893",
    "movie_id": "32246"
  },
  {
    "review": "편안한 그늘은 항상 내곁에 있다",
    "date": "11.01.19",
    "rating": "6",
    "author": "asun****",
    "review_id": "5169081",
    "movie_id": "32246"
  },
  {
    "review": "재밌게 잘 봤어요..ㅋㅋ",
    "date": "10.11.09",
    "rating": "10",
    "author": "yhib****",
    "review_id": "4947933",
    "movie_id": "32246"
  },
  {
    "review": "서민적인 잔잔한 여운이 느껴집니다.",
    "date": "10.11.09",
    "rating": "10",
    "author": "jivo****",
    "review_id": "4947911",
    "movie_id": "32246"
  },
  {
    "review": "Good.....",
    "date": "10.11.09",
    "rating": "10",
    "author": "gola****",
    "review_id": "4947900",
    "movie_id": "32246"
  },
  {
    "review": "깜깜한 터널속의 약간은 은은한 조명등을 받으면서 느끼는 아늑함이 다가왔다.",
    "date": "10.10.10",
    "rating": "10",
    "author": "skyb****",
    "review_id": "4896371",
    "movie_id": "32246"
  },
  {
    "review": "나에게 산울림을 가르처준 영화....괜찮다!!",
    "date": "10.08.13",
    "rating": "10",
    "author": "gore****",
    "review_id": "4740689",
    "movie_id": "32246"
  },
  {
    "review": "일단 재밌다.",
    "date": "10.05.22",
    "rating": "10",
    "author": "diri****",
    "review_id": "4515421",
    "movie_id": "32246"
  },
  {
    "review": "Good",
    "date": "09.08.19",
    "rating": "10",
    "author": "subw****",
    "review_id": "3765912",
    "movie_id": "32246"
  },
  {
    "review": "대사치는게 재밌고 리얼하다. 나레이션 부분은 갠적으로 거부감든다",
    "date": "09.05.25",
    "rating": "8",
    "author": "midi****",
    "review_id": "3522286",
    "movie_id": "32246"
  },
  {
    "review": "고마워요",
    "date": "09.03.26",
    "rating": "10",
    "author": "con1****",
    "review_id": "3387838",
    "movie_id": "32246"
  },
  {
    "review": "A급 배우가 아니더라도 훌륭한 작품을 만들수 있다는걸 보여준 영화 !",
    "date": "08.08.15",
    "rating": "8",
    "author": "evil****",
    "review_id": "2875070",
    "movie_id": "32246"
  },
  {
    "review": "영화라기 보다는 실화에 가까운 리얼리티...",
    "date": "08.07.13",
    "rating": "6",
    "author": "toky****",
    "review_id": "2760617",
    "movie_id": "32246"
  },
  {
    "review": "암울한 현실이라도 주눅들지 마라",
    "date": "08.06.28",
    "rating": "7",
    "author": "meth****",
    "review_id": "2725127",
    "movie_id": "32246"
  },
  {
    "review": "이건 어쩌면 박하사탕보다 더 리얼한 영화다.",
    "date": "08.06.23",
    "rating": "10",
    "author": "gats****",
    "review_id": "2716091",
    "movie_id": "32246"
  },
  {
    "review": "그닥...",
    "date": "08.06.16",
    "rating": "6",
    "author": "sama****",
    "review_id": "2702314",
    "movie_id": "32246"
  },
  {
    "review": "아 재밌다..",
    "date": "08.06.03",
    "rating": "10",
    "author": "chah****",
    "review_id": "2677111",
    "movie_id": "32246"
  },
  {
    "review": "우리네 삶과 같이 잔잔하면서 치열한 영화",
    "date": "08.05.25",
    "rating": "7",
    "author": "jusp****",
    "review_id": "2663093",
    "movie_id": "32246"
  },
  {
    "review": "한국영화를 돌아본다면 필수코스",
    "date": "08.05.15",
    "rating": "9",
    "author": "pjh3****",
    "review_id": "2642803",
    "movie_id": "32246"
  },
  {
    "review": "너무나도 처절한 우리에 일상에서 찾아보는 소소한 생활이야기...",
    "date": "08.05.13",
    "rating": "8",
    "author": "shan****",
    "review_id": "2638007",
    "movie_id": "32246"
  },
  {
    "review": "영화 정말 현실적이다. 여기 평점다는 서민들도 다 이렇게 하루하루 살아가겠지.~",
    "date": "08.05.07",
    "rating": "8",
    "author": "ma23****",
    "review_id": "2622581",
    "movie_id": "32246"
  },
  {
    "review": "숨겨진 보물과 같은영화다....세친구의 우정 주위얘기같다",
    "date": "08.01.02",
    "rating": "10",
    "author": "2001****",
    "review_id": "2292337",
    "movie_id": "32246"
  },
  {
    "review": "지루한감이 있다",
    "date": "07.12.06",
    "rating": "6",
    "author": "ehrf****",
    "review_id": "2210910",
    "movie_id": "32246"
  },
  {
    "review": "이런영화좀많았으면",
    "date": "07.12.04",
    "rating": "10",
    "author": "thed****",
    "review_id": "2205166",
    "movie_id": "32246"
  },
  {
    "review": "평범한 배우들의 무게잡지 않는 사실적이고 소탈한 연기 최고",
    "date": "07.11.23",
    "rating": "10",
    "author": "flyh****",
    "review_id": "2176523",
    "movie_id": "32246"
  },
  {
    "review": "일상속에서 소박한 사람들의 지극히 짠~한 웃기고 감동적인 영화!",
    "date": "07.11.01",
    "rating": "8",
    "author": "play****",
    "review_id": "2126344",
    "movie_id": "32246"
  },
  {
    "review": "오래되어서 기억이 가물하지만,우리 사회를 현실적으로 꽤 완성도 있게",
    "date": "07.09.18",
    "rating": "8",
    "author": "golt****",
    "review_id": "2028299",
    "movie_id": "32246"
  },
  {
    "review": "연기 짱! 다른사람들이랑 같이 봤더니 재미없단다...",
    "date": "07.06.16",
    "rating": "6",
    "author": "sams****",
    "review_id": "1703623",
    "movie_id": "32246"
  },
  {
    "review": "굿~ 우리네사는 현실감있는 분위기  모처럼 잼있겠봤어요^^",
    "date": "07.05.12",
    "rating": "10",
    "author": "blue****",
    "review_id": "1633093",
    "movie_id": "32246"
  },
  {
    "review": "움직이지 않는 그늘은 반드시 있다. 그것도 당신곁에..",
    "date": "07.02.20",
    "rating": "10",
    "author": "gomi****",
    "review_id": "1489510",
    "movie_id": "32246"
  },
  {
    "review": "이 영화 정말 괜찮게 봤었는데~",
    "date": "07.01.24",
    "rating": "9",
    "author": "opiu****",
    "review_id": "1409510",
    "movie_id": "32246"
  },
  {
    "review": "와닿는 부분이 많아서 좋았다.",
    "date": "06.11.06",
    "rating": "10",
    "author": "spac****",
    "review_id": "1218894",
    "movie_id": "32246"
  },
  {
    "review": "good",
    "date": "06.11.05",
    "rating": "10",
    "author": "gio0****",
    "review_id": "1218435",
    "movie_id": "32246"
  },
  {
    "review": "월척을 낚았다 지대로다",
    "date": "06.10.27",
    "rating": "10",
    "author": "zeed****",
    "review_id": "1200874",
    "movie_id": "32246"
  },
  {
    "review": "한국영화 올드패션감각이 살아있는 수작...",
    "date": "06.09.22",
    "rating": "8",
    "author": "wert****",
    "review_id": "1136314",
    "movie_id": "32246"
  },
  {
    "review": "good",
    "date": "06.08.13",
    "rating": "10",
    "author": "dlsw****",
    "review_id": "1018957",
    "movie_id": "32246"
  },
  {
    "review": "전혀 뜻밖의..million dollar baby..~",
    "date": "06.08.01",
    "rating": "9",
    "author": "nusk****",
    "review_id": "951551",
    "movie_id": "32246"
  },
  {
    "review": "이게 뭐야 이게~근디 라이방이 선글라스여?",
    "date": "06.07.09",
    "rating": "6",
    "author": "fon9****",
    "review_id": "880566",
    "movie_id": "32246"
  },
  {
    "review": "조낸 웃기고 잼났다...홍보만 잘됐더라면..아쉽네..",
    "date": "06.04.30",
    "rating": "9",
    "author": "haut****",
    "review_id": "780582",
    "movie_id": "32246"
  },
  {
    "review": "흙속에 진주",
    "date": "06.03.20",
    "rating": "9",
    "author": "mylo****",
    "review_id": "725558",
    "movie_id": "32246"
  },
  {
    "review": "다시봐도 좋네....쓰레기같은 영화에 묻힌게 아쉬울뿐..",
    "date": "06.02.15",
    "rating": "9",
    "author": "seag****",
    "review_id": "672154",
    "movie_id": "32246"
  },
  {
    "review": "그럭저럭",
    "date": "06.01.30",
    "rating": "6",
    "author": "doct****",
    "review_id": "634331",
    "movie_id": "32246"
  },
  {
    "review": "흥행실패해서다행이다...",
    "date": "05.12.06",
    "rating": "8",
    "author": "mela****",
    "review_id": "496083",
    "movie_id": "32246"
  },
  {
    "review": "2년전에 보고 또 봤는데 역시 대단히 재밌습니다",
    "date": "05.11.09",
    "rating": "10",
    "author": "scal****",
    "review_id": "469440",
    "movie_id": "32246"
  },
  {
    "review": "4년전 학교에서 시사회 할때 본 영화인데, 아직도 기억에 남네요",
    "date": "05.09.04",
    "rating": "10",
    "author": "jek0****",
    "review_id": "393529",
    "movie_id": "32246"
  },
  {
    "review": "완전히 나와 내친구들 얘기 남들도 그렇게 살고 있었군...",
    "date": "05.09.04",
    "rating": "10",
    "author": "tery****",
    "review_id": "393368",
    "movie_id": "32246"
  },
  {
    "review": "홍보만 잘 되었더라도....",
    "date": "05.08.20",
    "rating": "10",
    "author": "sodo****",
    "review_id": "375150",
    "movie_id": "32246"
  },
  {
    "review": "우리 세상도 모두 거짓말이었으면 좋겠다 아~ 아~",
    "date": "05.07.28",
    "rating": "9",
    "author": "izzo****",
    "review_id": "337099",
    "movie_id": "32246"
  },
  {
    "review": "소주 한잔이 생각나는, 쌈마이 인생들의 마이너러티 리포트.",
    "date": "05.04.26",
    "rating": "10",
    "author": "hand****",
    "review_id": "266701",
    "movie_id": "32246"
  },
  {
    "review": "이런 영화 만들 돈으로 술이나 한잔 마셔라",
    "date": "05.03.13",
    "rating": "1",
    "author": "town****",
    "review_id": "240417",
    "movie_id": "32246"
  },
  {
    "review": "너무사실적이라 가슴아프다",
    "date": "05.03.10",
    "rating": "9",
    "author": "kiru****",
    "review_id": "238026",
    "movie_id": "32246"
  },
  {
    "review": "내자신과 겹쳐 보이던 세친구의 잊지 못할 이야기",
    "date": "05.01.23",
    "rating": "10",
    "author": "ntai****",
    "review_id": "194015",
    "movie_id": "32246"
  },
  {
    "review": "조라잼ㄴㅏ다",
    "date": "04.11.15",
    "rating": "10",
    "author": "magn****",
    "review_id": "146063",
    "movie_id": "32246"
  },
  {
    "review": "별 내용없어 보이지만 흔히 우리주위에서 만날수 있는평범한 이야기를 흥미진",
    "date": "04.10.21",
    "rating": "4",
    "author": "ccjj****",
    "review_id": "129723",
    "movie_id": "32246"
  },
  {
    "review": "이런게 영화다.",
    "date": "04.10.14",
    "rating": "9",
    "author": "k4he****",
    "review_id": "125672",
    "movie_id": "32246"
  },
  {
    "review": "잼있는데 왜 조기 종영 됐을까?",
    "date": "04.09.30",
    "rating": "10",
    "author": "klio****",
    "review_id": "117698",
    "movie_id": "32246"
  },
  {
    "review": "이 영화한번 더볼려고,스파이더맨,첫사랑,조폭2..보지도 않았다!",
    "date": "04.09.26",
    "rating": "10",
    "author": "i2kr****",
    "review_id": "114902",
    "movie_id": "32246"
  },
  {
    "review": "재미와 작품성을 잡은 작품. 마치 실제이야기 같다.",
    "date": "04.09.26",
    "rating": "10",
    "author": "next****",
    "review_id": "114684",
    "movie_id": "32246"
  },
  {
    "review": "흥행성적을 믿지 마세요.",
    "date": "04.09.26",
    "rating": "9",
    "author": "josh****",
    "review_id": "114548",
    "movie_id": "32246"
  },
  {
    "review": "재미있게 봤어요.",
    "date": "04.09.26",
    "rating": "10",
    "author": "jin0****",
    "review_id": "114539",
    "movie_id": "32246"
  },
  {
    "review": "본지 오래지났지만 좋은 영화다..",
    "date": "04.07.17",
    "rating": "10",
    "author": "holi****",
    "review_id": "72346",
    "movie_id": "32246"
  },
  {
    "review": "삶을 그대로 담은 사실적인 영화. 감독의 재치도 숨어있네요",
    "date": "04.06.12",
    "rating": "10",
    "author": "cham****",
    "review_id": "53067",
    "movie_id": "32246"
  },
  {
    "review": "작고 빛나지는 않지만 정말 유쾌하고 즐거운 영화!! 강추 꼭 보세요...",
    "date": "03.12.31",
    "rating": "10",
    "author": "ksma****",
    "review_id": "7367",
    "movie_id": "32246"
  }
]