[
  {
    "review": "에단호크: (집에 돌아오며)휴 오늘 하루 참 보람있게 살았군.",
    "date": "15.08.20",
    "rating": "9",
    "author": "remn****",
    "review_id": "10255467",
    "movie_id": "32240"
  },
  {
    "review": "덴젤워싱턴의 눈부신연기를 보고싶다면 이 영화를 꼭 보시길.",
    "date": "15.07.06",
    "rating": "7",
    "author": "yshb****",
    "review_id": "10076038",
    "movie_id": "32240"
  },
  {
    "review": "부패한 경찰의 응징기를 다룬 흔한 클리쉐를 덴젤워싱턴의 연기로 살리다.",
    "date": "15.06.08",
    "rating": "7",
    "author": "jiyu****",
    "review_id": "9983753",
    "movie_id": "32240"
  },
  {
    "review": "이해안되는게 에단호크 갱들 집에 혼자 남겨둬서 죽게할꺼라면 진작에 죽이지 ㅋㅋㅋ",
    "date": "15.06.06",
    "rating": "10",
    "author": "quat****",
    "review_id": "9980022",
    "movie_id": "32240"
  },
  {
    "review": "에단호크 쪼는연기 예술이네 ㅋㅋ 덴젤워싱턴은 말할필요없잖아? ㅋㅋ",
    "date": "15.05.10",
    "rating": "10",
    "author": "dark****",
    "review_id": "9910039",
    "movie_id": "32240"
  },
  {
    "review": "캬~~ 다시봐도 쥑이네~~ 덴줼와싱톤행님 연기 쥑이네~~ 명작이다",
    "date": "15.03.18",
    "rating": "10",
    "author": "wigg****",
    "review_id": "9790444",
    "movie_id": "32240"
  },
  {
    "review": "14년전 영화인데도 전혀 그런 티가 안난다.",
    "date": "15.03.17",
    "rating": "10",
    "author": "rand****",
    "review_id": "9790008",
    "movie_id": "32240"
  },
  {
    "review": "덴젤이가 참 연기는 죽이게 잘해",
    "date": "15.03.10",
    "rating": "10",
    "author": "andy****",
    "review_id": "9769939",
    "movie_id": "32240"
  },
  {
    "review": "덴젤와싱턴은 문화재급 연기장인이시다",
    "date": "15.02.13",
    "rating": "10",
    "author": "soso****",
    "review_id": "9693084",
    "movie_id": "32240"
  },
  {
    "review": "돋보이는 덴젤 워싱턴의 연기력",
    "date": "15.01.29",
    "rating": "5",
    "author": "rcan****",
    "review_id": "9647050",
    "movie_id": "32240"
  },
  {
    "review": "시종일관 묘한 긴장감이 흐르는 영화. 악역인 덴젤 워싱턴도 매력 있음.",
    "date": "15.01.11",
    "rating": "8",
    "author": "ldj0****",
    "review_id": "9585889",
    "movie_id": "32240"
  },
  {
    "review": "이 짜임새 있는 훌륭한 각본을 보라",
    "date": "15.01.04",
    "rating": "9",
    "author": "46to****",
    "review_id": "9559816",
    "movie_id": "32240"
  },
  {
    "review": "덴젤워싱턴의 진짜연기",
    "date": "14.12.20",
    "rating": "10",
    "author": "eeee****",
    "review_id": "9490832",
    "movie_id": "32240"
  },
  {
    "review": "개 꿀잼영화 ㅋㅋㅋ트레이닝데이 ㅋㅋㅋ",
    "date": "14.12.18",
    "rating": "10",
    "author": "toky****",
    "review_id": "9484552",
    "movie_id": "32240"
  },
  {
    "review": "덴젤워싱턴이다 그냥 믿고봐라!!!",
    "date": "14.12.16",
    "rating": "10",
    "author": "egos****",
    "review_id": "9478371",
    "movie_id": "32240"
  },
  {
    "review": "쉼없이 두들기는 배우들의 연기 난타전.",
    "date": "14.12.08",
    "rating": "9",
    "author": "like****",
    "review_id": "9459308",
    "movie_id": "32240"
  },
  {
    "review": "추천 경찰영화 수작임 !!!!",
    "date": "14.11.05",
    "rating": "8",
    "author": "ghgh****",
    "review_id": "9342008",
    "movie_id": "32240"
  },
  {
    "review": "부패한 경찰의 실상을 아주 사실적으로 그런 영화. 덴젤워싱턴의 강렬한 카리스마연기, 에단호크의 어늘한듯 냉철한 연기가 돋보인다.",
    "date": "14.11.03",
    "rating": "10",
    "author": "kjk9****",
    "review_id": "9338463",
    "movie_id": "32240"
  },
  {
    "review": "음,, 볼만하구만,   제이크도 언젠가는 아론조처럼 세상에 순응하겠지,,,",
    "date": "14.11.02",
    "rating": "8",
    "author": "fghy****",
    "review_id": "9336297",
    "movie_id": "32240"
  },
  {
    "review": "덴젤형의 유일한 악역이자 최고의 악역 캐릭터인거 같다.. 재미없다는 분은 다시 보길바람..",
    "date": "14.10.21",
    "rating": "10",
    "author": "come****",
    "review_id": "9306526",
    "movie_id": "32240"
  },
  {
    "review": "지나치게 극적인 각본의 허술함을 메꾸기에 충분했던 덴젤워싱턴의 연기력",
    "date": "14.10.20",
    "rating": "8",
    "author": "huir****",
    "review_id": "9305139",
    "movie_id": "32240"
  },
  {
    "review": "믿고보는 던젤워싱턴ㅋ",
    "date": "14.10.14",
    "rating": "8",
    "author": "dark****",
    "review_id": "9291109",
    "movie_id": "32240"
  },
  {
    "review": "덴젤워싱턴 연기력은 좋다~~하지만 문제는 재미가 없다~~몰입감도 없다~~ 웬만하면 보지마세요",
    "date": "14.10.10",
    "rating": "6",
    "author": "slam****",
    "review_id": "9281719",
    "movie_id": "32240"
  },
  {
    "review": "생각했던 예상과는 다르게 결말이 허무하다",
    "date": "14.08.24",
    "rating": "1",
    "author": "mara****",
    "review_id": "9129363",
    "movie_id": "32240"
  },
  {
    "review": "덴젤 워싱턴, 에단 호크.. 더이상 말이 필요없지!!",
    "date": "14.08.15",
    "rating": "10",
    "author": "ykm3****",
    "review_id": "9091302",
    "movie_id": "32240"
  },
  {
    "review": "미국사회의 흑과 백을 볼수 있는영화.",
    "date": "14.08.09",
    "rating": "10",
    "author": "seun****",
    "review_id": "9054845",
    "movie_id": "32240"
  },
  {
    "review": "명확하게 대비되는 두 캐릭터를 통해 장르적인 재미는 물론 생각해 볼만한 요소들도 잘 전달한다. 특히 덴젤 워싱턴의 ‘나쁜 경찰’ 연기는 무척 뛰어나다.",
    "date": "14.08.06",
    "rating": "7",
    "author": "zxc1****",
    "review_id": "9041189",
    "movie_id": "32240"
  },
  {
    "review": "오스카 남우주연상에 빛나는 덴젤 워싱턴의 빙의모드 연기력을 유감없이 발휘한 영화. 누구나 도화지 위에서 출발하지만 시커멓고 냄새나는 폐지로 변할 수 있는 사회. 이겨내지 못하고 찌든 베테랑과  저항해보려는 루키의 감정 대립이 날카롭다.",
    "date": "14.08.04",
    "rating": "9",
    "author": "dltk****",
    "review_id": "9027751",
    "movie_id": "32240"
  },
  {
    "review": "비장한 음악에 맞물려 위선적이면서 악랄한 세상을 보여줌",
    "date": "14.08.04",
    "rating": "7",
    "author": "nice****",
    "review_id": "9024726",
    "movie_id": "32240"
  },
  {
    "review": "영화 사상 최악의 쓰레기 주인공ㅋㅋㅋ 흡사 GTA 산안드레아스의 부패경찰 텐페니를 보는 듯 함ㅋㅋㅋ",
    "date": "14.07.18",
    "rating": "9",
    "author": "gong****",
    "review_id": "8926333",
    "movie_id": "32240"
  },
  {
    "review": "gooouoououououuuooououuoouoouououooood",
    "date": "14.07.05",
    "rating": "9",
    "author": "xihn****",
    "review_id": "8886057",
    "movie_id": "32240"
  },
  {
    "review": "재밌다. 연기도 좋고. 약간 의문이 남는 개연성 문제가 있을 수 있는데 아주 복잡하게 생각하지만 않으면 그리 무리수를 뒀다는 느낌까지는 안든다. 박진감넘치는 전개가 다 커버하고 남는다.",
    "date": "14.05.28",
    "rating": "9",
    "author": "jwjy****",
    "review_id": "8771012",
    "movie_id": "32240"
  },
  {
    "review": "스토리도 좋았고 연기들도 정말 몰입도있게 잘한다. 볼만했다.",
    "date": "14.05.10",
    "rating": "9",
    "author": "chsm****",
    "review_id": "8719095",
    "movie_id": "32240"
  },
  {
    "review": "신입사원은 잘보고 뽑아라",
    "date": "14.05.06",
    "rating": "5",
    "author": "2328****",
    "review_id": "8710165",
    "movie_id": "32240"
  },
  {
    "review": "갱들이 주인공 살려준건 좀 오글거렸지만  그래도 겁나 재밌네",
    "date": "14.05.06",
    "rating": "8",
    "author": "gras****",
    "review_id": "8708922",
    "movie_id": "32240"
  },
  {
    "review": "내용은 다른데 왜 부당거래가 생각나지?",
    "date": "14.03.22",
    "rating": "8",
    "author": "xx41****",
    "review_id": "8597387",
    "movie_id": "32240"
  },
  {
    "review": "좀 더 긴장감 있는 연출이 있었으면 하는 아쉬움,  전체적인 느낌은 싸구려 영화가 아닌 비싼 영환데 담겨 있는게 너무 어렵워 순간 와닿지 않았다..",
    "date": "14.03.18",
    "rating": "8",
    "author": "rldn****",
    "review_id": "8585580",
    "movie_id": "32240"
  },
  {
    "review": "덴젤 형님의 악역연기 ㄷㄷ",
    "date": "14.03.04",
    "rating": "10",
    "author": "forz****",
    "review_id": "8555434",
    "movie_id": "32240"
  },
  {
    "review": "알론조의 대반전이 있지 않을까 했는데 결국 악질경찰로 비참한 죽음..영화가 꽤 몰입도가 있었다!",
    "date": "14.02.01",
    "rating": "9",
    "author": "katy****",
    "review_id": "8461778",
    "movie_id": "32240"
  },
  {
    "review": "덴젤워싱턴이라는 배우 와...연기력 정말 끝내준다에단 연기도 기가막힌다..덴젤에묻혔지만...이런영화 요즘엔 없어 아쉽다..",
    "date": "14.01.24",
    "rating": "10",
    "author": "zozc****",
    "review_id": "8418861",
    "movie_id": "32240"
  },
  {
    "review": "중반부까진 좀 지루하지만 후반으로 갈수록 현실감과 긴장감... 재밌었다.",
    "date": "14.01.13",
    "rating": "10",
    "author": "qorc****",
    "review_id": "8378973",
    "movie_id": "32240"
  },
  {
    "review": "잘만들었다  재미있으면서도 현실같기도하고",
    "date": "13.12.04",
    "rating": "8",
    "author": "kth3****",
    "review_id": "8189431",
    "movie_id": "32240"
  },
  {
    "review": "재미없다는 새끼들은 눈이있는건가덴젤워싱톤의 연기력 정말끝이없다",
    "date": "13.12.03",
    "rating": "10",
    "author": "lees****",
    "review_id": "8187099",
    "movie_id": "32240"
  },
  {
    "review": "덴젤워싱톤의 끝내주는 연기를 볼수있는 영화",
    "date": "13.11.10",
    "rating": "8",
    "author": "powe****",
    "review_id": "8129734",
    "movie_id": "32240"
  },
  {
    "review": "당시 하필이면 존큐에 이어 이 영화를 봤을때 그 충격이란 아직까지 남는다",
    "date": "13.10.28",
    "rating": "9",
    "author": "stot****",
    "review_id": "8096193",
    "movie_id": "32240"
  },
  {
    "review": "덴젤 당신은 소름끼칩니다~~!",
    "date": "13.09.13",
    "rating": "10",
    "author": "gksw****",
    "review_id": "7973802",
    "movie_id": "32240"
  },
  {
    "review": "덴젤 워싱턴의 매력있는 캐릭터로 점철된 영화.",
    "date": "13.08.21",
    "rating": "6",
    "author": "claz****",
    "review_id": "7908144",
    "movie_id": "32240"
  },
  {
    "review": "영화 흐름상 덴젤 워싱턴은 분명히 악역인데 계속 응원을 하고 싶은 마음이 들었다. 덴젤 워싱턴은 정말 스크린에서 날아다닌다",
    "date": "13.08.17",
    "rating": "7",
    "author": "ldy6****",
    "review_id": "7892965",
    "movie_id": "32240"
  },
  {
    "review": "이 작품을 보면 캐릭터를 흉내내는 것이 아니라 각본대로 캐릭터 그 자체가 되는 덴젤 워싱턴에 반할 수 밖에.",
    "date": "13.08.02",
    "rating": "9",
    "author": "sys9****",
    "review_id": "7823882",
    "movie_id": "32240"
  },
  {
    "review": "나쁘지않았다",
    "date": "13.08.01",
    "rating": "10",
    "author": "qkrg****",
    "review_id": "7814863",
    "movie_id": "32240"
  },
  {
    "review": "덴젤, 덴젤, 덴젤을 위한!",
    "date": "13.07.15",
    "rating": "5",
    "author": "acoy****",
    "review_id": "7746277",
    "movie_id": "32240"
  },
  {
    "review": "쓰레기 영화라는 사람은 뭥미..ㅋㅋㅋ 이 영화를 통해서 덴젤워싱턴은 헐리우드 역사상 최초 흑인 아카데미 남우주연상을 수상했다..",
    "date": "13.06.03",
    "rating": "10",
    "author": "yoon****",
    "review_id": "7575183",
    "movie_id": "32240"
  },
  {
    "review": "이딴 쓰레기영화 평점이 왜이렇게 높냐?",
    "date": "13.05.27",
    "rating": "1",
    "author": "slip****",
    "review_id": "7557508",
    "movie_id": "32240"
  },
  {
    "review": "재미없어...",
    "date": "13.05.21",
    "rating": "5",
    "author": "lada****",
    "review_id": "7546497",
    "movie_id": "32240"
  },
  {
    "review": "덴젤 워싱턴 참 연기 잘 하네요. 스토리가 보이는 영화인데도 긴장감을 유지하면서 마무리하다니 대단하네요. 데이비드 에이어가 각본을 쓴 영화는 거의 다 재미있네요.",
    "date": "13.05.03",
    "rating": "8",
    "author": "indr****",
    "review_id": "7502440",
    "movie_id": "32240"
  },
  {
    "review": "[아카데미]2002년74회 남우주연1개부문수상작.미국드라마 더쉴드의빅맥키형사가생각났다.둘의차이는덴젤워싱턴은악질무도한나쁜넘이지만빅맥키는미워할수없는악동비슷한악당 형사랄까?스토리구성이탄탄했고덴젤워싱턴의선한역만보다가처음보는악역이신선했고일품이었다.",
    "date": "13.04.19",
    "rating": "9",
    "author": "new7****",
    "review_id": "7467669",
    "movie_id": "32240"
  },
  {
    "review": "밑에 있는분 말씀 공감임",
    "date": "13.04.02",
    "rating": "10",
    "author": "chae****",
    "review_id": "7431118",
    "movie_id": "32240"
  },
  {
    "review": "첨에 덴젤워싱턴이 짖궂어도 뭔가 의리파이고 선할꺼라고 생각했는데 완전 반전이네요 완전 악당 ㅋㅋ . 그리고 에단 호크도 그 순리대로 이어갈까요?",
    "date": "13.03.23",
    "rating": "7",
    "author": "giyu****",
    "review_id": "7401316",
    "movie_id": "32240"
  },
  {
    "review": "아쉬운 구석은 있지만, 부패한 선배와 아직 순수함을 간직한 후배 경찰 콤비의 모습을 잘 그려낸 작품.",
    "date": "13.03.09",
    "rating": "7",
    "author": "jihy****",
    "review_id": "7333896",
    "movie_id": "32240"
  },
  {
    "review": "몰입도굿 재밌음ㅋㅋ",
    "date": "13.03.03",
    "rating": "10",
    "author": "aida****",
    "review_id": "7320881",
    "movie_id": "32240"
  },
  {
    "review": "덴젤 워싱턴의 악역~! 에바 멘데스의 알몸~!",
    "date": "13.02.18",
    "rating": "10",
    "author": "tn99****",
    "review_id": "7280346",
    "movie_id": "32240"
  },
  {
    "review": "숨막히게 재밌다 앞으로 갱 영화에서 알란조만한  악역을 볼수 있을까 ?",
    "date": "13.02.04",
    "rating": "9",
    "author": "lym6****",
    "review_id": "7224907",
    "movie_id": "32240"
  },
  {
    "review": "덴젤 워싱턴의 악역에 찬사를 보낸다 정말 때려 죽이고 싶을 정도로 미운 악역을 완벽히 소화해 내나니....어디에도 없는 악역이네요",
    "date": "13.01.17",
    "rating": "10",
    "author": "tpsk****",
    "review_id": "7123086",
    "movie_id": "32240"
  },
  {
    "review": "덴젤이 이영화로 아카데미 남우주연상을 받았었지... 결말이 아쉽지만 덴젤의 악역을 볼 수 있는 희귀한 영화.. 그는 역시 대단한 배우다",
    "date": "13.01.10",
    "rating": "9",
    "author": "dlrm****",
    "review_id": "7099450",
    "movie_id": "32240"
  },
  {
    "review": "개봉년도 감안하고 볼만은 했지만 솔직히 현실은 정반대. 덴젤워싱톤은 맨온파이어의 영향인지 어디서나 연기력 찬사평만 가득한데 갠적으로 연기폭?이 그닥 넓단 느낌이 안든다. 캐릭마다 전혀 다른사람 같아야 되는데 껄렁대는 설정이다치면 다 비슷한;",
    "date": "12.12.27",
    "rating": "6",
    "author": "gade****",
    "review_id": "7052838",
    "movie_id": "32240"
  },
  {
    "review": "마약반 신참 형사의 더럽게 힘든 하루.. 모순된 상황들에서 계속되는 딜레마.. 현실에서 정말 자행되고 있을지도 모르는 지독하고 더러운 모습들이 대배우들의 특급 연기대결을 통해 생생히 느껴졌다..",
    "date": "12.12.13",
    "rating": "9",
    "author": "deka****",
    "review_id": "6996819",
    "movie_id": "32240"
  },
  {
    "review": "벌써11년전 청주 쥬네스 시네마 에서 초긴장을 하며 보던 기억이 남는다 너무 멋져 박수 치고 싶엇던...",
    "date": "12.11.18",
    "rating": "10",
    "author": "xdiv****",
    "review_id": "6902888",
    "movie_id": "32240"
  },
  {
    "review": "덴젤 워싱턴을 이 영화로 처음알게 됬는데 연기를 참 물흐르듯이 잘한다.에단 호크도 연기를 잘하는지 보면서 실제로 나도 영화속의 아론조 같은 부패경찰이나 갱들에게 당하는 분위기가 느껴졌다.그리고 해씬이랑 엔딩크레딧 음악이 계속 기억에 남는다.",
    "date": "12.11.17",
    "rating": "9",
    "author": "wngu****",
    "review_id": "6900072",
    "movie_id": "32240"
  },
  {
    "review": "내용은 긴장감있게 지속돼서 좋았는데 결말이나 스토리가 허무하다;;  주연조연엑스트라 등등 결국 배우들이 먹여살린영화....",
    "date": "12.10.15",
    "rating": "1",
    "author": "mftr****",
    "review_id": "6804219",
    "movie_id": "32240"
  },
  {
    "review": "덴젤의 악한 연기는 정말 대단한것 같다.. 선과 악사이의 대결이지만 너무 솔직한 결과였던것 같다.. 끝부분이 약간 아쉬운 영화다",
    "date": "12.10.13",
    "rating": "8",
    "author": "vm4e****",
    "review_id": "6798445",
    "movie_id": "32240"
  },
  {
    "review": "알론조가 나쁘다기보다는 뭔가알수없는처량한느낌이드는영화분명저놈은나쁜놈인데.........그느낌이양심있게행동하는제이크와부딪힐때마다점점묘해지면서영화가끝날때쯤에제이크를보게되면뭔가허탈해짐....명작은아니더라도묘한매력이있는작품",
    "date": "12.10.11",
    "rating": "9",
    "author": "tjda****",
    "review_id": "6781090",
    "movie_id": "32240"
  },
  {
    "review": "10년여 만에 다시 본 영화, 이전 감상과는 다르게 알론조가 너무 기구해 보였다. 그는 원래 그런 인간이었는가, 아니면 어쩌다 저렇게 되어버린걸까? 필름에 답이 나와있듯이 그에게 걸맞은 최후를 맞이하지만 .. 그 솔직함이 너무도 씁쓰름하게 느껴진다.",
    "date": "12.09.27",
    "rating": "10",
    "author": "tjdg****",
    "review_id": "6736199",
    "movie_id": "32240"
  },
  {
    "review": "권선징악의 좋은 예ㅋㅋ",
    "date": "12.09.27",
    "rating": "8",
    "author": "yoob****",
    "review_id": "6736188",
    "movie_id": "32240"
  },
  {
    "review": "덴젤의 악한 연기는 보기 힘들듯. 나름 희귀성 있는 영화라는 점.",
    "date": "12.09.24",
    "rating": "7",
    "author": "jjda****",
    "review_id": "6729035",
    "movie_id": "32240"
  },
  {
    "review": "시작에 선과악으로 시작해서 결국엔 선이 이긴다는뜻...? 액션범죄영화 치곤 어딘가 싱겁고 끝이 시시한것같습니다",
    "date": "12.09.23",
    "rating": "7",
    "author": "kwhi****",
    "review_id": "6725302",
    "movie_id": "32240"
  },
  {
    "review": "덴젤형님은 악역도 포스가 있다.",
    "date": "12.09.16",
    "rating": "9",
    "author": "giga****",
    "review_id": "6702275",
    "movie_id": "32240"
  },
  {
    "review": "덴젤형 배우인생의 최고정점!! 압도적으로 스크린을 지배해 버린다. 오널 다시보니 겁나 잘생긴 얼굴이었구나",
    "date": "12.09.15",
    "rating": "9",
    "author": "b741****",
    "review_id": "6698947",
    "movie_id": "32240"
  },
  {
    "review": "말도 안되는 영화. 에바 멘데스 벗은 모습만 기억남.",
    "date": "12.09.15",
    "rating": "1",
    "author": "csmo****",
    "review_id": "6698849",
    "movie_id": "32240"
  },
  {
    "review": "어찌보면 살짝 지루하게 보일 수 있는 작품이지만 답답하면서도 긴장감 넘치게 부패 경찰의 모습을 차근차근 보여주는 스토리는 아주 멋졌다. 거기에 덴젤 워싱턴의 엄청난 연기가 합쳐져 무게감 있는 작품이 탄생했다.",
    "date": "12.09.12",
    "rating": "9",
    "author": "sbj1****",
    "review_id": "6691150",
    "movie_id": "32240"
  },
  {
    "review": "뭔가 반전이 잇을줄 알앗는데 백인경찰놈은 ㅂㅅ이고 흑인경찰놈은 쓰레기였고 영화자체는 ㅂㅅㅆㄹㄱ였다",
    "date": "12.07.16",
    "rating": "2",
    "author": "mcrb****",
    "review_id": "6486732",
    "movie_id": "32240"
  },
  {
    "review": "세상은 돈이 사람을 죽이고 돈이 사람을 악마로 만든다.무서운 사회가 돼간다...",
    "date": "12.06.21",
    "rating": "10",
    "author": "dudg****",
    "review_id": "6405906",
    "movie_id": "32240"
  },
  {
    "review": "재미는 있었는데.. 그 정도 대단한 작품은 아닌거 같은데..",
    "date": "12.06.16",
    "rating": "7",
    "author": "sunh****",
    "review_id": "6394311",
    "movie_id": "32240"
  },
  {
    "review": "정말 덜덜 떨면서 봤음. 이만한 부패경찰영화도 없을듯ㄷㄷㄷㄷ",
    "date": "12.06.01",
    "rating": "9",
    "author": "heim****",
    "review_id": "6355451",
    "movie_id": "32240"
  },
  {
    "review": "세번째 보니까 에단 호크 캐릭터에 정이가기 시작 ㅋㅋㅋ",
    "date": "12.05.30",
    "rating": "10",
    "author": "seun****",
    "review_id": "6347257",
    "movie_id": "32240"
  },
  {
    "review": "몰입도 높은 잘 짜여진 스토리",
    "date": "12.05.20",
    "rating": "9",
    "author": "yser****",
    "review_id": "6313640",
    "movie_id": "32240"
  },
  {
    "review": "무엇이 진실인가? 무엇이 옿은 것인가?",
    "date": "12.04.24",
    "rating": "10",
    "author": "ach8****",
    "review_id": "6242336",
    "movie_id": "32240"
  },
  {
    "review": "현실감있는 영화 ㅠㅠ 눈을 뗄수 없는 영화",
    "date": "12.04.18",
    "rating": "9",
    "author": "soon****",
    "review_id": "6230592",
    "movie_id": "32240"
  },
  {
    "review": "인간의 본성은 결국 회색인건가? 선과 악의 차이는 뭘까?",
    "date": "12.04.18",
    "rating": "9",
    "author": "tomc****",
    "review_id": "6230401",
    "movie_id": "32240"
  },
  {
    "review": "독특하고 강력한 소재. 하나씩은 용납되지만 전체를 돌아봤을땐 까마득. 이것이 진리",
    "date": "12.04.12",
    "rating": "6",
    "author": "acin****",
    "review_id": "6212653",
    "movie_id": "32240"
  },
  {
    "review": "공권력을 비판적으로 그려냈다 버디무비를 반전적으로 그려냈지만 어설픈면도 많다",
    "date": "12.04.07",
    "rating": "6",
    "author": "hjj5****",
    "review_id": "6200131",
    "movie_id": "32240"
  },
  {
    "review": "근본을 망각한 부패 경찰의 비참한 말로, 아무리 현실적이라 해도 지켜야 할 법도가..",
    "date": "12.04.07",
    "rating": "8",
    "author": "sioh****",
    "review_id": "6197977",
    "movie_id": "32240"
  },
  {
    "review": "정말 최고네요",
    "date": "12.04.03",
    "rating": "10",
    "author": "wsas****",
    "review_id": "6189641",
    "movie_id": "32240"
  },
  {
    "review": "에단 호크 연기가 한수 위!",
    "date": "12.03.21",
    "rating": "9",
    "author": "mbtl****",
    "review_id": "6157881",
    "movie_id": "32240"
  },
  {
    "review": "감옥에가고싶나 집에가고싶나",
    "date": "12.03.20",
    "rating": "10",
    "author": "skyq****",
    "review_id": "6156897",
    "movie_id": "32240"
  },
  {
    "review": "주연들의 연기 정말 끝장난다. 부패한 경찰에대한 에단호크의 반격신 너무 좋다",
    "date": "12.02.12",
    "rating": "8",
    "author": "holl****",
    "review_id": "6069077",
    "movie_id": "32240"
  },
  {
    "review": "필요악의 존재라고 믿고 싶었다. 그러나.. 역시 그놈의 돈..",
    "date": "12.02.10",
    "rating": "9",
    "author": "ones****",
    "review_id": "6064779",
    "movie_id": "32240"
  },
  {
    "review": "덴젤워싱톤연기 장난아니다 ㅋㅋㅋ",
    "date": "12.02.07",
    "rating": "10",
    "author": "doin****",
    "review_id": "6058435",
    "movie_id": "32240"
  },
  {
    "review": "부패경찰에 관한 이야기...  흥미진진했음..!",
    "date": "12.01.13",
    "rating": "9",
    "author": "z206****",
    "review_id": "5982258",
    "movie_id": "32240"
  },
  {
    "review": "스토리보다 캐릭터가 더 돋보인다. 덴젤 워싱턴이란 배우의 깊이를 보았다",
    "date": "12.01.10",
    "rating": "9",
    "author": "dins****",
    "review_id": "5975318",
    "movie_id": "32240"
  },
  {
    "review": "굿",
    "date": "12.01.04",
    "rating": "9",
    "author": "yezi****",
    "review_id": "5960470",
    "movie_id": "32240"
  }
]