[
  {
    "review": "역시 아놀드형은 액션이 답이다..  다른거 하지말고 액션",
    "date": "15.07.31",
    "rating": "6",
    "author": "adiv****",
    "review_id": "10165840",
    "movie_id": "32241"
  },
  {
    "review": "나름 볼만함. 평점조절.",
    "date": "15.07.25",
    "rating": "10",
    "author": "lsh5****",
    "review_id": "10140164",
    "movie_id": "32241"
  },
  {
    "review": "지금봐도 액션다운 영화~그래도 8~90년대를 휩슬은 7~80년대생들한테는 우상격이었다.  90년대이후놈들아 느그들은 이런걸 모를꺼다 아놀드횽님은 평생기억될 액션스타",
    "date": "15.01.16",
    "rating": "10",
    "author": "arno****",
    "review_id": "9599926",
    "movie_id": "32241"
  },
  {
    "review": "마지막 반전과 액션이 압권인 영화!",
    "date": "14.11.09",
    "rating": "9",
    "author": "pfei****",
    "review_id": "9363899",
    "movie_id": "32241"
  },
  {
    "review": "소재와 초중반부까지는 괜찮았는데 후반부로 갈수록 그냥 허접한 액션과 엉성한 스토리 전개",
    "date": "14.09.06",
    "rating": "2",
    "author": "jjaj****",
    "review_id": "9172431",
    "movie_id": "32241"
  },
  {
    "review": "무적 소방관의 어설픈 액션.",
    "date": "14.05.14",
    "rating": "5",
    "author": "reco****",
    "review_id": "8730204",
    "movie_id": "32241"
  },
  {
    "review": "나름의 반전도 있고 킬링타임용.다만 아놀드 형님 종일이 계속 무표정에 힘들어 보이신다.",
    "date": "14.05.12",
    "rating": "7",
    "author": "cred****",
    "review_id": "8725426",
    "movie_id": "32241"
  },
  {
    "review": "재미없을줄알았는데 적어도 7점이상은 되는 영화입니다.재미있어요.",
    "date": "13.11.07",
    "rating": "7",
    "author": "dust****",
    "review_id": "8121637",
    "movie_id": "32241"
  },
  {
    "review": "아무리 과장되고 큰 액션이라도 주인공이 아놀드라면 뭔가 진짜로 할듯한 그런 ^^..",
    "date": "13.11.02",
    "rating": "10",
    "author": "dhxh****",
    "review_id": "8110518",
    "movie_id": "32241"
  },
  {
    "review": "소재도 참신하고 볼만한 영화",
    "date": "13.04.19",
    "rating": "8",
    "author": "come****",
    "review_id": "7467923",
    "movie_id": "32241"
  },
  {
    "review": "반전이 탐탁찮다...",
    "date": "13.02.22",
    "rating": "7",
    "author": "yana****",
    "review_id": "7289838",
    "movie_id": "32241"
  },
  {
    "review": "미국영화에서 미국 미화한다고 까는 놈들은 대가리에 뭐가 들었는가?",
    "date": "13.01.11",
    "rating": "8",
    "author": "tn99****",
    "review_id": "7100643",
    "movie_id": "32241"
  },
  {
    "review": "아놀드 할배의, 아놀드 할배에 의한, 아놀드 할배를 위한 영웅영화... 이 할배 공화당 맞지??^^",
    "date": "12.10.02",
    "rating": "7",
    "author": "spar****",
    "review_id": "6752949",
    "movie_id": "32241"
  },
  {
    "review": "여기서 말도 안되는장면은 npg가 폭발했는데 건물지하가 안무너진것",
    "date": "12.06.01",
    "rating": "10",
    "author": "chls****",
    "review_id": "6354671",
    "movie_id": "32241"
  },
  {
    "review": "지금봐도 재밌는영화",
    "date": "12.04.01",
    "rating": "10",
    "author": "i3yo****",
    "review_id": "6185350",
    "movie_id": "32241"
  },
  {
    "review": "아윌비백",
    "date": "11.11.15",
    "rating": "10",
    "author": "bond****",
    "review_id": "5851967",
    "movie_id": "32241"
  },
  {
    "review": "역쒸 아놀드!!",
    "date": "11.11.02",
    "rating": "10",
    "author": "balh****",
    "review_id": "5824658",
    "movie_id": "32241"
  },
  {
    "review": "이 영화가 재미없으면 도대체 재미있는 영화가 먼가요? 숨겨진 보석 같은 영화. 짱임",
    "date": "11.10.20",
    "rating": "10",
    "author": "rhos****",
    "review_id": "5798702",
    "movie_id": "32241"
  },
  {
    "review": "미국을 미화? 오히려 그 반대가 아닌지? 앤드류 데이비스가 바본줄 아시는지 참.....",
    "date": "11.08.22",
    "rating": "10",
    "author": "i100****",
    "review_id": "5678623",
    "movie_id": "32241"
  },
  {
    "review": "와 역시 슈퍼 스타의 영화, 반전 짱",
    "date": "11.01.23",
    "rating": "10",
    "author": "1992****",
    "review_id": "5177069",
    "movie_id": "32241"
  },
  {
    "review": "망한영화...액션도 스토리도 시시하다 아놀드도 나이가 들어서인지 몸이 무거워 보임",
    "date": "10.09.05",
    "rating": "5",
    "author": "77xp****",
    "review_id": "4817577",
    "movie_id": "32241"
  },
  {
    "review": "오랜만에 보는 주지사의 어설프면서 장엄한 연기",
    "date": "10.06.19",
    "rating": "6",
    "author": "cont****",
    "review_id": "4575481",
    "movie_id": "32241"
  },
  {
    "review": "연기와는 담쌓은 근육맨 출연",
    "date": "10.04.12",
    "rating": "1",
    "author": "pria****",
    "review_id": "4428110",
    "movie_id": "32241"
  },
  {
    "review": "본격 미국 미화하는 영화. 국민을 조작하기 위해 왜곡된 애국심 심어주기.",
    "date": "10.04.07",
    "rating": "2",
    "author": "ghdw****",
    "review_id": "4418217",
    "movie_id": "32241"
  },
  {
    "review": "재밌었어요..",
    "date": "10.01.13",
    "rating": "10",
    "author": "hchl****",
    "review_id": "4165165",
    "movie_id": "32241"
  },
  {
    "review": "와 정말 재밋네ㄷㄷ 별생각없이 봤는데 오락성 짱 이런 재밋는영화가 묻혀있다니..",
    "date": "09.12.20",
    "rating": "10",
    "author": "rhoh****",
    "review_id": "4060577",
    "movie_id": "32241"
  },
  {
    "review": "볼만한데... 6점자리 영화는아니다 네이버참..",
    "date": "09.11.26",
    "rating": "10",
    "author": "peac****",
    "review_id": "3990641",
    "movie_id": "32241"
  },
  {
    "review": "collateral damage를 가장 많이 내는 나라가 미국이거늘, 마치 피해자인양 가장하다니",
    "date": "09.11.03",
    "rating": "1",
    "author": "rhse****",
    "review_id": "3935528",
    "movie_id": "32241"
  },
  {
    "review": "난 재밋던데",
    "date": "09.10.26",
    "rating": "10",
    "author": "sbkj****",
    "review_id": "3916401",
    "movie_id": "32241"
  },
  {
    "review": "그냥 그저그런듯",
    "date": "09.06.01",
    "rating": "6",
    "author": "subs****",
    "review_id": "3538958",
    "movie_id": "32241"
  },
  {
    "review": "쏠쏠하니 재밌었는데",
    "date": "09.05.23",
    "rating": "10",
    "author": "sjy3****",
    "review_id": "3516860",
    "movie_id": "32241"
  },
  {
    "review": "그냥 옛날식 액션영화 ㅋㅋ",
    "date": "09.05.16",
    "rating": "7",
    "author": "dfdv****",
    "review_id": "3499979",
    "movie_id": "32241"
  },
  {
    "review": "아놀드식의 호쾌한 액션무비. 보너스로 반전까지",
    "date": "09.01.20",
    "rating": "6",
    "author": "dang****",
    "review_id": "3235070",
    "movie_id": "32241"
  },
  {
    "review": "어떤 OOO이 내 10점 평을 자꾸 삭제하냐",
    "date": "09.01.10",
    "rating": "10",
    "author": "levk****",
    "review_id": "3208663",
    "movie_id": "32241"
  },
  {
    "review": "괜찮은 액션영화인데 반전은 좀 쓸 데 없었던 것 같다",
    "date": "08.12.29",
    "rating": "7",
    "author": "ion0****",
    "review_id": "3165575",
    "movie_id": "32241"
  },
  {
    "review": "아놀드 나이 55세에 근육 아직 살아있다...역시 \"슈퍼스타\"는 나이들어도 멋지다",
    "date": "08.12.28",
    "rating": "10",
    "author": "swer****",
    "review_id": "3162193",
    "movie_id": "32241"
  },
  {
    "review": "잼있던데;;  아놀드아저씨 다시  영화하나  찍으시징 ㅜ_ㅜ",
    "date": "08.09.03",
    "rating": "10",
    "author": "ghfa****",
    "review_id": "2919770",
    "movie_id": "32241"
  },
  {
    "review": "부족하다. 중후반의 반전은 그나마 좀 쓸만하다.",
    "date": "08.04.25",
    "rating": "6",
    "author": "vhzm****",
    "review_id": "2598801",
    "movie_id": "32241"
  },
  {
    "review": "예전에 극장에서 봤는데 그럭저럭 재미있었다",
    "date": "08.03.24",
    "rating": "8",
    "author": "romy****",
    "review_id": "2539187",
    "movie_id": "32241"
  },
  {
    "review": "상당히 재밌다.. 특히 중반부 반전이 좀 충격적이었다..",
    "date": "08.02.12",
    "rating": "7",
    "author": "pola****",
    "review_id": "2439883",
    "movie_id": "32241"
  },
  {
    "review": "처음에 소재,내용전개 괜찮다가 중간이후부턴 내용전개 너무 빠르고 긴장감도 없다",
    "date": "08.01.27",
    "rating": "5",
    "author": "qqq3****",
    "review_id": "2374499",
    "movie_id": "32241"
  },
  {
    "review": "아놀드횽아, 이거 왜찍었어. 나름 반전도 있었는데, 확실히 뭔가 떨어지는게 사실이야",
    "date": "08.01.22",
    "rating": "6",
    "author": "yeei****",
    "review_id": "2358505",
    "movie_id": "32241"
  },
  {
    "review": "미국에는 소방관 = 특수요원?",
    "date": "08.01.21",
    "rating": "1",
    "author": "gene****",
    "review_id": "2356715",
    "movie_id": "32241"
  },
  {
    "review": "역시 터미네이터만 했어야 했어, 당신은.",
    "date": "07.12.30",
    "rating": "3",
    "author": "wine****",
    "review_id": "2281350",
    "movie_id": "32241"
  },
  {
    "review": "재밌는뎀 ... ㄷㄷ",
    "date": "07.12.22",
    "rating": "10",
    "author": "cc85****",
    "review_id": "2254717",
    "movie_id": "32241"
  },
  {
    "review": "언제 효도르가 미국가서 소방관 됐지?",
    "date": "07.12.08",
    "rating": "5",
    "author": "baks****",
    "review_id": "2214737",
    "movie_id": "32241"
  },
  {
    "review": "어설픈 반전으로 마무리한, 어설픈 액션영화",
    "date": "07.11.27",
    "rating": "3",
    "author": "uds0****",
    "review_id": "2189130",
    "movie_id": "32241"
  },
  {
    "review": "이상한 영화 ㅡ.ㅡ;",
    "date": "07.11.19",
    "rating": "6",
    "author": "pksj****",
    "review_id": "2165223",
    "movie_id": "32241"
  },
  {
    "review": "막판 어설프나마 반전시도를 하였기에 1점 추가",
    "date": "07.10.21",
    "rating": "2",
    "author": "nala****",
    "review_id": "2102328",
    "movie_id": "32241"
  },
  {
    "review": "재미없다...",
    "date": "07.10.20",
    "rating": "3",
    "author": "xx41****",
    "review_id": "2100743",
    "movie_id": "32241"
  },
  {
    "review": "올해본영화중.가장최악..",
    "date": "07.10.11",
    "rating": "1",
    "author": "revo****",
    "review_id": "2083703",
    "movie_id": "32241"
  },
  {
    "review": "그냥 충격이다 충격.. 돈은 엄청많이 쓴거같다만 ...어휴 ㅉㅉ",
    "date": "07.10.11",
    "rating": "1",
    "author": "89py****",
    "review_id": "2083160",
    "movie_id": "32241"
  },
  {
    "review": "볼만하네. 액션에만 치중한것두 아니구 반전두있네.",
    "date": "07.10.01",
    "rating": "7",
    "author": "sjs1****",
    "review_id": "2063375",
    "movie_id": "32241"
  },
  {
    "review": "액션, 첩보, 전쟁, 반전..재료는 훌륭하나 주방장의 솜씨는 형편없다.",
    "date": "07.10.01",
    "rating": "3",
    "author": "skat****",
    "review_id": "2063243",
    "movie_id": "32241"
  },
  {
    "review": "재미없어.가족도 죽고 믿었던 여자도 배신자인 내용.또한 2배속인 내용전개",
    "date": "07.09.11",
    "rating": "4",
    "author": "part****",
    "review_id": "2015298",
    "movie_id": "32241"
  },
  {
    "review": "주인공이 불사조로보트 피닉스킹이야?",
    "date": "07.09.09",
    "rating": "4",
    "author": "dhkq****",
    "review_id": "2009838",
    "movie_id": "32241"
  },
  {
    "review": "테러의 위험을 알린 작품",
    "date": "07.07.16",
    "rating": "6",
    "author": "deff****",
    "review_id": "1782468",
    "movie_id": "32241"
  },
  {
    "review": "완전 재미없음",
    "date": "07.06.22",
    "rating": "5",
    "author": "seun****",
    "review_id": "1714915",
    "movie_id": "32241"
  },
  {
    "review": "그저 타이밍을 잘 맞춰나와서 이슈가 될뻔한 영화. 보고 잊으면 된다.",
    "date": "07.04.25",
    "rating": "5",
    "author": "cksn****",
    "review_id": "1604858",
    "movie_id": "32241"
  },
  {
    "review": "911테러가 없었다면 비디오로나 나왔을 작품",
    "date": "07.04.22",
    "rating": "1",
    "author": "okjo****",
    "review_id": "1600592",
    "movie_id": "32241"
  },
  {
    "review": "반전영화",
    "date": "06.09.26",
    "rating": "10",
    "author": "mscm****",
    "review_id": "1144038",
    "movie_id": "32241"
  },
  {
    "review": "진짜재미있음",
    "date": "06.08.27",
    "rating": "10",
    "author": "andy****",
    "review_id": "1083329",
    "movie_id": "32241"
  },
  {
    "review": "재밌던데",
    "date": "06.08.25",
    "rating": "10",
    "author": "chic****",
    "review_id": "1077497",
    "movie_id": "32241"
  },
  {
    "review": "아닙니다",
    "date": "06.08.02",
    "rating": "6",
    "author": "zeed****",
    "review_id": "955279",
    "movie_id": "32241"
  },
  {
    "review": "소방관이.  아니야 !",
    "date": "06.07.17",
    "rating": "8",
    "author": "ccc4****",
    "review_id": "900022",
    "movie_id": "32241"
  },
  {
    "review": "소방관이...     너무 세...",
    "date": "06.07.11",
    "rating": "6",
    "author": "pupp****",
    "review_id": "884876",
    "movie_id": "32241"
  },
  {
    "review": "설득력 없는 원맨쇼!",
    "date": "06.06.22",
    "rating": "3",
    "author": "2clo****",
    "review_id": "852744",
    "movie_id": "32241"
  },
  {
    "review": "너무너무 지루하다",
    "date": "06.05.13",
    "rating": "6",
    "author": "pseu****",
    "review_id": "798254",
    "movie_id": "32241"
  },
  {
    "review": "이 영화의 무고한 희생자들은 바로 이 영화를 본 사람들!",
    "date": "06.02.27",
    "rating": "3",
    "author": "env9****",
    "review_id": "695261",
    "movie_id": "32241"
  },
  {
    "review": "어쩜 한국형 블록버스터와 이렇게 닮았지?",
    "date": "06.02.06",
    "rating": "3",
    "author": "zink****",
    "review_id": "650911",
    "movie_id": "32241"
  },
  {
    "review": "\"슈퍼 스타\" 아놀드의 영화가 이제는 통하지 않음을 보여준다.",
    "date": "06.01.06",
    "rating": "5",
    "author": "movi****",
    "review_id": "563644",
    "movie_id": "32241"
  },
  {
    "review": "아놀드 영화 중 최악;;",
    "date": "06.01.02",
    "rating": "5",
    "author": "sodi****",
    "review_id": "552716",
    "movie_id": "32241"
  },
  {
    "review": "앤드류 도 할수 없군",
    "date": "05.12.24",
    "rating": "6",
    "author": "kws7****",
    "review_id": "525237",
    "movie_id": "32241"
  },
  {
    "review": "아놀드 영화치곤 제작여건이 약했던..",
    "date": "05.12.24",
    "rating": "7",
    "author": "blue****",
    "review_id": "523723",
    "movie_id": "32241"
  },
  {
    "review": "반전이 끝내주는영화!",
    "date": "05.11.01",
    "rating": "10",
    "author": "dvd0****",
    "review_id": "461707",
    "movie_id": "32241"
  },
  {
    "review": "잠이 안올때 보면 좋다",
    "date": "05.08.09",
    "rating": "1",
    "author": "land****",
    "review_id": "359379",
    "movie_id": "32241"
  },
  {
    "review": "상상도 못했다., 뒷꼴치는 반전 설마 반전일줄이야,,",
    "date": "05.08.02",
    "rating": "10",
    "author": "rjsd****",
    "review_id": "348118",
    "movie_id": "32241"
  },
  {
    "review": "슈왈츠제네거의 액션은 볼 만하다. 그 뿐이다.",
    "date": "05.07.31",
    "rating": "6",
    "author": "eulo****",
    "review_id": "343808",
    "movie_id": "32241"
  },
  {
    "review": "아무생각없이보면..마지막은부모가 아이를버리다니 점수까진다./",
    "date": "05.07.27",
    "rating": "9",
    "author": "wnsg****",
    "review_id": "336312",
    "movie_id": "32241"
  },
  {
    "review": "스토리도 평범한데 액션까지 평범하다",
    "date": "05.07.26",
    "rating": "3",
    "author": "nabe****",
    "review_id": "335075",
    "movie_id": "32241"
  },
  {
    "review": "작품성5~7점을주고싶다너무 반전 액션씬떄문에 7",
    "date": "05.07.25",
    "rating": "7",
    "author": "2850****",
    "review_id": "333561",
    "movie_id": "32241"
  },
  {
    "review": "칸느 남우주연상 '존 터투로'가 단역...-_-; 반전은 좋다.",
    "date": "05.07.25",
    "rating": "10",
    "author": "5dma****",
    "review_id": "333404",
    "movie_id": "32241"
  },
  {
    "review": "미국은 역사가 짧아 소방관이 애들한테  영웅이고 우상이죠.",
    "date": "05.07.24",
    "rating": "5",
    "author": "jjan****",
    "review_id": "332494",
    "movie_id": "32241"
  },
  {
    "review": "반전 굿임",
    "date": "05.07.24",
    "rating": "10",
    "author": "ekzm****",
    "review_id": "332332",
    "movie_id": "32241"
  },
  {
    "review": "미국은 소방관조차도 액션 영웅이 된다.",
    "date": "05.07.24",
    "rating": "5",
    "author": "jcr3****",
    "review_id": "332313",
    "movie_id": "32241"
  },
  {
    "review": "액션영화로는 볼만함.",
    "date": "05.07.24",
    "rating": "8",
    "author": "whyf****",
    "review_id": "332025",
    "movie_id": "32241"
  },
  {
    "review": "미국우월주의에 대표적인 영화.. 쓰레기.. ㅉㅉ",
    "date": "05.07.24",
    "rating": "3",
    "author": "gogo****",
    "review_id": "331974",
    "movie_id": "32241"
  },
  {
    "review": "이 영화를 보고 난 정말 콜래트럴데미지가 크다",
    "date": "05.04.14",
    "rating": "4",
    "author": "si2p****",
    "review_id": "259886",
    "movie_id": "32241"
  },
  {
    "review": "이 영화 안 보시면 후회합니다. 정말 재미있습니다. 강추~!",
    "date": "05.03.10",
    "rating": "10",
    "author": "bkvo****",
    "review_id": "238251",
    "movie_id": "32241"
  },
  {
    "review": "재밌다아 ㅎㅎ",
    "date": "05.03.04",
    "rating": "10",
    "author": "limj****",
    "review_id": "235068",
    "movie_id": "32241"
  },
  {
    "review": "아놀드라서 7점이다..",
    "date": "05.02.10",
    "rating": "7",
    "author": "wmsp****",
    "review_id": "214568",
    "movie_id": "32241"
  },
  {
    "review": "나이스~",
    "date": "04.12.20",
    "rating": "10",
    "author": "lees****",
    "review_id": "166321",
    "movie_id": "32241"
  },
  {
    "review": "미치겠다..이거 평점이 왜이리 높아..흥행 실패..이유가 다 있다니까..",
    "date": "04.12.10",
    "rating": "4",
    "author": "ygsh****",
    "review_id": "159742",
    "movie_id": "32241"
  },
  {
    "review": "정말 굿입니다!!",
    "date": "04.11.21",
    "rating": "10",
    "author": "123w****",
    "review_id": "149519",
    "movie_id": "32241"
  },
  {
    "review": "너무 재미있다",
    "date": "04.11.11",
    "rating": "9",
    "author": "arie****",
    "review_id": "143973",
    "movie_id": "32241"
  },
  {
    "review": "이거 반전영화란걸 왜 사람들은 모르나..",
    "date": "04.10.31",
    "rating": "10",
    "author": "tae2****",
    "review_id": "135952",
    "movie_id": "32241"
  },
  {
    "review": "Very Good!",
    "date": "04.09.27",
    "rating": "10",
    "author": "cod2****",
    "review_id": "115824",
    "movie_id": "32241"
  },
  {
    "review": "재미있기는 했는데..역시 결말은 허무했음",
    "date": "04.08.18",
    "rating": "9",
    "author": "anji****",
    "review_id": "92143",
    "movie_id": "32241"
  },
  {
    "review": "재미있지 않나요? 훌륭한 작품임",
    "date": "04.07.09",
    "rating": "10",
    "author": "ohse****",
    "review_id": "67615",
    "movie_id": "32241"
  },
  {
    "review": "그런데로 재미있슴",
    "date": "04.06.03",
    "rating": "9",
    "author": "nams****",
    "review_id": "49183",
    "movie_id": "32241"
  }
]