[
  {
    "review": "항상 화이팅이구요~~~  아인트호벤 잘적응하셔서 좋은모습많이보여주세요^^항상 응원하겟슴돠",
    "date": "13.08.16",
    "rating": "10",
    "author": "jej1****",
    "review_id": "7888262",
    "movie_id": "32263"
  },
  {
    "review": "굳하다",
    "date": "13.06.22",
    "rating": "10",
    "author": "dbgh****",
    "review_id": "7669733",
    "movie_id": "32263"
  },
  {
    "review": "박지성 덕분에 즐거웠다. 뭐 지금은 박지성도 퍼거슨도없지만, 내마음속의 구단은 언제나 맨체스터 유나이티드다. 맨체스터 유나이티드를 알게해줘서 너무 고맙다.",
    "date": "13.05.15",
    "rating": "10",
    "author": "bajj****",
    "review_id": "7529067",
    "movie_id": "32263"
  },
  {
    "review": "정말최고..왜 인정받는선수인지알겠다",
    "date": "13.03.09",
    "rating": "10",
    "author": "dnfk****",
    "review_id": "7332642",
    "movie_id": "32263"
  },
  {
    "review": "대단히 감동받았습니다",
    "date": "12.12.01",
    "rating": "10",
    "author": "syos****",
    "review_id": "6949208",
    "movie_id": "32263"
  },
  {
    "review": "당신은 박지성을 아는가",
    "date": "12.07.09",
    "rating": "10",
    "author": "epdr****",
    "review_id": "6465594",
    "movie_id": "32263"
  },
  {
    "review": "봐도봐도 정말 지겹지않네요ㅋㅋㅋ",
    "date": "11.12.14",
    "rating": "10",
    "author": "wnde****",
    "review_id": "5905185",
    "movie_id": "32263"
  },
  {
    "review": "평점조지기",
    "date": "11.09.25",
    "rating": "1",
    "author": "musa****",
    "review_id": "5751262",
    "movie_id": "32263"
  },
  {
    "review": "박지성님 화이팅이요 ^_^",
    "date": "11.08.16",
    "rating": "10",
    "author": "myun****",
    "review_id": "5658311",
    "movie_id": "32263"
  },
  {
    "review": "박지성선수 정말힘내고요 앞으로 좋은성적기달리겟요",
    "date": "11.06.26",
    "rating": "10",
    "author": "hby0****",
    "review_id": "5501305",
    "movie_id": "32263"
  },
  {
    "review": "몇번봐도 재미있음 ㅋ",
    "date": "11.06.11",
    "rating": "10",
    "author": "ksk6****",
    "review_id": "5476363",
    "movie_id": "32263"
  },
  {
    "review": "에브라 왈 : 나는 바보입니다 ㅋㅋㅋ",
    "date": "11.05.27",
    "rating": "10",
    "author": "wssd****",
    "review_id": "5450487",
    "movie_id": "32263"
  },
  {
    "review": "최고!!!!!!!!!!!!!!!!!!!!!!!!!!!!!!!!!!!!!!!!!!!!!!!",
    "date": "11.04.24",
    "rating": "10",
    "author": "junh****",
    "review_id": "5390454",
    "movie_id": "32263"
  },
  {
    "review": "레전드임레전드",
    "date": "11.04.03",
    "rating": "10",
    "author": "wjda****",
    "review_id": "5350139",
    "movie_id": "32263"
  },
  {
    "review": "평점10점가보죠~!",
    "date": "11.01.29",
    "rating": "10",
    "author": "yoa6****",
    "review_id": "5193627",
    "movie_id": "32263"
  },
  {
    "review": "대박!",
    "date": "11.01.17",
    "rating": "10",
    "author": "sorr****",
    "review_id": "5165177",
    "movie_id": "32263"
  },
  {
    "review": "에브라 왈 \"나는 바보입니다\" 쉽네 ㅋ",
    "date": "10.12.19",
    "rating": "10",
    "author": "limi****",
    "review_id": "5064334",
    "movie_id": "32263"
  },
  {
    "review": "리빙레전드 그는 박지성이다",
    "date": "10.12.19",
    "rating": "10",
    "author": "blue****",
    "review_id": "5064316",
    "movie_id": "32263"
  },
  {
    "review": "no doubt legend.",
    "date": "10.12.19",
    "rating": "10",
    "author": "yamu****",
    "review_id": "5064295",
    "movie_id": "32263"
  },
  {
    "review": "쳄피언박지성아프로도화이팅",
    "date": "10.11.17",
    "rating": "10",
    "author": "vs50****",
    "review_id": "4967572",
    "movie_id": "32263"
  },
  {
    "review": "나의 챔피언 박지성......레알 박지성...^^",
    "date": "10.10.14",
    "rating": "10",
    "author": "tndu****",
    "review_id": "4902468",
    "movie_id": "32263"
  },
  {
    "review": "보기만해도 흐믓한...",
    "date": "10.09.10",
    "rating": "10",
    "author": "lsj6****",
    "review_id": "4827038",
    "movie_id": "32263"
  },
  {
    "review": "이것이 진리",
    "date": "10.08.29",
    "rating": "10",
    "author": "sir_****",
    "review_id": "4801322",
    "movie_id": "32263"
  },
  {
    "review": "봐도봐도 질리지 않는 다큐",
    "date": "10.08.22",
    "rating": "10",
    "author": "hong****",
    "review_id": "4778826",
    "movie_id": "32263"
  },
  {
    "review": "최고였음ㅎㅎ 박지성이 최고임",
    "date": "10.08.18",
    "rating": "10",
    "author": "thin****",
    "review_id": "4761795",
    "movie_id": "32263"
  },
  {
    "review": "멋져요 박지성선수 ㅋㅋ 너무 좋아요 ㅋㅋ",
    "date": "10.08.13",
    "rating": "10",
    "author": "kshh****",
    "review_id": "4741529",
    "movie_id": "32263"
  },
  {
    "review": "박지성 최고!",
    "date": "10.08.05",
    "rating": "10",
    "author": "kms_****",
    "review_id": "4708464",
    "movie_id": "32263"
  },
  {
    "review": "진짜 박지성 최고!",
    "date": "10.07.14",
    "rating": "10",
    "author": "free****",
    "review_id": "4637394",
    "movie_id": "32263"
  },
  {
    "review": "자랑스러운 박지성 선수! 앞으로도 많은 활약 기대할께요.^^*",
    "date": "10.07.12",
    "rating": "10",
    "author": "smil****",
    "review_id": "4634081",
    "movie_id": "32263"
  },
  {
    "review": "내가 본 다큐중에 제일 재미있고 지루하지도 않았다",
    "date": "10.07.03",
    "rating": "10",
    "author": "amwo****",
    "review_id": "4608746",
    "movie_id": "32263"
  },
  {
    "review": "아 완전조아",
    "date": "10.07.03",
    "rating": "10",
    "author": "joma****",
    "review_id": "4608362",
    "movie_id": "32263"
  },
  {
    "review": "ㅊㅊㅊㅊㅊ",
    "date": "10.07.03",
    "rating": "10",
    "author": "meek****",
    "review_id": "4607509",
    "movie_id": "32263"
  },
  {
    "review": "에브라",
    "date": "10.06.15",
    "rating": "10",
    "author": "gh61****",
    "review_id": "4566170",
    "movie_id": "32263"
  },
  {
    "review": "훌륭했다. 말이 필요없는 박지성, 뛰어난 연출",
    "date": "10.06.12",
    "rating": "10",
    "author": "sjyw****",
    "review_id": "4561849",
    "movie_id": "32263"
  },
  {
    "review": "테베즈",
    "date": "10.03.14",
    "rating": "8",
    "author": "dudc****",
    "review_id": "4356925",
    "movie_id": "32263"
  },
  {
    "review": "박지성 역시 그는 대단하다",
    "date": "09.07.19",
    "rating": "10",
    "author": "k070****",
    "review_id": "3647165",
    "movie_id": "32263"
  },
  {
    "review": "훌륭했다. 말이 필요없는 박지성, 뛰어난 연출.",
    "date": "09.04.24",
    "rating": "10",
    "author": "eorn****",
    "review_id": "3438963",
    "movie_id": "32263"
  }
]