[
  {
    "review": "엄청 무섭고 재밌는 일본식 공포영화..소녀가 가방에 들어가고 나서부터 장면 하나하나가 소름이 돋았다..무서운거 좋아하는 사람에겐 10점 짜리 영화!!",
    "date": "15.01.24",
    "rating": "10",
    "author": "pres****",
    "review_id": "9628810",
    "movie_id": "32265"
  },
  {
    "review": "직접적으로 무섭진 않아도 이런게 호러영화지",
    "date": "13.12.23",
    "rating": "8",
    "author": "figh****",
    "review_id": "8285873",
    "movie_id": "32265"
  },
  {
    "review": "이영화는 깜짝놀래키지는 않지만 끝까지 불안하게 만든다",
    "date": "13.02.05",
    "rating": "10",
    "author": "cnrr****",
    "review_id": "7227598",
    "movie_id": "32265"
  },
  {
    "review": "이 감독의 처음 작품은 신선하기라도 했지  가면 갈 수록 가관이네",
    "date": "13.02.02",
    "rating": "2",
    "author": "almo****",
    "review_id": "7215506",
    "movie_id": "32265"
  },
  {
    "review": "재밌어요~",
    "date": "13.01.14",
    "rating": "8",
    "author": "vlwn****",
    "review_id": "7116462",
    "movie_id": "32265"
  },
  {
    "review": "별점 반개주고 이런 분들은 뭐 하는 분들인지..깜짝 놀래키는 그런공포영화는아닙니다",
    "date": "11.09.18",
    "rating": "10",
    "author": "hana****",
    "review_id": "5738693",
    "movie_id": "32265"
  },
  {
    "review": "분위기 조성도, 마음속 그늘을 귀신과 연결시키는 재주도 인상적이다.",
    "date": "10.07.11",
    "rating": "7",
    "author": "1231****",
    "review_id": "4629048",
    "movie_id": "32265"
  },
  {
    "review": "평론가들이야 이 양반 작품 스타일 좋아할지 몰라도 내가 보기엔 정말 짜증난다",
    "date": "09.12.18",
    "rating": "3",
    "author": "gall****",
    "review_id": "4051824",
    "movie_id": "32265"
  },
  {
    "review": "일본 공포물은 전부 이런 식으로 비슷하게 진행된다 이것도 그렇고",
    "date": "09.01.01",
    "rating": "5",
    "author": "deff****",
    "review_id": "3175188",
    "movie_id": "32265"
  },
  {
    "review": "긴박햐지도 않고 무서운 느낌도 없고 그냥 허전하기만 하다.",
    "date": "08.07.14",
    "rating": "6",
    "author": "hadl****",
    "review_id": "2763446",
    "movie_id": "32265"
  },
  {
    "review": "나,, 참 공포랜다 ㅋㅋ ㅋㅋ",
    "date": "08.04.30",
    "rating": "1",
    "author": "mywj****",
    "review_id": "2607260",
    "movie_id": "32265"
  },
  {
    "review": "제발 보지마~ 낚이지마~ 이건 공포가 아냐! 공포를 기대하지마",
    "date": "07.06.18",
    "rating": "2",
    "author": "8245****",
    "review_id": "1707610",
    "movie_id": "32265"
  },
  {
    "review": "캔차나요 캔차나요 캐엔차나요",
    "date": "07.05.26",
    "rating": "5",
    "author": "teo0****",
    "review_id": "1663026",
    "movie_id": "32265"
  },
  {
    "review": "좀 아니다 싶다 이 영화",
    "date": "07.03.02",
    "rating": "6",
    "author": "zeed****",
    "review_id": "1513080",
    "movie_id": "32265"
  },
  {
    "review": "솔직히 이건쫌아닌데;; 생령볼려다가잘못본건데;; 너무하다..",
    "date": "06.09.11",
    "rating": "5",
    "author": "shai****",
    "review_id": "1117216",
    "movie_id": "32265"
  },
  {
    "review": "싸구려 공포영화와는 다른 의미찾기가 쉽지 않은 영화",
    "date": "06.03.18",
    "rating": "9",
    "author": "topk****",
    "review_id": "721908",
    "movie_id": "32265"
  },
  {
    "review": "1점도 아깝다; 10점준 사람의 뇌가 궁금하다;",
    "date": "06.01.22",
    "rating": "1",
    "author": "kssw****",
    "review_id": "610114",
    "movie_id": "32265"
  },
  {
    "review": "몰입하게 만드네..",
    "date": "05.06.13",
    "rating": "10",
    "author": "nost****",
    "review_id": "298842",
    "movie_id": "32265"
  },
  {
    "review": "항상곁에 있는 공포",
    "date": "05.05.21",
    "rating": "8",
    "author": "cine****",
    "review_id": "282838",
    "movie_id": "32265"
  },
  {
    "review": "몰라 걍 찍어",
    "date": "05.05.08",
    "rating": "10",
    "author": "gita****",
    "review_id": "273631",
    "movie_id": "32265"
  },
  {
    "review": "볼만하다.링의 사다코같은 이미지를원한다면 비강추.",
    "date": "05.03.16",
    "rating": "7",
    "author": "ray0****",
    "review_id": "241898",
    "movie_id": "32265"
  },
  {
    "review": "이건 쓰레기,,,최악의 쓰레기 영화,,돈 아깝다,,보지마라,,,",
    "date": "05.02.02",
    "rating": "1",
    "author": "zydn****",
    "review_id": "204945",
    "movie_id": "32265"
  },
  {
    "review": "그렇게 재미없지 않았는데 평이 최악이군요..",
    "date": "05.01.11",
    "rating": "9",
    "author": "kiri****",
    "review_id": "182646",
    "movie_id": "32265"
  },
  {
    "review": "행여나 여름방학 특선으로 티비에 하더라도 보지마라",
    "date": "04.12.27",
    "rating": "1",
    "author": "affe****",
    "review_id": "170754",
    "movie_id": "32265"
  },
  {
    "review": "정말 시간 아까운 영화 절대 비추천 .....",
    "date": "04.08.23",
    "rating": "1",
    "author": "k7up****",
    "review_id": "95256",
    "movie_id": "32265"
  },
  {
    "review": "남들이 뭐라는지 몰라도 전 최고의 영화라 생각합니다",
    "date": "04.08.21",
    "rating": "10",
    "author": "iris****",
    "review_id": "94365",
    "movie_id": "32265"
  },
  {
    "review": "반전도없고 공포도 없고 내용도 없다...ㅡㅡ",
    "date": "04.07.05",
    "rating": "3",
    "author": "bosu****",
    "review_id": "65810",
    "movie_id": "32265"
  },
  {
    "review": "굿~! 공포의 본질과 심리진행과 그 묘사에 있어서 감독의 시각 대단~!",
    "date": "04.06.08",
    "rating": "9",
    "author": "dsd1****",
    "review_id": "51567",
    "movie_id": "32265"
  },
  {
    "review": "쪼인트가추천한최고의영화",
    "date": "04.05.31",
    "rating": "10",
    "author": "ynr0****",
    "review_id": "47878",
    "movie_id": "32265"
  },
  {
    "review": "비주얼보다는 청각으로 승부거는 심리 공포물.",
    "date": "04.05.21",
    "rating": "5",
    "author": "feel****",
    "review_id": "44613",
    "movie_id": "32265"
  },
  {
    "review": "뭐하자는 거지? 관객을 우롱하는 영화.ㅡㅡ;",
    "date": "04.04.25",
    "rating": "1",
    "author": "popd****",
    "review_id": "39120",
    "movie_id": "32265"
  },
  {
    "review": "보세요..글구 보라구권한 절 욕하실영화.....",
    "date": "04.04.25",
    "rating": "1",
    "author": "sasi****",
    "review_id": "39013",
    "movie_id": "32265"
  },
  {
    "review": "두번다시 보기 싫은 영화~",
    "date": "04.04.24",
    "rating": "1",
    "author": "youn****",
    "review_id": "38853",
    "movie_id": "32265"
  },
  {
    "review": "재미없습니다. 안보는게 나을 듯..! 강비추 비됴로 보셈",
    "date": "04.04.23",
    "rating": "1",
    "author": "lj34****",
    "review_id": "38678",
    "movie_id": "32265"
  },
  {
    "review": "글쎄..아직은..좀",
    "date": "04.04.22",
    "rating": "1",
    "author": "jazz****",
    "review_id": "38559",
    "movie_id": "32265"
  },
  {
    "review": "제발보지마라 차라리 드라마를 한편땡기자",
    "date": "04.04.21",
    "rating": "1",
    "author": "drag****",
    "review_id": "38334",
    "movie_id": "32265"
  },
  {
    "review": "호러 매니아들로서 보면 후회하게 하는 영화 고정관념을 버리고 사심없이..",
    "date": "04.04.16",
    "rating": "1",
    "author": "jys8****",
    "review_id": "37128",
    "movie_id": "32265"
  },
  {
    "review": "이게뭐냐,,영화받아서봤는데 드럽게 재미없음 진짜허무하게시작해서허무하게끝남",
    "date": "04.04.15",
    "rating": "1",
    "author": "duqr****",
    "review_id": "36943",
    "movie_id": "32265"
  },
  {
    "review": "일본 공포영화 중 가장 안 무서운 영화;; 내용도 뭔가 아귀가 안 맞는다",
    "date": "04.04.15",
    "rating": "3",
    "author": "23re****",
    "review_id": "36749",
    "movie_id": "32265"
  },
  {
    "review": "어거지를 쓴다 아주....;;",
    "date": "04.04.13",
    "rating": "2",
    "author": "dage****",
    "review_id": "36371",
    "movie_id": "32265"
  },
  {
    "review": "볼만했는데.. 피가 안나오면서 심리를 교묘히 자극하는듯한..",
    "date": "04.04.12",
    "rating": "7",
    "author": "hs00****",
    "review_id": "36212",
    "movie_id": "32265"
  },
  {
    "review": "내면의 두려움을 깨워주는 영화같아요..큰기대없이보심될꺼에요",
    "date": "04.04.06",
    "rating": "8",
    "author": "jiis****",
    "review_id": "34461",
    "movie_id": "32265"
  },
  {
    "review": "초난강이 나오는 무섭고 작품성잇는 영화였다!!!",
    "date": "04.03.26",
    "rating": "10",
    "author": "slam****",
    "review_id": "31594",
    "movie_id": "32265"
  },
  {
    "review": "일상적인 ..",
    "date": "04.03.16",
    "rating": "5",
    "author": "sirc****",
    "review_id": "29199",
    "movie_id": "32265"
  }
]