[
  {
    "review": "디워에 출연한 미국배우보다 더 불쌍한  싸울아비에 끌려나온 일본배우들 ....이딴영화 출연하면서 속으로 뭐라고 생각했을까?",
    "date": "15.04.19",
    "rating": "1",
    "author": "han_****",
    "review_id": "9852995",
    "movie_id": "32447"
  },
  {
    "review": "철견무적 아비가일..믓시엘!",
    "date": "15.01.23",
    "rating": "10",
    "author": "swid****",
    "review_id": "9626527",
    "movie_id": "32447"
  },
  {
    "review": "지옥에 극장이 있다면, 첫 번째 상영될 영화!!!",
    "date": "14.10.29",
    "rating": "1",
    "author": "apor****",
    "review_id": "9325645",
    "movie_id": "32447"
  },
  {
    "review": "추억의 영화란에 성지순례 와서 올림.이거에 비하면 클레멘타인은 하이퍼 블록버스터고 성냥팔이 소녀의 재림은 초대작 SF 영화다.이런 영화에 10점을 주는 사람들이 존재하는것 자체가 세상은 돈이 움직인다는 증거다...",
    "date": "14.05.10",
    "rating": "1",
    "author": "bruc****",
    "review_id": "8720019",
    "movie_id": "32447"
  },
  {
    "review": "답이 없다 0점은 없는게 아쉽다.",
    "date": "13.07.26",
    "rating": "1",
    "author": "ddos****",
    "review_id": "7787997",
    "movie_id": "32447"
  },
  {
    "review": "원주율 가자",
    "date": "13.03.12",
    "rating": "1",
    "author": "os15****",
    "review_id": "7342952",
    "movie_id": "32447"
  },
  {
    "review": "하........이거 투자한사람들 지금 살아있을까? 자살했을것 같은데..",
    "date": "13.03.05",
    "rating": "1",
    "author": "spoi****",
    "review_id": "7325865",
    "movie_id": "32447"
  },
  {
    "review": "정말 환상이죠. 0점이 없는게 아쉬워요.",
    "date": "13.01.17",
    "rating": "1",
    "author": "jjk0****",
    "review_id": "7124736",
    "movie_id": "32447"
  },
  {
    "review": "지루해",
    "date": "12.07.23",
    "rating": "1",
    "author": "yoon****",
    "review_id": "6519366",
    "movie_id": "32447"
  },
  {
    "review": "탈모드립 ㅋㅋ",
    "date": "12.07.15",
    "rating": "1",
    "author": "naeg****",
    "review_id": "6480881",
    "movie_id": "32447"
  },
  {
    "review": "욕이 나와요",
    "date": "11.10.17",
    "rating": "1",
    "author": "mun9****",
    "review_id": "5793617",
    "movie_id": "32447"
  },
  {
    "review": "이런게~~~~~시판!!!!!!! 2002년에 이거때매 소개팅망쳤다!!!!!막제대했었는데~~~",
    "date": "11.09.25",
    "rating": "1",
    "author": "phoe****",
    "review_id": "5751611",
    "movie_id": "32447"
  },
  {
    "review": "이 영화 극장에서 보고난 후 극심한 탈모에 시달렸습니다.",
    "date": "11.08.28",
    "rating": "1",
    "author": "jukr****",
    "review_id": "5693174",
    "movie_id": "32447"
  },
  {
    "review": "저질퀼리티에 놀라고,허술한 시나리오에 놀라고,2002년작이란데서 또 놀랬다.",
    "date": "11.05.28",
    "rating": "1",
    "author": "andy****",
    "review_id": "5451711",
    "movie_id": "32447"
  },
  {
    "review": "이렇게 못만들어오기도 쉽지않다.그 제작비로 떡볶이체인을 차렸으면,대박났을꺼다.",
    "date": "11.01.30",
    "rating": "1",
    "author": "baks****",
    "review_id": "5196475",
    "movie_id": "32447"
  },
  {
    "review": "잉여짓하는 나지만 이건 정말 아니다.",
    "date": "10.12.22",
    "rating": "1",
    "author": "winl****",
    "review_id": "5074657",
    "movie_id": "32447"
  },
  {
    "review": "개봉 당시에 본 쓰레기 영화, 헛웃음이 나온다.",
    "date": "10.06.29",
    "rating": "1",
    "author": "jnwl****",
    "review_id": "4599329",
    "movie_id": "32447"
  },
  {
    "review": "오래전에봤던 OOO기 영화 비디오값 1천원아까웠던게 아직도 잊혀지지않네 ㅋㅋ",
    "date": "10.05.10",
    "rating": "1",
    "author": "name****",
    "review_id": "4492257",
    "movie_id": "32447"
  },
  {
    "review": "이영화를 끝까지 볼수있다면 당신은 진정한 영화인!! 끝까지보는게 안쓰러울지경",
    "date": "10.03.02",
    "rating": "2",
    "author": "bhp1****",
    "review_id": "4329207",
    "movie_id": "32447"
  },
  {
    "review": "보면 볼수록 짜증만 나는구나 최재성 이런데 뭐 하러 나왔는지",
    "date": "10.01.24",
    "rating": "1",
    "author": "deff****",
    "review_id": "4205174",
    "movie_id": "32447"
  },
  {
    "review": "쓰레기 -ㅅ-",
    "date": "09.01.09",
    "rating": "1",
    "author": "hiju****",
    "review_id": "3206024",
    "movie_id": "32447"
  },
  {
    "review": "60년대 작품으로 보기에는 대단합니다",
    "date": "08.12.09",
    "rating": "4",
    "author": "mins****",
    "review_id": "3102148",
    "movie_id": "32447"
  },
  {
    "review": "이게 이천년대 영화라는게 기적",
    "date": "08.11.27",
    "rating": "2",
    "author": "seun****",
    "review_id": "3074462",
    "movie_id": "32447"
  },
  {
    "review": "이건 전혀 2002년 개봉한 영화같지가 않다. 마치 70년대 사극을 보는듯한 느낌이다.",
    "date": "08.07.11",
    "rating": "1",
    "author": "jumb****",
    "review_id": "2753788",
    "movie_id": "32447"
  },
  {
    "review": "싸울아비 나한일 이라는 검도하는사람이 만들어낸 가짜단어 근데그걸 영화로만드냐..",
    "date": "08.07.02",
    "rating": "1",
    "author": "sew0****",
    "review_id": "2735861",
    "movie_id": "32447"
  },
  {
    "review": "일본놈들 짱나네! 백제가 검술,검,갑옷,철기술까지 전수해줬더니 멸망해서 배신하다니",
    "date": "08.04.05",
    "rating": "10",
    "author": "tpgn****",
    "review_id": "2561117",
    "movie_id": "32447"
  },
  {
    "review": "가슴에 남는것 같음.. 나당연합국에게 멸망당한 백제무사들의 슬픔이 섞여있음..",
    "date": "08.04.05",
    "rating": "10",
    "author": "snow****",
    "review_id": "2561115",
    "movie_id": "32447"
  },
  {
    "review": "재밌게 봤어요 ㅎㅎ!! 한국영화에서 이런거 좀더 나왔음좋겠음",
    "date": "08.04.05",
    "rating": "10",
    "author": "djaa****",
    "review_id": "2561110",
    "movie_id": "32447"
  },
  {
    "review": "칼 액션만큼은 일본도 따라오지못한 대작인듯함.",
    "date": "08.04.05",
    "rating": "10",
    "author": "sosu****",
    "review_id": "2561107",
    "movie_id": "32447"
  },
  {
    "review": "81년작 이라고 해도 손색이 없는 어설픔",
    "date": "08.03.27",
    "rating": "1",
    "author": "gabr****",
    "review_id": "2544958",
    "movie_id": "32447"
  },
  {
    "review": "아 난 재밌던뎅 머징",
    "date": "08.01.27",
    "rating": "10",
    "author": "rune****",
    "review_id": "2377381",
    "movie_id": "32447"
  },
  {
    "review": "제발알 영화좀 보고 판단합시다.. 남들이 재미없다고 하니깐 악플을다시네.",
    "date": "07.12.18",
    "rating": "10",
    "author": "wh32****",
    "review_id": "2241980",
    "movie_id": "32447"
  },
  {
    "review": "마이너스는 필요 없다 0점은 없냐 -_ - 1점도 아꿉다..-_ -",
    "date": "07.12.15",
    "rating": "1",
    "author": "iris****",
    "review_id": "2233520",
    "movie_id": "32447"
  },
  {
    "review": "장난? ㅋ",
    "date": "07.08.02",
    "rating": "1",
    "author": "star****",
    "review_id": "1852644",
    "movie_id": "32447"
  },
  {
    "review": "ㅎ...할말을 잃을 듯한 영화...",
    "date": "07.02.02",
    "rating": "1",
    "author": "real****",
    "review_id": "1435333",
    "movie_id": "32447"
  },
  {
    "review": "잼씀....",
    "date": "06.11.19",
    "rating": "10",
    "author": "djaa****",
    "review_id": "1241267",
    "movie_id": "32447"
  },
  {
    "review": "난 재밌기만한데.....",
    "date": "06.11.19",
    "rating": "10",
    "author": "tpgn****",
    "review_id": "1241263",
    "movie_id": "32447"
  },
  {
    "review": "같은해에 나온 무사에 너무 밀린다...수준이 다르군 ㅉㅉ",
    "date": "06.10.27",
    "rating": "2",
    "author": "tita****",
    "review_id": "1201094",
    "movie_id": "32447"
  },
  {
    "review": "영화를 보다가 포기하긴 난생 처음",
    "date": "06.10.17",
    "rating": "3",
    "author": "dhwj****",
    "review_id": "1185561",
    "movie_id": "32447"
  },
  {
    "review": "인간적으로 눈뜨고 보기 힘들었다",
    "date": "06.09.29",
    "rating": "1",
    "author": "okjo****",
    "review_id": "1148810",
    "movie_id": "32447"
  },
  {
    "review": "보는 시간내내 허탈감이 밀려오므로 과감히 1점 날립니다.",
    "date": "06.09.09",
    "rating": "1",
    "author": "xxss****",
    "review_id": "1112516",
    "movie_id": "32447"
  },
  {
    "review": "만세-",
    "date": "06.08.21",
    "rating": "10",
    "author": "nall****",
    "review_id": "1066765",
    "movie_id": "32447"
  },
  {
    "review": "다세포 만세",
    "date": "06.08.12",
    "rating": "10",
    "author": "zogl****",
    "review_id": "1011100",
    "movie_id": "32447"
  },
  {
    "review": "이건아니다 싶다",
    "date": "06.08.01",
    "rating": "5",
    "author": "zeed****",
    "review_id": "954904",
    "movie_id": "32447"
  },
  {
    "review": "무협액션의자존심이다.........................",
    "date": "06.07.29",
    "rating": "10",
    "author": "hell****",
    "review_id": "936759",
    "movie_id": "32447"
  },
  {
    "review": "아......최악..",
    "date": "06.07.24",
    "rating": "2",
    "author": "blue****",
    "review_id": "919740",
    "movie_id": "32447"
  },
  {
    "review": "극장 한 관에 둘뿐이 안봤던.. 내생애 최고의 졸작~~",
    "date": "06.07.24",
    "rating": "1",
    "author": "esoh****",
    "review_id": "918250",
    "movie_id": "32447"
  },
  {
    "review": "이게영화라니.주말7시에극장전체관객이4명인최악의영화",
    "date": "06.07.05",
    "rating": "1",
    "author": "zima****",
    "review_id": "872199",
    "movie_id": "32447"
  },
  {
    "review": "문씨와 이씨의 목을 '신검'으로 베어버리고 싶을 따름,,,,",
    "date": "06.07.03",
    "rating": "2",
    "author": "take****",
    "review_id": "868375",
    "movie_id": "32447"
  },
  {
    "review": "쓰래기통 어딨지?별한개도 아까움",
    "date": "06.06.09",
    "rating": "1",
    "author": "3434****",
    "review_id": "837725",
    "movie_id": "32447"
  },
  {
    "review": "뭐 아직까지 이걸 뛰어넘는 영화는 본적없다.",
    "date": "06.04.24",
    "rating": "1",
    "author": "rage****",
    "review_id": "773513",
    "movie_id": "32447"
  },
  {
    "review": "이건 아니잖아~",
    "date": "06.02.04",
    "rating": "1",
    "author": "sukh****",
    "review_id": "645973",
    "movie_id": "32447"
  },
  {
    "review": "이건 아니올시다~~~!",
    "date": "05.11.24",
    "rating": "1",
    "author": "mare****",
    "review_id": "483577",
    "movie_id": "32447"
  },
  {
    "review": "칼날이서지않는칼로,많은관객들을베려했으니베어지지않겠지.",
    "date": "05.10.20",
    "rating": "4",
    "author": "izzo****",
    "review_id": "448966",
    "movie_id": "32447"
  },
  {
    "review": "이렇게 돈 아까운 영화는 처음. 7년이 아니라 7개월 아닌가.",
    "date": "05.10.12",
    "rating": "2",
    "author": "ratm****",
    "review_id": "441033",
    "movie_id": "32447"
  },
  {
    "review": "평점에 왜 마이너스는 없는 것이냐",
    "date": "05.09.16",
    "rating": "1",
    "author": "fire****",
    "review_id": "407749",
    "movie_id": "32447"
  },
  {
    "review": "너무해",
    "date": "05.08.29",
    "rating": "1",
    "author": "moos****",
    "review_id": "388117",
    "movie_id": "32447"
  },
  {
    "review": "안돼! 이런 영화에 붙일 이름이 아니야!!!!!!!!",
    "date": "05.05.17",
    "rating": "1",
    "author": "jcr3****",
    "review_id": "279643",
    "movie_id": "32447"
  },
  {
    "review": "이환경 맞어?",
    "date": "05.01.22",
    "rating": "1",
    "author": "lkr0****",
    "review_id": "192847",
    "movie_id": "32447"
  },
  {
    "review": "제목만 보고 기대했으나 실상은 엄청난 괴작이었다...",
    "date": "05.01.15",
    "rating": "4",
    "author": "k4he****",
    "review_id": "186834",
    "movie_id": "32447"
  },
  {
    "review": "요점이 없이 난잡하기만한... 1점도 아깝네요",
    "date": "04.10.13",
    "rating": "1",
    "author": "zard****",
    "review_id": "125257",
    "movie_id": "32447"
  },
  {
    "review": "이야기에 힘이없다. 지루해..;;",
    "date": "04.04.10",
    "rating": "3",
    "author": "blue****",
    "review_id": "35376",
    "movie_id": "32447"
  }
]