[
  {
    "review": "스릴 넘치는 영화입니다티비에 나온걸보고 또 보고싶다는 생각을 했습니다",
    "date": "15.06.26",
    "rating": "10",
    "author": "fhrz****",
    "review_id": "10039842",
    "movie_id": "32455"
  },
  {
    "review": "처음에 제목 보고 일본영화인줄..",
    "date": "15.04.05",
    "rating": "10",
    "author": "534k****",
    "review_id": "9829824",
    "movie_id": "32455"
  },
  {
    "review": "어차피 이 영화는 재주넘는 거 보는 거 그 이상도 이하도 아니다. 스토리는 영화하하기 위한 들러리일 뿐이었고. 그런데, 재주넘기 구경하는데에 1시간 반은 너무 길었다.",
    "date": "15.03.11",
    "rating": "1",
    "author": "kpcc****",
    "review_id": "9772756",
    "movie_id": "32455"
  },
  {
    "review": "good!!  너무 재미있습니당~~",
    "date": "14.12.18",
    "rating": "10",
    "author": "jepi****",
    "review_id": "9486510",
    "movie_id": "32455"
  },
  {
    "review": "건물 뛰어다니는 맨몸 액션 말고는 딱히 볼 거 없는 스토리",
    "date": "14.11.18",
    "rating": "1",
    "author": "jjaj****",
    "review_id": "9397567",
    "movie_id": "32455"
  },
  {
    "review": "그럭저럭 볼만함,, 킬링타임",
    "date": "14.08.29",
    "rating": "6",
    "author": "fghy****",
    "review_id": "9142044",
    "movie_id": "32455"
  },
  {
    "review": "짱짱 완전 추천합니다. 재밌게 가볍게 즐겨보기 딱 좋은 영화",
    "date": "14.06.05",
    "rating": "10",
    "author": "ekfo****",
    "review_id": "8800761",
    "movie_id": "32455"
  },
  {
    "review": "희열과 쾌감을 느끼게 해준다 하지만 묘기빼고는 보잘것없이 다소 진부한 면이 있다",
    "date": "14.04.22",
    "rating": "7",
    "author": "dkdl****",
    "review_id": "8665154",
    "movie_id": "32455"
  },
  {
    "review": "어렸을 때 봤는데 지금까지 액션영화 보고 재밌다고 생각한 건 이게 처음이었다!",
    "date": "13.06.29",
    "rating": "9",
    "author": "myra****",
    "review_id": "7690047",
    "movie_id": "32455"
  },
  {
    "review": "난 이런 장르개척영화가 좋다. 특히 장비없이 맨손으로 땀내나는 액션을 고공에서 현란하게 보여준다는게 참 놀랍더라. 이영화이후 프랑스액션영화에서 야마카시급의 액션신은 필수로 자리잡게됬지, 13구역도 이영화가 없었더라면? 상상조차 하기싫다.",
    "date": "13.05.23",
    "rating": "10",
    "author": "bajj****",
    "review_id": "7549552",
    "movie_id": "32455"
  },
  {
    "review": "!",
    "date": "13.01.07",
    "rating": "10",
    "author": "pjst****",
    "review_id": "7091221",
    "movie_id": "32455"
  },
  {
    "review": "제발 평점쓸때는 시대상을 고려하면서 쓰자.2003년에 나온 영화치곤 이정도면 잘만든거다.왜 우리가 파쿠르를 보고 야마카시거리는지,개봉후 몇주간 평점이 왜그런지 보면 알것이다.",
    "date": "12.12.02",
    "rating": "8",
    "author": "rhfl****",
    "review_id": "6959977",
    "movie_id": "32455"
  },
  {
    "review": "굿",
    "date": "12.08.25",
    "rating": "10",
    "author": "skdi****",
    "review_id": "6642272",
    "movie_id": "32455"
  },
  {
    "review": "허세작렬 3류영화",
    "date": "12.07.22",
    "rating": "3",
    "author": "gksm****",
    "review_id": "6516099",
    "movie_id": "32455"
  },
  {
    "review": "왜 석방된건지도 모르겠고 액션신 너무 짤막하네",
    "date": "12.07.21",
    "rating": "1",
    "author": "tian****",
    "review_id": "6506888",
    "movie_id": "32455"
  },
  {
    "review": "야마카시 묘기 빼고는 볼게 없네. 싸구려",
    "date": "12.07.05",
    "rating": "4",
    "author": "drmy****",
    "review_id": "6446599",
    "movie_id": "32455"
  },
  {
    "review": "스릴감있고 액션신도 괜찮은데 석방될때 너무 허무하게 끝나네 ㅡ ㅡ",
    "date": "12.06.25",
    "rating": "6",
    "author": "holl****",
    "review_id": "6415978",
    "movie_id": "32455"
  },
  {
    "review": "OO 내 포인트",
    "date": "11.12.23",
    "rating": "1",
    "author": "dnck****",
    "review_id": "5927002",
    "movie_id": "32455"
  },
  {
    "review": "더 재미있게 만들수 있었을텐데..아쉽다..13구역이 너무 강했나?",
    "date": "11.09.29",
    "rating": "5",
    "author": "marc****",
    "review_id": "5760514",
    "movie_id": "32455"
  },
  {
    "review": "스토리가없으면 엑션이라도 있어야하는거아닌가",
    "date": "11.09.06",
    "rating": "3",
    "author": "kth3****",
    "review_id": "5711550",
    "movie_id": "32455"
  },
  {
    "review": "영화 재미 있을꺼 같은데요.야마카시가 아니라  파쿠르 프리런닝입니다.",
    "date": "11.07.19",
    "rating": "10",
    "author": "dldu****",
    "review_id": "5555746",
    "movie_id": "32455"
  },
  {
    "review": "이걸본내가한심스럽다 살기싫다 내가사는이유를모르겠다 가족이랑보다 호적에서파였다",
    "date": "11.02.19",
    "rating": "1",
    "author": "xotj****",
    "review_id": "5256783",
    "movie_id": "32455"
  },
  {
    "review": "이 영화 저번에 티비에서 해서 봤는데 티비 박살냈다",
    "date": "11.02.19",
    "rating": "1",
    "author": "vlfx****",
    "review_id": "5256768",
    "movie_id": "32455"
  },
  {
    "review": "흠. 스토리도 그렇고.. 잘 모르겠네요;",
    "date": "11.02.17",
    "rating": "5",
    "author": "leth****",
    "review_id": "5250334",
    "movie_id": "32455"
  },
  {
    "review": "묘기대행진 구경은 5분이면 충분하다. 1시간 반은 넘 길어.",
    "date": "10.12.21",
    "rating": "1",
    "author": "ccpk****",
    "review_id": "5070766",
    "movie_id": "32455"
  },
  {
    "review": "놀이로 즐기면서 범죄를 저지른다. 철 없는 애새끼들",
    "date": "10.12.21",
    "rating": "1",
    "author": "rame****",
    "review_id": "5070764",
    "movie_id": "32455"
  },
  {
    "review": "지들 재주넘기 잘한다고 깝치는 거밖에 안됨",
    "date": "10.11.05",
    "rating": "4",
    "author": "vvab****",
    "review_id": "4940125",
    "movie_id": "32455"
  },
  {
    "review": "좀어릴때본건데 무지무지재밋엇음 한3번봣음 짱임,기대하지말고 봐보삼",
    "date": "10.10.24",
    "rating": "10",
    "author": "kje4****",
    "review_id": "4918963",
    "movie_id": "32455"
  },
  {
    "review": "내가 이걸 캐쉬결제하고 봤다는게 믿어지지 않는다.",
    "date": "10.09.27",
    "rating": "2",
    "author": "ocea****",
    "review_id": "4871400",
    "movie_id": "32455"
  },
  {
    "review": "단순한 내용이지만 볼거리는 괜찮음",
    "date": "10.09.25",
    "rating": "7",
    "author": "bgol****",
    "review_id": "4866304",
    "movie_id": "32455"
  },
  {
    "review": "도둑은 정의로우면 괜찮탄다 ㅋㅋㅋㅋㅋㅋ",
    "date": "10.09.21",
    "rating": "1",
    "author": "chlz****",
    "review_id": "4855065",
    "movie_id": "32455"
  },
  {
    "review": "사설은 끝내고, 자! 이제 정말 야마카시를 보여줘!!",
    "date": "10.08.24",
    "rating": "3",
    "author": "yaky****",
    "review_id": "4789344",
    "movie_id": "32455"
  },
  {
    "review": "불쌍함",
    "date": "10.08.21",
    "rating": "10",
    "author": "mr74****",
    "review_id": "4775042",
    "movie_id": "32455"
  },
  {
    "review": "쓰레기",
    "date": "10.08.13",
    "rating": "1",
    "author": "kwh5****",
    "review_id": "4744352",
    "movie_id": "32455"
  },
  {
    "review": "스토리진짜 비약하네 이건뭐 그냥물건훔치는 영화임?야마카시에대해선 진짜조금나오네",
    "date": "10.08.12",
    "rating": "1",
    "author": "khj7****",
    "review_id": "4736866",
    "movie_id": "32455"
  },
  {
    "review": "액션과 스토리 모두 볼만했다. 액션 ?",
    "date": "10.07.24",
    "rating": "8",
    "author": "dlgh****",
    "review_id": "4667680",
    "movie_id": "32455"
  },
  {
    "review": "눈요깃거리에 훈훈한 스토리가 좋다.",
    "date": "10.07.08",
    "rating": "10",
    "author": "hbki****",
    "review_id": "4622500",
    "movie_id": "32455"
  },
  {
    "review": "날아다니는 건 짱인데 전개는 영 엉성하네. 하지만 액션만 모아 보면 가치있을 듯",
    "date": "10.07.01",
    "rating": "7",
    "author": "sbs3****",
    "review_id": "4602705",
    "movie_id": "32455"
  },
  {
    "review": "그냥 그렇네..솔직히 재미없다.",
    "date": "10.06.25",
    "rating": "2",
    "author": "skps****",
    "review_id": "4590623",
    "movie_id": "32455"
  },
  {
    "review": "매우매우 멋지고 ㄷㄷ;",
    "date": "10.06.12",
    "rating": "10",
    "author": "aa2a****",
    "review_id": "4560419",
    "movie_id": "32455"
  },
  {
    "review": "이 영화때문에 전 세계에 야마카시 동호회 가입한 사람들이 늘어남..ㅋㄷ",
    "date": "10.04.14",
    "rating": "10",
    "author": "sant****",
    "review_id": "4432957",
    "movie_id": "32455"
  },
  {
    "review": "그냥저냥이다. 많이 부족.",
    "date": "10.04.14",
    "rating": "7",
    "author": "psyc****",
    "review_id": "4432687",
    "movie_id": "32455"
  },
  {
    "review": "뤽 베송이 이 영화 각본을 맡았으므로 무조건 10점",
    "date": "10.04.13",
    "rating": "10",
    "author": "il_d****",
    "review_id": "4431385",
    "movie_id": "32455"
  },
  {
    "review": "안 볼 걸 그랬어.. 괜히 봤어.. 억울해.. 억울해.. 뿅. 억울하지 않아.",
    "date": "10.03.08",
    "rating": "5",
    "author": "srid****",
    "review_id": "4342884",
    "movie_id": "32455"
  },
  {
    "review": "영화감독준비생이 잘많든영화정도..",
    "date": "10.03.03",
    "rating": "5",
    "author": "hdh0****",
    "review_id": "4331282",
    "movie_id": "32455"
  },
  {
    "review": "영화는 영화 일뿐 멋있다고 빌딩 타지 맙시다.!",
    "date": "10.02.25",
    "rating": "10",
    "author": "alsl****",
    "review_id": "4316794",
    "movie_id": "32455"
  },
  {
    "review": "스토리 쓰레기 이게 영화면 나도 찍는다",
    "date": "10.01.30",
    "rating": "1",
    "author": "kysk****",
    "review_id": "4224679",
    "movie_id": "32455"
  },
  {
    "review": "야마카시 자체는 신기하고 화려하나 프랑스영화는 늘 장난같고 엉성하다..;;",
    "date": "10.01.28",
    "rating": "5",
    "author": "aset****",
    "review_id": "4216839",
    "movie_id": "32455"
  },
  {
    "review": "액션을 좋아하는 사람이라면 이 영화를 좋아하지 않을 수는 없다. 짜릿한 쾌감!",
    "date": "10.01.25",
    "rating": "8",
    "author": "ccab****",
    "review_id": "4208943",
    "movie_id": "32455"
  },
  {
    "review": "내가 이걸 보고 야마카시를 배웠다",
    "date": "10.01.23",
    "rating": "10",
    "author": "mins****",
    "review_id": "4200296",
    "movie_id": "32455"
  },
  {
    "review": "어릴때 본 영화인데 아직도 생각나는걸 보면 신선한충격이었나보다. 스릴.",
    "date": "10.01.10",
    "rating": "7",
    "author": "moon****",
    "review_id": "4156022",
    "movie_id": "32455"
  },
  {
    "review": "영화는 자본만으로는 되지 않는다  .",
    "date": "09.12.21",
    "rating": "3",
    "author": "evil****",
    "review_id": "4068328",
    "movie_id": "32455"
  },
  {
    "review": "스토리는 별로긴 한데  야마카시라는게 무엇인지 알려준영화 ! 멋져씀",
    "date": "09.12.20",
    "rating": "8",
    "author": "hyun****",
    "review_id": "4064093",
    "movie_id": "32455"
  },
  {
    "review": "명대사 : 홍길동전?",
    "date": "09.06.27",
    "rating": "10",
    "author": "wjdq****",
    "review_id": "3595059",
    "movie_id": "32455"
  },
  {
    "review": "액션과스토리 두마리의토끼를잡으려다 둘다 흐지부지된꼴",
    "date": "09.06.20",
    "rating": "5",
    "author": "goms****",
    "review_id": "3577456",
    "movie_id": "32455"
  },
  {
    "review": "액션으로만 따지자면 만점이겠으나...조금 아쉬운점이 있었음~!",
    "date": "09.06.16",
    "rating": "8",
    "author": "daee****",
    "review_id": "3569273",
    "movie_id": "32455"
  },
  {
    "review": "길거리 간지나게 다닐듯",
    "date": "09.05.17",
    "rating": "7",
    "author": "92gu****",
    "review_id": "3503660",
    "movie_id": "32455"
  },
  {
    "review": "액션 쩔어주네여 꼭보삼 스토리는 별로 ....",
    "date": "09.05.11",
    "rating": "10",
    "author": "minh****",
    "review_id": "3489400",
    "movie_id": "32455"
  },
  {
    "review": "스토리는 별로지만 야마카시란 무엇인가를 이영화를 통해 알게됐다",
    "date": "09.04.25",
    "rating": "10",
    "author": "w7k1****",
    "review_id": "3441229",
    "movie_id": "32455"
  },
  {
    "review": "스토리는 없다.",
    "date": "09.04.05",
    "rating": "8",
    "author": "dlwo****",
    "review_id": "3406147",
    "movie_id": "32455"
  },
  {
    "review": "스토리가좀 단순하고 짧지만 그래도 재미있다 인상적인장면 옥상에서뛰는것",
    "date": "09.02.24",
    "rating": "10",
    "author": "sllk****",
    "review_id": "3330514",
    "movie_id": "32455"
  },
  {
    "review": "아찔하고 재미있는 영화 야마카시 ~",
    "date": "09.02.16",
    "rating": "10",
    "author": "thdb****",
    "review_id": "3309524",
    "movie_id": "32455"
  },
  {
    "review": "뭐 이 영화를 통해 색다른 스포츠가 있다는 것을 알았다 시원시원하게 점프는 하는데",
    "date": "09.01.19",
    "rating": "5",
    "author": "deff****",
    "review_id": "3230951",
    "movie_id": "32455"
  },
  {
    "review": "도둑질에 당위성을 갖다 붙이는 게 좀 그렇긴 하지만 그래도 액션 하나는 끝내준다",
    "date": "08.11.16",
    "rating": "7",
    "author": "uds0****",
    "review_id": "3053887",
    "movie_id": "32455"
  },
  {
    "review": "액션, 스토리도 13구역이 더 나은듯... 둘다 마지막은 통쾌하지만",
    "date": "08.08.24",
    "rating": "6",
    "author": "jiyu****",
    "review_id": "2898725",
    "movie_id": "32455"
  },
  {
    "review": "기대가 컸기에 실망도 컸다. 너무나도 단순한 스토리... 부실한 액션...",
    "date": "08.08.19",
    "rating": "6",
    "author": "silv****",
    "review_id": "2885269",
    "movie_id": "32455"
  },
  {
    "review": "시간 남을때 보면 웃기다// 끝이 웃기다ㅋㅋ",
    "date": "08.08.08",
    "rating": "6",
    "author": "mnbv****",
    "review_id": "2849195",
    "movie_id": "32455"
  },
  {
    "review": "진짜 재밌다 ㅎㅎㅎㅎㅎㅎㅎㅎ",
    "date": "08.08.07",
    "rating": "10",
    "author": "lle6****",
    "review_id": "2845395",
    "movie_id": "32455"
  },
  {
    "review": "자신들의 잘못으로 일어난 사고를 절도로 무마하려는 도둑놈들 이야기",
    "date": "08.08.02",
    "rating": "1",
    "author": "ccpk****",
    "review_id": "2828333",
    "movie_id": "32455"
  },
  {
    "review": "그 재주로 할게 도둑질 밖에 없었니?그래?차라리 방송출연료를 모으지.",
    "date": "08.07.27",
    "rating": "1",
    "author": "baks****",
    "review_id": "2807326",
    "movie_id": "32455"
  },
  {
    "review": "젊은 자유인들의 몸부림은 날렵하고 화려하다... 그리고 아름답다",
    "date": "08.07.21",
    "rating": "6",
    "author": "ezin****",
    "review_id": "2790314",
    "movie_id": "32455"
  },
  {
    "review": "뤽베송의 감각이 난 맘에 드는데~~",
    "date": "08.07.19",
    "rating": "9",
    "author": "ghos****",
    "review_id": "2779643",
    "movie_id": "32455"
  },
  {
    "review": "난 영화평점 주기에는 인색하지 않지만 왠지 이건 이정도로만 주고 싶다.",
    "date": "08.06.28",
    "rating": "7",
    "author": "bosu****",
    "review_id": "2727314",
    "movie_id": "32455"
  },
  {
    "review": "이게왜 평점이 7점이야 ㅋㅋ 액션최고구만..",
    "date": "08.06.08",
    "rating": "10",
    "author": "dutj****",
    "review_id": "2688256",
    "movie_id": "32455"
  },
  {
    "review": "초딩 영화",
    "date": "08.06.04",
    "rating": "1",
    "author": "jkhy****",
    "review_id": "2679127",
    "movie_id": "32455"
  },
  {
    "review": "야마카시액션의 새로움도 없었다면 최악이었을것",
    "date": "08.05.23",
    "rating": "4",
    "author": "si2p****",
    "review_id": "2657816",
    "movie_id": "32455"
  },
  {
    "review": "야마카시 보는 재미는 5분이면 충분하다. 시노십스 출연자들이 만들었니?",
    "date": "08.02.22",
    "rating": "3",
    "author": "stra****",
    "review_id": "2470322",
    "movie_id": "32455"
  },
  {
    "review": "와우 진짜 재미있었음....",
    "date": "08.02.19",
    "rating": "10",
    "author": "chlw****",
    "review_id": "2463136",
    "movie_id": "32455"
  },
  {
    "review": "뭐야! 일본영화줄 알고 놀랐잖아. 실망이예요.",
    "date": "08.02.12",
    "rating": "1",
    "author": "cdh5****",
    "review_id": "2437943",
    "movie_id": "32455"
  },
  {
    "review": "액션이 좋다",
    "date": "08.02.04",
    "rating": "10",
    "author": "kgsc****",
    "review_id": "2408199",
    "movie_id": "32455"
  },
  {
    "review": "신기한 능력 짱",
    "date": "08.01.22",
    "rating": "10",
    "author": "jong****",
    "review_id": "2359799",
    "movie_id": "32455"
  },
  {
    "review": "스토리이상했지만 개인적으로 해피엔딩을좋아하기때문에 ㅋ글고액션좋았음",
    "date": "08.01.20",
    "rating": "7",
    "author": "k2yz****",
    "review_id": "2350303",
    "movie_id": "32455"
  },
  {
    "review": "액션은 좋지만 스토리는 범죄미화라는 생각밖에...",
    "date": "08.01.08",
    "rating": "6",
    "author": "anci****",
    "review_id": "2309059",
    "movie_id": "32455"
  },
  {
    "review": "익스트림 스포츠..야마카시..ㅎㅎㅎ",
    "date": "07.12.29",
    "rating": "10",
    "author": "hook****",
    "review_id": "2278032",
    "movie_id": "32455"
  },
  {
    "review": "농담도재밌었구전체적인스토리는..잘모르겠구 머훔칠때가젤재밌뜨라",
    "date": "07.12.07",
    "rating": "10",
    "author": "jmh9****",
    "review_id": "2213629",
    "movie_id": "32455"
  },
  {
    "review": "스토리도 엉망이고 유치하고 재미없어요.",
    "date": "07.12.02",
    "rating": "3",
    "author": "rudw****",
    "review_id": "2201187",
    "movie_id": "32455"
  },
  {
    "review": "오로지 액션만!!!액션!!!만!!!",
    "date": "07.11.29",
    "rating": "4",
    "author": "liho****",
    "review_id": "2191984",
    "movie_id": "32455"
  },
  {
    "review": "짧아서 아쉽다",
    "date": "07.11.22",
    "rating": "6",
    "author": "kone****",
    "review_id": "2174293",
    "movie_id": "32455"
  },
  {
    "review": "익스트림영화 좋아해",
    "date": "07.11.11",
    "rating": "7",
    "author": "pksj****",
    "review_id": "2145379",
    "movie_id": "32455"
  },
  {
    "review": "야마카시의 최초 영화화에 의미가 있고 내용도 그닥 나쁘진 않았다.",
    "date": "07.11.10",
    "rating": "7",
    "author": "ldgu****",
    "review_id": "2143789",
    "movie_id": "32455"
  },
  {
    "review": "네티+스파이더맨 야마카시 장면만 볼만",
    "date": "07.11.10",
    "rating": "7",
    "author": "nell****",
    "review_id": "2141910",
    "movie_id": "32455"
  },
  {
    "review": "새로운 스포츠를 말하는 상업영화",
    "date": "07.11.04",
    "rating": "6",
    "author": "kuan****",
    "review_id": "2133383",
    "movie_id": "32455"
  },
  {
    "review": "화려한 볼거리 제공 영화",
    "date": "07.11.04",
    "rating": "8",
    "author": "sisk****",
    "review_id": "2131509",
    "movie_id": "32455"
  },
  {
    "review": "다른거 필요없다 그냥 날고 구르고 뛰는 장면만 보면된다..",
    "date": "07.10.23",
    "rating": "6",
    "author": "inw2****",
    "review_id": "2107257",
    "movie_id": "32455"
  },
  {
    "review": "good",
    "date": "07.10.22",
    "rating": "7",
    "author": "cles****",
    "review_id": "2105835",
    "movie_id": "32455"
  },
  {
    "review": "뭐... 쑈하나요?",
    "date": "07.10.19",
    "rating": "1",
    "author": "0704****",
    "review_id": "2098787",
    "movie_id": "32455"
  },
  {
    "review": "자꾸 때거지로 병실갔다 원장실갔다할때 막 어색 민망;;; 좀 유치 하잖니",
    "date": "07.10.03",
    "rating": "6",
    "author": "crea****",
    "review_id": "2067233",
    "movie_id": "32455"
  },
  {
    "review": "이 좋은 소재로 영화 이렇게 만드는 것도 참 용한 재주.",
    "date": "07.10.02",
    "rating": "2",
    "author": "holy****",
    "review_id": "2065445",
    "movie_id": "32455"
  },
  {
    "review": "쟈멜의 회생을 위한 익스트림 액션. 긴박감은 최고.",
    "date": "07.10.01",
    "rating": "8",
    "author": "temp****",
    "review_id": "2064391",
    "movie_id": "32455"
  },
  {
    "review": "날아다니고 그런 씬은 멋지지만 스토리가 너무 허접..ㅋ",
    "date": "07.10.01",
    "rating": "7",
    "author": "habi****",
    "review_id": "2063993",
    "movie_id": "32455"
  }
]