[
  {
    "review": "...듬듬듬....",
    "date": "15.05.21",
    "rating": "1",
    "author": "cheo****",
    "review_id": "9936799",
    "movie_id": "32468"
  },
  {
    "review": "영화보다 훨 잼나요~옐로스톤 사라지기전에 가보고싶네요^^",
    "date": "15.03.13",
    "rating": "10",
    "author": "sklu****",
    "review_id": "9776264",
    "movie_id": "32468"
  },
  {
    "review": "짱짱재밌음강추강추강추",
    "date": "14.06.18",
    "rating": "10",
    "author": "msjs****",
    "review_id": "8839551",
    "movie_id": "32468"
  }
]