[
  {
    "review": "나는 뭘 하고 싶은걸까?",
    "date": "15.05.17",
    "rating": "6",
    "author": "adil****",
    "review_id": "9926843",
    "movie_id": "32475"
  },
  {
    "review": "글쎄... 지나친 관계설정이 영화를 완전히 배려논느낌. 갈피못잡는 방황하는 청춘 요부분을 좀더 다르게 표현했다면 좋았을걸.. 김규리 변정민 자매와의 삼각설정은 완전오버최악이었음.",
    "date": "13.05.14",
    "rating": "4",
    "author": "kis5****",
    "review_id": "7527316",
    "movie_id": "32475"
  },
  {
    "review": "내나이 이제 스물넷 우연히 새벽에 보게됫는데.방향을 못잡고 헤메는 나와 겹쳐보이는 공감이 가는 장면 있는 잔잔한영화. 개인적으로 분위기가 꽤 괜찮았습니다.",
    "date": "13.01.04",
    "rating": "9",
    "author": "gaga****",
    "review_id": "7080582",
    "movie_id": "32475"
  },
  {
    "review": "OO 내 나이 24은 군대에서 삽질하며 보냈다. OOO 내인생",
    "date": "11.12.08",
    "rating": "1",
    "author": "i235****",
    "review_id": "5893775",
    "movie_id": "32475"
  },
  {
    "review": "영화가 아니라 다큐멘터리.",
    "date": "11.08.25",
    "rating": "4",
    "author": "khpu****",
    "review_id": "5685853",
    "movie_id": "32475"
  },
  {
    "review": "나이 헛먹었네..",
    "date": "10.09.18",
    "rating": "3",
    "author": "imf0****",
    "review_id": "4845309",
    "movie_id": "32475"
  },
  {
    "review": "어처구니가없다 시간아까비",
    "date": "10.04.27",
    "rating": "1",
    "author": "hany****",
    "review_id": "4459936",
    "movie_id": "32475"
  },
  {
    "review": "촬영지가 우리 집앞이네요 ^^* 연구단지 30년살았는데 이영화를 왜 이제야 봤을까요",
    "date": "10.04.06",
    "rating": "8",
    "author": "exce****",
    "review_id": "4415175",
    "movie_id": "32475"
  },
  {
    "review": "시간낭비",
    "date": "10.03.27",
    "rating": "1",
    "author": "elfm****",
    "review_id": "4390033",
    "movie_id": "32475"
  },
  {
    "review": "스물넷이 아니라 열넷같은데...",
    "date": "10.02.08",
    "rating": "5",
    "author": "hero****",
    "review_id": "4259705",
    "movie_id": "32475"
  },
  {
    "review": "발로 만든 영화",
    "date": "10.01.03",
    "rating": "1",
    "author": "swee****",
    "review_id": "4128040",
    "movie_id": "32475"
  },
  {
    "review": "이 세상에 꿈이란 정말 있는 것일까? 믿고 있지만, 시간이 흐를수록 잊혀져간다.",
    "date": "09.12.02",
    "rating": "10",
    "author": "blue****",
    "review_id": "4009805",
    "movie_id": "32475"
  },
  {
    "review": "이건좀 아니잖아;;?",
    "date": "09.10.23",
    "rating": "3",
    "author": "csl0****",
    "review_id": "3909671",
    "movie_id": "32475"
  },
  {
    "review": "가볍다. 너무 가벼워.",
    "date": "09.10.23",
    "rating": "2",
    "author": "abcj****",
    "review_id": "3909568",
    "movie_id": "32475"
  },
  {
    "review": "잔잔한게 아니라 내용이 없는 갸비지 영화~",
    "date": "09.09.03",
    "rating": "1",
    "author": "hoon****",
    "review_id": "3809762",
    "movie_id": "32475"
  },
  {
    "review": "고래사냥에서 고래를 찾아 떠나는듯한.... 하지만 어설픈 사슴이라는 상징물.",
    "date": "09.05.21",
    "rating": "5",
    "author": "deka****",
    "review_id": "3509873",
    "movie_id": "32475"
  },
  {
    "review": "난 스물네살때 사슴을 찾았던가? 아니 본적은 있었던가?",
    "date": "09.05.21",
    "rating": "8",
    "author": "wash****",
    "review_id": "3509791",
    "movie_id": "32475"
  },
  {
    "review": "어려워요.. 잘 모르겠어요...",
    "date": "09.05.04",
    "rating": "10",
    "author": "back****",
    "review_id": "3466151",
    "movie_id": "32475"
  },
  {
    "review": "자신의 인생만큼이나 어설픈 여자와의 관계들, 그리고 그 후..?",
    "date": "09.03.22",
    "rating": "6",
    "author": "foou****",
    "review_id": "3381885",
    "movie_id": "32475"
  },
  {
    "review": "설렁설렁사는 공익의 이것도 저것도 아닌 여자관계...",
    "date": "08.11.29",
    "rating": "7",
    "author": "drag****",
    "review_id": "3079537",
    "movie_id": "32475"
  },
  {
    "review": "여자는 더 성숙해 있고 남자는 아직도 자기 인생의 방향을 못 잡고 있다.",
    "date": "08.11.18",
    "rating": "10",
    "author": "owen****",
    "review_id": "3057910",
    "movie_id": "32475"
  },
  {
    "review": "방황이 아니고...무엇을 해야할지...모른다...",
    "date": "08.09.19",
    "rating": "6",
    "author": "egyp****",
    "review_id": "2957292",
    "movie_id": "32475"
  },
  {
    "review": "새벽에 일어나 우연히 봤는데 재밌네요",
    "date": "08.06.25",
    "rating": "8",
    "author": "park****",
    "review_id": "2719721",
    "movie_id": "32475"
  },
  {
    "review": "방황하는 스물넷 청년의 글루미 청춘스케치..",
    "date": "08.04.24",
    "rating": "5",
    "author": "evil****",
    "review_id": "2596312",
    "movie_id": "32475"
  },
  {
    "review": "무난하게 잘 감상한 영화",
    "date": "07.12.05",
    "rating": "8",
    "author": "insk****",
    "review_id": "2209152",
    "movie_id": "32475"
  },
  {
    "review": "일상을 특별하게 만드는 영화",
    "date": "07.10.01",
    "rating": "8",
    "author": "sunn****",
    "review_id": "2063537",
    "movie_id": "32475"
  },
  {
    "review": "미래를 향하여 숨이차게 달려간다",
    "date": "07.08.12",
    "rating": "8",
    "author": "cafe****",
    "review_id": "1926304",
    "movie_id": "32475"
  },
  {
    "review": "딱..준이 같은 영화.",
    "date": "06.11.23",
    "rating": "5",
    "author": "ahdk****",
    "review_id": "1246674",
    "movie_id": "32475"
  },
  {
    "review": "아, 좋은 영화",
    "date": "06.11.19",
    "rating": "10",
    "author": "shar****",
    "review_id": "1241579",
    "movie_id": "32475"
  },
  {
    "review": "본 지 2년이나 지났는데도 여전히 여운이 남는 영화..",
    "date": "06.10.11",
    "rating": "8",
    "author": "lieb****",
    "review_id": "1175904",
    "movie_id": "32475"
  },
  {
    "review": "방향잃은 청춘을 잘 표현한 영화. 이병우의 배경음악도 굿!",
    "date": "06.10.01",
    "rating": "9",
    "author": "limp****",
    "review_id": "1153067",
    "movie_id": "32475"
  },
  {
    "review": "좋은데 뭔가 어설프다",
    "date": "06.09.18",
    "rating": "6",
    "author": "zeed****",
    "review_id": "1131370",
    "movie_id": "32475"
  },
  {
    "review": "내나이 스물넷... 지금의 나의 마음과 어떤점이든 비슷하다..",
    "date": "06.08.06",
    "rating": "9",
    "author": "sasu****",
    "review_id": "979008",
    "movie_id": "32475"
  },
  {
    "review": "혼돈의 시절 20초를 잘 표현한 영화. 감독의 연출이 인상적",
    "date": "06.02.13",
    "rating": "9",
    "author": "jhki****",
    "review_id": "667243",
    "movie_id": "32475"
  },
  {
    "review": "30대에 본 2001년도의 스물넷은 짜증나는 일이다.",
    "date": "05.12.01",
    "rating": "7",
    "author": "pspt****",
    "review_id": "489961",
    "movie_id": "32475"
  },
  {
    "review": "안 좋아... 안 좋아...",
    "date": "05.09.13",
    "rating": "1",
    "author": "popc****",
    "review_id": "404530",
    "movie_id": "32475"
  },
  {
    "review": "지금까지를 정리하는 것, 다시 시작한다는 것.",
    "date": "05.08.11",
    "rating": "8",
    "author": "noal****",
    "review_id": "361429",
    "movie_id": "32475"
  },
  {
    "review": "감각적인 영화이다.",
    "date": "05.08.04",
    "rating": "7",
    "author": "ykej****",
    "review_id": "352014",
    "movie_id": "32475"
  },
  {
    "review": "좀 우울하지만 사실적이고 짧은 컷 사이의 영상이 좋다.",
    "date": "05.07.14",
    "rating": "8",
    "author": "town****",
    "review_id": "322037",
    "movie_id": "32475"
  },
  {
    "review": "왠지 모르게 판타스틱소녀백서가 생각나는 영화",
    "date": "05.04.20",
    "rating": "5",
    "author": "sawe****",
    "review_id": "262987",
    "movie_id": "32475"
  },
  {
    "review": "약간 처지는 것 외엔 괜찮은 영화",
    "date": "05.03.20",
    "rating": "8",
    "author": "zldn****",
    "review_id": "244620",
    "movie_id": "32475"
  },
  {
    "review": "그냥 이래저래 공감 가는 부분도 있구요...한번쯤 볼만한 영화 같습니다",
    "date": "04.12.04",
    "rating": "6",
    "author": "phat****",
    "review_id": "156865",
    "movie_id": "32475"
  },
  {
    "review": "스물넷치고는 너무파란만장한 여자관계",
    "date": "04.10.05",
    "rating": "5",
    "author": "wind****",
    "review_id": "120644",
    "movie_id": "32475"
  },
  {
    "review": "Not good !",
    "date": "04.09.13",
    "rating": "1",
    "author": "cjdt****",
    "review_id": "107991",
    "movie_id": "32475"
  },
  {
    "review": "사실상 별 내용이 없다...",
    "date": "04.08.30",
    "rating": "1",
    "author": "angk****",
    "review_id": "99941",
    "movie_id": "32475"
  },
  {
    "review": "젊은 시절을 돌아보게 하는 잔잔한 영화!",
    "date": "04.07.25",
    "rating": "7",
    "author": "bo0w****",
    "review_id": "76705",
    "movie_id": "32475"
  },
  {
    "review": "24살의 한 공익의 일상.. 잔잔,,",
    "date": "04.02.25",
    "rating": "6",
    "author": "weed****",
    "review_id": "24013",
    "movie_id": "32475"
  },
  {
    "review": "생각있게 살자",
    "date": "04.01.26",
    "rating": "6",
    "author": "hv_m****",
    "review_id": "13329",
    "movie_id": "32475"
  },
  {
    "review": "준이는 아직도 사슴꿈을 꿀까?보는 내내 마음이 조용하고 잔잔했던 영화..",
    "date": "03.12.17",
    "rating": "5",
    "author": "kiss****",
    "review_id": "3805",
    "movie_id": "32475"
  }
]