[
  {
    "review": "욕이 많이 나온다고 뭐라고하든 어쨋든간에 재밌다",
    "date": "15.07.16",
    "rating": "10",
    "author": "coli****",
    "review_id": "10109472",
    "movie_id": "32470"
  },
  {
    "review": "요즘에 개봉했으면 혁명이었을텐데",
    "date": "15.07.13",
    "rating": "10",
    "author": "huiy****",
    "review_id": "10102368",
    "movie_id": "32470"
  },
  {
    "review": "엔딩 크레딧에 “이 영화는 98년 6월부터 2006년 6월까지 8년 동안 만들어졌다. 긴 시간 수고한 우리 모두에게 감사한다“라고 나옵니다. 그들의 노력에 박수를 보냅니다. 지금은 보기도 힘들게 된 한국 장편 애니메이션계의 수작이었다고 생각합니다.",
    "date": "15.07.04",
    "rating": "10",
    "author": "jamj****",
    "review_id": "10067240",
    "movie_id": "32470"
  },
  {
    "review": "한국에서 만들었다는게 자랑스러웠어요 개인적으로 좀 더럽고 야한장면만 없었으면 하는 아쉬움이..",
    "date": "15.07.01",
    "rating": "9",
    "author": "cjsx****",
    "review_id": "10058033",
    "movie_id": "32470"
  },
  {
    "review": "재밌다.. 호불호가 갈릴만하지만 난 이런 저질B급 액션.코미디가 좋고 액션은 진짜 최고라 단언할수 있다.",
    "date": "15.06.04",
    "rating": "10",
    "author": "kyrk****",
    "review_id": "9974041",
    "movie_id": "32470"
  },
  {
    "review": "대한민국 최고 애니  너무 저평가 되었다",
    "date": "15.06.03",
    "rating": "10",
    "author": "thet****",
    "review_id": "9972246",
    "movie_id": "32470"
  },
  {
    "review": "성우진의 연기가 몰입을 방해한 점도 더불었지만, 이것저것 떠나서 그냥 재미가 없다. 정색하고 보다 반쯤 보고 끔.",
    "date": "15.05.01",
    "rating": "1",
    "author": "kuru****",
    "review_id": "9882678",
    "movie_id": "32470"
  },
  {
    "review": "개인적으로 한국 애니메이션 역사상 가장 재미있으면서도 거침없고 완성도 높게 제대로 만들어진 작품을 고르라면 이 작품을 꼽을 수 밖에 없다. 문제는 그 이후로 이런 작품이 다시 안나오고 있다는거지...",
    "date": "15.04.09",
    "rating": "9",
    "author": "meta****",
    "review_id": "9836564",
    "movie_id": "32470"
  },
  {
    "review": "한국 애니에 이런 명작이 태어날 줄은..진짜 최고다. 많은 사람들이 현영 목소리를 지적하던데 난 오히려 류승범의 성우톤이 너무 거슬렸다. 캐릭터와 따로 노는 느낌.. 아무튼 후속작이 없는게 정말 안타깝다",
    "date": "15.03.27",
    "rating": "10",
    "author": "jun2****",
    "review_id": "9809541",
    "movie_id": "32470"
  },
  {
    "review": "9시 뉴스보다 재미없네",
    "date": "15.03.26",
    "rating": "1",
    "author": "bmw3****",
    "review_id": "9806955",
    "movie_id": "32470"
  },
  {
    "review": "너무 빨랐다!! 지금쯤 나왔으면 다들 재밌다고 했을텐데...시대를 잘못테어난 명작...",
    "date": "15.01.09",
    "rating": "10",
    "author": "recr****",
    "review_id": "9576072",
    "movie_id": "32470"
  },
  {
    "review": "조타, 소재도 액션신도 좋고, 류승범도 임창정도 신해철 씨도 잘 해주셨다.. 근데 현영은 좀 아니잖아... 진작에 빼지 그랬어요.",
    "date": "15.01.08",
    "rating": "9",
    "author": "hamj****",
    "review_id": "9575146",
    "movie_id": "32470"
  },
  {
    "review": "신선 하다 ㄷㄷㄷ 재밌다",
    "date": "14.12.19",
    "rating": "10",
    "author": "devi****",
    "review_id": "9489581",
    "movie_id": "32470"
  },
  {
    "review": "대박ㅎ 이게국산이라니 난진짜미국껀줄",
    "date": "14.11.17",
    "rating": "10",
    "author": "duck****",
    "review_id": "9394067",
    "movie_id": "32470"
  },
  {
    "review": "앤션신 하나는 정말 볼만하다. 근데 밥을 먹으면서 볼만한 영화는 아닌듯. 성우들이 욕을 아주 찰지게 하는데 류승범 임창정인줄은 정말 몰랐고 현영목소리는 좀 에러인듯, 신해철은 진짜 성우 같았고, 스토리는 좀 조잡하고 B급 냄새나는데 그게 매력인듯",
    "date": "14.11.16",
    "rating": "8",
    "author": "nura****",
    "review_id": "9392264",
    "movie_id": "32470"
  },
  {
    "review": "이게왜 청불임? 너무 궁금하다잉",
    "date": "14.11.11",
    "rating": "10",
    "author": "chdm****",
    "review_id": "9371907",
    "movie_id": "32470"
  },
  {
    "review": "아 이거 개봉했을때 보고 신선하고 좋아서시리즈로 나올줄 알았는데 이게 끝이었네ㅠ지금 예고편봐도 처음봤을때와 같은 신선함이있는데.. 감독님.. 이거 후속 작품 만들어주시면 안되나요?ㅎㅎ",
    "date": "14.11.05",
    "rating": "10",
    "author": "acha****",
    "review_id": "9341814",
    "movie_id": "32470"
  },
  {
    "review": "너무나 만족합니다 2탄이 나왔으면 합니다",
    "date": "14.08.07",
    "rating": "10",
    "author": "newm****",
    "review_id": "9044822",
    "movie_id": "32470"
  },
  {
    "review": "소재가 참신하고 신선하다 2탄을 예고하는듯 하더니 8년동안 소식이없군요",
    "date": "14.08.02",
    "rating": "8",
    "author": "alst****",
    "review_id": "9007589",
    "movie_id": "32470"
  },
  {
    "review": "이게 왜 7점대 인지 이해안간다... 얼마나 꿀잼인디 ㅋ내생각에 이정도 급에 한국만화영화 다시 나올까싶다",
    "date": "14.07.29",
    "rating": "10",
    "author": "hunm****",
    "review_id": "8976793",
    "movie_id": "32470"
  },
  {
    "review": "너무 일찍 나와서 제대로 평가를 받지 못한 영화 ㅠㅠ",
    "date": "14.07.29",
    "rating": "9",
    "author": "copy****",
    "review_id": "8976222",
    "movie_id": "32470"
  },
  {
    "review": "ㅋㅋㅋ이거 동생이랑 초딩때봤는데 보는내내 배잡고 웃었던 기억이 있네요.ㅎ 욕이 난무하는거 빼면 한국-애니영화란 느낌으론 쵝오가 아닐까 합니다.",
    "date": "14.07.20",
    "rating": "10",
    "author": "coml****",
    "review_id": "8934058",
    "movie_id": "32470"
  },
  {
    "review": "전 류승범 팬이라서 대사 숨소리 똑같이하는게재소원이라ㅠ ㅠ",
    "date": "14.07.05",
    "rating": "10",
    "author": "chl7****",
    "review_id": "8884717",
    "movie_id": "32470"
  },
  {
    "review": "전문 성우만 썼어도 평점이 2점은 더 높았을것",
    "date": "14.06.22",
    "rating": "10",
    "author": "lee1****",
    "review_id": "8848358",
    "movie_id": "32470"
  },
  {
    "review": "한국 애니메이션계의 한획을 그은..",
    "date": "14.06.07",
    "rating": "8",
    "author": "534k****",
    "review_id": "8805850",
    "movie_id": "32470"
  },
  {
    "review": "기존의다른한국애니에비하면 확실히 뛰어나고구성도좋은것같음 감독님짱 제작진들짱 강추",
    "date": "14.06.03",
    "rating": "10",
    "author": "narc****",
    "review_id": "8789711",
    "movie_id": "32470"
  },
  {
    "review": "한국 애니의 자부심이다 이건 ㅋㅋ 그 무엇보다 자랑스러운 국산 애니메이션",
    "date": "14.05.28",
    "rating": "10",
    "author": "ari1****",
    "review_id": "8771511",
    "movie_id": "32470"
  },
  {
    "review": "평균올려주고싶다 수작이다",
    "date": "14.05.19",
    "rating": "10",
    "author": "dlag****",
    "review_id": "8746289",
    "movie_id": "32470"
  },
  {
    "review": "완전웃기고 재미잇어요 ㅋ",
    "date": "14.04.24",
    "rating": "10",
    "author": "algm****",
    "review_id": "8668514",
    "movie_id": "32470"
  },
  {
    "review": "딱 7.5인데 반올림해서 8줌",
    "date": "14.04.06",
    "rating": "8",
    "author": "unri****",
    "review_id": "8633542",
    "movie_id": "32470"
  },
  {
    "review": "한국 애니메이션은 갈수록 퇴보하는듯",
    "date": "14.04.06",
    "rating": "10",
    "author": "slas****",
    "review_id": "8631186",
    "movie_id": "32470"
  },
  {
    "review": "몬도 미디어에서 재방영해준다고 해서 영화를 찾아 봤는데 졸잼 개잼 배설의 카타르시스",
    "date": "14.02.15",
    "rating": "10",
    "author": "ster****",
    "review_id": "8510834",
    "movie_id": "32470"
  },
  {
    "review": "국내 수작 애니. 다만 클라이막스가 조금 아쉽다.",
    "date": "14.02.08",
    "rating": "8",
    "author": "skdl****",
    "review_id": "8488335",
    "movie_id": "32470"
  },
  {
    "review": "한국 애니메이션중 액션은 이게 최고",
    "date": "14.02.03",
    "rating": "10",
    "author": "capp****",
    "review_id": "8471391",
    "movie_id": "32470"
  },
  {
    "review": "가장 엽기적인 애니메이션",
    "date": "14.02.02",
    "rating": "10",
    "author": "limb****",
    "review_id": "8468675",
    "movie_id": "32470"
  },
  {
    "review": "어쩌다봤는데똥잼예스잼ㅋㅋㅋㅋ",
    "date": "14.01.28",
    "rating": "10",
    "author": "jisu****",
    "review_id": "8437956",
    "movie_id": "32470"
  },
  {
    "review": "국내 애니메이션에서는 정말 나오기 힘든 퀄리티와 발상이였다.",
    "date": "14.01.08",
    "rating": "8",
    "author": "joma****",
    "review_id": "8361995",
    "movie_id": "32470"
  },
  {
    "review": "진짜 잘 뽑힌 영화인데..",
    "date": "13.12.05",
    "rating": "8",
    "author": "v104****",
    "review_id": "8190250",
    "movie_id": "32470"
  },
  {
    "review": "류승범과 임창정의 육두문자 가 아주 시원스럽게 들을 수 있어 졸았다",
    "date": "13.11.30",
    "rating": "7",
    "author": "milk****",
    "review_id": "8179263",
    "movie_id": "32470"
  },
  {
    "review": "아치와 OO은 신해철 목소리연기만 빼면 최고임",
    "date": "13.10.26",
    "rating": "10",
    "author": "supe****",
    "review_id": "8089871",
    "movie_id": "32470"
  },
  {
    "review": "너무 일찍 나왔다 보는눈은 낮은데 영화퀄이 너무높으니..ㅠ",
    "date": "13.10.23",
    "rating": "10",
    "author": "dpfv****",
    "review_id": "8081094",
    "movie_id": "32470"
  },
  {
    "review": "나름 신선하고 재미가 있었다. 원더풀데이즈니 뭐니 주목을 받았던 국내 작품들 몇개가 있었지만 다들 한가지씩 빠진 미완성 뿐이었다. 보자면 아치와 OO처럼 역대 한국 애니메이션 중에서 이정도의 센스를 보이는 작품은 아직도 없다",
    "date": "13.10.05",
    "rating": "8",
    "author": "high****",
    "review_id": "8037822",
    "movie_id": "32470"
  },
  {
    "review": "이런 애니는 처음..그리고  반가운 오인용 식구들 목소리~",
    "date": "13.09.23",
    "rating": "9",
    "author": "cred****",
    "review_id": "8010901",
    "movie_id": "32470"
  },
  {
    "review": "이야..  생각보다 정말 재밌다..",
    "date": "13.07.11",
    "rating": "10",
    "author": "21ks****",
    "review_id": "7723795",
    "movie_id": "32470"
  },
  {
    "review": "ㅋㅋㅋㅋㅋㅋㅋㅋㅋㅋㅋ재밌어",
    "date": "13.06.30",
    "rating": "9",
    "author": "smwb****",
    "review_id": "7691324",
    "movie_id": "32470"
  },
  {
    "review": "우리나라 에니메이션중 최고의 퀄리티??조금 저질스러우나 보다보니 중독되어 웃고있는나...ㅋ재미있구나~~^^",
    "date": "13.06.26",
    "rating": "8",
    "author": "remi****",
    "review_id": "7682340",
    "movie_id": "32470"
  },
  {
    "review": "보자기들이 그냥 귀여웠다",
    "date": "13.06.24",
    "rating": "6",
    "author": "kapp****",
    "review_id": "7676584",
    "movie_id": "32470"
  },
  {
    "review": "정말 절실하게 느낀 점이, 한국에서 애니메이션에 전문 성우를 안 쓰는것은 참 죄악이라는 것이다. 연예인이라고 목소리까지 연기 잘하나? 현영은 정말 최악",
    "date": "13.05.27",
    "rating": "5",
    "author": "pppk****",
    "review_id": "7558121",
    "movie_id": "32470"
  },
  {
    "review": "7점",
    "date": "13.05.24",
    "rating": "7",
    "author": "star****",
    "review_id": "7552495",
    "movie_id": "32470"
  },
  {
    "review": "B급 액션물을 떠올릴 그런 영화.",
    "date": "13.05.06",
    "rating": "10",
    "author": "2634****",
    "review_id": "7512495",
    "movie_id": "32470"
  },
  {
    "review": "고퀄에 소재도 재기 발랄하고 성우들도 개성넘침 한국에 이런 애니 더 나왔으면 좋겠다",
    "date": "13.04.23",
    "rating": "9",
    "author": "dddd****",
    "review_id": "7476597",
    "movie_id": "32470"
  },
  {
    "review": "원더풀데이즈의 한을 갚는 한국애니메이션엉엉어어유ㅠㅠㅠㅠ...캐릭터,구성,연출,스토리 뭐하나 빠지는게없다..원래 성우를 연예인이 하는거 되게 싫어하는데 이건 류승범임창정현영의 공도 컸다! 재밌다 중2스런 철콘보다 역시 이게 낫지!ㅋ",
    "date": "13.04.21",
    "rating": "10",
    "author": "1923****",
    "review_id": "7472683",
    "movie_id": "32470"
  },
  {
    "review": "재미있어요 ㅋ",
    "date": "13.04.19",
    "rating": "10",
    "author": "jnht****",
    "review_id": "7469240",
    "movie_id": "32470"
  },
  {
    "review": "진짜. 이건 시대 명작이다. 진짜로 진짜로 . 이게 2006 년에 나온게 한이다",
    "date": "13.04.13",
    "rating": "10",
    "author": "qkrw****",
    "review_id": "7456438",
    "movie_id": "32470"
  },
  {
    "review": "시대를 앞서간 명작",
    "date": "13.04.12",
    "rating": "10",
    "author": "appl****",
    "review_id": "7453660",
    "movie_id": "32470"
  },
  {
    "review": "지금 개봉했으면 좋았을껀데..",
    "date": "13.04.12",
    "rating": "8",
    "author": "xx41****",
    "review_id": "7453091",
    "movie_id": "32470"
  },
  {
    "review": "진짜 시기를 잘못타고난듯 ㅋㅋㅋ 재밌음",
    "date": "13.04.10",
    "rating": "10",
    "author": "sghs****",
    "review_id": "7447387",
    "movie_id": "32470"
  },
  {
    "review": "좀 시기를 잘못타고 남.. 지금 나왔으면 대박인데 이건 정말 명작, ㅋㅋ",
    "date": "13.04.09",
    "rating": "10",
    "author": "dbth****",
    "review_id": "7446144",
    "movie_id": "32470"
  },
  {
    "review": "와 한국 애니는 다 졸작인줄 알았는데 ㅋㅋ 2006년 개봉작이라니 이거 뭐 시대를 7년은 앞서갔네",
    "date": "13.04.09",
    "rating": "10",
    "author": "jang****",
    "review_id": "7445457",
    "movie_id": "32470"
  },
  {
    "review": "우리나라 영화는 항상 슬픈거랑 로맨스영화로 끝남 ㅋㅋㅋ 절대 이런영화 안나옴",
    "date": "13.03.09",
    "rating": "10",
    "author": "gbwl****",
    "review_id": "7332779",
    "movie_id": "32470"
  },
  {
    "review": "굳",
    "date": "13.02.16",
    "rating": "10",
    "author": "dbsw****",
    "review_id": "7272026",
    "movie_id": "32470"
  },
  {
    "review": "솔직히 7점대는 아니지라잉. 8점대는 가야 안쓰것소. 고런의미로다가 10점 쏘것네.",
    "date": "13.01.19",
    "rating": "10",
    "author": "sase****",
    "review_id": "7131728",
    "movie_id": "32470"
  },
  {
    "review": "국내최초 플래쉬애니메이션 장편영화였던가 그랬던거 같다. 특히 오인용 출연이 대박이었지...에너지원이 좀 더럽긴해도 기발하긴했다.",
    "date": "13.01.17",
    "rating": "10",
    "author": "bajj****",
    "review_id": "7123655",
    "movie_id": "32470"
  },
  {
    "review": "애니메이션중에서는 진짜 재밌게봤내",
    "date": "13.01.16",
    "rating": "10",
    "author": "rkdv****",
    "review_id": "7122177",
    "movie_id": "32470"
  },
  {
    "review": "재밌네요 좀 야하고 더럽지만..ㅋㅋㅋㅋ재치있는 상상력..",
    "date": "12.12.22",
    "rating": "8",
    "author": "dmsg****",
    "review_id": "7031507",
    "movie_id": "32470"
  },
  {
    "review": "액션씬도 좋고 일단 완전 미처버린것 같은 세계관이 맘에듬 이 애니를 구리다고 평가하는 놈들은 아무래도 다른 어떤 애니를 생각하면서 쓴거겠지? 이 애니는 정말 독특해서 다른 애니와 비교자체가 될수없다.",
    "date": "12.11.27",
    "rating": "10",
    "author": "ssk7****",
    "review_id": "6930884",
    "movie_id": "32470"
  },
  {
    "review": "누가 뭐라 씨부리든 이 영화는 짱임",
    "date": "12.11.19",
    "rating": "9",
    "author": "clxj****",
    "review_id": "6904245",
    "movie_id": "32470"
  },
  {
    "review": "망하고난뒤 재평가 받는 작품",
    "date": "12.10.21",
    "rating": "5",
    "author": "devi****",
    "review_id": "6817013",
    "movie_id": "32470"
  },
  {
    "review": "이거보고 돼지의왕 두개다봣는데..뭐랄까 너무 비교된다 이건내용도더럽고 유치한거같음",
    "date": "12.10.18",
    "rating": "5",
    "author": "7014****",
    "review_id": "6809521",
    "movie_id": "32470"
  },
  {
    "review": "이게 7 점이 넘어 ? 푸하하하. 양아치 감독 시다바리들의 수준이 보인다. 욕질 잘하면 멋있니 ? 상 또라이 같은 것들.",
    "date": "12.10.05",
    "rating": "1",
    "author": "kimd****",
    "review_id": "6764220",
    "movie_id": "32470"
  },
  {
    "review": "황당할정도로 퀄리티가 좋지만 사랑할만한 캐릭터가 없다는 것이 가장 큰 문제이다. 모든 영화는 아닌척하지만 다 우리 자신에 대한 위로이다. 조범진 감독은 그걸 몰랐던거 같다.",
    "date": "12.08.28",
    "rating": "4",
    "author": "sdso****",
    "review_id": "6651762",
    "movie_id": "32470"
  },
  {
    "review": "개인적으로 진짜 좋아했던 애니메이션ㅎㅎ 류승범씨랑 신해철씨 정말 전문 성우같은 연기가 정말 일품이었어요~ 지금도 가끔 다운받아서 다시봅니다ㅋㅋ",
    "date": "12.08.27",
    "rating": "10",
    "author": "yuel****",
    "review_id": "6647024",
    "movie_id": "32470"
  },
  {
    "review": "생각보다 나름 갠찮구만멀",
    "date": "12.06.23",
    "rating": "10",
    "author": "sink****",
    "review_id": "6409123",
    "movie_id": "32470"
  },
  {
    "review": "진심 ㅋㅋㅋㅋ 성우 연예인인데도 ㅋㅋㅋ 이상하지 않아 ㅎㅎㅎㅎ",
    "date": "12.05.29",
    "rating": "9",
    "author": "cemz****",
    "review_id": "6344513",
    "movie_id": "32470"
  },
  {
    "review": "어지간한 일본 어덕 만화보다는 훨씬 났다! 국산 애니의 미래를 위해서!",
    "date": "12.04.24",
    "rating": "10",
    "author": "hanh****",
    "review_id": "6242595",
    "movie_id": "32470"
  },
  {
    "review": "진짜 한국에서 만들었단게 믿기지 않을정도로 세련되고 발전가능성 많은 만화영화",
    "date": "12.04.01",
    "rating": "10",
    "author": "sjyj****",
    "review_id": "6184449",
    "movie_id": "32470"
  },
  {
    "review": "존나 이정도면 명작이지 , 욕만싸지르는 뭐냐 대체 ㅋㅋ",
    "date": "12.03.28",
    "rating": "10",
    "author": "wade****",
    "review_id": "6174580",
    "movie_id": "32470"
  },
  {
    "review": "똥의 재발견과 재기발랄한 패러디가 식상함이 드는건 왜일까?",
    "date": "12.01.20",
    "rating": "7",
    "author": "k641****",
    "review_id": "6001308",
    "movie_id": "32470"
  },
  {
    "review": "솔직히 졸래 신선하고 재밌따 ㅋㅋ 한국에서 만들었따는게 신기할 따름 ㅋㅋ",
    "date": "11.12.19",
    "rating": "10",
    "author": "cleo****",
    "review_id": "5914432",
    "movie_id": "32470"
  },
  {
    "review": "시도는 좋았지만 아쉬움이 많은 영화.",
    "date": "11.12.16",
    "rating": "4",
    "author": "onnu****",
    "review_id": "5908055",
    "movie_id": "32470"
  },
  {
    "review": "난 평점을 후하게 주는 편이지만.. 솔직히 별로였다ㅠ..ㅠ",
    "date": "11.12.09",
    "rating": "6",
    "author": "josa****",
    "review_id": "5895708",
    "movie_id": "32470"
  },
  {
    "review": "목소리랑 잘 어울린다.. ㅋ",
    "date": "11.11.11",
    "rating": "6",
    "author": "tn99****",
    "review_id": "5843464",
    "movie_id": "32470"
  },
  {
    "review": "차라리 더 거칠게만들던가 .. 너무 유치해",
    "date": "11.10.22",
    "rating": "6",
    "author": "bear****",
    "review_id": "5802050",
    "movie_id": "32470"
  },
  {
    "review": "아 OO.. 진짜 명작.. 한국 애니의 혁명.. .",
    "date": "11.09.09",
    "rating": "10",
    "author": "next****",
    "review_id": "5718079",
    "movie_id": "32470"
  },
  {
    "review": "아진짜 신선하고재밌던데? 그 보자기갱단 보스 성우만좀바꾸면",
    "date": "11.09.04",
    "rating": "10",
    "author": "aneh****",
    "review_id": "5707133",
    "movie_id": "32470"
  },
  {
    "review": "지금봐도 혁명적일것 같긴한데 재미는 그닥이다;;",
    "date": "11.09.02",
    "rating": "6",
    "author": "vgri****",
    "review_id": "5703303",
    "movie_id": "32470"
  },
  {
    "review": "뭐가 한국의 애니 라는거여...장난하나..",
    "date": "11.08.29",
    "rating": "2",
    "author": "ccor****",
    "review_id": "5696904",
    "movie_id": "32470"
  },
  {
    "review": "임창정은 최상의 캐스팅. 역시 노력파배우 답다. 이경규씨 목소리도 잘 어울리는뎅~",
    "date": "11.08.24",
    "rating": "7",
    "author": "neme****",
    "review_id": "5683486",
    "movie_id": "32470"
  },
  {
    "review": "양아치와 OO",
    "date": "11.08.12",
    "rating": "10",
    "author": "idki****",
    "review_id": "5641551",
    "movie_id": "32470"
  },
  {
    "review": "다시봐도 재밋네 한국애니라는게 자랑스러울정도다 ~!!!!!",
    "date": "11.08.10",
    "rating": "10",
    "author": "dmsg****",
    "review_id": "5632955",
    "movie_id": "32470"
  },
  {
    "review": "예전 영화지만 다시봐도 잼있다.. 잘만들었다.ㅋ",
    "date": "11.07.22",
    "rating": "10",
    "author": "leem****",
    "review_id": "5560693",
    "movie_id": "32470"
  },
  {
    "review": "우리나라애니가이정도만같다면 일본애니따위안봄. 여지껏본우리나라애니중에원탑이다",
    "date": "11.07.11",
    "rating": "10",
    "author": "vash****",
    "review_id": "5535135",
    "movie_id": "32470"
  },
  {
    "review": "신선한 영화 였음 ㅋㅋㅋ 재밌넹ㅋㅋㅋ",
    "date": "11.07.04",
    "rating": "10",
    "author": "gkti****",
    "review_id": "5521855",
    "movie_id": "32470"
  },
  {
    "review": "내용은 그렇다처도 애니 퀼리티는 대박이였는데 ㅋㅋㅋ",
    "date": "11.06.18",
    "rating": "10",
    "author": "asd0****",
    "review_id": "5487661",
    "movie_id": "32470"
  },
  {
    "review": "존내 웃겨!",
    "date": "11.05.18",
    "rating": "10",
    "author": "m23m****",
    "review_id": "5435764",
    "movie_id": "32470"
  },
  {
    "review": "시작부터 욕으로 시작해서 욕으로 끝나는 조ㅈ같은 영화다...",
    "date": "11.05.16",
    "rating": "1",
    "author": "sbje****",
    "review_id": "5431556",
    "movie_id": "32470"
  },
  {
    "review": "OOOO들 뭔 미야자키 드립이냐 ㅋㅋㅋㅋ",
    "date": "11.05.12",
    "rating": "10",
    "author": "book****",
    "review_id": "5423295",
    "movie_id": "32470"
  },
  {
    "review": "수준하고는 쯧쯧쯧 내가 발로 만들어도 이거보다는 잘 만들겠다",
    "date": "11.05.11",
    "rating": "1",
    "author": "ljtn****",
    "review_id": "5422775",
    "movie_id": "32470"
  },
  {
    "review": "10년 전에도 10년 후에도 대한민국에서 만들어질 수가 없는 경쾌함!",
    "date": "11.05.06",
    "rating": "8",
    "author": "iori****",
    "review_id": "5410094",
    "movie_id": "32470"
  },
  {
    "review": "soek10님아 그거 구라에요;;",
    "date": "11.04.17",
    "rating": "8",
    "author": "ku11****",
    "review_id": "5378204",
    "movie_id": "32470"
  }
]