[
  {
    "review": "그냥 히스레저 주연이래서 봤는데, 정말 재밌었습니다ㅋㅋ 추천드려요",
    "date": "15.08.16",
    "rating": "10",
    "author": "hfix****",
    "review_id": "10239018",
    "movie_id": "32478"
  },
  {
    "review": "비디오 대여순위 1위할 때 봤던 기억. 히스레저를 추억하며.",
    "date": "15.08.10",
    "rating": "10",
    "author": "lsh5****",
    "review_id": "10213285",
    "movie_id": "32478"
  },
  {
    "review": "종합 평점은 7점 드립니다.",
    "date": "15.06.26",
    "rating": "7",
    "author": "terr****",
    "review_id": "10036848",
    "movie_id": "32478"
  },
  {
    "review": "중세 배경을 보는 재미, 마창 시합을 보는 재미, 그리고 히스 레져를 보는 재미.",
    "date": "15.06.25",
    "rating": "7",
    "author": "sipj****",
    "review_id": "10035879",
    "movie_id": "32478"
  },
  {
    "review": "히스레져는 멋있긴하다만.. 장대한 전쟁영화를 기대했던 본인으로서는 좀 실망했던 영화",
    "date": "15.06.19",
    "rating": "7",
    "author": "gshh****",
    "review_id": "10012360",
    "movie_id": "32478"
  },
  {
    "review": "이 영화  여주보다 그옆에 시녀랑 대장장이 여자가 더 예쁜 영화 아니야?",
    "date": "15.05.11",
    "rating": "10",
    "author": "chfm****",
    "review_id": "9911958",
    "movie_id": "32478"
  },
  {
    "review": "라이벌 나이츠같은 느낌나네윌리엄 마셜 실존인물인데",
    "date": "15.04.17",
    "rating": "10",
    "author": "kimh****",
    "review_id": "9849955",
    "movie_id": "32478"
  },
  {
    "review": "반전이나 기본적인 이야기 구성 등 걍 존2나게 잘만듬",
    "date": "15.04.17",
    "rating": "10",
    "author": "kkjy****",
    "review_id": "9849606",
    "movie_id": "32478"
  },
  {
    "review": "소재는 참신한데 뭔가 난잡하다.",
    "date": "15.04.14",
    "rating": "7",
    "author": "jiyu****",
    "review_id": "9845041",
    "movie_id": "32478"
  },
  {
    "review": "극중 여주 하는짓이 맘에 안들어서 별 2개 뺌...  사랑으로 그럴싸하게 포장해서 말잘듣는 개 키우자는것도 아니고... 외모만 보면 대장장이=귀족 여주인공 =오지 부락민 출신...",
    "date": "15.04.02",
    "rating": "8",
    "author": "inpo****",
    "review_id": "9821666",
    "movie_id": "32478"
  },
  {
    "review": "용감함이 하늘을 찌르네요 최고입니다",
    "date": "15.03.28",
    "rating": "10",
    "author": "khh9****",
    "review_id": "9810958",
    "movie_id": "32478"
  },
  {
    "review": "중간에 대장장이 여자가 팀에 합류하고 공주랑 사이 틀어졌을때 그대로 대장장이 여자와의 로맨스로 전환되는걸 기대한 사람은 나 뿐만이 아닐듯...",
    "date": "15.02.25",
    "rating": "9",
    "author": "kyle****",
    "review_id": "9736727",
    "movie_id": "32478"
  },
  {
    "review": "재미있어요 꼭보세요 !",
    "date": "15.02.20",
    "rating": "10",
    "author": "vmfl****",
    "review_id": "9715986",
    "movie_id": "32478"
  },
  {
    "review": "웃어 넘기기 좋은 액션 코미디.",
    "date": "15.02.13",
    "rating": "6",
    "author": "tear****",
    "review_id": "9691504",
    "movie_id": "32478"
  },
  {
    "review": "단순한 스포츠로 어떻게 이런 재미를 만들수 잇을까 바도바도 잼잇네 ㅎㅎㅎ",
    "date": "15.02.11",
    "rating": "10",
    "author": "kims****",
    "review_id": "9687762",
    "movie_id": "32478"
  },
  {
    "review": "재밌음 근대 여주외모가 별로  공주 <시녀 <대장장이 순인듯",
    "date": "15.02.07",
    "rating": "9",
    "author": "hail****",
    "review_id": "9674820",
    "movie_id": "32478"
  },
  {
    "review": "꽤 오래전에 본 영화인데 아직도 기억이 나네요 그만큼 재밌는 영화입니다.ㅎ",
    "date": "15.02.04",
    "rating": "9",
    "author": "rhd1****",
    "review_id": "9666225",
    "movie_id": "32478"
  },
  {
    "review": "십점^^ 완전재미지는구먼ㅋㅋ",
    "date": "15.01.08",
    "rating": "10",
    "author": "fbsr****",
    "review_id": "9572667",
    "movie_id": "32478"
  },
  {
    "review": "대장장이가 참 곱다 ㅎㅎㅎ",
    "date": "14.11.04",
    "rating": "8",
    "author": "mien****",
    "review_id": "9340141",
    "movie_id": "32478"
  },
  {
    "review": "시간이 흘러도 퇴색되지 않는 맛이 있는 영화",
    "date": "14.09.16",
    "rating": "9",
    "author": "mass****",
    "review_id": "9219254",
    "movie_id": "32478"
  },
  {
    "review": "이런 토요명화스러운 영화 좋다~~",
    "date": "14.09.06",
    "rating": "8",
    "author": "cult****",
    "review_id": "9176484",
    "movie_id": "32478"
  },
  {
    "review": "취향만 맞으면 재미있는 영화은근히 안 본 사람 많은듯...TV에서도 자주 하는편(?)인데.",
    "date": "14.09.02",
    "rating": "7",
    "author": "seon****",
    "review_id": "9154771",
    "movie_id": "32478"
  },
  {
    "review": "전개도 깔끔했고 몰입도 역시 기본이상이다",
    "date": "14.08.14",
    "rating": "8",
    "author": "wind****",
    "review_id": "9081060",
    "movie_id": "32478"
  },
  {
    "review": "히스레저 때문에 10점",
    "date": "14.08.11",
    "rating": "10",
    "author": "hjwm****",
    "review_id": "9070263",
    "movie_id": "32478"
  },
  {
    "review": "귀족조슬린보다  대장장이 케이트가 더이쁜건 나뿐인가",
    "date": "14.07.27",
    "rating": "7",
    "author": "chlw****",
    "review_id": "8969764",
    "movie_id": "32478"
  },
  {
    "review": "게임하는것처럼 재미있는 명작",
    "date": "14.06.24",
    "rating": "10",
    "author": "wpwl****",
    "review_id": "8851062",
    "movie_id": "32478"
  },
  {
    "review": "유쾌한 영화다.  ㅁㄷ3ㅠㅠㄱ4",
    "date": "14.03.13",
    "rating": "10",
    "author": "cthu****",
    "review_id": "8573201",
    "movie_id": "32478"
  },
  {
    "review": "전 쫌 밋밋햇네요 걍 보다보면 약간 지루한게 있어요",
    "date": "14.02.22",
    "rating": "7",
    "author": "shai****",
    "review_id": "8528527",
    "movie_id": "32478"
  },
  {
    "review": "주제에 충실한 영화. 어렸을 때도 지금도 재밌다.",
    "date": "14.02.07",
    "rating": "9",
    "author": "ko19****",
    "review_id": "8483274",
    "movie_id": "32478"
  },
  {
    "review": "운명을 바꾼 기사 멋있어요",
    "date": "14.02.01",
    "rating": "10",
    "author": "ings****",
    "review_id": "8460754",
    "movie_id": "32478"
  },
  {
    "review": "볼꺼리, 재미에..dreams come true의 감동까지...정말 좋은 영화였습니다.",
    "date": "14.01.22",
    "rating": "10",
    "author": "haya****",
    "review_id": "8412365",
    "movie_id": "32478"
  },
  {
    "review": "그가 빛을 바라지 못한 영화...",
    "date": "14.01.20",
    "rating": "6",
    "author": "milk****",
    "review_id": "8403463",
    "movie_id": "32478"
  },
  {
    "review": "유쾌하다 그냥 영화처럼  주인공이 어려움도 겪고 ..근데 난 .. 귀족 신자? 보다는 대장장이가 더 이쁨",
    "date": "13.12.13",
    "rating": "9",
    "author": "wjst****",
    "review_id": "8212297",
    "movie_id": "32478"
  },
  {
    "review": "고삐리 청춘 드라마를 중세편으로 만들었다. 그래서 좀 유치함",
    "date": "13.11.24",
    "rating": "6",
    "author": "sunc****",
    "review_id": "8164278",
    "movie_id": "32478"
  },
  {
    "review": "히스 레저.. 너무 일찍 요절했어..",
    "date": "13.11.13",
    "rating": "9",
    "author": "tn99****",
    "review_id": "8135089",
    "movie_id": "32478"
  },
  {
    "review": "너무 재밌게 본 영화. 음악이 매우 신남. 히스레저의 개구진 모습을 볼 수 있음. 그냥 히스레저때문에 본 영화인데 후회안함. 더 빠져듦.",
    "date": "13.10.08",
    "rating": "10",
    "author": "feel****",
    "review_id": "8044705",
    "movie_id": "32478"
  },
  {
    "review": "많은 인연들 덕분에 윌리엄이 운명을 바꿀수 있는 크나큰 발판이 되어줄수 있었던... 진정한 기사가 되기 위한 윌리엄의 한 편의 인생극장",
    "date": "13.08.22",
    "rating": "9",
    "author": "okeh****",
    "review_id": "7911376",
    "movie_id": "32478"
  },
  {
    "review": "학창시절에 보고 오랜만에 다시 보는 영화..토요일에 맥주 한잔 하면서 보기 좋다.",
    "date": "13.08.11",
    "rating": "10",
    "author": "oliv****",
    "review_id": "7867207",
    "movie_id": "32478"
  },
  {
    "review": "운명을 바꾼 윌리엄!!!!!",
    "date": "13.07.31",
    "rating": "10",
    "author": "oyt0****",
    "review_id": "7801512",
    "movie_id": "32478"
  },
  {
    "review": "하고자 하는 이야기를 명료하고 정확하게 전달한다. 군더더기가 없는 희극. 같은 내용으로 더 잘 만들어낼 수 있다는 생각이 전혀 안 든다. 아마 대중적으로 어필하기는 조금 힘들지 않을까 싶지만, 꽤 수작이었다. 맘에 든다.",
    "date": "13.07.21",
    "rating": "7",
    "author": "tscm****",
    "review_id": "7769499",
    "movie_id": "32478"
  },
  {
    "review": "we will rock you",
    "date": "13.07.15",
    "rating": "9",
    "author": "sala****",
    "review_id": "7743547",
    "movie_id": "32478"
  },
  {
    "review": "이사람이 히스레저였구먼?",
    "date": "13.06.26",
    "rating": "8",
    "author": "pepe****",
    "review_id": "7681219",
    "movie_id": "32478"
  },
  {
    "review": "중세영화라면 딱딱한 오페라풍 OST와 배경일거라는 기존의 관념에서 탈피해 락과 메탈 그리고 스피디한 전개까지 현대적인 감각을 잘 버무린 중세 기사 이야기..",
    "date": "13.06.10",
    "rating": "10",
    "author": "bajj****",
    "review_id": "7622723",
    "movie_id": "32478"
  },
  {
    "review": "히스레져의 유쾌한 액션 코미디",
    "date": "13.05.21",
    "rating": "10",
    "author": "zndz****",
    "review_id": "7545657",
    "movie_id": "32478"
  },
  {
    "review": "히스레저의 팬이라 일부러본건데 내용 자체면과 시대적배경이 신선하고 재밌었다. 뻔한 결말이지만 전체적으로 유쾌하게 승화시킨듯한 영화",
    "date": "13.05.20",
    "rating": "9",
    "author": "rmar****",
    "review_id": "7543729",
    "movie_id": "32478"
  },
  {
    "review": "중학교때봤는데 개잼",
    "date": "13.05.05",
    "rating": "10",
    "author": "terr****",
    "review_id": "7510775",
    "movie_id": "32478"
  },
  {
    "review": "굿",
    "date": "13.04.27",
    "rating": "9",
    "author": "pira****",
    "review_id": "7488176",
    "movie_id": "32478"
  },
  {
    "review": "말이 필요없음",
    "date": "13.04.26",
    "rating": "10",
    "author": "178c****",
    "review_id": "7483129",
    "movie_id": "32478"
  },
  {
    "review": "모든 배우들 열연에 스토리도 감동입니다!",
    "date": "13.04.24",
    "rating": "10",
    "author": "gibo****",
    "review_id": "7478222",
    "movie_id": "32478"
  },
  {
    "review": "슈퍼액션에서 봤는데 돋네 ㅋㅋ",
    "date": "13.03.25",
    "rating": "8",
    "author": "fprh****",
    "review_id": "7411423",
    "movie_id": "32478"
  },
  {
    "review": "Change your stars",
    "date": "13.03.25",
    "rating": "8",
    "author": "bbq2****",
    "review_id": "7409975",
    "movie_id": "32478"
  },
  {
    "review": "몇번이고 다시봐도 재미있네요 ㅎㅎㅎㅎ",
    "date": "13.03.24",
    "rating": "10",
    "author": "kkfi****",
    "review_id": "7406761",
    "movie_id": "32478"
  },
  {
    "review": "21살인 나이에 본 영화 옛날영화인거같아서 별로인가 했는데 완전 감동있고 재밌는 영화 ㅋ",
    "date": "13.03.17",
    "rating": "10",
    "author": "xode****",
    "review_id": "7357544",
    "movie_id": "32478"
  },
  {
    "review": "잘봤어요",
    "date": "13.03.03",
    "rating": "10",
    "author": "kywo****",
    "review_id": "7319919",
    "movie_id": "32478"
  },
  {
    "review": "어릴 적 봤던 .. 정말 재미있던 기사 이야기 !",
    "date": "13.02.05",
    "rating": "10",
    "author": "tjdg****",
    "review_id": "7229007",
    "movie_id": "32478"
  },
  {
    "review": "전멸하다 시피한 전투를 경혐해야 전사다.",
    "date": "13.01.23",
    "rating": "4",
    "author": "kos4****",
    "review_id": "7158553",
    "movie_id": "32478"
  },
  {
    "review": "중세배경 오락영화. 그러나 불쾌한 개연성. 히스레져의 팬이기 에 +1점",
    "date": "13.01.16",
    "rating": "4",
    "author": "v_vi****",
    "review_id": "7120257",
    "movie_id": "32478"
  },
  {
    "review": "2000년대 초반의 좋은영화 그렇듯이 이영화 또한 좋다!스토리,배우,유머까지!히스레져가 왜 이작품을 선택했는지 알수 있을거같다!",
    "date": "12.12.31",
    "rating": "10",
    "author": "h2o8****",
    "review_id": "7065833",
    "movie_id": "32478"
  },
  {
    "review": "평점 믿고 봤는데 완전 정크무비였다... 간간히 나오는 어정쩡한 퓨전과 어색한 연기력은 보는 이를 무색하게 하고 개연성이 부족한 연출은 마지막까지 계속되어 영화의 재미를 반감시킨다",
    "date": "12.12.13",
    "rating": "3",
    "author": "kkhd****",
    "review_id": "6998802",
    "movie_id": "32478"
  },
  {
    "review": "그렇게 재밌지도  웃기지도  않은 영화    오히려 감동이 더 있었다",
    "date": "12.12.07",
    "rating": "7",
    "author": "wsk6****",
    "review_id": "6979796",
    "movie_id": "32478"
  },
  {
    "review": "액션도 코미디도 아닌 어정쩡한 장르와 스토리에 살아 있지 못한 캐릭터들.",
    "date": "12.11.19",
    "rating": "5",
    "author": "cont****",
    "review_id": "6906855",
    "movie_id": "32478"
  },
  {
    "review": "재밌었음.",
    "date": "12.10.31",
    "rating": "10",
    "author": "samy****",
    "review_id": "6838992",
    "movie_id": "32478"
  },
  {
    "review": "재밌네요.",
    "date": "12.10.16",
    "rating": "10",
    "author": "dohy****",
    "review_id": "6806082",
    "movie_id": "32478"
  },
  {
    "review": "재밌다 하지만 8.5점 이상은 아니다.",
    "date": "12.10.10",
    "rating": "8",
    "author": "obth****",
    "review_id": "6779421",
    "movie_id": "32478"
  },
  {
    "review": "쉽고 재밌다.",
    "date": "12.10.01",
    "rating": "10",
    "author": "2st9****",
    "review_id": "6748336",
    "movie_id": "32478"
  },
  {
    "review": "ㅈ재미져요.",
    "date": "12.09.10",
    "rating": "9",
    "author": "sund****",
    "review_id": "6684048",
    "movie_id": "32478"
  },
  {
    "review": "뻔하지만 교훈점과 감동이 있다.",
    "date": "12.08.22",
    "rating": "10",
    "author": "01aj****",
    "review_id": "6634058",
    "movie_id": "32478"
  },
  {
    "review": "유치한 영웅영화 라고도 할 수 있겠지만 나는 통쾌함을 느꼈고 짜릿했다!영화를 보면서 박수를 쳐보는 건 처음이었다.",
    "date": "12.08.08",
    "rating": "10",
    "author": "206s****",
    "review_id": "6583575",
    "movie_id": "32478"
  },
  {
    "review": "주연 히스레져의 좋은 연기뿐만 아니라 조연들이 돋보이는 영화였다.",
    "date": "12.07.12",
    "rating": "10",
    "author": "silv****",
    "review_id": "6472203",
    "movie_id": "32478"
  },
  {
    "review": "오락용 영화, 보면서 아주 즐거웠음",
    "date": "12.06.02",
    "rating": "10",
    "author": "magi****",
    "review_id": "6357899",
    "movie_id": "32478"
  },
  {
    "review": "별루",
    "date": "12.05.31",
    "rating": "4",
    "author": "dbzh****",
    "review_id": "6351196",
    "movie_id": "32478"
  },
  {
    "review": "뻔한전개. 별 감흥없었다",
    "date": "12.05.22",
    "rating": "3",
    "author": "song****",
    "review_id": "6320385",
    "movie_id": "32478"
  },
  {
    "review": "뻔해서 더 재미있는 영화 !!",
    "date": "12.04.04",
    "rating": "8",
    "author": "2723****",
    "review_id": "6192869",
    "movie_id": "32478"
  },
  {
    "review": "나름 감동도 있고.  몰입하면서 재밌게 본것 같당~...",
    "date": "12.02.10",
    "rating": "8",
    "author": "sute****",
    "review_id": "6065815",
    "movie_id": "32478"
  },
  {
    "review": "뻔하고 감흥없는 그러나 현대적이고 유쾌한 중세 기사 이야기.",
    "date": "12.01.26",
    "rating": "7",
    "author": "won9****",
    "review_id": "6023011",
    "movie_id": "32478"
  },
  {
    "review": "뻔하지만 감동적이고, 소소한 재미가 살아있는 영화",
    "date": "12.01.25",
    "rating": "8",
    "author": "tjsw****",
    "review_id": "6021252",
    "movie_id": "32478"
  },
  {
    "review": "재밌다...그리고 1점씩주는건 이해가 안된다.. 7광구같은거라면 몰라도..",
    "date": "12.01.16",
    "rating": "9",
    "author": "xlsk****",
    "review_id": "5991472",
    "movie_id": "32478"
  },
  {
    "review": "사극이 고리타분한것만은 아니다.",
    "date": "11.12.26",
    "rating": "9",
    "author": "samm****",
    "review_id": "5938186",
    "movie_id": "32478"
  },
  {
    "review": "재밌네요 폴베타니의 매력있는 연기",
    "date": "11.11.21",
    "rating": "8",
    "author": "mast****",
    "review_id": "5863023",
    "movie_id": "32478"
  },
  {
    "review": "좋음...",
    "date": "11.11.12",
    "rating": "9",
    "author": "pjh8****",
    "review_id": "5844018",
    "movie_id": "32478"
  },
  {
    "review": "완전 재미있음 ~",
    "date": "11.11.06",
    "rating": "10",
    "author": "tekk****",
    "review_id": "5833070",
    "movie_id": "32478"
  },
  {
    "review": "애초에 심오할꺼 아니면 이렇게 시원시원 나가는게 더 좋아!!",
    "date": "11.11.06",
    "rating": "10",
    "author": "yoou****",
    "review_id": "5830997",
    "movie_id": "32478"
  },
  {
    "review": "평점 어이없네..히스레저 찬양하느라고 그런가?ㅋㅋ진짜 재미없음;;한 5점이 적당",
    "date": "11.10.23",
    "rating": "1",
    "author": "miss****",
    "review_id": "5804080",
    "movie_id": "32478"
  },
  {
    "review": "말이 필요없다. 히스레저를 처음 접한 영화. 정말 감동적이고 재미있는 영화.",
    "date": "11.10.20",
    "rating": "10",
    "author": "ckad****",
    "review_id": "5799552",
    "movie_id": "32478"
  },
  {
    "review": "드라마틱하지도 않고 코미디도 없는 2시간 이상의 긴 러닝타임.",
    "date": "11.10.04",
    "rating": "5",
    "author": "wlfa****",
    "review_id": "5771108",
    "movie_id": "32478"
  },
  {
    "review": "운명따위 개나줘버려 ㅋㅋ 정말 감동적인영화",
    "date": "11.10.01",
    "rating": "10",
    "author": "crea****",
    "review_id": "5764363",
    "movie_id": "32478"
  },
  {
    "review": "감동적인 스토리. 배우들의 열연",
    "date": "11.09.30",
    "rating": "8",
    "author": "neat****",
    "review_id": "5761390",
    "movie_id": "32478"
  },
  {
    "review": "재밌다",
    "date": "11.09.26",
    "rating": "8",
    "author": "kent****",
    "review_id": "5753243",
    "movie_id": "32478"
  },
  {
    "review": "나름 재밌게 봤음",
    "date": "11.09.24",
    "rating": "7",
    "author": "orph****",
    "review_id": "5749504",
    "movie_id": "32478"
  },
  {
    "review": "조금지루하긴하지만 괜찮음",
    "date": "11.08.07",
    "rating": "7",
    "author": "wls2****",
    "review_id": "5616466",
    "movie_id": "32478"
  },
  {
    "review": "이거 본지 좀 됐지만, 너무 재밌다 ㅋ 역시 히스레저!",
    "date": "11.07.22",
    "rating": "10",
    "author": "iblu****",
    "review_id": "5561868",
    "movie_id": "32478"
  },
  {
    "review": "상당히 기분이 좋아지는 영화.. 히스레져 꽤 잘생겼네",
    "date": "11.07.03",
    "rating": "10",
    "author": "r_sc****",
    "review_id": "5519887",
    "movie_id": "32478"
  },
  {
    "review": "누구나 좋아할 영화네요",
    "date": "11.06.26",
    "rating": "10",
    "author": "chee****",
    "review_id": "5500508",
    "movie_id": "32478"
  },
  {
    "review": "멋지다...\r\n다른 무슨말이 필요하랴..",
    "date": "11.06.09",
    "rating": "10",
    "author": "melt****",
    "review_id": "5472249",
    "movie_id": "32478"
  },
  {
    "review": "다시 봐도 정말 재밌다...ㅋ",
    "date": "11.05.28",
    "rating": "10",
    "author": "nice****",
    "review_id": "5453287",
    "movie_id": "32478"
  },
  {
    "review": "또봐도 재밌네 좋다.",
    "date": "11.04.28",
    "rating": "10",
    "author": "gbik****",
    "review_id": "5395141",
    "movie_id": "32478"
  },
  {
    "review": "내용도 음악도 배우들도 모두 만족...대만족합니다 ^^",
    "date": "11.03.25",
    "rating": "10",
    "author": "redi****",
    "review_id": "5333383",
    "movie_id": "32478"
  },
  {
    "review": "안젤리나졸리 동생도 예쁘게 나오네요",
    "date": "11.03.24",
    "rating": "10",
    "author": "mool****",
    "review_id": "5331652",
    "movie_id": "32478"
  },
  {
    "review": "말이필요없이 최고네요.",
    "date": "11.01.29",
    "rating": "10",
    "author": "shuc****",
    "review_id": "5193194",
    "movie_id": "32478"
  },
  {
    "review": "개잼있어..........",
    "date": "11.01.18",
    "rating": "10",
    "author": "foxb****",
    "review_id": "5166662",
    "movie_id": "32478"
  }
]