[
  {
    "review": "기대가 너무 컸던가.. 실망이 크다",
    "date": "15.08.23",
    "rating": "7",
    "author": "lsy_****",
    "review_id": "10269418",
    "movie_id": "32480"
  },
  {
    "review": "기대 없이 본다면 좋을지도",
    "date": "15.08.15",
    "rating": "5",
    "author": "rizo****",
    "review_id": "10234163",
    "movie_id": "32480"
  },
  {
    "review": "드팔마의 이름값에 비하면 숨겨진 명작일세....",
    "date": "15.07.16",
    "rating": "10",
    "author": "meta****",
    "review_id": "10108404",
    "movie_id": "32480"
  },
  {
    "review": "환상과 은유로 가득한 매력적인 스릴러",
    "date": "15.06.21",
    "rating": "9",
    "author": "pret****",
    "review_id": "10017025",
    "movie_id": "32480"
  },
  {
    "review": "다시보니 기막히네 마지막 반전의 묘미",
    "date": "15.05.02",
    "rating": "9",
    "author": "kpor****",
    "review_id": "9885496",
    "movie_id": "32480"
  },
  {
    "review": "무난하다고 본다...",
    "date": "15.01.12",
    "rating": "6",
    "author": "yana****",
    "review_id": "9585983",
    "movie_id": "32480"
  },
  {
    "review": "브라인드 팔마 역시 스릴러의 거장답군요.",
    "date": "14.08.07",
    "rating": "8",
    "author": "boys****",
    "review_id": "9045541",
    "movie_id": "32480"
  },
  {
    "review": "도발적이기는 하지만 기대했던것보다는...",
    "date": "14.04.29",
    "rating": "7",
    "author": "do11****",
    "review_id": "8681098",
    "movie_id": "32480"
  },
  {
    "review": "레베카 로미즌의 섹시 댄스가 기억에 제일 남는다.",
    "date": "14.03.22",
    "rating": "7",
    "author": "adiv****",
    "review_id": "8598218",
    "movie_id": "32480"
  },
  {
    "review": "프랑스 영화에 드 팔마 스타일이 잘 어울려.",
    "date": "14.02.05",
    "rating": "9",
    "author": "pont****",
    "review_id": "8476138",
    "movie_id": "32480"
  },
  {
    "review": "예상치 못했던 결말이긴 했지만 그냥저냥 볼만했다.",
    "date": "13.10.15",
    "rating": "7",
    "author": "ehwj****",
    "review_id": "8060989",
    "movie_id": "32480"
  },
  {
    "review": "브라이언 드팔마의 걸작반열엔 못들어도 수작스릴러는 될수있는 영화. 스카페이스나 언터처블을 기대하지않는다면 충분히 만족스럽게 볼수있다. 특히 시간이 지나도 레베카의 스트립댄스 장면은 잊혀지질 않는다.",
    "date": "13.09.14",
    "rating": "8",
    "author": "kjc7****",
    "review_id": "7977399",
    "movie_id": "32480"
  },
  {
    "review": "드 팔마 영화의 매력",
    "date": "13.08.20",
    "rating": "8",
    "author": "figh****",
    "review_id": "7906093",
    "movie_id": "32480"
  },
  {
    "review": "영화를 알면 별다섯개",
    "date": "12.10.15",
    "rating": "10",
    "author": "hanm****",
    "review_id": "6805228",
    "movie_id": "32480"
  },
  {
    "review": "느슨한 연출, 빈약한 내러티브, 붕뜬 반전",
    "date": "12.07.23",
    "rating": "1",
    "author": "goms****",
    "review_id": "6520009",
    "movie_id": "32480"
  },
  {
    "review": "여주인공의 아랫도리까지 보여주는 영화지만 이렇게 재미없는 드팔마 영화는 없을듯",
    "date": "11.12.07",
    "rating": "1",
    "author": "irh7****",
    "review_id": "5893431",
    "movie_id": "32480"
  },
  {
    "review": "이프온리,원초적본능,오션스일레븐이 짬뽕했음. 이건 뭐지??? 볶음밥도 아니고 개밥",
    "date": "11.11.19",
    "rating": "5",
    "author": "zzoo****",
    "review_id": "5858124",
    "movie_id": "32480"
  },
  {
    "review": "작정하고 만든",
    "date": "11.11.15",
    "rating": "8",
    "author": "skyb****",
    "review_id": "5850627",
    "movie_id": "32480"
  },
  {
    "review": "나름볼만한영화 여운은없다",
    "date": "11.04.18",
    "rating": "6",
    "author": "jjom****",
    "review_id": "5380155",
    "movie_id": "32480"
  },
  {
    "review": "쓰레기에서 반전으로 용이된 영화. 현대판 환타지. 레베카 짱!!!",
    "date": "11.04.10",
    "rating": "8",
    "author": "barb****",
    "review_id": "5364990",
    "movie_id": "32480"
  },
  {
    "review": "벗는다고 다 팜므파탈은 아니다. 제목이 반감을 줬다",
    "date": "10.10.08",
    "rating": "6",
    "author": "tkdv****",
    "review_id": "4891257",
    "movie_id": "32480"
  },
  {
    "review": "분위기와 장면연출 구도설정이 너무나 끌리는 묘한 매력의 영화! 여주인공사랑합니다",
    "date": "10.08.20",
    "rating": "10",
    "author": "xell****",
    "review_id": "4772190",
    "movie_id": "32480"
  },
  {
    "review": "진정한 팜므파탈을 보고자한다면 이 영화의 조연 리에 라스무센 주연 '엔젤-A'를 보라",
    "date": "10.07.13",
    "rating": "7",
    "author": "netn****",
    "review_id": "4634690",
    "movie_id": "32480"
  },
  {
    "review": "기대하지 않았던 감동을 주네요..초중반은 말그대로 뻔한 스릴러였고 후반이 특별",
    "date": "10.06.20",
    "rating": "7",
    "author": "rock****",
    "review_id": "4580025",
    "movie_id": "32480"
  },
  {
    "review": "베드신",
    "date": "10.06.12",
    "rating": "10",
    "author": "dldb****",
    "review_id": "4561003",
    "movie_id": "32480"
  },
  {
    "review": "반전을 기대하면 평점1점을 주실듯 여배우가 이뻐 주는점수임",
    "date": "10.04.05",
    "rating": "6",
    "author": "sget****",
    "review_id": "4412518",
    "movie_id": "32480"
  },
  {
    "review": "필름코멘트 선정 100대 영화에 들어간거 축하",
    "date": "10.03.11",
    "rating": "10",
    "author": "tjsg****",
    "review_id": "4349570",
    "movie_id": "32480"
  },
  {
    "review": "이건 말이 안되는 반전? 코믹스럽기까지.神도 아니고 파탈로 가다 영도자가 된다",
    "date": "10.03.02",
    "rating": "6",
    "author": "ador****",
    "review_id": "4330160",
    "movie_id": "32480"
  },
  {
    "review": "팜므파탈. 그 뜻 그 자체",
    "date": "10.01.18",
    "rating": "10",
    "author": "ooho****",
    "review_id": "4185018",
    "movie_id": "32480"
  },
  {
    "review": "아주좋아요.... 추천",
    "date": "09.12.20",
    "rating": "9",
    "author": "chae****",
    "review_id": "4059871",
    "movie_id": "32480"
  },
  {
    "review": "독특한 느낌의 괜찮았던 영화",
    "date": "09.11.01",
    "rating": "7",
    "author": "iss2****",
    "review_id": "3928539",
    "movie_id": "32480"
  },
  {
    "review": "재밌네....",
    "date": "09.10.15",
    "rating": "10",
    "author": "pkb0****",
    "review_id": "3893685",
    "movie_id": "32480"
  },
  {
    "review": "반데라스와 멋진 각본.  으",
    "date": "09.08.24",
    "rating": "1",
    "author": "pria****",
    "review_id": "3783380",
    "movie_id": "32480"
  },
  {
    "review": "주인공의 끌리는 매력 +  괜찮은 내용의 반전 추천 꾹!!",
    "date": "09.07.25",
    "rating": "10",
    "author": "a206****",
    "review_id": "3666131",
    "movie_id": "32480"
  },
  {
    "review": "남자라면 굴복할수밖에 없는 레베카의 섹시한 매력! ㅋㅋㅋ",
    "date": "09.07.10",
    "rating": "8",
    "author": "iceb****",
    "review_id": "3621449",
    "movie_id": "32480"
  },
  {
    "review": "아 이상한 말로 더빙된거 봤더니으",
    "date": "09.07.09",
    "rating": "6",
    "author": "tnrh****",
    "review_id": "3619567",
    "movie_id": "32480"
  },
  {
    "review": "약간의 여운이 남는 영화, 그래서 결국 뭐가 달라졌는가??",
    "date": "09.06.08",
    "rating": "9",
    "author": "jake****",
    "review_id": "3551943",
    "movie_id": "32480"
  },
  {
    "review": "너~~무 재밌는 영화..으...소름돋아...하나 아쉬운건 예측하기 쉬운 반전?",
    "date": "09.06.07",
    "rating": "10",
    "author": "qkfk****",
    "review_id": "3549249",
    "movie_id": "32480"
  },
  {
    "review": "내용이 이해가 안가...",
    "date": "09.06.05",
    "rating": "2",
    "author": "rain****",
    "review_id": "3545940",
    "movie_id": "32480"
  },
  {
    "review": "위에 영화해설 보고 내용 이해했다-_-;; 하여튼 보다보면 영화에 빠져든다.",
    "date": "09.05.17",
    "rating": "8",
    "author": "leem****",
    "review_id": "3503482",
    "movie_id": "32480"
  },
  {
    "review": "섹시한 레베카 로미즌과..꽤 괜찮은 전개..",
    "date": "09.05.16",
    "rating": "7",
    "author": "swee****",
    "review_id": "3498858",
    "movie_id": "32480"
  },
  {
    "review": "운명론적인 영화.  씁쓸한 뒷말은 지울수 없는건가.?",
    "date": "09.04.23",
    "rating": "6",
    "author": "evil****",
    "review_id": "3435632",
    "movie_id": "32480"
  },
  {
    "review": "매력이 없진 않지만, 솔직히 좀 산만하다.",
    "date": "09.03.22",
    "rating": "6",
    "author": "irsl****",
    "review_id": "3381303",
    "movie_id": "32480"
  },
  {
    "review": "그냥그랬음.",
    "date": "09.02.15",
    "rating": "5",
    "author": "jkh0****",
    "review_id": "3304134",
    "movie_id": "32480"
  },
  {
    "review": "여자가 물에빠졌을때부터 멍해짐",
    "date": "09.01.31",
    "rating": "9",
    "author": "ksn4****",
    "review_id": "3266617",
    "movie_id": "32480"
  },
  {
    "review": "강한 맛은 없어도 잔재미는 충분하다.",
    "date": "08.12.22",
    "rating": "6",
    "author": "skat****",
    "review_id": "3138455",
    "movie_id": "32480"
  },
  {
    "review": "We can't laugh at femme fatale.",
    "date": "08.10.10",
    "rating": "7",
    "author": "fren****",
    "review_id": "2992355",
    "movie_id": "32480"
  },
  {
    "review": "레베카 로미즌을 쓸거였으면 밴 애플랙을 남자 주인공으로 쓰지...  키차이 어쩔거야",
    "date": "08.10.07",
    "rating": "6",
    "author": "worl****",
    "review_id": "2987119",
    "movie_id": "32480"
  },
  {
    "review": "감독의 색이 확실한 묘한 매력의 영화.",
    "date": "08.10.02",
    "rating": "7",
    "author": "leh0****",
    "review_id": "2979012",
    "movie_id": "32480"
  },
  {
    "review": "흥미롭게 전개되다 급하게 마무리하는 불친절한 반전ㅡㅡ;아쉽고 엉성하다.",
    "date": "08.09.06",
    "rating": "7",
    "author": "true****",
    "review_id": "2925234",
    "movie_id": "32480"
  },
  {
    "review": "확실히 전개가 실패라고 볼수 있다.",
    "date": "08.09.01",
    "rating": "5",
    "author": "kimg****",
    "review_id": "2917144",
    "movie_id": "32480"
  },
  {
    "review": "영화속에 숨겨진 복선들과 잔재주와 또다른 의미가 후반에 쏟아져나오는 영화",
    "date": "08.09.01",
    "rating": "10",
    "author": "coco****",
    "review_id": "2916075",
    "movie_id": "32480"
  },
  {
    "review": "역시 브라이언 드 팔마",
    "date": "08.06.09",
    "rating": "10",
    "author": "mell****",
    "review_id": "2688799",
    "movie_id": "32480"
  },
  {
    "review": "한여자의 선택! 결말이 꽤 인상적이었다.",
    "date": "08.05.23",
    "rating": "5",
    "author": "hcje****",
    "review_id": "2658198",
    "movie_id": "32480"
  },
  {
    "review": "꿈과 현실을 교접시켜 낳은 팔마의 사생아.",
    "date": "08.05.10",
    "rating": "6",
    "author": "dbfl****",
    "review_id": "2628340",
    "movie_id": "32480"
  },
  {
    "review": "개인적으로 별로",
    "date": "08.03.06",
    "rating": "1",
    "author": "semi****",
    "review_id": "2506196",
    "movie_id": "32480"
  },
  {
    "review": "뱀 의상이 인상적이었다;;",
    "date": "08.01.14",
    "rating": "7",
    "author": "cont****",
    "review_id": "2329175",
    "movie_id": "32480"
  },
  {
    "review": "작가주의싫다 영화주의싫다 비쥬얼싫다 반전싫다 몸뚱아리만 볼만했다",
    "date": "07.11.08",
    "rating": "1",
    "author": "cjw2****",
    "review_id": "2139140",
    "movie_id": "32480"
  },
  {
    "review": "팔머형이 이제 완전 감을 잃었어....",
    "date": "07.10.20",
    "rating": "6",
    "author": "glif****",
    "review_id": "2099564",
    "movie_id": "32480"
  },
  {
    "review": "반전이라 하기엔 캐난감 반전! 그러나 로미즌양 몽환적 몸매만큼은 만점ㅋ",
    "date": "07.10.13",
    "rating": "10",
    "author": "kism****",
    "review_id": "2086064",
    "movie_id": "32480"
  },
  {
    "review": "다시 봐도 제법 매력있는 영화...",
    "date": "07.09.26",
    "rating": "7",
    "author": "zito****",
    "review_id": "2050582",
    "movie_id": "32480"
  },
  {
    "review": "기대에 못미쳤던 영화",
    "date": "07.09.08",
    "rating": "7",
    "author": "seun****",
    "review_id": "2007969",
    "movie_id": "32480"
  },
  {
    "review": "ㅋㅋㅋ 재밌다 역시 드팔마감독..반전 볼만한데 ㅎㅎ",
    "date": "07.07.31",
    "rating": "10",
    "author": "chop****",
    "review_id": "1830197",
    "movie_id": "32480"
  },
  {
    "review": "너무 구성력이나 반전을 돋보이게 하려고 했지만 오히려 과유불급",
    "date": "07.07.07",
    "rating": "6",
    "author": "korn****",
    "review_id": "1752723",
    "movie_id": "32480"
  },
  {
    "review": "누군가 나에게 묻는다면,레베카의 팬 아님 보지 말라고 하겠소...",
    "date": "07.06.27",
    "rating": "6",
    "author": "cong****",
    "review_id": "1724269",
    "movie_id": "32480"
  },
  {
    "review": "기가막힌 반전과 깔끔한 결말 굿잡!",
    "date": "07.06.12",
    "rating": "8",
    "author": "siba****",
    "review_id": "1697250",
    "movie_id": "32480"
  },
  {
    "review": "반전과 음악, 더불어 주인공의 몸매도 ㅎㅎ 무엇보다 분위기 너무 좋다",
    "date": "07.05.25",
    "rating": "10",
    "author": "geve****",
    "review_id": "1660167",
    "movie_id": "32480"
  },
  {
    "review": "대박인걸...",
    "date": "07.05.24",
    "rating": "9",
    "author": "asun****",
    "review_id": "1656216",
    "movie_id": "32480"
  },
  {
    "review": "마지막 정말 좋았다 그렇게 끝날줄이야 반대였으면..",
    "date": "07.05.19",
    "rating": "8",
    "author": "deff****",
    "review_id": "1646631",
    "movie_id": "32480"
  },
  {
    "review": "섹시한 스릴러..팜므파탙,,,,",
    "date": "07.05.15",
    "rating": "7",
    "author": "revo****",
    "review_id": "1639250",
    "movie_id": "32480"
  },
  {
    "review": "드감독 제발 예전 모습을 되찾기를",
    "date": "07.04.20",
    "rating": "6",
    "author": "harr****",
    "review_id": "1596709",
    "movie_id": "32480"
  },
  {
    "review": "냉택없는 반전..ㅋ",
    "date": "07.04.16",
    "rating": "8",
    "author": "demi****",
    "review_id": "1591330",
    "movie_id": "32480"
  },
  {
    "review": "그녀 몸매가 예술이다! 몽환적인 느낌의 색다른 스릴러.",
    "date": "07.04.16",
    "rating": "8",
    "author": "gomi****",
    "review_id": "1590983",
    "movie_id": "32480"
  },
  {
    "review": "관객들의 마음에 치명적 상처를 안길 수 있는 '필름 파탈'",
    "date": "07.03.01",
    "rating": "2",
    "author": "myli****",
    "review_id": "1512286",
    "movie_id": "32480"
  },
  {
    "review": "여주인공 너무 부러운 몸매. 환상이다,",
    "date": "07.02.01",
    "rating": "7",
    "author": "zndi****",
    "review_id": "1434534",
    "movie_id": "32480"
  },
  {
    "review": "매혹적인 색채, 몽환적인 연출, 세련된 스타일.",
    "date": "06.12.01",
    "rating": "7",
    "author": "cher****",
    "review_id": "1261098",
    "movie_id": "32480"
  },
  {
    "review": "스릴러 장르의 '대가'이자 '장인'의 만족스런 귀환.",
    "date": "06.11.30",
    "rating": "7",
    "author": "movi****",
    "review_id": "1258696",
    "movie_id": "32480"
  },
  {
    "review": "The body레베카로메인의몸매자랑!! 감독이재능을낭비한듯",
    "date": "06.11.25",
    "rating": "7",
    "author": "bebe****",
    "review_id": "1249639",
    "movie_id": "32480"
  },
  {
    "review": "역시 달라~~~~",
    "date": "06.11.18",
    "rating": "10",
    "author": "mcm7****",
    "review_id": "1239439",
    "movie_id": "32480"
  },
  {
    "review": "꾸..꿈이네-_-",
    "date": "06.11.16",
    "rating": "4",
    "author": "sadd****",
    "review_id": "1235672",
    "movie_id": "32480"
  },
  {
    "review": "드팔마가 꼭 그려내고 싶어했던 몽환적인 스릴러",
    "date": "06.11.13",
    "rating": "8",
    "author": "lemo****",
    "review_id": "1231156",
    "movie_id": "32480"
  },
  {
    "review": "마지막에 목걸이가 의미하는건 뮈지? ㅎㅎ",
    "date": "06.11.07",
    "rating": "6",
    "author": "badb****",
    "review_id": "1221054",
    "movie_id": "32480"
  },
  {
    "review": "엔딩은 그럴싸하다만, 내용은 별로네",
    "date": "06.10.18",
    "rating": "5",
    "author": "almo****",
    "review_id": "1187115",
    "movie_id": "32480"
  },
  {
    "review": "쓰레기영화 너무 식상하다 ㅡㅡ 잠옴",
    "date": "06.10.17",
    "rating": "1",
    "author": "kr_l****",
    "review_id": "1186247",
    "movie_id": "32480"
  },
  {
    "review": "도미즌빼고는 평범했다.",
    "date": "06.10.17",
    "rating": "7",
    "author": "cthu****",
    "review_id": "1186223",
    "movie_id": "32480"
  },
  {
    "review": "아무것도 모른상태에서 봤는데 몰입하게되는 영화였다.반전도 굿",
    "date": "06.10.07",
    "rating": "10",
    "author": "fath****",
    "review_id": "1166716",
    "movie_id": "32480"
  },
  {
    "review": "여배우의 매력과 반전때문에..약간은 퇴색된듯한 드팔머..",
    "date": "06.10.01",
    "rating": "7",
    "author": "jaux****",
    "review_id": "1152778",
    "movie_id": "32480"
  },
  {
    "review": "레베카의매력이묻어난..?ㅎㅎ;; 보만하다 ㅎㅎ",
    "date": "06.09.17",
    "rating": "7",
    "author": "kotm****",
    "review_id": "1127500",
    "movie_id": "32480"
  },
  {
    "review": "드 팔마의 값비싼 도박을 즐기는 이 스릴감~! ㅋㅋㅋㅋ",
    "date": "06.09.16",
    "rating": "8",
    "author": "donj****",
    "review_id": "1124519",
    "movie_id": "32480"
  },
  {
    "review": "내용도 재미도 있고 반전도 좋군요",
    "date": "06.08.30",
    "rating": "10",
    "author": "hori****",
    "review_id": "1090145",
    "movie_id": "32480"
  },
  {
    "review": "몸매가 좋아서 10점~ 후반 아쉽네 ㅋㅋ",
    "date": "06.08.24",
    "rating": "10",
    "author": "rick****",
    "review_id": "1074109",
    "movie_id": "32480"
  },
  {
    "review": "향수를 불러 일으키는 분할화면.평작이지만 나쁘진 않았다",
    "date": "06.08.19",
    "rating": "7",
    "author": "mino****",
    "review_id": "1058001",
    "movie_id": "32480"
  },
  {
    "review": "독특하면서도 재밌는~~~ 강추~~!!!",
    "date": "06.08.18",
    "rating": "10",
    "author": "xlro****",
    "review_id": "1049323",
    "movie_id": "32480"
  },
  {
    "review": "완전 재미 중독",
    "date": "06.08.18",
    "rating": "10",
    "author": "dlsw****",
    "review_id": "1048895",
    "movie_id": "32480"
  },
  {
    "review": "볼만함! ㅈ ㅐ밌었어요~~",
    "date": "06.08.06",
    "rating": "9",
    "author": "mira****",
    "review_id": "978999",
    "movie_id": "32480"
  },
  {
    "review": "그녀의 유혹이라면, 악녀라할지라도 그 유혹에 빠지고 싶다. @.@",
    "date": "06.07.30",
    "rating": "9",
    "author": "jack****",
    "review_id": "944148",
    "movie_id": "32480"
  },
  {
    "review": "반전은 생각지도 못했는데..ㅎㅎ 괜찮았어요d재밌었음ㅋ",
    "date": "06.07.28",
    "rating": "9",
    "author": "jgb8****",
    "review_id": "932818",
    "movie_id": "32480"
  },
  {
    "review": "제발 어이없는 반전 자제요~",
    "date": "06.07.16",
    "rating": "6",
    "author": "saru****",
    "review_id": "896234",
    "movie_id": "32480"
  },
  {
    "review": "브라이언 드 팔마 감독의 연출력은 화려하진 않지만, 노련하다!",
    "date": "06.07.12",
    "rating": "8",
    "author": "diar****",
    "review_id": "886892",
    "movie_id": "32480"
  },
  {
    "review": "19금 3류에로물 정도로 생각했는데 뜻밖의 수확!",
    "date": "06.07.10",
    "rating": "8",
    "author": "mir2****",
    "review_id": "881726",
    "movie_id": "32480"
  }
]