[
  {
    "review": "생각보다재밌게 뵜다 근데 확실한 것은 콩가루 집안이다.",
    "date": "12.12.12",
    "rating": "8",
    "author": "kyki****",
    "review_id": "6995604",
    "movie_id": "32566"
  },
  {
    "review": "좋은 작품인건 확실한데, 너무 은은하고 매료시키는 매력이 부족한게 아쉽다.",
    "date": "10.04.12",
    "rating": "7",
    "author": "gkag****",
    "review_id": "4427983",
    "movie_id": "32566"
  },
  {
    "review": "역시 펄벅의 작품은 명불허전이다. 배우들의 섬세한 심리와 전쟁의 참상이 잘 묘사됨.",
    "date": "09.09.06",
    "rating": "10",
    "author": "skss****",
    "review_id": "3814924",
    "movie_id": "32566"
  },
  {
    "review": "아, 미완의 파빌리온. 그녀만의 꿈이어라.",
    "date": "09.06.28",
    "rating": "8",
    "author": "zayu****",
    "review_id": "3598330",
    "movie_id": "32566"
  },
  {
    "review": "자신이 아닌 남편과 가문을 위해 살아야 했던 여성의 삶과 사랑을 따뜻하게 그린 작품",
    "date": "08.09.27",
    "rating": "10",
    "author": "ivor****",
    "review_id": "2972026",
    "movie_id": "32566"
  },
  {
    "review": "마지막 장면이 너무 신파적이라는 느낌을 주었음.. 그런대로 재미있게 본영화",
    "date": "08.02.05",
    "rating": "10",
    "author": "cacu****",
    "review_id": "2412032",
    "movie_id": "32566"
  },
  {
    "review": "사랑..잔잔한 감동, 중국의 이미지. 모두 느낄수있는 영화.",
    "date": "04.06.24",
    "rating": "9",
    "author": "ripp****",
    "review_id": "59554",
    "movie_id": "32566"
  }
]