[
  {
    "review": "원표의 360도 올려차기로 장안에 화제가 되었고 이때만해도 정말 대단한 액션",
    "date": "15.08.16",
    "rating": "8",
    "author": "adiv****",
    "review_id": "10237681",
    "movie_id": "32599"
  },
  {
    "review": "마지막이 궁금하네.강간범으로 되는걸까 좋은 인연으로 이어질까.",
    "date": "15.07.11",
    "rating": "10",
    "author": "ahn9****",
    "review_id": "10090262",
    "movie_id": "32599"
  },
  {
    "review": "원표 주연작 중 제일 멀쩡한 영화. 원화가 전기밥솥 들고 대윤회판 이동하려는데 왤케 웃기냐ㅋㅋㅋ",
    "date": "13.06.27",
    "rating": "10",
    "author": "kgwz****",
    "review_id": "7685020",
    "movie_id": "32599"
  },
  {
    "review": "ㅋ만옥이누님은 귀엽고 원표는 어리버리...ㅋㅋ",
    "date": "12.12.20",
    "rating": "7",
    "author": "do11****",
    "review_id": "7022803",
    "movie_id": "32599"
  },
  {
    "review": "검만들고 장만옥이름 붙아는건 오글거리지만 참 좋았는데...참고로 극중 설산장면은 설악산",
    "date": "12.10.13",
    "rating": "8",
    "author": "ndh9****",
    "review_id": "6795541",
    "movie_id": "32599"
  },
  {
    "review": "ㅋㅋ 색마봉삼..",
    "date": "12.04.18",
    "rating": "7",
    "author": "tn99****",
    "review_id": "6231510",
    "movie_id": "32599"
  },
  {
    "review": "원표의 360도 회전돌아차기의 진수!",
    "date": "11.06.15",
    "rating": "9",
    "author": "niaw****",
    "review_id": "5482226",
    "movie_id": "32599"
  },
  {
    "review": "원표의 영화인생에 청옥불을 남기다.^^ 최고!!!!!!!! 원표 너무 귀여움.",
    "date": "10.11.20",
    "rating": "10",
    "author": "lso1****",
    "review_id": "4973487",
    "movie_id": "32599"
  },
  {
    "review": "아하 ㅋ",
    "date": "10.04.08",
    "rating": "10",
    "author": "nice****",
    "review_id": "4420384",
    "movie_id": "32599"
  },
  {
    "review": "원표 원화의 최고작 청옥불로 개봉했었는데 원제가 급동기협",
    "date": "10.01.27",
    "rating": "10",
    "author": "hbj7****",
    "review_id": "4213112",
    "movie_id": "32599"
  },
  {
    "review": "어릴때에 tv로 잼나게보았던 그영화 원표님 쵝오!",
    "date": "09.12.18",
    "rating": "10",
    "author": "self****",
    "review_id": "4051566",
    "movie_id": "32599"
  },
  {
    "review": "원표님 짱!!",
    "date": "09.11.13",
    "rating": "10",
    "author": "khpa****",
    "review_id": "3957289",
    "movie_id": "32599"
  },
  {
    "review": "개인적으로 원표 주연의 최고작이라 생각한다. 극장에서 재밌게 본 수작",
    "date": "08.06.23",
    "rating": "8",
    "author": "gall****",
    "review_id": "2716579",
    "movie_id": "32599"
  },
  {
    "review": "원표와 장만옥을 좋아해서 더 잼있다.",
    "date": "07.07.18",
    "rating": "9",
    "author": "perl****",
    "review_id": "1789810",
    "movie_id": "32599"
  },
  {
    "review": "무협과 현대물의 조화",
    "date": "07.03.03",
    "rating": "7",
    "author": "kimy****",
    "review_id": "1516558",
    "movie_id": "32599"
  },
  {
    "review": "중학교때 잼있게 본영화 제목이 극동기협이었군",
    "date": "06.12.08",
    "rating": "9",
    "author": "spy2****",
    "review_id": "1275490",
    "movie_id": "32599"
  },
  {
    "review": "어릴때 잼나게 본영화다",
    "date": "06.02.12",
    "rating": "8",
    "author": "dark****",
    "review_id": "664102",
    "movie_id": "32599"
  },
  {
    "review": "장만옥의 밉지않은 불량끼와 원표의 마른 액션",
    "date": "06.02.08",
    "rating": "8",
    "author": "goma****",
    "review_id": "656133",
    "movie_id": "32599"
  },
  {
    "review": "보기드문 판타지 무협물. 원표의 귀여움에 주목!",
    "date": "05.02.08",
    "rating": "7",
    "author": "k4he****",
    "review_id": "213369",
    "movie_id": "32599"
  }
]