[
  {
    "review": "글쎄..평점이 너무 높아서 일부러 찾아서 봤는데, 이 영화가 9점 가까이 받을 영화인가? 나쁘진 않았지만, 나에게는 그냥 흔하디 흔한 로맨스영화중 하나였다.",
    "date": "15.08.15",
    "rating": "7",
    "author": "kjk9****",
    "review_id": "10231952",
    "movie_id": "32593"
  },
  {
    "review": "이 젊은 커플의 사랑을 보라.",
    "date": "15.06.27",
    "rating": "6",
    "author": "tear****",
    "review_id": "10044763",
    "movie_id": "32593"
  },
  {
    "review": "아 이런사랑 해보고싶다...진짜사랑영화다..ㅠㅠ",
    "date": "15.06.23",
    "rating": "10",
    "author": "tibe****",
    "review_id": "10024210",
    "movie_id": "32593"
  },
  {
    "review": "10대 멜로 영화에서 너무나도 많이 봐온 이야기지만, 주인공이 느끼는 감정과 그들의 현실은 의외로 잘 전달되고 쉽게 공감된다. 커스틴 던스트의 풋풋한 모습도 좋다.",
    "date": "15.06.08",
    "rating": "5",
    "author": "zxc1****",
    "review_id": "9983654",
    "movie_id": "32593"
  },
  {
    "review": "풋풋한 청소년기의 사랑. 파워오브러브! 사랑이 사람을 이토록 변화시킬수 있지",
    "date": "15.03.19",
    "rating": "9",
    "author": "okre****",
    "review_id": "9792515",
    "movie_id": "32593"
  },
  {
    "review": "순전히 커스틴 던스트 때문에 무작정 봤는데초반에는 평범하고 그저그런  느낌이었지만갈수록 따뜻해져서 보길 잘했다는 생각이 듦중간중간 나오는 트랙들도 좋고",
    "date": "15.01.21",
    "rating": "8",
    "author": "kurt****",
    "review_id": "9620754",
    "movie_id": "32593"
  },
  {
    "review": "가슴따뜻한 영화 OST도 매우 좋음",
    "date": "15.01.01",
    "rating": "10",
    "author": "waga****",
    "review_id": "9546506",
    "movie_id": "32593"
  },
  {
    "review": "서로에게 힘이 되는 사랑. 궁극적으로 가야할 방향이 아닐까",
    "date": "14.12.20",
    "rating": "10",
    "author": "kaye****",
    "review_id": "9492068",
    "movie_id": "32593"
  },
  {
    "review": "잔잔한,  흥미로운,,  진정한 사랑 이야기...",
    "date": "14.11.21",
    "rating": "8",
    "author": "phss****",
    "review_id": "9407439",
    "movie_id": "32593"
  },
  {
    "review": "소중한 가족을 지켜야하는 자신의 미래와 여자친구 사이에서 느끼는 감정들.. 쉽지 않은 결정인데.  남자도 여자도 너무 멋있고 예쁜사랑이다..",
    "date": "14.09.23",
    "rating": "10",
    "author": "honn****",
    "review_id": "9235720",
    "movie_id": "32593"
  },
  {
    "review": "생각보다 교훈적이다.",
    "date": "14.08.16",
    "rating": "7",
    "author": "969w****",
    "review_id": "9094224",
    "movie_id": "32593"
  },
  {
    "review": "내 20대 캘리포니아에서 본 흔한 캘리포니아 이야기^^",
    "date": "14.08.01",
    "rating": "9",
    "author": "jere****",
    "review_id": "8997597",
    "movie_id": "32593"
  },
  {
    "review": "크레이지 뷰티풀 영화를 보는내내 제목선정을 너무 잘했네 라는 생각이 든다. 크레이지 뷰티풀",
    "date": "14.05.29",
    "rating": "9",
    "author": "gyun****",
    "review_id": "8773165",
    "movie_id": "32593"
  },
  {
    "review": "그냥 너무좋아ㅇㅇ 그리고 10자완성",
    "date": "14.04.10",
    "rating": "10",
    "author": "jns6****",
    "review_id": "8639785",
    "movie_id": "32593"
  },
  {
    "review": "조금은  뻔하게 느껴지지만 그런만큼 더 아름다웠다고 생각한다.",
    "date": "14.04.05",
    "rating": "10",
    "author": "tkvk****",
    "review_id": "8630256",
    "movie_id": "32593"
  },
  {
    "review": "던스트에게 포스트 기네스 혹은 줄리아라는 평을 안겨준 영화. 볼만한 영상과 플롯은 덤이다",
    "date": "14.03.10",
    "rating": "8",
    "author": "kth3****",
    "review_id": "8567277",
    "movie_id": "32593"
  },
  {
    "review": "최고에요 짱 옛날영화같지않음",
    "date": "14.03.04",
    "rating": "10",
    "author": "tpgu****",
    "review_id": "8555798",
    "movie_id": "32593"
  },
  {
    "review": "진부한 스토리지만 달달하고 사랑스러운 영화.",
    "date": "14.02.17",
    "rating": "8",
    "author": "ehwj****",
    "review_id": "8515566",
    "movie_id": "32593"
  },
  {
    "review": "영화는 그시절 나와 다른 선택이었다 그리고 멋졌다",
    "date": "14.01.28",
    "rating": "7",
    "author": "jjcv****",
    "review_id": "8440695",
    "movie_id": "32593"
  },
  {
    "review": "영화 참 잘 만들었다...",
    "date": "14.01.27",
    "rating": "10",
    "author": "mool****",
    "review_id": "8436230",
    "movie_id": "32593"
  },
  {
    "review": "아주 지극히 평범한 시나리오.. 유일한 매력은 커스틴..",
    "date": "14.01.21",
    "rating": "3",
    "author": "niv9****",
    "review_id": "8408039",
    "movie_id": "32593"
  },
  {
    "review": "넘 아름다운 무비 ㅜㅜ넘조아",
    "date": "13.11.25",
    "rating": "10",
    "author": "asca****",
    "review_id": "8167859",
    "movie_id": "32593"
  },
  {
    "review": "힘들게 찾아서 본 만큼 좋은영화 입니다",
    "date": "13.10.30",
    "rating": "9",
    "author": "nana****",
    "review_id": "8101720",
    "movie_id": "32593"
  },
  {
    "review": "오랫만에 예전 질풍노도 같았던 젊은 시절이 생각나게 하는군요...잔잔하게 잘 봤네요...근데 결혼생활 10년뒤에도 둘은 행복할까? 하는 생각이드는거는 왜일까..ㅎㅎ",
    "date": "13.10.12",
    "rating": "9",
    "author": "tomt****",
    "review_id": "8056552",
    "movie_id": "32593"
  },
  {
    "review": "내가 그녀의 평소 패션 스타일 이외에,  성형하지 않고 자연스런 얼굴과 연기를 고수하는 커스틴을 처음으로 사랑하게 된 영화.^^*",
    "date": "13.10.09",
    "rating": "10",
    "author": "chri****",
    "review_id": "8048104",
    "movie_id": "32593"
  },
  {
    "review": "너무 뻔한 이야기지만 그렇다고 아주 재미가 없다고 말 할 수도 없다.",
    "date": "13.10.06",
    "rating": "6",
    "author": "cosc****",
    "review_id": "8039884",
    "movie_id": "32593"
  },
  {
    "review": "평점 9점은 오버인듯..",
    "date": "13.09.29",
    "rating": "1",
    "author": "wjdd****",
    "review_id": "8023144",
    "movie_id": "32593"
  },
  {
    "review": "최고에요 이 영화ㅠㅠ",
    "date": "13.08.06",
    "rating": "10",
    "author": "suga****",
    "review_id": "7846908",
    "movie_id": "32593"
  },
  {
    "review": "아무생각없이 봤지만..너무좋았던 영화",
    "date": "13.06.28",
    "rating": "10",
    "author": "rlag****",
    "review_id": "7685262",
    "movie_id": "32593"
  },
  {
    "review": "정신차려요, 던짱! 헤르난데즈(+1)",
    "date": "13.06.03",
    "rating": "6",
    "author": "expr****",
    "review_id": "7576388",
    "movie_id": "32593"
  },
  {
    "review": "사랑은 저렇게하는거야라고 생각이 들게만든 영화",
    "date": "13.04.25",
    "rating": "10",
    "author": "mihy****",
    "review_id": "7480547",
    "movie_id": "32593"
  },
  {
    "review": "모든걸 아름답게 표현할려고한, 하지만 사랑은 느껴진다.",
    "date": "13.03.16",
    "rating": "7",
    "author": "skwp****",
    "review_id": "7354351",
    "movie_id": "32593"
  },
  {
    "review": "어머나",
    "date": "13.03.04",
    "rating": "10",
    "author": "o_om****",
    "review_id": "7323850",
    "movie_id": "32593"
  },
  {
    "review": "이상하게 생각할지 모르지만 내 인생 최고의 영화이다. 내게 사랑이 무엇인지 알려준 영화. 사랑의 달콤씁슬함이 무엇인지. 진정한 사랑이 무엇인지 알려준 영화다, 커스틴 던스트의 달콤한 연기가 잊혀지지 않는다. 최고의 영배우.",
    "date": "12.12.20",
    "rating": "10",
    "author": "heff****",
    "review_id": "7021193",
    "movie_id": "32593"
  },
  {
    "review": "영상미와 음악. 엔딩. 마음에 쏙 들어 기대치가 충족됨.큰 틀은 진부한 것 같지만 그 안을 채우는 하나하나가 참 가슴 설레이고 새로웠다.로맨스로는 오랜만에 다음장면을 예상못하고 긴장해가며 흥미진진하게 봄.크레이지뷰티풀 이 말이 공감되는 영화^^8.5점",
    "date": "12.12.04",
    "rating": "8",
    "author": "vvvv****",
    "review_id": "6968977",
    "movie_id": "32593"
  },
  {
    "review": "얼개가 엉성하고 공감이 안된다.. 오래 볼 명작은 아닌 듯",
    "date": "12.06.03",
    "rating": "6",
    "author": "syjp****",
    "review_id": "6360027",
    "movie_id": "32593"
  },
  {
    "review": "옛날 영화라 그런지 시대상 뒤쳐져보이지만 한번쯤 볼만함",
    "date": "12.05.22",
    "rating": "3",
    "author": "mic1****",
    "review_id": "6320452",
    "movie_id": "32593"
  },
  {
    "review": "딱 2001년 수준.. 유치하긴...",
    "date": "12.05.11",
    "rating": "6",
    "author": "pkyo****",
    "review_id": "6288349",
    "movie_id": "32593"
  },
  {
    "review": "미국식 작위적 냄새 물씬나는 억지연출작",
    "date": "12.05.04",
    "rating": "6",
    "author": "nav3****",
    "review_id": "6269249",
    "movie_id": "32593"
  },
  {
    "review": "현실적으로 생각해보면 아버지가 의원이기에 딸이 바로 잡혔다고 할 수 있다.",
    "date": "12.03.29",
    "rating": "6",
    "author": "wlfa****",
    "review_id": "6177001",
    "movie_id": "32593"
  },
  {
    "review": "로맨스 영화 별로 안좋아하지만 이런 분위기 좋음. 던스트의 빛나는 연기",
    "date": "12.03.02",
    "rating": "9",
    "author": "josi****",
    "review_id": "6118971",
    "movie_id": "32593"
  },
  {
    "review": "비포 선라이즈&선셋 이후로 내 마음속 넘버 투 영화로 자리잡을 듯.",
    "date": "12.02.20",
    "rating": "10",
    "author": "haem****",
    "review_id": "6090440",
    "movie_id": "32593"
  },
  {
    "review": "청소년기의 성장과 사랑을 그린 청춘물. 그런데 갈등해결이 서둘러 급하게 끝낸 느낌.",
    "date": "12.02.07",
    "rating": "8",
    "author": "beau****",
    "review_id": "6059127",
    "movie_id": "32593"
  },
  {
    "review": "영화에서만 가능한 이야기. 비행자녀 문제에 대한 매우 원론적인 해법.",
    "date": "12.02.01",
    "rating": "7",
    "author": "sipj****",
    "review_id": "6041848",
    "movie_id": "32593"
  },
  {
    "review": "계속 생각나는 영화",
    "date": "12.01.23",
    "rating": "10",
    "author": "cccw****",
    "review_id": "6013222",
    "movie_id": "32593"
  },
  {
    "review": "제목과 매칭이 안되지만 감동적이다.",
    "date": "11.12.31",
    "rating": "9",
    "author": "marc****",
    "review_id": "5950660",
    "movie_id": "32593"
  },
  {
    "review": "청소년기에 겪는 성장스토리.. 재미있고 감동깊게봤었던 기억이..",
    "date": "11.12.15",
    "rating": "8",
    "author": "thdu****",
    "review_id": "5907665",
    "movie_id": "32593"
  },
  {
    "review": "완전한 삶은 없다 그저 하나씩 배워나갈뿐.",
    "date": "11.11.30",
    "rating": "9",
    "author": "dlgo****",
    "review_id": "5878577",
    "movie_id": "32593"
  },
  {
    "review": "보고 보고 또 보고 싶다 ㅜㅜ 커스틴 던스트 짱",
    "date": "11.11.11",
    "rating": "10",
    "author": "suds****",
    "review_id": "5842236",
    "movie_id": "32593"
  },
  {
    "review": "굿",
    "date": "11.10.15",
    "rating": "10",
    "author": "pooh****",
    "review_id": "5790749",
    "movie_id": "32593"
  },
  {
    "review": "영화에는 등장하지 않지만, 그들의 뒤가 더 궁금했다.",
    "date": "11.10.03",
    "rating": "9",
    "author": "thec****",
    "review_id": "5768209",
    "movie_id": "32593"
  },
  {
    "review": "Beautiful만 강조되어버린 청춘영화, 키키 캐릭터는 정말 볼만하다",
    "date": "11.09.06",
    "rating": "6",
    "author": "tabu****",
    "review_id": "5712520",
    "movie_id": "32593"
  },
  {
    "review": "제이 헤르난데즈의 순수하고 귀여운 웃음..아...정말 좋다 ㅜㅜ ㅋㅋ",
    "date": "11.09.01",
    "rating": "10",
    "author": "rafu****",
    "review_id": "5701559",
    "movie_id": "32593"
  },
  {
    "review": "you are crazy, you are beautiful..",
    "date": "11.08.22",
    "rating": "10",
    "author": "imjb****",
    "review_id": "5680944",
    "movie_id": "32593"
  },
  {
    "review": "개 OOO 영화",
    "date": "11.08.13",
    "rating": "1",
    "author": "wkfk****",
    "review_id": "5644653",
    "movie_id": "32593"
  },
  {
    "review": "아 너무 괜찮다 이 영화.",
    "date": "11.07.30",
    "rating": "10",
    "author": "turf****",
    "review_id": "5583311",
    "movie_id": "32593"
  },
  {
    "review": "평점 보고 흥분해서ㅡㅡㅋㅋㅋㅋ다 보고나서 나 이거 왜 보게 됐지??",
    "date": "11.07.28",
    "rating": "3",
    "author": "sh35****",
    "review_id": "5575704",
    "movie_id": "32593"
  },
  {
    "review": "좋아요!!",
    "date": "11.07.18",
    "rating": "10",
    "author": "alee****",
    "review_id": "5552206",
    "movie_id": "32593"
  },
  {
    "review": "항상 주변인으로 맴돌던 커스틴 스스로가 발광한 개인 최고의 역작이 아닌가 싶다.",
    "date": "11.06.28",
    "rating": "7",
    "author": "tori****",
    "review_id": "5504918",
    "movie_id": "32593"
  },
  {
    "review": "두 사람의 사랑의 관계를 표현해 내는 부분이 쪼금 아쉽지만, 기분좋은 영화^^",
    "date": "11.06.27",
    "rating": "10",
    "author": "mslc****",
    "review_id": "5502592",
    "movie_id": "32593"
  },
  {
    "review": "하아.. 영화 좋네요^^ 키키연기도 좋았고...",
    "date": "11.06.25",
    "rating": "8",
    "author": "drea****",
    "review_id": "5499243",
    "movie_id": "32593"
  },
  {
    "review": "일반인에게는달콤한로맨스겠지만 나에겐 가장슬프면서도행복감을주는 영화",
    "date": "11.06.16",
    "rating": "10",
    "author": "bboj****",
    "review_id": "5483320",
    "movie_id": "32593"
  },
  {
    "review": "달콤해..ㅠㅠ",
    "date": "11.05.13",
    "rating": "10",
    "author": "flqj****",
    "review_id": "5425618",
    "movie_id": "32593"
  },
  {
    "review": "커스틴 던스트 젊었을땐 꽤 예뻣네 ㅋㅋ",
    "date": "11.04.30",
    "rating": "10",
    "author": "n818****",
    "review_id": "5398416",
    "movie_id": "32593"
  },
  {
    "review": "17살.. 유치하지만 부럽다~!!!",
    "date": "11.03.04",
    "rating": "7",
    "author": "tn99****",
    "review_id": "5292276",
    "movie_id": "32593"
  },
  {
    "review": "이렇게 녹아드는 로맨틱 영화 첨!!",
    "date": "11.02.21",
    "rating": "10",
    "author": "tjsq****",
    "review_id": "5265449",
    "movie_id": "32593"
  },
  {
    "review": "그냥 저냥 볼만 하지만 9점은 너무 높다",
    "date": "11.02.18",
    "rating": "7",
    "author": "p7ha****",
    "review_id": "5253213",
    "movie_id": "32593"
  },
  {
    "review": "뻔한 사랑이야! 커스틴 던스트 연기만 감상할뿐!",
    "date": "11.02.15",
    "rating": "7",
    "author": "psyc****",
    "review_id": "5245908",
    "movie_id": "32593"
  },
  {
    "review": "사랑에빠진모습을 보고싶다면~이거 추천!!",
    "date": "11.02.11",
    "rating": "10",
    "author": "ej27****",
    "review_id": "5235438",
    "movie_id": "32593"
  },
  {
    "review": "정말이지..엄청난 여운......나도 사랑하고싶다.",
    "date": "11.01.07",
    "rating": "10",
    "author": "wkdc****",
    "review_id": "5135165",
    "movie_id": "32593"
  },
  {
    "review": "사랑을 한다면 이들처럼........",
    "date": "10.12.26",
    "rating": "10",
    "author": "ydh5****",
    "review_id": "5086302",
    "movie_id": "32593"
  },
  {
    "review": "커스틴 던스트!!",
    "date": "10.12.25",
    "rating": "10",
    "author": "uzup****",
    "review_id": "5083777",
    "movie_id": "32593"
  },
  {
    "review": "걍..조금.. 만족",
    "date": "10.12.21",
    "rating": "8",
    "author": "wlsr****",
    "review_id": "5070742",
    "movie_id": "32593"
  },
  {
    "review": "뻔한 내러티브의 전개지만 몰입도와 여운은 엄청나고 너무나 매력적인 주인공들..",
    "date": "10.12.19",
    "rating": "8",
    "author": "wind****",
    "review_id": "5064274",
    "movie_id": "32593"
  },
  {
    "review": "영화 참 괜찮네.., 이쁘게 만들었다. 스파이더맨이랑 느낌이 확 다르네..ㅎㅎㅎ",
    "date": "10.12.13",
    "rating": "10",
    "author": "ulmo****",
    "review_id": "5048868",
    "movie_id": "32593"
  },
  {
    "review": "사랑하고 싶게 만드는 영화... 다시 봐도 너무 아름다운 영화....",
    "date": "10.11.22",
    "rating": "10",
    "author": "kyr5****",
    "review_id": "4980994",
    "movie_id": "32593"
  },
  {
    "review": "화면속의 사진들과 음악의 조화로 진부함을 날려버린다. 키얼스틴의 연기가 좋다",
    "date": "10.09.22",
    "rating": "10",
    "author": "wini****",
    "review_id": "4857951",
    "movie_id": "32593"
  },
  {
    "review": "느낌이 안오네...",
    "date": "10.09.20",
    "rating": "6",
    "author": "leei****",
    "review_id": "4850602",
    "movie_id": "32593"
  },
  {
    "review": "7년만에 다시봤는데 그재밌던 영화가 이젠 좀 유치하네.",
    "date": "10.09.15",
    "rating": "7",
    "author": "solh****",
    "review_id": "4837716",
    "movie_id": "32593"
  },
  {
    "review": "청춘...",
    "date": "10.09.02",
    "rating": "10",
    "author": "mara****",
    "review_id": "4811324",
    "movie_id": "32593"
  },
  {
    "review": "이별에 대한 상처와 골이 깊어서일까.. 사랑의 설레임에 대한 공감이 멀게만 느껴진다",
    "date": "10.07.24",
    "rating": "5",
    "author": "ssoz****",
    "review_id": "4665788",
    "movie_id": "32593"
  },
  {
    "review": "무지재밌게 봤습니다 개봉당시 고딩이여서 이제보내요",
    "date": "10.07.13",
    "rating": "10",
    "author": "inin****",
    "review_id": "4636163",
    "movie_id": "32593"
  },
  {
    "review": "감동",
    "date": "10.06.20",
    "rating": "10",
    "author": "dkwn****",
    "review_id": "4578948",
    "movie_id": "32593"
  },
  {
    "review": "난 너무 이영화를 늦게본거같다",
    "date": "10.05.29",
    "rating": "10",
    "author": "jsm4****",
    "review_id": "4530322",
    "movie_id": "32593"
  },
  {
    "review": "잠시 잊고 있었던 진정한 사랑을 느껴본다.",
    "date": "10.05.29",
    "rating": "9",
    "author": "apin****",
    "review_id": "4530285",
    "movie_id": "32593"
  },
  {
    "review": "슬프고 감동적인..",
    "date": "10.05.01",
    "rating": "9",
    "author": "jsy4****",
    "review_id": "4470264",
    "movie_id": "32593"
  },
  {
    "review": "전혀 생각지 못한 감동... 별거 아닌데 그게 참 힘들지...",
    "date": "10.04.29",
    "rating": "10",
    "author": "oops****",
    "review_id": "4465871",
    "movie_id": "32593"
  },
  {
    "review": "공감..감동..눈물..보고나면 여러가지로 팍팍 와닿는 영화ㅜㅜㅜ",
    "date": "10.04.11",
    "rating": "10",
    "author": "myjs****",
    "review_id": "4425109",
    "movie_id": "32593"
  },
  {
    "review": "어린 날의 사랑이라 정말 미치게 아름답구 재밌어요. 근데 개연성 떨어지고 극단적",
    "date": "10.04.10",
    "rating": "8",
    "author": "chqk****",
    "review_id": "4422863",
    "movie_id": "32593"
  },
  {
    "review": "막장같지않은 자유롭고 감동적인 사랑이야기",
    "date": "10.04.04",
    "rating": "10",
    "author": "coco****",
    "review_id": "4410212",
    "movie_id": "32593"
  },
  {
    "review": "굿",
    "date": "10.03.22",
    "rating": "10",
    "author": "4073****",
    "review_id": "4375578",
    "movie_id": "32593"
  },
  {
    "review": "다시 젊은 시절로 돌아가고 싶다. . .",
    "date": "10.03.09",
    "rating": "8",
    "author": "zizi****",
    "review_id": "4346978",
    "movie_id": "32593"
  },
  {
    "review": "완전 예쁜영화",
    "date": "10.02.26",
    "rating": "10",
    "author": "biki****",
    "review_id": "4320630",
    "movie_id": "32593"
  },
  {
    "review": "굿",
    "date": "10.02.26",
    "rating": "10",
    "author": "oran****",
    "review_id": "4320516",
    "movie_id": "32593"
  },
  {
    "review": "영화제목 그대로 Crazy Beautiful 이다..",
    "date": "10.02.25",
    "rating": "10",
    "author": "ykm3****",
    "review_id": "4317107",
    "movie_id": "32593"
  },
  {
    "review": "인생에있어 일인지 사랑인지 어떤것이 그 진리일까?",
    "date": "10.02.20",
    "rating": "10",
    "author": "rizo****",
    "review_id": "4302759",
    "movie_id": "32593"
  },
  {
    "review": "진부한 내용이지만 가볍지않게 만든 십대로맨스,. 사운드트랙도 좋아요!",
    "date": "10.02.20",
    "rating": "8",
    "author": "khs_****",
    "review_id": "4302680",
    "movie_id": "32593"
  },
  {
    "review": "재밌다",
    "date": "10.02.09",
    "rating": "10",
    "author": "rimi****",
    "review_id": "4264786",
    "movie_id": "32593"
  },
  {
    "review": "유치하지 않은 진정한 하이틴 영화",
    "date": "10.02.08",
    "rating": "10",
    "author": "s100****",
    "review_id": "4261985",
    "movie_id": "32593"
  },
  {
    "review": "마음이 정화되는 느낌",
    "date": "10.02.05",
    "rating": "10",
    "author": "luci****",
    "review_id": "4250289",
    "movie_id": "32593"
  }
]