[
  {
    "review": "기묘하고 유니크하다 단지속의 보물이라… 난 싫소 순간순간 장치가 재밋다 마라톤하는 흑인, 낚시하는 세노인…",
    "date": "14.12.14",
    "rating": "5",
    "author": "ador****",
    "review_id": "9471953",
    "movie_id": "32608"
  },
  {
    "review": "이례적이라는것은 저주와 축복을 동반한다. 우리가 갖는 이례적임에 대한 두려움은 저주이고,그에 대한 선망은 축복이다. 둘 중 한 가지 만을 선택적으로 수용하려는 한 우리는 다시  비루한 평범함으로 귀속 될수밖에 없다. 이것은 사랑의 축복에 관한 영화다.",
    "date": "14.02.06",
    "rating": "10",
    "author": "zoon****",
    "review_id": "8479445",
    "movie_id": "32608"
  },
  {
    "review": "쇼헤이감독에게 느낄수 있는 모성애의힘을 이영화에서도 느꼈다 여성의 소변은 남자에겐 생명수다",
    "date": "13.09.26",
    "rating": "7",
    "author": "thra****",
    "review_id": "8016850",
    "movie_id": "32608"
  },
  {
    "review": "쇼헤이의 연륜이 묻어나는 페미니즘 론. 이 즐거운 성.",
    "date": "13.05.15",
    "rating": "7",
    "author": "tear****",
    "review_id": "7528466",
    "movie_id": "32608"
  },
  {
    "review": "영화평이 극과 극이네. 난 기립박수~",
    "date": "12.07.10",
    "rating": "9",
    "author": "heat****",
    "review_id": "6466427",
    "movie_id": "32608"
  },
  {
    "review": "욕망의 본능이 生을 이루다.",
    "date": "12.03.22",
    "rating": "5",
    "author": "gato****",
    "review_id": "6159938",
    "movie_id": "32608"
  },
  {
    "review": "몸에 물이 차오르는 수상한 여인과 그녀를 치료(?)해준 중년남의 이상 야릇한 이야기",
    "date": "12.02.01",
    "rating": "6",
    "author": "egyp****",
    "review_id": "6042005",
    "movie_id": "32608"
  },
  {
    "review": "원초적 본능에서 태어나는 세계. 단순한 영화가 아니다",
    "date": "12.02.01",
    "rating": "7",
    "author": "emin****",
    "review_id": "6041457",
    "movie_id": "32608"
  },
  {
    "review": "뭐를....우짜라고....우씨....",
    "date": "11.12.09",
    "rating": "6",
    "author": "mini****",
    "review_id": "5896627",
    "movie_id": "32608"
  },
  {
    "review": "이거.. 어떻게 해야할지.. 모 르겠다.",
    "date": "11.09.22",
    "rating": "6",
    "author": "ll3l****",
    "review_id": "5745009",
    "movie_id": "32608"
  },
  {
    "review": "읽어야할지 느껴야할지 웃어야할지 울어야할지 모를 이상한 영화",
    "date": "10.10.01",
    "rating": "7",
    "author": "mist****",
    "review_id": "4878960",
    "movie_id": "32608"
  },
  {
    "review": "기계같은 현대인에게 던지는 감독의 마지막 메세지... 안녕히 가세요 감독님",
    "date": "10.09.14",
    "rating": "9",
    "author": "for_****",
    "review_id": "4836512",
    "movie_id": "32608"
  },
  {
    "review": "의지없는 이 샐러리맨에게 물은 생명이자 바다요 진정한 보물인거지 풋,,",
    "date": "10.08.10",
    "rating": "9",
    "author": "seee****",
    "review_id": "4730384",
    "movie_id": "32608"
  },
  {
    "review": "이런 얘길줄은꿈에도몰랐네. 이야기가물흐르듯하다.소외된영혼을다루는이감독님좋타.",
    "date": "09.10.29",
    "rating": "9",
    "author": "5292****",
    "review_id": "3923362",
    "movie_id": "32608"
  },
  {
    "review": "노거장이 아니였으면 3류영화...젊은이에게 주는 노인의 충고인가?",
    "date": "09.04.01",
    "rating": "8",
    "author": "wrap****",
    "review_id": "3398683",
    "movie_id": "32608"
  },
  {
    "review": "섹스는역시 신이주신 우리의유희",
    "date": "08.04.13",
    "rating": "10",
    "author": "ksya****",
    "review_id": "2578668",
    "movie_id": "32608"
  },
  {
    "review": "웃기는데 웃을일이 아냐,주인공들은 심각하잖아.ㅎ",
    "date": "07.09.18",
    "rating": "8",
    "author": "quil****",
    "review_id": "2028135",
    "movie_id": "32608"
  },
  {
    "review": "그의 마지막작품일까",
    "date": "07.07.31",
    "rating": "5",
    "author": "seok****",
    "review_id": "1830277",
    "movie_id": "32608"
  },
  {
    "review": "노 대가의 여유가 느껴진다 웃음도 감동도 가득",
    "date": "07.07.16",
    "rating": "10",
    "author": "baks****",
    "review_id": "1781268",
    "movie_id": "32608"
  },
  {
    "review": "궁굼한데... 평점에 있는 10대는 뭐냐??",
    "date": "07.03.18",
    "rating": "10",
    "author": "raro****",
    "review_id": "1539873",
    "movie_id": "32608"
  },
  {
    "review": "영원히 여성적인 것이 우리를 구원하도다. 거장의 유머와 위트",
    "date": "06.10.16",
    "rating": "7",
    "author": "lks3****",
    "review_id": "1184323",
    "movie_id": "32608"
  },
  {
    "review": "노년의 깨달음이 '성적욕망에 충실하라'로 한정돼 아쉽다.",
    "date": "06.08.18",
    "rating": "5",
    "author": "hadl****",
    "review_id": "1050744",
    "movie_id": "32608"
  },
  {
    "review": "이거 은근히 웃겨요 내용도 있는거 같고",
    "date": "06.01.07",
    "rating": "10",
    "author": "hito****",
    "review_id": "566552",
    "movie_id": "32608"
  },
  {
    "review": "하여간 19세는 어딜가나 인기가 대단해요 ㅋㅋㅋㅋ",
    "date": "05.11.20",
    "rating": "1",
    "author": "park****",
    "review_id": "479168",
    "movie_id": "32608"
  },
  {
    "review": "이상적인 삶에 대한 환상이 깨진 영화~",
    "date": "05.05.13",
    "rating": "9",
    "author": "sgw7****",
    "review_id": "277185",
    "movie_id": "32608"
  },
  {
    "review": "여자의 사정이란 특이한 소재를 통해",
    "date": "05.04.13",
    "rating": "10",
    "author": "infr****",
    "review_id": "259255",
    "movie_id": "32608"
  },
  {
    "review": "유쾌하게 봤다.. \"나를 비워줘요..\"^^",
    "date": "05.03.25",
    "rating": "10",
    "author": "hshb****",
    "review_id": "246846",
    "movie_id": "32608"
  },
  {
    "review": "다분히 남성적시각의 남성환타지.",
    "date": "04.10.26",
    "rating": "7",
    "author": "ciii****",
    "review_id": "133464",
    "movie_id": "32608"
  },
  {
    "review": "삶의 의미를 알게됐을 땐 이미 서질 않았다...ㅜ.ㅜ 복잡한 삶에 대한",
    "date": "04.09.05",
    "rating": "10",
    "author": "pent****",
    "review_id": "103559",
    "movie_id": "32608"
  },
  {
    "review": "어이없으면서도 상징으로 가득한 영화. 재밌던데요.",
    "date": "04.07.18",
    "rating": "7",
    "author": "mich****",
    "review_id": "72905",
    "movie_id": "32608"
  },
  {
    "review": "그다지 완성감을 주는영화는 아니지만 욕망에 충실한 삶을 살으란건 동의함",
    "date": "04.06.25",
    "rating": "4",
    "author": "at_l****",
    "review_id": "60456",
    "movie_id": "32608"
  },
  {
    "review": "마치 동양의 미켈란젤로 안토니오니를 만난 듯한 느낌.",
    "date": "04.06.21",
    "rating": "9",
    "author": "citi****",
    "review_id": "57807",
    "movie_id": "32608"
  },
  {
    "review": "보다만 영화. 아즈미인가칼들고설치는여자애나오는거그것도끝까지본사람임",
    "date": "04.05.31",
    "rating": "1",
    "author": "kiss****",
    "review_id": "48098",
    "movie_id": "32608"
  },
  {
    "review": "일본 영화는 일반 상식으로 보면 안되죠.",
    "date": "04.05.27",
    "rating": "7",
    "author": "band****",
    "review_id": "46665",
    "movie_id": "32608"
  },
  {
    "review": "fq6170님 이거 그렇게 잼없나요. 별점도 상당히 낮긴 낮네욤^^",
    "date": "04.05.25",
    "rating": "1",
    "author": "mula****",
    "review_id": "45748",
    "movie_id": "32608"
  },
  {
    "review": "만화? 동화? 코메디? 상 못탈만 하네 ㅋㅋ",
    "date": "04.05.22",
    "rating": "1",
    "author": "fq61****",
    "review_id": "44821",
    "movie_id": "32608"
  },
  {
    "review": "역시나 이마무라 쇼헤이의 영화는 유쾌하다. ^^",
    "date": "04.05.03",
    "rating": "8",
    "author": "gumh****",
    "review_id": "40711",
    "movie_id": "32608"
  }
]