[
  {
    "review": "호화 출연진이지만 특별히 뭔가 있는것도 아니고 그냥저냥 그런 내용",
    "date": "15.02.07",
    "rating": "6",
    "author": "adiv****",
    "review_id": "9676663",
    "movie_id": "32609"
  },
  {
    "review": "고등학생 때 김민종 영화를 처음으로 극장에서 본 영화. 이번에는 김민종 영화가 괜찮겠지 하고 봤지만 역시나 하고 실망한 영화. 김민종 영화 아휴...",
    "date": "15.01.23",
    "rating": "1",
    "author": "jjaj****",
    "review_id": "9625733",
    "movie_id": "32609"
  },
  {
    "review": "훌륭한 연기력을 가졌지만 작품 선택은 영 못하시는 우리 민종형님..",
    "date": "14.09.27",
    "rating": "6",
    "author": "tmdw****",
    "review_id": "9243662",
    "movie_id": "32609"
  },
  {
    "review": "스토리는 산으로 가지만 몰입도는 높군",
    "date": "13.10.10",
    "rating": "5",
    "author": "guev****",
    "review_id": "8051276",
    "movie_id": "32609"
  },
  {
    "review": "상당히 시답잖고 어설프네.",
    "date": "13.05.13",
    "rating": "1",
    "author": "kis5****",
    "review_id": "7525481",
    "movie_id": "32609"
  },
  {
    "review": "닥터 큐는 어떻게 된거야? ;;",
    "date": "12.12.31",
    "rating": "3",
    "author": "tn99****",
    "review_id": "7068716",
    "movie_id": "32609"
  },
  {
    "review": "김민종이 나와서 망한게 아니라 스토리가 재미없었을뿐",
    "date": "11.01.07",
    "rating": "10",
    "author": "eoqk****",
    "review_id": "5135184",
    "movie_id": "32609"
  },
  {
    "review": "그냥 한번 보세요~ 나만 시간낭비하기 아까우니까 ㅋㅋㅋㅋㅋㅋㅋㅋ",
    "date": "10.06.04",
    "rating": "1",
    "author": "ddrf****",
    "review_id": "4543580",
    "movie_id": "32609"
  },
  {
    "review": "이것이 한국 영화다",
    "date": "10.05.10",
    "rating": "1",
    "author": "expr****",
    "review_id": "4492160",
    "movie_id": "32609"
  },
  {
    "review": "할짓 없을때 대충 시간 떼우기 좋은 영화 ㅋ",
    "date": "09.10.19",
    "rating": "6",
    "author": "skys****",
    "review_id": "3903015",
    "movie_id": "32609"
  },
  {
    "review": "나름대로 괜찮았지만 100개의 문제들이 있다",
    "date": "09.07.26",
    "rating": "10",
    "author": "ajtw****",
    "review_id": "3669525",
    "movie_id": "32609"
  },
  {
    "review": "저 당시 한국영화치고는 볼만했다..그래도 요즘도 망작들이 얼마나많은데..",
    "date": "09.05.13",
    "rating": "10",
    "author": "luna****",
    "review_id": "3492730",
    "movie_id": "32609"
  },
  {
    "review": "장르 불분명 영화. 도대체 뭘까.",
    "date": "09.03.04",
    "rating": "4",
    "author": "kxvt****",
    "review_id": "3347277",
    "movie_id": "32609"
  },
  {
    "review": "지나친 연출로 현실감이 떨어진 '이것이 망작이다'",
    "date": "09.03.04",
    "rating": "2",
    "author": "nala****",
    "review_id": "3346625",
    "movie_id": "32609"
  },
  {
    "review": "왜 클린트 이스트우드의 더티해리2 부제목을 갖다 붙이는데? 감독은 비난받아 마땅",
    "date": "09.01.27",
    "rating": "1",
    "author": "sykm****",
    "review_id": "3253046",
    "movie_id": "32609"
  },
  {
    "review": "TV로 보니 괜찮은듯한.",
    "date": "08.09.19",
    "rating": "10",
    "author": "youf****",
    "review_id": "2957717",
    "movie_id": "32609"
  },
  {
    "review": "어설픈 영화 속에서 분발하는 임원희가 안타까워진다.",
    "date": "08.08.17",
    "rating": "4",
    "author": "cube****",
    "review_id": "2878918",
    "movie_id": "32609"
  },
  {
    "review": "쓰레기는 쓰레기일뿐 자비로운 평가는 집어칩시다",
    "date": "08.07.10",
    "rating": "1",
    "author": "hang****",
    "review_id": "2751518",
    "movie_id": "32609"
  },
  {
    "review": "어설픈 CG 김민종하면 생각나는 영화...왜 민종씨간출연하면 망할까..",
    "date": "08.06.11",
    "rating": "1",
    "author": "best****",
    "review_id": "2692826",
    "movie_id": "32609"
  },
  {
    "review": "다듬으면 괜찮을텐데...다듬어지지가 않았다..",
    "date": "08.03.23",
    "rating": "5",
    "author": "aqzz****",
    "review_id": "2536578",
    "movie_id": "32609"
  },
  {
    "review": "나름대로 괜찮았지만... 오리지널리티의 부족.",
    "date": "08.03.19",
    "rating": "6",
    "author": "coib****",
    "review_id": "2529605",
    "movie_id": "32609"
  },
  {
    "review": "2001년도 한국영화 잘나갈때 영화계에서 라스트 흥행작으로 기대했으나...",
    "date": "08.02.01",
    "rating": "4",
    "author": "mong****",
    "review_id": "2394259",
    "movie_id": "32609"
  },
  {
    "review": "재밌을뻔한 영화, 너무 힘이 많이 들어가고, 식상한 추격전등 감점요소 투성",
    "date": "07.11.23",
    "rating": "5",
    "author": "tmdw****",
    "review_id": "2175834",
    "movie_id": "32609"
  },
  {
    "review": "너무 많은 너무 다른 장르가 난잡하게 섞여있다.",
    "date": "07.10.24",
    "rating": "4",
    "author": "eleg****",
    "review_id": "2108298",
    "movie_id": "32609"
  },
  {
    "review": "이영화는 지양해야할 조건을 두루 갖추었다 많은광고로 실패한 영화",
    "date": "07.09.06",
    "rating": "1",
    "author": "bsjb****",
    "review_id": "2003269",
    "movie_id": "32609"
  },
  {
    "review": "밑에 욕하는 것들.. ㅋㅋ영화알면 얼마나안다고 전문가흉내야..ㅋ재밌음.",
    "date": "07.08.15",
    "rating": "10",
    "author": "redw****",
    "review_id": "1939601",
    "movie_id": "32609"
  },
  {
    "review": "어설픈 cg때문에 웃겼다 ㅋㅋ 영화는 볼만함",
    "date": "07.07.23",
    "rating": "6",
    "author": "22da****",
    "review_id": "1802031",
    "movie_id": "32609"
  },
  {
    "review": "한국 형사영화로는 수작이었다",
    "date": "07.05.18",
    "rating": "7",
    "author": "deff****",
    "review_id": "1644161",
    "movie_id": "32609"
  },
  {
    "review": "예전 비디오로 볼만했는데..",
    "date": "07.01.23",
    "rating": "7",
    "author": "gall****",
    "review_id": "1409090",
    "movie_id": "32609"
  },
  {
    "review": "민종이 나온 영환;; 왜 다 이래;; 그나마 3인조가 낫네;;",
    "date": "07.01.09",
    "rating": "1",
    "author": "ppp0****",
    "review_id": "1369553",
    "movie_id": "32609"
  },
  {
    "review": "재밌구만 김민종짱",
    "date": "06.10.27",
    "rating": "10",
    "author": "cvbn****",
    "review_id": "1201572",
    "movie_id": "32609"
  },
  {
    "review": "개인적으로 최악의 영화로 뇌리속에 남아있는영화",
    "date": "06.09.10",
    "rating": "1",
    "author": "tige****",
    "review_id": "1114978",
    "movie_id": "32609"
  },
  {
    "review": "여러가지로 피곤한 영화",
    "date": "06.08.03",
    "rating": "7",
    "author": "zeed****",
    "review_id": "959396",
    "movie_id": "32609"
  },
  {
    "review": "민종형은 넘영화못고른다",
    "date": "06.01.29",
    "rating": "6",
    "author": "dmlf****",
    "review_id": "631916",
    "movie_id": "32609"
  },
  {
    "review": "이상하다...난 정말 반했는데,ㅋ",
    "date": "06.01.26",
    "rating": "10",
    "author": "benn****",
    "review_id": "622905",
    "movie_id": "32609"
  },
  {
    "review": "김민종 너만 안오면 영화 안망한다",
    "date": "05.12.26",
    "rating": "1",
    "author": "kws7****",
    "review_id": "529813",
    "movie_id": "32609"
  },
  {
    "review": "임원희는 주연감이 아닌데 무리수를 둔 영화.",
    "date": "05.12.23",
    "rating": "5",
    "author": "blue****",
    "review_id": "522148",
    "movie_id": "32609"
  },
  {
    "review": "재미있는데 평점이 왜이래 -;;;",
    "date": "05.11.07",
    "rating": "9",
    "author": "boyi****",
    "review_id": "467590",
    "movie_id": "32609"
  },
  {
    "review": "볼만하든데 평점 왜이래 --;;;",
    "date": "05.11.01",
    "rating": "7",
    "author": "desp****",
    "review_id": "461573",
    "movie_id": "32609"
  },
  {
    "review": "제작비 1원도 아까울만큼 OOO 졸작.",
    "date": "05.10.06",
    "rating": "2",
    "author": "wons****",
    "review_id": "434659",
    "movie_id": "32609"
  },
  {
    "review": "공짜로 보여준다고해도 안 본다.",
    "date": "05.09.04",
    "rating": "1",
    "author": "iqji****",
    "review_id": "393648",
    "movie_id": "32609"
  },
  {
    "review": "재밌구만 멀...",
    "date": "05.09.04",
    "rating": "10",
    "author": "fs20****",
    "review_id": "393451",
    "movie_id": "32609"
  },
  {
    "review": "경찰영화는좋은데 산만한것은 어쩔수가 없는듯.",
    "date": "05.08.20",
    "rating": "6",
    "author": "izzo****",
    "review_id": "376195",
    "movie_id": "32609"
  },
  {
    "review": "이 영화를 본 뒤 빌려준 친구와 영화관계를 끊었다",
    "date": "05.08.17",
    "rating": "2",
    "author": "okjo****",
    "review_id": "371729",
    "movie_id": "32609"
  },
  {
    "review": "정말 재미없는 영화 보면 후회한다 100%",
    "date": "05.06.09",
    "rating": "1",
    "author": "lose****",
    "review_id": "296534",
    "movie_id": "32609"
  },
  {
    "review": "시나리오~우웩  임원희 스크린 데뷔작 그런대로",
    "date": "05.05.15",
    "rating": "8",
    "author": "rocs****",
    "review_id": "278067",
    "movie_id": "32609"
  },
  {
    "review": "강간씬만 볼만함.",
    "date": "05.05.02",
    "rating": "1",
    "author": "kpcc****",
    "review_id": "269492",
    "movie_id": "32609"
  },
  {
    "review": "보면서잤다",
    "date": "05.03.22",
    "rating": "1",
    "author": "alsp****",
    "review_id": "245453",
    "movie_id": "32609"
  },
  {
    "review": "더티하리2에서 설정을 가져왔다. 이야기가 방향을 잃고 헤맨다.",
    "date": "05.03.12",
    "rating": "3",
    "author": "godc****",
    "review_id": "238939",
    "movie_id": "32609"
  },
  {
    "review": "나름대로..괜찮았던..",
    "date": "05.02.06",
    "rating": "8",
    "author": "kjon****",
    "review_id": "209706",
    "movie_id": "32609"
  },
  {
    "review": "처음 부잣집 아들 넘 섹스 장면들 밖에 기억이 안 난다..초비추영화~",
    "date": "04.12.27",
    "rating": "2",
    "author": "ygsh****",
    "review_id": "171338",
    "movie_id": "32609"
  },
  {
    "review": "This is law.",
    "date": "04.11.14",
    "rating": "10",
    "author": "kais****",
    "review_id": "145398",
    "movie_id": "32609"
  },
  {
    "review": "관객을 이렇게 무시하면 망하는 법이다",
    "date": "04.11.10",
    "rating": "5",
    "author": "htop****",
    "review_id": "143382",
    "movie_id": "32609"
  },
  {
    "review": "그냥 볼만한...좀더 신경썼으면 더 좋은 영화가 되었을지도...",
    "date": "04.08.30",
    "rating": "8",
    "author": "pjo7****",
    "review_id": "99822",
    "movie_id": "32609"
  },
  {
    "review": "굳이 법대로 하자면.. 이 영화는 사형감이다..",
    "date": "04.06.21",
    "rating": "2",
    "author": "cupi****",
    "review_id": "58023",
    "movie_id": "32609"
  },
  {
    "review": "흠....나름대로..",
    "date": "04.06.11",
    "rating": "10",
    "author": "ente****",
    "review_id": "52544",
    "movie_id": "32609"
  },
  {
    "review": "내용....보다 자서 잘 모르겠다......",
    "date": "04.02.24",
    "rating": "1",
    "author": "jtot****",
    "review_id": "23549",
    "movie_id": "32609"
  }
]