[
  {
    "review": "슬프지만 그래도 차분한 영화네요..아들을 잃은 가족의 슬픔을 잘표현해냈네요..",
    "date": "15.08.24",
    "rating": "8",
    "author": "yshb****",
    "review_id": "10271776",
    "movie_id": "32607"
  },
  {
    "review": "떠나보내고 남겨진 이들에 대하여.",
    "date": "15.08.20",
    "rating": "7",
    "author": "ogr5****",
    "review_id": "10254625",
    "movie_id": "32607"
  },
  {
    "review": "상실을 담담하게 풀어낸다고, life goes on을 이야기한다고, 신파 화법이 세련되어지는 것은 아니라.",
    "date": "15.03.17",
    "rating": "6",
    "author": "tear****",
    "review_id": "9789445",
    "movie_id": "32607"
  },
  {
    "review": "마지막 엔딩은 평생 잊지 못할것같다...남겨진 가족의 모습 그대로",
    "date": "14.09.10",
    "rating": "10",
    "author": "mr_0****",
    "review_id": "9201074",
    "movie_id": "32607"
  },
  {
    "review": "상실의 슬픔은 영원하겠지만 삶은 지속되기 마련이다",
    "date": "14.03.13",
    "rating": "8",
    "author": "kth3****",
    "review_id": "8571766",
    "movie_id": "32607"
  },
  {
    "review": "깐느 그랑프리가 절대는 아니라는 확고한 역사적 증명",
    "date": "14.02.28",
    "rating": "6",
    "author": "reo0****",
    "review_id": "8545849",
    "movie_id": "32607"
  },
  {
    "review": "아들을 잃은 슬픔을 극복해 내지 못하는 정신과 의사. 재미있는 설정.",
    "date": "14.02.14",
    "rating": "7",
    "author": "ykdi****",
    "review_id": "8508216",
    "movie_id": "32607"
  },
  {
    "review": "나쁜 기억은 없애고 좋은기억만 가져가자.. 그게 최선이라면..",
    "date": "14.02.01",
    "rating": "7",
    "author": "tumb****",
    "review_id": "8462665",
    "movie_id": "32607"
  },
  {
    "review": ".",
    "date": "13.08.31",
    "rating": "10",
    "author": "tpfl****",
    "review_id": "7938768",
    "movie_id": "32607"
  },
  {
    "review": "자식을 잃은 아비의 지독한 고통. 하지만 남겨진 자들의 인생은 강물처럼 그렇게 무심히 흘러가고, 나의 속사정과는 상관 없는 세상에서 슬픔은 가슴에 묻어두고는 삶을 살아간다.",
    "date": "13.05.28",
    "rating": "8",
    "author": "cksn****",
    "review_id": "7559395",
    "movie_id": "32607"
  },
  {
    "review": "by this river, 뮤직비디오만으로 충분한 느낌. 아쉽거나 답답함이 남는 영화",
    "date": "13.03.26",
    "rating": "5",
    "author": "good****",
    "review_id": "7412661",
    "movie_id": "32607"
  },
  {
    "review": "슬펐지만 끝까지 슬프다. 해소가 되지 않았다.",
    "date": "13.03.21",
    "rating": "7",
    "author": "yunj****",
    "review_id": "7386317",
    "movie_id": "32607"
  },
  {
    "review": "재밌네",
    "date": "13.01.22",
    "rating": "10",
    "author": "hyu1****",
    "review_id": "7154260",
    "movie_id": "32607"
  },
  {
    "review": "명성에 비해 기대에 못 미침. 덤덤하게 표현해내는 능력에는 박수를..",
    "date": "13.01.20",
    "rating": "7",
    "author": "lees****",
    "review_id": "7138713",
    "movie_id": "32607"
  },
  {
    "review": "상실감은 여전히 똑같이 흘러가는 현실과 대비됐을때 커지지만  그것으로만 치유가 가능하다",
    "date": "13.01.17",
    "rating": "7",
    "author": "dins****",
    "review_id": "7123509",
    "movie_id": "32607"
  },
  {
    "review": "너무나 사랑하는 영화",
    "date": "12.08.13",
    "rating": "10",
    "author": "rkel****",
    "review_id": "6598576",
    "movie_id": "32607"
  },
  {
    "review": "기대가 컸을까.. 큰 울림이 없었다",
    "date": "12.06.10",
    "rating": "7",
    "author": "byul****",
    "review_id": "6381092",
    "movie_id": "32607"
  },
  {
    "review": "지루하지만 중요한 수업시간 같은 내용",
    "date": "12.05.09",
    "rating": "5",
    "author": "cozy****",
    "review_id": "6283321",
    "movie_id": "32607"
  },
  {
    "review": "한없이 깨끗해서 더없이 가슴이 미어지는. 순수함. 슬픔.",
    "date": "12.04.14",
    "rating": "10",
    "author": "jins****",
    "review_id": "6217936",
    "movie_id": "32607"
  },
  {
    "review": "비극은 공유될 수 없는 것",
    "date": "12.01.08",
    "rating": "10",
    "author": "seen****",
    "review_id": "5969424",
    "movie_id": "32607"
  },
  {
    "review": "용서는..스스로를 구하려는 자세를 가질 때 자신의 무의식의 상처를 보듬을수있습니다",
    "date": "12.01.04",
    "rating": "10",
    "author": "love****",
    "review_id": "5960551",
    "movie_id": "32607"
  },
  {
    "review": "영화가 끝나고 나니 눈물이 쏟아졌다",
    "date": "11.12.15",
    "rating": "9",
    "author": "wldd****",
    "review_id": "5906326",
    "movie_id": "32607"
  },
  {
    "review": "이탈리아의 가족을 파고드는 영화. 아들과 아버지사이의 심리를 파헤치다",
    "date": "11.08.23",
    "rating": "8",
    "author": "reno****",
    "review_id": "5683032",
    "movie_id": "32607"
  },
  {
    "review": "죽음 뒤로 남아있는 이들의 슬픔",
    "date": "11.06.10",
    "rating": "8",
    "author": "kim9****",
    "review_id": "5473917",
    "movie_id": "32607"
  },
  {
    "review": "난니 모레티 감독 영화는 다 찾아봤는데..가장 별로인 영화다..\r\n너무나 상투적이다..",
    "date": "11.06.05",
    "rating": "4",
    "author": "ciot****",
    "review_id": "5465481",
    "movie_id": "32607"
  },
  {
    "review": "사무친다.",
    "date": "11.04.15",
    "rating": "7",
    "author": "bbq2****",
    "review_id": "5374512",
    "movie_id": "32607"
  },
  {
    "review": "마음을 울리는 영화.",
    "date": "10.11.08",
    "rating": "9",
    "author": "dlwo****",
    "review_id": "4945094",
    "movie_id": "32607"
  },
  {
    "review": "영화자체는 너무나 잔잔한데 문득 떠올릴때면 크게 마음을 진동시킨다",
    "date": "10.07.03",
    "rating": "9",
    "author": "hero****",
    "review_id": "4607172",
    "movie_id": "32607"
  },
  {
    "review": "재밌다",
    "date": "10.05.11",
    "rating": "10",
    "author": "eek5****",
    "review_id": "4492405",
    "movie_id": "32607"
  },
  {
    "review": "중학교때 보았는데........... 내 인생........ 제일 재미 없었던 영화 ^_^......;;;",
    "date": "10.03.29",
    "rating": "1",
    "author": "kang****",
    "review_id": "4396900",
    "movie_id": "32607"
  },
  {
    "review": "평점을 보고 영화를 보았는데 별다른 감흥을 느낄 수 없네요.",
    "date": "10.02.12",
    "rating": "1",
    "author": "hi5i****",
    "review_id": "4273424",
    "movie_id": "32607"
  },
  {
    "review": "Brian Eno - By this river",
    "date": "09.12.21",
    "rating": "10",
    "author": "koln****",
    "review_id": "4065201",
    "movie_id": "32607"
  },
  {
    "review": "찬찬히 영혼을 읽어내는 영화네요",
    "date": "09.09.30",
    "rating": "10",
    "author": "tls7****",
    "review_id": "3861245",
    "movie_id": "32607"
  },
  {
    "review": "살아있을때 소극적이었던 행동들을 다시 한번 일깨우는 영화",
    "date": "09.09.26",
    "rating": "10",
    "author": "rlfd****",
    "review_id": "3852539",
    "movie_id": "32607"
  },
  {
    "review": "Good",
    "date": "09.08.06",
    "rating": "10",
    "author": "subw****",
    "review_id": "3713975",
    "movie_id": "32607"
  },
  {
    "review": "우리가 주목해야할 또 한명의 감독",
    "date": "09.07.31",
    "rating": "8",
    "author": "tjsd****",
    "review_id": "3690725",
    "movie_id": "32607"
  },
  {
    "review": "누군가 계속 있던사람이 어느날부터 옆에 없다면 무슨기분일까",
    "date": "09.06.03",
    "rating": "7",
    "author": "wjdg****",
    "review_id": "3542100",
    "movie_id": "32607"
  },
  {
    "review": "기대와 달리 큰 임팩트는 없었다.",
    "date": "09.05.16",
    "rating": "7",
    "author": "5292****",
    "review_id": "3498720",
    "movie_id": "32607"
  },
  {
    "review": "자극적인 영화를 좋아하시는 분은 ㄴㄴ",
    "date": "09.04.28",
    "rating": "9",
    "author": "ghyu****",
    "review_id": "3446612",
    "movie_id": "32607"
  },
  {
    "review": "슬프지만 너무 좋은 영화. 엔딩곡도 최고.",
    "date": "09.04.18",
    "rating": "10",
    "author": "hats****",
    "review_id": "3427818",
    "movie_id": "32607"
  },
  {
    "review": "암울하고 슬프면서 훈훈하게 끝맺는 엔딩이 너무 마음에든다",
    "date": "09.04.11",
    "rating": "9",
    "author": "2pup****",
    "review_id": "3415835",
    "movie_id": "32607"
  },
  {
    "review": "정말 괜찮았던 브라이언 이노의 잔잔한 엔딩...",
    "date": "09.03.29",
    "rating": "10",
    "author": "inxs****",
    "review_id": "3394785",
    "movie_id": "32607"
  },
  {
    "review": "너무 슬퍼서 1점을 주는것이다.",
    "date": "09.01.22",
    "rating": "1",
    "author": "dpfl****",
    "review_id": "3238423",
    "movie_id": "32607"
  },
  {
    "review": "언젠가 드러나 아플수도 있지만 상쳐는 딱지져서 흔적을 남기며 아물어간다.",
    "date": "08.12.13",
    "rating": "10",
    "author": "csh9****",
    "review_id": "3113881",
    "movie_id": "32607"
  },
  {
    "review": "이탈리아 가족의 분위기가 모두 저럴까. ... 너그러운 아버지.어머니.. 참 부럽다",
    "date": "08.08.24",
    "rating": "9",
    "author": "lph2****",
    "review_id": "2899587",
    "movie_id": "32607"
  },
  {
    "review": "상처받은 가족의 아픔을 관조적으로 그렸다. 하지만 모든 가족이 이렇진 안을거다.",
    "date": "08.08.23",
    "rating": "8",
    "author": "kusa****",
    "review_id": "2896743",
    "movie_id": "32607"
  },
  {
    "review": "잔잔한 감동과 엔딩 3자의 시점처리 수작~하지만 그이하도 이상도 아닌영화",
    "date": "08.08.02",
    "rating": "7",
    "author": "ssas****",
    "review_id": "2825983",
    "movie_id": "32607"
  },
  {
    "review": "인상깊은 엔딩. 슬픔을 벗아나진못했다. 그럼에도 가족들은 다시 살아간다.",
    "date": "08.02.23",
    "rating": "8",
    "author": "gksq****",
    "review_id": "2473960",
    "movie_id": "32607"
  },
  {
    "review": "메인 테마곡이 와닿는다.",
    "date": "08.01.29",
    "rating": "9",
    "author": "cywo****",
    "review_id": "2384334",
    "movie_id": "32607"
  },
  {
    "review": "남겨진자들의 가슴뜯는 이야기들 문득 가버린자들의 슬픔이 궁금타. by this river",
    "date": "08.01.28",
    "rating": "9",
    "author": "kuic****",
    "review_id": "2378233",
    "movie_id": "32607"
  },
  {
    "review": "그 엔딩곡...",
    "date": "08.01.25",
    "rating": "10",
    "author": "jw48****",
    "review_id": "2366643",
    "movie_id": "32607"
  },
  {
    "review": "잔잔한 감동과 탄탄한 스토리가 빛을 발한 걸작",
    "date": "07.11.04",
    "rating": "8",
    "author": "v292****",
    "review_id": "2131941",
    "movie_id": "32607"
  },
  {
    "review": "소중한 사람을 잃는기분...상상하기도 싫어",
    "date": "07.09.25",
    "rating": "8",
    "author": "drd1****",
    "review_id": "2048520",
    "movie_id": "32607"
  },
  {
    "review": "처절한 슬픔과 요란한 네온사인의 만남에서 느껴지는 공허함과 어지러움..",
    "date": "07.09.13",
    "rating": "9",
    "author": "lanc****",
    "review_id": "2018410",
    "movie_id": "32607"
  },
  {
    "review": "▶◀ 삼가 고인의 명복을 빕니다 ▶◀",
    "date": "07.09.05",
    "rating": "7",
    "author": "tekk****",
    "review_id": "2001792",
    "movie_id": "32607"
  },
  {
    "review": "억지가 아닌 있는그대로 보여주기",
    "date": "07.08.09",
    "rating": "10",
    "author": "cand****",
    "review_id": "1908107",
    "movie_id": "32607"
  },
  {
    "review": "금이 가고 깨지고 울고 나면 다시 찾아오는 것이 삶.",
    "date": "07.08.07",
    "rating": "10",
    "author": "tita****",
    "review_id": "1901103",
    "movie_id": "32607"
  },
  {
    "review": "채워지지않을빈공간과다시금이어지는삶",
    "date": "07.07.05",
    "rating": "9",
    "author": "ming****",
    "review_id": "1748922",
    "movie_id": "32607"
  },
  {
    "review": "인간의 고통에 대한 이해가 경험으로 인해 와닿았다",
    "date": "07.06.07",
    "rating": "6",
    "author": "luvs****",
    "review_id": "1687020",
    "movie_id": "32607"
  },
  {
    "review": "상실을 견뎌내는 우리네 자화상",
    "date": "07.03.13",
    "rating": "10",
    "author": "coco****",
    "review_id": "1532898",
    "movie_id": "32607"
  },
  {
    "review": "영화르 보고 가슴이 아파본적이 처음..",
    "date": "07.03.11",
    "rating": "10",
    "author": "siri****",
    "review_id": "1528487",
    "movie_id": "32607"
  },
  {
    "review": "가족의 진정한 애를 잘 표현한 영화.",
    "date": "07.01.30",
    "rating": "8",
    "author": "oilf****",
    "review_id": "1428457",
    "movie_id": "32607"
  },
  {
    "review": "먹먹한 상처와 조용히 다가오는 치유",
    "date": "07.01.22",
    "rating": "9",
    "author": "juli****",
    "review_id": "1404443",
    "movie_id": "32607"
  },
  {
    "review": "내가생각하는죽음의의미를가장적합하게보여준영화",
    "date": "07.01.02",
    "rating": "10",
    "author": "pwl1****",
    "review_id": "1351092",
    "movie_id": "32607"
  },
  {
    "review": "이것이 진실이다",
    "date": "06.08.16",
    "rating": "10",
    "author": "rena****",
    "review_id": "1042145",
    "movie_id": "32607"
  },
  {
    "review": "억지 눈물을 강요하지도 진부한 신파극을 보여주지도 않는다.",
    "date": "06.04.17",
    "rating": "8",
    "author": "jcr3****",
    "review_id": "764697",
    "movie_id": "32607"
  },
  {
    "review": "누군가를 잃었다는 느낌이 무엇인지 알게 해주는 영화",
    "date": "06.04.15",
    "rating": "10",
    "author": "001m****",
    "review_id": "762429",
    "movie_id": "32607"
  },
  {
    "review": "-3만점 내글 관리자 삭제당함........통지메일 받음-.-",
    "date": "06.04.15",
    "rating": "7",
    "author": "zink****",
    "review_id": "762417",
    "movie_id": "32607"
  },
  {
    "review": "빈자리가 생긴 가정을 그린 영화중 제일 그럴듯했던...",
    "date": "06.04.15",
    "rating": "10",
    "author": "lili****",
    "review_id": "762048",
    "movie_id": "32607"
  },
  {
    "review": "너무 담담하고 감정을 절제한 영화.",
    "date": "06.04.15",
    "rating": "7",
    "author": "join****",
    "review_id": "761941",
    "movie_id": "32607"
  },
  {
    "review": "ㅎㅎ 밑에분말씀에 3만점추가ㅎ 마리에나이해불가-_-",
    "date": "06.04.15",
    "rating": "9",
    "author": "ysjh****",
    "review_id": "761570",
    "movie_id": "32607"
  },
  {
    "review": "아들을 잃은 매우친철하고 감상적인 비현실적가족의이야기..",
    "date": "06.04.15",
    "rating": "8",
    "author": "wnsk****",
    "review_id": "761567",
    "movie_id": "32607"
  },
  {
    "review": "...그리고 우울하지 않을 그들의 삶은 계속된다~~",
    "date": "06.03.12",
    "rating": "10",
    "author": "vota****",
    "review_id": "713491",
    "movie_id": "32607"
  },
  {
    "review": "잔잔히 여운을 남긴 영화....",
    "date": "06.02.13",
    "rating": "10",
    "author": "inju****",
    "review_id": "666911",
    "movie_id": "32607"
  },
  {
    "review": "아들을잃은가족의방황을담담하지만현실감있게표현했다.",
    "date": "05.10.27",
    "rating": "9",
    "author": "suor****",
    "review_id": "456368",
    "movie_id": "32607"
  },
  {
    "review": "엔딩크레딧이 올라가는 순간 영화는 다시 시작된다.",
    "date": "05.10.07",
    "rating": "10",
    "author": "newi****",
    "review_id": "435675",
    "movie_id": "32607"
  },
  {
    "review": "흠...",
    "date": "05.09.24",
    "rating": "8",
    "author": "ch1s****",
    "review_id": "419897",
    "movie_id": "32607"
  },
  {
    "review": "실망적인 지루함",
    "date": "05.09.18",
    "rating": "5",
    "author": "okjo****",
    "review_id": "410208",
    "movie_id": "32607"
  },
  {
    "review": "어릴때봐서 그랬나...처음 15분보고 잤다",
    "date": "05.08.06",
    "rating": "1",
    "author": "joar****",
    "review_id": "354223",
    "movie_id": "32607"
  },
  {
    "review": "여운...",
    "date": "05.04.10",
    "rating": "10",
    "author": "say_****",
    "review_id": "257996",
    "movie_id": "32607"
  },
  {
    "review": "지금은 힘들지만, 언젠간 잊혀지겠지. 그게 인생이니까...",
    "date": "05.04.05",
    "rating": "10",
    "author": "love****",
    "review_id": "253862",
    "movie_id": "32607"
  },
  {
    "review": "지루한건 못참는 성격인데....감동적이었음..",
    "date": "05.03.14",
    "rating": "10",
    "author": "ambi****",
    "review_id": "241110",
    "movie_id": "32607"
  },
  {
    "review": "남은 자들의 슬픔...",
    "date": "05.02.15",
    "rating": "8",
    "author": "abag****",
    "review_id": "220280",
    "movie_id": "32607"
  },
  {
    "review": "상실이라는 주제를 잘 다룬 영화! 물론 엔딩부분과 주제곡이 참 좋았다.",
    "date": "05.01.19",
    "rating": "9",
    "author": "midn****",
    "review_id": "190057",
    "movie_id": "32607"
  },
  {
    "review": "저는 볼만하던데-_-;",
    "date": "05.01.18",
    "rating": "9",
    "author": "joy1****",
    "review_id": "188785",
    "movie_id": "32607"
  },
  {
    "review": "유럽의 좋은 영화 중 하나.. 잔잔한 그들",
    "date": "05.01.11",
    "rating": "8",
    "author": "sero****",
    "review_id": "182803",
    "movie_id": "32607"
  },
  {
    "review": "1점 주는 저런 쓰렉들을 위해 10점",
    "date": "04.12.18",
    "rating": "10",
    "author": "glgg****",
    "review_id": "164555",
    "movie_id": "32607"
  },
  {
    "review": "조용한 진전...말하지 않아도 우리는 안다.. 그들은 행복하다는 걸.",
    "date": "04.12.15",
    "rating": "9",
    "author": "shir****",
    "review_id": "162623",
    "movie_id": "32607"
  },
  {
    "review": "형편없는영화 ..전형적인 그들만의 잔치..",
    "date": "04.11.11",
    "rating": "1",
    "author": "phil****",
    "review_id": "144150",
    "movie_id": "32607"
  },
  {
    "review": "잔잔한 그리움...",
    "date": "04.10.10",
    "rating": "10",
    "author": "righ****",
    "review_id": "123302",
    "movie_id": "32607"
  },
  {
    "review": "...",
    "date": "04.09.21",
    "rating": "10",
    "author": "wisl****",
    "review_id": "112357",
    "movie_id": "32607"
  },
  {
    "review": "죽음후의삶을생각하게하는 영화다..",
    "date": "04.04.28",
    "rating": "8",
    "author": "chae****",
    "review_id": "39757",
    "movie_id": "32607"
  },
  {
    "review": "슬픔 속에서도, 살아 남은 자들의 삶은 오늘도 계속된다.",
    "date": "04.03.27",
    "rating": "8",
    "author": "hadl****",
    "review_id": "31802",
    "movie_id": "32607"
  },
  {
    "review": "아들의 죽음이라는 현실에 방황하는 가족을 담담하게 표현",
    "date": "03.12.26",
    "rating": "8",
    "author": "weed****",
    "review_id": "6102",
    "movie_id": "32607"
  }
]