[
  {
    "review": "코믹이 이 영화를 살렸다. 평범한 스토리에 유치하지만 코믹스러운 연출이 즐겁게 만들었다. 어릴때보고 지금보니 또 다른 느낌.",
    "date": "14.12.03",
    "rating": "8",
    "author": "maey****",
    "review_id": "9443338",
    "movie_id": "32600"
  },
  {
    "review": "꿀잼 군대있을때 봤는데 ㅋㅋ",
    "date": "14.11.24",
    "rating": "9",
    "author": "bond****",
    "review_id": "9419303",
    "movie_id": "32600"
  },
  {
    "review": "cg는 많이 어설프지만 나름 유쾌하게 볼만한 귀염sf물~멀더 요원이 반갑다.",
    "date": "14.10.29",
    "rating": "8",
    "author": "cred****",
    "review_id": "9325866",
    "movie_id": "32600"
  },
  {
    "review": "저희학교 수행평가로 이거 보라고 하는데요 드럽게 재미없어요 제발 이거 재밌다고 하지 말아요 진짜 미춰버리겠네",
    "date": "14.08.26",
    "rating": "1",
    "author": "bill****",
    "review_id": "9136104",
    "movie_id": "32600"
  },
  {
    "review": "어렸을때 진짜 많이 빌려봤었는데 ㅋㅋㅋㅋ 그 샴푸는 진짜 잊을수가 없어",
    "date": "14.07.10",
    "rating": "10",
    "author": "tjtm****",
    "review_id": "8902234",
    "movie_id": "32600"
  },
  {
    "review": "제가 여렷을때 엄청재밌게본영화죠 앞부분을 좀 못봐서 지금 또보고 싶네요",
    "date": "14.06.30",
    "rating": "10",
    "author": "dlrh****",
    "review_id": "8872209",
    "movie_id": "32600"
  },
  {
    "review": "완벽한 외계인 코미디물! ㅋ 듀코브니가 나와서 봤는데, 겁나 재밌음",
    "date": "14.06.13",
    "rating": "10",
    "author": "fghy****",
    "review_id": "8825966",
    "movie_id": "32600"
  },
  {
    "review": "코믹이 더해진 sf왁자지껄 외계인사냥! 누구나 좋아 하겠다",
    "date": "14.05.01",
    "rating": "7",
    "author": "milk****",
    "review_id": "8688134",
    "movie_id": "32600"
  },
  {
    "review": "sf 에볼루션. 9점.",
    "date": "14.04.06",
    "rating": "9",
    "author": "rail****",
    "review_id": "8633682",
    "movie_id": "32600"
  },
  {
    "review": "배우들의 커리어를 알아야 웃기는 대사들이 적절히 섞여있음. 근데 자막이 그걸 소화못함.",
    "date": "14.03.10",
    "rating": "7",
    "author": "hath****",
    "review_id": "8567222",
    "movie_id": "32600"
  },
  {
    "review": "너무 재미있는 영화인데 인지도가 낮아 언급이 적고 무엇보다 제목이 너무 평범해서 가끔 생각날때 제목이 가물가물해지는 경향이 있는거 같아 아쉽다",
    "date": "14.02.27",
    "rating": "8",
    "author": "wjsr****",
    "review_id": "8541661",
    "movie_id": "32600"
  },
  {
    "review": "정말 더럽게 재밌네요.",
    "date": "13.12.01",
    "rating": "10",
    "author": "trip****",
    "review_id": "8181509",
    "movie_id": "32600"
  },
  {
    "review": "설명과 묘사는 부족하고 리얼리티가 살짝떨어지지만 스토리가 흥미롭고 캐릭터도재밌는 특이하고도 깔쌈한 SF영화",
    "date": "13.08.28",
    "rating": "7",
    "author": "lmd1****",
    "review_id": "7929248",
    "movie_id": "32600"
  },
  {
    "review": "어렸을때도 봤던건데 킬링타임용으론 괜찮은 영화 유치하다고 생각한다면 당신은 중2병",
    "date": "13.07.29",
    "rating": "6",
    "author": "qans****",
    "review_id": "7797519",
    "movie_id": "32600"
  },
  {
    "review": "중딩때 영화관에서 봤던 기억ㅋㅋ멀더나온다고 기대했는데ㅋㅋ 어린나이었지만 굉장히 유치하게 느껴졌었고 돈이 아까웠었드랬죠. 전 코미디영화랑은 코드가 안맞나봅니다.",
    "date": "13.07.09",
    "rating": "3",
    "author": "akam****",
    "review_id": "7719708",
    "movie_id": "32600"
  },
  {
    "review": "가족하고 같이 보았는데 내용 및 구성도 탄탄하고 이야기도 흥미로웠다. 비속어를 조금 쓰자면 '졸잼'?",
    "date": "13.07.02",
    "rating": "10",
    "author": "kt17****",
    "review_id": "7697282",
    "movie_id": "32600"
  },
  {
    "review": "정줄놓고 보면 시간가는줄 모른다ㅋㅋㅋ",
    "date": "13.04.24",
    "rating": "10",
    "author": "mc41****",
    "review_id": "7479221",
    "movie_id": "32600"
  },
  {
    "review": "굿",
    "date": "13.02.11",
    "rating": "10",
    "author": "sang****",
    "review_id": "7250157",
    "movie_id": "32600"
  },
  {
    "review": "고스트 버스터즈 3편이 나온다면 이런 느낌일 것 같다.",
    "date": "12.12.27",
    "rating": "7",
    "author": "bele****",
    "review_id": "7053032",
    "movie_id": "32600"
  },
  {
    "review": "어렸을 때 무섭고도 재밌게 봤던 영화..",
    "date": "12.10.10",
    "rating": "5",
    "author": "dnf5****",
    "review_id": "6780732",
    "movie_id": "32600"
  },
  {
    "review": "멀더가 나오니 엑스파일 생각도나고 재밌다.",
    "date": "12.09.11",
    "rating": "8",
    "author": "kem1****",
    "review_id": "6686437",
    "movie_id": "32600"
  },
  {
    "review": "이만하면 잼나네요. 저그 멀티 실패.",
    "date": "12.04.09",
    "rating": "7",
    "author": "rlxo****",
    "review_id": "6205097",
    "movie_id": "32600"
  },
  {
    "review": "다 만족스러운데 크레딧올라가면서 10% 부족함을 느낌",
    "date": "11.12.24",
    "rating": "9",
    "author": "nyak****",
    "review_id": "5928948",
    "movie_id": "32600"
  },
  {
    "review": "영화보면서 샴푸 간접광고를 봤다;",
    "date": "11.12.23",
    "rating": "3",
    "author": "dnst****",
    "review_id": "5927269",
    "movie_id": "32600"
  },
  {
    "review": "대단한 샴푼데?",
    "date": "11.10.11",
    "rating": "8",
    "author": "vjtm****",
    "review_id": "5782659",
    "movie_id": "32600"
  },
  {
    "review": "ㅋㅋㅋㅋ 재미있었던영화!",
    "date": "11.10.03",
    "rating": "8",
    "author": "yyn9****",
    "review_id": "5767811",
    "movie_id": "32600"
  },
  {
    "review": "어릴때 재밋게 봣엇던ㅋ",
    "date": "11.09.27",
    "rating": "7",
    "author": "wlgh****",
    "review_id": "5755025",
    "movie_id": "32600"
  },
  {
    "review": "요런 SF코믹물은 대 환영!ㅎㅎ",
    "date": "11.09.26",
    "rating": "8",
    "author": "orph****",
    "review_id": "5752807",
    "movie_id": "32600"
  },
  {
    "review": "전투신이 좀 허술하다. 약점까지 가는 길도 편하게 터져 있고, 저항도 없는 무뇌 괴물",
    "date": "11.09.12",
    "rating": "6",
    "author": "gae1****",
    "review_id": "5724284",
    "movie_id": "32600"
  },
  {
    "review": "그럭저럭 킬링타임용으로 볼만은 했음",
    "date": "11.08.16",
    "rating": "7",
    "author": "hyom****",
    "review_id": "5660189",
    "movie_id": "32600"
  },
  {
    "review": "ㅉㅉ 샴푸광고하냐?",
    "date": "11.06.23",
    "rating": "1",
    "author": "paul****",
    "review_id": "5494486",
    "movie_id": "32600"
  },
  {
    "review": "SF적 요소로는 볼만하고 그 뒤에 깔린 자잘한 개그들 별로 맘에 안듬.",
    "date": "11.05.03",
    "rating": "5",
    "author": "winn****",
    "review_id": "5403795",
    "movie_id": "32600"
  },
  {
    "review": "헤드앤숄더의 위력~!! ㅋ",
    "date": "11.05.02",
    "rating": "8",
    "author": "tn99****",
    "review_id": "5402136",
    "movie_id": "32600"
  },
  {
    "review": "좌충우돌 외계인 소탕기",
    "date": "10.12.26",
    "rating": "6",
    "author": "ccpk****",
    "review_id": "5087827",
    "movie_id": "32600"
  },
  {
    "review": "<엑스파일>의 영웅 '폭스 멀더'가 너무 깨게 나오네. 흑",
    "date": "10.12.26",
    "rating": "6",
    "author": "rame****",
    "review_id": "5087822",
    "movie_id": "32600"
  },
  {
    "review": "딱 <고스트 버스터즈>의 외계인 버전",
    "date": "10.12.26",
    "rating": "6",
    "author": "kpcc****",
    "review_id": "5087821",
    "movie_id": "32600"
  },
  {
    "review": "재미요소는 충분함 ㅋㅋ 미국식으로 팝콘과 맥주가 곁들어지면 더할나위없을듯 ㅋㅋ",
    "date": "10.11.19",
    "rating": "8",
    "author": "mins****",
    "review_id": "4972363",
    "movie_id": "32600"
  },
  {
    "review": "재밌기도 한데 좀 아이디어랄까 그런게 쫌..",
    "date": "10.10.02",
    "rating": "6",
    "author": "mmnb****",
    "review_id": "4880266",
    "movie_id": "32600"
  },
  {
    "review": "은근 재밌음... 신선함은 좀 떨어지지만...ㅋ",
    "date": "10.09.17",
    "rating": "9",
    "author": "ehpt****",
    "review_id": "4842512",
    "movie_id": "32600"
  },
  {
    "review": "어렸을때 재미있게 봤어요. 괴물들이 지구를 덮치면…좀 무서운데요..ㄷㄷ",
    "date": "10.08.19",
    "rating": "7",
    "author": "pmk5****",
    "review_id": "4767421",
    "movie_id": "32600"
  },
  {
    "review": "아이디어 좋은데 별로였음",
    "date": "10.08.07",
    "rating": "6",
    "author": "real****",
    "review_id": "4717764",
    "movie_id": "32600"
  },
  {
    "review": "역시 헤드 앤 숄더야",
    "date": "10.08.06",
    "rating": "10",
    "author": "vgbh****",
    "review_id": "4712119",
    "movie_id": "32600"
  },
  {
    "review": "x파일 스타일, 주인공도 데이빗 듀코브니네",
    "date": "10.07.26",
    "rating": "10",
    "author": "bajj****",
    "review_id": "4673486",
    "movie_id": "32600"
  },
  {
    "review": "새잡을려고노래부르는ㅋㅋㅋㅋㅋㅋㅋㅋㅋ",
    "date": "10.04.22",
    "rating": "10",
    "author": "kgbm****",
    "review_id": "4448586",
    "movie_id": "32600"
  },
  {
    "review": "중간중간 코믹한 부분도 있고 외계생물에 대한 소재도 괜찮았다고 봄 재밌었음",
    "date": "10.04.20",
    "rating": "9",
    "author": "ydh3****",
    "review_id": "4445421",
    "movie_id": "32600"
  },
  {
    "review": "이거 진짜 초딩 5학년때 비디오 몇번을 빌려서 본영화 ㅋㅋㅋ 완전 웃겼음 ㅋㅋㅋ",
    "date": "10.03.25",
    "rating": "10",
    "author": "k91j****",
    "review_id": "4384940",
    "movie_id": "32600"
  },
  {
    "review": "ㅋㅋ진짜 재밌게봤음",
    "date": "10.03.05",
    "rating": "8",
    "author": "jsm1****",
    "review_id": "4337422",
    "movie_id": "32600"
  },
  {
    "review": "코미디에서 억지로 메시지를 찾으려하지 마세요. 영상이 이끄는대로 즐겨야죠.",
    "date": "10.02.26",
    "rating": "10",
    "author": "hunt****",
    "review_id": "4318750",
    "movie_id": "32600"
  },
  {
    "review": "SF를표방한 적당한 개그물. 아~장르가 코미디지. B급으로 간주하고 10점준다.",
    "date": "10.01.19",
    "rating": "10",
    "author": "yaho****",
    "review_id": "4189528",
    "movie_id": "32600"
  },
  {
    "review": "ㅋㅋㅋ어렸을때 비디오보고 또보고 또돌려봤던영화 ㅋㅋ작은오락영화의 힘!",
    "date": "10.01.04",
    "rating": "10",
    "author": "csc2****",
    "review_id": "4129530",
    "movie_id": "32600"
  },
  {
    "review": "난 아주 어릴적에 본 거 같은데..그건 불가사리였나..여튼 이거 오랜만에 본다 ㅡㅡ",
    "date": "09.12.21",
    "rating": "7",
    "author": "nnam****",
    "review_id": "4064972",
    "movie_id": "32600"
  },
  {
    "review": "초기CG그래픽시대의 기념비적 작품 그 시대가 그리울뿐이다.",
    "date": "09.10.23",
    "rating": "5",
    "author": "soju****",
    "review_id": "3911298",
    "movie_id": "32600"
  },
  {
    "review": "정말재미있어요 꼭보세요 ㅎㅎ",
    "date": "09.09.26",
    "rating": "10",
    "author": "hbk8****",
    "review_id": "3850780",
    "movie_id": "32600"
  },
  {
    "review": "나름 재밌다 ㅋㅋㅋㅋㅋㅋㅋㅋㅋ",
    "date": "09.07.11",
    "rating": "6",
    "author": "sobi****",
    "review_id": "3623362",
    "movie_id": "32600"
  },
  {
    "review": "호기심 자극하는 SF에서 막가는 마무리식 코미디로 급퇴화.",
    "date": "09.06.12",
    "rating": "5",
    "author": "psyc****",
    "review_id": "3559700",
    "movie_id": "32600"
  },
  {
    "review": "많이부족한영화지만 그냥 편안하게 보면될듯한 영화",
    "date": "09.06.06",
    "rating": "7",
    "author": "play****",
    "review_id": "3548067",
    "movie_id": "32600"
  },
  {
    "review": "아무생각없이 편하게 볼수잇는영화 맥주한잔하면서 보면딱인듯 ㅎ",
    "date": "09.03.27",
    "rating": "10",
    "author": "peac****",
    "review_id": "3389356",
    "movie_id": "32600"
  },
  {
    "review": "그나마 코미디적인 요소라도 있어 다행이다",
    "date": "09.03.24",
    "rating": "3",
    "author": "skat****",
    "review_id": "3384386",
    "movie_id": "32600"
  },
  {
    "review": "급격히 진화하는 외계 생물체와의 코믹한 한판대결",
    "date": "09.03.14",
    "rating": "6",
    "author": "uds0****",
    "review_id": "3366167",
    "movie_id": "32600"
  },
  {
    "review": "저 흑인 너무 맘에 든다 ㅋㅋㅋ",
    "date": "09.02.27",
    "rating": "7",
    "author": "rlad****",
    "review_id": "3336708",
    "movie_id": "32600"
  },
  {
    "review": "소재만 좋고 스토리는 ㅄ임 누가 샴푸로 공격할생각을 하지 국민들이 충격에 빠졋어",
    "date": "09.02.20",
    "rating": "10",
    "author": "eldk****",
    "review_id": "3318384",
    "movie_id": "32600"
  },
  {
    "review": "재밌지머",
    "date": "09.02.17",
    "rating": "10",
    "author": "gnoo****",
    "review_id": "3311868",
    "movie_id": "32600"
  },
  {
    "review": "화재가 발생했을때 온도가 몇도인지 궁금한가?그냥 안전을 위해 도망치기만 하면 되지",
    "date": "09.01.27",
    "rating": "3",
    "author": "dg_d****",
    "review_id": "3253024",
    "movie_id": "32600"
  },
  {
    "review": "그냥 아무생각없이 보면 되는 유쾌한 킬링타임용 영화!!",
    "date": "09.01.20",
    "rating": "10",
    "author": "park****",
    "review_id": "3235318",
    "movie_id": "32600"
  },
  {
    "review": "상당히 재밌는 킬링타임용 영화. 엄청 웃김",
    "date": "09.01.20",
    "rating": "10",
    "author": "siou****",
    "review_id": "3235181",
    "movie_id": "32600"
  },
  {
    "review": "ㅋㅋㅋㅋㅋ 작품성을 떠나서 코믹하나만은 보장ㅋㅋㅋㅋ",
    "date": "09.01.03",
    "rating": "10",
    "author": "kmjk****",
    "review_id": "3183451",
    "movie_id": "32600"
  },
  {
    "review": "꽤 재밌던데 뭐",
    "date": "08.11.07",
    "rating": "7",
    "author": "peta****",
    "review_id": "3038195",
    "movie_id": "32600"
  },
  {
    "review": "이게 영화야 재미 하나도없어",
    "date": "08.11.01",
    "rating": "2",
    "author": "dpdl****",
    "review_id": "3030119",
    "movie_id": "32600"
  },
  {
    "review": "sf영화도 마음 먹고 웃기려고 하면 이렇게 만든다 고스트버스터즈 냄새가 많이 난다",
    "date": "08.10.29",
    "rating": "7",
    "author": "deff****",
    "review_id": "3025974",
    "movie_id": "32600"
  },
  {
    "review": "2001년에 봤으면 참을수 있었을 영화...지금보려니,,,,인내가 필요하군.ㅠ.ㅠ",
    "date": "08.10.17",
    "rating": "5",
    "author": "love****",
    "review_id": "3004770",
    "movie_id": "32600"
  },
  {
    "review": "한국인은 물파스!!",
    "date": "08.09.28",
    "rating": "7",
    "author": "arti****",
    "review_id": "2973659",
    "movie_id": "32600"
  },
  {
    "review": "상황에 어울리지 않는 유쾌함이 오히려 상쾌하다.",
    "date": "08.09.15",
    "rating": "5",
    "author": "acin****",
    "review_id": "2945639",
    "movie_id": "32600"
  },
  {
    "review": "본격 샴푸로 관장하는 영화 ㅇㅇ",
    "date": "08.09.04",
    "rating": "9",
    "author": "tkfk****",
    "review_id": "2921403",
    "movie_id": "32600"
  },
  {
    "review": "정말 수작. 이렇게 진화론을 알기쉽고 재밌게 풀어나갈수있는 영화가 몇개나될까.",
    "date": "08.08.25",
    "rating": "10",
    "author": "ssn0****",
    "review_id": "2900607",
    "movie_id": "32600"
  },
  {
    "review": "그저 그런 보통영화.. 아무생각없이 보면 좋다",
    "date": "08.08.24",
    "rating": "7",
    "author": "gio8****",
    "review_id": "2898879",
    "movie_id": "32600"
  },
  {
    "review": "엑스파일을 좋아하다 보게됐다. 멀더 망가져서 슬퍼",
    "date": "08.07.24",
    "rating": "4",
    "author": "kpcc****",
    "review_id": "2799445",
    "movie_id": "32600"
  },
  {
    "review": "멀더! 왜 여기있어!",
    "date": "08.07.22",
    "rating": "10",
    "author": "arse****",
    "review_id": "2792845",
    "movie_id": "32600"
  },
  {
    "review": "코믹도 그저그렇고 스토리는 더 엉망이다. 게다가 한없이 유치하다.",
    "date": "08.07.13",
    "rating": "4",
    "author": "khkk****",
    "review_id": "2759947",
    "movie_id": "32600"
  },
  {
    "review": "연기0, 캐스팅0, CG0.. 하하하...이게 어째서 7점이나 받아야 하나? 이해할수가없네",
    "date": "08.07.03",
    "rating": "1",
    "author": "dhkd****",
    "review_id": "2737942",
    "movie_id": "32600"
  },
  {
    "review": "엉성한 스토리를 배우들의 연기가 살려낸 SF물.",
    "date": "08.06.02",
    "rating": "7",
    "author": "srab****",
    "review_id": "2676164",
    "movie_id": "32600"
  },
  {
    "review": "엉성하기 그지없고, 유치하기 짝이없는 영화.",
    "date": "08.05.24",
    "rating": "4",
    "author": "pola****",
    "review_id": "2660182",
    "movie_id": "32600"
  },
  {
    "review": "여자 캐릭터는 꼭 서민정을 보는 것 같군. 끝나기1분30초전엔9점 다보고7.5",
    "date": "08.05.18",
    "rating": "7",
    "author": "kjnz****",
    "review_id": "2649686",
    "movie_id": "32600"
  },
  {
    "review": "중국식스토리.",
    "date": "08.05.03",
    "rating": "1",
    "author": "nuka****",
    "review_id": "2612569",
    "movie_id": "32600"
  },
  {
    "review": "흠. 뭐랄까..처음 내용 전개는 흥미로웠음.",
    "date": "08.04.22",
    "rating": "7",
    "author": "uhs3****",
    "review_id": "2593666",
    "movie_id": "32600"
  },
  {
    "review": "어렸을 때 보면 좋아했을까?",
    "date": "08.03.31",
    "rating": "4",
    "author": "cont****",
    "review_id": "2552293",
    "movie_id": "32600"
  },
  {
    "review": "마지막에 초거대 괴물을 '관장' 하는 장면이 인상깊었다.",
    "date": "08.03.27",
    "rating": "10",
    "author": "46to****",
    "review_id": "2544990",
    "movie_id": "32600"
  },
  {
    "review": "한마디로 역겨움..",
    "date": "08.03.19",
    "rating": "1",
    "author": "dmax****",
    "review_id": "2529702",
    "movie_id": "32600"
  },
  {
    "review": "코미디만 볼만하다",
    "date": "08.02.17",
    "rating": "4",
    "author": "stra****",
    "review_id": "2453412",
    "movie_id": "32600"
  },
  {
    "review": "12세 기준으로는 수작이 아닐까?",
    "date": "08.02.10",
    "rating": "8",
    "author": "thex****",
    "review_id": "2431887",
    "movie_id": "32600"
  },
  {
    "review": "어찌된게 우리나라영화 괴물보다 5년전에나왓는데 더인기잇어 ㅋㅋㅋㅋ",
    "date": "08.02.02",
    "rating": "10",
    "author": "thdd****",
    "review_id": "2397301",
    "movie_id": "32600"
  },
  {
    "review": "한국영화'괴물'을 보는듯한.. 그래픽이 2001년작 표시가 확 난다는.. 쫌 떨어짐.",
    "date": "08.01.04",
    "rating": "5",
    "author": "kael****",
    "review_id": "2296213",
    "movie_id": "32600"
  },
  {
    "review": "그런대로 괜찮은 영화이고 아쉬운점이라면 액션감이 좀떨어진다는..",
    "date": "07.12.28",
    "rating": "8",
    "author": "fg47****",
    "review_id": "2274384",
    "movie_id": "32600"
  },
  {
    "review": "뭐 아무생각없이 보기에는 충분한 영화",
    "date": "07.12.26",
    "rating": "9",
    "author": "hp02****",
    "review_id": "2269225",
    "movie_id": "32600"
  },
  {
    "review": "적절한개그 적절한액션 깜찍한영화 정말 제미있었당~ 이런영화 많이만들었음좋겟당",
    "date": "07.12.22",
    "rating": "10",
    "author": "rudw****",
    "review_id": "2254400",
    "movie_id": "32600"
  },
  {
    "review": "재밌기만하던데 난 이번에 또볼거야 흐흐흐",
    "date": "07.12.22",
    "rating": "10",
    "author": "youn****",
    "review_id": "2253878",
    "movie_id": "32600"
  },
  {
    "review": "그다지...",
    "date": "07.12.14",
    "rating": "5",
    "author": "bmg1****",
    "review_id": "2231524",
    "movie_id": "32600"
  },
  {
    "review": "B급 영화 중에선 아주 재미있는 영화입니다. 추천!",
    "date": "07.12.12",
    "rating": "10",
    "author": "cptm****",
    "review_id": "2226928",
    "movie_id": "32600"
  },
  {
    "review": "ㅋㅋㅋ이거재밋슴 추천",
    "date": "07.12.09",
    "rating": "10",
    "author": "love****",
    "review_id": "2219181",
    "movie_id": "32600"
  },
  {
    "review": "되게 재밌었는데;;;나만그런건가;;;",
    "date": "07.11.24",
    "rating": "10",
    "author": "ekds****",
    "review_id": "2179458",
    "movie_id": "32600"
  },
  {
    "review": "아! 이거 외계인 똥꼬에다가 뭐꽂는거?",
    "date": "07.11.16",
    "rating": "10",
    "author": "ocg7****",
    "review_id": "2156365",
    "movie_id": "32600"
  }
]