[
  {
    "review": "인간은 어떻게 행동하는가. 레네 중기 걸작.",
    "date": "13.10.28",
    "rating": "10",
    "author": "azag****",
    "review_id": "8096222",
    "movie_id": "32616"
  },
  {
    "review": "학술적관점으로 봤을때도 그저그런수준.",
    "date": "09.09.23",
    "rating": "6",
    "author": "tubt****",
    "review_id": "3845504",
    "movie_id": "32616"
  },
  {
    "review": "실험쥐만 가여워하지 말라, 인간도 실험쥐와 다를 바 없다, 이건가??",
    "date": "07.05.18",
    "rating": "6",
    "author": "okyk****",
    "review_id": "1644327",
    "movie_id": "32616"
  },
  {
    "review": "자본주의 사회에 대한 비판.",
    "date": "07.02.21",
    "rating": "10",
    "author": "gusd****",
    "review_id": "1490015",
    "movie_id": "32616"
  },
  {
    "review": "깨달음이 강하게 밀려오죠!",
    "date": "07.01.26",
    "rating": "10",
    "author": "k552****",
    "review_id": "1413959",
    "movie_id": "32616"
  },
  {
    "review": "참신한, 영감을 주는",
    "date": "06.01.30",
    "rating": "7",
    "author": "arti****",
    "review_id": "634761",
    "movie_id": "32616"
  },
  {
    "review": "영화의 영역에서 과학 바라보기, 혹은 그 반대... 탁월하다!",
    "date": "06.01.17",
    "rating": "9",
    "author": "slow****",
    "review_id": "594404",
    "movie_id": "32616"
  },
  {
    "review": "10점준사람들과저의차이는뭘까요제가이상한걸까요",
    "date": "06.01.15",
    "rating": "5",
    "author": "slim****",
    "review_id": "590813",
    "movie_id": "32616"
  },
  {
    "review": "허허.. 할말이 없다..",
    "date": "06.01.13",
    "rating": "3",
    "author": "cho_****",
    "review_id": "584873",
    "movie_id": "32616"
  },
  {
    "review": "별로 지루했음",
    "date": "06.01.10",
    "rating": "4",
    "author": "shyz****",
    "review_id": "578238",
    "movie_id": "32616"
  },
  {
    "review": "글쎄요..",
    "date": "06.01.10",
    "rating": "3",
    "author": "meca****",
    "review_id": "577998",
    "movie_id": "32616"
  },
  {
    "review": "뻑",
    "date": "06.01.10",
    "rating": "1",
    "author": "ryu0****",
    "review_id": "577900",
    "movie_id": "32616"
  },
  {
    "review": "글쎄...",
    "date": "06.01.10",
    "rating": "6",
    "author": "hotl****",
    "review_id": "577484",
    "movie_id": "32616"
  },
  {
    "review": "매력적입니다. 너무 좋군요",
    "date": "06.01.03",
    "rating": "10",
    "author": "obvi****",
    "review_id": "558005",
    "movie_id": "32616"
  },
  {
    "review": "속 시원했던 영화.  걸작이라고 말할 필요도 못 느낍니다.",
    "date": "06.01.03",
    "rating": "10",
    "author": "hyde****",
    "review_id": "556216",
    "movie_id": "32616"
  },
  {
    "review": "생각보다 비장하고 싶은 의미가 숨어있는",
    "date": "06.01.02",
    "rating": "6",
    "author": "free****",
    "review_id": "554875",
    "movie_id": "32616"
  },
  {
    "review": "이번달 극장에서 봤던 9편의 영화중 최고.",
    "date": "05.12.19",
    "rating": "10",
    "author": "junj****",
    "review_id": "515513",
    "movie_id": "32616"
  },
  {
    "review": "독특한 형식과 구성이 재미있는 영화...",
    "date": "05.12.14",
    "rating": "8",
    "author": "zzan****",
    "review_id": "503924",
    "movie_id": "32616"
  },
  {
    "review": "지루함을 참아내면 1980년대 복고개그를 볼수 있다!ㅋㅋ",
    "date": "05.12.14",
    "rating": "6",
    "author": "tea6****",
    "review_id": "503698",
    "movie_id": "32616"
  }
]