[
  {
    "review": "좋은영화인데  평점이  낮아  안타깝네요. 연평해전을  흥미를  목적으로  본게  아닌것처럼  앎을  목적으로  본다면 큰  도움이 되는  의미담긴 좋은영화입니다.",
    "date": "15.08.22",
    "rating": "10",
    "author": "hyun****",
    "review_id": "10260826",
    "movie_id": "32620"
  },
  {
    "review": "이런 총체적 난국을 만든 건 연출의 능력 부재.",
    "date": "15.07.02",
    "rating": "3",
    "author": "tear****",
    "review_id": "10063003",
    "movie_id": "32620"
  },
  {
    "review": "평점이 넘 높아서 로긴함",
    "date": "15.03.18",
    "rating": "1",
    "author": "wpdl****",
    "review_id": "9790849",
    "movie_id": "32620"
  },
  {
    "review": "감독의 연출력이 부족했다.",
    "date": "14.11.09",
    "rating": "5",
    "author": "marc****",
    "review_id": "9363261",
    "movie_id": "32620"
  },
  {
    "review": "군사영화..실화..근데 별내용이없네여..",
    "date": "14.10.28",
    "rating": "6",
    "author": "seon****",
    "review_id": "9325416",
    "movie_id": "32620"
  },
  {
    "review": "DMZ에서 근무해서 그런진 몰라도 공감이 많이가고 정말 기억에 남는 영화가 될 것 같다.",
    "date": "14.09.29",
    "rating": "10",
    "author": "eric****",
    "review_id": "9247843",
    "movie_id": "32620"
  },
  {
    "review": "이영화 장르는 뭐냐? 판타지? 하이틴?코미디?한숨이 유치해서 한숨만나온다",
    "date": "14.08.04",
    "rating": "1",
    "author": "gkdl****",
    "review_id": "9022746",
    "movie_id": "32620"
  },
  {
    "review": "좋습니다...굿입니다~^^!",
    "date": "14.07.29",
    "rating": "10",
    "author": "spin****",
    "review_id": "8977768",
    "movie_id": "32620"
  },
  {
    "review": "이 정도면 충분히 괴작이다.",
    "date": "14.07.21",
    "rating": "1",
    "author": "tumu****",
    "review_id": "8937651",
    "movie_id": "32620"
  },
  {
    "review": "오..ㅋㅋ 배우들 뭔가 색다르다..",
    "date": "14.04.24",
    "rating": "6",
    "author": "0411****",
    "review_id": "8668557",
    "movie_id": "32620"
  },
  {
    "review": "너무 재미이밈굳긔니긛느",
    "date": "14.03.04",
    "rating": "1",
    "author": "tibu****",
    "review_id": "8555522",
    "movie_id": "32620"
  },
  {
    "review": "다음장면엔 마치 심형래가 나올것 같았다..학예회용으로 만든것 같았다..조잡의 극치.홍일권만 멀쩡하고 나머지 연기 다 국어책읽기..심지어 편집도 엉망",
    "date": "14.02.21",
    "rating": "1",
    "author": "ch6s****",
    "review_id": "8526122",
    "movie_id": "32620"
  },
  {
    "review": "발로 연기한다는건 이런것이다~~ 으아아아아~~~",
    "date": "14.01.24",
    "rating": "1",
    "author": "pelu****",
    "review_id": "8419901",
    "movie_id": "32620"
  },
  {
    "review": "이건 정말 내 인생 최악의 영화",
    "date": "14.01.14",
    "rating": "1",
    "author": "myuf****",
    "review_id": "8382271",
    "movie_id": "32620"
  },
  {
    "review": "영화를 너무 막 만든느낌이 갈수록 들고 성의가 너무 없는 영화였다 이 영화를 보는 관객들에대한 예의가 없던 영화였다",
    "date": "13.12.02",
    "rating": "1",
    "author": "mink****",
    "review_id": "8185481",
    "movie_id": "32620"
  },
  {
    "review": "마지막 북한군의 오열로 10점준다",
    "date": "13.11.26",
    "rating": "10",
    "author": "feel****",
    "review_id": "8170389",
    "movie_id": "32620"
  },
  {
    "review": "포스터와 전혀 달랐던 영화",
    "date": "13.11.26",
    "rating": "1",
    "author": "vkav****",
    "review_id": "8169263",
    "movie_id": "32620"
  },
  {
    "review": "이게 한쿡영화의 현실이지!!!",
    "date": "13.11.23",
    "rating": "1",
    "author": "ske4****",
    "review_id": "8162002",
    "movie_id": "32620"
  },
  {
    "review": "말년 병장 죽을 때 왜 하나도 안 슬프지? 영화 자체가 너무 쓰레기고, 배우들 연기가 거지같아 슬픈 상황 연출도 안된다. 김정훈은 연기 절정으로 못한다. 진짜 연기 너무 못한다. 아무리 그래도 저 당시에 김정훈을 캐스팅을 하나. 슈퍼쓰레기",
    "date": "13.11.02",
    "rating": "1",
    "author": "chak****",
    "review_id": "8111226",
    "movie_id": "32620"
  },
  {
    "review": "분단 국가의 아픈 현실...",
    "date": "13.09.12",
    "rating": "5",
    "author": "milk****",
    "review_id": "7969083",
    "movie_id": "32620"
  },
  {
    "review": "평점 왜 이래?? 영화를 눈으로 보시는 분들은 절대 보지 마세요!!",
    "date": "13.06.30",
    "rating": "10",
    "author": "xeww****",
    "review_id": "7691280",
    "movie_id": "32620"
  },
  {
    "review": "1점도 아깝다",
    "date": "13.03.26",
    "rating": "1",
    "author": "o__a****",
    "review_id": "7413314",
    "movie_id": "32620"
  },
  {
    "review": "이건 뭐지?",
    "date": "13.03.02",
    "rating": "1",
    "author": "wash****",
    "review_id": "7316882",
    "movie_id": "32620"
  },
  {
    "review": "d",
    "date": "13.01.25",
    "rating": "10",
    "author": "gurc****",
    "review_id": "7169954",
    "movie_id": "32620"
  },
  {
    "review": "시답잖은 군바리시절 옛추억은 싸질러놓지말구 홀로 고이 간직하길.. 영아니지만 참고 꾸역꾸역봤음",
    "date": "13.01.20",
    "rating": "2",
    "author": "kis5****",
    "review_id": "7137236",
    "movie_id": "32620"
  },
  {
    "review": "진짜.. 쓰레기 중 쓰레기. 국산 쓰레기 영화의 전설등급,",
    "date": "12.12.07",
    "rating": "1",
    "author": "powe****",
    "review_id": "6979724",
    "movie_id": "32620"
  },
  {
    "review": "아오 신발...야, 차라리 영구 람보를 보겠다",
    "date": "12.11.18",
    "rating": "1",
    "author": "expr****",
    "review_id": "6903758",
    "movie_id": "32620"
  },
  {
    "review": "151 GP 출신입니다. 영화가 너무 뻥을 치십니다.군번과 소속은 다르지만 감독님이 나한테는 5년 후배요~~~73년 151GP근무자 씀",
    "date": "12.11.03",
    "rating": "2",
    "author": "vnfa****",
    "review_id": "6850729",
    "movie_id": "32620"
  },
  {
    "review": "스토리보다는 캐스팅실패네요 김정훈 박건형 연기정말 못하네요",
    "date": "12.10.31",
    "rating": "1",
    "author": "jjan****",
    "review_id": "6837679",
    "movie_id": "32620"
  },
  {
    "review": "끝에 살짝 감동적인거말곤!",
    "date": "12.10.18",
    "rating": "7",
    "author": "chun****",
    "review_id": "6810320",
    "movie_id": "32620"
  },
  {
    "review": "정말... 너무 심합니다.. 이걸 영화라고...",
    "date": "12.10.04",
    "rating": "1",
    "author": "dene****",
    "review_id": "6761220",
    "movie_id": "32620"
  },
  {
    "review": "이규형 감독님 실화 맞으세요? 김정훈이 이규형 감독님이시구요 ㄷ 대단하십니다 근데 더대단한건 리수연 금메달 도 실화인가요 ㄷ 아무튼 영화재밌습니다 엔딩곡은 너무 평화롭고 좋네요 ㅎㅎ",
    "date": "12.08.24",
    "rating": "10",
    "author": "lsjt****",
    "review_id": "6639260",
    "movie_id": "32620"
  },
  {
    "review": "진짜 이게 뭐냐 ㅡㅡ시드없는거 겨우 다운받는데 2시간.. 5분보고 지웠다",
    "date": "12.07.06",
    "rating": "1",
    "author": "nfsn****",
    "review_id": "6450855",
    "movie_id": "32620"
  },
  {
    "review": "오랜만에 로긴하게 만드네 이거 진짜 잘만든 잼있는 영화 만점은 줄수 없지만",
    "date": "12.07.02",
    "rating": "9",
    "author": "sabj****",
    "review_id": "6440164",
    "movie_id": "32620"
  },
  {
    "review": "이규형감독님 연출 굳 좋은영화 감사합니다",
    "date": "12.06.20",
    "rating": "10",
    "author": "our9****",
    "review_id": "6403931",
    "movie_id": "32620"
  },
  {
    "review": "알현하다.",
    "date": "12.06.10",
    "rating": "1",
    "author": "pria****",
    "review_id": "6380969",
    "movie_id": "32620"
  },
  {
    "review": "클레멘타인이 생각나는군...",
    "date": "12.05.17",
    "rating": "1",
    "author": "kmhh****",
    "review_id": "6304847",
    "movie_id": "32620"
  },
  {
    "review": "클레멘타인 만큼 재미있다 허나 ㅋㅋ",
    "date": "12.04.27",
    "rating": "1",
    "author": "manp****",
    "review_id": "6248711",
    "movie_id": "32620"
  },
  {
    "review": "일본시사회때 일본인들이 왜 울었는지 이제 알 았다.보고있는 자신에 대한 왠지모를 분노의 표현",
    "date": "12.03.10",
    "rating": "1",
    "author": "kooh****",
    "review_id": "6133904",
    "movie_id": "32620"
  },
  {
    "review": "재밌다",
    "date": "12.02.24",
    "rating": "9",
    "author": "kpsp****",
    "review_id": "6101482",
    "movie_id": "32620"
  },
  {
    "review": "눈으로만 영화보는 멍청이들",
    "date": "12.02.18",
    "rating": "9",
    "author": "jini****",
    "review_id": "6083920",
    "movie_id": "32620"
  },
  {
    "review": "안볼려다 봤음 나도 DMZ 있었는데 아무리 픽션 이지만 이런 X같은 영화는 처음봄",
    "date": "12.02.04",
    "rating": "1",
    "author": "bulp****",
    "review_id": "6052177",
    "movie_id": "32620"
  },
  {
    "review": "밴드 오브 브라더스를 능가하는 전쟁 영화 장르의 선구자인 동시에 결정판.",
    "date": "12.01.16",
    "rating": "1",
    "author": "iwoj****",
    "review_id": "5990600",
    "movie_id": "32620"
  },
  {
    "review": "엔딩곡이 넘 좋다 자~우리의 젊음을위하여 잔을들어라!~~~~",
    "date": "12.01.14",
    "rating": "7",
    "author": "cvbn****",
    "review_id": "5985871",
    "movie_id": "32620"
  },
  {
    "review": "60~70년대 DMZ 부근에서 소규모 교전으로 국군 수백명, 미군 수십명이 전사한건 사실",
    "date": "12.01.14",
    "rating": "6",
    "author": "rang****",
    "review_id": "5984840",
    "movie_id": "32620"
  },
  {
    "review": "지금봐도 괜찮은 영화네요. 겉만 보지말고 속을 보셨으면 좋겠네요.",
    "date": "12.01.14",
    "rating": "10",
    "author": "vrow****",
    "review_id": "5984347",
    "movie_id": "32620"
  },
  {
    "review": "평점이 너무 낮은거 같네요..시각적인면이나 효과적인면만빼면..나름 훌륭한작품..",
    "date": "12.01.12",
    "rating": "8",
    "author": "skyc****",
    "review_id": "5981441",
    "movie_id": "32620"
  },
  {
    "review": "아 로그인하게만드네 ㅡㅡ 진짜 재밌게 잘만들었구만 악플다는사람들은 뭐임?",
    "date": "11.12.11",
    "rating": "10",
    "author": "pkof****",
    "review_id": "5899247",
    "movie_id": "32620"
  },
  {
    "review": "본인 경험담이란 설명만 없었어도 별하나 더 줬는데. 전형적인 군대뻥을 모아서 영화화 한 느낌",
    "date": "11.10.15",
    "rating": "2",
    "author": "hwan****",
    "review_id": "5789934",
    "movie_id": "32620"
  },
  {
    "review": "0점 없냐",
    "date": "11.09.29",
    "rating": "1",
    "author": "kubo****",
    "review_id": "5760899",
    "movie_id": "32620"
  },
  {
    "review": "나만죽을수없다",
    "date": "11.08.26",
    "rating": "10",
    "author": "kds8****",
    "review_id": "5689862",
    "movie_id": "32620"
  },
  {
    "review": "최전방 근무해봤으면.. 솔직히 좀 재밌다..ㅋㅋ 군시절 생각도 나고..ㅎㅎ",
    "date": "11.08.25",
    "rating": "10",
    "author": "ange****",
    "review_id": "5686598",
    "movie_id": "32620"
  },
  {
    "review": "이건 영화라는 이름으로 불리면안된다...",
    "date": "11.07.01",
    "rating": "1",
    "author": "cons****",
    "review_id": "5513726",
    "movie_id": "32620"
  },
  {
    "review": "감독이 지 군생활 뻥튀기랑 미화 안했으면 평점 좀 높았을 텐데",
    "date": "11.06.17",
    "rating": "4",
    "author": "wnrd****",
    "review_id": "5484610",
    "movie_id": "32620"
  },
  {
    "review": "영화의바닥을 보고싶으면 이영화를 보세요~",
    "date": "11.06.02",
    "rating": "1",
    "author": "bgen****",
    "review_id": "5461074",
    "movie_id": "32620"
  },
  {
    "review": "내용이 없지..",
    "date": "11.02.16",
    "rating": "2",
    "author": "ahoc****",
    "review_id": "5248468",
    "movie_id": "32620"
  },
  {
    "review": "왜 이영화가 4점이야 1점도 안대는데 ?포스터에 낚였어",
    "date": "11.01.03",
    "rating": "1",
    "author": "tjdg****",
    "review_id": "5124923",
    "movie_id": "32620"
  },
  {
    "review": "이것도 영화라고...참내",
    "date": "10.12.24",
    "rating": "4",
    "author": "gugu****",
    "review_id": "5080026",
    "movie_id": "32620"
  },
  {
    "review": "나 고딩인데 재밌게 봤다 ...ㅋ",
    "date": "10.07.31",
    "rating": "10",
    "author": "wk00****",
    "review_id": "4689012",
    "movie_id": "32620"
  },
  {
    "review": "-_-",
    "date": "10.06.29",
    "rating": "1",
    "author": "slow****",
    "review_id": "4599621",
    "movie_id": "32620"
  },
  {
    "review": "전쟁장면 등은 기대에 못 미칠지 몰라도 내용은 괜찮았다.",
    "date": "10.06.29",
    "rating": "9",
    "author": "ryuc****",
    "review_id": "4598975",
    "movie_id": "32620"
  },
  {
    "review": "배달에 기수 보는거 같다",
    "date": "10.06.24",
    "rating": "1",
    "author": "b520****",
    "review_id": "4589207",
    "movie_id": "32620"
  },
  {
    "review": "내용정리가 안된 시나리오, 80년대 수준의 영상, 싸구려 음향시설 등등 최악의 영화",
    "date": "10.06.23",
    "rating": "1",
    "author": "disk****",
    "review_id": "4586101",
    "movie_id": "32620"
  },
  {
    "review": "나름대로 재미있었는데",
    "date": "10.06.17",
    "rating": "10",
    "author": "areu****",
    "review_id": "4572162",
    "movie_id": "32620"
  },
  {
    "review": "쓰레기",
    "date": "10.06.17",
    "rating": "1",
    "author": "kyuk****",
    "review_id": "4571794",
    "movie_id": "32620"
  },
  {
    "review": "쉬리에서 한 10년은 퇴보한 방화 수준의 망작",
    "date": "10.04.15",
    "rating": "1",
    "author": "gall****",
    "review_id": "4434607",
    "movie_id": "32620"
  },
  {
    "review": "미국에 월남전과 현대전 벡인영화 알송달송 사간낭비....",
    "date": "10.02.28",
    "rating": "1",
    "author": "tsan****",
    "review_id": "4325549",
    "movie_id": "32620"
  },
  {
    "review": "뭔가 이상해",
    "date": "10.02.04",
    "rating": "1",
    "author": "ykky****",
    "review_id": "4245070",
    "movie_id": "32620"
  },
  {
    "review": "창피한 영화.. 아~아~우리에~ 젊음을 위하여~ㅋ노래웃기다",
    "date": "10.01.23",
    "rating": "1",
    "author": "doc1****",
    "review_id": "4201709",
    "movie_id": "32620"
  },
  {
    "review": "군대갔다나온사람들이나수색대나온사람들 이거보면 그냥 웃지요~",
    "date": "09.12.25",
    "rating": "1",
    "author": "aqzz****",
    "review_id": "4083868",
    "movie_id": "32620"
  },
  {
    "review": "2년전에 불미스런 사건 있었던 감독님 지금은 뭐하시나요..",
    "date": "09.12.21",
    "rating": "2",
    "author": "newg****",
    "review_id": "4067725",
    "movie_id": "32620"
  },
  {
    "review": "케이블에서 보고 토할뻔 했다",
    "date": "09.12.15",
    "rating": "1",
    "author": "skyk****",
    "review_id": "4045240",
    "movie_id": "32620"
  },
  {
    "review": "니미 원작이 됐던 소설이 훨~씬 재밌다. 난 소설보고서 두말없이 봤는데 이건 뭐..",
    "date": "09.11.22",
    "rating": "1",
    "author": "defc****",
    "review_id": "3983336",
    "movie_id": "32620"
  },
  {
    "review": "밀리터리 컬트무비라고 생각하면 상영시간을 참아내는데 약간은 도움이 된다",
    "date": "09.11.17",
    "rating": "2",
    "author": "marc****",
    "review_id": "3971229",
    "movie_id": "32620"
  },
  {
    "review": "가끔 재밌고 신기한 부분도 있어........가끔..^^:",
    "date": "09.11.16",
    "rating": "3",
    "author": "kore****",
    "review_id": "3967326",
    "movie_id": "32620"
  },
  {
    "review": "빵점없나",
    "date": "09.10.09",
    "rating": "1",
    "author": "dis5****",
    "review_id": "3882213",
    "movie_id": "32620"
  },
  {
    "review": "빵점못주나 빵점",
    "date": "09.09.28",
    "rating": "1",
    "author": "lsh7****",
    "review_id": "3857816",
    "movie_id": "32620"
  },
  {
    "review": "밥먹다가 돌을 씹은듯 한 이 느낌은 뭐지.....?",
    "date": "09.08.30",
    "rating": "2",
    "author": "lord****",
    "review_id": "3798562",
    "movie_id": "32620"
  },
  {
    "review": "수색대 나온사람으로서 공감간다^^ 수색대 아닌사람들은 욕이나 하지 마세요",
    "date": "09.08.04",
    "rating": "10",
    "author": "daes****",
    "review_id": "3709464",
    "movie_id": "32620"
  },
  {
    "review": "스토리는 괜찮은데 영화적 완성에 문제가 있었나.. 여기에 앉아있는 걸 보니....",
    "date": "09.07.03",
    "rating": "10",
    "author": "anys****",
    "review_id": "3607856",
    "movie_id": "32620"
  },
  {
    "review": "나도 gp출신이다 부대에서 중대원들끼리 모여서 봤는데 다욕하고 난리도아니었음 ㅡㅡ",
    "date": "09.06.29",
    "rating": "1",
    "author": "ygha****",
    "review_id": "3599573",
    "movie_id": "32620"
  },
  {
    "review": "전쟁영홙줄알았는데;...",
    "date": "09.06.28",
    "rating": "1",
    "author": "jump****",
    "review_id": "3596327",
    "movie_id": "32620"
  },
  {
    "review": "나름 재미잇엇다 ㅋㅋ",
    "date": "09.06.27",
    "rating": "9",
    "author": "sech****",
    "review_id": "3594961",
    "movie_id": "32620"
  },
  {
    "review": "이걸 영화라고...후~",
    "date": "09.06.27",
    "rating": "1",
    "author": "ck49****",
    "review_id": "3594888",
    "movie_id": "32620"
  },
  {
    "review": "재미있게 봤음~~70년대 한국 전방을 그린 영화",
    "date": "09.06.27",
    "rating": "7",
    "author": "dudf****",
    "review_id": "3594389",
    "movie_id": "32620"
  },
  {
    "review": "gp에서 근무한 나로서는 공감한다; 예전엔 충분히 있을수있는 일일듯..",
    "date": "09.06.27",
    "rating": "10",
    "author": "wjdg****",
    "review_id": "3594117",
    "movie_id": "32620"
  },
  {
    "review": "이 영화를 극장에서 보신분들께 심심한 위로의 말씀을 전합니다",
    "date": "09.06.27",
    "rating": "2",
    "author": "kbj4****",
    "review_id": "3593884",
    "movie_id": "32620"
  },
  {
    "review": "격동의70년도 후반을 그린듯하다..말로만 듣던 그 시절 전방수색대 이야기가 녹아있네",
    "date": "09.06.27",
    "rating": "10",
    "author": "sini****",
    "review_id": "3593853",
    "movie_id": "32620"
  },
  {
    "review": "정권이 바뀌니 이런영화도 방송에서 보게되네요..",
    "date": "09.06.27",
    "rating": "3",
    "author": "fine****",
    "review_id": "3593834",
    "movie_id": "32620"
  },
  {
    "review": "감독의 미숙한 연출력이 여실히 들어나는 작품....누군 jsa를 만들었는데..이건 뭥미?",
    "date": "09.06.27",
    "rating": "1",
    "author": "ting****",
    "review_id": "3593827",
    "movie_id": "32620"
  },
  {
    "review": "군대 갔다온 나로서 전혀 공감 안됨.",
    "date": "09.06.27",
    "rating": "1",
    "author": "here****",
    "review_id": "3593814",
    "movie_id": "32620"
  },
  {
    "review": "내가 군대 갔던때보다 훨씬 오래전 일이지만, 옛날 생각나기도 하고 재밌게 잘봤음",
    "date": "09.06.27",
    "rating": "8",
    "author": "firs****",
    "review_id": "3593809",
    "movie_id": "32620"
  },
  {
    "review": "웃으라는거냐",
    "date": "09.06.27",
    "rating": "1",
    "author": "nekt****",
    "review_id": "3593807",
    "movie_id": "32620"
  },
  {
    "review": "전방근무개새들 까지마 공비남침해서 쪼른것도 잘난경험이라고 븅들",
    "date": "09.06.27",
    "rating": "10",
    "author": "seto****",
    "review_id": "3593782",
    "movie_id": "32620"
  },
  {
    "review": "이거슨 오데사 한정이다..!!!!!",
    "date": "09.06.27",
    "rating": "10",
    "author": "dark****",
    "review_id": "3593781",
    "movie_id": "32620"
  },
  {
    "review": "전방군무 않해본 놈은 평점 달지마.니들이 알어?",
    "date": "09.06.27",
    "rating": "10",
    "author": "jo13****",
    "review_id": "3593716",
    "movie_id": "32620"
  },
  {
    "review": "나름 괜찮은 영화였다~ 근데 평점이 안습이라 만점 준다ㅋㅋ",
    "date": "09.06.27",
    "rating": "10",
    "author": "cnek****",
    "review_id": "3593701",
    "movie_id": "32620"
  },
  {
    "review": "희희낙락보고 신봉선 찾으러 왔다 ㅋㅋㅋ",
    "date": "09.06.26",
    "rating": "4",
    "author": "wyr7****",
    "review_id": "3593373",
    "movie_id": "32620"
  },
  {
    "review": "배때기나 쏴라~~~ 삼류야",
    "date": "09.06.26",
    "rating": "1",
    "author": "care****",
    "review_id": "3591218",
    "movie_id": "32620"
  },
  {
    "review": "많이 어설프다..",
    "date": "09.06.19",
    "rating": "1",
    "author": "lov2****",
    "review_id": "3574685",
    "movie_id": "32620"
  }
]