[
  {
    "review": "좀전에 브리즈번에서 이 영화 봤음. 묵고있는 숙소 무비룸에서 ㅎ  오늘 근로자의날 공휴일이라 왠만한 곳 다 쉬거 술집도 닫아서 여서 주구장창 영화만봄. 호주라고 호주영화만 보여주네^^;",
    "date": "13.10.07",
    "rating": "10",
    "author": "ghos****",
    "review_id": "8043278",
    "movie_id": "32632"
  },
  {
    "review": "샘 워싱턴 나와!",
    "date": "10.05.08",
    "rating": "10",
    "author": "rlag****",
    "review_id": "4487246",
    "movie_id": "32632"
  },
  {
    "review": "존나 오글거림 근데 샘워싱턴 좋탸...",
    "date": "10.01.02",
    "rating": "5",
    "author": "anar****",
    "review_id": "4122280",
    "movie_id": "32632"
  },
  {
    "review": "꽤 괜찮은 영화 .",
    "date": "07.11.30",
    "rating": "8",
    "author": "hihi****",
    "review_id": "2194262",
    "movie_id": "32632"
  },
  {
    "review": "재밋어요 이거~",
    "date": "06.01.20",
    "rating": "10",
    "author": "chaw****",
    "review_id": "602950",
    "movie_id": "32632"
  },
  {
    "review": "사랑과 꿈이 담긴영화.!!",
    "date": "05.02.16",
    "rating": "8",
    "author": "kene****",
    "review_id": "221687",
    "movie_id": "32632"
  },
  {
    "review": "탭댄스를배우고싶게한영화~",
    "date": "04.07.19",
    "rating": "9",
    "author": "nthj****",
    "review_id": "73603",
    "movie_id": "32632"
  }
]