[
  {
    "review": "볼만하다 역시 커트레셀은 실망시키지않았다",
    "date": "15.08.10",
    "rating": "7",
    "author": "kan3****",
    "review_id": "10213030",
    "movie_id": "32644"
  },
  {
    "review": "커트러셀을 위한 커트레셀에 의한 커트러셀에 빠져드는 마약같은 영화.",
    "date": "14.02.05",
    "rating": "9",
    "author": "love****",
    "review_id": "8476452",
    "movie_id": "32644"
  },
  {
    "review": "무난하다고 본다...",
    "date": "13.12.15",
    "rating": "7",
    "author": "yana****",
    "review_id": "8215498",
    "movie_id": "32644"
  },
  {
    "review": "결말이 살짝 아쉬웠지만, 재밌네~",
    "date": "13.09.29",
    "rating": "8",
    "author": "dbzh****",
    "review_id": "8022146",
    "movie_id": "32644"
  },
  {
    "review": "악(?) 과 맞서면서도 절대 굴하지 않는 멋진 용기!",
    "date": "10.04.08",
    "rating": "6",
    "author": "evil****",
    "review_id": "4418790",
    "movie_id": "32644"
  },
  {
    "review": "흔한 부패경찰소재지만 괜찮네요..커트러셀의 연기..역시",
    "date": "09.09.10",
    "rating": "8",
    "author": "gh75****",
    "review_id": "3822300",
    "movie_id": "32644"
  },
  {
    "review": "딱히 재밌거나 대단하진 않지만,커트러셀의 연기는 언제나 훌륭하다",
    "date": "09.07.03",
    "rating": "6",
    "author": "west****",
    "review_id": "3607242",
    "movie_id": "32644"
  },
  {
    "review": "잘만들었음",
    "date": "07.09.03",
    "rating": "8",
    "author": "dskj****",
    "review_id": "1999743",
    "movie_id": "32644"
  },
  {
    "review": "뒤통수 맞은 분노의 비리경찰의 양심고백기.. 그냥 저냥 볼만함",
    "date": "07.08.22",
    "rating": "6",
    "author": "nd2s****",
    "review_id": "1967597",
    "movie_id": "32644"
  },
  {
    "review": "재밌어욤",
    "date": "07.08.16",
    "rating": "8",
    "author": "godz****",
    "review_id": "1944763",
    "movie_id": "32644"
  },
  {
    "review": "설정과 연출이 좋았다 백인범죄자 녀석 맞아죽을때 좋았다",
    "date": "07.01.15",
    "rating": "8",
    "author": "nala****",
    "review_id": "1387340",
    "movie_id": "32644"
  },
  {
    "review": "로드니 킹 사건을 시작으로 폭동과 부패경찰의 기가 막힌 연결.",
    "date": "07.01.12",
    "rating": "8",
    "author": "jcr3****",
    "review_id": "1377429",
    "movie_id": "32644"
  },
  {
    "review": "재미있다~",
    "date": "06.09.03",
    "rating": "10",
    "author": "andy****",
    "review_id": "1100359",
    "movie_id": "32644"
  },
  {
    "review": "불쾌/kaminari OO LA흑인폭동이다.'아'랑'어'랑 다르다",
    "date": "06.08.13",
    "rating": "5",
    "author": "jwyh****",
    "review_id": "1023264",
    "movie_id": "32644"
  },
  {
    "review": "수준 높은 각본과 연출. 커트 러셀의 연기는 커리어 최고!",
    "date": "06.07.12",
    "rating": "8",
    "author": "movi****",
    "review_id": "886116",
    "movie_id": "32644"
  },
  {
    "review": "주말에 이런 영화 찾아보는 즐거움이란..쏠쏠하다..",
    "date": "06.02.25",
    "rating": "9",
    "author": "robo****",
    "review_id": "690961",
    "movie_id": "32644"
  },
  {
    "review": "로드니킹사건과LA한인폭동을형사부패와잘결합시킨영화.",
    "date": "06.01.08",
    "rating": "8",
    "author": "kami****",
    "review_id": "569929",
    "movie_id": "32644"
  },
  {
    "review": "백인들은 부패, 흑인들은 폭도. 미국이 왜 이지경이 되었나.",
    "date": "06.01.08",
    "rating": "8",
    "author": "alam****",
    "review_id": "569879",
    "movie_id": "32644"
  },
  {
    "review": "볼만함",
    "date": "06.01.08",
    "rating": "9",
    "author": "asto****",
    "review_id": "569866",
    "movie_id": "32644"
  },
  {
    "review": "리얼리즘 영화의 새로운 발견",
    "date": "05.12.24",
    "rating": "9",
    "author": "kws7****",
    "review_id": "524941",
    "movie_id": "32644"
  },
  {
    "review": "의외의 교훈이 있었다",
    "date": "05.10.03",
    "rating": "8",
    "author": "idmo****",
    "review_id": "432693",
    "movie_id": "32644"
  },
  {
    "review": "야심은 크지만, 지리멸렬한 결과물.",
    "date": "05.03.14",
    "rating": "4",
    "author": "nbsp****",
    "review_id": "240772",
    "movie_id": "32644"
  },
  {
    "review": "재밌는데...왜 흥행실패했을까?",
    "date": "04.09.13",
    "rating": "9",
    "author": "mysh****",
    "review_id": "108001",
    "movie_id": "32644"
  }
]