[
  {
    "review": "한 편의 영화에서 이렇게 많은것을 담아도 되냐고 물어볼 만큼의 수작",
    "date": "15.08.09",
    "rating": "10",
    "author": "pks7****",
    "review_id": "10205455",
    "movie_id": "32667"
  },
  {
    "review": "복수가 복수를 낳는다?? 아니지..  이건 그냥 1차원적인 복수가 아니라 다차원적인 복수극이야. 즉  동일선상에  놓은  복수의  당사자들이 벌이는 자기 합리화 혹은  복수의 정당성 그런 것에 대한 영화라고..",
    "date": "15.08.04",
    "rating": "10",
    "author": "a992****",
    "review_id": "10184769",
    "movie_id": "32667"
  },
  {
    "review": "내가 아직 이 영화를 이해하기엔 어린가보다. 복수의 시작은 작은데서 시작하고 복수는 복수를 낳는다는건 알겠다. 영화보면서 카메오를 찾았을땐 얼마나 웃었는지",
    "date": "15.08.03",
    "rating": "5",
    "author": "lees****",
    "review_id": "10178603",
    "movie_id": "32667"
  },
  {
    "review": "박찬욱 감독의 작품중 박쥐 다음으로 수작",
    "date": "15.07.19",
    "rating": "9",
    "author": "song****",
    "review_id": "10118885",
    "movie_id": "32667"
  },
  {
    "review": "너무나 세련됬다. 대사가 거의없는데도 이야기 이해가 완벽하게 되는거 같다. 와...최고ㅠ 진짜 박찬욱감독이 천재구나...",
    "date": "15.07.15",
    "rating": "10",
    "author": "sage****",
    "review_id": "10107905",
    "movie_id": "32667"
  },
  {
    "review": "누구도 미워하고 싶지 않다. 현실이 싫을 뿐이지",
    "date": "15.07.08",
    "rating": "7",
    "author": "ngup****",
    "review_id": "10079452",
    "movie_id": "32667"
  },
  {
    "review": "영화 속의 침묵이 여운을 강하게 남깁니다.",
    "date": "15.07.06",
    "rating": "10",
    "author": "plzb****",
    "review_id": "10076238",
    "movie_id": "32667"
  },
  {
    "review": "복수의복수의복수의복수의 복수는 나의 것. 너무 잔인하기만 하는거같다.",
    "date": "15.07.02",
    "rating": "6",
    "author": "shwo****",
    "review_id": "10059275",
    "movie_id": "32667"
  },
  {
    "review": "마치 부드럽게 흘러가는 강물처럼  이야기가 흘러간다, 하지만 파국은 엄청난 파도처럼 한 방에 밀려온다.",
    "date": "15.06.26",
    "rating": "10",
    "author": "zmfk****",
    "review_id": "10040142",
    "movie_id": "32667"
  },
  {
    "review": "꾸미지 않아도 감출 수 없는 멋. 한국 범죄 영화 중 최고라 생각한다.",
    "date": "15.06.22",
    "rating": "9",
    "author": "kate****",
    "review_id": "10021654",
    "movie_id": "32667"
  },
  {
    "review": "훌륭한 영화다. 그런데 괜히 봤다.",
    "date": "15.06.13",
    "rating": "8",
    "author": "111i****",
    "review_id": "9994937",
    "movie_id": "32667"
  },
  {
    "review": "정상적인 인간이 아무도 없다.",
    "date": "15.06.10",
    "rating": "8",
    "author": "ldj0****",
    "review_id": "9987633",
    "movie_id": "32667"
  },
  {
    "review": "역시는 역시 역시다. 13년 전 작품이지만 여전히 세련된 느낌이다. 장면 하나하나 머릿 속에 남는다. 여운이 오래갈 듯하다!",
    "date": "15.06.05",
    "rating": "10",
    "author": "kids****",
    "review_id": "9975955",
    "movie_id": "32667"
  },
  {
    "review": "갑을 그대로 둔 채 을과 병이 싸우는 블랙코미디는 지금도 현재진행형.",
    "date": "15.06.03",
    "rating": "9",
    "author": "this****",
    "review_id": "9971617",
    "movie_id": "32667"
  },
  {
    "review": "전정 죽어야 할놈들은 따로 있는데....",
    "date": "15.05.31",
    "rating": "1",
    "author": "tjxo****",
    "review_id": "9966004",
    "movie_id": "32667"
  },
  {
    "review": "박찬욱영화 올드보이는 또 금자씨는 열번씩이고 스무번씩이고 봤는데 이영화는 어렵다. 힘들다.. 근데 명작이다. 두번봤지만 힘들다,",
    "date": "15.05.19",
    "rating": "9",
    "author": "thez****",
    "review_id": "9931073",
    "movie_id": "32667"
  },
  {
    "review": "최고다!! 신하균은 헐리웃의 b급 영화의 스타가 될 수 있었을 텐데 헐리웃이었으면..박찬욱의 절제되며 사실적인 연출이 좋았다. 박쥐와 더불어 최고이다.",
    "date": "15.05.10",
    "rating": "10",
    "author": "syle****",
    "review_id": "9907628",
    "movie_id": "32667"
  },
  {
    "review": "개봉했을당시 봤으면 더욱 뇌리에 남았을듯",
    "date": "15.05.05",
    "rating": "9",
    "author": "heon****",
    "review_id": "9898512",
    "movie_id": "32667"
  },
  {
    "review": "복수와 복수는 엮이고 엮이고..",
    "date": "15.05.05",
    "rating": "10",
    "author": "jeni****",
    "review_id": "9894994",
    "movie_id": "32667"
  },
  {
    "review": "지나치게 대놓고 드러내는 피칠갑 복수의 향연",
    "date": "15.04.30",
    "rating": "3",
    "author": "syoc****",
    "review_id": "9880500",
    "movie_id": "32667"
  },
  {
    "review": "복수 시리즈 중에서 제일 와닿았던 영화네요..!",
    "date": "15.04.22",
    "rating": "10",
    "author": "kitt****",
    "review_id": "9856979",
    "movie_id": "32667"
  },
  {
    "review": "레알 못보고 지나칠 뻔했다. 진정 영화답다. 영상이 보는 이로 하여금 같이 동시에 나올 수 없는 감정들을  자연스레 끌어내고 공존시켜내는 영상미를 만드는 감독의 비상한  재주가 확실히 느껴졌다.",
    "date": "15.04.21",
    "rating": "10",
    "author": "lees****",
    "review_id": "9855524",
    "movie_id": "32667"
  },
  {
    "review": "최고다!룰룰ㄹ룰ㄹ룰ㄹ룰",
    "date": "15.04.19",
    "rating": "10",
    "author": "coun****",
    "review_id": "9853222",
    "movie_id": "32667"
  },
  {
    "review": "장기매매사기친새끼들만 아니였어도..",
    "date": "15.04.19",
    "rating": "10",
    "author": "dolo****",
    "review_id": "9852082",
    "movie_id": "32667"
  },
  {
    "review": "박찬욱 감독의 복수극 3부작중 가장 거칠고 꽤 잔인했다 웰메이드 스릴러!",
    "date": "15.04.07",
    "rating": "10",
    "author": "robo****",
    "review_id": "9832377",
    "movie_id": "32667"
  },
  {
    "review": "복수 3부작 중 가장 내 마음에 강하게 다가왔고 보는내내 알 수 없는 감정을 느꼈다.",
    "date": "15.03.29",
    "rating": "10",
    "author": "rhsh****",
    "review_id": "9814124",
    "movie_id": "32667"
  },
  {
    "review": "대사가 이렇게나 적은 영화는 처음 본다. 그 만큼 인물과 장면에 대해 포인트를 많이 준 것 같다. 그러나 영화의 재미는 기대에 미치지 못했다.",
    "date": "15.03.20",
    "rating": "5",
    "author": "yong****",
    "review_id": "9795863",
    "movie_id": "32667"
  },
  {
    "review": "13년전 영화.. 젊은 신하균한테 반했다",
    "date": "15.03.19",
    "rating": "10",
    "author": "tedd****",
    "review_id": "9793925",
    "movie_id": "32667"
  },
  {
    "review": "무섭다 . 무섭게 아름답고 처절하다 .",
    "date": "15.03.17",
    "rating": "9",
    "author": "dktm****",
    "review_id": "9789971",
    "movie_id": "32667"
  },
  {
    "review": "다시봐도 독한영화. 복수 시리즈중 최고",
    "date": "15.03.14",
    "rating": "8",
    "author": "ljh0****",
    "review_id": "9779316",
    "movie_id": "32667"
  },
  {
    "review": "와..잔인한거 정말 못보고 싫어하지만 이영화는 그런 불쾌감을 상쇄시키는 어떤 힘이 있음....물론 피 범벅인 장면은 눈을 가리고 봤지만...다시보고싶다",
    "date": "15.03.13",
    "rating": "10",
    "author": "dndk****",
    "review_id": "9778419",
    "movie_id": "32667"
  },
  {
    "review": "복수3부작 완성도 복수는 의것>올드보이>친절한 금자씨 재미  올드보이> 친절한 금자씨>복수는 의것",
    "date": "15.03.05",
    "rating": "10",
    "author": "tpfl****",
    "review_id": "9757884",
    "movie_id": "32667"
  },
  {
    "review": "영화 볼까 말까 하다 평점 보고 볼려고 하는분들..평점 개 사기 입니다. 절대 내말 믿고 보지 마세요.그래도 한번 봐야지 하고 보는분들  이글이 성지가 될것입니다",
    "date": "15.03.04",
    "rating": "1",
    "author": "2784****",
    "review_id": "9755320",
    "movie_id": "32667"
  },
  {
    "review": "이런 영화를 13년이 지난지금 보다니.. 근데 어렸을땐 아마 뭔 내용인지도 몰랐겠지만..ㅎ 그냥 대박ㅎㅎ 영화미학적으로도 배울점이 많다고 생각한다 ㅎ근데 비위약하신분들은 보면 안되겠다 이거 ㅎ잔인한거 그리 잘보는 편은 아닌데 3번정도 못참을뻔 ㅋ",
    "date": "15.02.28",
    "rating": "9",
    "author": "xmen****",
    "review_id": "9745213",
    "movie_id": "32667"
  },
  {
    "review": "빅찬욱감독최고의영화",
    "date": "15.02.25",
    "rating": "10",
    "author": "choi****",
    "review_id": "9737975",
    "movie_id": "32667"
  },
  {
    "review": "흠 잡을게 없네요 최고!!",
    "date": "15.02.25",
    "rating": "10",
    "author": "wpaa****",
    "review_id": "9736083",
    "movie_id": "32667"
  },
  {
    "review": "보는 내내 무언가에 압도되는 기분이다",
    "date": "15.02.19",
    "rating": "10",
    "author": "hju0****",
    "review_id": "9715303",
    "movie_id": "32667"
  },
  {
    "review": "복수는 복수를 낳고 다시 그 복수는 다른 복수를 불러일으킨다.",
    "date": "15.02.16",
    "rating": "9",
    "author": "zzan****",
    "review_id": "9702833",
    "movie_id": "32667"
  },
  {
    "review": "강렬하게 잔혹하다. 정말 역겹도록 불편한 영화.",
    "date": "15.02.15",
    "rating": "10",
    "author": "lmj2****",
    "review_id": "9699611",
    "movie_id": "32667"
  },
  {
    "review": "너무 골때린다 억지로 잔인한 영화",
    "date": "15.02.12",
    "rating": "5",
    "author": "aayo****",
    "review_id": "9691108",
    "movie_id": "32667"
  },
  {
    "review": "OO 낚였네 이거 완전 개빨갱이 영화.. 절대보지마셈 쓰레기임... 시간만 날렸네...",
    "date": "15.02.08",
    "rating": "1",
    "author": "2eee****",
    "review_id": "9678054",
    "movie_id": "32667"
  },
  {
    "review": "빅찬욱스러운 '불편함'의 정점",
    "date": "15.02.04",
    "rating": "8",
    "author": "zzz1****",
    "review_id": "9667049",
    "movie_id": "32667"
  },
  {
    "review": "과연 이들 중 누가 죄인인가.",
    "date": "15.01.29",
    "rating": "7",
    "author": "ljk1****",
    "review_id": "9647116",
    "movie_id": "32667"
  },
  {
    "review": "주제는 좋았지만 느리고 지루하다",
    "date": "15.01.25",
    "rating": "1",
    "author": "mara****",
    "review_id": "9635345",
    "movie_id": "32667"
  },
  {
    "review": "영화상의 음악이나 카메라의 이동이 극소수임에도 이정도의 긴장감이 정말 가능한가?",
    "date": "15.01.24",
    "rating": "10",
    "author": "then****",
    "review_id": "9631872",
    "movie_id": "32667"
  },
  {
    "review": "모든것은 다르다. 정말로 같은것은 구분하지 않고 그냥 한 덩어리일 뿐이다. 다른것들은 다른상황에 놓여있지만 결국 그 모든것들은 한 꼭지점을 향하며 결국 한곳에서 만난다.",
    "date": "15.01.10",
    "rating": "10",
    "author": "rnjs****",
    "review_id": "9579047",
    "movie_id": "32667"
  },
  {
    "review": "제목 그대로가 이해가 된다. 결국 복수는 또다른 원한을 낳는다.  계속 생각나는 영화임",
    "date": "15.01.02",
    "rating": "9",
    "author": "kuks****",
    "review_id": "9549648",
    "movie_id": "32667"
  },
  {
    "review": "이유가 복수를 낳는 것이 아닌, 복수가 이유를 낳는 세계에서 복수가 얼마나 아름다운지에 따라 한 사람의 가치를 평가할 수 있을지도...",
    "date": "14.12.31",
    "rating": "9",
    "author": "punk****",
    "review_id": "9542926",
    "movie_id": "32667"
  },
  {
    "review": "혼란스럽다 .. 충격이 가시질않는다",
    "date": "14.12.30",
    "rating": "9",
    "author": "ippo****",
    "review_id": "9536829",
    "movie_id": "32667"
  },
  {
    "review": "보는내내 경악을 금치못했지만  영화 그분위기와  느낌이 너무 좋았다. 박수가 절로나온다.",
    "date": "14.12.30",
    "rating": "10",
    "author": "wkak****",
    "review_id": "9536651",
    "movie_id": "32667"
  },
  {
    "review": "보고난후 기분 더러운 영화 세손가락안에 든다.",
    "date": "14.12.25",
    "rating": "8",
    "author": "tfig****",
    "review_id": "9515953",
    "movie_id": "32667"
  },
  {
    "review": "재밌습니다하하핳히힣",
    "date": "14.12.25",
    "rating": "10",
    "author": "ggtj****",
    "review_id": "9512954",
    "movie_id": "32667"
  },
  {
    "review": "나 역시 느꼈다. 아킬레스건이 잘린후 류(신하균)가 물속에서 느꼈을 공포, 그리고 어떤 무리들로부터 수차례 칼로 찔린 후 동진(송강호)이 느꼈을 공포.  너무 무서워서 눈물이 막났다. 나는 그렇게 굳이 겪지 않아도 될 경험을 했고 두려움을 얻었다.",
    "date": "14.12.22",
    "rating": "8",
    "author": "ks21****",
    "review_id": "9502365",
    "movie_id": "32667"
  },
  {
    "review": "지금봐도 전혀 촌스럽지 않음. 나름의 사정이 있는, 연민가는 캐릭터들을 통해 복수의 끝에 대해 생각하게 만드는 영화.",
    "date": "14.12.15",
    "rating": "9",
    "author": "helo****",
    "review_id": "9477464",
    "movie_id": "32667"
  },
  {
    "review": "꼬리에 꼬리를 무는 복수극이라는 시나리오가 상당히 독특하면서도 흥미롭다. 잔인한 장면이 상당히 많이 나오긴 하지만, 인간 내면의 심리도 잘 표현한 작품이란 생각이 든다. 영화 다 보고 나면 '제목을 참 잘 지었구나..'생각하게 됌.",
    "date": "14.12.11",
    "rating": "9",
    "author": "kjk9****",
    "review_id": "9464288",
    "movie_id": "32667"
  },
  {
    "review": "역시 대단한 박찬욱, 역시 박찬욱식 영화가 불편한 일인. 객관적으론 10점 개인적으로 4점, 평점 7점",
    "date": "14.11.30",
    "rating": "7",
    "author": "whia****",
    "review_id": "9436737",
    "movie_id": "32667"
  },
  {
    "review": "보는 내내 불편하다. 역대 최고로 불편한 영화",
    "date": "14.11.24",
    "rating": "7",
    "author": "grea****",
    "review_id": "9419043",
    "movie_id": "32667"
  },
  {
    "review": "올드보이 보다 좋아하는 영화지만! 평론가 출신 박찬욱은 정말 ㅔ창의력이 없다. 제목부터 카피의 천재.",
    "date": "14.11.23",
    "rating": "6",
    "author": "viol****",
    "review_id": "9413357",
    "movie_id": "32667"
  },
  {
    "review": "심오한듯 단순한 영화다?",
    "date": "14.11.16",
    "rating": "8",
    "author": "kure****",
    "review_id": "9393058",
    "movie_id": "32667"
  },
  {
    "review": "박찬욱표 복수 시리즈의 서막.",
    "date": "14.11.14",
    "rating": "9",
    "author": "toto****",
    "review_id": "9382165",
    "movie_id": "32667"
  },
  {
    "review": "복수는 나의 것.. 박찬욱 복수 3부작 중에서도 가장 조용하면서도 깊은 여운을 주던.. 음악과 영상의 앙상블도 개인적으로 인상깊었다.",
    "date": "14.11.09",
    "rating": "10",
    "author": "jooj****",
    "review_id": "9362327",
    "movie_id": "32667"
  },
  {
    "review": "복수는 또 다른 복수를 부른다는게 참..",
    "date": "14.10.31",
    "rating": "8",
    "author": "phea****",
    "review_id": "9332422",
    "movie_id": "32667"
  },
  {
    "review": "차갑고 잔인하고 슬프다.",
    "date": "14.10.15",
    "rating": "9",
    "author": "hjm5****",
    "review_id": "9294281",
    "movie_id": "32667"
  },
  {
    "review": "핍진하면서 드라마틱하기가 쉽지 않은데...",
    "date": "14.10.15",
    "rating": "10",
    "author": "labu****",
    "review_id": "9293968",
    "movie_id": "32667"
  },
  {
    "review": "삶이란 악기의 필연적인 불협화음",
    "date": "14.10.08",
    "rating": "9",
    "author": "kubr****",
    "review_id": "9273483",
    "movie_id": "32667"
  },
  {
    "review": "박찬욱 감독에게 항상 느끼는 거지만 연출이 참...대박이다...",
    "date": "14.10.04",
    "rating": "10",
    "author": "wngu****",
    "review_id": "9262863",
    "movie_id": "32667"
  },
  {
    "review": "내가 왜 이영화를 지금 봤을까.",
    "date": "14.09.27",
    "rating": "10",
    "author": "cact****",
    "review_id": "9244919",
    "movie_id": "32667"
  },
  {
    "review": "어릴적 다슬기 잡던 곳이 영화에 나오니 정말 반갑습니다.",
    "date": "14.09.27",
    "rating": "10",
    "author": "9417****",
    "review_id": "9243688",
    "movie_id": "32667"
  },
  {
    "review": "아직도 기억난다.  일가족 피자먹고 자살한 장면..10년이 지났지만 안잊혀진다.",
    "date": "14.09.26",
    "rating": "8",
    "author": "adiv****",
    "review_id": "9241293",
    "movie_id": "32667"
  },
  {
    "review": "자본주의, 즉 우리네 삶에 대한 날카로운 비판. 박찬욱 최고의 작품이라 생각",
    "date": "14.09.23",
    "rating": "9",
    "author": "anar****",
    "review_id": "9236110",
    "movie_id": "32667"
  },
  {
    "review": "사람하나 살리자고 여러 목숨이 작살남  중반내내 지루해서 꺼버리는 일이 생길수도 있음 그러나 여운이 남는 영화다",
    "date": "14.09.19",
    "rating": "8",
    "author": "wns0****",
    "review_id": "9225141",
    "movie_id": "32667"
  },
  {
    "review": "미루고 미루다 지금 봤는데 역시 믿고보는 박찬욱",
    "date": "14.09.14",
    "rating": "10",
    "author": "zzzz****",
    "review_id": "9215048",
    "movie_id": "32667"
  },
  {
    "review": "낮추기 위하여 낮은 점수를 줍니다. 8점대는 오버.",
    "date": "14.09.13",
    "rating": "1",
    "author": "stud****",
    "review_id": "9209325",
    "movie_id": "32667"
  },
  {
    "review": "이 영화를 보고 박찬욱의 천재성을 알았다. 절대 잊을 수 없는 영화.",
    "date": "14.09.03",
    "rating": "10",
    "author": "aero****",
    "review_id": "9160817",
    "movie_id": "32667"
  },
  {
    "review": "복수는 비릿하고 끈적한 선혈의 맛",
    "date": "14.08.31",
    "rating": "9",
    "author": "okh3****",
    "review_id": "9151033",
    "movie_id": "32667"
  },
  {
    "review": "복수의 끝은 아무것도 남지 않는다",
    "date": "14.08.27",
    "rating": "10",
    "author": "milk****",
    "review_id": "9137330",
    "movie_id": "32667"
  },
  {
    "review": "뭔가를 잃은 인간들이 복수까지 자기의 것이라고 욕심을.. 그것조차 인간의 소유욕의 끝판!  인간은 역시 복수 조차도 자기만의 것이 아님을 깨달아야! 결국 인간이 소유할수 있는건 아무것도. 아무것도 가질수 없는 인간에게 동정심을...넌 피조물에 불과..",
    "date": "14.08.18",
    "rating": "9",
    "author": "sprn****",
    "review_id": "9105191",
    "movie_id": "32667"
  },
  {
    "review": "아프고 찜찜한 내 인생 최고의 영화",
    "date": "14.08.15",
    "rating": "10",
    "author": "wnrd****",
    "review_id": "9091339",
    "movie_id": "32667"
  },
  {
    "review": "신하균의 아킬레스건이 잘리던 장면은 평생 잊지 못할 것 같다. 쿵쾅쿵쾅 살아서 움직이는 듯한 생동감이 가득한 박찬욱 최고의 작품. 극장에서 보면서 그 어떤 공포 영화보다 더 썸뜩하던 기억이 생생하다.",
    "date": "14.08.15",
    "rating": "10",
    "author": "usuh****",
    "review_id": "9087635",
    "movie_id": "32667"
  },
  {
    "review": "02 년에 이런 훌률한 작품을 이제서야..ㅠ 훗날 조금더 세련돼게 다시한번 리메이크해도 좋을작품.",
    "date": "14.08.14",
    "rating": "9",
    "author": "pkd4****",
    "review_id": "9082010",
    "movie_id": "32667"
  },
  {
    "review": "복수라는 뜻을 알아야 한다면 사전을 펴지 말고 이 영화 한 편을 보는게 낫다",
    "date": "14.08.14",
    "rating": "10",
    "author": "aaas****",
    "review_id": "9081839",
    "movie_id": "32667"
  },
  {
    "review": "너무 재미있게 잘 봤습니다.",
    "date": "14.08.07",
    "rating": "9",
    "author": "ekc_****",
    "review_id": "9045980",
    "movie_id": "32667"
  },
  {
    "review": "팔점을 주고싶어서 팔점을 주었고, 팔점으로 느껴져서 팔점을 주었다.",
    "date": "14.08.02",
    "rating": "8",
    "author": "imlu****",
    "review_id": "9010016",
    "movie_id": "32667"
  },
  {
    "review": "너 착한놈인거 안다. 그러니까 내가 너 죽이는거 이해하지?",
    "date": "14.07.31",
    "rating": "9",
    "author": "rode****",
    "review_id": "8996994",
    "movie_id": "32667"
  },
  {
    "review": "뒷배경음이 없어도 충분히 몰입되었다.",
    "date": "14.07.24",
    "rating": "10",
    "author": "dsf0****",
    "review_id": "8950508",
    "movie_id": "32667"
  },
  {
    "review": "'과연 박찬욱이다'라는 탄사가 절로 나오는 작품..흠잡을데 없는 처절한 복수극",
    "date": "14.07.24",
    "rating": "9",
    "author": "miho****",
    "review_id": "8948778",
    "movie_id": "32667"
  },
  {
    "review": "5분참고 또5분참고 30분보다 껏음 내인내심은 대단",
    "date": "14.07.21",
    "rating": "1",
    "author": "leeo****",
    "review_id": "8938977",
    "movie_id": "32667"
  },
  {
    "review": "처절한 복수가 끝난 뒤엔 누군가의 원수가 되어있다  무섭다.",
    "date": "14.07.18",
    "rating": "9",
    "author": "shs6****",
    "review_id": "8926644",
    "movie_id": "32667"
  },
  {
    "review": "불행과 잘 못된 선택의 연속. 안타까움의 한 가운데 선 블랙코미디.",
    "date": "14.07.15",
    "rating": "8",
    "author": "reso****",
    "review_id": "8918533",
    "movie_id": "32667"
  },
  {
    "review": "좋은영화 잘봤습니다~~",
    "date": "14.07.10",
    "rating": "10",
    "author": "unpr****",
    "review_id": "8899888",
    "movie_id": "32667"
  },
  {
    "review": "공감 가지 않음은 내가 피해자가 아니라서인가 보다. 잔인해서 보기 힘들었다. 그래도 박찬욱은 천재같다.",
    "date": "14.07.08",
    "rating": "6",
    "author": "eaea****",
    "review_id": "8895335",
    "movie_id": "32667"
  },
  {
    "review": "개인적으로 복수시리즈 중에 최고!!",
    "date": "14.07.08",
    "rating": "10",
    "author": "kimm****",
    "review_id": "8895272",
    "movie_id": "32667"
  },
  {
    "review": "이제야 봤네요.. 괜찮습니다.",
    "date": "14.07.07",
    "rating": "9",
    "author": "scvz****",
    "review_id": "8892017",
    "movie_id": "32667"
  },
  {
    "review": "굉장히 흡입력있게 봤는데 마지막 엔딩이 조금...",
    "date": "14.06.17",
    "rating": "9",
    "author": "zjqf****",
    "review_id": "8836326",
    "movie_id": "32667"
  },
  {
    "review": "어쩌면 가까이에 있을 수도 있는 가슴절절한 사연들과 피를 흩뿌리는 그들만의 전쟁이 대비되며 엄청난 몰입감을 선사한다. 과감히 틀을 깨는 이런 명작이 02년 개봉되었으며 나는 이걸 이제야 봤다니. 감독의 필모그래피를 눈여겨 보게 해주었다. 전율..",
    "date": "14.06.11",
    "rating": "9",
    "author": "star****",
    "review_id": "8820016",
    "movie_id": "32667"
  },
  {
    "review": "잔혹하고,충격적이다.",
    "date": "14.06.07",
    "rating": "10",
    "author": "cmlg****",
    "review_id": "8809026",
    "movie_id": "32667"
  },
  {
    "review": "피자에 약넣어 단체자살하는거 너무 슬펐다",
    "date": "14.06.01",
    "rating": "10",
    "author": "skis****",
    "review_id": "8782964",
    "movie_id": "32667"
  },
  {
    "review": "박찬욱=영화의신....",
    "date": "14.05.31",
    "rating": "10",
    "author": "imil****",
    "review_id": "8781896",
    "movie_id": "32667"
  },
  {
    "review": "컴퓨터 전기세가 아깝다!!!",
    "date": "14.05.23",
    "rating": "1",
    "author": "ske4****",
    "review_id": "8756383",
    "movie_id": "32667"
  },
  {
    "review": "재밌게봤다 근데 죠낸 잔인하네진짜 ㅡㅡ",
    "date": "14.05.13",
    "rating": "8",
    "author": "wjaw****",
    "review_id": "8727885",
    "movie_id": "32667"
  }
]