[
  {
    "review": "신교대에서 대기할때 밤에 봤던 영화네 추억이다.",
    "date": "15.06.27",
    "rating": "7",
    "author": "rsff****",
    "review_id": "10041544",
    "movie_id": "32671"
  },
  {
    "review": "김민종 허세 가오 절정. 윤다훈 노홍철 욕버젼. 황신혜 젊은 여배우한테 몸매 밀려서 배바지. 황인영 현실성 완전 떨어지는 말도 안되는 은장도 술집녀.",
    "date": "15.05.15",
    "rating": "10",
    "author": "khsc****",
    "review_id": "9919438",
    "movie_id": "32671"
  },
  {
    "review": "그냥 코미디로 봐야...  황신혜 이쁘네",
    "date": "15.03.25",
    "rating": "5",
    "author": "adiv****",
    "review_id": "9804176",
    "movie_id": "32671"
  },
  {
    "review": "난고딩때 이거 정말재밌게봤는데김민종 멋있음",
    "date": "14.08.11",
    "rating": "10",
    "author": "you6****",
    "review_id": "9068425",
    "movie_id": "32671"
  },
  {
    "review": "민종이 형이 나와도 용서는  없다!!",
    "date": "14.06.25",
    "rating": "1",
    "author": "ske4****",
    "review_id": "8852812",
    "movie_id": "32671"
  },
  {
    "review": "혹시 이게 50억 사기당한 영화?? 흥행도 안돼고 평도 안좋았다던??김민종 영화중에 유일하게 제작투자에 참여했더라구요",
    "date": "14.05.08",
    "rating": "2",
    "author": "je09****",
    "review_id": "8716419",
    "movie_id": "32671"
  },
  {
    "review": "내용이 단순해서 그나마 2점 줄게..",
    "date": "14.04.20",
    "rating": "2",
    "author": "tn99****",
    "review_id": "8661203",
    "movie_id": "32671"
  },
  {
    "review": "힐링 나와서 평은 좋았다고 거짓말은 이거 나오자 마자 비디오로 그리고 완전 욕들하고 난리도 아니었다.비디오 가게 아저씨는 업자에게 던지고 이런 쓰레기 영화 제발 찍지 좀 말아라 돈낭비다.이돈 나주라 그렇게 돈OO 하고 싶으면 감독도 배우도 다 삼류",
    "date": "13.11.27",
    "rating": "1",
    "author": "tsso****",
    "review_id": "8172316",
    "movie_id": "32671"
  },
  {
    "review": "이해안되는 상황들, 어줍잖은 말장난, 관심끌려는 성인코드의 어설픈 조합",
    "date": "13.06.24",
    "rating": "2",
    "author": "eyeb****",
    "review_id": "7674496",
    "movie_id": "32671"
  },
  {
    "review": "으리!!!",
    "date": "13.06.04",
    "rating": "10",
    "author": "thou****",
    "review_id": "7578618",
    "movie_id": "32671"
  },
  {
    "review": "의리!",
    "date": "13.03.27",
    "rating": "10",
    "author": "mykj****",
    "review_id": "7414630",
    "movie_id": "32671"
  },
  {
    "review": "유치하고 뻔한내용.여배우들땜에 그나마봤음.",
    "date": "12.10.11",
    "rating": "5",
    "author": "a109****",
    "review_id": "6782687",
    "movie_id": "32671"
  },
  {
    "review": "쓰레기맞는데 윤다훈 황인영 정사신때문에 10점",
    "date": "12.09.25",
    "rating": "10",
    "author": "isaw****",
    "review_id": "6732515",
    "movie_id": "32671"
  },
  {
    "review": "한국영화중 좋아하는 몇안되는 코믹 영화, 영화 자체의 컨셉이 확실한 영화",
    "date": "12.01.11",
    "rating": "10",
    "author": "irh7****",
    "review_id": "5977592",
    "movie_id": "32671"
  },
  {
    "review": "한심한 쒸레기삘 다분하지만 그냥 큰지루함없이 볼만했음..",
    "date": "11.11.05",
    "rating": "5",
    "author": "kis5****",
    "review_id": "5828692",
    "movie_id": "32671"
  },
  {
    "review": "의미없는 조폭코메디표방영화의 표본",
    "date": "11.03.04",
    "rating": "8",
    "author": "heod****",
    "review_id": "5292906",
    "movie_id": "32671"
  },
  {
    "review": "난 진짜 재밌게 봤는데..민종이형 최고!! ㅋㅋ",
    "date": "11.01.11",
    "rating": "10",
    "author": "lapa****",
    "review_id": "5149014",
    "movie_id": "32671"
  },
  {
    "review": "왜 난 재밌던데~",
    "date": "11.01.07",
    "rating": "10",
    "author": "eoqk****",
    "review_id": "5135188",
    "movie_id": "32671"
  },
  {
    "review": "부끄러운 산물.",
    "date": "10.08.04",
    "rating": "1",
    "author": "pria****",
    "review_id": "4703786",
    "movie_id": "32671"
  },
  {
    "review": "정말 보고 싶었는데.. 이제야 봤네요 ^^ 재밌게 봤습니다",
    "date": "10.05.11",
    "rating": "10",
    "author": "khw0****",
    "review_id": "4493418",
    "movie_id": "32671"
  },
  {
    "review": "한국 최악의 Worst 5 영화란 말에 궁금해서 본 1人",
    "date": "10.01.24",
    "rating": "1",
    "author": "moir****",
    "review_id": "4203598",
    "movie_id": "32671"
  },
  {
    "review": "나름 볼만했고 특히 노래가 아직도 기억에 남은 노래하난 짱인듯 ㅋ",
    "date": "10.01.24",
    "rating": "10",
    "author": "gha7****",
    "review_id": "4203220",
    "movie_id": "32671"
  },
  {
    "review": "이런 영화도 있었군. 그걸 또 내가 봤었군.",
    "date": "09.10.16",
    "rating": "1",
    "author": "lord****",
    "review_id": "3895638",
    "movie_id": "32671"
  },
  {
    "review": "흐르는 세월 잊혀져가는 배우 잊혀질 영화",
    "date": "09.07.15",
    "rating": "1",
    "author": "nala****",
    "review_id": "3633194",
    "movie_id": "32671"
  },
  {
    "review": "다시 봐도 역쉬~ 똥폼잡는 김민종, 이경영... 이젠 그만 보자.",
    "date": "09.06.29",
    "rating": "1",
    "author": "cmh4****",
    "review_id": "3599821",
    "movie_id": "32671"
  },
  {
    "review": "김민종 팬인데... 김민종 영화는 좀... 드라마는 좋은데... ㅠㅜ",
    "date": "09.06.19",
    "rating": "1",
    "author": "jjaj****",
    "review_id": "3574858",
    "movie_id": "32671"
  },
  {
    "review": "볼만은했음",
    "date": "09.05.08",
    "rating": "5",
    "author": "jkh0****",
    "review_id": "3480292",
    "movie_id": "32671"
  },
  {
    "review": "영화관에서보고 돈이아까운적이...",
    "date": "08.11.12",
    "rating": "3",
    "author": "wwhd****",
    "review_id": "3045844",
    "movie_id": "32671"
  },
  {
    "review": "아무생각없이 보면되는90년대풍의 21c조폭코미디 but 두 황씨 아낙의 몸매는 가히..",
    "date": "08.08.24",
    "rating": "6",
    "author": "moto****",
    "review_id": "2898895",
    "movie_id": "32671"
  },
  {
    "review": "먼 이런 캐스팅이;; 오락프로그램도 이것보단 낳쥐..",
    "date": "08.05.03",
    "rating": "1",
    "author": "urkn****",
    "review_id": "2612460",
    "movie_id": "32671"
  },
  {
    "review": "보는내낸화났고보고나서도화났다 정말 쓰레기..타임킬링용도못되는영화다",
    "date": "08.01.21",
    "rating": "2",
    "author": "evil****",
    "review_id": "2353644",
    "movie_id": "32671"
  },
  {
    "review": "18세 관람가인데도 고딩때 어떻게 하다가 봤음. 뭣모를때는 재밌게 봤었는데...",
    "date": "08.01.14",
    "rating": "3",
    "author": "wank****",
    "review_id": "2331883",
    "movie_id": "32671"
  },
  {
    "review": "장르는 액션코미디인데 코미디랑액션이 안나와;;;",
    "date": "07.09.23",
    "rating": "2",
    "author": "aqzz****",
    "review_id": "2040604",
    "movie_id": "32671"
  },
  {
    "review": "국내영화중 그럭저럭 괜찮게 본 영화인데 ... 왜 다들 악평 뿐인지?",
    "date": "07.09.05",
    "rating": "9",
    "author": "mega****",
    "review_id": "2001779",
    "movie_id": "32671"
  },
  {
    "review": "이건 아니쟎아~",
    "date": "07.08.08",
    "rating": "3",
    "author": "typo****",
    "review_id": "1902014",
    "movie_id": "32671"
  },
  {
    "review": "볼가치도없는 영화다",
    "date": "07.07.10",
    "rating": "1",
    "author": "leem****",
    "review_id": "1763297",
    "movie_id": "32671"
  },
  {
    "review": "웃기면 댔지 ㅋㅋ",
    "date": "07.06.08",
    "rating": "7",
    "author": "dbwl****",
    "review_id": "1690583",
    "movie_id": "32671"
  },
  {
    "review": "엉성하고 유치하지만 황신혜의 새로운 면을 본것은 수확이다..",
    "date": "07.05.13",
    "rating": "4",
    "author": "skat****",
    "review_id": "1636230",
    "movie_id": "32671"
  },
  {
    "review": "ㅎㅎ 재밌구만",
    "date": "07.03.28",
    "rating": "10",
    "author": "aamm****",
    "review_id": "1559955",
    "movie_id": "32671"
  },
  {
    "review": "그밥에그나물.",
    "date": "07.03.04",
    "rating": "2",
    "author": "salm****",
    "review_id": "1519041",
    "movie_id": "32671"
  },
  {
    "review": "그래도 졸릴 정도는 아니였다",
    "date": "06.12.17",
    "rating": "5",
    "author": "ghos****",
    "review_id": "1299381",
    "movie_id": "32671"
  },
  {
    "review": "배우들이 아깝다",
    "date": "06.11.23",
    "rating": "5",
    "author": "zeed****",
    "review_id": "1246754",
    "movie_id": "32671"
  },
  {
    "review": "내 생애 최악의 영화.",
    "date": "06.10.11",
    "rating": "1",
    "author": "ih12****",
    "review_id": "1176386",
    "movie_id": "32671"
  },
  {
    "review": "민종이형이 있어서 차마..",
    "date": "06.09.29",
    "rating": "10",
    "author": "hksw****",
    "review_id": "1148957",
    "movie_id": "32671"
  },
  {
    "review": "이런 명작이 여기에 숨어있었군요.",
    "date": "06.08.13",
    "rating": "1",
    "author": "wnsd****",
    "review_id": "1018994",
    "movie_id": "32671"
  },
  {
    "review": "쓰레기쓰레기쓰레기쓰레기쓰레기쓰레기쓰레기쓰레기쓰레기쓰레기",
    "date": "06.08.11",
    "rating": "1",
    "author": "seol****",
    "review_id": "997639",
    "movie_id": "32671"
  },
  {
    "review": "민종오빠왜이런영화찍어요ㅠ감독들민종오빠웃기게좀보지마",
    "date": "06.07.29",
    "rating": "10",
    "author": "junb****",
    "review_id": "939725",
    "movie_id": "32671"
  },
  {
    "review": "재밌을 줄 알았는데 영... 대실망. 엉성한 결말...",
    "date": "06.07.27",
    "rating": "3",
    "author": "rhlf****",
    "review_id": "929092",
    "movie_id": "32671"
  },
  {
    "review": "코미디라는 장르를 감안하고 보면, 윤다훈 애드립에 웃음이 터짐",
    "date": "06.05.26",
    "rating": "5",
    "author": "gall****",
    "review_id": "816901",
    "movie_id": "32671"
  },
  {
    "review": "감독의 이름을 잊지 않겠다.",
    "date": "06.04.03",
    "rating": "1",
    "author": "ct79****",
    "review_id": "747032",
    "movie_id": "32671"
  },
  {
    "review": "이영화가 있기에 월드컵의 감동을 삭힐수 있었다.",
    "date": "06.03.26",
    "rating": "3",
    "author": "kwan****",
    "review_id": "735808",
    "movie_id": "32671"
  },
  {
    "review": "민종아,다훈아 좀 맞자.OOO 한국영화 암적인 존재들",
    "date": "06.02.25",
    "rating": "1",
    "author": "jwyh****",
    "review_id": "690494",
    "movie_id": "32671"
  },
  {
    "review": "가족과 같은 느낌을 주는 영화 ^^",
    "date": "06.02.03",
    "rating": "10",
    "author": "sola****",
    "review_id": "645383",
    "movie_id": "32671"
  },
  {
    "review": "민종형은 정말 멋진 인간인데 왜이런영화만 찍냐..?? ㅡ.ㅡ::",
    "date": "06.01.29",
    "rating": "4",
    "author": "dmlf****",
    "review_id": "631894",
    "movie_id": "32671"
  },
  {
    "review": "케이블에서 그만 나와줬으면 - -",
    "date": "06.01.27",
    "rating": "2",
    "author": "ultr****",
    "review_id": "625839",
    "movie_id": "32671"
  },
  {
    "review": "윤다훈이 황인영한테 변태스럽게 ...",
    "date": "05.12.23",
    "rating": "5",
    "author": "blue****",
    "review_id": "522150",
    "movie_id": "32671"
  },
  {
    "review": "별로",
    "date": "05.09.12",
    "rating": "3",
    "author": "pseu****",
    "review_id": "403561",
    "movie_id": "32671"
  },
  {
    "review": "죽도 밥도 아니다.....",
    "date": "05.09.12",
    "rating": "1",
    "author": "popc****",
    "review_id": "403557",
    "movie_id": "32671"
  },
  {
    "review": "배우님들 좀 알고 출연 하세욧",
    "date": "05.09.02",
    "rating": "3",
    "author": "izzo****",
    "review_id": "390659",
    "movie_id": "32671"
  },
  {
    "review": "그냥저냥 재밌구만 영화가 재밌음되지 난리들이야",
    "date": "05.08.11",
    "rating": "8",
    "author": "esth****",
    "review_id": "362032",
    "movie_id": "32671"
  },
  {
    "review": "이것도 영화라구....만들었남...1점도 아깝다",
    "date": "05.05.17",
    "rating": "1",
    "author": "lims****",
    "review_id": "279818",
    "movie_id": "32671"
  },
  {
    "review": "역쉬 시나리오!!",
    "date": "05.05.13",
    "rating": "5",
    "author": "rocs****",
    "review_id": "277090",
    "movie_id": "32671"
  },
  {
    "review": "진짜 발이 넓은것 같네,ㅋㅋㅋㅋ",
    "date": "05.04.01",
    "rating": "4",
    "author": "rktn****",
    "review_id": "251256",
    "movie_id": "32671"
  },
  {
    "review": "tin... can",
    "date": "05.03.19",
    "rating": "1",
    "author": "coco****",
    "review_id": "243497",
    "movie_id": "32671"
  },
  {
    "review": "감독은 발이 참 넓다 쓰레기 시나리오로 배우를 캐스팅하기란..",
    "date": "05.02.22",
    "rating": "2",
    "author": "uzio****",
    "review_id": "227307",
    "movie_id": "32671"
  },
  {
    "review": "TV로 본게 다행이다...",
    "date": "05.02.16",
    "rating": "1",
    "author": "ster****",
    "review_id": "221818",
    "movie_id": "32671"
  },
  {
    "review": "황인영엉덩이만 생각난다",
    "date": "05.01.15",
    "rating": "1",
    "author": "casc****",
    "review_id": "186659",
    "movie_id": "32671"
  },
  {
    "review": "황당함",
    "date": "05.01.12",
    "rating": "1",
    "author": "chki****",
    "review_id": "183751",
    "movie_id": "32671"
  },
  {
    "review": "코미디영화니까 그다지 생각안하고 맘편하게볼수있는영화",
    "date": "05.01.11",
    "rating": "7",
    "author": "lid2****",
    "review_id": "182917",
    "movie_id": "32671"
  },
  {
    "review": "김민종은 시나리오를 읽어보고 선택하라..",
    "date": "04.12.14",
    "rating": "1",
    "author": "chab****",
    "review_id": "162120",
    "movie_id": "32671"
  },
  {
    "review": "뭐야 이거....정말 쓰레기티 나는 영화 출연진은 화려하다.",
    "date": "04.11.06",
    "rating": "4",
    "author": "anji****",
    "review_id": "140599",
    "movie_id": "32671"
  },
  {
    "review": "정말 출연진은 화려하다...",
    "date": "04.09.13",
    "rating": "5",
    "author": "htop****",
    "review_id": "107900",
    "movie_id": "32671"
  },
  {
    "review": "...",
    "date": "04.08.31",
    "rating": "2",
    "author": "sakt****",
    "review_id": "100447",
    "movie_id": "32671"
  },
  {
    "review": "1점도 아깝다",
    "date": "04.08.12",
    "rating": "1",
    "author": "ffff****",
    "review_id": "88940",
    "movie_id": "32671"
  },
  {
    "review": "차라리 낭만자객이 낫다.",
    "date": "04.07.11",
    "rating": "1",
    "author": "sprs****",
    "review_id": "68837",
    "movie_id": "32671"
  },
  {
    "review": "김민종의 도전정신에 올인!!",
    "date": "04.06.11",
    "rating": "10",
    "author": "ente****",
    "review_id": "52546",
    "movie_id": "32671"
  },
  {
    "review": "그나마 영화는 윤다훈의 애드립으로 산다.",
    "date": "04.05.14",
    "rating": "4",
    "author": "godf****",
    "review_id": "42988",
    "movie_id": "32671"
  },
  {
    "review": "이게 영화냐?",
    "date": "04.05.08",
    "rating": "1",
    "author": "zlrq****",
    "review_id": "41865",
    "movie_id": "32671"
  },
  {
    "review": "영화는 장난이 아니다.",
    "date": "04.04.13",
    "rating": "1",
    "author": "haha****",
    "review_id": "36329",
    "movie_id": "32671"
  },
  {
    "review": "역시 황 신 혜",
    "date": "04.02.21",
    "rating": "10",
    "author": "ccr7****",
    "review_id": "22372",
    "movie_id": "32671"
  },
  {
    "review": "not too bad",
    "date": "04.01.17",
    "rating": "10",
    "author": "daft****",
    "review_id": "11137",
    "movie_id": "32671"
  }
]