[
  {
    "review": "케빈 스페이시! 감동이였다",
    "date": "12.05.13",
    "rating": "9",
    "author": "kco7****",
    "review_id": "6295168",
    "movie_id": "32670"
  },
  {
    "review": "이런 형식의 전기 영화는 너무 진부하다. 하지만 진부한건 영화일뿐 그의 노래는 좋다",
    "date": "11.09.28",
    "rating": "6",
    "author": "wlfa****",
    "review_id": "5758236",
    "movie_id": "32670"
  },
  {
    "review": "짧지만 열정적이었던 한 음악가의 삶을 즐거운 음악과 시대, 역사를 담아 그려내다",
    "date": "11.01.30",
    "rating": "9",
    "author": "rush****",
    "review_id": "5198348",
    "movie_id": "32670"
  },
  {
    "review": "그럭저럭 봐 줄만한 영화지만 수작은 아님.",
    "date": "10.08.21",
    "rating": "6",
    "author": "jjyn****",
    "review_id": "4773558",
    "movie_id": "32670"
  },
  {
    "review": "케빈 스페이시 영화는 장르불문하고 보는편인데 역시 실망시키지않는 연기",
    "date": "10.05.24",
    "rating": "10",
    "author": "bad5****",
    "review_id": "4522446",
    "movie_id": "32670"
  },
  {
    "review": "극장에서 보고도..또 찾게 되는 영화..케빈 최고!!",
    "date": "10.02.22",
    "rating": "10",
    "author": "with****",
    "review_id": "4308644",
    "movie_id": "32670"
  },
  {
    "review": "감동으로 나의 마음을 흔드는 실화",
    "date": "10.02.17",
    "rating": "6",
    "author": "psp2****",
    "review_id": "4292483",
    "movie_id": "32670"
  },
  {
    "review": "케빈 스페이시 연기는 10점 만점에 10점, 노래 역시...olleh!!!",
    "date": "09.08.24",
    "rating": "10",
    "author": "seou****",
    "review_id": "3783109",
    "movie_id": "32670"
  },
  {
    "review": "아역이 좀 산만했지만 산드라 디와의 연애가 보기 좋았다. 출생의 비밀은 충격적이다.",
    "date": "09.08.01",
    "rating": "9",
    "author": "skss****",
    "review_id": "3694284",
    "movie_id": "32670"
  },
  {
    "review": "노래만 들어도 어느정도 였을지 알수 있었죠..^^ 감동받기에 부족하지 않다고 ....",
    "date": "09.07.08",
    "rating": "10",
    "author": "skin****",
    "review_id": "3618487",
    "movie_id": "32670"
  },
  {
    "review": "바비대런이라는 가수에대해 잘모른다면 그닥 와닿지않는 영화...",
    "date": "09.06.25",
    "rating": "1",
    "author": "dj16****",
    "review_id": "3590763",
    "movie_id": "32670"
  },
  {
    "review": "사랑하려면 몸과 마음 그리고 가슴까지 사랑하자",
    "date": "09.04.17",
    "rating": "8",
    "author": "evil****",
    "review_id": "3426297",
    "movie_id": "32670"
  },
  {
    "review": "그대 다시 뛰고 있다면~",
    "date": "09.03.12",
    "rating": "9",
    "author": "juns****",
    "review_id": "3362024",
    "movie_id": "32670"
  },
  {
    "review": "썩 잘 만들었다고 보기에는 내용이 너무 빈약하고 엉성하네요..",
    "date": "09.03.08",
    "rating": "7",
    "author": "snbr****",
    "review_id": "3354875",
    "movie_id": "32670"
  },
  {
    "review": "말이 필요있나? 케빈 당신은 정말 최고야!!!",
    "date": "08.10.25",
    "rating": "10",
    "author": "ksch****",
    "review_id": "3019522",
    "movie_id": "32670"
  },
  {
    "review": "밥대런 그의 음악에 울고 그의 일생에 울었다. 아... 이게 실화라니...",
    "date": "08.09.24",
    "rating": "9",
    "author": "sams****",
    "review_id": "2967223",
    "movie_id": "32670"
  },
  {
    "review": "흘러나오는 음악 듣기에 바빴다",
    "date": "08.08.03",
    "rating": "8",
    "author": "kimg****",
    "review_id": "2831717",
    "movie_id": "32670"
  },
  {
    "review": "많은 걸 생각하게 한 영화.... 저도 모르게 눈물 줄줄....",
    "date": "08.08.03",
    "rating": "10",
    "author": "kbom****",
    "review_id": "2831188",
    "movie_id": "32670"
  },
  {
    "review": "바비 대런의 실화, 너무 그의 활동적인 면에 초점이 맞춰진 게 아닌가 싶다.",
    "date": "08.05.06",
    "rating": "7",
    "author": "temp****",
    "review_id": "2620721",
    "movie_id": "32670"
  },
  {
    "review": "노래...내가 정말 좋아하는 노래..",
    "date": "08.02.27",
    "rating": "9",
    "author": "hwas****",
    "review_id": "2487943",
    "movie_id": "32670"
  },
  {
    "review": "케빈 스페이시의 아주 깔끔한 감독 데뷔작",
    "date": "07.12.24",
    "rating": "6",
    "author": "okjo****",
    "review_id": "2261874",
    "movie_id": "32670"
  },
  {
    "review": "자신의 되고 싶은 모습을 상상해라 그대로 된다",
    "date": "07.09.28",
    "rating": "7",
    "author": "cals****",
    "review_id": "2056366",
    "movie_id": "32670"
  },
  {
    "review": "한국에서 예고 하는거 못보셨다는분들 한국에선 개봉을 안한 영화 아닌가요?",
    "date": "07.08.11",
    "rating": "8",
    "author": "ghdi****",
    "review_id": "1923317",
    "movie_id": "32670"
  },
  {
    "review": "역시 케빈 스페이시",
    "date": "07.08.04",
    "rating": "10",
    "author": "ocur****",
    "review_id": "1871605",
    "movie_id": "32670"
  },
  {
    "review": "단순한 뮤지션의 얘기만 있을줄 알았는데 유쾌한 뮤지컬을 발견했다",
    "date": "07.07.22",
    "rating": "9",
    "author": "ghos****",
    "review_id": "1800047",
    "movie_id": "32670"
  },
  {
    "review": "흥겨운 음악이 매우 좋음 ^^",
    "date": "07.07.21",
    "rating": "9",
    "author": "kukm****",
    "review_id": "1795819",
    "movie_id": "32670"
  },
  {
    "review": "뮤지컬 같다. 음악이 너무 좋다~",
    "date": "07.06.01",
    "rating": "9",
    "author": "hdbw****",
    "review_id": "1675909",
    "movie_id": "32670"
  },
  {
    "review": "음악적인 요소가 잘 살아있다.음악영화를 좋아하시는 분이라면 꼭 보시길",
    "date": "07.05.29",
    "rating": "8",
    "author": "sch1****",
    "review_id": "1671574",
    "movie_id": "32670"
  },
  {
    "review": "꽤 흥미로웠던 영화.",
    "date": "07.05.28",
    "rating": "8",
    "author": "caca****",
    "review_id": "1669251",
    "movie_id": "32670"
  },
  {
    "review": "음악 좋고, 밝고 경쾌한 것도 좋고, 독특한 구성도 좋고..^^",
    "date": "07.03.25",
    "rating": "10",
    "author": "yhkl****",
    "review_id": "1552642",
    "movie_id": "32670"
  },
  {
    "review": "기대 이상~!",
    "date": "07.03.06",
    "rating": "10",
    "author": "duag****",
    "review_id": "1521443",
    "movie_id": "32670"
  },
  {
    "review": "음악은 좋았으나 재미면에서 별루.....",
    "date": "07.03.01",
    "rating": "6",
    "author": "choi****",
    "review_id": "1511111",
    "movie_id": "32670"
  },
  {
    "review": "바비 대런의 일대기를 보여준 헐리우드식 무비",
    "date": "07.02.28",
    "rating": "9",
    "author": "hotv****",
    "review_id": "1509408",
    "movie_id": "32670"
  },
  {
    "review": "음악도 참 좋고 케빈 스페이시의 연기도 참 좋았어요~",
    "date": "07.02.28",
    "rating": "10",
    "author": "eunh****",
    "review_id": "1508481",
    "movie_id": "32670"
  },
  {
    "review": "난 지루했다. 음악도 비슷비슷.7점정도 주고싶지만 평점 넘높아 1점",
    "date": "07.02.20",
    "rating": "1",
    "author": "kdhe****",
    "review_id": "1487628",
    "movie_id": "32670"
  },
  {
    "review": "바비대런과 케빈스페이시 에게 박수를 보냅니다.",
    "date": "07.01.21",
    "rating": "9",
    "author": "blue****",
    "review_id": "1401809",
    "movie_id": "32670"
  },
  {
    "review": "음악과 배우에 찬사를 보냅니다.",
    "date": "07.01.17",
    "rating": "10",
    "author": "wwjs****",
    "review_id": "1393162",
    "movie_id": "32670"
  },
  {
    "review": "매우 감동적입니다. 비디오라도 꼭 보시길...",
    "date": "07.01.08",
    "rating": "10",
    "author": "dlhw****",
    "review_id": "1368421",
    "movie_id": "32670"
  },
  {
    "review": "예고 너무 돈안들이고 만든거 아냐? ㅜㅜ",
    "date": "07.01.07",
    "rating": "9",
    "author": "pahe****",
    "review_id": "1365553",
    "movie_id": "32670"
  },
  {
    "review": "내가 왜 이 영화를 극장에서 안보았던가 ㅜㅜ 아..",
    "date": "07.01.07",
    "rating": "10",
    "author": "mick****",
    "review_id": "1363672",
    "movie_id": "32670"
  },
  {
    "review": "거장이 거장을 연기하는..최고다.",
    "date": "06.12.22",
    "rating": "9",
    "author": "sihy****",
    "review_id": "1312444",
    "movie_id": "32670"
  },
  {
    "review": "정말 이런게 영화다. 강추! 엔돌핀이 팍팍 도는 영화~!",
    "date": "06.12.18",
    "rating": "10",
    "author": "gray****",
    "review_id": "1301590",
    "movie_id": "32670"
  },
  {
    "review": "이게 영화다",
    "date": "06.12.13",
    "rating": "10",
    "author": "outf****",
    "review_id": "1289252",
    "movie_id": "32670"
  },
  {
    "review": "노래는 좋았지만 영화는 사실 지루했다. 아~함~~",
    "date": "06.12.11",
    "rating": "5",
    "author": "elma****",
    "review_id": "1285201",
    "movie_id": "32670"
  },
  {
    "review": "첨엔 별루..보다보니 그냥 볼만..그래도 살짝 아쉽...",
    "date": "06.12.11",
    "rating": "5",
    "author": "feca****",
    "review_id": "1285184",
    "movie_id": "32670"
  },
  {
    "review": "평화와 삶의 기쁨을 노래한 바비 데런의 이야기,, 멋지다",
    "date": "06.12.01",
    "rating": "9",
    "author": "csig****",
    "review_id": "1261442",
    "movie_id": "32670"
  },
  {
    "review": "영화라는 예술 장르의 존재 이유를 잘 보여주는 영화",
    "date": "06.11.28",
    "rating": "10",
    "author": "easy****",
    "review_id": "1256774",
    "movie_id": "32670"
  },
  {
    "review": "최고의 배우 케빈스페이시의 최고의 영화",
    "date": "06.11.28",
    "rating": "10",
    "author": "newm****",
    "review_id": "1256692",
    "movie_id": "32670"
  },
  {
    "review": "브라보우~~ ㅜ ㅜ 꼭보세요 알바아닙니다 !!!",
    "date": "06.11.27",
    "rating": "10",
    "author": "adon****",
    "review_id": "1253960",
    "movie_id": "32670"
  },
  {
    "review": "감동적이네요",
    "date": "06.11.23",
    "rating": "10",
    "author": "shef****",
    "review_id": "1247578",
    "movie_id": "32670"
  },
  {
    "review": "기분이 우울할때 영화 추천할께요.^ㅁ^",
    "date": "06.11.22",
    "rating": "10",
    "author": "oney****",
    "review_id": "1246086",
    "movie_id": "32670"
  },
  {
    "review": "이 영화 정말 감동 그 자체다..",
    "date": "06.11.22",
    "rating": "10",
    "author": "beas****",
    "review_id": "1245528",
    "movie_id": "32670"
  },
  {
    "review": "음악과 함께한 바비 대런의 일생을 영화한..캐빈스테이시..",
    "date": "06.11.19",
    "rating": "9",
    "author": "pokt****",
    "review_id": "1241090",
    "movie_id": "32670"
  },
  {
    "review": "음악만으로도 볼건 다봤다",
    "date": "06.11.19",
    "rating": "9",
    "author": "kimj****",
    "review_id": "1240924",
    "movie_id": "32670"
  },
  {
    "review": "as long as singing my songs~",
    "date": "06.11.18",
    "rating": "10",
    "author": "skar****",
    "review_id": "1239119",
    "movie_id": "32670"
  },
  {
    "review": "너무 잼있다 좋은영화 memories likes a moonlight~~",
    "date": "06.11.18",
    "rating": "10",
    "author": "jsjs****",
    "review_id": "1238521",
    "movie_id": "32670"
  },
  {
    "review": "케빈스테이시의 끈질긴 열정으로 만들어진 감동적인 영화~",
    "date": "06.11.18",
    "rating": "10",
    "author": "tls7****",
    "review_id": "1238304",
    "movie_id": "32670"
  },
  {
    "review": "멋쪄용",
    "date": "06.11.18",
    "rating": "8",
    "author": "pret****",
    "review_id": "1238184",
    "movie_id": "32670"
  },
  {
    "review": "스페이시, 1시간 58분 동안 열심히 노래하고 춤췄노라",
    "date": "06.11.17",
    "rating": "8",
    "author": "fred****",
    "review_id": "1237259",
    "movie_id": "32670"
  },
  {
    "review": "장면마다 공감할수 없는 몸짓들 더 젊은사람을 캐스팅하지",
    "date": "06.11.17",
    "rating": "2",
    "author": "28ye****",
    "review_id": "1236359",
    "movie_id": "32670"
  },
  {
    "review": "그냥 뮤지컬 영화...",
    "date": "06.11.17",
    "rating": "7",
    "author": "egyp****",
    "review_id": "1236326",
    "movie_id": "32670"
  },
  {
    "review": "괜찮지. 이정도면^^",
    "date": "06.11.16",
    "rating": "8",
    "author": "uunn****",
    "review_id": "1235909",
    "movie_id": "32670"
  },
  {
    "review": "캐빈 스페이시의 매력을 유감없이 발산한 영화.",
    "date": "06.11.16",
    "rating": "8",
    "author": "bara****",
    "review_id": "1235409",
    "movie_id": "32670"
  },
  {
    "review": "보여주고 싶었던게 꽤나 많았나보군, 추천할만한 영화",
    "date": "06.11.13",
    "rating": "9",
    "author": "rees****",
    "review_id": "1231334",
    "movie_id": "32670"
  },
  {
    "review": "기대됨.",
    "date": "06.11.11",
    "rating": "10",
    "author": "dawj****",
    "review_id": "1227284",
    "movie_id": "32670"
  },
  {
    "review": "레이 (찰스) 이후 또하나의 수작",
    "date": "06.11.10",
    "rating": "9",
    "author": "cura****",
    "review_id": "1225106",
    "movie_id": "32670"
  },
  {
    "review": "음악은 좋았으나 내용이 약간 난해한 영화",
    "date": "06.11.07",
    "rating": "8",
    "author": "viol****",
    "review_id": "1220913",
    "movie_id": "32670"
  },
  {
    "review": "영화의내용이없다감정이없는영화음악을 2시간 동안 들은것 같다",
    "date": "06.11.02",
    "rating": "4",
    "author": "luvd****",
    "review_id": "1212195",
    "movie_id": "32670"
  },
  {
    "review": "뮤지컬을보는듯한영상과음악은볼만했다내용흡입력은미흡",
    "date": "06.11.02",
    "rating": "5",
    "author": "j_me****",
    "review_id": "1211920",
    "movie_id": "32670"
  },
  {
    "review": "내용을 잘 알수없었던...--+ 노래는 정말~ 환상적임..^^",
    "date": "06.11.02",
    "rating": "8",
    "author": "bbak****",
    "review_id": "1211654",
    "movie_id": "32670"
  },
  {
    "review": "약간 산만하긴했지만 음악에 푹 빠져 버릴수 밖에 없는 영화",
    "date": "06.11.02",
    "rating": "7",
    "author": "mail****",
    "review_id": "1211524",
    "movie_id": "32670"
  },
  {
    "review": "결혼을 한 부부들이 봐야할 영화라고 생각되네요",
    "date": "06.11.02",
    "rating": "8",
    "author": "kaca****",
    "review_id": "1211501",
    "movie_id": "32670"
  },
  {
    "review": "음악과 함께 한 영화, 최고!!",
    "date": "06.11.02",
    "rating": "8",
    "author": "mcdo****",
    "review_id": "1210963",
    "movie_id": "32670"
  },
  {
    "review": "음악에 완전히 빠져서 볼 수 있었던 영화. 쫌 산만하긴 하던데;;",
    "date": "06.10.29",
    "rating": "9",
    "author": "rigp****",
    "review_id": "1204710",
    "movie_id": "32670"
  },
  {
    "review": "정말음악에만취상태.보는내내가슴졸임.",
    "date": "06.10.29",
    "rating": "10",
    "author": "rlaw****",
    "review_id": "1204680",
    "movie_id": "32670"
  },
  {
    "review": "참 좋은 느낌. 가슴에 하나의 흐르는 음악으로 남은 영화",
    "date": "06.10.28",
    "rating": "9",
    "author": "crys****",
    "review_id": "1204172",
    "movie_id": "32670"
  },
  {
    "review": "마치 뮤지컬을 보는듯. 러닝타임 내내 흠뻑 취해있었다.",
    "date": "06.10.28",
    "rating": "8",
    "author": "whit****",
    "review_id": "1203412",
    "movie_id": "32670"
  },
  {
    "review": "영화보고 나서 ost 구입할려고 혈안되어 있음. 짱!!",
    "date": "06.10.27",
    "rating": "8",
    "author": "leeh****",
    "review_id": "1200720",
    "movie_id": "32670"
  },
  {
    "review": "시사회에서 보고 반해버린 영화였어요.",
    "date": "06.10.27",
    "rating": "9",
    "author": "jear****",
    "review_id": "1200705",
    "movie_id": "32670"
  },
  {
    "review": "음악이 아름다운 그리고 케빈스페이시의 열정이 좋았던 영화",
    "date": "06.10.25",
    "rating": "9",
    "author": "avel****",
    "review_id": "1199117",
    "movie_id": "32670"
  },
  {
    "review": "바비대런의 음악이 귀를 즐겁게하는 영화",
    "date": "06.10.24",
    "rating": "9",
    "author": "rich****",
    "review_id": "1197349",
    "movie_id": "32670"
  },
  {
    "review": "바비 다린의 열정적인 삶을 어느정도 느낄수 있어 좋았던 영화~",
    "date": "06.10.24",
    "rating": "9",
    "author": "hye5****",
    "review_id": "1197067",
    "movie_id": "32670"
  },
  {
    "review": "째즈를 위하여...",
    "date": "06.10.23",
    "rating": "10",
    "author": "seoj****",
    "review_id": "1196457",
    "movie_id": "32670"
  },
  {
    "review": "영화를 보고 재즈음악에 흥미가 생겼다.",
    "date": "06.10.21",
    "rating": "9",
    "author": "god9****",
    "review_id": "1192057",
    "movie_id": "32670"
  },
  {
    "review": "째즈음악에 심취할수 있어서 좋았당..",
    "date": "06.10.19",
    "rating": "9",
    "author": "ajfw****",
    "review_id": "1188024",
    "movie_id": "32670"
  },
  {
    "review": "시간과 장르를 넘나드는 멋진영화...",
    "date": "06.10.18",
    "rating": "9",
    "author": "witt****",
    "review_id": "1186968",
    "movie_id": "32670"
  },
  {
    "review": "음악과 영화..그리고 인생..괜찬았음",
    "date": "06.10.18",
    "rating": "7",
    "author": "jaux****",
    "review_id": "1186677",
    "movie_id": "32670"
  },
  {
    "review": "캐빈 스페이시.....연기뿐만 아니라 연출력도 굿!",
    "date": "06.10.13",
    "rating": "9",
    "author": "dhlt****",
    "review_id": "1178025",
    "movie_id": "32670"
  },
  {
    "review": "캐빈 스페이시의 영화에 대한 열정만은 박수받을만하다",
    "date": "06.10.11",
    "rating": "6",
    "author": "ky21****",
    "review_id": "1175697",
    "movie_id": "32670"
  },
  {
    "review": "볼거리가 참많네요 ^^",
    "date": "06.06.11",
    "rating": "10",
    "author": "babo****",
    "review_id": "840321",
    "movie_id": "32670"
  },
  {
    "review": "슢맨리턴에서 또 다시 만나는 스페이시, 케이트~",
    "date": "06.05.01",
    "rating": "10",
    "author": "leeh****",
    "review_id": "782784",
    "movie_id": "32670"
  },
  {
    "review": "멋진 연기,노래실력만큼이나 뛰어난 연출...케빈!완벽해요~",
    "date": "06.02.01",
    "rating": "10",
    "author": "leem****",
    "review_id": "638544",
    "movie_id": "32670"
  },
  {
    "review": "감독데뷔는 무난한듯",
    "date": "05.11.15",
    "rating": "6",
    "author": "cact****",
    "review_id": "474923",
    "movie_id": "32670"
  },
  {
    "review": "또다른 케빈스페이시~ 볼거리가 참많네요 ^^",
    "date": "05.09.26",
    "rating": "10",
    "author": "crom****",
    "review_id": "422722",
    "movie_id": "32670"
  },
  {
    "review": "정말 잘 봤어요 ! 최고 !",
    "date": "05.08.29",
    "rating": "10",
    "author": "blue****",
    "review_id": "388002",
    "movie_id": "32670"
  },
  {
    "review": "music is my life라고 외치는음악영화가 정말로 좋다..나는",
    "date": "05.08.29",
    "rating": "9",
    "author": "taeg****",
    "review_id": "387890",
    "movie_id": "32670"
  },
  {
    "review": "스페이시.. 연기도 감동 연출도 감동! 최고군",
    "date": "05.07.31",
    "rating": "10",
    "author": "inki****",
    "review_id": "344319",
    "movie_id": "32670"
  },
  {
    "review": "케빈스페이시의 또 다른 매력.. 귀가 즐거운 영화",
    "date": "05.07.17",
    "rating": "7",
    "author": "abag****",
    "review_id": "324308",
    "movie_id": "32670"
  },
  {
    "review": "최고다 케빈스페이시.. 귀가 찡해지는 영화..",
    "date": "05.07.14",
    "rating": "10",
    "author": "fina****",
    "review_id": "321696",
    "movie_id": "32670"
  },
  {
    "review": "케빈 스페이시의 매력을 맘껏 즐기세요..뮤지컬 영화입니다.",
    "date": "05.07.14",
    "rating": "9",
    "author": "tekk****",
    "review_id": "321637",
    "movie_id": "32670"
  }
]