[
  {
    "review": "너무높아",
    "date": "12.03.01",
    "rating": "1",
    "author": "smsh****",
    "review_id": "6114119",
    "movie_id": "32685"
  },
  {
    "review": "오늘 수업시간에 봤는디 짱이다 ㅋㅋ",
    "date": "11.06.22",
    "rating": "10",
    "author": "suo9****",
    "review_id": "5493738",
    "movie_id": "32685"
  },
  {
    "review": "정말 웃기고 재밌게 봤던 영화.",
    "date": "06.07.23",
    "rating": "9",
    "author": "sbrl****",
    "review_id": "916026",
    "movie_id": "32685"
  },
  {
    "review": "태국이란나라에서만가능한실화의영화..잼있었다.",
    "date": "06.01.09",
    "rating": "10",
    "author": "tbvj****",
    "review_id": "573177",
    "movie_id": "32685"
  },
  {
    "review": "유쾌한 영화. 그러면서도 게이를 포용하는 과정을 진지하게 담아냈다.",
    "date": "04.11.23",
    "rating": "8",
    "author": "0174****",
    "review_id": "150826",
    "movie_id": "32685"
  },
  {
    "review": "난 상당히 재미있게 봤는데~ 어러 언니들.. 원츄....",
    "date": "04.05.17",
    "rating": "10",
    "author": "bast****",
    "review_id": "43638",
    "movie_id": "32685"
  }
]