[
  {
    "review": "추억속 최고의 미드!!!",
    "date": "15.03.05",
    "rating": "10",
    "author": "shin****",
    "review_id": "9757842",
    "movie_id": "32689"
  },
  {
    "review": "심심한 에피소드들까지도 전설이 돼어버린 미드....",
    "date": "14.12.19",
    "rating": "10",
    "author": "kara****",
    "review_id": "9488635",
    "movie_id": "32689"
  },
  {
    "review": "간간히 괜찮은 에피소드들이 있다",
    "date": "14.05.08",
    "rating": "5",
    "author": "cont****",
    "review_id": "8716881",
    "movie_id": "32689"
  },
  {
    "review": "각각의 환상의 세계로 안내하는 4개의 에피소드 옛날 작품이지만 나름 신선했다",
    "date": "12.11.12",
    "rating": "7",
    "author": "mi86****",
    "review_id": "6880894",
    "movie_id": "32689"
  },
  {
    "review": "환상 그 이상의 무언가가 먼 옛날의 꿈처럼 다가온다.",
    "date": "12.04.24",
    "rating": "9",
    "author": "kos4****",
    "review_id": "6243838",
    "movie_id": "32689"
  },
  {
    "review": "ⓒⓞⓞⓛ",
    "date": "12.02.11",
    "rating": "10",
    "author": "dhkq****",
    "review_id": "6066949",
    "movie_id": "32689"
  },
  {
    "review": "어렸을때 본 기억이나는데 아직도 기억이남!! 작가들 정말 대단함..!!!",
    "date": "11.08.21",
    "rating": "10",
    "author": "wprk****",
    "review_id": "5676925",
    "movie_id": "32689"
  },
  {
    "review": "g",
    "date": "11.08.20",
    "rating": "10",
    "author": "smgk****",
    "review_id": "5673231",
    "movie_id": "32689"
  },
  {
    "review": "그냥 보면 안다. 작가는 스티븐 킹을 능가하는 천재라 생각한다.",
    "date": "11.05.29",
    "rating": "10",
    "author": "kpsy****",
    "review_id": "5454482",
    "movie_id": "32689"
  },
  {
    "review": "다 필요없고 자막이나 어떻게 해봐요",
    "date": "10.05.06",
    "rating": "10",
    "author": "sai8****",
    "review_id": "4482260",
    "movie_id": "32689"
  },
  {
    "review": "매회마다 이어지는 기이한 이야기와 영상들이 마음을 사로잡았다",
    "date": "10.03.08",
    "rating": "8",
    "author": "mygr****",
    "review_id": "4342659",
    "movie_id": "32689"
  },
  {
    "review": "최고의 임팩트였다.",
    "date": "09.07.15",
    "rating": "10",
    "author": "kyki****",
    "review_id": "3635302",
    "movie_id": "32689"
  },
  {
    "review": "생각난다 먹어도 먹어도 배가 부르지 않아 결국 죽음에 이르는 초자연현상",
    "date": "09.06.28",
    "rating": "10",
    "author": "cock****",
    "review_id": "3597828",
    "movie_id": "32689"
  },
  {
    "review": "이보다 더 환상적일수 없다.",
    "date": "08.12.05",
    "rating": "8",
    "author": "baks****",
    "review_id": "3092790",
    "movie_id": "32689"
  },
  {
    "review": "나에게 충격을 준 시리즈물...잊을 수 없다...밑의분말씀대로 100점짜리 시리즈물",
    "date": "08.12.05",
    "rating": "10",
    "author": "thra****",
    "review_id": "3091441",
    "movie_id": "32689"
  },
  {
    "review": "다시 보고싶어요. 심야라도 좋으니 케이블이라도 좋으니 다시 한번만!!",
    "date": "08.05.19",
    "rating": "10",
    "author": "oun2****",
    "review_id": "2652116",
    "movie_id": "32689"
  },
  {
    "review": "매 회마다 안겨주는 충격을 받다보면 자기도 모르게 10점 찍고만다.",
    "date": "08.02.26",
    "rating": "10",
    "author": "stra****",
    "review_id": "2483322",
    "movie_id": "32689"
  },
  {
    "review": "오프닝화면이 아직 생생하다! 다시 보고싶다!",
    "date": "07.11.27",
    "rating": "10",
    "author": "radi****",
    "review_id": "2187619",
    "movie_id": "32689"
  },
  {
    "review": "다시봐도 좋았음 그당시엔 꽤 무서웠는데 ..",
    "date": "07.09.17",
    "rating": "8",
    "author": "jtso****",
    "review_id": "2026642",
    "movie_id": "32689"
  },
  {
    "review": "말이 필요없다 최고의 작품",
    "date": "07.08.21",
    "rating": "10",
    "author": "deff****",
    "review_id": "1966917",
    "movie_id": "32689"
  },
  {
    "review": "환상속에 있어 다가 설수 없는 나에게 무언가를 보여준 최고의 거시기",
    "date": "07.08.13",
    "rating": "10",
    "author": "liji****",
    "review_id": "1931987",
    "movie_id": "32689"
  },
  {
    "review": "환상 속에 갇히고 싶은 욕망을 불어일켜 줬던 작품..",
    "date": "07.04.10",
    "rating": "10",
    "author": "dnjs****",
    "review_id": "1582550",
    "movie_id": "32689"
  },
  {
    "review": "몇몇 작품은 지금도 생생하게 기억날 정도로 인상적이었다",
    "date": "07.04.08",
    "rating": "10",
    "author": "nala****",
    "review_id": "1579465",
    "movie_id": "32689"
  },
  {
    "review": "누구나 한번쯤 해봄직한 상상속의 일들을 공감해보는 즐거움 만끽",
    "date": "07.03.29",
    "rating": "9",
    "author": "seun****",
    "review_id": "1561319",
    "movie_id": "32689"
  },
  {
    "review": "100점!!",
    "date": "07.03.10",
    "rating": "10",
    "author": "mmma****",
    "review_id": "1528028",
    "movie_id": "32689"
  },
  {
    "review": "말 그대로 환상이다",
    "date": "07.01.25",
    "rating": "8",
    "author": "ppp0****",
    "review_id": "1412418",
    "movie_id": "32689"
  },
  {
    "review": "정말 환상적이다",
    "date": "05.12.26",
    "rating": "10",
    "author": "kws7****",
    "review_id": "530425",
    "movie_id": "32689"
  },
  {
    "review": "뚜루뚜루 뚜루뚜루 오프닝 노래가 머리속에 맴도는 ..",
    "date": "05.12.05",
    "rating": "10",
    "author": "wnsk****",
    "review_id": "494693",
    "movie_id": "32689"
  },
  {
    "review": "다시 보고 싶다.",
    "date": "05.06.06",
    "rating": "10",
    "author": "fant****",
    "review_id": "294223",
    "movie_id": "32689"
  },
  {
    "review": "호올~앤딩이 은근히 무섭게 끝났던 그거 맞죠?잼났었는데",
    "date": "05.04.05",
    "rating": "8",
    "author": "pjyl****",
    "review_id": "254220",
    "movie_id": "32689"
  },
  {
    "review": "환상단편소설을 줄줄이 읽는 느낌. 정말 다시 보고 싶은 시리즈",
    "date": "05.02.04",
    "rating": "10",
    "author": "kimj****",
    "review_id": "206314",
    "movie_id": "32689"
  },
  {
    "review": "아이디어가 대단하다는...",
    "date": "04.12.22",
    "rating": "10",
    "author": "juns****",
    "review_id": "166928",
    "movie_id": "32689"
  },
  {
    "review": "정말 환상적인 이야기들... 다시 보고 싶어요!!!!!!!!",
    "date": "04.07.07",
    "rating": "10",
    "author": "gchr****",
    "review_id": "66508",
    "movie_id": "32689"
  }
]