[
  {
    "review": "뻔뻔하고 무식한 막장 코미디가 때론 완전 재밌게 느껴진다.",
    "date": "10.08.23",
    "rating": "10",
    "author": "lksh****",
    "review_id": "4784269",
    "movie_id": "32694"
  },
  {
    "review": "패러디 공포 영화의 어설픈 아류작. 너무 뻔뻔하게 베껴서 높은 점수 주고 싶음.",
    "date": "10.05.26",
    "rating": "7",
    "author": "stit****",
    "review_id": "4524493",
    "movie_id": "32694"
  },
  {
    "review": "무서운 영화를 너무 의식한 나머지 과장된 오바로 영화를 다 망쳐놨음...",
    "date": "10.04.16",
    "rating": "4",
    "author": "chjc****",
    "review_id": "4435837",
    "movie_id": "32694"
  },
  {
    "review": "무서운 영화를 식상하게 베낀 전형적인 C급 영화 전부 억지개그라 하나도 안웃김",
    "date": "09.07.17",
    "rating": "2",
    "author": "flnl****",
    "review_id": "3641881",
    "movie_id": "32694"
  },
  {
    "review": "기본 두뇌가 없는 학생들만 다니는 고등학교를 소재로 한 이상한 패러디 영화",
    "date": "08.08.30",
    "rating": "10",
    "author": "ajtw****",
    "review_id": "2911180",
    "movie_id": "32694"
  },
  {
    "review": "①저예산영화냐?왜케돈아꼈어②글못읽는거진짜웃기더라ㅋ③무서운영화랑진찌비슷해",
    "date": "08.07.03",
    "rating": "3",
    "author": "elfm****",
    "review_id": "2737196",
    "movie_id": "32694"
  },
  {
    "review": "보여주기에만 급급한 한심하고 무식한 패러디.",
    "date": "08.03.29",
    "rating": "2",
    "author": "skat****",
    "review_id": "2547086",
    "movie_id": "32694"
  },
  {
    "review": "무서운영화시리즈에 밀린 공포 패러디물.",
    "date": "08.01.20",
    "rating": "4",
    "author": "aqzz****",
    "review_id": "2351217",
    "movie_id": "32694"
  },
  {
    "review": "볼만..ㅋ",
    "date": "07.11.25",
    "rating": "7",
    "author": "klov****",
    "review_id": "2181680",
    "movie_id": "32694"
  },
  {
    "review": "이런건 그냥 웃고 넘기자, 그래도 재밌다",
    "date": "07.11.11",
    "rating": "6",
    "author": "pksj****",
    "review_id": "2145952",
    "movie_id": "32694"
  },
  {
    "review": "그때당시엔 봐줄만한 영화... 하지만 지금보면 관객들 조롱하는...",
    "date": "07.08.11",
    "rating": "6",
    "author": "vict****",
    "review_id": "1919219",
    "movie_id": "32694"
  },
  {
    "review": "허섭OOO같은 내용+지루함",
    "date": "07.01.18",
    "rating": "1",
    "author": "love****",
    "review_id": "1395000",
    "movie_id": "32694"
  },
  {
    "review": "쿨리오가 나온다기에 봤다",
    "date": "06.10.19",
    "rating": "6",
    "author": "ghos****",
    "review_id": "1188412",
    "movie_id": "32694"
  },
  {
    "review": "짜증나...",
    "date": "06.08.15",
    "rating": "3",
    "author": "sean****",
    "review_id": "1036721",
    "movie_id": "32694"
  },
  {
    "review": "무서운 영화 쳐 따라하기",
    "date": "06.08.13",
    "rating": "3",
    "author": "zmgm****",
    "review_id": "1016448",
    "movie_id": "32694"
  },
  {
    "review": "만든의도가 뭔지",
    "date": "06.08.04",
    "rating": "10",
    "author": "zeed****",
    "review_id": "965247",
    "movie_id": "32694"
  },
  {
    "review": "말이 안나오는군",
    "date": "05.12.26",
    "rating": "1",
    "author": "kws7****",
    "review_id": "529740",
    "movie_id": "32694"
  },
  {
    "review": "gg",
    "date": "05.12.04",
    "rating": "10",
    "author": "jung****",
    "review_id": "493595",
    "movie_id": "32694"
  },
  {
    "review": "gg",
    "date": "05.09.19",
    "rating": "10",
    "author": "kjw9****",
    "review_id": "412290",
    "movie_id": "32694"
  },
  {
    "review": "gg",
    "date": "04.08.31",
    "rating": "10",
    "author": "qufw****",
    "review_id": "100226",
    "movie_id": "32694"
  }
]