[
  {
    "review": "로드설링 당신이 있었기에 추억을 만들어 주셔서 감사합니다",
    "date": "14.02.07",
    "rating": "10",
    "author": "jjor****",
    "review_id": "8483390",
    "movie_id": "32690"
  },
  {
    "review": "레전드",
    "date": "11.06.27",
    "rating": "10",
    "author": "mmma****",
    "review_id": "5503540",
    "movie_id": "32690"
  },
  {
    "review": "어떻게 이게 평점이 없을 수가... 로드 설링은 천재임용",
    "date": "11.05.28",
    "rating": "10",
    "author": "who_****",
    "review_id": "5452704",
    "movie_id": "32690"
  }
]