[
  {
    "review": "흥미를 일으키는 기발한 소재들.",
    "date": "15.08.08",
    "rating": "7",
    "author": "tear****",
    "review_id": "10204107",
    "movie_id": "32702"
  },
  {
    "review": "키이라 노출 있다고 해서 보게된건데, 재밌게봤음.반전이 없다는게 반전이라 생각되게 만드는 영화.",
    "date": "15.06.07",
    "rating": "7",
    "author": "tjrg****",
    "review_id": "9981823",
    "movie_id": "32702"
  },
  {
    "review": "완전범죄가 참 쉽네...",
    "date": "15.05.19",
    "rating": "3",
    "author": "tian****",
    "review_id": "9930739",
    "movie_id": "32702"
  },
  {
    "review": "평점 그만 지우라고 네이버 영화담당자 진짜 제정신인가 의심스럽네 평점 그만지워라.",
    "date": "15.04.26",
    "rating": "4",
    "author": "a12c****",
    "review_id": "9870805",
    "movie_id": "32702"
  },
  {
    "review": "재미있게 봤다 키이라 보려고 본 영화",
    "date": "15.03.31",
    "rating": "7",
    "author": "come****",
    "review_id": "9817735",
    "movie_id": "32702"
  },
  {
    "review": "사악한 여자란 어떤건지 잘보여준다.",
    "date": "15.01.28",
    "rating": "5",
    "author": "adiv****",
    "review_id": "9644041",
    "movie_id": "32702"
  },
  {
    "review": "여주의 악랄함은 잘표현했지만 너무지루하고 진부하다그냥그런 찝찝함이 남는영화",
    "date": "14.10.26",
    "rating": "6",
    "author": "gusc****",
    "review_id": "9320900",
    "movie_id": "32702"
  },
  {
    "review": "단순한 이야기를 장황하게 풀어가는 어설픈 구성 방식",
    "date": "14.10.10",
    "rating": "2",
    "author": "goms****",
    "review_id": "9280905",
    "movie_id": "32702"
  },
  {
    "review": "기냥 머 그렇게 볼만하진 않고 보는데 어떻게 될지 내내 궁금하긴함",
    "date": "14.08.12",
    "rating": "6",
    "author": "zhde****",
    "review_id": "9071337",
    "movie_id": "32702"
  },
  {
    "review": "이정도면 수작인데.. 10점까진 아니지만 평점좀 높이려고 10점줌",
    "date": "14.08.08",
    "rating": "10",
    "author": "hch2****",
    "review_id": "9049915",
    "movie_id": "32702"
  },
  {
    "review": "독특한 소재를 잘 살려나가는게 쉬운일이 아니건만 영리하게 이야기를 풀어낸 영화",
    "date": "14.06.29",
    "rating": "9",
    "author": "cult****",
    "review_id": "8866428",
    "movie_id": "32702"
  },
  {
    "review": "초반은 좋았으나...점점 짜증나는 여주인공....",
    "date": "14.06.26",
    "rating": "6",
    "author": "kaga****",
    "review_id": "8858064",
    "movie_id": "32702"
  },
  {
    "review": "스토리 전개나 설정은 텔 미 썸씽과 비슷. 문제는 주인공년 리즈와 결말 때문에 짜증 게이지와 전투력 게이지 폭발한다는 것. 어쨌든 키이라 나이틀리 보는 재미도 있음.",
    "date": "14.04.30",
    "rating": "6",
    "author": "jjaj****",
    "review_id": "8683162",
    "movie_id": "32702"
  },
  {
    "review": "여주인공은 끝까지 짜증나고, 영화 속 사건의 동기는 어이없으며, 캐릭터 행동은 멍청하다.",
    "date": "14.03.16",
    "rating": "4",
    "author": "zxc1****",
    "review_id": "8583012",
    "movie_id": "32702"
  },
  {
    "review": "지금봐도 괜찮은 영화같아 감독작품을 찾아보려고 했는데...작품이 별로 없네요~",
    "date": "14.01.26",
    "rating": "7",
    "author": "kyt0****",
    "review_id": "8427766",
    "movie_id": "32702"
  },
  {
    "review": "재밌게 잘 보았습니다.",
    "date": "14.01.18",
    "rating": "7",
    "author": "jin1****",
    "review_id": "8395771",
    "movie_id": "32702"
  },
  {
    "review": "님들아 죄송한데 이영화 어디서 다운받나요.. 구글에서 토렌트도 안되고..",
    "date": "13.10.04",
    "rating": "9",
    "author": "kis0****",
    "review_id": "8034473",
    "movie_id": "32702"
  },
  {
    "review": "봤는데오래되서다시봄기억에남는영화 사랑을구걸하면서까지얻을려고하나 이해가안감재밌음",
    "date": "13.07.19",
    "rating": "10",
    "author": "swee****",
    "review_id": "7763160",
    "movie_id": "32702"
  },
  {
    "review": "영화를 풀어나가는 재미가 있다",
    "date": "13.07.15",
    "rating": "7",
    "author": "yong****",
    "review_id": "7745671",
    "movie_id": "32702"
  },
  {
    "review": "연관영화정보들 어떻게좀 해. 반전을 까발려서 어쩌자고.",
    "date": "13.04.23",
    "rating": "6",
    "author": "oomm****",
    "review_id": "7476268",
    "movie_id": "32702"
  },
  {
    "review": "자연스럽지 않고 툭툭 끊기는 연출과 인물들 설정이 작위적인것 빼고는 처음부터 궁금증이 쭉 이어진다 스릴이 넘치고 내내 긴장되고 그런건 아니고 예측도 가능하지만 무난하게 볼만한 영화다 오랜만에 이토록 혐오스러운 주인공을 만났다",
    "date": "13.03.23",
    "rating": "7",
    "author": "whee****",
    "review_id": "7398025",
    "movie_id": "32702"
  },
  {
    "review": "중반까지는 참 좋았는데 뒤로 갈수록 아쉬움이 남았다.",
    "date": "12.12.24",
    "rating": "7",
    "author": "beau****",
    "review_id": "7038836",
    "movie_id": "32702"
  },
  {
    "review": "그저 그런 영화",
    "date": "12.11.23",
    "rating": "6",
    "author": "supe****",
    "review_id": "6915756",
    "movie_id": "32702"
  },
  {
    "review": "그넘에 사랑,,,,,,,,,,",
    "date": "12.11.06",
    "rating": "7",
    "author": "real****",
    "review_id": "6860790",
    "movie_id": "32702"
  },
  {
    "review": "보고나서 재수없는 영화 기분만 더럽다",
    "date": "12.11.04",
    "rating": "1",
    "author": "idol****",
    "review_id": "6855260",
    "movie_id": "32702"
  },
  {
    "review": "별로다",
    "date": "12.08.06",
    "rating": "5",
    "author": "sizk****",
    "review_id": "6577326",
    "movie_id": "32702"
  },
  {
    "review": "10여년전 비디오테이프로 빌려다가 본 후 그 느낌이 아직까지 살아있는 영화..현재는 그렇지만 당시에는 참 기발한 스토리였음",
    "date": "12.08.06",
    "rating": "10",
    "author": "purp****",
    "review_id": "6577126",
    "movie_id": "32702"
  },
  {
    "review": "약간 예측가능한 여주 캐릭터였지만 전체적으로 나쁘지 않았음.",
    "date": "12.07.09",
    "rating": "6",
    "author": "rach****",
    "review_id": "6463313",
    "movie_id": "32702"
  },
  {
    "review": "미져리의 심 해석을 본 느낌",
    "date": "12.05.10",
    "rating": "10",
    "author": "mey4****",
    "review_id": "6287872",
    "movie_id": "32702"
  },
  {
    "review": "하..초반엔 몰입도 긴장감. 후반에는 정말 쓰레기 정말 초딩이 만든 시나리오",
    "date": "12.03.13",
    "rating": "6",
    "author": "to_r****",
    "review_id": "6140949",
    "movie_id": "32702"
  },
  {
    "review": "호기심을 부르는 연출은 좋았으나 끝이 허무하다",
    "date": "12.02.17",
    "rating": "6",
    "author": "wjdg****",
    "review_id": "6083208",
    "movie_id": "32702"
  },
  {
    "review": "'러브드원스'보다 무서운년;;짱나서 평점많이못주겟음ㅋㅋ",
    "date": "12.01.23",
    "rating": "7",
    "author": "ejje****",
    "review_id": "6012529",
    "movie_id": "32702"
  },
  {
    "review": "진짜 잘만든 공포스릴러 영화 10년이 지나도 제목이 기억나는 몇안돼는 공포영화다",
    "date": "11.11.24",
    "rating": "10",
    "author": "memh****",
    "review_id": "5867837",
    "movie_id": "32702"
  },
  {
    "review": "억지스러운 구성과 다소 지루한 연출",
    "date": "11.08.07",
    "rating": "4",
    "author": "olll****",
    "review_id": "5616351",
    "movie_id": "32702"
  },
  {
    "review": "훌륭했어",
    "date": "11.08.02",
    "rating": "10",
    "author": "war3****",
    "review_id": "5591274",
    "movie_id": "32702"
  },
  {
    "review": "tv에서 해주길래 봤는데 오늘 글쎄 잼있나? 이게.. 너무평범한데.. 지루하고",
    "date": "11.04.20",
    "rating": "5",
    "author": "woor****",
    "review_id": "5383806",
    "movie_id": "32702"
  },
  {
    "review": "어렸을적 굉장히 손에 땀을쥐며 흥미진진하게 봤던 아련한 기억이 있다.",
    "date": "11.04.01",
    "rating": "7",
    "author": "rock****",
    "review_id": "5346929",
    "movie_id": "32702"
  },
  {
    "review": "재미는 있는데 끝이 너무 재수없다.......",
    "date": "11.02.28",
    "rating": "9",
    "author": "like****",
    "review_id": "5281972",
    "movie_id": "32702"
  },
  {
    "review": "신개념 미저리?! 탄탄한 구성, 어두운 홀, 더욱 긴장감을 넘치게 하는 스릴러!!!!",
    "date": "11.02.14",
    "rating": "10",
    "author": "bamg****",
    "review_id": "5243200",
    "movie_id": "32702"
  },
  {
    "review": "뭔가요..이 미적지근한 스토리 진행과 결말은 -_-",
    "date": "11.02.12",
    "rating": "6",
    "author": "yama****",
    "review_id": "5237243",
    "movie_id": "32702"
  },
  {
    "review": "어릴때본건데..어딘가에 오래 갇히게되면 저런 상황이 생길수 있겠구나 싶었죠",
    "date": "11.01.30",
    "rating": "7",
    "author": "iixo****",
    "review_id": "5197078",
    "movie_id": "32702"
  },
  {
    "review": "키이나 나이틀리 슴가씬만 기억에 남는다",
    "date": "11.01.26",
    "rating": "6",
    "author": "ljww****",
    "review_id": "5185897",
    "movie_id": "32702"
  },
  {
    "review": "사랑에 미친 여자의 끝을 보여주는 영화, 그여자도 무섭고 연기력도 섬뜩",
    "date": "10.12.27",
    "rating": "10",
    "author": "okan****",
    "review_id": "5092277",
    "movie_id": "32702"
  },
  {
    "review": "이영화를 본 소감으로.. 재미는 있으나 상당히 섬뜩하고 찝찝합니다.",
    "date": "10.12.19",
    "rating": "8",
    "author": "fanc****",
    "review_id": "5066960",
    "movie_id": "32702"
  },
  {
    "review": "미스테리와 극한 상황에서의 심리가 잘 얽힌 스릴러. 도라 버치를 주목하라",
    "date": "10.10.22",
    "rating": "7",
    "author": "gall****",
    "review_id": "4916058",
    "movie_id": "32702"
  },
  {
    "review": "기대를 너무많이했네 아 리즈짜증나ㅅㅂ",
    "date": "10.10.15",
    "rating": "3",
    "author": "rngk****",
    "review_id": "4903353",
    "movie_id": "32702"
  },
  {
    "review": "쩜",
    "date": "10.09.22",
    "rating": "10",
    "author": "zlz8****",
    "review_id": "4858596",
    "movie_id": "32702"
  },
  {
    "review": "참내.살다살다 이런 스릴러는 처음보네요. 반전? ㅋㅋ반전이 없는게 반전인가? ㅋㅋ",
    "date": "10.09.17",
    "rating": "1",
    "author": "your****",
    "review_id": "4843166",
    "movie_id": "32702"
  },
  {
    "review": "심리표현은 어땠을지 몰라도 분위기만큼은 상당히 잘 표현해낸 수작",
    "date": "10.09.17",
    "rating": "8",
    "author": "ejia****",
    "review_id": "4842043",
    "movie_id": "32702"
  },
  {
    "review": "지루함을 이겨낸 용자에게 굉장함을 선물로 줌.",
    "date": "10.09.08",
    "rating": "10",
    "author": "rude****",
    "review_id": "4823469",
    "movie_id": "32702"
  },
  {
    "review": "한번쯤은 볼만한 영화인것 같네요. 주인공 표정연기가 제법 괜찮은듯",
    "date": "10.08.29",
    "rating": "10",
    "author": "kung****",
    "review_id": "4802760",
    "movie_id": "32702"
  },
  {
    "review": "마지막 장면, 리즈의 표정이 잊혀지지가 않는다. 영화라서 다행이다 싶다.",
    "date": "10.08.14",
    "rating": "10",
    "author": "wlwp****",
    "review_id": "4747717",
    "movie_id": "32702"
  },
  {
    "review": "자신이 이해력이 좀 딸린다면 포인트 아끼세요.",
    "date": "10.08.09",
    "rating": "10",
    "author": "lhbl****",
    "review_id": "4726950",
    "movie_id": "32702"
  },
  {
    "review": "넘시시했다 기대이하였음",
    "date": "10.08.06",
    "rating": "2",
    "author": "fffi****",
    "review_id": "4713897",
    "movie_id": "32702"
  },
  {
    "review": "꽤 잘 만들어진 반전영화",
    "date": "10.07.24",
    "rating": "8",
    "author": "ccpk****",
    "review_id": "4666516",
    "movie_id": "32702"
  },
  {
    "review": "청춘 반전물",
    "date": "10.07.24",
    "rating": "8",
    "author": "rame****",
    "review_id": "4666513",
    "movie_id": "32702"
  },
  {
    "review": "순진녀와 악녀 사이를 왔다갔다 하는 여주인공의 연기력 볼만함",
    "date": "10.07.24",
    "rating": "8",
    "author": "kpcc****",
    "review_id": "4666512",
    "movie_id": "32702"
  },
  {
    "review": "2002년도때봤을때지루했는데지금다시보니괜찮네요~",
    "date": "10.06.23",
    "rating": "8",
    "author": "tnst****",
    "review_id": "4587012",
    "movie_id": "32702"
  },
  {
    "review": "시간낭비..스릴..뭔스릴이야이게 ..ㅋㅋㅋ완전쓔1레기",
    "date": "10.06.16",
    "rating": "1",
    "author": "qjmb****",
    "review_id": "4570050",
    "movie_id": "32702"
  },
  {
    "review": "못생기고...거짓말도 잘하고...최악이다...여자들은 믿을게 못돼",
    "date": "10.06.09",
    "rating": "6",
    "author": "cele****",
    "review_id": "4555058",
    "movie_id": "32702"
  },
  {
    "review": "여주인공 인터뷰할때 지루해죽는줄알았음 ㅡㅡ 그냥저냥 킬링타임용 스릴러",
    "date": "10.05.25",
    "rating": "3",
    "author": "jtna****",
    "review_id": "4523923",
    "movie_id": "32702"
  },
  {
    "review": "도라버치는 이런 역할이 참 잘 어울리는 듯 그리고 배경음악이 참 은근히 좋음",
    "date": "10.05.22",
    "rating": "8",
    "author": "yena****",
    "review_id": "4517122",
    "movie_id": "32702"
  },
  {
    "review": "고놈에 콜라가뭔지.....사랑이뭔지.....",
    "date": "10.04.26",
    "rating": "7",
    "author": "dltl****",
    "review_id": "4458442",
    "movie_id": "32702"
  },
  {
    "review": "아 존나재밌엌ㅋㅋㅋㅋㅋㅋㅋㅋㅋㅋㅋㅋㅋㅋㅋㅋㅋㅋㅋ",
    "date": "10.04.17",
    "rating": "10",
    "author": "mrk2****",
    "review_id": "4439439",
    "movie_id": "32702"
  },
  {
    "review": "반전은아니고ㅋ정말싸이코틱한주인공이지만 왠지 주위에 한두명있을꺼같은 그런여자",
    "date": "10.04.04",
    "rating": "8",
    "author": "fraj****",
    "review_id": "4410475",
    "movie_id": "32702"
  },
  {
    "review": "현실적이고 재밌고 배경음도 좋고 넘 매력있는 영화",
    "date": "10.03.28",
    "rating": "10",
    "author": "miss****",
    "review_id": "4392602",
    "movie_id": "32702"
  },
  {
    "review": "볼만한데 기분이 드럽다 왠만하면 보지말길",
    "date": "10.03.11",
    "rating": "3",
    "author": "arti****",
    "review_id": "4349434",
    "movie_id": "32702"
  },
  {
    "review": "네티즌 리뷰까지 쓰게 만든 영화.",
    "date": "10.02.21",
    "rating": "1",
    "author": "devs****",
    "review_id": "4306926",
    "movie_id": "32702"
  },
  {
    "review": "아 이 스릴러 재밌게 본 기억이 난다 ㅎㅎ 기분 나쁘긴 해도 재밌음 ㅎㅎ",
    "date": "10.02.21",
    "rating": "7",
    "author": "skrt****",
    "review_id": "4306638",
    "movie_id": "32702"
  },
  {
    "review": "극한 상황에 처한 인간의 심리, 볼만한데? 폐쇄영화 10억, 마인드헌터보단 나음",
    "date": "10.02.18",
    "rating": "8",
    "author": "rwz4****",
    "review_id": "4297143",
    "movie_id": "32702"
  },
  {
    "review": "조금은 억지스러운 구성",
    "date": "10.02.03",
    "rating": "7",
    "author": "ljh7****",
    "review_id": "4241860",
    "movie_id": "32702"
  },
  {
    "review": "고립에 대한 탐구~",
    "date": "09.12.27",
    "rating": "6",
    "author": "kore****",
    "review_id": "4091447",
    "movie_id": "32702"
  },
  {
    "review": "스릴러치고는 너무나 친절한 영화",
    "date": "09.12.10",
    "rating": "6",
    "author": "skat****",
    "review_id": "4032050",
    "movie_id": "32702"
  },
  {
    "review": "아나 이런 네이버 OOO  그냥 싸이코영화다",
    "date": "09.12.08",
    "rating": "1",
    "author": "lodi****",
    "review_id": "4028984",
    "movie_id": "32702"
  },
  {
    "review": "솔직히 재밌긴한데 미친 여자주인공년 죽여버리고싶어 나 그날 잠도못잤다 괜히봤음",
    "date": "09.12.06",
    "rating": "8",
    "author": "semi****",
    "review_id": "4019959",
    "movie_id": "32702"
  },
  {
    "review": "삐뚤어진 사랑이 만든 참극.개인적으로는 상당히 재미있었다.",
    "date": "09.12.03",
    "rating": "8",
    "author": "ryeo****",
    "review_id": "4011603",
    "movie_id": "32702"
  },
  {
    "review": "이런 개 완전 초 짜증나게 하는 영화 아놔 네이버 개알바들이냐",
    "date": "09.11.22",
    "rating": "1",
    "author": "misu****",
    "review_id": "3982877",
    "movie_id": "32702"
  },
  {
    "review": "열쇠...",
    "date": "09.11.22",
    "rating": "5",
    "author": "hugs****",
    "review_id": "3981948",
    "movie_id": "32702"
  },
  {
    "review": "이게뭐야... 아니 그래서 어쩌라는겨~ 별 시덥잖은 내용이구만~",
    "date": "09.11.18",
    "rating": "3",
    "author": "tott****",
    "review_id": "3973553",
    "movie_id": "32702"
  },
  {
    "review": "영화자체는 잘 만든것 같으나. 개인적 취향문제로(토나옴) 점수깍았다",
    "date": "09.11.14",
    "rating": "5",
    "author": "choo****",
    "review_id": "3960522",
    "movie_id": "32702"
  },
  {
    "review": "짝사랑이 키워낸 악마의 실체를 보여준다",
    "date": "09.11.07",
    "rating": "4",
    "author": "sfor****",
    "review_id": "3941789",
    "movie_id": "32702"
  },
  {
    "review": "주인공여자범인 영화다봤지 OO새기들아 졸라재미없네 씨발진짜 ㅡㅡ 아오 내돈",
    "date": "09.10.30",
    "rating": "1",
    "author": "yerb****",
    "review_id": "3925287",
    "movie_id": "32702"
  },
  {
    "review": "보면서 언제끝나나 라는 말이 계속 맴돌게 되네. 사실 중간에 벌써 결말이 나왔건만;",
    "date": "09.10.18",
    "rating": "4",
    "author": "jiyu****",
    "review_id": "3899343",
    "movie_id": "32702"
  },
  {
    "review": "뭔가 부족한 듯 싶지만 그래도 볼만함.. 여주인공 ㄷㄷ",
    "date": "09.10.17",
    "rating": "8",
    "author": "yooj****",
    "review_id": "3897086",
    "movie_id": "32702"
  },
  {
    "review": "역시 네이버 평점은 믿을 게 못됩니다.",
    "date": "09.10.04",
    "rating": "9",
    "author": "drea****",
    "review_id": "3870136",
    "movie_id": "32702"
  },
  {
    "review": "2009년 국가대표 보다는 나은거 같은데? 두번째봐도 괜찮네.",
    "date": "09.09.18",
    "rating": "8",
    "author": "kiss****",
    "review_id": "3836955",
    "movie_id": "32702"
  },
  {
    "review": "미저리 번외편도아니고 별거아닌내용으로 시간만 엄청끄는영화",
    "date": "09.08.31",
    "rating": "4",
    "author": "sma4****",
    "review_id": "3803209",
    "movie_id": "32702"
  },
  {
    "review": "머..그런대로 볼만하네..역쉬~기집애들은 무서워 -,.-:;",
    "date": "09.08.26",
    "rating": "10",
    "author": "kwon****",
    "review_id": "3789353",
    "movie_id": "32702"
  },
  {
    "review": "영화다보니 답답한느낌만드네여-0-",
    "date": "09.08.23",
    "rating": "5",
    "author": "mpg2****",
    "review_id": "3779420",
    "movie_id": "32702"
  },
  {
    "review": "보고 나면 찝찝한 영화..",
    "date": "09.08.17",
    "rating": "8",
    "author": "jbc1****",
    "review_id": "3760198",
    "movie_id": "32702"
  },
  {
    "review": "자기애도 없는 여주인공",
    "date": "09.08.10",
    "rating": "6",
    "author": "flam****",
    "review_id": "3733656",
    "movie_id": "32702"
  },
  {
    "review": "단순한 범인 맞추기 영화로 생각하면 오산--\" 괜찮은 영화..",
    "date": "09.07.31",
    "rating": "8",
    "author": "idcm****",
    "review_id": "3689442",
    "movie_id": "32702"
  },
  {
    "review": "난 피해자에요... ㅈㄹ 혼자 담배 필 때부터 알아봤다.",
    "date": "09.07.29",
    "rating": "6",
    "author": "moff****",
    "review_id": "3679393",
    "movie_id": "32702"
  },
  {
    "review": "사랑이 뭐길래~",
    "date": "09.07.28",
    "rating": "7",
    "author": "son8****",
    "review_id": "3678824",
    "movie_id": "32702"
  },
  {
    "review": "아 진짜 재미없다.. 하나도 무섭지도 않고.. 시간낭비..",
    "date": "09.07.26",
    "rating": "1",
    "author": "isbn****",
    "review_id": "3668892",
    "movie_id": "32702"
  },
  {
    "review": "심리적인공포를충분히!ㅠ마지막미소가 '크라이울프'마지막을떠올리게함ㅋ",
    "date": "09.07.22",
    "rating": "10",
    "author": "swee****",
    "review_id": "3656951",
    "movie_id": "32702"
  },
  {
    "review": "싸가지없는 여주인공을보면서 살인충동느낌 여주인공죽여버려",
    "date": "09.07.22",
    "rating": "10",
    "author": "tjdu****",
    "review_id": "3655681",
    "movie_id": "32702"
  },
  {
    "review": "나는 왠지 주인공 여자 마음 이해가 될것 같아..",
    "date": "09.07.19",
    "rating": "10",
    "author": "dlgu****",
    "review_id": "3648228",
    "movie_id": "32702"
  },
  {
    "review": "(호러매니아) 장난?미치겟다 괜히봣네 남자주인공 좀 괜찬넹 ㅎㅎ",
    "date": "09.07.18",
    "rating": "1",
    "author": "zlzm****",
    "review_id": "3644250",
    "movie_id": "32702"
  },
  {
    "review": "키이라 가슴나온다!!ㅋㅋ 주인공여자는 글레머..암튼 볼만한 영화!!",
    "date": "09.07.15",
    "rating": "9",
    "author": "leed****",
    "review_id": "3634458",
    "movie_id": "32702"
  }
]