[
  {
    "review": "gamdongB&mcj0310...이 저능아거지새 ㄱㄱ ㅣ들,33억7천만원이라니까,겁나게 큰돈으로 느껴지냐?77년도에는33억7천만원이 큰돈이었다고?그래서 그 돈으로 삼성전자 인수할수 있냐?추억으로 포장된 쓰레기필름에 올디스 벗 구디스?꼴에 문자는...",
    "date": "12.07.08",
    "rating": "1",
    "author": "baks****",
    "review_id": "6459480",
    "movie_id": "32719"
  },
  {
    "review": "올디스 벗 구디스.  옛것은 좋은것이제. 옥의 티라면 밑에 닭대가리가 달아놓은 댓글",
    "date": "12.06.20",
    "rating": "10",
    "author": "gamd****",
    "review_id": "6403983",
    "movie_id": "32719"
  },
  {
    "review": "bakseryung / 미련하긴.. 77년도의 33억7천만원이 지금 돈이랑 같냐 ㅉㅉ",
    "date": "10.07.04",
    "rating": "10",
    "author": "mcj0****",
    "review_id": "4610090",
    "movie_id": "32719"
  },
  {
    "review": "왜 337이냐 하면, 주제가에 337박수가 들어간다.. 337 337 3333337 전자인간337~~",
    "date": "10.02.03",
    "rating": "5",
    "author": "mygr****",
    "review_id": "4239281",
    "movie_id": "32719"
  },
  {
    "review": "당시 몰랐던 해설, 33억7천만원이라서 337? 근데.. 타작품보단 조금 떨어지는~",
    "date": "08.12.23",
    "rating": "5",
    "author": "acin****",
    "review_id": "3141215",
    "movie_id": "32719"
  },
  {
    "review": "예전에 별딱지로 나와서 그거 꼭 손에쥐구 자곤했는대 ㅋㅋㅋㅋㅋㅋㅋㅋㅋ",
    "date": "08.10.22",
    "rating": "10",
    "author": "shyk****",
    "review_id": "3013208",
    "movie_id": "32719"
  },
  {
    "review": "전자인간337 지금보면 어색할텐데 그래도 보고싶군",
    "date": "07.08.28",
    "rating": "6",
    "author": "deff****",
    "review_id": "1985118",
    "movie_id": "32719"
  },
  {
    "review": "아주재밌게 본 영화! 주제가도 지금 잘부른다!!어디서 나타났나~",
    "date": "06.07.18",
    "rating": "9",
    "author": "msw9****",
    "review_id": "904915",
    "movie_id": "32719"
  }
]