[
  {
    "review": "자동차 액션신에는 몰입할 정도로 재밌지만 전체적인 스토리가 조금씩 엇나가는거같은 느낌",
    "date": "15.08.12",
    "rating": "7",
    "author": "spee****",
    "review_id": "10220276",
    "movie_id": "32723"
  },
  {
    "review": "전설의 시작....10자",
    "date": "15.08.11",
    "rating": "10",
    "author": "aujj****",
    "review_id": "10216569",
    "movie_id": "32723"
  },
  {
    "review": "정말 잘 만들어졌다..",
    "date": "15.08.05",
    "rating": "10",
    "author": "aron****",
    "review_id": "10187026",
    "movie_id": "32723"
  },
  {
    "review": "전설의 시작 -폴워커를 추모하며.-",
    "date": "15.08.05",
    "rating": "10",
    "author": "supe****",
    "review_id": "10186126",
    "movie_id": "32723"
  },
  {
    "review": "아 이래서 이 시리즈를 보는구나.",
    "date": "15.08.03",
    "rating": "10",
    "author": "j2w0****",
    "review_id": "10181562",
    "movie_id": "32723"
  },
  {
    "review": "남자의 로망을 영화에 담은 영화의 시초이다.  폴워커란 배우가 이영화는 궁합은 정말이지 최고이다.",
    "date": "15.08.02",
    "rating": "10",
    "author": "next****",
    "review_id": "10177478",
    "movie_id": "32723"
  },
  {
    "review": "이제봤는데도 재밌다 ㅋㅋ",
    "date": "15.08.02",
    "rating": "10",
    "author": "hath****",
    "review_id": "10175368",
    "movie_id": "32723"
  },
  {
    "review": "1탄은 재미없고 후속작들이 재미있다",
    "date": "15.07.22",
    "rating": "3",
    "author": "lc38****",
    "review_id": "10127127",
    "movie_id": "32723"
  },
  {
    "review": "레이싱영화가 이렇게 재밌는줄 알게됨",
    "date": "15.07.16",
    "rating": "9",
    "author": "fdq2****",
    "review_id": "10109856",
    "movie_id": "32723"
  },
  {
    "review": "명작은  시간이 지나도 명작",
    "date": "15.07.13",
    "rating": "10",
    "author": "hjwm****",
    "review_id": "10100205",
    "movie_id": "32723"
  },
  {
    "review": "그냥 생각없이 봤는데 정말 재미있었다. 지금까지 이 시리즈를 계속 보게 만든 이유가 이 영화안에 다 있다.",
    "date": "15.07.09",
    "rating": "8",
    "author": "getl****",
    "review_id": "10084262",
    "movie_id": "32723"
  },
  {
    "review": "마지막에 돔이랑 브라이언이 1:1로 레이싱하는 씬이 제일 강하게 인상에남았음ㅋㅋ",
    "date": "15.07.05",
    "rating": "10",
    "author": "skoh****",
    "review_id": "10073782",
    "movie_id": "32723"
  },
  {
    "review": "10년도 훨씬 지난 영화인데 세련되고 긴장감 있는 연출은 최고 특히 마지막 도미닉이랑 오코너의 철도 건널목 레이싱은 전율 ㅜ",
    "date": "15.06.03",
    "rating": "8",
    "author": "usp7****",
    "review_id": "9972970",
    "movie_id": "32723"
  },
  {
    "review": "풋풋한 그들의 모습을 엿본 것만으로도 충분히 즐겁다.",
    "date": "15.05.21",
    "rating": "10",
    "author": "lsh5****",
    "review_id": "9934977",
    "movie_id": "32723"
  },
  {
    "review": "헐리웃 액션의 진수는 역시 자동차 액션. 쟝르에 충실한, 어쩌면 이 쟝르에서는 클래식한 연출의 영화. 그래도 과속은 하지말자",
    "date": "15.05.20",
    "rating": "8",
    "author": "inth****",
    "review_id": "9933267",
    "movie_id": "32723"
  },
  {
    "review": "카 레이싱의 포문을 여는 무한질주.",
    "date": "15.05.20",
    "rating": "6",
    "author": "ogr5****",
    "review_id": "9932822",
    "movie_id": "32723"
  },
  {
    "review": "평범한 스토리를 연출로 커버하는 영화. 레이싱이라는 소재가 살렸다",
    "date": "15.05.15",
    "rating": "7",
    "author": "coco****",
    "review_id": "9918957",
    "movie_id": "32723"
  },
  {
    "review": "7보려고 예전에 봤던거 다시 복습하고 있는데 세월이 흘러도 그렇게 후지지 않은 영화...",
    "date": "15.05.13",
    "rating": "9",
    "author": "ghkd****",
    "review_id": "9914933",
    "movie_id": "32723"
  },
  {
    "review": "마지막 400미터 씬이 이 영화의 백미. 폼나는 드라이빙을 대리만족 시켜주는 영화",
    "date": "15.05.13",
    "rating": "8",
    "author": "kmcc****",
    "review_id": "9914567",
    "movie_id": "32723"
  },
  {
    "review": "10년이 지나서봐도 명작임",
    "date": "15.05.13",
    "rating": "10",
    "author": "blai****",
    "review_id": "9914127",
    "movie_id": "32723"
  },
  {
    "review": "자동차 액션도 좋았고 스토리도좋았고",
    "date": "15.05.12",
    "rating": "10",
    "author": "dnjs****",
    "review_id": "9912383",
    "movie_id": "32723"
  },
  {
    "review": "같이봤던 여자친구가 재미없다고 말해서 그자리에서 헤어졌다...",
    "date": "15.05.11",
    "rating": "10",
    "author": "makb****",
    "review_id": "9911503",
    "movie_id": "32723"
  },
  {
    "review": "이 꿀잼있는 영화를 이제야 본 내가 한심했다 정말 잘 만들었다 이제껏 보지 못한 초강력 카레이싱 액션영화!!!",
    "date": "15.05.05",
    "rating": "10",
    "author": "robo****",
    "review_id": "9897744",
    "movie_id": "32723"
  },
  {
    "review": "이런 걸작을 이제서야 보다니.. 너무 잼있어요.^^",
    "date": "15.05.05",
    "rating": "9",
    "author": "lspf****",
    "review_id": "9897349",
    "movie_id": "32723"
  },
  {
    "review": "이영화를 본 이들중에 동호회를 만들어고속도로나 지방국도에서 차경주를 하는 짓을하게 했군",
    "date": "15.05.01",
    "rating": "5",
    "author": "sann****",
    "review_id": "9883817",
    "movie_id": "32723"
  },
  {
    "review": "스트리트 레이싱 뮤직 무비!",
    "date": "15.04.28",
    "rating": "2",
    "author": "huit****",
    "review_id": "9876391",
    "movie_id": "32723"
  },
  {
    "review": "8년전 그렇게 홍보하고 다녔거늘 이제야 이영화의 진가를 알았나보네 사람들 늦지 않았다   더 세븐 봤으면 1편부터 6편까지 다시봐도 된다.",
    "date": "15.04.28",
    "rating": "10",
    "author": "mag6****",
    "review_id": "9874937",
    "movie_id": "32723"
  },
  {
    "review": "[분노의질주: 더 세븐]이 10점 만점! 역으로 정주행 보는 중인데, 1편은 시대를 뛰어넘는 작품까지는 아닌 듯. 그래도 당시 2001년도 작으로는 우수했을 듯.",
    "date": "15.04.24",
    "rating": "7",
    "author": "yumi****",
    "review_id": "9864410",
    "movie_id": "32723"
  },
  {
    "review": "자동차 액션하면 떠오르는 가장 유명한 영화",
    "date": "15.04.23",
    "rating": "10",
    "author": "bsm9****",
    "review_id": "9858095",
    "movie_id": "32723"
  },
  {
    "review": "별이 다섯개 ★★*2+★",
    "date": "15.04.19",
    "rating": "10",
    "author": "edit****",
    "review_id": "9852869",
    "movie_id": "32723"
  },
  {
    "review": "무난하게 볼만. 킬링타임",
    "date": "15.04.18",
    "rating": "8",
    "author": "phea****",
    "review_id": "9851463",
    "movie_id": "32723"
  },
  {
    "review": "자동차 질주씬은 스릴감 최고이나.. 스토리가 너무 들쑥날쑥.인물 관계설정은 좋은데 정작 보여지는건 단순하고 밋밋했다.각 캐릭터 개성이 좋아 좀 커버되지만..뭔가 보여줄 듯 괜찮은 듯 스릴 있는 듯..반복하다 끝남.결말도,스토리 전개도 설득력이 좀 부족",
    "date": "15.04.18",
    "rating": "7",
    "author": "vvvv****",
    "review_id": "9850572",
    "movie_id": "32723"
  },
  {
    "review": "이 영화 덕분에 차에 대해 알게 되고 폴워커라는 배우에 대해 알게 해준 첫 영화ㅠ",
    "date": "15.04.17",
    "rating": "10",
    "author": "gygy****",
    "review_id": "9849940",
    "movie_id": "32723"
  },
  {
    "review": "원래 봤던 영화였는데 이렇게 시리즈 별로 있는줄 몰랐어요1편부터 다시 보니 너무 재밌고 역시 스릴도 최고.진작부터 알았더라면 하는 아쉬움이 있지만그래도 고 폴워커 라는 배우를 알게되서 너무 좋네요ㅠ'분노의 질주 '는 제 최고의 영화입니다",
    "date": "15.04.16",
    "rating": "10",
    "author": "dmsw****",
    "review_id": "9848489",
    "movie_id": "32723"
  },
  {
    "review": "1탄은 솔직히 재미는 없음",
    "date": "15.04.16",
    "rating": "1",
    "author": "gbwl****",
    "review_id": "9848432",
    "movie_id": "32723"
  },
  {
    "review": "2001년에 개봉한 저예산 액션영화 한편이 초대박 시리즈가 될줄을 그 누가 예상했으리...",
    "date": "15.04.15",
    "rating": "10",
    "author": "skaw****",
    "review_id": "9847161",
    "movie_id": "32723"
  },
  {
    "review": "아주 아주 마음에 듭니다.",
    "date": "15.04.14",
    "rating": "10",
    "author": "dong****",
    "review_id": "9846033",
    "movie_id": "32723"
  },
  {
    "review": "오. 굉장히 오래전 영화인데도 스릴과 짜임새가 좋네요. 폴워커와 다른 배우들과의 케미도 좋구요.",
    "date": "15.04.11",
    "rating": "10",
    "author": "5fkd****",
    "review_id": "9840509",
    "movie_id": "32723"
  },
  {
    "review": "시리즈중에 이게 갑이제",
    "date": "15.04.10",
    "rating": "10",
    "author": "xx41****",
    "review_id": "9838191",
    "movie_id": "32723"
  },
  {
    "review": "굳인거다들알겟죠??ㅋ",
    "date": "15.03.25",
    "rating": "10",
    "author": "wjda****",
    "review_id": "9806318",
    "movie_id": "32723"
  },
  {
    "review": "빈디젤사랑해♥폴워커ㅠㅠ믿기지가않아..",
    "date": "15.03.23",
    "rating": "10",
    "author": "49db****",
    "review_id": "9802359",
    "movie_id": "32723"
  },
  {
    "review": "분노의질주 7편에 사람들이 오바하길래 함 봤다..후속편 안봐도 되듯",
    "date": "15.02.19",
    "rating": "3",
    "author": "ccor****",
    "review_id": "9712081",
    "movie_id": "32723"
  },
  {
    "review": "최고의 레이싱 영화 이 때로 다시 돌아갔으면~",
    "date": "15.02.02",
    "rating": "10",
    "author": "char****",
    "review_id": "9660417",
    "movie_id": "32723"
  },
  {
    "review": "전기차가 나오고 별 난리를 다 피지만 내연기관이 뿜어내는 배기음 만큼이나 폭발적인 힘과 스피드... 퍼포먼스,익스테리어... 많은 차 매니아를 양상시킨 자동차영화의 바이블. 폴... 그곳에서도 당신은 스피드를 즐기고 있겠죠.",
    "date": "15.01.02",
    "rating": "10",
    "author": "have****",
    "review_id": "9553284",
    "movie_id": "32723"
  },
  {
    "review": "vin diesel  넘 멋져요 영화도 최고!",
    "date": "14.12.29",
    "rating": "10",
    "author": "love****",
    "review_id": "9536161",
    "movie_id": "32723"
  },
  {
    "review": "폴워커 잘생김♡ㅋㅋㅋㅋ",
    "date": "14.12.24",
    "rating": "10",
    "author": "jsy6****",
    "review_id": "9508928",
    "movie_id": "32723"
  },
  {
    "review": "나와는 안 맞는 코드. 레이싱 액션 영화는 글쎄. 미쉘 로드리게즈를 좋아하지만 이건 별로",
    "date": "14.11.25",
    "rating": "1",
    "author": "jjaj****",
    "review_id": "9420458",
    "movie_id": "32723"
  },
  {
    "review": "생각보다 집중하고 보긴힘들더라 그래도 재밌었다고 느꼈으니 그당시에 봤다면 정말 신세계였을듯",
    "date": "14.11.24",
    "rating": "8",
    "author": "jaem****",
    "review_id": "9418925",
    "movie_id": "32723"
  },
  {
    "review": "레이싱 영화 중 TOP!",
    "date": "14.11.17",
    "rating": "10",
    "author": "haib****",
    "review_id": "9395704",
    "movie_id": "32723"
  },
  {
    "review": "정말 반디젤 성님 영화는 무조건 봐야한다!!",
    "date": "14.10.12",
    "rating": "10",
    "author": "ske4****",
    "review_id": "9286527",
    "movie_id": "32723"
  },
  {
    "review": "그당시에 참 재미있게 봤던 기억이..",
    "date": "14.10.09",
    "rating": "7",
    "author": "ehwj****",
    "review_id": "9276026",
    "movie_id": "32723"
  },
  {
    "review": "전설의시작.. 한참재밌게 봤지만 뭔가 마음이 아프다 ㅠㅠ",
    "date": "14.10.03",
    "rating": "10",
    "author": "kol1****",
    "review_id": "9260206",
    "movie_id": "32723"
  },
  {
    "review": "머 시리즈의 시작,, 그냥저냥 볼만",
    "date": "14.08.12",
    "rating": "7",
    "author": "fghy****",
    "review_id": "9070548",
    "movie_id": "32723"
  },
  {
    "review": "내가 학교다닐때 본 영화지만 몇번을봐도 재밌음.",
    "date": "14.08.03",
    "rating": "10",
    "author": "newp****",
    "review_id": "9012744",
    "movie_id": "32723"
  },
  {
    "review": "역대 최강 레이싱 영화 또 다시 이런 영화가 나올까요?",
    "date": "14.07.24",
    "rating": "10",
    "author": "kkan****",
    "review_id": "8952149",
    "movie_id": "32723"
  },
  {
    "review": "분노의 질주 이기 때문에 이미 10점이다.",
    "date": "14.07.12",
    "rating": "10",
    "author": "miha****",
    "review_id": "8907792",
    "movie_id": "32723"
  },
  {
    "review": "2001년에 만들어졋음에도 불구하고 지금봐도 재밌다니 대단합니다ㅋㅋ",
    "date": "14.06.08",
    "rating": "10",
    "author": "ksh_****",
    "review_id": "8811681",
    "movie_id": "32723"
  },
  {
    "review": "꿀잼 시리즈의 시작 !!",
    "date": "14.06.03",
    "rating": "8",
    "author": "ak_d****",
    "review_id": "8790767",
    "movie_id": "32723"
  },
  {
    "review": "시리즈 첫 작을 이제야 보지만 기대보다 별로네",
    "date": "14.05.22",
    "rating": "6",
    "author": "almo****",
    "review_id": "8752795",
    "movie_id": "32723"
  },
  {
    "review": "신나는 ost, 재밌는 스토리에 자동차 경주 대결 굉장히 재밌다.",
    "date": "14.05.19",
    "rating": "10",
    "author": "hsd5****",
    "review_id": "8747986",
    "movie_id": "32723"
  },
  {
    "review": "화끈한 속도와 박진감 속으로",
    "date": "14.05.17",
    "rating": "5",
    "author": "setm****",
    "review_id": "8740157",
    "movie_id": "32723"
  },
  {
    "review": "빈 디젤로만 유지해야 하는 분노의 질주... 폴워커 대역으로 누가 과연???",
    "date": "14.03.05",
    "rating": "10",
    "author": "spar****",
    "review_id": "8557862",
    "movie_id": "32723"
  },
  {
    "review": "분노의 질주 시작이군 10년 넘은영화 그시대의 오락물로는 좋았을듯 역시 빠르고  시원하다",
    "date": "14.02.23",
    "rating": "8",
    "author": "spac****",
    "review_id": "8530366",
    "movie_id": "32723"
  },
  {
    "review": "재미는 있는데 유치하다. 딱 남자 고등학생용이다.",
    "date": "14.02.22",
    "rating": "7",
    "author": "ykdi****",
    "review_id": "8529233",
    "movie_id": "32723"
  },
  {
    "review": "질주본능을 자극하는 쾌감",
    "date": "14.02.04",
    "rating": "7",
    "author": "rcan****",
    "review_id": "8472815",
    "movie_id": "32723"
  },
  {
    "review": "Good ^____^",
    "date": "14.01.31",
    "rating": "10",
    "author": "salm****",
    "review_id": "8453284",
    "movie_id": "32723"
  },
  {
    "review": "점점 스파이와 경찰의 인간 액션이 지겨워질때쯤 이 영화가 나와줘서 너무 감사했다",
    "date": "14.01.09",
    "rating": "8",
    "author": "lkyl****",
    "review_id": "8364900",
    "movie_id": "32723"
  },
  {
    "review": "약 2시간동안 긴장감을 늦출 수 없는 최고의 레이싱영화",
    "date": "13.12.25",
    "rating": "9",
    "author": "rhfl****",
    "review_id": "8296130",
    "movie_id": "32723"
  },
  {
    "review": "폴워커 차 진짜 멋잇네...영화 전체적으로 지루하다 중간중간,마지막에 한번씩 터뜨리는듯",
    "date": "13.12.23",
    "rating": "7",
    "author": "chek****",
    "review_id": "8278153",
    "movie_id": "32723"
  },
  {
    "review": "항상 있을꺼라 생각했기에 너무나도 슬픕니다. 폴워커 당신은 제게 정말 멋진 배우였습니다. 하늘나라에서도 부디 행복하세요.",
    "date": "13.12.22",
    "rating": "10",
    "author": "sugo****",
    "review_id": "8270410",
    "movie_id": "32723"
  },
  {
    "review": "나에게 폴 워커라는 배우를 알려준 영화. 폴 워커덕에 분노의 질주에 빠졌지만, 이제 폴 워커 없는 분노의 질주는 무슨 재미로 볼까...",
    "date": "13.12.02",
    "rating": "10",
    "author": "hyja****",
    "review_id": "8184256",
    "movie_id": "32723"
  },
  {
    "review": "전부터 차를 좋아해서 분노의질주 시리즈는 전부 재밌게봤었는데 오코너가 사고로 죽으니 너무 슬프네요... 폴워커... 부디 천국으로 가길",
    "date": "13.12.02",
    "rating": "10",
    "author": "gksx****",
    "review_id": "8184244",
    "movie_id": "32723"
  },
  {
    "review": "아 극장에서 아무 기대없이 들어갔다가  감탄하면서 보고 나왔는데. 2001년도 였구나 그 때가.",
    "date": "13.12.01",
    "rating": "10",
    "author": "leg4****",
    "review_id": "8183204",
    "movie_id": "32723"
  },
  {
    "review": "폴워커 연기 쩔어요 !!!",
    "date": "13.12.01",
    "rating": "10",
    "author": "jsga****",
    "review_id": "8182455",
    "movie_id": "32723"
  },
  {
    "review": "풋풋하다. 엄청 빠른차랑 니트로만 주구 장창 나오지만 재밌다. 젠장",
    "date": "13.11.24",
    "rating": "10",
    "author": "tomh****",
    "review_id": "8165962",
    "movie_id": "32723"
  },
  {
    "review": "하나둘셋넷다섯여섯일",
    "date": "13.11.12",
    "rating": "6",
    "author": "brow****",
    "review_id": "8134558",
    "movie_id": "32723"
  },
  {
    "review": "전설의 시작!! 다시 봐도 재밌다.. 시리즈중 가장 완성도가 높은 작품..",
    "date": "13.11.04",
    "rating": "9",
    "author": "ykm3****",
    "review_id": "8114030",
    "movie_id": "32723"
  },
  {
    "review": "2001년작인만큼 요즘 시리즈에서 나오는 드림카들이 달리지는않지만 충분히 매력적, 적절한 러닝타임에 지금봐도 괜찮은 스토리. 무엇보다도 가슴이 뻥뚫리는 질주장면만으로 나온지 10년이 넘은 분노의 질주1을 보기엔 충분 (7월 30일 감상)",
    "date": "13.11.03",
    "rating": "8",
    "author": "won_****",
    "review_id": "8111651",
    "movie_id": "32723"
  },
  {
    "review": "2001년 영화라 마음에 드는 차량이 안보여 좀 아쉽긴 해도 영화 자체는 재밌음",
    "date": "13.10.31",
    "rating": "7",
    "author": "sch8****",
    "review_id": "8103533",
    "movie_id": "32723"
  },
  {
    "review": "걍 킬링타임용으로 적절함",
    "date": "13.10.19",
    "rating": "8",
    "author": "534k****",
    "review_id": "8071078",
    "movie_id": "32723"
  },
  {
    "review": "다시봐도 재밌네요ㅋㅋ주인공들이 이렇게 풋풋하다니ㅜㅜ내년에 나올 7편도 기대되네요",
    "date": "13.10.16",
    "rating": "10",
    "author": "4025****",
    "review_id": "8063295",
    "movie_id": "32723"
  },
  {
    "review": "OO도 넘었는데 지금봐도 재밌다",
    "date": "13.10.08",
    "rating": "10",
    "author": "jhj0****",
    "review_id": "8044282",
    "movie_id": "32723"
  },
  {
    "review": "그럭저럭 킬링타임용에 그치는군",
    "date": "13.09.23",
    "rating": "6",
    "author": "guev****",
    "review_id": "8011141",
    "movie_id": "32723"
  },
  {
    "review": "빠른 속도 진행 범죄에 사랑과 우정이 가미된 멋진차와 여자들은 감초. 다시 보니 크레딧이 다 올라간 후 이어지는 장면도 나오는",
    "date": "13.09.20",
    "rating": "7",
    "author": "fait****",
    "review_id": "8001485",
    "movie_id": "32723"
  },
  {
    "review": "세월이 많이 변했구나 간만에 보니.. 출연진들이 이렇게 젊다니 ㅠㅠ",
    "date": "13.09.19",
    "rating": "8",
    "author": "meta****",
    "review_id": "7996726",
    "movie_id": "32723"
  },
  {
    "review": "최고의 차들의 향연 레이싱 영화는 이런것이다!",
    "date": "13.09.09",
    "rating": "8",
    "author": "andr****",
    "review_id": "7962773",
    "movie_id": "32723"
  },
  {
    "review": "질주의 시작",
    "date": "13.09.01",
    "rating": "8",
    "author": "motu****",
    "review_id": "7940160",
    "movie_id": "32723"
  },
  {
    "review": "시리즈 중 유일하게 볼만하다. 2부터 6까지 하나같이 형편없고, 7도 마찬가지일 것이다. 2~7까지 다 1점 줬으나 이건 2점 준다.",
    "date": "13.08.19",
    "rating": "2",
    "author": "sejo****",
    "review_id": "7901615",
    "movie_id": "32723"
  },
  {
    "review": "9점",
    "date": "13.08.11",
    "rating": "9",
    "author": "klov****",
    "review_id": "7867074",
    "movie_id": "32723"
  },
  {
    "review": "굿",
    "date": "13.07.30",
    "rating": "8",
    "author": "sang****",
    "review_id": "7799040",
    "movie_id": "32723"
  },
  {
    "review": "남자들의 마초적 본성과 자동차에 대한 갈망을 일깨워준 시리즈의 시작. 젊은 시절 풋풋한 출연진을 다시 보는 맛도 쏠쏠하다",
    "date": "13.07.29",
    "rating": "8",
    "author": "qort****",
    "review_id": "7796431",
    "movie_id": "32723"
  },
  {
    "review": "글쎄.. 확 와닿진 않는데..  현실성도 동 떨어지는 부분도 있구..",
    "date": "13.07.28",
    "rating": "6",
    "author": "rotj****",
    "review_id": "7792634",
    "movie_id": "32723"
  },
  {
    "review": "굿",
    "date": "13.07.24",
    "rating": "10",
    "author": "8484****",
    "review_id": "7780718",
    "movie_id": "32723"
  },
  {
    "review": "2013년까지 총 6편 중 1편 감상.... 스트레스는 날려보낸다... 굉음의 엔진소리...",
    "date": "13.07.12",
    "rating": "8",
    "author": "powe****",
    "review_id": "7730298",
    "movie_id": "32723"
  },
  {
    "review": "말이 내용이 필요있나요..,",
    "date": "13.07.02",
    "rating": "10",
    "author": "chjs****",
    "review_id": "7696529",
    "movie_id": "32723"
  },
  {
    "review": "결말이 ㄱ ㅐ허무하군.....가만잇으면 도미닉한테 덤탱이씌우는건데",
    "date": "13.07.02",
    "rating": "9",
    "author": "king****",
    "review_id": "7696463",
    "movie_id": "32723"
  },
  {
    "review": "쫄병 많은데 굳이 대빵이 움직인 이유는 뭔지 모르겠다...",
    "date": "13.06.22",
    "rating": "9",
    "author": "panz****",
    "review_id": "7668745",
    "movie_id": "32723"
  },
  {
    "review": "\"그래서 뭐?\" 01년 기준으로 화려했겠지만 아무런 결론도 없는 지루한 스토리",
    "date": "13.06.14",
    "rating": "1",
    "author": "ccaa****",
    "review_id": "7637956",
    "movie_id": "32723"
  },
  {
    "review": "신나는 힙합과 레이스의 조화는 좋았으나, 액션과 스피드만을 요하는 레이스가 아쉬웠다. 레이스 면에선 도쿄드리프트가 더 재밌었음..",
    "date": "13.06.11",
    "rating": "6",
    "author": "rltj****",
    "review_id": "7626026",
    "movie_id": "32723"
  },
  {
    "review": "재밌음 빈디젤 캐릭터가 맘에듬 백악관침몰악당이 여기도나왔었군",
    "date": "13.06.10",
    "rating": "8",
    "author": "miao****",
    "review_id": "7622030",
    "movie_id": "32723"
  }
]