[
  {
    "review": "진정한 대표 건달영화!",
    "date": "14.03.26",
    "rating": "9",
    "author": "mild****",
    "review_id": "8606950",
    "movie_id": "32744"
  },
  {
    "review": "이건 영화가 아니라 하나의 영상물로 취급해야될듯",
    "date": "14.02.13",
    "rating": "1",
    "author": "sang****",
    "review_id": "8502917",
    "movie_id": "32744"
  },
  {
    "review": "나 원 별 쓰레기같은 ...",
    "date": "13.08.28",
    "rating": "1",
    "author": "njsl****",
    "review_id": "7928760",
    "movie_id": "32744"
  },
  {
    "review": "중학생인 내가 봐도 ㄱㅐ 오글 ..ㅇㅏ내 손발 ㅜ.ㅜ",
    "date": "13.06.16",
    "rating": "1",
    "author": "revo****",
    "review_id": "7645879",
    "movie_id": "32744"
  },
  {
    "review": "조폭존경합니다 의리....이수준의 고삐리들이 좋아할만한 영화군 ㅋㅋ",
    "date": "13.05.10",
    "rating": "1",
    "author": "pbr9****",
    "review_id": "7518741",
    "movie_id": "32744"
  },
  {
    "review": "놀라운 퇴보...",
    "date": "13.04.19",
    "rating": "3",
    "author": "snbr****",
    "review_id": "7468985",
    "movie_id": "32744"
  },
  {
    "review": "이영화는 전설이 된다",
    "date": "13.04.10",
    "rating": "3",
    "author": "mung****",
    "review_id": "7447140",
    "movie_id": "32744"
  },
  {
    "review": "2001년 뉴밀레니엄시대 한국영화의 수준을 1980년도까지 끌고 내려간 영화.. 그냥 그들끼리 심각한게 더웃긴 블랙코미디.ㅋㅋ 마지막 결투신은 무한도전보다 웃기다 ㅋㅋ",
    "date": "13.01.12",
    "rating": "1",
    "author": "thez****",
    "review_id": "7105736",
    "movie_id": "32744"
  },
  {
    "review": "재미는 있는데 정말 죄다 연기 못한다.국어책 읽는 듯",
    "date": "12.06.20",
    "rating": "6",
    "author": "cred****",
    "review_id": "6403756",
    "movie_id": "32744"
  },
  {
    "review": "역대한국영화중 블랙코미디 최고수준이다 ..  이보다 더한 블랙코미디있으면 찾습니다",
    "date": "11.04.15",
    "rating": "10",
    "author": "chae****",
    "review_id": "5374879",
    "movie_id": "32744"
  },
  {
    "review": "친구랑 비슷한시기에 개봉했는데 전혀다른느낌 90년대 영화를 보는거 같네요",
    "date": "11.01.21",
    "rating": "10",
    "author": "spng****",
    "review_id": "5172517",
    "movie_id": "32744"
  },
  {
    "review": "나름볼만하네요",
    "date": "10.09.28",
    "rating": "7",
    "author": "khg8****",
    "review_id": "4874011",
    "movie_id": "32744"
  },
  {
    "review": "양아치란 왜놈 인사법이 멋있는줄 알고 흉내내는 조폭 전체다",
    "date": "10.09.21",
    "rating": "1",
    "author": "kos4****",
    "review_id": "4853430",
    "movie_id": "32744"
  },
  {
    "review": "볼 만 하네요",
    "date": "10.03.31",
    "rating": "10",
    "author": "jvv2****",
    "review_id": "4400609",
    "movie_id": "32744"
  },
  {
    "review": "꽤 재밋네요!^^",
    "date": "10.03.24",
    "rating": "10",
    "author": "zmfp****",
    "review_id": "4382774",
    "movie_id": "32744"
  },
  {
    "review": "ㅋㅋ 90년대 풍이 나긴해도 꽤 재밋네요 ㅋㅋ",
    "date": "09.07.28",
    "rating": "10",
    "author": "dpac****",
    "review_id": "3676359",
    "movie_id": "32744"
  },
  {
    "review": "이거내용이 김랑작가의소설 대두목이랑 비슷하다는느낌이드는건 나뿐일까..",
    "date": "09.01.01",
    "rating": "6",
    "author": "ghgh****",
    "review_id": "3174407",
    "movie_id": "32744"
  },
  {
    "review": "깡패영화 고만나오길",
    "date": "06.06.19",
    "rating": "1",
    "author": "wake****",
    "review_id": "849718",
    "movie_id": "32744"
  },
  {
    "review": "갖다베려라...OO새야...왜이런영화를쳐만드는지...",
    "date": "06.05.21",
    "rating": "1",
    "author": "dudx****",
    "review_id": "809579",
    "movie_id": "32744"
  },
  {
    "review": "왜 이런 영화 만드는지.. ㅋㅋㅋ",
    "date": "06.03.03",
    "rating": "1",
    "author": "sgug****",
    "review_id": "702515",
    "movie_id": "32744"
  },
  {
    "review": "원조교제에 망치로 맞아 여친 머리빵구나는 영화",
    "date": "06.01.30",
    "rating": "1",
    "author": "awse****",
    "review_id": "632781",
    "movie_id": "32744"
  },
  {
    "review": "뻔한스토리에 뻔한 건달내용인데 슬픈건머지?ㅋㅋㅋ",
    "date": "05.09.24",
    "rating": "3",
    "author": "jaey****",
    "review_id": "419927",
    "movie_id": "32744"
  },
  {
    "review": "건달이라고 할만한데.. 90년대 영화같은 느낌이 ......",
    "date": "05.09.14",
    "rating": "7",
    "author": "sgt1****",
    "review_id": "405400",
    "movie_id": "32744"
  },
  {
    "review": "내가죽이고싶다.기표의알수없는폭력에대한열정,주체할수없는광기",
    "date": "05.08.23",
    "rating": "5",
    "author": "ghet****",
    "review_id": "381411",
    "movie_id": "32744"
  },
  {
    "review": "도끼에쇄골을맞은여친,약자를괴롭히는조폭이난무하는수작ㅋㅋ",
    "date": "05.08.23",
    "rating": "5",
    "author": "exte****",
    "review_id": "381409",
    "movie_id": "32744"
  },
  {
    "review": "너무뻔한 스토리에 액션만...",
    "date": "05.06.15",
    "rating": "4",
    "author": "yjw3****",
    "review_id": "300333",
    "movie_id": "32744"
  },
  {
    "review": "기대를 안하고 봐선 그런지 그럭저럭 재밋는 영화",
    "date": "04.05.26",
    "rating": "8",
    "author": "nams****",
    "review_id": "46239",
    "movie_id": "32744"
  }
]