[
  {
    "review": "왜 리메이크 전문가 평점이 원작 평점에 있는지는 잘 모르겠지만 훌륭한 시퀀스가 많다.",
    "date": "15.02.16",
    "rating": "8",
    "author": "seon****",
    "review_id": "9701739",
    "movie_id": "32798"
  },
  {
    "review": "흑흑흑..ㅠㅠ",
    "date": "10.02.16",
    "rating": "10",
    "author": "zmzn****",
    "review_id": "4286773",
    "movie_id": "32798"
  },
  {
    "review": "좋네...",
    "date": "08.03.18",
    "rating": "10",
    "author": "deos****",
    "review_id": "2527721",
    "movie_id": "32798"
  },
  {
    "review": "여배우도 이쁘지만 남우의 우수젖은 눈빛이 기억에 남는영화",
    "date": "07.10.15",
    "rating": "10",
    "author": "clea****",
    "review_id": "2091926",
    "movie_id": "32798"
  },
  {
    "review": "딴건 모르겠고 방콕하면 위험하다는 생각이 드는 제목 ;;;;;",
    "date": "07.09.17",
    "rating": "2",
    "author": "ssap****",
    "review_id": "2027601",
    "movie_id": "32798"
  },
  {
    "review": "5년 전쯤 본듯.. 제목이 잊혀지질 않는다..",
    "date": "07.06.19",
    "rating": "10",
    "author": "dain****",
    "review_id": "1709318",
    "movie_id": "32798"
  },
  {
    "review": "수능끝나고 봤는데..마지막 흐르는 음악과 겹쳐..더 슬프다..",
    "date": "06.10.05",
    "rating": "9",
    "author": "beat****",
    "review_id": "1162180",
    "movie_id": "32798"
  },
  {
    "review": "폰...",
    "date": "06.08.09",
    "rating": "10",
    "author": "kimb****",
    "review_id": "986555",
    "movie_id": "32798"
  },
  {
    "review": "본것이 많은만큼 따라한 것이 많은 영화 발전은 없다",
    "date": "06.08.06",
    "rating": "4",
    "author": "okjo****",
    "review_id": "978293",
    "movie_id": "32798"
  },
  {
    "review": "재밌네요",
    "date": "06.08.06",
    "rating": "10",
    "author": "gksq****",
    "review_id": "976934",
    "movie_id": "32798"
  },
  {
    "review": "현란한 화면 단순한 스토리...",
    "date": "06.08.06",
    "rating": "6",
    "author": "crim****",
    "review_id": "976191",
    "movie_id": "32798"
  },
  {
    "review": "뭘 더 바래...좋은 영화다...조금 진부하지만...",
    "date": "06.08.06",
    "rating": "5",
    "author": "expr****",
    "review_id": "975412",
    "movie_id": "32798"
  },
  {
    "review": "시간아까움 ...",
    "date": "06.08.05",
    "rating": "1",
    "author": "wwfz****",
    "review_id": "974895",
    "movie_id": "32798"
  },
  {
    "review": "오늘 EBS에서 봤는데 재밌네요.",
    "date": "06.08.05",
    "rating": "10",
    "author": "sbrl****",
    "review_id": "974844",
    "movie_id": "32798"
  },
  {
    "review": "정말 잼있음,,,",
    "date": "06.06.10",
    "rating": "10",
    "author": "tall****",
    "review_id": "838843",
    "movie_id": "32798"
  },
  {
    "review": "정말 잘 만들었고 재미있습니다. 또 보고 싶네요",
    "date": "06.03.08",
    "rating": "10",
    "author": "sakb****",
    "review_id": "708896",
    "movie_id": "32798"
  },
  {
    "review": "최고작이 아랫놈의 시덥잖음때문에 7.5라니",
    "date": "04.11.12",
    "rating": "10",
    "author": "ssun****",
    "review_id": "144480",
    "movie_id": "32798"
  },
  {
    "review": "(..) 나 저사람 알아요. 영화 한번 봐야겠다",
    "date": "04.07.05",
    "rating": "5",
    "author": "hung****",
    "review_id": "65886",
    "movie_id": "32798"
  },
  {
    "review": "정말 잘 만들었습니다.",
    "date": "03.12.05",
    "rating": "10",
    "author": "redt****",
    "review_id": "1164",
    "movie_id": "32798"
  }
]