[
  {
    "review": "왜들그러세요?전 좋던데",
    "date": "13.04.23",
    "rating": "10",
    "author": "lado****",
    "review_id": "7477386",
    "movie_id": "32862"
  },
  {
    "review": "이감독의영화는전부자기경험인가보군요내용이왜이리다들더럽죠",
    "date": "09.10.15",
    "rating": "1",
    "author": "tnfu****",
    "review_id": "3894439",
    "movie_id": "32862"
  },
  {
    "review": "에잇~~재미없어",
    "date": "07.11.06",
    "rating": "1",
    "author": "acti****",
    "review_id": "2136444",
    "movie_id": "32862"
  },
  {
    "review": "디워 때문이 아니라 그저그래서",
    "date": "07.09.04",
    "rating": "4",
    "author": "trai****",
    "review_id": "2000997",
    "movie_id": "32862"
  },
  {
    "review": "셧업 플리즈",
    "date": "07.08.16",
    "rating": "1",
    "author": "ljhd****",
    "review_id": "1947739",
    "movie_id": "32862"
  },
  {
    "review": "얼른가서 꽃미남연쇄테러나하러가",
    "date": "07.08.13",
    "rating": "1",
    "author": "trem****",
    "review_id": "1930377",
    "movie_id": "32862"
  },
  {
    "review": "불쌍해서 2점^^",
    "date": "07.08.12",
    "rating": "2",
    "author": "b170****",
    "review_id": "1926844",
    "movie_id": "32862"
  },
  {
    "review": "당신이이런뭐같은영화를찍을동안 심형래감독은 눈물삼키면서 디워를 찍었답니다.",
    "date": "07.08.12",
    "rating": "1",
    "author": "line****",
    "review_id": "1926096",
    "movie_id": "32862"
  },
  {
    "review": "나는 관대하다.",
    "date": "07.08.11",
    "rating": "1",
    "author": "bers****",
    "review_id": "1923207",
    "movie_id": "32862"
  },
  {
    "review": "27분이면 야동이네",
    "date": "07.08.11",
    "rating": "1",
    "author": "oops****",
    "review_id": "1919936",
    "movie_id": "32862"
  },
  {
    "review": "나는 관대하다",
    "date": "07.08.07",
    "rating": "2",
    "author": "1213****",
    "review_id": "1898853",
    "movie_id": "32862"
  },
  {
    "review": "박미현씨 이감독영화에 계속나오는데, 불쌍하네요 ㅡㅜ",
    "date": "07.08.06",
    "rating": "1",
    "author": "rone****",
    "review_id": "1891748",
    "movie_id": "32862"
  },
  {
    "review": "이런영화가 우리나라 영화라는게 마음이 아프다.",
    "date": "07.08.06",
    "rating": "1",
    "author": "cm20****",
    "review_id": "1891510",
    "movie_id": "32862"
  },
  {
    "review": "이 감독 변태인가요? 만드는영화마다 다이러네",
    "date": "07.08.06",
    "rating": "1",
    "author": "kmt1****",
    "review_id": "1890982",
    "movie_id": "32862"
  },
  {
    "review": "쓰레기 ㅉㅉ",
    "date": "07.08.05",
    "rating": "1",
    "author": "dino****",
    "review_id": "1886021",
    "movie_id": "32862"
  },
  {
    "review": "남들하니까 나도 1점",
    "date": "07.08.05",
    "rating": "1",
    "author": "fock****",
    "review_id": "1883049",
    "movie_id": "32862"
  },
  {
    "review": "내참 .... 할말이 없네 할말이없어 유치함의 극치다",
    "date": "07.08.05",
    "rating": "10",
    "author": "kr_j****",
    "review_id": "1882028",
    "movie_id": "32862"
  },
  {
    "review": "왜 0점은 없냐ㅋㅋ",
    "date": "07.08.05",
    "rating": "1",
    "author": "kims****",
    "review_id": "1880374",
    "movie_id": "32862"
  },
  {
    "review": "영화는 왜만드니...집에서 핸드폰으로동영상이나찍어~",
    "date": "07.08.05",
    "rating": "1",
    "author": "j2yu****",
    "review_id": "1879075",
    "movie_id": "32862"
  },
  {
    "review": "대단하네. 우웨볼 감독님과 권투 GO GO",
    "date": "07.08.05",
    "rating": "1",
    "author": "jing****",
    "review_id": "1877826",
    "movie_id": "32862"
  },
  {
    "review": "말할 가치조차 없음 감독 정신병있는거 아닌가..",
    "date": "07.08.05",
    "rating": "1",
    "author": "kiwi****",
    "review_id": "1877792",
    "movie_id": "32862"
  },
  {
    "review": "볼가치가없는영화",
    "date": "07.08.05",
    "rating": "1",
    "author": "ares****",
    "review_id": "1877731",
    "movie_id": "32862"
  },
  {
    "review": "ㅁ ㅓㄴ ㅑ 너 이것도 영화라고!!!!",
    "date": "07.08.04",
    "rating": "1",
    "author": "newk****",
    "review_id": "1875882",
    "movie_id": "32862"
  },
  {
    "review": "너도 그냥 가서 꽃미남들 연쇄테러나해라",
    "date": "07.08.04",
    "rating": "1",
    "author": "anag****",
    "review_id": "1874601",
    "movie_id": "32862"
  },
  {
    "review": "27분 찍으려면 얼마나 걸림??",
    "date": "07.08.04",
    "rating": "1",
    "author": "qkrw****",
    "review_id": "1873785",
    "movie_id": "32862"
  },
  {
    "review": "내가 보다가 만유일한 쓰레기영화",
    "date": "07.08.04",
    "rating": "1",
    "author": "pjho****",
    "review_id": "1873659",
    "movie_id": "32862"
  },
  {
    "review": "베드로맨스",
    "date": "07.08.04",
    "rating": "1",
    "author": "dudq****",
    "review_id": "1873308",
    "movie_id": "32862"
  },
  {
    "review": "넌, 동성애자 아니면 야동매니야?",
    "date": "07.08.04",
    "rating": "1",
    "author": "hakj****",
    "review_id": "1872594",
    "movie_id": "32862"
  },
  {
    "review": "대한민국 최악의영화",
    "date": "07.08.04",
    "rating": "1",
    "author": "jung****",
    "review_id": "1872367",
    "movie_id": "32862"
  },
  {
    "review": "이송희일 : 관심받고싶어서 디워까댄거에요 죄송해요 ㅠㅠ",
    "date": "07.08.04",
    "rating": "1",
    "author": "sksi****",
    "review_id": "1872351",
    "movie_id": "32862"
  },
  {
    "review": "\"디 워\" 팬클럽들아  평점 망치지말고 집에서 \"디워\" 피규어나 만들어",
    "date": "07.08.04",
    "rating": "10",
    "author": "ghde****",
    "review_id": "1872202",
    "movie_id": "32862"
  },
  {
    "review": "이거보느니 프루나에서 야동쳐서 아무거나 클릭하겠따",
    "date": "07.08.04",
    "rating": "1",
    "author": "dksl****",
    "review_id": "1871949",
    "movie_id": "32862"
  },
  {
    "review": "옛다 관심 쓰레기..",
    "date": "07.08.04",
    "rating": "1",
    "author": "x571****",
    "review_id": "1871584",
    "movie_id": "32862"
  },
  {
    "review": "쓰중쓰",
    "date": "07.08.04",
    "rating": "1",
    "author": "euns****",
    "review_id": "1871335",
    "movie_id": "32862"
  },
  {
    "review": "저질무비~ 사라져",
    "date": "07.08.04",
    "rating": "1",
    "author": "new2****",
    "review_id": "1871316",
    "movie_id": "32862"
  },
  {
    "review": "you spin me right round baby~",
    "date": "07.08.04",
    "rating": "1",
    "author": "ohsa****",
    "review_id": "1870933",
    "movie_id": "32862"
  },
  {
    "review": "이런영화 700편 만들수 있다./",
    "date": "07.08.04",
    "rating": "1",
    "author": "shjo****",
    "review_id": "1870763",
    "movie_id": "32862"
  }
]