[
  {
    "review": "이 영화보고 울었다...",
    "date": "15.05.30",
    "rating": "10",
    "author": "2001****",
    "review_id": "9962436",
    "movie_id": "32880"
  },
  {
    "review": "꼭 한번 다시 보고 싶은 영화입니다! 무거울수 있는 내용이지만 중간중간 깨알같은 웃음 포인트도 좋았고 훈훈했던것 같습니다ㅠㅠ",
    "date": "14.03.21",
    "rating": "10",
    "author": "yu23****",
    "review_id": "8593940",
    "movie_id": "32880"
  },
  {
    "review": "정말 재미있는 인생이에요.",
    "date": "08.08.17",
    "rating": "10",
    "author": "dkw0****",
    "review_id": "2880958",
    "movie_id": "32880"
  },
  {
    "review": "삶과 죽음에 대하여 이렇게 귀엽고 깜찍하게 풀어내다니",
    "date": "06.09.30",
    "rating": "7",
    "author": "okjo****",
    "review_id": "1150535",
    "movie_id": "32880"
  },
  {
    "review": "내생애 최고의 영화",
    "date": "06.06.28",
    "rating": "10",
    "author": "bbos****",
    "review_id": "860369",
    "movie_id": "32880"
  },
  {
    "review": "좋앗어요.",
    "date": "06.03.02",
    "rating": "10",
    "author": "whoa****",
    "review_id": "700210",
    "movie_id": "32880"
  },
  {
    "review": "마음이 따듯해지는 그런 영화.",
    "date": "05.12.25",
    "rating": "8",
    "author": "dlal****",
    "review_id": "528416",
    "movie_id": "32880"
  },
  {
    "review": "이런 친구... 평생에 한명이라도",
    "date": "05.06.23",
    "rating": "7",
    "author": "band****",
    "review_id": "305142",
    "movie_id": "32880"
  }
]