[
  {
    "review": "나도 내가 하고싶은거 다 하고 살련다!!!!",
    "date": "15.08.04",
    "rating": "10",
    "author": "sung****",
    "review_id": "10184180",
    "movie_id": "32900"
  },
  {
    "review": "상큼발랄. 리즈 위더스푼.",
    "date": "15.07.26",
    "rating": "10",
    "author": "lsh5****",
    "review_id": "10144785",
    "movie_id": "32900"
  },
  {
    "review": "머리 텅텅 빈 여주에 감동없고 말도안되는 무식한 영화. 너무생각없어보인다ㅋㅋㅋㅋ제목도후짐",
    "date": "15.07.13",
    "rating": "1",
    "author": "lky7****",
    "review_id": "10100251",
    "movie_id": "32900"
  },
  {
    "review": "금발이 너무 저렴해 보이고 기대했더니만 하이틴 영화였네",
    "date": "15.07.11",
    "rating": "3",
    "author": "almo****",
    "review_id": "10093701",
    "movie_id": "32900"
  },
  {
    "review": "리즈위더스푼의 최고 인생작인듯!!ㅎㅎ지치고 우울할 때 보면 너무 힘이 되고 저절로 웃음짓고 있는 나를 발견한다. 이렇게 탄탄하면서도 섬세하고 따뜻한 시선으로 그려진 영화는 아마 전무후무할듯.",
    "date": "15.06.17",
    "rating": "10",
    "author": "da29****",
    "review_id": "10005709",
    "movie_id": "32900"
  },
  {
    "review": "주걱턱도 배우하냐 말세다 말세",
    "date": "15.05.16",
    "rating": "1",
    "author": "kan3****",
    "review_id": "9922981",
    "movie_id": "32900"
  },
  {
    "review": "오늘도 이영화가 재밌네~ 항상 긍정적인 메세지가 넘치는 이영화는 볼때마다 나를 기분 좋게 만든다. 그런 영화가 잘만든 영화 아닌가?",
    "date": "15.05.12",
    "rating": "10",
    "author": "reji****",
    "review_id": "9913321",
    "movie_id": "32900"
  },
  {
    "review": "진정한 자아에 대해 생각해 보게 하는 영화",
    "date": "15.03.26",
    "rating": "8",
    "author": "rhfl****",
    "review_id": "9807328",
    "movie_id": "32900"
  },
  {
    "review": "이영화보고 생각없다 하는놈들아 이여자가 뭐가 잘못됬나 물어보면 그냥 남들보기안좋으니까 불가능한꿈만 꾸니까 라는 아저씨냄새 풀풀나는 대답만 할놈들ㅉ",
    "date": "15.03.16",
    "rating": "10",
    "author": "rlqh****",
    "review_id": "9787187",
    "movie_id": "32900"
  },
  {
    "review": "엘이 너무 사랑스러워서 보는 내내 웃으면서 봤다!",
    "date": "15.03.15",
    "rating": "10",
    "author": "nero****",
    "review_id": "9785076",
    "movie_id": "32900"
  },
  {
    "review": "전형적이고도 전형적인 메세지를 티내며 팍팍 뿌려댔지만...아무리 강조해도 좋은 메세지다.",
    "date": "15.03.05",
    "rating": "8",
    "author": "jkjk****",
    "review_id": "9758056",
    "movie_id": "32900"
  },
  {
    "review": "보는 내내 그저 여주인공이 참 멋지다는 생각과 동시에 그녀의 모든것들 하나하나 다 닮고싶다는 생각만 들었던 것 같다 나도 저런 멋진 인생을 살 수  있을까 저런 멋진 인생을 살고싶다라는 생각과 함께",
    "date": "15.03.05",
    "rating": "9",
    "author": "yg90****",
    "review_id": "9757807",
    "movie_id": "32900"
  },
  {
    "review": "에너지만큼은 또렷한 여성 환타지.",
    "date": "15.02.21",
    "rating": "6",
    "author": "this****",
    "review_id": "9724435",
    "movie_id": "32900"
  },
  {
    "review": "어릴때 케이블에서 자주 봤던 영화에요. 여주의 밝고 활기찬 모습이 정말 보기 좋았네요. 이 영화 때문에 핑크색 엄청 좋아했었는데ㅎㅎ 추억이 많은 영화중에 하나~",
    "date": "15.02.18",
    "rating": "8",
    "author": "narv****",
    "review_id": "9707679",
    "movie_id": "32900"
  },
  {
    "review": "리즈 위더스푼이 아주 매력적으로 나오는 웰메이드 로코물",
    "date": "15.01.28",
    "rating": "8",
    "author": "gall****",
    "review_id": "9646944",
    "movie_id": "32900"
  },
  {
    "review": "생각없는 여자들이나 좋아할 영화.",
    "date": "15.01.26",
    "rating": "1",
    "author": "craz****",
    "review_id": "9639200",
    "movie_id": "32900"
  },
  {
    "review": "의뢰인이 더 이쁘네 ㅋㅋㅋㅋ",
    "date": "15.01.18",
    "rating": "9",
    "author": "jdud****",
    "review_id": "9611444",
    "movie_id": "32900"
  },
  {
    "review": "보고 있으면 기분이 좋아지는영화",
    "date": "14.11.20",
    "rating": "7",
    "author": "mink****",
    "review_id": "9404602",
    "movie_id": "32900"
  },
  {
    "review": "참 귀엽고 사랑스런 영화",
    "date": "14.11.03",
    "rating": "7",
    "author": "ehwj****",
    "review_id": "9339852",
    "movie_id": "32900"
  },
  {
    "review": "주인공이 긍정과행복에네지를영화내내 계속 내뿜고있음",
    "date": "14.10.24",
    "rating": "8",
    "author": "ac67****",
    "review_id": "9314206",
    "movie_id": "32900"
  },
  {
    "review": "약간 급한 전개가 거슬리지만 그만큼 지루하지도 않고 즐겁게 볼만했다 긍정을 몸에바른 푼수인척했던 천재",
    "date": "14.10.14",
    "rating": "10",
    "author": "mftr****",
    "review_id": "9292130",
    "movie_id": "32900"
  },
  {
    "review": "리즈 위더스푼의 매력이 가장 돋보이는 그녀 최고의 영화. 나름 희망적인 메시지도 있고 즐겁게 볼 수 있는 영화. 리즈 위더스푼에게 푹 빠지게 만든 영화",
    "date": "14.10.10",
    "rating": "7",
    "author": "jjaj****",
    "review_id": "9280447",
    "movie_id": "32900"
  },
  {
    "review": "밝고 유머 가득한 영화.  통쾌한 복수극 ㅋ",
    "date": "14.10.09",
    "rating": "10",
    "author": "july****",
    "review_id": "9276760",
    "movie_id": "32900"
  },
  {
    "review": "보는내내 기분좋아지는 영화",
    "date": "14.10.06",
    "rating": "10",
    "author": "jozz****",
    "review_id": "9269566",
    "movie_id": "32900"
  },
  {
    "review": "리즈위드스푼 리즈시절. 진짜 하루를 뿌듯하게 만들어주는 에너지 넘치는 비타민같은 영화",
    "date": "14.09.07",
    "rating": "10",
    "author": "kwun****",
    "review_id": "9180326",
    "movie_id": "32900"
  },
  {
    "review": "13년이지난 지금봐도 신선한 뉴쾌한영홬ㅋㅋㅋ",
    "date": "14.08.16",
    "rating": "10",
    "author": "cksg****",
    "review_id": "9098575",
    "movie_id": "32900"
  },
  {
    "review": "단순한 하이틴인줄 알았는데 남눈치 안보면서 당당하게 자신을 믿는 모습에 많은걸 깨달았어요! 자신을 믿으세요",
    "date": "14.08.13",
    "rating": "9",
    "author": "jhan****",
    "review_id": "9078225",
    "movie_id": "32900"
  },
  {
    "review": "재미있었어요!처음에는 뭐지라고봤다가 후반부를갈수록더욱더재미있어지는영화네요ㅎㅎ",
    "date": "14.07.19",
    "rating": "10",
    "author": "chs8****",
    "review_id": "8928968",
    "movie_id": "32900"
  },
  {
    "review": "재미있게 봤다 킬링타임용으로 괜찮은듯",
    "date": "14.07.13",
    "rating": "9",
    "author": "eeee****",
    "review_id": "8910426",
    "movie_id": "32900"
  },
  {
    "review": "진짜 꿀잼 ㅎㅎㅎㅎ 짱 재밌었습니다!",
    "date": "14.06.23",
    "rating": "10",
    "author": "hyr6****",
    "review_id": "8848717",
    "movie_id": "32900"
  },
  {
    "review": "예쁜여자의 역차별 극복기-내용 전개가 굉장히 단순해서 메시지를 알아먹긴 쉬움. 여주가 조금 주걱턱인게 걸리긴 하지만 예쁘고 활기차서 지루할때 타임킬링용으로 한번보기엔 좋음.",
    "date": "14.05.22",
    "rating": "6",
    "author": "whdi****",
    "review_id": "8755023",
    "movie_id": "32900"
  },
  {
    "review": "근래봤던 영화중 최고였다. 굿",
    "date": "14.05.21",
    "rating": "10",
    "author": "ppsq****",
    "review_id": "8750943",
    "movie_id": "32900"
  },
  {
    "review": "제목은 허접인데 재밌네.",
    "date": "14.05.12",
    "rating": "10",
    "author": "mool****",
    "review_id": "8726379",
    "movie_id": "32900"
  },
  {
    "review": "그냥 가벼운 영화라고 생각할수도 있지만 저는 정말 인상깊게 봤어요. 남들이 생각하는 자신의 모습에서 탈피하고 스스로를 믿고, 아무 상관없어 보이지만 자신만이 가지고 있는 장점을 활용해서 누구보다 빛나는 모습이 정말 본받고 싶었습니다. ^^",
    "date": "14.05.03",
    "rating": "10",
    "author": "jiha****",
    "review_id": "8696385",
    "movie_id": "32900"
  },
  {
    "review": "ㅋㅋㅋ진짜 재밌게 봤어요 ㅋㅋ",
    "date": "14.04.16",
    "rating": "10",
    "author": "chwn****",
    "review_id": "8654287",
    "movie_id": "32900"
  },
  {
    "review": "너무 재밌다 나도  엘 같은여자가 됫음 좋겠다",
    "date": "14.02.03",
    "rating": "10",
    "author": "cmc0****",
    "review_id": "8471972",
    "movie_id": "32900"
  },
  {
    "review": "시간 때우려다 교훈과 에너지를 얻고갑니다",
    "date": "14.01.28",
    "rating": "10",
    "author": "jade****",
    "review_id": "8438755",
    "movie_id": "32900"
  },
  {
    "review": "처음엔 뭐지 이여자 하고 봤는데보면 볼수록 엘 참 멋지다 라고 생각하게되네요ㅎㅎ에너지 넘치는 영화!",
    "date": "13.11.18",
    "rating": "10",
    "author": "suje****",
    "review_id": "8149007",
    "movie_id": "32900"
  },
  {
    "review": "엘처럼 멋지게 나도 살겁니당",
    "date": "13.10.05",
    "rating": "10",
    "author": "gmwa****",
    "review_id": "8037615",
    "movie_id": "32900"
  },
  {
    "review": "남자인 제 가봐도 재밌네요.  유쾌한 스토리.  기분좋게 입 꼬리가 올라갑니다. 굿",
    "date": "13.09.29",
    "rating": "9",
    "author": "king****",
    "review_id": "8021587",
    "movie_id": "32900"
  },
  {
    "review": "금발이 노무해",
    "date": "13.09.23",
    "rating": "7",
    "author": "forz****",
    "review_id": "8012509",
    "movie_id": "32900"
  },
  {
    "review": "유치찬란..막장스토리",
    "date": "13.09.21",
    "rating": "3",
    "author": "gr54****",
    "review_id": "8006217",
    "movie_id": "32900"
  },
  {
    "review": "정말 금발이 너무하다 미국놈들아 어떻게 2탄까지 나왔는지 보면 미국사회내의 금발 10대들의 힘이 크다는것만 알겠다. 리즈 위더스푼 보려고 이 영화를 1편 2편 다 봤다,,... 하버드 로스쿨, 국회 법 통과 이게 말이 되냐?? ㅋㅋㅋㅋ",
    "date": "13.09.20",
    "rating": "3",
    "author": "codl****",
    "review_id": "8000204",
    "movie_id": "32900"
  },
  {
    "review": "재밌게는 봤지만 막상 마지막까지 보고나니 뻔한 주인공의 성공스토리다...",
    "date": "13.09.19",
    "rating": "8",
    "author": "rkdw****",
    "review_id": "7997480",
    "movie_id": "32900"
  },
  {
    "review": "비현실적인 설정인데 억지스러움이 없어 유쾌하게 즐기기 좋다.",
    "date": "13.08.17",
    "rating": "8",
    "author": "wlfa****",
    "review_id": "7896746",
    "movie_id": "32900"
  },
  {
    "review": "그래 솔직히 1점 준애들말대로 말도안되고, 수준낮긴한데 이정도면 유쾌하게 즐길만하잖아? 보는사람들에게 활력과 열정을 느끼게해줬다면 이정도면 참 괜찮은 영화! 근데 배달부 아저씨 진짜웃기다ㅋㅋㅋㅋㅋㅋㅋㅋㅋㅋㅋ존재만으로 웃겨ㅋㅋㅋㅋㅋㅋㅋㅋㅋㅋ",
    "date": "13.08.17",
    "rating": "9",
    "author": "unky****",
    "review_id": "7894424",
    "movie_id": "32900"
  },
  {
    "review": "그냥 엘이 귀엽ㄴㅔㅎㅎ",
    "date": "13.08.05",
    "rating": "10",
    "author": "dpwl****",
    "review_id": "7843796",
    "movie_id": "32900"
  },
  {
    "review": "평점이 너무해",
    "date": "13.08.02",
    "rating": "1",
    "author": "stag****",
    "review_id": "7820673",
    "movie_id": "32900"
  },
  {
    "review": "내가봤던코미디중에서가장유쾌한듯",
    "date": "13.07.15",
    "rating": "9",
    "author": "do11****",
    "review_id": "7746433",
    "movie_id": "32900"
  },
  {
    "review": "재미쩡",
    "date": "13.06.29",
    "rating": "8",
    "author": "wldn****",
    "review_id": "7688421",
    "movie_id": "32900"
  },
  {
    "review": "예쁘지 않다는거 빼놓고 이 영화에서 리즈위더스푼은 완벽했다.",
    "date": "13.06.25",
    "rating": "9",
    "author": "sinb****",
    "review_id": "7678077",
    "movie_id": "32900"
  },
  {
    "review": "완전 재밌음!",
    "date": "13.06.22",
    "rating": "10",
    "author": "ss83****",
    "review_id": "7668474",
    "movie_id": "32900"
  },
  {
    "review": "쉽게성공할 세상이아니지. 하지만 영화는 재밌다",
    "date": "13.06.22",
    "rating": "8",
    "author": "xlas****",
    "review_id": "7666188",
    "movie_id": "32900"
  },
  {
    "review": "재밌다~~~~추천",
    "date": "13.06.07",
    "rating": "9",
    "author": "fall****",
    "review_id": "7602668",
    "movie_id": "32900"
  },
  {
    "review": "예전부터 핑크색을 굉장히 좋아했는데 이 영화를 보고 더욱 더 좋아졌네요. 자신을 잃지 않고 사람들의 편견을 넘어 늘 노력하고 미모와 지식과 우정과 사랑 모든 것을 얻은 엘이 부러우면서 늘 밝고 당당한게 너무나도 사랑스러워요.",
    "date": "13.06.06",
    "rating": "10",
    "author": "i_05****",
    "review_id": "7596210",
    "movie_id": "32900"
  },
  {
    "review": "보는내내 엘이 사랑스러웠고 대견했다 귀여웠고 자잘하게 웃겼다 그리고 모든걸 쟁취한 그녀가 부러웠다",
    "date": "13.05.15",
    "rating": "10",
    "author": "vaul****",
    "review_id": "7530234",
    "movie_id": "32900"
  },
  {
    "review": "굿",
    "date": "13.05.12",
    "rating": "9",
    "author": "dimf****",
    "review_id": "7523848",
    "movie_id": "32900"
  },
  {
    "review": "그냥 웃으면서 재미있게 봤던 영화",
    "date": "13.05.12",
    "rating": "8",
    "author": "tlaw****",
    "review_id": "7523644",
    "movie_id": "32900"
  },
  {
    "review": "패션에 재능있고 관심많던 엘의 법대생으로서의 성공스토리...뭘 말하고자 하는지는 알 수 없지만 엘이 여자로써 멋있고 리즈가 연기를 너무 사랑스럽게 잘해서 8점. 리즈에게 99% 기댄 영화.",
    "date": "13.04.30",
    "rating": "8",
    "author": "ckda****",
    "review_id": "7495379",
    "movie_id": "32900"
  },
  {
    "review": "캐릭터를 제옷입은것처럼 소화해내는 리즈",
    "date": "13.03.25",
    "rating": "9",
    "author": "jjcv****",
    "review_id": "7411397",
    "movie_id": "32900"
  },
  {
    "review": "너무 멋진 주인공. 정말 재밌게 봤어요~",
    "date": "13.03.09",
    "rating": "10",
    "author": "hie1****",
    "review_id": "7333292",
    "movie_id": "32900"
  },
  {
    "review": "자주보고싶어지는 에너지넘치는영화",
    "date": "13.03.07",
    "rating": "10",
    "author": "dbdb****",
    "review_id": "7329320",
    "movie_id": "32900"
  },
  {
    "review": "최고지뭐",
    "date": "13.02.07",
    "rating": "10",
    "author": "yhj0****",
    "review_id": "7234798",
    "movie_id": "32900"
  },
  {
    "review": "재밌게봄ㅎ",
    "date": "13.02.07",
    "rating": "10",
    "author": "nah9****",
    "review_id": "7232757",
    "movie_id": "32900"
  },
  {
    "review": "한때 꿈이 변호사였을만큼 주인공이 멋졌다",
    "date": "13.01.29",
    "rating": "10",
    "author": "sml3****",
    "review_id": "7192909",
    "movie_id": "32900"
  },
  {
    "review": "여성부에서 추천할 만한 영화",
    "date": "13.01.19",
    "rating": "1",
    "author": "east****",
    "review_id": "7133197",
    "movie_id": "32900"
  },
  {
    "review": "금발은 멍청하다는 인식과는다르게 예쁘고 똑똑하고 자신이원하는건 다 성취하지.영화가 목적밖에 없네",
    "date": "13.01.16",
    "rating": "6",
    "author": "codu****",
    "review_id": "7121398",
    "movie_id": "32900"
  },
  {
    "review": "언제봐도 기분좋아지는 영화! 엘처럼 빛나구 멋지게 살고싶다~!",
    "date": "13.01.05",
    "rating": "10",
    "author": "duda****",
    "review_id": "7084249",
    "movie_id": "32900"
  },
  {
    "review": "완전 재미짱!!",
    "date": "13.01.03",
    "rating": "10",
    "author": "gjdb****",
    "review_id": "7079284",
    "movie_id": "32900"
  },
  {
    "review": "난 너무 재미있게 봤다. 너무너무 멋있는 엘 !",
    "date": "13.01.02",
    "rating": "10",
    "author": "lhp3****",
    "review_id": "7074926",
    "movie_id": "32900"
  },
  {
    "review": "공부에 자극될만한 좋은 영화.. 스토리가 너무 뻔하지만..긍정적인 시너지가 있는건 확실..ㅎ",
    "date": "12.12.31",
    "rating": "7",
    "author": "gusw****",
    "review_id": "7068347",
    "movie_id": "32900"
  },
  {
    "review": "이런영화를왜이제서야봤을까 재밌고 엘 너무멋졌다",
    "date": "12.12.24",
    "rating": "10",
    "author": "7598****",
    "review_id": "7039844",
    "movie_id": "32900"
  },
  {
    "review": "초딩 저학년 여아들이 좋아할만한 영화. 단, 일부 초딩이 보기에 부적절한 대사와 장면이 에러.",
    "date": "12.12.13",
    "rating": "7",
    "author": "sipj****",
    "review_id": "6998813",
    "movie_id": "32900"
  },
  {
    "review": "다시 봐도 재밌다. 귀엽잖아~",
    "date": "12.12.02",
    "rating": "8",
    "author": "ilil****",
    "review_id": "6961599",
    "movie_id": "32900"
  },
  {
    "review": "킬링타임용으로 재격",
    "date": "12.11.14",
    "rating": "8",
    "author": "saf1****",
    "review_id": "6887790",
    "movie_id": "32900"
  },
  {
    "review": "몇번을봐도 질리지가 않아서 좋다ㅋㅋㅋㅋ10번넘게 본것같네 1,2다 괜찮음ㅋㅋㅋㅋㅋ",
    "date": "12.10.08",
    "rating": "10",
    "author": "0116****",
    "review_id": "6772361",
    "movie_id": "32900"
  },
  {
    "review": "산뜻하게 볼수있어서 좋다.",
    "date": "12.09.26",
    "rating": "9",
    "author": "zxcv****",
    "review_id": "6733830",
    "movie_id": "32900"
  },
  {
    "review": "보고나면 자신감이 생기는 영화! 특히 여성이라면",
    "date": "12.08.19",
    "rating": "10",
    "author": "smil****",
    "review_id": "6627480",
    "movie_id": "32900"
  },
  {
    "review": "러브라인에만 연연하지 않아서 전 더좋네요~ 끄아아앙~",
    "date": "12.08.05",
    "rating": "10",
    "author": "wuch****",
    "review_id": "6573053",
    "movie_id": "32900"
  },
  {
    "review": "정말 아무런 부담없이 즐길 수 있는 영화. 초중반에 자잘하게 터지는 개그들이 마음에 들었다. 그 외의 부분들은 매우 평범하다.",
    "date": "12.08.01",
    "rating": "7",
    "author": "sbj1****",
    "review_id": "6563045",
    "movie_id": "32900"
  },
  {
    "review": "깜직하고 발랄한 위더스푼의 연기에 빠져 들었습니다.^^",
    "date": "12.08.01",
    "rating": "7",
    "author": "bdcs****",
    "review_id": "6561171",
    "movie_id": "32900"
  },
  {
    "review": "밝고 상쾌한 영화!",
    "date": "12.07.10",
    "rating": "9",
    "author": "kand****",
    "review_id": "6467327",
    "movie_id": "32900"
  },
  {
    "review": "편하게 볼만하네요ㅎㅎ내용도재밌구요",
    "date": "12.07.10",
    "rating": "9",
    "author": "alel****",
    "review_id": "6467048",
    "movie_id": "32900"
  },
  {
    "review": "최고!",
    "date": "12.07.10",
    "rating": "10",
    "author": "nora****",
    "review_id": "6466928",
    "movie_id": "32900"
  },
  {
    "review": "그냥 볼 만 했어요~",
    "date": "12.06.29",
    "rating": "8",
    "author": "qkqk****",
    "review_id": "6428658",
    "movie_id": "32900"
  },
  {
    "review": "현실성이 많이 떨어지긴하지만, 영화는 영화니까.. 킬링타임용으로 굿!",
    "date": "12.06.08",
    "rating": "8",
    "author": "gshh****",
    "review_id": "6377727",
    "movie_id": "32900"
  },
  {
    "review": "너무 재밌네요",
    "date": "12.06.02",
    "rating": "10",
    "author": "okeu****",
    "review_id": "6358376",
    "movie_id": "32900"
  },
  {
    "review": "매우 재밌네요",
    "date": "12.05.23",
    "rating": "10",
    "author": "srg1****",
    "review_id": "6326276",
    "movie_id": "32900"
  },
  {
    "review": "재미뜸",
    "date": "12.05.01",
    "rating": "10",
    "author": "0107****",
    "review_id": "6263734",
    "movie_id": "32900"
  },
  {
    "review": "하버드로스쿨이 장난인가...마지막 법정씬은 정말 최악이다 억지감동주기-_-",
    "date": "12.04.30",
    "rating": "1",
    "author": "bead****",
    "review_id": "6260420",
    "movie_id": "32900"
  },
  {
    "review": "상큼 발랄한 영화 ~ 주인공 선정을 잘 한듯",
    "date": "12.04.01",
    "rating": "8",
    "author": "o0o1****",
    "review_id": "6184988",
    "movie_id": "32900"
  },
  {
    "review": "거짓말 안하고 10번은 본영화임 ㅋ 재밋뜸",
    "date": "12.03.11",
    "rating": "10",
    "author": "issu****",
    "review_id": "6136153",
    "movie_id": "32900"
  },
  {
    "review": "또 보고싶은 영화~",
    "date": "12.03.04",
    "rating": "10",
    "author": "ryol****",
    "review_id": "6123099",
    "movie_id": "32900"
  },
  {
    "review": "아 진짜 자기전에 볼라했는데 너무 재밌어서 2시까지 보다잠 ㅋㅋ",
    "date": "12.03.04",
    "rating": "10",
    "author": "dbse****",
    "review_id": "6121963",
    "movie_id": "32900"
  },
  {
    "review": "리즈 매력이 넘치는 듯",
    "date": "12.02.26",
    "rating": "7",
    "author": "phw3****",
    "review_id": "6106032",
    "movie_id": "32900"
  },
  {
    "review": "유쾌하고 활력을 주네요  신선해요^^",
    "date": "12.02.23",
    "rating": "8",
    "author": "rudg****",
    "review_id": "6096888",
    "movie_id": "32900"
  },
  {
    "review": "ㅋㅋ 재미있는 영화 같아요^^",
    "date": "12.02.13",
    "rating": "9",
    "author": "jung****",
    "review_id": "6072295",
    "movie_id": "32900"
  },
  {
    "review": "보는내내 기분좋게만드는영화 !!~내인생은얼마든지바꿀수있다는자신감을얻었음",
    "date": "12.02.02",
    "rating": "10",
    "author": "icn2****",
    "review_id": "6044821",
    "movie_id": "32900"
  },
  {
    "review": "아 이런거 너무좋아 ㅋㅋㅋ",
    "date": "12.01.23",
    "rating": "10",
    "author": "jhti****",
    "review_id": "6011339",
    "movie_id": "32900"
  },
  {
    "review": "재미있고 웃기네...ㅋㅋ...열정 + 항상 자신을 믿으세요...ㅎㅎ",
    "date": "12.01.18",
    "rating": "9",
    "author": "mrjs****",
    "review_id": "5995890",
    "movie_id": "32900"
  }
]