[
  {
    "review": "코믹하면서도 굉장히 수준높았다. 유머나 재치의 수준도 상당했고 배우들 대부분이 춤과 노래가 상당한 수준까지 되는 실력자들이었다. 이 정도 레벨의 미드도 드물다고 생각한다.",
    "date": "15.04.19",
    "rating": "9",
    "author": "hack****",
    "review_id": "9852696",
    "movie_id": "32904"
  },
  {
    "review": "어릴때잼나게보던미드!!다시안하나용??ㅠㅠ",
    "date": "13.09.24",
    "rating": "10",
    "author": "sere****",
    "review_id": "8012977",
    "movie_id": "32904"
  },
  {
    "review": "예나 지금이나 언제나 봐도 재미있다..그리고 Kristen Johnston는  넘 매력적야..ㅋㅋ",
    "date": "13.02.12",
    "rating": "9",
    "author": "mich****",
    "review_id": "7256538",
    "movie_id": "32904"
  },
  {
    "review": "타미 타미 타미 이 대사때 대박.... 프렌치스튜어트 성님의 전성기 시절 코미디도 극강",
    "date": "12.12.02",
    "rating": "8",
    "author": "hlov****",
    "review_id": "6957802",
    "movie_id": "32904"
  },
  {
    "review": "다시 보고싶다. 추억의 시트콤",
    "date": "12.09.25",
    "rating": "10",
    "author": "nebg****",
    "review_id": "6730603",
    "movie_id": "32904"
  },
  {
    "review": "재미있어요- 조셉이 갑자기 너무 훈훈해져서 놀라기도 함.",
    "date": "12.08.05",
    "rating": "8",
    "author": "ksya****",
    "review_id": "6574492",
    "movie_id": "32904"
  },
  {
    "review": "후반시즌서 재미가 좀 떨어졌지만, 그래도 정말 재밌게 봄. 존 리스고는 정말 최고~",
    "date": "11.11.17",
    "rating": "10",
    "author": "phyr****",
    "review_id": "5854027",
    "movie_id": "32904"
  },
  {
    "review": "Best of the best!!!! 정말 최고중에 최고인 시트콤!! 존리스고의 천재적인 연기!!!",
    "date": "11.10.06",
    "rating": "10",
    "author": "cooo****",
    "review_id": "5773961",
    "movie_id": "32904"
  },
  {
    "review": "능청스러운 연기들이 일품",
    "date": "11.05.06",
    "rating": "8",
    "author": "ccpk****",
    "review_id": "5410639",
    "movie_id": "32904"
  },
  {
    "review": "시리즈 전체를 다시 보고 싶은데 못 구하겠네",
    "date": "11.05.06",
    "rating": "8",
    "author": "rame****",
    "review_id": "5410636",
    "movie_id": "32904"
  },
  {
    "review": "캐릭터들 하나하나가 개성있고 웃기다",
    "date": "11.05.06",
    "rating": "8",
    "author": "kpcc****",
    "review_id": "5410635",
    "movie_id": "32904"
  },
  {
    "review": "평점이이렇게높을필요까지는없는 보통 코미디",
    "date": "11.01.09",
    "rating": "3",
    "author": "mins****",
    "review_id": "5143071",
    "movie_id": "32904"
  },
  {
    "review": "대박 재밌어요ㅋㅋㅋㅋㅋㅋㅋㅋㅋㅋㅋㅋㅋㅋㅋ",
    "date": "10.08.07",
    "rating": "10",
    "author": "sizu****",
    "review_id": "4719133",
    "movie_id": "32904"
  },
  {
    "review": "이 시트콤 통합자막과 함께 구하고파요~ 웃기는 것만 따지면 프렌즈보다 나음~ ^^",
    "date": "10.07.27",
    "rating": "10",
    "author": "aliv****",
    "review_id": "4676224",
    "movie_id": "32904"
  },
  {
    "review": "아 짱웃겨 ㅋㅋㅋㅋㅋ  이걸 왜 이제 봤나 싶다",
    "date": "10.03.18",
    "rating": "10",
    "author": "adel****",
    "review_id": "4364232",
    "movie_id": "32904"
  },
  {
    "review": "최고의 미 씨트콤!  아 정말 이 티비 시리즈 구할 수 없나? 소장하고 싶다. ㅠㅠ",
    "date": "10.01.21",
    "rating": "10",
    "author": "saks****",
    "review_id": "4194149",
    "movie_id": "32904"
  },
  {
    "review": "위트 웃음 혁명적 설정이 이따금 튀쳐 나왔던",
    "date": "10.01.19",
    "rating": "8",
    "author": "erhe****",
    "review_id": "4188680",
    "movie_id": "32904"
  },
  {
    "review": "이건 전설",
    "date": "09.10.14",
    "rating": "10",
    "author": "cheo****",
    "review_id": "3891798",
    "movie_id": "32904"
  },
  {
    "review": "보고나면 얼굴근육이 다 욱씬거린다.",
    "date": "07.09.10",
    "rating": "10",
    "author": "1986****",
    "review_id": "2013263",
    "movie_id": "32904"
  },
  {
    "review": "관람 내내 웃음이 절로 나오는 TV 시리즈",
    "date": "07.06.10",
    "rating": "10",
    "author": "narc****",
    "review_id": "1694667",
    "movie_id": "32904"
  },
  {
    "review": "꽤나 재미있게 즐겼던 시리즈물",
    "date": "07.03.01",
    "rating": "8",
    "author": "nala****",
    "review_id": "1510553",
    "movie_id": "32904"
  },
  {
    "review": "프렌즈 보다 재미있다. 최고의 시트콤",
    "date": "07.02.22",
    "rating": "9",
    "author": "free****",
    "review_id": "1493608",
    "movie_id": "32904"
  },
  {
    "review": "외계인이라는 설정에서 먹고 들어간다.",
    "date": "06.10.15",
    "rating": "8",
    "author": "jm_j****",
    "review_id": "1182113",
    "movie_id": "32904"
  },
  {
    "review": "유쾌하구만",
    "date": "06.08.13",
    "rating": "10",
    "author": "zeed****",
    "review_id": "1024603",
    "movie_id": "32904"
  },
  {
    "review": "조셉 고든 레빗 짱~",
    "date": "06.07.26",
    "rating": "10",
    "author": "blac****",
    "review_id": "923260",
    "movie_id": "32904"
  },
  {
    "review": "이런 재미없는 외화는 왜 수입하는거야.;;;;",
    "date": "06.02.01",
    "rating": "1",
    "author": "lind****",
    "review_id": "639606",
    "movie_id": "32904"
  },
  {
    "review": "제발.. 다시 보고싶다.",
    "date": "05.08.03",
    "rating": "10",
    "author": "just****",
    "review_id": "350436",
    "movie_id": "32904"
  },
  {
    "review": "너무재밌음.첨엔시렀는데 볼수록 빠져듭니다..느끼는점도있구여",
    "date": "05.07.09",
    "rating": "10",
    "author": "imai****",
    "review_id": "317147",
    "movie_id": "32904"
  },
  {
    "review": "정말 유쾌하고 원초적인 즐거움(-_-;;)을 노래하는 시트콤",
    "date": "05.06.08",
    "rating": "10",
    "author": "k971****",
    "review_id": "296064",
    "movie_id": "32904"
  },
  {
    "review": "진짜 좋아 프렌즈앨리솔로몬 짱 ~~",
    "date": "05.03.20",
    "rating": "10",
    "author": "sybl****",
    "review_id": "244369",
    "movie_id": "32904"
  },
  {
    "review": "전요즘에야보는데진짜이거기다리는재미에삽니다ㅠ_ㅠ 말이필요없음!진짜재밌음!",
    "date": "05.01.13",
    "rating": "10",
    "author": "eun_****",
    "review_id": "184695",
    "movie_id": "32904"
  },
  {
    "review": "정말 재미있습니다. ^^ 요즘또 재방송하던데...",
    "date": "05.01.05",
    "rating": "10",
    "author": "punk****",
    "review_id": "177963",
    "movie_id": "32904"
  },
  {
    "review": "한 5년 전에 이거 보다가 실신하는 줄 알았어요.^^ 시트콤의 최고봉!",
    "date": "05.01.03",
    "rating": "10",
    "author": "xian****",
    "review_id": "176464",
    "movie_id": "32904"
  },
  {
    "review": "미국식 개그의 진수.최고정점에 서있음",
    "date": "05.01.03",
    "rating": "10",
    "author": "flyp****",
    "review_id": "176321",
    "movie_id": "32904"
  },
  {
    "review": "요새 나오고 있는데 최강 재밌네!!!",
    "date": "04.12.12",
    "rating": "10",
    "author": "hoor****",
    "review_id": "161171",
    "movie_id": "32904"
  },
  {
    "review": "다시 보고싶은 시트콤...정말 재미있었는데 ㅠ_ㅠ",
    "date": "04.11.28",
    "rating": "10",
    "author": "nher****",
    "review_id": "153341",
    "movie_id": "32904"
  },
  {
    "review": "최고로 잼있는 시트콤!! 다시 보고싶다~~",
    "date": "04.09.27",
    "rating": "10",
    "author": "kcop****",
    "review_id": "115704",
    "movie_id": "32904"
  },
  {
    "review": "정말 웃깁니다. 내가 봤던 시트콤 중에서 젤 웃김.",
    "date": "04.08.03",
    "rating": "10",
    "author": "kpcc****",
    "review_id": "82532",
    "movie_id": "32904"
  },
  {
    "review": "재밌게 봤던 외화시리즈^^",
    "date": "04.06.19",
    "rating": "8",
    "author": "akfl****",
    "review_id": "56749",
    "movie_id": "32904"
  }
]