[
  {
    "review": "정말 시간이 지날수록 잊을만하면 생각나는 명작 만화!",
    "date": "15.08.17",
    "rating": "10",
    "author": "witg****",
    "review_id": "10246959",
    "movie_id": "32911"
  },
  {
    "review": "처음 댓글 단다 뭔 말이 필요해",
    "date": "15.08.17",
    "rating": "10",
    "author": "wjdd****",
    "review_id": "10246587",
    "movie_id": "32911"
  },
  {
    "review": "단연코 최고의 애니메이션",
    "date": "15.08.09",
    "rating": "10",
    "author": "tmvj****",
    "review_id": "10207651",
    "movie_id": "32911"
  },
  {
    "review": "Bang! -스파이크-",
    "date": "15.06.30",
    "rating": "10",
    "author": "hong****",
    "review_id": "10055341",
    "movie_id": "32911"
  },
  {
    "review": "말이 필요허냐 ????",
    "date": "15.05.29",
    "rating": "10",
    "author": "wnsg****",
    "review_id": "9958721",
    "movie_id": "32911"
  },
  {
    "review": "다 필요없고 레전설 음악 영상미 스토리 전개방식 그 시대를 앞서나감",
    "date": "15.05.20",
    "rating": "10",
    "author": "yayo****",
    "review_id": "9934378",
    "movie_id": "32911"
  },
  {
    "review": "음악, 배경, 그리고 스파이크.. 사랑한다! ㅠㅠ",
    "date": "15.05.18",
    "rating": "10",
    "author": "arta****",
    "review_id": "9928053",
    "movie_id": "32911"
  },
  {
    "review": "애니 매니아라면 꼭 한번은 봐야져 명작!",
    "date": "15.05.16",
    "rating": "10",
    "author": "skff****",
    "review_id": "9922039",
    "movie_id": "32911"
  },
  {
    "review": "관람평가자 300명중에 9점 이상이 86%나 되는데 그리 설명을 해야할 필요가 있나?",
    "date": "15.04.12",
    "rating": "10",
    "author": "dizz****",
    "review_id": "9843128",
    "movie_id": "32911"
  },
  {
    "review": "The Best 한번은 봐야 할 애니메이션",
    "date": "15.03.10",
    "rating": "10",
    "author": "aceh****",
    "review_id": "9770080",
    "movie_id": "32911"
  },
  {
    "review": "무슨말이 필요하랴 비밥이다",
    "date": "15.03.08",
    "rating": "10",
    "author": "jisp****",
    "review_id": "9764715",
    "movie_id": "32911"
  },
  {
    "review": "느와르애니의 모범 답안",
    "date": "15.02.22",
    "rating": "10",
    "author": "kkmi****",
    "review_id": "9726469",
    "movie_id": "32911"
  },
  {
    "review": "째즈기반 ost 일품임.. 분위기 있고, 자신을 되돌아 보게 만듬.",
    "date": "15.02.19",
    "rating": "10",
    "author": "pinc****",
    "review_id": "9712148",
    "movie_id": "32911"
  },
  {
    "review": "스토리의 개연성이 다소 아쉽지만 작화력과 작품에 스며든 ost가 정말 인상적이다. tv판보다는 아쉽지만 여러번 볼만한 흡입력이 더 이상 말이 필요없다.",
    "date": "15.02.09",
    "rating": "10",
    "author": "gar2****",
    "review_id": "9681576",
    "movie_id": "32911"
  },
  {
    "review": "이거 본 지가 언젠데 아직도 평점을 안 매기다니.. 애니를 좋아하지 않는 나에게 카우보이 비밥은 가히 '우상'이라 해도 과언이 아닌 작품이었다.",
    "date": "15.02.06",
    "rating": "10",
    "author": "ljk1****",
    "review_id": "9671175",
    "movie_id": "32911"
  },
  {
    "review": "2 % 아쉽다는 평이 생각보다 많네... 개인적으로 내가 본 최고의 극장판이였다. 게다가 원작에 전혀 꿀릴 것 없는 스토리,메시지, 그리고 원작을 뛰어넘는 퀄리티는 환상적이고.",
    "date": "14.12.31",
    "rating": "10",
    "author": "hamj****",
    "review_id": "9542118",
    "movie_id": "32911"
  },
  {
    "review": "TV시리즈도, 극장판도 개연성이 부족한 느낌이 들지만, OST와 작화력이 씹어먹어버린다.",
    "date": "14.12.28",
    "rating": "10",
    "author": "52no****",
    "review_id": "9528039",
    "movie_id": "32911"
  },
  {
    "review": "내인생최고의애니극장판도실망시키지않는다",
    "date": "14.12.27",
    "rating": "10",
    "author": "ksb3****",
    "review_id": "9524352",
    "movie_id": "32911"
  },
  {
    "review": "정말말이 필요없던 만화 최고의명작 무슨말이 필요하나 이것때문에 박완규도 알았지 중딩때 카툰투니버스 채널 혹시나하는마음에 많이도 돌려봤지 아 그립다 ~",
    "date": "14.12.11",
    "rating": "10",
    "author": "gkrw****",
    "review_id": "9466022",
    "movie_id": "32911"
  },
  {
    "review": "카우보이 비밥 특유의 분위기와 재즈는 언제나 좋지만 지루해지는 면이 없지않아 있음 액션은 좋지만 단순히 에피소드가 하나 추가된 것 같은 느낌도 듦 그래도 카우보이 비밥은 옳다",
    "date": "14.12.07",
    "rating": "8",
    "author": "ayun****",
    "review_id": "9456873",
    "movie_id": "32911"
  },
  {
    "review": "See you space cowboy...",
    "date": "14.11.23",
    "rating": "10",
    "author": "kgh9****",
    "review_id": "9415219",
    "movie_id": "32911"
  },
  {
    "review": "남자의 애니 아닙니까!!",
    "date": "14.11.22",
    "rating": "10",
    "author": "kiri****",
    "review_id": "9409167",
    "movie_id": "32911"
  },
  {
    "review": "옛날 애니라 그런가 연출이나 비주얼은 많이 떨어짐",
    "date": "14.11.07",
    "rating": "7",
    "author": "kbj3****",
    "review_id": "9349173",
    "movie_id": "32911"
  },
  {
    "review": "더 올려야한다 더,,더,...",
    "date": "14.10.16",
    "rating": "10",
    "author": "skmi****",
    "review_id": "9296252",
    "movie_id": "32911"
  },
  {
    "review": "OO 개한민국 새끼들. 이 세계적인 명작에 오리지널 성우 이름도 안 넣었네. 존나 미개하다 원시인 새끼들",
    "date": "14.10.05",
    "rating": "10",
    "author": "rlfe****",
    "review_id": "9264678",
    "movie_id": "32911"
  },
  {
    "review": "멋지다. 멋지다라는 한마디로 정리할 수 있다..",
    "date": "14.09.14",
    "rating": "10",
    "author": "ehdb****",
    "review_id": "9214836",
    "movie_id": "32911"
  },
  {
    "review": "액션 그냥 그렇던데요...",
    "date": "14.09.11",
    "rating": "5",
    "author": "ssys****",
    "review_id": "9205106",
    "movie_id": "32911"
  },
  {
    "review": "후속작은 더이상 나오지 말길.",
    "date": "14.09.01",
    "rating": "10",
    "author": "dnrz****",
    "review_id": "9152363",
    "movie_id": "32911"
  },
  {
    "review": "현실의 문을 찾지 마라 여긴 이미 현실이다",
    "date": "14.08.29",
    "rating": "10",
    "author": "tlsq****",
    "review_id": "9144675",
    "movie_id": "32911"
  },
  {
    "review": "티비판이 얼마없었던이유가 도저히 이애니는 작가도 그렇고 더이상 뭔가를 더 건드리기 힘들다 이미 스토리가 완벽해져있었기에 더이상 무언가를 손대기엔 이미 완성형이었다",
    "date": "14.08.27",
    "rating": "10",
    "author": "nice****",
    "review_id": "9137072",
    "movie_id": "32911"
  },
  {
    "review": "내가 이런 명작을 늦게 봤다니...감동적이야...",
    "date": "14.07.28",
    "rating": "10",
    "author": "asbi****",
    "review_id": "8975792",
    "movie_id": "32911"
  },
  {
    "review": "진짜..진짜 대작이다.. 후유증 땜에 미치겠어ㅠㅠㅠ",
    "date": "14.07.28",
    "rating": "10",
    "author": "zura****",
    "review_id": "8971677",
    "movie_id": "32911"
  },
  {
    "review": "몬스터, 카우보이 비밥 내 인생 최고의 만화들...",
    "date": "14.07.26",
    "rating": "10",
    "author": "wngu****",
    "review_id": "8961724",
    "movie_id": "32911"
  },
  {
    "review": "그시대에선 시대를 앞서간 초월작이지",
    "date": "14.07.15",
    "rating": "10",
    "author": "kim9****",
    "review_id": "8917594",
    "movie_id": "32911"
  },
  {
    "review": "지금까지 보았던 애니는 별로없지만 본애니중에 정말 최고인것같다",
    "date": "14.07.14",
    "rating": "10",
    "author": "9910****",
    "review_id": "8916210",
    "movie_id": "32911"
  },
  {
    "review": "ㅋㅋㅋ 이거 평점 깐 것들 단언컨대 애니볼줄 모르거나 애기같은 만화나 좋아할 것에 틀림없소.",
    "date": "14.07.09",
    "rating": "10",
    "author": "alka****",
    "review_id": "8897461",
    "movie_id": "32911"
  },
  {
    "review": "최고!  애니중 단연컨대 최고라 자부한다.  음악,영상,스토리,캐릭터 하나하나 섬새하고 멋들어진다.",
    "date": "14.06.29",
    "rating": "10",
    "author": "bril****",
    "review_id": "8869636",
    "movie_id": "32911"
  },
  {
    "review": "트렌드를 이끈 수작. 에니메이션의 한 역사.",
    "date": "14.06.26",
    "rating": "8",
    "author": "tear****",
    "review_id": "8857561",
    "movie_id": "32911"
  },
  {
    "review": "말이 필요없다  이런 명작 또 안만드나?",
    "date": "14.06.19",
    "rating": "10",
    "author": "tjde****",
    "review_id": "8839885",
    "movie_id": "32911"
  },
  {
    "review": "하나의 아트다 억지로 교훈이나 시사하는바를 찾아내려 할 필요없다. 그냥 마치 작품처럼 느끼면 된다. 그게 매력인것 같다.",
    "date": "14.06.16",
    "rating": "10",
    "author": "cool****",
    "review_id": "8834312",
    "movie_id": "32911"
  },
  {
    "review": "애니메이션 보단 부진한 느낌이 들지만 그래도 비밥이다.",
    "date": "14.06.15",
    "rating": "10",
    "author": "ccc8****",
    "review_id": "8833798",
    "movie_id": "32911"
  },
  {
    "review": "말이 필요없다...20세기 최고의 애니중 하나.",
    "date": "14.06.14",
    "rating": "10",
    "author": "oys1****",
    "review_id": "8830078",
    "movie_id": "32911"
  },
  {
    "review": "모든게 스파이크의 꿈이란 말인가?",
    "date": "14.06.07",
    "rating": "9",
    "author": "ykdi****",
    "review_id": "8808432",
    "movie_id": "32911"
  },
  {
    "review": "실망했다면 한번더 보길.",
    "date": "14.06.06",
    "rating": "10",
    "author": "hspl****",
    "review_id": "8801330",
    "movie_id": "32911"
  },
  {
    "review": "이런애니 하나만 더 나왔으면좋겠다아직 이길 애니는 없는듯",
    "date": "14.05.27",
    "rating": "10",
    "author": "2yee****",
    "review_id": "8769533",
    "movie_id": "32911"
  },
  {
    "review": "그냥 TV시리즈 에피소드 하나 추가된 정도의 스토리라 실망도 있었지만 작화, 음악 모든것이 완벽",
    "date": "14.05.20",
    "rating": "8",
    "author": "josh****",
    "review_id": "8749576",
    "movie_id": "32911"
  },
  {
    "review": "오리지널의 위트와 비장미는 사라지고 허세만 남았다",
    "date": "14.05.11",
    "rating": "6",
    "author": "arkj****",
    "review_id": "8722343",
    "movie_id": "32911"
  },
  {
    "review": "미쳤다.. 할말이 없는 명작....",
    "date": "14.05.06",
    "rating": "10",
    "author": "milk****",
    "review_id": "8711923",
    "movie_id": "32911"
  },
  {
    "review": "말이 필요 없는 대작 ...",
    "date": "14.04.18",
    "rating": "10",
    "author": "hotv****",
    "review_id": "8657422",
    "movie_id": "32911"
  },
  {
    "review": "그냥 최고입니다. 최고 이 단어로 설명 끝.",
    "date": "14.04.18",
    "rating": "10",
    "author": "erwi****",
    "review_id": "8657204",
    "movie_id": "32911"
  },
  {
    "review": "들어가고싶은 영화다.",
    "date": "14.03.25",
    "rating": "10",
    "author": "ahrg****",
    "review_id": "8606156",
    "movie_id": "32911"
  },
  {
    "review": "하 역시 비밥이다 말이 필요없지",
    "date": "14.03.15",
    "rating": "10",
    "author": "kimd****",
    "review_id": "8578797",
    "movie_id": "32911"
  },
  {
    "review": "제발 후속 극장판 좀ㅜㅠ",
    "date": "14.03.09",
    "rating": "10",
    "author": "pino****",
    "review_id": "8566108",
    "movie_id": "32911"
  },
  {
    "review": "BANG!  캬아아아아",
    "date": "14.03.03",
    "rating": "10",
    "author": "psu7****",
    "review_id": "8554795",
    "movie_id": "32911"
  },
  {
    "review": "카우보이 비밥이라는 이름답게 뛰어난 작품성을 보였음",
    "date": "14.02.18",
    "rating": "10",
    "author": "asto****",
    "review_id": "8519568",
    "movie_id": "32911"
  },
  {
    "review": "역시...내 기대를 져버리지 않았다....",
    "date": "14.02.16",
    "rating": "10",
    "author": "zoqw****",
    "review_id": "8513309",
    "movie_id": "32911"
  },
  {
    "review": "대학시절 최고의 애니였지...",
    "date": "14.02.14",
    "rating": "10",
    "author": "sofk****",
    "review_id": "8507197",
    "movie_id": "32911"
  },
  {
    "review": "굳 대박임 스파이크 간지 작열",
    "date": "14.01.12",
    "rating": "10",
    "author": "dygk****",
    "review_id": "8377050",
    "movie_id": "32911"
  },
  {
    "review": "꼭봐라 두번봐라 세번봐라",
    "date": "14.01.05",
    "rating": "10",
    "author": "boy8****",
    "review_id": "8349871",
    "movie_id": "32911"
  },
  {
    "review": "나한텐 좀 부족했다.. 쫌 많이",
    "date": "13.11.16",
    "rating": "6",
    "author": "46to****",
    "review_id": "8145716",
    "movie_id": "32911"
  },
  {
    "review": "초중딩때 카우보이비밥 잠깐 봤는데 재미없어서 접었는데 고딩때 다시보니 너무 재밌고 매력적 ... 어린나이에 느낄수 없었던 카우보이비밥만의 분위기와 느낌... 할리우드에서 현재 실사영화 제작중인데 언제쯤 나오려나 ㅠ 빨리좀 나와라 너무 기대된다 ㅎ",
    "date": "13.10.23",
    "rating": "10",
    "author": "fove****",
    "review_id": "8082025",
    "movie_id": "32911"
  },
  {
    "review": "음악때문에또보게된다",
    "date": "13.10.11",
    "rating": "10",
    "author": "bso9****",
    "review_id": "8053937",
    "movie_id": "32911"
  },
  {
    "review": "말이 필요 없다... 지금 봐도 세련된 영상미와 작화와 스토리..",
    "date": "13.08.28",
    "rating": "10",
    "author": "rkdw****",
    "review_id": "7929617",
    "movie_id": "32911"
  },
  {
    "review": "재밌어요ㅠㅠ진짜잘만든ㅠㅠ",
    "date": "13.08.22",
    "rating": "8",
    "author": "n940****",
    "review_id": "7910559",
    "movie_id": "32911"
  },
  {
    "review": "요즘 애니들이 본받아야할 대작임",
    "date": "13.08.13",
    "rating": "10",
    "author": "tmvk****",
    "review_id": "7875376",
    "movie_id": "32911"
  },
  {
    "review": "별로재미가없음",
    "date": "13.07.08",
    "rating": "7",
    "author": "real****",
    "review_id": "7718322",
    "movie_id": "32911"
  },
  {
    "review": "뭔말이필요함 카우보이 비밥인데",
    "date": "13.06.15",
    "rating": "10",
    "author": "lll2****",
    "review_id": "7644229",
    "movie_id": "32911"
  },
  {
    "review": "굿",
    "date": "13.06.06",
    "rating": "10",
    "author": "endy****",
    "review_id": "7595261",
    "movie_id": "32911"
  },
  {
    "review": "TV판을 따라잡기에는 부족했지 않나 싶다. 두시간 러닝타임속에서 테러리스트의 표현과 배경깔기에 대한 허세는 안타깝다. TV판 마지막화의 강한 여운 때문일까.",
    "date": "13.06.03",
    "rating": "6",
    "author": "inju****",
    "review_id": "7576374",
    "movie_id": "32911"
  },
  {
    "review": "연출과 음악, 표현력까지 걸작이라 할만하다.",
    "date": "13.06.01",
    "rating": "10",
    "author": "cs2k****",
    "review_id": "7567824",
    "movie_id": "32911"
  },
  {
    "review": "단연코 액션의 걸작애니메이션임ㅋ",
    "date": "13.05.31",
    "rating": "10",
    "author": "heer****",
    "review_id": "7564500",
    "movie_id": "32911"
  },
  {
    "review": "극장판 애니메이션 이라면 이정돈 되야한다. OST , 스토리 모든것이 마음에 들었다 하지만 중간에 약간 몰입이 끊긴게 아쉬웟다",
    "date": "13.05.23",
    "rating": "9",
    "author": "shkc****",
    "review_id": "7548958",
    "movie_id": "32911"
  },
  {
    "review": "12세 맞나?",
    "date": "13.04.21",
    "rating": "10",
    "author": "gree****",
    "review_id": "7473379",
    "movie_id": "32911"
  },
  {
    "review": "재밌더",
    "date": "13.04.09",
    "rating": "10",
    "author": "wngu****",
    "review_id": "7446053",
    "movie_id": "32911"
  },
  {
    "review": "말이 필요없다",
    "date": "13.02.27",
    "rating": "10",
    "author": "tndm****",
    "review_id": "7305804",
    "movie_id": "32911"
  },
  {
    "review": "2001년작이라....",
    "date": "13.02.26",
    "rating": "10",
    "author": "frog****",
    "review_id": "7305064",
    "movie_id": "32911"
  },
  {
    "review": "이거 평점 안줬었나? 10점",
    "date": "13.02.22",
    "rating": "10",
    "author": "ranf****",
    "review_id": "7288859",
    "movie_id": "32911"
  },
  {
    "review": "되도않는 대사가 많다는것은 분명하나, 그대사들을 하나하나씩 곱씹어보면 사건의 기승전결을 암시한다는것을 알수있다. 몇번을 봐도 질리지가 않는 대단한 애니;",
    "date": "13.02.09",
    "rating": "10",
    "author": "prin****",
    "review_id": "7244218",
    "movie_id": "32911"
  },
  {
    "review": "페이 따먹힐때 꼴림",
    "date": "13.02.04",
    "rating": "8",
    "author": "gong****",
    "review_id": "7223983",
    "movie_id": "32911"
  },
  {
    "review": "비밥의 분위기를 살리느라 스토리는 조금 아쉬웠지만 비밥 특유의 가슴에 남는 무언가의 분위기는 살려냈다.",
    "date": "13.01.28",
    "rating": "10",
    "author": "fhgk****",
    "review_id": "7189705",
    "movie_id": "32911"
  },
  {
    "review": "스파이크 스피겔...",
    "date": "13.01.12",
    "rating": "10",
    "author": "s407****",
    "review_id": "7104398",
    "movie_id": "32911"
  },
  {
    "review": "명작의 가치는 시대가 흘러도 변하지 않는다",
    "date": "12.12.23",
    "rating": "10",
    "author": "mapl****",
    "review_id": "7034815",
    "movie_id": "32911"
  },
  {
    "review": "재즈. 담배. 고독 .과거 . 총. 사냥꾼  그리고 우주  space 이 7개로 표현할수있달까나   you're gonna carry that weight",
    "date": "12.12.06",
    "rating": "10",
    "author": "sond****",
    "review_id": "6976790",
    "movie_id": "32911"
  },
  {
    "review": "작가가 확실히 영화로 나온다고 해서 신경을 쓴 흔적이 보이긴 한다. 하지만 영상미만 추구했는지... 스토리가 영 부실하다.",
    "date": "12.11.28",
    "rating": "9",
    "author": "rudl****",
    "review_id": "6933089",
    "movie_id": "32911"
  },
  {
    "review": "역시나 본편인쩌는 조금 지루한감이 있지만 액션만큼은 당연 최고",
    "date": "12.10.30",
    "rating": "10",
    "author": "kime****",
    "review_id": "6836941",
    "movie_id": "32911"
  },
  {
    "review": "극장판도 극장판이지만 본편 애니가 더 쩔었다.. 이것도 재밌고 감동적임.. 아직도 씨디 소장중",
    "date": "12.10.16",
    "rating": "10",
    "author": "orph****",
    "review_id": "6806554",
    "movie_id": "32911"
  },
  {
    "review": "은근한 분위기와 째즈가 어울리는 이 애니메이션을 처음 봤을때 난 십대였다.그땐 어른이 되면 제대로 분위기에 심취할 수 있으리라 생각했었다.....잊고있었던 어릴적 감성을 떠올리게 해준 고마운 영화다.",
    "date": "12.08.06",
    "rating": "9",
    "author": "mado****",
    "review_id": "6578200",
    "movie_id": "32911"
  },
  {
    "review": "10년전 애니란것을 감안하면 정말 대작이지 그때 나는 탱구와 울라쑝 보고 있었는데ㅋ",
    "date": "12.06.24",
    "rating": "10",
    "author": "jdw7****",
    "review_id": "6412966",
    "movie_id": "32911"
  },
  {
    "review": "약간 지루한면이 있었지만 전체적으로 재미 있었음",
    "date": "12.06.09",
    "rating": "8",
    "author": "tjda****",
    "review_id": "6379574",
    "movie_id": "32911"
  },
  {
    "review": "뭔가 약간 부족하것같다....",
    "date": "12.05.21",
    "rating": "8",
    "author": "samt****",
    "review_id": "6317585",
    "movie_id": "32911"
  },
  {
    "review": "다음은 없나요?",
    "date": "12.04.30",
    "rating": "9",
    "author": "tops****",
    "review_id": "6258599",
    "movie_id": "32911"
  },
  {
    "review": "나는 이 만화를 전혀 모른상태로 봤었는데 재밌었다",
    "date": "12.04.14",
    "rating": "9",
    "author": "o0o1****",
    "review_id": "6218127",
    "movie_id": "32911"
  },
  {
    "review": "만족~",
    "date": "12.04.11",
    "rating": "10",
    "author": "kle0****",
    "review_id": "6207570",
    "movie_id": "32911"
  },
  {
    "review": "다운된 스토리를 이렇게 풀어내다니 비밥스럽다",
    "date": "12.04.05",
    "rating": "10",
    "author": "skyq****",
    "review_id": "6194034",
    "movie_id": "32911"
  },
  {
    "review": "비밥은 역시 최고다!",
    "date": "12.01.24",
    "rating": "9",
    "author": "plut****",
    "review_id": "6014703",
    "movie_id": "32911"
  },
  {
    "review": "작화,퀄리티 그시절의 애니란게 믿기지않을정도로 좋았다 하지만 지루함은 뭐..",
    "date": "12.01.24",
    "rating": "7",
    "author": "ryqo****",
    "review_id": "6014268",
    "movie_id": "32911"
  },
  {
    "review": "2001년에 어떻게 이런게 나오냐 진짜..",
    "date": "12.01.02",
    "rating": "10",
    "author": "psye****",
    "review_id": "5955083",
    "movie_id": "32911"
  },
  {
    "review": "빈센트 마지막에 멋있었다, 하지만 지루한건 어쩔수 없네.. 전체적으로 지루하고 하",
    "date": "12.01.02",
    "rating": "7",
    "author": "ekds****",
    "review_id": "5954875",
    "movie_id": "32911"
  },
  {
    "review": "그림도, 스토리도 죄다 대충. 왜 만드는지 아리송하다.",
    "date": "11.12.18",
    "rating": "2",
    "author": "pria****",
    "review_id": "5913478",
    "movie_id": "32911"
  },
  {
    "review": "6.8",
    "date": "11.11.30",
    "rating": "6",
    "author": "one5****",
    "review_id": "5878625",
    "movie_id": "32911"
  }
]