[
  {
    "review": "멕시코의 치안상황과 부정부패. 그리고 마약조직의 강력함을 제대로 표현한것 같다",
    "date": "15.04.13",
    "rating": "10",
    "author": "hang****",
    "review_id": "9843959",
    "movie_id": "32912"
  },
  {
    "review": "시종일관 폼은 되게 잡는데 어째 멋있지가 않다",
    "date": "15.03.10",
    "rating": "6",
    "author": "sipj****",
    "review_id": "9771291",
    "movie_id": "32912"
  },
  {
    "review": "지나치게 멋만 들었다.",
    "date": "14.11.08",
    "rating": "5",
    "author": "cont****",
    "review_id": "9357644",
    "movie_id": "32912"
  },
  {
    "review": "이런영화가 즐거운거지.",
    "date": "14.10.03",
    "rating": "9",
    "author": "rand****",
    "review_id": "9259567",
    "movie_id": "32912"
  },
  {
    "review": "센스도 B급 정서도 들어있지않다 좀 더 잘 만들 수 있었을거늘..",
    "date": "14.08.02",
    "rating": "5",
    "author": "tumb****",
    "review_id": "9008964",
    "movie_id": "32912"
  },
  {
    "review": "화려한 캐스팅 대비 남는 것 없는 그냥 액션 영화.",
    "date": "14.07.10",
    "rating": "1",
    "author": "jjaj****",
    "review_id": "8900299",
    "movie_id": "32912"
  },
  {
    "review": "화려한 액션은 충분히 멋있었다. 또한 안토니오와 조니는 극배경과 잘 어울리는 것 같다.",
    "date": "14.03.30",
    "rating": "9",
    "author": "hsd5****",
    "review_id": "8617408",
    "movie_id": "32912"
  },
  {
    "review": "조니뎁 때문에 10점줌",
    "date": "14.02.06",
    "rating": "10",
    "author": "kbj1****",
    "review_id": "8481714",
    "movie_id": "32912"
  },
  {
    "review": "태어나서 본 영화중에 제일 재미없었음",
    "date": "13.09.17",
    "rating": "1",
    "author": "john****",
    "review_id": "7988084",
    "movie_id": "32912"
  },
  {
    "review": "보다 말았다. 전작을 다 봤다면 식상하는 스토리.",
    "date": "13.07.13",
    "rating": "3",
    "author": "heli****",
    "review_id": "7736381",
    "movie_id": "32912"
  },
  {
    "review": "ㅅ",
    "date": "13.03.23",
    "rating": "10",
    "author": "deok****",
    "review_id": "7400612",
    "movie_id": "32912"
  },
  {
    "review": "전작만 못하다. 비쥬얼은 화려해졌지만 그뿐이다 스토리 자체가 잘 이어지지않는다",
    "date": "13.03.21",
    "rating": "5",
    "author": "tidk****",
    "review_id": "7382642",
    "movie_id": "32912"
  },
  {
    "review": "데스페라도 만큼은 아니지만 수작임엔 틀림없다",
    "date": "13.02.02",
    "rating": "8",
    "author": "dlgo****",
    "review_id": "7213333",
    "movie_id": "32912"
  },
  {
    "review": "호화배역 화려한 액션 하지만 내용 전개는 좀 아쉽다",
    "date": "12.09.02",
    "rating": "7",
    "author": "fait****",
    "review_id": "6663089",
    "movie_id": "32912"
  },
  {
    "review": "쩌는 멕시코 간지 .. 한순간도 지루하지 않은 수작",
    "date": "12.07.30",
    "rating": "10",
    "author": "blue****",
    "review_id": "6553807",
    "movie_id": "32912"
  },
  {
    "review": "재밌었던대",
    "date": "12.04.24",
    "rating": "10",
    "author": "sphe****",
    "review_id": "6243396",
    "movie_id": "32912"
  },
  {
    "review": "졸다 졸다 꺼버렸다.. 평점을 논할 영화가 아니다!!",
    "date": "12.03.27",
    "rating": "1",
    "author": "rotj****",
    "review_id": "6173879",
    "movie_id": "32912"
  },
  {
    "review": "전형적인 로드리게즈식 비주얼, 모르면 닥치고...",
    "date": "12.03.05",
    "rating": "10",
    "author": "diab****",
    "review_id": "6124488",
    "movie_id": "32912"
  },
  {
    "review": "이건 데스페라도2가 아니다-_-",
    "date": "12.03.03",
    "rating": "4",
    "author": "kjsg****",
    "review_id": "6121399",
    "movie_id": "32912"
  },
  {
    "review": "좀 잔인한듯 하지만, 내용은 인과응보, 배우의 비쥬얼과 액션덕좀 봤다.",
    "date": "12.01.28",
    "rating": "7",
    "author": "crui****",
    "review_id": "6030066",
    "movie_id": "32912"
  },
  {
    "review": "멋진 음악이 영화 분위기 제대로 잡아준다..ost가 예술이야..마무리는 조금 미흡하다.",
    "date": "11.05.10",
    "rating": "9",
    "author": "xxww****",
    "review_id": "5420016",
    "movie_id": "32912"
  },
  {
    "review": "이번에는 기타방사기와 기타 미니카ㅋㅋㅋㅋㅋㅋㅋㅋㅋㅋㅋㅋㅋㅋㅋㅋ",
    "date": "11.03.28",
    "rating": "10",
    "author": "sca0****",
    "review_id": "5339134",
    "movie_id": "32912"
  },
  {
    "review": "최고의 액션영화!",
    "date": "11.02.27",
    "rating": "10",
    "author": "capa****",
    "review_id": "5280697",
    "movie_id": "32912"
  },
  {
    "review": "전설은 전설이다!",
    "date": "11.02.12",
    "rating": "10",
    "author": "twos****",
    "review_id": "5238466",
    "movie_id": "32912"
  },
  {
    "review": "액션은 좋은데 멜로가 많이 부족해진듯 스캐일은 커졌는데 복수가 없어진듯",
    "date": "11.01.07",
    "rating": "6",
    "author": "hjj5****",
    "review_id": "5137102",
    "movie_id": "32912"
  },
  {
    "review": "역시 끝내 주게 놀 줄 아는.",
    "date": "10.11.22",
    "rating": "7",
    "author": "cube****",
    "review_id": "4979156",
    "movie_id": "32912"
  },
  {
    "review": "OO같지만 너무 멋있는 영화~! 조니뎁 지못미~!!!!!!!!!! ㅠㅠ",
    "date": "10.10.03",
    "rating": "10",
    "author": "dudw****",
    "review_id": "4882398",
    "movie_id": "32912"
  },
  {
    "review": "조니뎁이 투우장에서 CIA라고 프린트된 티셔츠입고 투우사 전기충격줄때 우꼇다",
    "date": "10.08.25",
    "rating": "8",
    "author": "chj6****",
    "review_id": "4792105",
    "movie_id": "32912"
  },
  {
    "review": "음,,,이건 쫌별로였던 기억이 ~~~~~~~~",
    "date": "10.08.09",
    "rating": "6",
    "author": "fnsk****",
    "review_id": "4725577",
    "movie_id": "32912"
  },
  {
    "review": "코믹가 멋짐이 잘어울러진 가오킹영화 ㅋㅋ",
    "date": "10.06.16",
    "rating": "7",
    "author": "jame****",
    "review_id": "4568144",
    "movie_id": "32912"
  },
  {
    "review": "액션이라기 보다는 코메디에 가까운 영화. 그럼에도 불구하고 재밌는 영화.",
    "date": "10.06.03",
    "rating": "10",
    "author": "gend****",
    "review_id": "4541368",
    "movie_id": "32912"
  },
  {
    "review": "옛날 영화치곤 액션 화려함",
    "date": "10.04.16",
    "rating": "10",
    "author": "bumf****",
    "review_id": "4436655",
    "movie_id": "32912"
  },
  {
    "review": "퍼니셔가 못보여준 모든것",
    "date": "10.04.09",
    "rating": "10",
    "author": "klk3****",
    "review_id": "4422048",
    "movie_id": "32912"
  },
  {
    "review": "끝마무리가 별로긴하지만, 이영화를 재미없다하는건 자신을 바보라 하는것과 같다.",
    "date": "10.02.24",
    "rating": "9",
    "author": "w901****",
    "review_id": "4315513",
    "movie_id": "32912"
  },
  {
    "review": "액션만은 기막히다.",
    "date": "10.01.02",
    "rating": "7",
    "author": "rjsw****",
    "review_id": "4120008",
    "movie_id": "32912"
  },
  {
    "review": "재미없다..ㅠㅠ 조니뎁 캐릭터만 좋았음........ㅠㅠ",
    "date": "09.11.05",
    "rating": "10",
    "author": "rjal****",
    "review_id": "3938881",
    "movie_id": "32912"
  },
  {
    "review": "배우마저 영화를 살리지 못했다.......손발이 오글오글 내용은 좋은테 연출..",
    "date": "09.10.26",
    "rating": "2",
    "author": "rlaw****",
    "review_id": "3916884",
    "movie_id": "32912"
  },
  {
    "review": "기발함이 줄어든 대신 현란함이 늘었다",
    "date": "09.07.12",
    "rating": "7",
    "author": "skat****",
    "review_id": "3627845",
    "movie_id": "32912"
  },
  {
    "review": "OO 재밌군",
    "date": "09.06.18",
    "rating": "10",
    "author": "chlt****",
    "review_id": "3574140",
    "movie_id": "32912"
  },
  {
    "review": "폭력의 미학. 마리아치의 고독함, 분위기 좋은 영화",
    "date": "09.03.17",
    "rating": "10",
    "author": "nobo****",
    "review_id": "3371386",
    "movie_id": "32912"
  },
  {
    "review": "조니 뎁은 뭐야?",
    "date": "09.02.04",
    "rating": "8",
    "author": "mell****",
    "review_id": "3278164",
    "movie_id": "32912"
  },
  {
    "review": "이것도 그냥 깊은 생각말고 그냥 액션을 즐기는 거지뭐... 그럭저럭 재밌네.",
    "date": "09.01.19",
    "rating": "8",
    "author": "llti****",
    "review_id": "3231038",
    "movie_id": "32912"
  },
  {
    "review": "재미있어요 평점 낮은게 이해가안가네요",
    "date": "09.01.19",
    "rating": "10",
    "author": "ijh1****",
    "review_id": "3231025",
    "movie_id": "32912"
  },
  {
    "review": "로드리게즈 영화는? 매니아들을 위한 영화!!...고로 난 별5개",
    "date": "09.01.10",
    "rating": "10",
    "author": "jjan****",
    "review_id": "3208390",
    "movie_id": "32912"
  },
  {
    "review": "이것도 영화냐? 조니뎁때문에 봤다",
    "date": "08.11.28",
    "rating": "6",
    "author": "mins****",
    "review_id": "3077111",
    "movie_id": "32912"
  },
  {
    "review": "막나가는 스토리의 액션영화",
    "date": "08.10.24",
    "rating": "4",
    "author": "lshs****",
    "review_id": "3016366",
    "movie_id": "32912"
  },
  {
    "review": "로드리형 이게 뭐야!!!!",
    "date": "08.10.13",
    "rating": "6",
    "author": "seag****",
    "review_id": "2997982",
    "movie_id": "32912"
  },
  {
    "review": "보고나서 평점이 높은 명작인줄 알았더니.. 이게뭐니 ㅡㅡ;",
    "date": "08.10.02",
    "rating": "10",
    "author": "swk3****",
    "review_id": "2978734",
    "movie_id": "32912"
  },
  {
    "review": "골때리는 영화ㅋㅋㅋ 감추어진 명작??",
    "date": "08.08.28",
    "rating": "10",
    "author": "ddab****",
    "review_id": "2906957",
    "movie_id": "32912"
  },
  {
    "review": "조니뎁의 눈을 없앤 후 총을 쏘고, 맞고 하는 모습이 인상적이었다.",
    "date": "08.08.21",
    "rating": "10",
    "author": "han0****",
    "review_id": "2892551",
    "movie_id": "32912"
  },
  {
    "review": "옛날 옛적 멕시코엔 엘 마리아치가 살았다네.",
    "date": "08.08.10",
    "rating": "6",
    "author": "movi****",
    "review_id": "2859586",
    "movie_id": "32912"
  },
  {
    "review": "좀 이상한 영화",
    "date": "08.07.24",
    "rating": "6",
    "author": "do11****",
    "review_id": "2799475",
    "movie_id": "32912"
  },
  {
    "review": "죠니 뎁은 좋았다.",
    "date": "08.06.28",
    "rating": "5",
    "author": "caca****",
    "review_id": "2725350",
    "movie_id": "32912"
  },
  {
    "review": "터질듯 터질듯 하다 결국 안터지는 허무함",
    "date": "08.05.25",
    "rating": "6",
    "author": "jusp****",
    "review_id": "2663101",
    "movie_id": "32912"
  },
  {
    "review": "이번만큼은 관객의 입맛에 맞는 독특한 맛을 창조했다",
    "date": "08.05.18",
    "rating": "6",
    "author": "si2p****",
    "review_id": "2650272",
    "movie_id": "32912"
  },
  {
    "review": "엘 마리아치 3편으로 여전히 빛나는 감독과 배우들 스타일과 액션은 좋다",
    "date": "08.05.03",
    "rating": "8",
    "author": "deff****",
    "review_id": "2612699",
    "movie_id": "32912"
  },
  {
    "review": "조니뎁연기가 아니었담 볼 가치가 없는영화",
    "date": "08.04.30",
    "rating": "6",
    "author": "jdnf****",
    "review_id": "2607138",
    "movie_id": "32912"
  },
  {
    "review": "꿋꿋한 신념은 좋으나.. 아예 확 스타일로 가지도 못하고 어설픈 코미디밖에 못되었다",
    "date": "08.02.07",
    "rating": "6",
    "author": "bepl****",
    "review_id": "2417639",
    "movie_id": "32912"
  },
  {
    "review": "보기도 뭐하고 안보기도 뭐한.. 그냥 그런느낌..",
    "date": "08.02.06",
    "rating": "6",
    "author": "evil****",
    "review_id": "2414190",
    "movie_id": "32912"
  },
  {
    "review": "눈잃을때 그 아픔이란",
    "date": "08.01.19",
    "rating": "10",
    "author": "alfz****",
    "review_id": "2346726",
    "movie_id": "32912"
  },
  {
    "review": "내용이 난잡하고 허접하다...",
    "date": "08.01.12",
    "rating": "3",
    "author": "ghdd****",
    "review_id": "2323272",
    "movie_id": "32912"
  },
  {
    "review": "G o o D ^O^",
    "date": "08.01.10",
    "rating": "7",
    "author": "temp****",
    "review_id": "2314304",
    "movie_id": "32912"
  },
  {
    "review": "촌스럽지만 그만큼 쫀득쫀득한 볼거리들",
    "date": "08.01.02",
    "rating": "7",
    "author": "v292****",
    "review_id": "2291847",
    "movie_id": "32912"
  },
  {
    "review": "조니뎁 굿굿 !! 좀 볼만한대?ㅋㅋ",
    "date": "07.12.23",
    "rating": "8",
    "author": "fait****",
    "review_id": "2257254",
    "movie_id": "32912"
  },
  {
    "review": "데스페라도는 시원하게 봤다만 역시 후속작은 못만드는 감독..",
    "date": "07.12.05",
    "rating": "3",
    "author": "juni****",
    "review_id": "2207994",
    "movie_id": "32912"
  },
  {
    "review": "볼만",
    "date": "07.12.01",
    "rating": "7",
    "author": "ysuh****",
    "review_id": "2197730",
    "movie_id": "32912"
  },
  {
    "review": "액션 에 담긴 내공이 돋보이는 영화",
    "date": "07.11.20",
    "rating": "9",
    "author": "baks****",
    "review_id": "2168877",
    "movie_id": "32912"
  },
  {
    "review": "톡특한센스와 톡특한매력을가진 톡특한 B급영화",
    "date": "07.11.14",
    "rating": "8",
    "author": "r922****",
    "review_id": "2151563",
    "movie_id": "32912"
  },
  {
    "review": "뭔가를 충분히 발산하지 못한 느낌.",
    "date": "07.11.04",
    "rating": "7",
    "author": "psyc****",
    "review_id": "2131870",
    "movie_id": "32912"
  },
  {
    "review": "진짜 샌즈 넘 멋져요♡ 가벼운 마음으로 즐기면서 보면 좋을 영화",
    "date": "07.11.02",
    "rating": "8",
    "author": "enzh****",
    "review_id": "2128399",
    "movie_id": "32912"
  },
  {
    "review": "샌즈 너무 좋다",
    "date": "07.09.17",
    "rating": "6",
    "author": "lufi****",
    "review_id": "2026315",
    "movie_id": "32912"
  },
  {
    "review": "약간은 어설픈면도 있었지만 엘마리아치완결편이라는게 중요하죠..",
    "date": "07.09.05",
    "rating": "8",
    "author": "ride****",
    "review_id": "2002115",
    "movie_id": "32912"
  },
  {
    "review": "엘마리아치 그리고 데스페라도를 봐야 완성되는 영화",
    "date": "07.08.25",
    "rating": "9",
    "author": "dame****",
    "review_id": "1977560",
    "movie_id": "32912"
  },
  {
    "review": "죠니뎁은 멋진데... 반데라스는 갈수록 살이찌는거... 나이탓?",
    "date": "07.08.07",
    "rating": "8",
    "author": "mini****",
    "review_id": "1895935",
    "movie_id": "32912"
  },
  {
    "review": "죠니뎁하고 안토니오 반데라스는 마음에 들어서",
    "date": "07.07.06",
    "rating": "7",
    "author": "kana****",
    "review_id": "1751682",
    "movie_id": "32912"
  },
  {
    "review": "감독 대실망이다. 호화 배역진이 아깝다. 죽도 밥도 안된 엉성함",
    "date": "07.07.03",
    "rating": "3",
    "author": "ldgu****",
    "review_id": "1742433",
    "movie_id": "32912"
  },
  {
    "review": "액션만 좋았고 스토리랑 전개는.., 좀 꽝이다/",
    "date": "07.06.26",
    "rating": "8",
    "author": "minh****",
    "review_id": "1723089",
    "movie_id": "32912"
  },
  {
    "review": "극장에서 본게 후회",
    "date": "07.06.25",
    "rating": "4",
    "author": "9339****",
    "review_id": "1720378",
    "movie_id": "32912"
  },
  {
    "review": "다는 안봤지만 유치할것 같은 영화 ㅋㅋ 기타들고 액션~!",
    "date": "07.06.21",
    "rating": "6",
    "author": "eggm****",
    "review_id": "1712161",
    "movie_id": "32912"
  },
  {
    "review": "별로",
    "date": "07.06.19",
    "rating": "5",
    "author": "ukhk****",
    "review_id": "1709165",
    "movie_id": "32912"
  },
  {
    "review": "조니뎁의 나른함과 라틴계 영화의 느낌을 사랑한다면 미칠수 있다.",
    "date": "07.06.12",
    "rating": "9",
    "author": "pant****",
    "review_id": "1697482",
    "movie_id": "32912"
  },
  {
    "review": "좋았다 멕시코의 분위기가 물씬 풍겨온다.",
    "date": "07.06.11",
    "rating": "9",
    "author": "like****",
    "review_id": "1696590",
    "movie_id": "32912"
  },
  {
    "review": "지극히 주관적일 순 있으나, 나에게 매력적으로 느껴진 수작.",
    "date": "07.05.25",
    "rating": "9",
    "author": "yong****",
    "review_id": "1658782",
    "movie_id": "32912"
  },
  {
    "review": "재미없다",
    "date": "07.05.24",
    "rating": "1",
    "author": "pung****",
    "review_id": "1656214",
    "movie_id": "32912"
  },
  {
    "review": "매니아 말고는 보지말아야 할 영화",
    "date": "07.05.12",
    "rating": "1",
    "author": "nala****",
    "review_id": "1634230",
    "movie_id": "32912"
  },
  {
    "review": "총을 멋으로 쏘나, 멋으로 총을 쏘나?",
    "date": "07.05.06",
    "rating": "7",
    "author": "alex****",
    "review_id": "1624497",
    "movie_id": "32912"
  },
  {
    "review": "로드리게즈의 의도가 궁금하다.. 멕시코? 멕시코!",
    "date": "07.04.06",
    "rating": "5",
    "author": "nirv****",
    "review_id": "1574991",
    "movie_id": "32912"
  },
  {
    "review": "난 재밌었는데..거의 코미디영화로 봤음",
    "date": "07.04.01",
    "rating": "8",
    "author": "juso****",
    "review_id": "1567361",
    "movie_id": "32912"
  },
  {
    "review": "영화인으로서 회의를 느끼게 한 영화!!!",
    "date": "07.03.25",
    "rating": "1",
    "author": "wide****",
    "review_id": "1553536",
    "movie_id": "32912"
  },
  {
    "review": "내가 본 가장 멕시코적인 영상!!",
    "date": "07.03.12",
    "rating": "8",
    "author": "junb****",
    "review_id": "1530828",
    "movie_id": "32912"
  },
  {
    "review": "반데라스는 별로다. 죠니뎁은 괜찮다",
    "date": "07.03.12",
    "rating": "5",
    "author": "cdsh****",
    "review_id": "1530421",
    "movie_id": "32912"
  },
  {
    "review": "와 진짜 멋진영화 그리고 조니뎁 남자가봐도 매력있음",
    "date": "07.03.11",
    "rating": "10",
    "author": "yong****",
    "review_id": "1530373",
    "movie_id": "32912"
  },
  {
    "review": "완전황당 방금장님된 사람한테 총든2놈이 죽는다",
    "date": "07.03.07",
    "rating": "1",
    "author": "sysh****",
    "review_id": "1523128",
    "movie_id": "32912"
  },
  {
    "review": "액션이 짱이다 조니뎁의 눈알이 빠질 때 가슴아팠음.",
    "date": "07.03.05",
    "rating": "8",
    "author": "kize****",
    "review_id": "1520798",
    "movie_id": "32912"
  },
  {
    "review": "헉..2003년영화였다니..옛날영화같은필이나는..ㅡㅡ;;",
    "date": "07.02.27",
    "rating": "4",
    "author": "ksj2****",
    "review_id": "1506509",
    "movie_id": "32912"
  },
  {
    "review": "솔직히 현제평점만큼의 기대를 채우진 못했다",
    "date": "07.02.27",
    "rating": "5",
    "author": "ysjh****",
    "review_id": "1505257",
    "movie_id": "32912"
  },
  {
    "review": "조니뎁의 매력은 여전했으며 반데라스의 카리스마도 백미",
    "date": "07.02.26",
    "rating": "9",
    "author": "choi****",
    "review_id": "1503670",
    "movie_id": "32912"
  },
  {
    "review": "진짜 조니 뎁이 개간지다.  리얼한 총쌈!",
    "date": "07.02.25",
    "rating": "7",
    "author": "bmka****",
    "review_id": "1501649",
    "movie_id": "32912"
  },
  {
    "review": "로드리게즈 답지 못하다 혼잡하고 센스없다",
    "date": "07.02.25",
    "rating": "3",
    "author": "okjo****",
    "review_id": "1501402",
    "movie_id": "32912"
  },
  {
    "review": "주인공은 마리아치인데 눈에 들어오는 건 샌즈.",
    "date": "07.02.25",
    "rating": "6",
    "author": "msky****",
    "review_id": "1501127",
    "movie_id": "32912"
  }
]