[
  {
    "review": "내인생 최고 애니중 하나...",
    "date": "15.07.07",
    "rating": "10",
    "author": "peni****",
    "review_id": "10077094",
    "movie_id": "32910"
  },
  {
    "review": "말이 필요없는 명작!!",
    "date": "15.06.16",
    "rating": "10",
    "author": "rlfe****",
    "review_id": "10004270",
    "movie_id": "32910"
  },
  {
    "review": "지금막 다시 정주행끝냈습니다 역시..",
    "date": "15.05.06",
    "rating": "10",
    "author": "hipp****",
    "review_id": "9898797",
    "movie_id": "32910"
  },
  {
    "review": "See You Space Cowboy...",
    "date": "15.02.23",
    "rating": "10",
    "author": "perf****",
    "review_id": "9732697",
    "movie_id": "32910"
  },
  {
    "review": "이렇게 멋있는 애니가 있었다니..",
    "date": "14.09.20",
    "rating": "10",
    "author": "rjp1****",
    "review_id": "9228087",
    "movie_id": "32910"
  },
  {
    "review": "최고다 말이필요없다 명작",
    "date": "14.09.05",
    "rating": "10",
    "author": "kpha****",
    "review_id": "9167949",
    "movie_id": "32910"
  },
  {
    "review": "상상력 연출 소재 캐릭터의 다양성 모든 면을 뛰어넘어 버리고 현재 방영되고있는 애니메이션이 넘볼수 없는 경지의 작품이 되어버린 애니메이션",
    "date": "14.09.01",
    "rating": "10",
    "author": "dnrz****",
    "review_id": "9152358",
    "movie_id": "32910"
  },
  {
    "review": "당시의 센세이션이 이해되는 최고의 작품",
    "date": "14.08.30",
    "rating": "10",
    "author": "tlsq****",
    "review_id": "9144692",
    "movie_id": "32910"
  },
  {
    "review": "이 애니가 고전이라서 단점으로 친다해도  장점이 너무 많아서 단점을 씹어버림.",
    "date": "14.08.29",
    "rating": "10",
    "author": "dizz****",
    "review_id": "9144060",
    "movie_id": "32910"
  },
  {
    "review": "이런 명작을 볼수있다는게 행복하다.",
    "date": "14.07.28",
    "rating": "10",
    "author": "asbi****",
    "review_id": "8975867",
    "movie_id": "32910"
  },
  {
    "review": "한 세대를 이끈 문화 아이콘.",
    "date": "14.06.26",
    "rating": "9",
    "author": "tear****",
    "review_id": "8857569",
    "movie_id": "32910"
  },
  {
    "review": "지금까지도 이 작품을 뛰어넘은 작품이 몇개 안됨",
    "date": "14.06.19",
    "rating": "10",
    "author": "tjde****",
    "review_id": "8839889",
    "movie_id": "32910"
  },
  {
    "review": "서로 언제든지 놓아줄 수 있을 것같은 얕은 관계인것 같은데, 위험할때는 목숨도 내걸고 함께 해주는 관계라는게 좀 신기했다. 내용도 좋고 캐릭터 개성, 노래, 연출., 작화 다 좋음..",
    "date": "14.04.13",
    "rating": "10",
    "author": "oasi****",
    "review_id": "8648710",
    "movie_id": "32910"
  },
  {
    "review": "흐 여운이 너무 남아서 돌아버리겟다 ㅠㅠ",
    "date": "14.04.02",
    "rating": "10",
    "author": "ksdd****",
    "review_id": "8623508",
    "movie_id": "32910"
  },
  {
    "review": "크..다시봐도 명작은 역시 명작이시다",
    "date": "14.02.24",
    "rating": "10",
    "author": "thda****",
    "review_id": "8534127",
    "movie_id": "32910"
  },
  {
    "review": "16년이 지나도 변치않을 진정한 명작",
    "date": "14.02.22",
    "rating": "10",
    "author": "asto****",
    "review_id": "8528284",
    "movie_id": "32910"
  },
  {
    "review": "최고의 작품성으로 인정!",
    "date": "14.02.22",
    "rating": "10",
    "author": "lucy****",
    "review_id": "8527466",
    "movie_id": "32910"
  },
  {
    "review": "세상에서제일재밌음헤헤",
    "date": "13.10.26",
    "rating": "10",
    "author": "9704****",
    "review_id": "8091742",
    "movie_id": "32910"
  },
  {
    "review": "어른이 봐도 공감할 수 있는 정말 몇안되는 일본 TV애니메이션....십대가 지나면 도저히 유치해서 못보는 제패니메이션이지만, 이 작품 하나만큼은 나이먹고서도 한번씩 찾아보게 된다. 특히 18화와 최종화의 라스트씬은 백미중의 백미",
    "date": "13.10.13",
    "rating": "10",
    "author": "jjwj****",
    "review_id": "8058811",
    "movie_id": "32910"
  },
  {
    "review": "내 생애 최고의 애니메이션",
    "date": "13.09.27",
    "rating": "10",
    "author": "cona****",
    "review_id": "8017577",
    "movie_id": "32910"
  },
  {
    "review": "최고다 시간가는줄 모름.",
    "date": "13.09.03",
    "rating": "10",
    "author": "wink****",
    "review_id": "7945697",
    "movie_id": "32910"
  },
  {
    "review": "정말 이렇게 세심하게 신경쓴 작품은 오랜만에 봅니다 특히 음악하고 잘어우러지는구요 할말이 없어요",
    "date": "13.08.13",
    "rating": "10",
    "author": "tmvk****",
    "review_id": "7875406",
    "movie_id": "32910"
  },
  {
    "review": "15년이 지난 지금까지도 명실공히 걸작중에 걸작",
    "date": "13.05.31",
    "rating": "10",
    "author": "heer****",
    "review_id": "7567593",
    "movie_id": "32910"
  },
  {
    "review": "미국imdb평점 9점에 빛나는 명작",
    "date": "13.03.20",
    "rating": "10",
    "author": "ded0****",
    "review_id": "7380557",
    "movie_id": "32910"
  },
  {
    "review": "최고의 명작",
    "date": "13.03.10",
    "rating": "10",
    "author": "spie****",
    "review_id": "7336475",
    "movie_id": "32910"
  },
  {
    "review": "개인적으로 꼽은 최고의 애니메이션",
    "date": "13.03.06",
    "rating": "10",
    "author": "viol****",
    "review_id": "7328302",
    "movie_id": "32910"
  },
  {
    "review": "개 명작 ...",
    "date": "13.02.06",
    "rating": "10",
    "author": "kkt0****",
    "review_id": "7229677",
    "movie_id": "32910"
  },
  {
    "review": "Bang!",
    "date": "13.01.22",
    "rating": "10",
    "author": "dhfh****",
    "review_id": "7154534",
    "movie_id": "32910"
  },
  {
    "review": "내인생의 한획을그었지 ㅎ",
    "date": "13.01.13",
    "rating": "10",
    "author": "wwww****",
    "review_id": "7110452",
    "movie_id": "32910"
  },
  {
    "review": "스파이크 스피겔... You're Gonna Carry That Weight   최고!!",
    "date": "13.01.12",
    "rating": "10",
    "author": "s407****",
    "review_id": "7104401",
    "movie_id": "32910"
  },
  {
    "review": "chlrh",
    "date": "12.12.16",
    "rating": "10",
    "author": "kyi7****",
    "review_id": "7010853",
    "movie_id": "32910"
  },
  {
    "review": "지금봐도 급이다른 느와르풍 만화...!",
    "date": "12.11.14",
    "rating": "10",
    "author": "dyfl****",
    "review_id": "6888568",
    "movie_id": "32910"
  },
  {
    "review": "21세기는 따라갈수없는 20세기 걸작. 걸작 좀 더 남겨줘요",
    "date": "12.10.30",
    "rating": "10",
    "author": "kime****",
    "review_id": "6836937",
    "movie_id": "32910"
  },
  {
    "review": "OST가 만들어내는 특유의 분위기와 불필요한 감성은 없는 절제와 나쁘지않은 영상.. 허세가 아닌 마초를 보여주는 정말 작품이다..",
    "date": "12.10.16",
    "rating": "10",
    "author": "jun9****",
    "review_id": "6806514",
    "movie_id": "32910"
  },
  {
    "review": "최고의 명작.......두고 두고 기억될....",
    "date": "12.10.13",
    "rating": "10",
    "author": "quda****",
    "review_id": "6794859",
    "movie_id": "32910"
  },
  {
    "review": "전체적으로 흐르는 느와르 분위기가 좋다~ 이외 스토리 작화 음악 다 좋다",
    "date": "12.06.29",
    "rating": "10",
    "author": "iii1****",
    "review_id": "6425167",
    "movie_id": "32910"
  },
  {
    "review": "영상과 음악, 스토리 완벽하다. 요새 유행과는 동떨어진 부분이 있긴 하지만",
    "date": "12.05.23",
    "rating": "10",
    "author": "tscm****",
    "review_id": "6324899",
    "movie_id": "32910"
  },
  {
    "review": "삶의 이상과 현실에 관한 혼란을 홍콩식 느와르로 비유한 걸작.",
    "date": "12.05.18",
    "rating": "10",
    "author": "iori****",
    "review_id": "6309237",
    "movie_id": "32910"
  },
  {
    "review": "깨고 싶지 않는 꿈 같은 완벽한 걸작",
    "date": "12.04.08",
    "rating": "10",
    "author": "tlpr****",
    "review_id": "6203066",
    "movie_id": "32910"
  },
  {
    "review": "지루하더라... 내용을 스파이크vs강력한적으로 계속 끌고갔으면좋았을것같은데..",
    "date": "12.04.01",
    "rating": "4",
    "author": "mr05****",
    "review_id": "6184721",
    "movie_id": "32910"
  },
  {
    "review": "전설이다. 작곡가 칸노 요코의 위엄이 잊혀지지 않는다.",
    "date": "12.03.23",
    "rating": "10",
    "author": "oof3****",
    "review_id": "6163188",
    "movie_id": "32910"
  },
  {
    "review": "감히 애니의 레전드라고 말하고 싶슴다.",
    "date": "12.03.13",
    "rating": "10",
    "author": "thsd****",
    "review_id": "6141778",
    "movie_id": "32910"
  },
  {
    "review": "어떻게 이런 작품이 나왔나 싶다.",
    "date": "12.02.14",
    "rating": "10",
    "author": "01aj****",
    "review_id": "6074456",
    "movie_id": "32910"
  },
  {
    "review": "본지 몇년이 됬는데 음악하고 느낌이 지워지지 않는다.",
    "date": "12.01.06",
    "rating": "10",
    "author": "mild****",
    "review_id": "5965434",
    "movie_id": "32910"
  },
  {
    "review": "내가 과연 살면서 이것보다 더 뛰어난것을 볼수 있을까?",
    "date": "12.01.05",
    "rating": "10",
    "author": "dbtk****",
    "review_id": "5961383",
    "movie_id": "32910"
  },
  {
    "review": "인생 최고의 애니",
    "date": "11.12.11",
    "rating": "10",
    "author": "ssyn****",
    "review_id": "5900300",
    "movie_id": "32910"
  },
  {
    "review": "만화는그리 좋아하지 않는다 하지만 슬램덩크 카우보이 비밥 헬싱 이거는 짱이다",
    "date": "11.12.11",
    "rating": "10",
    "author": "xowl****",
    "review_id": "5900049",
    "movie_id": "32910"
  },
  {
    "review": "담배연기와 쓸쓸함과 아픔이 잘 어울어지는 애니. 작품성, 스토리, 작화 모두 최고다.",
    "date": "11.11.20",
    "rating": "10",
    "author": "goll****",
    "review_id": "5859731",
    "movie_id": "32910"
  },
  {
    "review": "최고.",
    "date": "11.11.06",
    "rating": "10",
    "author": "leej****",
    "review_id": "5832574",
    "movie_id": "32910"
  },
  {
    "review": "그냥 멋있다.",
    "date": "11.11.02",
    "rating": "10",
    "author": "tktl****",
    "review_id": "5825006",
    "movie_id": "32910"
  },
  {
    "review": "영화같은 연출. 멋진 음악.",
    "date": "11.11.01",
    "rating": "10",
    "author": "dlwo****",
    "review_id": "5823153",
    "movie_id": "32910"
  },
  {
    "review": "마지막 비셔스와의 결투를 위해 떠나는 스파이크를 위한 OST에 별점 10점 줍니다",
    "date": "11.09.09",
    "rating": "10",
    "author": "kogh****",
    "review_id": "5717484",
    "movie_id": "32910"
  },
  {
    "review": "진짜루 나베신이라고 믿겨지지 않을 애니메이션 중 하나다.",
    "date": "11.06.25",
    "rating": "9",
    "author": "kcuf****",
    "review_id": "5497861",
    "movie_id": "32910"
  },
  {
    "review": "마초적향기가 물씬 ㅋㅋ빈티지한 배경이 멋있음ㅋㅋ물론 감성적음악들도 한목함ㅋㅋ",
    "date": "11.03.29",
    "rating": "10",
    "author": "gjs0****",
    "review_id": "5341215",
    "movie_id": "32910"
  },
  {
    "review": "액션과 스토리",
    "date": "11.02.28",
    "rating": "10",
    "author": "adeo****",
    "review_id": "5284121",
    "movie_id": "32910"
  },
  {
    "review": "눈생기고 처음이다",
    "date": "11.02.26",
    "rating": "10",
    "author": "phoe****",
    "review_id": "5278099",
    "movie_id": "32910"
  },
  {
    "review": "다 한번씩 거처갔지",
    "date": "11.02.23",
    "rating": "10",
    "author": "dkas****",
    "review_id": "5268345",
    "movie_id": "32910"
  },
  {
    "review": "내용만큼 Ost도 한몫한다 .",
    "date": "11.01.31",
    "rating": "9",
    "author": "ryu_****",
    "review_id": "5199479",
    "movie_id": "32910"
  },
  {
    "review": "10여년전..일본 애니에 눈 뜨게 해준 최초의, 최고의 작품",
    "date": "11.01.20",
    "rating": "10",
    "author": "hh20****",
    "review_id": "5172068",
    "movie_id": "32910"
  },
  {
    "review": "만남과 헤어짐. 그리고 재회..",
    "date": "11.01.20",
    "rating": "10",
    "author": "xorb****",
    "review_id": "5171393",
    "movie_id": "32910"
  },
  {
    "review": "카우보이 비밥을 뛰어넘는 애니는 앞으로도 존재하지 않는다. 내 인생 최고 애니!!",
    "date": "11.01.04",
    "rating": "10",
    "author": "park****",
    "review_id": "5128160",
    "movie_id": "32910"
  },
  {
    "review": "개인 취향이지만 더빙판으로 보는걸 추천합니다. 아무튼 불후의 명작!!",
    "date": "11.01.04",
    "rating": "10",
    "author": "jo_9****",
    "review_id": "5125474",
    "movie_id": "32910"
  },
  {
    "review": "마지막회 여운이 많이남음",
    "date": "11.01.01",
    "rating": "8",
    "author": "real****",
    "review_id": "5112339",
    "movie_id": "32910"
  },
  {
    "review": "헐리웃 실사화 결정!!! 엄청난 애니가 드디어 영화로도 볼 수 있네요.",
    "date": "10.09.11",
    "rating": "10",
    "author": "vu01****",
    "review_id": "4828500",
    "movie_id": "32910"
  },
  {
    "review": "대충 일본 애니.",
    "date": "10.09.09",
    "rating": "3",
    "author": "pria****",
    "review_id": "4824629",
    "movie_id": "32910"
  },
  {
    "review": "모든면에서 완벽하다고 말하고싶다 환상적인 캐릭터들 또 칸노요코의 OST",
    "date": "10.08.05",
    "rating": "10",
    "author": "foun****",
    "review_id": "4707619",
    "movie_id": "32910"
  },
  {
    "review": "엄지는 하늘, 검지는 정면을 향하고 내리쬐는 햇살 아래 \"Bang!\"",
    "date": "10.04.10",
    "rating": "10",
    "author": "vodr****",
    "review_id": "4423999",
    "movie_id": "32910"
  },
  {
    "review": "안보면 죽기전에 후회 할 애니...",
    "date": "10.04.09",
    "rating": "10",
    "author": "kpsy****",
    "review_id": "4422212",
    "movie_id": "32910"
  },
  {
    "review": "처음 접할때 매탈이라 살짝 거부감있었는데 보면볼수록 빠저듭니다. 강추",
    "date": "10.03.29",
    "rating": "10",
    "author": "tlaq****",
    "review_id": "4395529",
    "movie_id": "32910"
  },
  {
    "review": "눈도즐겁고 귀도즐거운작품",
    "date": "10.03.28",
    "rating": "10",
    "author": "bhg0****",
    "review_id": "4393559",
    "movie_id": "32910"
  },
  {
    "review": "최고임.. 이 애니 보고 더이상 다른 애니는 보지 않음... 눈높이가 너무 올라가서..",
    "date": "10.03.26",
    "rating": "10",
    "author": "ehpt****",
    "review_id": "4388090",
    "movie_id": "32910"
  },
  {
    "review": "말이필요없음",
    "date": "10.02.02",
    "rating": "10",
    "author": "gusd****",
    "review_id": "4234896",
    "movie_id": "32910"
  },
  {
    "review": "디워에 비견되는 졸작중에 졸작",
    "date": "10.01.20",
    "rating": "1",
    "author": "keiy****",
    "review_id": "4193222",
    "movie_id": "32910"
  },
  {
    "review": "비밥 그 자체다.  내 인생 최고의 역작.",
    "date": "10.01.03",
    "rating": "10",
    "author": "mono****",
    "review_id": "4124371",
    "movie_id": "32910"
  },
  {
    "review": "애니매이션 중에서 긴장감이 흐른 건 처음이었다",
    "date": "09.12.27",
    "rating": "10",
    "author": "dnst****",
    "review_id": "4094644",
    "movie_id": "32910"
  },
  {
    "review": "진짜 최고다",
    "date": "09.11.28",
    "rating": "10",
    "author": "sunk****",
    "review_id": "3997088",
    "movie_id": "32910"
  },
  {
    "review": "이정도 신경을 써야지",
    "date": "09.10.17",
    "rating": "9",
    "author": "rlad****",
    "review_id": "3898654",
    "movie_id": "32910"
  },
  {
    "review": "생동감 넘치는 그림채와 더불어 흥미롭게 전개되는 스토리가 압권, OST도 멋지죠~",
    "date": "09.10.06",
    "rating": "10",
    "author": "yes2****",
    "review_id": "3877165",
    "movie_id": "32910"
  },
  {
    "review": "로긴하게 만드는 애니.....내인생최고의 애니 명작중에 명작",
    "date": "09.07.04",
    "rating": "10",
    "author": "tkdg****",
    "review_id": "3609468",
    "movie_id": "32910"
  },
  {
    "review": "봐도봐도 질리지 않는 명작. 액션, 스토리, 케릭터 모두 훌륭하다",
    "date": "09.01.08",
    "rating": "10",
    "author": "ingh****",
    "review_id": "3203384",
    "movie_id": "32910"
  },
  {
    "review": "작화, 스토리, 캐릭터.. 어느 하나 흠잡을 것 없는 작품..",
    "date": "08.11.26",
    "rating": "10",
    "author": "myra****",
    "review_id": "3073730",
    "movie_id": "32910"
  },
  {
    "review": "전설적인 작품, 당신이 남자라면 꼭 보길 추천합니다.",
    "date": "08.11.16",
    "rating": "10",
    "author": "hotv****",
    "review_id": "3054265",
    "movie_id": "32910"
  },
  {
    "review": "스타일리쉬한 영상,멋진 음악,개성있는 캘릭터,매혹적인 이야기.명성이 헛것은 아니다",
    "date": "08.10.16",
    "rating": "9",
    "author": "lks3****",
    "review_id": "3001998",
    "movie_id": "32910"
  },
  {
    "review": "스토리, 연출력, 음악, 쉽게 만들 수 없는 작품.",
    "date": "08.09.22",
    "rating": "10",
    "author": "than****",
    "review_id": "2964003",
    "movie_id": "32910"
  },
  {
    "review": "자꾸만 캐릭터들이 그리워지는 걸작",
    "date": "08.09.20",
    "rating": "8",
    "author": "bebo****",
    "review_id": "2960446",
    "movie_id": "32910"
  },
  {
    "review": "퀄리티를 미뤄두고 보았을때, 완벽하다. 애정, 슬픔, 일상, 그리고 환상. 이상향.",
    "date": "08.09.20",
    "rating": "10",
    "author": "julo****",
    "review_id": "2959021",
    "movie_id": "32910"
  },
  {
    "review": "다시 못 나올 명작.",
    "date": "08.05.28",
    "rating": "10",
    "author": "luva****",
    "review_id": "2668558",
    "movie_id": "32910"
  },
  {
    "review": "최고죠...;;",
    "date": "08.05.09",
    "rating": "10",
    "author": "terr****",
    "review_id": "2627227",
    "movie_id": "32910"
  },
  {
    "review": "애니매이션 전반을 흐르는 슬픔과 외로움...",
    "date": "08.04.27",
    "rating": "9",
    "author": "show****",
    "review_id": "2601906",
    "movie_id": "32910"
  },
  {
    "review": "정말 최고,,",
    "date": "08.04.18",
    "rating": "10",
    "author": "gyst****",
    "review_id": "2586199",
    "movie_id": "32910"
  },
  {
    "review": "10년이 지났어도 여전히 최고인.. 앞으로도 최고일 작품",
    "date": "08.03.28",
    "rating": "10",
    "author": "dark****",
    "review_id": "2545711",
    "movie_id": "32910"
  },
  {
    "review": "비셔스와의싸움은감독이 총과칼이싸울수있다는것을 보여주고싶었답니다",
    "date": "08.03.25",
    "rating": "10",
    "author": "mari****",
    "review_id": "2541149",
    "movie_id": "32910"
  },
  {
    "review": "최상의 작품. ost는 언제 들어도 감동이다. 가볍게 그리지만, 진지하다.",
    "date": "08.01.16",
    "rating": "10",
    "author": "shit****",
    "review_id": "2337203",
    "movie_id": "32910"
  },
  {
    "review": "향수를 자극한다. 맞물려가는 과거. 뭐 하나 흠잡을게 없어..",
    "date": "07.12.28",
    "rating": "10",
    "author": "lesa****",
    "review_id": "2274732",
    "movie_id": "32910"
  },
  {
    "review": "형이 10점주는건 일단 봐도 된다",
    "date": "07.12.08",
    "rating": "10",
    "author": "diff****",
    "review_id": "2215705",
    "movie_id": "32910"
  },
  {
    "review": "매력있는 캐릭터와 수준높은 퀄리티!",
    "date": "07.11.30",
    "rating": "8",
    "author": "jins****",
    "review_id": "2195448",
    "movie_id": "32910"
  },
  {
    "review": "정말 내인생에 평생 볼까말까 하는 명 애니메이션이다!!",
    "date": "07.10.09",
    "rating": "10",
    "author": "cars****",
    "review_id": "2079470",
    "movie_id": "32910"
  },
  {
    "review": "삽입곡들만 들어도 대단하다..",
    "date": "07.10.08",
    "rating": "8",
    "author": "ossc****",
    "review_id": "2079266",
    "movie_id": "32910"
  },
  {
    "review": "나름의 카리스마 ㅡ0ㅡㅋ",
    "date": "07.10.05",
    "rating": "9",
    "author": "spdl****",
    "review_id": "2072413",
    "movie_id": "32910"
  },
  {
    "review": "진지,코믹,눈물,감동 정말 대작 애니메이션~",
    "date": "07.10.04",
    "rating": "10",
    "author": "choi****",
    "review_id": "2069580",
    "movie_id": "32910"
  }
]