[
  {
    "review": ".이 좋은 배우들로 이정도 밖에 못하다니...OO시나리오와 내공부족한 감독의 잘못인듯...첨부터 끝까지 폭탄질만.....보다가 두번 자고 세번째 겨우 성공에 지금 곯아떨어지기 직전임...시걸 영화 평점낮아도 좋아하는데 이건 정말 아니자나.",
    "date": "13.05.06",
    "rating": "5",
    "author": "cjw2****",
    "review_id": "7511018",
    "movie_id": "32919"
  },
  {
    "review": "존나 웃긴건 여기서 폭파장면 몇개는 무슨 영화 그대로 가져옴.ㅋㅋ 그 영화가 뭐지",
    "date": "11.03.08",
    "rating": "1",
    "author": "ygsh****",
    "review_id": "5300558",
    "movie_id": "32919"
  },
  {
    "review": "어줍잖은 액션에 시덥잖은 개똥철학.",
    "date": "10.09.08",
    "rating": "2",
    "author": "reco****",
    "review_id": "4824238",
    "movie_id": "32919"
  },
  {
    "review": "사이보그의 감독과 레릭의 남자주인공이 스티븐 시걸과 만났다는 이유하나만으로도...",
    "date": "10.04.16",
    "rating": "7",
    "author": "baks****",
    "review_id": "4434815",
    "movie_id": "32919"
  },
  {
    "review": "이런류의 영화도 참 오랜만이네.",
    "date": "08.08.25",
    "rating": "4",
    "author": "cont****",
    "review_id": "2902698",
    "movie_id": "32919"
  },
  {
    "review": "액션영화답지않은 지루한전개에 시걸의 얼토당토않은 명언은 더욱 최악 ㅡㅡ;",
    "date": "08.06.20",
    "rating": "2",
    "author": "ghwl****",
    "review_id": "2708404",
    "movie_id": "32919"
  },
  {
    "review": "시걸 은 왜이런영화만 찍는지 모르겠다 마지막은 또 무슨개허접한",
    "date": "08.05.02",
    "rating": "4",
    "author": "aaa1****",
    "review_id": "2612072",
    "movie_id": "32919"
  },
  {
    "review": "느릿느릿한 진행에다.. 마지막 허무한 결말..",
    "date": "08.02.20",
    "rating": "5",
    "author": "pola****",
    "review_id": "2465904",
    "movie_id": "32919"
  },
  {
    "review": "어이없는 액션에 나쁜놈은 시걸한테 그냥 죽는데 항상 이런식이야 짱나",
    "date": "08.02.07",
    "rating": "1",
    "author": "popc****",
    "review_id": "2418888",
    "movie_id": "32919"
  },
  {
    "review": "아~겨우 90분짜리 영화 보면서 몇번을 졸았다 깼다 한 거야!!",
    "date": "08.01.18",
    "rating": "1",
    "author": "uds0****",
    "review_id": "2343244",
    "movie_id": "32919"
  },
  {
    "review": "시걸의 허접한 B급 액션영화 대충 만든티가 너무난다",
    "date": "07.11.17",
    "rating": "1",
    "author": "nala****",
    "review_id": "2158695",
    "movie_id": "32919"
  },
  {
    "review": "실망 실망 실망한 작품",
    "date": "07.09.02",
    "rating": "4",
    "author": "deff****",
    "review_id": "1995906",
    "movie_id": "32919"
  },
  {
    "review": "평점 할까 말까 생각해 본적이 있는 이 영화",
    "date": "07.08.17",
    "rating": "5",
    "author": "fodu****",
    "review_id": "1949615",
    "movie_id": "32919"
  },
  {
    "review": "B급 액션물의 한계.",
    "date": "06.10.29",
    "rating": "5",
    "author": "movi****",
    "review_id": "1204999",
    "movie_id": "32919"
  },
  {
    "review": "이런 트래쉬가 평점이 7점?장담한데 다 존다..",
    "date": "06.10.13",
    "rating": "1",
    "author": "ahnt****",
    "review_id": "1178455",
    "movie_id": "32919"
  },
  {
    "review": "코메디를 본거 같다",
    "date": "05.12.10",
    "rating": "1",
    "author": "scal****",
    "review_id": "499367",
    "movie_id": "32919"
  },
  {
    "review": "스티븐 18의 쓰레기 작품",
    "date": "05.06.18",
    "rating": "1",
    "author": "dhah****",
    "review_id": "301967",
    "movie_id": "32919"
  },
  {
    "review": "굿",
    "date": "05.06.13",
    "rating": "10",
    "author": "brea****",
    "review_id": "298858",
    "movie_id": "32919"
  },
  {
    "review": "시걸영화중 언더씨즈 제외하면 최고네요.",
    "date": "05.06.10",
    "rating": "10",
    "author": "drg8****",
    "review_id": "297277",
    "movie_id": "32919"
  },
  {
    "review": "끝으로 갈수록 별루.. 스티븐시걸.. 이젠 질린다.",
    "date": "04.05.27",
    "rating": "5",
    "author": "ohse****",
    "review_id": "46573",
    "movie_id": "32919"
  },
  {
    "review": "왜 오늘에서야 이 영화를 보게된건지...",
    "date": "04.02.26",
    "rating": "10",
    "author": "cjsl****",
    "review_id": "24639",
    "movie_id": "32919"
  }
]