[
  {
    "review": "지금도 한번만 다시보고싶어요..",
    "date": "15.03.18",
    "rating": "10",
    "author": "love****",
    "review_id": "9792118",
    "movie_id": "32969"
  },
  {
    "review": "엘비스와 마그렛의 매력 만점인 영화",
    "date": "15.03.11",
    "rating": "10",
    "author": "nsch****",
    "review_id": "9772246",
    "movie_id": "32969"
  },
  {
    "review": "뮤지컬영화 짱♥.♥",
    "date": "13.03.14",
    "rating": "10",
    "author": "seve****",
    "review_id": "7347006",
    "movie_id": "32969"
  },
  {
    "review": "쓰레기! 쓰레기! 쓰레기!!!",
    "date": "13.01.14",
    "rating": "1",
    "author": "ykdi****",
    "review_id": "7114293",
    "movie_id": "32969"
  },
  {
    "review": "엘비스프레스리",
    "date": "12.12.21",
    "rating": "10",
    "author": "nico****",
    "review_id": "7025938",
    "movie_id": "32969"
  },
  {
    "review": "와 너무 흥겹다 내가본 영화중 최고다",
    "date": "11.12.18",
    "rating": "10",
    "author": "jis4****",
    "review_id": "5912555",
    "movie_id": "32969"
  },
  {
    "review": "볼만하다",
    "date": "10.03.29",
    "rating": "7",
    "author": "yuye****",
    "review_id": "4395710",
    "movie_id": "32969"
  },
  {
    "review": "라스베가스의 화려한 네온사인, 후버댐등 그 곳에서 펼쳐지는 멋진영화",
    "date": "10.03.22",
    "rating": "10",
    "author": "elvi****",
    "review_id": "4377151",
    "movie_id": "32969"
  },
  {
    "review": "비바 라스베가스~",
    "date": "09.04.08",
    "rating": "6",
    "author": "scal****",
    "review_id": "3411364",
    "movie_id": "32969"
  },
  {
    "review": "손발이 오그라드는 느낌.",
    "date": "09.03.13",
    "rating": "3",
    "author": "evil****",
    "review_id": "3362897",
    "movie_id": "32969"
  },
  {
    "review": "엘비스의 다른 영화보단 조금 떨어지는 느낌이다",
    "date": "07.03.21",
    "rating": "7",
    "author": "nala****",
    "review_id": "1546573",
    "movie_id": "32969"
  },
  {
    "review": "앤 마가렛의 현대적 매력, 당시 남자들 가슴을 두근거리게 했을",
    "date": "07.01.16",
    "rating": "7",
    "author": "sioh****",
    "review_id": "1388388",
    "movie_id": "32969"
  },
  {
    "review": "흥미있는영화...빠른전개......",
    "date": "06.09.04",
    "rating": "9",
    "author": "reki****",
    "review_id": "1102640",
    "movie_id": "32969"
  }
]