[
  {
    "review": "기괴하고 음산한 분위기의 진짜 공포영화",
    "date": "14.06.17",
    "rating": "10",
    "author": "youe****",
    "review_id": "8836510",
    "movie_id": "32967"
  },
  {
    "review": "고잉홈 ,  사랑의본질을알려줬어요",
    "date": "13.06.29",
    "rating": "10",
    "author": "ryuj****",
    "review_id": "7688881",
    "movie_id": "32967"
  },
  {
    "review": "하품만 하다 끝나는 메모리즈, 분위기만 잡다 끝나는 휠, 허무하게 끝나는 고잉홈",
    "date": "12.09.20",
    "rating": "1",
    "author": "goms****",
    "review_id": "6715172",
    "movie_id": "32967"
  },
  {
    "review": "3편다 볼만함.",
    "date": "12.08.21",
    "rating": "7",
    "author": "kem1****",
    "review_id": "6631238",
    "movie_id": "32967"
  },
  {
    "review": "고잉홈 점수만 4점 주려다가  고잉홈이 묻히는게 아까워서... 10년전에 극장에서 울고 오늘 또 울고.. 나머지 두개는 그닥..",
    "date": "12.07.31",
    "rating": "9",
    "author": "duiz****",
    "review_id": "6559390",
    "movie_id": "32967"
  },
  {
    "review": "모두 개성이 있지만 홍콩것이 가장 나으며,  태국영화의 분위기는 독특하다",
    "date": "12.06.02",
    "rating": "6",
    "author": "hoon****",
    "review_id": "6357235",
    "movie_id": "32967"
  },
  {
    "review": "3개국이 함께한 취지외에는 그닥... 인상적인 작품이없었다.",
    "date": "12.05.08",
    "rating": "4",
    "author": "yowh****",
    "review_id": "6282113",
    "movie_id": "32967"
  },
  {
    "review": "고잉 홈만 보자",
    "date": "11.12.29",
    "rating": "7",
    "author": "nike****",
    "review_id": "5943859",
    "movie_id": "32967"
  },
  {
    "review": "고잉 홈 \r\n한의사 부부의 영원한 사랑 참 그사랑이 영혼까지 울리더군요~!",
    "date": "11.07.05",
    "rating": "9",
    "author": "ju62****",
    "review_id": "5523008",
    "movie_id": "32967"
  },
  {
    "review": "고잉홈?",
    "date": "11.06.24",
    "rating": "8",
    "author": "jhyu****",
    "review_id": "5495721",
    "movie_id": "32967"
  },
  {
    "review": "고잉홈 내용 쩐다",
    "date": "11.06.20",
    "rating": "9",
    "author": "dnjs****",
    "review_id": "5491189",
    "movie_id": "32967"
  },
  {
    "review": "고잉홈을 위한 영화",
    "date": "10.11.13",
    "rating": "8",
    "author": "jexm****",
    "review_id": "4956471",
    "movie_id": "32967"
  },
  {
    "review": "메모리즈약간소름끼쳣음",
    "date": "10.08.06",
    "rating": "8",
    "author": "tay1****",
    "review_id": "4715495",
    "movie_id": "32967"
  },
  {
    "review": "고잉홈,꾹꾹눌러담은감정이서서히고조되다가 한순간에심장을쥐어짜는슬픔으로폭발한다",
    "date": "10.05.23",
    "rating": "7",
    "author": "luna****",
    "review_id": "4518106",
    "movie_id": "32967"
  },
  {
    "review": "고잉 홈만 보자",
    "date": "10.04.02",
    "rating": "7",
    "author": "gwen****",
    "review_id": "4405517",
    "movie_id": "32967"
  },
  {
    "review": "나중에 나온 쓰리몬스터보다 200% 재미있다.",
    "date": "09.12.30",
    "rating": "10",
    "author": "xixe****",
    "review_id": "4107587",
    "movie_id": "32967"
  },
  {
    "review": "나역시 다른건 빼고 고잉홈 하나에 10점.",
    "date": "09.07.20",
    "rating": "10",
    "author": "lexo****",
    "review_id": "3649232",
    "movie_id": "32967"
  },
  {
    "review": "고잉홈 하나 때문에 10점준다.....",
    "date": "09.07.14",
    "rating": "10",
    "author": "nrks****",
    "review_id": "3631682",
    "movie_id": "32967"
  },
  {
    "review": "고잉홈, 중딩때 봤는데 대딩이 된 아직까지도 그 느낌을 잊을수없음. 긴여운을주던.",
    "date": "09.05.21",
    "rating": "10",
    "author": "asuk****",
    "review_id": "3509903",
    "movie_id": "32967"
  },
  {
    "review": "'고잉 홈'은 정말 최고의 작품이다. 아무 생각없이 보다가 마지막에 온 몸에 소름이..",
    "date": "09.01.06",
    "rating": "10",
    "author": "sang****",
    "review_id": "3196198",
    "movie_id": "32967"
  },
  {
    "review": "고잉홈 보고 눈물 흘린다.. 정말",
    "date": "08.11.18",
    "rating": "10",
    "author": "rhwo****",
    "review_id": "3057592",
    "movie_id": "32967"
  },
  {
    "review": "ㅋㅋㅋㅋㅋ그저웃음만나온다몇년전에봤지만아직도돈이아깝다",
    "date": "08.08.04",
    "rating": "1",
    "author": "tofa****",
    "review_id": "2835483",
    "movie_id": "32967"
  },
  {
    "review": "고잉홈밖에 못봤는데 3가지에피소드가 있었네요.. 딴건모르겠고 고잉홈 추천~!",
    "date": "08.04.02",
    "rating": "9",
    "author": "kang****",
    "review_id": "2553855",
    "movie_id": "32967"
  },
  {
    "review": "앞에말이없어서 보다껏다 ㅡㅡ",
    "date": "08.02.08",
    "rating": "1",
    "author": "ksh3****",
    "review_id": "2422299",
    "movie_id": "32967"
  },
  {
    "review": "고잉홈........ 소름과 전율을 한번에 가져다준 작품...",
    "date": "08.02.05",
    "rating": "10",
    "author": "elf2****",
    "review_id": "2410941",
    "movie_id": "32967"
  },
  {
    "review": "진가신감독게 재밌고 슬프더군요하지만 3작품모두 무섭지 않다는게..",
    "date": "07.11.30",
    "rating": "6",
    "author": "radi****",
    "review_id": "2194161",
    "movie_id": "32967"
  },
  {
    "review": "Je Crois Entendre Encore 만세 진가신 만세",
    "date": "07.10.13",
    "rating": "9",
    "author": "moro****",
    "review_id": "2086968",
    "movie_id": "32967"
  },
  {
    "review": "홍콩영화가 정말 돋보였다",
    "date": "07.09.30",
    "rating": "8",
    "author": "love****",
    "review_id": "2061147",
    "movie_id": "32967"
  },
  {
    "review": "고잉 홈만 따로 빼내서 각색하여 장편으로 연출해도 되겠다.",
    "date": "07.08.02",
    "rating": "10",
    "author": "kwak****",
    "review_id": "1849067",
    "movie_id": "32967"
  },
  {
    "review": "고잉 홈에 아낌없이 9점 올리고 싶습니다. 눈물이 멈추질 않았습니다.",
    "date": "07.07.13",
    "rating": "9",
    "author": "inta****",
    "review_id": "1770349",
    "movie_id": "32967"
  },
  {
    "review": "김지운감독의 뛰어난 연출. 고잉홈이라는 엄청난 걸작의 발견.여명의 연기력",
    "date": "07.07.02",
    "rating": "7",
    "author": "lsh1****",
    "review_id": "1738812",
    "movie_id": "32967"
  },
  {
    "review": "영화관갔을때봤는데; 마지막 고잉홈신고",
    "date": "07.04.07",
    "rating": "8",
    "author": "rkgn****",
    "review_id": "1576342",
    "movie_id": "32967"
  },
  {
    "review": "보지마세요. 완전 비추 ..",
    "date": "07.02.14",
    "rating": "1",
    "author": "saol****",
    "review_id": "1470650",
    "movie_id": "32967"
  },
  {
    "review": "당시에 기대하고 봤다가 실망만 했던..",
    "date": "07.01.16",
    "rating": "5",
    "author": "gall****",
    "review_id": "1390451",
    "movie_id": "32967"
  },
  {
    "review": "고잉홈 아니였으면 화날뻔했다. 메모리즈=평작. 휠=불쾌함.",
    "date": "06.10.22",
    "rating": "8",
    "author": "wfy0****",
    "review_id": "1194469",
    "movie_id": "32967"
  },
  {
    "review": "포스터 점수준다",
    "date": "06.10.08",
    "rating": "7",
    "author": "dlsw****",
    "review_id": "1171903",
    "movie_id": "32967"
  },
  {
    "review": "보다가 나온 영화는 이영화가 첨이네.",
    "date": "06.08.24",
    "rating": "1",
    "author": "shan****",
    "review_id": "1072726",
    "movie_id": "32967"
  },
  {
    "review": "생각보다는아니였지만 고잉홈좋았음",
    "date": "06.08.23",
    "rating": "7",
    "author": "caro****",
    "review_id": "1069548",
    "movie_id": "32967"
  },
  {
    "review": "참나 공포영화 보다가 졸긴 처음임",
    "date": "06.08.12",
    "rating": "1",
    "author": "gusw****",
    "review_id": "1003261",
    "movie_id": "32967"
  },
  {
    "review": "나는괜찮더라.",
    "date": "06.07.30",
    "rating": "7",
    "author": "to27****",
    "review_id": "946186",
    "movie_id": "32967"
  },
  {
    "review": "고잉홈 재미있네요 한번 봐보세요~",
    "date": "06.07.19",
    "rating": "10",
    "author": "oo12****",
    "review_id": "906177",
    "movie_id": "32967"
  },
  {
    "review": "고잉홈 여운이 남는다...",
    "date": "06.07.19",
    "rating": "10",
    "author": "z1z2****",
    "review_id": "906164",
    "movie_id": "32967"
  },
  {
    "review": "고잉홈은 건졌다",
    "date": "06.07.13",
    "rating": "10",
    "author": "nirv****",
    "review_id": "888864",
    "movie_id": "32967"
  },
  {
    "review": "최악..영화관에서 보다가 사람들이 욕하고 중간에 나갔음-_-",
    "date": "06.06.27",
    "rating": "1",
    "author": "gksj****",
    "review_id": "860037",
    "movie_id": "32967"
  },
  {
    "review": "논지니미부르트의 실수, 김지운의 성공 진가신은 여전?",
    "date": "06.06.12",
    "rating": "7",
    "author": "yung****",
    "review_id": "842321",
    "movie_id": "32967"
  },
  {
    "review": "고잉홈으로 5할, 메모리즈로 4할, 휠은 - 1할.",
    "date": "06.04.27",
    "rating": "9",
    "author": "donj****",
    "review_id": "777022",
    "movie_id": "32967"
  },
  {
    "review": "기대치에 어긋난 영화",
    "date": "06.04.25",
    "rating": "6",
    "author": "look****",
    "review_id": "775224",
    "movie_id": "32967"
  },
  {
    "review": "고잉홈만 좋았으므로 1/3해서...",
    "date": "06.04.10",
    "rating": "4",
    "author": "jhki****",
    "review_id": "756634",
    "movie_id": "32967"
  },
  {
    "review": "고잉홈 10점 나머지 1점 대략 평균 5점",
    "date": "06.03.30",
    "rating": "5",
    "author": "shso****",
    "review_id": "741717",
    "movie_id": "32967"
  },
  {
    "review": "다른것도 좋았지만, 고잉홈.. 참 좋았다.",
    "date": "06.02.23",
    "rating": "10",
    "author": "aoao****",
    "review_id": "686968",
    "movie_id": "32967"
  },
  {
    "review": "메모리즈하고 고잉홈이 괜찮았다.",
    "date": "06.02.19",
    "rating": "10",
    "author": "ring****",
    "review_id": "680054",
    "movie_id": "32967"
  },
  {
    "review": "고잉 홈 보고 한참을 생각했다... 참 좋았던 영화.",
    "date": "06.02.16",
    "rating": "10",
    "author": "ansg****",
    "review_id": "675120",
    "movie_id": "32967"
  },
  {
    "review": "메모리즈 까지 '만' 괜찮았다",
    "date": "06.02.16",
    "rating": "7",
    "author": "shut****",
    "review_id": "673369",
    "movie_id": "32967"
  },
  {
    "review": "고잉홈 빼면 별로지만.. 고잉홈 정말 잘만들어서",
    "date": "06.02.12",
    "rating": "9",
    "author": "bull****",
    "review_id": "665050",
    "movie_id": "32967"
  },
  {
    "review": "진가신의 \"going home\"만 봐도 남는 장사",
    "date": "06.01.11",
    "rating": "9",
    "author": "cat1****",
    "review_id": "579799",
    "movie_id": "32967"
  },
  {
    "review": "고요하고 충격적이고 탁하다.. 그러나 물들기 시작하면 정화된다",
    "date": "05.11.28",
    "rating": "5",
    "author": "yong****",
    "review_id": "488160",
    "movie_id": "32967"
  },
  {
    "review": "메모리즈>고잉홈>>>태국건 제목도 기억안남.",
    "date": "05.11.28",
    "rating": "5",
    "author": "on7d****",
    "review_id": "488136",
    "movie_id": "32967"
  },
  {
    "review": "아시아 3개국이 합쳐서 만든 옴니버스 영화라는데 의의를..",
    "date": "05.11.28",
    "rating": "6",
    "author": "join****",
    "review_id": "487757",
    "movie_id": "32967"
  },
  {
    "review": "거품 빠진 사이다 같은 영화 3편.",
    "date": "05.11.28",
    "rating": "5",
    "author": "hadl****",
    "review_id": "487428",
    "movie_id": "32967"
  },
  {
    "review": "색다른 시도, 하지만 세가지 모두 충족되진 않는다.",
    "date": "05.11.28",
    "rating": "8",
    "author": "jcr3****",
    "review_id": "487322",
    "movie_id": "32967"
  },
  {
    "review": "태국꺼가 영화망쳤다!!",
    "date": "05.11.14",
    "rating": "7",
    "author": "1231****",
    "review_id": "474060",
    "movie_id": "32967"
  },
  {
    "review": "난 내가 살고 당신이 죽었으면 좋겠어. 생각 외로 좋은 영화",
    "date": "05.11.08",
    "rating": "8",
    "author": "ddre****",
    "review_id": "467885",
    "movie_id": "32967"
  },
  {
    "review": "고잉홈 슬펐다",
    "date": "05.10.29",
    "rating": "3",
    "author": "kkae****",
    "review_id": "457961",
    "movie_id": "32967"
  },
  {
    "review": "이게 머냐-_-..진짜지루해죽는줄알았다..",
    "date": "05.10.20",
    "rating": "2",
    "author": "mja7****",
    "review_id": "448983",
    "movie_id": "32967"
  },
  {
    "review": "고잉홈이 제일 그럴듯하고 태국껀 별로",
    "date": "05.09.20",
    "rating": "6",
    "author": "hell****",
    "review_id": "413297",
    "movie_id": "32967"
  },
  {
    "review": "고잉홈에게 10점 준다",
    "date": "05.09.12",
    "rating": "10",
    "author": "sada****",
    "review_id": "402399",
    "movie_id": "32967"
  },
  {
    "review": "고잉홈만 볼만하다. 볼만하기만 하지 공포로는 별로.",
    "date": "05.08.28",
    "rating": "5",
    "author": "boog****",
    "review_id": "387241",
    "movie_id": "32967"
  },
  {
    "review": "본지몇년이지났지만쓰리이후로영화중에사람들나가는걸본적이없다",
    "date": "05.08.04",
    "rating": "2",
    "author": "hams****",
    "review_id": "351447",
    "movie_id": "32967"
  },
  {
    "review": "고잉홈에 6점줬다. 이건 공포가 아니라 멜로야.",
    "date": "05.08.01",
    "rating": "6",
    "author": "aint****",
    "review_id": "345444",
    "movie_id": "32967"
  },
  {
    "review": "태국영화는 보다가 꺼버리고 싶은영화",
    "date": "05.07.31",
    "rating": "5",
    "author": "jee9****",
    "review_id": "343277",
    "movie_id": "32967"
  },
  {
    "review": "고잉홈만 봤어요, 어쨋든 울었으니 9점~",
    "date": "05.06.28",
    "rating": "9",
    "author": "dahl****",
    "review_id": "308175",
    "movie_id": "32967"
  },
  {
    "review": "나역시 고잉홈땜시 구점..ㅋㅋ",
    "date": "05.06.27",
    "rating": "9",
    "author": "dssa****",
    "review_id": "307603",
    "movie_id": "32967"
  },
  {
    "review": "맨 마지막 고잉홈만. 괜찮네요.",
    "date": "05.05.28",
    "rating": "7",
    "author": "jeeb****",
    "review_id": "288487",
    "movie_id": "32967"
  },
  {
    "review": "고잉홈,메모리즈 때문에 10 주겠어요 태국껀 무관심함",
    "date": "05.05.15",
    "rating": "10",
    "author": "gita****",
    "review_id": "278126",
    "movie_id": "32967"
  },
  {
    "review": "Going Home 때문에10점준다.  첫번째,두번째 1점.",
    "date": "05.05.01",
    "rating": "10",
    "author": "sung****",
    "review_id": "269352",
    "movie_id": "32967"
  },
  {
    "review": "고잉홈 10점 --;; 나머진 생각지도 않겠음",
    "date": "05.03.16",
    "rating": "10",
    "author": "cjkl****",
    "review_id": "242151",
    "movie_id": "32967"
  },
  {
    "review": "Going Home(9점),나머지 3점 마지막 손가락 떨림이..전율을..",
    "date": "05.02.22",
    "rating": "7",
    "author": "uzio****",
    "review_id": "226958",
    "movie_id": "32967"
  },
  {
    "review": "돌려서 고잉홈만 봄.순전히 고잉홈만은 굿.",
    "date": "05.02.05",
    "rating": "7",
    "author": "wing****",
    "review_id": "209032",
    "movie_id": "32967"
  },
  {
    "review": "존나 재미 없음..다 본후 티비 부실 뻔 했음..흥행 실패 다 이유가있다",
    "date": "04.12.08",
    "rating": "1",
    "author": "ygsh****",
    "review_id": "159053",
    "movie_id": "32967"
  },
  {
    "review": "공포라기 보다는 괴기랄까..",
    "date": "04.09.09",
    "rating": "8",
    "author": "snow****",
    "review_id": "105396",
    "movie_id": "32967"
  },
  {
    "review": "롤러코스터 위의 김혜수는 아름다웠다",
    "date": "04.09.06",
    "rating": "9",
    "author": "jpal****",
    "review_id": "103807",
    "movie_id": "32967"
  },
  {
    "review": "고잉홈..무섭기보단 슬펐습니다^^",
    "date": "04.08.25",
    "rating": "8",
    "author": "inke****",
    "review_id": "96782",
    "movie_id": "32967"
  },
  {
    "review": "신고",
    "date": "04.08.22",
    "rating": "9",
    "author": "inpu****",
    "review_id": "94628",
    "movie_id": "32967"
  },
  {
    "review": "신고",
    "date": "04.08.22",
    "rating": "4",
    "author": "na27****",
    "review_id": "94595",
    "movie_id": "32967"
  },
  {
    "review": "고잉홈이 제일 나았다. (휠은 제대로 못봄;) 살짝 감동스럽기도 하고.;",
    "date": "04.08.13",
    "rating": "6",
    "author": "hoih****",
    "review_id": "89582",
    "movie_id": "32967"
  },
  {
    "review": "별로던데..",
    "date": "04.08.05",
    "rating": "1",
    "author": "lhk9****",
    "review_id": "84194",
    "movie_id": "32967"
  },
  {
    "review": "개연성없는 옴니버스...그러나 진가신은 역시 천재?",
    "date": "04.06.12",
    "rating": "8",
    "author": "dkdl****",
    "review_id": "53269",
    "movie_id": "32967"
  },
  {
    "review": "뉴고잉 ㄴ어무 재밌엄",
    "date": "04.06.09",
    "rating": "10",
    "author": "lj34****",
    "review_id": "51949",
    "movie_id": "32967"
  },
  {
    "review": "맞아요-_뉴 고잉홈 너무 슬퍼..;",
    "date": "04.05.03",
    "rating": "8",
    "author": "hyes****",
    "review_id": "40725",
    "movie_id": "32967"
  },
  {
    "review": "고잉홈 첨엔 섬뜩했다가 나중엔 내가 울음",
    "date": "04.04.11",
    "rating": "8",
    "author": "8901****",
    "review_id": "35886",
    "movie_id": "32967"
  },
  {
    "review": "젤기억에남는공포영화에요.색체가뛰어나고보는사람에게적절한긴장감과편안함(?)을",
    "date": "04.03.06",
    "rating": "8",
    "author": "hot4****",
    "review_id": "27351",
    "movie_id": "32967"
  },
  {
    "review": "\"고잉 홈\" 이것만 보세요..괜찮은 반전까지^^ 추천합니다",
    "date": "04.02.24",
    "rating": "10",
    "author": "soo_****",
    "review_id": "23717",
    "movie_id": "32967"
  }
]