[
  {
    "review": "오래전 영화라 조금 낯설고. 촌스러울지 몰라도 삶에 치이고 지친 현대인에게 새로운 감성을 준다. 도전을 해 볼까하는 새로운 생각.",
    "date": "15.08.01",
    "rating": "6",
    "author": "oojj****",
    "review_id": "10169497",
    "movie_id": "32968"
  },
  {
    "review": "채민서.... 이때 얼굴 정말로 천사였는데....",
    "date": "15.07.23",
    "rating": "10",
    "author": "scud****",
    "review_id": "10134112",
    "movie_id": "32968"
  },
  {
    "review": "실화를 바탕으로 만든 영화...  김득구 사건으로 인해 전세계 권투 경기 12라운드로 줄었음.",
    "date": "15.07.21",
    "rating": "7",
    "author": "adiv****",
    "review_id": "10124689",
    "movie_id": "32968"
  },
  {
    "review": "고등학교때 보고 추억을 살려서 다시 봤는데한국영화 중에서 가장 작품이 뛰어난 영화라고 생각함.이 영화를 보면 잠시 80년대를 갔다가 온것 같다...순수한 사랑과 남자의 투지와 열정 정말 좋다!",
    "date": "15.07.01",
    "rating": "10",
    "author": "pg52****",
    "review_id": "10057162",
    "movie_id": "32968"
  },
  {
    "review": "한국최고의 스포츠 드라마!!!",
    "date": "15.05.19",
    "rating": "10",
    "author": "jyjn****",
    "review_id": "9931083",
    "movie_id": "32968"
  },
  {
    "review": "좋은 한국영화 한편을 보았다.",
    "date": "15.03.21",
    "rating": "10",
    "author": "soft****",
    "review_id": "9797299",
    "movie_id": "32968"
  },
  {
    "review": "친구의 곽경택 감독과 유오성 거기에 정두홍까지. 하지만 남자 냄새 물씬 날 것만 같던 영화가 오히려 잔잔해서 기대한 것과 많이 달랐고 그래서 실망이 컸던 영화. 약혼녀보다 어머니를 부각시켰으면 더 좋았을 것 같은데...",
    "date": "15.02.13",
    "rating": "1",
    "author": "jjaj****",
    "review_id": "9691582",
    "movie_id": "32968"
  },
  {
    "review": "인간 김득구를 보여주기 위해 노력한 흔적이 보이는 영화 유오성을 좋아하지만 약간 미스캐스팅 같은 느낌은 있음",
    "date": "15.01.10",
    "rating": "8",
    "author": "myjs****",
    "review_id": "9580330",
    "movie_id": "32968"
  },
  {
    "review": "이게 실화였다니.... 어쩐지 이야기가 영화라지만 가미된 것 없이 현실과 똑 닮았다 했다고 생각했었다. 배경도 촌스럽지만 촌스러움이 정감가고 보기 편안했다. 무엇보다 경기중 사망한 김득구 선수와 모친, 약혼녀분이 너무 안됐다,, 영화 보길 잘했다",
    "date": "14.10.16",
    "rating": "8",
    "author": "0411****",
    "review_id": "9295210",
    "movie_id": "32968"
  },
  {
    "review": "꼬마가 커서 챔피언2 ㄱㄱㄱ?",
    "date": "14.07.13",
    "rating": "10",
    "author": "ssws****",
    "review_id": "8911199",
    "movie_id": "32968"
  },
  {
    "review": "故 김득구 선수를 추모합니다 영원한 챔피언",
    "date": "14.01.09",
    "rating": "10",
    "author": "blue****",
    "review_id": "8364923",
    "movie_id": "32968"
  },
  {
    "review": "정말 80년대의 연애하던 시절을 그대로 옮겨놓은듯..",
    "date": "13.12.12",
    "rating": "10",
    "author": "jiew****",
    "review_id": "8207255",
    "movie_id": "32968"
  },
  {
    "review": "컴터 전기세가 아깝단 생각이...",
    "date": "13.12.06",
    "rating": "1",
    "author": "ske4****",
    "review_id": "8193963",
    "movie_id": "32968"
  },
  {
    "review": "늘어지고...별로네...",
    "date": "13.12.02",
    "rating": "1",
    "author": "hamj****",
    "review_id": "8186048",
    "movie_id": "32968"
  },
  {
    "review": "감성만으론 별로다. 권투시작부타 동챔까지가는데 너무 스릴이없네요. 처음부터 끝날때까지 선수가 죽는거에 초점이맞춰져있다는게 더욱 별로",
    "date": "13.12.01",
    "rating": "5",
    "author": "ssys****",
    "review_id": "8183842",
    "movie_id": "32968"
  },
  {
    "review": "어릴 적 봤던 김득구 시합 기억난다. 유오성이라는 배우는 안 좋아할 수가 없다. ㅜ ㅜ",
    "date": "13.11.24",
    "rating": "9",
    "author": "japa****",
    "review_id": "8165110",
    "movie_id": "32968"
  },
  {
    "review": "괜찮은데.. 이게 왜 실패함?",
    "date": "13.11.10",
    "rating": "8",
    "author": "xx41****",
    "review_id": "8129971",
    "movie_id": "32968"
  },
  {
    "review": "김득구선수 모친의 캐릭터를 제외하곤.. 모든 게 썩 괜찮은 영화..",
    "date": "13.10.14",
    "rating": "10",
    "author": "kiwi****",
    "review_id": "8060210",
    "movie_id": "32968"
  },
  {
    "review": "슬퍼 슬퍼도 너~무슬퍼",
    "date": "13.10.10",
    "rating": "10",
    "author": "nike****",
    "review_id": "8049673",
    "movie_id": "32968"
  },
  {
    "review": "지금 보니 정말 좋은 작품",
    "date": "13.08.06",
    "rating": "9",
    "author": "vias****",
    "review_id": "7849504",
    "movie_id": "32968"
  },
  {
    "review": "유오성 갑! 곽경택 굿! 그리고 정두홍도 한몫~!",
    "date": "13.07.19",
    "rating": "8",
    "author": "redf****",
    "review_id": "7764058",
    "movie_id": "32968"
  },
  {
    "review": "복서의 인생.",
    "date": "13.07.03",
    "rating": "10",
    "author": "hees****",
    "review_id": "7699851",
    "movie_id": "32968"
  },
  {
    "review": "스토리, 연기, 연출 어느 것도 빠지지 않는다.",
    "date": "13.06.16",
    "rating": "10",
    "author": "alst****",
    "review_id": "7650049",
    "movie_id": "32968"
  },
  {
    "review": "춘천 명동에서 촬영되었었죠",
    "date": "12.09.10",
    "rating": "7",
    "author": "bang****",
    "review_id": "6686033",
    "movie_id": "32968"
  },
  {
    "review": "2002년에 나온 흠집찾기힘든 명작영화",
    "date": "12.08.25",
    "rating": "10",
    "author": "pyeo****",
    "review_id": "6643219",
    "movie_id": "32968"
  },
  {
    "review": "이거 상당히 작품성있습니다 허접하지않아요 추천합니다",
    "date": "12.07.20",
    "rating": "8",
    "author": "heff****",
    "review_id": "6498853",
    "movie_id": "32968"
  },
  {
    "review": "질봤습니다",
    "date": "12.07.16",
    "rating": "5",
    "author": "jin1****",
    "review_id": "6483858",
    "movie_id": "32968"
  },
  {
    "review": "김득구 선수의 삶..",
    "date": "12.06.30",
    "rating": "10",
    "author": "rlag****",
    "review_id": "6432095",
    "movie_id": "32968"
  },
  {
    "review": "故김득구 선수에 대한 영화를 만든 것만으로도 가치가 있는 영화.",
    "date": "12.03.05",
    "rating": "10",
    "author": "thsd****",
    "review_id": "6124322",
    "movie_id": "32968"
  },
  {
    "review": "소재는 좋은데 곽경택스타일과 영화적재미는 별루...",
    "date": "12.02.11",
    "rating": "5",
    "author": "kis5****",
    "review_id": "6066793",
    "movie_id": "32968"
  },
  {
    "review": "다시 보고 싶은 추억의 영화.유오성과 채민서는 훈남훈녀다.참 잘어울린다.",
    "date": "12.01.30",
    "rating": "10",
    "author": "odjs****",
    "review_id": "6036330",
    "movie_id": "32968"
  },
  {
    "review": "울지마라. 내가 죽으러 가니..",
    "date": "12.01.30",
    "rating": "10",
    "author": "lahr****",
    "review_id": "6036212",
    "movie_id": "32968"
  },
  {
    "review": "영화로서의 재미는 덜했지만 의미있는 작품",
    "date": "12.01.22",
    "rating": "6",
    "author": "thin****",
    "review_id": "6010378",
    "movie_id": "32968"
  },
  {
    "review": "[9점] 복싱은 진정한 스포츠다",
    "date": "11.12.30",
    "rating": "9",
    "author": "fann****",
    "review_id": "5947543",
    "movie_id": "32968"
  },
  {
    "review": "고2때 극장에서 봤는데 다시 한 번 보고 싶네 최고!!",
    "date": "11.08.17",
    "rating": "10",
    "author": "ultr****",
    "review_id": "5660330",
    "movie_id": "32968"
  },
  {
    "review": "어렷을땐 봤을떄와 지금봤을때의 차이.... 채민서이쁘다 유오성연기잘한다!!",
    "date": "11.07.29",
    "rating": "10",
    "author": "pmht****",
    "review_id": "5578943",
    "movie_id": "32968"
  },
  {
    "review": "잼있는데, 평점이 왜 이모양?_=ㅋ",
    "date": "11.06.22",
    "rating": "10",
    "author": "luck****",
    "review_id": "5493089",
    "movie_id": "32968"
  },
  {
    "review": "이영화 왜 실패했지....?",
    "date": "11.05.08",
    "rating": "10",
    "author": "890l****",
    "review_id": "5414741",
    "movie_id": "32968"
  },
  {
    "review": "옛다!9점 쉽게나오지않는 자세인데 유오성에 피나는연습이 느껴진다.",
    "date": "11.04.07",
    "rating": "9",
    "author": "wein****",
    "review_id": "5359636",
    "movie_id": "32968"
  },
  {
    "review": "차라리 김득구 다큐멘터리가 더 감동적",
    "date": "11.03.21",
    "rating": "2",
    "author": "ccpk****",
    "review_id": "5327558",
    "movie_id": "32968"
  },
  {
    "review": "이 영화의 흥행실패로 감독과 주연배우 사이에 불화가 있었다더라",
    "date": "11.03.21",
    "rating": "2",
    "author": "rame****",
    "review_id": "5327555",
    "movie_id": "32968"
  },
  {
    "review": "<록키>같은 화끈한 스포츠영화를 기대했던 내 잘못. 그냥 슬프고 안스럽다",
    "date": "11.03.21",
    "rating": "2",
    "author": "kpcc****",
    "review_id": "5327553",
    "movie_id": "32968"
  },
  {
    "review": "감동적인 영화",
    "date": "11.01.04",
    "rating": "10",
    "author": "2004****",
    "review_id": "5125974",
    "movie_id": "32968"
  },
  {
    "review": "어렸을떄 봤음",
    "date": "10.12.20",
    "rating": "8",
    "author": "kore****",
    "review_id": "5067568",
    "movie_id": "32968"
  },
  {
    "review": "복싱은 참 멋있는 운동이야",
    "date": "10.09.20",
    "rating": "7",
    "author": "92gu****",
    "review_id": "4849137",
    "movie_id": "32968"
  },
  {
    "review": "김득구의 마지막 경기를 실제로 본 사람으로서, 유오성의 연기는 김득구 그 자체였다",
    "date": "10.08.30",
    "rating": "8",
    "author": "mygr****",
    "review_id": "4804222",
    "movie_id": "32968"
  },
  {
    "review": "난 자신과의 싸움에서 최선을 다하고 있는.. 걸까??",
    "date": "10.06.20",
    "rating": "7",
    "author": "blue****",
    "review_id": "4579235",
    "movie_id": "32968"
  },
  {
    "review": "절대 열세 속에서 투혼과 열정을 불사른 실제 경기에 비해 영화의 감동은 너무 적다",
    "date": "10.06.04",
    "rating": "5",
    "author": "jnlu****",
    "review_id": "4544495",
    "movie_id": "32968"
  },
  {
    "review": "고등학교때 이영화보고 정말 유오성이란 배우에게 빠져들었는데...",
    "date": "10.05.29",
    "rating": "10",
    "author": "iras****",
    "review_id": "4530173",
    "movie_id": "32968"
  },
  {
    "review": "굿",
    "date": "10.05.02",
    "rating": "10",
    "author": "hmhm****",
    "review_id": "4471759",
    "movie_id": "32968"
  },
  {
    "review": "한국판 록키 주먹이 운다 태극전사",
    "date": "10.04.17",
    "rating": "9",
    "author": "jose****",
    "review_id": "4439179",
    "movie_id": "32968"
  },
  {
    "review": "영화라기 보다는 다큐멘터리...",
    "date": "10.04.04",
    "rating": "6",
    "author": "luck****",
    "review_id": "4411815",
    "movie_id": "32968"
  },
  {
    "review": "권투의 매력~",
    "date": "10.03.22",
    "rating": "8",
    "author": "fill****",
    "review_id": "4375747",
    "movie_id": "32968"
  },
  {
    "review": "복싱영화의 최고봉! 왜 이 영화가 흥행에 참패했는지 모르겠다..",
    "date": "10.03.10",
    "rating": "9",
    "author": "aset****",
    "review_id": "4348127",
    "movie_id": "32968"
  },
  {
    "review": "그냥영화론 7점, 곽경택이 만든 영화론 6점",
    "date": "10.02.17",
    "rating": "6",
    "author": "br36****",
    "review_id": "4293077",
    "movie_id": "32968"
  },
  {
    "review": "no.1",
    "date": "10.02.15",
    "rating": "10",
    "author": "back****",
    "review_id": "4284480",
    "movie_id": "32968"
  },
  {
    "review": "최고였다",
    "date": "10.02.09",
    "rating": "10",
    "author": "rldn****",
    "review_id": "4262821",
    "movie_id": "32968"
  },
  {
    "review": "뭔가 흥미로운 포인트가 부족",
    "date": "10.02.01",
    "rating": "7",
    "author": "blue****",
    "review_id": "4232052",
    "movie_id": "32968"
  },
  {
    "review": "뭘 하려고 했던거지?",
    "date": "10.01.18",
    "rating": "6",
    "author": "psyc****",
    "review_id": "4182393",
    "movie_id": "32968"
  },
  {
    "review": "안타깝다..",
    "date": "09.12.19",
    "rating": "10",
    "author": "c42k****",
    "review_id": "4056266",
    "movie_id": "32968"
  },
  {
    "review": "김득구 당신은 진정 영원한 챔피언입니다.",
    "date": "09.12.14",
    "rating": "10",
    "author": "pose****",
    "review_id": "4042466",
    "movie_id": "32968"
  },
  {
    "review": "27살에 아쉽게...",
    "date": "09.11.18",
    "rating": "10",
    "author": "ghdx****",
    "review_id": "3974647",
    "movie_id": "32968"
  },
  {
    "review": "곽경택은 영화 소질이 없다. 분명히",
    "date": "09.11.17",
    "rating": "6",
    "author": "sayb****",
    "review_id": "3970707",
    "movie_id": "32968"
  },
  {
    "review": "다소 아쉬웠다 연기력은 좋았으나 영화자체로서는 조금 부족한면이 있었다",
    "date": "09.11.16",
    "rating": "5",
    "author": "thra****",
    "review_id": "3967124",
    "movie_id": "32968"
  },
  {
    "review": "뭐니뭐니해도 배우 유오성의 연기가 최고였고 김득구 선수가안타까웠습니다ㅜ.ㅜ",
    "date": "09.11.13",
    "rating": "10",
    "author": "hoo0****",
    "review_id": "3956907",
    "movie_id": "32968"
  },
  {
    "review": "뜨거운 열정이 전해지는것 같습니다.",
    "date": "09.10.31",
    "rating": "10",
    "author": "wooa****",
    "review_id": "3927769",
    "movie_id": "32968"
  },
  {
    "review": "죽을때까지싸울수있는의지를가진진정한챔피언",
    "date": "09.10.27",
    "rating": "10",
    "author": "gkrf****",
    "review_id": "3920021",
    "movie_id": "32968"
  },
  {
    "review": "이영화를보고 진짜 남자가뭔지알고갑니다",
    "date": "09.10.24",
    "rating": "10",
    "author": "fkau****",
    "review_id": "3911914",
    "movie_id": "32968"
  },
  {
    "review": "배우들의 연기 최고다.",
    "date": "09.10.14",
    "rating": "9",
    "author": "lord****",
    "review_id": "3891942",
    "movie_id": "32968"
  },
  {
    "review": "유오성 포스........김득구를 그대로 옮겨놨다. 최적의 캐스팅",
    "date": "09.08.30",
    "rating": "10",
    "author": "real****",
    "review_id": "3798119",
    "movie_id": "32968"
  },
  {
    "review": "재밌게봤습니다.",
    "date": "09.06.24",
    "rating": "10",
    "author": "wefo****",
    "review_id": "3584840",
    "movie_id": "32968"
  },
  {
    "review": "나에게 최후까지 싸울 용기와 의지가 있노라......!",
    "date": "09.05.31",
    "rating": "9",
    "author": "bbq2****",
    "review_id": "3535559",
    "movie_id": "32968"
  },
  {
    "review": "유오성씨참~볼만했는데우와~!하는 장면이없어서그런지흥행엔참패한영화-.-",
    "date": "09.05.13",
    "rating": "10",
    "author": "seal****",
    "review_id": "3492432",
    "movie_id": "32968"
  },
  {
    "review": "나는 10세때 김득구를 봤습니다",
    "date": "09.04.17",
    "rating": "10",
    "author": "seok****",
    "review_id": "3426344",
    "movie_id": "32968"
  },
  {
    "review": "가식없는 진심담긴 가슴으로 보는 영화. 최고!!!",
    "date": "09.03.30",
    "rating": "10",
    "author": "14te****",
    "review_id": "3396422",
    "movie_id": "32968"
  },
  {
    "review": "내 인생 최고의 한국영화 나에게 많은 공감대를 실어주었다",
    "date": "09.03.29",
    "rating": "10",
    "author": "jun1****",
    "review_id": "3393802",
    "movie_id": "32968"
  },
  {
    "review": "챔피언...",
    "date": "09.03.24",
    "rating": "10",
    "author": "kdsz****",
    "review_id": "3385682",
    "movie_id": "32968"
  },
  {
    "review": "그냥 볼만했음.",
    "date": "09.03.14",
    "rating": "7",
    "author": "jkh0****",
    "review_id": "3364497",
    "movie_id": "32968"
  },
  {
    "review": "채민서 예뻐요",
    "date": "09.02.07",
    "rating": "10",
    "author": "daso****",
    "review_id": "3286130",
    "movie_id": "32968"
  },
  {
    "review": "너무 현실적으로 그린영화라서 재미는 그다지 ..흥행목적을 위해 만든영화가 아닌듯..",
    "date": "09.01.16",
    "rating": "6",
    "author": "dkgm****",
    "review_id": "3225602",
    "movie_id": "32968"
  },
  {
    "review": "멋진영화.",
    "date": "09.01.04",
    "rating": "10",
    "author": "lady****",
    "review_id": "3185485",
    "movie_id": "32968"
  },
  {
    "review": "나도 이영화 괜찮게 봤는데.",
    "date": "08.12.27",
    "rating": "8",
    "author": "rjfb****",
    "review_id": "3156634",
    "movie_id": "32968"
  },
  {
    "review": "정말 멋진영화였음.배울점이 아주 많은 영화이기도 함",
    "date": "08.11.11",
    "rating": "10",
    "author": "o0o1****",
    "review_id": "3045468",
    "movie_id": "32968"
  },
  {
    "review": "실화를 바탕으로한 헝그리복서의 죽음,,,좋은 소재였는데 완성도가 아쉽다",
    "date": "08.10.30",
    "rating": "4",
    "author": "kimk****",
    "review_id": "3026933",
    "movie_id": "32968"
  },
  {
    "review": "김득구 당신은 진정한 챔피언이다.",
    "date": "08.10.16",
    "rating": "10",
    "author": "nhs0****",
    "review_id": "3003238",
    "movie_id": "32968"
  },
  {
    "review": "영화의 완성도보다는 이영화가 주는 내적인 요소들이 너무나 인상깊었던 영화",
    "date": "08.08.14",
    "rating": "9",
    "author": "heal****",
    "review_id": "2869342",
    "movie_id": "32968"
  },
  {
    "review": "이영화는 한번 봐서는 모른다 보면 볼수록 깊이를 더해간다 멋있다 김득구!!",
    "date": "08.07.21",
    "rating": "10",
    "author": "atxn****",
    "review_id": "2787476",
    "movie_id": "32968"
  },
  {
    "review": "정말 재밋게 보았다.. 김득구 그의 일생은 헛됨이 없었다...",
    "date": "08.06.24",
    "rating": "10",
    "author": "roma****",
    "review_id": "2718826",
    "movie_id": "32968"
  },
  {
    "review": "복싱의 헝그리 정신을 잘알수있었습니다 대한민국 복싱 화이팅!!!",
    "date": "08.04.01",
    "rating": "10",
    "author": "ghkg****",
    "review_id": "2553694",
    "movie_id": "32968"
  },
  {
    "review": "실화였네요... 故김득구선수를 알게되서 영광입니다.",
    "date": "08.03.01",
    "rating": "10",
    "author": "slay****",
    "review_id": "2496909",
    "movie_id": "32968"
  },
  {
    "review": "평점이아깝지않은영화!!",
    "date": "08.03.01",
    "rating": "10",
    "author": "ekql****",
    "review_id": "2495360",
    "movie_id": "32968"
  },
  {
    "review": "김득구선수의 집념이 느껴지는영화 정말 재밌게봤고 느끼는바도 있었다",
    "date": "08.02.28",
    "rating": "10",
    "author": "du91****",
    "review_id": "2489843",
    "movie_id": "32968"
  },
  {
    "review": "김득구의 삶을 보여주려 노력한것 같지만 그렇다고 영화의 완성은 아니다",
    "date": "08.02.15",
    "rating": "6",
    "author": "engm****",
    "review_id": "2446495",
    "movie_id": "32968"
  },
  {
    "review": "스토리 전개가 상투적이다. 기대에 비해 아쉬움이 많았던 영화",
    "date": "08.02.12",
    "rating": "6",
    "author": "nwit****",
    "review_id": "2439655",
    "movie_id": "32968"
  },
  {
    "review": "보통",
    "date": "08.01.21",
    "rating": "7",
    "author": "lott****",
    "review_id": "2353136",
    "movie_id": "32968"
  },
  {
    "review": "김득구의 죽음을 접한 17세 곽경택의 감정. 거기서 영화는 더 나아가질 못한다.",
    "date": "08.01.15",
    "rating": "8",
    "author": "heod****",
    "review_id": "2332420",
    "movie_id": "32968"
  },
  {
    "review": "이 좋은 소재를 이렇게밖에 소화 못하다니...ㅜㅜ",
    "date": "08.01.06",
    "rating": "5",
    "author": "nkot****",
    "review_id": "2301238",
    "movie_id": "32968"
  },
  {
    "review": "김득구선수 이야기라서 슬프고 감동적이긴한데, 영화자체가 많이 지루했음..",
    "date": "08.01.05",
    "rating": "7",
    "author": "choi****",
    "review_id": "2299102",
    "movie_id": "32968"
  },
  {
    "review": "잘 봤습니다.",
    "date": "07.12.25",
    "rating": "6",
    "author": "herc****",
    "review_id": "2264926",
    "movie_id": "32968"
  },
  {
    "review": "사람들은[친구]를들먹인다. 이런영화함만들어봐라.광격택아니면누가만드노",
    "date": "07.12.05",
    "rating": "9",
    "author": "bob2****",
    "review_id": "2209294",
    "movie_id": "32968"
  }
]