[
  {
    "review": "전설의 힙합댄서 문뽀이 어쩔..ㅋㅋㅋㅋㅋ",
    "date": "13.07.24",
    "rating": "10",
    "author": "tjsj****",
    "review_id": "7780490",
    "movie_id": "32979"
  },
  {
    "review": "OO 옆차기 하고 있네 ㅋ 이게 영화면 지나가는 똥개두 영화 찍겠다..그지들아",
    "date": "13.06.21",
    "rating": "1",
    "author": "bohe****",
    "review_id": "7662602",
    "movie_id": "32979"
  },
  {
    "review": "이 영화가 바로 한국 스윙댄스계의 살아있는 전설 문선범님이 출연한 영화인가요?  그렇다면 안봐도 최고입니다!  선평점 후감상.",
    "date": "13.06.12",
    "rating": "10",
    "author": "cast****",
    "review_id": "7630608",
    "movie_id": "32979"
  },
  {
    "review": "문뽀이 최고!!!",
    "date": "13.05.08",
    "rating": "10",
    "author": "anji****",
    "review_id": "7515518",
    "movie_id": "32979"
  },
  {
    "review": "문뽀이 멋있다. 쵝오~",
    "date": "12.06.25",
    "rating": "10",
    "author": "sech****",
    "review_id": "6415780",
    "movie_id": "32979"
  },
  {
    "review": "전예전에이거재밋게봣어요여기나왓던노래showdown엄청좋아햇엇는뎅ㅋㅋㅋ",
    "date": "10.04.17",
    "rating": "10",
    "author": "rlat****",
    "review_id": "4437701",
    "movie_id": "32979"
  },
  {
    "review": "영화를 만들어 봣던 분이라면 비난 못합니다. 아빠가 이거 힘들게 만들엇습니다.",
    "date": "09.12.23",
    "rating": "10",
    "author": "ckdd****",
    "review_id": "4073389",
    "movie_id": "32979"
  },
  {
    "review": "동네 고등학교 방송부가 만든거같다. 진짜로 방송부가 만들었다면 잘만들었다 ㅋㅋㅋ",
    "date": "09.08.20",
    "rating": "10",
    "author": "hisa****",
    "review_id": "3769210",
    "movie_id": "32979"
  },
  {
    "review": "그래도 용케 영화 완성시킨 그대들에게 한번의 박수를",
    "date": "08.02.21",
    "rating": "3",
    "author": "stra****",
    "review_id": "2470216",
    "movie_id": "32979"
  },
  {
    "review": "상당히 많이 실망했다",
    "date": "07.11.29",
    "rating": "3",
    "author": "ghos****",
    "review_id": "2193179",
    "movie_id": "32979"
  },
  {
    "review": "기억에 지우고싶은영화~ 차라리안봤으면",
    "date": "07.05.23",
    "rating": "1",
    "author": "psg1****",
    "review_id": "1652466",
    "movie_id": "32979"
  },
  {
    "review": "화려한 브레익댄스...그 이상을 기대말라",
    "date": "07.01.29",
    "rating": "2",
    "author": "ppp0****",
    "review_id": "1424461",
    "movie_id": "32979"
  },
  {
    "review": "시도가 좋지만... 브레이킨 연기 둘다 잘하는 사람은 없겟지",
    "date": "07.01.17",
    "rating": "5",
    "author": "kims****",
    "review_id": "1391225",
    "movie_id": "32979"
  },
  {
    "review": "여자주인공 안습 ㅡㅡ;",
    "date": "06.09.28",
    "rating": "2",
    "author": "pret****",
    "review_id": "1146498",
    "movie_id": "32979"
  },
  {
    "review": "며칠전 아침에 해주길래 봤는데 2002년꺼라니 엄청 옜날껀줄..",
    "date": "06.09.23",
    "rating": "10",
    "author": "dkek****",
    "review_id": "1138570",
    "movie_id": "32979"
  },
  {
    "review": "한 80년대 영화인줄 알았건만... 너무하네...",
    "date": "06.09.21",
    "rating": "1",
    "author": "lsc7****",
    "review_id": "1135602",
    "movie_id": "32979"
  },
  {
    "review": "당황스럽다",
    "date": "06.09.19",
    "rating": "1",
    "author": "outf****",
    "review_id": "1132076",
    "movie_id": "32979"
  },
  {
    "review": "쓰래기.. 더이상할말이없다......",
    "date": "06.09.10",
    "rating": "1",
    "author": "cngu****",
    "review_id": "1115030",
    "movie_id": "32979"
  },
  {
    "review": "이거 98년도 영화 아냐??",
    "date": "05.12.26",
    "rating": "10",
    "author": "ping****",
    "review_id": "530403",
    "movie_id": "32979"
  },
  {
    "review": "1개도 많이 주는거다 아 놔 ㅋㅋㅋㅋㅋㅋㅋㅋㅋㅋㅋㅋㅋㅋ",
    "date": "05.12.21",
    "rating": "1",
    "author": "okpl****",
    "review_id": "518376",
    "movie_id": "32979"
  },
  {
    "review": "놀라운 화면 구성. 배우들의 놀라운 대사처리능력. 최고.",
    "date": "05.12.20",
    "rating": "10",
    "author": "kamp****",
    "review_id": "517249",
    "movie_id": "32979"
  },
  {
    "review": "별 10개가 모자란다 주성치를 능가할 최고의 코미디 영화",
    "date": "05.12.13",
    "rating": "10",
    "author": "nkb7****",
    "review_id": "502848",
    "movie_id": "32979"
  },
  {
    "review": "별이 한개도 아깝다 나참나... 뭐이딴게 다있어",
    "date": "05.12.01",
    "rating": "1",
    "author": "fari****",
    "review_id": "490855",
    "movie_id": "32979"
  },
  {
    "review": "정확히 10분보고 바로 껐음",
    "date": "05.09.12",
    "rating": "1",
    "author": "verb****",
    "review_id": "402257",
    "movie_id": "32979"
  },
  {
    "review": "좀 성인취향으로 갈것이지...섹스애기도 나오면서 왜 15세?",
    "date": "04.12.25",
    "rating": "6",
    "author": "anji****",
    "review_id": "169433",
    "movie_id": "32979"
  },
  {
    "review": "이런영화가 있는줄도 몰랐다..보다보니 잼있군..",
    "date": "04.12.25",
    "rating": "8",
    "author": "mua1****",
    "review_id": "168950",
    "movie_id": "32979"
  },
  {
    "review": "괜잖은영화. 새로운 시도",
    "date": "04.10.06",
    "rating": "7",
    "author": "tkav****",
    "review_id": "121161",
    "movie_id": "32979"
  }
]