[
  {
    "review": "현실적이고 재미도 있고 괜찮은데 평점이 낮아서 좀 더 높게 점수 부여",
    "date": "15.08.18",
    "rating": "9",
    "author": "koko****",
    "review_id": "10247454",
    "movie_id": "32972"
  },
  {
    "review": "재밋음 결말도 깔끔한데 해피엔딩은그닥좋아하지않아서 2점뻄",
    "date": "15.08.13",
    "rating": "8",
    "author": "zxc1****",
    "review_id": "10221904",
    "movie_id": "32972"
  },
  {
    "review": "진짜 개지루하다 보지마세요 베플에서 연가시 얘기하길래 재밌을줄 알았는데 지루함. 연가시가 더 흥미진진하고 스릴있음 이건 너무 차분함",
    "date": "15.08.11",
    "rating": "1",
    "author": "ttoz****",
    "review_id": "10215129",
    "movie_id": "32972"
  },
  {
    "review": "그만큼 관심없으니...평점이 저렇지....",
    "date": "15.08.06",
    "rating": "10",
    "author": "righ****",
    "review_id": "10192232",
    "movie_id": "32972"
  },
  {
    "review": "생각했던 것보다 훨씬 괜찮았던 영화. 전염병이 퍼져 사회가 무너져가는 모습을 오버하지 않고 담담하게 담아냈으나 잔잔함 속에 묵직함이 숨겨져 있다",
    "date": "15.08.04",
    "rating": "6",
    "author": "sde0****",
    "review_id": "10184776",
    "movie_id": "32972"
  },
  {
    "review": "심지어 극중 바이러스이름과 메르스명칭이 비슷해서인지 더 현실감있었던 영화. 이것과 영화 감기를 보여주고 싶은 사람들이 있네요...",
    "date": "15.08.04",
    "rating": "10",
    "author": "boxe****",
    "review_id": "10184646",
    "movie_id": "32972"
  },
  {
    "review": "소더버그ㅋㅋㅋ 기네스 펠트로를 불륜녀에 첫 감염자도 모자라서 영화시작 5분만에 죽이다니",
    "date": "15.08.02",
    "rating": "7",
    "author": "tell****",
    "review_id": "10172944",
    "movie_id": "32972"
  },
  {
    "review": "현실성있게 진행되는 이야기는 클라이막스없이 어느순간 끝나버리는 현실의 판데믹 모습까지 닮아있다. 집중해서본다면 정말 무서운 우리네 이야기. 두개의 바이러스, 그러나 백신은 하나만 치료했을 뿐이다.",
    "date": "15.07.25",
    "rating": "9",
    "author": "jlkh****",
    "review_id": "10141445",
    "movie_id": "32972"
  },
  {
    "review": "접한 적 없는 방식으로 공포를 선사한다.",
    "date": "15.07.16",
    "rating": "8",
    "author": "rygh****",
    "review_id": "10110226",
    "movie_id": "32972"
  },
  {
    "review": "뭐 이리 평점이 낮아 뭐 이리 평점이 낮아",
    "date": "15.07.14",
    "rating": "10",
    "author": "rhks****",
    "review_id": "10104099",
    "movie_id": "32972"
  },
  {
    "review": "최고입니다 너무 저평가 됨",
    "date": "15.07.12",
    "rating": "10",
    "author": "egot****",
    "review_id": "10096335",
    "movie_id": "32972"
  },
  {
    "review": "분명 잘 만들었고 의미 또한 깊고 함축성이 있었으나 흥미로운 소제인데도 불구하고 긴장감이 전혀 없는 다큐같았다.",
    "date": "15.07.10",
    "rating": "7",
    "author": "wlfa****",
    "review_id": "10089540",
    "movie_id": "32972"
  },
  {
    "review": "이 영화는 모든 순간 순간을 현실적으로 표현했습니다. 너무 현실적이라서 극적 재미가 떨어지는건 사실이지만, 가끔씩 이런 영화를 보는 것도 나쁘진 않은 것 같습니다. 강력하고 자극적인걸 원한다면 보지 마세요.",
    "date": "15.07.10",
    "rating": "8",
    "author": "maeh****",
    "review_id": "10086301",
    "movie_id": "32972"
  },
  {
    "review": "요즘 한국의 메르스 사태보면 이 영화가 너무 무미건조해서 현실보다 재미가 없어보일수도 있지만 요즘 바이러스 감염물하면 좀비나 이런게 대세인 시기에 순수한 전염병을 다룬 영화 중엔 제일 고찰해볼만한 영화. 재미는 없어 8점주려했는데 평점 낮아보여 10점",
    "date": "15.07.08",
    "rating": "10",
    "author": "hell****",
    "review_id": "10080073",
    "movie_id": "32972"
  },
  {
    "review": "역시 한국  재난 스릴러랑은 차원이 다르네 ㅋㅋ",
    "date": "15.07.06",
    "rating": "10",
    "author": "cksg****",
    "review_id": "10075149",
    "movie_id": "32972"
  },
  {
    "review": "꼭 신문 보는 것 같네. 그만큼 사실적이다. 잘 건진 영화",
    "date": "15.07.05",
    "rating": "10",
    "author": "lion****",
    "review_id": "10071232",
    "movie_id": "32972"
  },
  {
    "review": "형편없는 연출, 극적 흥미도라곤 하나도 없는 스토리.. 등장인물 활용도도 떨어짐. 캐릭터들은 중구난방으로 나오고 일관성조차 없음.",
    "date": "15.07.01",
    "rating": "1",
    "author": "vini****",
    "review_id": "10057264",
    "movie_id": "32972"
  },
  {
    "review": "4년전 에 봤을때는 이런일은 없으니 그냥 바이러스 영화겠구나 하고 재미있게 봤지만... 메르스 터지고 다시보니... 갑자기 소름이.... 다르지만 같은 증상.... 열나고 기침하고... 전에봤을때보다 좀 무섭게 봤음",
    "date": "15.06.29",
    "rating": "10",
    "author": "kjhk****",
    "review_id": "10052600",
    "movie_id": "32972"
  },
  {
    "review": "잘 만든 작품인데.. 뭐징 평점",
    "date": "15.06.28",
    "rating": "10",
    "author": "wlff****",
    "review_id": "10049029",
    "movie_id": "32972"
  },
  {
    "review": "바이러스 전염시 일어날 사회혼란에 대해 잘 묘사한 영화, 근데 왜이렇게 평점이 낮은거지?",
    "date": "15.06.20",
    "rating": "10",
    "author": "znzl****",
    "review_id": "10016762",
    "movie_id": "32972"
  },
  {
    "review": "사실적이면서도 재미났음 감기나 연가시보다 훨 나은디.",
    "date": "15.06.20",
    "rating": "10",
    "author": "sod7****",
    "review_id": "10015316",
    "movie_id": "32972"
  },
  {
    "review": "짱잼인데 평점낮아서 깜놀 짱잼 평점올려야해서 십점",
    "date": "15.06.18",
    "rating": "10",
    "author": "hsl7****",
    "review_id": "10009478",
    "movie_id": "32972"
  },
  {
    "review": "개봉당시보고 형편없었는데 메르스 발병후 다시보니 소름끼친다 감독이 너무 현실과 거의비슷한 상황을 영화화 했네",
    "date": "15.06.18",
    "rating": "10",
    "author": "wint****",
    "review_id": "10007530",
    "movie_id": "32972"
  },
  {
    "review": "2015년 6월의 대한민국에는 주드 로의 블로그를 방문하는 사람들이 너무나 많다.",
    "date": "15.06.16",
    "rating": "9",
    "author": "batt****",
    "review_id": "10004001",
    "movie_id": "32972"
  },
  {
    "review": "평점이 생각보다 너무 낮아 10점, 1점 주신분들 제대로 감상  이나했을까싶다. 현존하는 바이러스 재난영화중 단연 최고라생각되는 영화.. 애?",
    "date": "15.06.16",
    "rating": "10",
    "author": "cart****",
    "review_id": "10003714",
    "movie_id": "32972"
  },
  {
    "review": "현실감 있는 재난영화였음. 메르스때문에 더 집중해서 봤음.",
    "date": "15.06.15",
    "rating": "10",
    "author": "suns****",
    "review_id": "10001869",
    "movie_id": "32972"
  },
  {
    "review": "보고나니 좀  많이 허무하다",
    "date": "15.06.14",
    "rating": "6",
    "author": "kws9****",
    "review_id": "10001214",
    "movie_id": "32972"
  },
  {
    "review": "정말 웰메이드 스릴러... 지금 현 상황!!(대한민국)과 많이 일치한다... ㅜㅠ;;",
    "date": "15.06.14",
    "rating": "9",
    "author": "knh0****",
    "review_id": "9999302",
    "movie_id": "32972"
  },
  {
    "review": "전염병이 이런식으로 퍼진다면..상당히 현실적인 이야기. 나온지 몇년됐지만 메르스가 창궐한  지금 시기에 어울리네. 영화속에서는 미국이라서 그런지 대처 잘하는데 한국은 참..근데 왜 평점이 이리 낮지? 이해 안됨. 재밌음.",
    "date": "15.06.13",
    "rating": "9",
    "author": "alra****",
    "review_id": "9995053",
    "movie_id": "32972"
  },
  {
    "review": "현실성 있게 잘 그려냈다 지금 우리를 보는거 같아 무섭기까지 하다",
    "date": "15.06.12",
    "rating": "8",
    "author": "rhtn****",
    "review_id": "9993661",
    "movie_id": "32972"
  },
  {
    "review": "바이러스보다 무서운건 바로 사람",
    "date": "15.06.12",
    "rating": "10",
    "author": "milk****",
    "review_id": "9992398",
    "movie_id": "32972"
  },
  {
    "review": "지금의 한국을 대변하는것 같은 희대의 예언극!! 아마도 개봉 당시엔 너무 나간 설정이 아닌가 하는 의구심으로 이런 평점테러를 당했다고 본다; 이 영환 아무리 낮게 줘도 9점대 인데// 재평가가 필요한 영화임!!",
    "date": "15.06.11",
    "rating": "10",
    "author": "kkh7****",
    "review_id": "9990961",
    "movie_id": "32972"
  },
  {
    "review": "메르스 때문에 생각나서 10점줍니다.",
    "date": "15.06.11",
    "rating": "10",
    "author": "kkk2****",
    "review_id": "9990896",
    "movie_id": "32972"
  },
  {
    "review": "자 호구 민족들아 메르스 대처하는 무능 공무OOO들 어찌 대처하는가 잘봤을거다",
    "date": "15.06.10",
    "rating": "9",
    "author": "s37b****",
    "review_id": "9987535",
    "movie_id": "32972"
  },
  {
    "review": "바이러스 전염상황을 담담하게 그려낸 작품. 재미짐",
    "date": "15.06.09",
    "rating": "8",
    "author": "blac****",
    "review_id": "9987245",
    "movie_id": "32972"
  },
  {
    "review": "정말 현실적인 영화 컨태이젼을 생각해낸 정말 예언가같은 감독가 작가진들이 너무 대단합니다. 너무 현실과 같은 나머지 이영화는 추천은 하지 않갰습니다. 왜냐면 우리나라가 지금 영화의 한장면이기때문이고 구지 볼필요 없이 지금 현실에서 일어나고 있으니까요.",
    "date": "15.06.09",
    "rating": "10",
    "author": "qpyu****",
    "review_id": "9986917",
    "movie_id": "32972"
  },
  {
    "review": "진짜터무니없이낮은평점  안타깝다 수준들이..",
    "date": "15.06.09",
    "rating": "10",
    "author": "wret****",
    "review_id": "9986013",
    "movie_id": "32972"
  },
  {
    "review": "전염OO 일어날수 있는 사회현상과 대중,정부,정치적,기업이윤적 이해관계 등 다양한 부분들을 볼수있었고 바이러스에 대한 경감심을 볼수있었던 영화. 영화중 자신에게 임상실험한 연구원과 자신의 백신을 소년에게 준 부분이 기억남음",
    "date": "15.06.08",
    "rating": "8",
    "author": "bj_w****",
    "review_id": "9984059",
    "movie_id": "32972"
  },
  {
    "review": "예전에 봤던 영화지만  그 때 영화를 보고 상상했던 것이 지금의 메르스로 나타나는구나. 완전 똑같은 양상이네요. 현실적으로 다룬 수작임",
    "date": "15.06.07",
    "rating": "10",
    "author": "tea6****",
    "review_id": "9982917",
    "movie_id": "32972"
  },
  {
    "review": "여러 입장과 상황에서 인물들이 표현되는 부분이 흥미진진 했습니다. 제대로 본게 맞다면 여러가지 부분들이 시사하는 바가 많은것 같은데 그래서 더 마음에 들었습니다. :-)",
    "date": "15.06.07",
    "rating": "9",
    "author": "eisb****",
    "review_id": "9981801",
    "movie_id": "32972"
  },
  {
    "review": "지금 우리나라에 일어난 현실....",
    "date": "15.06.07",
    "rating": "10",
    "author": "ppac****",
    "review_id": "9981021",
    "movie_id": "32972"
  },
  {
    "review": "요즘 상황에 생각나는 영화",
    "date": "15.06.06",
    "rating": "10",
    "author": "vajr****",
    "review_id": "9978830",
    "movie_id": "32972"
  },
  {
    "review": "실제 상황을 잘다루고 있는거 같네요 추천",
    "date": "15.06.06",
    "rating": "10",
    "author": "vvpo****",
    "review_id": "9978747",
    "movie_id": "32972"
  },
  {
    "review": "영화가 꼭 긴박하고 긴장이 되어야 하나? 경각심 불러일으키는것도 영화가 할수있는 기능중 하나다 캐스팅에 속았다고? 이렇게도 유명한 배우들이 하나도 아니고 몇명이나 되는 배우들이 대본리딩을 대충해서 출연하게 되었을까?",
    "date": "15.06.06",
    "rating": "10",
    "author": "park****",
    "review_id": "9978306",
    "movie_id": "32972"
  },
  {
    "review": "이만큼 현실성있게 재앙을 표현한 영화도 드물다 감동,액션이 있어야 영화인가?",
    "date": "15.06.05",
    "rating": "10",
    "author": "chjw****",
    "review_id": "9977242",
    "movie_id": "32972"
  },
  {
    "review": "메르스 사태인 현 시국이랑 똑같은데, 저쪽은 엄청 노력하고 제대로 했지만 불가항력 우리나라? 무능 그 자체",
    "date": "15.06.05",
    "rating": "10",
    "author": "fant****",
    "review_id": "9977041",
    "movie_id": "32972"
  },
  {
    "review": "지금우리나라 이렇게 가능성도 있다고봄",
    "date": "15.06.05",
    "rating": "10",
    "author": "hun8****",
    "review_id": "9977038",
    "movie_id": "32972"
  },
  {
    "review": "지금 이 시점에 한국이 봐야 될 영화. 수수방관보다 과잉대응이 더 낫다.",
    "date": "15.06.05",
    "rating": "7",
    "author": "bbai****",
    "review_id": "9976790",
    "movie_id": "32972"
  },
  {
    "review": "감기와 함께 주목할만한 영화인가 하 참...",
    "date": "15.06.05",
    "rating": "8",
    "author": "pepe****",
    "review_id": "9976280",
    "movie_id": "32972"
  },
  {
    "review": "6점대라니 숫자가 거꾸로 된 거 아니야?",
    "date": "15.06.04",
    "rating": "10",
    "author": "ramn****",
    "review_id": "9975490",
    "movie_id": "32972"
  },
  {
    "review": "SNS가지고 네티즌들 선동하는 애들이 주드 로 보고 찔려가지고 평점 낮게 준건가?",
    "date": "15.06.04",
    "rating": "8",
    "author": "usuk****",
    "review_id": "9975367",
    "movie_id": "32972"
  },
  {
    "review": "왜 평점이 낮은지 이해할 수 없다.",
    "date": "15.06.04",
    "rating": "9",
    "author": "hype****",
    "review_id": "9975105",
    "movie_id": "32972"
  },
  {
    "review": "지금 시점에서 한번 봐줄 필요가 있습니다.",
    "date": "15.06.04",
    "rating": "10",
    "author": "weii****",
    "review_id": "9974845",
    "movie_id": "32972"
  },
  {
    "review": "메르스로 감기 재평가라지민 그건 오락영화일 뿐 진짜 제대로된 질병재난영화는 이거지 평점이 이리 낮다니 안타깝다",
    "date": "15.06.04",
    "rating": "10",
    "author": "shyo****",
    "review_id": "9974424",
    "movie_id": "32972"
  },
  {
    "review": "과장하지 않는게 좋았다 침착하게 보여주는 참상과 인간군상",
    "date": "15.06.04",
    "rating": "10",
    "author": "sskt****",
    "review_id": "9974167",
    "movie_id": "32972"
  },
  {
    "review": "전염병을 다룬 영화가 이렇게도 사실적이고 냉철하게 그려질 수 있을까..? 교과서적인 영화다",
    "date": "15.06.04",
    "rating": "10",
    "author": "mapl****",
    "review_id": "9973801",
    "movie_id": "32972"
  },
  {
    "review": "지금 상황이랑 소름돋을 만큼 비슷하다...  무섭다",
    "date": "15.06.04",
    "rating": "10",
    "author": "wjdd****",
    "review_id": "9973656",
    "movie_id": "32972"
  },
  {
    "review": "지금보면 집중률 10000%",
    "date": "15.06.03",
    "rating": "10",
    "author": "sic1****",
    "review_id": "9973159",
    "movie_id": "32972"
  },
  {
    "review": "나만 요즘 상황보고 이 영화가 생각난게 아니구나",
    "date": "15.06.03",
    "rating": "10",
    "author": "pink****",
    "review_id": "9973073",
    "movie_id": "32972"
  },
  {
    "review": "괜춘한데 주드로가 바이러스 걸려서 죽었으면 속이 시원했을듯",
    "date": "15.06.03",
    "rating": "8",
    "author": "joey****",
    "review_id": "9972978",
    "movie_id": "32972"
  },
  {
    "review": "당시에도 흥미롭게 봤지만.. 메르스로 첫 사망자가 발생하면서 자연스레 이 영화를 떠올리게됐다.. 제발 영화는 영화이기를...",
    "date": "15.06.03",
    "rating": "10",
    "author": "lily****",
    "review_id": "9972773",
    "movie_id": "32972"
  },
  {
    "review": "요즘 상황 보고 이 영화가 생각났다.",
    "date": "15.06.03",
    "rating": "9",
    "author": "yn05****",
    "review_id": "9972054",
    "movie_id": "32972"
  },
  {
    "review": "식상한소재를 제대로살리기가 쉽지 않군",
    "date": "15.06.03",
    "rating": "4",
    "author": "guev****",
    "review_id": "9971679",
    "movie_id": "32972"
  },
  {
    "review": "메르스가 한창 이슈인 지금, 다시 한번 생각나는 영화",
    "date": "15.06.02",
    "rating": "9",
    "author": "buie****",
    "review_id": "9971013",
    "movie_id": "32972"
  },
  {
    "review": "출연진들 후덜덜 하구만 ㅋㅋㅋ 대체 왜 6.55점이지..",
    "date": "15.06.02",
    "rating": "10",
    "author": "kitt****",
    "review_id": "9971006",
    "movie_id": "32972"
  },
  {
    "review": "미래의 일을 예견한 영화네  메르스 ㄷㄷ해",
    "date": "15.06.02",
    "rating": "10",
    "author": "tjrq****",
    "review_id": "9970998",
    "movie_id": "32972"
  },
  {
    "review": "기대 안하고 봤는데 표현에서도 좋았고 배우 연기도 좋았음. 몰입몰입",
    "date": "15.06.02",
    "rating": "10",
    "author": "wkdd****",
    "review_id": "9970455",
    "movie_id": "32972"
  },
  {
    "review": "영화에 대한 재평가가 필요한 시점.",
    "date": "15.06.02",
    "rating": "10",
    "author": "nacs****",
    "review_id": "9970254",
    "movie_id": "32972"
  },
  {
    "review": "지금 나라 꼬라지를 보니 영화 초반 보는거 같음.. 그리고 평점이 6점이란...ㄷㄷㄷ",
    "date": "15.06.02",
    "rating": "10",
    "author": "kbsu****",
    "review_id": "9970062",
    "movie_id": "32972"
  },
  {
    "review": "메르스 파동으로 다시 본 영화.영화 보세요. 두 번 보세요.",
    "date": "15.06.02",
    "rating": "10",
    "author": "ddms****",
    "review_id": "9969916",
    "movie_id": "32972"
  },
  {
    "review": "전염병 영화중 최고. 오바없이 현실적이다.",
    "date": "15.06.02",
    "rating": "9",
    "author": "gang****",
    "review_id": "9969763",
    "movie_id": "32972"
  },
  {
    "review": "메르스 뿐만아니라 정말 중요하다ㅋ",
    "date": "15.06.01",
    "rating": "9",
    "author": "skul****",
    "review_id": "9967995",
    "movie_id": "32972"
  },
  {
    "review": "중간중간 내용이해가 살짝 안되는부분이잏어요",
    "date": "15.05.30",
    "rating": "10",
    "author": "gamj****",
    "review_id": "9961602",
    "movie_id": "32972"
  },
  {
    "review": "지금 메르스 퍼지는거 보고 딱 이 영화 생각나서 다시 봤는데...조심들 합시다",
    "date": "15.05.30",
    "rating": "10",
    "author": "36ki****",
    "review_id": "9961168",
    "movie_id": "32972"
  },
  {
    "review": "현실적이 영화지만, 뭔가 밋밋했다.",
    "date": "15.05.29",
    "rating": "7",
    "author": "skim****",
    "review_id": "9959760",
    "movie_id": "32972"
  },
  {
    "review": "재밌음 바람은 피우면 안됨",
    "date": "15.05.29",
    "rating": "10",
    "author": "scor****",
    "review_id": "9959749",
    "movie_id": "32972"
  },
  {
    "review": "기가 막히네. 쓰레기 한국영화보다 백배는 나은디",
    "date": "15.05.29",
    "rating": "10",
    "author": "mich****",
    "review_id": "9959313",
    "movie_id": "32972"
  },
  {
    "review": "잘 봤는데 평점이 너무 낮게 나왔네..",
    "date": "15.05.23",
    "rating": "10",
    "author": "leej****",
    "review_id": "9940459",
    "movie_id": "32972"
  },
  {
    "review": "주드 로 = 홍가혜...",
    "date": "15.05.20",
    "rating": "7",
    "author": "tian****",
    "review_id": "9932877",
    "movie_id": "32972"
  },
  {
    "review": "평이의외로낫듯안음..",
    "date": "15.05.04",
    "rating": "8",
    "author": "xx41****",
    "review_id": "9894695",
    "movie_id": "32972"
  },
  {
    "review": "생각보다 평점이 너무 낮은거 같아서 10점",
    "date": "15.04.18",
    "rating": "10",
    "author": "or7i****",
    "review_id": "9851338",
    "movie_id": "32972"
  },
  {
    "review": "전달하고자하는 내용은 많았지만, 억지로 끼워맞춘듯한 느낌",
    "date": "15.04.18",
    "rating": "5",
    "author": "squa****",
    "review_id": "9850552",
    "movie_id": "32972"
  },
  {
    "review": "정말좋음 왜이렇게 평점이낮을까...아쉬윰",
    "date": "15.04.18",
    "rating": "10",
    "author": "boba****",
    "review_id": "9850415",
    "movie_id": "32972"
  },
  {
    "review": "스릴러 영화 찾으시면 이거 봐 두번봐~",
    "date": "15.04.16",
    "rating": "9",
    "author": "bin2****",
    "review_id": "9847554",
    "movie_id": "32972"
  },
  {
    "review": "세상에..평론가평점이 더높은적은처음이야",
    "date": "15.04.15",
    "rating": "9",
    "author": "jake****",
    "review_id": "9846761",
    "movie_id": "32972"
  },
  {
    "review": "긴장감 넘치거나 하는건 없지만 그럴싸했음",
    "date": "15.04.02",
    "rating": "9",
    "author": "vvst****",
    "review_id": "9822874",
    "movie_id": "32972"
  },
  {
    "review": "연가시보다는 잘만들엇다",
    "date": "15.02.26",
    "rating": "10",
    "author": "whth****",
    "review_id": "9740086",
    "movie_id": "32972"
  },
  {
    "review": "good.good.",
    "date": "15.02.19",
    "rating": "7",
    "author": "tutl****",
    "review_id": "9712366",
    "movie_id": "32972"
  },
  {
    "review": "day2[영국미녀 일본남성 홍콩청년 기네스펠트로]사망한다12日프리코치즈+한우=J섬지J~15日 MEV-1바이러스의창궐WHO최고단계인판데믹상황을사실적이고차분하게담아낸다day1[애임앨더슨社 박쥐 돼지 주방장 기네스펠트로(외도)]백신개발전/후모습이현실과닮았다",
    "date": "15.02.13",
    "rating": "8",
    "author": "beat****",
    "review_id": "9693462",
    "movie_id": "32972"
  },
  {
    "review": "이것은 현실이다. 사스, 에볼라 그리고 그 다음은..",
    "date": "15.02.10",
    "rating": "8",
    "author": "ilov****",
    "review_id": "9684362",
    "movie_id": "32972"
  },
  {
    "review": "킬링타임... 재미보단... 그냥 .. 교훈용",
    "date": "15.02.07",
    "rating": "6",
    "author": "soss****",
    "review_id": "9675960",
    "movie_id": "32972"
  },
  {
    "review": "보는 내내 몰입하면서 재미있게 봤는데, 평점이 고작 6점이라, 한국인들이 수준이 높은것일까 아니면 낮을 것일까",
    "date": "15.02.06",
    "rating": "10",
    "author": "mari****",
    "review_id": "9672288",
    "movie_id": "32972"
  },
  {
    "review": "이 감독에, 이 명배우들에, 한창 핫한 주제를 가지고, 고작 이 정도?",
    "date": "15.02.03",
    "rating": "6",
    "author": "tear****",
    "review_id": "9664270",
    "movie_id": "32972"
  },
  {
    "review": "쓰레기 한국 영화도 평점 8점대가 넘는데 이게 6점대라고? 에라이 상도덕도 없는 무지랭이들아",
    "date": "15.01.09",
    "rating": "9",
    "author": "talk****",
    "review_id": "9578359",
    "movie_id": "32972"
  },
  {
    "review": "영화가 담담하고 현실적으로 내용을 표핸햇다.",
    "date": "15.01.04",
    "rating": "6",
    "author": "tull****",
    "review_id": "9561268",
    "movie_id": "32972"
  },
  {
    "review": "잘만들었는데 평점이 형편없네요. 전염병이 퍼졌을때 상황도 리얼하고 어찌 행동해야하는지도 생각해 볼 수 있는 꽤 괜찮은 영화임다. 탑배우들이 단체로 나와서 것도 좋았어요.",
    "date": "14.12.26",
    "rating": "10",
    "author": "elle****",
    "review_id": "9517776",
    "movie_id": "32972"
  },
  {
    "review": "선동충, 음모충, 파워블로거충들은 이영화 꼭봐야함 ㄷㄷ 아 걔네들이 이미보고 평저을 이따구로 줘놨나 찔리니까 ㄷㄷ",
    "date": "14.12.23",
    "rating": "10",
    "author": "21su****",
    "review_id": "9503186",
    "movie_id": "32972"
  },
  {
    "review": "다큐멘터리 같은 영화. 전개되어 가는 과정이 화면으로 보여주기식이 아닌 이야기로 잔잔하게 풀어간다. 기대했던것과는 달리 지루했다.",
    "date": "14.12.04",
    "rating": "6",
    "author": "yong****",
    "review_id": "9447696",
    "movie_id": "32972"
  },
  {
    "review": "현실적이면서 몰입도 높은 영화",
    "date": "14.11.18",
    "rating": "10",
    "author": "aked****",
    "review_id": "9397930",
    "movie_id": "32972"
  },
  {
    "review": "잉? 몇몇 전개는 어이가 없었지만 6점대 영화는 절대 아닌데. 다시 평가받아야 할 영화인듯.",
    "date": "14.11.13",
    "rating": "8",
    "author": "maey****",
    "review_id": "9376383",
    "movie_id": "32972"
  }
]