[
  {
    "review": "아메리칸 뷰티의 이니드에 빠져 본 영화. 스칼렛 요한슨 까지 ... 재밌는 10대 말의 사회 적응 영화 ㅋㅋ... 삶이란 어느 순간 어느 곳으로 떠날 수 있는 것일까",
    "date": "15.08.11",
    "rating": "9",
    "author": "jhwa****",
    "review_id": "10216656",
    "movie_id": "32975"
  },
  {
    "review": "애나 어른이나 이기적인건 똑같다. 이건 당연한 얘기이며 비난받아야 할 것도 아니다.",
    "date": "15.07.11",
    "rating": "9",
    "author": "dins****",
    "review_id": "10090294",
    "movie_id": "32975"
  },
  {
    "review": "영어 제목과 같은 세상에서 모난 돌이 된 한 소녀의 성장기..",
    "date": "15.03.15",
    "rating": "7",
    "author": "nine****",
    "review_id": "9783279",
    "movie_id": "32975"
  },
  {
    "review": "재밌고 독특하고, 쉽게 만나기 힘든 수작",
    "date": "15.03.04",
    "rating": "10",
    "author": "john****",
    "review_id": "9756606",
    "movie_id": "32975"
  },
  {
    "review": ".,.,.,.,.,,.,",
    "date": "15.02.23",
    "rating": "1",
    "author": "czta****",
    "review_id": "9730818",
    "movie_id": "32975"
  },
  {
    "review": "갠적으로 성장영화 안 좋아하고 이니드와의 공통점도 전혀 없어서 다른 댓글들과 달리 공감가는 부분은 없지만 영화 자체는 뭐 그냥저냥 볼만한거같음",
    "date": "15.01.11",
    "rating": "8",
    "author": "rla8****",
    "review_id": "9583164",
    "movie_id": "32975"
  },
  {
    "review": "다 해낼 것 같았으나 어찌나 깨지기 쉬운지 배우고, 놀리려고 접근해 좋아하게 되고 막상 내 것이 되자 시들해지는 소유와 관계, 성공과 좌절에 대한 성장기.",
    "date": "14.11.21",
    "rating": "7",
    "author": "tear****",
    "review_id": "9405429",
    "movie_id": "32975"
  },
  {
    "review": "이니드캐릭터는 12년이 지난 지금도 독특하고 매력적이다. 위트있고 시니컬한 시나리오,배우들의 호연이 돋보인다.그리고 스칼렛 그분이 나타나셨다. 이영화 청춘영화의 고전이 될것이다",
    "date": "14.11.10",
    "rating": "10",
    "author": "mlif****",
    "review_id": "9369120",
    "movie_id": "32975"
  },
  {
    "review": "더이상 나를 옭아매는 울타리가 없다는 것, 그 울타리에서 벗어나는 순간 느꼈던 감정을 비주류의 감성에서 해석한 영화. 어쩔 수 없이 공감하게 되는 나 자신이 안쓰러웠다.",
    "date": "14.11.08",
    "rating": "10",
    "author": "floo****",
    "review_id": "9357360",
    "movie_id": "32975"
  },
  {
    "review": "인생을 시작하는 방법. 그것은 자신이 진정으로 원하는 바를 깨닫는것과 일맥상통 한다.",
    "date": "14.09.26",
    "rating": "5",
    "author": "rock****",
    "review_id": "9242108",
    "movie_id": "32975"
  },
  {
    "review": "다 보고난후 우울하고 씁쓸하지만 묘한 공감을 가지지 않을수가 없다",
    "date": "14.08.23",
    "rating": "8",
    "author": "bsh0****",
    "review_id": "9126725",
    "movie_id": "32975"
  },
  {
    "review": "우와 영화 평점주는 것 가지고 무뇌적평점이니 뭐니 해놓고는 자기는 1점 준다...ㅋㅋㅋ 누가 누구보고 무뇌라는건지",
    "date": "14.08.13",
    "rating": "8",
    "author": "bshi****",
    "review_id": "9077405",
    "movie_id": "32975"
  },
  {
    "review": "재미없고 내용도 공감안감하이틴영화라 기대하고 봤는데 쩝평점 왜이럼?옛날 명작들 보면 약간 지루한 장면이 있더라도 어느정도 흡인력있고 인상깊은 장면이 있는데 이건 별로",
    "date": "14.07.20",
    "rating": "2",
    "author": "euri****",
    "review_id": "8935261",
    "movie_id": "32975"
  },
  {
    "review": "재밌는 영화였다. 19살 때 내가 이 영화를 봤으면 어떤 느낌이었을까? 뒤늦게 봐서 후회된다.",
    "date": "14.07.15",
    "rating": "10",
    "author": "beat****",
    "review_id": "8918307",
    "movie_id": "32975"
  },
  {
    "review": "내가 본 영화 중 결말이 가장 암울한 영화였음.",
    "date": "14.07.14",
    "rating": "10",
    "author": "alie****",
    "review_id": "8917270",
    "movie_id": "32975"
  },
  {
    "review": "뭐가 판타스틱이냐? 생긴 것부터 하는 짓까지 완전 비호감",
    "date": "14.07.06",
    "rating": "1",
    "author": "tn99****",
    "review_id": "8891472",
    "movie_id": "32975"
  },
  {
    "review": "숨겨진 수작. 철부지 이니드",
    "date": "14.06.08",
    "rating": "9",
    "author": "nuja****",
    "review_id": "8810725",
    "movie_id": "32975"
  },
  {
    "review": "나도 나중에 중년 아저씨가 되면 스무살정도 어린 애와 뒹굴고 싶다.",
    "date": "14.05.04",
    "rating": "1",
    "author": "mara****",
    "review_id": "8700627",
    "movie_id": "32975"
  },
  {
    "review": "넌더리 나는 세상 속, 끊임 없이 아픈 청춘 우리는 과연 어디로 흘러가는 걸까 ..",
    "date": "14.01.29",
    "rating": "10",
    "author": "cupa****",
    "review_id": "8442234",
    "movie_id": "32975"
  },
  {
    "review": "이니드에 푹 빠져서 감상했네..",
    "date": "13.11.02",
    "rating": "10",
    "author": "dosl****",
    "review_id": "8108932",
    "movie_id": "32975"
  },
  {
    "review": "매력이 철철 흘러넘치는 영화.",
    "date": "13.09.25",
    "rating": "10",
    "author": "yjh8****",
    "review_id": "8015795",
    "movie_id": "32975"
  },
  {
    "review": "나와 똑 같 다",
    "date": "13.09.24",
    "rating": "10",
    "author": "eksq****",
    "review_id": "8012733",
    "movie_id": "32975"
  },
  {
    "review": "훌륭한 성장영화 한편, 어린 시절의 방황과 좌절의 깊이에 대해 정확하게 논하는 영화.",
    "date": "13.07.07",
    "rating": "8",
    "author": "jys4****",
    "review_id": "7714934",
    "movie_id": "32975"
  },
  {
    "review": "사회에 적응 못하고 방황하는 주인공의 성장통 영화..인생이라는것이 뭘까..정답이 없기에 더어렵고 고달픈것일지도... 때론 외롭기만하다..",
    "date": "13.05.06",
    "rating": "8",
    "author": "ehwj****",
    "review_id": "7511290",
    "movie_id": "32975"
  },
  {
    "review": "ㅠ",
    "date": "13.04.21",
    "rating": "10",
    "author": "moog****",
    "review_id": "7471792",
    "movie_id": "32975"
  },
  {
    "review": "음.. 난 35살이 되어도, 아직 까지 방황하는 걸 보면 어른이 덜 된건가?",
    "date": "13.04.14",
    "rating": "9",
    "author": "sunh****",
    "review_id": "7458115",
    "movie_id": "32975"
  },
  {
    "review": "중딩때 처음보고 스티브 부세미랑 주인공이 사귀는게 너무 징그러워서 거부감이 컸다. 근데 최근 다시 보니 넘 유쾌한 영화였다는걸 깨달음. 이 영화를 추천해준 내 중딩시절 친구는 일찌감치 영화보는 눈이 있었군.",
    "date": "13.04.11",
    "rating": "9",
    "author": "jisu****",
    "review_id": "7449267",
    "movie_id": "32975"
  },
  {
    "review": "아직도 될대로 되란식의 개성이라면 그틀을 과감하게 벗는것이 옳아",
    "date": "13.04.08",
    "rating": "6",
    "author": "jjcv****",
    "review_id": "7443918",
    "movie_id": "32975"
  },
  {
    "review": "색채감넘치고 멋진배우들이나오는 병맛영화",
    "date": "13.04.01",
    "rating": "7",
    "author": "baer****",
    "review_id": "7428126",
    "movie_id": "32975"
  },
  {
    "review": "아... 이니드에게 공감하면서 봤다. 특히 이니드패션이 넘 이뻤다. 이런 매력쟁이같으니",
    "date": "13.02.10",
    "rating": "10",
    "author": "dwc0****",
    "review_id": "7248155",
    "movie_id": "32975"
  },
  {
    "review": "나도 한때는 학교만 졸업하면 뭔가 할 수 있을 줄 알았다... 하지만 현실은.. 버스를 타고 떠나 도착한 곳에서 이닛은 여전히 사회에 적응하지 못한 어른으로 살아가고 있을까..",
    "date": "13.02.07",
    "rating": "8",
    "author": "dono****",
    "review_id": "7235225",
    "movie_id": "32975"
  },
  {
    "review": "good",
    "date": "12.12.23",
    "rating": "10",
    "author": "punk****",
    "review_id": "7035857",
    "movie_id": "32975"
  },
  {
    "review": "아웃사이더가 고스트인건지 아웃사이더가 사는 멍청한세상이 고스트인건지",
    "date": "12.12.10",
    "rating": "10",
    "author": "paul****",
    "review_id": "6991029",
    "movie_id": "32975"
  },
  {
    "review": "내 이유모를 우울한 청춘, 그 시절의 자화상 같은 영화.주인공 이니드의 넘버 원 판타지를 싣고 떠나는 버스의 뒷모습,그 마지막 장면이 잊히지 않는다.",
    "date": "12.12.04",
    "rating": "10",
    "author": "bans****",
    "review_id": "6969091",
    "movie_id": "32975"
  },
  {
    "review": "제목은 ghost world 이다",
    "date": "12.11.02",
    "rating": "10",
    "author": "wmfz****",
    "review_id": "6844535",
    "movie_id": "32975"
  },
  {
    "review": "이 유치한 세상과 잘 맞지않는 소녀는 아무도 모르게 소리없이 사라지는걸 꿈꾼다",
    "date": "12.08.27",
    "rating": "10",
    "author": "whij****",
    "review_id": "6648959",
    "movie_id": "32975"
  },
  {
    "review": "스칼렛 요한슨만 이쁘다.",
    "date": "12.07.15",
    "rating": "5",
    "author": "wlfa****",
    "review_id": "6482139",
    "movie_id": "32975"
  },
  {
    "review": "제목보소 한국배급사가 상업화시킴 ㅠㅠ 넘 좋은영화인데 제목이아쉬워",
    "date": "12.07.14",
    "rating": "9",
    "author": "wlqk****",
    "review_id": "6479883",
    "movie_id": "32975"
  },
  {
    "review": "귀엽고 아픈 청춘. 다시 못 올 것에 대하여..",
    "date": "12.07.11",
    "rating": "7",
    "author": "pria****",
    "review_id": "6470033",
    "movie_id": "32975"
  },
  {
    "review": "그자리에서.",
    "date": "12.04.14",
    "rating": "10",
    "author": "gkdp****",
    "review_id": "6218452",
    "movie_id": "32975"
  },
  {
    "review": "스칼릿 의 10대의 생얼 ㄷㄷ 청순섹시귀염 ㅋ",
    "date": "12.04.05",
    "rating": "10",
    "author": "ghos****",
    "review_id": "6193735",
    "movie_id": "32975"
  },
  {
    "review": "이니드의 패션이 눈에띄는 영화/괜찮은 성장영화",
    "date": "12.04.05",
    "rating": "10",
    "author": "titi****",
    "review_id": "6193669",
    "movie_id": "32975"
  },
  {
    "review": "개봉하자마자 제목만 보고 봤는데 관람인원 11명(우리 일행 남자6)에 다들 욕함..ㅋㅋ",
    "date": "12.03.05",
    "rating": "1",
    "author": "ganj****",
    "review_id": "6125449",
    "movie_id": "32975"
  },
  {
    "review": "한번쯤은 생각날 영화",
    "date": "12.02.03",
    "rating": "10",
    "author": "rnjs****",
    "review_id": "6047319",
    "movie_id": "32975"
  },
  {
    "review": "결국은 세이모어(스티브부세미 역)의 성장이야기혹은 성장통",
    "date": "12.02.01",
    "rating": "10",
    "author": "blue****",
    "review_id": "6041837",
    "movie_id": "32975"
  },
  {
    "review": "할리우드판 성장영화 중에선 최고",
    "date": "11.12.22",
    "rating": "10",
    "author": "tang****",
    "review_id": "5924012",
    "movie_id": "32975"
  },
  {
    "review": "이니드가 뭔가 나랑 비슷해서 더 재밌었음",
    "date": "11.11.21",
    "rating": "10",
    "author": "ch88****",
    "review_id": "5864475",
    "movie_id": "32975"
  },
  {
    "review": "다시봐도 재밌는 영화",
    "date": "11.10.25",
    "rating": "9",
    "author": "sist****",
    "review_id": "5809604",
    "movie_id": "32975"
  },
  {
    "review": "심오한 성장영화. 스칼렛 요한슨 보는 재미.",
    "date": "11.10.05",
    "rating": "7",
    "author": "choi****",
    "review_id": "5772898",
    "movie_id": "32975"
  },
  {
    "review": "ghost world or ghost myself? 주제가 식스센스네? / 버려진 사춘기 정서",
    "date": "11.09.24",
    "rating": "8",
    "author": "mida****",
    "review_id": "5748969",
    "movie_id": "32975"
  },
  {
    "review": "기대이상..완전 재밌어요..ㅎㅎ",
    "date": "11.08.31",
    "rating": "10",
    "author": "cool****",
    "review_id": "5699384",
    "movie_id": "32975"
  },
  {
    "review": "귀여운것들~~너무 재밌음",
    "date": "11.08.21",
    "rating": "9",
    "author": "chee****",
    "review_id": "5675790",
    "movie_id": "32975"
  },
  {
    "review": "번역 제목에 속지 마시라",
    "date": "11.08.21",
    "rating": "8",
    "author": "min6****",
    "review_id": "5675201",
    "movie_id": "32975"
  },
  {
    "review": "..하하,....",
    "date": "11.05.21",
    "rating": "10",
    "author": "2hj_****",
    "review_id": "5440579",
    "movie_id": "32975"
  },
  {
    "review": "허스키한 요한슨 목소리",
    "date": "11.04.13",
    "rating": "8",
    "author": "tjsw****",
    "review_id": "5371329",
    "movie_id": "32975"
  },
  {
    "review": "평점깎는 미.친.것들은 모냐?",
    "date": "11.04.08",
    "rating": "10",
    "author": "cidd****",
    "review_id": "5360759",
    "movie_id": "32975"
  },
  {
    "review": "지금까지 5번을 봤는데도 질리지 않는다. 볼 때마다 새로운느낌",
    "date": "11.03.04",
    "rating": "10",
    "author": "seoy****",
    "review_id": "5293728",
    "movie_id": "32975"
  },
  {
    "review": "시덥잖은 코미딘줄 알았는데 생각보다 진지해서 놀랐다.",
    "date": "11.03.03",
    "rating": "7",
    "author": "ejia****",
    "review_id": "5291091",
    "movie_id": "32975"
  },
  {
    "review": "현실에 타협한 소녀와 그렇지 못한 소녀의 판타스틱한 자아찾기.",
    "date": "11.02.19",
    "rating": "10",
    "author": "huge****",
    "review_id": "5255623",
    "movie_id": "32975"
  },
  {
    "review": "노란 화학물이 왕창 쳐발린 맛있는 팝콘요",
    "date": "11.02.14",
    "rating": "10",
    "author": "jaso****",
    "review_id": "5244121",
    "movie_id": "32975"
  },
  {
    "review": "잼없게 본 사람들이 있어서 씁쓸...난완전공감하면서 봤는데 글고미국서살아보고싶다",
    "date": "11.02.06",
    "rating": "10",
    "author": "love****",
    "review_id": "5222477",
    "movie_id": "32975"
  },
  {
    "review": "도란도란 이야기해주는 거 같다. 음악도 너무 좋네~@@",
    "date": "11.01.28",
    "rating": "10",
    "author": "ssbi****",
    "review_id": "5191670",
    "movie_id": "32975"
  },
  {
    "review": "오지 않는 버스는 오지 않지만 시작하는 버스는 온다",
    "date": "11.01.14",
    "rating": "6",
    "author": "erhe****",
    "review_id": "5155686",
    "movie_id": "32975"
  },
  {
    "review": "우연히 보게된 영화, 엔딩을 보고 왜 이니드가 죽었다고 생각했을까..?",
    "date": "11.01.08",
    "rating": "9",
    "author": "sei0****",
    "review_id": "5140605",
    "movie_id": "32975"
  },
  {
    "review": "네이버 평점은 절대 믿을 수 없다. 이 황당한 영화는 무엇이란 말이냐?",
    "date": "10.12.26",
    "rating": "1",
    "author": "sky6****",
    "review_id": "5087961",
    "movie_id": "32975"
  },
  {
    "review": "솔직히... 잘 이해가 안간다",
    "date": "10.12.13",
    "rating": "6",
    "author": "sinb****",
    "review_id": "5049210",
    "movie_id": "32975"
  },
  {
    "review": "우리는 살며 몇 대의 버스를 놓쳐 왔을까.",
    "date": "10.10.26",
    "rating": "10",
    "author": "mddo****",
    "review_id": "4921867",
    "movie_id": "32975"
  },
  {
    "review": "어디로 튈지 몰라 더 매력적인 작품.",
    "date": "10.08.28",
    "rating": "8",
    "author": "cube****",
    "review_id": "4797737",
    "movie_id": "32975"
  },
  {
    "review": "계속되는 전체적인 분위기는 좋다...근데 무얼 말하고 싶은건지 모르겠다",
    "date": "10.08.25",
    "rating": "8",
    "author": "beet****",
    "review_id": "4791784",
    "movie_id": "32975"
  },
  {
    "review": "스산하고 몽롱한 엔딩은 참 좋았더랬다.",
    "date": "10.07.09",
    "rating": "8",
    "author": "bars****",
    "review_id": "4624012",
    "movie_id": "32975"
  },
  {
    "review": "예상과 달리 임팩트도 적고 많이 싱거운 듯. 제목만 판타스틱.",
    "date": "10.06.20",
    "rating": "5",
    "author": "5292****",
    "review_id": "4579644",
    "movie_id": "32975"
  },
  {
    "review": "장난치냐? 영화전체적인 스토리도부실하고 주인공들의 감정도 잘안드러난다.",
    "date": "10.06.12",
    "rating": "1",
    "author": "dodo****",
    "review_id": "4560872",
    "movie_id": "32975"
  },
  {
    "review": "이거 어디서 볼수있나요????보고싶어요",
    "date": "10.06.06",
    "rating": "10",
    "author": "cart****",
    "review_id": "4547642",
    "movie_id": "32975"
  },
  {
    "review": "도라 버치 진짜 매력적이다. 영화는 좀 찝찝하긴 했지만은 ㅋㅋ",
    "date": "10.04.25",
    "rating": "10",
    "author": "il_d****",
    "review_id": "4453596",
    "movie_id": "32975"
  },
  {
    "review": "새콤달콤하지만 때론 톡쏘는 신맛이 매력있는 틴에이져 무비",
    "date": "10.04.22",
    "rating": "9",
    "author": "ssoz****",
    "review_id": "4447636",
    "movie_id": "32975"
  },
  {
    "review": "독특한 애들은 IQ가 높다고 생각하던 시점에 우연히 만난 이니드. 재밌다.",
    "date": "10.04.02",
    "rating": "10",
    "author": "grac****",
    "review_id": "4403392",
    "movie_id": "32975"
  },
  {
    "review": "나를 위해 만들어진 듯한 영화",
    "date": "10.03.21",
    "rating": "10",
    "author": "iky9****",
    "review_id": "4371052",
    "movie_id": "32975"
  },
  {
    "review": "아웃사이더들에게 현실은 '고스트월드'와 같지 않을까. 이색적인 감성의 성장영화.",
    "date": "10.03.15",
    "rating": "6",
    "author": "floa****",
    "review_id": "4358715",
    "movie_id": "32975"
  },
  {
    "review": "기억에 남을만한 영화..",
    "date": "10.02.19",
    "rating": "10",
    "author": "yoon****",
    "review_id": "4299443",
    "movie_id": "32975"
  },
  {
    "review": "정말 마지막장면때문에 100번은 더봐야 할것같은 영화.",
    "date": "10.02.02",
    "rating": "10",
    "author": "colo****",
    "review_id": "4238235",
    "movie_id": "32975"
  },
  {
    "review": "점점지루해져",
    "date": "09.12.31",
    "rating": "6",
    "author": "c42k****",
    "review_id": "4111922",
    "movie_id": "32975"
  },
  {
    "review": "남들몰래사라져버릴수만있다면..언젠가내가했던말....아저씨랑은왜잤니?오묘한스무살",
    "date": "09.11.19",
    "rating": "7",
    "author": "pooh****",
    "review_id": "3976357",
    "movie_id": "32975"
  },
  {
    "review": "영화 다보고 제목의 의미를 다시 생각하다. 스칼렛 요한슨 어려서도 매력있다.",
    "date": "09.11.01",
    "rating": "8",
    "author": "aira****",
    "review_id": "3931285",
    "movie_id": "32975"
  },
  {
    "review": "이니드를 보는데 꼭 내고등학교시절을 보는듯했음",
    "date": "09.10.25",
    "rating": "10",
    "author": "jjg4****",
    "review_id": "3915429",
    "movie_id": "32975"
  },
  {
    "review": "인생에는 답이 없는걸까? 하지만 그걸 알기엔 아직 어린거 같다.",
    "date": "09.10.25",
    "rating": "10",
    "author": "ruda****",
    "review_id": "3914169",
    "movie_id": "32975"
  },
  {
    "review": "저 나이때의 심리를 독특하게 보여준 작품",
    "date": "09.10.24",
    "rating": "6",
    "author": "cont****",
    "review_id": "3913236",
    "movie_id": "32975"
  },
  {
    "review": "강추~! 제목 누가 번역했어",
    "date": "09.10.12",
    "rating": "10",
    "author": "cute****",
    "review_id": "3888069",
    "movie_id": "32975"
  },
  {
    "review": "할리우드 성장영화 중 손꼽을만 하다. 그 버스는 지금 어디쯤 도착했을까?",
    "date": "09.10.09",
    "rating": "10",
    "author": "hero****",
    "review_id": "3882587",
    "movie_id": "32975"
  },
  {
    "review": "꽤나 특이한.",
    "date": "09.09.28",
    "rating": "6",
    "author": "diri****",
    "review_id": "3858068",
    "movie_id": "32975"
  },
  {
    "review": "평점 잘준사람들 도대체 뭐지...외계인인가",
    "date": "09.08.07",
    "rating": "1",
    "author": "wjdd****",
    "review_id": "3719986",
    "movie_id": "32975"
  },
  {
    "review": "독특하고 여운깊은 성장영화.",
    "date": "09.08.02",
    "rating": "8",
    "author": "leh0****",
    "review_id": "3697232",
    "movie_id": "32975"
  },
  {
    "review": "그 버스, 꼭 타야만 했니? 수긍이 가지만 씁쓸해",
    "date": "09.07.13",
    "rating": "8",
    "author": "k_iv****",
    "review_id": "3628305",
    "movie_id": "32975"
  },
  {
    "review": "ㅇㅇ 번역 제목이 별로 ㅇㅇ",
    "date": "09.07.07",
    "rating": "10",
    "author": "omaj****",
    "review_id": "3616166",
    "movie_id": "32975"
  },
  {
    "review": "인심써서 5점 맞춰준다;",
    "date": "09.06.12",
    "rating": "5",
    "author": "sptl****",
    "review_id": "3561221",
    "movie_id": "32975"
  },
  {
    "review": "이니드 짱",
    "date": "09.06.01",
    "rating": "10",
    "author": "wlsd****",
    "review_id": "3538180",
    "movie_id": "32975"
  },
  {
    "review": "아무도 모르게. 누구에게도 이해시키려 들지 않고. 단지 그녀가 꿈꿔온 대로.",
    "date": "09.05.08",
    "rating": "6",
    "author": "kkot****",
    "review_id": "3480230",
    "movie_id": "32975"
  },
  {
    "review": "마지막 장면이 아쉬우면서도 여운이 남는다. 아무도 없는 길을 홀로 떠나다.",
    "date": "09.05.02",
    "rating": "8",
    "author": "kusa****",
    "review_id": "3457696",
    "movie_id": "32975"
  },
  {
    "review": "소녀에서성인이되면서겪는갈등과고민그리고불안함들독특한분위기로이야기한다",
    "date": "09.04.18",
    "rating": "10",
    "author": "k641****",
    "review_id": "3427894",
    "movie_id": "32975"
  },
  {
    "review": "어쨌든 영화는 재미가 있어야 되지 않을까?...휩쓸려 평점주는 무뇌적평점은 제발...",
    "date": "09.03.31",
    "rating": "1",
    "author": "hans****",
    "review_id": "3398075",
    "movie_id": "32975"
  },
  {
    "review": "재미는 있지만 공감되지는 않았고 레베카의 목소리와 이니드의 부츠가 맘에 든다",
    "date": "09.02.10",
    "rating": "8",
    "author": "hnr1****",
    "review_id": "3292909",
    "movie_id": "32975"
  }
]