[
  {
    "review": "인생영화. 원작에 손색이 없을정도의 명작 원작나름의 감동이있다면 이 영화 나름의 감동이있네요",
    "date": "15.08.09",
    "rating": "10",
    "author": "tmdw****",
    "review_id": "10210418",
    "movie_id": "33048"
  },
  {
    "review": "베드엔딩으로 끝나면 어쩌나 가슴졸이면서 봤다.",
    "date": "15.07.19",
    "rating": "10",
    "author": "rand****",
    "review_id": "10121171",
    "movie_id": "33048"
  },
  {
    "review": "나름 잼있는 내용이네요..좀더 통쾌한 복수를 원했지만...이것도 마족",
    "date": "15.05.25",
    "rating": "8",
    "author": "do11****",
    "review_id": "9949042",
    "movie_id": "33048"
  },
  {
    "review": "인상적인 영화였습니다.",
    "date": "15.01.16",
    "rating": "10",
    "author": "sksi****",
    "review_id": "9599731",
    "movie_id": "33048"
  },
  {
    "review": "고전문학을 원작으로 하니 아주 잘 갖춰진 영화였음 나무랄데가 없는 재미까지",
    "date": "14.12.30",
    "rating": "9",
    "author": "nice****",
    "review_id": "9538279",
    "movie_id": "33048"
  },
  {
    "review": "좀 실망스런 부분도 있는데 영화치고는 잘 만들었지",
    "date": "14.12.26",
    "rating": "8",
    "author": "xfig****",
    "review_id": "9521346",
    "movie_id": "33048"
  },
  {
    "review": "흥미진진한 영화이다. 다만 러닝타임의 압박으로 복수를 가하는 장면들이 좀 매끄럽지 못한 점이 아쉽다.",
    "date": "14.12.06",
    "rating": "8",
    "author": "seri****",
    "review_id": "9453396",
    "movie_id": "33048"
  },
  {
    "review": "보는 내내 잠시도 눈을 뗼수가 없었다정말 재밌게 봤다약간의 아이언마스크 같은 느낌이 들더라",
    "date": "14.10.06",
    "rating": "10",
    "author": "muse****",
    "review_id": "9269203",
    "movie_id": "33048"
  },
  {
    "review": "역시 고전명작은 시대가 지나도 변하지 않는 가치가 있다. 뒤마의 두꺼운 원작이 부담스럽다면 대신 볼 만한 영화가 아닐까 한다. 쇼생크 탈출 못지 않은 절망과 통쾌함을 느낄 수 있었다.",
    "date": "14.09.15",
    "rating": "10",
    "author": "kko0****",
    "review_id": "9216828",
    "movie_id": "33048"
  },
  {
    "review": "소설을 읽지는 않았는데,  영화가 대사들이 엑기스를 뽑아 낸 듯 본질을 잘 담고 있어서 좋았다. 어떤 영화는 귀신 씨나락 까먹는 소리인지 잠꼬대인지 모를 단어들을 나열하고는 이것을 여운이라고 생각하게 하던데...역시 진실은 간결하면서도 정곡을 찔러야",
    "date": "14.08.29",
    "rating": "10",
    "author": "netl****",
    "review_id": "9142808",
    "movie_id": "33048"
  },
  {
    "review": "복수의 방법이 기대보다 시시했다",
    "date": "14.07.15",
    "rating": "1",
    "author": "mara****",
    "review_id": "8918972",
    "movie_id": "33048"
  },
  {
    "review": "몬테크리스토백작..,",
    "date": "14.07.04",
    "rating": "10",
    "author": "mool****",
    "review_id": "8882391",
    "movie_id": "33048"
  },
  {
    "review": "내가 본 영화중에 최고였다",
    "date": "14.06.14",
    "rating": "10",
    "author": "wowf****",
    "review_id": "8830062",
    "movie_id": "33048"
  },
  {
    "review": "복수에 눈을 멀게 한 것도.. 그것에서 자유롭게 하는 것도 바로 사람이다...",
    "date": "14.06.08",
    "rating": "9",
    "author": "blue****",
    "review_id": "8811553",
    "movie_id": "33048"
  },
  {
    "review": "카비젤의 돋보이는 연기가 내 인생에서 한줄기나마 귀감이 되었다.최고의 영화다",
    "date": "14.05.28",
    "rating": "10",
    "author": "ksm7****",
    "review_id": "8772048",
    "movie_id": "33048"
  },
  {
    "review": "revenge is sweet !!!",
    "date": "14.05.20",
    "rating": "10",
    "author": "ddar****",
    "review_id": "8749492",
    "movie_id": "33048"
  },
  {
    "review": "부족한 감이 있지만 ... 그래도 이정도면 참잘했어요까진아니어도 잘했어요는 해줄수있음",
    "date": "14.05.08",
    "rating": "8",
    "author": "merr****",
    "review_id": "8716668",
    "movie_id": "33048"
  },
  {
    "review": "처음부터 끝까지 마치 공식처럼 고전적인 전개가 진행되지만 다행히 식상함에 이르지는 않고있어 나름 볼만하다.",
    "date": "14.05.05",
    "rating": "8",
    "author": "sinb****",
    "review_id": "8707518",
    "movie_id": "33048"
  },
  {
    "review": "초반부 옥중씬, 탈옥씬이 후반부 복수씬 보다 더 좋았음. 탈옥영화 삼형제 큰형님 빠삐용, 둘째 쇼생크탈출, 막둥이 몬테크리스토백작.",
    "date": "14.04.13",
    "rating": "8",
    "author": "hagj****",
    "review_id": "8646669",
    "movie_id": "33048"
  },
  {
    "review": "원작 소설을 읽지 않고 본 사람만 제맛을 느낄 수 있을 것. 원작을 읽은 사람은 절대 보지 마시오.",
    "date": "14.03.01",
    "rating": "9",
    "author": "team****",
    "review_id": "8547026",
    "movie_id": "33048"
  },
  {
    "review": "너무 재밌게 봤었던 영화 스토리가 너무 좋았음",
    "date": "14.02.23",
    "rating": "10",
    "author": "chul****",
    "review_id": "8530326",
    "movie_id": "33048"
  },
  {
    "review": "1점도 아까운 졸작, 고작 120분짜리 영화에 원작을 담는다는게 불가능하다는건 진작 예상했지만...",
    "date": "14.01.25",
    "rating": "1",
    "author": "zzu8****",
    "review_id": "8423296",
    "movie_id": "33048"
  },
  {
    "review": "뻔한 스토리지만 과거 추억을 생각나게 해주는 영화 재미있었어요",
    "date": "14.01.18",
    "rating": "9",
    "author": "bwlc****",
    "review_id": "8394894",
    "movie_id": "33048"
  },
  {
    "review": "책을 읽고 영화를 보면 실망하게 되는 영화.",
    "date": "14.01.12",
    "rating": "6",
    "author": "lady****",
    "review_id": "8375917",
    "movie_id": "33048"
  },
  {
    "review": "아주굯구ㅛㄱ허ㅗㅊ굿",
    "date": "14.01.09",
    "rating": "10",
    "author": "chrm****",
    "review_id": "8362272",
    "movie_id": "33048"
  },
  {
    "review": "원작과는 상관없더라도 그런대로 재미있게 볼 수 있는 흥미진진한 복수극",
    "date": "13.12.30",
    "rating": "8",
    "author": "sipj****",
    "review_id": "8327070",
    "movie_id": "33048"
  },
  {
    "review": "많이많이 재밌었습니다.",
    "date": "13.12.30",
    "rating": "10",
    "author": "dmst****",
    "review_id": "8325037",
    "movie_id": "33048"
  },
  {
    "review": "원작을 영화에 다 담을 순 없지만 그래도 중반 이후 휙휙 지나가서 정신이 하나도 없엇다!",
    "date": "13.12.25",
    "rating": "10",
    "author": "katy****",
    "review_id": "8301050",
    "movie_id": "33048"
  },
  {
    "review": "좋네요 예전영화지만 긴장감이나 어드벤쳐도 가득~",
    "date": "13.12.18",
    "rating": "10",
    "author": "hutk****",
    "review_id": "8224737",
    "movie_id": "33048"
  },
  {
    "review": "명작명작명작명작명작",
    "date": "13.12.14",
    "rating": "10",
    "author": "1111****",
    "review_id": "8214014",
    "movie_id": "33048"
  },
  {
    "review": "재미있게봤습니다추사랑기차슉슉",
    "date": "13.12.08",
    "rating": "10",
    "author": "park****",
    "review_id": "8199428",
    "movie_id": "33048"
  },
  {
    "review": "그래 이거야, 요즘 드라마 작가들은 이것좀 보고 얄팍하게 따라하기 보다 반성좀 하쇼~",
    "date": "13.11.29",
    "rating": "10",
    "author": "pass****",
    "review_id": "8178313",
    "movie_id": "33048"
  },
  {
    "review": "원작을 안 본 사람들에겐 추천하고픈 충분히 볼 만한 영화",
    "date": "13.11.21",
    "rating": "8",
    "author": "hoon****",
    "review_id": "8158171",
    "movie_id": "33048"
  },
  {
    "review": "많이 재밌습니다 열자이상",
    "date": "13.10.22",
    "rating": "10",
    "author": "jsga****",
    "review_id": "8078856",
    "movie_id": "33048"
  },
  {
    "review": "예수의 아들이 후에 슈퍼맨이 되는 놀라운 영화.  게다가 슈퍼맨의약점은 아버지의 이름을 닮은 크립토나이트라니... 이 평행이론.과연 우연일까?",
    "date": "13.10.09",
    "rating": "10",
    "author": "also****",
    "review_id": "8046396",
    "movie_id": "33048"
  },
  {
    "review": "원작이 있는줄 모르고봐서그런지 괜찮았다",
    "date": "13.10.08",
    "rating": "8",
    "author": "namj****",
    "review_id": "8045201",
    "movie_id": "33048"
  },
  {
    "review": "뒤마의 전설적인 대 서사시가 '대충' 어떤 것인지를, 훌륭한 배우들의 연기와 화려하고도 감각적인 영상에 담았다. 보고 나면 원작도 한 번 보고싶어 질만한 영화.",
    "date": "13.09.05",
    "rating": "8",
    "author": "trah****",
    "review_id": "7950958",
    "movie_id": "33048"
  },
  {
    "review": "너무재밌었다",
    "date": "13.08.18",
    "rating": "10",
    "author": "chop****",
    "review_id": "7897691",
    "movie_id": "33048"
  },
  {
    "review": "잼남",
    "date": "13.07.24",
    "rating": "10",
    "author": "owls****",
    "review_id": "7779964",
    "movie_id": "33048"
  },
  {
    "review": "처음부터 끝까지 흥미진진!!",
    "date": "13.06.26",
    "rating": "10",
    "author": "ykj7****",
    "review_id": "7682290",
    "movie_id": "33048"
  },
  {
    "review": "짱짱맨",
    "date": "13.05.20",
    "rating": "10",
    "author": "rpaa****",
    "review_id": "7545164",
    "movie_id": "33048"
  },
  {
    "review": "멋진 복수극",
    "date": "13.05.07",
    "rating": "9",
    "author": "thel****",
    "review_id": "7513350",
    "movie_id": "33048"
  },
  {
    "review": "시작은 원작 비스무레하다가 중간부터 완전 다르네 그래도 볼만함",
    "date": "13.04.28",
    "rating": "9",
    "author": "mftr****",
    "review_id": "7489087",
    "movie_id": "33048"
  },
  {
    "review": "파란만장한 복수극을 잘 나타냈다고 본다. 원작을 보면서 한번 비교해봐야지...",
    "date": "13.04.24",
    "rating": "9",
    "author": "jiyu****",
    "review_id": "7479226",
    "movie_id": "33048"
  },
  {
    "review": "프리즌 브레이크 몬테 크리스토",
    "date": "13.04.18",
    "rating": "4",
    "author": "expr****",
    "review_id": "7466884",
    "movie_id": "33048"
  },
  {
    "review": "초입에 나폴레옹은 왜 나오는건지 ;;;  나폴레옹과 뭔가 연결 되는줄 알고 끝까지 봤더니 아무것도 없고 구지 나폴레옹이 안나와도 돼는걸;;  평점에 낚인 그냥 킬링타임용으로 보는 흔한 복수극",
    "date": "13.04.17",
    "rating": "6",
    "author": "leem****",
    "review_id": "7465365",
    "movie_id": "33048"
  },
  {
    "review": "전 재미있게 잘봤어요 물론 원작을 안봐서그런거일지도",
    "date": "13.04.02",
    "rating": "10",
    "author": "ilia****",
    "review_id": "7430651",
    "movie_id": "33048"
  },
  {
    "review": "최소한 원작의 분위기라도 살렸어야지. 무슨 단순유치한 어린이물로 만들어놨네.",
    "date": "13.01.12",
    "rating": "1",
    "author": "7tho****",
    "review_id": "7104807",
    "movie_id": "33048"
  },
  {
    "review": "원작을 안 봐서 모르겠지만 캐스팅도 좋았고 내용도 재밌었어요.",
    "date": "12.12.31",
    "rating": "9",
    "author": "merr****",
    "review_id": "7067249",
    "movie_id": "33048"
  },
  {
    "review": "원작을 생각하면 진짜 형편없지만 떼놓고보면 나름 볼만함",
    "date": "12.12.20",
    "rating": "7",
    "author": "bhcw****",
    "review_id": "7024248",
    "movie_id": "33048"
  },
  {
    "review": "매력적인 영화. 복수가 한낱 부질없는 것이라는 메시지를 보여주며 부질없이 끝나네요. 해피엔드라 좋고 역할들도 매력적임",
    "date": "12.11.21",
    "rating": "9",
    "author": "hs00****",
    "review_id": "6910412",
    "movie_id": "33048"
  },
  {
    "review": "캐스팅이 좋아서 9점.",
    "date": "12.10.22",
    "rating": "9",
    "author": "kei9****",
    "review_id": "6820379",
    "movie_id": "33048"
  },
  {
    "review": "복수의 과정이  치밀할 줄 알았는데... 조금..은  대충  만든 느낌...",
    "date": "12.10.08",
    "rating": "5",
    "author": "yang****",
    "review_id": "6771920",
    "movie_id": "33048"
  },
  {
    "review": "케이블로 보고 다시 봤지만 정말 재미있었다. 복수의 테마는 늘 즐겁다.",
    "date": "12.09.29",
    "rating": "9",
    "author": "01aj****",
    "review_id": "6743386",
    "movie_id": "33048"
  },
  {
    "review": "원작은 안 읽었지만,씁쓸하면서도 통쾌했던 복수극...에드몬드 역의 짐 카비젤 볼매...",
    "date": "12.08.29",
    "rating": "7",
    "author": "egyp****",
    "review_id": "6652808",
    "movie_id": "33048"
  },
  {
    "review": "정말 오래된 전설적인 뒤마의 명작을 영화로 연출하기 부담스러웠을텐데 이 정도면 정말 잘 만든 영화다.",
    "date": "12.08.13",
    "rating": "10",
    "author": "ikar****",
    "review_id": "6598772",
    "movie_id": "33048"
  },
  {
    "review": "아쉬움감은 있지만 옛날엔 그냥저냥 재밌게봤었다.",
    "date": "12.07.15",
    "rating": "8",
    "author": "ehwj****",
    "review_id": "6480639",
    "movie_id": "33048"
  },
  {
    "review": "너무 싱거워..",
    "date": "12.07.08",
    "rating": "6",
    "author": "dent****",
    "review_id": "6459664",
    "movie_id": "33048"
  },
  {
    "review": "서풍의 광시곡",
    "date": "12.06.24",
    "rating": "10",
    "author": "dkng****",
    "review_id": "6413924",
    "movie_id": "33048"
  },
  {
    "review": "악 내스타일..멋찌다 ♥",
    "date": "12.06.19",
    "rating": "10",
    "author": "q427****",
    "review_id": "6403283",
    "movie_id": "33048"
  },
  {
    "review": "원작스토리자체는 훌륭했으나 연출에서 아쉬움이 남는다",
    "date": "12.05.12",
    "rating": "8",
    "author": "hjs8****",
    "review_id": "6292519",
    "movie_id": "33048"
  },
  {
    "review": "아쉬워요 연출이 감각이 떨어진듯",
    "date": "12.05.05",
    "rating": "6",
    "author": "bri2****",
    "review_id": "6274773",
    "movie_id": "33048"
  },
  {
    "review": "책의 내용을 다 쓸 순 없었을테죠. 이정도면 영화로써 만족스럽군요",
    "date": "12.04.14",
    "rating": "9",
    "author": "baes****",
    "review_id": "6218397",
    "movie_id": "33048"
  },
  {
    "review": "2002년에 나온영화치고 괸찮은 영화인듯.....갈수록 고조되고 재미가있었다",
    "date": "12.03.30",
    "rating": "10",
    "author": "pap0****",
    "review_id": "6178403",
    "movie_id": "33048"
  },
  {
    "review": "잼나네요~ 제스타일 ㅎㅎ",
    "date": "12.03.23",
    "rating": "9",
    "author": "swee****",
    "review_id": "6161673",
    "movie_id": "33048"
  },
  {
    "review": "뻔한 헐리유드식 영화로 만들어버림 짜증남",
    "date": "12.03.13",
    "rating": "1",
    "author": "juey****",
    "review_id": "6142208",
    "movie_id": "33048"
  },
  {
    "review": "벅찬 압축, 김빠진 복수극",
    "date": "12.03.12",
    "rating": "1",
    "author": "goms****",
    "review_id": "6140145",
    "movie_id": "33048"
  },
  {
    "review": "러닝타임을 늘려서 더 섬세하고 잔인한 복수를 담았더라면.. 하는 아쉬움이 남는다.",
    "date": "12.03.05",
    "rating": "9",
    "author": "fall****",
    "review_id": "6124262",
    "movie_id": "33048"
  },
  {
    "review": "보고나서 여러가지를 느끼게 하네요.정말 최고최고",
    "date": "12.02.16",
    "rating": "10",
    "author": "mans****",
    "review_id": "6079106",
    "movie_id": "33048"
  },
  {
    "review": "not a saint",
    "date": "12.02.07",
    "rating": "8",
    "author": "bbq2****",
    "review_id": "6060076",
    "movie_id": "33048"
  },
  {
    "review": "명작이다.",
    "date": "12.02.05",
    "rating": "9",
    "author": "marc****",
    "review_id": "6054266",
    "movie_id": "33048"
  },
  {
    "review": "원작의 감동을 보는 재미",
    "date": "12.01.23",
    "rating": "8",
    "author": "cont****",
    "review_id": "6011934",
    "movie_id": "33048"
  },
  {
    "review": "원작을 찾아 읽어보고 싶어질 만큼 재밌게 봤음.",
    "date": "12.01.20",
    "rating": "9",
    "author": "leoi****",
    "review_id": "6003928",
    "movie_id": "33048"
  },
  {
    "review": "이런 명작을 이제서야 보다니.... 정말 시간이 아깝지 않는 영화",
    "date": "12.01.13",
    "rating": "10",
    "author": "kh83****",
    "review_id": "5982379",
    "movie_id": "33048"
  },
  {
    "review": "ㅠㅠㅠㅠ카비젤 대박멋짐ㅠㅠㅠㅠㅠㅠㅠ",
    "date": "12.01.07",
    "rating": "10",
    "author": "skrh****",
    "review_id": "5968337",
    "movie_id": "33048"
  },
  {
    "review": "이런 내용 영화 많았음 하네요",
    "date": "12.01.01",
    "rating": "9",
    "author": "sgoo****",
    "review_id": "5952040",
    "movie_id": "33048"
  },
  {
    "review": "재미있음",
    "date": "12.01.01",
    "rating": "10",
    "author": "sasc****",
    "review_id": "5951756",
    "movie_id": "33048"
  },
  {
    "review": "볼만함",
    "date": "12.01.01",
    "rating": "7",
    "author": "dbzh****",
    "review_id": "5951440",
    "movie_id": "33048"
  },
  {
    "review": "말이 필요치 않아",
    "date": "11.12.16",
    "rating": "10",
    "author": "jfeb****",
    "review_id": "5908768",
    "movie_id": "33048"
  },
  {
    "review": "이런게 영화지",
    "date": "11.12.07",
    "rating": "10",
    "author": "hosu****",
    "review_id": "5892197",
    "movie_id": "33048"
  },
  {
    "review": "백점주고픈",
    "date": "11.12.02",
    "rating": "10",
    "author": "ehxh****",
    "review_id": "5882541",
    "movie_id": "33048"
  },
  {
    "review": "정말 최고의 영화입니다.",
    "date": "11.12.01",
    "rating": "10",
    "author": "kjy8****",
    "review_id": "5881331",
    "movie_id": "33048"
  },
  {
    "review": "그냥 생각 없이 봤다가 너무 잼있게 본영화 오 기회가 된다면 책도 한번 읽어",
    "date": "11.11.14",
    "rating": "10",
    "author": "pian****",
    "review_id": "5849559",
    "movie_id": "33048"
  },
  {
    "review": "최고의영화",
    "date": "11.11.11",
    "rating": "10",
    "author": "jinj****",
    "review_id": "5841446",
    "movie_id": "33048"
  },
  {
    "review": "케빈 레이놀즈를 좋아할 수 밖에 없는 작품",
    "date": "11.11.03",
    "rating": "8",
    "author": "sunn****",
    "review_id": "5826664",
    "movie_id": "33048"
  },
  {
    "review": "꿈은 거창하게 현실은 허무하게... 그래도 시간이 아깝지는 않았다.",
    "date": "11.10.21",
    "rating": "7",
    "author": "wlfa****",
    "review_id": "5800292",
    "movie_id": "33048"
  },
  {
    "review": "2002 년도 작품치곤 괜찮은거 같아요",
    "date": "11.10.20",
    "rating": "5",
    "author": "cccj****",
    "review_id": "5799375",
    "movie_id": "33048"
  },
  {
    "review": "원작이랑 비교해서 별로 재미가 없다 8.5점이나 되는 평점은 어울리지 않는듯",
    "date": "11.10.17",
    "rating": "6",
    "author": "h_ei****",
    "review_id": "5793474",
    "movie_id": "33048"
  },
  {
    "review": "5점은 됩니다",
    "date": "11.10.09",
    "rating": "5",
    "author": "bsuu****",
    "review_id": "5780170",
    "movie_id": "33048"
  },
  {
    "review": "영화로는 영화 나름대로 재미있게 감상했네요",
    "date": "11.10.09",
    "rating": "8",
    "author": "memo****",
    "review_id": "5779940",
    "movie_id": "33048"
  },
  {
    "review": "원작과는 다른 이야기.",
    "date": "11.10.01",
    "rating": "7",
    "author": "milk****",
    "review_id": "5763415",
    "movie_id": "33048"
  },
  {
    "review": "그가 원한건 이런 밍밍한 복수가 아니다..",
    "date": "11.09.03",
    "rating": "5",
    "author": "kjsv****",
    "review_id": "5706485",
    "movie_id": "33048"
  },
  {
    "review": "재밌어써요",
    "date": "11.07.30",
    "rating": "10",
    "author": "sgmi****",
    "review_id": "5583425",
    "movie_id": "33048"
  },
  {
    "review": "재밌어요",
    "date": "11.07.29",
    "rating": "9",
    "author": "2isa****",
    "review_id": "5578645",
    "movie_id": "33048"
  },
  {
    "review": "처음부터 끝까지 함께 호흡하는 통쾌한 복수극. 인간의 야망은 너무도 잔혹하다!",
    "date": "11.07.28",
    "rating": "10",
    "author": "grac****",
    "review_id": "5577599",
    "movie_id": "33048"
  },
  {
    "review": "제임스 카비젤",
    "date": "11.07.26",
    "rating": "10",
    "author": "defk****",
    "review_id": "5569959",
    "movie_id": "33048"
  },
  {
    "review": "마지막에 God Will Give me Justice .. 소름",
    "date": "11.07.17",
    "rating": "10",
    "author": "iii1****",
    "review_id": "5550702",
    "movie_id": "33048"
  },
  {
    "review": "원작을 훼손하지 않고도, 강약조절의 미학을 잘 보여 재밌는 영화를 탄생시켰다.",
    "date": "11.06.18",
    "rating": "8",
    "author": "pwoo****",
    "review_id": "5486142",
    "movie_id": "33048"
  },
  {
    "review": "masthe님 ㅋ 저는 그뒤에 대사가 더 그 돌에 이름을 다붙어봤나? 이거엿나 ㅋ",
    "date": "11.06.17",
    "rating": "10",
    "author": "wvvv****",
    "review_id": "5485404",
    "movie_id": "33048"
  },
  {
    "review": "굿 이네요 ㅎㅎㅎㅎㅎㅎㅎㅎㅎㅎㅎ",
    "date": "11.06.07",
    "rating": "10",
    "author": "jaeg****",
    "review_id": "5469673",
    "movie_id": "33048"
  }
]