[
  {
    "review": "ㅋㅋ 장면 하나하나다 창의적이다 ㅋㅋㅋㅋ 꼭봐라진짜 이거만든 감독 천제야 ㅋ",
    "date": "14.07.09",
    "rating": "10",
    "author": "supe****",
    "review_id": "8898813",
    "movie_id": "33042"
  },
  {
    "review": "What the F...",
    "date": "10.06.12",
    "rating": "8",
    "author": "dool****",
    "review_id": "4561739",
    "movie_id": "33042"
  },
  {
    "review": "약간 지루한면이 없진않지만 유치함을 뮤지컬형식으로 표현함이 독특했음",
    "date": "09.04.04",
    "rating": "7",
    "author": "k641****",
    "review_id": "3404619",
    "movie_id": "33042"
  },
  {
    "review": "사팍 팬이라면 꼭 봐야만 하는 영화!!!!!",
    "date": "09.02.18",
    "rating": "10",
    "author": "seaf****",
    "review_id": "3313676",
    "movie_id": "33042"
  },
  {
    "review": "어이없어 하면서도 웃게 된단 말야. 유치, 졸렬의 맛.",
    "date": "08.09.19",
    "rating": "6",
    "author": "hadl****",
    "review_id": "2958051",
    "movie_id": "33042"
  },
  {
    "review": "최고",
    "date": "08.08.28",
    "rating": "10",
    "author": "many****",
    "review_id": "2907952",
    "movie_id": "33042"
  },
  {
    "review": "역시 트레이 파커는 나를 실망 시키지 않았다. 음악과 그의 연기도 굿~ㅋ",
    "date": "08.08.25",
    "rating": "10",
    "author": "miha****",
    "review_id": "2900631",
    "movie_id": "33042"
  },
  {
    "review": "트로마 시리즈에 비견하면 지루한면이 많았어요. 후반부 갈수록 집중력이 떨어지네요.",
    "date": "08.08.21",
    "rating": "6",
    "author": "thre****",
    "review_id": "2891879",
    "movie_id": "33042"
  },
  {
    "review": "극장에서 나혼자 봤다 ㅋㅋ&lt사우스파크&gt의 팬이라면 필히 관람요망.진정한 B급뮤지컬!",
    "date": "08.08.16",
    "rating": "10",
    "author": "qpqp****",
    "review_id": "2875506",
    "movie_id": "33042"
  },
  {
    "review": "정말 허접하게 엽기적인 코믹 뮤지컬...",
    "date": "08.08.12",
    "rating": "5",
    "author": "egyp****",
    "review_id": "2864534",
    "movie_id": "33042"
  },
  {
    "review": "헉, 개봉 자체로도 내겐 이벤트야! 아름다운 음악과 연신 웃어대는 나",
    "date": "08.08.07",
    "rating": "10",
    "author": "pian****",
    "review_id": "2848548",
    "movie_id": "33042"
  },
  {
    "review": "좀 특이하고 웃기긴한데..그냥그래요..",
    "date": "08.08.01",
    "rating": "6",
    "author": "1pim****",
    "review_id": "2825434",
    "movie_id": "33042"
  },
  {
    "review": "잔혹한 고어장면이 많지만 외면할수 없었다. 올해 최고의 캐웃긴 영화!! 강추.",
    "date": "08.08.01",
    "rating": "10",
    "author": "cont****",
    "review_id": "2824190",
    "movie_id": "33042"
  },
  {
    "review": "발랄한 공포! 유쾌한 엽기! 우리의 여름을 책임질 최고의 영화!",
    "date": "08.08.01",
    "rating": "10",
    "author": "edhu****",
    "review_id": "2824093",
    "movie_id": "33042"
  },
  {
    "review": "드디어 개봉하는군요! 잊을 수 없는 생애 최고의 영화!",
    "date": "08.08.01",
    "rating": "10",
    "author": "gkdp****",
    "review_id": "2823430",
    "movie_id": "33042"
  },
  {
    "review": "재간둥이! 끝까지 살아남는 진짜 '이상한 놈'은 여기있다!",
    "date": "08.08.01",
    "rating": "10",
    "author": "dlrl****",
    "review_id": "2823404",
    "movie_id": "33042"
  },
  {
    "review": "슬픈 눈! 스완! 푸훗! 엄청나게 웃기면서 또 시원하게 엽기적이다! 추천!!!",
    "date": "08.08.01",
    "rating": "10",
    "author": "dudg****",
    "review_id": "2823399",
    "movie_id": "33042"
  },
  {
    "review": "트레이 파커의 재기발랄함이 빛을 발한다! 최고로 유쾌한 영화!",
    "date": "08.08.01",
    "rating": "10",
    "author": "pano****",
    "review_id": "2822136",
    "movie_id": "33042"
  },
  {
    "review": "혼합장르의 완성?! 해학적이면서도 유쾌한. 그런 영화! 강추~ 스완 짱!",
    "date": "08.04.24",
    "rating": "10",
    "author": "ygh1****",
    "review_id": "2596554",
    "movie_id": "33042"
  },
  {
    "review": "니혼진 족장의 연기, 스완의 노래열정과 뮤지컬에 충실함에 경의를",
    "date": "07.08.03",
    "rating": "3",
    "author": "paci****",
    "review_id": "1857582",
    "movie_id": "33042"
  },
  {
    "review": "의외로 영화가 탄탄하다..let's build a snowman..ㅎㅎㅎ",
    "date": "07.07.09",
    "rating": "7",
    "author": "mino****",
    "review_id": "1761774",
    "movie_id": "33042"
  },
  {
    "review": "넘넘멋있구여～～싸랑해여글구글넘잘쓰셨더라앞으로도좋은글마뉘마뉘올려주세여♡♡♡",
    "date": "04.12.12",
    "rating": "10",
    "author": "gys4****",
    "review_id": "161146",
    "movie_id": "33042"
  },
  {
    "review": "Troma의 뮤지컬 호러엽기영화",
    "date": "04.10.05",
    "rating": "8",
    "author": "noir****",
    "review_id": "120699",
    "movie_id": "33042"
  },
  {
    "review": "알고보면 대박 즐거운 영화! ㅋ",
    "date": "04.07.27",
    "rating": "8",
    "author": "23re****",
    "review_id": "77741",
    "movie_id": "33042"
  }
]