[
  {
    "review": "쉬리와 같은해에 개봉한 작품. 몇년만 빨랐어도 졸작은 아닌데... 98년도는 이미 세련된 한국영화로 판이 갈아엎어진 시기...",
    "date": "15.03.17",
    "rating": "5",
    "author": "hono****",
    "review_id": "9788939",
    "movie_id": "33040"
  },
  {
    "review": "평점이너무낮아 10점줍니다 7점까진가능한작품",
    "date": "14.09.25",
    "rating": "10",
    "author": "brya****",
    "review_id": "9239642",
    "movie_id": "33040"
  },
  {
    "review": "스토리고 뭐고 떠나서 액션씬은 울 나라  어느액션영화보다 화려하고 대나무 봉으로 싸울때는 홍콩무협 액션 뺨따구 후려치겠더라  스토리좀 깔고 제작비좀들여서 울나라도 제대로된 무협이나 액션영화좀 만들었음 좋겠다",
    "date": "13.09.21",
    "rating": "8",
    "author": "akir****",
    "review_id": "8004028",
    "movie_id": "33040"
  },
  {
    "review": "고등학교때 이 영화 본게 기억난다. 한참을 삐죽거리다가 고수라는 제목에 골랐지.. 당시 고수 이런거 좋아해서 쥔공도 뭔가 멋잇을거 같고 해서 골랐는데... 뭔가 좀 산으로 갔던 작품... 실망했던 영화지만 아주 나쁜 영화는 아니었던거 같아서 일단 5점",
    "date": "13.07.09",
    "rating": "5",
    "author": "last****",
    "review_id": "7720894",
    "movie_id": "33040"
  },
  {
    "review": "ㅎㅎ",
    "date": "13.06.20",
    "rating": "1",
    "author": "eoeh****",
    "review_id": "7658072",
    "movie_id": "33040"
  },
  {
    "review": "김춘식감독님의 펜입니다. 패는여자가 요즘  화제군요. .이기회를 통해  큰 영화 만드는 감독 되시길...",
    "date": "12.11.12",
    "rating": "10",
    "author": "dnsw****",
    "review_id": "6883023",
    "movie_id": "33040"
  },
  {
    "review": "코디미액션이라고 볼수있겠네요 이영화 개인적으로 괜찮았음 ㅎㅎ",
    "date": "10.04.15",
    "rating": "10",
    "author": "muru****",
    "review_id": "4433868",
    "movie_id": "33040"
  },
  {
    "review": "액션은 괜찮고 중간부터 나오는 고수가 반전이다 ㅋㅋㅋㅋ",
    "date": "10.02.12",
    "rating": "7",
    "author": "dma9****",
    "review_id": "4271514",
    "movie_id": "33040"
  },
  {
    "review": "이 영화에 나오는 원진은 우리나라무술계에서 둘째라면 서러운 무술의 고수",
    "date": "08.09.12",
    "rating": "10",
    "author": "jys7****",
    "review_id": "2936436",
    "movie_id": "33040"
  },
  {
    "review": "이거 보라고 만든거 아니죠....",
    "date": "07.12.26",
    "rating": "1",
    "author": "smsu****",
    "review_id": "2269353",
    "movie_id": "33040"
  },
  {
    "review": "졸린 작품",
    "date": "07.10.26",
    "rating": "2",
    "author": "deff****",
    "review_id": "2112370",
    "movie_id": "33040"
  },
  {
    "review": "니들은 하수다.",
    "date": "06.05.13",
    "rating": "1",
    "author": "damu****",
    "review_id": "798396",
    "movie_id": "33040"
  },
  {
    "review": "화려한 액션 좋아하네 에로영화 수준의 기술력이다",
    "date": "05.12.28",
    "rating": "2",
    "author": "kws7****",
    "review_id": "534046",
    "movie_id": "33040"
  },
  {
    "review": "얼마전 tv에서 봤는데 괜찮았슴........",
    "date": "05.10.27",
    "rating": "7",
    "author": "mins****",
    "review_id": "456157",
    "movie_id": "33040"
  }
]