[
  {
    "review": "초반의 코믹과 후반의 진중함..그래서 절반만 10점 그래서 5점준다",
    "date": "15.02.11",
    "rating": "5",
    "author": "nirv****",
    "review_id": "9688179",
    "movie_id": "33056"
  },
  {
    "review": "이건대명작이다꼭봐야됨",
    "date": "14.06.21",
    "rating": "10",
    "author": "sell****",
    "review_id": "8844208",
    "movie_id": "33056"
  },
  {
    "review": "1기는 조금 유치하다고 해야 할까...하지만  2기에는 제타 혹은 그 이상의 스토리를 보여주는군요.",
    "date": "12.10.01",
    "rating": "10",
    "author": "pata****",
    "review_id": "6750663",
    "movie_id": "33056"
  },
  {
    "review": "건담의 특유의 암울한 분위기가 명작? 솔직히 건담은 스타워즈에 비해 멀었다",
    "date": "12.02.13",
    "rating": "10",
    "author": "hell****",
    "review_id": "6073106",
    "movie_id": "33056"
  },
  {
    "review": "쌍제타 건담의 유일한 단점은 초반... 넘기기가 힘들다... 후반은 뭐 그냥 명작",
    "date": "11.08.12",
    "rating": "9",
    "author": "chsh****",
    "review_id": "5641265",
    "movie_id": "33056"
  },
  {
    "review": "많이 죽고 암울하기만 하면 명작인줄 아는 우주세기 빠들 때문에 평을 좋게 못받는군.",
    "date": "11.08.04",
    "rating": "10",
    "author": "just****",
    "review_id": "5599613",
    "movie_id": "33056"
  },
  {
    "review": "한번끝까지 보고 평가하라. 후반부 숨막히는 전개는 z건담에 필적할만한 명작이다.",
    "date": "11.01.25",
    "rating": "10",
    "author": "moma****",
    "review_id": "5183935",
    "movie_id": "33056"
  },
  {
    "review": "건담 아류작..",
    "date": "10.12.30",
    "rating": "1",
    "author": "zimi****",
    "review_id": "5102304",
    "movie_id": "33056"
  },
  {
    "review": "초반을 넘기기가 너무 힘들다...",
    "date": "09.12.27",
    "rating": "5",
    "author": "siks****",
    "review_id": "4092309",
    "movie_id": "33056"
  },
  {
    "review": "우주세기의 오점..",
    "date": "08.12.29",
    "rating": "6",
    "author": "meko****",
    "review_id": "3164168",
    "movie_id": "33056"
  },
  {
    "review": "솔직히 토미노의 실패작.... 아예 밝은 분위기로 작정하고 나가던지 하지 원....",
    "date": "08.02.14",
    "rating": "7",
    "author": "kw1m****",
    "review_id": "2443915",
    "movie_id": "33056"
  },
  {
    "review": "하만 사마 반자이~~~",
    "date": "07.10.03",
    "rating": "10",
    "author": "baks****",
    "review_id": "2067580",
    "movie_id": "33056"
  },
  {
    "review": "멋진옷을 벗어던진 벌거숭이가 다 끝나가서야 팬티 한장 걸친다.",
    "date": "07.08.18",
    "rating": "5",
    "author": "tori****",
    "review_id": "1952894",
    "movie_id": "33056"
  },
  {
    "review": "첫부분은 코미디였으나 뒷부분은 괜찮았다",
    "date": "05.11.27",
    "rating": "6",
    "author": "adgj****",
    "review_id": "486778",
    "movie_id": "33056"
  },
  {
    "review": "오호; 건담중 최고의 졸작이랄까?;",
    "date": "04.01.11",
    "rating": "10",
    "author": "rika****",
    "review_id": "9661",
    "movie_id": "33056"
  }
]