[
  {
    "review": "너무 좋다.. 노래도 좋고 대사도 좋고 주인공 캐릭터도 매력적이다.",
    "date": "13.12.26",
    "rating": "10",
    "author": "sere****",
    "review_id": "8302554",
    "movie_id": "33069"
  },
  {
    "review": "으르렁으르렁거리다가 허무한엔딩",
    "date": "13.01.20",
    "rating": "2",
    "author": "jjcv****",
    "review_id": "7137875",
    "movie_id": "33069"
  },
  {
    "review": "훈훈하다.",
    "date": "12.05.01",
    "rating": "8",
    "author": "jjon****",
    "review_id": "6261948",
    "movie_id": "33069"
  },
  {
    "review": "내용은 너무 무난한 느낌이지만 두 주연배우의 연기는 좋았다",
    "date": "11.02.23",
    "rating": "6",
    "author": "dins****",
    "review_id": "5269996",
    "movie_id": "33069"
  },
  {
    "review": "작가로 나온 여주인공의 캐릭터가 마음에 든다 근데 좀 졸립군...",
    "date": "11.02.03",
    "rating": "7",
    "author": "twis****",
    "review_id": "5209902",
    "movie_id": "33069"
  },
  {
    "review": "그냥 평범한 로맨스",
    "date": "10.12.19",
    "rating": "7",
    "author": "muse****",
    "review_id": "5065671",
    "movie_id": "33069"
  },
  {
    "review": "좀 지루한면이 있지만 볼만은함. 곽부성 완젼 미남.",
    "date": "10.01.31",
    "rating": "10",
    "author": "igua****",
    "review_id": "4229865",
    "movie_id": "33069"
  },
  {
    "review": "억지로 짜 맞춘 개연성없는 사랑",
    "date": "10.01.15",
    "rating": "5",
    "author": "sams****",
    "review_id": "4171572",
    "movie_id": "33069"
  },
  {
    "review": "달콤하긴한데, 엔딩이 너무 아니다. 좋은 영화는 아닌듯",
    "date": "09.01.23",
    "rating": "6",
    "author": "kiss****",
    "review_id": "3241703",
    "movie_id": "33069"
  },
  {
    "review": "새콤달콤한 사랑 이야기~>_<)>/",
    "date": "08.12.29",
    "rating": "10",
    "author": "wlsk****",
    "review_id": "3163711",
    "movie_id": "33069"
  },
  {
    "review": "비오는 날 보기 딱 좋은 영화. 가슴 한켠에 둘의 웃음이 묻어난다. 아~ 조아~~~~",
    "date": "08.08.06",
    "rating": "10",
    "author": "abfz****",
    "review_id": "2843422",
    "movie_id": "33069"
  },
  {
    "review": "굿",
    "date": "07.12.03",
    "rating": "10",
    "author": "joon****",
    "review_id": "2204488",
    "movie_id": "33069"
  },
  {
    "review": "싸우다가 정드는 전형적인 로맨스 코메디지만 진혜림이 이뻐서...",
    "date": "07.10.07",
    "rating": "10",
    "author": "mimo****",
    "review_id": "2076370",
    "movie_id": "33069"
  },
  {
    "review": "영화보는 내내 즐거웠고.. 행복한 웃음을 짓게 만든 영화",
    "date": "07.10.02",
    "rating": "10",
    "author": "habi****",
    "review_id": "2065246",
    "movie_id": "33069"
  },
  {
    "review": "이쁜 영화",
    "date": "07.10.01",
    "rating": "10",
    "author": "lyt5****",
    "review_id": "2063741",
    "movie_id": "33069"
  },
  {
    "review": "싸우면서 정드는겨~ ㅋㅋ 엔딩신은 약간 불만족,",
    "date": "07.08.15",
    "rating": "8",
    "author": "deja****",
    "review_id": "1938864",
    "movie_id": "33069"
  },
  {
    "review": "앙숙관계에서 연인관계로...뻔한내용이지만 무척 재미난다..",
    "date": "07.08.14",
    "rating": "8",
    "author": "pose****",
    "review_id": "1934733",
    "movie_id": "33069"
  },
  {
    "review": "2년전 봤는데도.. 아지곧 여운이 남는다..",
    "date": "07.07.09",
    "rating": "10",
    "author": "haza****",
    "review_id": "1760294",
    "movie_id": "33069"
  },
  {
    "review": "소소한 일상에서 제목처럼 조금씩 다가오는 사랑",
    "date": "07.02.14",
    "rating": "9",
    "author": "tyra****",
    "review_id": "1469891",
    "movie_id": "33069"
  },
  {
    "review": "사랑사랑.예쁘고달콤했던..아아-♥",
    "date": "07.02.14",
    "rating": "10",
    "author": "runa****",
    "review_id": "1469021",
    "movie_id": "33069"
  },
  {
    "review": "재밌다.",
    "date": "07.01.14",
    "rating": "8",
    "author": "bbul****",
    "review_id": "1383472",
    "movie_id": "33069"
  },
  {
    "review": "예쁜 영화랄까",
    "date": "07.01.02",
    "rating": "8",
    "author": "zito****",
    "review_id": "1350529",
    "movie_id": "33069"
  },
  {
    "review": "사랑을알아가는데필요한시간을잘말해주는영화....",
    "date": "06.11.30",
    "rating": "10",
    "author": "bell****",
    "review_id": "1260038",
    "movie_id": "33069"
  },
  {
    "review": "처음엔 배우에 빠졌고 나중엔 영상과 음악에 빠져버렸다!좋아~♥",
    "date": "06.11.01",
    "rating": "10",
    "author": "tlov****",
    "review_id": "1210627",
    "movie_id": "33069"
  },
  {
    "review": "무난한 홍콩 로맨스 코미디",
    "date": "06.10.12",
    "rating": "7",
    "author": "jenn****",
    "review_id": "1177738",
    "movie_id": "33069"
  },
  {
    "review": "정말 유쾌한",
    "date": "06.10.04",
    "rating": "9",
    "author": "clcl****",
    "review_id": "1160112",
    "movie_id": "33069"
  },
  {
    "review": "너무 유쾌한 영화네요^^ 마지막은 너무 아쉽습니다.",
    "date": "06.09.08",
    "rating": "9",
    "author": "csm4****",
    "review_id": "1110568",
    "movie_id": "33069"
  },
  {
    "review": "유치뽕짝!! 평점이 의심스러움",
    "date": "06.09.01",
    "rating": "2",
    "author": "saed****",
    "review_id": "1094076",
    "movie_id": "33069"
  },
  {
    "review": "서서히빠져드는 두남녀의 심리를 감각적으로, 나이스캐치!",
    "date": "06.08.21",
    "rating": "10",
    "author": "link****",
    "review_id": "1063785",
    "movie_id": "33069"
  },
  {
    "review": "영화의 주제를 잘 살린 영화. 하지만 마무리가 아쉽다.",
    "date": "06.06.17",
    "rating": "7",
    "author": "city****",
    "review_id": "846790",
    "movie_id": "33069"
  },
  {
    "review": "마음이 따뜻해진다.",
    "date": "06.05.27",
    "rating": "9",
    "author": "ali0****",
    "review_id": "817829",
    "movie_id": "33069"
  },
  {
    "review": "너무 사랑스러워.ㅎㅎ",
    "date": "06.01.20",
    "rating": "10",
    "author": "song****",
    "review_id": "604686",
    "movie_id": "33069"
  },
  {
    "review": "홍콩식 로맨스는 유치하고 뻔해도 묘한 재미와 감동이 있다.",
    "date": "05.11.04",
    "rating": "9",
    "author": "tang****",
    "review_id": "463566",
    "movie_id": "33069"
  },
  {
    "review": "딱 내스타일.. 자꾸 보고 싶게 만드는 영화..",
    "date": "05.08.22",
    "rating": "10",
    "author": "rlwn****",
    "review_id": "378924",
    "movie_id": "33069"
  },
  {
    "review": "너무나 가슴에 와닿는 칼럼..",
    "date": "05.08.11",
    "rating": "10",
    "author": "wisd****",
    "review_id": "361386",
    "movie_id": "33069"
  },
  {
    "review": "홍콩판 로맨틱코미디도 괜찮네하고 느낀...",
    "date": "05.04.07",
    "rating": "9",
    "author": "pjyl****",
    "review_id": "255550",
    "movie_id": "33069"
  },
  {
    "review": "오랜만에 재밌게 본 멜로 영화. 사랑하고 싶어진 영화.",
    "date": "05.03.19",
    "rating": "10",
    "author": "cons****",
    "review_id": "243879",
    "movie_id": "33069"
  },
  {
    "review": "곽부성 얼굴로도 유쾌한 영화",
    "date": "04.12.01",
    "rating": "6",
    "author": "rohh****",
    "review_id": "155309",
    "movie_id": "33069"
  },
  {
    "review": "재미있고 유쾌한영화",
    "date": "04.11.14",
    "rating": "10",
    "author": "dltj****",
    "review_id": "145898",
    "movie_id": "33069"
  },
  {
    "review": "너무나 사랑스런 영화이다~^^*",
    "date": "04.05.02",
    "rating": "10",
    "author": "ahi0****",
    "review_id": "40396",
    "movie_id": "33069"
  },
  {
    "review": "내 마음속 깊이 먼가가 분개하는 기분이다.힘들군",
    "date": "04.04.30",
    "rating": "9",
    "author": "sang****",
    "review_id": "40083",
    "movie_id": "33069"
  },
  {
    "review": "이 영화는 홍콩판 미술관 옆 동물원이다..",
    "date": "04.04.04",
    "rating": "10",
    "author": "kama****",
    "review_id": "34028",
    "movie_id": "33069"
  },
  {
    "review": "영화 내내 매력적인 그들을 보고잇노라면 참지못하고 행복해질수밖에 없엇다",
    "date": "04.03.28",
    "rating": "10",
    "author": "hanb****",
    "review_id": "32103",
    "movie_id": "33069"
  },
  {
    "review": "어쩌면 이 영화의 사랑은 조금씩 이기보다는 인연에 의해서 끌리는것 같다.",
    "date": "03.12.15",
    "rating": "10",
    "author": "6449****",
    "review_id": "2650",
    "movie_id": "33069"
  }
]