[
  {
    "review": "또올리깈ㅋㅋ",
    "date": "09.11.15",
    "rating": "10",
    "author": "mnsy****",
    "review_id": "3964890",
    "movie_id": "20007"
  },
  {
    "review": "올려주기",
    "date": "09.10.23",
    "rating": "10",
    "author": "youn****",
    "review_id": "3911249",
    "movie_id": "20007"
  },
  {
    "review": "글세 난 1점 그러므로 평점 개따운",
    "date": "08.09.17",
    "rating": "1",
    "author": "pron****",
    "review_id": "2955145",
    "movie_id": "20007"
  },
  {
    "review": "음",
    "date": "05.01.23",
    "rating": "10",
    "author": "gign****",
    "review_id": "193270",
    "movie_id": "20007"
  }
]