[
  {
    "review": "굳매우좋소아주좋소노",
    "date": "14.03.02",
    "rating": "10",
    "author": "wwdo****",
    "review_id": "8552473",
    "movie_id": "20018"
  },
  {
    "review": "마지막에 유괴범이 차안에서 죽었던거같은 기억이~가물가물~ -ㅅ-",
    "date": "09.11.13",
    "rating": "8",
    "author": "tayr****",
    "review_id": "3957972",
    "movie_id": "20018"
  },
  {
    "review": "재미있는데... 어렸을때 본 영화라... 기억이....",
    "date": "08.12.19",
    "rating": "10",
    "author": "youn****",
    "review_id": "3130607",
    "movie_id": "20018"
  },
  {
    "review": "재밌어",
    "date": "07.12.26",
    "rating": "10",
    "author": "eek5****",
    "review_id": "2267635",
    "movie_id": "20018"
  },
  {
    "review": "아쉬움이 남는다",
    "date": "06.08.02",
    "rating": "8",
    "author": "zeed****",
    "review_id": "955044",
    "movie_id": "20018"
  },
  {
    "review": "어린이 유괴... 엄마의 슬픔과 아이의 두려움 등 표현 미흡...",
    "date": "06.03.02",
    "rating": "5",
    "author": "goma****",
    "review_id": "701751",
    "movie_id": "20018"
  }
]