[
  {
    "review": "전 원래 내용을 몰랐는데 교과서에 길게 요약되서 실어져있어서 읽었는데 솔직히 무슨내용인지는 몰랐어요..근데 여기 줄거리에 나와있는건 제가 모르는내용이 좀있네요?교과서엔 요약되어서 나와서그런가요?어쨌든 좋네요^^재밌어요~!!",
    "date": "15.08.26",
    "rating": "9",
    "author": "leey****",
    "review_id": "10277141",
    "movie_id": "20015"
  },
  {
    "review": "짱",
    "date": "12.04.18",
    "rating": "10",
    "author": "smar****",
    "review_id": "6231258",
    "movie_id": "20015"
  },
  {
    "review": "짱",
    "date": "12.04.18",
    "rating": "10",
    "author": "leaf****",
    "review_id": "6231257",
    "movie_id": "20015"
  },
  {
    "review": "옛 영화를 치곤... 6.25의 아픔을 볼수 있는 영화라 생각합니다",
    "date": "11.05.23",
    "rating": "9",
    "author": "qwer****",
    "review_id": "5446393",
    "movie_id": "20015"
  },
  {
    "review": "내용이 좋네요",
    "date": "11.03.24",
    "rating": "10",
    "author": "sang****",
    "review_id": "5332936",
    "movie_id": "20015"
  },
  {
    "review": "반성하세요",
    "date": "11.03.14",
    "rating": "1",
    "author": "1231****",
    "review_id": "5313924",
    "movie_id": "20015"
  }
]