[
  {
    "review": "색즉시공 ~공즉시색.. 나무아미타불 관세음보살",
    "date": "14.05.06",
    "rating": "10",
    "author": "jys1****",
    "review_id": "8711221",
    "movie_id": "20023"
  },
  {
    "review": "인셉션 할아버지",
    "date": "12.07.01",
    "rating": "10",
    "author": "many****",
    "review_id": "6437290",
    "movie_id": "20023"
  },
  {
    "review": "인셉션 친구 ㅋㅋㅋㅋㅋㅋㅋ",
    "date": "10.08.29",
    "rating": "1",
    "author": "ukuk****",
    "review_id": "4803802",
    "movie_id": "20023"
  }
]