[
  {
    "review": "나 같아도 저런 아내보단 '오미경'같은 여자와 바람나겠다.",
    "date": "10.12.12",
    "rating": "3",
    "author": "ssbn****",
    "review_id": "5047810",
    "movie_id": "20027"
  },
  {
    "review": "남자라면 한번쯤 볼만한 영화 .",
    "date": "10.04.30",
    "rating": "2",
    "author": "evil****",
    "review_id": "4468004",
    "movie_id": "20027"
  },
  {
    "review": "출연한 배우들이 지금 보면 부끄러워할 만한 영화",
    "date": "10.03.19",
    "rating": "1",
    "author": "matt****",
    "review_id": "4366451",
    "movie_id": "20027"
  },
  {
    "review": "말그대로 한국영화가 욕먹은 이유를 대변한 영화",
    "date": "09.07.05",
    "rating": "3",
    "author": "dma9****",
    "review_id": "3611254",
    "movie_id": "20027"
  }
]