[
  {
    "review": "학벌위조 장미희는 설마 연기를 가르치는 교수는 아니겠지?",
    "date": "11.01.25",
    "rating": "1",
    "author": "cmh4****",
    "review_id": "5182544",
    "movie_id": "20022"
  },
  {
    "review": "↓ㅋㅋㅋㅋㅋSCREEN TV에서 방영중",
    "date": "10.01.29",
    "rating": "10",
    "author": "skyl****",
    "review_id": "4219129",
    "movie_id": "20022"
  },
  {
    "review": "지금 하고있어서",
    "date": "10.01.29",
    "rating": "10",
    "author": "chm3****",
    "review_id": "4219103",
    "movie_id": "20022"
  },
  {
    "review": "박원숙님하의 미모가 돋보이는 작품",
    "date": "09.09.29",
    "rating": "7",
    "author": "kath****",
    "review_id": "3860031",
    "movie_id": "20022"
  }
]