[
  {
    "review": "2013년엔  제가...",
    "date": "13.11.17",
    "rating": "10",
    "author": "san1****",
    "review_id": "8148099",
    "movie_id": "20050"
  },
  {
    "review": "2010년에 첫 평 2011년에 두번째 2012년 가기 전에 평 남겨야지",
    "date": "12.12.31",
    "rating": "10",
    "author": "gsch****",
    "review_id": "7066037",
    "movie_id": "20050"
  },
  {
    "review": "구출완료 ㅅㄱ",
    "date": "11.02.07",
    "rating": "10",
    "author": "rlat****",
    "review_id": "5225350",
    "movie_id": "20050"
  },
  {
    "review": "ㅋㅋ 전라도광주에사는 나 평점 1점영화 만들래용~~",
    "date": "10.06.02",
    "rating": "1",
    "author": "ui12****",
    "review_id": "4540135",
    "movie_id": "20050"
  }
]