[
  {
    "review": "진짜보고싶은데 어디서 볼수있나요?",
    "date": "15.01.19",
    "rating": "10",
    "author": "emer****",
    "review_id": "9613600",
    "movie_id": "20059"
  },
  {
    "review": "영화 보고나면 눈물바다의 큰 감동을  느낄 수 있는 영화!",
    "date": "10.12.10",
    "rating": "10",
    "author": "blue****",
    "review_id": "5041024",
    "movie_id": "20059"
  },
  {
    "review": "한국 기독교의 역사를 다시쓰다",
    "date": "09.02.08",
    "rating": "10",
    "author": "daum****",
    "review_id": "3286586",
    "movie_id": "20059"
  },
  {
    "review": "`아니 저럴수가 저분은 유명 성우 송도영님이 아니신가!!! 근데 전형적인 교회영화..",
    "date": "08.02.02",
    "rating": "6",
    "author": "evil****",
    "review_id": "2397757",
    "movie_id": "20059"
  }
]