[
  {
    "review": "신성일님 연기를 정말 잘하셨네요.연기자분들이 어쩜이리 연기를 잘하시는지..제가 태어나기도 전인 옛날영화라신기해 하면서 봤습니다~^^",
    "date": "14.11.20",
    "rating": "10",
    "author": "swee****",
    "review_id": "9401989",
    "movie_id": "20056"
  },
  {
    "review": "지금ebs에서 하고있다 그런데 괜찮다 지금은 흔한내용이지만 저 당시에는 신선했을것같고 저때의 권투는 국민스포츠였기때문에 인기있었을것같다. 근데 졸~~~~라 오글거림",
    "date": "14.11.16",
    "rating": "10",
    "author": "pusa****",
    "review_id": "9393438",
    "movie_id": "20056"
  },
  {
    "review": "\"영철이~ 왜그래? 영철이 내가 싫어졌어?\" 오글오글 대사가 느꼈지만 ㅋㅋ 그래도 그 시절 그 배경만 봐도 감회롭구나!",
    "date": "12.09.03",
    "rating": "6",
    "author": "jazz****",
    "review_id": "6667392",
    "movie_id": "20056"
  },
  {
    "review": "옛날 생각도 나고 좋네요",
    "date": "12.09.02",
    "rating": "10",
    "author": "just****",
    "review_id": "6666164",
    "movie_id": "20056"
  },
  {
    "review": "넘보기좋음",
    "date": "12.09.02",
    "rating": "10",
    "author": "k535****",
    "review_id": "6666118",
    "movie_id": "20056"
  }
]