[
  {
    "review": "저도 책만읽었지만 무턱대고 점수깎아내릴려고 일점주는 이상한놈들이있길래 십점줍니다",
    "date": "13.12.20",
    "rating": "10",
    "author": "hikk****",
    "review_id": "8251007",
    "movie_id": "20069"
  },
  {
    "review": "나는 반만 주겠써 ㅋ",
    "date": "10.10.29",
    "rating": "5",
    "author": "libe****",
    "review_id": "4926761",
    "movie_id": "20069"
  },
  {
    "review": "와~! ㅋㅋ 내가 평점 낮췄다~!!! 순재 할아버지 한테는 죄송하지만 ㅋ",
    "date": "10.01.29",
    "rating": "1",
    "author": "limf****",
    "review_id": "4220102",
    "movie_id": "20069"
  },
  {
    "review": "책만 봤지만 10점준다 ㅋ",
    "date": "09.09.27",
    "rating": "10",
    "author": "mruc****",
    "review_id": "3854217",
    "movie_id": "20069"
  }
]