[
  {
    "review": "단편소설을 보는 듯한 느낌",
    "date": "15.04.22",
    "rating": "8",
    "author": "powe****",
    "review_id": "9856662",
    "movie_id": "20072"
  },
  {
    "review": "나영희 품에서 울었다.. 임권택인듯 임권택 아닌듯한 로드무비..",
    "date": "15.02.14",
    "rating": "8",
    "author": "moon****",
    "review_id": "9695182",
    "movie_id": "20072"
  },
  {
    "review": "전형적인 80년대 영화",
    "date": "06.08.18",
    "rating": "8",
    "author": "zeed****",
    "review_id": "1048827",
    "movie_id": "20072"
  }
]