[
  {
    "review": "어려서 볼 때는 되게 조잡하다는 생각을 했었는데, 지금 다시보니 상당히 치밀하고 군더더기 없이 잘 만든 영화라는 생각이 드는군요. 여배우가 상당한 미인 ㅎㅎ",
    "date": "14.05.10",
    "rating": "9",
    "author": "sunw****",
    "review_id": "8720635",
    "movie_id": "20089"
  },
  {
    "review": "낙동강은 흐르고 있다 임권택의 초기영화 시대상을 잘 반영한 반공영화",
    "date": "11.02.19",
    "rating": "9",
    "author": "fhll****",
    "review_id": "5257440",
    "movie_id": "20089"
  },
  {
    "review": "전쟁영화의 고전이 되어버린 임권택감독 영화 국민학교때 학교에서 자주보여주던영화",
    "date": "10.12.23",
    "rating": "6",
    "author": "thra****",
    "review_id": "5077347",
    "movie_id": "20089"
  },
  {
    "review": "어릴적 봤는데 제목도 모르다가 최근 다시 보게 되었습니다. 최고네요",
    "date": "10.06.24",
    "rating": "10",
    "author": "rnfh****",
    "review_id": "4589145",
    "movie_id": "20089"
  },
  {
    "review": "1980년대 초기에 6.25 특선영화로 봄. 육탄전 피날레는 역시 명장면!",
    "date": "10.06.14",
    "rating": "8",
    "author": "sykm****",
    "review_id": "4565693",
    "movie_id": "20089"
  },
  {
    "review": "1950년 8월경 탱크와함께 도강해온 적을 1사단12연대 장병들이 격퇴(한국전쟁 최고작)",
    "date": "09.01.31",
    "rating": "10",
    "author": "risa****",
    "review_id": "3265800",
    "movie_id": "20089"
  }
]