[
  {
    "review": "보고싶은데볼방법이없네",
    "date": "14.08.04",
    "rating": "10",
    "author": "xksn****",
    "review_id": "9021390",
    "movie_id": "20106"
  },
  {
    "review": "어릴적에 티비에서 봤던 기억이 납니다. 음악도 잘만들었기에 근 30년 가까이 지난 지금도 기억이 나네요. 다시한번 구해볼 수 있으면 좋겠습니다..",
    "date": "14.07.24",
    "rating": "10",
    "author": "hone****",
    "review_id": "8951567",
    "movie_id": "20106"
  },
  {
    "review": "Super!!!again",
    "date": "14.02.15",
    "rating": "10",
    "author": "merl****",
    "review_id": "8509203",
    "movie_id": "20106"
  },
  {
    "review": "오래됬으나 정말 재밌게 본 영화",
    "date": "13.04.19",
    "rating": "10",
    "author": "gmac****",
    "review_id": "7469349",
    "movie_id": "20106"
  },
  {
    "review": "불멸의 이순신이 최고지 이게 뭐임?",
    "date": "09.10.03",
    "rating": "1",
    "author": "luke****",
    "review_id": "3869366",
    "movie_id": "20106"
  },
  {
    "review": "참기억에 남는 영화 다시보고싶네여.",
    "date": "06.09.16",
    "rating": "10",
    "author": "jing****",
    "review_id": "1126168",
    "movie_id": "20106"
  }
]