[
  {
    "review": "즐거운 주제가와 시원한 액션 어릴때 재미있게 봤다.",
    "date": "15.08.27",
    "rating": "8",
    "author": "adiv****",
    "review_id": "10278194",
    "movie_id": "20112"
  },
  {
    "review": "아직도 주제가가 귓가에 맴돈다. 근데 주연배우 오영주는 뭐할까나?",
    "date": "12.06.27",
    "rating": "9",
    "author": "kirb****",
    "review_id": "6418932",
    "movie_id": "20112"
  },
  {
    "review": "또 보고싶다",
    "date": "12.06.04",
    "rating": "10",
    "author": "hoan****",
    "review_id": "6362694",
    "movie_id": "20112"
  },
  {
    "review": "전설의애니,씨리즈와 함께,그당시 어린이들의마음을 완전 사로잡았던 초걸작",
    "date": "12.04.11",
    "rating": "8",
    "author": "baks****",
    "review_id": "6208109",
    "movie_id": "20112"
  },
  {
    "review": "추억의 명작 一枝梅",
    "date": "11.06.16",
    "rating": "10",
    "author": "gp02****",
    "review_id": "5484297",
    "movie_id": "20112"
  },
  {
    "review": "아이들의 로망, 검은복면,하얀복면 싸우는 소년 일지매, 땟놈과 왜놈을 농락하다",
    "date": "10.03.12",
    "rating": "8",
    "author": "ador****",
    "review_id": "4352291",
    "movie_id": "20112"
  },
  {
    "review": "ㅋ 초딩때 학교교실에 스크린치고 영사기 돌려서 보던 기억나네요. ^^",
    "date": "09.03.04",
    "rating": "10",
    "author": "sork****",
    "review_id": "3346320",
    "movie_id": "20112"
  },
  {
    "review": "소싯적 잼있게 감상",
    "date": "09.01.01",
    "rating": "9",
    "author": "seun****",
    "review_id": "3174879",
    "movie_id": "20112"
  },
  {
    "review": "어렸을 때 공휴일 특집으로 정말 잼나게 봤던. DVD 출시 안 하나?",
    "date": "08.09.02",
    "rating": "10",
    "author": "ynha****",
    "review_id": "2918317",
    "movie_id": "20112"
  },
  {
    "review": "어릴때 보고나서 집에있는 보자기, 가위로 구멍내고, 엄마한테 맞아죽을뻔했다.",
    "date": "08.07.17",
    "rating": "10",
    "author": "ctra****",
    "review_id": "2771621",
    "movie_id": "20112"
  },
  {
    "review": "진짜재미있엇읍니다",
    "date": "08.07.10",
    "rating": "10",
    "author": "kkh2****",
    "review_id": "2751699",
    "movie_id": "20112"
  },
  {
    "review": "당시엔 이렇게 재미있는 영화가 없었다. 물론 초딩때...",
    "date": "07.02.04",
    "rating": "10",
    "author": "cmh4****",
    "review_id": "1444041",
    "movie_id": "20112"
  },
  {
    "review": "^^ 다시봐도 그때처럼 재밌게 볼 수 있을까",
    "date": "05.11.29",
    "rating": "8",
    "author": "9933****",
    "review_id": "488662",
    "movie_id": "20112"
  },
  {
    "review": "3명의 어린 일지매가 나온다",
    "date": "04.06.22",
    "rating": "4",
    "author": "kgb6****",
    "review_id": "58847",
    "movie_id": "20112"
  }
]