[
  {
    "review": "1950년 10월경 최전방 장소좌, 이대위, 은아-주제가가 가미된 드라마틱 전쟁영화",
    "date": "09.08.25",
    "rating": "10",
    "author": "risa****",
    "review_id": "3788053",
    "movie_id": "20114"
  },
  {
    "review": "재밋네요",
    "date": "09.02.11",
    "rating": "10",
    "author": "alle****",
    "review_id": "3295577",
    "movie_id": "20114"
  },
  {
    "review": "EBS에서 하던데..볼만했음",
    "date": "05.06.20",
    "rating": "7",
    "author": "klux****",
    "review_id": "303057",
    "movie_id": "20114"
  }
]