[
  {
    "review": "어릴때 tv에서 하는거 본 기억이 있다. 남자가 가정부로 들어가 좌충우돌 하는게 엄청 웃겼었는데... 요즘 개그는 그 옛날 코미디 같은 재미나 매력이 없다.",
    "date": "14.08.12",
    "rating": "10",
    "author": "bada****",
    "review_id": "9071525",
    "movie_id": "20133"
  },
  {
    "review": "공짜로 vod로 나왔길래 보는데 정말 재밌어요간만에 맘편히 웃으면서 봤네요옛날 영화는 이런 맛에 보네요",
    "date": "14.05.20",
    "rating": "10",
    "author": "blue****",
    "review_id": "8750019",
    "movie_id": "20133"
  },
  {
    "review": "재미 읍서요 !",
    "date": "13.08.25",
    "rating": "1",
    "author": "zbxl****",
    "review_id": "7921139",
    "movie_id": "20133"
  },
  {
    "review": "고인이된 이기동씨의 마지막 코미디영화~!!",
    "date": "10.01.29",
    "rating": "10",
    "author": "sewm****",
    "review_id": "4221153",
    "movie_id": "20133"
  },
  {
    "review": "고인이된 이기동씨의 마지막 코미디영화~!!",
    "date": "10.01.29",
    "rating": "10",
    "author": "hell****",
    "review_id": "4221151",
    "movie_id": "20133"
  },
  {
    "review": "고인이된 이기동씨의 마지막 코미디영화~!!",
    "date": "06.07.18",
    "rating": "8",
    "author": "msw9****",
    "review_id": "904931",
    "movie_id": "20133"
  }
]