[
  {
    "review": "그때나 지금이나 '허영'이 사회를 좀먹는다.",
    "date": "15.06.13",
    "rating": "8",
    "author": "band****",
    "review_id": "9997467",
    "movie_id": "20139"
  },
  {
    "review": "ㅁ",
    "date": "11.02.06",
    "rating": "10",
    "author": "qkrw****",
    "review_id": "5221324",
    "movie_id": "20139"
  },
  {
    "review": "구봉서,곽규석,서영춘의 코믹연기 최고,다만 60년대적인 부실한 완성도.추억은 가득",
    "date": "10.11.20",
    "rating": "6",
    "author": "mist****",
    "review_id": "4973759",
    "movie_id": "20139"
  },
  {
    "review": "EBS에서보고) 언제적 영환가 싶었는데 68년이라니!당시 말이라던지 굉장히 인상깊은",
    "date": "10.11.08",
    "rating": "10",
    "author": "juli****",
    "review_id": "4945334",
    "movie_id": "20139"
  },
  {
    "review": "우와아직20대인 저에게도 너무 재미있고흥미로운영화였습니다!!",
    "date": "10.11.08",
    "rating": "10",
    "author": "bewi****",
    "review_id": "4945206",
    "movie_id": "20139"
  },
  {
    "review": "45세 이상분에게 강추 드립니다. 과거 시절을 다시 회상해 볼 수 있는 영화군요",
    "date": "10.11.08",
    "rating": "10",
    "author": "make****",
    "review_id": "4944800",
    "movie_id": "20139"
  },
  {
    "review": "2010년11월7일 EBS에서 지금 방영되고 있습니다.",
    "date": "10.11.08",
    "rating": "10",
    "author": "fail****",
    "review_id": "4944729",
    "movie_id": "20139"
  },
  {
    "review": "추억의 그시절! 그립습니다.",
    "date": "10.11.08",
    "rating": "9",
    "author": "foab****",
    "review_id": "4944678",
    "movie_id": "20139"
  },
  {
    "review": "이 영화 좀 짱인듯. 저 시대에 저런 센스있는 코미디 영화가 있었다니!",
    "date": "08.02.11",
    "rating": "10",
    "author": "tsur****",
    "review_id": "2436992",
    "movie_id": "20139"
  }
]