[
  {
    "review": "정말추천하고시퍼요 여군이란색다른영화",
    "date": "13.07.22",
    "rating": "10",
    "author": "suju****",
    "review_id": "7772934",
    "movie_id": "20142"
  },
  {
    "review": "우리 어머니가 그당시 여군사병 출신이신데요.. 당시에는 사병이 더 많았고요.. 이영화 얘기하면서 너무 사실과 다르다고 하시네요ㅋ 영화란게 원래 재미로 보는거지만ㅋ",
    "date": "13.06.19",
    "rating": "1",
    "author": "up87****",
    "review_id": "7656130",
    "movie_id": "20142"
  }
]