[
  {
    "review": "강주희 씨 너무 이뻐요~",
    "date": "13.03.28",
    "rating": "10",
    "author": "thsd****",
    "review_id": "7415745",
    "movie_id": "20148"
  },
  {
    "review": "남산도서관 ㅋㅋㅋ",
    "date": "10.06.06",
    "rating": "10",
    "author": "noor****",
    "review_id": "4548857",
    "movie_id": "20148"
  },
  {
    "review": "유쾌한 영화네요.",
    "date": "09.09.18",
    "rating": "10",
    "author": "mjs9****",
    "review_id": "3837057",
    "movie_id": "20148"
  },
  {
    "review": "강주희..정말 뷰티풀.....!!!!",
    "date": "09.08.05",
    "rating": "10",
    "author": "thug****",
    "review_id": "3710113",
    "movie_id": "20148"
  },
  {
    "review": "영화는 지금에서 보면 민망한 수준이지만, 주연인 강주희 씨는 정말 예쁘더이다!",
    "date": "09.08.03",
    "rating": "7",
    "author": "ldj0****",
    "review_id": "3700805",
    "movie_id": "20148"
  }
]