[
  {
    "review": "무슨 말이 더 필요함? 그냥 쳐박아버려야될 비디오테잎이지",
    "date": "15.04.14",
    "rating": "1",
    "author": "axfo****",
    "review_id": "9845736",
    "movie_id": "20147"
  },
  {
    "review": "예라~ 이 OO놈아..기회주의자 저런게 목사라고? 수꼴 정신병자 또라이 쉐키...툭하면 상습폭행하는 마누라가 같은 같은 서가년 이라나 뭐라나... 차라리 친오빠놈하고 뼉(근친상간)을 해라...만날 쳐맞으며 미국서 귀국은 X빨았다고 하니? OO놈들",
    "date": "14.07.21",
    "rating": "1",
    "author": "func****",
    "review_id": "8936675",
    "movie_id": "20147"
  },
  {
    "review": "망할수 밖에 없는 영화..",
    "date": "14.02.15",
    "rating": "1",
    "author": "adiv****",
    "review_id": "8509896",
    "movie_id": "20147"
  },
  {
    "review": "어렸을때 동네 동시상영하는 극장에서 보았는데. 나름 재미있어요. 특히 깔눈이 라는 케릭터가 인상적인데, 깔눈이의 닉네임 유래는 눈깔어 쟈샤 라는 말을 자주 해서 붙인 이름 입니다",
    "date": "14.02.12",
    "rating": "10",
    "author": "blue****",
    "review_id": "8500616",
    "movie_id": "20147"
  },
  {
    "review": "어렸을때 티비에서 볼땐 완전 잼났음",
    "date": "13.11.29",
    "rating": "10",
    "author": "hell****",
    "review_id": "8178194",
    "movie_id": "20147"
  },
  {
    "review": "전 이 영화 개봉한 날 봤습니다ㅜㅜ 영화 끝나고 나오는데 개봉 당일 전회 매진이 되서 서세원이 극장 로비에서 동료들과 신나게 웃는 모습이 선하네요. 나오면서 영화를 보여준 친구가 이러더군요 \"야~ 내가 정말 미안하다\"",
    "date": "13.06.20",
    "rating": "1",
    "author": "wook****",
    "review_id": "7658510",
    "movie_id": "20147"
  },
  {
    "review": "상주군 화서면 사래실에서 촬영한 영화",
    "date": "13.06.19",
    "rating": "10",
    "author": "kwon****",
    "review_id": "7655891",
    "movie_id": "20147"
  },
  {
    "review": "정희가 자고 있는 텐트에 들어갔다 뺨 맞고 나온 깔눈이.. 으!",
    "date": "13.04.04",
    "rating": "1",
    "author": "pont****",
    "review_id": "7433344",
    "movie_id": "20147"
  },
  {
    "review": "기념비적 성격을 띠다.",
    "date": "12.03.19",
    "rating": "1",
    "author": "pria****",
    "review_id": "6155113",
    "movie_id": "20147"
  },
  {
    "review": "가수 원준희가 안도희라니;;; ㅆㅃ 충격",
    "date": "11.04.28",
    "rating": "2",
    "author": "heyd****",
    "review_id": "5395227",
    "movie_id": "20147"
  },
  {
    "review": "이러고도 안 망하면,그게 더 이상해.맛이가지 않고서야,이런영화가 성공할리가 없다.",
    "date": "10.11.28",
    "rating": "1",
    "author": "baks****",
    "review_id": "5001591",
    "movie_id": "20147"
  },
  {
    "review": "\"로케트는 발사됐다\"와 자웅을 가린다.",
    "date": "10.08.31",
    "rating": "1",
    "author": "grea****",
    "review_id": "4808343",
    "movie_id": "20147"
  },
  {
    "review": "와 진짜 86년도 꺼? 여자 존나 이쁜데 서정희가 옛날에 저랫군",
    "date": "10.02.09",
    "rating": "10",
    "author": "kihy****",
    "review_id": "4263941",
    "movie_id": "20147"
  },
  {
    "review": "싸이영상을 줘도 되겠다.. 물론 보진 않았다 ㅎㅎㅎ",
    "date": "10.02.05",
    "rating": "1",
    "author": "dana****",
    "review_id": "4250329",
    "movie_id": "20147"
  },
  {
    "review": "평점봐평점;",
    "date": "09.10.03",
    "rating": "1",
    "author": "6_sx****",
    "review_id": "3868833",
    "movie_id": "20147"
  },
  {
    "review": "이영화 도대체 정체가 모야? 서세원 이때부터 정신 못차렸구만.",
    "date": "08.12.20",
    "rating": "1",
    "author": "supo****",
    "review_id": "3132612",
    "movie_id": "20147"
  },
  {
    "review": "최악이군 서세원 앞니를 뽑아 버리고 싶은 충동이..",
    "date": "08.01.21",
    "rating": "2",
    "author": "evil****",
    "review_id": "2353675",
    "movie_id": "20147"
  },
  {
    "review": "이런건 그냥 캠코더로 찍어서 집에서 아들이랑 봐라 자폭하지말고..",
    "date": "07.12.13",
    "rating": "10",
    "author": "gldg****",
    "review_id": "2228618",
    "movie_id": "20147"
  },
  {
    "review": "성지순례중.. 말그대로 사이영급 방어율을 기록하고 있군.",
    "date": "07.09.24",
    "rating": "10",
    "author": "thes****",
    "review_id": "2045835",
    "movie_id": "20147"
  },
  {
    "review": "긴급조치 19호 만든 사람의 영화 답다\\",
    "date": "07.08.16",
    "rating": "1",
    "author": "cuti****",
    "review_id": "1946778",
    "movie_id": "20147"
  },
  {
    "review": "86년.... 초등학생 태어나기도 전 영화라? 암울암울",
    "date": "07.08.12",
    "rating": "1",
    "author": "reke****",
    "review_id": "1928043",
    "movie_id": "20147"
  },
  {
    "review": "암울한영화... 이거 서세원이 찍고나서 가위눌렸다던대 ㅋㅋ",
    "date": "07.08.08",
    "rating": "1",
    "author": "vkrk****",
    "review_id": "1903208",
    "movie_id": "20147"
  },
  {
    "review": "다세포와 맞먹는 평점을 가진 영화로군. 긴급조치의 조짐이 보임",
    "date": "07.07.06",
    "rating": "1",
    "author": "kisk****",
    "review_id": "1750587",
    "movie_id": "20147"
  },
  {
    "review": "서정희의 아름다움에 1점을 준다...",
    "date": "07.07.01",
    "rating": "1",
    "author": "skat****",
    "review_id": "1734812",
    "movie_id": "20147"
  },
  {
    "review": "이거 언제 개봉해요?",
    "date": "07.03.15",
    "rating": "10",
    "author": "arom****",
    "review_id": "1534850",
    "movie_id": "20147"
  },
  {
    "review": "할말 없음",
    "date": "07.02.26",
    "rating": "1",
    "author": "sso0****",
    "review_id": "1503683",
    "movie_id": "20147"
  },
  {
    "review": "이건 서세원이 영화역사상 가장 낮은 평점을 기록하려는 의도를 갖고 만든 영화이다",
    "date": "07.02.25",
    "rating": "1",
    "author": "wlf_****",
    "review_id": "1502063",
    "movie_id": "20147"
  },
  {
    "review": "역시 서세원틱한 영화..",
    "date": "07.02.22",
    "rating": "1",
    "author": "salm****",
    "review_id": "1492695",
    "movie_id": "20147"
  },
  {
    "review": "조낸 훈훈하다",
    "date": "07.01.15",
    "rating": "1",
    "author": "whdd****",
    "review_id": "1387899",
    "movie_id": "20147"
  },
  {
    "review": "긴급조치 19호 이전 서세원이 불후의 작품이지....",
    "date": "07.01.10",
    "rating": "1",
    "author": "serf****",
    "review_id": "1372340",
    "movie_id": "20147"
  },
  {
    "review": "동참~",
    "date": "07.01.07",
    "rating": "1",
    "author": "kukk****",
    "review_id": "1362986",
    "movie_id": "20147"
  },
  {
    "review": "여주인공 안도희 바로 사랑은유리같은것의 가수 원준희입니다.",
    "date": "06.12.02",
    "rating": "10",
    "author": "hyki****",
    "review_id": "1263690",
    "movie_id": "20147"
  },
  {
    "review": "1등 가",
    "date": "06.09.05",
    "rating": "1",
    "author": "xkrd****",
    "review_id": "1106181",
    "movie_id": "20147"
  },
  {
    "review": "1위를 향하여~ ^^:",
    "date": "06.08.20",
    "rating": "1",
    "author": "rncn****",
    "review_id": "1061852",
    "movie_id": "20147"
  },
  {
    "review": "마치 각본이 초딩에 의해 쓰여진듯한 착각이 들정도로 훌륭함",
    "date": "06.08.15",
    "rating": "1",
    "author": "disa****",
    "review_id": "1034081",
    "movie_id": "20147"
  },
  {
    "review": "깔눈이만 불쌍하네요",
    "date": "06.08.12",
    "rating": "1",
    "author": "sdni****",
    "review_id": "1007049",
    "movie_id": "20147"
  },
  {
    "review": "다세포소녀를 응원합니다.",
    "date": "06.08.11",
    "rating": "10",
    "author": "jin3****",
    "review_id": "1000250",
    "movie_id": "20147"
  },
  {
    "review": "아.... TV에서 봤다... 놀라웠다... 용기가...",
    "date": "06.08.11",
    "rating": "2",
    "author": "moon****",
    "review_id": "995125",
    "movie_id": "20147"
  },
  {
    "review": "고래사냥이 생각나는 이유는 뭘까?",
    "date": "06.08.07",
    "rating": "10",
    "author": "tiny****",
    "review_id": "982231",
    "movie_id": "20147"
  },
  {
    "review": "서세원 대단하다... ㅋㅋㅋ",
    "date": "06.08.02",
    "rating": "1",
    "author": "will****",
    "review_id": "957454",
    "movie_id": "20147"
  },
  {
    "review": "방송국에서도 안 틀어줄 형편없는 영화.",
    "date": "06.08.02",
    "rating": "1",
    "author": "vert****",
    "review_id": "956821",
    "movie_id": "20147"
  },
  {
    "review": "'서세원'은 사망자 명단의 이름 중 하나라고 한다.",
    "date": "06.07.27",
    "rating": "1",
    "author": "dayl****",
    "review_id": "926347",
    "movie_id": "20147"
  },
  {
    "review": "개념 있는 자라면 2점도 아까운 영화",
    "date": "06.07.23",
    "rating": "1",
    "author": "park****",
    "review_id": "915965",
    "movie_id": "20147"
  },
  {
    "review": "서세원 영화의 초기작. 기대를 저버리지 않음",
    "date": "06.07.23",
    "rating": "1",
    "author": "an67****",
    "review_id": "915961",
    "movie_id": "20147"
  },
  {
    "review": "1점대 진입 . 이건 서세원밖에못해",
    "date": "06.07.23",
    "rating": "1",
    "author": "cask****",
    "review_id": "915957",
    "movie_id": "20147"
  },
  {
    "review": "재미없다..",
    "date": "06.06.25",
    "rating": "1",
    "author": "k438****",
    "review_id": "857479",
    "movie_id": "20147"
  },
  {
    "review": "대책없이, 제멋대로, 아무렇게나, 부담없이, 형편없게...",
    "date": "06.05.20",
    "rating": "3",
    "author": "goma****",
    "review_id": "807455",
    "movie_id": "20147"
  },
  {
    "review": "감이 조흔데..",
    "date": "06.03.12",
    "rating": "1",
    "author": "dmlt****",
    "review_id": "713744",
    "movie_id": "20147"
  },
  {
    "review": "차라리 유희왕을 한번 더보시길.",
    "date": "06.03.01",
    "rating": "1",
    "author": "kevi****",
    "review_id": "698648",
    "movie_id": "20147"
  },
  {
    "review": "솔직히 본사람은 얼마나 될까? 비됴빌리는데도 한참 고생",
    "date": "06.02.25",
    "rating": "1",
    "author": "7008****",
    "review_id": "691503",
    "movie_id": "20147"
  },
  {
    "review": "줄거리만 보고 이렇게 깔깔 웃은 적 첨이다ㅠㅠ",
    "date": "06.01.06",
    "rating": "10",
    "author": "arch****",
    "review_id": "566149",
    "movie_id": "20147"
  },
  {
    "review": "평균 1점에 도전하자",
    "date": "06.01.06",
    "rating": "1",
    "author": "jjan****",
    "review_id": "565777",
    "movie_id": "20147"
  },
  {
    "review": "방어율 죽이는데?",
    "date": "05.12.28",
    "rating": "1",
    "author": "dark****",
    "review_id": "535811",
    "movie_id": "20147"
  },
  {
    "review": "그래 꿈은 찾았나? 납자루 때거지들아...",
    "date": "05.12.14",
    "rating": "1",
    "author": "tara****",
    "review_id": "505047",
    "movie_id": "20147"
  },
  {
    "review": "영구와 땡칠이 이후에 오랜만에 감명깊게 본 액션대작.",
    "date": "05.11.28",
    "rating": "1",
    "author": "remo****",
    "review_id": "487598",
    "movie_id": "20147"
  },
  {
    "review": "장난하냐? 장난해?",
    "date": "05.11.07",
    "rating": "1",
    "author": "sbk9****",
    "review_id": "467507",
    "movie_id": "20147"
  },
  {
    "review": "ㅁㅁ",
    "date": "05.11.06",
    "rating": "1",
    "author": "gkdi****",
    "review_id": "466730",
    "movie_id": "20147"
  },
  {
    "review": "이게 평점을 낮출 수 있겠군",
    "date": "05.11.06",
    "rating": "1",
    "author": "bada****",
    "review_id": "466727",
    "movie_id": "20147"
  },
  {
    "review": "한국 영화사의 한 획을 그은 명작, 여운이 남는다.",
    "date": "05.09.25",
    "rating": "10",
    "author": "food****",
    "review_id": "421721",
    "movie_id": "20147"
  },
  {
    "review": "이시대 최고의 영화",
    "date": "05.09.25",
    "rating": "10",
    "author": "skdm****",
    "review_id": "421716",
    "movie_id": "20147"
  },
  {
    "review": "부셔버리고 싶다...",
    "date": "05.09.12",
    "rating": "1",
    "author": "popc****",
    "review_id": "402815",
    "movie_id": "20147"
  },
  {
    "review": "0점 주고싶은디..",
    "date": "05.09.11",
    "rating": "1",
    "author": "bart****",
    "review_id": "400604",
    "movie_id": "20147"
  },
  {
    "review": "아 미치겟다......죽고 싶다,............ㅠㅠ",
    "date": "05.05.24",
    "rating": "1",
    "author": "punk****",
    "review_id": "285498",
    "movie_id": "20147"
  },
  {
    "review": "나도 동참",
    "date": "05.02.20",
    "rating": "1",
    "author": "comb****",
    "review_id": "225544",
    "movie_id": "20147"
  },
  {
    "review": "보다가 돌아버리는줄 알았다...",
    "date": "05.01.23",
    "rating": "1",
    "author": "java****",
    "review_id": "193754",
    "movie_id": "20147"
  },
  {
    "review": "딱보니 그당시 히트쳤던 고래사냥 배껴만든 어설픈 영화군 서세원 기회주의자",
    "date": "04.12.08",
    "rating": "1",
    "author": "sexy****",
    "review_id": "159264",
    "movie_id": "20147"
  },
  {
    "review": "의문의 영화..?",
    "date": "04.10.29",
    "rating": "1",
    "author": "oys0****",
    "review_id": "134699",
    "movie_id": "20147"
  },
  {
    "review": "1점도 많다",
    "date": "04.10.20",
    "rating": "1",
    "author": "seon****",
    "review_id": "129367",
    "movie_id": "20147"
  },
  {
    "review": "영화맞어?",
    "date": "04.08.26",
    "rating": "1",
    "author": "fq61****",
    "review_id": "97406",
    "movie_id": "20147"
  }
]