[
  {
    "review": "그런데 왜 주인공이신 장덕 누나는... 주요 정보 및 출연진에 없는 건가요?",
    "date": "14.10.22",
    "rating": "10",
    "author": "beat****",
    "review_id": "9307810",
    "movie_id": "20162"
  },
  {
    "review": "보고싶네요..꼭보고싶은데..",
    "date": "13.11.15",
    "rating": "10",
    "author": "y1y9****",
    "review_id": "8141957",
    "movie_id": "20162"
  },
  {
    "review": "덕이누님...",
    "date": "13.03.26",
    "rating": "10",
    "author": "thsd****",
    "review_id": "7412373",
    "movie_id": "20162"
  }
]