[
  {
    "review": "이때부터 김희애 팬 아직까지 팬 나보다 한살 많은데",
    "date": "15.01.06",
    "rating": "8",
    "author": "solo****",
    "review_id": "9568484",
    "movie_id": "20178"
  },
  {
    "review": "조나 재밌음",
    "date": "09.11.25",
    "rating": "10",
    "author": "serv****",
    "review_id": "3989098",
    "movie_id": "20178"
  },
  {
    "review": "기억 나진 않지만 그시대상황 반영햇다 해야 할까? 손창민 김희애의 앳된 모습이 흥미",
    "date": "09.09.28",
    "rating": "9",
    "author": "whit****",
    "review_id": "3858089",
    "movie_id": "20178"
  },
  {
    "review": "좀,,,,,,,,그런듯.......",
    "date": "09.08.14",
    "rating": "1",
    "author": "feli****",
    "review_id": "3748642",
    "movie_id": "20178"
  },
  {
    "review": "김희애씨의 애띤 모습, 정말 사랑스럽고 예뻤다. 작품은 그냥저냥 볼만 했다.",
    "date": "09.07.15",
    "rating": "10",
    "author": "figu****",
    "review_id": "3633458",
    "movie_id": "20178"
  }
]