[
  {
    "review": "개지림,  지금 이분들과 cg가 합해진다면. . .  ㅎㄷㄷ",
    "date": "15.02.23",
    "rating": "10",
    "author": "chpa****",
    "review_id": "9732866",
    "movie_id": "20183"
  },
  {
    "review": "한용철 왕호 한국일의 마지막 발차기고수들간의 대결은 압권이다",
    "date": "10.09.04",
    "rating": "10",
    "author": "zmfp****",
    "review_id": "4816101",
    "movie_id": "20183"
  },
  {
    "review": "존나 재밌따",
    "date": "09.10.09",
    "rating": "10",
    "author": "dama****",
    "review_id": "3881588",
    "movie_id": "20183"
  }
]