[
  {
    "review": "내가  내시로  나온영화~",
    "date": "14.09.03",
    "rating": "8",
    "author": "1191****",
    "review_id": "9156819",
    "movie_id": "20201"
  },
  {
    "review": "내용은 창의성있어서 좋았지만 재미는 후궁이 나은듯 싶다.그 시절 이정도면 잘만든영화인듯..",
    "date": "13.11.18",
    "rating": "8",
    "author": "a109****",
    "review_id": "8149491",
    "movie_id": "20201"
  },
  {
    "review": "이두용감독이 꽤 괜찮았던 시절의 영화...김진아가 기억에 오래동안 남았다",
    "date": "13.11.06",
    "rating": "8",
    "author": "lees****",
    "review_id": "8118823",
    "movie_id": "20201"
  },
  {
    "review": "미장센, 스토리, 배우들의 연기 그리고 비극적 결말... 당대 최고의 걸작 아닌가?",
    "date": "12.08.07",
    "rating": "9",
    "author": "neoi****",
    "review_id": "6579121",
    "movie_id": "20201"
  },
  {
    "review": "최근 만든 후궁과 내용이 비슷하네요?",
    "date": "12.08.05",
    "rating": "5",
    "author": "suji****",
    "review_id": "6575286",
    "movie_id": "20201"
  },
  {
    "review": "잘짜여잔 스토리 그리고 이영화를 돗보이게하는건 배우들의 명연기!",
    "date": "09.11.04",
    "rating": "7",
    "author": "thra****",
    "review_id": "3936065",
    "movie_id": "20201"
  },
  {
    "review": "이내시랑 왕과나 내시랑 같은건줄 알앗네 나 초딩때 나온 에로영화 ㅋㅋㅋ",
    "date": "08.02.18",
    "rating": "10",
    "author": "777l****",
    "review_id": "2461463",
    "movie_id": "20201"
  },
  {
    "review": "그 시대에 저정도면 충격아닌가..",
    "date": "08.01.21",
    "rating": "8",
    "author": "moon****",
    "review_id": "2354172",
    "movie_id": "20201"
  },
  {
    "review": "good",
    "date": "07.12.04",
    "rating": "6",
    "author": "cles****",
    "review_id": "2205231",
    "movie_id": "20201"
  },
  {
    "review": "볼만. 그저 그런 옛날 한국 영화는 아니다.",
    "date": "07.10.13",
    "rating": "6",
    "author": "ysuh****",
    "review_id": "2086771",
    "movie_id": "20201"
  },
  {
    "review": "괜찮네",
    "date": "07.08.06",
    "rating": "10",
    "author": "dlsr****",
    "review_id": "1888044",
    "movie_id": "20201"
  },
  {
    "review": "옛 영화치고 상당수준의 포스와 진행...",
    "date": "06.09.25",
    "rating": "10",
    "author": "iamt****",
    "review_id": "1142084",
    "movie_id": "20201"
  },
  {
    "review": "에로물이 아니면 안 팔렸던 1980년대 한국영화의 슬픈 자화상.",
    "date": "06.08.14",
    "rating": "6",
    "author": "redb****",
    "review_id": "1025894",
    "movie_id": "20201"
  },
  {
    "review": "의외로 괜찮은 영화",
    "date": "06.05.28",
    "rating": "10",
    "author": "zeed****",
    "review_id": "819301",
    "movie_id": "20201"
  },
  {
    "review": "제목과 내용이 달랐었던거 같은데..",
    "date": "05.12.24",
    "rating": "7",
    "author": "blue****",
    "review_id": "523876",
    "movie_id": "20201"
  },
  {
    "review": "은근히 알려진 영환줄 알았는데.... 볼만하다!",
    "date": "05.10.23",
    "rating": "10",
    "author": "yytt****",
    "review_id": "451929",
    "movie_id": "20201"
  }
]