[
  {
    "review": "그  시대상을 볼 수 있는 흥미로운 자료",
    "date": "14.05.07",
    "rating": "10",
    "author": "dymk****",
    "review_id": "8712603",
    "movie_id": "20218"
  },
  {
    "review": "수더분한 홍보 영상.",
    "date": "12.03.24",
    "rating": "3",
    "author": "pria****",
    "review_id": "6165401",
    "movie_id": "20218"
  },
  {
    "review": "근대화의 홍보필름. 간간이 가수들 노래만 들을 만함",
    "date": "11.04.26",
    "rating": "5",
    "author": "dcap****",
    "review_id": "5393477",
    "movie_id": "20218"
  }
]