[
  {
    "review": "최고의 명장면 야구공이 통닭으로 변하는 장면...ㅋㅋ",
    "date": "15.03.09",
    "rating": "8",
    "author": "adiv****",
    "review_id": "9768716",
    "movie_id": "20212"
  },
  {
    "review": "엘지트윈스 유격수 였던 유지현선수가 상대팀 투수로 출연한 영화입니다.^^",
    "date": "14.09.01",
    "rating": "9",
    "author": "rick****",
    "review_id": "9154130",
    "movie_id": "20212"
  },
  {
    "review": "내 기억으로는 어린이용 일일연속극을 영화로 제작한거 같은데 이게 왜 청소년 관람불가 인가? 누가 대답해줄 사람?",
    "date": "13.11.22",
    "rating": "9",
    "author": "neoc****",
    "review_id": "8160504",
    "movie_id": "20212"
  },
  {
    "review": "어렸을적 추억이...박철순.김우열도 나옴..통닭이 야구공으로..ㄷㄷ",
    "date": "13.06.24",
    "rating": "6",
    "author": "thra****",
    "review_id": "7676300",
    "movie_id": "20212"
  },
  {
    "review": "왜! 18세 관람가.... $&%^#!? 야구왕이라서? ^^",
    "date": "09.11.02",
    "rating": "10",
    "author": "ez2d****",
    "review_id": "3931759",
    "movie_id": "20212"
  },
  {
    "review": "이게 왜 18세 관람가지?",
    "date": "09.08.13",
    "rating": "10",
    "author": "luck****",
    "review_id": "3742620",
    "movie_id": "20212"
  },
  {
    "review": "일곱번쓰러져도 여덟번일어나라...통닭이 야구공으로^^",
    "date": "08.07.18",
    "rating": "10",
    "author": "leb1****",
    "review_id": "2775229",
    "movie_id": "20212"
  },
  {
    "review": "굿",
    "date": "06.02.09",
    "rating": "10",
    "author": "chun****",
    "review_id": "656366",
    "movie_id": "20212"
  }
]