[
  {
    "review": "이제보니 전설의 고향은 마스터피스였구만",
    "date": "15.07.13",
    "rating": "1",
    "author": "rd72****",
    "review_id": "10102309",
    "movie_id": "20223"
  },
  {
    "review": "사랑,꿈,그리고 애절함이 뭉쳐있는 한국판 엑소시스트.... 더 낫다",
    "date": "14.01.14",
    "rating": "10",
    "author": "ffme****",
    "review_id": "8381199",
    "movie_id": "20223"
  },
  {
    "review": "이장호 감독의 유일한 호러물.심령적인면이 강함. 엑소시스트 영향을 받은듯한 영화.",
    "date": "09.10.27",
    "rating": "10",
    "author": "smil****",
    "review_id": "3918722",
    "movie_id": "20223"
  }
]