[
  {
    "review": "임예진씨 행동 몸짓 표정 말투 하나하나가 다 완전 귀여워요.  임예진씨 보는 재미로 정신없이 끝까지 봤네요.",
    "date": "14.06.13",
    "rating": "9",
    "author": "icte****",
    "review_id": "8825628",
    "movie_id": "20230"
  },
  {
    "review": "임예진 너무너무 예쁘다~♥",
    "date": "14.01.11",
    "rating": "10",
    "author": "dlsr****",
    "review_id": "8370096",
    "movie_id": "20230"
  },
  {
    "review": "임예진씨 역시 아름다우시네요~",
    "date": "13.11.19",
    "rating": "10",
    "author": "shk2****",
    "review_id": "8153826",
    "movie_id": "20230"
  },
  {
    "review": "임예진씨 너무 너무 귀여운 거야~",
    "date": "13.07.11",
    "rating": "7",
    "author": "qkrz****",
    "review_id": "7725263",
    "movie_id": "20230"
  },
  {
    "review": "ㅎㅎ재밌습니다 임예진 풋풋  하네요 지금은 아줌마지만 ㅎㅎ",
    "date": "13.03.04",
    "rating": "8",
    "author": "asmy****",
    "review_id": "7325111",
    "movie_id": "20230"
  },
  {
    "review": "임예진의 어릴적 깜찍한 모습....유쾨한 영화.",
    "date": "10.09.27",
    "rating": "10",
    "author": "fall****",
    "review_id": "4873080",
    "movie_id": "20230"
  },
  {
    "review": "재미..x",
    "date": "09.05.12",
    "rating": "1",
    "author": "rlag****",
    "review_id": "3490967",
    "movie_id": "20230"
  },
  {
    "review": "정말 잼이잇어",
    "date": "08.12.10",
    "rating": "10",
    "author": "kkm5****",
    "review_id": "3105179",
    "movie_id": "20230"
  },
  {
    "review": "이런 영화 자료도 있다니...",
    "date": "08.09.01",
    "rating": "10",
    "author": "prel****",
    "review_id": "2915804",
    "movie_id": "20230"
  }
]