[
  {
    "review": "당시에 에로 마니아로서 에로씬이나 배우, 스토리가 Good 이었던 영화 7.5점",
    "date": "11.04.05",
    "rating": "7",
    "author": "gall****",
    "review_id": "5356516",
    "movie_id": "20243"
  },
  {
    "review": "우뢰매의 히로인 천은경누나가 벗어서 슬펐던 ㅠ_ㅠ 어쨌든 굿",
    "date": "11.01.13",
    "rating": "10",
    "author": "zzi0****",
    "review_id": "5154170",
    "movie_id": "20243"
  },
  {
    "review": "극장에서 정말 잼있게 본 영화",
    "date": "11.01.13",
    "rating": "10",
    "author": "soeu****",
    "review_id": "5154163",
    "movie_id": "20243"
  },
  {
    "review": "우뢰매의 '데일리'  천은경씨의 C급 삼류 쓰레기 에로극화.",
    "date": "09.09.16",
    "rating": "1",
    "author": "evil****",
    "review_id": "3833838",
    "movie_id": "20243"
  }
]