[
  {
    "review": "살인. 강간. 복수. 딱 3개로 압축하면 끝이다.",
    "date": "08.02.14",
    "rating": "6",
    "author": "evil****",
    "review_id": "2444517",
    "movie_id": "20258"
  },
  {
    "review": "홍콩르나르의 영향 받은 영화,. 어쨌든 애쓴 흔적 있음",
    "date": "07.01.15",
    "rating": "7",
    "author": "inke****",
    "review_id": "1386411",
    "movie_id": "20258"
  },
  {
    "review": "김청희 누님의 가치 사라짐.복수 모티브에 지나치게 집착.",
    "date": "06.04.22",
    "rating": "5",
    "author": "stag****",
    "review_id": "770639",
    "movie_id": "20258"
  }
]