[
  {
    "review": "아, 이런 걸작이 한국영화사에도 있었다니!",
    "date": "08.12.28",
    "rating": "10",
    "author": "noma****",
    "review_id": "3160156",
    "movie_id": "20287"
  },
  {
    "review": "리얼리즘이 살아있는 영화 장미희의 열연이 돋보인다",
    "date": "07.08.25",
    "rating": "7",
    "author": "okjo****",
    "review_id": "1976931",
    "movie_id": "20287"
  },
  {
    "review": "영화가책내용전체는같은얘긴데,책보다는아무래도..책을구하고싶어요.",
    "date": "04.08.27",
    "rating": "8",
    "author": "joom****",
    "review_id": "97863",
    "movie_id": "20287"
  }
]