[
  {
    "review": "프리츠 랑의 메트로폴리스의 80년대 일본식 답변.",
    "date": "15.08.26",
    "rating": "9",
    "author": "hyuk****",
    "review_id": "10276600",
    "movie_id": "20308"
  },
  {
    "review": "말이 필요없다! 최고!",
    "date": "15.08.17",
    "rating": "10",
    "author": "saty****",
    "review_id": "10245436",
    "movie_id": "20308"
  },
  {
    "review": "이것이 88년도 애니메이션이라고??",
    "date": "15.08.14",
    "rating": "9",
    "author": "rand****",
    "review_id": "10228674",
    "movie_id": "20308"
  },
  {
    "review": "더 말할것도 없는 명작..",
    "date": "15.08.06",
    "rating": "10",
    "author": "coco****",
    "review_id": "10192759",
    "movie_id": "20308"
  },
  {
    "review": "배경과 material은 미래 사회에 대한 것이나,  본질적으로 이것은 인간 본성에 관한 이야기다.",
    "date": "15.07.24",
    "rating": "10",
    "author": "hanb****",
    "review_id": "10136953",
    "movie_id": "20308"
  },
  {
    "review": "주연 캐릭터의 성우 캐스팅은 신의 캐스팅이었던 거 같다...카네다의 성우는 이와타 미츠오가 아니면 실현해내지 못했을 것이다. 이외 캐릭터들의 연기에 대한 아쉬움으로 1점만 깎는다. 연출, 음악, 작화도 모두 시대를 역행하는 아니메이숀 입니다.",
    "date": "15.07.15",
    "rating": "9",
    "author": "wkdt****",
    "review_id": "10107571",
    "movie_id": "20308"
  },
  {
    "review": "주제 의식과 세계관에서 비롯된 탄탄한 연출력이 과연 명작이다.애니하면 루팡3세가 최고인 줄 알았던 나에게 아키라의 묵직함은 대단했다. 이런 작품이 또 나오려나.",
    "date": "15.06.24",
    "rating": "8",
    "author": "iya1****",
    "review_id": "10030689",
    "movie_id": "20308"
  },
  {
    "review": "전설적인 작품이지 ㅋㅋㅋ 만화책도 전설 . 기가막히다 진짜",
    "date": "15.05.30",
    "rating": "10",
    "author": "park****",
    "review_id": "9963495",
    "movie_id": "20308"
  },
  {
    "review": "걍 느낌(이미지)으로 만들어진 애니메이션..",
    "date": "15.05.13",
    "rating": "7",
    "author": "chba****",
    "review_id": "9914665",
    "movie_id": "20308"
  },
  {
    "review": "현대사회의 시대정신을 완벽하게 해석한 작품.",
    "date": "15.05.04",
    "rating": "8",
    "author": "kjma****",
    "review_id": "9893902",
    "movie_id": "20308"
  },
  {
    "review": "어렸을때 봤을땐 뭔내용인지도 모르겠고 재미없었는데 커서 다시보니까 진짜 재밌네.. 시간가는줄모르고 봤다. 88년도에 저정도의 완성도라니 대단해",
    "date": "15.05.02",
    "rating": "10",
    "author": "rhwl****",
    "review_id": "9887049",
    "movie_id": "20308"
  },
  {
    "review": "말이필요없네요 강추에요",
    "date": "15.04.29",
    "rating": "10",
    "author": "powe****",
    "review_id": "9877766",
    "movie_id": "20308"
  },
  {
    "review": "테츠오라는 캐릭터가 가진 매력말고는  전체적으로 뭘 원하는지를 모르겠는 애니메이션",
    "date": "15.04.29",
    "rating": "5",
    "author": "lsj2****",
    "review_id": "9877408",
    "movie_id": "20308"
  },
  {
    "review": "취향을 너무 탄다 해야 하나...개인적으로 정말 지겹게 봤다...오로지 반가운건 지금 이시대에 질들어버린 컴퓨터에 의존한 애니퀄과다른 옛날 그 경이로운 애니의 퀄을 볼수 있었던것뿐..내용이 지나치게 심오하기만하고 지겨움만 안겨준다...개인취향 여운없음",
    "date": "15.04.21",
    "rating": "3",
    "author": "dnfl****",
    "review_id": "9856199",
    "movie_id": "20308"
  },
  {
    "review": "이게 1988작품이라고? 말이되냐? 30년이 지난 지금의 애니보다 모든면에서 우월한데? 말이되노",
    "date": "15.04.11",
    "rating": "10",
    "author": "doos****",
    "review_id": "9840452",
    "movie_id": "20308"
  },
  {
    "review": "아키라는 전세계와 전세대를 통털어 최고의 작품이다. 실사영화가 나온다하더라도 이 작품을 넘어설순없다.",
    "date": "15.03.29",
    "rating": "10",
    "author": "hsh6****",
    "review_id": "9814312",
    "movie_id": "20308"
  },
  {
    "review": "일본 버블경제와 애니메이션이 만나면 어떤작품이 나오는지 똑똑히 알게해줌.. 영화 스토리나 철학적인 의미를 다떠나서 영상만으로도 명작이다.. 지금 나오는 애니들도 아키라 못따라간다",
    "date": "15.03.29",
    "rating": "10",
    "author": "asdf****",
    "review_id": "9813594",
    "movie_id": "20308"
  },
  {
    "review": "설명이 필요한 작품인가?? 그야말로 획기적이고 혁명적인 최고걸작인데...원작만화책은 당시 모든 만화가들이 이 아키라를 책꽂이에 전부다 일본판으로 구해다 놓을정도로 교과서였지...",
    "date": "15.03.22",
    "rating": "10",
    "author": "merm****",
    "review_id": "9799366",
    "movie_id": "20308"
  },
  {
    "review": "이젠 이런 프레임의 애니메이션을 볼 날도 없다.",
    "date": "15.03.16",
    "rating": "7",
    "author": "24th****",
    "review_id": "9787609",
    "movie_id": "20308"
  },
  {
    "review": "원작 만화랑 완전히 다른 내용.. 보는내내 실망스러웠다",
    "date": "15.02.20",
    "rating": "1",
    "author": "inst****",
    "review_id": "9717327",
    "movie_id": "20308"
  },
  {
    "review": "잠깐,  이게  88년작이라고?",
    "date": "15.02.13",
    "rating": "10",
    "author": "dydt****",
    "review_id": "9692066",
    "movie_id": "20308"
  },
  {
    "review": "내가 이걸 초등학교때 봤는데 (당시 자막도 없었음) .. 그당시 4학년이던 나도 이걸보고 몇일간 정신을 못차릴정도로 전율을 느꼈다..이해안된다는 사람들은 반성해라ㅋ 고등학교때 한참 애들이 에바 에바 열풍이였는데 난 이미 충격적인 애니를 본 후라 ..",
    "date": "15.02.07",
    "rating": "10",
    "author": "redr****",
    "review_id": "9676550",
    "movie_id": "20308"
  },
  {
    "review": "난해하다. 우주에 대한 접근. 지극히 개인취향적인 염세적 왜놈 스탈",
    "date": "15.02.07",
    "rating": "5",
    "author": "ador****",
    "review_id": "9674132",
    "movie_id": "20308"
  },
  {
    "review": "초 고퀄리티의 제패니메이션의 정점이란.",
    "date": "15.01.21",
    "rating": "10",
    "author": "zldz****",
    "review_id": "9617257",
    "movie_id": "20308"
  },
  {
    "review": "도대체 아키라가 뭐인가 하는 흡인력으로 즐기게 만들지만, 무엇을 말하려고 하는지 알 수 없는 작품. 이것저것 말하고 싶은 게 많은 술집의 혼돈스러운 대화 같다. 게다가 캐릭터들 비주얼(?)이 별로임. 매력 없는 외모에 집중력 단절 경험함.",
    "date": "15.01.10",
    "rating": "5",
    "author": "find****",
    "review_id": "9578782",
    "movie_id": "20308"
  },
  {
    "review": "훌륭함....,,,,",
    "date": "15.01.07",
    "rating": "9",
    "author": "heri****",
    "review_id": "9569852",
    "movie_id": "20308"
  },
  {
    "review": "어안이 벙벙하다. 다시 생각해보아도 완전히 이해못할 명작이자괴작.",
    "date": "14.12.27",
    "rating": "9",
    "author": "wjw6****",
    "review_id": "9522776",
    "movie_id": "20308"
  },
  {
    "review": "스토리가 난잡하기 그지없어 다소 실망 액션신도 2% 부족함 극찬받을정도는 아닌듯",
    "date": "14.12.25",
    "rating": "6",
    "author": "gree****",
    "review_id": "9511857",
    "movie_id": "20308"
  },
  {
    "review": "자꾸 고퀄 거리는데, 퀄리티는 높진 않다. 다만 그 분위기와 연출력이 뛰어날 뿌",
    "date": "14.10.31",
    "rating": "8",
    "author": "kweo****",
    "review_id": "9330460",
    "movie_id": "20308"
  },
  {
    "review": "아키라 이후 일본애니는 망했다",
    "date": "14.10.27",
    "rating": "10",
    "author": "tkdy****",
    "review_id": "9322124",
    "movie_id": "20308"
  },
  {
    "review": "그 옛날에 만든 애니메이션 모션이 요즘애니보다 퀼리티가 좋습니다.지브리급 퀼리티.스토리는 원작이 더 재밌지만,모션만으로도 감탄할 2D애니.",
    "date": "14.10.26",
    "rating": "10",
    "author": "haol****",
    "review_id": "9320923",
    "movie_id": "20308"
  },
  {
    "review": "초고퀄+스토리노 나쁘지 않음",
    "date": "14.10.10",
    "rating": "10",
    "author": "qufs****",
    "review_id": "9279812",
    "movie_id": "20308"
  },
  {
    "review": "지금 봐도 어색하지 않고 재미있네요 메시지도 강렬하고",
    "date": "14.09.20",
    "rating": "10",
    "author": "moog****",
    "review_id": "9230004",
    "movie_id": "20308"
  },
  {
    "review": "이게 38년전 작품이라니....매트릭스나 터미네이터 루시등의 상상력은 이미 38년전에  완성된 아키라에서 영감을 얻은듯...",
    "date": "14.09.19",
    "rating": "10",
    "author": "kyha****",
    "review_id": "9225279",
    "movie_id": "20308"
  },
  {
    "review": "잘 만들긴 정말 잘 만들었다",
    "date": "14.09.10",
    "rating": "9",
    "author": "kims****",
    "review_id": "9199356",
    "movie_id": "20308"
  },
  {
    "review": "솔직히 애니메이션만 봐서는 내용이해 안됨. 이해가 안될수밖에 없는게 만화책의 방대한 양을 2시간짜리 영화로 줄였으니 중간에 생략된 내용들도 많고 인물들 특성 같은것도 좀 다름. 개인적으로 만화가 재밌음. 그래도 높은 점수 주는 이유는 눈이 너무 즐거움",
    "date": "14.09.01",
    "rating": "9",
    "author": "biii****",
    "review_id": "9153370",
    "movie_id": "20308"
  },
  {
    "review": "너무유치하네요.. 겨우 끝까지 봤음   심오한 만화 만들고 싶어서 애썼지만..  별로.. 라는 느낌뿐이네요..",
    "date": "14.08.31",
    "rating": "1",
    "author": "boga****",
    "review_id": "9148557",
    "movie_id": "20308"
  },
  {
    "review": "고점수 주는 사람들 보면 이 작품의 내용보단 그냥 작화가 80년대 치고 훌륭했다니 뭐니 비주얼만 논하고 있다. 내용은 처음은 흥미롭게 시작되지만 나중에는 역겹고 허무하게 끝난다. 끝날때 그래서 뭐?  뭘 말하고 싶은건데? 허무주의니 뭐니 부질없는 내용",
    "date": "14.08.24",
    "rating": "5",
    "author": "skdl****",
    "review_id": "9127992",
    "movie_id": "20308"
  },
  {
    "review": "이게 1988년 작품이다. 감독이 또한 만화가인데 원작을 1982년에 연재 시작했다. 이게 믿어지냐? 괜히 아키라가 만화의 교과서고 애니의 교과서가 아니다.",
    "date": "14.08.19",
    "rating": "10",
    "author": "jumo****",
    "review_id": "9110894",
    "movie_id": "20308"
  },
  {
    "review": "80년대 버블경제가 만들어낸 미친애니",
    "date": "14.08.11",
    "rating": "9",
    "author": "minn****",
    "review_id": "9069624",
    "movie_id": "20308"
  },
  {
    "review": "액션영화 인듯... 강력 추천",
    "date": "14.08.11",
    "rating": "10",
    "author": "jupi****",
    "review_id": "9068112",
    "movie_id": "20308"
  },
  {
    "review": "좀 충격적이지 않았나 생각한다",
    "date": "14.06.30",
    "rating": "9",
    "author": "xx41****",
    "review_id": "8870577",
    "movie_id": "20308"
  },
  {
    "review": "댓글 오버가 더 재미있군. 입맛대로 세계관이면 칭송받는 일본 애니란...",
    "date": "14.06.12",
    "rating": "1",
    "author": "pass****",
    "review_id": "8824479",
    "movie_id": "20308"
  },
  {
    "review": "퀄리티에 놀라고 구성에 놀라고  제작년도에 놀라고",
    "date": "14.06.08",
    "rating": "9",
    "author": "nell****",
    "review_id": "8811446",
    "movie_id": "20308"
  },
  {
    "review": "아키라...번역하면 폭풍소년ㅎㅎ",
    "date": "14.05.26",
    "rating": "9",
    "author": "cats****",
    "review_id": "8768568",
    "movie_id": "20308"
  },
  {
    "review": "지금봐도 대단한 작품이죠..",
    "date": "14.04.29",
    "rating": "10",
    "author": "kor1****",
    "review_id": "8682442",
    "movie_id": "20308"
  },
  {
    "review": "애니메이션과 전공인데 우연히 이 애니메이션을 알게되서 보게되었다 내가 태어나기도전에 만들어진 애닌데 그 퀄리티가 장난이아니었다.. 왜 만화가나 애니메이터들에게 교과서같은 존재인지 알게해주는.. 2시간이 전혀따분하지않았다",
    "date": "14.04.28",
    "rating": "9",
    "author": "gnrt****",
    "review_id": "8680652",
    "movie_id": "20308"
  },
  {
    "review": "머리키우고 다시보니 상당히 철학적인  애니였군..",
    "date": "14.04.14",
    "rating": "8",
    "author": "donb****",
    "review_id": "8649864",
    "movie_id": "20308"
  },
  {
    "review": "20세기 작품이다 ..이게 ....",
    "date": "14.04.04",
    "rating": "9",
    "author": "tomb****",
    "review_id": "8626707",
    "movie_id": "20308"
  },
  {
    "review": "일본판 블레이드러너 같다. 시대를 생각하면 퀄리티또한 상당하다.",
    "date": "14.04.02",
    "rating": "9",
    "author": "pils****",
    "review_id": "8624048",
    "movie_id": "20308"
  },
  {
    "review": "왠 그지같은 이야기냐. 그놈의 네오 네오 무슨 일본새끼들은 네오 자를 붙이는 걸 좋아하는 거 같다.",
    "date": "14.04.01",
    "rating": "1",
    "author": "icep****",
    "review_id": "8622458",
    "movie_id": "20308"
  },
  {
    "review": "정말 오래된 애니.. 다중 우주론을 말하고 있네 지금 보니.. 오랜만에 다시 보는 건데 아무튼 대단하네 이런 내용의 애니를 제작할 수 있었다니..",
    "date": "14.04.01",
    "rating": "8",
    "author": "jeeb****",
    "review_id": "8621422",
    "movie_id": "20308"
  },
  {
    "review": "세기말 일본애니의 대표작. 공각기동대가 실존철학의 대중화라면, 아키라는 사회철학의 집대성이다. 탁월한 균형감으로 관객의 이성과 감성마저 균형을 요구한다. 오토모 가츠히로의 끝없는 완벽주의는 마니아에게 추종받는 이유이지만 대중화에 힘든 단점이기도 하다.",
    "date": "14.03.23",
    "rating": "9",
    "author": "dhka****",
    "review_id": "8599843",
    "movie_id": "20308"
  },
  {
    "review": "진짜 이건꼭봐라 애들아",
    "date": "14.03.19",
    "rating": "10",
    "author": "zaz5****",
    "review_id": "8587948",
    "movie_id": "20308"
  },
  {
    "review": "존나 지립니다....",
    "date": "14.03.11",
    "rating": "10",
    "author": "lkle****",
    "review_id": "8568048",
    "movie_id": "20308"
  },
  {
    "review": "...이런걸 보고 예술이라고 하는거다 . 애니메이션으로 예술을 선사하는구나.,. 인정해야겠네",
    "date": "14.02.21",
    "rating": "9",
    "author": "wlsa****",
    "review_id": "8525057",
    "movie_id": "20308"
  },
  {
    "review": "시대를 뛰어넘는 퀄리티",
    "date": "14.02.19",
    "rating": "7",
    "author": "kem1****",
    "review_id": "8521492",
    "movie_id": "20308"
  },
  {
    "review": "거품경제시대의 미친듯한 작화;;",
    "date": "14.01.15",
    "rating": "10",
    "author": "dhee****",
    "review_id": "8385675",
    "movie_id": "20308"
  },
  {
    "review": "글쎄... 헛웃음이 나올정도의 개연성과 마무리짓지 못한 자잘한 떡밥들을 빅뱅이라는 편리한 소재로 다 날려버리는 영화. 영상미하구 음향땜에 6점줌",
    "date": "14.01.02",
    "rating": "6",
    "author": "osho****",
    "review_id": "8337520",
    "movie_id": "20308"
  },
  {
    "review": "스토리, 전개는 식상... 다만 제작 시기를 고려하면 참 잘 만들었다는 생각은 들었다.",
    "date": "13.12.14",
    "rating": "6",
    "author": "01aj****",
    "review_id": "8214322",
    "movie_id": "20308"
  },
  {
    "review": "기술적으로는 지금 영화로 충분히 만들수야 있겠지만,, 잘못하면 영화가 하나 말아먹을 만큼 제작비가 많이 들듯.. 그만큼 대단한 애니인듯..",
    "date": "13.11.07",
    "rating": "10",
    "author": "mj19****",
    "review_id": "8121902",
    "movie_id": "20308"
  },
  {
    "review": "평점이 하두 높아서 꼭 한번 보려고 미뤄둔걸 이제야 봤는데 장면의 섬세함과 잔혹함의 표현은 좋았는데 무엇을 말하려는건지 단순 액션을 원하는 건지 잘 이해가 안된다.",
    "date": "13.10.22",
    "rating": "4",
    "author": "sona****",
    "review_id": "8080119",
    "movie_id": "20308"
  },
  {
    "review": "일본식 사이버 펑크 애니메이션의 시초.",
    "date": "13.10.06",
    "rating": "8",
    "author": "budr****",
    "review_id": "8039638",
    "movie_id": "20308"
  },
  {
    "review": "장~~~~엄한데??",
    "date": "13.09.29",
    "rating": "10",
    "author": "newm****",
    "review_id": "8021722",
    "movie_id": "20308"
  },
  {
    "review": "센징들은 이런거 못만듬",
    "date": "13.09.19",
    "rating": "10",
    "author": "eree****",
    "review_id": "7996954",
    "movie_id": "20308"
  },
  {
    "review": "후쿠시마 원전 붕괴와 방사능으로 오염된 2020년의 도쿄에 대한 미래를 예언하고 있는 소름돋는 작품",
    "date": "13.09.12",
    "rating": "10",
    "author": "djsu****",
    "review_id": "7970187",
    "movie_id": "20308"
  },
  {
    "review": "완벽과 불안정의 경계에 서있는 작품",
    "date": "13.08.28",
    "rating": "10",
    "author": "dpsp****",
    "review_id": "7928817",
    "movie_id": "20308"
  },
  {
    "review": "저패니메이션 최고수준의 걸작, 전복과 순환을 기다리며",
    "date": "13.08.11",
    "rating": "8",
    "author": "supe****",
    "review_id": "7870078",
    "movie_id": "20308"
  },
  {
    "review": "역시 몇몇 일본애니들은 우리의상상력을 부셔버린다니까",
    "date": "13.08.05",
    "rating": "9",
    "author": "k050****",
    "review_id": "7840542",
    "movie_id": "20308"
  },
  {
    "review": "초능력을 사용할때 주변이 박살나는 연출은 드래곤볼에 영향을 주었고, 80년대라는게 믿겨지지 않는 영상미는 오늘날 작품들에까지 막대한 영향을 주었다. 이 영화를 능가하는 작품은 원작 만화 밖에 없다.",
    "date": "13.07.24",
    "rating": "10",
    "author": "jamb****",
    "review_id": "7781614",
    "movie_id": "20308"
  },
  {
    "review": "과장되지 않은 비례와 정교한 묘사, 컷과 컷의 연결, 움직임의 표현 등 여러가지 면에서 애니메이션의 교과서라 불릴만한 치밀함을 갖춘 명작이다",
    "date": "13.07.14",
    "rating": "9",
    "author": "hana****",
    "review_id": "7738159",
    "movie_id": "20308"
  },
  {
    "review": "당시 일본만화는 야하거나 유치한것같은 수준 낮은 것 밖에 없는 줄 알았던 나를 각성시켜 준 작품",
    "date": "13.07.08",
    "rating": "9",
    "author": "wind****",
    "review_id": "7717511",
    "movie_id": "20308"
  },
  {
    "review": "명작이라치면 명작이지만 솔직히 너무 정신이없다. 사건이 빨리빨리진행되다보니 원작을 읽지않았거나했던사람들은 이해가 상당히 어려울수있겠다",
    "date": "13.06.22",
    "rating": "6",
    "author": "bada****",
    "review_id": "7667364",
    "movie_id": "20308"
  },
  {
    "review": "SF 아니메 사상 5대 걸작 혹은 3대 걸작 혹은 최대 걸작. 단, 만화책과의 비교감상은 필수.",
    "date": "13.06.18",
    "rating": "9",
    "author": "paju****",
    "review_id": "7653912",
    "movie_id": "20308"
  },
  {
    "review": "받아들이는 사람에 따라 호불호가 갈리겠지만.. 적어도 OST만큼은 굉장히 특색있고 좋았다. 전통악기?를 이용했다고 하는데 내 취향이었다.",
    "date": "13.05.28",
    "rating": "8",
    "author": "choc****",
    "review_id": "7559228",
    "movie_id": "20308"
  },
  {
    "review": "리뷰로 허세 부리지말어 오덕들아. 재미없어 징그럽기만하고 퀄리티는 앞서가는거 인정하는데 나랑 안맞아",
    "date": "13.05.25",
    "rating": "1",
    "author": "wind****",
    "review_id": "7552968",
    "movie_id": "20308"
  },
  {
    "review": "존나 재미없네 역시 오덕들의 뇌는 정상인과는 다른듯",
    "date": "13.05.18",
    "rating": "5",
    "author": "slwj****",
    "review_id": "7539960",
    "movie_id": "20308"
  },
  {
    "review": "이걸 보고 재미없다고 하신 분들은 일단 영화의 제작년도를 다시 한 번 보시길. 일본 버블경제의 끝자락을 장식한 명작.",
    "date": "13.05.15",
    "rating": "9",
    "author": "over****",
    "review_id": "7528858",
    "movie_id": "20308"
  },
  {
    "review": "무려 내가 태어났던 해에 나왔던 애니메이션..재패니메이션은 얼마나,어디까지 앞서있는걸까",
    "date": "13.05.07",
    "rating": "10",
    "author": "aber****",
    "review_id": "7513489",
    "movie_id": "20308"
  },
  {
    "review": "일단 재미가 없음 더 철학적이고 더 대단하고 재미없는 영화들도 많은데 굳이 애니까지 이런식으로 만들어야겠냐",
    "date": "13.04.23",
    "rating": "1",
    "author": "reim****",
    "review_id": "7477262",
    "movie_id": "20308"
  },
  {
    "review": "쌍팔년도에 이런 퀄리티의 애니라니 허허... 1988년도 미쳤구만..일본 대단하다 진짜..",
    "date": "13.04.19",
    "rating": "9",
    "author": "gusa****",
    "review_id": "7467740",
    "movie_id": "20308"
  },
  {
    "review": "미래의 불편한 진실을 보여주는 사이버펑크 애니메이션 지금 시대가이 애니에서 나오는 것 처럼 흘러가서 더 몰입해서 본 충격의 애니메이션이다.",
    "date": "13.04.13",
    "rating": "10",
    "author": "kant****",
    "review_id": "7456131",
    "movie_id": "20308"
  },
  {
    "review": "디즈니 픽사타령이라니 이게 15년전 작품이란걸 간과한듯.. 그당시 픽사 작품을 보면 볼수가 없을정도임.",
    "date": "13.03.29",
    "rating": "10",
    "author": "rapi****",
    "review_id": "7420744",
    "movie_id": "20308"
  },
  {
    "review": "상상력에의한 선과 색들의 향연. 보는내내 와OO.. 와OO.. 존나대박이다 3마디무한반복",
    "date": "13.03.24",
    "rating": "10",
    "author": "wjwn****",
    "review_id": "7407492",
    "movie_id": "20308"
  },
  {
    "review": "1998년작품이라고한다면 아무리 뒷부분의 디테일이 없어도 8점은 받아야마땅하다",
    "date": "13.02.22",
    "rating": "8",
    "author": "kara****",
    "review_id": "7289949",
    "movie_id": "20308"
  },
  {
    "review": "평점 좋길래 아무 정보 없이 봤는데 보는 내내 지루하고 재미없었음...;;;",
    "date": "13.02.21",
    "rating": "1",
    "author": "noeh****",
    "review_id": "7286721",
    "movie_id": "20308"
  },
  {
    "review": "명작이라고해서 봤는데 그 당시치고 화려하기만하고 난잡하기 그지없다 .",
    "date": "13.02.04",
    "rating": "2",
    "author": "jino****",
    "review_id": "7222971",
    "movie_id": "20308"
  },
  {
    "review": "버블경제의 절정기때 만든 최고의 영화",
    "date": "13.01.23",
    "rating": "10",
    "author": "sora****",
    "review_id": "7160231",
    "movie_id": "20308"
  },
  {
    "review": "블레이드러너 처럼 14년전에 봤을때랑 8년전에 봤을때랑 4년전에 봤을때랑 지금봤을때랑 각각 감상평이 틀려진다. 아무튼 25년이 지난 지금 시점에서 봐도 소히 '후지지'않은 작품이다.",
    "date": "13.01.05",
    "rating": "8",
    "author": "garn****",
    "review_id": "7084435",
    "movie_id": "20308"
  },
  {
    "review": "딱 4점짜리 애니. 밑에 1점주면 무도나 평생 보라는데 니는 애니 볼시간에 칸트 3대 비판서나 때고와라 지 중심적인 놈.",
    "date": "13.01.03",
    "rating": "4",
    "author": "bleu****",
    "review_id": "7079125",
    "movie_id": "20308"
  },
  {
    "review": "애니메이션으로 안보고 만화책으로 봤는데 솔까 무슨재미며 뭘 말하고 싶은건지 모르겠으면 주인공 친구는 밴댕이 소갈딱지같은 성격으로 별 시덥지도 않은이유로 타락해버리는거 보면 참.. 일리단이나 아서스형님들도 킬제덴급이 될수 있었던게 아닌가싶어서 E점줌",
    "date": "12.12.22",
    "rating": "2",
    "author": "nomi****",
    "review_id": "7029305",
    "movie_id": "20308"
  },
  {
    "review": "1점 준 것들은 앞으로 무한도전이나 평생 쳐 보면서 살아라. 니 자식대 손자대까지 쭉~~~",
    "date": "12.12.15",
    "rating": "10",
    "author": "rand****",
    "review_id": "7007267",
    "movie_id": "20308"
  },
  {
    "review": "아... 여자애가 작붕했을 때부터 거라는거 알았어야 했는데!! 그런데 이게 일본풍 사이버펑크의 시초라 하는데... 정말일까?",
    "date": "12.12.14",
    "rating": "10",
    "author": "sum8****",
    "review_id": "7000559",
    "movie_id": "20308"
  },
  {
    "review": "내용 이해 잘 해라 초딩들아...",
    "date": "12.12.07",
    "rating": "10",
    "author": "jaes****",
    "review_id": "6979891",
    "movie_id": "20308"
  },
  {
    "review": "이것이 나름 일본의 힘!!!",
    "date": "12.12.03",
    "rating": "10",
    "author": "spar****",
    "review_id": "6966245",
    "movie_id": "20308"
  },
  {
    "review": "20년도 더 된 작품에 충격을 받다니.",
    "date": "12.10.24",
    "rating": "9",
    "author": "cube****",
    "review_id": "6824167",
    "movie_id": "20308"
  },
  {
    "review": "작화도 좋고 소재나 비주얼도 좋지만 원작의 스토리를 담아내기엔 좀 부족했던듯",
    "date": "12.09.13",
    "rating": "7",
    "author": "qkrq****",
    "review_id": "6693470",
    "movie_id": "20308"
  },
  {
    "review": "대충격 소름 내 가치관을 완전히 뒤흔들어버린 영화..",
    "date": "12.09.07",
    "rating": "10",
    "author": "2nos****",
    "review_id": "6676043",
    "movie_id": "20308"
  },
  {
    "review": "런타임이 2시간이었다는게 신기함 . . . 1시간도 안 된거 같은데 . . . ㅎㅎ 잼있었다 ㅎㅎ",
    "date": "12.09.05",
    "rating": "8",
    "author": "tekk****",
    "review_id": "6671060",
    "movie_id": "20308"
  },
  {
    "review": "말이 필요없는 수작. 최고의 애니매이션이다.",
    "date": "12.08.25",
    "rating": "10",
    "author": "kyo1****",
    "review_id": "6641936",
    "movie_id": "20308"
  }
]