[
  {
    "review": "당시에도 기대치에 밑돌았던 영화...  지금 보면 더 그런..",
    "date": "14.08.02",
    "rating": "4",
    "author": "adiv****",
    "review_id": "9007768",
    "movie_id": "20305"
  },
  {
    "review": "조폭영화중에 최고",
    "date": "11.08.20",
    "rating": "10",
    "author": "0588****",
    "review_id": "5673638",
    "movie_id": "20305"
  },
  {
    "review": "남자라면 죽기전에 꼭 봐야할 10권짜리 대작 소설을 망친 영화. 불쌍해서 5점 준다",
    "date": "10.05.14",
    "rating": "5",
    "author": "gall****",
    "review_id": "4499189",
    "movie_id": "20305"
  },
  {
    "review": "이영화뭐지?",
    "date": "10.03.03",
    "rating": "6",
    "author": "rnjs****",
    "review_id": "4333168",
    "movie_id": "20305"
  },
  {
    "review": "베리굿~",
    "date": "09.04.18",
    "rating": "10",
    "author": "gala****",
    "review_id": "3426812",
    "movie_id": "20305"
  },
  {
    "review": "내가 본 가장 형편 없는 한국영화 베스트 5에 드는 망작.",
    "date": "08.02.08",
    "rating": "1",
    "author": "saew****",
    "review_id": "2420495",
    "movie_id": "20305"
  },
  {
    "review": "제작비의 한계였나... 너무 초라한 세트들...",
    "date": "07.08.07",
    "rating": "8",
    "author": "typo****",
    "review_id": "1895025",
    "movie_id": "20305"
  },
  {
    "review": "그 당시 괜찮았던 영화..",
    "date": "07.04.17",
    "rating": "10",
    "author": "dkrl****",
    "review_id": "1592773",
    "movie_id": "20305"
  },
  {
    "review": "원판을 보고 싶어요",
    "date": "06.09.05",
    "rating": "10",
    "author": "zeed****",
    "review_id": "1103748",
    "movie_id": "20305"
  },
  {
    "review": "어이없는 가위질에 완전 딴판이 되어버린 영화ㅜ.ㅜ",
    "date": "06.03.30",
    "rating": "6",
    "author": "taks****",
    "review_id": "741888",
    "movie_id": "20305"
  },
  {
    "review": "바다. 삶. 우정을 갈라놓은 가위질. 원판이 그리운 영화.",
    "date": "05.12.10",
    "rating": "4",
    "author": "tara****",
    "review_id": "499378",
    "movie_id": "20305"
  },
  {
    "review": "90년중반을달려나가지만80년대후반을달려가는연출력",
    "date": "05.10.26",
    "rating": "5",
    "author": "izzo****",
    "review_id": "455283",
    "movie_id": "20305"
  }
]