[
  {
    "review": "옛날추억이 나는군요. 천호진 허준호 연기 멋졌다. 표임봉도 나왔다니. ㅋㅋㅋ",
    "date": "13.01.20",
    "rating": "10",
    "author": "gary****",
    "review_id": "7138857",
    "movie_id": "20302"
  },
  {
    "review": "이 영화가 이규형감독 데뷔작임.., 청춘스케치가 87년... 평점 맞추려 고득점 부여~",
    "date": "12.10.28",
    "rating": "10",
    "author": "mole****",
    "review_id": "6832220",
    "movie_id": "20302"
  },
  {
    "review": "흐엌 이게 모야",
    "date": "08.01.21",
    "rating": "1",
    "author": "evil****",
    "review_id": "2353595",
    "movie_id": "20302"
  },
  {
    "review": "전편의 흥행을 이어 갈려고 만드렁ㅆ던 황당무개하기 짝이 없는 영화.",
    "date": "07.03.06",
    "rating": "2",
    "author": "salm****",
    "review_id": "1521112",
    "movie_id": "20302"
  }
]