[
  {
    "review": "우리것.을 알자 .옛것을찾자 하면서 우리옛 호러 영화를 기억해야 될것같아요.티비에도한번씩 방영도해주면추익이 살아날것 같아요출연자분도궁금합니다예전에본기석스론 재미 있엇어요ㅎ",
    "date": "14.09.12",
    "rating": "10",
    "author": "leei****",
    "review_id": "9206214",
    "movie_id": "20301"
  },
  {
    "review": "젭알 DVD 출시좀 합시다. 외국은 고전영화 즐비하게 출시되는데, 울나라는???",
    "date": "12.06.25",
    "rating": "8",
    "author": "medu****",
    "review_id": "6414434",
    "movie_id": "20301"
  },
  {
    "review": "호러영화중 역사이야기로서영화계에서존귀하게보관되어야할작품이냇같습니다",
    "date": "11.12.22",
    "rating": "10",
    "author": "leei****",
    "review_id": "5921009",
    "movie_id": "20301"
  }
]