[
  {
    "review": "정말 당시 수준으론 잘만들었네용...ㅋ",
    "date": "14.05.14",
    "rating": "9",
    "author": "mirj****",
    "review_id": "8730623",
    "movie_id": "20303"
  },
  {
    "review": "아놔 미달이 아빠 우연희하고 내 이럴줄 알았어",
    "date": "08.11.10",
    "rating": "10",
    "author": "hero****",
    "review_id": "3044357",
    "movie_id": "20303"
  },
  {
    "review": "당시 사회의 거울. 팬덤 만점.",
    "date": "07.11.20",
    "rating": "10",
    "author": "some****",
    "review_id": "2168444",
    "movie_id": "20303"
  },
  {
    "review": "한국영화에 호스티스들이 많이 나왔었군",
    "date": "06.08.03",
    "rating": "10",
    "author": "zeed****",
    "review_id": "959367",
    "movie_id": "20303"
  }
]