[
  {
    "review": "영화 역사상 가장 위대한 막장 드라마",
    "date": "15.07.12",
    "rating": "10",
    "author": "hoon****",
    "review_id": "10095069",
    "movie_id": "20325"
  },
  {
    "review": "미장센의 교본이 될 만.",
    "date": "15.06.10",
    "rating": "6",
    "author": "tear****",
    "review_id": "9988627",
    "movie_id": "20325"
  },
  {
    "review": "아무도 지킬 생각도 없는 번들어진 규범과 규칙 따위가 대체 무슨 소용이 있나. 다들 기품있고 우아한 척 하지만 기실은 상-놈들이랑 하등 다를 바 없던 우리의 잘나신 나으리들이여. 영화의 모든 것을 장악하고 통제해낸 위대한 르누아르에게 경배를!",
    "date": "15.04.11",
    "rating": "10",
    "author": "cksn****",
    "review_id": "9840838",
    "movie_id": "20325"
  },
  {
    "review": "당황스럽군. 왜 이 영화가 그토록 찬사를 받는지 모르겠다.",
    "date": "14.02.13",
    "rating": "5",
    "author": "ykdi****",
    "review_id": "8505012",
    "movie_id": "20325"
  },
  {
    "review": "장르누아르의 불후의 명작",
    "date": "13.05.12",
    "rating": "10",
    "author": "chun****",
    "review_id": "7525210",
    "movie_id": "20325"
  },
  {
    "review": "그들만의 게임...그리고 규칙...그리고 그 안의 피해자...",
    "date": "13.02.12",
    "rating": "9",
    "author": "yorr****",
    "review_id": "7254283",
    "movie_id": "20325"
  },
  {
    "review": "단하나의 영화만 고르라면 이 영화를 고르겠다.",
    "date": "12.10.29",
    "rating": "10",
    "author": "smil****",
    "review_id": "6835316",
    "movie_id": "20325"
  },
  {
    "review": "아우 산만해. 여주인공은 늙고 매력없고...",
    "date": "11.06.29",
    "rating": "1",
    "author": "icec****",
    "review_id": "5507541",
    "movie_id": "20325"
  },
  {
    "review": "당시에는 모르겠으나 오늘날은 시대의 흐름을 이겨냈을까?",
    "date": "10.09.14",
    "rating": "6",
    "author": "davi****",
    "review_id": "4835661",
    "movie_id": "20325"
  },
  {
    "review": "볼수록 감탄하고 또 엄청나게 재밌는 작품 장면장면이 다 환상적이다 위대한 영화",
    "date": "10.05.16",
    "rating": "1",
    "author": "gong****",
    "review_id": "4503404",
    "movie_id": "20325"
  },
  {
    "review": "당시에 이런 영화를 만들었다는 다는 것에 대해 놀라울 따름!!!",
    "date": "09.12.27",
    "rating": "10",
    "author": "jjyn****",
    "review_id": "4093789",
    "movie_id": "20325"
  },
  {
    "review": "얽히고 섥힌 러브게임.",
    "date": "09.08.16",
    "rating": "6",
    "author": "tubt****",
    "review_id": "3754127",
    "movie_id": "20325"
  },
  {
    "review": "우아하다",
    "date": "09.07.12",
    "rating": "8",
    "author": "tjsd****",
    "review_id": "3627108",
    "movie_id": "20325"
  },
  {
    "review": "10점은 바로 이 영화를 위해 존재한다.",
    "date": "09.04.01",
    "rating": "10",
    "author": "lay7****",
    "review_id": "3399437",
    "movie_id": "20325"
  },
  {
    "review": "귀족사회를 풍자한다고 하는데 70년이 지난 요즘에는 전혀 와닿지 않는 영화",
    "date": "09.02.11",
    "rating": "1",
    "author": "pola****",
    "review_id": "3295573",
    "movie_id": "20325"
  },
  {
    "review": "상류사회를 풍자한다곤 하지만 무언가 모호함. 잘 납득이 되지 않는 주인공들.",
    "date": "09.01.16",
    "rating": "5",
    "author": "ghdl****",
    "review_id": "3225711",
    "movie_id": "20325"
  },
  {
    "review": "당시의 시대상을 반추해보면 의미가 깊어질 듯 하지만 아직 잘 모르겠다.",
    "date": "09.01.01",
    "rating": "8",
    "author": "kusa****",
    "review_id": "3175724",
    "movie_id": "20325"
  },
  {
    "review": "명불허전",
    "date": "08.07.04",
    "rating": "8",
    "author": "erhe****",
    "review_id": "2739334",
    "movie_id": "20325"
  },
  {
    "review": "프랑스어를 알고보든가 몇번더보든가.그래서 최고라고는못하겠음",
    "date": "08.05.26",
    "rating": "7",
    "author": "dma9****",
    "review_id": "2665320",
    "movie_id": "20325"
  },
  {
    "review": "등장인물들의 복잡하고 어수선한 관계, 정신없는 행동들... 다소 억지스러운 설정...",
    "date": "08.05.26",
    "rating": "7",
    "author": "sioh****",
    "review_id": "2665173",
    "movie_id": "20325"
  },
  {
    "review": "그의 최대의 걸작이라하기에는 초반에 너무지루한데- ㅜ",
    "date": "08.04.27",
    "rating": "7",
    "author": "tmlm****",
    "review_id": "2600871",
    "movie_id": "20325"
  },
  {
    "review": "유쾌한 영화. 유머스럽고 재밌었다.",
    "date": "08.02.18",
    "rating": "8",
    "author": "coal****",
    "review_id": "2457701",
    "movie_id": "20325"
  },
  {
    "review": "감독의 유머러스한 면이 보이긴 했지만 너무 꼬았다...",
    "date": "08.02.06",
    "rating": "6",
    "author": "yass****",
    "review_id": "2414273",
    "movie_id": "20325"
  },
  {
    "review": "끝까지 보기가 너무 힘들었다. 미쟝센의 총체적 집합이라...",
    "date": "07.03.30",
    "rating": "6",
    "author": "king****",
    "review_id": "1562519",
    "movie_id": "20325"
  },
  {
    "review": "인생의 규율을 어기면 가차없이 추방당하는 냉정한 게임",
    "date": "07.03.15",
    "rating": "10",
    "author": "oklo****",
    "review_id": "1534675",
    "movie_id": "20325"
  },
  {
    "review": "규칙없는 게임의 결과",
    "date": "07.01.11",
    "rating": "7",
    "author": "krpa****",
    "review_id": "1373570",
    "movie_id": "20325"
  },
  {
    "review": "섞일수 없음.......",
    "date": "06.12.27",
    "rating": "8",
    "author": "dela****",
    "review_id": "1332898",
    "movie_id": "20325"
  },
  {
    "review": "당신들의 로맨스는 우리의 은근한 구경거리. 뒷담화라네.",
    "date": "06.09.27",
    "rating": "8",
    "author": "hadl****",
    "review_id": "1145330",
    "movie_id": "20325"
  },
  {
    "review": "겉을 보여주고 속을 이야기 하는 능력",
    "date": "06.01.30",
    "rating": "9",
    "author": "palm****",
    "review_id": "632208",
    "movie_id": "20325"
  },
  {
    "review": "'인생은 멈추어 있지 않고 항상 흐른다' -",
    "date": "05.07.30",
    "rating": "10",
    "author": "leeh****",
    "review_id": "341133",
    "movie_id": "20325"
  },
  {
    "review": "배우들의 즉흥연기는 가히 뛰어나다",
    "date": "05.07.30",
    "rating": "10",
    "author": "lhcg****",
    "review_id": "341126",
    "movie_id": "20325"
  },
  {
    "review": "게임의 규칙을 모르거나 혹 지키지 않는 인간에겐 죽음뿐...",
    "date": "05.06.09",
    "rating": "7",
    "author": "ccsy****",
    "review_id": "296654",
    "movie_id": "20325"
  },
  {
    "review": "'무의미'한 사건의 나열.",
    "date": "05.02.05",
    "rating": "4",
    "author": "dio3****",
    "review_id": "208562",
    "movie_id": "20325"
  }
]