[
  {
    "review": "볼만하다 존웨인의 남성미를 느낄수있다",
    "date": "15.06.30",
    "rating": "7",
    "author": "kan3****",
    "review_id": "10056634",
    "movie_id": "20324"
  },
  {
    "review": "존 포드 특유의 원주민들을 왜곡 하는 연출이 많지만  반대로 백인들을 비판하는 내용도 많다. 존웨인이 절대자로서 모든 걸 해결하던 이전 영화들과 달리 존웨인은 잘못된 선택도 하고 자신의 결정을 번복하는 모습도 많이 보여주는 것도 신선하다.",
    "date": "15.06.29",
    "rating": "6",
    "author": "inos****",
    "review_id": "10053357",
    "movie_id": "20324"
  },
  {
    "review": "별점 2개 반점 준 초딩은 누구냐?이 영화는 인종주의를 옹호하는 정통 서부극이 아니라 인디언을 비판어린 시각으로 보는 백인을 비판적인 시각으로 보는 수정주의 서부극이다. 알지도 모르면서 이 영화를 함부로 평가하지 마라 초딩들아",
    "date": "15.04.04",
    "rating": "10",
    "author": "rhkd****",
    "review_id": "9826329",
    "movie_id": "20324"
  },
  {
    "review": "인종주의는 존포드의 한계",
    "date": "15.03.30",
    "rating": "5",
    "author": "rd72****",
    "review_id": "9817685",
    "movie_id": "20324"
  }
]