[
  {
    "review": "이제 70년간에 공산주의는 한나라만 제외하고 없어지고.북한은 언제 공산주의를 포기할까요?",
    "date": "14.03.24",
    "rating": "8",
    "author": "clie****",
    "review_id": "8603703",
    "movie_id": "20345"
  },
  {
    "review": "40년전 영화라니 놀랍다.",
    "date": "08.09.05",
    "rating": "6",
    "author": "leh0****",
    "review_id": "2923159",
    "movie_id": "20345"
  },
  {
    "review": "사회의비극,슬픔.그러나 사랑이 제일이라...^^",
    "date": "08.06.26",
    "rating": "7",
    "author": "napo****",
    "review_id": "2721011",
    "movie_id": "20345"
  },
  {
    "review": "좋아...",
    "date": "08.02.27",
    "rating": "8",
    "author": "band****",
    "review_id": "2487470",
    "movie_id": "20345"
  },
  {
    "review": "웃기도 하고 울기도 하는 것이지.",
    "date": "08.01.04",
    "rating": "10",
    "author": "fram****",
    "review_id": "2295736",
    "movie_id": "20345"
  },
  {
    "review": "새들이여 언젠가는 날으리.풍자와 비판속에 삶의 긍정과 희망을 길어 올린다.",
    "date": "07.06.19",
    "rating": "8",
    "author": "hadl****",
    "review_id": "1710003",
    "movie_id": "20345"
  },
  {
    "review": "'내 자신을 발견하는 일'과 '욕망에 충실한 자유의 갈망'을 미소로 환기시킨다",
    "date": "07.06.08",
    "rating": "10",
    "author": "donj****",
    "review_id": "1690510",
    "movie_id": "20345"
  },
  {
    "review": "가까이서 본 기차보다 훨 못함",
    "date": "07.06.04",
    "rating": "6",
    "author": "tolb****",
    "review_id": "1681514",
    "movie_id": "20345"
  },
  {
    "review": "미안하지만...정치성 때문에 주목받은 듯 하다.",
    "date": "07.05.24",
    "rating": "7",
    "author": "cath****",
    "review_id": "1657655",
    "movie_id": "20345"
  },
  {
    "review": "'이리 멘젤' 감독의 영화를 볼 수 있다는 것은 기적같은 행운이다.",
    "date": "07.05.21",
    "rating": "10",
    "author": "pols****",
    "review_id": "1649200",
    "movie_id": "20345"
  },
  {
    "review": "사랑은 위대해",
    "date": "07.05.20",
    "rating": "8",
    "author": "chib****",
    "review_id": "1648741",
    "movie_id": "20345"
  },
  {
    "review": "별 10개라 놀랬네...",
    "date": "07.05.11",
    "rating": "7",
    "author": "aqaa****",
    "review_id": "1632019",
    "movie_id": "20345"
  },
  {
    "review": "꼭 보아야할 영화!",
    "date": "07.05.09",
    "rating": "10",
    "author": "6232****",
    "review_id": "1629445",
    "movie_id": "20345"
  }
]