[
  {
    "review": "믿고보는 헐리웃 영화 믿고보는 일본 애니 이게 공식이 아닐까??이 작품은 역사에 길이 남을 작품이라고 말하고 싶다!",
    "date": "15.05.18",
    "rating": "10",
    "author": "ske4****",
    "review_id": "9928814",
    "movie_id": "20369"
  },
  {
    "review": "최고입니다! 이런 고퀄애니 처음입니다!",
    "date": "15.05.14",
    "rating": "10",
    "author": "tjdl****",
    "review_id": "9916005",
    "movie_id": "20369"
  },
  {
    "review": "말이 필요 없는, 애니메이션의 최고봉.",
    "date": "15.05.04",
    "rating": "10",
    "author": "shin****",
    "review_id": "9894277",
    "movie_id": "20369"
  },
  {
    "review": "일요일아침을 행복하게 해준 명작만화",
    "date": "15.02.21",
    "rating": "9",
    "author": "adiv****",
    "review_id": "9721032",
    "movie_id": "20369"
  },
  {
    "review": "삶이란 이름의 슬픈 여행",
    "date": "14.11.21",
    "rating": "10",
    "author": "last****",
    "review_id": "9407624",
    "movie_id": "20369"
  },
  {
    "review": "감히 애니메이션의 처음과 끝 이라고 말해봅니다~! ^^* 최고입니다!!!",
    "date": "14.08.29",
    "rating": "10",
    "author": "alte****",
    "review_id": "9142684",
    "movie_id": "20369"
  },
  {
    "review": "끝없이달리는기차.끝은어디일까.",
    "date": "14.06.04",
    "rating": "10",
    "author": "chlg****",
    "review_id": "8792591",
    "movie_id": "20369"
  },
  {
    "review": "평점이 10점이 최고인게 아쉬울 정도의 애니메이션. 진짜 재밌게 봤는데... 그 당시엔 어려서 속 뜻을 몰랐지만 사회비판적인 내용도 많고. 무엇보다 메텔은 만인의 이상형이었지.",
    "date": "13.12.05",
    "rating": "10",
    "author": "rnqh****",
    "review_id": "8190350",
    "movie_id": "20369"
  },
  {
    "review": "철이가 아니라 테츠로다 !!",
    "date": "13.11.17",
    "rating": "10",
    "author": "eree****",
    "review_id": "8146411",
    "movie_id": "20369"
  },
  {
    "review": "추억이네...",
    "date": "13.08.24",
    "rating": "10",
    "author": "cjfw****",
    "review_id": "7917936",
    "movie_id": "20369"
  },
  {
    "review": "명작 , 마지막 편은 언제나 눈물남 ㅠ.ㅠ",
    "date": "13.02.11",
    "rating": "10",
    "author": "past****",
    "review_id": "7253841",
    "movie_id": "20369"
  },
  {
    "review": "철이와 메텔. 말이 필요 없는 명작 애니메이션",
    "date": "12.10.23",
    "rating": "10",
    "author": "hana****",
    "review_id": "6823432",
    "movie_id": "20369"
  },
  {
    "review": "우리 아빠가 어렸을때 제일 재밌게 봤던 애니랬음ㅋ",
    "date": "12.05.26",
    "rating": "10",
    "author": "kimy****",
    "review_id": "6335428",
    "movie_id": "20369"
  },
  {
    "review": "안녕 메텔, 안녕 은하철도 999, 안녕 내 젊은날의 환영이여..",
    "date": "12.03.03",
    "rating": "10",
    "author": "sylp****",
    "review_id": "6120198",
    "movie_id": "20369"
  },
  {
    "review": "[No.1] 최고의 만화",
    "date": "12.02.18",
    "rating": "9",
    "author": "aqsd****",
    "review_id": "6083835",
    "movie_id": "20369"
  },
  {
    "review": "그 노래와 메텔의 눈동자는 시간이 갈수록 더욱 선명해진다.",
    "date": "11.12.30",
    "rating": "10",
    "author": "kos4****",
    "review_id": "5948556",
    "movie_id": "20369"
  },
  {
    "review": "영원한 남자들의 로망 메텔",
    "date": "11.05.19",
    "rating": "10",
    "author": "edwa****",
    "review_id": "5436564",
    "movie_id": "20369"
  },
  {
    "review": "애니 속의 철학적 사유.",
    "date": "11.03.03",
    "rating": "10",
    "author": "rlad****",
    "review_id": "5291403",
    "movie_id": "20369"
  },
  {
    "review": "이건 어린이용만화가 아니다 철학이 담긴 어려운 만화 너무 훌륭하다",
    "date": "10.09.30",
    "rating": "9",
    "author": "thra****",
    "review_id": "4876556",
    "movie_id": "20369"
  },
  {
    "review": "TV시리즈 애니메이션으로선, 단 1초의 망설임도 없이 '역대최고'라 꼽을 수 있다!!",
    "date": "10.07.29",
    "rating": "10",
    "author": "mygr****",
    "review_id": "4681459",
    "movie_id": "20369"
  },
  {
    "review": "명작중의 명작",
    "date": "09.12.02",
    "rating": "10",
    "author": "jspa****",
    "review_id": "4008671",
    "movie_id": "20369"
  },
  {
    "review": "작품성과 재미와 감동을 고루 갖춘 시대의 걸작",
    "date": "09.11.18",
    "rating": "10",
    "author": "gall****",
    "review_id": "3974682",
    "movie_id": "20369"
  },
  {
    "review": "모든 에피소드를 통해 인생에 대한 의미심장함을 던져 주었던 작품",
    "date": "09.10.06",
    "rating": "10",
    "author": "yes2****",
    "review_id": "3877193",
    "movie_id": "20369"
  },
  {
    "review": "세기말적인 ...",
    "date": "09.09.15",
    "rating": "10",
    "author": "tkda****",
    "review_id": "3832832",
    "movie_id": "20369"
  },
  {
    "review": "이거안보면후회해여",
    "date": "09.06.13",
    "rating": "10",
    "author": "gyle****",
    "review_id": "3562114",
    "movie_id": "20369"
  },
  {
    "review": "재밌지만 어렸을때는 이해가잘되지않았음",
    "date": "09.05.07",
    "rating": "10",
    "author": "wwro****",
    "review_id": "3477034",
    "movie_id": "20369"
  },
  {
    "review": "안보면 후회합니다.ㅋㅎ데츠로의 추억~",
    "date": "09.01.26",
    "rating": "10",
    "author": "lswl****",
    "review_id": "3252564",
    "movie_id": "20369"
  },
  {
    "review": "이건대작임",
    "date": "08.12.04",
    "rating": "10",
    "author": "rhkd****",
    "review_id": "3090246",
    "movie_id": "20369"
  },
  {
    "review": "요즘 쓰레기같은 애니매이션들과는 비교가 안되는 명작",
    "date": "08.11.28",
    "rating": "10",
    "author": "i971****",
    "review_id": "3078110",
    "movie_id": "20369"
  },
  {
    "review": "정말 은하철도999같다.",
    "date": "08.11.08",
    "rating": "10",
    "author": "oh99****",
    "review_id": "3040323",
    "movie_id": "20369"
  },
  {
    "review": "메텔 짱",
    "date": "08.10.16",
    "rating": "9",
    "author": "seun****",
    "review_id": "3001827",
    "movie_id": "20369"
  },
  {
    "review": "눈물나도록 아름답고 시적인 애니메이션.이것은 한편의 대하서사시이다",
    "date": "08.05.06",
    "rating": "10",
    "author": "baks****",
    "review_id": "2620146",
    "movie_id": "20369"
  },
  {
    "review": "메텔과 함께라면 어딘들 못가리. 영원히 가질 수 없을 것 같은 저 먼 눈동자.",
    "date": "08.04.08",
    "rating": "10",
    "author": "bepl****",
    "review_id": "2568082",
    "movie_id": "20369"
  },
  {
    "review": "최고란 말로도 부족한 최고의 만화",
    "date": "07.12.08",
    "rating": "10",
    "author": "qoo0****",
    "review_id": "2215438",
    "movie_id": "20369"
  },
  {
    "review": "일요일 아침마다 일어나서 봤던 기억이 주제가 짱",
    "date": "07.10.26",
    "rating": "10",
    "author": "neoc****",
    "review_id": "2112550",
    "movie_id": "20369"
  },
  {
    "review": "짱",
    "date": "07.09.06",
    "rating": "10",
    "author": "lhs9****",
    "review_id": "2004676",
    "movie_id": "20369"
  },
  {
    "review": "보니까 참 재밌다",
    "date": "07.09.03",
    "rating": "1",
    "author": "tkda****",
    "review_id": "1999737",
    "movie_id": "20369"
  },
  {
    "review": "당시에 직접 시청하지 않은 사람은 이 만화의 감동을 알기 어렵다..",
    "date": "07.08.31",
    "rating": "10",
    "author": "skat****",
    "review_id": "1991151",
    "movie_id": "20369"
  },
  {
    "review": "추억을 넘은 철학.",
    "date": "07.08.26",
    "rating": "10",
    "author": "cesi****",
    "review_id": "1979777",
    "movie_id": "20369"
  },
  {
    "review": "삶에 대한 철학을 알려줬던 애니.. 메텔의 청년들의 영원한 로망 ^^",
    "date": "07.08.24",
    "rating": "10",
    "author": "soov****",
    "review_id": "1974729",
    "movie_id": "20369"
  },
  {
    "review": "추억중의 추억이져~~",
    "date": "07.08.07",
    "rating": "10",
    "author": "wooj****",
    "review_id": "1896689",
    "movie_id": "20369"
  },
  {
    "review": "영원히 있어지지 않을 명작",
    "date": "07.06.16",
    "rating": "10",
    "author": "dhsd****",
    "review_id": "1703314",
    "movie_id": "20369"
  },
  {
    "review": "매주 일요일 아침을 기다린 작품",
    "date": "07.06.08",
    "rating": "10",
    "author": "deff****",
    "review_id": "1689852",
    "movie_id": "20369"
  },
  {
    "review": "이 작품도 추억이지 않은가....",
    "date": "07.04.09",
    "rating": "10",
    "author": "nala****",
    "review_id": "1579595",
    "movie_id": "20369"
  },
  {
    "review": "지금봐도 작화 스토리가 전혀 촌스럽지가 않다는게 대단!!",
    "date": "07.03.19",
    "rating": "10",
    "author": "mg08****",
    "review_id": "1542334",
    "movie_id": "20369"
  },
  {
    "review": "은하철도 999 슬픈추억 ,",
    "date": "07.03.12",
    "rating": "10",
    "author": "smdd****",
    "review_id": "1531560",
    "movie_id": "20369"
  },
  {
    "review": "은하철도 999 정말이지 그립군요 ,",
    "date": "07.03.12",
    "rating": "10",
    "author": "smdd****",
    "review_id": "1531559",
    "movie_id": "20369"
  },
  {
    "review": "이렇게 잘만들어진 에니메이션은 처음 전편이다 훌륭하다",
    "date": "07.03.09",
    "rating": "10",
    "author": "thek****",
    "review_id": "1525089",
    "movie_id": "20369"
  },
  {
    "review": "아주 좋다",
    "date": "07.02.08",
    "rating": "10",
    "author": "sg03****",
    "review_id": "1455009",
    "movie_id": "20369"
  },
  {
    "review": "추억이자 현재.. 그리고 미래..",
    "date": "06.12.22",
    "rating": "10",
    "author": "mkh1****",
    "review_id": "1312814",
    "movie_id": "20369"
  },
  {
    "review": "난 비밥의 팬이지만 비밥은 따라올 수 없는 차원의 애니메이션.",
    "date": "06.11.05",
    "rating": "10",
    "author": "funn****",
    "review_id": "1217286",
    "movie_id": "20369"
  },
  {
    "review": "많은생각을가지게했던 뜻깊고도슬프고아름다운만화",
    "date": "06.11.01",
    "rating": "9",
    "author": "luvs****",
    "review_id": "1209853",
    "movie_id": "20369"
  },
  {
    "review": "매회마다 심오한 의미가 담겨 있어서 좋다",
    "date": "06.09.18",
    "rating": "8",
    "author": "okjo****",
    "review_id": "1131419",
    "movie_id": "20369"
  },
  {
    "review": "정말심오한내용을담은만화...왠만한영화보다더뛰어난걸작",
    "date": "06.08.13",
    "rating": "10",
    "author": "reki****",
    "review_id": "1023545",
    "movie_id": "20369"
  },
  {
    "review": "우주선장 하록, 은하철도 999 정말 대작이다.",
    "date": "06.06.24",
    "rating": "10",
    "author": "emin****",
    "review_id": "855833",
    "movie_id": "20369"
  },
  {
    "review": "서른이 다되는 나에게 아직까지 환상속을 여행하도록 해준다",
    "date": "06.04.07",
    "rating": "10",
    "author": "haka****",
    "review_id": "751843",
    "movie_id": "20369"
  },
  {
    "review": "감동깊다 특히 노래",
    "date": "06.03.29",
    "rating": "10",
    "author": "dlsg****",
    "review_id": "740345",
    "movie_id": "20369"
  },
  {
    "review": "우주공간을 가로지르는 기차를 볼때마다 설렌다",
    "date": "06.03.23",
    "rating": "8",
    "author": "blue****",
    "review_id": "728811",
    "movie_id": "20369"
  },
  {
    "review": "그립다",
    "date": "06.03.12",
    "rating": "10",
    "author": "sj76****",
    "review_id": "713059",
    "movie_id": "20369"
  },
  {
    "review": "명작이며대작",
    "date": "06.03.05",
    "rating": "10",
    "author": "lmh0****",
    "review_id": "705909",
    "movie_id": "20369"
  },
  {
    "review": "너무그립고잼있었는뎅 ㅠㅠ",
    "date": "06.02.21",
    "rating": "10",
    "author": "dldu****",
    "review_id": "683933",
    "movie_id": "20369"
  },
  {
    "review": "말이 필요 없는 최고의... ^^",
    "date": "06.02.11",
    "rating": "10",
    "author": "phan****",
    "review_id": "661529",
    "movie_id": "20369"
  },
  {
    "review": "말이 필요 없음 최고",
    "date": "06.02.05",
    "rating": "10",
    "author": "szcl****",
    "review_id": "648335",
    "movie_id": "20369"
  },
  {
    "review": "우리나라의 만화에 대한 편견을 뒤집어줄수 있는 수준의 작품",
    "date": "06.02.05",
    "rating": "10",
    "author": "taku****",
    "review_id": "648302",
    "movie_id": "20369"
  },
  {
    "review": "지금 생각해보면 애들보는 영화가 아니었던...상당한 수작",
    "date": "06.02.01",
    "rating": "9",
    "author": "poli****",
    "review_id": "639626",
    "movie_id": "20369"
  },
  {
    "review": "무조건잼잇어요",
    "date": "06.01.31",
    "rating": "10",
    "author": "lees****",
    "review_id": "636759",
    "movie_id": "20369"
  },
  {
    "review": "정말 많은것을 생각하게 해준 ;ㅁ;",
    "date": "06.01.25",
    "rating": "9",
    "author": "acuc****",
    "review_id": "619129",
    "movie_id": "20369"
  },
  {
    "review": "전연령을 포괄할 수 있는 멋진 작품",
    "date": "06.01.02",
    "rating": "10",
    "author": "sodi****",
    "review_id": "552763",
    "movie_id": "20369"
  },
  {
    "review": "글쎄 그림체가 엉망이군",
    "date": "05.12.27",
    "rating": "7",
    "author": "kws7****",
    "review_id": "532612",
    "movie_id": "20369"
  },
  {
    "review": "아 또 보고싶다...",
    "date": "05.12.16",
    "rating": "10",
    "author": "tlqw****",
    "review_id": "509032",
    "movie_id": "20369"
  },
  {
    "review": "최고다!!",
    "date": "05.10.18",
    "rating": "10",
    "author": "mmma****",
    "review_id": "446465",
    "movie_id": "20369"
  },
  {
    "review": "또 보고싶다 ㅜ",
    "date": "05.10.09",
    "rating": "10",
    "author": "tpfl****",
    "review_id": "438127",
    "movie_id": "20369"
  },
  {
    "review": "아주 어렸을 때 본 것 같지만 아주 신비로운 느낌을 주었어요..",
    "date": "05.09.07",
    "rating": "10",
    "author": "lsj_****",
    "review_id": "396204",
    "movie_id": "20369"
  },
  {
    "review": "그리고 지금 기적이 새로운 젊은이의 여행을 알린다",
    "date": "05.05.24",
    "rating": "10",
    "author": "sinc****",
    "review_id": "285383",
    "movie_id": "20369"
  },
  {
    "review": "80년대를 어린아이로 보냈던 이들의 영원한 로망",
    "date": "05.02.08",
    "rating": "10",
    "author": "yoju****",
    "review_id": "212896",
    "movie_id": "20369"
  },
  {
    "review": "좋타",
    "date": "05.02.04",
    "rating": "9",
    "author": "tagm****",
    "review_id": "206650",
    "movie_id": "20369"
  },
  {
    "review": "어린이에게는 호기심과 상상력을, 어른들에게는 인생과 인간본질에 대한 철학",
    "date": "04.12.11",
    "rating": "9",
    "author": "lim0****",
    "review_id": "160441",
    "movie_id": "20369"
  },
  {
    "review": "세계최고의 영원불멸의 명작 은하철도 999!",
    "date": "04.11.18",
    "rating": "10",
    "author": "u2_f****",
    "review_id": "147933",
    "movie_id": "20369"
  },
  {
    "review": "기계인간 무엇인가.......결론은 안드로메다까지의 긴 여정에서 알려줬다",
    "date": "04.11.04",
    "rating": "9",
    "author": "humu****",
    "review_id": "139059",
    "movie_id": "20369"
  },
  {
    "review": "말이 필요없는 최고의 만화영화",
    "date": "04.11.02",
    "rating": "10",
    "author": "ygch****",
    "review_id": "138128",
    "movie_id": "20369"
  },
  {
    "review": "다시또보고싶어요",
    "date": "04.10.20",
    "rating": "5",
    "author": "jjjs****",
    "review_id": "129525",
    "movie_id": "20369"
  },
  {
    "review": "말이 필요없는 불후의 명작..",
    "date": "04.09.25",
    "rating": "10",
    "author": "pyrr****",
    "review_id": "114527",
    "movie_id": "20369"
  },
  {
    "review": "별다섯개. 모두가 공감하시는군요.",
    "date": "04.09.25",
    "rating": "10",
    "author": "tomc****",
    "review_id": "114018",
    "movie_id": "20369"
  },
  {
    "review": "메텔, 영원히 잊을 수 없는 나의 첫사랑",
    "date": "04.08.14",
    "rating": "10",
    "author": "ksju****",
    "review_id": "89930",
    "movie_id": "20369"
  },
  {
    "review": "왜이렇게 감동적?",
    "date": "04.07.18",
    "rating": "10",
    "author": "bomw****",
    "review_id": "72976",
    "movie_id": "20369"
  },
  {
    "review": "정말이지 다시보구 싶은 애니다 1~113편까지 소장하구계신분",
    "date": "04.06.21",
    "rating": "10",
    "author": "wjsa****",
    "review_id": "58247",
    "movie_id": "20369"
  },
  {
    "review": "감동그자체다인생을다시보는계기랄까,,",
    "date": "04.03.26",
    "rating": "10",
    "author": "wkde****",
    "review_id": "31738",
    "movie_id": "20369"
  },
  {
    "review": "보면 볼 수록 또 보고싶은 작품",
    "date": "04.03.14",
    "rating": "10",
    "author": "zinz****",
    "review_id": "28942",
    "movie_id": "20369"
  },
  {
    "review": "정말 할말이 없을정도로.. 엄청난 감동..",
    "date": "04.03.01",
    "rating": "10",
    "author": "zzab****",
    "review_id": "25941",
    "movie_id": "20369"
  },
  {
    "review": "은하철도999는 무심코보면 잼있지만 그내막을 알고보면 슬픈애니메이션이다.",
    "date": "04.02.12",
    "rating": "10",
    "author": "fbi3****",
    "review_id": "19288",
    "movie_id": "20369"
  },
  {
    "review": "더이상 할말이 없습니다... 감동의 파노라마",
    "date": "04.01.23",
    "rating": "10",
    "author": "kang****",
    "review_id": "12553",
    "movie_id": "20369"
  },
  {
    "review": "생애 최고의 애니메이션....",
    "date": "03.11.21",
    "rating": "10",
    "author": "airt****",
    "review_id": "54",
    "movie_id": "20369"
  }
]