[
  {
    "review": "한형모 감독의 <자유부인>과는 비교도 할 수 없는 끔찍한 졸작.",
    "date": "14.09.09",
    "rating": "1",
    "author": "logo****",
    "review_id": "9195343",
    "movie_id": "20377"
  },
  {
    "review": "연출이 정말 유치하다 ...남편의 파파라치 사주가 그나마 반전 그 이후 미워도 다시한번류의 신파극으로 끝난다",
    "date": "14.05.25",
    "rating": "6",
    "author": "tomb****",
    "review_id": "8764482",
    "movie_id": "20377"
  },
  {
    "review": "윤정희, 최무룡 만 보고",
    "date": "13.05.27",
    "rating": "5",
    "author": "clie****",
    "review_id": "7558045",
    "movie_id": "20377"
  }
]