[
  {
    "review": "부산 남포동에 소재한 부산극장에서  제나이 18세에 표가 없어 8 시간을 기다려서 보았죠",
    "date": "15.03.14",
    "rating": "9",
    "author": "drea****",
    "review_id": "9779169",
    "movie_id": "20396"
  },
  {
    "review": "전편보다는 코믹요소가없고 액션도살짝약했고 장만옥안닌오고ㅜ근데볼만했어요 그벽에다등대고 전봇대발로내려오는장면은진짜일까?절대그렇거안될텐데신기했음..글구마지막에 엔지장면보는것도웃기네요ㅋ머리단발인 남자분이성룡다치면 계속막걱정해주는게웃겼음ㅋㅋ이제2014편봐야지ㅋ",
    "date": "15.03.07",
    "rating": "9",
    "author": "badg****",
    "review_id": "9762144",
    "movie_id": "20396"
  },
  {
    "review": "몸을 아끼지 않는 액션 볼만한 액션 영화",
    "date": "14.12.27",
    "rating": "8",
    "author": "adiv****",
    "review_id": "9525319",
    "movie_id": "20396"
  },
  {
    "review": "얼마전에 티비에서 해서 봤는데 뭐지이건? 편집 때문에 내용이 앞뒤가 안맞고  이상해서 인터넷에 한번찾아봤는데 이건.. 20분삭제된 미국버전이라는.... 원판을 봐야하는데 원판은  인터넷에 안뜨는데 dvd를 구입해야 하나?",
    "date": "14.09.24",
    "rating": "5",
    "author": "xx41****",
    "review_id": "9238117",
    "movie_id": "20396"
  },
  {
    "review": "액션이 죽질 않아요~ 사다리, 수중...",
    "date": "14.08.30",
    "rating": "10",
    "author": "chlw****",
    "review_id": "9147632",
    "movie_id": "20396"
  },
  {
    "review": "액션과 거기에 매인 플롯보다 간간이 터지는 유머를 보는 재미가 더 크다.",
    "date": "14.08.15",
    "rating": "5",
    "author": "rygh****",
    "review_id": "9090259",
    "movie_id": "20396"
  },
  {
    "review": "굉장히 볼만함. 우허허헣",
    "date": "14.07.02",
    "rating": "8",
    "author": "ljkh****",
    "review_id": "8875978",
    "movie_id": "20396"
  },
  {
    "review": "전작에 비해 너무 허술함.",
    "date": "14.05.02",
    "rating": "8",
    "author": "igel****",
    "review_id": "8694343",
    "movie_id": "20396"
  },
  {
    "review": "몸을 사리지 않는 액션은 좋았지만.. 두서없는 이야기가 실망스러운..",
    "date": "14.03.21",
    "rating": "6",
    "author": "blue****",
    "review_id": "8594266",
    "movie_id": "20396"
  },
  {
    "review": "아무리 성룡이래도 이런류의 시리즈는 지겹군",
    "date": "14.02.18",
    "rating": "4",
    "author": "guev****",
    "review_id": "8518523",
    "movie_id": "20396"
  },
  {
    "review": "얼음강물속으로 떨어지는 성룡을 보라. 그의 열정이 얼음을 녹인다.",
    "date": "14.02.02",
    "rating": "8",
    "author": "drea****",
    "review_id": "8468479",
    "movie_id": "20396"
  },
  {
    "review": "내가 본 폴리스 스토리 시리즈 중 최고의 작품..",
    "date": "14.01.17",
    "rating": "10",
    "author": "kaeb****",
    "review_id": "8392590",
    "movie_id": "20396"
  },
  {
    "review": "필요한 아미는 사라지고 필요없는 방대 스케일만 남았다. 풋풋한 이야기 거리는 사라졌지만. 1편 특유의 코믹 액션이 부활한 듯한 느낌. 밑에 분 말 처럼 사다리 액션과 수중싸움이 일품!!",
    "date": "13.07.09",
    "rating": "9",
    "author": "85yo****",
    "review_id": "7720632",
    "movie_id": "20396"
  },
  {
    "review": "장만옥의부재와 격한격투씬이없는건 아쉽지만 사다리액션이며 수중코믹격투는 성룡만이 할수 있는 듯 성룡, 당신은 최고입니다~!!",
    "date": "13.06.29",
    "rating": "10",
    "author": "whia****",
    "review_id": "7688181",
    "movie_id": "20396"
  },
  {
    "review": "따끄어 대단해! 하지만 좀 약해~",
    "date": "13.05.05",
    "rating": "8",
    "author": "a03h****",
    "review_id": "7510948",
    "movie_id": "20396"
  },
  {
    "review": "전편은 다재밌는제 이영화만 너무지루함",
    "date": "13.04.09",
    "rating": "5",
    "author": "mcsj****",
    "review_id": "7445087",
    "movie_id": "20396"
  },
  {
    "review": "이때부터 늘어지기 시작 ㅜ ㅜ",
    "date": "13.03.11",
    "rating": "8",
    "author": "sktl****",
    "review_id": "7339843",
    "movie_id": "20396"
  },
  {
    "review": "전작 폴리스 스토리와는 이어지지 않는 폴리스 스토리. 그래도 볼만함.",
    "date": "13.03.08",
    "rating": "7",
    "author": "nba1****",
    "review_id": "7330627",
    "movie_id": "20396"
  },
  {
    "review": "성룡 액션의 끝을 보는 것 같다..사다리 씬은 아직도 잊혀지지가 않는다",
    "date": "13.03.06",
    "rating": "10",
    "author": "tr87****",
    "review_id": "7326885",
    "movie_id": "20396"
  },
  {
    "review": "역시 성룡",
    "date": "13.03.01",
    "rating": "10",
    "author": "mcky****",
    "review_id": "7311995",
    "movie_id": "20396"
  },
  {
    "review": "재키 !",
    "date": "13.02.24",
    "rating": "10",
    "author": "sonb****",
    "review_id": "7299223",
    "movie_id": "20396"
  },
  {
    "review": "존느 재밌어",
    "date": "13.01.26",
    "rating": "10",
    "author": "blue****",
    "review_id": "7178358",
    "movie_id": "20396"
  },
  {
    "review": "쵝오",
    "date": "13.01.26",
    "rating": "10",
    "author": "nasa****",
    "review_id": "7178355",
    "movie_id": "20396"
  },
  {
    "review": "성룡은 이 영화가 커리어 하이인듯. 육체로 할 수 있는 모든걸 보여준다",
    "date": "13.01.03",
    "rating": "9",
    "author": "k4he****",
    "review_id": "7078320",
    "movie_id": "20396"
  },
  {
    "review": "다 좋은데 80분... 너무 짧다  하지만 성룡형님의 액션은 최고다!! 근데 너무 짧다..80분  애니메이션도 아니구 -_-",
    "date": "12.08.18",
    "rating": "9",
    "author": "tlsg****",
    "review_id": "6623001",
    "movie_id": "20396"
  },
  {
    "review": "몸으로 하는 액션하면.. 아직도 난 성룡이 좋아요 나이가 있어서 그런가 ㅠㅡㅠ",
    "date": "12.04.30",
    "rating": "10",
    "author": "bani****",
    "review_id": "6259599",
    "movie_id": "20396"
  },
  {
    "review": "시리즈중 최고!내용도 좋았고 상황 전개.액션도 좋았다!",
    "date": "12.03.04",
    "rating": "9",
    "author": "meso****",
    "review_id": "6124158",
    "movie_id": "20396"
  },
  {
    "review": "성룡영화중에선 밋밋한편",
    "date": "11.11.26",
    "rating": "7",
    "author": "virt****",
    "review_id": "5871718",
    "movie_id": "20396"
  },
  {
    "review": "편집한 미국판은 엔딩크레딧에서 96년작 같지 않은 상당히 세련된 음악을 들려준다-_-",
    "date": "11.07.31",
    "rating": "7",
    "author": "cruf****",
    "review_id": "5586369",
    "movie_id": "20396"
  },
  {
    "review": "그럭저럭 괜찮았음...",
    "date": "11.06.02",
    "rating": "9",
    "author": "srid****",
    "review_id": "5461128",
    "movie_id": "20396"
  },
  {
    "review": "본편 못지않는 속편을 만드는건 성룡영화뿐.....",
    "date": "11.05.25",
    "rating": "10",
    "author": "loy1****",
    "review_id": "5447869",
    "movie_id": "20396"
  },
  {
    "review": "정말 완성도 높은 시리즈",
    "date": "11.05.06",
    "rating": "8",
    "author": "mais****",
    "review_id": "5409516",
    "movie_id": "20396"
  },
  {
    "review": "난 이영화가 평점이 9.5가 넘지 않는다는게 이해가 안된다ㅡㅡ;;미친...",
    "date": "11.03.07",
    "rating": "10",
    "author": "yoon****",
    "review_id": "5299651",
    "movie_id": "20396"
  },
  {
    "review": "성룡이 서양인들을 위해 만들었다는 느낌이 많이 들었던 폴리스 시리즈...",
    "date": "10.11.26",
    "rating": "6",
    "author": "thra****",
    "review_id": "4993791",
    "movie_id": "20396"
  },
  {
    "review": "물속에서 싸울때 상어보고 놀랄때 웃겼음^^",
    "date": "10.10.11",
    "rating": "9",
    "author": "kjhz****",
    "review_id": "4897889",
    "movie_id": "20396"
  },
  {
    "review": "폴리스스토리 시리즈중 제일 별로였던것같다",
    "date": "10.04.27",
    "rating": "10",
    "author": "bola****",
    "review_id": "4459441",
    "movie_id": "20396"
  },
  {
    "review": "프로펠러에 모자를 날려먹는 크레이지 액션. 식겁하지라 ㅎㄷㄷ",
    "date": "10.04.16",
    "rating": "10",
    "author": "reco****",
    "review_id": "4435376",
    "movie_id": "20396"
  },
  {
    "review": "폴리스스토리 시리즈 측면에서는 아쉽지만,액션오락물로서는 합격점!!",
    "date": "09.12.30",
    "rating": "8",
    "author": "hjy6****",
    "review_id": "4109819",
    "movie_id": "20396"
  },
  {
    "review": "세계로 뻗어가는 열혈경찰 진가구, 시리즈 내내 함께하는 표숙도 너무나 반갑다.",
    "date": "09.11.01",
    "rating": "10",
    "author": "ard2****",
    "review_id": "3928635",
    "movie_id": "20396"
  },
  {
    "review": "DVD판은 왜 편집이 이상하지..",
    "date": "09.09.24",
    "rating": "7",
    "author": "qkrw****",
    "review_id": "3846829",
    "movie_id": "20396"
  },
  {
    "review": "어떻게 비디오판보다 DVD판이 편집이 더 많이 된 걸까?-_-",
    "date": "09.09.11",
    "rating": "8",
    "author": "swhn****",
    "review_id": "3824270",
    "movie_id": "20396"
  },
  {
    "review": "더 커진 스케일, 말이 필요없는 성룡액션,",
    "date": "09.05.24",
    "rating": "9",
    "author": "iss2****",
    "review_id": "3517307",
    "movie_id": "20396"
  },
  {
    "review": "재미는 있다.",
    "date": "09.05.15",
    "rating": "9",
    "author": "dlwo****",
    "review_id": "3497487",
    "movie_id": "20396"
  },
  {
    "review": "꾸준한 퀄러티를 보여주는 시리즈.. 4탄도 예외는 없다",
    "date": "09.02.27",
    "rating": "8",
    "author": "gall****",
    "review_id": "3337730",
    "movie_id": "20396"
  },
  {
    "review": "성룡의 대표 시리즈 폴리스 스토리의 네번째 이야기",
    "date": "09.02.14",
    "rating": "8",
    "author": "uds0****",
    "review_id": "3302550",
    "movie_id": "20396"
  },
  {
    "review": "앞작품보다 조금 내용이 떨어지지만 그래도 재밌다 !",
    "date": "09.01.07",
    "rating": "10",
    "author": "oper****",
    "review_id": "3200871",
    "movie_id": "20396"
  },
  {
    "review": "성룡의 몸을 아끼지 않는 혼신의 연기...정말 멋지다 영화도 잼나고",
    "date": "08.11.11",
    "rating": "10",
    "author": "ledd****",
    "review_id": "3045370",
    "movie_id": "20396"
  },
  {
    "review": "역시 성룡이다 ~ 실망시키지않는영화 !!",
    "date": "08.08.14",
    "rating": "10",
    "author": "cc85****",
    "review_id": "2869861",
    "movie_id": "20396"
  },
  {
    "review": "이영화가 왜 시리즈인지에 대한 논쟁은 불필요하다 이건 성룡영화다",
    "date": "08.06.15",
    "rating": "6",
    "author": "si2p****",
    "review_id": "2701361",
    "movie_id": "20396"
  },
  {
    "review": "최고네 ~~시리즈 중 최고의 재미",
    "date": "08.06.02",
    "rating": "10",
    "author": "wkdl****",
    "review_id": "2675686",
    "movie_id": "20396"
  },
  {
    "review": "싸울사람이없어서 죠스랑 싸울줄은 몰랐다ㅋㅋㅋ사다리액션 최고!!",
    "date": "08.04.05",
    "rating": "10",
    "author": "ryun****",
    "review_id": "2559809",
    "movie_id": "20396"
  },
  {
    "review": "호 상어씬 이런 부분이다 다있었구먼.",
    "date": "08.03.22",
    "rating": "7",
    "author": "lgju****",
    "review_id": "2534995",
    "movie_id": "20396"
  },
  {
    "review": "도장에서 격투신은 진짜 최고~!",
    "date": "07.11.23",
    "rating": "10",
    "author": "bhr0****",
    "review_id": "2175936",
    "movie_id": "20396"
  },
  {
    "review": "성룡 굿!!",
    "date": "07.11.12",
    "rating": "8",
    "author": "pksj****",
    "review_id": "2148114",
    "movie_id": "20396"
  },
  {
    "review": "추억의 폴리스스토리 이젠 안녕",
    "date": "07.11.02",
    "rating": "6",
    "author": "almo****",
    "review_id": "2128482",
    "movie_id": "20396"
  },
  {
    "review": "성룡=경찰신고",
    "date": "07.09.22",
    "rating": "10",
    "author": "aqzz****",
    "review_id": "2038022",
    "movie_id": "20396"
  },
  {
    "review": "전편에 비해 약간 아쉽지만 재미있었다.",
    "date": "07.08.19",
    "rating": "8",
    "author": "skyl****",
    "review_id": "1960854",
    "movie_id": "20396"
  },
  {
    "review": "블록버스터의 요소에 형님의 힘, 그리고 시리즈의 힘.",
    "date": "07.08.17",
    "rating": "9",
    "author": "tori****",
    "review_id": "1949308",
    "movie_id": "20396"
  },
  {
    "review": "재밌기만하네..",
    "date": "07.07.14",
    "rating": "10",
    "author": "look****",
    "review_id": "1772818",
    "movie_id": "20396"
  },
  {
    "review": "폴리스스토리가 007화 되는 건가 아무튼 재미있다",
    "date": "07.07.11",
    "rating": "9",
    "author": "deff****",
    "review_id": "1764624",
    "movie_id": "20396"
  },
  {
    "review": "개봉당시 대역을 쓰지않은 액션연기를 선전했던 기억이...",
    "date": "07.07.03",
    "rating": "6",
    "author": "nala****",
    "review_id": "1743466",
    "movie_id": "20396"
  },
  {
    "review": "시대가 변하듯 영화도 변하겠지만 90년대 중,후반의 성룡은 많이 아쉽다..",
    "date": "07.06.28",
    "rating": "7",
    "author": "skat****",
    "review_id": "1725844",
    "movie_id": "20396"
  },
  {
    "review": "성룡의 화려한 액션.. 스케일도 크고.. 괜찮았다..",
    "date": "07.05.29",
    "rating": "9",
    "author": "self****",
    "review_id": "1672025",
    "movie_id": "20396"
  },
  {
    "review": "아찔하고 강철체력성룡의 진수를 보여줌",
    "date": "07.05.28",
    "rating": "10",
    "author": "drag****",
    "review_id": "1670003",
    "movie_id": "20396"
  },
  {
    "review": "성룡의 대표작..",
    "date": "07.05.12",
    "rating": "10",
    "author": "wwe8****",
    "review_id": "1633388",
    "movie_id": "20396"
  },
  {
    "review": "정말끝내줬어!",
    "date": "07.05.12",
    "rating": "10",
    "author": "akxl****",
    "review_id": "1633386",
    "movie_id": "20396"
  },
  {
    "review": "액션도 생각만큼 발랄하지 않았고 내용 짜임새와 재치 독창성등등 허술하다",
    "date": "07.05.11",
    "rating": "7",
    "author": "bepl****",
    "review_id": "1632179",
    "movie_id": "20396"
  },
  {
    "review": "성룡 최고 전성기때, 이 영화에서 만큼 액션 스케일은 절정이었다..",
    "date": "07.04.15",
    "rating": "10",
    "author": "onof****",
    "review_id": "1590864",
    "movie_id": "20396"
  },
  {
    "review": "죠스랑 한판승부",
    "date": "07.02.01",
    "rating": "10",
    "author": "kumc****",
    "review_id": "1432174",
    "movie_id": "20396"
  },
  {
    "review": "실망시키지 않는 성룡표 영화!!ㅋ",
    "date": "07.01.02",
    "rating": "10",
    "author": "yj15****",
    "review_id": "1350749",
    "movie_id": "20396"
  },
  {
    "review": "말이 필요없다. 볼때마다 재밌다.  최고.",
    "date": "06.12.26",
    "rating": "10",
    "author": "haha****",
    "review_id": "1328763",
    "movie_id": "20396"
  },
  {
    "review": "폴리스 스토리 시리즈는 말이 필요없다 최고다 그냥..",
    "date": "06.12.12",
    "rating": "10",
    "author": "band****",
    "review_id": "1286599",
    "movie_id": "20396"
  },
  {
    "review": "최고다..",
    "date": "06.11.23",
    "rating": "10",
    "author": "sinm****",
    "review_id": "1247110",
    "movie_id": "20396"
  },
  {
    "review": "말이필요없따...최고다!",
    "date": "06.10.16",
    "rating": "10",
    "author": "fbi0****",
    "review_id": "1183557",
    "movie_id": "20396"
  },
  {
    "review": "지치지안는 성룡의액션",
    "date": "06.10.10",
    "rating": "9",
    "author": "shai****",
    "review_id": "1175070",
    "movie_id": "20396"
  },
  {
    "review": "여기까지...... 가 최고의 폴리스 였다",
    "date": "06.09.08",
    "rating": "10",
    "author": "jmh4****",
    "review_id": "1111981",
    "movie_id": "20396"
  },
  {
    "review": "좋아~",
    "date": "06.08.08",
    "rating": "10",
    "author": "hann****",
    "review_id": "983828",
    "movie_id": "20396"
  },
  {
    "review": "폴리스스토리는 여기까지가 딱 좋았다! 성룡은 그래도 멋지지만~",
    "date": "06.08.05",
    "rating": "10",
    "author": "alsr****",
    "review_id": "973882",
    "movie_id": "20396"
  },
  {
    "review": "멋지다;;;ㅋㅋ",
    "date": "06.07.25",
    "rating": "10",
    "author": "sirb****",
    "review_id": "920504",
    "movie_id": "20396"
  },
  {
    "review": "여타 시리즈에 비해서 너무 빈약해.. 장만옥은 왜 안나와!",
    "date": "06.05.28",
    "rating": "8",
    "author": "onim****",
    "review_id": "820661",
    "movie_id": "20396"
  },
  {
    "review": "이걸 기반으로 할리우드 진출한거다!",
    "date": "06.04.28",
    "rating": "10",
    "author": "minh****",
    "review_id": "778004",
    "movie_id": "20396"
  },
  {
    "review": "최고~^^",
    "date": "06.04.23",
    "rating": "10",
    "author": "kimw****",
    "review_id": "771762",
    "movie_id": "20396"
  },
  {
    "review": "성룡너무좋다 ㅋ",
    "date": "06.02.08",
    "rating": "10",
    "author": "ppow****",
    "review_id": "655680",
    "movie_id": "20396"
  },
  {
    "review": "90년대 성룡영화에 대표작!",
    "date": "06.02.08",
    "rating": "9",
    "author": "zban****",
    "review_id": "654565",
    "movie_id": "20396"
  },
  {
    "review": "성룡의 대표작 폴리스 스토리 씨리즈",
    "date": "06.01.14",
    "rating": "8",
    "author": "shh7****",
    "review_id": "587169",
    "movie_id": "20396"
  },
  {
    "review": "역시 성룡영화..... 재밌다",
    "date": "06.01.13",
    "rating": "8",
    "author": "baga****",
    "review_id": "584209",
    "movie_id": "20396"
  },
  {
    "review": "전편보다 약간 모자랐던.. 그래도 잼있는건 여전.",
    "date": "05.12.23",
    "rating": "8",
    "author": "blue****",
    "review_id": "522494",
    "movie_id": "20396"
  },
  {
    "review": "성룡의 90년대 최고의 영화",
    "date": "05.12.19",
    "rating": "10",
    "author": "kwan****",
    "review_id": "513840",
    "movie_id": "20396"
  },
  {
    "review": "정말 이건 진짜성룡영화다.",
    "date": "05.12.07",
    "rating": "10",
    "author": "w123****",
    "review_id": "496432",
    "movie_id": "20396"
  },
  {
    "review": "몸을 사리지 않는 액션 정말 대단하다는 말밖엔",
    "date": "05.10.26",
    "rating": "10",
    "author": "dlem****",
    "review_id": "455307",
    "movie_id": "20396"
  },
  {
    "review": "너무 세로운걸 많이 시도 한듯~",
    "date": "05.10.04",
    "rating": "9",
    "author": "cool****",
    "review_id": "433156",
    "movie_id": "20396"
  },
  {
    "review": "폴리스스토리는 전편모두 재밌다",
    "date": "05.09.23",
    "rating": "10",
    "author": "82ba****",
    "review_id": "418347",
    "movie_id": "20396"
  },
  {
    "review": "하늘날고 스키타고 역쉬나 몸던디며연기하는 성룡.",
    "date": "05.09.02",
    "rating": "7",
    "author": "izzo****",
    "review_id": "390652",
    "movie_id": "20396"
  },
  {
    "review": "4편부터 제대로 필이 안꽂힌 폴리스스토리 시리즈..",
    "date": "05.08.06",
    "rating": "4",
    "author": "dori****",
    "review_id": "355042",
    "movie_id": "20396"
  },
  {
    "review": "성룡 짱!",
    "date": "05.07.05",
    "rating": "9",
    "author": "jahn****",
    "review_id": "313155",
    "movie_id": "20396"
  },
  {
    "review": "성룡의 영화엔 언제나 감탄한다",
    "date": "05.03.14",
    "rating": "10",
    "author": "zhow****",
    "review_id": "241004",
    "movie_id": "20396"
  },
  {
    "review": "굿이다",
    "date": "05.02.15",
    "rating": "10",
    "author": "new2****",
    "review_id": "220917",
    "movie_id": "20396"
  },
  {
    "review": "엄청난 제작비가 소요",
    "date": "05.02.15",
    "rating": "10",
    "author": "hanb****",
    "review_id": "220773",
    "movie_id": "20396"
  },
  {
    "review": "나는 재미있던데",
    "date": "05.01.25",
    "rating": "10",
    "author": "andy****",
    "review_id": "195420",
    "movie_id": "20396"
  },
  {
    "review": "별루다..씨리즈중 최악",
    "date": "05.01.21",
    "rating": "4",
    "author": "alft****",
    "review_id": "191669",
    "movie_id": "20396"
  }
]