[
  {
    "review": "재미있게 봤던 영화...구봉서씨와 고 서영춘씨의 전성기시절과 까메오로 출연하는 허장강.트위스트 김.송해씨의 모습도 볼 수있음",
    "date": "14.02.17",
    "rating": "6",
    "author": "thra****",
    "review_id": "8516535",
    "movie_id": "20417"
  },
  {
    "review": "로또복권1등걸렸는데읽어버렸다면환장하지마지막에좀웃겼다사람들나쁘다",
    "date": "11.03.30",
    "rating": "1",
    "author": "zzzo****",
    "review_id": "5342841",
    "movie_id": "20417"
  },
  {
    "review": "참재미있네요. 혹 이향(운명의 손)이라는배우가나오나요. 비슷한사람이 보여서요.",
    "date": "08.07.27",
    "rating": "10",
    "author": "coog****",
    "review_id": "2809113",
    "movie_id": "20417"
  },
  {
    "review": "옛날코미디영화가 훨씬재밌다 연기도 그렇고",
    "date": "08.07.21",
    "rating": "10",
    "author": "dwte****",
    "review_id": "2790220",
    "movie_id": "20417"
  },
  {
    "review": "옛날 거리풍경도 보고.ㅋㅋ.근데 집이 500만원이면 참 많이 차이난다..",
    "date": "08.07.21",
    "rating": "10",
    "author": "pire****",
    "review_id": "2787278",
    "movie_id": "20417"
  },
  {
    "review": "나도 모르게 중얼거린다 \"재밌네 ㅋㅋ\"",
    "date": "08.07.21",
    "rating": "8",
    "author": "goti****",
    "review_id": "2787266",
    "movie_id": "20417"
  },
  {
    "review": "ㅋㅋ 옛날 어른들도 연애하는건 똑같었구만 뭐..",
    "date": "08.07.21",
    "rating": "7",
    "author": "acee****",
    "review_id": "2787263",
    "movie_id": "20417"
  },
  {
    "review": "지금 EBS에서 보고있는데 아 웃겨ㅋ",
    "date": "08.07.21",
    "rating": "10",
    "author": "korn****",
    "review_id": "2787260",
    "movie_id": "20417"
  },
  {
    "review": "지금하고있다.EBS ㅋㅋ 재미있다,.",
    "date": "08.07.21",
    "rating": "9",
    "author": "sr82****",
    "review_id": "2787144",
    "movie_id": "20417"
  }
]