[
  {
    "review": "오래된영화입니다.  수고하세요",
    "date": "14.01.11",
    "rating": "2",
    "author": "chch****",
    "review_id": "8370359",
    "movie_id": "20413"
  },
  {
    "review": "이영화 어디서 못구하나요??",
    "date": "11.09.15",
    "rating": "10",
    "author": "elkr****",
    "review_id": "5733009",
    "movie_id": "20413"
  },
  {
    "review": "김나희였나??? 정말 너무 미인이세요 ㅠㅠ 사진즘 ㅠㅠ",
    "date": "07.03.06",
    "rating": "10",
    "author": "redd****",
    "review_id": "1521207",
    "movie_id": "20413"
  },
  {
    "review": "이 영화에 나오는 여배우 사진을 구하고 싶은데요.",
    "date": "05.11.30",
    "rating": "10",
    "author": "hgy7****",
    "review_id": "489235",
    "movie_id": "20413"
  }
]