[
  {
    "review": "중1때봤었는데 기억에 많이 남는 영화입니다.",
    "date": "14.09.07",
    "rating": "10",
    "author": "jsso****",
    "review_id": "9177713",
    "movie_id": "20425"
  },
  {
    "review": "어렴풋이 어렸을때 본기억이 납니다",
    "date": "14.09.06",
    "rating": "10",
    "author": "fell****",
    "review_id": "9174968",
    "movie_id": "20425"
  },
  {
    "review": "EBS에서방영한것을봤는데너무좋은영화였습니다.참,이미지담아갑니다",
    "date": "07.05.18",
    "rating": "10",
    "author": "uhwa****",
    "review_id": "1644841",
    "movie_id": "20425"
  }
]