[
  {
    "review": "코믹없는 가장 진지한 모습의 초기성룡",
    "date": "15.02.15",
    "rating": "8",
    "author": "cjw2****",
    "review_id": "9698632",
    "movie_id": "20434"
  },
  {
    "review": "취권을 찍은 다음해에 한국에서 찍은 성룡영화...성룡의 초기좋은연기가 담겨있다",
    "date": "14.12.02",
    "rating": "8",
    "author": "kara****",
    "review_id": "9440437",
    "movie_id": "20434"
  },
  {
    "review": "사부의 원수를갚으러갔다,원수를 용서하고 구해주는ㅋㅋ볼만하네요",
    "date": "14.07.01",
    "rating": "10",
    "author": "kdw2****",
    "review_id": "8872710",
    "movie_id": "20434"
  },
  {
    "review": "취권이후 코믹에만 치중할줄알았는데 의외로 꽤진지한 영화. 합을 너무 딱!딱! 맞추는 메트로놈적 움직임으로 결정적 한방도 없지만 초창기성룡의 모습만으로도~ 성룡, 당신은 최고입니다~!!!",
    "date": "14.06.20",
    "rating": "10",
    "author": "whia****",
    "review_id": "8842420",
    "movie_id": "20434"
  },
  {
    "review": "그럭저럭 볼 만 하네유. 말이 좋아서 무술 도장이지 도장을 사칭한 조폭 싸움이네유.",
    "date": "14.02.25",
    "rating": "10",
    "author": "real****",
    "review_id": "8537016",
    "movie_id": "20434"
  },
  {
    "review": "설날이나 추석에 TV에 방영해 주던 성룡 영화가 이런 종류였음. 넑을 잃고 봤다능.",
    "date": "14.02.17",
    "rating": "9",
    "author": "reck****",
    "review_id": "8516772",
    "movie_id": "20434"
  },
  {
    "review": "70년대 홍콩 무술영화치고 내용전개가 상당히 탄력있고 젊은 성룡의 카리스마도 엿보인 수작",
    "date": "13.03.03",
    "rating": "9",
    "author": "scri****",
    "review_id": "7321544",
    "movie_id": "20434"
  },
  {
    "review": "말이 필요없다....",
    "date": "13.01.31",
    "rating": "10",
    "author": "yong****",
    "review_id": "7203587",
    "movie_id": "20434"
  },
  {
    "review": "성룡의진가를알고싶은가?그렇다면쾌찬차이전의초기작들을 찾아보아라.바로 이런 영화.",
    "date": "10.11.09",
    "rating": "3",
    "author": "baks****",
    "review_id": "4946733",
    "movie_id": "20434"
  },
  {
    "review": "한국에서 찍은 성룡초기 영화 한국어더빙으로 보니 더 잼있음...ㅋ",
    "date": "10.07.18",
    "rating": "7",
    "author": "thra****",
    "review_id": "4650405",
    "movie_id": "20434"
  },
  {
    "review": "이거 성룡 때문에 기본 먹고 들어가는게 있다",
    "date": "09.08.26",
    "rating": "5",
    "author": "deff****",
    "review_id": "3790247",
    "movie_id": "20434"
  },
  {
    "review": "dvd같고싶어요 성룡 넘 멋지고요 늙는게 아쉬워요",
    "date": "09.06.23",
    "rating": "10",
    "author": "chog****",
    "review_id": "3583634",
    "movie_id": "20434"
  },
  {
    "review": "이거 우리집 비디오 가게할때... 취권2로 나오던데;;;",
    "date": "07.02.01",
    "rating": "7",
    "author": "kumc****",
    "review_id": "1432060",
    "movie_id": "20434"
  },
  {
    "review": "쪼아~!!",
    "date": "06.12.02",
    "rating": "10",
    "author": "rhkr****",
    "review_id": "1263054",
    "movie_id": "20434"
  },
  {
    "review": "성룡 좋아",
    "date": "05.08.23",
    "rating": "8",
    "author": "godq****",
    "review_id": "380661",
    "movie_id": "20434"
  },
  {
    "review": "예전 어릴떄 tv서 마니 해줬는데 우리나라 영화였군요",
    "date": "04.07.30",
    "rating": "7",
    "author": "nams****",
    "review_id": "79998",
    "movie_id": "20434"
  }
]