[
  {
    "review": "주전자에 막걸리 따불!!!",
    "date": "14.10.19",
    "rating": "10",
    "author": "kick****",
    "review_id": "9301570",
    "movie_id": "20432"
  },
  {
    "review": "쩐다.",
    "date": "08.09.20",
    "rating": "10",
    "author": "fkdl****",
    "review_id": "2959871",
    "movie_id": "20432"
  },
  {
    "review": "아. 이거 위스키대신 막걸리 따블,시가대신 곰방대,말대신 조랑말,황야대신",
    "date": "05.01.27",
    "rating": "10",
    "author": "king****",
    "review_id": "197355",
    "movie_id": "20432"
  },
  {
    "review": "이걸 오늘 스펀지에서 봤다....",
    "date": "04.04.25",
    "rating": "10",
    "author": "qewr****",
    "review_id": "39093",
    "movie_id": "20432"
  }
]