[
  {
    "review": "스타가 되기 전의 성룡의 앳되고 진지한 모습을 볼수 있는 한국과의 합작영화",
    "date": "11.05.25",
    "rating": "7",
    "author": "gall****",
    "review_id": "5448805",
    "movie_id": "20433"
  },
  {
    "review": "성룡이 무명시절에 얼마나 고생이심했는지 알수있는 영화.보다보면 눈물이 앞을 가림.",
    "date": "10.11.08",
    "rating": "5",
    "author": "baks****",
    "review_id": "4944744",
    "movie_id": "20433"
  },
  {
    "review": "볼만하네~^^",
    "date": "10.03.25",
    "rating": "10",
    "author": "zmfp****",
    "review_id": "4385787",
    "movie_id": "20433"
  },
  {
    "review": "한국영화니한국배우가나오죠재미없지만중간중간멋있는장면나옴",
    "date": "05.07.29",
    "rating": "6",
    "author": "aprs****",
    "review_id": "338862",
    "movie_id": "20433"
  },
  {
    "review": "한국배우가 나온다 재미있을꺼같다 ^ ^",
    "date": "04.04.06",
    "rating": "7",
    "author": "cjfa****",
    "review_id": "34608",
    "movie_id": "20433"
  }
]