[
  {
    "review": "원제는 \"낙엽비도(落葉飛刀 /1972)\" 장일호 감독",
    "date": "13.12.19",
    "rating": "3",
    "author": "kama****",
    "review_id": "8234616",
    "movie_id": "20447"
  },
  {
    "review": "The Duel은 71년작영문제목임 ,73년작은 Deadly Knives",
    "date": "11.12.06",
    "rating": "6",
    "author": "qmff****",
    "review_id": "5891180",
    "movie_id": "20447"
  },
  {
    "review": "장철 감독 영화라기에는 다소 미흡한듯..석천과 임세관의 젊은시절을 볼 수 있는 영화",
    "date": "11.02.06",
    "rating": "6",
    "author": "thra****",
    "review_id": "5222838",
    "movie_id": "20447"
  }
]