[
  {
    "review": "이거보고 1점준사람들 리메이크판 용가리나 보고와라",
    "date": "15.02.28",
    "rating": "10",
    "author": "sck2****",
    "review_id": "9747231",
    "movie_id": "20448"
  },
  {
    "review": "대중적으론 그저 그렇겠지만 괴수물 로써는 뛰어났음그때당시 특촬물이라니 ㄷㄷ근데 심00 감독님이 망침",
    "date": "15.02.27",
    "rating": "10",
    "author": "kimh****",
    "review_id": "9744408",
    "movie_id": "20448"
  },
  {
    "review": "최고의 괴수영화명작!",
    "date": "14.10.12",
    "rating": "10",
    "author": "hera****",
    "review_id": "9288009",
    "movie_id": "20448"
  },
  {
    "review": "한국의 아름다운 sf도전",
    "date": "14.05.21",
    "rating": "10",
    "author": "sw14****",
    "review_id": "8751793",
    "movie_id": "20448"
  },
  {
    "review": "'무엇' 과 매우 흡사하기는 하지만 대한민국 영화사에 남을작품이기는 하다.",
    "date": "14.05.18",
    "rating": "7",
    "author": "gusd****",
    "review_id": "8744636",
    "movie_id": "20448"
  },
  {
    "review": "60년대의 추억을 떠올릴수 있는 재미있고 희귀한 영화!!",
    "date": "14.05.07",
    "rating": "10",
    "author": "chey****",
    "review_id": "8714374",
    "movie_id": "20448"
  },
  {
    "review": "용가리 진짜짱짱맨이다ㅋ",
    "date": "14.03.01",
    "rating": "1",
    "author": "kell****",
    "review_id": "8546726",
    "movie_id": "20448"
  },
  {
    "review": "용가리....귀여운데...",
    "date": "14.02.14",
    "rating": "10",
    "author": "doon****",
    "review_id": "8506498",
    "movie_id": "20448"
  },
  {
    "review": "오...1960년대에 정말 혁신적인 영화...대단하다는 말밖에~",
    "date": "13.09.27",
    "rating": "10",
    "author": "muta****",
    "review_id": "8017420",
    "movie_id": "20448"
  },
  {
    "review": "내가 본 괴수영화 중 최고닼ㅋㅋㅋㅋㅋㅋㅋㅋㅋㅋㅋㅋ",
    "date": "13.07.28",
    "rating": "10",
    "author": "rkdd****",
    "review_id": "7794655",
    "movie_id": "20448"
  },
  {
    "review": "분명 스토리나 기술이 엉성한 면이 있지만, 50년전에 이런 장르의 영화를..그것도 영어대사로 제작했다는것이 놀랍다. 특히 꽃할배 배우 이순재의 청년모습이 인상적이다. 우리 부모님도 유년시절에 이 영화를 보셨을까 궁금해진다",
    "date": "13.07.25",
    "rating": "8",
    "author": "ymsh****",
    "review_id": "7782477",
    "movie_id": "20448"
  },
  {
    "review": "박찬욱 감독님 제발 리메이크 해주세요",
    "date": "13.07.25",
    "rating": "10",
    "author": "rikk****",
    "review_id": "7782076",
    "movie_id": "20448"
  },
  {
    "review": "대~~~~~~~~~박ㅋㅋ",
    "date": "13.07.25",
    "rating": "10",
    "author": "sy00****",
    "review_id": "7782054",
    "movie_id": "20448"
  },
  {
    "review": "야 지금 ebs에서 이거 틀어주고 있다ㅋㅋㅋㅋ",
    "date": "13.07.25",
    "rating": "7",
    "author": "go96****",
    "review_id": "7782010",
    "movie_id": "20448"
  },
  {
    "review": "그래봐야 고지라 표절인데 무슨 의미가 있을까",
    "date": "13.07.25",
    "rating": "1",
    "author": "sadc****",
    "review_id": "7781927",
    "movie_id": "20448"
  },
  {
    "review": "시대적 상황을 돌파하고 기어이 세상에 나 온 선견지명의 반전영화. 자신이 이 땅에 온 이유를 어쩌면 유일하게 알아 차리고(?) 그 사나이가 틀어준 세련된 음악. 마지막 그녀가 피흘리는 모습에 한국 명화 '하녀 (2010)'가 연상되는 이유는 뭘까...",
    "date": "13.07.24",
    "rating": "9",
    "author": "cool****",
    "review_id": "7780779",
    "movie_id": "20448"
  },
  {
    "review": "옛날 영화치곤 재미있네요.",
    "date": "13.07.22",
    "rating": "9",
    "author": "jjes****",
    "review_id": "7774221",
    "movie_id": "20448"
  },
  {
    "review": "용가리 입벌리는거 보고 ㅋㅋㅋㅋㅋㅋ",
    "date": "13.07.22",
    "rating": "10",
    "author": "gran****",
    "review_id": "7774027",
    "movie_id": "20448"
  },
  {
    "review": "솔직히 영화자체는 그리 재미없었음. 내기준에서 약간 지루함.?그래도 67년작품인데도 이정도 퀄리티가 나왔단게 너무나도 훌륭해서 10점줌 화질이 90년대 못지않던데..",
    "date": "13.07.22",
    "rating": "10",
    "author": "dkxl****",
    "review_id": "7773973",
    "movie_id": "20448"
  },
  {
    "review": "굳!",
    "date": "13.07.22",
    "rating": "9",
    "author": "bibo****",
    "review_id": "7773195",
    "movie_id": "20448"
  },
  {
    "review": "47년된  한국 괴수 영화 스토리 엉성하고 말도 안되지만  이순재 할배의 청춘모습이  새롭네요  방금 EBS에서 첨부터 끝까지 봤습니다  그렇게 힘들게 지켜낸 보불 1호 숭례문인데  얼마전에 다 부숴지고.... 재복원  ㅎㅎㅎ",
    "date": "13.07.22",
    "rating": "9",
    "author": "1215****",
    "review_id": "7773117",
    "movie_id": "20448"
  },
  {
    "review": "당시 시대의 영화라곤 믿기지 않을 정도로 현실적이고 퀄이 높음.",
    "date": "13.07.22",
    "rating": "10",
    "author": "fyce****",
    "review_id": "7773114",
    "movie_id": "20448"
  },
  {
    "review": "ebs 본방 못봐서 재방날짜 기다려야겠음.",
    "date": "13.07.22",
    "rating": "10",
    "author": "hipa****",
    "review_id": "7773109",
    "movie_id": "20448"
  },
  {
    "review": "60년대에 이런 영화가 있었다는게 신기할 따름ㅎㅎ",
    "date": "13.07.22",
    "rating": "10",
    "author": "cjfg****",
    "review_id": "7773098",
    "movie_id": "20448"
  },
  {
    "review": "너무나 사랑스런 용가리세기를 앞선 특수효과생명존중의 훈훈한 마무리 씬에는 눈물마저 글썽",
    "date": "13.07.22",
    "rating": "10",
    "author": "ohan****",
    "review_id": "7773087",
    "movie_id": "20448"
  },
  {
    "review": "저 시대!!저런 발상, 연출, 표현.....에쎄프 넘치는 지금보아도진정 최고입니다..!!!!!",
    "date": "13.07.22",
    "rating": "10",
    "author": "dbsx****",
    "review_id": "7773077",
    "movie_id": "20448"
  },
  {
    "review": "ㅋㅋ요즘 영화만 보다가 이걸보니 신선하네요",
    "date": "13.07.22",
    "rating": "10",
    "author": "xyg9****",
    "review_id": "7773057",
    "movie_id": "20448"
  },
  {
    "review": "그냥 50년도 더 됬을때 국내에서 저런 영화를 만들겠다는 시도 자체가 혁신적",
    "date": "13.07.22",
    "rating": "10",
    "author": "star****",
    "review_id": "7773053",
    "movie_id": "20448"
  },
  {
    "review": "jjun da!!",
    "date": "13.07.22",
    "rating": "10",
    "author": "fpem****",
    "review_id": "7773048",
    "movie_id": "20448"
  },
  {
    "review": "춤도 추는 귀여운 용가리 무자비하게 죽일때는 좀 불쌍한 생각도 들더라.",
    "date": "13.07.22",
    "rating": "10",
    "author": "tlss****",
    "review_id": "7773046",
    "movie_id": "20448"
  },
  {
    "review": "9점대만들자자",
    "date": "13.07.22",
    "rating": "10",
    "author": "tjsd****",
    "review_id": "7773044",
    "movie_id": "20448"
  },
  {
    "review": "당시로선 문화적 혁명이었지",
    "date": "13.07.22",
    "rating": "10",
    "author": "smac****",
    "review_id": "7773043",
    "movie_id": "20448"
  },
  {
    "review": "이순재 할아버지 멋지시네요. 채널을 돌릴수가 없네요. 잘봤습니다.",
    "date": "13.07.22",
    "rating": "10",
    "author": "ilov****",
    "review_id": "7773039",
    "movie_id": "20448"
  },
  {
    "review": "긁적 긁적 용가리 나름 귀엽네ㅋ",
    "date": "13.07.22",
    "rating": "10",
    "author": "kiki****",
    "review_id": "7773036",
    "movie_id": "20448"
  },
  {
    "review": "굳 시대 대비 명작",
    "date": "13.07.22",
    "rating": "10",
    "author": "tool****",
    "review_id": "7773035",
    "movie_id": "20448"
  },
  {
    "review": "67년작품 ㅋㅋ 대박이다 전투기랑 차량 잘리는거보고 지릴뻔 ㅋㅋ",
    "date": "13.07.22",
    "rating": "10",
    "author": "gene****",
    "review_id": "7773032",
    "movie_id": "20448"
  },
  {
    "review": "67년도에 이 정도의 영화를 만들었다니!!",
    "date": "13.07.22",
    "rating": "10",
    "author": "seoy****",
    "review_id": "7773030",
    "movie_id": "20448"
  },
  {
    "review": "대괴수 김일성",
    "date": "13.07.22",
    "rating": "10",
    "author": "gkst****",
    "review_id": "7773028",
    "movie_id": "20448"
  },
  {
    "review": "결말이 웃김ㅋㅋ정말 재밌네요 ㅎㅎ",
    "date": "13.07.22",
    "rating": "10",
    "author": "psap****",
    "review_id": "7773026",
    "movie_id": "20448"
  },
  {
    "review": "어머!! 이건 꼭 봐야해!!@@",
    "date": "13.07.22",
    "rating": "10",
    "author": "ujh1****",
    "review_id": "7773025",
    "movie_id": "20448"
  },
  {
    "review": "그 시대에는 이정도면 굳",
    "date": "13.07.22",
    "rating": "9",
    "author": "lcw2****",
    "review_id": "7773024",
    "movie_id": "20448"
  },
  {
    "review": "ZZANG !!k",
    "date": "13.07.22",
    "rating": "10",
    "author": "7063****",
    "review_id": "7773021",
    "movie_id": "20448"
  },
  {
    "review": "용가리 하혈하고 죽는 것 보고 지릴뻔",
    "date": "13.07.22",
    "rating": "10",
    "author": "fros****",
    "review_id": "7773020",
    "movie_id": "20448"
  },
  {
    "review": "심형래 용가린 줄 알고 뭔 영화를 저래 만들었나했는데 67년도 영화구나 대단... 이순재.. 젊었었네ㅋㅋ",
    "date": "13.07.22",
    "rating": "10",
    "author": "skac****",
    "review_id": "7773016",
    "movie_id": "20448"
  },
  {
    "review": "9점대로 만들자",
    "date": "13.07.22",
    "rating": "10",
    "author": "mika****",
    "review_id": "7773014",
    "movie_id": "20448"
  },
  {
    "review": "재밌게 잘 봤습니다.",
    "date": "13.07.22",
    "rating": "10",
    "author": "grac****",
    "review_id": "7773012",
    "movie_id": "20448"
  },
  {
    "review": "그 당시 이런 영화라니..  대단하다..",
    "date": "13.07.22",
    "rating": "10",
    "author": "newl****",
    "review_id": "7773009",
    "movie_id": "20448"
  },
  {
    "review": "당시 시대에 맞는 아기자기한(?) 맛이 있고... 괴수물을 좋아하는 사람 입장에서 간만에 재미있게 본 것 같다ㅋ",
    "date": "13.07.22",
    "rating": "10",
    "author": "pjs7****",
    "review_id": "7773005",
    "movie_id": "20448"
  },
  {
    "review": "67년도 영화라는걸 감안하고 보는중이긴한데.. 도저히 스토리가.. 이해가 되질 않음..",
    "date": "13.07.22",
    "rating": "1",
    "author": "nong****",
    "review_id": "7773000",
    "movie_id": "20448"
  },
  {
    "review": "저때저정도퀄리티를냈다는게대단하다 ㄷㄷ",
    "date": "13.07.22",
    "rating": "10",
    "author": "xorb****",
    "review_id": "7772994",
    "movie_id": "20448"
  },
  {
    "review": "올려주자",
    "date": "13.07.22",
    "rating": "10",
    "author": "zoom****",
    "review_id": "7772993",
    "movie_id": "20448"
  },
  {
    "review": "와... 이거 진짜 대박이다... 그나저나 용가리 완죤 귀여워~",
    "date": "13.07.22",
    "rating": "10",
    "author": "dnsd****",
    "review_id": "7772990",
    "movie_id": "20448"
  },
  {
    "review": "앜ㅋㅋ 나만 지금 보구있나 했더닠ㅋ 실시간 검색어에... 이순재할아버지였구나... 박사...용가리 춤출때 귀여웠음 옛날 영환데 채널 못 돌리게 만드는 뭔가가있어서 10점ㅋㅋ",
    "date": "13.07.22",
    "rating": "10",
    "author": "aram****",
    "review_id": "7772985",
    "movie_id": "20448"
  },
  {
    "review": "1967년에 한국괴수영화가 저정도 퀄리티면 최고아냐? 용가리의 내면연기도 진짜훌륭..달밤에 춤출때는 카타르시스까지 느껴지더라ㅋㅋㅋㅋㅋㅋㅋㅋㅋ",
    "date": "13.07.22",
    "rating": "9",
    "author": "vani****",
    "review_id": "7772982",
    "movie_id": "20448"
  },
  {
    "review": "ㅋㅋㅋ너무 귀엽네요 ㅋㅋㅋ",
    "date": "13.07.22",
    "rating": "10",
    "author": "mywa****",
    "review_id": "7772980",
    "movie_id": "20448"
  },
  {
    "review": "당시로썬...",
    "date": "13.07.22",
    "rating": "9",
    "author": "kwy1****",
    "review_id": "7772981",
    "movie_id": "20448"
  },
  {
    "review": "지금 보는데. 완전 대작이다. 암모니아 무섭다.",
    "date": "13.07.22",
    "rating": "10",
    "author": "210_****",
    "review_id": "7772979",
    "movie_id": "20448"
  },
  {
    "review": "헐...   지금 ebs서 보구 첨엔 심형래가 만든거인줄 알고 뭐 이따구야 했는데 67년도 작이라니... 당시영화 치고는 특수효과 엄청 좋구나!",
    "date": "13.07.22",
    "rating": "9",
    "author": "jigg****",
    "review_id": "7772978",
    "movie_id": "20448"
  },
  {
    "review": "대괴수용가리짱짱맨",
    "date": "13.07.22",
    "rating": "10",
    "author": "kbn2****",
    "review_id": "7772977",
    "movie_id": "20448"
  },
  {
    "review": "한씬한씬 상당히 공들여 제작했네",
    "date": "13.07.22",
    "rating": "8",
    "author": "move****",
    "review_id": "7772970",
    "movie_id": "20448"
  },
  {
    "review": "굿굿",
    "date": "13.07.22",
    "rating": "10",
    "author": "hjhj****",
    "review_id": "7772972",
    "movie_id": "20448"
  },
  {
    "review": "애들아 평점올려주자 ㅎㅎ",
    "date": "13.07.22",
    "rating": "10",
    "author": "gidn****",
    "review_id": "7772964",
    "movie_id": "20448"
  },
  {
    "review": "67년도 작인데도 대단하다.................당시로선 특수효과 짱이네..................",
    "date": "13.07.22",
    "rating": "9",
    "author": "nsw0****",
    "review_id": "7772961",
    "movie_id": "20448"
  },
  {
    "review": "어이없어섴ㅋㅋㅋㅋ걍개그물 아니근데 ㅈㄴ똑같은행동을 1-2분간 반복함 예전고전영화의 특징을보여줌요약:불쌍해서10점준다",
    "date": "13.07.22",
    "rating": "10",
    "author": "rkda****",
    "review_id": "7772954",
    "movie_id": "20448"
  },
  {
    "review": "일본 고질라팀이 도와 주었다고 하는데 더빙이 영어라 색다르네 잼 나네",
    "date": "13.07.22",
    "rating": "9",
    "author": "tomo****",
    "review_id": "7772951",
    "movie_id": "20448"
  },
  {
    "review": "대박 겁나잘만들었음.이게 67년도 영화라니 ㄷㄷㄷㄷ감독님대단하십니다ㅜ!!",
    "date": "13.07.22",
    "rating": "10",
    "author": "0_0m****",
    "review_id": "7772947",
    "movie_id": "20448"
  },
  {
    "review": "특수효과 짱이네요 전투기 나오는씬 압권!",
    "date": "13.07.22",
    "rating": "10",
    "author": "fafa****",
    "review_id": "7772946",
    "movie_id": "20448"
  },
  {
    "review": "1960년대 괴수영화치고는 정말 잘 만들었네요ㅎ 용가리가 아리랑노래 맞춰서 춤추는건 귀엽네ㅎㅎ",
    "date": "13.07.22",
    "rating": "10",
    "author": "curt****",
    "review_id": "7772945",
    "movie_id": "20448"
  },
  {
    "review": "최고네요......  와우",
    "date": "13.07.22",
    "rating": "10",
    "author": "ttlo****",
    "review_id": "7772927",
    "movie_id": "20448"
  },
  {
    "review": "디워보다낫다  심형래쓰레기",
    "date": "13.07.22",
    "rating": "10",
    "author": "dogs****",
    "review_id": "7772919",
    "movie_id": "20448"
  },
  {
    "review": "Ebs 켰는데 재미나서 채널고정중이네요!",
    "date": "13.07.22",
    "rating": "10",
    "author": "mze1****",
    "review_id": "7772910",
    "movie_id": "20448"
  },
  {
    "review": "망한영화...",
    "date": "13.07.22",
    "rating": "1",
    "author": "seon****",
    "review_id": "7772909",
    "movie_id": "20448"
  },
  {
    "review": "누가 이순재여~~ 생각보다 화질 좋구 볼만하네. 용가리 완존 귀엽.. 요샌 너무 보여지는거에 초점이 맞춰졌어요..",
    "date": "13.07.22",
    "rating": "8",
    "author": "love****",
    "review_id": "7772907",
    "movie_id": "20448"
  },
  {
    "review": "리메이크나 디워보다 영화적 완성도 면에서 훨 나은 듯",
    "date": "13.07.22",
    "rating": "7",
    "author": "mank****",
    "review_id": "7772899",
    "movie_id": "20448"
  },
  {
    "review": "당시 영화수준으로 봤을때 일본 고지라와 비고해도 손색없네 물론 일본 기술진 도움으로 만들어지긴했지만",
    "date": "13.07.22",
    "rating": "10",
    "author": "dogi****",
    "review_id": "7772885",
    "movie_id": "20448"
  },
  {
    "review": "쌔끈, 당당 무슨말이 더 필요하리오....",
    "date": "13.07.22",
    "rating": "10",
    "author": "amad****",
    "review_id": "7772876",
    "movie_id": "20448"
  },
  {
    "review": "저당시 기술력에 울트라맨급 퀼리티자랑한다.숭례문 부수려다가 핼기한태 매료되서 안부수는장면이 압권",
    "date": "13.07.21",
    "rating": "10",
    "author": "kyj0****",
    "review_id": "7772850",
    "movie_id": "20448"
  },
  {
    "review": "EBS에서 나올 때 80년대 영화정도 되나.. 아기자기하게 잘 만들었네 귀엽네 하고 있었는데 검색하니까 60년대 영화더라 정말 놀라울 따름이다 그건 그렇고 용가리 너무 귀엽네..",
    "date": "13.07.21",
    "rating": "10",
    "author": "wlst****",
    "review_id": "7772841",
    "movie_id": "20448"
  },
  {
    "review": "지금 방영중인 영화가 국내판이 없어서 심형래 감독이 미국가서 가져온걸로 알고 있습니다. 67년도 영화기술이 대단(?)한데, 이 영화 멋있게 다시 만들어보려고 미국에 가서 이 영화갖고 오고.. 열정은 참 대단했는데...",
    "date": "13.07.21",
    "rating": "9",
    "author": "kgun****",
    "review_id": "7772834",
    "movie_id": "20448"
  },
  {
    "review": "조낸 멋지다!",
    "date": "13.07.21",
    "rating": "10",
    "author": "new0****",
    "review_id": "7772828",
    "movie_id": "20448"
  },
  {
    "review": "내가 태어나기 이전에 만든 영화라 생각되지 않네요. 그 시대에 이정도의 정교함이라니. 놀랍네요.",
    "date": "13.07.21",
    "rating": "10",
    "author": "1976****",
    "review_id": "7772827",
    "movie_id": "20448"
  },
  {
    "review": "1967년에 이런 영화를 만들었다니...비록 일본이 제작에 많은 참여를 했다하지만 정말 대단한영화네요.. 지금 클로즈업된 용가리의 너무도 흰 눈동자가참 귀엽습니다...김기덕감독님 정말 대단하세요!!우와",
    "date": "13.07.21",
    "rating": "10",
    "author": "hje0****",
    "review_id": "7772812",
    "movie_id": "20448"
  },
  {
    "review": "최고다 영화를 보는 내내 긴장감이 흐르고 대괴수 용가리가 불을  뿜으면서 헬리곱터를 공격할땐 정말 아슬아슬했다 더운 여름에 보니 무더위가 싹 가실 정도로 무섭다",
    "date": "13.07.21",
    "rating": "10",
    "author": "kshb****",
    "review_id": "7772810",
    "movie_id": "20448"
  },
  {
    "review": "50년전 작품인데  상당히 잘만들었네..",
    "date": "13.07.21",
    "rating": "10",
    "author": "kjb1****",
    "review_id": "7772808",
    "movie_id": "20448"
  },
  {
    "review": "밑에 심형래어쩌고뭐지...",
    "date": "13.07.21",
    "rating": "9",
    "author": "rlae****",
    "review_id": "7772807",
    "movie_id": "20448"
  },
  {
    "review": "심형래감독 떠들어대는사람들은 뭐지 이거 감독 김기덕 감독이다 알도못하면서 아는척하지마라",
    "date": "13.07.21",
    "rating": "9",
    "author": "kiki****",
    "review_id": "7772799",
    "movie_id": "20448"
  },
  {
    "review": "이런앙증맞은 헬리콥터귀여워~~",
    "date": "13.07.21",
    "rating": "10",
    "author": "hitn****",
    "review_id": "7772795",
    "movie_id": "20448"
  },
  {
    "review": "ebs로 지금 보고있습니다. 영어더빙까지... 의외로 재밌네요. 어색하지만 cg가 아닌 인간미도 있고. 옛날모습도 반갑고",
    "date": "13.07.21",
    "rating": "8",
    "author": "jame****",
    "review_id": "7772789",
    "movie_id": "20448"
  },
  {
    "review": "심형래씨가 안 좋은 사건으로 이미지가 추락한 건 사실이지만 바보연기로 침울했던 8-90년대 국민들에게 많은 웃음을 준 분이니 욕도 적당히좀 합시다.",
    "date": "13.07.21",
    "rating": "9",
    "author": "rlfe****",
    "review_id": "7772785",
    "movie_id": "20448"
  },
  {
    "review": "꽃보다 순재",
    "date": "13.07.21",
    "rating": "10",
    "author": "whan****",
    "review_id": "7772780",
    "movie_id": "20448"
  },
  {
    "review": "하...요거요거...유치하긴한데. 채널을 못돌리고 리모컨든채 계속 보고있는 나....뭐냐 이거",
    "date": "13.07.21",
    "rating": "10",
    "author": "1971****",
    "review_id": "7772759",
    "movie_id": "20448"
  },
  {
    "review": "우뢰매가 생각난다...ㅋ 당시로선 그럴 의도가 아니었겠지만 지금봐선 B급영화 보는 기분으로 보면 생각외로 재미짐... 조악하고 허접한게 은근히 매력...",
    "date": "13.07.21",
    "rating": "7",
    "author": "wjsr****",
    "review_id": "7772757",
    "movie_id": "20448"
  },
  {
    "review": "지금 심X래가 찍어내는 OOO 영화보다 훨씬 낫네. 여기 용가리는 차라리 귀여운 맛이라도 있다 ㅋㅋ",
    "date": "13.07.21",
    "rating": "10",
    "author": "park****",
    "review_id": "7772755",
    "movie_id": "20448"
  },
  {
    "review": "굿 캬..ㅎㅎㅎㅎ",
    "date": "13.07.21",
    "rating": "10",
    "author": "hiph****",
    "review_id": "7772750",
    "movie_id": "20448"
  },
  {
    "review": "우와~대괴수용가리 계속보는까 미궁으로빠지네ㅎ",
    "date": "13.07.21",
    "rating": "10",
    "author": "yo72****",
    "review_id": "7772719",
    "movie_id": "20448"
  },
  {
    "review": "원본필름은 유실되고 미국으로 수출된 더빙판원본만이 남아있다고 합니다  우리말버전은 48분짜리가 남아있음.",
    "date": "13.07.21",
    "rating": "9",
    "author": "iima****",
    "review_id": "7772711",
    "movie_id": "20448"
  },
  {
    "review": "60년대 우리나라 영화치곤 꽤 수준급이다. 여배우 패션이나 얼굴 화장술등이 지금과 비교해도 뒤쳐지지않는다내용도 재밋고 한국어였으면 더 좋았겠다.",
    "date": "13.07.21",
    "rating": "9",
    "author": "myun****",
    "review_id": "7772672",
    "movie_id": "20448"
  },
  {
    "review": "그 김기덕이 아니었네 큭",
    "date": "13.07.21",
    "rating": "7",
    "author": "khdh****",
    "review_id": "7772668",
    "movie_id": "20448"
  },
  {
    "review": "오 1960년대 영화일 줄이야! 이순재 할배 젊으셨을 때 매력있네요 근데 왜 다 대사가 영어인거죠?",
    "date": "13.07.21",
    "rating": "10",
    "author": "rei2****",
    "review_id": "7772641",
    "movie_id": "20448"
  },
  {
    "review": "그저 웃음이 나온다.",
    "date": "13.05.19",
    "rating": "6",
    "author": "jtot****",
    "review_id": "7541692",
    "movie_id": "20448"
  }
]