[
  {
    "review": "고대영화다 ㅋㅋ 리얼 고대 영화다 레알 고대영화",
    "date": "14.08.10",
    "rating": "10",
    "author": "wlsg****",
    "review_id": "9060286",
    "movie_id": "20461"
  },
  {
    "review": "그러게 왜 10점임?ㅋㅋ",
    "date": "14.06.14",
    "rating": "1",
    "author": "bky7****",
    "review_id": "8829841",
    "movie_id": "20461"
  },
  {
    "review": "머 이딴영화가 평점10점???",
    "date": "11.12.28",
    "rating": "1",
    "author": "ksyl****",
    "review_id": "5941763",
    "movie_id": "20461"
  },
  {
    "review": "지퍼 열렸어요~",
    "date": "09.12.31",
    "rating": "10",
    "author": "jjan****",
    "review_id": "4112119",
    "movie_id": "20461"
  }
]