[
  {
    "review": "고전 영화는 눈으로 보는게 아니라 마음으로 보는 것이다!!",
    "date": "15.07.27",
    "rating": "10",
    "author": "ske4****",
    "review_id": "10149576",
    "movie_id": "20491"
  },
  {
    "review": "예전  생활이 나와서 재밌어요~~~~",
    "date": "15.07.26",
    "rating": "8",
    "author": "blon****",
    "review_id": "10147513",
    "movie_id": "20491"
  },
  {
    "review": "신성일이나 김지미,윤정희 이런 흔하디 흔한 인기배우들이 없이 뭔가 신선한 배우들이 많이 나와서 좋았다!! 특히 여기 여배우들은 왜이리 이쁜거지?? 너무 이쁘더라~~촌스럽지도 않고 이쁘고 섹시함!",
    "date": "15.01.24",
    "rating": "10",
    "author": "merm****",
    "review_id": "9630474",
    "movie_id": "20491"
  },
  {
    "review": "70년대초반 서울모습을 볼수있는 사료영화.",
    "date": "14.12.07",
    "rating": "2",
    "author": "0176****",
    "review_id": "9455116",
    "movie_id": "20491"
  },
  {
    "review": "40년대 태어나신분들의 젊은시절 말투 생각 생활들 그리고 그시절 서울풍경을 볼수있어서 좋았다 더불어 장현 윤항기 선생님의 공연은 보너스~^^",
    "date": "14.11.29",
    "rating": "10",
    "author": "befr****",
    "review_id": "9432111",
    "movie_id": "20491"
  },
  {
    "review": "아 한 마디 괜히 보았다 시간만 낭비했네",
    "date": "10.05.24",
    "rating": "1",
    "author": "deff****",
    "review_id": "4522562",
    "movie_id": "20491"
  }
]