[
  {
    "review": "제발 영화 정보좀 제대로 알고 적어주세요 이장호감독님동생 이영호는 이영화에 나오지 않습니다.",
    "date": "13.10.07",
    "rating": "8",
    "author": "assa****",
    "review_id": "8043452",
    "movie_id": "20502"
  },
  {
    "review": "타임머신을타고 지금은 할머니가된 배우들의 전성기때를봐서 기분좋았어요.",
    "date": "11.08.17",
    "rating": "10",
    "author": "wnql****",
    "review_id": "5663034",
    "movie_id": "20502"
  },
  {
    "review": "버스요금빼돌리는장면 없애라 며 버스단체에서 항의",
    "date": "09.03.26",
    "rating": "10",
    "author": "wood****",
    "review_id": "3388563",
    "movie_id": "20502"
  }
]