[
  {
    "review": "감독이 저희 친할아버지이십니다",
    "date": "15.05.16",
    "rating": "10",
    "author": "wwc5****",
    "review_id": "9923949",
    "movie_id": "20522"
  },
  {
    "review": "클레멘타인에 감동받고 연관영화로 들어온 1인",
    "date": "14.08.14",
    "rating": "10",
    "author": "shk0****",
    "review_id": "9083608",
    "movie_id": "20522"
  },
  {
    "review": "지금 인간들이랑 정신 상태가 똑같네",
    "date": "12.01.22",
    "rating": "7",
    "author": "lott****",
    "review_id": "6008438",
    "movie_id": "20522"
  },
  {
    "review": "50년대 영화이지만 요새 한국 영화보다 더 재미는 나다",
    "date": "10.02.05",
    "rating": "7",
    "author": "qmfk****",
    "review_id": "4247252",
    "movie_id": "20522"
  },
  {
    "review": "그때 그 당시 사회를 탐구한 영화 ,, 걸작이다",
    "date": "09.12.26",
    "rating": "10",
    "author": "zhsm****",
    "review_id": "4090002",
    "movie_id": "20522"
  },
  {
    "review": "우리 외 증조 할아버지의 영화!  짱!짱!짱!",
    "date": "09.10.09",
    "rating": "10",
    "author": "cd05****",
    "review_id": "3882932",
    "movie_id": "20522"
  },
  {
    "review": "완전 장입니당",
    "date": "09.08.17",
    "rating": "10",
    "author": "tlac****",
    "review_id": "3759130",
    "movie_id": "20522"
  },
  {
    "review": "가난했던 서민들의 물질의 열망을 나타낸 영화.하지만 끝마무리의 어설픔",
    "date": "07.11.18",
    "rating": "9",
    "author": "tjdg****",
    "review_id": "2161797",
    "movie_id": "20522"
  },
  {
    "review": "오늘날 한국영화가 가야될 길을 제시해 준 숨겨진 수작",
    "date": "06.11.28",
    "rating": "7",
    "author": "okjo****",
    "review_id": "1256518",
    "movie_id": "20522"
  }
]