[
  {
    "review": "개인적으로 살짝 아쉬웠다. 주인공의 장인정신과 예술혼이 그다지 잘 연출되었다고 생각하지는 않는다. 오히려, 아내에 대한 배신감에 묻혀 늙은이의 장인정신이 가려진 듯 하다. 또, 전통적인것과 근대적인 것에대한 원작의 주제도 부재한 것이 아쉽다.",
    "date": "14.08.05",
    "rating": "8",
    "author": "pola****",
    "review_id": "9031666",
    "movie_id": "20521"
  },
  {
    "review": "음악과 심리 그리고 그 애절한 대사와 상황묘사 ㅋㅋ",
    "date": "12.11.27",
    "rating": "9",
    "author": "dma9****",
    "review_id": "6930810",
    "movie_id": "20521"
  },
  {
    "review": "EBS 환상화질로 방영.  옛 냄새 물씬.   쌍꺼풀 수술이 꽤 오래전부터 있었구나.",
    "date": "11.10.04",
    "rating": "5",
    "author": "pria****",
    "review_id": "5771536",
    "movie_id": "20521"
  },
  {
    "review": "소설으로도 읽고 영화로도 봤지만 재밌어요. 봐도 후회하지 않을정도!!",
    "date": "11.09.11",
    "rating": "10",
    "author": "codu****",
    "review_id": "5722160",
    "movie_id": "20521"
  },
  {
    "review": "옛날 영화의 매력을 느끼게 해 주었던 영화^^ 원작 소설과는 다른 신선한 느낌!!",
    "date": "11.08.15",
    "rating": "9",
    "author": "jeil****",
    "review_id": "5655894",
    "movie_id": "20521"
  },
  {
    "review": "EBS에서 본 영화다. 40년전에 이러케 뜨거운 에로티시즘을 표현한 영화가 있었나 .",
    "date": "10.07.12",
    "rating": "10",
    "author": "bich****",
    "review_id": "4631906",
    "movie_id": "20521"
  },
  {
    "review": "윤정희씨 젊은날 모습이 아름답네요 오래된 영화지만 재밌게 보았습니다.",
    "date": "10.07.11",
    "rating": "10",
    "author": "qax7****",
    "review_id": "4631624",
    "movie_id": "20521"
  }
]