[
  {
    "review": "최고. 말이 필요없다.",
    "date": "13.06.23",
    "rating": "10",
    "author": "cumm****",
    "review_id": "7673368",
    "movie_id": "20538"
  },
  {
    "review": "확실히 지금나오는 영화보다 재미있어요...",
    "date": "10.10.28",
    "rating": "10",
    "author": "nncv****",
    "review_id": "4925369",
    "movie_id": "20538"
  },
  {
    "review": "그당시 극장 개봉작중 유일하게 10만관객을 돌파한 영화",
    "date": "10.04.01",
    "rating": "10",
    "author": "jed3****",
    "review_id": "4401162",
    "movie_id": "20538"
  },
  {
    "review": "지금 나오는 영화보다 재밌는 영화!",
    "date": "06.02.08",
    "rating": "9",
    "author": "chaa****",
    "review_id": "655617",
    "movie_id": "20538"
  }
]