[
  {
    "review": "이거 황정리가 악역으로 나왔던 영화 아니던가? 어렸을 적에 본 것 같은데.... 황정리가  생 장어 껍질 벗겨서 먹던 어렷을적엔 우웩하던 장면도 있던 그 영화 같은데....",
    "date": "14.02.12",
    "rating": "6",
    "author": "bing****",
    "review_id": "8500192",
    "movie_id": "20546"
  },
  {
    "review": "이준구 한국일 임은주등..태권도발차기가 제법볼만하다",
    "date": "10.08.20",
    "rating": "10",
    "author": "zmfp****",
    "review_id": "4770434",
    "movie_id": "20546"
  },
  {
    "review": "격투씬 말고는 바라지 말 것",
    "date": "10.07.09",
    "rating": "2",
    "author": "evil****",
    "review_id": "4623453",
    "movie_id": "20546"
  },
  {
    "review": "용쟁호투의 아류작으로 썩을만한건 아닌듯...",
    "date": "10.01.29",
    "rating": "10",
    "author": "suse****",
    "review_id": "4219958",
    "movie_id": "20546"
  }
]