[
  {
    "review": "완전 이소룡 영화 유행 분위기빨 나는 영화!!!! 그래도 한국영화치고 액션은 잘만들었네!! 주인공 발차기 깨끗하고 일품이다!! 하긴 저때 당시에 홍콩배우와 홍콩영화랑도 합작이 많았던 시절이었지!! 정소녀 저때 당시 딱 20세였네? 나름 볼만했다^^",
    "date": "13.04.22",
    "rating": "7",
    "author": "merm****",
    "review_id": "7474044",
    "movie_id": "20543"
  },
  {
    "review": "티비 에서 하길레 봤는데 볼만했어요",
    "date": "13.04.22",
    "rating": "10",
    "author": "qaws****",
    "review_id": "7474040",
    "movie_id": "20543"
  },
  {
    "review": "정소녀가 저렇게 예뻤던가... 내 기억속에서는 이미 30대를 넘긴 그녀의 이미지만 있어서..... 역시 예전 배우들의 미모는 지금 배우들과는 격이 다른.... 물론 성형 없이 저정도니.... 영화도 약간 유치한 것만 빼고는 훌륭~",
    "date": "13.04.22",
    "rating": "7",
    "author": "amro****",
    "review_id": "7473973",
    "movie_id": "20543"
  },
  {
    "review": "EBS 한국영화 특선 감사합니다. 덕분에 예전 시절의 명작 영화들을 편하게 볼 수 있어요. 옛날 영화지만 현대 기술로 컬러복원 하니 성우들의 연기와 더불어서 새로운 스타일의 영화를 보는 느낌",
    "date": "13.04.21",
    "rating": "10",
    "author": "coco****",
    "review_id": "7473958",
    "movie_id": "20543"
  },
  {
    "review": "지금 한국영화특선으로 EBS에서 하길래 보고있는데 74년도의 영화치고 이 정도라면 훌륭하다고 본다, 하지만 어색하고 유치한건 정말 어떻게 할 수 없군.",
    "date": "13.04.21",
    "rating": "8",
    "author": "tlsg****",
    "review_id": "7473894",
    "movie_id": "20543"
  },
  {
    "review": "당시영화치곤 스토리의 짜임새와 액션도 훌륭하고..잘 만들어진 태권권격 수작이다",
    "date": "11.07.03",
    "rating": "10",
    "author": "zmfp****",
    "review_id": "5519443",
    "movie_id": "20543"
  },
  {
    "review": "새파란 정소녀의 모습땜에 점수. 한용철은 지금 뭐하시는지?",
    "date": "11.06.06",
    "rating": "2",
    "author": "sykm****",
    "review_id": "5467841",
    "movie_id": "20543"
  },
  {
    "review": "스토리 구성은 부족하지만 액션씬은 볼만함..황정리씨 모습도 볼 수 있다.",
    "date": "11.06.06",
    "rating": "7",
    "author": "thra****",
    "review_id": "5467103",
    "movie_id": "20543"
  },
  {
    "review": "전설의 한용철, 챠리셀, 전설의 태권 영화, 사라진 태권 영화의 컬트 필름.",
    "date": "11.06.05",
    "rating": "6",
    "author": "expr****",
    "review_id": "5466681",
    "movie_id": "20543"
  },
  {
    "review": "이두용 감독의 기획력은 손꼽아 줄만하다.",
    "date": "10.09.25",
    "rating": "6",
    "author": "evil****",
    "review_id": "4868693",
    "movie_id": "20543"
  },
  {
    "review": "지금 보면 폭소의 도가니탕..하지만 아드레날린을 솟구치게 만드는 무술액션영화",
    "date": "10.07.19",
    "rating": "10",
    "author": "qorr****",
    "review_id": "4652723",
    "movie_id": "20543"
  },
  {
    "review": "그때당시의 챠리셀한용철은 최고의인기스타덤으로 오르게한영화이다",
    "date": "10.01.25",
    "rating": "10",
    "author": "whit****",
    "review_id": "4207692",
    "movie_id": "20543"
  },
  {
    "review": "한국형 액션. 그 당시는 볼 만 했었다.",
    "date": "09.12.06",
    "rating": "2",
    "author": "pria****",
    "review_id": "4021919",
    "movie_id": "20543"
  }
]