[
  {
    "review": "나온지 20년이지난 올해 봤다 개봉시 미성년자라 손창호관련기사보고 생각나서 인터넷OO서 테이프구했다 그리 완성도가 높은 영화는 아니고 손창호씨가 이 영화실패후 쪼들린걸로 아는데 영화 시작과 끝 춤이 인상적이다 왜 케이블채널에는 방영안해?",
    "date": "13.09.09",
    "rating": "5",
    "author": "ki3u****",
    "review_id": "7961859",
    "movie_id": "20560"
  },
  {
    "review": "한국여자들 일본가서 몸파는건 그당시나 지금이나 변함이 없구나.",
    "date": "10.10.18",
    "rating": "4",
    "author": "kara****",
    "review_id": "4909069",
    "movie_id": "20560"
  },
  {
    "review": "그녀의 다리사이로 후지산이 보인다!!",
    "date": "09.02.19",
    "rating": "2",
    "author": "wood****",
    "review_id": "3316497",
    "movie_id": "20560"
  },
  {
    "review": "팬덤으로서는 명작.",
    "date": "07.11.20",
    "rating": "10",
    "author": "some****",
    "review_id": "2168441",
    "movie_id": "20560"
  }
]