[
  {
    "review": "60년대 사회상을  리얼하게 표현한 수작    요즘 한국 고전영화에 빠지다",
    "date": "14.02.13",
    "rating": "10",
    "author": "came****",
    "review_id": "8504802",
    "movie_id": "20589"
  },
  {
    "review": "중간중간에 코믹한 장면들이 많아 대단히 재밌다. 결국 신파로 끝낸 건 아쉽지만..",
    "date": "10.04.06",
    "rating": "7",
    "author": "mygr****",
    "review_id": "4414825",
    "movie_id": "20589"
  },
  {
    "review": "내러티브가 갑자기 확 끊기긴 했지만 ^^ 재밌었다.",
    "date": "08.10.22",
    "rating": "8",
    "author": "mypl****",
    "review_id": "3013763",
    "movie_id": "20589"
  },
  {
    "review": "불보듯 뻔한 줄거리 속에서도 빛나는 배우들의 매력",
    "date": "08.10.06",
    "rating": "7",
    "author": "soul****",
    "review_id": "2985846",
    "movie_id": "20589"
  },
  {
    "review": "안성기의 아역 연기력, 허장강의 어설픈 외국어실력을 볼 수 있었던 영화.",
    "date": "07.11.18",
    "rating": "10",
    "author": "tjdg****",
    "review_id": "2161806",
    "movie_id": "20589"
  }
]