[
  {
    "review": "주인공 허성태 근황 아시는 분?",
    "date": "15.03.19",
    "rating": "10",
    "author": "into****",
    "review_id": "9792663",
    "movie_id": "20616"
  },
  {
    "review": "ㅋㅋㅋㅋ  이거  유치원때 봤음 ㅋㅋ  개판",
    "date": "14.12.07",
    "rating": "1",
    "author": "fghy****",
    "review_id": "9456078",
    "movie_id": "20616"
  },
  {
    "review": "명장은 명작을 낳는다..",
    "date": "14.10.02",
    "rating": "1",
    "author": "pont****",
    "review_id": "9253038",
    "movie_id": "20616"
  },
  {
    "review": "이시대 최고의 영화!!!",
    "date": "14.06.22",
    "rating": "10",
    "author": "redd****",
    "review_id": "8846877",
    "movie_id": "20616"
  },
  {
    "review": "이런 OO련이 꼬마애한테 처음보자마자 총질하네",
    "date": "14.05.09",
    "rating": "1",
    "author": "love****",
    "review_id": "8717858",
    "movie_id": "20616"
  },
  {
    "review": "ㅇㅇ 드레곤볼 소름끼친다 ㅋㅋㅋ",
    "date": "14.04.06",
    "rating": "10",
    "author": "ske4****",
    "review_id": "8633150",
    "movie_id": "20616"
  },
  {
    "review": "짜가인가 이게뭐여..뭔..",
    "date": "14.02.11",
    "rating": "1",
    "author": "kono****",
    "review_id": "8497657",
    "movie_id": "20616"
  },
  {
    "review": "밑에 아기 낳냐? 아휴 참",
    "date": "14.01.27",
    "rating": "1",
    "author": "wjsw****",
    "review_id": "8435472",
    "movie_id": "20616"
  },
  {
    "review": "이게 드래곤볼? 차라리 그려라",
    "date": "14.01.04",
    "rating": "1",
    "author": "ekdm****",
    "review_id": "8347099",
    "movie_id": "20616"
  },
  {
    "review": "오늘봤는데 진짜ㅏ 영화도아니다 이건...",
    "date": "13.09.14",
    "rating": "1",
    "author": "ente****",
    "review_id": "7976173",
    "movie_id": "20616"
  },
  {
    "review": "심형래보다 이상인씨가 이 영화에 나왔다는것에 더 놀랐음......이상인씨 때문에 5점 줍니다.",
    "date": "13.09.03",
    "rating": "5",
    "author": "spee****",
    "review_id": "7945858",
    "movie_id": "20616"
  },
  {
    "review": "이상햌ㅋㅋㅋㅋㅋㅋㅋ",
    "date": "13.08.08",
    "rating": "1",
    "author": "onda****",
    "review_id": "7858460",
    "movie_id": "20616"
  },
  {
    "review": "ㅋㅋㅋㅋㅋ 이게뭐얔",
    "date": "13.06.08",
    "rating": "1",
    "author": "ghfh****",
    "review_id": "7610288",
    "movie_id": "20616"
  },
  {
    "review": "솔직히 드래곤볼 에볼루션보다는 낳음",
    "date": "13.04.15",
    "rating": "5",
    "author": "sang****",
    "review_id": "7462075",
    "movie_id": "20616"
  },
  {
    "review": "제작목적에 궁금증.",
    "date": "12.04.17",
    "rating": "1",
    "author": "pria****",
    "review_id": "6229444",
    "movie_id": "20616"
  },
  {
    "review": "원작에 대한 테러 수준의 저퀄리티, 그래도 희귀성 만큼은..",
    "date": "12.02.28",
    "rating": "3",
    "author": "goms****",
    "review_id": "6109619",
    "movie_id": "20616"
  },
  {
    "review": "북두의권 왕룡의 연출력이라면 믿을수 있다!",
    "date": "11.11.25",
    "rating": "10",
    "author": "cpat****",
    "review_id": "5869428",
    "movie_id": "20616"
  },
  {
    "review": "손오공 콧꾸멍 보소...",
    "date": "11.10.15",
    "rating": "1",
    "author": "angk****",
    "review_id": "5789297",
    "movie_id": "20616"
  },
  {
    "review": "오룡 인형탈 썻다.하지만 원작에 충실하고 명연기 손오공머리가 정말 쩐다",
    "date": "11.09.19",
    "rating": "10",
    "author": "dark****",
    "review_id": "5741133",
    "movie_id": "20616"
  },
  {
    "review": "드래곤볼 만화책, DVD, 플스 타이틀 다 처분하고도 이 영화 비디오테잎은 못버림^^",
    "date": "11.08.31",
    "rating": "10",
    "author": "just****",
    "review_id": "5699945",
    "movie_id": "20616"
  },
  {
    "review": "어디가야 볼수있는거야 다시 개봉한다면 극장가서 꼭본다!! 너무보고싶다ㅠㅠ",
    "date": "11.07.04",
    "rating": "10",
    "author": "dark****",
    "review_id": "5520976",
    "movie_id": "20616"
  },
  {
    "review": "정말 예전 어렸을때 생각난다..예전 비디오들 다 보고 싶네^^",
    "date": "11.04.28",
    "rating": "10",
    "author": "chan****",
    "review_id": "5395365",
    "movie_id": "20616"
  },
  {
    "review": "싸워라! 손오공!! 이겨라! 손오공!!",
    "date": "11.03.03",
    "rating": "10",
    "author": "ange****",
    "review_id": "5290582",
    "movie_id": "20616"
  },
  {
    "review": "헐리우드판을 보았다면 이작품이 얼마나 고퀄리티인지 알것이다.",
    "date": "11.01.31",
    "rating": "10",
    "author": "fhta****",
    "review_id": "5201133",
    "movie_id": "20616"
  },
  {
    "review": "그냥 유치한 맛에 봤지 뭐, 스트리트 파이터도 본듯한데",
    "date": "11.01.25",
    "rating": "10",
    "author": "bajj****",
    "review_id": "5183286",
    "movie_id": "20616"
  },
  {
    "review": "보지않아도 알수있는 대작",
    "date": "11.01.21",
    "rating": "10",
    "author": "gxpo****",
    "review_id": "5173412",
    "movie_id": "20616"
  },
  {
    "review": "만화는좋아도 이영화는싫음 ㅋㅋ 야무치 대박못생김 ㅋㅋ손오공머리가 아톰?? ㅋㅋ",
    "date": "11.01.20",
    "rating": "1",
    "author": "hw69****",
    "review_id": "5170476",
    "movie_id": "20616"
  },
  {
    "review": "이거 TV로 초2~3학년쯤 보고 엄청 실망한 기억이 난다. 최근 에볼루션본 기분과 비슷?",
    "date": "11.01.10",
    "rating": "7",
    "author": "ares****",
    "review_id": "5147379",
    "movie_id": "20616"
  },
  {
    "review": "나 이거 봤다.......",
    "date": "10.08.19",
    "rating": "10",
    "author": "seyi****",
    "review_id": "4764551",
    "movie_id": "20616"
  },
  {
    "review": "이건 명작 중에 명작이다.... 명 연출 명 연기  이런 영화 절대 안 나온다 진심이다.!",
    "date": "10.07.19",
    "rating": "10",
    "author": "joyq****",
    "review_id": "4651494",
    "movie_id": "20616"
  },
  {
    "review": "대박이다",
    "date": "10.06.15",
    "rating": "10",
    "author": "baej****",
    "review_id": "4566400",
    "movie_id": "20616"
  },
  {
    "review": "원작자인 토리야마 아키라가 독도의소유권을 주장해도,인간적으로 이해해주고 싶다.",
    "date": "10.04.09",
    "rating": "1",
    "author": "baks****",
    "review_id": "4421366",
    "movie_id": "20616"
  },
  {
    "review": "통키가 불꽃슛을쏜다면 그는 피할뿐이다.",
    "date": "10.04.08",
    "rating": "10",
    "author": "thst****",
    "review_id": "4419811",
    "movie_id": "20616"
  },
  {
    "review": "이것도 성지군하!",
    "date": "10.04.06",
    "rating": "10",
    "author": "shan****",
    "review_id": "4415222",
    "movie_id": "20616"
  },
  {
    "review": "시바ㅋㅋㅋㅋ에볼루션보다 났것네 ㅋㅋㅋㅋ 아 포스터쩌러",
    "date": "10.02.23",
    "rating": "10",
    "author": "kkjs****",
    "review_id": "4313383",
    "movie_id": "20616"
  },
  {
    "review": "에볼루션보다 조금 나은듯한데 ㅋㅋ 2012보구 이걸봐서그런지..좀 창피한영화인데..ㅋ",
    "date": "09.12.22",
    "rating": "10",
    "author": "doc1****",
    "review_id": "4071685",
    "movie_id": "20616"
  },
  {
    "review": "나도 어렸을 때 극장에서 봤고 샤프하고 책받침을 받았다!!",
    "date": "09.11.29",
    "rating": "5",
    "author": "a141****",
    "review_id": "4000235",
    "movie_id": "20616"
  },
  {
    "review": "난 무려 어렸을때 극장에서 봤고, 극장을 나설때 기념 스티커를 선물로 받았었다!!!",
    "date": "09.08.16",
    "rating": "10",
    "author": "noir****",
    "review_id": "3753357",
    "movie_id": "20616"
  },
  {
    "review": "어릴떄 재미있게 봤는데",
    "date": "09.06.07",
    "rating": "10",
    "author": "yong****",
    "review_id": "3549927",
    "movie_id": "20616"
  },
  {
    "review": "양새키들 데리고 노는 에볼루션 새끼들보다 이게 훨씬 낫다 시방",
    "date": "09.05.20",
    "rating": "10",
    "author": "ksm_****",
    "review_id": "3508705",
    "movie_id": "20616"
  },
  {
    "review": "아 OO 재밌겠다!!!!",
    "date": "09.05.11",
    "rating": "10",
    "author": "kare****",
    "review_id": "3486909",
    "movie_id": "20616"
  },
  {
    "review": "이 최고의 영화를 보고 나니, 내가 이때까지 본 영화들이 쓰레기라는걸 깨달았다.",
    "date": "09.05.10",
    "rating": "10",
    "author": "lees****",
    "review_id": "3485432",
    "movie_id": "20616"
  },
  {
    "review": "스샷 심형래 거시기 뜯길때 뒤에 배경은 그림이라는.. 최고의 효과임",
    "date": "09.05.03",
    "rating": "10",
    "author": "k440****",
    "review_id": "3462597",
    "movie_id": "20616"
  },
  {
    "review": "이주희 목욕신이 압권이었다는...",
    "date": "09.03.24",
    "rating": "10",
    "author": "leed****",
    "review_id": "3385640",
    "movie_id": "20616"
  },
  {
    "review": "원작에 충실하군요! 역시 그 양키놈들델꼬와서 ㅈㄹ하는 에볼루션보단낫죠",
    "date": "09.03.23",
    "rating": "10",
    "author": "jeey****",
    "review_id": "3383523",
    "movie_id": "20616"
  },
  {
    "review": "아나 ㅋㅋ 에볼루션보다 낫네",
    "date": "09.03.21",
    "rating": "10",
    "author": "smh0****",
    "review_id": "3378909",
    "movie_id": "20616"
  },
  {
    "review": "드래곤볼 영화의 완전판!!원작에 충실한 영화",
    "date": "09.03.20",
    "rating": "10",
    "author": "dhwo****",
    "review_id": "3376525",
    "movie_id": "20616"
  },
  {
    "review": "에볼루션보고왔음",
    "date": "09.03.17",
    "rating": "10",
    "author": "nayu****",
    "review_id": "3371416",
    "movie_id": "20616"
  },
  {
    "review": "잼있었지 ㅋㅋㅋ 에볼루션 보고싶은데 평이 안좋네요 ㅎㅎ",
    "date": "09.03.15",
    "rating": "10",
    "author": "fbi4****",
    "review_id": "3366684",
    "movie_id": "20616"
  },
  {
    "review": "드래곤볼 에볼루션 보다 낫다 OO",
    "date": "09.03.14",
    "rating": "10",
    "author": "kink****",
    "review_id": "3365952",
    "movie_id": "20616"
  },
  {
    "review": "완성도는 떨어지지만 원작의 향수를 느끼게 해준다. 에볼루션 에 비하면 이건 10점.",
    "date": "09.03.12",
    "rating": "10",
    "author": "sart****",
    "review_id": "3361683",
    "movie_id": "20616"
  },
  {
    "review": "어릴때 극장가서 이거봤는데 그때는 볼만했음",
    "date": "09.02.19",
    "rating": "10",
    "author": "skcw****",
    "review_id": "3315245",
    "movie_id": "20616"
  },
  {
    "review": "푸하하하하하ㅏㅎ하ㅏㅎ 머리봐 ㅋㅋㅋㅋㅋㅋㅋㅋㅋㅋㅋㅋㅋㅋ좀짱인듯??ㅋㅋㅋ",
    "date": "09.02.10",
    "rating": "1",
    "author": "cyci****",
    "review_id": "3292222",
    "movie_id": "20616"
  },
  {
    "review": "아나 포스터 웃겨서 풀별",
    "date": "09.02.02",
    "rating": "10",
    "author": "ksh0****",
    "review_id": "3272227",
    "movie_id": "20616"
  },
  {
    "review": "이걸 보기 위해 극장에 돈 쓰신 분들을 위해!!! 1人",
    "date": "09.01.26",
    "rating": "10",
    "author": "pms9****",
    "review_id": "3252227",
    "movie_id": "20616"
  },
  {
    "review": "북두의 권 실사판에서 왕룡감독이 보여준 관록과 감각이 그대로 이어지는 작품",
    "date": "08.12.20",
    "rating": "8",
    "author": "fami****",
    "review_id": "3133446",
    "movie_id": "20616"
  },
  {
    "review": "ㅋㅋㅋㅋㅋㅋㅋㅋㅋㅋㅋㅋㅋㅋㅋㅋㅋㅋㅋㅋㅋㅋㅋ할말이 없네 ㅋㅋㅋㅋㅋㅋㅋ",
    "date": "08.12.19",
    "rating": "6",
    "author": "jong****",
    "review_id": "3131309",
    "movie_id": "20616"
  },
  {
    "review": "이 작품이 차라리 원작에는 가깝지...",
    "date": "08.12.18",
    "rating": "10",
    "author": "hara****",
    "review_id": "3126954",
    "movie_id": "20616"
  },
  {
    "review": "차라리 이게 곧나올 헐리우드 드래곤볼 보다 낮겠다 ㅅㅂ",
    "date": "08.12.14",
    "rating": "10",
    "author": "daem****",
    "review_id": "3116150",
    "movie_id": "20616"
  },
  {
    "review": "감독이 약간 변태인듯...",
    "date": "08.11.30",
    "rating": "10",
    "author": "oong****",
    "review_id": "3081659",
    "movie_id": "20616"
  },
  {
    "review": "재밌어Tdjdy!",
    "date": "08.11.24",
    "rating": "10",
    "author": "0105****",
    "review_id": "3069956",
    "movie_id": "20616"
  },
  {
    "review": "솔직히 토나오는줄 알음...",
    "date": "08.11.20",
    "rating": "1",
    "author": "qkqk****",
    "review_id": "3062187",
    "movie_id": "20616"
  },
  {
    "review": "우왕ㅋ굳 심형래출현작이네 어쩐지",
    "date": "08.11.16",
    "rating": "1",
    "author": "wodn****",
    "review_id": "3053510",
    "movie_id": "20616"
  },
  {
    "review": "그땐 정말 재미있게 봤다ㅋㅋ",
    "date": "08.11.13",
    "rating": "5",
    "author": "si2p****",
    "review_id": "3048167",
    "movie_id": "20616"
  },
  {
    "review": "ㅋㅋㅋㅋㅋㅋㅋㅋ아놔 싸워라손오공이겨라손오공 ㅋㅋㅋㅋ 무스칠을 어케했길랰ㅋㅋㅋ",
    "date": "08.11.05",
    "rating": "10",
    "author": "gmfn****",
    "review_id": "3036264",
    "movie_id": "20616"
  },
  {
    "review": "핳핳하하하핳 손오공이 아톰이네. 그냥 아톰해라. 손오공 콧구멍에 수박씨넣은것같아",
    "date": "08.11.02",
    "rating": "10",
    "author": "alff****",
    "review_id": "3031143",
    "movie_id": "20616"
  },
  {
    "review": "대만판 드래곤볼보단 100배낫다 ㅡㅡ",
    "date": "08.11.02",
    "rating": "10",
    "author": "otyl****",
    "review_id": "3031047",
    "movie_id": "20616"
  },
  {
    "review": "싸워라 손오공 이겨라 손오공 ㅅㅂ ㅋㅋㅋㅋㅋㅋㅋㅋㅋㅋ",
    "date": "08.11.02",
    "rating": "10",
    "author": "sdkb****",
    "review_id": "3030738",
    "movie_id": "20616"
  },
  {
    "review": "푸하하핳 이거 완전 부루마쩌네?손오공머리가 완전 걔닮았네;; 걔누구더라 ㅋㅋ",
    "date": "08.10.12",
    "rating": "10",
    "author": "audt****",
    "review_id": "2996132",
    "movie_id": "20616"
  },
  {
    "review": "ㅋㅋㅋㅋㅋ이거 나 유딩때 본건데 ㅋㅋㅋㅋㅋ",
    "date": "08.10.08",
    "rating": "10",
    "author": "wjst****",
    "review_id": "2989351",
    "movie_id": "20616"
  },
  {
    "review": "애니를 능가 원작에 충실했다.",
    "date": "08.10.08",
    "rating": "10",
    "author": "aaaa****",
    "review_id": "2988694",
    "movie_id": "20616"
  },
  {
    "review": "드래곤볼 사진 봐서 웃겨서 별 풀",
    "date": "08.10.07",
    "rating": "10",
    "author": "rkdq****",
    "review_id": "2988073",
    "movie_id": "20616"
  },
  {
    "review": "난 이런거만 보면 징그러워",
    "date": "08.10.02",
    "rating": "10",
    "author": "gjal****",
    "review_id": "2978449",
    "movie_id": "20616"
  },
  {
    "review": "난 이거 어렸을때 극장가서 돈주고 봤다",
    "date": "08.09.24",
    "rating": "10",
    "author": "dnbo****",
    "review_id": "2966280",
    "movie_id": "20616"
  },
  {
    "review": "무슨어린애 콧구멍에 코털이 꽉찼어??????????",
    "date": "08.09.02",
    "rating": "10",
    "author": "mrca****",
    "review_id": "2917908",
    "movie_id": "20616"
  },
  {
    "review": "헐~이런것도 있었군.....",
    "date": "08.08.19",
    "rating": "6",
    "author": "rnjs****",
    "review_id": "2885095",
    "movie_id": "20616"
  },
  {
    "review": "대만이 만든 드래곤볼 오리지널 영화보다는 훨신 낮내..",
    "date": "08.08.06",
    "rating": "6",
    "author": "hapt****",
    "review_id": "2842494",
    "movie_id": "20616"
  },
  {
    "review": "보고선평정주는거?분석보니깐10대가절반나어렷을때이거잼있게봤는데안봤으면말을말어",
    "date": "08.07.13",
    "rating": "10",
    "author": "dnfl****",
    "review_id": "2761437",
    "movie_id": "20616"
  },
  {
    "review": "저거 만든 감독이 북두의권도 만들었구나ㅎㅎㅎㅎㅎ",
    "date": "08.07.03",
    "rating": "10",
    "author": "qkrr****",
    "review_id": "2736659",
    "movie_id": "20616"
  },
  {
    "review": "피콜로더듬이빨지마천진반윙크하지마베지터흑채뿌리지마크리링가발쓰지마",
    "date": "08.04.27",
    "rating": "10",
    "author": "tmdx****",
    "review_id": "2601309",
    "movie_id": "20616"
  },
  {
    "review": "어린시절 극장서 감동을 머금은 화제작....",
    "date": "08.04.23",
    "rating": "10",
    "author": "wake****",
    "review_id": "2595437",
    "movie_id": "20616"
  },
  {
    "review": "아무리 어린이 영화라고 해도, 원작을 이정도까지 무시하며 만들어도 되는가?",
    "date": "08.04.08",
    "rating": "1",
    "author": "stra****",
    "review_id": "2567727",
    "movie_id": "20616"
  },
  {
    "review": "ㅋㅋ포토에 심형래 거시기 깨물렸다",
    "date": "08.04.01",
    "rating": "10",
    "author": "edo1****",
    "review_id": "2553128",
    "movie_id": "20616"
  },
  {
    "review": "궁굼한게있는데저손오공머리에뭘바른거여무스무스로저런스타일될까.쩝부럽다",
    "date": "08.03.29",
    "rating": "10",
    "author": "halo****",
    "review_id": "2547619",
    "movie_id": "20616"
  },
  {
    "review": "최고의영화!ㅋ",
    "date": "08.02.17",
    "rating": "10",
    "author": "tail****",
    "review_id": "2455568",
    "movie_id": "20616"
  },
  {
    "review": "이거 한국판 북두의권 만든 감독 작품이네. ㅋㅎ",
    "date": "08.02.13",
    "rating": "7",
    "author": "gunt****",
    "review_id": "2441960",
    "movie_id": "20616"
  },
  {
    "review": "한국도 이런 개삼류영화를만드는구나 실망이다",
    "date": "08.02.13",
    "rating": "1",
    "author": "tjde****",
    "review_id": "2441827",
    "movie_id": "20616"
  },
  {
    "review": "오우 형래형님 나오신거네",
    "date": "08.02.05",
    "rating": "10",
    "author": "park****",
    "review_id": "2409848",
    "movie_id": "20616"
  },
  {
    "review": "최고의 액션영화!!!!!",
    "date": "08.02.04",
    "rating": "10",
    "author": "rnx4****",
    "review_id": "2406897",
    "movie_id": "20616"
  },
  {
    "review": "......지금보면매우그런영화....누가봐....(내가)",
    "date": "08.01.11",
    "rating": "10",
    "author": "wjsr****",
    "review_id": "2318969",
    "movie_id": "20616"
  },
  {
    "review": "쩝... 할말 없다",
    "date": "08.01.11",
    "rating": "6",
    "author": "xx41****",
    "review_id": "2317993",
    "movie_id": "20616"
  },
  {
    "review": "오랜만에 보니깐 그래두 재미있네요..ㅎㅎ 시선두 끌고 ..ㅎㅎ",
    "date": "07.12.21",
    "rating": "7",
    "author": "gjsx****",
    "review_id": "2251131",
    "movie_id": "20616"
  },
  {
    "review": "이거 어렸을 때 극장에서 졸 잼있게 봤었음..ㅋㅋㅋㅋㅋ",
    "date": "07.10.04",
    "rating": "9",
    "author": "sinj****",
    "review_id": "2070709",
    "movie_id": "20616"
  },
  {
    "review": "아나 최고다...ㅋㅋㅋ 피구왕통키에 버금가네;;",
    "date": "07.09.20",
    "rating": "10",
    "author": "cold****",
    "review_id": "2032027",
    "movie_id": "20616"
  },
  {
    "review": "나 이거보고 손오공 보기 싫어질뻔",
    "date": "07.08.17",
    "rating": "5",
    "author": "sdw6****",
    "review_id": "1951569",
    "movie_id": "20616"
  },
  {
    "review": "어린나이에 보면서도 엄청 실망했었던...",
    "date": "07.08.08",
    "rating": "1",
    "author": "lsh1****",
    "review_id": "1905923",
    "movie_id": "20616"
  },
  {
    "review": "ㅋㅋㅋㅋㅋ 사진우껴",
    "date": "07.08.08",
    "rating": "10",
    "author": "caga****",
    "review_id": "1902893",
    "movie_id": "20616"
  },
  {
    "review": "아주 어렸을때 비디오로 빌려봤던 기억이.. 음 뭐랄까 아스트랄",
    "date": "07.08.06",
    "rating": "10",
    "author": "tnrn****",
    "review_id": "1887783",
    "movie_id": "20616"
  },
  {
    "review": "이거, 어릴때 극장에서 봤었는데,,,,,,ㅎㅎ",
    "date": "07.07.28",
    "rating": "10",
    "author": "your****",
    "review_id": "1819802",
    "movie_id": "20616"
  },
  {
    "review": "사진존나 최고 웃기다 ㅋㅋ 이제 디워 개봉하는데 뭐하자는거야 ㅋㅋ",
    "date": "07.07.06",
    "rating": "10",
    "author": "bnks****",
    "review_id": "1750750",
    "movie_id": "20616"
  }
]