[
  {
    "review": "최근엔 예전같지 않지만, 이외수 소설 자체가 명작이죠. 잘 옮기다 보니 영화도 수작이 된 겁니다. 정애리씨 연기가 기억에 남네요.",
    "date": "13.10.04",
    "rating": "10",
    "author": "sola****",
    "review_id": "8032833",
    "movie_id": "20618"
  },
  {
    "review": "다시보고픈 추억속의 영화인듯하네요 술집에 마른오징어를 싸갖고가 친구들한테 외면당하던 정혜리씨의 그장면 ... 또보고싶습니다",
    "date": "13.06.27",
    "rating": "10",
    "author": "hssw****",
    "review_id": "7682877",
    "movie_id": "20618"
  },
  {
    "review": "이외수님의 소설이 원작인 영화입니다.",
    "date": "08.06.20",
    "rating": "10",
    "author": "n869****",
    "review_id": "2709786",
    "movie_id": "20618"
  },
  {
    "review": "너무 보고 싶으데 구할 수 없는 안타까움.. 아시는분 연락 좀..",
    "date": "07.09.16",
    "rating": "10",
    "author": "hero****",
    "review_id": "2023848",
    "movie_id": "20618"
  }
]