[
  {
    "review": "비극은 없다에서 융단 폭격 장면 도용함. 원조는 들국화는 피었는데",
    "date": "10.06.20",
    "rating": "7",
    "author": "sykm****",
    "review_id": "4578246",
    "movie_id": "20620"
  },
  {
    "review": "무슨 소리를 하는지 들국화는 피었는데 dvd가 나왔다고",
    "date": "10.06.11",
    "rating": "10",
    "author": "jjj5****",
    "review_id": "4559678",
    "movie_id": "20620"
  },
  {
    "review": "저번에 dvd 를사서 봤는데.. 정말 슬프더라구요.. 마지막이 왜이리 허무한지.. ㅠ",
    "date": "08.02.06",
    "rating": "10",
    "author": "ji36****",
    "review_id": "2414637",
    "movie_id": "20620"
  },
  {
    "review": "저희 아버지가 감명깊게 보신 영화입니다..^^",
    "date": "05.01.15",
    "rating": "10",
    "author": "wnfu****",
    "review_id": "186745",
    "movie_id": "20620"
  }
]