[
  {
    "review": "60년생이고 79년작이니 만으로 19세였을텐데 저런 베드씬과 노출이 있다니 충격적이네요...",
    "date": "14.11.22",
    "rating": "8",
    "author": "tgun****",
    "review_id": "9409001",
    "movie_id": "20636"
  },
  {
    "review": "생각 보다괜찮음....흥미로운 줄거리 생각보다 무난한 연출과 연기. 다소 프랑스 영화의 영향도 보이는듯..당시로는 파격적인 동거를 부부연극으로 순화시키어 당시  결혼 제도를 성찰하는듯 함...",
    "date": "14.08.06",
    "rating": "6",
    "author": "pers****",
    "review_id": "9035373",
    "movie_id": "20636"
  },
  {
    "review": "예진누나의 파격연기..끝나구 멍하니 한참을 보고있게 되는 ....",
    "date": "06.01.16",
    "rating": "10",
    "author": "hone****",
    "review_id": "592194",
    "movie_id": "20636"
  }
]