[
  {
    "review": "이영화는 그저 연평해전의 연관영화일뿐이라규",
    "date": "15.07.19",
    "rating": "9",
    "author": "juji****",
    "review_id": "10119088",
    "movie_id": "20648"
  },
  {
    "review": "\"해상 방위대 목포 해군 경비부의 직속으로 해상 방위대 전남지구 부대장, 이렇게 해 가지고 제가 저의 선박을 동원해서 공비 토벌한, 일선에서 제가 싸웠습니다.\" - 도요타 다이쥬 센세-",
    "date": "15.06.24",
    "rating": "10",
    "author": "hays****",
    "review_id": "10027324",
    "movie_id": "20648"
  }
]