[
  {
    "review": "신성일은 언제나 군인머리네",
    "date": "13.12.01",
    "rating": "8",
    "author": "band****",
    "review_id": "8184013",
    "movie_id": "20642"
  },
  {
    "review": "그 시절 분위기가 너무 좋다, 90년대만해도 많이 남아 있었던 디테일 하나하나가 너무나도 반가웟다",
    "date": "13.09.16",
    "rating": "10",
    "author": "marc****",
    "review_id": "7985085",
    "movie_id": "20642"
  },
  {
    "review": "똥차 신성일의 실체를 예고하는 영화 엄앵란 불쌍..",
    "date": "13.09.16",
    "rating": "9",
    "author": "jsoo****",
    "review_id": "7985022",
    "movie_id": "20642"
  }
]