[
  {
    "review": "대박귀여워너무귀어움",
    "date": "15.05.31",
    "rating": "10",
    "author": "wwww****",
    "review_id": "9965180",
    "movie_id": "20647"
  },
  {
    "review": "유딩때 몇번이고 돌려봤던 ㅋ 꼬마강시가 정태우 인줄은 TV는 사랑을 싣고에서 정태우가 남자주인공 찾을때 알았던~~훈훈했는데 ㅋㅋ",
    "date": "14.07.30",
    "rating": "10",
    "author": "hyel****",
    "review_id": "8980017",
    "movie_id": "20647"
  },
  {
    "review": "내가 아홉살 때 나온 영화 지금은 아홉살 내 아들이 재미있게 본다 그때의 인기가 새록새록 기억이...",
    "date": "14.04.28",
    "rating": "10",
    "author": "jeon****",
    "review_id": "8680465",
    "movie_id": "20647"
  },
  {
    "review": "어릴때 아버지가 사주셧던 영화..아직까지 기억에 남아요질리지않게 돌려봣던...^^",
    "date": "14.04.07",
    "rating": "10",
    "author": "min_****",
    "review_id": "8634176",
    "movie_id": "20647"
  },
  {
    "review": "영화도 아니라고 하지마라.어린티 난다.",
    "date": "13.08.04",
    "rating": "10",
    "author": "koe1****",
    "review_id": "7838725",
    "movie_id": "20647"
  },
  {
    "review": "어릴때 정말 재밋게 봤어요~~ ^^",
    "date": "12.02.06",
    "rating": "10",
    "author": "hanc****",
    "review_id": "6056466",
    "movie_id": "20647"
  },
  {
    "review": "초등학교때 학교끝나면 매일봤는데ㅋㅋ정말재밋게본영화",
    "date": "11.05.26",
    "rating": "10",
    "author": "seun****",
    "review_id": "5448974",
    "movie_id": "20647"
  },
  {
    "review": "시간아깝;;",
    "date": "10.02.23",
    "rating": "1",
    "author": "cjo2****",
    "review_id": "4312381",
    "movie_id": "20647"
  },
  {
    "review": "영화도 아니지",
    "date": "10.02.23",
    "rating": "1",
    "author": "zzxx****",
    "review_id": "4312377",
    "movie_id": "20647"
  },
  {
    "review": "아ㅡㅡ",
    "date": "10.02.23",
    "rating": "1",
    "author": "ok2j****",
    "review_id": "4312375",
    "movie_id": "20647"
  },
  {
    "review": "이게 영화냐",
    "date": "09.09.13",
    "rating": "1",
    "author": "cmhy****",
    "review_id": "3827721",
    "movie_id": "20647"
  },
  {
    "review": "똘똘이 소강시... 지금 다운받고 있는데, 기대 되는군요. ㅋㅋ",
    "date": "07.10.04",
    "rating": "10",
    "author": "oong****",
    "review_id": "2071227",
    "movie_id": "20647"
  },
  {
    "review": "정말 귀엽게 잘봤던 영화네요",
    "date": "07.09.23",
    "rating": "10",
    "author": "dool****",
    "review_id": "2041166",
    "movie_id": "20647"
  },
  {
    "review": "너무너무 그리운 영화이네요^^",
    "date": "06.06.23",
    "rating": "10",
    "author": "sohe****",
    "review_id": "854466",
    "movie_id": "20647"
  },
  {
    "review": "그립습니다^^",
    "date": "06.05.30",
    "rating": "10",
    "author": "blac****",
    "review_id": "823526",
    "movie_id": "20647"
  },
  {
    "review": "그냥 평균 올리기",
    "date": "06.02.12",
    "rating": "10",
    "author": "pooh****",
    "review_id": "665643",
    "movie_id": "20647"
  },
  {
    "review": "두번이나 비됴대여점에서 빌려봤어요 ^^;;+",
    "date": "06.01.22",
    "rating": "10",
    "author": "jgs8****",
    "review_id": "609409",
    "movie_id": "20647"
  },
  {
    "review": "정태우였군",
    "date": "06.01.06",
    "rating": "3",
    "author": "kws7****",
    "review_id": "564446",
    "movie_id": "20647"
  },
  {
    "review": "아주 완벽한 강시 영화입니다.",
    "date": "04.12.31",
    "rating": "10",
    "author": "boon****",
    "review_id": "173827",
    "movie_id": "20647"
  }
]