[
  {
    "review": "동영상 보고싶은데 볼수있는곳 없을까요? 디비디나.. 정말보고싶습니다",
    "date": "14.11.18",
    "rating": "10",
    "author": "fanw****",
    "review_id": "9398975",
    "movie_id": "20668"
  },
  {
    "review": "아주 재밌게 봤었던 애니에요",
    "date": "12.02.03",
    "rating": "10",
    "author": "ange****",
    "review_id": "6047753",
    "movie_id": "20668"
  },
  {
    "review": "한국에도 정말 좋은 애니매이션 많은데.. 냉대 받는것이 너무 슬픕니다.",
    "date": "11.03.25",
    "rating": "10",
    "author": "jjid****",
    "review_id": "5334724",
    "movie_id": "20668"
  },
  {
    "review": "좋은만화다......................",
    "date": "06.12.13",
    "rating": "7",
    "author": "hell****",
    "review_id": "1289660",
    "movie_id": "20668"
  }
]