[
  {
    "review": "여자이쁨. 추우면 진짜 죽겠구나.김일성 때문에 애들이 고생.",
    "date": "13.12.05",
    "rating": "8",
    "author": "dais****",
    "review_id": "8190343",
    "movie_id": "20661"
  },
  {
    "review": "옛날 영화 좋아해서 종종 보지만...이건 보고는 있지만..정말 못봐주겠다.",
    "date": "13.12.05",
    "rating": "4",
    "author": "east****",
    "review_id": "8190331",
    "movie_id": "20661"
  },
  {
    "review": "오싹하다. 괴기스러운 영화",
    "date": "13.12.02",
    "rating": "5",
    "author": "s010****",
    "review_id": "8184129",
    "movie_id": "20661"
  },
  {
    "review": "표피적 심각함은 웩",
    "date": "12.07.15",
    "rating": "4",
    "author": "tubt****",
    "review_id": "6483703",
    "movie_id": "20661"
  },
  {
    "review": "ebs에서 봤는데 옛 영화지만 공감이 가는 부분도 있네요..",
    "date": "12.07.15",
    "rating": "9",
    "author": "good****",
    "review_id": "6483601",
    "movie_id": "20661"
  }
]