[
  {
    "review": "유승준영화보고싶다재미있다",
    "date": "15.08.23",
    "rating": "10",
    "author": "abcd****",
    "review_id": "10269328",
    "movie_id": "20665"
  },
  {
    "review": "나의 유년기를 함께 했던 추억의 명작.",
    "date": "14.07.24",
    "rating": "9",
    "author": "de01****",
    "review_id": "8947991",
    "movie_id": "20665"
  },
  {
    "review": "태권브이를 시작할 때도 무슨 생각을 가지고 시작한게 아니라 그냥 베끼기 였기 때문에 이런 망작도 스스럼 없이 만들 수 있는 것이지.",
    "date": "14.05.26",
    "rating": "1",
    "author": "toor****",
    "review_id": "8768300",
    "movie_id": "20665"
  },
  {
    "review": "그냥 태권v만화를 하나 더마를죠 ㅠㅠ 1하고 내용이 똑같아ㅠ",
    "date": "14.05.23",
    "rating": "1",
    "author": "dbsg****",
    "review_id": "8758439",
    "movie_id": "20665"
  },
  {
    "review": "원작자가 자기가 만든 캐릭터를 망가뜨리는 수준이 가희 신급임..한심한 영화..뭐하러 만들었는지 이해불가의 영화랄까...영희 훈이의 대사도 70년대 영화 대사같고...90년대 만든 것 맞아??",
    "date": "13.10.23",
    "rating": "1",
    "author": "dhqk****",
    "review_id": "8082130",
    "movie_id": "20665"
  },
  {
    "review": "로보트답게 오랜 기간 생존하다.",
    "date": "12.03.21",
    "rating": "1",
    "author": "pria****",
    "review_id": "6159181",
    "movie_id": "20665"
  },
  {
    "review": "정말 태권V를 이 지경까지 오게 한 김청기는 진심으로 태권V에게 사과해야 한다",
    "date": "10.07.08",
    "rating": "2",
    "author": "mygr****",
    "review_id": "4620624",
    "movie_id": "20665"
  },
  {
    "review": "스스로의 영혼을 악마에게 팔아먹은자만 도달한,끝없는 지옥의 무저갱과 같은 몰락.",
    "date": "10.03.14",
    "rating": "1",
    "author": "baks****",
    "review_id": "4357323",
    "movie_id": "20665"
  },
  {
    "review": "실사 합성으로 다시 나오는 태권 브이 어색하다",
    "date": "07.06.10",
    "rating": "6",
    "author": "deff****",
    "review_id": "1693046",
    "movie_id": "20665"
  },
  {
    "review": "어린이들은 열광~!어른들은 추억거리뿐~그래도 음악은 신났다^^",
    "date": "07.01.23",
    "rating": "7",
    "author": "7_go****",
    "review_id": "1407146",
    "movie_id": "20665"
  },
  {
    "review": "극장가서 본건데..우뢰매와 태권V는 언제쯤 한작품에 나올까요?",
    "date": "07.01.04",
    "rating": "10",
    "author": "alck****",
    "review_id": "1356233",
    "movie_id": "20665"
  },
  {
    "review": "그래도 태권V라는거에 5점 하지만 3번키는 돌려달라는거",
    "date": "06.10.09",
    "rating": "5",
    "author": "sbs2****",
    "review_id": "1173066",
    "movie_id": "20665"
  },
  {
    "review": "태권브이 부활은 시기상조, 그냥 추억으로 남는다면?",
    "date": "06.03.16",
    "rating": "3",
    "author": "whit****",
    "review_id": "718567",
    "movie_id": "20665"
  },
  {
    "review": "잊혀지지 않는 시리즈였죠.ㅠ.ㅠ",
    "date": "05.06.29",
    "rating": "10",
    "author": "wooj****",
    "review_id": "308678",
    "movie_id": "20665"
  },
  {
    "review": "감명깊은영화입니다",
    "date": "04.03.21",
    "rating": "10",
    "author": "mkl0****",
    "review_id": "30297",
    "movie_id": "20665"
  }
]