[
  {
    "review": "김승호 배우님 아니었음 저 아버지 연기 누가 했겠나 싶다.",
    "date": "15.07.12",
    "rating": "10",
    "author": "urba****",
    "review_id": "10098745",
    "movie_id": "20664"
  },
  {
    "review": "일본만화 아따맘마랑 비슷한 내용",
    "date": "14.12.21",
    "rating": "9",
    "author": "5454****",
    "review_id": "9498661",
    "movie_id": "20664"
  },
  {
    "review": "과거시대상을 볼수있어서  재미있었어요",
    "date": "14.10.31",
    "rating": "9",
    "author": "blon****",
    "review_id": "9331245",
    "movie_id": "20664"
  },
  {
    "review": "참 잘만든 영화이다...50년전의 평범하고 소박한 한집안의 생활상을 볼수 있고. 지금은 볼수 없는 당시 최고의 명배우들의 열연을 감상할수 있다.",
    "date": "14.06.08",
    "rating": "10",
    "author": "s206****",
    "review_id": "8810951",
    "movie_id": "20664"
  },
  {
    "review": "전설의 김승호  의 연기를 보는재미   참 귀여우셨내",
    "date": "13.08.13",
    "rating": "9",
    "author": "came****",
    "review_id": "7876507",
    "movie_id": "20664"
  },
  {
    "review": "정답고 유쾌한 영화. 엄앵란씨 무지 깜찍하고 최은희씨의 고혹적인 매력. 몇번을 봐도 훈훈하네요.",
    "date": "13.01.20",
    "rating": "9",
    "author": "sara****",
    "review_id": "7135683",
    "movie_id": "20664"
  },
  {
    "review": "넘흐 좋아효",
    "date": "10.02.22",
    "rating": "10",
    "author": "drka****",
    "review_id": "4309855",
    "movie_id": "20664"
  },
  {
    "review": "옛영화가 이렇게 재밌을줄 몰랐음....특히 엄앵란의 모습이란...ㄷㄷ 완전이뻐",
    "date": "10.02.08",
    "rating": "9",
    "author": "fabb****",
    "review_id": "4261300",
    "movie_id": "20664"
  },
  {
    "review": "어제티비에서 하길래 봣는데 정말재미잇엇음ㅎㅎ",
    "date": "09.01.19",
    "rating": "10",
    "author": "cool****",
    "review_id": "3232800",
    "movie_id": "20664"
  },
  {
    "review": "위트가있다.",
    "date": "08.12.29",
    "rating": "8",
    "author": "vava****",
    "review_id": "3165639",
    "movie_id": "20664"
  },
  {
    "review": "친근하면서도 아기자기한 가족들 볼만 했다",
    "date": "08.12.28",
    "rating": "7",
    "author": "kimg****",
    "review_id": "3161030",
    "movie_id": "20664"
  },
  {
    "review": "그 시대를 배경으로 평점을..친근한 김승호의 엉뚱한 행동을 볼수있는영화",
    "date": "07.11.18",
    "rating": "10",
    "author": "tjdg****",
    "review_id": "2161791",
    "movie_id": "20664"
  },
  {
    "review": "가족영화 붐을 일으킨 작품 지금 보기에는 좀 무리가 있다",
    "date": "07.02.20",
    "rating": "4",
    "author": "okjo****",
    "review_id": "1489265",
    "movie_id": "20664"
  }
]