[
  {
    "review": "제3공화국에서 박정희 역할했던 故이진수씨가 나오네!!!",
    "date": "11.01.13",
    "rating": "10",
    "author": "ojkc****",
    "review_id": "5153264",
    "movie_id": "20666"
  },
  {
    "review": "제가 본 어린이 영화중 가장 감명깊었습니다",
    "date": "08.07.13",
    "rating": "10",
    "author": "elys****",
    "review_id": "2758685",
    "movie_id": "20666"
  },
  {
    "review": "제어린시절을 이영화와 함께한 영화입니다.",
    "date": "06.03.12",
    "rating": "10",
    "author": "rnrd****",
    "review_id": "713913",
    "movie_id": "20666"
  },
  {
    "review": "허접하지만 볼만한 영화",
    "date": "05.12.26",
    "rating": "8",
    "author": "kws7****",
    "review_id": "529789",
    "movie_id": "20666"
  }
]