[
  {
    "review": "전체적으로 어색해요. 이젠 못볼것같아요. 이런 과거영화. 그리고 귀신의 빨간손톱, 옆으로 째려보는 눈도 너무 식상하네요.",
    "date": "15.07.07",
    "rating": "4",
    "author": "sayh****",
    "review_id": "10077476",
    "movie_id": "20671"
  },
  {
    "review": "김지영 할머니최고입니다~",
    "date": "15.03.25",
    "rating": "10",
    "author": "clic****",
    "review_id": "9804535",
    "movie_id": "20671"
  },
  {
    "review": "재밌게봤네여     무서웠음 ㄷㄷ",
    "date": "14.07.04",
    "rating": "10",
    "author": "lgj1****",
    "review_id": "8882012",
    "movie_id": "20671"
  }
]