[
  {
    "review": "이 영화 어떻게 하면 볼 수 있을까요?",
    "date": "13.09.14",
    "rating": "9",
    "author": "mjy6****",
    "review_id": "7977095",
    "movie_id": "20685"
  },
  {
    "review": "정윤희씨 정말 이쁘구 섹시하게 나옴. 근데 불필요할만큼 베드신이 야하고 많아서 좀 영화내요이 고급스럽지 못하게보임",
    "date": "13.02.28",
    "rating": "10",
    "author": "baby****",
    "review_id": "7310648",
    "movie_id": "20685"
  },
  {
    "review": "이거 재미있음 다운해서 봤는데  나훈아 나와서 좋음",
    "date": "13.01.24",
    "rating": "10",
    "author": "nyun****",
    "review_id": "7165099",
    "movie_id": "20685"
  },
  {
    "review": "재미없네",
    "date": "11.09.29",
    "rating": "1",
    "author": "kame****",
    "review_id": "5759586",
    "movie_id": "20685"
  }
]