[
  {
    "review": "정말 예전 영화인데 아직까지도 볼 수 있다니..",
    "date": "13.09.17",
    "rating": "9",
    "author": "phro****",
    "review_id": "7989375",
    "movie_id": "20687"
  },
  {
    "review": "흑백 영화의 재미가 쏠쏠합니다! 요즘 영화보다 훨씬 낫네요!!",
    "date": "13.09.17",
    "rating": "10",
    "author": "in_l****",
    "review_id": "7989307",
    "movie_id": "20687"
  },
  {
    "review": "현재까지 가장 오래된 한국영화를 유튜브에서 보게 되었습니다.",
    "date": "13.07.07",
    "rating": "8",
    "author": "ange****",
    "review_id": "7715123",
    "movie_id": "20687"
  },
  {
    "review": "한국 영화의 저력을 보여주는, 한국 영화의 옛고향.",
    "date": "12.12.28",
    "rating": "7",
    "author": "beni****",
    "review_id": "7057462",
    "movie_id": "20687"
  },
  {
    "review": "재밌어요",
    "date": "12.05.13",
    "rating": "10",
    "author": "bgj4****",
    "review_id": "6294898",
    "movie_id": "20687"
  }
]