[
  {
    "review": "60년대 우리나라도 이런 스릴러를 만들 수 있었다",
    "date": "14.11.06",
    "rating": "7",
    "author": "zlda****",
    "review_id": "9344846",
    "movie_id": "20691"
  },
  {
    "review": "한국영화최고의 스릴러",
    "date": "14.07.24",
    "rating": "10",
    "author": "came****",
    "review_id": "8949353",
    "movie_id": "20691"
  },
  {
    "review": "자멸하는 현과장과 놀라웠던 한국영화의 그 시절 그 감독 그 배우들,.",
    "date": "12.11.25",
    "rating": "9",
    "author": "dma9****",
    "review_id": "6925458",
    "movie_id": "20691"
  },
  {
    "review": "개인의 욕망이 상충하는 자본주의의 계단",
    "date": "11.09.13",
    "rating": "8",
    "author": "jics****",
    "review_id": "5728460",
    "movie_id": "20691"
  },
  {
    "review": "어쩔수없이 고풍스런 스토리라인임에도 빼어난 영상감각...",
    "date": "10.10.14",
    "rating": "7",
    "author": "wert****",
    "review_id": "4902514",
    "movie_id": "20691"
  },
  {
    "review": "놀라울 따름이다..",
    "date": "10.08.02",
    "rating": "10",
    "author": "dlsm****",
    "review_id": "4697868",
    "movie_id": "20691"
  },
  {
    "review": "공포의 전형을 보여주는 탁월한 영화. 선한 역만 하던 김진규의 악역이 빼어나다.",
    "date": "09.08.07",
    "rating": "10",
    "author": "yshu****",
    "review_id": "3721264",
    "movie_id": "20691"
  },
  {
    "review": "생각했던 것보단 꽤 재미있네요",
    "date": "08.06.26",
    "rating": "8",
    "author": "mind****",
    "review_id": "2721323",
    "movie_id": "20691"
  },
  {
    "review": "여자가 한을 품으면~",
    "date": "06.09.07",
    "rating": "9",
    "author": "ustt****",
    "review_id": "1109169",
    "movie_id": "20691"
  },
  {
    "review": "연출,촬영,조명이 공포스릴러의 분위기를 고루 갖춘 좋은 영화.",
    "date": "05.10.17",
    "rating": "9",
    "author": "tody****",
    "review_id": "445452",
    "movie_id": "20691"
  },
  {
    "review": "60년대 영화로는 드물게 진지하고 절제된 스릴러",
    "date": "04.07.18",
    "rating": "7",
    "author": "cine****",
    "review_id": "72566",
    "movie_id": "20691"
  },
  {
    "review": "한정된 세트내에서의 절묘한 연출이 아주 인상적이네여..",
    "date": "04.07.05",
    "rating": "10",
    "author": "glif****",
    "review_id": "65528",
    "movie_id": "20691"
  }
]