[
  {
    "review": "아 추억 돋네ㅋㅋㅋㅋ 기억이 어렴풋이 난다능.",
    "date": "14.10.04",
    "rating": "10",
    "author": "jjha****",
    "review_id": "9264173",
    "movie_id": "20715"
  },
  {
    "review": "주제가만 기억이.. 마카리안~마카리안~마카리안~~^^",
    "date": "14.08.05",
    "rating": "6",
    "author": "brav****",
    "review_id": "9029398",
    "movie_id": "20715"
  },
  {
    "review": "좀 더 강력한 액션을 원했어.",
    "date": "07.08.08",
    "rating": "5",
    "author": "tori****",
    "review_id": "1901631",
    "movie_id": "20715"
  }
]