[
  {
    "review": "금방 EBS에서 봤어요 여자가 참 이쁘네요 당시 김희라님 참 멋졌군요 ㅋㅋ 베리굿",
    "date": "08.10.13",
    "rating": "10",
    "author": "exli****",
    "review_id": "2997363",
    "movie_id": "20712"
  },
  {
    "review": "계몽영화 + 심파영화",
    "date": "08.10.13",
    "rating": "7",
    "author": "mypl****",
    "review_id": "2997347",
    "movie_id": "20712"
  },
  {
    "review": "끝에 어설픈 감동이 좀 그랬지만 사랑 이야기는 끝내줬다",
    "date": "07.01.09",
    "rating": "6",
    "author": "okjo****",
    "review_id": "1369611",
    "movie_id": "20712"
  }
]