[
  {
    "review": "과거 우리조상의 그때당시의 맘을 잘표현된 작품",
    "date": "10.03.01",
    "rating": "9",
    "author": "kdg0****",
    "review_id": "4326576",
    "movie_id": "20714"
  },
  {
    "review": "고종부터 5.16까지의 시대를 다룬 역작. 흑백으로보는 대작.",
    "date": "07.09.05",
    "rating": "10",
    "author": "wch4****",
    "review_id": "2002109",
    "movie_id": "20714"
  },
  {
    "review": "제대로 못보기도 했지만 별 재미가 없었다",
    "date": "07.08.14",
    "rating": "3",
    "author": "okjo****",
    "review_id": "1936535",
    "movie_id": "20714"
  }
]