[
  {
    "review": "티비에서 해서 10년만에 봤는데 핵꿀잼ㅋㅋㅋㅋ",
    "date": "15.07.01",
    "rating": "10",
    "author": "buck****",
    "review_id": "10058300",
    "movie_id": "20732"
  },
  {
    "review": "다운로드 좀 풀어줘~~",
    "date": "15.04.30",
    "rating": "10",
    "author": "kmy2****",
    "review_id": "9881357",
    "movie_id": "20732"
  },
  {
    "review": "왠지 모를 그때 느낌의 영화.  순수하지만 대범함이있는 부 역할에 서기도 잘어울렸고 부내나는 자오역할에 성룡도 어울렸다 다시보고 싶다 난 좋았다",
    "date": "15.02.20",
    "rating": "10",
    "author": "jykg****",
    "review_id": "9716845",
    "movie_id": "20732"
  },
  {
    "review": "성룡하면 액션인데 이영화에서는 액션보단 로맨스에 중점을둔영화. 액션을기대하고본다면 실망할것이다.",
    "date": "15.02.14",
    "rating": "6",
    "author": "powi****",
    "review_id": "9694507",
    "movie_id": "20732"
  },
  {
    "review": "졸잼잼께봤네진짜로레일",
    "date": "15.01.13",
    "rating": "9",
    "author": "xx41****",
    "review_id": "9588837",
    "movie_id": "20732"
  },
  {
    "review": "성룡영화 중 다수랑 싸우는 게 아닌 1:1로 싸우는 신 만으로도 볼만함,,  1:1 액션은  진짜 명장면",
    "date": "14.10.10",
    "rating": "6",
    "author": "fghy****",
    "review_id": "9279829",
    "movie_id": "20732"
  },
  {
    "review": "이런 영화에 성룡과 양조위라... 이건 진짜 좀 아닌 듯",
    "date": "14.08.26",
    "rating": "1",
    "author": "jjaj****",
    "review_id": "9134337",
    "movie_id": "20732"
  },
  {
    "review": "서기가너무귀여운척하고 성룡과22살이나 차이나서 전혀안어울리고 두번나오는 복서와의결투는 영화스토리상  전혀관계도없이 그냥보여주는 성룡액션중 가장 지루한 결투씬이지만 성룡이기에~주성치와 양조위와 성룡이 함께한 영화가있었다니~성룡, 당신은 최고입니다!!",
    "date": "14.06.07",
    "rating": "10",
    "author": "whia****",
    "review_id": "8807494",
    "movie_id": "20732"
  },
  {
    "review": "조금도 볼만한 게 없다. 그나마 볼만한 건 성룡의 화이트 패션?",
    "date": "14.04.27",
    "rating": "2",
    "author": "ngup****",
    "review_id": "8677904",
    "movie_id": "20732"
  },
  {
    "review": "친구와 사랑. 평범하지만 아름다운 주제를 잘 살린것 같아요. 잘 봤습니다.",
    "date": "14.03.22",
    "rating": "10",
    "author": "happ****",
    "review_id": "8595805",
    "movie_id": "20732"
  },
  {
    "review": "봐도봐도재밌다 계속봐도너무재밌다ㅠㅠ또보고싶다ㅜㅜ",
    "date": "14.01.28",
    "rating": "10",
    "author": "tjgm****",
    "review_id": "8438831",
    "movie_id": "20732"
  },
  {
    "review": "맞지 않는 옷을 입은 듯한 성룡 형님. 액션이야 뭐...",
    "date": "13.11.26",
    "rating": "5",
    "author": "reco****",
    "review_id": "8169958",
    "movie_id": "20732"
  },
  {
    "review": "영화에서 흔치않은 성룡의 사랑이야기.. 액션은 덤으로..",
    "date": "13.10.19",
    "rating": "6",
    "author": "blue****",
    "review_id": "8071155",
    "movie_id": "20732"
  },
  {
    "review": "재미없다",
    "date": "13.09.05",
    "rating": "2",
    "author": "dbzh****",
    "review_id": "7949012",
    "movie_id": "20732"
  },
  {
    "review": "다른 건 다 치우고.. 액션씬이 괜찮았음..",
    "date": "13.05.15",
    "rating": "6",
    "author": "tn99****",
    "review_id": "7529501",
    "movie_id": "20732"
  },
  {
    "review": "액션",
    "date": "13.02.16",
    "rating": "10",
    "author": "wwww****",
    "review_id": "7271863",
    "movie_id": "20732"
  },
  {
    "review": "캐릭터가 마음에 안들었던 것 같다.ㅠㅠ",
    "date": "13.01.16",
    "rating": "7",
    "author": "suye****",
    "review_id": "7121015",
    "movie_id": "20732"
  },
  {
    "review": "역시성룡~~~~~~~~",
    "date": "12.10.22",
    "rating": "10",
    "author": "boji****",
    "review_id": "6820304",
    "movie_id": "20732"
  },
  {
    "review": "재미는 있는데...악당이 없어서..,,;;ㅠ",
    "date": "12.07.30",
    "rating": "7",
    "author": "do11****",
    "review_id": "6553990",
    "movie_id": "20732"
  },
  {
    "review": "성룡 영화라서 봤지만 뭔가 낯선 느낌이었다. 역시 어떤 배우든 이미지 변신은 힘들어",
    "date": "11.11.04",
    "rating": "7",
    "author": "deka****",
    "review_id": "5828191",
    "movie_id": "20732"
  },
  {
    "review": "액션이 굳...@_@",
    "date": "11.10.31",
    "rating": "10",
    "author": "rhoa****",
    "review_id": "5821558",
    "movie_id": "20732"
  },
  {
    "review": "액션이 좋아서 10점 드립니다....^_^",
    "date": "11.10.31",
    "rating": "10",
    "author": "dltm****",
    "review_id": "5821554",
    "movie_id": "20732"
  },
  {
    "review": "역시 성룡은 성룡이다. 싸우는 장면 멋있음",
    "date": "11.09.17",
    "rating": "6",
    "author": "ccpp****",
    "review_id": "5736525",
    "movie_id": "20732"
  },
  {
    "review": "색다른 느낌의 성룡영화. 기존의 액션 위주의 성룡표 영화를 원한다면 실망할수도",
    "date": "11.09.17",
    "rating": "6",
    "author": "rame****",
    "review_id": "5736523",
    "movie_id": "20732"
  },
  {
    "review": "액션의 비중이 낮았지만, 볼만했다",
    "date": "11.09.17",
    "rating": "6",
    "author": "kpcc****",
    "review_id": "5736522",
    "movie_id": "20732"
  },
  {
    "review": "내용이 좀 허접해서 집중이 안되지만 양조위랑 주화건이 웃김 ㅋㅋ",
    "date": "11.06.14",
    "rating": "5",
    "author": "twis****",
    "review_id": "5480898",
    "movie_id": "20732"
  },
  {
    "review": "남들은 졸작이라하지만 성룡팬으로써 추천!",
    "date": "11.03.05",
    "rating": "9",
    "author": "xlay****",
    "review_id": "5295519",
    "movie_id": "20732"
  },
  {
    "review": "로맨틱한 성룡 흠...어색하긴 하네요...그래도 성룡 형님이니깐 성룡 영원하라!!!",
    "date": "10.10.18",
    "rating": "8",
    "author": "kkan****",
    "review_id": "4908917",
    "movie_id": "20732"
  },
  {
    "review": "주성치의 반가운 까메오 출현과 언제봐도 변함없는 성룡 ~~~~~~",
    "date": "10.06.04",
    "rating": "6",
    "author": "fnsk****",
    "review_id": "4543517",
    "movie_id": "20732"
  },
  {
    "review": "재밋긴개뿔 내친구가 극장가서 봣엇는데 돈아까워 죽는줄 알앗다고함",
    "date": "10.03.06",
    "rating": "7",
    "author": "peac****",
    "review_id": "4337787",
    "movie_id": "20732"
  },
  {
    "review": "성룡과 서기가 커플보다는 삼촌과 사촌여동생같아서 몰입실패",
    "date": "09.11.05",
    "rating": "3",
    "author": "ard2****",
    "review_id": "3939203",
    "movie_id": "20732"
  },
  {
    "review": "성룡답지 않은...실망..그래도 주성치가 중간에 깜짝 출연해서 웃겼다",
    "date": "09.11.05",
    "rating": "5",
    "author": "thra****",
    "review_id": "3937539",
    "movie_id": "20732"
  },
  {
    "review": "하하",
    "date": "09.09.28",
    "rating": "10",
    "author": "nice****",
    "review_id": "3857018",
    "movie_id": "20732"
  },
  {
    "review": "상업적 이었지만, 나름 감동적이었다.",
    "date": "09.08.05",
    "rating": "5",
    "author": "evil****",
    "review_id": "3709704",
    "movie_id": "20732"
  },
  {
    "review": "성룡 마지막 싸울때 장막 같은거 벗겨지면서 플레인카드 나왔는데 잘못 기억한건가???",
    "date": "09.07.18",
    "rating": "7",
    "author": "luci****",
    "review_id": "3645455",
    "movie_id": "20732"
  },
  {
    "review": "최고로 좋아하는 영화! 주제가도 너무 좋고~ 성룡의 사랑스런 눈빛도 볼 수 있는 영화",
    "date": "09.06.17",
    "rating": "10",
    "author": "rain****",
    "review_id": "3571737",
    "movie_id": "20732"
  },
  {
    "review": "영화는 어설프지만 좋아하는 성룡*주성치*서기~",
    "date": "09.02.04",
    "rating": "6",
    "author": "iss2****",
    "review_id": "3276505",
    "movie_id": "20732"
  },
  {
    "review": "주성치 나와서 10점ㅋㅋ~",
    "date": "08.11.05",
    "rating": "10",
    "author": "wprk****",
    "review_id": "3036576",
    "movie_id": "20732"
  },
  {
    "review": "다좋은데 성룡이 안어울린다....",
    "date": "08.11.01",
    "rating": "7",
    "author": "ghdd****",
    "review_id": "3030046",
    "movie_id": "20732"
  },
  {
    "review": "의외로 평점이 좀 났네? 난 재밌게 봤는데. 양조위 게이 모습도 재밌고",
    "date": "08.09.03",
    "rating": "10",
    "author": "rlaq****",
    "review_id": "2919951",
    "movie_id": "20732"
  },
  {
    "review": "그냥.. 볼만했다.. 주제곡이 마음에 든다.",
    "date": "08.04.04",
    "rating": "7",
    "author": "pola****",
    "review_id": "2558427",
    "movie_id": "20732"
  },
  {
    "review": "주성치 나와서 4점",
    "date": "08.02.29",
    "rating": "4",
    "author": "qjat****",
    "review_id": "2493679",
    "movie_id": "20732"
  },
  {
    "review": "괜찮던데,액션과 로맨스가 약간 섞여서 기대치가 떨어졌지만 그래도 신선했다.",
    "date": "08.02.27",
    "rating": "8",
    "author": "slal****",
    "review_id": "2487349",
    "movie_id": "20732"
  },
  {
    "review": "성룡영화 치곤 드물게, 액션보다 로맨스에 초점을 맞춘 작품",
    "date": "08.01.23",
    "rating": "6",
    "author": "uds0****",
    "review_id": "2360530",
    "movie_id": "20732"
  },
  {
    "review": "영화관에서 봤엇는데  지루해서 잣던 기억이 ㅡㅡ;;;;;;;;;성룡영화중 최악",
    "date": "08.01.09",
    "rating": "1",
    "author": "dead****",
    "review_id": "2310281",
    "movie_id": "20732"
  },
  {
    "review": "성룡의 '액션'을 좋아한다면 절대 비추천!",
    "date": "08.01.08",
    "rating": "2",
    "author": "whit****",
    "review_id": "2309069",
    "movie_id": "20732"
  },
  {
    "review": "난 서기때문에 몰입도가 떨어지던데",
    "date": "07.11.12",
    "rating": "7",
    "author": "pksj****",
    "review_id": "2148120",
    "movie_id": "20732"
  },
  {
    "review": "중반과 후반의 1:1격투신'만' 보자",
    "date": "07.11.10",
    "rating": "5",
    "author": "joj8****",
    "review_id": "2143502",
    "movie_id": "20732"
  },
  {
    "review": "액션말고는 눈에 들어오지도 않았다",
    "date": "07.10.17",
    "rating": "6",
    "author": "allu****",
    "review_id": "2094251",
    "movie_id": "20732"
  },
  {
    "review": "액션보단 로맨스가 좋았던 영화",
    "date": "07.10.06",
    "rating": "9",
    "author": "lyt5****",
    "review_id": "2074716",
    "movie_id": "20732"
  },
  {
    "review": "따뜻하며서도 순수한 사랑이야기",
    "date": "07.10.04",
    "rating": "10",
    "author": "habi****",
    "review_id": "2070278",
    "movie_id": "20732"
  },
  {
    "review": "술에 술탄듯..물에 물탄듯..",
    "date": "07.10.03",
    "rating": "5",
    "author": "mirk****",
    "review_id": "2068484",
    "movie_id": "20732"
  },
  {
    "review": "최고다...   성룡영화는 모두 최고지만...",
    "date": "07.10.03",
    "rating": "10",
    "author": "jgkb****",
    "review_id": "2067327",
    "movie_id": "20732"
  },
  {
    "review": "괜찮았따",
    "date": "07.09.22",
    "rating": "9",
    "author": "chld****",
    "review_id": "2038338",
    "movie_id": "20732"
  },
  {
    "review": "성룡의 연기변신이 정말로 색다른 느낌이다.언제나 노력하는 재키챈따거",
    "date": "07.09.20",
    "rating": "9",
    "author": "baks****",
    "review_id": "2032683",
    "movie_id": "20732"
  },
  {
    "review": "이영화 왜 만들었을까?",
    "date": "07.09.16",
    "rating": "3",
    "author": "choi****",
    "review_id": "2024748",
    "movie_id": "20732"
  },
  {
    "review": "생각없이봐서 그런지 볼만했는데.. 배경음악이 잘 어울렸다.",
    "date": "07.08.17",
    "rating": "7",
    "author": "yeei****",
    "review_id": "1950923",
    "movie_id": "20732"
  },
  {
    "review": "아무리 형님이라도 언제나 좋을 수 만은 없지 아니한가.",
    "date": "07.08.17",
    "rating": "6",
    "author": "tori****",
    "review_id": "1949314",
    "movie_id": "20732"
  },
  {
    "review": "성룡을 기대했다면 좀 아쉬웠을법한..",
    "date": "07.08.17",
    "rating": "8",
    "author": "typo****",
    "review_id": "1948805",
    "movie_id": "20732"
  },
  {
    "review": "성룡팬이지만... 원조교제같다",
    "date": "07.07.31",
    "rating": "7",
    "author": "wjsr****",
    "review_id": "1831166",
    "movie_id": "20732"
  },
  {
    "review": "성룡하나로 10점",
    "date": "07.07.18",
    "rating": "10",
    "author": "akrw****",
    "review_id": "1787449",
    "movie_id": "20732"
  },
  {
    "review": "성룡 영화 중 아쉬움을 진하게 준 작품",
    "date": "07.07.11",
    "rating": "6",
    "author": "deff****",
    "review_id": "1764642",
    "movie_id": "20732"
  },
  {
    "review": "역시 성룡!!!",
    "date": "07.07.06",
    "rating": "10",
    "author": "kt88****",
    "review_id": "1751820",
    "movie_id": "20732"
  },
  {
    "review": "볼한햄",
    "date": "07.07.06",
    "rating": "10",
    "author": "arno****",
    "review_id": "1751818",
    "movie_id": "20732"
  },
  {
    "review": "굳굳",
    "date": "07.07.06",
    "rating": "10",
    "author": "arno****",
    "review_id": "1751817",
    "movie_id": "20732"
  },
  {
    "review": "좋아",
    "date": "07.07.06",
    "rating": "10",
    "author": "arno****",
    "review_id": "1751813",
    "movie_id": "20732"
  },
  {
    "review": "귀여운 사랑과 깔끔한 액션의 적절한 조화",
    "date": "07.05.27",
    "rating": "10",
    "author": "samo****",
    "review_id": "1667770",
    "movie_id": "20732"
  },
  {
    "review": "정말끝내줬어",
    "date": "07.05.24",
    "rating": "10",
    "author": "akxl****",
    "review_id": "1654461",
    "movie_id": "20732"
  },
  {
    "review": "성룡의 멜로영호ㅑㅏ.. 볼만하다",
    "date": "07.05.24",
    "rating": "10",
    "author": "wwe8****",
    "review_id": "1654459",
    "movie_id": "20732"
  },
  {
    "review": "이거 너무 재밌습니다^^ 다시한번 보고싶어요ㅠㅠ",
    "date": "07.04.11",
    "rating": "10",
    "author": "wpfl****",
    "review_id": "1583559",
    "movie_id": "20732"
  },
  {
    "review": "넘 잘봤습니다!",
    "date": "07.03.28",
    "rating": "10",
    "author": "ab06****",
    "review_id": "1559388",
    "movie_id": "20732"
  },
  {
    "review": "복싱은정말아니었지만순수한사랑만으로별9",
    "date": "07.02.14",
    "rating": "9",
    "author": "runa****",
    "review_id": "1468943",
    "movie_id": "20732"
  },
  {
    "review": "이건 멜로다....",
    "date": "07.02.01",
    "rating": "8",
    "author": "kumc****",
    "review_id": "1432191",
    "movie_id": "20732"
  },
  {
    "review": "나 성룡 팬이거든",
    "date": "07.01.29",
    "rating": "10",
    "author": "sara****",
    "review_id": "1425301",
    "movie_id": "20732"
  },
  {
    "review": "성룡 영화도 짜증날수도 있다",
    "date": "07.01.09",
    "rating": "2",
    "author": "ppp0****",
    "review_id": "1369989",
    "movie_id": "20732"
  },
  {
    "review": "재키는 역시 형사가 제일 어울린다.",
    "date": "06.12.22",
    "rating": "7",
    "author": "sinm****",
    "review_id": "1312813",
    "movie_id": "20732"
  },
  {
    "review": "성룡 호쾌한 액션을 많이 기대했다면 이 영화는 비추..",
    "date": "06.12.12",
    "rating": "8",
    "author": "band****",
    "review_id": "1286592",
    "movie_id": "20732"
  },
  {
    "review": "다른 느낌의 성룡영화... 볼만했음~!",
    "date": "06.12.11",
    "rating": "8",
    "author": "qwer****",
    "review_id": "1283631",
    "movie_id": "20732"
  },
  {
    "review": "성룡에 액션은 죽지안아",
    "date": "06.10.10",
    "rating": "7",
    "author": "shai****",
    "review_id": "1175073",
    "movie_id": "20732"
  },
  {
    "review": "괜찮게 재밌게봤다 ㅎㅎ",
    "date": "06.10.07",
    "rating": "10",
    "author": "dltm****",
    "review_id": "1168608",
    "movie_id": "20732"
  },
  {
    "review": "뭐가 이렇게 평점이 높아.이거 진짜 개 쓰레기다.",
    "date": "06.10.05",
    "rating": "1",
    "author": "ahnt****",
    "review_id": "1162542",
    "movie_id": "20732"
  },
  {
    "review": "멜로와 액션, 둘 다 놓쳐버린 성룡의 실패작",
    "date": "06.10.01",
    "rating": "2",
    "author": "okjo****",
    "review_id": "1152475",
    "movie_id": "20732"
  },
  {
    "review": "화려한액션은 아니였지만 그래도 !성룡! smile smile smile",
    "date": "06.09.12",
    "rating": "10",
    "author": "octa****",
    "review_id": "1119145",
    "movie_id": "20732"
  },
  {
    "review": "액션이 있어서 봐줄만하지만 성룡은 맬로가 안어울려",
    "date": "06.09.08",
    "rating": "8",
    "author": "jmh4****",
    "review_id": "1111986",
    "movie_id": "20732"
  },
  {
    "review": "성룡과 알란의 대결이 잊혀지지 않는다...",
    "date": "06.08.13",
    "rating": "10",
    "author": "unic****",
    "review_id": "1022149",
    "movie_id": "20732"
  },
  {
    "review": "성룡영화의 하락세",
    "date": "06.06.19",
    "rating": "6",
    "author": "wake****",
    "review_id": "849687",
    "movie_id": "20732"
  },
  {
    "review": "추억의 빅 타임.",
    "date": "06.06.13",
    "rating": "7",
    "author": "scal****",
    "review_id": "842890",
    "movie_id": "20732"
  },
  {
    "review": "성룡의 몰락이 시작된 영화..",
    "date": "06.06.06",
    "rating": "6",
    "author": "onim****",
    "review_id": "833553",
    "movie_id": "20732"
  },
  {
    "review": "액션만 눈에 선해~~~",
    "date": "06.05.21",
    "rating": "3",
    "author": "donj****",
    "review_id": "810813",
    "movie_id": "20732"
  },
  {
    "review": "먼가 아쉽다",
    "date": "06.04.28",
    "rating": "8",
    "author": "minh****",
    "review_id": "778019",
    "movie_id": "20732"
  },
  {
    "review": "로맨스와 액션을 접목할려고는 했지만..영...",
    "date": "06.03.20",
    "rating": "7",
    "author": "seon****",
    "review_id": "724892",
    "movie_id": "20732"
  },
  {
    "review": "성룡이 왠 로맨스??",
    "date": "05.12.24",
    "rating": "4",
    "author": "kws7****",
    "review_id": "525298",
    "movie_id": "20732"
  },
  {
    "review": "설득력이 너무나도 없는 스토리지만.. 성룡 액션만으로..",
    "date": "05.12.23",
    "rating": "7",
    "author": "jcr3****",
    "review_id": "523027",
    "movie_id": "20732"
  },
  {
    "review": "유치한 스토리지만 성룡이 꽤 멋있게 나옵니다.",
    "date": "05.11.13",
    "rating": "8",
    "author": "lsk2****",
    "review_id": "472341",
    "movie_id": "20732"
  },
  {
    "review": "있는 그대로 받아드려라",
    "date": "05.11.09",
    "rating": "10",
    "author": "popc****",
    "review_id": "469585",
    "movie_id": "20732"
  },
  {
    "review": "알란분 이랑 성룡분 1:1격투씬도  좋았는데 왜케 악평이...",
    "date": "05.10.06",
    "rating": "7",
    "author": "poa1****",
    "review_id": "435104",
    "movie_id": "20732"
  },
  {
    "review": "성룡만의 장점 해맑은 미소를 보기힘든영화.",
    "date": "05.09.23",
    "rating": "6",
    "author": "82ba****",
    "review_id": "418342",
    "movie_id": "20732"
  },
  {
    "review": "성룡에겐 좀 뭔가 어울리지않는 영화 ㅠㅠ",
    "date": "05.08.06",
    "rating": "7",
    "author": "qkdt****",
    "review_id": "354705",
    "movie_id": "20732"
  },
  {
    "review": "액션없는성룡은어이없고명배우양조위의코믹연기에비해 영환최악",
    "date": "05.05.30",
    "rating": "1",
    "author": "si2p****",
    "review_id": "290405",
    "movie_id": "20732"
  },
  {
    "review": "좀 아닌거 같아도 왠지 맘에드는영화..",
    "date": "05.05.23",
    "rating": "10",
    "author": "zhow****",
    "review_id": "284916",
    "movie_id": "20732"
  }
]