[
  {
    "review": "그냥그냥그냥그냥그냥",
    "date": "14.05.05",
    "rating": "10",
    "author": "qkqh****",
    "review_id": "8706811",
    "movie_id": "20739"
  },
  {
    "review": "아어유유듀어너너윸어ㅓ어어",
    "date": "13.11.09",
    "rating": "1",
    "author": "love****",
    "review_id": "8127981",
    "movie_id": "20739"
  },
  {
    "review": "곰은 쓸개땜에 죽고, 사람은 혓바닥땜에 죽는다해쏘 동무",
    "date": "10.11.06",
    "rating": "10",
    "author": "youn****",
    "review_id": "4940817",
    "movie_id": "20739"
  }
]