[
  {
    "review": "이영화 어릴때 본 영화인데 다시 볼려고 찾아도 없더군요. 북한에는 있을라나.?",
    "date": "15.02.01",
    "rating": "10",
    "author": "giok****",
    "review_id": "9658223",
    "movie_id": "20731"
  },
  {
    "review": "사계절.언제보아도. 세월이흐러도.세대가바뀌어도 보고싶은영화  다시보게 할수 있죠?",
    "date": "12.03.25",
    "rating": "10",
    "author": "oht3****",
    "review_id": "6167388",
    "movie_id": "20731"
  },
  {
    "review": "네거 필름이 김정일한테 있다는데 남북교류 차원에서 어케 안될까나?",
    "date": "12.02.01",
    "rating": "10",
    "author": "mbtl****",
    "review_id": "6041792",
    "movie_id": "20731"
  },
  {
    "review": "봤다는 사람들은 뭐지?",
    "date": "11.02.28",
    "rating": "10",
    "author": "sung****",
    "review_id": "5284447",
    "movie_id": "20731"
  },
  {
    "review": "필름이 유실되서 전설로만 내려오는 문화유산 만추 원작은 꼭 찾아야됩니다!!!",
    "date": "11.02.10",
    "rating": "10",
    "author": "yesm****",
    "review_id": "5232481",
    "movie_id": "20731"
  },
  {
    "review": "이영화 필름이 없을 텐데 보신분들이 꽤 있네요...66년 작 이니 나이가 적어도 한갑",
    "date": "11.02.05",
    "rating": "10",
    "author": "isht****",
    "review_id": "5216901",
    "movie_id": "20731"
  },
  {
    "review": "이 영화는 걸작입니다!!",
    "date": "10.10.10",
    "rating": "10",
    "author": "j049****",
    "review_id": "4895780",
    "movie_id": "20731"
  },
  {
    "review": "명작의 향기",
    "date": "10.10.10",
    "rating": "10",
    "author": "dudr****",
    "review_id": "4895778",
    "movie_id": "20731"
  },
  {
    "review": "별주는게 아깝다",
    "date": "10.07.08",
    "rating": "1",
    "author": "wkss****",
    "review_id": "4622869",
    "movie_id": "20731"
  }
]