[
  {
    "review": "아영화보고 억몽 꾸었음 무서워서",
    "date": "10.06.11",
    "rating": "10",
    "author": "sosy****",
    "review_id": "4559811",
    "movie_id": "20741"
  },
  {
    "review": "이미지만 보고 추락",
    "date": "09.04.13",
    "rating": "10",
    "author": "kld6****",
    "review_id": "3419828",
    "movie_id": "20741"
  },
  {
    "review": "그시대에서는 그나마 무서운영화인것 같음",
    "date": "09.02.19",
    "rating": "9",
    "author": "ksh9****",
    "review_id": "3315977",
    "movie_id": "20741"
  },
  {
    "review": "인과응보의 의미를 되새기며 영화를 본다면 굉장히 무서우며 볼만한 고전 호러물!!!",
    "date": "07.12.23",
    "rating": "10",
    "author": "smil****",
    "review_id": "2259041",
    "movie_id": "20741"
  }
]