[
  {
    "review": "감동도 없고..그냥 일제의 선전영화..쓰레기 영화",
    "date": "14.01.24",
    "rating": "1",
    "author": "haya****",
    "review_id": "8422073",
    "movie_id": "20743"
  },
  {
    "review": "고전영화지만 보고 감동의 눈물이 글썽거리더군요 말이 필요없는 최고의 고전",
    "date": "11.08.15",
    "rating": "10",
    "author": "odbd****",
    "review_id": "5651539",
    "movie_id": "20743"
  },
  {
    "review": "일제의 프로파간다 영화. 김신재 등 한국배우들과 함께 젊은 시절의 하라 세츠코 출연",
    "date": "11.06.30",
    "rating": "3",
    "author": "mist****",
    "review_id": "5508290",
    "movie_id": "20743"
  }
]