[
  {
    "review": "80년대 우리나라는 영화도 후진국이었군요 어떻게 저런 연기를... 동시대에 나온 영화가 ET 였던걸로.",
    "date": "15.02.19",
    "rating": "1",
    "author": "terr****",
    "review_id": "9715388",
    "movie_id": "20742"
  },
  {
    "review": "혼자만 당할수는 없지",
    "date": "12.10.08",
    "rating": "9",
    "author": "dann****",
    "review_id": "6772690",
    "movie_id": "20742"
  },
  {
    "review": "디아이보다 더 무섭고 제미있습니다. 폰영화나 디아이는 저리가라 입니다.ㅎㅎ",
    "date": "10.06.11",
    "rating": "10",
    "author": "sosy****",
    "review_id": "4559819",
    "movie_id": "20742"
  },
  {
    "review": "개봉때 어땠는지 몰라도 지금보면 말이 안나온다..내 친군 왜 이게 무섭다고 울었지?",
    "date": "09.10.16",
    "rating": "2",
    "author": "luna****",
    "review_id": "3895771",
    "movie_id": "20742"
  },
  {
    "review": "선우은숙씨의 귀신연기와 더불어 그에 따른 당황스런 반전에 주목해볼 필요가 있다.",
    "date": "08.07.04",
    "rating": "10",
    "author": "smil****",
    "review_id": "2739636",
    "movie_id": "20742"
  },
  {
    "review": "화면가득한 병맛의 작렬",
    "date": "08.04.13",
    "rating": "10",
    "author": "blaz****",
    "review_id": "2579051",
    "movie_id": "20742"
  },
  {
    "review": "무서워야 하는데.. 우스운 이유는 뭘까?",
    "date": "05.05.23",
    "rating": "4",
    "author": "jcr3****",
    "review_id": "284945",
    "movie_id": "20742"
  }
]