[
  {
    "review": "60년대 우리나라가 이렇게 비참할 정도로 가난 했을까.. 그나저나 벌써 2년이 다 되어가네요. 추모합니다. 3人..",
    "date": "13.02.06",
    "rating": "10",
    "author": "thsd****",
    "review_id": "7229393",
    "movie_id": "20756"
  },
  {
    "review": "추모합니다. 2人",
    "date": "11.04.25",
    "rating": "10",
    "author": "aktk****",
    "review_id": "5392323",
    "movie_id": "20756"
  },
  {
    "review": "추모합니다",
    "date": "11.04.25",
    "rating": "10",
    "author": "ship****",
    "review_id": "5392316",
    "movie_id": "20756"
  }
]