[
  {
    "review": "코믹하고 재미있네요. 토속적이고 풍자적이고 해학적인 변강쇠 시리즈 영화네요",
    "date": "12.05.15",
    "rating": "10",
    "author": "kore****",
    "review_id": "6300237",
    "movie_id": "20751"
  },
  {
    "review": "3류 감독의 3류 배우들 연명하기 위해 투자자 모은 골빈 영화인듯...",
    "date": "09.09.16",
    "rating": "1",
    "author": "cmh4****",
    "review_id": "3834021",
    "movie_id": "20751"
  },
  {
    "review": "저속하고 야릇함. 별로 볼껀덕지는 없다.",
    "date": "08.02.14",
    "rating": "2",
    "author": "evil****",
    "review_id": "2445653",
    "movie_id": "20751"
  }
]