[
  {
    "review": "이게 바로 70년대 시크 복고인가..낭만이 물씬~~ 지금 봐도 촌스럽지 않아 신기하고 등장배우들도 멋지네요 ㅎ",
    "date": "13.12.22",
    "rating": "10",
    "author": "ilov****",
    "review_id": "8269911",
    "movie_id": "20764"
  },
  {
    "review": "잼잇군요 ㅎㅎ",
    "date": "11.09.03",
    "rating": "9",
    "author": "cbc3****",
    "review_id": "5705669",
    "movie_id": "20764"
  },
  {
    "review": "우연히 보게 된건데 너무 좋았다. 70년대의 매력이랄까 이런게 복고??",
    "date": "11.09.03",
    "rating": "10",
    "author": "alye****",
    "review_id": "5705645",
    "movie_id": "20764"
  },
  {
    "review": "주인공들이 입은 옷이 전혀 촌스럽지 않고, 세련되게 느꼈고, 잼있게 봤던 기억..",
    "date": "10.11.30",
    "rating": "10",
    "author": "msiu****",
    "review_id": "5009761",
    "movie_id": "20764"
  },
  {
    "review": "청춘영화",
    "date": "09.11.08",
    "rating": "10",
    "author": "mirk****",
    "review_id": "3946424",
    "movie_id": "20764"
  },
  {
    "review": "뻔하고 비혈실적이면 어때. 이렇게 귀여운 영화가 있었다는 게 중요하지.",
    "date": "09.02.14",
    "rating": "10",
    "author": "navi****",
    "review_id": "3301882",
    "movie_id": "20764"
  }
]