[
  {
    "review": "乃",
    "date": "07.02.26",
    "rating": "10",
    "author": "lsc2****",
    "review_id": "1503082",
    "movie_id": "20765"
  },
  {
    "review": "있다 없다에서 나오는데 궁금해여",
    "date": "07.02.24",
    "rating": "10",
    "author": "bell****",
    "review_id": "1497913",
    "movie_id": "20765"
  },
  {
    "review": "맹수라는 영화 돋영상 보는데에서 잠시라도 보는곳 없나??궁금하네 무지",
    "date": "07.02.24",
    "rating": "10",
    "author": "mike****",
    "review_id": "1497417",
    "movie_id": "20765"
  },
  {
    "review": "있다없다 때문에 10점 주고갑니다~",
    "date": "07.02.23",
    "rating": "10",
    "author": "wogn****",
    "review_id": "1496648",
    "movie_id": "20765"
  },
  {
    "review": "사미자의첫무협영화.....",
    "date": "07.02.23",
    "rating": "10",
    "author": "wnwj****",
    "review_id": "1496635",
    "movie_id": "20765"
  }
]