[
  {
    "review": "당대 초호화 배역, 선전 홍보 목적도 있은듯. 이야기 자체는희극이고 억지이고.",
    "date": "14.01.22",
    "rating": "8",
    "author": "clie****",
    "review_id": "8411434",
    "movie_id": "20768"
  },
  {
    "review": "재미있어요!!!!~",
    "date": "14.01.18",
    "rating": "1",
    "author": "kyh1****",
    "review_id": "8393735",
    "movie_id": "20768"
  },
  {
    "review": "경치와 주변동네 너무 좋았다. 촬영지가 어디인지 궁금함아직 그 풍경이, 시냇가, 들판, 산야.. 남아있을까....   50년전인데...주요배역중 거의다 고인인데 최은희,구봉서씨는 생존중. 여든이 넘으셨을거고...",
    "date": "13.10.14",
    "rating": "9",
    "author": "mrab****",
    "review_id": "8059743",
    "movie_id": "20768"
  },
  {
    "review": "생각보다 재밌네요.",
    "date": "13.05.13",
    "rating": "10",
    "author": "r_uz****",
    "review_id": "7525891",
    "movie_id": "20768"
  },
  {
    "review": "딸이나 몸종이나 그 나물이라 설득력이 산으로 달리다.",
    "date": "13.05.01",
    "rating": "3",
    "author": "pria****",
    "review_id": "7498333",
    "movie_id": "20768"
  },
  {
    "review": "코믹함과, 교훈으로 어울리다.",
    "date": "12.04.06",
    "rating": "7",
    "author": "izzo****",
    "review_id": "6196179",
    "movie_id": "20768"
  },
  {
    "review": "고전적인 표현들이 색다르게 들린 명작입니다.",
    "date": "11.01.31",
    "rating": "10",
    "author": "oisi****",
    "review_id": "5198972",
    "movie_id": "20768"
  },
  {
    "review": "옛날 영화이지만 재밌고 오히려 신선했어요. 성우분 목소리는 쫌 느끼한....;;",
    "date": "11.01.31",
    "rating": "10",
    "author": "c931****",
    "review_id": "5198935",
    "movie_id": "20768"
  },
  {
    "review": "와 진짜 앙드레김 나옴,, 깜놀함 우리엄마랑 보고 놀랫음",
    "date": "09.11.07",
    "rating": "1",
    "author": "rick****",
    "review_id": "3942344",
    "movie_id": "20768"
  },
  {
    "review": "영화 너무 루즈하네요. 앙드레김 나오는것은 뭐임?>??? 존나 깜짝놀랐어.",
    "date": "09.11.07",
    "rating": "1",
    "author": "sung****",
    "review_id": "3942342",
    "movie_id": "20768"
  },
  {
    "review": "옛날 영화이지만 정말 재미있네요. .",
    "date": "09.06.10",
    "rating": "10",
    "author": "scen****",
    "review_id": "3556974",
    "movie_id": "20768"
  },
  {
    "review": "당시의 풍경과 영화 내용, 그리고 할아버지의 연로한 연기가 돋보입니다.",
    "date": "08.10.21",
    "rating": "9",
    "author": "sona****",
    "review_id": "3012567",
    "movie_id": "20768"
  },
  {
    "review": "이거 이거~ 볼만한데요. 애틋하고 재미도 있구요.",
    "date": "08.08.01",
    "rating": "10",
    "author": "dcap****",
    "review_id": "2822631",
    "movie_id": "20768"
  },
  {
    "review": "원작도 이 영화도 재밌어요. 특히 맹진사가 허둥지둥 하는 장면이 ㅎㅎ",
    "date": "08.06.02",
    "rating": "10",
    "author": "jnsc****",
    "review_id": "2676879",
    "movie_id": "20768"
  },
  {
    "review": "김승호선생님의 몇안되는 컬러영화.. 전성기때의 활동을 볼 수 있는영화.",
    "date": "07.11.18",
    "rating": "10",
    "author": "tjdg****",
    "review_id": "2161817",
    "movie_id": "20768"
  },
  {
    "review": "good!",
    "date": "07.07.06",
    "rating": "10",
    "author": "engk****",
    "review_id": "1751356",
    "movie_id": "20768"
  },
  {
    "review": "누나가 강추래",
    "date": "06.10.20",
    "rating": "9",
    "author": "je65****",
    "review_id": "1190259",
    "movie_id": "20768"
  },
  {
    "review": "출연자들의사진을볼려고해도못보고 이거정말 너무한거아닌가요? 좀볼려고했더니.",
    "date": "03.12.11",
    "rating": "10",
    "author": "tmfr****",
    "review_id": "1800",
    "movie_id": "20768"
  }
]