[
  {
    "review": "재밌었다..  나중에 친구들 몰고가서 또 봤을 정도로.. 내용은 흔한 한여자를 둘러싼 부자남자와 건달의 삼각관계.. 그래도 혜은이는 예뻤고, 노래가 참 좋았다..  지금도 노래가 생각난다.",
    "date": "14.07.17",
    "rating": "8",
    "author": "myn1****",
    "review_id": "8925214",
    "movie_id": "20777"
  },
  {
    "review": "혜은이의 전성시대. 김동현을 주연으로  발탁한. 정말 연기 잘 했다",
    "date": "12.12.11",
    "rating": "10",
    "author": "luke****",
    "review_id": "6992795",
    "movie_id": "20777"
  }
]