[
  {
    "review": "와 저 시절에도 배드신이 있었나???",
    "date": "15.05.09",
    "rating": "6",
    "author": "chla****",
    "review_id": "9905303",
    "movie_id": "20787"
  },
  {
    "review": "제목을 이해하려다보면 <사랑과 전쟁>, 제목을 무시하려다보면 <전설의 고향>....  디테일과 마무리는 오히려 <전설의 고향>보다 못하다.  미모의 <윤미라>와 <사미자>를 본것은 행운이었다~",
    "date": "13.11.20",
    "rating": "6",
    "author": "kyso****",
    "review_id": "8154043",
    "movie_id": "20787"
  },
  {
    "review": "전설~",
    "date": "13.07.19",
    "rating": "10",
    "author": "zion****",
    "review_id": "7764063",
    "movie_id": "20787"
  }
]