[
  {
    "review": "다 죽고 김지미 이순재만 남았네,,,이들도 곧 가것지요...7점 줄께요..",
    "date": "15.06.17",
    "rating": "7",
    "author": "woai****",
    "review_id": "10006855",
    "movie_id": "20783"
  },
  {
    "review": "이순재 형님이 박노식 성님의 아들이라는 것을 암시ㅋㅋㅋ. 순재형님 건강하세요~. 이효석님의 서정적인 소설을 각색한 영화... 왼손잡이는 의학적으로 유전은 아니지만 상징적인 표현임... 소설로 읽다보면 저녁노을에 그을린 메밀밭이 생각난다...ㅜ.ㅜ",
    "date": "14.01.10",
    "rating": "10",
    "author": "ojkc****",
    "review_id": "8368215",
    "movie_id": "20783"
  },
  {
    "review": "그러나 왼손잡이는 유전은 아니라고 한다.",
    "date": "11.10.03",
    "rating": "9",
    "author": "jrpa****",
    "review_id": "5767579",
    "movie_id": "20783"
  },
  {
    "review": "옜날 기억이 날듯..말듯..추억의 작품..",
    "date": "11.01.15",
    "rating": "9",
    "author": "nds9****",
    "review_id": "5158992",
    "movie_id": "20783"
  },
  {
    "review": "소설과 같은 옛날영화..ㅋㅋ배우들이 정겹다..",
    "date": "05.09.02",
    "rating": "8",
    "author": "hong****",
    "review_id": "391026",
    "movie_id": "20783"
  }
]