[
  {
    "review": "잘 만든 영화다. 주연부터 조연까지 연기가 자연스럽고, 배경과 상황 묘사가 뛰어나다. 옛날 영화같은 느낌이 들지 않게 세련되다.",
    "date": "14.02.28",
    "rating": "10",
    "author": "emil****",
    "review_id": "8546645",
    "movie_id": "20801"
  },
  {
    "review": "정말 재미있게 봤습니다. 당시사람들의 생활상을 보는 맛도 쏠쏠하고, 다른 한국영화들 많이 봤지만, 옛날영화답지않게 지루하지않고, 연출도 괜찮았던것같아요. 10점드려요~!",
    "date": "12.07.03",
    "rating": "10",
    "author": "love****",
    "review_id": "6441182",
    "movie_id": "20801"
  },
  {
    "review": "EBS에서 틀어주셔서 막판에 잠깐봤는데요.. 가정이 있는 유부남이 마담과 잠자리를 하고 .. 마누라 보는앞에 마담이 나타나고..그일 모른척 둘이 부인을 농락한게 멋있게 표현되고.. 그당시 여자가 바람나면 돌맞아죽을 시대인데 웃기네요 옛날영화라..",
    "date": "12.07.02",
    "rating": "1",
    "author": "up87****",
    "review_id": "6438087",
    "movie_id": "20801"
  },
  {
    "review": "흑백영화를 보니 신기하다. 저 당시에도 영화를 잘 만들었구나.",
    "date": "12.07.02",
    "rating": "10",
    "author": "ap88****",
    "review_id": "6437605",
    "movie_id": "20801"
  },
  {
    "review": "60년 나루제 미끼오의 \"여자가 계단을 오를 때\"의 아류작...",
    "date": "09.07.18",
    "rating": "1",
    "author": "ziho****",
    "review_id": "3644271",
    "movie_id": "20801"
  },
  {
    "review": "60년대 생활상이 흥미롭다.남궁원은 조연 느낌이며, 거의 최은희의 일인극.",
    "date": "09.03.14",
    "rating": "5",
    "author": "acin****",
    "review_id": "3364188",
    "movie_id": "20801"
  }
]