[
  {
    "review": "초등학교 어릴때 보고는 눈이 퉁퉁 붓도록 엄청 울게만든 영화... 가슴 시림이 오래토록 남아있게 만들던 영화다시보고싶어서 아무리 찾아봐도 영화는 볼수긴없고 주인공들의 정보또한 찾기힘들어 너무도 안타깝고 아쉬움이 남는다 꼭 다시보고싶습니다",
    "date": "14.03.01",
    "rating": "10",
    "author": "fxfx****",
    "review_id": "8546999",
    "movie_id": "20808"
  },
  {
    "review": "다시 보고 싶은 감동적인 영화",
    "date": "12.12.24",
    "rating": "10",
    "author": "eunj****",
    "review_id": "7039810",
    "movie_id": "20808"
  },
  {
    "review": "경민이라는 아역배우 연기가 일품이네요",
    "date": "12.12.23",
    "rating": "10",
    "author": "oope****",
    "review_id": "7034220",
    "movie_id": "20808"
  },
  {
    "review": "너무 감동적인 영화",
    "date": "12.12.23",
    "rating": "10",
    "author": "myso****",
    "review_id": "7034212",
    "movie_id": "20808"
  },
  {
    "review": "미안해 잘못했어. 아니야 괜찮아! 소녀가장을 그린 착한 영화!",
    "date": "06.03.12",
    "rating": "5",
    "author": "goma****",
    "review_id": "713142",
    "movie_id": "20808"
  }
]