[
  {
    "review": "50년대 영화 임이아우우여",
    "date": "14.07.29",
    "rating": "10",
    "author": "leej****",
    "review_id": "8976294",
    "movie_id": "20811"
  },
  {
    "review": "정말최고의영화이다.",
    "date": "14.06.16",
    "rating": "1",
    "author": "rsg8****",
    "review_id": "8835666",
    "movie_id": "20811"
  },
  {
    "review": "이런게 바로 꿀잼",
    "date": "13.06.23",
    "rating": "10",
    "author": "s148****",
    "review_id": "7671668",
    "movie_id": "20811"
  }
]