[
  {
    "review": "목 없는 여살인마  별로 않무서웁!",
    "date": "15.08.03",
    "rating": "1",
    "author": "rudv****",
    "review_id": "10180752",
    "movie_id": "20821"
  },
  {
    "review": "이게 80년대에 나왔다니..그저 대단할뿐",
    "date": "13.07.28",
    "rating": "10",
    "author": "cjfg****",
    "review_id": "7794837",
    "movie_id": "20821"
  },
  {
    "review": "토요미스테리에 나왔는데 이거 찍다가 진짜 귀신나왔대요",
    "date": "10.03.14",
    "rating": "4",
    "author": "zptc****",
    "review_id": "4357228",
    "movie_id": "20821"
  },
  {
    "review": "중간중간 주는 공포감과 영화속 시어머니의 연기에 주목해 볼 필요가 있는 그런 영화.",
    "date": "08.08.13",
    "rating": "10",
    "author": "smil****",
    "review_id": "2867286",
    "movie_id": "20821"
  },
  {
    "review": "85년 때 만들어진 영화 치곤 잘 만들어진 영화",
    "date": "08.05.23",
    "rating": "10",
    "author": "fbok****",
    "review_id": "2657408",
    "movie_id": "20821"
  },
  {
    "review": "1985년 우리나라의 수준으론 대단한 수준이었다",
    "date": "08.05.13",
    "rating": "10",
    "author": "ksk6****",
    "review_id": "2639558",
    "movie_id": "20821"
  },
  {
    "review": "너무 시시하다",
    "date": "08.05.10",
    "rating": "1",
    "author": "wkd5****",
    "review_id": "2630493",
    "movie_id": "20821"
  },
  {
    "review": "w굿!네이버스",
    "date": "08.05.10",
    "rating": "10",
    "author": "0503****",
    "review_id": "2630337",
    "movie_id": "20821"
  },
  {
    "review": "스펀지로 보는게더잼있네진짜..",
    "date": "08.05.10",
    "rating": "10",
    "author": "pado****",
    "review_id": "2630330",
    "movie_id": "20821"
  },
  {
    "review": "굿!",
    "date": "08.05.10",
    "rating": "10",
    "author": "v2v2****",
    "review_id": "2630227",
    "movie_id": "20821"
  },
  {
    "review": "재미없다",
    "date": "08.05.10",
    "rating": "1",
    "author": "roo9****",
    "review_id": "2630184",
    "movie_id": "20821"
  },
  {
    "review": "한편의 만화른 보는거 같아 ㅎㅎ",
    "date": "08.05.10",
    "rating": "10",
    "author": "aqw1****",
    "review_id": "2630174",
    "movie_id": "20821"
  },
  {
    "review": "아나 영화보다스펀지에서보여준게더무섭네",
    "date": "08.05.10",
    "rating": "10",
    "author": "mj77****",
    "review_id": "2630173",
    "movie_id": "20821"
  },
  {
    "review": "이런영화는정말 명작이다,, 10점이아깝지가않다",
    "date": "08.04.12",
    "rating": "10",
    "author": "wjda****",
    "review_id": "2576761",
    "movie_id": "20821"
  },
  {
    "review": "조낸 아스트랄하고 심플했다",
    "date": "08.04.12",
    "rating": "10",
    "author": "subt****",
    "review_id": "2576750",
    "movie_id": "20821"
  },
  {
    "review": "조낸 심플하고 코믹적이었다",
    "date": "07.12.27",
    "rating": "10",
    "author": "hjk5****",
    "review_id": "2272889",
    "movie_id": "20821"
  }
]