[
  {
    "review": "한국 무술영화 걸작 중 한편!",
    "date": "14.07.01",
    "rating": "10",
    "author": "zmfp****",
    "review_id": "8872938",
    "movie_id": "20845"
  },
  {
    "review": "한국 액션영화의 특징은 시원한 발차기가 멋졌던 영화...당시 기문둔갑같은 귀신영화와 홍콩 쿵푸영향의 영향을  받은듯 함",
    "date": "14.02.04",
    "rating": "6",
    "author": "thra****",
    "review_id": "8473765",
    "movie_id": "20845"
  },
  {
    "review": "옛날 일신주산학원에서 틀어줘서 본 영화",
    "date": "13.09.22",
    "rating": "9",
    "author": "kjli****",
    "review_id": "8007922",
    "movie_id": "20845"
  },
  {
    "review": "한국무술영화의 전설적인 작품들중 하나죠..",
    "date": "10.04.01",
    "rating": "10",
    "author": "jed3****",
    "review_id": "4401160",
    "movie_id": "20845"
  },
  {
    "review": "한국 80~90년대 어린이물의 대부. 왕룡 감독의 숨은명작!",
    "date": "10.01.30",
    "rating": "7",
    "author": "evil****",
    "review_id": "4226260",
    "movie_id": "20845"
  },
  {
    "review": "어릴적 보았던 추억의 명화.. 정말 성룡이나 이소룡 못지않은 그보다 더 나은 영화..",
    "date": "09.03.11",
    "rating": "10",
    "author": "tien****",
    "review_id": "3359881",
    "movie_id": "20845"
  },
  {
    "review": "아..정말 추억의 영화.. 아버지가 녹화해놓은것을 10번도 더 넘게 본듯한..",
    "date": "08.11.21",
    "rating": "10",
    "author": "ehfk****",
    "review_id": "3062689",
    "movie_id": "20845"
  }
]