[
  {
    "review": "밑에 분은 영화를 제대로 보신 건지.. 고전입니다 고전!",
    "date": "13.09.17",
    "rating": "9",
    "author": "lsm4****",
    "review_id": "7989416",
    "movie_id": "20855"
  },
  {
    "review": "지루한 영화.결말도 사이코감",
    "date": "11.12.17",
    "rating": "4",
    "author": "qmfk****",
    "review_id": "5910768",
    "movie_id": "20855"
  },
  {
    "review": "재밌고 연기를 잘하네요.. ㅋ",
    "date": "10.03.23",
    "rating": "10",
    "author": "simo****",
    "review_id": "4381949",
    "movie_id": "20855"
  }
]