[
  {
    "review": "마카로니 웨스턴과 정통웨스턴의 느낌을 받을 수 있었던 작품...결말이 비극적임",
    "date": "14.01.06",
    "rating": "6",
    "author": "thra****",
    "review_id": "8355527",
    "movie_id": "20854"
  },
  {
    "review": "아 결말이 너무하잖아요... 그치만 한국 최고의 고전 영화",
    "date": "11.05.07",
    "rating": "10",
    "author": "kjk1****",
    "review_id": "5412827",
    "movie_id": "20854"
  },
  {
    "review": "요즘 영화와 비교하면 허술한 부분이 많지만, 생각보다 이야기 자체가 꽤 재미있다",
    "date": "10.02.09",
    "rating": "6",
    "author": "mygr****",
    "review_id": "4262016",
    "movie_id": "20854"
  },
  {
    "review": "오늘날 나왔으면 정말 파워풀했을 작품",
    "date": "07.01.29",
    "rating": "5",
    "author": "okjo****",
    "review_id": "1425131",
    "movie_id": "20854"
  }
]