[
  {
    "review": "코카콜라 광고 최고의 아이돌스타가 90년대 딱 되자 샤론스톤보다 먼저 훌렁훌렁 그때 고딩때 몰래 극장서 보고 피꺼솟  정말 무삭제판 다시나와라 편집판 비디오도 구하기 힘들다",
    "date": "15.06.15",
    "rating": "10",
    "author": "spad****",
    "review_id": "10002454",
    "movie_id": "20884"
  },
  {
    "review": "원본 안보고 비디오로만 본 사람들은 말을 말라. 원본은 꽤 쎄다. 아마 무삭제 본은 대단했을 듯. 심혜진 리즈시절엔 완전 죽여주는 몸매였지.",
    "date": "14.04.28",
    "rating": "8",
    "author": "skle****",
    "review_id": "8679845",
    "movie_id": "20884"
  },
  {
    "review": "정말 괜찮은 영화 지금봐도 잘만든 웰메이드 작품",
    "date": "14.01.25",
    "rating": "10",
    "author": "bott****",
    "review_id": "8426806",
    "movie_id": "20884"
  },
  {
    "review": "애정씬도 좀 셌고 구성 탄탄했고 여운 있는 영화였는데 비됴는 커트를 많이 당한 듯..",
    "date": "09.11.11",
    "rating": "8",
    "author": "jowk****",
    "review_id": "3952363",
    "movie_id": "20884"
  },
  {
    "review": "내가10살때친구집에놀러갔다가 봤던...그때기억으론야해서19년이지난지금도기억이생생",
    "date": "09.03.02",
    "rating": "10",
    "author": "beau****",
    "review_id": "3342980",
    "movie_id": "20884"
  },
  {
    "review": "잼없던디 ... 이게무슨십점만점에 십점이여 ,..ㅠㅠ",
    "date": "08.11.27",
    "rating": "1",
    "author": "kh85****",
    "review_id": "3075316",
    "movie_id": "20884"
  },
  {
    "review": "심혜진멋져",
    "date": "06.11.27",
    "rating": "10",
    "author": "sada****",
    "review_id": "1253439",
    "movie_id": "20884"
  }
]