[
  {
    "review": "소판돈으로 부터 시작해서 지금 시청앞광장에서 춤추는 레전드 이주일의 모습을 볼 수 있다. 일단 희극인 이주일은 아무것도 안하고 보기만해도 웃기고 사람을 흔들게 하는 그 알수없는 힘이 있다.",
    "date": "15.05.11",
    "rating": "9",
    "author": "dma9****",
    "review_id": "9910835",
    "movie_id": "20885"
  },
  {
    "review": "그당시  생활상을 잘그린... 마치 토니스콧 영화를 보고 나온  느낌이었다..",
    "date": "14.05.12",
    "rating": "10",
    "author": "beha****",
    "review_id": "8725909",
    "movie_id": "20885"
  },
  {
    "review": "서울에서 산전수전 겪은 분들은 어느정도 감동과 웃음이 보이겠네요",
    "date": "14.05.02",
    "rating": "8",
    "author": "kyki****",
    "review_id": "8691677",
    "movie_id": "20885"
  },
  {
    "review": "환상의 똥꼬쇼의 원조라고 해서 찾아왔습니다",
    "date": "13.09.14",
    "rating": "10",
    "author": "thya****",
    "review_id": "7978596",
    "movie_id": "20885"
  },
  {
    "review": "동준형님의 화려한 똥꼬쇼",
    "date": "11.08.08",
    "rating": "10",
    "author": "sooh****",
    "review_id": "5622450",
    "movie_id": "20885"
  },
  {
    "review": "화려한 휴가에서 웃겼다. ㅋㅋㅋ",
    "date": "11.05.26",
    "rating": "10",
    "author": "dark****",
    "review_id": "5450106",
    "movie_id": "20885"
  },
  {
    "review": "이주일이 얼굴만 내비쳐도 빵빵 터지던 시절, 영화판이라고 그를 가만둘 리가 없었지",
    "date": "10.09.01",
    "rating": "5",
    "author": "mygr****",
    "review_id": "4809553",
    "movie_id": "20885"
  },
  {
    "review": "화려한 휴가에서 조금 봤다 ㅋㅋ",
    "date": "08.07.30",
    "rating": "10",
    "author": "vkdl****",
    "review_id": "2816395",
    "movie_id": "20885"
  },
  {
    "review": "화려한휴가 안에서 쪼끔봤는데 재밌더라.",
    "date": "07.08.08",
    "rating": "10",
    "author": "suwo****",
    "review_id": "1902045",
    "movie_id": "20885"
  },
  {
    "review": "이거 위성방송에서 하던데",
    "date": "06.07.28",
    "rating": "7",
    "author": "zeed****",
    "review_id": "932243",
    "movie_id": "20885"
  }
]