[
  {
    "review": "오랜만에 보는 경심이 누나!!!",
    "date": "14.08.11",
    "rating": "1",
    "author": "ske4****",
    "review_id": "9066861",
    "movie_id": "20900"
  },
  {
    "review": "으리!",
    "date": "13.03.23",
    "rating": "10",
    "author": "mykj****",
    "review_id": "7401584",
    "movie_id": "20900"
  },
  {
    "review": "이런걸 숨은진주라고하던가? 아니 진주로 표현하기엔 너무나모자란감이든다...내몸의 세포하나하나를 전율케했다.으뤼!",
    "date": "13.03.19",
    "rating": "10",
    "author": "nora****",
    "review_id": "7369362",
    "movie_id": "20900"
  },
  {
    "review": "볼 필요도 없이 10점!!! 으리!!",
    "date": "13.03.19",
    "rating": "10",
    "author": "rlaw****",
    "review_id": "7369297",
    "movie_id": "20900"
  },
  {
    "review": "10점 깨트리기!!!",
    "date": "13.03.19",
    "rating": "1",
    "author": "yooh****",
    "review_id": "7369272",
    "movie_id": "20900"
  },
  {
    "review": "감동으 으리",
    "date": "13.03.19",
    "rating": "10",
    "author": "jiaa****",
    "review_id": "7369265",
    "movie_id": "20900"
  },
  {
    "review": "이경실 이쁘다",
    "date": "13.03.19",
    "rating": "10",
    "author": "wjdd****",
    "review_id": "7369259",
    "movie_id": "20900"
  },
  {
    "review": "김보성은 이때도 정말 멋진 남자였음.",
    "date": "11.10.28",
    "rating": "10",
    "author": "odjs****",
    "review_id": "5813973",
    "movie_id": "20900"
  },
  {
    "review": "그렇저렇 괜찮았음....",
    "date": "05.12.18",
    "rating": "10",
    "author": "daer****",
    "review_id": "512844",
    "movie_id": "20900"
  }
]