[
  {
    "review": "와 죽이네.ㅎ 부럽다.ㅠ",
    "date": "15.03.06",
    "rating": "10",
    "author": "hiph****",
    "review_id": "9759921",
    "movie_id": "20905"
  },
  {
    "review": "불쌍해;;",
    "date": "11.09.19",
    "rating": "4",
    "author": "naeg****",
    "review_id": "5740248",
    "movie_id": "20905"
  },
  {
    "review": "EBS에서우연히정말재밌게봤다.영화스킬을기대해서야..스토리가감칠맛나고꼬마신랑귀엽",
    "date": "11.05.19",
    "rating": "10",
    "author": "shon****",
    "review_id": "5437610",
    "movie_id": "20905"
  },
  {
    "review": "옛날 영화니까",
    "date": "07.03.02",
    "rating": "5",
    "author": "zeed****",
    "review_id": "1513074",
    "movie_id": "20905"
  },
  {
    "review": "편집기술이 정말 재앙에 가깝다",
    "date": "07.02.28",
    "rating": "3",
    "author": "okjo****",
    "review_id": "1508857",
    "movie_id": "20905"
  }
]