[
  {
    "review": "ㅋㅋ 표지가 욱겨섴ㅋㅋㅋ 되지코같고... 남자애 거시도 보이곸ㅋㅋㅋㅋ",
    "date": "10.10.13",
    "rating": "6",
    "author": "md38****",
    "review_id": "4900923",
    "movie_id": "20940"
  },
  {
    "review": "바보",
    "date": "10.10.04",
    "rating": "10",
    "author": "cxx1****",
    "review_id": "4884187",
    "movie_id": "20940"
  },
  {
    "review": "어떻게 애를",
    "date": "10.09.30",
    "rating": "1",
    "author": "gd08****",
    "review_id": "4876943",
    "movie_id": "20940"
  },
  {
    "review": "윽 신고",
    "date": "10.08.23",
    "rating": "1",
    "author": "rkdt****",
    "review_id": "4783373",
    "movie_id": "20940"
  },
  {
    "review": "남자애**를보이개하냐?",
    "date": "10.04.03",
    "rating": "1",
    "author": "ag50****",
    "review_id": "4407317",
    "movie_id": "20940"
  },
  {
    "review": "애를 벗겨놔 ㅡㅡ",
    "date": "10.01.01",
    "rating": "1",
    "author": "pbo5****",
    "review_id": "4116119",
    "movie_id": "20940"
  },
  {
    "review": "오~!",
    "date": "09.07.06",
    "rating": "10",
    "author": "j288****",
    "review_id": "3615162",
    "movie_id": "20940"
  },
  {
    "review": "코가  좀...... 돼지 같다고나 할까?? 좀 맘에 안듬",
    "date": "09.06.17",
    "rating": "10",
    "author": "dltj****",
    "review_id": "3572002",
    "movie_id": "20940"
  },
  {
    "review": "이거 뭐임",
    "date": "09.03.28",
    "rating": "1",
    "author": "kjhb****",
    "review_id": "3392511",
    "movie_id": "20940"
  },
  {
    "review": "이미지는 딱이다",
    "date": "08.08.19",
    "rating": "10",
    "author": "cho4****",
    "review_id": "2886750",
    "movie_id": "20940"
  },
  {
    "review": "그냥 표지가 맘에안들었어 ..얼굴이 너무크잖아",
    "date": "08.08.18",
    "rating": "1",
    "author": "sooh****",
    "review_id": "2883230",
    "movie_id": "20940"
  }
]