[
  {
    "review": "chlrhdmlaudwkrdlq",
    "date": "14.01.25",
    "rating": "10",
    "author": "acht****",
    "review_id": "8423477",
    "movie_id": "20945"
  },
  {
    "review": "나의 한국영화에 대한 고정관념을 바꿔준 영화",
    "date": "13.09.27",
    "rating": "8",
    "author": "theh****",
    "review_id": "8017701",
    "movie_id": "20945"
  },
  {
    "review": "나의 오래된 김기영 입문작....어린이 시절 유선방송에서 딱 두번 보았지만 장면장면 뇌리에 깊게 각인된 작품.",
    "date": "13.03.26",
    "rating": "10",
    "author": "cell****",
    "review_id": "7412958",
    "movie_id": "20945"
  },
  {
    "review": ".",
    "date": "13.01.22",
    "rating": "1",
    "author": "kh47****",
    "review_id": "7142167",
    "movie_id": "20945"
  },
  {
    "review": "와 진짜 대단하다 이작품., 지금이랑 똑같네",
    "date": "12.11.19",
    "rating": "10",
    "author": "dma9****",
    "review_id": "6906391",
    "movie_id": "20945"
  },
  {
    "review": "한국의   잊혀진 명작",
    "date": "12.08.21",
    "rating": "10",
    "author": "lskd****",
    "review_id": "6631851",
    "movie_id": "20945"
  },
  {
    "review": "김기영... 시대를 잘못 타고난 사람. 나도 당신에게 빚진 영화인 중 하나다.",
    "date": "12.07.22",
    "rating": "8",
    "author": "cine****",
    "review_id": "6513280",
    "movie_id": "20945"
  },
  {
    "review": "사냥 되어야 할 바보는 누군가?, 누가 미치고 누가 치유자고 누가 병든자인가?",
    "date": "11.08.19",
    "rating": "8",
    "author": "25jo****",
    "review_id": "5667930",
    "movie_id": "20945"
  },
  {
    "review": "한말 두말 세말 네말 다섯말~~ ^^",
    "date": "11.06.24",
    "rating": "9",
    "author": "para****",
    "review_id": "5496473",
    "movie_id": "20945"
  },
  {
    "review": "예전 고딩때 몰래 봤는데, 20년이 훨씬 넘은 지금까지도 기억이 남는 수작!",
    "date": "10.09.01",
    "rating": "9",
    "author": "sada****",
    "review_id": "4809635",
    "movie_id": "20945"
  },
  {
    "review": "히브리신화의 김기영식 패로디.환경문제에 관한(아마도)가장 괴상한 방식의 문제제기.",
    "date": "10.05.17",
    "rating": "8",
    "author": "drs2****",
    "review_id": "4505398",
    "movie_id": "20945"
  },
  {
    "review": "날선 도발과 성적긴장 그리고 허무가 공존하는. 인장 확실한 그야말로 김기영 영화.",
    "date": "10.03.12",
    "rating": "6",
    "author": "kkot****",
    "review_id": "4350803",
    "movie_id": "20945"
  },
  {
    "review": "중학교때 TV에서 보고 놀란 걸작.한국영화, 그것도 옛날영화가? 김기영을 공부한계기",
    "date": "09.11.02",
    "rating": "10",
    "author": "nona****",
    "review_id": "3932800",
    "movie_id": "20945"
  },
  {
    "review": "아마도 김기영감독은 이 작품을 통해 펠리니감독의 '길' 한국버젼을 만든것같다",
    "date": "09.01.21",
    "rating": "10",
    "author": "west****",
    "review_id": "3236167",
    "movie_id": "20945"
  },
  {
    "review": "반드시 복원되어야 하는 걸작",
    "date": "08.05.07",
    "rating": "10",
    "author": "phib****",
    "review_id": "2622454",
    "movie_id": "20945"
  }
]