[
  {
    "review": "잼뜸",
    "date": "13.01.16",
    "rating": "10",
    "author": "hool****",
    "review_id": "7121156",
    "movie_id": "20949"
  },
  {
    "review": "...",
    "date": "13.01.16",
    "rating": "1",
    "author": "sunh****",
    "review_id": "7121137",
    "movie_id": "20949"
  },
  {
    "review": "와 박수건달 검색하다 우연히 여기까지 오게됨.. ㅋㅋ옛날 영화네요 한번 시간날때 봐야지!! 첫평점이라 ㅎㅎ",
    "date": "13.01.15",
    "rating": "10",
    "author": "jslw****",
    "review_id": "7117961",
    "movie_id": "20949"
  }
]