[
  {
    "review": "아이들에게 한번 쯤 보여줄만한 영화인듯.. 명절에 티비에서 보여주면 좋을 것 같네요",
    "date": "11.03.30",
    "rating": "10",
    "author": "zini****",
    "review_id": "5343802",
    "movie_id": "20947"
  },
  {
    "review": "뭔가 부족해...!!!",
    "date": "09.05.18",
    "rating": "8",
    "author": "doey****",
    "review_id": "3505299",
    "movie_id": "20947"
  },
  {
    "review": "이예기...엄마한테들어밨는데넘슬퍼여엄마집이아차산인데거기에서전쟁하다가죽었대여",
    "date": "08.08.19",
    "rating": "10",
    "author": "dlek****",
    "review_id": "2887076",
    "movie_id": "20947"
  }
]