[
  {
    "review": "당시 열등하던 조선영화계에서 한단계 높던 영화",
    "date": "15.05.14",
    "rating": "7",
    "author": "qmfk****",
    "review_id": "9915562",
    "movie_id": "20953"
  },
  {
    "review": "이거 줄거리 보지마세요. 개헛소리임. 영화 보도 않고 줄거리썻냐?",
    "date": "12.03.26",
    "rating": "9",
    "author": "hura****",
    "review_id": "6171276",
    "movie_id": "20953"
  },
  {
    "review": "미처 몰랐던 한국영화의 혼을 보았다",
    "date": "09.10.21",
    "rating": "10",
    "author": "asuk****",
    "review_id": "3906335",
    "movie_id": "20953"
  }
]