[
  {
    "review": "음악과 배우 염복순 이모님이 인상 깊었습니다..",
    "date": "12.08.07",
    "rating": "10",
    "author": "thsd****",
    "review_id": "6579070",
    "movie_id": "20950"
  },
  {
    "review": "마구 잘려나간 버전이 이 정도라면, 원본은 김기영의 마스터 피스 였을 것이다",
    "date": "10.12.27",
    "rating": "10",
    "author": "mezq****",
    "review_id": "5094298",
    "movie_id": "20950"
  },
  {
    "review": "하하",
    "date": "09.12.31",
    "rating": "10",
    "author": "shsi****",
    "review_id": "4112423",
    "movie_id": "20950"
  }
]