[
  {
    "review": "순수한 사랑의 감정을 영화화하여 마음속 한켠에 있던 부분을 .극화한 면이 돋보입니다무엇보다 제고향에서 지금은 사라지고 없는 그풍경과 비록 정식 출연은 아니지만 보조출연한 사람들 형님 아재 아지매들이 마냥  그립고 보고싶습니다고",
    "date": "13.12.06",
    "rating": "10",
    "author": "chou****",
    "review_id": "8193750",
    "movie_id": "20951"
  },
  {
    "review": "그저 그랬음",
    "date": "06.08.02",
    "rating": "7",
    "author": "zeed****",
    "review_id": "956511",
    "movie_id": "20951"
  }
]