[
  {
    "review": "고교시리즈보고 강주희씨 팬됐는데 이영화 어디서 구할수있을까요?",
    "date": "11.12.06",
    "rating": "10",
    "author": "mand****",
    "review_id": "5891234",
    "movie_id": "20977"
  },
  {
    "review": "하이틴 스타 강주희의 성인 데뷰 실패작..이후로 강주희를 본적이 없는거 같아요...",
    "date": "10.09.23",
    "rating": "3",
    "author": "brig****",
    "review_id": "4859433",
    "movie_id": "20977"
  },
  {
    "review": "기억에 남을 만한 영화라고 보기는 어렵도다.",
    "date": "10.08.04",
    "rating": "2",
    "author": "evil****",
    "review_id": "4707290",
    "movie_id": "20977"
  },
  {
    "review": "집에 이거 비디오로 있음....그냥 그럭저럭.....",
    "date": "06.12.16",
    "rating": "5",
    "author": "klux****",
    "review_id": "1297375",
    "movie_id": "20977"
  }
]