[
  {
    "review": "대학3학년때 광주 아세아극장에서 보았던 작품... 눈물도 많이 흘렀지만 감동적인 작품이었습니다. 연평도에서의 만남 장면은 지금도 잊을 수 없습니다.",
    "date": "15.02.08",
    "rating": "10",
    "author": "hnki****",
    "review_id": "9679540",
    "movie_id": "21013"
  },
  {
    "review": "잘 봤습니다.",
    "date": "12.07.24",
    "rating": "2",
    "author": "jin1****",
    "review_id": "6525500",
    "movie_id": "21013"
  },
  {
    "review": "당시(80년대초) 영화 수준으로 볼땐 수작입니다.특히 감독이 뛰어난거 같아요..",
    "date": "10.07.13",
    "rating": "10",
    "author": "bus7****",
    "review_id": "4636546",
    "movie_id": "21013"
  },
  {
    "review": "이거 볼만합니다",
    "date": "07.02.03",
    "rating": "8",
    "author": "zeed****",
    "review_id": "1437817",
    "movie_id": "21013"
  },
  {
    "review": "인간 본연의 자유를 향한 갈망!",
    "date": "05.05.01",
    "rating": "10",
    "author": "haen****",
    "review_id": "269315",
    "movie_id": "21013"
  }
]