[
  {
    "review": "백백교의 악마성은 안 보이고 음험하고 유치하기만..",
    "date": "15.04.09",
    "rating": "1",
    "author": "pont****",
    "review_id": "9835280",
    "movie_id": "21024"
  },
  {
    "review": "그런데 이 영화 어디에서 구할 수 있는지 궁금하네요. 빨리 보고 싶은데 이 영화.",
    "date": "15.03.04",
    "rating": "10",
    "author": "gksv****",
    "review_id": "9756227",
    "movie_id": "21024"
  },
  {
    "review": "철학과 지식 깊은 사려 명작",
    "date": "14.12.24",
    "rating": "10",
    "author": "yoon****",
    "review_id": "9506056",
    "movie_id": "21024"
  },
  {
    "review": "일제시대 백백교 부터 세월호 침몰사건의 구원파 까지. 사이비종교는 사회악 그 차체다. 사이비종교의 위험성을 알려준 영화로서 손색이 없다.",
    "date": "14.04.23",
    "rating": "10",
    "author": "megs****",
    "review_id": "8667859",
    "movie_id": "21024"
  },
  {
    "review": "이거 다시 보고 싶습니다",
    "date": "14.01.19",
    "rating": "10",
    "author": "dhks****",
    "review_id": "8400695",
    "movie_id": "21024"
  },
  {
    "review": "정명석이  군침 돌게하는 영화인걸",
    "date": "13.09.10",
    "rating": "4",
    "author": "almo****",
    "review_id": "7963427",
    "movie_id": "21024"
  },
  {
    "review": "내 인생 최고의 영화 중 하나",
    "date": "11.02.15",
    "rating": "10",
    "author": "azy3****",
    "review_id": "5245394",
    "movie_id": "21024"
  },
  {
    "review": "이건 재미로보는게 아니라, 사이비종교의 무서움을 조심하라고 보는것",
    "date": "10.12.02",
    "rating": "10",
    "author": "ljhv****",
    "review_id": "5014856",
    "movie_id": "21024"
  },
  {
    "review": "공부가더재밋음",
    "date": "10.08.06",
    "rating": "1",
    "author": "ljh9****",
    "review_id": "4712568",
    "movie_id": "21024"
  },
  {
    "review": "요즘 시대에 안나온게 다행이지",
    "date": "10.06.03",
    "rating": "1",
    "author": "bkm1****",
    "review_id": "4542510",
    "movie_id": "21024"
  },
  {
    "review": "ㅋㅋㅋㅋㅋ진짜재미없다",
    "date": "10.03.20",
    "rating": "1",
    "author": "ekqq****",
    "review_id": "4369948",
    "movie_id": "21024"
  },
  {
    "review": "시1발존 나잼없네개 새 끼들이인간죽이고그걸또먹는다무슨미 친 씨나락까먹는소리하네",
    "date": "10.01.19",
    "rating": "1",
    "author": "bhs1****",
    "review_id": "4187070",
    "movie_id": "21024"
  },
  {
    "review": "시1발쓸기영화임",
    "date": "09.04.28",
    "rating": "1",
    "author": "rlat****",
    "review_id": "3446686",
    "movie_id": "21024"
  },
  {
    "review": "이건 영화가 아니라 다큐멘터리야-_-보다 지루해 죽겠네...",
    "date": "08.03.11",
    "rating": "1",
    "author": "rsmh****",
    "review_id": "2515527",
    "movie_id": "21024"
  },
  {
    "review": "무섭다 ㅠㅠ",
    "date": "07.06.03",
    "rating": "8",
    "author": "the_****",
    "review_id": "1679061",
    "movie_id": "21024"
  },
  {
    "review": "일제시대 유사종교 백백교의 비극.",
    "date": "07.02.01",
    "rating": "8",
    "author": "skss****",
    "review_id": "1433403",
    "movie_id": "21024"
  },
  {
    "review": "무서운 영화..",
    "date": "06.02.24",
    "rating": "9",
    "author": "daer****",
    "review_id": "689975",
    "movie_id": "21024"
  },
  {
    "review": "무서운 사이비 종교..ㅜㅜ",
    "date": "04.07.12",
    "rating": "8",
    "author": "pwj8****",
    "review_id": "69589",
    "movie_id": "21024"
  }
]