[
  {
    "review": "천녀유혼은,장국영,왕조현 나오는 리메이크가 최고인데,이 영화는 그렇지 않다.정소동의리메이크보다 이게 훨씬 더 나음.리메이크물중에 좋은영화가 많긴하네.이탈리안 잡이나 토마스 크라운 어페어도 그렇고,라스트 모히칸에,오션스 일레븐씨리즈3부작까지 치면,몇개?",
    "date": "12.12.28",
    "rating": "9",
    "author": "baks****",
    "review_id": "7056562",
    "movie_id": "21027"
  },
  {
    "review": "초등학교때 처음으로 개봉극장에 가서 본 유일한 영화. 그럭저럭 재미있음",
    "date": "10.08.19",
    "rating": "8",
    "author": "mood****",
    "review_id": "4765646",
    "movie_id": "21027"
  },
  {
    "review": "이상하다..",
    "date": "08.01.07",
    "rating": "10",
    "author": "dkdk****",
    "review_id": "2306751",
    "movie_id": "21027"
  }
]