[
  {
    "review": "ㅉㅉ 하경준",
    "date": "13.03.29",
    "rating": "1",
    "author": "cd05****",
    "review_id": "7420855",
    "movie_id": "21021"
  },
  {
    "review": "누를땐니맘일지몰라도 결과는모른다하경준씨",
    "date": "13.03.29",
    "rating": "1",
    "author": "dbcn****",
    "review_id": "7420815",
    "movie_id": "21021"
  },
  {
    "review": "ㅋㅋ하경준",
    "date": "13.03.29",
    "rating": "1",
    "author": "dj05****",
    "review_id": "7420808",
    "movie_id": "21021"
  },
  {
    "review": "하하하하 넌 내맘대로 평점을정할수잇지하하 덤벼라 하하하하 백발백중 하하",
    "date": "13.03.29",
    "rating": "10",
    "author": "hghg****",
    "review_id": "7420771",
    "movie_id": "21021"
  }
]