[
  {
    "review": "이고 스펀지ㅔ서 봤는데 재미있음ㅋ",
    "date": "10.10.18",
    "rating": "7",
    "author": "dldm****",
    "review_id": "4910093",
    "movie_id": "21028"
  },
  {
    "review": "스펀지에서 봤는데",
    "date": "10.05.08",
    "rating": "5",
    "author": "wkdt****",
    "review_id": "4486782",
    "movie_id": "21028"
  },
  {
    "review": "볼만함",
    "date": "10.04.10",
    "rating": "10",
    "author": "daae****",
    "review_id": "4423212",
    "movie_id": "21028"
  },
  {
    "review": "뭐 볼만 한데 ㅋㅋㅋㅋㅋㅋㅋㅋ",
    "date": "09.04.17",
    "rating": "10",
    "author": "hys9****",
    "review_id": "3426074",
    "movie_id": "21028"
  },
  {
    "review": "동화와 사극의 만남..명배우들의 열연..그리고 다소의 유치함",
    "date": "07.03.12",
    "rating": "7",
    "author": "apol****",
    "review_id": "1530437",
    "movie_id": "21028"
  },
  {
    "review": "EBS에서 나와서 봤음어설픈 맛땜에 잼뜸 스토리 전개가초스피드",
    "date": "05.03.28",
    "rating": "10",
    "author": "kowf****",
    "review_id": "249006",
    "movie_id": "21028"
  }
]