[
  {
    "review": "우연히 보게 되었는데 참 놀라웠다 80년대 초반 한국영화가 상당히 자극 외설적이다...",
    "date": "15.03.01",
    "rating": "10",
    "author": "ferd****",
    "review_id": "9749456",
    "movie_id": "21037"
  },
  {
    "review": "이기선 정도면.. 사장님이 남성을 찾을 만 하지!",
    "date": "14.12.24",
    "rating": "6",
    "author": "pont****",
    "review_id": "9505798",
    "movie_id": "21037"
  },
  {
    "review": "당시 이기선의 미모는 지금의 수지라해도 과언이 아님.청순과 섹시를 넘나드는 미인이다.",
    "date": "14.11.26",
    "rating": "10",
    "author": "asic****",
    "review_id": "9423109",
    "movie_id": "21037"
  },
  {
    "review": "신파라고생각은 했지만 펑펑울었네요 이기선씨 연기 진짜 좋아요 김수현선생님 각본은 역시 대단한 힘이있는것같습니다",
    "date": "14.11.20",
    "rating": "10",
    "author": "1940****",
    "review_id": "9404174",
    "movie_id": "21037"
  },
  {
    "review": "30년도 더 전에 이정도 수위라니...ㅎㄷㄷ",
    "date": "14.09.02",
    "rating": "7",
    "author": "kado****",
    "review_id": "9156235",
    "movie_id": "21037"
  },
  {
    "review": "그당시에 유행하던 행복->불행순의 전형적인 신파극이지만 어쨌든 끝까지 보게 만드는 힘이 느껴짐",
    "date": "14.08.09",
    "rating": "10",
    "author": "kom_****",
    "review_id": "9054843",
    "movie_id": "21037"
  },
  {
    "review": "80년대 영화를 다시 생각하게 만드는 수작...이기선의 연기력이 대단하다.",
    "date": "14.07.17",
    "rating": "10",
    "author": "turb****",
    "review_id": "8925986",
    "movie_id": "21037"
  },
  {
    "review": "난 이제 겨우 21살 이에요!!! 버려진 청춘이 있기에 청춘의 덫이 있었다.",
    "date": "13.12.01",
    "rating": "10",
    "author": "skku****",
    "review_id": "8182009",
    "movie_id": "21037"
  },
  {
    "review": "이기선씨 뭐하시나요? 파격적인 정사씬 당시로서는 파격이였을듯 싶네요",
    "date": "12.06.23",
    "rating": "10",
    "author": "hanx****",
    "review_id": "6410922",
    "movie_id": "21037"
  },
  {
    "review": "단지 이상형인 이기선씨 때문에... 영화도 굉장히 수작입니다.^^",
    "date": "12.02.24",
    "rating": "10",
    "author": "dong****",
    "review_id": "6102067",
    "movie_id": "21037"
  },
  {
    "review": "80년대 영화임에도 최근에 봐도 너무 재밌네요! 잘 만든 영화인듯!",
    "date": "11.07.07",
    "rating": "10",
    "author": "asrh****",
    "review_id": "5528038",
    "movie_id": "21037"
  },
  {
    "review": "된장녀의 시작이구나... 자연산 명자얼굴이면 가능 ㅋㅋ",
    "date": "11.04.29",
    "rating": "10",
    "author": "choj****",
    "review_id": "5397802",
    "movie_id": "21037"
  },
  {
    "review": "비극적인 신데렐라 스토리. 계층간의 격차랄까 그런것이 잘 나타나욌음",
    "date": "11.04.24",
    "rating": "10",
    "author": "dcap****",
    "review_id": "5389551",
    "movie_id": "21037"
  },
  {
    "review": "당시 꿈에 보고싶엇던 이기선~~~ㅋㅋ 각본이 김수현씨네요..생각보다 수작이네요",
    "date": "10.11.25",
    "rating": "10",
    "author": "bus7****",
    "review_id": "4990687",
    "movie_id": "21037"
  },
  {
    "review": "80년대 꽃미녀..이기선의 과감한 노출~60년대 최고미남배우 남궁원과 이기선의 열연!!",
    "date": "10.09.11",
    "rating": "10",
    "author": "zmfp****",
    "review_id": "4828488",
    "movie_id": "21037"
  },
  {
    "review": "시대적 배경상 어려웠던 시절이기에 늦게나마 임을만나서 가정을 구미는...",
    "date": "09.06.28",
    "rating": "9",
    "author": "musi****",
    "review_id": "3596654",
    "movie_id": "21037"
  }
]