[
  {
    "review": "할머니가봣던 유일한영화",
    "date": "13.07.26",
    "rating": "10",
    "author": "vrla****",
    "review_id": "7787736",
    "movie_id": "21034"
  },
  {
    "review": "옛날어렸을적에 본기억이 있어요.지금가요무대에서 들으니 그때의 기억이가물~",
    "date": "11.08.22",
    "rating": "10",
    "author": "yyhj****",
    "review_id": "5680811",
    "movie_id": "21034"
  },
  {
    "review": "와우",
    "date": "10.04.15",
    "rating": "10",
    "author": "cnsg****",
    "review_id": "4434608",
    "movie_id": "21034"
  }
]