[
  {
    "review": "이것이 살아있는 코메디의 역사다  !!",
    "date": "14.07.31",
    "rating": "10",
    "author": "came****",
    "review_id": "8989577",
    "movie_id": "21041"
  },
  {
    "review": "EBS에서 방영한거 봤는데 넘 잼나서 채널 고정했네요. 흡입력있는 영화",
    "date": "11.02.19",
    "rating": "10",
    "author": "goro****",
    "review_id": "5255944",
    "movie_id": "21041"
  },
  {
    "review": "굿! 재밌습니다~",
    "date": "11.02.14",
    "rating": "10",
    "author": "asak****",
    "review_id": "5241969",
    "movie_id": "21041"
  },
  {
    "review": "송해가나오네요.매우젋어요",
    "date": "11.02.13",
    "rating": "10",
    "author": "go_j****",
    "review_id": "5241859",
    "movie_id": "21041"
  },
  {
    "review": "옛날생각나네요",
    "date": "11.02.13",
    "rating": "10",
    "author": "als6****",
    "review_id": "5241848",
    "movie_id": "21041"
  },
  {
    "review": "괜찮네요 ㅋ",
    "date": "11.02.13",
    "rating": "10",
    "author": "aedd****",
    "review_id": "5241843",
    "movie_id": "21041"
  },
  {
    "review": "방금 ebs에서 봤습니다. 60년대영화답지않게 정말 재밌어서 시간가는 줄 몰랐음. ㅎㅎ",
    "date": "08.07.28",
    "rating": "10",
    "author": "rkdr****",
    "review_id": "2810117",
    "movie_id": "21041"
  }
]