[
  {
    "review": "어버... 어버버....",
    "date": "14.04.12",
    "rating": "1",
    "author": "wjse****",
    "review_id": "8644720",
    "movie_id": "21050"
  },
  {
    "review": "비탄에 빠진 나운규로선 명작",
    "date": "12.01.15",
    "rating": "10",
    "author": "wjda****",
    "review_id": "5988885",
    "movie_id": "21050"
  },
  {
    "review": "내가 1등? 나 이거 교과서에서 봤는데",
    "date": "10.12.02",
    "rating": "10",
    "author": "4409****",
    "review_id": "5013876",
    "movie_id": "21050"
  }
]