[
  {
    "review": "최종전이 너무 허망했다",
    "date": "15.02.26",
    "rating": "4",
    "author": "gyps****",
    "review_id": "9742073",
    "movie_id": "21060"
  },
  {
    "review": "액션, 스토리, 웃음, 감동 어느하나 빠지는게 없음 최고의 영화임",
    "date": "14.05.23",
    "rating": "10",
    "author": "tyt2****",
    "review_id": "8758310",
    "movie_id": "21060"
  },
  {
    "review": "최고!!! 말이 필요없음",
    "date": "10.07.17",
    "rating": "10",
    "author": "kfa5****",
    "review_id": "4645449",
    "movie_id": "21060"
  }
]