[
  {
    "review": "이 영화를 보고 암이 나았습니다.",
    "date": "15.05.08",
    "rating": "10",
    "author": "spar****",
    "review_id": "9904116",
    "movie_id": "21072"
  },
  {
    "review": ".정말로  재밌게 봤습니다",
    "date": "14.06.09",
    "rating": "10",
    "author": "yaoy****",
    "review_id": "8815341",
    "movie_id": "21072"
  },
  {
    "review": "별로다.별로다.별로다.별로다.별로다.별로다.별로다.별로다.별로다.",
    "date": "09.06.21",
    "rating": "1",
    "author": "driv****",
    "review_id": "3579505",
    "movie_id": "21072"
  }
]