[
  {
    "review": "1944년 일본군이 패배하고 있을 때 나온 선전영화. 과거를 알고 있는 입장에서 보기엔 화면의 평화로운 모습이 독일동화 피리를 부는 사나이를 보는 것처럼 소름이 끼친다.",
    "date": "14.03.27",
    "rating": "6",
    "author": "theh****",
    "review_id": "8611161",
    "movie_id": "21088"
  },
  {
    "review": "아....................하ㅏ................",
    "date": "13.03.02",
    "rating": "1",
    "author": "pkb0****",
    "review_id": "7318487",
    "movie_id": "21088"
  },
  {
    "review": "일제의 프로파간다 영화. 리샹란이 신병훈련소 위문공연하는 모습이 나옴.",
    "date": "11.06.23",
    "rating": "2",
    "author": "mist****",
    "review_id": "5494417",
    "movie_id": "21088"
  },
  {
    "review": "사진 잘못됨. 위 사진은 일제 말 국책영화 '사랑과 맹세(愛と誓ひ, 1945)'의 한 장면.",
    "date": "10.06.20",
    "rating": "10",
    "author": "sexy****",
    "review_id": "4579801",
    "movie_id": "21088"
  }
]