[
  {
    "review": "웃음감동눈물 철학 최고의영화 25년전봤는데 요새계속다시보고싶다",
    "date": "14.08.27",
    "rating": "10",
    "author": "yoon****",
    "review_id": "9138757",
    "movie_id": "21108"
  },
  {
    "review": "이영화 죽여준다. 진짜다 재방영 필수",
    "date": "14.05.12",
    "rating": "10",
    "author": "qngh****",
    "review_id": "8726183",
    "movie_id": "21108"
  },
  {
    "review": "이야.. ov1234 님 착하네.. 내가 2등인가? ..",
    "date": "09.09.25",
    "rating": "10",
    "author": "vosl****",
    "review_id": "3850006",
    "movie_id": "21108"
  },
  {
    "review": "형이 해주는 마지막 경고다... \"본전 생각\" 하지만 10점...",
    "date": "09.03.30",
    "rating": "10",
    "author": "ov12****",
    "review_id": "3395679",
    "movie_id": "21108"
  }
]