[
  {
    "review": "어두웟던 시절에 불쌍한 인간군상들. 유동근 젊은 시절 훈남에 김만이란 분은 첨봤는데 선 굵은 연기를 보여준다. 남자들의 탐욕에 이리저리 희생되는 오수비씨도 열연하셨음",
    "date": "12.10.07",
    "rating": "7",
    "author": "danz****",
    "review_id": "6770668",
    "movie_id": "21117"
  },
  {
    "review": "솔직히 현시대배우들보다 연기력이 더 좋다.",
    "date": "09.08.09",
    "rating": "10",
    "author": "chlr****",
    "review_id": "3726170",
    "movie_id": "21117"
  },
  {
    "review": "유동근의 찝찝한 배드신.. 70년대 멜로영화 수준의 영화..",
    "date": "08.08.17",
    "rating": "2",
    "author": "evil****",
    "review_id": "2878669",
    "movie_id": "21117"
  }
]