[
  {
    "review": "산다는게 뭔지 다시 생각하게되는 훌륭한 작품이다",
    "date": "15.06.18",
    "rating": "10",
    "author": "ghwn****",
    "review_id": "10007574",
    "movie_id": "21133"
  },
  {
    "review": "소년에 대한 어정쩡한 자세로 알 수 있듯이 이 노시인은 아직 충분하게 성찰하고 반성하지 못했다.",
    "date": "15.06.08",
    "rating": "6",
    "author": "kusa****",
    "review_id": "9984752",
    "movie_id": "21133"
  },
  {
    "review": "담담하면서도 시린 감정 표현이 너무 좋았다.",
    "date": "15.06.03",
    "rating": "10",
    "author": "tea1****",
    "review_id": "9971388",
    "movie_id": "21133"
  },
  {
    "review": "내겐 받아들이기 힘든 이기적이고 자의적 표현법을 이용한 시적 메시지의 배설.",
    "date": "15.02.22",
    "rating": "6",
    "author": "tear****",
    "review_id": "9729409",
    "movie_id": "21133"
  },
  {
    "review": "당신과 함께 한 시간.... 영원...이면서 ...또한 ...하루   *_*",
    "date": "14.08.18",
    "rating": "10",
    "author": "elep****",
    "review_id": "9108441",
    "movie_id": "21133"
  },
  {
    "review": "그냥 보면 안다 왜 이 점수인지",
    "date": "14.08.06",
    "rating": "10",
    "author": "rich****",
    "review_id": "9037527",
    "movie_id": "21133"
  },
  {
    "review": "자막 번역의 오류인가?  20분 간격으로 졸음이. 저승사자 같은 옛시인이  인생은 달콤해~라고 깊은 음율의 BG 는 굿",
    "date": "13.09.21",
    "rating": "4",
    "author": "ador****",
    "review_id": "8003730",
    "movie_id": "21133"
  },
  {
    "review": "너무 아름답고 서정적이다. 평생 남는 영화다.",
    "date": "13.05.14",
    "rating": "10",
    "author": "silv****",
    "review_id": "7528046",
    "movie_id": "21133"
  },
  {
    "review": "최고",
    "date": "13.03.21",
    "rating": "10",
    "author": "yibi****",
    "review_id": "7384496",
    "movie_id": "21133"
  },
  {
    "review": "영상으로 표현할 수 있는 아름다움의 극점",
    "date": "13.03.17",
    "rating": "10",
    "author": "glod****",
    "review_id": "7358560",
    "movie_id": "21133"
  },
  {
    "review": "10년마다 한번씩 볼 예정인 영화. 깊이가 다르다",
    "date": "11.12.26",
    "rating": "10",
    "author": "newy****",
    "review_id": "5938762",
    "movie_id": "21133"
  },
  {
    "review": "세세한 것 하나하나까지 시적으로 연출한 역작. 여기저기 넘나드는 솜씨.",
    "date": "11.10.24",
    "rating": "10",
    "author": "reno****",
    "review_id": "5807052",
    "movie_id": "21133"
  },
  {
    "review": "앙겔로풀로스가 들려주는 영원한 '내일'과 순간의 '인생'에 대한 담담한 은유-",
    "date": "11.10.11",
    "rating": "8",
    "author": "spik****",
    "review_id": "5782637",
    "movie_id": "21133"
  },
  {
    "review": "현재를 온전히 사랑하여 영원을 이해하라",
    "date": "11.05.13",
    "rating": "8",
    "author": "25jo****",
    "review_id": "5425052",
    "movie_id": "21133"
  },
  {
    "review": "노인과 시... 지루한 조합... 역시 프랑스영화..",
    "date": "10.11.06",
    "rating": "2",
    "author": "bbq2****",
    "review_id": "4941008",
    "movie_id": "21133"
  },
  {
    "review": "한편의 인생이라는 시를 영화를 통해 나타내고자 했다.. 영상미에 별5개 that's it",
    "date": "10.09.22",
    "rating": "5",
    "author": "mchy****",
    "review_id": "4856026",
    "movie_id": "21133"
  },
  {
    "review": "영화로 쓰는 시... 너무나 아름답다.",
    "date": "10.09.03",
    "rating": "10",
    "author": "fine****",
    "review_id": "4813658",
    "movie_id": "21133"
  },
  {
    "review": "누군가의 부재와 존재의 가치. 그리고 삶은 아름다운 것..",
    "date": "10.07.19",
    "rating": "10",
    "author": "qjtj****",
    "review_id": "4653471",
    "movie_id": "21133"
  },
  {
    "review": "철학적 깊이가 뛰어남",
    "date": "10.04.27",
    "rating": "8",
    "author": "hero****",
    "review_id": "4458935",
    "movie_id": "21133"
  },
  {
    "review": "천천히 길게 호흡하면서 영원속을 산책하는 기분입니다.",
    "date": "10.02.24",
    "rating": "10",
    "author": "amor****",
    "review_id": "4315025",
    "movie_id": "21133"
  },
  {
    "review": "one of my favorite movies...",
    "date": "10.02.01",
    "rating": "10",
    "author": "mayf****",
    "review_id": "4234417",
    "movie_id": "21133"
  },
  {
    "review": "매 순간마다 가슴이 벅차다. 보는 사람 자체가 수준이 높아야 한다.",
    "date": "10.01.27",
    "rating": "10",
    "author": "cell****",
    "review_id": "4212969",
    "movie_id": "21133"
  },
  {
    "review": "문학에 가까운 영화. 모든 씬에서 잡생각이 끊이질 않았다. 감독의 생각을 듣고 싶다.",
    "date": "10.01.22",
    "rating": "9",
    "author": "imf0****",
    "review_id": "4197159",
    "movie_id": "21133"
  },
  {
    "review": "음...",
    "date": "10.01.02",
    "rating": "10",
    "author": "rlfd****",
    "review_id": "4122316",
    "movie_id": "21133"
  },
  {
    "review": "후회에 관한 영화. 진리는 멀리 있지 않다. 가까운 곳을 보자.",
    "date": "09.09.01",
    "rating": "8",
    "author": "5292****",
    "review_id": "3803529",
    "movie_id": "21133"
  },
  {
    "review": "어째뜬 테오 앙겔로플로스다 그는 거장이다",
    "date": "09.07.03",
    "rating": "7",
    "author": "tjsd****",
    "review_id": "3606986",
    "movie_id": "21133"
  },
  {
    "review": "깐느영화제 수상한이유가 있었네요 최고",
    "date": "09.05.03",
    "rating": "10",
    "author": "1amb****",
    "review_id": "3461208",
    "movie_id": "21133"
  },
  {
    "review": "어느 안개 자욱한 정거장 벤치, 혹은 태풍 지나간 낯설은 해변에서 만나는!",
    "date": "09.04.27",
    "rating": "8",
    "author": "cius****",
    "review_id": "3444258",
    "movie_id": "21133"
  },
  {
    "review": "뭐라 말로 표현하기가 어렵다.. 일단 봐야한다,, \"끝까지\",,",
    "date": "09.02.27",
    "rating": "10",
    "author": "leem****",
    "review_id": "3336914",
    "movie_id": "21133"
  },
  {
    "review": "인생을 뒤돌아보고, 주어진 하루하루를 감사히 받아들이게 해주는 영화",
    "date": "09.01.09",
    "rating": "10",
    "author": "angr****",
    "review_id": "3204297",
    "movie_id": "21133"
  },
  {
    "review": "고무 되기에는  난 너무 젊다....",
    "date": "08.12.15",
    "rating": "7",
    "author": "cool****",
    "review_id": "3119094",
    "movie_id": "21133"
  },
  {
    "review": "이영화를 보고 좋은평을 내리는사람은 영화평론가들일 것이다",
    "date": "08.11.18",
    "rating": "5",
    "author": "insa****",
    "review_id": "3058404",
    "movie_id": "21133"
  },
  {
    "review": "한 거장이 느끼는 인생에 관한 진솔하고 진정한 영화였다!",
    "date": "08.07.01",
    "rating": "9",
    "author": "napo****",
    "review_id": "2733311",
    "movie_id": "21133"
  },
  {
    "review": "저변에 깔린 시어들은 공존의 가치 앞에선 하품의 사치가 되누나",
    "date": "08.03.02",
    "rating": "7",
    "author": "paci****",
    "review_id": "2498893",
    "movie_id": "21133"
  },
  {
    "review": "내 삶의 각성을 죽음 앞에서 끌어와 준 영화.",
    "date": "08.01.15",
    "rating": "9",
    "author": "unit****",
    "review_id": "2334471",
    "movie_id": "21133"
  },
  {
    "review": "순간에 영원을 보는 그 찰나 우린 한층 성숙해진다",
    "date": "08.01.09",
    "rating": "9",
    "author": "bomb****",
    "review_id": "2309646",
    "movie_id": "21133"
  },
  {
    "review": "천천히 많은 것을 깨닫게 해주는 점잖은 어른 같은 영화.",
    "date": "08.01.01",
    "rating": "10",
    "author": "amos****",
    "review_id": "2289133",
    "movie_id": "21133"
  },
  {
    "review": "순간을 영원히 새기는 삶. 모든 의미가 고스란히 녹아들도록.",
    "date": "07.09.28",
    "rating": "10",
    "author": "temp****",
    "review_id": "2057572",
    "movie_id": "21133"
  },
  {
    "review": "너무 수준 높은 영화인가... 재미를 찾을 수 없다.",
    "date": "07.09.03",
    "rating": "1",
    "author": "caca****",
    "review_id": "1998641",
    "movie_id": "21133"
  },
  {
    "review": "버릴 것 하나 없는 빛나는 영화!! 시리게 아프고 아름답다.",
    "date": "07.05.17",
    "rating": "10",
    "author": "ngc2****",
    "review_id": "1642140",
    "movie_id": "21133"
  },
  {
    "review": "우리가 삶을 살아가면서 얼마나 많은 선택의 기로에 놓이게 될까...",
    "date": "07.04.23",
    "rating": "10",
    "author": "dark****",
    "review_id": "1601919",
    "movie_id": "21133"
  },
  {
    "review": "인내심의 한계가 적나라하게 표출되었다.. 굴욕적이다..",
    "date": "07.03.11",
    "rating": "3",
    "author": "down****",
    "review_id": "1529942",
    "movie_id": "21133"
  },
  {
    "review": "고맙습니다",
    "date": "07.02.16",
    "rating": "10",
    "author": "icut****",
    "review_id": "1474601",
    "movie_id": "21133"
  },
  {
    "review": "따따봉이다.",
    "date": "07.01.05",
    "rating": "9",
    "author": "bbul****",
    "review_id": "1358740",
    "movie_id": "21133"
  },
  {
    "review": "최고",
    "date": "06.11.08",
    "rating": "10",
    "author": "sela****",
    "review_id": "1222373",
    "movie_id": "21133"
  },
  {
    "review": "내 인생의 영화",
    "date": "06.10.13",
    "rating": "10",
    "author": "bigs****",
    "review_id": "1178889",
    "movie_id": "21133"
  },
  {
    "review": "말이 필요 없다.",
    "date": "06.10.08",
    "rating": "10",
    "author": "orac****",
    "review_id": "1170595",
    "movie_id": "21133"
  },
  {
    "review": "나는 너무 늦었어.",
    "date": "06.09.09",
    "rating": "10",
    "author": "dlag****",
    "review_id": "1112475",
    "movie_id": "21133"
  },
  {
    "review": "물이 흐르듯이 흘러간다.",
    "date": "06.05.28",
    "rating": "10",
    "author": "zeed****",
    "review_id": "819146",
    "movie_id": "21133"
  },
  {
    "review": "음미하면서 봐야만 하는 영화.",
    "date": "06.05.09",
    "rating": "8",
    "author": "ckna****",
    "review_id": "793142",
    "movie_id": "21133"
  },
  {
    "review": "반할만큼 아름다운 음악. 영상  너무나 진한 여운",
    "date": "06.05.06",
    "rating": "10",
    "author": "miau****",
    "review_id": "789292",
    "movie_id": "21133"
  },
  {
    "review": "이런게 완벽한영화 처음!!! 죽음과 영원의 관계는 끝이없다",
    "date": "06.05.04",
    "rating": "10",
    "author": "mock****",
    "review_id": "785905",
    "movie_id": "21133"
  },
  {
    "review": "졸렸다. 어려웠다. 죽기 직전 마지막 영화로 다시 보고 싶다.",
    "date": "06.04.24",
    "rating": "9",
    "author": "hadl****",
    "review_id": "773734",
    "movie_id": "21133"
  },
  {
    "review": "리뷰로 감동을 남기고 싶었지만 글이안되 여기서 10점줍니다..",
    "date": "06.04.23",
    "rating": "10",
    "author": "tmxl****",
    "review_id": "771866",
    "movie_id": "21133"
  },
  {
    "review": "두 시간 넘게 함께 고민하고 여행한 기분. 내가 존경하는 감독.",
    "date": "06.04.23",
    "rating": "10",
    "author": "donj****",
    "review_id": "771821",
    "movie_id": "21133"
  },
  {
    "review": "늦었다고 생각했을때, 그때가 바로 영원함이 태어나는 때이지요",
    "date": "06.04.23",
    "rating": "10",
    "author": "mato****",
    "review_id": "771818",
    "movie_id": "21133"
  },
  {
    "review": "말이 필요없다.10점만점에  보너스로 10점더 얹어주고싶다.",
    "date": "06.02.02",
    "rating": "10",
    "author": "namt****",
    "review_id": "643012",
    "movie_id": "21133"
  },
  {
    "review": "♡",
    "date": "05.10.27",
    "rating": "10",
    "author": "ilov****",
    "review_id": "456244",
    "movie_id": "21133"
  },
  {
    "review": "테오앙겔로폴로스... 율리시즈의시선이후..",
    "date": "05.06.27",
    "rating": "10",
    "author": "dand****",
    "review_id": "307612",
    "movie_id": "21133"
  },
  {
    "review": "인생을 30년 정도 더 살아 본 느낌.",
    "date": "04.12.17",
    "rating": "10",
    "author": "dans****",
    "review_id": "163906",
    "movie_id": "21133"
  },
  {
    "review": "Good",
    "date": "04.12.04",
    "rating": "10",
    "author": "caff****",
    "review_id": "156538",
    "movie_id": "21133"
  },
  {
    "review": "`영원`을 찾아나섰던 시인, `하루`의 의미를 깨닫다.",
    "date": "04.12.02",
    "rating": "9",
    "author": "gian****",
    "review_id": "155750",
    "movie_id": "21133"
  },
  {
    "review": "98년 고2때 PIFF때 봤던영화네요^^그땐 어려웠지만..아련히남는 영화",
    "date": "04.11.26",
    "rating": "8",
    "author": "moi6****",
    "review_id": "152191",
    "movie_id": "21133"
  },
  {
    "review": "졸려........................",
    "date": "04.11.25",
    "rating": "1",
    "author": "fq61****",
    "review_id": "151562",
    "movie_id": "21133"
  },
  {
    "review": "내인생 최고의 감동을 주었던 작품- 제 3회 서울여성영화제",
    "date": "04.11.17",
    "rating": "10",
    "author": "chis****",
    "review_id": "147286",
    "movie_id": "21133"
  },
  {
    "review": "영상도 멋지고 영화에 관한 마인드도 멋지다",
    "date": "04.11.02",
    "rating": "10",
    "author": "fool****",
    "review_id": "137718",
    "movie_id": "21133"
  },
  {
    "review": "영화스틸처럼 영상이 멋진영화라면 보고싶기도하다...",
    "date": "04.10.31",
    "rating": "8",
    "author": "pach****",
    "review_id": "136529",
    "movie_id": "21133"
  },
  {
    "review": "프랑스영화는 작품성이 좋다",
    "date": "04.10.31",
    "rating": "10",
    "author": "dlax****",
    "review_id": "136026",
    "movie_id": "21133"
  },
  {
    "review": "기대대는, 작품인데..",
    "date": "04.10.29",
    "rating": "10",
    "author": "ak61****",
    "review_id": "135039",
    "movie_id": "21133"
  },
  {
    "review": "히히",
    "date": "04.10.29",
    "rating": "1",
    "author": "th88****",
    "review_id": "134785",
    "movie_id": "21133"
  }
]