[
  {
    "review": "한국의 흔하지 않은 잘만든 블랙코미디",
    "date": "15.07.31",
    "rating": "10",
    "author": "3226****",
    "review_id": "10167151",
    "movie_id": "21148"
  },
  {
    "review": "니들 짜장면 되고 싶어?",
    "date": "15.05.27",
    "rating": "10",
    "author": "aika****",
    "review_id": "9954575",
    "movie_id": "21148"
  },
  {
    "review": "괜히다시봤다. ㅡ.ㅡ",
    "date": "15.05.12",
    "rating": "5",
    "author": "jos7****",
    "review_id": "9913471",
    "movie_id": "21148"
  },
  {
    "review": "아따 올만에 옛날 영화 그냥 대충 훑어 볼라 했드만ㅋ 넘잼써서 나도 모르게 끝까지 다 봤네ㅋㅋㅋㅋ아..낼 점심은 짜장면이다ㅋ 니들 짜장면 돼고싶어?",
    "date": "15.03.12",
    "rating": "9",
    "author": "xmen****",
    "review_id": "9773126",
    "movie_id": "21148"
  },
  {
    "review": "보는 내내 지루하진 않았지만 마지막이 이해가 안간다",
    "date": "15.02.25",
    "rating": "6",
    "author": "powe****",
    "review_id": "9737230",
    "movie_id": "21148"
  },
  {
    "review": "참 재밌게본 기억이 난다. ㅋㅋㅋㅋ",
    "date": "15.02.22",
    "rating": "10",
    "author": "cidd****",
    "review_id": "9728201",
    "movie_id": "21148"
  },
  {
    "review": "최고의 코믹 명작 입니다.",
    "date": "15.02.19",
    "rating": "10",
    "author": "ilta****",
    "review_id": "9713370",
    "movie_id": "21148"
  },
  {
    "review": "저도 짜장면에 손가락 있는 장면이 또렷이 기억나네요 어렴풋이 기억나는 영화의 전체적인 느낌은 포스터 색깔과 비슷한 색깔의 느낌이었음..",
    "date": "15.02.10",
    "rating": "8",
    "author": "dpfl****",
    "review_id": "9683527",
    "movie_id": "21148"
  },
  {
    "review": "잔인함. 짜장면의 무서운 뒷이야기. 김승우 주연의 영화는 대부분 재미없다고 봐도 무방함",
    "date": "15.01.27",
    "rating": "1",
    "author": "jjaj****",
    "review_id": "9641576",
    "movie_id": "21148"
  },
  {
    "review": "너도 짜장면 되고싶어?? ㅋ",
    "date": "14.12.28",
    "rating": "10",
    "author": "yuse****",
    "review_id": "9527679",
    "movie_id": "21148"
  },
  {
    "review": "어릴 때 봤는데  볼만했음 ㅋ",
    "date": "14.12.06",
    "rating": "7",
    "author": "fghy****",
    "review_id": "9451980",
    "movie_id": "21148"
  },
  {
    "review": "블랙코미디 치곤 재밌는데 너무 안유명하다",
    "date": "14.10.09",
    "rating": "10",
    "author": "skis****",
    "review_id": "9278559",
    "movie_id": "21148"
  },
  {
    "review": "우울한 분위기에 웃어줘야할 듯한 분위기...",
    "date": "14.10.04",
    "rating": "8",
    "author": "pass****",
    "review_id": "9264359",
    "movie_id": "21148"
  },
  {
    "review": "결말이 좀 흐지부지하지만 재미있다!!",
    "date": "14.08.21",
    "rating": "9",
    "author": "yero****",
    "review_id": "9118296",
    "movie_id": "21148"
  },
  {
    "review": "지금도 꽤 재미있게 봤다.최소한 기본은 된다고 생각한다.",
    "date": "14.08.20",
    "rating": "8",
    "author": "a109****",
    "review_id": "9113138",
    "movie_id": "21148"
  },
  {
    "review": "정말이지 의외의 수작..까칠한 김승우...어리버리 이범수...단순 무식 박상면...얄미운 진희경...정말 최고의 조합,스토리....진짜 수작이다!!!!",
    "date": "14.08.10",
    "rating": "10",
    "author": "djse****",
    "review_id": "9063443",
    "movie_id": "21148"
  },
  {
    "review": "다시 볼께요~ 기억납니다.. 자장면에서 나온 손가락 ㅋㅋ",
    "date": "14.07.22",
    "rating": "9",
    "author": "scvz****",
    "review_id": "8939249",
    "movie_id": "21148"
  },
  {
    "review": "이거 본 이후로 자장면 또는 짜장면이 맛있어 보였다.",
    "date": "14.06.15",
    "rating": "10",
    "author": "sshy****",
    "review_id": "8831928",
    "movie_id": "21148"
  },
  {
    "review": "이만하면 재미있는거지",
    "date": "14.05.16",
    "rating": "10",
    "author": "pavv****",
    "review_id": "8736155",
    "movie_id": "21148"
  },
  {
    "review": "지금 보면 꽤 인지도 있는 배우들이 엄청 출연한다...",
    "date": "14.04.14",
    "rating": "7",
    "author": "adiv****",
    "review_id": "8650716",
    "movie_id": "21148"
  },
  {
    "review": "그냥 딱 킬링타임용!!",
    "date": "13.11.27",
    "rating": "1",
    "author": "ske4****",
    "review_id": "8171127",
    "movie_id": "21148"
  },
  {
    "review": "평점이 왜 이리 낮나? 코미디의 진수구먼",
    "date": "13.08.15",
    "rating": "9",
    "author": "yaso****",
    "review_id": "7884860",
    "movie_id": "21148"
  },
  {
    "review": "재밌음 ㅋㅋ. 배우들도 수준급배우들만 모아놨네",
    "date": "13.08.14",
    "rating": "8",
    "author": "psh4****",
    "review_id": "7877860",
    "movie_id": "21148"
  },
  {
    "review": "블랙코미디속에 숨어있는 한국판 슬래셔.. 추천!",
    "date": "13.07.01",
    "rating": "10",
    "author": "olll****",
    "review_id": "7694687",
    "movie_id": "21148"
  },
  {
    "review": "적잖이 컬트적인 영화 ㅋㅋ",
    "date": "13.06.03",
    "rating": "7",
    "author": "gneg****",
    "review_id": "7575917",
    "movie_id": "21148"
  },
  {
    "review": "희대의 코믹 명작",
    "date": "13.05.27",
    "rating": "10",
    "author": "vand****",
    "review_id": "7558950",
    "movie_id": "21148"
  },
  {
    "review": "중반 까지 전개는 진짜 재밌는데.. 뒤에 가서 완전 삼류 ㅋㅋㅋ",
    "date": "13.05.23",
    "rating": "8",
    "author": "liqu****",
    "review_id": "7549939",
    "movie_id": "21148"
  },
  {
    "review": "난너무재밌게봤다",
    "date": "12.10.31",
    "rating": "9",
    "author": "coco****",
    "review_id": "6837649",
    "movie_id": "21148"
  },
  {
    "review": "짜장면 되고 싶냐 재밌었다.",
    "date": "12.10.12",
    "rating": "8",
    "author": "kem1****",
    "review_id": "6786252",
    "movie_id": "21148"
  },
  {
    "review": "어릴 때 본 것인데도 또렷이 기억나는 그 장면...! 손가락이 짜장면 그릇에 뙇.",
    "date": "12.10.07",
    "rating": "7",
    "author": "cubi****",
    "review_id": "6768920",
    "movie_id": "21148"
  },
  {
    "review": "조용한 가족과 신장개업은 우리나라 블랙코미디 영화의 양축이다.",
    "date": "12.09.13",
    "rating": "8",
    "author": "gent****",
    "review_id": "6694198",
    "movie_id": "21148"
  },
  {
    "review": "조용한가족과 비교해서 약간 시시한 면이 있다.",
    "date": "12.09.12",
    "rating": "6",
    "author": "biga****",
    "review_id": "6689626",
    "movie_id": "21148"
  },
  {
    "review": "국산 코미디 절대 안 보는데 이건 괜찮게 봤네",
    "date": "12.07.24",
    "rating": "9",
    "author": "ghal****",
    "review_id": "6522702",
    "movie_id": "21148"
  },
  {
    "review": "내가 지금까지 살면서 본 영화와 드라마중에 가장 많이 웃은 영화",
    "date": "12.05.26",
    "rating": "8",
    "author": "urch****",
    "review_id": "6335669",
    "movie_id": "21148"
  },
  {
    "review": "그냥 무난하다. 볼만했음.",
    "date": "12.03.18",
    "rating": "6",
    "author": "kis5****",
    "review_id": "6152722",
    "movie_id": "21148"
  },
  {
    "review": "아이디어가 좋았다 유쾌한 영화",
    "date": "12.03.18",
    "rating": "8",
    "author": "cred****",
    "review_id": "6151843",
    "movie_id": "21148"
  },
  {
    "review": "기묘하고 기발한 컬트코미디로 시작해서 우격다짐식 코미디로 끝을맺는",
    "date": "12.03.06",
    "rating": "6",
    "author": "goms****",
    "review_id": "6127255",
    "movie_id": "21148"
  },
  {
    "review": "김승우랑 진희경이 너무 망가졌넹 ㅋ",
    "date": "12.02.28",
    "rating": "2",
    "author": "ccpp****",
    "review_id": "6110948",
    "movie_id": "21148"
  },
  {
    "review": "한바탕 해프닝",
    "date": "12.02.28",
    "rating": "2",
    "author": "rame****",
    "review_id": "6110947",
    "movie_id": "21148"
  },
  {
    "review": "미단 공주가 이렇게 망가지다니",
    "date": "12.02.28",
    "rating": "2",
    "author": "kpcc****",
    "review_id": "6110946",
    "movie_id": "21148"
  },
  {
    "review": "님들아   아방궁홍사장 실제이름좀가르쳐주세요....  신장개업짱재밋엇요",
    "date": "12.02.18",
    "rating": "8",
    "author": "rjsk****",
    "review_id": "6085921",
    "movie_id": "21148"
  },
  {
    "review": "지금보면 유치할지 몰라도 당시엔 신선한 소재와 유머",
    "date": "11.12.27",
    "rating": "5",
    "author": "inos****",
    "review_id": "5939768",
    "movie_id": "21148"
  },
  {
    "review": "이거 찾앗엇는데 ㅋㅋ",
    "date": "11.12.07",
    "rating": "10",
    "author": "blac****",
    "review_id": "5892232",
    "movie_id": "21148"
  },
  {
    "review": "요새 3류 쓰레기 저질 코미디영화보단 나음",
    "date": "11.11.26",
    "rating": "6",
    "author": "qmfk****",
    "review_id": "5871150",
    "movie_id": "21148"
  },
  {
    "review": "짜장면을 주제로 한 블랙코메디 기억에 남아서 다시봤는데 볼만하다.",
    "date": "11.08.01",
    "rating": "7",
    "author": "tycr****",
    "review_id": "5588896",
    "movie_id": "21148"
  },
  {
    "review": "중간중간 빵 터트려주는 영화. 한번쯤은 볼만함.",
    "date": "11.04.26",
    "rating": "8",
    "author": "kaws****",
    "review_id": "5392885",
    "movie_id": "21148"
  },
  {
    "review": "손가락 짜장면.. ㅋㅋ",
    "date": "11.04.06",
    "rating": "6",
    "author": "tn99****",
    "review_id": "5357058",
    "movie_id": "21148"
  },
  {
    "review": "예전엔 괜춘했음 볼만했는데 지금보면 엄청 유치할듯 ㅋ",
    "date": "11.02.17",
    "rating": "7",
    "author": "rudd****",
    "review_id": "5250978",
    "movie_id": "21148"
  },
  {
    "review": "김승우가 망친 영화 중 한편...김승우 빼고 전부 웃겼던...",
    "date": "11.01.15",
    "rating": "4",
    "author": "se72****",
    "review_id": "5159833",
    "movie_id": "21148"
  },
  {
    "review": "블랙코미디의 진수",
    "date": "11.01.09",
    "rating": "10",
    "author": "anti****",
    "review_id": "5144342",
    "movie_id": "21148"
  },
  {
    "review": "나름 시나리오도 재밌고 간간이 웃기다 한국 코미디 영화로써는 준작",
    "date": "11.01.06",
    "rating": "8",
    "author": "laks****",
    "review_id": "5133673",
    "movie_id": "21148"
  },
  {
    "review": "볼만하던데 ㅋㅋㅋ 모 이정도면 10년전 영화치고 잘만들었음",
    "date": "11.01.01",
    "rating": "8",
    "author": "chop****",
    "review_id": "5110784",
    "movie_id": "21148"
  },
  {
    "review": "6점",
    "date": "10.08.19",
    "rating": "6",
    "author": "klov****",
    "review_id": "4766085",
    "movie_id": "21148"
  },
  {
    "review": "개인적으로 나이들고 망가진 진희경의 모습이 안타까웠던...",
    "date": "10.08.17",
    "rating": "6",
    "author": "ccpk****",
    "review_id": "4757263",
    "movie_id": "21148"
  },
  {
    "review": "정말 웃김 김승우 삐딱연기도 최고",
    "date": "10.06.18",
    "rating": "10",
    "author": "rbsb****",
    "review_id": "4574636",
    "movie_id": "21148"
  },
  {
    "review": "김승우는 미스 캐스팅. 내용만 조금 새롭다.",
    "date": "10.05.24",
    "rating": "3",
    "author": "stit****",
    "review_id": "4521149",
    "movie_id": "21148"
  },
  {
    "review": "초정절 하이개그의 결정체 지금봐도 전혀 어색하지 않다..",
    "date": "10.05.05",
    "rating": "8",
    "author": "tkzk****",
    "review_id": "4481454",
    "movie_id": "21148"
  },
  {
    "review": "어린 시절, 명절때 사촌이 밤에 해 주는 무서운 이야기 수준. 그보다 스릴감은 없지만",
    "date": "10.04.11",
    "rating": "2",
    "author": "imf0****",
    "review_id": "4427174",
    "movie_id": "21148"
  },
  {
    "review": "봐도봐도 잼있다 주연조연들의 조합이 너무 좋았음",
    "date": "10.04.02",
    "rating": "10",
    "author": "doc1****",
    "review_id": "4403342",
    "movie_id": "21148"
  },
  {
    "review": "정확히 기억난다 초 1때 이거보고 몇년간 짜장면 못먹엇다",
    "date": "10.03.19",
    "rating": "1",
    "author": "soni****",
    "review_id": "4366223",
    "movie_id": "21148"
  },
  {
    "review": "중국집과 한판승부.. 니가 찌징면될래??",
    "date": "10.03.15",
    "rating": "7",
    "author": "21c8****",
    "review_id": "4358382",
    "movie_id": "21148"
  },
  {
    "review": "대한민국 리얼리티네..ㅋㅋ",
    "date": "09.11.21",
    "rating": "10",
    "author": "hunt****",
    "review_id": "3979058",
    "movie_id": "21148"
  },
  {
    "review": "괜찮았던 코미디영화",
    "date": "09.09.26",
    "rating": "9",
    "author": "lord****",
    "review_id": "3851639",
    "movie_id": "21148"
  },
  {
    "review": "최고의 컬트코메디 ㅋㅋㅋ",
    "date": "09.09.22",
    "rating": "10",
    "author": "acc5****",
    "review_id": "3844405",
    "movie_id": "21148"
  },
  {
    "review": "어릴적 정말 재밌게 본 색다른 공포영화. 근데 무섭다기보단 왜이렇게 웃기냐...?ㅋㅋ",
    "date": "09.08.05",
    "rating": "8",
    "author": "deka****",
    "review_id": "3710000",
    "movie_id": "21148"
  },
  {
    "review": "나름 재밌게 봤었음",
    "date": "09.07.16",
    "rating": "10",
    "author": "jkh0****",
    "review_id": "3635812",
    "movie_id": "21148"
  },
  {
    "review": "조용한 가족에 이은 잔혹 컬트 코미디극",
    "date": "09.05.24",
    "rating": "8",
    "author": "dizi****",
    "review_id": "3520460",
    "movie_id": "21148"
  },
  {
    "review": "또보고싶당.....",
    "date": "09.03.29",
    "rating": "10",
    "author": "sw35****",
    "review_id": "3394731",
    "movie_id": "21148"
  },
  {
    "review": "1999년을생각하며10점",
    "date": "08.06.15",
    "rating": "10",
    "author": "tksk****",
    "review_id": "2700605",
    "movie_id": "21148"
  },
  {
    "review": "오래전 봤던 영화지만 잼있었음. 다시 함 보고싶네",
    "date": "08.06.13",
    "rating": "10",
    "author": "km77****",
    "review_id": "2696229",
    "movie_id": "21148"
  },
  {
    "review": "개점휴업",
    "date": "08.06.07",
    "rating": "1",
    "author": "meth****",
    "review_id": "2684580",
    "movie_id": "21148"
  },
  {
    "review": "중국집과 인육을 소재로 한 제법 독특한 재미의 코미디",
    "date": "08.05.26",
    "rating": "7",
    "author": "uds0****",
    "review_id": "2665735",
    "movie_id": "21148"
  },
  {
    "review": "아이거 어렷을땐 왜그리 무서웟던지 ㅋㅋㅋ",
    "date": "08.04.29",
    "rating": "10",
    "author": "isl7****",
    "review_id": "2605367",
    "movie_id": "21148"
  },
  {
    "review": "각본좋았다 ㅋㅋ 아웃기다",
    "date": "08.03.11",
    "rating": "10",
    "author": "wlsd****",
    "review_id": "2515327",
    "movie_id": "21148"
  },
  {
    "review": "별반개도 아까운 영화.",
    "date": "08.02.09",
    "rating": "1",
    "author": "ouyo****",
    "review_id": "2425348",
    "movie_id": "21148"
  },
  {
    "review": "공포영화는 아닌 것 같구요...재밌는 영화 같아요....한국 영화의 코믹",
    "date": "08.01.30",
    "rating": "10",
    "author": "shut****",
    "review_id": "2388624",
    "movie_id": "21148"
  },
  {
    "review": "당시로서는 쵝오였으....",
    "date": "08.01.30",
    "rating": "10",
    "author": "zzen****",
    "review_id": "2386883",
    "movie_id": "21148"
  },
  {
    "review": "진짜 재밌더구만 ...",
    "date": "08.01.27",
    "rating": "10",
    "author": "kh2p****",
    "review_id": "2377367",
    "movie_id": "21148"
  },
  {
    "review": "너무 무서워요.. ㅠ.ㅠ 잔인해~",
    "date": "08.01.25",
    "rating": "1",
    "author": "opop****",
    "review_id": "2367710",
    "movie_id": "21148"
  },
  {
    "review": "오래된영화치고는 그럭저럭",
    "date": "08.01.21",
    "rating": "6",
    "author": "aqzz****",
    "review_id": "2355577",
    "movie_id": "21148"
  },
  {
    "review": "인육이 필요한 완성도 높은 광기. 어눌한 제멋대로의 컬트 코미디",
    "date": "07.11.14",
    "rating": "4",
    "author": "paci****",
    "review_id": "2150278",
    "movie_id": "21148"
  },
  {
    "review": "대한민국 최고의 코메디영화. 진짜 웃김^^",
    "date": "07.09.02",
    "rating": "10",
    "author": "busa****",
    "review_id": "1995940",
    "movie_id": "21148"
  },
  {
    "review": "무모하지만 웃긴긴 하다.",
    "date": "07.08.19",
    "rating": "7",
    "author": "tori****",
    "review_id": "1961152",
    "movie_id": "21148"
  },
  {
    "review": "마지막에 아방궁에서 사람해골10갠가가 발견되죠ㅋㅋ",
    "date": "07.08.19",
    "rating": "9",
    "author": "rlad****",
    "review_id": "1958608",
    "movie_id": "21148"
  },
  {
    "review": "김승우의 연기변신에 속아서 봄",
    "date": "07.08.15",
    "rating": "5",
    "author": "k_yo****",
    "review_id": "1941178",
    "movie_id": "21148"
  },
  {
    "review": "각본은 기발했다. 연출만 좋았더라면 하는 아쉬움이 든다",
    "date": "07.08.08",
    "rating": "2",
    "author": "lsh1****",
    "review_id": "1906656",
    "movie_id": "21148"
  },
  {
    "review": "북경반점에 비하면 재밌었다..",
    "date": "07.08.08",
    "rating": "7",
    "author": "typo****",
    "review_id": "1901648",
    "movie_id": "21148"
  },
  {
    "review": "김승우가 아쉬웠지만 괜찮은 웃음과 각본이 맘에 든다..",
    "date": "07.07.26",
    "rating": "7",
    "author": "skat****",
    "review_id": "1810029",
    "movie_id": "21148"
  },
  {
    "review": "ㅋㅋ볼만했었지..근데 결말이 기억이안나....",
    "date": "07.07.08",
    "rating": "7",
    "author": "whff****",
    "review_id": "1756619",
    "movie_id": "21148"
  },
  {
    "review": "꾀 재밌었다",
    "date": "07.06.19",
    "rating": "8",
    "author": "ukhk****",
    "review_id": "1709143",
    "movie_id": "21148"
  },
  {
    "review": "옛날에 티비에서 보고 엄청 웃었던 기억이...난 정말 재미있었음.^^",
    "date": "07.03.03",
    "rating": "10",
    "author": "smbo****",
    "review_id": "1516574",
    "movie_id": "21148"
  },
  {
    "review": "짜장면 되고싶냐?",
    "date": "07.01.09",
    "rating": "2",
    "author": "ppp0****",
    "review_id": "1369658",
    "movie_id": "21148"
  },
  {
    "review": "그럭저럭",
    "date": "07.01.02",
    "rating": "7",
    "author": "woos****",
    "review_id": "1351071",
    "movie_id": "21148"
  },
  {
    "review": "생각만큼 재미있지는 않던데...",
    "date": "06.12.29",
    "rating": "5",
    "author": "nala****",
    "review_id": "1339882",
    "movie_id": "21148"
  },
  {
    "review": "짜장면 먹고 싶어진다..",
    "date": "06.12.22",
    "rating": "10",
    "author": "gjdh****",
    "review_id": "1313765",
    "movie_id": "21148"
  },
  {
    "review": "이거 은근 웃긴다 ㅋㅋ 요즘 개봉했음 흥행좀 했을텐데",
    "date": "06.12.21",
    "rating": "9",
    "author": "offw****",
    "review_id": "1309572",
    "movie_id": "21148"
  },
  {
    "review": "놀랍게도 많이 안 유치하다. 일관성이 있고 공포성도 있다.",
    "date": "06.12.07",
    "rating": "7",
    "author": "bepl****",
    "review_id": "1271863",
    "movie_id": "21148"
  },
  {
    "review": "자장면 되고 싶어??ㅋㅋ",
    "date": "06.11.18",
    "rating": "7",
    "author": "leo2****",
    "review_id": "1238474",
    "movie_id": "21148"
  },
  {
    "review": "음~~이런거 괜찮단말야^^",
    "date": "06.10.27",
    "rating": "9",
    "author": "flam****",
    "review_id": "1202066",
    "movie_id": "21148"
  },
  {
    "review": "결론은 아방궁에서 인육쓴거 맞구요 이건 정말 짱!",
    "date": "06.10.07",
    "rating": "10",
    "author": "ckal****",
    "review_id": "1167867",
    "movie_id": "21148"
  }
]