[
  {
    "review": "사회의 갖은 편견과 차별의 한가운데, 두 연인도 편견의 당사자였음을 알고 후회하고 재회하지만. 배우들의 발연기도 무거운 메시지를 망치지는 못해.",
    "date": "15.07.30",
    "rating": "7",
    "author": "tear****",
    "review_id": "10162667",
    "movie_id": "21143"
  },
  {
    "review": "잠식당한 영혼을 다시 되찾는것 또한 사랑이다.",
    "date": "15.05.28",
    "rating": "8",
    "author": "kth3****",
    "review_id": "9957187",
    "movie_id": "21143"
  },
  {
    "review": "이제 한국사회에서도 흔히 볼 수 있는 이야기.",
    "date": "15.04.20",
    "rating": "8",
    "author": "pont****",
    "review_id": "9853878",
    "movie_id": "21143"
  },
  {
    "review": "지금도 벌어지는 이시대 문제를 40년 전에 시각으로 통찰 했다는 점이 재밌다.",
    "date": "14.11.09",
    "rating": "9",
    "author": "kimg****",
    "review_id": "9360538",
    "movie_id": "21143"
  },
  {
    "review": "'질투'가 뭐죠?질투는 남이 행복해지는걸 싫어하는거예요.",
    "date": "14.10.30",
    "rating": "8",
    "author": "yeah****",
    "review_id": "9328936",
    "movie_id": "21143"
  },
  {
    "review": "연극과영화.억지와자연스러움.불행과행복.육체적/정신적사랑의경계에서노는감독과배우들.조금특별한재미!",
    "date": "14.05.12",
    "rating": "9",
    "author": "boso****",
    "review_id": "8725402",
    "movie_id": "21143"
  },
  {
    "review": "시선을 이끄는 제목이 너무 좋다.",
    "date": "14.03.31",
    "rating": "9",
    "author": "dysr****",
    "review_id": "8620383",
    "movie_id": "21143"
  },
  {
    "review": "영화보다 제목이 훌륭한 영화. 당시 독일의 인종차별유산을 비판한 점은 좋았지만 29살의 파스빈더가 중년여성의 사랑을 논하기엔 조금 이르지 않았을까.",
    "date": "13.12.23",
    "rating": "6",
    "author": "kjc7****",
    "review_id": "8283344",
    "movie_id": "21143"
  },
  {
    "review": "알리는 잠이 안와여~ 코자고시포여 뿌잉뿌잉~",
    "date": "13.12.15",
    "rating": "10",
    "author": "wall****",
    "review_id": "8216032",
    "movie_id": "21143"
  },
  {
    "review": "오늘날의 한국사회를 보는 것 같다.",
    "date": "13.12.12",
    "rating": "7",
    "author": "ykdi****",
    "review_id": "8209843",
    "movie_id": "21143"
  },
  {
    "review": "8.5점, 15년만에 보니 감회가 새롭군요.. 어제 갑자기 이 영화가 보고 싶더라구요 .. ㅋ 다시보니 좋은데요~ 여행이 그러하듯이 영화도 어렸을 때 보는 게  잘 느껴져요~ ^^ 그 때만큼 아니지만 오늘도 보면서 좋았네요~ㅋㅋ",
    "date": "13.08.06",
    "rating": "8",
    "author": "umas****",
    "review_id": "7851480",
    "movie_id": "21143"
  },
  {
    "review": "사랑이 문화와 나이를 뛰어넘을 때.",
    "date": "13.07.02",
    "rating": "7",
    "author": "cles****",
    "review_id": "7697870",
    "movie_id": "21143"
  },
  {
    "review": "불안은 누구에게나 서서히 잦아든다",
    "date": "13.06.02",
    "rating": "8",
    "author": "bbq2****",
    "review_id": "7573539",
    "movie_id": "21143"
  },
  {
    "review": "촌스럽고 거칠지만, 그 속에 담겨 있는 고통스러우나 진실된 이야기는 우리를 눈물짓게 한다. 완벽한 제목이 모든 것을 설명해준다.",
    "date": "13.05.23",
    "rating": "10",
    "author": "cksn****",
    "review_id": "7549603",
    "movie_id": "21143"
  },
  {
    "review": "사회적 편견에 맞서는 두 남녀.. 아름답다",
    "date": "13.03.17",
    "rating": "7",
    "author": "lees****",
    "review_id": "7358860",
    "movie_id": "21143"
  },
  {
    "review": "조금은 루즈한 전개. 그럼에도 국적을 뛰어넘는 사랑은 아름답다.",
    "date": "13.01.12",
    "rating": "6",
    "author": "fran****",
    "review_id": "7106097",
    "movie_id": "21143"
  },
  {
    "review": "74년도 작품이라니... 다만 엔딩이 살짝 아쉽다.",
    "date": "13.01.10",
    "rating": "9",
    "author": "youn****",
    "review_id": "7097780",
    "movie_id": "21143"
  },
  {
    "review": "1974년 작이다",
    "date": "12.07.11",
    "rating": "8",
    "author": "lead****",
    "review_id": "6470359",
    "movie_id": "21143"
  },
  {
    "review": "제목까지 완벽한 영화. 파스빈더는 천재다.",
    "date": "12.05.12",
    "rating": "10",
    "author": "radi****",
    "review_id": "6291347",
    "movie_id": "21143"
  },
  {
    "review": "'불안'의 카테고리로, 여기까지 말 할수 있다는 게 놀랍다. 제목까지 완벽하다",
    "date": "12.01.27",
    "rating": "8",
    "author": "tabu****",
    "review_id": "6027935",
    "movie_id": "21143"
  },
  {
    "review": "볼때는 지루한 듯 했으나.. 묘하게 여운이 남는다.",
    "date": "11.04.19",
    "rating": "8",
    "author": "come****",
    "review_id": "5381957",
    "movie_id": "21143"
  },
  {
    "review": "정말 좋았다..",
    "date": "11.02.11",
    "rating": "10",
    "author": "pooh****",
    "review_id": "5236311",
    "movie_id": "21143"
  },
  {
    "review": "사회적 편견,오만,깨달음,후회 그리고 치유,,,",
    "date": "10.05.11",
    "rating": "8",
    "author": "leem****",
    "review_id": "4493233",
    "movie_id": "21143"
  },
  {
    "review": "독일 신시네마기수의 최고봉인 파스빈더의 영화...정말 좋았다",
    "date": "09.09.21",
    "rating": "7",
    "author": "thra****",
    "review_id": "3842231",
    "movie_id": "21143"
  },
  {
    "review": "그들은 천국의 한 조각을 손에 넣을 수 있을까.. 군더더기 없고 직선적인 연출.",
    "date": "09.06.11",
    "rating": "8",
    "author": "kkot****",
    "review_id": "3557452",
    "movie_id": "21143"
  },
  {
    "review": "사랑한다면 이들처럼 혹은 우리 사랑하게 해주세요 아니면 사랑이 죄가 되나요랄지",
    "date": "09.03.15",
    "rating": "10",
    "author": "ike_****",
    "review_id": "3366863",
    "movie_id": "21143"
  },
  {
    "review": "좋은 영화 잘 봤어요.",
    "date": "08.12.24",
    "rating": "7",
    "author": "eorn****",
    "review_id": "3146119",
    "movie_id": "21143"
  },
  {
    "review": "연출이 좀 촌스러...",
    "date": "08.12.12",
    "rating": "6",
    "author": "drd1****",
    "review_id": "3110705",
    "movie_id": "21143"
  },
  {
    "review": "장산곶매의 영화 분위기와 너무 흡사하다. 수많은 장점과 단점까지도..",
    "date": "08.11.18",
    "rating": "8",
    "author": "kusa****",
    "review_id": "3057500",
    "movie_id": "21143"
  },
  {
    "review": "분명 '좋은 사람'인데도, 이 사랑에 손가락질할만한 이들을 무수히 떠올릴 수 있었다.",
    "date": "08.07.21",
    "rating": "10",
    "author": "dawn****",
    "review_id": "2790598",
    "movie_id": "21143"
  },
  {
    "review": "행복한데.... 하지만 왜이렇게 힘들지.......그게 사랑인가??",
    "date": "08.07.03",
    "rating": "9",
    "author": "k641****",
    "review_id": "2736961",
    "movie_id": "21143"
  },
  {
    "review": "불안은... 영혼을... 잠식한다.....!!!",
    "date": "08.05.11",
    "rating": "9",
    "author": "ther****",
    "review_id": "2631555",
    "movie_id": "21143"
  },
  {
    "review": "중년 아줌씨의 말투와 억양이 거슬렸지만.. 그것이 미덕",
    "date": "08.01.09",
    "rating": "8",
    "author": "bomb****",
    "review_id": "2309634",
    "movie_id": "21143"
  },
  {
    "review": "건조한 대사와 어색한 연기.... 다른 것은 배제하고 사회비판을 해 볼 수 있다",
    "date": "08.01.08",
    "rating": "9",
    "author": "kore****",
    "review_id": "2309050",
    "movie_id": "21143"
  },
  {
    "review": "내일은행복할것이라는기대도사치",
    "date": "08.01.06",
    "rating": "8",
    "author": "gita****",
    "review_id": "2302882",
    "movie_id": "21143"
  },
  {
    "review": "최고의 멜로 드라마!",
    "date": "07.12.15",
    "rating": "10",
    "author": "rem4****",
    "review_id": "2233692",
    "movie_id": "21143"
  },
  {
    "review": "외롭고 불쌍한 영혼들의 안식처는 어디인가? 내 속물근성을 재확인시킨다.",
    "date": "07.11.10",
    "rating": "8",
    "author": "kuic****",
    "review_id": "2143864",
    "movie_id": "21143"
  },
  {
    "review": "파스빈더,푸쉬킨을읊조리다",
    "date": "07.08.14",
    "rating": "7",
    "author": "wnsg****",
    "review_id": "1937658",
    "movie_id": "21143"
  },
  {
    "review": "인간은 가장 무서운 동물이고 편견은 가장 무서운 무기이다.",
    "date": "07.07.27",
    "rating": "8",
    "author": "liar****",
    "review_id": "1813435",
    "movie_id": "21143"
  },
  {
    "review": "브리지트마라가 남자인 것이 불안하다. 각성하라 네이버..",
    "date": "07.06.12",
    "rating": "9",
    "author": "mniy****",
    "review_id": "1697724",
    "movie_id": "21143"
  },
  {
    "review": "결코 사라지지 않겠지만, 그 불안도 껴안으며 그래도 사랑하고 싶게끔 해.",
    "date": "07.04.20",
    "rating": "7",
    "author": "hadl****",
    "review_id": "1597280",
    "movie_id": "21143"
  },
  {
    "review": "재밌다 비릿한 슬픔도 있고 파스빈더류의 소격효과",
    "date": "07.04.05",
    "rating": "10",
    "author": "kill****",
    "review_id": "1573303",
    "movie_id": "21143"
  },
  {
    "review": "작품성이 아니라 사회성 있는 영화다",
    "date": "07.03.09",
    "rating": "7",
    "author": "iamc****",
    "review_id": "1525709",
    "movie_id": "21143"
  },
  {
    "review": "난 연상의 여인을 좋아해......그래서 백점이얌..",
    "date": "07.02.11",
    "rating": "10",
    "author": "xebe****",
    "review_id": "1463908",
    "movie_id": "21143"
  },
  {
    "review": "괜찮다 잿빛영화",
    "date": "06.12.10",
    "rating": "9",
    "author": "shhs****",
    "review_id": "1283078",
    "movie_id": "21143"
  },
  {
    "review": "이런 영화를 볼 때마다 마음이 안 좋다...",
    "date": "06.10.30",
    "rating": "9",
    "author": "dion****",
    "review_id": "1207889",
    "movie_id": "21143"
  },
  {
    "review": "나 눈이 삐었나봐 저커플 너무 아름다워",
    "date": "06.10.07",
    "rating": "9",
    "author": "choc****",
    "review_id": "1166811",
    "movie_id": "21143"
  },
  {
    "review": "외로운 사람들은 청개구리니까. 올챙이땐 사랑만 원했잖아.",
    "date": "06.09.18",
    "rating": "6",
    "author": "saki****",
    "review_id": "1131378",
    "movie_id": "21143"
  },
  {
    "review": "직설 적이면서도 심도있는 고찰. 비단 독일만의 이야기가 아닌듯",
    "date": "06.07.24",
    "rating": "7",
    "author": "jals****",
    "review_id": "919750",
    "movie_id": "21143"
  },
  {
    "review": "훈훈 + 코믹 ㅋㅋ",
    "date": "06.07.17",
    "rating": "9",
    "author": "minj****",
    "review_id": "898359",
    "movie_id": "21143"
  },
  {
    "review": "사랑만으로 모든 것이 해결되긴 어렵다..",
    "date": "05.12.25",
    "rating": "7",
    "author": "abag****",
    "review_id": "527771",
    "movie_id": "21143"
  },
  {
    "review": "끝이 허무햇던 예술영화,,",
    "date": "05.11.20",
    "rating": "8",
    "author": "love****",
    "review_id": "480258",
    "movie_id": "21143"
  },
  {
    "review": "우리 '천국의 한 조각이라도 사 놓아요' . 근데 연기좀해라.",
    "date": "05.10.13",
    "rating": "7",
    "author": "ghvl****",
    "review_id": "441814",
    "movie_id": "21143"
  },
  {
    "review": "괜한 명성이 아니었다.",
    "date": "05.08.26",
    "rating": "10",
    "author": "drys****",
    "review_id": "384763",
    "movie_id": "21143"
  },
  {
    "review": "현실적이기에 서글픈 영화.",
    "date": "05.08.16",
    "rating": "10",
    "author": "smal****",
    "review_id": "369408",
    "movie_id": "21143"
  },
  {
    "review": "너무 직설적인/ 하찮은 수사법에 의존치 않는 로맨스 걸작.",
    "date": "05.08.15",
    "rating": "9",
    "author": "m60d****",
    "review_id": "367553",
    "movie_id": "21143"
  },
  {
    "review": "가볍지 않은 깔끔함. 아깝지 않은 영화",
    "date": "05.08.02",
    "rating": "10",
    "author": "jaem****",
    "review_id": "348705",
    "movie_id": "21143"
  },
  {
    "review": "..",
    "date": "05.06.11",
    "rating": "10",
    "author": "lala****",
    "review_id": "297494",
    "movie_id": "21143"
  },
  {
    "review": "사랑은 언제나 어렵다.",
    "date": "05.04.13",
    "rating": "10",
    "author": "kino****",
    "review_id": "259367",
    "movie_id": "21143"
  },
  {
    "review": "해석은 체험을 잠식한다.",
    "date": "05.03.11",
    "rating": "4",
    "author": "godc****",
    "review_id": "238851",
    "movie_id": "21143"
  },
  {
    "review": "내가 제일 좋아하는 영화 제목 중 하나",
    "date": "05.02.21",
    "rating": "10",
    "author": "para****",
    "review_id": "226609",
    "movie_id": "21143"
  },
  {
    "review": "지루하지만 생각을 많이 하게한 영화",
    "date": "05.02.15",
    "rating": "8",
    "author": "red0****",
    "review_id": "220866",
    "movie_id": "21143"
  },
  {
    "review": "불안은 영혼을 잠식하고 이 영화는 나를 잠식한다",
    "date": "05.01.16",
    "rating": "10",
    "author": "jade****",
    "review_id": "187084",
    "movie_id": "21143"
  },
  {
    "review": "천국의 한 조각. 사람 사랑 가식. 냐아 ㅇㅅㅇ",
    "date": "04.10.21",
    "rating": "9",
    "author": "tyuh****",
    "review_id": "129914",
    "movie_id": "21143"
  },
  {
    "review": "우리 자신의 내면의 허위를 드러낸 영화",
    "date": "04.08.31",
    "rating": "10",
    "author": "aga3****",
    "review_id": "100501",
    "movie_id": "21143"
  },
  {
    "review": "무거운 침묵이 필요한 영화",
    "date": "04.08.08",
    "rating": "10",
    "author": "room****",
    "review_id": "86678",
    "movie_id": "21143"
  },
  {
    "review": "날 웃게 함으로써 내가 가진 편견을 보여준 영화",
    "date": "04.06.28",
    "rating": "10",
    "author": "tiat****",
    "review_id": "62197",
    "movie_id": "21143"
  },
  {
    "review": "많은 것을 생각케 하는 영화",
    "date": "04.06.17",
    "rating": "10",
    "author": "4438****",
    "review_id": "55478",
    "movie_id": "21143"
  },
  {
    "review": "어려운 영화지만 장면하나하나에 심혈을 기울인 영화",
    "date": "04.05.07",
    "rating": "9",
    "author": "hg54****",
    "review_id": "41525",
    "movie_id": "21143"
  }
]