[
  {
    "review": "공포스러운걸 억지로 만들어내는 느낌이랄까? 음악만 크게해서 무섭게하지 별로 긴장감은 없다",
    "date": "15.06.20",
    "rating": "1",
    "author": "asqz****",
    "review_id": "10016359",
    "movie_id": "21147"
  },
  {
    "review": "이건 아니야. 사이코에 노먼 베이츠가 없어. 젖비린내나는 마마보이 사이코 노먼은 없고 머리 벗겨진 음흉한 눈빛의 아저씨가 연기를 하고 있으니;;",
    "date": "15.04.14",
    "rating": "5",
    "author": "edga****",
    "review_id": "9846112",
    "movie_id": "21147"
  },
  {
    "review": "난 오리지널은 안 봤고 우연히 이거를 봤는데.. 정말 별로였음.",
    "date": "14.07.29",
    "rating": "2",
    "author": "fink****",
    "review_id": "8978169",
    "movie_id": "21147"
  },
  {
    "review": "미드 보고 알게 된건데.. 미드가 과거를 다루는데도 훨씬 재밌다야;",
    "date": "14.07.21",
    "rating": "3",
    "author": "9i9i****",
    "review_id": "8937645",
    "movie_id": "21147"
  },
  {
    "review": "원작을 그대로 리메이크한 90년대작품..  감독이 최대한 원작에 충실하려고함",
    "date": "14.04.28",
    "rating": "6",
    "author": "adiv****",
    "review_id": "8679827",
    "movie_id": "21147"
  },
  {
    "review": "빈스 본=노만 베이츠;빈스 본=노만 베이츠;빈스 본=노만 베이츠;빈스 본=노만 베이츠;빈스 본=노만 베이츠;빈스 본=노만 베이츠;빈스 본=노만 베이츠;빈스 본=노만 베이츠;",
    "date": "13.07.26",
    "rating": "2",
    "author": "expr****",
    "review_id": "7788277",
    "movie_id": "21147"
  },
  {
    "review": "원작을 거의 고스란히 따라가는데도 서스펜스나 긴장감은 한참 모자란다. 추가된 장면은 영화에 도움이 되지 못하고, 빈스 본과 앤 헤이시는 정말 미스 캐스팅이다.",
    "date": "13.07.13",
    "rating": "4",
    "author": "zxc1****",
    "review_id": "7734821",
    "movie_id": "21147"
  },
  {
    "review": "두번째 우려먹는 녹차가 맛있다 ㅋ",
    "date": "13.04.27",
    "rating": "8",
    "author": "yach****",
    "review_id": "7487225",
    "movie_id": "21147"
  },
  {
    "review": "대단하다....원작을 그대로 배꼈는데 훨씬 재미없다... 그러기도 쉽지 않았을텐데 뭐가 문제냐... 베이츠가 바보스럽다",
    "date": "13.02.10",
    "rating": "3",
    "author": "kado****",
    "review_id": "7245726",
    "movie_id": "21147"
  },
  {
    "review": "그냥 옛날 영화에 컬러만 덧입힌 복제판.. 이럴거면 뭣하러 영화를 다시 찍었냐",
    "date": "12.07.03",
    "rating": "1",
    "author": "fash****",
    "review_id": "6441939",
    "movie_id": "21147"
  },
  {
    "review": "좋은 영화지만 요즘세대들이 흑백이라서 안보니까 일부로 똑같이 칼라로 제작한거래요",
    "date": "12.05.02",
    "rating": "10",
    "author": "pdow****",
    "review_id": "6266502",
    "movie_id": "21147"
  },
  {
    "review": "충격...어떻게 원작이랑 똑같은 영화를 만들생각을 하지..ㅡㅡ;;",
    "date": "12.03.26",
    "rating": "5",
    "author": "do11****",
    "review_id": "6169873",
    "movie_id": "21147"
  },
  {
    "review": "중학생때 보고 잠못잤었는데 ㅋㅋㅋ지금봐도 재밌네요ㅎㅎ",
    "date": "11.11.28",
    "rating": "10",
    "author": "cegc****",
    "review_id": "5875786",
    "movie_id": "21147"
  },
  {
    "review": "60년대 싸이코가 오리지널 판이었나보군... 90 년대판은 그저 그럼..",
    "date": "11.08.14",
    "rating": "5",
    "author": "tycr****",
    "review_id": "5648270",
    "movie_id": "21147"
  },
  {
    "review": "배우들이 원작을 보고 연기한건지 모르겠지만 안보고 잘했으면 꽃이 피지 않았을까.",
    "date": "11.04.01",
    "rating": "10",
    "author": "pyl1****",
    "review_id": "5346895",
    "movie_id": "21147"
  },
  {
    "review": "잘봤습니다. 오싹하며 재미있었어요~~~",
    "date": "10.12.18",
    "rating": "10",
    "author": "lee0****",
    "review_id": "5062405",
    "movie_id": "21147"
  },
  {
    "review": "진짜 말그대로 똑같았음. 조금 색다르게 했어도 재미있었을 텐데.",
    "date": "10.09.07",
    "rating": "8",
    "author": "drea****",
    "review_id": "4822081",
    "movie_id": "21147"
  },
  {
    "review": "결국 모방에 스릴도 없고...",
    "date": "09.12.01",
    "rating": "3",
    "author": "dlwo****",
    "review_id": "4007911",
    "movie_id": "21147"
  },
  {
    "review": "영화의 배경음이 정말 좋은것같아요",
    "date": "09.04.22",
    "rating": "10",
    "author": "binu****",
    "review_id": "3435329",
    "movie_id": "21147"
  },
  {
    "review": "히치콕+구스+비고+줄리안 만으로도 볼만한가치는 충분.",
    "date": "09.01.10",
    "rating": "8",
    "author": "byul****",
    "review_id": "3207357",
    "movie_id": "21147"
  },
  {
    "review": "원작과 다른점 찾는 재미로 6점",
    "date": "09.01.04",
    "rating": "6",
    "author": "gren****",
    "review_id": "3184891",
    "movie_id": "21147"
  },
  {
    "review": "그나마 구스 반 산트였기에..  너무도 막강한 상대 앞에서 나름대로 분전하다.",
    "date": "08.12.23",
    "rating": "3",
    "author": "skat****",
    "review_id": "3141086",
    "movie_id": "21147"
  },
  {
    "review": "명품을 짝퉁화하기",
    "date": "08.12.15",
    "rating": "2",
    "author": "leh0****",
    "review_id": "3119425",
    "movie_id": "21147"
  },
  {
    "review": "히치콕의 사이코보고나서 한번 볼만하다. 구스반산트 사이코는 스릴은 전혀 없음.",
    "date": "08.11.23",
    "rating": "6",
    "author": "gkdi****",
    "review_id": "3067485",
    "movie_id": "21147"
  },
  {
    "review": "알프레드 히치콕이 관뚜껑을 열고 무덤에서 뛰쳐 나올 지경.",
    "date": "08.09.04",
    "rating": "1",
    "author": "baks****",
    "review_id": "2920416",
    "movie_id": "21147"
  },
  {
    "review": "내 주위엔 진짜 싸이코가 있다.",
    "date": "08.08.07",
    "rating": "1",
    "author": "jere****",
    "review_id": "2844226",
    "movie_id": "21147"
  },
  {
    "review": "히치콕 영화에 색을 입혀놓은 정도?",
    "date": "08.06.08",
    "rating": "8",
    "author": "pirm****",
    "review_id": "2687792",
    "movie_id": "21147"
  },
  {
    "review": "히치콕 작품이라 생각하고 봤다",
    "date": "08.01.06",
    "rating": "8",
    "author": "lllm****",
    "review_id": "2301953",
    "movie_id": "21147"
  },
  {
    "review": "명화를 기름종이에 대고 그린듯하다!하지만 나 역시 이렇게 만들었을 것이다",
    "date": "07.12.06",
    "rating": "4",
    "author": "radi****",
    "review_id": "2210069",
    "movie_id": "21147"
  },
  {
    "review": "구스반산트의 충실한 리메이크작",
    "date": "07.11.23",
    "rating": "8",
    "author": "dcap****",
    "review_id": "2175148",
    "movie_id": "21147"
  },
  {
    "review": "무난하지만, 뭔가가 약하다",
    "date": "07.11.12",
    "rating": "7",
    "author": "eter****",
    "review_id": "2147146",
    "movie_id": "21147"
  },
  {
    "review": "반전을위한영화는아닌거같지만 너무예상되는결말",
    "date": "07.10.16",
    "rating": "5",
    "author": "rizo****",
    "review_id": "2093986",
    "movie_id": "21147"
  },
  {
    "review": "와스릴만점!",
    "date": "07.10.02",
    "rating": "10",
    "author": "fhrr****",
    "review_id": "2066230",
    "movie_id": "21147"
  },
  {
    "review": "오만한 편견X 무례한 도전O",
    "date": "07.09.28",
    "rating": "2",
    "author": "clea****",
    "review_id": "2058111",
    "movie_id": "21147"
  },
  {
    "review": "cibal. 시간아까워. ㅡㅡ 개졸작",
    "date": "07.09.15",
    "rating": "10",
    "author": "skaw****",
    "review_id": "2022078",
    "movie_id": "21147"
  },
  {
    "review": "리메이크라고 무조건 색안경쓰고 원작보다 폄하하는 건 오만한 편견.",
    "date": "07.08.28",
    "rating": "8",
    "author": "comb****",
    "review_id": "1984865",
    "movie_id": "21147"
  },
  {
    "review": "딱 잘라서 2점...정말 시간 아깝다",
    "date": "07.08.26",
    "rating": "2",
    "author": "part****",
    "review_id": "1979566",
    "movie_id": "21147"
  },
  {
    "review": "잘만들었지 머 이정도면",
    "date": "07.08.03",
    "rating": "9",
    "author": "naeg****",
    "review_id": "1860982",
    "movie_id": "21147"
  },
  {
    "review": "구스 반 산트도 한번쯤 삑사리",
    "date": "07.06.24",
    "rating": "5",
    "author": "yana****",
    "review_id": "1717914",
    "movie_id": "21147"
  },
  {
    "review": "오래된 영화라 그런가.. 스릴도 없고 내용도 눈에 보이고;",
    "date": "07.06.03",
    "rating": "5",
    "author": "hyun****",
    "review_id": "1679193",
    "movie_id": "21147"
  },
  {
    "review": "자알~ 베꼈다. 정밀 모사 귿.",
    "date": "07.04.27",
    "rating": "7",
    "author": "bepl****",
    "review_id": "1608382",
    "movie_id": "21147"
  },
  {
    "review": "스릴러 매니아인 나로썬 별로 전개가 지루하고 뻔한내용.... 옜날꺼라그런가",
    "date": "07.03.04",
    "rating": "5",
    "author": "whdg****",
    "review_id": "1517318",
    "movie_id": "21147"
  },
  {
    "review": "원작이랑 동시비교해서 보면 의외로 재밌는 부분이 있음!",
    "date": "06.12.04",
    "rating": "6",
    "author": "iceb****",
    "review_id": "1266599",
    "movie_id": "21147"
  },
  {
    "review": "이영화 대박감아닌가;",
    "date": "06.11.26",
    "rating": "10",
    "author": "wwwx****",
    "review_id": "1251273",
    "movie_id": "21147"
  },
  {
    "review": "원작도 재밌지만 나름 느낌 괜찬았음",
    "date": "06.10.06",
    "rating": "8",
    "author": "sbrl****",
    "review_id": "1166266",
    "movie_id": "21147"
  },
  {
    "review": "무서웠음! 재밌음!",
    "date": "06.04.26",
    "rating": "6",
    "author": "shin****",
    "review_id": "776558",
    "movie_id": "21147"
  },
  {
    "review": "일단 봐라",
    "date": "05.12.28",
    "rating": "10",
    "author": "aaal****",
    "review_id": "535354",
    "movie_id": "21147"
  },
  {
    "review": "재미있는 싸이코 리바이벌",
    "date": "05.12.24",
    "rating": "7",
    "author": "kws7****",
    "review_id": "525542",
    "movie_id": "21147"
  },
  {
    "review": "내가 지금 감독 이름 제대로 보고 있는 거 맞지",
    "date": "05.12.08",
    "rating": "1",
    "author": "lie5****",
    "review_id": "498009",
    "movie_id": "21147"
  },
  {
    "review": "그냥 스릴있었음",
    "date": "05.09.03",
    "rating": "8",
    "author": "main****",
    "review_id": "392121",
    "movie_id": "21147"
  },
  {
    "review": "솔직히 원작이 더낫다.흑백이지만 무서웠다.",
    "date": "05.08.18",
    "rating": "2",
    "author": "tuer****",
    "review_id": "372421",
    "movie_id": "21147"
  },
  {
    "review": "싸이코를 오마쥬로써다가간거는어느누가부정하랴...",
    "date": "05.08.03",
    "rating": "8",
    "author": "izzo****",
    "review_id": "349260",
    "movie_id": "21147"
  },
  {
    "review": "위대한 감독 히치콕에 대한 오마주..그이상도 그이하도 아니다..",
    "date": "05.07.31",
    "rating": "5",
    "author": "namt****",
    "review_id": "344244",
    "movie_id": "21147"
  },
  {
    "review": "그 전설적인 영화를 리메이크 할 생각조차 하지 말았어야 했다",
    "date": "05.04.21",
    "rating": "4",
    "author": "si2p****",
    "review_id": "263525",
    "movie_id": "21147"
  },
  {
    "review": "원작만한 영화는 없다..",
    "date": "05.01.15",
    "rating": "7",
    "author": "penn****",
    "review_id": "186129",
    "movie_id": "21147"
  },
  {
    "review": "그러게 말이에요 ㅎㅎ 거의 똑같이 만들었네...",
    "date": "04.12.10",
    "rating": "10",
    "author": "ss_l****",
    "review_id": "159981",
    "movie_id": "21147"
  },
  {
    "review": "thinboy신고",
    "date": "04.11.15",
    "rating": "10",
    "author": "hiro****",
    "review_id": "146597",
    "movie_id": "21147"
  },
  {
    "review": "난 감독이 왜 이걸 만들었는지 정말 궁금하다..정말로..",
    "date": "04.10.15",
    "rating": "2",
    "author": "thin****",
    "review_id": "125979",
    "movie_id": "21147"
  },
  {
    "review": "굳..ㅜㅜ",
    "date": "04.08.02",
    "rating": "10",
    "author": "vvvv****",
    "review_id": "81667",
    "movie_id": "21147"
  },
  {
    "review": "무서웠어여ㅜㅡ 곡의 효과도 크구여",
    "date": "04.05.18",
    "rating": "8",
    "author": "hyew****",
    "review_id": "43834",
    "movie_id": "21147"
  },
  {
    "review": "그런데...이거 무서운 영화인가요?",
    "date": "04.04.14",
    "rating": "10",
    "author": "wjrl****",
    "review_id": "36609",
    "movie_id": "21147"
  },
  {
    "review": "혹시, 비고모르텐슨이 싸이코인가요???ㅡ.,ㅡ",
    "date": "04.04.09",
    "rating": "5",
    "author": "dull****",
    "review_id": "35180",
    "movie_id": "21147"
  },
  {
    "review": "앤헤이시 그 여피적인 매력에 한표!!!",
    "date": "04.02.13",
    "rating": "6",
    "author": "rg52****",
    "review_id": "19791",
    "movie_id": "21147"
  },
  {
    "review": "스릴은 있네요^^/ 원작 싸이코를 더 추천..",
    "date": "04.01.28",
    "rating": "10",
    "author": "dino****",
    "review_id": "13985",
    "movie_id": "21147"
  },
  {
    "review": "굿",
    "date": "04.01.26",
    "rating": "10",
    "author": "a44a****",
    "review_id": "13508",
    "movie_id": "21147"
  }
]