[
  {
    "review": "대한민국 국민이라면 꼭 봐야할 영화 - 실화 임에 유의",
    "date": "14.11.10",
    "rating": "10",
    "author": "yoon****",
    "review_id": "9366263",
    "movie_id": "21146"
  },
  {
    "review": "충격적이면서 통쾌한 결말...아직까진 임하룡은 영화배우라고 하기엔..",
    "date": "07.08.21",
    "rating": "7",
    "author": "typo****",
    "review_id": "1964854",
    "movie_id": "21146"
  },
  {
    "review": "임하룡 씨의 어설픈 악역연기~안습",
    "date": "07.06.01",
    "rating": "1",
    "author": "jame****",
    "review_id": "1675544",
    "movie_id": "21146"
  },
  {
    "review": "한국영화, 그 화려하지 않은 가능성을 엿볼 수 있었던 영화",
    "date": "06.02.04",
    "rating": "7",
    "author": "goma****",
    "review_id": "647347",
    "movie_id": "21146"
  },
  {
    "review": "신승수감독의 정말 예상외의수작 잘된시나리오,연출,연기까지",
    "date": "05.05.17",
    "rating": "9",
    "author": "si2p****",
    "review_id": "279569",
    "movie_id": "21146"
  },
  {
    "review": "강추, 조재현씨 최고의 영화입니다...",
    "date": "05.03.22",
    "rating": "10",
    "author": "berk****",
    "review_id": "245434",
    "movie_id": "21146"
  }
]