[
  {
    "review": "재미없음",
    "date": "10.11.13",
    "rating": "1",
    "author": "ekdh****",
    "review_id": "4957316",
    "movie_id": "21159"
  },
  {
    "review": "어릴때 티비에서하던 만화영화로 기억하는데 다시보고싶은데 볼수없군요",
    "date": "10.08.28",
    "rating": "10",
    "author": "jyw7****",
    "review_id": "4800418",
    "movie_id": "21159"
  },
  {
    "review": "괴수 불가사리가 리메이크 되어 천만관객을 모으는 그 언젠가를 기다리며..",
    "date": "10.08.17",
    "rating": "10",
    "author": "marc****",
    "review_id": "4757441",
    "movie_id": "21159"
  },
  {
    "review": "이렇게 점수가 높은 이유는 이 영화가 훌륭한 영화라서?",
    "date": "10.05.04",
    "rating": "10",
    "author": "rlrk****",
    "review_id": "4478000",
    "movie_id": "21159"
  },
  {
    "review": "한국 최초의 괴수영화 이지만 필름이 소실되어 볼수 없다  언젠가는 세상에 발견되길",
    "date": "10.01.31",
    "rating": "10",
    "author": "8901****",
    "review_id": "4229069",
    "movie_id": "21159"
  },
  {
    "review": "내가 안 썼을 때 9.14 ㄷㄷㄷ",
    "date": "10.01.04",
    "rating": "10",
    "author": "lall****",
    "review_id": "4129108",
    "movie_id": "21159"
  },
  {
    "review": "우와우 평점이 내가 않썼을때 9.00이다 ㅋㅋㅋㅋ",
    "date": "09.09.22",
    "rating": "10",
    "author": "esrg****",
    "review_id": "3844847",
    "movie_id": "21159"
  },
  {
    "review": "왼지 10점주고싶다 ㅋㅋㅋㅋㅋㅋㅋㅋㅋㅋㅋㅋㅋㅋ",
    "date": "09.09.12",
    "rating": "10",
    "author": "vhst****",
    "review_id": "3826561",
    "movie_id": "21159"
  },
  {
    "review": "후하핫",
    "date": "09.07.11",
    "rating": "10",
    "author": "cjfg****",
    "review_id": "3625197",
    "movie_id": "21159"
  },
  {
    "review": "뭐야 이거 무서워",
    "date": "07.07.17",
    "rating": "10",
    "author": "s10h****",
    "review_id": "1786049",
    "movie_id": "21159"
  },
  {
    "review": "ㅋㅋ 3명밖에 없나 2006년 10월 14일!",
    "date": "06.10.14",
    "rating": "10",
    "author": "papu****",
    "review_id": "1179960",
    "movie_id": "21159"
  },
  {
    "review": "최초의 괴물영화",
    "date": "06.08.23",
    "rating": "4",
    "author": "xx41****",
    "review_id": "1070933",
    "movie_id": "21159"
  },
  {
    "review": "ㅋㅋㅋ 아무도 안올렸네 ㅋㅋ 10점주면 어떻게 될지 ㅋㅋ",
    "date": "04.09.01",
    "rating": "10",
    "author": "mira****",
    "review_id": "100909",
    "movie_id": "21159"
  }
]