[
  {
    "review": "영화가 끝나고 엔딩크레딧이 올라가는순간 피가 끓어 오르고있는것을 느꼈다. 내 나이 48 피구선수가 되기로 결심했다. 불꽃슛통키는 내 인생을 바꿔준 영화다.",
    "date": "15.08.21",
    "rating": "10",
    "author": "tjdg****",
    "review_id": "10257870",
    "movie_id": "21162"
  },
  {
    "review": "2002월드컵 4강 신화의 감동? 풋.. 총알슛 한 방이면 끝이야!",
    "date": "15.06.17",
    "rating": "10",
    "author": "pont****",
    "review_id": "10005359",
    "movie_id": "21162"
  },
  {
    "review": "내 인생은 이 영화를 관람전과 후로 나누게 되었다.",
    "date": "15.06.13",
    "rating": "10",
    "author": "min7****",
    "review_id": "9996164",
    "movie_id": "21162"
  },
  {
    "review": "클레인멘타인만 전설적 작품으로 취급받는 얄팍한 세상이 싫다. 통키의 회피 덤블링을 보며 내 자식이 꼭 봤으면 하는 작품이라고 생각이 들었다.",
    "date": "15.06.12",
    "rating": "10",
    "author": "bikt****",
    "review_id": "9993587",
    "movie_id": "21162"
  },
  {
    "review": "영화가 끝나고 알았다 내눈에서 눈물이 흐르고 뺨을타고 옷깃을 젖히고 있다는것을 이렇게 아름다운 영화를 보게 되다니 감사합니다",
    "date": "15.06.08",
    "rating": "10",
    "author": "jsm9****",
    "review_id": "9984780",
    "movie_id": "21162"
  },
  {
    "review": "이런게 왜 9점대야...?",
    "date": "15.05.27",
    "rating": "1",
    "author": "pdh7****",
    "review_id": "9953191",
    "movie_id": "21162"
  },
  {
    "review": "헐 이 미친놈들이....",
    "date": "15.05.22",
    "rating": "10",
    "author": "jjjl****",
    "review_id": "9938120",
    "movie_id": "21162"
  },
  {
    "review": "이런 명작이 9점이라니...",
    "date": "15.05.03",
    "rating": "10",
    "author": "alwl****",
    "review_id": "9889243",
    "movie_id": "21162"
  },
  {
    "review": "이정도 레벨이면3D로 다시 만들어봐도괜찮을듯",
    "date": "15.05.01",
    "rating": "10",
    "author": "lms5****",
    "review_id": "9882737",
    "movie_id": "21162"
  },
  {
    "review": "이건 그냥 20세기 비디오물로 취급해야 ..",
    "date": "15.04.18",
    "rating": "1",
    "author": "revo****",
    "review_id": "9850871",
    "movie_id": "21162"
  },
  {
    "review": "단언컨데 20세기의 그 어떤영화와도 비교불가임",
    "date": "15.04.09",
    "rating": "10",
    "author": "jjj7****",
    "review_id": "9836353",
    "movie_id": "21162"
  },
  {
    "review": "평점1점점점 점수를 떨어뜨려야되",
    "date": "15.03.02",
    "rating": "1",
    "author": "kjh1****",
    "review_id": "9753393",
    "movie_id": "21162"
  },
  {
    "review": "이 영화를 보고 멈춰있던 내 심장이 다시 뛰기 시작했다.",
    "date": "15.02.24",
    "rating": "10",
    "author": "lost****",
    "review_id": "9734387",
    "movie_id": "21162"
  },
  {
    "review": "안 봤지만 10점준다...",
    "date": "15.02.24",
    "rating": "10",
    "author": "leeb****",
    "review_id": "9733556",
    "movie_id": "21162"
  },
  {
    "review": "선동열과 최동원의 한판승부를 영화화한 '퍼팩트 게임'의 원조작 이라고나 할까? 타이거와 통키 사이에 흐르는 긴장감과 우정의 조화는 가히 '퍼팩트 게임'을 넘어선다 하겠다.",
    "date": "15.02.06",
    "rating": "10",
    "author": "high****",
    "review_id": "9673057",
    "movie_id": "21162"
  },
  {
    "review": "그냥 ...웃겨요 ㅋㅋ",
    "date": "15.01.29",
    "rating": "10",
    "author": "dudw****",
    "review_id": "9649854",
    "movie_id": "21162"
  },
  {
    "review": "통키 엄마 대박....",
    "date": "15.01.21",
    "rating": "10",
    "author": "ambi****",
    "review_id": "9617765",
    "movie_id": "21162"
  },
  {
    "review": "이 영화(?)를 보고  암이 다 나았습니다",
    "date": "14.12.26",
    "rating": "10",
    "author": "xfig****",
    "review_id": "9521311",
    "movie_id": "21162"
  },
  {
    "review": "이 영화만큼 나에게 교훈을 주는 영화는 없을것이다. 다시는..",
    "date": "14.12.17",
    "rating": "10",
    "author": "cjsd****",
    "review_id": "9479941",
    "movie_id": "21162"
  },
  {
    "review": "정말 명작입니다.  꼭 보세요.",
    "date": "14.12.08",
    "rating": "10",
    "author": "pos9****",
    "review_id": "9459130",
    "movie_id": "21162"
  },
  {
    "review": "이건 영화계의 마이클조던이자 마이클잭슨이고 서태지이자 아이유이다.",
    "date": "14.11.29",
    "rating": "10",
    "author": "anty****",
    "review_id": "9433449",
    "movie_id": "21162"
  },
  {
    "review": "이영화는 20년이라는 세월이 지났음에도 불구하고 지금도 뒤쳐지지않는 최고의 영화라고 생각한다. 마지막 경기에 하늘을 날며 통키가 공을집어들던 장면이 아직도 소름돋게 생생하게 기억난다. 난 말한다 많은 세월이 지났지만 영화를 따라올수 있는건 없다.",
    "date": "14.11.26",
    "rating": "10",
    "author": "hsn0****",
    "review_id": "9423049",
    "movie_id": "21162"
  },
  {
    "review": "상징, 대사, 비주얼. 어느 하나 포장되지 않은 날 것 그대로를 관객에게 직접적으로 전달함으로써 취미생활에 대한 열정을 표현하고 있다. 이는 자본주의 사회에서 탈출구적인 카타르시스가 필요한 우리 현대인들에게 가려운 곳을 긁어주는 작품임은 틀림이 없다.",
    "date": "14.11.26",
    "rating": "10",
    "author": "mayj****",
    "review_id": "9422799",
    "movie_id": "21162"
  },
  {
    "review": "보면볼수록 빠져들고 뭔가 우주만물을 깨우친거 같은 느낌이랄까 인터스텔라 보다 더 고퀄리티한 그래픽 처리 존경합니다 감독님.",
    "date": "14.11.25",
    "rating": "10",
    "author": "ggp0****",
    "review_id": "9421139",
    "movie_id": "21162"
  },
  {
    "review": "키아~ 이 영화에 취한~ 다~",
    "date": "14.11.15",
    "rating": "10",
    "author": "pcg1****",
    "review_id": "9385705",
    "movie_id": "21162"
  },
  {
    "review": "시대를 잘못 타고난 걸작. 지금 나왔다면 세계영화시장을 불태웠을껀데",
    "date": "14.11.14",
    "rating": "10",
    "author": "saru****",
    "review_id": "9384187",
    "movie_id": "21162"
  },
  {
    "review": "당장 깐느로 진출해라!!",
    "date": "14.10.13",
    "rating": "10",
    "author": "wlsc****",
    "review_id": "9290133",
    "movie_id": "21162"
  },
  {
    "review": "이 영화가 1등먹는 그날을 기다리며",
    "date": "14.09.20",
    "rating": "10",
    "author": "kmx5****",
    "review_id": "9227892",
    "movie_id": "21162"
  },
  {
    "review": "이 영화를보고 암이 낫고  카드빛이 사라졌습니다.",
    "date": "14.09.19",
    "rating": "10",
    "author": "tmpk****",
    "review_id": "9226856",
    "movie_id": "21162"
  },
  {
    "review": "이 영화를보고 암이 나았습니다",
    "date": "14.09.10",
    "rating": "10",
    "author": "inch****",
    "review_id": "9199773",
    "movie_id": "21162"
  },
  {
    "review": "20년 넘는 세월동안 나는 통키가 남자인줄 알았다....ㅠㅠ",
    "date": "14.09.10",
    "rating": "10",
    "author": "pseo****",
    "review_id": "9198666",
    "movie_id": "21162"
  },
  {
    "review": "영웅셀러맨더의비밀 클레멘타인 이딴 영화 의리랍시고 보지말고 이 영화를 봐라! 왜 이 영화가 죽기전 꼭 봐야할 영화 100선에 빠져있는지 의문스럽다!",
    "date": "14.09.01",
    "rating": "10",
    "author": "ske4****",
    "review_id": "9152878",
    "movie_id": "21162"
  },
  {
    "review": "정말 상상도 못할 영화임...진짜 강추",
    "date": "14.08.20",
    "rating": "10",
    "author": "voic****",
    "review_id": "9115955",
    "movie_id": "21162"
  },
  {
    "review": "이영화는18세이상이다.. 공에맞으면죽으니깐..",
    "date": "14.08.20",
    "rating": "10",
    "author": "kl27****",
    "review_id": "9113034",
    "movie_id": "21162"
  },
  {
    "review": "좀 유치한듯 하지만 일단 잼있음",
    "date": "14.08.11",
    "rating": "10",
    "author": "yugo****",
    "review_id": "9066882",
    "movie_id": "21162"
  },
  {
    "review": "분명히 초등학생이 주인공인데 액면가가 30대가 넘어보인다",
    "date": "14.08.11",
    "rating": "10",
    "author": "hige****",
    "review_id": "9066877",
    "movie_id": "21162"
  },
  {
    "review": "이걸 보고 제 암이 나았습니다!!",
    "date": "14.08.01",
    "rating": "10",
    "author": "cjfg****",
    "review_id": "8997581",
    "movie_id": "21162"
  },
  {
    "review": "농담이 아니라 진짜 재평가 받아야된다.  제작비 지원이 안된거 같은데도 이정도로 만들수 있다니",
    "date": "14.07.19",
    "rating": "10",
    "author": "fren****",
    "review_id": "8930253",
    "movie_id": "21162"
  },
  {
    "review": "통키역 맡으신분이 여자라는게 사실인가요??",
    "date": "14.06.23",
    "rating": "10",
    "author": "qlxm****",
    "review_id": "8849306",
    "movie_id": "21162"
  },
  {
    "review": "애프터 레코딩의 매력에 흠뻑 취할수 있는 명작.",
    "date": "14.06.19",
    "rating": "10",
    "author": "i_mo****",
    "review_id": "8840445",
    "movie_id": "21162"
  },
  {
    "review": "요즘 유명진씨는 뭐하시나요? -20대 남자 열혈팬",
    "date": "14.05.13",
    "rating": "10",
    "author": "luck****",
    "review_id": "8728334",
    "movie_id": "21162"
  },
  {
    "review": "이거랑 스트리트파이터랑 진짜 역대급 명작",
    "date": "14.05.12",
    "rating": "10",
    "author": "wjh0****",
    "review_id": "8725439",
    "movie_id": "21162"
  },
  {
    "review": "통키 엄마 색기 쩐다.. 보길 잘했어! 통키엄마가 찍은 b타임의정사2 다운로드 가능한 곳 아는사람?",
    "date": "14.05.12",
    "rating": "10",
    "author": "spcl****",
    "review_id": "8725371",
    "movie_id": "21162"
  },
  {
    "review": "이시대의 젊은 사나이들이라면 이 영화를보고 불같은  심장을 지니게 되었다고 생각한다.",
    "date": "14.05.05",
    "rating": "10",
    "author": "mous****",
    "review_id": "8705511",
    "movie_id": "21162"
  },
  {
    "review": "영화 국가대표가 후속작이라 불릴만큼의 대단한 영화다.",
    "date": "14.05.04",
    "rating": "10",
    "author": "kmcm****",
    "review_id": "8702125",
    "movie_id": "21162"
  },
  {
    "review": "♡.. 일단보세요 하..",
    "date": "14.04.16",
    "rating": "10",
    "author": "hy92****",
    "review_id": "8653633",
    "movie_id": "21162"
  },
  {
    "review": "최기풍감독님 감사합니다..",
    "date": "14.03.10",
    "rating": "10",
    "author": "yrpc****",
    "review_id": "8567098",
    "movie_id": "21162"
  },
  {
    "review": "오늘로써 23번째 이영화를 봤다.. 봐도봐도 질리지 않는다.. 다음주에 또봐야지..",
    "date": "14.03.08",
    "rating": "10",
    "author": "mins****",
    "review_id": "8563564",
    "movie_id": "21162"
  },
  {
    "review": "이 영화의 평점이 9점을 넘지 못한다는 것은 한국 영화계의 수치다.",
    "date": "14.02.27",
    "rating": "10",
    "author": "dudc****",
    "review_id": "8543881",
    "movie_id": "21162"
  },
  {
    "review": "통키...그에 불꽃슛이 나오는 매 순간 나는 이성을 잃고 울부짖고 말았다.  나도 그를 따라 국민학교 시절부터 20년이 넘는 세월동안 불꽃슛을 연마하게 되었고 그 결과 결국 지잡대에 입학하고 말았다...",
    "date": "14.02.20",
    "rating": "10",
    "author": "ksi3****",
    "review_id": "8522744",
    "movie_id": "21162"
  },
  {
    "review": "추억은 파는게 아니라 만들어가는것을 이영화를 통해 배웠다.",
    "date": "14.01.29",
    "rating": "10",
    "author": "akas****",
    "review_id": "8445691",
    "movie_id": "21162"
  },
  {
    "review": "최고의 명작인 올드보이와 10년차이... 10년만에 나올까말까ㅎ하는 명작이라는 뜻인가..? 그래서 10점 드립니다.",
    "date": "13.12.11",
    "rating": "10",
    "author": "clam****",
    "review_id": "8205896",
    "movie_id": "21162"
  },
  {
    "review": "손이 다친 통키를 팀에 넣어주시는 교장선생님을 보며 \"감독님, 감독님의 전성기는 언제였나요\" 라고 묻던 한 남자가 떠올랐다. 포기하는 순간 경기는 끝이다.",
    "date": "13.12.07",
    "rating": "10",
    "author": "sywa****",
    "review_id": "8196883",
    "movie_id": "21162"
  },
  {
    "review": "영화의도시 부산아이맥스DVD감상실에서 볼수있습니다 -이작품 구하기 너무 힘들었어요 ㅠㅠ",
    "date": "13.10.12",
    "rating": "10",
    "author": "jaes****",
    "review_id": "8055947",
    "movie_id": "21162"
  },
  {
    "review": "이건 혼자보면 안됨 여러명이 드립치면서 봐야 배쨈",
    "date": "13.07.31",
    "rating": "10",
    "author": "zhde****",
    "review_id": "7801586",
    "movie_id": "21162"
  },
  {
    "review": "월요명화급",
    "date": "13.07.30",
    "rating": "10",
    "author": "wnsg****",
    "review_id": "7799094",
    "movie_id": "21162"
  },
  {
    "review": "훌륭한 영화!",
    "date": "13.06.22",
    "rating": "10",
    "author": "dene****",
    "review_id": "7666661",
    "movie_id": "21162"
  },
  {
    "review": "음 역시 어렸을떄 봤을떄는 괜찮은데 지금은 좀~",
    "date": "13.04.27",
    "rating": "5",
    "author": "pgs0****",
    "review_id": "7486416",
    "movie_id": "21162"
  },
  {
    "review": "초딩때 TV서 보고 오글거려서 꺼버린 영화  유치원생 정도면  재밌게 볼수 있을수도 있음",
    "date": "13.04.16",
    "rating": "1",
    "author": "siva****",
    "review_id": "7462828",
    "movie_id": "21162"
  },
  {
    "review": "땀과 노력은 절대 배신하지않는다는것을 가르쳐준 영화.",
    "date": "13.04.07",
    "rating": "10",
    "author": "asia****",
    "review_id": "7441502",
    "movie_id": "21162"
  },
  {
    "review": "20년이 지난 지금도 뇌리에 깊숙히 남아있는 명작입니다",
    "date": "13.03.20",
    "rating": "10",
    "author": "savi****",
    "review_id": "7372566",
    "movie_id": "21162"
  },
  {
    "review": "쌍아웃 간지 작살이죠.. 장난 아닙니다.",
    "date": "13.03.18",
    "rating": "10",
    "author": "2925****",
    "review_id": "7361342",
    "movie_id": "21162"
  },
  {
    "review": "최고의작품",
    "date": "13.03.18",
    "rating": "10",
    "author": "ocan****",
    "review_id": "7361171",
    "movie_id": "21162"
  },
  {
    "review": "통키 화이팅, 불꽃슛 작렬",
    "date": "13.03.18",
    "rating": "10",
    "author": "rain****",
    "review_id": "7359347",
    "movie_id": "21162"
  },
  {
    "review": "아웃! 아웃! 쌍아웃! 쌍아웃!! 쌍아웃!!! 할때 이미 내몸에는 전율이 흘러 넘쳤다.",
    "date": "13.03.05",
    "rating": "10",
    "author": "kek9****",
    "review_id": "7326766",
    "movie_id": "21162"
  },
  {
    "review": "이거 재미있어요 ㅎㅎㅎ",
    "date": "13.03.01",
    "rating": "10",
    "author": "1ygl****",
    "review_id": "7313582",
    "movie_id": "21162"
  },
  {
    "review": "미국에 트랜스포머가 있으면 한국에는 불꽃슛 통키가 있다,",
    "date": "13.02.27",
    "rating": "10",
    "author": "chiy****",
    "review_id": "7306563",
    "movie_id": "21162"
  },
  {
    "review": "한국영화사는 불꽃슛통키 이전과 이후로 나뉜다.",
    "date": "13.02.18",
    "rating": "10",
    "author": "syda****",
    "review_id": "7277942",
    "movie_id": "21162"
  },
  {
    "review": "이들이 모두 초등학생들이란 말인가?!!!!",
    "date": "13.02.04",
    "rating": "10",
    "author": "rise****",
    "review_id": "7222521",
    "movie_id": "21162"
  },
  {
    "review": "이건뭐지..............................................",
    "date": "13.02.03",
    "rating": "1",
    "author": "radi****",
    "review_id": "7218476",
    "movie_id": "21162"
  },
  {
    "review": "플라톤이 유토피아를 건설하는데 예술이 무용지물이라 한것을 반박할 수 있는 작품이다",
    "date": "13.01.23",
    "rating": "10",
    "author": "kusa****",
    "review_id": "7159762",
    "movie_id": "21162"
  },
  {
    "review": "어렸을때 추억이 떠오르네요. 당시 프리윌리급 명작이었던걸로 기억나네요",
    "date": "13.01.23",
    "rating": "10",
    "author": "ruo1****",
    "review_id": "7157424",
    "movie_id": "21162"
  },
  {
    "review": "낸 인생 최고의 영화였어...",
    "date": "13.01.19",
    "rating": "10",
    "author": "oran****",
    "review_id": "7132065",
    "movie_id": "21162"
  },
  {
    "review": "나라를 잘못만난 영화.. 미국에서 개봉했으면 아카데미 주요부문 석권했을터",
    "date": "13.01.18",
    "rating": "10",
    "author": "imhy****",
    "review_id": "7129274",
    "movie_id": "21162"
  },
  {
    "review": "내 인생 최고의 영화. 지금 당장 지구가 멸망해도 난 불꽃 슛 통키를 보겠다.",
    "date": "13.01.18",
    "rating": "10",
    "author": "stor****",
    "review_id": "7129235",
    "movie_id": "21162"
  },
  {
    "review": "최고",
    "date": "13.01.16",
    "rating": "10",
    "author": "soeu****",
    "review_id": "7120672",
    "movie_id": "21162"
  },
  {
    "review": "우리나라의 열악한 환경에서도 이러한 년도에 이런 영화를 만들수 있다는 자체가 놀랍고 나름의 개성있는 연출이 돋보이는 영화입니다. 웃을진 몰라도 쎈스있는 영화",
    "date": "13.01.05",
    "rating": "10",
    "author": "kkxz****",
    "review_id": "7085571",
    "movie_id": "21162"
  },
  {
    "review": "전관객 기립박수의 감동.",
    "date": "12.12.24",
    "rating": "10",
    "author": "jung****",
    "review_id": "7039575",
    "movie_id": "21162"
  },
  {
    "review": "공뒤에 불붙어 날아갈 때는 알수없는 전율과 흥분으로 기립박수가 나왔다",
    "date": "12.12.23",
    "rating": "10",
    "author": "tjsg****",
    "review_id": "7036264",
    "movie_id": "21162"
  },
  {
    "review": "보지도않고 장난으로 평점 줫다고 하들 마세요 ㅋㅋ 진짜 함 봐라 나도첨엔 안믿엇는데 속터진다",
    "date": "12.12.18",
    "rating": "10",
    "author": "qlxj****",
    "review_id": "7015899",
    "movie_id": "21162"
  },
  {
    "review": "클레멘타인 이후 최고의영화라 말할수 있다!!",
    "date": "12.12.06",
    "rating": "10",
    "author": "dust****",
    "review_id": "6976889",
    "movie_id": "21162"
  },
  {
    "review": "제가 지금껏 헛되이 살아왔다는것을 일깨워준 충격적인 영화였습니다. 연인과 가족, 친구들과 함께 보시길 권장해 드립니다.",
    "date": "12.11.26",
    "rating": "10",
    "author": "imoy****",
    "review_id": "6928065",
    "movie_id": "21162"
  },
  {
    "review": "제 점수는요 60점입니다. 어라 왜 10점이 최고지?",
    "date": "12.11.17",
    "rating": "10",
    "author": "clev****",
    "review_id": "6896644",
    "movie_id": "21162"
  },
  {
    "review": "이건뭐;;;;;;;;;;;",
    "date": "12.11.15",
    "rating": "10",
    "author": "ekrh****",
    "review_id": "6889375",
    "movie_id": "21162"
  },
  {
    "review": "이것이다! 이거슨 최고였당....",
    "date": "12.10.28",
    "rating": "1",
    "author": "redf****",
    "review_id": "6832960",
    "movie_id": "21162"
  },
  {
    "review": "1점? 야 이 간첩새끼들아 김정은한테 얼마받고 이짓거리야?",
    "date": "12.10.09",
    "rating": "10",
    "author": "minh****",
    "review_id": "6776883",
    "movie_id": "21162"
  },
  {
    "review": "알바야 설치지마",
    "date": "12.10.04",
    "rating": "1",
    "author": "sh15****",
    "review_id": "6762494",
    "movie_id": "21162"
  },
  {
    "review": "아 이 평점은 뭐야?",
    "date": "12.10.04",
    "rating": "1",
    "author": "shsh****",
    "review_id": "6762493",
    "movie_id": "21162"
  },
  {
    "review": "이영화는 도데체 뭐야?",
    "date": "12.09.25",
    "rating": "1",
    "author": "iiii****",
    "review_id": "6731588",
    "movie_id": "21162"
  },
  {
    "review": "김기덕도 놀란도 이렇게는못만든다",
    "date": "12.09.23",
    "rating": "10",
    "author": "joke****",
    "review_id": "6726555",
    "movie_id": "21162"
  },
  {
    "review": "닥추",
    "date": "12.09.13",
    "rating": "10",
    "author": "refl****",
    "review_id": "6692252",
    "movie_id": "21162"
  },
  {
    "review": "말이 필요없는 우리나라 최고의 명작",
    "date": "12.09.02",
    "rating": "10",
    "author": "0193****",
    "review_id": "6663970",
    "movie_id": "21162"
  },
  {
    "review": "솔직히 이영화에 별점을 왜줌..",
    "date": "12.08.24",
    "rating": "1",
    "author": "dk01****",
    "review_id": "6639778",
    "movie_id": "21162"
  },
  {
    "review": "으잌ㅋㅋ나이거 비디오로있다ㅋㅋ역시명작은 소장해야제맛이제",
    "date": "12.08.17",
    "rating": "10",
    "author": "haha****",
    "review_id": "6619096",
    "movie_id": "21162"
  },
  {
    "review": "피구왕 통키...이거슨 진정 소년들이 보아야 할 작품",
    "date": "12.08.16",
    "rating": "10",
    "author": "andy****",
    "review_id": "6612467",
    "movie_id": "21162"
  },
  {
    "review": "세상에 ㅋㅋㅋ 이거 예전건데 ㅋㅋㅋ 근데 아직도 평점을 달고 있어 ㅋㅋㅋ 뭐가 소름이 돋는다는거야 ㅠㅠ 왜이래 다들 ㅠㅠ",
    "date": "12.07.29",
    "rating": "3",
    "author": "djgn****",
    "review_id": "6553571",
    "movie_id": "21162"
  },
  {
    "review": "코믹과 액션의 환상적인 조합 통키 엄마의 수영장 씬이 압권",
    "date": "12.07.29",
    "rating": "10",
    "author": "ryth****",
    "review_id": "6553065",
    "movie_id": "21162"
  },
  {
    "review": "감히 최고라 말할수 있다. 원작을 뛰어넘는 재현, 세세한 복선, 장인의 손결이 느껴지는 핸드메이드 특수효과, 뒤통수를 얼얼하게 만드는 반전..아들의 아들에게까지 추천할 만한 희대의 역작임에 틀림없다.",
    "date": "12.07.18",
    "rating": "10",
    "author": "ryuw****",
    "review_id": "6491941",
    "movie_id": "21162"
  },
  {
    "review": "영화를 보고 짜릿함을 느꼇다. 좋은 영화인지 아닌지는 보면 안다. 최고 굿 그 말로도 부족할 짜릿함 !!!",
    "date": "12.07.13",
    "rating": "10",
    "author": "vvfu****",
    "review_id": "6473956",
    "movie_id": "21162"
  },
  {
    "review": "굿",
    "date": "12.06.15",
    "rating": "10",
    "author": "hira****",
    "review_id": "6392096",
    "movie_id": "21162"
  }
]