[
  {
    "review": "60년대에 스릴러라니...",
    "date": "13.12.01",
    "rating": "9",
    "author": "band****",
    "review_id": "8184016",
    "movie_id": "21163"
  },
  {
    "review": "아아아 너를안고 가련다 불나비 사랑",
    "date": "12.03.18",
    "rating": "10",
    "author": "thsd****",
    "review_id": "6151639",
    "movie_id": "21163"
  },
  {
    "review": "부산국제 영화제에서 보고 옴 1960년대 올드보이!!!  완전 잼있음^^",
    "date": "10.10.13",
    "rating": "10",
    "author": "ysma****",
    "review_id": "4900031",
    "movie_id": "21163"
  },
  {
    "review": "그때의 기술력으로 이런 영화가 가능했다는 사실을 알아야지. 아래 글은 어이없군.",
    "date": "08.02.10",
    "rating": "10",
    "author": "cine****",
    "review_id": "2433308",
    "movie_id": "21163"
  },
  {
    "review": "튼튼한 각본을 살리지 못한 그때의 기술력을 원망할뿐",
    "date": "06.08.07",
    "rating": "3",
    "author": "okjo****",
    "review_id": "982715",
    "movie_id": "21163"
  }
]