[
  {
    "review": "94년 나 중2때 이영화 보려고 샅샅이 OOO.아무도 모르게 없어져서 꿈속의 영화라고 생각했는데그때의 맘으로 한번 보고싶다ㅇ",
    "date": "15.07.12",
    "rating": "10",
    "author": "itsr****",
    "review_id": "10095234",
    "movie_id": "21178"
  },
  {
    "review": "한국의 로미오와 줄리엣 버전임~ -_-",
    "date": "15.02.18",
    "rating": "10",
    "author": "hunt****",
    "review_id": "9710730",
    "movie_id": "21178"
  },
  {
    "review": "김원준이니까!",
    "date": "11.08.07",
    "rating": "10",
    "author": "tlsd****",
    "review_id": "5613483",
    "movie_id": "21178"
  },
  {
    "review": "졸작",
    "date": "07.02.01",
    "rating": "4",
    "author": "zeed****",
    "review_id": "1434536",
    "movie_id": "21178"
  }
]