[
  {
    "review": "지금도 이런 순수한 아름다움이 있을까??",
    "date": "14.09.24",
    "rating": "9",
    "author": "l012****",
    "review_id": "9237465",
    "movie_id": "21186"
  },
  {
    "review": "지금 보면 정말 유치하지만  그래도 그때는 순수가 있었다",
    "date": "14.06.25",
    "rating": "7",
    "author": "tomb****",
    "review_id": "8852593",
    "movie_id": "21186"
  },
  {
    "review": "지난 청춘이여 그때가 그립구나.",
    "date": "12.07.13",
    "rating": "10",
    "author": "hong****",
    "review_id": "6474187",
    "movie_id": "21186"
  },
  {
    "review": "이영화 조용원씨 넘 귀엽고 이쁘게 나왔어여 다시보고싶군요!",
    "date": "04.08.18",
    "rating": "10",
    "author": "moon****",
    "review_id": "92556",
    "movie_id": "21186"
  }
]