[
  {
    "review": "맨발의 청춘은 신성일이 주연한 영화지만 불타는 청춘은 트위스트김 위주로 찍었다고 하네요김기덕 감독님 말씀입니다트위스트김은 신성일이라는 배우를 늘 곁에서 주조연으로빛내준 배우입니다 지금의 신성일을 있게 했다고해도 과언이 아니죠",
    "date": "15.03.28",
    "rating": "10",
    "author": "roll****",
    "review_id": "9811055",
    "movie_id": "21188"
  },
  {
    "review": "노잼인데 후반부엔 조금 괜찮았음",
    "date": "15.02.18",
    "rating": "1",
    "author": "todd****",
    "review_id": "9709943",
    "movie_id": "21188"
  },
  {
    "review": "그냥 아무도 안했길래..",
    "date": "11.02.15",
    "rating": "10",
    "author": "ddor****",
    "review_id": "5244978",
    "movie_id": "21188"
  }
]