[
  {
    "review": "20년전영화인데 의상이 다 이뻐요~~",
    "date": "11.12.23",
    "rating": "8",
    "author": "urig****",
    "review_id": "5924778",
    "movie_id": "21196"
  },
  {
    "review": "근거없는 행복. 뭐하는 짓이냐...",
    "date": "09.12.22",
    "rating": "1",
    "author": "cmh4****",
    "review_id": "4068852",
    "movie_id": "21196"
  },
  {
    "review": "80년대~90년대 초반 사이에 남발하던 한국형 (삼류) 에로물中 하나로군",
    "date": "08.08.22",
    "rating": "1",
    "author": "evil****",
    "review_id": "2895484",
    "movie_id": "21196"
  }
]