[
  {
    "review": "무삭제판인 듯",
    "date": "12.04.18",
    "rating": "5",
    "author": "king****",
    "review_id": "6231196",
    "movie_id": "21200"
  },
  {
    "review": "80년대 영화인줄 알았는데 '귀여운 여인'주제곡이 흘러나와 놀랐다",
    "date": "12.02.25",
    "rating": "2",
    "author": "nala****",
    "review_id": "6102456",
    "movie_id": "21200"
  },
  {
    "review": "내용의 진부함, 그러나 시대를 기억하라.",
    "date": "11.02.27",
    "rating": "4",
    "author": "evil****",
    "review_id": "5281440",
    "movie_id": "21200"
  },
  {
    "review": "우리영화중 드물게 여배우의 음모 노출이 있다.",
    "date": "09.06.14",
    "rating": "6",
    "author": "zemy****",
    "review_id": "3565178",
    "movie_id": "21200"
  },
  {
    "review": "수준 높은 성인영화를 기대했지만...",
    "date": "07.01.26",
    "rating": "6",
    "author": "zeed****",
    "review_id": "1413909",
    "movie_id": "21200"
  },
  {
    "review": "한번만 더 나를 찾아오면, 당신을 안아버릴지도 몰라요.",
    "date": "06.04.17",
    "rating": "5",
    "author": "stag****",
    "review_id": "765326",
    "movie_id": "21200"
  }
]