[
  {
    "review": "염소 한마리와 엄마 찾아가던 소녀를 보면 눈물이 난다! 아직도! 매우 서정적인 영화!",
    "date": "14.09.01",
    "rating": "10",
    "author": "haen****",
    "review_id": "9154465",
    "movie_id": "21221"
  },
  {
    "review": "추천! 합니다 꼭보세요",
    "date": "14.06.22",
    "rating": "1",
    "author": "chi7****",
    "review_id": "8846780",
    "movie_id": "21221"
  },
  {
    "review": "아역 배우들의 연기가 힘을 가진 영화. 60년대 한국영화에서는 보기 드문 세미다큐풍의 반전영화",
    "date": "13.02.24",
    "rating": "9",
    "author": "sk73****",
    "review_id": "7297717",
    "movie_id": "21221"
  },
  {
    "review": "굳 !",
    "date": "09.03.01",
    "rating": "10",
    "author": "rlae****",
    "review_id": "3342000",
    "movie_id": "21221"
  }
]