[
  {
    "review": "당시  우리나라의  기술력을 보여준영화.",
    "date": "15.01.12",
    "rating": "3",
    "author": "bibi****",
    "review_id": "9587556",
    "movie_id": "21245"
  },
  {
    "review": "유선에서 어릴때 봤던게 이거였넹.바닷가 공룡알.김다혜.꽤 오래전 영화였넹",
    "date": "13.08.24",
    "rating": "9",
    "author": "yuli****",
    "review_id": "7917389",
    "movie_id": "21245"
  },
  {
    "review": "^^",
    "date": "13.04.06",
    "rating": "10",
    "author": "wkdd****",
    "review_id": "7438942",
    "movie_id": "21245"
  },
  {
    "review": "실망스러웠던 영화...어렸을적 티비에서 봤던 기억이",
    "date": "11.06.21",
    "rating": "5",
    "author": "thra****",
    "review_id": "5491694",
    "movie_id": "21245"
  },
  {
    "review": "어설프게 일본 것 베끼기는 했지만, 모방은 창작의 어머니라고 하지 않았나..",
    "date": "09.07.31",
    "rating": "7",
    "author": "deff****",
    "review_id": "3689764",
    "movie_id": "21245"
  },
  {
    "review": "1972년 일본에서 방영한 '울트라맨에이스'의 미사일초수라는 괴수의 옷을 입혔더라ㅋ",
    "date": "08.09.09",
    "rating": "6",
    "author": "akwl****",
    "review_id": "2932460",
    "movie_id": "21245"
  },
  {
    "review": "일본영화의 영향을 많이 받은듯한 한국형 괴수영화.",
    "date": "08.02.12",
    "rating": "5",
    "author": "evil****",
    "review_id": "2439867",
    "movie_id": "21245"
  }
]