[
  {
    "review": "옛날 영화가 이렇게 재밌을줄이야....",
    "date": "15.05.21",
    "rating": "10",
    "author": "suha****",
    "review_id": "9935814",
    "movie_id": "21268"
  },
  {
    "review": "무조건 열개! 것도 모자른 작품~",
    "date": "15.04.11",
    "rating": "10",
    "author": "sire****",
    "review_id": "9841122",
    "movie_id": "21268"
  },
  {
    "review": "주말에 ktv 국민방송에서 옛날 영화해주던데  작품성에비해서 평점이 너무 낮구나",
    "date": "14.12.21",
    "rating": "10",
    "author": "ske4****",
    "review_id": "9496601",
    "movie_id": "21268"
  },
  {
    "review": "조종사들의 전우애를 잘 보여준 영화입니다. 특히 공군 F86의 편대 비행장면은 일품.",
    "date": "14.09.11",
    "rating": "10",
    "author": "spar****",
    "review_id": "9204614",
    "movie_id": "21268"
  },
  {
    "review": "처음보네요 재미있겠네",
    "date": "13.10.02",
    "rating": "9",
    "author": "kss3****",
    "review_id": "8026798",
    "movie_id": "21268"
  },
  {
    "review": "아주 멋진 영화다.지금 다시 봤으면.",
    "date": "13.10.02",
    "rating": "9",
    "author": "jaes****",
    "review_id": "8026793",
    "movie_id": "21268"
  },
  {
    "review": "이영화가 얼마나 인기있었던지 이노래주제가가 지금은 공군 군가 ㅋㅋㅋ 빨간마후라는~하늘의사나이~",
    "date": "13.07.02",
    "rating": "10",
    "author": "gozj****",
    "review_id": "7696744",
    "movie_id": "21268"
  },
  {
    "review": "보고싶은대 어디서 볼수잇나요 ㅠ,ㅠ",
    "date": "12.11.12",
    "rating": "10",
    "author": "asdr****",
    "review_id": "6882516",
    "movie_id": "21268"
  },
  {
    "review": "회상씬과 러브라인과 전사자만 없었어도. -_-;;;;",
    "date": "12.10.14",
    "rating": "7",
    "author": "ksyi****",
    "review_id": "6798532",
    "movie_id": "21268"
  },
  {
    "review": "역시 신상옥은 월북했다 돌아오기전,그 시절이 훨씬 더 훌륭했다.3류닌자영화나찍다니",
    "date": "12.01.21",
    "rating": "8",
    "author": "baks****",
    "review_id": "6005049",
    "movie_id": "21268"
  },
  {
    "review": "누구를 위한 전쟁인가.",
    "date": "11.09.30",
    "rating": "5",
    "author": "boyc****",
    "review_id": "5761477",
    "movie_id": "21268"
  },
  {
    "review": "1964년에 이런 명작이 만들어졌다니.영화사에 남을 훌륭한 명작 거장 신상옥감독 영화",
    "date": "11.02.05",
    "rating": "10",
    "author": "anik****",
    "review_id": "5216045",
    "movie_id": "21268"
  },
  {
    "review": "ㅠ..ㅠ",
    "date": "10.07.22",
    "rating": "10",
    "author": "su79****",
    "review_id": "4661887",
    "movie_id": "21268"
  },
  {
    "review": "쯧쯧 라디오에서 들었는데 그거 부적절한 검색이라고 ㅋㅋ",
    "date": "08.04.15",
    "rating": "10",
    "author": "zhsm****",
    "review_id": "2581732",
    "movie_id": "21268"
  },
  {
    "review": "very good !",
    "date": "07.10.26",
    "rating": "8",
    "author": "cles****",
    "review_id": "2113010",
    "movie_id": "21268"
  },
  {
    "review": "이거 잘 만든 영환데...",
    "date": "07.02.13",
    "rating": "9",
    "author": "ysuh****",
    "review_id": "1467833",
    "movie_id": "21268"
  },
  {
    "review": "중고생들의 마마추어 포르노",
    "date": "06.09.21",
    "rating": "2",
    "author": "zzan****",
    "review_id": "1135339",
    "movie_id": "21268"
  }
]