[
  {
    "review": "빨간앵두시리즈 2.3 어디에서 다운받을수있죠다시한번 보고싶네요",
    "date": "15.01.14",
    "rating": "10",
    "author": "vend****",
    "review_id": "9590923",
    "movie_id": "21271"
  },
  {
    "review": "뭐라 해야 하나?  참 애매하다.",
    "date": "12.05.16",
    "rating": "2",
    "author": "pria****",
    "review_id": "6304042",
    "movie_id": "21271"
  },
  {
    "review": "이 시리즈는 이제 전설이 되어가고 있구나 이렇게 만들기도 힘들다",
    "date": "10.05.31",
    "rating": "2",
    "author": "deff****",
    "review_id": "4535664",
    "movie_id": "21271"
  },
  {
    "review": "빨간앵두란 설마...여자의 아기도시락 끝에 존재하는 그...꿀꺽(침넘어가는 소리)",
    "date": "08.09.03",
    "rating": "10",
    "author": "baks****",
    "review_id": "2920069",
    "movie_id": "21271"
  }
]