[
  {
    "review": "80년대 에로영화로선 상당한 수위를 자랑했던..",
    "date": "15.04.06",
    "rating": "7",
    "author": "pont****",
    "review_id": "9830375",
    "movie_id": "21273"
  },
  {
    "review": "빨간앵두 시리즈 중에 제일 야했던",
    "date": "14.07.26",
    "rating": "8",
    "author": "hsj6****",
    "review_id": "8960186",
    "movie_id": "21273"
  },
  {
    "review": "에로장면에서주인공김정아의연기력에비해감독의에로틱적영상처리가조금부족?!.",
    "date": "09.04.17",
    "rating": "10",
    "author": "cher****",
    "review_id": "3425667",
    "movie_id": "21273"
  },
  {
    "review": "내용은 생각하지 않는 것이 좋다 그런데 에로 장면도 볼것이 없었다",
    "date": "07.10.13",
    "rating": "2",
    "author": "deff****",
    "review_id": "2086807",
    "movie_id": "21273"
  }
]