[
  {
    "review": "80년대 과일시리즈.. 그 아른한 추억.",
    "date": "15.03.11",
    "rating": "4",
    "author": "pont****",
    "review_id": "9771629",
    "movie_id": "21270"
  },
  {
    "review": "그래도 의미를 찾아 보자.",
    "date": "12.03.22",
    "rating": "1",
    "author": "pria****",
    "review_id": "6161108",
    "movie_id": "21270"
  },
  {
    "review": "신영일씨 정말 시대를 초월한 섹시함.",
    "date": "11.02.15",
    "rating": "10",
    "author": "fubu****",
    "review_id": "5245633",
    "movie_id": "21270"
  },
  {
    "review": "오! 마이갓!!",
    "date": "10.07.02",
    "rating": "1",
    "author": "evil****",
    "review_id": "4606920",
    "movie_id": "21270"
  },
  {
    "review": "아 이걸 애로라고 지금 보면 정말 유치하기 그지 없다 ㅋㅋㅋㅋ",
    "date": "10.05.31",
    "rating": "2",
    "author": "deff****",
    "review_id": "4535657",
    "movie_id": "21270"
  },
  {
    "review": "지금봐도상당감각적..내용은그다지별루...당시시대상황을임포턴스와빗댄건지?",
    "date": "09.02.09",
    "rating": "8",
    "author": "sola****",
    "review_id": "3289148",
    "movie_id": "21270"
  },
  {
    "review": "할려고 몸부림치는 사모님, 좆이 안 서 고뇌하는 남자의 내면연기. 아카데미상 감이다",
    "date": "09.01.17",
    "rating": "1",
    "author": "bepl****",
    "review_id": "3226273",
    "movie_id": "21270"
  },
  {
    "review": "평작수준..",
    "date": "06.12.03",
    "rating": "6",
    "author": "zeed****",
    "review_id": "1263981",
    "movie_id": "21270"
  }
]