[
  {
    "review": "빨간앵두4탄은 섹시에로틱인것같고 빨간앵두5탄은 여주인공김정아의 화려한연기가 돋보이는 멜러 복수극인것같다~",
    "date": "12.12.30",
    "rating": "9",
    "author": "yu19****",
    "review_id": "7064402",
    "movie_id": "21274"
  },
  {
    "review": "은근히 히트를 쳐서 계속 나오고 있으니",
    "date": "10.06.01",
    "rating": "1",
    "author": "deff****",
    "review_id": "4538291",
    "movie_id": "21274"
  }
]