[
  {
    "review": "박수진이 절대 이 영화를 봐선 안 돼!",
    "date": "15.07.30",
    "rating": "1",
    "author": "pont****",
    "review_id": "10159081",
    "movie_id": "21284"
  },
  {
    "review": "배용준에서 웃으면 되는가???",
    "date": "15.03.11",
    "rating": "1",
    "author": "ske4****",
    "review_id": "9771957",
    "movie_id": "21284"
  },
  {
    "review": "우리 욘사마 전설의 시작",
    "date": "13.12.23",
    "rating": "10",
    "author": "ihyu****",
    "review_id": "8282823",
    "movie_id": "21284"
  },
  {
    "review": "코폴라의 아웃사이더와는 비교안되겠지만 원기준,배용준,이세창등이 조연이네",
    "date": "11.09.30",
    "rating": "8",
    "author": "dwte****",
    "review_id": "5762086",
    "movie_id": "21284"
  },
  {
    "review": "감독필모그래피 봐라 ~~ ㅋㅋㅋ 대박이군",
    "date": "08.10.22",
    "rating": "10",
    "author": "kdy4****",
    "review_id": "3013967",
    "movie_id": "21284"
  },
  {
    "review": "마틴스콜세지,우디알렌이 기립박수한 90년대 후반의 획을 그은 그영화!",
    "date": "08.05.28",
    "rating": "10",
    "author": "jin5****",
    "review_id": "2667313",
    "movie_id": "21284"
  },
  {
    "review": "코폴라가 극찬한 한국판 아웃사이더!",
    "date": "07.12.31",
    "rating": "3",
    "author": "hide****",
    "review_id": "2285152",
    "movie_id": "21284"
  },
  {
    "review": "이런 영화가 있다니..",
    "date": "06.08.02",
    "rating": "7",
    "author": "zeed****",
    "review_id": "956163",
    "movie_id": "21284"
  },
  {
    "review": "핫핫핫핫 OO버려",
    "date": "06.01.28",
    "rating": "1",
    "author": "cjst****",
    "review_id": "628756",
    "movie_id": "21284"
  },
  {
    "review": "진정한 작가주의다 최고다~!!",
    "date": "05.06.09",
    "rating": "10",
    "author": "dprt****",
    "review_id": "296305",
    "movie_id": "21284"
  },
  {
    "review": "욘사마  신드롬에 찬물을 끼얹겠구만",
    "date": "05.05.31",
    "rating": "3",
    "author": "josh****",
    "review_id": "290869",
    "movie_id": "21284"
  },
  {
    "review": "욘사마얼굴에 먹칠한 졸작...",
    "date": "05.02.03",
    "rating": "1",
    "author": "chlr****",
    "review_id": "206001",
    "movie_id": "21284"
  },
  {
    "review": "색구",
    "date": "05.02.03",
    "rating": "1",
    "author": "ned1****",
    "review_id": "205911",
    "movie_id": "21284"
  },
  {
    "review": "욘사마 출연 이름하여 삘구",
    "date": "05.02.03",
    "rating": "10",
    "author": "elit****",
    "review_id": "205348",
    "movie_id": "21284"
  },
  {
    "review": "ㅋㅋㅋ 욘사마 나오네",
    "date": "04.10.28",
    "rating": "1",
    "author": "tiff****",
    "review_id": "134004",
    "movie_id": "21284"
  }
]