[
  {
    "review": "티비에서 봤을때는 칼라영화던데...근데 진짜 명작이라긴 좀 그렇다 우리나라 현재 영화계가 얼마나 발전한건지 알 수 있었던 영화...",
    "date": "13.10.25",
    "rating": "1",
    "author": "dktm****",
    "review_id": "8089071",
    "movie_id": "21285"
  },
  {
    "review": "불후의 명작",
    "date": "11.10.31",
    "rating": "10",
    "author": "qngh****",
    "review_id": "5820661",
    "movie_id": "21285"
  },
  {
    "review": "북한말투가 낮설었다. 하지만 언젠가 통일이 되면 말투가 변하겠지....?",
    "date": "11.10.30",
    "rating": "10",
    "author": "osyd****",
    "review_id": "5818664",
    "movie_id": "21285"
  },
  {
    "review": "이 영화에 대한 소개가 있을것이라고생각하지 못했는데...",
    "date": "10.02.05",
    "rating": "10",
    "author": "pine****",
    "review_id": "4249308",
    "movie_id": "21285"
  },
  {
    "review": "아이들 연기가 감동적이나 북한영화 같다는 느낌이듬. 계몽영화라서 그런듯. 1967년도",
    "date": "09.08.24",
    "rating": "5",
    "author": "yoon****",
    "review_id": "3782382",
    "movie_id": "21285"
  },
  {
    "review": "우~리들은 씩씩한 어린이라네~ 금수강산 이어받을 새싹이라네~눈물이왈칵...",
    "date": "09.04.06",
    "rating": "10",
    "author": "j666****",
    "review_id": "3407907",
    "movie_id": "21285"
  }
]