[
  {
    "review": "세계 최고의 걸작 !!최고의 걸작 !!최고의 걸작 !!",
    "date": "14.07.23",
    "rating": "10",
    "author": "yoon****",
    "review_id": "8941347",
    "movie_id": "21280"
  },
  {
    "review": "어릴때 본 기억이 나서 검색해보니 있네 그냥 에로영화, 출연 여배우 잘있는지.. 지금 중년이겠다  제목만 히트",
    "date": "12.11.06",
    "rating": "2",
    "author": "ki3u****",
    "review_id": "6860610",
    "movie_id": "21280"
  },
  {
    "review": "제목이 환상적이구나",
    "date": "06.08.05",
    "rating": "10",
    "author": "zeed****",
    "review_id": "971247",
    "movie_id": "21280"
  }
]