[
  {
    "review": "유아인씨연기기대가되네요^^",
    "date": "14.09.29",
    "rating": "10",
    "author": "dbnn****",
    "review_id": "9247925",
    "movie_id": "21307"
  },
  {
    "review": "사도세자 내용이라 10점",
    "date": "14.09.23",
    "rating": "10",
    "author": "tjwl****",
    "review_id": "9236445",
    "movie_id": "21307"
  },
  {
    "review": "사도세자 내용이라 1점",
    "date": "14.09.23",
    "rating": "1",
    "author": "elfl****",
    "review_id": "9236127",
    "movie_id": "21307"
  },
  {
    "review": "사도세자 내용이라 10점용",
    "date": "14.08.27",
    "rating": "10",
    "author": "soul****",
    "review_id": "9138377",
    "movie_id": "21307"
  }
]