[
  {
    "review": "1993년 당시 홍여진씨(2015년 기준 58살)가 36살 일때 찍은 3류 에로 영화! 중요한 건 이 아줌마 몸매가 후덜덜 했었다는 거ㄷㄷㄷ 삭제 될까봐 자세히 묘사는 못 하지만 아무튼 이 아줌마 몸매 감상하는 눈요기 하나는 확실히 함!ㅋ",
    "date": "15.03.15",
    "rating": "1",
    "author": "come****",
    "review_id": "9783184",
    "movie_id": "21308"
  },
  {
    "review": "진짜 소름돋는 연기력.. 무형문화재급;; 그래서 재밌다",
    "date": "15.01.08",
    "rating": "10",
    "author": "link****",
    "review_id": "9573013",
    "movie_id": "21308"
  },
  {
    "review": "그냥 93년도에 찍은 애로영회임 2014년에 찍으나 93년에 찍으나 내용없고 연기자들의 발연기는 변함없어서 좋다",
    "date": "14.10.24",
    "rating": "1",
    "author": "ddqw****",
    "review_id": "9311912",
    "movie_id": "21308"
  },
  {
    "review": "씨앗영화",
    "date": "13.03.24",
    "rating": "10",
    "author": "nkon****",
    "review_id": "7404772",
    "movie_id": "21308"
  },
  {
    "review": "너무 재미잇게 봣네요 ㅋㅋ 보는 내내 배꼽 빠져 죽는줄 알앗슴 ㅋ 90년대 이런 코메디 명작이 잇엇다니 ㅋ",
    "date": "12.07.10",
    "rating": "10",
    "author": "eazy****",
    "review_id": "6466456",
    "movie_id": "21308"
  },
  {
    "review": "순간순간 어이없는 장면과 이야기 전개로 인해 실소를 머금게 만든 구하기 힘든 영화",
    "date": "11.09.03",
    "rating": "7",
    "author": "deka****",
    "review_id": "5705441",
    "movie_id": "21308"
  },
  {
    "review": "10점 만점에 10점",
    "date": "10.06.19",
    "rating": "10",
    "author": "chee****",
    "review_id": "4575154",
    "movie_id": "21308"
  },
  {
    "review": "참 재미있었다. 연기를 발로 하는 삼류배우들 얼굴보면서... ㅋㅋㅋ",
    "date": "10.02.13",
    "rating": "2",
    "author": "cmh4****",
    "review_id": "4276245",
    "movie_id": "21308"
  },
  {
    "review": "한편의 동화를 보는 듯한 느낌",
    "date": "09.04.11",
    "rating": "1",
    "author": "evil****",
    "review_id": "3414872",
    "movie_id": "21308"
  },
  {
    "review": "긴장감 전혀없는 스릴러...스토리도 부실",
    "date": "06.05.11",
    "rating": "4",
    "author": "0323****",
    "review_id": "796056",
    "movie_id": "21308"
  }
]