[
  {
    "review": "진추하와 그녀의 노래를 기억하라.",
    "date": "15.07.11",
    "rating": "7",
    "author": "pont****",
    "review_id": "10090036",
    "movie_id": "21348"
  },
  {
    "review": "이 영화 어디서 볼 수 있나요 보고 싶어 미치겠어요 ㅜㅜ",
    "date": "14.08.19",
    "rating": "10",
    "author": "dust****",
    "review_id": "9112145",
    "movie_id": "21348"
  },
  {
    "review": "스자안...땅꺼미가 지는데... 쓰자안...참바람이 부는데....",
    "date": "14.03.21",
    "rating": "10",
    "author": "nlc3****",
    "review_id": "8594131",
    "movie_id": "21348"
  },
  {
    "review": "One Summer Night~~",
    "date": "13.02.13",
    "rating": "10",
    "author": "thsd****",
    "review_id": "7258375",
    "movie_id": "21348"
  },
  {
    "review": "눈물없이 못볼 명작",
    "date": "12.12.21",
    "rating": "10",
    "author": "coco****",
    "review_id": "7026490",
    "movie_id": "21348"
  },
  {
    "review": "18:34~19:50  72:39~74:23  89:47~91:10  102:49~103:26  total 6분만 감상할 것.",
    "date": "11.10.06",
    "rating": "2",
    "author": "pria****",
    "review_id": "5773790",
    "movie_id": "21348"
  },
  {
    "review": "진추하 너무 좋아요~노래도 다 좋음",
    "date": "11.06.02",
    "rating": "10",
    "author": "chee****",
    "review_id": "5460160",
    "movie_id": "21348"
  },
  {
    "review": "았싸!!!드디어 이 영화를 손에 넣었다!!!기뻐~~~ 추하 내 사랑, 영원히 내 사랑!!!",
    "date": "11.05.04",
    "rating": "10",
    "author": "beat****",
    "review_id": "5405719",
    "movie_id": "21348"
  },
  {
    "review": "재밋어요",
    "date": "10.10.19",
    "rating": "10",
    "author": "sayk****",
    "review_id": "4910586",
    "movie_id": "21348"
  },
  {
    "review": "진추하 너무 예쁘게 나온 영화. 소장하고 싶은 영화.. 주옥같은 OST..",
    "date": "10.02.06",
    "rating": "10",
    "author": "kara****",
    "review_id": "4251207",
    "movie_id": "21348"
  },
  {
    "review": "진추하의 진추하에 의한 진추하를 위한 영화. 영화자체는 꽝, 노래는 최고!",
    "date": "09.12.01",
    "rating": "8",
    "author": "hack****",
    "review_id": "4007252",
    "movie_id": "21348"
  },
  {
    "review": "헐 이렇게 유명한 영화가 평점이7?",
    "date": "09.07.26",
    "rating": "10",
    "author": "alsl****",
    "review_id": "3670260",
    "movie_id": "21348"
  },
  {
    "review": "최고의 영화 사춘기때 봤었기 때문이겠지요 아직도 여운이",
    "date": "08.07.08",
    "rating": "10",
    "author": "lsya****",
    "review_id": "2748185",
    "movie_id": "21348"
  },
  {
    "review": "[One Summer Night] 감미로운 주제가가 귓가를 맴도네..",
    "date": "08.03.03",
    "rating": "10",
    "author": "ljhv****",
    "review_id": "2500486",
    "movie_id": "21348"
  },
  {
    "review": "진추하 너무 예쁘고, 삽입곡도 최고수준...하지만 스토리는 짜증",
    "date": "07.02.01",
    "rating": "3",
    "author": "airl****",
    "review_id": "1433445",
    "movie_id": "21348"
  },
  {
    "review": "어릴때 보고 진추하 그녀를 생각하며 많이 눈물지었던...",
    "date": "07.01.04",
    "rating": "9",
    "author": "erol****",
    "review_id": "1355158",
    "movie_id": "21348"
  },
  {
    "review": "진추하...",
    "date": "06.09.13",
    "rating": "9",
    "author": "min2****",
    "review_id": "1119615",
    "movie_id": "21348"
  },
  {
    "review": "보지마라 그게 답이다",
    "date": "06.07.23",
    "rating": "1",
    "author": "djrk****",
    "review_id": "916545",
    "movie_id": "21348"
  },
  {
    "review": "최악의영화 재미도없고 감동도없고 3류 신파영화",
    "date": "06.07.23",
    "rating": "1",
    "author": "jcw2****",
    "review_id": "916540",
    "movie_id": "21348"
  },
  {
    "review": "영원한 나의 연인이여",
    "date": "05.03.19",
    "rating": "10",
    "author": "groz****",
    "review_id": "243915",
    "movie_id": "21348"
  },
  {
    "review": "최고다.",
    "date": "04.02.09",
    "rating": "10",
    "author": "aptu****",
    "review_id": "18330",
    "movie_id": "21348"
  }
]