[
  {
    "review": "손양원 목사님 당신은 진정 예수님의 길을 가신분입니다",
    "date": "15.08.24",
    "rating": "10",
    "author": "corn****",
    "review_id": "10270073",
    "movie_id": "21353"
  },
  {
    "review": "인간으로 태어남 성자의 보습이지요,",
    "date": "14.08.08",
    "rating": "10",
    "author": "ars9****",
    "review_id": "9049181",
    "movie_id": "21353"
  },
  {
    "review": "아하하하맘사하항상사하",
    "date": "14.08.03",
    "rating": "1",
    "author": "sh17****",
    "review_id": "9020092",
    "movie_id": "21353"
  },
  {
    "review": "정말 눈물이 납니다.아멘.",
    "date": "14.05.04",
    "rating": "10",
    "author": "ange****",
    "review_id": "8698986",
    "movie_id": "21353"
  },
  {
    "review": "평점 떨어뜨리러 왔습니다. 엣헹",
    "date": "14.04.19",
    "rating": "1",
    "author": "zjfg****",
    "review_id": "8660106",
    "movie_id": "21353"
  },
  {
    "review": "손양원목사님의 일대기ㄹ를 영화로 48년간의 짧은 삶은 아들 둘을 죽인 죄인을 양자로 삼고 소록도 나환자를 돌보며 하나님의 사랑을 몸소 실천하신 순교자로서 용서와 사랑 구원에 대한 대답을 담고있는 영화로 많은 감동을 받았다.사람은 시대를 잘 만나야 한다",
    "date": "14.04.01",
    "rating": "9",
    "author": "jaky****",
    "review_id": "8622606",
    "movie_id": "21353"
  },
  {
    "review": "뭐라고 할말이 없습니다.  그냥 눈물만...",
    "date": "14.03.27",
    "rating": "10",
    "author": "lsmn****",
    "review_id": "8610222",
    "movie_id": "21353"
  },
  {
    "review": "좋다",
    "date": "13.08.14",
    "rating": "10",
    "author": "sasi****",
    "review_id": "7881260",
    "movie_id": "21353"
  },
  {
    "review": ".",
    "date": "13.05.12",
    "rating": "10",
    "author": "boku****",
    "review_id": "7523592",
    "movie_id": "21353"
  },
  {
    "review": "아.. 이렇게 계속봐도 좋은 영화가... 평점이없네요.. 누군가라도 와서 이 평점을 달아주셧으면.. 이렇게 좋은영화인데도",
    "date": "13.02.27",
    "rating": "10",
    "author": "top4****",
    "review_id": "7307943",
    "movie_id": "21353"
  },
  {
    "review": "이영화 세번 봤는데 완전 감동 입니다. 지금도 눈에 선합니다.",
    "date": "11.06.10",
    "rating": "9",
    "author": "inte****",
    "review_id": "5474472",
    "movie_id": "21353"
  }
]