[
  {
    "review": "왜케 지루했지....",
    "date": "15.08.14",
    "rating": "6",
    "author": "chos****",
    "review_id": "10231485",
    "movie_id": "21365"
  },
  {
    "review": "스토리는 그런데로 볼만했지만 일반 sf 공포물과 특별히 다른 점은 없이 평범했다.",
    "date": "15.07.30",
    "rating": "5",
    "author": "adiv****",
    "review_id": "10159572",
    "movie_id": "21365"
  },
  {
    "review": "적당히 징그러워야지.. 으으...",
    "date": "15.07.23",
    "rating": "8",
    "author": "rand****",
    "review_id": "10135100",
    "movie_id": "21365"
  },
  {
    "review": "이때 이정도 퀄을 나타낼수잇다니 ㅎㅎ 대단!",
    "date": "15.05.20",
    "rating": "8",
    "author": "dnjs****",
    "review_id": "9934019",
    "movie_id": "21365"
  },
  {
    "review": "음침하고 징그럽고 더러움이 오히려 공포를 불러일으킨다",
    "date": "15.03.21",
    "rating": "6",
    "author": "rcan****",
    "review_id": "9797448",
    "movie_id": "21365"
  },
  {
    "review": "무서운게 아니라, 징그러운 거지",
    "date": "15.02.18",
    "rating": "4",
    "author": "rd72****",
    "review_id": "9711218",
    "movie_id": "21365"
  },
  {
    "review": "숟가락들고 깝치는애새키 진심 패고싶엇다",
    "date": "15.02.05",
    "rating": "10",
    "author": "paem****",
    "review_id": "9668730",
    "movie_id": "21365"
  },
  {
    "review": "에일리언 다음으로 쫄리면서 본 영화",
    "date": "15.01.30",
    "rating": "10",
    "author": "yunu****",
    "review_id": "9652266",
    "movie_id": "21365"
  },
  {
    "review": "보다가 식겁햇네ㅜㅜ 내 몸에 바퀴벌레가 달라 붙어있는 그런 느낌이야 ㅜㅜ",
    "date": "14.12.15",
    "rating": "8",
    "author": "yhs4****",
    "review_id": "9476864",
    "movie_id": "21365"
  },
  {
    "review": "추이 OO럼아 니땜에 니아빠죽엇자나 글고 숟가락으로 좀 '따닥따닥' 거리지좀마 OO로마 뭐라고? 니 친구들??? 아니 아무리 어려도 그렇지 어떻게 저걸 지친구들이라고 생각하지?",
    "date": "14.10.12",
    "rating": "6",
    "author": "laug****",
    "review_id": "9287417",
    "movie_id": "21365"
  },
  {
    "review": "참 재미 있게 본 기억이 있다.",
    "date": "14.10.04",
    "rating": "10",
    "author": "pc59****",
    "review_id": "9263545",
    "movie_id": "21365"
  },
  {
    "review": "어릴때 봤던 기억이 있는데 어려서그런건진 몰라도 정말 무섭게 봤던거같고 이 영화보고 한동안 악몽까지 꿨었다ㅠㅠ그만큼 후유증이 컸고 오래된 영화치곤 정말 잘만든 영화인거 같다 나이를 먹어서까지 아직도 괴물 모습이 눈에 아른거리는...",
    "date": "14.10.03",
    "rating": "8",
    "author": "chac****",
    "review_id": "9257888",
    "movie_id": "21365"
  },
  {
    "review": "진짜 극혐이다. 요즘 하는 미드 스트레인의 시초격이라고 볼수 있을듯. 괴물 영화로는 델토로를 따라올 사람이 없을듯...",
    "date": "14.09.10",
    "rating": "8",
    "author": "dodo****",
    "review_id": "9200875",
    "movie_id": "21365"
  },
  {
    "review": "제작비 대 재미? 이뿐이다.",
    "date": "14.09.09",
    "rating": "6",
    "author": "band****",
    "review_id": "9192597",
    "movie_id": "21365"
  },
  {
    "review": "크리쳐 SF 스릴러 매니아로써 잼게봣는데 전체적으로 8점줄영화는아닌거같다 7점대가딱맞는듯",
    "date": "14.09.04",
    "rating": "7",
    "author": "ekaq****",
    "review_id": "9163795",
    "movie_id": "21365"
  },
  {
    "review": "자막구하기 이리 힘들다니..우여곡절 끝에 감상하게 된 미믹! 헬보이로 처음 접한 감독 그가 참여한 영화들은 모두 내 오감을 만족시켜 준다. 크리쳐에 대한 표현은 물론 숨막히는 연출력 그리고 메시지 까지!!  사랑할 수 밖에 없는 감독임에 분명하다.",
    "date": "14.08.26",
    "rating": "8",
    "author": "ohmr****",
    "review_id": "9136284",
    "movie_id": "21365"
  },
  {
    "review": "아나 별점에 속아서 봤는데 미쳤다. 이걸 왜 봤지 너무 뻔한전개에 뻔한 결말 뻔한 소재까지 아침드라마 보는줄 알았네 보지마라 킬링 타임용으로도 안된다.그래도 벌레가 잘생겨서 5점 준다",
    "date": "14.08.24",
    "rating": "5",
    "author": "goza****",
    "review_id": "9129362",
    "movie_id": "21365"
  },
  {
    "review": "믿고 보는 길예르모 델 토로",
    "date": "14.08.21",
    "rating": "9",
    "author": "arti****",
    "review_id": "9118431",
    "movie_id": "21365"
  },
  {
    "review": "하지만 세스코가 출동한다면 어떨까?",
    "date": "14.07.03",
    "rating": "7",
    "author": "crom****",
    "review_id": "8878142",
    "movie_id": "21365"
  },
  {
    "review": "오래 되어서 잘 기억나지 않지만 소재는 무난하고 긴장감은 조금.",
    "date": "14.06.28",
    "rating": "3",
    "author": "jjaj****",
    "review_id": "8863669",
    "movie_id": "21365"
  },
  {
    "review": "대학교 레포트 감상문 제출 과제 였었습니다...놀다가 그냥 인터넷에서 배껴서 냈었음...10년이 지나고 보게 됬습니다.",
    "date": "14.06.28",
    "rating": "10",
    "author": "timy****",
    "review_id": "8863129",
    "movie_id": "21365"
  },
  {
    "review": "최고한 8점대는 넘겨야 정상인 영화다!!!",
    "date": "14.06.26",
    "rating": "10",
    "author": "ske4****",
    "review_id": "8857424",
    "movie_id": "21365"
  },
  {
    "review": "도시 밑에 저런게 있다면... ㅎㄷㄷ",
    "date": "14.06.03",
    "rating": "7",
    "author": "milk****",
    "review_id": "8791026",
    "movie_id": "21365"
  },
  {
    "review": "역시 길예르모 델토로!!  제작사의 간섭에서도 이 정도의 퀄리티를 뽑아냈다는 게 대단!",
    "date": "14.05.30",
    "rating": "9",
    "author": "fghy****",
    "review_id": "8776716",
    "movie_id": "21365"
  },
  {
    "review": "우연히 봤는데, 끔찍히 잼있게 본..^^;",
    "date": "14.05.25",
    "rating": "8",
    "author": "lspf****",
    "review_id": "8765398",
    "movie_id": "21365"
  },
  {
    "review": "CG까지는 괜찮았으나, 조잡한 설정, 인물성의 부재, 터무늬 없는 개연성 상당히 실망스럽다... 길예르모 델토로는 판의미로가 최고작이 아닐까 싶다.",
    "date": "14.05.18",
    "rating": "6",
    "author": "dpdj****",
    "review_id": "8744313",
    "movie_id": "21365"
  },
  {
    "review": "감독의 기찬 비쥬얼은.알아줘야지",
    "date": "14.05.18",
    "rating": "9",
    "author": "pass****",
    "review_id": "8742088",
    "movie_id": "21365"
  },
  {
    "review": "기괴한 비쥬얼과 소리가 보는 사람을 압도한다..",
    "date": "14.05.10",
    "rating": "8",
    "author": "blue****",
    "review_id": "8721638",
    "movie_id": "21365"
  },
  {
    "review": "이런 내용을 상상해내다니.. 멋지다. 정말 오싹하기도 하고...",
    "date": "14.04.30",
    "rating": "10",
    "author": "scy1****",
    "review_id": "8683291",
    "movie_id": "21365"
  },
  {
    "review": "대박 죠.으.다. ^^",
    "date": "14.04.29",
    "rating": "10",
    "author": "insi****",
    "review_id": "8681867",
    "movie_id": "21365"
  },
  {
    "review": "다좋은데 긴장감이 없다.",
    "date": "14.03.31",
    "rating": "5",
    "author": "fore****",
    "review_id": "8620663",
    "movie_id": "21365"
  },
  {
    "review": "할리우드 기괴의 대명사는 길예르모 델 토로다!",
    "date": "14.03.30",
    "rating": "7",
    "author": "lkyl****",
    "review_id": "8619315",
    "movie_id": "21365"
  },
  {
    "review": "기괴한 크리처물중 수작.",
    "date": "14.03.28",
    "rating": "7",
    "author": "kxvt****",
    "review_id": "8612409",
    "movie_id": "21365"
  },
  {
    "review": "이영화 발견했을땐 보물건진것 같았다..",
    "date": "14.03.20",
    "rating": "10",
    "author": "zhde****",
    "review_id": "8589046",
    "movie_id": "21365"
  },
  {
    "review": "20년후 7광구보다 백배낫네 근데 남주가 게가드 무사시네 ㅋㅋ",
    "date": "14.02.23",
    "rating": "10",
    "author": "spon****",
    "review_id": "8532715",
    "movie_id": "21365"
  },
  {
    "review": "애꿎은 사람만 죽어간...킬림타임용으로도 부족했다",
    "date": "14.02.11",
    "rating": "6",
    "author": "cred****",
    "review_id": "8497045",
    "movie_id": "21365"
  },
  {
    "review": "츄이라는 멍청한 애OO 때문에 아버지가 죽었넹 아버지 죽이놈",
    "date": "14.02.09",
    "rating": "7",
    "author": "jou1****",
    "review_id": "8490661",
    "movie_id": "21365"
  },
  {
    "review": "지하크리쳐물의 도로를 깔아놔준 영화라고 생각한다",
    "date": "14.02.07",
    "rating": "10",
    "author": "daze****",
    "review_id": "8485064",
    "movie_id": "21365"
  },
  {
    "review": "설정이 참신했던 영화 길예르모 꺼였네",
    "date": "14.02.06",
    "rating": "8",
    "author": "fprh****",
    "review_id": "8481630",
    "movie_id": "21365"
  },
  {
    "review": "전개가 좀어색하긴 하지만 나쁘지 않은 크리쳐물",
    "date": "14.01.31",
    "rating": "8",
    "author": "xlne****",
    "review_id": "8455370",
    "movie_id": "21365"
  },
  {
    "review": "여자는 살고 남자는 죽네유. 꽤 지루한 면이 많긴 하네유. 러닝 타임 늘리려고 쓸데없는 스토리를 많이 넣었네유. 특수 효과는 그냥 그럭저럭이네유.",
    "date": "14.01.24",
    "rating": "5",
    "author": "real****",
    "review_id": "8422078",
    "movie_id": "21365"
  },
  {
    "review": "B급 곤충 영화로서 새로울 것은 없지만, 몇몇 괜찮은 설정과 장면 덕분에 무난히 볼 수 있다.",
    "date": "13.11.16",
    "rating": "6",
    "author": "zxc1****",
    "review_id": "8143978",
    "movie_id": "21365"
  },
  {
    "review": "요즘 영화들 보다 영화 속 세계에 더 몰입하게 된다. 단, 꼬마 아이는 왜 나온건지...",
    "date": "13.10.14",
    "rating": "9",
    "author": "gumh****",
    "review_id": "8059853",
    "movie_id": "21365"
  },
  {
    "review": "제대로 만든 찝찝함이란 이런 것.",
    "date": "13.10.10",
    "rating": "8",
    "author": "reco****",
    "review_id": "8050832",
    "movie_id": "21365"
  },
  {
    "review": "군대 내무실에서 왔다갔다 하느라고 제대로 못 보고.. 재미없네 하며 넘어갔는데... 주말  사무실에서 야근하다 테레비 틀었는데 ocn에서 이거하더라구..  이게 이렇게 재밋었나 하며 다시 보게 된 영화.. 이 감독을 주시하게 됐어...",
    "date": "13.08.31",
    "rating": "8",
    "author": "klei****",
    "review_id": "7938513",
    "movie_id": "21365"
  },
  {
    "review": "속이 미식거리는 영화.... 하지만 재밌다...",
    "date": "13.07.25",
    "rating": "8",
    "author": "secu****",
    "review_id": "7782331",
    "movie_id": "21365"
  },
  {
    "review": "길예르모 다웠음 ㅇㅇㅇㅇ",
    "date": "13.07.18",
    "rating": "9",
    "author": "js34****",
    "review_id": "7758437",
    "movie_id": "21365"
  },
  {
    "review": "벌레 비쥬얼은단연최고",
    "date": "13.07.16",
    "rating": "8",
    "author": "cara****",
    "review_id": "7747433",
    "movie_id": "21365"
  },
  {
    "review": "어릴적 정말 흥미롭고 무섭게 보았던 영화",
    "date": "13.07.14",
    "rating": "6",
    "author": "rock****",
    "review_id": "7740643",
    "movie_id": "21365"
  },
  {
    "review": "그가 천재라는 칭호를 들을수 있는건 무에서 유를 창조하기 때문... 바닥인 제작비로 즐거움을 선사하는 기예르모 델 토로",
    "date": "13.05.08",
    "rating": "8",
    "author": "orph****",
    "review_id": "7515997",
    "movie_id": "21365"
  },
  {
    "review": "그냥 그럼",
    "date": "13.05.03",
    "rating": "6",
    "author": "wjdq****",
    "review_id": "7502844",
    "movie_id": "21365"
  },
  {
    "review": "재미가 없음",
    "date": "13.05.02",
    "rating": "6",
    "author": "real****",
    "review_id": "7501856",
    "movie_id": "21365"
  },
  {
    "review": "어렷을적 아버지가 빌려오셨던 비디오. 초등학생때 봤옸는데",
    "date": "13.05.01",
    "rating": "7",
    "author": "b744****",
    "review_id": "7497843",
    "movie_id": "21365"
  },
  {
    "review": "[플라이]가 언제 나온 영화였더라?",
    "date": "13.04.07",
    "rating": "4",
    "author": "skat****",
    "review_id": "7442242",
    "movie_id": "21365"
  },
  {
    "review": "이건 B급이 아니야. 요즘도 이렇게 제대로는 못만들거야",
    "date": "13.03.31",
    "rating": "10",
    "author": "juny****",
    "review_id": "7426603",
    "movie_id": "21365"
  },
  {
    "review": "오프닝 시퀀스가 굉장히 인상적임. 제대로 만든 크리쳐물.",
    "date": "13.03.28",
    "rating": "9",
    "author": "rede****",
    "review_id": "7416165",
    "movie_id": "21365"
  },
  {
    "review": "이정도 퀄리티에 이정도 내용이면 90년대 영화치고 굉장히 잘만든거라 생각해요~킬링타임용으로 정말 최고 입니다^^꼭보세요!두번보세요!",
    "date": "13.02.16",
    "rating": "10",
    "author": "qkrd****",
    "review_id": "7269893",
    "movie_id": "21365"
  },
  {
    "review": "별루",
    "date": "13.02.15",
    "rating": "2",
    "author": "dbzh****",
    "review_id": "7268447",
    "movie_id": "21365"
  },
  {
    "review": "1990년대에 이정도 크리쳐 공포영화를 만들었다는것이 대단함. 지금 시대로 보면 유전자 변형에 의한 괴물의 탄생?은 식상할수 있는 소재이지만, 90년대의 무수기로 쏟아졌던 악마에 관한 공포영화보단 새로운 시도였다는 생각이 생각이 듭니다.",
    "date": "13.02.12",
    "rating": "7",
    "author": "popa****",
    "review_id": "7256427",
    "movie_id": "21365"
  },
  {
    "review": "몰입도, 긴장감 쩜ㅋㅋㅋ 그런데 CG가 살짝 흠",
    "date": "13.02.05",
    "rating": "9",
    "author": "gjf1****",
    "review_id": "7226922",
    "movie_id": "21365"
  },
  {
    "review": "1990년대 치고는 잘만들었음공포영화로는 딱임",
    "date": "13.01.30",
    "rating": "9",
    "author": "fnvl****",
    "review_id": "7195020",
    "movie_id": "21365"
  },
  {
    "review": "시리즈 중 가장 재밌었음 ㅎㅎ",
    "date": "13.01.19",
    "rating": "8",
    "author": "rkdd****",
    "review_id": "7131244",
    "movie_id": "21365"
  },
  {
    "review": "긴장감 몰입도 굿 잼뚜",
    "date": "13.01.06",
    "rating": "8",
    "author": "enjo****",
    "review_id": "7087323",
    "movie_id": "21365"
  },
  {
    "review": "90년도 치고는 꽤 괜찮은 영화네",
    "date": "13.01.01",
    "rating": "8",
    "author": "kr10****",
    "review_id": "7071843",
    "movie_id": "21365"
  },
  {
    "review": "딱 7점",
    "date": "12.12.08",
    "rating": "7",
    "author": "llkk****",
    "review_id": "6986008",
    "movie_id": "21365"
  },
  {
    "review": "ㅇ",
    "date": "12.11.19",
    "rating": "9",
    "author": "sa2d****",
    "review_id": "6906917",
    "movie_id": "21365"
  },
  {
    "review": "제작년도를 생각한다면. 결말이 좀 아쉽다.",
    "date": "12.11.16",
    "rating": "6",
    "author": "puls****",
    "review_id": "6894672",
    "movie_id": "21365"
  },
  {
    "review": "저때만해도 괜찮은 영화라 생각됨..실제로 어린시절  재밌게 봤던 기억도 있고..99년도에 나온 영화니...",
    "date": "12.11.13",
    "rating": "10",
    "author": "rose****",
    "review_id": "6883988",
    "movie_id": "21365"
  },
  {
    "review": "평점이 낮아서 올려줌 ㅋ",
    "date": "12.10.05",
    "rating": "10",
    "author": "the4****",
    "review_id": "6763708",
    "movie_id": "21365"
  },
  {
    "review": "신선한 소재. 긴장감도 나름 잘 만들었음. 단지 하나 흠을 잡자면 츄이라는 개XX... 아 여기까지 하겠습니다. 진짜 빡치네...",
    "date": "12.10.02",
    "rating": "7",
    "author": "hkss****",
    "review_id": "6754048",
    "movie_id": "21365"
  },
  {
    "review": "잘만든 괴수영화.",
    "date": "12.09.19",
    "rating": "7",
    "author": "kem1****",
    "review_id": "6712041",
    "movie_id": "21365"
  },
  {
    "review": "츄이 장애새끼 왜나옴 감독 아들이라서 출현시킨거냐?",
    "date": "12.08.30",
    "rating": "5",
    "author": "cjsf****",
    "review_id": "6656839",
    "movie_id": "21365"
  },
  {
    "review": "1999년도 작품이라는 걸 감안했을 때 8점. 약간 반전이 있었으면 하는 아쉬움이 있음",
    "date": "12.08.29",
    "rating": "8",
    "author": "dnjs****",
    "review_id": "6653043",
    "movie_id": "21365"
  },
  {
    "review": "낡은 시나리오에 투박한 연출력, 그렇다고 80년대 크리쳐물의 향수를 느낄수도 없는",
    "date": "12.08.07",
    "rating": "1",
    "author": "goms****",
    "review_id": "6579626",
    "movie_id": "21365"
  },
  {
    "review": "도대체 어린 애새끼 존재 이유가 뭐냐? 뭔가 신비한 힘이나 능력 발휘할거처럼 하더니 OOO같이 지 아버지 죽게 하고 나중엔 친구라던것들 무서워서 처 울고 있고....그런 지를 구해줄려고 하니 개처럼 발악하고.....",
    "date": "12.07.31",
    "rating": "7",
    "author": "rewq****",
    "review_id": "6560082",
    "movie_id": "21365"
  },
  {
    "review": "츄이 얼굴에 니킥 갈기고 싶다",
    "date": "12.07.16",
    "rating": "7",
    "author": "clzb****",
    "review_id": "6484412",
    "movie_id": "21365"
  },
  {
    "review": "평균 이상해주는 SF 스릴러 물",
    "date": "12.07.16",
    "rating": "7",
    "author": "rgyg****",
    "review_id": "6484159",
    "movie_id": "21365"
  },
  {
    "review": "감질맛나는 긴장감에 짜증나고 억지설정에 황당하지만 재미는 있다.",
    "date": "12.07.15",
    "rating": "8",
    "author": "sonm****",
    "review_id": "6483709",
    "movie_id": "21365"
  },
  {
    "review": "개인적으로 요즘나오는 영화들보다 나은듯",
    "date": "12.07.15",
    "rating": "9",
    "author": "tjrw****",
    "review_id": "6483037",
    "movie_id": "21365"
  },
  {
    "review": "추이는 어떻게살앗으며 추이한대 썌리고싶다",
    "date": "12.06.29",
    "rating": "5",
    "author": "888t****",
    "review_id": "6428249",
    "movie_id": "21365"
  },
  {
    "review": "색다른 소재의 진부한 스토리였지만~ 그래도괜찮았는데여?",
    "date": "12.06.27",
    "rating": "7",
    "author": "sute****",
    "review_id": "6418967",
    "movie_id": "21365"
  },
  {
    "review": "사마귀가 커졌어요",
    "date": "12.05.18",
    "rating": "8",
    "author": "scif****",
    "review_id": "6309026",
    "movie_id": "21365"
  },
  {
    "review": "신선한 소재를 나름 잘 표현했다",
    "date": "12.04.27",
    "rating": "8",
    "author": "mi86****",
    "review_id": "6251052",
    "movie_id": "21365"
  },
  {
    "review": "지루하다....징그럽고",
    "date": "12.04.12",
    "rating": "5",
    "author": "swee****",
    "review_id": "6213986",
    "movie_id": "21365"
  },
  {
    "review": "소재 , 긴장감 , 감독 모두 천재적",
    "date": "12.04.08",
    "rating": "10",
    "author": "ncd0****",
    "review_id": "6203271",
    "movie_id": "21365"
  },
  {
    "review": "츄이 진짜 짜증남. 그 바보자식이 웃으면서 지 애비 죽임.",
    "date": "12.03.22",
    "rating": "7",
    "author": "ocmr****",
    "review_id": "6160040",
    "movie_id": "21365"
  },
  {
    "review": "90년대 중후반 흔했던 킬링타임용 크리쳐물",
    "date": "12.03.17",
    "rating": "7",
    "author": "virt****",
    "review_id": "6150065",
    "movie_id": "21365"
  },
  {
    "review": "신선하다",
    "date": "12.03.03",
    "rating": "7",
    "author": "fren****",
    "review_id": "6121169",
    "movie_id": "21365"
  },
  {
    "review": "초반에 긴장감이 끝가지 가지는 못하는게 살짝 아쉽긴 하네요 ㅎㅎ;;",
    "date": "12.03.01",
    "rating": "8",
    "author": "coc2****",
    "review_id": "6114737",
    "movie_id": "21365"
  },
  {
    "review": "짜증나는 연기였으나, 인간을 닮아가는 괴물 소재는 창의적이다.",
    "date": "12.02.25",
    "rating": "7",
    "author": "kos4****",
    "review_id": "6102250",
    "movie_id": "21365"
  },
  {
    "review": "지루한 크리쳐물",
    "date": "12.01.28",
    "rating": "5",
    "author": "alst****",
    "review_id": "6028873",
    "movie_id": "21365"
  },
  {
    "review": "감독 이름만 보고 기대를 너무.많이.했나 시간아까운정돈 아니고 볼만했다",
    "date": "12.01.27",
    "rating": "7",
    "author": "muta****",
    "review_id": "6025594",
    "movie_id": "21365"
  },
  {
    "review": "끝까지 유치한 벌레영화는 아님! 그당시 영화치곤 나름 진지+10초긴장감 5번정도?",
    "date": "11.11.21",
    "rating": "8",
    "author": "love****",
    "review_id": "5864083",
    "movie_id": "21365"
  },
  {
    "review": "싫어하던 장르까지 넘나들게 하는 대사투극.교과서적이면 어떠냐 이만한 스릴이면됐다",
    "date": "11.11.16",
    "rating": "10",
    "author": "ggon****",
    "review_id": "5853905",
    "movie_id": "21365"
  },
  {
    "review": "크리쳐물의 걸작중의 걸작....",
    "date": "11.10.29",
    "rating": "10",
    "author": "rldi****",
    "review_id": "5817184",
    "movie_id": "21365"
  },
  {
    "review": "주제와 설정은 좋았으나, 교과서적인 altruism과 마무리가 아쉽다. 7.8점",
    "date": "11.10.21",
    "rating": "7",
    "author": "zera****",
    "review_id": "5800801",
    "movie_id": "21365"
  },
  {
    "review": "어릴때 레알 지린영화 ㄷㄷ",
    "date": "11.09.10",
    "rating": "8",
    "author": "trip****",
    "review_id": "5718494",
    "movie_id": "21365"
  },
  {
    "review": "진짜 재미 있게 봤었다 초등학생 때 ㅋㅋㅋㅋㅋ",
    "date": "11.08.23",
    "rating": "10",
    "author": "god_****",
    "review_id": "5681787",
    "movie_id": "21365"
  },
  {
    "review": "괴물의 표현과 긴장감 재미나게 잘 봤습니다.",
    "date": "11.08.22",
    "rating": "8",
    "author": "rkdw****",
    "review_id": "5679679",
    "movie_id": "21365"
  },
  {
    "review": "전 조금 지겨웠음..",
    "date": "11.08.04",
    "rating": "5",
    "author": "ygfa****",
    "review_id": "5598260",
    "movie_id": "21365"
  }
]