[
  {
    "review": "남자주인공 정말 잘생겼다~",
    "date": "11.04.04",
    "rating": "10",
    "author": "egye****",
    "review_id": "5353423",
    "movie_id": "21360"
  },
  {
    "review": "오래된 영화라서 지금 기준으로는 유치한 대사도 있지만, 꽤 재미있네요.",
    "date": "11.02.07",
    "rating": "10",
    "author": "aror****",
    "review_id": "5224154",
    "movie_id": "21360"
  },
  {
    "review": "짱짱 말이필없음!!",
    "date": "11.02.06",
    "rating": "10",
    "author": "gb72****",
    "review_id": "5222676",
    "movie_id": "21360"
  }
]