[
  {
    "review": "그나마 반담영화중엔 제일 나은 영화.",
    "date": "14.01.21",
    "rating": "7",
    "author": "kxvt****",
    "review_id": "8408201",
    "movie_id": "21366"
  },
  {
    "review": "분위기는 전반적으로 양호했는데..결정적인 임팩트는 없다",
    "date": "13.09.23",
    "rating": "7",
    "author": "cjw2****",
    "review_id": "8010717",
    "movie_id": "21366"
  },
  {
    "review": "액션킹 반담형",
    "date": "13.08.23",
    "rating": "7",
    "author": "vkav****",
    "review_id": "7914333",
    "movie_id": "21366"
  },
  {
    "review": "반담영화중엔 그나마 낫다",
    "date": "12.07.10",
    "rating": "10",
    "author": "nyum****",
    "review_id": "6466472",
    "movie_id": "21366"
  },
  {
    "review": "반담표 마샬아츠를 기대한 팬들에겐 아쉬울수도 있으나 킬링타임으론 볼만했던 기억",
    "date": "11.11.05",
    "rating": "6",
    "author": "gall****",
    "review_id": "5830604",
    "movie_id": "21366"
  },
  {
    "review": "반담형님 영화중에서 그나마 괜찮은 영화.",
    "date": "11.01.25",
    "rating": "6",
    "author": "foun****",
    "review_id": "5182664",
    "movie_id": "21366"
  },
  {
    "review": "반담형은 작품성에 탐내면 안되... 액션은 좋은데..",
    "date": "10.07.01",
    "rating": "10",
    "author": "bajj****",
    "review_id": "4603643",
    "movie_id": "21366"
  },
  {
    "review": "반담 출연 치곤 괜찮다고 봐야 하지 않나?",
    "date": "10.04.18",
    "rating": "1",
    "author": "pria****",
    "review_id": "4440187",
    "movie_id": "21366"
  },
  {
    "review": "프랑스 외인부대라는 것을 처음 알게해준 영화. 나름 진지하고 무거웠던 분위기.",
    "date": "09.08.28",
    "rating": "7",
    "author": "deka****",
    "review_id": "3792621",
    "movie_id": "21366"
  },
  {
    "review": "외인부대를 알고 보면 최고 영화.",
    "date": "09.08.25",
    "rating": "10",
    "author": "kroy****",
    "review_id": "3786400",
    "movie_id": "21366"
  },
  {
    "review": "반담 그냥 살아라.안 그래도 부담스러운데 성격 연기마저 시도하니 감당이 안된다.",
    "date": "08.10.02",
    "rating": "1",
    "author": "baks****",
    "review_id": "2978797",
    "movie_id": "21366"
  },
  {
    "review": "다좋은데 마지막이 좀...",
    "date": "08.08.24",
    "rating": "8",
    "author": "jiyu****",
    "review_id": "2898726",
    "movie_id": "21366"
  },
  {
    "review": "사막에서의 총격전과 액션을 그렸다 반담표를 감안해서 보기를",
    "date": "08.05.12",
    "rating": "5",
    "author": "deff****",
    "review_id": "2634145",
    "movie_id": "21366"
  },
  {
    "review": "이거 정말 재미있게봤었는데...하지만 끝에 주인공만 살려주는 어이없음..",
    "date": "08.02.19",
    "rating": "10",
    "author": "tori****",
    "review_id": "2464342",
    "movie_id": "21366"
  },
  {
    "review": "무심코 채널돌리다가 발견한 괜찮은 영화.",
    "date": "08.02.18",
    "rating": "9",
    "author": "dong****",
    "review_id": "2458228",
    "movie_id": "21366"
  },
  {
    "review": "반담 영화 중에 이정도면 수작이다..",
    "date": "07.01.22",
    "rating": "7",
    "author": "wrat****",
    "review_id": "1406362",
    "movie_id": "21366"
  },
  {
    "review": "반담의 새로운 모습은 좋았으나 감독의 연출력이 아쉬웠음",
    "date": "06.09.01",
    "rating": "7",
    "author": "best****",
    "review_id": "1093468",
    "movie_id": "21366"
  },
  {
    "review": "새로운 모습을 시도하려 했으나 실패한 반담 역시 반담은 액션",
    "date": "06.08.28",
    "rating": "1",
    "author": "okjo****",
    "review_id": "1086897",
    "movie_id": "21366"
  },
  {
    "review": "반담 최악의 작품",
    "date": "05.12.25",
    "rating": "1",
    "author": "kws7****",
    "review_id": "527247",
    "movie_id": "21366"
  },
  {
    "review": "별다른 감흥도 주질 못하는 영화. 전처럼 발차기를 하지..",
    "date": "05.12.17",
    "rating": "5",
    "author": "jcr3****",
    "review_id": "509609",
    "movie_id": "21366"
  },
  {
    "review": "막다른 곳의 그들의 우정과 의리..but 배신. 흥미있는 구성",
    "date": "05.09.14",
    "rating": "8",
    "author": "ffgh****",
    "review_id": "405787",
    "movie_id": "21366"
  },
  {
    "review": "총격전 하는 장면들...정말 멋지네요.",
    "date": "05.08.07",
    "rating": "9",
    "author": "lmr4****",
    "review_id": "357002",
    "movie_id": "21366"
  },
  {
    "review": "기대하며 봤지만 결말부분에서 설마설마 하다가 - 실망 - -",
    "date": "05.08.07",
    "rating": "4",
    "author": "hipp****",
    "review_id": "356514",
    "movie_id": "21366"
  },
  {
    "review": "눈요기에는 그만인 영화....",
    "date": "05.08.07",
    "rating": "10",
    "author": "dbst****",
    "review_id": "355984",
    "movie_id": "21366"
  },
  {
    "review": "멋있어여 마지막에 아랍인이 한말이 인상깊음....",
    "date": "05.08.07",
    "rating": "10",
    "author": "kyki****",
    "review_id": "355966",
    "movie_id": "21366"
  },
  {
    "review": "작살..아주 끝장이다...인생 허무한듸...",
    "date": "05.08.07",
    "rating": "10",
    "author": "hell****",
    "review_id": "355888",
    "movie_id": "21366"
  },
  {
    "review": "10분만에 다 봤음",
    "date": "04.12.10",
    "rating": "3",
    "author": "chal****",
    "review_id": "159896",
    "movie_id": "21366"
  },
  {
    "review": "재미없음..",
    "date": "04.11.26",
    "rating": "3",
    "author": "nspe****",
    "review_id": "152104",
    "movie_id": "21366"
  },
  {
    "review": "꼭 잘 만든건 아니지만 졸작은 아닌것 같습니다. 내용은 좀 감동적.",
    "date": "04.08.15",
    "rating": "9",
    "author": "mari****",
    "review_id": "90812",
    "movie_id": "21366"
  },
  {
    "review": "snhn04말조심해라.졸작이라니..",
    "date": "04.08.08",
    "rating": "10",
    "author": "euns****",
    "review_id": "86106",
    "movie_id": "21366"
  },
  {
    "review": "평범한 영화지만 감동이 밀려오는 영화 중간추천영화 ㅋ",
    "date": "04.08.07",
    "rating": "10",
    "author": "lj34****",
    "review_id": "85948",
    "movie_id": "21366"
  }
]