[
  {
    "review": "짜집기가..이제그만 나주자",
    "date": "14.12.31",
    "rating": "1",
    "author": "sdey****",
    "review_id": "9542943",
    "movie_id": "21378"
  },
  {
    "review": "그럭저럭 킬링타임용에 그치는군",
    "date": "14.11.01",
    "rating": "5",
    "author": "guev****",
    "review_id": "9333207",
    "movie_id": "21378"
  },
  {
    "review": "이소룡 \"사망탑\" 한번더 보게해 주세요",
    "date": "14.03.30",
    "rating": "10",
    "author": "ybs7****",
    "review_id": "8618471",
    "movie_id": "21378"
  },
  {
    "review": "죽은 이소룡을 영화제작사의 상술로 무덤에서 꺼집어내 난도질하듯 짜깁기 한 프랑켄슈타인같은 영화. 영화의 이음새나 제작 의도나 상당히 불쾌하다. 이런 영화가 만들어진 것도 시대의 역사겠지...",
    "date": "13.03.02",
    "rating": "8",
    "author": "heod****",
    "review_id": "7316264",
    "movie_id": "21378"
  },
  {
    "review": "이소룡 영화들에서 이소룡 등장장면만 짜집기해서 나오게 한 것도 빡치는데, 사망유희보다 이 영화 평점이 더 높다는 것에 더 빡친다. 그래서 1점. 사망유희는 후반부에 이소룡이 조금이라도 나왔지만 이건 뭐....",
    "date": "12.09.09",
    "rating": "1",
    "author": "doct****",
    "review_id": "6682271",
    "movie_id": "21378"
  },
  {
    "review": "짜깁기 존나 티난거 빼고는 액션은 볼만함.",
    "date": "12.01.16",
    "rating": "5",
    "author": "park****",
    "review_id": "5989116",
    "movie_id": "21378"
  },
  {
    "review": "전반적으로 구린데 가끔 흥미로운 부분이 있다...",
    "date": "11.11.21",
    "rating": "5",
    "author": "yana****",
    "review_id": "5862829",
    "movie_id": "21378"
  },
  {
    "review": "망자 뜯어먹기.",
    "date": "11.10.12",
    "rating": "2",
    "author": "pria****",
    "review_id": "5785364",
    "movie_id": "21378"
  },
  {
    "review": "영화배우 김태정 정말 멋진 최고의 액션을 보여주고있다~~!!!",
    "date": "10.11.18",
    "rating": "10",
    "author": "mett****",
    "review_id": "4968683",
    "movie_id": "21378"
  },
  {
    "review": "괜찮던데 ㅎㅎㅎㅎ",
    "date": "10.11.17",
    "rating": "10",
    "author": "tiko****",
    "review_id": "4968030",
    "movie_id": "21378"
  },
  {
    "review": "격투씬이 매우 볼만한영화엿다!!",
    "date": "10.10.27",
    "rating": "10",
    "author": "zmfp****",
    "review_id": "4923163",
    "movie_id": "21378"
  },
  {
    "review": "이소룡의 헬기사건때 죽음.,그리고 더이상 뒷통수는 없다.노출도 볼만함 ㅎ",
    "date": "10.09.12",
    "rating": "9",
    "author": "dma9****",
    "review_id": "4832217",
    "movie_id": "21378"
  },
  {
    "review": "마지막에 탈출어떻게 하려나;;",
    "date": "10.09.12",
    "rating": "8",
    "author": "ghdd****",
    "review_id": "4830929",
    "movie_id": "21378"
  },
  {
    "review": "사망유희 보단 훨낫다. 액션도 깔끔하고 편집도 괜찮고.",
    "date": "10.02.04",
    "rating": "10",
    "author": "suse****",
    "review_id": "4245246",
    "movie_id": "21378"
  },
  {
    "review": "80년 영화일줄은 60년대영화인줄 알았는데... 그런데 이소룡은 어디서 나오는지...",
    "date": "10.01.04",
    "rating": "6",
    "author": "tgun****",
    "review_id": "4129226",
    "movie_id": "21378"
  },
  {
    "review": "당산대형보다 몇년전에 이소룡 무명일때 찍은건줄알았네요 ; 워낙 촌티가 나서..",
    "date": "09.09.30",
    "rating": "10",
    "author": "sung****",
    "review_id": "3861658",
    "movie_id": "21378"
  },
  {
    "review": "시대상황이나,액션만 따지고 본다면 돌아이나 꼭지단보단 높은 점수를 주고싶다.",
    "date": "09.08.04",
    "rating": "8",
    "author": "kiru****",
    "review_id": "3709433",
    "movie_id": "21378"
  },
  {
    "review": "결말에 주인공 통로 어케 빠져나감? 화염장치는 가동되고있고 밧줄도 없는 상황ㅋ",
    "date": "09.03.22",
    "rating": "9",
    "author": "fing****",
    "review_id": "3381646",
    "movie_id": "21378"
  },
  {
    "review": "스토리가 헛갈리네. 내가 본건 진강과 진국이 일본무도가 진곡을 상대하는건데...",
    "date": "09.02.26",
    "rating": "10",
    "author": "skss****",
    "review_id": "3334342",
    "movie_id": "21378"
  },
  {
    "review": "한국영화 액션물 중에서 최고의 액션씬이었다.",
    "date": "08.11.09",
    "rating": "10",
    "author": "cho7****",
    "review_id": "3042549",
    "movie_id": "21378"
  },
  {
    "review": "이소룡 아류영화지만 재미있고 볼만하다. 스토리는 엉성하지만, 액션만큼은 쥑인다.",
    "date": "08.10.05",
    "rating": "10",
    "author": "whd4****",
    "review_id": "2984608",
    "movie_id": "21378"
  },
  {
    "review": "짜집기물의 재짜집기영화. 이소룡이 이영화를 봤으면 대통곡 했을듯.",
    "date": "08.02.08",
    "rating": "2",
    "author": "evil****",
    "review_id": "2421537",
    "movie_id": "21378"
  },
  {
    "review": "소장하고 싶은데 없다..액션만큼은 죽이는데..",
    "date": "06.11.21",
    "rating": "9",
    "author": "asaz****",
    "review_id": "1244435",
    "movie_id": "21378"
  },
  {
    "review": "후반부의 아스트랄(?)한 공간은 충격적. 재밌다.",
    "date": "05.02.13",
    "rating": "7",
    "author": "k4he****",
    "review_id": "219216",
    "movie_id": "21378"
  },
  {
    "review": "김태정태권도발차기아뵼ㅋ 철권의 리챠오란이 이걸따라 한거였군.;;",
    "date": "04.02.12",
    "rating": "8",
    "author": "kore****",
    "review_id": "19333",
    "movie_id": "21378"
  },
  {
    "review": "스토리는 엉망이지만, 액션은 정말 훌륭하다",
    "date": "03.12.11",
    "rating": "7",
    "author": "tdol****",
    "review_id": "1782",
    "movie_id": "21378"
  }
]