[
  {
    "review": "와!!!이런 영화가 있었다니 ㅎㅎㅎ 재밌게 봤어요",
    "date": "15.06.21",
    "rating": "9",
    "author": "limo****",
    "review_id": "10018109",
    "movie_id": "21383"
  },
  {
    "review": "달팽이와도 같이 자웅동체 아니 남여의 하이브리드 육체를 보유한 사방지.. 결국은 점쟁이에 의해 고푼 아줌씨들이게 이리저리 이용만 당하고 불쌍타.. 이혜영과 방희의 콜라보레이션도 매우 뜻깊다",
    "date": "15.02.16",
    "rating": "7",
    "author": "danz****",
    "review_id": "9700996",
    "movie_id": "21383"
  },
  {
    "review": "방희..7080세대의 글래머...80년대말...3S정책이니 이보다 더한영화도 있을수..",
    "date": "09.02.09",
    "rating": "6",
    "author": "sola****",
    "review_id": "3289141",
    "movie_id": "21383"
  },
  {
    "review": "어렸을때 봤는데 당시 꽤 충격적이었죠..",
    "date": "08.06.04",
    "rating": "10",
    "author": "qhrt****",
    "review_id": "2679084",
    "movie_id": "21383"
  }
]