[
  {
    "review": "지금보면 조금 귀엽긴하다",
    "date": "15.08.22",
    "rating": "10",
    "author": "rndc****",
    "review_id": "10261885",
    "movie_id": "21398"
  },
  {
    "review": "성룡의 한국합작영화....안일한 구성이 아쉽지만 성룡의 묘기수준 오프닝무술과 성룡특유의 얼굴연기굿..",
    "date": "14.12.09",
    "rating": "7",
    "author": "kara****",
    "review_id": "9460118",
    "movie_id": "21398"
  },
  {
    "review": "헤어스타일은 역대최악이지만 첫신부터 섹시한(?)의상을 입고나와 여러무술을 보여주며 시작해 맘에들었다ㅋㅋ 권보를뺏기위해 쉴세없이달겨드는바람에 대결씬이 끊임없이나오지만 약간지루하다가 마지막 삼형제와 흑룡방 방주와의결투는볼만~성룡, 당신은 최고입니다~!!!",
    "date": "14.06.20",
    "rating": "10",
    "author": "whia****",
    "review_id": "8842437",
    "movie_id": "21398"
  },
  {
    "review": "룡형이 역시최고다!!",
    "date": "14.02.28",
    "rating": "10",
    "author": "chae****",
    "review_id": "8544356",
    "movie_id": "21398"
  },
  {
    "review": "헛소리는 관속에들어가서나 해라.무명이던,이시절이없었다면,오늘날의 영광도 없었다.",
    "date": "10.11.09",
    "rating": "3",
    "author": "baks****",
    "review_id": "4946752",
    "movie_id": "21398"
  },
  {
    "review": "성룡이 출연했다고 해서 다 명작은 아니란 걸 잘 보여준다",
    "date": "10.03.02",
    "rating": "6",
    "author": "mygr****",
    "review_id": "4329070",
    "movie_id": "21398"
  },
  {
    "review": "성룡의 초기 모습을 볼수 있어 참 좋았다",
    "date": "09.08.26",
    "rating": "6",
    "author": "deff****",
    "review_id": "3790245",
    "movie_id": "21398"
  },
  {
    "review": "사학팔보속에 사학비권이 숨겨져있던걸까? 마지막 그권법으로 잘제압했걸랑..",
    "date": "08.05.12",
    "rating": "8",
    "author": "lgju****",
    "review_id": "2635897",
    "movie_id": "21398"
  },
  {
    "review": "very good !",
    "date": "07.10.17",
    "rating": "9",
    "author": "cles****",
    "review_id": "2094808",
    "movie_id": "21398"
  },
  {
    "review": "내가 알기론 상당히 많은 분들이 출연한거 아닌가??",
    "date": "07.02.01",
    "rating": "7",
    "author": "kumc****",
    "review_id": "1432021",
    "movie_id": "21398"
  },
  {
    "review": "코믹한 내용이 전혀 없다.성룡이 진지하고 강하게 나온다!!",
    "date": "06.11.20",
    "rating": "7",
    "author": "iama****",
    "review_id": "1242644",
    "movie_id": "21398"
  },
  {
    "review": "괜찮은 무술영화",
    "date": "06.11.12",
    "rating": "9",
    "author": "ysuh****",
    "review_id": "1228341",
    "movie_id": "21398"
  },
  {
    "review": "또 복수한다는 이야기",
    "date": "06.01.06",
    "rating": "7",
    "author": "kws7****",
    "review_id": "564743",
    "movie_id": "21398"
  },
  {
    "review": "성룡 초창기 극한의 무공솜씨..",
    "date": "05.09.04",
    "rating": "5",
    "author": "expr****",
    "review_id": "392718",
    "movie_id": "21398"
  },
  {
    "review": "이때의성룡영화가다그랫다중간중간멌있는장면나옴",
    "date": "05.07.29",
    "rating": "6",
    "author": "aprs****",
    "review_id": "338885",
    "movie_id": "21398"
  }
]