[
  {
    "review": "이거 볼수있는 방법 없는지요?",
    "date": "14.01.05",
    "rating": "10",
    "author": "jhki****",
    "review_id": "8351900",
    "movie_id": "21406"
  },
  {
    "review": "으리로 십점준다",
    "date": "13.07.28",
    "rating": "10",
    "author": "only****",
    "review_id": "7794956",
    "movie_id": "21406"
  },
  {
    "review": "이건 개구라고 원래 지옥은 저렇지가 않음 악마가 드글드글거리고 괴물들이잇삼",
    "date": "11.04.15",
    "rating": "2",
    "author": "zf46****",
    "review_id": "5374743",
    "movie_id": "21406"
  },
  {
    "review": "권선징악의 대표적 한국 영화 코믹하면서도 깔끔스러운 영화",
    "date": "09.11.24",
    "rating": "6",
    "author": "thra****",
    "review_id": "3987892",
    "movie_id": "21406"
  },
  {
    "review": "재밌따",
    "date": "09.09.18",
    "rating": "10",
    "author": "9285****",
    "review_id": "3837646",
    "movie_id": "21406"
  }
]