[
  {
    "review": "남자도 강간당한다는 시대를 앞서간 영화",
    "date": "15.07.15",
    "rating": "4",
    "author": "rd72****",
    "review_id": "10107519",
    "movie_id": "21416"
  },
  {
    "review": "분단의 비극과 인간으로서의 최소한의 생존본능.. '리얼리즘'의 극치를 보여주는 영화..",
    "date": "15.06.14",
    "rating": "9",
    "author": "pola****",
    "review_id": "9997839",
    "movie_id": "21416"
  },
  {
    "review": "1960년대에 이렇게 영화를 인간의 내면을 잘 끌어내다니 영상도 좋고  감동입니다. (p.s끝장면 네이버에 나온내용은 약간 다릅니다.  )",
    "date": "15.06.13",
    "rating": "9",
    "author": "mefu****",
    "review_id": "9996645",
    "movie_id": "21416"
  }
]