[
  {
    "review": "당시 유행하던 산동시리즈..어렸을적 무술영화들이 생각나게 했던 영화",
    "date": "11.02.03",
    "rating": "6",
    "author": "thra****",
    "review_id": "5209023",
    "movie_id": "21412"
  },
  {
    "review": "국민학교때 떡뽁이 집에서 봤던 추억의 영화이죠.. 보고나면 서로 무술도 하고^^",
    "date": "10.09.06",
    "rating": "10",
    "author": "yk37****",
    "review_id": "4819506",
    "movie_id": "21412"
  },
  {
    "review": "이런영화 다시 보고싶다~~",
    "date": "09.03.11",
    "rating": "10",
    "author": "tien****",
    "review_id": "3359883",
    "movie_id": "21412"
  },
  {
    "review": "87년쯤 비디오 봤던 지금 생각하면 취권과 비슷한 분위기. 그 당시 정말 잼있게 봤다.",
    "date": "08.09.02",
    "rating": "10",
    "author": "ynha****",
    "review_id": "2918309",
    "movie_id": "21412"
  }
]