[
  {
    "review": "호금전의 섬세한 연출로 빚어낸  유려한 풍경이 인상적이지만 이야기 전개가 느슨하군",
    "date": "15.08.21",
    "rating": "5",
    "author": "guev****",
    "review_id": "10258168",
    "movie_id": "21427"
  },
  {
    "review": "이 영화는 영화적 의미보다 그냥 호금전 감독이 아름다운 한국의 풍경을 담아보고 싶어 만든듯함..영화 내용은 별거 없지만 자연배경을 이토록 잘 담아내는 감독은 드문듯..장애가 누님 빼고는 공산영우에 나왔던 배우들의 재탕...서풍누님 역시 섹시함...ㅋㅋ",
    "date": "13.01.07",
    "rating": "5",
    "author": "thra****",
    "review_id": "7090150",
    "movie_id": "21427"
  },
  {
    "review": "애가누님이 오래전에 한국에도 왔었구나. 귀중한 자료가 될 것 같군~",
    "date": "12.03.14",
    "rating": "10",
    "author": "thsd****",
    "review_id": "6142942",
    "movie_id": "21427"
  },
  {
    "review": "배경이한국이네요감독의능력이안습이군더재밌게만들수도있었을텐데너무고전.",
    "date": "09.12.08",
    "rating": "5",
    "author": "tnfu****",
    "review_id": "4027787",
    "movie_id": "21427"
  },
  {
    "review": "영화 곳곳에 한국의 풍경이 나타난다",
    "date": "09.04.09",
    "rating": "10",
    "author": "wood****",
    "review_id": "3412016",
    "movie_id": "21427"
  }
]