[
  {
    "review": "세상이 변했다. '김기영'의 친구가 많아졌다. 바로 지금이야! 얼른 환생해!",
    "date": "14.07.29",
    "rating": "9",
    "author": "cine****",
    "review_id": "8976672",
    "movie_id": "21439"
  },
  {
    "review": "천재적인 감독의 수작이다",
    "date": "14.02.02",
    "rating": "10",
    "author": "chun****",
    "review_id": "8467885",
    "movie_id": "21439"
  },
  {
    "review": "35년전 영화라 .... 역시 김기영이라 할만하다 .",
    "date": "14.01.03",
    "rating": "8",
    "author": "tomb****",
    "review_id": "8345388",
    "movie_id": "21439"
  },
  {
    "review": "생사를 얄팍한 철학과 '의지' 한 단어에 담아 사뭇 진지한 표정으로 웃기는 오컬트 코미디.",
    "date": "13.12.22",
    "rating": "4",
    "author": "tear****",
    "review_id": "8268751",
    "movie_id": "21439"
  },
  {
    "review": "의지다! 의지만 있으 면 인간은 죽어도 죽지않는다!! 김기영 감독의 컬트영화.. 눈이 도달적이라는 이유로 군사정권에서 출연금지 당한 이화시 .. 젊은 김자옥의 미모.. 무엇보다 충격적인 스토리",
    "date": "13.12.21",
    "rating": "8",
    "author": "danz****",
    "review_id": "8263116",
    "movie_id": "21439"
  },
  {
    "review": "의지~ㅋㅋㅋ 3번째 이야기만 간결했으면 10점!",
    "date": "12.03.16",
    "rating": "9",
    "author": "nabi****",
    "review_id": "6146723",
    "movie_id": "21439"
  },
  {
    "review": "김기영감독님은 걍 인간자체가 컬트였다",
    "date": "08.08.05",
    "rating": "10",
    "author": "lyri****",
    "review_id": "2838416",
    "movie_id": "21439"
  },
  {
    "review": "이영화를 본것만으로도 선택 받은 거임",
    "date": "08.07.07",
    "rating": "10",
    "author": "cell****",
    "review_id": "2746091",
    "movie_id": "21439"
  },
  {
    "review": "유머 1번지를 능가하는 코미디 !!",
    "date": "08.06.25",
    "rating": "10",
    "author": "xsou****",
    "review_id": "2719434",
    "movie_id": "21439"
  },
  {
    "review": "간극을 메우는 괴이한 유머와 생/죽음을 엮은 단 하나의 완전영화 왜 이제 봤을까",
    "date": "08.06.25",
    "rating": "9",
    "author": "murt****",
    "review_id": "2719317",
    "movie_id": "21439"
  },
  {
    "review": "의지!",
    "date": "08.05.07",
    "rating": "10",
    "author": "phib****",
    "review_id": "2622455",
    "movie_id": "21439"
  },
  {
    "review": "의지.",
    "date": "08.04.23",
    "rating": "10",
    "author": "binb****",
    "review_id": "2594581",
    "movie_id": "21439"
  },
  {
    "review": "의지.",
    "date": "08.01.31",
    "rating": "8",
    "author": "eorn****",
    "review_id": "2390039",
    "movie_id": "21439"
  }
]