[
  {
    "review": "완전 무서워여! 고양이가 시체를 뜯어먹고 원귀가...참 끔찍한 스토리",
    "date": "14.03.10",
    "rating": "8",
    "author": "stin****",
    "review_id": "8567978",
    "movie_id": "21440"
  },
  {
    "review": "완전 잼나네요.",
    "date": "13.07.06",
    "rating": "10",
    "author": "hell****",
    "review_id": "7710470",
    "movie_id": "21440"
  },
  {
    "review": "진심으로 무섭다. 기술만 좋은 요즘 호러들보다 백배 낫다",
    "date": "13.01.10",
    "rating": "10",
    "author": "film****",
    "review_id": "7098355",
    "movie_id": "21440"
  },
  {
    "review": "너무 엉성함",
    "date": "10.12.29",
    "rating": "5",
    "author": "qmfk****",
    "review_id": "5098858",
    "movie_id": "21440"
  },
  {
    "review": "세월이 주는 진부함과 참신함이 엇갈리는 묘한 느낌....",
    "date": "10.10.04",
    "rating": "6",
    "author": "wert****",
    "review_id": "4885474",
    "movie_id": "21440"
  },
  {
    "review": "볼만하네~",
    "date": "10.03.27",
    "rating": "10",
    "author": "zmfp****",
    "review_id": "4389941",
    "movie_id": "21440"
  },
  {
    "review": "이건 뭐 괴작인데?",
    "date": "09.08.15",
    "rating": "7",
    "author": "logo****",
    "review_id": "3751742",
    "movie_id": "21440"
  },
  {
    "review": "재밌음. 보면볼수록 컬트한 매력이 있는듯",
    "date": "09.08.03",
    "rating": "8",
    "author": "love****",
    "review_id": "3699892",
    "movie_id": "21440"
  },
  {
    "review": "거미줄 가득찬 창고에서 금반지를 찾은 느낌 !!~ 65년작이라는게 믿기지 않는 수작",
    "date": "09.07.13",
    "rating": "10",
    "author": "hbj7****",
    "review_id": "3629518",
    "movie_id": "21440"
  },
  {
    "review": "굿굿 베리 굿!!!~~~",
    "date": "09.03.17",
    "rating": "10",
    "author": "dodm****",
    "review_id": "3372496",
    "movie_id": "21440"
  },
  {
    "review": "세트의 아트디렉션과 연기력,그리고 그 긴장감 아 .",
    "date": "08.08.25",
    "rating": "10",
    "author": "froz****",
    "review_id": "2902386",
    "movie_id": "21440"
  },
  {
    "review": "음산한 카메라구도... , 한국적 스릴러의 전형을 보여준다...",
    "date": "08.06.23",
    "rating": "7",
    "author": "hide****",
    "review_id": "2716918",
    "movie_id": "21440"
  },
  {
    "review": "그 당시에는 상당히 탄탄한 호러영화로 인정받았을 것이다.",
    "date": "07.03.06",
    "rating": "7",
    "author": "srae****",
    "review_id": "1522168",
    "movie_id": "21440"
  },
  {
    "review": "영화스토리는 좋았으나 표현력에서 부족하다",
    "date": "07.01.19",
    "rating": "3",
    "author": "jtso****",
    "review_id": "1397635",
    "movie_id": "21440"
  },
  {
    "review": "얼마전에 ebs에서 대충 봤는데 어설퍼보이는게 오히려 더 무서움",
    "date": "06.08.04",
    "rating": "7",
    "author": "sdfg****",
    "review_id": "966402",
    "movie_id": "21440"
  },
  {
    "review": "우리나라 최고의 공포영화는 여곡성이 아닌 이 작품이다",
    "date": "06.08.01",
    "rating": "6",
    "author": "okjo****",
    "review_id": "954253",
    "movie_id": "21440"
  },
  {
    "review": "빠른 진행과 나름대로 괜찮은 줄거리, 하지만 엉성한 연출",
    "date": "06.07.31",
    "rating": "5",
    "author": "cine****",
    "review_id": "950320",
    "movie_id": "21440"
  },
  {
    "review": "보는내내 눈을 뗄수 없게 만드는 연출력에 경의를 표합니다..굿!",
    "date": "06.07.31",
    "rating": "10",
    "author": "dooa****",
    "review_id": "948743",
    "movie_id": "21440"
  },
  {
    "review": "근대의 외피, 근대의 가족을 기존의 원혼개념으로 재무장한 영화",
    "date": "06.07.31",
    "rating": "10",
    "author": "donj****",
    "review_id": "946959",
    "movie_id": "21440"
  }
]