[
  {
    "review": "완전 재미있게. 봤어요. 코미디 ㅋㅋ",
    "date": "14.02.13",
    "rating": "10",
    "author": "dbsw****",
    "review_id": "8504154",
    "movie_id": "21451"
  },
  {
    "review": "생각보다 잘만들어진 영화~~ 1960년대의 생활상을 잘 보여주고 있는 영화~!",
    "date": "14.02.13",
    "rating": "10",
    "author": "ralr****",
    "review_id": "8502513",
    "movie_id": "21451"
  },
  {
    "review": "60년대영화인데 몰입도가 좋다",
    "date": "14.02.13",
    "rating": "7",
    "author": "elem****",
    "review_id": "8502438",
    "movie_id": "21451"
  },
  {
    "review": "60년대 셀러리맨들의 생활을 생생히 보여주는 역작",
    "date": "13.09.30",
    "rating": "10",
    "author": "came****",
    "review_id": "8023417",
    "movie_id": "21451"
  },
  {
    "review": "마부, 박서방등 김승호 출연작품중에서는 가장 떨어지는 작품이네요....별로 인상적이지 못한 작품입니다.",
    "date": "13.06.24",
    "rating": "6",
    "author": "kom_****",
    "review_id": "7676063",
    "movie_id": "21451"
  },
  {
    "review": "유머가 번뜩이는 계몽영화.",
    "date": "11.12.17",
    "rating": "3",
    "author": "pria****",
    "review_id": "5911124",
    "movie_id": "21451"
  },
  {
    "review": "영희 귀척이 인상깊었음",
    "date": "10.02.07",
    "rating": "5",
    "author": "qmfk****",
    "review_id": "4254513",
    "movie_id": "21451"
  },
  {
    "review": "시대는 달라도 아버지란 존재는 변하지 않는다..",
    "date": "09.11.03",
    "rating": "10",
    "author": "tjdg****",
    "review_id": "3935881",
    "movie_id": "21451"
  },
  {
    "review": "빈틈없는스토리, 깔끔한 편집, 재치와 유모, 위트있는 대사. 너무 훌륭한 명작. 강추",
    "date": "09.08.31",
    "rating": "10",
    "author": "next****",
    "review_id": "3801540",
    "movie_id": "21451"
  },
  {
    "review": "김승호, 김희갑..거의 50년전의 시대상을 재밌게 엿볼수 있다. 필감.",
    "date": "09.04.19",
    "rating": "7",
    "author": "acin****",
    "review_id": "3429539",
    "movie_id": "21451"
  }
]