[
  {
    "review": "세월을 감안하면 무서운게 상상을 초월하겠지만... 지금은 그냥 유치함이 느껴진다...",
    "date": "13.07.17",
    "rating": "7",
    "author": "pass****",
    "review_id": "7753261",
    "movie_id": "21450"
  },
  {
    "review": "어렸을적 극장에서 볼때는 너무나도 무서웠는데 지금보니 이건머 ..ㅋㅋ 우습네요..^^",
    "date": "13.04.12",
    "rating": "10",
    "author": "cap1****",
    "review_id": "7453498",
    "movie_id": "21450"
  },
  {
    "review": "고전 한국호러가 DVD로 발매되는건 넘 큰 기댄가보다. 이게 울나라 현실.",
    "date": "12.06.25",
    "rating": "7",
    "author": "medu****",
    "review_id": "6414422",
    "movie_id": "21450"
  },
  {
    "review": "어렸을적 정말 잼있게 봤었는데...다시보고 싶다..",
    "date": "11.04.25",
    "rating": "6",
    "author": "thra****",
    "review_id": "5391218",
    "movie_id": "21450"
  },
  {
    "review": "한 중 일..세 나라공포이야기..신선하고 은근무섭고 볼만햇다!!",
    "date": "10.09.11",
    "rating": "10",
    "author": "zmfp****",
    "review_id": "4828439",
    "movie_id": "21450"
  },
  {
    "review": "삼국여한 구할수 있는곳 아시분좀 쪽지로좀 부탁드립니다",
    "date": "10.01.28",
    "rating": "9",
    "author": "newk****",
    "review_id": "4215867",
    "movie_id": "21450"
  },
  {
    "review": "진짜 충격적 작품이었죠. 영화의 리메이크와 원본의 리마스터링을 원합니다.",
    "date": "09.09.25",
    "rating": "10",
    "author": "yoll****",
    "review_id": "3849191",
    "movie_id": "21450"
  },
  {
    "review": "한국공포작 5대손안에 꼽힌다는 삼국여한을 보았는데 생각보다 잘만들어진 작품!",
    "date": "09.02.04",
    "rating": "9",
    "author": "rain****",
    "review_id": "3278382",
    "movie_id": "21450"
  },
  {
    "review": "옴니버스 호러물로 한국 호러물중 최고의 영화가 아닐까...",
    "date": "06.12.26",
    "rating": "10",
    "author": "smil****",
    "review_id": "1331642",
    "movie_id": "21450"
  }
]