[
  {
    "review": "재미있는데 외 ㅋㅋ 한 걸까/?",
    "date": "13.11.06",
    "rating": "10",
    "author": "skoh****",
    "review_id": "8119420",
    "movie_id": "21467"
  },
  {
    "review": "안봐서 모르니까 1점줘야지",
    "date": "12.11.30",
    "rating": "1",
    "author": "solv****",
    "review_id": "6946935",
    "movie_id": "21467"
  },
  {
    "review": "안봤는데 나 혼자 참여해서 10점 만들어야지~!",
    "date": "12.11.24",
    "rating": "10",
    "author": "pjhy****",
    "review_id": "6922360",
    "movie_id": "21467"
  }
]