[
  {
    "review": "시대를 투영한 진정한 한국영화~ 어릴적 많이 울었던...",
    "date": "15.04.25",
    "rating": "8",
    "author": "midm****",
    "review_id": "9867706",
    "movie_id": "21475"
  },
  {
    "review": "간만에 눈물 펑펑.. 아이고야.. 어떻게해요.. 멈추질 않아요..",
    "date": "13.09.17",
    "rating": "10",
    "author": "akdr****",
    "review_id": "7989205",
    "movie_id": "21475"
  },
  {
    "review": "정말슬픈영화에요",
    "date": "12.07.03",
    "rating": "10",
    "author": "dptn****",
    "review_id": "6442579",
    "movie_id": "21475"
  },
  {
    "review": "정말슬픈영화에요",
    "date": "11.02.24",
    "rating": "10",
    "author": "phjk****",
    "review_id": "5272636",
    "movie_id": "21475"
  },
  {
    "review": "찐따",
    "date": "11.02.19",
    "rating": "1",
    "author": "dlrd****",
    "review_id": "5256073",
    "movie_id": "21475"
  },
  {
    "review": "정말슬픈영화에요",
    "date": "08.09.05",
    "rating": "10",
    "author": "qokd****",
    "review_id": "2923799",
    "movie_id": "21475"
  }
]