[
  {
    "review": "아능것이 힘! 배워야 산드앙!",
    "date": "15.05.13",
    "rating": "7",
    "author": "chae****",
    "review_id": "9913820",
    "movie_id": "21476"
  },
  {
    "review": "시대적인 작품이라 지금 보면 좀 그렇죠.",
    "date": "15.02.21",
    "rating": "7",
    "author": "band****",
    "review_id": "9721503",
    "movie_id": "21476"
  },
  {
    "review": "너무지루함 개인적으로 감동적인 이야기는 좋아하지만 목소맄ㅋㅋㅋㅋㅋ",
    "date": "12.06.25",
    "rating": "1",
    "author": "toil****",
    "review_id": "6416315",
    "movie_id": "21476"
  },
  {
    "review": "꽤 재미있네요",
    "date": "11.07.31",
    "rating": "6",
    "author": "sjhy****",
    "review_id": "5585619",
    "movie_id": "21476"
  },
  {
    "review": "찡하군요",
    "date": "10.08.22",
    "rating": "10",
    "author": "imkc****",
    "review_id": "4778064",
    "movie_id": "21476"
  },
  {
    "review": "안봤지만 재밌을듯하네요",
    "date": "10.08.21",
    "rating": "10",
    "author": "bsky****",
    "review_id": "4774137",
    "movie_id": "21476"
  },
  {
    "review": "찡하네요..",
    "date": "07.09.10",
    "rating": "10",
    "author": "drag****",
    "review_id": "2013032",
    "movie_id": "21476"
  }
]