[
  {
    "review": "이런 작품수준이 지금 나올수가 있을까,  정말 대단한 작품. 진심으로 머릴 숙인다",
    "date": "10.10.10",
    "rating": "10",
    "author": "myka****",
    "review_id": "4896380",
    "movie_id": "21509"
  },
  {
    "review": "신선한 스토리였지만 밋밋하게 표현한 것 같다, 하지만 마지막 장면은 좋았다.",
    "date": "08.02.04",
    "rating": "8",
    "author": "godj****",
    "review_id": "2406466",
    "movie_id": "21509"
  },
  {
    "review": "ebs를 사랑할 수밖에 없는 이유, 지금봐도 세련되고 좋았음.",
    "date": "08.02.04",
    "rating": "10",
    "author": "0109****",
    "review_id": "2406440",
    "movie_id": "21509"
  }
]