[
  {
    "review": "80년대 전반에 이만한 중국 결작영화가 있을까? 물론 후반에 <영웅본색>, <천녀유혼> 및 왕가위의 걸작영화들이 등장하지만 그 이전 영화로는 단연 최고다.",
    "date": "15.06.04",
    "rating": "10",
    "author": "mall****",
    "review_id": "9975081",
    "movie_id": "21512"
  },
  {
    "review": "진짜 울나라 만드거임?",
    "date": "15.02.23",
    "rating": "10",
    "author": "chpa****",
    "review_id": "9732817",
    "movie_id": "21512"
  },
  {
    "review": "현란한 칼솜씨와 닌자들의 향연, 중량감있는 BG 어벤져스처럼 그냥 난다 중원조폭영화 같기도. 신음파 미야모토가 이기네",
    "date": "15.01.19",
    "rating": "8",
    "author": "ador****",
    "review_id": "9614319",
    "movie_id": "21512"
  },
  {
    "review": "82년작이나 90년대  신무협보다 더 현란하고 스펙타클함! 꼭 보심",
    "date": "14.07.03",
    "rating": "9",
    "author": "cats****",
    "review_id": "8877551",
    "movie_id": "21512"
  },
  {
    "review": "와이어 액션의 진수를 보여주는 영화.  서사만 좀 더 강렬하게 갖춘 영화였다면 명작의 반열에 충분히 올랐을거라고 본다.",
    "date": "14.04.22",
    "rating": "8",
    "author": "hack****",
    "review_id": "8665745",
    "movie_id": "21512"
  },
  {
    "review": "요새 나온거 보다 훨 재밌으니 보시라",
    "date": "13.08.25",
    "rating": "9",
    "author": "lion****",
    "review_id": "7920820",
    "movie_id": "21512"
  },
  {
    "review": "무협영화 탑3",
    "date": "12.11.24",
    "rating": "10",
    "author": "horo****",
    "review_id": "6921601",
    "movie_id": "21512"
  },
  {
    "review": "킬링타임용으로 적절하군",
    "date": "12.09.29",
    "rating": "6",
    "author": "guev****",
    "review_id": "6742830",
    "movie_id": "21512"
  },
  {
    "review": "코스프레한 중국인들끼리 북치고 장구치고",
    "date": "12.09.18",
    "rating": "2",
    "author": "rd72****",
    "review_id": "6711615",
    "movie_id": "21512"
  },
  {
    "review": "왕호가 아무리 한국인이지만.... 서소강 앞에 나오나....그리고 유송인 이름도 누락되었네..엄밀히 이 영화는 유송인, 서소강 투톱 영화인데...",
    "date": "12.08.21",
    "rating": "9",
    "author": "whyk****",
    "review_id": "6632098",
    "movie_id": "21512"
  },
  {
    "review": "역시 정소동  많이 촌스럽지만 만든 년도를 감안하면 최고다",
    "date": "12.06.17",
    "rating": "8",
    "author": "tlsg****",
    "review_id": "6396682",
    "movie_id": "21512"
  },
  {
    "review": "요즘의 일부 같잖은 무협영화보다 베리굿. 배경음악과 박력넘치는 액션. 특히 마지막",
    "date": "12.06.08",
    "rating": "9",
    "author": "yijg****",
    "review_id": "6375169",
    "movie_id": "21512"
  },
  {
    "review": "30년전에 이런 영화를...",
    "date": "12.04.23",
    "rating": "9",
    "author": "b438****",
    "review_id": "6240723",
    "movie_id": "21512"
  },
  {
    "review": "82년작임을 감안할때 최고의 무협 영화",
    "date": "12.04.20",
    "rating": "10",
    "author": "ksbc****",
    "review_id": "6235084",
    "movie_id": "21512"
  },
  {
    "review": "평범했던 무협영화...이 영화는 이쁜 장천애밖에 기억에 남지 않는다..",
    "date": "12.04.16",
    "rating": "5",
    "author": "thra****",
    "review_id": "6226622",
    "movie_id": "21512"
  },
  {
    "review": "한마디로 멋진 영화.리메이크하면 좋겠슴 쥑인다~~~",
    "date": "10.11.04",
    "rating": "9",
    "author": "khbk****",
    "review_id": "4938025",
    "movie_id": "21512"
  },
  {
    "review": "지금봐도 어색하지 않고 오히려 더 새롭다.",
    "date": "10.10.02",
    "rating": "10",
    "author": "panm****",
    "review_id": "4879758",
    "movie_id": "21512"
  },
  {
    "review": "안봤으면 말을 하지마세요 ㅎㅎ 강추~~!!",
    "date": "10.08.27",
    "rating": "10",
    "author": "kwok****",
    "review_id": "4795362",
    "movie_id": "21512"
  },
  {
    "review": "갖가지 닌자기술과 특히 자살바위에서의 라스트 대결이 압권인 고전 걸작 무협물",
    "date": "10.08.20",
    "rating": "8",
    "author": "gall****",
    "review_id": "4769536",
    "movie_id": "21512"
  },
  {
    "review": "베스트오브베스트~넘 멋찐검술영화다!",
    "date": "10.03.22",
    "rating": "10",
    "author": "zmfp****",
    "review_id": "4376200",
    "movie_id": "21512"
  },
  {
    "review": "마지막 대결 진짜 죽음이다. 요즘 무협은 애들 장난이다.",
    "date": "09.04.16",
    "rating": "10",
    "author": "vbnm****",
    "review_id": "3424684",
    "movie_id": "21512"
  },
  {
    "review": "쩐다",
    "date": "09.02.14",
    "rating": "8",
    "author": "reat****",
    "review_id": "3302304",
    "movie_id": "21512"
  },
  {
    "review": "무협영화가 갖춰야 할 모든 것을 갖춘 박력액션물",
    "date": "08.08.19",
    "rating": "9",
    "author": "k4he****",
    "review_id": "2886125",
    "movie_id": "21512"
  },
  {
    "review": "bad",
    "date": "07.10.21",
    "rating": "1",
    "author": "cles****",
    "review_id": "2103504",
    "movie_id": "21512"
  },
  {
    "review": "무협 영화의 종합선물셋트.  남자는 왜, 싸워야 하는가?",
    "date": "07.08.20",
    "rating": "10",
    "author": "koon****",
    "review_id": "1962020",
    "movie_id": "21512"
  },
  {
    "review": "ok",
    "date": "07.01.30",
    "rating": "2",
    "author": "kcch****",
    "review_id": "1427748",
    "movie_id": "21512"
  },
  {
    "review": "bad",
    "date": "07.01.08",
    "rating": "1",
    "author": "ysuh****",
    "review_id": "1366408",
    "movie_id": "21512"
  },
  {
    "review": "무협이 누릴수 있는 모든걸 간직한 소중한 명작",
    "date": "06.09.26",
    "rating": "9",
    "author": "jals****",
    "review_id": "1144152",
    "movie_id": "21512"
  },
  {
    "review": "왜 정소동인가를 알수 있을만큼 수작. 에러들은 82년 감안",
    "date": "05.10.22",
    "rating": "8",
    "author": "zjoj****",
    "review_id": "450477",
    "movie_id": "21512"
  },
  {
    "review": "지금봐도 대단한 속도감의 검술영화의 걸작",
    "date": "05.10.16",
    "rating": "10",
    "author": "thom****",
    "review_id": "445164",
    "movie_id": "21512"
  },
  {
    "review": "매력있는 영화, 마지막 장면이 압권이다.",
    "date": "05.07.19",
    "rating": "8",
    "author": "nice****",
    "review_id": "327606",
    "movie_id": "21512"
  },
  {
    "review": "개봉 당시로 본다면 무협느와르의 극치",
    "date": "05.07.06",
    "rating": "10",
    "author": "hoon****",
    "review_id": "314286",
    "movie_id": "21512"
  },
  {
    "review": "네이버영화설명은 한국어더빙판내용?? 고려가아니라 중국임",
    "date": "05.02.08",
    "rating": "7",
    "author": "ssun****",
    "review_id": "213129",
    "movie_id": "21512"
  },
  {
    "review": "본 지가 OO이 넘었는데 마지막 장면 잊혀지지가 않음 ㅎ;",
    "date": "04.12.31",
    "rating": "10",
    "author": "mono****",
    "review_id": "173549",
    "movie_id": "21512"
  },
  {
    "review": "어렸을때 3번이나 본영화 지금도 멋진영화 꼭 보시길",
    "date": "04.11.21",
    "rating": "10",
    "author": "aleg****",
    "review_id": "149628",
    "movie_id": "21512"
  },
  {
    "review": "촬영지중한곳이 부산의 태종대..",
    "date": "04.09.15",
    "rating": "8",
    "author": "novi****",
    "review_id": "109041",
    "movie_id": "21512"
  },
  {
    "review": "놓친다면 정말 후회될 영화!",
    "date": "04.07.05",
    "rating": "10",
    "author": "serf****",
    "review_id": "65800",
    "movie_id": "21512"
  },
  {
    "review": "고전 칼부림 액션의 진수",
    "date": "04.02.07",
    "rating": "9",
    "author": "rood****",
    "review_id": "17330",
    "movie_id": "21512"
  }
]