[
  {
    "review": "ㅋ",
    "date": "13.02.17",
    "rating": "10",
    "author": "junh****",
    "review_id": "7274727",
    "movie_id": "21532"
  },
  {
    "review": "1992년임에도 영화수준은 이렇다. 연기못하는 분들의 집합...",
    "date": "10.03.24",
    "rating": "2",
    "author": "cmh4****",
    "review_id": "4382631",
    "movie_id": "21532"
  },
  {
    "review": "애로에 가까운 멜로.,배우 하재영을 볼 수 있다.",
    "date": "10.02.11",
    "rating": "4",
    "author": "dma9****",
    "review_id": "4267986",
    "movie_id": "21532"
  },
  {
    "review": "고전영화 랍니다.",
    "date": "09.03.23",
    "rating": "5",
    "author": "evil****",
    "review_id": "3382088",
    "movie_id": "21532"
  }
]