[
  {
    "review": "그냥 호기심에 보게 됐는데 이야기가 정겹고 참 맛깔나네요^^ 천연덕스러운 연기들도 너무 재밌었구요.  무엇보다도 아주 오래된 영화인데도 말투나 그런 것들이 지금과 별반 다를 것이 없어서 의외이기도 했어요 ㅎ",
    "date": "14.11.04",
    "rating": "10",
    "author": "mawi****",
    "review_id": "9341276",
    "movie_id": "21538"
  },
  {
    "review": "당시 환경으로 정말 잘 만든 영화 같아요!배우 연기 도 맛깔나고 카메라 촬영효과도 다양하고..재밌게 본 것 같습니다.^^",
    "date": "13.06.03",
    "rating": "10",
    "author": "yys7****",
    "review_id": "7576390",
    "movie_id": "21538"
  },
  {
    "review": "이야기 전개 자체는 허접",
    "date": "10.02.09",
    "rating": "5",
    "author": "qmfk****",
    "review_id": "4264273",
    "movie_id": "21538"
  },
  {
    "review": "아무생각없이 봤는데 재미있네요! 그 시절 배우들 정말 연기잘하네요...",
    "date": "09.04.25",
    "rating": "10",
    "author": "hera****",
    "review_id": "3439108",
    "movie_id": "21538"
  },
  {
    "review": "중간에 푸른문의백룔이랑브,ㄹ랙매지션이랑ㄲ싸워요는 훼이크고 내가 어떻게 알아.",
    "date": "08.08.06",
    "rating": "10",
    "author": "kdm2****",
    "review_id": "2840689",
    "movie_id": "21538"
  },
  {
    "review": "이 영화 어떻게 봅니까  보는 방법좀....",
    "date": "08.05.24",
    "rating": "10",
    "author": "jacy****",
    "review_id": "2658878",
    "movie_id": "21538"
  },
  {
    "review": "섬세한 표정으로 만드는 꾀와 심술, 혈연과 인연의 가치를 깨닫게해준다.",
    "date": "08.02.27",
    "rating": "10",
    "author": "tjdg****",
    "review_id": "2487332",
    "movie_id": "21538"
  },
  {
    "review": "60년대초 서민들의 모습.. 김희갑 구봉서 황정순 최은희 젊은 모습도..",
    "date": "07.07.06",
    "rating": "9",
    "author": "cath****",
    "review_id": "1751378",
    "movie_id": "21538"
  }
]