[
  {
    "review": "당대 최고 스타들의 작품이 아닌가?",
    "date": "15.06.30",
    "rating": "10",
    "author": "ske4****",
    "review_id": "10055931",
    "movie_id": "21535"
  },
  {
    "review": "아니 이걸 남기남???",
    "date": "15.06.11",
    "rating": "10",
    "author": "soji****",
    "review_id": "9988832",
    "movie_id": "21535"
  },
  {
    "review": "알바는 존재한다.",
    "date": "12.04.09",
    "rating": "1",
    "author": "iiii****",
    "review_id": "6204578",
    "movie_id": "21535"
  },
  {
    "review": "밑에 6분 다 알바나??",
    "date": "12.04.08",
    "rating": "1",
    "author": "shsh****",
    "review_id": "6201642",
    "movie_id": "21535"
  },
  {
    "review": "해아좋 를자녀 은울서",
    "date": "11.07.28",
    "rating": "10",
    "author": "im40****",
    "review_id": "5576720",
    "movie_id": "21535"
  },
  {
    "review": "거울속에 나를보면 정말행복해~",
    "date": "10.01.26",
    "rating": "10",
    "author": "sale****",
    "review_id": "4212260",
    "movie_id": "21535"
  },
  {
    "review": "자꾸자꾸 예뻐지면 나는 어떡해?",
    "date": "07.08.01",
    "rating": "10",
    "author": "hb97****",
    "review_id": "1836937",
    "movie_id": "21535"
  },
  {
    "review": "미녀는 석류를 좋아해",
    "date": "07.05.06",
    "rating": "10",
    "author": "hell****",
    "review_id": "1624214",
    "movie_id": "21535"
  },
  {
    "review": "미녀는 석류를좋아해",
    "date": "06.08.21",
    "rating": "10",
    "author": "rom9****",
    "review_id": "1064212",
    "movie_id": "21535"
  }
]