[
  {
    "review": "이 시대에 잠깐만이라도, 살아 봤으면 하는 소망이 있네여~!",
    "date": "15.07.20",
    "rating": "10",
    "author": "scud****",
    "review_id": "10124551",
    "movie_id": "21540"
  },
  {
    "review": "이영화가 56년도에만들어진 한국영화라니.... 요새  한국고전에 빠져지낸다  그시절 생활상을 볼수있는좋은기회",
    "date": "13.07.24",
    "rating": "9",
    "author": "came****",
    "review_id": "7779836",
    "movie_id": "21540"
  },
  {
    "review": "서울의 노는 날. 네개의 가정과 한개의 살인사건! 근데 이게 50년대!",
    "date": "13.01.09",
    "rating": "10",
    "author": "budg****",
    "review_id": "7095625",
    "movie_id": "21540"
  },
  {
    "review": "옛 서울의 모습을 볼 수 있어서 즐거웠음EBS에서 한건 컬러 복원판이었던것 같은데 돌아다니는 파일은 흑백판이네요",
    "date": "12.09.25",
    "rating": "10",
    "author": "pres****",
    "review_id": "6731158",
    "movie_id": "21540"
  },
  {
    "review": "아무리 예전 영화라도, 배우의 연기가 어색함을 넘어 괴기스럽기까지 하다.",
    "date": "11.10.31",
    "rating": "4",
    "author": "boyc****",
    "review_id": "5820357",
    "movie_id": "21540"
  },
  {
    "review": "1956년작이라는게 믿기지 않을 정도로 세련되고 잘 짜여진 영화!",
    "date": "11.06.06",
    "rating": "9",
    "author": "insi****",
    "review_id": "5469180",
    "movie_id": "21540"
  },
  {
    "review": "당시의 정서를 모르니 평가가 불가능하지만, 수작임은 틀림없다.",
    "date": "11.03.16",
    "rating": "10",
    "author": "pols****",
    "review_id": "5317374",
    "movie_id": "21540"
  },
  {
    "review": "옛날 한국영화치곤 재미있는편",
    "date": "10.02.13",
    "rating": "6",
    "author": "qmfk****",
    "review_id": "4277856",
    "movie_id": "21540"
  },
  {
    "review": "은근히 재미있게 잘 본 영화 한국전쟁후 6년뒤의 서울시대상이 잘 나타나 있음",
    "date": "09.10.14",
    "rating": "10",
    "author": "sidv****",
    "review_id": "3892114",
    "movie_id": "21540"
  },
  {
    "review": "50년대의 영화라니. 기대이상이였습니다.",
    "date": "08.11.13",
    "rating": "9",
    "author": "neei****",
    "review_id": "3047370",
    "movie_id": "21540"
  },
  {
    "review": "진행의 속도라든지액션씬 그리고 영상미가 뛰어난 작품입니다..",
    "date": "08.11.12",
    "rating": "10",
    "author": "sher****",
    "review_id": "3046826",
    "movie_id": "21540"
  },
  {
    "review": "좋은영화던데..아깝네요...50년대 서울 모습이 너무나도 아름다웟습니다.",
    "date": "08.11.10",
    "rating": "10",
    "author": "caba****",
    "review_id": "3043932",
    "movie_id": "21540"
  },
  {
    "review": "귀중한 50년대 서울의 풍경. 이 귀중한 필름이 왜 썩고있어야 하나..빨리 dvd로..제발",
    "date": "08.11.10",
    "rating": "10",
    "author": "arno****",
    "review_id": "3043133",
    "movie_id": "21540"
  },
  {
    "review": "서울판 '로마의 휴일' 원작의 반이라도 닮았으면",
    "date": "06.07.15",
    "rating": "2",
    "author": "okjo****",
    "review_id": "893050",
    "movie_id": "21540"
  }
]