[
  {
    "review": "선우일란의 육덕을 찬양하라!",
    "date": "13.06.13",
    "rating": "3",
    "author": "pont****",
    "review_id": "7631948",
    "movie_id": "21563"
  },
  {
    "review": "설마가 사람 잡았다",
    "date": "07.10.26",
    "rating": "2",
    "author": "deff****",
    "review_id": "2112485",
    "movie_id": "21563"
  },
  {
    "review": "헌국영화의 암흑기",
    "date": "07.02.03",
    "rating": "6",
    "author": "zeed****",
    "review_id": "1437816",
    "movie_id": "21563"
  }
]