[
  {
    "review": "사십여전전 이 영화를 보고 너무 무서웠던....잠자려고 눈을 감으면 영화의 한장면처럼 천장을 뚫고 귀신이 나올것같은 생각에 잠을 이루지 못했던 그 영화 ~ ~",
    "date": "15.03.31",
    "rating": "10",
    "author": "afin****",
    "review_id": "9818047",
    "movie_id": "21565"
  },
  {
    "review": "어릴적본기억이30년이 훨씬지난지금도 무섭게기억나는영화",
    "date": "10.08.09",
    "rating": "10",
    "author": "came****",
    "review_id": "4725505",
    "movie_id": "21565"
  }
]