[
  {
    "review": "ㅋㅋ뭐지...진짜갑옷입고해야하나 스케일큰영화도아니고",
    "date": "14.12.27",
    "rating": "10",
    "author": "jang****",
    "review_id": "9523619",
    "movie_id": "21586"
  },
  {
    "review": "뭐때매 1점 주는거..",
    "date": "14.11.20",
    "rating": "10",
    "author": "cym2****",
    "review_id": "9403865",
    "movie_id": "21586"
  },
  {
    "review": "평점이 왜이려? 무조건 순신이 형나오면 10찍어야지",
    "date": "14.11.16",
    "rating": "10",
    "author": "rlat****",
    "review_id": "9388931",
    "movie_id": "21586"
  },
  {
    "review": "저도 무개념때매 해줌 ㅋㅋ",
    "date": "14.10.03",
    "rating": "10",
    "author": "soun****",
    "review_id": "9258905",
    "movie_id": "21586"
  },
  {
    "review": "플라스틱 갑옷 때문에 1점드림",
    "date": "14.09.12",
    "rating": "1",
    "author": "pert****",
    "review_id": "9207183",
    "movie_id": "21586"
  },
  {
    "review": "밑에 무개념때매 해줌 ㅇㅇㅇ",
    "date": "14.08.20",
    "rating": "10",
    "author": "ingd****",
    "review_id": "9114631",
    "movie_id": "21586"
  },
  {
    "review": "잉 재미없을거 같앙ㅠㅠ 엣날이순신영화",
    "date": "14.08.15",
    "rating": "1",
    "author": "bear****",
    "review_id": "9091844",
    "movie_id": "21586"
  }
]