[
  {
    "review": "재밌다",
    "date": "12.04.12",
    "rating": "10",
    "author": "l335****",
    "review_id": "6213406",
    "movie_id": "21580"
  },
  {
    "review": "제목 한번 잘지었다. 그러나... 지루함은 어쩔겨?",
    "date": "11.08.20",
    "rating": "7",
    "author": "alch****",
    "review_id": "5671796",
    "movie_id": "21580"
  },
  {
    "review": "고전한국영화중에 하나다.볼만함",
    "date": "09.09.22",
    "rating": "8",
    "author": "dma9****",
    "review_id": "3844969",
    "movie_id": "21580"
  }
]