[
  {
    "review": "고전물 짱이네요 예전향수가 물신풍기네요",
    "date": "15.04.06",
    "rating": "10",
    "author": "krnd****",
    "review_id": "9832037",
    "movie_id": "21609"
  },
  {
    "review": "지구를 지키던 데일리 누나 왜그랬어? ㅠ ㅠ 실망이얌",
    "date": "14.12.15",
    "rating": "1",
    "author": "kimk****",
    "review_id": "9475571",
    "movie_id": "21609"
  },
  {
    "review": "천은경..요즘 떴다면 대형 스타감인데...",
    "date": "13.10.31",
    "rating": "4",
    "author": "expr****",
    "review_id": "8103297",
    "movie_id": "21609"
  }
]