[
  {
    "review": "원작 내용을 떠나서 영화 자체의 완성도가 뛰어남. 이런영화는 현재는 물론이고 앞으로도 나올 수 없을듯.",
    "date": "14.10.29",
    "rating": "10",
    "author": "vuen****",
    "review_id": "9326674",
    "movie_id": "21610"
  },
  {
    "review": "이런영화는진짜에바 왜만듬?ㅋㅋ",
    "date": "14.07.31",
    "rating": "1",
    "author": "axcv****",
    "review_id": "8990281",
    "movie_id": "21610"
  },
  {
    "review": "순수함이 너무 잘 담겨있습니다 또한 한국영화라 다른나라영화에비해 더욱 잘 와닿습니다이런 영화를 볼수있어서 행복합니다",
    "date": "14.05.31",
    "rating": "10",
    "author": "rlar****",
    "review_id": "8779061",
    "movie_id": "21610"
  },
  {
    "review": "10년후에봐도감동이더해질듯합니다~",
    "date": "14.05.04",
    "rating": "10",
    "author": "hnv1****",
    "review_id": "8702198",
    "movie_id": "21610"
  },
  {
    "review": "초등학교 4학년때 단체관람 했었는데 그때는 머 이렇다할 느낌이 없었는데 지금 디시 보니 명작이고 가슴이 왜 이렇게 여미는지 모르겠네요",
    "date": "14.05.03",
    "rating": "10",
    "author": "kiss****",
    "review_id": "8698461",
    "movie_id": "21610"
  },
  {
    "review": "영상미가 돋보이는 잔잔한 영화~! 주연 여배우가 어쩜 그리도 예뻤는지...!",
    "date": "14.05.01",
    "rating": "10",
    "author": "ponn****",
    "review_id": "8689191",
    "movie_id": "21610"
  },
  {
    "review": "저 시대 영화들 배경을보면 신선함이 느껴져서 좋다신선한 풀내음 시각적 공해없는뷰  들바람에 나부끼는 나뭇잎에서는 시원한 청량감이 그대로 느껴진다.",
    "date": "14.05.01",
    "rating": "8",
    "author": "wizk****",
    "review_id": "8686956",
    "movie_id": "21610"
  },
  {
    "review": "몇OO이지났어도 기억나는 영화~",
    "date": "14.05.01",
    "rating": "10",
    "author": "hkhs****",
    "review_id": "8686668",
    "movie_id": "21610"
  },
  {
    "review": "영화 좋네요....감동이.",
    "date": "14.04.29",
    "rating": "10",
    "author": "joun****",
    "review_id": "8682531",
    "movie_id": "21610"
  },
  {
    "review": "내 사춘기에 불을 짚힌 영화...조윤숙때문에 잠도 못자고 설레이곤 했었는데 지금쯤 뭐하고 있을까?",
    "date": "14.04.29",
    "rating": "9",
    "author": "epff****",
    "review_id": "8681205",
    "movie_id": "21610"
  },
  {
    "review": "그랬죠..1979년이면 국민학교 2학년때..촬영지가 충북 영동군 이라는데.. 기억속의 내고향 풍경이랑 너무 흡사해..다신 볼 수 없는 풍경이라 더 짠 합니다",
    "date": "14.04.28",
    "rating": "10",
    "author": "lik1****",
    "review_id": "8679139",
    "movie_id": "21610"
  },
  {
    "review": "옛날 그때는 국민학교 로 부르던 시절 ,, 영화 속 학교 풍경 책,걸상 책가방 학생들의 옷 차림 그 시절에 내 모습이 생각났어요. 다시 못 올 나의 어린시절 그 때를 그려봅니다.",
    "date": "14.04.28",
    "rating": "10",
    "author": "6541****",
    "review_id": "8679096",
    "movie_id": "21610"
  },
  {
    "review": "주인공 아빠가 씨름하는 장면 웃겨서 쓰러졌네요",
    "date": "14.04.28",
    "rating": "7",
    "author": "kyki****",
    "review_id": "8679075",
    "movie_id": "21610"
  },
  {
    "review": "아주 오래됐지만 여전히 가슴속 한켠에 남아있다",
    "date": "14.04.28",
    "rating": "10",
    "author": "kjon****",
    "review_id": "8679047",
    "movie_id": "21610"
  },
  {
    "review": "참 잔망스럽고 에로틱한 소나기이다..",
    "date": "14.04.28",
    "rating": "8",
    "author": "5292****",
    "review_id": "8679043",
    "movie_id": "21610"
  },
  {
    "review": "내나이 60   지금 봐도 코끝이 찡합니다",
    "date": "14.04.28",
    "rating": "10",
    "author": "jhn9****",
    "review_id": "8679012",
    "movie_id": "21610"
  },
  {
    "review": "지금  ebs에서 또 하네에요..",
    "date": "14.04.28",
    "rating": "10",
    "author": "jimu****",
    "review_id": "8678999",
    "movie_id": "21610"
  },
  {
    "review": "순수. 정말 깨끗함을 봤습니다. 어릴적 추억.. 고맙습니다.",
    "date": "14.04.28",
    "rating": "10",
    "author": "dlgh****",
    "review_id": "8678922",
    "movie_id": "21610"
  },
  {
    "review": "이거 참 명작이지.. 특히 소나기씬은 최고",
    "date": "14.04.28",
    "rating": "10",
    "author": "sang****",
    "review_id": "8678906",
    "movie_id": "21610"
  },
  {
    "review": "소설보다 더 잘만든것 같네요.",
    "date": "14.04.28",
    "rating": "10",
    "author": "curi****",
    "review_id": "8678904",
    "movie_id": "21610"
  },
  {
    "review": "향수를 느낄수있어 좋았습니다",
    "date": "14.04.27",
    "rating": "10",
    "author": "jsmf****",
    "review_id": "8678885",
    "movie_id": "21610"
  },
  {
    "review": "별로. 걍 홍어같달까?",
    "date": "14.04.27",
    "rating": "1",
    "author": "xorb****",
    "review_id": "8676618",
    "movie_id": "21610"
  },
  {
    "review": "잘 봤어요~ 정말 좋은데요?",
    "date": "14.04.21",
    "rating": "10",
    "author": "kimh****",
    "review_id": "8664840",
    "movie_id": "21610"
  },
  {
    "review": "6학년 국어책에도 나왔었던 드라마 소나기 . 국어책에는 간단한 줄거리만 나와있지만 다시보면 잊지못할 드라마 인 것 같다 .　소녀와 소년의 어색하면서도 풋풋한 사랑이야기가 이어지는 듯 했지만 끝내 소녀가 죽음을 맞이하니 슬플 따름이다 . 참 감명깊었다.",
    "date": "14.03.26",
    "rating": "10",
    "author": "bydo****",
    "review_id": "8607885",
    "movie_id": "21610"
  },
  {
    "review": "원작의 성인버전같은 느낌이 단점이자 장점으로 묘하게 사춘기때나를 잠못들게 했던영화  어떠한 비판도 배우조윤숙으로 인해 용서가될수있는 다시볼수 없는 내어린시절과 같은영화",
    "date": "14.03.20",
    "rating": "10",
    "author": "alga****",
    "review_id": "8589121",
    "movie_id": "21610"
  },
  {
    "review": "이영화는 한마디로 말해서 전세계 영화 통틀어서가장 위대한 영화다",
    "date": "14.02.26",
    "rating": "10",
    "author": "qwas****",
    "review_id": "8539986",
    "movie_id": "21610"
  },
  {
    "review": "진짜 소낙이거 뮤지컬,영화,소설등으로 전부보고 소나기에 나오는 징검다리도 직접가보았는데 너무 좋아요ㅎ",
    "date": "13.12.24",
    "rating": "10",
    "author": "qudw****",
    "review_id": "8291209",
    "movie_id": "21610"
  },
  {
    "review": "슬프다 하지만 소년과소녀의풋풋한사랑을 엿볼수가있었다",
    "date": "13.12.07",
    "rating": "9",
    "author": "chlw****",
    "review_id": "8196894",
    "movie_id": "21610"
  },
  {
    "review": "너무재밌어요♥",
    "date": "13.09.08",
    "rating": "10",
    "author": "hjse****",
    "review_id": "7960338",
    "movie_id": "21610"
  },
  {
    "review": "ㅠㅠ 슬퍼요요요ㅛㅛ유ㅠㅠ",
    "date": "13.08.31",
    "rating": "10",
    "author": "alls****",
    "review_id": "7937955",
    "movie_id": "21610"
  },
  {
    "review": "행복한 결말로 끝나면 좋았을걸 ㅠㅠ",
    "date": "13.07.29",
    "rating": "10",
    "author": "bayd****",
    "review_id": "7797759",
    "movie_id": "21610"
  },
  {
    "review": "당시엔 몰랐는데 순수함과 에로틱함 동시에 숨겨놓고 있군. 짓궂지만 아련하다. 고함 내지르고 달려나가자 소년",
    "date": "13.07.22",
    "rating": "8",
    "author": "bbq2****",
    "review_id": "7773687",
    "movie_id": "21610"
  },
  {
    "review": "슬프면서도 재미있던...!! 제일감명깊게본영화같아요",
    "date": "13.06.22",
    "rating": "10",
    "author": "obko****",
    "review_id": "7669218",
    "movie_id": "21610"
  },
  {
    "review": "소녀는 정말 캐스팅 잘된거같고 연기를 참 잘해서 굿 다만 소년 캐릭터가안습임 옥의티",
    "date": "13.06.21",
    "rating": "8",
    "author": "ultr****",
    "review_id": "7663603",
    "movie_id": "21610"
  },
  {
    "review": "내 나이 마흔둘. 그런데 열살즈음 티비를 통해서본 이영화를 잊지못한다. 아무것도 모를때 본 영화지만 이렇게 오래 기억된다는건 분명 말로 표현할수없는 무언가 있기 때문이리라. 순수함을 잊고사는 현대인들에게도 소나기가 되어줄수있을까?",
    "date": "13.06.06",
    "rating": "10",
    "author": "7435****",
    "review_id": "7587894",
    "movie_id": "21610"
  },
  {
    "review": "지금 ebs에서  하네여. 좋습니다",
    "date": "13.06.06",
    "rating": "10",
    "author": "wij8****",
    "review_id": "7587777",
    "movie_id": "21610"
  },
  {
    "review": "어린날에 이 영화를 보고 조윤숙이란 배우 땜에 열병을 알았다... 완벽한 캐스팅과 너무나 아름다운 배경 그리고 순수했던 그당시 모습들! 가고싶구나....",
    "date": "13.06.06",
    "rating": "9",
    "author": "sly1****",
    "review_id": "7587706",
    "movie_id": "21610"
  },
  {
    "review": "여자아이 아역 청순하고 정말 아름답네요 79년도의 맑고 아름다운 자연을 대변하는듯한 느낌ㅜㅡ",
    "date": "13.06.06",
    "rating": "9",
    "author": "zize****",
    "review_id": "7587153",
    "movie_id": "21610"
  },
  {
    "review": "정말 대단한작품 수작이네요",
    "date": "13.06.03",
    "rating": "10",
    "author": "pjs1****",
    "review_id": "7576094",
    "movie_id": "21610"
  },
  {
    "review": "최고",
    "date": "13.06.03",
    "rating": "10",
    "author": "rnqj****",
    "review_id": "7574431",
    "movie_id": "21610"
  },
  {
    "review": "아역배우 조윤숙씨 정말 아름답네요. 그린파파야향기 같은 느낌의 영화네요 수작입니다.",
    "date": "13.06.03",
    "rating": "10",
    "author": "bonz****",
    "review_id": "7574381",
    "movie_id": "21610"
  },
  {
    "review": "재미있당~~풍경속 자연도 깨끗하고 친근하다 순수한 느낌*",
    "date": "13.06.03",
    "rating": "10",
    "author": "came****",
    "review_id": "7574334",
    "movie_id": "21610"
  },
  {
    "review": "Ebs 소나기 잘봐습니다 무삭영화네요",
    "date": "13.06.03",
    "rating": "10",
    "author": "kor_****",
    "review_id": "7574333",
    "movie_id": "21610"
  },
  {
    "review": "영화보다 엠비씨 단막극이 훨나은듯.  해방직후가 소설 배경인데 영화속 패션 등은 70년대 스타일인데다가 감정표현도 너무 직설적이라 원작의 풋풋하고 시적인 느낌이 잘 표현되지 못해 아쉬움. 순박의 극치에 꼬질꼬질해야할 남자 아역이 서울애같아 아쉬움.",
    "date": "13.06.03",
    "rating": "6",
    "author": "okst****",
    "review_id": "7574313",
    "movie_id": "21610"
  },
  {
    "review": "아련한 첫사랑 ~~",
    "date": "13.06.03",
    "rating": "10",
    "author": "lhk7****",
    "review_id": "7574311",
    "movie_id": "21610"
  },
  {
    "review": "그리운 그시절 너무나 그립네요",
    "date": "13.06.03",
    "rating": "10",
    "author": "hkw5****",
    "review_id": "7574214",
    "movie_id": "21610"
  },
  {
    "review": "지금 EBS에서 방송 시청중인데요^석이가 주영훈씨라구요? 깜놀요 연기대박이네요^연이역은 배우이름이? 궁금하네요~ㅎ 아주 옛날에 보았던 영화인데 세월이 흘러 지금 다시보니여전히  재밌네요~",
    "date": "13.06.02",
    "rating": "10",
    "author": "pk01****",
    "review_id": "7574204",
    "movie_id": "21610"
  },
  {
    "review": "순수하고재밋네요 저시대에살아보고싶어요",
    "date": "13.06.02",
    "rating": "10",
    "author": "bada****",
    "review_id": "7574201",
    "movie_id": "21610"
  },
  {
    "review": "눈부시게 아름다운 영화입니다. 색감과 영상미가 정말 뛰어나네요. 그 시절 이런 영화를 만들었다는 신기! 프랑스 예술 영화를 보는 듯! 고영남 감독님 진심 천재!  끊임없이 맑고 깨끗한 산천과 구김없는 순수한 아이들을 비추며 동심과 순정을 자극합니다.",
    "date": "13.06.02",
    "rating": "10",
    "author": "drea****",
    "review_id": "7574168",
    "movie_id": "21610"
  },
  {
    "review": "와..",
    "date": "13.06.02",
    "rating": "10",
    "author": "ksy2****",
    "review_id": "7574140",
    "movie_id": "21610"
  },
  {
    "review": "소설의 내용이 워낙 짧다보니 영화로 각색하면서 감독 나름의 재해석이 들어간 듯 하다.  따라서 원작과 영화가 다르게 표현된 점이 많아 원작의 분위기와 느낌을 제대로 표현하지 못했다. 많이 아쉽다.",
    "date": "13.06.02",
    "rating": "6",
    "author": "skyo****",
    "review_id": "7574121",
    "movie_id": "21610"
  },
  {
    "review": "오늘 티비에 하넹 봐야지",
    "date": "13.06.02",
    "rating": "10",
    "author": "love****",
    "review_id": "7571962",
    "movie_id": "21610"
  },
  {
    "review": "굿",
    "date": "13.05.24",
    "rating": "10",
    "author": "jym5****",
    "review_id": "7552531",
    "movie_id": "21610"
  },
  {
    "review": "내 인생의 로망.. 내인생의 파트너 황순원의 소나기. 비록 어렸을 적이라도 나도 한번쯤은 저런 사랑을 해보고싶다는 생각을 했었다.... 이젠 나이들어 불가능하겠지만.순수한 사랑.... 현대 시대는 갈수록 삭막해지는데.. 옛날이 그립다.",
    "date": "13.05.03",
    "rating": "10",
    "author": "cidd****",
    "review_id": "7503795",
    "movie_id": "21610"
  },
  {
    "review": "짱입니다♥♥ㅋㅋ",
    "date": "13.04.11",
    "rating": "10",
    "author": "kgh0****",
    "review_id": "7451781",
    "movie_id": "21610"
  },
  {
    "review": "그대는 진정한사나이",
    "date": "13.04.05",
    "rating": "10",
    "author": "tmji****",
    "review_id": "7437347",
    "movie_id": "21610"
  },
  {
    "review": "굿 마지막에 슬픔",
    "date": "13.03.24",
    "rating": "10",
    "author": "ghdt****",
    "review_id": "7407521",
    "movie_id": "21610"
  },
  {
    "review": "감동 먹었어요...",
    "date": "13.03.18",
    "rating": "10",
    "author": "n794****",
    "review_id": "7361895",
    "movie_id": "21610"
  },
  {
    "review": "교과서에나오길레한번찾아봤는데~재미도있고감동도있는것같아요",
    "date": "13.03.15",
    "rating": "10",
    "author": "whei****",
    "review_id": "7350268",
    "movie_id": "21610"
  },
  {
    "review": "완전 재미",
    "date": "13.03.13",
    "rating": "10",
    "author": "bs09****",
    "review_id": "7344352",
    "movie_id": "21610"
  },
  {
    "review": "근데 어떻게 보지요.....",
    "date": "13.03.12",
    "rating": "8",
    "author": "chol****",
    "review_id": "7342950",
    "movie_id": "21610"
  },
  {
    "review": "넘재밌어요.6학년1학기때나온거랑똑같네요",
    "date": "13.03.12",
    "rating": "10",
    "author": "thwl****",
    "review_id": "7342829",
    "movie_id": "21610"
  },
  {
    "review": "너무재밌어요감동적이고재밌어요추천",
    "date": "13.03.11",
    "rating": "10",
    "author": "thdg****",
    "review_id": "7341803",
    "movie_id": "21610"
  },
  {
    "review": "굿굿저는6학년1학기때밖는데넘~~~~~~~~~~~~~~~~~~~~~~~~~~~~~~~~~~~~~~~~~~~~~~~~~~~~~~~~~~~~~~~~~~~~~~~~~~~~~~~~~~~~~~~~~~~~~~~~~~~~~~~~~~~재미있어요",
    "date": "13.03.11",
    "rating": "10",
    "author": "jj57****",
    "review_id": "7341590",
    "movie_id": "21610"
  },
  {
    "review": "감동ㅜㅜ",
    "date": "13.03.11",
    "rating": "10",
    "author": "sook****",
    "review_id": "7341438",
    "movie_id": "21610"
  },
  {
    "review": "짱!!",
    "date": "13.03.07",
    "rating": "10",
    "author": "leej****",
    "review_id": "7330032",
    "movie_id": "21610"
  },
  {
    "review": "굿",
    "date": "13.03.07",
    "rating": "10",
    "author": "duri****",
    "review_id": "7329959",
    "movie_id": "21610"
  },
  {
    "review": "이드라마. 재미있는듯ㅋㅋㅋㅋㅋㅋㅋㅋㅋ굿짭!!ㅋ!!!!!",
    "date": "13.03.06",
    "rating": "10",
    "author": "kmsk****",
    "review_id": "7328077",
    "movie_id": "21610"
  },
  {
    "review": "정말 좋네요... 그런데 6학년 1학기 듣기말하기쓰기에는 드라마로 나오는데...어쨋든 참 좋게 봤습니다. 아름답고 순수하고... 시골 풍경이...참....좋네요.",
    "date": "13.03.05",
    "rating": "9",
    "author": "zx56****",
    "review_id": "7326069",
    "movie_id": "21610"
  },
  {
    "review": "좋다",
    "date": "13.02.20",
    "rating": "10",
    "author": "tmdf****",
    "review_id": "7284221",
    "movie_id": "21610"
  },
  {
    "review": "순수의미학..... 우리가잊고살던 감각을 일깨워주는 영화입니다.",
    "date": "13.02.17",
    "rating": "10",
    "author": "alsr****",
    "review_id": "7274798",
    "movie_id": "21610"
  },
  {
    "review": "good",
    "date": "13.02.16",
    "rating": "10",
    "author": "koko****",
    "review_id": "7270759",
    "movie_id": "21610"
  },
  {
    "review": "원작을 떠올리면서 보니 더 재밌네요.. 보는 내내 아련한 웃음을 짓게 하는 영화였습니다... 두 소년과 소녀는 영원히 이 영상 속에 아름답게 남아있을 테죠...",
    "date": "13.02.14",
    "rating": "10",
    "author": "dokd****",
    "review_id": "7264197",
    "movie_id": "21610"
  },
  {
    "review": "여주인공이 소녀시대 윤아를 많이 닮은 것 같네요. 어릴적  영화배우를 왜 관뒀는지 아쉽네요. 잘봤습니다.",
    "date": "13.02.01",
    "rating": "10",
    "author": "pret****",
    "review_id": "7209278",
    "movie_id": "21610"
  },
  {
    "review": "ㅋㅋ",
    "date": "13.01.10",
    "rating": "10",
    "author": "chle****",
    "review_id": "7098101",
    "movie_id": "21610"
  },
  {
    "review": "지금 육아방송 채널에서 시청하고 있습니다. 79년도 영화니깐 저기 어린이들은 40대 중반을 넘어가고 있겠네요. 주영훈도 출연진에 있네요^^",
    "date": "12.12.30",
    "rating": "10",
    "author": "youn****",
    "review_id": "7063128",
    "movie_id": "21610"
  },
  {
    "review": "ㅋㅋ남자애 잘생겻다나랑나이대 비슷할주 알앗는데 이십대초중반?검색하니헐ㅡㅡ..79년도영화.;;나이차가 꾀 나긋네요아무튼옛날에귀여운꼬마들이 잇다능게클스마스솔로인기분이확날라가네 캬이거 티비서도해주세요학교다닐태 배운기억잇는데 아 초중딩때로돌아가고 시프니다 ㅠ",
    "date": "12.12.25",
    "rating": "10",
    "author": "2bye****",
    "review_id": "7046140",
    "movie_id": "21610"
  },
  {
    "review": "ㅎㅎ",
    "date": "12.12.16",
    "rating": "10",
    "author": "gkb3****",
    "review_id": "7010882",
    "movie_id": "21610"
  },
  {
    "review": "제 생애 통틀어 가장 아름답고 감동적인 영화 입니다. 제 청소년기의 영혼을 몽땅 빼앗아간 영화. 여주인공 조윤숙님을 보고싶습니다. 그리고 주영훈씨가 이영화에 나왔다는 사실을 최근에야 알았습니다. 너무 소중하고 반갑습니다.",
    "date": "12.12.14",
    "rating": "10",
    "author": "jjba****",
    "review_id": "7000211",
    "movie_id": "21610"
  },
  {
    "review": "연이에게 상사병 걸렸습니다 ㅜㅜ",
    "date": "12.10.25",
    "rating": "10",
    "author": "mona****",
    "review_id": "6825043",
    "movie_id": "21610"
  },
  {
    "review": "좋아요 ㅎㅎ",
    "date": "12.09.04",
    "rating": "10",
    "author": "hiu0****",
    "review_id": "6668692",
    "movie_id": "21610"
  },
  {
    "review": "황순원 선생님의 작품으로 먼저 책으로 읽어봤는데, 12살이란 아직 어린 나이에 봐서 그런지 중간중간 알기 힘든 내용도 있었습니다.  영화를 보진 못했지만, 나이 연령이 있다면 나중에 꼭 한번 보고 싶습니다.",
    "date": "12.08.02",
    "rating": "10",
    "author": "gusd****",
    "review_id": "6564718",
    "movie_id": "21610"
  },
  {
    "review": "잼있음",
    "date": "12.06.30",
    "rating": "10",
    "author": "ehdg****",
    "review_id": "6433302",
    "movie_id": "21610"
  },
  {
    "review": "소나기짱!",
    "date": "12.05.28",
    "rating": "10",
    "author": "vov9****",
    "review_id": "6342222",
    "movie_id": "21610"
  },
  {
    "review": "괜찮아 이젠 ~",
    "date": "12.05.03",
    "rating": "10",
    "author": "ange****",
    "review_id": "6267472",
    "movie_id": "21610"
  },
  {
    "review": "옛날 한국영화 중 최고의 수작!! 시골과 어린시절에 대한 추억과 향수, 감동이 느껴짐",
    "date": "12.04.29",
    "rating": "10",
    "author": "dkal****",
    "review_id": "6256202",
    "movie_id": "21610"
  },
  {
    "review": "어뜨케ㅜㅜ여주 불쌍",
    "date": "12.04.23",
    "rating": "10",
    "author": "dlwl****",
    "review_id": "6241770",
    "movie_id": "21610"
  },
  {
    "review": "여주 짱 불쌍ㅠㅜ",
    "date": "12.04.16",
    "rating": "10",
    "author": "ypd0****",
    "review_id": "6226686",
    "movie_id": "21610"
  },
  {
    "review": "아이들의 내면 심리묘사가 뛰어나고 70년대 시골풍경의 영상미가 뛰어난 수작!!",
    "date": "12.04.15",
    "rating": "10",
    "author": "seab****",
    "review_id": "6224652",
    "movie_id": "21610"
  },
  {
    "review": "이거 봤는데 재밌음 완전 !!!!!!!!! 근데 슬퍼요 ㅠㅠㅠㅠㅠㅠ",
    "date": "12.04.09",
    "rating": "10",
    "author": "tjtk****",
    "review_id": "6204641",
    "movie_id": "21610"
  },
  {
    "review": "아직 초딩이지만 정말 좋아요.평점999999999점!!!!! 넘 조아요!!!",
    "date": "12.04.05",
    "rating": "10",
    "author": "6549****",
    "review_id": "6195172",
    "movie_id": "21610"
  },
  {
    "review": "넘 슬픔...   나중엔  해피엔딩이였으면  하네요..!",
    "date": "12.03.29",
    "rating": "10",
    "author": "sun0****",
    "review_id": "6177095",
    "movie_id": "21610"
  },
  {
    "review": "슬퍼요.........",
    "date": "12.03.26",
    "rating": "10",
    "author": "cher****",
    "review_id": "6171489",
    "movie_id": "21610"
  },
  {
    "review": "좋아요 신고",
    "date": "12.03.26",
    "rating": "10",
    "author": "daul****",
    "review_id": "6171154",
    "movie_id": "21610"
  },
  {
    "review": "좋아요",
    "date": "12.03.25",
    "rating": "10",
    "author": "kks2****",
    "review_id": "6168600",
    "movie_id": "21610"
  },
  {
    "review": "걍그럼그럼",
    "date": "12.03.21",
    "rating": "5",
    "author": "tjql****",
    "review_id": "6159199",
    "movie_id": "21610"
  },
  {
    "review": "6학년국어사전이랑 이드라마랑 캐릭터가바꼈내 ㅎㅎ 그래도 슬퍼욤 별점100000000주고픔",
    "date": "12.03.14",
    "rating": "10",
    "author": "fjrf****",
    "review_id": "6143895",
    "movie_id": "21610"
  },
  {
    "review": "짱~!!그런데 마직막부분에서는 슬프네여 ㅠㅠ",
    "date": "12.03.14",
    "rating": "10",
    "author": "cpc3****",
    "review_id": "6143682",
    "movie_id": "21610"
  },
  {
    "review": "6학년 교과서에 나와서 잠깐 봤는데 너무 재미써~감동해씀ㅠ",
    "date": "12.03.14",
    "rating": "10",
    "author": "ohs0****",
    "review_id": "6143037",
    "movie_id": "21610"
  },
  {
    "review": "드라마\"소나기\"너무좋아요^^ 선생님이숙제내주셨는데 너무좋아요",
    "date": "12.03.13",
    "rating": "10",
    "author": "wkdg****",
    "review_id": "6141662",
    "movie_id": "21610"
  }
]