[
  {
    "review": "무적소림...천하무학의태산북두는,소림&무당이다.그다음은,곤륜,아미,청성파,점창파등등...명교와명교의 뒤를 이은,일월신교도,절대 빼놓을수 없는 집단...물론 사교일지라도...",
    "date": "12.10.07",
    "rating": "10",
    "author": "baks****",
    "review_id": "6770236",
    "movie_id": "21620"
  },
  {
    "review": "이영화...내가 4살때본거",
    "date": "06.05.08",
    "rating": "10",
    "author": "sayj****",
    "review_id": "792490",
    "movie_id": "21620"
  }
]