[
  {
    "review": "하나님이 우릴 한번만 축복하시면 어떤 어려움도 극복할 수 있다.정말 감동적입니다.",
    "date": "09.08.18",
    "rating": "10",
    "author": "cbkk****",
    "review_id": "3763300",
    "movie_id": "21639"
  },
  {
    "review": "왠만해서는 이렇게 안하는데 소명보니까 꼭 해야겠더라구요. 참 좋은 영화입니다.",
    "date": "09.07.08",
    "rating": "10",
    "author": "heen****",
    "review_id": "3618045",
    "movie_id": "21639"
  },
  {
    "review": "최고였던영화정말많이울었던.할수만있다면 모든기독교인들이 봤으면 좋겠다 싶은 영화",
    "date": "09.06.23",
    "rating": "10",
    "author": "55a1****",
    "review_id": "3584370",
    "movie_id": "21639"
  },
  {
    "review": "참 나의 삶을 부끄럽게하고 또 한편으로는 도전이 되는 값진 영화입니다",
    "date": "09.06.16",
    "rating": "10",
    "author": "jmj1****",
    "review_id": "3569637",
    "movie_id": "21639"
  },
  {
    "review": "정말 주님께 감동받고 부러웠습니다",
    "date": "09.06.01",
    "rating": "10",
    "author": "chsw****",
    "review_id": "3538615",
    "movie_id": "21639"
  },
  {
    "review": "현대의 문명의 이기에서 가족과 함께 보면 좋을듯...",
    "date": "09.04.19",
    "rating": "10",
    "author": "medo****",
    "review_id": "3429990",
    "movie_id": "21639"
  },
  {
    "review": "이 영화보고 놀랐어요  이런 다큐가있으면 매일보고싶어요   인생에 감동을느꼈어요",
    "date": "09.04.19",
    "rating": "10",
    "author": "eogk****",
    "review_id": "3429971",
    "movie_id": "21639"
  },
  {
    "review": "정말 기독교인으로서 이영화를보고 감동의눈물이 쏟아졌습니다 ㅠㅠ",
    "date": "09.04.19",
    "rating": "10",
    "author": "eocj****",
    "review_id": "3429957",
    "movie_id": "21639"
  },
  {
    "review": "내 생애 태어나서 이런 영화를 볼수 있다는건 축복이야 ㅅㅅ",
    "date": "09.04.12",
    "rating": "10",
    "author": "jack****",
    "review_id": "3418333",
    "movie_id": "21639"
  },
  {
    "review": "저런 삶을 살 수 있다니, 감격스럽다. 존경합니다.",
    "date": "09.04.08",
    "rating": "10",
    "author": "rich****",
    "review_id": "3411307",
    "movie_id": "21639"
  },
  {
    "review": "감동의 감동이였습니다",
    "date": "09.04.07",
    "rating": "10",
    "author": "blue****",
    "review_id": "3409259",
    "movie_id": "21639"
  },
  {
    "review": "정말 지루하다..",
    "date": "09.04.04",
    "rating": "1",
    "author": "rlaa****",
    "review_id": "3404188",
    "movie_id": "21639"
  }
]