[
  {
    "review": "진성 황가달 모영 왕호 주강 금강 화성 박종국 서영란..초호화캐스팅의 무협걸작",
    "date": "10.06.15",
    "rating": "9",
    "author": "zmfp****",
    "review_id": "4566661",
    "movie_id": "21637"
  },
  {
    "review": "다시 보고싶어 미치겠다,  재밌고 영원히 잊혀지지 않은 영화 인데 어디서 볼수있을까",
    "date": "09.08.25",
    "rating": "10",
    "author": "bckk****",
    "review_id": "3786899",
    "movie_id": "21637"
  },
  {
    "review": "배역이~맘에드는 작품~황가달.금강.왕호가악당 주강이 주인공~",
    "date": "07.03.27",
    "rating": "10",
    "author": "thfl****",
    "review_id": "1557765",
    "movie_id": "21637"
  }
]