[
  {
    "review": "귀한 영화네. 이런 영화 어디 볼데 없나...010 2318 2919 아시는분 문자 주세요.",
    "date": "13.02.08",
    "rating": "9",
    "author": "shar****",
    "review_id": "7237431",
    "movie_id": "21631"
  },
  {
    "review": "그당시 극장 개봉작중 유일하게 10만관객을 돌파한 영화",
    "date": "10.04.01",
    "rating": "10",
    "author": "jed3****",
    "review_id": "4401163",
    "movie_id": "21631"
  },
  {
    "review": "오 내가 1등이다 ㅋ",
    "date": "08.03.08",
    "rating": "10",
    "author": "king****",
    "review_id": "2509726",
    "movie_id": "21631"
  }
]