[
  {
    "review": "wu-tang clan 1집  제목이 36th Chamber 라서 겸사겸사 찾아서 봄. 시간때우기용으로 좋음.",
    "date": "14.01.17",
    "rating": "10",
    "author": "vall****",
    "review_id": "8389712",
    "movie_id": "21636"
  },
  {
    "review": "소림36방에 편승한 코믹 무협 소품. 대나무 묶는 무공은 참신",
    "date": "13.07.17",
    "rating": "3",
    "author": "cles****",
    "review_id": "7752138",
    "movie_id": "21636"
  },
  {
    "review": "무념념즉정 유념념성사, 엄청난 철학을 내포한다.",
    "date": "12.11.25",
    "rating": "10",
    "author": "stru****",
    "review_id": "6926122",
    "movie_id": "21636"
  },
  {
    "review": "기업과 노조이익을 위한 임금삭감노조탄압을 위한 조폭투입그런면에서 보면 명작...",
    "date": "12.08.03",
    "rating": "9",
    "author": "iwon****",
    "review_id": "6567036",
    "movie_id": "21636"
  },
  {
    "review": "볼만하다",
    "date": "07.06.27",
    "rating": "8",
    "author": "zeed****",
    "review_id": "1723915",
    "movie_id": "21636"
  },
  {
    "review": "그런대로 볼만함",
    "date": "05.09.12",
    "rating": "6",
    "author": "aprs****",
    "review_id": "403076",
    "movie_id": "21636"
  },
  {
    "review": "수련과정에 중점을 둔 최초의 영화.. 그러나 좀 유치한 내용",
    "date": "05.03.20",
    "rating": "7",
    "author": "hiss****",
    "review_id": "244663",
    "movie_id": "21636"
  },
  {
    "review": "뻔하면서도 매력적인 작품.유가휘가 특히 돋보임",
    "date": "03.12.01",
    "rating": "9",
    "author": "tdol****",
    "review_id": "779",
    "movie_id": "21636"
  }
]