[
  {
    "review": "최곤데? 이런영화를 이렇게 낮은평점을 주다니..멍청한 평론가밖에 없군",
    "date": "15.07.09",
    "rating": "10",
    "author": "mech****",
    "review_id": "10085526",
    "movie_id": "21651"
  },
  {
    "review": "여자하나 살리겠다고 사람여럿 죽이네 그냥 죽었음 끝냈을것을...연기자들 연기는좋지만 각본이 별루",
    "date": "15.07.09",
    "rating": "1",
    "author": "rjm0****",
    "review_id": "10085307",
    "movie_id": "21651"
  },
  {
    "review": "꿀잼인데.... 별 시덥지 않은 이유로 낮은 별점 주시는분이 많네",
    "date": "15.07.09",
    "rating": "9",
    "author": "rola****",
    "review_id": "10085176",
    "movie_id": "21651"
  },
  {
    "review": "개인적으로 좋아하지 않는 악령물 영화였네..그래도 아놀도 형님의 열연은 감명 깊었다~",
    "date": "15.07.03",
    "rating": "6",
    "author": "cred****",
    "review_id": "10063743",
    "movie_id": "21651"
  },
  {
    "review": "킬링타임용으로 이만한것도 없다.",
    "date": "15.05.29",
    "rating": "7",
    "author": "adiv****",
    "review_id": "9959148",
    "movie_id": "21651"
  },
  {
    "review": "단순 액션 영화인줄 알고 그동안 보지 않았는데, 종교적인 세기말 분위기를 압도적으로 그려냈으며 콘스탄틴을 훨씬 능가하는 영화였다. 이런 영화에 10점을 주는 것은 당연한 일이다.",
    "date": "15.05.24",
    "rating": "10",
    "author": "gent****",
    "review_id": "9946498",
    "movie_id": "21651"
  },
  {
    "review": "테레사 리스본 나오는 영화.... 이때 진자 어리다",
    "date": "15.03.25",
    "rating": "9",
    "author": "nayo****",
    "review_id": "9806015",
    "movie_id": "21651"
  },
  {
    "review": "이거 개잼있는데 잼없다고 하는 사람은 영화보는 법을 모르는거임",
    "date": "15.02.14",
    "rating": "10",
    "author": "ckcc****",
    "review_id": "9695551",
    "movie_id": "21651"
  },
  {
    "review": "perpect!!!",
    "date": "15.01.02",
    "rating": "10",
    "author": "bjh5****",
    "review_id": "9549894",
    "movie_id": "21651"
  },
  {
    "review": "아무리 아놀드 슈알처 제네거지만... 이런 거북 스러운 영화는 소화 못하겠네...",
    "date": "14.11.16",
    "rating": "6",
    "author": "milk****",
    "review_id": "9389067",
    "movie_id": "21651"
  },
  {
    "review": "세기말의 암울함과 공포에 아놀드의 액션",
    "date": "14.11.10",
    "rating": "7",
    "author": "fait****",
    "review_id": "9366543",
    "movie_id": "21651"
  },
  {
    "review": "재밌는데 평점이 너무 낮은듯... 이런 sf영화에 밸런스 운운하는것도 웃김ㅋㅋㅋㅋ 사탄이 너무 약하다고? 강하면 어떻게 이길껀데. 사탄한테 먹히고 영화끝냄?",
    "date": "14.10.31",
    "rating": "10",
    "author": "fpar****",
    "review_id": "9332330",
    "movie_id": "21651"
  },
  {
    "review": "그 사탄 나올때의 그지같은 음악만 빼면 그럭저럭 볼만",
    "date": "14.10.21",
    "rating": "7",
    "author": "fghy****",
    "review_id": "9305555",
    "movie_id": "21651"
  },
  {
    "review": "옛날에는 별로였던 영화가 지금 다시 보니깐 새로워보이고, 요즘영화보다 훨씬 낫다! 영화는 역시 아날로그가 최고야~!! 아놀드 혼신을 다한 최고의 연기를 보여줬다!",
    "date": "14.10.19",
    "rating": "10",
    "author": "merm****",
    "review_id": "9303475",
    "movie_id": "21651"
  },
  {
    "review": "재미없다 재미없어...",
    "date": "14.10.10",
    "rating": "2",
    "author": "dbzh****",
    "review_id": "9282257",
    "movie_id": "21651"
  },
  {
    "review": "날들의 끝. 아놀드 슈월제너거 결국 죽네유.스토리 개 웃기네유. 중간에 한 번씩 깜짝 놀래키기는 하네유.",
    "date": "14.09.29",
    "rating": "5",
    "author": "real****",
    "review_id": "9248186",
    "movie_id": "21651"
  },
  {
    "review": "당시 시대적 분위기를 타고 개봉한 영화로 흥미를 불러 모으기는 했지만 딱히 기억에 남지 않음. 역시 아놀드 형은 터미네이터 2",
    "date": "14.09.07",
    "rating": "2",
    "author": "jjaj****",
    "review_id": "9177702",
    "movie_id": "21651"
  },
  {
    "review": "모두 주님을 믿고 악을 이겨나가자!!!",
    "date": "14.08.27",
    "rating": "10",
    "author": "jupi****",
    "review_id": "9136659",
    "movie_id": "21651"
  },
  {
    "review": "아놀드가 고른 것 이라고는 믿기지 않는 나름 흥미로운 영화...이 당시의 로빈튜니는 정말 귀여웠다...내가 악마라도 로빈을 찾을 듯...단 99년 기준임...",
    "date": "14.08.06",
    "rating": "8",
    "author": "lees****",
    "review_id": "9035732",
    "movie_id": "21651"
  },
  {
    "review": "최고의 영화인데 왜 평점이 낮지? 이상하네",
    "date": "14.07.28",
    "rating": "10",
    "author": "chdh****",
    "review_id": "8973603",
    "movie_id": "21651"
  },
  {
    "review": "평점이 너무 낮은데... 이건 대작임.",
    "date": "14.05.31",
    "rating": "10",
    "author": "chey****",
    "review_id": "8779591",
    "movie_id": "21651"
  },
  {
    "review": "분위기 빼곤 시체. 그래도 분위기는 압권",
    "date": "14.05.28",
    "rating": "6",
    "author": "sh87****",
    "review_id": "8772277",
    "movie_id": "21651"
  },
  {
    "review": "클라이 막스로 향할수록 하품이 나는 경험.",
    "date": "14.05.14",
    "rating": "6",
    "author": "reco****",
    "review_id": "8730221",
    "movie_id": "21651"
  },
  {
    "review": "오랜만에 또 보는 숨은 명작! 출연진 전부가 쩌는 배우들! 탄탄한 내용을 바탕으로 완벽한 연출과 연기자들의 호흡이 어루어져 굉장한 작품이 나왔다.",
    "date": "14.05.11",
    "rating": "9",
    "author": "dlck****",
    "review_id": "8724725",
    "movie_id": "21651"
  },
  {
    "review": "흐름이 뚝뚝 끊어집니다. 음악은 약간 기분나쁘게 잘 만들었네요.",
    "date": "14.05.02",
    "rating": "6",
    "author": "hath****",
    "review_id": "8692167",
    "movie_id": "21651"
  },
  {
    "review": "세기말 + 액션을 의도했지만, 이도 저도 아닌 것이 되 버렸어..",
    "date": "14.04.10",
    "rating": "5",
    "author": "pass****",
    "review_id": "8640984",
    "movie_id": "21651"
  },
  {
    "review": "아놀드 성님 나오시면 무조건 10점이야!!",
    "date": "13.12.15",
    "rating": "10",
    "author": "ske4****",
    "review_id": "8216836",
    "movie_id": "21651"
  },
  {
    "review": "흥미로운 소재 였고 ost도 참 좋았는데 아쉬운게 아놀드 형의 핏대 세우는 표정이다 종교적이고 내면적인 연기가 어울려야 되는데 헬스장에서 나올 표정이 나오니 좀 어색했다 주인공이 니콜라스케이지가 했으면 더 잘 어울렸을텐데",
    "date": "13.12.15",
    "rating": "6",
    "author": "last****",
    "review_id": "8215745",
    "movie_id": "21651"
  },
  {
    "review": "이 영화 멋있다 그리고 지금 한국영화수준보다 훨배나 더 파이브 죽어라",
    "date": "13.12.09",
    "rating": "9",
    "author": "jaew****",
    "review_id": "8202618",
    "movie_id": "21651"
  },
  {
    "review": "사탄역의 가브리엘번 인상적이내요 꽤지적이며설득력있게나오다가 본심을 드러내는순간 난 사탄이야 ㅋㅋ 좋은사람들이 얽혀서마구죽어나가다가마지막에 주인공 신성한장소에서 윽하고 죽음 좀어설펐지만 재미있었숨.",
    "date": "13.08.15",
    "rating": "9",
    "author": "bear****",
    "review_id": "7881878",
    "movie_id": "21651"
  },
  {
    "review": "재미있다",
    "date": "13.07.02",
    "rating": "10",
    "author": "dnjs****",
    "review_id": "7697585",
    "movie_id": "21651"
  },
  {
    "review": "아니 이런 재있는 영화가 평점이안 좋다니.,  평점조작아냐...",
    "date": "13.06.12",
    "rating": "10",
    "author": "newp****",
    "review_id": "7631730",
    "movie_id": "21651"
  },
  {
    "review": "천년동안 머했니?",
    "date": "13.04.08",
    "rating": "2",
    "author": "oecd****",
    "review_id": "7444363",
    "movie_id": "21651"
  },
  {
    "review": "아놀드형님의 공포물영화중 그래도 B급이상이라고 생각되는영화",
    "date": "12.12.13",
    "rating": "8",
    "author": "kyn9****",
    "review_id": "6997084",
    "movie_id": "21651"
  },
  {
    "review": "인류종말을 막기 위한 근육질 할배의 고군분투.. 왜 세상은 꼭 한사람만이 구하지??ㅠㅜ",
    "date": "12.10.01",
    "rating": "8",
    "author": "spar****",
    "review_id": "6749118",
    "movie_id": "21651"
  },
  {
    "review": "혐오스러운영화다. 계속 죽여도 죽지도 않아서 짜증난다. 장르도 공포지만 이런게 진짜 짜증나고 무섭다",
    "date": "12.09.21",
    "rating": "1",
    "author": "mk26****",
    "review_id": "6716958",
    "movie_id": "21651"
  },
  {
    "review": "국내에서만 과소 평가받는 대작 영화",
    "date": "12.09.07",
    "rating": "10",
    "author": "balh****",
    "review_id": "6675155",
    "movie_id": "21651"
  },
  {
    "review": "드럽게 재미없네.",
    "date": "11.09.10",
    "rating": "3",
    "author": "tori****",
    "review_id": "5718740",
    "movie_id": "21651"
  },
  {
    "review": "적절한 타이밍에 적절한 소재를 가지고 시원하게 터트렸다",
    "date": "11.06.11",
    "rating": "7",
    "author": "cont****",
    "review_id": "5476940",
    "movie_id": "21651"
  },
  {
    "review": "여자를 그냥 죽이면 될일을.....",
    "date": "11.05.29",
    "rating": "6",
    "author": "hyea****",
    "review_id": "5455598",
    "movie_id": "21651"
  },
  {
    "review": "게을러 빠진 사탄",
    "date": "11.04.10",
    "rating": "5",
    "author": "hsfa****",
    "review_id": "5365173",
    "movie_id": "21651"
  },
  {
    "review": "하하하 쩌러요~ ㅡ_ㅡ;;",
    "date": "10.11.27",
    "rating": "2",
    "author": "2601****",
    "review_id": "4996448",
    "movie_id": "21651"
  },
  {
    "review": "수퍼액션 채널에서 심심하면 보여주는 B급 전도용 오락물",
    "date": "10.09.07",
    "rating": "1",
    "author": "hyuk****",
    "review_id": "4822595",
    "movie_id": "21651"
  },
  {
    "review": "지적인 아놀드도 좋다. 토탈리콜 안봤나?",
    "date": "10.07.25",
    "rating": "10",
    "author": "bajj****",
    "review_id": "4668241",
    "movie_id": "21651"
  },
  {
    "review": "아놀드의 극강의 터미네이터 이미지 때문에 긴장감이 없네 ㅋ",
    "date": "10.07.22",
    "rating": "4",
    "author": "ccpk****",
    "review_id": "4660363",
    "movie_id": "21651"
  },
  {
    "review": "인간과 사탄의 대결이라는 거창한 소재에 비해 볼거리는 별로 없네",
    "date": "10.07.22",
    "rating": "4",
    "author": "rame****",
    "review_id": "4660360",
    "movie_id": "21651"
  },
  {
    "review": "신에 맞먹는 능력을 가진 사탄이 인간을 못이긴다는게 납득이 안감",
    "date": "10.07.22",
    "rating": "4",
    "author": "kpcc****",
    "review_id": "4660359",
    "movie_id": "21651"
  },
  {
    "review": "세상이 끝나지 않아 다행이다",
    "date": "10.07.10",
    "rating": "8",
    "author": "west****",
    "review_id": "4625802",
    "movie_id": "21651"
  },
  {
    "review": "종말설 내가 좋아하는것지",
    "date": "10.07.02",
    "rating": "10",
    "author": "chls****",
    "review_id": "4604664",
    "movie_id": "21651"
  },
  {
    "review": "재밋음",
    "date": "10.06.27",
    "rating": "8",
    "author": "stal****",
    "review_id": "4594853",
    "movie_id": "21651"
  },
  {
    "review": "스토리가 재미없음",
    "date": "10.06.25",
    "rating": "5",
    "author": "real****",
    "review_id": "4591421",
    "movie_id": "21651"
  },
  {
    "review": "선으로 악을 이긴다는 감명 받음. 사단의 공격이 구체적이고 리얼하게 묘사되어 있음.",
    "date": "10.06.20",
    "rating": "10",
    "author": "hees****",
    "review_id": "4579284",
    "movie_id": "21651"
  },
  {
    "review": "액션이 살려준 종교판타지.",
    "date": "10.04.26",
    "rating": "6",
    "author": "jiyu****",
    "review_id": "4457369",
    "movie_id": "21651"
  },
  {
    "review": "이영화를 기점으로 아놀드의 하락세 ~~~~~~~",
    "date": "10.04.15",
    "rating": "3",
    "author": "fnsk****",
    "review_id": "4433528",
    "movie_id": "21651"
  },
  {
    "review": "사탄이라고는 하지만... 상대가 아놀드 형님이었으니 어쩌겠소..",
    "date": "10.03.24",
    "rating": "10",
    "author": "yoon****",
    "review_id": "4384225",
    "movie_id": "21651"
  },
  {
    "review": "아놀드께서 이렇게 인간적인 모습과 멋진 액션 너무나 재미있었다",
    "date": "10.02.24",
    "rating": "10",
    "author": "coco****",
    "review_id": "4315236",
    "movie_id": "21651"
  },
  {
    "review": "명색에 사탄인데 평범한인간한태 너무쉽게죽엇다",
    "date": "10.02.23",
    "rating": "7",
    "author": "hdg9****",
    "review_id": "4313225",
    "movie_id": "21651"
  },
  {
    "review": "1999년의 종교영화 치고는 굉장..",
    "date": "09.12.13",
    "rating": "10",
    "author": "alsl****",
    "review_id": "4040199",
    "movie_id": "21651"
  },
  {
    "review": "먼가 좀 부족한 내러티브와 액션들..그냥 킬링타임용으로 볼만함..",
    "date": "09.10.04",
    "rating": "6",
    "author": "wind****",
    "review_id": "3870837",
    "movie_id": "21651"
  },
  {
    "review": "스토리는빈약하나 볼만한장면은조금있음 헐리우드가옛날부터펑펑터트리는건정말잘해ㅋ",
    "date": "09.09.10",
    "rating": "6",
    "author": "sma4****",
    "review_id": "3821762",
    "movie_id": "21651"
  },
  {
    "review": "역쉬..... 아놀드헴... 최고다.마지막 희생정신은 감동적이다.",
    "date": "09.07.21",
    "rating": "10",
    "author": "ghos****",
    "review_id": "3654890",
    "movie_id": "21651"
  },
  {
    "review": "악마와 싸우는 영화치고 지루해서 망했지...좀더 미스터리하게 했으면",
    "date": "09.06.21",
    "rating": "1",
    "author": "salv****",
    "review_id": "3580197",
    "movie_id": "21651"
  },
  {
    "review": "액션,재미로는8개정도 주고싶은데남는게없고명색이사탄인데평범한인간에쉽게당한다",
    "date": "09.06.13",
    "rating": "4",
    "author": "paks****",
    "review_id": "3561853",
    "movie_id": "21651"
  },
  {
    "review": "아놀드, 영화제작비 1000억원, 아놀드 출연료 300억원 (99년당시)",
    "date": "09.03.19",
    "rating": "10",
    "author": "bond****",
    "review_id": "3374410",
    "movie_id": "21651"
  },
  {
    "review": "전체적으로 그럭저럭 어중간한 액션 전개가 빠른것 같으면서 왠지모르게 느린 느낌",
    "date": "09.02.09",
    "rating": "7",
    "author": "skrt****",
    "review_id": "3291500",
    "movie_id": "21651"
  },
  {
    "review": "1999년 작품치고 대단했다...",
    "date": "08.12.10",
    "rating": "8",
    "author": "drea****",
    "review_id": "3105848",
    "movie_id": "21651"
  },
  {
    "review": "세기말의암울함으로 분위기를 압도하려했으나, 몰입도를 떨어뜨리는요소가 너무많았다",
    "date": "08.11.14",
    "rating": "5",
    "author": "goms****",
    "review_id": "3050016",
    "movie_id": "21651"
  },
  {
    "review": "오컬트 영화로 최고~",
    "date": "08.10.02",
    "rating": "10",
    "author": "natu****",
    "review_id": "2978851",
    "movie_id": "21651"
  },
  {
    "review": "몰입을 방해하는 극의 흐름, 대사,연기, 편집등등 CG와 특수효과의 빛을 가린다",
    "date": "08.09.19",
    "rating": "7",
    "author": "hepy****",
    "review_id": "2957739",
    "movie_id": "21651"
  },
  {
    "review": "마지막에 디워 수준의 악마가 진짜 출현해 주심으로 확실하게 개판으로 끝내주는 센스",
    "date": "08.08.29",
    "rating": "1",
    "author": "bepl****",
    "review_id": "2909899",
    "movie_id": "21651"
  },
  {
    "review": "남는것도 없고.. 기억나는 것도 없고.. 그냥 즐기기 위한 블럭버스터 영화..",
    "date": "08.07.29",
    "rating": "4",
    "author": "evil****",
    "review_id": "2815065",
    "movie_id": "21651"
  },
  {
    "review": "뭐 이딴 영화가 다 있나......",
    "date": "08.07.19",
    "rating": "1",
    "author": "psyc****",
    "review_id": "2777917",
    "movie_id": "21651"
  },
  {
    "review": "아놀드 때문에 혹해서 봤지만 실망스러웠던 영화.",
    "date": "08.07.12",
    "rating": "4",
    "author": "khkk****",
    "review_id": "2755558",
    "movie_id": "21651"
  },
  {
    "review": "나에겐 더할것없이 매력적인영화..저는 이런분위기 좋아합니다",
    "date": "08.06.12",
    "rating": "10",
    "author": "spsp****",
    "review_id": "2693693",
    "movie_id": "21651"
  },
  {
    "review": "역시 아놀드다!!!",
    "date": "08.06.08",
    "rating": "10",
    "author": "roy8****",
    "review_id": "2688730",
    "movie_id": "21651"
  },
  {
    "review": "당시에는 재미있었는데 다시보니 별로네",
    "date": "08.04.07",
    "rating": "6",
    "author": "mell****",
    "review_id": "2566363",
    "movie_id": "21651"
  },
  {
    "review": "화려하지만 너무나 지루하네요",
    "date": "08.02.14",
    "rating": "5",
    "author": "tere****",
    "review_id": "2444885",
    "movie_id": "21651"
  },
  {
    "review": "뭔가...뭔가...부족해...",
    "date": "08.02.03",
    "rating": "6",
    "author": "psyc****",
    "review_id": "2403320",
    "movie_id": "21651"
  },
  {
    "review": "재미는 확실하다",
    "date": "08.02.03",
    "rating": "9",
    "author": "s941****",
    "review_id": "2402839",
    "movie_id": "21651"
  },
  {
    "review": "아놀드가 나와서 볼만은했지만...글쎄요;",
    "date": "08.01.30",
    "rating": "6",
    "author": "son1****",
    "review_id": "2388590",
    "movie_id": "21651"
  },
  {
    "review": "재밌었음",
    "date": "08.01.09",
    "rating": "10",
    "author": "imm1****",
    "review_id": "2311311",
    "movie_id": "21651"
  },
  {
    "review": "초중반까진 좋았는데..",
    "date": "08.01.09",
    "rating": "6",
    "author": "mirk****",
    "review_id": "2311293",
    "movie_id": "21651"
  },
  {
    "review": "훌륭하다 시도도좋고 내용도 흥미롭다 나는 주님편이다.",
    "date": "08.01.09",
    "rating": "10",
    "author": "rudw****",
    "review_id": "2311286",
    "movie_id": "21651"
  },
  {
    "review": "아놀드 답지 않은 약한 액션",
    "date": "07.11.27",
    "rating": "3",
    "author": "uds0****",
    "review_id": "2188536",
    "movie_id": "21651"
  },
  {
    "review": "늙은 아놀드의 뛰고 나는 분발에도 부족한 완성도의 아쉬움은 어쩔수 없다.",
    "date": "07.10.14",
    "rating": "5",
    "author": "tekk****",
    "review_id": "2090511",
    "movie_id": "21651"
  },
  {
    "review": "종교물과의 궁합은 확실히 어색한데 재미는 있다.",
    "date": "07.10.08",
    "rating": "6",
    "author": "comb****",
    "review_id": "2079330",
    "movie_id": "21651"
  },
  {
    "review": "난 정말 재밌게 봤는데...평점이 낮네;",
    "date": "07.08.17",
    "rating": "10",
    "author": "sssw****",
    "review_id": "1952305",
    "movie_id": "21651"
  },
  {
    "review": "기대없이 보아서인지 의외로 재밌게 보았음",
    "date": "07.08.16",
    "rating": "10",
    "author": "mg50****",
    "review_id": "1945096",
    "movie_id": "21651"
  },
  {
    "review": "킬링타임용으로 볼만한 영화 악마에 대한 영화를 좋아하는거라면 추천",
    "date": "07.08.15",
    "rating": "9",
    "author": "dlak****",
    "review_id": "1941307",
    "movie_id": "21651"
  },
  {
    "review": "ㅇㅇ킬링타임용...",
    "date": "07.08.11",
    "rating": "6",
    "author": "etue****",
    "review_id": "1922003",
    "movie_id": "21651"
  },
  {
    "review": "아놀드 영화중에서 아놀드가 제일많이 쳐맞는영화임.",
    "date": "07.08.11",
    "rating": "3",
    "author": "ekrv****",
    "review_id": "1921362",
    "movie_id": "21651"
  },
  {
    "review": "일본 야애니동자씨리즈를 표절하고 있다 표절좀하지마",
    "date": "07.07.24",
    "rating": "1",
    "author": "baks****",
    "review_id": "1804562",
    "movie_id": "21651"
  },
  {
    "review": "콘스탄틴이낫다",
    "date": "07.07.17",
    "rating": "6",
    "author": "chop****",
    "review_id": "1783882",
    "movie_id": "21651"
  },
  {
    "review": "아놀드 나와서 영화가 좀 살았지",
    "date": "07.07.16",
    "rating": "7",
    "author": "deff****",
    "review_id": "1782457",
    "movie_id": "21651"
  },
  {
    "review": "딱히 빠지진 않지만 크게 내세울것도 없는 진부함...",
    "date": "07.06.24",
    "rating": "5",
    "author": "skat****",
    "review_id": "1718947",
    "movie_id": "21651"
  },
  {
    "review": "아놀드봐서 8점줌",
    "date": "07.06.23",
    "rating": "8",
    "author": "pung****",
    "review_id": "1715920",
    "movie_id": "21651"
  },
  {
    "review": "재밌습니다.액션.공포.스릴에다 야한장면까지 ㅋㅋ마지막에선 좀 허무한듯",
    "date": "07.06.05",
    "rating": "10",
    "author": "part****",
    "review_id": "1682376",
    "movie_id": "21651"
  },
  {
    "review": "볼만했다",
    "date": "07.05.21",
    "rating": "8",
    "author": "prot****",
    "review_id": "1650058",
    "movie_id": "21651"
  },
  {
    "review": "액션.........미스테리........둘다부족하다........",
    "date": "07.01.27",
    "rating": "5",
    "author": "sinm****",
    "review_id": "1418509",
    "movie_id": "21651"
  },
  {
    "review": "이 영화부터 아놀드가 늙었다는게 느껴졌다",
    "date": "06.12.29",
    "rating": "3",
    "author": "nala****",
    "review_id": "1339968",
    "movie_id": "21651"
  }
]