[
  {
    "review": "대박.ㅋㅋㅋㅋㅋㅋㅋㅋㅋㅋㅋㅋㅋㅋ",
    "date": "11.01.11",
    "rating": "10",
    "author": "hiph****",
    "review_id": "5149090",
    "movie_id": "21653"
  },
  {
    "review": "최고의 영화 반전 쩐다",
    "date": "10.06.24",
    "rating": "10",
    "author": "haej****",
    "review_id": "4588583",
    "movie_id": "21653"
  },
  {
    "review": "와 정말 재밌네요.",
    "date": "09.01.18",
    "rating": "10",
    "author": "wlgn****",
    "review_id": "3229309",
    "movie_id": "21653"
  }
]