[
  {
    "review": "재밌게 봤었는데 다시 보고픈 드라마임~ㅎㅎ",
    "date": "13.05.31",
    "rating": "10",
    "author": "eaed****",
    "review_id": "7566961",
    "movie_id": "40018"
  },
  {
    "review": "정말 재미없었던 드라마",
    "date": "11.10.07",
    "rating": "2",
    "author": "naeg****",
    "review_id": "5775188",
    "movie_id": "40018"
  },
  {
    "review": "...드라마 파일있으신분 ...없나요 다시보고싶네요",
    "date": "11.03.14",
    "rating": "10",
    "author": "92eu****",
    "review_id": "5314013",
    "movie_id": "40018"
  },
  {
    "review": "이드라마파일있었는데..다날라가버렸음.보고싶은데..ㅠㅠ",
    "date": "10.02.17",
    "rating": "10",
    "author": "okok****",
    "review_id": "4293752",
    "movie_id": "40018"
  },
  {
    "review": "정말꼭다시보고싶은드라마",
    "date": "08.02.02",
    "rating": "10",
    "author": "meme****",
    "review_id": "2397213",
    "movie_id": "40018"
  },
  {
    "review": "6년지났는데아직도기억나는드라마.다시보고싶은드라마.정말보고싶다",
    "date": "07.06.23",
    "rating": "10",
    "author": "jgjg****",
    "review_id": "1716792",
    "movie_id": "40018"
  },
  {
    "review": "정말 한심한 드라마",
    "date": "06.02.24",
    "rating": "1",
    "author": "kws7****",
    "review_id": "688207",
    "movie_id": "40018"
  }
]