[
  {
    "review": "여인의 육체를 무기로 영화를 만든다면 이렇게 된다",
    "date": "14.03.09",
    "rating": "5",
    "author": "kos4****",
    "review_id": "8566211",
    "movie_id": "40027"
  },
  {
    "review": "왕가위는 조용하고 강렬했으며(화양연화를 떠올리게함), 소더버그는 흑백으로 친철히 꿈과현실의 뒤바뀜(벗어나고픈 현실에 대한 주인공의 심정)을 표현했으나 주제와 안맞고, 안토니오니는 노익장에 아름다운 나체를 롱테이크로 잡은 친철함에 박수를 보낸다,",
    "date": "13.05.10",
    "rating": "7",
    "author": "kjc7****",
    "review_id": "7519372",
    "movie_id": "40027"
  },
  {
    "review": "난 중간중간 나오는 노래가 소름끼친다...",
    "date": "12.09.07",
    "rating": "4",
    "author": "milk****",
    "review_id": "6676105",
    "movie_id": "40027"
  },
  {
    "review": "처음부터 끝까지 왕가위로 갔어야했다.",
    "date": "12.08.16",
    "rating": "5",
    "author": "f2sh****",
    "review_id": "6613675",
    "movie_id": "40027"
  },
  {
    "review": "내기억속 가장 에로틱한영화인 왕감독의 그녀의손길, 극장에서 혼자보다 숨막혀죽을뻔함.소더버그와안토니오니는즐/",
    "date": "12.08.07",
    "rating": "10",
    "author": "moon****",
    "review_id": "6580751",
    "movie_id": "40027"
  },
  {
    "review": "역시 왕가위~!!!",
    "date": "12.05.13",
    "rating": "10",
    "author": "hak6****",
    "review_id": "6295808",
    "movie_id": "40027"
  },
  {
    "review": "차리리 왕가위 것만 떼고 보여주면 평점이 조금은 높아질걸",
    "date": "11.03.27",
    "rating": "7",
    "author": "bora****",
    "review_id": "5337425",
    "movie_id": "40027"
  },
  {
    "review": "왕감독-굿!!!,스티븐-이해안됨,미켈란젤로-soso 전체오프닝그림굿",
    "date": "10.08.28",
    "rating": "6",
    "author": "stin****",
    "review_id": "4797711",
    "movie_id": "40027"
  },
  {
    "review": "시간도둑.너무평범 지루하게.공리땜시봤는데",
    "date": "10.07.28",
    "rating": "6",
    "author": "a109****",
    "review_id": "4678674",
    "movie_id": "40027"
  },
  {
    "review": "왕가위감독의 손길 은 내 인생 최고의 영화다.",
    "date": "10.06.25",
    "rating": "10",
    "author": "flyl****",
    "review_id": "4591414",
    "movie_id": "40027"
  },
  {
    "review": "나는 왕가위 영화가 끝난 후 다른 두영화에 집중할 수가 없었다... 대단한 왕가위",
    "date": "10.05.07",
    "rating": "10",
    "author": "ewqq****",
    "review_id": "4484343",
    "movie_id": "40027"
  },
  {
    "review": "왕가위덕을 많이보네",
    "date": "10.01.31",
    "rating": "10",
    "author": "rimi****",
    "review_id": "4227529",
    "movie_id": "40027"
  },
  {
    "review": "굿",
    "date": "10.01.23",
    "rating": "10",
    "author": "jazz****",
    "review_id": "4202108",
    "movie_id": "40027"
  },
  {
    "review": "왕가위의 Eros는 최고. 다른 건......... ㅠㅠ",
    "date": "09.10.23",
    "rating": "8",
    "author": "jhru****",
    "review_id": "3911494",
    "movie_id": "40027"
  },
  {
    "review": "모든건 타이밍인 것일까.",
    "date": "09.08.27",
    "rating": "5",
    "author": "kkot****",
    "review_id": "3790443",
    "movie_id": "40027"
  },
  {
    "review": "각 감독 마다 개성이 넘치네.",
    "date": "09.08.03",
    "rating": "8",
    "author": "5292****",
    "review_id": "3702311",
    "movie_id": "40027"
  },
  {
    "review": "이러면ㅇ안되는데",
    "date": "09.06.25",
    "rating": "5",
    "author": "wood****",
    "review_id": "3589172",
    "movie_id": "40027"
  },
  {
    "review": "오직 왕가위",
    "date": "09.06.18",
    "rating": "6",
    "author": "bbq2****",
    "review_id": "3573088",
    "movie_id": "40027"
  },
  {
    "review": "왕가위 덕분에 그나마 이정도.",
    "date": "08.11.02",
    "rating": "3",
    "author": "cont****",
    "review_id": "3031029",
    "movie_id": "40027"
  },
  {
    "review": "왕가위 감독의 영화, 요런 느낌이군.",
    "date": "08.07.25",
    "rating": "7",
    "author": "bohe****",
    "review_id": "2801139",
    "movie_id": "40027"
  },
  {
    "review": "왕가위 작품 정말 숨죽이며 봤다.",
    "date": "08.05.28",
    "rating": "7",
    "author": "leh0****",
    "review_id": "2667240",
    "movie_id": "40027"
  },
  {
    "review": "정말로 왕가위밖에 기억이 안나는..",
    "date": "08.03.09",
    "rating": "9",
    "author": "lyk8****",
    "review_id": "2511140",
    "movie_id": "40027"
  },
  {
    "review": "왕가위의 부활인가. 안토니오니는 실망..",
    "date": "07.09.06",
    "rating": "9",
    "author": "navy****",
    "review_id": "2003300",
    "movie_id": "40027"
  },
  {
    "review": "틴토 브라스 감독의 작품과 차이점이 있을까요?...",
    "date": "07.08.21",
    "rating": "7",
    "author": "yout****",
    "review_id": "1965408",
    "movie_id": "40027"
  },
  {
    "review": "공리까지 보고 실컷잤다",
    "date": "07.08.09",
    "rating": "3",
    "author": "n100****",
    "review_id": "1911918",
    "movie_id": "40027"
  },
  {
    "review": "감독들의 명성에 비해 별 알맹이를 느낄 수 없는.",
    "date": "07.02.16",
    "rating": "6",
    "author": "homo****",
    "review_id": "1476913",
    "movie_id": "40027"
  },
  {
    "review": "공리, 섹시함의작열. 거장 둘의 허둥대는 꼴은 보느니 웃음이다",
    "date": "07.01.15",
    "rating": "10",
    "author": "fifi****",
    "review_id": "1388147",
    "movie_id": "40027"
  },
  {
    "review": "이게뭐니.다를 반성해!!!",
    "date": "06.12.26",
    "rating": "1",
    "author": "tubt****",
    "review_id": "1330096",
    "movie_id": "40027"
  },
  {
    "review": "왕가위와 소더버그는 거장은 아니다^^...안토니오 그는 제외.",
    "date": "06.12.24",
    "rating": "7",
    "author": "dyla****",
    "review_id": "1319336",
    "movie_id": "40027"
  },
  {
    "review": "미켈란젤로 안토니오니 강렬했다.. 비해 소더버그는 지루",
    "date": "06.12.13",
    "rating": "9",
    "author": "bjor****",
    "review_id": "1288576",
    "movie_id": "40027"
  },
  {
    "review": "왕가위가 낫다",
    "date": "06.08.02",
    "rating": "9",
    "author": "zeed****",
    "review_id": "956639",
    "movie_id": "40027"
  },
  {
    "review": "단, 왕가위작품만 평가한 것임!",
    "date": "06.07.24",
    "rating": "9",
    "author": "manm****",
    "review_id": "918166",
    "movie_id": "40027"
  },
  {
    "review": "공리와 장첸만 좋았다..ㅋㅋ",
    "date": "06.07.18",
    "rating": "8",
    "author": "epiq****",
    "review_id": "903815",
    "movie_id": "40027"
  },
  {
    "review": "공리!!!!!!!!",
    "date": "06.05.26",
    "rating": "10",
    "author": "deln****",
    "review_id": "817278",
    "movie_id": "40027"
  },
  {
    "review": "왕가위의 위대함",
    "date": "06.03.26",
    "rating": "10",
    "author": "grie****",
    "review_id": "735500",
    "movie_id": "40027"
  },
  {
    "review": "공리장첸카에타노벨로소클림트뭣하나버릴게없는\"그녀의손길\"",
    "date": "06.02.08",
    "rating": "10",
    "author": "pure****",
    "review_id": "655146",
    "movie_id": "40027"
  },
  {
    "review": "왕가위 꺼 키스 장면, 공리 왼손오른손 장면마다 바껴서 김 빠짐",
    "date": "06.02.01",
    "rating": "5",
    "author": "kayo****",
    "review_id": "638935",
    "movie_id": "40027"
  },
  {
    "review": "유명한 감독들이 만든 쓰레기 3류영화, 남자들 벋으면 그냥 본다",
    "date": "06.01.31",
    "rating": "1",
    "author": "triv****",
    "review_id": "636686",
    "movie_id": "40027"
  },
  {
    "review": "꿈길 속을 더듬어가는 느낌. 하지만 너무 낯설어서 그들만의 것",
    "date": "05.09.07",
    "rating": "6",
    "author": "sick****",
    "review_id": "396054",
    "movie_id": "40027"
  },
  {
    "review": "왕가위와 카에타노 벨로소로 기억되는 영화",
    "date": "05.08.18",
    "rating": "7",
    "author": "choi****",
    "review_id": "373121",
    "movie_id": "40027"
  },
  {
    "review": "왕가위만 보기에는 돈과 시간이 아까운 아쉬운 영화..",
    "date": "05.08.18",
    "rating": "6",
    "author": "ultr****",
    "review_id": "372545",
    "movie_id": "40027"
  },
  {
    "review": "왕가위감독편만 10점 나머지들은 별로 지루하기만 함",
    "date": "05.08.13",
    "rating": "10",
    "author": "ring****",
    "review_id": "365216",
    "movie_id": "40027"
  },
  {
    "review": "탐미적 시선, 왕가위는 여전히 건재하다.",
    "date": "05.08.08",
    "rating": "7",
    "author": "zuiz****",
    "review_id": "357609",
    "movie_id": "40027"
  },
  {
    "review": "그나마 왕가위 작품은 볼만하다.",
    "date": "05.08.05",
    "rating": "3",
    "author": "boyi****",
    "review_id": "353320",
    "movie_id": "40027"
  },
  {
    "review": "왕가위 !",
    "date": "05.08.02",
    "rating": "10",
    "author": "radi****",
    "review_id": "347486",
    "movie_id": "40027"
  },
  {
    "review": "모든 사람들 웃기만 했다...",
    "date": "05.07.29",
    "rating": "1",
    "author": "tkdd****",
    "review_id": "340584",
    "movie_id": "40027"
  },
  {
    "review": "볼만하다.",
    "date": "05.07.26",
    "rating": "9",
    "author": "mazy****",
    "review_id": "335608",
    "movie_id": "40027"
  },
  {
    "review": "많은기대를 져버리는 영화...아쉬움이 많이 남는 영화...",
    "date": "05.07.26",
    "rating": "4",
    "author": "susi****",
    "review_id": "335036",
    "movie_id": "40027"
  },
  {
    "review": "거장들이라곤 하지만 너무 난해하다-_-왕가위만 좋았다",
    "date": "05.07.21",
    "rating": "5",
    "author": "siro****",
    "review_id": "328516",
    "movie_id": "40027"
  },
  {
    "review": "옴니버스의 아쉬움... 전반적 지루함~",
    "date": "05.07.19",
    "rating": "5",
    "author": "zaif****",
    "review_id": "326792",
    "movie_id": "40027"
  },
  {
    "review": "왕가위ok 두번째꺼잠. 세번째꺼...추방된사람들하구비슷함.",
    "date": "05.07.18",
    "rating": "6",
    "author": "caie****",
    "review_id": "326390",
    "movie_id": "40027"
  },
  {
    "review": "최악이라는 말만 나온다.",
    "date": "05.07.17",
    "rating": "1",
    "author": "aaaa****",
    "review_id": "325203",
    "movie_id": "40027"
  },
  {
    "review": "에로티시즘을 물씬 느낄 수는 없지만,,",
    "date": "05.07.17",
    "rating": "7",
    "author": "hikk****",
    "review_id": "324586",
    "movie_id": "40027"
  },
  {
    "review": "다시 왕가위였다. 장첸과 공리도 넘 멋있어 ~",
    "date": "05.07.17",
    "rating": "10",
    "author": "dlhw****",
    "review_id": "324324",
    "movie_id": "40027"
  },
  {
    "review": "졸려서 죽는줄 알았다..졸다보니 중간에 나간사람이 많더군...쩝",
    "date": "05.07.16",
    "rating": "2",
    "author": "bran****",
    "review_id": "323626",
    "movie_id": "40027"
  },
  {
    "review": "왕가위편 빼곤 볼거 엄는 ㅡㅡ;",
    "date": "05.07.15",
    "rating": "3",
    "author": "nari****",
    "review_id": "322886",
    "movie_id": "40027"
  },
  {
    "review": "왕가위 Hand는 정말 괜찮았다.  나머진 많이 실망스럽더군요",
    "date": "05.07.14",
    "rating": "4",
    "author": "momo****",
    "review_id": "322033",
    "movie_id": "40027"
  },
  {
    "review": "곱씹어 다시 한번 보고픈 영화. 신선한 예술영화?",
    "date": "05.07.09",
    "rating": "8",
    "author": "rani****",
    "review_id": "316246",
    "movie_id": "40027"
  },
  {
    "review": "관능의 힘..잊을 수 없는 마지막 키스 장면..",
    "date": "05.07.06",
    "rating": "9",
    "author": "7595****",
    "review_id": "314103",
    "movie_id": "40027"
  },
  {
    "review": "왕가위 역시...!",
    "date": "05.07.06",
    "rating": "4",
    "author": "peee****",
    "review_id": "313769",
    "movie_id": "40027"
  },
  {
    "review": "왕가위 에피소드만 재미있었다. 다른 두 감독은 많이 아쉽네.",
    "date": "05.07.05",
    "rating": "7",
    "author": "kino****",
    "review_id": "313202",
    "movie_id": "40027"
  },
  {
    "review": "왕가위만 본다면 9점.",
    "date": "05.07.04",
    "rating": "9",
    "author": "ires****",
    "review_id": "312829",
    "movie_id": "40027"
  },
  {
    "review": "차라리 왕가위 편만 상영하지, 나머지는 쓰레기통에 처넣고",
    "date": "05.07.04",
    "rating": "3",
    "author": "lena****",
    "review_id": "312664",
    "movie_id": "40027"
  },
  {
    "review": "한없는 지루함...",
    "date": "05.07.04",
    "rating": "3",
    "author": "kayp****",
    "review_id": "312445",
    "movie_id": "40027"
  },
  {
    "review": "왕가위 감독 빼고 정말 이해 할 수 없는 영화들... ㅉㅉ 이상해~",
    "date": "05.07.03",
    "rating": "3",
    "author": "hans****",
    "review_id": "312062",
    "movie_id": "40027"
  },
  {
    "review": "왕가위 영화만 볼만.....-0- 나머지 영화는...........",
    "date": "05.07.03",
    "rating": "2",
    "author": "skas****",
    "review_id": "311730",
    "movie_id": "40027"
  },
  {
    "review": "왕가위 감독의 영화는 좋았는데.. 2번째랑 3번째는.. 최악인듯",
    "date": "05.07.02",
    "rating": "2",
    "author": "7579****",
    "review_id": "311006",
    "movie_id": "40027"
  },
  {
    "review": "그녀의 손길 그리고 그의 손길.. 슬프고도 애틋한 사랑!",
    "date": "05.07.01",
    "rating": "10",
    "author": "jhye****",
    "review_id": "310398",
    "movie_id": "40027"
  },
  {
    "review": "이것도 영화인지~~",
    "date": "05.07.01",
    "rating": "10",
    "author": "kyu0****",
    "review_id": "310098",
    "movie_id": "40027"
  },
  {
    "review": "왕가위 작품만 굿..죽임",
    "date": "05.06.18",
    "rating": "10",
    "author": "come****",
    "review_id": "301728",
    "movie_id": "40027"
  },
  {
    "review": "역시 왕가위, 2046의 실망을 단번에 날린 영화 !!",
    "date": "05.06.18",
    "rating": "10",
    "author": "stbo****",
    "review_id": "301676",
    "movie_id": "40027"
  },
  {
    "review": "재미도 없고, 야하지도 않고, 별로 이정도는 누구나 만든다",
    "date": "05.06.17",
    "rating": "1",
    "author": "za19****",
    "review_id": "301196",
    "movie_id": "40027"
  },
  {
    "review": "화양연화의 감흥이 되살아 난듯한.. 음악도 역시",
    "date": "05.06.15",
    "rating": "10",
    "author": "korn****",
    "review_id": "300437",
    "movie_id": "40027"
  },
  {
    "review": "90살 먹은 노인네를 위한 이벤트 영화",
    "date": "05.06.13",
    "rating": "1",
    "author": "omye****",
    "review_id": "298990",
    "movie_id": "40027"
  },
  {
    "review": "차라리 진짜 에로물을 보겠다. 지들이 스텐리 큐브릭인줄 아나.",
    "date": "05.06.05",
    "rating": "1",
    "author": "ocea****",
    "review_id": "293744",
    "movie_id": "40027"
  },
  {
    "review": "왕가위편, 특히 아름다웠다!",
    "date": "05.05.31",
    "rating": "9",
    "author": "beef****",
    "review_id": "290757",
    "movie_id": "40027"
  },
  {
    "review": "감독의 다분한 의도참좋았읍니다",
    "date": "05.05.13",
    "rating": "10",
    "author": "gid3****",
    "review_id": "276956",
    "movie_id": "40027"
  },
  {
    "review": "그다지 자극적이지 않은, 3류 성인 드라마를 보는 느낌",
    "date": "05.05.10",
    "rating": "1",
    "author": "aoi8****",
    "review_id": "275287",
    "movie_id": "40027"
  },
  {
    "review": "멋찌다. 정말.",
    "date": "05.05.10",
    "rating": "10",
    "author": "jiny****",
    "review_id": "275177",
    "movie_id": "40027"
  }
]