[
  {
    "review": "또 평점 마음에 안 드는 영화 찾았네. 8.5 정도는 되야 하는 거 아닌가? 히치가 얼마나 매력적인데!",
    "date": "15.08.12",
    "rating": "10",
    "author": "dkdl****",
    "review_id": "10221211",
    "movie_id": "40034"
  },
  {
    "review": "이런 영화를 보는 사람들이 흔히 하는 실수는 여자는 누구나 진정한 사랑을 꿈꾸고 진정한 사랑을 위해 행동하며 남자는 아주 극히 드문 확률로 여자를 욕정의 수단이라고 여긴다고 생각한다는 잘못을 한다. 남자도 신뢰를 중시하는 사람 많다.",
    "date": "15.06.07",
    "rating": "7",
    "author": "some****",
    "review_id": "9982001",
    "movie_id": "40034"
  },
  {
    "review": "ㅇㅇ잼든디 ㅎㅋ잼씀ㅎ",
    "date": "15.04.25",
    "rating": "10",
    "author": "xx41****",
    "review_id": "9865538",
    "movie_id": "40034"
  },
  {
    "review": "에? 다들  순수한 사랑 안해보셨나? 왜 난 존꿀잼이였눈뎅 데헷",
    "date": "15.04.16",
    "rating": "10",
    "author": "limm****",
    "review_id": "9847619",
    "movie_id": "40034"
  },
  {
    "review": "믿고보는 윌스미스. 보는내내 즐거웠다.",
    "date": "15.04.10",
    "rating": "10",
    "author": "bill****",
    "review_id": "9837474",
    "movie_id": "40034"
  },
  {
    "review": "연애를 할때의 느낌은 다 똑같지만 연애의공식은 업다 두사람이 만들어 나가는것이니가라는 것을 말하는거같다",
    "date": "15.03.26",
    "rating": "10",
    "author": "peac****",
    "review_id": "9806926",
    "movie_id": "40034"
  },
  {
    "review": "적당히 유쾌하다 적당히 사랑을 훑었다 적당히 시간을 때울만하다",
    "date": "15.03.23",
    "rating": "7",
    "author": "boym****",
    "review_id": "9801733",
    "movie_id": "40034"
  },
  {
    "review": "출발 비디오 여행 보고 결말이 궁금해서 봤는데 재미있네요.",
    "date": "15.03.12",
    "rating": "8",
    "author": "mybe****",
    "review_id": "9774164",
    "movie_id": "40034"
  },
  {
    "review": "내평점말 잘들어주고, 90%. 감사",
    "date": "14.12.02",
    "rating": "10",
    "author": "whwl****",
    "review_id": "9440045",
    "movie_id": "40034"
  },
  {
    "review": "굿굿굿~재미있는 영화였다~ㅎㅎ",
    "date": "14.08.19",
    "rating": "9",
    "author": "swin****",
    "review_id": "9110114",
    "movie_id": "40034"
  },
  {
    "review": "수작업이 필요한 당신에게.",
    "date": "14.07.31",
    "rating": "5",
    "author": "ogr5****",
    "review_id": "8992363",
    "movie_id": "40034"
  },
  {
    "review": "연애할 생각이 있으면 이것부터",
    "date": "14.07.22",
    "rating": "8",
    "author": "thdq****",
    "review_id": "8940999",
    "movie_id": "40034"
  },
  {
    "review": "그냥 그런 영환데 과하게 높은 평점.",
    "date": "14.07.05",
    "rating": "5",
    "author": "jere****",
    "review_id": "8886109",
    "movie_id": "40034"
  },
  {
    "review": "솔직히 여주의 행동패턴이 상당히 억지스러웠고 뭔가 어거지로 해피엔딩 만든 느낌. 무엇보다 여주가 존못이라 몰입감 제로. 여주 친구가 더 이쁨 차라리",
    "date": "14.06.19",
    "rating": "1",
    "author": "sala****",
    "review_id": "8839940",
    "movie_id": "40034"
  },
  {
    "review": "너무나 달달하고 유쾌하고 행복한 영화. 로코 중 최상급이다. '사랑은 용기있는 자가 쟁취한다'라는 진부한 말이 진리라는 걸 다시 생각하게 만드는 영화이다.",
    "date": "14.02.28",
    "rating": "9",
    "author": "kjh2****",
    "review_id": "8545946",
    "movie_id": "40034"
  },
  {
    "review": "정말 재미있게 본 영화! 좋아하는 사람의 마음을 얻을수 있는건 진심이라는걸 다시한번 깨닫게 되는 좋은영화네요!",
    "date": "14.01.13",
    "rating": "9",
    "author": "cong****",
    "review_id": "8379753",
    "movie_id": "40034"
  },
  {
    "review": "결말부분이 좀 아쉽지만 재미있었다",
    "date": "14.01.13",
    "rating": "7",
    "author": "disn****",
    "review_id": "8378975",
    "movie_id": "40034"
  },
  {
    "review": "전형적인 연애 코미디 영화. 앞으로 어떻게 될지 뻔히 예상되는게 흠.그냥 기분좋게 시간 때우는 것 이상의 용도로 감상이 불가능하다.",
    "date": "13.12.28",
    "rating": "6",
    "author": "supe****",
    "review_id": "8314221",
    "movie_id": "40034"
  },
  {
    "review": "알레그라 넘 러블리~ 히치가 사라한테 처음 접근했던 방법은 굳굳~ 마지막에 히치는 대인배bb 알레그라 커플이 결혼해서 히치의 데이트 코치 사업은 다시 번창!!",
    "date": "13.12.26",
    "rating": "7",
    "author": "cmon****",
    "review_id": "8307806",
    "movie_id": "40034"
  },
  {
    "review": "윌스미스 너무 매력적♥",
    "date": "13.11.27",
    "rating": "9",
    "author": "wate****",
    "review_id": "8172201",
    "movie_id": "40034"
  },
  {
    "review": "진정한 사랑은 요행이 아닌 진실됨으로표현하자..",
    "date": "13.11.01",
    "rating": "8",
    "author": "milk****",
    "review_id": "8106701",
    "movie_id": "40034"
  },
  {
    "review": "현실은 될놈은 되고 안될놈은 안된다.",
    "date": "13.10.28",
    "rating": "9",
    "author": "ansa****",
    "review_id": "8096217",
    "movie_id": "40034"
  },
  {
    "review": "많이 나왔지만 아직 먹히는 계열의 영화.",
    "date": "13.10.16",
    "rating": "7",
    "author": "dlwo****",
    "review_id": "8062450",
    "movie_id": "40034"
  },
  {
    "review": "킬링 타임용 영화 시간때우기에 좋다",
    "date": "13.09.27",
    "rating": "6",
    "author": "rjsw****",
    "review_id": "8018409",
    "movie_id": "40034"
  },
  {
    "review": "유쾌한 영화, 보고 나면 자신감이 생기는 기분?",
    "date": "13.09.22",
    "rating": "9",
    "author": "komk****",
    "review_id": "8007235",
    "movie_id": "40034"
  },
  {
    "review": "결말부분만 보았는데! 영화의 All 스토리가 궁금해지는 영화. 에바 맨데스 매력포텐!",
    "date": "13.09.06",
    "rating": "7",
    "author": "sama****",
    "review_id": "7953033",
    "movie_id": "40034"
  },
  {
    "review": "오랜만에 또 보는데 먼가 훈훈하고 미소짓게 한다 대작은 아닐지 모르지만 묘하게 좋은느낌을 많이 주는 영화다 굿무비",
    "date": "13.09.06",
    "rating": "9",
    "author": "rlae****",
    "review_id": "7953019",
    "movie_id": "40034"
  },
  {
    "review": "갖은 고정관념과 진부함 속 유일한 위안인 윌 스미스",
    "date": "13.08.11",
    "rating": "2",
    "author": "expr****",
    "review_id": "7868042",
    "movie_id": "40034"
  },
  {
    "review": "90% 키스법 잘 받아가요 ㅋㅋ",
    "date": "13.07.29",
    "rating": "10",
    "author": "kimj****",
    "review_id": "7797718",
    "movie_id": "40034"
  },
  {
    "review": "솔직하고 용기있는 사람이 사랑을 쟁취한다!!",
    "date": "13.07.21",
    "rating": "8",
    "author": "johy****",
    "review_id": "7772800",
    "movie_id": "40034"
  },
  {
    "review": "ㅎㅎㅎ여자가조금성급하게판단하고움직인거도있는데 남자가잘대처하고오해풀려서좋은거같음..윌스미스는이래저래잘어울리는배우인거같음..",
    "date": "13.07.04",
    "rating": "8",
    "author": "seon****",
    "review_id": "7705335",
    "movie_id": "40034"
  },
  {
    "review": "90% 키스법은 평생 기억할듯",
    "date": "13.06.26",
    "rating": "8",
    "author": "sinb****",
    "review_id": "7681823",
    "movie_id": "40034"
  },
  {
    "review": "볼만했어요",
    "date": "13.06.19",
    "rating": "10",
    "author": "thfd****",
    "review_id": "7656881",
    "movie_id": "40034"
  },
  {
    "review": "그냥 봤어요",
    "date": "13.06.11",
    "rating": "5",
    "author": "mins****",
    "review_id": "7627181",
    "movie_id": "40034"
  },
  {
    "review": "여자를 움직이는건 매력에서 부터 다재다능하다.슬프지만 이제 현실은 능력이다. 특히 내 경험상 여시 하는 여자들은 절대 만나선 안된다.머리에 똥만 찼다.자기 잘못도 인정 안해 오히려 화내고 잘잘못 따지면 그냥 운다. 그리곤 남자가 찌질 하댄다. 조심해라",
    "date": "13.05.18",
    "rating": "8",
    "author": "yong****",
    "review_id": "7536298",
    "movie_id": "40034"
  },
  {
    "review": "재밌어요",
    "date": "13.04.24",
    "rating": "10",
    "author": "ljhl****",
    "review_id": "7478397",
    "movie_id": "40034"
  },
  {
    "review": "또다른 윌스미스의 매력과 재능",
    "date": "13.04.07",
    "rating": "7",
    "author": "nice****",
    "review_id": "7441070",
    "movie_id": "40034"
  },
  {
    "review": "웃기고 재밌음 ㅎㅎ 로맨틱코메디 원하는사람들에겐 딱인듯",
    "date": "13.04.06",
    "rating": "10",
    "author": "gold****",
    "review_id": "7438054",
    "movie_id": "40034"
  },
  {
    "review": "연애할 생각이 있으면 이것부터",
    "date": "13.03.01",
    "rating": "10",
    "author": "mica****",
    "review_id": "7313775",
    "movie_id": "40034"
  },
  {
    "review": "내용도 그렇고 그냥 그래요 다...",
    "date": "13.02.11",
    "rating": "7",
    "author": "yeaj****",
    "review_id": "7252827",
    "movie_id": "40034"
  },
  {
    "review": "이 영화~!! 나름 꽤 잼있거든?",
    "date": "13.01.28",
    "rating": "8",
    "author": "sute****",
    "review_id": "7189221",
    "movie_id": "40034"
  },
  {
    "review": "맘에들지도 안들지도 않는 로맨스",
    "date": "13.01.20",
    "rating": "5",
    "author": "jjcv****",
    "review_id": "7136225",
    "movie_id": "40034"
  },
  {
    "review": "윌 스미스 대인배임 개쩜 와 시바",
    "date": "13.01.11",
    "rating": "7",
    "author": "thas****",
    "review_id": "7100784",
    "movie_id": "40034"
  },
  {
    "review": "흐뭇하네요^^^",
    "date": "12.12.29",
    "rating": "10",
    "author": "rcw0****",
    "review_id": "7060268",
    "movie_id": "40034"
  },
  {
    "review": "남들 스캔들 캐고 단는 파파라치가 저렇게 왈가왈부하는거에 심한 분노를 느낑 아짱나!!!! 지는 머가그리잘난거야??",
    "date": "12.11.27",
    "rating": "1",
    "author": "ugug****",
    "review_id": "6930319",
    "movie_id": "40034"
  },
  {
    "review": "8점~^^ 사랑을 시작하고 싶다면.. 용기가 필요한거 같아요..",
    "date": "12.10.28",
    "rating": "8",
    "author": "nett****",
    "review_id": "6831429",
    "movie_id": "40034"
  },
  {
    "review": "영화이니 해피엔딩이지 현실이면 ㅠㅠㅠ",
    "date": "12.09.26",
    "rating": "5",
    "author": "trak****",
    "review_id": "6734398",
    "movie_id": "40034"
  },
  {
    "review": "소재가 흥미롭긴 하지만, 남들 사생활 캐고 폭로함으로써 돈 버는 쓰레기 주제에 히치에 대해 욕하는 히로인을 보며 구토를 참기 힘들었던 작품.",
    "date": "12.09.16",
    "rating": "6",
    "author": "jihy****",
    "review_id": "6704798",
    "movie_id": "40034"
  },
  {
    "review": "더주고싶지만 살짝아까운듯하면서 8점주고싶은 영화. 내용도 괜찮았지만 개연성이 살짝 떨어진다. 그냥 편하게 볼 수있는 영화",
    "date": "12.08.31",
    "rating": "7",
    "author": "wl01****",
    "review_id": "6659735",
    "movie_id": "40034"
  },
  {
    "review": "그냥 어느정도 볼만은했지만 7점이상주긴 힘드네요 ㅎㅎ",
    "date": "12.08.28",
    "rating": "6",
    "author": "zzzx****",
    "review_id": "6649348",
    "movie_id": "40034"
  },
  {
    "review": "로맨틱 코메디에 논리 찾는것도 코메디지만 개연성이 너무 떨어진다. 소재는 나같은 법사들에게 희망을 주는 좋은 소재였는데 영화가 전개될수록 병맛 풀풀 남.",
    "date": "12.08.19",
    "rating": "6",
    "author": "kei9****",
    "review_id": "6623479",
    "movie_id": "40034"
  },
  {
    "review": "4.7",
    "date": "12.07.28",
    "rating": "4",
    "author": "one5****",
    "review_id": "6548266",
    "movie_id": "40034"
  },
  {
    "review": "유쾌하고 재밌는 연애스토리. 당신을 위한 영화.",
    "date": "12.07.27",
    "rating": "8",
    "author": "wlfa****",
    "review_id": "6542584",
    "movie_id": "40034"
  },
  {
    "review": "주인공여자 때문에 기분잡침 못생긴데다 김치년마인드임",
    "date": "12.07.24",
    "rating": "8",
    "author": "kts1****",
    "review_id": "6525194",
    "movie_id": "40034"
  },
  {
    "review": "그다지 인상적이지 않았음.",
    "date": "12.07.20",
    "rating": "5",
    "author": "milk****",
    "review_id": "6502876",
    "movie_id": "40034"
  },
  {
    "review": "말이필요없다.꼭봐야할만한영화. 진짜 추천할만하다.평점10점도모자랄정도랄까..",
    "date": "12.07.14",
    "rating": "10",
    "author": "tbvk****",
    "review_id": "6477218",
    "movie_id": "40034"
  },
  {
    "review": "아 진짜 재밌다 마음이 다 훈훈해지는 영화 ㅎㅎ",
    "date": "12.06.20",
    "rating": "10",
    "author": "cj24****",
    "review_id": "6403657",
    "movie_id": "40034"
  },
  {
    "review": "2개의 연애 이야기가 나와서 좋았다.",
    "date": "12.06.03",
    "rating": "8",
    "author": "yser****",
    "review_id": "6360483",
    "movie_id": "40034"
  },
  {
    "review": "윌스미스는 넘 멋진데..여주인공이 못생겨서 좀 안타까운영화 스토리는 나름 재미있음ㅋㅋ",
    "date": "12.05.28",
    "rating": "8",
    "author": "love****",
    "review_id": "6343102",
    "movie_id": "40034"
  },
  {
    "review": "굳",
    "date": "12.05.13",
    "rating": "10",
    "author": "dasd****",
    "review_id": "6296782",
    "movie_id": "40034"
  },
  {
    "review": "어우 여주인공 짜증남.",
    "date": "12.05.13",
    "rating": "8",
    "author": "eli7****",
    "review_id": "6296661",
    "movie_id": "40034"
  },
  {
    "review": "나름 괜찮았음 ㅋㅋㅋ",
    "date": "12.05.07",
    "rating": "9",
    "author": "gust****",
    "review_id": "6279397",
    "movie_id": "40034"
  },
  {
    "review": "미소짓게 만드는 영화, 실패하더라도 한번쯤 용기내어 다가가보는게 어떨까?",
    "date": "12.04.20",
    "rating": "8",
    "author": "tnql****",
    "review_id": "6235402",
    "movie_id": "40034"
  },
  {
    "review": "이제까지 봣던 영화중  가히 최고다 진짜 이건 연애를 잘할수잇게 도와주는듯",
    "date": "12.03.27",
    "rating": "10",
    "author": "twg0****",
    "review_id": "6173556",
    "movie_id": "40034"
  },
  {
    "review": "와~~~~ 재밌다~~~",
    "date": "12.03.11",
    "rating": "10",
    "author": "mihw****",
    "review_id": "6136028",
    "movie_id": "40034"
  },
  {
    "review": "누구나 호감 갈수 있는 내용, 재밌다",
    "date": "12.02.16",
    "rating": "8",
    "author": "mild****",
    "review_id": "6080032",
    "movie_id": "40034"
  },
  {
    "review": "진부하지만 사랑스럽다. 웃음짓게 만드는 영화.",
    "date": "12.02.13",
    "rating": "6",
    "author": "noti****",
    "review_id": "6073092",
    "movie_id": "40034"
  },
  {
    "review": "보는내내 유쾌하구 끝나고도 웃음짓게하는 영화 ^_^",
    "date": "12.02.11",
    "rating": "10",
    "author": "cee9****",
    "review_id": "6066666",
    "movie_id": "40034"
  },
  {
    "review": "ㅋㅋㅋ재밌네",
    "date": "12.02.08",
    "rating": "9",
    "author": "vpdj****",
    "review_id": "6061977",
    "movie_id": "40034"
  },
  {
    "review": "미소가 지어지는 영화 ㅋㅋ",
    "date": "12.01.18",
    "rating": "10",
    "author": "ohmk****",
    "review_id": "5994971",
    "movie_id": "40034"
  },
  {
    "review": "웃겨요 ㅋㅋㅋㅋㅋㅋ 유쾌한 영화2222",
    "date": "12.01.13",
    "rating": "9",
    "author": "qlwl****",
    "review_id": "5983172",
    "movie_id": "40034"
  },
  {
    "review": "윌스미스의 매력이 그대로 드러나는 영화",
    "date": "12.01.04",
    "rating": "9",
    "author": "gywn****",
    "review_id": "5959635",
    "movie_id": "40034"
  },
  {
    "review": "웃자고 만든 영화에 죽자고 달려드는건 좀 아니지 않나?써니에도 달려들더니만.수작",
    "date": "12.01.04",
    "rating": "7",
    "author": "baks****",
    "review_id": "5958897",
    "movie_id": "40034"
  },
  {
    "review": "그냥 무난함...",
    "date": "11.12.29",
    "rating": "7",
    "author": "lmy0****",
    "review_id": "5944692",
    "movie_id": "40034"
  },
  {
    "review": "유쾌하고 기분좋은영화~!!!짱!!!",
    "date": "11.12.05",
    "rating": "10",
    "author": "unio****",
    "review_id": "5889572",
    "movie_id": "40034"
  },
  {
    "review": "유쾌하고 사랑스럽다.",
    "date": "11.11.24",
    "rating": "7",
    "author": "yhr_****",
    "review_id": "5868163",
    "movie_id": "40034"
  },
  {
    "review": "보는 내내 기분이 좋았다ㅎㅎ 시라노 보다 훨씬 괜찮네ㅋㅋ",
    "date": "11.11.16",
    "rating": "10",
    "author": "tjal****",
    "review_id": "5853893",
    "movie_id": "40034"
  },
  {
    "review": "2점은 좀 아닌듯.. 8점이 딱 좋은듯~!",
    "date": "11.11.10",
    "rating": "8",
    "author": "hsy3****",
    "review_id": "5840011",
    "movie_id": "40034"
  },
  {
    "review": "마지막 씬 코믹댄스까지 유쾌한 영화",
    "date": "11.11.08",
    "rating": "10",
    "author": "tn99****",
    "review_id": "5837099",
    "movie_id": "40034"
  },
  {
    "review": "\"중이 제 머리 못 깎는다\"는 설정이구만",
    "date": "11.10.06",
    "rating": "2",
    "author": "ccpp****",
    "review_id": "5773621",
    "movie_id": "40034"
  },
  {
    "review": "이런 영화는 여주인공이 매력적이어야 하는데, 오리궁뎅이의 압박 ;;",
    "date": "11.10.06",
    "rating": "2",
    "author": "rame****",
    "review_id": "5773620",
    "movie_id": "40034"
  },
  {
    "review": "초반 설정은 흥미로우나 뒤로 갈수록 빤한 메시지에 진부하게 전개",
    "date": "11.10.06",
    "rating": "2",
    "author": "kpcc****",
    "review_id": "5773619",
    "movie_id": "40034"
  },
  {
    "review": "내가 로맨틱코미디를 좋아하게 만든 영화.",
    "date": "11.09.29",
    "rating": "10",
    "author": "meti****",
    "review_id": "5759712",
    "movie_id": "40034"
  },
  {
    "review": "진짜 Mr. 히치를 만나고 온거 같은 효과를 주는 영화",
    "date": "11.09.23",
    "rating": "10",
    "author": "bee4****",
    "review_id": "5747191",
    "movie_id": "40034"
  },
  {
    "review": "완전 러블리, 판타스틱 ㅋ",
    "date": "11.09.14",
    "rating": "8",
    "author": "cine****",
    "review_id": "5730105",
    "movie_id": "40034"
  },
  {
    "review": "볼만했는데 ㅎㅎ",
    "date": "11.08.13",
    "rating": "9",
    "author": "ekgo****",
    "review_id": "5646111",
    "movie_id": "40034"
  },
  {
    "review": "중반까지는 잘 끌고 왔었다",
    "date": "11.07.31",
    "rating": "7",
    "author": "cont****",
    "review_id": "5586341",
    "movie_id": "40034"
  },
  {
    "review": "아쉽지만 시간이 난다면 보더라도 뭐...",
    "date": "11.07.17",
    "rating": "4",
    "author": "pria****",
    "review_id": "5551573",
    "movie_id": "40034"
  },
  {
    "review": "재치있는 대사와 음악이 뻔한내용을 참신하게 만든다.",
    "date": "11.07.12",
    "rating": "6",
    "author": "trac****",
    "review_id": "5538531",
    "movie_id": "40034"
  },
  {
    "review": "유쾌한 영화 재밌네요 ㅎㅎ",
    "date": "11.07.03",
    "rating": "9",
    "author": "gogo****",
    "review_id": "5520638",
    "movie_id": "40034"
  },
  {
    "review": "재밌네..나도 히치가 필요하다..",
    "date": "11.06.22",
    "rating": "7",
    "author": "dbzh****",
    "review_id": "5492846",
    "movie_id": "40034"
  },
  {
    "review": "히치를 사기꾼이라면 화장을 하고 보정속옷을 입는건 속이는 일이 아닌가 되묻고싶다",
    "date": "11.06.10",
    "rating": "8",
    "author": "mani****",
    "review_id": "5474959",
    "movie_id": "40034"
  },
  {
    "review": "남자들은 쉿. 여자들 히치같은 남자 어떠세요? 좋죠? 그럼 이영화 10점짜링",
    "date": "11.05.26",
    "rating": "10",
    "author": "hodo****",
    "review_id": "5449486",
    "movie_id": "40034"
  },
  {
    "review": "가볍게 볼만했다",
    "date": "11.05.14",
    "rating": "7",
    "author": "vvst****",
    "review_id": "5426710",
    "movie_id": "40034"
  },
  {
    "review": "유쾌한 로맨틱 코미디영화~!!!!",
    "date": "11.05.13",
    "rating": "8",
    "author": "orph****",
    "review_id": "5425932",
    "movie_id": "40034"
  },
  {
    "review": "A very worthwhile movie for what it is...",
    "date": "11.04.04",
    "rating": "7",
    "author": "mchy****",
    "review_id": "5354136",
    "movie_id": "40034"
  },
  {
    "review": "6~7점",
    "date": "11.04.04",
    "rating": "7",
    "author": "star****",
    "review_id": "5354004",
    "movie_id": "40034"
  },
  {
    "review": "윌스미스는 괜찮은데 여주인공은 별로..",
    "date": "11.03.26",
    "rating": "7",
    "author": "spir****",
    "review_id": "5335354",
    "movie_id": "40034"
  },
  {
    "review": "솔직히 6.5정도 되는 영화다.평균을 내릴려고 점수 짜게 줌.",
    "date": "11.03.08",
    "rating": "1",
    "author": "skul****",
    "review_id": "5300060",
    "movie_id": "40034"
  },
  {
    "review": "쏘쏘 ~",
    "date": "11.02.10",
    "rating": "6",
    "author": "hlhl****",
    "review_id": "5234431",
    "movie_id": "40034"
  }
]