[
  {
    "review": "뛰어난 고증과 한국형 고전 미스테리가 잘 어울렸던 작품",
    "date": "15.08.17",
    "rating": "7",
    "author": "thra****",
    "review_id": "10244350",
    "movie_id": "40033"
  },
  {
    "review": "이야기의 힘이 아쉽지만 독특한 뉘앙스의 매력에 빠지게.",
    "date": "15.08.14",
    "rating": "7",
    "author": "tear****",
    "review_id": "10231188",
    "movie_id": "40033"
  },
  {
    "review": "개봉 당시 극장에서 봤을 때의 충격이 지금도 생생. 최고의 스릴러.",
    "date": "15.08.06",
    "rating": "10",
    "author": "oasi****",
    "review_id": "10194172",
    "movie_id": "40033"
  },
  {
    "review": "다시봐도 재밌는 영화 !!예나 지금이나 제일 더럽고 무서운건 인간",
    "date": "15.08.05",
    "rating": "10",
    "author": "leeh****",
    "review_id": "10188396",
    "movie_id": "40033"
  },
  {
    "review": "몇번을다시봐도스릴넘치고잼있어여~잔혹하긴하지만",
    "date": "15.07.31",
    "rating": "10",
    "author": "hotg****",
    "review_id": "10164727",
    "movie_id": "40033"
  },
  {
    "review": "시나리오만 두고봤을때는 헐리우드 뺨치지!!!",
    "date": "15.07.31",
    "rating": "8",
    "author": "jyjn****",
    "review_id": "10164569",
    "movie_id": "40033"
  },
  {
    "review": "보기드문 한국형 스릴러물이면서 의도를 직선적으로 표현한 수작",
    "date": "15.07.07",
    "rating": "10",
    "author": "nova****",
    "review_id": "10077320",
    "movie_id": "40033"
  },
  {
    "review": "최고최고최고~~~~",
    "date": "15.07.01",
    "rating": "10",
    "author": "lady****",
    "review_id": "10058192",
    "movie_id": "40033"
  },
  {
    "review": "전달하려는건 알겟는데 너무 지루하다",
    "date": "15.06.20",
    "rating": "3",
    "author": "ljp7****",
    "review_id": "10016174",
    "movie_id": "40033"
  },
  {
    "review": "각본이 예술..풍자의 깊이와 연출이 차원이 다른 한국영화의 수작..",
    "date": "15.06.20",
    "rating": "10",
    "author": "inhe****",
    "review_id": "10016022",
    "movie_id": "40033"
  },
  {
    "review": "미루고 미루다 기회가 되어서 이제야 봤는데 왜 일찍 보질 않았나 후회되네요 굉장히 즐겁게 잘봤습니다",
    "date": "15.06.19",
    "rating": "10",
    "author": "teos****",
    "review_id": "10012584",
    "movie_id": "40033"
  },
  {
    "review": "굿굿굿굿굳 10자이상",
    "date": "15.06.16",
    "rating": "10",
    "author": "ppor****",
    "review_id": "10005205",
    "movie_id": "40033"
  },
  {
    "review": "기승전흐지부지 마지막 10분땜에 나머지가 아깝다",
    "date": "15.06.08",
    "rating": "6",
    "author": "kiu1****",
    "review_id": "9984422",
    "movie_id": "40033"
  },
  {
    "review": "잔인하지만  차줌마랑 지성군이 좋아서 좋으니까  좋으므로.",
    "date": "15.06.08",
    "rating": "10",
    "author": "boom****",
    "review_id": "9984040",
    "movie_id": "40033"
  },
  {
    "review": "너무너무너무 재밌어요",
    "date": "15.06.03",
    "rating": "10",
    "author": "arta****",
    "review_id": "9972757",
    "movie_id": "40033"
  },
  {
    "review": "볼만했습니다. 뻔하지만 잘만든 스릴러",
    "date": "15.05.25",
    "rating": "8",
    "author": "blue****",
    "review_id": "9947694",
    "movie_id": "40033"
  },
  {
    "review": "영화가 끝나고 남는건 잔혹함뿐",
    "date": "15.05.15",
    "rating": "2",
    "author": "west****",
    "review_id": "9918895",
    "movie_id": "40033"
  },
  {
    "review": "역시 차승원이다. 수작인듯",
    "date": "15.05.02",
    "rating": "10",
    "author": "asdf****",
    "review_id": "9888177",
    "movie_id": "40033"
  },
  {
    "review": "진부하고 장황해지는 후반부가 아쉽다",
    "date": "15.04.30",
    "rating": "6",
    "author": "rcan****",
    "review_id": "9880083",
    "movie_id": "40033"
  },
  {
    "review": "잼있네..",
    "date": "15.04.11",
    "rating": "10",
    "author": "rnfm****",
    "review_id": "9839365",
    "movie_id": "40033"
  },
  {
    "review": "거의 10년만에 다시 보게 됐는데 당시로써는 꽤나 수작에 가까운 한국 영화",
    "date": "15.04.04",
    "rating": "10",
    "author": "airc****",
    "review_id": "9826354",
    "movie_id": "40033"
  },
  {
    "review": "장화홍련과 함께 최고의 영화",
    "date": "15.03.30",
    "rating": "10",
    "author": "zlzy****",
    "review_id": "9817215",
    "movie_id": "40033"
  },
  {
    "review": "인간의 이기심을 찢어버리고 싶다",
    "date": "15.03.01",
    "rating": "10",
    "author": "sunn****",
    "review_id": "9750729",
    "movie_id": "40033"
  },
  {
    "review": "토포사와 원규의 사상적 아이러니. 영화가 묘사한 현실은 영화가 보여준 살해방식보다 더 잔인하다.",
    "date": "15.02.28",
    "rating": "8",
    "author": "kish****",
    "review_id": "9746670",
    "movie_id": "40033"
  },
  {
    "review": "백야행의 이민정에 이은 지성의 흑역사.",
    "date": "15.02.22",
    "rating": "10",
    "author": "dpat****",
    "review_id": "9730074",
    "movie_id": "40033"
  },
  {
    "review": "보는 내내 몰입도 잘 됐고 여운도 많이 남아요우리나라 스릴러 중에 제기준엔 최고였어요반전도 그렇고",
    "date": "15.01.31",
    "rating": "10",
    "author": "9mon****",
    "review_id": "9653473",
    "movie_id": "40033"
  },
  {
    "review": "훌륭한 영화!! 편집만 좀 더 세련되게 다듬었으면, 살인의추억급도 가능했는데 아쉽습니다.",
    "date": "15.01.28",
    "rating": "8",
    "author": "wnsl****",
    "review_id": "9646679",
    "movie_id": "40033"
  },
  {
    "review": "뭐 대충 볼만은 함..쩝...",
    "date": "14.12.29",
    "rating": "10",
    "author": "hiph****",
    "review_id": "9534040",
    "movie_id": "40033"
  },
  {
    "review": "어릴때 봤을땐 정말 무서웠는데 시간 지난뒤 생각나서 다시 봤는데  정말 좋은 영화",
    "date": "14.12.22",
    "rating": "9",
    "author": "jeje****",
    "review_id": "9502612",
    "movie_id": "40033"
  },
  {
    "review": "한국 영화 중 이런 스릴러가 다시 나올 수 있을까 싶다",
    "date": "14.12.07",
    "rating": "9",
    "author": "zhkw****",
    "review_id": "9456945",
    "movie_id": "40033"
  },
  {
    "review": "흥미로운 시나리오와 괜찮은 반전, 깔끔한 고어씬들이 적절히 합작된 웰메이드 시대극 잔혹스릴러.",
    "date": "14.12.02",
    "rating": "10",
    "author": "kjk9****",
    "review_id": "9439875",
    "movie_id": "40033"
  },
  {
    "review": "민심은 과불급이 있어선 안되느니..그 때를 놓치게되면 칼로서도 막을수 없게된다...",
    "date": "14.11.27",
    "rating": "10",
    "author": "wsgu****",
    "review_id": "9424954",
    "movie_id": "40033"
  },
  {
    "review": "좋은영화입니다. 오래된영화지만 개인적으로 명랑보다 작품성이 높다고 생각합니다",
    "date": "14.11.15",
    "rating": "10",
    "author": "air3****",
    "review_id": "9385515",
    "movie_id": "40033"
  },
  {
    "review": "숨겨진 수작이요 ㅊㅊㅊㅊ",
    "date": "14.11.06",
    "rating": "8",
    "author": "rosu****",
    "review_id": "9347083",
    "movie_id": "40033"
  },
  {
    "review": "스릴러 사극~ 이 영화 괜찮다.",
    "date": "14.09.27",
    "rating": "9",
    "author": "toto****",
    "review_id": "9243265",
    "movie_id": "40033"
  },
  {
    "review": "오랫만에 제대로된 한국영화 한편봤다.평점을 보면 저평가 된게 맞는듯 싶다.8.5이상은 되어야 정상인듯.",
    "date": "14.08.16",
    "rating": "10",
    "author": "a109****",
    "review_id": "9094112",
    "movie_id": "40033"
  },
  {
    "review": "우리나라 최초의 신소설인 '혈의누' 역사를 공부하거나 좋아하는 사람이라면 당시 시대에 대해서 이 영화가 세세한 부분까지도 표현을 잘한거 같다. 신분계급이나 당시의 종교 경제상황 등 볼거리가 많았다. 그렇지만 전체적인 스토리가 확 와닿지는 않았다.",
    "date": "14.08.03",
    "rating": "7",
    "author": "yong****",
    "review_id": "9020832",
    "movie_id": "40033"
  },
  {
    "review": "내가 본 한국 스릴러 중 최고",
    "date": "14.07.30",
    "rating": "10",
    "author": "rama****",
    "review_id": "8986330",
    "movie_id": "40033"
  },
  {
    "review": "몇번을 봐도 빠져드는 영화.. 많은 생각을 하게하는 영화..",
    "date": "14.07.09",
    "rating": "10",
    "author": "heey****",
    "review_id": "8897314",
    "movie_id": "40033"
  },
  {
    "review": "쉽지않은 영화였지만 나름 잘만들어진 수작인듯합니다. 그냥 제가 본 관점에서 잘보고갑니다.",
    "date": "14.06.30",
    "rating": "8",
    "author": "myon****",
    "review_id": "8870947",
    "movie_id": "40033"
  },
  {
    "review": "오랜만에 티비에서 재방을 해서 보는데 또봐도 재미있네요잘만들어진 영화라고 생각힙니다",
    "date": "14.06.27",
    "rating": "9",
    "author": "bona****",
    "review_id": "8861024",
    "movie_id": "40033"
  },
  {
    "review": "보고나서 마음이 아팠다 내라티브 긴장감 연출력등등 다 조았으나 무엇보다 마음을 울리는건 \"사랑\"이다 아 사랑이었구나 ... 그래서 슬프고 여운이 남는 영화",
    "date": "14.06.27",
    "rating": "8",
    "author": "yooj****",
    "review_id": "8860939",
    "movie_id": "40033"
  },
  {
    "review": "한국색채가 잘 드러난스릴러물시종일관 우중충한 느낌이마음을 축 처지게한다.인간의 이기심이란..참 무섭다는 생각이 든다.",
    "date": "14.05.16",
    "rating": "8",
    "author": "subs****",
    "review_id": "8734724",
    "movie_id": "40033"
  },
  {
    "review": "오랜만에 다시보고 평점 남기는데 재밌는 영화임 시나리오가 좋다.",
    "date": "14.05.11",
    "rating": "9",
    "author": "kbut****",
    "review_id": "8721859",
    "movie_id": "40033"
  },
  {
    "review": "우리나라 사극 스릴러 중에서 베스트일정도로 지금봐도 재미있다.",
    "date": "14.05.09",
    "rating": "10",
    "author": "dkdl****",
    "review_id": "8717742",
    "movie_id": "40033"
  },
  {
    "review": "재밌다 이런~열ㄹ를 써야하느뉘ㅣ",
    "date": "14.05.07",
    "rating": "10",
    "author": "powe****",
    "review_id": "8713279",
    "movie_id": "40033"
  },
  {
    "review": "가슴아픈 사랑과 목민의 자세에 대하여",
    "date": "14.05.01",
    "rating": "10",
    "author": "zard****",
    "review_id": "8689431",
    "movie_id": "40033"
  },
  {
    "review": "영화를 꿰뚫고있는 주제를 생각하면 모든 등장인물은 위선자들일뿐.고어한 장면은 훌륭하지만 좀 과~한가.?",
    "date": "14.04.20",
    "rating": "9",
    "author": "z08k****",
    "review_id": "8662562",
    "movie_id": "40033"
  },
  {
    "review": "한국 서스펜스 스릴러 사극물 중에선 손꼽히는 명작. 특히 많은 생각이 들게 하는 메세지가 좋았다.",
    "date": "14.04.12",
    "rating": "8",
    "author": "sipj****",
    "review_id": "8646112",
    "movie_id": "40033"
  },
  {
    "review": "최고의 영화입니다 존경합니다 감독님 배우님 스텝분들 감사합니다 이런 영화를 만들어 주셔서",
    "date": "14.04.09",
    "rating": "10",
    "author": "p_o_****",
    "review_id": "8637173",
    "movie_id": "40033"
  },
  {
    "review": "이 영화도 내년이면 10년 째구나",
    "date": "14.03.21",
    "rating": "8",
    "author": "qkqh****",
    "review_id": "8592252",
    "movie_id": "40033"
  },
  {
    "review": "조아재미져맘ㅎ니들뷰ㅏ",
    "date": "14.03.03",
    "rating": "10",
    "author": "qkqj****",
    "review_id": "8552815",
    "movie_id": "40033"
  },
  {
    "review": "차승원 캐스팅잘한듯 재밌게봤습니다",
    "date": "14.02.19",
    "rating": "10",
    "author": "loy1****",
    "review_id": "8521287",
    "movie_id": "40033"
  },
  {
    "review": "긴장감도 있고 배우들의 연기도 좋았음. 한국 사극 스릴러로서 매력있음. 하지만 결말이 다소 아쉬움. 나름 추리를 따라가는 재미가 있기는 함.",
    "date": "14.02.18",
    "rating": "8",
    "author": "jjaj****",
    "review_id": "8518272",
    "movie_id": "40033"
  },
  {
    "review": "비겁함, 죄책감, 집단광기..,",
    "date": "13.11.25",
    "rating": "8",
    "author": "umoc****",
    "review_id": "8168176",
    "movie_id": "40033"
  },
  {
    "review": "어렸을적 처음 볼땐 마냥 무섭고 잼있었지만 지금 생각해보면 정말 섬짓하리만큼 무서운 무언가가 있다.만약 쥐를 한마리 잡아서 거열형을 시켜보면 어떨까? 반성의 의미에서 말이야..",
    "date": "13.11.22",
    "rating": "9",
    "author": "icet****",
    "review_id": "8159472",
    "movie_id": "40033"
  },
  {
    "review": "조선시대 배경으로 한 스릴러 중에 가장 수작이라 생각됨.",
    "date": "13.11.12",
    "rating": "8",
    "author": "choc****",
    "review_id": "8133454",
    "movie_id": "40033"
  },
  {
    "review": "소름끼치는 건 잔인한 장면이 아니라 메시지다. 한참을 생각하게 하는 영화",
    "date": "13.10.15",
    "rating": "8",
    "author": "bram****",
    "review_id": "8062136",
    "movie_id": "40033"
  },
  {
    "review": "사극스릴러의 진수! 박용우의 재발견!!",
    "date": "13.10.11",
    "rating": "10",
    "author": "lect****",
    "review_id": "8052932",
    "movie_id": "40033"
  },
  {
    "review": "우리나라풍의 스릴러가 무엇인가 보여준다",
    "date": "13.09.28",
    "rating": "10",
    "author": "mut3****",
    "review_id": "8019748",
    "movie_id": "40033"
  },
  {
    "review": "전형적인 한국사극 영화인듯...",
    "date": "13.09.23",
    "rating": "7",
    "author": "do11****",
    "review_id": "8012323",
    "movie_id": "40033"
  },
  {
    "review": "평점이상인듯 또보고싶다",
    "date": "13.09.19",
    "rating": "10",
    "author": "qhr1****",
    "review_id": "7996684",
    "movie_id": "40033"
  },
  {
    "review": "스릴러 사극의 진수를 선보인 수작.",
    "date": "13.09.11",
    "rating": "9",
    "author": "itsm****",
    "review_id": "7966358",
    "movie_id": "40033"
  },
  {
    "review": "평점잘안주는데정말잘봣슴..",
    "date": "13.08.30",
    "rating": "10",
    "author": "wjsq****",
    "review_id": "7935785",
    "movie_id": "40033"
  },
  {
    "review": "저 평가된 한국 사극 스릴러의 명작. 이정도 잘 만들기 어렵다. 웰메이드 작품들 사이에 위치해야할 작품. 차승원과 박용우의 호연,잘짜여진 시나리오,농밀한 카메라 워크, 적절한 음악. 모두 수준 이상이다.",
    "date": "13.08.27",
    "rating": "10",
    "author": "casa****",
    "review_id": "7926057",
    "movie_id": "40033"
  },
  {
    "review": "1점 짜리 인간들의 손꾸락... 아니 키보드를 거열하고 싶다 ㅋㅋ드라마 \"다모\" 이후 제작되었으니 이원규 역에 이서진을 캐스팅하든지, 차승원 대사를 이서진이 더빙이라도 했으면 흥행에도 크게 성공하지 않았을까 ?",
    "date": "13.08.10",
    "rating": "9",
    "author": "s295****",
    "review_id": "7864439",
    "movie_id": "40033"
  },
  {
    "review": "첨부터 끝까지 어두운.... 죄없이 죽은 닭대가리만 자꾸 생각난다.",
    "date": "13.07.30",
    "rating": "7",
    "author": "cred****",
    "review_id": "7799288",
    "movie_id": "40033"
  },
  {
    "review": "역시 기대를 저버리지 않았어!",
    "date": "13.07.22",
    "rating": "1",
    "author": "ske4****",
    "review_id": "7774015",
    "movie_id": "40033"
  },
  {
    "review": "재밌는데 평점이 낮네 아쉽당",
    "date": "13.07.21",
    "rating": "10",
    "author": "koof****",
    "review_id": "7769839",
    "movie_id": "40033"
  },
  {
    "review": "잘만든 스릴러 한국영화 치밀하지만 긴장감이 없다는게 흠이랄까",
    "date": "13.06.28",
    "rating": "7",
    "author": "ghzm****",
    "review_id": "7686943",
    "movie_id": "40033"
  },
  {
    "review": "최악 진짜 너무 싫다",
    "date": "13.06.11",
    "rating": "1",
    "author": "fee1****",
    "review_id": "7627617",
    "movie_id": "40033"
  },
  {
    "review": "중후반까지 굉장히 흥미로운 추리물로 잘 이끌어 나갔지만 마무리는 판타지로 바뀌면서 많은 아쉬움을 남겼다.",
    "date": "13.06.04",
    "rating": "6",
    "author": "inos****",
    "review_id": "7579034",
    "movie_id": "40033"
  },
  {
    "review": "한국적정서가 깊게 배어있는 스릴러계의 수작",
    "date": "13.05.27",
    "rating": "8",
    "author": "chla****",
    "review_id": "7557439",
    "movie_id": "40033"
  },
  {
    "review": "보기 드문 수작이다!",
    "date": "13.04.29",
    "rating": "10",
    "author": "mari****",
    "review_id": "7493553",
    "movie_id": "40033"
  },
  {
    "review": "새다 못해 철철 흘러 넘치는 피",
    "date": "13.04.11",
    "rating": "7",
    "author": "bbq2****",
    "review_id": "7449968",
    "movie_id": "40033"
  },
  {
    "review": "이질적이지만 조선과 미스터리의 조합이 괜찮다.",
    "date": "13.04.03",
    "rating": "7",
    "author": "nice****",
    "review_id": "7432100",
    "movie_id": "40033"
  },
  {
    "review": "내가 본 최악의 영화",
    "date": "13.02.19",
    "rating": "1",
    "author": "genz****",
    "review_id": "7282180",
    "movie_id": "40033"
  },
  {
    "review": "재밋다",
    "date": "13.02.09",
    "rating": "10",
    "author": "cmr7****",
    "review_id": "7240481",
    "movie_id": "40033"
  },
  {
    "review": "재밌게봤다~ 추리하면서 보는영화 ㅎㅎ",
    "date": "13.01.14",
    "rating": "9",
    "author": "cool****",
    "review_id": "7115193",
    "movie_id": "40033"
  },
  {
    "review": "지루하다. 한 없이 늘어진다. 평범한 미스터리 추리극 가지고는 흥행이 될 수 없음을 여실히 드러낸 영화. 집단 이기주의에 대한 메세지 말고는 그 어떤 감정도 느낄 수 없었다.",
    "date": "13.01.08",
    "rating": "4",
    "author": "jima****",
    "review_id": "7091409",
    "movie_id": "40033"
  },
  {
    "review": "사실 관람 전에 별 다른 기대를 하지 않았었다. 관람 후에는 기대를 하지 않았던 점이 무척 다행이라고 생각했다. 추가:  Rachmaninoff Piano Concerto No. 3 . 의  음악에서 Shine   이라는 영화를  떠오릴 것은 큰 수확",
    "date": "13.01.05",
    "rating": "1",
    "author": "prel****",
    "review_id": "7084455",
    "movie_id": "40033"
  },
  {
    "review": "ㅇㅇ",
    "date": "13.01.01",
    "rating": "10",
    "author": "wkd7****",
    "review_id": "7072473",
    "movie_id": "40033"
  },
  {
    "review": "여러 장르가 혼합된 영화들보다는 이렇게 색깔있는 영화가 향후 한국영화의 성공기준이 될 수도 있겠다.",
    "date": "12.12.04",
    "rating": "8",
    "author": "kos4****",
    "review_id": "6970609",
    "movie_id": "40033"
  },
  {
    "review": "한국 스릴러물 중에 정말 손에 꼽을 정도로 재밌게 봤던 영화! 박용우 차승원씨 등등 배우들 연기도 너무 멋졌고..스토리도 너무 좋았습니다. 내 취향ㅜㅜ감탄하면서 봤어요. 그리고 라흐마니노프는 정말 탁월한 선택이었다고 생각합니다!",
    "date": "12.11.25",
    "rating": "9",
    "author": "dear****",
    "review_id": "6925534",
    "movie_id": "40033"
  },
  {
    "review": "영화에서 보여주는 그가 범인이 아니다.",
    "date": "12.11.16",
    "rating": "10",
    "author": "egot****",
    "review_id": "6892919",
    "movie_id": "40033"
  },
  {
    "review": "지은죄는 평생지워지지안네요 억울한 죽음이부르는 피의 복수극...어찌보면 속이 시원하면서도 결국은 모두가 피해자란 사실..명작입니다",
    "date": "12.11.05",
    "rating": "10",
    "author": "ses5****",
    "review_id": "6857296",
    "movie_id": "40033"
  },
  {
    "review": "여배우가 너무 현대여성의 이미지라는것 말고는 흠이랄게 없는 영화다. 스토리며 연출이며 연기며 영상이며 어디하나 빠지지 않는다. 유해진 연기 참 잘한다고 느꼈던 영화. 이후 완전 잘나가시더만요",
    "date": "12.10.30",
    "rating": "10",
    "author": "zize****",
    "review_id": "6836731",
    "movie_id": "40033"
  },
  {
    "review": "쩜ㅇㅇ",
    "date": "12.10.29",
    "rating": "10",
    "author": "qorh****",
    "review_id": "6835233",
    "movie_id": "40033"
  },
  {
    "review": "끝까지 궁금증을 잃지 않고 긴박하게 잘 연출했다",
    "date": "12.10.29",
    "rating": "8",
    "author": "kimg****",
    "review_id": "6834098",
    "movie_id": "40033"
  },
  {
    "review": "최고의 메세지와 반전. 멋진 연기들",
    "date": "12.10.29",
    "rating": "9",
    "author": "joll****",
    "review_id": "6833805",
    "movie_id": "40033"
  },
  {
    "review": "극장에서 보다가 잠든영환데 오늘 티비에서 다시 봤는데 정말 재밌네. 그때왜잤지. 좋은영화, 잘만든영화네요",
    "date": "12.10.29",
    "rating": "10",
    "author": "juny****",
    "review_id": "6833764",
    "movie_id": "40033"
  },
  {
    "review": "최고의 영화",
    "date": "12.10.29",
    "rating": "10",
    "author": "s982****",
    "review_id": "6833721",
    "movie_id": "40033"
  },
  {
    "review": "왜?  저평가일까..정말 좋은 영화이다 적어도 내겐.",
    "date": "12.10.27",
    "rating": "10",
    "author": "munb****",
    "review_id": "6828715",
    "movie_id": "40033"
  },
  {
    "review": "여러번 보게 만드는 영화..걸작",
    "date": "12.10.21",
    "rating": "10",
    "author": "nam2****",
    "review_id": "6819292",
    "movie_id": "40033"
  },
  {
    "review": "잔인하긴 하기만... 괘나 잘 만든 영화!",
    "date": "12.10.13",
    "rating": "9",
    "author": "ssww****",
    "review_id": "6797987",
    "movie_id": "40033"
  },
  {
    "review": "배경만 조선 시대일뿐 각각인간군상들의 이기주의는 현대의 그것과 전혀 다르지않다 한국영화의 숨겨진 진주같은영화",
    "date": "12.09.17",
    "rating": "10",
    "author": "mono****",
    "review_id": "6709414",
    "movie_id": "40033"
  },
  {
    "review": "스토리가 굉장히 탄탄....결말이 조금 아쉬웠지만 정말 괜찮은 한국영화.",
    "date": "12.08.11",
    "rating": "9",
    "author": "love****",
    "review_id": "6592384",
    "movie_id": "40033"
  },
  {
    "review": "아...사극은 진짜 못알아듣겠다. 누가 한글자막좀 만들어주시지;;",
    "date": "12.08.10",
    "rating": "7",
    "author": "cyje****",
    "review_id": "6591306",
    "movie_id": "40033"
  },
  {
    "review": "핏빛속에 가려진 진주같은 한국영화. 다만 핏빛이 지나치게 강하다.",
    "date": "12.08.05",
    "rating": "9",
    "author": "hsw2****",
    "review_id": "6575373",
    "movie_id": "40033"
  },
  {
    "review": "한국영와의 몇 안되는 명작~~~",
    "date": "12.07.31",
    "rating": "10",
    "author": "sado****",
    "review_id": "6558146",
    "movie_id": "40033"
  }
]