[
  {
    "review": "뻔한내용이지만어려움속에서도꿋꿋하게살아가는모습이감동",
    "date": "15.05.18",
    "rating": "10",
    "author": "kyou****",
    "review_id": "9930128",
    "movie_id": "40036"
  },
  {
    "review": "저는 임산부에요 매일 저녁마다 재미있게 보는데 한번씩 욕하는 대사가 나오면 깜짝 깜짝 놀래네요~~ㅠㅠ",
    "date": "15.02.23",
    "rating": "5",
    "author": "0424****",
    "review_id": "9732720",
    "movie_id": "40036"
  },
  {
    "review": "배우들 연기가 어설픔 별로 볼만하지않음",
    "date": "13.07.31",
    "rating": "6",
    "author": "real****",
    "review_id": "7802937",
    "movie_id": "40036"
  },
  {
    "review": "걸작까진 아니라 해도 이 정도면 충분히 재미있지 않은가. ^0^",
    "date": "11.08.26",
    "rating": "7",
    "author": "ksyi****",
    "review_id": "5688804",
    "movie_id": "40036"
  },
  {
    "review": "유료다운로드 받고 싶은데 아무도 올리질 않는다...그래서 짜증나는영화",
    "date": "10.04.12",
    "rating": "1",
    "author": "daer****",
    "review_id": "4427967",
    "movie_id": "40036"
  },
  {
    "review": "저예산의 미학.",
    "date": "09.08.20",
    "rating": "3",
    "author": "evil****",
    "review_id": "3768686",
    "movie_id": "40036"
  },
  {
    "review": "주인공들이 짜증나고 설정이 좀 이상하다...",
    "date": "09.06.23",
    "rating": "2",
    "author": "cond****",
    "review_id": "3583505",
    "movie_id": "40036"
  },
  {
    "review": "은영이 누나 영화 잘 봤어요~~ 최고에요~",
    "date": "08.04.19",
    "rating": "10",
    "author": "kwan****",
    "review_id": "2587742",
    "movie_id": "40036"
  },
  {
    "review": "간만에 재이있는영화봤네요 영화같은장면속에 현실적이 묻어있는..",
    "date": "08.04.14",
    "rating": "10",
    "author": "susi****",
    "review_id": "2580291",
    "movie_id": "40036"
  },
  {
    "review": "감독의 화술은 맘에 든다만, 중반의 에피소드가 전체적인 흐름을 끊는다..",
    "date": "07.08.08",
    "rating": "4",
    "author": "skat****",
    "review_id": "1904184",
    "movie_id": "40036"
  },
  {
    "review": "홍상수 영화속 캐릭터들에게 더 정이가는 이유",
    "date": "07.01.11",
    "rating": "2",
    "author": "okjo****",
    "review_id": "1375492",
    "movie_id": "40036"
  },
  {
    "review": "결혼도 모르는데 이혼까지 알리가 없지...",
    "date": "07.01.06",
    "rating": "6",
    "author": "ghos****",
    "review_id": "1361262",
    "movie_id": "40036"
  },
  {
    "review": "이런부류의영화 평균은 주자",
    "date": "06.10.11",
    "rating": "10",
    "author": "bang****",
    "review_id": "1176007",
    "movie_id": "40036"
  },
  {
    "review": "반야씨 연기가 이상적",
    "date": "06.09.09",
    "rating": "8",
    "author": "zeed****",
    "review_id": "1112149",
    "movie_id": "40036"
  },
  {
    "review": "덕분에 텅 빈 극장에서 혼자 영화를 보는 귀한 경험을 해봤다는",
    "date": "06.08.08",
    "rating": "6",
    "author": "nfre****",
    "review_id": "985322",
    "movie_id": "40036"
  },
  {
    "review": "살망이 이만저만",
    "date": "06.03.08",
    "rating": "1",
    "author": "hwaj****",
    "review_id": "709251",
    "movie_id": "40036"
  },
  {
    "review": "영화보고는 허탈한 웃음밖에...ㅡㅡ;;",
    "date": "06.02.17",
    "rating": "1",
    "author": "eunf****",
    "review_id": "676275",
    "movie_id": "40036"
  },
  {
    "review": "뭐가 사실적이라는건지...광녀와, 광남의 결혼?? 뭐야 대체?",
    "date": "06.02.17",
    "rating": "1",
    "author": "bats****",
    "review_id": "676273",
    "movie_id": "40036"
  },
  {
    "review": "시사회라서 참았다~장난하나..대체 뭘 말하려는거야? 달려라광녀",
    "date": "06.02.17",
    "rating": "1",
    "author": "koko****",
    "review_id": "676269",
    "movie_id": "40036"
  },
  {
    "review": "멀리서 시사회 보러 달려갔는데 ㅠ 쫌실망했어요 ㅠ",
    "date": "06.02.12",
    "rating": "1",
    "author": "gira****",
    "review_id": "665057",
    "movie_id": "40036"
  },
  {
    "review": "둘다 연극출신인지..연기가 무척이나 어색하고, 지루하고~",
    "date": "06.02.11",
    "rating": "2",
    "author": "wlaa****",
    "review_id": "661512",
    "movie_id": "40036"
  },
  {
    "review": "와이프 왈~  \"완전 사실적!\", 미혼은 이해하기 힘들수도...",
    "date": "06.02.11",
    "rating": "8",
    "author": "wind****",
    "review_id": "661497",
    "movie_id": "40036"
  },
  {
    "review": "영화에 대해 잘 몰라서인지 조금은 이해하기 힘든 영화네요",
    "date": "06.02.10",
    "rating": "3",
    "author": "ays0****",
    "review_id": "658566",
    "movie_id": "40036"
  },
  {
    "review": "관객들 뒤집어짐, 상업영화 같은데..왜 필름포럼에만 개봉하지?",
    "date": "06.02.10",
    "rating": "10",
    "author": "good****",
    "review_id": "658263",
    "movie_id": "40036"
  },
  {
    "review": "소재는 공감이가나 현실적인면이 좀 미흡그래도 재미있게봤네요.",
    "date": "06.02.10",
    "rating": "7",
    "author": "qndn****",
    "review_id": "658192",
    "movie_id": "40036"
  },
  {
    "review": "배우들의 연기가 좀 어색한 부분이 없잖아있네요..",
    "date": "06.02.09",
    "rating": "7",
    "author": "xjap****",
    "review_id": "657991",
    "movie_id": "40036"
  },
  {
    "review": "부산국제영화제에서 봤는데 현실적이다 기대이상이였다.",
    "date": "06.02.06",
    "rating": "10",
    "author": "lapp****",
    "review_id": "651996",
    "movie_id": "40036"
  },
  {
    "review": "달려라 광녀",
    "date": "06.02.04",
    "rating": "1",
    "author": "clea****",
    "review_id": "646342",
    "movie_id": "40036"
  },
  {
    "review": "쩝..",
    "date": "06.02.03",
    "rating": "1",
    "author": "hanw****",
    "review_id": "644303",
    "movie_id": "40036"
  },
  {
    "review": "아싸.~",
    "date": "06.01.29",
    "rating": "10",
    "author": "limg****",
    "review_id": "631455",
    "movie_id": "40036"
  }
]