[
  {
    "review": "불륜조장영화, 불륜이 자기가 하면 자기가하면 로맨스라죠? 그냥 있는그대로 사실이 불륜조장영화라고요.",
    "date": "15.02.03",
    "rating": "5",
    "author": "zang****",
    "review_id": "9662231",
    "movie_id": "40031"
  },
  {
    "review": "전혀 치명적이지도, 전혀 아름답지도..배우들부터가 완전 별로인 snl 패러디로 쓰면 재밌을 듯한 ㅋㅋ",
    "date": "14.12.23",
    "rating": "2",
    "author": "vmvm****",
    "review_id": "9503435",
    "movie_id": "40031"
  },
  {
    "review": "타인의 시선, 통속적인 관념 따위 상관하지 않고 오롯이감정이 흘러가는대로 행동했는데 그것이 사랑이라 느꼈다면 진정한 사랑이라 칭할 수 있지않을까? 불륜이라 느낀다면 세속적인 관념들로 점철된 자신을 거울을 통해 비춤이라..거세된 사랑이 아니라 아름답다",
    "date": "14.10.13",
    "rating": "9",
    "author": "ssre****",
    "review_id": "9288862",
    "movie_id": "40031"
  },
  {
    "review": "스물하나. 인상적이었던 '어른들의 사랑' 하지만 끝내 이해할 수 없던 '그들만의 사랑' 요란한 색으로 휘감고 있는 영화였지만, 그렇게 인상적이지 않았던건 그색이 자극적이나 아름답지는 않았기 때문에.",
    "date": "14.09.25",
    "rating": "7",
    "author": "xnxl****",
    "review_id": "9240749",
    "movie_id": "40031"
  },
  {
    "review": "나이 든 여성의 환타지.",
    "date": "14.07.21",
    "rating": "5",
    "author": "tear****",
    "review_id": "8936739",
    "movie_id": "40031"
  },
  {
    "review": "고화질로 다시 보고 싶다. 추천함.",
    "date": "14.07.13",
    "rating": "10",
    "author": "kmpo****",
    "review_id": "8911377",
    "movie_id": "40031"
  },
  {
    "review": "불륜은 나쁘지만, 설레임과 애잔함으로 깊은 감동을 주는 영화",
    "date": "14.07.07",
    "rating": "10",
    "author": "3lov****",
    "review_id": "8893890",
    "movie_id": "40031"
  },
  {
    "review": "뭘 자꾸 적으라 그래 그냥 좋다고",
    "date": "14.06.07",
    "rating": "10",
    "author": "rkae****",
    "review_id": "8806305",
    "movie_id": "40031"
  },
  {
    "review": "영상미, 음악은 정말 괜찮아요. 이거 하나로 볼 만한 영화임. 말도 안되는 어른 여자의 판타지 소설이지만;",
    "date": "14.02.09",
    "rating": "10",
    "author": "todn****",
    "review_id": "8493499",
    "movie_id": "40031"
  },
  {
    "review": "허영 이빠이 데스무니다",
    "date": "14.01.14",
    "rating": "1",
    "author": "myou****",
    "review_id": "8381360",
    "movie_id": "40031"
  },
  {
    "review": "남이하면 불륜 내가하면 로맨스ㅋㅋ 오에스티가 맘에들었다. 일본감성이 많이 녹아있어서 약간의 부담감이 있지만, 사랑은 빠지는거야 라는 대사가 가장 기억에 남는다.",
    "date": "13.11.27",
    "rating": "8",
    "author": "ala9****",
    "review_id": "8171857",
    "movie_id": "40031"
  },
  {
    "review": "중년여성에 대한 판타지 충족",
    "date": "13.10.10",
    "rating": "5",
    "author": "nuru****",
    "review_id": "8050685",
    "movie_id": "40031"
  },
  {
    "review": "사랑은 하는게 아니라 빠지는거다.",
    "date": "13.10.02",
    "rating": "7",
    "author": "okre****",
    "review_id": "8028688",
    "movie_id": "40031"
  },
  {
    "review": "여자는 40대에 사랑을 눈을 뜬다...ㅎㅎ",
    "date": "13.09.06",
    "rating": "7",
    "author": "mirj****",
    "review_id": "7951964",
    "movie_id": "40031"
  },
  {
    "review": "더러운영화",
    "date": "13.08.24",
    "rating": "1",
    "author": "kang****",
    "review_id": "7917717",
    "movie_id": "40031"
  },
  {
    "review": "소재도 흔하고  중년 여성과 미혼 남성의 사랑을 그린 이야기가 그리 가슴에 와닿지 않는다. 약간 지루하기도 하고...",
    "date": "13.07.08",
    "rating": "5",
    "author": "lees****",
    "review_id": "7717661",
    "movie_id": "40031"
  },
  {
    "review": "평점하하하..연상연하커플임에도아주잘어울리네..나이차를극복잘하는거같구..나이와배경을모르고사귀면도데체서로를뭘알겠노..진정한사랑많이남겠지..모두들먼저눈에색안경부터끼고보니깐..이런저런다빼면나름괜찬은영화같음",
    "date": "13.07.04",
    "rating": "8",
    "author": "seon****",
    "review_id": "7705359",
    "movie_id": "40031"
  },
  {
    "review": "좋음",
    "date": "13.03.07",
    "rating": "9",
    "author": "hghg****",
    "review_id": "7329807",
    "movie_id": "40031"
  },
  {
    "review": "애잔함",
    "date": "13.02.15",
    "rating": "9",
    "author": "zard****",
    "review_id": "7269150",
    "movie_id": "40031"
  },
  {
    "review": "어렸을때 인상깊게 본영화.. 다시봐도 역시 훌룡하네요",
    "date": "12.12.11",
    "rating": "10",
    "author": "kill****",
    "review_id": "6992765",
    "movie_id": "40031"
  },
  {
    "review": "중반까지만 보자면 10점. 그런데 왜 중반 넘어 가면서 점점 사랑과전쟁이 되냐? 파리에서의 재회 너무 상투적이라 손발퇴갤. 뒷부분이 별점 다 깎아먹는다. 에쿠니 가오리에게 무례를 저지른 영화.",
    "date": "12.12.04",
    "rating": "7",
    "author": "hih3****",
    "review_id": "6970130",
    "movie_id": "40031"
  },
  {
    "review": "별로였다",
    "date": "12.11.02",
    "rating": "3",
    "author": "yama****",
    "review_id": "6846899",
    "movie_id": "40031"
  },
  {
    "review": "내나이 40대라 그런지 그들의 사랑 이해가간다. 오카다같은 남자라면 사랑에 빠질수도 있을거같다. 마츠준은 매력적인 나쁜 남자다.",
    "date": "12.10.05",
    "rating": "10",
    "author": "mhy8****",
    "review_id": "6765499",
    "movie_id": "40031"
  },
  {
    "review": "결말은 별로 맘에 안 들지만.. 에쿠니 가오리가 왜 유명한지 알겠네",
    "date": "12.08.15",
    "rating": "8",
    "author": "smil****",
    "review_id": "6605993",
    "movie_id": "40031"
  },
  {
    "review": "위기의 주부들은 아이가 없고 마마콘들은 이혼한 가정이란 설정밖에 못하나",
    "date": "12.04.27",
    "rating": "3",
    "author": "void****",
    "review_id": "6248924",
    "movie_id": "40031"
  },
  {
    "review": "사랑에만 목매어 울부짖는 시대는 갔다.",
    "date": "12.04.14",
    "rating": "4",
    "author": "gato****",
    "review_id": "6218373",
    "movie_id": "40031"
  },
  {
    "review": "소설도 영화도 메인보다 키미코와 코지만 만점이다. 그래서 5점.",
    "date": "12.04.13",
    "rating": "5",
    "author": "0107****",
    "review_id": "6215700",
    "movie_id": "40031"
  },
  {
    "review": "아 ㅅㅂ 짜증나네 ,다시볼려는데 아무리찾아도 파일이없네 짱나서 1점이다!!!",
    "date": "12.02.06",
    "rating": "1",
    "author": "ayus****",
    "review_id": "6055495",
    "movie_id": "40031"
  },
  {
    "review": "허세 부리느라 애 좀 썼다. 프랑스까지 동원하고,",
    "date": "12.01.31",
    "rating": "4",
    "author": "emin****",
    "review_id": "6037477",
    "movie_id": "40031"
  },
  {
    "review": "소설도 영화도  둘다 아름다운 영화..",
    "date": "12.01.27",
    "rating": "10",
    "author": "dlad****",
    "review_id": "6026956",
    "movie_id": "40031"
  },
  {
    "review": "한번뿐인 인생..그리고 용기",
    "date": "11.12.05",
    "rating": "8",
    "author": "marc****",
    "review_id": "5889376",
    "movie_id": "40031"
  },
  {
    "review": "불륜이지만..어쨌든사랑, 어찌됐든 진짜 사랑이었네..",
    "date": "11.11.07",
    "rating": "7",
    "author": "tnzl****",
    "review_id": "5833629",
    "movie_id": "40031"
  },
  {
    "review": "청춘의 쓸쓸함과 아릿함을 가장 잘 표현해준 영화.",
    "date": "11.08.29",
    "rating": "9",
    "author": "vivi****",
    "review_id": "5695838",
    "movie_id": "40031"
  },
  {
    "review": "여 주인공 아줌마가 예뻐서 그런가....중년 여성에 대한 판타지가 나타난다.",
    "date": "11.08.07",
    "rating": "8",
    "author": "lov2****",
    "review_id": "5613220",
    "movie_id": "40031"
  },
  {
    "review": "잘봤다.",
    "date": "11.07.11",
    "rating": "10",
    "author": "wand****",
    "review_id": "5534900",
    "movie_id": "40031"
  },
  {
    "review": "그저 여자들의 환상",
    "date": "11.07.01",
    "rating": "7",
    "author": "pjc3****",
    "review_id": "5513670",
    "movie_id": "40031"
  },
  {
    "review": "사랑이라 말하기엔 이해할 수 없고 불륜이라 말하기엔 미안하다",
    "date": "11.06.23",
    "rating": "6",
    "author": "thec****",
    "review_id": "5495534",
    "movie_id": "40031"
  },
  {
    "review": "불륜 참 좋아하는 일본다운 영화",
    "date": "11.06.21",
    "rating": "1",
    "author": "tjho****",
    "review_id": "5491911",
    "movie_id": "40031"
  },
  {
    "review": "감독은 책을 안 읽은걸까? 캐스팅 참...남자주인공...너무 아니다~토오루가아니야!!",
    "date": "11.06.06",
    "rating": "3",
    "author": "dnfx****",
    "review_id": "5467950",
    "movie_id": "40031"
  },
  {
    "review": "너는 꿈이 아니야, 내 현실이었어. 외로운 마음을 달래주었던 그 사람을 향한 주문.",
    "date": "11.05.26",
    "rating": "9",
    "author": "soul****",
    "review_id": "5450057",
    "movie_id": "40031"
  },
  {
    "review": "제목.도쿄타워.작품이더있네.하튼.괜찮네.약간지루하지만.멋지고.불륜.사랑.ㅋ.",
    "date": "11.05.16",
    "rating": "7",
    "author": "zang****",
    "review_id": "5430896",
    "movie_id": "40031"
  },
  {
    "review": "마츠준은 멋있다.",
    "date": "11.03.11",
    "rating": "3",
    "author": "xtai****",
    "review_id": "5305334",
    "movie_id": "40031"
  },
  {
    "review": "감독과나의책에대한인물해석이달랐을까? 캐스팅은정말빵점... 몰입안되서보다가껐다.",
    "date": "11.01.30",
    "rating": "2",
    "author": "silv****",
    "review_id": "5197130",
    "movie_id": "40031"
  },
  {
    "review": "처음부터 끝까지 매력적이였던 영화... 지루하지도 않고 괜찮았음",
    "date": "10.08.11",
    "rating": "10",
    "author": "aisi****",
    "review_id": "4735911",
    "movie_id": "40031"
  },
  {
    "review": "도쿄타워에 꼭 가봐야겠다",
    "date": "10.07.30",
    "rating": "10",
    "author": "ranc****",
    "review_id": "4687427",
    "movie_id": "40031"
  },
  {
    "review": "이제야 봤네 ㅋㅋ 사랑의 힘이란 역시 대단하단걸 느낀다",
    "date": "10.07.24",
    "rating": "10",
    "author": "subi****",
    "review_id": "4665771",
    "movie_id": "40031"
  },
  {
    "review": "좀지루한면이없지않아있다. 그래도 나름 여운이남는영화",
    "date": "10.07.05",
    "rating": "7",
    "author": "best****",
    "review_id": "4612593",
    "movie_id": "40031"
  },
  {
    "review": "연기가 참.",
    "date": "10.04.09",
    "rating": "4",
    "author": "miss****",
    "review_id": "4422520",
    "movie_id": "40031"
  },
  {
    "review": "고급스러운 불륜이 목표점이라면 결코 정상은 오르지 못했다..",
    "date": "10.04.03",
    "rating": "7",
    "author": "para****",
    "review_id": "4408031",
    "movie_id": "40031"
  },
  {
    "review": "소설과는 다른 매력, 후반부로 갈수록 좋다.",
    "date": "10.03.29",
    "rating": "8",
    "author": "chuc****",
    "review_id": "4395969",
    "movie_id": "40031"
  },
  {
    "review": "나도 모르게 시간이 갈수록 점점 빨려들어가는 느낌~~~",
    "date": "10.01.28",
    "rating": "9",
    "author": "ypal****",
    "review_id": "4216824",
    "movie_id": "40031"
  },
  {
    "review": "소설봐서 그런지, 너무 꽈놓은듯한...",
    "date": "10.01.14",
    "rating": "6",
    "author": "th88****",
    "review_id": "4167770",
    "movie_id": "40031"
  },
  {
    "review": "연기를 이렇게 못할수도 있구나.",
    "date": "10.01.01",
    "rating": "1",
    "author": "pami****",
    "review_id": "4115238",
    "movie_id": "40031"
  },
  {
    "review": "소설과 영화의 차이.",
    "date": "09.12.31",
    "rating": "6",
    "author": "baer****",
    "review_id": "4111629",
    "movie_id": "40031"
  },
  {
    "review": "나도 한번 쯤 이런 비밀스런 사랑을 해보고 싶기도 하고..",
    "date": "09.12.22",
    "rating": "10",
    "author": "pth0****",
    "review_id": "4071566",
    "movie_id": "40031"
  },
  {
    "review": "사랑은 참 다양하다.",
    "date": "09.12.11",
    "rating": "6",
    "author": "yesj****",
    "review_id": "4034648",
    "movie_id": "40031"
  },
  {
    "review": "분륜 영화로만 생각했는데 아니였구만. 느낌이 참 좋다",
    "date": "09.12.09",
    "rating": "8",
    "author": "acac****",
    "review_id": "4029962",
    "movie_id": "40031"
  },
  {
    "review": "섹시하고 위험한 매력의 마츠준",
    "date": "09.12.02",
    "rating": "10",
    "author": "gany****",
    "review_id": "4008385",
    "movie_id": "40031"
  },
  {
    "review": "사랑에 대해서 다시금 생각하게 하는 영화..",
    "date": "09.11.28",
    "rating": "7",
    "author": "meta****",
    "review_id": "3998013",
    "movie_id": "40031"
  },
  {
    "review": "원작소설만큼의 여운을 바랬던건 역시 무리였다..",
    "date": "09.11.21",
    "rating": "6",
    "author": "wind****",
    "review_id": "3981068",
    "movie_id": "40031"
  },
  {
    "review": "보통..",
    "date": "09.11.16",
    "rating": "7",
    "author": "jazz****",
    "review_id": "3967480",
    "movie_id": "40031"
  },
  {
    "review": "대사 하나하나 감정을 잘 살린 영화... 다른관점의 불륜",
    "date": "09.11.14",
    "rating": "10",
    "author": "duri****",
    "review_id": "3962745",
    "movie_id": "40031"
  },
  {
    "review": "음 별로",
    "date": "09.10.24",
    "rating": "1",
    "author": "yhli****",
    "review_id": "3912157",
    "movie_id": "40031"
  },
  {
    "review": "대사는 감미로웠지만, 영화는 영화에서 끝날만큼 대단한 영화가 아니기에, 그들의불륜",
    "date": "09.10.13",
    "rating": "6",
    "author": "gkag****",
    "review_id": "3891345",
    "movie_id": "40031"
  },
  {
    "review": "구로키 히토미 같은 여자라면 누구나 빠져들 수밖에...",
    "date": "09.10.01",
    "rating": "10",
    "author": "godd****",
    "review_id": "3863440",
    "movie_id": "40031"
  },
  {
    "review": "오카다랑 테라지마 연기가 좋았다. 그래서 후한 점수 주겠음.",
    "date": "09.09.26",
    "rating": "8",
    "author": "reds****",
    "review_id": "3851082",
    "movie_id": "40031"
  },
  {
    "review": "아름다운 불륜 ...",
    "date": "09.09.14",
    "rating": "9",
    "author": "hyun****",
    "review_id": "3829664",
    "movie_id": "40031"
  },
  {
    "review": "이것도 영화라고.. 현실이면 정말 저런 아줌마들때문에 상처받는 사람들 많이 생길듯",
    "date": "09.09.10",
    "rating": "1",
    "author": "ljh_****",
    "review_id": "3823080",
    "movie_id": "40031"
  },
  {
    "review": "섬세한 연출 과유불급의 엔딩",
    "date": "09.09.07",
    "rating": "7",
    "author": "tjsd****",
    "review_id": "3816409",
    "movie_id": "40031"
  },
  {
    "review": "이래서 일본영화가 싫다...ㅎㅎㅎ",
    "date": "09.09.05",
    "rating": "3",
    "author": "tw64****",
    "review_id": "3813253",
    "movie_id": "40031"
  },
  {
    "review": "아름다우면서도 현실에서는 이루워지지 않았음 하는 내용의 영화..",
    "date": "09.08.10",
    "rating": "10",
    "author": "ggeb****",
    "review_id": "3730901",
    "movie_id": "40031"
  },
  {
    "review": "아름다운 영화",
    "date": "09.08.08",
    "rating": "10",
    "author": "habw****",
    "review_id": "3722254",
    "movie_id": "40031"
  },
  {
    "review": "누가누가 정말 사랑했나?",
    "date": "09.08.04",
    "rating": "6",
    "author": "yyjh****",
    "review_id": "3706006",
    "movie_id": "40031"
  },
  {
    "review": "소설보다 재밋는 영화.  남자가봐도 마츠준이 너무 멋지게 나온 영화이다.",
    "date": "09.08.02",
    "rating": "10",
    "author": "kkig****",
    "review_id": "3696679",
    "movie_id": "40031"
  },
  {
    "review": "몇번을 다시 봐도, 정말로 아름다운 느낌의 영화!!! 나 또 감동해버렸어 ㅠㅠ",
    "date": "09.07.29",
    "rating": "10",
    "author": "scht****",
    "review_id": "3679586",
    "movie_id": "40031"
  },
  {
    "review": "비현실적이지만 그래도 어디선가 살고 있을 것 같은 두 사람...",
    "date": "09.07.06",
    "rating": "9",
    "author": "soba****",
    "review_id": "3615275",
    "movie_id": "40031"
  },
  {
    "review": "분위기는 좋으나,매우 비현실적이고 일본풍이며,싸이지앵들이 좋아할만한 영화.",
    "date": "09.06.30",
    "rating": "7",
    "author": "sptl****",
    "review_id": "3602297",
    "movie_id": "40031"
  },
  {
    "review": "동의할수 없지만. 그래도 아름다운 영화.",
    "date": "09.06.29",
    "rating": "8",
    "author": "baja****",
    "review_id": "3599774",
    "movie_id": "40031"
  },
  {
    "review": "머리로는 거부하지만 가슴으로는..",
    "date": "09.06.27",
    "rating": "8",
    "author": "tn99****",
    "review_id": "3594192",
    "movie_id": "40031"
  },
  {
    "review": "심야영화로 보기에 알맞은 영화..",
    "date": "09.06.19",
    "rating": "7",
    "author": "bkm1****",
    "review_id": "3575580",
    "movie_id": "40031"
  },
  {
    "review": "비현실적이고 윤리적 용인이 힘들겠지만 개같은 세상에서 잠깐 상상해볼만한 백일몽.",
    "date": "09.06.12",
    "rating": "8",
    "author": "deka****",
    "review_id": "3559507",
    "movie_id": "40031"
  },
  {
    "review": "현실과의 괴리감.. 40대아줌마가 저리 아름답다면 나라도....",
    "date": "09.05.31",
    "rating": "8",
    "author": "urra****",
    "review_id": "3536091",
    "movie_id": "40031"
  },
  {
    "review": "원작보다 재밌었다",
    "date": "09.05.13",
    "rating": "10",
    "author": "anna****",
    "review_id": "3492740",
    "movie_id": "40031"
  },
  {
    "review": "잼있게 봄.. but.. 부담스러운 롱테이크.",
    "date": "09.04.27",
    "rating": "8",
    "author": "alln****",
    "review_id": "3445658",
    "movie_id": "40031"
  },
  {
    "review": "나이가 들어도 여자는 여자다. 시도는 좋으나 저렴한표현, 그녀의소설과 난 상극인듯",
    "date": "09.04.18",
    "rating": "1",
    "author": "elfh****",
    "review_id": "3427678",
    "movie_id": "40031"
  },
  {
    "review": "사랑앞에선 나이도 중요치 아니하다 감정묘사력최고",
    "date": "09.04.12",
    "rating": "10",
    "author": "hjdh****",
    "review_id": "3417348",
    "movie_id": "40031"
  },
  {
    "review": "20살차이!! 정말 영화가 끝나고 그뒤는 어떻게 됐을까,,,,",
    "date": "09.04.02",
    "rating": "10",
    "author": "mgr0****",
    "review_id": "3400103",
    "movie_id": "40031"
  },
  {
    "review": "주제는 익히 알고 있었고 남자배우들의 풋풋함은 좋았다.",
    "date": "09.03.26",
    "rating": "8",
    "author": "fash****",
    "review_id": "3388417",
    "movie_id": "40031"
  },
  {
    "review": "저질 쓰레기 영화, 불륜을 정당화하려는 같잖은 시도",
    "date": "09.03.15",
    "rating": "1",
    "author": "ssk5****",
    "review_id": "3368074",
    "movie_id": "40031"
  },
  {
    "review": "분명 안되는건데...그런데 공감이 가는 사랑. 안되는거라서 안타까웠던 이야기인듯",
    "date": "09.02.26",
    "rating": "10",
    "author": "like****",
    "review_id": "3333796",
    "movie_id": "40031"
  },
  {
    "review": "불륜영화치고는 괜찮은 편",
    "date": "09.02.19",
    "rating": "4",
    "author": "ysuh****",
    "review_id": "3317146",
    "movie_id": "40031"
  },
  {
    "review": "40대 아줌마가 아닌지라 공감하기 무지 어렵네요.",
    "date": "09.02.14",
    "rating": "7",
    "author": "hand****",
    "review_id": "3301302",
    "movie_id": "40031"
  },
  {
    "review": "등따시고 배부르니까 별OO을 다하는구나 역겹다 역겨워",
    "date": "09.02.02",
    "rating": "2",
    "author": "mydo****",
    "review_id": "3273471",
    "movie_id": "40031"
  },
  {
    "review": "의외로 재미있어요 뭔가 여운이 남네요",
    "date": "09.01.28",
    "rating": "10",
    "author": "joyf****",
    "review_id": "3256490",
    "movie_id": "40031"
  },
  {
    "review": "정적인 것도 좋지만 스토리는 좀 챙겨야하지 않겠어?",
    "date": "08.12.25",
    "rating": "5",
    "author": "zzan****",
    "review_id": "3151076",
    "movie_id": "40031"
  },
  {
    "review": "비난하기 어려운 사랑",
    "date": "08.12.20",
    "rating": "7",
    "author": "juso****",
    "review_id": "3132595",
    "movie_id": "40031"
  },
  {
    "review": "최고야 ㅋㅋㅋㅋㅋㅋㅋㅋ",
    "date": "08.11.17",
    "rating": "10",
    "author": "miss****",
    "review_id": "3055833",
    "movie_id": "40031"
  },
  {
    "review": "공감할수 있을 정도로 나이를 너무 먹어버린걸까?",
    "date": "08.11.05",
    "rating": "10",
    "author": "cine****",
    "review_id": "3035781",
    "movie_id": "40031"
  },
  {
    "review": "감동입니다..",
    "date": "08.10.30",
    "rating": "10",
    "author": "yesk****",
    "review_id": "3026463",
    "movie_id": "40031"
  },
  {
    "review": "정말 멋진 영화였어요. 의외로 점수가 낮네요^^; 전 정말 감동적이었어요",
    "date": "08.10.26",
    "rating": "10",
    "author": "jsdy****",
    "review_id": "3021200",
    "movie_id": "40031"
  }
]