[
  {
    "review": "재일교포가 아닌 일본인의 보듬기, 상처 어루만지기.",
    "date": "15.08.18",
    "rating": "7",
    "author": "tear****",
    "review_id": "10247187",
    "movie_id": "40032"
  },
  {
    "review": "결국 한일 모두 사랑으로 감싸주어야 하는. 안성과 모모코 사이의 2세, 경자와 강개의 관계는 우리에게 화합의 결과물을 의미하고 감독의 궁극적인 메세지겠지 결국 사랑은 모든것을 초월한다",
    "date": "15.08.14",
    "rating": "7",
    "author": "mond****",
    "review_id": "10227554",
    "movie_id": "40032"
  },
  {
    "review": "5번이상 본 영화. 볼때마다 눈물이 난다.",
    "date": "15.08.06",
    "rating": "10",
    "author": "79ck****",
    "review_id": "10194391",
    "movie_id": "40032"
  },
  {
    "review": "가슴이 뜨거워지는  영화",
    "date": "15.06.19",
    "rating": "9",
    "author": "bomb****",
    "review_id": "10011992",
    "movie_id": "40032"
  },
  {
    "review": "단순히 일본이 한국을 위한 영화찍어서 좋은게냐?미국영화에 성조기나오면 기분나쁘고?수준들하고는",
    "date": "15.06.04",
    "rating": "6",
    "author": "beat****",
    "review_id": "9975883",
    "movie_id": "40032"
  },
  {
    "review": "이런 영화가 있었다니..,,",
    "date": "15.04.07",
    "rating": "10",
    "author": "mool****",
    "review_id": "9832710",
    "movie_id": "40032"
  },
  {
    "review": "비틀즈의 감성이 \"임진강\"이란 노래로 되살아나네요. 독특하고  재미있지만 깊은 울림을 주는 영화입니다.",
    "date": "15.04.06",
    "rating": "8",
    "author": "onli****",
    "review_id": "9831324",
    "movie_id": "40032"
  },
  {
    "review": "오랜만에 다시보니 느껴지는게 많다",
    "date": "15.03.26",
    "rating": "10",
    "author": "sjss****",
    "review_id": "9807503",
    "movie_id": "40032"
  },
  {
    "review": "우리 이야기를 일본 배우를 통해 바라본 슬픔이 가득한 이야기",
    "date": "15.01.19",
    "rating": "10",
    "author": "ejvi****",
    "review_id": "9612163",
    "movie_id": "40032"
  },
  {
    "review": "당시 재일교포들의 삶을 잘보여주는 영화입니다.",
    "date": "14.10.11",
    "rating": "10",
    "author": "anai****",
    "review_id": "9284807",
    "movie_id": "40032"
  },
  {
    "review": "일본인 입장에서 이정도로 객관적 시각으로 연출한 감독의 소신이 존경스럽다.일본 배우들의 한국말이 어색한것빼곤 지루하지않고 느낀게 많은 영화",
    "date": "14.10.11",
    "rating": "9",
    "author": "keyn****",
    "review_id": "9283740",
    "movie_id": "40032"
  },
  {
    "review": "감동받을정도는 아니고 그냥 재밋게 봤다",
    "date": "14.09.26",
    "rating": "8",
    "author": "yyw8****",
    "review_id": "9242650",
    "movie_id": "40032"
  },
  {
    "review": "참 아쉬우면서도 대단하다고 생각하는 영화임",
    "date": "14.08.26",
    "rating": "10",
    "author": "samt****",
    "review_id": "9135390",
    "movie_id": "40032"
  },
  {
    "review": "마지막끝나기전 임진강 부를때 눈물이 나오네여..ㅠ",
    "date": "14.08.20",
    "rating": "10",
    "author": "keen****",
    "review_id": "9113223",
    "movie_id": "40032"
  },
  {
    "review": "라디오에서 임진강이 흘러나올때 웬지 울컥.",
    "date": "14.07.09",
    "rating": "9",
    "author": "sibu****",
    "review_id": "8897997",
    "movie_id": "40032"
  },
  {
    "review": "조선인과 일본인! 실향민과 경계인! 침입자와 침략자! 개성파 청춘스타들의 호연이 훌륭하고! 박진감과 현장감이 넘치는 격투씬과 패싸움씬들이 알차다! 아련한 임진강~가락속에 싹트는 소통과 사랑! 큰 용기와 인정으로 빚어낸, 화해의 드라마! 언제나 감동~!",
    "date": "14.05.16",
    "rating": "10",
    "author": "wana****",
    "review_id": "8735762",
    "movie_id": "40032"
  },
  {
    "review": "다시 봐도 재밌다...좋은영화다!",
    "date": "14.04.08",
    "rating": "10",
    "author": "jojo****",
    "review_id": "8635696",
    "movie_id": "40032"
  },
  {
    "review": "1960년대의 일본에서의 한국인들의 실상을 잘 보여준영화. 거기에 감동까지 플러스. 더 어린나이에 봤으면 좋았을뻔한 영화.",
    "date": "14.03.02",
    "rating": "10",
    "author": "rand****",
    "review_id": "8550192",
    "movie_id": "40032"
  },
  {
    "review": "코우스케가 라디오 방송에서 임진강 부를땐 정말...",
    "date": "14.02.08",
    "rating": "9",
    "author": "real****",
    "review_id": "8489270",
    "movie_id": "40032"
  },
  {
    "review": "왜 계속 평점이 사라지는거지?? 10점..",
    "date": "14.01.14",
    "rating": "10",
    "author": "ranf****",
    "review_id": "8382683",
    "movie_id": "40032"
  },
  {
    "review": "일본에서 이런 영화를 만들었다는게 정말 대단한거 같음웃고 울며 정말 재밌게 봤습니다. 임진강 노래의 가사,멜로디는 너무 슬프네요.",
    "date": "13.11.17",
    "rating": "8",
    "author": "holl****",
    "review_id": "8148653",
    "movie_id": "40032"
  },
  {
    "review": "참.. 통일도 한일문제도 찡하네요. 어서 빨리 사이좋은 날이 오길",
    "date": "13.11.13",
    "rating": "10",
    "author": "eunh****",
    "review_id": "8135466",
    "movie_id": "40032"
  },
  {
    "review": "마지막은 펑펑 울었습니다.",
    "date": "13.11.10",
    "rating": "10",
    "author": "phaw****",
    "review_id": "8130142",
    "movie_id": "40032"
  },
  {
    "review": "에리카와 오다키리조 조연이 낮선.. 일본에는 남과북이없어.. 교토는 통일조선이야.. 후반 하일라이트 노래씬.. 장례식.. 출산.. 기타 부시기.. 눈물.. 이 합쳐저 좋은 장면을 만들었다.. 즐거운 영화",
    "date": "13.11.05",
    "rating": "9",
    "author": "danz****",
    "review_id": "8115795",
    "movie_id": "40032"
  },
  {
    "review": "유독 외국인에 배척을 많이 하는 나라가 저 일본뿐이랴...허나 그들은 반성을 못한다는것...그들의 일부가 바라본 시점은 인간미에 중점을 두고 있긴 하지만..우리가 처해진 진실은 그렇지 않음을 그들도 알았으면 좋겠다.",
    "date": "13.11.03",
    "rating": "7",
    "author": "irul****",
    "review_id": "8112946",
    "movie_id": "40032"
  },
  {
    "review": "이제까지 본 영화중 최고",
    "date": "13.10.25",
    "rating": "10",
    "author": "park****",
    "review_id": "8086958",
    "movie_id": "40032"
  },
  {
    "review": "많은걸 생각하게 해준 영화였습니다. 일본인 입장에서 이렇게 만들기 쉽지 않았을텐데 대단하네요. 임진강 노래 들을때 마다 코끝이 찡했습니다.",
    "date": "13.10.11",
    "rating": "9",
    "author": "smh6****",
    "review_id": "8053862",
    "movie_id": "40032"
  },
  {
    "review": "나 아는 미국분이 한국에서 태어나 일본에서 학교다니며 자랐는데 많은 차별과 괴롭힘속에서도 졸업해야한다는 이유하나로 버티고 졸업한날 괴롭히던 일본친구들 다 조져버렸고 그분은 졸업하고 미국으로 이민가셨다 그래도 그시절일본동경이 그리우시다고..",
    "date": "13.09.29",
    "rating": "10",
    "author": "mafi****",
    "review_id": "8022761",
    "movie_id": "40032"
  },
  {
    "review": "오다기리조가나온대서 봣다가 멍만때림...ㅋㅋㅋㅋㅋㅋㅋㅋㅋㅋㅋㅋㅋㅋㅋㅋㅋㅋㅋㅋㅋㅋㅋㅋㅋㅋ그냥심심할때 봐도 나쁘지않은???우리나라말나올때마다 뿜엇당",
    "date": "13.08.26",
    "rating": "8",
    "author": "tnwl****",
    "review_id": "7925059",
    "movie_id": "40032"
  },
  {
    "review": "박수 받을만한 영화 그런데 주인공연기 오버가 좀 심하다",
    "date": "13.08.24",
    "rating": "8",
    "author": "xx41****",
    "review_id": "7916915",
    "movie_id": "40032"
  },
  {
    "review": "이런 영화 더 없나...",
    "date": "13.08.19",
    "rating": "10",
    "author": "shae****",
    "review_id": "7903277",
    "movie_id": "40032"
  },
  {
    "review": "일본이 이런 영화를 만든 의도는 좋지만 너무 지루하다",
    "date": "13.08.11",
    "rating": "5",
    "author": "mi86****",
    "review_id": "7868869",
    "movie_id": "40032"
  },
  {
    "review": "ㅅㅂ 우리가 만들어야 하는데 창피하구만",
    "date": "13.07.19",
    "rating": "10",
    "author": "seon****",
    "review_id": "7763876",
    "movie_id": "40032"
  },
  {
    "review": "우리 나라 사람이 아닌 일본인이 만든건 아쉽지만웃으면서도 무언가 진한 감동과 슬픔을 주는 영화",
    "date": "13.07.18",
    "rating": "10",
    "author": "no44****",
    "review_id": "7754655",
    "movie_id": "40032"
  },
  {
    "review": "최고의영화",
    "date": "13.07.18",
    "rating": "10",
    "author": "shtn****",
    "review_id": "7754646",
    "movie_id": "40032"
  },
  {
    "review": "이때까지 본 영화중에 단연코 최고. DVD 도 일반판, 디지팩 다 샀고 보고 또 봐도 새로운 영화. 일본감독 입장에선 이런 영화 만들기가 쉽지않았을텐데 남과 북, 그리고 재일교포와 일본인의 심정을 잘 대변해주며 진한 감동을 준다.",
    "date": "13.07.02",
    "rating": "10",
    "author": "po34****",
    "review_id": "7697191",
    "movie_id": "40032"
  },
  {
    "review": "그냥 왠지모르게 가슴아프고..이따금씩 생각나서 몇번이고 다시 보게되는영화",
    "date": "13.06.16",
    "rating": "8",
    "author": "csy_****",
    "review_id": "7645866",
    "movie_id": "40032"
  },
  {
    "review": "용기를 지닌 영화.",
    "date": "13.06.01",
    "rating": "9",
    "author": "dlwo****",
    "review_id": "7567700",
    "movie_id": "40032"
  },
  {
    "review": "꼭 한번 봐야할 영화",
    "date": "13.05.27",
    "rating": "10",
    "author": "wlgp****",
    "review_id": "7559117",
    "movie_id": "40032"
  },
  {
    "review": "정말 일본입장에서 불편한 진실을 영화로 만들기 쉽지 않았을 텐데 역사적 사실들이 담겨있어 좋았습니다. 이 영화에서 지향하는 것은 크게 보면 인류애지만, 일본인들의 시선으로 바라본 재일동포의 삶과 근대 우리나라에 대한 생각을 엿볼 수 있어 좋았습니다.",
    "date": "13.05.17",
    "rating": "10",
    "author": "brig****",
    "review_id": "7535165",
    "movie_id": "40032"
  },
  {
    "review": "중3때 mbc에서 심야시간때 틀어줬었는데 그때 정말 완전몰입해서 봤던기억이 난다. 이 영화 계기로 일본영화들 많이 보게됬지.. 사와지리에리카 이 영화보고 완전 빠졌었는데 ㅠㅠ 어쩌면 일본에서 만들기 불편한영화일수도있었는데 대단하다는 생각도 든다.",
    "date": "13.05.05",
    "rating": "9",
    "author": "wndy****",
    "review_id": "7508668",
    "movie_id": "40032"
  },
  {
    "review": "제일교포들의 아픔삶을 표현한영화",
    "date": "13.02.21",
    "rating": "8",
    "author": "stra****",
    "review_id": "7287883",
    "movie_id": "40032"
  },
  {
    "review": "잘봤습니다. 좋은 영화.",
    "date": "13.02.08",
    "rating": "10",
    "author": "bowt****",
    "review_id": "7239583",
    "movie_id": "40032"
  },
  {
    "review": "정말 대단하다 일본감독이 이렇게 영화를 만들어주다니 감사할 따름이다",
    "date": "13.01.26",
    "rating": "10",
    "author": "qlxj****",
    "review_id": "7175082",
    "movie_id": "40032"
  },
  {
    "review": "우리가 알아야  하고 나눠야만 하는 이야기. 잘 봤습니다.",
    "date": "13.01.15",
    "rating": "10",
    "author": "lott****",
    "review_id": "7118291",
    "movie_id": "40032"
  },
  {
    "review": "재일교포들의 애환을 담은 최고의 영화라 생각합니다.  아직 못 보신 분들은 꼭 보시길 바랍니다. 추천합니다.",
    "date": "12.12.17",
    "rating": "10",
    "author": "ckge****",
    "review_id": "7013776",
    "movie_id": "40032"
  },
  {
    "review": "망언과 망행을 일삼는 일본의 저변에 흐르는 양심을 느낄 수 있는 역작입니다. 만점 이상이라고 생각합니다.",
    "date": "12.12.17",
    "rating": "10",
    "author": "badb****",
    "review_id": "7013767",
    "movie_id": "40032"
  },
  {
    "review": "헐 평점 높네 ㅋㅋㅋ 개취니까 뭐..... 난 재미없었다 불쾌했다 내용 모르고 봐서 그런지 모르겠지만. 폭력적이고 야한 장면도 많았다. 어떻게 이게 15세 관람가란 말이지? 시도때도없이 무자비한 폭행에 성적인 장면도 많고.. 버섯머리가 귀여워서 5점.",
    "date": "12.12.03",
    "rating": "5",
    "author": "funy****",
    "review_id": "6968418",
    "movie_id": "40032"
  },
  {
    "review": "감동깊은 영화 였다. 일본에 건너가 살아야 했던 재일조선인들의 절절한 한이 묻어나는 영화 였고 자이니치를 통해 바라보는 일본인(감독)의 시대를 관통하는 시선에도 경의를 표한다",
    "date": "12.11.11",
    "rating": "10",
    "author": "prim****",
    "review_id": "6878523",
    "movie_id": "40032"
  },
  {
    "review": "나는 이영화로 인해 오히려 일본을 다시보게 되었다....",
    "date": "12.11.01",
    "rating": "10",
    "author": "here****",
    "review_id": "6841798",
    "movie_id": "40032"
  },
  {
    "review": "사와지리 에리카가 멀쩡했던 시절이군",
    "date": "12.09.27",
    "rating": "8",
    "author": "maki****",
    "review_id": "6737772",
    "movie_id": "40032"
  },
  {
    "review": "재미없을듯 했는데 의외로 괜찮고 강개가 마지막 부분 임진강 부를때 짠하네 그리고 경자 이쁘네 ㅋㅋ",
    "date": "12.09.22",
    "rating": "9",
    "author": "sina****",
    "review_id": "6719108",
    "movie_id": "40032"
  },
  {
    "review": "일본에선  나가라하고  한국에선  오지마라하고  ....",
    "date": "12.09.11",
    "rating": "10",
    "author": "go9m****",
    "review_id": "6687788",
    "movie_id": "40032"
  },
  {
    "review": "반한파(反韓派)이자 위선자(僞善者) 타카오카 소스케(高岡蒼佑)가 출연한 쓰레기 영화",
    "date": "12.09.02",
    "rating": "1",
    "author": "func****",
    "review_id": "6666002",
    "movie_id": "40032"
  },
  {
    "review": "감독의 역사인식이 바른듯해서",
    "date": "12.08.25",
    "rating": "10",
    "author": "mara****",
    "review_id": "6641822",
    "movie_id": "40032"
  },
  {
    "review": "강개가 임진강을 부를때 눈물이 나더라.",
    "date": "12.08.15",
    "rating": "8",
    "author": "tjsw****",
    "review_id": "6609042",
    "movie_id": "40032"
  },
  {
    "review": "시원하게 유쾌하면서 뜨거움을 잃지 않은 영화.",
    "date": "12.08.15",
    "rating": "8",
    "author": "gade****",
    "review_id": "6605901",
    "movie_id": "40032"
  },
  {
    "review": "재일을 다뤘다고 무겁고 질질 짤 필요없다. 가볍고 즐거웠다.포크크루세다스 무한반복!",
    "date": "12.08.09",
    "rating": "9",
    "author": "xini****",
    "review_id": "6586478",
    "movie_id": "40032"
  },
  {
    "review": "미안한 얘기지만 이영화를 보고 재미없다고 하는 사람은 영화 보는 눈이 제로다",
    "date": "12.07.25",
    "rating": "10",
    "author": "hota****",
    "review_id": "6531992",
    "movie_id": "40032"
  },
  {
    "review": "처음에는 너무 싸움만해서 난잡했는데 중반부터 임진강노래나오고  재일교포의 실상이 나오니 집중해서 보게되네요.. 나름 재밌었습니다",
    "date": "12.07.21",
    "rating": "9",
    "author": "s666****",
    "review_id": "6506772",
    "movie_id": "40032"
  },
  {
    "review": "좋은 영화",
    "date": "12.07.12",
    "rating": "8",
    "author": "ggan****",
    "review_id": "6471383",
    "movie_id": "40032"
  },
  {
    "review": "노래 계속나오니깐 나도 모르게 흥얼거리게 되는데;;;",
    "date": "12.06.20",
    "rating": "6",
    "author": "hny1****",
    "review_id": "6403558",
    "movie_id": "40032"
  },
  {
    "review": "이런거 감상할줄 모르고 재미없다고 하는 애들은 가서 트랜스포머나 봐라",
    "date": "12.05.06",
    "rating": "9",
    "author": "pant****",
    "review_id": "6276143",
    "movie_id": "40032"
  },
  {
    "review": "볼만함",
    "date": "12.04.23",
    "rating": "7",
    "author": "namj****",
    "review_id": "6241228",
    "movie_id": "40032"
  },
  {
    "review": "재일교포들의 마음을 제대로 담아낸 영화. 임진강이란 노래, 잊지못할 것 같다.",
    "date": "12.04.05",
    "rating": "9",
    "author": "du_s****",
    "review_id": "6195381",
    "movie_id": "40032"
  },
  {
    "review": "일본영화 라고 무시하며 봤지만 보는내내 화장실 갈 여유도 없고 재밌는영화",
    "date": "12.03.06",
    "rating": "9",
    "author": "iox2****",
    "review_id": "6126773",
    "movie_id": "40032"
  },
  {
    "review": "영화 내내 진짜 재밌었음.. 감동도있고 ㅎㅎ",
    "date": "12.02.20",
    "rating": "10",
    "author": "x827****",
    "review_id": "6091737",
    "movie_id": "40032"
  },
  {
    "review": "이영화  보는내내 눈물이났는데 이영화가 재미없다는분들은 여기서 처음 보네요.",
    "date": "12.02.20",
    "rating": "10",
    "author": "sldp****",
    "review_id": "6090388",
    "movie_id": "40032"
  },
  {
    "review": "시대배경만 옛날이 아니라 영화자체가 옛날영화같은느낌; 피식수준으로 웃기긴함",
    "date": "12.01.25",
    "rating": "5",
    "author": "mice****",
    "review_id": "6018832",
    "movie_id": "40032"
  },
  {
    "review": "정말재미없네 ..",
    "date": "12.01.24",
    "rating": "1",
    "author": "enia****",
    "review_id": "6014314",
    "movie_id": "40032"
  },
  {
    "review": "조선인의 입장에서 그린 일본 영화",
    "date": "12.01.07",
    "rating": "7",
    "author": "area****",
    "review_id": "5967977",
    "movie_id": "40032"
  },
  {
    "review": "진짜 엠차전니재미없음 개낚였음 웬만하면보는데 진짜 보다가지움",
    "date": "11.12.25",
    "rating": "1",
    "author": "chue****",
    "review_id": "5931605",
    "movie_id": "40032"
  },
  {
    "review": "평생 잊지못할 영화 '박치기'. 수년 전에 봤는데 정말 얼마나 울었는지 모르겠다.",
    "date": "11.12.21",
    "rating": "10",
    "author": "batt****",
    "review_id": "5918620",
    "movie_id": "40032"
  },
  {
    "review": "일본엔 이렇게까지 영화를 만드는 사람들이 있다 재미,감동,작품성 다 있다.고맙다",
    "date": "11.12.11",
    "rating": "10",
    "author": "posh****",
    "review_id": "5899460",
    "movie_id": "40032"
  },
  {
    "review": "재미,작품성,감동,다있다 우리도 일본에 악감정만으로는안된다 배울건배워야 한다",
    "date": "11.12.11",
    "rating": "10",
    "author": "yesb****",
    "review_id": "5899451",
    "movie_id": "40032"
  },
  {
    "review": "북한말이 어색하지만 재밌어용~",
    "date": "11.11.21",
    "rating": "9",
    "author": "rzao****",
    "review_id": "5864131",
    "movie_id": "40032"
  },
  {
    "review": "이런 영화를 이제야 보다니, 우리사회에 시사는 바가크다",
    "date": "11.10.26",
    "rating": "10",
    "author": "hujo****",
    "review_id": "5810824",
    "movie_id": "40032"
  },
  {
    "review": "한국 사람은 한국 영화를 봐야함.",
    "date": "11.10.16",
    "rating": "10",
    "author": "aall****",
    "review_id": "5793018",
    "movie_id": "40032"
  },
  {
    "review": "크로우즈제로와 비슷해서봤는데 액션크로우즈뺨침!!!!! 역사와교훈도주는영화",
    "date": "11.10.16",
    "rating": "10",
    "author": "dbtk****",
    "review_id": "5793016",
    "movie_id": "40032"
  },
  {
    "review": "레포트 때문에 봤는데 의미있고 재일교포에 대한 현실을 알수있게 되었다.",
    "date": "11.10.02",
    "rating": "10",
    "author": "miri****",
    "review_id": "5765246",
    "movie_id": "40032"
  },
  {
    "review": "이런영화 많이 나왔으면 좋겠다. 조금 더 재미있게!",
    "date": "11.09.25",
    "rating": "8",
    "author": "geeu****",
    "review_id": "5752341",
    "movie_id": "40032"
  },
  {
    "review": "의미는 좋은데.. 나는 지루했다. 크게 와닿지도않고.",
    "date": "11.09.25",
    "rating": "5",
    "author": "geeu****",
    "review_id": "5752336",
    "movie_id": "40032"
  },
  {
    "review": "바로 아래... 니네 말로 해줄까? 빠가야로!!! 섬 원숭이가 뭘 알겠냐~",
    "date": "11.09.24",
    "rating": "10",
    "author": "gusd****",
    "review_id": "5749754",
    "movie_id": "40032"
  },
  {
    "review": "근본! 이해가 불가능하다. 나는 바본가?",
    "date": "11.09.05",
    "rating": "1",
    "author": "pria****",
    "review_id": "5710822",
    "movie_id": "40032"
  },
  {
    "review": "내가 가장 아끼는 영화. 그래서 보고 또 보고. 그리고 완소 에리카!",
    "date": "11.08.19",
    "rating": "10",
    "author": "bung****",
    "review_id": "5668033",
    "movie_id": "40032"
  },
  {
    "review": "조선이 곧 대한민국이다 OO아 역사공부 안했냐?",
    "date": "11.08.12",
    "rating": "10",
    "author": "bata****",
    "review_id": "5641294",
    "movie_id": "40032"
  },
  {
    "review": "jmk35133 이새끼 뭐임? 조선족이랑 대한민국이 무슨상관? OO OOO떤다",
    "date": "11.08.12",
    "rating": "10",
    "author": "zerg****",
    "review_id": "5641289",
    "movie_id": "40032"
  },
  {
    "review": "의미있는 영화...",
    "date": "11.07.26",
    "rating": "10",
    "author": "ikec****",
    "review_id": "5570800",
    "movie_id": "40032"
  },
  {
    "review": "너무 폭력적인것 같긴하지만 제일교포에 대해생각해볼수있어 좋았다",
    "date": "11.07.16",
    "rating": "8",
    "author": "wmfd****",
    "review_id": "5547762",
    "movie_id": "40032"
  },
  {
    "review": "너무 잔인하고..선정적이어서;;; 너무잔인함 진짜 황당하고...의미는 좀 있음",
    "date": "11.06.05",
    "rating": "1",
    "author": "kitt****",
    "review_id": "5466444",
    "movie_id": "40032"
  },
  {
    "review": "밑에 OO 이게 조선족 이야기? 북한출이랑 한두명 남한 출신 나오구만. 영화는 감동.",
    "date": "11.05.28",
    "rating": "10",
    "author": "wuwu****",
    "review_id": "5452598",
    "movie_id": "40032"
  },
  {
    "review": "조선족이랑 대한민국이랑 무슨상관? 엮지마라 불쾌하다. 대한민국 북한 다른나라다.",
    "date": "11.05.25",
    "rating": "1",
    "author": "jmk3****",
    "review_id": "5448155",
    "movie_id": "40032"
  },
  {
    "review": "보고 보고 또 보게 되는 영화다.",
    "date": "11.05.18",
    "rating": "10",
    "author": "gem0****",
    "review_id": "5435560",
    "movie_id": "40032"
  },
  {
    "review": "정신없는 영화 ;;.......의도는 좋다.",
    "date": "11.05.17",
    "rating": "5",
    "author": "sati****",
    "review_id": "5433777",
    "movie_id": "40032"
  },
  {
    "review": "이런 영화가 있었다니. 사와지리 에리카 때문에 본건데 영화까지 감동을 주네.. 강추~",
    "date": "11.05.09",
    "rating": "10",
    "author": "triu****",
    "review_id": "5417195",
    "movie_id": "40032"
  },
  {
    "review": "2번봤지만 볼때마다 재밌네요 ㅋ",
    "date": "11.03.30",
    "rating": "9",
    "author": "kbss****",
    "review_id": "5343558",
    "movie_id": "40032"
  },
  {
    "review": "재밋고감동까지",
    "date": "11.03.30",
    "rating": "10",
    "author": "keka****",
    "review_id": "5343202",
    "movie_id": "40032"
  },
  {
    "review": "한국사람은 꼭 보길 권하고 싶다.",
    "date": "11.03.03",
    "rating": "10",
    "author": "pret****",
    "review_id": "5290699",
    "movie_id": "40032"
  },
  {
    "review": "현실은 만만치가 않은것 같다.",
    "date": "11.02.28",
    "rating": "8",
    "author": "emin****",
    "review_id": "5282060",
    "movie_id": "40032"
  },
  {
    "review": "코스케가라디오에서임진강을부를때는눈물이멈추지않았다",
    "date": "11.02.08",
    "rating": "10",
    "author": "vldr****",
    "review_id": "5227855",
    "movie_id": "40032"
  }
]