[
  {
    "review": "이 드라마를 보고 신선한 자극을 받았다. 1주일간 속앓이 한듯",
    "date": "15.03.15",
    "rating": "10",
    "author": "kida****",
    "review_id": "9784424",
    "movie_id": "40042"
  },
  {
    "review": "순수했던 청춘드라마였었네요",
    "date": "15.03.12",
    "rating": "8",
    "author": "pihw****",
    "review_id": "9774126",
    "movie_id": "40042"
  },
  {
    "review": "넌 학생이고 난 선생이야, 그리고 한혜진의 풋풋함을 볼수있던 드라마,  이때 김재원인기 작살이었는데",
    "date": "14.07.31",
    "rating": "10",
    "author": "jewe****",
    "review_id": "8989154",
    "movie_id": "40042"
  },
  {
    "review": "러빙유 사랑해 한순간도잊지마",
    "date": "13.12.31",
    "rating": "10",
    "author": "2646****",
    "review_id": "8327238",
    "movie_id": "40042"
  },
  {
    "review": "궀",
    "date": "13.08.10",
    "rating": "8",
    "author": "dhep****",
    "review_id": "7866564",
    "movie_id": "40042"
  },
  {
    "review": "굿굿",
    "date": "13.08.06",
    "rating": "10",
    "author": "gusd****",
    "review_id": "7851080",
    "movie_id": "40042"
  },
  {
    "review": "이 인간들은,어떻게 된게,세월이 지나도,발전이 없다...",
    "date": "13.07.09",
    "rating": "3",
    "author": "baks****",
    "review_id": "7718998",
    "movie_id": "40042"
  },
  {
    "review": "뻔하디 뻔한 울나라 드라마소재에서 파격적인 소재로 상당히 재미잇게 봣엇던 드라마였다 두 주연이 이걸 확 떳던걸로 기억하는데",
    "date": "13.04.26",
    "rating": "9",
    "author": "fprh****",
    "review_id": "7485071",
    "movie_id": "40042"
  },
  {
    "review": "OO김재ㄴ원잘생겻다",
    "date": "13.04.13",
    "rating": "10",
    "author": "shin****",
    "review_id": "7455022",
    "movie_id": "40042"
  },
  {
    "review": "하늘님이따봉",
    "date": "13.03.15",
    "rating": "10",
    "author": "tmdd****",
    "review_id": "7350824",
    "movie_id": "40042"
  },
  {
    "review": "다시 보고 싶은 추억의 드라마.11년전에 이 드라마 보는 재미로 살았었다.",
    "date": "13.01.18",
    "rating": "10",
    "author": "odjs****",
    "review_id": "7128358",
    "movie_id": "40042"
  },
  {
    "review": "녹화까지 해가며 챙겨본 드라마 ㅜ",
    "date": "12.11.10",
    "rating": "10",
    "author": "kaph****",
    "review_id": "6873734",
    "movie_id": "40042"
  },
  {
    "review": "아 아직도 기억나는 드라마",
    "date": "12.10.19",
    "rating": "9",
    "author": "ari8****",
    "review_id": "6812279",
    "movie_id": "40042"
  },
  {
    "review": "진해에서 찍은 최고의 드라마",
    "date": "12.10.03",
    "rating": "10",
    "author": "male****",
    "review_id": "6757360",
    "movie_id": "40042"
  },
  {
    "review": "군대에서 참 재미있게 봤음...선생과 학생이란 설정이 좀 그렇긴하지만",
    "date": "12.06.12",
    "rating": "10",
    "author": "to79****",
    "review_id": "6387182",
    "movie_id": "40042"
  },
  {
    "review": "너무 재미있게 봤음 ㅠㅠ",
    "date": "11.08.02",
    "rating": "10",
    "author": "ugan****",
    "review_id": "5592895",
    "movie_id": "40042"
  },
  {
    "review": "정말 재미있슴",
    "date": "11.06.06",
    "rating": "10",
    "author": "8231****",
    "review_id": "5467017",
    "movie_id": "40042"
  },
  {
    "review": "옛날에 잼께봤던 드라마",
    "date": "11.02.09",
    "rating": "8",
    "author": "rudd****",
    "review_id": "5231856",
    "movie_id": "40042"
  },
  {
    "review": "재밌어요~ 김하늘 김재원 최고!^~^",
    "date": "11.01.01",
    "rating": "10",
    "author": "dldm****",
    "review_id": "5113729",
    "movie_id": "40042"
  },
  {
    "review": "\"넌학생이고나는선생이야\"라는대사가아직도생각나는ㅎㅎ재밌었어요~",
    "date": "10.07.05",
    "rating": "9",
    "author": "jmy1****",
    "review_id": "4614429",
    "movie_id": "40042"
  },
  {
    "review": "다시봐도 마냥 좋네요. 최관우, 김채원 커플 영원히!!",
    "date": "07.06.23",
    "rating": "10",
    "author": "park****",
    "review_id": "1715534",
    "movie_id": "40042"
  },
  {
    "review": "그냥 볼만했던...소재의 단순함",
    "date": "07.01.09",
    "rating": "3",
    "author": "ppp0****",
    "review_id": "1369618",
    "movie_id": "40042"
  },
  {
    "review": "추억의..",
    "date": "06.11.13",
    "rating": "8",
    "author": "sica****",
    "review_id": "1230091",
    "movie_id": "40042"
  },
  {
    "review": "볼만 했다",
    "date": "06.09.23",
    "rating": "9",
    "author": "pret****",
    "review_id": "1137893",
    "movie_id": "40042"
  },
  {
    "review": "마지막회에서 노래만 부르지 않았으면..ㅋ",
    "date": "06.03.18",
    "rating": "8",
    "author": "seon****",
    "review_id": "721423",
    "movie_id": "40042"
  },
  {
    "review": "난 선생이고 넌학생이야?? 뭘어쩌라구",
    "date": "06.01.09",
    "rating": "4",
    "author": "kws7****",
    "review_id": "573492",
    "movie_id": "40042"
  },
  {
    "review": "잼있었어요~ㅋ",
    "date": "05.11.07",
    "rating": "10",
    "author": "lsj8****",
    "review_id": "466861",
    "movie_id": "40042"
  },
  {
    "review": "마지막회 빼고 좋았음",
    "date": "05.11.04",
    "rating": "10",
    "author": "nare****",
    "review_id": "463646",
    "movie_id": "40042"
  },
  {
    "review": "일본것 배끼기",
    "date": "05.09.14",
    "rating": "1",
    "author": "k363****",
    "review_id": "405724",
    "movie_id": "40042"
  }
]