[
  {
    "review": "현대의 대중문화의 큰 줄기인 포르노그래피가 봇물을 터뜨리는 계기가 된 Deep Throat를 조명한 다큐. 싫든 좋든 유익하다. 영화발전의 흐름과 특히 70년대 포르노 작품들을 충분히 감상한 사람이라면 더 큰 의미를 가질 수 있다.",
    "date": "14.01.17",
    "rating": "7",
    "author": "heli****",
    "review_id": "8389797",
    "movie_id": "40046"
  },
  {
    "review": "시기가 맞아떨어진 표현의 자유와 퇴색된 의미.",
    "date": "12.08.24",
    "rating": "7",
    "author": "imf0****",
    "review_id": "6641152",
    "movie_id": "40046"
  },
  {
    "review": "표현에 대한 다양한 시각들",
    "date": "08.11.24",
    "rating": "7",
    "author": "seun****",
    "review_id": "3070105",
    "movie_id": "40046"
  },
  {
    "review": "포르노 사상 최초로 정식 극장 개봉작이라...",
    "date": "07.05.28",
    "rating": "6",
    "author": "caca****",
    "review_id": "1669285",
    "movie_id": "40046"
  },
  {
    "review": "그닥 큰 감흥을 주지 못하는 다큐멘터리 주제 자체가 흥미롭지 못하다",
    "date": "07.04.14",
    "rating": "5",
    "author": "okjo****",
    "review_id": "1587784",
    "movie_id": "40046"
  },
  {
    "review": "그들의 도전과 희생에 다시 한번 감동받는다",
    "date": "07.04.12",
    "rating": "10",
    "author": "bbq2****",
    "review_id": "1584117",
    "movie_id": "40046"
  },
  {
    "review": "멋지다",
    "date": "07.01.22",
    "rating": "10",
    "author": "zeed****",
    "review_id": "1404216",
    "movie_id": "40046"
  },
  {
    "review": "6억달러중 대부분은 이탈리아 마피아 갱에게로 돌아갔군.",
    "date": "06.11.28",
    "rating": "10",
    "author": "asaz****",
    "review_id": "1256457",
    "movie_id": "40046"
  },
  {
    "review": "론은 이영화의 다큐의 제작참여라오~",
    "date": "06.05.17",
    "rating": "6",
    "author": "cold****",
    "review_id": "803926",
    "movie_id": "40046"
  },
  {
    "review": "정말 제법이다,",
    "date": "06.04.18",
    "rating": "10",
    "author": "zzzh****",
    "review_id": "766968",
    "movie_id": "40046"
  },
  {
    "review": "굳",
    "date": "06.02.28",
    "rating": "10",
    "author": "ehdd****",
    "review_id": "697084",
    "movie_id": "40046"
  },
  {
    "review": "내가좋아하는장르 다큐멘터리",
    "date": "06.02.23",
    "rating": "9",
    "author": "goti****",
    "review_id": "687665",
    "movie_id": "40046"
  },
  {
    "review": "포르노 스타들의 인터뷰를 담은 모노다큐",
    "date": "06.01.09",
    "rating": "7",
    "author": "kws7****",
    "review_id": "573604",
    "movie_id": "40046"
  },
  {
    "review": "재밌어요 강추",
    "date": "06.01.01",
    "rating": "10",
    "author": "blue****",
    "review_id": "549105",
    "movie_id": "40046"
  },
  {
    "review": "원작도 잼남",
    "date": "05.12.29",
    "rating": "10",
    "author": "the_****",
    "review_id": "539828",
    "movie_id": "40046"
  },
  {
    "review": "잼나네^^",
    "date": "05.12.28",
    "rating": "10",
    "author": "kung****",
    "review_id": "535806",
    "movie_id": "40046"
  }
]