[
  {
    "review": "틀림없이 야쿠쟈가 돈 댄 영화. 잘 만들기라도 했으면야..",
    "date": "15.07.19",
    "rating": "2",
    "author": "pont****",
    "review_id": "10118285",
    "movie_id": "40057"
  },
  {
    "review": "진짜 너무 민망하다....",
    "date": "15.07.01",
    "rating": "1",
    "author": "popi****",
    "review_id": "10057426",
    "movie_id": "40057"
  },
  {
    "review": "연기력도 망했고(특히 시걸 부인 역의 배우, 시걸보다 표정변화가 없음), 스토리도 망했고, 액션도 다른 시걸 영화에 비하면 폐급",
    "date": "15.03.23",
    "rating": "1",
    "author": "kxvt****",
    "review_id": "9802609",
    "movie_id": "40057"
  },
  {
    "review": "시걸엉님의 내면연기를 볼줄이야.",
    "date": "14.09.24",
    "rating": "4",
    "author": "reco****",
    "review_id": "9238439",
    "movie_id": "40057"
  },
  {
    "review": "시걸 성님에 대한 의리로 10점씩좀 줘라 쓰레기 한쿡영화도 3점대 별로 없다",
    "date": "14.05.29",
    "rating": "10",
    "author": "ske4****",
    "review_id": "8773515",
    "movie_id": "40057"
  },
  {
    "review": "야쿠자들 사용하는 칼과 기타등등 많군",
    "date": "13.09.04",
    "rating": "10",
    "author": "chls****",
    "review_id": "7947412",
    "movie_id": "40057"
  },
  {
    "review": "스티븐 시걸의 전성기는 지났지만 그래도 시걸 영화를 보면 시원시원하다",
    "date": "13.08.06",
    "rating": "4",
    "author": "deff****",
    "review_id": "7847928",
    "movie_id": "40057"
  },
  {
    "review": "일본조연 배우 이범수인지 알고 순간 놀랬음..킬링 타임용.",
    "date": "12.07.03",
    "rating": "6",
    "author": "cred****",
    "review_id": "6440801",
    "movie_id": "40057"
  },
  {
    "review": "생각보다 재밌다 요즘에 일부러 시티븐시걸 나온 영화를 깍아내리네",
    "date": "11.10.08",
    "rating": "9",
    "author": "kyki****",
    "review_id": "5778411",
    "movie_id": "40057"
  },
  {
    "review": "시걸 어르신의 투혼은 있는데.. 내가 못됐나보다. 1점도 더 추가하기 싫음.",
    "date": "11.06.23",
    "rating": "1",
    "author": "brav****",
    "review_id": "5494699",
    "movie_id": "40057"
  },
  {
    "review": "스티븐 형님이 나오는데 더 뭘 바라냐? ㅋ",
    "date": "10.03.26",
    "rating": "6",
    "author": "tn99****",
    "review_id": "4389803",
    "movie_id": "40057"
  },
  {
    "review": "그런대로 볼 만함. 시걸의 무술은 졸작도 보게끔 한다.",
    "date": "09.12.12",
    "rating": "3",
    "author": "sykm****",
    "review_id": "4036396",
    "movie_id": "40057"
  },
  {
    "review": "우째 찍는영화마다 죄다 람보냐 혼자 다해무라 스티븐 OO....",
    "date": "09.11.25",
    "rating": "1",
    "author": "ghkd****",
    "review_id": "3990067",
    "movie_id": "40057"
  },
  {
    "review": "좌충우돌!",
    "date": "09.09.18",
    "rating": "1",
    "author": "dlwo****",
    "review_id": "3837036",
    "movie_id": "40057"
  },
  {
    "review": "스티븐 시걸에게 너무 많은 기대는 금물,그의 영화에서,다른것을 기대한 너희들 잘못.",
    "date": "09.08.04",
    "rating": "10",
    "author": "baks****",
    "review_id": "3705640",
    "movie_id": "40057"
  },
  {
    "review": "얼렁뚱땅!!  좌충우돌!!",
    "date": "09.06.25",
    "rating": "1",
    "author": "evil****",
    "review_id": "3587725",
    "movie_id": "40057"
  },
  {
    "review": "시걸옹 고생하셨다. 일본어 대사 처리를 영어보다 10배 더 잘 처리한거 같다.",
    "date": "09.04.30",
    "rating": "10",
    "author": "roug****",
    "review_id": "3449294",
    "movie_id": "40057"
  },
  {
    "review": "시걸형이 그나마 연기력에 제일 신경 쓴 작품",
    "date": "09.04.01",
    "rating": "10",
    "author": "bss7****",
    "review_id": "3399260",
    "movie_id": "40057"
  },
  {
    "review": "재미있는데..... 평점이 왜캐낮냐?",
    "date": "09.02.15",
    "rating": "10",
    "author": "bmk4****",
    "review_id": "3303825",
    "movie_id": "40057"
  },
  {
    "review": "나름 재밌는데 역시 블라끄레인(1989)을 스티븐 세가르 상이 뛰어넘긴 무리구나.",
    "date": "08.12.04",
    "rating": "2",
    "author": "comb****",
    "review_id": "3090884",
    "movie_id": "40057"
  },
  {
    "review": "으악 뭐야이거 !!! 깜짝이야 포스터 뭐나 저거 그냥 붙여넣기야",
    "date": "08.08.25",
    "rating": "1",
    "author": "soul****",
    "review_id": "2900861",
    "movie_id": "40057"
  },
  {
    "review": "왜그래 재미있는데",
    "date": "08.07.05",
    "rating": "10",
    "author": "whdg****",
    "review_id": "2741025",
    "movie_id": "40057"
  },
  {
    "review": "아무생각없이 보기는 좋음",
    "date": "08.06.16",
    "rating": "5",
    "author": "tymg****",
    "review_id": "2701955",
    "movie_id": "40057"
  },
  {
    "review": "말이필요없다",
    "date": "08.05.18",
    "rating": "10",
    "author": "newj****",
    "review_id": "2649253",
    "movie_id": "40057"
  },
  {
    "review": "평점이 지나치게 낮은것같다.. 작품성은 없지만 킬링타임으로 봐줄만한 정도..",
    "date": "08.02.09",
    "rating": "7",
    "author": "pola****",
    "review_id": "2426656",
    "movie_id": "40057"
  },
  {
    "review": "아놔~ 시걸이가 그렇지 모  어이없는 액션 뿐...",
    "date": "08.02.07",
    "rating": "1",
    "author": "popc****",
    "review_id": "2418853",
    "movie_id": "40057"
  },
  {
    "review": "굿",
    "date": "07.11.22",
    "rating": "10",
    "author": "sunb****",
    "review_id": "2174248",
    "movie_id": "40057"
  },
  {
    "review": "내용이 너무 부실하다.",
    "date": "07.08.23",
    "rating": "1",
    "author": "fodu****",
    "review_id": "1970721",
    "movie_id": "40057"
  },
  {
    "review": "시걸형님 힘내세요 ㅋㅋ",
    "date": "07.08.04",
    "rating": "1",
    "author": "whtm****",
    "review_id": "1869075",
    "movie_id": "40057"
  },
  {
    "review": "첫번째는 웃기고 두번째는 욕나오고 세번째는 재미없다.",
    "date": "07.06.20",
    "rating": "1",
    "author": "7sta****",
    "review_id": "1710813",
    "movie_id": "40057"
  },
  {
    "review": "오프닝에서부터 영화의 포스가 느껴진다 치아키는 반갑다",
    "date": "07.06.11",
    "rating": "1",
    "author": "nala****",
    "review_id": "1696706",
    "movie_id": "40057"
  },
  {
    "review": "시걸판 퍼니셔! 다음은 히어로인가?",
    "date": "07.02.11",
    "rating": "1",
    "author": "hide****",
    "review_id": "1461627",
    "movie_id": "40057"
  },
  {
    "review": "인투더헐 -_- ㅋㅋ",
    "date": "06.10.11",
    "rating": "2",
    "author": "hori****",
    "review_id": "1175626",
    "movie_id": "40057"
  },
  {
    "review": "시걸이시키가눈탱이가맛갔나?아무영화나막출연하네용돈부족하냐?",
    "date": "06.08.27",
    "rating": "1",
    "author": "asdf****",
    "review_id": "1082353",
    "movie_id": "40057"
  },
  {
    "review": "이딴 영화 찍으라고 오사와타카오를 불렀니...오사와 아깝다",
    "date": "06.07.20",
    "rating": "1",
    "author": "9213****",
    "review_id": "908998",
    "movie_id": "40057"
  },
  {
    "review": "0점주려다가 그나마 시걸땜에 1점 준다.",
    "date": "06.03.14",
    "rating": "1",
    "author": "lsyv****",
    "review_id": "716476",
    "movie_id": "40057"
  },
  {
    "review": "시걸형이 아깝다...-- 왜 만들었니?",
    "date": "05.08.28",
    "rating": "1",
    "author": "ipch****",
    "review_id": "386297",
    "movie_id": "40057"
  },
  {
    "review": "인투더 헬이다 그야말로...",
    "date": "05.08.27",
    "rating": "1",
    "author": "mors****",
    "review_id": "386047",
    "movie_id": "40057"
  },
  {
    "review": "과연 시걸은 이 영화의 완성본을 보기나 했을까??",
    "date": "05.08.05",
    "rating": "2",
    "author": "eulo****",
    "review_id": "353434",
    "movie_id": "40057"
  },
  {
    "review": "통쾌한 액션. 킬링타임용.",
    "date": "05.07.25",
    "rating": "7",
    "author": "wing****",
    "review_id": "333476",
    "movie_id": "40057"
  },
  {
    "review": "음..이제 시걸도 은퇴할때가 온거같다.",
    "date": "05.07.20",
    "rating": "4",
    "author": "nams****",
    "review_id": "328454",
    "movie_id": "40057"
  },
  {
    "review": "스티븐시걸의 가라데는 더이상 관심없다 ㅡㅡ",
    "date": "05.07.05",
    "rating": "1",
    "author": "gkse****",
    "review_id": "313231",
    "movie_id": "40057"
  },
  {
    "review": "굿 쓰레기 영화",
    "date": "05.06.20",
    "rating": "10",
    "author": "clwm****",
    "review_id": "302942",
    "movie_id": "40057"
  },
  {
    "review": "B급 액션의 대가 시걸.....이젠 C급 무비의 대가로 전락?",
    "date": "05.06.17",
    "rating": "3",
    "author": "gall****",
    "review_id": "301427",
    "movie_id": "40057"
  },
  {
    "review": "영어로 물어보면 일본어로 답하는 알수없는 대화체제 ㅋ",
    "date": "05.05.24",
    "rating": "1",
    "author": "bear****",
    "review_id": "285654",
    "movie_id": "40057"
  },
  {
    "review": "야쿠자를 미화하는, 일본을 미화하는 별볼일없는 영화",
    "date": "05.05.23",
    "rating": "1",
    "author": "deli****",
    "review_id": "284544",
    "movie_id": "40057"
  },
  {
    "review": "너무한다.. -_-;; 이런.. 개... 으휴~",
    "date": "05.05.19",
    "rating": "3",
    "author": "ssyo****",
    "review_id": "281282",
    "movie_id": "40057"
  },
  {
    "review": "그저 잔혹한 일본 야쿠자 쓰레기 영화",
    "date": "05.05.15",
    "rating": "1",
    "author": "rain****",
    "review_id": "277980",
    "movie_id": "40057"
  },
  {
    "review": "이거 왜 개봉하는지 존나 재미없으니 극장가는 불상사는 없길",
    "date": "05.05.13",
    "rating": "1",
    "author": "dhah****",
    "review_id": "277015",
    "movie_id": "40057"
  },
  {
    "review": "당췌 내용전개가...??",
    "date": "05.04.28",
    "rating": "2",
    "author": "7fro****",
    "review_id": "267273",
    "movie_id": "40057"
  },
  {
    "review": "오사와 타카오때문에 봤는데.. 영화를 왜이렇게 만든거야...",
    "date": "05.04.27",
    "rating": "4",
    "author": "hong****",
    "review_id": "267090",
    "movie_id": "40057"
  },
  {
    "review": "스티븐 시갈이 왜 이런 영화를 찍은 거야???돈때문인가????",
    "date": "05.04.18",
    "rating": "1",
    "author": "simd****",
    "review_id": "261779",
    "movie_id": "40057"
  },
  {
    "review": "스티븐 시걸의 비슷비슷한 영화들중 하나",
    "date": "05.04.17",
    "rating": "5",
    "author": "hv_m****",
    "review_id": "261320",
    "movie_id": "40057"
  },
  {
    "review": "기대를 저버리지 않는군. 쓰레기 영화 잘봤음.",
    "date": "05.04.11",
    "rating": "10",
    "author": "yan1****",
    "review_id": "258247",
    "movie_id": "40057"
  },
  {
    "review": "스티븐시갈도 이제 갈때까지 갔군.",
    "date": "05.04.08",
    "rating": "1",
    "author": "wjh2****",
    "review_id": "256414",
    "movie_id": "40057"
  },
  {
    "review": "역시 스티븐시걸영화의 한계",
    "date": "05.04.08",
    "rating": "1",
    "author": "ty36****",
    "review_id": "255901",
    "movie_id": "40057"
  },
  {
    "review": "이번에는 괜찮은편..하지만..일본이라는것때문에..좀...",
    "date": "05.03.27",
    "rating": "8",
    "author": "zoco****",
    "review_id": "248587",
    "movie_id": "40057"
  }
]