[
  {
    "review": "확실히 너무 지루하다.",
    "date": "15.08.11",
    "rating": "6",
    "author": "come****",
    "review_id": "10215477",
    "movie_id": "40077"
  },
  {
    "review": "뻔한내용인거 알고봄    눈요기 ㅋㅋㅋ 재밌으요 ~",
    "date": "13.01.05",
    "rating": "10",
    "author": "ays9****",
    "review_id": "7083386",
    "movie_id": "40077"
  },
  {
    "review": "이정도면 볼만하지 뭐를 더바래 ㅡㅡ",
    "date": "12.08.27",
    "rating": "10",
    "author": "snas****",
    "review_id": "6648065",
    "movie_id": "40077"
  },
  {
    "review": "진짜 뻔하고 스토리보다거 다알겠지만한번쯤은 그냥볼만한작품",
    "date": "12.08.14",
    "rating": "8",
    "author": "wogh****",
    "review_id": "6604650",
    "movie_id": "40077"
  },
  {
    "review": "뻔한내용이지만 재미있게만들었음.여배우들 보는 재미는있음.",
    "date": "12.07.31",
    "rating": "7",
    "author": "a109****",
    "review_id": "6559338",
    "movie_id": "40077"
  },
  {
    "review": "어떤게 12년작이라 속여팔아 7년만에 다시봤다.볼만함.1점준거 한국영화는 10점준 m창",
    "date": "12.05.01",
    "rating": "8",
    "author": "yang****",
    "review_id": "6262449",
    "movie_id": "40077"
  },
  {
    "review": "재밌는데뭐",
    "date": "12.02.25",
    "rating": "10",
    "author": "2005****",
    "review_id": "6102638",
    "movie_id": "40077"
  },
  {
    "review": "볼만 했다....뻔한 내용이지만..",
    "date": "11.11.12",
    "rating": "7",
    "author": "rage****",
    "review_id": "5844708",
    "movie_id": "40077"
  },
  {
    "review": "어중간하다.",
    "date": "11.11.12",
    "rating": "5",
    "author": "cont****",
    "review_id": "5843557",
    "movie_id": "40077"
  },
  {
    "review": "제목을 바꿔야 된다.. '부러운 경찰'로.. ㅋㅋ",
    "date": "11.10.09",
    "rating": "8",
    "author": "tn99****",
    "review_id": "5778692",
    "movie_id": "40077"
  },
  {
    "review": "ㅋㅋㅋㅋ 치어리더 완전 귀여움 경찰아자씨는 차가운데 귀여움",
    "date": "11.07.30",
    "rating": "10",
    "author": "ejy0****",
    "review_id": "5582206",
    "movie_id": "40077"
  },
  {
    "review": "킬링 타임용으로 나쁘지 않네.",
    "date": "11.06.17",
    "rating": "8",
    "author": "slee****",
    "review_id": "5485042",
    "movie_id": "40077"
  },
  {
    "review": "검색어 1위는 어젯밤 영화프로그램에 나와서..",
    "date": "11.05.23",
    "rating": "5",
    "author": "moon****",
    "review_id": "5446342",
    "movie_id": "40077"
  },
  {
    "review": "별 의미없다.",
    "date": "10.10.06",
    "rating": "2",
    "author": "pria****",
    "review_id": "4887362",
    "movie_id": "40077"
  },
  {
    "review": "건강미와 적당한 웃음이 넘치는 영화 걸작~ 그런 것하고는 거리가 멀다",
    "date": "10.05.02",
    "rating": "6",
    "author": "deff****",
    "review_id": "4471142",
    "movie_id": "40077"
  },
  {
    "review": "킬링타임용. 90년대 인기였던 비디오로만 출시되었던 영화들의 그 느낌.",
    "date": "10.04.20",
    "rating": "7",
    "author": "tugy****",
    "review_id": "4445219",
    "movie_id": "40077"
  },
  {
    "review": "재밌는 시나리오... 훈훈한 내용... 즐거운(?) 볼거리...",
    "date": "09.08.10",
    "rating": "8",
    "author": "sepe****",
    "review_id": "3729971",
    "movie_id": "40077"
  },
  {
    "review": "뻔한 내용이라도 재밌었다...",
    "date": "09.06.24",
    "rating": "5",
    "author": "egyp****",
    "review_id": "3585580",
    "movie_id": "40077"
  },
  {
    "review": "정크무비",
    "date": "08.01.13",
    "rating": "1",
    "author": "xian****",
    "review_id": "2326434",
    "movie_id": "40077"
  },
  {
    "review": "볼거 하나도 없더라;;",
    "date": "07.11.25",
    "rating": "6",
    "author": "pksj****",
    "review_id": "2181674",
    "movie_id": "40077"
  },
  {
    "review": "킬링타임용으로 적격~ 이만하면 무난한 코미디",
    "date": "07.11.13",
    "rating": "7",
    "author": "sinb****",
    "review_id": "2149264",
    "movie_id": "40077"
  },
  {
    "review": "유치하고 황당하지만 재미있으면 좋은 코메디",
    "date": "07.08.15",
    "rating": "6",
    "author": "free****",
    "review_id": "1939086",
    "movie_id": "40077"
  },
  {
    "review": "설정이 억지스럽지만 나름 감동도 있어보이려 노력한게 보이네..",
    "date": "07.07.29",
    "rating": "5",
    "author": "paci****",
    "review_id": "1821894",
    "movie_id": "40077"
  },
  {
    "review": "즐거운 영화. 편하게 볼 수 있는.",
    "date": "07.07.16",
    "rating": "7",
    "author": "zzii****",
    "review_id": "1782572",
    "movie_id": "40077"
  },
  {
    "review": "그저그런... 코미디.",
    "date": "07.05.29",
    "rating": "6",
    "author": "caca****",
    "review_id": "1671250",
    "movie_id": "40077"
  },
  {
    "review": "가볍게 즐길수 있는 킬링타임용 영화...아가씨들도 이쁘고",
    "date": "07.05.20",
    "rating": "8",
    "author": "sbrl****",
    "review_id": "1648869",
    "movie_id": "40077"
  },
  {
    "review": "간만에 유쾌한 영화..",
    "date": "07.05.16",
    "rating": "7",
    "author": "hdbw****",
    "review_id": "1641332",
    "movie_id": "40077"
  },
  {
    "review": "편하게 봅시다 편하게~",
    "date": "07.02.03",
    "rating": "7",
    "author": "1500****",
    "review_id": "1439451",
    "movie_id": "40077"
  },
  {
    "review": "OO 누가웃기다고해서봤는데 니미",
    "date": "07.01.15",
    "rating": "2",
    "author": "sang****",
    "review_id": "1385830",
    "movie_id": "40077"
  },
  {
    "review": "제일 적당한 점수...",
    "date": "06.10.28",
    "rating": "7",
    "author": "nwhg****",
    "review_id": "1203873",
    "movie_id": "40077"
  },
  {
    "review": "마지막야수를방불캐하는장면 별로웃기지도않음",
    "date": "06.10.07",
    "rating": "6",
    "author": "shai****",
    "review_id": "1168627",
    "movie_id": "40077"
  },
  {
    "review": "가벼운 마음으로 무척 유쾌하게 볼 수 있었던 영화였다.",
    "date": "06.06.22",
    "rating": "7",
    "author": "beor****",
    "review_id": "852851",
    "movie_id": "40077"
  },
  {
    "review": "토미 리 존스! 당신의 경력과 명예를 생각해!",
    "date": "06.01.29",
    "rating": "4",
    "author": "cher****",
    "review_id": "631590",
    "movie_id": "40077"
  },
  {
    "review": "제목 그대로 즐겁네요...",
    "date": "06.01.26",
    "rating": "7",
    "author": "ptj6****",
    "review_id": "624440",
    "movie_id": "40077"
  },
  {
    "review": "나쁘지 않음",
    "date": "06.01.22",
    "rating": "7",
    "author": "moyo****",
    "review_id": "610978",
    "movie_id": "40077"
  },
  {
    "review": "흠,, 뭐랄까.. 그저그렇다;",
    "date": "06.01.17",
    "rating": "5",
    "author": "rizo****",
    "review_id": "594394",
    "movie_id": "40077"
  },
  {
    "review": "재미있어요 ^^ 잘맞는것 같아요 ㅋ",
    "date": "06.01.12",
    "rating": "10",
    "author": "rhkd****",
    "review_id": "581456",
    "movie_id": "40077"
  },
  {
    "review": "이 영화의 가장 큰 매력은 치어리더들의 섹시한 몸매다.",
    "date": "06.01.12",
    "rating": "7",
    "author": "cowv****",
    "review_id": "581036",
    "movie_id": "40077"
  },
  {
    "review": "나름대로 아가씨들의 매력으로 영화가흥미있었다.ㅎ",
    "date": "06.01.10",
    "rating": "7",
    "author": "olg8****",
    "review_id": "577914",
    "movie_id": "40077"
  },
  {
    "review": "고전적인 스토리전개인거 같지만 적절한 감동과 웃음^^",
    "date": "05.12.27",
    "rating": "9",
    "author": "brig****",
    "review_id": "531923",
    "movie_id": "40077"
  },
  {
    "review": "보는 내내 즐거웠음. 마지막까지 ㅎㅎ",
    "date": "05.12.25",
    "rating": "9",
    "author": "luy_****",
    "review_id": "528895",
    "movie_id": "40077"
  },
  {
    "review": "재미있음 ㅎ~",
    "date": "05.12.21",
    "rating": "10",
    "author": "opop****",
    "review_id": "519258",
    "movie_id": "40077"
  },
  {
    "review": "전형적인 팝콘무비....그럭저럭 볼만~",
    "date": "05.12.19",
    "rating": "6",
    "author": "lim2****",
    "review_id": "513851",
    "movie_id": "40077"
  },
  {
    "review": "토미 리 존스와 어여쁜 아가씨 5명 보는 맛...",
    "date": "05.12.01",
    "rating": "7",
    "author": "u2u2****",
    "review_id": "490714",
    "movie_id": "40077"
  },
  {
    "review": "밑에인간은 뭔가.. 영화는 즐거우면 되는거 아닌가. 넘 즐겁다",
    "date": "05.11.24",
    "rating": "10",
    "author": "yth9****",
    "review_id": "483126",
    "movie_id": "40077"
  },
  {
    "review": "최악의 영화..뭐야 이거?",
    "date": "05.11.18",
    "rating": "1",
    "author": "scal****",
    "review_id": "477682",
    "movie_id": "40077"
  },
  {
    "review": "케케케 유치뽕^^*",
    "date": "05.10.29",
    "rating": "5",
    "author": "big_****",
    "review_id": "458127",
    "movie_id": "40077"
  },
  {
    "review": "토미 리의 명성에 다소 수준 떨어지는 2류작",
    "date": "05.10.22",
    "rating": "6",
    "author": "blue****",
    "review_id": "450490",
    "movie_id": "40077"
  },
  {
    "review": "아랫분 말에 동감. 전형적인 미국풍이긴해도 재밌당.^^",
    "date": "05.09.24",
    "rating": "10",
    "author": "cap2****",
    "review_id": "419654",
    "movie_id": "40077"
  },
  {
    "review": "편하게 즐기면서 보기에 좋은영화",
    "date": "05.09.14",
    "rating": "9",
    "author": "7598****",
    "review_id": "404882",
    "movie_id": "40077"
  },
  {
    "review": "이 영화가 왜 평점이 높은지 모르게",
    "date": "05.08.31",
    "rating": "4",
    "author": "tfro****",
    "review_id": "389297",
    "movie_id": "40077"
  },
  {
    "review": "전형적인 미국식 영화.치어걸들 너무 쭉빵 하던데....ㅠ.ㅠ",
    "date": "05.08.23",
    "rating": "6",
    "author": "minh****",
    "review_id": "381431",
    "movie_id": "40077"
  },
  {
    "review": "그다지 즐겁지 않다",
    "date": "05.08.20",
    "rating": "5",
    "author": "kiss****",
    "review_id": "375294",
    "movie_id": "40077"
  },
  {
    "review": "시시한 쓰레기 영화",
    "date": "05.08.17",
    "rating": "2",
    "author": "kws7****",
    "review_id": "371610",
    "movie_id": "40077"
  },
  {
    "review": "진짜 그럭저럭 코메디네...",
    "date": "05.08.17",
    "rating": "6",
    "author": "oyh7****",
    "review_id": "370877",
    "movie_id": "40077"
  },
  {
    "review": "한번보세요 후회는 안합니다 .",
    "date": "05.08.16",
    "rating": "8",
    "author": "silv****",
    "review_id": "370117",
    "movie_id": "40077"
  },
  {
    "review": "그럭저럭 코미디 영화. 치어리더 5명 땜에 2점 더준다.",
    "date": "05.08.16",
    "rating": "9",
    "author": "one1****",
    "review_id": "370013",
    "movie_id": "40077"
  },
  {
    "review": "생각지도 못했던 웃음이 나오는 즐거운 영화",
    "date": "05.08.15",
    "rating": "10",
    "author": "jmkw****",
    "review_id": "368881",
    "movie_id": "40077"
  },
  {
    "review": "볼만하네요",
    "date": "05.08.15",
    "rating": "6",
    "author": "cjon****",
    "review_id": "367847",
    "movie_id": "40077"
  },
  {
    "review": "토미리존스 떄문에 10점 준다 기대안하고 봤는데 재밌음",
    "date": "05.08.13",
    "rating": "10",
    "author": "yise****",
    "review_id": "364477",
    "movie_id": "40077"
  },
  {
    "review": "이게 영화야?",
    "date": "05.08.12",
    "rating": "2",
    "author": "kunx****",
    "review_id": "362781",
    "movie_id": "40077"
  },
  {
    "review": "5명의 쭉빵 치어리더밖에 기억이 안나는...",
    "date": "05.08.09",
    "rating": "6",
    "author": "gall****",
    "review_id": "359718",
    "movie_id": "40077"
  },
  {
    "review": "이런 영화 싫다",
    "date": "05.08.09",
    "rating": "3",
    "author": "ajju****",
    "review_id": "358869",
    "movie_id": "40077"
  },
  {
    "review": "돌팔이 목사 재밌네 ㅋ",
    "date": "05.08.06",
    "rating": "7",
    "author": "sali****",
    "review_id": "354941",
    "movie_id": "40077"
  },
  {
    "review": "여성들이 보기엔 생각없이 웃긴 영화 남성들에겐 비추",
    "date": "05.08.06",
    "rating": "7",
    "author": "nnam****",
    "review_id": "354808",
    "movie_id": "40077"
  },
  {
    "review": "즐겁고 유쾌한 영화..",
    "date": "05.08.03",
    "rating": "10",
    "author": "usom****",
    "review_id": "349497",
    "movie_id": "40077"
  },
  {
    "review": "그냥 편안하게 봤다..",
    "date": "05.08.02",
    "rating": "7",
    "author": "jung****",
    "review_id": "347967",
    "movie_id": "40077"
  },
  {
    "review": "그냥 재미있게 볼 수 있는 영화~~",
    "date": "05.07.31",
    "rating": "7",
    "author": "bloo****",
    "review_id": "343782",
    "movie_id": "40077"
  },
  {
    "review": "즐거운영화 너무 단순한스토리진행은 흠",
    "date": "05.07.29",
    "rating": "7",
    "author": "lsk2****",
    "review_id": "340822",
    "movie_id": "40077"
  },
  {
    "review": "영화재미보다는 토미리가 부럽다...",
    "date": "05.07.29",
    "rating": "7",
    "author": "snoo****",
    "review_id": "339917",
    "movie_id": "40077"
  },
  {
    "review": "심심하면 보셈...",
    "date": "05.07.28",
    "rating": "6",
    "author": "pzhy****",
    "review_id": "337667",
    "movie_id": "40077"
  },
  {
    "review": "부러워~",
    "date": "05.07.24",
    "rating": "9",
    "author": "luca****",
    "review_id": "332904",
    "movie_id": "40077"
  },
  {
    "review": "발랄하 여자애들보는 재미는 있었다.",
    "date": "05.07.24",
    "rating": "5",
    "author": "korn****",
    "review_id": "331854",
    "movie_id": "40077"
  },
  {
    "review": "재밋어요 중간중간 기대하면서 봤어요 크크",
    "date": "05.07.21",
    "rating": "10",
    "author": "aja4****",
    "review_id": "328939",
    "movie_id": "40077"
  },
  {
    "review": "갠적으로실망..토미리존스..많이늙으셨네요..ㅠㅠ",
    "date": "05.07.21",
    "rating": "5",
    "author": "nams****",
    "review_id": "328575",
    "movie_id": "40077"
  },
  {
    "review": "5점정도...평균이 높아서 1점줍니다. 5점이 적당해요...잼없음",
    "date": "05.07.20",
    "rating": "1",
    "author": "bizm****",
    "review_id": "328448",
    "movie_id": "40077"
  },
  {
    "review": "그럭저럭 볼만한~",
    "date": "05.07.19",
    "rating": "7",
    "author": "coco****",
    "review_id": "326818",
    "movie_id": "40077"
  },
  {
    "review": "토미 리 존스의 연륜과 미소에 1점만.",
    "date": "05.07.17",
    "rating": "2",
    "author": "joos****",
    "review_id": "324820",
    "movie_id": "40077"
  },
  {
    "review": "진부한 할리우드식 영화. 걸들 빼곤 볼께 없다",
    "date": "05.07.16",
    "rating": "1",
    "author": "0053****",
    "review_id": "324200",
    "movie_id": "40077"
  },
  {
    "review": "영화보기전 포스터나 줄거리보면 별로라고 생각하지 마세요!",
    "date": "05.07.16",
    "rating": "8",
    "author": "kyou****",
    "review_id": "324009",
    "movie_id": "40077"
  },
  {
    "review": "유쾌하고 재미있어요^^ 무난한 개그~~",
    "date": "05.07.16",
    "rating": "9",
    "author": "limi****",
    "review_id": "323612",
    "movie_id": "40077"
  },
  {
    "review": "웃어요 그냥 아무 생각 없이 볼 영화 웃겨요",
    "date": "05.07.15",
    "rating": "7",
    "author": "dykw****",
    "review_id": "322663",
    "movie_id": "40077"
  },
  {
    "review": "내 영화분위기에 100%들어맞는 영화!!!!",
    "date": "05.07.13",
    "rating": "10",
    "author": "like****",
    "review_id": "321345",
    "movie_id": "40077"
  },
  {
    "review": "편하게 웃을수 있는 영화네요^^",
    "date": "05.07.13",
    "rating": "7",
    "author": "arch****",
    "review_id": "321339",
    "movie_id": "40077"
  },
  {
    "review": "휴머니즘 + 코미디 영화, 영상 강추 /ㅅ/",
    "date": "05.07.13",
    "rating": "9",
    "author": "ll82****",
    "review_id": "321037",
    "movie_id": "40077"
  },
  {
    "review": "보는 내내 즐겁고 유쾌한 영화.가볍게 보기에 좋네요",
    "date": "05.07.13",
    "rating": "7",
    "author": "siro****",
    "review_id": "320653",
    "movie_id": "40077"
  },
  {
    "review": "즐거운 마음으로 보세요~ 5명 미인하고 살면 좋겠다 헤헤 ㅋ",
    "date": "05.07.12",
    "rating": "10",
    "author": "toky****",
    "review_id": "320285",
    "movie_id": "40077"
  },
  {
    "review": "좋은 영화 였습니다. 정말 오랜만에 유쾌한 영화를 봤네여",
    "date": "05.07.12",
    "rating": "9",
    "author": "erae****",
    "review_id": "319924",
    "movie_id": "40077"
  },
  {
    "review": "재밌다!",
    "date": "05.07.12",
    "rating": "10",
    "author": "ymsu****",
    "review_id": "319760",
    "movie_id": "40077"
  },
  {
    "review": "생각할 것도 없이 제목 그대로 즐거운 영화.그외~없다..",
    "date": "05.07.11",
    "rating": "7",
    "author": "hye5****",
    "review_id": "319522",
    "movie_id": "40077"
  },
  {
    "review": "잼있내요^^",
    "date": "05.07.11",
    "rating": "10",
    "author": "jjin****",
    "review_id": "319200",
    "movie_id": "40077"
  },
  {
    "review": "제목처럼 즐겁고 유쾌한 영화^^",
    "date": "05.07.10",
    "rating": "7",
    "author": "choi****",
    "review_id": "318300",
    "movie_id": "40077"
  },
  {
    "review": "'즐~거운 경찰'  제목하나 잘 지은듯! 영화는 잼썼어요~ㅎㅎ",
    "date": "05.07.10",
    "rating": "8",
    "author": "kami****",
    "review_id": "317465",
    "movie_id": "40077"
  },
  {
    "review": "평범한 코미디물, 뭔가 핵심이없엇다는 아쉬움,",
    "date": "05.07.09",
    "rating": "6",
    "author": "karn****",
    "review_id": "317061",
    "movie_id": "40077"
  }
]