[
  {
    "review": "영화를 보고 느낀것 첫번째, 오만과 편견은 명작이다. 인도뮤지컬부터 서정적인 로맨스 영화까지 가능하다. 두번째, 오만과편견이 이렇게 웃기고 재기발랄할 수 있구나. 18세기 영국과 21세기 영국이 비슷하다는 아이러니가 씁쓸하지만 영화만큼은 유쾌하다.",
    "date": "13.06.30",
    "rating": "10",
    "author": "geri****",
    "review_id": "7691123",
    "movie_id": "40084"
  },
  {
    "review": "아이쉬와라라이 역활은 도도하지만 그리 거절하고 집에와선 펑펑울고 결론은 그리 도도해도 남자 배경에 끌린건 한몫했고 딸 팔아 먹는 뚱땡이 인도 엄마 뜻대로 첫째딸 둘째딸 다 결혼하고 유쾌하게 끝났네.. 모 씁쓸하지만서도 나쁘진 않은 영화",
    "date": "13.03.17",
    "rating": "9",
    "author": "shy9****",
    "review_id": "7355741",
    "movie_id": "40084"
  },
  {
    "review": "오만과 편견은 지겨웠었는데 그 보다는 볼만하다. 딸 팔아먹는 뚱뎅이 인도아줌마의 꼴이 일품.딸 팔아 먹는 엄마의 마음은 인도나 한국이나 다를바가 없구나. 영상미는 많이 부족했다.레드톤이 넘 강하다. 인도여성 원색의상의 화려함이 더해져 번짐 영상",
    "date": "12.12.30",
    "rating": "6",
    "author": "hoon****",
    "review_id": "7064945",
    "movie_id": "40084"
  },
  {
    "review": "발리우드를 표방한 영국식로맨스..여신 아이쉬와라 라이가 아름다우것 외에는..",
    "date": "12.09.30",
    "rating": "5",
    "author": "naoc****",
    "review_id": "6745613",
    "movie_id": "40084"
  },
  {
    "review": "인도  뮤지컬",
    "date": "12.09.14",
    "rating": "10",
    "author": "tjfu****",
    "review_id": "6696299",
    "movie_id": "40084"
  },
  {
    "review": "코브라 댄스 대박..ㅋㅋㅋㅋㅋㅋㅋ",
    "date": "12.05.17",
    "rating": "10",
    "author": "grea****",
    "review_id": "6305148",
    "movie_id": "40084"
  },
  {
    "review": "아이쉬와라 라이 묘한 매력이...",
    "date": "12.04.04",
    "rating": "10",
    "author": "zzzy****",
    "review_id": "6192492",
    "movie_id": "40084"
  },
  {
    "review": "오래전에 한번보고 기억에 오래 남았어요. 다시 보고 싶은 영화입니다.",
    "date": "11.11.07",
    "rating": "10",
    "author": "gjsl****",
    "review_id": "5835329",
    "movie_id": "40084"
  },
  {
    "review": "인도스타일 따라하다 망햇네",
    "date": "11.08.05",
    "rating": "3",
    "author": "sugi****",
    "review_id": "5602798",
    "movie_id": "40084"
  },
  {
    "review": "그러고보니 정말 오만과 편견 '스러운' 인도 영화였다",
    "date": "11.07.19",
    "rating": "8",
    "author": "jhzm****",
    "review_id": "5554975",
    "movie_id": "40084"
  },
  {
    "review": "노래와 춤 때문에 재미있게 보았고, 오래 전에 봤는데도 아직까지 기억이 남는 영화",
    "date": "11.07.14",
    "rating": "10",
    "author": "jnuj****",
    "review_id": "5543372",
    "movie_id": "40084"
  },
  {
    "review": "원작의 감정의 흐름 표현이 미미하지만 인도인들의 입맛에 맞게 유쾌하게 잘 각색한듯",
    "date": "11.01.15",
    "rating": "8",
    "author": "hj78****",
    "review_id": "5159764",
    "movie_id": "40084"
  },
  {
    "review": "내용도 물론 재미있지만~ ㅋㅋㅋ 영화 음악이 너무 좋내요,ㅋㅋ 개인적으로",
    "date": "10.11.29",
    "rating": "10",
    "author": "love****",
    "review_id": "5008386",
    "movie_id": "40084"
  },
  {
    "review": "완전 재밌죠ㅋㅋㅋㅋㅋㅋ",
    "date": "10.09.25",
    "rating": "10",
    "author": "ufow****",
    "review_id": "4866359",
    "movie_id": "40084"
  },
  {
    "review": "기대안했는데 굉장히 재밌었음ㅋㅋ 흥겹고 좋았음",
    "date": "10.07.17",
    "rating": "10",
    "author": "seul****",
    "review_id": "4645328",
    "movie_id": "40084"
  },
  {
    "review": "티격태격 남녀의 사랑 공식을 따라가는 영화, 그렇지만 충분히 사랑스럽고 유쾌하다.",
    "date": "10.06.21",
    "rating": "8",
    "author": "whdk****",
    "review_id": "4583024",
    "movie_id": "40084"
  },
  {
    "review": "정말 유쾌하고 재밌었다..ㅋㅋ 여자분들에게 강추!!",
    "date": "10.02.06",
    "rating": "10",
    "author": "rntm****",
    "review_id": "4251463",
    "movie_id": "40084"
  },
  {
    "review": "이게 8.7?? 오만과 편견 고대로 어설프게 배꼈더만... 볼건 여자 얼굴뿐...",
    "date": "09.07.15",
    "rating": "6",
    "author": "mumc****",
    "review_id": "3634808",
    "movie_id": "40084"
  },
  {
    "review": "인도에 대해 몰라도 재밌고, 알면 더 색다른 재미가 있는 영화.",
    "date": "09.05.20",
    "rating": "9",
    "author": "fool****",
    "review_id": "3508766",
    "movie_id": "40084"
  },
  {
    "review": "인도 아가씨들 생각보다 꽤 매력적이군요. 재미있게 봤음.",
    "date": "09.04.16",
    "rating": "10",
    "author": "skss****",
    "review_id": "3423976",
    "movie_id": "40084"
  },
  {
    "review": "인도영화 정말 신나네요 ^^",
    "date": "09.02.07",
    "rating": "8",
    "author": "spah****",
    "review_id": "3284769",
    "movie_id": "40084"
  },
  {
    "review": "알록달록 의상 화려한게 눈이 즐겁네요 남녀배우 인물은 좋은데 매력은 좀 떨어지는",
    "date": "09.01.14",
    "rating": "7",
    "author": "lkmo****",
    "review_id": "3221029",
    "movie_id": "40084"
  },
  {
    "review": "인도 영화는 모두 뮤지컬인가...",
    "date": "09.01.11",
    "rating": "1",
    "author": "caca****",
    "review_id": "3209745",
    "movie_id": "40084"
  },
  {
    "review": "유쾌하고 화려한 오만과 편견.",
    "date": "08.12.28",
    "rating": "8",
    "author": "leh0****",
    "review_id": "3162167",
    "movie_id": "40084"
  },
  {
    "review": "신나는 춤과 음악이 있는 인도 Ver. \"오만과 편견\"",
    "date": "08.10.27",
    "rating": "7",
    "author": "uds0****",
    "review_id": "3023146",
    "movie_id": "40084"
  },
  {
    "review": "우울해질때마다 보는영화. 화려한색감,신나는음악 재밌어요~",
    "date": "08.10.26",
    "rating": "10",
    "author": "suga****",
    "review_id": "3021781",
    "movie_id": "40084"
  },
  {
    "review": "유쾌해서 춤추면서(집에서)봤어요. 들썩 들썩!!!캬캬캬캬",
    "date": "08.09.09",
    "rating": "10",
    "author": "djaa****",
    "review_id": "2931999",
    "movie_id": "40084"
  },
  {
    "review": "흥겹고 눈이즐거워요 ㅎ 거기다 사랑까지 쏠쏠^^",
    "date": "08.07.31",
    "rating": "8",
    "author": "skdu****",
    "review_id": "2820496",
    "movie_id": "40084"
  },
  {
    "review": "유쾌상쾌발랄^^ 눈도 귀도 즐거웠어요",
    "date": "08.04.05",
    "rating": "10",
    "author": "need****",
    "review_id": "2561144",
    "movie_id": "40084"
  },
  {
    "review": "안젤리나졸리하고 브래드피트 느낌.........ㅎㅎ",
    "date": "07.11.24",
    "rating": "10",
    "author": "gkdl****",
    "review_id": "2179762",
    "movie_id": "40084"
  },
  {
    "review": "corny, but cute",
    "date": "07.09.30",
    "rating": "10",
    "author": "sury****",
    "review_id": "2061834",
    "movie_id": "40084"
  },
  {
    "review": "오늘 새벽 우연히 봤는데 유쾌한 영화네요..재밌게 봤어요..",
    "date": "07.08.24",
    "rating": "10",
    "author": "jane****",
    "review_id": "1974332",
    "movie_id": "40084"
  },
  {
    "review": "음, 유쾌하고 밤새면서 본 영화",
    "date": "07.08.24",
    "rating": "8",
    "author": "rlaw****",
    "review_id": "1973464",
    "movie_id": "40084"
  },
  {
    "review": "처음에 아무생각없이 봤는데 계속 보니까 재미있더라",
    "date": "07.08.09",
    "rating": "9",
    "author": "jhyl****",
    "review_id": "1911275",
    "movie_id": "40084"
  },
  {
    "review": "유쾌하다.. 인도영화의 매력이 듬뿍 담긴 영화..",
    "date": "07.07.19",
    "rating": "8",
    "author": "kaen****",
    "review_id": "1790551",
    "movie_id": "40084"
  },
  {
    "review": "TV로 2번 보고, 다운받아서 또 봤어요. 요즘 인도영화 찾아 다녀요",
    "date": "07.07.06",
    "rating": "10",
    "author": "seok****",
    "review_id": "1751214",
    "movie_id": "40084"
  },
  {
    "review": "우연히티비에서봤는데재밌음",
    "date": "07.06.14",
    "rating": "10",
    "author": "blue****",
    "review_id": "1700118",
    "movie_id": "40084"
  },
  {
    "review": "영국판이더재밌다",
    "date": "07.05.27",
    "rating": "7",
    "author": "natu****",
    "review_id": "1666479",
    "movie_id": "40084"
  },
  {
    "review": "정말 유쾌하고 재밌는 영화였다.  음악또한 너무나도 아름답다.",
    "date": "07.03.09",
    "rating": "10",
    "author": "ddun****",
    "review_id": "1525455",
    "movie_id": "40084"
  },
  {
    "review": "그래도 난 영국판 오만과 편견이 더 좋을까..",
    "date": "07.03.05",
    "rating": "9",
    "author": "lhcg****",
    "review_id": "1520344",
    "movie_id": "40084"
  },
  {
    "review": "음악 너무 좋고~영화도 진짜 재밌어요~강츄~",
    "date": "07.03.05",
    "rating": "10",
    "author": "prsy****",
    "review_id": "1519665",
    "movie_id": "40084"
  },
  {
    "review": "오늘 한다 두번더 보내 ㅡㅡ;",
    "date": "07.03.04",
    "rating": "10",
    "author": "gudg****",
    "review_id": "1518961",
    "movie_id": "40084"
  },
  {
    "review": "너무 재미있게 봤다",
    "date": "07.01.18",
    "rating": "10",
    "author": "ruwk****",
    "review_id": "1395104",
    "movie_id": "40084"
  },
  {
    "review": "진짜 예쁘다..완벽하다...",
    "date": "07.01.15",
    "rating": "10",
    "author": "ansf****",
    "review_id": "1388023",
    "movie_id": "40084"
  },
  {
    "review": "보고있음 기분이 유쾌해져요..",
    "date": "07.01.11",
    "rating": "10",
    "author": "hwa_****",
    "review_id": "1376005",
    "movie_id": "40084"
  },
  {
    "review": "밤에 우연찮게 봤는데 인도의 문화를 느낄수 있어요^^",
    "date": "07.01.07",
    "rating": "9",
    "author": "devi****",
    "review_id": "1364052",
    "movie_id": "40084"
  },
  {
    "review": "이거보려고 ㅠㅠ 오만짓을 다했던 재밌눈뎅",
    "date": "07.01.05",
    "rating": "10",
    "author": "clcl****",
    "review_id": "1358736",
    "movie_id": "40084"
  },
  {
    "review": "볼만한 영화네요..또한 인도문화 아름답네요..",
    "date": "06.12.30",
    "rating": "6",
    "author": "sori****",
    "review_id": "1341378",
    "movie_id": "40084"
  },
  {
    "review": "원작이 오만과편견이란 점에서 한번더 놀란영화",
    "date": "06.12.29",
    "rating": "10",
    "author": "thek****",
    "review_id": "1339183",
    "movie_id": "40084"
  },
  {
    "review": "재미있었어요...ㅋㅋ",
    "date": "06.12.28",
    "rating": "10",
    "author": "worl****",
    "review_id": "1335212",
    "movie_id": "40084"
  },
  {
    "review": "여주인공의 매력을 제외하면 솔직히 실망스러운 영화...",
    "date": "06.12.27",
    "rating": "5",
    "author": "glif****",
    "review_id": "1334770",
    "movie_id": "40084"
  },
  {
    "review": "paladin님. 아리안계도 인도면 문화적으로 동양인이죠. ㅉㅉ",
    "date": "06.12.26",
    "rating": "6",
    "author": "kazu****",
    "review_id": "1328601",
    "movie_id": "40084"
  },
  {
    "review": "오만과 편견을 현대인도식으로 재미있게 표현해낸 영화.",
    "date": "06.12.25",
    "rating": "10",
    "author": "kjyn****",
    "review_id": "1327385",
    "movie_id": "40084"
  },
  {
    "review": "코브라춤이 인상적이었다..",
    "date": "06.12.25",
    "rating": "10",
    "author": "gune****",
    "review_id": "1326101",
    "movie_id": "40084"
  },
  {
    "review": "재미있게 풀어냈으나 둘째딸은 저렇지 않았는데...",
    "date": "06.12.25",
    "rating": "7",
    "author": "koak****",
    "review_id": "1325789",
    "movie_id": "40084"
  },
  {
    "review": "오만과편견을 인도식으로 잘 풀어낸거같아요..재밌고신나요",
    "date": "06.12.25",
    "rating": "10",
    "author": "assa****",
    "review_id": "1325520",
    "movie_id": "40084"
  },
  {
    "review": "볼만함",
    "date": "06.12.25",
    "rating": "10",
    "author": "shin****",
    "review_id": "1325484",
    "movie_id": "40084"
  },
  {
    "review": "너무 재밌어요,...ㅋㅋㅋ",
    "date": "06.12.25",
    "rating": "10",
    "author": "sea0****",
    "review_id": "1324860",
    "movie_id": "40084"
  },
  {
    "review": "베리굿^^",
    "date": "06.12.25",
    "rating": "10",
    "author": "alst****",
    "review_id": "1324123",
    "movie_id": "40084"
  },
  {
    "review": "아, 오랜만에 즐거운 영화를 봤다~ 음악.춤. 너무 좋아~",
    "date": "06.12.25",
    "rating": "10",
    "author": "pril****",
    "review_id": "1323630",
    "movie_id": "40084"
  },
  {
    "review": "Kazu씨는 아리아계 여배우들을 보며 동양을 찾네..어이없음..",
    "date": "06.12.25",
    "rating": "9",
    "author": "pala****",
    "review_id": "1323520",
    "movie_id": "40084"
  },
  {
    "review": "인도색으로 가득찬 흥겹고 유쾌한 짝짓기.",
    "date": "06.12.25",
    "rating": "6",
    "author": "hadl****",
    "review_id": "1323288",
    "movie_id": "40084"
  },
  {
    "review": "하나 tv로 집에서 봤는데 재밌어요!! 음악도 좋고 인도도",
    "date": "06.12.24",
    "rating": "10",
    "author": "mysa****",
    "review_id": "1321636",
    "movie_id": "40084"
  },
  {
    "review": "여자들만 예뼜지.",
    "date": "06.08.26",
    "rating": "3",
    "author": "araa****",
    "review_id": "1080493",
    "movie_id": "40084"
  },
  {
    "review": "보는 내내 흥미롭고 즐거웠던 영화. 여주인공 매력적이고..",
    "date": "06.08.23",
    "rating": "10",
    "author": "shwp****",
    "review_id": "1071099",
    "movie_id": "40084"
  },
  {
    "review": "정말 흥겨운 영화. 오만과 편견보다 재밌게 봤다.",
    "date": "06.08.21",
    "rating": "10",
    "author": "inev****",
    "review_id": "1065525",
    "movie_id": "40084"
  },
  {
    "review": "색들이 좋습니다. 반드시 HD나 대화면으로 보세요.",
    "date": "06.08.17",
    "rating": "10",
    "author": "arte****",
    "review_id": "1046308",
    "movie_id": "40084"
  },
  {
    "review": "정말 음악 너무 맘에 들고 좋아요!!",
    "date": "06.08.14",
    "rating": "10",
    "author": "1116****",
    "review_id": "1029966",
    "movie_id": "40084"
  },
  {
    "review": "우리마을에도 저런 결혼 바람이 왔으면...",
    "date": "06.08.09",
    "rating": "10",
    "author": "abcl****",
    "review_id": "987519",
    "movie_id": "40084"
  },
  {
    "review": "오만과 편견의 새로운 버전 제대로 신이 난다",
    "date": "06.07.20",
    "rating": "6",
    "author": "okjo****",
    "review_id": "909184",
    "movie_id": "40084"
  },
  {
    "review": "인도영화라 좋고 내용도 재미있고-",
    "date": "06.07.08",
    "rating": "10",
    "author": "luna****",
    "review_id": "878831",
    "movie_id": "40084"
  },
  {
    "review": "정말 다시 또보고 또봐도 질리지 않는 영화.",
    "date": "06.06.04",
    "rating": "10",
    "author": "hyun****",
    "review_id": "830040",
    "movie_id": "40084"
  },
  {
    "review": "꽤재밌고 음악들도 좋았음ㅋ",
    "date": "06.06.02",
    "rating": "10",
    "author": "wing****",
    "review_id": "828094",
    "movie_id": "40084"
  },
  {
    "review": "마틴헨더슨에 빠졌어요",
    "date": "06.05.31",
    "rating": "10",
    "author": "asdz****",
    "review_id": "824401",
    "movie_id": "40084"
  },
  {
    "review": "노래도 좋고 내용도 좋고 ㅋㅋㅋ",
    "date": "06.05.31",
    "rating": "10",
    "author": "pig9****",
    "review_id": "824322",
    "movie_id": "40084"
  },
  {
    "review": "노래와 춤도재밌고, 신부와편견너무 재미있었습니다.",
    "date": "06.05.30",
    "rating": "10",
    "author": "93sy****",
    "review_id": "823491",
    "movie_id": "40084"
  },
  {
    "review": "인도를다녀온나로서는다시금인도에온착각을들게함ㅋ상류층인도ㅠ",
    "date": "06.05.28",
    "rating": "10",
    "author": "jeeh****",
    "review_id": "821129",
    "movie_id": "40084"
  },
  {
    "review": "정말 재밌게봤습니다^^",
    "date": "06.05.28",
    "rating": "10",
    "author": "firs****",
    "review_id": "820405",
    "movie_id": "40084"
  },
  {
    "review": "음악이 굉장히 멋지다",
    "date": "06.05.28",
    "rating": "8",
    "author": "mir2****",
    "review_id": "820375",
    "movie_id": "40084"
  },
  {
    "review": "신나는 영화~재밌당 ㅋㅋ",
    "date": "06.05.28",
    "rating": "10",
    "author": "dkss****",
    "review_id": "820240",
    "movie_id": "40084"
  },
  {
    "review": ">신고",
    "date": "06.05.28",
    "rating": "10",
    "author": "dnjs****",
    "review_id": "820067",
    "movie_id": "40084"
  },
  {
    "review": "너무멋짐",
    "date": "06.05.28",
    "rating": "10",
    "author": "dmsq****",
    "review_id": "820033",
    "movie_id": "40084"
  },
  {
    "review": "오만과 편견의 인도 영화 버전. 전체적으로 흥겨움.",
    "date": "06.05.28",
    "rating": "7",
    "author": "join****",
    "review_id": "819983",
    "movie_id": "40084"
  },
  {
    "review": "이런게 영화라는 생각이 듬니다 꼭보세요 정말 재미 있어여",
    "date": "06.05.28",
    "rating": "10",
    "author": "dlad****",
    "review_id": "819837",
    "movie_id": "40084"
  },
  {
    "review": "영화배우중에 가장아름다운사람입니다. 아이쉬와리아 라이",
    "date": "06.05.28",
    "rating": "10",
    "author": "lks8****",
    "review_id": "819592",
    "movie_id": "40084"
  },
  {
    "review": "인도영화 비르와 자라를 떠올리게 했던 흥겨운 영화",
    "date": "06.05.28",
    "rating": "10",
    "author": "newl****",
    "review_id": "819558",
    "movie_id": "40084"
  },
  {
    "review": "현대판 오만과편견! 더욱 유쾌하고 더욱 가슴 뛴다 ^-^♡",
    "date": "06.05.28",
    "rating": "10",
    "author": "eunh****",
    "review_id": "819521",
    "movie_id": "40084"
  },
  {
    "review": "사랑하고 싶어지게 하는 영화",
    "date": "06.05.28",
    "rating": "10",
    "author": "ddaz****",
    "review_id": "819520",
    "movie_id": "40084"
  },
  {
    "review": "내내 유쾌예쁜 인도영화, 신나고 흥겹고 ^^",
    "date": "06.05.28",
    "rating": "10",
    "author": "with****",
    "review_id": "819518",
    "movie_id": "40084"
  },
  {
    "review": "인도 영화의 흥겨움, 보는 내내 즐거웠어요.",
    "date": "06.05.28",
    "rating": "10",
    "author": "togg****",
    "review_id": "819512",
    "movie_id": "40084"
  },
  {
    "review": "오만과 편견 보고 봤는데 정말 보는 웃기고 낭만적이고 왕강추!!",
    "date": "06.05.28",
    "rating": "10",
    "author": "pjiy****",
    "review_id": "819510",
    "movie_id": "40084"
  },
  {
    "review": "다양한 색채와 노래,, 그리고 오만과 편견",
    "date": "06.05.28",
    "rating": "7",
    "author": "geni****",
    "review_id": "819354",
    "movie_id": "40084"
  },
  {
    "review": "지금도 이 영화만 생각하면 기분이 좋아져요",
    "date": "06.05.27",
    "rating": "10",
    "author": "beet****",
    "review_id": "818929",
    "movie_id": "40084"
  },
  {
    "review": "d",
    "date": "06.05.27",
    "rating": "10",
    "author": "kcsc****",
    "review_id": "818852",
    "movie_id": "40084"
  },
  {
    "review": "인도 영화의 흥겨움을 그대로 보여주는 아주 즐거운 영화",
    "date": "06.05.15",
    "rating": "10",
    "author": "sure****",
    "review_id": "801918",
    "movie_id": "40084"
  },
  {
    "review": "이 영화를 먼저 보고 오만과 편견을 봤는데~이 영화가 더 낫다",
    "date": "06.04.21",
    "rating": "10",
    "author": "kiki****",
    "review_id": "769517",
    "movie_id": "40084"
  },
  {
    "review": "제목이 무슨뜻인가 했더니 오만과 편견~ 너무 재미있게 본 영화",
    "date": "06.04.02",
    "rating": "10",
    "author": "kmy4****",
    "review_id": "745700",
    "movie_id": "40084"
  },
  {
    "review": "인도뮤지컬영화는 정말 재미있는 거 같애요+_+",
    "date": "06.04.01",
    "rating": "10",
    "author": "minj****",
    "review_id": "743487",
    "movie_id": "40084"
  },
  {
    "review": "인도 뮤지컬 영화는 나에게 아직 무리인가 보다",
    "date": "06.03.04",
    "rating": "7",
    "author": "inno****",
    "review_id": "703265",
    "movie_id": "40084"
  },
  {
    "review": "유쾌함에 푹 빠지고 싶을 때 추천하고픈 영화",
    "date": "06.02.23",
    "rating": "10",
    "author": "jasm****",
    "review_id": "687002",
    "movie_id": "40084"
  }
]