[
  {
    "review": "일본 추리의 아버지인 란포의 기괴함이 잘 녹아있는 작품. 란포는 모르는 사람이 보기에는 그저 혐오물일 수도 있다고 생각함",
    "date": "13.09.06",
    "rating": "8",
    "author": "spoi****",
    "review_id": "7953714",
    "movie_id": "40099"
  },
  {
    "review": "지옥을 보여주고 싶었던 거라면 성공;;;;;;5년전에 봤지만 이 영화만큼 기분나쁜 영화는 아직;;;;",
    "date": "13.05.09",
    "rating": "5",
    "author": "0spq****",
    "review_id": "7516704",
    "movie_id": "40099"
  },
  {
    "review": "지옥이란",
    "date": "13.04.09",
    "rating": "10",
    "author": "jjw9****",
    "review_id": "7445077",
    "movie_id": "40099"
  },
  {
    "review": "싸이코를 위한 영화",
    "date": "12.06.08",
    "rating": "4",
    "author": "ndlw****",
    "review_id": "6375182",
    "movie_id": "40099"
  },
  {
    "review": "지옥을 보았는가 ?? 지옥은 , 냉소 허무 공포만이 존재할뿐이다. 느끼려하지마라",
    "date": "11.05.13",
    "rating": "7",
    "author": "ll3l****",
    "review_id": "5425086",
    "movie_id": "40099"
  },
  {
    "review": "전단편집 3편 기괴환상을 읽고 감상하세요. 전 두번 봤습니다.^^",
    "date": "11.01.15",
    "rating": "8",
    "author": "soky****",
    "review_id": "5158502",
    "movie_id": "40099"
  },
  {
    "review": "?? 이상한 영화다.. 하나도 모르겠다.",
    "date": "10.02.03",
    "rating": "5",
    "author": "yuni****",
    "review_id": "4242478",
    "movie_id": "40099"
  },
  {
    "review": "원작 소설의 발톱만큼도 미치지 못한 영화. 그저 기괴하기만 했다.",
    "date": "09.11.30",
    "rating": "2",
    "author": "sia1****",
    "review_id": "4003810",
    "movie_id": "40099"
  },
  {
    "review": "강력추천...",
    "date": "09.10.04",
    "rating": "9",
    "author": "ilso****",
    "review_id": "3870818",
    "movie_id": "40099"
  },
  {
    "review": "기괴하지만 영상미가 굿",
    "date": "09.08.13",
    "rating": "7",
    "author": "dkfd****",
    "review_id": "3745654",
    "movie_id": "40099"
  },
  {
    "review": "보고싶은 분들만 보세요.... 거참.. 난해하다..",
    "date": "09.06.08",
    "rating": "4",
    "author": "qorw****",
    "review_id": "3552694",
    "movie_id": "40099"
  },
  {
    "review": "미술작품같은 영화",
    "date": "08.11.13",
    "rating": "10",
    "author": "nanu****",
    "review_id": "3046914",
    "movie_id": "40099"
  },
  {
    "review": "오랫만에 머리를 깨워주는 느낌을 주는 영화를 본 것 같다.",
    "date": "08.09.19",
    "rating": "9",
    "author": "1231****",
    "review_id": "2957200",
    "movie_id": "40099"
  },
  {
    "review": "꽤 신선한 충격이었다... 하지만 역겹고 기괴한것은 어쩔수가 없다...~~",
    "date": "08.07.08",
    "rating": "8",
    "author": "grut****",
    "review_id": "2748502",
    "movie_id": "40099"
  },
  {
    "review": "신체절단이 조금 역하지만 영상미는 후덜덜....",
    "date": "08.07.04",
    "rating": "8",
    "author": "siro****",
    "review_id": "2739667",
    "movie_id": "40099"
  },
  {
    "review": "더럽고 잔인한 그렇다고 고어영화 보다는 조금 약한 이상한 영화.",
    "date": "08.06.24",
    "rating": "2",
    "author": "evil****",
    "review_id": "2717776",
    "movie_id": "40099"
  },
  {
    "review": "어렵지만 아름답고 기괴한 영상미에 숨이 막히다. 대단한 영화임에는 틀림없다.",
    "date": "07.12.31",
    "rating": "10",
    "author": "silv****",
    "review_id": "2283347",
    "movie_id": "40099"
  },
  {
    "review": "이제 어려운 영화는 그만보자. 그냥 편하게 살자.",
    "date": "07.07.18",
    "rating": "4",
    "author": "hagj****",
    "review_id": "1789260",
    "movie_id": "40099"
  },
  {
    "review": "기대에 미치지 못했으나, 신선한 영화.",
    "date": "07.06.16",
    "rating": "8",
    "author": "elin****",
    "review_id": "1703994",
    "movie_id": "40099"
  },
  {
    "review": "보는내내 참 힘들었지만. 생각해보면 괜찮았던영화 .. 아사노의 연기가 굿",
    "date": "07.06.12",
    "rating": "7",
    "author": "puma****",
    "review_id": "1697421",
    "movie_id": "40099"
  },
  {
    "review": "5.72점 정도.....................;;;; ㅎ;",
    "date": "07.05.28",
    "rating": "5",
    "author": "seni****",
    "review_id": "1668547",
    "movie_id": "40099"
  },
  {
    "review": "진짜 이건 아니다",
    "date": "07.05.09",
    "rating": "1",
    "author": "2907****",
    "review_id": "1628941",
    "movie_id": "40099"
  },
  {
    "review": "다르다고해서비난받을이유는없다.신선함으로충만한영화.",
    "date": "07.04.30",
    "rating": "10",
    "author": "gack****",
    "review_id": "1612369",
    "movie_id": "40099"
  },
  {
    "review": "지옥안 SM관찰기, 불편하지만 흥미롭다. 몸이 가려운건 어쩔 수 없더군.",
    "date": "07.03.29",
    "rating": "8",
    "author": "tang****",
    "review_id": "1561275",
    "movie_id": "40099"
  },
  {
    "review": "한국에서 영화 이따구로 만들어 극장올리면 1주만에 간판내림",
    "date": "07.03.24",
    "rating": "3",
    "author": "gall****",
    "review_id": "1550386",
    "movie_id": "40099"
  },
  {
    "review": "흐흐..엽기잔혹극 잔혹한거..",
    "date": "07.03.20",
    "rating": "5",
    "author": "dcap****",
    "review_id": "1544655",
    "movie_id": "40099"
  },
  {
    "review": "졸다 깨기를 수십번. 정말 지옥같은 시간이었다.",
    "date": "07.03.10",
    "rating": "1",
    "author": "jiko****",
    "review_id": "1526321",
    "movie_id": "40099"
  },
  {
    "review": "프랑스영화 느낌의 일본영화지만 오랜만에 집중해서 본 영화입니다",
    "date": "07.03.01",
    "rating": "9",
    "author": "wusu****",
    "review_id": "1512035",
    "movie_id": "40099"
  },
  {
    "review": "란포지옥 드라마 생각하고 본다면 오산...;",
    "date": "07.02.23",
    "rating": "7",
    "author": "oz97****",
    "review_id": "1496650",
    "movie_id": "40099"
  },
  {
    "review": "사람이 어느정도까지 엽기적일수 있는지 느낄수 있었던 영화..",
    "date": "07.01.09",
    "rating": "6",
    "author": "hjdi****",
    "review_id": "1369012",
    "movie_id": "40099"
  },
  {
    "review": "불쾌하고 역겹지만 돈이 아깝진 않다.",
    "date": "07.01.09",
    "rating": "7",
    "author": "braz****",
    "review_id": "1368856",
    "movie_id": "40099"
  },
  {
    "review": "전 좋았어요.",
    "date": "06.11.23",
    "rating": "10",
    "author": "d0_e****",
    "review_id": "1247354",
    "movie_id": "40099"
  },
  {
    "review": "나에겐 맞지 않는;; 정말 너무 어려워요ㅠ",
    "date": "06.08.07",
    "rating": "6",
    "author": "jyoo****",
    "review_id": "981611",
    "movie_id": "40099"
  },
  {
    "review": "보기에 힘든 영화...시각 테러...엽기...",
    "date": "06.08.05",
    "rating": "7",
    "author": "nona****",
    "review_id": "973033",
    "movie_id": "40099"
  },
  {
    "review": "너무 어려워서 알수가 없다.",
    "date": "06.07.30",
    "rating": "5",
    "author": "limh****",
    "review_id": "941353",
    "movie_id": "40099"
  },
  {
    "review": "기이하고 기괴한 이야기의 향연",
    "date": "06.07.28",
    "rating": "9",
    "author": "taij****",
    "review_id": "932994",
    "movie_id": "40099"
  },
  {
    "review": "배우들은 참으로 훌륭하였으나 두번봐도 힘들다.",
    "date": "06.07.19",
    "rating": "8",
    "author": "gm01****",
    "review_id": "906818",
    "movie_id": "40099"
  },
  {
    "review": "나에겐 너무 어려웠던 영화.. 왠만한 사람에겐 어려울 영화;;",
    "date": "06.07.14",
    "rating": "5",
    "author": "wind****",
    "review_id": "890315",
    "movie_id": "40099"
  },
  {
    "review": "두번쨰와 네번째 에피소드가 그나마 무난하다...정말...",
    "date": "06.07.08",
    "rating": "6",
    "author": "koso****",
    "review_id": "878080",
    "movie_id": "40099"
  },
  {
    "review": "비유와 상징으로만 이루어진 전형적인 일본영화",
    "date": "06.07.07",
    "rating": "2",
    "author": "ciel****",
    "review_id": "874824",
    "movie_id": "40099"
  },
  {
    "review": "너무좋아ㅠㅠ내가딱좋아하는스타일이었다.묘하게기괴한이야기들.",
    "date": "06.07.05",
    "rating": "10",
    "author": "oioi****",
    "review_id": "871645",
    "movie_id": "40099"
  },
  {
    "review": "영화를 먼저보고 예고를 나중에 봤다, 예고만 재밋드라..",
    "date": "06.07.04",
    "rating": "5",
    "author": "nanu****",
    "review_id": "870463",
    "movie_id": "40099"
  },
  {
    "review": "불편할수도, 즐길수도. 그러나 훌륭한 영화.",
    "date": "06.07.04",
    "rating": "8",
    "author": "line****",
    "review_id": "870403",
    "movie_id": "40099"
  },
  {
    "review": "무언가 민족간의 정서적 차이인가",
    "date": "06.07.03",
    "rating": "7",
    "author": "sado****",
    "review_id": "869032",
    "movie_id": "40099"
  },
  {
    "review": "평범한 당신.. 견뎌낼 수 있을까?",
    "date": "06.07.03",
    "rating": "2",
    "author": "drip****",
    "review_id": "869016",
    "movie_id": "40099"
  },
  {
    "review": "연출력과 영상, 음악 굿! but 비위 심하게 상함",
    "date": "06.07.03",
    "rating": "7",
    "author": "dedo****",
    "review_id": "867876",
    "movie_id": "40099"
  }
]