[
  {
    "review": "믿고보는 김래원ㅎ 재밌음ㅋㅋ",
    "date": "15.08.21",
    "rating": "8",
    "author": "doo3****",
    "review_id": "10259629",
    "movie_id": "40098"
  },
  {
    "review": "이종혁 발연기 쩜..ㅎㅎㅎ",
    "date": "15.07.22",
    "rating": "2",
    "author": "jbjo****",
    "review_id": "10129750",
    "movie_id": "40098"
  },
  {
    "review": "[ 스토리 6, 비주얼 6, 연출 6, 연기 7 ]　억지스런 면이 많지만 코믹, 사회적 풍자는 좋다. 김래원의 연기도 매력적.",
    "date": "15.06.18",
    "rating": "6",
    "author": "eyeb****",
    "review_id": "10007902",
    "movie_id": "40098"
  },
  {
    "review": "시대를 타지않을 코믹지금봐도 웃기고다음에봐도 확실히 면밀히 세밀히 볼만하다",
    "date": "15.06.07",
    "rating": "10",
    "author": "byun****",
    "review_id": "9981047",
    "movie_id": "40098"
  },
  {
    "review": "되게 재미있게 봤었다는ㅎㅎ",
    "date": "15.06.04",
    "rating": "10",
    "author": "besl****",
    "review_id": "9974766",
    "movie_id": "40098"
  },
  {
    "review": "아...10년도 지난 재미도 없는 이영화를 내가 왜 이새벽까지 보고 있는걸까..",
    "date": "15.05.21",
    "rating": "5",
    "author": "civi****",
    "review_id": "9934840",
    "movie_id": "40098"
  },
  {
    "review": "강남보고 나서 다시봤다 강남도 멋있지만 난 왜 이게 더 멋있지 ㅎ",
    "date": "15.03.26",
    "rating": "10",
    "author": "jchc****",
    "review_id": "9807816",
    "movie_id": "40098"
  },
  {
    "review": "10년전 영화라 어색하긴하지만 뭐 나름 괜찮잖아?",
    "date": "15.03.17",
    "rating": "8",
    "author": "andr****",
    "review_id": "9790105",
    "movie_id": "40098"
  },
  {
    "review": "김래원에게 잘 어울리는 영화. 짜임새 있게 잘 만든 영화는 아니지만 소재가 독특했고 그런대로 잘 풀어냈다. 격한 갈등의 깊이를 보여주지는 않았어도 몰입감 있게 보았다.",
    "date": "15.03.15",
    "rating": "8",
    "author": "inth****",
    "review_id": "9784698",
    "movie_id": "40098"
  },
  {
    "review": "코믹도 있고 내용도 무난했다. 지금 보아도 충분히 볼만하다.",
    "date": "15.03.13",
    "rating": "7",
    "author": "pree****",
    "review_id": "9778869",
    "movie_id": "40098"
  },
  {
    "review": "어릴적 참 재밌게 봤었지..벌써 내 나이가 ㅠㅠ이당시 김래원 외모는 진짜 리즈시절이라 할수 있을정도 였는데..오랫만에 또 보는데 재밌다..생각없이 보기에..",
    "date": "15.03.13",
    "rating": "9",
    "author": "jinl****",
    "review_id": "9777057",
    "movie_id": "40098"
  },
  {
    "review": "뻔한 스토리지만 괜찮군",
    "date": "15.03.11",
    "rating": "8",
    "author": "vm4e****",
    "review_id": "9772275",
    "movie_id": "40098"
  },
  {
    "review": "그냥 아무잉 없이 굳굳굳!!!!",
    "date": "15.03.11",
    "rating": "10",
    "author": "seoj****",
    "review_id": "9771735",
    "movie_id": "40098"
  },
  {
    "review": "확실히 당시 악역 보스 역할에는 윤태영 만한 사람이 없었던거 같다. 그리고 은근히 전라도를 디스하는거 같다.",
    "date": "15.02.21",
    "rating": "7",
    "author": "yong****",
    "review_id": "9721738",
    "movie_id": "40098"
  },
  {
    "review": "이 영화는 법이라는 시스템을 집행하는 인간들이 법을 악용하는 폐해를 간접적으로 보여주는 점은 훌륭하나 대사톤이 오글거리고 유치하다. 후에 김래원과 박성웅이 다시 함께 출연한 해바라기가 진짜 울림 있는 영화임",
    "date": "15.02.13",
    "rating": "1",
    "author": "jjaj****",
    "review_id": "9691587",
    "movie_id": "40098"
  },
  {
    "review": "우리 오빠가 구동혁이었어야 했는데... 그럼 나도 지금 경찰일 거 아냐 ㅋ",
    "date": "15.02.07",
    "rating": "10",
    "author": "pio7****",
    "review_id": "9675036",
    "movie_id": "40098"
  },
  {
    "review": "아니 이좋은 영화가 왜 평점이 이 모양이죠? 연기력좋고 재미도있고 감동도있고 나름 탄탄한 스토리도 있는데전 추천합니다 미스터 소크라테스!",
    "date": "15.02.01",
    "rating": "10",
    "author": "fly3****",
    "review_id": "9657610",
    "movie_id": "40098"
  },
  {
    "review": "역시 김래원이네요... 영화 스토리도 탄탄합니다. 추천합니다",
    "date": "15.01.25",
    "rating": "10",
    "author": "nice****",
    "review_id": "9635610",
    "movie_id": "40098"
  },
  {
    "review": "김래원을 다시보게 된 영화",
    "date": "15.01.22",
    "rating": "9",
    "author": "dgls****",
    "review_id": "9622416",
    "movie_id": "40098"
  },
  {
    "review": "솔직히 재밌었는데. 이거 잼없다는사람들 두사부일체처럼 재밌어도 이악물고 '깡패영화ouit!!!'외치는분들ㅋㅋㅋ",
    "date": "14.12.26",
    "rating": "10",
    "author": "ddab****",
    "review_id": "9517463",
    "movie_id": "40098"
  },
  {
    "review": "이거 캬.. 대박.ㅎㅎ",
    "date": "14.12.10",
    "rating": "10",
    "author": "hiph****",
    "review_id": "9463338",
    "movie_id": "40098"
  },
  {
    "review": "학생 ~~~~ 일어나요",
    "date": "14.11.04",
    "rating": "10",
    "author": "rlae****",
    "review_id": "9340285",
    "movie_id": "40098"
  },
  {
    "review": "사람이 인생관이 있어야지 근데 내용이 좀 부실",
    "date": "14.10.22",
    "rating": "7",
    "author": "xx41****",
    "review_id": "9307695",
    "movie_id": "40098"
  },
  {
    "review": "교실에서 들을 수 있던 윤리를 실생활에 그것도 조폭과 경찰에 접목시킨 점은 괜찮다. 하지만 이 둘의 조합은 매끄럽지 않고, 극의 진행엔 공감되지 못하는 순간도 있다.",
    "date": "14.10.17",
    "rating": "6",
    "author": "zxc1****",
    "review_id": "9296982",
    "movie_id": "40098"
  },
  {
    "review": "재밌다 노전대 드립 때문에 방송에 못나오는듯 하지만 특유의 유쾌함은 볼 가치가 있음ㅋ",
    "date": "14.09.12",
    "rating": "10",
    "author": "kthi****",
    "review_id": "9206832",
    "movie_id": "40098"
  },
  {
    "review": "난 원래 권선징악을 좋아한다.",
    "date": "14.08.24",
    "rating": "6",
    "author": "ngup****",
    "review_id": "9129325",
    "movie_id": "40098"
  },
  {
    "review": "최고 잼나요..ㅋ    또 보고싶을만큼..^^",
    "date": "14.08.12",
    "rating": "10",
    "author": "sasu****",
    "review_id": "9072322",
    "movie_id": "40098"
  },
  {
    "review": "사랑의 매는 반드시 필요하다.우스꽝스러웠던 제목도 영화를 보고나면 이해가 되어가는 듯.",
    "date": "14.08.06",
    "rating": "9",
    "author": "cred****",
    "review_id": "9035296",
    "movie_id": "40098"
  },
  {
    "review": "김래원 그의 연기의 끝은 어디까지 인가...표정이 살아있는 배우...하지만 그의 연기보다 인기는 쉽게 올라가질 못한다...",
    "date": "14.07.27",
    "rating": "8",
    "author": "webz****",
    "review_id": "8967052",
    "movie_id": "40098"
  },
  {
    "review": "흥미로운 소재,, 초반은 흥미롭다,, ㅡ;  그 이후부터는 개판임",
    "date": "14.07.25",
    "rating": "5",
    "author": "fghy****",
    "review_id": "8954146",
    "movie_id": "40098"
  },
  {
    "review": "오랫만에 다시봤는데, 충분히 좋았다~",
    "date": "14.06.27",
    "rating": "8",
    "author": "0411****",
    "review_id": "8860103",
    "movie_id": "40098"
  },
  {
    "review": "딱 킬링타임용임. 내용은 코믹함",
    "date": "14.05.28",
    "rating": "7",
    "author": "adiv****",
    "review_id": "8770982",
    "movie_id": "40098"
  },
  {
    "review": "[7점] 다시봐도 재밌는 소크라테스",
    "date": "14.05.08",
    "rating": "7",
    "author": "fann****",
    "review_id": "8715920",
    "movie_id": "40098"
  },
  {
    "review": "평가가 별로라서 기대안하고 봤는데 재밌게봤어요 ㅋㅋㅋ",
    "date": "14.05.01",
    "rating": "10",
    "author": "sooa****",
    "review_id": "8690304",
    "movie_id": "40098"
  },
  {
    "review": "김래원-이종혁 콤비 매력있네ㅋ 김래원-오광록도 웃겼고ㅋ",
    "date": "14.04.29",
    "rating": "5",
    "author": "gade****",
    "review_id": "8681303",
    "movie_id": "40098"
  },
  {
    "review": "예전영화 스타일이네 너무 밋밋하다",
    "date": "14.04.17",
    "rating": "6",
    "author": "han3****",
    "review_id": "8654712",
    "movie_id": "40098"
  },
  {
    "review": "멋져부러주인공은굳연기굳감독이 베드..",
    "date": "14.04.11",
    "rating": "10",
    "author": "gta3****",
    "review_id": "8643621",
    "movie_id": "40098"
  },
  {
    "review": "볼만하네요네하만볼.",
    "date": "14.04.01",
    "rating": "10",
    "author": "hosn****",
    "review_id": "8621733",
    "movie_id": "40098"
  },
  {
    "review": "재밌게봤습니다 인생관이 중요하다",
    "date": "14.03.27",
    "rating": "8",
    "author": "hyun****",
    "review_id": "8610106",
    "movie_id": "40098"
  },
  {
    "review": "조폭을 형사만들어서 미화해보겠다는 유치한영화",
    "date": "14.03.22",
    "rating": "5",
    "author": "gkdl****",
    "review_id": "8594993",
    "movie_id": "40098"
  },
  {
    "review": "그냥 무난한 올드내용이고 이정도면 재미있게봄",
    "date": "14.03.05",
    "rating": "7",
    "author": "dkdl****",
    "review_id": "8557430",
    "movie_id": "40098"
  },
  {
    "review": "김래원영화는그냥믿고봄..봐도봐도질리지않음..",
    "date": "14.01.17",
    "rating": "10",
    "author": "i247****",
    "review_id": "8392480",
    "movie_id": "40098"
  },
  {
    "review": "인생관에 대해서 많이 생각해보게 되는 영화",
    "date": "14.01.13",
    "rating": "10",
    "author": "seun****",
    "review_id": "8379231",
    "movie_id": "40098"
  },
  {
    "review": "조직이 키운 장학생...악질 경찰이 되돌아오다...약간 과장되고 오버스러운코믹한 무간도 스타일...",
    "date": "14.01.13",
    "rating": "5",
    "author": "egyp****",
    "review_id": "8378686",
    "movie_id": "40098"
  },
  {
    "review": "이런 소재 자주나와서 식상하긴 하지만 몰입감도 있고 재미있었음.",
    "date": "14.01.12",
    "rating": "8",
    "author": "a109****",
    "review_id": "8373736",
    "movie_id": "40098"
  },
  {
    "review": "딱 7점 정도가 어울리는 영화",
    "date": "14.01.05",
    "rating": "7",
    "author": "qkqh****",
    "review_id": "8349714",
    "movie_id": "40098"
  },
  {
    "review": "김래원떄문에 점수가 높은것인가??",
    "date": "13.12.13",
    "rating": "2",
    "author": "ccor****",
    "review_id": "8212228",
    "movie_id": "40098"
  },
  {
    "review": "맛깔나는 김래원의 연기",
    "date": "13.12.02",
    "rating": "8",
    "author": "vkav****",
    "review_id": "8185027",
    "movie_id": "40098"
  },
  {
    "review": "진짜재밋게봣어요 ㅋㅋ김래원짱",
    "date": "13.11.17",
    "rating": "10",
    "author": "elvi****",
    "review_id": "8146089",
    "movie_id": "40098"
  },
  {
    "review": "이런류의 영화가 넘좋다 김래원 연기 넘 좋다",
    "date": "13.11.01",
    "rating": "10",
    "author": "ddi0****",
    "review_id": "8106420",
    "movie_id": "40098"
  },
  {
    "review": "정말 보고 또 봐도 잼나다..",
    "date": "13.10.03",
    "rating": "9",
    "author": "dks0****",
    "review_id": "8032721",
    "movie_id": "40098"
  },
  {
    "review": "네? 신고한사람 이름까지 말해야하나요?? 노무현 이거 ㅋㅋ 사회풍자인가요?",
    "date": "13.09.17",
    "rating": "10",
    "author": "jkm3****",
    "review_id": "7988721",
    "movie_id": "40098"
  },
  {
    "review": "올드하다.. 하지만 빛나는 김래원의 연기.",
    "date": "13.09.03",
    "rating": "5",
    "author": "hyh7****",
    "review_id": "7944511",
    "movie_id": "40098"
  },
  {
    "review": "억지 설정 감안하고 김래원의 캐릭터가 묻어있다.",
    "date": "13.07.02",
    "rating": "7",
    "author": "myjs****",
    "review_id": "7696671",
    "movie_id": "40098"
  },
  {
    "review": "욕설과 말도 안되는 전개 경찰 되는게 장난이냐? 개나소나 양아치난 다되게?? 어이없네.",
    "date": "13.06.20",
    "rating": "1",
    "author": "ldkl****",
    "review_id": "7659173",
    "movie_id": "40098"
  },
  {
    "review": "다시봐도 재밌어요~!!",
    "date": "13.05.05",
    "rating": "10",
    "author": "7878****",
    "review_id": "7508623",
    "movie_id": "40098"
  },
  {
    "review": "집중해서 봤음에도 점점 흐트러지는 집중도.. 어이없는 씬들의 연속",
    "date": "13.04.22",
    "rating": "1",
    "author": "lees****",
    "review_id": "7473982",
    "movie_id": "40098"
  },
  {
    "review": "킬링타임용으로도 부족하군",
    "date": "13.04.14",
    "rating": "3",
    "author": "guev****",
    "review_id": "7458202",
    "movie_id": "40098"
  },
  {
    "review": "최고입니다",
    "date": "13.04.11",
    "rating": "10",
    "author": "aptl****",
    "review_id": "7449757",
    "movie_id": "40098"
  },
  {
    "review": "불량스러우나 굳세게도 나가는 주인공 그리고 영화",
    "date": "13.04.06",
    "rating": "6",
    "author": "nice****",
    "review_id": "7439676",
    "movie_id": "40098"
  },
  {
    "review": "최악",
    "date": "13.03.18",
    "rating": "1",
    "author": "alwa****",
    "review_id": "7359776",
    "movie_id": "40098"
  },
  {
    "review": "극장에선 못봤고 케이블로 봤는데, 김래원판 \"공공의적\". 재미있었습니다.",
    "date": "13.03.12",
    "rating": "10",
    "author": "pota****",
    "review_id": "7342723",
    "movie_id": "40098"
  },
  {
    "review": "여자가 안나오는 영화라는게 개성이다. 재밌는 영화",
    "date": "13.03.08",
    "rating": "6",
    "author": "garn****",
    "review_id": "7331885",
    "movie_id": "40098"
  },
  {
    "review": "재밌고 감동적이여 좀과하지만 10점",
    "date": "13.03.01",
    "rating": "10",
    "author": "jbh9****",
    "review_id": "7313760",
    "movie_id": "40098"
  },
  {
    "review": "일단 영화는 재밌어야해ㅋㅋㅋ",
    "date": "13.02.19",
    "rating": "9",
    "author": "runn****",
    "review_id": "7281992",
    "movie_id": "40098"
  },
  {
    "review": "재미있다 . 다시봐도 질리지않는 코믹함",
    "date": "13.02.17",
    "rating": "8",
    "author": "enia****",
    "review_id": "7276658",
    "movie_id": "40098"
  },
  {
    "review": "말이 필요 있나",
    "date": "13.02.09",
    "rating": "10",
    "author": "jjfy****",
    "review_id": "7241235",
    "movie_id": "40098"
  },
  {
    "review": "섬세하고 유쾌하며 서로 궁합이 잘 맞는 캐릭터를 가졌으나 다소 화법이 거칠고 서툰 게 아쉬움. 김래원의 능청스러운 연기가 시간이 지나도 다시 보고 싶어지는 매력이 있네요.",
    "date": "13.01.31",
    "rating": "8",
    "author": "hito****",
    "review_id": "7201492",
    "movie_id": "40098"
  },
  {
    "review": "김래원 나와서 보았습니다. 코믹과 훈훈함이 있는 진짜 영화! 웃음이 터진다, 많이^^",
    "date": "13.01.15",
    "rating": "10",
    "author": "kore****",
    "review_id": "7117314",
    "movie_id": "40098"
  },
  {
    "review": "다시봐도질리지않는것같네요~",
    "date": "13.01.11",
    "rating": "10",
    "author": "olol****",
    "review_id": "7102329",
    "movie_id": "40098"
  },
  {
    "review": "무간도의 영향을 받은 영화지만 그특유의 느와르는 빼고 코믹색채를 덧씨웠다. 결국은 코믹 조폭영화, 당시 남발됬던 수많은 조폭영화중 그래도 코믹수작",
    "date": "13.01.10",
    "rating": "8",
    "author": "bajj****",
    "review_id": "7097968",
    "movie_id": "40098"
  },
  {
    "review": "ㅇㅇ",
    "date": "12.12.27",
    "rating": "10",
    "author": "comw****",
    "review_id": "7053689",
    "movie_id": "40098"
  },
  {
    "review": "윤리 1등급 받을만 하겠네",
    "date": "12.12.10",
    "rating": "10",
    "author": "kyy6****",
    "review_id": "6990872",
    "movie_id": "40098"
  },
  {
    "review": "래원이 내하고 붙어볼만 하겄네",
    "date": "12.12.10",
    "rating": "10",
    "author": "kji5****",
    "review_id": "6990862",
    "movie_id": "40098"
  },
  {
    "review": "김래원 싸움 쫌 할줄아네",
    "date": "12.12.10",
    "rating": "10",
    "author": "rise****",
    "review_id": "6990856",
    "movie_id": "40098"
  },
  {
    "review": "볼만함",
    "date": "12.11.10",
    "rating": "8",
    "author": "real****",
    "review_id": "6872775",
    "movie_id": "40098"
  },
  {
    "review": "ㅋㅋㅋ 개재밌는데? 어케보면 해바라기보다 더재밌다",
    "date": "12.10.24",
    "rating": "9",
    "author": "ekck****",
    "review_id": "6824503",
    "movie_id": "40098"
  },
  {
    "review": "김공익의 액션 ㅋㅋㅋ",
    "date": "12.10.11",
    "rating": "1",
    "author": "ske4****",
    "review_id": "6781862",
    "movie_id": "40098"
  },
  {
    "review": "환타지 같이 공감이 전혀 안되는 드라마",
    "date": "12.09.18",
    "rating": "4",
    "author": "hsfa****",
    "review_id": "6711121",
    "movie_id": "40098"
  },
  {
    "review": "생각보다 훈훈하고 정말 재밌게 봤다.",
    "date": "12.09.15",
    "rating": "10",
    "author": "pok_****",
    "review_id": "6700423",
    "movie_id": "40098"
  },
  {
    "review": "세상에 전달하려는 메세지가 잘 전달되기를..",
    "date": "12.09.09",
    "rating": "7",
    "author": "ghfb****",
    "review_id": "6682049",
    "movie_id": "40098"
  },
  {
    "review": "포스터 보고 봤었는데 실망했던 영화.",
    "date": "12.08.31",
    "rating": "4",
    "author": "kem1****",
    "review_id": "6657512",
    "movie_id": "40098"
  },
  {
    "review": "이거 볼만한데 ㅋㅋㅋ",
    "date": "12.08.30",
    "rating": "10",
    "author": "dltk****",
    "review_id": "6656499",
    "movie_id": "40098"
  },
  {
    "review": "재밌네",
    "date": "12.08.30",
    "rating": "10",
    "author": "blac****",
    "review_id": "6654940",
    "movie_id": "40098"
  },
  {
    "review": "김래원식 멍때리는 연기너무좋다",
    "date": "12.08.15",
    "rating": "9",
    "author": "cksd****",
    "review_id": "6606273",
    "movie_id": "40098"
  },
  {
    "review": "5.7",
    "date": "12.08.13",
    "rating": "5",
    "author": "one5****",
    "review_id": "6600407",
    "movie_id": "40098"
  },
  {
    "review": "이 영화가 왜 7점대지..? 제 인생 최고의 영화입니다!",
    "date": "12.08.11",
    "rating": "10",
    "author": "wyst****",
    "review_id": "6594867",
    "movie_id": "40098"
  },
  {
    "review": "명작이다!!!!!!!!!!!",
    "date": "12.07.04",
    "rating": "10",
    "author": "torl****",
    "review_id": "6445064",
    "movie_id": "40098"
  },
  {
    "review": "범죄물과 코미디을 적절히 섞은 명작.",
    "date": "12.06.03",
    "rating": "10",
    "author": "maru****",
    "review_id": "6360117",
    "movie_id": "40098"
  },
  {
    "review": "악법도 법이다!",
    "date": "12.05.08",
    "rating": "6",
    "author": "jode****",
    "review_id": "6281550",
    "movie_id": "40098"
  },
  {
    "review": "평점 거품인듯..",
    "date": "12.03.25",
    "rating": "6",
    "author": "kei9****",
    "review_id": "6166210",
    "movie_id": "40098"
  },
  {
    "review": "재밌다",
    "date": "12.03.20",
    "rating": "10",
    "author": "wsx3****",
    "review_id": "6156663",
    "movie_id": "40098"
  },
  {
    "review": "음..지루하게느껴질수도있겠지만 재밌게본영화^^",
    "date": "12.03.19",
    "rating": "8",
    "author": "thdu****",
    "review_id": "6155570",
    "movie_id": "40098"
  },
  {
    "review": "해바라기보다 재밋는뎈ㅋㅋ",
    "date": "12.03.12",
    "rating": "8",
    "author": "sjss****",
    "review_id": "6140012",
    "movie_id": "40098"
  },
  {
    "review": "영화제목부터좋았다니까",
    "date": "12.03.09",
    "rating": "8",
    "author": "time****",
    "review_id": "6132821",
    "movie_id": "40098"
  },
  {
    "review": "재밌게 본걸로 기억에 남는 영화",
    "date": "12.03.08",
    "rating": "9",
    "author": "with****",
    "review_id": "6130482",
    "movie_id": "40098"
  },
  {
    "review": "뻔한 구성이지만, 배우연기와 자연스레 재밌는 이야기, 뒷통수치는 대사... 넘좋다!",
    "date": "12.02.14",
    "rating": "8",
    "author": "holb****",
    "review_id": "6074083",
    "movie_id": "40098"
  },
  {
    "review": "뻔한 스토리지만 그래도 래원이라서~",
    "date": "12.02.07",
    "rating": "6",
    "author": "sute****",
    "review_id": "6059892",
    "movie_id": "40098"
  },
  {
    "review": "우연히 보게되었는데..재밌네요..",
    "date": "12.02.04",
    "rating": "9",
    "author": "orte****",
    "review_id": "6050844",
    "movie_id": "40098"
  },
  {
    "review": "허접한 내용일줄 알았는데, 의외로 괜찮다. 또한 사회적 교훈이 담겨있음..",
    "date": "12.01.28",
    "rating": "7",
    "author": "crui****",
    "review_id": "6030060",
    "movie_id": "40098"
  }
]