[
  {
    "review": "원작에는 못 미치지만 이만하면 각색도 훌륭합니다. 강추!^^",
    "date": "12.05.10",
    "rating": "10",
    "author": "hoon****",
    "review_id": "6287908",
    "movie_id": "40107"
  },
  {
    "review": "마크 트웨인도 이 작품을 본다면 정말 기뻐할 것이다.",
    "date": "11.03.20",
    "rating": "10",
    "author": "tami****",
    "review_id": "5323993",
    "movie_id": "40107"
  },
  {
    "review": "언제나 기본 이상은 하는 세계명작극장 애니메이션 시리즈",
    "date": "10.03.12",
    "rating": "8",
    "author": "mygr****",
    "review_id": "4351303",
    "movie_id": "40107"
  },
  {
    "review": "최고중의 최고중의 최고인 애니메이션이 있다고해도,이 애니메이션보다는 못할것이다.",
    "date": "10.02.14",
    "rating": "10",
    "author": "baks****",
    "review_id": "4280199",
    "movie_id": "40107"
  },
  {
    "review": "원작에 충실한 극장판...",
    "date": "08.02.07",
    "rating": "9",
    "author": "cmh4****",
    "review_id": "2419617",
    "movie_id": "40107"
  },
  {
    "review": "꼬박꼬박 챙겨 본 만화..재밌었지..",
    "date": "07.07.06",
    "rating": "8",
    "author": "skat****",
    "review_id": "1751582",
    "movie_id": "40107"
  },
  {
    "review": "볼것이 없어서 그랬나 이것도 매주 보았던 것 같다",
    "date": "07.06.10",
    "rating": "7",
    "author": "deff****",
    "review_id": "1693108",
    "movie_id": "40107"
  },
  {
    "review": "ㅋㅋ 옛생각하면서 보니 고것참 잼있넹 ㅋㅋ",
    "date": "07.05.10",
    "rating": "10",
    "author": "ck96****",
    "review_id": "1630513",
    "movie_id": "40107"
  },
  {
    "review": "원작과는 다른 느낌이지만 재미있었다",
    "date": "07.04.09",
    "rating": "7",
    "author": "nala****",
    "review_id": "1579624",
    "movie_id": "40107"
  },
  {
    "review": "살인자 조 이야기 나왔을때가 최고였다",
    "date": "07.02.08",
    "rating": "6",
    "author": "okjo****",
    "review_id": "1454172",
    "movie_id": "40107"
  },
  {
    "review": "재미있으껄",
    "date": "05.05.13",
    "rating": "10",
    "author": "nico****",
    "review_id": "277242",
    "movie_id": "40107"
  }
]