[
  {
    "review": "7점 정도 줄 생각이었지만 테러한 인간들이 몇 있어서 9점 줌.",
    "date": "15.03.12",
    "rating": "9",
    "author": "dhde****",
    "review_id": "9775280",
    "movie_id": "40108"
  },
  {
    "review": "독립영화를이리만들다니대단",
    "date": "15.01.07",
    "rating": "10",
    "author": "xx41****",
    "review_id": "9569613",
    "movie_id": "40108"
  },
  {
    "review": "전문배우들이 아닌 실제 무술인들을 캐스팅하여 만든영화!  타격감과 땀이 살아있는 멋진 액션영화다.",
    "date": "14.10.21",
    "rating": "10",
    "author": "gate****",
    "review_id": "9305683",
    "movie_id": "40108"
  },
  {
    "review": "한국 액션영화의 신기원!",
    "date": "14.06.03",
    "rating": "10",
    "author": "vict****",
    "review_id": "8791474",
    "movie_id": "40108"
  },
  {
    "review": "쏴라있다.. 뭐랄까 오래된영화라 영상미가 부족하지만 현실감이랄까 친근감이랄까 하는 부분에서 큰 점수를 주고픈영화. 몇번이고 다시보게되는영화.",
    "date": "13.10.26",
    "rating": "10",
    "author": "indr****",
    "review_id": "8090090",
    "movie_id": "40108"
  },
  {
    "review": "이 영화를 보고 액션영화처럼 모든 것이 화려하지만은 않다는 것을 깨닫게 되었다...",
    "date": "13.10.08",
    "rating": "10",
    "author": "cos1****",
    "review_id": "8044420",
    "movie_id": "40108"
  },
  {
    "review": "거칠지만 살아있다",
    "date": "13.09.21",
    "rating": "8",
    "author": "tear****",
    "review_id": "8003212",
    "movie_id": "40108"
  },
  {
    "review": "무술영화 좋아하는데, 괜찮았어요",
    "date": "13.07.26",
    "rating": "10",
    "author": "jwj1****",
    "review_id": "7785910",
    "movie_id": "40108"
  },
  {
    "review": "유지훈씨 2008년에 강도 잡아서 용감한 시민상받더니 몇년 뒤 10대 성폭행으로 배우 인생 접은건지 안보이네요",
    "date": "13.07.10",
    "rating": "6",
    "author": "tipe****",
    "review_id": "7722001",
    "movie_id": "40108"
  },
  {
    "review": "쓰레기는아니지",
    "date": "13.04.13",
    "rating": "10",
    "author": "kolo****",
    "review_id": "7456701",
    "movie_id": "40108"
  },
  {
    "review": "킬링 타임용으로 적절하군",
    "date": "13.02.08",
    "rating": "6",
    "author": "guev****",
    "review_id": "7236617",
    "movie_id": "40108"
  },
  {
    "review": "DVD 소장하세요",
    "date": "13.02.02",
    "rating": "10",
    "author": "supe****",
    "review_id": "7210491",
    "movie_id": "40108"
  },
  {
    "review": "2주만에 찍은 영화치곤 훌륭하던데, 꽤 사실적이기도하고, 마지막에 스트리터 파이터와 택견파이터의 대결은 흥미로웠다.",
    "date": "13.01.23",
    "rating": "10",
    "author": "bajj****",
    "review_id": "7158013",
    "movie_id": "40108"
  },
  {
    "review": "^ ^/",
    "date": "13.01.23",
    "rating": "10",
    "author": "jjiz****",
    "review_id": "7156929",
    "movie_id": "40108"
  },
  {
    "review": "쓰레기중의 쓰레기",
    "date": "13.01.06",
    "rating": "1",
    "author": "wnsl****",
    "review_id": "7086744",
    "movie_id": "40108"
  },
  {
    "review": "연기 오글오글 ㅡ.ㅡ;;;;; 2005년 개봉인데 1980년대 만들어진 영환줄 착각.",
    "date": "12.10.07",
    "rating": "1",
    "author": "khow****",
    "review_id": "6768722",
    "movie_id": "40108"
  },
  {
    "review": "그냥 오덕들한테 진짜 현실의 싸움은 이런거다 하고 보여주는영화?",
    "date": "12.07.07",
    "rating": "5",
    "author": "dlsc****",
    "review_id": "6452885",
    "movie_id": "40108"
  },
  {
    "review": "좋은 짜임새와 이야기, 그럭저럭 봐줄 만한 액션. 그러나 80년대 비주얼.",
    "date": "12.06.03",
    "rating": "7",
    "author": "ucsn****",
    "review_id": "6360654",
    "movie_id": "40108"
  },
  {
    "review": "유지훈 좆간지 ㅋㅋㅋㅋㅋㅋㅋㅋㅋㅋㅋㅋㅋㅋㅋㅋㅋ",
    "date": "12.06.02",
    "rating": "9",
    "author": "rapp****",
    "review_id": "6358497",
    "movie_id": "40108"
  },
  {
    "review": "영화 괜찮은데... 재밌어요",
    "date": "12.01.25",
    "rating": "10",
    "author": "los3****",
    "review_id": "6020240",
    "movie_id": "40108"
  },
  {
    "review": "기대이상으로 너무재밌게 본영화 ㅋㅋ 추천합니다. 안보셨다면 ~",
    "date": "11.12.14",
    "rating": "10",
    "author": "nsmn****",
    "review_id": "5904596",
    "movie_id": "40108"
  },
  {
    "review": "오 10월에 어떻게 알았지",
    "date": "11.12.12",
    "rating": "10",
    "author": "ingy****",
    "review_id": "5901465",
    "movie_id": "40108"
  },
  {
    "review": "밑에 분들 어떻게 10월달에 아셨어요??????",
    "date": "11.12.11",
    "rating": "10",
    "author": "kia1****",
    "review_id": "5900646",
    "movie_id": "40108"
  },
  {
    "review": "이런 영화만드니까 요즘학생들이 성폭행하고 다ㅈ지ㅡㅡ",
    "date": "11.12.11",
    "rating": "1",
    "author": "nist****",
    "review_id": "5899767",
    "movie_id": "40108"
  },
  {
    "review": "교복찢고 했다는데..너무한다 고1인데..참..17살..하얀애를",
    "date": "11.10.21",
    "rating": "1",
    "author": "wlgh****",
    "review_id": "5800910",
    "movie_id": "40108"
  },
  {
    "review": "바로 이영화가 전설의 강간범의영화군요",
    "date": "11.10.20",
    "rating": "1",
    "author": "qksk****",
    "review_id": "5798817",
    "movie_id": "40108"
  },
  {
    "review": "우리나라에서는 강간범이 인생 퇴갤이 아니라 2년만 살면 다시 부활하죠",
    "date": "11.10.19",
    "rating": "5",
    "author": "long****",
    "review_id": "5798087",
    "movie_id": "40108"
  },
  {
    "review": "양아치역 용감한 시민상받고 미성년자 성폭행이라 제대로 뒤통수네",
    "date": "11.10.19",
    "rating": "5",
    "author": "hanx****",
    "review_id": "5797880",
    "movie_id": "40108"
  },
  {
    "review": "실제 유단자의 과장되지 않은 절제된 액션이 인상적이었어요",
    "date": "11.10.19",
    "rating": "7",
    "author": "funn****",
    "review_id": "5797555",
    "movie_id": "40108"
  },
  {
    "review": "0",
    "date": "11.10.19",
    "rating": "1",
    "author": "jshd****",
    "review_id": "5797487",
    "movie_id": "40108"
  },
  {
    "review": "이영화가 강간범이 출연한 영화 맞나요^^ 인생 퇴갤 되신것을 추카합니다^^",
    "date": "11.10.19",
    "rating": "1",
    "author": "kbd6****",
    "review_id": "5797390",
    "movie_id": "40108"
  },
  {
    "review": "재밌음",
    "date": "11.10.19",
    "rating": "7",
    "author": "hype****",
    "review_id": "5797299",
    "movie_id": "40108"
  },
  {
    "review": "현대를 살아가는 무협매니아들의 로망",
    "date": "11.07.25",
    "rating": "7",
    "author": "ilov****",
    "review_id": "5568322",
    "movie_id": "40108"
  },
  {
    "review": "조악하다. 그러나 폼이 빠진 진짜스런 액션이 숨쉰다",
    "date": "11.07.20",
    "rating": "7",
    "author": "czsu****",
    "review_id": "5557078",
    "movie_id": "40108"
  },
  {
    "review": "날것 그대로의 장점과 단점",
    "date": "11.03.31",
    "rating": "5",
    "author": "jusp****",
    "review_id": "5344595",
    "movie_id": "40108"
  },
  {
    "review": "독립영화라니...참는다...",
    "date": "11.03.23",
    "rating": "3",
    "author": "trac****",
    "review_id": "5329781",
    "movie_id": "40108"
  },
  {
    "review": "난 좋았다.",
    "date": "11.03.10",
    "rating": "10",
    "author": "marc****",
    "review_id": "5302619",
    "movie_id": "40108"
  },
  {
    "review": "이런 영화를 많이 만들었으면 좋겠다.",
    "date": "11.03.04",
    "rating": "10",
    "author": "pose****",
    "review_id": "5293291",
    "movie_id": "40108"
  },
  {
    "review": "좋은 카메라로 찍었으면 대박이었을것 같다. 화질이 디카 같아서..",
    "date": "11.02.14",
    "rating": "10",
    "author": "wlxo****",
    "review_id": "5243156",
    "movie_id": "40108"
  },
  {
    "review": "재밋음",
    "date": "11.01.28",
    "rating": "10",
    "author": "sse7****",
    "review_id": "5190689",
    "movie_id": "40108"
  },
  {
    "review": "전문 감독&제작비7000만이 개그맨 감독&제작비350만 \"○○는 살아있다\" 보다 못하다.",
    "date": "11.01.11",
    "rating": "1",
    "author": "moir****",
    "review_id": "5148999",
    "movie_id": "40108"
  },
  {
    "review": "7.4 정도가 적당한데 평점이 이것보다 낮아서 10점",
    "date": "10.11.09",
    "rating": "10",
    "author": "math****",
    "review_id": "4947484",
    "movie_id": "40108"
  },
  {
    "review": "저예산독립영화를 마냥 비난하기도 그렇고 칭찬하기엔 시나리오.대사.내러티브 쩔고..",
    "date": "10.09.03",
    "rating": "7",
    "author": "marc****",
    "review_id": "4813400",
    "movie_id": "40108"
  },
  {
    "review": "투박하기만한 영화 ~~~~~~",
    "date": "10.07.27",
    "rating": "4",
    "author": "fnsk****",
    "review_id": "4675361",
    "movie_id": "40108"
  },
  {
    "review": "세밀한부분의 연출과 각본이 아쉽지만 나름 카타르시스를준다좋은감독과각본이아쉬운",
    "date": "10.05.29",
    "rating": "8",
    "author": "kara****",
    "review_id": "4529711",
    "movie_id": "40108"
  },
  {
    "review": "먼가 큰거 한방을 기대하게 만들다 끝나버린다 .",
    "date": "10.02.23",
    "rating": "2",
    "author": "evil****",
    "review_id": "4311491",
    "movie_id": "40108"
  },
  {
    "review": "이 영화는 컬트가 될 것이다",
    "date": "10.02.21",
    "rating": "10",
    "author": "vajr****",
    "review_id": "4306796",
    "movie_id": "40108"
  },
  {
    "review": "액션을 빌어 사람 사는 이야기를 포장 없이 하는 수수하고 진정한 영화",
    "date": "10.02.12",
    "rating": "10",
    "author": "whag****",
    "review_id": "4275136",
    "movie_id": "40108"
  },
  {
    "review": "흥미로운 기획, 의욕만 앞선 미진한 연출, 비전문 배우들의 어색한 연기에도 볼만하다",
    "date": "10.01.19",
    "rating": "5",
    "author": "oris****",
    "review_id": "4188987",
    "movie_id": "40108"
  },
  {
    "review": "뭐가 리얼이고 액쑌인지 마지막 격투씬후 개똥철학은 납득하기가 쉽지 않다",
    "date": "10.01.06",
    "rating": "6",
    "author": "18eu****",
    "review_id": "4142137",
    "movie_id": "40108"
  },
  {
    "review": "DOA말이나오는데 이게 그거랑 비교자체가 됀다고생각하셈?? 무슨생각으로 만들었는지",
    "date": "10.01.06",
    "rating": "1",
    "author": "ksmj****",
    "review_id": "4140413",
    "movie_id": "40108"
  },
  {
    "review": "모든부분이 허접했지만 특히 액션은.ㅋㅋㅋ 리얼액션이 뭔지 전혀 모르는 감독",
    "date": "09.10.21",
    "rating": "4",
    "author": "gods****",
    "review_id": "3906462",
    "movie_id": "40108"
  },
  {
    "review": "호두마루의 이은 격한 거칠마루 머더뻑커",
    "date": "09.10.12",
    "rating": "1",
    "author": "jene****",
    "review_id": "3888786",
    "movie_id": "40108"
  },
  {
    "review": "케이블에 하다가 우연히봤는데 ㄷㄷ 헐 나이거 95년도 즘에 나온건지알았는데..",
    "date": "09.10.06",
    "rating": "4",
    "author": "taek****",
    "review_id": "3876863",
    "movie_id": "40108"
  },
  {
    "review": "이정도 예산에 지정도 액션 만들어봐.",
    "date": "09.09.16",
    "rating": "8",
    "author": "mmmm****",
    "review_id": "3833912",
    "movie_id": "40108"
  },
  {
    "review": "스트리트파이터가 2005년 한국에서 제대로 영화화 되다",
    "date": "09.08.19",
    "rating": "10",
    "author": "h1ju****",
    "review_id": "3767889",
    "movie_id": "40108"
  },
  {
    "review": "촌스러운 껍데기 뒤에 숨은 귀엽고 솔직한 이야기!",
    "date": "09.08.18",
    "rating": "8",
    "author": "oyeh****",
    "review_id": "3764829",
    "movie_id": "40108"
  },
  {
    "review": "허접한데 너무 허접해서 컬트영화같다. 김C도 왠지 웃기고. 그냥 유쾌하게10점",
    "date": "09.08.17",
    "rating": "10",
    "author": "andr****",
    "review_id": "3759760",
    "movie_id": "40108"
  },
  {
    "review": "기대안하고 봤는데 나름 재미있었음.",
    "date": "09.08.07",
    "rating": "9",
    "author": "reca****",
    "review_id": "3719740",
    "movie_id": "40108"
  },
  {
    "review": "OO 쓰레기라고?? 존나 재밌게 봤다.",
    "date": "09.08.02",
    "rating": "8",
    "author": "fish****",
    "review_id": "3699127",
    "movie_id": "40108"
  },
  {
    "review": "제목만 거친게 아니었다.",
    "date": "09.07.28",
    "rating": "6",
    "author": "doma****",
    "review_id": "3676882",
    "movie_id": "40108"
  },
  {
    "review": "그렇게 까지 쓰레기 영화는 아니라고 생각한다. 발연기만 빼면....",
    "date": "09.07.25",
    "rating": "6",
    "author": "rjsw****",
    "review_id": "3664929",
    "movie_id": "40108"
  },
  {
    "review": "ㅋㅋㅋㅋㅋ 존나 영화가 ㅋㅋㅋㅋㅋㅋ",
    "date": "09.07.25",
    "rating": "1",
    "author": "casa****",
    "review_id": "3664923",
    "movie_id": "40108"
  },
  {
    "review": "액션 같지도 않은 액션, 나레이션에 이상한 캐릭터들은 짜증만 불러오는구나",
    "date": "09.07.22",
    "rating": "1",
    "author": "ion0****",
    "review_id": "3656743",
    "movie_id": "40108"
  },
  {
    "review": "보여주기 위한 액션이 아니라 실제 액션이라는걸 생각한다면 훌륭하다고 생각되는데.",
    "date": "09.07.14",
    "rating": "10",
    "author": "tlsc****",
    "review_id": "3631849",
    "movie_id": "40108"
  },
  {
    "review": "오그라드는 발연기의 향연,,,그렇다고 액션 보는맛도 별로,,,,",
    "date": "09.06.18",
    "rating": "1",
    "author": "coco****",
    "review_id": "3573935",
    "movie_id": "40108"
  },
  {
    "review": "실어 이겟개미이스면 난 영화볼수모르냐보다",
    "date": "09.06.18",
    "rating": "1",
    "author": "a197****",
    "review_id": "3573878",
    "movie_id": "40108"
  },
  {
    "review": "내친구가나와서인진모르지만내가무술인줄은모르지만정말좋은영화에여",
    "date": "09.06.17",
    "rating": "10",
    "author": "limt****",
    "review_id": "3572269",
    "movie_id": "40108"
  },
  {
    "review": "이거 은근히 재밌던데ㅋㅋ",
    "date": "09.06.08",
    "rating": "10",
    "author": "jkh0****",
    "review_id": "3553526",
    "movie_id": "40108"
  },
  {
    "review": "뭐..다 좋은데 배우들의 연기가 너무 창피해서 끝까지 못보겠다.ㅡㅜ",
    "date": "09.05.21",
    "rating": "1",
    "author": "kilk****",
    "review_id": "3510220",
    "movie_id": "40108"
  },
  {
    "review": "내 보기엔 비슷한 소재인 <DOA>보다 훨씬 낫더이다",
    "date": "09.05.20",
    "rating": "7",
    "author": "skat****",
    "review_id": "3508876",
    "movie_id": "40108"
  },
  {
    "review": "중국영화 모방한거 같음..",
    "date": "09.05.09",
    "rating": "6",
    "author": "bkm1****",
    "review_id": "3481432",
    "movie_id": "40108"
  },
  {
    "review": "영화제목이 초!유치하지만 나름 볼만했던 수작임",
    "date": "09.05.03",
    "rating": "7",
    "author": "neni****",
    "review_id": "3462688",
    "movie_id": "40108"
  },
  {
    "review": "재밌다.견자단식의 화려한 액션은 아니지만 현실감 있는 대결,싸움이라는 생각이 든다",
    "date": "09.04.29",
    "rating": "8",
    "author": "ohju****",
    "review_id": "3447795",
    "movie_id": "40108"
  },
  {
    "review": "최고여",
    "date": "09.03.14",
    "rating": "10",
    "author": "djsj****",
    "review_id": "3364739",
    "movie_id": "40108"
  },
  {
    "review": "연기는 어색했지만 왠지 끌리는 영화..",
    "date": "09.01.21",
    "rating": "7",
    "author": "blue****",
    "review_id": "3237974",
    "movie_id": "40108"
  },
  {
    "review": "고수를 찾아서 다큐에 나왔던 분인데..영화도 정말 재밌었음",
    "date": "09.01.04",
    "rating": "10",
    "author": "kesn****",
    "review_id": "3188629",
    "movie_id": "40108"
  },
  {
    "review": "액션신이 개허접함.......13구역이나 다시 보러 가야지..",
    "date": "08.12.27",
    "rating": "1",
    "author": "derk****",
    "review_id": "3156798",
    "movie_id": "40108"
  },
  {
    "review": "허.접.하.다",
    "date": "08.11.23",
    "rating": "1",
    "author": "zook****",
    "review_id": "3067627",
    "movie_id": "40108"
  },
  {
    "review": "이소룡 영화의 부활을 꿈꾸는 한국영화의 시도. 그들의 무술은 진짜였다.",
    "date": "08.11.09",
    "rating": "10",
    "author": "dnax****",
    "review_id": "3042520",
    "movie_id": "40108"
  },
  {
    "review": "허.접.하.다",
    "date": "08.11.01",
    "rating": "1",
    "author": "devi****",
    "review_id": "3030078",
    "movie_id": "40108"
  },
  {
    "review": "따뜻한 인간미가 흐르는 참신한 액션 수작.",
    "date": "08.10.25",
    "rating": "8",
    "author": "duks****",
    "review_id": "3018030",
    "movie_id": "40108"
  },
  {
    "review": "짝패와 더불어 국산 액션영화의 수작같다.",
    "date": "08.08.12",
    "rating": "10",
    "author": "soul****",
    "review_id": "2864255",
    "movie_id": "40108"
  },
  {
    "review": "평점이 너무 낮네. 멋진 시도에 내용도 좋았었는데",
    "date": "08.08.09",
    "rating": "9",
    "author": "hj78****",
    "review_id": "2853124",
    "movie_id": "40108"
  },
  {
    "review": "되게 특이했어요",
    "date": "08.08.08",
    "rating": "10",
    "author": "back****",
    "review_id": "2850808",
    "movie_id": "40108"
  },
  {
    "review": "나름 신선한 영화. 그렇다고 잘된 영화도 아님",
    "date": "08.08.08",
    "rating": "6",
    "author": "sksm****",
    "review_id": "2849784",
    "movie_id": "40108"
  },
  {
    "review": "단순하지만 의미있는 영화",
    "date": "08.08.04",
    "rating": "8",
    "author": "ok10****",
    "review_id": "2833436",
    "movie_id": "40108"
  },
  {
    "review": "독립영화 치고 정말 잘 만든 영화...",
    "date": "08.08.01",
    "rating": "8",
    "author": "ljh6****",
    "review_id": "2823296",
    "movie_id": "40108"
  },
  {
    "review": "이거보면 무술배우고싶은 욕망이 쑥쑥-!ㅋㅋㅋㅋㅋㅋㅋㅋ재밋엇다",
    "date": "08.07.16",
    "rating": "9",
    "author": "fpdl****",
    "review_id": "2767848",
    "movie_id": "40108"
  },
  {
    "review": "진정한 강함이란...",
    "date": "08.07.07",
    "rating": "5",
    "author": "meth****",
    "review_id": "2745524",
    "movie_id": "40108"
  },
  {
    "review": "리얼함",
    "date": "08.07.05",
    "rating": "10",
    "author": "jtto****",
    "review_id": "2740662",
    "movie_id": "40108"
  },
  {
    "review": "무슨 DOA니? ㅋㅋㅋ",
    "date": "08.06.08",
    "rating": "1",
    "author": "wkdd****",
    "review_id": "2688739",
    "movie_id": "40108"
  },
  {
    "review": "진짜 흥미 진진하게 본 영화 결말도 좋고 보는내내 하나도 안질렸음 강추!",
    "date": "08.05.25",
    "rating": "10",
    "author": "popp****",
    "review_id": "2662651",
    "movie_id": "40108"
  },
  {
    "review": "궁금한사람 걍 봐....티비 못부시게 니손 묶어 놓코 봐!",
    "date": "08.05.22",
    "rating": "1",
    "author": "sin0****",
    "review_id": "2656399",
    "movie_id": "40108"
  },
  {
    "review": "세상이 만만하냐?",
    "date": "08.05.11",
    "rating": "1",
    "author": "dhkq****",
    "review_id": "2631957",
    "movie_id": "40108"
  },
  {
    "review": "재밌게 봤는데;; 독립영화에서 차라도 터지길 바라시는지;;",
    "date": "08.03.31",
    "rating": "9",
    "author": "seeu****",
    "review_id": "2551948",
    "movie_id": "40108"
  },
  {
    "review": "진짜 무술인들이 어째 연기를 잘 하것냐? 그거 감안해서 7점. 대결하는건 볼만함.",
    "date": "08.03.27",
    "rating": "7",
    "author": "jood****",
    "review_id": "2544056",
    "movie_id": "40108"
  },
  {
    "review": "좀어설프지만 실제고수들이 나와서 흥미만점",
    "date": "08.03.25",
    "rating": "10",
    "author": "pjs5****",
    "review_id": "2542038",
    "movie_id": "40108"
  },
  {
    "review": "솔직히 연기자들 연기력은 떨어지는게 사실이지만....액션신이 진짜 대박임 ㅋㅋ",
    "date": "08.03.13",
    "rating": "8",
    "author": "sy49****",
    "review_id": "2518464",
    "movie_id": "40108"
  },
  {
    "review": "개콘 웃찾사를 능가하는 코믹물 ㅋㅋㅋ",
    "date": "08.03.12",
    "rating": "1",
    "author": "bboy****",
    "review_id": "2517349",
    "movie_id": "40108"
  }
]