[
  {
    "review": "아니 영화가 재미없는건 그렇다치고 마지막에 뭐 게이같다고 악플다는건 뭐냐. 수준떨어지네",
    "date": "15.08.05",
    "rating": "5",
    "author": "horr****",
    "review_id": "10187926",
    "movie_id": "40102"
  },
  {
    "review": "그지같다 이건뭐 게이도 아니고",
    "date": "15.05.27",
    "rating": "1",
    "author": "eoy9****",
    "review_id": "9953946",
    "movie_id": "40102"
  },
  {
    "review": "가발 오랜만에 보네요 ㅜㅜ",
    "date": "15.05.15",
    "rating": "10",
    "author": "jsga****",
    "review_id": "9918578",
    "movie_id": "40102"
  },
  {
    "review": "ㅋㅋ 평점 3점인줄알았더니 으외로 높네요",
    "date": "15.05.03",
    "rating": "1",
    "author": "tyqs****",
    "review_id": "9889136",
    "movie_id": "40102"
  },
  {
    "review": "왜 그러세요 다들? 게이가 등장하는거 자체가 무서운거잖아요.",
    "date": "14.11.04",
    "rating": "10",
    "author": "heej****",
    "review_id": "9341116",
    "movie_id": "40102"
  },
  {
    "review": "아 ㅋㅋㅋOOO기 ㅋㅋㅋ",
    "date": "14.11.02",
    "rating": "1",
    "author": "asqz****",
    "review_id": "9337208",
    "movie_id": "40102"
  },
  {
    "review": "0점 줄 수는 없는건가요",
    "date": "14.08.18",
    "rating": "1",
    "author": "doo3****",
    "review_id": "9104736",
    "movie_id": "40102"
  },
  {
    "review": "길게 안써도 알죠? 쓰레기인거",
    "date": "14.07.09",
    "rating": "3",
    "author": "ehru****",
    "review_id": "8898599",
    "movie_id": "40102"
  },
  {
    "review": "떡밥이 있을 때는 재미있는데. 다 보고나니 별로",
    "date": "14.06.13",
    "rating": "5",
    "author": "jyw0****",
    "review_id": "8826132",
    "movie_id": "40102"
  },
  {
    "review": "난이영화가 도무지이해가 안됨..어쩌자고 만든영화인지....",
    "date": "14.06.01",
    "rating": "3",
    "author": "zzin****",
    "review_id": "8785385",
    "movie_id": "40102"
  },
  {
    "review": "궁금하면보세요ㅡㅡㅋㅋ",
    "date": "14.05.30",
    "rating": "3",
    "author": "hanl****",
    "review_id": "8776210",
    "movie_id": "40102"
  },
  {
    "review": "언니가 걸스데이 소진 닮아서 무지 잘봤네요 ㅎㅎ엄청 단아해서 제 이상형입니다 언니 얼굴 이뻐서 9점 드렸네요 ㅎㅎ글고 나름 잼있었다는 ㅋ",
    "date": "14.03.04",
    "rating": "9",
    "author": "jps1****",
    "review_id": "8555587",
    "movie_id": "40102"
  },
  {
    "review": "가발 선물 받을때 음산한 분위기 살짝 조성되었다가 이후의 스토리 전개가 무척 지루했다. 나중에 게이 악령의 기억이 담긴 가발이란 비밀을 알게되어 경악을 금치못했다. 전체적으로 지루하고 짜증나고 역겨움, 우울한 느낌의 실망스런 공포영화. 시간낭비만했다.",
    "date": "14.02.04",
    "rating": "1",
    "author": "lksh****",
    "review_id": "8474069",
    "movie_id": "40102"
  },
  {
    "review": "포스터 보고 굉장히 기대했는데 쓰레기",
    "date": "13.11.23",
    "rating": "1",
    "author": "tnsd****",
    "review_id": "8162769",
    "movie_id": "40102"
  },
  {
    "review": "한국영화 대부분 안좋아하는데 꼭봐야할거같네요 시나리오도 좋고 내용도 참신하고 마지막에 반전도 있고 시간나면 다시한번 꼭 보고싶네요",
    "date": "13.10.21",
    "rating": "10",
    "author": "audt****",
    "review_id": "8076792",
    "movie_id": "40102"
  },
  {
    "review": "게이귀신대박",
    "date": "13.09.16",
    "rating": "2",
    "author": "happ****",
    "review_id": "7986537",
    "movie_id": "40102"
  },
  {
    "review": "0.3",
    "date": "13.09.15",
    "rating": "1",
    "author": "one5****",
    "review_id": "7983880",
    "movie_id": "40102"
  },
  {
    "review": "이건 걍 남자끼리사귀는게공포",
    "date": "13.07.26",
    "rating": "1",
    "author": "iks1****",
    "review_id": "7788779",
    "movie_id": "40102"
  },
  {
    "review": "어렸을때봐서 그런가 벌벌 떨면서봤는데근데 결말이.............-_-",
    "date": "13.06.28",
    "rating": "8",
    "author": "good****",
    "review_id": "7685983",
    "movie_id": "40102"
  },
  {
    "review": "우와 지루해서 죽는 줄알음ㅋㅋㄲ 포스터만보고 재밋는줄ㅇ알았는데ㅡㅡ 마지막에 남자끼리!!!  그거보고 개뿜ㅋㅋ",
    "date": "13.04.21",
    "rating": "1",
    "author": "lsya****",
    "review_id": "7473572",
    "movie_id": "40102"
  },
  {
    "review": "아나 진짜 내가 겁이 엄청많은데도 이건 정말 하나도 안무섭고 재미도 없어서 시간 버티느라 힘들어 죽을뻔",
    "date": "13.03.14",
    "rating": "1",
    "author": "qnss****",
    "review_id": "7345790",
    "movie_id": "40102"
  },
  {
    "review": "4점을 줘야 할지 5점을 줘야할지 고민했는데주인공 채민서의 삭발으로 인해 1점 더 준거다.뭔가 뒤죽박죽이다. 뭔가를 보여줘야된다는 부담감에 다 섞어논듯..",
    "date": "13.01.06",
    "rating": "5",
    "author": "cak6****",
    "review_id": "7087222",
    "movie_id": "40102"
  },
  {
    "review": "국산공포영화를 만드는 긍극적인 목적을 영화로 만들면 어떨지...진지허게...",
    "date": "12.10.29",
    "rating": "4",
    "author": "69dl****",
    "review_id": "6834972",
    "movie_id": "40102"
  },
  {
    "review": "흔한 한국 공포영화중 하나.",
    "date": "12.10.24",
    "rating": "5",
    "author": "kem1****",
    "review_id": "6824154",
    "movie_id": "40102"
  },
  {
    "review": "감독이 뭔가 시도하려고 한거같은데 실패한듯",
    "date": "12.10.23",
    "rating": "5",
    "author": "chsh****",
    "review_id": "6823411",
    "movie_id": "40102"
  },
  {
    "review": "별 반개도 아깝다 인내심 랭크 1 찍었다",
    "date": "12.09.09",
    "rating": "1",
    "author": "wnsa****",
    "review_id": "6682964",
    "movie_id": "40102"
  },
  {
    "review": "지루한 영화...망작이랄까;;쩝",
    "date": "12.08.31",
    "rating": "2",
    "author": "capg****",
    "review_id": "6658326",
    "movie_id": "40102"
  },
  {
    "review": "장면 전개가 지나치게 더딘 지루한 컨셉. 저예산 영화의 전형인 질질끌기에 막판까지 보는데 인내심이 필요할 정도",
    "date": "12.08.19",
    "rating": "4",
    "author": "jijo****",
    "review_id": "6627231",
    "movie_id": "40102"
  },
  {
    "review": "마지막 스토리가 어슬프긴 하지만..가끔씩 사람 간떨어지게 만든다",
    "date": "12.07.15",
    "rating": "5",
    "author": "dizi****",
    "review_id": "6482053",
    "movie_id": "40102"
  },
  {
    "review": "엉엉 날 가져요~~ㅋㅋㅋㅋㅋ",
    "date": "12.06.24",
    "rating": "1",
    "author": "stre****",
    "review_id": "6412655",
    "movie_id": "40102"
  },
  {
    "review": "개재밋다ㅜㅜㅜㅜㅜ",
    "date": "12.05.20",
    "rating": "1",
    "author": "woo7****",
    "review_id": "6314626",
    "movie_id": "40102"
  },
  {
    "review": "공포,고어물이 평점이원래낮아서..근데 이영화는 진짜 머하나볼께없다.지루함.",
    "date": "12.05.05",
    "rating": "4",
    "author": "a109****",
    "review_id": "6274149",
    "movie_id": "40102"
  },
  {
    "review": "역시 한국 영화",
    "date": "12.04.28",
    "rating": "1",
    "author": "kang****",
    "review_id": "6252551",
    "movie_id": "40102"
  },
  {
    "review": "오.쉣",
    "date": "12.04.06",
    "rating": "5",
    "author": "marc****",
    "review_id": "6196905",
    "movie_id": "40102"
  },
  {
    "review": "재미없네요",
    "date": "12.03.31",
    "rating": "1",
    "author": "jind****",
    "review_id": "6181079",
    "movie_id": "40102"
  },
  {
    "review": "오~~  무섭당ㅠㅠ",
    "date": "12.02.29",
    "rating": "10",
    "author": "qaza****",
    "review_id": "6111562",
    "movie_id": "40102"
  },
  {
    "review": "전체적으로는 별로 재미없엇어요..",
    "date": "12.02.23",
    "rating": "5",
    "author": "shn0****",
    "review_id": "6098199",
    "movie_id": "40102"
  },
  {
    "review": "지극히 사적인 이유로 10점",
    "date": "12.02.11",
    "rating": "10",
    "author": "0107****",
    "review_id": "6067183",
    "movie_id": "40102"
  },
  {
    "review": "좀 막장으로 치닫는 스토리다 여배우의 삭발투혼과1인2역은 돋보이긴했다",
    "date": "12.02.08",
    "rating": "3",
    "author": "syj5****",
    "review_id": "6060459",
    "movie_id": "40102"
  },
  {
    "review": "너무재밌어요",
    "date": "11.12.22",
    "rating": "1",
    "author": "qkrr****",
    "review_id": "5921554",
    "movie_id": "40102"
  },
  {
    "review": "내용이 뭐였드라 유선 목뚫렸던거밖에 기억이 안난다",
    "date": "11.09.02",
    "rating": "2",
    "author": "cele****",
    "review_id": "5703380",
    "movie_id": "40102"
  },
  {
    "review": "공포물치곤 비교적 이야기를 담으려 했으나 기본에 충실하지 못했다",
    "date": "11.08.13",
    "rating": "6",
    "author": "thec****",
    "review_id": "5644156",
    "movie_id": "40102"
  },
  {
    "review": "개 무서움 ㅠㅠ",
    "date": "11.07.26",
    "rating": "10",
    "author": "basm****",
    "review_id": "5570981",
    "movie_id": "40102"
  },
  {
    "review": "와 이런 후로게이빙의영화는 처음볼세",
    "date": "11.07.13",
    "rating": "1",
    "author": "rlad****",
    "review_id": "5540714",
    "movie_id": "40102"
  },
  {
    "review": "이거 스토리가 병맛이라 그렇지 나름 묘한 재미의 B급 공포영화 ㅎㅎ",
    "date": "11.07.08",
    "rating": "4",
    "author": "foun****",
    "review_id": "5528510",
    "movie_id": "40102"
  },
  {
    "review": "이걸 영화라고 만든거???",
    "date": "11.06.17",
    "rating": "1",
    "author": "allm****",
    "review_id": "5485607",
    "movie_id": "40102"
  },
  {
    "review": "가발이 계단을 탑니다 여러분 ㅋㅋㅋㅋㅋㅋㅋㅋㅋㅋㅋㅋㅋㅋㅋㅋㅋ",
    "date": "11.05.23",
    "rating": "1",
    "author": "okba****",
    "review_id": "5445405",
    "movie_id": "40102"
  },
  {
    "review": "[3점] 이런 공포는 이제 질리잖아",
    "date": "11.05.01",
    "rating": "3",
    "author": "fann****",
    "review_id": "5399829",
    "movie_id": "40102"
  },
  {
    "review": "대체 뭔 내용인지...",
    "date": "11.03.13",
    "rating": "1",
    "author": "kosn****",
    "review_id": "5311618",
    "movie_id": "40102"
  },
  {
    "review": "OO 이거 재밌나??",
    "date": "11.03.13",
    "rating": "1",
    "author": "te90****",
    "review_id": "5310336",
    "movie_id": "40102"
  },
  {
    "review": "아씨...이걸 벌벌 떨면서본나는뭐지?? ㅋㅋㅋㅋㅋㅋㅋㅋ",
    "date": "11.03.11",
    "rating": "10",
    "author": "eoaq****",
    "review_id": "5304581",
    "movie_id": "40102"
  },
  {
    "review": "영화와 같이 나의 정신도 산으로 ...................",
    "date": "11.02.08",
    "rating": "1",
    "author": "dkas****",
    "review_id": "5229197",
    "movie_id": "40102"
  },
  {
    "review": "니콘으로 머리를 망치질.",
    "date": "10.09.15",
    "rating": "5",
    "author": "void****",
    "review_id": "4836875",
    "movie_id": "40102"
  },
  {
    "review": "뭐 이런게 ㅋㅋㅋㅋㅋㅋㅋㅋㅋㅋㅋ",
    "date": "10.09.05",
    "rating": "2",
    "author": "yhr_****",
    "review_id": "4818814",
    "movie_id": "40102"
  },
  {
    "review": "가발 쓰고 싶다",
    "date": "10.09.05",
    "rating": "1",
    "author": "mara****",
    "review_id": "4817061",
    "movie_id": "40102"
  },
  {
    "review": "머냐",
    "date": "10.09.02",
    "rating": "2",
    "author": "lott****",
    "review_id": "4811236",
    "movie_id": "40102"
  },
  {
    "review": "가발이 계단 걸어 올라갈때 나 쓰러지는줄.. 웃겨서 ㅋㅋㅋㅋㅋㅋㅋㅋㅋㅋㅋㅋㅋㅋ",
    "date": "10.08.28",
    "rating": "3",
    "author": "fun_****",
    "review_id": "4798947",
    "movie_id": "40102"
  },
  {
    "review": "이게 공포야 멜로야..스토리도 별로고 하나도 안 무섭고 괜히 봤어요",
    "date": "10.06.05",
    "rating": "1",
    "author": "kihi****",
    "review_id": "4546538",
    "movie_id": "40102"
  },
  {
    "review": "멜로 공포..!!",
    "date": "10.05.09",
    "rating": "10",
    "author": "didt****",
    "review_id": "4490024",
    "movie_id": "40102"
  },
  {
    "review": "야이OOㅋㅋㅋㅋㅋㅋ존낰ㅋㅋㅋㅋㅋ죽고싶냐ㅋㅋㅋㅋㅋㅋㅋㅋ존나안무서워",
    "date": "10.05.04",
    "rating": "1",
    "author": "mk94****",
    "review_id": "4478872",
    "movie_id": "40102"
  },
  {
    "review": "공포의 근원이.. 쫌 이해가 안갔다.. 역시나라는 느낌이 들면서도..",
    "date": "10.04.24",
    "rating": "7",
    "author": "yuni****",
    "review_id": "4453158",
    "movie_id": "40102"
  },
  {
    "review": "가발 진짜 무서워서 갓떨어질뻔햇어요.ㅠ.ㅠ",
    "date": "10.04.09",
    "rating": "10",
    "author": "joon****",
    "review_id": "4421963",
    "movie_id": "40102"
  },
  {
    "review": "얼마전에 가면봤는데 그것도 동성연애더니 이것도 그러네 별로였음",
    "date": "10.02.10",
    "rating": "8",
    "author": "real****",
    "review_id": "4265199",
    "movie_id": "40102"
  },
  {
    "review": "결말이 슬프면서 반전이었던 영화..본지 1년이 지났음에도 잊혀지지 않네요",
    "date": "09.12.27",
    "rating": "10",
    "author": "wjdg****",
    "review_id": "4095280",
    "movie_id": "40102"
  },
  {
    "review": "올여름!더위를날려버릴최고걸작영화!",
    "date": "09.12.16",
    "rating": "10",
    "author": "k9mr****",
    "review_id": "4047721",
    "movie_id": "40102"
  },
  {
    "review": "무섭기보단 우울했던 영화.",
    "date": "09.12.10",
    "rating": "5",
    "author": "kool****",
    "review_id": "4032137",
    "movie_id": "40102"
  },
  {
    "review": "가발이라는 소재만 무서움.. ㅋ 내용은 그닥 ~",
    "date": "09.12.03",
    "rating": "2",
    "author": "youn****",
    "review_id": "4012937",
    "movie_id": "40102"
  },
  {
    "review": "적절하게 놀래키려다가 끝나버리네.. 포스터하나는 맘에 든다. 가지고 싶어",
    "date": "09.10.07",
    "rating": "6",
    "author": "rlad****",
    "review_id": "3878615",
    "movie_id": "40102"
  },
  {
    "review": "소리지르지마라!!꼭 공포영화에 자신없는 것들이 소리만 지르더라~포스터가 더무섭다",
    "date": "09.09.22",
    "rating": "2",
    "author": "mcay****",
    "review_id": "3843734",
    "movie_id": "40102"
  },
  {
    "review": "비오는날 후배들한테 보자고 했다가 욕 패대기로 먹었다. 공포영화에서 왠 사랑얘기",
    "date": "09.07.15",
    "rating": "1",
    "author": "mmnj****",
    "review_id": "3632823",
    "movie_id": "40102"
  },
  {
    "review": "논리적이고탄탄한전개?웃기는소리하네 ㅋㅋㅋㅋㅋㅋㅋㅋㅋ",
    "date": "09.07.01",
    "rating": "1",
    "author": "jiho****",
    "review_id": "3604295",
    "movie_id": "40102"
  },
  {
    "review": "ㅡㅡ 5점도 높다. 내가 왠만하면 영화 재밌게보는편인데 심하다",
    "date": "09.06.18",
    "rating": "6",
    "author": "hexa****",
    "review_id": "3573519",
    "movie_id": "40102"
  },
  {
    "review": "중반부턴가...완전개그영화되던데........전완전폭소하면서봤죠",
    "date": "09.05.09",
    "rating": "1",
    "author": "giga****",
    "review_id": "3482992",
    "movie_id": "40102"
  },
  {
    "review": "비명과 피로가 몰려온다...",
    "date": "09.04.25",
    "rating": "2",
    "author": "luna****",
    "review_id": "3440275",
    "movie_id": "40102"
  },
  {
    "review": "별로 안무섭네..",
    "date": "09.03.22",
    "rating": "4",
    "author": "bkm1****",
    "review_id": "3380532",
    "movie_id": "40102"
  },
  {
    "review": "도로씬은 기억에 남네요. 깜깜짝짝이야...",
    "date": "09.03.10",
    "rating": "4",
    "author": "mem9****",
    "review_id": "3358884",
    "movie_id": "40102"
  },
  {
    "review": "비교적 논리적이고 탄탄한 전개. 그러나 진부하다.",
    "date": "09.02.22",
    "rating": "6",
    "author": "pipa****",
    "review_id": "3323851",
    "movie_id": "40102"
  },
  {
    "review": "별로다..",
    "date": "09.02.11",
    "rating": "4",
    "author": "bkm1****",
    "review_id": "3294854",
    "movie_id": "40102"
  },
  {
    "review": "별로. 마무리에 문제가",
    "date": "09.02.09",
    "rating": "1",
    "author": "ysuh****",
    "review_id": "3290245",
    "movie_id": "40102"
  },
  {
    "review": "영화관에서 봤음 그럭저럭 볼만한데 나중에 내용이 막장",
    "date": "09.02.07",
    "rating": "6",
    "author": "hitb****",
    "review_id": "3284707",
    "movie_id": "40102"
  },
  {
    "review": "아이고, 넘 진부하셔서 도저히 봐 드릴수가 없네요.",
    "date": "08.12.10",
    "rating": "2",
    "author": "acin****",
    "review_id": "3104264",
    "movie_id": "40102"
  },
  {
    "review": "내가 너무 좋아라 하는 공포영화^^",
    "date": "08.10.27",
    "rating": "10",
    "author": "cand****",
    "review_id": "3023100",
    "movie_id": "40102"
  },
  {
    "review": "너무 지루하다. 잠 와 죽는 줄 알았다. 아흠.",
    "date": "08.10.22",
    "rating": "1",
    "author": "saew****",
    "review_id": "3013859",
    "movie_id": "40102"
  },
  {
    "review": "역효과만 내고만 반전! 반전이 없는 것보다도 못하다",
    "date": "08.10.10",
    "rating": "4",
    "author": "si2p****",
    "review_id": "2992514",
    "movie_id": "40102"
  },
  {
    "review": "난 무섭던데 ㅠㅠ",
    "date": "08.08.25",
    "rating": "7",
    "author": "tltl****",
    "review_id": "2901152",
    "movie_id": "40102"
  },
  {
    "review": "포스터만 장난아니네 그래도 한국공포영화치곤 볼만했다",
    "date": "08.08.25",
    "rating": "7",
    "author": "bjh1****",
    "review_id": "2901148",
    "movie_id": "40102"
  },
  {
    "review": "방금KBS'명화극장'으로봤는데 제법괜찮은데?ㅋ여주인공들도 이뿌고 !!끝이조금..ㅋ",
    "date": "08.08.25",
    "rating": "7",
    "author": "semi****",
    "review_id": "2900971",
    "movie_id": "40102"
  },
  {
    "review": "채민서 삭발 투혼이 the eye 표절로 빛을 바래다.",
    "date": "08.08.25",
    "rating": "4",
    "author": "1stl****",
    "review_id": "2900928",
    "movie_id": "40102"
  },
  {
    "review": "아나.. 짐 tv에서 하는데 중간에 끊고 나왔다",
    "date": "08.08.25",
    "rating": "1",
    "author": "sseb****",
    "review_id": "2900908",
    "movie_id": "40102"
  },
  {
    "review": "이러지 말자~ 제발. 일본귀신 수입은 이제 그만!!!",
    "date": "08.08.25",
    "rating": "1",
    "author": "pds8****",
    "review_id": "2900864",
    "movie_id": "40102"
  },
  {
    "review": "전나 게이귀신 쩔어 ㅋㅋㅋㅋㅋㅋㅋㅋㅋㅋㅋㅋㅋㅋㅋㅋㅋㅋㅋㅋ",
    "date": "08.08.12",
    "rating": "1",
    "author": "chod****",
    "review_id": "2865259",
    "movie_id": "40102"
  },
  {
    "review": "불끄고 새벽2시에 창문열고 혼자 보는 영화는 안무서운 영화 없다 그게 이 영화 한계",
    "date": "08.08.11",
    "rating": "4",
    "author": "luna****",
    "review_id": "2861986",
    "movie_id": "40102"
  },
  {
    "review": "별루네요",
    "date": "08.08.06",
    "rating": "1",
    "author": "henr****",
    "review_id": "2841972",
    "movie_id": "40102"
  },
  {
    "review": "마지막은 정말 비극이었다ㅜㅜ",
    "date": "08.08.02",
    "rating": "10",
    "author": "wjst****",
    "review_id": "2826858",
    "movie_id": "40102"
  },
  {
    "review": "ㅋㅋ완젼무서움",
    "date": "08.08.01",
    "rating": "10",
    "author": "jiso****",
    "review_id": "2823649",
    "movie_id": "40102"
  },
  {
    "review": "공포보다가 소리지른적은 처음..ㅋㅋ",
    "date": "08.05.25",
    "rating": "10",
    "author": "shar****",
    "review_id": "2661356",
    "movie_id": "40102"
  },
  {
    "review": "짜증남 ㄱ=",
    "date": "08.03.09",
    "rating": "1",
    "author": "jjhg****",
    "review_id": "2511377",
    "movie_id": "40102"
  },
  {
    "review": "예고편만 봐 도 섬찍하네",
    "date": "08.02.11",
    "rating": "10",
    "author": "lich****",
    "review_id": "2436659",
    "movie_id": "40102"
  },
  {
    "review": "아 졸라 재미 업어 -_- 이게 무슨 공포영화야...............",
    "date": "08.02.08",
    "rating": "1",
    "author": "azca****",
    "review_id": "2420775",
    "movie_id": "40102"
  },
  {
    "review": "전나 재밌음..",
    "date": "07.12.17",
    "rating": "10",
    "author": "tag3****",
    "review_id": "2239941",
    "movie_id": "40102"
  }
]