[
  {
    "review": "악당이 거슬리지만 괜찮은 코미디 영화",
    "date": "15.08.16",
    "rating": "7",
    "author": "come****",
    "review_id": "10238793",
    "movie_id": "40100"
  },
  {
    "review": "아담 샌들러에게 근육을 입혔...",
    "date": "15.08.05",
    "rating": "5",
    "author": "tear****",
    "review_id": "10185824",
    "movie_id": "40100"
  },
  {
    "review": "엄청 재미있게 봤던 영화",
    "date": "15.06.09",
    "rating": "10",
    "author": "shsh****",
    "review_id": "9986261",
    "movie_id": "40100"
  },
  {
    "review": "할 말이 없다 ㅋㅋ빈 디젤 짱",
    "date": "15.06.01",
    "rating": "10",
    "author": "jhs9****",
    "review_id": "9968722",
    "movie_id": "40100"
  },
  {
    "review": "거친 카리스마를 벗어던진 빈디젤! 결과는 대성공! 상당히 재미있다! 유치한 코메디 영화 좋아하시는분께 추천! 아이들이 너무 귀여워서 아이들 최근 근황까지 찾아보게 만드는 영화ㅎㅎㅎ",
    "date": "15.04.27",
    "rating": "10",
    "author": "andt****",
    "review_id": "9873988",
    "movie_id": "40100"
  },
  {
    "review": "셋째 딸이 한국어로 태권도 ㅋㅋㅋㅋ귀엽다",
    "date": "15.04.27",
    "rating": "9",
    "author": "euns****",
    "review_id": "9873960",
    "movie_id": "40100"
  },
  {
    "review": "볼만하다 분위기가 좋다 아이디어 굿굿",
    "date": "15.04.05",
    "rating": "8",
    "author": "ysmj****",
    "review_id": "9828541",
    "movie_id": "40100"
  },
  {
    "review": "꿀잼이었음. 10글자이상",
    "date": "15.04.04",
    "rating": "10",
    "author": "chdc****",
    "review_id": "9826850",
    "movie_id": "40100"
  },
  {
    "review": "마초남의 베이비시팅은 언제나 옳은 것 같다. 점점 아이들과 사이 좋아지는 거 보면 흐뭇함. 디즈니스러움이 곳곳에서 드러나서 웃김. 내용이 유치해서 그런가 평점이 낮아서 아쉬움.",
    "date": "15.04.04",
    "rating": "10",
    "author": "dkdl****",
    "review_id": "9825536",
    "movie_id": "40100"
  },
  {
    "review": "어릴때 봐서 그런진 모르겠는데 꿀잼이었음",
    "date": "15.02.09",
    "rating": "10",
    "author": "dyna****",
    "review_id": "9682227",
    "movie_id": "40100"
  },
  {
    "review": "반 디젤이 얌전하고 부드러워 졌네저런 아부지 한테 크모 참 좋겠네 ㅎ재미있었다",
    "date": "15.01.15",
    "rating": "8",
    "author": "yyho****",
    "review_id": "9595939",
    "movie_id": "40100"
  },
  {
    "review": "재밌다. 이런영화는 넘치지만 ㅇ게 최고다",
    "date": "14.11.08",
    "rating": "10",
    "author": "jaco****",
    "review_id": "9356948",
    "movie_id": "40100"
  },
  {
    "review": "깨알같이 샤이닝 패러디나옴ㅋㅋㅋ 문짝부수고 얼굴들이밀기",
    "date": "14.11.01",
    "rating": "8",
    "author": "just****",
    "review_id": "9333551",
    "movie_id": "40100"
  },
  {
    "review": "디젤 성님 영화에다가 뭐하는 짓거리인가? 그냥 한국영화나 쳐봐라!",
    "date": "14.11.01",
    "rating": "10",
    "author": "ske4****",
    "review_id": "9333318",
    "movie_id": "40100"
  },
  {
    "review": "12세 이하 관람 권장. 맥스티에리욧의 미모만 감상했다.",
    "date": "14.09.15",
    "rating": "2",
    "author": "whia****",
    "review_id": "9217201",
    "movie_id": "40100"
  },
  {
    "review": "빈 디젤의 한국어 실력이 볼만함 ㅋㅋ",
    "date": "14.09.06",
    "rating": "7",
    "author": "tn99****",
    "review_id": "9173444",
    "movie_id": "40100"
  },
  {
    "review": "유치해도 나름 재밌게 보고 있었는데 갑자기 북한 스파이 얘기가 나오면서 이야기가 삼천포로 빠지는 과유불급. 미취학 아동에게는 충분히 통할만하다.",
    "date": "14.08.09",
    "rating": "6",
    "author": "jere****",
    "review_id": "9054239",
    "movie_id": "40100"
  },
  {
    "review": "진짜 웃기고 재미있게 봤습니다!ㅋㅋ빈디젤 가슴근육 짱ㅋㅋㅋ",
    "date": "14.07.20",
    "rating": "10",
    "author": "seyo****",
    "review_id": "8935655",
    "movie_id": "40100"
  },
  {
    "review": "재밌어 보이네요^^별점 10점 주고 갑니다",
    "date": "14.06.13",
    "rating": "10",
    "author": "pbd4****",
    "review_id": "8827539",
    "movie_id": "40100"
  },
  {
    "review": "조잡스런 장면과 억지스런 설정에 사라진 웃음, 쌓여가는 짜증",
    "date": "14.05.19",
    "rating": "3",
    "author": "trac****",
    "review_id": "8747167",
    "movie_id": "40100"
  },
  {
    "review": "영화를 위해 스스럼없이 망가지는 빈 디젤은 괜찮지만, 나머지는 평범한 가족 영화에 속한다.",
    "date": "14.02.15",
    "rating": "5",
    "author": "zxc1****",
    "review_id": "8509431",
    "movie_id": "40100"
  },
  {
    "review": "이런 빈 디젤이라도 나름 괜찮았다",
    "date": "14.01.09",
    "rating": "8",
    "author": "lkyl****",
    "review_id": "8364893",
    "movie_id": "40100"
  },
  {
    "review": "역시 빈디젤은 ㅋㅋ 뭘해도 간지 ㅋㅋ 분질에서도 아빠들이 입을법한 흰색 난닝구나 흰색 브이넥에 청바지만 입었는데도 그의 스타일이된다 이런 장르 도전도 참 좋소잉",
    "date": "13.11.24",
    "rating": "9",
    "author": "tomh****",
    "review_id": "8165955",
    "movie_id": "40100"
  },
  {
    "review": "한 때 유행해던 화법으로 그린  전형적인 가족오락  영화.",
    "date": "13.10.21",
    "rating": "5",
    "author": "befo****",
    "review_id": "8076761",
    "movie_id": "40100"
  },
  {
    "review": "어린이용 코미디 영화. 어른들이 시간떼울려고 보기엔 시간조차 아깝다.",
    "date": "13.07.31",
    "rating": "4",
    "author": "wlfa****",
    "review_id": "7802587",
    "movie_id": "40100"
  },
  {
    "review": "기대도 안했는데 보니까 빈디젤이 해서 그런지 귀엽고 웃기고 잼있었다 ㅎㅎ이런 코믹도 어울리고 내용도 갠찮아서 웃으면서 보기 좋았다ㅠㅠ빈디젤 너무 기여웠다 ㅋㅋ",
    "date": "13.06.29",
    "rating": "9",
    "author": "skft****",
    "review_id": "7688399",
    "movie_id": "40100"
  },
  {
    "review": "난 이거 어릴때 진짜 재밌게 봤는뎅ㅋㅋㅋㅋㅋ 그래서 빈 디젤 아즈씨 팬됨ㅋㅋㅋ",
    "date": "13.06.08",
    "rating": "9",
    "author": "wnfk****",
    "review_id": "7611545",
    "movie_id": "40100"
  },
  {
    "review": "생각보다 괜찮은 액션영웅의 걸리버되기",
    "date": "13.05.30",
    "rating": "7",
    "author": "jjcv****",
    "review_id": "7564117",
    "movie_id": "40100"
  },
  {
    "review": "엄정 재밌구만 괜한 트집이야 다들 봤으면 반전도 있구 훈훈하고 재미만 좋습니다",
    "date": "13.04.02",
    "rating": "10",
    "author": "walt****",
    "review_id": "7430625",
    "movie_id": "40100"
  },
  {
    "review": "하하하",
    "date": "13.01.31",
    "rating": "10",
    "author": "cana****",
    "review_id": "7203946",
    "movie_id": "40100"
  },
  {
    "review": "빈디젤만의 화려한 액션영화가아니어도 볼만했던 영화인거같다 ㅋㅋ",
    "date": "12.10.03",
    "rating": "10",
    "author": "nove****",
    "review_id": "6760644",
    "movie_id": "40100"
  },
  {
    "review": "빈 디젤이 맞지 않은 옷을 입은줄 알았는데, 입어보지도 않고 판단만 했을뿐 새로운 옷으로 스타일링한 매력을 맘껏 뽐냈다.",
    "date": "12.09.09",
    "rating": "10",
    "author": "youe****",
    "review_id": "6682035",
    "movie_id": "40100"
  },
  {
    "review": "정말재밌고스토리도볼만했다",
    "date": "12.07.28",
    "rating": "10",
    "author": "m16k****",
    "review_id": "6547962",
    "movie_id": "40100"
  },
  {
    "review": "음, 뭐라고 콕 찝어 말할 순 없지만 아쉽네요.",
    "date": "12.05.05",
    "rating": "5",
    "author": "wodl****",
    "review_id": "6273601",
    "movie_id": "40100"
  },
  {
    "review": "유치하고 평범한 가족영화. 별다른 감흥은 없었지만 볼만은 했다",
    "date": "12.04.04",
    "rating": "7",
    "author": "gjin****",
    "review_id": "6191579",
    "movie_id": "40100"
  },
  {
    "review": "볼만하다. 훈훈함..!",
    "date": "12.01.09",
    "rating": "7",
    "author": "lmy0****",
    "review_id": "5974659",
    "movie_id": "40100"
  },
  {
    "review": "빈디젤 멋있다.",
    "date": "12.01.02",
    "rating": "7",
    "author": "marc****",
    "review_id": "5955792",
    "movie_id": "40100"
  },
  {
    "review": "재미도 없고 유치해",
    "date": "11.10.28",
    "rating": "6",
    "author": "titi****",
    "review_id": "5813856",
    "movie_id": "40100"
  },
  {
    "review": "'특공대식 애보기'라는 소재를 그리 잘 살리지 못해 별로다.",
    "date": "11.10.14",
    "rating": "2",
    "author": "kpcc****",
    "review_id": "5787654",
    "movie_id": "40100"
  },
  {
    "review": "근육배우의 어린이영화 도전은 무모했다",
    "date": "11.10.14",
    "rating": "2",
    "author": "ccpp****",
    "review_id": "5787653",
    "movie_id": "40100"
  },
  {
    "review": "최악이야...너무 유치하다",
    "date": "11.10.14",
    "rating": "2",
    "author": "rame****",
    "review_id": "5787652",
    "movie_id": "40100"
  },
  {
    "review": "너무 잼다 .. ㅋㅋ",
    "date": "11.08.01",
    "rating": "10",
    "author": "qjat****",
    "review_id": "5589387",
    "movie_id": "40100"
  },
  {
    "review": "최악이야...너무 유치하다",
    "date": "11.07.01",
    "rating": "1",
    "author": "zmfh****",
    "review_id": "5512403",
    "movie_id": "40100"
  },
  {
    "review": "잼있어욤",
    "date": "11.06.30",
    "rating": "7",
    "author": "whis****",
    "review_id": "5509505",
    "movie_id": "40100"
  },
  {
    "review": "너무재미있는거아니에여 ㅠㅠ?",
    "date": "11.06.03",
    "rating": "10",
    "author": "rmdl****",
    "review_id": "5462610",
    "movie_id": "40100"
  },
  {
    "review": "엠2창완전재밌어요!",
    "date": "11.06.03",
    "rating": "10",
    "author": "rlwn****",
    "review_id": "5462609",
    "movie_id": "40100"
  },
  {
    "review": "너무 멋있고, 내 이상형이야 ㅠㅠㅠㅠㅠ",
    "date": "11.05.23",
    "rating": "10",
    "author": "ssip****",
    "review_id": "5446374",
    "movie_id": "40100"
  },
  {
    "review": "재미있음! !",
    "date": "11.05.16",
    "rating": "10",
    "author": "hyol****",
    "review_id": "5430923",
    "movie_id": "40100"
  },
  {
    "review": "죄~썽합니다 도둑이 들어써여~",
    "date": "11.05.14",
    "rating": "7",
    "author": "mari****",
    "review_id": "5428060",
    "movie_id": "40100"
  },
  {
    "review": "ㅋㅋㅋㅋㅋㅋㅋㅋㅋㅋㅋ완전재밌뚬ㅋㅋㅋㅋㅋㅋ빈완전 귀여웡",
    "date": "11.04.30",
    "rating": "10",
    "author": "eliz****",
    "review_id": "5398762",
    "movie_id": "40100"
  },
  {
    "review": "재밌었어요 ㅋㅋㅋㅋ 이런 이미지도 괜찮은듯..",
    "date": "11.04.26",
    "rating": "10",
    "author": "cyzh****",
    "review_id": "5393729",
    "movie_id": "40100"
  },
  {
    "review": "되게 기억에남는게 좋네요ㅋㅋ 벌써 7번이나 봤음",
    "date": "11.04.19",
    "rating": "10",
    "author": "maxm****",
    "review_id": "5383539",
    "movie_id": "40100"
  },
  {
    "review": "진짜 재밌네요 ㅋㅋㅋ",
    "date": "11.02.16",
    "rating": "10",
    "author": "ye84****",
    "review_id": "5247951",
    "movie_id": "40100"
  },
  {
    "review": "완전 재미써요!!!!!!!!!!!!!!!!!!!!! 강추강추 방금 보고 올려요",
    "date": "11.02.03",
    "rating": "10",
    "author": "tjfe****",
    "review_id": "5209821",
    "movie_id": "40100"
  },
  {
    "review": "완전 짱입니다!",
    "date": "10.12.25",
    "rating": "10",
    "author": "somi****",
    "review_id": "5082347",
    "movie_id": "40100"
  },
  {
    "review": "엄청난 재미와 액션....ㅋㅋ",
    "date": "10.12.12",
    "rating": "10",
    "author": "gkse****",
    "review_id": "5047077",
    "movie_id": "40100"
  },
  {
    "review": "금방 봤는데 재밌네용 ㅋㅋ",
    "date": "10.11.27",
    "rating": "10",
    "author": "wldu****",
    "review_id": "4996834",
    "movie_id": "40100"
  },
  {
    "review": "아놀드가 되고 싶은 빈 디젤.",
    "date": "10.10.20",
    "rating": "2",
    "author": "pria****",
    "review_id": "4912981",
    "movie_id": "40100"
  },
  {
    "review": "재밌네요 ㅎㅎ",
    "date": "10.09.23",
    "rating": "10",
    "author": "akdl****",
    "review_id": "4860059",
    "movie_id": "40100"
  },
  {
    "review": "진짜 재밌어요~우리집은원래 디비디도 없는데 저거보려고 디비디샀음ㅋ",
    "date": "10.09.23",
    "rating": "10",
    "author": "angd****",
    "review_id": "4859776",
    "movie_id": "40100"
  },
  {
    "review": "오우 쉐이크 개뼉다귀라도 던져보든지",
    "date": "10.08.18",
    "rating": "10",
    "author": "dkls****",
    "review_id": "4761350",
    "movie_id": "40100"
  },
  {
    "review": "ㅋㅋㅋ 재밌닼ㅋㅋ",
    "date": "10.08.08",
    "rating": "10",
    "author": "ant0****",
    "review_id": "4724299",
    "movie_id": "40100"
  },
  {
    "review": "저도 재미있게봤어요 추천ㅋㅋㅋㅋ",
    "date": "10.08.08",
    "rating": "10",
    "author": "hide****",
    "review_id": "4722479",
    "movie_id": "40100"
  },
  {
    "review": "추천ㅋㅋ",
    "date": "10.08.03",
    "rating": "10",
    "author": "rkde****",
    "review_id": "4700846",
    "movie_id": "40100"
  },
  {
    "review": "재밌다",
    "date": "10.07.31",
    "rating": "10",
    "author": "con5****",
    "review_id": "4690955",
    "movie_id": "40100"
  },
  {
    "review": "재미있었어요~",
    "date": "10.07.31",
    "rating": "10",
    "author": "dyl0****",
    "review_id": "4690672",
    "movie_id": "40100"
  },
  {
    "review": "재밌는데 디즈니사에서 나온거라고 무시하냐",
    "date": "10.07.31",
    "rating": "10",
    "author": "gabe****",
    "review_id": "4690007",
    "movie_id": "40100"
  },
  {
    "review": "말이 필요없는 영화죠 완전 재밌어요",
    "date": "10.07.31",
    "rating": "10",
    "author": "funj****",
    "review_id": "4690005",
    "movie_id": "40100"
  },
  {
    "review": "평점사기입니다엄청재밌어요이것객관적으로정말한8.7정도요",
    "date": "10.06.22",
    "rating": "10",
    "author": "thru****",
    "review_id": "4584826",
    "movie_id": "40100"
  },
  {
    "review": "완전재밌다",
    "date": "10.06.13",
    "rating": "10",
    "author": "gkff****",
    "review_id": "4562631",
    "movie_id": "40100"
  },
  {
    "review": "정말 재미잇엇다. 나도 그런 오리를 가지고 싶다.",
    "date": "10.05.21",
    "rating": "10",
    "author": "taws****",
    "review_id": "4512882",
    "movie_id": "40100"
  },
  {
    "review": "정당한 액션씬 과 중간중간 재있던부분등 맘애들은영화였어요.ㅋ",
    "date": "10.04.02",
    "rating": "10",
    "author": "rlad****",
    "review_id": "4405560",
    "movie_id": "40100"
  },
  {
    "review": "너무 재밌는 영화. 코미디는 연기도 스토리도 아닌 재미가 있어야 한다.^^",
    "date": "10.04.01",
    "rating": "9",
    "author": "jini****",
    "review_id": "4401867",
    "movie_id": "40100"
  },
  {
    "review": "너무웃겨 ㅋㅋ",
    "date": "10.03.27",
    "rating": "10",
    "author": "eg97****",
    "review_id": "4390682",
    "movie_id": "40100"
  },
  {
    "review": "ㅋㅋ 웃기네요ㅋㅋㅋㅋ",
    "date": "10.03.27",
    "rating": "10",
    "author": "shse****",
    "review_id": "4390678",
    "movie_id": "40100"
  },
  {
    "review": "반 디젤과 아이들이라 어울리지않는 궁합을 잘도 조합했내",
    "date": "10.03.25",
    "rating": "10",
    "author": "bajj****",
    "review_id": "4385821",
    "movie_id": "40100"
  },
  {
    "review": "7점",
    "date": "10.03.23",
    "rating": "7",
    "author": "klov****",
    "review_id": "4381200",
    "movie_id": "40100"
  },
  {
    "review": "이건 어린이용같다. 그렇지만 나름대로의 매력도 있고 다시 보고 싶다.",
    "date": "10.03.18",
    "rating": "9",
    "author": "eksc****",
    "review_id": "4363950",
    "movie_id": "40100"
  },
  {
    "review": "재미있어서 끝까지 봤답니다",
    "date": "10.02.25",
    "rating": "10",
    "author": "suji****",
    "review_id": "4317423",
    "movie_id": "40100"
  },
  {
    "review": "잼있다 ㅋ",
    "date": "10.02.25",
    "rating": "10",
    "author": "sm16****",
    "review_id": "4317020",
    "movie_id": "40100"
  },
  {
    "review": "평점 왤케낮음..?",
    "date": "10.02.25",
    "rating": "10",
    "author": "wnsg****",
    "review_id": "4316940",
    "movie_id": "40100"
  },
  {
    "review": "동생이랑 배꼽잡고 봤는데.ㅋㅋㅋㅋ평점이 낮네....",
    "date": "10.01.17",
    "rating": "10",
    "author": "gydm****",
    "review_id": "4181504",
    "movie_id": "40100"
  },
  {
    "review": "평점낮아서 안보려는분 꼭보세여 ㅋㅋㅋㅋㅋㅋㅋㅋㅋ",
    "date": "09.12.22",
    "rating": "10",
    "author": "star****",
    "review_id": "4071677",
    "movie_id": "40100"
  },
  {
    "review": "절뚝거리는 대사와 예측가능한 반전, 공들였지만 추락하는 개그로 구성된 코믹조난극",
    "date": "09.11.22",
    "rating": "1",
    "author": "dg_d****",
    "review_id": "3983086",
    "movie_id": "40100"
  },
  {
    "review": "ㅋㅋㅋㅋㅋ재미지다",
    "date": "09.10.27",
    "rating": "10",
    "author": "mio_****",
    "review_id": "3919463",
    "movie_id": "40100"
  },
  {
    "review": "ㅋㅋ괜찮은 영화",
    "date": "09.10.08",
    "rating": "10",
    "author": "ccc4****",
    "review_id": "3881097",
    "movie_id": "40100"
  },
  {
    "review": "이거 너무 귀엽고 깜찍한데 ㅋㅋㅋㅋ 기분좋아지는 영화~",
    "date": "09.05.19",
    "rating": "8",
    "author": "iss2****",
    "review_id": "3506292",
    "movie_id": "40100"
  },
  {
    "review": "괜찮다",
    "date": "09.05.01",
    "rating": "10",
    "author": "stio****",
    "review_id": "3455736",
    "movie_id": "40100"
  },
  {
    "review": "괜찮은 영화임",
    "date": "09.04.13",
    "rating": "10",
    "author": "pcts****",
    "review_id": "3419364",
    "movie_id": "40100"
  },
  {
    "review": "잘봤어요 ㅋ 오랜만에 정말 재밌게봣네요 ㅋ 빈디젤의다른모습 ㅎㅎ 웃겻음",
    "date": "09.04.11",
    "rating": "10",
    "author": "drag****",
    "review_id": "3416068",
    "movie_id": "40100"
  },
  {
    "review": "심심할때 보기 딱좋은 영화네요 개인적으로는 7.7정도 주고싶습니다",
    "date": "09.02.20",
    "rating": "10",
    "author": "7774****",
    "review_id": "3318503",
    "movie_id": "40100"
  },
  {
    "review": "재밌다ㅋㅋㅋㅋㅋㅋ",
    "date": "09.02.08",
    "rating": "10",
    "author": "hink****",
    "review_id": "3288659",
    "movie_id": "40100"
  },
  {
    "review": "봐도 또 보고 싶음ㅎㅎㅎ",
    "date": "09.02.08",
    "rating": "10",
    "author": "glor****",
    "review_id": "3288642",
    "movie_id": "40100"
  },
  {
    "review": "자기랑 안맞다고 해서 영화를 함부로 판단하지는 말기를 재밌음!",
    "date": "09.02.08",
    "rating": "10",
    "author": "fish****",
    "review_id": "3288630",
    "movie_id": "40100"
  },
  {
    "review": "완전 재밋고 빈디젤 멋있음",
    "date": "09.02.04",
    "rating": "10",
    "author": "uio2****",
    "review_id": "3277941",
    "movie_id": "40100"
  },
  {
    "review": "평점 떄문에 안보면후회하는영화",
    "date": "09.01.31",
    "rating": "10",
    "author": "ehgn****",
    "review_id": "3267672",
    "movie_id": "40100"
  },
  {
    "review": "군이이 사회에서 좋은 일을 할수있다는것을 알려준 영화^^",
    "date": "09.01.22",
    "rating": "7",
    "author": "sham****",
    "review_id": "3239175",
    "movie_id": "40100"
  },
  {
    "review": "볼만한 영화. 시간은 안 아깝구나~",
    "date": "09.01.14",
    "rating": "8",
    "author": "hanc****",
    "review_id": "3219663",
    "movie_id": "40100"
  },
  {
    "review": "정말 간만에 재밌게본 영화. 기억에 많이 남을것같다 빈디젤 이런 영화배우였다니",
    "date": "09.01.10",
    "rating": "10",
    "author": "0109****",
    "review_id": "3206983",
    "movie_id": "40100"
  },
  {
    "review": "재미있다!!! 배우들도 완전 훈훈함ㅋㅋㅋ",
    "date": "09.01.09",
    "rating": "10",
    "author": "mysi****",
    "review_id": "3205202",
    "movie_id": "40100"
  }
]