[
  {
    "review": "시리즈중 가장잼다 ㅋㅋ",
    "date": "15.08.06",
    "rating": "9",
    "author": "yhch****",
    "review_id": "10191196",
    "movie_id": "40110"
  },
  {
    "review": "즐겁고 유쾌한 패러디 영화. 기대한 것 이상을 보여주진 않는다. 시간이 지나도 패러디라는 장르는 유사하게 존재할 것 같다. 조금씩 리듬이 늘어지는 감이 있긴 했으나, 괜찮은 속도감이었다.",
    "date": "15.06.26",
    "rating": "6",
    "author": "tscm****",
    "review_id": "10036839",
    "movie_id": "40110"
  },
  {
    "review": "아들 부시가 <언>에서 난동 피우는 꼴..ㅋㅋ",
    "date": "15.04.29",
    "rating": "8",
    "author": "pont****",
    "review_id": "9876828",
    "movie_id": "40110"
  },
  {
    "review": "한국놈들 네이버 평점주는 꼬라지가 참 안타깝다. 좋은 영화는 죄다 지루하다고 1젇 주면서 에로나 이딴 쓰레기는 9,10점 막퍼주네 ...에휴",
    "date": "15.04.15",
    "rating": "4",
    "author": "hono****",
    "review_id": "9846327",
    "movie_id": "40110"
  },
  {
    "review": "7점 뭐냐;; 이 명작을 ㅡㅡ RhymeXL//니는 그냥 개콘이나 쳐봐라 쓰레기같은 한국개그보고 잘쳐웃을 스타일이네 한국개그가 제일 씹노답인건 못생긴 얼굴을 인신공격해서 웃음 유도하는 식의 개그는 진짜 국제적 망신일정도로 씹노답임 외국인들이 보면 뭐라",
    "date": "15.02.02",
    "rating": "10",
    "author": "else****",
    "review_id": "9661835",
    "movie_id": "40110"
  },
  {
    "review": "안나페리스가 2002  년에 정말 이뻤었는데..",
    "date": "15.01.24",
    "rating": "8",
    "author": "kkb_****",
    "review_id": "9631617",
    "movie_id": "40110"
  },
  {
    "review": "안나는 코메디에 잘어울림",
    "date": "14.12.23",
    "rating": "5",
    "author": "adiv****",
    "review_id": "9503464",
    "movie_id": "40110"
  },
  {
    "review": "이럴수가 입꼬리에 미동이없다니",
    "date": "14.12.10",
    "rating": "4",
    "author": "thdq****",
    "review_id": "9462146",
    "movie_id": "40110"
  },
  {
    "review": "무서운 영화 시리즈 중에 블랙 코미디가 대부분인. 그렇게 재밌지도 않다. 마지막 톰 크루즈 패러디 하나 잼있었네.",
    "date": "14.11.17",
    "rating": "6",
    "author": "jms5****",
    "review_id": "9396083",
    "movie_id": "40110"
  },
  {
    "review": "무서운 영화 시리즈중에 가장 잼나고 웃기다. 안나패리스가 가장 이쁘게 나온 영화.",
    "date": "14.11.04",
    "rating": "10",
    "author": "kjk9****",
    "review_id": "9339950",
    "movie_id": "40110"
  },
  {
    "review": "기존의 3편보다 좀 지저분하다고 느껴지는 작품. 미소보다 인상이 써지는. 그래도 마이클 무어의 화씨 9/11에서 패러디된 부시 대통령에 대한 풍자는 볼만했음",
    "date": "14.10.15",
    "rating": "2",
    "author": "jjaj****",
    "review_id": "9293462",
    "movie_id": "40110"
  },
  {
    "review": "이런식의 개그 내취향인데ㅋㅋㅋ 사실 1,2는 재미없었어요 데이빗 주커식의 3.4는 진짜 온사이트를 OO서 다시본..",
    "date": "14.10.10",
    "rating": "10",
    "author": "jeon****",
    "review_id": "9281670",
    "movie_id": "40110"
  },
  {
    "review": "무서운영화 시리즈중에 제일 웃긴듯",
    "date": "14.08.21",
    "rating": "8",
    "author": "csu0****",
    "review_id": "9117934",
    "movie_id": "40110"
  },
  {
    "review": "어디가웃긴겨?ㅡㅡㅡㅡ",
    "date": "14.07.24",
    "rating": "1",
    "author": "onej****",
    "review_id": "8949385",
    "movie_id": "40110"
  },
  {
    "review": "쏘우의 완벽한 패러디.",
    "date": "14.07.24",
    "rating": "8",
    "author": "cred****",
    "review_id": "8949382",
    "movie_id": "40110"
  },
  {
    "review": "ㅅㅂ  재밌음 ㅋㅋㅋ   헐리우드 패러디 영화의 독보적인 존재",
    "date": "14.07.18",
    "rating": "10",
    "author": "fghy****",
    "review_id": "8927429",
    "movie_id": "40110"
  },
  {
    "review": "3볼라다 그나마 더 최근꺼라 이거 봣는데 빵터지는 한방없이 루즈하며 정신없는 걍 킬링타임아닌 시간낭비한느낌 ㅠㅡㅜ 1만한 후작없다더니.,,",
    "date": "14.06.24",
    "rating": "2",
    "author": "dssa****",
    "review_id": "8850278",
    "movie_id": "40110"
  },
  {
    "review": "점점 패러디가 더 심해진다.",
    "date": "14.06.13",
    "rating": "1",
    "author": "hang****",
    "review_id": "8825517",
    "movie_id": "40110"
  },
  {
    "review": "안나페리스때문에 계속 보게된다",
    "date": "13.10.26",
    "rating": "7",
    "author": "lkyl****",
    "review_id": "8089440",
    "movie_id": "40110"
  },
  {
    "review": "패러디의 진수임 이영화는 ㅋㅋ",
    "date": "13.10.07",
    "rating": "8",
    "author": "534k****",
    "review_id": "8042910",
    "movie_id": "40110"
  },
  {
    "review": "이렇게 웃기고 막장인 영화시리즈는 드물겄같네요 ㅋㅋㅋ",
    "date": "13.08.30",
    "rating": "10",
    "author": "jsh7****",
    "review_id": "7935399",
    "movie_id": "40110"
  },
  {
    "review": "진짜 웃김. 쏘우 패러디 ㅋㅋㅋㅋ",
    "date": "13.08.18",
    "rating": "8",
    "author": "rldn****",
    "review_id": "7900035",
    "movie_id": "40110"
  },
  {
    "review": "시리즈를 계속보다 보니.. 어느정도 적응한듯",
    "date": "13.08.13",
    "rating": "7",
    "author": "xx41****",
    "review_id": "7875808",
    "movie_id": "40110"
  },
  {
    "review": "군대있을때 보고 잊을수가없다 마지막 탐크루즈 패러디 ㅋㅋㅋㅋㅋㅋㅋㅋㅋㅋㅋㅋㅋㅋㅋㅋㅋ",
    "date": "13.08.11",
    "rating": "8",
    "author": "sala****",
    "review_id": "7868999",
    "movie_id": "40110"
  },
  {
    "review": "배꼽빠질뻔",
    "date": "13.07.26",
    "rating": "8",
    "author": "jjan****",
    "review_id": "7788992",
    "movie_id": "40110"
  },
  {
    "review": "보다가 도저히 안되겠어서 지웠음...........",
    "date": "13.07.23",
    "rating": "3",
    "author": "vm4e****",
    "review_id": "7778203",
    "movie_id": "40110"
  },
  {
    "review": "ㅋㅋㅋㅋ시리즈중 최고였음",
    "date": "13.07.11",
    "rating": "8",
    "author": "choi****",
    "review_id": "7724639",
    "movie_id": "40110"
  },
  {
    "review": "더러운게 흠이지만 재미있어요 ㅋㅋ",
    "date": "13.06.03",
    "rating": "8",
    "author": "sham****",
    "review_id": "7575662",
    "movie_id": "40110"
  },
  {
    "review": "재미있으면 된거 아님 ? ㅎ",
    "date": "13.04.15",
    "rating": "8",
    "author": "tekk****",
    "review_id": "7462026",
    "movie_id": "40110"
  },
  {
    "review": "존ㄴ나웃겼닼ㅋㅋㅋOO 숨도못쉴정도였엌ㅋㅋㅋㅋㅋㅋㅋ",
    "date": "13.02.22",
    "rating": "10",
    "author": "tjh1****",
    "review_id": "7291521",
    "movie_id": "40110"
  },
  {
    "review": "그저그런 평범한 영화.",
    "date": "13.02.10",
    "rating": "5",
    "author": "jis6****",
    "review_id": "7248531",
    "movie_id": "40110"
  },
  {
    "review": "강추",
    "date": "13.01.31",
    "rating": "10",
    "author": "uks2****",
    "review_id": "7202618",
    "movie_id": "40110"
  },
  {
    "review": "내 생애 최고의 코미디 영화다 진짜 ㅋㅋㅋㅋㅋㅋㅋㅋㅋㅋㅋㅋㅋㅋㅋㅋㅋㅋㅋㅋㅋㅋㅋㅋㅋㅋㅋ",
    "date": "13.01.09",
    "rating": "9",
    "author": "minj****",
    "review_id": "7094723",
    "movie_id": "40110"
  },
  {
    "review": "무서운영화 중에서는 가히 최고라고 말할수있다.",
    "date": "12.12.27",
    "rating": "8",
    "author": "ting****",
    "review_id": "7052965",
    "movie_id": "40110"
  },
  {
    "review": "간신히 명맥 유지..",
    "date": "12.12.08",
    "rating": "6",
    "author": "tn99****",
    "review_id": "6985853",
    "movie_id": "40110"
  },
  {
    "review": "덴뿌라 쓰시 사시미~~~~~~~~~~~~~~~~",
    "date": "12.11.21",
    "rating": "10",
    "author": "door****",
    "review_id": "6909780",
    "movie_id": "40110"
  },
  {
    "review": "미세하게 퀄이 떨어지긴 한데 여전히 재밌다. 안나 페리스는 여전히 귀엽구나",
    "date": "12.09.06",
    "rating": "7",
    "author": "supe****",
    "review_id": "6673556",
    "movie_id": "40110"
  },
  {
    "review": "솔직히 가끔 웃기긴 했는데 학교에서 보긴 좀 그랬다.. 중간에 꺼버렸다는.",
    "date": "12.09.02",
    "rating": "2",
    "author": "tj24****",
    "review_id": "6664970",
    "movie_id": "40110"
  },
  {
    "review": "무슨 영화를 패러디했나를 보는 재미.",
    "date": "12.07.20",
    "rating": "7",
    "author": "corc****",
    "review_id": "6501875",
    "movie_id": "40110"
  },
  {
    "review": "서서히 적응되가는 시리즈",
    "date": "12.07.06",
    "rating": "5",
    "author": "dudd****",
    "review_id": "6452141",
    "movie_id": "40110"
  },
  {
    "review": "안나패리스좋아",
    "date": "12.06.30",
    "rating": "10",
    "author": "engr****",
    "review_id": "6429867",
    "movie_id": "40110"
  },
  {
    "review": "나쁘진 않지만 저질 섹스코미디가 감점 요소.",
    "date": "12.05.24",
    "rating": "7",
    "author": "tmdf****",
    "review_id": "6328720",
    "movie_id": "40110"
  },
  {
    "review": "4가 제일 낫다. 우주전쟁 쏘우 패러디..ㅋㅋ",
    "date": "12.05.20",
    "rating": "9",
    "author": "7014****",
    "review_id": "6315074",
    "movie_id": "40110"
  },
  {
    "review": "패러디에 대해 모른다면 평점 주러 오지도마라",
    "date": "12.04.15",
    "rating": "10",
    "author": "true****",
    "review_id": "6224415",
    "movie_id": "40110"
  },
  {
    "review": "ㅈㄴ 웃김 ㅋㅋㅋㅋㅋㅋㅋㅋㅋ",
    "date": "12.04.09",
    "rating": "10",
    "author": "gust****",
    "review_id": "6205175",
    "movie_id": "40110"
  },
  {
    "review": "3이랑비슷...",
    "date": "12.03.24",
    "rating": "5",
    "author": "wjdg****",
    "review_id": "6165734",
    "movie_id": "40110"
  },
  {
    "review": "ㅋㅋㅋ 미친 뭐 이런걸 분석하면서 봄?ㅋ 아무 생각없이 보면 웃김",
    "date": "12.02.01",
    "rating": "8",
    "author": "sony****",
    "review_id": "6041620",
    "movie_id": "40110"
  },
  {
    "review": "아놔 장난?평점왜케높은거야 조작이의심스럽군 이런삼류쓰레기영화!!!ㅡㅡ;",
    "date": "12.01.03",
    "rating": "1",
    "author": "kllm****",
    "review_id": "5958091",
    "movie_id": "40110"
  },
  {
    "review": "↓밑에글 밑에분 개공감!!ㅡㅡㅋ",
    "date": "12.01.03",
    "rating": "1",
    "author": "gkf0****",
    "review_id": "5958086",
    "movie_id": "40110"
  },
  {
    "review": "재밌지도 웃기지도않아. 이제그만좀 나와라-_-",
    "date": "11.12.31",
    "rating": "1",
    "author": "thdu****",
    "review_id": "5950502",
    "movie_id": "40110"
  },
  {
    "review": "멍때리면서 보면 웃겨요.. ㅋㅋㅋ 5야 얼른나와라 보고싶다.에픽무비 이런 쉣",
    "date": "11.12.19",
    "rating": "9",
    "author": "gyrm****",
    "review_id": "5915060",
    "movie_id": "40110"
  },
  {
    "review": "기대하고 봤는데 지루하고 보면서 전혀 웃지 않았다 실망스럽다..",
    "date": "11.11.25",
    "rating": "1",
    "author": "mysk****",
    "review_id": "5870365",
    "movie_id": "40110"
  },
  {
    "review": "2.3",
    "date": "11.10.07",
    "rating": "2",
    "author": "one5****",
    "review_id": "5775540",
    "movie_id": "40110"
  },
  {
    "review": "역시 패러디 영화의 끝판왕",
    "date": "11.09.12",
    "rating": "8",
    "author": "qudr****",
    "review_id": "5724624",
    "movie_id": "40110"
  },
  {
    "review": "다시 보고 싶은 재밌는 영화.",
    "date": "11.09.10",
    "rating": "10",
    "author": "odjs****",
    "review_id": "5719381",
    "movie_id": "40110"
  },
  {
    "review": "기대한 것과 같이 재밌게 봤다.",
    "date": "11.08.14",
    "rating": "10",
    "author": "atbg****",
    "review_id": "5649627",
    "movie_id": "40110"
  },
  {
    "review": "6점",
    "date": "11.08.08",
    "rating": "6",
    "author": "star****",
    "review_id": "5622812",
    "movie_id": "40110"
  },
  {
    "review": "난 재밌었는데 ㅋ. 안나페리스의 미모가 돋보이기도 했다.",
    "date": "11.07.26",
    "rating": "9",
    "author": "cafe****",
    "review_id": "5569897",
    "movie_id": "40110"
  },
  {
    "review": "더이상 버티기 어렵다",
    "date": "11.07.24",
    "rating": "2",
    "author": "hsfa****",
    "review_id": "5566150",
    "movie_id": "40110"
  },
  {
    "review": "날실망시키지않는무서운영화넘잼있군",
    "date": "11.07.24",
    "rating": "10",
    "author": "nm35****",
    "review_id": "5565546",
    "movie_id": "40110"
  },
  {
    "review": "역시 안나! 날 실망시키지 않는구나。크레이크와의 첫 대면 대박임。★굿잡★",
    "date": "11.06.16",
    "rating": "10",
    "author": "yoos****",
    "review_id": "5483719",
    "movie_id": "40110"
  },
  {
    "review": "무서운영화 시리즈는 재미있는듯..",
    "date": "11.05.13",
    "rating": "7",
    "author": "mais****",
    "review_id": "5425007",
    "movie_id": "40110"
  },
  {
    "review": "역시나 무서운영화 시리즈는 재밌군 이번에도 뿜었다 ㅋㅋ",
    "date": "11.03.26",
    "rating": "8",
    "author": "psw5****",
    "review_id": "5336798",
    "movie_id": "40110"
  },
  {
    "review": "이거 웃기지도 않는데 내가 계속 보는 이유가 뭘까;;",
    "date": "11.03.25",
    "rating": "5",
    "author": "pree****",
    "review_id": "5334451",
    "movie_id": "40110"
  },
  {
    "review": "진짜 재미있던데..... 5편은 언제 나오나요??? 후회 없습니다 ㅋㅋㅋ",
    "date": "11.02.27",
    "rating": "10",
    "author": "go62****",
    "review_id": "5280506",
    "movie_id": "40110"
  },
  {
    "review": "ㅋㅋㅋㅋㅋㅋ패러디영화는 스토리짜집기가어려울껀데 각본쓴사람은 천재일듯..",
    "date": "11.02.20",
    "rating": "10",
    "author": "xo20****",
    "review_id": "5259338",
    "movie_id": "40110"
  },
  {
    "review": "무섭다",
    "date": "11.02.19",
    "rating": "3",
    "author": "kos4****",
    "review_id": "5257561",
    "movie_id": "40110"
  },
  {
    "review": "재미있던데 ㅋㅋ이런 영화가 다있어?할정도로 신기하고 웃기면서살짝무서운영화",
    "date": "11.01.26",
    "rating": "8",
    "author": "nimo****",
    "review_id": "5186273",
    "movie_id": "40110"
  },
  {
    "review": "무섭도록 웃기긴 뭐가 웃겨 이 씹 쓰레기 새끼야",
    "date": "11.01.25",
    "rating": "1",
    "author": "zmfo****",
    "review_id": "5183314",
    "movie_id": "40110"
  },
  {
    "review": "히트친영화들이 다모여 패러디영화가 되다니",
    "date": "11.01.20",
    "rating": "9",
    "author": "arbi****",
    "review_id": "5171379",
    "movie_id": "40110"
  },
  {
    "review": "더럽고...불쾌해",
    "date": "10.12.23",
    "rating": "3",
    "author": "tjrr****",
    "review_id": "5076174",
    "movie_id": "40110"
  },
  {
    "review": "지겨웟다 .",
    "date": "10.12.17",
    "rating": "1",
    "author": "kkys****",
    "review_id": "5060795",
    "movie_id": "40110"
  },
  {
    "review": "레슬리 릴슨.... 명성높은 사람이죠 ... 신의 은총을...",
    "date": "10.11.29",
    "rating": "10",
    "author": "whd7****",
    "review_id": "5007213",
    "movie_id": "40110"
  },
  {
    "review": "3탄에 비해서 약간 별로이지만... 재미있다",
    "date": "10.08.28",
    "rating": "6",
    "author": "kcks****",
    "review_id": "4798013",
    "movie_id": "40110"
  },
  {
    "review": "빵터지는데?",
    "date": "10.08.25",
    "rating": "10",
    "author": "jkse****",
    "review_id": "4792096",
    "movie_id": "40110"
  },
  {
    "review": "볼만하고 재밋어요 ㅋ",
    "date": "10.08.20",
    "rating": "10",
    "author": "mira****",
    "review_id": "4768970",
    "movie_id": "40110"
  },
  {
    "review": "아~~ 예전에 봤던건데 모르고 또 봄  ~ 역시나 후회 ㅋ 잼없어 죽겠따 !!!",
    "date": "10.08.15",
    "rating": "3",
    "author": "eye1****",
    "review_id": "4749377",
    "movie_id": "40110"
  },
  {
    "review": "무섭지도.. 그렇다고 크게 웃기지도... 단지 산만한 영화",
    "date": "10.08.06",
    "rating": "5",
    "author": "doma****",
    "review_id": "4712835",
    "movie_id": "40110"
  },
  {
    "review": "쓰레기 패러디영화인줄알았는데 패러디를 확실하게 소화했다 ㅋ ㅋ ㅋ",
    "date": "10.07.30",
    "rating": "8",
    "author": "sjw5****",
    "review_id": "4687098",
    "movie_id": "40110"
  },
  {
    "review": "완전 내취향임 ㅋㅋㅋ 개웃겨 ㅋㅋ",
    "date": "10.07.10",
    "rating": "10",
    "author": "prk_****",
    "review_id": "4626247",
    "movie_id": "40110"
  },
  {
    "review": "실망이네요.",
    "date": "10.05.07",
    "rating": "3",
    "author": "ltls****",
    "review_id": "4485497",
    "movie_id": "40110"
  },
  {
    "review": "맨처음 쏘루 페러디 대박.ㅋㅋㅋㅋ",
    "date": "10.04.16",
    "rating": "10",
    "author": "ishu****",
    "review_id": "4434955",
    "movie_id": "40110"
  },
  {
    "review": "ㅋㅋㅋ 볼수록 재미있다",
    "date": "10.04.11",
    "rating": "10",
    "author": "ghdr****",
    "review_id": "4427164",
    "movie_id": "40110"
  },
  {
    "review": "전편보다 갈수록 덜하지만 여전히 웃기다",
    "date": "10.03.15",
    "rating": "10",
    "author": "bajj****",
    "review_id": "4360093",
    "movie_id": "40110"
  },
  {
    "review": "ㅋㅋ 톰크루즈 패러디",
    "date": "10.03.13",
    "rating": "10",
    "author": "dhcn****",
    "review_id": "4354012",
    "movie_id": "40110"
  },
  {
    "review": "ㅋㅋㅋ이건쏘우패러디부터존나욱김ㅋㅋㅋ갠적으로1,2,3,4중4가젤웃김ㅋㅋㅋㅋㅋㅋㅋㅋ",
    "date": "10.03.06",
    "rating": "10",
    "author": "ghrj****",
    "review_id": "4339052",
    "movie_id": "40110"
  },
  {
    "review": "볼만함",
    "date": "10.01.15",
    "rating": "7",
    "author": "ybb1****",
    "review_id": "4174329",
    "movie_id": "40110"
  },
  {
    "review": "ㅋㅋ약간 재미는 좀 떨어진다 억지개그도 있었지만 그래도 꽤 볼만하다 특히 쏘우ㅋㅋ",
    "date": "10.01.10",
    "rating": "6",
    "author": "jmkp****",
    "review_id": "4157036",
    "movie_id": "40110"
  },
  {
    "review": "ㅋㅋㅋ재밌다. 내가 좀 더 다양한 영화를 봤더라면 더 재미있었을것같다.ㅋㅋ",
    "date": "09.12.31",
    "rating": "8",
    "author": "ilil****",
    "review_id": "4111588",
    "movie_id": "40110"
  },
  {
    "review": "웃었으면 코미디영화로썬 성공한거",
    "date": "09.12.23",
    "rating": "8",
    "author": "newb****",
    "review_id": "4072715",
    "movie_id": "40110"
  },
  {
    "review": "ㅋㅋㅋㅋㅋㅋㅋㅋㅋㅋㅋㅋㅋ모냐고",
    "date": "09.12.23",
    "rating": "10",
    "author": "joru****",
    "review_id": "4072096",
    "movie_id": "40110"
  },
  {
    "review": "무서운 영화5포스터 왠지 힐즈아이즈1 포스터와 비슷합니다.ㅋㅋ",
    "date": "09.12.18",
    "rating": "10",
    "author": "heym****",
    "review_id": "4055533",
    "movie_id": "40110"
  },
  {
    "review": "1.2.3보다 재미는 약간 떨어지지만 그래도 웃김ㅋㅋㅋㅋ역시 웃고싶을땐 무서운영화",
    "date": "09.11.30",
    "rating": "8",
    "author": "govl****",
    "review_id": "4004596",
    "movie_id": "40110"
  },
  {
    "review": "재미가 좀 떨어졌네",
    "date": "09.10.19",
    "rating": "6",
    "author": "moff****",
    "review_id": "3902761",
    "movie_id": "40110"
  },
  {
    "review": "억지 웃음을 자아내는 패러디는 이제 그만.",
    "date": "09.10.11",
    "rating": "1",
    "author": "sykm****",
    "review_id": "3885562",
    "movie_id": "40110"
  },
  {
    "review": "역시 원초적인 웃음에 대해서는 기대를 져버리지 않는다..",
    "date": "09.09.16",
    "rating": "7",
    "author": "wind****",
    "review_id": "3834595",
    "movie_id": "40110"
  },
  {
    "review": "사시미~",
    "date": "09.09.02",
    "rating": "10",
    "author": "god_****",
    "review_id": "3806747",
    "movie_id": "40110"
  },
  {
    "review": "3가 더 재밌다.",
    "date": "09.09.01",
    "rating": "5",
    "author": "rlad****",
    "review_id": "3805523",
    "movie_id": "40110"
  },
  {
    "review": "재밌네요 ㅋㅋㅋㅋㅋㅋㅋㅋㅋㅋㅋㅋㅋㅋㅋㅋㅋㅋㅋㅋㅋㅋㅋㅋㅋ",
    "date": "09.08.19",
    "rating": "10",
    "author": "rock****",
    "review_id": "3767931",
    "movie_id": "40110"
  },
  {
    "review": "그냥 웃겨죽는다는 말밖에 ㅋㅋㅋㅋ",
    "date": "09.08.11",
    "rating": "10",
    "author": "yell****",
    "review_id": "3737918",
    "movie_id": "40110"
  }
]