[
  {
    "review": "역시 코난은 재밌어!!",
    "date": "15.08.07",
    "rating": "10",
    "author": "fnel****",
    "review_id": "10198325",
    "movie_id": "40112"
  },
  {
    "review": "코난 짱ㄹ~~~! 완전 좋아용^^",
    "date": "15.07.02",
    "rating": "10",
    "author": "shin****",
    "review_id": "10060449",
    "movie_id": "40112"
  },
  {
    "review": "바다를 배경으로한 이미지 묘사와 인물들간의 극적인 전개는 좋았지만, 다소 따분한 내용이 될뻔하였다.",
    "date": "15.06.13",
    "rating": "8",
    "author": "jaeh****",
    "review_id": "9996868",
    "movie_id": "40112"
  },
  {
    "review": "미란이가 소리가들리는곳에잇다햇자나 그럼 장미가 남도일이라고부른거 들엇겟네 ㄷㄷ",
    "date": "15.05.07",
    "rating": "10",
    "author": "sora****",
    "review_id": "9901698",
    "movie_id": "40112"
  },
  {
    "review": "재밌게 잘 보았습니당♡",
    "date": "15.05.03",
    "rating": "8",
    "author": "exos****",
    "review_id": "9888680",
    "movie_id": "40112"
  },
  {
    "review": "억지로 감동을 짜내는 영화",
    "date": "15.03.31",
    "rating": "1",
    "author": "sfun****",
    "review_id": "9818503",
    "movie_id": "40112"
  },
  {
    "review": "유명한탐정님의 멋진 추리!!  넘흐넘흐 간질나요!!",
    "date": "15.02.25",
    "rating": "10",
    "author": "alfz****",
    "review_id": "9735770",
    "movie_id": "40112"
  },
  {
    "review": "마지막 반전 대박!!!!",
    "date": "15.02.19",
    "rating": "8",
    "author": "kimc****",
    "review_id": "9714468",
    "movie_id": "40112"
  },
  {
    "review": "이번엔 코난뿐만아니라 유명한 탐정 다 멋졌서용 잼잼",
    "date": "15.01.01",
    "rating": "10",
    "author": "seun****",
    "review_id": "9547148",
    "movie_id": "40112"
  },
  {
    "review": "유명한 단독사건해결잼",
    "date": "14.12.04",
    "rating": "9",
    "author": "ssen****",
    "review_id": "9447117",
    "movie_id": "40112"
  },
  {
    "review": "마지막에 미란이가 코난 손 잡을 때 눈물나 ㅠㅠ",
    "date": "14.10.16",
    "rating": "10",
    "author": "kens****",
    "review_id": "9296300",
    "movie_id": "40112"
  },
  {
    "review": "정말 재미있어요!! 코난 최고!!",
    "date": "14.09.12",
    "rating": "10",
    "author": "sty0****",
    "review_id": "9207471",
    "movie_id": "40112"
  },
  {
    "review": "코난 멋져요! 짱짱!!",
    "date": "14.08.09",
    "rating": "10",
    "author": "ial3****",
    "review_id": "9054906",
    "movie_id": "40112"
  },
  {
    "review": "재미있게보고 코고로에 활약이 인상깊었네요 한가지문제라면 란보고 암걸릴뻔 했네요",
    "date": "14.08.09",
    "rating": "8",
    "author": "ko76****",
    "review_id": "9053680",
    "movie_id": "40112"
  },
  {
    "review": "영화관에서 본건 아니지만 .. 괜찮았어요 . 개인적 느낌이지만먼가 만화에서도 나왔던거 좀 우려먹었다는느낌도 들었네요",
    "date": "14.07.31",
    "rating": "6",
    "author": "aabb****",
    "review_id": "8992980",
    "movie_id": "40112"
  },
  {
    "review": "따뜻하면서도  지루하지 않고  이런 매력적인 스토리가 코난을 1위로 만드는게 아닌가 싶네요… 신란커플은 이번에도 참 ㅠㅠ",
    "date": "14.07.31",
    "rating": "10",
    "author": "iowa****",
    "review_id": "8991977",
    "movie_id": "40112"
  },
  {
    "review": "영화 볼만했습니다. 괜찮았어요.",
    "date": "14.07.31",
    "rating": "9",
    "author": "oh95****",
    "review_id": "8991433",
    "movie_id": "40112"
  },
  {
    "review": "코난이여!! 무저건 10점",
    "date": "14.07.29",
    "rating": "10",
    "author": "534k****",
    "review_id": "8976784",
    "movie_id": "40112"
  },
  {
    "review": "재미있을것 같은데  언제 블로그에 올라오는 거죠? 저 무자비하게 기다리고 있어요~",
    "date": "14.07.23",
    "rating": "10",
    "author": "gjtp****",
    "review_id": "8944031",
    "movie_id": "40112"
  },
  {
    "review": "마지막의 억지 신파극만 아니면 볼만함",
    "date": "14.07.21",
    "rating": "1",
    "author": "high****",
    "review_id": "8936715",
    "movie_id": "40112"
  },
  {
    "review": "그렇게  재밌는  편은 아니네여",
    "date": "14.07.05",
    "rating": "2",
    "author": "raph****",
    "review_id": "8887219",
    "movie_id": "40112"
  },
  {
    "review": "미란이 진상이다ㅡ도망치다가 배에 다시들어가다니ㅋㅋㅋ웃기네",
    "date": "14.07.05",
    "rating": "5",
    "author": "cuns****",
    "review_id": "8885167",
    "movie_id": "40112"
  },
  {
    "review": "모리탐정님의 활약이 돋보였던 극장판전체적으로 스토리는 괜찮았는데 비해 평점과 흥행수입은 되게 낮네요",
    "date": "14.06.28",
    "rating": "10",
    "author": "tnrp****",
    "review_id": "8864177",
    "movie_id": "40112"
  },
  {
    "review": "좀지루함 그리고또옛날꺼임",
    "date": "14.06.13",
    "rating": "3",
    "author": "zing****",
    "review_id": "8827038",
    "movie_id": "40112"
  },
  {
    "review": "순서대로 극장판을 봤기때문에 5기이후로 매년 실망감만 더해갔는데침몰하는배인  재난물에 도서추리까지 가는건가 싶었는데 다행히 약간의 추리적요소와 본격추리물구조는 유지되었다. 뻔한 반전이지만 존재한다는것과 코고로가 추리하는 의외성은 좋다",
    "date": "14.04.18",
    "rating": "8",
    "author": "inor****",
    "review_id": "8656396",
    "movie_id": "40112"
  },
  {
    "review": "짱! 재미있었다 . 코난 최고!",
    "date": "14.03.10",
    "rating": "10",
    "author": "here****",
    "review_id": "8567608",
    "movie_id": "40112"
  },
  {
    "review": "중간이 조금 지루했지만 최고!!!",
    "date": "14.02.26",
    "rating": "10",
    "author": "01mi****",
    "review_id": "8538416",
    "movie_id": "40112"
  },
  {
    "review": "스토리도 탄탄하고 몰입도도 좋았는데 액션씬이 좀 억지스러웠음 코난이 수상보트에서 공중으로 날아서 마취총 쏜 장면에서 육성으로 터짐ㅋㅋㅋ뜬금없이 구조대원은 왜 기절시켜ㅋㅋ천카나 칡추에서 보여준 액션에 비해 아쉬운 감이 있었음",
    "date": "14.02.16",
    "rating": "8",
    "author": "luck****",
    "review_id": "8513436",
    "movie_id": "40112"
  },
  {
    "review": "영원하라 명탐정코난 힘내 남도일",
    "date": "14.02.14",
    "rating": "10",
    "author": "hjl9****",
    "review_id": "8507357",
    "movie_id": "40112"
  },
  {
    "review": "다 좋은데 란이가 배 침몰하는데 목걸이 주으러 가는 거 보고 빡돌아서 1점준다",
    "date": "14.02.06",
    "rating": "1",
    "author": "rmeo****",
    "review_id": "8478978",
    "movie_id": "40112"
  },
  {
    "review": "탄탄한 내용과 구성! 아들이 참 좋아해요~",
    "date": "14.02.03",
    "rating": "8",
    "author": "goon****",
    "review_id": "8470457",
    "movie_id": "40112"
  },
  {
    "review": "근데여...이런말돼나?왜이거개봉안하였나여?근데코난좋아영!!☆",
    "date": "14.01.31",
    "rating": "5",
    "author": "dust****",
    "review_id": "8457288",
    "movie_id": "40112"
  },
  {
    "review": "재밌어요.. 구조대원때문에 마음이 짠하기도했구요..",
    "date": "14.01.22",
    "rating": "10",
    "author": "snag****",
    "review_id": "8413047",
    "movie_id": "40112"
  },
  {
    "review": "코난짱~~멋짐ㅋ완전",
    "date": "14.01.22",
    "rating": "10",
    "author": "wldb****",
    "review_id": "8409682",
    "movie_id": "40112"
  },
  {
    "review": "전작보다는 지루함이 느껴졌지만 (추리만화니까 당연)반전이 있어서 놀랍다. 유명한 탐정의 활약도 대단했다.",
    "date": "14.01.10",
    "rating": "8",
    "author": "msop****",
    "review_id": "8367197",
    "movie_id": "40112"
  },
  {
    "review": "이극장판 정말재밋게봣네요",
    "date": "14.01.07",
    "rating": "10",
    "author": "op68****",
    "review_id": "8359032",
    "movie_id": "40112"
  },
  {
    "review": "굿굿!! 되게 재밌게잘봤어용♥♥",
    "date": "14.01.07",
    "rating": "10",
    "author": "3058****",
    "review_id": "8358418",
    "movie_id": "40112"
  },
  {
    "review": "코고로를 다시보게되는 극장판이었음ㅎㅎㅎ 멋졌다",
    "date": "14.01.02",
    "rating": "10",
    "author": "thn0****",
    "review_id": "8338010",
    "movie_id": "40112"
  },
  {
    "review": "개인적으로 본 코난극장판중에서 제일 별로",
    "date": "13.12.28",
    "rating": "7",
    "author": "qndy****",
    "review_id": "8317524",
    "movie_id": "40112"
  },
  {
    "review": "이거 짱 잼있음 코난 내가 코난 팬이라 ♥하기도 하고 ㅎㅎㅎ",
    "date": "13.12.22",
    "rating": "10",
    "author": "lyh6****",
    "review_id": "8273376",
    "movie_id": "40112"
  },
  {
    "review": "아이들의 만들어준목걸이가 코난의 생명을 구하다니! 감동 ㅠㅠ 이런걸짱은 영화상을 받아야해",
    "date": "13.12.19",
    "rating": "10",
    "author": "dbwo****",
    "review_id": "8244869",
    "movie_id": "40112"
  },
  {
    "review": "제가봤던코난극장판중에제일별로였던거같아요.... 예를들면그위급한상황에팔찌하나때문에구명보트에서내리는란의모습이너무억지스러웠어요",
    "date": "13.12.14",
    "rating": "7",
    "author": "odyo****",
    "review_id": "8213157",
    "movie_id": "40112"
  },
  {
    "review": "완전 잼썼어요!!!다음극장판도 기대되요~!!",
    "date": "13.12.11",
    "rating": "10",
    "author": "wjsw****",
    "review_id": "8206528",
    "movie_id": "40112"
  },
  {
    "review": "코닌짱장맨, 코난대박잘생김",
    "date": "13.12.02",
    "rating": "10",
    "author": "sksm****",
    "review_id": "8186129",
    "movie_id": "40112"
  },
  {
    "review": "★코난★하이바라★란★",
    "date": "13.12.02",
    "rating": "10",
    "author": "gksd****",
    "review_id": "8186045",
    "movie_id": "40112"
  },
  {
    "review": "역시, 코난이 짱이죠♡",
    "date": "13.11.13",
    "rating": "10",
    "author": "lsy2****",
    "review_id": "8135485",
    "movie_id": "40112"
  },
  {
    "review": "코난 완전짱!!!정말 짱이에요!!",
    "date": "13.11.12",
    "rating": "10",
    "author": "rhdm****",
    "review_id": "8133887",
    "movie_id": "40112"
  },
  {
    "review": "그냥 대박♥ 다음엔 뭐가 나올까?^0^",
    "date": "13.11.10",
    "rating": "10",
    "author": "dofq****",
    "review_id": "8130124",
    "movie_id": "40112"
  },
  {
    "review": "내가 코난을 10여년 전부터 봤는뎈ㅋ이거 진짴ㅋ병ㅋ맛ㅋ",
    "date": "13.11.03",
    "rating": "1",
    "author": "ds1h****",
    "review_id": "8112476",
    "movie_id": "40112"
  },
  {
    "review": "코난 역시  재밌어요 ~><",
    "date": "13.10.30",
    "rating": "10",
    "author": "hee0****",
    "review_id": "8100976",
    "movie_id": "40112"
  },
  {
    "review": "이게 추리냐 추리여. 그냥 알리바이 없는놈이 범인인데 이게 추리물이냐고. 간첩하고 이지스함 보안이 뭐 이리 부실해. 만화도 정도 것 이지 도를 넘어섰다.",
    "date": "13.10.23",
    "rating": "3",
    "author": "okay****",
    "review_id": "8082012",
    "movie_id": "40112"
  },
  {
    "review": "코난과 유명한 역시 멋있음!!!",
    "date": "13.10.20",
    "rating": "10",
    "author": "pbh0****",
    "review_id": "8074019",
    "movie_id": "40112"
  },
  {
    "review": "ㅋㅋ코난이라고 무조건 10점이제ㅋㅋㅋㅋ",
    "date": "13.10.19",
    "rating": "1",
    "author": "gn08****",
    "review_id": "8072070",
    "movie_id": "40112"
  },
  {
    "review": "모리 코고로의 대활약-마취가 효과가 있었나ㅋㅋ",
    "date": "13.10.18",
    "rating": "9",
    "author": "hone****",
    "review_id": "8069696",
    "movie_id": "40112"
  },
  {
    "review": "코난 짱 ! 귀욥돋아요♥ 안그런척하면서 미란이를 은근챙겨주네요^^ 코난님?",
    "date": "13.10.08",
    "rating": "10",
    "author": "qqwe****",
    "review_id": "8044035",
    "movie_id": "40112"
  },
  {
    "review": "재밋어보뮤 꼭보고싶드ㅏ",
    "date": "13.10.06",
    "rating": "10",
    "author": "sha6****",
    "review_id": "8039810",
    "movie_id": "40112"
  },
  {
    "review": "코난 좋아요~ㅎㅎ 또 코난 사랑합니다.~♡",
    "date": "13.10.05",
    "rating": "10",
    "author": "jame****",
    "review_id": "8038168",
    "movie_id": "40112"
  },
  {
    "review": "좋다.굿ㅣ어ㅘㄴ버ㅜ",
    "date": "13.10.05",
    "rating": "10",
    "author": "choc****",
    "review_id": "8037187",
    "movie_id": "40112"
  },
  {
    "review": "이번꺼 감동적이에요!정말 잘 봤습니다!!앞으로도 화이팅!",
    "date": "13.10.05",
    "rating": "10",
    "author": "kuro****",
    "review_id": "8036821",
    "movie_id": "40112"
  },
  {
    "review": "스릴만점 감동만점 대박이예요 추천합니다",
    "date": "13.10.05",
    "rating": "10",
    "author": "glzn****",
    "review_id": "8036520",
    "movie_id": "40112"
  },
  {
    "review": "0w0 bb 허허 코난 짜세",
    "date": "13.10.04",
    "rating": "10",
    "author": "1234****",
    "review_id": "8033774",
    "movie_id": "40112"
  },
  {
    "review": "짱짱!b 역시 코난이 진리 코고로아저씨 좀 멋있던편 엔딩할때 자드님목소리넘좋으무ㅠ",
    "date": "13.09.28",
    "rating": "10",
    "author": "lees****",
    "review_id": "8020054",
    "movie_id": "40112"
  },
  {
    "review": "굿",
    "date": "13.09.21",
    "rating": "10",
    "author": "khjj****",
    "review_id": "8004338",
    "movie_id": "40112"
  },
  {
    "review": "추리극이아닌  코메디를 보는 느낌. 코난을 만들기 싫어서 적당히 만들었네요.",
    "date": "13.09.20",
    "rating": "4",
    "author": "driv****",
    "review_id": "8002577",
    "movie_id": "40112"
  },
  {
    "review": "너무너무 재밌닿ㅎㅎㅎ",
    "date": "13.09.20",
    "rating": "10",
    "author": "thfl****",
    "review_id": "8000939",
    "movie_id": "40112"
  },
  {
    "review": "개꿀잼이다. 원래 극장판이란 극장판은 집컴으로 다 보고가는데도 이건 재밌다. 다시봐도 재밌음. 또보라고 하면 또봐도 됨. 볼때마다 흥미진진하고 마지막에 유명한이 추리하는 장면 진짜 잘나옴.",
    "date": "13.09.20",
    "rating": "10",
    "author": "minj****",
    "review_id": "7999665",
    "movie_id": "40112"
  },
  {
    "review": "차라리 TV판이 나은듯, 보다 잤음",
    "date": "13.09.12",
    "rating": "2",
    "author": "kore****",
    "review_id": "7969513",
    "movie_id": "40112"
  },
  {
    "review": "최고!",
    "date": "13.09.09",
    "rating": "10",
    "author": "ekwl****",
    "review_id": "7961363",
    "movie_id": "40112"
  },
  {
    "review": "왜 2005년 작이 올해 극장 개봉 한건가요?그리고 투니버스에서 이거랑 거이 비슷한 줄거리에 코난(똑같은 선장 등장) 본적이 있는데 뭔지 아시는분?",
    "date": "13.09.08",
    "rating": "7",
    "author": "lgom****",
    "review_id": "7958278",
    "movie_id": "40112"
  },
  {
    "review": "최고에요",
    "date": "13.09.07",
    "rating": "10",
    "author": "dhmo****",
    "review_id": "7955196",
    "movie_id": "40112"
  },
  {
    "review": "코난 팬심으로 관람했습니다만, 역시 이 영화를 처음 봤을 때처럼 아쉬움이 많이 남습니다. 추리 과정이 지루해서 졸립더라구요. 진격의 코고로 탐정 빼곤 뭔가 아쉬움이 남는 전개. 일단 겨울 개봉할 극장판을 기대해봅니다. 10기라고 하던데 기다려지네요.",
    "date": "13.09.07",
    "rating": "7",
    "author": "syli****",
    "review_id": "7954059",
    "movie_id": "40112"
  },
  {
    "review": "명탐정 코난 이번 극장판 재미잇엇고 스릴잇엇습니다~~  다음 극장판 기대하게 만드네요~~~  뭐...  항상 그래 왓지만...그래서 저는 맬 극장판  나오면 어떻게든 보려한답니다~~^^  항상 재미잇는 코난이니까요~",
    "date": "13.09.04",
    "rating": "10",
    "author": "dbsc****",
    "review_id": "7947598",
    "movie_id": "40112"
  },
  {
    "review": "완전 재밌어요!!!",
    "date": "13.09.03",
    "rating": "10",
    "author": "cowg****",
    "review_id": "7945514",
    "movie_id": "40112"
  },
  {
    "review": "ㅁㅈㅎ",
    "date": "13.09.02",
    "rating": "1",
    "author": "kjk1****",
    "review_id": "7944302",
    "movie_id": "40112"
  },
  {
    "review": "저는정말재밌게보구 코난사랑해요♥♥♥",
    "date": "13.09.02",
    "rating": "10",
    "author": "kmi5****",
    "review_id": "7943817",
    "movie_id": "40112"
  },
  {
    "review": "예전에 코난극장판 전편받아서 본적있었는데...새로나온건줄알고봄..ㅠㅠ 그래도 코난은 잼써",
    "date": "13.09.02",
    "rating": "9",
    "author": "soul****",
    "review_id": "7942375",
    "movie_id": "40112"
  },
  {
    "review": "보고싶어요",
    "date": "13.09.01",
    "rating": "10",
    "author": "chy6****",
    "review_id": "7941438",
    "movie_id": "40112"
  },
  {
    "review": "재밌다!!!빨리 다른것도나와라!!!",
    "date": "13.09.01",
    "rating": "10",
    "author": "lees****",
    "review_id": "7941226",
    "movie_id": "40112"
  },
  {
    "review": "아..... 역시 제가 코난 빠순이라 그런지 좋다~",
    "date": "13.09.01",
    "rating": "10",
    "author": "zhfk****",
    "review_id": "7940297",
    "movie_id": "40112"
  },
  {
    "review": "코난의 다른작보단 스릴이 덜했던거같지만 역시 코난!",
    "date": "13.09.01",
    "rating": "9",
    "author": "heij****",
    "review_id": "7940083",
    "movie_id": "40112"
  },
  {
    "review": "좋다",
    "date": "13.09.01",
    "rating": "10",
    "author": "shoc****",
    "review_id": "7939925",
    "movie_id": "40112"
  },
  {
    "review": "내가 이래서 코난오덕후를 못 벗어나는거야..",
    "date": "13.09.01",
    "rating": "10",
    "author": "ghkt****",
    "review_id": "7939760",
    "movie_id": "40112"
  },
  {
    "review": "tv판보다 못한 극장판...그러나 코난은 코난이다...",
    "date": "13.09.01",
    "rating": "6",
    "author": "kara****",
    "review_id": "7939030",
    "movie_id": "40112"
  },
  {
    "review": "역시 코난이야~! 겨울방학 때 또 봐야지.글고 유명한 대박!",
    "date": "13.08.30",
    "rating": "10",
    "author": "aldl****",
    "review_id": "7935899",
    "movie_id": "40112"
  },
  {
    "review": "오타쿠들이여 !!!! 진격하라!!!!!!!!!!!!!ㅋㅋㅋㅋㅋㅋㅋㅋㅋㅋㅋㅋㅋㅋㅋㅋㅋㅋ",
    "date": "13.08.30",
    "rating": "1",
    "author": "jh17****",
    "review_id": "7934031",
    "movie_id": "40112"
  },
  {
    "review": "아 코난 사랑해 ㅠ 겨울이 빨리 왔으면 좋겠다 ...",
    "date": "13.08.29",
    "rating": "10",
    "author": "lo22****",
    "review_id": "7933088",
    "movie_id": "40112"
  },
  {
    "review": "언제까지 우려 마실거임? ㅅㄱ",
    "date": "13.08.29",
    "rating": "1",
    "author": "jsga****",
    "review_id": "7932600",
    "movie_id": "40112"
  },
  {
    "review": "코난은 언제나 멋있음",
    "date": "13.08.29",
    "rating": "10",
    "author": "qkrg****",
    "review_id": "7932507",
    "movie_id": "40112"
  },
  {
    "review": "69나",
    "date": "13.08.29",
    "rating": "10",
    "author": "sksq****",
    "review_id": "7932412",
    "movie_id": "40112"
  },
  {
    "review": "이 언제적 일본극장판을 지금 내놓는거냐...역시 극장판은 베이커가의망령이 갑이었지...점점갈수록 질리는 패턴의 스토리... 그냥 코난본편 보는게 훨배 낫다",
    "date": "13.08.29",
    "rating": "6",
    "author": "thsa****",
    "review_id": "7931409",
    "movie_id": "40112"
  },
  {
    "review": "유명한 아저씨 맷집좋으시네 ㅋㅋㅋㅋㅋ",
    "date": "13.08.28",
    "rating": "10",
    "author": "kkh0****",
    "review_id": "7930285",
    "movie_id": "40112"
  },
  {
    "review": "걍 코난은 다 쩔음 대박임",
    "date": "13.08.28",
    "rating": "10",
    "author": "jand****",
    "review_id": "7930193",
    "movie_id": "40112"
  },
  {
    "review": "코난!!",
    "date": "13.08.28",
    "rating": "10",
    "author": "sjfk****",
    "review_id": "7930028",
    "movie_id": "40112"
  },
  {
    "review": "코난짱!!",
    "date": "13.08.28",
    "rating": "10",
    "author": "wls3****",
    "review_id": "7929899",
    "movie_id": "40112"
  },
  {
    "review": "평소 코난 자주 보는데 완전 재미있었고, 유명한이 대박이었다!!!!!!!!11",
    "date": "13.08.28",
    "rating": "10",
    "author": "gksm****",
    "review_id": "7929716",
    "movie_id": "40112"
  },
  {
    "review": "재미잇어고 즐거움요 ㅎㅎ배에서  사건  대박ㅋㅋㅋㅋ나  코난팬임ㅋㅋㅋㅋ",
    "date": "13.08.27",
    "rating": "10",
    "author": "kyh8****",
    "review_id": "7926360",
    "movie_id": "40112"
  },
  {
    "review": "몸은 작아졌어도 두뇌는 그대로!미궁을 모른 명탐정!진실은 언제나 하나!",
    "date": "13.08.26",
    "rating": "10",
    "author": "wldn****",
    "review_id": "7925700",
    "movie_id": "40112"
  },
  {
    "review": "코난 대박",
    "date": "13.08.26",
    "rating": "10",
    "author": "0jin****",
    "review_id": "7925429",
    "movie_id": "40112"
  },
  {
    "review": "초굿 강추",
    "date": "13.08.26",
    "rating": "10",
    "author": "mc54****",
    "review_id": "7925376",
    "movie_id": "40112"
  },
  {
    "review": "유명한이 난생 첨( ? ) 으로 추리를 맞추었어 ^^",
    "date": "13.08.26",
    "rating": "10",
    "author": "twca****",
    "review_id": "7924951",
    "movie_id": "40112"
  }
]