[
  {
    "review": "소재는 좋고 영화가 전해주는 의미도 좋은데 이야기가 너무 정신사납고 관람객을 끌어당길만한 흥미가 없었다고 봅니다.",
    "date": "15.07.25",
    "rating": "5",
    "author": "kims****",
    "review_id": "10141410",
    "movie_id": "40117"
  },
  {
    "review": "지금, 만나러 갑니다의 아카이브 별같은 느낌?",
    "date": "15.06.06",
    "rating": "8",
    "author": "lisa****",
    "review_id": "9978648",
    "movie_id": "40117"
  },
  {
    "review": "유코가  워낙 청순하나 원작인    대만영화 성원을 보고봐서 그런지  좀  아쉬운영화",
    "date": "14.10.08",
    "rating": "7",
    "author": "wjdc****",
    "review_id": "9273335",
    "movie_id": "40117"
  },
  {
    "review": "마음을 치유하는 영화 ... 재밌다",
    "date": "14.08.21",
    "rating": "10",
    "author": "lish****",
    "review_id": "9119153",
    "movie_id": "40117"
  },
  {
    "review": "피아노로 치던 그  음악이 아직도 인상깊네요~",
    "date": "14.07.29",
    "rating": "9",
    "author": "bibl****",
    "review_id": "8979268",
    "movie_id": "40117"
  },
  {
    "review": "마지막 폭죽의 화려한 피날레. 모든 끈의 연결점이 완성되는 순간",
    "date": "13.11.11",
    "rating": "10",
    "author": "aqsd****",
    "review_id": "8131217",
    "movie_id": "40117"
  },
  {
    "review": "타케우치 유코의 미소를 보면 내 마음이 웃고 그녀가 울면 내 가슴도 운다!  정말 아름다운 그녀 타케우치 유코! 그녀가 나오기에 이 영화도 아름답다!",
    "date": "13.08.28",
    "rating": "9",
    "author": "jgh9****",
    "review_id": "7929949",
    "movie_id": "40117"
  },
  {
    "review": "조금은 황당한 소재이지만 역시나 사랑과 관심이라는 테마로 시작해서 마무리 또한 그렇게 정리되어지는 아주 따뜻한 영화입니다",
    "date": "13.01.24",
    "rating": "8",
    "author": "habb****",
    "review_id": "7162886",
    "movie_id": "40117"
  },
  {
    "review": "뭔가, 뜬금포라는 생각 드는게 개연성이 부족한 것 같다. 7점 + 다케우치 유코 버프받아서 8점 준다.",
    "date": "13.01.21",
    "rating": "8",
    "author": "ilio****",
    "review_id": "7141739",
    "movie_id": "40117"
  },
  {
    "review": "전체적으로 괜찮았습니당.",
    "date": "12.09.08",
    "rating": "9",
    "author": "ciub****",
    "review_id": "6679054",
    "movie_id": "40117"
  },
  {
    "review": "다케우치 유코로 시작해서 다케우치 유코로 끝나는영화",
    "date": "12.08.09",
    "rating": "10",
    "author": "kys0****",
    "review_id": "6584730",
    "movie_id": "40117"
  },
  {
    "review": "소재는 나쁘지 않았으나, 이야기 구조가 너무 느슨하다, 이 영화는 다케우치 유코 아니였으면 그냥 그랬을 영화, 다케우치 유코 연기 잘하네,",
    "date": "12.07.13",
    "rating": "5",
    "author": "emin****",
    "review_id": "6474148",
    "movie_id": "40117"
  },
  {
    "review": "나에게 감동하라고 강요하지만 감동은 이미 엎어진 물처럼 다시 주워 담을 수 없었다",
    "date": "12.06.04",
    "rating": "5",
    "author": "bung****",
    "review_id": "6362256",
    "movie_id": "40117"
  },
  {
    "review": "타카우치 유코의 색다른 모습(카나코)도 좋네요. 그외 영화적으로 좀 실망이지만...",
    "date": "12.05.15",
    "rating": "7",
    "author": "chod****",
    "review_id": "6301613",
    "movie_id": "40117"
  },
  {
    "review": "so so",
    "date": "12.04.30",
    "rating": "4",
    "author": "isei****",
    "review_id": "6261385",
    "movie_id": "40117"
  },
  {
    "review": "완전 감동적이 였다ㅠㅠ",
    "date": "12.04.05",
    "rating": "10",
    "author": "rlad****",
    "review_id": "6194189",
    "movie_id": "40117"
  },
  {
    "review": "나름 괜찮네",
    "date": "12.04.03",
    "rating": "10",
    "author": "mool****",
    "review_id": "6191126",
    "movie_id": "40117"
  },
  {
    "review": "한은정이 생각난다~~~~~이뻐",
    "date": "11.12.28",
    "rating": "7",
    "author": "airk****",
    "review_id": "5941782",
    "movie_id": "40117"
  },
  {
    "review": "한번쯤 해봤던 상상의 영화화..슬프고 아름다웠다..연화!",
    "date": "11.12.08",
    "rating": "10",
    "author": "swee****",
    "review_id": "5895211",
    "movie_id": "40117"
  },
  {
    "review": "원작보다는 못한 감이 있는 것 같았다. 영화화라길래 기대했었는데 조금 실망스럽다.",
    "date": "11.08.13",
    "rating": "8",
    "author": "jmk9****",
    "review_id": "5645561",
    "movie_id": "40117"
  },
  {
    "review": "감동적이에요~~~",
    "date": "11.05.31",
    "rating": "10",
    "author": "dmsd****",
    "review_id": "5458627",
    "movie_id": "40117"
  },
  {
    "review": "내용참..유코팬만 보기 바란다",
    "date": "11.05.14",
    "rating": "6",
    "author": "l_dl****",
    "review_id": "5427977",
    "movie_id": "40117"
  },
  {
    "review": "다소 지루한 이야기, 타케우치 유코만이 빛났다.",
    "date": "11.05.14",
    "rating": "6",
    "author": "woos****",
    "review_id": "5426980",
    "movie_id": "40117"
  },
  {
    "review": "마지막 장면 , 잊을수없네.. 그 눈빛........",
    "date": "11.04.26",
    "rating": "10",
    "author": "ll3l****",
    "review_id": "5392533",
    "movie_id": "40117"
  },
  {
    "review": "감동과 아름다움이있다 ~~~~~~~~",
    "date": "11.02.16",
    "rating": "8",
    "author": "fnsk****",
    "review_id": "5247908",
    "movie_id": "40117"
  },
  {
    "review": "유코와 천국은 참 잘어울렸다. 마지막 불꽃놀이 만을 위한 스토리 였다.",
    "date": "11.02.13",
    "rating": "6",
    "author": "kimg****",
    "review_id": "5240904",
    "movie_id": "40117"
  },
  {
    "review": "한편에 막장 드라마를 본 느낌이다 타케우치 유코라해도 용서가 안된다",
    "date": "10.11.24",
    "rating": "3",
    "author": "92gu****",
    "review_id": "4984884",
    "movie_id": "40117"
  },
  {
    "review": "아름다운 음악과 불꽃의 조화 그리고 유코의 아름다운 미소가 있는 영화",
    "date": "10.11.19",
    "rating": "8",
    "author": "maze****",
    "review_id": "4970986",
    "movie_id": "40117"
  },
  {
    "review": "말도 안될뻔한 독특한 소재를 정말 아름답게 표현했다. 무엇보다 순수함이 좋았다.",
    "date": "10.11.03",
    "rating": "10",
    "author": "leoi****",
    "review_id": "4936655",
    "movie_id": "40117"
  },
  {
    "review": "초반에는 이게 뭐야 했다가 결말부분가면 감탄이 절로..",
    "date": "10.10.05",
    "rating": "10",
    "author": "vonr****",
    "review_id": "4886474",
    "movie_id": "40117"
  },
  {
    "review": "우연히 보게된 영화인데 정말 잔잔한 감동이 있는 영화였습니다. 잘 봤습니다.",
    "date": "10.10.03",
    "rating": "10",
    "author": "hms0****",
    "review_id": "4881386",
    "movie_id": "40117"
  },
  {
    "review": "난 최고인데... 전문가 평점이랑 네티즌평점이 극과 극을달리네..ㅋ",
    "date": "10.09.21",
    "rating": "10",
    "author": "1361****",
    "review_id": "4854208",
    "movie_id": "40117"
  },
  {
    "review": "타케우치 유코가 너무 예쁩니다.",
    "date": "10.09.20",
    "rating": "10",
    "author": "seun****",
    "review_id": "4849775",
    "movie_id": "40117"
  },
  {
    "review": "ㅋㅋ 재밌당",
    "date": "10.09.02",
    "rating": "10",
    "author": "jung****",
    "review_id": "4811316",
    "movie_id": "40117"
  },
  {
    "review": "다케우치 유코에 반에서 나오는건 다 찾아봤네여",
    "date": "10.06.26",
    "rating": "10",
    "author": "sgri****",
    "review_id": "4591880",
    "movie_id": "40117"
  },
  {
    "review": "타케우치 유코만 보였다.",
    "date": "10.05.03",
    "rating": "7",
    "author": "jjon****",
    "review_id": "4473850",
    "movie_id": "40117"
  },
  {
    "review": "소재의 특이함이 역시 일본영화라는걸 깨닫게 해준다",
    "date": "10.04.04",
    "rating": "7",
    "author": "wngu****",
    "review_id": "4410290",
    "movie_id": "40117"
  },
  {
    "review": "마지막유코 웃는모습 너무이쁨 ㅋ",
    "date": "10.03.22",
    "rating": "10",
    "author": "j0s0****",
    "review_id": "4377665",
    "movie_id": "40117"
  },
  {
    "review": "잼난다 ㅋㅋ",
    "date": "10.03.06",
    "rating": "10",
    "author": "igua****",
    "review_id": "4339831",
    "movie_id": "40117"
  },
  {
    "review": "영화는 원작보다 조금더 차분한 느낌...그래도 원작을 잘 살린편이라 추천!",
    "date": "10.02.10",
    "rating": "9",
    "author": "qrg2****",
    "review_id": "4266622",
    "movie_id": "40117"
  },
  {
    "review": "천국에 대한 새로운 인상을 심어주었디.",
    "date": "10.02.10",
    "rating": "9",
    "author": "dudg****",
    "review_id": "4266351",
    "movie_id": "40117"
  },
  {
    "review": "폭죽처럼 강한 인상을남겨주고 여운을주는 영화 정말아름답네요. 유코짱",
    "date": "10.02.07",
    "rating": "10",
    "author": "scho****",
    "review_id": "4255948",
    "movie_id": "40117"
  },
  {
    "review": "소재나 배우들, 분위기는 상당히 좋았는데 먼가 2%부족한..",
    "date": "09.11.27",
    "rating": "7",
    "author": "wind****",
    "review_id": "3996403",
    "movie_id": "40117"
  },
  {
    "review": "유코 짱이다..",
    "date": "09.10.26",
    "rating": "10",
    "author": "fine****",
    "review_id": "3916319",
    "movie_id": "40117"
  },
  {
    "review": "판타지로맨스는 그저 순수하게 감독의 천국에 대한 상상력을 느낀다면, 예쁜영화.",
    "date": "09.10.06",
    "rating": "8",
    "author": "hjhh****",
    "review_id": "3877324",
    "movie_id": "40117"
  },
  {
    "review": "천국인과 지상인의 사랑. 새로운 사랑이야기. 겐타도 자살을 시도한 것이었나.",
    "date": "09.08.08",
    "rating": "8",
    "author": "5292****",
    "review_id": "3721809",
    "movie_id": "40117"
  },
  {
    "review": "성질 급한 사람은 보다 답답해서 열받을듯",
    "date": "09.07.18",
    "rating": "8",
    "author": "jaia****",
    "review_id": "3644298",
    "movie_id": "40117"
  },
  {
    "review": "잔잔하면서도 감동있고 맘이 따뜻해지는 예쁜영화 ㅋㅋ 난 강추!",
    "date": "09.07.16",
    "rating": "9",
    "author": "bewi****",
    "review_id": "3636929",
    "movie_id": "40117"
  },
  {
    "review": "영상은 예쁘다 유코도 예쁘다 근데...",
    "date": "09.05.06",
    "rating": "7",
    "author": "thun****",
    "review_id": "3475836",
    "movie_id": "40117"
  },
  {
    "review": "사랑을 하고 있거나 사랑했던 기억이 남은 사람은 이 영화의 의미를 알 것이다.",
    "date": "09.04.30",
    "rating": "8",
    "author": "1988****",
    "review_id": "3451061",
    "movie_id": "40117"
  },
  {
    "review": "잔잔하면서 정말 좋았다 유코 너무 예뻐",
    "date": "09.04.18",
    "rating": "10",
    "author": "whit****",
    "review_id": "3427462",
    "movie_id": "40117"
  },
  {
    "review": "소재가 독특하고 여자주인공이 내스타일이여서 좋았다.",
    "date": "09.04.10",
    "rating": "8",
    "author": "kook****",
    "review_id": "3413641",
    "movie_id": "40117"
  },
  {
    "review": "따뜻하지만.. 조금 부족한 감동...",
    "date": "09.03.12",
    "rating": "8",
    "author": "myzq****",
    "review_id": "3360724",
    "movie_id": "40117"
  },
  {
    "review": "보면서좀된영환가싶었는데...결국보다껐음일본영화좋아하지만너무지루",
    "date": "09.03.11",
    "rating": "6",
    "author": "supe****",
    "review_id": "3359672",
    "movie_id": "40117"
  },
  {
    "review": "감정 이입하기 힘든 신파중 최고봉",
    "date": "09.02.25",
    "rating": "1",
    "author": "wrap****",
    "review_id": "3331022",
    "movie_id": "40117"
  },
  {
    "review": "이런 영화 좋아하지만 이건 별루",
    "date": "09.01.06",
    "rating": "6",
    "author": "love****",
    "review_id": "3195842",
    "movie_id": "40117"
  },
  {
    "review": "전형적인 일본 로맨스",
    "date": "08.12.07",
    "rating": "8",
    "author": "h_fr****",
    "review_id": "3098515",
    "movie_id": "40117"
  },
  {
    "review": "가슴 따뜻하지만... 지루한 건 어쩔 수 없어.",
    "date": "08.10.12",
    "rating": "6",
    "author": "pupp****",
    "review_id": "2996287",
    "movie_id": "40117"
  },
  {
    "review": "잔잔하면서도 정말 가슴이 따뜻해지는 영화인거 같네요 너무 감동적...",
    "date": "08.09.23",
    "rating": "10",
    "author": "dugi****",
    "review_id": "2965248",
    "movie_id": "40117"
  },
  {
    "review": "다케우치 유코때문에 봤다. 그냥 본것에 만족했다.",
    "date": "08.09.19",
    "rating": "5",
    "author": "nbin****",
    "review_id": "2957464",
    "movie_id": "40117"
  },
  {
    "review": "가슴따뜻...",
    "date": "08.09.06",
    "rating": "10",
    "author": "ghdg****",
    "review_id": "2925942",
    "movie_id": "40117"
  },
  {
    "review": "딱 일본영화",
    "date": "08.09.06",
    "rating": "8",
    "author": "lllm****",
    "review_id": "2925034",
    "movie_id": "40117"
  },
  {
    "review": "음악이 좋았으면 내가 말을 안해.",
    "date": "08.08.25",
    "rating": "6",
    "author": "side****",
    "review_id": "2901140",
    "movie_id": "40117"
  },
  {
    "review": "어쩔 수 없이 자꾸 원작과 비교하게 되는데 상상 속의 서점과 너무 달라서 실망ㅠ",
    "date": "08.08.13",
    "rating": "8",
    "author": "tugy****",
    "review_id": "2868555",
    "movie_id": "40117"
  },
  {
    "review": "일본영화답고 유코답다는 생각이 듭니다.",
    "date": "08.08.12",
    "rating": "10",
    "author": "qlrj****",
    "review_id": "2866093",
    "movie_id": "40117"
  },
  {
    "review": "감동적인 영화 재밌게봤습니다.",
    "date": "08.08.10",
    "rating": "10",
    "author": "77ar****",
    "review_id": "2858864",
    "movie_id": "40117"
  },
  {
    "review": "잔잔하고 긴 여운... 좋네요.",
    "date": "08.08.07",
    "rating": "9",
    "author": "burn****",
    "review_id": "2844442",
    "movie_id": "40117"
  },
  {
    "review": "이런 잔잔한 감동도 좋지만, 그래도 난 가슴 벅차 오르는 감동이 더 좋더라",
    "date": "08.07.23",
    "rating": "7",
    "author": "seri****",
    "review_id": "2796790",
    "movie_id": "40117"
  },
  {
    "review": "신선한소재, 다케우치유코, 그리고 뭔가 깨달은 듯한; 좋은영화네요~",
    "date": "08.07.22",
    "rating": "10",
    "author": "xosu****",
    "review_id": "2792923",
    "movie_id": "40117"
  },
  {
    "review": "일본영화의 매력이 물씬 풍긴다,",
    "date": "08.07.16",
    "rating": "10",
    "author": "supe****",
    "review_id": "2768932",
    "movie_id": "40117"
  },
  {
    "review": "서정적인 시한편을 읽은듯한 화면과 편안한 분위기",
    "date": "08.07.06",
    "rating": "8",
    "author": "jung****",
    "review_id": "2744778",
    "movie_id": "40117"
  },
  {
    "review": "조용히 감상하기에 좋은 영화",
    "date": "08.07.05",
    "rating": "8",
    "author": "peng****",
    "review_id": "2741894",
    "movie_id": "40117"
  },
  {
    "review": "마음이 편안해지는 그런 영화,,,",
    "date": "08.06.21",
    "rating": "10",
    "author": "hang****",
    "review_id": "2711836",
    "movie_id": "40117"
  },
  {
    "review": "잔잔한 감동과 유코상의 미소~",
    "date": "08.06.21",
    "rating": "10",
    "author": "hrst****",
    "review_id": "2711832",
    "movie_id": "40117"
  },
  {
    "review": "배경도 좋았고, 여러가지로 기분좋게 만들어주는 영화였던것 같아요.",
    "date": "08.06.18",
    "rating": "9",
    "author": "hauk****",
    "review_id": "2706220",
    "movie_id": "40117"
  },
  {
    "review": "이쁜척 하려다가 막상 꾸미질 못했네",
    "date": "08.06.15",
    "rating": "6",
    "author": "dlxo****",
    "review_id": "2699805",
    "movie_id": "40117"
  },
  {
    "review": "일본영화의 소박함이 좋지만...... 이건 정말 잔잔함만있을뿐,,,,",
    "date": "08.06.03",
    "rating": "5",
    "author": "nobo****",
    "review_id": "2677145",
    "movie_id": "40117"
  },
  {
    "review": "예쁜 영화~",
    "date": "08.05.13",
    "rating": "8",
    "author": "smar****",
    "review_id": "2639670",
    "movie_id": "40117"
  },
  {
    "review": "유코의 얼굴처럼, 예쁘고 다소곳하고 굴곡없이 얌전한 영화네요.",
    "date": "08.05.10",
    "rating": "5",
    "author": "rap4****",
    "review_id": "2630248",
    "movie_id": "40117"
  },
  {
    "review": "아 눈물나",
    "date": "08.04.28",
    "rating": "10",
    "author": "hyod****",
    "review_id": "2603664",
    "movie_id": "40117"
  },
  {
    "review": "이쁘다",
    "date": "08.04.18",
    "rating": "10",
    "author": "dbsg****",
    "review_id": "2587259",
    "movie_id": "40117"
  },
  {
    "review": "보고나면 마음이 따뜻한 영화",
    "date": "08.04.16",
    "rating": "10",
    "author": "zive****",
    "review_id": "2584057",
    "movie_id": "40117"
  },
  {
    "review": "따뜻한 상상력. 그러나 뻔히 보이는 시나리오.",
    "date": "08.04.14",
    "rating": "6",
    "author": "khkk****",
    "review_id": "2580892",
    "movie_id": "40117"
  },
  {
    "review": "오늘 새벽에 KBS1TV에서 이거 하더군요.. 첨봤는데.. 감동이네요!",
    "date": "08.04.14",
    "rating": "10",
    "author": "dick****",
    "review_id": "2580577",
    "movie_id": "40117"
  },
  {
    "review": "착해졌다.",
    "date": "08.04.14",
    "rating": "8",
    "author": "plzb****",
    "review_id": "2580512",
    "movie_id": "40117"
  },
  {
    "review": "독특한 설정 엔딩 굿",
    "date": "08.04.14",
    "rating": "10",
    "author": "circ****",
    "review_id": "2580333",
    "movie_id": "40117"
  },
  {
    "review": "보고나면 정말 기분좋아지는 영화",
    "date": "08.04.14",
    "rating": "10",
    "author": "dong****",
    "review_id": "2580231",
    "movie_id": "40117"
  },
  {
    "review": "음 맘에들어",
    "date": "08.04.13",
    "rating": "10",
    "author": "shet****",
    "review_id": "2579289",
    "movie_id": "40117"
  },
  {
    "review": "작품에 비해 너무 평점이 높게 잡힌듯해서 억지로...",
    "date": "08.04.06",
    "rating": "1",
    "author": "ohmy****",
    "review_id": "2561840",
    "movie_id": "40117"
  },
  {
    "review": "연화가 터질때..눈물이..으흐흑..",
    "date": "08.03.24",
    "rating": "9",
    "author": "nuzz****",
    "review_id": "2540659",
    "movie_id": "40117"
  },
  {
    "review": "보고 나니 상쾌해지는 느낌이었던 영화!*",
    "date": "08.02.29",
    "rating": "10",
    "author": "pelu****",
    "review_id": "2492546",
    "movie_id": "40117"
  },
  {
    "review": "언제나 한결같은 유코상 ㅠ",
    "date": "08.02.16",
    "rating": "10",
    "author": "ehdc****",
    "review_id": "2450960",
    "movie_id": "40117"
  },
  {
    "review": "^^좋네요 역시 다케우치유코 연기에 넘 감동적이였다는(감정이벅차오르는표정)",
    "date": "08.02.16",
    "rating": "8",
    "author": "kitt****",
    "review_id": "2449620",
    "movie_id": "40117"
  },
  {
    "review": ".. 다케우치 너무 잘나왔다..ㅜㅜ에라 10점주면 평점 8되네?",
    "date": "08.02.10",
    "rating": "10",
    "author": "twin****",
    "review_id": "2429550",
    "movie_id": "40117"
  },
  {
    "review": "끝까지 훈훈한내용이었습니다~ 마지막에 감동이었네요~ 연화도 아름다웠고...",
    "date": "08.02.09",
    "rating": "10",
    "author": "san7****",
    "review_id": "2426188",
    "movie_id": "40117"
  },
  {
    "review": "내용도 좋았고, 유코도 좋았다. 가슴도 따뜻해지고.",
    "date": "08.02.02",
    "rating": "9",
    "author": "juny****",
    "review_id": "2400290",
    "movie_id": "40117"
  },
  {
    "review": "훈훈한 결말이 좋네요 ㅎㅎ",
    "date": "08.02.02",
    "rating": "10",
    "author": "pama****",
    "review_id": "2397281",
    "movie_id": "40117"
  },
  {
    "review": "나에게 주는 선물..",
    "date": "08.01.29",
    "rating": "10",
    "author": "yun5****",
    "review_id": "2386101",
    "movie_id": "40117"
  },
  {
    "review": "무난한 정도..",
    "date": "08.01.19",
    "rating": "8",
    "author": "1pim****",
    "review_id": "2345042",
    "movie_id": "40117"
  },
  {
    "review": "사랑은 연화와 영원을 타고.....",
    "date": "08.01.18",
    "rating": "6",
    "author": "typo****",
    "review_id": "2343753",
    "movie_id": "40117"
  }
]