[
  {
    "review": "로맨틱한최고의영화^^ 그대 내가슴속에",
    "date": "14.01.30",
    "rating": "10",
    "author": "dudt****",
    "review_id": "8450461",
    "movie_id": "40118"
  },
  {
    "review": "문화 차이때문에 어쩔수없이 떨어지는 평점 개고기먹는다고 뭐라하는거랑 똑같지뭐 영화는 재밌었는데",
    "date": "14.01.30",
    "rating": "10",
    "author": "junh****",
    "review_id": "8448252",
    "movie_id": "40118"
  },
  {
    "review": "최고 소중한게뭔지알게해주는 따듯하고흥미로운영화. 연인도좋그가족도좋을듯아버지와아들씬에서울었다ㅠ 부모님과다시보고싶다",
    "date": "13.12.19",
    "rating": "10",
    "author": "now2****",
    "review_id": "8237179",
    "movie_id": "40118"
  },
  {
    "review": "어제 평점에 속아 봐버렸다. 완전 숙취했다 ㅡㅡ;",
    "date": "13.12.15",
    "rating": "3",
    "author": "saro****",
    "review_id": "8215884",
    "movie_id": "40118"
  },
  {
    "review": "이 재미있는 영화가 왜 이래..",
    "date": "13.12.09",
    "rating": "10",
    "author": "seok****",
    "review_id": "8201361",
    "movie_id": "40118"
  },
  {
    "review": "이런 사랑 나도 해 봤으면 좋겠다. 영화 같은 사랑.",
    "date": "13.01.29",
    "rating": "10",
    "author": "wpst****",
    "review_id": "7193809",
    "movie_id": "40118"
  },
  {
    "review": "평점 왜이렇게낮음? 낮아봤자 7점정도인 영화인것같은데 난 지루할틈없이 봤음 평점에낚이지말고 보고싶으면 보세용",
    "date": "13.01.29",
    "rating": "10",
    "author": "924_****",
    "review_id": "7192685",
    "movie_id": "40118"
  },
  {
    "review": "재밋기만한대",
    "date": "13.01.16",
    "rating": "10",
    "author": "zook****",
    "review_id": "7122687",
    "movie_id": "40118"
  },
  {
    "review": "볼만은 했었다",
    "date": "12.11.20",
    "rating": "10",
    "author": "mey4****",
    "review_id": "6907876",
    "movie_id": "40118"
  },
  {
    "review": "평이 나쁠정도는 아니다",
    "date": "12.11.03",
    "rating": "9",
    "author": "sh15****",
    "review_id": "6848589",
    "movie_id": "40118"
  },
  {
    "review": "평이 너무 낮다",
    "date": "12.11.03",
    "rating": "10",
    "author": "haid****",
    "review_id": "6848574",
    "movie_id": "40118"
  },
  {
    "review": "평점이 낮긴 너무 낮네",
    "date": "12.11.01",
    "rating": "9",
    "author": "okeu****",
    "review_id": "6842023",
    "movie_id": "40118"
  },
  {
    "review": "연출 최악 이걸 왜 보는지 모를정도 이다",
    "date": "12.10.30",
    "rating": "1",
    "author": "shsh****",
    "review_id": "6836356",
    "movie_id": "40118"
  },
  {
    "review": "완전 어색해서 못 보겠다",
    "date": "12.10.26",
    "rating": "1",
    "author": "iiii****",
    "review_id": "6827415",
    "movie_id": "40118"
  },
  {
    "review": "로맨틱 코메디의 막장의 좋은 예. 게다가 음악은 어찌나 어색하던지..",
    "date": "12.03.24",
    "rating": "1",
    "author": "peti****",
    "review_id": "6163861",
    "movie_id": "40118"
  },
  {
    "review": "추천하고 싶은 멋진 영환데 마지막에 좀 억지스럽긴 했어요 ㅋ",
    "date": "11.11.16",
    "rating": "10",
    "author": "wlsl****",
    "review_id": "5852827",
    "movie_id": "40118"
  },
  {
    "review": "마지막에 휴잇이 웃어서 10점",
    "date": "11.11.10",
    "rating": "10",
    "author": "zxcv****",
    "review_id": "5839051",
    "movie_id": "40118"
  },
  {
    "review": "이건 너무설득력이없다.제니퍼러브휴잇땜에 점수준다~",
    "date": "11.10.01",
    "rating": "5",
    "author": "read****",
    "review_id": "5763370",
    "movie_id": "40118"
  },
  {
    "review": "휴잇 때문에 점수준다.",
    "date": "11.08.30",
    "rating": "10",
    "author": "dlst****",
    "review_id": "5698887",
    "movie_id": "40118"
  },
  {
    "review": "남편 때문에 그렇게 괴로워하더니 금방 남편 친구랑 사랑하네.. ;;",
    "date": "11.02.23",
    "rating": "3",
    "author": "tn99****",
    "review_id": "5269243",
    "movie_id": "40118"
  },
  {
    "review": "평점 왜이렇게 낮지...재밌게봤는데..",
    "date": "10.12.18",
    "rating": "10",
    "author": "aldu****",
    "review_id": "5063475",
    "movie_id": "40118"
  },
  {
    "review": "그냥 그렇다.. 제니퍼가 나오는영화 다 좋아하는데 이건 별로...",
    "date": "10.10.17",
    "rating": "4",
    "author": "blai****",
    "review_id": "4908507",
    "movie_id": "40118"
  },
  {
    "review": "제니퍼러브휴잇 예전에 나왔던 그런 영화같은 줄 알고 봤는데.. 완전 돈 아까웠음",
    "date": "10.09.25",
    "rating": "2",
    "author": "frui****",
    "review_id": "4868516",
    "movie_id": "40118"
  },
  {
    "review": "우와 넘했다 5.55가 머냐-_-; 한 7~8점은 되야지",
    "date": "10.08.11",
    "rating": "10",
    "author": "loud****",
    "review_id": "4734125",
    "movie_id": "40118"
  },
  {
    "review": "10점짜린 아니지만 5.53도 아니다. 한 7점정도에 수렴시키기 위해 10점 부여한다.",
    "date": "10.07.13",
    "rating": "10",
    "author": "like****",
    "review_id": "4636543",
    "movie_id": "40118"
  },
  {
    "review": "재밌었어욤~~",
    "date": "10.02.02",
    "rating": "10",
    "author": "lune****",
    "review_id": "4238642",
    "movie_id": "40118"
  },
  {
    "review": "난 완전 재밌게 봤는데 다왜이래...ㅋㅋㅋㅋㅋㅋㅋㅋㅋㅋㅋㅋ",
    "date": "10.02.02",
    "rating": "10",
    "author": "h_yu****",
    "review_id": "4238178",
    "movie_id": "40118"
  },
  {
    "review": "왠지 밑 빠진 독에 물 붓는 느낌...",
    "date": "09.10.10",
    "rating": "6",
    "author": "hpbw****",
    "review_id": "3883578",
    "movie_id": "40118"
  },
  {
    "review": "슬픔과 감동까지 아역시이영화는",
    "date": "09.09.22",
    "rating": "10",
    "author": "seon****",
    "review_id": "3844907",
    "movie_id": "40118"
  },
  {
    "review": "영화는 1점 휴잇땜에+3점",
    "date": "09.09.12",
    "rating": "4",
    "author": "qqq3****",
    "review_id": "3826135",
    "movie_id": "40118"
  },
  {
    "review": "평점왜이래 ; 뻔해도 걍 잼있있는 그냥 볼만함 ㅋㅋ",
    "date": "09.07.16",
    "rating": "9",
    "author": "ilov****",
    "review_id": "3635498",
    "movie_id": "40118"
  },
  {
    "review": "유치하고 더빙한듯한 목소리하며 뻔한스토리..",
    "date": "09.07.07",
    "rating": "3",
    "author": "show****",
    "review_id": "3616490",
    "movie_id": "40118"
  },
  {
    "review": "남편때문에화나도 아치때문에참고　러브휴잇때문에씽긋",
    "date": "09.04.25",
    "rating": "8",
    "author": "l023****",
    "review_id": "3440160",
    "movie_id": "40118"
  },
  {
    "review": "별로임",
    "date": "09.03.24",
    "rating": "1",
    "author": "ysuh****",
    "review_id": "3385621",
    "movie_id": "40118"
  },
  {
    "review": "예고편 보구 이프온리 같을줄알았는데.. 정말 깝놀했음 ㅋㅋㅋㅋㅋㅋㅋ",
    "date": "09.03.24",
    "rating": "3",
    "author": "paki****",
    "review_id": "3385454",
    "movie_id": "40118"
  },
  {
    "review": "재미없네..",
    "date": "09.03.24",
    "rating": "5",
    "author": "bkm1****",
    "review_id": "3385274",
    "movie_id": "40118"
  },
  {
    "review": "조낸 잼없다. 2배속으로 보다가 결국은 건너뛰기로 돌려봤다",
    "date": "09.03.10",
    "rating": "1",
    "author": "pose****",
    "review_id": "3358523",
    "movie_id": "40118"
  },
  {
    "review": "러브휴잇팬이라 봣는데..  재밋긴햇엇는데 감동도 그닥없구..",
    "date": "09.02.28",
    "rating": "9",
    "author": "nald****",
    "review_id": "3338512",
    "movie_id": "40118"
  },
  {
    "review": "로맨틱중 실망스러운 작품..",
    "date": "09.02.13",
    "rating": "5",
    "author": "bkm1****",
    "review_id": "3299062",
    "movie_id": "40118"
  },
  {
    "review": "상큼하고 가슴이 울리는 로맨스의 뭔가를 바랬었어. 실망.",
    "date": "09.02.09",
    "rating": "3",
    "author": "saku****",
    "review_id": "3289556",
    "movie_id": "40118"
  },
  {
    "review": "난 다른 평가들에 개의치않는다. 러브휴잇의 사랑스러운 연기가 좋았음 ㅎㅎ",
    "date": "09.01.15",
    "rating": "10",
    "author": "fhwl****",
    "review_id": "3222459",
    "movie_id": "40118"
  },
  {
    "review": "뻔하긴하지만 이정도평점까진아닌데..이프온리랑은달리해피앤딩이라좋았다",
    "date": "09.01.03",
    "rating": "10",
    "author": "wlsl****",
    "review_id": "3182963",
    "movie_id": "40118"
  },
  {
    "review": "제대로된 로맨틱코메디 본사람이 없나? 신선했던건 러브휴잇의 단발 웨이드 정도.",
    "date": "08.12.28",
    "rating": "1",
    "author": "drag****",
    "review_id": "3160650",
    "movie_id": "40118"
  },
  {
    "review": "너무 너무 평범한 영화 좀 색다른 것을 원하는 사람에게는 비추천 영화",
    "date": "08.12.28",
    "rating": "4",
    "author": "deff****",
    "review_id": "3160112",
    "movie_id": "40118"
  },
  {
    "review": "귀여운 제니퍼 하는짓은 별로 안귀엽네.",
    "date": "08.12.23",
    "rating": "4",
    "author": "ghdl****",
    "review_id": "3141770",
    "movie_id": "40118"
  },
  {
    "review": "평점땜에 못볼뻔했네.. 뻔해도 잼있는 영화~",
    "date": "08.12.20",
    "rating": "8",
    "author": "did4****",
    "review_id": "3134310",
    "movie_id": "40118"
  },
  {
    "review": "생각보다 재미있던데,ㅋㅋ 뭘 깊게 생각하나 영화는 영화다.",
    "date": "08.12.20",
    "rating": "8",
    "author": "ice8****",
    "review_id": "3132637",
    "movie_id": "40118"
  },
  {
    "review": "내 생에서 아치같은 남자만 만날 수 있다면...",
    "date": "08.12.19",
    "rating": "10",
    "author": "toyp****",
    "review_id": "3130733",
    "movie_id": "40118"
  },
  {
    "review": "배우가 아까워요. 스토리가 엉성해... 마지막 씬은 너무 전형적이야... 풉.",
    "date": "08.12.17",
    "rating": "4",
    "author": "blon****",
    "review_id": "3124728",
    "movie_id": "40118"
  },
  {
    "review": "마지막에눈물이핑도네여..ㅎㅎ재밌었어요!!",
    "date": "08.11.28",
    "rating": "9",
    "author": "tngu****",
    "review_id": "3077077",
    "movie_id": "40118"
  },
  {
    "review": "기대하고 봐서 그런건가......",
    "date": "08.11.26",
    "rating": "4",
    "author": "ssuj****",
    "review_id": "3072993",
    "movie_id": "40118"
  },
  {
    "review": "제니퍼러브휴잇때문에 봤다 ㅋㅋ 그냥 별내용없지만~ㅋㅋ 제니퍼 만쉐~",
    "date": "08.11.25",
    "rating": "5",
    "author": "hiby****",
    "review_id": "3071360",
    "movie_id": "40118"
  },
  {
    "review": "이게뭐야,, 이게 영화니,,? 멜로는 아닌거같고 코메디인데 재미가 없네 ㅋ",
    "date": "08.11.11",
    "rating": "4",
    "author": "cosm****",
    "review_id": "3045172",
    "movie_id": "40118"
  },
  {
    "review": "저런 남편 용서할수가 없다!! 아 속터져!!!",
    "date": "08.11.11",
    "rating": "8",
    "author": "leeo****",
    "review_id": "3044683",
    "movie_id": "40118"
  },
  {
    "review": "제니퍼러브휴잇...ㅜ_ㅜ완전사랑하는데..이건....뭐..그렇습니다 ㅋㅋㅋ..ㄷㄷ",
    "date": "08.11.01",
    "rating": "7",
    "author": "lack****",
    "review_id": "3029452",
    "movie_id": "40118"
  },
  {
    "review": "심하게 유치함;;;",
    "date": "08.10.02",
    "rating": "1",
    "author": "vivi****",
    "review_id": "2978443",
    "movie_id": "40118"
  },
  {
    "review": "쓰레기다",
    "date": "08.09.24",
    "rating": "1",
    "author": "pcmm****",
    "review_id": "2966566",
    "movie_id": "40118"
  },
  {
    "review": "재밌게 봤는 데 너무 평점이 낮네요",
    "date": "08.09.15",
    "rating": "10",
    "author": "dh62****",
    "review_id": "2948034",
    "movie_id": "40118"
  },
  {
    "review": "평점낮아서 그동안 안보고있었던걸 후회하고있음.. 완전 재밌음 ㅠㅠ",
    "date": "08.08.26",
    "rating": "10",
    "author": "poro****",
    "review_id": "2903102",
    "movie_id": "40118"
  },
  {
    "review": "별로네요",
    "date": "08.08.07",
    "rating": "1",
    "author": "henr****",
    "review_id": "2845206",
    "movie_id": "40118"
  },
  {
    "review": "뭔가를 생각하게 해주는...",
    "date": "08.07.31",
    "rating": "10",
    "author": "bnbv****",
    "review_id": "2821701",
    "movie_id": "40118"
  },
  {
    "review": "bad",
    "date": "08.07.25",
    "rating": "1",
    "author": "kcch****",
    "review_id": "2800808",
    "movie_id": "40118"
  },
  {
    "review": "이거보고정말재밋다고생각햇는데제마음의풍금을적셧주엇어요~",
    "date": "08.07.16",
    "rating": "10",
    "author": "kimg****",
    "review_id": "2769356",
    "movie_id": "40118"
  },
  {
    "review": "지루하고 짜증났음.....",
    "date": "08.07.12",
    "rating": "2",
    "author": "bibi****",
    "review_id": "2758231",
    "movie_id": "40118"
  },
  {
    "review": "마지막에 찐한 감동이... 강력추천합니다",
    "date": "08.05.21",
    "rating": "10",
    "author": "jeay****",
    "review_id": "2655006",
    "movie_id": "40118"
  },
  {
    "review": "생각보다 야했다!? ㅋㅋ",
    "date": "08.05.20",
    "rating": "6",
    "author": "kari****",
    "review_id": "2652796",
    "movie_id": "40118"
  },
  {
    "review": "제니퍼 나온 영화라고 다 재밌는 건 아니다..",
    "date": "08.05.04",
    "rating": "4",
    "author": "yunp****",
    "review_id": "2615748",
    "movie_id": "40118"
  },
  {
    "review": "난...재밌었는데......",
    "date": "08.04.13",
    "rating": "10",
    "author": "8279****",
    "review_id": "2577709",
    "movie_id": "40118"
  },
  {
    "review": "사랑을 모르는것들은 보질말어아주~ㅉㅉ 재밋엇구만 ㅉㅉ 세퀴들 ㅋㅋ",
    "date": "08.02.20",
    "rating": "10",
    "author": "sawa****",
    "review_id": "2465991",
    "movie_id": "40118"
  },
  {
    "review": "그냥그냥..",
    "date": "08.02.19",
    "rating": "6",
    "author": "mwmw****",
    "review_id": "2463215",
    "movie_id": "40118"
  },
  {
    "review": "지루....러브휴잇때문에",
    "date": "08.02.17",
    "rating": "7",
    "author": "maxs****",
    "review_id": "2456399",
    "movie_id": "40118"
  },
  {
    "review": "잼있네.~~~~~~~~~~",
    "date": "08.02.06",
    "rating": "10",
    "author": "gty2****",
    "review_id": "2413281",
    "movie_id": "40118"
  },
  {
    "review": "이상한 줄거리에 어색한 전개 결말도 별루,,",
    "date": "08.01.30",
    "rating": "5",
    "author": "roal****",
    "review_id": "2387659",
    "movie_id": "40118"
  },
  {
    "review": "재미있다",
    "date": "08.01.28",
    "rating": "10",
    "author": "zjdl****",
    "review_id": "2381732",
    "movie_id": "40118"
  },
  {
    "review": "괜찮은영화. 사람들 평점이 왜이리 낮은지 모르겠다",
    "date": "08.01.22",
    "rating": "9",
    "author": "reji****",
    "review_id": "2358962",
    "movie_id": "40118"
  },
  {
    "review": "난 쫌 더 많이 지루했는데...",
    "date": "08.01.10",
    "rating": "2",
    "author": "ttws****",
    "review_id": "2312914",
    "movie_id": "40118"
  },
  {
    "review": "난 쫌 지루했는데..",
    "date": "08.01.06",
    "rating": "8",
    "author": "ki__****",
    "review_id": "2301675",
    "movie_id": "40118"
  },
  {
    "review": "로맨틱 코미디는 무슨~불륜을 사랑으로 만드는 방법을 그린 최악의 영화",
    "date": "08.01.01",
    "rating": "1",
    "author": "pjhl****",
    "review_id": "2286359",
    "movie_id": "40118"
  },
  {
    "review": "순수한 영혼들이 보여주는 사랑이란 이런 것",
    "date": "08.01.01",
    "rating": "7",
    "author": "moro****",
    "review_id": "2285828",
    "movie_id": "40118"
  },
  {
    "review": "어색한 내용전개에 B급영화....어이없네 친구라더니 갑자기 사랑해!!이런다...",
    "date": "07.12.26",
    "rating": "1",
    "author": "iops****",
    "review_id": "2267435",
    "movie_id": "40118"
  },
  {
    "review": "잔잔한 감동을 주는...",
    "date": "07.12.23",
    "rating": "10",
    "author": "rlat****",
    "review_id": "2255976",
    "movie_id": "40118"
  },
  {
    "review": "유치하고 재미없다",
    "date": "07.12.17",
    "rating": "5",
    "author": "yoon****",
    "review_id": "2240753",
    "movie_id": "40118"
  },
  {
    "review": "그다지...",
    "date": "07.12.07",
    "rating": "7",
    "author": "iris****",
    "review_id": "2212446",
    "movie_id": "40118"
  },
  {
    "review": "실망한 영화 ㅠ",
    "date": "07.12.06",
    "rating": "6",
    "author": "alst****",
    "review_id": "2211366",
    "movie_id": "40118"
  },
  {
    "review": "새벽에 미친듯이 혼자 웃고있는 나를발견 ㄱ-;;",
    "date": "07.11.08",
    "rating": "10",
    "author": "jiro****",
    "review_id": "2139046",
    "movie_id": "40118"
  },
  {
    "review": "내용이 솔직히 어설프지만 감동적이었던..ㅎ",
    "date": "07.11.02",
    "rating": "10",
    "author": "wodn****",
    "review_id": "2128023",
    "movie_id": "40118"
  },
  {
    "review": "재미있던데",
    "date": "07.10.27",
    "rating": "10",
    "author": "neum****",
    "review_id": "2115652",
    "movie_id": "40118"
  },
  {
    "review": "할말이 없다 ㅋㅋ",
    "date": "07.10.24",
    "rating": "2",
    "author": "lind****",
    "review_id": "2108086",
    "movie_id": "40118"
  },
  {
    "review": "엄청재밋는데 막 인생최악의 영화라고 하네 ㅡㅡ 진짜최악을못보셨구만",
    "date": "07.10.23",
    "rating": "8",
    "author": "sumi****",
    "review_id": "2107246",
    "movie_id": "40118"
  },
  {
    "review": "난 정말 재밌게 봤는데 -..-....",
    "date": "07.10.23",
    "rating": "8",
    "author": "jake****",
    "review_id": "2107187",
    "movie_id": "40118"
  },
  {
    "review": "구성이 너무 뒤숭숭했다~ 제니퍼러브휴잇은 긴머리가 좋다",
    "date": "07.10.20",
    "rating": "6",
    "author": "sork****",
    "review_id": "2100244",
    "movie_id": "40118"
  },
  {
    "review": "제니퍼에의한 제니퍼를위한 영화, 하지만 그것뿐이라는거 ..",
    "date": "07.10.16",
    "rating": "5",
    "author": "unse****",
    "review_id": "2092991",
    "movie_id": "40118"
  },
  {
    "review": "아 안볼라다가 제니퍼러프휴잇때문에 봤는데 영화 참.. 시간아까워",
    "date": "07.10.15",
    "rating": "3",
    "author": "cmir****",
    "review_id": "2092525",
    "movie_id": "40118"
  },
  {
    "review": "잔잔하고 알콩달콩한 영화. 엔딩만 좀 어떻게 해줬으면..!",
    "date": "07.10.08",
    "rating": "8",
    "author": "jjib****",
    "review_id": "2078766",
    "movie_id": "40118"
  },
  {
    "review": "당돌한 미지의 여인아 시련 뒤에는 뻔하게 또 다른 사랑이 오누나.",
    "date": "07.10.01",
    "rating": "5",
    "author": "paci****",
    "review_id": "2064505",
    "movie_id": "40118"
  },
  {
    "review": "배경음악 \"something stupid\"에 7점..",
    "date": "07.09.28",
    "rating": "7",
    "author": "temp****",
    "review_id": "2057487",
    "movie_id": "40118"
  },
  {
    "review": "초롱이랑 같이 봤는데 짜증나 죽는줄알았다.. 촌쓰런 영화-!",
    "date": "07.09.18",
    "rating": "4",
    "author": "dowu****",
    "review_id": "2029673",
    "movie_id": "40118"
  },
  {
    "review": "휴..바람.........",
    "date": "07.09.06",
    "rating": "7",
    "author": "yyca****",
    "review_id": "2004913",
    "movie_id": "40118"
  },
  {
    "review": "구성이나 내용을 상실해버린.",
    "date": "07.08.10",
    "rating": "2",
    "author": "h12h****",
    "review_id": "1914867",
    "movie_id": "40118"
  },
  {
    "review": "세상에 이런 영화도 있나 싶음.. 순수한 사랑영화라고 착각하지말길..완전 어이상실..",
    "date": "07.08.06",
    "rating": "3",
    "author": "gusk****",
    "review_id": "1891916",
    "movie_id": "40118"
  }
]