[
  {
    "review": "최고의 블랙코미디...시작부터 끝까지 이렇게 재미있는 영화는 흔하지 않을 듯.다시 보고 싶은데 다시 볼 수 있는 곳이 없어서 아쉽다.",
    "date": "13.12.15",
    "rating": "10",
    "author": "swc2****",
    "review_id": "8215857",
    "movie_id": "40125"
  },
  {
    "review": "지루할틈없이 재밌게봤다",
    "date": "13.07.13",
    "rating": "10",
    "author": "x120****",
    "review_id": "7732219",
    "movie_id": "40125"
  },
  {
    "review": "독신남 만큼 매력적인 것도 없어. 여자의 유전자는 결혼을 추구해. 우리를 통제하고 지배하는 것도 모자라, 번식을 하려하지. 남자를 선택하고 깃털을 뽐내는 거지. 하지만 다음 순간 주택대출을 받고 아이들이 생기면 그걸로 끝장이야.. - 주인공대사中",
    "date": "13.04.07",
    "rating": "7",
    "author": "danz****",
    "review_id": "7440450",
    "movie_id": "40125"
  },
  {
    "review": "남자주인공에게 연민을 느끼던 남자들에겐 두번의 강렬한 충격을 주는 영화... 현시대 외모지상주의에 일침을 가하는 그런 영화...",
    "date": "13.01.20",
    "rating": "10",
    "author": "cjc9****",
    "review_id": "7136548",
    "movie_id": "40125"
  },
  {
    "review": "결말까지 맘에드는 블랙코미디",
    "date": "12.05.19",
    "rating": "7",
    "author": "ratm****",
    "review_id": "6310120",
    "movie_id": "40125"
  },
  {
    "review": "뭔가 보고나면 숙제가 남는듯한 영화",
    "date": "12.05.16",
    "rating": "9",
    "author": "jrbe****",
    "review_id": "6302927",
    "movie_id": "40125"
  },
  {
    "review": "정말재밋음 웃기다기보다는재밋음!",
    "date": "12.05.05",
    "rating": "9",
    "author": "saro****",
    "review_id": "6274116",
    "movie_id": "40125"
  },
  {
    "review": "소재가 좀 특이했지만 글케재미있진않았음.",
    "date": "12.04.22",
    "rating": "6",
    "author": "a109****",
    "review_id": "6238974",
    "movie_id": "40125"
  },
  {
    "review": "소재도 참신하고 나오는 초반에 나오는 여자들도 예쁘고 재미있는 영화.",
    "date": "12.04.03",
    "rating": "9",
    "author": "djsh****",
    "review_id": "6191291",
    "movie_id": "40125"
  },
  {
    "review": "못 생겼으면 마음이라도 고와야 한다 ㄷㄷ",
    "date": "11.12.30",
    "rating": "4",
    "author": "ccpp****",
    "review_id": "5948063",
    "movie_id": "40125"
  },
  {
    "review": "남자와 여자가 각각 불쌍해지는 순간이 오다가 결국 묘하게 끝나",
    "date": "11.12.30",
    "rating": "4",
    "author": "rame****",
    "review_id": "5948061",
    "movie_id": "40125"
  },
  {
    "review": "코믹버전?",
    "date": "11.12.30",
    "rating": "4",
    "author": "kpcc****",
    "review_id": "5948057",
    "movie_id": "40125"
  },
  {
    "review": "묘한 쾌감. 어떻게 이런영화를 만들수있을까? 상상력 그자체가 영화. 퍼펙트 무비.",
    "date": "11.12.09",
    "rating": "10",
    "author": "bbb2****",
    "review_id": "5896427",
    "movie_id": "40125"
  },
  {
    "review": "이 감독 영화 만드는데 센스가 넘친다",
    "date": "11.10.24",
    "rating": "8",
    "author": "ioen****",
    "review_id": "5808695",
    "movie_id": "40125"
  },
  {
    "review": "첨부터 끝까지 재밌었음",
    "date": "11.10.05",
    "rating": "9",
    "author": "moca****",
    "review_id": "5772450",
    "movie_id": "40125"
  },
  {
    "review": "공 굴린 보람이 있던 클라이막스",
    "date": "11.09.21",
    "rating": "8",
    "author": "mysw****",
    "review_id": "5744708",
    "movie_id": "40125"
  },
  {
    "review": "징그러",
    "date": "11.09.14",
    "rating": "6",
    "author": "pass****",
    "review_id": "5732443",
    "movie_id": "40125"
  },
  {
    "review": "골져스한 영화! '유쾌함'이라는 포장으로 감싼 날카로운 블랙코미디물!",
    "date": "11.08.12",
    "rating": "10",
    "author": "liza****",
    "review_id": "5639681",
    "movie_id": "40125"
  },
  {
    "review": "이글레시아의 퍼펙트 무비",
    "date": "11.08.02",
    "rating": "8",
    "author": "skyb****",
    "review_id": "5591431",
    "movie_id": "40125"
  },
  {
    "review": "처음에는 웃겼으나 갈 수록 코미디란 느낌이 사라져갔다.",
    "date": "11.04.10",
    "rating": "7",
    "author": "wlfa****",
    "review_id": "5365225",
    "movie_id": "40125"
  },
  {
    "review": "스페인스런 유쾌한 코메디. 바라던 만큼의 결과물이 이쯤이었겠지.",
    "date": "11.01.14",
    "rating": "5",
    "author": "pria****",
    "review_id": "5156908",
    "movie_id": "40125"
  },
  {
    "review": "악연은 출세의 지름길? 외모지상주의가 낳은 것은? 광대,,FIN.",
    "date": "10.11.06",
    "rating": "8",
    "author": "muz1****",
    "review_id": "4941619",
    "movie_id": "40125"
  },
  {
    "review": "상대적이겠지만 정말 재미라고는 조금도 느낄 수 없었음.",
    "date": "10.08.23",
    "rating": "4",
    "author": "daks****",
    "review_id": "4783621",
    "movie_id": "40125"
  },
  {
    "review": "제대로 된 인간이 한명도 없네.",
    "date": "10.08.01",
    "rating": "6",
    "author": "lees****",
    "review_id": "4692851",
    "movie_id": "40125"
  },
  {
    "review": "진짜 재밌게 본 영화 ㅋㅋ",
    "date": "10.05.06",
    "rating": "9",
    "author": "jsm1****",
    "review_id": "4482954",
    "movie_id": "40125"
  },
  {
    "review": "끝날때까지 주목을 끄는 전개 그러나 마냥 웃기엔 힘이 드네. 그녀가 불쌍해.",
    "date": "10.05.05",
    "rating": "5",
    "author": "kkot****",
    "review_id": "4480848",
    "movie_id": "40125"
  },
  {
    "review": "진정으로 이 부인은, 감당이 안된다.",
    "date": "10.02.27",
    "rating": "7",
    "author": "luna****",
    "review_id": "4320812",
    "movie_id": "40125"
  },
  {
    "review": "골때리는 영화네 신선하고, 여자주인공 진짜 진절머리난다.  결말 머야 남자가 불쌍해",
    "date": "10.02.17",
    "rating": "10",
    "author": "kimh****",
    "review_id": "4292029",
    "movie_id": "40125"
  },
  {
    "review": "요장르에 이정도면 완성도있는 블랙코미디",
    "date": "10.02.16",
    "rating": "8",
    "author": "gkag****",
    "review_id": "4289423",
    "movie_id": "40125"
  },
  {
    "review": "독특하고 흥미진진한 영화였다...굳...",
    "date": "10.01.18",
    "rating": "9",
    "author": "nind****",
    "review_id": "4182265",
    "movie_id": "40125"
  },
  {
    "review": "신선한 블랙코메디 웃음뒤엔 외모지상주의의 폐해를 보여준다 ㅎㅎㅎ",
    "date": "09.10.19",
    "rating": "9",
    "author": "doos****",
    "review_id": "3904052",
    "movie_id": "40125"
  },
  {
    "review": "유쾌 ^^",
    "date": "09.10.15",
    "rating": "10",
    "author": "shee****",
    "review_id": "3894462",
    "movie_id": "40125"
  },
  {
    "review": "블랙코미디를 가장한 공포. 애착가는 영화들 중 하나",
    "date": "09.10.03",
    "rating": "10",
    "author": "soda****",
    "review_id": "3868287",
    "movie_id": "40125"
  },
  {
    "review": "우리나라에서도 이런 코미디를 보고 싶다",
    "date": "09.08.18",
    "rating": "6",
    "author": "tjsd****",
    "review_id": "3764372",
    "movie_id": "40125"
  },
  {
    "review": "<부부평가단> 초장에 잡혀사는 1人 ㅠ.ㅠ",
    "date": "09.08.09",
    "rating": "9",
    "author": "wonn****",
    "review_id": "3726335",
    "movie_id": "40125"
  },
  {
    "review": "<부부평가단> 남자는 초장부터 잡아야된다! 암암.",
    "date": "09.08.09",
    "rating": "10",
    "author": "eley****",
    "review_id": "3726334",
    "movie_id": "40125"
  },
  {
    "review": "나 이거 고1땐가 본거같은데.. 그때 무쟈게 재밌게 봤다",
    "date": "09.07.29",
    "rating": "10",
    "author": "bin3****",
    "review_id": "3681227",
    "movie_id": "40125"
  },
  {
    "review": "어지간한 공포영화보다 훨씬 무서웠다..",
    "date": "09.05.25",
    "rating": "8",
    "author": "imf0****",
    "review_id": "3520530",
    "movie_id": "40125"
  },
  {
    "review": "나쁘지 않은데...결말이 맘에 안듬.",
    "date": "09.05.19",
    "rating": "5",
    "author": "expr****",
    "review_id": "3507556",
    "movie_id": "40125"
  },
  {
    "review": "계속 기억에 남는 블랙코미디ㅋㅋㅋ",
    "date": "09.04.22",
    "rating": "9",
    "author": "ysly****",
    "review_id": "3434451",
    "movie_id": "40125"
  },
  {
    "review": "마지막에 서로를 알아보고도 외면할 수밖에 없는 장면이 와닿는다.",
    "date": "09.04.18",
    "rating": "9",
    "author": "skss****",
    "review_id": "3426536",
    "movie_id": "40125"
  },
  {
    "review": "수다스럽고 정신없고 유치하고 웃기고, 그들만의 문화가 보인다 보여~ ㅋㅋ",
    "date": "09.01.23",
    "rating": "7",
    "author": "sain****",
    "review_id": "3240849",
    "movie_id": "40125"
  },
  {
    "review": "정말 최고영화!! 재밌고 스토릴 짜임새 좋고, 멍때리게 만드는 결말까지!!",
    "date": "09.01.09",
    "rating": "10",
    "author": "muse****",
    "review_id": "3204398",
    "movie_id": "40125"
  },
  {
    "review": "내 인생 최고의 영화. 몇 번을 봐도 질리지 않는다.",
    "date": "09.01.03",
    "rating": "10",
    "author": "icec****",
    "review_id": "3180863",
    "movie_id": "40125"
  },
  {
    "review": "그야말로 적당한 코미디물. 딱 적당하다.",
    "date": "08.11.19",
    "rating": "6",
    "author": "mild****",
    "review_id": "3059331",
    "movie_id": "40125"
  },
  {
    "review": "남자주인공이너무불쌍해죽는줄알았다",
    "date": "08.11.12",
    "rating": "7",
    "author": "evie****",
    "review_id": "3045756",
    "movie_id": "40125"
  },
  {
    "review": "그닥.. 별재미를 못느끼겠던데.",
    "date": "08.10.14",
    "rating": "7",
    "author": "gren****",
    "review_id": "3000116",
    "movie_id": "40125"
  },
  {
    "review": "저질",
    "date": "08.08.25",
    "rating": "1",
    "author": "sury****",
    "review_id": "2901922",
    "movie_id": "40125"
  },
  {
    "review": "이 영화가 우리들 인생이다...",
    "date": "08.06.27",
    "rating": "9",
    "author": "kimg****",
    "review_id": "2724624",
    "movie_id": "40125"
  },
  {
    "review": "유쾌하고 독특한 블랙 코미디",
    "date": "08.06.07",
    "rating": "8",
    "author": "leh0****",
    "review_id": "2684078",
    "movie_id": "40125"
  },
  {
    "review": "코믹+진지함+독창성 커먼웰스에서 빠졌던 한가지가 채워진 느낌",
    "date": "08.05.18",
    "rating": "8",
    "author": "jys4****",
    "review_id": "2649147",
    "movie_id": "40125"
  },
  {
    "review": "평점이 너무 높다 난 개인적으로 애매모한 영화가 싫다. 웃음소재도 그닥...",
    "date": "08.05.17",
    "rating": "1",
    "author": "cgso****",
    "review_id": "2647511",
    "movie_id": "40125"
  },
  {
    "review": "엉뚱하고 너무 기발한...ㅎㅎ 가볍게 웃으며 보기엔 굿굿~~!!",
    "date": "08.05.04",
    "rating": "9",
    "author": "prem****",
    "review_id": "2616798",
    "movie_id": "40125"
  },
  {
    "review": "생각보다,, 유머러스하고, 연출이나 스토리도 좋았다, 오랫만에 잼있는영화봤다",
    "date": "08.04.24",
    "rating": "8",
    "author": "love****",
    "review_id": "2596962",
    "movie_id": "40125"
  },
  {
    "review": "이거 열잼.....블랙코미디",
    "date": "08.04.18",
    "rating": "10",
    "author": "915s****",
    "review_id": "2586221",
    "movie_id": "40125"
  },
  {
    "review": "출세에 대한 그릇된 가치관이 부른 참극. 역시 죄 짓고는 못살어.",
    "date": "08.04.13",
    "rating": "6",
    "author": "tekk****",
    "review_id": "2577985",
    "movie_id": "40125"
  },
  {
    "review": "재밋었다.. 소재도 특이하고.. 나름 볼만한 영화.",
    "date": "08.03.04",
    "rating": "8",
    "author": "pola****",
    "review_id": "2503680",
    "movie_id": "40125"
  },
  {
    "review": "보고 반했다ㅋㅋㅋ",
    "date": "08.03.04",
    "rating": "10",
    "author": "pano****",
    "review_id": "2502277",
    "movie_id": "40125"
  },
  {
    "review": "진땀나는 그와 그녀의 이야기. 이글레시아표 블랙 코미디의 느낌",
    "date": "08.01.09",
    "rating": "6",
    "author": "paci****",
    "review_id": "2309998",
    "movie_id": "40125"
  },
  {
    "review": "정말 재미있다!!마지막까지..잘 만든느낌??ㅋㅋ",
    "date": "08.01.08",
    "rating": "9",
    "author": "revo****",
    "review_id": "2307384",
    "movie_id": "40125"
  },
  {
    "review": "골때리는 결말ㅋㅋ",
    "date": "08.01.03",
    "rating": "10",
    "author": "akal****",
    "review_id": "2294747",
    "movie_id": "40125"
  },
  {
    "review": "화장실에서 시원스럽게 똥을 빼고난 후 뒤를 닦지 못한 것 같은 이 찝찝함은...",
    "date": "07.12.29",
    "rating": "8",
    "author": "team****",
    "review_id": "2277107",
    "movie_id": "40125"
  },
  {
    "review": "이런게 블랙코미디구나ㅏㅏㅏㅏㅏㅏㅏㅏ",
    "date": "07.12.28",
    "rating": "10",
    "author": "brea****",
    "review_id": "2275057",
    "movie_id": "40125"
  },
  {
    "review": "ㅋㅋㅋㅋㅋ 정말 잼있었던 영화!!!! 현실적이면서 독특하고 ㅋㅋ 너무너무 잼있었다",
    "date": "07.12.28",
    "rating": "10",
    "author": "popi****",
    "review_id": "2273696",
    "movie_id": "40125"
  },
  {
    "review": "아이디어에서 시작해서 아이디러로 끝나는 아쉬움",
    "date": "07.12.27",
    "rating": "6",
    "author": "erhe****",
    "review_id": "2270379",
    "movie_id": "40125"
  },
  {
    "review": "사람들이 이 경쾌하고 웃긴 블랙코미디를 이해하지 못하거나 알지 못하는것이 아쉽다",
    "date": "07.12.17",
    "rating": "10",
    "author": "zasz****",
    "review_id": "2238917",
    "movie_id": "40125"
  },
  {
    "review": "흠잡을 데가 없다...",
    "date": "07.12.04",
    "rating": "10",
    "author": "posa****",
    "review_id": "2206302",
    "movie_id": "40125"
  },
  {
    "review": "형사에겐 디저트가 없다-가 생각나네요....^^",
    "date": "07.11.22",
    "rating": "10",
    "author": "luna****",
    "review_id": "2174970",
    "movie_id": "40125"
  },
  {
    "review": "이글레시아표 비유와 뛰어난 풍자로 맛깔스럽게 양념된 수작",
    "date": "07.11.15",
    "rating": "10",
    "author": "skor****",
    "review_id": "2152206",
    "movie_id": "40125"
  },
  {
    "review": "이게 바로 블랙코미디",
    "date": "07.10.31",
    "rating": "10",
    "author": "katz****",
    "review_id": "2124662",
    "movie_id": "40125"
  },
  {
    "review": "처음 접한 블랙코메디인데.. 너무 괜찮네요. 섬뜩하지만 웃기는ㅎㅎ",
    "date": "07.10.29",
    "rating": "10",
    "author": "iixo****",
    "review_id": "2120749",
    "movie_id": "40125"
  },
  {
    "review": "난 정말 재밌게 봤다. 호러블랙코메디정도?",
    "date": "07.10.26",
    "rating": "9",
    "author": "9763****",
    "review_id": "2111763",
    "movie_id": "40125"
  },
  {
    "review": "이런 악녀스타일들 이상하게 매혹적이다 손에 땀을 쥐는 매력덩어리 영화",
    "date": "07.10.13",
    "rating": "10",
    "author": "kism****",
    "review_id": "2085984",
    "movie_id": "40125"
  },
  {
    "review": "여자에게서벗어나려는남자의 몸부림.참딱하면서도즐겁다.근데여자넘무서워.ㅋㅋ",
    "date": "07.10.09",
    "rating": "8",
    "author": "sjs1****",
    "review_id": "2080424",
    "movie_id": "40125"
  },
  {
    "review": "스페인스러운 유머..",
    "date": "07.09.21",
    "rating": "7",
    "author": "gret****",
    "review_id": "2035957",
    "movie_id": "40125"
  },
  {
    "review": "쓴웃음..",
    "date": "07.08.25",
    "rating": "8",
    "author": "u_si****",
    "review_id": "1976100",
    "movie_id": "40125"
  },
  {
    "review": "여자얼굴 솔직히 토나와  불쌍한 라파엘...",
    "date": "07.08.24",
    "rating": "9",
    "author": "seyo****",
    "review_id": "1975171",
    "movie_id": "40125"
  },
  {
    "review": "조울증 .",
    "date": "07.08.19",
    "rating": "8",
    "author": "dudr****",
    "review_id": "1957257",
    "movie_id": "40125"
  },
  {
    "review": "그저 코미디같진않다. 간만에 몰입해서 본 영화.",
    "date": "07.08.16",
    "rating": "10",
    "author": "skki****",
    "review_id": "1948616",
    "movie_id": "40125"
  },
  {
    "review": "보면 볼수록 쓴웃음을 짓게 하는 영화... 이것이야말로 블랙코미디",
    "date": "07.08.15",
    "rating": "9",
    "author": "kimj****",
    "review_id": "1942861",
    "movie_id": "40125"
  },
  {
    "review": "갈수록 지루해지는 전개. 마지막엔 정말 말도안되게 끝나서 열받았다.",
    "date": "07.08.14",
    "rating": "5",
    "author": "baby****",
    "review_id": "1937666",
    "movie_id": "40125"
  },
  {
    "review": "재밌ㅇㅁ",
    "date": "07.08.14",
    "rating": "10",
    "author": "xion****",
    "review_id": "1936658",
    "movie_id": "40125"
  },
  {
    "review": "약간 불쾌한 기분으로 시작해서 상쾌한 기분으로 끝나는 영화.",
    "date": "07.08.14",
    "rating": "8",
    "author": "leej****",
    "review_id": "1935038",
    "movie_id": "40125"
  },
  {
    "review": "글쎄...이거참살인이라는영화의뻔한소재를택해서그런지재미도 없고..",
    "date": "07.08.14",
    "rating": "5",
    "author": "uhii****",
    "review_id": "1934614",
    "movie_id": "40125"
  },
  {
    "review": "사랑한다.",
    "date": "07.08.14",
    "rating": "9",
    "author": "you7****",
    "review_id": "1934398",
    "movie_id": "40125"
  },
  {
    "review": "재미는 있었으나 주인공 남자가 너무 불쌍해 보였다.",
    "date": "07.08.13",
    "rating": "9",
    "author": "kyhn****",
    "review_id": "1933207",
    "movie_id": "40125"
  },
  {
    "review": "꽤 재밌던데, 지루하지않고 내용 질질 안끌어서 재밌었어요.",
    "date": "07.08.13",
    "rating": "10",
    "author": "yewo****",
    "review_id": "1933204",
    "movie_id": "40125"
  },
  {
    "review": "잘못했으면벌을받아야지ㅋㅋ",
    "date": "07.08.13",
    "rating": "8",
    "author": "pwl1****",
    "review_id": "1932941",
    "movie_id": "40125"
  },
  {
    "review": "재밌더라 이거, 남자가 불쌍하고 마지막에 광대가 보고간거 여잔줄알았다 ㅋ",
    "date": "07.08.13",
    "rating": "10",
    "author": "chlw****",
    "review_id": "1932522",
    "movie_id": "40125"
  },
  {
    "review": "KBS에서 오랜만에 재밋는영화..ㅋㅋㅋ",
    "date": "07.08.13",
    "rating": "8",
    "author": "phoe****",
    "review_id": "1931891",
    "movie_id": "40125"
  },
  {
    "review": "생각없이 뭔가하고 봤는데 넘넘 잼났음. 어제 시청한 분들이 꽤 되는군요.",
    "date": "07.08.13",
    "rating": "10",
    "author": "jead****",
    "review_id": "1931453",
    "movie_id": "40125"
  },
  {
    "review": "역시 못생긴 계집은 재수까지 없다. 그런계집이 성공한것 자체가 블랙코메디",
    "date": "07.08.13",
    "rating": "10",
    "author": "hoff****",
    "review_id": "1931148",
    "movie_id": "40125"
  },
  {
    "review": "방금 kbs에서 봤는데 더빙영화 첨부터끝까지본거 오랫만인듯..",
    "date": "07.08.13",
    "rating": "8",
    "author": "pink****",
    "review_id": "1930449",
    "movie_id": "40125"
  },
  {
    "review": "재밌어 ㅋㅋㅋㅋㅋㅋㅋㅋㅋㅋㅋㅋㅋㅋㅋ",
    "date": "07.08.13",
    "rating": "10",
    "author": "aldu****",
    "review_id": "1930432",
    "movie_id": "40125"
  },
  {
    "review": "재밌음 추천",
    "date": "07.08.13",
    "rating": "10",
    "author": "aaak****",
    "review_id": "1930391",
    "movie_id": "40125"
  },
  {
    "review": "취향이 안맞아",
    "date": "07.08.13",
    "rating": "1",
    "author": "sung****",
    "review_id": "1929889",
    "movie_id": "40125"
  },
  {
    "review": "진짜 대작이다.ㅋㅋ",
    "date": "07.08.12",
    "rating": "10",
    "author": "moon****",
    "review_id": "1927648",
    "movie_id": "40125"
  },
  {
    "review": "티비에서 해서 봤는데 볼만 합니다.",
    "date": "07.08.12",
    "rating": "7",
    "author": "bje1****",
    "review_id": "1927569",
    "movie_id": "40125"
  },
  {
    "review": "대충 재밌슴.. 약간의 미묘함과 코미디",
    "date": "07.08.10",
    "rating": "7",
    "author": "nets****",
    "review_id": "1914733",
    "movie_id": "40125"
  },
  {
    "review": "재미있다 ㅎ",
    "date": "07.08.10",
    "rating": "9",
    "author": "drya****",
    "review_id": "1913887",
    "movie_id": "40125"
  }
]