[
  {
    "review": "평점이낮네  요즘나오는 웬만한 코미디 멜로 무비보다 낫다. 10년전작품이지만",
    "date": "15.08.03",
    "rating": "10",
    "author": "ninj****",
    "review_id": "10181706",
    "movie_id": "40134"
  },
  {
    "review": "볼수록 느끼는것이 많은 영화 입니다. 여자는 짐작만으로움직이지 않는다는 대사가 아직도 기억에남아요",
    "date": "15.07.12",
    "rating": "10",
    "author": "wlsd****",
    "review_id": "10094267",
    "movie_id": "40134"
  },
  {
    "review": "연애와 사랑에 관해 맞춰야 할 균형 감각 지침서",
    "date": "15.07.04",
    "rating": "7",
    "author": "syoc****",
    "review_id": "10066610",
    "movie_id": "40134"
  },
  {
    "review": "잼있게봤어요 정경호댐 찾아봤는데 좋은작품이네요~~스토리 라인이 연결이 자연스럽구 소재는 심플하지만 동감되는 부분이 많고 완성도 구성이 탄탄 강추~~",
    "date": "15.06.13",
    "rating": "10",
    "author": "gksd****",
    "review_id": "9995365",
    "movie_id": "40134"
  },
  {
    "review": "광태 새끼 개짜증 남. 광태 친구도 왕 짜증.",
    "date": "15.05.29",
    "rating": "10",
    "author": "suri****",
    "review_id": "9958538",
    "movie_id": "40134"
  },
  {
    "review": "7점대 영화는 아니지 솔직히",
    "date": "15.05.27",
    "rating": "9",
    "author": "whit****",
    "review_id": "9955472",
    "movie_id": "40134"
  },
  {
    "review": "내가했던 사랑도 광식이 내가했더 사랑도 광태",
    "date": "15.04.20",
    "rating": "10",
    "author": "yibi****",
    "review_id": "9854460",
    "movie_id": "40134"
  },
  {
    "review": "배우 캐스팅 미스로 저평가받는영화  캐스팅 만좋았으면 로코기록세웠겠다",
    "date": "15.04.08",
    "rating": "9",
    "author": "chom****",
    "review_id": "9835211",
    "movie_id": "40134"
  },
  {
    "review": "여운이 남는다... 씁쓸하게 끝났기때문에 더 좋은 엔딩이아니었나 생각함...",
    "date": "15.03.23",
    "rating": "10",
    "author": "didw****",
    "review_id": "9801132",
    "movie_id": "40134"
  },
  {
    "review": "용기있는자만이 미인을 얻는다.. 진부하지만 아직도 통하는 진리...",
    "date": "15.03.01",
    "rating": "10",
    "author": "k_sh****",
    "review_id": "9751231",
    "movie_id": "40134"
  },
  {
    "review": "매력적인 다른 남자가 짝사랑하는 여자를 채가려고할때 무슨느낌이 들까..",
    "date": "15.02.15",
    "rating": "9",
    "author": "94la****",
    "review_id": "9697608",
    "movie_id": "40134"
  },
  {
    "review": "세월이 가면’ 이라는 노래만 기억에 남음. 소심한 남자 중 하나라서 상당히 공감 가는 부분도 많았음. 그리고 몇 군데 깨알재미도 있음",
    "date": "15.01.26",
    "rating": "6",
    "author": "jjaj****",
    "review_id": "9638144",
    "movie_id": "40134"
  },
  {
    "review": "광식이가 '세월이가면'을 부르던 그 장면은 한국 로맨스 영화상 최고의 백미중 하나가 아닐까 생각해본다.",
    "date": "15.01.23",
    "rating": "9",
    "author": "tpfl****",
    "review_id": "9627897",
    "movie_id": "40134"
  },
  {
    "review": "운명은 만들어가는거임",
    "date": "15.01.21",
    "rating": "1",
    "author": "rw06****",
    "review_id": "9620322",
    "movie_id": "40134"
  },
  {
    "review": "10번을 봐도 새로운 장면들이 보이는 양파같은 영화.감독님 존경합니다",
    "date": "15.01.10",
    "rating": "10",
    "author": "dudm****",
    "review_id": "9579042",
    "movie_id": "40134"
  },
  {
    "review": "평점은 믿을게 못된다는걸 다시 한번 알게해준 영화",
    "date": "15.01.08",
    "rating": "9",
    "author": "siun****",
    "review_id": "9572851",
    "movie_id": "40134"
  },
  {
    "review": "하지 말았어야 할 행동들,끝내 하지 못했던 말들... 사랑을 겪어갈수록 깊어지는 영화",
    "date": "15.01.03",
    "rating": "10",
    "author": "asuc****",
    "review_id": "9554652",
    "movie_id": "40134"
  },
  {
    "review": "꽤 잘만든 영화입니다. 남자는 광식이와 광태 둘 다  가질수도, 둘중에 하나를 선택하게 된다는 점에서...",
    "date": "14.12.31",
    "rating": "10",
    "author": "talk****",
    "review_id": "9542896",
    "movie_id": "40134"
  },
  {
    "review": "한국영화 짱!!! 여운이 깊이 남는 영화네요...",
    "date": "14.11.28",
    "rating": "9",
    "author": "taey****",
    "review_id": "9428445",
    "movie_id": "40134"
  },
  {
    "review": "당시에는 나름 재밌었음",
    "date": "14.11.04",
    "rating": "7",
    "author": "doo3****",
    "review_id": "9340102",
    "movie_id": "40134"
  },
  {
    "review": "김현석은 멜로에 강하다. 건축학개론과 좀 비슷.",
    "date": "14.10.24",
    "rating": "9",
    "author": "pont****",
    "review_id": "9311465",
    "movie_id": "40134"
  },
  {
    "review": "10점을 주어도 아깝지 않은 웰메이드 영화. 심오한 의미전달은 없지만, 단순한  광태와 광식의 대비만으로 여운의 파급은 상당한 영화.",
    "date": "14.10.18",
    "rating": "10",
    "author": "hw88****",
    "review_id": "9299180",
    "movie_id": "40134"
  },
  {
    "review": "몰입도 최강. 광식이 형 이번엔 잘해보자!",
    "date": "14.09.04",
    "rating": "10",
    "author": "gnac****",
    "review_id": "9165317",
    "movie_id": "40134"
  },
  {
    "review": "순정남을 만나고 싶어하면서도 현실에선 막상 만나면 답답해서 안끌리고 바람둥이 스타일한테 빠지는게 여자의 마음인가? 순정남 비추.",
    "date": "14.08.10",
    "rating": "9",
    "author": "dddo****",
    "review_id": "9063223",
    "movie_id": "40134"
  },
  {
    "review": "남자라면 광식이건 광태건 둘 중 한명에겐 무조건 공감",
    "date": "14.07.31",
    "rating": "9",
    "author": "lgh3****",
    "review_id": "8995170",
    "movie_id": "40134"
  },
  {
    "review": "tv 전기세가 아깝다!!!",
    "date": "14.07.31",
    "rating": "1",
    "author": "ske4****",
    "review_id": "8990885",
    "movie_id": "40134"
  },
  {
    "review": "사랑은 너무 쉬워서도, 너무 어려워서도 안 된다.",
    "date": "14.07.31",
    "rating": "7",
    "author": "ssun****",
    "review_id": "8990025",
    "movie_id": "40134"
  },
  {
    "review": "7점대 이해안된다...사랑을 경험할수록 느껴지는게 더 많아지는 영화...",
    "date": "14.07.21",
    "rating": "10",
    "author": "22hy****",
    "review_id": "8937257",
    "movie_id": "40134"
  },
  {
    "review": "세월이 많이 지난 영화여도 그때는 어려서 몰랐지만 9년이 지난 지금보니 나름 가슴속 깊이 찐한 영화다",
    "date": "14.06.11",
    "rating": "9",
    "author": "dkdl****",
    "review_id": "8821690",
    "movie_id": "40134"
  },
  {
    "review": "남녀관계에 솔직하고 그대로 표현에서 본인은 재미있게 봤음.",
    "date": "14.06.08",
    "rating": "8",
    "author": "a109****",
    "review_id": "8811917",
    "movie_id": "40134"
  },
  {
    "review": "여전히 케이블에선 가끔해주고 있고 볼때마다 갑갑함과 애잔함을 느낀다. 내 얘기고...당신 얘기이며...우리 얘기라서...",
    "date": "14.06.08",
    "rating": "8",
    "author": "jjik****",
    "review_id": "8811285",
    "movie_id": "40134"
  },
  {
    "review": "아무리 그래도 봉태규가 카사노바캐릭터는 아니잖아,,  감독 미쳤음?",
    "date": "14.06.07",
    "rating": "1",
    "author": "fghy****",
    "review_id": "8807284",
    "movie_id": "40134"
  },
  {
    "review": "평점 낮아서 안보다가 이제야 봤는데 진작볼걸 그랬습니다.  광식이랑 나랑 비슷해서 씁쓸하기는 했지만",
    "date": "14.05.19",
    "rating": "9",
    "author": "sunr****",
    "review_id": "8748367",
    "movie_id": "40134"
  },
  {
    "review": "이런 영화 다시 또 안나오나요. 불후의명작인거같아요 몇년 지나도 또 생각나는 영화",
    "date": "14.05.13",
    "rating": "9",
    "author": "kame****",
    "review_id": "8727899",
    "movie_id": "40134"
  },
  {
    "review": "남자들을 위한 멜로.ost 삽질의추억.",
    "date": "14.05.03",
    "rating": "8",
    "author": "yuls****",
    "review_id": "8695354",
    "movie_id": "40134"
  },
  {
    "review": "세월이지나도 풋풋했던 첫사랑",
    "date": "14.04.15",
    "rating": "10",
    "author": "bear****",
    "review_id": "8652483",
    "movie_id": "40134"
  },
  {
    "review": "별 기대없이 보면 대박, 기대하고 봐도 볼만함.",
    "date": "14.04.03",
    "rating": "8",
    "author": "mist****",
    "review_id": "8624458",
    "movie_id": "40134"
  },
  {
    "review": "한국젊은이들은 대부분 광태다",
    "date": "14.04.01",
    "rating": "1",
    "author": "mara****",
    "review_id": "8621731",
    "movie_id": "40134"
  },
  {
    "review": "개인적으로대한민국 최고의로맨틱코미디",
    "date": "14.03.18",
    "rating": "10",
    "author": "art_****",
    "review_id": "8586708",
    "movie_id": "40134"
  },
  {
    "review": "아주 쓰레기같은 영화  짜증남",
    "date": "14.03.18",
    "rating": "1",
    "author": "kimj****",
    "review_id": "8586650",
    "movie_id": "40134"
  },
  {
    "review": "'여자는 짐작만가지고 움직이지 않아요'이요원의 이말이 와닿는 요즘..왜맨날 카톡에 알쏭달쏭한 얘기들만 써놓는지...속터져",
    "date": "14.03.12",
    "rating": "9",
    "author": "tgb7****",
    "review_id": "8570805",
    "movie_id": "40134"
  },
  {
    "review": "진부해도 로맨틱코미디에 끌리는 이유",
    "date": "14.03.03",
    "rating": "7",
    "author": "tkdg****",
    "review_id": "8554371",
    "movie_id": "40134"
  },
  {
    "review": "사랑하기 전, 사랑할 때, 이별 후 모든 상황을 커버하는 수작.",
    "date": "14.01.23",
    "rating": "10",
    "author": "hubu****",
    "review_id": "8417008",
    "movie_id": "40134"
  },
  {
    "review": "양 극단의 형제를 통해 심층적으로 분석한 수컷들의 연애심리.. 디테일한 묘사가 웃음을 자아내면서도 공감을 이끈다.",
    "date": "14.01.19",
    "rating": "8",
    "author": "mygr****",
    "review_id": "8398366",
    "movie_id": "40134"
  },
  {
    "review": "내 인생의 몇 안 되는 좋은 영화이다.",
    "date": "14.01.07",
    "rating": "9",
    "author": "cace****",
    "review_id": "8358014",
    "movie_id": "40134"
  },
  {
    "review": "광식이를 벗어나고프다",
    "date": "14.01.03",
    "rating": "10",
    "author": "gyow****",
    "review_id": "8344624",
    "movie_id": "40134"
  },
  {
    "review": "재밌어 이거 왜 그래 ! 캬캬",
    "date": "13.12.03",
    "rating": "10",
    "author": "kosh****",
    "review_id": "8187554",
    "movie_id": "40134"
  },
  {
    "review": "광식이에 너무 몰입해서 씁쓸한 내가 나지만...",
    "date": "13.12.02",
    "rating": "8",
    "author": "choc****",
    "review_id": "8184904",
    "movie_id": "40134"
  },
  {
    "review": "이 영화를 좀 더 일찍 봤었더라면...나는 요원이를 잡을수 있었을까?보는 재미가 쏠쏠한 영화",
    "date": "13.11.23",
    "rating": "9",
    "author": "wjwj****",
    "review_id": "8163699",
    "movie_id": "40134"
  },
  {
    "review": "광식이 동생 광태! 한국영화 진짜 좋은듯",
    "date": "13.11.11",
    "rating": "10",
    "author": "saig****",
    "review_id": "8131322",
    "movie_id": "40134"
  },
  {
    "review": "참 재밌게 봤었고 세월이 가면 김주혁이 불렀던 곡도 좋았죠",
    "date": "13.11.11",
    "rating": "7",
    "author": "ssan****",
    "review_id": "8131223",
    "movie_id": "40134"
  },
  {
    "review": "건축학개론  , 클래식 , 시라노연애조작단 보다  훨씬 재밌고 감동과 교훈이  있다 그리고 여운이 개 쩐다 (평점은 믿을게 못된다는것을 다시한번 실감한다)",
    "date": "13.10.31",
    "rating": "10",
    "author": "jjan****",
    "review_id": "8105524",
    "movie_id": "40134"
  },
  {
    "review": "광식씨너무애처럽네요..숭고지식한사랑이가슴이아리네요..꿩보다닭으로끝을....광태는철없어서한대쥐어박고싶으~~",
    "date": "13.10.01",
    "rating": "9",
    "author": "seon****",
    "review_id": "8024838",
    "movie_id": "40134"
  },
  {
    "review": "세월이 지나도 가슴깊이 여운이 남는 영화. 명작이다",
    "date": "13.09.25",
    "rating": "10",
    "author": "epow****",
    "review_id": "8014462",
    "movie_id": "40134"
  },
  {
    "review": "볼만한 영화.",
    "date": "13.09.23",
    "rating": "7",
    "author": "eorn****",
    "review_id": "8010711",
    "movie_id": "40134"
  },
  {
    "review": "재밋어요",
    "date": "13.08.15",
    "rating": "10",
    "author": "patt****",
    "review_id": "7884191",
    "movie_id": "40134"
  },
  {
    "review": "나는 정말 10점 주고픈 영화",
    "date": "13.06.08",
    "rating": "10",
    "author": "lhh2****",
    "review_id": "7614553",
    "movie_id": "40134"
  },
  {
    "review": "이정도면 꽤 잘 만들었지. 좋은 영화는 시간이 지나고 세월이 가도~ 여전히 좋은 영화다.",
    "date": "13.06.04",
    "rating": "9",
    "author": "land****",
    "review_id": "7578523",
    "movie_id": "40134"
  },
  {
    "review": "좋아좋아",
    "date": "13.05.16",
    "rating": "10",
    "author": "heer****",
    "review_id": "7530699",
    "movie_id": "40134"
  },
  {
    "review": "김현석감독님꺼중에 가장남 김주혁은솔직히아내가결혼했다에서맡은역할이어울림 웃기고이야기가빠르게전개됨",
    "date": "13.05.09",
    "rating": "7",
    "author": "wonb****",
    "review_id": "7518102",
    "movie_id": "40134"
  },
  {
    "review": "그런대로 볼만합니다.  내용도 과장스럽지 않고 애정에 대한 표현도 참 정직하네요",
    "date": "13.05.09",
    "rating": "7",
    "author": "adiv****",
    "review_id": "7517718",
    "movie_id": "40134"
  },
  {
    "review": "소소한 재미가 계속 이어져 지루할 틈이 없다.",
    "date": "13.05.07",
    "rating": "8",
    "author": "wlfa****",
    "review_id": "7514045",
    "movie_id": "40134"
  },
  {
    "review": "보고나면 가슴이 짠하다. 세월이 가면~",
    "date": "13.03.31",
    "rating": "8",
    "author": "hoju****",
    "review_id": "7427289",
    "movie_id": "40134"
  },
  {
    "review": "이 영화 정말 좋아요",
    "date": "13.03.26",
    "rating": "10",
    "author": "youn****",
    "review_id": "7412920",
    "movie_id": "40134"
  },
  {
    "review": "좋은 영화",
    "date": "13.03.13",
    "rating": "10",
    "author": "juyi****",
    "review_id": "7344381",
    "movie_id": "40134"
  },
  {
    "review": "공감가는 스토리, 재치있는 연출로 표현한 사랑의 본질",
    "date": "13.03.02",
    "rating": "8",
    "author": "breg****",
    "review_id": "7319623",
    "movie_id": "40134"
  },
  {
    "review": "이정도면 잘 만든거 아니냐",
    "date": "13.02.12",
    "rating": "9",
    "author": "imil****",
    "review_id": "7255285",
    "movie_id": "40134"
  },
  {
    "review": "고2때 첨보고 22살때 또보고 25살에 다시보는데 볼때마다 느낌이 다르네요.지금 보니까 굉장히 씁쓸하고 슬픈영화인것 같슴다.광식이 모습에 제 모습이 오버랩되는 기분이네요ㅋㅋ",
    "date": "13.02.12",
    "rating": "10",
    "author": "nice****",
    "review_id": "7254801",
    "movie_id": "40134"
  },
  {
    "review": "좋아요",
    "date": "13.01.19",
    "rating": "10",
    "author": "39we****",
    "review_id": "7131236",
    "movie_id": "40134"
  },
  {
    "review": "형이 없어서 참 다행이다. 내가 봉태규였다면 매우 화가 났을거 같다. 소년은 언제나 빨리 어른이 되고싶어하지,",
    "date": "13.01.13",
    "rating": "8",
    "author": "bajj****",
    "review_id": "7109172",
    "movie_id": "40134"
  },
  {
    "review": "이야기 표현 방식은 좋았으나 이야기 자체가 별로",
    "date": "12.12.14",
    "rating": "4",
    "author": "ha_m****",
    "review_id": "7001466",
    "movie_id": "40134"
  },
  {
    "review": "재밌다..슬프다 화끈하다 웃기다.",
    "date": "12.10.16",
    "rating": "9",
    "author": "mano****",
    "review_id": "6805934",
    "movie_id": "40134"
  },
  {
    "review": "봉태규때매봣는데 ㅋㅋ김주혁이더많이나와서...좀지루?햇어도 진짜웃겼음 ㅋㅋㅋㅋ특히 김아중이랑 ㅋㅋㅋㅋ배드신?이라해야하나 ㅋㅋ왜케빨라 ㅋㅋㅋㅋ새탁기인줄알앗다 15세...인데 그장면만좀...ㅋㅋㅋㅋ너무 ㅋ웃겻어 봉태규귀여워",
    "date": "12.10.15",
    "rating": "8",
    "author": "jkl9****",
    "review_id": "6805056",
    "movie_id": "40134"
  },
  {
    "review": "볼만한",
    "date": "12.09.18",
    "rating": "8",
    "author": "ggan****",
    "review_id": "6710346",
    "movie_id": "40134"
  },
  {
    "review": "정말 재밌게 본 영화..",
    "date": "12.08.29",
    "rating": "10",
    "author": "rlar****",
    "review_id": "6653052",
    "movie_id": "40134"
  },
  {
    "review": "건축학개론보다 낫다. 세월이 가면이 이렇게 슬픈 노래였나?",
    "date": "12.08.27",
    "rating": "9",
    "author": "hll0****",
    "review_id": "6648751",
    "movie_id": "40134"
  },
  {
    "review": "쓰레기다 씨발 노희재가 추천했는데 ㅅㅂ",
    "date": "12.08.15",
    "rating": "1",
    "author": "kimb****",
    "review_id": "6606983",
    "movie_id": "40134"
  },
  {
    "review": "이게 왜 7점대.. 클래식보다 훨씬 낫다",
    "date": "12.07.29",
    "rating": "10",
    "author": "free****",
    "review_id": "6551485",
    "movie_id": "40134"
  },
  {
    "review": "정말 코믹하고 재밌는 영화다.",
    "date": "12.06.27",
    "rating": "10",
    "author": "odjs****",
    "review_id": "6419670",
    "movie_id": "40134"
  },
  {
    "review": "킬링 타임 그 이상의 재미. 연속되는 복선의 묘미와 꼼꼼한 연출이 돋보이는...!",
    "date": "12.06.24",
    "rating": "9",
    "author": "popy****",
    "review_id": "6412774",
    "movie_id": "40134"
  },
  {
    "review": "맨날 봐도 잼있는 최고의 한국 영화! 건축학개론 승민을 능가하는 광식!",
    "date": "12.06.04",
    "rating": "10",
    "author": "j_ki****",
    "review_id": "6362624",
    "movie_id": "40134"
  },
  {
    "review": "흐린 인연속에 기억을 진하게 색칠하니 두가지 안녕이 나왔다.",
    "date": "12.05.11",
    "rating": "8",
    "author": "mhth****",
    "review_id": "6288871",
    "movie_id": "40134"
  },
  {
    "review": "답답하면서도 한편으로는 공감이 되는.....",
    "date": "12.05.07",
    "rating": "8",
    "author": "kch_****",
    "review_id": "6278838",
    "movie_id": "40134"
  },
  {
    "review": "엇갈리는 운명. 새롭게 시작되는 만남. 사랑은 비를타고온다?",
    "date": "12.04.30",
    "rating": "9",
    "author": "usuh****",
    "review_id": "6259459",
    "movie_id": "40134"
  },
  {
    "review": "공감가는 내용도 아니고 지루하더라",
    "date": "12.04.26",
    "rating": "3",
    "author": "fate****",
    "review_id": "6247304",
    "movie_id": "40134"
  },
  {
    "review": "참 인연이란게...",
    "date": "12.04.25",
    "rating": "7",
    "author": "hjs8****",
    "review_id": "6245255",
    "movie_id": "40134"
  },
  {
    "review": "가볍게 보이지만 의외로 진지한 면이 있는 그들의 대화..",
    "date": "12.04.14",
    "rating": "8",
    "author": "blue****",
    "review_id": "6219954",
    "movie_id": "40134"
  },
  {
    "review": "칠년전이라 기억은 잘안나지만  그때  엄청 공감 했던 영화",
    "date": "12.04.09",
    "rating": "9",
    "author": "scho****",
    "review_id": "6205278",
    "movie_id": "40134"
  },
  {
    "review": "내 인생 최고의 영화!",
    "date": "12.03.03",
    "rating": "10",
    "author": "cliu****",
    "review_id": "6120615",
    "movie_id": "40134"
  },
  {
    "review": "다시봐도 재밌네요, 특히 광태의 변화가 맘에 드네요",
    "date": "12.02.28",
    "rating": "10",
    "author": "ha31****",
    "review_id": "6109024",
    "movie_id": "40134"
  },
  {
    "review": "오랜만에 다시보아도 여전하네요. 감성적일때보면 더와닿는다는..",
    "date": "12.01.30",
    "rating": "10",
    "author": "tjsn****",
    "review_id": "6034483",
    "movie_id": "40134"
  },
  {
    "review": "꾸밈없이 보여주고 있다 엉키고 엉켜야 인연이 된다는 것을",
    "date": "12.01.27",
    "rating": "9",
    "author": "dlgo****",
    "review_id": "6026713",
    "movie_id": "40134"
  },
  {
    "review": "세월이 가면~",
    "date": "12.01.22",
    "rating": "9",
    "author": "kdy3****",
    "review_id": "6010049",
    "movie_id": "40134"
  },
  {
    "review": "봉태규랑 김아중이랑 만났던커피집원래는3층인데 마지막부분에서 4층인이유는.???",
    "date": "12.01.10",
    "rating": "8",
    "author": "isab****",
    "review_id": "5976122",
    "movie_id": "40134"
  },
  {
    "review": "자못 발랄하나, 이렇다 할 임팩트는 없다.",
    "date": "11.12.04",
    "rating": "6",
    "author": "thsr****",
    "review_id": "5885950",
    "movie_id": "40134"
  },
  {
    "review": "들었다놨다 하지만 캐릭터의 매력만큼은.",
    "date": "11.11.15",
    "rating": "7",
    "author": "reco****",
    "review_id": "5851097",
    "movie_id": "40134"
  },
  {
    "review": "재미있다.",
    "date": "11.11.14",
    "rating": "8",
    "author": "yoon****",
    "review_id": "5848480",
    "movie_id": "40134"
  },
  {
    "review": "지금 할짓있어서 잠못자고 있는데. ebs에서 하네여 ㅎㅎ 꽤재미있넼ㅋㅋㅋㅋ~~~~~~~~",
    "date": "11.11.14",
    "rating": "10",
    "author": "vlzk****",
    "review_id": "5848395",
    "movie_id": "40134"
  },
  {
    "review": "이런건 만점",
    "date": "11.11.12",
    "rating": "10",
    "author": "love****",
    "review_id": "5843483",
    "movie_id": "40134"
  },
  {
    "review": "나쁘지 않아",
    "date": "11.11.05",
    "rating": "7",
    "author": "cine****",
    "review_id": "5828600",
    "movie_id": "40134"
  }
]