[
  {
    "review": "다이하드4가 최고이내~너무 아기자기하게 잘 만들었다,",
    "date": "15.08.16",
    "rating": "10",
    "author": "zero****",
    "review_id": "10242719",
    "movie_id": "40133"
  },
  {
    "review": "이정도 수준의 액션영화들만 계속 나와주면 좋겠다..진심 짱",
    "date": "15.08.11",
    "rating": "10",
    "author": "silv****",
    "review_id": "10217328",
    "movie_id": "40133"
  },
  {
    "review": "진짜 제목 그대로 죽기도 어려운 맥클레인의 처절한 액션극ㅋㅋ 다이하드 시리즈 중 가장 화끈함",
    "date": "15.07.28",
    "rating": "10",
    "author": "ckda****",
    "review_id": "10152564",
    "movie_id": "40133"
  },
  {
    "review": "영화내용구성이랑배우들의연기력이너무좋았다",
    "date": "15.07.26",
    "rating": "10",
    "author": "east****",
    "review_id": "10146884",
    "movie_id": "40133"
  },
  {
    "review": "아날로그 맥클레인의 강력한 오락액션.",
    "date": "15.07.21",
    "rating": "7",
    "author": "ogr5****",
    "review_id": "10124758",
    "movie_id": "40133"
  },
  {
    "review": "역시 다이하드~최고임",
    "date": "15.07.21",
    "rating": "10",
    "author": "hoon****",
    "review_id": "10124675",
    "movie_id": "40133"
  },
  {
    "review": "1부터 정주행했습니다 브루스 형님 최고",
    "date": "15.07.16",
    "rating": "10",
    "author": "rkdt****",
    "review_id": "10108503",
    "movie_id": "40133"
  },
  {
    "review": "디지털 시대에도 끄떡없는 아날로그 형사의 반격! 노장은 쉽게 죽지 않는다.",
    "date": "15.07.13",
    "rating": "9",
    "author": "dlax****",
    "review_id": "10101366",
    "movie_id": "40133"
  },
  {
    "review": "나쁘지 않은 웰메이드 영화",
    "date": "15.07.11",
    "rating": "8",
    "author": "kenn****",
    "review_id": "10091659",
    "movie_id": "40133"
  },
  {
    "review": "브루스 윌리스의 액션도 대단하고 재밌다",
    "date": "15.05.24",
    "rating": "9",
    "author": "luck****",
    "review_id": "9945915",
    "movie_id": "40133"
  },
  {
    "review": "역시 재밌음. 하지만 4까지만 나왔어야 했다.",
    "date": "15.04.12",
    "rating": "10",
    "author": "lsh5****",
    "review_id": "9841819",
    "movie_id": "40133"
  },
  {
    "review": "무더위를 날려보내는 신나는 액션!",
    "date": "15.03.20",
    "rating": "9",
    "author": "rhfl****",
    "review_id": "9794536",
    "movie_id": "40133"
  },
  {
    "review": "중딩 때 극장에서 재밌게 봤던 기억ㅇㅣ",
    "date": "15.02.17",
    "rating": "10",
    "author": "usb5****",
    "review_id": "9704048",
    "movie_id": "40133"
  },
  {
    "review": "It was great",
    "date": "15.02.15",
    "rating": "10",
    "author": "secr****",
    "review_id": "9697564",
    "movie_id": "40133"
  },
  {
    "review": "디지털 시대의 아날로그 형사라는 설정 아래 스케일이 나라 전체로 커졌다.",
    "date": "15.01.16",
    "rating": "10",
    "author": "bsm9****",
    "review_id": "9602486",
    "movie_id": "40133"
  },
  {
    "review": "4에서 끝냈어야 했다.",
    "date": "14.12.29",
    "rating": "10",
    "author": "gree****",
    "review_id": "9535863",
    "movie_id": "40133"
  },
  {
    "review": "재미있긴 한데 악당 두목 포스가 좀 떨어지는게 아쉽네.",
    "date": "14.12.27",
    "rating": "8",
    "author": "chin****",
    "review_id": "9523232",
    "movie_id": "40133"
  },
  {
    "review": "말이필요없다. 브루스 형님 최고다. 통쾌한 액션!!!",
    "date": "14.12.25",
    "rating": "10",
    "author": "lhj3****",
    "review_id": "9516507",
    "movie_id": "40133"
  },
  {
    "review": "터널이 최고네.부국장이 신현준같다ㅋㅋ여자머리끄댕이잡고 싸울때 빵터짐ㅋ여자 터미네이터보는듯;차에 치여도 안죽고 멀쩡하다니;ㅎㅎ4편이 최고 재밌다ㅋ근데 브루스 윌리스 혼자 너무 고생해서 출연료 많이줘야할듯..지원병들은 꼭 사건이 마무리되고나서 나타남-_-",
    "date": "14.12.20",
    "rating": "10",
    "author": "hans****",
    "review_id": "9491320",
    "movie_id": "40133"
  },
  {
    "review": "진짜 와....한 사람이 맨몸으로 전투기랑 대적을 하냐...다이하드 8쯤엔 X맨이랑 싸워도 될듯;;",
    "date": "14.12.13",
    "rating": "10",
    "author": "leel****",
    "review_id": "9470708",
    "movie_id": "40133"
  },
  {
    "review": "딸바보가된 브루스월리스",
    "date": "14.12.01",
    "rating": "7",
    "author": "yjy8****",
    "review_id": "9438995",
    "movie_id": "40133"
  },
  {
    "review": "디지털 시대에 향수를 불러일으키는 아날로그 액션",
    "date": "14.11.30",
    "rating": "7",
    "author": "rcan****",
    "review_id": "9434237",
    "movie_id": "40133"
  },
  {
    "review": "브루스 윌리스의 하드웨어적 한계에서 뽑아낸 원숙함의 극단.",
    "date": "14.11.30",
    "rating": "8",
    "author": "tear****",
    "review_id": "9434028",
    "movie_id": "40133"
  },
  {
    "review": "인정하자. 이정도면 훌륭한 속편이다",
    "date": "14.11.21",
    "rating": "9",
    "author": "rors****",
    "review_id": "9408461",
    "movie_id": "40133"
  },
  {
    "review": "애매한 리뷰 땜에 주저했는데 재밌게만 봤네요 ㅋㅋ 윌리스 성니뮤",
    "date": "14.10.18",
    "rating": "10",
    "author": "the_****",
    "review_id": "9299012",
    "movie_id": "40133"
  },
  {
    "review": "엄청 아쉽다 다이하드 1,2,3를 상상하고 봤는데 아쉬운느낌이 너무많이 들었다",
    "date": "14.09.25",
    "rating": "6",
    "author": "ryok****",
    "review_id": "9240048",
    "movie_id": "40133"
  },
  {
    "review": "와..왜이걸지금에서야 봤을까액션이라는 그 장르에 재미없다생각하고 또 시시하겠지했는데 이걸보면 그런소리 안나온다",
    "date": "14.09.06",
    "rating": "10",
    "author": "aui0****",
    "review_id": "9172094",
    "movie_id": "40133"
  },
  {
    "review": "액션 자체가 격이 다르다.",
    "date": "14.08.28",
    "rating": "10",
    "author": "ajtw****",
    "review_id": "9139396",
    "movie_id": "40133"
  },
  {
    "review": "재밌게 본 영화죠. 다이하드는 그냥 믿고 보는 겁니다.",
    "date": "14.08.18",
    "rating": "10",
    "author": "ttl3****",
    "review_id": "9108902",
    "movie_id": "40133"
  },
  {
    "review": "눈을 즐겁게 하는 화려한 폭파신은 볼만하고 기억에 남음. 그러나 단순 액션 영화보다는 스릴러가  좀 더 가미되었다면 훨씬 더 좋았을 듯. 소재는 나쁘지 않은 듯. 그러나 역시 히어로가 돋보이려면 악당도 그만큼 카리스마를 가지고 있어야 함.",
    "date": "14.08.02",
    "rating": "8",
    "author": "jjaj****",
    "review_id": "9006459",
    "movie_id": "40133"
  },
  {
    "review": "다이하드 외전편 같다. 전작들보다 훌륭하진 않지만 존 맥클레인 캐릭터는 여전히 매력적이다",
    "date": "14.07.31",
    "rating": "8",
    "author": "whia****",
    "review_id": "8996988",
    "movie_id": "40133"
  },
  {
    "review": "역시 다이하드네요. 보는 시간내내 눈을 뗄 수 없게 만드는 액션의 도가니탕~ ㅋㅋ 최고입니다.",
    "date": "14.07.09",
    "rating": "10",
    "author": "chsm****",
    "review_id": "8898473",
    "movie_id": "40133"
  },
  {
    "review": "볼만하네 볼만해 볼만하다",
    "date": "14.06.15",
    "rating": "9",
    "author": "lch5****",
    "review_id": "8833223",
    "movie_id": "40133"
  },
  {
    "review": "이게 8점대라고? 다이하드는 3편에서 끝냈어야함",
    "date": "14.06.08",
    "rating": "1",
    "author": "ddab****",
    "review_id": "8813353",
    "movie_id": "40133"
  },
  {
    "review": "5편의 존 무어 감독은 만약에 6편을 만든다 하면 4편까진 복습하고 오시길!그게 뭡니까 대체! 액션도 영 통쾌하지가 않았음....4편까지가 아직은 진리다!6편을 찍을거면 전작들의 감독한테서 조언 좀 받고 오시오!",
    "date": "14.06.02",
    "rating": "10",
    "author": "wlfw****",
    "review_id": "8787645",
    "movie_id": "40133"
  },
  {
    "review": "시리즈 할때 마다 새로운 내용으로 관객을 즐겁게 한다",
    "date": "14.05.22",
    "rating": "7",
    "author": "adiv****",
    "review_id": "8752547",
    "movie_id": "40133"
  },
  {
    "review": "예전에 극장에서 보고 dvd로 다시보고 평점 남긴는건데 헐리웃 액션의 명불허전은 다이하드라고 생각한다  터널씬에서 자동차 날아오는 장면은 지금봐도 짜릿하다 3탄에서 지하철 폭파씬과 맞먹음 롱과 윌리스님의 명대사! 그래서 니가 영웅인거야 가 기억에남는다",
    "date": "14.05.06",
    "rating": "10",
    "author": "wlsa****",
    "review_id": "8711022",
    "movie_id": "40133"
  },
  {
    "review": "다이하드시리즈의 결정판!!  한 순간도 지루할 틈이 없다!",
    "date": "14.05.05",
    "rating": "10",
    "author": "fghy****",
    "review_id": "8705838",
    "movie_id": "40133"
  },
  {
    "review": "헐리웃 수 많은 불꽃놀이 중 가장 눈앞에서 본 느낌!",
    "date": "14.05.01",
    "rating": "7",
    "author": "ghzm****",
    "review_id": "8688690",
    "movie_id": "40133"
  },
  {
    "review": "브루스윌리스의 통쾌한 액션",
    "date": "14.04.06",
    "rating": "10",
    "author": "eon3****",
    "review_id": "8632526",
    "movie_id": "40133"
  },
  {
    "review": "액션영화의 교과서로 불리기에 손색이없다",
    "date": "14.04.05",
    "rating": "10",
    "author": "rmfo****",
    "review_id": "8630302",
    "movie_id": "40133"
  },
  {
    "review": "엄청난 스케일 속에서 매력 만점 캐릭터들과 화끈한 액션 장면들을 보는 재미가 넘친다.",
    "date": "14.04.01",
    "rating": "10",
    "author": "ieew****",
    "review_id": "8622681",
    "movie_id": "40133"
  },
  {
    "review": "평점이 너무 높다 조금만 내리자",
    "date": "14.03.24",
    "rating": "1",
    "author": "kjon****",
    "review_id": "8602528",
    "movie_id": "40133"
  },
  {
    "review": "경찰차를 가지고 헬기를 폭발시키는 씬은 잊을 수가 없다.",
    "date": "14.02.24",
    "rating": "9",
    "author": "hell****",
    "review_id": "8533584",
    "movie_id": "40133"
  },
  {
    "review": "디지털테러를다룬영화라 \"뭐 액션 별거없겠네\"했다가 뒤통수맞은영화. 정말 액션으로써는 다이하드중 최고!",
    "date": "14.02.21",
    "rating": "9",
    "author": "dltj****",
    "review_id": "8527112",
    "movie_id": "40133"
  },
  {
    "review": "다이하드 1-2-3-4 최고다.시리즈가 이렇게나 많이 나왔는데평점들이 다 9점대...정말 대박인듯;;에일리언이나 로보캅, 터미네이터 시리즈도6~7점대다 있는데...무튼 브루스 윌리스 나오는건 다 재밌음.꼭 액션이 아니더라도!!",
    "date": "14.02.19",
    "rating": "10",
    "author": "dlck****",
    "review_id": "8520039",
    "movie_id": "40133"
  },
  {
    "review": "존 맥클래인은 한물 갔다고 믿은 나에게 크게 한방 먹인영화. 치고 박고 때리고 부수고 아날로그 액션의 최고봉이라고 표현하고 싶네요.",
    "date": "14.02.05",
    "rating": "9",
    "author": "soul****",
    "review_id": "8478529",
    "movie_id": "40133"
  },
  {
    "review": "기억에 남는 장면들이 매우많음",
    "date": "14.01.07",
    "rating": "9",
    "author": "lim9****",
    "review_id": "8358796",
    "movie_id": "40133"
  },
  {
    "review": "어쩌다가 빌딩의 인질들을 구하고, 공항에서 비행기들 구하고, 연방준비은행 포트녹스의 골드바를 지켜낸 존이 이렇게 타락할 수 있을까? 이쯤되면 국가적 영웅으로 대접받고 있어야 할텐데 영화속의 존은 그냥 퇴물 형사일 뿐 그 이상 그 이하도 아니라 충격!",
    "date": "14.01.01",
    "rating": "4",
    "author": "cksd****",
    "review_id": "8336297",
    "movie_id": "40133"
  },
  {
    "review": "정말 소름끼친다!!!",
    "date": "13.12.28",
    "rating": "10",
    "author": "ske4****",
    "review_id": "8314830",
    "movie_id": "40133"
  },
  {
    "review": "존 맥클레인 얕보지 마라. 인생 종 친다. ㅋㅋㅋ",
    "date": "13.12.22",
    "rating": "10",
    "author": "conf****",
    "review_id": "8276204",
    "movie_id": "40133"
  },
  {
    "review": "최고다 9점이 안넘는게 신기할뿐...",
    "date": "13.12.19",
    "rating": "10",
    "author": "tjrg****",
    "review_id": "8236905",
    "movie_id": "40133"
  },
  {
    "review": "아직 죽지않았다는걸 보여주는 맥클레인의 활약.",
    "date": "13.12.13",
    "rating": "8",
    "author": "kxvt****",
    "review_id": "8210166",
    "movie_id": "40133"
  },
  {
    "review": "이것들아 액션을 하려면 이정도는 해야지",
    "date": "13.12.11",
    "rating": "8",
    "author": "soqu****",
    "review_id": "8205736",
    "movie_id": "40133"
  },
  {
    "review": "다이하드 6 만세입니다",
    "date": "13.12.06",
    "rating": "10",
    "author": "jsga****",
    "review_id": "8194630",
    "movie_id": "40133"
  },
  {
    "review": "디지탈 테러에 맞서는 아날로그 액션의 매력!",
    "date": "13.10.21",
    "rating": "8",
    "author": "pont****",
    "review_id": "8076317",
    "movie_id": "40133"
  },
  {
    "review": "이번거보고 약간 실망?했다",
    "date": "13.10.12",
    "rating": "9",
    "author": "534k****",
    "review_id": "8055202",
    "movie_id": "40133"
  },
  {
    "review": "다이하드 시리즈 중 제일 좋아하는 작품. 몇번을 봤는지 모르겠다.",
    "date": "13.10.09",
    "rating": "9",
    "author": "wlgh****",
    "review_id": "8047039",
    "movie_id": "40133"
  },
  {
    "review": "액션물 치고는 스토리가 꽤 괜찮은듯..",
    "date": "13.09.29",
    "rating": "8",
    "author": "ligh****",
    "review_id": "8021617",
    "movie_id": "40133"
  },
  {
    "review": "완벽한 아날로그 액션도 아님...전개도 어설픔...하지만 재미는 있음",
    "date": "13.09.18",
    "rating": "7",
    "author": "cray****",
    "review_id": "7990992",
    "movie_id": "40133"
  },
  {
    "review": "닥10",
    "date": "13.09.01",
    "rating": "10",
    "author": "ms94****",
    "review_id": "7940869",
    "movie_id": "40133"
  },
  {
    "review": "진짜 다이하드하다.다이하드 시리즈 중에 가장 현대적인 그래픽임.이걸 보면서 왜 제목이 다이하드인지 이해가 가네요.",
    "date": "13.08.25",
    "rating": "10",
    "author": "igel****",
    "review_id": "7921601",
    "movie_id": "40133"
  },
  {
    "review": "다이하드는 죽지 않았다. 화끈한 액션으로 옛 추억을 되살려줬다.개연성이 부족한 건 어쩔 수 없는 숙제인듯...",
    "date": "13.08.24",
    "rating": "8",
    "author": "xogu****",
    "review_id": "7916052",
    "movie_id": "40133"
  },
  {
    "review": "나 알바임",
    "date": "13.08.02",
    "rating": "10",
    "author": "mobi****",
    "review_id": "7819553",
    "movie_id": "40133"
  },
  {
    "review": "Killing Time이라면, 이 정도로는 죽여줘야 영화지.",
    "date": "13.07.31",
    "rating": "9",
    "author": "nigh****",
    "review_id": "7803581",
    "movie_id": "40133"
  },
  {
    "review": "1,2는 조금밖에 안봐서 모르겠지만 3때부터 즐겨봤지만 4가 정말 재미있었던것같다...",
    "date": "13.07.29",
    "rating": "10",
    "author": "rlaw****",
    "review_id": "7796584",
    "movie_id": "40133"
  },
  {
    "review": "이글아이 따라했네",
    "date": "13.07.27",
    "rating": "4",
    "author": "npgp****",
    "review_id": "7791619",
    "movie_id": "40133"
  },
  {
    "review": "결국엔 다이하드 시리즈도 오락 영화가 되었다.",
    "date": "13.07.27",
    "rating": "7",
    "author": "come****",
    "review_id": "7790024",
    "movie_id": "40133"
  },
  {
    "review": "액션은 정말 장난아니다 영화 내내 부수고 박살나고 난리도 아니네. 어마어마하게 부셔먹는다. 하지만, 악역이 왜 그런 짓을 했는지는 그렇게 공감이 안감.아무튼 존 맥클레인, 이번에도 갑이었다. 거의 터미네이터 수준이었음.",
    "date": "13.07.18",
    "rating": "7",
    "author": "aiam****",
    "review_id": "7756050",
    "movie_id": "40133"
  },
  {
    "review": "몰입감 좋고, 근데 악당이 너무 악당 같지 않아.....",
    "date": "13.07.14",
    "rating": "8",
    "author": "wazi****",
    "review_id": "7742324",
    "movie_id": "40133"
  },
  {
    "review": "상당한 재미와 장르에 충실한 액션은 돋보이나,예전 1,2편의 맛은 사라진느낌.기술적인 요소는 상당하지만 감성적인 영화요소등은 약해진느낌이다. 그래도 예상외로 스토리가 좋아서 놀랬다.",
    "date": "13.07.12",
    "rating": "7",
    "author": "chjy****",
    "review_id": "7731561",
    "movie_id": "40133"
  },
  {
    "review": "아빠에사랑~딸이란..반짝반짝대머리만큼 부르스윌리스액션짱이네요..20년전영화보니그냥순진한교수스탈이었는데지금은~~",
    "date": "13.06.26",
    "rating": "8",
    "author": "seon****",
    "review_id": "7682127",
    "movie_id": "40133"
  },
  {
    "review": "재미있다 액션도 좋고 스토리도 좋았다 하지만 5편은...",
    "date": "13.06.11",
    "rating": "10",
    "author": "amaz****",
    "review_id": "7627034",
    "movie_id": "40133"
  },
  {
    "review": "숨가쁘게 눈돌릴틈도 없이 재미있다",
    "date": "13.06.10",
    "rating": "10",
    "author": "drea****",
    "review_id": "7625221",
    "movie_id": "40133"
  },
  {
    "review": "인제 그의 얼굴에서 노련함이 묻어난다.",
    "date": "13.06.09",
    "rating": "8",
    "author": "xlas****",
    "review_id": "7616418",
    "movie_id": "40133"
  },
  {
    "review": "이렇게 편안하게 액션을 연기할수있을까 브루스윌리스 굿..",
    "date": "13.06.06",
    "rating": "9",
    "author": "jae9****",
    "review_id": "7599494",
    "movie_id": "40133"
  },
  {
    "review": "이것이 존맥클레인의 마지막 불꽃!!5는 도저히 못봐주겠더이다....하지만 4.0은 최고!!",
    "date": "13.06.06",
    "rating": "9",
    "author": "godt****",
    "review_id": "7594331",
    "movie_id": "40133"
  },
  {
    "review": "말이 필요없는 대작! 스토리도 탄탄 스케일도 큰..",
    "date": "13.05.31",
    "rating": "10",
    "author": "qorc****",
    "review_id": "7565317",
    "movie_id": "40133"
  },
  {
    "review": "전작보단 아니지만 재밌다",
    "date": "13.05.29",
    "rating": "10",
    "author": "mara****",
    "review_id": "7561661",
    "movie_id": "40133"
  },
  {
    "review": "...",
    "date": "13.05.18",
    "rating": "6",
    "author": "voic****",
    "review_id": "7539799",
    "movie_id": "40133"
  },
  {
    "review": "스케일도 크고 액션신도 좋았다.",
    "date": "13.05.16",
    "rating": "8",
    "author": "ssun****",
    "review_id": "7530589",
    "movie_id": "40133"
  },
  {
    "review": "전작들에 비해 현저히 떨어지는 무게감....",
    "date": "13.05.11",
    "rating": "7",
    "author": "sinb****",
    "review_id": "7520725",
    "movie_id": "40133"
  },
  {
    "review": "다이하드 시리즈 중 제일 좋았던... 테이큰 설정 좋았다.",
    "date": "13.04.27",
    "rating": "9",
    "author": "01aj****",
    "review_id": "7486143",
    "movie_id": "40133"
  },
  {
    "review": "요즘 CG액션이 많은데 아날로그 정통액션으로는 '분노의질주:언리미티드'랑 다이하드4.0 동급최강. 그이상 못봤음.",
    "date": "13.04.18",
    "rating": "10",
    "author": "zeti****",
    "review_id": "7466254",
    "movie_id": "40133"
  },
  {
    "review": "왜 다이하드가 다이하드인줄알것이야",
    "date": "13.04.10",
    "rating": "10",
    "author": "pivo****",
    "review_id": "7447153",
    "movie_id": "40133"
  },
  {
    "review": "와 진짜 재미있다 Good",
    "date": "13.04.09",
    "rating": "10",
    "author": "rhdu****",
    "review_id": "7446120",
    "movie_id": "40133"
  },
  {
    "review": "의리가 있네",
    "date": "13.03.20",
    "rating": "10",
    "author": "ttek****",
    "review_id": "7379635",
    "movie_id": "40133"
  },
  {
    "review": "브루스윌리스 ..",
    "date": "13.03.17",
    "rating": "10",
    "author": "juk7****",
    "review_id": "7356309",
    "movie_id": "40133"
  },
  {
    "review": "스릴 짱",
    "date": "13.03.11",
    "rating": "10",
    "author": "rain****",
    "review_id": "7341489",
    "movie_id": "40133"
  },
  {
    "review": "야.... 이렇게도 액션을 만드는구나.... 싶었다. 스토리도 여느 액션과는 다르게 탄탄하고 액션은 최고였다",
    "date": "13.03.10",
    "rating": "9",
    "author": "sg00****",
    "review_id": "7337871",
    "movie_id": "40133"
  },
  {
    "review": "최고다 진짜",
    "date": "13.03.07",
    "rating": "10",
    "author": "jb89****",
    "review_id": "7330252",
    "movie_id": "40133"
  },
  {
    "review": "나는 왜 다이하드4편이 이리 좋지 ㅋㅋㅋ 패럴이 마음에 들었나보다... 5편은 다들 별로라 그러네 ㅜ",
    "date": "13.03.07",
    "rating": "10",
    "author": "mr_p****",
    "review_id": "7328326",
    "movie_id": "40133"
  },
  {
    "review": "지렷다",
    "date": "13.03.03",
    "rating": "10",
    "author": "tmff****",
    "review_id": "7320804",
    "movie_id": "40133"
  },
  {
    "review": "5탄을 보고나니 4탄이 그래도 얼마나 선전했는지 알수있겠다. 1,3편빼고는 다 영...",
    "date": "13.03.02",
    "rating": "1",
    "author": "ksw2****",
    "review_id": "7317992",
    "movie_id": "40133"
  },
  {
    "review": "내인생최고의액션영화",
    "date": "13.02.28",
    "rating": "10",
    "author": "sncu****",
    "review_id": "7308695",
    "movie_id": "40133"
  },
  {
    "review": "쾅쾅 시원하게 때려부순다. 총 들고 인질극 버리던 악당들은 어디가고 디지털로 무장한 악당들. 그래도 아날로그 영웅은 승리한다.",
    "date": "13.02.24",
    "rating": "10",
    "author": "minw****",
    "review_id": "7299139",
    "movie_id": "40133"
  },
  {
    "review": "역시 다이하드",
    "date": "13.02.23",
    "rating": "10",
    "author": "mens****",
    "review_id": "7295017",
    "movie_id": "40133"
  },
  {
    "review": "4에서 나온 녀석이 맥클레인 최고의 파트너인 것 같다. 적이 계속 봐주다가 봉변당하네.. 불쌍해라...",
    "date": "13.02.22",
    "rating": "10",
    "author": "gjin****",
    "review_id": "7291595",
    "movie_id": "40133"
  },
  {
    "review": "액션하면 다이하드지",
    "date": "13.02.22",
    "rating": "8",
    "author": "jwjw****",
    "review_id": "7289007",
    "movie_id": "40133"
  },
  {
    "review": "화면에 나오는건 다 때려 부숩니다~ㅎㅎㅎ 스트레스 해소!! 근데 울 브루스 형은 총 들 힘도 없어 지셨어..ㅠㅠ",
    "date": "13.02.21",
    "rating": "9",
    "author": "msjh****",
    "review_id": "7286331",
    "movie_id": "40133"
  }
]