[
  {
    "review": "태어나서 유일하게 무섭게 본 영화...짱..",
    "date": "15.08.22",
    "rating": "10",
    "author": "hans****",
    "review_id": "10264538",
    "movie_id": "40140"
  },
  {
    "review": "재밌네요 ㅎㅎ 귀신도 무섭고 스토리도 재밌고 공포영화 좋아하는데 간만에 쫄깃하게 봤어요!",
    "date": "15.08.22",
    "rating": "10",
    "author": "tooo****",
    "review_id": "10260634",
    "movie_id": "40140"
  },
  {
    "review": "공포영화중에 최고인듯",
    "date": "15.08.21",
    "rating": "10",
    "author": "rhwo****",
    "review_id": "10260374",
    "movie_id": "40140"
  },
  {
    "review": "매일밤 도전한다 결국 포기하고 다른 공포영화 찾게 된다너무 무섭다 전설의 고향만큼 갑인영화",
    "date": "15.08.19",
    "rating": "10",
    "author": "king****",
    "review_id": "10251192",
    "movie_id": "40140"
  },
  {
    "review": "지금 봐도 후덜덜이다. 동양귀신중 귀신은 태국 귀신이 갑이다.",
    "date": "15.08.14",
    "rating": "9",
    "author": "rica****",
    "review_id": "10227945",
    "movie_id": "40140"
  },
  {
    "review": "이거보고 않무섭다고하는사람은 가오인건가 아니면 않보고허세부리는사람인가 아니면 내가쫄보인건가",
    "date": "15.08.11",
    "rating": "10",
    "author": "gudu****",
    "review_id": "10215358",
    "movie_id": "40140"
  },
  {
    "review": "태국영화 무시안하겠습니다..",
    "date": "15.08.08",
    "rating": "10",
    "author": "odlb****",
    "review_id": "10203077",
    "movie_id": "40140"
  },
  {
    "review": "여자 두명이서 dvd방에서 평점보고 봤다가 실망한 영화입니다.이거 보고 무섭다고 하는 남자는 최소 겁많은 남자겁많은 여자둘이 봐도 그저그래요..한국 영화 화이트 정도에 1/10 무서움입니다이 영화볼바에 다른것 찾아보세요사진작가에겐 적극추천",
    "date": "15.08.08",
    "rating": "4",
    "author": "dkdu****",
    "review_id": "10203011",
    "movie_id": "40140"
  },
  {
    "review": "베스트 평점멘트에 동감하며 10대 유치한 나이에 유치한 짓하며 유치한 영화라고 하네 우습다 그냥",
    "date": "15.08.08",
    "rating": "10",
    "author": "floo****",
    "review_id": "10202958",
    "movie_id": "40140"
  },
  {
    "review": "나중에 귀신을 응원하게 되는 영화명대사는 화장실에서 \"끝나고 하자\"",
    "date": "15.07.31",
    "rating": "8",
    "author": "cher****",
    "review_id": "10168178",
    "movie_id": "40140"
  },
  {
    "review": "주인공 새끼 진짜 뭐하냐... 친구가 이상한 상태로 찾아왔을때 딴 곳 보면서 멍때리고 있으면 당연히 친구 없어지지ㅋㅋㅋ개연성 그지 같네 억지로 전개하는 영화 극혐한다",
    "date": "15.07.28",
    "rating": "3",
    "author": "splk****",
    "review_id": "10154688",
    "movie_id": "40140"
  },
  {
    "review": "사다리씬 잊지 못한다...",
    "date": "15.07.28",
    "rating": "8",
    "author": "whdu****",
    "review_id": "10154418",
    "movie_id": "40140"
  },
  {
    "review": "모르겠다.... 내가 무서운걸 잘보는편이라 그런지 모르겠는데일단 서두가 너무 길다....몇군데빼고 보다 졸았음",
    "date": "15.07.26",
    "rating": "3",
    "author": "sael****",
    "review_id": "10148419",
    "movie_id": "40140"
  },
  {
    "review": "예전에 피OO에서 봤는데 사람이 많았음에도 불구하고 엄청 무섭게 본 영화 내인생 최고의 공포영화",
    "date": "15.07.22",
    "rating": "10",
    "author": "slam****",
    "review_id": "10129515",
    "movie_id": "40140"
  },
  {
    "review": "별로라고 생각하면서 봤는데 컨저링 보고 오니 이 영화가 잘만들었네 ㅋㅋ",
    "date": "15.07.21",
    "rating": "6",
    "author": "kile****",
    "review_id": "10124988",
    "movie_id": "40140"
  },
  {
    "review": "밤에 불끄고 혼자 봐자. 난 보다 지릴뻔했다",
    "date": "15.07.19",
    "rating": "10",
    "author": "a790****",
    "review_id": "10118215",
    "movie_id": "40140"
  },
  {
    "review": "중2때 시험 끝나고 교실에서 선생님이 영화보라고 해서 애들이랑 불꺼놓고 본 영화 그때 진짜 ㅈㄴ 무서워서 소리지르고 난리난 기억이 아직 생생하다. 내 인생에서 제일 무서웠던 공포영화",
    "date": "15.07.18",
    "rating": "10",
    "author": "choo****",
    "review_id": "10116351",
    "movie_id": "40140"
  },
  {
    "review": "무섭다기보단   내용이좋네요  마지막 소오름 ~~",
    "date": "15.07.16",
    "rating": "8",
    "author": "ehdq****",
    "review_id": "10110099",
    "movie_id": "40140"
  },
  {
    "review": "이건 수년이지나도 갑이다. 이거보고 셀카도 찍기싫었다.",
    "date": "15.07.14",
    "rating": "10",
    "author": "hsh6****",
    "review_id": "10104360",
    "movie_id": "40140"
  },
  {
    "review": "킬링타임용으로 적합. 귀신이 나오는 장면은 뻔하지만 소리와 비주얼 때문에 알고도 놀란다 ㅋㅋ 처녀귀신물에서 셔터만큼 독보적인 영화도 드물다.",
    "date": "15.07.14",
    "rating": "7",
    "author": "ekth****",
    "review_id": "10104097",
    "movie_id": "40140"
  },
  {
    "review": "중딩때 봤는데 무서워서 진짜 다시보기 싫을정도 ㅋㅋㅋ",
    "date": "15.07.14",
    "rating": "8",
    "author": "rygu****",
    "review_id": "10103565",
    "movie_id": "40140"
  },
  {
    "review": "현상실에서 옆에 문열고 들어오는 귀신 여친인줄 알고 전화가와서 받았는데 여친이 전화한거 알았을때 오싹했음",
    "date": "15.07.13",
    "rating": "8",
    "author": "grif****",
    "review_id": "10101388",
    "movie_id": "40140"
  },
  {
    "review": "무섭다;; 공포영화 진짜 몇개빼곤 불끄고 보는데 이건 생긴것도 그렇고 제대로 못보겠음.... 하... 내가 이렇게 공포영화를 못봤었나....",
    "date": "15.07.12",
    "rating": "8",
    "author": "dsd1****",
    "review_id": "10098140",
    "movie_id": "40140"
  },
  {
    "review": "장례식치르고 영화끝난줄 알았는데 끝날때까지 끝난게 아니네.. 그리고 영화 진짜 잘만들었다고생각. 먼가 한국영화처럼 억지스럽지도않고 좀 자연스럽게 흘러감.. 진짜 성폭행범들이 저렇게 영화처럼 당해야됨 나쁜놈들",
    "date": "15.07.08",
    "rating": "8",
    "author": "ghkx****",
    "review_id": "10080298",
    "movie_id": "40140"
  },
  {
    "review": "차원이다름 ㅠㅠ장난아님",
    "date": "15.07.04",
    "rating": "10",
    "author": "dolo****",
    "review_id": "10066632",
    "movie_id": "40140"
  },
  {
    "review": "너무 어이가 없어서 처음 댓글 남기는데 제발 보지마세욬ㅋㅋㅋ",
    "date": "15.07.02",
    "rating": "1",
    "author": "jink****",
    "review_id": "10060941",
    "movie_id": "40140"
  },
  {
    "review": "무서워 짜증나ㅜㅜ 무섭다고 무서위",
    "date": "15.06.30",
    "rating": "10",
    "author": "iieu****",
    "review_id": "10055412",
    "movie_id": "40140"
  },
  {
    "review": "남자 3명이서 벌벌떨면서 본 추억있는 영화 추천!",
    "date": "15.06.29",
    "rating": "10",
    "author": "qkrk****",
    "review_id": "10052983",
    "movie_id": "40140"
  },
  {
    "review": "웰메이드 호러영화. 다만 별로 무섭지는..",
    "date": "15.06.27",
    "rating": "8",
    "author": "gold****",
    "review_id": "10044438",
    "movie_id": "40140"
  },
  {
    "review": "공포영화 매니아로서... 엑소시스트와 이 셔터를 최고로 쳐주고 싶네요. 공포영화 매니아라면 꼭 보시길.",
    "date": "15.06.26",
    "rating": "10",
    "author": "redt****",
    "review_id": "10039877",
    "movie_id": "40140"
  },
  {
    "review": "내가 유일하게 인정하는 공포영화",
    "date": "15.06.26",
    "rating": "10",
    "author": "gnsg****",
    "review_id": "10037440",
    "movie_id": "40140"
  },
  {
    "review": "Oh my.... 나 고등학교1학년..그러니까 10년전에 나온 영화인데 학교에서 틀어준적이있어서 다 안다고 생각하고 봤는데 레알 교감신경 흥분하여 소름 세번이상 돋음.저에겐 전개와 내용 시각,청각 까지 모두완벽한 최고의 공포영화였습니다.",
    "date": "15.06.19",
    "rating": "9",
    "author": "choc****",
    "review_id": "10013111",
    "movie_id": "40140"
  },
  {
    "review": "이게  7점대라니 말이안됨 이건 귀신영화의 학 획임 ㅋㅋ개무섭",
    "date": "15.06.18",
    "rating": "10",
    "author": "rose****",
    "review_id": "10010128",
    "movie_id": "40140"
  },
  {
    "review": "얼마나 무섭겠어..ㅋㅋ 했다가.. 진짜 무서웠다.. 생각외로 꽤 재밌었음",
    "date": "15.06.17",
    "rating": "8",
    "author": "sess****",
    "review_id": "10006828",
    "movie_id": "40140"
  },
  {
    "review": "역대급으로 무서운영화임",
    "date": "15.06.17",
    "rating": "10",
    "author": "oran****",
    "review_id": "10006299",
    "movie_id": "40140"
  },
  {
    "review": "존1나무섭다진짜 컨저링보다 무섭다",
    "date": "15.06.13",
    "rating": "10",
    "author": "tjsd****",
    "review_id": "9994830",
    "movie_id": "40140"
  },
  {
    "review": "ㅋㅋㅋ고등학생때 핸드폰에 셔터 다운받아놓고 볼륨최대로해서 귀신나오는장면을 친구에게 \"재밌는거보여줌~\"라고해서 보여줬다가 친구발작일으키면서 의자뒤로 자빠졌음 ㄷㄷ",
    "date": "15.06.11",
    "rating": "8",
    "author": "kk45****",
    "review_id": "9991422",
    "movie_id": "40140"
  },
  {
    "review": "ㅋㅋ친구랑 같이 봤는데 그날 난 죽었어",
    "date": "15.06.09",
    "rating": "10",
    "author": "97ju****",
    "review_id": "9986345",
    "movie_id": "40140"
  },
  {
    "review": "마지막 장면과 반전이 제일 기억에 남음",
    "date": "15.06.08",
    "rating": "7",
    "author": "adiv****",
    "review_id": "9985434",
    "movie_id": "40140"
  },
  {
    "review": "아시아에서 탑으로 뽑는 공포영화라고 칭하고싶을정도로 진짜 무서운거 잘보는 사람도 이거 잘 못본다 ㅋㅋㅋ",
    "date": "15.06.07",
    "rating": "8",
    "author": "gogo****",
    "review_id": "9982245",
    "movie_id": "40140"
  },
  {
    "review": "이영화를 보고 너무 무서워서 잊으려고 컨저링과 13고스트를 봤다.",
    "date": "15.06.06",
    "rating": "9",
    "author": "drum****",
    "review_id": "9980342",
    "movie_id": "40140"
  },
  {
    "review": "다들 안무서운데 무서운척하면서 댓글단건가요무섭다는 소문듣고 봣는데 실망;; 어디서 무서워야될지 잘 모르겟음*",
    "date": "15.06.06",
    "rating": "1",
    "author": "yang****",
    "review_id": "9978657",
    "movie_id": "40140"
  },
  {
    "review": "내생에 가장 무서운 공포영화는 주온이랑 셔터ㅠㅠ 내용은 흐릿하지만 두 귀신은 10년이 지난 지금도 생생하게 기억남 진짜 포스터만봐도 소름 다시 보라해도 못봄..",
    "date": "15.05.26",
    "rating": "10",
    "author": "booo****",
    "review_id": "9952463",
    "movie_id": "40140"
  },
  {
    "review": "여귀신하고, 여주만 불쌍~ 죽어야될놈 끝까지 안죽고,..",
    "date": "15.05.09",
    "rating": "8",
    "author": "tekk****",
    "review_id": "9907028",
    "movie_id": "40140"
  },
  {
    "review": "울면서뛰쳐나간영화는처음ㅜㅜㅜ",
    "date": "15.05.07",
    "rating": "10",
    "author": "mp3n****",
    "review_id": "9900664",
    "movie_id": "40140"
  },
  {
    "review": "무서버  내용도 굿ㄱㅅㄱ",
    "date": "15.05.04",
    "rating": "10",
    "author": "cjfn****",
    "review_id": "9892391",
    "movie_id": "40140"
  },
  {
    "review": "충분히 예상할만한 놀람이지만,, 와우~ 할 정도로 잘 표현했다",
    "date": "15.05.01",
    "rating": "7",
    "author": "vict****",
    "review_id": "9882743",
    "movie_id": "40140"
  },
  {
    "review": "보다가 깜놀 움찔 많이함. 맨앞자리에서 봤는데 매우 무서움.",
    "date": "15.04.29",
    "rating": "8",
    "author": "wllt****",
    "review_id": "9878209",
    "movie_id": "40140"
  },
  {
    "review": "진부하구먼 예측이 다 된다",
    "date": "15.04.26",
    "rating": "1",
    "author": "paem****",
    "review_id": "9869914",
    "movie_id": "40140"
  },
  {
    "review": "스토리는 진짜 별거없는데 재미는 있네",
    "date": "15.04.24",
    "rating": "6",
    "author": "ckgh****",
    "review_id": "9864015",
    "movie_id": "40140"
  },
  {
    "review": "와.. 이거 죽이네.. 캬.ㅋㅋ",
    "date": "15.04.14",
    "rating": "10",
    "author": "hiph****",
    "review_id": "9845397",
    "movie_id": "40140"
  },
  {
    "review": "본지 거의 10년가까이 되가는 느낌인데, 그 당시에 정말 무섭고 공포스럽게 봤음.. 지금 봐도 아마 재밌게 볼 듯",
    "date": "15.04.13",
    "rating": "10",
    "author": "rnld****",
    "review_id": "9843609",
    "movie_id": "40140"
  },
  {
    "review": "무섭긴한데 평점만큼 재미는 업음노잼",
    "date": "15.04.06",
    "rating": "1",
    "author": "unni****",
    "review_id": "9831630",
    "movie_id": "40140"
  },
  {
    "review": "역시 공포영화는 태국이 갑~! 일본 공포는 분위기로 몰고 가고 미국영화는 고어로 몰고 가는데. 태국 영화는 그딴거 없고 그냥 혼비백산 ㅋㅋㅋ",
    "date": "15.03.31",
    "rating": "10",
    "author": "chan****",
    "review_id": "9818737",
    "movie_id": "40140"
  },
  {
    "review": "다시봐도 무서운영화 ;,,,",
    "date": "15.03.30",
    "rating": "10",
    "author": "kjh8****",
    "review_id": "9816730",
    "movie_id": "40140"
  },
  {
    "review": "극장에서보다가 소리에 심장마비걸릴뻔",
    "date": "15.03.28",
    "rating": "10",
    "author": "wave****",
    "review_id": "9812961",
    "movie_id": "40140"
  },
  {
    "review": "이거본뒤로 공포영화 안보게됨. 후덜덜",
    "date": "15.03.09",
    "rating": "8",
    "author": "jens****",
    "review_id": "9769750",
    "movie_id": "40140"
  },
  {
    "review": "서양사람들관분명다를것이야 ㅎㅎ 허나 귀신이라는영혼을 무서워하는 동양사람들에겐 이영화는안성맞춤이다 여러엄청난장면이있지만 뭐니해도 top은 후반부자동차추격신 진짜지림 ㅠㅠ 트렁크위에앉아있는 섬뜩한장면은 한동안후유증이올수도있다는걸명심 !",
    "date": "15.03.07",
    "rating": "10",
    "author": "skyj****",
    "review_id": "9761786",
    "movie_id": "40140"
  },
  {
    "review": "여친이랑 dvd방에서봤는데 보다가 제발 딴거보자고 졸라서 뛰쳐나왔어요.. 나중에 자기버리고 갔다고 머라하네요 저에겐 그런영화",
    "date": "15.03.05",
    "rating": "10",
    "author": "ilsi****",
    "review_id": "9757398",
    "movie_id": "40140"
  },
  {
    "review": "주온 비디오판도 안무서웠는데 이건 좀 오싹하긴 하더라 일단 귀신 역할 배우 생긴거부터가 개무섭게 생겼어 진짜 귀신같애 그리고 막 갑자기 튀어나와서 깜짝 놀래키는 그런게 많음 갑툭튀 싫어하는 사람이면 보다 지릴듯 암튼 여태껏 본 공포영화중 세손가락안",
    "date": "15.03.04",
    "rating": "8",
    "author": "iren****",
    "review_id": "9756595",
    "movie_id": "40140"
  },
  {
    "review": "낮은평점이해가안간다 엑소시스트 주온 링 비교하려하지마라 본영화와 비교대상이아니다  거두절미하고DVD혼자가서 이영화끝까지보고안무섭다고 하는분들은 진정강심장이다",
    "date": "15.03.04",
    "rating": "10",
    "author": "rhde****",
    "review_id": "9755786",
    "movie_id": "40140"
  },
  {
    "review": "한국공포 영화도 이정도만 되봐라.물론 갑은 엑소시스트1",
    "date": "15.03.03",
    "rating": "10",
    "author": "dead****",
    "review_id": "9753717",
    "movie_id": "40140"
  },
  {
    "review": "중딩 때 처음 봤을 때 진심 무서워서 이거보고며칠 간 잠 못 잤다 그런데 고딩 돼서 다시 보니까 이게뭐야?싶을 정도로 별로 안 무서웠다아마도 커가면서 두려움이 많이 없어진 듯함 하지만 확실한 건 컨저링보다는 무섭다는 거다",
    "date": "15.02.24",
    "rating": "6",
    "author": "dllo****",
    "review_id": "9734589",
    "movie_id": "40140"
  },
  {
    "review": "90분동안 너무도 많은 영화들이 스쳐지나간다.",
    "date": "15.02.16",
    "rating": "3",
    "author": "rd72****",
    "review_id": "9703465",
    "movie_id": "40140"
  },
  {
    "review": "끈적한 느낌의 공포영화...점부터 끝까지 영화의 분위기가 일관되게 흘러가지만 전혀 지루하지 않았음. 여름에 봐야 제대로 느낄수 있다",
    "date": "15.01.28",
    "rating": "8",
    "author": "goza****",
    "review_id": "9644542",
    "movie_id": "40140"
  },
  {
    "review": "음향효과가 뛰어나고 무서운 부분은 확실하게 보여주는 영화인거같다 그런데 그 부분이 너무 확실하게 드러나서 뻔하다라는 느낌이 쉽게 가시지않았고 패턴또한 눈에보였다 예상치 못한공포보다는 확실한 공포감을 주는 영화인듯",
    "date": "15.01.23",
    "rating": "8",
    "author": "asdf****",
    "review_id": "9625158",
    "movie_id": "40140"
  },
  {
    "review": "시대까지 따진다면 컨저링보다 한수위다",
    "date": "15.01.15",
    "rating": "7",
    "author": "tkdf****",
    "review_id": "9595381",
    "movie_id": "40140"
  },
  {
    "review": "내가 겁을 안타는건지 스토리가 별로여서 그런지 하나도 안무서웠다; 솔직히 몇몇 갑툭튀 장면들 빼고는 귀신 나올 때 어이없어서 웃기더라. 그리고 무섭고 안무섭고는 개인차이니 제발 허세 좀 부리지 말라는 소리 좀 자제하라 니들보고 쫄보라 하면 기분좋음?",
    "date": "15.01.14",
    "rating": "2",
    "author": "ps10****",
    "review_id": "9591140",
    "movie_id": "40140"
  },
  {
    "review": "다덜 사다리 자동차 추격씬하는데 난 침대이불내리는씬이 후유증은 더컸다",
    "date": "15.01.11",
    "rating": "10",
    "author": "hjmj****",
    "review_id": "9585362",
    "movie_id": "40140"
  },
  {
    "review": "공포영화 잘보는데 이건 무서웠다고 드립치지마라.. 그건 그냥 못보는 거다. 여튼 정의는 승★리★한★다 ㅋㅋㅋㅋ 주인공이 못돼처먹어서 전혀 이입이 안됐지만 통쾌한 맛은 있으므로 제 점수는요...",
    "date": "15.01.11",
    "rating": "4",
    "author": "mali****",
    "review_id": "9582419",
    "movie_id": "40140"
  },
  {
    "review": "종니소름끼침  아열자.",
    "date": "15.01.09",
    "rating": "10",
    "author": "sago****",
    "review_id": "9578493",
    "movie_id": "40140"
  },
  {
    "review": "귀신자체만으로도 주온을능가하는 영화지 ㅇㅇ",
    "date": "15.01.09",
    "rating": "10",
    "author": "cksg****",
    "review_id": "9578344",
    "movie_id": "40140"
  },
  {
    "review": "진짜 스토리고자시고 너무 무서웠음내가 아는 귀신중에 제일 무섭게 생긴듯 ㅠㅠ",
    "date": "15.01.01",
    "rating": "7",
    "author": "anda****",
    "review_id": "9546256",
    "movie_id": "40140"
  },
  {
    "review": "솔직히 마지막 문에 비치는 장면이 젤루 무섭지 ㅋㅋ착하게 삽시다 닭근혜씨",
    "date": "15.01.01",
    "rating": "10",
    "author": "sjw0****",
    "review_id": "9543890",
    "movie_id": "40140"
  },
  {
    "review": "원한이 무서운 거구나.... 온몸이 오싹함..",
    "date": "14.12.17",
    "rating": "10",
    "author": "wpst****",
    "review_id": "9480955",
    "movie_id": "40140"
  },
  {
    "review": "이거 본지 벌써 몇년된거같은데.. 진짜 무서움 분위기랑 심리적으로도.. 진짜 보다가 지릴뻔했던 영화",
    "date": "14.12.06",
    "rating": "9",
    "author": "4906****",
    "review_id": "9451662",
    "movie_id": "40140"
  },
  {
    "review": "20살때 친구랑 영화관에서 같이보다가 둘이서 쪽팔려 죽는줄 알았다.. 남자 망신 ㅋㅋㅋ",
    "date": "14.12.04",
    "rating": "8",
    "author": "jjsd****",
    "review_id": "9445653",
    "movie_id": "40140"
  },
  {
    "review": "분명 예상되는 장면에서 예상된 공포를 주는데도 불구하고 이 영화가 정말 무서운 것은 감독의 연출력때문이 아닐까 싶다.",
    "date": "14.11.29",
    "rating": "7",
    "author": "ajtw****",
    "review_id": "9433008",
    "movie_id": "40140"
  },
  {
    "review": "그다지 ....일본b급 공포 영화 수준....",
    "date": "14.11.23",
    "rating": "6",
    "author": "wake****",
    "review_id": "9413533",
    "movie_id": "40140"
  },
  {
    "review": "그렇게 무섭다고 난리치더니.... 주인공 어깨에 유령이 무등타는게 그렇게 무섭냐.. 별 1점도 아깝다.. 안보시길 진심으로 추천",
    "date": "14.11.12",
    "rating": "1",
    "author": "jr87****",
    "review_id": "9373302",
    "movie_id": "40140"
  },
  {
    "review": "무서워...ㅎㄷㄷㄷ",
    "date": "14.11.05",
    "rating": "10",
    "author": "t000****",
    "review_id": "9342417",
    "movie_id": "40140"
  },
  {
    "review": "중간엔 그냥 그러려니, 마지막 압권~~",
    "date": "14.11.05",
    "rating": "8",
    "author": "addi****",
    "review_id": "9341643",
    "movie_id": "40140"
  },
  {
    "review": "개노잼이였음솔직히 처음부터 끝가지",
    "date": "14.10.24",
    "rating": "1",
    "author": "kaao****",
    "review_id": "9312871",
    "movie_id": "40140"
  },
  {
    "review": "15분만 보면 전체 내용이 파악되는 영화. 친절하게 나 복선이오!!!하고 알려주는 영화. 영화 귀신이 우리나라 90년대 토요미스테리 극장 귀신보다 안무서움.",
    "date": "14.10.23",
    "rating": "1",
    "author": "clat****",
    "review_id": "9310349",
    "movie_id": "40140"
  },
  {
    "review": "새벽4시부터 혼자봤음",
    "date": "14.10.15",
    "rating": "10",
    "author": "stee****",
    "review_id": "9293406",
    "movie_id": "40140"
  },
  {
    "review": "안 무섭고 지루하고 뻔한 귀신물의 전형적인 모습",
    "date": "14.10.14",
    "rating": "2",
    "author": "goms****",
    "review_id": "9291747",
    "movie_id": "40140"
  },
  {
    "review": "보다가 중간에 꺼버린영화.. 밤에혼자보샘..",
    "date": "14.10.13",
    "rating": "10",
    "author": "hw01****",
    "review_id": "9290239",
    "movie_id": "40140"
  },
  {
    "review": "내가 아는 공포 영화 중 top3안에 든다.",
    "date": "14.10.10",
    "rating": "7",
    "author": "ojh6****",
    "review_id": "9280143",
    "movie_id": "40140"
  },
  {
    "review": "정말 잘만든 공포영화^^",
    "date": "14.10.08",
    "rating": "9",
    "author": "2320****",
    "review_id": "9273306",
    "movie_id": "40140"
  },
  {
    "review": "학교에서 견학간곳 강당에서 애들이 집중안하고 떠드는와중에도 무서운영화 진짜 역대급으로 무서워...",
    "date": "14.10.05",
    "rating": "10",
    "author": "rudq****",
    "review_id": "9267586",
    "movie_id": "40140"
  },
  {
    "review": "참 충격적으로  본영화에요 정말  잘만들었어요 아직도 어깨가 무겁고하면  이영화  장면이 떠올라요",
    "date": "14.09.29",
    "rating": "10",
    "author": "choa****",
    "review_id": "9248305",
    "movie_id": "40140"
  },
  {
    "review": "이태껏 본 공포 영화 중에 제일 재밌었다",
    "date": "14.09.28",
    "rating": "10",
    "author": "5271****",
    "review_id": "9247283",
    "movie_id": "40140"
  },
  {
    "review": "너무 기대하고봤는지 오래된 영화여서인지...난 잘 모르겠다...",
    "date": "14.09.17",
    "rating": "4",
    "author": "zsed****",
    "review_id": "9220146",
    "movie_id": "40140"
  },
  {
    "review": "공포영화치고 스토리도있고 무섭기까지함공포영화중 잘만든영화중하나임.",
    "date": "14.09.14",
    "rating": "9",
    "author": "dlar****",
    "review_id": "9213205",
    "movie_id": "40140"
  },
  {
    "review": "고등학생때 이 영화를 본 뒤로 귀신이라면 치를 떤다 귀신영화는 특히..사진에 찍힌 귀신 고개 돌리는 장면이 안잊혀진다",
    "date": "14.09.08",
    "rating": "10",
    "author": "eati****",
    "review_id": "9185648",
    "movie_id": "40140"
  },
  {
    "review": "마지막 장면은 괜찮았지만 달려가는 여정은 진부하다",
    "date": "14.09.08",
    "rating": "6",
    "author": "jis6****",
    "review_id": "9183525",
    "movie_id": "40140"
  },
  {
    "review": "단순히 무섭기도 하지만  슬퍼기도한 공포영화세상 모두가 억울한일없이 행복하게 살다가 나이들어서 죽었음좋겠다",
    "date": "14.09.08",
    "rating": "10",
    "author": "sang****",
    "review_id": "9181864",
    "movie_id": "40140"
  },
  {
    "review": "별생각없이 보다가 깜놀했네여 ㄷㄷㄷ",
    "date": "14.09.07",
    "rating": "10",
    "author": "go20****",
    "review_id": "9178087",
    "movie_id": "40140"
  },
  {
    "review": "깜짝 놀라는게 무서운건지 무서워서 깜짝놀라는지 모르겠는 영화긴 하지만 아무튼 결말은 개인적으로 마음에 든다",
    "date": "14.09.05",
    "rating": "8",
    "author": "rrow****",
    "review_id": "9170334",
    "movie_id": "40140"
  },
  {
    "review": "백미는 중후반부에 귀신이 자동차 쫒아오는 장면 ...",
    "date": "14.09.05",
    "rating": "10",
    "author": "choi****",
    "review_id": "9169523",
    "movie_id": "40140"
  }
]