[
  {
    "review": "원작이 준수했기에 속편도 팬심으로 봤다...",
    "date": "15.08.12",
    "rating": "6",
    "author": "tear****",
    "review_id": "10221630",
    "movie_id": "40149"
  },
  {
    "review": "예상을 벗어나지 않는영화..그래서 나쁘지 않는듯",
    "date": "15.05.11",
    "rating": "6",
    "author": "do11****",
    "review_id": "9911969",
    "movie_id": "40149"
  },
  {
    "review": "액션은 화려해졌으나 전편의 이야기를 마무리하기 위한 속편의 한계를 벗어나지는 못했다..",
    "date": "15.02.07",
    "rating": "5",
    "author": "blue****",
    "review_id": "9677155",
    "movie_id": "40149"
  },
  {
    "review": "솔직히 아즈미1이 훨씬 재미있었습니다 2는 너무 b급영화네요",
    "date": "14.07.26",
    "rating": "3",
    "author": "aeyo****",
    "review_id": "8961596",
    "movie_id": "40149"
  },
  {
    "review": "할리우드영화와 비교하지 말고 현재의 한국영화 수준과 비교하면 꽤 볼만한 액션활극. 솔직히 한국영화는 이 수준에도 못 미친다.",
    "date": "14.07.25",
    "rating": "8",
    "author": "aaro****",
    "review_id": "8955123",
    "movie_id": "40149"
  },
  {
    "review": "난 정말 재밌게봣다... 2~3번은 더본듯??",
    "date": "13.01.05",
    "rating": "10",
    "author": "cact****",
    "review_id": "7083144",
    "movie_id": "40149"
  },
  {
    "review": "배경과 캐릭터를 이해하면 즐길만한 영화..",
    "date": "12.10.07",
    "rating": "8",
    "author": "h205****",
    "review_id": "6768760",
    "movie_id": "40149"
  },
  {
    "review": "전편보다 진일보한 속편.일본영화라는 한계를 감안하고 보시라.너무 많은 기대는 금물",
    "date": "12.05.26",
    "rating": "7",
    "author": "baks****",
    "review_id": "6332906",
    "movie_id": "40149"
  },
  {
    "review": "감독이 바꼇나. 왜 재미없어진거지??? 그래도 그럭저럭 볼만함.",
    "date": "11.02.26",
    "rating": "7",
    "author": "302j****",
    "review_id": "5277257",
    "movie_id": "40149"
  },
  {
    "review": "이렇게 재미없게 만들기도 힘들듯..",
    "date": "11.02.14",
    "rating": "2",
    "author": "xtai****",
    "review_id": "5242508",
    "movie_id": "40149"
  },
  {
    "review": "기타무라류헤이감독작품같은 비현실적액션+잔인+만화같음-_-",
    "date": "11.02.05",
    "rating": "1",
    "author": "seal****",
    "review_id": "5216397",
    "movie_id": "40149"
  },
  {
    "review": "그냥 볼만함",
    "date": "11.01.14",
    "rating": "8",
    "author": "4862****",
    "review_id": "5156240",
    "movie_id": "40149"
  },
  {
    "review": "다시 만나 반가운 멋진 여전사",
    "date": "10.11.02",
    "rating": "7",
    "author": "yser****",
    "review_id": "4935234",
    "movie_id": "40149"
  },
  {
    "review": "아즈미가 땀을 안흘려~! 1편보단 재미없다.",
    "date": "10.08.24",
    "rating": "4",
    "author": "jonh****",
    "review_id": "4787965",
    "movie_id": "40149"
  },
  {
    "review": "1편을 안보긴했지만 줄거리도 엉성 연기도 엉성 액션도 엉성 70년대홍콩영화가낫다",
    "date": "10.08.10",
    "rating": "2",
    "author": "seri****",
    "review_id": "4730221",
    "movie_id": "40149"
  },
  {
    "review": "후속편이라는 것에 의미가 있고, 만화책 1권 보면 다음에 2권 보는 차이 ^^",
    "date": "10.06.02",
    "rating": "7",
    "author": "moir****",
    "review_id": "4540533",
    "movie_id": "40149"
  },
  {
    "review": "항상 1편이 그리운법",
    "date": "10.03.10",
    "rating": "4",
    "author": "psp2****",
    "review_id": "4348508",
    "movie_id": "40149"
  },
  {
    "review": "1편보다 못해ㅠ",
    "date": "09.09.09",
    "rating": "5",
    "author": "syy2****",
    "review_id": "3820450",
    "movie_id": "40149"
  },
  {
    "review": "재밌었음",
    "date": "09.05.16",
    "rating": "10",
    "author": "jkh0****",
    "review_id": "3498208",
    "movie_id": "40149"
  },
  {
    "review": "전편보다 쬐끔 나은 거 같긴 한데 그래도 전체적으로 대동소이하다",
    "date": "09.01.19",
    "rating": "4",
    "author": "uds0****",
    "review_id": "3233545",
    "movie_id": "40149"
  },
  {
    "review": "1편이 더 나음...",
    "date": "09.01.01",
    "rating": "5",
    "author": "rapp****",
    "review_id": "3175466",
    "movie_id": "40149"
  },
  {
    "review": "여러모로 전작보단 나아졌다.",
    "date": "08.12.08",
    "rating": "6",
    "author": "mete****",
    "review_id": "3101233",
    "movie_id": "40149"
  },
  {
    "review": "재밌잖아! 1편도 재밌었고, 2편은 더 재미",
    "date": "08.11.25",
    "rating": "10",
    "author": "ones****",
    "review_id": "3071100",
    "movie_id": "40149"
  },
  {
    "review": "기대이상이라는..",
    "date": "08.07.04",
    "rating": "7",
    "author": "jaew****",
    "review_id": "2739432",
    "movie_id": "40149"
  },
  {
    "review": "굿",
    "date": "08.07.02",
    "rating": "10",
    "author": "ssc0****",
    "review_id": "2735507",
    "movie_id": "40149"
  },
  {
    "review": "다시 돌아온 아즈미의 활약 하지만 신선미는 떨어짐",
    "date": "08.07.02",
    "rating": "5",
    "author": "deff****",
    "review_id": "2735076",
    "movie_id": "40149"
  },
  {
    "review": "가녀린 팔과 작은 몸매치고는 그녀의 싸움실력은 가히 발도제급이다.",
    "date": "08.03.29",
    "rating": "7",
    "author": "toky****",
    "review_id": "2547919",
    "movie_id": "40149"
  },
  {
    "review": "1편이 더 재밌지만 2편도 재밌었다...",
    "date": "08.02.23",
    "rating": "10",
    "author": "nysu****",
    "review_id": "2474024",
    "movie_id": "40149"
  },
  {
    "review": "나중엔 감동적이기까지.. 멋진 영화",
    "date": "08.01.31",
    "rating": "9",
    "author": "wewr****",
    "review_id": "2391350",
    "movie_id": "40149"
  },
  {
    "review": "아즈미 누나하고 결혼 하고 싶어여..",
    "date": "08.01.31",
    "rating": "10",
    "author": "bach****",
    "review_id": "2391208",
    "movie_id": "40149"
  },
  {
    "review": "전작에 비해 줄어든 스펙타클, 줄어든 카리스마.. 그래도 재밌다!!",
    "date": "07.12.27",
    "rating": "8",
    "author": "1231****",
    "review_id": "2273019",
    "movie_id": "40149"
  },
  {
    "review": "이것도 재밌게!!! 여자가칼들고싸워서잼나고 구리야마치아키 악역도 역시!",
    "date": "07.11.20",
    "rating": "10",
    "author": "dudt****",
    "review_id": "2167728",
    "movie_id": "40149"
  },
  {
    "review": "1편에 비해 많이 떨어진다.",
    "date": "07.11.10",
    "rating": "6",
    "author": "ldgu****",
    "review_id": "2143233",
    "movie_id": "40149"
  },
  {
    "review": "1편이쫌더재밋다",
    "date": "07.10.14",
    "rating": "8",
    "author": "fleh****",
    "review_id": "2089186",
    "movie_id": "40149"
  },
  {
    "review": "1편 봤기 땜에 할 수 없이 봤다... 그냥 안 보는 게 낫다...ㅡ_ㅡ",
    "date": "07.09.04",
    "rating": "2",
    "author": "pscg****",
    "review_id": "2000223",
    "movie_id": "40149"
  },
  {
    "review": "이러면 안되잖아?",
    "date": "07.08.01",
    "rating": "1",
    "author": "ts54****",
    "review_id": "1835900",
    "movie_id": "40149"
  },
  {
    "review": "굿",
    "date": "07.07.27",
    "rating": "10",
    "author": "hieb****",
    "review_id": "1815836",
    "movie_id": "40149"
  },
  {
    "review": "1편이랑 맞먹거나 능가하는 영상미. 볼거리 풍부한 영화 또 없나 ㅜ_ㅜ",
    "date": "07.07.27",
    "rating": "9",
    "author": "dltk****",
    "review_id": "1815045",
    "movie_id": "40149"
  },
  {
    "review": "역시 우에토 아야갸 좋다 ㅋ",
    "date": "07.07.22",
    "rating": "10",
    "author": "99qk****",
    "review_id": "1800301",
    "movie_id": "40149"
  },
  {
    "review": "괜찮은데?",
    "date": "07.07.11",
    "rating": "8",
    "author": "febr****",
    "review_id": "1767286",
    "movie_id": "40149"
  },
  {
    "review": "최종병기신고",
    "date": "07.07.05",
    "rating": "7",
    "author": "kong****",
    "review_id": "1747886",
    "movie_id": "40149"
  },
  {
    "review": "1편과같이 역시 잼있기만 했다.",
    "date": "07.06.27",
    "rating": "9",
    "author": "ehdd****",
    "review_id": "1723912",
    "movie_id": "40149"
  },
  {
    "review": "3점이하 준사람 에로영화매니아다.10점까지는 안되지만 적어도 6점이상",
    "date": "07.06.22",
    "rating": "10",
    "author": "mech****",
    "review_id": "1714878",
    "movie_id": "40149"
  },
  {
    "review": "새로운 느낌의 '고고 유바리'를 본 것 외엔 전혀 감흥이 없다...",
    "date": "07.04.25",
    "rating": "4",
    "author": "skat****",
    "review_id": "1604515",
    "movie_id": "40149"
  },
  {
    "review": "제밋기만하구만! 1점주시는분들..좀오바임 제가10점드림!",
    "date": "07.04.23",
    "rating": "10",
    "author": "dlrl****",
    "review_id": "1602553",
    "movie_id": "40149"
  },
  {
    "review": "아.. 정말너무한다. ..",
    "date": "07.04.18",
    "rating": "2",
    "author": "eute****",
    "review_id": "1594498",
    "movie_id": "40149"
  },
  {
    "review": "정말 쓰레기 영화... 19세 영화인데 10점은 어떻게 나온거지",
    "date": "07.03.16",
    "rating": "1",
    "author": "cpal****",
    "review_id": "1537564",
    "movie_id": "40149"
  },
  {
    "review": "내가..왜....dvd1.2 다샀지......",
    "date": "07.03.04",
    "rating": "7",
    "author": "mg14****",
    "review_id": "1517015",
    "movie_id": "40149"
  },
  {
    "review": "18세 관람가라..... ㅋㅋㅋㅋㅋㅋㅋ",
    "date": "07.01.30",
    "rating": "2",
    "author": "cara****",
    "review_id": "1426415",
    "movie_id": "40149"
  },
  {
    "review": "나치...왜죽었어..ㅠㅠ",
    "date": "07.01.12",
    "rating": "6",
    "author": "love****",
    "review_id": "1378284",
    "movie_id": "40149"
  },
  {
    "review": "잔혹한 재미가 쏠쏠",
    "date": "06.11.23",
    "rating": "7",
    "author": "agaw****",
    "review_id": "1247023",
    "movie_id": "40149"
  },
  {
    "review": "전편보다 났다.. 그냥 휘둘러 대기만 해도 되겠다 참..",
    "date": "06.11.06",
    "rating": "3",
    "author": "kims****",
    "review_id": "1219861",
    "movie_id": "40149"
  },
  {
    "review": "볼만하다",
    "date": "06.11.06",
    "rating": "6",
    "author": "zeed****",
    "review_id": "1219785",
    "movie_id": "40149"
  },
  {
    "review": "요즘 영화들한테 정문일침을 가한 영화..ㅎㅎ",
    "date": "06.10.16",
    "rating": "10",
    "author": "l098****",
    "review_id": "1183798",
    "movie_id": "40149"
  },
  {
    "review": "1탄보다낫다~오구리슌 넘 멋쪄!이상한데 계속보게되는...",
    "date": "06.09.26",
    "rating": "7",
    "author": "jjyj****",
    "review_id": "1144184",
    "movie_id": "40149"
  },
  {
    "review": "뭔가를 기대하기는 어렵지만 특이한 영화.",
    "date": "06.09.10",
    "rating": "6",
    "author": "smw7****",
    "review_id": "1115095",
    "movie_id": "40149"
  },
  {
    "review": "꽤나 재미잇었다",
    "date": "06.09.02",
    "rating": "7",
    "author": "tlat****",
    "review_id": "1095727",
    "movie_id": "40149"
  },
  {
    "review": "전편보단별루.아즈미는완전초싸이언이었다.ㅋ",
    "date": "06.08.30",
    "rating": "6",
    "author": "love****",
    "review_id": "1089554",
    "movie_id": "40149"
  },
  {
    "review": "기타무라 류헤이 감독은 색깔은 있었다",
    "date": "06.08.26",
    "rating": "2",
    "author": "choi****",
    "review_id": "1079187",
    "movie_id": "40149"
  },
  {
    "review": "재미있네요~",
    "date": "06.08.20",
    "rating": "10",
    "author": "net5****",
    "review_id": "1060497",
    "movie_id": "40149"
  },
  {
    "review": "보다가 아주 돌아버리는줄 알았다.",
    "date": "06.08.19",
    "rating": "1",
    "author": "leej****",
    "review_id": "1054972",
    "movie_id": "40149"
  },
  {
    "review": "이거 10점주는 사람들 뭐냐;; 이거 쓰레긴데",
    "date": "06.08.18",
    "rating": "1",
    "author": "hyhy****",
    "review_id": "1052179",
    "movie_id": "40149"
  },
  {
    "review": "보지말아야 했는데 구리야마2점추가",
    "date": "06.08.18",
    "rating": "3",
    "author": "wheo****",
    "review_id": "1051512",
    "movie_id": "40149"
  },
  {
    "review": "아무리 많은 칼부림이 나와도 주인공은 끄떡없다.",
    "date": "06.08.09",
    "rating": "5",
    "author": "dive****",
    "review_id": "986448",
    "movie_id": "40149"
  },
  {
    "review": "1편보다 못하다.",
    "date": "06.07.16",
    "rating": "4",
    "author": "akea****",
    "review_id": "895460",
    "movie_id": "40149"
  },
  {
    "review": "만화책보고 재밌길레 봤떠니 졸작이다. 전기세가 아깝다",
    "date": "06.07.10",
    "rating": "2",
    "author": "peng****",
    "review_id": "881865",
    "movie_id": "40149"
  },
  {
    "review": "일당백 아즈미, 1편보단 재미가없네.",
    "date": "06.07.07",
    "rating": "7",
    "author": "minh****",
    "review_id": "875369",
    "movie_id": "40149"
  },
  {
    "review": "유치... 그러나 칼싸움영화를 좋아한다면 한번 봐봐...",
    "date": "06.06.18",
    "rating": "7",
    "author": "pseu****",
    "review_id": "848135",
    "movie_id": "40149"
  },
  {
    "review": "맙소사, 안 그래도 허접했던 1편보다도 더 형편없다.",
    "date": "06.03.16",
    "rating": "2",
    "author": "ned_****",
    "review_id": "718953",
    "movie_id": "40149"
  },
  {
    "review": "난 볼만한데,ㅋㅋㅋ",
    "date": "06.03.01",
    "rating": "10",
    "author": "scho****",
    "review_id": "699088",
    "movie_id": "40149"
  },
  {
    "review": "전편이 좀 더 재미있던 것 같음 ^^",
    "date": "06.02.23",
    "rating": "8",
    "author": "like****",
    "review_id": "687383",
    "movie_id": "40149"
  },
  {
    "review": "우에토아야의 허벅지를 보는 2시간이 아깝지 않다면 추천",
    "date": "06.02.23",
    "rating": "4",
    "author": "teo0****",
    "review_id": "687156",
    "movie_id": "40149"
  },
  {
    "review": "1편보다는 별루... 내용은 비슷한데 뭐 그래두 재밋어요",
    "date": "06.02.18",
    "rating": "7",
    "author": "nalr****",
    "review_id": "679070",
    "movie_id": "40149"
  },
  {
    "review": "영화 자체는 1편 보다 낫다...벗뜨 그래도 둘다 거기서 거기다",
    "date": "06.02.07",
    "rating": "6",
    "author": "blue****",
    "review_id": "652780",
    "movie_id": "40149"
  },
  {
    "review": "-0- 평점 왤케 높아 6.56 이네 씁.",
    "date": "06.02.06",
    "rating": "1",
    "author": "cher****",
    "review_id": "650548",
    "movie_id": "40149"
  },
  {
    "review": "분명 성인보라고 만든 영화 같은데...엄한데 돈 썼네..",
    "date": "06.02.05",
    "rating": "1",
    "author": "catl****",
    "review_id": "649419",
    "movie_id": "40149"
  },
  {
    "review": "학교에서 봤는데참...그냥 만화나 만들어라 그럼 재밌기는하겠네",
    "date": "06.01.29",
    "rating": "1",
    "author": "suny****",
    "review_id": "631701",
    "movie_id": "40149"
  },
  {
    "review": "ㅡㅡ;왜케평점이높아",
    "date": "06.01.17",
    "rating": "6",
    "author": "pure****",
    "review_id": "595452",
    "movie_id": "40149"
  },
  {
    "review": "2탄만든거 용감하나 1탄과 더불어 쓰레기다",
    "date": "06.01.12",
    "rating": "3",
    "author": "whss****",
    "review_id": "582221",
    "movie_id": "40149"
  },
  {
    "review": "어떻게 점수를 이렇게 후하게 주나? 정말 쓰레기 영화인데 ;;",
    "date": "06.01.11",
    "rating": "1",
    "author": "wanw****",
    "review_id": "579025",
    "movie_id": "40149"
  },
  {
    "review": "재밌다 워낙 사무라이를 좋아해서",
    "date": "06.01.05",
    "rating": "10",
    "author": "cltm****",
    "review_id": "563012",
    "movie_id": "40149"
  },
  {
    "review": "재밌다~",
    "date": "05.12.09",
    "rating": "10",
    "author": "boss****",
    "review_id": "498618",
    "movie_id": "40149"
  },
  {
    "review": "형만한아우없다",
    "date": "05.12.08",
    "rating": "10",
    "author": "nice****",
    "review_id": "497408",
    "movie_id": "40149"
  },
  {
    "review": "얼~ 3D 에니매이션 인가? 실사 같네 그랴~~",
    "date": "05.11.25",
    "rating": "5",
    "author": "muis****",
    "review_id": "484595",
    "movie_id": "40149"
  },
  {
    "review": "유치찬란의 극치!  애들도 안보겠다.",
    "date": "05.10.20",
    "rating": "1",
    "author": "newf****",
    "review_id": "448724",
    "movie_id": "40149"
  },
  {
    "review": "솔직히1편만큼의 박진감넘치는느낌은 못받았지만 재밌다.",
    "date": "05.10.15",
    "rating": "10",
    "author": "ptsz****",
    "review_id": "443087",
    "movie_id": "40149"
  },
  {
    "review": "주인공만 이쁘다. 전편보다는 나은듯",
    "date": "05.10.07",
    "rating": "4",
    "author": "chun****",
    "review_id": "435602",
    "movie_id": "40149"
  },
  {
    "review": "볼만하다",
    "date": "05.09.24",
    "rating": "10",
    "author": "dud6****",
    "review_id": "419906",
    "movie_id": "40149"
  },
  {
    "review": "전편보다 많이 발전된 영화....액션신에서는 아직도 부족",
    "date": "05.09.15",
    "rating": "7",
    "author": "hwan****",
    "review_id": "406787",
    "movie_id": "40149"
  },
  {
    "review": "잼있다",
    "date": "05.09.09",
    "rating": "10",
    "author": "wans****",
    "review_id": "398286",
    "movie_id": "40149"
  },
  {
    "review": "액션영화 답게 액션에 충실해서 마음에 든다...",
    "date": "05.09.02",
    "rating": "8",
    "author": "adiv****",
    "review_id": "390706",
    "movie_id": "40149"
  },
  {
    "review": "고이즈미 땜시 일본이 싫지만.. 우에토 아야는...-_-;;;",
    "date": "05.08.28",
    "rating": "7",
    "author": "urkn****",
    "review_id": "386356",
    "movie_id": "40149"
  },
  {
    "review": "me친 쪽빠리들의 머릿속을 볼수있는 영화.",
    "date": "05.08.14",
    "rating": "1",
    "author": "eogu****",
    "review_id": "366847",
    "movie_id": "40149"
  },
  {
    "review": "그저 그래.",
    "date": "05.08.13",
    "rating": "10",
    "author": "woor****",
    "review_id": "365302",
    "movie_id": "40149"
  },
  {
    "review": "잼있었음..ㅋ 쵝오~~!!!",
    "date": "05.08.10",
    "rating": "10",
    "author": "blue****",
    "review_id": "361185",
    "movie_id": "40149"
  },
  {
    "review": "난괜찮았는데ㅋ 재밌다.",
    "date": "05.08.06",
    "rating": "10",
    "author": "tytr****",
    "review_id": "354441",
    "movie_id": "40149"
  },
  {
    "review": "최고의 이쁜 아즈미~ 최고에요^^포레버",
    "date": "05.08.04",
    "rating": "10",
    "author": "mean****",
    "review_id": "350780",
    "movie_id": "40149"
  },
  {
    "review": "아즈미1이 조금 더 재밌었다. 그래도 이것도 재밌다",
    "date": "05.07.18",
    "rating": "6",
    "author": "ourp****",
    "review_id": "326003",
    "movie_id": "40149"
  },
  {
    "review": "이런류의 영화 딱 내 취향이다",
    "date": "05.07.16",
    "rating": "10",
    "author": "bell****",
    "review_id": "324221",
    "movie_id": "40149"
  },
  {
    "review": "1편보다 낫다. 왜 못하다고 하나 1편도 대작이 아니었건만",
    "date": "05.07.14",
    "rating": "7",
    "author": "psma****",
    "review_id": "321810",
    "movie_id": "40149"
  }
]