[
  {
    "review": "현대사회의 가정불화를 소재로 막장까지 가보자.",
    "date": "15.08.07",
    "rating": "5",
    "author": "tear****",
    "review_id": "10195533",
    "movie_id": "40152"
  },
  {
    "review": "그냥, 그냥,, 그냥,,,",
    "date": "15.02.08",
    "rating": "6",
    "author": "phss****",
    "review_id": "9680536",
    "movie_id": "40152"
  },
  {
    "review": "그냥 무난한 느낌.. 남편의 일은 뜬금 반전..",
    "date": "14.05.25",
    "rating": "6",
    "author": "ehwj****",
    "review_id": "8765020",
    "movie_id": "40152"
  },
  {
    "review": "분노는 나의힘!",
    "date": "13.03.30",
    "rating": "8",
    "author": "jjcv****",
    "review_id": "7422434",
    "movie_id": "40152"
  },
  {
    "review": "좋은 가족영화",
    "date": "12.11.12",
    "rating": "8",
    "author": "c42k****",
    "review_id": "6882570",
    "movie_id": "40152"
  },
  {
    "review": "가족영화의 탈을쓴 엄청난 호러영화.",
    "date": "11.10.29",
    "rating": "9",
    "author": "suvr****",
    "review_id": "5815429",
    "movie_id": "40152"
  },
  {
    "review": "불안감을 상승시켜 영화의 소재로 써먹는 노련한 로맨틱 코메",
    "date": "11.06.04",
    "rating": "9",
    "author": "reno****",
    "review_id": "5462906",
    "movie_id": "40152"
  },
  {
    "review": "Didn't deal with the twist at the end!",
    "date": "11.04.03",
    "rating": "5",
    "author": "mchy****",
    "review_id": "5349924",
    "movie_id": "40152"
  },
  {
    "review": "드라마다 드라마 절대!! 코메디가 아니다.. 좋은드라마!!나름대로 인상깊은 영화.",
    "date": "11.02.26",
    "rating": "7",
    "author": "ssol****",
    "review_id": "5277918",
    "movie_id": "40152"
  },
  {
    "review": "찬찬하게 잘 드러낸, 더도덜도 아닌 그저 삶 자체. 사람의 감정을 잘 처리한 영화!^^",
    "date": "11.01.06",
    "rating": "10",
    "author": "okic****",
    "review_id": "5133576",
    "movie_id": "40152"
  },
  {
    "review": "정말 좋은 영화였다 우리 가족도 오해가 있었는데 이영화를 보고 깨달음",
    "date": "10.09.27",
    "rating": "10",
    "author": "aude****",
    "review_id": "4872480",
    "movie_id": "40152"
  },
  {
    "review": "엄마의 분노가 가족에 미치는 영향. 그 엄마 정말 무섭더라.",
    "date": "10.09.26",
    "rating": "6",
    "author": "hadl****",
    "review_id": "4869700",
    "movie_id": "40152"
  },
  {
    "review": "보는내내 짜증났음.. 히스테리가 계속 이어지니까 신물이 남",
    "date": "10.09.26",
    "rating": "1",
    "author": "rere****",
    "review_id": "4869413",
    "movie_id": "40152"
  },
  {
    "review": "의외의반전 제목의이유, 딸들이 너무 사랑스럽다",
    "date": "10.09.26",
    "rating": "8",
    "author": "gmyi****",
    "review_id": "4869075",
    "movie_id": "40152"
  },
  {
    "review": "이런 영화도 있구나. 그 뿐",
    "date": "10.09.05",
    "rating": "4",
    "author": "lead****",
    "review_id": "4817543",
    "movie_id": "40152"
  },
  {
    "review": "당최 무슨내용을 전하려고 만든영화인지 알수가 없네",
    "date": "10.05.29",
    "rating": "1",
    "author": "punk****",
    "review_id": "4530585",
    "movie_id": "40152"
  },
  {
    "review": "좀씩 삐끗대지만 볼만한 anger therapy. 이런 테마로 작품 하나 더 해주면 좋겠다",
    "date": "10.04.21",
    "rating": "5",
    "author": "kkot****",
    "review_id": "4446977",
    "movie_id": "40152"
  },
  {
    "review": "멋진 반전으로 정당화시켜주네..",
    "date": "10.04.09",
    "rating": "6",
    "author": "bbq2****",
    "review_id": "4420998",
    "movie_id": "40152"
  },
  {
    "review": "지루하다",
    "date": "10.03.01",
    "rating": "6",
    "author": "ohmy****",
    "review_id": "4327955",
    "movie_id": "40152"
  },
  {
    "review": "오해로 홧병에 걸린 엄마에 대한 내용 ;;나름 볼만함",
    "date": "10.02.21",
    "rating": "8",
    "author": "cast****",
    "review_id": "4305499",
    "movie_id": "40152"
  },
  {
    "review": "'스캐너스' 패러디 ㅋㅋ 표정 대박 ^^;;",
    "date": "10.01.17",
    "rating": "9",
    "author": "gofa****",
    "review_id": "4178169",
    "movie_id": "40152"
  },
  {
    "review": "괜찮은데 ㅋㅋㅋㅋㅋㅋㅋㅋㅋㅋ",
    "date": "09.12.28",
    "rating": "7",
    "author": "qmam****",
    "review_id": "4097613",
    "movie_id": "40152"
  },
  {
    "review": "서서히 입지를 다져가는 여배우들을 네 딸로 등장시켰으나 그뿐이다.",
    "date": "09.05.15",
    "rating": "6",
    "author": "cont****",
    "review_id": "3496009",
    "movie_id": "40152"
  },
  {
    "review": "음... 그냥 마지막 쯔음이 제일좋네요. (그전까지 여자 히스테리가 너무 심해서;;)",
    "date": "09.03.18",
    "rating": "7",
    "author": "seni****",
    "review_id": "3373146",
    "movie_id": "40152"
  },
  {
    "review": "이젠영화카피로도낚는구나. 괜찮은드라마지만유쾌한코미디는??..웃고싶어봤는데ㅡㅡ",
    "date": "09.02.25",
    "rating": "1",
    "author": "snak****",
    "review_id": "3332592",
    "movie_id": "40152"
  },
  {
    "review": "별로 웃기지도 않고 로맨스도 몰겠고 걍 다운받아 볼만함",
    "date": "09.02.20",
    "rating": "5",
    "author": "cool****",
    "review_id": "3319296",
    "movie_id": "40152"
  },
  {
    "review": "good",
    "date": "08.09.16",
    "rating": "10",
    "author": "wjfa****",
    "review_id": "2950195",
    "movie_id": "40152"
  },
  {
    "review": "오해에 대한 이야기. 그냥 죽여줘요...^^*",
    "date": "08.08.01",
    "rating": "10",
    "author": "desp****",
    "review_id": "2825070",
    "movie_id": "40152"
  },
  {
    "review": "이게 삶이다 싶고.. 어디서나 그렇게 사는구나 싶고..",
    "date": "08.07.25",
    "rating": "10",
    "author": "kolc****",
    "review_id": "2800287",
    "movie_id": "40152"
  },
  {
    "review": "난 그냥.. 그저 지루하기만 하더구만..",
    "date": "08.07.22",
    "rating": "5",
    "author": "tige****",
    "review_id": "2793372",
    "movie_id": "40152"
  },
  {
    "review": "난 그저그렇던데 여자들은 좋았다고 난리인 영화!",
    "date": "08.05.04",
    "rating": "8",
    "author": "sgca****",
    "review_id": "2616431",
    "movie_id": "40152"
  },
  {
    "review": "감정을 잘 살린 유쾌한 영화! 간만에 웃고 왔다는....",
    "date": "08.05.04",
    "rating": "9",
    "author": "007h****",
    "review_id": "2616394",
    "movie_id": "40152"
  },
  {
    "review": "유쾌한 코미디? 히스테릭 여자와 친절한 남자 이게 끝~",
    "date": "08.04.28",
    "rating": "6",
    "author": "twot****",
    "review_id": "2604174",
    "movie_id": "40152"
  },
  {
    "review": "다함께 웃으면서 재밌게 봤어요. 여운을 주는 결말도 좋아요. 가족이 뭔지",
    "date": "08.04.26",
    "rating": "8",
    "author": "pipi****",
    "review_id": "2599175",
    "movie_id": "40152"
  },
  {
    "review": "최악이다 정말 정서도 안맞고 웃기지도 않다",
    "date": "08.04.24",
    "rating": "1",
    "author": "entm****",
    "review_id": "2596661",
    "movie_id": "40152"
  },
  {
    "review": "good",
    "date": "08.04.22",
    "rating": "10",
    "author": "tolb****",
    "review_id": "2593539",
    "movie_id": "40152"
  },
  {
    "review": "절대 코메디는 아닌듯...남자입장에서는 별로 느껴지는게 없음",
    "date": "08.04.08",
    "rating": "6",
    "author": "fbir****",
    "review_id": "2567210",
    "movie_id": "40152"
  },
  {
    "review": "처음부터 반전 이걸 줄알았다. 근데 결말 뭔가 심하게 빠진듯하다. 너무 약해..",
    "date": "08.04.06",
    "rating": "5",
    "author": "gkdi****",
    "review_id": "2563150",
    "movie_id": "40152"
  },
  {
    "review": "로맨스는 있으나 코메디는 아니다. 결코 유쾌하지도 않다. 무겁고, 어둡다.",
    "date": "08.04.06",
    "rating": "5",
    "author": "newp****",
    "review_id": "2562585",
    "movie_id": "40152"
  },
  {
    "review": "문화적 차이는 있지만, 나름 볼만했다",
    "date": "08.04.06",
    "rating": "8",
    "author": "inst****",
    "review_id": "2561929",
    "movie_id": "40152"
  },
  {
    "review": "'화'는 자기 뿐만 아니라 주변사람들까지 망친다",
    "date": "08.04.04",
    "rating": "10",
    "author": "mfor****",
    "review_id": "2558718",
    "movie_id": "40152"
  },
  {
    "review": "로맨스 코미디의 적당한 무게감이 오히려 좋았다..^^",
    "date": "08.04.04",
    "rating": "10",
    "author": "tky9****",
    "review_id": "2556791",
    "movie_id": "40152"
  },
  {
    "review": "역시 코믹은 연륜에서 묻어나온다더니..",
    "date": "08.04.02",
    "rating": "7",
    "author": "nari****",
    "review_id": "2554010",
    "movie_id": "40152"
  },
  {
    "review": "적당히 과장이없는 듯한 중년의 연한 로맨스.",
    "date": "08.04.01",
    "rating": "6",
    "author": "sooj****",
    "review_id": "2553506",
    "movie_id": "40152"
  },
  {
    "review": "2005년작을 지금 개봉한 것이었음, 약간 느슨하고 약간은 코믹하고",
    "date": "08.04.01",
    "rating": "6",
    "author": "sile****",
    "review_id": "2553024",
    "movie_id": "40152"
  },
  {
    "review": "엄마랑 보면 참 재밌어할 거 같다",
    "date": "08.04.01",
    "rating": "10",
    "author": "korn****",
    "review_id": "2552844",
    "movie_id": "40152"
  },
  {
    "review": "완전 돈 아까운 영화.. 글구 19금으로 바꿔라.. 내용 좀 거시기 하더라..",
    "date": "08.04.01",
    "rating": "1",
    "author": "jky3****",
    "review_id": "2552822",
    "movie_id": "40152"
  },
  {
    "review": "1점준거왜지웠냐완젼어이없네...짜증난다.네이버돈먹었냐재미없다고!!",
    "date": "08.03.31",
    "rating": "1",
    "author": "twoq****",
    "review_id": "2552315",
    "movie_id": "40152"
  },
  {
    "review": "나쁜 영화라고 할 수는 없지만 시간이 좀 아까운 기분...",
    "date": "08.03.31",
    "rating": "3",
    "author": "opiu****",
    "review_id": "2551444",
    "movie_id": "40152"
  },
  {
    "review": "너무 사랑해서 오해하기 쉬운 사람들에게 다가가는 법을 배울 수 있었던 영화~^^",
    "date": "08.03.31",
    "rating": "10",
    "author": "bada****",
    "review_id": "2551422",
    "movie_id": "40152"
  },
  {
    "review": "조안 알렌의신들린 연기!!인간심리에관심있는분들은꼭봐야할듯..올최고의영화네요~",
    "date": "08.03.31",
    "rating": "10",
    "author": "7401****",
    "review_id": "2550808",
    "movie_id": "40152"
  },
  {
    "review": "나중에 좀 더 나이가 들면 다시 한 번 보고 싶어진다.",
    "date": "08.03.30",
    "rating": "7",
    "author": "jinz****",
    "review_id": "2549003",
    "movie_id": "40152"
  },
  {
    "review": "다시 영화를 떠올릴수록 색다른 느낌이 나는 영화였어요. 광고지와는 많이 달랐지만..",
    "date": "08.03.30",
    "rating": "8",
    "author": "yein****",
    "review_id": "2548648",
    "movie_id": "40152"
  },
  {
    "review": "어.. 이거 옛날에 봤었는데.. 쫌 재미있음",
    "date": "08.03.29",
    "rating": "10",
    "author": "back****",
    "review_id": "2548227",
    "movie_id": "40152"
  },
  {
    "review": "주인공 엄마 연기로만 평점 줍니다... 영화관에서 졸리워보기는  처음.. --;;",
    "date": "08.03.29",
    "rating": "3",
    "author": "simp****",
    "review_id": "2547221",
    "movie_id": "40152"
  },
  {
    "review": "무지하게 재밌다. 그리고 진지하다",
    "date": "08.03.28",
    "rating": "10",
    "author": "tolb****",
    "review_id": "2546517",
    "movie_id": "40152"
  },
  {
    "review": "생각보단 재밌었지만~ 큰 웃음과 감동은 없어 아쉬워요..",
    "date": "08.03.28",
    "rating": "8",
    "author": "jjun****",
    "review_id": "2545770",
    "movie_id": "40152"
  },
  {
    "review": "감독의 비호감케릭터 연기가 너무 죽였어요~ ㅋ",
    "date": "08.03.28",
    "rating": "9",
    "author": "eveh****",
    "review_id": "2545678",
    "movie_id": "40152"
  },
  {
    "review": "가족을 다루는 헐리우드 영화중 가장 깊고 섬세한듯... 기대 이상입니다~^^",
    "date": "08.03.28",
    "rating": "10",
    "author": "skyj****",
    "review_id": "2545224",
    "movie_id": "40152"
  },
  {
    "review": "지루하고 감동도없고 뭐마지막반전이라는데 그것도황당하고 시간아깝다",
    "date": "08.03.26",
    "rating": "1",
    "author": "myje****",
    "review_id": "2543091",
    "movie_id": "40152"
  },
  {
    "review": "기대했던 것 보다 재미있었던 영화예요. 추천~",
    "date": "08.03.25",
    "rating": "9",
    "author": "mids****",
    "review_id": "2541532",
    "movie_id": "40152"
  },
  {
    "review": "시사회보다가 뛰쳐나왔는데;;;대체 코미디랑멜로는어디에;",
    "date": "08.03.25",
    "rating": "1",
    "author": "desi****",
    "review_id": "2541434",
    "movie_id": "40152"
  },
  {
    "review": "이거 너무 재밌잖아.. 왜 이런영화가 유명하지 않지?",
    "date": "08.03.25",
    "rating": "10",
    "author": "seok****",
    "review_id": "2541138",
    "movie_id": "40152"
  },
  {
    "review": "오늘 시사회 당첨되서 보고왔어요. 기분이 좋아지는 영화 굳~^^",
    "date": "08.03.25",
    "rating": "8",
    "author": "masa****",
    "review_id": "2540995",
    "movie_id": "40152"
  },
  {
    "review": "기대보다 더 재밌었어요",
    "date": "08.03.24",
    "rating": "10",
    "author": "aban****",
    "review_id": "2540286",
    "movie_id": "40152"
  },
  {
    "review": "캐빈은 살아있다! 조안에 굿연기",
    "date": "08.03.24",
    "rating": "8",
    "author": "trav****",
    "review_id": "2540095",
    "movie_id": "40152"
  },
  {
    "review": "오랜만에 제대로 된 영화 봤음. 정말 재밌고 유익했던 영화",
    "date": "08.03.24",
    "rating": "10",
    "author": "jhfi****",
    "review_id": "2539697",
    "movie_id": "40152"
  },
  {
    "review": "사는 얘기.. 재미와 함께 여운까지~오랜만에 짱 맘에 든다.",
    "date": "08.03.24",
    "rating": "10",
    "author": "naeh****",
    "review_id": "2539676",
    "movie_id": "40152"
  },
  {
    "review": "암울한 내용을 위트로 소화시킨 센스있는 영화",
    "date": "08.03.24",
    "rating": "8",
    "author": "lack****",
    "review_id": "2539538",
    "movie_id": "40152"
  },
  {
    "review": "제목에서 느낄수 있는 느낌을 그대로....영화에 표현..ㅋㅋ!",
    "date": "08.03.24",
    "rating": "10",
    "author": "ej47****",
    "review_id": "2539464",
    "movie_id": "40152"
  },
  {
    "review": "세상사 짧은데 쓸데없이 화내고하면서 살필요 없다는건가..ㅎ 딸들이 다미인",
    "date": "08.03.23",
    "rating": "7",
    "author": "lome****",
    "review_id": "2536413",
    "movie_id": "40152"
  },
  {
    "review": "특징 없는, 아주 평이한 드라마. 조용한 전개, 지루함을 떨쳐 버릴 수 없다.",
    "date": "08.03.23",
    "rating": "4",
    "author": "caca****",
    "review_id": "2536093",
    "movie_id": "40152"
  },
  {
    "review": "재밌었다. 의외의 상황에서 웃음이~~ 나름 메시도 있는 괜찮았던 영화!",
    "date": "08.03.22",
    "rating": "10",
    "author": "koun****",
    "review_id": "2533785",
    "movie_id": "40152"
  },
  {
    "review": "와우! 오램만에 제대로 된 영화 한편~",
    "date": "08.03.22",
    "rating": "10",
    "author": "hong****",
    "review_id": "2533777",
    "movie_id": "40152"
  },
  {
    "review": "코미디라기보단 상당히 교훈적인.. 보고나니 찜찜한 기분",
    "date": "08.03.21",
    "rating": "6",
    "author": "naug****",
    "review_id": "2533543",
    "movie_id": "40152"
  },
  {
    "review": "유쾌하지는 않았다... 오히려 심각한내용인듯..",
    "date": "08.03.21",
    "rating": "6",
    "author": "chel****",
    "review_id": "2533160",
    "movie_id": "40152"
  },
  {
    "review": "로맨스 코미디 기대만땅에서 기대이하 너무 기대헀나?...........",
    "date": "08.03.21",
    "rating": "6",
    "author": "bono****",
    "review_id": "2532771",
    "movie_id": "40152"
  },
  {
    "review": "시사회로 봤는데.. 공짜였는데두 시간이 아까웠다 ㅡ.ㅡ;",
    "date": "08.03.21",
    "rating": "4",
    "author": "skyb****",
    "review_id": "2532677",
    "movie_id": "40152"
  },
  {
    "review": "유쾌한 코미디라니... 별로 유쾌하지 않던데 미국식 원제목이 내용과 더 잘어울림..",
    "date": "08.03.21",
    "rating": "7",
    "author": "desi****",
    "review_id": "2532575",
    "movie_id": "40152"
  },
  {
    "review": "공감할 수 없는 유머가 있긴 했지만 유쾌함과 감동을 동시에 전해주는 영화!",
    "date": "08.03.21",
    "rating": "7",
    "author": "gomt****",
    "review_id": "2532017",
    "movie_id": "40152"
  },
  {
    "review": "짜증을 날려버리는 유쾌한 코메디! ㅎㅎ",
    "date": "08.03.20",
    "rating": "10",
    "author": "ilee****",
    "review_id": "2531367",
    "movie_id": "40152"
  },
  {
    "review": "잘 만든 영화! 가족과 함께 보시길 강추!",
    "date": "08.03.20",
    "rating": "10",
    "author": "bada****",
    "review_id": "2531068",
    "movie_id": "40152"
  },
  {
    "review": "마치 내 얘기를 보는듯한...ㅋㅋ 공감백배~~",
    "date": "08.03.20",
    "rating": "10",
    "author": "kamu****",
    "review_id": "2530906",
    "movie_id": "40152"
  },
  {
    "review": "웃음 만발!!! 강추 강추!!!",
    "date": "08.03.20",
    "rating": "10",
    "author": "baik****",
    "review_id": "2530905",
    "movie_id": "40152"
  },
  {
    "review": "정말 재밌게 봤어요~",
    "date": "08.03.20",
    "rating": "10",
    "author": "mimi****",
    "review_id": "2530897",
    "movie_id": "40152"
  },
  {
    "review": "예측불허라는 표현이 딱 맞습니다. 얕지도 너무 깊지도 않은 느낌 좋은 영화였습니다.",
    "date": "08.03.20",
    "rating": "10",
    "author": "jake****",
    "review_id": "2530407",
    "movie_id": "40152"
  },
  {
    "review": "캐빈 아저씨 말마따나 사람 냄새나는 영화. 요즘 기대이상의 영화가 많아 좋다능~",
    "date": "08.03.20",
    "rating": "10",
    "author": "made****",
    "review_id": "2529921",
    "movie_id": "40152"
  },
  {
    "review": "여행중의 이런요행 바라고 싶내요 ㅎㅎ",
    "date": "08.03.19",
    "rating": "9",
    "author": "pass****",
    "review_id": "2529437",
    "movie_id": "40152"
  },
  {
    "review": "어째 이런 영화가 이제사 나온거죠? 정말 뜻하지 않게 수작 하나 건졌습니다 ^^",
    "date": "08.03.19",
    "rating": "10",
    "author": "kimd****",
    "review_id": "2529412",
    "movie_id": "40152"
  },
  {
    "review": "사는게 바로 이런것!",
    "date": "08.03.19",
    "rating": "10",
    "author": "jude****",
    "review_id": "2529407",
    "movie_id": "40152"
  },
  {
    "review": "오랜만에 제대로 된 드라마를 만났어요~",
    "date": "08.03.19",
    "rating": "10",
    "author": "jees****",
    "review_id": "2529009",
    "movie_id": "40152"
  },
  {
    "review": "뿌듯했습니다.....",
    "date": "08.03.19",
    "rating": "10",
    "author": "ysue****",
    "review_id": "2528997",
    "movie_id": "40152"
  },
  {
    "review": "정말 즐겁게 웃고 가슴까지 찡했던 영화에요",
    "date": "08.03.19",
    "rating": "10",
    "author": "kwhs****",
    "review_id": "2528994",
    "movie_id": "40152"
  },
  {
    "review": "잔잔한 웃음과 감동을 준 재미있었던 영화...",
    "date": "08.03.19",
    "rating": "10",
    "author": "ohio****",
    "review_id": "2528938",
    "movie_id": "40152"
  },
  {
    "review": "충분히 감동과 재미있는 영화",
    "date": "08.03.19",
    "rating": "10",
    "author": "baby****",
    "review_id": "2528624",
    "movie_id": "40152"
  },
  {
    "review": "조안 알렌의 열연이 대단하다^^  좋은영화",
    "date": "08.03.17",
    "rating": "10",
    "author": "dj16****",
    "review_id": "2526201",
    "movie_id": "40152"
  },
  {
    "review": "정말 한참을 웃었어요.. 그러면서 엄마생각이 살짝 났다는.. 완전 좋아요",
    "date": "08.03.16",
    "rating": "10",
    "author": "thsk****",
    "review_id": "2522610",
    "movie_id": "40152"
  },
  {
    "review": "웃음과 감성을 모두주는 영화...기대이상의 매끄러운 전개가 즐거움을 줍니다~",
    "date": "08.03.13",
    "rating": "8",
    "author": "snbr****",
    "review_id": "2517539",
    "movie_id": "40152"
  },
  {
    "review": "웃음과 메시지를 동시에! 더불어 명연기를 보여준 조앤 알렌에게 찬사를! 강추",
    "date": "08.03.13",
    "rating": "9",
    "author": "drea****",
    "review_id": "2517387",
    "movie_id": "40152"
  },
  {
    "review": "연기가 모두 좋았다.",
    "date": "08.03.12",
    "rating": "8",
    "author": "litc****",
    "review_id": "2516391",
    "movie_id": "40152"
  }
]