[
  {
    "review": "잘 다듬었다면 꽤 준수했을 주제.",
    "date": "15.08.22",
    "rating": "6",
    "author": "tear****",
    "review_id": "10260738",
    "movie_id": "40169"
  },
  {
    "review": "평생을 살인청부업으로 살아온 노년의 킬러가 알츠하이머 병을 앓으면서 정의를 실현해가는 이야기 자체가 흥미를 끄는데 적당한 액션과 함께 지루할틈없이 전개되는군",
    "date": "15.02.22",
    "rating": "7",
    "author": "guev****",
    "review_id": "9726727",
    "movie_id": "40169"
  },
  {
    "review": "재미없어서 보다 껏다. 영상도 드라마 수준인듯. 주인공이 왕할아버지. 메멘토 생각도",
    "date": "12.01.05",
    "rating": "6",
    "author": "goll****",
    "review_id": "5963191",
    "movie_id": "40169"
  },
  {
    "review": "이건 진짜 명작이다",
    "date": "11.07.18",
    "rating": "10",
    "author": "kolh****",
    "review_id": "5553307",
    "movie_id": "40169"
  },
  {
    "review": "벨기에 느와르 감성이 가미된 덜성숙한 잡탕",
    "date": "11.02.07",
    "rating": "4",
    "author": "hexa****",
    "review_id": "5227479",
    "movie_id": "40169"
  },
  {
    "review": "그냥 그런",
    "date": "10.03.16",
    "rating": "7",
    "author": "toha****",
    "review_id": "4360975",
    "movie_id": "40169"
  },
  {
    "review": "적당히 볼만한 작품. 약간 비헐리우드적인 스타일을 느끼고 싶다면 좀 더 추천가능",
    "date": "10.02.05",
    "rating": "8",
    "author": "sbj1****",
    "review_id": "4250008",
    "movie_id": "40169"
  },
  {
    "review": "좀 시시하지만 볼만함~ 6점이 딱 적당",
    "date": "09.08.17",
    "rating": "6",
    "author": "yunj****",
    "review_id": "3758740",
    "movie_id": "40169"
  },
  {
    "review": "네이버가 스포하네 마지막결말까지 다 써놓은거 첨봤다",
    "date": "09.08.06",
    "rating": "10",
    "author": "ruri****",
    "review_id": "3716541",
    "movie_id": "40169"
  },
  {
    "review": "살인청부업자가 성매매범을 응징한다??ㅋㅋ 둘다거기서 거기거든??",
    "date": "09.07.22",
    "rating": "6",
    "author": "vare****",
    "review_id": "3656628",
    "movie_id": "40169"
  },
  {
    "review": "조금은 낯선 감각의 유럽 영화. 감상하기엔 너무 지루한 전개.",
    "date": "09.02.26",
    "rating": "6",
    "author": "hand****",
    "review_id": "3334678",
    "movie_id": "40169"
  },
  {
    "review": "플롯이 흥미진진.",
    "date": "08.10.22",
    "rating": "10",
    "author": "anim****",
    "review_id": "3013310",
    "movie_id": "40169"
  },
  {
    "review": "평점이 왜 이리 높지?정말 지루하고 졸렵고,스릴도 없고,한 30분 보다가 지워버림..쩝",
    "date": "08.10.03",
    "rating": "1",
    "author": "walr****",
    "review_id": "2980834",
    "movie_id": "40169"
  },
  {
    "review": "도저히 졸려서 끝까지 못봄",
    "date": "08.09.29",
    "rating": "1",
    "author": "qpwq****",
    "review_id": "2974113",
    "movie_id": "40169"
  },
  {
    "review": "9.8인 테이큰도 보고 이 영화도 봤다. 이영화에 비해 테이큰은 좀가볍더라.",
    "date": "08.09.25",
    "rating": "10",
    "author": "rnjs****",
    "review_id": "2967962",
    "movie_id": "40169"
  },
  {
    "review": "우울한 느와르라고나 할까?! 헐리우드 영화에 지친 관객들을 위한 영화인듯~^^",
    "date": "08.08.15",
    "rating": "10",
    "author": "doky****",
    "review_id": "2872137",
    "movie_id": "40169"
  },
  {
    "review": "차분함의 미학...   길은 여러갈래지만 도착지는 하나",
    "date": "08.08.07",
    "rating": "10",
    "author": "dydr****",
    "review_id": "2847046",
    "movie_id": "40169"
  },
  {
    "review": "느림의 미학..",
    "date": "08.07.20",
    "rating": "7",
    "author": "scs0****",
    "review_id": "2783584",
    "movie_id": "40169"
  },
  {
    "review": "생각지도 못한 할아버지 킬러.. 묘하게 매력적이었던.",
    "date": "08.02.07",
    "rating": "6",
    "author": "coib****",
    "review_id": "2418720",
    "movie_id": "40169"
  },
  {
    "review": "건조한 수작...",
    "date": "07.12.30",
    "rating": "7",
    "author": "anci****",
    "review_id": "2280437",
    "movie_id": "40169"
  },
  {
    "review": "법의 심판보단 총알한방이 정의실현에 더낳은 방법같다...",
    "date": "07.12.22",
    "rating": "8",
    "author": "juni****",
    "review_id": "2254392",
    "movie_id": "40169"
  },
  {
    "review": "그냥~ 그럭저럭 ~재밌긴한데 평점보고 속아 기대하고 보지마시길..",
    "date": "07.10.07",
    "rating": "5",
    "author": "wldu****",
    "review_id": "2076729",
    "movie_id": "40169"
  },
  {
    "review": "이전에도취급되온형사물이지만 이전과는다른 독특한느낌?",
    "date": "07.08.16",
    "rating": "7",
    "author": "ysjh****",
    "review_id": "1944521",
    "movie_id": "40169"
  },
  {
    "review": "후반부에 좀 덜끄는 시나리오를 썼다면 9점을 받을수 있었을것...",
    "date": "07.08.08",
    "rating": "8",
    "author": "mmmm****",
    "review_id": "1902478",
    "movie_id": "40169"
  },
  {
    "review": "군더더기 없이 깔끔하고, 액션으로 치중해서 평가하는 오류는 No!",
    "date": "07.08.01",
    "rating": "7",
    "author": "paci****",
    "review_id": "1833482",
    "movie_id": "40169"
  },
  {
    "review": "재밌겠당..~~",
    "date": "07.06.10",
    "rating": "10",
    "author": "khh6****",
    "review_id": "1694725",
    "movie_id": "40169"
  },
  {
    "review": "나름대로 흥미로왔던 영화.",
    "date": "07.05.29",
    "rating": "7",
    "author": "caca****",
    "review_id": "1671252",
    "movie_id": "40169"
  },
  {
    "review": "어째 좀.. 루즈하다",
    "date": "07.05.19",
    "rating": "4",
    "author": "vvst****",
    "review_id": "1645537",
    "movie_id": "40169"
  },
  {
    "review": "엄청 재밌다고 해서 봤는데... 기대이하; (이런걸 생각한게 아닌데;)",
    "date": "07.04.03",
    "rating": "7",
    "author": "seni****",
    "review_id": "1570157",
    "movie_id": "40169"
  },
  {
    "review": "많은 기대 않고 보시길...",
    "date": "07.04.03",
    "rating": "6",
    "author": "urkn****",
    "review_id": "1570051",
    "movie_id": "40169"
  },
  {
    "review": "만족할만함...ㅋ",
    "date": "07.03.06",
    "rating": "10",
    "author": "duag****",
    "review_id": "1521452",
    "movie_id": "40169"
  },
  {
    "review": "킬러의 분노 단 킬러액션물 찾는거라면 실망할수도",
    "date": "07.02.11",
    "rating": "9",
    "author": "hori****",
    "review_id": "1462867",
    "movie_id": "40169"
  },
  {
    "review": "러닝타임이 좀 길긴 하지만.. 재밌는 거 같아요^^",
    "date": "07.01.25",
    "rating": "9",
    "author": "mrtk****",
    "review_id": "1412552",
    "movie_id": "40169"
  },
  {
    "review": "긴장감없는스토리.배우들의부족한카리스마.남는거없는결말.",
    "date": "07.01.16",
    "rating": "5",
    "author": "toto****",
    "review_id": "1388593",
    "movie_id": "40169"
  },
  {
    "review": "재미있넹 ㅋ",
    "date": "06.12.31",
    "rating": "10",
    "author": "82em****",
    "review_id": "1345922",
    "movie_id": "40169"
  },
  {
    "review": "센스있다.",
    "date": "06.12.31",
    "rating": "10",
    "author": "rptr****",
    "review_id": "1345414",
    "movie_id": "40169"
  },
  {
    "review": "큰 재미는 없습니다",
    "date": "06.12.31",
    "rating": "6",
    "author": "yoon****",
    "review_id": "1344663",
    "movie_id": "40169"
  },
  {
    "review": "토요명화에서 봤음..볼만한데 결말이 좀 아쉽다",
    "date": "06.12.31",
    "rating": "8",
    "author": "juyu****",
    "review_id": "1344550",
    "movie_id": "40169"
  },
  {
    "review": "아주 눈꼽만큼 색다른 액션스릴러 빈티는 전혀 안난다",
    "date": "06.12.31",
    "rating": "8",
    "author": "anda****",
    "review_id": "1343860",
    "movie_id": "40169"
  },
  {
    "review": "굿",
    "date": "06.12.31",
    "rating": "10",
    "author": "jjhl****",
    "review_id": "1343718",
    "movie_id": "40169"
  },
  {
    "review": "r감동",
    "date": "06.12.30",
    "rating": "10",
    "author": "bada****",
    "review_id": "1342981",
    "movie_id": "40169"
  },
  {
    "review": "8점 더올리기 ㅋㅋ",
    "date": "06.12.30",
    "rating": "10",
    "author": "bugs****",
    "review_id": "1342789",
    "movie_id": "40169"
  },
  {
    "review": "8점채우기 ㅋ 재밌길.",
    "date": "06.12.29",
    "rating": "10",
    "author": "wogm****",
    "review_id": "1340658",
    "movie_id": "40169"
  },
  {
    "review": "헐리웃 영화에 찌든 사람이라면 이영화 추천^^",
    "date": "06.12.21",
    "rating": "8",
    "author": "skyd****",
    "review_id": "1310173",
    "movie_id": "40169"
  },
  {
    "review": "할아버지가 액션도 잘하시네 뒤끝이 섭섭...",
    "date": "06.12.17",
    "rating": "7",
    "author": "pjg7****",
    "review_id": "1299782",
    "movie_id": "40169"
  },
  {
    "review": "괜찮은영화다. 주인공 할아버지가 멋진영화.",
    "date": "06.12.09",
    "rating": "8",
    "author": "siva****",
    "review_id": "1279378",
    "movie_id": "40169"
  },
  {
    "review": "프랑스 헐리웃영화랑은 또 사뭇 다른느낌.",
    "date": "06.12.05",
    "rating": "7",
    "author": "jaem****",
    "review_id": "1268693",
    "movie_id": "40169"
  },
  {
    "review": "노익장을 과시하는 매력적인 유럽산 느와르. 이런 보물이~",
    "date": "06.10.26",
    "rating": "9",
    "author": "sihy****",
    "review_id": "1199379",
    "movie_id": "40169"
  },
  {
    "review": "괜찮았는데 뭔가부족한..",
    "date": "06.09.19",
    "rating": "7",
    "author": "tkba****",
    "review_id": "1131803",
    "movie_id": "40169"
  },
  {
    "review": "색다르다.반전을 기대하진 마라.느와르라는 착각이 들 정도..",
    "date": "06.08.26",
    "rating": "7",
    "author": "sinh****",
    "review_id": "1078644",
    "movie_id": "40169"
  },
  {
    "review": "오랫만에 ... 좋았다",
    "date": "06.08.26",
    "rating": "9",
    "author": "alwa****",
    "review_id": "1078287",
    "movie_id": "40169"
  },
  {
    "review": "벨기에 영화의 매력- 늙다고 절대 깔보지 마라!!",
    "date": "06.08.25",
    "rating": "9",
    "author": "kat2****",
    "review_id": "1077723",
    "movie_id": "40169"
  },
  {
    "review": "멋진 영화.",
    "date": "06.08.03",
    "rating": "10",
    "author": "ydh9****",
    "review_id": "962427",
    "movie_id": "40169"
  },
  {
    "review": "레다의 연기가 인상적인 무게있는 유럽산 액션 스릴러물..",
    "date": "06.07.28",
    "rating": "9",
    "author": "ikrz****",
    "review_id": "933418",
    "movie_id": "40169"
  },
  {
    "review": "이걸 1점 주는 무뇌충은 머냐.. 최상은 아니어도 참 좋은 영화..",
    "date": "06.07.28",
    "rating": "10",
    "author": "juke****",
    "review_id": "933393",
    "movie_id": "40169"
  },
  {
    "review": "볼만하던데 할아버지 카리스마 짱",
    "date": "06.07.24",
    "rating": "8",
    "author": "vvin****",
    "review_id": "919575",
    "movie_id": "40169"
  },
  {
    "review": "메멘토만큼 강렬하진 않지만 볼만했다..1점준녀석은 영화꽝",
    "date": "06.07.10",
    "rating": "8",
    "author": "lmj2****",
    "review_id": "883349",
    "movie_id": "40169"
  },
  {
    "review": "레다역의 노신사분, 연륜이 느껴지는 농익은 연기 감동입니다.",
    "date": "06.07.08",
    "rating": "10",
    "author": "xpen****",
    "review_id": "877361",
    "movie_id": "40169"
  },
  {
    "review": "관람평의 점수를 믿은 내가 바보다....ㅡㅡ",
    "date": "06.06.16",
    "rating": "1",
    "author": "kjh1****",
    "review_id": "845222",
    "movie_id": "40169"
  },
  {
    "review": "생소한 배우들과 영상 음악..등등 참 독특하고 신선한 영화",
    "date": "06.05.30",
    "rating": "8",
    "author": "hye5****",
    "review_id": "823122",
    "movie_id": "40169"
  },
  {
    "review": "메멘토= 늙은 킬러;; 남는게 없다..ㅡㅡ;;",
    "date": "06.05.02",
    "rating": "5",
    "author": "love****",
    "review_id": "783411",
    "movie_id": "40169"
  },
  {
    "review": "훌륭하고 치밀한 범죄 액션영화로 인정하지만, 스릴러는 글쎄 ?",
    "date": "06.04.26",
    "rating": "7",
    "author": "catl****",
    "review_id": "776302",
    "movie_id": "40169"
  },
  {
    "review": "대한민국에서 이런 색깔을 영화를 만든 기억은 한번도 없었다.",
    "date": "06.04.24",
    "rating": "10",
    "author": "sagu****",
    "review_id": "773891",
    "movie_id": "40169"
  },
  {
    "review": "뛰어나다",
    "date": "06.04.24",
    "rating": "9",
    "author": "ggur****",
    "review_id": "773382",
    "movie_id": "40169"
  },
  {
    "review": "노력하지만 문제는 지구력이다",
    "date": "06.04.20",
    "rating": "7",
    "author": "zomb****",
    "review_id": "769009",
    "movie_id": "40169"
  },
  {
    "review": "간만에 매력적인 영화...good",
    "date": "06.04.19",
    "rating": "10",
    "author": "gole****",
    "review_id": "768261",
    "movie_id": "40169"
  },
  {
    "review": "정말 멋있는 영화 . 짜임새있는 내용에 훌륭한 배우들의 연기력",
    "date": "06.04.05",
    "rating": "10",
    "author": "lees****",
    "review_id": "749526",
    "movie_id": "40169"
  },
  {
    "review": "굳이 봐야겠다고 우긴다면 말리진 않겠다.",
    "date": "06.04.04",
    "rating": "3",
    "author": "gyan****",
    "review_id": "748344",
    "movie_id": "40169"
  },
  {
    "review": "남는게 없네요. 하지만 연기자들의 연기력과 지루하지 않은 점",
    "date": "06.03.27",
    "rating": "8",
    "author": "gkgk****",
    "review_id": "737676",
    "movie_id": "40169"
  },
  {
    "review": "꽤 볼만한 유럽산 스릴러 하지만 매력이 없다",
    "date": "06.03.27",
    "rating": "4",
    "author": "okjo****",
    "review_id": "737170",
    "movie_id": "40169"
  },
  {
    "review": "별기대없이 중간에 보다가 한순간도 눈을 못뗀 매력적인 영화",
    "date": "06.03.26",
    "rating": "10",
    "author": "echo****",
    "review_id": "734700",
    "movie_id": "40169"
  },
  {
    "review": "중상 정도의  구성력있는 영화.좋았음.",
    "date": "06.03.26",
    "rating": "9",
    "author": "akfg****",
    "review_id": "734584",
    "movie_id": "40169"
  },
  {
    "review": "기대가 크면 실망이 큰 법이다.",
    "date": "06.03.20",
    "rating": "6",
    "author": "donj****",
    "review_id": "725002",
    "movie_id": "40169"
  },
  {
    "review": "신나는 액션인줄알고봤는데 그래도 그럭저럭 괜찮은 영화",
    "date": "06.02.28",
    "rating": "8",
    "author": "tomk****",
    "review_id": "696721",
    "movie_id": "40169"
  },
  {
    "review": "킬러가 자기마음대로 다하네요..별로 재미없음..",
    "date": "06.02.27",
    "rating": "3",
    "author": "anci****",
    "review_id": "695241",
    "movie_id": "40169"
  },
  {
    "review": "이 영화의 설명하기 어려운 매력",
    "date": "06.02.20",
    "rating": "10",
    "author": "lanc****",
    "review_id": "681901",
    "movie_id": "40169"
  },
  {
    "review": "스토리 구성이 탄탄한 영화!!",
    "date": "06.02.16",
    "rating": "10",
    "author": "jaem****",
    "review_id": "673487",
    "movie_id": "40169"
  },
  {
    "review": "그럭저럭 본 영화다",
    "date": "06.01.16",
    "rating": "8",
    "author": "sjh8****",
    "review_id": "593489",
    "movie_id": "40169"
  },
  {
    "review": "양심있는킬러(?)의 마지막 홈런..썩은듯한권력의냄새...",
    "date": "06.01.16",
    "rating": "8",
    "author": "sumi****",
    "review_id": "592863",
    "movie_id": "40169"
  },
  {
    "review": "그냥 봐",
    "date": "06.01.14",
    "rating": "10",
    "author": "isee****",
    "review_id": "586673",
    "movie_id": "40169"
  },
  {
    "review": "그저 그런 영화....",
    "date": "06.01.10",
    "rating": "6",
    "author": "yasi****",
    "review_id": "576270",
    "movie_id": "40169"
  },
  {
    "review": "너무 질질 끄는 경향이 없지 않아있네",
    "date": "06.01.04",
    "rating": "6",
    "author": "siro****",
    "review_id": "559378",
    "movie_id": "40169"
  },
  {
    "review": "젠장 별점 보고 봤다가 시간만 날렸네.지미..",
    "date": "05.12.27",
    "rating": "1",
    "author": "kean****",
    "review_id": "532164",
    "movie_id": "40169"
  },
  {
    "review": "신 구 의 조합~~",
    "date": "05.12.20",
    "rating": "9",
    "author": "shom****",
    "review_id": "516923",
    "movie_id": "40169"
  },
  {
    "review": "1점 부족 하지만 재미 있네요 저런 스타일 영화가 조아",
    "date": "05.12.13",
    "rating": "9",
    "author": "jjan****",
    "review_id": "503159",
    "movie_id": "40169"
  },
  {
    "review": "연륜이 느껴지는 킬러...색다른영화..정말재미있네요...",
    "date": "05.12.06",
    "rating": "10",
    "author": "bold****",
    "review_id": "495925",
    "movie_id": "40169"
  },
  {
    "review": "레다의 카리스마 좔좔좔.....",
    "date": "05.12.01",
    "rating": "8",
    "author": "tlf7****",
    "review_id": "491067",
    "movie_id": "40169"
  },
  {
    "review": "별로였는데 평을보니 의아하다. 집중해서 안봐 그럴수도..;",
    "date": "05.12.01",
    "rating": "5",
    "author": "okok****",
    "review_id": "490168",
    "movie_id": "40169"
  },
  {
    "review": "새로운 발견~~^^",
    "date": "05.11.19",
    "rating": "7",
    "author": "bloo****",
    "review_id": "478274",
    "movie_id": "40169"
  },
  {
    "review": "재미있네요. 간만에 좋은 유럽 스릴러물.... 굿굿.",
    "date": "05.11.16",
    "rating": "10",
    "author": "seaw****",
    "review_id": "475969",
    "movie_id": "40169"
  },
  {
    "review": "매우 재미있네요^^강추요^^;",
    "date": "05.11.11",
    "rating": "10",
    "author": "pjc3****",
    "review_id": "470699",
    "movie_id": "40169"
  },
  {
    "review": "지루한초반, 급박한 중반, 볼만한 후반, 부족한끝말",
    "date": "05.10.25",
    "rating": "7",
    "author": "icei****",
    "review_id": "454725",
    "movie_id": "40169"
  },
  {
    "review": "연결고리의 비약/맥없는 긴장감/상투적 인물설정 - 뻥튀기였다.",
    "date": "05.10.22",
    "rating": "2",
    "author": "kiwi****",
    "review_id": "450519",
    "movie_id": "40169"
  },
  {
    "review": "벨기에도 스릴러물 제법 만드네요. 괜찮았음.",
    "date": "05.10.20",
    "rating": "8",
    "author": "blue****",
    "review_id": "448360",
    "movie_id": "40169"
  },
  {
    "review": "초반의 짜증이 중반으로 갈수록 탄성으로 바뀌는 영화~",
    "date": "05.10.19",
    "rating": "8",
    "author": "jp47****",
    "review_id": "448165",
    "movie_id": "40169"
  },
  {
    "review": "흥미로우면서 슬프고 약간 허무함과 여운.",
    "date": "05.10.18",
    "rating": "8",
    "author": "wing****",
    "review_id": "446497",
    "movie_id": "40169"
  },
  {
    "review": "재미있습니다.",
    "date": "05.10.15",
    "rating": "8",
    "author": "jeeb****",
    "review_id": "443338",
    "movie_id": "40169"
  },
  {
    "review": "할아버지킬러 멋졌어요..연민두 느껴지구 전 추천해요..",
    "date": "05.10.14",
    "rating": "9",
    "author": "sun7****",
    "review_id": "442590",
    "movie_id": "40169"
  },
  {
    "review": "약간 산만함. 질질 끌려다니기도 하고... 그다지 추천작은 아님",
    "date": "05.10.13",
    "rating": "6",
    "author": "ican****",
    "review_id": "441453",
    "movie_id": "40169"
  },
  {
    "review": "예상외의 수확!!  꽤 잘 만든 스릴러...",
    "date": "05.10.10",
    "rating": "8",
    "author": "gall****",
    "review_id": "439456",
    "movie_id": "40169"
  }
]