[
  {
    "review": "로맨틱 코미디에 정치성을 담은 패기에는 칭찬을.",
    "date": "15.08.13",
    "rating": "4",
    "author": "tear****",
    "review_id": "10221792",
    "movie_id": "40163"
  },
  {
    "review": "최고 ㅋ 깨알재미 ㅋㅋㅋ 나에게는 왜 저런남친과 저런아빠가 없을까 ㅠㅠ",
    "date": "15.06.12",
    "rating": "10",
    "author": "miss****",
    "review_id": "9994347",
    "movie_id": "40163"
  },
  {
    "review": "결정적으로 지루함",
    "date": "13.08.09",
    "rating": "1",
    "author": "redh****",
    "review_id": "7862532",
    "movie_id": "40163"
  },
  {
    "review": "전형적인 장인어른과 사위의 대결 귀엽지만 하품계속나오네",
    "date": "13.01.20",
    "rating": "5",
    "author": "jjcv****",
    "review_id": "7136218",
    "movie_id": "40163"
  },
  {
    "review": "8점정도는 줘야하지 않을까..",
    "date": "12.11.20",
    "rating": "10",
    "author": "masa****",
    "review_id": "6909053",
    "movie_id": "40163"
  },
  {
    "review": "전체적인  전개가 잔잔하고 지루하지만 주제가 좋고 애쉬튼 커쳐때문에 볼만함",
    "date": "12.10.19",
    "rating": "6",
    "author": "alsw****",
    "review_id": "6812451",
    "movie_id": "40163"
  },
  {
    "review": "흐뭇하다.",
    "date": "12.09.15",
    "rating": "7",
    "author": "marc****",
    "review_id": "6701053",
    "movie_id": "40163"
  },
  {
    "review": "그냥 가볍게 볼만했고, 중간중간 웃긴 장면도 있음ㅋㅋㅋ",
    "date": "12.01.05",
    "rating": "8",
    "author": "lmy0****",
    "review_id": "5962899",
    "movie_id": "40163"
  },
  {
    "review": "흑인과 백인의... 재밌었습니다",
    "date": "11.11.28",
    "rating": "10",
    "author": "sjeh****",
    "review_id": "5875584",
    "movie_id": "40163"
  },
  {
    "review": "가볍게 볼만한..",
    "date": "11.11.21",
    "rating": "8",
    "author": "tn99****",
    "review_id": "5864575",
    "movie_id": "40163"
  },
  {
    "review": "아버지랑 사위가 툭탁거리는게 재밌다. 다만 후반부에 조금 지루해지는 것이 아쉽...",
    "date": "11.10.30",
    "rating": "9",
    "author": "knr_****",
    "review_id": "5819552",
    "movie_id": "40163"
  },
  {
    "review": "조금 지루해서 6점..",
    "date": "11.10.27",
    "rating": "6",
    "author": "titi****",
    "review_id": "5812438",
    "movie_id": "40163"
  },
  {
    "review": "기억에 담아둘 만한 좋은 대사가 많이 나옴..",
    "date": "11.09.30",
    "rating": "8",
    "author": "dudv****",
    "review_id": "5761072",
    "movie_id": "40163"
  },
  {
    "review": "킬링타임도안되는듯 ㅠ",
    "date": "11.09.09",
    "rating": "5",
    "author": "chau****",
    "review_id": "5716907",
    "movie_id": "40163"
  },
  {
    "review": "에쉬튼은 역시 귀엽다",
    "date": "11.09.05",
    "rating": "7",
    "author": "gree****",
    "review_id": "5709462",
    "movie_id": "40163"
  },
  {
    "review": "그냥 시간 아까운 뻔한 내용",
    "date": "11.08.21",
    "rating": "1",
    "author": "ccpp****",
    "review_id": "5674614",
    "movie_id": "40163"
  },
  {
    "review": "로맨스도 코미디도 없는 맹물같은 영화",
    "date": "11.08.21",
    "rating": "1",
    "author": "rame****",
    "review_id": "5674612",
    "movie_id": "40163"
  },
  {
    "review": "같은 소재, 다른 점은 재미가 없다는 것",
    "date": "11.08.21",
    "rating": "1",
    "author": "kpcc****",
    "review_id": "5674610",
    "movie_id": "40163"
  },
  {
    "review": "4~5점",
    "date": "11.08.05",
    "rating": "4",
    "author": "star****",
    "review_id": "5603775",
    "movie_id": "40163"
  },
  {
    "review": "여주 아버지때문에 초반에 너무 열받았다... -_",
    "date": "11.07.25",
    "rating": "9",
    "author": "ferr****",
    "review_id": "5567850",
    "movie_id": "40163"
  },
  {
    "review": "baby Turn around me & see your sexy's body bambambam",
    "date": "11.07.09",
    "rating": "10",
    "author": "zzan****",
    "review_id": "5532213",
    "movie_id": "40163"
  },
  {
    "review": "심심찮게 터트리는데~",
    "date": "11.07.02",
    "rating": "8",
    "author": "cont****",
    "review_id": "5514655",
    "movie_id": "40163"
  },
  {
    "review": "커처형의 킬러스를 보기전에 꼭 봐야할 영화。맥형님 완전 우껴!! ★굿잡★",
    "date": "11.06.07",
    "rating": "10",
    "author": "yoos****",
    "review_id": "5470082",
    "movie_id": "40163"
  },
  {
    "review": "보는 내내 웃겨죽는줄 알았음. 왜 이제 봤을까 ㅋㅋㅋ",
    "date": "11.02.19",
    "rating": "10",
    "author": "jooj****",
    "review_id": "5255637",
    "movie_id": "40163"
  },
  {
    "review": "누군가를 진정 사랑하게되면 가끔은 있는 그대로 받아들일 것...",
    "date": "11.02.09",
    "rating": "5",
    "author": "egyp****",
    "review_id": "5231364",
    "movie_id": "40163"
  },
  {
    "review": "에쉬튼커처 나오는 영화 재미없던데 이작품도 재미없네",
    "date": "11.01.27",
    "rating": "3",
    "author": "baeq****",
    "review_id": "5187572",
    "movie_id": "40163"
  },
  {
    "review": "잼있는뎅~ 울나라 코믹영화보다 훨 웃김..",
    "date": "11.01.17",
    "rating": "10",
    "author": "rudg****",
    "review_id": "5163367",
    "movie_id": "40163"
  },
  {
    "review": "그냥 생각없이 보기 괜찮다~그래도 보면서 즐거운 영화 ㅋ",
    "date": "10.12.27",
    "rating": "7",
    "author": "hjyo****",
    "review_id": "5092869",
    "movie_id": "40163"
  },
  {
    "review": "밝고 유쾌한 공정드라마.",
    "date": "10.12.19",
    "rating": "4",
    "author": "pria****",
    "review_id": "5064716",
    "movie_id": "40163"
  },
  {
    "review": "ㅋㅋㅋㅋㅋ재밌었음ㅋㅋㅋㅋㅋㅋㅋㅋㅋㅋ아빠 귀요미",
    "date": "10.11.17",
    "rating": "10",
    "author": "lo_g****",
    "review_id": "4966707",
    "movie_id": "40163"
  },
  {
    "review": "내겐 그냥 애쉬튼만 있음 되...♥",
    "date": "10.11.12",
    "rating": "8",
    "author": "rami****",
    "review_id": "4955316",
    "movie_id": "40163"
  },
  {
    "review": "ㅋㅋㅋㅋ재밋다",
    "date": "10.10.15",
    "rating": "10",
    "author": "zh31****",
    "review_id": "4904615",
    "movie_id": "40163"
  },
  {
    "review": "애쉬튼ㅋㅋㅋㅋㅋㅋㅋㅋ♥",
    "date": "10.09.26",
    "rating": "10",
    "author": "toto****",
    "review_id": "4869088",
    "movie_id": "40163"
  },
  {
    "review": "에쉬튼커쳐가 멍청해야 재밋는데 그래서 초반에만재밋엇음;영화는좋음 웃기진않음",
    "date": "10.08.25",
    "rating": "7",
    "author": "ghrj****",
    "review_id": "4791557",
    "movie_id": "40163"
  },
  {
    "review": "애쉬튼커쳐 팬으로서 실망............평론가 평점이 맞는듯.. 세련되지 못하다",
    "date": "10.06.29",
    "rating": "5",
    "author": "kjw4****",
    "review_id": "4598455",
    "movie_id": "40163"
  },
  {
    "review": "ㅋㅋㅋㅋㅋㅋ진짜재밌다",
    "date": "10.05.24",
    "rating": "10",
    "author": "natu****",
    "review_id": "4521049",
    "movie_id": "40163"
  },
  {
    "review": "본인은 이 영화에 대해 그럭저럭 볼만하다는 반응을 나타내었다",
    "date": "10.05.13",
    "rating": "4",
    "author": "spar****",
    "review_id": "4496593",
    "movie_id": "40163"
  },
  {
    "review": "귀요미영화ㅋㅋㅋ 늘귀여운애쉬튼ㅠㅠ 어디서본여자다햇더니 조샐다나! 예뻐용ㅋㅋㅋ",
    "date": "10.05.07",
    "rating": "9",
    "author": "kebi****",
    "review_id": "4485167",
    "movie_id": "40163"
  },
  {
    "review": "기대 이상 ㅋㅋ",
    "date": "10.03.26",
    "rating": "7",
    "author": "tleh****",
    "review_id": "4388843",
    "movie_id": "40163"
  },
  {
    "review": "평론가들 아는척 쩌네ㅡㅡ 눈가리고 아웅도 애교로 봐줄수 없나??결론=졸잼씀ㅋ",
    "date": "10.01.07",
    "rating": "10",
    "author": "swee****",
    "review_id": "4145104",
    "movie_id": "40163"
  },
  {
    "review": "아 내가 다행복하넹ㅋㅋㅋㅋㅋ",
    "date": "09.12.13",
    "rating": "10",
    "author": "wlsd****",
    "review_id": "4040579",
    "movie_id": "40163"
  },
  {
    "review": "흑백문제는 사회의 코미디가 아니다",
    "date": "09.10.17",
    "rating": "5",
    "author": "sfor****",
    "review_id": "3897615",
    "movie_id": "40163"
  },
  {
    "review": "재밌다 애쉬튼커쳐ㅜㅜㅜ",
    "date": "09.10.02",
    "rating": "7",
    "author": "dus3****",
    "review_id": "3866495",
    "movie_id": "40163"
  },
  {
    "review": "이정도면 웃긴데.. b급영화에 a급 웃음을 기대한건가?ㅋㅋㅋㅋ",
    "date": "09.07.07",
    "rating": "10",
    "author": "iras****",
    "review_id": "3616565",
    "movie_id": "40163"
  },
  {
    "review": "머가 재밌고 머가 웃긴건지..",
    "date": "09.06.16",
    "rating": "6",
    "author": "bkm1****",
    "review_id": "3570383",
    "movie_id": "40163"
  },
  {
    "review": "정말 재미없었다...몇장면은 조금 웃겼으나..전반적으로 짜증났다",
    "date": "09.06.14",
    "rating": "6",
    "author": "vkst****",
    "review_id": "3565184",
    "movie_id": "40163"
  },
  {
    "review": "재미없었다..",
    "date": "09.06.14",
    "rating": "7",
    "author": "bkm1****",
    "review_id": "3565179",
    "movie_id": "40163"
  },
  {
    "review": "로맨틱 코미디로 이정도면 괜찮은데? 현실을 잘 버무렸다.ㅋ",
    "date": "09.06.12",
    "rating": "9",
    "author": "hofm****",
    "review_id": "3559958",
    "movie_id": "40163"
  },
  {
    "review": "그런대로 괜찮은 영화 ㅎㅎ",
    "date": "09.06.07",
    "rating": "7",
    "author": "kare****",
    "review_id": "3550502",
    "movie_id": "40163"
  },
  {
    "review": "대단하진않지만 볼만하다~ 코믹로맨스 그대로인듯.",
    "date": "09.05.11",
    "rating": "7",
    "author": "pmss****",
    "review_id": "3487887",
    "movie_id": "40163"
  },
  {
    "review": "몇 군데 웃기기는 한다",
    "date": "09.02.15",
    "rating": "4",
    "author": "ysuh****",
    "review_id": "3303557",
    "movie_id": "40163"
  },
  {
    "review": "볼만했던 코미디영화...",
    "date": "09.02.14",
    "rating": "6",
    "author": "wind****",
    "review_id": "3300962",
    "movie_id": "40163"
  },
  {
    "review": "많이 웃었다~ㅎㅎㅎ",
    "date": "09.01.23",
    "rating": "9",
    "author": "wlfa****",
    "review_id": "3240839",
    "movie_id": "40163"
  },
  {
    "review": "인종문제를 쉽고 재미있게 영화화 했네요 재미있네요 ㅋㅋㅋ",
    "date": "09.01.19",
    "rating": "9",
    "author": "wlsd****",
    "review_id": "3232137",
    "movie_id": "40163"
  },
  {
    "review": "아빠 진짜 우껴ㅋㅋㅋㅋ베짼네ㅋㅋㅋ",
    "date": "08.09.12",
    "rating": "8",
    "author": "leeo****",
    "review_id": "2938240",
    "movie_id": "40163"
  },
  {
    "review": "애쉬튼 커처의 팬이 되엇다는 전설의 영화 ㅋㅋ",
    "date": "08.08.13",
    "rating": "10",
    "author": "stso****",
    "review_id": "2867472",
    "movie_id": "40163"
  },
  {
    "review": "그냥 킬링타임용",
    "date": "08.07.01",
    "rating": "7",
    "author": "hiro****",
    "review_id": "2733876",
    "movie_id": "40163"
  },
  {
    "review": "굉장히볼만하다는...",
    "date": "08.06.19",
    "rating": "9",
    "author": "dksg****",
    "review_id": "2707546",
    "movie_id": "40163"
  },
  {
    "review": "아 너무 재미있었어 ㅋㅋ",
    "date": "08.06.15",
    "rating": "10",
    "author": "hyem****",
    "review_id": "2699318",
    "movie_id": "40163"
  },
  {
    "review": "재밌는 설정으로 웃겨준다.",
    "date": "08.06.14",
    "rating": "7",
    "author": "leh0****",
    "review_id": "2697092",
    "movie_id": "40163"
  },
  {
    "review": "너무 재미있게 본 영화. 난 10점 만점.",
    "date": "08.04.03",
    "rating": "10",
    "author": "jotj****",
    "review_id": "2555299",
    "movie_id": "40163"
  },
  {
    "review": "애쉬튼커쳐 나온거 찾아보다가 대박터진 영화 ㅋㅋ 후후후후 웃기 딱 좋음",
    "date": "08.03.11",
    "rating": "10",
    "author": "kimb****",
    "review_id": "2514692",
    "movie_id": "40163"
  },
  {
    "review": "코메디 영화는 아니듯.....",
    "date": "08.02.23",
    "rating": "6",
    "author": "yoon****",
    "review_id": "2473831",
    "movie_id": "40163"
  },
  {
    "review": "덜웃긴 인종차별 블랙코미디..",
    "date": "08.02.21",
    "rating": "3",
    "author": "evil****",
    "review_id": "2470242",
    "movie_id": "40163"
  },
  {
    "review": "재미만 있던데.",
    "date": "08.02.04",
    "rating": "7",
    "author": "whgu****",
    "review_id": "2406807",
    "movie_id": "40163"
  },
  {
    "review": "재밌네 ㅋㅋ",
    "date": "07.12.25",
    "rating": "8",
    "author": "dowb****",
    "review_id": "2264946",
    "movie_id": "40163"
  },
  {
    "review": "코미디를 기대해서 그런가. 지루함.",
    "date": "07.12.07",
    "rating": "6",
    "author": "kos4****",
    "review_id": "2212221",
    "movie_id": "40163"
  },
  {
    "review": "흑인과 백인의 유쾌한 만남ㅋㅋㅋㅋㅋㅋㅋ재밌어요",
    "date": "07.12.03",
    "rating": "8",
    "author": "s2ll****",
    "review_id": "2203113",
    "movie_id": "40163"
  },
  {
    "review": "어떤영화인지 전혀 모르고 봤고, 기대 이상으로 재밌었다.",
    "date": "07.11.30",
    "rating": "7",
    "author": "tsco****",
    "review_id": "2195712",
    "movie_id": "40163"
  },
  {
    "review": "이영화로 버니맥을 알게 됐다.",
    "date": "07.11.22",
    "rating": "8",
    "author": "uds0****",
    "review_id": "2173065",
    "movie_id": "40163"
  },
  {
    "review": "인종이문제냐 웃었으면됐다",
    "date": "07.11.18",
    "rating": "8",
    "author": "cz_h****",
    "review_id": "2164446",
    "movie_id": "40163"
  },
  {
    "review": "인종차별의갈등을 유쾌하게그린영화. 퍼시존스 버니맥에게 모든 영광을~",
    "date": "07.10.26",
    "rating": "7",
    "author": "ghkd****",
    "review_id": "2112720",
    "movie_id": "40163"
  },
  {
    "review": "인종문제야 양념이고 그런대로 유쾌~",
    "date": "07.10.21",
    "rating": "7",
    "author": "quil****",
    "review_id": "2102121",
    "movie_id": "40163"
  },
  {
    "review": "인종간의 갈등에 대해 꼬집고 있는데 나완 상관없는 얘기다",
    "date": "07.09.28",
    "rating": "6",
    "author": "cals****",
    "review_id": "2056241",
    "movie_id": "40163"
  },
  {
    "review": "미국판 가문의 영광?ㅋㅋ",
    "date": "07.09.27",
    "rating": "7",
    "author": "dece****",
    "review_id": "2055125",
    "movie_id": "40163"
  },
  {
    "review": "뒤로갈수록 약해짐...좀더 적나라하게 갈 필요가 있었을듯..",
    "date": "07.09.26",
    "rating": "7",
    "author": "1pim****",
    "review_id": "2052005",
    "movie_id": "40163"
  },
  {
    "review": "차라리 인종문제를 다룬 다큐를 보겠다",
    "date": "07.09.20",
    "rating": "5",
    "author": "vboy****",
    "review_id": "2033069",
    "movie_id": "40163"
  },
  {
    "review": "에쉬튼커쳐- 사랑스럽다",
    "date": "07.09.17",
    "rating": "10",
    "author": "0519****",
    "review_id": "2026342",
    "movie_id": "40163"
  },
  {
    "review": "의외로.. 재밌어서 놀랐음..",
    "date": "07.09.08",
    "rating": "10",
    "author": "mink****",
    "review_id": "2008814",
    "movie_id": "40163"
  },
  {
    "review": "그닥",
    "date": "07.09.06",
    "rating": "7",
    "author": "yyca****",
    "review_id": "2004936",
    "movie_id": "40163"
  },
  {
    "review": "너랑 결혼하고 싶어. 그리고 널 닮은 딸도 낳고 싶어. 듣고 싶은 말.",
    "date": "07.08.31",
    "rating": "7",
    "author": "9763****",
    "review_id": "1992395",
    "movie_id": "40163"
  },
  {
    "review": "전반부는 괜찮으나, 후반부부터는 지루함과의 힘겨운 싸움이 시작된다.",
    "date": "07.08.30",
    "rating": "5",
    "author": "iwle****",
    "review_id": "1990737",
    "movie_id": "40163"
  },
  {
    "review": "미국판 첫사랑 사수궐기대회라고나 할까? 장인과 사위의동침, 오호~^^",
    "date": "07.08.08",
    "rating": "8",
    "author": "o121****",
    "review_id": "1906059",
    "movie_id": "40163"
  },
  {
    "review": "약간 지루",
    "date": "07.08.07",
    "rating": "7",
    "author": "0167****",
    "review_id": "1895838",
    "movie_id": "40163"
  },
  {
    "review": "신선한 진부함..^^",
    "date": "07.08.02",
    "rating": "7",
    "author": "ysrp****",
    "review_id": "1844004",
    "movie_id": "40163"
  },
  {
    "review": "생각한 만큼은 아니지만 나름 무난한 재미",
    "date": "07.08.02",
    "rating": "7",
    "author": "joy1****",
    "review_id": "1843596",
    "movie_id": "40163"
  },
  {
    "review": "재밌긴한데 진짜뭐가부족해...",
    "date": "07.07.28",
    "rating": "8",
    "author": "ayod****",
    "review_id": "1818563",
    "movie_id": "40163"
  },
  {
    "review": "나쁘지 않았음. 가볍고 재미있고.",
    "date": "07.06.17",
    "rating": "7",
    "author": "moon****",
    "review_id": "1705956",
    "movie_id": "40163"
  },
  {
    "review": "애쉬튼커쳐 보는 재미..",
    "date": "07.06.07",
    "rating": "7",
    "author": "romi****",
    "review_id": "1687923",
    "movie_id": "40163"
  },
  {
    "review": "나름대로 괜찮게 본 영화.",
    "date": "07.06.07",
    "rating": "6",
    "author": "caca****",
    "review_id": "1687394",
    "movie_id": "40163"
  },
  {
    "review": "기대했는데 좀 실망..",
    "date": "07.06.02",
    "rating": "5",
    "author": "kym1****",
    "review_id": "1677670",
    "movie_id": "40163"
  },
  {
    "review": "재밌을줄알았다",
    "date": "07.05.26",
    "rating": "5",
    "author": "ukhk****",
    "review_id": "1661651",
    "movie_id": "40163"
  },
  {
    "review": "재미뜨만~!ㅋ",
    "date": "07.05.12",
    "rating": "10",
    "author": "love****",
    "review_id": "1634418",
    "movie_id": "40163"
  },
  {
    "review": "너무 아메리틱한..",
    "date": "07.02.27",
    "rating": "5",
    "author": "nohy****",
    "review_id": "1505708",
    "movie_id": "40163"
  },
  {
    "review": "괜찮았다. 애쉬튼 역시 귀엽네.",
    "date": "07.01.29",
    "rating": "7",
    "author": "idea****",
    "review_id": "1423849",
    "movie_id": "40163"
  },
  {
    "review": "잼있음ㅋㅋ",
    "date": "07.01.27",
    "rating": "8",
    "author": "kes2****",
    "review_id": "1419159",
    "movie_id": "40163"
  },
  {
    "review": "ㅋㅋㅋㅋㅋ왜 재밌는데a",
    "date": "07.01.26",
    "rating": "10",
    "author": "happ****",
    "review_id": "1416211",
    "movie_id": "40163"
  },
  {
    "review": "애쉬튼때문에봤는데ㅜㅜ~~그닥재미없음ㅋㅋ",
    "date": "07.01.26",
    "rating": "6",
    "author": "amor****",
    "review_id": "1415818",
    "movie_id": "40163"
  },
  {
    "review": "미트 페어런츠 보단 약간 부족한..",
    "date": "06.12.28",
    "rating": "6",
    "author": "hyej****",
    "review_id": "1335485",
    "movie_id": "40163"
  },
  {
    "review": "인상깊으면서 금방 잊혀질 영화...",
    "date": "06.12.19",
    "rating": "7",
    "author": "ttws****",
    "review_id": "1306210",
    "movie_id": "40163"
  }
]