[
  {
    "review": "매년 한 번씩 보는 드라마! ㅎㅎ",
    "date": "14.06.18",
    "rating": "10",
    "author": "umfr****",
    "review_id": "8838253",
    "movie_id": "40185"
  },
  {
    "review": "좀 어설프고 만화같지만 유쾌한 드라마 이만한 드라마도 없을 듯",
    "date": "14.02.13",
    "rating": "9",
    "author": "rsff****",
    "review_id": "8504730",
    "movie_id": "40185"
  },
  {
    "review": "최고였다",
    "date": "12.12.30",
    "rating": "10",
    "author": "rive****",
    "review_id": "7062468",
    "movie_id": "40185"
  },
  {
    "review": "슬픈 드라마 ㅠ ㅠ",
    "date": "12.06.19",
    "rating": "10",
    "author": "whoi****",
    "review_id": "6403069",
    "movie_id": "40185"
  },
  {
    "review": "에릭이 했던 연기중 오글거리지도 않고 제일 잘어울리고 제일 잘했음",
    "date": "12.04.29",
    "rating": "9",
    "author": "rhdt****",
    "review_id": "6257823",
    "movie_id": "40185"
  },
  {
    "review": "이 정도 재미면 억지스러워도 감수할만하다..",
    "date": "11.12.04",
    "rating": "9",
    "author": "tn99****",
    "review_id": "5887790",
    "movie_id": "40185"
  },
  {
    "review": "한가인이 참 좋다.언제봐도 멋있기 때문에.",
    "date": "11.10.21",
    "rating": "10",
    "author": "odjs****",
    "review_id": "5800176",
    "movie_id": "40185"
  },
  {
    "review": "앞으로 이런드라마 절대 못나올듯. 요즘 드라마는 갈수록 질이 떨어져서 안봅니다.",
    "date": "10.08.25",
    "rating": "10",
    "author": "j388****",
    "review_id": "4791300",
    "movie_id": "40185"
  },
  {
    "review": "재밌다",
    "date": "10.06.12",
    "rating": "10",
    "author": "eric****",
    "review_id": "4561230",
    "movie_id": "40185"
  },
  {
    "review": "최고엿다",
    "date": "09.04.17",
    "rating": "10",
    "author": "luk3****",
    "review_id": "3426036",
    "movie_id": "40185"
  },
  {
    "review": "전개는 무리수였으나, 사회적 문제를 걸고넘어지는 게 매력",
    "date": "09.02.02",
    "rating": "10",
    "author": "ihan****",
    "review_id": "3273507",
    "movie_id": "40185"
  },
  {
    "review": "역쉬 mbc표 드라마 코믹드라마 지대로 잘 표현하는듯, 에릭연기도 일품! 최고",
    "date": "08.04.20",
    "rating": "10",
    "author": "hooj****",
    "review_id": "2589933",
    "movie_id": "40185"
  },
  {
    "review": "진짜 최고다. 에릭연기 쩐다 ㅋㅋ",
    "date": "08.02.24",
    "rating": "10",
    "author": "powe****",
    "review_id": "2478604",
    "movie_id": "40185"
  },
  {
    "review": "이게 말이 되나? 아무리 드라마라고 해도 너무 막나간다",
    "date": "08.02.19",
    "rating": "6",
    "author": "stra****",
    "review_id": "2463267",
    "movie_id": "40185"
  },
  {
    "review": "괜찮은 소재. 억지스러운 전개는 아쉽... 에릭의 연기땜에 감점",
    "date": "08.02.10",
    "rating": "7",
    "author": "hero****",
    "review_id": "2431737",
    "movie_id": "40185"
  },
  {
    "review": "이거 재방해줘 쵝 오",
    "date": "07.12.28",
    "rating": "10",
    "author": "gpfl****",
    "review_id": "2275782",
    "movie_id": "40185"
  },
  {
    "review": "정말 재밌었음 완전 매력있는 드라마 최고~!",
    "date": "07.05.12",
    "rating": "10",
    "author": "bsbj****",
    "review_id": "1633209",
    "movie_id": "40185"
  },
  {
    "review": "초반의 억지스러움을 조사버리는 후반의 포스",
    "date": "07.01.29",
    "rating": "7",
    "author": "ppp0****",
    "review_id": "1425171",
    "movie_id": "40185"
  },
  {
    "review": "웃으면서 봤던 드라마",
    "date": "07.01.29",
    "rating": "8",
    "author": "hotv****",
    "review_id": "1422917",
    "movie_id": "40185"
  },
  {
    "review": "군대에서 봤던 신입사원 완소..!!",
    "date": "06.11.22",
    "rating": "10",
    "author": "poet****",
    "review_id": "1245265",
    "movie_id": "40185"
  },
  {
    "review": "잼있게 봤지",
    "date": "06.08.25",
    "rating": "10",
    "author": "wjsg****",
    "review_id": "1075503",
    "movie_id": "40185"
  },
  {
    "review": "이번이3번째보는거임.내인생최고의드라마였던거같네요",
    "date": "06.08.20",
    "rating": "10",
    "author": "sm13****",
    "review_id": "1059166",
    "movie_id": "40185"
  },
  {
    "review": "재밌었음!",
    "date": "06.07.05",
    "rating": "10",
    "author": "zpcm****",
    "review_id": "872171",
    "movie_id": "40185"
  },
  {
    "review": "에릭 한가인 짱이다",
    "date": "06.06.30",
    "rating": "10",
    "author": "zeed****",
    "review_id": "864585",
    "movie_id": "40185"
  },
  {
    "review": "이봉삼이 제일웃겨 ㅋㅋ 한가인 너무 이쁘네요",
    "date": "06.04.10",
    "rating": "10",
    "author": "same****",
    "review_id": "756133",
    "movie_id": "40185"
  },
  {
    "review": "에릭 연기는 좀 오버스럽지만 코믹함만은 인정.",
    "date": "05.12.28",
    "rating": "8",
    "author": "jcr3****",
    "review_id": "534172",
    "movie_id": "40185"
  },
  {
    "review": "우연의 만남이 너무 남발되었지만 소재는 좋았다.",
    "date": "05.12.23",
    "rating": "9",
    "author": "blue****",
    "review_id": "522102",
    "movie_id": "40185"
  },
  {
    "review": "생각하는 사람이라서 좋다",
    "date": "05.09.21",
    "rating": "10",
    "author": "jh77****",
    "review_id": "416513",
    "movie_id": "40185"
  },
  {
    "review": "역시 가인님~",
    "date": "05.08.24",
    "rating": "10",
    "author": "only****",
    "review_id": "382524",
    "movie_id": "40185"
  },
  {
    "review": "정말 재미있다.. ㅋㅋ 평생가도 못잊을 가인이 누나 ㅋㅋ;;",
    "date": "05.08.04",
    "rating": "10",
    "author": "rhqh****",
    "review_id": "350761",
    "movie_id": "40185"
  },
  {
    "review": "넘 매력적이네여!^^",
    "date": "05.07.30",
    "rating": "9",
    "author": "hees****",
    "review_id": "341344",
    "movie_id": "40185"
  },
  {
    "review": "당시 서현아 때문에 신입사원을 보았다고 해도 과언이 아님  ^^",
    "date": "05.07.26",
    "rating": "10",
    "author": "foxn****",
    "review_id": "335044",
    "movie_id": "40185"
  },
  {
    "review": "만화같아서 부담없이 볼수있었던 재밌는드라마",
    "date": "05.06.24",
    "rating": "10",
    "author": "jere****",
    "review_id": "305241",
    "movie_id": "40185"
  },
  {
    "review": "오랜만에 재미있게 본 드라마. 스타들의 변신이 인상적",
    "date": "05.06.06",
    "rating": "8",
    "author": "dbsw****",
    "review_id": "294577",
    "movie_id": "40185"
  },
  {
    "review": "요즘 취업난을 잘 풍자한 드라마. 실감나는 현실임~",
    "date": "05.05.28",
    "rating": "9",
    "author": "rusi****",
    "review_id": "288330",
    "movie_id": "40185"
  },
  {
    "review": "외모, 연기...모든게 마음에 드네요...",
    "date": "05.05.13",
    "rating": "10",
    "author": "cmh5****",
    "review_id": "277114",
    "movie_id": "40185"
  },
  {
    "review": "볼수록 매력적 이네요",
    "date": "05.05.12",
    "rating": "7",
    "author": "ssh9****",
    "review_id": "276314",
    "movie_id": "40185"
  },
  {
    "review": "GOOD !",
    "date": "05.05.02",
    "rating": "10",
    "author": "sonn****",
    "review_id": "269858",
    "movie_id": "40185"
  },
  {
    "review": "재밌다~",
    "date": "05.04.24",
    "rating": "10",
    "author": "joyh****",
    "review_id": "265614",
    "movie_id": "40185"
  },
  {
    "review": "쉑시해요~",
    "date": "05.04.07",
    "rating": "10",
    "author": "juic****",
    "review_id": "255593",
    "movie_id": "40185"
  },
  {
    "review": "최강....",
    "date": "05.04.07",
    "rating": "10",
    "author": "chjl****",
    "review_id": "255445",
    "movie_id": "40185"
  }
]