[
  {
    "review": "액션 최고 10점도 됨. 일단 보셍",
    "date": "15.08.26",
    "rating": "9",
    "author": "0323****",
    "review_id": "10276406",
    "movie_id": "40194"
  },
  {
    "review": "비행기에만 스텔스 기능을 적용해야지, 이야기까지 스텔스처럼 흐릿해서야.",
    "date": "15.08.16",
    "rating": "6",
    "author": "tear****",
    "review_id": "10241357",
    "movie_id": "40194"
  },
  {
    "review": "종합 평점은 7점 드립니다.",
    "date": "15.08.09",
    "rating": "7",
    "author": "terr****",
    "review_id": "10205493",
    "movie_id": "40194"
  },
  {
    "review": "왜 망했는지 보면 안다.",
    "date": "15.08.02",
    "rating": "1",
    "author": "dais****",
    "review_id": "10173748",
    "movie_id": "40194"
  },
  {
    "review": "Very good ~~",
    "date": "15.07.29",
    "rating": "10",
    "author": "leni****",
    "review_id": "10155668",
    "movie_id": "40194"
  },
  {
    "review": "제작비가 아까운 영화  어수선하고 집중 안됨, 지겨움",
    "date": "15.07.28",
    "rating": "1",
    "author": "umdo****",
    "review_id": "10155139",
    "movie_id": "40194"
  },
  {
    "review": "영화중후반부에 김정은 특별출연!! 스텔스보고 오줌까지 지리며 도망감",
    "date": "15.07.17",
    "rating": "10",
    "author": "prod****",
    "review_id": "10113061",
    "movie_id": "40194"
  },
  {
    "review": "만화같은 설정이 많지만 전투신 하나만으로도 9점은 충분. 그리고 여주인공 몸매 진짜 후덜덜.",
    "date": "15.07.14",
    "rating": "9",
    "author": "rand****",
    "review_id": "10104924",
    "movie_id": "40194"
  },
  {
    "review": "좋은 스피커와 큰 화면으로 본다면 즐길수 있는 영화",
    "date": "15.07.10",
    "rating": "6",
    "author": "vell****",
    "review_id": "10086611",
    "movie_id": "40194"
  },
  {
    "review": "처음부터 끝까지 명령 불복종에,스토리가 꼬이고 꼬여서 마지막엔 싸구려 멜로물로 전락한 영화...",
    "date": "15.06.12",
    "rating": "1",
    "author": "ieca****",
    "review_id": "9993853",
    "movie_id": "40194"
  },
  {
    "review": "우연히 보게됫는데.  잘만들엇네요. 아주 볼만한 영화임",
    "date": "15.03.02",
    "rating": "8",
    "author": "hakc****",
    "review_id": "9751788",
    "movie_id": "40194"
  },
  {
    "review": "이영화 꽤 재밌는데... 1점 준애들은 대체 뭐냐.",
    "date": "15.01.30",
    "rating": "10",
    "author": "runa****",
    "review_id": "9652014",
    "movie_id": "40194"
  },
  {
    "review": "진짜 평점 왜이렇게 낮냐 이거.. 겁나 재밋게 봤는데",
    "date": "15.01.13",
    "rating": "10",
    "author": "bmw1****",
    "review_id": "9588733",
    "movie_id": "40194"
  },
  {
    "review": "스텔스가 벼락 맞고 회개한다는 설정은..",
    "date": "14.12.28",
    "rating": "6",
    "author": "pont****",
    "review_id": "9527589",
    "movie_id": "40194"
  },
  {
    "review": "마하1 마하2 마하3 장면 정말 멋졌음. 오락영화로써 손색없는 영화",
    "date": "14.11.12",
    "rating": "10",
    "author": "carr****",
    "review_id": "9376050",
    "movie_id": "40194"
  },
  {
    "review": "마하 2.6보다는 볼만함. 그래도 상당히 식상하고 보고 나서 기억에 남는 것이 없는 영화",
    "date": "14.11.12",
    "rating": "3",
    "author": "jjaj****",
    "review_id": "9373357",
    "movie_id": "40194"
  },
  {
    "review": "첫전투 빼고 스토리가 정말... 볼만하긴 함...",
    "date": "14.11.10",
    "rating": "6",
    "author": "snul****",
    "review_id": "9365377",
    "movie_id": "40194"
  },
  {
    "review": "내용이 좀 식상하긴 하지만,  평점이 이 정도로 낮다니 ㅡㅡ;",
    "date": "14.10.28",
    "rating": "8",
    "author": "fghy****",
    "review_id": "9323579",
    "movie_id": "40194"
  },
  {
    "review": "그럭 저럭 볼만함 그렇게 잘만든 영화는 아닌듯",
    "date": "14.07.20",
    "rating": "10",
    "author": "adog****",
    "review_id": "8935377",
    "movie_id": "40194"
  },
  {
    "review": "난 재밌게봤다 6점은 아닌듯. 괜찮은 영화다",
    "date": "14.06.28",
    "rating": "9",
    "author": "olib****",
    "review_id": "8865711",
    "movie_id": "40194"
  },
  {
    "review": "영화 스텔스처럼 공습해서 북한 핵무기를 파괴시켜야한다",
    "date": "14.06.08",
    "rating": "10",
    "author": "yhsi****",
    "review_id": "8811724",
    "movie_id": "40194"
  },
  {
    "review": "나름 괴안은 영화라 생각합니다.",
    "date": "14.05.05",
    "rating": "8",
    "author": "chol****",
    "review_id": "8704828",
    "movie_id": "40194"
  },
  {
    "review": "바보들한테 돈주고 만들게 한 영화의 표본",
    "date": "14.04.26",
    "rating": "1",
    "author": "rors****",
    "review_id": "8674313",
    "movie_id": "40194"
  },
  {
    "review": "롭 코헨의 몰락의 OO점",
    "date": "14.03.29",
    "rating": "1",
    "author": "ikn0****",
    "review_id": "8615279",
    "movie_id": "40194"
  },
  {
    "review": "그래픽 스토리  연출 연기 다좋아요단지 인지도 없는 배우?잘 건진 영화",
    "date": "14.03.11",
    "rating": "10",
    "author": "park****",
    "review_id": "8568407",
    "movie_id": "40194"
  },
  {
    "review": "평점이 너무낮다.  영화를 영화로 생각안하고 논리내세우면서 욕하지맙시다. 이정도 전투신 영화면 훌륭한겁니다.  8.5이상은 되는영화",
    "date": "14.03.09",
    "rating": "10",
    "author": "choo****",
    "review_id": "8564392",
    "movie_id": "40194"
  },
  {
    "review": "다른사람들도그렇고 난 엄청 재미잇게봄  비행기이런영화만들려면 엄청 노력하는걸로알아요.아닌가;;저정도 전투신 만드는데 얼마마노력햇을지 추천10 줄만한데",
    "date": "14.03.06",
    "rating": "10",
    "author": "soaj****",
    "review_id": "8557971",
    "movie_id": "40194"
  },
  {
    "review": "it is Som... GOOD",
    "date": "14.02.08",
    "rating": "10",
    "author": "qlrx****",
    "review_id": "8487055",
    "movie_id": "40194"
  },
  {
    "review": "생각없는 미국인 나오는 영화",
    "date": "14.02.06",
    "rating": "1",
    "author": "gpot****",
    "review_id": "8481981",
    "movie_id": "40194"
  },
  {
    "review": "재밋더만 평이 왜 이래 ㅋㅋcg도 훌륭하고",
    "date": "14.01.21",
    "rating": "9",
    "author": "chek****",
    "review_id": "8408043",
    "movie_id": "40194"
  },
  {
    "review": "쓰레기 한쿡영화보다는 백배 낫군!!!",
    "date": "14.01.21",
    "rating": "10",
    "author": "ske4****",
    "review_id": "8406254",
    "movie_id": "40194"
  },
  {
    "review": "벌써 9년이네! 기체 디자인과 AI가 유키카제와 유사했지만, 독창성은 충분했다. 무식하고 옹졸한 평론가들만 빈정댔지. 한반도 지형과 북한군을 충실히 묘사했고! 정밀하고도 매끄러운 공중전과, 긴박한 구성도 훌륭함! 자아와 의리를 배운 에디여, 굿 럭~!",
    "date": "14.01.20",
    "rating": "9",
    "author": "wana****",
    "review_id": "8405030",
    "movie_id": "40194"
  },
  {
    "review": "액션 이런건 볼만한데... 너무 말이 안되도 너무 안되는거 같음수호이가 근접전에서 저렇게 처참하게 털리다니ㅠㅠ",
    "date": "14.01.20",
    "rating": "3",
    "author": "lsw1****",
    "review_id": "8405000",
    "movie_id": "40194"
  },
  {
    "review": "완전 역겨운 쓰레기 영화다  기술적 수준을 떠나 각본이 무개념",
    "date": "14.01.20",
    "rating": "1",
    "author": "sant****",
    "review_id": "8404879",
    "movie_id": "40194"
  },
  {
    "review": "전투신은 토를 달수가 없다. 그러나 각본과 감독의 연출력의 부재가 드러나는 영화",
    "date": "13.12.29",
    "rating": "7",
    "author": "come****",
    "review_id": "8319658",
    "movie_id": "40194"
  },
  {
    "review": "실제로도 저렇게 남의 영공 막 침범하고 그러나? 미국유머에 배의 함장이 접촉위험이 있으니 항로를 변경하라는 무전을 받았는데 부딪힐거 같으면 니네가 항로를 변경하라고 했다죠 그러자 상대왈\"여기는 등대다 반복한다 여기는 등대다\" 이런느낌 그외는 볼만",
    "date": "13.12.21",
    "rating": "7",
    "author": "hoho****",
    "review_id": "8259472",
    "movie_id": "40194"
  },
  {
    "review": "아마 이 영화의 손해액이  1,072억7,599만9,025 원 이라죠....개인적으로 재밌게 보긴 했는데 안타깝네요..",
    "date": "13.12.04",
    "rating": "7",
    "author": "ehda****",
    "review_id": "8189629",
    "movie_id": "40194"
  },
  {
    "review": "1점도 주기 싫은 최악의 쓰레기 영화",
    "date": "13.10.27",
    "rating": "1",
    "author": "cosm****",
    "review_id": "8094267",
    "movie_id": "40194"
  },
  {
    "review": "무조건영화만까는색이들머임...너무재밌다..솔직히평점보고 볼까말까도걱정했는데 진짜잼있다 ㅎㅎ몇개념없는 인간들때매 평점이내려갔지만 영화는 정말잘만든거같다 여운도남고 ㅋㅋㅋ우리가알지못하는세계를 본기분 내평점은 8점정도지만 개념없는넘들때매 10점준다!",
    "date": "13.09.18",
    "rating": "10",
    "author": "dkfm****",
    "review_id": "7993334",
    "movie_id": "40194"
  },
  {
    "review": "굿",
    "date": "13.08.18",
    "rating": "9",
    "author": "icef****",
    "review_id": "7897594",
    "movie_id": "40194"
  },
  {
    "review": "한심한넘들이 너무많아서 살다살다 평점이란걸 남긴다.액션과 CG만 보고 평가한다면 만점을 줘도모OO 최고의영화지만스토리가 2시간이라는 타임을 끌고가기에는 너무 지루하다는건 사실이지 근데 이런영화가 6.27이라니 OO은소리하지마라",
    "date": "13.08.17",
    "rating": "9",
    "author": "kim3****",
    "review_id": "7896966",
    "movie_id": "40194"
  },
  {
    "review": "시원시원하고 좋음",
    "date": "13.07.01",
    "rating": "10",
    "author": "kito****",
    "review_id": "7696181",
    "movie_id": "40194"
  },
  {
    "review": "정말 재밌게 본 영화.",
    "date": "13.06.30",
    "rating": "10",
    "author": "lsc9****",
    "review_id": "7692631",
    "movie_id": "40194"
  },
  {
    "review": "이걸 극장에서 봤으면 정말 대단했겠네요. 집에서 블루레이로 봐서 아쉬었습니다. 저도 기대는 안 했는데 웅장한 화면과 cg. 한국도 등장하고 ㅋ 흥미거리가 많네요. 촬영에 돈 아끼지 않고 펑펑 쓴 듯 . 좀 말이 안 되는 부분도 있지만 베리 굿",
    "date": "13.06.02",
    "rating": "8",
    "author": "iris****",
    "review_id": "7571449",
    "movie_id": "40194"
  },
  {
    "review": "전혀 기대안하고 봤는데 기대이상이었다. 지루하지않고 볼만하다.",
    "date": "13.05.26",
    "rating": "10",
    "author": "vari****",
    "review_id": "7556442",
    "movie_id": "40194"
  },
  {
    "review": "스텔스 무인공격기를 미항공모함에서 띄우길래 당시에는 콧웃음을 쳤는데... 수 년이 지난 오늘자 공중파 뉴스보니  ,미항공모함에서 무인전투기 이륙 첫성공 논란, ㄷㄷㄷ",
    "date": "13.05.17",
    "rating": "10",
    "author": "morb****",
    "review_id": "7535404",
    "movie_id": "40194"
  },
  {
    "review": "정체를알수없는 OOO기",
    "date": "13.05.04",
    "rating": "1",
    "author": "moth****",
    "review_id": "7505063",
    "movie_id": "40194"
  },
  {
    "review": "이게 10점 짜리 영화인가??? ㅎㅎㅎ 유치하다... 동심의 세계로...",
    "date": "13.05.03",
    "rating": "4",
    "author": "stze****",
    "review_id": "7502816",
    "movie_id": "40194"
  },
  {
    "review": "초반부에는 좀 지루하게 전개되더니 중후반부터 나오는 전투기 공중 액션은 쉽게 볼수 없는 명장면이다.이 영화의 시나리오는 아마도 미국만이 쓸수 있을것이다. 항공모함에서 무인 스텔스 전폭기를 띄운다는건국방대국이 아니면 상상도 하지 못할 소재이다.",
    "date": "13.04.16",
    "rating": "9",
    "author": "hoon****",
    "review_id": "7463437",
    "movie_id": "40194"
  },
  {
    "review": "정확히 북한은 말도 안통하고 가난한 적이며 남한은 아군이라는 시사화된 배경과 첨단 장비들의 거침없는 스피드와 액션은 시나리오부터 볼거리가 풍부하다",
    "date": "13.04.06",
    "rating": "10",
    "author": "blue****",
    "review_id": "7440180",
    "movie_id": "40194"
  },
  {
    "review": "평점에 가려진 수작",
    "date": "13.04.05",
    "rating": "10",
    "author": "mey4****",
    "review_id": "7436487",
    "movie_id": "40194"
  },
  {
    "review": "진짜재밋어요 여태영화본것중에 가장기억에남고 위험하고 위기일때도 동료를먼저생각하는부분에서 감동먹엇습니다  에디도도중에정신차려서다행이네요 3인방조종사님들 이름잘몰라서ㅜ  진짜재밋게봣어요^^",
    "date": "13.03.31",
    "rating": "10",
    "author": "seon****",
    "review_id": "7424531",
    "movie_id": "40194"
  },
  {
    "review": "니들 엔딩크레딧은 보고말하냐? 에디 메모리칩에 불 들어온다 다시 ㅋㅋ",
    "date": "13.03.26",
    "rating": "10",
    "author": "jdud****",
    "review_id": "7413495",
    "movie_id": "40194"
  },
  {
    "review": "ㅋㅋㅋ국경침범 쩌러 ㅋㅋㅋㅋㅋㅋㅋㅋㅋㅋㅋㅋㅋㅋ",
    "date": "13.03.26",
    "rating": "10",
    "author": "jdud****",
    "review_id": "7413479",
    "movie_id": "40194"
  },
  {
    "review": "액션 영화로 매우 갠찮다고봄. 스토리도 진부하진않고 재밌게 보기 딱 좋음",
    "date": "13.03.26",
    "rating": "9",
    "author": "deux****",
    "review_id": "7411994",
    "movie_id": "40194"
  },
  {
    "review": "평점이 너무 낮게되잇군,, 정말 액션씬 하나만은 일품인 영환데,,, 호빗뜻밖의여정보다 백배는 재밋는 영화,,,",
    "date": "13.03.17",
    "rating": "10",
    "author": "bumy****",
    "review_id": "7356335",
    "movie_id": "40194"
  },
  {
    "review": "킬링타임용 가치도 없군",
    "date": "13.03.05",
    "rating": "1",
    "author": "guev****",
    "review_id": "7325585",
    "movie_id": "40194"
  },
  {
    "review": "킬링타임용으로 그만 , , 정치 이론 들먹이면서 비난할거면 보지를 마라 . ,",
    "date": "13.02.28",
    "rating": "10",
    "author": "posi****",
    "review_id": "7308471",
    "movie_id": "40194"
  },
  {
    "review": "공중액션 완전 후덜덜하게 리얼하다. 스토리는 별거 없고 남주인공 지멋대로라서 볼 거 없지만 공중전 보다 보면 2시간이 순식간에 간다. 진짜 멋있다.",
    "date": "13.01.23",
    "rating": "9",
    "author": "hial****",
    "review_id": "7157478",
    "movie_id": "40194"
  },
  {
    "review": "킬링 타임용으론 최고~乃스피드감도 좋고 전투기가 정말 매력있었음!근데 결말이 좀 시시하게 끝나서 아쉬움!ㅎ",
    "date": "13.01.21",
    "rating": "10",
    "author": "youn****",
    "review_id": "7141266",
    "movie_id": "40194"
  },
  {
    "review": "2시간의 런닝타임에도 지루함 없이 재밌게 보았다.평점이 너무 낮은듯..",
    "date": "13.01.19",
    "rating": "10",
    "author": "clas****",
    "review_id": "7133362",
    "movie_id": "40194"
  },
  {
    "review": "위에 '개요'라고 적혀있는  액션 SF 모험 스릴러 중에서 모험하고 스릴러는 뺴야될듯 ㅋㅋ 비행기 날라다니는건 시원시원!",
    "date": "13.01.19",
    "rating": "6",
    "author": "eisb****",
    "review_id": "7131805",
    "movie_id": "40194"
  },
  {
    "review": "정말 재밌게보긴 했는데 남의 나라 영공 지들이 아무렇게나 들어가서 그 나라사람들 죽여서 영웅적으로 만들어내는건 좀 아닌듯싶다 난 이 영화보면서 러시아 파일럿 하고 북한 군인들 너무 불쌍했다 결국 전쟁의 원인은 미국놈들 때문이다.",
    "date": "13.01.17",
    "rating": "6",
    "author": "glak****",
    "review_id": "7124293",
    "movie_id": "40194"
  },
  {
    "review": "알래스카 격납고 폭파 장면은 예술이네. 북한이 나와서 더 짠 하다.",
    "date": "13.01.15",
    "rating": "9",
    "author": "reck****",
    "review_id": "7117620",
    "movie_id": "40194"
  },
  {
    "review": "속도감을 잘 살렸다",
    "date": "13.01.11",
    "rating": "8",
    "author": "cont****",
    "review_id": "7103345",
    "movie_id": "40194"
  },
  {
    "review": "에디 살려내라. 남주랑 여주가 가장 나쁜놈이네. 인간 OOO. 이 영화에서 남는 건 액션뿐이다. 그리고.,. 이 영화는 하고싶은 말이 뭔고?",
    "date": "13.01.10",
    "rating": "4",
    "author": "hshb****",
    "review_id": "7100167",
    "movie_id": "40194"
  },
  {
    "review": "미국우월주의쩐다. 철책이 무슨놀이터냐",
    "date": "12.12.26",
    "rating": "5",
    "author": "thia****",
    "review_id": "7051671",
    "movie_id": "40194"
  },
  {
    "review": "일본애니 마크로스 플러스를 그대로 베낀 비행기ㅋㅋㅋ  스토리는 좀 다르지만.... 그냥 볼만하다 근데 일본애니를 베낀 스텔스 이 영화를 그대로 베낀 한국의 모 영화 정말 답이 없다",
    "date": "12.12.17",
    "rating": "5",
    "author": "akai****",
    "review_id": "7013318",
    "movie_id": "40194"
  },
  {
    "review": "눈은 확실하게 즐겁다 ㅋㅋ 05년껀데 R2B보다 더 멋지다...스토리는 좀 아쉽네 너무 빠른전개...시원시원한액션은 가히 최고다..ㅋㅋ",
    "date": "12.11.30",
    "rating": "8",
    "author": "actt****",
    "review_id": "6948182",
    "movie_id": "40194"
  },
  {
    "review": "GOOD!!",
    "date": "12.11.01",
    "rating": "10",
    "author": "sh15****",
    "review_id": "6841739",
    "movie_id": "40194"
  },
  {
    "review": "감동적이다 ㅜㅜ",
    "date": "12.10.30",
    "rating": "10",
    "author": "shsh****",
    "review_id": "6836348",
    "movie_id": "40194"
  },
  {
    "review": "엄청 감동적이다",
    "date": "12.10.22",
    "rating": "10",
    "author": "iiii****",
    "review_id": "6820566",
    "movie_id": "40194"
  },
  {
    "review": "예전에 보다 말아서 R2B보고 다시 봤는데  나쁘지 않았다 ~",
    "date": "12.10.19",
    "rating": "8",
    "author": "sung****",
    "review_id": "6813659",
    "movie_id": "40194"
  },
  {
    "review": "너무 감동먹엇서 ㅠㅠ",
    "date": "12.10.14",
    "rating": "10",
    "author": "jk99****",
    "review_id": "6800441",
    "movie_id": "40194"
  },
  {
    "review": "미국은 어느나라 국경이든 맘대로 침범하고 일을 벌려도 된다는걸 당연하다고 주입시키는 영화;;",
    "date": "12.09.04",
    "rating": "1",
    "author": "sang****",
    "review_id": "6668900",
    "movie_id": "40194"
  },
  {
    "review": "원래 이런 영화 스토리 짜임새는 어설픈 것 다 알지 않은가? 감수하고 봐야한다. 감수하고 그래픽과 연출력을 보았는데 그 부분은 훌륭하다. 눈에 거슬림 없이 시원시원하게 현란하고 디테일한 그래픽.",
    "date": "12.09.04",
    "rating": "7",
    "author": "hong****",
    "review_id": "6668648",
    "movie_id": "40194"
  },
  {
    "review": "나름 재밌게 봄",
    "date": "12.08.18",
    "rating": "8",
    "author": "gjdh****",
    "review_id": "6621941",
    "movie_id": "40194"
  },
  {
    "review": "밀덕한태는 별다섯개 뭘모르고 보면 알겟냐? 나는 잼잇던데..ㄷㄷ",
    "date": "12.08.14",
    "rating": "10",
    "author": "qkrd****",
    "review_id": "6603852",
    "movie_id": "40194"
  },
  {
    "review": "여가에 나오는 뱽기가 진짜 멋있습니다. 중간중간 야한게 좀 있지만..",
    "date": "12.08.14",
    "rating": "10",
    "author": "henl****",
    "review_id": "6602966",
    "movie_id": "40194"
  },
  {
    "review": "이게 무슨 쓰레기여",
    "date": "12.07.18",
    "rating": "1",
    "author": "lsw8****",
    "review_id": "6492697",
    "movie_id": "40194"
  },
  {
    "review": "군복부터가 북한군이 아님... 고증이 이상하네... 그리고 한국어를 무시했음 북한도 한국어 쓰는데  일본어함... 일본군도 아니고. 수호이는 오늘도 역시 악역으로 출연하였다......",
    "date": "12.07.07",
    "rating": "2",
    "author": "rlaa****",
    "review_id": "6454667",
    "movie_id": "40194"
  },
  {
    "review": "스케일에 비해 스토리가 어수선하다..",
    "date": "12.06.23",
    "rating": "5",
    "author": "blue****",
    "review_id": "6411241",
    "movie_id": "40194"
  },
  {
    "review": "북한때문에 평점이 낮은듯",
    "date": "12.06.18",
    "rating": "10",
    "author": "fyce****",
    "review_id": "6400030",
    "movie_id": "40194"
  },
  {
    "review": "역시 네이버 평점은 믿으면 안됨 참고만 할 것, 이 멋진 영화를 !",
    "date": "12.06.17",
    "rating": "10",
    "author": "ckw0****",
    "review_id": "6397130",
    "movie_id": "40194"
  },
  {
    "review": "영상이 아직도 대단할 정도 반미주의자들은 접근금지 ㅎㅎ",
    "date": "12.06.08",
    "rating": "10",
    "author": "mjle****",
    "review_id": "6377764",
    "movie_id": "40194"
  },
  {
    "review": "그럭저럭 괜찮은 듯",
    "date": "12.06.05",
    "rating": "8",
    "author": "bang****",
    "review_id": "6366110",
    "movie_id": "40194"
  },
  {
    "review": "나름 볼만하네. 그런데로 괜찮음",
    "date": "12.05.18",
    "rating": "8",
    "author": "jeeb****",
    "review_id": "6308044",
    "movie_id": "40194"
  },
  {
    "review": "헨리의 개죽음ㅋ  격납고 폭파장면은 진짜 멋졋음~! 2005년도 작품이라니 놀라울따름.",
    "date": "12.04.23",
    "rating": "6",
    "author": "i2c8****",
    "review_id": "6240823",
    "movie_id": "40194"
  },
  {
    "review": "아직까진 빙기나온 영화중 으뜸인것같던데 스릴감 있어요",
    "date": "12.04.17",
    "rating": "8",
    "author": "snei****",
    "review_id": "6229233",
    "movie_id": "40194"
  },
  {
    "review": "공중액션으로는 현존 영화중 제일 화려함.. 전투기좋아하시면추천해요",
    "date": "12.03.27",
    "rating": "7",
    "author": "yuch****",
    "review_id": "6172935",
    "movie_id": "40194"
  },
  {
    "review": "휴전선건너서 지뢰나 안밟았으면 다행이다.전형적인 ?미국깡패영화 눈요기로는 좋음",
    "date": "12.03.09",
    "rating": "5",
    "author": "glaz****",
    "review_id": "6132474",
    "movie_id": "40194"
  },
  {
    "review": "영화관에서 재미있게 봄. 비행기 액션은 역시 영화관에서 봐야함",
    "date": "12.03.06",
    "rating": "8",
    "author": "holl****",
    "review_id": "6127980",
    "movie_id": "40194"
  },
  {
    "review": "눈요기로는 되게 좋은데 스토리에서 허술함이 ..",
    "date": "12.02.28",
    "rating": "8",
    "author": "enjo****",
    "review_id": "6109972",
    "movie_id": "40194"
  },
  {
    "review": "비행기 전투때문에 1점더준다",
    "date": "12.02.18",
    "rating": "5",
    "author": "qkrt****",
    "review_id": "6084303",
    "movie_id": "40194"
  },
  {
    "review": "볼만하네요.. 스토리 전개가 약간 빈약하긴 하지만.. 그래도.. 그래픽은 좋네요~",
    "date": "12.02.02",
    "rating": "8",
    "author": "jnwk****",
    "review_id": "6044939",
    "movie_id": "40194"
  },
  {
    "review": "재밌고 스케일 좋은 영화이긴 한데 나중에 외교문제는 어쩔려고 ㅋㅋ",
    "date": "12.01.14",
    "rating": "8",
    "author": "sinv****",
    "review_id": "5986232",
    "movie_id": "40194"
  },
  {
    "review": "평점이 이상하네  그래픽도좋고속도감있음",
    "date": "12.01.11",
    "rating": "10",
    "author": "mins****",
    "review_id": "5978628",
    "movie_id": "40194"
  },
  {
    "review": "인큐버스가 참여한것만으로도 +10 이다",
    "date": "11.12.30",
    "rating": "10",
    "author": "csho****",
    "review_id": "5947789",
    "movie_id": "40194"
  },
  {
    "review": "딱 고등학생 까지만 재밌는 영화",
    "date": "11.12.29",
    "rating": "5",
    "author": "tyco****",
    "review_id": "5945322",
    "movie_id": "40194"
  },
  {
    "review": "최고의 영화중 하나다 평점보고 안보려다 봤는데 정말 대단한 스케일이다",
    "date": "11.10.18",
    "rating": "10",
    "author": "ijia****",
    "review_id": "5796490",
    "movie_id": "40194"
  }
]