[
  {
    "review": "다시 보고 싶다.. 2000년도면 내 나이가 9살때인데ㅋㅋㅋ 엄마랑 아빠랑 드라마 같이 봣엇는데 ㅋㅋ 지금까지도 재미있게 본 드라마로 기억남.. ㅋㅋㅋ 9살 때 드라마를 기억하네 ㅋㅋ 정말 재미있엇는데 다시 볼 수 있는 곳이 아무리 찾아봐도 없다",
    "date": "15.07.27",
    "rating": "10",
    "author": "didt****",
    "review_id": "10151532",
    "movie_id": "40198"
  },
  {
    "review": "아역배우가 성인연기자들보다 훨씬 더 재밌었음~~",
    "date": "13.05.24",
    "rating": "10",
    "author": "peac****",
    "review_id": "7552194",
    "movie_id": "40198"
  },
  {
    "review": "어릴떄 참재밌게봤엇는데...다시보고싶당ㅇㅇ 판자촌거지돋넹",
    "date": "13.05.18",
    "rating": "10",
    "author": "en__****",
    "review_id": "7537315",
    "movie_id": "40198"
  },
  {
    "review": "예전에 재밌게 봤었는데.. 아역때 까지만 ㅋㅋ",
    "date": "08.01.20",
    "rating": "9",
    "author": "mong****",
    "review_id": "2349485",
    "movie_id": "40198"
  },
  {
    "review": "아역배우들의 연기가 상당한 수준이었던 드라마.",
    "date": "07.09.06",
    "rating": "9",
    "author": "skat****",
    "review_id": "2003692",
    "movie_id": "40198"
  },
  {
    "review": "명작 드라마",
    "date": "06.11.23",
    "rating": "9",
    "author": "zeed****",
    "review_id": "1246746",
    "movie_id": "40198"
  },
  {
    "review": "참 인기 있었지..",
    "date": "06.06.14",
    "rating": "9",
    "author": "duck****",
    "review_id": "843718",
    "movie_id": "40198"
  }
]