[
  {
    "review": "덜 우린 녹차의 밍밍한 맛.",
    "date": "15.07.29",
    "rating": "5",
    "author": "tear****",
    "review_id": "10158711",
    "movie_id": "40216"
  },
  {
    "review": "신선하고,,기발하고 따뜻하네",
    "date": "15.06.21",
    "rating": "10",
    "author": "tthe****",
    "review_id": "10016951",
    "movie_id": "40216"
  },
  {
    "review": "평범한 듯 아닌 듯한 이야기에서 재미와 감동을 주는 매력 때문에 일본 영화를 찾게 된다.",
    "date": "15.03.15",
    "rating": "10",
    "author": "full****",
    "review_id": "9784351",
    "movie_id": "40216"
  },
  {
    "review": "당신은 온수입니까 당신은 온수",
    "date": "15.01.30",
    "rating": "10",
    "author": "ochu****",
    "review_id": "9652167",
    "movie_id": "40216"
  },
  {
    "review": "뭔가 확실한 기승전결이 있는 영화를 좋아하는 사람한텐 안맞음. 잔잔하고 정적인 전형적인 일본스타일 일상영화",
    "date": "14.12.06",
    "rating": "10",
    "author": "ddab****",
    "review_id": "9452141",
    "movie_id": "40216"
  },
  {
    "review": "내게 이 일본영화는 최고이다. 정말 재미있게 봤다. 이 영화보고 더운날의 일본이 가고싶어졌을정도. 그래서 더운날의 일본을 갑니다 히히",
    "date": "14.06.24",
    "rating": "9",
    "author": "mind****",
    "review_id": "8851226",
    "movie_id": "40216"
  },
  {
    "review": "소박하고 소심한 일본식 엉뚱함이 우주로 뻗친 판타지. 드라마로만 묶어 두기에는 너무 아깝다. 아 얘네들은 어떻게 이런 걸 만들어 내지",
    "date": "14.05.26",
    "rating": "8",
    "author": "frie****",
    "review_id": "8767897",
    "movie_id": "40216"
  },
  {
    "review": "느려터져서 못보겠다.",
    "date": "14.04.05",
    "rating": "1",
    "author": "yjhm****",
    "review_id": "8630244",
    "movie_id": "40216"
  },
  {
    "review": "사치코(반노 마야)의 철봉 돌기가 성공했을 때 엄청나게 기뻤다. 드디어 이 영화가 끝나는 구나 싶어서",
    "date": "14.02.04",
    "rating": "5",
    "author": "kool****",
    "review_id": "8475783",
    "movie_id": "40216"
  },
  {
    "review": "무엇을 말하고있고, 무엇을 보여주려고한건지...소소한맛인데 너무소소해서 재미없다, 할아버지가 제일 재밌는듯",
    "date": "13.10.31",
    "rating": "6",
    "author": "boxe****",
    "review_id": "8104205",
    "movie_id": "40216"
  },
  {
    "review": "X4배속으로 돌려 봐도 되는 영화. 질~질~쓸데 없는 장면이 너무 길고 많다",
    "date": "13.09.17",
    "rating": "5",
    "author": "kyan****",
    "review_id": "7988870",
    "movie_id": "40216"
  },
  {
    "review": "꽁치의 맛을 따라한건가.",
    "date": "13.08.14",
    "rating": "8",
    "author": "5292****",
    "review_id": "7876999",
    "movie_id": "40216"
  },
  {
    "review": "개운하고 씁쓸한 삶의 맛",
    "date": "13.07.02",
    "rating": "10",
    "author": "cute****",
    "review_id": "7697412",
    "movie_id": "40216"
  },
  {
    "review": "아메 아메~ 아메와 이키데이루~",
    "date": "13.04.04",
    "rating": "7",
    "author": "4310****",
    "review_id": "7434993",
    "movie_id": "40216"
  },
  {
    "review": "이런 영화 만드는건 분명 재주인것같다..",
    "date": "13.02.26",
    "rating": "10",
    "author": "vick****",
    "review_id": "7304849",
    "movie_id": "40216"
  },
  {
    "review": "진짜 걍 똘끼 괴짜영화. 이 영화가 코믹적인요소가 많긴한데 그 코믹이란것이 너무 차원을 뛰어넘은것이라  웃음코드라고 하기는 어렵고 그냥 잔잔한영화였다 할아버지와 손녀딸의 모습은 잔잔한웃음과 감동을 줬고 CG를 보면서 좀.ㅋㅋ어이없는 웃음이 나왔달까ㅋㅋ",
    "date": "13.01.30",
    "rating": "5",
    "author": "eman****",
    "review_id": "7198966",
    "movie_id": "40216"
  },
  {
    "review": "기발한 상상력은 매력적인데 조금은 정신없는 듯한 이야기전개가 아쉽다",
    "date": "12.11.29",
    "rating": "7",
    "author": "nine****",
    "review_id": "6934954",
    "movie_id": "40216"
  },
  {
    "review": "이런 영화는 9점은 되야한다,. 본지는 3년이 되가지만 이제 평을 적는다. 간간히 나오는 코믹한 장면에서 벙쩐다라고 할수 있다. 그냥 코미딜물로 보아도 손색이 없다. 단 이러한 장르를 싫어할수 있는 사람도 있을수 있다",
    "date": "12.11.11",
    "rating": "9",
    "author": "jodi****",
    "review_id": "6878619",
    "movie_id": "40216"
  },
  {
    "review": "산은 살아...있...다...ZZZ",
    "date": "12.11.05",
    "rating": "4",
    "author": "expr****",
    "review_id": "6858247",
    "movie_id": "40216"
  },
  {
    "review": "영화를 보는데 10시간이 넘게 걸렸음 ㅠ 보면서 자느라.. 정지 시켜놓고 한숨자고 인나서 다시보고 흐아 ㅠㅠㅠ추천은함 볼만함 괴아늠 나름대로의 맛을 느낄 수 있음 정말 재밌다 평을 했을 것 같기도 하지만 결국 몬소린지 못알아 들었기에 평점을 박하게 함",
    "date": "12.10.27",
    "rating": "6",
    "author": "dan_****",
    "review_id": "6828973",
    "movie_id": "40216"
  },
  {
    "review": "병맛나는 가족들의 일상 ㅋㅋㅋㅋㅋ",
    "date": "12.10.16",
    "rating": "6",
    "author": "okre****",
    "review_id": "6806771",
    "movie_id": "40216"
  },
  {
    "review": "이건 정말 멋진 영화다!",
    "date": "12.07.21",
    "rating": "9",
    "author": "xaga****",
    "review_id": "6506803",
    "movie_id": "40216"
  },
  {
    "review": "진짜 아니다 뭐야이건",
    "date": "12.07.03",
    "rating": "3",
    "author": "hll0****",
    "review_id": "6442660",
    "movie_id": "40216"
  },
  {
    "review": "좋음",
    "date": "12.05.22",
    "rating": "10",
    "author": "soro****",
    "review_id": "6321241",
    "movie_id": "40216"
  },
  {
    "review": "요즘 일본 영상물 분위기에 꽤 익숙해졌다고 생각했는데 이건 진짜 아니다 ㅡㅡ",
    "date": "12.05.22",
    "rating": "2",
    "author": "edit****",
    "review_id": "6320534",
    "movie_id": "40216"
  },
  {
    "review": "무엇을 찾고 있는가 교훈, 의미? 당신은 영화 보지 말아라",
    "date": "12.02.23",
    "rating": "8",
    "author": "nimi****",
    "review_id": "6098457",
    "movie_id": "40216"
  },
  {
    "review": "엉뚱한 코믹이 가미되있지만 가족애로 따뜻해지는 영화네요.",
    "date": "12.02.19",
    "rating": "7",
    "author": "crys****",
    "review_id": "6088386",
    "movie_id": "40216"
  },
  {
    "review": "마음의 감기를 치유해주는 힘이 있는 영화!",
    "date": "12.02.11",
    "rating": "8",
    "author": "cent****",
    "review_id": "6068230",
    "movie_id": "40216"
  },
  {
    "review": "유니크",
    "date": "11.12.12",
    "rating": "9",
    "author": "2moo****",
    "review_id": "5902001",
    "movie_id": "40216"
  },
  {
    "review": "아 너무 롱테이크 내용은 그냥저냥",
    "date": "11.07.12",
    "rating": "5",
    "author": "naeg****",
    "review_id": "5537691",
    "movie_id": "40216"
  },
  {
    "review": "ㅡㅡ.. 40분 보다 잤나?",
    "date": "11.07.10",
    "rating": "1",
    "author": "fam0****",
    "review_id": "5534176",
    "movie_id": "40216"
  },
  {
    "review": "적응안됀다..",
    "date": "11.04.16",
    "rating": "4",
    "author": "xtai****",
    "review_id": "5376856",
    "movie_id": "40216"
  },
  {
    "review": "너무나 사랑스러운 영화!!",
    "date": "11.03.29",
    "rating": "10",
    "author": "kjh8****",
    "review_id": "5341194",
    "movie_id": "40216"
  },
  {
    "review": "이 영화가 뭘 말하려고 하는가 생각하기전에 잠에 빠진다.......",
    "date": "11.02.18",
    "rating": "3",
    "author": "sind****",
    "review_id": "5253366",
    "movie_id": "40216"
  },
  {
    "review": "관심을 갖고 볼 수 있는 사람에겐 참 재미있는 영화..",
    "date": "11.01.16",
    "rating": "9",
    "author": "kuke****",
    "review_id": "5162391",
    "movie_id": "40216"
  },
  {
    "review": "천만(千萬)의 태양을 말하는 그린코미디. 문득 어디선가 찻물 끓는 소리 들리고…",
    "date": "11.01.03",
    "rating": "10",
    "author": "snow****",
    "review_id": "5124796",
    "movie_id": "40216"
  },
  {
    "review": "8배속으로 느리게 재생한 느낌, 잔잔한 감동과 웃음을 능가하는 지루함",
    "date": "11.01.02",
    "rating": "6",
    "author": "mcss****",
    "review_id": "5118636",
    "movie_id": "40216"
  },
  {
    "review": "진짜은은한감동을주는일본영화보고나면여운이남는....",
    "date": "10.11.09",
    "rating": "10",
    "author": "nari****",
    "review_id": "4948147",
    "movie_id": "40216"
  },
  {
    "review": "야마요 야마요 야마요 야마요 야마요 잇끼떼이루♩",
    "date": "10.09.26",
    "rating": "10",
    "author": "cho1****",
    "review_id": "4868769",
    "movie_id": "40216"
  },
  {
    "review": "재밌다",
    "date": "10.09.12",
    "rating": "10",
    "author": "eek5****",
    "review_id": "4830921",
    "movie_id": "40216"
  },
  {
    "review": "뭐야이거...이상해......;;;;;;;;;;;;;;;;",
    "date": "10.08.11",
    "rating": "2",
    "author": "rind****",
    "review_id": "4734949",
    "movie_id": "40216"
  },
  {
    "review": "개성있는 가족들이 하나가 되어가는 과정이 넘 사랑스럽고 귀여웠다는..",
    "date": "10.07.28",
    "rating": "10",
    "author": "ment****",
    "review_id": "4681133",
    "movie_id": "40216"
  },
  {
    "review": "초현실주의 스타일 맞는 사람에게 딱 좋음. 헐리우드 판타지랑은 다른 일본식..재미",
    "date": "10.07.13",
    "rating": "10",
    "author": "anfw****",
    "review_id": "4636251",
    "movie_id": "40216"
  },
  {
    "review": "화목해서 좋았다 근데 뭘 얘기하는지는 잘 모르겠다 지루했다",
    "date": "10.06.17",
    "rating": "5",
    "author": "rois****",
    "review_id": "4571479",
    "movie_id": "40216"
  },
  {
    "review": "지루했지만 가족에 대해서 다시 한번 생각하게 해준다.",
    "date": "10.06.03",
    "rating": "6",
    "author": "marc****",
    "review_id": "4541753",
    "movie_id": "40216"
  },
  {
    "review": "녹차 마시고 싶다 ㅎㅎ",
    "date": "10.05.30",
    "rating": "10",
    "author": "puru****",
    "review_id": "4532551",
    "movie_id": "40216"
  },
  {
    "review": "만화같은 독특한 설정",
    "date": "10.05.24",
    "rating": "10",
    "author": "rimi****",
    "review_id": "4522239",
    "movie_id": "40216"
  },
  {
    "review": "'특이함'에 대한 강박. 차라리 드라마에 집중했으면.",
    "date": "10.05.22",
    "rating": "5",
    "author": "drs2****",
    "review_id": "4515764",
    "movie_id": "40216"
  },
  {
    "review": "잔잔하니 보기에 너무 편했던 영화.소소한 웃음거리 대신에 배경이 무지 이뻤다",
    "date": "10.05.08",
    "rating": "8",
    "author": "cool****",
    "review_id": "4487831",
    "movie_id": "40216"
  },
  {
    "review": "싱거운데 타이밍적으로 엄청웃긴다.일본인다운 기발한 상상력으로 가득찬영화.",
    "date": "10.05.07",
    "rating": "9",
    "author": "read****",
    "review_id": "4484714",
    "movie_id": "40216"
  },
  {
    "review": "하지메 김유식이랑 비슷하게 생겼네..",
    "date": "10.04.29",
    "rating": "10",
    "author": "rane****",
    "review_id": "4463514",
    "movie_id": "40216"
  },
  {
    "review": "느긋함과 잔잔함의 과잉공급. 성취없이 무의미하게 흘러만간다.",
    "date": "10.04.24",
    "rating": "3",
    "author": "iky9****",
    "review_id": "4451617",
    "movie_id": "40216"
  },
  {
    "review": "지나치게 권태,무미건조, 단조로운 일상들의 무분별한 병렬식 나열",
    "date": "10.04.11",
    "rating": "2",
    "author": "pria****",
    "review_id": "4426255",
    "movie_id": "40216"
  },
  {
    "review": "야휴~~ 독특해라",
    "date": "10.03.01",
    "rating": "4",
    "author": "psp2****",
    "review_id": "4328321",
    "movie_id": "40216"
  },
  {
    "review": "사람들은 나보고 비주류를 좋아한다고하지만 이런영화야말로 주류가 되어야할거같다!",
    "date": "10.02.03",
    "rating": "10",
    "author": "max2****",
    "review_id": "4239956",
    "movie_id": "40216"
  },
  {
    "review": "첫맛은씁쓸하고 끝맛은 달콤한 녹차의맛을 음미할줄 알고 본다면 정말 좋은 영화",
    "date": "10.01.23",
    "rating": "9",
    "author": "rhkd****",
    "review_id": "4200328",
    "movie_id": "40216"
  },
  {
    "review": "난 생각보다 재미있게 봤음 잔잔하고 애기도 귀엽고 ㅋㅋ",
    "date": "10.01.13",
    "rating": "8",
    "author": "saiy****",
    "review_id": "4167345",
    "movie_id": "40216"
  },
  {
    "review": "떡 먹으면서 보기 좋은 영화더군요 나른하니-_-zzz",
    "date": "09.11.30",
    "rating": "10",
    "author": "nrgw****",
    "review_id": "4004640",
    "movie_id": "40216"
  },
  {
    "review": "가을, 해질녘 오묘한 빛깔의 노을같은.",
    "date": "09.11.24",
    "rating": "10",
    "author": "dead****",
    "review_id": "3986575",
    "movie_id": "40216"
  },
  {
    "review": "국내영화 M이 독창적이었다면 이건 획기적이었다. 하지만....나랑은 코드가 안맞는다.",
    "date": "09.11.05",
    "rating": "6",
    "author": "08yu****",
    "review_id": "3937921",
    "movie_id": "40216"
  },
  {
    "review": "이런 영화도 있구나~~ 이런 생각..나쁘진 않아..",
    "date": "09.10.29",
    "rating": "9",
    "author": "sayb****",
    "review_id": "3922407",
    "movie_id": "40216"
  },
  {
    "review": "독특한 분위기와 전개과정은 좋았는데 나랑 코드가 잘 안통했다..",
    "date": "09.10.01",
    "rating": "6",
    "author": "wind****",
    "review_id": "3864836",
    "movie_id": "40216"
  },
  {
    "review": "특유의 일본 영화",
    "date": "09.09.28",
    "rating": "10",
    "author": "bkm1****",
    "review_id": "3858014",
    "movie_id": "40216"
  },
  {
    "review": "야마송 ㅋㅋ",
    "date": "09.09.25",
    "rating": "10",
    "author": "bkm1****",
    "review_id": "3849795",
    "movie_id": "40216"
  },
  {
    "review": "담백하고 신선하다.",
    "date": "09.08.23",
    "rating": "9",
    "author": "suan****",
    "review_id": "3780824",
    "movie_id": "40216"
  },
  {
    "review": "탄산처럼 짜릿하지는 않지만 녹차의 맛처럼 삶의 여운이 오래 남는 영화.",
    "date": "09.08.12",
    "rating": "7",
    "author": "vond****",
    "review_id": "3738672",
    "movie_id": "40216"
  },
  {
    "review": "중반 이후부터 볼만함.",
    "date": "09.08.10",
    "rating": "6",
    "author": "aeio****",
    "review_id": "3731247",
    "movie_id": "40216"
  },
  {
    "review": "나 잔잔한거 잘보는데 이건 벌써 몇번째 조는지 모르겠음 ㅡㅡ",
    "date": "09.08.01",
    "rating": "7",
    "author": "ryeo****",
    "review_id": "3692200",
    "movie_id": "40216"
  },
  {
    "review": "흩날리는 벚꽃나무와,,벼이삭,강물,자전거, 철봉,,모두 너무 좋았다. 사랑스러운 가족",
    "date": "09.07.25",
    "rating": "10",
    "author": "blis****",
    "review_id": "3664811",
    "movie_id": "40216"
  },
  {
    "review": "제목이 내용과 무지 잘 어울리는 영화..다시 한번 보고싶네요",
    "date": "09.07.20",
    "rating": "9",
    "author": "tree****",
    "review_id": "3649916",
    "movie_id": "40216"
  },
  {
    "review": "잔잔하고 재밌는데?! 피식피식거리게되는",
    "date": "09.05.29",
    "rating": "10",
    "author": "ssbi****",
    "review_id": "3529168",
    "movie_id": "40216"
  },
  {
    "review": "내게 이런 친구들이 있다면 ^o^. 내게 이런 가족이 있다면 ^_^; 어쨌든, 사랑스러워요",
    "date": "09.05.26",
    "rating": "6",
    "author": "kkot****",
    "review_id": "3523324",
    "movie_id": "40216"
  },
  {
    "review": "지루해ㅠㅠㅠㅠㅠㅠㅠㅠㅠㅠㅠㅠㅠㅠㅠㅠㅠㅠㅠㅠㅠㅠㅠㅠㅠㅠㅠㅠㅠㅠ",
    "date": "09.05.20",
    "rating": "4",
    "author": "mins****",
    "review_id": "3509309",
    "movie_id": "40216"
  },
  {
    "review": "낯설음 속에서 발견한 익숙함. 혹은 그 반대....",
    "date": "09.05.14",
    "rating": "9",
    "author": "heod****",
    "review_id": "3495007",
    "movie_id": "40216"
  },
  {
    "review": "아 진짜 그지같은... 짜증나서 못보겠다 나레이션 소리가 들려야말이지 내용도 없고",
    "date": "09.05.13",
    "rating": "1",
    "author": "sdan****",
    "review_id": "3492650",
    "movie_id": "40216"
  },
  {
    "review": "쫌아닌데",
    "date": "09.05.08",
    "rating": "2",
    "author": "fleh****",
    "review_id": "3479822",
    "movie_id": "40216"
  },
  {
    "review": "이 영화를 보다가 왜 울었을까...",
    "date": "09.05.05",
    "rating": "10",
    "author": "cool****",
    "review_id": "3471924",
    "movie_id": "40216"
  },
  {
    "review": "처음볼때 무지 지루했다. 두번째 보니 \"맛\"이 느껴진다. 재미있다.  난 둔감한건가???",
    "date": "09.04.08",
    "rating": "10",
    "author": "jjke****",
    "review_id": "3411320",
    "movie_id": "40216"
  },
  {
    "review": "이런 영상기법 정말 맘에든다ㅋ 오랜만에 본 내용이 있는 영화!",
    "date": "09.04.03",
    "rating": "10",
    "author": "ykss****",
    "review_id": "3402104",
    "movie_id": "40216"
  },
  {
    "review": "독특하다,.근데 보다말았다~",
    "date": "09.03.26",
    "rating": "1",
    "author": "ykma****",
    "review_id": "3388566",
    "movie_id": "40216"
  },
  {
    "review": "웃기다가 안웃기다가 _ 완전 잔잔.",
    "date": "09.02.19",
    "rating": "7",
    "author": "otia****",
    "review_id": "3315995",
    "movie_id": "40216"
  },
  {
    "review": "ㅋㅋㅋ 재밌다!!! 아사노 타다노부 짱!",
    "date": "09.02.09",
    "rating": "9",
    "author": "gamj****",
    "review_id": "3289908",
    "movie_id": "40216"
  },
  {
    "review": "나에겐 그다지 맞지 않았던 영화.. 지루하고 뭘 이야기 하는지 ;;",
    "date": "09.01.10",
    "rating": "2",
    "author": "yuns****",
    "review_id": "3207829",
    "movie_id": "40216"
  },
  {
    "review": "'뭐지' 하면서 보지만, 영화가 끝날 때엔 눈물을 닦게되는 -",
    "date": "09.01.10",
    "rating": "10",
    "author": "hang****",
    "review_id": "3206577",
    "movie_id": "40216"
  },
  {
    "review": "지루하다 -  - 기대한만큼의 독특함도 덜하고 .. 약간 아쉬운 영화",
    "date": "09.01.06",
    "rating": "7",
    "author": "snew****",
    "review_id": "3196185",
    "movie_id": "40216"
  },
  {
    "review": "녹차의 담백하지만 은은하고 깊고 간단한 맛?",
    "date": "08.12.30",
    "rating": "8",
    "author": "hiya****",
    "review_id": "3168127",
    "movie_id": "40216"
  },
  {
    "review": "귀여워 귀여워",
    "date": "08.12.30",
    "rating": "9",
    "author": "sonj****",
    "review_id": "3166917",
    "movie_id": "40216"
  },
  {
    "review": "마음이 뜨끈뜨끈 좋다좋아..!",
    "date": "08.12.17",
    "rating": "10",
    "author": "kpy5****",
    "review_id": "3124001",
    "movie_id": "40216"
  },
  {
    "review": "이런영화 너무좋다.",
    "date": "08.12.15",
    "rating": "10",
    "author": "hnar****",
    "review_id": "3119365",
    "movie_id": "40216"
  },
  {
    "review": "눈물뚝뚝",
    "date": "08.12.05",
    "rating": "10",
    "author": "grat****",
    "review_id": "3092297",
    "movie_id": "40216"
  },
  {
    "review": "쵝오 ~~",
    "date": "08.11.25",
    "rating": "10",
    "author": "dpdl****",
    "review_id": "3071875",
    "movie_id": "40216"
  },
  {
    "review": "앉아서 녹차 한잔을 즐기는 여유",
    "date": "08.11.18",
    "rating": "8",
    "author": "good****",
    "review_id": "3059007",
    "movie_id": "40216"
  },
  {
    "review": "사람의 맛",
    "date": "08.11.18",
    "rating": "9",
    "author": "shin****",
    "review_id": "3058576",
    "movie_id": "40216"
  },
  {
    "review": "정말로 '녹차의 맛'처럼 은은하게 그리고 깊숙히 감동이 파고들었다.",
    "date": "08.11.15",
    "rating": "9",
    "author": "inpm****",
    "review_id": "3051186",
    "movie_id": "40216"
  },
  {
    "review": "맥스한캔을 정말 맛나게 해준, 따뜻하고 흡입력 있는 영화. 산은 살아있네요 ㅎㅎ",
    "date": "08.10.27",
    "rating": "10",
    "author": "2han****",
    "review_id": "3022127",
    "movie_id": "40216"
  },
  {
    "review": "......근데 , 지루합니다",
    "date": "08.10.17",
    "rating": "7",
    "author": "xnon****",
    "review_id": "3005092",
    "movie_id": "40216"
  },
  {
    "review": "TV에서 하길래 두번 봤는데 두번째 볼 때가 더 좋네요. 잔잔한 미소를 띄게 하는 영화",
    "date": "08.10.11",
    "rating": "9",
    "author": "fexx****",
    "review_id": "2994894",
    "movie_id": "40216"
  },
  {
    "review": "우리나라에서도 이런 영화가 만들어지기를",
    "date": "08.10.11",
    "rating": "10",
    "author": "icid****",
    "review_id": "2994878",
    "movie_id": "40216"
  },
  {
    "review": "따뜻하다.",
    "date": "08.08.31",
    "rating": "10",
    "author": "silv****",
    "review_id": "2912929",
    "movie_id": "40216"
  },
  {
    "review": "독특한 가족. 다양한 이야기. 구수하고 잔잔한 녹차맛도 있지만, 씁쓸함도 있다.",
    "date": "08.08.24",
    "rating": "3",
    "author": "samg****",
    "review_id": "2900322",
    "movie_id": "40216"
  }
]