[
  {
    "review": "...슬픈영화....",
    "date": "15.08.04",
    "rating": "10",
    "author": "dlwh****",
    "review_id": "10184284",
    "movie_id": "40222"
  },
  {
    "review": "이 영화 정말 내가 좋아하는 배우들만 나와 정말 좋다 근데 의외로 평점이 엄청 낮네...",
    "date": "15.07.07",
    "rating": "8",
    "author": "youn****",
    "review_id": "10078845",
    "movie_id": "40222"
  },
  {
    "review": "에피소드 각각을 보면 나름 괜찮은데 이를 한 영화에 욱여넣으려니 아쉬운 결과물이 나온 것 같다.",
    "date": "15.06.16",
    "rating": "7",
    "author": "himo****",
    "review_id": "10004676",
    "movie_id": "40222"
  },
  {
    "review": "난 2000년대 초중반의 한국영화를 좋아한다. 이 새벽에 이걸 트는게 오늘의 실수였다 꺼이꺼이...",
    "date": "15.06.15",
    "rating": "10",
    "author": "afte****",
    "review_id": "10001663",
    "movie_id": "40222"
  },
  {
    "review": "너무 아름답게 아픈 이별이 잘 표현됐다 정말 아름답고 먹먹한 이별의 여운이 마음에 몇년이고 남는다",
    "date": "15.06.11",
    "rating": "10",
    "author": "dnjs****",
    "review_id": "9990706",
    "movie_id": "40222"
  },
  {
    "review": "2006년도 개봉 당시엔 억지감동 노잼!!!2015년도엔 이게 왜 평점이 낮죠ㅠㅜㅜㅠ이게 한국관객 수준인듯",
    "date": "15.06.07",
    "rating": "5",
    "author": "seve****",
    "review_id": "9983034",
    "movie_id": "40222"
  },
  {
    "review": "최고의 영화. 감정이 너무 섬세하게 잘 표현이 됐고 그 애절한 마음이 너무 잘 와닿는다.",
    "date": "15.05.23",
    "rating": "10",
    "author": "eunh****",
    "review_id": "9939929",
    "movie_id": "40222"
  },
  {
    "review": "평점이 왜이렇게 낮은지 이해할수 없다. 십대후반에 처음봤었고 이십대후반에 다시봐도 소소하고 예쁜영화..말그대로 새드무비. 눈물이 안흐를수가없다..",
    "date": "15.05.15",
    "rating": "9",
    "author": "com1****",
    "review_id": "9920445",
    "movie_id": "40222"
  },
  {
    "review": "와... 진심으로 슬픕니다 이걸 이제 보다니.. 진심으로 슬픕니다",
    "date": "15.04.10",
    "rating": "10",
    "author": "0731****",
    "review_id": "9837620",
    "movie_id": "40222"
  },
  {
    "review": "또다시보게된 새드무비...  긴여운",
    "date": "15.02.17",
    "rating": "10",
    "author": "theb****",
    "review_id": "9705545",
    "movie_id": "40222"
  },
  {
    "review": "예정된 결말과 식상한 소재들을 모아 옴니버스 형식으로 묶은 한 편의 뮤직 드라마 같은 영화. 정우성, 임수정 커플 너무 잘 어울린다는 느낌을 받음. 신파극 같은 느낌도 있어서 전혀 눈물샘을 자극하지는 못함",
    "date": "15.02.03",
    "rating": "3",
    "author": "jjaj****",
    "review_id": "9662411",
    "movie_id": "40222"
  },
  {
    "review": "비슷한 류의 옴니버스 영화 중 가장 미흡한 영화.더구나 여러개의 슬플결말은 별로다. 영상만 건진.",
    "date": "15.01.01",
    "rating": "5",
    "author": "roma****",
    "review_id": "9548500",
    "movie_id": "40222"
  },
  {
    "review": "결말이 진부하면 나쁜 영화? 제목이 새드 무비라 결말은 예상 가능. 하지만 그보다 잔잔한 슬픔이 컸다. 영상도 아름답다. 3번 봤지만 볼 때마다 울게 됨",
    "date": "14.12.08",
    "rating": "9",
    "author": "sgsa****",
    "review_id": "9457484",
    "movie_id": "40222"
  },
  {
    "review": "슬퍼서 운적이 한손에 꼽을정도의 나에게 처음으로 영화보고 소리내어 펑펑 울게만든 반면 따듯한 감동을 준 영화..새드무비..오랜 세월이 지난후에 평점을 남기지만 아직 이영화만큼 날 울게한 영화는 못봤다.",
    "date": "14.11.10",
    "rating": "10",
    "author": "ti_c****",
    "review_id": "9367322",
    "movie_id": "40222"
  },
  {
    "review": "정말 재밌는데 평점이 너무 낮아요? 허허...",
    "date": "14.10.29",
    "rating": "10",
    "author": "in2d****",
    "review_id": "9326432",
    "movie_id": "40222"
  },
  {
    "review": "이 영화 평점이 이렇게 낮음??? 와.. 진짜 말도 안 됨... 말도 안 될 정도로 낮네...",
    "date": "14.10.23",
    "rating": "10",
    "author": "ni_t****",
    "review_id": "9309943",
    "movie_id": "40222"
  },
  {
    "review": "잔잔히 흘러가는게 처음시작은 모두 질풀어갈꺼같았지만 결국은 모두들 이별을하게된다는 결말이너무 슬펐다",
    "date": "14.10.05",
    "rating": "10",
    "author": "have****",
    "review_id": "9264753",
    "movie_id": "40222"
  },
  {
    "review": "감정팔이용이긴 하지만, 소설 같은 이야기가 좋았고 진짜 너무 슬프다. 어떤것들이 슬픈건지 잘 보여주는 영화",
    "date": "14.04.20",
    "rating": "9",
    "author": "vosd****",
    "review_id": "8662644",
    "movie_id": "40222"
  },
  {
    "review": "많이 울었던 기억이 나네요ㅠㅠㅠ 되게 재밌었ㄴ느데 평점이 왜그럴까요..",
    "date": "14.04.11",
    "rating": "10",
    "author": "leeh****",
    "review_id": "8643357",
    "movie_id": "40222"
  },
  {
    "review": "tv 전가세가 아깝다!!!",
    "date": "14.02.16",
    "rating": "1",
    "author": "ske4****",
    "review_id": "8513167",
    "movie_id": "40222"
  },
  {
    "review": "임수정의 비주얼만...",
    "date": "13.12.06",
    "rating": "10",
    "author": "chan****",
    "review_id": "8195362",
    "movie_id": "40222"
  },
  {
    "review": "제목에서 보여주듯 새드무비... 너무 반전이 있는 영화에 익숙하다보니반전이 없이.. 너무나 쉽게 예상할수 있는 결과로 끝이 난다..아름다운영화지만 왈칵 눈물 흘릴정도의 영화로는 못미쳤다",
    "date": "13.11.17",
    "rating": "6",
    "author": "soso****",
    "review_id": "8146201",
    "movie_id": "40222"
  },
  {
    "review": "8년 전 영화를 이제서야 보게 됬는데 8년 후에 봐도 기억에 남는 영화 일 것 같네요. 이별의 아픔을 아름답게 승화시킨 영화라고 말하고 싶네요.",
    "date": "13.11.03",
    "rating": "9",
    "author": "viol****",
    "review_id": "8113131",
    "movie_id": "40222"
  },
  {
    "review": "평점이 왜이렇게 낮지ㅠㅠ 볼 때 마다 울게 되는 영화ㅠㅠㅠ 억지스러운 감동코드가 아니고 공감돼서 울게됨ㅠㅠㅠ",
    "date": "13.10.23",
    "rating": "10",
    "author": "sohe****",
    "review_id": "8082757",
    "movie_id": "40222"
  },
  {
    "review": "잔잔하고 안타깝고 첨부터 끝까지 지루하지않고 우리가 그냥 잊고사는,  인생에서 가장 중요한것에 대해 생각해볼수있는 영화입니다.여자분들은 더좋아하실듯. 그리고 감수성을지닌남자분들에게도강추입니다.",
    "date": "13.10.09",
    "rating": "10",
    "author": "make****",
    "review_id": "8047578",
    "movie_id": "40222"
  },
  {
    "review": "조금 아니 아주 늦게봤지만!  굿!",
    "date": "13.10.04",
    "rating": "10",
    "author": "ausa****",
    "review_id": "8035379",
    "movie_id": "40222"
  },
  {
    "review": "슬프기보다는 아름답다. 나쁘지는 않고 보기좋아 간단히 보기 좋은영화이다",
    "date": "13.09.03",
    "rating": "7",
    "author": "tkdf****",
    "review_id": "7946014",
    "movie_id": "40222"
  },
  {
    "review": "굿굿",
    "date": "13.07.11",
    "rating": "10",
    "author": "tlss****",
    "review_id": "7723821",
    "movie_id": "40222"
  },
  {
    "review": "예쁘다 참.사랑스러운 영화 생각외로 재밌었음 특히 진구너무귀엽다 근데 별로 슬프지는 않았다",
    "date": "13.07.01",
    "rating": "8",
    "author": "0104****",
    "review_id": "7694463",
    "movie_id": "40222"
  },
  {
    "review": "풋풋한 우리나라만의 감정을 잘 드러냈다.초록색 잎사귀는 너무나도 푸르르다",
    "date": "13.06.02",
    "rating": "8",
    "author": "ehgu****",
    "review_id": "7572522",
    "movie_id": "40222"
  },
  {
    "review": "행복한사람들을 알게모르게 뒤덮고있는 슬픔의 그늘들..그래도 참 예쁜영화. 무려8년전인데 왜 다 지금과 똑같은 얼굴인지...애기때 여진구는 너무 귀엽다ㅎ히",
    "date": "13.05.29",
    "rating": "9",
    "author": "winy****",
    "review_id": "7560820",
    "movie_id": "40222"
  },
  {
    "review": "정말 드라마틱했지만 표현해 내고 싶었던 감정들은 잘 전달된 영화",
    "date": "13.05.25",
    "rating": "8",
    "author": "dlar****",
    "review_id": "7553099",
    "movie_id": "40222"
  },
  {
    "review": "정우성은 그을음 진 얼굴도 멋있다. 그냥, 이쁜 영화(시간 아주아주 많은 비 오는 날 커피 한 잔 곁들이며 보세요. 소소하게 행복하며)",
    "date": "13.04.03",
    "rating": "8",
    "author": "gpdu****",
    "review_id": "7432409",
    "movie_id": "40222"
  },
  {
    "review": "시간많을때 보기좋은영화..왠만하면 눈물잘나는데 눈물이나지않네요 하지만 영화는 아름다웠음",
    "date": "13.02.28",
    "rating": "6",
    "author": "jzzz****",
    "review_id": "7311331",
    "movie_id": "40222"
  },
  {
    "review": "다소 억지스럽고, 만화같은 구성이지만 그 의미는 충분이 전달받을수 있는 영화",
    "date": "13.02.22",
    "rating": "6",
    "author": "moki****",
    "review_id": "7290323",
    "movie_id": "40222"
  },
  {
    "review": "임수정덕분에끝까지봤던영화",
    "date": "13.02.14",
    "rating": "7",
    "author": "toms****",
    "review_id": "7262209",
    "movie_id": "40222"
  },
  {
    "review": "슬프지도 재밋지도 감동적이지도않음진짜",
    "date": "13.02.12",
    "rating": "1",
    "author": "wjdt****",
    "review_id": "7256261",
    "movie_id": "40222"
  },
  {
    "review": "작위적인 새드...",
    "date": "13.02.04",
    "rating": "2",
    "author": "name****",
    "review_id": "7222725",
    "movie_id": "40222"
  },
  {
    "review": "오래간만에 다시본 영화. 여전히 슬프고 좋은 영화다..",
    "date": "13.02.03",
    "rating": "10",
    "author": "0119****",
    "review_id": "7219165",
    "movie_id": "40222"
  },
  {
    "review": "...슬퍼요. 태현오빠연기도 좋구요",
    "date": "13.01.28",
    "rating": "10",
    "author": "ekdn****",
    "review_id": "7188187",
    "movie_id": "40222"
  },
  {
    "review": "음...한 7-8점대 영화.....슬프긴 슬픈데...뭔가...하튼 보신분들은아실거예요",
    "date": "13.01.16",
    "rating": "8",
    "author": "jiho****",
    "review_id": "7120323",
    "movie_id": "40222"
  },
  {
    "review": "결말이 뻔해서그런지 너무 슬프네요..재밌게 잘 봤습니다ㅠㅠㅠ",
    "date": "13.01.15",
    "rating": "10",
    "author": "0525****",
    "review_id": "7119131",
    "movie_id": "40222"
  },
  {
    "review": "이 영화의 평점이 이렇게 낮다니",
    "date": "13.01.14",
    "rating": "10",
    "author": "dbs3****",
    "review_id": "7116501",
    "movie_id": "40222"
  },
  {
    "review": "'슬픔'을  목적으로 한 영화이니, 성공한 것 같다. 보면 매우 짠해지는 그런...",
    "date": "13.01.03",
    "rating": "10",
    "author": "park****",
    "review_id": "7079039",
    "movie_id": "40222"
  },
  {
    "review": "짠하다",
    "date": "13.01.01",
    "rating": "10",
    "author": "wjsd****",
    "review_id": "7069451",
    "movie_id": "40222"
  },
  {
    "review": "새드무비ㅠㅠㅠㅠㅠ너무 재밌다",
    "date": "12.12.25",
    "rating": "10",
    "author": "girl****",
    "review_id": "7040501",
    "movie_id": "40222"
  },
  {
    "review": "아...너무 슬프다",
    "date": "12.12.16",
    "rating": "10",
    "author": "qkrd****",
    "review_id": "7010169",
    "movie_id": "40222"
  },
  {
    "review": "볼만하네요 ㅠㅠ",
    "date": "12.12.15",
    "rating": "10",
    "author": "ehdu****",
    "review_id": "7007469",
    "movie_id": "40222"
  },
  {
    "review": "이 정도 슬프면 영화의 목적자체는 성공적이지 않은가",
    "date": "12.12.14",
    "rating": "9",
    "author": "into****",
    "review_id": "7002073",
    "movie_id": "40222"
  },
  {
    "review": "슬프고 흥미로웟다... 대스타들도많고",
    "date": "12.12.07",
    "rating": "10",
    "author": "dani****",
    "review_id": "6980408",
    "movie_id": "40222"
  },
  {
    "review": "옵니버스라서그런지 감동이 진하지못하다. 하지만 마지막씬은진짜...",
    "date": "12.11.30",
    "rating": "9",
    "author": "dalg****",
    "review_id": "6945773",
    "movie_id": "40222"
  },
  {
    "review": "재밋는데 평점이 낮네",
    "date": "12.11.20",
    "rating": "10",
    "author": "1qor****",
    "review_id": "6907784",
    "movie_id": "40222"
  },
  {
    "review": "새드무비처럼 슬프긴했지만 그 이상이 없다. 그리고 솔찍히 진부하다.",
    "date": "12.11.12",
    "rating": "5",
    "author": "linu****",
    "review_id": "6880745",
    "movie_id": "40222"
  },
  {
    "review": "정말 재밌게 봤는데 평점이 이모양이라서 처음으로 평점주내요정말 재밌는 영화입니다",
    "date": "12.10.27",
    "rating": "10",
    "author": "cogu****",
    "review_id": "6830895",
    "movie_id": "40222"
  },
  {
    "review": "그냥 '괜찮다' 라는 생각이 맴도는 영화이긴한데, 너무 슬프기만 하다고 비방하는 사람들은 그냥 집에가서 애니메이션이나 봐라... 으휴....",
    "date": "12.10.03",
    "rating": "9",
    "author": "poha****",
    "review_id": "6758770",
    "movie_id": "40222"
  },
  {
    "review": "작정하고 슬프게 만들었으나, 생각보다 슬프지 않은 옴니버스 영화.",
    "date": "12.09.27",
    "rating": "6",
    "author": "sise****",
    "review_id": "6736453",
    "movie_id": "40222"
  },
  {
    "review": "그냥 그랬었던 영화",
    "date": "12.09.23",
    "rating": "7",
    "author": "vege****",
    "review_id": "6727650",
    "movie_id": "40222"
  },
  {
    "review": "아기자기하고 슬프고 안타까웠던 영화.. 별점이 너무 낮으니 10점 드림",
    "date": "12.09.23",
    "rating": "10",
    "author": "cin5****",
    "review_id": "6725283",
    "movie_id": "40222"
  },
  {
    "review": "다양한 이야기가 흥미롭게 전개되는군",
    "date": "12.09.19",
    "rating": "7",
    "author": "guev****",
    "review_id": "6713559",
    "movie_id": "40222"
  },
  {
    "review": "괜찮은 영화인듯 ㅋ",
    "date": "12.09.09",
    "rating": "10",
    "author": "dhgu****",
    "review_id": "6683514",
    "movie_id": "40222"
  },
  {
    "review": "네가지 다른 이별을 잘 넣은.. 괜찮은 영화!",
    "date": "12.09.03",
    "rating": "9",
    "author": "hand****",
    "review_id": "6667308",
    "movie_id": "40222"
  },
  {
    "review": "뻔하긴해도어쨋든슬픈건슬픈거지.....!!!!!눈물펑펑ㅠ.ㅜ",
    "date": "12.08.31",
    "rating": "10",
    "author": "tpdu****",
    "review_id": "6657573",
    "movie_id": "40222"
  },
  {
    "review": "이젠 슬슬 지겹다. 이런 류의 영화. 뻔한 전개, 빤한 결말. 하긴 제목부터가 이미 처음이자 마지막이긴 했다.",
    "date": "12.08.19",
    "rating": "5",
    "author": "ha_e****",
    "review_id": "6625013",
    "movie_id": "40222"
  },
  {
    "review": "시바 슬프다",
    "date": "12.07.13",
    "rating": "9",
    "author": "l318****",
    "review_id": "6476220",
    "movie_id": "40222"
  },
  {
    "review": "이 엄청난 캐스팅으로 쥐어짜내기 식 새드를 만들다니",
    "date": "12.07.04",
    "rating": "5",
    "author": "xorw****",
    "review_id": "6444177",
    "movie_id": "40222"
  },
  {
    "review": "좋은영화 넘 괜춘~",
    "date": "12.06.28",
    "rating": "10",
    "author": "eow6****",
    "review_id": "6421893",
    "movie_id": "40222"
  },
  {
    "review": "세번째로 다시 본 건데,잔잔한 슬픔이 있다.다른것보다 엄마와의 헤어짐이 너무 안타까웠다.",
    "date": "12.06.26",
    "rating": "7",
    "author": "gmlw****",
    "review_id": "6417726",
    "movie_id": "40222"
  },
  {
    "review": "ㅜㅜ 슬퍼 새벽에 급울었다...정우성ㅠㅠ염정아ㅠㅠ 여진구불쌍했어ㅠㅠ그리고귀여워",
    "date": "12.06.23",
    "rating": "10",
    "author": "ska3****",
    "review_id": "6409529",
    "movie_id": "40222"
  },
  {
    "review": "땟깔만 쏴할뿐, 내면까지 울림이 없다.",
    "date": "12.06.18",
    "rating": "6",
    "author": "ll3l****",
    "review_id": "6401214",
    "movie_id": "40222"
  },
  {
    "review": "봐도봐도좋은영화",
    "date": "12.06.08",
    "rating": "10",
    "author": "dudw****",
    "review_id": "6375688",
    "movie_id": "40222"
  },
  {
    "review": "멘붕이 온 결말이라서 10점",
    "date": "12.06.03",
    "rating": "10",
    "author": "iiii****",
    "review_id": "6360700",
    "movie_id": "40222"
  },
  {
    "review": "은근 감동적",
    "date": "12.05.28",
    "rating": "10",
    "author": "u623****",
    "review_id": "6341953",
    "movie_id": "40222"
  },
  {
    "review": "평점이 어찌됬든간에 난 감동적이게 봤다",
    "date": "12.05.20",
    "rating": "10",
    "author": "tlgu****",
    "review_id": "6313792",
    "movie_id": "40222"
  },
  {
    "review": "솔직히 소방관 소재로 좋았다 ??맨날 겉멋들린 거만한 경찰 소재 영화만보다 신선한 소재로 좋았음",
    "date": "12.05.16",
    "rating": "8",
    "author": "soto****",
    "review_id": "6303573",
    "movie_id": "40222"
  },
  {
    "review": "몇번을 다시본 영화! 감동적이에요",
    "date": "12.05.10",
    "rating": "10",
    "author": "dnft****",
    "review_id": "6286410",
    "movie_id": "40222"
  },
  {
    "review": "뭐냐..쥰나 슬플줄 알았떠만 찡하지도않네 정우성은 언제 디져버린거야;;",
    "date": "12.04.30",
    "rating": "1",
    "author": "sdy0****",
    "review_id": "6261290",
    "movie_id": "40222"
  },
  {
    "review": "갑작스런 결말 아쉽내",
    "date": "12.03.17",
    "rating": "7",
    "author": "kimj****",
    "review_id": "6149158",
    "movie_id": "40222"
  },
  {
    "review": "약했습니다",
    "date": "12.03.16",
    "rating": "7",
    "author": "dlgo****",
    "review_id": "6147904",
    "movie_id": "40222"
  },
  {
    "review": "우선 배우들이 빵빵함 ㅠㅠ",
    "date": "12.02.19",
    "rating": "7",
    "author": "mcu0****",
    "review_id": "6088225",
    "movie_id": "40222"
  },
  {
    "review": "진부.식상 그자체.. 많이 지루하기까지.",
    "date": "12.02.17",
    "rating": "5",
    "author": "kis5****",
    "review_id": "6080837",
    "movie_id": "40222"
  },
  {
    "review": "정말 펑펑울은 작품 오랜만에 울었네요",
    "date": "12.02.16",
    "rating": "10",
    "author": "dhtp****",
    "review_id": "6080369",
    "movie_id": "40222"
  },
  {
    "review": "진짜 감동적으로 울면서 봤어요 ㅜ",
    "date": "12.02.16",
    "rating": "10",
    "author": "qwer****",
    "review_id": "6078689",
    "movie_id": "40222"
  },
  {
    "review": "지금껏 봐왔던 새드무비보다 더 슬프고 감동적입니다.",
    "date": "12.02.16",
    "rating": "10",
    "author": "ena1****",
    "review_id": "6078550",
    "movie_id": "40222"
  },
  {
    "review": "정말 슬픈영화!!! 평점이 왜 이렇게!  낮아 ㅜㅜㅜ",
    "date": "12.02.15",
    "rating": "10",
    "author": "anse****",
    "review_id": "6075877",
    "movie_id": "40222"
  },
  {
    "review": "다시봐도 슬픈영화입니다",
    "date": "12.02.14",
    "rating": "9",
    "author": "ejr1****",
    "review_id": "6074587",
    "movie_id": "40222"
  },
  {
    "review": "진짜 슬픕니다....ㅠㅠㅠ",
    "date": "12.02.12",
    "rating": "10",
    "author": "alwk****",
    "review_id": "6070139",
    "movie_id": "40222"
  },
  {
    "review": "해피이길 바라며 본 영화. 슬프다.",
    "date": "12.02.11",
    "rating": "10",
    "author": "joh1****",
    "review_id": "6067758",
    "movie_id": "40222"
  },
  {
    "review": "정말슬픕니다. 특히 맨마지막 정우성 죽을때 찍힌 cctv 장면 ..남자라 눈물참으며..",
    "date": "12.02.03",
    "rating": "10",
    "author": "qntj****",
    "review_id": "6047010",
    "movie_id": "40222"
  },
  {
    "review": "그야말로 sad movie.",
    "date": "12.01.30",
    "rating": "9",
    "author": "aziz****",
    "review_id": "6036250",
    "movie_id": "40222"
  },
  {
    "review": "진짜 슬퍼욤",
    "date": "12.01.21",
    "rating": "10",
    "author": "ting****",
    "review_id": "6007102",
    "movie_id": "40222"
  },
  {
    "review": "진부그자체",
    "date": "12.01.18",
    "rating": "1",
    "author": "un_l****",
    "review_id": "5997131",
    "movie_id": "40222"
  },
  {
    "review": "보다보면 폭풍눈물흘린순간이와요",
    "date": "12.01.12",
    "rating": "10",
    "author": "ttr1****",
    "review_id": "5980745",
    "movie_id": "40222"
  },
  {
    "review": "여운이 남는 여",
    "date": "12.01.05",
    "rating": "10",
    "author": "gkwl****",
    "review_id": "5962526",
    "movie_id": "40222"
  },
  {
    "review": "슬픈영화 거의처음봐서 그런지 ... 정말슬프다.. 새벽 5시 50분 이시간에 울었다...",
    "date": "11.12.14",
    "rating": "10",
    "author": "mbxd****",
    "review_id": "5904747",
    "movie_id": "40222"
  },
  {
    "review": "슬프고아름답다",
    "date": "11.12.10",
    "rating": "10",
    "author": "dnf7****",
    "review_id": "5897931",
    "movie_id": "40222"
  },
  {
    "review": "볼때마다 울게되는 영화 .. 이야기가 예쁘다",
    "date": "11.12.01",
    "rating": "10",
    "author": "skyb****",
    "review_id": "5880284",
    "movie_id": "40222"
  },
  {
    "review": "결말이뻔하다ㅅㅂ",
    "date": "11.11.05",
    "rating": "10",
    "author": "ghl2****",
    "review_id": "5830246",
    "movie_id": "40222"
  },
  {
    "review": "좋다.",
    "date": "11.10.31",
    "rating": "10",
    "author": "jsj0****",
    "review_id": "5821953",
    "movie_id": "40222"
  },
  {
    "review": "OST로 1점 추가 획득",
    "date": "11.10.29",
    "rating": "6",
    "author": "lead****",
    "review_id": "5817429",
    "movie_id": "40222"
  },
  {
    "review": "뭐 줄거리는 걍 평이하나, 영상과 음악은 제법 좋다,",
    "date": "11.10.29",
    "rating": "7",
    "author": "thsr****",
    "review_id": "5815501",
    "movie_id": "40222"
  }
]