[
  {
    "review": "무난한 연출, 무난한 스토리, 그러나 곽부성 - 오언조 - 정이건 조합의 시너지가 결과적으로 괜찮은 느와르 영화를 만들어냈다.",
    "date": "12.10.13",
    "rating": "8",
    "author": "pray****",
    "review_id": "6796885",
    "movie_id": "40234"
  },
  {
    "review": "와 오랜만에 시간낭비했네..배경음악이 특히 후졌다",
    "date": "10.12.29",
    "rating": "4",
    "author": "hny1****",
    "review_id": "5098552",
    "movie_id": "40234"
  },
  {
    "review": "재밋는데요!~` 오언조 넘 멋지네요~",
    "date": "10.02.23",
    "rating": "10",
    "author": "zmfp****",
    "review_id": "4311715",
    "movie_id": "40234"
  },
  {
    "review": "마지막에 퍼즐을 너무 급하게 맞추었어..짜집기가 어설프고 어색해 T.T",
    "date": "09.02.25",
    "rating": "6",
    "author": "bboj****",
    "review_id": "3331191",
    "movie_id": "40234"
  },
  {
    "review": "나도 이 영화 최고~ 역시 곽부성. 차에서 울 때가 명장면...또 생각나~연기맞어???",
    "date": "08.12.23",
    "rating": "10",
    "author": "bumi****",
    "review_id": "3142903",
    "movie_id": "40234"
  },
  {
    "review": "곽부성만멋있는영화~",
    "date": "08.02.18",
    "rating": "6",
    "author": "dsh7****",
    "review_id": "2458904",
    "movie_id": "40234"
  },
  {
    "review": "여러곳 건드리지 말고 한곳에라도 똑바로 집중하지",
    "date": "08.02.02",
    "rating": "4",
    "author": "okjo****",
    "review_id": "2398481",
    "movie_id": "40234"
  },
  {
    "review": "별로 기억에 안남는 영화",
    "date": "07.10.01",
    "rating": "7",
    "author": "lyt5****",
    "review_id": "2063739",
    "movie_id": "40234"
  },
  {
    "review": "각기 다른  세남자의 세가지 사연이 한데 어우러진다.. 난 이해다했음//",
    "date": "07.08.01",
    "rating": "10",
    "author": "resp****",
    "review_id": "1842998",
    "movie_id": "40234"
  },
  {
    "review": "내용이 이해가 않되네",
    "date": "07.05.15",
    "rating": "6",
    "author": "yoon****",
    "review_id": "1640673",
    "movie_id": "40234"
  },
  {
    "review": "다~ 좋은데 감독의 능력부족으로 약간의 실망.",
    "date": "06.11.15",
    "rating": "9",
    "author": "defc****",
    "review_id": "1233525",
    "movie_id": "40234"
  },
  {
    "review": "심리영화 머리가 아픔! 죄없는 이심결 왜죽여  오언조!",
    "date": "06.11.10",
    "rating": "10",
    "author": "char****",
    "review_id": "1225911",
    "movie_id": "40234"
  },
  {
    "review": "이해가 쉬운 영화는 아니였지만 몇번 볼만큼 괜찮은 영화였다.",
    "date": "06.07.21",
    "rating": "10",
    "author": "xiao****",
    "review_id": "911137",
    "movie_id": "40234"
  },
  {
    "review": "곽부성 역시 죽지 않았다 하지만 내용이...",
    "date": "06.06.30",
    "rating": "5",
    "author": "gata****",
    "review_id": "864480",
    "movie_id": "40234"
  },
  {
    "review": "곽부성은 아직도 멋있다..그런데 왜리리 산만하냐...",
    "date": "06.05.18",
    "rating": "7",
    "author": "thaz****",
    "review_id": "804846",
    "movie_id": "40234"
  },
  {
    "review": "완벽에 가까운 곽부성의 연기 !! 꼭 보세요~ ^^",
    "date": "06.01.12",
    "rating": "9",
    "author": "dewy****",
    "review_id": "581030",
    "movie_id": "40234"
  },
  {
    "review": "기대보다 별로",
    "date": "05.12.16",
    "rating": "7",
    "author": "miin****",
    "review_id": "507496",
    "movie_id": "40234"
  },
  {
    "review": "산만한 스토리 전개가 지루함을 유발한다.",
    "date": "05.12.11",
    "rating": "4",
    "author": "anyo****",
    "review_id": "501006",
    "movie_id": "40234"
  },
  {
    "review": "오랜만에 홍콩액션을 봐도 달라진게 없네..",
    "date": "05.11.24",
    "rating": "6",
    "author": "blue****",
    "review_id": "483314",
    "movie_id": "40234"
  },
  {
    "review": "세가지갈림길,,,좋았지만...살짝아쉬움",
    "date": "05.11.01",
    "rating": "9",
    "author": "reve****",
    "review_id": "461051",
    "movie_id": "40234"
  },
  {
    "review": "곽부성의 눈빛에 빠져드는것만으로충분하다",
    "date": "05.10.10",
    "rating": "8",
    "author": "drea****",
    "review_id": "439549",
    "movie_id": "40234"
  },
  {
    "review": "끝까지 봐야..여운이 남습니다.. 생각의 정리가 필요",
    "date": "05.09.23",
    "rating": "9",
    "author": "bbuc****",
    "review_id": "419216",
    "movie_id": "40234"
  },
  {
    "review": "조금 더 매끈하고 연결성있게 다듬었다면하는 아쉬움이 남음",
    "date": "05.09.11",
    "rating": "6",
    "author": "siro****",
    "review_id": "400191",
    "movie_id": "40234"
  },
  {
    "review": "무간도의 반짝히트 이후 더욱 퇴화하고 있는 홍콩영화들...",
    "date": "05.08.01",
    "rating": "3",
    "author": "jsns****",
    "review_id": "345490",
    "movie_id": "40234"
  },
  {
    "review": "여운이남지않나요?",
    "date": "05.07.11",
    "rating": "10",
    "author": "kiss****",
    "review_id": "319116",
    "movie_id": "40234"
  },
  {
    "review": "곽부성만 빛난다....",
    "date": "05.07.07",
    "rating": "7",
    "author": "hunc****",
    "review_id": "314929",
    "movie_id": "40234"
  },
  {
    "review": "옛 여친을 잊지못하고 방황하는 곽부성...영화 역시...",
    "date": "05.07.04",
    "rating": "5",
    "author": "gall****",
    "review_id": "312872",
    "movie_id": "40234"
  },
  {
    "review": "곽부성의 브레이크 놓고 뒤로가는 장면..잊을수가 없다....",
    "date": "05.07.02",
    "rating": "8",
    "author": "sisi****",
    "review_id": "311231",
    "movie_id": "40234"
  },
  {
    "review": "느와르 장르인줄알고 봤는데..영 아니더군요..-_;;;",
    "date": "05.06.06",
    "rating": "5",
    "author": "cree****",
    "review_id": "294943",
    "movie_id": "40234"
  },
  {
    "review": "의외로 잘봤다.... 네이버 평다윈 믿지 않는다...ㅋ",
    "date": "05.05.25",
    "rating": "10",
    "author": "boom****",
    "review_id": "286136",
    "movie_id": "40234"
  },
  {
    "review": "이게 영화냐? 진목승에게 실망했다. 절대 추천할수 영화.",
    "date": "05.05.17",
    "rating": "1",
    "author": "blut****",
    "review_id": "279867",
    "movie_id": "40234"
  },
  {
    "review": "^^",
    "date": "05.05.16",
    "rating": "8",
    "author": "grea****",
    "review_id": "279235",
    "movie_id": "40234"
  },
  {
    "review": "캐스팅만 화려..",
    "date": "05.05.14",
    "rating": "5",
    "author": "shoo****",
    "review_id": "277367",
    "movie_id": "40234"
  },
  {
    "review": "약간의 여운이 남는 영화..그러나 실종된 재미..",
    "date": "05.05.13",
    "rating": "6",
    "author": "kayp****",
    "review_id": "277176",
    "movie_id": "40234"
  }
]