[
  {
    "review": "티비 더빙으로봤는데도 지루하다.제정신인 사람은 전혀 이해나 공감이안간다.",
    "date": "13.01.16",
    "rating": "5",
    "author": "a109****",
    "review_id": "7120234",
    "movie_id": "40365"
  },
  {
    "review": "제대로 사랑 받은 적 없는 여자. 그 여자가 낯선 남자와 섬에 갖힌다면? 공포영화같은 설정이지만 영화는 또 한번 꼬여버린다. 피해자가 가해자가 되어버리는 반전.. 매우 스잔한 영화였다.",
    "date": "12.11.30",
    "rating": "8",
    "author": "bon2****",
    "review_id": "6944096",
    "movie_id": "40365"
  },
  {
    "review": "일관성을 가지고 결말에 도달한 게 아니라 되는대로 된 느낌.",
    "date": "10.12.05",
    "rating": "5",
    "author": "hadl****",
    "review_id": "5024082",
    "movie_id": "40365"
  },
  {
    "review": "여자의 마음을 알다가도 모르겠다. 혼란스럽군.",
    "date": "10.10.12",
    "rating": "9",
    "author": "wlwp****",
    "review_id": "4898443",
    "movie_id": "40365"
  },
  {
    "review": "저도어쩌다본영화였는데뭔가너무슬펏음ㅠㅜㅠㅜㅠ재밋게봣숨돠",
    "date": "10.09.05",
    "rating": "10",
    "author": "rlat****",
    "review_id": "4818211",
    "movie_id": "40365"
  },
  {
    "review": "기대안하고봤는데잘봤어요여태껏티비로본영화중정말재밌게본영화샘닐멋있어요",
    "date": "10.09.01",
    "rating": "10",
    "author": "ducc****",
    "review_id": "4810231",
    "movie_id": "40365"
  },
  {
    "review": "재밌게봤어요~",
    "date": "10.08.29",
    "rating": "10",
    "author": "myeg****",
    "review_id": "4803865",
    "movie_id": "40365"
  },
  {
    "review": "내 시간 돌려내...",
    "date": "10.08.29",
    "rating": "1",
    "author": "mjsk****",
    "review_id": "4802258",
    "movie_id": "40365"
  },
  {
    "review": "묘한 영화네^^;확실히 이게 뭐지라는 느낌. 신기해서 재미있음",
    "date": "09.09.03",
    "rating": "7",
    "author": "sbj1****",
    "review_id": "3809617",
    "movie_id": "40365"
  },
  {
    "review": "Perfect strange movie",
    "date": "09.06.17",
    "rating": "6",
    "author": "bbq2****",
    "review_id": "3571524",
    "movie_id": "40365"
  },
  {
    "review": "아...뭥미 소리남",
    "date": "09.03.24",
    "rating": "2",
    "author": "sptl****",
    "review_id": "3384512",
    "movie_id": "40365"
  },
  {
    "review": "다소 특이한... 뉴질랜드 영화...",
    "date": "07.05.28",
    "rating": "6",
    "author": "caca****",
    "review_id": "1669658",
    "movie_id": "40365"
  },
  {
    "review": "장르 결정이 안되는... 결국은 싸이코의 이야기?",
    "date": "07.05.28",
    "rating": "7",
    "author": "sepe****",
    "review_id": "1668180",
    "movie_id": "40365"
  },
  {
    "review": "의미는 있었지만 너무도 지루했다",
    "date": "07.02.06",
    "rating": "5",
    "author": "elle****",
    "review_id": "1449081",
    "movie_id": "40365"
  },
  {
    "review": "심리 스릴러라는 점만 유념했다면, 괜찮은 영화..",
    "date": "06.08.10",
    "rating": "6",
    "author": "iz19****",
    "review_id": "989865",
    "movie_id": "40365"
  },
  {
    "review": "특별한 영화한편...낯선 사람과 환상적인 데이트",
    "date": "06.06.18",
    "rating": "10",
    "author": "moon****",
    "review_id": "848712",
    "movie_id": "40365"
  },
  {
    "review": "ㅡ,.ㅡ;; 이해못해 이해못해...",
    "date": "06.05.13",
    "rating": "1",
    "author": "ente****",
    "review_id": "797496",
    "movie_id": "40365"
  },
  {
    "review": "약간 이상한 영화 ...황당하기 그지 없다",
    "date": "06.05.09",
    "rating": "1",
    "author": "hhyo****",
    "review_id": "793288",
    "movie_id": "40365"
  },
  {
    "review": "어처구니가 없는 영화다... 재미없다",
    "date": "06.05.07",
    "rating": "1",
    "author": "thtm****",
    "review_id": "790923",
    "movie_id": "40365"
  },
  {
    "review": "사랑이야기지만, 여주인공의독특한성격이 눈쌀을...",
    "date": "06.05.03",
    "rating": "5",
    "author": "yang****",
    "review_id": "784366",
    "movie_id": "40365"
  },
  {
    "review": "정말 비디오용 영화가 따로 없다;; 왜 봤지!?",
    "date": "06.04.30",
    "rating": "1",
    "author": "leeh****",
    "review_id": "781578",
    "movie_id": "40365"
  },
  {
    "review": "뭐 이런 황당한 영화가 다 있을까 휴~~",
    "date": "06.04.30",
    "rating": "1",
    "author": "yoon****",
    "review_id": "780322",
    "movie_id": "40365"
  },
  {
    "review": "주제에 비해 이야기를 끌어가는 힘이 많이 처지네요!!",
    "date": "06.04.27",
    "rating": "4",
    "author": "lshp****",
    "review_id": "777559",
    "movie_id": "40365"
  },
  {
    "review": "내가 여주인공의 입장이 되서 보니 꽤나 괜찮은 영화였다.",
    "date": "06.04.27",
    "rating": "7",
    "author": "sara****",
    "review_id": "777278",
    "movie_id": "40365"
  },
  {
    "review": "스릴러를 기대하고 봤건만 코메디도 로맨스도 아닌...",
    "date": "06.04.27",
    "rating": "3",
    "author": "girl****",
    "review_id": "777153",
    "movie_id": "40365"
  },
  {
    "review": "불완전한 나를 채워주는 완전한 타인에 대한 관찰...",
    "date": "06.04.27",
    "rating": "8",
    "author": "yuka****",
    "review_id": "777147",
    "movie_id": "40365"
  },
  {
    "review": "정말 기대없이 봐서 그런지...나름...^^ 허나 딱 시사회 감",
    "date": "06.04.27",
    "rating": "5",
    "author": "kuka****",
    "review_id": "777131",
    "movie_id": "40365"
  },
  {
    "review": "기대했지만 ㅜㅠ  이해하기 어렵다ㅡㅡ^",
    "date": "06.04.27",
    "rating": "3",
    "author": "sams****",
    "review_id": "776998",
    "movie_id": "40365"
  },
  {
    "review": "스릴러인지 코미디인지 이해가 가지 않는 영화",
    "date": "06.04.27",
    "rating": "1",
    "author": "ky21****",
    "review_id": "776868",
    "movie_id": "40365"
  },
  {
    "review": "무슨내용인지 이해가 안가는영화...스릴러도 아니고..ㅋ",
    "date": "06.04.27",
    "rating": "5",
    "author": "hoso****",
    "review_id": "776806",
    "movie_id": "40365"
  },
  {
    "review": "정신이 맑을때 보세요..안그럼 졸지도...",
    "date": "06.04.23",
    "rating": "6",
    "author": "cyco****",
    "review_id": "772037",
    "movie_id": "40365"
  },
  {
    "review": "색다른 사랑, 악몽이 아니라 사랑이였다.",
    "date": "06.04.21",
    "rating": "9",
    "author": "yunj****",
    "review_id": "769720",
    "movie_id": "40365"
  },
  {
    "review": "뭔가 깊은뜻이 있듯하다...하지만 재미는없다",
    "date": "06.04.18",
    "rating": "3",
    "author": "hiso****",
    "review_id": "766804",
    "movie_id": "40365"
  },
  {
    "review": "낯선 섬, 낯선 타인이 완전한 사랑이 되기까지의 독특한 전이",
    "date": "05.10.16",
    "rating": "10",
    "author": "yun1****",
    "review_id": "445054",
    "movie_id": "40365"
  }
]