[
  {
    "review": "스토리가 마음에 들지 않았지만.. 배우들 멋진 연기><",
    "date": "15.08.26",
    "rating": "7",
    "author": "jiha****",
    "review_id": "10276644",
    "movie_id": "40516"
  },
  {
    "review": "하배우 정말 멋지고, 내용도 탁월해요.",
    "date": "15.08.25",
    "rating": "10",
    "author": "s020****",
    "review_id": "10274084",
    "movie_id": "40516"
  },
  {
    "review": "뻔한 스토리 예상가능한 전개 두배우 정사씬은 애틋했다",
    "date": "15.08.19",
    "rating": "6",
    "author": "catt****",
    "review_id": "10250239",
    "movie_id": "40516"
  },
  {
    "review": "감정선을 좀더 디테일하게 표현했었으면 하는 아쉬움. 각 시퀀스마다 감정변화가 너무 갑작스러움. 영화 자체는 좋았다. 다만 결말의 완성도는 조금 떨어지는것도 아쉬움.",
    "date": "15.08.02",
    "rating": "7",
    "author": "sohe****",
    "review_id": "10174172",
    "movie_id": "40516"
  },
  {
    "review": "충격적인 소재를 잘 다듬어낸것같다.묵직한분위기를 잘 그려낸 배우들의 연기력 또한 일품이였고 지루하지않았다 단 소재가 너무 강했다.",
    "date": "15.07.09",
    "rating": "6",
    "author": "ggw9****",
    "review_id": "10083104",
    "movie_id": "40516"
  },
  {
    "review": "감정의 당위성은 부족했지만.",
    "date": "15.05.04",
    "rating": "9",
    "author": "sksd****",
    "review_id": "9893438",
    "movie_id": "40516"
  },
  {
    "review": "남자와 별개로... 여자로서의 나는 내 행복을 선택할 수 있다는 아줌마들의 철학적 로망...",
    "date": "15.05.04",
    "rating": "5",
    "author": "true****",
    "review_id": "9892080",
    "movie_id": "40516"
  },
  {
    "review": "감정도 뭣도 없는 성관계 장면이 기억에 남는다. 성관계 장면이 그렇게 불편하고 갑갑하게 느껴 질 수도 있는 듯.",
    "date": "15.03.11",
    "rating": "8",
    "author": "erwi****",
    "review_id": "9771813",
    "movie_id": "40516"
  },
  {
    "review": "왠진 모르겠는데 몰입해서 봄",
    "date": "15.01.27",
    "rating": "7",
    "author": "taeh****",
    "review_id": "9641560",
    "movie_id": "40516"
  },
  {
    "review": "베라파미가 때문에 후하게 준다.. 몸이 가면 마음이 가고.. 몸이 멀어지면 마음도 멀어진다는것을 잘 보여준다..",
    "date": "15.01.25",
    "rating": "7",
    "author": "yshl****",
    "review_id": "9634021",
    "movie_id": "40516"
  },
  {
    "review": "엔딩이 마음에 들어요 한편으로는 마음에 걸리네요 완전한 해피엔딩은 아닌거같은느낌",
    "date": "15.01.15",
    "rating": "10",
    "author": "reos****",
    "review_id": "9598600",
    "movie_id": "40516"
  },
  {
    "review": "OST 좋은 사랑과 전쟁 극장판",
    "date": "15.01.04",
    "rating": "5",
    "author": "danc****",
    "review_id": "9559477",
    "movie_id": "40516"
  },
  {
    "review": "제목과 본능에 매우 충실했던 영화같다.",
    "date": "14.12.13",
    "rating": "7",
    "author": "jjda****",
    "review_id": "9469297",
    "movie_id": "40516"
  },
  {
    "review": "연기력이 거의 비슷해 패턴좀 바꿔라",
    "date": "14.10.17",
    "rating": "5",
    "author": "heav****",
    "review_id": "9297210",
    "movie_id": "40516"
  },
  {
    "review": "미국이라는 이국적인 땅에서 섬세하게 표현된 사물과 배경이 사람과 사랑에 더욱 집중할수 있도록한다. 남자의 입장에서 하정우의 머리속에 들어갔다 나온느낌.",
    "date": "14.09.04",
    "rating": "7",
    "author": "qkdr****",
    "review_id": "9164780",
    "movie_id": "40516"
  },
  {
    "review": "최악의 쓰레기 영화.  여자가 낯선 남자와 섹정들은덜 사랑이라 하네 ㅋㅋㅋ 여자들 섹에 한번 미치면 빠져나오질 못하는덴 이유가 있는듯.  기도하다가도 섹 생각하네.",
    "date": "14.08.11",
    "rating": "1",
    "author": "hsis****",
    "review_id": "9066587",
    "movie_id": "40516"
  },
  {
    "review": "현실적인 고달픔에서 공감을 느끼게 만드는 좋은 배우들의 힘.",
    "date": "14.08.03",
    "rating": "10",
    "author": "indi****",
    "review_id": "9014376",
    "movie_id": "40516"
  },
  {
    "review": "남이 하면 불륜, 내가 하면 로맨스라고. 막장 치정극 냄새가 나긴 했지만 두 배우의 케미가 좋아서 볼 만했다.",
    "date": "14.07.27",
    "rating": "8",
    "author": "floo****",
    "review_id": "8971069",
    "movie_id": "40516"
  },
  {
    "review": "이거 구매하게 올려주세요.",
    "date": "14.07.18",
    "rating": "8",
    "author": "mio9****",
    "review_id": "8927327",
    "movie_id": "40516"
  },
  {
    "review": "공감이 어렵다. 왜 사랑에 빠지는지..  그냥 여주가 이기적",
    "date": "14.05.28",
    "rating": "2",
    "author": "bara****",
    "review_id": "8771154",
    "movie_id": "40516"
  },
  {
    "review": "베라 파미가 참 예쁘더라 눈동자가",
    "date": "14.03.27",
    "rating": "8",
    "author": "hui9****",
    "review_id": "8609998",
    "movie_id": "40516"
  },
  {
    "review": "영상미와 연출면에서 약간의 어설프거나 촌스러운 장면들이 없지않아 있지만 전체적으로 괜찮았습니다. 굿. 특히 마지막 베라의 카메라 응시 장면과 디테일한 사파이어 반지컷 ㅎㅎ. 참고로 개인적으로 중간중간 아비정전의 냄새를 어설프게 맡음.차이나타운이어서?ㅋ",
    "date": "14.03.26",
    "rating": "7",
    "author": "k248****",
    "review_id": "8607340",
    "movie_id": "40516"
  },
  {
    "review": "생각하고 곱씹을수록 깊어지는 이야기...",
    "date": "14.03.20",
    "rating": "9",
    "author": "kann****",
    "review_id": "8590625",
    "movie_id": "40516"
  },
  {
    "review": "베라 파미가의 눈빛이 넘 좋다.",
    "date": "14.03.11",
    "rating": "8",
    "author": "pora****",
    "review_id": "8568891",
    "movie_id": "40516"
  },
  {
    "review": "하정우와 베라파미가의 섬세한 내면연기를 볼 수 있는 해외판 사랑과 전쟁",
    "date": "14.03.05",
    "rating": "8",
    "author": "sipj****",
    "review_id": "8557536",
    "movie_id": "40516"
  },
  {
    "review": "배우들 연기는 좋았는데 나만 그런가 스토리전개가 매끄럽지 못한 느낌때문에 공감이 별루 안간다.",
    "date": "14.02.17",
    "rating": "7",
    "author": "a109****",
    "review_id": "8516529",
    "movie_id": "40516"
  },
  {
    "review": "아름답다.남자도 여자도,  인간이라면 누구라도소통이 있어야 뜨거워지는 것이다.사랑다운 사랑, 여운이 길다.",
    "date": "14.02.12",
    "rating": "9",
    "author": "drin****",
    "review_id": "8500174",
    "movie_id": "40516"
  },
  {
    "review": "다 좋은데 한번 싸우고 울고 껴안더니 급 러브모드..이건 좀~",
    "date": "13.12.20",
    "rating": "7",
    "author": "punx****",
    "review_id": "8249780",
    "movie_id": "40516"
  },
  {
    "review": "bittersweet",
    "date": "13.11.23",
    "rating": "9",
    "author": "love****",
    "review_id": "8161648",
    "movie_id": "40516"
  },
  {
    "review": "진짜 단 한순간도 눈을 땔 수가 없었다. 배우들의 연기도 돋보였다.",
    "date": "13.11.05",
    "rating": "10",
    "author": "kimy****",
    "review_id": "8116485",
    "movie_id": "40516"
  },
  {
    "review": "믿고 보는 배우 하정우...",
    "date": "13.10.20",
    "rating": "10",
    "author": "silb****",
    "review_id": "8073628",
    "movie_id": "40516"
  },
  {
    "review": "리슨투미.. 이 아이는 내 아이에요.. 그러니까 지울수 없어요..해변가에서 아들 놀다 손뜨개질을 하며 행복한 표정을 짖는  베라파미가의 표정이 인상적.. 베이츠모텔도 잘봤음",
    "date": "13.10.19",
    "rating": "8",
    "author": "danz****",
    "review_id": "8070862",
    "movie_id": "40516"
  },
  {
    "review": "이로부터 하정우에게반한영화음... 영화가 섬세하다 좋다 여운이 많이남는다",
    "date": "13.10.19",
    "rating": "10",
    "author": "tjsg****",
    "review_id": "8070026",
    "movie_id": "40516"
  },
  {
    "review": "tv 전기세가 아깝다!",
    "date": "13.10.15",
    "rating": "1",
    "author": "ske4****",
    "review_id": "8061406",
    "movie_id": "40516"
  },
  {
    "review": "그리 유익한 소재가 아님에도 불구하고 저는 너무 인상깊게 잘 봤습니다. 하정우와 베라파미가의 감정연기가 몰입을 극대화시켰고 영화가 끝난 뒤에도 계속 여운이 남네요.",
    "date": "13.09.09",
    "rating": "10",
    "author": "fore****",
    "review_id": "7961626",
    "movie_id": "40516"
  },
  {
    "review": "난 이 영화에서 지하가 소피에게 다가가는 과정과 소피의 감정선 변화, 결말 모두 만족스럽다. 내가 생각하는 성공한 사랑을 보여주고 있기 때문이다.",
    "date": "13.08.31",
    "rating": "8",
    "author": "skha****",
    "review_id": "7938856",
    "movie_id": "40516"
  },
  {
    "review": "극장에선 못봤지만 다섯번 이상 봤네요. 참 좋은 영화입니다. 하정우 팬이라서 하는 소리가 아니라,..^^",
    "date": "13.08.27",
    "rating": "9",
    "author": "ej80****",
    "review_id": "7926575",
    "movie_id": "40516"
  },
  {
    "review": "리뷰를 읽어도 그닥 여운이 남지 않는... 연기가 좋았던 것만 기억에 남을뿐. 좀더 다듬어졌으면 괜찮았겠다 싶은 영화! 19금이지만 저속하지 않게 만들어서 이 점은 좋았음",
    "date": "13.08.21",
    "rating": "7",
    "author": "till****",
    "review_id": "7908105",
    "movie_id": "40516"
  },
  {
    "review": "서로에게 점점 관심을 갖기 시작하면서 바뀌는 그들의 행동을 바라보는 것이 소소한 흥미로움을 가져다줬다. 하정우의 눈빛연기가 돋보였던 영화.",
    "date": "13.07.20",
    "rating": "9",
    "author": "paus****",
    "review_id": "7768029",
    "movie_id": "40516"
  },
  {
    "review": "하정우 나와서 봤을뿐이고!",
    "date": "13.07.10",
    "rating": "6",
    "author": "ujin****",
    "review_id": "7722900",
    "movie_id": "40516"
  },
  {
    "review": "좆 지 루",
    "date": "13.06.28",
    "rating": "5",
    "author": "dlck****",
    "review_id": "7685371",
    "movie_id": "40516"
  },
  {
    "review": "금으로 만든 포장지속에 유익한 선물은 없었다.",
    "date": "13.06.25",
    "rating": "5",
    "author": "leti****",
    "review_id": "7678206",
    "movie_id": "40516"
  },
  {
    "review": "하....하정우",
    "date": "13.06.02",
    "rating": "10",
    "author": "hlop****",
    "review_id": "7571577",
    "movie_id": "40516"
  },
  {
    "review": "개인적으로 하정우연기는 뛰어나지만, 그뭐랄까,,, 아진짜, 로멘스는, 아닌가?^^;; 아정말, 진짜, 설명못할오그람이 생겼었음",
    "date": "13.05.27",
    "rating": "6",
    "author": "tjdt****",
    "review_id": "7557847",
    "movie_id": "40516"
  },
  {
    "review": "너무 좋다..2번이나 연속으로 봤다블루레이로도 나오면 좋겠습니다",
    "date": "13.05.22",
    "rating": "10",
    "author": "sgts****",
    "review_id": "7546840",
    "movie_id": "40516"
  },
  {
    "review": "뛰어난 내면연기 그러나 유익하지 못한 스토리",
    "date": "13.05.20",
    "rating": "5",
    "author": "no13****",
    "review_id": "7544411",
    "movie_id": "40516"
  },
  {
    "review": "이제서야 이영화를 알게되다니.. 아니 이제라도 봐서 다행^^ 연기력에 폭 빠졌어요~~",
    "date": "13.05.06",
    "rating": "8",
    "author": "sy48****",
    "review_id": "7511340",
    "movie_id": "40516"
  },
  {
    "review": "이런잔잔한거좋더라",
    "date": "13.03.08",
    "rating": "10",
    "author": "iseh****",
    "review_id": "7331328",
    "movie_id": "40516"
  },
  {
    "review": "하대세보려고 본 영환데 하정우가 약간 베라 파미가에게 묻히는 느낌이 들 정도로 베라파미가가 연기가 참 좋았다. 아무것도 하지않아도 느낌있는 배우! 베라파미가 팬이 되게해준 영화",
    "date": "13.02.22",
    "rating": "10",
    "author": "7942****",
    "review_id": "7291555",
    "movie_id": "40516"
  },
  {
    "review": "두 배우의 감정선이 너무 좋았다.",
    "date": "13.02.21",
    "rating": "9",
    "author": "nono****",
    "review_id": "7287437",
    "movie_id": "40516"
  },
  {
    "review": "하정우짱!",
    "date": "13.02.20",
    "rating": "8",
    "author": "ptlf****",
    "review_id": "7283265",
    "movie_id": "40516"
  },
  {
    "review": "결말이 좋다",
    "date": "13.02.18",
    "rating": "8",
    "author": "iove****",
    "review_id": "7278637",
    "movie_id": "40516"
  },
  {
    "review": "참으로 어색한 베드신이 이어진다. 그나마 인종차별, 빈부격차, 색다른 결론 등의 단순소재가 들어있는, 불륜소재 영화만은 아니라고 한다.",
    "date": "13.02.09",
    "rating": "5",
    "author": "kos4****",
    "review_id": "7242405",
    "movie_id": "40516"
  },
  {
    "review": "콩그레츄레이숀",
    "date": "13.01.23",
    "rating": "10",
    "author": "lili****",
    "review_id": "7156339",
    "movie_id": "40516"
  },
  {
    "review": "섬세한 여자내면의연기가 인상적이었다.하정우는 참다양한 캐릭터에 도전을두려워하지않는 멋진사람이다.",
    "date": "13.01.13",
    "rating": "8",
    "author": "hotz****",
    "review_id": "7111348",
    "movie_id": "40516"
  },
  {
    "review": "배우만 있고 영화는 없다",
    "date": "13.01.08",
    "rating": "4",
    "author": "expr****",
    "review_id": "7093129",
    "movie_id": "40516"
  },
  {
    "review": "빈약한 불륜 스토리.영화 언페이스풀과 묘하게 오버랩되고 남편의 이야기가 너무약함..왜우울해하는지? 전부 불임탓으로?우연의 남발도 과함.교도소에서 전화를걸었는데 그걸소피가 받는다?그냥 사랑과전쟁 국제판이었음.",
    "date": "12.12.26",
    "rating": "1",
    "author": "smar****",
    "review_id": "7047902",
    "movie_id": "40516"
  },
  {
    "review": "먼가 구성이 아이러니 한 정도로 이상한 기분의영화다 너무 쉽게 사랑에 빠져버린 게 아닌가?? 공감은 안가는,",
    "date": "12.12.10",
    "rating": "7",
    "author": "dlgo****",
    "review_id": "6992041",
    "movie_id": "40516"
  },
  {
    "review": "신기하다 그냥 처음 영화 볼때는 뭐 이런 재미없는 영화가 있냐 싶었는데 보다보니까 계속보게됬네",
    "date": "12.11.15",
    "rating": "9",
    "author": "juha****",
    "review_id": "6888980",
    "movie_id": "40516"
  },
  {
    "review": "두배우의 섬세한 연기가 마치 하나같았다엔딩이 잔잔한 여운을 남긴다",
    "date": "12.11.08",
    "rating": "10",
    "author": "rlad****",
    "review_id": "6865969",
    "movie_id": "40516"
  },
  {
    "review": "그녀는 합리화의 달인, 고집쟁이, 배려는 보편적 습관일뿐 , 본성을 찾고 제3, 4.....를 통해 3, 4.....번째 사랑을 낳는다.",
    "date": "12.11.03",
    "rating": "8",
    "author": "nice****",
    "review_id": "6849726",
    "movie_id": "40516"
  },
  {
    "review": "영화본지 꽤 되었는데 하정우 하면 이영화가 생각날만큼 여운이 많이 남네요",
    "date": "12.11.02",
    "rating": "9",
    "author": "anny****",
    "review_id": "6846338",
    "movie_id": "40516"
  },
  {
    "review": "사실 이런 영화에 헤피엔딩이 없어야 여운이 남는다, 그래서 연출된 엔딩은 인상 깊었다.",
    "date": "12.10.09",
    "rating": "8",
    "author": "dddo****",
    "review_id": "6775525",
    "movie_id": "40516"
  },
  {
    "review": "동서의 통속적인 사랑",
    "date": "12.10.01",
    "rating": "5",
    "author": "rd72****",
    "review_id": "6749419",
    "movie_id": "40516"
  },
  {
    "review": "최고",
    "date": "12.09.04",
    "rating": "10",
    "author": "cong****",
    "review_id": "6668733",
    "movie_id": "40516"
  },
  {
    "review": "Never forget!!",
    "date": "12.08.28",
    "rating": "10",
    "author": "yeor****",
    "review_id": "6651145",
    "movie_id": "40516"
  },
  {
    "review": "리얼리티 부족, 어른동화, 개연성 부족, 노팅힐에서 남녀 쉬프팅한 느낌. 어른동화",
    "date": "12.05.31",
    "rating": "1",
    "author": "xyli****",
    "review_id": "6351483",
    "movie_id": "40516"
  },
  {
    "review": "서양인도 사랑할수 있을것 같다",
    "date": "12.05.28",
    "rating": "10",
    "author": "vipw****",
    "review_id": "6340528",
    "movie_id": "40516"
  },
  {
    "review": "어느순간 확 달라지는 두배우의 감정선. 호흡 하나로 감정표현이 되다니..숨소리도 연기였다",
    "date": "12.05.21",
    "rating": "8",
    "author": "lees****",
    "review_id": "6317621",
    "movie_id": "40516"
  },
  {
    "review": "타인을 위한 사랑이 아닌 나를 위한 사랑을 찾아가는 그녀이야기. 좋았습니다.",
    "date": "12.04.24",
    "rating": "10",
    "author": "ljim****",
    "review_id": "6242828",
    "movie_id": "40516"
  },
  {
    "review": "유치해서 보다 말았다. 억지스러운 전개에 리얼리티는 0, 흥미 0, 몰입도 0",
    "date": "12.04.22",
    "rating": "1",
    "author": "ktjm****",
    "review_id": "6240181",
    "movie_id": "40516"
  },
  {
    "review": "그래나는어쩔수없는하배우빠.......",
    "date": "12.04.20",
    "rating": "9",
    "author": "hyis****",
    "review_id": "6234926",
    "movie_id": "40516"
  },
  {
    "review": "아직은 나이가어려서 그런지 잘 이해는 못하겠지만..느낌은 좋았어요",
    "date": "12.04.11",
    "rating": "8",
    "author": "kjr0****",
    "review_id": "6209738",
    "movie_id": "40516"
  },
  {
    "review": "ㅎㅎㅎ 신선한 소재였고 볼만했네요~",
    "date": "12.04.09",
    "rating": "7",
    "author": "wim8****",
    "review_id": "6203623",
    "movie_id": "40516"
  },
  {
    "review": "베라 파미가가 한국영화에??",
    "date": "12.04.08",
    "rating": "7",
    "author": "tn99****",
    "review_id": "6203355",
    "movie_id": "40516"
  },
  {
    "review": "베라 파미가, 언제 한번 또 다시..",
    "date": "12.03.24",
    "rating": "6",
    "author": "adie****",
    "review_id": "6163870",
    "movie_id": "40516"
  },
  {
    "review": "괜찮은 영화",
    "date": "12.03.23",
    "rating": "6",
    "author": "xhsg****",
    "review_id": "6162499",
    "movie_id": "40516"
  },
  {
    "review": "와 뭐냐 배라 파미가 나왔다!!!",
    "date": "12.03.04",
    "rating": "10",
    "author": "owjs****",
    "review_id": "6123253",
    "movie_id": "40516"
  },
  {
    "review": "약간 어려움",
    "date": "12.02.21",
    "rating": "7",
    "author": "dnf7****",
    "review_id": "6092889",
    "movie_id": "40516"
  },
  {
    "review": "배우들의 내면연기로 완전 몰입가능! 사랑에 대해 다시 생각하게 하며 여운이 오래 남는 영화!",
    "date": "12.02.19",
    "rating": "9",
    "author": "jayu****",
    "review_id": "6087454",
    "movie_id": "40516"
  },
  {
    "review": "우연히 보게됐는데... 두번 봤다. 서로에게 스며들듯 사랑에 빠진다... 부럽다",
    "date": "12.02.10",
    "rating": "9",
    "author": "eyb0****",
    "review_id": "6066001",
    "movie_id": "40516"
  },
  {
    "review": "하정우 영화는 믿고 보는데.. 이건뭐...",
    "date": "12.02.02",
    "rating": "5",
    "author": "mong****",
    "review_id": "6044071",
    "movie_id": "40516"
  },
  {
    "review": "섬세하고 강렬한 감정묘사에 나조차 부르르 떨며 가슴아파하고 그리워했다. 아름답다",
    "date": "12.01.31",
    "rating": "10",
    "author": "im_r****",
    "review_id": "6039994",
    "movie_id": "40516"
  },
  {
    "review": "영화 좋네요...감정 묘사 좋음...사랑은 움직인다는...ㅎ",
    "date": "12.01.23",
    "rating": "7",
    "author": "mrjs****",
    "review_id": "6010748",
    "movie_id": "40516"
  },
  {
    "review": "휼륭한 소재와 배우들로 뭘한걸까...감독은 대본에 더 매달렸어야했다.",
    "date": "12.01.16",
    "rating": "6",
    "author": "anar****",
    "review_id": "5988957",
    "movie_id": "40516"
  },
  {
    "review": "영상미,연기,음악좋네요.. 근데 재미나 여운은 그닥...",
    "date": "12.01.06",
    "rating": "6",
    "author": "mins****",
    "review_id": "5966067",
    "movie_id": "40516"
  },
  {
    "review": "연기가 좋아서 감정몰입이 잘됨",
    "date": "12.01.04",
    "rating": "8",
    "author": "real****",
    "review_id": "5960181",
    "movie_id": "40516"
  },
  {
    "review": "어디로 튈지 모르는게 사랑",
    "date": "11.12.08",
    "rating": "7",
    "author": "orph****",
    "review_id": "5894485",
    "movie_id": "40516"
  },
  {
    "review": "스토리상 뻔한 막장 불륜 영화같지만, 끝까지 여운을 남기는고만.. 오 좋은영화닷!!",
    "date": "11.12.08",
    "rating": "10",
    "author": "kiec****",
    "review_id": "5893793",
    "movie_id": "40516"
  },
  {
    "review": "오랜만에 심취했네 댓글다는적은 처음이네 아직도 그들의 사랑에서 못헤어나온건가",
    "date": "11.11.23",
    "rating": "10",
    "author": "fast****",
    "review_id": "5866318",
    "movie_id": "40516"
  },
  {
    "review": "세인물의 상황이이해가 되어 보는 내내 가슴이 아팠던. 지하킴을 사랑하게 되어 버린",
    "date": "11.11.18",
    "rating": "9",
    "author": "bogi****",
    "review_id": "5856939",
    "movie_id": "40516"
  },
  {
    "review": "억지스러운 전개와 구성이 배우들의 좋은 연기를 망칠정도. 연기만 좋았음.",
    "date": "11.09.28",
    "rating": "6",
    "author": "worl****",
    "review_id": "5758298",
    "movie_id": "40516"
  },
  {
    "review": "두 사람의 섬세한연기가 좋았습니다~",
    "date": "11.09.27",
    "rating": "10",
    "author": "bamb****",
    "review_id": "5756506",
    "movie_id": "40516"
  },
  {
    "review": "왜 만추가 떠올랏지..걍 분위기가 비슷했네요 개인적으로 이넌 분위기 좋아하는지라..잘봤네요",
    "date": "11.08.23",
    "rating": "8",
    "author": "tnzl****",
    "review_id": "5683257",
    "movie_id": "40516"
  },
  {
    "review": "연기는 좋으나 비약이 심한 전개와 마무리는 조금 아쉬웠음",
    "date": "11.08.21",
    "rating": "7",
    "author": "han3****",
    "review_id": "5675728",
    "movie_id": "40516"
  },
  {
    "review": "복잡 혹은 단순. 어떻게 생각하느냐에 따라 감정은 하늘과 땅만큼 일지어다.",
    "date": "11.08.10",
    "rating": "6",
    "author": "foou****",
    "review_id": "5629263",
    "movie_id": "40516"
  },
  {
    "review": "정말 몰입해서 봤던 영화... 엔딩이 조금 아쉬웠지만 10점만점에 10점인 영화.",
    "date": "11.08.06",
    "rating": "10",
    "author": "xkdl****",
    "review_id": "5609799",
    "movie_id": "40516"
  },
  {
    "review": "불안하고 위태위태한 마음을 잘 나타낸 것 같음,..",
    "date": "11.08.01",
    "rating": "9",
    "author": "ehdr****",
    "review_id": "5589998",
    "movie_id": "40516"
  },
  {
    "review": "무명 감독이 만들었다고 보기엔 영화의 짜임새가 단연 돋보이는 작품입니다.",
    "date": "11.07.16",
    "rating": "10",
    "author": "h944****",
    "review_id": "5546885",
    "movie_id": "40516"
  },
  {
    "review": "인물들 감정에 이렇게 공감안가는 영화는 진짜 오랜만이네.",
    "date": "11.06.30",
    "rating": "5",
    "author": "solh****",
    "review_id": "5508844",
    "movie_id": "40516"
  }
]