[
  {
    "review": "내 인생에 가장 큰 영향력을 끼친 영화입니다. 죽음이란 것을 처음으로 실감했었네요..",
    "date": "15.05.08",
    "rating": "10",
    "author": "hyoh****",
    "review_id": "9903375",
    "movie_id": "40593"
  },
  {
    "review": "홍콩에서 1967년에 만들어져서 한국에선 1970년에 개봉한 영화구만 년도를 헷갈리는 분이 있군요.",
    "date": "14.10.14",
    "rating": "8",
    "author": "hack****",
    "review_id": "9292639",
    "movie_id": "40593"
  },
  {
    "review": "스자안... 땅꺼미가 지는데... 쓰자안....참바람이 부는데...",
    "date": "14.03.21",
    "rating": "10",
    "author": "nlc3****",
    "review_id": "8594126",
    "movie_id": "40593"
  },
  {
    "review": "82년2월 중학교졸업식 끝나고 친구랑 동네극장서 본 추억의영화  오래되었지만 기억이 생생하네요 그리운그시절",
    "date": "14.02.07",
    "rating": "10",
    "author": "jins****",
    "review_id": "8483544",
    "movie_id": "40593"
  },
  {
    "review": "고교 1학년생이 외국 여배우를 여성으로 흠모하게 만든 첫번째 영화",
    "date": "10.11.03",
    "rating": "10",
    "author": "iank****",
    "review_id": "4937207",
    "movie_id": "40593"
  },
  {
    "review": "사랑스런 영화",
    "date": "10.06.21",
    "rating": "10",
    "author": "mh51****",
    "review_id": "4582074",
    "movie_id": "40593"
  },
  {
    "review": "추억속의 아련한 영화",
    "date": "10.05.22",
    "rating": "10",
    "author": "lyt5****",
    "review_id": "4515932",
    "movie_id": "40593"
  },
  {
    "review": "쓰래기영화",
    "date": "09.10.05",
    "rating": "1",
    "author": "ypr3****",
    "review_id": "3874779",
    "movie_id": "40593"
  },
  {
    "review": "아주 오래전에 보았던 가슴뭉클했던 영화였죠",
    "date": "08.11.22",
    "rating": "10",
    "author": "100_****",
    "review_id": "3065807",
    "movie_id": "40593"
  },
  {
    "review": "젊은 시절 13번을 보았던 사랑스럽고 슬픈 영화",
    "date": "08.11.21",
    "rating": "10",
    "author": "tico****",
    "review_id": "3063612",
    "movie_id": "40593"
  }
]