[
  {
    "review": "직선이면서 한없이 굴곡진 활의 떨림에서 나는 소리와 상실감.",
    "date": "15.08.15",
    "rating": "6",
    "author": "tear****",
    "review_id": "10235883",
    "movie_id": "40603"
  },
  {
    "review": "팽팽함에는 강인함과 아름다운 소리가 있다. 죽을 때 까지 활 처럼 살고 싶다.. 화살은 언젠가는 활을 떠나야한다.. 그게 둘의 숙명이다. 여주인공인 한여름의 매력이 잘살아있다 레온카데나 닮은거 같기도..",
    "date": "15.06.02",
    "rating": "8",
    "author": "danz****",
    "review_id": "9970703",
    "movie_id": "40603"
  },
  {
    "review": "진한 김기덕 냄새가 나는 잊을 수 없을 영화",
    "date": "15.05.27",
    "rating": "7",
    "author": "lead****",
    "review_id": "9954434",
    "movie_id": "40603"
  },
  {
    "review": "이 영화는 이해하는 영화가 아닌 느끼는 영화다~",
    "date": "15.03.31",
    "rating": "10",
    "author": "kjh1****",
    "review_id": "9818348",
    "movie_id": "40603"
  },
  {
    "review": "환상적인 영화!!!!",
    "date": "15.03.03",
    "rating": "10",
    "author": "zakk****",
    "review_id": "9754024",
    "movie_id": "40603"
  },
  {
    "review": "영화를 그냥 영화로 보면 불쾌하지 않다.",
    "date": "14.10.22",
    "rating": "8",
    "author": "toto****",
    "review_id": "9307057",
    "movie_id": "40603"
  },
  {
    "review": "강인하면서도 아름답게. 그것이 소녀가 나아가야할 방향이리라",
    "date": "14.08.25",
    "rating": "8",
    "author": "kth3****",
    "review_id": "9131229",
    "movie_id": "40603"
  },
  {
    "review": "한여름 너무 이쁘다 영상미가 좋았고 이런 상식적으로 확깨는 영화가 많이 나오면 좋겠다 ..",
    "date": "14.06.10",
    "rating": "10",
    "author": "toma****",
    "review_id": "8819163",
    "movie_id": "40603"
  },
  {
    "review": "솔직히 좀 그랬음...뭐 영상미는 좋은데...마지막에 장면은 좀 이해가 안됐음..;;뭐 김기덕감동님이 항상 명작만 만드시는 것은 아니니깐..;;",
    "date": "14.05.25",
    "rating": "5",
    "author": "do11****",
    "review_id": "8763742",
    "movie_id": "40603"
  },
  {
    "review": "잘봤습니다 비겁함도 사람이고 안는것도 사람인건가",
    "date": "14.05.23",
    "rating": "8",
    "author": "2_dp****",
    "review_id": "8758490",
    "movie_id": "40603"
  },
  {
    "review": "역대 최악이다 진심 괜히 좋은말로 포장하지말자 솔직히 니들도 이상하다 느껴놓고 와 대단하구나 이런영화가 있구나 빨아 제끼지말구",
    "date": "14.05.06",
    "rating": "1",
    "author": "sami****",
    "review_id": "8708422",
    "movie_id": "40603"
  },
  {
    "review": "다시보고싶은영화다.",
    "date": "14.03.30",
    "rating": "9",
    "author": "cong****",
    "review_id": "8617679",
    "movie_id": "40603"
  },
  {
    "review": "very good~~~",
    "date": "14.03.24",
    "rating": "8",
    "author": "newl****",
    "review_id": "8603916",
    "movie_id": "40603"
  },
  {
    "review": "바다 한 가운데 배에서 벌어지는 노인과 소녀의 침묵의 시, 다소 지루한 면이 없진 않다",
    "date": "13.09.14",
    "rating": "6",
    "author": "lees****",
    "review_id": "7976064",
    "movie_id": "40603"
  },
  {
    "review": "예상치 못하게  판타지로 끝나는 묘한 작품이다.",
    "date": "13.09.10",
    "rating": "6",
    "author": "almo****",
    "review_id": "7964405",
    "movie_id": "40603"
  },
  {
    "review": "외국에서 인정한 유일한 한국의 천재감독....  세계 예술작품중에는 성적으로 더 불쾌한게 많다. 원래 외설과  예술은 종이한장 차이다.",
    "date": "13.08.24",
    "rating": "10",
    "author": "jumo****",
    "review_id": "7916835",
    "movie_id": "40603"
  },
  {
    "review": "솔직히 김기덕 영화는 거의 다 봤지만, 의미가 와닿아서 보는 게 아니라 보는 내내 오는 오묘함이 좋아서 봅니다.",
    "date": "13.08.22",
    "rating": "7",
    "author": "emc2****",
    "review_id": "7911244",
    "movie_id": "40603"
  },
  {
    "review": "초반에는 할아버지가 멀쩡한 애 납치해다가 결혼하겠다느니 좀 더럽다 싶게 봤는데 후반으로 가면서 그래도 괜찮아짐. 마지막에 할아버지가 자살하고 소녀도 자살하는 엔딩보다는 소녀는 그래도 서지석 따라서 부모 찾아 잘 살았다면 어땠을까 하는 바람이 있다.",
    "date": "13.08.22",
    "rating": "8",
    "author": "ekdm****",
    "review_id": "7910124",
    "movie_id": "40603"
  },
  {
    "review": "기억에 남는 장면이 많네요. 그네씬,할배야밤활키는씬,흰한복에화살피, 바다,배도 예뻐요.  또 이렇게 많은 명장면을 남겨주셔서 감사합니다. 보면서 밤볼라, 섬, 봄여름가을겨울그리고봄, 완전한 사육 등의 영화가 떠올랐습니다. 김기덕회고전 홀로 집에서 ㅋㅋ",
    "date": "13.07.21",
    "rating": "9",
    "author": "umas****",
    "review_id": "7771919",
    "movie_id": "40603"
  },
  {
    "review": "현실로 비춰지는 비현실의 세계라는 말이 김기덕 감독의 영화에서는 고개가 끄덕여진다. 그의 작품에서 사랑은 늘 일관된 본질을 가지고 있어도  색다른 형태를 보여주는데 영상미와 음악에서 보여주는 은은한 모습과 함께 맵고 찡한 그런 강한 감동을 남겨준다.",
    "date": "13.06.24",
    "rating": "9",
    "author": "1993****",
    "review_id": "7676543",
    "movie_id": "40603"
  },
  {
    "review": "침묵의 시 한 편을 써낸 김기덕 감독. 창의적이고 상징적이며 아름답다.",
    "date": "13.06.15",
    "rating": "7",
    "author": "tang****",
    "review_id": "7640254",
    "movie_id": "40603"
  },
  {
    "review": "김기덕 정말 대단합니다. 첫날의식이 강하게 남스니다.활로..봄여름가을겨울그리고봄 못지않은 가슴깊이남는영화 만들어주셨습니다.",
    "date": "13.06.02",
    "rating": "10",
    "author": "hiha****",
    "review_id": "7573037",
    "movie_id": "40603"
  },
  {
    "review": "이것은 걸작이다.",
    "date": "13.05.11",
    "rating": "10",
    "author": "neoi****",
    "review_id": "7522579",
    "movie_id": "40603"
  },
  {
    "review": "최종병기 활인줄 알고 계속 봤음",
    "date": "13.04.11",
    "rating": "7",
    "author": "ddon****",
    "review_id": "7450118",
    "movie_id": "40603"
  },
  {
    "review": "해석의 방법이 다양해 질 수 있는 영화인것 같다. 영상미와 음악이 뛰어난 작품.",
    "date": "13.04.05",
    "rating": "7",
    "author": "dpdj****",
    "review_id": "7437102",
    "movie_id": "40603"
  },
  {
    "review": "몇몇 변태적인 남자들의 성적 판타지를 예술로 포장한 폐기물. 역겹다.",
    "date": "13.04.05",
    "rating": "1",
    "author": "iamh****",
    "review_id": "7437082",
    "movie_id": "40603"
  },
  {
    "review": "작지맘 큰울림",
    "date": "13.03.01",
    "rating": "7",
    "author": "sim_****",
    "review_id": "7314802",
    "movie_id": "40603"
  },
  {
    "review": "마지막 장면 빼고 망작(亡作) , 이러니 관객 4천명도 못모았지. 몇명이더라 3000명 됬었나? 1000몇명이었나..;",
    "date": "13.02.13",
    "rating": "4",
    "author": "cha1****",
    "review_id": "7259827",
    "movie_id": "40603"
  },
  {
    "review": "있는그대로 볼려니 너무 난해하고.. 해석을 해보려니 온갖 상징들에 매몰될 것 같다. 대사하나 없는 두 주인공의 표정만으로 한시간이 지루하지 않았던건 좋았지만!",
    "date": "13.01.30",
    "rating": "7",
    "author": "seyu****",
    "review_id": "7199689",
    "movie_id": "40603"
  },
  {
    "review": "후반부가 여운을 주는구나",
    "date": "13.01.14",
    "rating": "8",
    "author": "figh****",
    "review_id": "7117122",
    "movie_id": "40603"
  },
  {
    "review": "김기덕영화는 논리적 분석과 이해를 요하는 영화가 아니다. 불편함'뒤에 숨겨져 있는 김감독의 독특한 시선과 정서는 관객으로 하여금 새로운 시각을 제시한다.개인적으로 주체할 수 없이 슬펐던 영화다. 억지감정짜내기의 저급영화와는 비교도 안될만큼 수준높은영화",
    "date": "12.12.24",
    "rating": "9",
    "author": "sd20****",
    "review_id": "7036911",
    "movie_id": "40603"
  },
  {
    "review": "남자들이 누구나 맘속에 숨기고 있는 더러운 욕망을 예술로 포장한다= >김기덕영화",
    "date": "12.12.10",
    "rating": "1",
    "author": "han_****",
    "review_id": "6990852",
    "movie_id": "40603"
  },
  {
    "review": "노인이 소녀에게 갖는 부성애 애착 사랑 ..그게 플라토닉이든 아가페든간에?역겨운 감정은 아니라고 생각한다. 단지 나이가 많은게 그리 문제가 되는걸까. 그건 그렇다치고. 난 이?영화의 분위기가 넘 좋다. 보고 또봐도 이뻤던 영화.",
    "date": "12.12.09",
    "rating": "10",
    "author": "daft****",
    "review_id": "6987787",
    "movie_id": "40603"
  },
  {
    "review": "여인이 아닌 '소녀'에게 갖는 판타지가 왜 더럽지? 노인은 사랑도 할 수 없나? 활은 노인의 성적욕구를 대변하는 동시에, 세상의 따가운 화살로 부터 방어하는 유일한 방법이었는지 모른다. 다만, 현실에서는 '범죄'일 수 있으니, '판타",
    "date": "12.12.05",
    "rating": "9",
    "author": "ssah****",
    "review_id": "6973789",
    "movie_id": "40603"
  },
  {
    "review": "김기덕 영화가 본인의 욕망과 컴플렉스를 표현하는 도구임을 유감없이 알려주는 또 하나의 영화. 언제나 형편없는 상태의 주인공. 그러나 그는 뭔가 남다른 재주가 있고 여자를 소유한다... 그리고 여자는 언제나 성적 유린을 반기는 백치에 지나지 않는 존재.",
    "date": "12.12.01",
    "rating": "6",
    "author": "soju****",
    "review_id": "6951097",
    "movie_id": "40603"
  },
  {
    "review": "거북했다. 특히 노인의 변태적인 성향이..김기덕감독 영화는 하나같이 거북하고 어렵다.",
    "date": "12.11.20",
    "rating": "1",
    "author": "godi****",
    "review_id": "6907190",
    "movie_id": "40603"
  },
  {
    "review": "처음은 노인의 모습이 추악하고 이기적인 행태라 생각했지만, 정말로 그 둘은 정신적, 영혼으로 교감하고 있었었다. 바다를 배경으로 배 위에서 들리는 노래들은 정말 듣기 좋았다.",
    "date": "12.11.16",
    "rating": "9",
    "author": "0411****",
    "review_id": "6893858",
    "movie_id": "40603"
  },
  {
    "review": "흠.. 하고 보다가 펑펑 울었네.",
    "date": "12.11.15",
    "rating": "10",
    "author": "heey****",
    "review_id": "6889034",
    "movie_id": "40603"
  },
  {
    "review": "애정과 욕망과 집착을 넘어 어린 아이같은 순수한 사랑이충분히 아름답다. 내게는 더할 나위없이 훌륭했다.",
    "date": "12.11.09",
    "rating": "10",
    "author": "kard****",
    "review_id": "6871221",
    "movie_id": "40603"
  },
  {
    "review": "영화  다  보고 나서 생각해 보니까 할아버지랑 소녀랑 대사가 없네 ?거의 한시간 반동안 왜난 그걸 몰랐지,, 그정도로 푹빠졋었다이렇게 대사 없는 영화에 눈물이 날뻔하고, 보고난 후에도 이렇게 검색해서 다시 줄거리를 읽게 하는게 너무 신기하다.",
    "date": "12.11.07",
    "rating": "9",
    "author": "fate****",
    "review_id": "6862077",
    "movie_id": "40603"
  },
  {
    "review": "마지막씬 정말 아름답다.",
    "date": "12.11.05",
    "rating": "10",
    "author": "ilhj****",
    "review_id": "6857617",
    "movie_id": "40603"
  },
  {
    "review": "마지막씬은 진짜 역시 김기덕다운 놀라운 상상력.",
    "date": "12.10.29",
    "rating": "9",
    "author": "newk****",
    "review_id": "6835187",
    "movie_id": "40603"
  },
  {
    "review": "역시 그림만으로도 느낌이 전해진다는것이 영화답다. 막판에 소녀의 그 장면은 좀 모르겠지만 ㅋ 아무튼 김기덕 기더더더더 덩기덕 쿵덕!!",
    "date": "12.10.26",
    "rating": "9",
    "author": "dma9****",
    "review_id": "6828394",
    "movie_id": "40603"
  },
  {
    "review": "문명과 단절된원시공간에서의 남성판타지. 할배든 소녀든 나이어린 이성을 좋아할 수 밖에 없는 동물적인 욕망만을 그려내고 있음. 아름다운 배경과 대화의결핍은 원시공간의 속성을 잘 묘사. 화살은 성적본능과 그것을이루기 위한 공격성이라는 두가지 동물의본능을상",
    "date": "12.10.26",
    "rating": "10",
    "author": "bgh9****",
    "review_id": "6828117",
    "movie_id": "40603"
  },
  {
    "review": "전통문화와 현대문명 이라는 화두를 가지고 보시면 됩니다.",
    "date": "12.10.11",
    "rating": "8",
    "author": "wash****",
    "review_id": "6784296",
    "movie_id": "40603"
  },
  {
    "review": "이거 무슨 완전한 사육 한국판도아니고 ㅡㅡ; 사람의 생각은 다 거기서 거기라지만... 이건 와닿는게 없네요~ 이걷 아청법 이네요~",
    "date": "12.10.10",
    "rating": "3",
    "author": "mone****",
    "review_id": "6779495",
    "movie_id": "40603"
  },
  {
    "review": "할배가 신발 갖고 갔는데 ...",
    "date": "12.09.24",
    "rating": "1",
    "author": "shin****",
    "review_id": "6728316",
    "movie_id": "40603"
  },
  {
    "review": "나를 팽팽하게도, 느슨하게도 만들어주는 너. 곧 닥쳐올 미래의 섹스에 대한 기대.",
    "date": "12.09.23",
    "rating": "6",
    "author": "boyc****",
    "review_id": "6726585",
    "movie_id": "40603"
  },
  {
    "review": "나른하고 고약한 공상 속의 아름다운 풍광과 훌륭한 음악. 늙고 표독한 나쁜 남자는 결국 자신의 방식으로 여자를 소유하였다.",
    "date": "12.09.21",
    "rating": "8",
    "author": "cksn****",
    "review_id": "6717239",
    "movie_id": "40603"
  },
  {
    "review": "화면 시작 3분만에 바로 풍덩 빠져들게 만드는 묘한 마력이 있는 영화!보는내내 팽팽한 활시위를 잡았다 땡겼다하는기분이 느껴졌다.바닷가어떤 전설이야기를 눈으로 보는 기분 ..동화같으면서도  매혹적이다! 설정과 전개와 마무리까지 전혀 예측불허의극치를달린다",
    "date": "12.09.17",
    "rating": "8",
    "author": "crys****",
    "review_id": "6707368",
    "movie_id": "40603"
  },
  {
    "review": "단순한 스토리에 대사도 거의 없지만 무게감 있다. 스타일이 있는 영화...",
    "date": "12.09.16",
    "rating": "8",
    "author": "01aj****",
    "review_id": "6703792",
    "movie_id": "40603"
  },
  {
    "review": "나이거 재밌었다고는 말못하겠지만 몇년이 지난 지금에도 인상깊게 남은 영화라 작품성은 상당하다고 보는데..할아버지도 첨엔 변태같아보였지만 후반부 배 신에서는 좀 먹먹했다",
    "date": "12.09.12",
    "rating": "9",
    "author": "hero****",
    "review_id": "6690937",
    "movie_id": "40603"
  },
  {
    "review": "몇번을 보아도 무엇을 말하려는지 모르겠다한여름의 연기가 매우 인상적",
    "date": "12.09.11",
    "rating": "7",
    "author": "yhoi****",
    "review_id": "6687965",
    "movie_id": "40603"
  },
  {
    "review": "내가 바보인가? 뭘 말하는건지 도대체 모르겠다. 그래도 영화에 집중해서 봤다. 뒷 내용이 궁금해서....",
    "date": "12.09.11",
    "rating": "5",
    "author": "davi****",
    "review_id": "6687661",
    "movie_id": "40603"
  },
  {
    "review": "한여름이 아니였음 누가 이 영화 여자 주인공했을까 한여름밖에 없다 진짜 활보다 팽팽한건 이 영화안의 한여름이란 배우다",
    "date": "12.09.11",
    "rating": "10",
    "author": "hide****",
    "review_id": "6686560",
    "movie_id": "40603"
  },
  {
    "review": "대사가 거의 없음에도 몰입할 수 있었다. 한여름이라는 여배우가 이렇게 예쁘구나 하는 생각이 들었다. 10년을 넘게 같이 살았던 할아버지에게 결국 혼인을 해주고 떠나는 소녀. 할아버지가 도둑놈처럼 보일 수 있으나, 인생이란 이런 것이다",
    "date": "12.09.11",
    "rating": "9",
    "author": "bogo****",
    "review_id": "6686481",
    "movie_id": "40603"
  },
  {
    "review": "감독님, 상징과 비유로 가득 찬 암호문은 좋은데, 제가 볼 때 이번엔 도가 지나친 거 같아요. 예술이 과도하게 들어갔다고 할까요? 한 처녀의 (재)탄생에 대한 비화를 한국적으로 승화시킨 건 좋았으나, 나름 반전에도 불구하고, 꽤나 지루하거든요.",
    "date": "12.09.10",
    "rating": "7",
    "author": "ha_e****",
    "review_id": "6684470",
    "movie_id": "40603"
  },
  {
    "review": "그저 아름다운 사랑이야기로 보인다 한국의 아름다움 그 속의 사람이야기",
    "date": "12.09.08",
    "rating": "10",
    "author": "park****",
    "review_id": "6679670",
    "movie_id": "40603"
  },
  {
    "review": "너무 대사없어서 약간 지루했음.기대하고 봤는데 그다지..",
    "date": "12.08.13",
    "rating": "6",
    "author": "a109****",
    "review_id": "6600012",
    "movie_id": "40603"
  },
  {
    "review": "난해한 듯 하면서도 김기덕 감독의 작품에는 뭔가가 있다..",
    "date": "12.08.11",
    "rating": "8",
    "author": "aset****",
    "review_id": "6593621",
    "movie_id": "40603"
  },
  {
    "review": "불쾌함이있었던 몇장면으로 영화전체를 깍아내리지 말아야죠. 영화는 역시 좋았고 마지막에 김기덕감독님이 “팽팽함에는.....죽을때까지 활처럼 살고싶다“ 자막을 올렸을때 감탄이 나왔습니다. 감독님의 작품보게되서 기쁘고 이번 영화 피에타도 잘됬음 좋겠습니다",
    "date": "12.08.10",
    "rating": "9",
    "author": "chil****",
    "review_id": "6590009",
    "movie_id": "40603"
  },
  {
    "review": "몇달에 한번씩은 여기에 악플달러온다. 이 영화가 아름답다고 느끼는것보다 김기덕스럽다.진짜..불쾌한 느낌이 아주가득함....",
    "date": "12.08.08",
    "rating": "4",
    "author": "bmbn****",
    "review_id": "6582123",
    "movie_id": "40603"
  },
  {
    "review": "충격을 준다.",
    "date": "12.05.13",
    "rating": "10",
    "author": "beni****",
    "review_id": "6296911",
    "movie_id": "40603"
  },
  {
    "review": "평점 왜이렇게낮나? 말이필요없는데",
    "date": "12.04.10",
    "rating": "10",
    "author": "djm9****",
    "review_id": "6206318",
    "movie_id": "40603"
  },
  {
    "review": "역시나 허잡한 김기덕의 시나리오...투박한 연출.그러나 끝까지 보게만드는 힘은있다",
    "date": "12.02.22",
    "rating": "7",
    "author": "kara****",
    "review_id": "6095891",
    "movie_id": "40603"
  },
  {
    "review": "뜻을 해석하거나 외면적인 스토리만 보지 말고 그대로의 분위기를 느껴보세요. 아름답지 않나요?",
    "date": "12.02.01",
    "rating": "10",
    "author": "link****",
    "review_id": "6043326",
    "movie_id": "40603"
  },
  {
    "review": "아름답게 잘 포장한 느낌이랄까",
    "date": "12.01.26",
    "rating": "8",
    "author": "idss****",
    "review_id": "6021657",
    "movie_id": "40603"
  },
  {
    "review": "활은 생명이고 죽음이다. 멀리 날기도 하지만 부러지기도 한다. 활은 말한다.",
    "date": "12.01.12",
    "rating": "7",
    "author": "ygz_****",
    "review_id": "5980449",
    "movie_id": "40603"
  },
  {
    "review": "아직도 어렵다",
    "date": "11.12.25",
    "rating": "7",
    "author": "sin3****",
    "review_id": "5932127",
    "movie_id": "40603"
  },
  {
    "review": "활처럼아름답고 강하게?영화는 별루그러지못하네.김기덕영화는 불쾌함이 기본베이스임",
    "date": "11.12.19",
    "rating": "2",
    "author": "kis5****",
    "review_id": "5914589",
    "movie_id": "40603"
  },
  {
    "review": "스토리는좋은거같은데 소녀와할아버지의 대사가없어서많이아쉬웟음..",
    "date": "11.11.25",
    "rating": "7",
    "author": "s2_8****",
    "review_id": "5870253",
    "movie_id": "40603"
  },
  {
    "review": "확인",
    "date": "11.11.25",
    "rating": "8",
    "author": "nice****",
    "review_id": "5869581",
    "movie_id": "40603"
  },
  {
    "review": "처음에는 그저 늙고 나쁜 사람인줄알았다 하지만 소녀가 떠나려는때부터 눈물이 멈추질않았다.",
    "date": "11.11.10",
    "rating": "10",
    "author": "cjj8****",
    "review_id": "5839303",
    "movie_id": "40603"
  },
  {
    "review": "맙소사 결국 몸이 안따라줘서 귀신이되서 거시기 했다는 미친상상을 순간했음 ;;;",
    "date": "11.11.08",
    "rating": "1",
    "author": "toje****",
    "review_id": "5836778",
    "movie_id": "40603"
  },
  {
    "review": "찝찝하다",
    "date": "11.11.07",
    "rating": "2",
    "author": "2803****",
    "review_id": "5833483",
    "movie_id": "40603"
  },
  {
    "review": "말로 표현할수없는 미묘한 .. 김기덕님 영화는 정말 대단합니다...!!!",
    "date": "11.10.31",
    "rating": "10",
    "author": "tptk****",
    "review_id": "5820485",
    "movie_id": "40603"
  },
  {
    "review": "다 좋은데 마지막이 왜케 야함 좀 더 순수하게 표현할 순 없었나--",
    "date": "11.10.30",
    "rating": "8",
    "author": "yahn****",
    "review_id": "5817746",
    "movie_id": "40603"
  },
  {
    "review": "영화가 주는 메세지는 과연 무엇인가. 그래도 끌리는 마력이 존재한다",
    "date": "11.10.24",
    "rating": "9",
    "author": "jeeb****",
    "review_id": "5808571",
    "movie_id": "40603"
  },
  {
    "review": "영화가 내포하는 의미를 찾고 이해하는게 어렵다. 추상적이라곤 해도 모르겠다.",
    "date": "11.10.02",
    "rating": "1",
    "author": "zera****",
    "review_id": "5767136",
    "movie_id": "40603"
  },
  {
    "review": "대사가없는  대단한 영화다^^",
    "date": "11.09.29",
    "rating": "10",
    "author": "zks9****",
    "review_id": "5760846",
    "movie_id": "40603"
  },
  {
    "review": "2점",
    "date": "11.09.27",
    "rating": "2",
    "author": "pine****",
    "review_id": "5755087",
    "movie_id": "40603"
  },
  {
    "review": "관객을 한눈팔지 못하게 하는 힘을 가진 김기덕.",
    "date": "11.09.22",
    "rating": "9",
    "author": "mayb****",
    "review_id": "5745398",
    "movie_id": "40603"
  },
  {
    "review": "발기부전 로리타 컴플렉스 노인네",
    "date": "11.09.12",
    "rating": "4",
    "author": "18eu****",
    "review_id": "5724063",
    "movie_id": "40603"
  },
  {
    "review": "엄청난 영화임",
    "date": "11.08.31",
    "rating": "10",
    "author": "vaga****",
    "review_id": "5699352",
    "movie_id": "40603"
  },
  {
    "review": "정말. 멋잇는 영화다 여자지만 한여름이란 배우가 너무 좋다",
    "date": "11.08.19",
    "rating": "10",
    "author": "stan****",
    "review_id": "5669080",
    "movie_id": "40603"
  },
  {
    "review": "노인의 음심,납치 더러운성욕 정복 아무리그래도그렇지 노인과.. 그냥쓰레기영화",
    "date": "11.07.14",
    "rating": "1",
    "author": "hhha****",
    "review_id": "5543508",
    "movie_id": "40603"
  },
  {
    "review": "뉴스에서 보던 납치와 성폭행밖에 생각이 안난다.",
    "date": "11.06.26",
    "rating": "1",
    "author": "somn****",
    "review_id": "5501274",
    "movie_id": "40603"
  },
  {
    "review": "보는 내내 집중하게 했던 영화.. 은유, 추상, 영상미.",
    "date": "11.06.20",
    "rating": "9",
    "author": "ktey****",
    "review_id": "5490056",
    "movie_id": "40603"
  },
  {
    "review": "최고다. 생각 할 수 있는 영화는 어쨌든 좋은거다.",
    "date": "11.06.19",
    "rating": "10",
    "author": "dpdl****",
    "review_id": "5487940",
    "movie_id": "40603"
  },
  {
    "review": "스토리나 스토리가 담고 있는 의미나 최고",
    "date": "11.06.11",
    "rating": "10",
    "author": "love****",
    "review_id": "5476509",
    "movie_id": "40603"
  },
  {
    "review": "최고로 멋있다 이영화 정말 최고다",
    "date": "11.06.08",
    "rating": "10",
    "author": "mihe****",
    "review_id": "5471012",
    "movie_id": "40603"
  },
  {
    "review": "긴장하게 되고 다음 이야기 보따리가 궁금해 지는 영회",
    "date": "11.05.22",
    "rating": "10",
    "author": "deea****",
    "review_id": "5442655",
    "movie_id": "40603"
  },
  {
    "review": "예술영화다",
    "date": "11.05.16",
    "rating": "10",
    "author": "hand****",
    "review_id": "5431803",
    "movie_id": "40603"
  },
  {
    "review": "그냥... 찜찜함.ㅡㅡ",
    "date": "11.04.28",
    "rating": "2",
    "author": "tarr****",
    "review_id": "5395879",
    "movie_id": "40603"
  },
  {
    "review": "소녀와할아버지를 이해할수있는 사람이 몇이나될까 음악영상이매력적",
    "date": "11.02.25",
    "rating": "8",
    "author": "siou****",
    "review_id": "5275726",
    "movie_id": "40603"
  },
  {
    "review": "몇되지않은대사와 장소가 제한적이었는데도 불구하고 그 추상적임을 잘나태는듯싶다.",
    "date": "11.02.17",
    "rating": "8",
    "author": "hart****",
    "review_id": "5249259",
    "movie_id": "40603"
  },
  {
    "review": "한여름의 눈빛여기",
    "date": "11.01.23",
    "rating": "5",
    "author": "udtm****",
    "review_id": "5178810",
    "movie_id": "40603"
  },
  {
    "review": "점수는 높게 평가할 수는 없지만 스토리와 결말이궁금해 끝가지 봤다. 결론은 찜찜",
    "date": "11.01.19",
    "rating": "6",
    "author": "rmfo****",
    "review_id": "5169720",
    "movie_id": "40603"
  },
  {
    "review": "김기덕 감독의 작품은 개성이 있고 독특하다. 허나 너무 과평가되는 경향이 있다.",
    "date": "11.01.01",
    "rating": "1",
    "author": "chyu****",
    "review_id": "5113363",
    "movie_id": "40603"
  },
  {
    "review": "괜히봤따..",
    "date": "10.12.28",
    "rating": "1",
    "author": "pksj****",
    "review_id": "5095441",
    "movie_id": "40603"
  }
]