[
  {
    "review": "내가 네번째다 신난다 끼얏호!!!!",
    "date": "14.08.05",
    "rating": "10",
    "author": "rnjs****",
    "review_id": "9031549",
    "movie_id": "40611"
  },
  {
    "review": "내가 세번째다 신난다 끼얏호!!!!",
    "date": "14.05.08",
    "rating": "10",
    "author": "xpfk****",
    "review_id": "8716925",
    "movie_id": "40611"
  },
  {
    "review": "내가 두번째다 신난다 끼얏호!!!!",
    "date": "14.03.16",
    "rating": "9",
    "author": "code****",
    "review_id": "8581646",
    "movie_id": "40611"
  },
  {
    "review": "내가 처음이다  신난다 끼얏호!!!!",
    "date": "13.11.07",
    "rating": "10",
    "author": "rhk6****",
    "review_id": "8122657",
    "movie_id": "40611"
  }
]