[
  {
    "review": "언제 어디서 무슨 놈의 감동을 찾냐고?  미친 또라이 링링.",
    "date": "11.12.24",
    "rating": "2",
    "author": "pria****",
    "review_id": "5928118",
    "movie_id": "40648"
  },
  {
    "review": "사랑할 수 밖에 없는 영화",
    "date": "09.10.02",
    "rating": "10",
    "author": "tls7****",
    "review_id": "3865245",
    "movie_id": "40648"
  },
  {
    "review": "감동이네요",
    "date": "09.08.31",
    "rating": "10",
    "author": "4456****",
    "review_id": "3803366",
    "movie_id": "40648"
  },
  {
    "review": "샤오삥의 연기 사랑스럽고, 링링의 발음은 좀 짱이지만, 마오따삥 발음은 꽝. 강추!!",
    "date": "09.06.29",
    "rating": "10",
    "author": "deda****",
    "review_id": "3601256",
    "movie_id": "40648"
  },
  {
    "review": "서정적이고 음악도 좋구먼....",
    "date": "09.06.29",
    "rating": "7",
    "author": "kos4****",
    "review_id": "3601079",
    "movie_id": "40648"
  },
  {
    "review": "처음에는 정말 기대안하고 시작한 영화 보는동안 깊이 빨려들어갔다 아름다운 영화",
    "date": "08.07.04",
    "rating": "10",
    "author": "jung****",
    "review_id": "2739301",
    "movie_id": "40648"
  },
  {
    "review": "링링의 엄마 지앙이홍을 어디선가 다른 영화에서 봤는데 참 매력적이더군요.",
    "date": "08.06.21",
    "rating": "10",
    "author": "baik****",
    "review_id": "2711626",
    "movie_id": "40648"
  },
  {
    "review": "맞아요..전지현 닮았다고 계속생각했는데 연기두잘하구누군지 검색해도 잘 안나오네요",
    "date": "08.05.20",
    "rating": "10",
    "author": "hyej****",
    "review_id": "2653644",
    "movie_id": "40648"
  },
  {
    "review": "완전감동....",
    "date": "08.05.19",
    "rating": "10",
    "author": "forb****",
    "review_id": "2651711",
    "movie_id": "40648"
  },
  {
    "review": "오랜만에 가슴에 남을만한 명작을 봤다..",
    "date": "08.05.19",
    "rating": "9",
    "author": "sona****",
    "review_id": "2651472",
    "movie_id": "40648"
  },
  {
    "review": "정말 감동적이고 행복한 영화, 특히 십대 링링 전지현 닮지 않았나요?예쁘던데",
    "date": "08.05.19",
    "rating": "10",
    "author": "caki****",
    "review_id": "2651083",
    "movie_id": "40648"
  },
  {
    "review": "↓이 영화 보긴 했수? 메가패스존에서 볼수 있음! 감동..",
    "date": "07.12.09",
    "rating": "10",
    "author": "kasi****",
    "review_id": "2217732",
    "movie_id": "40648"
  },
  {
    "review": "1점주면 몇점떨어질지 궁금합니다  참고로 이글올리기전 평점 9.57",
    "date": "07.11.25",
    "rating": "1",
    "author": "zzoo****",
    "review_id": "2180646",
    "movie_id": "40648"
  },
  {
    "review": "우연히봤는데정말감동입니다.조연배우들이너무예뻐요ㅜㅜ강추합니다.",
    "date": "07.09.25",
    "rating": "10",
    "author": "free****",
    "review_id": "2046423",
    "movie_id": "40648"
  },
  {
    "review": "기대에 비해선 별로.. 좀 작위적인 것 같다..",
    "date": "07.05.21",
    "rating": "7",
    "author": "cath****",
    "review_id": "1649194",
    "movie_id": "40648"
  },
  {
    "review": "우연히 보게됐는데 정말 보길 잘했단 생각이 드네요 ㅠㅠㅠ",
    "date": "07.01.24",
    "rating": "10",
    "author": "seul****",
    "review_id": "1410811",
    "movie_id": "40648"
  },
  {
    "review": "감동이야...",
    "date": "06.10.14",
    "rating": "10",
    "author": "smhs****",
    "review_id": "1179916",
    "movie_id": "40648"
  },
  {
    "review": "기대안하고봤는데정말감동입니다.슬프지만따뜻한영화예요ㅋ",
    "date": "06.10.10",
    "rating": "10",
    "author": "baby****",
    "review_id": "1175130",
    "movie_id": "40648"
  },
  {
    "review": "이런게 영화다! 매 장면 장면이 감동이네요..",
    "date": "06.10.01",
    "rating": "10",
    "author": "bhs3****",
    "review_id": "1151672",
    "movie_id": "40648"
  },
  {
    "review": "정말 좋은 영화네요.잔잔한 감동이 좋았어요",
    "date": "06.09.20",
    "rating": "10",
    "author": "dddo****",
    "review_id": "1133783",
    "movie_id": "40648"
  },
  {
    "review": "자극적이지 않은...하지만 그속엔 충분히 은은한 감동이....",
    "date": "06.06.21",
    "rating": "10",
    "author": "gain****",
    "review_id": "851702",
    "movie_id": "40648"
  },
  {
    "review": "영화를 보는 맛은 진정 이런것이 아닌가 한다..",
    "date": "06.05.10",
    "rating": "10",
    "author": "ever****",
    "review_id": "794252",
    "movie_id": "40648"
  },
  {
    "review": "영화제에서 봤지만 비디오로 한번더 보구싶당",
    "date": "06.04.29",
    "rating": "10",
    "author": "lhcg****",
    "review_id": "778993",
    "movie_id": "40648"
  },
  {
    "review": "2004년 부산국제영화제에서 본 영화. 꽤 괜찮았습니다.",
    "date": "06.02.09",
    "rating": "10",
    "author": "hand****",
    "review_id": "657142",
    "movie_id": "40648"
  },
  {
    "review": "보는 내내 아 보러오길 잘 했다는 생각이 들었던 영화..",
    "date": "05.11.28",
    "rating": "10",
    "author": "inug****",
    "review_id": "487950",
    "movie_id": "40648"
  },
  {
    "review": "기대 안하고 본 영화인데 나름대로 볼만하고 재미있었습니다..",
    "date": "05.11.28",
    "rating": "9",
    "author": "6415****",
    "review_id": "487388",
    "movie_id": "40648"
  },
  {
    "review": "예상만큼괜찬네...",
    "date": "05.11.27",
    "rating": "9",
    "author": "wnsk****",
    "review_id": "486121",
    "movie_id": "40648"
  },
  {
    "review": "상영관이 너무 없는 불편함 그러나 감동!",
    "date": "05.11.22",
    "rating": "10",
    "author": "haen****",
    "review_id": "481638",
    "movie_id": "40648"
  },
  {
    "review": "중국속의 영화...야외상영관...그리고...용서와 화해...",
    "date": "05.11.19",
    "rating": "10",
    "author": "blue****",
    "review_id": "478000",
    "movie_id": "40648"
  },
  {
    "review": "기대하세요. 감동의 물결이 밀려옵니다.",
    "date": "05.11.15",
    "rating": "10",
    "author": "yf19****",
    "review_id": "474946",
    "movie_id": "40648"
  },
  {
    "review": "나쁘지않았지만...애기들이 연기를 너무 못함~^ㅁ^;",
    "date": "05.11.02",
    "rating": "7",
    "author": "tea6****",
    "review_id": "461974",
    "movie_id": "40648"
  },
  {
    "review": "잔잔한 감동이 진하게 밀려오는 영화 정말 좋았습니다.",
    "date": "05.11.01",
    "rating": "10",
    "author": "love****",
    "review_id": "461878",
    "movie_id": "40648"
  },
  {
    "review": "가슴이 따뜻해지는 영화를 가지고 왔다...샤오핑이...^^",
    "date": "05.11.01",
    "rating": "10",
    "author": "mong****",
    "review_id": "461461",
    "movie_id": "40648"
  },
  {
    "review": "PIFF에서 발견한 보석같이 소중한 영화",
    "date": "05.06.17",
    "rating": "8",
    "author": "tjsd****",
    "review_id": "301566",
    "movie_id": "40648"
  }
]