[
  {
    "review": "그런 장면이 많다고 관능적인 것은 아님.",
    "date": "09.09.06",
    "rating": "4",
    "author": "dlwo****",
    "review_id": "3814494",
    "movie_id": "40679"
  },
  {
    "review": "사랑, 혹은 섹스, 그리고 마약. 북유럽 영화들의 자연스러운 노출...",
    "date": "07.05.06",
    "rating": "5",
    "author": "caca****",
    "review_id": "1623074",
    "movie_id": "40679"
  },
  {
    "review": "우리의 사고방식과는 좀 거리가 있는 듯한 내용.. 그래서 별루..",
    "date": "06.06.06",
    "rating": "3",
    "author": "lshp****",
    "review_id": "833521",
    "movie_id": "40679"
  },
  {
    "review": "기대하지 않고 봤다가 의외로 좋은 영화를 건진 기분입니다",
    "date": "06.04.16",
    "rating": "8",
    "author": "kimn****",
    "review_id": "763566",
    "movie_id": "40679"
  },
  {
    "review": "무척 지루함",
    "date": "05.09.19",
    "rating": "2",
    "author": "bont****",
    "review_id": "411952",
    "movie_id": "40679"
  },
  {
    "review": "선정적이긴 하지만 재밌는데... 이리나의 연기도 좋았고...",
    "date": "05.08.31",
    "rating": "8",
    "author": "jihu****",
    "review_id": "389351",
    "movie_id": "40679"
  },
  {
    "review": "필리핀영화엿나?",
    "date": "05.07.28",
    "rating": "7",
    "author": "wviv****",
    "review_id": "338418",
    "movie_id": "40679"
  },
  {
    "review": "지루하다.",
    "date": "05.07.27",
    "rating": "1",
    "author": "ykej****",
    "review_id": "335951",
    "movie_id": "40679"
  },
  {
    "review": "구요",
    "date": "05.07.27",
    "rating": "1",
    "author": "kms4****",
    "review_id": "335881",
    "movie_id": "40679"
  },
  {
    "review": "모라",
    "date": "05.05.08",
    "rating": "10",
    "author": "gita****",
    "review_id": "273648",
    "movie_id": "40679"
  }
]