[
  {
    "review": "휴.. 개한민국 쓰레기같은나라  참..",
    "date": "15.07.29",
    "rating": "10",
    "author": "wkkk****",
    "review_id": "10156797",
    "movie_id": "40678"
  },
  {
    "review": "유전무죄 무전유죄... 아직 끝나지 않은 이야기....",
    "date": "15.07.26",
    "rating": "10",
    "author": "taeh****",
    "review_id": "10146684",
    "movie_id": "40678"
  },
  {
    "review": "참... 많을걸생각하게 하는영화네요!그사건이 벌어진지 십수년이 흘렸지만 지금역시 권력있고 돈많은사람들 활게를 치는세상에 살고있는 불편한진실ㅠㅠ모쪼록 먼저가신 그분들에 명복을빕니다",
    "date": "15.07.17",
    "rating": "10",
    "author": "knag****",
    "review_id": "10113096",
    "movie_id": "40678"
  },
  {
    "review": "감독님 고증좀 하고 영화찍으세요먼 영화마다 유치하기짝이없고 어설프고 다 어디서 본것같은 뻔한 장면들뿐인지...",
    "date": "15.07.14",
    "rating": "5",
    "author": "jyjn****",
    "review_id": "10103668",
    "movie_id": "40678"
  },
  {
    "review": "제가 실화를 바탕으로 만들어진 한국영화를 좋아하는편이라.... 이거 유튜브로 봤는데 엄청 꿀잼이였음.... 이거 평점 안좋게 준사람들 이해를 못하겠지만.... 난 이 영화 진짜 완전 재밌게봤음... 다른건 몰라도 이것만은 새기자.. 유전무죄 무전유죄.",
    "date": "15.07.12",
    "rating": "10",
    "author": "naru****",
    "review_id": "10094845",
    "movie_id": "40678"
  },
  {
    "review": "아직 좌절의시대는 끝나지 않았다... 이말이 진짜 가슴에 와닿았음 이사건이 있고 수많은 세월이 흘렀지만 아직 우리나라는 그시절이나 다름 없다는게  많이 슬프네요",
    "date": "15.06.27",
    "rating": "8",
    "author": "dksa****",
    "review_id": "10042960",
    "movie_id": "40678"
  },
  {
    "review": "[ 스토리 5, 비주얼 6, 연출 5, 연기 7 ]　메세지는 좋으나 선악구도가 너무 극단적임.",
    "date": "15.06.25",
    "rating": "6",
    "author": "eyeb****",
    "review_id": "10034897",
    "movie_id": "40678"
  },
  {
    "review": "최고다. 대머리의 만행을 사실 그대로 전해주는 명화. 언제 또 이러한 걸작이 나올 수 있을지...",
    "date": "15.06.23",
    "rating": "10",
    "author": "fbwo****",
    "review_id": "10023622",
    "movie_id": "40678"
  },
  {
    "review": "최민수 연기는 좋았으나... 혼자 무게를 너무 잡았다... 유전무죄 무전유죄!!!",
    "date": "15.06.17",
    "rating": "8",
    "author": "youn****",
    "review_id": "10006937",
    "movie_id": "40678"
  },
  {
    "review": "썩어문드러진....",
    "date": "15.05.17",
    "rating": "10",
    "author": "kimm****",
    "review_id": "9927720",
    "movie_id": "40678"
  },
  {
    "review": "아무리 봐도 사장당한 영화. 그 사실이 아직도 쌍팔년도같다는 느낌에 먹먹하다.",
    "date": "15.05.12",
    "rating": "10",
    "author": "shim****",
    "review_id": "9912209",
    "movie_id": "40678"
  },
  {
    "review": "다시 재개봉했으면 좋겠다..이렇게 묻히기엔 너무나 아까운 영화고 이렇게 잊혀지기엔 너무나 안타까운 사건이다",
    "date": "15.05.02",
    "rating": "10",
    "author": "askg****",
    "review_id": "9885302",
    "movie_id": "40678"
  },
  {
    "review": "메시지는 좋은데 너무 오버액션이 심함.. 유치하기 짝이 없음",
    "date": "15.04.28",
    "rating": "1",
    "author": "khja****",
    "review_id": "9875748",
    "movie_id": "40678"
  },
  {
    "review": "재미있게 보았습니다.",
    "date": "15.04.26",
    "rating": "10",
    "author": "hdh0****",
    "review_id": "9872061",
    "movie_id": "40678"
  },
  {
    "review": "과연 기자나 평론가의 영화보는 관점은 뭐지? 이 명작을 폄하하는 이상한 취향",
    "date": "15.03.07",
    "rating": "9",
    "author": "sams****",
    "review_id": "9762411",
    "movie_id": "40678"
  },
  {
    "review": "최민수의 연기는 좋앗다.",
    "date": "15.02.26",
    "rating": "5",
    "author": "ngup****",
    "review_id": "9740080",
    "movie_id": "40678"
  },
  {
    "review": "쓰레기같은 법.. 있지 그거알아? 정의로워봤자 결국엔 너가 지는거야라는 말이떠오르네요 세상은 정의로워질수없는걸까요",
    "date": "15.02.18",
    "rating": "10",
    "author": "fpzm****",
    "review_id": "9710418",
    "movie_id": "40678"
  },
  {
    "review": "탈옥 장면은 콘에어 따라했나?ㅋㅋㅋ",
    "date": "15.02.13",
    "rating": "10",
    "author": "tmfo****",
    "review_id": "9692289",
    "movie_id": "40678"
  },
  {
    "review": "차안에서 담배피고 총살당하는 장면은 잊을수 없지",
    "date": "15.02.08",
    "rating": "8",
    "author": "ghos****",
    "review_id": "9679695",
    "movie_id": "40678"
  },
  {
    "review": "(김)무성  유죄!! 유성  무죄!!!라스트의  핵탄두급 폭발력",
    "date": "15.02.06",
    "rating": "10",
    "author": "thx7****",
    "review_id": "9673410",
    "movie_id": "40678"
  },
  {
    "review": "평점쓰려로그인합니다내영화본거중 탑에드는영화이게 영화다!",
    "date": "15.01.30",
    "rating": "10",
    "author": "fkvm****",
    "review_id": "9650608",
    "movie_id": "40678"
  },
  {
    "review": "종니재밋다..미친기자평론가ㅉㅉ",
    "date": "15.01.26",
    "rating": "10",
    "author": "leej****",
    "review_id": "9637776",
    "movie_id": "40678"
  },
  {
    "review": "bgm이랑 너무 잘어울린영화. 최민수씨의 독특한 연기도 눈에 띄었습니다.",
    "date": "15.01.25",
    "rating": "8",
    "author": "wnst****",
    "review_id": "9635310",
    "movie_id": "40678"
  },
  {
    "review": "생각보단 옛날 영화가 아니네. 최민수 잘생겨서 1점, 노래 좋아서 1점, 나머지는 개 허접",
    "date": "15.01.23",
    "rating": "3",
    "author": "ari1****",
    "review_id": "9625892",
    "movie_id": "40678"
  },
  {
    "review": "오버가 심한 악당 캐릭터와 실화를 풀어가는 그릇된 방식",
    "date": "15.01.22",
    "rating": "4",
    "author": "rcan****",
    "review_id": "9621137",
    "movie_id": "40678"
  },
  {
    "review": "감독의 역량이 부족하여 영화의 메세지가 제대로 전달되지 못한것이 너무 아쉽다. 최민식의 연기가 너무 중2병같아서 보기가 조금 불편했다.",
    "date": "15.01.19",
    "rating": "4",
    "author": "pjh2****",
    "review_id": "9611681",
    "movie_id": "40678"
  },
  {
    "review": "와.. 이거 음악..짱..ㅠ",
    "date": "15.01.10",
    "rating": "10",
    "author": "hiph****",
    "review_id": "9579309",
    "movie_id": "40678"
  },
  {
    "review": "상당히 괜찮은 영화, 정형화되지 않은 영화의 힘이 있다.",
    "date": "15.01.05",
    "rating": "8",
    "author": "imdo****",
    "review_id": "9564499",
    "movie_id": "40678"
  },
  {
    "review": "아직도 변하지 않았다.",
    "date": "15.01.04",
    "rating": "10",
    "author": "coc4****",
    "review_id": "9563092",
    "movie_id": "40678"
  },
  {
    "review": "잊을수없는최고의영화",
    "date": "15.01.01",
    "rating": "10",
    "author": "kinh****",
    "review_id": "9547385",
    "movie_id": "40678"
  },
  {
    "review": "대한민국은 언제쯤변할것인가",
    "date": "14.12.30",
    "rating": "9",
    "author": "mich****",
    "review_id": "9537087",
    "movie_id": "40678"
  },
  {
    "review": "마지막 조안의 스톡홀름 신드롬적 반응은 현실감이 떨어짐.",
    "date": "14.12.24",
    "rating": "8",
    "author": "hn2d****",
    "review_id": "9509602",
    "movie_id": "40678"
  },
  {
    "review": "과거의 사건들을 재구성하여 팩션으로 만든 영화는 항상 흥미롭고 재밌다. 과거에는 사회가 뒤숭숭해서 그러려니 하겠지만 현대사회에서 범죄자는 범죄자일뿐이다.",
    "date": "14.12.15",
    "rating": "8",
    "author": "yong****",
    "review_id": "9475808",
    "movie_id": "40678"
  },
  {
    "review": "아직까지도 좋아하는 영화중 하나로 꼽고있습니다.",
    "date": "14.12.11",
    "rating": "10",
    "author": "ribo****",
    "review_id": "9464588",
    "movie_id": "40678"
  },
  {
    "review": "보는내내 마음이 뭉클했던것같았습니다.. 실화라서그런지 더 그렇게 마음에 와닿았습니다... 참...배우분들이 연기를 너무 잘해셔서그런지... 실제같고.... 정말 유전,무죄라는말을 더깊이알게된 영화였던것같았습니다...",
    "date": "14.12.10",
    "rating": "10",
    "author": "asqz****",
    "review_id": "9463721",
    "movie_id": "40678"
  },
  {
    "review": "유전무죄 무전유죄!!!",
    "date": "14.12.07",
    "rating": "10",
    "author": "sk58****",
    "review_id": "9454504",
    "movie_id": "40678"
  },
  {
    "review": "지나치게 감성적으로 치우친 후반부",
    "date": "14.11.12",
    "rating": "5",
    "author": "goms****",
    "review_id": "9373727",
    "movie_id": "40678"
  },
  {
    "review": "한국영화에 10점 잘안주는데 이영화는 10점 받을만한 충분한 가치가 있는 영화다!",
    "date": "14.11.03",
    "rating": "10",
    "author": "ske4****",
    "review_id": "9338696",
    "movie_id": "40678"
  },
  {
    "review": "이거 예전에 죄와벌이라는 MBC법정드라마에서 나왔는데. 조금 와전되있는거 같은 유전무죄 무전유죄 이말때문에 +1점 플러스해서 2점드릴께요  .",
    "date": "14.09.22",
    "rating": "2",
    "author": "neoc****",
    "review_id": "9234905",
    "movie_id": "40678"
  },
  {
    "review": "재밌게봤고 한국은 참 x같은 나라라는걸 느꼈는데, 영화에서 한가지 아쉬운 부분이 있다면.. 실제로 돈없고 가난해도 열심히 사는 사람 많은데.. 여기선 범죄자들이 너무 영웅으로 나온거같다라는 생각이듬.. 물론 인성은 나쁜사람들이 아니지만 ..",
    "date": "14.09.21",
    "rating": "8",
    "author": "wjaw****",
    "review_id": "9230537",
    "movie_id": "40678"
  },
  {
    "review": "다좋았는데...최대의 단점은 최민수의 허접한 연기가 영화를 사정없이 깍아먹는다는거",
    "date": "14.09.08",
    "rating": "5",
    "author": "bak2****",
    "review_id": "9182347",
    "movie_id": "40678"
  },
  {
    "review": "영화로서는 아쉬움, 하지만 분명한 의미가 있는 영화",
    "date": "14.09.05",
    "rating": "7",
    "author": "ckfu****",
    "review_id": "9167335",
    "movie_id": "40678"
  },
  {
    "review": "대박... 유전무죄 무전유죄.... 너무 짠했음ㅜㅜ이런... 경찰인 최민수가 너무 미웠음ㅜㅜ",
    "date": "14.08.15",
    "rating": "10",
    "author": "mins****",
    "review_id": "9091163",
    "movie_id": "40678"
  },
  {
    "review": "너무 슬프고 잔혹했던 영화...",
    "date": "14.08.14",
    "rating": "10",
    "author": "sw20****",
    "review_id": "9085718",
    "movie_id": "40678"
  },
  {
    "review": "유전무죄 , 무전유죄 !!!! 사회보호감호형의 문제점을 되짚어본 참된영화...",
    "date": "14.08.12",
    "rating": "10",
    "author": "blac****",
    "review_id": "9070823",
    "movie_id": "40678"
  },
  {
    "review": "이걸 오늘에서야 봤어요ㅠㅠbb올만에 몰입도 여운도 많이 남는영호ㅏ",
    "date": "14.07.29",
    "rating": "10",
    "author": "plat****",
    "review_id": "8979445",
    "movie_id": "40678"
  },
  {
    "review": "시대의 비극이 눈물나내요",
    "date": "14.07.27",
    "rating": "9",
    "author": "yyb1****",
    "review_id": "8969980",
    "movie_id": "40678"
  },
  {
    "review": "'돈이 면 다 된다 '라는 씁쓸한 말을 떠올리게 하네요",
    "date": "14.07.12",
    "rating": "10",
    "author": "pkm6****",
    "review_id": "8907824",
    "movie_id": "40678"
  },
  {
    "review": "극장에서 보고 딱 8년이 지나고 다시 감상했는데도, 그당시에 느꼈던 똑같은 분노를 느껴본다",
    "date": "14.06.26",
    "rating": "10",
    "author": "tmdw****",
    "review_id": "8859928",
    "movie_id": "40678"
  },
  {
    "review": "익산 교도소세트장에서 beegee 의 holiday노래를 들으면 싱크로율 100%.",
    "date": "14.06.14",
    "rating": "9",
    "author": "jiri****",
    "review_id": "8829499",
    "movie_id": "40678"
  },
  {
    "review": "초코파이 먹으면서 서럽게 울던 모습이 아직도 머릿속에 선하다...",
    "date": "14.06.14",
    "rating": "8",
    "author": "cjfg****",
    "review_id": "8827771",
    "movie_id": "40678"
  },
  {
    "review": "명대사가 상당히 기억속에 남는다 여운에 많이남음",
    "date": "14.06.11",
    "rating": "9",
    "author": "dkdl****",
    "review_id": "8821678",
    "movie_id": "40678"
  },
  {
    "review": "평점을 쪼금 더준영화. 봐야하는영화.",
    "date": "14.06.07",
    "rating": "9",
    "author": "woot****",
    "review_id": "8806203",
    "movie_id": "40678"
  },
  {
    "review": "아직도 생각난다..  유전무죄 무전유죄",
    "date": "14.05.17",
    "rating": "7",
    "author": "adiv****",
    "review_id": "8741312",
    "movie_id": "40678"
  },
  {
    "review": "오히려 실화 그대로 했으면 더 좋았을 것을..실제 영상이 더 영화같음최민수 캐릭터는 먼고?",
    "date": "14.05.05",
    "rating": "1",
    "author": "arch****",
    "review_id": "8707376",
    "movie_id": "40678"
  },
  {
    "review": "안 좋은 점이 있다면 이어폰으로 듣는데 목소리가 센터에서 안 나고 좌우 따로따로 나고 음질이 좋지 않아 영화를 감상하는 데에 있어 몰입도가 떨어집니다. 그것만 뺀다면 다 좋습니다. 특히 배우들의 연기실력은 너무 사실적이네요.",
    "date": "14.04.17",
    "rating": "10",
    "author": "dnfl****",
    "review_id": "8655974",
    "movie_id": "40678"
  },
  {
    "review": "실화 바탕의 영화. 하지만 좋은 메시지를 전하고자 하는 의도는 좋았으나 다소 지루함. 기억에 남는 것은 명대사와 최민수의 이빨, 이성재의 몸 정도.",
    "date": "14.04.16",
    "rating": "7",
    "author": "jjaj****",
    "review_id": "8653120",
    "movie_id": "40678"
  },
  {
    "review": "생각보다 너무 재밌어서 놀랬다",
    "date": "14.03.22",
    "rating": "10",
    "author": "qkqh****",
    "review_id": "8594705",
    "movie_id": "40678"
  },
  {
    "review": "최고의걸작이다이거는",
    "date": "14.03.21",
    "rating": "10",
    "author": "ehdq****",
    "review_id": "8591749",
    "movie_id": "40678"
  },
  {
    "review": "역시나 예상했던 데로 베충이들이 득실대는구만",
    "date": "14.03.19",
    "rating": "10",
    "author": "prid****",
    "review_id": "8587228",
    "movie_id": "40678"
  },
  {
    "review": "이성재의 연기력을 다시 한번 일깨워준 작품",
    "date": "14.03.09",
    "rating": "10",
    "author": "wjdt****",
    "review_id": "8566014",
    "movie_id": "40678"
  },
  {
    "review": "가슴 아픈 하지만  골때리는.",
    "date": "14.02.26",
    "rating": "10",
    "author": "real****",
    "review_id": "8540049",
    "movie_id": "40678"
  },
  {
    "review": "우리나라 역사지 뭐.... 최민수도 이 영화에 애착을 많이 가져서 그런지 연기에 오바가 심해서 결국 유명한 짤방까지 탄생하고 대단한 영화다",
    "date": "14.02.23",
    "rating": "8",
    "author": "lkyl****",
    "review_id": "8530904",
    "movie_id": "40678"
  },
  {
    "review": "강렬함으로 압도하는 영화.",
    "date": "14.02.10",
    "rating": "8",
    "author": "dlwo****",
    "review_id": "8496375",
    "movie_id": "40678"
  },
  {
    "review": "몇번을 다시보고 생각해도 저때나 지금이나 유전무죄 무전유죄 이말은 여전히 유효한듯ㅡㅡ진짜 뭐같은 세상이다 진심으로....",
    "date": "14.01.17",
    "rating": "10",
    "author": "gol1****",
    "review_id": "8391159",
    "movie_id": "40678"
  },
  {
    "review": "사회의 부조리를 잘 살려낸 영화. 지금봐도 전혀 촌스럽지않고.. 지금봐도 정말 공감이 많이되는 우리의 안녕하지못한 사회에 필요한 영화.",
    "date": "14.01.01",
    "rating": "10",
    "author": "oran****",
    "review_id": "8335225",
    "movie_id": "40678"
  },
  {
    "review": "유전무죄 무전유죄라는 유명한 명대사를 남긴 영화",
    "date": "13.12.30",
    "rating": "10",
    "author": "534k****",
    "review_id": "8324696",
    "movie_id": "40678"
  },
  {
    "review": "이 영화 진짜 감동적이게 봤는데 이런 영화가 한 700만은 들었어야했는데 배급문제 때문에.",
    "date": "13.12.24",
    "rating": "10",
    "author": "nada****",
    "review_id": "8286842",
    "movie_id": "40678"
  },
  {
    "review": "범죄자가 말하는 유전무죄 무전유죄동조하지마세요 그저 범죄자들일 뿐임",
    "date": "13.12.21",
    "rating": "1",
    "author": "chan****",
    "review_id": "8263468",
    "movie_id": "40678"
  },
  {
    "review": "재밋는데 최민수 죽엇으면 10점인데 마지막에 목찌르는척 훼이크치고 살아서 최민수 죽이고 죽엇어야지 -- 죽엇으면 통쾌햇을듯",
    "date": "13.12.18",
    "rating": "6",
    "author": "dbxo****",
    "review_id": "8229854",
    "movie_id": "40678"
  },
  {
    "review": "유전무죄 무전유죄...",
    "date": "13.12.17",
    "rating": "9",
    "author": "kyd9****",
    "review_id": "8220437",
    "movie_id": "40678"
  },
  {
    "review": "시대의 분노가 잘 표현된 수작",
    "date": "13.12.08",
    "rating": "9",
    "author": "kkok****",
    "review_id": "8199325",
    "movie_id": "40678"
  },
  {
    "review": "진심 최고다... 마지막 유전무죄 그대사 진짜 명언이였다.하지만 범죄자들은 너무 미화시킨듯....",
    "date": "13.11.29",
    "rating": "9",
    "author": "lll8****",
    "review_id": "8177080",
    "movie_id": "40678"
  },
  {
    "review": "평이 필요한가? 다시 저런시대가 오고있는대 ㅋㅋ",
    "date": "13.11.22",
    "rating": "10",
    "author": "gimd****",
    "review_id": "8160148",
    "movie_id": "40678"
  },
  {
    "review": "개한민국이 세계최대쓰레기나라라는걸 보여주는 뜻깊은영화 옛날도 쓰레기지만 지금도 여전히 살만한곳이 못되는쓰레기나라 차라리 버뮤다삼각지대에 사는게 낫지",
    "date": "13.11.20",
    "rating": "10",
    "author": "alsh****",
    "review_id": "8154187",
    "movie_id": "40678"
  },
  {
    "review": "무전유죄유전무죄..",
    "date": "13.10.30",
    "rating": "10",
    "author": "ehdr****",
    "review_id": "8102645",
    "movie_id": "40678"
  },
  {
    "review": "지금 다시 보면 다른 생각을 할지 모르겠지만 봤던 당시에는 엄청 펑펑 울면서 봤던 기억이 나네요. 유전무죄 무전유죄라고 외치던 장면이 계속 생각이 나요.",
    "date": "13.10.27",
    "rating": "10",
    "author": "tkdr****",
    "review_id": "8094974",
    "movie_id": "40678"
  },
  {
    "review": "참 많은걸 생각하게 해주는 영화 였습니다 ~",
    "date": "13.10.24",
    "rating": "8",
    "author": "tekk****",
    "review_id": "8083398",
    "movie_id": "40678"
  },
  {
    "review": "몇년 텀으로 5번 이상을 봤지만 볼때마다 새로운 걸 느끼게 되네요. 실화라는 사실에 대한민국을 한번 더 생각해보게 하는 영화입니다.",
    "date": "13.10.17",
    "rating": "10",
    "author": "gol_****",
    "review_id": "8066529",
    "movie_id": "40678"
  },
  {
    "review": "먼 영화를 이따구로 만들어. 범죄자를 말도 안되게 미화시켜놨네. 인질이랑 술 한잔하고 꼬맹이랑 놀아주는데 가족들은 미소짓고 있고.. 개그하나 ㅋㅋ 졸 어이없음",
    "date": "13.10.03",
    "rating": "1",
    "author": "juli****",
    "review_id": "8032406",
    "movie_id": "40678"
  },
  {
    "review": "이제서야 봤는데,,,,배우분들의 연기도 구성도 괜찮네요.전달하는 메세지도 있고요. 안보신 분들은 한번 보세요.",
    "date": "13.09.27",
    "rating": "9",
    "author": "blue****",
    "review_id": "8018091",
    "movie_id": "40678"
  },
  {
    "review": "70억 횡령한 전두환 동생 보다 5백 훔친죄로 보호감호까지 받아야했던 지강헌이 죽기 전 마지막 세상에 던진 메시지를 제대로 살려내지 못한 아쉬운 작품",
    "date": "13.09.26",
    "rating": "7",
    "author": "trut****",
    "review_id": "8016730",
    "movie_id": "40678"
  },
  {
    "review": "최민수의 과장된 만화같은 캐릭터가 거슬리네..",
    "date": "13.09.01",
    "rating": "8",
    "author": "otti****",
    "review_id": "7940106",
    "movie_id": "40678"
  },
  {
    "review": "완성도 높은 영화.",
    "date": "13.08.31",
    "rating": "10",
    "author": "4467****",
    "review_id": "7937437",
    "movie_id": "40678"
  },
  {
    "review": "드릅게 명작이에유. 이성재 근육 정도 보니까 간이 큰 체질이가봐유. 간이 큰 체질에서만 저런 근육을 만들 수가 있지유.",
    "date": "13.08.29",
    "rating": "10",
    "author": "real****",
    "review_id": "7932416",
    "movie_id": "40678"
  },
  {
    "review": "얼마나 억울할까",
    "date": "13.08.16",
    "rating": "10",
    "author": "ekaq****",
    "review_id": "7888323",
    "movie_id": "40678"
  },
  {
    "review": "다분히 의도된 스토리. 구성은 없고 선동적 의도만 있는 저질 구라",
    "date": "13.07.25",
    "rating": "1",
    "author": "past****",
    "review_id": "7782179",
    "movie_id": "40678"
  },
  {
    "review": "주는 메세지는 의미 있지만 너무 범죄옹호적 성격이 짙은 연출이 아니었나 싶다. 조금 더 범죄우상화가 될 수도 있는 연출을 죽이면서도 탈옥수들의 인간적인 면모를 부각시킬수 있지 않았나? 하고 아쉬움이 남는다.",
    "date": "13.07.23",
    "rating": "9",
    "author": "gkst****",
    "review_id": "7778705",
    "movie_id": "40678"
  },
  {
    "review": "딱.반만.. 재미있지도 재미없지도.실제있었단사실에충격.곧지난 지금도 아직 대한민국이더럽단걸 인지시켜주는영화",
    "date": "13.07.23",
    "rating": "5",
    "author": "zioz****",
    "review_id": "7777104",
    "movie_id": "40678"
  },
  {
    "review": "겁나 재미없다",
    "date": "13.07.20",
    "rating": "1",
    "author": "hone****",
    "review_id": "7765197",
    "movie_id": "40678"
  },
  {
    "review": "정말 좋은 영화. 내용도 좋지만 단연 최민수의 연기가 돋보인다.",
    "date": "13.07.18",
    "rating": "8",
    "author": "ssys****",
    "review_id": "7756020",
    "movie_id": "40678"
  },
  {
    "review": "이영화 고등학교2학년때 봤었는데 다시보니 걸작임. 무전유죄유전무죄!의 의미를 다시깨닿게 하는 영화.",
    "date": "13.07.13",
    "rating": "10",
    "author": "yksi****",
    "review_id": "7736145",
    "movie_id": "40678"
  },
  {
    "review": "좋은여행 감사합니다. 무전유죄",
    "date": "13.07.08",
    "rating": "10",
    "author": "rhin****",
    "review_id": "7717542",
    "movie_id": "40678"
  },
  {
    "review": "여러번 본영화인데 평점을 이제야^^명작이죠,말이필요하겠습니까^^",
    "date": "13.07.06",
    "rating": "10",
    "author": "sadh****",
    "review_id": "7709519",
    "movie_id": "40678"
  },
  {
    "review": "배우분들 연기가 일품이네요.간만에 영화 몰입해서 잘 봤습니다.",
    "date": "13.06.25",
    "rating": "10",
    "author": "hane****",
    "review_id": "7679917",
    "movie_id": "40678"
  },
  {
    "review": "실재로 충분히 있을 법 하다고 생각한다.늦게라도 봐서 다행ㅎㅎ근데 왜 검색창에 아랫쪽에 영화정보가 나타나는걸까.. 다른영화는 다 위에 나타나는데",
    "date": "13.06.22",
    "rating": "9",
    "author": "migu****",
    "review_id": "7665935",
    "movie_id": "40678"
  },
  {
    "review": "이것이 영화다",
    "date": "13.06.21",
    "rating": "10",
    "author": "woom****",
    "review_id": "7665099",
    "movie_id": "40678"
  },
  {
    "review": "지금이라도 보게된걸 다행으로생각하네요",
    "date": "13.06.21",
    "rating": "9",
    "author": "dyds****",
    "review_id": "7663824",
    "movie_id": "40678"
  },
  {
    "review": "미화는 정도껏 해야한다.",
    "date": "13.06.20",
    "rating": "5",
    "author": "myjs****",
    "review_id": "7659782",
    "movie_id": "40678"
  },
  {
    "review": "개봉 하고 .. 순식간에 내려가서 망한 영화라고만 알고 있다가 한번 본 후로는 괜찮은 영화라고 생각이 들더군요 ~ 어떤분은 허구라고 하는대... 실제로 있던일인대 무슨 허구입니까...",
    "date": "13.06.19",
    "rating": "10",
    "author": "aqsd****",
    "review_id": "7656927",
    "movie_id": "40678"
  }
]