[
  {
    "review": "나름 볼만했던 영화.. 반전이랄것도 없고 잔인하지만 색다른 소재로 괜찮은 몰입감을 줌.. 딱 7점대 영화인듯~",
    "date": "15.08.25",
    "rating": "7",
    "author": "cjsw****",
    "review_id": "10273325",
    "movie_id": "40743"
  },
  {
    "review": "그냥 친구 차 낑겨타서 경기보러갔으면 안 일어났을 일..",
    "date": "15.08.10",
    "rating": "10",
    "author": "chac****",
    "review_id": "10211907",
    "movie_id": "40743"
  },
  {
    "review": "한국 3류 공포물보다 안무서우면 어쩌자는거야..",
    "date": "15.07.28",
    "rating": "1",
    "author": "toto****",
    "review_id": "10153314",
    "movie_id": "40743"
  },
  {
    "review": "이런 영화 특징이겠지만, 인물들이 하나같이 멍청하고 구제 불능이라서 무뇌적인 행동만 골라서 한다. 좀 색다른, 현명한 행동을 해도 당하는.. 그런걸 보고 싶다.",
    "date": "15.07.18",
    "rating": "6",
    "author": "6ixx****",
    "review_id": "10114947",
    "movie_id": "40743"
  },
  {
    "review": "스릴도 있고 재밋음ㅋㅋㅋ소재가 참 신선하네",
    "date": "15.07.12",
    "rating": "10",
    "author": "youn****",
    "review_id": "10096907",
    "movie_id": "40743"
  },
  {
    "review": "내가 본 공포영화중 세손가락에는 드는것 같아 공포영화 생각하면 가장먼저 떠오르는 영화",
    "date": "15.07.03",
    "rating": "10",
    "author": "gust****",
    "review_id": "10063800",
    "movie_id": "40743"
  },
  {
    "review": "숨겨진 보석같은 영화죠,,소재도 참신하고... 이영화 나온지 10년인데 아직 비슷한 소재로 나온게 하나도없어요.",
    "date": "15.06.22",
    "rating": "10",
    "author": "plmk****",
    "review_id": "10022963",
    "movie_id": "40743"
  },
  {
    "review": "이영화 몇번이나봤어요...10년된영화라 영상이조금은떨어지지만  공포물중에 좀 독특한영화여요.왁스로산사람을 입힌다는것..꼭진짜같은  몇번을봐도 지겹지않은그런내용..",
    "date": "15.06.17",
    "rating": "10",
    "author": "seon****",
    "review_id": "10006356",
    "movie_id": "40743"
  },
  {
    "review": "영화 시작부분부터 남달랐고 배우들도 미국 드라마 계에서 꽤 알려진 배우들. 너무나 화려한 B급 근데 또 재미있음.",
    "date": "15.05.18",
    "rating": "9",
    "author": "wjsf****",
    "review_id": "9930583",
    "movie_id": "40743"
  },
  {
    "review": "소재가 제일 마음에들었다 오랜만에 보니깐 무섭다",
    "date": "15.05.09",
    "rating": "10",
    "author": "asqz****",
    "review_id": "9906428",
    "movie_id": "40743"
  },
  {
    "review": "아진짜엮겨워서토나올뻔개혐오스럽고끔찍하고진짜소름끼치고 잔인한거잘못보는사람은비추진짜눈물흘리고우는거정말너무끔찍했다..속이미식거렸다..",
    "date": "15.05.09",
    "rating": "4",
    "author": "govl****",
    "review_id": "9905095",
    "movie_id": "40743"
  },
  {
    "review": "ㅎㄷㄷ짱임진짜...",
    "date": "15.05.08",
    "rating": "10",
    "author": "king****",
    "review_id": "9903515",
    "movie_id": "40743"
  },
  {
    "review": "다시봐도 재밌음 뜬금없지만 칼리가 동물사체구덩이에 빠졌다가 옷 갈아입을때 남자 셋이 가려주는 거 설렌다..",
    "date": "15.05.08",
    "rating": "10",
    "author": "hyun****",
    "review_id": "9903335",
    "movie_id": "40743"
  },
  {
    "review": "이정도 소재로 이만큼 살려냈으면 잘 만들어낸거 같다. 나름 신선하기도 했음",
    "date": "15.04.29",
    "rating": "7",
    "author": "ckgh****",
    "review_id": "9877867",
    "movie_id": "40743"
  },
  {
    "review": "나중에는 액션영화로 변합니다",
    "date": "15.04.21",
    "rating": "7",
    "author": "milk****",
    "review_id": "9855961",
    "movie_id": "40743"
  },
  {
    "review": "너무 재밌게 잘봤고 밀랍이라는 소재가 참 독특했어요",
    "date": "15.04.12",
    "rating": "10",
    "author": "8839****",
    "review_id": "9841603",
    "movie_id": "40743"
  },
  {
    "review": "서론이 너무 길었다.. 소재도 독특하고 재밌었다 아쉬운건 다 짐작했던 내용이라는거",
    "date": "15.03.22",
    "rating": "8",
    "author": "love****",
    "review_id": "9799435",
    "movie_id": "40743"
  },
  {
    "review": "재밌음!!!!강추강추",
    "date": "15.03.12",
    "rating": "10",
    "author": "kram****",
    "review_id": "9775018",
    "movie_id": "40743"
  },
  {
    "review": "주인공이싸움겁나잘하네",
    "date": "15.03.11",
    "rating": "9",
    "author": "xx41****",
    "review_id": "9772952",
    "movie_id": "40743"
  },
  {
    "review": "내 인생 최고의 공포영화 스토리도 완전 탄탄함..",
    "date": "15.03.11",
    "rating": "10",
    "author": "kkse****",
    "review_id": "9771771",
    "movie_id": "40743"
  },
  {
    "review": "ㅋㅋㅋ 저번에 봤었는데 꿀잼~ 영화포스터는 보기만해도 오싹해짐..",
    "date": "15.03.10",
    "rating": "8",
    "author": "yg90****",
    "review_id": "9770324",
    "movie_id": "40743"
  },
  {
    "review": "일단 '밀랍인형'이라는 소재가 주는 신선함과 호기심으로 흥미롭다가, 후반부로 갈수록 마을 전체가 밀랍인형들 뿐인 기괴한 상황 설정이 주는 그로테스크함까지 더해져서 일반 스릴러물과는 확실히 다른 공포감을 선사한다! ( +생각보다 많이 잔인하다 -.-)",
    "date": "15.03.06",
    "rating": "9",
    "author": "pgk4****",
    "review_id": "9760495",
    "movie_id": "40743"
  },
  {
    "review": "기분도 더럽고 최악의 영화",
    "date": "15.02.16",
    "rating": "1",
    "author": "gogo****",
    "review_id": "9702193",
    "movie_id": "40743"
  },
  {
    "review": "독특한 소재의 전형적인 스릴러. 그 당시엔 획기적이였을을라나...  그 점을 빼더라도 힐튼의 연기는 최악",
    "date": "15.02.01",
    "rating": "6",
    "author": "minw****",
    "review_id": "9656077",
    "movie_id": "40743"
  },
  {
    "review": "10번은넘게본듯 물론잔인한장면은 눈가리고봄",
    "date": "15.02.01",
    "rating": "9",
    "author": "grtf****",
    "review_id": "9655848",
    "movie_id": "40743"
  },
  {
    "review": "10년전꺼네..나름 괜찮음",
    "date": "15.01.31",
    "rating": "8",
    "author": "tlwm****",
    "review_id": "9655738",
    "movie_id": "40743"
  },
  {
    "review": "긴장감이 있다. 꽤 재밌게 봤음. 징그러운 장면도  좀 있음",
    "date": "15.01.28",
    "rating": "9",
    "author": "ahap****",
    "review_id": "9643739",
    "movie_id": "40743"
  },
  {
    "review": "꿀잼이네 공포영화계의 최고봉",
    "date": "15.01.27",
    "rating": "10",
    "author": "kjw9****",
    "review_id": "9642183",
    "movie_id": "40743"
  },
  {
    "review": "흥미로운 소재와 엄청난 스릴이있다. 왠만한 좀비영화보다 훨씬 나았음.",
    "date": "15.01.20",
    "rating": "10",
    "author": "lleu****",
    "review_id": "9615928",
    "movie_id": "40743"
  },
  {
    "review": "재미는 있는데 너무 잔인해요ㅠㅠ",
    "date": "15.01.10",
    "rating": "6",
    "author": "wls3****",
    "review_id": "9582032",
    "movie_id": "40743"
  },
  {
    "review": "소재는 신선하나 스토리는 역시나 진부",
    "date": "15.01.04",
    "rating": "6",
    "author": "rcan****",
    "review_id": "9562089",
    "movie_id": "40743"
  },
  {
    "review": "진짜 이정도면 수작이다. 주인공들도 답답하게 안나오고 통쾌한 마무리다.",
    "date": "14.12.25",
    "rating": "7",
    "author": "kyn9****",
    "review_id": "9510761",
    "movie_id": "40743"
  },
  {
    "review": "잼잇게 봣네요 끔찍함 ㄷㄷㄷ",
    "date": "14.12.25",
    "rating": "10",
    "author": "dlzk****",
    "review_id": "9510728",
    "movie_id": "40743"
  },
  {
    "review": "매번 봐도 스릴있고 진짜 재밌어요",
    "date": "14.12.25",
    "rating": "10",
    "author": "kimm****",
    "review_id": "9510635",
    "movie_id": "40743"
  },
  {
    "review": "나름 독특한 소재의 공포영화. 볼만함.",
    "date": "14.12.20",
    "rating": "9",
    "author": "saro****",
    "review_id": "9492807",
    "movie_id": "40743"
  },
  {
    "review": "공포스러운 소재에 흥미를 떨어트리는 네러티브.",
    "date": "14.12.15",
    "rating": "5",
    "author": "tear****",
    "review_id": "9475376",
    "movie_id": "40743"
  },
  {
    "review": "신선햇다볼만햇다넚둫투",
    "date": "14.12.15",
    "rating": "8",
    "author": "kst1****",
    "review_id": "9475319",
    "movie_id": "40743"
  },
  {
    "review": "하나도 기대안하고 뭐 또 그런영화겠지 뚱하게 보다가 어느새 긴장하게 된다. 왁스를 이용해 꽤 괜찮은 공포를 창조해냈다.",
    "date": "14.12.14",
    "rating": "8",
    "author": "whia****",
    "review_id": "9474646",
    "movie_id": "40743"
  },
  {
    "review": "여주가 우선 이쁘다. 마지막 왁스가 불타는 장면은 압권임.",
    "date": "14.12.07",
    "rating": "8",
    "author": "awak****",
    "review_id": "9455779",
    "movie_id": "40743"
  },
  {
    "review": "신선한 소재, 몇가지 연출장면이 보는 동안 지루하지 않게 한거 같아",
    "date": "14.11.30",
    "rating": "9",
    "author": "iii1****",
    "review_id": "9434016",
    "movie_id": "40743"
  },
  {
    "review": "10고어물이지. 신선하기보단 제정신이 아니고서야 어떻게 저런 생각을 영화로 담아내는건지",
    "date": "14.11.21",
    "rating": "5",
    "author": "lynx****",
    "review_id": "9407623",
    "movie_id": "40743"
  },
  {
    "review": "소재는 신선하나 흔하디 흔한 호러스릴러의 라인을 벗어나지 못한다",
    "date": "14.11.20",
    "rating": "5",
    "author": "kimb****",
    "review_id": "9402937",
    "movie_id": "40743"
  },
  {
    "review": "뻔한 공포영화의 공식을 따르고 있지만, 지루하진 않았다.",
    "date": "14.11.19",
    "rating": "8",
    "author": "mani****",
    "review_id": "9401367",
    "movie_id": "40743"
  },
  {
    "review": "공포 영화답게 충실하고 내용도 볼만하다.",
    "date": "14.11.05",
    "rating": "8",
    "author": "adiv****",
    "review_id": "9342128",
    "movie_id": "40743"
  },
  {
    "review": "소름이....너무 잔인하다 진짜.,그런데 재미있다...^^;;",
    "date": "14.10.27",
    "rating": "8",
    "author": "fash****",
    "review_id": "9321556",
    "movie_id": "40743"
  },
  {
    "review": "오랜만에 봤는데도 리얼 무섭다",
    "date": "14.10.27",
    "rating": "10",
    "author": "cecy****",
    "review_id": "9321058",
    "movie_id": "40743"
  },
  {
    "review": "오~ 정말 별 기대안하고 봤는데... 소재와 연기력 연출 삼박자가 만들어낸 최고의 공포 스릴러 무비 !!! 다음 장면을 예상함에도 움찔움찔!!",
    "date": "14.10.27",
    "rating": "10",
    "author": "ssoz****",
    "review_id": "9321041",
    "movie_id": "40743"
  },
  {
    "review": "재밋네요 소재 짱임 ㅋㅋ",
    "date": "14.10.06",
    "rating": "8",
    "author": "mm19****",
    "review_id": "9269160",
    "movie_id": "40743"
  },
  {
    "review": "슬래셔물 중에서도 단연 으뜸이다.",
    "date": "14.10.05",
    "rating": "10",
    "author": "ajtw****",
    "review_id": "9264882",
    "movie_id": "40743"
  },
  {
    "review": "오랜만에 꿀잼이였음그닥 잔인하진 않은듯",
    "date": "14.10.04",
    "rating": "10",
    "author": "dbwl****",
    "review_id": "9261125",
    "movie_id": "40743"
  },
  {
    "review": "이정도면 공포영화 잘만들었어요 전 잼있게봤어요",
    "date": "14.09.11",
    "rating": "10",
    "author": "spin****",
    "review_id": "9205239",
    "movie_id": "40743"
  },
  {
    "review": "공포슬래셔무비의 공식을 잘 따라가며 밀랍이라는 신선한 소재를 더했다. 잔인한거 못보시는 분들은 좀 자극적일듯하지만 연출이나 긴장감조성이 참 괜찮은 영화",
    "date": "14.09.04",
    "rating": "8",
    "author": "eemh****",
    "review_id": "9164994",
    "movie_id": "40743"
  },
  {
    "review": "은근히 ocn에서 할 때마다 채널을 멈추고 보게됨 ㅋㅋ해마다 벌써 몇 번을 봤는고.... 혹시 후속이 나왔나 궁금해서 검색중 (없군용) 웨이드 불쌍해 ㅠㅠㅠ",
    "date": "14.08.18",
    "rating": "8",
    "author": "pigb****",
    "review_id": "9105441",
    "movie_id": "40743"
  },
  {
    "review": "9년지난거 이제보구있는데 충격그자체 근데 주인공 여자애 넘섹시",
    "date": "14.08.18",
    "rating": "10",
    "author": "good****",
    "review_id": "9105341",
    "movie_id": "40743"
  },
  {
    "review": "와 진심 재밋고 신선한데???",
    "date": "14.08.17",
    "rating": "9",
    "author": "juni****",
    "review_id": "9101464",
    "movie_id": "40743"
  },
  {
    "review": "기대않고 봤는데 재밌네요~! 강추합니다",
    "date": "14.08.09",
    "rating": "10",
    "author": "vick****",
    "review_id": "9058300",
    "movie_id": "40743"
  },
  {
    "review": "의외루 잼남  한번보세요 킬링타임 굿",
    "date": "14.08.08",
    "rating": "10",
    "author": "hun2****",
    "review_id": "9049438",
    "movie_id": "40743"
  },
  {
    "review": "솔직히 주인공애들 너무 심하게 말도안되게 답답해서 몰입도가 떨어짐...",
    "date": "14.08.04",
    "rating": "6",
    "author": "in_t****",
    "review_id": "9021830",
    "movie_id": "40743"
  },
  {
    "review": "볼만하구먼 ㅋ 킬링타임",
    "date": "14.08.04",
    "rating": "7",
    "author": "fghy****",
    "review_id": "9021308",
    "movie_id": "40743"
  },
  {
    "review": "페리스 힐튼 창으로 헤드샷 맞고 관통 되있는거 살인마가 비비는 장면은 생각할수록 아직도 찝찝한 느낌이다.",
    "date": "14.08.02",
    "rating": "7",
    "author": "jms5****",
    "review_id": "9011268",
    "movie_id": "40743"
  },
  {
    "review": "꾀 수작임 ㅎㅎ 그리고 힐튼 누님의 유일한 명 연기를 볼 수 있음 ㅋㅋ ㅋ",
    "date": "14.07.30",
    "rating": "10",
    "author": "saga****",
    "review_id": "8982529",
    "movie_id": "40743"
  },
  {
    "review": "소재도좋고 지루함도없는 괜찮은 슬래셔무비",
    "date": "14.07.28",
    "rating": "10",
    "author": "gusc****",
    "review_id": "8974289",
    "movie_id": "40743"
  },
  {
    "review": "시간가는 줄 모르고 봤네요..밀랍인형이 이렇게 공포스러울수가 ㄷㄷㄷ",
    "date": "14.07.27",
    "rating": "10",
    "author": "qhrt****",
    "review_id": "8967257",
    "movie_id": "40743"
  },
  {
    "review": "예전에 재밌게 봤었는데, 다시 봐도 재밌네~주인공 여자랑 오빠 짱!!",
    "date": "14.07.26",
    "rating": "8",
    "author": "jand****",
    "review_id": "8960940",
    "movie_id": "40743"
  },
  {
    "review": "그냥 그런 공포영화가 아니었다. 인위적으로 만든 마을의 분위기 조성과 마을사람들은 있지만 밀랍이라는 특수성을 가지고서 도움을 청해도 주위에 도움받을 수 없는 그러한 이야기의 분위기 소재가 공포감을 더했다. 뻔하다고 하겠지만 배경자체는 좋다.",
    "date": "14.07.26",
    "rating": "8",
    "author": "yong****",
    "review_id": "8960117",
    "movie_id": "40743"
  },
  {
    "review": "재밋게봣네요지금비도오고바람도많이부는데봐서그런지짜릿하고무섭고 신선해서좋앗네여",
    "date": "14.07.26",
    "rating": "10",
    "author": "gnld****",
    "review_id": "8960042",
    "movie_id": "40743"
  },
  {
    "review": "가장좋아하는 살인마 영화 주인공남자 여자 둘다 겁나 잘생기고 이쁨",
    "date": "14.07.26",
    "rating": "10",
    "author": "xiah****",
    "review_id": "8960039",
    "movie_id": "40743"
  },
  {
    "review": "이제서야 봤는데 재미있네요~",
    "date": "14.07.26",
    "rating": "10",
    "author": "kimm****",
    "review_id": "8960035",
    "movie_id": "40743"
  },
  {
    "review": "공포영화에 나오는 주인공들은 왤캐 하나같이 답답하고 멍청하죠? 특히 남주새기는 왤캐 사방팔방 설치고 쏘다녀 !! 무슨 옵저버냐ㅋㅋ",
    "date": "14.07.26",
    "rating": "7",
    "author": "kbj3****",
    "review_id": "8959778",
    "movie_id": "40743"
  },
  {
    "review": "그냥 그럼 공포영화가 대부분 그렇지만 답답한 등장인물, 말도 안  되는 살인자들",
    "date": "14.07.17",
    "rating": "7",
    "author": "hyun****",
    "review_id": "8926145",
    "movie_id": "40743"
  },
  {
    "review": "소재도 좋고 신선하지만 그뿐이다",
    "date": "14.07.02",
    "rating": "1",
    "author": "hany****",
    "review_id": "8874741",
    "movie_id": "40743"
  },
  {
    "review": "왁스라는 소재가 신선해서 보게된영화. 가끔 티비에서 해주는데 봤던건데도 보게 되더라.",
    "date": "14.06.19",
    "rating": "8",
    "author": "dkfm****",
    "review_id": "8840618",
    "movie_id": "40743"
  },
  {
    "review": "굿이에요 굿굿 강추원츄",
    "date": "14.06.10",
    "rating": "9",
    "author": "hanl****",
    "review_id": "8818833",
    "movie_id": "40743"
  },
  {
    "review": "첨에 되게 지루한데 집무너질때 올? 소재는 괜찮았다라는 생각이 듬",
    "date": "14.06.09",
    "rating": "7",
    "author": "dhdb****",
    "review_id": "8817572",
    "movie_id": "40743"
  },
  {
    "review": "21세기 B급 영화 최고봉중 하나라고 본당께~",
    "date": "14.05.27",
    "rating": "8",
    "author": "b744****",
    "review_id": "8769134",
    "movie_id": "40743"
  },
  {
    "review": "전형적인 B급 공포 흐름이지만 흔히 볼 수 없는 밀랍이라는 독특한 소재와스릴감 만큼은 A급이라 할만하다",
    "date": "14.05.16",
    "rating": "10",
    "author": "rmsg****",
    "review_id": "8735341",
    "movie_id": "40743"
  },
  {
    "review": "신선 그 자체!!! 긴장감 장난아니다 후덜덜 ㅋㅋㅋ",
    "date": "14.05.10",
    "rating": "10",
    "author": "chrp****",
    "review_id": "8721376",
    "movie_id": "40743"
  },
  {
    "review": "이 영화는 공포?재미? 그런걸로 보는 게 아니다. 답답한 사람들아. 이 영화는 준고어로써 고어매니아로 가고 싶은 사람에게 작은 관문이다.",
    "date": "14.05.10",
    "rating": "8",
    "author": "chak****",
    "review_id": "8720790",
    "movie_id": "40743"
  },
  {
    "review": "등장인물들이 하나같이 머저리들만 모아놨나 싶을 정도로 답답하다 너무 답답해서 죽어도 OOOO 싶었음",
    "date": "14.04.28",
    "rating": "3",
    "author": "qkqh****",
    "review_id": "8679278",
    "movie_id": "40743"
  },
  {
    "review": "공포영화로 이정도면 적당한 긴장감 스토리 라고 본다...",
    "date": "14.04.06",
    "rating": "10",
    "author": "rhdl****",
    "review_id": "8631190",
    "movie_id": "40743"
  },
  {
    "review": "약간 연출이 허접하지만 보는내내 긴장감이 장난아니였음...ㅜ",
    "date": "14.03.21",
    "rating": "8",
    "author": "skfk****",
    "review_id": "8591657",
    "movie_id": "40743"
  },
  {
    "review": "당시에 봣을때 실체를 알고 굉장히 충격적이고 기겁햇었는데 지금봐도 잘만들었고 괜찮은것같다",
    "date": "14.03.12",
    "rating": "8",
    "author": "dkdl****",
    "review_id": "8569626",
    "movie_id": "40743"
  },
  {
    "review": "오래전에 보았을때의 충격이 갑자기 생각나 다시한번 보게된 영화 소재의 참신함과 몰입감이 아주 뛰어난 영화라 말하고싶다",
    "date": "14.02.28",
    "rating": "9",
    "author": "sasu****",
    "review_id": "8546437",
    "movie_id": "40743"
  },
  {
    "review": "신선한 소재. 허나 참 갑갑하더라",
    "date": "14.02.11",
    "rating": "6",
    "author": "shu_****",
    "review_id": "8497671",
    "movie_id": "40743"
  },
  {
    "review": "긴장감, 공포 모두 쩔었다",
    "date": "14.01.16",
    "rating": "10",
    "author": "534k****",
    "review_id": "8389236",
    "movie_id": "40743"
  },
  {
    "review": "재밌긴한데 쓸데없이 잔인하고 중간중간 개연성이 떨어지는 전개가 답답하다",
    "date": "14.01.08",
    "rating": "6",
    "author": "dolp****",
    "review_id": "8361985",
    "movie_id": "40743"
  },
  {
    "review": "이런 식의 신선한 소재의 영화가 계속 좀 나왔으면 좋겠다.",
    "date": "13.12.09",
    "rating": "8",
    "author": "biga****",
    "review_id": "8201548",
    "movie_id": "40743"
  },
  {
    "review": "중반부까지 음...하다가 후반부에서 대박 ㅋㅋ",
    "date": "13.11.13",
    "rating": "10",
    "author": "circ****",
    "review_id": "8135436",
    "movie_id": "40743"
  },
  {
    "review": "슬래셔무비를 좋아하는 나에게 넌 짱이었어, 영화 중간중간 상징적인 장면들도, 복선을 암시하는 장면들도 너무 좋았다. 여러번봐도 재밌는영화,게다가 멋진 남주와 이쁜 여주는 덤",
    "date": "13.10.28",
    "rating": "10",
    "author": "jees****",
    "review_id": "8097162",
    "movie_id": "40743"
  },
  {
    "review": "소재는 괜찮았지만 너무 진부함. 콜렉터의 마을을 무단으로 방문해서 다 태워부쉬고 죽이기까지 하는 이상한 청년들로도 보일 수 있음. 너무 작위적임.",
    "date": "13.10.06",
    "rating": "5",
    "author": "lanc****",
    "review_id": "8038941",
    "movie_id": "40743"
  },
  {
    "review": "딱 7점 ! 그래도 마지막엔 화려하더라구 ㅋㅋ",
    "date": "13.10.03",
    "rating": "7",
    "author": "per2****",
    "review_id": "8032768",
    "movie_id": "40743"
  },
  {
    "review": "평점썻는데 왜 사라지냐?",
    "date": "13.09.17",
    "rating": "7",
    "author": "gust****",
    "review_id": "7987893",
    "movie_id": "40743"
  },
  {
    "review": "not bad. 여름에 보기엔 괜찮은 영화다.",
    "date": "13.09.13",
    "rating": "7",
    "author": "ilil****",
    "review_id": "7974791",
    "movie_id": "40743"
  },
  {
    "review": "평범한 소재가 끔찍하게 잘 살아났다",
    "date": "13.08.26",
    "rating": "7",
    "author": "kim9****",
    "review_id": "7924672",
    "movie_id": "40743"
  },
  {
    "review": "잔인하기만하고 아무것도없는영화 중간중간 주인공들의 이해할수없는 행동때문에 스릴이떨어지게만드는 영화",
    "date": "13.08.20",
    "rating": "5",
    "author": "vent****",
    "review_id": "7907395",
    "movie_id": "40743"
  },
  {
    "review": "엄청 재밌던데 스릴 굿",
    "date": "13.08.17",
    "rating": "10",
    "author": "kart****",
    "review_id": "7893888",
    "movie_id": "40743"
  },
  {
    "review": "재밌어용 ㅎㅎ",
    "date": "13.07.28",
    "rating": "10",
    "author": "tooo****",
    "review_id": "7794097",
    "movie_id": "40743"
  },
  {
    "review": "볼만해요ㅋㅋ",
    "date": "13.07.26",
    "rating": "8",
    "author": "erik****",
    "review_id": "7785984",
    "movie_id": "40743"
  },
  {
    "review": "근대 빈센트 진짜쎔,,,무슨 풋볼선수출신인거 같은데...그걸다 발라버리네..;;",
    "date": "13.07.19",
    "rating": "6",
    "author": "do11****",
    "review_id": "7759602",
    "movie_id": "40743"
  },
  {
    "review": "거대한 밀랍 인형의 집으로의 초대로군요 :)",
    "date": "13.07.14",
    "rating": "10",
    "author": "thek****",
    "review_id": "7740002",
    "movie_id": "40743"
  }
]