[
  {
    "review": "난해하다...이해하기가 좀 어려웠던 영화",
    "date": "14.02.28",
    "rating": "4",
    "author": "cjfg****",
    "review_id": "8544982",
    "movie_id": "40748"
  },
  {
    "review": "김태용감독이 연기를?! 생각보다 잘 하네 첫번째 이야기는 정말 병맛 김태용이 연출했으면 시너지가 발했을 텐데 첫반째가 너무 망쳐났다.",
    "date": "13.04.25",
    "rating": "6",
    "author": "z1z2****",
    "review_id": "7480613",
    "movie_id": "40748"
  },
  {
    "review": "역시 생각대로 건질것은 3번째 이야기 밖에 없었다. 나머지는 별로였다.",
    "date": "12.06.04",
    "rating": "5",
    "author": "qkrw****",
    "review_id": "6362611",
    "movie_id": "40748"
  },
  {
    "review": "저예산이 아니라.. 저수준.. ㅋㅋ",
    "date": "12.03.03",
    "rating": "1",
    "author": "tn99****",
    "review_id": "6121489",
    "movie_id": "40748"
  },
  {
    "review": "제한적예산의독립영화라해도 이것이 라디오극장이 아닌이상 영상에도 신경좀써주세요",
    "date": "11.06.28",
    "rating": "4",
    "author": "cpat****",
    "review_id": "5504719",
    "movie_id": "40748"
  },
  {
    "review": "미안하다 넘 잼없다..저예산이 재미라도 있어야하는데..",
    "date": "10.12.10",
    "rating": "1",
    "author": "kis5****",
    "review_id": "5041357",
    "movie_id": "40748"
  },
  {
    "review": "개인적으로 영화를 보고 오랜시간이 지난 뒤에도 기억에 많이 남는 작품이다.",
    "date": "10.03.01",
    "rating": "9",
    "author": "pira****",
    "review_id": "4326379",
    "movie_id": "40748"
  },
  {
    "review": "tv도 안보는 것 같은 이 평점은 뭐지.. 좀보고 예기들하셈",
    "date": "10.02.19",
    "rating": "9",
    "author": "dhkt****",
    "review_id": "4301457",
    "movie_id": "40748"
  },
  {
    "review": "별루다",
    "date": "09.12.19",
    "rating": "1",
    "author": "moji****",
    "review_id": "4057235",
    "movie_id": "40748"
  },
  {
    "review": "ㅋㅋㅋ이송감독자기같은영화만만드네...제작비가 너무 아깝군",
    "date": "09.10.15",
    "rating": "1",
    "author": "tnfu****",
    "review_id": "3894446",
    "movie_id": "40748"
  },
  {
    "review": "보길도에의 재회,이별,사랑을 그린 남성 퀴어물...유치하거나 민망하거나...",
    "date": "08.10.30",
    "rating": "4",
    "author": "egyp****",
    "review_id": "3026611",
    "movie_id": "40748"
  },
  {
    "review": "뭐야... 다들 헐리우드식 sf영화에만 물들었지",
    "date": "08.06.28",
    "rating": "8",
    "author": "shot****",
    "review_id": "2725490",
    "movie_id": "40748"
  },
  {
    "review": "감독이 게이냐??-_-",
    "date": "08.04.29",
    "rating": "1",
    "author": "rsmh****",
    "review_id": "2605533",
    "movie_id": "40748"
  },
  {
    "review": "평점 2점대도 안된다..더 내려야돼..완전..쓰레기",
    "date": "08.03.28",
    "rating": "1",
    "author": "elpi****",
    "review_id": "2546164",
    "movie_id": "40748"
  },
  {
    "review": "나는! 관대하! 대왕이다!",
    "date": "07.09.04",
    "rating": "3",
    "author": "trai****",
    "review_id": "2000999",
    "movie_id": "40748"
  },
  {
    "review": "'평가할 가치가 없다' '엉망진창'이 맞는 단어 평점쓰는 시간도 아깝네",
    "date": "07.08.16",
    "rating": "1",
    "author": "ljhd****",
    "review_id": "1947715",
    "movie_id": "40748"
  },
  {
    "review": "아,,,,토쏠려 ㅡ ㅠ-);;",
    "date": "07.08.14",
    "rating": "1",
    "author": "wony****",
    "review_id": "1936659",
    "movie_id": "40748"
  },
  {
    "review": "디워보다 재밌따",
    "date": "07.08.13",
    "rating": "10",
    "author": "qjaw****",
    "review_id": "1931796",
    "movie_id": "40748"
  },
  {
    "review": "나는 관대하다.",
    "date": "07.08.12",
    "rating": "1",
    "author": "line****",
    "review_id": "1926112",
    "movie_id": "40748"
  },
  {
    "review": "그닥..",
    "date": "07.08.11",
    "rating": "1",
    "author": "sksr****",
    "review_id": "1919185",
    "movie_id": "40748"
  },
  {
    "review": "최소한영화는보고평점남겨야할거아냐 ㅡㅡ",
    "date": "07.08.10",
    "rating": "10",
    "author": "hyun****",
    "review_id": "1918097",
    "movie_id": "40748"
  },
  {
    "review": "또 게이냐.",
    "date": "07.08.10",
    "rating": "2",
    "author": "ansr****",
    "review_id": "1916377",
    "movie_id": "40748"
  },
  {
    "review": "나는 개념있는 네티즌",
    "date": "07.08.10",
    "rating": "1",
    "author": "coba****",
    "review_id": "1915596",
    "movie_id": "40748"
  },
  {
    "review": "개념없는 게티즌",
    "date": "07.08.10",
    "rating": "10",
    "author": "high****",
    "review_id": "1915444",
    "movie_id": "40748"
  },
  {
    "review": "평점2점 총112건..아가리..10점..",
    "date": "07.08.09",
    "rating": "1",
    "author": "tpdy****",
    "review_id": "1908586",
    "movie_id": "40748"
  },
  {
    "review": "감독 생키 왤케 동성애를 좋아하는지 ㅡㅡ?",
    "date": "07.08.08",
    "rating": "1",
    "author": "k629****",
    "review_id": "1906967",
    "movie_id": "40748"
  },
  {
    "review": "나는 관대하다",
    "date": "07.08.08",
    "rating": "1",
    "author": "gum7****",
    "review_id": "1902628",
    "movie_id": "40748"
  },
  {
    "review": "쩌업.. 이런 영화만들돈은 누가 지원해주는고?",
    "date": "07.08.07",
    "rating": "1",
    "author": "riqu****",
    "review_id": "1897768",
    "movie_id": "40748"
  },
  {
    "review": "다들 디워 혹평 땜에 그러시나 본데 너무 무개념하시군요",
    "date": "07.08.07",
    "rating": "7",
    "author": "bus_****",
    "review_id": "1897148",
    "movie_id": "40748"
  },
  {
    "review": "난 관대하다..그러므로 1점",
    "date": "07.08.07",
    "rating": "1",
    "author": "pcdu****",
    "review_id": "1896867",
    "movie_id": "40748"
  },
  {
    "review": "지 잘났다고 거만떠는 감독의 독립영화를 보느니 브로크백마운틴을 2번..",
    "date": "07.08.07",
    "rating": "1",
    "author": "toto****",
    "review_id": "1896205",
    "movie_id": "40748"
  },
  {
    "review": "왜.스티븐스필버그영화는 어때? 한번 뚫린입으로 말해보셈",
    "date": "07.08.07",
    "rating": "1",
    "author": "zzan****",
    "review_id": "1896025",
    "movie_id": "40748"
  },
  {
    "review": "님.. 2억으로 제대로된 영화 한편 만들어주세요!!",
    "date": "07.08.07",
    "rating": "1",
    "author": "coca****",
    "review_id": "1895498",
    "movie_id": "40748"
  },
  {
    "review": "이런건 다운 받을 가치도 없다는..-_-;;; 감독 반성하시오.",
    "date": "07.08.06",
    "rating": "1",
    "author": "cybe****",
    "review_id": "1893692",
    "movie_id": "40748"
  },
  {
    "review": "ㅅㄱ하셨습니다.",
    "date": "07.08.06",
    "rating": "1",
    "author": "rone****",
    "review_id": "1891721",
    "movie_id": "40748"
  },
  {
    "review": "나오자마자프루나에뜰ㅋㅋㅋㅋㅋㅋㅋㅋ불쌍한영화",
    "date": "07.08.06",
    "rating": "1",
    "author": "audg****",
    "review_id": "1891518",
    "movie_id": "40748"
  },
  {
    "review": "전체적으로 지루하고 조잡하다.",
    "date": "07.08.06",
    "rating": "1",
    "author": "cm20****",
    "review_id": "1891465",
    "movie_id": "40748"
  },
  {
    "review": "본인영화나 신경써라...관심도없는 듣보잡이 ㅋㅋㅋㅋㅋㅋㅋㅋㅋㅋㅋㅋ",
    "date": "07.08.06",
    "rating": "1",
    "author": "kmt1****",
    "review_id": "1890965",
    "movie_id": "40748"
  },
  {
    "review": "쓰레기 영화네",
    "date": "07.08.06",
    "rating": "1",
    "author": "acti****",
    "review_id": "1888609",
    "movie_id": "40748"
  },
  {
    "review": "이게 영화가??",
    "date": "07.08.06",
    "rating": "1",
    "author": "jin2****",
    "review_id": "1888286",
    "movie_id": "40748"
  },
  {
    "review": "디워보단 좋게봤다.. 재미를 위한 영화가 아님.",
    "date": "07.08.05",
    "rating": "7",
    "author": "ktch****",
    "review_id": "1885859",
    "movie_id": "40748"
  },
  {
    "review": "디워 발언으로 다운받아서 봤는데 이뭐 병 -_- 이게 영화냐?",
    "date": "07.08.05",
    "rating": "1",
    "author": "8ja7****",
    "review_id": "1883768",
    "movie_id": "40748"
  },
  {
    "review": "0점영화",
    "date": "07.08.05",
    "rating": "1",
    "author": "fock****",
    "review_id": "1883062",
    "movie_id": "40748"
  },
  {
    "review": "이 영화 만든 돈 줘봐 나도 만들어보게",
    "date": "07.08.05",
    "rating": "1",
    "author": "styn****",
    "review_id": "1882226",
    "movie_id": "40748"
  },
  {
    "review": "말안해도 알지??? 쯧쯧",
    "date": "07.08.05",
    "rating": "1",
    "author": "uoy9****",
    "review_id": "1881870",
    "movie_id": "40748"
  },
  {
    "review": "이런영화도 1점을 받는구나....아무나 만들수있는거네 영화라는거~",
    "date": "07.08.05",
    "rating": "1",
    "author": "j2yu****",
    "review_id": "1879021",
    "movie_id": "40748"
  },
  {
    "review": "한국식 우웨볼 감독이네..",
    "date": "07.08.05",
    "rating": "1",
    "author": "jing****",
    "review_id": "1877805",
    "movie_id": "40748"
  },
  {
    "review": "30세 금 변태 영화 ,,",
    "date": "07.08.05",
    "rating": "1",
    "author": "lila****",
    "review_id": "1877678",
    "movie_id": "40748"
  },
  {
    "review": "긴급조치 19호가 낫다",
    "date": "07.08.04",
    "rating": "1",
    "author": "argo****",
    "review_id": "1876981",
    "movie_id": "40748"
  },
  {
    "review": "동백꽃 vs 후레쉬맨 0.1:100 점으로 후레쉬맨압승~",
    "date": "07.08.04",
    "rating": "1",
    "author": "kms2****",
    "review_id": "1876695",
    "movie_id": "40748"
  },
  {
    "review": "여기까지 똥냄새가 진동하는것같다.. F급 게이 포르노물",
    "date": "07.08.04",
    "rating": "1",
    "author": "dbwo****",
    "review_id": "1876094",
    "movie_id": "40748"
  },
  {
    "review": "내가 이 영화를 왜봤을까..다운비가 아까워!!뭔영화맞아??초딩도만들어",
    "date": "07.08.04",
    "rating": "1",
    "author": "newk****",
    "review_id": "1875876",
    "movie_id": "40748"
  },
  {
    "review": "하루만에 만들수 있는 쓰레기 영화....",
    "date": "07.08.04",
    "rating": "1",
    "author": "nubj****",
    "review_id": "1875609",
    "movie_id": "40748"
  },
  {
    "review": "다운받아서 잘봤어요^^ 쓰레기네요~",
    "date": "07.08.04",
    "rating": "1",
    "author": "jjoc****",
    "review_id": "1875344",
    "movie_id": "40748"
  },
  {
    "review": "니가 자초했다.",
    "date": "07.08.04",
    "rating": "1",
    "author": "ares****",
    "review_id": "1875181",
    "movie_id": "40748"
  },
  {
    "review": "참신한 기획. 완성도 편차가 너무 크다ㅋㅋㅋㅋㅋㅋㅋㅋㅋ",
    "date": "07.08.04",
    "rating": "1",
    "author": "tbor****",
    "review_id": "1875108",
    "movie_id": "40748"
  },
  {
    "review": "한국영환데도 불구하고 박평식이가 1점줬으면 수준알만하다..ㅋㅋㅋㅋㅋㅋ",
    "date": "07.08.04",
    "rating": "1",
    "author": "anag****",
    "review_id": "1874585",
    "movie_id": "40748"
  },
  {
    "review": "1점도 아깝다 0점은 왜 없는가",
    "date": "07.08.04",
    "rating": "1",
    "author": "dean****",
    "review_id": "1874357",
    "movie_id": "40748"
  },
  {
    "review": "삼류감독이 만든영화..즐",
    "date": "07.08.04",
    "rating": "1",
    "author": "lmjj****",
    "review_id": "1873691",
    "movie_id": "40748"
  },
  {
    "review": "ㅋㅋㅋ니영화는왜다벗고노냐  평점5점이상인게없음ㅋㅋㅋㅋ돈아까워 흑",
    "date": "07.08.04",
    "rating": "1",
    "author": "dnwj****",
    "review_id": "1873608",
    "movie_id": "40748"
  },
  {
    "review": "그냥  쓰레기라구 해두죠!돈주고 보기 민망해요 700원도 아까워",
    "date": "07.08.04",
    "rating": "1",
    "author": "ktkc****",
    "review_id": "1873505",
    "movie_id": "40748"
  },
  {
    "review": "이건 완전 테러 수준인데..",
    "date": "07.08.04",
    "rating": "10",
    "author": "dvda****",
    "review_id": "1873374",
    "movie_id": "40748"
  },
  {
    "review": "최소한 영화는 보고 욕을하자 멍청하고 생각없는것들아",
    "date": "07.08.04",
    "rating": "10",
    "author": "gedu****",
    "review_id": "1873325",
    "movie_id": "40748"
  },
  {
    "review": "이것도 영화 인가 삼류로구나",
    "date": "07.08.04",
    "rating": "1",
    "author": "yoon****",
    "review_id": "1873315",
    "movie_id": "40748"
  },
  {
    "review": "20대남자들중 애국자가 많나봐 응?",
    "date": "07.08.04",
    "rating": "10",
    "author": "ealg****",
    "review_id": "1873286",
    "movie_id": "40748"
  },
  {
    "review": "이름만 들어도 보기싫다",
    "date": "07.08.04",
    "rating": "1",
    "author": "pjs5****",
    "review_id": "1873251",
    "movie_id": "40748"
  },
  {
    "review": "쓰레기",
    "date": "07.08.04",
    "rating": "1",
    "author": "lind****",
    "review_id": "1873020",
    "movie_id": "40748"
  },
  {
    "review": "뭐냐",
    "date": "07.08.04",
    "rating": "1",
    "author": "rldn****",
    "review_id": "1873001",
    "movie_id": "40748"
  },
  {
    "review": "감독님이 평론가나 스티븐 스필버그였으면 이해는 합니다 근데 이건 머야..",
    "date": "07.08.04",
    "rating": "1",
    "author": "haen****",
    "review_id": "1872818",
    "movie_id": "40748"
  },
  {
    "review": "이런 영화도 있었나?",
    "date": "07.08.04",
    "rating": "1",
    "author": "hakj****",
    "review_id": "1872540",
    "movie_id": "40748"
  },
  {
    "review": "아 재미없다",
    "date": "07.08.04",
    "rating": "1",
    "author": "ta_h****",
    "review_id": "1872529",
    "movie_id": "40748"
  },
  {
    "review": "이송희일 : 관심받고싶어서 디워까댄거에요 죄송해요 ㅠㅠ",
    "date": "07.08.04",
    "rating": "1",
    "author": "sksi****",
    "review_id": "1872310",
    "movie_id": "40748"
  },
  {
    "review": "\"디 워\" 애국자들아 평점 망치지말고 집에서 디워 피규어나 만들어라",
    "date": "07.08.04",
    "rating": "10",
    "author": "ghde****",
    "review_id": "1872172",
    "movie_id": "40748"
  },
  {
    "review": "\"관심받고 싶었습니다. 여러분을 낚은거 죄송\" 맞제?",
    "date": "07.08.04",
    "rating": "1",
    "author": "tosm****",
    "review_id": "1871776",
    "movie_id": "40748"
  },
  {
    "review": "아 놔~~ 구역질 나는 영화들",
    "date": "07.08.04",
    "rating": "1",
    "author": "ktt1****",
    "review_id": "1871710",
    "movie_id": "40748"
  },
  {
    "review": "이제작비만 나에게주어진다면 350편의 영화를 만들수있다",
    "date": "07.08.04",
    "rating": "1",
    "author": "ccd0****",
    "review_id": "1871629",
    "movie_id": "40748"
  },
  {
    "review": "이것도 영화냐?",
    "date": "07.08.04",
    "rating": "1",
    "author": "ccgo****",
    "review_id": "1871410",
    "movie_id": "40748"
  },
  {
    "review": "촙나 저질이야",
    "date": "07.08.04",
    "rating": "1",
    "author": "new2****",
    "review_id": "1871276",
    "movie_id": "40748"
  },
  {
    "review": "OOO 삼류 게이영화 1점도 아깝다",
    "date": "07.08.04",
    "rating": "1",
    "author": "jung****",
    "review_id": "1871175",
    "movie_id": "40748"
  },
  {
    "review": "you spin me right round baby~",
    "date": "07.08.04",
    "rating": "1",
    "author": "ohsa****",
    "review_id": "1870917",
    "movie_id": "40748"
  },
  {
    "review": "아~~~~주 잘났네요 그려~~",
    "date": "07.08.04",
    "rating": "1",
    "author": "dnwo****",
    "review_id": "1870915",
    "movie_id": "40748"
  },
  {
    "review": "한마디로 쓰레기로 버려야할 영화",
    "date": "07.08.04",
    "rating": "1",
    "author": "terr****",
    "review_id": "1870885",
    "movie_id": "40748"
  },
  {
    "review": "1점주는것도 후회하지 않아~",
    "date": "07.08.04",
    "rating": "1",
    "author": "htys****",
    "review_id": "1870793",
    "movie_id": "40748"
  },
  {
    "review": "게이",
    "date": "07.08.04",
    "rating": "1",
    "author": "shjo****",
    "review_id": "1870701",
    "movie_id": "40748"
  },
  {
    "review": "이감독 동성애자 아니야~~ 이런 영화를 주로 만드는거 보니...",
    "date": "07.08.04",
    "rating": "1",
    "author": "winn****",
    "review_id": "1870475",
    "movie_id": "40748"
  },
  {
    "review": "버려",
    "date": "07.08.04",
    "rating": "1",
    "author": "pure****",
    "review_id": "1870395",
    "movie_id": "40748"
  },
  {
    "review": "버려",
    "date": "07.08.04",
    "rating": "1",
    "author": "pure****",
    "review_id": "1870394",
    "movie_id": "40748"
  },
  {
    "review": "동백꽃과잘어우러진독특한진행",
    "date": "07.04.29",
    "rating": "7",
    "author": "kans****",
    "review_id": "1612017",
    "movie_id": "40748"
  },
  {
    "review": "그다지 재미있지는 않았음. 독특하게 노력은 했으나 유치했음.",
    "date": "07.02.20",
    "rating": "6",
    "author": "book****",
    "review_id": "1487278",
    "movie_id": "40748"
  },
  {
    "review": "이송희일 감독의 작품이 참 좋았다. 여배우의 연기..",
    "date": "07.01.22",
    "rating": "8",
    "author": "juli****",
    "review_id": "1404478",
    "movie_id": "40748"
  },
  {
    "review": "어쨌든 재미없는 영화일뿐 ...",
    "date": "07.01.01",
    "rating": "1",
    "author": "jtso****",
    "review_id": "1346759",
    "movie_id": "40748"
  },
  {
    "review": "보는 동안에 거북하기도 했지만 스토리는 좋았다.",
    "date": "06.10.28",
    "rating": "8",
    "author": "blue****",
    "review_id": "1204103",
    "movie_id": "40748"
  },
  {
    "review": "이거 어떻게 볼수 없을까요?? ㅜㅡㅜ ㅋㅋ",
    "date": "06.10.27",
    "rating": "7",
    "author": "mysk****",
    "review_id": "1202398",
    "movie_id": "40748"
  },
  {
    "review": "퀴어영화로써는 좋지만 ...역시 조금 더 발전을...^^",
    "date": "06.05.21",
    "rating": "10",
    "author": "quli****",
    "review_id": "810602",
    "movie_id": "40748"
  },
  {
    "review": "가장 편견에 사로잡힌 건, 관객이 아니라 그대들이었다.",
    "date": "06.05.16",
    "rating": "3",
    "author": "orac****",
    "review_id": "802482",
    "movie_id": "40748"
  },
  {
    "review": "이송희일? ㅋㅋ 잘만드셨어요.",
    "date": "06.04.29",
    "rating": "10",
    "author": "lhcg****",
    "review_id": "780071",
    "movie_id": "40748"
  },
  {
    "review": "약간 지루한 면이 있긴했지만 볼 만 합니다. 감동도 있구^^",
    "date": "05.09.20",
    "rating": "8",
    "author": "bul4****",
    "review_id": "413232",
    "movie_id": "40748"
  },
  {
    "review": "세번째 단편만 그나마 볼만하다.",
    "date": "05.09.19",
    "rating": "3",
    "author": "asde****",
    "review_id": "412404",
    "movie_id": "40748"
  },
  {
    "review": "글쎄요_ 퀴어영화 자체는 좋았지만...",
    "date": "05.09.16",
    "rating": "4",
    "author": "etin****",
    "review_id": "407530",
    "movie_id": "40748"
  },
  {
    "review": "주류에만 익숙해있는 그대들- 중간에 나감 후회한다.",
    "date": "05.09.13",
    "rating": "8",
    "author": "pian****",
    "review_id": "404133",
    "movie_id": "40748"
  }
]