[
  {
    "review": "극히 일부의 이야기... 김씨조선을 떠받드는 혜택받은 1%의 모습",
    "date": "15.01.09",
    "rating": "1",
    "author": "srh0****",
    "review_id": "9576648",
    "movie_id": "40762"
  },
  {
    "review": "북한에서 아버지 장군님을 찾는 모습이나 아버지 하느님을 찾는 모습이나 비슷해 보였다. 이 모든게 한명을 위한 쇼로는 아깝고 올림픽 같은데 매스게임 종목이 생기면 메달딸듯. 현순의 엄마가 울나라 종북인사를 닮아보여서 깜놀함",
    "date": "13.03.10",
    "rating": "6",
    "author": "danz****",
    "review_id": "7336483",
    "movie_id": "40762"
  },
  {
    "review": "지상 최악의 나라에서의 지상 최대의 쇼... 측은하다",
    "date": "11.10.19",
    "rating": "7",
    "author": "bbq2****",
    "review_id": "5797485",
    "movie_id": "40762"
  },
  {
    "review": "푸른눈의 평양시민과 비교해서 '느껴'볼 것!!",
    "date": "11.09.19",
    "rating": "6",
    "author": "titi****",
    "review_id": "5740714",
    "movie_id": "40762"
  },
  {
    "review": "세뇌라는게 참 무섭지",
    "date": "10.09.06",
    "rating": "8",
    "author": "epik****",
    "review_id": "4820843",
    "movie_id": "40762"
  },
  {
    "review": "50년간 정체된 반미독재국가 당간부 집안에 곰돌이푸와 미키마우스는 또 뭐냐.",
    "date": "10.08.20",
    "rating": "8",
    "author": "dino****",
    "review_id": "4768284",
    "movie_id": "40762"
  },
  {
    "review": "대한민국 만세입니다. 조국을 지키신 분들에게 감사를",
    "date": "10.03.06",
    "rating": "10",
    "author": "mist****",
    "review_id": "4339366",
    "movie_id": "40762"
  },
  {
    "review": "어떤 삶이 더 행복한 지 알 수는 없다.",
    "date": "09.07.20",
    "rating": "7",
    "author": "eorn****",
    "review_id": "3652229",
    "movie_id": "40762"
  },
  {
    "review": "\"웃으니까 더 고와요~\"  김정일, 김일성.  이정도면 정말 완벽한 왕국을 만들었다.",
    "date": "09.06.11",
    "rating": "8",
    "author": "rasn****",
    "review_id": "3557410",
    "movie_id": "40762"
  },
  {
    "review": "세뇌정책은 무섭다. 사람이 어려움에 처하면 세뇌당할수 밖에 없다.",
    "date": "09.05.21",
    "rating": "7",
    "author": "muz1****",
    "review_id": "3511287",
    "movie_id": "40762"
  },
  {
    "review": "북한이라는 나라에서 태어나지 않은것만해도 다행이다. 참..특수한집단...",
    "date": "09.04.07",
    "rating": "8",
    "author": "tkdt****",
    "review_id": "3409469",
    "movie_id": "40762"
  },
  {
    "review": "신조의 체계가 어필하는 울림.. 힐난은 이해 후의 문제일 것이다.",
    "date": "08.08.19",
    "rating": "7",
    "author": "paci****",
    "review_id": "2885204",
    "movie_id": "40762"
  },
  {
    "review": "남성의 말은 그럭저럭..하지만 여성의 말은 알아듣기가 좀 버겁네..이런..",
    "date": "08.06.14",
    "rating": "10",
    "author": "band****",
    "review_id": "2697671",
    "movie_id": "40762"
  },
  {
    "review": "평범한 북한 소녀들을 평범하지 않도록 만드는 게 무엇인지 확인했다.",
    "date": "08.04.02",
    "rating": "7",
    "author": "hadl****",
    "review_id": "2554391",
    "movie_id": "40762"
  },
  {
    "review": "린저식 혹은 NL식 다큐. 집단을 보는 다큐의 시선은 어디에",
    "date": "08.03.18",
    "rating": "5",
    "author": "erhe****",
    "review_id": "2528139",
    "movie_id": "40762"
  },
  {
    "review": "이상한 나라의 엘리스를 보는듯한 기분이었음..",
    "date": "08.02.09",
    "rating": "8",
    "author": "vavy****",
    "review_id": "2425302",
    "movie_id": "40762"
  },
  {
    "review": "뉴스에서 보던 북한이었지만, 현순이와 송연이, 그리고 이건 다큐니까.",
    "date": "07.10.20",
    "rating": "9",
    "author": "coxc****",
    "review_id": "2099391",
    "movie_id": "40762"
  },
  {
    "review": "영화는 편견이 없는데 보는 사람들이 편견이 가득하다",
    "date": "07.10.15",
    "rating": "8",
    "author": "jeon****",
    "review_id": "2091005",
    "movie_id": "40762"
  },
  {
    "review": "놀라운영화...",
    "date": "07.09.16",
    "rating": "10",
    "author": "maru****",
    "review_id": "2024475",
    "movie_id": "40762"
  },
  {
    "review": "World's Greatest Show in the Worst State",
    "date": "07.08.17",
    "rating": "8",
    "author": "teo0****",
    "review_id": "1952362",
    "movie_id": "40762"
  },
  {
    "review": "김일성김정일이영웅인북한그걸가르치는무용카드그림학교수업라디오등통일이되면어떨지",
    "date": "07.06.09",
    "rating": "7",
    "author": "zzzo****",
    "review_id": "1691375",
    "movie_id": "40762"
  },
  {
    "review": "영화는 멋지지만 디스커버리채널에서 정신의국가란 이름으로 방영했었는데..;",
    "date": "07.05.04",
    "rating": "10",
    "author": "dlfk****",
    "review_id": "1619828",
    "movie_id": "40762"
  },
  {
    "review": "정말재미있는영화",
    "date": "07.01.29",
    "rating": "10",
    "author": "illa****",
    "review_id": "1423534",
    "movie_id": "40762"
  },
  {
    "review": "묘한 여운, 여러가지 생각거리.",
    "date": "06.11.23",
    "rating": "10",
    "author": "true****",
    "review_id": "1247403",
    "movie_id": "40762"
  },
  {
    "review": "그나마 웃긴건 \"첫째 언니는 군입대를 앞두고 있습니다.\"",
    "date": "06.09.16",
    "rating": "6",
    "author": "saki****",
    "review_id": "1125064",
    "movie_id": "40762"
  },
  {
    "review": "우리도 6,70년대에는 그랬지.. 별반 차이가 없었어..",
    "date": "06.03.26",
    "rating": "10",
    "author": "lshp****",
    "review_id": "736231",
    "movie_id": "40762"
  },
  {
    "review": "작품성으로 평가하고 싶지는 않다. 그동안 몰랐던 북한의 모습.",
    "date": "06.03.05",
    "rating": "5",
    "author": "idet****",
    "review_id": "705486",
    "movie_id": "40762"
  },
  {
    "review": "멋지다 !!!!!!!!!!!!!!!!!!!!!!!!!!!!!!",
    "date": "06.03.02",
    "rating": "10",
    "author": "siys****",
    "review_id": "701408",
    "movie_id": "40762"
  },
  {
    "review": "\"사람이 살고 있었네\"의 서구판...",
    "date": "06.01.04",
    "rating": "9",
    "author": "soli****",
    "review_id": "558092",
    "movie_id": "40762"
  },
  {
    "review": "사이비종교 정명석의 JMS가 국가단위로 커지면 그게 북한!",
    "date": "05.12.18",
    "rating": "7",
    "author": "gkdl****",
    "review_id": "511740",
    "movie_id": "40762"
  },
  {
    "review": "\"전쟁발발 24시간내 100만명 사망\"이 뇌리를 떠나지 않는다",
    "date": "05.12.12",
    "rating": "8",
    "author": "o_ps****",
    "review_id": "501539",
    "movie_id": "40762"
  },
  {
    "review": "내게 너무나도 신선한 감동과 진한 감동을 주었다.",
    "date": "05.10.16",
    "rating": "10",
    "author": "leeh****",
    "review_id": "444596",
    "movie_id": "40762"
  },
  {
    "review": "너희에겐 어떤나라 우리에겐 어쩔수 없는 우리나라.",
    "date": "05.09.22",
    "rating": "8",
    "author": "blue****",
    "review_id": "417535",
    "movie_id": "40762"
  },
  {
    "review": "꽤 괜찮게 본 영화- 돈은 안아까웠다. 후후-",
    "date": "05.09.21",
    "rating": "10",
    "author": "dyc7****",
    "review_id": "416193",
    "movie_id": "40762"
  },
  {
    "review": "그냥 담담하게 가서 지켜보면 좋은 영화...",
    "date": "05.09.20",
    "rating": "7",
    "author": "jeke****",
    "review_id": "413675",
    "movie_id": "40762"
  },
  {
    "review": "이제까지 본 것 중 가장 사람냄새가 나는 북한",
    "date": "05.09.16",
    "rating": "8",
    "author": "soul****",
    "review_id": "407394",
    "movie_id": "40762"
  },
  {
    "review": "북의 평범한 가정의 삶을 그대로.. 잔잔하고 좋은 영화 ^^",
    "date": "05.09.01",
    "rating": "10",
    "author": "jesi****",
    "review_id": "390027",
    "movie_id": "40762"
  },
  {
    "review": "그들은 21C 임에도 예전 우리가 학교에서 배우던 그대로..",
    "date": "05.08.31",
    "rating": "10",
    "author": "ffan****",
    "review_id": "389464",
    "movie_id": "40762"
  },
  {
    "review": "뉴스에서 본 북한이더구만 잊으라는 건 무슨헛소리?",
    "date": "05.08.30",
    "rating": "1",
    "author": "dice****",
    "review_id": "388498",
    "movie_id": "40762"
  },
  {
    "review": "에이 쉣 돈 버렸다",
    "date": "05.08.28",
    "rating": "1",
    "author": "gros****",
    "review_id": "386592",
    "movie_id": "40762"
  },
  {
    "review": "나레이션을 참고 보실 용기만 있다면 잔잔허니 볼만 함",
    "date": "05.08.27",
    "rating": "7",
    "author": "writ****",
    "review_id": "385843",
    "movie_id": "40762"
  },
  {
    "review": "북한사회주의의 참모습을 제대로 확인할 수 이",
    "date": "05.08.27",
    "rating": "10",
    "author": "pigm****",
    "review_id": "385056",
    "movie_id": "40762"
  },
  {
    "review": "아나운서 아닌 생생한북쪽 말투를 듣는것만으로도 충분히 매력적",
    "date": "05.08.26",
    "rating": "10",
    "author": "aloa****",
    "review_id": "384803",
    "movie_id": "40762"
  },
  {
    "review": "새롭고 정겹습니다.",
    "date": "05.08.26",
    "rating": "10",
    "author": "gkrt****",
    "review_id": "384442",
    "movie_id": "40762"
  },
  {
    "review": "북한의 소녀들이 소재란 점만 빼면 그저 그런 다큐...",
    "date": "05.08.25",
    "rating": "4",
    "author": "kayp****",
    "review_id": "383120",
    "movie_id": "40762"
  },
  {
    "review": "우리가 알아야만 하는 그 나라의 당혹스러우면서도 놀라운 모습",
    "date": "05.08.18",
    "rating": "10",
    "author": "yoju****",
    "review_id": "373014",
    "movie_id": "40762"
  },
  {
    "review": "나는 건포도가 들어간 카레와 매스게임이 정말 싫다....",
    "date": "05.08.05",
    "rating": "1",
    "author": "humu****",
    "review_id": "353081",
    "movie_id": "40762"
  },
  {
    "review": "\"얼른얼른~ 빨리빨리~\"  웃음이 번진다. 쵝오!!!",
    "date": "05.08.03",
    "rating": "10",
    "author": "aryu****",
    "review_id": "349599",
    "movie_id": "40762"
  },
  {
    "review": "예고편이라도 보았는데 김정일이 나오드라..",
    "date": "05.08.03",
    "rating": "10",
    "author": "tw44****",
    "review_id": "349597",
    "movie_id": "40762"
  },
  {
    "review": "그들에겐 신기하게 보였을지 모르지만...",
    "date": "05.07.21",
    "rating": "5",
    "author": "omye****",
    "review_id": "328668",
    "movie_id": "40762"
  }
]