[
  {
    "review": "굿~~~!!! 역시  심감독님 작품입니다",
    "date": "14.01.12",
    "rating": "10",
    "author": "scpo****",
    "review_id": "8375655",
    "movie_id": "40805"
  },
  {
    "review": "저 한국영화를 너무 사랑해서 웬만하면 재밌게 보는데 상당히 철학적이고 독특하고 뜻이있는영화란건 알겠다 하지만 너무 심하게 재미없고 지루하다 후반에는 너무 지루해서 스킵해가면서 봤다 난 정말 김기독감독님영화도 재밌게봄",
    "date": "13.03.26",
    "rating": "3",
    "author": "smbo****",
    "review_id": "7412371",
    "movie_id": "40805"
  },
  {
    "review": "-",
    "date": "13.02.18",
    "rating": "9",
    "author": "nast****",
    "review_id": "7277895",
    "movie_id": "40805"
  },
  {
    "review": "재밌네요",
    "date": "10.04.28",
    "rating": "10",
    "author": "leej****",
    "review_id": "4460880",
    "movie_id": "40805"
  },
  {
    "review": "권력은 세뇌를 얼마나 쉽게 만드는가",
    "date": "08.12.31",
    "rating": "6",
    "author": "rose****",
    "review_id": "3170065",
    "movie_id": "40805"
  },
  {
    "review": "새로운 소재에 신선함",
    "date": "08.01.27",
    "rating": "9",
    "author": "bran****",
    "review_id": "2376292",
    "movie_id": "40805"
  },
  {
    "review": "조금 장난스런 면이 없지 않다. 높은 천재성에 진지함이 조금 더 있었더라면",
    "date": "08.01.26",
    "rating": "8",
    "author": "kari****",
    "review_id": "2371897",
    "movie_id": "40805"
  },
  {
    "review": "재밋어요",
    "date": "08.01.15",
    "rating": "10",
    "author": "5784****",
    "review_id": "2332059",
    "movie_id": "40805"
  },
  {
    "review": "좋았다가 나빴다가 기복이 있는 완성도.. 원장 선생의 연기가 인상적..",
    "date": "07.12.17",
    "rating": "7",
    "author": "moon****",
    "review_id": "2238778",
    "movie_id": "40805"
  },
  {
    "review": "새롭다",
    "date": "07.07.30",
    "rating": "8",
    "author": "dpqm****",
    "review_id": "1829626",
    "movie_id": "40805"
  },
  {
    "review": "'철학'이란 단어가 떠오르는 영화",
    "date": "07.05.24",
    "rating": "8",
    "author": "izkd****",
    "review_id": "1657551",
    "movie_id": "40805"
  },
  {
    "review": "최악의 시간낭비...혹시나가 역시나였다....",
    "date": "07.05.01",
    "rating": "1",
    "author": "daup****",
    "review_id": "1613817",
    "movie_id": "40805"
  },
  {
    "review": "15세 이하 어린아이들과는 절대 봐선 안될 영화",
    "date": "07.04.17",
    "rating": "5",
    "author": "egyp****",
    "review_id": "1593557",
    "movie_id": "40805"
  },
  {
    "review": "'동어 반복'과 동감함. 발상의 독특함이 단지 30분짜리이다..",
    "date": "07.04.17",
    "rating": "4",
    "author": "sin3****",
    "review_id": "1592669",
    "movie_id": "40805"
  },
  {
    "review": "발상은 독특하나 편협하고 들어갈 문이 없는 영화..........",
    "date": "07.04.15",
    "rating": "1",
    "author": "cong****",
    "review_id": "1590103",
    "movie_id": "40805"
  },
  {
    "review": "먹는것은 죄악. 발상자체만으로도.",
    "date": "07.02.16",
    "rating": "9",
    "author": "wlsi****",
    "review_id": "1474707",
    "movie_id": "40805"
  },
  {
    "review": "기발한..",
    "date": "06.10.24",
    "rating": "10",
    "author": "hee2****",
    "review_id": "1197390",
    "movie_id": "40805"
  },
  {
    "review": "올해 나온 영화 중에 최고의 영화!!",
    "date": "06.06.18",
    "rating": "10",
    "author": "anti****",
    "review_id": "849443",
    "movie_id": "40805"
  },
  {
    "review": "별로 많이 보지못했지만 전하려는 내용이 와닿지 않았다..",
    "date": "06.06.18",
    "rating": "7",
    "author": "cccc****",
    "review_id": "849219",
    "movie_id": "40805"
  },
  {
    "review": "처음으로 인디영화가 이렇게 재밌는거구나..라는걸 느꼈답니다.",
    "date": "06.06.17",
    "rating": "10",
    "author": "redg****",
    "review_id": "847353",
    "movie_id": "40805"
  },
  {
    "review": "정말 재밌게 본 영화.. 인디 영화의 힘을 느꼈다..",
    "date": "06.03.08",
    "rating": "10",
    "author": "harr****",
    "review_id": "709321",
    "movie_id": "40805"
  },
  {
    "review": "이영애와 신성일이라...ㅋㅋㅋ 참 독특하군요.",
    "date": "06.02.21",
    "rating": "10",
    "author": "lhcg****",
    "review_id": "683542",
    "movie_id": "40805"
  },
  {
    "review": "한번쯤은 볼만한 독특한 영화..관람하게 해주셔서 감사..*^^*",
    "date": "06.02.20",
    "rating": "10",
    "author": "mele****",
    "review_id": "681883",
    "movie_id": "40805"
  },
  {
    "review": "상상력은 최고이나....",
    "date": "06.02.19",
    "rating": "8",
    "author": "ozma****",
    "review_id": "681193",
    "movie_id": "40805"
  },
  {
    "review": "좀 지루하다 웃기고 생각할만하다가 다시 어의없게만드는 영화",
    "date": "06.02.16",
    "rating": "7",
    "author": "0351****",
    "review_id": "674319",
    "movie_id": "40805"
  },
  {
    "review": "추천합니다.",
    "date": "06.02.07",
    "rating": "10",
    "author": "naho****",
    "review_id": "652680",
    "movie_id": "40805"
  },
  {
    "review": "2월에 개봉하네. 엄청나게 독특하고 재밌었던 영화.",
    "date": "06.02.05",
    "rating": "10",
    "author": "pbad****",
    "review_id": "649339",
    "movie_id": "40805"
  }
]