[
  {
    "review": "같은미국인들이보기에는일정부분진실이지만좀불편한시선..빔벤더스의용기에박수를..",
    "date": "11.01.01",
    "rating": "7",
    "author": "bboj****",
    "review_id": "5110722",
    "movie_id": "40845"
  },
  {
    "review": "처음에 들었던 휴대폰벨소리가 끝나갈때 쯤에는 다르게 느껴진다",
    "date": "10.04.29",
    "rating": "7",
    "author": "asun****",
    "review_id": "4464065",
    "movie_id": "40845"
  },
  {
    "review": "평범한 보통사람들",
    "date": "09.08.20",
    "rating": "6",
    "author": "bbq2****",
    "review_id": "3769020",
    "movie_id": "40845"
  },
  {
    "review": "전 전혀 지루하지 않았어여 재밌게 봤어여 쓰레기 조폭 양아치 영화보단 나음",
    "date": "09.06.25",
    "rating": "10",
    "author": "hiki****",
    "review_id": "3590176",
    "movie_id": "40845"
  },
  {
    "review": "그들도 더이상의 희생을 바라지 않을것이다...",
    "date": "08.07.25",
    "rating": "7",
    "author": "bohe****",
    "review_id": "2800179",
    "movie_id": "40845"
  },
  {
    "review": "미국이란 부국의 이면. 근데 좀 지루해.",
    "date": "07.12.20",
    "rating": "8",
    "author": "warb****",
    "review_id": "2250304",
    "movie_id": "40845"
  },
  {
    "review": "담담하게 그린 미국에 대한 비판",
    "date": "07.10.26",
    "rating": "9",
    "author": "disn****",
    "review_id": "2113420",
    "movie_id": "40845"
  },
  {
    "review": "좀 지루한영화 근데  짠~~안 하다",
    "date": "07.09.28",
    "rating": "10",
    "author": "even****",
    "review_id": "2057139",
    "movie_id": "40845"
  },
  {
    "review": "누가 옳고 누가 그르단말인가..가슴이 아팠다.",
    "date": "07.08.26",
    "rating": "8",
    "author": "anai****",
    "review_id": "1979303",
    "movie_id": "40845"
  },
  {
    "review": "벤더스 특유의 감수성이 표현된 풍요의 땅의 불편한 현실과 진실..",
    "date": "07.08.09",
    "rating": "7",
    "author": "paci****",
    "review_id": "1911675",
    "movie_id": "40845"
  },
  {
    "review": "전쟁은 끝나지 않았다... 독백 & 원맨쇼!",
    "date": "07.07.24",
    "rating": "5",
    "author": "caca****",
    "review_id": "1805811",
    "movie_id": "40845"
  },
  {
    "review": "인간적인 무언가를 더 느꼈던 영화. 가깝다.",
    "date": "07.07.07",
    "rating": "9",
    "author": "mohr****",
    "review_id": "1754383",
    "movie_id": "40845"
  },
  {
    "review": "사실 인간이란 것이 합리적이면서도 상당히 비합리적인 동물",
    "date": "07.04.22",
    "rating": "8",
    "author": "titi****",
    "review_id": "1600996",
    "movie_id": "40845"
  },
  {
    "review": "국가주의적 광기는 개인을 철저히 황폐화시킨다.",
    "date": "07.04.12",
    "rating": "8",
    "author": "idre****",
    "review_id": "1584059",
    "movie_id": "40845"
  },
  {
    "review": "벤더슨의 영화 중 가장 명확하고 위트넘치는영화 . 벤더슨이 본 미국",
    "date": "07.04.01",
    "rating": "10",
    "author": "farm****",
    "review_id": "1567762",
    "movie_id": "40845"
  },
  {
    "review": "재미 없다..내가 내공이 부족한걸까..?",
    "date": "07.03.23",
    "rating": "3",
    "author": "guah****",
    "review_id": "1549289",
    "movie_id": "40845"
  },
  {
    "review": "좀 덜 지루했으면 더 좋았을 걸..",
    "date": "07.02.25",
    "rating": "7",
    "author": "yhkl****",
    "review_id": "1501973",
    "movie_id": "40845"
  },
  {
    "review": "이런 이야기는 책으로 쓰세요.",
    "date": "06.12.09",
    "rating": "6",
    "author": "damu****",
    "review_id": "1277507",
    "movie_id": "40845"
  },
  {
    "review": "강박,불안,과도한 자부심에 시달리는 미국인에게 들려주는 우화",
    "date": "06.12.04",
    "rating": "7",
    "author": "lks3****",
    "review_id": "1267905",
    "movie_id": "40845"
  },
  {
    "review": "미치광이쇼비니스트 감상젖은이상주의자 두려움에 대해 잘그려냄",
    "date": "06.10.12",
    "rating": "8",
    "author": "leel****",
    "review_id": "1176643",
    "movie_id": "40845"
  },
  {
    "review": "겉의 풍요로운 미국을 보기보다는 그속의 애환들을 다루고있다",
    "date": "06.08.01",
    "rating": "7",
    "author": "okjo****",
    "review_id": "954225",
    "movie_id": "40845"
  },
  {
    "review": "사실은 그저 하나의 큰 빌딩, 큰 땅덩이에 불과한 것인데.",
    "date": "06.07.30",
    "rating": "9",
    "author": "fres****",
    "review_id": "944182",
    "movie_id": "40845"
  },
  {
    "review": "야욕의 베트남전, 상처의 9.11, 그곳에 마음의 풍요는 없었다.",
    "date": "06.07.30",
    "rating": "6",
    "author": "hadl****",
    "review_id": "941361",
    "movie_id": "40845"
  },
  {
    "review": "EBS에서 지금 보고 있는데... 첨부터 못본게 아쉽다 ㅜㅜ",
    "date": "06.07.30",
    "rating": "10",
    "author": "shim****",
    "review_id": "940942",
    "movie_id": "40845"
  },
  {
    "review": "토요명화는 이거 봐야겠다;",
    "date": "06.07.29",
    "rating": "10",
    "author": "eunm****",
    "review_id": "940137",
    "movie_id": "40845"
  },
  {
    "review": "괜찮은 영화...",
    "date": "06.07.05",
    "rating": "9",
    "author": "hj78****",
    "review_id": "871332",
    "movie_id": "40845"
  },
  {
    "review": "역시 빔 벤더스다운 영화다. 괜찮다...",
    "date": "06.06.11",
    "rating": "10",
    "author": "shoo****",
    "review_id": "840454",
    "movie_id": "40845"
  },
  {
    "review": "서로 다른 고민으로 멀게만 느껴지누나",
    "date": "06.05.22",
    "rating": "6",
    "author": "boob****",
    "review_id": "812161",
    "movie_id": "40845"
  },
  {
    "review": "깊은 생각과 함께 깊은 잠에 빠지게 한다.",
    "date": "06.04.26",
    "rating": "4",
    "author": "lshp****",
    "review_id": "776449",
    "movie_id": "40845"
  },
  {
    "review": "조금 아쉬웠지만.",
    "date": "06.01.08",
    "rating": "8",
    "author": "obvi****",
    "review_id": "569739",
    "movie_id": "40845"
  },
  {
    "review": "아...잘본영화 굿!!!",
    "date": "05.11.23",
    "rating": "10",
    "author": "sik_****",
    "review_id": "482990",
    "movie_id": "40845"
  },
  {
    "review": "전쟁이 남기는 상처에 대한 빔벤더스 특유의 따뜻한 우화적 표현",
    "date": "05.11.09",
    "rating": "10",
    "author": "20th****",
    "review_id": "469014",
    "movie_id": "40845"
  },
  {
    "review": "좋아요...차가운 바람과 어울리는 영화..",
    "date": "05.10.02",
    "rating": "10",
    "author": "smas****",
    "review_id": "430570",
    "movie_id": "40845"
  },
  {
    "review": "좋았습니다.",
    "date": "05.10.01",
    "rating": "8",
    "author": "sooy****",
    "review_id": "430071",
    "movie_id": "40845"
  },
  {
    "review": "좋았다.. 빔 밴더스는 냉소적인 소재를 따뜻하게 표현한다..",
    "date": "05.09.15",
    "rating": "9",
    "author": "urba****",
    "review_id": "406490",
    "movie_id": "40845"
  },
  {
    "review": "빔 벤더스 감독다운 영화~",
    "date": "05.09.13",
    "rating": "5",
    "author": "pjs1****",
    "review_id": "404419",
    "movie_id": "40845"
  },
  {
    "review": "화려함과풍요로움속에감춰졌던미국의또다른모습을볼수있었다.",
    "date": "05.09.13",
    "rating": "5",
    "author": "asca****",
    "review_id": "403965",
    "movie_id": "40845"
  },
  {
    "review": "미국이라는 나라를 떠나서 인간애가 느껴진 영화~~",
    "date": "05.09.11",
    "rating": "8",
    "author": "suke****",
    "review_id": "400732",
    "movie_id": "40845"
  },
  {
    "review": "정말이지 뛰쳐나오고 싶던영화, 음악은 그런대로 좋았다.",
    "date": "05.09.10",
    "rating": "2",
    "author": "wooj****",
    "review_id": "399609",
    "movie_id": "40845"
  },
  {
    "review": "정말?",
    "date": "05.08.31",
    "rating": "1",
    "author": "97mo****",
    "review_id": "389522",
    "movie_id": "40845"
  },
  {
    "review": "이거진짜최고의영화다외국에서봤는데진짜대박예상이다.",
    "date": "05.08.18",
    "rating": "10",
    "author": "tast****",
    "review_id": "373084",
    "movie_id": "40845"
  }
]