[
  {
    "review": "훈훈하고잼는디평이좀짜네",
    "date": "15.04.13",
    "rating": "9",
    "author": "xx41****",
    "review_id": "9844538",
    "movie_id": "40887"
  },
  {
    "review": "코믹 감초 조연이 살린...!;;;",
    "date": "14.05.29",
    "rating": "6",
    "author": "popy****",
    "review_id": "8774519",
    "movie_id": "40887"
  },
  {
    "review": "재밌고 감동적이네요...티비로 잘봤음..",
    "date": "14.05.29",
    "rating": "10",
    "author": "syha****",
    "review_id": "8773122",
    "movie_id": "40887"
  },
  {
    "review": "개봉한지 벌써 OO을 바라보는 영화를 오늘에서야 봤네요. 전체적으로 편안하게 볼 수 있는 영화인 것 같아요. 가족끼리 함께 보면 더 좋을 것 같이요~! 따스함을 담아가요~~!",
    "date": "14.05.29",
    "rating": "8",
    "author": "cysu****",
    "review_id": "8773071",
    "movie_id": "40887"
  },
  {
    "review": "영화에대해 잘모르지만볼때마다 사랑하는사람의 소중함과마음이 따뜻해지는 영화네요..오늘도 눈물 찔끔 ㅋ",
    "date": "14.05.29",
    "rating": "10",
    "author": "nate****",
    "review_id": "8773052",
    "movie_id": "40887"
  },
  {
    "review": "한석규, 정말 연기잘하는 배우다.",
    "date": "14.05.26",
    "rating": "8",
    "author": "hspl****",
    "review_id": "8766159",
    "movie_id": "40887"
  },
  {
    "review": "영화가 주는 현실적인 메세지도 너무 좋고 삶의 또 다른 깨달음도 얻게 되는 유쾌한 영화. 코믹 장면도 많고 감동도 있고 좋네요. 근데 마지막 장면은 좀 오바..오그라듬..굳이 그렇게 안했어도 퀴즈왕되고 완성도있게 마무리할 수 있었을 텐데...",
    "date": "14.05.26",
    "rating": "8",
    "author": "chae****",
    "review_id": "8766128",
    "movie_id": "40887"
  },
  {
    "review": "마지막에 사람 의아하게 만드는 영화..뭐 그당시 우리나라 영화가 뭐든 코미디로 가다가 갑작감동으로 끝맺음하기는 하지만...이건 좀 심한감이 있다..다시봐도 그러네...",
    "date": "14.05.26",
    "rating": "6",
    "author": "bbo0****",
    "review_id": "8766123",
    "movie_id": "40887"
  },
  {
    "review": "이영화 나온지 참 오래되었죠..  그때는 많은 사람들이 욕하더니 몇년 지나니깐 좋다는 사람도 많이 있네",
    "date": "13.11.12",
    "rating": "6",
    "author": "adiv****",
    "review_id": "8133668",
    "movie_id": "40887"
  },
  {
    "review": "킬링타임용 영화일뿐!",
    "date": "13.10.08",
    "rating": "1",
    "author": "ske4****",
    "review_id": "8044640",
    "movie_id": "40887"
  },
  {
    "review": "심심할때 보니까 재밌다.",
    "date": "13.10.03",
    "rating": "10",
    "author": "zzuu****",
    "review_id": "8032140",
    "movie_id": "40887"
  },
  {
    "review": "한석규사랑행",
    "date": "13.05.29",
    "rating": "10",
    "author": "feel****",
    "review_id": "7561333",
    "movie_id": "40887"
  },
  {
    "review": "한석규같은 아빠 있었으면 좋겠다.",
    "date": "13.01.24",
    "rating": "8",
    "author": "enzh****",
    "review_id": "7164281",
    "movie_id": "40887"
  },
  {
    "review": "뭐 난 아직도 이해가 안가긴하지만, 그런고 놓고 개그만 본다면 상당한 수작...신은경이 집에 퇴근만 하면 기분이 안좋아진다.",
    "date": "13.01.04",
    "rating": "8",
    "author": "bajj****",
    "review_id": "7080723",
    "movie_id": "40887"
  },
  {
    "review": "이거놔 OO 나 김치가져가야돼",
    "date": "12.08.19",
    "rating": "10",
    "author": "gusw****",
    "review_id": "6624132",
    "movie_id": "40887"
  },
  {
    "review": "간지러운 마지막 장면만 빼면",
    "date": "12.07.14",
    "rating": "7",
    "author": "chog****",
    "review_id": "6477242",
    "movie_id": "40887"
  },
  {
    "review": "뻔하지만 재미있고 따뜻한 영화",
    "date": "12.04.14",
    "rating": "10",
    "author": "jimi****",
    "review_id": "6218211",
    "movie_id": "40887"
  },
  {
    "review": "그당시 괜찮게 봤던...^^",
    "date": "12.03.02",
    "rating": "10",
    "author": "jcy1****",
    "review_id": "6117592",
    "movie_id": "40887"
  },
  {
    "review": "정말정말잼잇어요*^^*",
    "date": "12.01.19",
    "rating": "10",
    "author": "hara****",
    "review_id": "5997698",
    "movie_id": "40887"
  },
  {
    "review": "마음에 듭니다.",
    "date": "12.01.13",
    "rating": "10",
    "author": "nimb****",
    "review_id": "5981769",
    "movie_id": "40887"
  },
  {
    "review": "재밌든데?내용도좋고훈훈함",
    "date": "12.01.12",
    "rating": "9",
    "author": "rlaw****",
    "review_id": "5980274",
    "movie_id": "40887"
  },
  {
    "review": "결말이 너무 억지스러워!",
    "date": "11.12.11",
    "rating": "1",
    "author": "toto****",
    "review_id": "5899115",
    "movie_id": "40887"
  },
  {
    "review": "상투적이다...",
    "date": "11.10.08",
    "rating": "5",
    "author": "yana****",
    "review_id": "5777407",
    "movie_id": "40887"
  },
  {
    "review": "개나줘라",
    "date": "11.10.06",
    "rating": "1",
    "author": "kame****",
    "review_id": "5773903",
    "movie_id": "40887"
  },
  {
    "review": "그럭저럭볼만한영화 소소하게웃음도주고재밋음",
    "date": "11.09.22",
    "rating": "7",
    "author": "al11****",
    "review_id": "5744873",
    "movie_id": "40887"
  },
  {
    "review": "훈훈한 가족영화. 한석규의 망가지는 모습은 덤",
    "date": "11.08.02",
    "rating": "6",
    "author": "ilov****",
    "review_id": "5591345",
    "movie_id": "40887"
  },
  {
    "review": "따뜻하고,,,,,,,,미소를머금게하는........",
    "date": "11.07.04",
    "rating": "8",
    "author": "orph****",
    "review_id": "5521044",
    "movie_id": "40887"
  },
  {
    "review": "생방송으로 하는 퀴즈 프로그램도 있나?? ;;;",
    "date": "11.02.05",
    "rating": "7",
    "author": "tn99****",
    "review_id": "5218489",
    "movie_id": "40887"
  },
  {
    "review": "도데체 감독은 왜 고사2를 만들었는가? 이런 영화를 놨두고....",
    "date": "11.01.26",
    "rating": "7",
    "author": "rnx4****",
    "review_id": "5184591",
    "movie_id": "40887"
  },
  {
    "review": "한석규에겐 너무 약한 각본. 쉬어가듯...",
    "date": "11.01.16",
    "rating": "3",
    "author": "pria****",
    "review_id": "5162946",
    "movie_id": "40887"
  },
  {
    "review": "겹겹이 쌓이는 우연과 영화적 허용이 포개져 훈훈한 세상 이야기를 보여줬다.",
    "date": "10.11.28",
    "rating": "8",
    "author": "sbs3****",
    "review_id": "5001626",
    "movie_id": "40887"
  },
  {
    "review": "처ㅝ주",
    "date": "10.10.21",
    "rating": "10",
    "author": "rudg****",
    "review_id": "4913424",
    "movie_id": "40887"
  },
  {
    "review": "재미있게봤어요",
    "date": "10.09.26",
    "rating": "9",
    "author": "tink****",
    "review_id": "4871053",
    "movie_id": "40887"
  },
  {
    "review": "빅재미 영화는 아니지만 괜찮은영화.흥행실적보다는 확실한 재미와 감동이 있는 영화",
    "date": "10.09.13",
    "rating": "8",
    "author": "dhgh****",
    "review_id": "4834105",
    "movie_id": "40887"
  },
  {
    "review": "싼티나는 영화가 아니다.어린 아이의 아빠로서 공감이 많이 갔다.",
    "date": "10.08.23",
    "rating": "8",
    "author": "marc****",
    "review_id": "4784281",
    "movie_id": "40887"
  },
  {
    "review": "마음이 따뜻해지는 영화입니다 연인끼리 꼭 보세요",
    "date": "10.05.21",
    "rating": "10",
    "author": "embe****",
    "review_id": "4513936",
    "movie_id": "40887"
  },
  {
    "review": "재밌음..",
    "date": "10.04.26",
    "rating": "9",
    "author": "toug****",
    "review_id": "4458407",
    "movie_id": "40887"
  },
  {
    "review": "내내 재밌다가 끝부분에 웬 신파?....암튼 한석규영환 다 잼남",
    "date": "10.04.10",
    "rating": "7",
    "author": "atar****",
    "review_id": "4424248",
    "movie_id": "40887"
  },
  {
    "review": "억지로 짜낸듯한 감동과 억지설정.밋밋한내용이 아쉽다",
    "date": "10.04.01",
    "rating": "5",
    "author": "kimk****",
    "review_id": "4401701",
    "movie_id": "40887"
  },
  {
    "review": "6점초, 그럭저럭 볼만한 영화 그닥 이 영화가 갖고있는 매력은없다.",
    "date": "10.02.28",
    "rating": "6",
    "author": "1611****",
    "review_id": "4324873",
    "movie_id": "40887"
  },
  {
    "review": "따뜻한 영화. 한석규는 썩기 아까운 배우다",
    "date": "10.02.10",
    "rating": "7",
    "author": "acou****",
    "review_id": "4265189",
    "movie_id": "40887"
  },
  {
    "review": "가족에대해 다시한번 생각해보게 해주는 영화",
    "date": "09.12.29",
    "rating": "10",
    "author": "hydr****",
    "review_id": "4104135",
    "movie_id": "40887"
  },
  {
    "review": "좋은 소재와 배우를 낭비한 듯한 영화.",
    "date": "09.12.01",
    "rating": "5",
    "author": "cube****",
    "review_id": "4007484",
    "movie_id": "40887"
  },
  {
    "review": "재미있긴한데 너무 뻔하잖아ㅠ 포스터만으로도 모든 이야기를 꿸 수 있는.",
    "date": "09.11.12",
    "rating": "8",
    "author": "ming****",
    "review_id": "3954433",
    "movie_id": "40887"
  },
  {
    "review": "이렇듯, 사랑스럽게 다들 살수있다면 좋겠습니다",
    "date": "09.10.31",
    "rating": "10",
    "author": "cryi****",
    "review_id": "3927783",
    "movie_id": "40887"
  },
  {
    "review": "유쾌하다. 남녀를 떠나서, 집사람(주부)과 바깥사람, 서로의 이해를 돕는 영화..",
    "date": "09.10.16",
    "rating": "7",
    "author": "in_0****",
    "review_id": "3895828",
    "movie_id": "40887"
  },
  {
    "review": "소소한 영화.. 백수 남편 기죽이기가 목적이라면 성공할듯..",
    "date": "09.09.13",
    "rating": "3",
    "author": "imf0****",
    "review_id": "3828937",
    "movie_id": "40887"
  },
  {
    "review": "재미는 있지만 임팩트는 매우 부족",
    "date": "09.08.31",
    "rating": "5",
    "author": "rjsw****",
    "review_id": "3801065",
    "movie_id": "40887"
  },
  {
    "review": "괜찮은거 같은데 마지막이 조금 실망...드라마게임과 진부한 스토리",
    "date": "09.08.20",
    "rating": "6",
    "author": "thra****",
    "review_id": "3771458",
    "movie_id": "40887"
  },
  {
    "review": "완전 최악인 영화.",
    "date": "09.08.18",
    "rating": "1",
    "author": "pong****",
    "review_id": "3763246",
    "movie_id": "40887"
  },
  {
    "review": "그리 재미있었던건 아니었는데..",
    "date": "09.08.16",
    "rating": "6",
    "author": "bkm1****",
    "review_id": "3754866",
    "movie_id": "40887"
  },
  {
    "review": "한석규 아줌마 ㅋ",
    "date": "09.08.14",
    "rating": "6",
    "author": "bkm1****",
    "review_id": "3747538",
    "movie_id": "40887"
  },
  {
    "review": "왠지 식상한 내용에 몰입도도 약하고 웃음지수도 약하고.. 아쉬운 영화~",
    "date": "09.08.06",
    "rating": "2",
    "author": "juvi****",
    "review_id": "3715868",
    "movie_id": "40887"
  },
  {
    "review": "왕의남자,태극기를 휘날리며, 괴물보다 훨~~~~~~씬 재밌게봤어요 !!!!!!!!!!",
    "date": "09.07.27",
    "rating": "10",
    "author": "fish****",
    "review_id": "3671246",
    "movie_id": "40887"
  },
  {
    "review": "저도어제티비로좀.재미씀",
    "date": "09.07.05",
    "rating": "9",
    "author": "llll****",
    "review_id": "3613141",
    "movie_id": "40887"
  },
  {
    "review": "재밋어요 ㅋㅋ",
    "date": "09.07.05",
    "rating": "9",
    "author": "didn****",
    "review_id": "3612247",
    "movie_id": "40887"
  },
  {
    "review": "방금 티뷔에서 봤음.. 나에겐 블록버스터이상으로 가치있는 영화가 되었음.",
    "date": "09.07.05",
    "rating": "10",
    "author": "topi****",
    "review_id": "3611242",
    "movie_id": "40887"
  },
  {
    "review": "가족의 소중함을 다시 한 번 알게해주는.. 하지만 억지스런 결말은 별로...",
    "date": "09.06.19",
    "rating": "7",
    "author": "blue****",
    "review_id": "3575851",
    "movie_id": "40887"
  },
  {
    "review": "웃겨요.",
    "date": "09.04.12",
    "rating": "10",
    "author": "0527****",
    "review_id": "3417912",
    "movie_id": "40887"
  },
  {
    "review": "재미 있는 영화네요.",
    "date": "09.04.12",
    "rating": "10",
    "author": "dong****",
    "review_id": "3417892",
    "movie_id": "40887"
  },
  {
    "review": "어처구니 없는 결말만 아니었어도 평균은 하는건데.",
    "date": "09.03.13",
    "rating": "1",
    "author": "bloo****",
    "review_id": "3363107",
    "movie_id": "40887"
  },
  {
    "review": "한국판 슬럼독 밀리네어",
    "date": "09.03.06",
    "rating": "10",
    "author": "phyn****",
    "review_id": "3350809",
    "movie_id": "40887"
  },
  {
    "review": "몇 년 된 영화지만 보길 잘했다는 생각이 든다.",
    "date": "09.02.26",
    "rating": "10",
    "author": "pji1****",
    "review_id": "3333325",
    "movie_id": "40887"
  },
  {
    "review": "마지막에 쫌 감동했음.",
    "date": "09.01.21",
    "rating": "8",
    "author": "tjeh****",
    "review_id": "3236598",
    "movie_id": "40887"
  },
  {
    "review": "난 울었어",
    "date": "09.01.15",
    "rating": "10",
    "author": "isco****",
    "review_id": "3222038",
    "movie_id": "40887"
  },
  {
    "review": "굿굿잡 ㅇㅈㅇ! 2009년 1월달의 새해?! 처음 리뷰!",
    "date": "09.01.11",
    "rating": "10",
    "author": "hhjh****",
    "review_id": "3211098",
    "movie_id": "40887"
  },
  {
    "review": "유치하다 하지만 시대상을 잘 표현 한 것 같다. 억지지만 마지막 여운도 좋다.",
    "date": "08.08.18",
    "rating": "8",
    "author": "vhzm****",
    "review_id": "2884498",
    "movie_id": "40887"
  },
  {
    "review": "소재는 신선하지만...결론은 유치하다;;",
    "date": "08.07.28",
    "rating": "2",
    "author": "20ce****",
    "review_id": "2812456",
    "movie_id": "40887"
  },
  {
    "review": "사회, 가정, 그리고 본인스스로에대한 고찰, 한석규라는 배우는 역시!",
    "date": "08.07.21",
    "rating": "8",
    "author": "choh****",
    "review_id": "2790654",
    "movie_id": "40887"
  },
  {
    "review": "뻔하지만 볼만함",
    "date": "08.02.18",
    "rating": "8",
    "author": "lllm****",
    "review_id": "2461031",
    "movie_id": "40887"
  },
  {
    "review": "곰티비에서봤는데너무재미있고감동적이네요!!짱!!",
    "date": "08.02.09",
    "rating": "10",
    "author": "psks****",
    "review_id": "2426032",
    "movie_id": "40887"
  },
  {
    "review": "심심해서 봤는데 너무 재미있더군요.",
    "date": "08.02.08",
    "rating": "10",
    "author": "cute****",
    "review_id": "2423805",
    "movie_id": "40887"
  },
  {
    "review": "웃기면서 감동도 주는 꽤 괜찮은 영화였다.",
    "date": "08.02.08",
    "rating": "8",
    "author": "wkdl****",
    "review_id": "2420105",
    "movie_id": "40887"
  },
  {
    "review": "가족 드라마, 훈훈해지는 영화였다.",
    "date": "08.02.07",
    "rating": "8",
    "author": "leeo****",
    "review_id": "2418280",
    "movie_id": "40887"
  },
  {
    "review": "약간 아쉬웠지만 그래도 좋았던 영화.",
    "date": "08.02.05",
    "rating": "9",
    "author": "gsm9****",
    "review_id": "2410517",
    "movie_id": "40887"
  },
  {
    "review": "남자전업주부에대한 사회의곱지않은시선을 적당한 코메디와 감동으로 날려버린다.",
    "date": "08.02.04",
    "rating": "8",
    "author": "bboj****",
    "review_id": "2408884",
    "movie_id": "40887"
  },
  {
    "review": "저도 남자지만 배우 한석규씨 사랑합니다 ㅎ 진짜 매력적인 배우~!",
    "date": "08.02.01",
    "rating": "10",
    "author": "wlsd****",
    "review_id": "2396864",
    "movie_id": "40887"
  },
  {
    "review": "정말 재밌게 봤습니다 다들 연기력이 정말 너무 좋았어요",
    "date": "08.02.01",
    "rating": "10",
    "author": "hell****",
    "review_id": "2396120",
    "movie_id": "40887"
  },
  {
    "review": "한석규 작품선택은 정말 잘하는 듯~ 점점 빠져드는 배우~~",
    "date": "08.01.30",
    "rating": "7",
    "author": "lpay****",
    "review_id": "2387397",
    "movie_id": "40887"
  },
  {
    "review": "가족끼리 보면 좋은 영화입니다.",
    "date": "08.01.17",
    "rating": "10",
    "author": "pure****",
    "review_id": "2339189",
    "movie_id": "40887"
  },
  {
    "review": "감동적인 스토리와~배우들의 연기가 좋았어요^^",
    "date": "08.01.09",
    "rating": "10",
    "author": "joon****",
    "review_id": "2310717",
    "movie_id": "40887"
  },
  {
    "review": "성구분이점차사라지는과도기는잘표현했으나끝에좀오바한듯싶어아쉽다",
    "date": "08.01.06",
    "rating": "8",
    "author": "yong****",
    "review_id": "2301903",
    "movie_id": "40887"
  },
  {
    "review": "남자 전업주부들이여 벽장에서 나와라!",
    "date": "07.12.26",
    "rating": "7",
    "author": "seag****",
    "review_id": "2268117",
    "movie_id": "40887"
  },
  {
    "review": "한석규 연기 짱 ㅎㅎㅎ~~~",
    "date": "07.12.25",
    "rating": "10",
    "author": "z040****",
    "review_id": "2263908",
    "movie_id": "40887"
  },
  {
    "review": "내용도 좋고,재미도 있고...역시 한석규는 너무 좋은 배우다...",
    "date": "07.12.20",
    "rating": "8",
    "author": "some****",
    "review_id": "2250176",
    "movie_id": "40887"
  },
  {
    "review": "너무 슬프고 재밌어여",
    "date": "07.12.10",
    "rating": "10",
    "author": "aksw****",
    "review_id": "2220966",
    "movie_id": "40887"
  },
  {
    "review": "우리시대를 반영했지만 매력이 부족한 영화",
    "date": "07.12.07",
    "rating": "4",
    "author": "radi****",
    "review_id": "2212542",
    "movie_id": "40887"
  },
  {
    "review": "볼만..",
    "date": "07.12.04",
    "rating": "7",
    "author": "klov****",
    "review_id": "2205294",
    "movie_id": "40887"
  },
  {
    "review": "보는데 무리는 없지만, 너무 무리없이 흘러가는 평범한 영화가 되버렸다",
    "date": "07.11.15",
    "rating": "6",
    "author": "tmdw****",
    "review_id": "2153647",
    "movie_id": "40887"
  },
  {
    "review": "눈물이슬쩍.. 멋진영화입니다!",
    "date": "07.11.14",
    "rating": "10",
    "author": "feli****",
    "review_id": "2151446",
    "movie_id": "40887"
  },
  {
    "review": "조금 아쉽다.. 한석규의 열연이...",
    "date": "07.10.15",
    "rating": "6",
    "author": "self****",
    "review_id": "2091409",
    "movie_id": "40887"
  },
  {
    "review": "재밌따 .!!",
    "date": "07.09.30",
    "rating": "10",
    "author": "like****",
    "review_id": "2062999",
    "movie_id": "40887"
  },
  {
    "review": "이런영화가 좋다 보면서 약간의 눈물이 난다.이런영화가 정말좋다.만점이다",
    "date": "07.08.30",
    "rating": "10",
    "author": "jm48****",
    "review_id": "1989920",
    "movie_id": "40887"
  },
  {
    "review": "사회를 적절히 담은 영화. 너무 밋밋한 게 흠이라면 흠",
    "date": "07.08.25",
    "rating": "5",
    "author": "ghdl****",
    "review_id": "1976636",
    "movie_id": "40887"
  },
  {
    "review": "내용은 별거 없는데 걍 훈훈하다.",
    "date": "07.08.11",
    "rating": "6",
    "author": "moon****",
    "review_id": "1918759",
    "movie_id": "40887"
  },
  {
    "review": "나름대로 재미있었다. 남녀평등 사상의 입각이 절실한 한국사회.",
    "date": "07.08.09",
    "rating": "10",
    "author": "derk****",
    "review_id": "1909402",
    "movie_id": "40887"
  },
  {
    "review": "감동이 없던데...",
    "date": "07.08.07",
    "rating": "3",
    "author": "ryuz****",
    "review_id": "1900986",
    "movie_id": "40887"
  },
  {
    "review": "딱 90년대 영화",
    "date": "07.08.07",
    "rating": "3",
    "author": "foot****",
    "review_id": "1898549",
    "movie_id": "40887"
  },
  {
    "review": "가치관의 혼란이.. 정말 그리 괘안았나??",
    "date": "07.08.05",
    "rating": "6",
    "author": "typo****",
    "review_id": "1879735",
    "movie_id": "40887"
  },
  {
    "review": "그럭저럭",
    "date": "07.08.03",
    "rating": "7",
    "author": "vkfk****",
    "review_id": "1865059",
    "movie_id": "40887"
  }
]