[
  {
    "review": "영화가 개판이네. 조폭색기가 보스말도 안듣고, 같잖은 지팡이나 찾으러다니는데 시간 다 쏟고.",
    "date": "15.08.23",
    "rating": "1",
    "author": "ekff****",
    "review_id": "10266388",
    "movie_id": "40915"
  },
  {
    "review": "감독의 팬 혹은 홍콩영화를 맹목적으로 추겨세우는, 그것도 아니라면 조폭영화라면 사족을 못쓰는 이 아니면, 이 영화는 이야기 전개 방식과 인물구도가 상당히 산만하고 결과적으로 지루하다. 등장인물은 어찌나 많은지 영화보는내내 잡생각을 하게 만든다.",
    "date": "15.08.18",
    "rating": "2",
    "author": "pes8****",
    "review_id": "10249934",
    "movie_id": "40915"
  },
  {
    "review": "생각하게 만드는 영화! 예측불허 뒤통수치는 영화~",
    "date": "15.07.21",
    "rating": "9",
    "author": "ruke****",
    "review_id": "10124966",
    "movie_id": "40915"
  },
  {
    "review": "이 영화도 그렇고, 기타노 다케시의 아웃 레이지도 그렇고 사실상 실제  조직 사회의 암투를 리얼하게 그려냈다.",
    "date": "15.04.18",
    "rating": "8",
    "author": "chin****",
    "review_id": "9851724",
    "movie_id": "40915"
  },
  {
    "review": "시종일관 건조하고 살벌하고 적나라하다. 영화로 멋지게 과장된 조폭에 대한 환상, 잘빠진 양복과 그들간의 의리, 간지나는 패싸움같은 이미지에 제대로 도전하는듯.",
    "date": "15.03.18",
    "rating": "9",
    "author": "food****",
    "review_id": "9792141",
    "movie_id": "40915"
  },
  {
    "review": "많이느리고 화려한액션은없다",
    "date": "14.11.17",
    "rating": "5",
    "author": "2328****",
    "review_id": "9395987",
    "movie_id": "40915"
  },
  {
    "review": "우정/충성으로 미화된 조폭세계..",
    "date": "14.11.14",
    "rating": "8",
    "author": "pass****",
    "review_id": "9383606",
    "movie_id": "40915"
  },
  {
    "review": "비정한 권력.. 재밌게 본 영화",
    "date": "14.10.24",
    "rating": "10",
    "author": "phj0****",
    "review_id": "9312292",
    "movie_id": "40915"
  },
  {
    "review": "현실성과 흡입력은 상당했다",
    "date": "14.09.20",
    "rating": "7",
    "author": "wind****",
    "review_id": "9228704",
    "movie_id": "40915"
  },
  {
    "review": "정의로운 자 결국 왕을 손에 넣다. 그리고 타락의 시작",
    "date": "14.09.16",
    "rating": "7",
    "author": "ngup****",
    "review_id": "9218228",
    "movie_id": "40915"
  },
  {
    "review": "임달화 진짜 쓰레기ㅋㅋㅋ",
    "date": "14.09.13",
    "rating": "8",
    "author": "gong****",
    "review_id": "9210231",
    "movie_id": "40915"
  },
  {
    "review": "기대하고 봤건만 생각보다 별로... 이야기 자체는 꽤 흥미진진한데 조직원들이 배신에 배신을 하는 까닭인지 복종하는 인물관계도가 꽤 복잡하다...말미에 대충 이해가 가지만 말이다...",
    "date": "14.08.10",
    "rating": "5",
    "author": "a141****",
    "review_id": "9059962",
    "movie_id": "40915"
  },
  {
    "review": "좀 지루한듯 하네요::: 시간좀 많고 꼭 보고싶으시면 보시길...",
    "date": "14.04.22",
    "rating": "5",
    "author": "makn****",
    "review_id": "8665024",
    "movie_id": "40915"
  },
  {
    "review": "저는 이 필름의 화법은 별로였네요. 너무 산만해서 서사는 혼자 노를 젓고 갈등과 인물들은 다 어딜갔는지...개연성이나 리얼리티 면에서 좀체 와닿질 않았네요. 목적주의적으로 저렇게 비열한 자들이 옥새에는 왜 집착한건지..어쩌면 그래서 드러나는 비열함인지",
    "date": "14.04.14",
    "rating": "6",
    "author": "uniq****",
    "review_id": "8649348",
    "movie_id": "40915"
  },
  {
    "review": "이 영화 이후로 최근 홍콩 느와르에 빠져버렸다..",
    "date": "14.03.21",
    "rating": "10",
    "author": "jint****",
    "review_id": "8591799",
    "movie_id": "40915"
  },
  {
    "review": "현악기와 북소리로 묘한 여운과 긴장감울 주는영화",
    "date": "14.03.04",
    "rating": "9",
    "author": "last****",
    "review_id": "8555458",
    "movie_id": "40915"
  },
  {
    "review": "대박~ 근데 남는건 없네",
    "date": "14.01.27",
    "rating": "6",
    "author": "kdju****",
    "review_id": "8433531",
    "movie_id": "40915"
  },
  {
    "review": "이런류 영화를 많이 봤기에 내용이 뻔하다고 느껴지지만 그래도  홍콩영화이정도로 만드다니 놀랍다",
    "date": "13.12.29",
    "rating": "7",
    "author": "xx41****",
    "review_id": "8320945",
    "movie_id": "40915"
  },
  {
    "review": "아무리 포장한다고 해도..그 끝은 비열함...",
    "date": "13.12.27",
    "rating": "8",
    "author": "bfwe****",
    "review_id": "8309361",
    "movie_id": "40915"
  },
  {
    "review": "거침없이 사람 죽이는거 빼면 볼만",
    "date": "13.12.25",
    "rating": "8",
    "author": "vvst****",
    "review_id": "8295959",
    "movie_id": "40915"
  },
  {
    "review": "쫄깃쫄깃한 연출은 없지만, 둔탁한 듯 남성스런 분위기다 멋지다",
    "date": "13.12.17",
    "rating": "8",
    "author": "rukk****",
    "review_id": "8220827",
    "movie_id": "40915"
  },
  {
    "review": "제작 당시인 6년 전이었다면 꽤 훌륭했을 느와르지만.",
    "date": "13.12.01",
    "rating": "6",
    "author": "tear****",
    "review_id": "8183272",
    "movie_id": "40915"
  },
  {
    "review": "워메... 대박이여 이건",
    "date": "13.11.11",
    "rating": "10",
    "author": "insa****",
    "review_id": "8131430",
    "movie_id": "40915"
  },
  {
    "review": "지루하고 재미도 없네...",
    "date": "13.11.09",
    "rating": "2",
    "author": "dbzh****",
    "review_id": "8128561",
    "movie_id": "40915"
  },
  {
    "review": "폭력은 결국 비열함 그 이상도, 그 이하도 아니라는 것을 극명하게 보여준 영화~",
    "date": "13.08.20",
    "rating": "8",
    "author": "anag****",
    "review_id": "7906221",
    "movie_id": "40915"
  },
  {
    "review": "'영화 대부가 홍콩으로 가면?' 이라는 상상력에 가장 부합한 영화. 홍콩 느와르를 관통하는 두기봉의 정점이라 생각된다.",
    "date": "13.08.12",
    "rating": "7",
    "author": "bibc****",
    "review_id": "7872325",
    "movie_id": "40915"
  },
  {
    "review": "아.. 진짜 무시무시함.. 흑사회....",
    "date": "13.07.23",
    "rating": "9",
    "author": "rand****",
    "review_id": "7779071",
    "movie_id": "40915"
  },
  {
    "review": "진짜 마지막 모습이...대박인듯...;;",
    "date": "13.07.18",
    "rating": "8",
    "author": "do11****",
    "review_id": "7756501",
    "movie_id": "40915"
  },
  {
    "review": "정말 재밌었네요 양가휘짱",
    "date": "13.06.06",
    "rating": "10",
    "author": "thfk****",
    "review_id": "7598659",
    "movie_id": "40915"
  },
  {
    "review": "수작! 왜 두기봉인지, 왜 양가휘와 임달화인지 잘 설명해주고 있다!!!",
    "date": "13.03.11",
    "rating": "9",
    "author": "s1ok****",
    "review_id": "7341642",
    "movie_id": "40915"
  },
  {
    "review": "그간 홍콩 느와르의 겉멋을 깨부수는 작품.",
    "date": "13.01.30",
    "rating": "8",
    "author": "cube****",
    "review_id": "7197662",
    "movie_id": "40915"
  },
  {
    "review": "무게감있는 전개가 흥미롭군",
    "date": "13.01.20",
    "rating": "7",
    "author": "guev****",
    "review_id": "7136075",
    "movie_id": "40915"
  },
  {
    "review": "난 느와르를 좋아한다,.,, 임달화만 느와르였다",
    "date": "12.11.10",
    "rating": "5",
    "author": "milk****",
    "review_id": "6874859",
    "movie_id": "40915"
  },
  {
    "review": "이영화 처음나왔을때 생각나 다시받을려는데 제휴라네.왜 제휴인가했더니 개봉했더군..어렵게 다시받아봤는데 그때 그 기분은 안나더라..",
    "date": "12.08.27",
    "rating": "7",
    "author": "njh4****",
    "review_id": "6649117",
    "movie_id": "40915"
  },
  {
    "review": "2편이 좀 더 나음 1편은 돈이 아까울 정도로 그저그런 홍콩느와르 영화임.",
    "date": "12.07.31",
    "rating": "6",
    "author": "shki****",
    "review_id": "6558791",
    "movie_id": "40915"
  },
  {
    "review": "1시간 반정도 러닝타임 치곤 등장인물이 많아서 꽤나 헷갈렸다.. 근래 본 느와르 중에선 꽤나 괜찮은 수작. 홍콩 특유의 거품을 빼고 비정함을 잘 묘사했다.",
    "date": "12.07.27",
    "rating": "7",
    "author": "mero****",
    "review_id": "6541692",
    "movie_id": "40915"
  },
  {
    "review": "살아있네 느와르..",
    "date": "12.06.12",
    "rating": "7",
    "author": "ll3l****",
    "review_id": "6386883",
    "movie_id": "40915"
  },
  {
    "review": "자신이 사는 세계의 본질도 모르는 어리석은자의 최후",
    "date": "12.06.11",
    "rating": "8",
    "author": "solh****",
    "review_id": "6386022",
    "movie_id": "40915"
  },
  {
    "review": "어제의 친구가 적이고 동료가 되고 누가 나의 편인가 모르는 비정한 남자들의 세계",
    "date": "12.03.19",
    "rating": "9",
    "author": "radi****",
    "review_id": "6153917",
    "movie_id": "40915"
  },
  {
    "review": "비장함을 빼고 남은 비정함. 홍콩 느와르의 새 시대를 열 걸작.",
    "date": "12.03.17",
    "rating": "10",
    "author": "kor1****",
    "review_id": "6150675",
    "movie_id": "40915"
  },
  {
    "review": "경계를 고수하는 것에 대한 묵직한 대답.",
    "date": "12.03.10",
    "rating": "6",
    "author": "gato****",
    "review_id": "6135228",
    "movie_id": "40915"
  },
  {
    "review": "건조함과 엉성함의 경계",
    "date": "12.03.02",
    "rating": "5",
    "author": "yaom****",
    "review_id": "6117365",
    "movie_id": "40915"
  },
  {
    "review": "느와르의 진수",
    "date": "12.02.09",
    "rating": "9",
    "author": "skyb****",
    "review_id": "6063135",
    "movie_id": "40915"
  },
  {
    "review": "묵직하고 리얼리한..  갱스터 무비 좋아하신다면 추천합니다.",
    "date": "12.01.13",
    "rating": "9",
    "author": "baum****",
    "review_id": "5982235",
    "movie_id": "40915"
  },
  {
    "review": "뭐냐 시나리오보지도 못햇을 놈들이 시나리오타령이네 영화로만 봐라 같잖은 소리말고",
    "date": "12.01.08",
    "rating": "8",
    "author": "gueb****",
    "review_id": "5971086",
    "movie_id": "40915"
  },
  {
    "review": "무자비한 라스트.. 두기봉의 가장 중요한 영화임에는 틀림없다..",
    "date": "12.01.08",
    "rating": "10",
    "author": "moon****",
    "review_id": "5971012",
    "movie_id": "40915"
  },
  {
    "review": "추잡한 그들의 실체, 미화는 없다.",
    "date": "11.10.17",
    "rating": "8",
    "author": "lead****",
    "review_id": "5793388",
    "movie_id": "40915"
  },
  {
    "review": "치졸한 본질을 숨기기위해 조직은 어두운곳에서 활동하나보다.마지막에 너무 무섭다.",
    "date": "11.06.23",
    "rating": "6",
    "author": "hny1****",
    "review_id": "5494634",
    "movie_id": "40915"
  },
  {
    "review": "한층 진화된 홍콩 느와르, 하지만 예전 영화들이 그리운 건 왜일까",
    "date": "11.03.06",
    "rating": "8",
    "author": "woos****",
    "review_id": "5296412",
    "movie_id": "40915"
  },
  {
    "review": "쓰래기~~~~~`",
    "date": "11.01.13",
    "rating": "1",
    "author": "wjsg****",
    "review_id": "5154817",
    "movie_id": "40915"
  },
  {
    "review": "시나리오에 비해 작품 자체는 좀 엉성하고 정신없다.",
    "date": "11.01.12",
    "rating": "6",
    "author": "suyo****",
    "review_id": "5152356",
    "movie_id": "40915"
  },
  {
    "review": "크아 오랜만에 비정한 홍콩 noir",
    "date": "10.11.17",
    "rating": "7",
    "author": "bbq2****",
    "review_id": "4966878",
    "movie_id": "40915"
  },
  {
    "review": "두기봉, 작품의 기복은 있지만 확실히 나올 땐 제대로 한방을 날린다.",
    "date": "10.10.23",
    "rating": "9",
    "author": "jcr3****",
    "review_id": "4916276",
    "movie_id": "40915"
  },
  {
    "review": "홍콩 반환 이후 홍콩사회를 바라보는 감독의 시각.",
    "date": "10.10.22",
    "rating": "9",
    "author": "bitt****",
    "review_id": "4915589",
    "movie_id": "40915"
  },
  {
    "review": "차분한건지 심심한건지",
    "date": "10.08.26",
    "rating": "6",
    "author": "byul****",
    "review_id": "4793516",
    "movie_id": "40915"
  },
  {
    "review": "아.....조직세계가 이런건가...",
    "date": "10.07.03",
    "rating": "10",
    "author": "echo****",
    "review_id": "4607770",
    "movie_id": "40915"
  },
  {
    "review": "진정 현실적인 조폭영화의 결말!!",
    "date": "10.06.17",
    "rating": "10",
    "author": "bajj****",
    "review_id": "4571361",
    "movie_id": "40915"
  },
  {
    "review": "이런게 느와르다!",
    "date": "10.05.21",
    "rating": "7",
    "author": "bsbm****",
    "review_id": "4513109",
    "movie_id": "40915"
  },
  {
    "review": "볼만한 느와르 없었으므로 높게줌...그나마 괜찮음 연출도 좋음 양가휘 귀엽당 ㅋㅋㅋ",
    "date": "10.02.27",
    "rating": "8",
    "author": "anar****",
    "review_id": "4322166",
    "movie_id": "40915"
  },
  {
    "review": "좋네",
    "date": "10.02.02",
    "rating": "10",
    "author": "hard****",
    "review_id": "4235161",
    "movie_id": "40915"
  },
  {
    "review": "양가휘가 망가져 나오네 귀엽다 ㅋㅋ , 그 외에는 억지스럽게 예술영화를 만드려는",
    "date": "09.12.25",
    "rating": "5",
    "author": "deni****",
    "review_id": "4082906",
    "movie_id": "40915"
  },
  {
    "review": "차가운 느와르의 극단에 서있는 영화.",
    "date": "09.11.03",
    "rating": "7",
    "author": "jhl7****",
    "review_id": "3935639",
    "movie_id": "40915"
  },
  {
    "review": "끝난일은 묵묵히 참고 지내야 하는거지....과욕은 자멸..",
    "date": "09.10.16",
    "rating": "10",
    "author": "band****",
    "review_id": "3896524",
    "movie_id": "40915"
  },
  {
    "review": "어지간한 영화 매니아 아니면 소화하기 좀 힘든 영화일듯 싶다. 개성있는 느와르 영화",
    "date": "09.09.21",
    "rating": "8",
    "author": "kkw1****",
    "review_id": "3841807",
    "movie_id": "40915"
  },
  {
    "review": "양가휘의 연기가 정말 맛깔스럽다  쵝오!!",
    "date": "09.06.04",
    "rating": "10",
    "author": "lee9****",
    "review_id": "3544045",
    "movie_id": "40915"
  },
  {
    "review": "제목 그대로 흑사회",
    "date": "09.06.04",
    "rating": "10",
    "author": "2pup****",
    "review_id": "3544035",
    "movie_id": "40915"
  },
  {
    "review": "처음 접하는 두기봉의 작품! 느와르의 진수를 맛보다!",
    "date": "09.06.02",
    "rating": "10",
    "author": "leem****",
    "review_id": "3540937",
    "movie_id": "40915"
  },
  {
    "review": "자본사회,조직,정글의 법칙을 냉철히 보여주는 오랜만에 만난 갱무비 수작!",
    "date": "09.04.17",
    "rating": "8",
    "author": "jami****",
    "review_id": "3425298",
    "movie_id": "40915"
  },
  {
    "review": "낚시터에서 그냥 죽여버리넹",
    "date": "09.02.13",
    "rating": "10",
    "author": "jiny****",
    "review_id": "3298701",
    "movie_id": "40915"
  },
  {
    "review": "식어버린 느와르의 열풍을 차갑게 되새겨 놨다",
    "date": "07.11.04",
    "rating": "6",
    "author": "okjo****",
    "review_id": "2132436",
    "movie_id": "40915"
  },
  {
    "review": "영화 내용면에서는 나무랄 면이 없지만,2편에 비해 카메라기법은좀어색하다.",
    "date": "07.09.02",
    "rating": "8",
    "author": "gkfx****",
    "review_id": "1995416",
    "movie_id": "40915"
  },
  {
    "review": "사람도 많이 나오고 좀 지루한 면 있으나 마지막이 좋았다 음악도 좋고",
    "date": "07.08.05",
    "rating": "8",
    "author": "nsyl****",
    "review_id": "1877979",
    "movie_id": "40915"
  },
  {
    "review": "드라마 인지 액션 영화인지 ...쩝",
    "date": "07.06.11",
    "rating": "1",
    "author": "kimm****",
    "review_id": "1695265",
    "movie_id": "40915"
  },
  {
    "review": "괜찮은 작품... 끝까지 쉬지않고 보아야만 그 재미를 느낄 수 있다.",
    "date": "07.05.02",
    "rating": "9",
    "author": "vajr****",
    "review_id": "1616260",
    "movie_id": "40915"
  },
  {
    "review": "의도적인 시나리오 하지만 산만함을 커버 할 순 없을까",
    "date": "07.04.28",
    "rating": "5",
    "author": "erhe****",
    "review_id": "1610135",
    "movie_id": "40915"
  },
  {
    "review": "두기봉의 이름을 알린 수작!",
    "date": "07.04.27",
    "rating": "8",
    "author": "rem4****",
    "review_id": "1608650",
    "movie_id": "40915"
  },
  {
    "review": "평점이 낮아서...초록물고기보단 낫다",
    "date": "07.04.06",
    "rating": "10",
    "author": "4na2****",
    "review_id": "1575043",
    "movie_id": "40915"
  },
  {
    "review": "간만에 반가운 홍콩영화. 단연 수작.",
    "date": "07.01.30",
    "rating": "10",
    "author": "jack****",
    "review_id": "1426666",
    "movie_id": "40915"
  },
  {
    "review": "본질을 알자",
    "date": "06.08.02",
    "rating": "8",
    "author": "zeed****",
    "review_id": "956586",
    "movie_id": "40915"
  },
  {
    "review": "영웅본색류 총질이나 무간도류 가오잡기가 아닌 진정한 느와르~",
    "date": "06.08.01",
    "rating": "7",
    "author": "xula****",
    "review_id": "951801",
    "movie_id": "40915"
  },
  {
    "review": "조폭회장선출하는데 왠 옥세쟁탈전?시간아깝네..",
    "date": "06.07.21",
    "rating": "1",
    "author": "taka****",
    "review_id": "911355",
    "movie_id": "40915"
  },
  {
    "review": "시나리오가 짱짱하다. 끝내준다",
    "date": "06.07.16",
    "rating": "10",
    "author": "char****",
    "review_id": "896237",
    "movie_id": "40915"
  },
  {
    "review": "최고다~",
    "date": "06.06.03",
    "rating": "9",
    "author": "babo****",
    "review_id": "828596",
    "movie_id": "40915"
  },
  {
    "review": "대부시리즈를 인상깊게보았다면 재미있게 볼것이다.",
    "date": "06.02.09",
    "rating": "10",
    "author": "mino****",
    "review_id": "656416",
    "movie_id": "40915"
  },
  {
    "review": "왜 만들었을까",
    "date": "06.01.12",
    "rating": "1",
    "author": "kill****",
    "review_id": "581849",
    "movie_id": "40915"
  },
  {
    "review": "일단 봐라",
    "date": "05.12.22",
    "rating": "10",
    "author": "aaal****",
    "review_id": "520401",
    "movie_id": "40915"
  },
  {
    "review": "영화가 어떻게  아무런 느낌이 없냐?",
    "date": "05.12.22",
    "rating": "3",
    "author": "anyo****",
    "review_id": "519846",
    "movie_id": "40915"
  },
  {
    "review": "공감하기 힘든 홍콩 느와르..",
    "date": "05.12.19",
    "rating": "6",
    "author": "ming****",
    "review_id": "514889",
    "movie_id": "40915"
  },
  {
    "review": "18일 홍콩 시사회에서 봤는데.특이한 갱영화.. 보시면 압니다.",
    "date": "05.10.19",
    "rating": "8",
    "author": "maso****",
    "review_id": "448214",
    "movie_id": "40915"
  }
]