[
  {
    "review": "액션도 리얼하지만,  주인공 와이프 마리아벨로 완전  섹시해.",
    "date": "15.07.27",
    "rating": "8",
    "author": "fx96****",
    "review_id": "10151377",
    "movie_id": "40917"
  },
  {
    "review": "뭔가 엄청 생각하게 만들도록 구성했는데 그냥 단순한 영화인듯..",
    "date": "15.07.16",
    "rating": "6",
    "author": "ghta****",
    "review_id": "10111031",
    "movie_id": "40917"
  },
  {
    "review": "염병 존나 대박이다 짧다짧다했는데 너무나도 완벽하다",
    "date": "15.07.11",
    "rating": "10",
    "author": "yyw8****",
    "review_id": "10089680",
    "movie_id": "40917"
  },
  {
    "review": "그로넨버그가 선사하는 폭력의 정의가 뇌리에 박힌다",
    "date": "15.06.24",
    "rating": "10",
    "author": "nirv****",
    "review_id": "10031048",
    "movie_id": "40917"
  },
  {
    "review": "데이빗 크로넌버그 당신은 최고야!",
    "date": "15.06.22",
    "rating": "9",
    "author": "usna****",
    "review_id": "10022605",
    "movie_id": "40917"
  },
  {
    "review": "적당히 볼만한 킬링타임 영화",
    "date": "15.05.19",
    "rating": "7",
    "author": "mond****",
    "review_id": "9932259",
    "movie_id": "40917"
  },
  {
    "review": "폭력.. 전에도 후에도 지금도.. 비고 역시 굿",
    "date": "15.04.09",
    "rating": "9",
    "author": "pkh0****",
    "review_id": "9835549",
    "movie_id": "40917"
  },
  {
    "review": "미국이라는 역사의 아프고도 적나라한 그림자",
    "date": "15.03.31",
    "rating": "8",
    "author": "syoc****",
    "review_id": "9818556",
    "movie_id": "40917"
  },
  {
    "review": "화려한 액션이나 스릴은 없지만, 연기와 연출 모두 좋았음.",
    "date": "15.03.30",
    "rating": "8",
    "author": "ldj0****",
    "review_id": "9816383",
    "movie_id": "40917"
  },
  {
    "review": "잔잔하게 이야기를 끌어가면서 한번씩 터뜨리는 폭력이 섬뜩하네!  재미있다",
    "date": "15.03.22",
    "rating": "9",
    "author": "cbsq****",
    "review_id": "9800374",
    "movie_id": "40917"
  },
  {
    "review": "말이 필요없다....ㅜㅜ",
    "date": "15.03.12",
    "rating": "9",
    "author": "weez****",
    "review_id": "9773250",
    "movie_id": "40917"
  },
  {
    "review": "그저그런 소재에 , 어찌보면 밋밋할정도의 기승전결을 배우의 연기력과 제목이 캐리했다.",
    "date": "15.03.07",
    "rating": "10",
    "author": "52no****",
    "review_id": "9764124",
    "movie_id": "40917"
  },
  {
    "review": "토니노 람보르기니같은 영화,명품 네임벨의 고급스러운 포장지안에 가득찬 열 여덟 개피 담배는 기대와는 다르게, 정말 가감없이 ' 뻑뻑하고 기름기많고 뱉어내고 싶어지게 맛없다. '",
    "date": "15.01.20",
    "rating": "10",
    "author": "kkvd****",
    "review_id": "9615408",
    "movie_id": "40917"
  },
  {
    "review": "인간 의 폭력은 어떤 상황에서도 자유로울수 없다.특히 가족을 지키기 위해서는...담담한 영상과 연출이 황홀하다.",
    "date": "15.01.08",
    "rating": "8",
    "author": "film****",
    "review_id": "9573040",
    "movie_id": "40917"
  },
  {
    "review": "연탄재 함부로 차지마라",
    "date": "15.01.05",
    "rating": "8",
    "author": "azga****",
    "review_id": "9565799",
    "movie_id": "40917"
  },
  {
    "review": "당신이 물이 될 수 없는 이유는 아직도 너무 기름 같기 때문이야.",
    "date": "14.12.28",
    "rating": "6",
    "author": "sic3****",
    "review_id": "9530526",
    "movie_id": "40917"
  },
  {
    "review": "아진짜재미있음잘만듬",
    "date": "14.12.08",
    "rating": "9",
    "author": "xx41****",
    "review_id": "9457167",
    "movie_id": "40917"
  },
  {
    "review": "폭력과 총상의 묘사가 상당히 리얼하고 잔인함. 조금 난해한 느낌이 들기는 하지만 비고 모텐슨과 에드 해리스의 연기는 정말 일품임",
    "date": "14.11.14",
    "rating": "5",
    "author": "jjaj****",
    "review_id": "9381772",
    "movie_id": "40917"
  },
  {
    "review": "좋은 시나리오, 비고 모르텐슨의 좋은 연기.",
    "date": "14.10.11",
    "rating": "10",
    "author": "writ****",
    "review_id": "9284009",
    "movie_id": "40917"
  },
  {
    "review": "사실 전직 킬러(혹은킬러)다! 라는 사람들이 좋아하는 설정만 공략했을뿐... 스토리는 매우단순하다. 평온한 마음을 가지면서 격렬한 분노에 의해 눈을 뜬 손오공을보고 감탄하는 그런것만 찾는 사람들이 좋아할법하다.",
    "date": "14.10.08",
    "rating": "6",
    "author": "code****",
    "review_id": "9274051",
    "movie_id": "40917"
  },
  {
    "review": "폭발하고 화려한 액션신은 없었는데도  내용 스토리가 재미있었습니다",
    "date": "14.09.01",
    "rating": "10",
    "author": "tnfk****",
    "review_id": "9154016",
    "movie_id": "40917"
  },
  {
    "review": "재미없어재미없다고재미없어",
    "date": "14.08.28",
    "rating": "4",
    "author": "danb****",
    "review_id": "9140093",
    "movie_id": "40917"
  },
  {
    "review": "계단에서 깜짝놀랐음 굿 ㅋㅋㅋ",
    "date": "14.08.12",
    "rating": "9",
    "author": "jang****",
    "review_id": "9074851",
    "movie_id": "40917"
  },
  {
    "review": "폭력 ..   잘 봤습니다 ㅎㅎ 몰입감도 괜찮고 . . . 참 의미있는 영화네요",
    "date": "14.08.11",
    "rating": "9",
    "author": "tekk****",
    "review_id": "9070119",
    "movie_id": "40917"
  },
  {
    "review": "역사와폭력은아직도되풀이된다",
    "date": "14.08.11",
    "rating": "10",
    "author": "42co****",
    "review_id": "9068428",
    "movie_id": "40917"
  },
  {
    "review": "원시시대에 인간의 폭력이란 외부에서 쳐들어오는 야수들과, 식량과 여인들을 약탈하려고 오는 이웃 부족에 대한 정당방위였을 뿐이다.  문명을 건설하고 살아가는 동안, 그 폭력의 의미는 차츰 옅어지고 변화되었을 뿐이다. 인간은 폭력적이다. 너무나도 당연하게",
    "date": "14.08.03",
    "rating": "8",
    "author": "elvp****",
    "review_id": "9020014",
    "movie_id": "40917"
  },
  {
    "review": "인류가 가진 폭력의 역사를 한 인물에 대응시킨다.",
    "date": "14.07.15",
    "rating": "8",
    "author": "pana****",
    "review_id": "8919607",
    "movie_id": "40917"
  },
  {
    "review": "순도 백퍼센트 폭력의 액션영화.",
    "date": "14.07.06",
    "rating": "9",
    "author": "jjda****",
    "review_id": "8891274",
    "movie_id": "40917"
  },
  {
    "review": "요즘 짜증나는 일이 많아서 그런가 피튀기는 장면을 심각하게 보려고 해도 즐기게된다 영화 보면서 속이다 후련하네",
    "date": "14.06.29",
    "rating": "8",
    "author": "hny1****",
    "review_id": "8866603",
    "movie_id": "40917"
  },
  {
    "review": "주는건 교훈, 없는건 재미, 있는건 비약...",
    "date": "14.06.10",
    "rating": "5",
    "author": "trac****",
    "review_id": "8818723",
    "movie_id": "40917"
  },
  {
    "review": "좋은영화다 그러나 꼭 보라고 권하고는 싶지 않다",
    "date": "14.05.30",
    "rating": "3",
    "author": "2328****",
    "review_id": "8777730",
    "movie_id": "40917"
  },
  {
    "review": "재밌게 잘 봤네요^^ 자신의 가족을 지키기위한 톰의 위험한 폭력이 참 슬프네요^^ 강력 추천합니다^^",
    "date": "14.05.18",
    "rating": "8",
    "author": "22wo****",
    "review_id": "8742352",
    "movie_id": "40917"
  },
  {
    "review": "무언가를 빼앗기 위해.. 혹은 지키기 위해.. 사람은 끊임없는 폭력을 사용한다..",
    "date": "14.05.11",
    "rating": "7",
    "author": "blue****",
    "review_id": "8723646",
    "movie_id": "40917"
  },
  {
    "review": "깔끔하고 깊은 성찰의 영화",
    "date": "14.05.09",
    "rating": "9",
    "author": "ykdi****",
    "review_id": "8718450",
    "movie_id": "40917"
  },
  {
    "review": "스토리는 이해가 가는데,,,교훈이 뭐지?",
    "date": "14.05.07",
    "rating": "8",
    "author": "pass****",
    "review_id": "8714862",
    "movie_id": "40917"
  },
  {
    "review": "리치를 만나기 전까지는 흥미로웠다.",
    "date": "14.05.05",
    "rating": "1",
    "author": "mara****",
    "review_id": "8704086",
    "movie_id": "40917"
  },
  {
    "review": "이제서야  영화를 봤다.  요즘의 덜떨어진 영화들. 특히 국내영화들을 보다 이것을 보니 마음이 차분해진다.",
    "date": "14.04.22",
    "rating": "10",
    "author": "diri****",
    "review_id": "8665349",
    "movie_id": "40917"
  },
  {
    "review": "은폐된 진실속에 숨겨진  피의 침묵 .. 고요속의 아침이 비장감 있게 다가오는 영화...",
    "date": "14.04.10",
    "rating": "8",
    "author": "ps06****",
    "review_id": "8638472",
    "movie_id": "40917"
  },
  {
    "review": "좀 더 스타일리쉬한 폭력의 역사를 보고싶다면 드라이브 추천",
    "date": "14.03.18",
    "rating": "8",
    "author": "ckr3****",
    "review_id": "8585441",
    "movie_id": "40917"
  },
  {
    "review": "연출도 좋았고, 몰입이 상당히 잘 되었다.",
    "date": "14.03.05",
    "rating": "9",
    "author": "01aj****",
    "review_id": "8556894",
    "movie_id": "40917"
  },
  {
    "review": "그 안의 메시지를 간취하기 전에 뻔한 헐리우드 범죄물의 냄새가 진동해서리.",
    "date": "14.03.01",
    "rating": "5",
    "author": "tear****",
    "review_id": "8548313",
    "movie_id": "40917"
  },
  {
    "review": "마지막장면 딸의 배려 압권임",
    "date": "14.02.15",
    "rating": "9",
    "author": "bbac****",
    "review_id": "8509162",
    "movie_id": "40917"
  },
  {
    "review": "영화 제목과 내용이 좀 언일치 한대? 난또 가정 폭력내용인줄 알았는대 과거를숨기고 산 남자 이야기",
    "date": "14.01.26",
    "rating": "8",
    "author": "love****",
    "review_id": "8431288",
    "movie_id": "40917"
  },
  {
    "review": "이보다 더 좋은 영화본기억은 없다.",
    "date": "14.01.12",
    "rating": "10",
    "author": "ccpp****",
    "review_id": "8375841",
    "movie_id": "40917"
  },
  {
    "review": "본능은 결코 사라지지않는다. 다만 잠들어있을 뿐! 마음과 핏줄속에 잠재돼있다가, 유사시엔 페니스처럼 솟구치는 폭력의 칼날! 폭력을 혐오하면서도, 폭력의 힘에 절대적으로 의존하는 여성들의 이중성! 인류의 역사를 깊고 날카롭게 은유해낸 초걸작! 퍼펙트~!",
    "date": "14.01.10",
    "rating": "10",
    "author": "wana****",
    "review_id": "8367090",
    "movie_id": "40917"
  },
  {
    "review": "정당방위라는 명목의 폭력의 당위성에 대하여 생각해보았다. 정당화된 폭력으로 인한 카타르시스를 통해 이 영화를 보는이의 마음속에 감춰진 순도 높은 폭력성의 근원을 느끼게 해준다.",
    "date": "14.01.07",
    "rating": "8",
    "author": "pent****",
    "review_id": "8359699",
    "movie_id": "40917"
  },
  {
    "review": "폭력의 악순환을 통해 폭력의 당위성과 명분을 고민하게해주는 여운깊은 영화.",
    "date": "14.01.01",
    "rating": "10",
    "author": "dark****",
    "review_id": "8333936",
    "movie_id": "40917"
  },
  {
    "review": "개인이든 한 국가든 숨기고 싶은 것이 있기마련",
    "date": "13.12.31",
    "rating": "8",
    "author": "jjog****",
    "review_id": "8329968",
    "movie_id": "40917"
  },
  {
    "review": "제목이 이 영화에 대해 함축적으로 말해주네요.꽤 볼만합니다.",
    "date": "13.12.13",
    "rating": "8",
    "author": "ehwj****",
    "review_id": "8210483",
    "movie_id": "40917"
  },
  {
    "review": "개인에서 집단으로, 사회로 폭력의 순환과 발전 그리고 그 끝에 대한 이야기",
    "date": "13.11.17",
    "rating": "9",
    "author": "kth3****",
    "review_id": "8146817",
    "movie_id": "40917"
  },
  {
    "review": "굿!!!!비고모텐슨~",
    "date": "13.11.03",
    "rating": "10",
    "author": "jung****",
    "review_id": "8113726",
    "movie_id": "40917"
  },
  {
    "review": "군더더기 없는 깔끔한 영화...",
    "date": "13.10.24",
    "rating": "8",
    "author": "do11****",
    "review_id": "8083562",
    "movie_id": "40917"
  },
  {
    "review": "상당히 독특한 영화. 단순한 폭력 액션물 따위가 아니다. 훨씬 심오하다.",
    "date": "13.10.24",
    "rating": "9",
    "author": "yww5****",
    "review_id": "8083309",
    "movie_id": "40917"
  },
  {
    "review": "폭력을 발본키 위해 다시 폭력을 도구로 휘둘러야하는 악무한 속 미국, 혹은 우리들 모두의 보편성. 메시지를 명확히 전달하기 위한 흠없고 매끈한 연출이 장점일 수 있겠으나, 외려 그것이 밋밋하고 단순하다는 인상을 지울 수가 없다.",
    "date": "13.10.16",
    "rating": "7",
    "author": "hyde****",
    "review_id": "8062724",
    "movie_id": "40917"
  },
  {
    "review": "평점과제목으로 보아선 대단한 수작으로 생각했는데..의외로 B급수준의 영화임..5-6점 정도가 적당함...8점대는 전혀 아니올시다.",
    "date": "13.10.11",
    "rating": "1",
    "author": "koeu****",
    "review_id": "8053069",
    "movie_id": "40917"
  },
  {
    "review": "폭력을 폭력으로 풀어내는 크로넨버그",
    "date": "13.08.25",
    "rating": "7",
    "author": "ogr5****",
    "review_id": "7921382",
    "movie_id": "40917"
  },
  {
    "review": "아직도 잊혀지지 않는 계단 신...폭력은 전승된다..",
    "date": "13.08.19",
    "rating": "10",
    "author": "61ch****",
    "review_id": "7902057",
    "movie_id": "40917"
  },
  {
    "review": "흠이라면 부자연스러운 액션씬",
    "date": "13.08.17",
    "rating": "10",
    "author": "c197****",
    "review_id": "7896533",
    "movie_id": "40917"
  },
  {
    "review": "7.5점 드립니다.  스토리가 재밌네요~ 부인이 남편한테 끼?부리는 장면 등 유치한 거 몇개 있었지만..ㅋ ㅋ",
    "date": "13.08.13",
    "rating": "7",
    "author": "umas****",
    "review_id": "7874855",
    "movie_id": "40917"
  },
  {
    "review": "영화의 주제가 꽤 심오해서 지루할수도 있지만 폭력의 역사라는 제목이 모든것을 함축 할 수 있겠다.",
    "date": "13.08.12",
    "rating": "8",
    "author": "ayhh****",
    "review_id": "7870874",
    "movie_id": "40917"
  },
  {
    "review": ".",
    "date": "13.08.10",
    "rating": "9",
    "author": "kmd5****",
    "review_id": "7865115",
    "movie_id": "40917"
  },
  {
    "review": "말하고자 하는 바는 알겠지만 조금은 부족한듯한.. 어느정도 지루함까지 겸비",
    "date": "13.08.05",
    "rating": "3",
    "author": "seul****",
    "review_id": "7840812",
    "movie_id": "40917"
  },
  {
    "review": "데이빗크로넨버그의 작품들중 가장 걸작. 비고 모텐슨과 에드해리스의 열연으로 더욱 실감나게 살아난 그들의 폭력에 대한 역사",
    "date": "13.08.02",
    "rating": "10",
    "author": "cool****",
    "review_id": "7822745",
    "movie_id": "40917"
  },
  {
    "review": "상황과 조건이 맞다면 인간의 폭력사용은 필연적이고, 사용된 폭력은 증폭,확대,재생,전이된다. 근원적이고 태생적인 인간의 폭력메카니즘을 흥미롭게 지켜봤다.",
    "date": "13.07.29",
    "rating": "9",
    "author": "korn****",
    "review_id": "7798442",
    "movie_id": "40917"
  },
  {
    "review": "크로넨버그의 연출은 늘 인물을 통해 사회를 환기시킨다. 피가 피를 부르는 그 속에서의 불안정을 연기한 비고 모텐슨은 흠 잡을데 하나 없는 연기를 보여준다.",
    "date": "13.07.25",
    "rating": "9",
    "author": "kklq****",
    "review_id": "7785233",
    "movie_id": "40917"
  },
  {
    "review": "시사하는 바가 크다",
    "date": "13.07.23",
    "rating": "9",
    "author": "slip****",
    "review_id": "7777037",
    "movie_id": "40917"
  },
  {
    "review": "거창한 타이틀에 비해 차분한 영화 분위기, 평온한 일상에 찾아온 작은 균열을 통해 보여주는 폭력에 대한 본질적인 물음. 이 영화는 스릴감을 준다기 보다 지속적으로 질문을 하고 있는듯 보인다 양면적인 연기를 잘한 주인공과 마지막 엔딩장면이 인상적이다",
    "date": "13.07.15",
    "rating": "7",
    "author": "whee****",
    "review_id": "7744044",
    "movie_id": "40917"
  },
  {
    "review": "중반까지 정말 좋았다. 비고 모텐슨, 에드 해리스까지 좋았는데.. 결말이 뭐야 이게. 이래서 크로넨버그 영화가 욕먹는군.",
    "date": "13.07.03",
    "rating": "7",
    "author": "yaso****",
    "review_id": "7701523",
    "movie_id": "40917"
  },
  {
    "review": "우연히 접한 폭력은 한 개인을 얼마나 망칠 수 있는가",
    "date": "13.06.20",
    "rating": "8",
    "author": "dudu****",
    "review_id": "7661124",
    "movie_id": "40917"
  },
  {
    "review": "선과 악, 피해자와 가해자의 경계가 무의미해지는 삶의 아이러니를 꼬집는다. 부조리에 정답은 없다. 마지막 장면에서 비고 모텐슨의 표정이 잊혀지지가 않는다.",
    "date": "13.05.12",
    "rating": "9",
    "author": "hous****",
    "review_id": "7524215",
    "movie_id": "40917"
  },
  {
    "review": "어느 누가 예외가 될 수 있을까? 그것보다 메시지를 이렇게 간소하고, 짧고, 쉽게 보여주는 연출이 감탄스럽다.",
    "date": "13.04.29",
    "rating": "10",
    "author": "kimg****",
    "review_id": "7494399",
    "movie_id": "40917"
  },
  {
    "review": "숨겨왔던 과거... 그냥 내버려두지 그랬니?",
    "date": "13.03.26",
    "rating": "7",
    "author": "hoju****",
    "review_id": "7412006",
    "movie_id": "40917"
  },
  {
    "review": "짧은 대사.  명연기. 몰입도 최고! 보는 내내 많은것을 생각해주게 하는 영화.  이 감독의 영화 모두 보겠음.",
    "date": "13.03.22",
    "rating": "10",
    "author": "isy7****",
    "review_id": "7392741",
    "movie_id": "40917"
  },
  {
    "review": "단순한 오락영화를 넘어선 무언가가 있다.",
    "date": "13.03.19",
    "rating": "9",
    "author": "lsm4****",
    "review_id": "7364840",
    "movie_id": "40917"
  },
  {
    "review": "이스턴프라미스도 보세요",
    "date": "13.03.18",
    "rating": "10",
    "author": "moto****",
    "review_id": "7361565",
    "movie_id": "40917"
  },
  {
    "review": "처음부터 끝까지 몰입되는..비고 모텐슨 연기가~",
    "date": "13.03.14",
    "rating": "8",
    "author": "titi****",
    "review_id": "7346825",
    "movie_id": "40917"
  },
  {
    "review": "쩐다 쩔어",
    "date": "13.02.23",
    "rating": "9",
    "author": "46to****",
    "review_id": "7295424",
    "movie_id": "40917"
  },
  {
    "review": "크로넨버그의 서막",
    "date": "13.02.22",
    "rating": "8",
    "author": "resp****",
    "review_id": "7290559",
    "movie_id": "40917"
  },
  {
    "review": "폭력의 원초적 성질을 너무나 탁월하게 그려내었다.",
    "date": "13.02.05",
    "rating": "9",
    "author": "dime****",
    "review_id": "7228297",
    "movie_id": "40917"
  },
  {
    "review": "잔잔한 폭력의미학...굿...!",
    "date": "13.02.05",
    "rating": "10",
    "author": "cond****",
    "review_id": "7228116",
    "movie_id": "40917"
  },
  {
    "review": "다좋은데...기지배 치마폭에서 훌쩍이는꼴 보기시러서 점수 깍는다",
    "date": "13.01.24",
    "rating": "8",
    "author": "cjw2****",
    "review_id": "7162804",
    "movie_id": "40917"
  },
  {
    "review": "이스턴프라미스와 폭력의 역사 넘 넘 재밌다고 여겼는데 이제봤더니 감독이 똑같네요^^",
    "date": "13.01.22",
    "rating": "9",
    "author": "kes7****",
    "review_id": "7143496",
    "movie_id": "40917"
  },
  {
    "review": "진심 8점대를 넘어선 안되는 작품입니다; 작품외적으로만 생각하시면 안되죠;;; 물론 무조건 배제할순 없지만 스토리나 느와르무비적인 면에서 포커스가 너무 떨어집니다 정말 별로에요 비추비추",
    "date": "13.01.15",
    "rating": "1",
    "author": "lees****",
    "review_id": "7117840",
    "movie_id": "40917"
  },
  {
    "review": "이렇게 호평을 받을 영화는 아니라고 보는데.. 아무리 바뀌어도 천성은 변할 수 없다?",
    "date": "12.12.16",
    "rating": "5",
    "author": "sky6****",
    "review_id": "7010134",
    "movie_id": "40917"
  },
  {
    "review": "폭력의 악순환과 진화과정을 통해 폭력의 당위성, 명분에 대한 깊은 고민을 안겨준다.",
    "date": "12.12.14",
    "rating": "9",
    "author": "beau****",
    "review_id": "7000388",
    "movie_id": "40917"
  },
  {
    "review": "파워풀한 스토리가 차분하게 전개되는군",
    "date": "12.12.12",
    "rating": "7",
    "author": "guev****",
    "review_id": "6995452",
    "movie_id": "40917"
  },
  {
    "review": "재밌어!!",
    "date": "12.12.01",
    "rating": "8",
    "author": "swin****",
    "review_id": "6950776",
    "movie_id": "40917"
  },
  {
    "review": "명작이다.",
    "date": "12.11.10",
    "rating": "10",
    "author": "eorn****",
    "review_id": "6875486",
    "movie_id": "40917"
  },
  {
    "review": "폭력의 역사? 폭력의 OO점은 폭력이다.",
    "date": "12.11.08",
    "rating": "7",
    "author": "abcd****",
    "review_id": "6867713",
    "movie_id": "40917"
  },
  {
    "review": "돌고~돌고~돌아~다시 왔다.폭력을 받아들이게 되는 과정.",
    "date": "12.11.02",
    "rating": "5",
    "author": "samg****",
    "review_id": "6845342",
    "movie_id": "40917"
  },
  {
    "review": "난 잘 모르겠다..",
    "date": "12.10.09",
    "rating": "6",
    "author": "jung****",
    "review_id": "6776268",
    "movie_id": "40917"
  },
  {
    "review": "왜 괜찮구만 ? 폭력이란것에 조금더 깊게 접근해본 영화",
    "date": "12.09.10",
    "rating": "9",
    "author": "haju****",
    "review_id": "6683853",
    "movie_id": "40917"
  },
  {
    "review": "글쎄? 미국이란 나라에 대해서 잘은 모르지만 너무 많이 나갔다.",
    "date": "12.09.08",
    "rating": "7",
    "author": "mild****",
    "review_id": "6677763",
    "movie_id": "40917"
  },
  {
    "review": "이토록 폭력에 대한 물음을 지속적으로 던지다니!... 크로넨버그를 거장의 반열에 올려놓은 명작",
    "date": "12.09.07",
    "rating": "10",
    "author": "lcna****",
    "review_id": "6675342",
    "movie_id": "40917"
  },
  {
    "review": "크로넨버그의 진화",
    "date": "12.08.24",
    "rating": "10",
    "author": "egoh****",
    "review_id": "6639311",
    "movie_id": "40917"
  },
  {
    "review": "기대했던 것보단 아쉽고 지루했지만 액션신과 내용은 좋았다",
    "date": "12.08.21",
    "rating": "8",
    "author": "farf****",
    "review_id": "6631426",
    "movie_id": "40917"
  },
  {
    "review": "좋은 영화, 추천함",
    "date": "12.08.20",
    "rating": "9",
    "author": "yong****",
    "review_id": "6630469",
    "movie_id": "40917"
  },
  {
    "review": "폭력의 악순환은 앞으로도 계속된다",
    "date": "12.08.14",
    "rating": "9",
    "author": "sipj****",
    "review_id": "6605098",
    "movie_id": "40917"
  },
  {
    "review": "생생한 날것 액션!",
    "date": "12.08.09",
    "rating": "10",
    "author": "xini****",
    "review_id": "6586428",
    "movie_id": "40917"
  },
  {
    "review": "식당에서의 씬은 참. 역대최고의 폭력의 역사",
    "date": "12.07.31",
    "rating": "9",
    "author": "inja****",
    "review_id": "6559006",
    "movie_id": "40917"
  }
]