[
  {
    "review": "이런영화 넘 좋아/~~/",
    "date": "15.04.28",
    "rating": "10",
    "author": "rome****",
    "review_id": "9874810",
    "movie_id": "40922"
  },
  {
    "review": "내 취향은 아니다. 불체자의 구라에 낚인 한남자와 재수 없게 그 불체자를 쏜 한 꼴통스러운 남자가  하나 되어 고생하는 이야기.",
    "date": "15.03.12",
    "rating": "6",
    "author": "ghye****",
    "review_id": "9773368",
    "movie_id": "40922"
  },
  {
    "review": "성공적인 데뷔작..? 평점땜에 기대만빵하고 봤는데 실망 안시켜줬으니 뭐ㅎ",
    "date": "15.03.11",
    "rating": "10",
    "author": "vvee****",
    "review_id": "9772879",
    "movie_id": "40922"
  },
  {
    "review": "거칠고 투박함 속에서 주름 마저 연기하는 노장의 묵직한 인장.",
    "date": "15.03.10",
    "rating": "8",
    "author": "gato****",
    "review_id": "9770480",
    "movie_id": "40922"
  },
  {
    "review": "끝에는 썩어가는 시체와 푸석한 모래, 그리고 만신창이가 된 순례객만 남았을지언정, 그에게는 모든 여정이 마땅히 해야할 추도 제의였을 것이다. 정통 서부극의 유산을 현대적인 묵시록으로써 상속해낸 토미 리 존스에 감사와 경의를 표하며.",
    "date": "15.03.04",
    "rating": "9",
    "author": "cksn****",
    "review_id": "9755943",
    "movie_id": "40922"
  },
  {
    "review": "초반엔 그저 그런 이야기라 생각했는데, 갈수록 빠져드는 구석이 있다.",
    "date": "15.01.08",
    "rating": "8",
    "author": "ykdi****",
    "review_id": "9575346",
    "movie_id": "40922"
  },
  {
    "review": "토미 리 존스의 감독 데뷔작이면서 빛나는 연기를 펼친 독특한 느낌의 영화",
    "date": "15.01.07",
    "rating": "8",
    "author": "cont****",
    "review_id": "9572468",
    "movie_id": "40922"
  },
  {
    "review": "내가 좋아하는 모든 요소가 있는 영화. 노인을 위한 나라는 없다가 생각난다.",
    "date": "14.12.05",
    "rating": "10",
    "author": "nike****",
    "review_id": "9450473",
    "movie_id": "40922"
  },
  {
    "review": "이 영화는 이런 평가를 받을 작품이 아니다",
    "date": "14.10.30",
    "rating": "10",
    "author": "im4r****",
    "review_id": "9328341",
    "movie_id": "40922"
  },
  {
    "review": "이거 해외 평점 엄청 높은데 장난?",
    "date": "14.10.25",
    "rating": "10",
    "author": "dbql****",
    "review_id": "9315608",
    "movie_id": "40922"
  },
  {
    "review": "밑에 두 명 영화 본 거 맞냐? ㅉㅉ",
    "date": "14.10.25",
    "rating": "10",
    "author": "mush****",
    "review_id": "9315578",
    "movie_id": "40922"
  },
  {
    "review": "지루함은 미덕이 아니다",
    "date": "14.10.22",
    "rating": "4",
    "author": "gall****",
    "review_id": "9307088",
    "movie_id": "40922"
  },
  {
    "review": "그들을 위한 영화 이제 그만",
    "date": "14.10.21",
    "rating": "1",
    "author": "dos2****",
    "review_id": "9306314",
    "movie_id": "40922"
  }
]