[
  {
    "review": "영화적 재미가 부족해서 보기 힘들다.",
    "date": "15.07.04",
    "rating": "6",
    "author": "soqu****",
    "review_id": "10069689",
    "movie_id": "40925"
  },
  {
    "review": "하네케의 영화속 등장하는 인물들은 하나같이 실험실에서 실험을 당하는 쥐같다.  그리고 그 쥐에게 끔찍한 실험을 행하는 하네케의 손은 섬뜩 그 자체다.",
    "date": "15.05.11",
    "rating": "9",
    "author": "kimm****",
    "review_id": "9911111",
    "movie_id": "40925"
  },
  {
    "review": "스릴러를 표방한 관객 기만이 목적이라면 정확히 성공했다. 비평가 협회상이라니.. 이미지도 없고 내러티브 전혀없는 범작.",
    "date": "14.12.12",
    "rating": "1",
    "author": "cs90****",
    "review_id": "9467291",
    "movie_id": "40925"
  },
  {
    "review": "자기 합리화의 승리앤 휴식",
    "date": "14.10.13",
    "rating": "8",
    "author": "jaem****",
    "review_id": "9290822",
    "movie_id": "40925"
  },
  {
    "review": "조르쥬가 뭘 그리 잘못했는가?",
    "date": "14.09.23",
    "rating": "7",
    "author": "jjog****",
    "review_id": "9236152",
    "movie_id": "40925"
  },
  {
    "review": "초등학생때 봤었던 영화였고 내용조차 이해하지 못했지만 지금까지 아무 이유없이 생각나는 영화이다.  그만큼 가장 인상깊었던 영화",
    "date": "14.06.02",
    "rating": "10",
    "author": "ody1****",
    "review_id": "8786027",
    "movie_id": "40925"
  },
  {
    "review": "결국 테이프를 누가 보냈는지는 중요하지 않다",
    "date": "14.04.19",
    "rating": "9",
    "author": "ykdi****",
    "review_id": "8659867",
    "movie_id": "40925"
  },
  {
    "review": "솔직히 이 영화는 지루하다 쳐내야 하는 장면들을 그냥 일상적으로 나열한다 어마어마한 반전도 없고 결말은 시원찮다 궁금해하는 부분들을 보여주고 설명하는 대신에 스스로 상상하게끔 자극한다 사소한 악의가 빚어낸 비극을 차갑게 표현한 영화.",
    "date": "13.02.28",
    "rating": "7",
    "author": "whee****",
    "review_id": "7308781",
    "movie_id": "40925"
  },
  {
    "review": "자기합리화로 인해 덮어지는 가해자의 가책감.",
    "date": "13.01.16",
    "rating": "9",
    "author": "pent****",
    "review_id": "7122624",
    "movie_id": "40925"
  },
  {
    "review": "뭔가 빈 구석이 느껴져 10점까진 못주지만.. 연출과 몰입도가 대단하고 마음 한켠에 남아 문득문득 떠오르는 드문 작품",
    "date": "12.12.30",
    "rating": "9",
    "author": "haut****",
    "review_id": "7063202",
    "movie_id": "40925"
  },
  {
    "review": "정말 쩌는 영화. 감독님 존경합니다.",
    "date": "12.12.27",
    "rating": "10",
    "author": "rena****",
    "review_id": "7052792",
    "movie_id": "40925"
  },
  {
    "review": "초반의 지루함을 견딜 가치가 있군",
    "date": "12.12.25",
    "rating": "7",
    "author": "guev****",
    "review_id": "7041683",
    "movie_id": "40925"
  },
  {
    "review": "목따는 장면은 갑인듯 이스턴 프라미스보다 쩔었음",
    "date": "12.10.31",
    "rating": "8",
    "author": "figh****",
    "review_id": "6839171",
    "movie_id": "40925"
  },
  {
    "review": "살아오며 나도 모르게 죄를 지은적이 없나 생각해봤다. 소름끼치는 하네케의 영화...",
    "date": "12.08.29",
    "rating": "8",
    "author": "bc60****",
    "review_id": "6653432",
    "movie_id": "40925"
  },
  {
    "review": "감독이 직접 찍어 보낸 비디오테이프.",
    "date": "12.02.09",
    "rating": "8",
    "author": "boyc****",
    "review_id": "6062454",
    "movie_id": "40925"
  },
  {
    "review": "새하얀 거짓 뒤에 숨겨진 붉은 피",
    "date": "12.01.24",
    "rating": "10",
    "author": "bbq2****",
    "review_id": "6013395",
    "movie_id": "40925"
  },
  {
    "review": "숨겨놓은 것이 있긴 하나하나?!",
    "date": "11.08.20",
    "rating": "3",
    "author": "thec****",
    "review_id": "5671992",
    "movie_id": "40925"
  },
  {
    "review": "송아나 자살 후 이 영화가 생각남.. 무지는 죄다.. 피해자가 할 수 있는 복수는 자신을 해치는 것뿐..",
    "date": "11.05.28",
    "rating": "10",
    "author": "ench****",
    "review_id": "5452157",
    "movie_id": "40925"
  },
  {
    "review": "무의미한 영화. 정말 뭐 이런 영화가 다 있을까?",
    "date": "11.05.15",
    "rating": "1",
    "author": "loco****",
    "review_id": "5429635",
    "movie_id": "40925"
  },
  {
    "review": "대단하다. 인간에 대한 통찰력!",
    "date": "10.12.14",
    "rating": "10",
    "author": "ele0****",
    "review_id": "5053847",
    "movie_id": "40925"
  },
  {
    "review": "느리고도 잔인하게.",
    "date": "10.12.06",
    "rating": "6",
    "author": "cube****",
    "review_id": "5028345",
    "movie_id": "40925"
  },
  {
    "review": "알제리 - 프랑스 - 이라크전의 상호관계에 대한 적절한 비유",
    "date": "10.09.19",
    "rating": "8",
    "author": "limb****",
    "review_id": "4848535",
    "movie_id": "40925"
  },
  {
    "review": "영화적 기교와 이면의 주제의식 모두 얼음장처럼 차갑고 냉정하다. 하네케의 걸작.",
    "date": "10.08.28",
    "rating": "8",
    "author": "floa****",
    "review_id": "4799247",
    "movie_id": "40925"
  },
  {
    "review": "미카엘하네케 감독은 항상 인간을 추악하게 나타낸다.. 정말 그런걸까",
    "date": "10.08.21",
    "rating": "8",
    "author": "resm****",
    "review_id": "4773255",
    "movie_id": "40925"
  },
  {
    "review": "저는 멍청해서 이해 못하겠음 머리 좋은 사람만 보십쇼",
    "date": "10.08.07",
    "rating": "1",
    "author": "disc****",
    "review_id": "4718627",
    "movie_id": "40925"
  },
  {
    "review": "하네케가 선사한 잔인하도록 불친절한 또다른 Funny Game",
    "date": "10.07.02",
    "rating": "9",
    "author": "leem****",
    "review_id": "4606301",
    "movie_id": "40925"
  },
  {
    "review": "지긋지긋함 속에서 느껴지는 전율",
    "date": "10.06.21",
    "rating": "8",
    "author": "bloo****",
    "review_id": "4580677",
    "movie_id": "40925"
  },
  {
    "review": "관객과 대화하고 싶은 감독과의 소통이 원활치 못함. 그저 보는 내내 아픔만 있었다..",
    "date": "10.04.15",
    "rating": "5",
    "author": "yaky****",
    "review_id": "4434518",
    "movie_id": "40925"
  },
  {
    "review": "뭐 어째라고?",
    "date": "10.04.13",
    "rating": "1",
    "author": "sunl****",
    "review_id": "4430217",
    "movie_id": "40925"
  },
  {
    "review": "섬뜻하도록 지루하게 그리고 철저히 관객들에게 파고든다.",
    "date": "10.03.23",
    "rating": "10",
    "author": "kure****",
    "review_id": "4378956",
    "movie_id": "40925"
  },
  {
    "review": "한 장면도 놓칠 수 없고 놓치고 싶지 않은 영화",
    "date": "10.03.05",
    "rating": "10",
    "author": "basi****",
    "review_id": "4337214",
    "movie_id": "40925"
  },
  {
    "review": "술래를 그만둘줄 모르는 술래잡기",
    "date": "10.02.21",
    "rating": "3",
    "author": "hhii****",
    "review_id": "4305882",
    "movie_id": "40925"
  },
  {
    "review": "지식인의 비열함 단적스러움을 영화의 최전선에서 확인하다.",
    "date": "10.02.19",
    "rating": "10",
    "author": "murt****",
    "review_id": "4299688",
    "movie_id": "40925"
  },
  {
    "review": "염세주의의 한 극단. 죄의식의 이름으로 가려진 생의 비극.",
    "date": "10.02.06",
    "rating": "7",
    "author": "paus****",
    "review_id": "4250993",
    "movie_id": "40925"
  },
  {
    "review": "불친절한 안내자와 함께 하는 자아성찰의 시간",
    "date": "09.12.24",
    "rating": "8",
    "author": "1una****",
    "review_id": "4076475",
    "movie_id": "40925"
  },
  {
    "review": "소재는 좋았으나 지루했고 공허한 결말이 마음에 안 들었다.",
    "date": "09.08.20",
    "rating": "4",
    "author": "mesa****",
    "review_id": "3769187",
    "movie_id": "40925"
  },
  {
    "review": "완전 최고. 단, 지루한거 싫어하는 사람은 보지말길.",
    "date": "09.06.13",
    "rating": "10",
    "author": "midn****",
    "review_id": "3561861",
    "movie_id": "40925"
  },
  {
    "review": "간결하고 지적이며 몰입도가 대단한영화",
    "date": "09.03.02",
    "rating": "10",
    "author": "pm04****",
    "review_id": "3343037",
    "movie_id": "40925"
  },
  {
    "review": "지루하면서도 색다른 영화. 그들의 원죄는 그들의 종교를 통해 구원해 줄것인가?",
    "date": "09.02.04",
    "rating": "8",
    "author": "kusa****",
    "review_id": "3278358",
    "movie_id": "40925"
  },
  {
    "review": "외면하려 해도, 커텐뒤 어둠에 숨으려 해도, 오롯이 남아있는 죄의식.",
    "date": "08.10.15",
    "rating": "8",
    "author": "movi****",
    "review_id": "3000466",
    "movie_id": "40925"
  },
  {
    "review": "나는 조르쥬와 다른가를 생각해보면 소름이 끼친다. 오랫만에 나를 궁지로 내몬 영화",
    "date": "08.09.25",
    "rating": "9",
    "author": "ijun****",
    "review_id": "2968376",
    "movie_id": "40925"
  },
  {
    "review": "물음표에 대한 추궁을 알맹이에 도입한다면",
    "date": "08.05.18",
    "rating": "9",
    "author": "paci****",
    "review_id": "2647814",
    "movie_id": "40925"
  },
  {
    "review": "저렇게 살지 말아야지",
    "date": "07.12.30",
    "rating": "7",
    "author": "7th_****",
    "review_id": "2280567",
    "movie_id": "40925"
  },
  {
    "review": "이런영화인줄 알았으면 안봤다.....지루해서 죽는줄 알았음.......",
    "date": "07.12.16",
    "rating": "4",
    "author": "jeon****",
    "review_id": "2237325",
    "movie_id": "40925"
  },
  {
    "review": "할리우드영화보다 못한 것이 하나도 없다. 많은 것을 생각하게 해 주는 영화",
    "date": "07.12.16",
    "rating": "10",
    "author": "tash****",
    "review_id": "2236073",
    "movie_id": "40925"
  },
  {
    "review": "세계는 악몽으로 치닫고 있다. 숨기려고 노력할 뿐이다. 이제 외면은 그만",
    "date": "07.10.29",
    "rating": "9",
    "author": "rott****",
    "review_id": "2120732",
    "movie_id": "40925"
  },
  {
    "review": "소름끼치도록 악몽같이 메스꺼운 영화.누군가가 나를 보고있는 것 같은 느낌",
    "date": "07.09.09",
    "rating": "10",
    "author": "star****",
    "review_id": "2011444",
    "movie_id": "40925"
  },
  {
    "review": "piff에서 봤는데 그때도 지금도 생각없이 보면 이해불가능한 영화..",
    "date": "07.08.29",
    "rating": "8",
    "author": "pfso****",
    "review_id": "1988145",
    "movie_id": "40925"
  },
  {
    "review": "사소히 넘기거나 부인함은 그만큼 괴롭다는 거겠지.조용히 외치는 비판.",
    "date": "07.07.18",
    "rating": "7",
    "author": "hadl****",
    "review_id": "1788747",
    "movie_id": "40925"
  },
  {
    "review": "미카엘 하네케는역시 최고다! 미장센도 아주 독특한...",
    "date": "07.04.26",
    "rating": "10",
    "author": "sfeb****",
    "review_id": "1607277",
    "movie_id": "40925"
  },
  {
    "review": "알 수 없다.",
    "date": "07.04.03",
    "rating": "9",
    "author": "anoc****",
    "review_id": "1570175",
    "movie_id": "40925"
  },
  {
    "review": "왠지잘난맛?피해망상증있구만ㅋ",
    "date": "07.02.10",
    "rating": "10",
    "author": "taba****",
    "review_id": "1460400",
    "movie_id": "40925"
  },
  {
    "review": "지잘난 맛에 심취한 감독 짱난다..",
    "date": "07.01.26",
    "rating": "4",
    "author": "jjss****",
    "review_id": "1415844",
    "movie_id": "40925"
  },
  {
    "review": "알제리 사건을 알았더면 더 와 닿았을걸, 어쨌든 으스스했다.",
    "date": "07.01.06",
    "rating": "8",
    "author": "kayo****",
    "review_id": "1362815",
    "movie_id": "40925"
  },
  {
    "review": "영원히 치유되지 않을 상처..조용하지만 강력하게 보여주는구나",
    "date": "07.01.03",
    "rating": "8",
    "author": "mino****",
    "review_id": "1353874",
    "movie_id": "40925"
  },
  {
    "review": "프랑스 주차문화 답답허다...영화도 그렇고..",
    "date": "06.12.27",
    "rating": "1",
    "author": "kore****",
    "review_id": "1333162",
    "movie_id": "40925"
  },
  {
    "review": "평생의 가책이 무엇인지 보여준다. 아프냐, 나도 아프다.",
    "date": "06.12.15",
    "rating": "10",
    "author": "wtqf****",
    "review_id": "1294227",
    "movie_id": "40925"
  },
  {
    "review": "거의 완벽한 시나리오~!",
    "date": "06.11.17",
    "rating": "9",
    "author": "saha****",
    "review_id": "1236497",
    "movie_id": "40925"
  },
  {
    "review": "데이빗 린치가 보고 배웠으면 하는, 개운하고 통렬한 교육학",
    "date": "06.10.27",
    "rating": "10",
    "author": "jeta****",
    "review_id": "1200943",
    "movie_id": "40925"
  },
  {
    "review": "지루하기 짝이없는 개똥철학의 결정판...욕나오네..",
    "date": "06.10.03",
    "rating": "1",
    "author": "taka****",
    "review_id": "1158431",
    "movie_id": "40925"
  },
  {
    "review": "알제리 사건에 대해 별로 와 닿지도 않고 그저 지루할뿐..",
    "date": "06.09.27",
    "rating": "4",
    "author": "hye5****",
    "review_id": "1145405",
    "movie_id": "40925"
  },
  {
    "review": "관객 스스로 결론을 유추해 나가야하는 영화. 끝없는 결론",
    "date": "06.09.14",
    "rating": "9",
    "author": "tico****",
    "review_id": "1121232",
    "movie_id": "40925"
  },
  {
    "review": "감추고 싶은 기억들.. 누구나 인정하기싫은 비밀이 있다",
    "date": "06.09.01",
    "rating": "10",
    "author": "nong****",
    "review_id": "1094379",
    "movie_id": "40925"
  },
  {
    "review": "왜상받았지? 진짜지루하고 끝까지보면 욕나옴(보면 암)",
    "date": "06.08.27",
    "rating": "1",
    "author": "nihi****",
    "review_id": "1083957",
    "movie_id": "40925"
  },
  {
    "review": "정녕 체험? 진짜배기 해석에 의한 내적논리의 힘.",
    "date": "06.07.10",
    "rating": "7",
    "author": "m60d****",
    "review_id": "882680",
    "movie_id": "40925"
  },
  {
    "review": "조용하고느리지만메세지는날카롭고강렬하다.카메라연출이 굿!",
    "date": "06.07.04",
    "rating": "9",
    "author": "sumi****",
    "review_id": "870880",
    "movie_id": "40925"
  },
  {
    "review": "쓰레기 같은 영화 어거지다",
    "date": "06.06.30",
    "rating": "1",
    "author": "haew****",
    "review_id": "863828",
    "movie_id": "40925"
  },
  {
    "review": "잔잔하게 파고든다. 신랄하게 비판한다.",
    "date": "06.06.01",
    "rating": "10",
    "author": "kink****",
    "review_id": "826572",
    "movie_id": "40925"
  },
  {
    "review": "이정도면,,,,적당",
    "date": "06.05.30",
    "rating": "9",
    "author": "seoj****",
    "review_id": "823398",
    "movie_id": "40925"
  },
  {
    "review": "매우 언짢은 영화 한편...",
    "date": "06.05.28",
    "rating": "7",
    "author": "spee****",
    "review_id": "819427",
    "movie_id": "40925"
  },
  {
    "review": "인간 내면에 관한 진지함은 좋았으나 지나치게 건조하다.",
    "date": "06.05.25",
    "rating": "7",
    "author": "catl****",
    "review_id": "815547",
    "movie_id": "40925"
  },
  {
    "review": "무엇인가 말하고싶은것 같지만 이해를 못하겠다-_-;;",
    "date": "06.05.25",
    "rating": "6",
    "author": "savi****",
    "review_id": "815490",
    "movie_id": "40925"
  },
  {
    "review": "니들도 별반 다를꺼 없잔아??(하네케)..역시 영악하고 잔인하다",
    "date": "06.05.20",
    "rating": "9",
    "author": "scol****",
    "review_id": "808424",
    "movie_id": "40925"
  },
  {
    "review": "전 이해가 안됩니다. ㅡ.ㅡ 너무 지루하고... 어렵습니다.",
    "date": "06.05.14",
    "rating": "4",
    "author": "asd7****",
    "review_id": "800381",
    "movie_id": "40925"
  },
  {
    "review": "최고의영화~연출력에 감탄할따름~",
    "date": "06.05.11",
    "rating": "10",
    "author": "rose****",
    "review_id": "795240",
    "movie_id": "40925"
  },
  {
    "review": "감독이 말하는 의도와 180도 틀어졌다. 잘못만들었다.",
    "date": "06.05.01",
    "rating": "1",
    "author": "wert****",
    "review_id": "781750",
    "movie_id": "40925"
  },
  {
    "review": "보는 내내 이리도 마음이 동한 영화는 실로 간만이었다~",
    "date": "06.04.15",
    "rating": "10",
    "author": "onii****",
    "review_id": "762516",
    "movie_id": "40925"
  },
  {
    "review": "흥미로운 시도와 주제를 놓치지 않는 전달력, 영화가 갖는 힘",
    "date": "06.04.14",
    "rating": "8",
    "author": "donj****",
    "review_id": "761027",
    "movie_id": "40925"
  },
  {
    "review": "대단한 영화...감추고 싶은 우리 자신의 죄의식을 들춰낸다.",
    "date": "06.04.11",
    "rating": "10",
    "author": "idam****",
    "review_id": "758008",
    "movie_id": "40925"
  },
  {
    "review": "정말 쥐뿔이닷 도데채 머냐? 긴장을 줄려고 했지만 쩝",
    "date": "06.04.11",
    "rating": "1",
    "author": "xtx1****",
    "review_id": "757312",
    "movie_id": "40925"
  },
  {
    "review": "의문으로 가득찬 결말이 더 이색적이다",
    "date": "06.04.09",
    "rating": "9",
    "author": "obvi****",
    "review_id": "756018",
    "movie_id": "40925"
  },
  {
    "review": "영화 러닝타임내내 긴장감 있고 재밌게 봤는데...",
    "date": "06.04.08",
    "rating": "10",
    "author": "fukk****",
    "review_id": "752663",
    "movie_id": "40925"
  },
  {
    "review": "후반부에서 다 깎아먹는 영화",
    "date": "06.04.05",
    "rating": "5",
    "author": "limm****",
    "review_id": "749351",
    "movie_id": "40925"
  },
  {
    "review": "그 어느 공포영화보다 섬뜩했던 영화...",
    "date": "06.04.05",
    "rating": "9",
    "author": "yyle****",
    "review_id": "749093",
    "movie_id": "40925"
  },
  {
    "review": "끝이.................뭐야!",
    "date": "06.04.04",
    "rating": "5",
    "author": "sjkn****",
    "review_id": "748270",
    "movie_id": "40925"
  },
  {
    "review": "리뷰를 보고서야 이영화를 알게되었다...여지껏 영화 헛봤군..",
    "date": "06.04.03",
    "rating": "10",
    "author": "kith****",
    "review_id": "747240",
    "movie_id": "40925"
  },
  {
    "review": "영화끝까지 ...이해가 안된다",
    "date": "06.04.03",
    "rating": "1",
    "author": "jdh8****",
    "review_id": "746520",
    "movie_id": "40925"
  },
  {
    "review": "목따는 장면 압권",
    "date": "06.04.01",
    "rating": "8",
    "author": "rukk****",
    "review_id": "744692",
    "movie_id": "40925"
  },
  {
    "review": "역시 미카엘 하네케!!",
    "date": "06.04.01",
    "rating": "8",
    "author": "band****",
    "review_id": "744305",
    "movie_id": "40925"
  },
  {
    "review": "그래서 범인이 그 아저씨랑 아들 맞는거야?- - 결론은 또 뭔데~",
    "date": "06.03.31",
    "rating": "6",
    "author": "ilov****",
    "review_id": "742758",
    "movie_id": "40925"
  },
  {
    "review": "최근 3년간 본 영화중 최고!",
    "date": "06.03.30",
    "rating": "10",
    "author": "yoju****",
    "review_id": "741657",
    "movie_id": "40925"
  },
  {
    "review": "하네케가 바라보는 유럽 제국주의의 잔재.",
    "date": "06.03.29",
    "rating": "10",
    "author": "rem4****",
    "review_id": "740445",
    "movie_id": "40925"
  },
  {
    "review": "너무 안이하군. 특히 후반부는 날로 먹는구만.",
    "date": "06.03.28",
    "rating": "4",
    "author": "kayh****",
    "review_id": "738439",
    "movie_id": "40925"
  },
  {
    "review": "아따! 왜 이리도 지루하오~!!나에겐 허무함이로세~!",
    "date": "06.03.25",
    "rating": "2",
    "author": "crac****",
    "review_id": "734251",
    "movie_id": "40925"
  },
  {
    "review": "감독의 의도는 알겠으나 풀어놓은 모습이 대중에게는 힘겨울듯",
    "date": "06.03.25",
    "rating": "7",
    "author": "seo2****",
    "review_id": "734130",
    "movie_id": "40925"
  },
  {
    "review": "원초적 리얼리즘을 잘표현해냈다. 단지 그것만..",
    "date": "06.03.24",
    "rating": "2",
    "author": "mini****",
    "review_id": "731006",
    "movie_id": "40925"
  },
  {
    "review": "앙코르",
    "date": "06.03.23",
    "rating": "10",
    "author": "lanb****",
    "review_id": "729328",
    "movie_id": "40925"
  },
  {
    "review": "한국관객들의 수준이 낮은 이유는 개티즌들 때문;;",
    "date": "06.03.20",
    "rating": "10",
    "author": "leeh****",
    "review_id": "725945",
    "movie_id": "40925"
  },
  {
    "review": "내용이 뭐야!~ 어이없네..",
    "date": "06.03.19",
    "rating": "1",
    "author": "kore****",
    "review_id": "723744",
    "movie_id": "40925"
  },
  {
    "review": "마지막에어떻게되는건지모르겠음마지막이영화앞부분에비해허무함",
    "date": "06.03.18",
    "rating": "3",
    "author": "qkri****",
    "review_id": "720862",
    "movie_id": "40925"
  }
]